case,domain,fipsCode,value95,value96,jump,baseline_jump,additional_jump
G0,P1_source,18009,0.007955892288676995,0.00772426263218074,-0.00023162965649625462,-0.00023162965649625462,0.0
G0,P1_source,18013,1.1120165204490862e-05,0.001673332436689307,0.0016622122714848161,0.0016622122714848161,0.0
G0,P1_source,18023,0.0,4.8550837533696037e-05,4.8550837533696037e-05,4.8550837533696037e-05,0.0
G0,P1_source,18025,0.0,0.0010088726745390414,0.0010088726745390414,0.0010088726745390414,0.0
G0,P1_source,18027,6.719770847545369e-05,0.00023037639672577858,0.00016317868825032488,0.00016317868825032488,0.0
G0,P1_source,18029,7.102956271035031e-05,8.132531280604722e-05,1.0295750095696909e-05,1.0295750095696909e-05,0.0
G0,P1_source,18033,0.000306970273227395,0.0007560036955554378,0.00044903342232804276,0.00044903342232804276,0.0
G0,P1_source,18035,0.0030652341843812425,0.002668346197055506,-0.00039688798732573664,-0.00039688798732573664,0.0
G0,P1_source,18037,0.0,0.0,0.0,0.0,0.0
G0,P1_source,18039,0.001834275403138454,0.00189947964251176,6.520423937330603e-05,6.520423937330603e-05,0.0
G0,P1_source,18041,0.00047310766003227066,0.00047754436940472317,4.436709372452512e-06,4.436709372452512e-06,0.0
G0,P1_source,18043,0.0,0.0,0.0,0.0,0.0
G0,P1_source,18045,0.0004781511519387836,0.0,-0.0004781511519387836,-0.0004781511519387836,0.0
G0,P1_source,18047,0.0,0.0,0.0,0.0,0.0
G0,P1_source,18051,0.0,0.0006435474934839802,0.0006435474934839802,0.0006435474934839802,0.0
G0,P1_source,18059,3.9066426350945944e-05,3.8821558421445606e-05,-2.448679295003373e-07,-2.448679295003373e-07,0.0
G0,P1_source,18061,0.0003220048806823681,0.0,-0.0003220048806823681,-0.0003220048806823681,0.0
G0,P1_source,18065,0.0,8.821051390109221e-05,8.821051390109221e-05,8.821051390109221e-05,0.0
G0,P1_source,18067,6.177054944349966e-05,8.385101803675611e-05,2.2080468593256447e-05,2.2080468593256447e-05,0.0
G0,P1_source,18069,0.0005193732069481308,0.0005306733858023729,1.1300178854242076e-05,1.1300178854242076e-05,0.0
G0,P1_source,18071,0.0003446317330576317,0.0003098595505294256,-3.477218252820612e-05,-3.477218252820612e-05,0.0
G0,P1_source,18073,0.0004282313111985473,0.0007395937724562014,0.0003113624612576541,0.0003113624612576541,0.0
G0,P1_source,18077,0.0,0.0,0.0,0.0,0.0
G0,P1_source,18083,0.00021159767290382028,0.00025470500930102895,4.3107336397208665e-05,4.3107336397208665e-05,0.0
G0,P1_source,18085,0.0020430922455898773,0.0021182857916020657,7.519354601218846e-05,7.519354601218846e-05,0.0
G0,P1_source,18087,0.009811890621997285,0.00921014410831746,-0.0006017465136798263,-0.0006017465136798263,0.0
G0,P1_source,18089,0.00261223970046593,0.0025672768121634214,-4.496288830250876e-05,-4.496288830250876e-05,0.0
G0,P1_source,18091,0.0009137683269657135,0.00042142210590211284,-0.0004923462210636006,-0.0004923462210636006,0.0
G0,P1_source,18093,6.328049594313163e-05,8.815936282904604e-05,2.4878866885914413e-05,2.4878866885914413e-05,0.0
G0,P1_source,18095,0.00028118989993074515,0.00029626191398580184,1.5072014055056687e-05,1.5072014055056687e-05,0.0
G0,P1_source,18097,0.00010850810589662668,0.00010170168884802331,-6.806417048603377e-06,-6.806417048603377e-06,0.0
G0,P1_source,18099,0.0007073110931384697,0.000809919999975299,0.00010260890683682939,0.00010260890683682939,0.0
G0,P1_source,18101,0.0010652086242471503,0.0028183372004224605,0.0017531285761753102,0.0017531285761753102,0.0
G0,P1_source,18103,0.00025060240149120286,0.00024360301779207126,-6.999383699131596e-06,-6.999383699131596e-06,0.0
G0,P1_source,18105,0.0,0.0,0.0,0.0,0.0
G0,P1_source,18107,3.008219186251693e-05,0.00027596418412792587,0.00024588199226540893,0.00024588199226540893,0.0
G0,P1_source,18109,1.5794183946618908e-05,6.183730320486327e-07,-1.5175810914570274e-05,-1.5175810914570274e-05,0.0
G0,P1_source,18111,0.002207402860415914,0.001969016776198277,-0.00023838608421763692,-0.00023838608421763692,0.0
G0,P1_source,18113,0.0002905327118418595,0.0008873675346504203,0.0005968348228085607,0.0005968348228085607,0.0
G0,P1_source,18117,6.6062419582553e-05,4.778491291494622e-05,-1.8277506667606784e-05,-1.8277506667606784e-05,0.0
G0,P1_source,18121,0.003530258197678354,0.0033167726804690717,-0.00021348551720928215,-0.00021348551720928215,0.0
G0,P1_source,18123,0.0,0.0,0.0,0.0,0.0
G0,P1_source,18125,0.0,0.0,0.0,0.0,0.0
G0,P1_source,18127,0.0036864989144189766,0.003384627657490224,-0.0003018712569287526,-0.0003018712569287526,0.0
G0,P1_source,18129,0.000590678166371203,0.00024243023699277154,-0.0003482479293784315,-0.0003482479293784315,0.0
G0,P1_source,18131,0.00040887610111717845,0.00032596551277507376,-8.29105883421047e-05,-8.29105883421047e-05,0.0
G0,P1_source,18133,0.0,0.0,0.0,0.0,0.0
G0,P1_source,18135,0.005192302851889227,0.005051039450210078,-0.00014126340167914912,-0.00014126340167914912,0.0
G0,P1_source,18137,9.291400100370202e-05,0.0,-9.291400100370202e-05,-9.291400100370202e-05,0.0
G0,P1_source,18139,6.2966817794967e-05,1.0390874163498263e-05,-5.2575943631468744e-05,-5.2575943631468744e-05,0.0
G0,P1_source,18141,0.003580139371220002,0.0040055798400498,0.0004254404688297979,0.0004254404688297979,0.0
G0,P1_source,18143,0.0,0.0,0.0,0.0,0.0
G0,P1_source,18145,9.883667745422752e-05,8.886331650907374e-05,-9.973360945153778e-06,-9.973360945153778e-06,0.0
G0,P1_source,18147,0.00031189253611272504,0.000619576716035117,0.00030768417992239194,0.00030768417992239194,0.0
G0,P1_source,18149,0.0005008830980508392,0.0005970229143662709,9.613981631543167e-05,9.613981631543167e-05,0.0
G0,P1_source,18151,0.0018458482692942275,0.002998063166656001,0.0011522148973617736,0.0011522148973617736,0.0
G0,P1_source,18153,0.0,0.001082534456750972,0.001082534456750972,0.001082534456750972,0.0
G0,P1_source,18155,0.0,0.0,0.0,0.0,0.0
G0,P1_source,18157,2.496511915785953e-05,0.0006726014455817991,0.0006476363264239396,0.0006476363264239396,0.0
G0,P1_source,18159,2.817739046509924e-05,2.55684763106772e-05,-2.608914154422041e-06,-2.608914154422041e-06,0.0
G0,P1_source,18161,9.244488243766165e-06,9.643571606987257e-06,3.990833632210917e-07,3.990833632210917e-07,0.0
G0,P1_source,18163,0.0012953832792841169,0.0005552370874410841,-0.0007401461918430328,-0.0007401461918430328,0.0
G0,P1_source,18165,0.0006427328034122342,0.0005442427760945309,-9.849002731770334e-05,-9.849002731770334e-05,0.0
G0,P1_source,18167,2.3985410330717187e-05,0.00018217541746421318,0.000158190007133496,0.000158190007133496,0.0
G0,P1_source,18169,7.710626060568305e-05,9.835320370110741e-05,2.1246943095424366e-05,2.1246943095424366e-05,0.0
G0,P1_source,18171,0.0004994440064921936,0.0,-0.0004994440064921936,-0.0004994440064921936,0.0
G0,P1_source,18173,0.001022597633837084,3.03896738971828e-05,-0.0009922079599399012,-0.0009922079599399012,0.0
G0,P1_source,18175,4.580252152205833e-05,0.0,-4.580252152205833e-05,-4.580252152205833e-05,0.0
G0,P1_source,18177,4.862593802053247e-05,6.296759806030839e-06,-4.232917821450163e-05,-4.232917821450163e-05,0.0
G0,P1_source,18179,0.0014997085638976998,0.0014955167358038576,-4.191828093842156e-06,-4.191828093842156e-06,0.0
G0,P1_source,18181,0.0005936864760021186,0.003879147473216708,0.003285460997214589,0.003285460997214589,0.0
G0,P1_source,18183,2.028830305194585e-05,2.12495225929907e-05,9.61219541044852e-07,9.61219541044852e-07,0.0
G0,P1_source,39017,5.823278373974982e-06,5.618253652795774e-06,-2.050247211792084e-07,-2.050247211792084e-07,0.0
G0,P1_source,39023,0.016770633021786774,0.01654647388090413,-0.0002241591408826439,-0.0002241591408826439,0.0
G0,P1_source,39025,4.906043543950323e-07,4.180397605871893e-07,-7.256459380784295e-08,-7.256459380784295e-08,0.0
G0,P1_source,39027,7.673789876057275e-05,0.00014050072102752377,6.376282226695101e-05,6.376282226695101e-05,0.0
G0,P1_source,39029,0.03681041985372492,0.03227802304806127,-0.004532396805663648,-0.004532396805663648,0.0
G0,P1_source,39031,0.12254399270898868,0.1189220427359887,-0.0036219499729999716,-0.0036219499729999716,0.0
G0,P1_source,39033,0.015244441144774346,0.015506579006598523,0.0002621378618241771,0.0002621378618241771,0.0
G0,P1_source,39035,0.020612944887477197,0.02148591810146926,0.0008729732139920628,0.0008729732139920628,0.0
G0,P1_source,39037,0.0014535624163995744,0.0012602773522742933,-0.0001932850641252811,-0.0001932850641252811,0.0
G0,P1_source,39039,0.00437164135535557,0.004179892250320573,-0.0001917491050349978,-0.0001917491050349978,0.0
G0,P1_source,39045,0.008494403700671838,0.008794652539522302,0.00030024883885046427,0.00030024883885046427,0.0
G0,P1_source,39049,0.016941690062495424,0.017138836728650866,0.00019714666615544205,0.00019714666615544205,0.0
G0,P1_source,39051,0.008688909503638863,0.00874119196549927,5.228246186040654e-05,5.228246186040654e-05,0.0
G0,P1_source,39053,1.2295085962122413e-05,3.2940563246584904e-05,2.064547728446249e-05,2.064547728446249e-05,0.0
G0,P1_source,39055,0.04974192974794932,0.05551246872179842,0.005770538973849104,0.005770538973849104,0.0
G0,P1_source,39059,0.15764475111599932,0.15672081498326965,-0.0009239361327296747,-0.0009239361327296747,0.0
G0,P1_source,39061,0.00010814285839090104,0.000616368600756078,0.0005082257423651769,0.0005082257423651769,0.0
G0,P1_source,39063,0.0022869480521059086,0.002382456431545758,9.550837943984956e-05,9.550837943984956e-05,0.0
G0,P1_source,39065,0.002736819842704241,0.002553979518351978,-0.00018284032435226302,-0.00018284032435226302,0.0
G0,P1_source,39069,0.005709961589145198,0.004587602503045434,-0.0011223590860997643,-0.0011223590860997643,0.0
G0,P1_source,39073,0.007002982305606399,0.005897728755219401,-0.0011052535503869977,-0.0011052535503869977,0.0
G0,P1_source,39075,0.13083744084126842,0.1255081294398734,-0.005329311401395004,-0.005329311401395004,0.0
G0,P1_source,39077,0.01613458226386878,0.016676827099331597,0.0005422448354628177,0.0005422448354628177,0.0
G0,P1_source,39081,0.06753791441580582,0.06889650714500647,0.00135859272920065,0.00135859272920065,0.0
G0,P1_source,39085,0.008641068203163835,0.007599936581981325,-0.0010411316211825098,-0.0010411316211825098,0.0
G0,P1_source,39087,2.6592258047216877e-05,2.9885411772241046e-05,3.293153725024169e-06,3.293153725024169e-06,0.0
G0,P1_source,39089,0.1015365426853955,0.09900435321616881,-0.0025321894692266894,-0.0025321894692266894,0.0
G0,P1_source,39091,0.026867053002262963,0.02732652402208857,0.0004594710198256059,0.0004594710198256059,0.0
G0,P1_source,39093,0.009731412364738606,0.00809340163167,-0.0016380107330686063,-0.0016380107330686063,0.0
G0,P1_source,39095,0.005387182573203821,0.00497029737462757,-0.00041688519857625145,-0.00041688519857625145,0.0
G0,P1_source,39097,0.011271959473387048,0.011269038710599241,-2.9207627878068826e-06,-2.9207627878068826e-06,0.0
G0,P1_source,39099,0.0016091034533544336,0.001823423575542541,0.00021432012218810734,0.00021432012218810734,0.0
G0,P1_source,39101,0.02305308319722879,0.02288354127729972,-0.00016954191992906917,-0.00016954191992906917,0.0
G0,P1_source,39103,0.013934651238339594,0.014262077778835931,0.0003274265404963374,0.0003274265404963374,0.0
G0,P1_source,39105,1.8475369738216503e-05,2.152162089743916e-05,3.0462511592226557e-06,3.0462511592226557e-06,0.0
G0,P1_source,39107,0.021771573459065788,0.020405447043194063,-0.0013661264158717247,-0.0013661264158717247,0.0
G0,P1_source,39109,0.004567474594643506,0.00442004304524041,-0.00014743154940309589,-0.00014743154940309589,0.0
G0,P1_source,39111,0.016970187095120257,0.01569584409358301,-0.0012743430015372467,-0.0012743430015372467,0.0
G0,P1_source,39113,0.0012231317137269472,0.0014211007985994546,0.00019796908487250734,0.00019796908487250734,0.0
G0,P1_source,39115,0.00852727695413017,0.008462412188162098,-6.48647659680715e-05,-6.48647659680715e-05,0.0
G0,P1_source,39117,0.27395509455857797,0.2602337726835352,-0.013721321875042769,-0.013721321875042769,0.0
G0,P1_source,39119,0.1187753533276293,0.11765137222361158,-0.0011239811040177211,-0.0011239811040177211,0.0
G0,P1_source,39121,0.015587124230645491,0.016229022084993706,0.0006418978543482144,0.0006418978543482144,0.0
G0,P1_source,39123,0.0027688460183186536,0.0026034605387810486,-0.00016538547953760504,-0.00016538547953760504,0.0
G0,P1_source,39125,0.012267944787105045,0.012329053305875805,6.110851877075968e-05,6.110851877075968e-05,0.0
G0,P1_source,39127,0.06771111040601803,0.06487555459324518,-0.0028355558127728525,-0.0028355558127728525,0.0
G0,P1_source,39129,0.0005193759765556177,0.0005281683577178824,8.792381162264708e-06,8.792381162264708e-06,0.0
G0,P1_source,39131,0.00047076437255122536,0.0004525569304912801,-1.8207442059945246e-05,-1.8207442059945246e-05,0.0
G0,P1_source,39133,0.01564024469941087,0.019561066721600087,0.003920822022189217,0.003920822022189217,0.0
G0,P1_source,39135,0.0010723792834437698,0.0012377339805917217,0.00016535469714795193,0.00016535469714795193,0.0
G0,P1_source,39137,0.00882221157682312,0.007501272796651412,-0.0013209387801717083,-0.0013209387801717083,0.0
G0,P1_source,39139,0.050826845249455674,0.04917841315788023,-0.001648432091575447,-0.001648432091575447,0.0
G0,P1_source,39141,0.0004851204180740432,0.00045030047172956084,-3.481994634448233e-05,-3.481994634448233e-05,0.0
G0,P1_source,39143,0.003984448869335347,0.00508444790667154,0.001099999037336193,0.001099999037336193,0.0
G0,P1_source,39145,2.4926235432059066e-05,1.4905964688662122e-05,-1.0020270743396944e-05,-1.0020270743396944e-05,0.0
G0,P1_source,39147,0.005439604637530281,0.004977803206299769,-0.00046180143123051177,-0.00046180143123051177,0.0
G0,P1_source,39149,0.02481612440154397,0.023573632067087853,-0.0012424923344561169,-0.0012424923344561169,0.0
G0,P1_source,39151,0.018655868045799585,0.018462234287805836,-0.0001936337579937497,-0.0001936337579937497,0.0
G0,P1_source,39153,0.012337990863754002,0.013777878985745376,0.0014398881219913739,0.0014398881219913739,0.0
G0,P1_source,39155,0.0059825109522117165,0.005424073528665887,-0.0005584374235458297,-0.0005584374235458297,0.0
G0,P1_source,39157,0.09238875156417649,0.09176675616958313,-0.0006219953945933582,-0.0006219953945933582,0.0
G0,P1_source,39159,0.009454386520833784,0.009304420235843939,-0.0001499662849898456,-0.0001499662849898456,0.0
G0,P1_source,39161,0.012508886002973106,0.010914675430933952,-0.0015942105720391543,-0.0015942105720391543,0.0
G0,P1_source,39163,0.0003650118277299312,0.00044840712539256434,8.339529766263315e-05,8.339529766263315e-05,0.0
G0,P1_source,39165,0.00012366109007636556,0.00010586421970090003,-1.7796870375465538e-05,-1.7796870375465538e-05,0.0
G0,P1_source,39167,0.0011051476774666114,0.0010538417903706995,-5.130588709591189e-05,-5.130588709591189e-05,0.0
G0,P1_source,39169,0.02710854091057099,0.02645146976139314,-0.0006570711491778493,-0.0006570711491778493,0.0
G0,P1_source,39171,0.011055264834304353,0.011055025186648762,-2.3964765559145174e-07,-2.3964765559145174e-07,0.0
G0,P1_source,39173,0.01235048128252412,0.013047123105582712,0.0006966418230585913,0.0006966418230585913,0.0
G0,P1_source,39175,0.004385358864385978,0.004164954907131705,-0.00022040395725427334,-0.00022040395725427334,0.0
G0,P1_source,42005,0.03652774311987785,0.035001625369651235,-0.0015261177502266174,-0.0015261177502266174,0.0
G0,P1_source,42007,0.033852302286117915,0.031167987223322303,-0.002684315062795612,-0.002684315062795612,0.0
G0,P1_source,42009,0.015647428052091874,0.015229709348072926,-0.00041771870401894826,-0.00041771870401894826,0.0
G0,P1_source,42013,0.0033730077565888856,0.003042489714175295,-0.00033051804241359057,-0.00033051804241359057,0.0
G0,P1_source,42015,0.0006603970174749309,0.0008178306284369294,0.00015743361096199856,0.00015743361096199856,0.0
G0,P1_source,42019,0.038668652075963046,0.03943975723548441,0.0007711051595213625,0.0007711051595213625,0.0
G0,P1_source,42021,0.022556649660966994,0.021340382520991633,-0.0012162671399753612,-0.0012162671399753612,0.0
G0,P1_source,42023,0.0074496933752690245,0.007525068224377075,7.537484910805081e-05,7.537484910805081e-05,0.0
G0,P1_source,42025,0.0004680724599899649,0.0005325594802854344,6.448702029546952e-05,6.448702029546952e-05,0.0
G0,P1_source,42027,0.0010638674433962592,0.00104122509389581,-2.2642349500449216e-05,-2.2642349500449216e-05,0.0
G0,P1_source,42029,0.000428123074146112,0.00047065087446850605,4.252780032239407e-05,4.252780032239407e-05,0.0
G0,P1_source,42031,0.010829788405377998,0.011538017598674264,0.0007082291932962656,0.0007082291932962656,0.0
G0,P1_source,42033,0.018682016104188712,0.016762213653618158,-0.0019198024505705548,-0.0019198024505705548,0.0
G0,P1_source,42035,0.0011624593516660444,0.0012445174310063247,8.205807934028031e-05,8.205807934028031e-05,0.0
G0,P1_source,42039,0.007346285658550874,0.007456367562856788,0.0001100819043059146,0.0001100819043059146,0.0
G0,P1_source,42041,0.0006917098964189528,0.0007795562875043899,8.784639108543708e-05,8.784639108543708e-05,0.0
G0,P1_source,42043,0.0005300162766162252,0.0007831220260507975,0.00025310574943457234,0.00025310574943457234,0.0
G0,P1_source,42045,2.808949038167181e-05,2.7453307953560516e-05,-6.361824281112952e-07,-6.361824281112952e-07,0.0
G0,P1_source,42047,0.0022748872448980872,0.0017773807538608185,-0.0004975064910372688,-0.0004975064910372688,0.0
G0,P1_source,42049,0.0036820110722365156,0.0021793407808631407,-0.0015026702913733749,-0.0015026702913733749,0.0
G0,P1_source,42051,0.007886671883523258,0.006678374899087048,-0.0012082969844362098,-0.0012082969844362098,0.0
G0,P1_source,42053,0.038090272434227856,0.045974808253913056,0.0078845358196852,0.0078845358196852,0.0
G0,P1_source,42055,0.0006154261624145499,0.0006007395455015574,-1.4686616912992453e-05,-1.4686616912992453e-05,0.0
G0,P1_source,42057,0.0005022188904815049,0.0002817144954000856,-0.00022050439508141924,-0.00022050439508141924,0.0
G0,P1_source,42059,0.0072032373363646535,0.006790656428052388,-0.00041258090831226574,-0.00041258090831226574,0.0
G0,P1_source,42061,0.00020011293523061874,2.8423797244867612e-05,-0.00017168913798575112,-0.00017168913798575112,0.0
G0,P1_source,42063,0.025434026708419866,0.02023509018077506,-0.0051989365276448075,-0.0051989365276448075,0.0
G0,P1_source,42065,0.008085489153471612,0.00812330737253122,3.7818219059607486e-05,3.7818219059607486e-05,0.0
G0,P1_source,42067,5.445187683712813e-05,1.5480165075165916e-05,-3.897171176196221e-05,-3.897171176196221e-05,0.0
G0,P1_source,42069,0.00033931266148884686,0.00023259260679941863,-0.00010672005468942823,-0.00010672005468942823,0.0
G0,P1_source,42075,8.938172199951707e-05,7.365305010787642e-05,-1.5728671891640655e-05,-1.5728671891640655e-05,0.0
G0,P1_source,42077,0.000306657514375661,0.00029994311593539453,-6.714398440266461e-06,-6.714398440266461e-06,0.0
G0,P1_source,42079,0.0005847649635020095,0.0006297953977178269,4.503043421581743e-05,4.503043421581743e-05,0.0
G0,P1_source,42081,0.00017832904359120922,0.00023591579159055708,5.758674799934786e-05,5.758674799934786e-05,0.0
G0,P1_source,42083,0.0027264870775873034,0.005485011223716542,0.002758524146129239,0.002758524146129239,0.0
G0,P1_source,42085,0.010669553026363816,0.008409057526455986,-0.00226049549990783,-0.00226049549990783,0.0
G0,P1_source,42089,0.0007080426604308039,2.284942379129945e-05,-0.0006851932366395044,-0.0006851932366395044,0.0
G0,P1_source,42091,0.0009804934822187094,4.276679257670197e-05,-0.0009377266896420075,-0.0009377266896420075,0.0
G0,P1_source,42095,3.391246207262392e-05,0.0008694338986868329,0.000835521436614209,0.000835521436614209,0.0
G0,P1_source,42097,0.0001503664789688064,0.00019861655747871107,4.8250078509904667e-05,4.8250078509904667e-05,0.0
G0,P1_source,42101,2.091021643173774e-06,1.4947775090209366e-05,1.2856753447035592e-05,1.2856753447035592e-05,0.0
G0,P1_source,42103,0.00037425437527213463,0.0006485012270592029,0.0002742468517870683,0.0002742468517870683,0.0
G0,P1_source,42109,0.0005866841723407265,0.0007776123641690372,0.00019092819182831065,0.00019092819182831065,0.0
G0,P1_source,42113,0.005912747947819138,0.0057233648326947975,-0.00018938311512434018,-0.00018938311512434018,0.0
G0,P1_source,42115,0.00031559597807765674,0.00037591424174945827,6.031826367180153e-05,6.031826367180153e-05,0.0
G0,P1_source,42119,3.072831733158922e-05,2.5304395024995835e-05,-5.423922306593388e-06,-5.423922306593388e-06,0.0
G0,P1_source,42121,0.0059764019332495845,0.005874660850022799,-0.00010174108322678552,-0.00010174108322678552,0.0
G0,P1_source,42125,0.04529116882746202,0.03715007784600022,-0.008141090981461804,-0.008141090981461804,0.0
G0,P1_source,42127,0.00017174570144158093,0.00010529872519577041,-6.644697624581052e-05,-6.644697624581052e-05,0.0
G0,P1_source,42129,0.028263513678212143,0.02798637427517734,-0.0002771394030348026,-0.0002771394030348026,0.0
G0,P1_source,42131,0.00047140353182520737,0.0005806693370201337,0.00010926580519492635,0.00010926580519492635,0.0
G0,P1_source,42133,0.0003198186165392465,0.00038381977212178045,6.400115558253394e-05,6.400115558253394e-05,0.0
G0,P1_source,54007,0.00014722327100536668,0.0015908166376078605,0.0014435933666024938,0.0014435933666024938,0.0
G0,P1_source,54009,0.048299408214899975,0.0387070054575343,-0.009592402757365677,-0.009592402757365677,0.0
G0,P1_source,54013,0.0,0.0,0.0,0.0,0.0
G0,P1_source,54015,0.0,0.0,0.0,0.0,0.0
G0,P1_source,54019,0.000600347380729861,0.0007503727034904799,0.00015002532276061882,0.00015002532276061882,0.0
G0,P1_source,54023,6.029920071128303e-05,0.0004017617979055245,0.0003414625971942415,0.0003414625971942415,0.0
G0,P1_source,54025,0.0009026880184678459,0.0015609765923596318,0.0006582885738917859,0.0006582885738917859,0.0
G0,P1_source,54027,0.0008518085948901376,0.0008784038459371628,2.6595251047025208e-05,2.6595251047025208e-05,0.0
G0,P1_source,54029,0.08932153263588893,0.07721944377009397,-0.01210208886579496,-0.01210208886579496,0.0
G0,P1_source,54031,0.0011360396007422135,0.0010257798445425935,-0.00011025975619961999,-0.00011025975619961999,0.0
G0,P1_source,54033,0.001442778747168316,0.0014132128744106405,-2.9565872757675435e-05,-2.9565872757675435e-05,0.0
G0,P1_source,54035,0.0,0.0,0.0,0.0,0.0
G0,P1_source,54037,1.2592634181818118e-05,0.00018590300940035315,0.00017331037521853504,0.00017331037521853504,0.0
G0,P1_source,54039,2.2406918712161866e-05,0.00027364497241229324,0.00025123805370013135,0.00025123805370013135,0.0
G0,P1_source,54041,0.0008263777074538935,0.0003425961122903453,-0.00048378159516354824,-0.00048378159516354824,0.0
G0,P1_source,54043,0.0,0.0,0.0,0.0,0.0
G0,P1_source,54045,0.0,0.0,0.0,0.0,0.0
G0,P1_source,54047,0.00048302073690361974,0.0022850062806709253,0.0018019855437673056,0.0018019855437673056,0.0
G0,P1_source,54053,0.0,0.0,0.0,0.0,0.0
G0,P1_source,54055,0.0,0.0,0.0,0.0,0.0
G0,P1_source,54057,0.0003425634531701096,0.0002811614745758819,-6.140197859422772e-05,-6.140197859422772e-05,0.0
G0,P1_source,54059,0.006098496276505293,0.0057415527857055575,-0.00035694349079973525,-0.00035694349079973525,0.0
G0,P1_source,54063,0.0017129376361739686,0.0017684134510759235,5.547581490195487e-05,5.547581490195487e-05,0.0
G0,P1_source,54067,9.831495657932508e-05,7.255689417320931e-05,-2.5758062406115763e-05,-2.5758062406115763e-05,0.0
G0,P1_source,54069,0.03347521982752871,0.03308092427983191,-0.0003942955476968005,-0.0003942955476968005,0.0
G0,P1_source,54071,0.0017728289412988244,0.0022635059691219206,0.0004906770278230962,0.0004906770278230962,0.0
G0,P1_source,54073,0.0011837414624569261,0.0011649279151534036,-1.88135473035225e-05,-1.88135473035225e-05,0.0
G0,P1_source,54075,0.0006316188278975738,2.582055507542947e-05,-0.0006057982728221443,-0.0006057982728221443,0.0
G0,P1_source,54077,8.001095086894976e-05,0.0003654709124985685,0.00028545996162961877,0.00028545996162961877,0.0
G0,P1_source,54079,0.00010056278240397537,0.00011623783582375906,1.5675053419783694e-05,1.5675053419783694e-05,0.0
G0,P1_source,54081,0.0004099776431120497,7.70951513534796e-06,-0.0004022681279767017,-0.0004022681279767017,0.0
G0,P1_source,54083,0.006759852803444327,0.007180377242752408,0.0004205244393080815,0.0004205244393080815,0.0
G0,P1_source,54085,0.0017348341812744369,0.0016536365996132698,-8.119758166116701e-05,-8.119758166116701e-05,0.0
G0,P1_source,54087,0.0,0.0,0.0,0.0,0.0
G0,P1_source,54089,0.0,0.0001289035978255988,0.0001289035978255988,0.0001289035978255988,0.0
G0,P1_source,54091,0.0061226137759268695,0.004614519312065405,-0.0015080944638614646,-0.0015080944638614646,0.0
G0,P1_source,54093,0.001897553640389646,0.001821911967166133,-7.564167322351295e-05,-7.564167322351295e-05,0.0
G0,P1_source,54095,0.0002671182802442982,4.527304732696292e-05,-0.0002218452329173353,-0.0002218452329173353,0.0
G0,P1_source,54097,2.3194947582844468e-05,2.2879735326152255e-05,-3.1521225669221264e-07,-3.1521225669221264e-07,0.0
G0,P1_source,54099,0.007322659613034206,0.0065733640724022335,-0.0007492955406319729,-0.0007492955406319729,0.0
G0,P1_source,54101,6.681515874498993e-05,0.005329941060819701,0.005263125902074711,0.005263125902074711,0.0
G0,P1_source,54103,0.00614331627127588,0.006326242018086469,0.0001829257468105895,0.0001829257468105895,0.0
G0,P1_source,54105,0.00011537700662027157,0.0004926634677423525,0.00037728646112208095,0.00037728646112208095,0.0
G0,P1_source,54107,5.265939719954493e-05,0.0001577631672252977,0.00010510377002575278,0.00010510377002575278,0.0
G0,P1_source,54109,0.0,0.004777348595011694,0.004777348595011694,0.004777348595011694,0.0
G0,OSI1,18009,0.00858303184489814,0.007318407907113189,-0.0012646239377849516,-0.0012646239377849516,0.0
G0,OSI1,18013,0.0,0.0016501984212219237,0.0016501984212219237,0.0016501984212219237,0.0
G0,OSI1,18023,0.0,0.0,0.0,0.0,0.0
G0,OSI1,18025,0.0,0.0,0.0,0.0,0.0
G0,OSI1,18027,0.0,0.0,0.0,0.0,0.0
G0,OSI1,18029,0.0,0.0,0.0,0.0,0.0
G0,OSI1,18033,0.0,0.0,0.0,0.0,0.0
G0,OSI1,18035,0.0015500801094914956,0.001027292572981716,-0.0005227875365097796,-0.0005227875365097796,0.0
G0,OSI1,18037,0.0,0.0,0.0,0.0,0.0
G0,OSI1,18039,0.002168615484774573,0.001960217577314905,-0.0002083979074596681,-0.0002083979074596681,0.0
G0,OSI1,18041,0.0,0.0,0.0,0.0,0.0
G0,OSI1,18043,0.0,0.0,0.0,0.0,0.0
G0,OSI1,18045,0.0,0.0,0.0,0.0,0.0
G0,OSI1,18047,0.0,0.0,0.0,0.0,0.0
G0,OSI1,18051,0.0,0.0,0.0,0.0,0.0
G0,OSI1,18059,0.0,0.0,0.0,0.0,0.0
G0,OSI1,18061,0.0,0.0,0.0,0.0,0.0
G0,OSI1,18065,0.0,0.0,0.0,0.0,0.0
G0,OSI1,18067,0.0,0.0,0.0,0.0,0.0
G0,OSI1,18069,0.0,0.0,0.0,0.0,0.0
G0,OSI1,18071,0.0,0.0,0.0,0.0,0.0
G0,OSI1,18073,0.001011717136030472,0.0011287079651822168,0.00011699082915174485,0.00011699082915174485,0.0
G0,OSI1,18077,0.0,0.0,0.0,0.0,0.0
G0,OSI1,18083,0.0,0.0,0.0,0.0,0.0
G0,OSI1,18085,0.005445460351243324,0.004975323781632495,-0.00047013656961082933,-0.00047013656961082933,0.0
G0,OSI1,18087,0.005219183966129569,0.004172927533088261,-0.0010462564330413083,-0.0010462564330413083,0.0
G0,OSI1,18089,0.002049643973503242,0.0016578898645370865,-0.00039175410896615534,-0.00039175410896615534,0.0
G0,OSI1,18091,0.0,0.0,0.0,0.0,0.0
G0,OSI1,18093,0.0,0.0,0.0,0.0,0.0
G0,OSI1,18095,0.0,0.0,0.0,0.0,0.0
G0,OSI1,18097,0.0,0.0,0.0,0.0,0.0
G0,OSI1,18099,0.0011382895626981704,0.0012521431250997592,0.00011385356240158876,0.00011385356240158876,0.0
G0,OSI1,18101,0.0030098920144049227,0.0019304774806231289,-0.0010794145337817938,-0.0010794145337817938,0.0
G0,OSI1,18103,0.0,0.0,0.0,0.0,0.0
G0,OSI1,18105,0.0,0.0,0.0,0.0,0.0
G0,OSI1,18107,0.0,0.0,0.0,0.0,0.0
G0,OSI1,18109,0.0,0.0,0.0,0.0,0.0
G0,OSI1,18111,0.0036510759233395937,0.004430074762181618,0.0007789988388420244,0.0007789988388420244,0.0
G0,OSI1,18113,0.0,0.0,0.0,0.0,0.0
G0,OSI1,18117,0.0,0.0,0.0,0.0,0.0
G0,OSI1,18121,0.0028847789461423413,0.002842559631596246,-4.221931454609536e-05,-4.221931454609536e-05,0.0
G0,OSI1,18123,0.0,0.001097966339142457,0.001097966339142457,0.001097966339142457,0.0
G0,OSI1,18125,0.0,0.0,0.0,0.0,0.0
G0,OSI1,18127,0.003411550620655801,0.002956926841812493,-0.0004546237788433079,-0.0004546237788433079,0.0
G0,OSI1,18129,0.0,0.0,0.0,0.0,0.0
G0,OSI1,18131,0.0,0.0,0.0,0.0,0.0
G0,OSI1,18133,0.0,0.0,0.0,0.0,0.0
G0,OSI1,18135,0.004389388464569426,0.0038552156003347406,-0.000534172864234685,-0.000534172864234685,0.0
G0,OSI1,18137,0.0,0.0,0.0,0.0,0.0
G0,OSI1,18139,0.0,0.0,0.0,0.0,0.0
G0,OSI1,18141,0.002173215996610505,0.001869191733439856,-0.0003040242631706491,-0.0003040242631706491,0.0
G0,OSI1,18143,0.0,0.0,0.0,0.0,0.0
G0,OSI1,18145,0.0,0.0,0.0,0.0,0.0
G0,OSI1,18147,0.0,0.0,0.0,0.0,0.0
G0,OSI1,18149,0.0014356886466491362,0.004014276311512107,0.0025785876648629705,0.0025785876648629705,0.0
G0,OSI1,18151,0.0012223904033329415,0.001958840984025131,0.0007364505806921893,0.0007364505806921893,0.0
G0,OSI1,18153,0.0,0.0,0.0,0.0,0.0
G0,OSI1,18155,0.0,0.0,0.0,0.0,0.0
G0,OSI1,18157,0.0,0.0,0.0,0.0,0.0
G0,OSI1,18159,0.0,0.0,0.0,0.0,0.0
G0,OSI1,18161,0.0,0.0,0.0,0.0,0.0
G0,OSI1,18163,0.0,0.0,0.0,0.0,0.0
G0,OSI1,18165,0.0,0.0,0.0,0.0,0.0
G0,OSI1,18167,0.0,0.0,0.0,0.0,0.0
G0,OSI1,18169,0.0,0.0,0.0,0.0,0.0
G0,OSI1,18171,0.0,0.0,0.0,0.0,0.0
G0,OSI1,18173,0.0,0.0,0.0,0.0,0.0
G0,OSI1,18175,0.0,0.0,0.0,0.0,0.0
G0,OSI1,18177,0.0,0.0,0.0,0.0,0.0
G0,OSI1,18179,0.0,0.0,0.0,0.0,0.0
G0,OSI1,18181,0.0,0.0,0.0,0.0,0.0
G0,OSI1,18183,0.0,0.0,0.0,0.0,0.0
G0,OSI1,39017,0.0,0.0,0.0,0.0,0.0
G0,OSI1,39023,0.01254204715155422,0.012101485496375738,-0.0004405616551784817,-0.0004405616551784817,0.0
G0,OSI1,39025,0.0,0.0,0.0,0.0,0.0
G0,OSI1,39027,0.0,0.0,0.0,0.0,0.0
G0,OSI1,39029,0.03150501903275015,0.028460009345730213,-0.0030450096870199388,-0.0030450096870199388,0.0
G0,OSI1,39031,0.10335999040841909,0.10725569371826338,0.0038957033098442895,0.0038957033098442895,0.0
G0,OSI1,39033,0.009565508676140177,0.010111747815937646,0.0005462391397974692,0.0005462391397974692,0.0
G0,OSI1,39035,0.016152535878046295,0.013431517495238495,-0.0027210183828077997,-0.0027210183828077997,0.0
G0,OSI1,39037,0.0016213342869841546,0.0018896315492434876,0.000268297262259333,0.000268297262259333,0.0
G0,OSI1,39039,0.0031266843492950155,0.0032508990897551567,0.00012421474046014121,0.00012421474046014121,0.0
G0,OSI1,39045,0.00780867805384898,0.00767352578175259,-0.00013515227209639005,-0.00013515227209639005,0.0
G0,OSI1,39049,0.012897689733500013,0.011558704444015962,-0.0013389852894840504,-0.0013389852894840504,0.0
G0,OSI1,39051,0.0040807493359038376,0.00466261816874064,0.0005818688328368023,0.0005818688328368023,0.0
G0,OSI1,39053,0.0,0.0,0.0,0.0,0.0
G0,OSI1,39055,0.038845943162532294,0.03533987482244496,-0.0035060683400873344,-0.0035060683400873344,0.0
G0,OSI1,39059,0.10358607760478186,0.10202037600702402,-0.001565701597757846,-0.001565701597757846,0.0
G0,OSI1,39061,0.0,0.0,0.0,0.0,0.0
G0,OSI1,39063,0.0027640721452802356,0.0025934869614250644,-0.0001705851838551711,-0.0001705851838551711,0.0
G0,OSI1,39065,0.001870447332230089,0.0023776353923804228,0.0005071880601503337,0.0005071880601503337,0.0
G0,OSI1,39069,0.003639619181859595,0.0030693702336786434,-0.0005702489481809515,-0.0005702489481809515,0.0
G0,OSI1,39073,0.008221655520509664,0.008833501203665859,0.0006118456831561946,0.0006118456831561946,0.0
G0,OSI1,39075,0.11538426188309263,0.11092033495785364,-0.00446392692523899,-0.00446392692523899,0.0
G0,OSI1,39077,0.018062232333520004,0.01679516189858929,-0.001267070434930715,-0.001267070434930715,0.0
G0,OSI1,39081,0.04509315158039892,0.04221793765085762,-0.0028752139295412996,-0.0028752139295412996,0.0
G0,OSI1,39085,0.004088793204697358,0.003751200108958449,-0.00033759309573890917,-0.00033759309573890917,0.0
G0,OSI1,39087,0.0,0.0,0.0,0.0,0.0
G0,OSI1,39089,0.04698268976447479,0.04166552222882042,-0.005317167535654373,-0.005317167535654373,0.0
G0,OSI1,39091,0.021928012831743723,0.022584667625492418,0.0006566547937486948,0.0006566547937486948,0.0
G0,OSI1,39093,0.006529743738377149,0.005424052885507175,-0.0011056908528699737,-0.0011056908528699737,0.0
G0,OSI1,39095,0.0025164761240521645,0.0022759859815156777,-0.00024049014253648684,-0.00024049014253648684,0.0
G0,OSI1,39097,0.009279376667611458,0.008026042256639682,-0.0012533344109717758,-0.0012533344109717758,0.0
G0,OSI1,39099,0.0020942282926235773,0.003194599412684674,0.0011003711200610966,0.0011003711200610966,0.0
G0,OSI1,39101,0.011844258688961634,0.01096993534013078,-0.0008743233488308546,-0.0008743233488308546,0.0
G0,OSI1,39103,0.014093052800406574,0.012140112064164514,-0.0019529407362420606,-0.0019529407362420606,0.0
G0,OSI1,39105,0.0,0.0,0.0,0.0,0.0
G0,OSI1,39107,0.015667502597007728,0.017436362710356,0.0017688601133482723,0.0017688601133482723,0.0
G0,OSI1,39109,0.0027008005338066757,0.0025461450441824286,-0.00015465548962424703,-0.00015465548962424703,0.0
G0,OSI1,39111,0.01846433218758586,0.02050681420576043,0.002042482018174571,0.002042482018174571,0.0
G0,OSI1,39113,0.0015415955063336985,0.0013851087923677325,-0.00015648671396596594,-0.00015648671396596594,0.0
G0,OSI1,39115,0.005722064053804485,0.0071054129094925075,0.0013833488556880226,0.0013833488556880226,0.0
G0,OSI1,39117,0.16957122441551495,0.14247321856733244,-0.027098005848182505,-0.027098005848182505,0.0
G0,OSI1,39119,0.08685877111512119,0.08948439893112317,0.0026256278160019797,0.0026256278160019797,0.0
G0,OSI1,39121,0.015807938039022244,0.015041855857506949,-0.0007660821815152954,-0.0007660821815152954,0.0
G0,OSI1,39123,0.0014971472491179044,0.0015926941143191568,9.55468652012524e-05,9.55468652012524e-05,0.0
G0,OSI1,39125,0.025142729146320045,0.017101252031525897,-0.008041477114794148,-0.008041477114794148,0.0
G0,OSI1,39127,0.04476785724465911,0.03744486483749826,-0.007322992407160847,-0.007322992407160847,0.0
G0,OSI1,39129,0.0,0.0,0.0,0.0,0.0
G0,OSI1,39131,0.0,0.0,0.0,0.0,0.0
G0,OSI1,39133,0.012913351769531116,0.011585097619971868,-0.0013282541495592479,-0.0013282541495592479,0.0
G0,OSI1,39135,0.0,0.0,0.0,0.0,0.0
G0,OSI1,39137,0.016469499599334952,0.013032971876382393,-0.003436527722952559,-0.003436527722952559,0.0
G0,OSI1,39139,0.02928137089100579,0.027102488041041616,-0.0021788828499641755,-0.0021788828499641755,0.0
G0,OSI1,39141,0.0,0.0,0.0,0.0,0.0
G0,OSI1,39143,0.0036119910599987956,0.0036397870264220124,2.779596642321679e-05,2.779596642321679e-05,0.0
G0,OSI1,39145,0.0,0.0,0.0,0.0,0.0
G0,OSI1,39147,0.0029143921168353704,0.0026617641043276802,-0.00025262801250769016,-0.00025262801250769016,0.0
G0,OSI1,39149,0.015699677402350246,0.01956192049228089,0.003862243089930644,0.003862243089930644,0.0
G0,OSI1,39151,0.011853719994290676,0.010243365040393231,-0.001610354953897445,-0.001610354953897445,0.0
G0,OSI1,39153,0.009094485916047479,0.008407919863981898,-0.0006865660520655806,-0.0006865660520655806,0.0
G0,OSI1,39155,0.004122303467794013,0.004136850288252005,1.4546820457992174e-05,1.4546820457992174e-05,0.0
G0,OSI1,39157,0.06212191682975162,0.055465049086686105,-0.006656867743065516,-0.006656867743065516,0.0
G0,OSI1,39159,0.007711400417083111,0.010225681616166592,0.0025142811990834808,0.0025142811990834808,0.0
G0,OSI1,39161,0.008850577264121813,0.009469531106513399,0.0006189538423915855,0.0006189538423915855,0.0
G0,OSI1,39163,0.0017085879741502161,0.0011588425284721642,-0.0005497454456780519,-0.0005497454456780519,0.0
G0,OSI1,39165,0.0,0.0,0.0,0.0,0.0
G0,OSI1,39167,0.0,0.0,0.0,0.0,0.0
G0,OSI1,39169,0.015498482676906313,0.013287298795991442,-0.002211183880914871,-0.002211183880914871,0.0
G0,OSI1,39171,0.01002046267666743,0.009122187824414624,-0.0008982748522528058,-0.0008982748522528058,0.0
G0,OSI1,39173,0.012418267806918497,0.010938851185056433,-0.0014794166218620643,-0.0014794166218620643,0.0
G0,OSI1,39175,0.004517265649978981,0.005265839710122961,0.0007485740601439802,0.0007485740601439802,0.0
G0,OSI1,42005,0.02404154030256736,0.02174976870163841,-0.0022917716009289504,-0.0022917716009289504,0.0
G0,OSI1,42007,0.030391651714598105,0.028234171412150916,-0.0021574803024471886,-0.0021574803024471886,0.0
G0,OSI1,42009,0.014406087019233897,0.011274473862030567,-0.0031316131572033303,-0.0031316131572033303,0.0
G0,OSI1,42013,0.0023232037246846172,0.002448078499140031,0.00012487477445541394,0.00012487477445541394,0.0
G0,OSI1,42015,0.0011214958158077526,0.0,-0.0011214958158077526,-0.0011214958158077526,0.0
G0,OSI1,42019,0.027126291477022627,0.023853016951086443,-0.003273274525936183,-0.003273274525936183,0.0
G0,OSI1,42021,0.012320031892428083,0.010939604231374144,-0.001380427661053939,-0.001380427661053939,0.0
G0,OSI1,42023,0.0018810621858621885,0.0033627601413364462,0.0014816979554742578,0.0014816979554742578,0.0
G0,OSI1,42025,0.0,0.0,0.0,0.0,0.0
G0,OSI1,42027,0.001010981749591258,0.0,-0.001010981749591258,-0.001010981749591258,0.0
G0,OSI1,42029,0.0,0.0,0.0,0.0,0.0
G0,OSI1,42031,0.008996738334144634,0.009171036338860857,0.00017429800471622202,0.00017429800471622202,0.0
G0,OSI1,42033,0.014117393506911038,0.012054642399805074,-0.0020627511071059645,-0.0020627511071059645,0.0
G0,OSI1,42035,0.0,0.0013985863522461147,0.0013985863522461147,0.0013985863522461147,0.0
G0,OSI1,42039,0.00414674109186525,0.004591197649583204,0.0004444565577179545,0.0004444565577179545,0.0
G0,OSI1,42041,0.0,0.0,0.0,0.0,0.0
G0,OSI1,42043,0.0,0.0,0.0,0.0,0.0
G0,OSI1,42045,0.0,0.0,0.0,0.0,0.0
G0,OSI1,42047,0.0,0.0012655389631441377,0.0012655389631441377,0.0012655389631441377,0.0
G0,OSI1,42049,0.0029464143389705245,0.003782662130267395,0.0008362477912968705,0.0008362477912968705,0.0
G0,OSI1,42051,0.00555418219587072,0.005265492555002037,-0.0002886896408686836,-0.0002886896408686836,0.0
G0,OSI1,42053,0.020205859819549178,0.019215089561828432,-0.000990770257720746,-0.000990770257720746,0.0
G0,OSI1,42055,0.0,0.0,0.0,0.0,0.0
G0,OSI1,42057,0.0,0.0,0.0,0.0,0.0
G0,OSI1,42059,0.004469636571032203,0.004137458694569522,-0.0003321778764626814,-0.0003321778764626814,0.0
G0,OSI1,42061,0.0,0.0,0.0,0.0,0.0
G0,OSI1,42063,0.016188014429261818,0.014558240968286205,-0.0016297734609756129,-0.0016297734609756129,0.0
G0,OSI1,42065,0.0064916267866538665,0.006154114516652388,-0.0003375122700014785,-0.0003375122700014785,0.0
G0,OSI1,42067,0.0,0.0,0.0,0.0,0.0
G0,OSI1,42069,0.0,0.0,0.0,0.0,0.0
G0,OSI1,42075,0.0,0.0,0.0,0.0,0.0
G0,OSI1,42077,0.0,0.0,0.0,0.0,0.0
G0,OSI1,42079,0.0,0.0,0.0,0.0,0.0
G0,OSI1,42081,0.0,0.0,0.0,0.0,0.0
G0,OSI1,42083,0.0028114927464818204,0.003948875341394598,0.0011373825949127772,0.0011373825949127772,0.0
G0,OSI1,42085,0.0071560053036239255,0.006639610458127852,-0.0005163948454960732,-0.0005163948454960732,0.0
G0,OSI1,42089,0.0,0.0,0.0,0.0,0.0
G0,OSI1,42091,0.0,0.0,0.0,0.0,0.0
G0,OSI1,42095,0.0,0.0011134253276951832,0.0011134253276951832,0.0011134253276951832,0.0
G0,OSI1,42097,0.0,0.0,0.0,0.0,0.0
G0,OSI1,42101,0.0,0.0,0.0,0.0,0.0
G0,OSI1,42103,0.0,0.0,0.0,0.0,0.0
G0,OSI1,42109,0.0,0.0,0.0,0.0,0.0
G0,OSI1,42113,0.003245136773896477,0.002028587135941819,-0.0012165496379546578,-0.0012165496379546578,0.0
G0,OSI1,42115,0.0,0.0,0.0,0.0,0.0
G0,OSI1,42119,0.0,0.0,0.0,0.0,0.0
G0,OSI1,42121,0.005175148027524649,0.005068398876131745,-0.00010674915139290402,-0.00010674915139290402,0.0
G0,OSI1,42125,0.040323042596458074,0.03459038391469702,-0.005732658681761052,-0.005732658681761052,0.0
G0,OSI1,42127,0.0,0.0,0.0,0.0,0.0
G0,OSI1,42129,0.014678489912858509,0.012594619268039953,-0.002083870644818556,-0.002083870644818556,0.0
G0,OSI1,42131,0.0,0.0,0.0,0.0,0.0
G0,OSI1,42133,0.0,0.0,0.0,0.0,0.0
G0,OSI1,54007,0.0,0.0,0.0,0.0,0.0
G0,OSI1,54009,0.03771984229039425,0.03283204752788163,-0.004887794762512616,-0.004887794762512616,0.0
G0,OSI1,54013,0.0,0.0,0.0,0.0,0.0
G0,OSI1,54015,0.0,0.0,0.0,0.0,0.0
G0,OSI1,54019,0.0,0.0,0.0,0.0,0.0
G0,OSI1,54023,0.0,0.0,0.0,0.0,0.0
G0,OSI1,54025,0.0,0.0,0.0,0.0,0.0
G0,OSI1,54027,0.0012113750686851008,0.0012292259237167028,1.785085503160197e-05,1.785085503160197e-05,0.0
G0,OSI1,54029,0.04826107191504932,0.03933038323064321,-0.008930688684406107,-0.008930688684406107,0.0
G0,OSI1,54031,0.0,0.001021956906096006,0.001021956906096006,0.001021956906096006,0.0
G0,OSI1,54033,0.0010128374207971672,0.0,-0.0010128374207971672,-0.0010128374207971672,0.0
G0,OSI1,54035,0.0,0.0,0.0,0.0,0.0
G0,OSI1,54037,0.0,0.0,0.0,0.0,0.0
G0,OSI1,54039,0.0,0.0,0.0,0.0,0.0
G0,OSI1,54041,0.0,0.0,0.0,0.0,0.0
G0,OSI1,54043,0.0,0.0,0.0,0.0,0.0
G0,OSI1,54045,0.0,0.0,0.0,0.0,0.0
G0,OSI1,54047,0.0,0.0,0.0,0.0,0.0
G0,OSI1,54053,0.0,0.0,0.0,0.0,0.0
G0,OSI1,54055,0.0,0.0,0.0,0.0,0.0
G0,OSI1,54057,0.0,0.0,0.0,0.0,0.0
G0,OSI1,54059,0.004318567872874139,0.004357003422639252,3.843554976511263e-05,3.843554976511263e-05,0.0
G0,OSI1,54063,0.0,0.0,0.0,0.0,0.0
G0,OSI1,54067,0.0,0.0,0.0,0.0,0.0
G0,OSI1,54069,0.023061169999863032,0.022379639414948933,-0.0006815305849140994,-0.0006815305849140994,0.0
G0,OSI1,54071,0.0,0.0031170872960820666,0.0031170872960820666,0.0031170872960820666,0.0
G0,OSI1,54073,0.0011255737640153913,0.0010546867097584378,-7.088705425695348e-05,-7.088705425695348e-05,0.0
G0,OSI1,54075,0.0,0.00187495822822342,0.00187495822822342,0.00187495822822342,0.0
G0,OSI1,54077,0.0,0.0010274313547849899,0.0010274313547849899,0.0010274313547849899,0.0
G0,OSI1,54079,0.0,0.0,0.0,0.0,0.0
G0,OSI1,54081,0.0,0.0,0.0,0.0,0.0
G0,OSI1,54083,0.005660214701036256,0.004975891775383703,-0.0006843229256525531,-0.0006843229256525531,0.0
G0,OSI1,54085,0.0014048284488081472,0.0,-0.0014048284488081472,-0.0014048284488081472,0.0
G0,OSI1,54087,0.0,0.0011801592436741562,0.0011801592436741562,0.0011801592436741562,0.0
G0,OSI1,54089,0.0,0.0010411765622576799,0.0010411765622576799,0.0010411765622576799,0.0
G0,OSI1,54091,0.007441993668108903,0.006642534299266762,-0.0007994593688421415,-0.0007994593688421415,0.0
G0,OSI1,54093,0.002900412428294616,0.0025849413148619363,-0.0003154711134326798,-0.0003154711134326798,0.0
G0,OSI1,54095,0.0013110832118199056,0.001333151875476838,2.2068663656932448e-05,2.2068663656932448e-05,0.0
G0,OSI1,54097,0.0,0.0,0.0,0.0,0.0
G0,OSI1,54099,0.004782093822233052,0.004187555695663475,-0.0005945381265695772,-0.0005945381265695772,0.0
G0,OSI1,54101,0.0014625256716860736,0.0016874788140061917,0.0002249531423201181,0.0002249531423201181,0.0
G0,OSI1,54103,0.004806662955818178,0.0034760584874811602,-0.0013306044683370176,-0.0013306044683370176,0.0
G0,OSI1,54105,0.0,0.0,0.0,0.0,0.0
G0,OSI1,54107,0.0,0.0,0.0,0.0,0.0
G0,OSI1,54109,0.0,0.0,0.0,0.0,0.0
G0,OSI6,18009,0.00858303184489814,0.007318407907113189,-0.0012646239377849516,-0.0012646239377849516,0.0
G0,OSI6,18013,0.0,0.0016501984212219237,0.0016501984212219237,0.0016501984212219237,0.0
G0,OSI6,18023,0.0,0.0,0.0,0.0,0.0
G0,OSI6,18025,0.0,0.0,0.0,0.0,0.0
G0,OSI6,18027,0.0,0.0,0.0,0.0,0.0
G0,OSI6,18029,0.0,0.0,0.0,0.0,0.0
G0,OSI6,18033,0.0,0.0,0.0,0.0,0.0
G0,OSI6,18035,0.0015500801094914956,0.001027292572981716,-0.0005227875365097796,-0.0005227875365097796,0.0
G0,OSI6,18037,0.0,0.0,0.0,0.0,0.0
G0,OSI6,18039,0.002168615484774573,0.001960217577314905,-0.0002083979074596681,-0.0002083979074596681,0.0
G0,OSI6,18041,0.0,0.0,0.0,0.0,0.0
G0,OSI6,18043,0.0,0.0,0.0,0.0,0.0
G0,OSI6,18045,0.0,0.0,0.0,0.0,0.0
G0,OSI6,18047,0.0,0.0,0.0,0.0,0.0
G0,OSI6,18051,0.0,0.0,0.0,0.0,0.0
G0,OSI6,18059,0.0,0.0,0.0,0.0,0.0
G0,OSI6,18061,0.0,0.0,0.0,0.0,0.0
G0,OSI6,18065,0.0,0.0,0.0,0.0,0.0
G0,OSI6,18067,0.0,0.0,0.0,0.0,0.0
G0,OSI6,18069,0.0,0.0,0.0,0.0,0.0
G0,OSI6,18071,0.0,0.0,0.0,0.0,0.0
G0,OSI6,18073,0.001011717136030472,0.0011287079651822168,0.00011699082915174485,0.00011699082915174485,0.0
G0,OSI6,18077,0.0,0.0,0.0,0.0,0.0
G0,OSI6,18083,0.0,0.0,0.0,0.0,0.0
G0,OSI6,18085,0.005445460351243324,0.004975323781632495,-0.00047013656961082933,-0.00047013656961082933,0.0
G0,OSI6,18087,0.005219183966129569,0.004172927533088261,-0.0010462564330413083,-0.0010462564330413083,0.0
G0,OSI6,18089,0.002049643973503242,0.0016578898645370865,-0.00039175410896615534,-0.00039175410896615534,0.0
G0,OSI6,18091,0.0,0.0,0.0,0.0,0.0
G0,OSI6,18093,0.0,0.0,0.0,0.0,0.0
G0,OSI6,18095,0.0,0.0,0.0,0.0,0.0
G0,OSI6,18097,0.0,0.0,0.0,0.0,0.0
G0,OSI6,18099,0.0011382895626981704,0.0012521431250997592,0.00011385356240158876,0.00011385356240158876,0.0
G0,OSI6,18101,0.0030098920144049227,0.0019304774806231289,-0.0010794145337817938,-0.0010794145337817938,0.0
G0,OSI6,18103,0.0,0.0,0.0,0.0,0.0
G0,OSI6,18105,0.0,0.0,0.0,0.0,0.0
G0,OSI6,18107,0.0,0.0,0.0,0.0,0.0
G0,OSI6,18109,0.0,0.0,0.0,0.0,0.0
G0,OSI6,18111,0.0036510759233395937,0.004430074762181618,0.0007789988388420244,0.0007789988388420244,0.0
G0,OSI6,18113,0.0,0.0,0.0,0.0,0.0
G0,OSI6,18117,0.0,0.0,0.0,0.0,0.0
G0,OSI6,18121,0.0028847789461423413,0.002842559631596246,-4.221931454609536e-05,-4.221931454609536e-05,0.0
G0,OSI6,18123,0.0,0.001097966339142457,0.001097966339142457,0.001097966339142457,0.0
G0,OSI6,18125,0.0,0.0,0.0,0.0,0.0
G0,OSI6,18127,0.003411550620655801,0.002956926841812493,-0.0004546237788433079,-0.0004546237788433079,0.0
G0,OSI6,18129,0.0,0.0,0.0,0.0,0.0
G0,OSI6,18131,0.0,0.0,0.0,0.0,0.0
G0,OSI6,18133,0.0,0.0,0.0,0.0,0.0
G0,OSI6,18135,0.004389388464569426,0.0038552156003347406,-0.000534172864234685,-0.000534172864234685,0.0
G0,OSI6,18137,0.0,0.0,0.0,0.0,0.0
G0,OSI6,18139,0.0,0.0,0.0,0.0,0.0
G0,OSI6,18141,0.002173215996610505,0.001869191733439856,-0.0003040242631706491,-0.0003040242631706491,0.0
G0,OSI6,18143,0.0,0.0,0.0,0.0,0.0
G0,OSI6,18145,0.0,0.0,0.0,0.0,0.0
G0,OSI6,18147,0.0,0.0,0.0,0.0,0.0
G0,OSI6,18149,0.0014356886466491362,0.004014276311512107,0.0025785876648629705,0.0025785876648629705,0.0
G0,OSI6,18151,0.0012223904033329415,0.001958840984025131,0.0007364505806921893,0.0007364505806921893,0.0
G0,OSI6,18153,0.0,0.0,0.0,0.0,0.0
G0,OSI6,18155,0.0,0.0,0.0,0.0,0.0
G0,OSI6,18157,0.0,0.0,0.0,0.0,0.0
G0,OSI6,18159,0.0,0.0,0.0,0.0,0.0
G0,OSI6,18161,0.0,0.0,0.0,0.0,0.0
G0,OSI6,18163,0.0,0.0,0.0,0.0,0.0
G0,OSI6,18165,0.0,0.0,0.0,0.0,0.0
G0,OSI6,18167,0.0,0.0,0.0,0.0,0.0
G0,OSI6,18169,0.0,0.0,0.0,0.0,0.0
G0,OSI6,18171,0.0,0.0,0.0,0.0,0.0
G0,OSI6,18173,0.0,0.0,0.0,0.0,0.0
G0,OSI6,18175,0.0,0.0,0.0,0.0,0.0
G0,OSI6,18177,0.0,0.0,0.0,0.0,0.0
G0,OSI6,18179,0.0,0.0,0.0,0.0,0.0
G0,OSI6,18181,0.0,0.0,0.0,0.0,0.0
G0,OSI6,18183,0.0,0.0,0.0,0.0,0.0
G0,OSI6,39017,0.0,0.0,0.0,0.0,0.0
G0,OSI6,39023,0.01254204715155422,0.012101485496375738,-0.0004405616551784817,-0.0004405616551784817,0.0
G0,OSI6,39025,0.0,0.0,0.0,0.0,0.0
G0,OSI6,39027,0.0,0.0,0.0,0.0,0.0
G0,OSI6,39029,0.03150501903275015,0.028460009345730213,-0.0030450096870199388,-0.0030450096870199388,0.0
G0,OSI6,39031,0.10335999040841909,0.10725569371826338,0.0038957033098442895,0.0038957033098442895,0.0
G0,OSI6,39033,0.009565508676140177,0.010111747815937646,0.0005462391397974692,0.0005462391397974692,0.0
G0,OSI6,39035,0.016152535878046295,0.013431517495238495,-0.0027210183828077997,-0.0027210183828077997,0.0
G0,OSI6,39037,0.0016213342869841546,0.0018896315492434876,0.000268297262259333,0.000268297262259333,0.0
G0,OSI6,39039,0.0031266843492950155,0.0032508990897551567,0.00012421474046014121,0.00012421474046014121,0.0
G0,OSI6,39045,0.00780867805384898,0.00767352578175259,-0.00013515227209639005,-0.00013515227209639005,0.0
G0,OSI6,39049,0.012897689733500013,0.011558704444015962,-0.0013389852894840504,-0.0013389852894840504,0.0
G0,OSI6,39051,0.0040807493359038376,0.00466261816874064,0.0005818688328368023,0.0005818688328368023,0.0
G0,OSI6,39053,0.0,0.0,0.0,0.0,0.0
G0,OSI6,39055,0.038845943162532294,0.03533987482244496,-0.0035060683400873344,-0.0035060683400873344,0.0
G0,OSI6,39059,0.10358607760478186,0.10202037600702402,-0.001565701597757846,-0.001565701597757846,0.0
G0,OSI6,39061,0.0,0.0,0.0,0.0,0.0
G0,OSI6,39063,0.0027640721452802356,0.0025934869614250644,-0.0001705851838551711,-0.0001705851838551711,0.0
G0,OSI6,39065,0.001870447332230089,0.0023776353923804228,0.0005071880601503337,0.0005071880601503337,0.0
G0,OSI6,39069,0.003639619181859595,0.0030693702336786434,-0.0005702489481809515,-0.0005702489481809515,0.0
G0,OSI6,39073,0.008221655520509664,0.008833501203665859,0.0006118456831561946,0.0006118456831561946,0.0
G0,OSI6,39075,0.11538426188309263,0.11092033495785364,-0.00446392692523899,-0.00446392692523899,0.0
G0,OSI6,39077,0.018062232333520004,0.01679516189858929,-0.001267070434930715,-0.001267070434930715,0.0
G0,OSI6,39081,0.04509315158039892,0.04221793765085762,-0.0028752139295412996,-0.0028752139295412996,0.0
G0,OSI6,39085,0.004088793204697358,0.003751200108958449,-0.00033759309573890917,-0.00033759309573890917,0.0
G0,OSI6,39087,0.0,0.0,0.0,0.0,0.0
G0,OSI6,39089,0.04698268976447479,0.04166552222882042,-0.005317167535654373,-0.005317167535654373,0.0
G0,OSI6,39091,0.021928012831743723,0.022584667625492418,0.0006566547937486948,0.0006566547937486948,0.0
G0,OSI6,39093,0.006529743738377149,0.005424052885507175,-0.0011056908528699737,-0.0011056908528699737,0.0
G0,OSI6,39095,0.0025164761240521645,0.0022759859815156777,-0.00024049014253648684,-0.00024049014253648684,0.0
G0,OSI6,39097,0.009279376667611458,0.008026042256639682,-0.0012533344109717758,-0.0012533344109717758,0.0
G0,OSI6,39099,0.0020942282926235773,0.003194599412684674,0.0011003711200610966,0.0011003711200610966,0.0
G0,OSI6,39101,0.011844258688961634,0.01096993534013078,-0.0008743233488308546,-0.0008743233488308546,0.0
G0,OSI6,39103,0.014093052800406574,0.012140112064164514,-0.0019529407362420606,-0.0019529407362420606,0.0
G0,OSI6,39105,0.0,0.0,0.0,0.0,0.0
G0,OSI6,39107,0.015667502597007728,0.017436362710356,0.0017688601133482723,0.0017688601133482723,0.0
G0,OSI6,39109,0.0027008005338066757,0.0025461450441824286,-0.00015465548962424703,-0.00015465548962424703,0.0
G0,OSI6,39111,0.01846433218758586,0.02050681420576043,0.002042482018174571,0.002042482018174571,0.0
G0,OSI6,39113,0.0015415955063336985,0.0013851087923677325,-0.00015648671396596594,-0.00015648671396596594,0.0
G0,OSI6,39115,0.005722064053804485,0.0071054129094925075,0.0013833488556880226,0.0013833488556880226,0.0
G0,OSI6,39117,0.16957122441551495,0.14247321856733244,-0.027098005848182505,-0.027098005848182505,0.0
G0,OSI6,39119,0.08685877111512119,0.08948439893112317,0.0026256278160019797,0.0026256278160019797,0.0
G0,OSI6,39121,0.015807938039022244,0.015041855857506949,-0.0007660821815152954,-0.0007660821815152954,0.0
G0,OSI6,39123,0.0014971472491179044,0.0015926941143191568,9.55468652012524e-05,9.55468652012524e-05,0.0
G0,OSI6,39125,0.025142729146320045,0.017101252031525897,-0.008041477114794148,-0.008041477114794148,0.0
G0,OSI6,39127,0.04476785724465911,0.03744486483749826,-0.007322992407160847,-0.007322992407160847,0.0
G0,OSI6,39129,0.0,0.0,0.0,0.0,0.0
G0,OSI6,39131,0.0,0.0,0.0,0.0,0.0
G0,OSI6,39133,0.012913351769531116,0.011585097619971868,-0.0013282541495592479,-0.0013282541495592479,0.0
G0,OSI6,39135,0.0,0.0,0.0,0.0,0.0
G0,OSI6,39137,0.016469499599334952,0.013032971876382393,-0.003436527722952559,-0.003436527722952559,0.0
G0,OSI6,39139,0.02928137089100579,0.027102488041041616,-0.0021788828499641755,-0.0021788828499641755,0.0
G0,OSI6,39141,0.0,0.0,0.0,0.0,0.0
G0,OSI6,39143,0.0036119910599987956,0.0036397870264220124,2.779596642321679e-05,2.779596642321679e-05,0.0
G0,OSI6,39145,0.0,0.0,0.0,0.0,0.0
G0,OSI6,39147,0.0029143921168353704,0.0026617641043276802,-0.00025262801250769016,-0.00025262801250769016,0.0
G0,OSI6,39149,0.015699677402350246,0.01956192049228089,0.003862243089930644,0.003862243089930644,0.0
G0,OSI6,39151,0.011853719994290676,0.010243365040393231,-0.001610354953897445,-0.001610354953897445,0.0
G0,OSI6,39153,0.009094485916047479,0.008407919863981898,-0.0006865660520655806,-0.0006865660520655806,0.0
G0,OSI6,39155,0.004122303467794013,0.004136850288252005,1.4546820457992174e-05,1.4546820457992174e-05,0.0
G0,OSI6,39157,0.06212191682975162,0.055465049086686105,-0.006656867743065516,-0.006656867743065516,0.0
G0,OSI6,39159,0.007711400417083111,0.010225681616166592,0.0025142811990834808,0.0025142811990834808,0.0
G0,OSI6,39161,0.008850577264121813,0.009469531106513399,0.0006189538423915855,0.0006189538423915855,0.0
G0,OSI6,39163,0.0017085879741502161,0.0011588425284721642,-0.0005497454456780519,-0.0005497454456780519,0.0
G0,OSI6,39165,0.0,0.0,0.0,0.0,0.0
G0,OSI6,39167,0.0,0.0,0.0,0.0,0.0
G0,OSI6,39169,0.015498482676906313,0.013287298795991442,-0.002211183880914871,-0.002211183880914871,0.0
G0,OSI6,39171,0.01002046267666743,0.009122187824414624,-0.0008982748522528058,-0.0008982748522528058,0.0
G0,OSI6,39173,0.012418267806918497,0.010938851185056433,-0.0014794166218620643,-0.0014794166218620643,0.0
G0,OSI6,39175,0.004517265649978981,0.005265839710122961,0.0007485740601439802,0.0007485740601439802,0.0
G0,OSI6,42005,0.02404154030256736,0.02174976870163841,-0.0022917716009289504,-0.0022917716009289504,0.0
G0,OSI6,42007,0.030391651714598105,0.028234171412150916,-0.0021574803024471886,-0.0021574803024471886,0.0
G0,OSI6,42009,0.014406087019233897,0.011274473862030567,-0.0031316131572033303,-0.0031316131572033303,0.0
G0,OSI6,42013,0.0023232037246846172,0.002448078499140031,0.00012487477445541394,0.00012487477445541394,0.0
G0,OSI6,42015,0.0011214958158077526,0.0,-0.0011214958158077526,-0.0011214958158077526,0.0
G0,OSI6,42019,0.027126291477022627,0.023853016951086443,-0.003273274525936183,-0.003273274525936183,0.0
G0,OSI6,42021,0.012320031892428083,0.010939604231374144,-0.001380427661053939,-0.001380427661053939,0.0
G0,OSI6,42023,0.0018810621858621885,0.0033627601413364462,0.0014816979554742578,0.0014816979554742578,0.0
G0,OSI6,42025,0.0,0.0,0.0,0.0,0.0
G0,OSI6,42027,0.001010981749591258,0.0,-0.001010981749591258,-0.001010981749591258,0.0
G0,OSI6,42029,0.0,0.0,0.0,0.0,0.0
G0,OSI6,42031,0.008996738334144634,0.009171036338860857,0.00017429800471622202,0.00017429800471622202,0.0
G0,OSI6,42033,0.014117393506911038,0.012054642399805074,-0.0020627511071059645,-0.0020627511071059645,0.0
G0,OSI6,42035,0.0,0.0013985863522461147,0.0013985863522461147,0.0013985863522461147,0.0
G0,OSI6,42039,0.00414674109186525,0.004591197649583204,0.0004444565577179545,0.0004444565577179545,0.0
G0,OSI6,42041,0.0,0.0,0.0,0.0,0.0
G0,OSI6,42043,0.0,0.0,0.0,0.0,0.0
G0,OSI6,42045,0.0,0.0,0.0,0.0,0.0
G0,OSI6,42047,0.0,0.0012655389631441377,0.0012655389631441377,0.0012655389631441377,0.0
G0,OSI6,42049,0.0029464143389705245,0.003782662130267395,0.0008362477912968705,0.0008362477912968705,0.0
G0,OSI6,42051,0.00555418219587072,0.005265492555002037,-0.0002886896408686836,-0.0002886896408686836,0.0
G0,OSI6,42053,0.020205859819549178,0.019215089561828432,-0.000990770257720746,-0.000990770257720746,0.0
G0,OSI6,42055,0.0,0.0,0.0,0.0,0.0
G0,OSI6,42057,0.0,0.0,0.0,0.0,0.0
G0,OSI6,42059,0.004469636571032203,0.004137458694569522,-0.0003321778764626814,-0.0003321778764626814,0.0
G0,OSI6,42061,0.0,0.0,0.0,0.0,0.0
G0,OSI6,42063,0.016188014429261818,0.014558240968286205,-0.0016297734609756129,-0.0016297734609756129,0.0
G0,OSI6,42065,0.0064916267866538665,0.006154114516652388,-0.0003375122700014785,-0.0003375122700014785,0.0
G0,OSI6,42067,0.0,0.0,0.0,0.0,0.0
G0,OSI6,42069,0.0,0.0,0.0,0.0,0.0
G0,OSI6,42075,0.0,0.0,0.0,0.0,0.0
G0,OSI6,42077,0.0,0.0,0.0,0.0,0.0
G0,OSI6,42079,0.0,0.0,0.0,0.0,0.0
G0,OSI6,42081,0.0,0.0,0.0,0.0,0.0
G0,OSI6,42083,0.0028114927464818204,0.003948875341394598,0.0011373825949127772,0.0011373825949127772,0.0
G0,OSI6,42085,0.0071560053036239255,0.006639610458127852,-0.0005163948454960732,-0.0005163948454960732,0.0
G0,OSI6,42089,0.0,0.0,0.0,0.0,0.0
G0,OSI6,42091,0.0,0.0,0.0,0.0,0.0
G0,OSI6,42095,0.0,0.0011134253276951832,0.0011134253276951832,0.0011134253276951832,0.0
G0,OSI6,42097,0.0,0.0,0.0,0.0,0.0
G0,OSI6,42101,0.0,0.0,0.0,0.0,0.0
G0,OSI6,42103,0.0,0.0,0.0,0.0,0.0
G0,OSI6,42109,0.0,0.0,0.0,0.0,0.0
G0,OSI6,42113,0.003245136773896477,0.002028587135941819,-0.0012165496379546578,-0.0012165496379546578,0.0
G0,OSI6,42115,0.0,0.0,0.0,0.0,0.0
G0,OSI6,42119,0.0,0.0,0.0,0.0,0.0
G0,OSI6,42121,0.005175148027524649,0.005068398876131745,-0.00010674915139290402,-0.00010674915139290402,0.0
G0,OSI6,42125,0.040323042596458074,0.03459038391469702,-0.005732658681761052,-0.005732658681761052,0.0
G0,OSI6,42127,0.0,0.0,0.0,0.0,0.0
G0,OSI6,42129,0.014678489912858509,0.012594619268039953,-0.002083870644818556,-0.002083870644818556,0.0
G0,OSI6,42131,0.0,0.0,0.0,0.0,0.0
G0,OSI6,42133,0.0,0.0,0.0,0.0,0.0
G0,OSI6,54007,0.0,0.0,0.0,0.0,0.0
G0,OSI6,54009,0.03771984229039425,0.03283204752788163,-0.004887794762512616,-0.004887794762512616,0.0
G0,OSI6,54013,0.0,0.0,0.0,0.0,0.0
G0,OSI6,54015,0.0,0.0,0.0,0.0,0.0
G0,OSI6,54019,0.0,0.0,0.0,0.0,0.0
G0,OSI6,54023,0.0,0.0,0.0,0.0,0.0
G0,OSI6,54025,0.0,0.0,0.0,0.0,0.0
G0,OSI6,54027,0.0012113750686851008,0.0012292259237167028,1.785085503160197e-05,1.785085503160197e-05,0.0
G0,OSI6,54029,0.04826107191504932,0.03933038323064321,-0.008930688684406107,-0.008930688684406107,0.0
G0,OSI6,54031,0.0,0.001021956906096006,0.001021956906096006,0.001021956906096006,0.0
G0,OSI6,54033,0.0010128374207971672,0.0,-0.0010128374207971672,-0.0010128374207971672,0.0
G0,OSI6,54035,0.0,0.0,0.0,0.0,0.0
G0,OSI6,54037,0.0,0.0,0.0,0.0,0.0
G0,OSI6,54039,0.0,0.0,0.0,0.0,0.0
G0,OSI6,54041,0.0,0.0,0.0,0.0,0.0
G0,OSI6,54043,0.0,0.0,0.0,0.0,0.0
G0,OSI6,54045,0.0,0.0,0.0,0.0,0.0
G0,OSI6,54047,0.0,0.0,0.0,0.0,0.0
G0,OSI6,54053,0.0,0.0,0.0,0.0,0.0
G0,OSI6,54055,0.0,0.0,0.0,0.0,0.0
G0,OSI6,54057,0.0,0.0,0.0,0.0,0.0
G0,OSI6,54059,0.004318567872874139,0.004357003422639252,3.843554976511263e-05,3.843554976511263e-05,0.0
G0,OSI6,54063,0.0,0.0,0.0,0.0,0.0
G0,OSI6,54067,0.0,0.0,0.0,0.0,0.0
G0,OSI6,54069,0.023061169999863032,0.022379639414948933,-0.0006815305849140994,-0.0006815305849140994,0.0
G0,OSI6,54071,0.0,0.0031170872960820666,0.0031170872960820666,0.0031170872960820666,0.0
G0,OSI6,54073,0.0011255737640153913,0.0010546867097584378,-7.088705425695348e-05,-7.088705425695348e-05,0.0
G0,OSI6,54075,0.0,0.00187495822822342,0.00187495822822342,0.00187495822822342,0.0
G0,OSI6,54077,0.0,0.0010274313547849899,0.0010274313547849899,0.0010274313547849899,0.0
G0,OSI6,54079,0.0,0.0,0.0,0.0,0.0
G0,OSI6,54081,0.0,0.0,0.0,0.0,0.0
G0,OSI6,54083,0.005660214701036256,0.004975891775383703,-0.0006843229256525531,-0.0006843229256525531,0.0
G0,OSI6,54085,0.0014048284488081472,0.0,-0.0014048284488081472,-0.0014048284488081472,0.0
G0,OSI6,54087,0.0,0.0011801592436741562,0.0011801592436741562,0.0011801592436741562,0.0
G0,OSI6,54089,0.0,0.0010411765622576799,0.0010411765622576799,0.0010411765622576799,0.0
G0,OSI6,54091,0.007441993668108903,0.006642534299266762,-0.0007994593688421415,-0.0007994593688421415,0.0
G0,OSI6,54093,0.002900412428294616,0.0025849413148619363,-0.0003154711134326798,-0.0003154711134326798,0.0
G0,OSI6,54095,0.0013110832118199056,0.001333151875476838,2.2068663656932448e-05,2.2068663656932448e-05,0.0
G0,OSI6,54097,0.0,0.0,0.0,0.0,0.0
G0,OSI6,54099,0.004782093822233052,0.004187555695663475,-0.0005945381265695772,-0.0005945381265695772,0.0
G0,OSI6,54101,0.0014625256716860736,0.0016874788140061917,0.0002249531423201181,0.0002249531423201181,0.0
G0,OSI6,54103,0.004806662955818178,0.0034760584874811602,-0.0013306044683370176,-0.0013306044683370176,0.0
G0,OSI6,54105,0.0,0.0,0.0,0.0,0.0
G0,OSI6,54107,0.0,0.0,0.0,0.0,0.0
G0,OSI6,54109,0.0,0.0,0.0,0.0,0.0
G1,P1_source,18009,0.007955892288676995,0.00772426263218074,-0.00023162965649625462,-0.00023162965649625462,0.0
G1,P1_source,18013,0.00022989570921669439,0.001673332436689307,0.0014434367274726125,0.0016622122714848161,-0.0002187755440122036
G1,P1_source,18023,0.0008151397859960428,4.8550837533696037e-05,-0.0007665889484623468,4.8550837533696037e-05,-0.0008151397859960428
G1,P1_source,18025,0.0011875116768979028,0.0010088726745390414,-0.00017863900235886134,0.0010088726745390414,-0.0011875116768979028
G1,P1_source,18027,0.00023073617826155842,0.00023037639672577858,-3.5978153577984626e-07,0.00016317868825032488,-0.00016353846978610473
G1,P1_source,18029,1.933510719182488e-06,8.132531280604722e-05,7.939180208686473e-05,1.0295750095696909e-05,6.909605199116782e-05
G1,P1_source,18033,0.00035089034176594234,0.0007560036955554378,0.00040511335378949544,0.00044903342232804276,-4.3920068538547314e-05
G1,P1_source,18035,0.003258062776288141,0.002668346197055506,-0.0005897165792326351,-0.00039688798732573664,-0.00019282859190689842
G1,P1_source,18037,0.0,0.0,0.0,0.0,0.0
G1,P1_source,18039,0.003607375348958868,0.00189947964251176,-0.0017078957064471081,6.520423937330603e-05,-0.0017730999458204142
G1,P1_source,18041,0.0002853053072320469,0.00047754436940472317,0.00019223906217267627,4.436709372452512e-06,0.00018780235280022376
G1,P1_source,18043,2.4763434033482667e-05,0.0,-2.4763434033482667e-05,0.0,-2.4763434033482667e-05
G1,P1_source,18045,9.209786392696558e-05,0.0,-9.209786392696558e-05,-0.0004781511519387836,0.00038605328801181803
G1,P1_source,18047,0.0,0.0,0.0,0.0,0.0
G1,P1_source,18051,0.0,0.0006435474934839802,0.0006435474934839802,0.0006435474934839802,0.0
G1,P1_source,18059,3.9066426350945944e-05,3.8821558421445606e-05,-2.448679295003373e-07,-2.448679295003373e-07,0.0
G1,P1_source,18061,8.285491670740025e-05,0.0,-8.285491670740025e-05,-0.0003220048806823681,0.00023914996397496785
G1,P1_source,18065,0.0,8.821051390109221e-05,8.821051390109221e-05,8.821051390109221e-05,0.0
G1,P1_source,18067,6.177054944349966e-05,8.385101803675611e-05,2.2080468593256447e-05,2.2080468593256447e-05,0.0
G1,P1_source,18069,0.0005193732069481308,0.0005306733858023729,1.1300178854242076e-05,1.1300178854242076e-05,0.0
G1,P1_source,18071,0.0,0.0003098595505294256,0.0003098595505294256,-3.477218252820612e-05,0.0003446317330576317
G1,P1_source,18073,0.0004282313111985473,0.0007395937724562014,0.0003113624612576541,0.0003113624612576541,0.0
G1,P1_source,18077,0.0,0.0,0.0,0.0,0.0
G1,P1_source,18083,0.0003040085318356371,0.00025470500930102895,-4.930352253460814e-05,4.3107336397208665e-05,-9.24108589318168e-05
G1,P1_source,18085,0.0028153738960706434,0.0021182857916020657,-0.0006970881044685777,7.519354601218846e-05,-0.0007722816504807661
G1,P1_source,18087,0.0038269428502357254,0.00921014410831746,0.005383201258081734,-0.0006017465136798263,0.00598494777176156
G1,P1_source,18089,0.0032918195948200457,0.0025672768121634214,-0.0007245427826566243,-4.496288830250876e-05,-0.0006795798943541155
G1,P1_source,18091,0.0005201355817404653,0.00042142210590211284,-9.871347583835245e-05,-0.0004923462210636006,0.0003936327452252482
G1,P1_source,18093,0.0,8.815936282904604e-05,8.815936282904604e-05,2.4878866885914413e-05,6.328049594313163e-05
G1,P1_source,18095,0.00028118989993074515,0.00029626191398580184,1.5072014055056687e-05,1.5072014055056687e-05,0.0
G1,P1_source,18097,0.0002869677541472659,0.00010170168884802331,-0.0001852660652992426,-6.806417048603377e-06,-0.0001784596482506392
G1,P1_source,18099,0.008335001295598438,0.000809919999975299,-0.007525081295623139,0.00010260890683682939,-0.007627690202459968
G1,P1_source,18101,0.0032609886098023716,0.0028183372004224605,-0.0004426514093799111,0.0017531285761753102,-0.0021957799855552213
G1,P1_source,18103,0.00025060240149120286,0.00024360301779207126,-6.999383699131596e-06,-6.999383699131596e-06,0.0
G1,P1_source,18105,0.00010923025879756622,0.0,-0.00010923025879756622,0.0,-0.00010923025879756622
G1,P1_source,18107,0.00011987398401967937,0.00027596418412792587,0.0001560902001082465,0.00024588199226540893,-8.979179215716244e-05
G1,P1_source,18109,0.0002698193476877469,6.183730320486327e-07,-0.00026920097465569826,-1.5175810914570274e-05,-0.000254025163741128
G1,P1_source,18111,0.00743831817159986,0.001969016776198277,-0.005469301395401583,-0.00023838608421763692,-0.005230915311183946
G1,P1_source,18113,0.0002905327118418595,0.0008873675346504203,0.0005968348228085607,0.0005968348228085607,0.0
G1,P1_source,18117,3.0654029768767646e-05,4.778491291494622e-05,1.7130883146178577e-05,-1.8277506667606784e-05,3.540838981378536e-05
G1,P1_source,18121,0.0009413743749417064,0.0033167726804690717,0.0023753983055273655,-0.00021348551720928215,0.0025888838227366476
G1,P1_source,18123,0.0007127908243598861,0.0,-0.0007127908243598861,0.0,-0.0007127908243598861
G1,P1_source,18125,0.0024260262739119113,0.0,-0.0024260262739119113,0.0,-0.0024260262739119113
G1,P1_source,18127,0.0038484759693376436,0.003384627657490224,-0.0004638483118474196,-0.0003018712569287526,-0.00016197705491866705
G1,P1_source,18129,0.0006054866141699558,0.00024243023699277154,-0.0003630563771771843,-0.0003482479293784315,-1.4808447798752775e-05
G1,P1_source,18131,2.0186445238569632e-05,0.00032596551277507376,0.0003057790675365041,-8.29105883421047e-05,0.0003886896558786088
G1,P1_source,18133,0.0004138145374797323,0.0,-0.0004138145374797323,0.0,-0.0004138145374797323
G1,P1_source,18135,0.0055351692067198335,0.005051039450210078,-0.0004841297565097557,-0.00014126340167914912,-0.00034286635483060657
G1,P1_source,18137,0.0,0.0,0.0,-9.291400100370202e-05,9.291400100370202e-05
G1,P1_source,18139,1.0641733150602352e-05,1.0390874163498263e-05,-2.508589871040885e-07,-5.2575943631468744e-05,5.2325084644364656e-05
G1,P1_source,18141,0.0031021147249368827,0.0040055798400498,0.0009034651151129175,0.0004254404688297979,0.00047802464628311954
G1,P1_source,18143,0.0,0.0,0.0,0.0,0.0
G1,P1_source,18145,4.680428211090772e-06,8.886331650907374e-05,8.418288829798297e-05,-9.973360945153778e-06,9.415624924313675e-05
G1,P1_source,18147,0.0010758077873592343,0.000619576716035117,-0.00045623107132411727,0.00030768417992239194,-0.0007639152512465093
G1,P1_source,18149,0.0008053164459218083,0.0005970229143662709,-0.00020829353155553745,9.613981631543167e-05,-0.0003044333478709691
G1,P1_source,18151,0.00023497441502298412,0.002998063166656001,0.002763088751633017,0.0011522148973617736,0.0016108738542712435
G1,P1_source,18153,0.0,0.001082534456750972,0.001082534456750972,0.001082534456750972,0.0
G1,P1_source,18155,0.0,0.0,0.0,0.0,0.0
G1,P1_source,18157,3.2636779419815e-05,0.0006726014455817991,0.0006399646661619841,0.0006476363264239396,-7.671660261955463e-06
G1,P1_source,18159,0.0025053762151748407,2.55684763106772e-05,-0.0024798077388641635,-2.608914154422041e-06,-0.0024771988247097414
G1,P1_source,18161,9.244488243766165e-06,9.643571606987257e-06,3.990833632210917e-07,3.990833632210917e-07,0.0
G1,P1_source,18163,0.0004998670676428747,0.0005552370874410841,5.537001979820941e-05,-0.0007401461918430328,0.0007955162116412422
G1,P1_source,18165,0.0014024610831891598,0.0005442427760945309,-0.0008582183070946289,-9.849002731770334e-05,-0.0007597282797769256
G1,P1_source,18167,7.793316078307892e-05,0.00018217541746421318,0.00010424225668113426,0.000158190007133496,-5.394775045236174e-05
G1,P1_source,18169,7.710626060568305e-05,9.835320370110741e-05,2.1246943095424366e-05,2.1246943095424366e-05,0.0
G1,P1_source,18171,0.0013665304872849634,0.0,-0.0013665304872849634,-0.0004994440064921936,-0.0008670864807927697
G1,P1_source,18173,0.0006396921912434813,3.03896738971828e-05,-0.0006093025173462985,-0.0009922079599399012,0.0003829054425936026
G1,P1_source,18175,1.679843183078261e-05,0.0,-1.679843183078261e-05,-4.580252152205833e-05,2.9004089691275723e-05
G1,P1_source,18177,6.647802288128558e-06,6.296759806030839e-06,-3.5104248209771907e-07,-4.232917821450163e-05,4.197813573240391e-05
G1,P1_source,18179,0.001432729330300958,0.0014955167358038576,6.278740550289962e-05,-4.191828093842156e-06,6.697923359674177e-05
G1,P1_source,18181,0.0002508864781320637,0.003879147473216708,0.0036282609950846444,0.003285460997214589,0.0003427999978700552
G1,P1_source,18183,9.392825579963767e-05,2.12495225929907e-05,-7.267873320664697e-05,9.61219541044852e-07,-7.363995274769182e-05
G1,P1_source,39017,5.823278373974982e-06,5.618253652795774e-06,-2.050247211792084e-07,-2.050247211792084e-07,0.0
G1,P1_source,39023,0.017089124013544624,0.01654647388090413,-0.0005426501326404945,-0.0002241591408826439,-0.0003184909917578506
G1,P1_source,39025,4.906043543950323e-07,4.180397605871893e-07,-7.256459380784295e-08,-7.256459380784295e-08,0.0
G1,P1_source,39027,4.217707420197756e-05,0.00014050072102752377,9.832364682554621e-05,6.376282226695101e-05,3.45608245585952e-05
G1,P1_source,39029,0.03681041985372492,0.03227802304806127,-0.004532396805663648,-0.004532396805663648,0.0
G1,P1_source,39031,0.12254399270898868,0.1189220427359887,-0.0036219499729999716,-0.0036219499729999716,0.0
G1,P1_source,39033,0.01808681264812322,0.015506579006598523,-0.0025802336415246957,0.0002621378618241771,-0.002842371503348873
G1,P1_source,39035,0.02107047088877521,0.02148591810146926,0.0004154472126940492,0.0008729732139920628,-0.00045752600129801355
G1,P1_source,39037,0.003609101961741387,0.0012602773522742933,-0.0023488246094670938,-0.0001932850641252811,-0.0021555395453418127
G1,P1_source,39039,0.00437164135535557,0.004179892250320573,-0.0001917491050349978,-0.0001917491050349978,0.0
G1,P1_source,39045,0.00837969221459355,0.008794652539522302,0.00041496032492875125,0.00030024883885046427,0.00011471148607828698
G1,P1_source,39049,0.017048805292350037,0.017138836728650866,9.003143630082963e-05,0.00019714666615544205,-0.00010711522985461241
G1,P1_source,39051,0.008592348441409707,0.00874119196549927,0.0001488435240895626,5.228246186040654e-05,9.656106222915607e-05
G1,P1_source,39053,0.0006971367344520085,3.2940563246584904e-05,-0.0006641961712054237,2.064547728446249e-05,-0.0006848416484898862
G1,P1_source,39055,0.04933731551148137,0.05551246872179842,0.006175153210317051,0.005770538973849104,0.000404614236467947
G1,P1_source,39059,0.15764475111599932,0.15672081498326965,-0.0009239361327296747,-0.0009239361327296747,0.0
G1,P1_source,39061,2.3754940180739424e-05,0.000616368600756078,0.0005926136605753385,0.0005082257423651769,8.438791821016166e-05
G1,P1_source,39063,0.0036016308524445652,0.002382456431545758,-0.001219174420898807,9.550837943984956e-05,-0.0013146828003386566
G1,P1_source,39065,0.002736819842704241,0.002553979518351978,-0.00018284032435226302,-0.00018284032435226302,0.0
G1,P1_source,39069,0.005393880252541354,0.004587602503045434,-0.0008062777494959204,-0.0011223590860997643,0.00031608133660384393
G1,P1_source,39073,0.007002982305606399,0.005897728755219401,-0.0011052535503869977,-0.0011052535503869977,0.0
G1,P1_source,39075,0.13083744084126842,0.1255081294398734,-0.005329311401395004,-0.005329311401395004,0.0
G1,P1_source,39077,0.016721922657311518,0.016676827099331597,-4.509555797992115e-05,0.0005422448354628177,-0.0005873403934427389
G1,P1_source,39081,0.0849683418841449,0.06889650714500647,-0.016071834739138424,0.00135859272920065,-0.017430427468339074
G1,P1_source,39085,0.008397114252895658,0.007599936581981325,-0.0007971776709143332,-0.0010411316211825098,0.00024395395026817653
G1,P1_source,39087,0.001913384518239622,2.9885411772241046e-05,-0.001883499106467381,3.293153725024169e-06,-0.0018867922601924051
G1,P1_source,39089,0.1015365426853955,0.09900435321616881,-0.0025321894692266894,-0.0025321894692266894,0.0
G1,P1_source,39091,0.024928370087897212,0.02732652402208857,0.0023981539341913563,0.0004594710198256059,0.0019386829143657504
G1,P1_source,39093,0.009731412364738606,0.00809340163167,-0.0016380107330686063,-0.0016380107330686063,0.0
G1,P1_source,39095,0.005387182573203821,0.00497029737462757,-0.00041688519857625145,-0.00041688519857625145,0.0
G1,P1_source,39097,0.011271959473387048,0.011269038710599241,-2.9207627878068826e-06,-2.9207627878068826e-06,0.0
G1,P1_source,39099,0.0016091034533544336,0.001823423575542541,0.00021432012218810734,0.00021432012218810734,0.0
G1,P1_source,39101,0.022201526698303175,0.02288354127729972,0.0006820145789965468,-0.00016954191992906917,0.0008515564989256159
G1,P1_source,39103,0.013842529935967527,0.014262077778835931,0.00041954784286840456,0.0003274265404963374,9.212130237206718e-05
G1,P1_source,39105,0.0002149390147029864,2.152162089743916e-05,-0.00019341739380554724,3.0462511592226557e-06,-0.0001964636449647699
G1,P1_source,39107,0.022183812781734855,0.020405447043194063,-0.0017783657385407915,-0.0013661264158717247,-0.0004122393226690668
G1,P1_source,39109,0.004567474594643506,0.00442004304524041,-0.00014743154940309589,-0.00014743154940309589,0.0
G1,P1_source,39111,0.016970187095120257,0.01569584409358301,-0.0012743430015372467,-0.0012743430015372467,0.0
G1,P1_source,39113,0.0013728273516677304,0.0014211007985994546,4.8273446931724204e-05,0.00019796908487250734,-0.00014969563794078313
G1,P1_source,39115,0.008191137609988521,0.008462412188162098,0.0002712745781735769,-6.48647659680715e-05,0.0003361393441416484
G1,P1_source,39117,0.2738392350699924,0.2602337726835352,-0.013605462386457212,-0.013721321875042769,0.00011585948858555684
G1,P1_source,39119,0.1187753533276293,0.11765137222361158,-0.0011239811040177211,-0.0011239811040177211,0.0
G1,P1_source,39121,0.015587124230645491,0.016229022084993706,0.0006418978543482144,0.0006418978543482144,0.0
G1,P1_source,39123,0.002741213285055724,0.0026034605387810486,-0.0001377527462746754,-0.00016538547953760504,2.7632733262929633e-05
G1,P1_source,39125,0.012344583077943401,0.012329053305875805,-1.5529772067595857e-05,6.110851877075968e-05,-7.663829083835554e-05
G1,P1_source,39127,0.06771111040601803,0.06487555459324518,-0.0028355558127728525,-0.0028355558127728525,0.0
G1,P1_source,39129,0.0005193759765556177,0.0005281683577178824,8.792381162264708e-06,8.792381162264708e-06,0.0
G1,P1_source,39131,0.0024693637968827464,0.0004525569304912801,-0.0020168068663914663,-1.8207442059945246e-05,-0.001998599424331521
G1,P1_source,39133,0.01564024469941087,0.019561066721600087,0.003920822022189217,0.003920822022189217,0.0
G1,P1_source,39135,0.0010346618131792632,0.0012377339805917217,0.00020307216741245857,0.00016535469714795193,3.7717470264506635e-05
G1,P1_source,39137,0.02986579054147039,0.007501272796651412,-0.022364517744818978,-0.0013209387801717083,-0.02104357896464727
G1,P1_source,39139,0.050689840812675385,0.04917841315788023,-0.0015114276547951583,-0.001648432091575447,0.00013700443678028862
G1,P1_source,39141,0.0010944042600936883,0.00045030047172956084,-0.0006441037883641275,-3.481994634448233e-05,-0.0006092838420196452
G1,P1_source,39143,0.003935269563461235,0.00508444790667154,0.0011491783432103046,0.001099999037336193,4.917930587411152e-05
G1,P1_source,39145,0.0019201870327677133,1.4905964688662122e-05,-0.0019052810680790513,-1.0020270743396944e-05,-0.0018952607973356543
G1,P1_source,39147,0.005534469733890403,0.004977803206299769,-0.0005566665275906334,-0.00046180143123051177,-9.486509636012167e-05
G1,P1_source,39149,0.02169155628448403,0.023573632067087853,0.0018820757826038224,-0.0012424923344561169,0.0031245681170599393
G1,P1_source,39151,0.01888697398218279,0.018462234287805836,-0.0004247396943769556,-0.0001936337579937497,-0.0002311059363832059
G1,P1_source,39153,0.012570888617310918,0.013777878985745376,0.001206990368434458,0.0014398881219913739,-0.0002328977535569158
G1,P1_source,39155,0.0059825109522117165,0.005424073528665887,-0.0005584374235458297,-0.0005584374235458297,0.0
G1,P1_source,39157,0.09259784762235286,0.09176675616958313,-0.0008310914527697305,-0.0006219953945933582,-0.00020909605817637233
G1,P1_source,39159,0.005457450672645386,0.009304420235843939,0.0038469695631985525,-0.0001499662849898456,0.003996935848188398
G1,P1_source,39161,0.011041814571465487,0.010914675430933952,-0.0001271391405315344,-0.0015942105720391543,0.00146707143150762
G1,P1_source,39163,0.0003650118277299312,0.00044840712539256434,8.339529766263315e-05,8.339529766263315e-05,0.0
G1,P1_source,39165,4.820336016944501e-05,0.00010586421970090003,5.766085953145502e-05,-1.7796870375465538e-05,7.545772990692056e-05
G1,P1_source,39167,0.0009921850258060476,0.0010538417903706995,6.165676456465182e-05,-5.130588709591189e-05,0.00011296265166056371
G1,P1_source,39169,0.02709257392540352,0.02645146976139314,-0.0006411041640103782,-0.0006570711491778493,1.596698516747111e-05
G1,P1_source,39171,0.01428055070164552,0.011055025186648762,-0.0032255255149967587,-2.3964765559145174e-07,-0.0032252858673411672
G1,P1_source,39173,0.012351565797106643,0.013047123105582712,0.0006955573084760688,0.0006966418230585913,-1.0845145825225805e-06
G1,P1_source,39175,0.004385358864385978,0.004164954907131705,-0.00022040395725427334,-0.00022040395725427334,0.0
G1,P1_source,42005,0.03652774311987785,0.035001625369651235,-0.0015261177502266174,-0.0015261177502266174,0.0
G1,P1_source,42007,0.033852302286117915,0.031167987223322303,-0.002684315062795612,-0.002684315062795612,0.0
G1,P1_source,42009,0.03942247111796499,0.015229709348072926,-0.024192761769892067,-0.00041771870401894826,-0.02377504306587312
G1,P1_source,42013,0.0031707841888808683,0.003042489714175295,-0.00012829447470557318,-0.00033051804241359057,0.0002022235677080174
G1,P1_source,42015,0.004189566120722094,0.0008178306284369294,-0.0033717354922851647,0.00015743361096199856,-0.0035291691032471634
G1,P1_source,42019,0.038668652075963046,0.03943975723548441,0.0007711051595213625,0.0007711051595213625,0.0
G1,P1_source,42021,0.022148002636323744,0.021340382520991633,-0.0008076201153321104,-0.0012162671399753612,0.0004086470246432508
G1,P1_source,42023,0.00904043626021322,0.007525068224377075,-0.0015153680358361444,7.537484910805081e-05,-0.0015907428849441952
G1,P1_source,42025,0.0013353338245780692,0.0005325594802854344,-0.0008027743442926348,6.448702029546952e-05,-0.0008672613645881043
G1,P1_source,42027,0.0016871427611311355,0.00104122509389581,-0.0006459176672353256,-2.2642349500449216e-05,-0.0006232753177348763
G1,P1_source,42029,0.00024582543225497186,0.00047065087446850605,0.00022482544221353419,4.252780032239407e-05,0.00018229764189114011
G1,P1_source,42031,0.008786416930160128,0.011538017598674264,0.0027516006685141363,0.0007082291932962656,0.0020433714752178707
G1,P1_source,42033,0.017905283805173176,0.016762213653618158,-0.001143070151555018,-0.0019198024505705548,0.0007767322990155368
G1,P1_source,42035,0.002293183505321819,0.0012445174310063247,-0.0010486660743154943,8.205807934028031e-05,-0.0011307241536557746
G1,P1_source,42039,0.007346285658550874,0.007456367562856788,0.0001100819043059146,0.0001100819043059146,0.0
G1,P1_source,42041,0.0006917098964189528,0.0007795562875043899,8.784639108543708e-05,8.784639108543708e-05,0.0
G1,P1_source,42043,1.0370430302651208e-05,0.0007831220260507975,0.0007727515957481463,0.00025310574943457234,0.0005196458463135739
G1,P1_source,42045,2.808949038167181e-05,2.7453307953560516e-05,-6.361824281112952e-07,-6.361824281112952e-07,0.0
G1,P1_source,42047,4.086697792190529e-05,0.0017773807538608185,0.0017365137759389132,-0.0004975064910372688,0.0022340202669761822
G1,P1_source,42049,0.002460675029438985,0.0021793407808631407,-0.0002813342485758442,-0.0015026702913733749,0.0012213360427975307
G1,P1_source,42051,0.007871476158081925,0.006678374899087048,-0.001193101258994877,-0.0012082969844362098,1.5195725441332839e-05
G1,P1_source,42053,0.03809752266152648,0.045974808253913056,0.007877285592386575,0.0078845358196852,-7.2502272986246785e-06
G1,P1_source,42055,0.0006154261624145499,0.0006007395455015574,-1.4686616912992453e-05,-1.4686616912992453e-05,0.0
G1,P1_source,42057,0.0007129321862863862,0.0002817144954000856,-0.00043121769088630055,-0.00022050439508141924,-0.0002107132958048813
G1,P1_source,42059,0.007202501011226746,0.006790656428052388,-0.0004118445831743584,-0.00041258090831226574,7.363251379073621e-07
G1,P1_source,42061,0.0001275908810173125,2.8423797244867612e-05,-9.91670837724449e-05,-0.00017168913798575112,7.252205421330623e-05
G1,P1_source,42063,0.04479524062563274,0.02023509018077506,-0.02456015044485768,-0.0051989365276448075,-0.019361213917212874
G1,P1_source,42065,0.008085489153471612,0.00812330737253122,3.7818219059607486e-05,3.7818219059607486e-05,0.0
G1,P1_source,42067,7.815179330859609e-05,1.5480165075165916e-05,-6.267162823343017e-05,-3.897171176196221e-05,-2.369991647146796e-05
G1,P1_source,42069,0.0,0.00023259260679941863,0.00023259260679941863,-0.00010672005468942823,0.00033931266148884686
G1,P1_source,42075,8.33553944431128e-05,7.365305010787642e-05,-9.702344335236386e-06,-1.5728671891640655e-05,6.026327556404268e-06
G1,P1_source,42077,0.0001971568842973886,0.00029994311593539453,0.00010278623163800592,-6.714398440266461e-06,0.00010950063007827239
G1,P1_source,42079,0.0021773667600525994,0.0006297953977178269,-0.0015475713623347726,4.503043421581743e-05,-0.0015926017965505902
G1,P1_source,42081,1.1332546981781152e-06,0.00023591579159055708,0.00023478253689237897,5.758674799934786e-05,0.00017719578889303111
G1,P1_source,42083,0.0012768337187371228,0.005485011223716542,0.00420817750497942,0.002758524146129239,0.0014496533588501809
G1,P1_source,42085,0.010655464265352674,0.008409057526455986,-0.002246406738896688,-0.00226049549990783,1.4088761011141898e-05
G1,P1_source,42089,0.0006170356420163611,2.284942379129945e-05,-0.0005941862182250616,-0.0006851932366395044,9.100701841444276e-05
G1,P1_source,42091,5.917104903032337e-05,4.276679257670197e-05,-1.6404256453621394e-05,-0.0009377266896420075,0.0009213224331883861
G1,P1_source,42095,1.5226582653086058e-06,0.0008694338986868329,0.0008679112404215243,0.000835521436614209,3.238980380731538e-05
G1,P1_source,42097,2.5417770643750014e-05,0.00019861655747871107,0.00017319878683496107,4.8250078509904667e-05,0.0001249487083250564
G1,P1_source,42101,2.091021643173774e-06,1.4947775090209366e-05,1.2856753447035592e-05,1.2856753447035592e-05,0.0
G1,P1_source,42103,0.01243833976233873,0.0006485012270592029,-0.011789838535279528,0.0002742468517870683,-0.012064085387066596
G1,P1_source,42109,0.00044159217109325717,0.0007776123641690372,0.00033602019307578,0.00019092819182831065,0.00014509200124746934
G1,P1_source,42113,0.004335123339891579,0.0057233648326947975,0.0013882414928032185,-0.00018938311512434018,0.0015776246079275587
G1,P1_source,42115,0.0005805267935053552,0.00037591424174945827,-0.00020461255175589695,6.031826367180153e-05,-0.0002649308154276985
G1,P1_source,42119,0.0,2.5304395024995835e-05,2.5304395024995835e-05,-5.423922306593388e-06,3.072831733158922e-05
G1,P1_source,42121,0.012836190161644464,0.005874660850022799,-0.006961529311621665,-0.00010174108322678552,-0.00685978822839488
G1,P1_source,42125,0.06156404902216809,0.03715007784600022,-0.02441397117616787,-0.008141090981461804,-0.016272880194706067
G1,P1_source,42127,0.0019476622023476388,0.00010529872519577041,-0.0018423634771518684,-6.644697624581052e-05,-0.001775916500906058
G1,P1_source,42129,0.028263513678212143,0.02798637427517734,-0.0002771394030348026,-0.0002771394030348026,0.0
G1,P1_source,42131,0.0,0.0005806693370201337,0.0005806693370201337,0.00010926580519492635,0.00047140353182520737
G1,P1_source,42133,0.0003198186165392465,0.00038381977212178045,6.400115558253394e-05,6.400115558253394e-05,0.0
G1,P1_source,54007,0.00010787807485598754,0.0015908166376078605,0.001482938562751873,0.0014435933666024938,3.9345196149379166e-05
G1,P1_source,54009,0.06896673352552449,0.0387070054575343,-0.03025972806799019,-0.009592402757365677,-0.020667325310624513
G1,P1_source,54013,0.0,0.0,0.0,0.0,0.0
G1,P1_source,54015,0.01158757380345552,0.0,-0.01158757380345552,0.0,-0.01158757380345552
G1,P1_source,54019,0.0,0.0007503727034904799,0.0007503727034904799,0.00015002532276061882,0.000600347380729861
G1,P1_source,54023,0.001112075933654885,0.0004017617979055245,-0.0007103141357493606,0.0003414625971942415,-0.001051776732943602
G1,P1_source,54025,0.0,0.0015609765923596318,0.0015609765923596318,0.0006582885738917859,0.0009026880184678459
G1,P1_source,54027,0.0008518085948901376,0.0008784038459371628,2.6595251047025208e-05,2.6595251047025208e-05,0.0
G1,P1_source,54029,0.10296554159891548,0.07721944377009397,-0.025746097828821507,-0.01210208886579496,-0.013644008963026547
G1,P1_source,54031,0.0011360396007422135,0.0010257798445425935,-0.00011025975619961999,-0.00011025975619961999,0.0
G1,P1_source,54033,0.001442778747168316,0.0014132128744106405,-2.9565872757675435e-05,-2.9565872757675435e-05,0.0
G1,P1_source,54035,0.0,0.0,0.0,0.0,0.0
G1,P1_source,54037,0.00047608204160640307,0.00018590300940035315,-0.0002901790322060499,0.00017331037521853504,-0.00046348940742458493
G1,P1_source,54039,2.2406918712161866e-05,0.00027364497241229324,0.00025123805370013135,0.00025123805370013135,0.0
G1,P1_source,54041,0.000502002169741103,0.0003425961122903453,-0.0001594060574507577,-0.00048378159516354824,0.00032437553771279054
G1,P1_source,54043,0.00017124744616669806,0.0,-0.00017124744616669806,0.0,-0.00017124744616669806
G1,P1_source,54045,0.0013812505975416148,0.0,-0.0013812505975416148,0.0,-0.0013812505975416148
G1,P1_source,54047,0.00151243968840382,0.0022850062806709253,0.0007725665922671053,0.0018019855437673056,-0.0010294189515002003
G1,P1_source,54053,0.0008693793964472313,0.0,-0.0008693793964472313,0.0,-0.0008693793964472313
G1,P1_source,54055,0.0,0.0,0.0,0.0,0.0
G1,P1_source,54057,0.0003134356549730553,0.0002811614745758819,-3.227418039717343e-05,-6.140197859422772e-05,2.912779819705429e-05
G1,P1_source,54059,0.025934943942073553,0.0057415527857055575,-0.020193391156367996,-0.00035694349079973525,-0.01983644766556826
G1,P1_source,54063,6.814333632156782e-05,0.0017684134510759235,0.0017002701147543556,5.547581490195487e-05,0.0016447942998524007
G1,P1_source,54067,9.831495657932508e-05,7.255689417320931e-05,-2.5758062406115763e-05,-2.5758062406115763e-05,0.0
G1,P1_source,54069,0.03444716725476401,0.03308092427983191,-0.001366242974932097,-0.0003942955476968005,-0.0009719474272352965
G1,P1_source,54071,3.315973230066011e-05,0.0022635059691219206,0.0022303462368212603,0.0004906770278230962,0.0017396692089981642
G1,P1_source,54073,0.0016291403200434519,0.0011649279151534036,-0.0004642124048900482,-1.88135473035225e-05,-0.0004453988575865257
G1,P1_source,54075,0.018987396726024425,2.582055507542947e-05,-0.018961576170948995,-0.0006057982728221443,-0.01835577789812685
G1,P1_source,54077,0.0002225841524491476,0.0003654709124985685,0.00014288676004942092,0.00028545996162961877,-0.00014257320158019785
G1,P1_source,54079,7.069836969467791e-06,0.00011623783582375906,0.00010916799885429126,1.5675053419783694e-05,9.349294543450757e-05
G1,P1_source,54081,0.00011155105884777017,7.70951513534796e-06,-0.00010384154371242221,-0.0004022681279767017,0.0002984265842642795
G1,P1_source,54083,0.00559959044663786,0.007180377242752408,0.0015807867961145482,0.0004205244393080815,0.0011602623568064668
G1,P1_source,54085,0.0017348341812744369,0.0016536365996132698,-8.119758166116701e-05,-8.119758166116701e-05,0.0
G1,P1_source,54087,0.0,0.0,0.0,0.0,0.0
G1,P1_source,54089,0.0007919463761049955,0.0001289035978255988,-0.0006630427782793967,0.0001289035978255988,-0.0007919463761049955
G1,P1_source,54091,0.0061226137759268695,0.004614519312065405,-0.0015080944638614646,-0.0015080944638614646,0.0
G1,P1_source,54093,0.001897553640389646,0.001821911967166133,-7.564167322351295e-05,-7.564167322351295e-05,0.0
G1,P1_source,54095,0.0006471306764022624,4.527304732696292e-05,-0.0006018576290752995,-0.0002218452329173353,-0.0003800123961579642
G1,P1_source,54097,0.0027688469216499228,2.2879735326152255e-05,-0.0027459671863237704,-3.1521225669221264e-07,-0.0027456519740670783
G1,P1_source,54099,0.016941179115418287,0.0065733640724022335,-0.010367815043016053,-0.0007492955406319729,-0.009618519502384081
G1,P1_source,54101,0.019293539578226077,0.005329941060819701,-0.013963598517406375,0.005263125902074711,-0.019226724419481086
G1,P1_source,54103,0.005109846927353238,0.006326242018086469,0.0012163950907332311,0.0001829257468105895,0.0010334693439226416
G1,P1_source,54105,0.00023141817556481982,0.0004926634677423525,0.0002612452921775327,0.00037728646112208095,-0.00011604116894454823
G1,P1_source,54107,0.0006341578211756442,0.0001577631672252977,-0.00047639465395034645,0.00010510377002575278,-0.0005814984239760992
G1,P1_source,54109,0.0037242784004061992,0.004777348595011694,0.001053070194605495,0.004777348595011694,-0.0037242784004061992
G1,OSI1,18009,0.00858303184489814,0.007318407907113189,-0.0012646239377849516,-0.0012646239377849516,0.0
G1,OSI1,18013,0.0,0.0016501984212219237,0.0016501984212219237,0.0016501984212219237,0.0
G1,OSI1,18023,0.0,0.0,0.0,0.0,0.0
G1,OSI1,18025,0.0,0.0,0.0,0.0,0.0
G1,OSI1,18027,0.0,0.0,0.0,0.0,0.0
G1,OSI1,18029,0.0,0.0,0.0,0.0,0.0
G1,OSI1,18033,0.0,0.0,0.0,0.0,0.0
G1,OSI1,18035,0.0015886458278728756,0.001027292572981716,-0.0005613532548911595,-0.0005227875365097796,-3.8565718381379944e-05
G1,OSI1,18037,0.0,0.0,0.0,0.0,0.0
G1,OSI1,18039,0.0025232354739386557,0.001960217577314905,-0.0005630178966237508,-0.0002083979074596681,-0.0003546199891640827
G1,OSI1,18041,0.0,0.0,0.0,0.0,0.0
G1,OSI1,18043,0.0,0.0,0.0,0.0,0.0
G1,OSI1,18045,0.0,0.0,0.0,0.0,0.0
G1,OSI1,18047,0.0,0.0,0.0,0.0,0.0
G1,OSI1,18051,0.0,0.0,0.0,0.0,0.0
G1,OSI1,18059,0.0,0.0,0.0,0.0,0.0
G1,OSI1,18061,0.0,0.0,0.0,0.0,0.0
G1,OSI1,18065,0.0,0.0,0.0,0.0,0.0
G1,OSI1,18067,0.0,0.0,0.0,0.0,0.0
G1,OSI1,18069,0.0,0.0,0.0,0.0,0.0
G1,OSI1,18071,0.0,0.0,0.0,0.0,0.0
G1,OSI1,18073,0.001011717136030472,0.0011287079651822168,0.00011699082915174485,0.00011699082915174485,0.0
G1,OSI1,18077,0.0,0.0,0.0,0.0,0.0
G1,OSI1,18083,0.0,0.0,0.0,0.0,0.0
G1,OSI1,18085,0.005599916681339478,0.004975323781632495,-0.0006245928997069827,-0.00047013656961082933,-0.0001544563300961534
G1,OSI1,18087,0.004022194411777258,0.004172927533088261,0.00015073312131100303,-0.0010462564330413083,0.0011969895543523113
G1,OSI1,18089,0.0021855599523740647,0.0016578898645370865,-0.0005276700878369782,-0.00039175410896615534,-0.00013591597887082285
G1,OSI1,18091,0.0,0.0,0.0,0.0,0.0
G1,OSI1,18093,0.0,0.0,0.0,0.0,0.0
G1,OSI1,18095,0.0,0.0,0.0,0.0,0.0
G1,OSI1,18097,0.0,0.0,0.0,0.0,0.0
G1,OSI1,18099,0.0026638276031901646,0.0012521431250997592,-0.0014116844780904054,0.00011385356240158876,-0.0015255380404919942
G1,OSI1,18101,0.003449048011515967,0.0019304774806231289,-0.0015185705308928383,-0.0010794145337817938,-0.00043915599711104444
G1,OSI1,18103,0.0,0.0,0.0,0.0,0.0
G1,OSI1,18105,0.0,0.0,0.0,0.0,0.0
G1,OSI1,18107,0.0,0.0,0.0,0.0,0.0
G1,OSI1,18109,0.0,0.0,0.0,0.0,0.0
G1,OSI1,18111,0.004697258985576384,0.004430074762181618,-0.00026718422339476553,0.0007789988388420244,-0.00104618306223679
G1,OSI1,18113,0.0,0.0,0.0,0.0,0.0
G1,OSI1,18117,0.0,0.0,0.0,0.0,0.0
G1,OSI1,18121,0.002367002181595012,0.002842559631596246,0.0004755574500012339,-4.221931454609536e-05,0.0005177767645473293
G1,OSI1,18123,0.0010854828714945953,0.001097966339142457,1.2483467647861823e-05,0.001097966339142457,-0.0010854828714945953
G1,OSI1,18125,0.0,0.0,0.0,0.0,0.0
G1,OSI1,18127,0.003443946031639534,0.002956926841812493,-0.00048701918982704123,-0.0004546237788433079,-3.2395410983733323e-05
G1,OSI1,18129,0.0,0.0,0.0,0.0,0.0
G1,OSI1,18131,0.0,0.0,0.0,0.0,0.0
G1,OSI1,18133,0.0,0.0,0.0,0.0,0.0
G1,OSI1,18135,0.004457961735535547,0.0038552156003347406,-0.0006027461352008066,-0.000534172864234685,-6.857327096612166e-05
G1,OSI1,18137,0.0,0.0,0.0,0.0,0.0
G1,OSI1,18139,0.0,0.0,0.0,0.0,0.0
G1,OSI1,18141,0.002077611067353881,0.001869191733439856,-0.00020841933391402517,-0.0003040242631706491,9.560492925662391e-05
G1,OSI1,18143,0.0,0.0,0.0,0.0,0.0
G1,OSI1,18145,0.0,0.0,0.0,0.0,0.0
G1,OSI1,18147,0.0010536761244253315,0.0,-0.0010536761244253315,0.0,-0.0010536761244253315
G1,OSI1,18149,0.00149657531622333,0.004014276311512107,0.0025177009952887766,0.0025785876648629705,-6.0886669574193846e-05
G1,OSI1,18151,0.0,0.001958840984025131,0.001958840984025131,0.0007364505806921893,0.0012223904033329415
G1,OSI1,18153,0.0,0.0,0.0,0.0,0.0
G1,OSI1,18155,0.0,0.0,0.0,0.0,0.0
G1,OSI1,18157,0.0,0.0,0.0,0.0,0.0
G1,OSI1,18159,0.0,0.0,0.0,0.0,0.0
G1,OSI1,18161,0.0,0.0,0.0,0.0,0.0
G1,OSI1,18163,0.0,0.0,0.0,0.0,0.0
G1,OSI1,18165,0.0,0.0,0.0,0.0,0.0
G1,OSI1,18167,0.0,0.0,0.0,0.0,0.0
G1,OSI1,18169,0.0,0.0,0.0,0.0,0.0
G1,OSI1,18171,0.0,0.0,0.0,0.0,0.0
G1,OSI1,18173,0.0,0.0,0.0,0.0,0.0
G1,OSI1,18175,0.0,0.0,0.0,0.0,0.0
G1,OSI1,18177,0.0,0.0,0.0,0.0,0.0
G1,OSI1,18179,0.0,0.0,0.0,0.0,0.0
G1,OSI1,18181,0.0,0.0,0.0,0.0,0.0
G1,OSI1,18183,0.0,0.0,0.0,0.0,0.0
G1,OSI1,39017,0.0,0.0,0.0,0.0,0.0
G1,OSI1,39023,0.012605745349905788,0.012101485496375738,-0.0005042598535300504,-0.0004405616551784817,-6.369819835156873e-05
G1,OSI1,39025,0.0,0.0,0.0,0.0,0.0
G1,OSI1,39027,0.0,0.0,0.0,0.0,0.0
G1,OSI1,39029,0.03150501903275015,0.028460009345730213,-0.0030450096870199388,-0.0030450096870199388,0.0
G1,OSI1,39031,0.10335999040841909,0.10725569371826338,0.0038957033098442895,0.0038957033098442895,0.0
G1,OSI1,39033,0.010133982976809952,0.010111747815937646,-2.2235160872305718e-05,0.0005462391397974692,-0.0005684743006697749
G1,OSI1,39035,0.016244041078305897,0.013431517495238495,-0.0028125235830674025,-0.0027210183828077997,-9.150520025960271e-05
G1,OSI1,39037,0.0020524421960525178,0.0018896315492434876,-0.00016281064680903016,0.000268297262259333,-0.00043110790906836314
G1,OSI1,39039,0.0031266843492950155,0.0032508990897551567,0.00012421474046014121,0.00012421474046014121,0.0
G1,OSI1,39045,0.007785735756633322,0.00767352578175259,-0.00011220997488073196,-0.00013515227209639005,2.294229721565809e-05
G1,OSI1,39049,0.012919112779470936,0.011558704444015962,-0.0013604083354549733,-0.0013389852894840504,-2.142304597092283e-05
G1,OSI1,39051,0.004061437123458007,0.00466261816874064,0.0006011810452826328,0.0005818688328368023,1.931221244583052e-05
G1,OSI1,39053,0.0,0.0,0.0,0.0,0.0
G1,OSI1,39055,0.03876502031523871,0.03533987482244496,-0.0034251454927937477,-0.0035060683400873344,8.092284729358662e-05
G1,OSI1,39059,0.10358607760478186,0.10202037600702402,-0.001565701597757846,-0.001565701597757846,0.0
G1,OSI1,39061,0.0,0.0,0.0,0.0,0.0
G1,OSI1,39063,0.003027008705347967,0.0025934869614250644,-0.0004335217439229025,-0.0001705851838551711,-0.0002629365600677314
G1,OSI1,39065,0.001870447332230089,0.0023776353923804228,0.0005071880601503337,0.0005071880601503337,0.0
G1,OSI1,39069,0.003576402914538826,0.0030693702336786434,-0.0005070326808601826,-0.0005702489481809515,6.321626732076887e-05
G1,OSI1,39073,0.008221655520509664,0.008833501203665859,0.0006118456831561946,0.0006118456831561946,0.0
G1,OSI1,39075,0.11538426188309263,0.11092033495785364,-0.00446392692523899,-0.00446392692523899,0.0
G1,OSI1,39077,0.018179700412208556,0.01679516189858929,-0.0013845385136192663,-0.001267070434930715,-0.00011746807868855125
G1,OSI1,39081,0.04857923707406674,0.04221793765085762,-0.006361299423209121,-0.0028752139295412996,-0.0034860854936678218
G1,OSI1,39085,0.004040002414643722,0.003751200108958449,-0.000288802305685273,-0.00033759309573890917,4.879079005363617e-05
G1,OSI1,39087,0.0,0.0,0.0,0.0,0.0
G1,OSI1,39089,0.04698268976447479,0.04166552222882042,-0.005317167535654373,-0.005317167535654373,0.0
G1,OSI1,39091,0.021540276248870574,0.022584667625492418,0.0010443913766218435,0.0006566547937486948,0.0003877365828731487
G1,OSI1,39093,0.006529743738377149,0.005424052885507175,-0.0011056908528699737,-0.0011056908528699737,0.0
G1,OSI1,39095,0.0025164761240521645,0.0022759859815156777,-0.00024049014253648684,-0.00024049014253648684,0.0
G1,OSI1,39097,0.009279376667611458,0.008026042256639682,-0.0012533344109717758,-0.0012533344109717758,0.0
G1,OSI1,39099,0.0020942282926235773,0.003194599412684674,0.0011003711200610966,0.0011003711200610966,0.0
G1,OSI1,39101,0.01167394738917651,0.01096993534013078,-0.0007040120490457297,-0.0008743233488308546,0.00017031129978512492
G1,OSI1,39103,0.014074628539932162,0.012140112064164514,-0.0019345164757676482,-0.0019529407362420606,1.8424260474412396e-05
G1,OSI1,39105,0.0,0.0,0.0,0.0,0.0
G1,OSI1,39107,0.01574995046154154,0.017436362710356,0.0016864122488144603,0.0017688601133482723,-8.244786453381198e-05
G1,OSI1,39109,0.0027008005338066757,0.0025461450441824286,-0.00015465548962424703,-0.00015465548962424703,0.0
G1,OSI1,39111,0.01846433218758586,0.02050681420576043,0.002042482018174571,0.002042482018174571,0.0
G1,OSI1,39113,0.0015715346339218552,0.0013851087923677325,-0.00018642584155412266,-0.00015648671396596594,-2.9939127588156714e-05
G1,OSI1,39115,0.005654836184976155,0.0071054129094925075,0.0014505767245163526,0.0013833488556880226,6.722786882833003e-05
G1,OSI1,39117,0.16954805251779784,0.14247321856733244,-0.027074833950465393,-0.027098005848182505,2.3171897717111367e-05
G1,OSI1,39119,0.08685877111512119,0.08948439893112317,0.0026256278160019797,0.0026256278160019797,0.0
G1,OSI1,39121,0.015807938039022244,0.015041855857506949,-0.0007660821815152954,-0.0007660821815152954,0.0
G1,OSI1,39123,0.0014916207024653183,0.0015926941143191568,0.0001010734118538385,9.55468652012524e-05,5.5265466525861e-06
G1,OSI1,39125,0.025158056804487714,0.017101252031525897,-0.008056804772961817,-0.008041477114794148,-1.532765816766868e-05
G1,OSI1,39127,0.04476785724465911,0.03744486483749826,-0.007322992407160847,-0.007322992407160847,0.0
G1,OSI1,39129,0.0,0.0,0.0,0.0,0.0
G1,OSI1,39131,0.0,0.0,0.0,0.0,0.0
G1,OSI1,39133,0.012913351769531116,0.011585097619971868,-0.0013282541495592479,-0.0013282541495592479,0.0
G1,OSI1,39135,0.0,0.0,0.0,0.0,0.0
G1,OSI1,39137,0.020678215392264405,0.013032971876382393,-0.007645243515882012,-0.003436527722952559,-0.004208715792929453
G1,OSI1,39139,0.029253970003649737,0.027102488041041616,-0.002151481962608122,-0.0021788828499641755,2.740088735605356e-05
G1,OSI1,39141,0.0,0.0,0.0,0.0,0.0
G1,OSI1,39143,0.0036021551988239735,0.0036397870264220124,3.763182759803892e-05,2.779596642321679e-05,9.83586117482213e-06
G1,OSI1,39145,0.0,0.0,0.0,0.0,0.0
G1,OSI1,39147,0.002933365136107394,0.0026617641043276802,-0.00027160103177971363,-0.00025262801250769016,-1.8973019272023467e-05
G1,OSI1,39149,0.015074763778938256,0.01956192049228089,0.004487156713342634,0.003862243089930644,0.0006249136234119899
G1,OSI1,39151,0.011899941181567317,0.010243365040393231,-0.0016565761411740862,-0.001610354953897445,-4.622118727664118e-05
G1,OSI1,39153,0.009141065466758863,0.008407919863981898,-0.0007331456027769648,-0.0006865660520655806,-4.65795507113842e-05
G1,OSI1,39155,0.004122303467794013,0.004136850288252005,1.4546820457992174e-05,1.4546820457992174e-05,0.0
G1,OSI1,39157,0.0621637360413869,0.055465049086686105,-0.006698686954700793,-0.006656867743065516,-4.181921163527724e-05
G1,OSI1,39159,0.006912013247445431,0.010225681616166592,0.003313668368721161,0.0025142811990834808,0.0007993871696376801
G1,OSI1,39161,0.008557162977820288,0.009469531106513399,0.0009123681286931102,0.0006189538423915855,0.0002934142863015247
G1,OSI1,39163,0.0017085879741502161,0.0011588425284721642,-0.0005497454456780519,-0.0005497454456780519,0.0
G1,OSI1,39165,0.0,0.0,0.0,0.0,0.0
G1,OSI1,39167,0.0,0.0,0.0,0.0,0.0
G1,OSI1,39169,0.015495289279872818,0.013287298795991442,-0.002207990483881376,-0.002211183880914871,3.1933970334949158e-06
G1,OSI1,39171,0.010665519850135663,0.009122187824414624,-0.0015433320257210396,-0.0008982748522528058,-0.0006450571734682338
G1,OSI1,39173,0.012418484709835002,0.010938851185056433,-0.0014796335247785689,-0.0014794166218620643,-2.169029165045161e-07
G1,OSI1,39175,0.004517265649978981,0.005265839710122961,0.0007485740601439802,0.0007485740601439802,0.0
G1,OSI1,42005,0.02404154030256736,0.02174976870163841,-0.0022917716009289504,-0.0022917716009289504,0.0
G1,OSI1,42007,0.030391651714598105,0.028234171412150916,-0.0021574803024471886,-0.0021574803024471886,0.0
G1,OSI1,42009,0.019161095632408524,0.011274473862030567,-0.007886621770377958,-0.0031316131572033303,-0.004755008613174627
G1,OSI1,42013,0.002282759011143014,0.002448078499140031,0.00016531948799701707,0.00012487477445541394,4.044471354160313e-05
G1,OSI1,42015,0.0018273296364571853,0.0,-0.0018273296364571853,-0.0011214958158077526,-0.0007058338206494326
G1,OSI1,42019,0.027126291477022627,0.023853016951086443,-0.003273274525936183,-0.003273274525936183,0.0
G1,OSI1,42021,0.012238302487499434,0.010939604231374144,-0.0012986982561252903,-0.001380427661053939,8.172940492864877e-05
G1,OSI1,42023,0.0021992107628510276,0.0033627601413364462,0.0011635493784854186,0.0014816979554742578,-0.00031814857698883917
G1,OSI1,42025,0.0,0.0,0.0,0.0,0.0
G1,OSI1,42027,0.0011356368131382332,0.0,-0.0011356368131382332,-0.001010981749591258,-0.00012465506354697518
G1,OSI1,42029,0.0,0.0,0.0,0.0,0.0
G1,OSI1,42031,0.008588064039101062,0.009171036338860857,0.0005829722997597944,0.00017429800471622202,0.0004086742950435724
G1,OSI1,42033,0.013962047047107929,0.012054642399805074,-0.0019074046473028551,-0.0020627511071059645,0.00015534645980310943
G1,OSI1,42035,0.0,0.0013985863522461147,0.0013985863522461147,0.0013985863522461147,0.0
G1,OSI1,42039,0.00414674109186525,0.004591197649583204,0.0004444565577179545,0.0004444565577179545,0.0
G1,OSI1,42041,0.0,0.0,0.0,0.0,0.0
G1,OSI1,42043,0.0,0.0,0.0,0.0,0.0
G1,OSI1,42045,0.0,0.0,0.0,0.0,0.0
G1,OSI1,42047,0.0,0.0012655389631441377,0.0012655389631441377,0.0012655389631441377,0.0
G1,OSI1,42049,0.0027021471304110186,0.003782662130267395,0.0010805149998563764,0.0008362477912968705,0.00024426720855950587
G1,OSI1,42051,0.0055511430507824535,0.005265492555002037,-0.00028565049578041686,-0.0002886896408686836,3.039145088266741e-06
G1,OSI1,42053,0.020207309865008904,0.019215089561828432,-0.0009922203031804723,-0.000990770257720746,-1.4500454597263235e-06
G1,OSI1,42055,0.0,0.0,0.0,0.0,0.0
G1,OSI1,42057,0.0,0.0,0.0,0.0,0.0
G1,OSI1,42059,0.004469489306004622,0.004137458694569522,-0.0003320306114351001,-0.0003321778764626814,1.4726502758129895e-07
G1,OSI1,42061,0.0,0.0,0.0,0.0,0.0
G1,OSI1,42063,0.02006025721270439,0.014558240968286205,-0.0055020162444181855,-0.0016297734609756129,-0.0038722427834425727
G1,OSI1,42065,0.0064916267866538665,0.006154114516652388,-0.0003375122700014785,-0.0003375122700014785,0.0
G1,OSI1,42067,0.0,0.0,0.0,0.0,0.0
G1,OSI1,42069,0.0,0.0,0.0,0.0,0.0
G1,OSI1,42075,0.0,0.0,0.0,0.0,0.0
G1,OSI1,42077,0.0,0.0,0.0,0.0,0.0
G1,OSI1,42079,0.0,0.0,0.0,0.0,0.0
G1,OSI1,42081,0.0,0.0,0.0,0.0,0.0
G1,OSI1,42083,0.0025215620747117843,0.003948875341394598,0.0014273132666828134,0.0011373825949127772,0.0002899306717700362
G1,OSI1,42085,0.0071531875514216975,0.006639610458127852,-0.0005135770932938452,-0.0005163948454960732,2.8177522022280327e-06
G1,OSI1,42089,0.0,0.0,0.0,0.0,0.0
G1,OSI1,42091,0.0,0.0,0.0,0.0,0.0
G1,OSI1,42095,0.0,0.0011134253276951832,0.0011134253276951832,0.0011134253276951832,0.0
G1,OSI1,42097,0.0,0.0,0.0,0.0,0.0
G1,OSI1,42101,0.0,0.0,0.0,0.0,0.0
G1,OSI1,42103,0.0026077855513009624,0.0,-0.0026077855513009624,0.0,-0.0026077855513009624
G1,OSI1,42109,0.0,0.0,0.0,0.0,0.0
G1,OSI1,42113,0.0029296118523109652,0.002028587135941819,-0.0009010247163691461,-0.0012165496379546578,0.00031552492158551165
G1,OSI1,42115,0.0,0.0,0.0,0.0,0.0
G1,OSI1,42119,0.0,0.0,0.0,0.0,0.0
G1,OSI1,42121,0.006547105673203625,0.005068398876131745,-0.0014787067970718796,-0.00010674915139290402,-0.0013719576456789756
G1,OSI1,42125,0.04357761863539928,0.03459038391469702,-0.008987234720702258,-0.005732658681761052,-0.0032545760389412065
G1,OSI1,42127,0.0,0.0,0.0,0.0,0.0
G1,OSI1,42129,0.014678489912858509,0.012594619268039953,-0.002083870644818556,-0.002083870644818556,0.0
G1,OSI1,42131,0.0,0.0,0.0,0.0,0.0
G1,OSI1,42133,0.0,0.0,0.0,0.0,0.0
G1,OSI1,54007,0.0,0.0,0.0,0.0,0.0
G1,OSI1,54009,0.04185330735251915,0.03283204752788163,-0.009021259824637522,-0.004887794762512616,-0.004133465062124905
G1,OSI1,54013,0.0,0.0,0.0,0.0,0.0
G1,OSI1,54015,0.002685537162166577,0.0,-0.002685537162166577,0.0,-0.002685537162166577
G1,OSI1,54019,0.0,0.0,0.0,0.0,0.0
G1,OSI1,54023,0.0,0.0,0.0,0.0,0.0
G1,OSI1,54025,0.0,0.0,0.0,0.0,0.0
G1,OSI1,54027,0.0012113750686851008,0.0012292259237167028,1.785085503160197e-05,1.785085503160197e-05,0.0
G1,OSI1,54029,0.050989873707654634,0.03933038323064321,-0.011659490477011425,-0.008930688684406107,-0.0027288017926053176
G1,OSI1,54031,0.0,0.001021956906096006,0.001021956906096006,0.001021956906096006,0.0
G1,OSI1,54033,0.0010128374207971672,0.0,-0.0010128374207971672,-0.0010128374207971672,0.0
G1,OSI1,54035,0.0,0.0,0.0,0.0,0.0
G1,OSI1,54037,0.0,0.0,0.0,0.0,0.0
G1,OSI1,54039,0.0,0.0,0.0,0.0,0.0
G1,OSI1,54041,0.0,0.0,0.0,0.0,0.0
G1,OSI1,54043,0.0,0.0,0.0,0.0,0.0
G1,OSI1,54045,0.0,0.0,0.0,0.0,0.0
G1,OSI1,54047,0.0,0.0,0.0,0.0,0.0
G1,OSI1,54053,0.0,0.0,0.0,0.0,0.0
G1,OSI1,54055,0.0,0.0,0.0,0.0,0.0
G1,OSI1,54057,0.0,0.0,0.0,0.0,0.0
G1,OSI1,54059,0.008285857405987793,0.004357003422639252,-0.003928853983348541,3.843554976511263e-05,-0.003967289533113654
G1,OSI1,54063,0.0,0.0,0.0,0.0,0.0
G1,OSI1,54067,0.0,0.0,0.0,0.0,0.0
G1,OSI1,54069,0.023255559485310093,0.022379639414948933,-0.0008759200703611601,-0.0006815305849140994,-0.0001943894854470607
G1,OSI1,54071,0.0,0.0031170872960820666,0.0031170872960820666,0.0031170872960820666,0.0
G1,OSI1,54073,0.0012146535355326965,0.0010546867097584378,-0.00015996682577425875,-7.088705425695348e-05,-8.907977151730528e-05
G1,OSI1,54075,0.003980357714541173,0.00187495822822342,-0.0021053994863177534,0.00187495822822342,-0.003980357714541173
G1,OSI1,54077,0.0,0.0010274313547849899,0.0010274313547849899,0.0010274313547849899,0.0
G1,OSI1,54079,0.0,0.0,0.0,0.0,0.0
G1,OSI1,54081,0.0,0.0,0.0,0.0,0.0
G1,OSI1,54083,0.0054281622296749625,0.004975891775383703,-0.0004522704542912594,-0.0006843229256525531,0.0002320524713612937
G1,OSI1,54085,0.0014048284488081472,0.0,-0.0014048284488081472,-0.0014048284488081472,0.0
G1,OSI1,54087,0.0,0.0011801592436741562,0.0011801592436741562,0.0011801592436741562,0.0
G1,OSI1,54089,0.0,0.0010411765622576799,0.0010411765622576799,0.0010411765622576799,0.0
G1,OSI1,54091,0.007441993668108903,0.006642534299266762,-0.0007994593688421415,-0.0007994593688421415,0.0
G1,OSI1,54093,0.002900412428294616,0.0025849413148619363,-0.0003154711134326798,-0.0003154711134326798,0.0
G1,OSI1,54095,0.0013870856910514985,0.001333151875476838,-5.393381557466047e-05,2.2068663656932448e-05,-7.600247923159292e-05
G1,OSI1,54097,0.0,0.0,0.0,0.0,0.0
G1,OSI1,54099,0.006705797722709867,0.004187555695663475,-0.0025182420270463924,-0.0005945381265695772,-0.0019237039004768152
G1,OSI1,54101,0.00530787055558229,0.0016874788140061917,-0.003620391741576099,0.0002249531423201181,-0.003845344883896217
G1,OSI1,54103,0.004599969087033649,0.0034760584874811602,-0.001123910599552489,-0.0013306044683370176,0.00020669386878452867
G1,OSI1,54105,0.0,0.0,0.0,0.0,0.0
G1,OSI1,54107,0.0,0.0,0.0,0.0,0.0
G1,OSI1,54109,0.001090806597207901,0.0,-0.001090806597207901,0.0,-0.001090806597207901
G1,OSI6,18009,0.00858303184489814,0.007318407907113189,-0.0012646239377849516,-0.0012646239377849516,0.0
G1,OSI6,18013,0.0,0.0016501984212219237,0.0016501984212219237,0.0016501984212219237,0.0
G1,OSI6,18023,0.0,0.0,0.0,0.0,0.0
G1,OSI6,18025,0.0,0.0,0.0,0.0,0.0
G1,OSI6,18027,0.0,0.0,0.0,0.0,0.0
G1,OSI6,18029,0.0,0.0,0.0,0.0,0.0
G1,OSI6,18033,0.0,0.0,0.0,0.0,0.0
G1,OSI6,18035,0.0015886458278728756,0.001027292572981716,-0.0005613532548911595,-0.0005227875365097796,-3.8565718381379944e-05
G1,OSI6,18037,0.0,0.0,0.0,0.0,0.0
G1,OSI6,18039,0.0025232354739386557,0.001960217577314905,-0.0005630178966237508,-0.0002083979074596681,-0.0003546199891640827
G1,OSI6,18041,0.0,0.0,0.0,0.0,0.0
G1,OSI6,18043,0.0,0.0,0.0,0.0,0.0
G1,OSI6,18045,0.0,0.0,0.0,0.0,0.0
G1,OSI6,18047,0.0,0.0,0.0,0.0,0.0
G1,OSI6,18051,0.0,0.0,0.0,0.0,0.0
G1,OSI6,18059,0.0,0.0,0.0,0.0,0.0
G1,OSI6,18061,0.0,0.0,0.0,0.0,0.0
G1,OSI6,18065,0.0,0.0,0.0,0.0,0.0
G1,OSI6,18067,0.0,0.0,0.0,0.0,0.0
G1,OSI6,18069,0.0,0.0,0.0,0.0,0.0
G1,OSI6,18071,0.0,0.0,0.0,0.0,0.0
G1,OSI6,18073,0.001011717136030472,0.0011287079651822168,0.00011699082915174485,0.00011699082915174485,0.0
G1,OSI6,18077,0.0,0.0,0.0,0.0,0.0
G1,OSI6,18083,0.0,0.0,0.0,0.0,0.0
G1,OSI6,18085,0.005599916681339478,0.004975323781632495,-0.0006245928997069827,-0.00047013656961082933,-0.0001544563300961534
G1,OSI6,18087,0.004022194411777258,0.004172927533088261,0.00015073312131100303,-0.0010462564330413083,0.0011969895543523113
G1,OSI6,18089,0.0021855599523740647,0.0016578898645370865,-0.0005276700878369782,-0.00039175410896615534,-0.00013591597887082285
G1,OSI6,18091,0.0,0.0,0.0,0.0,0.0
G1,OSI6,18093,0.0,0.0,0.0,0.0,0.0
G1,OSI6,18095,0.0,0.0,0.0,0.0,0.0
G1,OSI6,18097,0.0,0.0,0.0,0.0,0.0
G1,OSI6,18099,0.0026638276031901646,0.0012521431250997592,-0.0014116844780904054,0.00011385356240158876,-0.0015255380404919942
G1,OSI6,18101,0.003449048011515967,0.0019304774806231289,-0.0015185705308928383,-0.0010794145337817938,-0.00043915599711104444
G1,OSI6,18103,0.0,0.0,0.0,0.0,0.0
G1,OSI6,18105,0.0,0.0,0.0,0.0,0.0
G1,OSI6,18107,0.0,0.0,0.0,0.0,0.0
G1,OSI6,18109,0.0,0.0,0.0,0.0,0.0
G1,OSI6,18111,0.004697258985576384,0.004430074762181618,-0.00026718422339476553,0.0007789988388420244,-0.00104618306223679
G1,OSI6,18113,0.0,0.0,0.0,0.0,0.0
G1,OSI6,18117,0.0,0.0,0.0,0.0,0.0
G1,OSI6,18121,0.002367002181595012,0.002842559631596246,0.0004755574500012339,-4.221931454609536e-05,0.0005177767645473293
G1,OSI6,18123,0.0010854828714945953,0.001097966339142457,1.2483467647861823e-05,0.001097966339142457,-0.0010854828714945953
G1,OSI6,18125,0.0,0.0,0.0,0.0,0.0
G1,OSI6,18127,0.003443946031639534,0.002956926841812493,-0.00048701918982704123,-0.0004546237788433079,-3.2395410983733323e-05
G1,OSI6,18129,0.0,0.0,0.0,0.0,0.0
G1,OSI6,18131,0.0,0.0,0.0,0.0,0.0
G1,OSI6,18133,0.0,0.0,0.0,0.0,0.0
G1,OSI6,18135,0.004457961735535547,0.0038552156003347406,-0.0006027461352008066,-0.000534172864234685,-6.857327096612166e-05
G1,OSI6,18137,0.0,0.0,0.0,0.0,0.0
G1,OSI6,18139,0.0,0.0,0.0,0.0,0.0
G1,OSI6,18141,0.002077611067353881,0.001869191733439856,-0.00020841933391402517,-0.0003040242631706491,9.560492925662391e-05
G1,OSI6,18143,0.0,0.0,0.0,0.0,0.0
G1,OSI6,18145,0.0,0.0,0.0,0.0,0.0
G1,OSI6,18147,0.0010536761244253315,0.0,-0.0010536761244253315,0.0,-0.0010536761244253315
G1,OSI6,18149,0.00149657531622333,0.004014276311512107,0.0025177009952887766,0.0025785876648629705,-6.0886669574193846e-05
G1,OSI6,18151,0.0,0.001958840984025131,0.001958840984025131,0.0007364505806921893,0.0012223904033329415
G1,OSI6,18153,0.0,0.0,0.0,0.0,0.0
G1,OSI6,18155,0.0,0.0,0.0,0.0,0.0
G1,OSI6,18157,0.0,0.0,0.0,0.0,0.0
G1,OSI6,18159,0.0,0.0,0.0,0.0,0.0
G1,OSI6,18161,0.0,0.0,0.0,0.0,0.0
G1,OSI6,18163,0.0,0.0,0.0,0.0,0.0
G1,OSI6,18165,0.0,0.0,0.0,0.0,0.0
G1,OSI6,18167,0.0,0.0,0.0,0.0,0.0
G1,OSI6,18169,0.0,0.0,0.0,0.0,0.0
G1,OSI6,18171,0.0,0.0,0.0,0.0,0.0
G1,OSI6,18173,0.0,0.0,0.0,0.0,0.0
G1,OSI6,18175,0.0,0.0,0.0,0.0,0.0
G1,OSI6,18177,0.0,0.0,0.0,0.0,0.0
G1,OSI6,18179,0.0,0.0,0.0,0.0,0.0
G1,OSI6,18181,0.0,0.0,0.0,0.0,0.0
G1,OSI6,18183,0.0,0.0,0.0,0.0,0.0
G1,OSI6,39017,0.0,0.0,0.0,0.0,0.0
G1,OSI6,39023,0.012605745349905788,0.012101485496375738,-0.0005042598535300504,-0.0004405616551784817,-6.369819835156873e-05
G1,OSI6,39025,0.0,0.0,0.0,0.0,0.0
G1,OSI6,39027,0.0,0.0,0.0,0.0,0.0
G1,OSI6,39029,0.03150501903275015,0.028460009345730213,-0.0030450096870199388,-0.0030450096870199388,0.0
G1,OSI6,39031,0.10335999040841909,0.10725569371826338,0.0038957033098442895,0.0038957033098442895,0.0
G1,OSI6,39033,0.010133982976809952,0.010111747815937646,-2.2235160872305718e-05,0.0005462391397974692,-0.0005684743006697749
G1,OSI6,39035,0.016244041078305897,0.013431517495238495,-0.0028125235830674025,-0.0027210183828077997,-9.150520025960271e-05
G1,OSI6,39037,0.0020524421960525178,0.0018896315492434876,-0.00016281064680903016,0.000268297262259333,-0.00043110790906836314
G1,OSI6,39039,0.0031266843492950155,0.0032508990897551567,0.00012421474046014121,0.00012421474046014121,0.0
G1,OSI6,39045,0.007785735756633322,0.00767352578175259,-0.00011220997488073196,-0.00013515227209639005,2.294229721565809e-05
G1,OSI6,39049,0.012919112779470936,0.011558704444015962,-0.0013604083354549733,-0.0013389852894840504,-2.142304597092283e-05
G1,OSI6,39051,0.004061437123458007,0.00466261816874064,0.0006011810452826328,0.0005818688328368023,1.931221244583052e-05
G1,OSI6,39053,0.0,0.0,0.0,0.0,0.0
G1,OSI6,39055,0.03876502031523871,0.03533987482244496,-0.0034251454927937477,-0.0035060683400873344,8.092284729358662e-05
G1,OSI6,39059,0.10358607760478186,0.10202037600702402,-0.001565701597757846,-0.001565701597757846,0.0
G1,OSI6,39061,0.0,0.0,0.0,0.0,0.0
G1,OSI6,39063,0.003027008705347967,0.0025934869614250644,-0.0004335217439229025,-0.0001705851838551711,-0.0002629365600677314
G1,OSI6,39065,0.001870447332230089,0.0023776353923804228,0.0005071880601503337,0.0005071880601503337,0.0
G1,OSI6,39069,0.003576402914538826,0.0030693702336786434,-0.0005070326808601826,-0.0005702489481809515,6.321626732076887e-05
G1,OSI6,39073,0.008221655520509664,0.008833501203665859,0.0006118456831561946,0.0006118456831561946,0.0
G1,OSI6,39075,0.11538426188309263,0.11092033495785364,-0.00446392692523899,-0.00446392692523899,0.0
G1,OSI6,39077,0.018179700412208556,0.01679516189858929,-0.0013845385136192663,-0.001267070434930715,-0.00011746807868855125
G1,OSI6,39081,0.04857923707406674,0.04221793765085762,-0.006361299423209121,-0.0028752139295412996,-0.0034860854936678218
G1,OSI6,39085,0.004040002414643722,0.003751200108958449,-0.000288802305685273,-0.00033759309573890917,4.879079005363617e-05
G1,OSI6,39087,0.0,0.0,0.0,0.0,0.0
G1,OSI6,39089,0.04698268976447479,0.04166552222882042,-0.005317167535654373,-0.005317167535654373,0.0
G1,OSI6,39091,0.021540276248870574,0.022584667625492418,0.0010443913766218435,0.0006566547937486948,0.0003877365828731487
G1,OSI6,39093,0.006529743738377149,0.005424052885507175,-0.0011056908528699737,-0.0011056908528699737,0.0
G1,OSI6,39095,0.0025164761240521645,0.0022759859815156777,-0.00024049014253648684,-0.00024049014253648684,0.0
G1,OSI6,39097,0.009279376667611458,0.008026042256639682,-0.0012533344109717758,-0.0012533344109717758,0.0
G1,OSI6,39099,0.0020942282926235773,0.003194599412684674,0.0011003711200610966,0.0011003711200610966,0.0
G1,OSI6,39101,0.01167394738917651,0.01096993534013078,-0.0007040120490457297,-0.0008743233488308546,0.00017031129978512492
G1,OSI6,39103,0.014074628539932162,0.012140112064164514,-0.0019345164757676482,-0.0019529407362420606,1.8424260474412396e-05
G1,OSI6,39105,0.0,0.0,0.0,0.0,0.0
G1,OSI6,39107,0.01574995046154154,0.017436362710356,0.0016864122488144603,0.0017688601133482723,-8.244786453381198e-05
G1,OSI6,39109,0.0027008005338066757,0.0025461450441824286,-0.00015465548962424703,-0.00015465548962424703,0.0
G1,OSI6,39111,0.01846433218758586,0.02050681420576043,0.002042482018174571,0.002042482018174571,0.0
G1,OSI6,39113,0.0015715346339218552,0.0013851087923677325,-0.00018642584155412266,-0.00015648671396596594,-2.9939127588156714e-05
G1,OSI6,39115,0.005654836184976155,0.0071054129094925075,0.0014505767245163526,0.0013833488556880226,6.722786882833003e-05
G1,OSI6,39117,0.16954805251779784,0.14247321856733244,-0.027074833950465393,-0.027098005848182505,2.3171897717111367e-05
G1,OSI6,39119,0.08685877111512119,0.08948439893112317,0.0026256278160019797,0.0026256278160019797,0.0
G1,OSI6,39121,0.015807938039022244,0.015041855857506949,-0.0007660821815152954,-0.0007660821815152954,0.0
G1,OSI6,39123,0.0014916207024653183,0.0015926941143191568,0.0001010734118538385,9.55468652012524e-05,5.5265466525861e-06
G1,OSI6,39125,0.025158056804487714,0.017101252031525897,-0.008056804772961817,-0.008041477114794148,-1.532765816766868e-05
G1,OSI6,39127,0.04476785724465911,0.03744486483749826,-0.007322992407160847,-0.007322992407160847,0.0
G1,OSI6,39129,0.0,0.0,0.0,0.0,0.0
G1,OSI6,39131,0.0,0.0,0.0,0.0,0.0
G1,OSI6,39133,0.012913351769531116,0.011585097619971868,-0.0013282541495592479,-0.0013282541495592479,0.0
G1,OSI6,39135,0.0,0.0,0.0,0.0,0.0
G1,OSI6,39137,0.020678215392264405,0.013032971876382393,-0.007645243515882012,-0.003436527722952559,-0.004208715792929453
G1,OSI6,39139,0.029253970003649737,0.027102488041041616,-0.002151481962608122,-0.0021788828499641755,2.740088735605356e-05
G1,OSI6,39141,0.0,0.0,0.0,0.0,0.0
G1,OSI6,39143,0.0036021551988239735,0.0036397870264220124,3.763182759803892e-05,2.779596642321679e-05,9.83586117482213e-06
G1,OSI6,39145,0.0,0.0,0.0,0.0,0.0
G1,OSI6,39147,0.002933365136107394,0.0026617641043276802,-0.00027160103177971363,-0.00025262801250769016,-1.8973019272023467e-05
G1,OSI6,39149,0.015074763778938256,0.01956192049228089,0.004487156713342634,0.003862243089930644,0.0006249136234119899
G1,OSI6,39151,0.011899941181567317,0.010243365040393231,-0.0016565761411740862,-0.001610354953897445,-4.622118727664118e-05
G1,OSI6,39153,0.009141065466758863,0.008407919863981898,-0.0007331456027769648,-0.0006865660520655806,-4.65795507113842e-05
G1,OSI6,39155,0.004122303467794013,0.004136850288252005,1.4546820457992174e-05,1.4546820457992174e-05,0.0
G1,OSI6,39157,0.0621637360413869,0.055465049086686105,-0.006698686954700793,-0.006656867743065516,-4.181921163527724e-05
G1,OSI6,39159,0.006912013247445431,0.010225681616166592,0.003313668368721161,0.0025142811990834808,0.0007993871696376801
G1,OSI6,39161,0.008557162977820288,0.009469531106513399,0.0009123681286931102,0.0006189538423915855,0.0002934142863015247
G1,OSI6,39163,0.0017085879741502161,0.0011588425284721642,-0.0005497454456780519,-0.0005497454456780519,0.0
G1,OSI6,39165,0.0,0.0,0.0,0.0,0.0
G1,OSI6,39167,0.0,0.0,0.0,0.0,0.0
G1,OSI6,39169,0.015495289279872818,0.013287298795991442,-0.002207990483881376,-0.002211183880914871,3.1933970334949158e-06
G1,OSI6,39171,0.010665519850135663,0.009122187824414624,-0.0015433320257210396,-0.0008982748522528058,-0.0006450571734682338
G1,OSI6,39173,0.012418484709835002,0.010938851185056433,-0.0014796335247785689,-0.0014794166218620643,-2.169029165045161e-07
G1,OSI6,39175,0.004517265649978981,0.005265839710122961,0.0007485740601439802,0.0007485740601439802,0.0
G1,OSI6,42005,0.02404154030256736,0.02174976870163841,-0.0022917716009289504,-0.0022917716009289504,0.0
G1,OSI6,42007,0.030391651714598105,0.028234171412150916,-0.0021574803024471886,-0.0021574803024471886,0.0
G1,OSI6,42009,0.019161095632408524,0.011274473862030567,-0.007886621770377958,-0.0031316131572033303,-0.004755008613174627
G1,OSI6,42013,0.002282759011143014,0.002448078499140031,0.00016531948799701707,0.00012487477445541394,4.044471354160313e-05
G1,OSI6,42015,0.0018273296364571853,0.0,-0.0018273296364571853,-0.0011214958158077526,-0.0007058338206494326
G1,OSI6,42019,0.027126291477022627,0.023853016951086443,-0.003273274525936183,-0.003273274525936183,0.0
G1,OSI6,42021,0.012238302487499434,0.010939604231374144,-0.0012986982561252903,-0.001380427661053939,8.172940492864877e-05
G1,OSI6,42023,0.0021992107628510276,0.0033627601413364462,0.0011635493784854186,0.0014816979554742578,-0.00031814857698883917
G1,OSI6,42025,0.0,0.0,0.0,0.0,0.0
G1,OSI6,42027,0.0011356368131382332,0.0,-0.0011356368131382332,-0.001010981749591258,-0.00012465506354697518
G1,OSI6,42029,0.0,0.0,0.0,0.0,0.0
G1,OSI6,42031,0.008588064039101062,0.009171036338860857,0.0005829722997597944,0.00017429800471622202,0.0004086742950435724
G1,OSI6,42033,0.013962047047107929,0.012054642399805074,-0.0019074046473028551,-0.0020627511071059645,0.00015534645980310943
G1,OSI6,42035,0.0,0.0013985863522461147,0.0013985863522461147,0.0013985863522461147,0.0
G1,OSI6,42039,0.00414674109186525,0.004591197649583204,0.0004444565577179545,0.0004444565577179545,0.0
G1,OSI6,42041,0.0,0.0,0.0,0.0,0.0
G1,OSI6,42043,0.0,0.0,0.0,0.0,0.0
G1,OSI6,42045,0.0,0.0,0.0,0.0,0.0
G1,OSI6,42047,0.0,0.0012655389631441377,0.0012655389631441377,0.0012655389631441377,0.0
G1,OSI6,42049,0.0027021471304110186,0.003782662130267395,0.0010805149998563764,0.0008362477912968705,0.00024426720855950587
G1,OSI6,42051,0.0055511430507824535,0.005265492555002037,-0.00028565049578041686,-0.0002886896408686836,3.039145088266741e-06
G1,OSI6,42053,0.020207309865008904,0.019215089561828432,-0.0009922203031804723,-0.000990770257720746,-1.4500454597263235e-06
G1,OSI6,42055,0.0,0.0,0.0,0.0,0.0
G1,OSI6,42057,0.0,0.0,0.0,0.0,0.0
G1,OSI6,42059,0.004469489306004622,0.004137458694569522,-0.0003320306114351001,-0.0003321778764626814,1.4726502758129895e-07
G1,OSI6,42061,0.0,0.0,0.0,0.0,0.0
G1,OSI6,42063,0.02006025721270439,0.014558240968286205,-0.0055020162444181855,-0.0016297734609756129,-0.0038722427834425727
G1,OSI6,42065,0.0064916267866538665,0.006154114516652388,-0.0003375122700014785,-0.0003375122700014785,0.0
G1,OSI6,42067,0.0,0.0,0.0,0.0,0.0
G1,OSI6,42069,0.0,0.0,0.0,0.0,0.0
G1,OSI6,42075,0.0,0.0,0.0,0.0,0.0
G1,OSI6,42077,0.0,0.0,0.0,0.0,0.0
G1,OSI6,42079,0.0,0.0,0.0,0.0,0.0
G1,OSI6,42081,0.0,0.0,0.0,0.0,0.0
G1,OSI6,42083,0.0025215620747117843,0.003948875341394598,0.0014273132666828134,0.0011373825949127772,0.0002899306717700362
G1,OSI6,42085,0.0071531875514216975,0.006639610458127852,-0.0005135770932938452,-0.0005163948454960732,2.8177522022280327e-06
G1,OSI6,42089,0.0,0.0,0.0,0.0,0.0
G1,OSI6,42091,0.0,0.0,0.0,0.0,0.0
G1,OSI6,42095,0.0,0.0011134253276951832,0.0011134253276951832,0.0011134253276951832,0.0
G1,OSI6,42097,0.0,0.0,0.0,0.0,0.0
G1,OSI6,42101,0.0,0.0,0.0,0.0,0.0
G1,OSI6,42103,0.0026077855513009624,0.0,-0.0026077855513009624,0.0,-0.0026077855513009624
G1,OSI6,42109,0.0,0.0,0.0,0.0,0.0
G1,OSI6,42113,0.0029296118523109652,0.002028587135941819,-0.0009010247163691461,-0.0012165496379546578,0.00031552492158551165
G1,OSI6,42115,0.0,0.0,0.0,0.0,0.0
G1,OSI6,42119,0.0,0.0,0.0,0.0,0.0
G1,OSI6,42121,0.006547105673203625,0.005068398876131745,-0.0014787067970718796,-0.00010674915139290402,-0.0013719576456789756
G1,OSI6,42125,0.04357761863539928,0.03459038391469702,-0.008987234720702258,-0.005732658681761052,-0.0032545760389412065
G1,OSI6,42127,0.0,0.0,0.0,0.0,0.0
G1,OSI6,42129,0.014678489912858509,0.012594619268039953,-0.002083870644818556,-0.002083870644818556,0.0
G1,OSI6,42131,0.0,0.0,0.0,0.0,0.0
G1,OSI6,42133,0.0,0.0,0.0,0.0,0.0
G1,OSI6,54007,0.0,0.0,0.0,0.0,0.0
G1,OSI6,54009,0.04185330735251915,0.03283204752788163,-0.009021259824637522,-0.004887794762512616,-0.004133465062124905
G1,OSI6,54013,0.0,0.0,0.0,0.0,0.0
G1,OSI6,54015,0.002685537162166577,0.0,-0.002685537162166577,0.0,-0.002685537162166577
G1,OSI6,54019,0.0,0.0,0.0,0.0,0.0
G1,OSI6,54023,0.0,0.0,0.0,0.0,0.0
G1,OSI6,54025,0.0,0.0,0.0,0.0,0.0
G1,OSI6,54027,0.0012113750686851008,0.0012292259237167028,1.785085503160197e-05,1.785085503160197e-05,0.0
G1,OSI6,54029,0.050989873707654634,0.03933038323064321,-0.011659490477011425,-0.008930688684406107,-0.0027288017926053176
G1,OSI6,54031,0.0,0.001021956906096006,0.001021956906096006,0.001021956906096006,0.0
G1,OSI6,54033,0.0010128374207971672,0.0,-0.0010128374207971672,-0.0010128374207971672,0.0
G1,OSI6,54035,0.0,0.0,0.0,0.0,0.0
G1,OSI6,54037,0.0,0.0,0.0,0.0,0.0
G1,OSI6,54039,0.0,0.0,0.0,0.0,0.0
G1,OSI6,54041,0.0,0.0,0.0,0.0,0.0
G1,OSI6,54043,0.0,0.0,0.0,0.0,0.0
G1,OSI6,54045,0.0,0.0,0.0,0.0,0.0
G1,OSI6,54047,0.0,0.0,0.0,0.0,0.0
G1,OSI6,54053,0.0,0.0,0.0,0.0,0.0
G1,OSI6,54055,0.0,0.0,0.0,0.0,0.0
G1,OSI6,54057,0.0,0.0,0.0,0.0,0.0
G1,OSI6,54059,0.008285857405987793,0.004357003422639252,-0.003928853983348541,3.843554976511263e-05,-0.003967289533113654
G1,OSI6,54063,0.0,0.0,0.0,0.0,0.0
G1,OSI6,54067,0.0,0.0,0.0,0.0,0.0
G1,OSI6,54069,0.023255559485310093,0.022379639414948933,-0.0008759200703611601,-0.0006815305849140994,-0.0001943894854470607
G1,OSI6,54071,0.0,0.0031170872960820666,0.0031170872960820666,0.0031170872960820666,0.0
G1,OSI6,54073,0.0012146535355326965,0.0010546867097584378,-0.00015996682577425875,-7.088705425695348e-05,-8.907977151730528e-05
G1,OSI6,54075,0.003980357714541173,0.00187495822822342,-0.0021053994863177534,0.00187495822822342,-0.003980357714541173
G1,OSI6,54077,0.0,0.0010274313547849899,0.0010274313547849899,0.0010274313547849899,0.0
G1,OSI6,54079,0.0,0.0,0.0,0.0,0.0
G1,OSI6,54081,0.0,0.0,0.0,0.0,0.0
G1,OSI6,54083,0.0054281622296749625,0.004975891775383703,-0.0004522704542912594,-0.0006843229256525531,0.0002320524713612937
G1,OSI6,54085,0.0014048284488081472,0.0,-0.0014048284488081472,-0.0014048284488081472,0.0
G1,OSI6,54087,0.0,0.0011801592436741562,0.0011801592436741562,0.0011801592436741562,0.0
G1,OSI6,54089,0.0,0.0010411765622576799,0.0010411765622576799,0.0010411765622576799,0.0
G1,OSI6,54091,0.007441993668108903,0.006642534299266762,-0.0007994593688421415,-0.0007994593688421415,0.0
G1,OSI6,54093,0.002900412428294616,0.0025849413148619363,-0.0003154711134326798,-0.0003154711134326798,0.0
G1,OSI6,54095,0.0013870856910514985,0.001333151875476838,-5.393381557466047e-05,2.2068663656932448e-05,-7.600247923159292e-05
G1,OSI6,54097,0.0,0.0,0.0,0.0,0.0
G1,OSI6,54099,0.006705797722709867,0.004187555695663475,-0.0025182420270463924,-0.0005945381265695772,-0.0019237039004768152
G1,OSI6,54101,0.00530787055558229,0.0016874788140061917,-0.003620391741576099,0.0002249531423201181,-0.003845344883896217
G1,OSI6,54103,0.004599969087033649,0.0034760584874811602,-0.001123910599552489,-0.0013306044683370176,0.00020669386878452867
G1,OSI6,54105,0.0,0.0,0.0,0.0,0.0
G1,OSI6,54107,0.0,0.0,0.0,0.0,0.0
G1,OSI6,54109,0.001090806597207901,0.0,-0.001090806597207901,0.0,-0.001090806597207901
G2,P1_source,18009,0.007955892288676995,0.00772426263218074,-0.00023162965649625462,-0.00023162965649625462,0.0
G2,P1_source,18013,0.0015937909470836364,0.001673332436689307,7.954148960567049e-05,0.0016622122714848161,-0.0015826707818791456
G2,P1_source,18023,0.001234373584489943,4.8550837533696037e-05,-0.0011858227469562469,4.8550837533696037e-05,-0.001234373584489943
G2,P1_source,18025,0.0,0.0010088726745390414,0.0010088726745390414,0.0010088726745390414,0.0
G2,P1_source,18027,0.000252678552477389,0.00023037639672577858,-2.2302155751610398e-05,0.00016317868825032488,-0.00018548084400193528
G2,P1_source,18029,1.933510719182488e-06,8.132531280604722e-05,7.939180208686473e-05,1.0295750095696909e-05,6.909605199116782e-05
G2,P1_source,18033,0.000306970273227395,0.0007560036955554378,0.00044903342232804276,0.00044903342232804276,0.0
G2,P1_source,18035,0.003182295817964664,0.002668346197055506,-0.000513949620909158,-0.00039688798732573664,-0.0001170616335834213
G2,P1_source,18037,0.00013842588595263988,0.0,-0.00013842588595263988,0.0,-0.00013842588595263988
G2,P1_source,18039,0.0022930383576977836,0.00189947964251176,-0.0003935587151860235,6.520423937330603e-05,-0.0004587629545593295
G2,P1_source,18041,0.00021006917039268578,0.00047754436940472317,0.0002674751990120374,4.436709372452512e-06,0.0002630384896395849
G2,P1_source,18043,0.0,0.0,0.0,0.0,0.0
G2,P1_source,18045,0.000258016114170578,0.0,-0.000258016114170578,-0.0004781511519387836,0.0002201350377682056
G2,P1_source,18047,0.0,0.0,0.0,0.0,0.0
G2,P1_source,18051,0.0,0.0006435474934839802,0.0006435474934839802,0.0006435474934839802,0.0
G2,P1_source,18059,3.9066426350945944e-05,3.8821558421445606e-05,-2.448679295003373e-07,-2.448679295003373e-07,0.0
G2,P1_source,18061,0.0,0.0,0.0,-0.0003220048806823681,0.0003220048806823681
G2,P1_source,18065,1.104736360905732e-05,8.821051390109221e-05,7.716315029203489e-05,8.821051390109221e-05,-1.1047363609057324e-05
G2,P1_source,18067,6.177054944349966e-05,8.385101803675611e-05,2.2080468593256447e-05,2.2080468593256447e-05,0.0
G2,P1_source,18069,0.0005193732069481308,0.0005306733858023729,1.1300178854242076e-05,1.1300178854242076e-05,0.0
G2,P1_source,18071,0.0,0.0003098595505294256,0.0003098595505294256,-3.477218252820612e-05,0.0003446317330576317
G2,P1_source,18073,0.007610349388247749,0.0007395937724562014,-0.006870755615791547,0.0003113624612576541,-0.007182118077049202
G2,P1_source,18077,0.0,0.0,0.0,0.0,0.0
G2,P1_source,18083,0.0003901252349639082,0.00025470500930102895,-0.00013542022566287925,4.3107336397208665e-05,-0.00017852756206008792
G2,P1_source,18085,0.0020430922455898773,0.0021182857916020657,7.519354601218846e-05,7.519354601218846e-05,0.0
G2,P1_source,18087,0.0017198073778690553,0.00921014410831746,0.007490336730448403,-0.0006017465136798263,0.00809208324412823
G2,P1_source,18089,0.002562863125930214,0.0025672768121634214,4.413686233207398e-06,-4.496288830250876e-05,4.937657453571616e-05
G2,P1_source,18091,0.0010166957922520807,0.00042142210590211284,-0.0005952736863499679,-0.0004923462210636006,-0.00010292746528636721
G2,P1_source,18093,0.0,8.815936282904604e-05,8.815936282904604e-05,2.4878866885914413e-05,6.328049594313163e-05
G2,P1_source,18095,0.00028118989993074515,0.00029626191398580184,1.5072014055056687e-05,1.5072014055056687e-05,0.0
G2,P1_source,18097,0.00010850810589662668,0.00010170168884802331,-6.806417048603377e-06,-6.806417048603377e-06,0.0
G2,P1_source,18099,0.004189845897902251,0.000809919999975299,-0.003379925897926952,0.00010260890683682939,-0.0034825348047637815
G2,P1_source,18101,0.0037467881141176706,0.0028183372004224605,-0.0009284509136952101,0.0017531285761753102,-0.0026815794898705204
G2,P1_source,18103,0.0007452370936058185,0.00024360301779207126,-0.0005016340758137471,-6.999383699131596e-06,-0.0004946346921146155
G2,P1_source,18105,0.00020696292460013215,0.0,-0.00020696292460013215,0.0,-0.00020696292460013215
G2,P1_source,18107,0.0,0.00027596418412792587,0.00027596418412792587,0.00024588199226540893,3.0082191862516937e-05
G2,P1_source,18109,0.0005899312999801034,6.183730320486327e-07,-0.0005893129269480548,-1.5175810914570274e-05,-0.0005741371160334845
G2,P1_source,18111,0.009125867426229442,0.001969016776198277,-0.0071568506500311645,-0.00023838608421763692,-0.006918464565813527
G2,P1_source,18113,0.0002905327118418595,0.0008873675346504203,0.0005968348228085607,0.0005968348228085607,0.0
G2,P1_source,18117,0.00027812037935023295,4.778491291494622e-05,-0.00023033546643528674,-1.8277506667606784e-05,-0.00021205795976767997
G2,P1_source,18121,0.000525120962848404,0.0033167726804690717,0.0027916517176206678,-0.00021348551720928215,0.00300513723482995
G2,P1_source,18123,0.00044255724442454923,0.0,-0.00044255724442454923,0.0,-0.00044255724442454923
G2,P1_source,18125,0.0011385292259512522,0.0,-0.0011385292259512522,0.0,-0.0011385292259512522
G2,P1_source,18127,0.0036864989144189766,0.003384627657490224,-0.0003018712569287526,-0.0003018712569287526,0.0
G2,P1_source,18129,0.0012553178670369886,0.00024243023699277154,-0.001012887630044217,-0.0003482479293784315,-0.0006646397006657854
G2,P1_source,18131,0.0005326380004988797,0.00032596551277507376,-0.00020667248772380592,-8.29105883421047e-05,-0.00012376189938170123
G2,P1_source,18133,0.0012303462821872124,0.0,-0.0012303462821872124,0.0,-0.0012303462821872124
G2,P1_source,18135,0.005095803702058798,0.005051039450210078,-4.476425184871992e-05,-0.00014126340167914912,9.64991498304292e-05
G2,P1_source,18137,0.0,0.0,0.0,-9.291400100370202e-05,9.291400100370202e-05
G2,P1_source,18139,1.0641733150602352e-05,1.0390874163498263e-05,-2.508589871040885e-07,-5.2575943631468744e-05,5.2325084644364656e-05
G2,P1_source,18141,0.0027438382929555706,0.0040055798400498,0.0012617415470942295,0.0004254404688297979,0.0008363010782644316
G2,P1_source,18143,0.0,0.0,0.0,0.0,0.0
G2,P1_source,18145,4.680428211090772e-06,8.886331650907374e-05,8.418288829798297e-05,-9.973360945153778e-06,9.415624924313675e-05
G2,P1_source,18147,0.0016138595876778676,0.000619576716035117,-0.0009942828716427506,0.00030768417992239194,-0.0013019670515651426
G2,P1_source,18149,0.0005008830980508392,0.0005970229143662709,9.613981631543167e-05,9.613981631543167e-05,0.0
G2,P1_source,18151,0.004728716440541619,0.002998063166656001,-0.0017306532738856177,0.0011522148973617736,-0.0028828681712473915
G2,P1_source,18153,0.00016263892235213233,0.001082534456750972,0.0009198955343988396,0.001082534456750972,-0.00016263892235213228
G2,P1_source,18155,0.0,0.0,0.0,0.0,0.0
G2,P1_source,18157,2.496511915785953e-05,0.0006726014455817991,0.0006476363264239396,0.0006476363264239396,0.0
G2,P1_source,18159,0.0008862501042902577,2.55684763106772e-05,-0.0008606816279795805,-2.608914154422041e-06,-0.0008580727138251585
G2,P1_source,18161,9.244488243766165e-06,9.643571606987257e-06,3.990833632210917e-07,3.990833632210917e-07,0.0
G2,P1_source,18163,0.0007794378826110414,0.0005552370874410841,-0.00022420079516995736,-0.0007401461918430328,0.0005159453966730754
G2,P1_source,18165,0.001038409766714106,0.0005442427760945309,-0.0004941669906195751,-9.849002731770334e-05,-0.0003956769633018717
G2,P1_source,18167,0.00015569636959047913,0.00018217541746421318,2.6479047873734045e-05,0.000158190007133496,-0.00013171095925976195
G2,P1_source,18169,7.710626060568305e-05,9.835320370110741e-05,2.1246943095424366e-05,2.1246943095424366e-05,0.0
G2,P1_source,18171,0.002764734043142239,0.0,-0.002764734043142239,-0.0004994440064921936,-0.0022652900366500455
G2,P1_source,18173,0.00022322195141664735,3.03896738971828e-05,-0.00019283227751946456,-0.0009922079599399012,0.0007993756824204366
G2,P1_source,18175,0.0,0.0,0.0,-4.580252152205833e-05,4.580252152205833e-05
G2,P1_source,18177,0.0006058197020498465,6.296759806030839e-06,-0.0005995229422438156,-4.232917821450163e-05,-0.000557193764029314
G2,P1_source,18179,0.001432729330300958,0.0014955167358038576,6.278740550289962e-05,-4.191828093842156e-06,6.697923359674177e-05
G2,P1_source,18181,0.001134787294052141,0.003879147473216708,0.002744360179164567,0.003285460997214589,-0.0005411008180500223
G2,P1_source,18183,2.028830305194585e-05,2.12495225929907e-05,9.61219541044852e-07,9.61219541044852e-07,0.0
G2,P1_source,39017,1.0233453553949011e-05,5.618253652795774e-06,-4.615199901153237e-06,-2.050247211792084e-07,-4.410175179974029e-06
G2,P1_source,39023,0.016770633021786774,0.01654647388090413,-0.0002241591408826439,-0.0002241591408826439,0.0
G2,P1_source,39025,4.906043543950323e-07,4.180397605871893e-07,-7.256459380784295e-08,-7.256459380784295e-08,0.0
G2,P1_source,39027,4.217707420197756e-05,0.00014050072102752377,9.832364682554621e-05,6.376282226695101e-05,3.45608245585952e-05
G2,P1_source,39029,0.03681041985372492,0.03227802304806127,-0.004532396805663648,-0.004532396805663648,0.0
G2,P1_source,39031,0.12254399270898868,0.1189220427359887,-0.0036219499729999716,-0.0036219499729999716,0.0
G2,P1_source,39033,0.018683317255687275,0.015506579006598523,-0.0031767382490887515,0.0002621378618241771,-0.0034388761109129286
G2,P1_source,39035,0.020612944887477197,0.02148591810146926,0.0008729732139920628,0.0008729732139920628,0.0
G2,P1_source,39037,0.000823379607407507,0.0012602773522742933,0.0004368977448667863,-0.0001932850641252811,0.0006301828089920674
G2,P1_source,39039,0.005542642918287061,0.004179892250320573,-0.0013627506679664888,-0.0001917491050349978,-0.001171001562931491
G2,P1_source,39045,0.00837969221459355,0.008794652539522302,0.00041496032492875125,0.00030024883885046427,0.00011471148607828698
G2,P1_source,39049,0.016941690062495424,0.017138836728650866,0.00019714666615544205,0.00019714666615544205,0.0
G2,P1_source,39051,0.008592348441409707,0.00874119196549927,0.0001488435240895626,5.228246186040654e-05,9.656106222915607e-05
G2,P1_source,39053,9.94841654409288e-06,3.2940563246584904e-05,2.2992146702492025e-05,2.064547728446249e-05,2.346669418029534e-06
G2,P1_source,39055,0.049638006632995106,0.05551246872179842,0.005874462088803316,0.005770538973849104,0.00010392311495421164
G2,P1_source,39059,0.15764475111599932,0.15672081498326965,-0.0009239361327296747,-0.0009239361327296747,0.0
G2,P1_source,39061,2.3754940180739424e-05,0.000616368600756078,0.0005926136605753385,0.0005082257423651769,8.438791821016166e-05
G2,P1_source,39063,0.005753341598406828,0.002382456431545758,-0.0033708851668610698,9.550837943984956e-05,-0.0034663935463009193
G2,P1_source,39065,0.0028141057529537305,0.002553979518351978,-0.00026012623460175237,-0.00018284032435226302,-7.728591024948935e-05
G2,P1_source,39069,0.005709580093471764,0.004587602503045434,-0.00112197759042633,-0.0011223590860997643,3.81495673434408e-07
G2,P1_source,39073,0.007002982305606399,0.005897728755219401,-0.0011052535503869977,-0.0011052535503869977,0.0
G2,P1_source,39075,0.1308445177132171,0.1255081294398734,-0.0053363882733436785,-0.005329311401395004,-7.076871948674679e-06
G2,P1_source,39077,0.016039555461097418,0.016676827099331597,0.0006372716382341791,0.0005422448354628177,9.502680277136133e-05
G2,P1_source,39081,0.06753791441580582,0.06889650714500647,0.00135859272920065,0.00135859272920065,0.0
G2,P1_source,39085,0.008397114252895658,0.007599936581981325,-0.0007971776709143332,-0.0010411316211825098,0.00024395395026817653
G2,P1_source,39087,0.00045304871339818466,2.9885411772241046e-05,-0.0004231633016259436,3.293153725024169e-06,-0.0004264564553509678
G2,P1_source,39089,0.1015365426853955,0.09900435321616881,-0.0025321894692266894,-0.0025321894692266894,0.0
G2,P1_source,39091,0.027702950597259364,0.02732652402208857,-0.00037642657517079556,0.0004594710198256059,-0.0008358975949964015
G2,P1_source,39093,0.009914775420368472,0.00809340163167,-0.0018213737886984722,-0.0016380107330686063,-0.00018336305562986592
G2,P1_source,39095,0.005387182573203821,0.00497029737462757,-0.00041688519857625145,-0.00041688519857625145,0.0
G2,P1_source,39097,0.011271959473387048,0.011269038710599241,-2.9207627878068826e-06,-2.9207627878068826e-06,0.0
G2,P1_source,39099,0.0018281534259318025,0.001823423575542541,-4.729850389261587e-06,0.00021432012218810734,-0.00021904997257736892
G2,P1_source,39101,0.026250805778709578,0.02288354127729972,-0.0033672645014098564,-0.00016954191992906917,-0.003197722581480787
G2,P1_source,39103,0.013966389332571825,0.014262077778835931,0.0002956884462641061,0.0003274265404963374,-3.17380942322313e-05
G2,P1_source,39105,1.8475369738216503e-05,2.152162089743916e-05,3.0462511592226557e-06,3.0462511592226557e-06,0.0
G2,P1_source,39107,0.021613137176501214,0.020405447043194063,-0.0012076901333071509,-0.0013661264158717247,0.00015843628256457382
G2,P1_source,39109,0.004567474594643506,0.00442004304524041,-0.00014743154940309589,-0.00014743154940309589,0.0
G2,P1_source,39111,0.016970187095120257,0.01569584409358301,-0.0012743430015372467,-0.0012743430015372467,0.0
G2,P1_source,39113,0.0012231317137269472,0.0014211007985994546,0.00019796908487250734,0.00019796908487250734,0.0
G2,P1_source,39115,0.008191137609988521,0.008462412188162098,0.0002712745781735769,-6.48647659680715e-05,0.0003361393441416484
G2,P1_source,39117,0.27421546158264565,0.2602337726835352,-0.013981688899110445,-0.013721321875042769,-0.00026036702406767587
G2,P1_source,39119,0.1187753533276293,0.11765137222361158,-0.0011239811040177211,-0.0011239811040177211,0.0
G2,P1_source,39121,0.015587124230645491,0.016229022084993706,0.0006418978543482144,0.0006418978543482144,0.0
G2,P1_source,39123,0.0035520707715570353,0.0026034605387810486,-0.0009486102327759868,-0.00016538547953760504,-0.0007832247532383817
G2,P1_source,39125,0.012410881072861814,0.012329053305875805,-8.182776698600902e-05,6.110851877075968e-05,-0.0001429362857567687
G2,P1_source,39127,0.06771111040601803,0.06487555459324518,-0.0028355558127728525,-0.0028355558127728525,0.0
G2,P1_source,39129,0.0005193759765556177,0.0005281683577178824,8.792381162264708e-06,8.792381162264708e-06,0.0
G2,P1_source,39131,0.0012661370073998087,0.0004525569304912801,-0.0008135800769085285,-1.8207442059945246e-05,-0.0007953726348485833
G2,P1_source,39133,0.01564024469941087,0.019561066721600087,0.003920822022189217,0.003920822022189217,0.0
G2,P1_source,39135,0.0010346618131792632,0.0012377339805917217,0.00020307216741245857,0.00016535469714795193,3.7717470264506635e-05
G2,P1_source,39137,0.009028946934059808,0.007501272796651412,-0.001527674137408396,-0.0013209387801717083,-0.0002067353572366877
G2,P1_source,39139,0.050689840812675385,0.04917841315788023,-0.0015114276547951583,-0.001648432091575447,0.00013700443678028862
G2,P1_source,39141,0.0006468753511857495,0.00045030047172956084,-0.00019657487945618868,-3.481994634448233e-05,-0.00016175493311170635
G2,P1_source,39143,0.003935269563461235,0.00508444790667154,0.0011491783432103046,0.001099999037336193,4.917930587411152e-05
G2,P1_source,39145,0.0006651848446583936,1.4905964688662122e-05,-0.0006502788799697314,-1.0020270743396944e-05,-0.0006402586092263345
G2,P1_source,39147,0.005738696961953199,0.004977803206299769,-0.0007608937556534299,-0.00046180143123051177,-0.00029909232442291815
G2,P1_source,39149,0.018435131766770446,0.023573632067087853,0.005138500300317407,-0.0012424923344561169,0.006380992634773524
G2,P1_source,39151,0.01837443366357175,0.018462234287805836,8.780062423408702e-05,-0.0001936337579937497,0.00028143438222783673
G2,P1_source,39153,0.012337990863754002,0.013777878985745376,0.0014398881219913739,0.0014398881219913739,0.0
G2,P1_source,39155,0.0059825109522117165,0.005424073528665887,-0.0005584374235458297,-0.0005584374235458297,0.0
G2,P1_source,39157,0.09238875156417649,0.09176675616958313,-0.0006219953945933582,-0.0006219953945933582,0.0
G2,P1_source,39159,0.00461007414430901,0.009304420235843939,0.004694346091534929,-0.0001499662849898456,0.004844312376524775
G2,P1_source,39161,0.011406135956667942,0.010914675430933952,-0.0004914605257339902,-0.0015942105720391543,0.0011027500463051641
G2,P1_source,39163,0.001458920239551487,0.00044840712539256434,-0.0010105131141589225,8.339529766263315e-05,-0.0010939084118215558
G2,P1_source,39165,4.820336016944501e-05,0.00010586421970090003,5.766085953145502e-05,-1.7796870375465538e-05,7.545772990692056e-05
G2,P1_source,39167,0.0008787001308488134,0.0010538417903706995,0.00017514165952188607,-5.130588709591189e-05,0.00022644754661779796
G2,P1_source,39169,0.02709257392540352,0.02645146976139314,-0.0006411041640103782,-0.0006570711491778493,1.596698516747111e-05
G2,P1_source,39171,0.013640149483692701,0.011055025186648762,-0.002585124297043939,-2.3964765559145174e-07,-0.0025848846493883477
G2,P1_source,39173,0.011748976480971533,0.013047123105582712,0.0012981466246111788,0.0006966418230585913,0.0006015048015525874
G2,P1_source,39175,0.005328198987359883,0.004164954907131705,-0.0011632440802281782,-0.00022040395725427334,-0.0009428401229739048
G2,P1_source,42005,0.03652774311987785,0.035001625369651235,-0.0015261177502266174,-0.0015261177502266174,0.0
G2,P1_source,42007,0.033852302286117915,0.031167987223322303,-0.002684315062795612,-0.002684315062795612,0.0
G2,P1_source,42009,0.015647428052091874,0.015229709348072926,-0.00041771870401894826,-0.00041771870401894826,0.0
G2,P1_source,42013,0.0031707841888808683,0.003042489714175295,-0.00012829447470557318,-0.00033051804241359057,0.0002022235677080174
G2,P1_source,42015,0.0005983624995395395,0.0008178306284369294,0.00021946812889738995,0.00015743361096199856,6.203451793539139e-05
G2,P1_source,42019,0.038668652075963046,0.03943975723548441,0.0007711051595213625,0.0007711051595213625,0.0
G2,P1_source,42021,0.023329976975475262,0.021340382520991633,-0.0019895944544836286,-0.0012162671399753612,-0.0007733273145082674
G2,P1_source,42023,0.0008129972805510299,0.007525068224377075,0.006712070943826046,7.537484910805081e-05,0.006636696094717995
G2,P1_source,42025,0.001319309988429778,0.0005325594802854344,-0.0007867505081443436,6.448702029546952e-05,-0.0008512375284398131
G2,P1_source,42027,0.0010201005413197743,0.00104122509389581,2.112455257603568e-05,-2.2642349500449216e-05,4.3766902076484895e-05
G2,P1_source,42029,0.00024582543225497186,0.00047065087446850605,0.00022482544221353419,4.252780032239407e-05,0.00018229764189114011
G2,P1_source,42031,0.012728412669472135,0.011538017598674264,-0.0011903950707978714,0.0007082291932962656,-0.001898624264094137
G2,P1_source,42033,0.017905283805173176,0.016762213653618158,-0.001143070151555018,-0.0019198024505705548,0.0007767322990155368
G2,P1_source,42035,0.001893970392081658,0.0012445174310063247,-0.0006494529610753333,8.205807934028031e-05,-0.0007315110404156136
G2,P1_source,42039,0.008984829470817888,0.007456367562856788,-0.0015284619079610996,0.0001100819043059146,-0.0016385438122670142
G2,P1_source,42041,0.0006917098964189528,0.0007795562875043899,8.784639108543708e-05,8.784639108543708e-05,0.0
G2,P1_source,42043,0.0016649568503470983,0.0007831220260507975,-0.0008818348242963008,0.00025310574943457234,-0.0011349405737308732
G2,P1_source,42045,2.808949038167181e-05,2.7453307953560516e-05,-6.361824281112952e-07,-6.361824281112952e-07,0.0
G2,P1_source,42047,4.086697792190529e-05,0.0017773807538608185,0.0017365137759389132,-0.0004975064910372688,0.0022340202669761822
G2,P1_source,42049,0.006138639559431189,0.0021793407808631407,-0.0039592987785680486,-0.0015026702913733749,-0.0024566284871946737
G2,P1_source,42051,0.008035888628078176,0.006678374899087048,-0.0013575137289911282,-0.0012082969844362098,-0.00014921674455491835
G2,P1_source,42053,0.03734741097084344,0.045974808253913056,0.008627397283069618,0.0078845358196852,0.0007428614633844186
G2,P1_source,42055,0.0006154261624145499,0.0006007395455015574,-1.4686616912992453e-05,-1.4686616912992453e-05,0.0
G2,P1_source,42057,0.0017811062043892462,0.0002817144954000856,-0.0014993917089891604,-0.00022050439508141924,-0.0012788873139077412
G2,P1_source,42059,0.007199207152208144,0.006790656428052388,-0.0004085507241557559,-0.00041258090831226574,4.030184156509839e-06
G2,P1_source,42061,0.00039926584477075914,2.8423797244867612e-05,-0.00037084204752589156,-0.00017168913798575112,-0.00019915290954014044
G2,P1_source,42063,0.025434026708419866,0.02023509018077506,-0.0051989365276448075,-0.0051989365276448075,0.0
G2,P1_source,42065,0.008085489153471612,0.00812330737253122,3.7818219059607486e-05,3.7818219059607486e-05,0.0
G2,P1_source,42067,1.521009451330557e-05,1.5480165075165916e-05,2.700705618603462e-07,-3.897171176196221e-05,3.924178232382256e-05
G2,P1_source,42069,0.0,0.00023259260679941863,0.00023259260679941863,-0.00010672005468942823,0.00033931266148884686
G2,P1_source,42075,6.5204616923599365e-06,7.365305010787642e-05,6.713258841551649e-05,-1.5728671891640655e-05,8.286126030715714e-05
G2,P1_source,42077,0.0001971568842973886,0.00029994311593539453,0.00010278623163800592,-6.714398440266461e-06,0.00010950063007827239
G2,P1_source,42079,0.0012807380312940453,0.0006297953977178269,-0.0006509426335762183,4.503043421581743e-05,-0.0006959730677920358
G2,P1_source,42081,1.1332546981781152e-06,0.00023591579159055708,0.00023478253689237897,5.758674799934786e-05,0.00017719578889303111
G2,P1_source,42083,0.00588092853926643,0.005485011223716542,-0.0003959173155498874,0.002758524146129239,-0.0031544414616791264
G2,P1_source,42085,0.010655464265352674,0.008409057526455986,-0.002246406738896688,-0.00226049549990783,1.4088761011141898e-05
G2,P1_source,42089,0.00022196214239813747,2.284942379129945e-05,-0.00019911271860683803,-0.0006851932366395044,0.00048608051803266636
G2,P1_source,42091,5.917104903032337e-05,4.276679257670197e-05,-1.6404256453621394e-05,-0.0009377266896420075,0.0009213224331883861
G2,P1_source,42095,1.5226582653086058e-06,0.0008694338986868329,0.0008679112404215243,0.000835521436614209,3.238980380731538e-05
G2,P1_source,42097,0.0001354258409359515,0.00019861655747871107,6.319071654275958e-05,4.8250078509904667e-05,1.4940638032854918e-05
G2,P1_source,42101,0.0008127336507771845,1.4947775090209366e-05,-0.0007977858756869752,1.2856753447035592e-05,-0.0008106426291340107
G2,P1_source,42103,0.0026194774621307424,0.0006485012270592029,-0.0019709762350715396,0.0002742468517870683,-0.002245223086858608
G2,P1_source,42109,0.00044159217109325717,0.0007776123641690372,0.00033602019307578,0.00019092819182831065,0.00014509200124746934
G2,P1_source,42113,0.0006748176231651042,0.0057233648326947975,0.0050485472095296935,-0.00018938311512434018,0.005237930324654034
G2,P1_source,42115,0.0013401779556695109,0.00037591424174945827,-0.0009642637139200526,6.031826367180153e-05,-0.0010245819775918541
G2,P1_source,42119,0.0,2.5304395024995835e-05,2.5304395024995835e-05,-5.423922306593388e-06,3.072831733158922e-05
G2,P1_source,42121,0.0059764019332495845,0.005874660850022799,-0.00010174108322678552,-0.00010174108322678552,0.0
G2,P1_source,42125,0.04529116882746202,0.03715007784600022,-0.008141090981461804,-0.008141090981461804,0.0
G2,P1_source,42127,0.004035954230554537,0.00010529872519577041,-0.003930655505358766,-6.644697624581052e-05,-0.0038642085291129553
G2,P1_source,42129,0.028263513678212143,0.02798637427517734,-0.0002771394030348026,-0.0002771394030348026,0.0
G2,P1_source,42131,0.0,0.0005806693370201337,0.0005806693370201337,0.00010926580519492635,0.00047140353182520737
G2,P1_source,42133,0.0003198186165392465,0.00038381977212178045,6.400115558253394e-05,6.400115558253394e-05,0.0
G2,P1_source,54007,8.084573869437026e-05,0.0015908166376078605,0.0015099708989134903,0.0014435933666024938,6.637753231099656e-05
G2,P1_source,54009,0.04518274164357495,0.0387070054575343,-0.006475736186040651,-0.009592402757365677,0.003116666571325026
G2,P1_source,54013,0.0,0.0,0.0,0.0,0.0
G2,P1_source,54015,0.0034239333801792857,0.0,-0.0034239333801792857,0.0,-0.0034239333801792857
G2,P1_source,54019,0.00046593522083355387,0.0007503727034904799,0.000284437482656926,0.00015002532276061882,0.00013441215989630717
G2,P1_source,54023,0.00024037370693083884,0.0004017617979055245,0.00016138809097468568,0.0003414625971942415,-0.00018007450621955581
G2,P1_source,54025,0.0,0.0015609765923596318,0.0015609765923596318,0.0006582885738917859,0.0009026880184678459
G2,P1_source,54027,0.0010331486681906328,0.0008784038459371628,-0.00015474482225347002,2.6595251047025208e-05,-0.00018134007330049523
G2,P1_source,54029,0.09057210911451147,0.07721944377009397,-0.013352665344417494,-0.01210208886579496,-0.0012505764786225337
G2,P1_source,54031,0.001313172282684016,0.0010257798445425935,-0.0002873924381414225,-0.00011025975619961999,-0.0001771326819418025
G2,P1_source,54033,0.001442778747168316,0.0014132128744106405,-2.9565872757675435e-05,-2.9565872757675435e-05,0.0
G2,P1_source,54035,0.0,0.0,0.0,0.0,0.0
G2,P1_source,54037,0.00021328014607834006,0.00018590300940035315,-2.7377136677986914e-05,0.00017331037521853504,-0.00020068751189652195
G2,P1_source,54039,2.2406918712161866e-05,0.00027364497241229324,0.00025123805370013135,0.00025123805370013135,0.0
G2,P1_source,54041,0.00035415854542074376,0.0003425961122903453,-1.1562433130398472e-05,-0.00048378159516354824,0.00047221916203314977
G2,P1_source,54043,0.0,0.0,0.0,0.0,0.0
G2,P1_source,54045,0.0,0.0,0.0,0.0,0.0
G2,P1_source,54047,0.0011059180937631676,0.0022850062806709253,0.0011790881869077577,0.0018019855437673056,-0.0006228973568595478
G2,P1_source,54053,0.0,0.0,0.0,0.0,0.0
G2,P1_source,54055,0.0,0.0,0.0,0.0,0.0
G2,P1_source,54057,0.0003134356549730553,0.0002811614745758819,-3.227418039717343e-05,-6.140197859422772e-05,2.912779819705429e-05
G2,P1_source,54059,0.005000340640717871,0.0057415527857055575,0.0007412121449876866,-0.00035694349079973525,0.0010981556357874218
G2,P1_source,54063,0.0009585713639487378,0.0017684134510759235,0.0008098420871271857,5.547581490195487e-05,0.0007543662722252309
G2,P1_source,54067,9.831495657932508e-05,7.255689417320931e-05,-2.5758062406115763e-05,-2.5758062406115763e-05,0.0
G2,P1_source,54069,0.03347521982752871,0.03308092427983191,-0.0003942955476968005,-0.0003942955476968005,0.0
G2,P1_source,54071,0.0017998895124187219,0.0022635059691219206,0.0004636164567031987,0.0004906770278230962,-2.7060571119897443e-05
G2,P1_source,54073,0.0011169352427836219,0.0011649279151534036,4.799267236978177e-05,-1.88135473035225e-05,6.680621967330427e-05
G2,P1_source,54075,0.0010781044719355285,2.582055507542947e-05,-0.0010522839168600991,-0.0006057982728221443,-0.00044648564403795485
G2,P1_source,54077,8.001095086894976e-05,0.0003654709124985685,0.00028545996162961877,0.00028545996162961877,0.0
G2,P1_source,54079,7.069836969467791e-06,0.00011623783582375906,0.00010916799885429126,1.5675053419783694e-05,9.349294543450757e-05
G2,P1_source,54081,5.082669385692398e-05,7.70951513534796e-06,-4.311717872157602e-05,-0.0004022681279767017,0.0003591509492551257
G2,P1_source,54083,0.00559959044663786,0.007180377242752408,0.0015807867961145482,0.0004205244393080815,0.0011602623568064668
G2,P1_source,54085,0.0017348341812744369,0.0016536365996132698,-8.119758166116701e-05,-8.119758166116701e-05,0.0
G2,P1_source,54087,0.0,0.0,0.0,0.0,0.0
G2,P1_source,54089,0.0009985496105485762,0.0001289035978255988,-0.0008696460127229774,0.0001289035978255988,-0.0009985496105485762
G2,P1_source,54091,0.0061226137759268695,0.004614519312065405,-0.0015080944638614646,-0.0015080944638614646,0.0
G2,P1_source,54093,0.001897553640389646,0.001821911967166133,-7.564167322351295e-05,-7.564167322351295e-05,0.0
G2,P1_source,54095,0.0002671182802442982,4.527304732696292e-05,-0.0002218452329173353,-0.0002218452329173353,0.0
G2,P1_source,54097,0.0023281857621549693,2.2879735326152255e-05,-0.002305306026828817,-3.1521225669221264e-07,-0.002304990814572125
G2,P1_source,54099,0.007502549444105738,0.0065733640724022335,-0.0009291853717035047,-0.0007492955406319729,-0.00017988983107153182
G2,P1_source,54101,0.0006365341870204417,0.005329941060819701,0.004693406873799259,0.005263125902074711,-0.0005697190282754521
G2,P1_source,54103,0.005214977432344285,0.006326242018086469,0.0011112645857421838,0.0001829257468105895,0.0009283388389315942
G2,P1_source,54105,0.00017527026872397837,0.0004926634677423525,0.00031739319901837417,0.00037728646112208095,-5.9893262103706785e-05
G2,P1_source,54107,5.265939719954493e-05,0.0001577631672252977,0.00010510377002575278,0.00010510377002575278,0.0
G2,P1_source,54109,0.00497939304902652,0.004777348595011694,-0.00020204445401482592,0.004777348595011694,-0.00497939304902652
G2,OSI1,18009,0.00858303184489814,0.007318407907113189,-0.0012646239377849516,-0.0012646239377849516,0.0
G2,OSI1,18013,0.0012676617740757152,0.0016501984212219237,0.0003825366471462085,0.0016501984212219237,-0.0012676617740757152
G2,OSI1,18023,0.0,0.0,0.0,0.0,0.0
G2,OSI1,18025,0.0,0.0,0.0,0.0,0.0
G2,OSI1,18027,0.0,0.0,0.0,0.0,0.0
G2,OSI1,18029,0.0,0.0,0.0,0.0,0.0
G2,OSI1,18033,0.0,0.0,0.0,0.0,0.0
G2,OSI1,18035,0.00157349243620818,0.001027292572981716,-0.0005461998632264639,-0.0005227875365097796,-2.3412326716684305e-05
G2,OSI1,18037,0.0,0.0,0.0,0.0,0.0
G2,OSI1,18039,0.002260368075686439,0.001960217577314905,-0.00030015049837153404,-0.0002083979074596681,-9.175259091186595e-05
G2,OSI1,18041,0.0,0.0,0.0,0.0,0.0
G2,OSI1,18043,0.0,0.0,0.0,0.0,0.0
G2,OSI1,18045,0.0,0.0,0.0,0.0,0.0
G2,OSI1,18047,0.0,0.0,0.0,0.0,0.0
G2,OSI1,18051,0.0,0.0,0.0,0.0,0.0
G2,OSI1,18059,0.0,0.0,0.0,0.0,0.0
G2,OSI1,18061,0.0,0.0,0.0,0.0,0.0
G2,OSI1,18065,0.0,0.0,0.0,0.0,0.0
G2,OSI1,18067,0.0,0.0,0.0,0.0,0.0
G2,OSI1,18069,0.0,0.0,0.0,0.0,0.0
G2,OSI1,18071,0.0,0.0,0.0,0.0,0.0
G2,OSI1,18073,0.0024481407514403124,0.0011287079651822168,-0.0013194327862580957,0.00011699082915174485,-0.0014364236154098405
G2,OSI1,18077,0.0,0.0,0.0,0.0,0.0
G2,OSI1,18083,0.0,0.0,0.0,0.0,0.0
G2,OSI1,18085,0.005445460351243324,0.004975323781632495,-0.00047013656961082933,-0.00047013656961082933,0.0
G2,OSI1,18087,0.003600767317303924,0.004172927533088261,0.000572160215784337,-0.0010462564330413083,0.0016184166488256452
G2,OSI1,18089,0.0020397686585960986,0.0016578898645370865,-0.0003818787940590121,-0.00039175410896615534,9.875314907143232e-06
G2,OSI1,18091,0.0,0.0,0.0,0.0,0.0
G2,OSI1,18093,0.0,0.0,0.0,0.0,0.0
G2,OSI1,18095,0.0,0.0,0.0,0.0,0.0
G2,OSI1,18097,0.0,0.0,0.0,0.0,0.0
G2,OSI1,18099,0.0018347965236509267,0.0012521431250997592,-0.0005826533985511676,0.00011385356240158876,-0.0006965069609527563
G2,OSI1,18101,0.0035462079123790265,0.0019304774806231289,-0.0016157304317558976,-0.0010794145337817938,-0.0005363158979741038
G2,OSI1,18103,0.0,0.0,0.0,0.0,0.0
G2,OSI1,18105,0.0,0.0,0.0,0.0,0.0
G2,OSI1,18107,0.0,0.0,0.0,0.0,0.0
G2,OSI1,18109,0.0,0.0,0.0,0.0,0.0
G2,OSI1,18111,0.0050347688365023,0.004430074762181618,-0.0006046940743206818,0.0007789988388420244,-0.0013836929131627062
G2,OSI1,18113,0.0,0.0,0.0,0.0,0.0
G2,OSI1,18117,0.0,0.0,0.0,0.0,0.0
G2,OSI1,18121,0.0022837514991763514,0.002842559631596246,0.0005588081324198945,-4.221931454609536e-05,0.0006010274469659899
G2,OSI1,18123,0.0010314361555075278,0.001097966339142457,6.653018363492929e-05,0.001097966339142457,-0.0010314361555075278
G2,OSI1,18125,0.0,0.0,0.0,0.0,0.0
G2,OSI1,18127,0.003411550620655801,0.002956926841812493,-0.0004546237788433079,-0.0004546237788433079,0.0
G2,OSI1,18129,0.0010974148592416831,0.0,-0.0010974148592416831,0.0,-0.0010974148592416831
G2,OSI1,18131,0.0,0.0,0.0,0.0,0.0
G2,OSI1,18133,0.0,0.0,0.0,0.0,0.0
G2,OSI1,18135,0.00437008863460334,0.0038552156003347406,-0.0005148730342685991,-0.000534172864234685,1.929982996608584e-05
G2,OSI1,18137,0.0,0.0,0.0,0.0,0.0
G2,OSI1,18139,0.0,0.0,0.0,0.0,0.0
G2,OSI1,18141,0.0020059557809576183,0.001869191733439856,-0.00013676404751776223,-0.0003040242631706491,0.00016726021565288685
G2,OSI1,18143,0.0,0.0,0.0,0.0,0.0
G2,OSI1,18145,0.0,0.0,0.0,0.0,0.0
G2,OSI1,18147,0.001161286484489058,0.0,-0.001161286484489058,0.0,-0.001161286484489058
G2,OSI1,18149,0.0014356886466491362,0.004014276311512107,0.0025785876648629705,0.0025785876648629705,0.0
G2,OSI1,18151,0.00179896403758242,0.001958840984025131,0.00015987694644271086,0.0007364505806921893,-0.0005765736342494784
G2,OSI1,18153,0.0,0.0,0.0,0.0,0.0
G2,OSI1,18155,0.0,0.0,0.0,0.0,0.0
G2,OSI1,18157,0.0,0.0,0.0,0.0,0.0
G2,OSI1,18159,0.0,0.0,0.0,0.0,0.0
G2,OSI1,18161,0.0,0.0,0.0,0.0,0.0
G2,OSI1,18163,0.0,0.0,0.0,0.0,0.0
G2,OSI1,18165,0.0,0.0,0.0,0.0,0.0
G2,OSI1,18167,0.0,0.0,0.0,0.0,0.0
G2,OSI1,18169,0.0,0.0,0.0,0.0,0.0
G2,OSI1,18171,0.0,0.0,0.0,0.0,0.0
G2,OSI1,18173,0.0,0.0,0.0,0.0,0.0
G2,OSI1,18175,0.0,0.0,0.0,0.0,0.0
G2,OSI1,18177,0.0,0.0,0.0,0.0,0.0
G2,OSI1,18179,0.0,0.0,0.0,0.0,0.0
G2,OSI1,18181,0.0,0.0,0.0,0.0,0.0
G2,OSI1,18183,0.0,0.0,0.0,0.0,0.0
G2,OSI1,39017,0.0,0.0,0.0,0.0,0.0
G2,OSI1,39023,0.01254204715155422,0.012101485496375738,-0.0004405616551784817,-0.0004405616551784817,0.0
G2,OSI1,39025,0.0,0.0,0.0,0.0,0.0
G2,OSI1,39027,0.0,0.0,0.0,0.0,0.0
G2,OSI1,39029,0.03150501903275015,0.028460009345730213,-0.0030450096870199388,-0.0030450096870199388,0.0
G2,OSI1,39031,0.10335999040841909,0.10725569371826338,0.0038957033098442895,0.0038957033098442895,0.0
G2,OSI1,39033,0.010253283898322764,0.010111747815937646,-0.00014153608238511722,0.0005462391397974692,-0.0006877752221825864
G2,OSI1,39035,0.016152535878046295,0.013431517495238495,-0.0027210183828077997,-0.0027210183828077997,0.0
G2,OSI1,39037,0.0014952977251857411,0.0018896315492434876,0.0003943338240577465,0.000268297262259333,0.0001260365617984135
G2,OSI1,39039,0.003360884661881314,0.0032508990897551567,-0.00010998557212615716,0.00012421474046014121,-0.00023420031258629837
G2,OSI1,39045,0.007785735756633322,0.00767352578175259,-0.00011220997488073196,-0.00013515227209639005,2.294229721565809e-05
G2,OSI1,39049,0.012897689733500013,0.011558704444015962,-0.0013389852894840504,-0.0013389852894840504,0.0
G2,OSI1,39051,0.004061437123458007,0.00466261816874064,0.0006011810452826328,0.0005818688328368023,1.931221244583052e-05
G2,OSI1,39053,0.0,0.0,0.0,0.0,0.0
G2,OSI1,39055,0.03882515853954145,0.03533987482244496,-0.003485283717096492,-0.0035060683400873344,2.0784622990842327e-05
G2,OSI1,39059,0.10358607760478186,0.10202037600702402,-0.001565701597757846,-0.001565701597757846,0.0
G2,OSI1,39061,0.0,0.0,0.0,0.0,0.0
G2,OSI1,39063,0.0034573508545404194,0.0025934869614250644,-0.000863863893115355,-0.0001705851838551711,-0.0006932787092601839
G2,OSI1,39065,0.001885904514279987,0.0023776353923804228,0.0004917308781004358,0.0005071880601503337,-1.5457182049897914e-05
G2,OSI1,39069,0.003639542882724908,0.0030693702336786434,-0.0005701726490462645,-0.0005702489481809515,7.629913468696833e-08
G2,OSI1,39073,0.008221655520509664,0.008833501203665859,0.0006118456831561946,0.0006118456831561946,0.0
G2,OSI1,39075,0.11538567725748237,0.11092033495785364,-0.004465342299628736,-0.00446392692523899,-1.415374389746038e-06
G2,OSI1,39077,0.018043226972965735,0.01679516189858929,-0.0012480650743764456,-0.001267070434930715,1.900536055426949e-05
G2,OSI1,39081,0.04509315158039892,0.04221793765085762,-0.0028752139295412996,-0.0028752139295412996,0.0
G2,OSI1,39085,0.004040002414643722,0.003751200108958449,-0.000288802305685273,-0.00033759309573890917,4.879079005363617e-05
G2,OSI1,39087,0.0,0.0,0.0,0.0,0.0
G2,OSI1,39089,0.04698268976447479,0.04166552222882042,-0.005317167535654373,-0.005317167535654373,0.0
G2,OSI1,39091,0.022095192350743004,0.022584667625492418,0.0004894752747494138,0.0006566547937486948,-0.000167179518999281
G2,OSI1,39093,0.006566416349503121,0.005424052885507175,-0.0011423634639959462,-0.0011056908528699737,-3.667261112597249e-05
G2,OSI1,39095,0.0025164761240521645,0.0022759859815156777,-0.00024049014253648684,-0.00024049014253648684,0.0
G2,OSI1,39097,0.009279376667611458,0.008026042256639682,-0.0012533344109717758,-0.0012533344109717758,0.0
G2,OSI1,39099,0.0021380382871390513,0.003194599412684674,0.0010565611255456226,0.0011003711200610966,-4.3809994515474e-05
G2,OSI1,39101,0.012483803205257792,0.01096993534013078,-0.001513867865127012,-0.0008743233488308546,-0.0006395445162961574
G2,OSI1,39103,0.014099400419253021,0.012140112064164514,-0.001959288355088507,-0.0019529407362420606,-6.3476188464466066e-06
G2,OSI1,39105,0.0,0.0,0.0,0.0,0.0
G2,OSI1,39107,0.01563581534049481,0.017436362710356,0.0018005473698611899,0.0017688601133482723,3.168725651291754e-05
G2,OSI1,39109,0.0027008005338066757,0.0025461450441824286,-0.00015465548962424703,-0.00015465548962424703,0.0
G2,OSI1,39111,0.01846433218758586,0.02050681420576043,0.002042482018174571,0.002042482018174571,0.0
G2,OSI1,39113,0.0015415955063336985,0.0013851087923677325,-0.00015648671396596594,-0.00015648671396596594,0.0
G2,OSI1,39115,0.005654836184976155,0.0071054129094925075,0.0014505767245163526,0.0013833488556880226,6.722786882833003e-05
G2,OSI1,39117,0.16962329782032848,0.14247321856733244,-0.027150079252996034,-0.027098005848182505,-5.207340481352962e-05
G2,OSI1,39119,0.08685877111512119,0.08948439893112317,0.0026256278160019797,0.0026256278160019797,0.0
G2,OSI1,39121,0.015807938039022244,0.015041855857506949,-0.0007660821815152954,-0.0007660821815152954,0.0
G2,OSI1,39123,0.0016537921997655804,0.0015926941143191568,-6.109808544642369e-05,9.55468652012524e-05,-0.00015664495064767608
G2,OSI1,39125,0.025171316403471398,0.017101252031525897,-0.0080700643719455,-0.008041477114794148,-2.8587257151352352e-05
G2,OSI1,39127,0.04476785724465911,0.03744486483749826,-0.007322992407160847,-0.007322992407160847,0.0
G2,OSI1,39129,0.0,0.0,0.0,0.0,0.0
G2,OSI1,39131,0.0,0.0,0.0,0.0,0.0
G2,OSI1,39133,0.012913351769531116,0.011585097619971868,-0.0013282541495592479,-0.0013282541495592479,0.0
G2,OSI1,39135,0.0,0.0,0.0,0.0,0.0
G2,OSI1,39137,0.01651084667078229,0.013032971876382393,-0.003477874794399897,-0.003436527722952559,-4.1347071447338235e-05
G2,OSI1,39139,0.029253970003649737,0.027102488041041616,-0.002151481962608122,-0.0021788828499641755,2.740088735605356e-05
G2,OSI1,39141,0.0,0.0,0.0,0.0,0.0
G2,OSI1,39143,0.0036021551988239735,0.0036397870264220124,3.763182759803892e-05,2.779596642321679e-05,9.83586117482213e-06
G2,OSI1,39145,0.0,0.0,0.0,0.0,0.0
G2,OSI1,39147,0.002974210581719953,0.0026617641043276802,-0.0003124464773922729,-0.00025262801250769016,-5.981846488458276e-05
G2,OSI1,39149,0.01442347887539554,0.01956192049228089,0.005138441616885349,0.003862243089930644,0.0012761985269547048
G2,OSI1,39151,0.011797433117845112,0.010243365040393231,-0.0015540680774518804,-0.001610354953897445,5.628687644556457e-05
G2,OSI1,39153,0.009094485916047479,0.008407919863981898,-0.0006865660520655806,-0.0006865660520655806,0.0
G2,OSI1,39155,0.004122303467794013,0.004136850288252005,1.4546820457992174e-05,1.4546820457992174e-05,0.0
G2,OSI1,39157,0.06212191682975162,0.055465049086686105,-0.006656867743065516,-0.006656867743065516,0.0
G2,OSI1,39159,0.006742537941778155,0.010225681616166592,0.0034831436743884368,0.0025142811990834808,0.000968862475304956
G2,OSI1,39161,0.00863002725486078,0.009469531106513399,0.0008395038516526183,0.0006189538423915855,0.00022055000926103283
G2,OSI1,39163,0.0019273696565145272,0.0011588425284721642,-0.0007685271280423629,-0.0005497454456780519,-0.00021878168236431103
G2,OSI1,39165,0.0,0.0,0.0,0.0,0.0
G2,OSI1,39167,0.0,0.0,0.0,0.0,0.0
G2,OSI1,39169,0.015495289279872818,0.013287298795991442,-0.002207990483881376,-0.002211183880914871,3.1933970334949158e-06
G2,OSI1,39171,0.0105374396065451,0.009122187824414624,-0.001415251782130476,-0.0008982748522528058,-0.0005169769298776702
G2,OSI1,39173,0.012297966846607982,0.010938851185056433,-0.001359115661551549,-0.0014794166218620643,0.0001203009603105154
G2,OSI1,39175,0.004705833674573761,0.005265839710122961,0.0005600060355491999,0.0007485740601439802,-0.00018856802459478027
G2,OSI1,42005,0.02404154030256736,0.02174976870163841,-0.0022917716009289504,-0.0022917716009289504,0.0
G2,OSI1,42007,0.030391651714598105,0.028234171412150916,-0.0021574803024471886,-0.0021574803024471886,0.0
G2,OSI1,42009,0.014406087019233897,0.011274473862030567,-0.0031316131572033303,-0.0031316131572033303,0.0
G2,OSI1,42013,0.002282759011143014,0.002448078499140031,0.00016531948799701707,0.00012487477445541394,4.044471354160313e-05
G2,OSI1,42015,0.0011090889122206743,0.0,-0.0011090889122206743,-0.0011214958158077526,1.2406903587078386e-05
G2,OSI1,42019,0.027126291477022627,0.023853016951086443,-0.003273274525936183,-0.003273274525936183,0.0
G2,OSI1,42021,0.012474697355329738,0.010939604231374144,-0.0015350931239555936,-0.001380427661053939,-0.00015466546290165452
G2,OSI1,42023,0.0,0.0033627601413364462,0.0033627601413364462,0.0014816979554742578,0.0018810621858621885
G2,OSI1,42025,0.0,0.0,0.0,0.0,0.0
G2,OSI1,42027,0.0010022283691759608,0.0,-0.0010022283691759608,-0.001010981749591258,8.753380415297152e-06
G2,OSI1,42029,0.0,0.0,0.0,0.0,0.0
G2,OSI1,42031,0.009376463186963462,0.009171036338860857,-0.00020542684810260538,0.00017429800471622202,-0.0003797248528188274
G2,OSI1,42033,0.013962047047107929,0.012054642399805074,-0.0019074046473028551,-0.0020627511071059645,0.00015534645980310943
G2,OSI1,42035,0.0,0.0013985863522461147,0.0013985863522461147,0.0013985863522461147,0.0
G2,OSI1,42039,0.004474449854318652,0.004591197649583204,0.00011674779526455164,0.0004444565577179545,-0.00032770876245340284
G2,OSI1,42041,0.0,0.0,0.0,0.0,0.0
G2,OSI1,42043,0.0,0.0,0.0,0.0,0.0
G2,OSI1,42045,0.0,0.0,0.0,0.0,0.0
G2,OSI1,42047,0.0,0.0012655389631441377,0.0012655389631441377,0.0012655389631441377,0.0
G2,OSI1,42049,0.0034377400364094595,0.003782662130267395,0.0003449220938579354,0.0008362477912968705,-0.0004913256974389351
G2,OSI1,42051,0.005584025544781704,0.005265492555002037,-0.0003185329897796678,-0.0002886896408686836,-2.984334891098419e-05
G2,OSI1,42053,0.020057287526872296,0.019215089561828432,-0.0008421979650438637,-0.000990770257720746,0.00014857229267688232
G2,OSI1,42055,0.0,0.0,0.0,0.0,0.0
G2,OSI1,42057,0.0,0.0,0.0,0.0,0.0
G2,OSI1,42059,0.004468830534200901,0.004137458694569522,-0.0003313718396313796,-0.0003321778764626814,8.060368313017943e-07
G2,OSI1,42061,0.0,0.0,0.0,0.0,0.0
G2,OSI1,42063,0.016188014429261818,0.014558240968286205,-0.0016297734609756129,-0.0016297734609756129,0.0
G2,OSI1,42065,0.0064916267866538665,0.006154114516652388,-0.0003375122700014785,-0.0003375122700014785,0.0
G2,OSI1,42067,0.0,0.0,0.0,0.0,0.0
G2,OSI1,42069,0.0,0.0,0.0,0.0,0.0
G2,OSI1,42075,0.0,0.0,0.0,0.0,0.0
G2,OSI1,42077,0.0,0.0,0.0,0.0,0.0
G2,OSI1,42079,0.0,0.0,0.0,0.0,0.0
G2,OSI1,42081,0.0,0.0,0.0,0.0,0.0
G2,OSI1,42083,0.0034423810388176457,0.003948875341394598,0.0005064943025769519,0.0011373825949127772,-0.0006308882923358253
G2,OSI1,42085,0.0071531875514216975,0.006639610458127852,-0.0005135770932938452,-0.0005163948454960732,2.8177522022280327e-06
G2,OSI1,42089,0.0,0.0,0.0,0.0,0.0
G2,OSI1,42091,0.0,0.0,0.0,0.0,0.0
G2,OSI1,42095,0.0,0.0011134253276951832,0.0011134253276951832,0.0011134253276951832,0.0
G2,OSI1,42097,0.0,0.0,0.0,0.0,0.0
G2,OSI1,42101,0.0,0.0,0.0,0.0,0.0
G2,OSI1,42103,0.0,0.0,0.0,0.0,0.0
G2,OSI1,42109,0.0,0.0,0.0,0.0,0.0
G2,OSI1,42113,0.00219755070896567,0.002028587135941819,-0.00016896357302385086,-0.0012165496379546578,0.001047586064930807
G2,OSI1,42115,0.0,0.0,0.0,0.0,0.0
G2,OSI1,42119,0.0,0.0,0.0,0.0,0.0
G2,OSI1,42121,0.005175148027524649,0.005068398876131745,-0.00010674915139290402,-0.00010674915139290402,0.0
G2,OSI1,42125,0.040323042596458074,0.03459038391469702,-0.005732658681761052,-0.005732658681761052,0.0
G2,OSI1,42127,0.0013916492876280243,0.0,-0.0013916492876280243,0.0,-0.0013916492876280243
G2,OSI1,42129,0.014678489912858509,0.012594619268039953,-0.002083870644818556,-0.002083870644818556,0.0
G2,OSI1,42131,0.0,0.0,0.0,0.0,0.0
G2,OSI1,42133,0.0,0.0,0.0,0.0,0.0
G2,OSI1,54007,0.0,0.0,0.0,0.0,0.0
G2,OSI1,54009,0.03709650897612925,0.03283204752788163,-0.004264461448247617,-0.004887794762512616,0.0006233333142649997
G2,OSI1,54013,0.0,0.0,0.0,0.0,0.0
G2,OSI1,54015,0.0010528090775113307,0.0,-0.0010528090775113307,0.0,-0.0010528090775113307
G2,OSI1,54019,0.0,0.0,0.0,0.0,0.0
G2,OSI1,54023,0.0,0.0,0.0,0.0,0.0
G2,OSI1,54025,0.0,0.0,0.0,0.0,0.0
G2,OSI1,54027,0.0012476430833451998,0.0012292259237167028,-1.841715962849701e-05,1.785085503160197e-05,-3.626801466009898e-05
G2,OSI1,54029,0.048511187210773826,0.03933038323064321,-0.009180803980130617,-0.008930688684406107,-0.0002501152957245095
G2,OSI1,54031,0.0,0.001021956906096006,0.001021956906096006,0.001021956906096006,0.0
G2,OSI1,54033,0.0010128374207971672,0.0,-0.0010128374207971672,-0.0010128374207971672,0.0
G2,OSI1,54035,0.0,0.0,0.0,0.0,0.0
G2,OSI1,54037,0.0,0.0,0.0,0.0,0.0
G2,OSI1,54039,0.0,0.0,0.0,0.0,0.0
G2,OSI1,54041,0.0,0.0,0.0,0.0,0.0
G2,OSI1,54043,0.0,0.0,0.0,0.0,0.0
G2,OSI1,54045,0.0,0.0,0.0,0.0,0.0
G2,OSI1,54047,0.0,0.0,0.0,0.0,0.0
G2,OSI1,54053,0.0,0.0,0.0,0.0,0.0
G2,OSI1,54055,0.0,0.0,0.0,0.0,0.0
G2,OSI1,54057,0.0,0.0,0.0,0.0,0.0
G2,OSI1,54059,0.004098936745716655,0.004357003422639252,0.0002580666769225965,3.843554976511263e-05,0.00021963112715748384
G2,OSI1,54063,0.0,0.0,0.0,0.0,0.0
G2,OSI1,54067,0.0,0.0,0.0,0.0,0.0
G2,OSI1,54069,0.023061169999863032,0.022379639414948933,-0.0006815305849140994,-0.0006815305849140994,0.0
G2,OSI1,54071,0.0,0.0031170872960820666,0.0031170872960820666,0.0031170872960820666,0.0
G2,OSI1,54073,0.0011122125200807307,0.0010546867097584378,-5.7525810322292883e-05,-7.088705425695348e-05,1.3361243934660594e-05
G2,OSI1,54075,0.0,0.00187495822822342,0.00187495822822342,0.00187495822822342,0.0
G2,OSI1,54077,0.0,0.0010274313547849899,0.0010274313547849899,0.0010274313547849899,0.0
G2,OSI1,54079,0.0,0.0,0.0,0.0,0.0
G2,OSI1,54081,0.0,0.0,0.0,0.0,0.0
G2,OSI1,54083,0.0054281622296749625,0.004975891775383703,-0.0004522704542912594,-0.0006843229256525531,0.0002320524713612937
G2,OSI1,54085,0.0014048284488081472,0.0,-0.0014048284488081472,-0.0014048284488081472,0.0
G2,OSI1,54087,0.0,0.0011801592436741562,0.0011801592436741562,0.0011801592436741562,0.0
G2,OSI1,54089,0.0,0.0010411765622576799,0.0010411765622576799,0.0010411765622576799,0.0
G2,OSI1,54091,0.007441993668108903,0.006642534299266762,-0.0007994593688421415,-0.0007994593688421415,0.0
G2,OSI1,54093,0.002900412428294616,0.0025849413148619363,-0.0003154711134326798,-0.0003154711134326798,0.0
G2,OSI1,54095,0.0013110832118199056,0.001333151875476838,2.2068663656932448e-05,2.2068663656932448e-05,0.0
G2,OSI1,54097,0.0,0.0,0.0,0.0,0.0
G2,OSI1,54099,0.004818071788447358,0.004187555695663475,-0.0006305160927838832,-0.0005945381265695772,-3.597796621430602e-05
G2,OSI1,54101,0.001576469477341164,0.0016874788140061917,0.00011100933666502769,0.0002249531423201181,-0.00011394380565509041
G2,OSI1,54103,0.0046209951880318584,0.0034760584874811602,-0.0011449367005506982,-0.0013306044683370176,0.00018566776778631937
G2,OSI1,54105,0.0,0.0,0.0,0.0,0.0
G2,OSI1,54107,0.0,0.0,0.0,0.0,0.0
G2,OSI1,54109,0.001341829526931965,0.0,-0.001341829526931965,0.0,-0.001341829526931965
G2,OSI6,18009,0.00858303184489814,0.007318407907113189,-0.0012646239377849516,-0.0012646239377849516,0.0
G2,OSI6,18013,0.0012676617740757152,0.0016501984212219237,0.0003825366471462085,0.0016501984212219237,-0.0012676617740757152
G2,OSI6,18023,0.0,0.0,0.0,0.0,0.0
G2,OSI6,18025,0.0,0.0,0.0,0.0,0.0
G2,OSI6,18027,0.0,0.0,0.0,0.0,0.0
G2,OSI6,18029,0.0,0.0,0.0,0.0,0.0
G2,OSI6,18033,0.0,0.0,0.0,0.0,0.0
G2,OSI6,18035,0.00157349243620818,0.001027292572981716,-0.0005461998632264639,-0.0005227875365097796,-2.3412326716684305e-05
G2,OSI6,18037,0.0,0.0,0.0,0.0,0.0
G2,OSI6,18039,0.002260368075686439,0.001960217577314905,-0.00030015049837153404,-0.0002083979074596681,-9.175259091186595e-05
G2,OSI6,18041,0.0,0.0,0.0,0.0,0.0
G2,OSI6,18043,0.0,0.0,0.0,0.0,0.0
G2,OSI6,18045,0.0,0.0,0.0,0.0,0.0
G2,OSI6,18047,0.0,0.0,0.0,0.0,0.0
G2,OSI6,18051,0.0,0.0,0.0,0.0,0.0
G2,OSI6,18059,0.0,0.0,0.0,0.0,0.0
G2,OSI6,18061,0.0,0.0,0.0,0.0,0.0
G2,OSI6,18065,0.0,0.0,0.0,0.0,0.0
G2,OSI6,18067,0.0,0.0,0.0,0.0,0.0
G2,OSI6,18069,0.0,0.0,0.0,0.0,0.0
G2,OSI6,18071,0.0,0.0,0.0,0.0,0.0
G2,OSI6,18073,0.0024481407514403124,0.0011287079651822168,-0.0013194327862580957,0.00011699082915174485,-0.0014364236154098405
G2,OSI6,18077,0.0,0.0,0.0,0.0,0.0
G2,OSI6,18083,0.0,0.0,0.0,0.0,0.0
G2,OSI6,18085,0.005445460351243324,0.004975323781632495,-0.00047013656961082933,-0.00047013656961082933,0.0
G2,OSI6,18087,0.003600767317303924,0.004172927533088261,0.000572160215784337,-0.0010462564330413083,0.0016184166488256452
G2,OSI6,18089,0.0020397686585960986,0.0016578898645370865,-0.0003818787940590121,-0.00039175410896615534,9.875314907143232e-06
G2,OSI6,18091,0.0,0.0,0.0,0.0,0.0
G2,OSI6,18093,0.0,0.0,0.0,0.0,0.0
G2,OSI6,18095,0.0,0.0,0.0,0.0,0.0
G2,OSI6,18097,0.0,0.0,0.0,0.0,0.0
G2,OSI6,18099,0.0018347965236509267,0.0012521431250997592,-0.0005826533985511676,0.00011385356240158876,-0.0006965069609527563
G2,OSI6,18101,0.0035462079123790265,0.0019304774806231289,-0.0016157304317558976,-0.0010794145337817938,-0.0005363158979741038
G2,OSI6,18103,0.0,0.0,0.0,0.0,0.0
G2,OSI6,18105,0.0,0.0,0.0,0.0,0.0
G2,OSI6,18107,0.0,0.0,0.0,0.0,0.0
G2,OSI6,18109,0.0,0.0,0.0,0.0,0.0
G2,OSI6,18111,0.0050347688365023,0.004430074762181618,-0.0006046940743206818,0.0007789988388420244,-0.0013836929131627062
G2,OSI6,18113,0.0,0.0,0.0,0.0,0.0
G2,OSI6,18117,0.0,0.0,0.0,0.0,0.0
G2,OSI6,18121,0.0022837514991763514,0.002842559631596246,0.0005588081324198945,-4.221931454609536e-05,0.0006010274469659899
G2,OSI6,18123,0.0010314361555075278,0.001097966339142457,6.653018363492929e-05,0.001097966339142457,-0.0010314361555075278
G2,OSI6,18125,0.0,0.0,0.0,0.0,0.0
G2,OSI6,18127,0.003411550620655801,0.002956926841812493,-0.0004546237788433079,-0.0004546237788433079,0.0
G2,OSI6,18129,0.0010974148592416831,0.0,-0.0010974148592416831,0.0,-0.0010974148592416831
G2,OSI6,18131,0.0,0.0,0.0,0.0,0.0
G2,OSI6,18133,0.0,0.0,0.0,0.0,0.0
G2,OSI6,18135,0.00437008863460334,0.0038552156003347406,-0.0005148730342685991,-0.000534172864234685,1.929982996608584e-05
G2,OSI6,18137,0.0,0.0,0.0,0.0,0.0
G2,OSI6,18139,0.0,0.0,0.0,0.0,0.0
G2,OSI6,18141,0.0020059557809576183,0.001869191733439856,-0.00013676404751776223,-0.0003040242631706491,0.00016726021565288685
G2,OSI6,18143,0.0,0.0,0.0,0.0,0.0
G2,OSI6,18145,0.0,0.0,0.0,0.0,0.0
G2,OSI6,18147,0.001161286484489058,0.0,-0.001161286484489058,0.0,-0.001161286484489058
G2,OSI6,18149,0.0014356886466491362,0.004014276311512107,0.0025785876648629705,0.0025785876648629705,0.0
G2,OSI6,18151,0.00179896403758242,0.001958840984025131,0.00015987694644271086,0.0007364505806921893,-0.0005765736342494784
G2,OSI6,18153,0.0,0.0,0.0,0.0,0.0
G2,OSI6,18155,0.0,0.0,0.0,0.0,0.0
G2,OSI6,18157,0.0,0.0,0.0,0.0,0.0
G2,OSI6,18159,0.0,0.0,0.0,0.0,0.0
G2,OSI6,18161,0.0,0.0,0.0,0.0,0.0
G2,OSI6,18163,0.0,0.0,0.0,0.0,0.0
G2,OSI6,18165,0.0,0.0,0.0,0.0,0.0
G2,OSI6,18167,0.0,0.0,0.0,0.0,0.0
G2,OSI6,18169,0.0,0.0,0.0,0.0,0.0
G2,OSI6,18171,0.0,0.0,0.0,0.0,0.0
G2,OSI6,18173,0.0,0.0,0.0,0.0,0.0
G2,OSI6,18175,0.0,0.0,0.0,0.0,0.0
G2,OSI6,18177,0.0,0.0,0.0,0.0,0.0
G2,OSI6,18179,0.0,0.0,0.0,0.0,0.0
G2,OSI6,18181,0.0,0.0,0.0,0.0,0.0
G2,OSI6,18183,0.0,0.0,0.0,0.0,0.0
G2,OSI6,39017,0.0,0.0,0.0,0.0,0.0
G2,OSI6,39023,0.01254204715155422,0.012101485496375738,-0.0004405616551784817,-0.0004405616551784817,0.0
G2,OSI6,39025,0.0,0.0,0.0,0.0,0.0
G2,OSI6,39027,0.0,0.0,0.0,0.0,0.0
G2,OSI6,39029,0.03150501903275015,0.028460009345730213,-0.0030450096870199388,-0.0030450096870199388,0.0
G2,OSI6,39031,0.10335999040841909,0.10725569371826338,0.0038957033098442895,0.0038957033098442895,0.0
G2,OSI6,39033,0.010253283898322764,0.010111747815937646,-0.00014153608238511722,0.0005462391397974692,-0.0006877752221825864
G2,OSI6,39035,0.016152535878046295,0.013431517495238495,-0.0027210183828077997,-0.0027210183828077997,0.0
G2,OSI6,39037,0.0014952977251857411,0.0018896315492434876,0.0003943338240577465,0.000268297262259333,0.0001260365617984135
G2,OSI6,39039,0.003360884661881314,0.0032508990897551567,-0.00010998557212615716,0.00012421474046014121,-0.00023420031258629837
G2,OSI6,39045,0.007785735756633322,0.00767352578175259,-0.00011220997488073196,-0.00013515227209639005,2.294229721565809e-05
G2,OSI6,39049,0.012897689733500013,0.011558704444015962,-0.0013389852894840504,-0.0013389852894840504,0.0
G2,OSI6,39051,0.004061437123458007,0.00466261816874064,0.0006011810452826328,0.0005818688328368023,1.931221244583052e-05
G2,OSI6,39053,0.0,0.0,0.0,0.0,0.0
G2,OSI6,39055,0.03882515853954145,0.03533987482244496,-0.003485283717096492,-0.0035060683400873344,2.0784622990842327e-05
G2,OSI6,39059,0.10358607760478186,0.10202037600702402,-0.001565701597757846,-0.001565701597757846,0.0
G2,OSI6,39061,0.0,0.0,0.0,0.0,0.0
G2,OSI6,39063,0.0034573508545404194,0.0025934869614250644,-0.000863863893115355,-0.0001705851838551711,-0.0006932787092601839
G2,OSI6,39065,0.001885904514279987,0.0023776353923804228,0.0004917308781004358,0.0005071880601503337,-1.5457182049897914e-05
G2,OSI6,39069,0.003639542882724908,0.0030693702336786434,-0.0005701726490462645,-0.0005702489481809515,7.629913468696833e-08
G2,OSI6,39073,0.008221655520509664,0.008833501203665859,0.0006118456831561946,0.0006118456831561946,0.0
G2,OSI6,39075,0.11538567725748237,0.11092033495785364,-0.004465342299628736,-0.00446392692523899,-1.415374389746038e-06
G2,OSI6,39077,0.018043226972965735,0.01679516189858929,-0.0012480650743764456,-0.001267070434930715,1.900536055426949e-05
G2,OSI6,39081,0.04509315158039892,0.04221793765085762,-0.0028752139295412996,-0.0028752139295412996,0.0
G2,OSI6,39085,0.004040002414643722,0.003751200108958449,-0.000288802305685273,-0.00033759309573890917,4.879079005363617e-05
G2,OSI6,39087,0.0,0.0,0.0,0.0,0.0
G2,OSI6,39089,0.04698268976447479,0.04166552222882042,-0.005317167535654373,-0.005317167535654373,0.0
G2,OSI6,39091,0.022095192350743004,0.022584667625492418,0.0004894752747494138,0.0006566547937486948,-0.000167179518999281
G2,OSI6,39093,0.006566416349503121,0.005424052885507175,-0.0011423634639959462,-0.0011056908528699737,-3.667261112597249e-05
G2,OSI6,39095,0.0025164761240521645,0.0022759859815156777,-0.00024049014253648684,-0.00024049014253648684,0.0
G2,OSI6,39097,0.009279376667611458,0.008026042256639682,-0.0012533344109717758,-0.0012533344109717758,0.0
G2,OSI6,39099,0.0021380382871390513,0.003194599412684674,0.0010565611255456226,0.0011003711200610966,-4.3809994515474e-05
G2,OSI6,39101,0.012483803205257792,0.01096993534013078,-0.001513867865127012,-0.0008743233488308546,-0.0006395445162961574
G2,OSI6,39103,0.014099400419253021,0.012140112064164514,-0.001959288355088507,-0.0019529407362420606,-6.3476188464466066e-06
G2,OSI6,39105,0.0,0.0,0.0,0.0,0.0
G2,OSI6,39107,0.01563581534049481,0.017436362710356,0.0018005473698611899,0.0017688601133482723,3.168725651291754e-05
G2,OSI6,39109,0.0027008005338066757,0.0025461450441824286,-0.00015465548962424703,-0.00015465548962424703,0.0
G2,OSI6,39111,0.01846433218758586,0.02050681420576043,0.002042482018174571,0.002042482018174571,0.0
G2,OSI6,39113,0.0015415955063336985,0.0013851087923677325,-0.00015648671396596594,-0.00015648671396596594,0.0
G2,OSI6,39115,0.005654836184976155,0.0071054129094925075,0.0014505767245163526,0.0013833488556880226,6.722786882833003e-05
G2,OSI6,39117,0.16962329782032848,0.14247321856733244,-0.027150079252996034,-0.027098005848182505,-5.207340481352962e-05
G2,OSI6,39119,0.08685877111512119,0.08948439893112317,0.0026256278160019797,0.0026256278160019797,0.0
G2,OSI6,39121,0.015807938039022244,0.015041855857506949,-0.0007660821815152954,-0.0007660821815152954,0.0
G2,OSI6,39123,0.0016537921997655804,0.0015926941143191568,-6.109808544642369e-05,9.55468652012524e-05,-0.00015664495064767608
G2,OSI6,39125,0.025171316403471398,0.017101252031525897,-0.0080700643719455,-0.008041477114794148,-2.8587257151352352e-05
G2,OSI6,39127,0.04476785724465911,0.03744486483749826,-0.007322992407160847,-0.007322992407160847,0.0
G2,OSI6,39129,0.0,0.0,0.0,0.0,0.0
G2,OSI6,39131,0.0,0.0,0.0,0.0,0.0
G2,OSI6,39133,0.012913351769531116,0.011585097619971868,-0.0013282541495592479,-0.0013282541495592479,0.0
G2,OSI6,39135,0.0,0.0,0.0,0.0,0.0
G2,OSI6,39137,0.01651084667078229,0.013032971876382393,-0.003477874794399897,-0.003436527722952559,-4.1347071447338235e-05
G2,OSI6,39139,0.029253970003649737,0.027102488041041616,-0.002151481962608122,-0.0021788828499641755,2.740088735605356e-05
G2,OSI6,39141,0.0,0.0,0.0,0.0,0.0
G2,OSI6,39143,0.0036021551988239735,0.0036397870264220124,3.763182759803892e-05,2.779596642321679e-05,9.83586117482213e-06
G2,OSI6,39145,0.0,0.0,0.0,0.0,0.0
G2,OSI6,39147,0.002974210581719953,0.0026617641043276802,-0.0003124464773922729,-0.00025262801250769016,-5.981846488458276e-05
G2,OSI6,39149,0.01442347887539554,0.01956192049228089,0.005138441616885349,0.003862243089930644,0.0012761985269547048
G2,OSI6,39151,0.011797433117845112,0.010243365040393231,-0.0015540680774518804,-0.001610354953897445,5.628687644556457e-05
G2,OSI6,39153,0.009094485916047479,0.008407919863981898,-0.0006865660520655806,-0.0006865660520655806,0.0
G2,OSI6,39155,0.004122303467794013,0.004136850288252005,1.4546820457992174e-05,1.4546820457992174e-05,0.0
G2,OSI6,39157,0.06212191682975162,0.055465049086686105,-0.006656867743065516,-0.006656867743065516,0.0
G2,OSI6,39159,0.006742537941778155,0.010225681616166592,0.0034831436743884368,0.0025142811990834808,0.000968862475304956
G2,OSI6,39161,0.00863002725486078,0.009469531106513399,0.0008395038516526183,0.0006189538423915855,0.00022055000926103283
G2,OSI6,39163,0.0019273696565145272,0.0011588425284721642,-0.0007685271280423629,-0.0005497454456780519,-0.00021878168236431103
G2,OSI6,39165,0.0,0.0,0.0,0.0,0.0
G2,OSI6,39167,0.0,0.0,0.0,0.0,0.0
G2,OSI6,39169,0.015495289279872818,0.013287298795991442,-0.002207990483881376,-0.002211183880914871,3.1933970334949158e-06
G2,OSI6,39171,0.0105374396065451,0.009122187824414624,-0.001415251782130476,-0.0008982748522528058,-0.0005169769298776702
G2,OSI6,39173,0.012297966846607982,0.010938851185056433,-0.001359115661551549,-0.0014794166218620643,0.0001203009603105154
G2,OSI6,39175,0.004705833674573761,0.005265839710122961,0.0005600060355491999,0.0007485740601439802,-0.00018856802459478027
G2,OSI6,42005,0.02404154030256736,0.02174976870163841,-0.0022917716009289504,-0.0022917716009289504,0.0
G2,OSI6,42007,0.030391651714598105,0.028234171412150916,-0.0021574803024471886,-0.0021574803024471886,0.0
G2,OSI6,42009,0.014406087019233897,0.011274473862030567,-0.0031316131572033303,-0.0031316131572033303,0.0
G2,OSI6,42013,0.002282759011143014,0.002448078499140031,0.00016531948799701707,0.00012487477445541394,4.044471354160313e-05
G2,OSI6,42015,0.0011090889122206743,0.0,-0.0011090889122206743,-0.0011214958158077526,1.2406903587078386e-05
G2,OSI6,42019,0.027126291477022627,0.023853016951086443,-0.003273274525936183,-0.003273274525936183,0.0
G2,OSI6,42021,0.012474697355329738,0.010939604231374144,-0.0015350931239555936,-0.001380427661053939,-0.00015466546290165452
G2,OSI6,42023,0.0,0.0033627601413364462,0.0033627601413364462,0.0014816979554742578,0.0018810621858621885
G2,OSI6,42025,0.0,0.0,0.0,0.0,0.0
G2,OSI6,42027,0.0010022283691759608,0.0,-0.0010022283691759608,-0.001010981749591258,8.753380415297152e-06
G2,OSI6,42029,0.0,0.0,0.0,0.0,0.0
G2,OSI6,42031,0.009376463186963462,0.009171036338860857,-0.00020542684810260538,0.00017429800471622202,-0.0003797248528188274
G2,OSI6,42033,0.013962047047107929,0.012054642399805074,-0.0019074046473028551,-0.0020627511071059645,0.00015534645980310943
G2,OSI6,42035,0.0,0.0013985863522461147,0.0013985863522461147,0.0013985863522461147,0.0
G2,OSI6,42039,0.004474449854318652,0.004591197649583204,0.00011674779526455164,0.0004444565577179545,-0.00032770876245340284
G2,OSI6,42041,0.0,0.0,0.0,0.0,0.0
G2,OSI6,42043,0.0,0.0,0.0,0.0,0.0
G2,OSI6,42045,0.0,0.0,0.0,0.0,0.0
G2,OSI6,42047,0.0,0.0012655389631441377,0.0012655389631441377,0.0012655389631441377,0.0
G2,OSI6,42049,0.0034377400364094595,0.003782662130267395,0.0003449220938579354,0.0008362477912968705,-0.0004913256974389351
G2,OSI6,42051,0.005584025544781704,0.005265492555002037,-0.0003185329897796678,-0.0002886896408686836,-2.984334891098419e-05
G2,OSI6,42053,0.020057287526872296,0.019215089561828432,-0.0008421979650438637,-0.000990770257720746,0.00014857229267688232
G2,OSI6,42055,0.0,0.0,0.0,0.0,0.0
G2,OSI6,42057,0.0,0.0,0.0,0.0,0.0
G2,OSI6,42059,0.004468830534200901,0.004137458694569522,-0.0003313718396313796,-0.0003321778764626814,8.060368313017943e-07
G2,OSI6,42061,0.0,0.0,0.0,0.0,0.0
G2,OSI6,42063,0.016188014429261818,0.014558240968286205,-0.0016297734609756129,-0.0016297734609756129,0.0
G2,OSI6,42065,0.0064916267866538665,0.006154114516652388,-0.0003375122700014785,-0.0003375122700014785,0.0
G2,OSI6,42067,0.0,0.0,0.0,0.0,0.0
G2,OSI6,42069,0.0,0.0,0.0,0.0,0.0
G2,OSI6,42075,0.0,0.0,0.0,0.0,0.0
G2,OSI6,42077,0.0,0.0,0.0,0.0,0.0
G2,OSI6,42079,0.0,0.0,0.0,0.0,0.0
G2,OSI6,42081,0.0,0.0,0.0,0.0,0.0
G2,OSI6,42083,0.0034423810388176457,0.003948875341394598,0.0005064943025769519,0.0011373825949127772,-0.0006308882923358253
G2,OSI6,42085,0.0071531875514216975,0.006639610458127852,-0.0005135770932938452,-0.0005163948454960732,2.8177522022280327e-06
G2,OSI6,42089,0.0,0.0,0.0,0.0,0.0
G2,OSI6,42091,0.0,0.0,0.0,0.0,0.0
G2,OSI6,42095,0.0,0.0011134253276951832,0.0011134253276951832,0.0011134253276951832,0.0
G2,OSI6,42097,0.0,0.0,0.0,0.0,0.0
G2,OSI6,42101,0.0,0.0,0.0,0.0,0.0
G2,OSI6,42103,0.0,0.0,0.0,0.0,0.0
G2,OSI6,42109,0.0,0.0,0.0,0.0,0.0
G2,OSI6,42113,0.00219755070896567,0.002028587135941819,-0.00016896357302385086,-0.0012165496379546578,0.001047586064930807
G2,OSI6,42115,0.0,0.0,0.0,0.0,0.0
G2,OSI6,42119,0.0,0.0,0.0,0.0,0.0
G2,OSI6,42121,0.005175148027524649,0.005068398876131745,-0.00010674915139290402,-0.00010674915139290402,0.0
G2,OSI6,42125,0.040323042596458074,0.03459038391469702,-0.005732658681761052,-0.005732658681761052,0.0
G2,OSI6,42127,0.0013916492876280243,0.0,-0.0013916492876280243,0.0,-0.0013916492876280243
G2,OSI6,42129,0.014678489912858509,0.012594619268039953,-0.002083870644818556,-0.002083870644818556,0.0
G2,OSI6,42131,0.0,0.0,0.0,0.0,0.0
G2,OSI6,42133,0.0,0.0,0.0,0.0,0.0
G2,OSI6,54007,0.0,0.0,0.0,0.0,0.0
G2,OSI6,54009,0.03709650897612925,0.03283204752788163,-0.004264461448247617,-0.004887794762512616,0.0006233333142649997
G2,OSI6,54013,0.0,0.0,0.0,0.0,0.0
G2,OSI6,54015,0.0010528090775113307,0.0,-0.0010528090775113307,0.0,-0.0010528090775113307
G2,OSI6,54019,0.0,0.0,0.0,0.0,0.0
G2,OSI6,54023,0.0,0.0,0.0,0.0,0.0
G2,OSI6,54025,0.0,0.0,0.0,0.0,0.0
G2,OSI6,54027,0.0012476430833451998,0.0012292259237167028,-1.841715962849701e-05,1.785085503160197e-05,-3.626801466009898e-05
G2,OSI6,54029,0.048511187210773826,0.03933038323064321,-0.009180803980130617,-0.008930688684406107,-0.0002501152957245095
G2,OSI6,54031,0.0,0.001021956906096006,0.001021956906096006,0.001021956906096006,0.0
G2,OSI6,54033,0.0010128374207971672,0.0,-0.0010128374207971672,-0.0010128374207971672,0.0
G2,OSI6,54035,0.0,0.0,0.0,0.0,0.0
G2,OSI6,54037,0.0,0.0,0.0,0.0,0.0
G2,OSI6,54039,0.0,0.0,0.0,0.0,0.0
G2,OSI6,54041,0.0,0.0,0.0,0.0,0.0
G2,OSI6,54043,0.0,0.0,0.0,0.0,0.0
G2,OSI6,54045,0.0,0.0,0.0,0.0,0.0
G2,OSI6,54047,0.0,0.0,0.0,0.0,0.0
G2,OSI6,54053,0.0,0.0,0.0,0.0,0.0
G2,OSI6,54055,0.0,0.0,0.0,0.0,0.0
G2,OSI6,54057,0.0,0.0,0.0,0.0,0.0
G2,OSI6,54059,0.004098936745716655,0.004357003422639252,0.0002580666769225965,3.843554976511263e-05,0.00021963112715748384
G2,OSI6,54063,0.0,0.0,0.0,0.0,0.0
G2,OSI6,54067,0.0,0.0,0.0,0.0,0.0
G2,OSI6,54069,0.023061169999863032,0.022379639414948933,-0.0006815305849140994,-0.0006815305849140994,0.0
G2,OSI6,54071,0.0,0.0031170872960820666,0.0031170872960820666,0.0031170872960820666,0.0
G2,OSI6,54073,0.0011122125200807307,0.0010546867097584378,-5.7525810322292883e-05,-7.088705425695348e-05,1.3361243934660594e-05
G2,OSI6,54075,0.0,0.00187495822822342,0.00187495822822342,0.00187495822822342,0.0
G2,OSI6,54077,0.0,0.0010274313547849899,0.0010274313547849899,0.0010274313547849899,0.0
G2,OSI6,54079,0.0,0.0,0.0,0.0,0.0
G2,OSI6,54081,0.0,0.0,0.0,0.0,0.0
G2,OSI6,54083,0.0054281622296749625,0.004975891775383703,-0.0004522704542912594,-0.0006843229256525531,0.0002320524713612937
G2,OSI6,54085,0.0014048284488081472,0.0,-0.0014048284488081472,-0.0014048284488081472,0.0
G2,OSI6,54087,0.0,0.0011801592436741562,0.0011801592436741562,0.0011801592436741562,0.0
G2,OSI6,54089,0.0,0.0010411765622576799,0.0010411765622576799,0.0010411765622576799,0.0
G2,OSI6,54091,0.007441993668108903,0.006642534299266762,-0.0007994593688421415,-0.0007994593688421415,0.0
G2,OSI6,54093,0.002900412428294616,0.0025849413148619363,-0.0003154711134326798,-0.0003154711134326798,0.0
G2,OSI6,54095,0.0013110832118199056,0.001333151875476838,2.2068663656932448e-05,2.2068663656932448e-05,0.0
G2,OSI6,54097,0.0,0.0,0.0,0.0,0.0
G2,OSI6,54099,0.004818071788447358,0.004187555695663475,-0.0006305160927838832,-0.0005945381265695772,-3.597796621430602e-05
G2,OSI6,54101,0.001576469477341164,0.0016874788140061917,0.00011100933666502769,0.0002249531423201181,-0.00011394380565509041
G2,OSI6,54103,0.0046209951880318584,0.0034760584874811602,-0.0011449367005506982,-0.0013306044683370176,0.00018566776778631937
G2,OSI6,54105,0.0,0.0,0.0,0.0,0.0
G2,OSI6,54107,0.0,0.0,0.0,0.0,0.0
G2,OSI6,54109,0.001341829526931965,0.0,-0.001341829526931965,0.0,-0.001341829526931965
