tree
version=v4
num_class=1
num_tree_per_iteration=1
label_index=0
max_feature_idx=162
objective=huber
feature_names=last_osi last_P_t last_N_t last_D_t last_R_t last_outage_pct osi_mean_72h osi_max_72h osi_std_72h outage_pct_mean_72h outage_pct_max_72h N_t_mean_72h N_t_max_72h R_t_mean_72h R_t_max_72h pre_event_mean_osi pre_event_max_outage_pct storm_onset_max_osi storm_onset_mean_osi osi_trend_last6h is_worsening frac_zero_72h hours_since_peak gust_mean_obs gust_max_obs gust_gt30_obs gust_gt40_obs cumul_gust_obs gust_last_obs gust_max_last6h_obs gust_trend_last6h_obs gust_t wind_speed_t wind_sin_t wind_cos_t t2m_t d2m_t tp_t rain_t csnow_t sdwe_t r2_t vpd_t soil_moist_t blh_t tcc_t lcc_t mcc_t hcc_t sp_t mslma_t sdswrf_t direct_rad_t diffuse_rad_t et0_t temp_c_t dewpoint_c_t icing_risk_t gust_exceed_30 soil_moist_x_gust is_snowing gust_x_hso gust_x_phase soil_gust_x_phase gust_exceed30_x_hso gust_max_next_1h gust_mean_next_1h wind_speed_max_next_1h total_tp_next_1h min_t2m_next_1h gust_gt30_next_1h gust_gt40_next_1h gust_peak4h_mean_next_1h gust_max_next_6h gust_mean_next_6h wind_speed_max_next_6h total_tp_next_6h min_t2m_next_6h gust_gt30_next_6h gust_gt40_next_6h gust_peak4h_mean_next_6h gust_max_next_24h gust_mean_next_24h wind_speed_max_next_24h total_tp_next_24h min_t2m_next_24h gust_gt30_next_24h gust_gt40_next_24h gust_peak4h_mean_next_24h gust_max_next_48h gust_mean_next_48h wind_speed_max_next_48h total_tp_next_48h min_t2m_next_48h gust_gt30_next_48h gust_gt40_next_48h gust_peak4h_mean_next_48h gust_change_1h gust_change_3h pressure_change_3h pressure_change_6h temp_change_6h wind_change_1h cumul_gust_since_onset cumul_tp_since_onset gust_gt30_since_onset gust_at_t1h wind_speed_at_t1h t2m_at_t1h tp_at_t1h gust_at_t6h wind_speed_at_t6h t2m_at_t6h tp_at_t6h gust_at_t24h wind_speed_at_t24h t2m_at_t24h tp_at_t24h gust_at_t48h wind_speed_at_t48h t2m_at_t48h tp_at_t48h hour_of_day hour_sin hour_cos days_since_onset hours_since_obs storm_phase log_customers rural_urban_code is_metro pop_density n_utilities pct_forest pct_developed pct_agriculture pct_water pct_wetland pct_unmapped pct_forest_classified tree_canopy_pct tree_canopy_std forest_x_customers window_len_next_1h is_full_next_1h tp_rate_next_1h gust_gt30_frac_next_1h has_weather_at_t1h window_len_next_6h is_full_next_6h tp_rate_next_6h gust_gt30_frac_next_6h has_weather_at_t6h window_len_next_24h is_full_next_24h tp_rate_next_24h gust_gt30_frac_next_24h has_weather_at_t24h window_len_next_48h is_full_next_48h tp_rate_next_48h gust_gt30_frac_next_48h has_weather_at_t48h
feature_infos=[0:0.55230000000000001] [0:0.82424180700000005] [0:0.065400654000000003] [0:0.90465771100000003] [0:0.058582058999999999] [0:82.420000000000002] [2.0833333333333333e-05:0.072337499999999999] [0.00029999999999999997:0.59799999999999998] [5.5119818980512305e-05:0.18169104839251773] [0.003472222222222222:11.391249999999999] [0.050000000000000003:100] [1.7098222222222223e-05:0.018623942125000001] [0.0001716:0.37916412199999999] [1.7052208333333331e-05:0.0135610985] [0.00014467000000000001:0.18675781699999999] [0:0.025660416666666668] [0:30.77] [0:0.59799999999999998] [0:0.20940416666666664] [-0.055854285714285697:0.019237142857142855] [0:1] [0:0.86111111111111116] [0:71] [13.03611111111111:31.258333333333326] [29.100000000000001:69.400000000000006] [0:35] [0:18] [938.59999999999991:2250.5999999999995] [3.5:46.600000000000001] [15.4:62.399999999999999] [-5.6828571428571442:3.3114285714285714] [0.59999999999999998:58.299999999999997] [0:36.899999999999999] [-0.99999999953664132:0.99999999987412524] [-0.99999999369183823:1] [259.42265909999998:298.4303941] [257.50145359999999:289.8677619] [0:11.300000000000001] [0:11.300000000000001] [0:2.6600000000000001] [0:0.089999999999999997] [15:100] [0:2.4500000000000002] [0.16700000000000001:0.52300000000000002] [10:3090] [0:100] [0:100] [0:100] [0:100] [895.29999999999995:1027.2] [986.79999999999995:1031.8] [0:861] [0:737] [0:463] [0:0.60999999999999999] [-13.727340900000002:25.280394100000024] [-15.648546399999987:16.717761900000028] [0:1] [0:28.299999999999997] [0.19259999999999999:23.550000000000001] [0:1] [0.80000000000000004:3819.7999999999997] [0:107.59999999999999] [0:47.100000000000001] [0:1689.7999999999997] [1.2:58.299999999999997] [0.89999999999999991:54.5] [0:36.899999999999999] [0:14.699999999999999] [259.42265909999998:298.21776599999998] [0:2] [0:2] [0.89999999999999991:54.5] [3.5:58.299999999999997] [2.8999999999999999:49.214285714285715] [0.90000000000000002:36.899999999999999] [0:26.699999999999999] [259.42265909999998:296.40927479999999] [0:7] [0:7] [3.2249999999999996:52.550000000000004] [8.5999999999999996:58.299999999999997] [4.984:43.052] [5:36.899999999999999] [0:51.199999999999996] [259.42265909999998:286.57337899999999] [0:25] [0:19] [8.0499999999999989:52.550000000000004] [10.1:58.299999999999997] [5.3392857142857135:37.897959183673471] [5.0999999999999996:36.899999999999999] [0:52.900000000000006] [259.42265909999998:282.77648069999998] [0:42] [0:22] [9.375:52.550000000000004] [-24.299999999999997:28.199999999999999] [-27.399999999999999:35.700000000000003] [-6.1999999999999318:10.599999999999909] [-10.899999999999977:14.599999999999909] [-20.027499999999975:21.845291299999985] [-15.300000000000001:28.000000000000004] [347.09999999999997:4155.3000000000002] [0:53.200000000000003] [0:61] [0.59999999999999998:58.299999999999997] [0:36.899999999999999] [259.42265909999998:298.4303941] [0:11.300000000000001] [1.3:58.299999999999997] [0:36.899999999999999] [259.42265909999998:298.4303941] [0:11.300000000000001] [1.2:58.299999999999997] [0:36.899999999999999] [259.42265909999998:298.4303941] [0:11.300000000000001] [1.2:53.799999999999997] [0:34.299999999999997] [259.42265909999998:296.58327589999999] [0:11.300000000000001] [0:23] [-1:1] [-1:1] [1:5] [1:120] [0:3] [7.1180162044653335:13.453719692845613] [1:9] [0:1] [8.3691524328166658:11939.655837338518] [1:14] [0.96999999999999997:87.799999999999997] [2.3100000000000001:86.629999999999995] [0.040000000000000001:87.469999999999999] [0.01:5.5099999999999998] [0:19.780000000000001] [1.8899999999999999:18.32] [0.98868616858628067:95.815074496056084] [2.2000000000000002:81.680000000000007] [12.65:40.350000000000001] [8.0679963363985543:931.7442536362413] none none [0:7.3499999999999996] [0:1] none none none [0:3.8142857142857141] [0:1] none none none [0:2.048] [0:1] none [25:49] [0:1] [0:1.0795918367346939] [0:0.8571428571428571] [0:1]
tree_sizes=2956 2929 2940 3008 2941 2843 2912 2842 2972 2913 2944 2898 2939 2883 2919 2882 2942 2863 2891 2918 2995 2914 2820 2870 2882 2934 2880 2893 2930 2945 2915 2865 2936 2909 2927 2940 2875 2900 2880 2982 2885 2887 2951 2869 2910 2972 2938 2990 2916 2914 2845 2853 2863 2846 2823 2941 2902 2843 2831 2892 2859 2931 2798 2853 2956 2865 2865 2805 2993 2876 2812 2899 2892 2722 2907 2914 2869 2776 2864 2880 2844 2888 2806 2913 2835 2810 2802 2740 2775 2852 2725 2783 2848 2776 2872 2821 2813 2785 2875 2867 2764 2760 2803 2782 2806 2748 2764 2844 2708 2809 2777 2890 2794 2776 2822 2737 2879 2775 2718 2814 2723 2832 2789 2808 2813 2825 2771 2809 2793 2845 2786 2761 2790 2768 2691 2697 2719 2835 2751 2666 2750 2680 2793 2734 2733 2682 2729 2700 2723 2716 2713 2743 2739 2735 2762 2721 2656 2673 2734 2752 2703 2705 2740 2745 2766 2690 2733 2707 2775 2754 2767 2659 2751 2727 2743 2764 2639 2721 2684 2670 2640 2682 2655 2678 2758 2667 2620 2746 2693 2650 2706 2770 2653 2691 2684 2701 2558 2673 2645 2605 2667 2705 2711 2731 2826 2680 2693 2702 2756 2705 2689 2695 2669 2699 2692 2732 2678 2617 2686 2679 2762 2695 2636 2799 2678 2650 2662 2627 2648 2650 2721 2722 2720 2601 2637 2752 2651 2778 2777 2720 2591 2671 2677 2603 2640 2676 2742 2678 2634 2631 2607 2611 2655 2650 2631 2667 2728 2700 2697 2602 2735 2630 2671 2634 2741 2599 2616 2634 2637 2711 2738 2666 2591 2747 2719 2592

Tree=0
num_leaves=31
num_cat=0
split_feature=0 61 103 0 94 28 1 93 93 16 131 2 33 77 28 120 155 30 138 155 137 92 137 19 81 115 50 105 0 8
split_gain=0.172637 0.331831 0.070438 0.0538339 0.0410156 0.0404608 0.0193012 0.0459231 0.0153042 0.0493094 0.012418 0.0103824 0.0118201 0.00815585 0.0143104 0.0106792 0.00733233 0.00660653 0.00652839 0.00812493 0.00550465 0.00436279 0.00374427 0.004702 0.00329663 0.00328071 0.003213 0.0027338 0.00267238 0.0048453
threshold=0.23690000000000003 309.85000000000008 1961.5000000000002 0.018250000000000006 18.500000000000004 17.200000000000006 0.13543613500000004 271.44378530000006 263.75733265000002 1.2050000000000003 100.2802120376448 0.0031384280000000004 -0.023523574974387725 278.1608668500001 7.0500000000000007 271.36744750000008 0.67800000000000005 0.28285714285714203 4.6950000000000012 0.69400000000000017 1.7400000000000002 7.6500000000000021 0.045000000000000005 -0.00069857142857142882 53.850000000000001 12.250000000000002 1012.4500000000002 15.500000000000002 0.034600000000000006 0.011668712943750105
decision_type=2 2 2 2 2 2 2 2 2 2 2 2 2 2 2 10 2 2 2 2 2 2 2 2 2 2 2 2 2 2
left_child=2 -2 3 8 -3 -5 16 20 9 -1 -9 12 -10 -14 15 25 17 28 19 24 27 -4 23 -23 -16 -15 -19 -8 -7 -30
right_child=1 4 21 5 -6 6 7 10 11 -11 -12 -13 13 14 18 -17 -18 26 -20 -21 -22 22 -24 -25 -26 -27 -28 -29 29 -31
leaf_value=0.0028137565493876063 0.0076948469039272065 0.0028415564251414939 0.0026890101439472095 0.0041211611326392034 0.0044359518408239873 0.0027998347767570868 0.0030626657468554429 0.003233077664532933 0.0027130962182399126 0.0045896508450115614 0.0041468399827214678 0.0034015995434136656 0.0027624074056630033 0.0031089526605094274 0.0028821107025274605 0.0028137565493876063 0.0034104329522313083 0.0028137565493876063 0.002807405517741435 0.003622408879258807 0.0033699157135440019 0.003391413519324986 0.0027640070406705916 0.0028137565493876063 0.0033349449555999827 0.0037550116025774597 0.0033846515033054852 0.0028137565493876063 0.0032879148352275116 0.0028888746416930173
leaf_weight=172 50 187 8625 93 53 509 171 76 2570 50 149 70 1374 62 468 84 86 50 1257 51 86 59 458 70 50 92 110 266 92 825
leaf_count=172 50 187 8625 93 53 509 171 76 2570 50 149 70 1374 62 468 84 86 50 1257 51 86 59 458 70 50 92 110 266 92 825
internal_value=0.00281416 0.00402256 0.00279493 0.00289565 0.00321967 0.00309129 0.00304912 0.00326309 0.00281679 0.00322422 0.00386354 0.00280266 0.00279476 0.00285436 0.00291798 0.0032846 0.0029502 0.00292173 0.00286723 0.00300795 0.00299372 0.00269804 0.00282217 0.00306592 0.00293637 0.00353075 0.00323186 0.00290717 0.00288316 0.00293483
internal_weight=18315 290 18025 8813 240 2513 2420 748 6300 222 225 6078 6008 3438 2064 238 1672 1586 1826 569 523 9212 587 129 518 154 160 437 1426 917
internal_count=18315 290 18025 8813 240 2513 2420 748 6300 222 225 6078 6008 3438 2064 238 1672 1586 1826 569 523 9212 587 129 518 154 160 437 1426 917
is_linear=0
shrinkage=1


Tree=1
num_leaves=31
num_cat=0
split_feature=0 126 103 0 126 103 36 5 139 119 131 131 33 67 150 81 75 85 49 30 137 3 84 128 103 43 44 83 24 36
split_gain=0.156511 0.299784 0.0638468 0.0488201 0.0342426 0.0286452 0.0458664 0.0441654 0.0184401 0.0363316 0.0359458 0.0152023 0.00881539 0.00799337 0.00789501 0.00762545 0.00620194 0.00606838 0.00783992 0.00602295 0.00659519 0.00511528 0.0039796 0.00414451 0.00339481 0.00383663 0.00278228 0.00202147 0.00196621 0.00191279
threshold=0.23690000000000003 22.500000000000004 1961.5000000000002 0.018250000000000006 43.500000000000007 1074.6000000000001 270.59130420000002 13.545000000000002 83.560079890267147 3.2500000000000004 37.757193452824723 100.2802120376448 0.41019142482146448 15.550000000000002 0.19285714285714292 38.150000000000013 8.0500000000000025 272.90091890000002 951.95000000000016 0.28285714285714203 1.0000000180025095e-35 0.089082107000000008 4.950000000000002 9.0380664556519861 1512.1000000000001 0.36550000000000005 387.50000000000006 18.150000000000002 47.550000000000004 285.85423505000006
decision_type=2 2 2 2 2 2 2 2 2 8 2 2 2 2 2 2 2 2 2 2 2 2 2 2 2 2 2 2 2 2
left_child=2 -2 3 8 -3 6 7 21 12 10 -10 -9 29 19 15 -14 26 18 -11 20 -7 -5 -4 -24 25 -16 -17 -6 -22 -1
right_child=1 4 22 5 27 13 -8 11 9 17 -12 -13 14 -15 24 16 -18 -19 -20 -21 28 -23 23 -25 -26 -27 -28 -29 -30 -31
leaf_value=-9.3498905047795624e-05 0.0045609299915860295 0.001479146017830957 -0.00012001457426430402 0 -5.7857534265801378e-05 0.00072259380742252695 0.0017812206215961877 0.00037363478363677507 0.0020261703499808098 0 0.00017782428455480407 0.0012752225286016862 -7.7778384236269565e-05 0 0.00019149578463246907 0.00012423450564150751 5.9586311402920968e-05 -1.1515426274284684e-05 0.00076379932708760658 0.00058617497209085959 -2.7391030952068294e-06 0.00032477916356171037 0.00033155126483123531 -4.1746814400744694e-05 0 0.0008553255272368606 0.0007213392473068641 0.00029151050678708341 0.00016860185197764433 4.6157377014799607e-05
leaf_weight=2937 52 53 8421 340 131 55 66 97 52 91 66 149 1085 647 85 68 1039 433 64 115 146 193 82 709 53 52 58 54 705 217
leaf_count=2937 52 53 8421 340 131 55 66 97 52 91 66 149 1085 647 85 68 1039 433 64 115 146 193 82 709 53 52 58 54 705 217
internal_value=6.18479e-07 0.0011512 -1.76784e-05 7.81953e-05 0.00036933 0.000264503 0.000503855 0.000387076 3.05536e-06 0.000244362 0.00104455 0.000942913 -2.65437e-05 0.000140024 4.34762e-05 1.49416e-05 0.000105575 7.37905e-05 0.000342694 0.000227096 0.000175409 0.000119888 -0.000109941 0 0.00035336 0.000484064 0.000441978 1.82574e-05 0.000133369 -8.2294e-05
internal_weight=18315 290 18025 8813 238 2513 845 779 6300 706 118 246 5594 1668 2440 2250 1165 588 155 1021 906 533 9212 791 190 137 126 185 851 3154
internal_count=18315 290 18025 8813 238 2513 845 779 6300 706 118 246 5594 1668 2440 2250 1165 588 155 1021 906 533 9212 791 190 137 126 185 851 3154
is_linear=0
shrinkage=0.05


Tree=2
num_leaves=31
num_cat=0
split_feature=0 61 103 0 28 161 139 119 142 1 93 33 138 76 81 155 30 28 50 155 142 111 155 128 81 103 43 89 112 83
split_gain=0.141691 0.271507 0.0578875 0.0441799 0.0352346 0.0334292 0.0167198 0.0329649 0.029061 0.0161206 0.0380393 0.00799717 0.00791048 0.00719013 0.00692273 0.00613553 0.00565565 0.00556914 0.00482063 0.00406031 0.0038435 0.00538468 0.00360173 0.00402206 0.00324297 0.0030846 0.00338027 0.00300785 0.00238329 0.00205528
threshold=0.23690000000000003 309.85000000000008 1961.5000000000002 0.018250000000000006 17.200000000000006 0.3775510204081633 83.560079890267147 3.2500000000000004 781.43500067829962 0.13543613500000004 271.83235020000001 0.41019142482146448 5.6950000000000012 1.3500000000000005 38.150000000000013 0.67800000000000005 0.28285714285714203 7.0500000000000007 1022.6500000000002 0.006000000000000001 792.09608757843159 10.550000000000002 0.3020000000000001 9.0380664556519861 53.850000000000001 1512.1000000000001 0.36550000000000005 45.550000000000004 279.01110550000004 18.150000000000002
decision_type=2 2 2 2 2 2 2 10 2 2 2 2 2 2 2 2 2 2 2 2 2 2 2 2 2 2 2 2 2 2
left_child=2 -2 3 6 -5 29 11 8 -8 15 18 -1 -12 14 -13 16 28 -16 -11 -9 21 -21 -4 -24 -19 26 -15 -18 -6 -3
right_child=1 5 22 4 9 -7 7 19 -10 10 12 13 -14 25 17 -17 27 24 -20 20 -22 -23 23 -25 -26 -27 -28 -29 -30 -31
leaf_value=-7.8100780997574746e-05 0.0044182461061898406 -5.4986573285890648e-05 -0.00011232595279505728 0.0012133794318899473 0.00013178101248248822 0.0014653924883653721 0.0018511183698190674 -4.619455939219342e-05 0.00017899824304577826 8.8792598689662149e-05 0.0003043691548624669 -7.3893048598506328e-05 0.0011632603695860455 0.00018203233088231999 0.00060478249054656116 0.00054335917031055254 0 4.1447818853749135e-05 0.00052085601975870139 0.00080699934058138078 0 9.8892190517846983e-05 0.000404613166882579 -2.5709383850314053e-05 0.00037996242198295733 0 0.00081336615104689531 0.00053130118449123325 0 0.0002913906529807208
leaf_weight=3154 50 131 8671 93 632 53 54 298 64 446 54 1085 161 85 54 86 51 1029 87 52 141 97 59 482 82 53 52 109 794 56
leaf_count=3154 50 131 8671 93 632 53 54 298 64 446 54 1085 161 85 54 86 51 1029 87 52 141 97 59 482 82 53 52 109 794 56
internal_value=8.15721e-07 0.00109558 -1.65801e-05 7.46947e-05 0.000251932 0.000367146 3.17467e-06 0.000232976 0.000995348 0.000212432 0.000408163 -2.49706e-05 0.000973095 4.16622e-05 1.4324e-05 0.000121688 9.53446e-05 0.000100764 0.000169524 7.00641e-05 0.00020646 0.000383083 -0.000104443 1.26553e-05 7.12483e-05 0.000337456 0.000462052 0.000382305 5.93979e-05 2.31438e-05
internal_weight=18315 290 18025 8813 2513 240 6300 706 118 2420 748 5594 215 2440 2250 1672 1586 1165 533 588 290 149 9212 541 1111 190 137 160 1426 187
internal_count=18315 290 18025 8813 2513 240 6300 706 118 2420 748 5594 215 2440 2250 1672 1586 1165 533 588 290 149 9212 541 1111 190 137 160 1426 187
is_linear=0
shrinkage=0.05


Tree=3
num_leaves=31
num_cat=0
split_feature=0 61 104 2 126 133 50 134 77 83 0 114 84 137 0 93 116 28 81 84 94 1 88 4 30 15 30 89 142 104
split_gain=0.128281 0.245338 0.0525224 0.0342716 0.0302429 0.0253058 0.0428268 0.0203714 0.0175032 0.0172836 0.0168365 0.0105983 0.00991126 0.01032 0.00849285 0.0103148 0.0059312 0.00728541 0.00456015 0.00481058 0.00488258 0.00361516 0.00531262 0.00341367 0.00315888 0.00272988 0.00271992 0.00213098 0.00252451 0.00185958
threshold=0.23690000000000003 309.85000000000008 5.5500000000000016 0.00095549100000000004 42.500000000000007 82.945000000000007 1008.0500000000001 4.580000000000001 275.00485910000003 34.350000000000001 0.11130000000000001 29.850000000000005 7.5500000000000016 1.0000000180025095e-35 0.12285000000000001 271.36161350000003 293.32991890000005 8.5500000000000025 55.050000000000004 16.750000000000004 7.5000000000000009 0.064678997500000016 31.762500000000006 0.00029107750000000005 -2.1600000000000006 0.0003927083333333334 -0.64285714285714468 39.250000000000007 135.82898045752839 14.350000000000003
decision_type=2 2 2 2 2 2 2 2 2 2 2 2 2 2 2 2 2 2 2 2 2 2 2 2 2 2 2 2 2 2
left_child=2 -2 3 5 -3 14 -7 -8 10 21 11 -5 -4 -14 16 -16 18 -18 19 23 24 -10 -23 -1 25 -21 -24 -25 -29 -6
right_child=1 4 12 8 29 6 7 -9 9 -11 -12 -13 13 -15 15 -17 17 -19 -20 20 -22 22 26 27 -26 -27 -28 28 -30 -31
leaf_value=-8.082783724791972e-05 0.0042016656426530265 0.0013938030164205918 -0.00010591014980475499 0.00014668265245229518 0.000248457706781183 0.0013645308624742733 -4.646267593882915e-05 0.00096040789103911568 0 0.00099670599775958748 0.0014684722676746925 0.00090756043769596592 0.00072855228998503602 2.0161973085712901e-05 6.5420216264992494e-05 0.00072294967035989256 0.00071346850552799889 8.0215092896209243e-05 0.00031768140318339042 0.00013083897847724889 -7.9809159699342679e-06 0.00057199988513739481 4.4261407981955838e-05 -8.2210592342179959e-05 7.2204274430673351e-05 0.00078361906014414199 0.00036462536871713564 -1.3013553923444765e-05 0.00011234663347059514 -6.6258460638057512e-05
leaf_weight=2709 50 53 9318 147 67 92 265 59 320 66 58 83 57 627 247 88 53 532 95 57 304 97 332 534 138 51 102 972 622 120
leaf_count=2709 50 53 9318 147 67 92 265 59 320 66 58 83 57 627 247 88 53 532 95 57 304 97 332 534 138 51 102 972 622 120
internal_value=1.02991e-06 0.00104271 -1.55089e-05 7.94485e-05 0.000349142 3.51599e-05 0.00041287 0.000123894 0.000325654 0.000210409 0.000673301 0.000445645 -9.21782e-05 8.74712e-05 9.77492e-06 0.000254663 -2.96274e-06 0.000147239 -1.9927e-05 -2.68666e-05 0.000110597 0.00014246 0.000222465 -4.35503e-05 0.000276815 0.000489329 0.000131714 1.57215e-06 3.28086e-05 2.06269e-05
internal_weight=18315 290 18025 8023 240 6818 416 324 1205 917 288 230 10002 684 6402 335 6067 585 5482 5387 550 851 531 4837 246 108 434 2128 1594 187
internal_count=18315 290 18025 8023 240 6818 416 324 1205 917 288 230 10002 684 6402 335 6067 585 5482 5387 550 851 531 4837 246 108 434 2128 1594 187
is_linear=0
shrinkage=0.05


Tree=4
num_leaves=31
num_cat=0
split_feature=0 61 103 0 28 94 139 50 18 1 93 131 33 101 76 84 30 137 81 84 137 88 89 41 85 105 12 112 138 23
split_gain=0.116146 0.221682 0.048137 0.0368249 0.0300831 0.0274451 0.0139458 0.0282439 0.0580432 0.0135563 0.0316032 0.0088917 0.00689777 0.0056094 0.00537843 0.00516912 0.00497516 0.00445857 0.00297159 0.00286571 0.00317947 0.00403645 0.0025605 0.00251734 0.00250816 0.00242171 0.00222592 0.00233019 0.00211971 0.00218723
threshold=0.23690000000000003 309.85000000000008 1961.5000000000002 0.018250000000000006 17.200000000000006 18.500000000000004 83.560079890267147 1007.35 0.0042979166666666678 0.13543613500000004 271.83235020000001 100.2802120376448 0.79427347192175868 7.645131550000003 1.3500000000000005 16.950000000000006 0.28285714285714203 1.7400000000000002 38.350000000000001 4.950000000000002 0.045000000000000005 32.862500000000004 45.550000000000004 94.500000000000014 270.22352290000009 15.500000000000002 0.0036304710000000006 290.45373060000003 7.1900000000000004 29.267361111111118
decision_type=2 2 2 2 2 2 2 2 2 2 2 2 2 2 2 2 2 2 2 2 2 2 2 2 2 2 2 2 2 2
left_child=2 -2 3 6 -5 -3 12 8 -8 15 17 -12 23 14 18 16 28 25 -14 -4 21 -21 -18 -1 -25 -11 -9 -28 29 -6
right_child=1 5 19 4 9 -7 7 26 -10 10 11 -13 13 -15 -16 -17 22 -19 -20 20 -22 -23 -24 24 -26 -27 27 -29 -30 -31
leaf_value=-7.171496609084404e-05 0.0039957014018414073 1.7797821640844164e-05 -0.00010318485927640695 0.0011196479732337892 -1.3316344209460228e-07 0.0013272011476672357 3.8723939335872379e-05 0.00027977046237762587 0.002047119584108182 0.00022136350619988109 0.0003245968486191163 0.001134166468997743 -6.7995596504848583e-05 0.00047800142079469448 0.00036796558000724361 0.000498143014910861 0 0.00048988604244564827 7.3461292308175705e-05 0.00053824948964185232 -5.3475910722452712e-05 0 0.00049253117096933151 0 0.0003079164874193006 -1.471571293357588e-08 -6.7010727046355436e-05 0.00021208281389946301 0.00016555652138900876 0.00028073061158465865
leaf_weight=3607 50 187 8421 93 1030 53 106 76 58 176 72 143 649 78 114 86 51 88 838 55 634 102 109 227 81 269 375 91 325 71
leaf_count=3607 50 187 8421 93 1030 53 106 76 58 176 72 143 649 78 114 86 51 88 838 55 634 102 109 227 81 269 375 91 325 71
internal_value=1.23513e-06 0.000992425 -1.44887e-05 6.87178e-05 0.000230537 0.000332012 3.34998e-06 0.000213269 0.000787415 0.000193855 0.000373555 0.000888961 -2.2283e-05 6.10209e-05 3.7299e-05 0.000110299 8.58174e-05 0.000155014 8.35812e-06 -9.46328e-05 0 0.000197016 0.000354941 -5.92922e-05 6.97713e-05 7.66309e-05 2.92043e-05 -1.46556e-06 5.18898e-05 1.368e-05
internal_weight=18315 290 18025 8813 2513 240 6300 706 164 2420 748 215 5594 1679 1601 1672 1586 533 1487 9212 791 157 160 3915 308 445 542 466 1426 1101
internal_count=18315 290 18025 8813 2513 240 6300 706 164 2420 748 215 5594 1679 1601 1672 1586 533 1487 9212 791 157 160 3915 308 445 542 466 1426 1101
is_linear=0
shrinkage=0.05


Tree=5
num_leaves=31
num_cat=0
split_feature=0 103 103 3 103 140 94 139 50 131 81 30 128 77 2 15 126 54 99 28 77 128 92 35 10 120 93 4 116 131
split_gain=0.0971981 0.191211 0.0429337 0.0357623 0.0423383 0.0240141 0.0203148 0.0152868 0.0377481 0.038567 0.0143851 0.0127275 0.00914858 0.0081888 0.00681495 0.00599399 0.00577191 0.00535318 0.00490438 0.0091709 0.00698071 0.00402266 0.00386419 0.005143 0.00370829 0.00353662 0.00305388 0.00249692 0.00238366 0.00233051
threshold=0.23690000000000003 1191.7500000000002 1988.7000000000003 0.094158592000000013 1045.4000000000003 48.935000000000009 15.500000000000002 83.560079890267147 1002.4500000000002 35.646128282509594 55.050000000000004 -1.8471428571428581 10.581287651958503 285.11651350000005 0.0035617145000000003 0.0006843750000000002 35.500000000000007 0.14500000000000005 0.30000000000001142 7.0500000000000007 280.01056380000006 10.428373544156942 10.050000000000002 283.22176785000005 16.980000000000004 271.45828670000003 266.20435975000004 0.018761746000000006 292.86509865000005 70.596941646336688
decision_type=2 2 2 2 2 2 2 2 2 2 2 2 2 2 2 2 2 2 2 2 2 2 2 2 2 10 2 2 2 2
left_child=2 -2 3 7 5 12 -3 10 9 -9 14 -12 -5 -10 18 -7 21 -15 19 20 -1 29 -16 -24 -14 26 -22 28 -21 -6
right_child=1 6 -4 4 16 15 -8 8 13 -11 11 -13 24 17 22 -17 -18 -19 -20 27 25 -23 23 -25 -26 -27 -28 -29 -30 -31
leaf_value=0 0.0036328541656147763 1.8254704654700112e-06 -9.1191371207520222e-05 0 0.00038376840029601372 0.00071276409807199221 0.0011584796528240628 0.0020838286999074339 -8.9030762053687951e-06 0.00024773450477715372 0 0.0010663316826283898 0.00023588205276492744 0.00064280301574739162 0 0.0016672521365304512 0 8.3458936533142717e-05 -8.420504390100906e-05 -4.4138182807241529e-05 0.00011977344324501854 0.00037930616483375346 0.00063097144279729018 0 0.0008968907312753246 0 0.00073389939776283362 0.00030776318871953253 7.9649549578740477e-05 0
leaf_weight=157 52 184 9129 97 51 55 50 50 641 83 59 57 61 90 106 76 473 129 2499 2839 53 261 90 68 91 54 101 54 426 238
leaf_count=157 52 184 9129 97 51 55 50 50 641 83 59 57 61 90 106 76 473 129 2499 2839 53 261 90 68 91 54 101 54 426 238
internal_value=0 0.000912758 -1.46606e-05 6.27658e-05 0.000294751 0.000747318 0.000274128 1.89957e-05 0.000201925 0.000985709 -7.94693e-06 0.000540108 0.000425739 7.39012e-05 -1.86657e-05 0.00131283 0.000121194 0.000337931 -3.00186e-05 5.39421e-06 0.000243969 0.000231269 0.000227467 0.000383396 0.000667573 0.000433283 0.000556939 -1.94021e-05 -2.64366e-05 7.94854e-05
internal_weight=18374 286 18088 8959 1403 380 234 7556 993 133 6563 116 249 860 6447 131 1023 219 6183 3684 365 550 264 158 152 208 154 3319 3265 289
internal_count=18374 286 18088 8959 1403 380 234 7556 993 133 6563 116 249 860 6447 131 1023 219 6183 3684 365 550 264 158 152 208 154 3319 3265 289
is_linear=0
shrinkage=0.05


Tree=6
num_leaves=31
num_cat=0
split_feature=0 103 103 3 103 24 137 50 17 81 24 90 2 75 81 50 134 103 22 77 28 120 10 66 104 14 33 138 137 1
split_gain=0.0881875 0.173072 0.0389997 0.0317985 0.039231 0.0217496 0.0150103 0.0331574 0.0358317 0.0126946 0.0114803 0.00835913 0.00777931 0.0076437 0.0067431 0.00645951 0.0056854 0.00531291 0.00529505 0.00461746 0.0100092 0.00958442 0.00415524 0.00386241 0.00368765 0.00298311 0.00190989 0.0021793 0.00286186 0.00183825
threshold=0.23690000000000003 1281.8500000000004 2013.1500000000003 0.094158592000000013 1045.4000000000003 57.550000000000004 1.0000000180025095e-35 1007.35 0.023850000000000007 55.050000000000004 47.20000000000001 21.567346938775515 0.0031384280000000004 16.950000000000003 36.95000000000001 1022.35 10.140000000000002 1497.7000000000005 5.5000000000000009 277.57390290000006 7.0500000000000007 271.36744750000008 16.980000000000004 24.025000000000002 1.2500000000000004 0.021055680000000004 0.19844569047038449 4.5150000000000006 3.0650000000000004 0.014147579000000002
decision_type=2 2 2 2 2 2 2 2 2 2 2 2 2 2 2 2 2 2 2 2 2 10 2 2 2 2 2 2 2 2
left_child=2 -2 3 6 5 14 7 8 -1 12 -11 -3 19 -9 -5 25 -7 24 -17 29 21 23 -18 -21 -6 -14 -22 28 -28 -8
right_child=1 11 -4 4 17 16 9 13 -10 10 -12 -13 15 -15 -16 18 22 -19 -20 20 26 -23 -24 -25 -26 -27 27 -29 -30 -31
leaf_value=0 0.0030776438766213906 -1.8289845662480571e-05 -8.781545696668724e-05 0.0008392089379951357 0.00012057743042208414 0 -8.4703858364173636e-05 -4.5476634130669737e-05 0.0015798956107019502 0.0010139343696887251 0 0.00061550009603212989 -1.3989064065804392e-05 0.00055256725858837815 0.0017821018007474348 0.00011679665659345393 0.00018733929624636727 -1.4373702656495718e-05 0.00086623956856281693 0.00067867795494521484 -6.3416777947973568e-05 0 0.00085325215708774828 4.1449269021820956e-05 0.0004337600201774637 0.00032386302771901456 4.2470923431079221e-05 -1.2725717960399697e-05 0.00039396657413288017 5.6302265507420363e-06
leaf_weight=69 67 150 8984 99 470 87 2727 378 84 57 59 69 252 60 50 72 70 422 57 127 1135 142 74 51 151 78 415 1258 78 582
leaf_count=69 67 150 8984 99 470 87 2727 378 84 57 59 69 252 60 50 72 70 422 57 127 1135 142 74 51 151 78 415 1258 78 582
internal_value=0 0.000869697 -1.36891e-05 5.89127e-05 0.000276177 0.000712945 1.79802e-05 0.000259915 0.000892199 -1.51535e-06 0.000514133 0.00016056 -1.08816e-05 2.61297e-05 0.00119872 0.000186552 0.000374242 0.000111727 0.000490523 -2.55852e-05 1.59267e-05 0.00028146 0.000567552 0.000525286 0.000205343 5.14983e-05 -1.18711e-05 1.87041e-05 0.000108889 -6.73081e-05
internal_weight=18374 286 18088 9104 1423 380 7681 591 153 7090 116 219 6974 438 149 459 231 1043 129 6515 3206 320 144 178 621 330 2886 1751 493 3309
internal_count=18374 286 18088 9104 1423 380 7681 591 153 7090 116 219 6974 438 149 459 231 1043 129 6515 3206 320 144 178 621 330 2886 1751 493 3309
is_linear=0
shrinkage=0.05


Tree=7
num_leaves=31
num_cat=0
split_feature=0 103 103 3 103 140 94 139 76 142 81 77 73 119 128 2 42 61 137 99 28 77 128 135 92 35 120 10 115 10
split_gain=0.0796746 0.158465 0.0353813 0.0295099 0.0350725 0.0195121 0.0162946 0.0127351 0.0224419 0.0319126 0.0118037 0.0108124 0.0104236 0.00916453 0.00744678 0.00572253 0.00549211 0.00484683 0.00477407 0.00412666 0.00760636 0.00581926 0.00363033 0.00357143 0.0034252 0.00440843 0.00279574 0.00272072 0.00263399 0.00224241
threshold=0.23690000000000003 1191.7500000000002 1988.7000000000003 0.094158592000000013 1045.4000000000003 48.935000000000009 15.500000000000002 83.560079890267147 4.1500000000000012 779.97322007526816 55.050000000000004 284.6894992500001 36.250000000000007 6.5500000000000007 10.581287651958503 0.0035617145000000003 0.38500000000000006 959.45000000000016 1.4200000000000002 0.30000000000001142 7.0500000000000007 280.01056380000006 10.428373544156942 5.1500000000000012 10.050000000000002 283.22176785000005 271.45828670000003 16.980000000000004 12.250000000000002 16.980000000000004
decision_type=2 2 2 2 2 2 2 2 2 2 2 2 2 10 2 2 2 2 2 2 2 2 2 2 2 2 10 2 2 2
left_child=2 -2 3 7 5 14 -3 10 11 -10 15 18 -12 23 -5 19 -7 22 -9 20 21 -1 -6 -13 -17 -26 28 -16 -23 -24
right_child=1 6 -4 4 17 16 -8 8 9 -11 12 13 -14 -15 27 24 -18 -19 -20 -21 -22 26 29 -25 25 -27 -28 -29 -30 -31
leaf_value=0 0.0033036598422617283 0 -8.2308433258906723e-05 0 6.2670717021641207e-05 0.00061942605729979876 0.0010353118725413199 -7.8590424812714104e-05 0.0017374874444902632 7.9912863011601597e-05 0.00094943716821823418 0.00031858342930851961 0 2.8374029684528066e-05 0.00021506230290528508 0 0.0015283679926628851 0 0.00034040984867284642 -7.6874547340601563e-05 -1.7221855583932004e-05 0.00017472998673888977 3.4944857470933738e-05 0.0010549804633214639 0.00058485593614782518 0 0 0.00080798625322843335 0.00072421088258211273 0.00044690241207105203
leaf_weight=157 52 184 9129 97 276 55 50 542 53 78 59 67 57 127 61 106 76 484 75 2499 3319 71 74 51 90 68 54 91 83 189
leaf_count=157 52 184 9129 97 276 55 50 542 53 78 59 67 57 127 61 106 76 484 75 2499 3319 71 74 51 90 68 54 91 83 189
internal_value=3.02718e-08 0.000826852 -1.28117e-05 5.74471e-05 0.000268209 0.000680341 0.000243458 1.76209e-05 0.000184596 0.000796496 -6.9055e-06 8.49955e-05 0.000489435 0.000366482 0.000387351 -1.6686e-05 0.00119221 0.000109721 -1.90994e-05 -2.71505e-05 5.23402e-06 0.000222579 0.000212763 0.000685064 0.000208707 0.000355603 0.00039543 0.000605677 0.000505899 0.000350501
internal_weight=18374 286 18088 8959 1403 380 234 7556 993 131 6563 862 116 245 249 6447 131 1023 617 6183 3684 365 539 118 264 158 208 152 154 263
internal_count=18374 286 18088 8959 1403 380 234 7556 993 131 6563 862 116 245 249 6447 131 1023 617 6183 3684 365 539 118 264 158 208 152 154 263
is_linear=0
shrinkage=0.05


Tree=8
num_leaves=31
num_cat=0
split_feature=0 126 103 0 103 88 1 94 139 50 131 131 30 112 33 137 138 119 86 28 112 138 137 88 44 67 49 84 13 9
split_gain=0.0722968 0.143793 0.0322007 0.0260766 0.0169158 0.0366658 0.024665 0.0158228 0.0106776 0.0226304 0.024314 0.00906356 0.00584954 0.00560246 0.00554523 0.00508288 0.00440703 0.00437595 0.00436223 0.00604381 0.00657433 0.00338058 0.00470185 0.00991467 0.00315736 0.00238516 0.00200232 0.00156228 0.00152254 0.00238093
threshold=0.23690000000000003 22.500000000000004 2013.1500000000003 0.018250000000000006 1074.6000000000001 41.937500000000007 0.17527057350000003 15.500000000000002 83.560079890267147 1002.6500000000002 37.757193452824723 100.2802120376448 0.28285714285714203 289.58833340000007 0.2683304125955655 1.0000000180025095e-35 7.1900000000000004 6.5500000000000007 1.5000000000000002 7.0500000000000007 281.75351410000002 4.745000000000001 1.9600000000000002 42.112500000000004 1002.5000000000001 13.750000000000002 980.6500000000002 4.950000000000002 0.0016090432986111114 1.0993055555555558
decision_type=2 2 2 2 2 2 2 2 2 2 2 2 2 2 2 2 2 10 2 2 2 2 2 2 2 2 2 2 2 2
left_child=2 -2 3 8 5 6 16 -3 14 10 -10 -8 15 -11 -1 -6 -5 -15 -16 20 -20 22 -21 -24 -14 -17 -18 -4 -29 -30
right_child=1 7 27 4 12 -7 11 -9 9 13 -12 -13 24 17 18 25 26 -19 19 21 -22 -23 23 -25 -26 -27 -28 28 29 -31
leaf_value=-6.7239854807995774e-05 0.0032041440951619663 0 -8.5121991787708235e-05 1.1736915316212751e-05 0.00052110436895218 0.001605210868840694 7.9675472377714986e-05 0.0010057685067350009 0.0016528752099211311 -1.2390355049813541e-05 2.8068439188183962e-05 0.00098725821496340837 0.00054136365228243434 0.00066344157836223925 -7.8176513864941353e-05 0.0001051658042157482 0.00045830563260588445 1.1450879641675127e-07 0 2.7286518953707572e-05 0.00053779533790783115 -1.3362178437527944e-05 9.0593239016855561e-05 0.00094447546092994218 2.9332440410365189e-05 -1.7346744451089807e-05 1.3846388442978034e-05 -4.6454058033492623e-05 0.00034260798694024723 -4.5247269554237951e-07
leaf_weight=3132 50 184 8338 431 58 57 50 52 50 475 54 140 110 60 660 704 110 69 68 485 132 1133 155 50 72 784 65 496 73 77
leaf_count=3132 50 184 8338 431 58 57 50 52 50 475 54 140 110 60 660 704 110 69 68 485 132 1133 155 50 72 784 65 496 73 77
internal_value=2.87993e-07 0.000787905 -1.19319e-05 5.40105e-05 0.000188508 0.000372629 0.000276189 0.000243534 5.7618e-09 0.00018395 0.000865147 0.000776266 9.45648e-05 5.71573e-05 -2.15583e-05 5.8998e-05 0.000110142 0.00034983 2.99104e-05 6.76651e-05 0.000331069 3.58604e-05 0.000123824 0.000326703 0.000367391 3.72899e-05 0.000322647 -7.93102e-05 0 0.000134554
internal_weight=18374 286 18088 9104 2581 853 796 236 6523 708 104 190 1728 604 5815 1546 606 129 2683 2023 200 1823 690 205 182 1488 175 8984 646 150
internal_count=18374 286 18088 9104 2581 853 796 236 6523 708 104 190 1728 604 5815 1546 606 129 2683 2023 200 1823 690 205 182 1488 175 8984 646 150
is_linear=0
shrinkage=0.05


Tree=9
num_leaves=31
num_cat=0
split_feature=0 126 104 3 61 24 94 2 84 14 91 84 133 2 81 131 81 28 50 14 82 49 132 138 116 23 10 120 24 136
split_gain=0.0656268 0.129805 0.0292418 0.0206518 0.0249281 0.0212412 0.0142844 0.0123706 0.0089757 0.0135823 0.0158215 0.00764732 0.00782731 0.00613664 0.00567379 0.0045326 0.00426332 0.00540348 0.0036714 0.0030817 0.00304446 0.0029327 0.00633751 0.00263049 0.00468909 0.00723522 0.00262595 0.00253791 0.00235401 0.0017902
threshold=0.23690000000000003 22.500000000000004 5.5500000000000016 0.094158592000000013 365.4500000000001 57.550000000000004 16.500000000000004 0.0031384280000000004 16.350000000000005 0.015047212000000003 16.550000000000004 9.2500000000000018 80.390000000000015 0.0047217085000000004 38.250000000000007 129.24098929866494 38.350000000000001 6.7500000000000009 1012.85 0.021055680000000004 23.650000000000002 980.6500000000002 4.5000000000000009 4.6950000000000012 287.00212375000007 25.080555555555559 16.980000000000004 284.81926985000007 32.400000000000013 1.0200000000000002
decision_type=2 2 2 2 2 2 2 2 2 2 2 2 2 2 2 2 2 2 2 2 2 2 2 2 2 2 2 10 2 2
left_child=2 -2 3 7 5 14 -3 8 16 28 -11 -4 -13 -9 27 -7 -1 -18 -19 29 -21 -6 -23 24 25 -20 -17 -5 -10 -15
right_child=1 6 11 4 21 15 -8 13 9 10 -12 12 -14 19 -16 26 17 18 23 20 -22 22 -24 -25 -26 -27 -28 -29 -30 -31
leaf_value=-6.2078230618926216e-05 0.0030470781914853293 0 -7.9049196656599068e-05 0.00035863285672109533 2.282406120976386e-06 4.4722661401215924e-05 0.00096598119716733127 0.00066657187092607987 0.00029959165778422323 0.0012711421412440619 0.00014253389118154032 1.8479655691525073e-05 0.0005595951778495983 -1.6383546081635876e-05 0.0014810512482430428 0.00015620871440072718 0.00042480279066661622 -5.0359373479995604e-05 0.00073428188457723875 1.7607158614347439e-06 0.00060663643371721061 0.00066081824594283693 0 3.5831382686715891e-06 4.8668207225382404e-05 0 0.00056942357919407573 0.00099791759682263718 0 0.00023125568259577752
leaf_weight=2949 50 185 9499 75 735 185 51 85 76 55 98 465 82 186 51 112 82 1153 77 55 68 57 85 681 346 61 139 56 480 95
leaf_count=2949 50 185 9499 75 735 185 51 85 76 55 98 465 82 186 51 112 82 1153 77 55 68 57 85 681 346 61 139 56 480 95
internal_value=4.694e-07 0.000750883 -1.11603e-05 5.95588e-05 0.000227505 0.000471472 0.0002325 2.0416e-05 4.3779e-08 0.00016789 0.00058633 -6.82701e-05 0.000109595 0.000262079 0.000935257 0.000264735 -2.12966e-05 2.67364e-05 1.03215e-05 0.000163193 0.000378682 4.95513e-05 0.000257526 7.46571e-05 0.000164137 0.000415242 0.000406234 0.000675283 4.29212e-05 5.01306e-05
internal_weight=18374 286 18088 8042 1495 618 236 6547 6058 709 153 10046 547 489 182 436 5349 2400 2318 404 123 877 142 1165 484 138 251 131 556 281
internal_count=18374 286 18088 8042 1495 618 236 6547 6058 709 153 10046 547 489 182 436 5349 2400 2318 404 123 877 142 1165 484 138 251 131 556 281
is_linear=0
shrinkage=0.05


Tree=10
num_leaves=31
num_cat=0
split_feature=0 126 92 133 142 91 96 94 142 103 1 1 36 81 85 49 91 116 3 2 50 8 29 141 83 75 30 118 136 94
split_gain=0.0722671 0.148531 0.0290517 0.0202533 0.0333626 0.0299312 0.0151131 0.0139068 0.0123891 0.00828485 0.0214259 0.00686908 0.00929774 0.00591811 0.00545228 0.00440767 0.00399821 0.00389569 0.0032484 0.00298619 0.00428975 0.00497119 0.00276371 0.00273561 0.00197104 0.00430831 0.00398356 0.00613923 0.00492181 0.00938375
threshold=0.23690000000000003 21.500000000000004 6.8500000000000023 80.210000000000022 779.97322007526816 15.250000000000002 51.187500000000007 17.500000000000004 763.23308850658384 1239.5000000000002 0.17527057350000003 0.13543613500000004 270.14158995000008 34.95000000000001 277.50487280000004 977.6500000000002 16.150000000000002 293.32991890000005 0.089082107000000008 0.0035617145000000003 1011.0500000000001 0.011668712943750105 35.600000000000001 38.590000000000011 17.750000000000004 17.050000000000004 -2.892857142857141 25.850000000000005 0.34500000000000003 13.500000000000002
decision_type=2 2 2 2 2 2 2 2 2 2 2 2 2 2 2 2 2 2 2 2 2 2 2 2 2 2 2 10 2 2
left_child=2 -2 9 6 5 -5 11 -3 16 10 18 17 14 -10 -13 -12 -7 19 -1 24 -21 -22 -18 -19 -4 26 27 28 29 -26
right_child=1 7 3 4 -6 8 -8 -9 13 -11 15 12 -14 -15 -16 -17 22 23 -20 20 21 -23 -24 -25 25 -27 -28 -29 -30 -31
leaf_value=-3.4107698441268678e-05 0.0031881823877470111 0 -5.0263570605756346e-05 0.0017945662449570729 0 0.00059958908379215896 0.00086184631468183526 0.00094543422585493826 0.00035098794582653702 -7.536176149170758e-05 0.0010614100665833545 0.00062314885092672667 0 0.0013026210119776232 0.00012001568602787112 0.00024001709276490148 0.00027814586976698292 8.365084306439179e-05 0.00019377452978420077 -2.4788933264912925e-06 0.00071900130161244805 5.5386120022492522e-05 -9.5376543066878294e-05 0.00045233834014004676 0.0011314186966376167 -3.4998587202886487e-05 1.824447978804021e-05 0 0.00012392576724144449 7.6339205928062175e-05
leaf_weight=1170 52 186 1809 51 400 53 55 52 50 9606 57 147 324 56 132 51 86 384 179 153 57 93 89 72 52 1682 859 174 131 54
leaf_count=1170 52 186 1809 51 400 53 55 52 50 9606 57 147 324 56 132 51 86 384 179 153 57 93 89 72 52 1682 859 174 131 54
internal_value=4.65092e-06 0.000786478 -7.69258e-06 7.19909e-05 0.000312019 0.000643678 4.06372e-05 0.000229671 0.000448186 -5.82988e-05 5.07421e-05 3.23047e-05 0.000193055 0.000907942 0.000404243 0.000725162 0.000209575 1.38071e-05 -4.49626e-08 1.97982e-07 0.000153048 0.000343764 6.03114e-05 0.000153668 -8.50984e-06 1.53922e-05 8.60392e-05 0.000215208 0.000380345 0.000646391
internal_weight=18316 290 18026 6963 785 385 6178 238 334 11063 1457 6123 603 106 279 108 228 5520 1349 5064 303 150 175 456 4761 2952 1270 411 237 106
internal_count=18316 290 18026 6963 785 385 6178 238 334 11063 1457 6123 603 106 279 108 228 5520 1349 5064 303 150 175 456 4761 2952 1270 411 237 106
is_linear=0
shrinkage=0.05


Tree=11
num_leaves=31
num_cat=0
split_feature=1 61 92 133 142 94 133 96 126 126 126 1 36 1 61 135 85 116 2 35 28 112 83 1 3 17 75 28 135 2
split_gain=0.0655993 0.13821 0.0263859 0.0183626 0.0303909 0.0205745 0.0282741 0.0136476 0.0129875 0.00869483 0.00737628 0.0180858 0.00685567 0.00623462 0.00873853 0.00597545 0.00518615 0.0035374 0.00269481 0.00393998 0.00234286 0.00676737 0.00446109 0.00231221 0.0023082 0.00251969 0.00489859 0.00212437 0.00185027 0.00159851
threshold=0.36782849050000005 260.25000000000006 6.8500000000000023 80.210000000000022 779.97322007526816 14.500000000000002 82.945000000000007 51.187500000000007 42.500000000000007 44.500000000000007 37.500000000000007 0.17527057350000003 273.02756265000011 0.13543613500000004 982.95000000000016 26.400000000000002 277.50487280000004 293.32991890000005 0.0035617145000000003 276.34527140000006 7.0500000000000007 281.75351410000002 16.850000000000005 0.016009472000000004 0.042173485500000003 0.055700000000000006 17.250000000000004 8.5500000000000025 29.350000000000005 0.00041624250000000005
decision_type=2 2 2 2 2 2 2 2 2 2 2 2 2 2 2 2 2 2 2 2 2 2 2 2 2 2 2 2 2 2
left_child=2 -2 10 7 5 6 12 13 -3 -8 11 23 -5 17 16 -13 -15 18 20 -20 21 -4 -23 29 -22 26 -26 -19 -24 -1
right_child=1 8 3 4 -6 -7 9 -9 -10 -11 -12 15 -14 14 -16 -17 -18 27 19 -21 24 22 28 -25 25 -27 -28 -29 -30 -31
leaf_value=-7.3876919496306212e-05 0.0031215638854522627 0.00092537051093621338 -5.3406953942844961e-05 0 0 4.6176585351853942e-05 0.00081128427601309834 0.00081952350985375249 4.2030176601225601e-06 0.0020051543517359371 -7.2539483175521218e-05 0.0010478495972400361 0.00063146341992471595 0.00057662166827140027 0 0.00019628783905602633 0.0001163301898669752 0.00047070633587522167 0.00042303383661239607 3.4710611162494221e-06 -4.0603566807859353e-05 0 0.00015702686043536792 7.3080364030789655e-05 0.00048672409254981309 0 0 9.1467464979314733e-05 0.00067464916993661679 0.00018155996336905185
leaf_weight=890 50 51 281 54 400 126 50 55 189 57 9426 54 98 159 290 63 154 52 90 213 3372 75 64 575 86 713 95 404 75 55
leaf_count=890 50 51 281 54 400 126 50 55 189 57 9426 54 98 159 290 63 154 52 90 213 3372 75 64 575 86 713 95 404 75 55
internal_value=4.65602e-06 0.000749545 -7.09122e-06 6.88347e-05 0.000297437 0.000613985 0.000869746 3.8935e-05 0.000223725 0.00150624 -5.53325e-05 4.06785e-05 0.000382088 3.09742e-05 0.00018416 0.000637239 0.000367168 1.33044e-05 2.88578e-07 0.000145523 -7.93306e-06 9.31288e-05 0.000308152 -2.34233e-06 -2.08505e-05 4.80299e-05 0.000214372 0.00014659 0.000474858 -5.35486e-05
internal_weight=18316 290 18026 6963 785 385 259 6178 240 107 11063 1637 152 6123 603 117 313 5520 5064 303 4761 495 214 1520 4266 894 181 456 139 945
internal_count=18316 290 18026 6963 785 385 259 6178 240 107 11063 1637 152 6123 603 117 313 5520 5064 303 4761 495 214 1520 4266 894 181 456 139 945
is_linear=0
shrinkage=0.05


Tree=12
num_leaves=31
num_cat=0
split_feature=0 61 92 133 142 91 88 15 2 116 2 88 94 126 1 4 4 126 28 77 131 128 92 44 4 11 90 135 116 88
split_gain=0.0595702 0.124755 0.0239328 0.0166652 0.0273768 0.0244008 0.0117558 0.0109758 0.0101817 0.0120939 0.013488 0.00742028 0.0143369 0.00670939 0.0164554 0.00665435 0.00496255 0.00510566 0.00455686 0.00813026 0.00285453 0.00311681 0.00259913 0.00273765 0.00232888 0.00227702 0.00220047 0.00207486 0.00176961 0.00149112
threshold=0.23690000000000003 260.25000000000006 6.8500000000000023 79.980000000000004 779.97322007526816 15.250000000000002 36.812500000000007 0.0021656250000000004 0.0035617145000000003 274.46732890000004 0.0049793635000000011 30.612500000000008 14.500000000000002 37.500000000000007 0.17527057350000003 0.0055734105000000006 0.0022618450000000006 35.500000000000007 7.0500000000000007 281.20978160000004 50.928189353158515 10.515540806382498 20.150000000000006 897.50000000000011 0.0032419345000000003 0.002701735930555556 22.737755102040822 3.7650000000000001 293.32991890000005 46.525000000000013
decision_type=2 2 2 2 2 2 2 2 2 2 2 2 2 2 2 2 2 2 2 2 2 2 2 2 2 2 2 2 2 2
left_child=2 -2 13 8 5 -5 -3 -7 16 -10 -11 -9 -13 14 26 -16 18 20 19 -4 -18 -22 23 -21 -19 -23 -1 -28 29 -20
right_child=1 6 3 4 -6 7 -8 11 9 10 -12 12 -14 -15 15 -17 17 24 28 22 21 25 -24 -25 -26 -27 27 -29 -30 -31
leaf_value=-7.5240979248877439e-05 0.0029685459011599569 0 -3.8752375940021002e-06 0.0016277271413351767 0 3.6534498538256026e-05 0.00082059535380297653 2.1721664182704814e-05 0 0.00096120717439334845 0.00015180181356013174 0.0013359180627196716 0.00021567575168292562 -6.8912895449475874e-05 0.00096004879742842887 8.0434758030471004e-05 0.00056163103834357272 0.00021844343443472799 -4.8712628364682692e-05 0.0007130179056222426 8.1203090729210025e-06 0.00012282447064990265 0 0.00011303534752057333 -3.9568846869274581e-05 0.0004395810318023306 0.00033319759324811342 1.85340436375168e-05 7.5401515360859746e-05 7.7341397232625513e-05
leaf_weight=642 50 181 335 51 450 143 59 50 198 99 145 74 67 9426 64 53 59 103 3259 81 275 223 51 55 548 128 60 818 346 223
leaf_count=642 50 181 335 51 450 143 59 50 198 99 145 74 67 9426 64 53 59 103 3259 81 275 223 51 55 548 128 60 818 346 223
internal_value=4.64626e-06 0.000714482 -6.53513e-06 6.57613e-05 0.000276096 0.000585156 0.000213769 0.000406652 3.6245e-05 0.00026793 0.000503199 0.000656081 0.000844083 -5.24919e-05 3.89934e-05 0.000608022 1.73119e-05 0.000101834 -7.51552e-06 0.000129282 0.000197023 0.000153843 0.000393173 0.00050947 0 0.000253462 -1.89054e-06 4.60801e-05 -2.75044e-05 -3.91842e-05
internal_weight=18316 290 18026 6963 835 385 240 334 6128 442 244 191 141 11063 1637 117 5686 1336 4350 522 685 626 187 136 651 351 1520 878 3828 3482
internal_count=18316 290 18026 6963 835 385 240 334 6128 442 244 191 141 11063 1637 117 5686 1336 4350 522 685 626 187 136 651 351 1520 878 3828 3482
is_linear=0
shrinkage=0.05


Tree=13
num_leaves=31
num_cat=0
split_feature=0 61 92 133 142 91 96 94 142 126 1 4 1 61 81 85 116 91 23 2 4 50 141 3 128 83 42 29 15 23
split_gain=0.0540228 0.112651 0.0217678 0.0152111 0.024929 0.0218618 0.0116594 0.0107338 0.00995207 0.00610464 0.0149733 0.00590096 0.00529413 0.00729877 0.00473031 0.00439748 0.0030993 0.00291238 0.00236821 0.00218027 0.00414575 0.00294351 0.00203919 0.00200928 0.00207669 0.00166546 0.00395396 0.00633267 0.00197673 0.00157789
threshold=0.23690000000000003 260.25000000000006 6.8500000000000023 79.980000000000004 779.97322007526816 15.250000000000002 51.187500000000007 18.500000000000004 763.23308850658384 37.500000000000007 0.17527057350000003 0.0055734105000000006 0.13543613500000004 996.60000000000025 34.95000000000001 277.99166955000004 293.63642840000006 16.150000000000002 23.443750000000005 0.0035617145000000003 0.0009277545000000001 1011.85 38.590000000000011 0.089082107000000008 10.110034132736219 30.650000000000002 0.45500000000000007 37.250000000000007 0.00021875000000000006 17.461111111111119
decision_type=2 2 2 2 2 2 2 2 2 2 2 2 2 2 2 2 2 2 2 2 2 2 2 2 2 2 2 2 2 2
left_child=2 -2 9 6 5 -5 12 -3 17 10 23 -12 16 15 -10 -14 19 -7 -19 25 21 -21 -18 -1 -25 28 27 -27 -4 -30
right_child=1 7 3 4 -6 8 -8 -9 14 -11 11 -13 13 -15 -16 -17 22 18 -20 20 -22 -23 -24 24 -26 26 -28 -29 29 -31
leaf_value=-2.721040826012592e-05 0.0028230290408314696 1.7438637789478206e-06 -6.1267108023092758e-05 0.0015479059100527172 0 0.00050555598225737752 0.00075631038695973991 0.00084166032486022101 0.00029073051886870435 -6.5467616321359008e-05 0.00091278485163694795 7.648749911957701e-05 0.00047061995776966444 0 0.0011563663296922306 2.4391068720433394e-05 7.3093976803018381e-05 0.00024618906335270932 -0.00010234405919133374 0 0 0.00063314521530022231 0.00040522310586029689 0 0.00031355171826976888 0.00066924925529747274 -1.3705658654010261e-05 0 0.00013371653313721754 -3.0783114582759926e-06
leaf_weight=1318 50 189 1680 51 450 53 55 51 50 9426 64 53 208 286 56 109 340 86 89 50 197 56 70 109 93 63 275 92 225 2422
leaf_count=1318 50 189 1680 51 450 53 55 51 50 9426 64 53 208 286 56 109 340 86 89 50 197 56 70 109 93 63 275 92 225 2422
internal_value=4.6825e-06 0.00068066 -5.95234e-06 6.29835e-05 0.000263977 0.000558909 3.47418e-05 0.000203725 0.000388799 -4.97939e-05 3.73891e-05 0.000580181 2.72603e-05 0.000168332 0.00080131 0.000333467 1.0767e-05 0.000172522 4.09516e-05 0 0.000129861 0.000380494 0.000142812 -1.45819e-06 0.000141244 -8.25293e-06 8.34371e-05 0.000286821 -1.85372e-05 6.7074e-06
internal_weight=18316 290 18026 6963 835 385 6128 240 334 11063 1637 117 6073 603 106 317 5470 228 175 5060 303 106 410 1520 202 4757 430 155 4327 2647
internal_count=18316 290 18026 6963 835 385 6128 240 334 11063 1637 117 6073 603 106 317 5470 228 175 5060 303 106 410 1520 202 4757 430 155 4327 2647
is_linear=0
shrinkage=0.05


Tree=14
num_leaves=31
num_cat=0
split_feature=0 103 103 3 103 2 140 88 80 88 94 155 128 81 133 76 83 128 91 155 128 75 27 136 137 43 4 75 12 25
split_gain=0.0490806 0.0999028 0.0201111 0.0185195 0.0145227 0.0130296 0.00940439 0.00801504 0.00711035 0.0148718 0.0141842 0.00590144 0.0110549 0.00497008 0.00496722 0.0143962 0.0184586 0.00363049 0.00357151 0.00344219 0.0027889 0.00271043 0.00312035 0.00287359 0.00585593 0.002228 0.00211365 0.00159878 0.00212454 0.00146532
threshold=0.23690000000000003 1191.7500000000002 1742.0500000000004 0.094158592000000013 1030.1000000000001 0.0031384280000000004 48.935000000000009 36.812500000000007 30.762500000000006 37.162500000000001 23.500000000000004 0.68200000000000016 9.1980520126980121 38.95000000000001 80.210000000000022 4.1500000000000012 15.550000000000002 10.581287651958503 20.250000000000004 0.006000000000000001 10.428373544156942 18.650000000000002 1805.8000000000002 0.34500000000000003 1.2100000000000002 0.30050000000000004 0.0055734105000000006 9.3500000000000032 0.0033158050000000002 2.5000000000000004
decision_type=2 2 2 2 2 2 2 2 2 2 2 2 2 2 2 2 2 2 2 2 2 2 2 2 2 2 2 2 2 2
left_child=2 -2 3 5 6 11 17 -3 9 19 -11 13 -13 -1 -4 -16 -17 -5 -8 -7 -6 22 23 24 -15 -22 -27 28 -25 -14
right_child=1 7 14 4 20 8 18 -9 -10 10 -12 12 29 21 15 16 -18 -19 -20 -21 25 -23 -24 27 -26 26 -28 -29 -30 -31
leaf_value=-5.2072678578134878e-05 0.002553890456828023 0 -6.2355500072444183e-05 0 1.6702077972478558e-05 -2.313970533160483e-06 0.00048741941666925574 0.00070198304938491097 0 0.0015111109641237326 0.00023226059048189705 0.00082730855396351093 0.0002386530687311149 0.0001053151355214747 -1.8412002154479692e-05 0.0012764130365478475 1.2567632086917428e-05 0.00044902093625447982 0.0012590226432177842 0.00036029655014298983 1.5377772945749423e-05 -2.196436353453211e-05 0 0 0.00074653620308376889 0.00046665649351436552 0.00011717184233754686 1.488929993190547e-05 0.00038121370270305361 1.8825439187431902e-05
leaf_weight=3417 55 181 9417 86 431 121 66 54 134 51 57 55 111 140 818 51 84 131 56 97 145 760 495 57 62 126 144 375 88 451
leaf_count=3417 55 181 9417 86 431 121 66 54 134 51 57 55 111 140 818 51 84 131 56 97 145 760 495 57 62 126 144 375 88 451
internal_value=4.6577e-06 0.000648975 -5.46606e-06 5.5683e-05 0.000237748 2.15383e-05 0.000518392 0.000173025 0.000277772 0.000403901 0.000890357 1.05503e-06 0.000148168 -1.48702e-05 -5.10946e-05 5.48871e-05 0.00053266 0.000283633 0.000889605 0.000137108 0.000118909 4.68957e-05 9.39857e-05 0.000160221 0.000329464 0.000212741 0.000299835 8.43728e-05 0.000228492 7.14711e-05
internal_weight=18316 290 18026 7656 1185 6471 339 235 460 326 108 6011 617 5394 10370 953 135 217 122 218 846 1977 1217 722 202 415 270 520 145 562
internal_count=18316 290 18026 7656 1185 6471 339 235 460 326 108 6011 617 5394 10370 953 135 217 122 218 846 1977 1217 722 202 415 270 520 145 562
is_linear=0
shrinkage=0.05


Tree=15
num_leaves=31
num_cat=0
split_feature=1 103 104 2 77 85 133 21 105 4 126 30 50 85 30 43 84 137 91 50 91 138 138 1 4 84 89 138 86 51
split_gain=0.0398752 0.0733333 0.0176145 0.0131162 0.00948746 0.00957287 0.00904508 0.0211752 0.0259638 0.00446572 0.00418394 0.00403729 0.00454861 0.0037477 0.00556821 0.00398786 0.00356587 0.00506863 0.00331023 0.00302572 0.0029363 0.00264164 0.00217148 0.00192503 0.00182317 0.00178871 0.00212628 0.00155211 0.00175769 0.00138352
threshold=0.36782849050000005 1388.7000000000005 5.5500000000000016 0.00095549100000000004 274.86398725000009 272.34073235000005 82.945000000000007 0.36805555555555564 11.500000000000002 0.0024794665000000007 32.500000000000007 -1.9699999999999955 1018.0500000000001 281.00325015000004 -2.2914285714285705 0.35150000000000003 9.3500000000000032 0.045000000000000005 34.350000000000001 1007.35 18.150000000000002 6.1450000000000005 6.9450000000000012 0.11121798250000002 0.0032419345000000003 19.250000000000007 36.050000000000004 5.9600000000000017 6.5000000000000009 2.5000000000000004
decision_type=2 2 2 2 2 2 2 2 2 2 2 2 2 2 2 2 2 2 2 2 2 2 2 2 2 2 2 2 2 2
left_child=2 -2 3 6 5 -5 9 8 -8 13 11 12 -11 25 15 -15 -4 21 27 -9 -3 -18 -7 -14 -12 -1 -27 -6 29 -29
right_child=1 20 16 4 18 22 7 19 -10 10 24 -13 23 14 -16 -17 17 -19 -20 -21 -22 -23 -24 -25 -26 26 -28 28 -30 -31
leaf_value=-4.2621198916758889e-05 0.0018868572936876664 -4.6547760390467375e-05 -5.8613894275639485e-05 6.369178774532799e-05 0 0.00045029594357147293 0 0.00034198191244426066 0.0013818745381664484 0.00065828077527603686 0.00025415683961231697 6.3191073693877794e-05 0 6.1788075528800782e-05 0 0.00075308003137766755 0.00062984498977576478 0 0.00043839740514977168 -7.8932026018654661e-05 0.00031030771722212464 2.338364219951927e-05 0.0010186693396010951 0.00028345506188178876 -3.2707276298663613e-05 0.00023264836619410879 -4.4057622164656051e-06 0 5.509065431378662e-05 0.00038149462452499033
leaf_weight=4049 78 127 9439 116 292 99 67 51 74 76 58 610 97 65 239 52 54 443 79 237 84 55 65 130 710 130 208 52 392 108
leaf_count=4049 78 127 9439 116 292 99 67 51 74 76 58 610 97 65 239 52 54 443 79 237 84 55 65 130 710 130 208 52 392 108
internal_value=2.57037e-06 0.000584413 -6.50193e-06 4.81869e-05 0.000200874 0.000461615 2.06287e-05 0.000242902 0.00074261 4.97145e-06 7.55817e-05 0.000148127 0.000301902 -1.90107e-05 0.000134098 0.00041518 -5.10998e-05 6.82209e-05 0.000115951 0 7.27266e-05 0.000372281 0.000710677 0.000158292 -4.23878e-06 -3.26025e-05 7.2437e-05 7.93695e-05 0.000129006 0.000277577
internal_weight=18336 289 18047 8056 1203 280 6853 429 141 6424 1681 913 303 4743 356 117 9991 552 923 288 211 109 164 227 768 4387 338 844 552 160
internal_count=18336 289 18047 8056 1203 280 6853 429 141 6424 1681 913 303 4743 356 117 9991 552 923 288 211 109 164 227 768 4387 338 844 552 160
is_linear=0
shrinkage=0.05


Tree=16
num_leaves=31
num_cat=0
split_feature=0 103 103 0 103 81 1 139 50 131 77 119 33 30 128 77 28 83 82 1 92 2 119 138 133 50 131 134 118 82
split_gain=0.0360123 0.0662875 0.0160676 0.0140571 0.00956308 0.0250224 0.0143632 0.005267 0.0126335 0.00451322 0.00388524 0.00417456 0.00334295 0.00332273 0.00321204 0.00306018 0.00296514 0.00252799 0.00244148 0.00555267 0.00207277 0.00194849 0.00191229 0.00174087 0.00135873 0.00131813 0.00131239 0.00240293 0.0013598 0.00129871
threshold=0.23690000000000003 1403.2500000000002 1961.5000000000002 0.018250000000000006 1074.6000000000001 46.45000000000001 0.13543613500000004 83.560079890267147 1002.4500000000002 100.2802120376448 285.11651350000005 6.5500000000000007 0.79427347192175868 0.28285714285714203 9.478801397250173 278.1608668500001 7.0500000000000007 18.150000000000002 26.530000000000005 0.04283675750000001 12.850000000000003 0.00095549100000000004 9.3500000000000032 7.1900000000000004 84.075000000000017 1017.5500000000001 81.926565875678662 6.5300000000000002 27.850000000000005 27.558000000000003
decision_type=2 2 2 2 2 2 2 2 2 2 2 10 2 2 2 2 2 2 2 2 2 2 10 2 2 2 2 2 10 2
left_child=2 -2 3 7 5 6 14 12 -9 -8 -10 -12 -1 18 -5 29 22 -3 19 -6 26 -15 -17 -16 -4 -26 27 -18 -29 -14
right_child=1 17 24 4 13 -7 9 8 10 -11 11 -13 15 21 23 16 20 -19 -20 -21 -22 -23 -24 -25 25 -27 -28 28 -30 -31
leaf_value=-4.0420397018395606e-05 0.0017831448568031193 -4.4238555349238593e-05 -5.6612403084950786e-05 -0.0001668390220798114 0.0005830609326302592 0.0011330536598679827 0.00015815627326437424 0.00067023661584071788 -2.5623171957570316e-05 0.00068223582154970761 0.00053726131075260738 0 -5.418599698113425e-05 0 1.5594473719371652e-05 0.00052128988105176039 0 0.00028719354724931432 0 4.9961789257581062e-05 -2.6049067800977026e-05 0.00041282730405523541 7.0873862898464813e-06 0.00026035472001322186 0.00020097433317657664 -4.0083929265521092e-06 1.9464973713070323e-05 0.00051118879900519912 5.3037314608350006e-05 7.5892189021602933e-05
leaf_weight=3910 79 127 8838 135 62 79 97 94 460 152 71 90 677 55 275 73 54 83 1069 361 273 106 52 132 91 270 191 76 56 248
leaf_count=3910 79 127 8838 135 62 79 97 94 460 152 71 90 677 55 275 73 54 83 1069 361 273 106 52 132 91 270 191 76 56 248
internal_value=2.61714e-06 0.000555563 -5.99085e-06 4.1798e-05 0.000141581 0.000277574 0.000184498 1.18897e-06 0.00012961 0.000499526 3.87912e-05 0.000252718 -1.43075e-05 6.68577e-05 2.991e-05 4.28013e-05 0.000116812 6.37996e-05 3.9553e-05 0.000141083 6.40475e-05 0.000287222 0.000348818 0.000107675 -5.24993e-05 3.42634e-05 0.000142414 0.00024115 0.000356276 -1.38671e-05
internal_weight=18336 289 18047 8848 2523 870 791 6325 715 249 621 161 5610 1653 542 1700 775 210 1492 423 650 161 125 407 9199 361 377 186 132 925
internal_count=18336 289 18047 8848 2523 870 791 6325 715 249 621 161 5610 1653 542 1700 775 210 1492 423 650 161 125 407 9199 361 377 186 132 925
is_linear=0
shrinkage=0.05


Tree=17
num_leaves=31
num_cat=0
split_feature=0 126 126 0 74 29 104 139 119 49 138 81 24 96 33 77 77 3 104 19 88 16 88 83 123 29 104 9 35 51
split_gain=0.0325239 0.0608546 0.014596 0.0106297 0.0106004 0.0160732 0.00633128 0.00574801 0.0103318 0.0138348 0.00467298 0.00587889 0.00433049 0.00457818 0.00325331 0.0029781 0.00295131 0.0025624 0.00181461 0.00196027 0.00334547 0.00169456 0.00164622 0.0025214 0.0016315 0.0024014 0.00310973 0.0013134 0.0010881 0.00113046
threshold=0.23690000000000003 23.500000000000004 63.500000000000007 0.018250000000000006 28.364285714285721 27.950000000000006 12.150000000000004 83.560079890267147 3.3500000000000001 955.75000000000011 5.4700000000000015 32.750000000000007 49.800000000000004 35.962500000000013 0.8617918123090913 278.1608668500001 273.21006520000009 0.15259067450000002 0.95000000000000018 -0.0021628571428571421 37.587500000000013 6.1550000000000011 43.187500000000007 31.150000000000002 -0.70710678118654735 26.950000000000003 0.35000000000000009 0.34875000000000006 285.61160260000003 120.50000000000001
decision_type=2 2 2 2 2 2 2 2 10 2 2 2 2 2 2 2 2 2 2 2 2 2 2 2 2 2 2 2 2 2
left_child=2 -2 3 7 5 -5 -3 14 9 -9 18 12 -12 -14 -1 22 -10 -15 -7 -20 -21 -13 -16 -24 -17 26 -26 -27 -18 -30
right_child=1 6 -4 4 -6 10 -8 8 16 -11 11 21 13 17 15 24 28 -19 19 20 -22 -23 23 -25 25 27 -28 -29 29 -31
leaf_value=-3.800740969567834e-05 0.002068584924212323 0.00047133523869566916 -5.3152593847879192e-05 0.0009488215818980409 0 -2.0858036112689766e-05 -2.2415988948133808e-05 0 0.00033785964419334903 0.0011175458628010879 7.1520334184924618e-06 9.3386953463124931e-05 0.00085293558341729243 0.00011328998959747957 -5.2378890967843427e-05 0 -5.2817074996772836e-05 0.00058624914723843569 0 0 0.00052839352280803292 0.00035192405505069093 0.00034325109492095406 0 0.00010025831051848401 -1.7896127907833261e-06 0.00055917423056767851 0.00026574980310625491 0.00029943747992636455 0
leaf_weight=4325 52 98 8549 69 1181 366 139 63 72 57 79 656 81 117 650 220 348 65 124 86 66 94 73 103 127 163 85 50 50 128
leaf_count=4325 52 98 8549 69 1181 366 139 63 72 57 79 656 81 117 650 220 348 65 124 86 66 94 73 103 127 163 85 50 50 128
internal_value=2.64744e-06 0.000528134 -5.51933e-06 3.68293e-05 0.000114973 0.000191214 0.000161865 2.52747e-07 0.000134335 0.000559293 0.000157656 0.00022174 0.000401089 0.000500005 -1.5515e-05 4.72009e-05 3.99208e-05 0.000311807 4.07013e-05 0.000140165 0.000259999 0.000132874 -1.01844e-05 0.000116814 0.000128332 0.000185873 0.000309493 3.85969e-05 0 9.87818e-05
internal_weight=18336 289 18047 9498 2984 1803 237 6514 718 120 1734 1092 342 263 5796 1471 598 182 642 276 152 750 826 176 645 425 212 213 526 178
internal_count=18336 289 18047 9498 2984 1803 237 6514 718 120 1734 1092 342 263 5796 1471 598 182 642 276 152 750 826 176 645 425 212 213 526 178
is_linear=0
shrinkage=0.05


Tree=18
num_leaves=31
num_cat=0
split_feature=0 118 103 0 103 81 1 126 93 49 30 81 75 142 43 108 33 96 136 0 131 128 56 56 24 101 49 138 107 49
split_gain=0.0293843 0.0560614 0.0133996 0.0116878 0.00828785 0.0334284 0.0129864 0.00605045 0.00447057 0.00743026 0.00403829 0.00397388 0.00442107 0.00362538 0.00490732 0.00476302 0.00288331 0.0026194 0.00362084 0.00249602 0.00212008 0.00206142 0.00171083 0.00166566 0.00344841 0.00201253 0.00148971 0.00170325 0.00148926 0.00132395
threshold=0.23690000000000003 27.450000000000003 1961.5000000000002 0.018250000000000006 1015.35 43.550000000000004 0.17527057350000003 42.500000000000007 263.09081800000007 944.6500000000002 0.28285714285714203 40.250000000000007 18.650000000000002 341.19703467597299 0.38350000000000006 287.85938935000007 0.22843308313374724 32.712500000000013 0.69000000000000006 0.039050000000000008 43.387898118563548 9.840813956591143 -5.0780113499999677 -1.2306047499999975 32.400000000000013 1.6061075500000188 980.05000000000007 7.1900000000000004 9.8500000000000032 979.85000000000002
decision_type=2 10 2 2 2 2 2 2 2 2 2 2 2 2 2 2 2 2 2 2 2 2 2 2 2 2 2 2 2 2
left_child=2 7 3 8 5 6 19 -2 9 -1 17 23 13 20 15 -15 -17 18 -6 -5 -13 -19 -12 -10 25 -25 27 -21 -23 -8
right_child=1 -3 -4 4 10 -7 29 -9 11 -11 22 12 -14 14 -16 16 -18 21 -20 26 -22 28 -24 24 -26 -27 -28 -29 -30 -31
leaf_value=0 0.00063064829603426235 0.0020162516913614145 -4.7566441385453e-05 -8.1880827699240495e-05 0.00056528903192722124 0.0014776609290645204 0.0008078553989985702 0 -5.6392827400840379e-05 0.00075568862060138671 0.00047899782910958908 0.0003337114003755103 -3.3403565519741887e-05 2.030341774927186e-05 0.00061650515085202645 5.8505267836692471e-05 0.00071558909977634017 -4.142798928931479e-05 0 0 3.8884560883075628e-06 0.00016293477470294665 8.0030965750375671e-05 0 -2.0764071287188331e-05 0.00034692388195320194 0 0.00041526069230204992 1.6947749705080364e-05 0.00027026734674291219
leaf_weight=58 52 50 9199 209 56 54 72 187 2621 51 87 55 792 304 74 53 51 637 82 67 676 316 93 117 1365 108 113 76 602 59
leaf_count=58 52 50 9199 209 56 54 72 187 2621 51 87 55 792 304 74 53 51 637 82 67 676 316 93 117 1365 108 113 76 602 59
internal_value=2.67795e-06 0.000502162 -5.07099e-06 3.85456e-05 0.00012954 0.000285956 0.000167313 0.000157492 1.44361e-06 0.000317944 7.24656e-05 -3.35236e-06 5.36549e-05 0.000114597 0.000223189 0.000138295 0.000432094 4.49385e-05 0.000256741 3.15372e-05 3.59567e-05 2.27756e-05 0.00030207 -3.16888e-05 5.90116e-06 0.00018917 0.000143546 0.000250276 7.27637e-05 0.000607496
internal_weight=18336 289 18047 8848 2523 650 596 239 6325 109 1873 6216 2005 1213 482 408 104 1693 138 465 731 1555 180 4211 1590 225 256 143 918 131
internal_count=18336 289 18047 8848 2523 650 596 239 6325 109 1873 6216 2005 1213 482 408 104 1693 138 465 731 1555 180 4211 1590 225 256 143 918 131
is_linear=0
shrinkage=0.05


Tree=19
num_leaves=31
num_cat=0
split_feature=0 118 104 6 28 88 91 1 93 90 84 137 120 23 84 92 129 103 137 1 13 26 128 21 28 83 0 94 129 50
split_gain=0.0267261 0.0505501 0.0122916 0.00866725 0.00924734 0.0293073 0.00830995 0.00597118 0.0111776 0.00564761 0.00264559 0.00417834 0.00256017 0.00491406 0.00244612 0.00488687 0.00238233 0.00188388 0.00246 0.00366679 0.0022008 0.00172801 0.00166743 0.00149146 0.00279893 0.00153659 0.00146741 0.00135418 0.00128066 0.00152868
threshold=0.23690000000000003 27.450000000000003 5.5500000000000016 0.0035847222222222226 15.250000000000002 36.88750000000001 16.050000000000004 0.17527057350000003 271.44378530000006 20.484693877551027 9.3500000000000032 0.045000000000000005 272.18725820000003 17.163194444444446 16.950000000000006 23.350000000000005 7.5000000000000009 1470.4500000000003 1.4400000000000002 0.0032936130000000004 0.0010833123541666668 12.500000000000002 10.428373544156942 0.52083333333333337 40.800000000000004 33.850000000000001 0.022300000000000004 6.5000000000000009 5.5000000000000009 1022.0500000000001
decision_type=2 10 2 2 2 2 2 2 2 2 2 2 10 2 2 2 2 2 2 2 2 2 2 2 2 2 2 2 2 2
left_child=2 9 3 12 5 -5 -6 14 21 -2 -4 16 13 -1 17 -16 -12 18 20 -20 -8 -9 -10 24 27 -25 -21 28 -15 -30
right_child=1 -3 10 4 6 -7 7 8 22 -11 11 -13 -14 23 15 -17 -18 -19 19 26 -22 -23 -24 25 -26 -27 -28 -29 29 -31
leaf_value=0.00036791148575594898 -2.7944209955056557e-05 0.0019174157634751837 -4.8429220731421442e-05 -9.9771662725922362e-05 0.00058680063725460516 0.0014210968211135072 0.00011724327423385302 1.4751467649699066e-06 0.00022979579129397672 0.00043256456138176597 1.8611624600144763e-05 0 -5.9273478035355474e-05 0 0.00063567371654262039 0 0.00059489514261870755 -3.4960546136035346e-05 0.00053320179493248211 0 -2.7038032092464341e-05 0.00029524215974045397 0.00071162067224594179 -4.6840346991723256e-05 0.00039584995479214876 0.0001954138046465463 0.00014285566704432676 0 0.00027392826112263724 0
leaf_weight=98 136 50 9439 65 81 52 355 354 69 103 58 443 1519 110 50 90 51 837 56 210 955 66 106 1206 55 62 393 1068 149 50
leaf_count=98 136 50 9439 65 81 52 355 354 69 103 58 443 1519 110 50 90 51 837 56 210 955 66 106 1206 55 62 393 1068 149 50
internal_value=2.77e-06 0.000479126 -4.60733e-06 4.10306e-05 9.6833e-05 0.000540112 8.09888e-05 6.78444e-05 0.000213983 0.00015066 -4.19072e-05 6.04618e-05 -6.15382e-06 2.09087e-05 3.65696e-05 0.000243947 0.00033666 2.43584e-05 5.21173e-05 0.000131486 8.30682e-06 6.01067e-05 0.000552438 6.33109e-06 4.27952e-05 -3.09103e-05 8.508e-05 2.4788e-05 0.000116842 0.000192793
internal_weight=18336 289 18047 8056 3739 117 3622 3541 595 239 9991 552 4317 2798 2946 140 109 2806 1969 659 1310 420 175 2700 1432 1268 603 1377 309 199
internal_count=18336 289 18047 8056 3739 117 3622 3541 595 239 9991 552 4317 2798 2946 140 109 2806 1969 659 1310 420 175 2700 1432 1268 603 1377 309 199
is_linear=0
shrinkage=0.05


Tree=20
num_leaves=31
num_cat=0
split_feature=0 126 126 2 103 139 18 49 87 103 137 123 82 1 103 4 19 119 18 59 116 22 43 21 3 116 122 43 41 137
split_gain=0.0266969 0.0662043 0.0101315 0.00868896 0.0079259 0.00727383 0.00944421 0.0184953 0.0110881 0.00571993 0.00586664 0.0121367 0.00422748 0.00352726 0.00371685 0.00292327 0.00319984 0.00244404 0.00316188 0.00204096 0.00195606 0.00246979 0.00175709 0.00170824 0.00193275 0.00162064 0.00126185 0.00122268 0.00113603 0.00200561
threshold=0.23690000000000003 20.500000000000004 65.500000000000014 0.00095549100000000004 1200.3500000000001 83.560079890267147 0.0058562500000000012 970.85000000000002 1.0000000180025095e-35 741.30000000000007 1.4200000000000002 1.0000000180025095e-35 25.658000000000005 0.06266922950000002 999.25000000000011 0.0024794665000000007 -0.0015042857142857136 6.7500000000000009 0.002954166666666667 7.3587000000000016 293.32991890000005 43.000000000000007 0.25550000000000006 0.52083333333333337 0.059304838000000006 272.52367100000009 15.500000000000002 0.33050000000000007 95.500000000000014 1.5750000000000004
decision_type=2 2 2 2 2 2 2 2 2 2 2 2 2 2 2 2 2 10 2 2 2 2 2 2 2 2 2 2 2 2
left_child=2 -2 3 5 9 15 17 -8 -9 -5 13 -12 -3 -11 -15 20 22 18 -7 27 28 -22 -17 24 -6 -21 -23 -18 -1 -30
right_child=1 12 -4 4 23 6 7 8 -10 10 11 -13 -14 14 -16 16 19 -19 -20 25 21 26 -24 -25 -26 -27 -28 -29 29 -31
leaf_value=-3.9791815870009666e-05 0.0021199987699989887 -3.7941709092878851e-05 -4.7021086890222294e-05 -5.9955067071558273e-05 0.00022189346314115284 0 0.0012869408304857857 -0.00012624883454194683 0.00073937097653298516 0 0.0010945710584555118 0.00011674254985700827 0.00037452742632172726 0.00060437306130031146 0.00012997791339948892 0.000274088106385674 0.00036026424360021791 -2.8481064155994062e-05 0.00042407350307100533 -2.2598532169584729e-05 0 0.00042737625320114607 -2.173730524454923e-05 -6.1987248635794138e-05 1.1952780852668688e-05 0.0001541243202847918 1.8234357653916271e-05 9.4889485556089821e-05 -1.1491620924613071e-05 0.00026511854287245489
leaf_weight=4998 50 142 8265 81 185 124 50 102 52 133 73 79 90 88 149 51 136 357 80 256 284 63 1054 253 412 203 68 168 164 84
leaf_count=4998 50 142 8265 81 185 124 50 102 52 133 73 79 90 88 149 51 136 357 80 256 284 63 1054 253 412 203 68 168 164 84
internal_value=1.22302e-06 0.000483308 -6.07345e-06 2.81366e-05 0.00014109 7.73127e-06 0.0001548 0.000447888 0.000136665 0.000280928 0.000343397 0.000623122 0.000101529 0.000213636 0.000328932 -6.56654e-06 4.6734e-05 3.87186e-05 0.000180274 0.000125689 -2.50427e-05 7.56936e-05 -3.32755e-06 3.57978e-05 8.56332e-05 4.48555e-05 0.000254623 0.000230795 -3.39776e-05 6.28071e-05
internal_weight=18294 282 18012 9747 1453 8294 765 204 154 603 522 152 232 370 237 7529 1868 561 204 763 5661 415 1105 850 597 459 131 304 5246 248
internal_count=18294 282 18012 9747 1453 8294 765 204 154 603 522 152 232 370 237 7529 1868 561 204 763 5661 415 1105 850 597 459 131 304 5246 248
is_linear=0
shrinkage=0.05


Tree=21
num_leaves=31
num_cat=0
split_feature=0 126 126 2 93 139 56 142 42 137 85 43 16 82 1 90 4 19 63 93 33 77 30 16 23 43 104 85 134 133
split_gain=0.0241261 0.0598572 0.00921999 0.00821197 0.00685602 0.00604394 0.00831448 0.0152793 0.0145314 0.00583218 0.00657049 0.00693215 0.00539072 0.00383858 0.00321794 0.00717505 0.00272461 0.00295672 0.00219188 0.00200872 0.00175072 0.00313756 0.00179241 0.00161086 0.001645 0.00156852 0.00127274 0.00150022 0.00136718 0.00116252
threshold=0.23690000000000003 20.500000000000004 63.500000000000007 0.00095549100000000004 266.04242460000006 83.560079890267147 -2.8320976499999797 781.27217678249428 0.92500000000000016 1.4200000000000002 271.85196810000008 0.33550000000000008 2.3150000000000004 25.658000000000005 0.13543613500000004 23.613265306122454 0.0024794665000000007 -0.0015042857142857136 15.0952 267.21783440000007 0.79427347192175868 279.60783520000007 -1.6557142857142841 0.14500000000000005 18.664583333333336 0.25550000000000006 0.55000000000000016 272.09916585000008 12.685000000000002 84.075000000000017
decision_type=2 2 2 2 2 2 2 2 2 2 2 2 2 2 2 2 2 2 2 2 2 2 2 2 2 2 2 2 2 2
left_child=2 -2 3 5 -5 16 -7 8 12 14 -11 -12 -8 -3 19 -16 20 25 26 -6 -1 -22 23 -23 -25 -18 -19 -28 -29 -4
right_child=1 13 29 4 9 6 7 -9 -10 10 11 -13 -14 -15 15 -17 17 18 -20 -21 21 22 -24 24 -26 -27 27 28 -30 -31
leaf_value=-4.2033551000376187e-05 0.0020160773019797132 -3.6057892034636848e-05 -4.7635224880438111e-05 0 0.00027027671987286202 -5.9579370351198432e-05 0.0004998546262538773 5.7125127009985924e-06 0 0 1.6705391036729059e-05 0.00078874371318768356 0.0013037695437669754 0.00035600683976484178 0.00066889341082991809 3.8798667411826722e-05 0.00026064724307966222 4.8628793746762053e-05 -6.1531073312602687e-06 -2.3725228835834696e-06 -2.6001361165386745e-05 0 0 0.00042799608259814538 8.8617451769096073e-05 -1.9537240960092716e-05 0 0.00048384936817756077 0.00015791879619936824 3.5167874605912139e-05
leaf_weight=3868 50 142 8194 535 75 273 84 264 57 55 55 130 59 90 81 144 51 223 171 333 1100 67 220 104 129 1022 87 96 159 376
leaf_count=3868 50 142 8194 535 75 273 84 264 57 55 55 130 59 90 81 144 51 223 171 333 1100 67 220 104 129 1022 87 96 159 376
internal_value=1.28409e-06 0.000459577 -5.63859e-06 2.81208e-05 0.000139684 7.93156e-06 0.00014454 0.000275258 0.000604384 0.000225978 0.00044515 0.000587424 0.000873013 9.54521e-05 0.000134422 0.000289713 -5.19871e-06 4.70986e-05 0.000124398 3.60602e-05 -2.33537e-05 1.81612e-05 0.000121049 0.000200624 0.000262649 -1.33421e-06 0.000172685 0.00023862 0.000301564 -4.34153e-05
internal_weight=18294 282 18012 9442 1408 8034 737 464 200 873 240 185 143 232 633 225 7297 1809 736 408 5488 1620 520 300 233 1073 565 342 255 8570
internal_count=18294 282 18012 9442 1408 8034 737 464 200 873 240 185 143 232 633 225 7297 1809 736 408 5488 1620 520 300 233 1073 565 342 255 8570
is_linear=0
shrinkage=0.05


Tree=22
num_leaves=31
num_cat=0
split_feature=0 61 103 2 3 23 112 77 137 156 9 118 83 128 81 142 84 24 23 14 92 10 15 44 161 85 30 137 36 96
split_gain=0.0218018 0.0515684 0.00860746 0.0116699 0.00662968 0.00495409 0.00470591 0.00492948 0.00455668 0.00945363 0.0211899 0.00355149 0.00330182 0.00359469 0.00288442 0.00263272 0.00169336 0.00164852 0.00164165 0.00154261 0.00235046 0.00151089 0.00205303 0.00233219 0.00149601 0.00100269 0.00164394 0.000946551 0.00175824 0.00301093
threshold=0.23690000000000003 260.25000000000006 1540.2500000000002 0.00095549100000000004 0.094158592000000013 23.84930555555556 274.84323140000009 272.05632750000001 1.0000000180025095e-35 0.060000000000000005 0.49972222222222229 19.250000000000004 34.350000000000001 10.110034132736219 38.95000000000001 341.19703467597299 17.650000000000006 32.400000000000013 29.060416666666672 0.024801701000000006 9.1500000000000039 4.3750000000000009 0.00023750000000000003 1167.5000000000002 0.29591836734693883 275.10218230000004 -1.8585714285714297 0.045000000000000005 273.18425535000006 32.912500000000009
decision_type=2 2 2 2 2 2 2 2 2 2 2 10 2 2 2 2 2 2 2 2 2 2 2 2 2 2 2 2 2 2
left_child=2 -2 3 4 14 -6 7 -5 9 -4 -11 -3 13 25 16 -16 -1 -18 -15 20 -7 22 -17 24 -24 26 -8 28 -10 -30
right_child=1 11 8 6 5 19 12 -9 27 10 -12 -13 -14 18 15 21 17 -19 -20 -21 -22 -23 23 -25 -26 -27 -28 -29 29 -31
leaf_value=-4.4483217342385199e-05 0.0018653890800599652 0 -9.9121253035035699e-06 4.0592052326011925e-05 0.00058367455268411772 0.00031769082467772853 0.00035038664232820788 0.00072733103366607048 -2.9330244302836575e-05 0 0.0012031502869866558 0.00042278434520875502 0.0005480382545749342 0.00031375404226495181 0 0 0.00031539911935882025 0 0 0 2.0107155774201686e-05 0 0.00052657218802507609 0 0.00015194006808192214 -3.6263550456706172e-05 0 -4.434748407725704e-05 0.00045019755547855313 0
leaf_weight=3084 51 171 445 61 69 153 50 87 685 107 56 60 53 215 1248 128 59 180 54 181 188 195 93 62 112 282 99 9846 55 165
leaf_count=3084 51 171 445 61 69 153 50 87 685 107 56 60 53 215 1248 128 59 180 54 181 188 195 93 62 112 282 99 9846 55 165
internal_value=1.34718e-06 0.000437011 -5.21998e-06 3.96061e-05 1.24553e-05 0.000171187 0.000207188 0.000480012 -3.19161e-05 9.88148e-05 0.000424384 9.34217e-05 0.000146369 0.000108086 -4.78257e-06 4.43106e-05 -3.34461e-05 8.77328e-05 0.000252097 0.000106091 0.000168785 0.000131325 0.000187822 0.000266978 0.000347898 6.25421e-06 0.000119763 -3.97828e-05 4.3542e-06 0.000131518
internal_weight=18294 282 18012 6653 5752 591 901 148 11359 608 163 231 753 700 5161 1838 3323 239 269 522 341 590 395 267 205 431 149 10751 905 220
internal_count=18294 282 18012 6653 5752 591 901 148 11359 608 163 231 753 700 5161 1838 3323 239 269 522 341 590 395 267 205 431 149 10751 905 220
is_linear=0
shrinkage=0.05


Tree=23
num_leaves=31
num_cat=0
split_feature=0 126 103 2 3 43 77 77 133 50 9 6 82 81 88 142 67 77 21 94 25 84 89 24 14 21 85 43 92 96
split_gain=0.0197126 0.0490964 0.00785473 0.0106025 0.00601986 0.00641656 0.00435005 0.00547711 0.004121 0.00803757 0.00938223 0.0065692 0.00329568 0.00262494 0.00250817 0.00240804 0.00180262 0.002634 0.00173513 0.0031067 0.00169942 0.0015459 0.00153125 0.00148339 0.00132941 0.00110611 0.00111312 0.00100703 0.000948128 0.000764999
threshold=0.23690000000000003 20.500000000000004 1540.2500000000002 0.00095549100000000004 0.094158592000000013 0.43050000000000005 275.00485910000003 272.38377270000007 80.660000000000011 1003.9500000000002 0.33256944444444447 0.0053625000000000001 25.658000000000005 38.95000000000001 47.32500000000001 341.19703467597299 13.15 280.33457715000003 0.31250000000000006 22.500000000000004 21.500000000000004 17.650000000000006 41.95000000000001 32.400000000000013 0.024801701000000006 0.56250000000000011 277.78250310000004 0.26950000000000007 10.450000000000005 47.562500000000007
decision_type=2 2 2 2 2 2 2 2 2 2 2 2 2 2 2 2 2 2 2 2 2 2 2 2 2 2 2 2 2 2
left_child=2 -2 3 4 13 20 7 -5 -4 10 -10 -12 -3 21 25 27 17 -17 -9 -20 -6 -1 -19 -23 28 26 -8 -15 -22 -29
right_child=1 12 8 6 5 -7 14 18 9 -11 11 -13 -14 15 -16 16 -18 22 19 -21 24 23 -24 -25 -26 -27 -28 29 -30 -31
leaf_value=-4.2259777252334349e-05 0.0018258093051411505 -3.6102450809979218e-05 -3.9592483479493043e-05 1.3653485386968447e-05 0 0.00059161410489275579 0.00016761950681950068 0.00012009243750457725 0 -3.210124112755975e-06 0.0010947781754937472 0.00018338140533796831 0.00032632255952114148 0.00021380047652841042 0.0004198040247894593 2.9932041588120667e-05 0 0.00061848807758854859 0.00080858701099108048 0.00017398248711569149 0.00038495138880886864 0.00029989199453242087 0.00017719642651634968 0 0 -6.484676052123271e-05 0 -2.938530081862301e-05 2.8514498398263509e-06 7.0628327909798844e-05
leaf_weight=3084 50 142 10429 105 283 79 250 52 96 724 51 59 90 53 62 177 240 52 95 54 92 59 121 180 83 96 187 971 54 224
leaf_count=3084 50 142 10429 105 283 79 250 52 96 724 51 59 90 53 62 177 240 52 95 54 92 59 121 180 83 96 187 971 54 224
internal_value=1.45346e-06 0.000415721 -4.77755e-06 3.8031e-05 1.2107e-05 0.000163361 0.00019779 0.000358324 -3.02919e-05 6.85645e-05 0.000343773 0.000657039 8.38313e-05 -4.27319e-06 0.000106377 4.25165e-05 0.000125742 0.000198649 0.000512665 0.000614623 8.65122e-05 -3.16624e-05 0.000341367 8.3856e-05 0.000187524 5.98373e-05 9.87289e-05 0 0.000278621 -6.414e-06
internal_weight=18294 282 18012 6653 5752 591 901 306 11359 930 206 110 232 5161 595 1838 590 350 201 149 512 3323 173 239 229 533 437 1248 146 1195
internal_count=18294 282 18012 6653 5752 591 901 306 11359 930 206 110 232 5161 595 1838 590 350 201 149 512 3323 173 239 229 533 437 1248 146 1195
is_linear=0
shrinkage=0.05


Tree=24
num_leaves=31
num_cat=0
split_feature=1 126 92 139 142 36 80 83 22 120 90 15 2 116 103 10 18 32 21 92 22 25 126 23 85 59 50 90 19 90
split_gain=0.0178054 0.0443879 0.00736139 0.00578707 0.0148567 0.00892049 0.0100553 0.00470009 0.00636866 0.00330859 0.00300949 0.00272432 0.00350191 0.00256207 0.00238025 0.0064668 0.00494474 0.00226823 0.00231109 0.00214898 0.00183305 0.00158808 0.00391924 0.00147768 0.00138182 0.00214035 0.0011446 0.00108819 0.00129188 0.00106265
threshold=0.36782849050000005 20.500000000000004 7.5500000000000016 83.560079890267147 779.97322007526816 270.93712550000004 30.262500000000006 33.550000000000004 4.5000000000000009 267.83110320000009 27.405102040816328 0.00023750000000000003 8.5250000000000026e-05 292.86509865000005 1269.8000000000004 16.980000000000004 0.05967291666666668 11.850000000000003 0.25694444444444448 18.050000000000008 6.5000000000000009 4.5000000000000009 46.500000000000007 22.934027777777782 277.86530750000003 8.4620500000000032 1018.1500000000002 26.407142857142862 -0.00025000000000000006 25.747959183673476
decision_type=2 2 2 2 2 2 2 2 2 10 2 2 2 2 2 2 2 2 2 2 2 2 2 2 2 2 2 2 2 2
left_child=2 -2 14 7 5 29 19 11 -9 -8 -3 -4 13 21 15 27 20 18 -14 -7 -17 22 -13 26 25 -20 -15 -1 -29 -5
right_child=1 10 3 4 -6 6 9 8 -10 -11 -12 12 17 23 -16 16 -18 -19 24 -21 -22 -23 -24 -25 -26 -27 -28 28 -30 -31
leaf_value=-4.5911589282642812e-05 0.0017363088446048398 0 -3.2951343572610815e-05 -0.0001062775206318047 -9.398600048512091e-06 0.0011563253234053263 0.00044596684305109265 0.00067598028260233288 5.0247706442533359e-05 0 0.00041924896092763558 -2.2165999379375088e-05 5.001529860694321e-05 0 -3.8708015815120517e-05 0.00052356446990242981 0 3.1225172503549666e-05 0.00047607208979798081 0.00047626065212140115 8.5826327952548e-05 -3.4196982102927279e-05 0.00031707587625418412 0 0 2.3919492243099431e-06 0.00038763217557667912 0 0.00021972744405931066 0.00019529034009239837
leaf_weight=1029 50 182 2280 62 497 69 64 62 177 61 50 221 218 50 9697 120 100 503 143 58 69 1746 118 84 54 55 83 256 86 50
leaf_count=1029 50 182 2280 62 497 69 64 62 177 61 50 221 218 50 9697 120 100 503 143 58 69 1746 118 84 54 55 83 256 86 50
internal_value=1.59082e-06 0.000395309 -4.31734e-06 3.71079e-05 0.000158756 0.000401446 0.000566259 1.81437e-05 0.000235545 0.000192233 7.86291e-05 7.84954e-06 3.77821e-05 1.92523e-06 -2.90331e-05 2.44623e-05 0.000240256 0.000117392 0.000198732 0.000890954 0.000391364 -1.29103e-05 8.17976e-05 0.000166811 0.000306915 0.000370293 0.000269884 -1.75236e-05 5.3197e-05 0
internal_weight=18294 282 18012 6655 861 364 252 5794 239 125 232 5555 3275 2302 11357 1660 289 973 470 127 189 2085 339 217 252 198 133 1371 342 112
internal_count=18294 282 18012 6655 861 364 252 5794 239 125 232 5555 3275 2302 11357 1660 289 973 470 127 189 2085 339 217 252 198 133 1371 342 112
is_linear=0
shrinkage=0.05


Tree=25
num_leaves=31
num_cat=0
split_feature=3 61 96 126 11 10 84 61 3 91 11 92 9 94 86 74 22 91 110 76 28 81 43 137 133 30 104 133 7 86
split_gain=0.0173134 0.0387328 0.00780709 0.0068014 0.0056142 0.00610436 0.0133512 0.00462444 0.00764738 0.00586956 0.00514844 0.00380948 0.00415879 0.00361653 0.00174116 0.00349297 0.00324927 0.00295411 0.00171842 0.00145042 0.00146459 0.00136209 0.00186574 0.00116072 0.00108647 0.00105624 0.00102494 0.00101281 0.000938813 0.00202685
threshold=0.35758651800000002 260.25000000000006 51.187500000000007 65.500000000000014 0.0016758371041666667 7.9250000000000016 2.850000000000001 344.00000000000006 0.094158592000000013 25.350000000000005 0.0017787156180555559 10.050000000000002 1.8806944444444447 19.500000000000004 1.5000000000000002 24.621428571428577 52.500000000000007 21.250000000000004 15.250000000000002 2.0500000000000012 25.600000000000005 44.550000000000004 0.35550000000000004 0.03500000000000001 79.980000000000004 0.74857142857142944 0.95000000000000018 6.4300000000000006 0.060850000000000008 3.5000000000000004
decision_type=2 2 2 2 2 2 2 2 2 2 2 2 2 2 2 2 2 2 2 2 2 2 2 2 2 2 2 2 2 2
left_child=2 -2 3 4 14 6 -6 8 26 11 -9 12 -10 -3 -1 16 19 18 -18 21 -21 -16 -23 24 -17 28 -7 -28 29 -12
right_child=1 13 -4 -5 5 7 -8 10 9 -11 25 -13 -14 -15 15 23 17 -19 -20 20 -22 22 -24 -25 -26 -27 27 -29 -30 -31
leaf_value=-5.1724658687092467e-05 0.0016440387924290809 0 0.00054466923329835905 -3.76405785113231e-05 -1.5401330331639785e-05 -2.6676576959390434e-05 0.00076760020900635325 0.00042218997608344856 0.00028206593451903119 3.3921191242216334e-05 0.00031034437529030333 0.00011857721045325473 0.00080762234785652248 0.00047182732199591839 -2.9539785144073064e-05 0 0.00064905980445473688 4.6729128297581183e-05 0.00015623270341339303 0.00024433181794066374 0 1.047909210423573e-05 0.00027966503462286053 -3.626455194134694e-05 0.00020768651670570104 0.0002014657863718082 0 0.00018816274076310523 -2.4452687725156082e-05 0
leaf_weight=1533 50 196 64 8258 97 440 96 73 139 217 66 130 95 51 810 128 55 184 83 141 59 356 93 2469 93 61 66 135 1814 311
leaf_count=1533 50 196 64 8258 97 440 96 73 139 217 66 130 95 51 810 128 55 184 83 141 59 356 93 2469 93 61 66 135 1814 311
internal_value=4.18838e-06 0.00038228 -1.7714e-06 -4.02197e-06 2.39575e-05 7.21325e-05 0.000350247 5.54959e-05 0.000134636 0.000266236 1.17108e-05 0.000390561 0.000519238 0.000101102 -5.22588e-06 9.60738e-06 6.47028e-05 0.000210885 0.000391877 2.88936e-05 0.000154785 4.81967e-06 7.78434e-05 -2.50228e-05 7.76451e-05 0 7.33768e-06 0.000106313 -7.52442e-06 6.05505e-05
internal_weight=18363 297 18066 18002 9744 3740 193 3547 1222 581 2325 364 234 247 6004 4471 1781 322 138 1459 200 1259 449 2690 221 2252 641 201 2191 377
internal_count=18363 297 18066 18002 9744 3740 193 3547 1222 581 2325 364 234 247 6004 4471 1781 322 138 1459 200 1259 449 2690 221 2252 641 201 2191 377
is_linear=0
shrinkage=0.05


Tree=26
num_leaves=31
num_cat=0
split_feature=1 61 88 103 3 103 140 87 142 137 74 90 15 133 50 49 128 22 101 119 74 128 96 69 33 138 128 138 51 84
split_gain=0.0157245 0.0349516 0.00837595 0.00643293 0.00877703 0.00598858 0.00506129 0.00348964 0.00338345 0.00342017 0.00485328 0.00329222 0.00299876 0.00289909 0.00634995 0.00988839 0.00208553 0.00190533 0.00191289 0.00266318 0.00277177 0.00166603 0.00130251 0.00113105 0.0015963 0.00231917 0.00100817 0.0024652 0.00302885 0.000843005
threshold=0.36782849050000005 260.25000000000006 50.937500000000007 1597.6500000000003 0.094158592000000013 1015.35 48.935000000000009 1.0000000180025095e-35 336.7235080293604 1.4200000000000002 22.114285714285717 28.309183673469395 0.0006843750000000002 80.210000000000022 1002.2500000000001 956.25000000000011 10.271856355853535 12.500000000000002 1.3148362500000135 10.750000000000002 25.778571428571436 10.109993462490548 43.13750000000001 281.60310165000004 0.23856591593793905 4.6950000000000012 9.7517921875908815 2.9800000000000004 2.5000000000000004 0.25000000000000006
decision_type=2 2 2 2 2 2 2 2 2 2 2 2 2 2 2 2 2 2 2 10 2 2 2 2 2 2 2 2 2 2
left_child=2 -2 3 4 7 6 16 17 22 23 -11 -3 -8 -5 15 -15 -6 -1 29 20 -20 -7 -9 -10 -25 -26 27 -24 -29 -19
right_child=1 11 -4 13 5 21 12 8 9 10 -12 -13 -14 14 -16 -17 -18 18 19 -21 -22 -23 26 24 25 -27 -28 28 -30 -31
leaf_value=-4.7223648664632321e-05 0.0015634486564508111 0 0.00055597275543745972 -3.6121542618787998e-05 0 0 0.00022286356387238174 -4.7033714414757694e-05 0 0.00077496764072242921 4.9834267050191813e-05 0.00044995860666543965 0.00093621058469830912 0 0 0.00080932656510302684 0.00029590096823557438 -6.0906216424046703e-05 0.00034687290149767124 -2.7770919073631149e-07 0 0.00014993195093008778 -4.6372948985319481e-06 0 0.00047098193640298112 6.6745164571961024e-05 2.8419978097663527e-06 0.00048002413681702533 3.1656501687393726e-06 2.6623347725377469e-05
leaf_weight=2326 50 196 66 10078 79 352 52 482 192 53 70 51 57 100 839 65 130 518 157 247 129 394 126 120 72 146 541 80 95 500
leaf_count=2326 50 196 66 10078 79 352 52 482 192 53 70 51 57 100 839 65 130 518 157 247 129 394 126 120 72 146 541 80 95 500
internal_value=4.1282e-06 0.00036445 -1.53848e-06 -3.89122e-06 3.36125e-05 0.000165917 0.000352221 8.68714e-06 6.33011e-05 0.000157171 0.000406343 9.62507e-05 0.000646473 -2.77552e-05 5.12023e-05 0.000333922 0.000172602 -1.7882e-05 2.29015e-05 0.000100777 0.000205171 7.94422e-05 1.31472e-05 8.92714e-05 0.000144306 0.000224627 5.35436e-05 0.000127804 0.000251056 -1.30246e-05
internal_weight=18363 297 18066 18000 6918 1064 318 5854 1977 653 123 247 109 11082 1004 165 209 3877 1551 533 286 746 1324 530 338 218 842 301 175 1018
internal_count=18363 297 18066 18000 6918 1064 318 5854 1977 653 123 247 109 11082 1004 165 209 3877 1551 533 286 746 1324 530 338 218 842 301 175 1018
is_linear=0
shrinkage=0.05


Tree=27
num_leaves=31
num_cat=0
split_feature=0 61 88 126 139 142 36 94 133 1 93 94 116 6 43 83 21 101 0 94 17 0 61 90 28 77 136 14 21 21
split_gain=0.0142834 0.0315363 0.00756711 0.00561197 0.00477372 0.00923098 0.0120591 0.00700124 0.0064098 0.00422039 0.00775195 0.00299148 0.00159114 0.00151012 0.0024478 0.00150394 0.00147611 0.00145041 0.00119647 0.0011299 0.00102716 0.00102006 0.00102928 0.00101247 0.000891118 0.00223401 0.00153318 0.000813726 0.000782793 0.000723148
threshold=0.23690000000000003 260.25000000000006 50.937500000000007 65.500000000000014 83.560079890267147 779.97322007526816 270.33776315000006 14.500000000000002 82.945000000000007 0.17527057350000003 271.36161350000003 19.500000000000004 294.26646695000005 0.0052520833333333343 0.25250000000000006 33.850000000000001 0.61805555555555569 7.645131550000003 0.0096000000000000026 25.500000000000004 0.0049500000000000004 0.025150000000000002 355.10000000000008 26.209183673469386 6.7500000000000009 281.39706595000001 1.0750000000000004 0.037076470000000007 0.49305555555555564 0.52083333333333337
decision_type=2 2 2 2 2 2 2 2 2 2 2 2 2 2 2 2 2 2 2 2 2 2 2 2 2 2 2 2 2 2
left_child=2 -2 3 4 9 6 23 8 -8 12 19 -3 13 15 -15 24 -17 -14 -16 -11 -7 -20 27 -6 25 -1 -27 28 -23 -26
right_child=1 11 -4 -5 5 20 7 -9 -10 10 -12 -13 17 14 18 16 -18 -19 21 -21 -22 22 -24 -25 29 26 -28 -29 -30 -31
leaf_value=-2.3616421574896749e-05 0.0014868090293648671 0 0.00052858900624360382 -3.4124024483983472e-05 -9.2940074081222237e-05 0.00014043331965804103 0.00032228025729652831 0 0.00098757475194889265 -1.4356548480220578e-06 0.00041946735841557215 0.00042878761763579236 3.0162257285749851e-05 0.00028837740590543864 0.00017854238316671538 0 0.00032385513649094692 0.0002804586988709575 -4.5942901194271553e-05 0.00020247366234997738 -3.3978498245131567e-05 0.00018557592267691995 0 0.00016048585319504985 -1.0229817537196437e-05 0.00030559965448486489 0 0 0 -5.3616616626784745e-05
leaf_weight=406 50 196 66 8258 134 99 114 70 92 425 172 51 374 87 105 87 58 87 653 72 515 224 952 52 2110 102 54 98 108 2492
leaf_count=406 50 196 66 8258 134 99 114 70 92 425 172 51 374 87 105 87 58 87 653 72 515 224 952 52 2110 102 54 98 108 2492
internal_value=4.07268e-06 0.000347483 -1.31507e-06 -3.56507e-06 2.18265e-05 0.000121485 0.000290127 0.000499531 0.000646892 8.86306e-06 0.000129458 9.16241e-05 -6.15243e-07 -6.75493e-06 2.68062e-05 -2.17771e-05 0.000130798 8.87256e-05 1.37072e-05 1.84116e-05 0 2.66287e-06 2.92612e-05 0 -2.70538e-05 2.7582e-05 0.000191978 9.33689e-05 0.00013188 -3.48167e-05
internal_weight=18363 297 18066 18000 9742 1076 462 276 206 8666 669 247 7997 7536 2227 5309 145 461 2140 497 614 2035 1382 186 5164 562 156 430 332 4602
internal_count=18363 297 18066 18000 9742 1076 462 276 206 8666 669 247 7997 7536 2227 5309 145 461 2140 497 614 2035 1382 186 5164 562 156 430 332 4602
is_linear=0
shrinkage=0.05


Tree=28
num_leaves=31
num_cat=0
split_feature=0 126 88 126 11 10 84 82 9 142 34 0 90 134 135 81 156 110 92 51 29 104 43 29 137 89 36 26 26 19
split_gain=0.0129792 0.0284514 0.00683717 0.005099 0.00441212 0.00497839 0.0111247 0.00361769 0.00425425 0.00406717 0.00940722 0.00387292 0.00272365 0.00241769 0.00177807 0.00229012 0.00165993 0.00285318 0.0016019 0.00149248 0.0012868 0.00215608 0.00269721 0.00223765 0.000976058 0.00196937 0.000936625 0.000828443 0.000881842 0.000709891
threshold=0.23690000000000003 20.500000000000004 50.937500000000007 63.500000000000007 0.0016758371041666667 7.9250000000000016 2.7500000000000009 25.658000000000005 0.77756944444444454 613.4138128671583 -0.044853668460791439 0.071450000000000014 28.309183673469395 9.7050000000000018 12.010000000000002 41.750000000000007 0.060000000000000005 22.050000000000004 12.350000000000003 10.500000000000002 32.150000000000006 0.35000000000000009 0.37850000000000006 24.750000000000004 0.03500000000000001 37.150000000000013 269.11578005000007 14.500000000000002 10.500000000000002 -0.0014028571428571397
decision_type=2 2 2 2 2 2 2 2 2 2 2 2 2 2 2 2 2 2 2 2 2 2 2 2 2 2 2 2 2 2
left_child=2 -2 3 4 16 6 -6 8 -7 13 -11 -12 -3 -10 15 -9 -1 20 26 -17 21 -18 23 -23 25 -19 27 28 -15 -16
right_child=1 12 -4 -5 5 7 -8 14 9 10 11 -13 -14 18 29 19 17 24 -20 -21 -22 22 -24 -25 -26 -27 -28 -29 -30 -31
leaf_value=-5.0214656858233052e-05 0.0014139261898340992 0 0.00050255402623555876 -3.1513679777989413e-05 -2.4853830808475002e-05 -2.116668788543822e-05 0.00069681819145415893 0 -8.0480298461752326e-07 0.00097196013740708269 -1.8469642842488214e-05 0.00039232977337603868 0.00040892771979717793 0.00016713689371700439 -3.6162956031835888e-05 0.00045357577762924442 2.6290923836559055e-05 0.00034441600047600493 0 1.0006917814203191e-06 2.2657878294114905e-06 0.00031002344267762967 0.00052947446013604357 0 -2.5298101357695837e-05 0 0 3.4350186555414876e-05 0.0004673427084281171 2.6440684072138214e-05
leaf_weight=1504 50 196 66 8547 91 368 96 125 275 51 96 92 51 153 1121 66 439 52 112 58 531 99 63 184 2750 216 53 85 91 682
leaf_count=1504 50 196 66 8547 91 368 96 125 275 51 96 92 51 153 1121 66 439 52 112 58 531 99 63 184 2750 216 53 85 91 682
internal_value=3.98674e-06 0.000331341 -1.13616e-06 -3.28861e-06 2.17031e-05 6.5199e-05 0.00032077 4.97098e-05 0.000112621 0.000166392 0.000355154 0.000157117 8.72152e-05 0.000100847 5.05415e-06 0.000131568 -4.3807e-06 1.03793e-05 0.000167423 0.000283589 7.24657e-05 0.000113527 0.000209406 0.000118935 -1.50524e-05 7.11966e-05 0.000216064 0.000247542 0.000300958 -9.70945e-06
internal_weight=18363 297 18066 18000 9453 3615 187 3428 1376 1008 239 188 247 769 2052 249 5838 4334 494 124 1316 785 346 283 3018 268 382 329 244 1803
internal_count=18363 297 18066 18000 9453 3615 187 3428 1376 1008 239 188 247 769 2052 249 5838 4334 494 124 1316 785 346 283 3018 268 382 329 244 1803
is_linear=0
shrinkage=0.05


Tree=29
num_leaves=31
num_cat=0
split_feature=0 61 88 88 133 21 105 44 116 91 82 85 73 133 133 116 24 100 1 85 131 50 118 75 89 129 160 76 140 1
split_gain=0.0117949 0.0256653 0.00617696 0.00465418 0.00630065 0.00846943 0.0112594 0.00748051 0.00379182 0.00252013 0.00232566 0.00410829 0.00857857 0.0021225 0.00310086 0.00168894 0.00129267 0.00127174 0.00257166 0.00364065 0.0012028 0.00246925 0.00107093 0.000961127 0.000805733 0.00084666 0.00144064 0.000717718 0.000896181 0.000881738
threshold=0.23690000000000003 260.25000000000006 50.937500000000007 28.787500000000005 79.440000000000012 0.35416666666666669 11.500000000000002 1172.5000000000002 272.33156210000004 18.150000000000002 26.706000000000007 273.24204045000005 31.850000000000005 58.910000000000004 44.045000000000009 286.65519480000006 57.95000000000001 5.5499999999999554 0.14441036650000003 271.85196810000008 45.854750180135262 1017.2500000000001 22.750000000000004 7.3500000000000005 32.150000000000013 5.5000000000000009 0.12142857142857144 1.7500000000000007 32.655000000000008 0.014147579000000002
decision_type=2 2 2 2 2 2 2 2 2 2 2 2 2 2 2 2 2 2 2 2 2 2 10 2 2 2 2 2 2 2
left_child=2 -2 3 17 8 6 15 -8 24 -3 11 12 -7 14 20 -6 22 -1 -19 -20 21 -10 -16 -22 25 -5 -27 29 -29 -25
right_child=1 9 -4 4 5 10 7 -9 13 -11 -12 -13 -14 -15 16 -17 -18 18 19 -21 23 -23 -24 27 -26 26 -28 28 -30 -31
leaf_value=-3.7080880382815719e-05 0.0013446160668379389 -3.6749880727055484e-05 0.00047780138024071638 -6.4866453305837613e-06 0.00026906064467033909 0.00065316978395243541 0.0012483281622979051 0.00023349110113765793 0.00044043030680209969 0.00025763428865194346 -4.7844195128027883e-05 -3.7636247720456598e-05 0 -1.127864121469387e-05 7.1305616317746874e-05 -2.1532853882611133e-05 8.7985521482187306e-06 -8.9450998135750094e-06 0 0.0004281749515931177 0.00020457297151540803 0 0.00032987946653656084 -1.7717286581175488e-05 -3.1795135873437369e-05 0 0.00026194102944278357 0 0.00025987785871257077 5.0485209944623144e-05
leaf_weight=7533 50 130 66 262 71 88 52 51 56 117 300 159 135 1038 123 82 124 1387 87 84 82 50 200 1042 3865 96 90 79 69 795
leaf_count=7533 50 130 66 262 71 88 52 51 56 117 300 159 135 1038 123 82 124 1387 87 84 82 50 200 1042 3865 96 90 79 69 795
internal_value=3.92138e-06 0.00031598 -9.49231e-07 -3.00886e-06 2.23604e-05 0.000145158 0.000392561 0.00080099 7.26638e-06 8.30105e-05 4.45322e-05 0.000130069 0.0002716 4.51832e-05 6.94559e-05 8.17217e-05 0.000192517 -2.84199e-05 1.02461e-05 0.000194125 4.17647e-05 0.000213639 0.000247369 3.04338e-05 -2.37362e-05 3.45705e-05 0.000118867 2.06231e-05 0.000129197 9.08982e-06
internal_weight=18363 297 18066 18000 8909 938 256 103 7971 247 682 382 223 3658 2620 153 447 9091 1558 171 2173 106 323 2067 4313 448 186 1985 148 1837
internal_count=18363 297 18066 18000 8909 938 256 103 7971 247 682 382 223 3658 2620 153 447 9091 1558 171 2173 106 323 2067 4313 448 186 1985 148 1837
is_linear=0
shrinkage=0.05


Tree=30
num_leaves=31
num_cat=0
split_feature=1 126 103 3 103 54 96 128 81 142 75 116 137 93 137 138 113 28 43 137 7 43 36 24 101 116 82 96 120 2
split_gain=0.00811976 0.0182483 0.00545071 0.00570464 0.00553835 0.00585102 0.00461895 0.00235939 0.00235371 0.00342547 0.00350862 0.00304234 0.00232708 0.00249464 0.00218752 0.00591367 0.00231864 0.00253405 0.00162757 0.00151675 0.0014765 0.00134097 0.00125387 0.00267673 0.00361229 0.00116284 0.00099959 0.000848616 0.000788574 0.000661713
threshold=0.36782849050000005 36.500000000000007 1655.0000000000002 0.094158592000000013 884.95000000000016 0.065000000000000016 51.187500000000007 10.428373544156942 38.95000000000001 341.19703467597299 18.450000000000003 286.82309070000002 0.015000000000000001 268.46626895000003 0.045000000000000005 2.77 0.45000000000000007 26.050000000000004 0.25950000000000006 1.7400000000000002 0.10365000000000001 0.28150000000000003 271.83997930000004 34.400000000000006 1.419955799999997 292.86509865000005 25.146000000000008 47.562500000000007 266.45379690000004 0.00012382400000000003
decision_type=2 2 2 2 2 2 2 2 2 2 2 2 2 2 2 2 2 2 2 2 2 2 2 2 2 2 2 2 10 2
left_child=2 -2 3 6 5 -5 8 28 22 18 11 12 -11 19 15 -4 -17 -18 -10 -14 -9 -22 -1 24 -24 -13 -26 -20 -6 -23
right_child=1 -3 14 4 7 -7 -8 20 9 10 -12 25 13 -15 -16 16 17 -19 27 -21 21 29 23 -25 26 -27 -28 -29 -30 -31
leaf_value=-3.6784325771217279e-05 0.00088672549940556995 0 0.00054692972580125106 0 0.00018169843643166435 0.00081651033325975801 0.00045390244037646929 4.0185867446124644e-05 0.00026925060732570607 0.00065072586423479224 -1.6650926621770194e-05 -2.1180704786131268e-05 0 0.00051783469309861355 -3.2959876621559421e-05 -1.1186840526122015e-05 0.00046844811303956458 0 -3.0650359000628588e-05 0.00031656129577193443 0 5.5667080530603867e-05 0 -1.3001988630814331e-05 0.00048055910814946408 0.00021031547399402107 6.0984351957653923e-05 6.4215477448721273e-05 -5.4095563563563827e-06 0.00038403176814060685
leaf_weight=2543 83 192 53 54 59 60 58 214 54 53 218 151 165 61 9326 1224 54 101 1102 62 74 61 165 988 79 67 56 282 456 153
leaf_count=2543 83 192 53 54 59 60 58 214 54 53 218 151 165 61 9326 1224 54 101 1102 62 74 61 165 988 79 67 56 282 456 153
internal_value=2.8304e-06 0.000272049 -1.02128e-06 3.22416e-05 0.000135788 0.000475856 1.22176e-05 9.23269e-05 7.07922e-06 4.86604e-05 0.000133235 0.000200542 0.00029597 0.000211358 -2.3857e-05 3.19186e-05 8.11963e-06 0.000191724 0 0.000105161 0.000170097 0.000248855 -1.56638e-05 2.21535e-05 0.000154202 2.77716e-05 0.000345006 -7.67824e-06 6.64678e-06 0.000314383
internal_weight=18268 275 17993 7235 1131 114 6104 1017 6046 2215 777 559 341 288 10758 1432 1379 155 1438 227 502 288 3831 1288 300 218 135 1384 515 214
internal_count=18268 275 17993 7235 1131 114 6104 1017 6046 2215 777 559 341 288 10758 1432 1379 155 1438 227 502 288 3831 1288 300 218 135 1384 515 214
is_linear=0
shrinkage=0.05


Tree=31
num_leaves=31
num_cat=0
split_feature=0 126 92 139 138 82 81 112 36 49 73 116 92 139 6 67 43 121 28 112 136 103 1 91 126 47 29 103 137 137
split_gain=0.00733403 0.0164836 0.00501446 0.00438968 0.00693788 0.0107176 0.00414699 0.00950975 0.00248496 0.00354954 0.00430137 0.00207613 0.00136299 0.0016228 0.00133626 0.00152186 0.00180369 0.00152172 0.00150189 0.0026204 0.00196253 0.00118162 0.00408403 0.00183705 0.00115399 0.0010616 0.000996259 0.000985782 0.00114886 0.00103782
threshold=0.23690000000000003 36.500000000000007 6.8500000000000023 83.560079890267147 3.3850000000000002 29.006000000000004 55.050000000000004 284.04915165000006 274.06368460000004 963.55000000000007 33.95000000000001 292.86509865000005 12.250000000000004 33.617228999118097 0.0052520833333333343 15.050000000000002 0.25250000000000006 0.25000000000000006 7.0500000000000007 281.75351410000002 1.0750000000000004 1229.3000000000004 0.13543613500000004 22.950000000000003 46.500000000000007 2.5000000000000004 45.350000000000001 817.10000000000014 1.2600000000000002 2.5600000000000005
decision_type=2 2 2 2 2 2 2 2 2 2 2 2 2 2 2 2 2 10 2 2 2 2 2 2 2 2 2 2 2 2
left_child=2 -2 21 6 5 -5 11 -8 -6 -10 -11 14 13 -13 18 16 -16 -18 19 -4 24 22 27 -24 -21 -15 -19 -1 -29 -30
right_child=1 -3 3 4 8 -7 7 -9 9 10 -12 12 -14 25 15 -17 17 26 -20 20 -22 -23 23 -25 -26 -27 -28 28 29 -31
leaf_value=-5.4771417449105632e-05 0.00084291701695682212 0 -2.4581018034762662e-05 0.00080751065370166311 -3.6870894988631767e-05 0 0.00083085516018578426 0 1.3417876545974309e-05 0.00053555814985290395 0 2.3335049006532613e-05 0 0 0.00030659505179055383 -1.0613950098498365e-05 8.0191680602250541e-06 3.2343916047977929e-05 -3.2399193131461574e-05 3.4504025178547026e-07 0 -2.8452468091592134e-05 0.00043647564829734628 0 0.00040896862211382921 0.00035753588621002742 0.00032912977910708326 -3.0032690576310264e-06 0.00027162106125966189 4.9046014426377768e-09
leaf_weight=615 83 192 289 88 294 76 50 72 270 97 54 184 203 53 86 822 716 119 3046 53 65 9632 79 62 94 122 76 462 82 132
leaf_count=615 83 192 289 88 294 76 50 72 270 97 54 184 203 53 86 822 716 119 3046 53 65 9632 79 62 94 122 76 462 82 132
internal_value=2.86336e-06 0.000258716 -7.83311e-07 3.22781e-05 0.000137406 0.000435129 1.61577e-05 0.000304865 6.16211e-05 0.000142174 0.000337904 9.32228e-06 0.000100669 0.000159104 0 3.45673e-05 7.68014e-05 4.93136e-05 -1.81278e-05 5.85718e-05 0.000194984 -2.19414e-05 1.83535e-05 0.000273839 0.000296423 0.000272502 0.000174614 -5.87036e-06 3.12477e-05 0.000128117
internal_weight=18268 275 17993 6929 879 164 6050 122 715 421 151 5928 562 359 5366 1819 997 911 3547 501 212 11064 1432 141 147 175 195 1291 676 214
internal_count=18268 275 17993 6929 879 164 6050 122 715 421 151 5928 562 359 5366 1819 997 911 3547 501 212 11064 1432 141 147 175 195 1291 676 214
is_linear=0
shrinkage=0.05


Tree=32
num_leaves=31
num_cat=0
split_feature=0 126 103 3 103 54 81 61 81 140 75 116 128 19 137 150 28 119 43 7 111 43 84 25 83 131 53 33 23 132
split_gain=0.0066269 0.0148892 0.00454666 0.00485007 0.004711 0.00524441 0.00390922 0.00871238 0.00215622 0.00307508 0.00300189 0.00312285 0.00212535 0.00204243 0.00190444 0.00492981 0.00816698 0.00172818 0.00141882 0.00124117 0.00123126 0.00118097 0.00112014 0.00132006 0.000914333 0.000778419 0.000659327 0.00102462 0.00060452 0.000506973
threshold=0.23690000000000003 36.500000000000007 1655.0000000000002 0.094158592000000013 884.95000000000016 0.065000000000000016 55.050000000000004 491.7000000000001 38.95000000000001 34.990000000000002 18.450000000000003 286.82309070000002 10.428373544156942 -0.00018857142857142854 0.045000000000000005 0.60714285714285721 25.600000000000005 8.4500000000000011 0.25950000000000006 0.10365000000000001 7.8500000000000005 0.28150000000000003 8.3500000000000032 3.5000000000000004 16.150000000000002 67.962549110628359 180.50000000000003 0.79427347192175868 27.582638888888891 2.5000000000000004
decision_type=2 2 2 2 2 2 2 2 2 2 2 2 2 2 2 2 2 10 2 2 2 2 2 2 2 2 2 2 2 2
left_child=2 -2 3 6 5 -5 8 -8 22 18 11 13 25 17 15 -4 -17 -11 -10 -14 -15 -21 26 24 -24 -6 28 -28 -1 -13
right_child=1 -3 14 4 12 -7 7 -9 9 10 -12 29 19 20 -16 16 -18 -19 -20 21 -22 -23 23 -25 -26 -27 27 -29 -30 -31
leaf_value=-4.6261992051540366e-05 0.00080127288901989916 0 -5.5294338222080754e-06 0 0.00014632806323077959 0.00076120980034322778 0.00079447882676807538 -3.8460774870234822e-07 0.00025302167843487542 0.00076102934034733005 -1.5300154081567156e-05 -3.7468040487175191e-05 3.6644920023908799e-05 0.0003724111010536977 -3.0010658318536815e-05 0.00068749819545397867 5.5502236002164896e-06 0.0001888049715997777 -4.5970491325016241e-06 0 3.8312969611303691e-05 0.00029237332960068205 0 0 0.00022208779810115143 -1.4308682006653832e-05 0 0.00022972664265210002 5.2932630764438274e-05 0.00012238813250248009
leaf_weight=2614 83 192 1208 54 86 60 50 70 54 50 180 102 214 56 9326 71 153 62 1414 74 143 214 76 637 129 429 224 53 116 74
leaf_count=2614 83 192 1208 54 86 60 50 70 54 50 180 102 214 56 9326 71 153 62 1414 74 143 214 76 637 129 429 224 53 116 74
internal_value=2.84214e-06 0.000246042 -6.10459e-07 2.97478e-05 0.000125259 0.000439712 1.12141e-05 0.000293315 4.67356e-06 4.56056e-05 0.000134734 0.000200352 8.47015e-05 0.00029632 -2.14927e-05 3.04742e-05 0.00024602 0.000492984 1.6415e-06 0.000158346 0.000158723 0.000231037 -1.67383e-05 3.13022e-05 0.000141527 3.05777e-06 -3.18585e-05 3.22006e-05 -4.01985e-05 1.80735e-06
internal_weight=18268 275 17993 7235 1131 114 6104 120 5984 2135 667 487 1017 311 10758 1432 224 112 1468 502 199 288 3849 842 205 515 3007 277 2730 176
internal_count=18268 275 17993 7235 1131 114 6104 120 5984 2135 667 487 1017 311 10758 1432 224 112 1468 502 199 288 3849 842 205 515 3007 277 2730 176
is_linear=0
shrinkage=0.05


Tree=33
num_leaves=31
num_cat=0
split_feature=0 126 92 91 116 138 49 6 131 124 138 36 101 81 108 50 126 0 18 3 121 0 84 128 92 141 21 133 138 83
split_gain=0.00598749 0.0135075 0.00418713 0.00399794 0.00414587 0.00683017 0.0152551 0.00141549 0.00422498 0.00686421 0.00155345 0.0025261 0.00213391 0.00146977 0.00414882 0.00105751 0.000992494 0.00260888 0.0034063 0.00145519 0.000876176 0.00102781 0.00085858 0.00236912 0.000855661 0.000900048 0.000643999 0.00082795 0.00135932 0.00108898
threshold=0.23690000000000003 39.500000000000007 7.5500000000000016 14.15 292.39679795000006 3.8850000000000002 992.35000000000002 0.0051986111111111122 34.367255878312768 0.37940952255126048 12.985000000000001 274.06368460000004 0.84884424999998498 55.050000000000004 281.88685525000005 1008.2500000000001 39.500000000000007 0.052400000000000009 0.05967291666666668 0.18851152100000004 0.15000000000000005 0.052400000000000009 0.15000000000000005 9.9338470047513869 13.350000000000003 28.840000000000003 0.52083333333333337 47.940000000000005 4.6950000000000012 15.65
decision_type=2 2 2 2 2 2 2 2 2 2 2 2 2 2 2 2 2 2 2 2 10 2 2 2 2 2 2 2 2 2
left_child=2 -2 16 -4 7 6 -6 10 9 -9 13 -12 -13 26 -15 -14 17 22 19 -19 -10 -22 -1 -24 25 -7 27 -5 29 -29
right_child=1 -3 3 4 5 24 -8 8 20 -11 11 12 15 14 -16 -17 -18 18 -20 -21 21 -23 23 -25 -26 -27 -28 28 -30 -31
leaf_value=-3.9468179626253788e-05 0.00073696604677752481 0 0.00035682195166009481 -4.0741437133697399e-05 0 0 0.0010295411705828882 0 1.2629279580642487e-06 0.00072522625528370676 -3.7294564510375496e-05 0 7.0854646393603746e-05 0.00049842287166449329 -5.9491964105799809e-05 0.00051656141254560295 -2.5949956367781652e-05 0.00013111849281399786 -4.089653654415143e-05 0.00049087665097886208 0 0.00017739993328357506 0.00026877401626299377 -9.16296124494914e-06 -7.1730888516183572e-06 0.0001616848695973817 -4.4598521621177752e-05 -5.9568717183702294e-06 -9.8872288773915016e-06 0.00015236013528525385
leaf_weight=1088 89 186 94 769 86 98 63 91 1423 58 159 101 57 51 58 62 9472 175 131 63 139 176 91 295 225 214 1749 82 629 294
leaf_count=1088 89 186 94 769 86 98 63 91 1423 58 159 101 57 51 58 62 9472 175 131 63 139 176 91 295 225 214 1749 82 629 294
internal_value=2.83227e-06 0.000233994 -4.35676e-07 3.06716e-05 2.52024e-05 0.000142072 0.000444967 1.07398e-05 4.67192e-05 0.000304091 -4.94815e-06 8.93039e-05 0.000203179 -1.61815e-05 0.000158254 0.000347108 -1.92378e-05 1.25427e-05 0.000132688 0.000248925 2.16171e-05 9.74485e-05 -1.42142e-05 4.39663e-05 4.80645e-05 0.000103769 -2.30407e-05 0 2.80545e-05 0.000104647
internal_weight=18268 275 17993 6678 6584 686 149 5898 1887 149 4011 379 220 3632 109 119 11315 1843 369 238 1738 315 1474 386 537 312 3523 1774 1005 376
internal_count=18268 275 17993 6678 6584 686 149 5898 1887 149 4011 379 220 3632 109 119 11315 1843 369 238 1738 315 1474 386 537 312 3523 1774 1005 376
is_linear=0
shrinkage=0.05


Tree=34
num_leaves=31
num_cat=0
split_feature=103 0 3 103 54 96 137 136 81 75 126 7 128 9 49 7 56 24 101 43 4 19 30 142 1 131 44 135 15 92
split_gain=0.00539357 0.0153957 0.00439883 0.00384397 0.00453844 0.00362675 0.00196084 0.00534596 0.00178397 0.00271127 0.00193723 0.00303626 0.0017311 0.00150612 0.00176855 0.0011813 0.000945993 0.00200098 0.00295073 0.000923352 0.000815884 0.00164744 0.00117314 0.000922839 0.00213497 0.000783223 0.000649364 0.000599672 0.000509872 0.000921703
threshold=1597.6500000000003 0.23690000000000003 0.089082107000000008 884.95000000000016 0.065000000000000016 51.187500000000007 1.0000000180025095e-35 0.64500000000000013 38.95000000000001 7.7500000000000009 43.500000000000007 0.0037000000000000006 10.428373544156942 0.75604166666666683 979.45000000000016 0.10365000000000001 -1.3420752499999933 34.400000000000006 1.419955799999997 0.26550000000000007 0.00032238350000000004 -0.00099428571428571426 -2.367142857142857 82.172564775884666 0.0043528345000000005 67.962549110628359 717.50000000000011 0.43500000000000005 0.00023750000000000003 10.350000000000003
decision_type=2 2 2 2 2 2 2 2 2 2 2 2 2 2 2 2 2 2 2 2 2 2 2 2 2 2 2 2 2 2
left_child=1 2 5 4 -4 8 7 13 16 -10 20 -12 25 -2 -15 -14 -1 18 -18 -17 -11 23 -23 24 -22 -5 -20 -19 -8 -30
right_child=6 -3 3 12 -6 -7 28 -9 9 10 11 -13 15 14 -16 19 17 27 26 -21 21 22 -24 -25 -26 -27 -28 -29 29 -31
leaf_value=-3.3347441241420223e-05 -2.4334986718351873e-05 0.00069309141768601702 0 0.00015003453407622322 0.0007041899334986649 0.00040430808658631335 -3.7214148988431835e-05 0.0005355685022342577 0.00031816454707930038 -1.3078098772126968e-05 0 0.00043644325467741718 3.6810846664983343e-05 0.00039575938940234829 0 0 0 0.00012371703180842958 0.00049415984453464099 0.00026838990579982724 0.00036101586879371542 0 0.00034759777692088396 -2.0377233112652349e-05 0 -1.3450667824005135e-05 0.00010868452274685483 -2.7983757455350733e-05 -2.1139320498466585e-05 3.494392430851284e-05
leaf_weight=2490 414 88 56 83 60 57 4496 55 88 1078 62 71 237 50 62 55 158 62 54 220 57 51 74 447 167 415 72 856 5342 791
leaf_count=2490 414 88 56 83 60 57 4496 55 88 1078 62 71 237 50 62 55 158 62 54 220 57 51 74 447 167 415 72 856 5342 791
internal_value=2.73799e-06 3.72115e-05 2.81152e-05 0.000118977 0.000401948 9.73537e-06 -1.85225e-05 6.86738e-05 4.91592e-06 4.24004e-05 2.76667e-05 0.000213781 8.11668e-05 9.44269e-06 0.000177658 0.000146301 -1.50062e-05 1.88284e-05 0.000136275 0.00022207 1.16843e-05 5.14671e-05 0.000220551 1.22468e-05 9.93728e-05 4.02289e-06 0.000315849 -1.2174e-05 -2.37652e-05 -1.30864e-05
internal_weight=18268 7058 6970 1126 116 5844 11210 581 5787 2095 2007 133 1010 526 112 512 3692 1202 284 275 1874 796 125 671 224 498 126 918 10629 6133
internal_count=18268 7058 6970 1126 116 5844 11210 581 5787 2095 2007 133 1010 526 112 512 3692 1202 284 275 1874 796 125 671 224 498 126 918 10629 6133
is_linear=0
shrinkage=0.05


Tree=35
num_leaves=31
num_cat=0
split_feature=1 103 86 67 13 105 88 15 49 49 131 82 137 135 118 133 140 89 93 21 1 90 28 10 4 131 15 96 29 92
split_gain=0.00773392 0.0219574 0.00313733 0.0051503 0.00354958 0.00811803 0.00337758 0.0023901 0.00185808 0.00298394 0.00759079 0.00173947 0.00154334 0.0023505 0.00174553 0.00148896 0.000979761 0.00105046 0.000768745 0.000765958 0.000584338 0.00238707 0.00152861 0.00059055 0.000573437 0.000668889 0.000547799 0.000509903 0.00063909 0.000503531
threshold=0.36782849050000005 1148.2500000000002 1.0000000180025095e-35 12.450000000000001 0.0040631323958333345 13.500000000000002 49.962500000000006 0.00023750000000000003 949.95000000000016 967.05000000000007 74.21506061840644 24.634000000000004 1.0000000180025095e-35 9.4400000000000031 16.350000000000005 60.115000000000002 34.990000000000002 37.550000000000004 267.42453710000007 0.4513888888888889 0.036801556500000006 19.578571428571433 33.750000000000007 16.980000000000004 0.0041793375000000006 71.052266785764871 0.00023750000000000003 32.237500000000011 29.150000000000002 1.0000000180025095e-35
decision_type=2 2 2 2 2 2 2 2 2 2 2 2 2 2 10 2 2 2 2 2 2 2 2 2 2 2 2 2 2 2
left_child=2 -2 20 4 6 -6 7 24 -9 10 -10 -3 13 14 -5 16 -11 -18 19 -17 -1 -22 -23 -24 27 -26 -14 28 -4 -28
right_child=1 11 3 12 5 -7 -8 8 9 15 -12 -13 26 -15 -16 18 17 -19 -20 -21 21 22 23 -25 25 -27 29 -29 -30 -31
leaf_value=-3.107992550600587e-05 0.0012039301499573733 -5.7378256779590353e-05 0.0001707563196016135 0.00048250493600662277 0.00080347691681279974 0 0.00044999434588200013 -2.4688662264113298e-05 0.00058460965996312824 4.8795112619160514e-05 1.9630753005024169e-05 0.00019160735472793864 -3.420772496471776e-05 -5.4461648368964035e-06 0 0.00024622000084619102 6.6417393252942742e-06 0.00022402183354057925 -2.946655074723706e-05 0 -2.2317469503291049e-05 0 4.7938801224946098e-05 0.00033617451287702558 0.00020404294891880953 0 9.2110892003433029e-05 -3.98323120608512e-05 0 -6.5287802639186751e-06
leaf_weight=6456 50 132 66 56 52 67 55 294 108 592 175 116 2392 104 50 56 131 285 438 61 1804 123 84 89 61 189 132 916 92 3132
leaf_count=6456 50 132 66 56 52 67 55 294 108 592 175 116 2392 104 50 56 131 285 438 61 1804 123 84 89 61 189 132 916 92 3132
internal_value=2.49209e-06 0.000254807 -1.40828e-06 1.80675e-05 6.49893e-05 0.000340593 5.41548e-05 4.62988e-05 7.90866e-05 9.83257e-05 0.000254146 3.93042e-05 -1.01865e-05 0.000119899 0.000288509 6.67711e-05 0.000102956 0.000167738 0 0.000114266 -2.36259e-05 0 0.000130638 0.000226037 -2.94259e-06 6.01809e-05 -1.59206e-05 -2.23296e-05 4.73075e-05 -9.81292e-07
internal_weight=18358 298 18060 9504 3638 119 3519 3464 2140 1846 283 248 5866 210 106 1563 1008 416 555 117 8556 2100 296 173 1324 250 5656 1074 158 3264
internal_count=18358 298 18060 9504 3638 119 3519 3464 2140 1846 283 248 5866 210 106 1563 1008 416 555 117 8556 2100 296 173 1324 250 5656 1074 158 3264
is_linear=0
shrinkage=0.05


Tree=36
num_leaves=31
num_cat=0
split_feature=0 126 156 111 87 134 137 49 41 84 133 156 43 137 85 137 81 50 139 61 112 129 139 21 112 139 137 0 103 28
split_gain=0.00698761 0.0218421 0.00284826 0.00483988 0.00332113 0.0126131 0.00178645 0.00305506 0.00468591 0.00177638 0.00449953 0.00111604 0.000953734 0.000946936 0.000928343 0.00151393 0.00256031 0.00306194 0.000905947 0.00100749 0.000877743 0.000770489 0.000704626 0.000724662 0.000614933 0.000974564 0.000576008 0.000559643 0.00187969 0.00168776
threshold=0.23690000000000003 19.500000000000004 1.0000000180025095e-35 9.6500000000000004 1.5000000000000002 6.3950000000000005 1.0000000180025095e-35 951.95000000000016 45.500000000000007 10.050000000000002 80.390000000000015 0.38000000000000006 0.35250000000000004 15.125000000000002 271.85196810000008 1.7400000000000002 49.350000000000001 1012.2500000000001 66.087660388695426 355.10000000000008 283.14159415000006 1.5000000000000002 33.617228999118097 0.27083333333333343 274.92273935000009 86.473920127546805 0.055000000000000007 0.025150000000000002 1540.2500000000002 33.750000000000007
decision_type=2 2 2 2 2 2 2 2 2 2 2 2 2 2 2 2 2 2 2 2 2 2 2 2 2 2 2 2 2 2
left_child=2 -2 27 4 9 -6 7 -5 -9 18 -11 -3 -7 14 -8 26 21 -18 19 22 -14 -17 -4 -24 25 -20 -16 -1 29 -29
right_child=1 11 3 6 5 12 13 8 -10 10 -12 -13 20 -15 15 16 17 -19 24 -21 -22 -23 23 -25 -26 -27 -28 28 -30 -31
leaf_value=-2.9678899357882081e-05 0.0011657712854585558 -2.5137953611510158e-05 4.799601958164716e-06 -3.7641428413823409e-06 0.00088079126841846792 0 -2.4949123355367145e-05 0 0.00055903611342267452 5.0369824994422832e-05 0.00052625454484608359 0.0001886984379206861 0.00035486138515000866 0.00019672534426920011 -7.4640727528954443e-05 0.00016194353368529388 0 0.0005625439963965359 0 -1.4685392752950143e-05 0 0 0 0.00019307357341260081 -4.3492109016916137e-05 0.0002313739942616979 0 0 -2.1471642348994953e-05 0.00021419397555127225
leaf_weight=6469 52 168 208 154 61 230 4220 62 74 316 67 78 52 53 282 86 57 55 160 183 54 506 56 236 565 55 1712 181 1730 176
leaf_count=6469 52 168 208 154 61 230 4220 62 74 316 67 78 52 53 282 86 57 55 160 183 54 506 56 236 565 55 1712 181 1730 176
internal_value=2.46e-06 0.00024229 -1.23369e-06 1.73106e-05 8.15486e-05 0.000216539 -1.85324e-06 0.000118538 0.000292539 4.97089e-05 0.000147793 2.29104e-05 7.88534e-05 -7.59504e-06 -9.91123e-06 1.17579e-05 7.55247e-05 0.000298472 2.05327e-05 6.38357e-05 0.000204614 2.44816e-05 0.000102526 0.000154821 -1.10163e-05 5.09851e-05 -8.27592e-06 -2.24166e-05 0 0.000104389
internal_weight=18358 298 18060 9504 2243 397 7261 290 136 1846 383 246 336 6971 6918 2698 704 112 1463 683 106 592 500 292 780 215 1994 8556 2087 357
internal_count=18358 298 18060 9504 2243 397 7261 290 136 1846 383 246 336 6971 6918 2698 704 112 1463 683 106 592 500 292 780 215 1994 8556 2087 357
is_linear=0
shrinkage=0.05


Tree=37
num_leaves=31
num_cat=0
split_feature=0 126 156 111 104 134 95 132 137 49 119 29 156 33 137 22 24 87 61 15 141 137 84 18 0 90 28 3 30 2
split_gain=0.00631275 0.0197478 0.00259891 0.00442666 0.00356113 0.00902067 0.0163131 0.00311303 0.00158002 0.00277107 0.00470275 0.00136913 0.00101272 0.000900723 0.00131815 0.00174081 0.00137918 0.00125067 0.000662609 0.000660732 0.000627849 0.00126954 0.000844995 0.000558432 0.000504789 0.00192607 0.00129787 0.000466518 0.000462823 0.00115274
threshold=0.23690000000000003 19.500000000000004 1.0000000180025095e-35 9.6500000000000004 0.55000000000000016 6.2250000000000005 2.5000000000000004 1.5000000000000002 1.0000000180025095e-35 951.95000000000016 6.5500000000000007 26.700000000000006 0.38000000000000006 0.44412052922541873 1.7400000000000002 4.5000000000000009 51.850000000000009 1.0000000180025095e-35 218.45000000000002 0.00023750000000000003 37.940000000000005 0.48500000000000004 15.250000000000004 0.0027333333333333337 0.025150000000000002 19.578571428571433 33.750000000000007 0.15259067450000002 -2.9028571428571417 8.5250000000000026e-05
decision_type=2 2 2 2 2 2 2 2 2 2 10 2 2 2 2 2 2 2 2 2 2 2 2 2 2 2 2 2 2 2
left_child=2 -2 24 4 20 6 7 -6 9 -5 -11 -7 -3 19 -15 -16 17 -17 -13 -10 22 -22 -4 -24 -1 -26 -27 -28 29 -21
right_child=1 12 3 8 5 11 -8 -9 13 10 -12 18 -14 14 15 16 -18 -19 -20 28 21 -23 23 -25 25 26 27 -29 -30 -31
leaf_value=-2.8195184016012253e-05 0.0011085824639852739 -2.3888491917032891e-05 -2.2881585409175522e-05 -3.5771501533153844e-06 0.00043984833129798065 0.00026036323139201259 0.0012405386608660075 0 -4.0059593381680919e-05 0.00055655505690083379 0 0.00010199186772798621 0.00017938294369903104 -3.8449200809364544e-06 0.00037093402997788016 0 -3.4626447057867741e-06 0.00027134266178472901 0 0 0.00024548491371849488 0 0 0.00024311610721899628 -1.9690569434070453e-05 0 6.4538855199448907e-05 0.00033550654567079626 -1.2983659748558235e-05 0.00016764520991112549
leaf_weight=6469 52 168 830 154 55 93 50 90 2132 71 65 277 78 1333 52 114 344 104 507 445 81 123 86 51 1785 129 102 71 2318 129
leaf_count=6469 52 168 830 154 55 93 50 90 2132 71 65 277 78 1333 52 114 344 104 507 445 81 123 86 51 1785 129 102 71 2318 129
internal_value=2.4469e-06 0.000230398 -1.05012e-06 1.66523e-05 7.80863e-05 0.000144445 0.000455995 0.000144572 -1.64495e-06 0.000111529 0.000277441 6.90372e-05 2.07858e-05 -7.08557e-06 2.05799e-05 8.16566e-05 4.53984e-05 0.000144995 3.96694e-05 -1.8804e-05 1.30001e-05 9.28596e-05 0 0.00011025 -2.12979e-05 0 0.000116646 0.00020577 -1.39756e-06 3.66365e-05
internal_weight=18358 298 18060 9504 2243 1072 195 145 7261 290 136 877 246 6971 1947 614 562 218 784 5024 1171 204 967 137 8556 2087 302 173 2892 574
internal_count=18358 298 18060 9504 2243 1072 195 145 7261 290 136 877 246 6971 1947 614 562 218 784 5024 1171 204 967 137 8556 2087 302 173 2892 574
is_linear=0
shrinkage=0.05


Tree=38
num_leaves=31
num_cat=0
split_feature=0 126 88 111 104 85 139 107 4 132 88 2 21 132 101 86 74 29 29 103 7 84 94 9 21 2 21 83 101 61
split_gain=0.00570471 0.0178543 0.00237359 0.00482188 0.00411663 0.00921378 0.00728719 0.00121344 0.000963308 0.00101609 0.00264043 0.00267024 0.000975828 0.00116949 0.000965429 0.000918958 0.000728726 0.0015878 0.000663854 0.00284751 0.0020289 0.000599404 0.000467951 0.000467882 0.000463126 0.000551675 0.00132722 0.000449966 0.000428165 0.000367016
threshold=0.23690000000000003 19.500000000000004 29.437500000000004 9.6500000000000004 0.55000000000000016 278.97010045000007 87.760506709764101 12.15 0.00018379200000000003 4.5000000000000009 36.362500000000004 3.2200000000000003e-05 0.43750000000000006 1.5000000000000002 0.22741945000001354 9.5000000000000018 25.264285714285723 26.950000000000003 47.050000000000004 1045.4000000000003 0.10365000000000001 15.250000000000004 7.5000000000000009 0.33256944444444447 0.47916666666666669 0.0035617145000000003 0.31250000000000006 21.450000000000003 6.3862553499999715 118.90000000000002
decision_type=2 2 2 2 2 2 2 2 2 2 2 2 2 2 2 2 2 2 2 2 2 2 2 2 2 2 2 2 2 2
left_child=2 -2 18 4 21 6 16 8 12 10 -10 -12 13 -5 -13 -3 17 -6 29 20 -20 28 -23 -19 25 -9 -27 -25 -4 -1
right_child=1 15 3 7 5 -7 -8 24 9 -11 11 14 -14 -15 -16 -17 -18 23 19 -21 -22 22 -24 27 -26 26 -28 -29 -30 -31
leaf_value=-5.6251091021090724e-05 0.0010541992289242598 -2.2701135531489594e-05 -1.8580826641813145e-05 0.00028879297781882256 0.00036347663889630771 0.00077386326753185134 0.00061684627162479882 -9.4051074400565486e-06 0 0 4.4218300767291419e-05 0.00012793112490883153 -3.2813317814862818e-05 9.052211046042798e-06 0.000595621829602654 0.0001705273311353831 0 0 0 -9.2907523297473628e-06 0.00038762573504865904 0.00018580211063515411 0 0.0001557853310970641 -3.1879437848702686e-05 -1.2547781796194992e-05 0.00017348376060139674 0 7.3872940975752206e-05 -1.8954611814157267e-05
leaf_weight=934 52 168 681 53 55 61 68 2133 319 411 149 57 776 280 59 78 212 170 54 1074 81 82 53 140 2268 152 148 135 152 7303
leaf_count=934 52 168 681 53 55 61 68 2133 319 411 149 57 776 280 59 78 212 170 54 1074 81 82 53 140 2268 152 148 135 152 7303
internal_value=2.39586e-06 0.000219089 -9.14796e-07 1.77722e-05 9.03384e-05 0.000171849 0.000117436 -7.94192e-07 2.99622e-05 6.56906e-05 0.000108117 0.000224775 0 6.92769e-05 0.000411601 1.87659e-05 6.19286e-05 9.53644e-05 -1.84852e-05 1.35619e-05 0.000230864 1.42575e-05 0.000111655 5.02755e-05 -1.56265e-05 0 6.28879e-05 9.1228e-05 0 -2.37969e-05
internal_weight=18358 298 18060 8614 1809 841 780 6805 2104 995 584 265 1109 333 116 246 712 500 9446 1209 135 968 135 445 4701 2433 300 275 833 8237
internal_count=18358 298 18060 8614 1809 841 780 6805 2104 995 584 265 1109 333 116 246 712 500 9446 1209 135 968 135 445 4701 2433 300 275 833 8237
is_linear=0
shrinkage=0.05


Tree=39
num_leaves=31
num_cat=0
split_feature=0 126 88 111 13 15 89 116 134 137 23 115 33 137 2 137 156 73 134 67 0 103 134 0 133 15 84 134 2 7
split_gain=0.00515441 0.0161424 0.00217105 0.00439157 0.00322303 0.00166644 0.00271766 0.00258092 0.00316301 0.00144805 0.00244779 0.00205722 0.000834933 0.00111103 0.00139453 0.00134919 0.00083385 0.00068913 0.000660785 0.000704212 0.000612189 0.00201371 0.00171497 0.000879593 0.000585968 0.000552337 0.000425722 0.000313754 0.000565276 0.000646952
threshold=0.23690000000000003 19.500000000000004 29.437500000000004 9.6500000000000004 0.0040631323958333345 0.00036041666666666671 53.750000000000007 285.9071757000001 4.7450000000000001 1.0000000180025095e-35 22.856944444444448 9.8500000000000032 0.45780780594231113 1.7400000000000002 0.0006863590000000001 2.8400000000000003 0.38000000000000006 32.850000000000001 7.1250000000000009 12.250000000000002 0.025150000000000002 1540.2500000000002 9.5400000000000009 0.13935000000000003 61.975000000000001 0.00023750000000000003 1.0000000180025095e-35 8.2600000000000016 1.2500000000000001e-05 0.060850000000000008
decision_type=2 2 2 2 2 2 2 2 2 2 2 2 2 2 2 2 2 2 2 2 2 2 2 2 2 2 2 2 2 2
left_child=2 -2 20 4 5 6 -4 8 -7 10 11 -5 25 -14 15 -15 -3 -16 -10 -20 -1 22 -22 -24 26 -11 -9 -27 -29 -30
right_child=1 16 3 9 -6 7 -8 24 18 12 -12 -13 13 14 17 -17 -18 -19 19 -21 21 -23 23 -25 -26 27 -28 28 29 -31
leaf_value=-2.4989225913003407e-05 0.001002483752661578 -2.1572794373709976e-05 -3.0659297386860321e-06 0.00045363292052647474 0.00046923768341818278 0.00047716601518133232 0.00036207043315235359 0.00012004009977141435 0 -3.7944963485949763e-05 -1.6222978698265715e-05 4.4811917767311777e-06 -1.588435528502183e-06 0.00023543734883038701 0.00038748536112377359 0 0.00016210889376199269 1.1943838308389669e-05 0.0002452070569879867 1.709542405396033e-05 0 -1.8967930962356548e-05 9.867179440929436e-05 0.00039613410572720962 -1.4753182069075087e-05 -2.6290794285813229e-05 0 -1.5664658518998962e-05 8.7242902839826028e-05 0
leaf_weight=7102 52 168 800 70 57 98 52 195 79 1996 126 78 1260 67 55 413 78 56 126 120 224 1852 213 55 224 921 58 865 389 509
leaf_count=7102 52 168 800 70 57 98 52 195 79 1996 126 78 1260 67 55 413 78 56 126 120 224 1852 213 55 224 921 58 865 389 509
internal_value=2.36228e-06 0.000208336 -7.70903e-07 1.70898e-05 8.63394e-05 7.07693e-05 1.37561e-05 0.000119117 0.000211087 -5.94401e-07 0.000110915 0.000252094 -6.05437e-06 2.11576e-05 7.80183e-05 2.87045e-05 1.68453e-05 0.000244464 0.000114299 0.000154696 -1.75878e-05 2.70634e-06 9.43082e-05 0.000179551 2.68279e-05 -1.78874e-05 8.3241e-05 -1.10051e-06 9.232e-06 3.87662e-05
internal_weight=18358 298 18060 8614 1809 1752 852 900 423 6805 274 148 6531 1851 591 480 246 111 325 246 9446 2344 492 268 477 4680 253 2684 1763 898
internal_count=18358 298 18060 8614 1809 1752 852 900 423 6805 274 148 6531 1851 591 480 246 111 325 246 9446 2344 492 268 477 4680 253 2684 1763 898
is_linear=0
shrinkage=0.05


Tree=40
num_leaves=31
num_cat=0
split_feature=0 34 96 103 1 77 49 93 43 114 101 44 133 13 104 90 92 75 12 124 131 29 21 136 112 24 15 92 131 129
split_gain=0.0043979 0.012957 0.00279652 0.00171809 0.00336707 0.00286499 0.00208282 0.00152218 0.00169192 0.00697935 0.00442716 0.00146853 0.00134182 0.00462318 0.0012204 0.0011201 0.00105474 0.00111485 0.00102612 0.000755246 0.00158627 0.00118777 0.000790374 0.00143638 0.000884226 0.000462679 0.000419797 0.00114836 0.00315608 0.000404586
threshold=0.23690000000000003 0.2376105923914682 51.187500000000007 1626.0500000000002 0.17527057350000003 277.57390290000006 986.05000000000007 272.99265870000005 0.37850000000000006 32.750000000000007 0.69463830000000837 1002.5000000000001 86.075000000000017 0.0017604038750000004 0.55000000000000016 28.309183673469395 8.3500000000000032 17.750000000000004 0.090140162500000023 0.91597561503675351 39.184882750482181 24.300000000000001 0.35416666666666669 0.16500000000000004 290.19886105000006 54.250000000000007 0.0011052083333333337 10.550000000000002 37.757193452824723 5.5000000000000009
decision_type=2 2 2 2 2 2 2 2 2 2 2 2 2 2 2 2 2 2 2 2 2 2 2 2 2 2 2 2 2 2
left_child=2 15 3 4 7 6 18 8 19 11 -11 14 26 -14 -10 -2 -16 -18 -6 22 -21 -22 23 24 -1 -9 -5 -28 -29 -25
right_child=1 -3 -4 12 5 -7 -8 25 9 10 -12 -13 13 -15 16 -17 17 -19 -20 20 21 -23 -24 29 -26 -27 27 28 -30 -31
leaf_value=7.6904822330392292e-06 -1.0637743237727666e-05 0.00092336284656388068 0.00033816060818577681 -2.2467501503004394e-05 0.00051409747367715493 1.7846320514233401e-05 0 -5.0832254869869652e-05 0 7.4179481802275399e-05 0.000719478831767419 -4.5269442135118959e-05 0 0.00045884373004258976 0 0.0002378631309336782 0.00029957933704260472 0 7.4602193467748849e-05 0.00033248531493602343 0.00023775107526218342 0 -1.5915654399438114e-05 -1.521191796367733e-05 0.00029398161862512255 1.5843221150722491e-05 -1.0795611008346831e-05 0.00044913464391496607 0 6.6117116780411964e-05
leaf_weight=101 191 50 60 8086 93 258 56 1171 220 79 65 382 229 65 60 50 129 52 51 51 56 445 2714 554 81 201 2329 51 224 201
leaf_count=101 191 50 60 8086 93 258 56 1171 220 79 65 382 229 65 60 50 129 52 51 51 56 445 2714 554 81 201 2329 51 224 201
internal_value=3.32044e-06 0.000195822 0 -9.36288e-07 1.80809e-05 0.000149661 0.000293892 8.11392e-06 2.11186e-05 8.04504e-05 0.000402896 1.90344e-05 -1.35461e-05 8.9016e-05 8.31239e-05 2.10272e-05 0.000160619 0.000220888 0.000394514 5.98042e-06 6.06668e-05 2.24293e-05 -9.32924e-07 3.71044e-05 0.000163338 -3.74181e-05 -1.68426e-05 0 9.70461e-05 0
internal_weight=18355 291 18064 18004 7020 458 200 6562 5190 987 144 843 10984 294 461 241 241 181 144 4203 552 501 3651 937 182 1372 10690 2604 275 755
internal_count=18355 291 18064 18004 7020 458 200 6562 5190 987 144 843 10984 294 461 241 241 181 144 4203 552 501 3651 937 182 1372 10690 2604 275 755
is_linear=0
shrinkage=0.05


Tree=41
num_leaves=31
num_cat=0
split_feature=0 100 96 116 11 137 50 133 75 82 137 22 61 1 61 128 83 30 75 84 94 119 90 11 7 120 2 138 104 19
split_gain=0.00397146 0.0117363 0.00252664 0.00168727 0.00204893 0.0014719 0.00488865 0.00812799 0.001665 0.00132484 0.00110152 0.000859933 0.0016229 0.000859018 0.00326956 0.00211594 0.00050307 0.00162763 0.00234935 0.00194087 0.00133964 0.000643268 0.000491944 0.000477474 0.00132952 0.00123368 0.000821167 0.000577429 0.000456724 0.000443765
threshold=0.23690000000000003 5.5999999999999668 51.187500000000007 293.32991890000005 0.0043154444375000005 1.0000000180025095e-35 1008.4500000000002 82.945000000000007 16.950000000000003 26.190000000000001 15.125000000000002 43.000000000000007 165.10000000000005 0.13543613500000004 268.90000000000003 10.428373544156942 17.750000000000004 -3.5142857142857129 17.450000000000003 5.6500000000000012 15.500000000000002 12.550000000000002 27.123469387755105 0.0011026268888888891 0.056150000000000005 266.81646105000004 1.9300000000000005e-05 5.5950000000000006 0.15000000000000005 -0.0014028571428571397
decision_type=2 2 2 2 2 2 2 2 2 2 2 2 2 2 2 2 2 2 2 2 2 10 2 2 2 10 2 2 2 2
left_child=2 9 3 5 11 6 7 -1 28 -2 13 -5 -13 16 15 -15 -7 18 19 -18 -21 -19 -16 -23 25 -25 -27 -28 -8 -24
right_child=1 -3 -4 4 -6 10 8 -9 -10 -11 -12 12 -14 14 22 -17 17 21 -20 20 -22 23 29 24 -26 26 27 -29 -30 -31
leaf_value=0 -5.6469535450821856e-05 0.00085444156366267844 0.00032152975950443539 0 0.00030876224578413021 -2.1470502815031584e-05 -8.0979634257632389e-05 0.00058357864165233106 0.00023256909666623176 0.0001753543833556831 0.00016108208600243141 0.00036973709000029397 5.9553003731521e-06 0 -1.9064816296358395e-05 0.00036011035018181011 0 -2.4979280321179361e-05 0 0.00042600617823533566 0 -1.9912764459049677e-05 0 0.00033217896151997641 -8.3567401620079051e-07 -6.0674156719003042e-07 0.00022299918544439577 0 0 0.00010117820558192953
leaf_weight=115 145 53 60 566 84 8612 247 103 67 93 91 51 155 103 1086 110 108 3426 432 95 51 616 67 60 746 168 86 76 494 189
leaf_count=115 145 53 60 566 84 8612 247 103 67 93 91 51 155 103 1086 110 108 3426 432 95 51 616 67 60 746 168 86 76 494 189
internal_value=3.28606e-06 0.000186228 5.20545e-08 -7.59397e-07 6.73573e-05 -4.45496e-06 5.29283e-05 0.000262571 0 1.35513e-05 -8.41999e-06 3.42567e-05 0.000121523 -9.70403e-06 2.44675e-05 0.000206264 -1.37215e-05 -1.48698e-06 6.98046e-05 0.000190159 0.000309411 -1.1909e-05 -7.95929e-07 1.0797e-05 3.18499e-05 0.000107001 5.00744e-05 0.000132989 -2.55532e-05 5.70215e-05
internal_weight=18355 291 18064 18004 856 17148 1026 218 808 238 16122 772 206 16031 1555 213 14476 5864 686 254 146 5178 1342 1752 1136 390 330 162 741 256
internal_count=18355 291 18064 18004 856 17148 1026 218 808 238 16122 772 206 16031 1555 213 14476 5864 686 254 146 5178 1342 1752 1136 390 330 162 741 256
is_linear=0
shrinkage=0.05


Tree=42
num_leaves=31
num_cat=0
split_feature=1 34 96 116 131 49 84 139 142 42 138 2 126 1 3 114 82 33 131 84 108 116 29 15 30 19 75 131 88 141
split_gain=0.00358651 0.011074 0.00228314 0.00155143 0.002021 0.00574007 0.0012334 0.00268856 0.00870357 0.00375185 0.00390543 0.00115003 0.00214428 0.00334288 0.00105668 0.00103733 0.00100043 0.000961287 0.00221578 0.000860826 0.000647782 0.00112371 0.00115411 0.000604998 0.000589071 0.00098697 0.00150119 0.000495452 0.000426431 0.000887344
threshold=0.36782849050000005 0.2376105923914682 51.187500000000007 293.32991890000005 49.891498158895921 994.25000000000011 1.3500000000000005 84.236298250432995 779.97322007526816 1.0750000000000004 9.6000000000000032 0.00012382400000000003 20.500000000000004 0.17527057350000003 0.00058537300000000003 33.050000000000004 24.634000000000004 0.8617918123090913 53.449377895595291 12.850000000000003 279.61787740000005 284.36086615000005 28.300000000000004 0.00023750000000000003 -2.9028571428571417 -8.4285714285714259e-05 16.950000000000003 100.49921331067833 38.01250000000001 31.185000000000006
decision_type=2 2 2 2 2 2 2 2 2 2 2 2 2 2 2 2 2 2 2 2 2 2 2 2 2 2 2 2 2 2
left_child=2 16 3 6 5 -5 11 17 9 10 19 -1 13 15 -10 27 -2 23 -19 -9 -20 22 -22 -8 25 26 -25 -13 -14 -30
right_child=1 -3 -4 4 -6 -7 7 8 14 -11 -12 12 28 -15 -16 -17 -18 18 20 -21 21 -23 -24 24 -26 -27 -28 -29 29 -31
leaf_value=-2.4342605883820432e-05 -5.4623731813143147e-05 0.0008493840208992718 0.00030571681949487494 0 2.5521411616487089e-05 0.00064564531152697157 -2.7884230280547035e-05 0.00030319468231812378 0.00010129968949504651 0 0.00012808277426727804 -5.9518460203176777e-05 -1.6676442945728823e-05 0.00033775981863315495 -7.4067840813067806e-05 0.00019510512968214851 0.00013879877351809813 0.00037230817045551875 -1.4889862784712409e-06 0.00087555317165518729 0.00032464072056932817 -1.5611711339915286e-05 0 0.00036109016874615924 -2.3473326265653601e-06 0 9.5271072306138981e-06 5.4496514937783977e-05 0 0.00018958827372639637
leaf_weight=8081 130 50 60 69 734 53 1967 50 101 51 93 212 2112 119 321 74 111 53 418 57 71 56 58 59 2256 417 131 162 151 78
leaf_count=8081 130 50 60 69 734 53 1967 50 101 51 93 212 2112 119 321 74 111 53 418 57 71 56 58 59 2256 417 131 162 151 78
internal_value=3.2237e-06 0.000177083 1.365e-07 -6.21097e-07 6.46901e-05 0.000257571 -4.17647e-06 1.33165e-05 0.000107646 0.000341551 0.000439228 -1.4436e-05 1.13734e-05 9.92422e-05 -2.01354e-05 2.41389e-05 1.40072e-05 8.15734e-07 5.83211e-05 0.000659676 2.18747e-05 0.00010127 0.000190201 -5.96999e-06 7.34467e-06 5.15346e-05 0.000146194 0 -7.80714e-06 5.19696e-05
internal_weight=18355 291 18064 18004 856 122 17148 6159 673 251 200 10989 2908 567 422 448 241 5486 656 107 603 185 129 4830 2863 607 190 374 2341 229
internal_count=18355 291 18064 18004 856 122 17148 6159 673 251 200 10989 2908 567 422 448 241 5486 656 107 603 185 129 4830 2863 607 190 374 2341 229
is_linear=0
shrinkage=0.05


Tree=43
num_leaves=31
num_cat=0
split_feature=0 100 88 116 12 92 84 139 142 74 49 90 0 2 89 2 4 93 116 124 118 119 6 89 129 25 54 4 96 24
split_gain=0.0032388 0.0100159 0.0020722 0.0014029 0.00194722 0.00157024 0.00114529 0.0026996 0.00768243 0.00475778 0.00140188 0.00113706 0.00101731 0.000985992 0.00170386 0.0011009 0.00143593 0.00185492 0.000961143 0.00176964 0.00213235 0.0009003 0.000716907 0.000650923 0.000693242 0.000764177 0.000836884 0.000593541 0.000454727 0.000864181
threshold=0.23690000000000003 5.5999999999999668 50.937500000000007 293.63642840000006 0.073213751500000021 9.2500000000000018 2.1500000000000008 84.236298250432995 779.97322007526816 26.550000000000008 972.45000000000016 28.309183673469395 0.00035000000000000005 0.00095549100000000004 38.250000000000007 0.0055886015000000009 0.0034356390000000003 271.83235020000001 272.33156210000004 0.91597561503675351 24.850000000000005 9.7500000000000018 0.00038611111111111116 32.150000000000013 5.5000000000000009 16.500000000000004 0.025000000000000005 0.00027843250000000007 42.912500000000009 61.750000000000007
decision_type=2 2 2 2 2 2 2 2 2 2 2 2 2 2 2 2 2 2 2 2 8 8 2 2 2 2 2 2 2 2
left_child=2 11 3 6 21 -6 13 18 9 -9 -11 -2 -10 -1 -15 16 17 -16 23 27 22 -5 -21 24 -8 26 -26 -20 -29 -30
right_child=1 -3 -4 4 5 -7 7 8 12 10 -12 -13 -14 14 15 -17 -18 -19 19 20 -22 -23 -24 -25 25 -27 -28 28 29 -31
leaf_value=-1.8731034247787665e-05 -2.7933660661179157e-05 0.00078535736373952318 0.00029131984927874732 0.00020846119039502343 0.00046386855187039247 0 -5.2567248518187154e-06 0.00063469975596226215 0.00011629775125798874 0.00024768459732912585 -1.6467928144265895e-05 0.00022611124474524502 -7.0196305945988775e-05 -3.2427537065070438e-06 6.0024634996570178e-05 0 0 0.00050261747395251733 -1.4308819212874587e-05 5.5874478371240949e-05 0 0 0.00048921151444018417 -2.4735168654018705e-05 0 0 0.00033086476074428088 0 0.00014906457499617117 0
leaf_weight=10210 186 53 60 61 53 50 127 92 88 81 53 52 282 1300 91 195 65 61 835 50 83 621 53 2593 56 53 58 434 215 144
leaf_count=10210 186 53 60 61 53 50 127 92 88 81 53 52 282 1300 91 195 65 61 835 50 83 621 53 2593 56 53 58 434 215 144
internal_value=3.16134e-06 0.000168389 2.1367e-07 -4.94893e-07 6.44935e-05 0.000271991 -3.75159e-06 1.51698e-05 0.000115465 0.000345586 0.000106821 7.36528e-06 -1.217e-05 -1.25784e-05 2.11855e-05 0.000110193 0.000188756 0.000272448 1.3689e-06 3.08314e-05 0.000178523 2.54829e-05 0.000329491 -1.54164e-05 4.96291e-05 0.000120913 0.00019486 1.0789e-05 4.3498e-05 8.56206e-05
internal_weight=18355 291 18064 18004 785 103 17219 5297 596 226 134 238 370 11922 1712 412 217 152 4701 1814 186 682 103 2887 294 167 114 1628 793 359
internal_count=18355 291 18064 18004 785 103 17219 5297 596 226 134 238 370 11922 1712 412 217 152 4701 1814 186 682 103 2887 294 167 114 1628 793 359
is_linear=0
shrinkage=0.05


Tree=44
num_leaves=31
num_cat=0
split_feature=0 34 85 19 141 137 0 61 128 3 133 50 18 82 142 84 136 88 43 96 42 23 120 83 83 3 118 84 138 141
split_gain=0.0029244 0.00944503 0.00200215 0.0103062 0.00151673 0.00105515 0.000979647 0.00242119 0.00293768 0.00247446 0.00120841 0.00463619 0.00864105 0.000870736 0.000865052 0.00241028 0.00269828 0.000723628 0.00131383 0.000895607 0.0018084 0.000576667 0.00123343 0.000522602 0.00100826 0.000495838 0.000336864 0.000305902 0.000958752 0.000249719
threshold=0.23690000000000003 0.2376105923914682 280.2043680000001 -0.0016728571428571424 38.660000000000004 15.125000000000002 0.025150000000000002 268.90000000000003 10.133735740856517 0.18851152100000004 84.075000000000017 1008.4500000000002 0.0042979166666666678 24.634000000000004 653.29673361219068 10.350000000000003 0.6100000000000001 42.437500000000007 0.38450000000000006 44.225000000000016 0.42500000000000004 17.163194444444446 271.36744750000008 17.850000000000005 20.050000000000004 0.094158592000000013 20.050000000000004 22.550000000000004 4.3650000000000011 22.970000000000002
decision_type=2 2 2 2 2 2 2 2 2 2 2 2 2 2 2 2 2 2 2 2 2 2 8 2 2 2 10 2 2 2
left_child=2 13 5 -4 23 6 10 8 -8 -10 17 12 -12 -2 26 -16 -17 21 19 20 -19 22 -1 -5 -25 27 -9 -23 -29 -28
right_child=1 -3 3 4 -6 -7 7 14 9 -11 11 -13 -14 -15 15 16 -18 18 -20 -21 -22 25 -24 24 -26 -27 29 28 -30 -31
leaf_value=0.00019052219901986018 -5.5183620547132834e-05 0.00078071170742648481 0.00075743566598591647 -6.1561612465390445e-05 0.00024530257723457533 0.00016143543640363117 0 -2.0338202957353269e-05 8.9516901873554843e-05 0.00040653189290841936 -3.6487101124607601e-05 -9.3867532023045726e-06 0.0007342540972928804 0.00012654513484059346 0 0.00044672577760911114 0 0.00030792133532815864 0.00025697728561087374 -1.8089471854130308e-05 0 -2.2209131079627238e-05 0 0.00018466613915755744 0 -0.0001566979566554368 5.3218285741132759e-05 0.00021219881487045966 -1.4819532315977236e-06 0
leaf_weight=94 130 50 52 244 66 95 410 2539 288 110 57 396 64 111 385 72 55 68 57 710 162 10049 530 84 227 78 275 55 278 564
leaf_count=94 130 50 52 244 66 95 410 2539 288 110 57 396 64 111 385 72 55 68 57 710 162 10049 530 84 227 78 275 55 278 564
internal_value=3.12087e-06 0.000160138 3.05918e-07 8.50988e-05 1.96342e-05 -2.69263e-06 -3.89246e-06 1.51413e-05 9.38811e-05 0.000190465 -1.13879e-05 6.15516e-05 0.000332871 8.03306e-06 0 5.91814e-05 0.00024721 -1.4928e-05 2.36987e-05 3.9815e-06 9.3542e-05 -1.88554e-05 2.41592e-05 0 3.4807e-05 -2.19015e-05 -1.04058e-05 -2.03922e-05 1.93703e-05 1.36881e-05
internal_weight=18355 291 18064 673 621 17391 17296 4698 808 398 12598 517 121 241 3890 512 127 12081 997 940 230 11084 624 555 311 10460 3378 10382 333 839
internal_count=18355 291 18064 673 621 17391 17296 4698 808 398 12598 517 121 241 3890 512 127 12081 997 940 230 11084 624 555 311 10460 3378 10382 333 839
is_linear=0
shrinkage=0.05


Tree=45
num_leaves=31
num_cat=0
split_feature=126 1 116 14 81 43 129 133 13 128 104 28 43 43 19 15 133 15 84 131 29 138 56 116 120 101 2 14 92 86
split_gain=0.00196852 0.00717383 0.00609945 0.00301375 0.00235116 0.00711983 0.00276141 0.00123519 0.00243005 0.00102486 0.000951526 0.000832704 0.0011878 0.00181527 0.000651489 0.000820455 0.000607466 0.000574676 0.000997792 0.00140541 0.000689284 0.000678245 0.00185003 0.00114387 0.000525032 0.000497029 0.000488732 0.000724234 0.00118098 0.000836681
threshold=34.500000000000007 0.17527057350000003 283.11985395000005 0.0098261940000000016 45.250000000000007 0.38450000000000006 7.5000000000000009 86.075000000000017 0.0017604038750000004 10.019646186440736 0.8500000000000002 29.000000000000004 0.39250000000000007 0.38350000000000006 -0.0028999999999999985 0.001113541666666667 80.390000000000015 0.00023750000000000003 20.850000000000005 59.018987251039285 27.400000000000002 12.985000000000001 2.9609014500000232 271.60679200000004 272.66587880000003 6.9380636500000046 8.5250000000000026e-05 0.021055680000000004 1.9500000000000006 3.5000000000000004
decision_type=2 2 2 2 2 2 2 2 2 2 2 2 2 2 2 2 2 2 2 2 2 2 2 2 10 2 2 2 2 2
left_child=1 4 3 -3 10 6 14 17 -9 -4 16 -12 13 24 -6 -16 25 -2 21 -20 -21 26 -23 -24 -13 -1 -19 -28 -29 -30
right_child=7 2 9 -5 5 -7 -8 8 -10 -11 11 12 -14 -15 15 -17 -18 18 19 20 -22 22 23 -25 -26 -27 27 28 29 -31
leaf_value=-2.3113905303093853e-05 -2.4508016959468467e-05 0.00084088770390264007 0 0.00022955473057050628 -5.9026796689956838e-05 0.00053537540705522735 0.00029150881842608526 0 0.00036077587287861837 0.00016060175175804152 -5.5698163881762635e-06 0 -0.00010652516028494574 0.00040518375545455946 2.2113613591582857e-06 0.00018096656848423924 -9.1067568977400203e-05 -2.0379086920828434e-05 0.00030593128210579175 0.00016211785719609067 -1.5193197691684312e-05 0 0 0.00036791711771002157 0.00010159911276893337 6.9162619016718539e-05 -1.0762241588851942e-05 0 0.00027133578221807069 4.4408054486938587e-05
leaf_weight=1967 5164 53 134 88 265 78 93 265 64 154 646 166 54 50 572 83 359 4659 60 64 187 332 50 63 256 135 1444 410 85 233
leaf_count=1967 5164 53 134 88 265 78 93 265 64 154 646 166 54 50 572 83 359 4659 60 64 187 332 50 63 256 135 1444 410 85 233
internal_value=1.30237e-06 2.77101e-05 0.00022374 0.000498861 8.80624e-06 7.36847e-05 3.2711e-05 -8.7203e-06 8.50175e-05 7.04841e-05 -9.31595e-06 2.55859e-05 7.32749e-05 0.000104598 8.32979e-07 3.27261e-05 -2.79717e-05 -1.15375e-05 -2.04825e-06 8.44332e-05 1.06402e-05 -6.44294e-06 5.1404e-05 0.000225629 5.62893e-05 -1.47799e-05 -1.09502e-05 6.97428e-06 4.89802e-05 0.000121399
internal_weight=18233 5153 429 141 4724 1091 1013 13080 329 288 3633 1172 526 472 920 655 2461 12751 7587 311 251 7276 445 113 422 2102 6831 2172 728 318
internal_count=18233 5153 429 141 4724 1091 1013 13080 329 288 3633 1172 526 472 920 655 2461 12751 7587 311 251 7276 445 113 422 2102 6831 2172 728 318
is_linear=0
shrinkage=0.05


Tree=46
num_leaves=31
num_cat=0
split_feature=126 0 6 1 128 53 29 7 84 2 133 145 77 13 15 129 108 15 84 131 25 138 36 116 138 2 14 92 86 128
split_gain=0.00178599 0.00662092 0.00245249 0.00369618 0.00220456 0.00163772 0.00314374 0.00142071 0.0011901 0.00329524 0.00113336 0.00236869 0.000735302 0.00066129 0.000595656 0.000584541 0.000623649 0.000520976 0.000901201 0.00126862 0.000624955 0.000612391 0.00165772 0.00105238 0.000511224 0.000441322 0.000658622 0.00108616 0.000733367 0.000417093
threshold=34.500000000000007 0.23690000000000003 0.0057479166666666677 0.0032936130000000004 10.133735740856517 190.50000000000003 25.050000000000004 0.14185000000000003 0.15000000000000005 0.0031384280000000004 86.075000000000017 0.4250000000000001 277.57390290000006 0.001594405479166667 0.00067395833333333338 7.5000000000000009 276.34308335000009 0.00023750000000000003 20.850000000000005 59.018987251039285 4.5000000000000009 12.985000000000001 276.55620135000004 271.60679200000004 4.6950000000000012 8.5250000000000026e-05 0.021055680000000004 1.9500000000000006 3.5000000000000004 9.0380664556519861
decision_type=2 2 2 2 2 2 2 2 2 2 2 2 2 2 2 2 2 2 2 2 2 2 2 2 2 2 2 2 2 2
left_child=1 2 5 -4 15 8 -7 13 -1 24 17 -12 -9 14 -6 -5 -17 -2 21 -20 -21 25 -23 -24 29 -19 -27 -28 -29 -10
right_child=10 -3 3 4 7 6 -8 12 9 -11 11 -13 -14 -15 -16 16 -18 18 19 20 -22 22 23 -25 -26 26 27 28 -30 -31
leaf_value=-3.7723200599435335e-05 -2.3282853460232975e-05 0.00048624926079355652 0.00040357829075565819 -2.9535408426539335e-05 6.461407804756112e-06 0.00036079761192807895 0 0.00039224709531528136 0 0.00040551005236381943 2.8192860406926367e-06 0.00038405743475728246 3.6138955720594988e-05 0 0.00017161943827876668 0 0.00019132738287232638 -1.9360351288475347e-05 0.00029088548728843129 0.00015413667306375618 -1.4437578924082813e-05 0 0 0.00035844856339743453 -1.9802943976266062e-05 -1.0224501851562655e-05 0 0.00025792675041271272 4.2197141554766921e-05 8.4793990598281408e-05
leaf_weight=2097 5164 77 83 621 179 86 210 77 134 53 275 54 62 165 180 50 67 4659 60 64 187 335 50 60 730 1444 410 85 233 282
leaf_count=2097 5164 77 83 621 179 86 210 77 134 53 275 54 62 165 180 50 67 4659 60 64 187 335 50 60 730 1444 410 85 233 282
internal_value=1.31435e-06 2.6477e-05 1.84232e-05 7.26152e-05 4.91677e-05 -2.58805e-06 0.000108026 0.000115705 -1.40681e-05 2.3134e-05 -8.21775e-06 8.1519e-05 0.000270514 6.46778e-05 0.000103406 -3.91717e-06 8.87816e-05 -1.09314e-05 -1.8637e-06 8.02841e-05 9.14531e-06 -6.07261e-06 4.88054e-05 0.00021658 7.52593e-07 -1.03861e-05 6.5631e-06 4.66886e-05 0.000116162 4.8775e-05
internal_weight=18233 5153 5076 1484 1401 3592 296 663 3296 1199 13080 329 139 524 359 738 117 12751 7587 311 251 7276 445 110 1146 6831 2172 728 318 416
internal_count=18233 5153 5076 1484 1401 3592 296 663 3296 1199 13080 329 139 524 359 738 117 12751 7587 311 251 7276 445 110 1146 6831 2172 728 318 416
is_linear=0
shrinkage=0.05


Tree=47
num_leaves=31
num_cat=0
split_feature=63 1 120 23 88 133 9 137 50 26 105 103 11 128 28 53 112 120 137 43 22 111 28 83 44 3 131 121 88 128
split_gain=0.00164491 0.00501093 0.00563565 0.00712173 0.00287532 0.00626827 0.00697657 0.00101059 0.00218115 0.00209101 0.00371484 0.00149334 0.000993521 0.000739308 0.000735777 0.00118061 0.00150759 0.000711555 0.000688801 0.000657602 0.000463876 0.000454587 0.000423145 0.00148788 0.000700147 0.000410561 0.000437196 0.000403363 0.00053525 0.000991188
threshold=1.0000000180025095e-35 0.17527057350000003 277.31761080000007 25.202777777777779 38.63750000000001 36.980000000000011 0.34875000000000006 1.0000000180025095e-35 1016.85 5.5000000000000009 16.500000000000004 1123.1499999999999 0.0017105205416666669 10.428373544156942 27.550000000000004 185.50000000000003 284.04915165000006 267.83110320000009 0.74500000000000011 0.39250000000000007 13.500000000000002 8.7500000000000018 7.0500000000000007 16.650000000000002 767.50000000000011 0.023224529500000004 59.559058661895982 1.0000000180025095e-35 42.88750000000001 9.3882773295766153
decision_type=2 2 10 2 2 2 2 2 2 2 2 2 2 2 2 2 2 10 2 2 2 2 2 2 2 2 2 10 2 2
left_child=1 4 13 -4 14 17 21 8 9 10 11 -2 -12 -3 15 25 -17 -6 -16 20 -20 -7 23 -9 -25 -1 -27 -24 -29 -30
right_child=7 2 3 -5 5 6 -8 22 -10 -11 12 -13 -14 -15 18 16 -18 -19 19 -21 -22 -23 27 24 -26 26 -28 28 29 -31
leaf_value=-3.2169783833643259e-05 0.00026512847448300042 -5.6054419607971798e-05 9.8583059412810732e-05 0.00091342259763873038 0.00019193812554779775 0.00018335675866519861 0.00082774353708373386 -8.7079047463506532e-06 -2.0981796594222871e-05 -2.3462030306161199e-05 0.00014334340051896612 -2.1865482994494062e-05 0.00064767185287632019 0.00015245764726736952 -1.1134066311149189e-05 0 0.00029791530512479121 0 5.3242024254466433e-05 -3.6209179081757051e-05 0.00025851322584328178 0 -1.4962872949101329e-05 0.00025888388114845987 2.3604267751642479e-05 -0.00024873329216622075 -3.1536414698383317e-05 -3.3536382249048537e-06 0.00026924276349282912 1.30088616279834e-05
leaf_weight=1219 55 99 84 55 50 53 57 683 426 97 53 129 53 65 558 91 55 528 356 64 55 54 11712 85 144 67 150 773 54 309
leaf_count=1219 55 99 84 55 50 53 57 683 426 97 53 129 53 65 558 91 55 528 356 64 55 54 11712 85 144 67 150 773 54 309
internal_value=1.35006e-06 3.15324e-05 0.000226934 0.000460937 1.23443e-05 9.9839e-05 0.000373167 -5.8888e-06 4.72494e-05 0.000135104 0.000205222 3.78631e-05 0.000445933 0 -1.05994e-05 -3.32499e-05 9.03968e-05 1.31396e-05 1.9252e-05 6.54003e-05 9.34081e-05 7.92906e-05 -9.39498e-06 2.16105e-05 0.00013342 -4.93549e-05 -0.000122366 -1.19865e-05 1.42879e-05 6.54975e-05
internal_weight=18233 3660 303 139 3357 742 164 14573 813 387 290 184 106 164 2615 1582 146 578 1033 475 411 107 13760 912 229 1436 217 12848 1136 363
internal_count=18233 3660 303 139 3357 742 164 14573 813 387 290 184 106 164 2615 1582 146 578 1033 475 411 107 13760 912 229 1436 217 12848 1136 363
is_linear=0
shrinkage=0.05


Tree=48
num_leaves=31
num_cat=0
split_feature=62 0 81 6 91 87 131 137 137 84 49 88 41 115 22 111 61 2 8 28 112 7 131 15 88 142 134 90 131 120
split_gain=0.0014881 0.00464686 0.00264808 0.0022579 0.00154857 0.00211092 0.00196601 0.00108855 0.000903698 0.00173413 0.00277038 0.00314105 0.00712158 0.000792449 0.00155026 0.00216169 0.000771044 0.000746989 0.000641237 0.000383472 0.000916746 0.00114898 0.000543398 0.000368853 0.000620368 0.00167101 0.000376535 0.000496595 0.000458768 0.001058
threshold=1.0000000180025095e-35 0.23690000000000003 54.900000000000006 0.0057479166666666677 25.950000000000003 1.5000000000000002 100.2802120376448 0.075000000000000025 1.0000000180025095e-35 0.8500000000000002 955.75000000000011 30.612500000000008 49.500000000000007 13.350000000000003 61.500000000000007 6.2500000000000009 225.45000000000002 0.0011481080000000003 0.015572346909694479 7.0500000000000007 281.75351410000002 0.00065000000000000008 276.19502328255265 0.0011052083333333337 42.88750000000001 135.82898045752839 6.5650000000000004 20.582653061224494 71.052266785764871 266.52216785000007
decision_type=2 2 2 2 2 2 2 2 2 2 2 2 2 2 2 2 2 2 2 2 2 2 2 2 2 2 2 2 2 8
left_child=1 2 3 13 5 6 17 -8 9 -2 -11 -12 -13 -1 -15 -16 -9 -5 -6 20 -10 -22 -23 26 -25 -26 27 -21 29 -28
right_child=8 -3 -4 4 18 -7 7 16 19 10 11 12 -14 14 15 -17 -18 -19 -20 23 21 22 -24 24 25 -27 28 -29 -30 -31
leaf_value=-3.533639685211557e-05 -1.8529782454087591e-05 0.00048222346216534153 0.00037639146177855957 -0.00019710740652819234 0.00012725234719561599 0.00044939739055336225 0 0.00024814276362555241 0 -3.6262845340265955e-06 1.6477909075263118e-06 0 0.00076859780778557681 0 0.00042806298343559738 0 0 0 -1.3137854418117209e-05 -1.0862778764096541e-05 -4.7189915078758616e-06 7.8557071167740738e-06 0.00030136881186894918 -3.0255602384851621e-06 -3.7987107083699078e-07 0.00022298145990229704 0.00013028058303023567 -8.1568263464061022e-05 -1.7570845080464367e-05 0
leaf_weight=1407 404 56 52 53 94 56 75 213 712 177 115 53 64 965 52 88 51 90 408 849 55 70 75 2847 160 114 165 535 6663 1515
leaf_count=1407 404 56 52 53 94 56 75 213 712 177 115 53 64 965 52 88 51 90 408 849 55 70 75 2847 160 114 165 535 6663 1515
internal_value=1.31594e-06 3.0033e-05 2.14879e-05 1.47805e-05 7.725e-05 0.000136738 8.9205e-05 0.000158374 -5.55481e-06 4.46406e-05 0.000119127 0.000233852 0.000417766 -9.11346e-06 1.97573e-05 0.000174782 0.000206035 -4.00085e-05 3.41072e-06 -8.88694e-06 2.0545e-05 0.000115411 0.000194944 -1.13667e-05 2.23091e-06 7.48426e-05 -1.62434e-05 -4.1844e-05 -1.13928e-05 1.01311e-05
internal_weight=18233 3660 3604 3552 1040 538 482 339 14573 813 409 232 117 2512 1105 140 264 143 502 13760 912 200 145 12848 3121 274 9727 1384 8343 1680
internal_count=18233 3660 3604 3552 1040 538 482 339 14573 813 409 232 117 2512 1105 140 264 143 502 13760 912 200 145 12848 3121 274 9727 1384 8343 1680
is_linear=0
shrinkage=0.05


Tree=49
num_leaves=31
num_cat=0
split_feature=88 85 116 94 0 1 126 28 19 15 84 131 140 23 132 18 131 96 104 116 120 134 126 28 22 138 0 119 142 0
split_gain=0.00138257 0.00538174 0.00140087 0.00294566 0.00164475 0.000956853 0.00762765 0.00479264 0.000670156 0.00136157 0.000616429 0.00254151 0.00082083 0.000839551 0.000810124 0.000926478 0.00137664 0.00133666 0.000595548 0.000733607 0.000729109 0.00107585 0.000486185 0.000847131 0.0011345 0.000436722 0.000551316 0.000424322 0.000625656 0.000380396
threshold=42.112500000000004 280.2043680000001 272.33156210000004 19.500000000000004 0.15305000000000002 0.13543613500000004 10.500000000000002 35.250000000000007 -0.0028999999999999985 0.001113541666666667 9.3500000000000032 24.463098825772978 32.655000000000008 17.163194444444446 2.5000000000000004 0.0031604166666666668 76.798334784831567 34.13750000000001 0.8500000000000002 293.63642840000006 271.64301760000006 7.1250000000000009 25.500000000000004 28.750000000000004 13.500000000000002 3.7650000000000001 0.019050000000000004 7.9500000000000011 582.05391141393363 0.052400000000000009
decision_type=2 2 2 2 2 2 2 2 2 2 2 2 2 2 2 2 2 2 2 2 10 2 2 2 2 2 2 10 2 2
left_child=5 2 -2 -4 8 10 7 -7 -5 -10 18 -12 -13 -14 15 -15 17 -17 19 25 21 -21 23 -20 29 26 -1 -8 -29 -25
right_child=1 -3 3 4 -6 6 27 -9 9 -11 11 12 13 14 -16 16 -18 -19 22 20 -22 -23 -24 24 -26 -27 -28 28 -30 -31
leaf_value=-4.7714560645692012e-05 -3.6520135912878794e-05 0.00041241414914226261 0.000391837270835822 -4.3365488695006055e-05 0.0002912349466350861 0 -2.092266138944117e-05 0.00060017851900368805 0 0.00020783750542874001 0.00026562703203181833 -4.6765473402173077e-05 0.00016483428864208269 0 -2.4165505939271994e-05 0.00032607451392822461 0 0 -6.7742017530739335e-06 0.00030026409645424282 -1.4157499507112359e-05 0 -9.6323605984732516e-06 0 0.00027477386503063904 -3.0001018972118282e-05 -0.00024005071263814758 0 0.0001080731277015681 0.00011209350741382034
leaf_weight=321 603 94 63 321 57 65 1006 90 521 104 97 562 102 426 700 101 124 71 522 52 164 82 8904 251 70 1994 76 408 186 96
leaf_count=321 603 94 63 321 57 65 1006 90 521 104 97 562 102 426 700 101 124 71 522 52 164 82 8904 251 70 1994 76 408 186 96
internal_value=1.24535e-06 4.35052e-05 1.94993e-05 5.58782e-05 2.94267e-05 -2.97708e-06 3.13768e-05 0.00036513 8.08112e-06 4.25184e-05 -7.41596e-06 1.61477e-05 2.02932e-06 2.33208e-05 9.54759e-06 4.91373e-05 0.000116946 0.000208261 -1.19205e-05 -3.31761e-05 3.16268e-05 0.000124388 -5.60303e-06 2.72552e-05 8.17293e-05 -4.33529e-05 -9.7608e-05 0 3.22798e-05 2.77411e-05
internal_weight=18233 1763 1669 1066 1003 16470 1755 155 946 625 14715 2183 2086 1524 1422 722 296 172 12532 2689 298 134 9843 939 417 2391 397 1600 594 347
internal_count=18233 1763 1669 1066 1003 16470 1755 155 946 625 14715 2183 2086 1524 1422 722 296 172 12532 2689 298 134 9843 939 417 2391 397 1600 594 347
is_linear=0
shrinkage=0.05


Tree=50
num_leaves=31
num_cat=0
split_feature=126 81 0 6 1 128 3 22 119 137 50 133 41 81 30 83 105 49 2 41 13 25 21 80 15 90 73 94 132 21
split_gain=0.00135884 0.00338587 0.0026341 0.00152296 0.00190736 0.0016037 0.00147583 0.00112899 0.00221672 0.000924861 0.0026763 0.00478167 0.00058328 0.000477472 0.000426777 0.0013396 0.00202462 0.000619027 0.000470825 0.000755239 0.000814917 0.000345495 0.000402316 0.000315685 0.000330332 0.000297464 0.000602498 0.00025721 0.000408761 0.000293215
threshold=25.500000000000004 54.900000000000006 0.23690000000000003 0.0057479166666666677 0.0032936130000000004 9.840813956591143 0.18851152100000004 61.500000000000007 9.5500000000000025 1.0000000180025095e-35 1007.35 82.945000000000007 44.500000000000007 43.750000000000007 -3.3771428571428563 17.850000000000005 15.500000000000002 977.85000000000002 8.5250000000000026e-05 60.500000000000007 0.0016090432986111114 23.500000000000004 0.52083333333333337 18.787500000000005 0.00024270833333333336 23.380612244897964 28.550000000000004 35.500000000000007 5.5000000000000009 0.54861111111111127
decision_type=2 2 2 2 2 2 2 2 10 2 2 2 2 2 2 2 2 2 2 2 2 2 2 2 2 2 2 2 2 2
left_child=1 2 3 7 -5 -6 21 13 -9 10 11 -2 -10 -1 15 -11 17 -17 -18 -20 -21 -7 -23 24 -15 26 -12 29 -29 -16
right_child=9 -3 -4 4 5 6 -8 8 12 14 25 -13 -14 23 27 16 18 -19 19 20 -22 22 -24 -25 -26 -27 -28 28 -30 -31
leaf_value=-3.0845381319747114e-05 0 0.00041546860609199495 0.00034515971995648537 0.00035051352704037228 -2.2900489224802099e-05 0 0.00026920672346533503 0.00037459452516890859 0.00013986321588432271 -1.6406527094293998e-05 0 0.00044638947770912567 -1.8435772483084818e-05 0 -6.5216775685437999e-06 0 -5.8200107113312108e-06 0.00028981950611398202 0 0 0.00030670838334481237 0.00013455085379197355 0 0 0.00013876682860446487 -6.59832519953127e-05 0.00017286579247986151 0.0001359601879699818 0 -2.4529822752173728e-05
leaf_weight=1897 104 56 62 59 428 258 113 53 70 1363 429 101 213 60 6876 58 429 115 64 54 54 163 85 235 95 152 52 70 100 4406
leaf_count=1897 104 56 62 59 428 258 113 53 70 1363 429 101 213 60 6876 58 429 115 64 54 54 163 85 235 95 152 52 70 100 4406
internal_value=1.49801e-06 2.81076e-05 2.0959e-05 1.41371e-05 6.36915e-05 4.24387e-05 9.56452e-05 -4.8686e-06 7.77838e-05 -5.25242e-06 4.47475e-05 0.00020158 3.46843e-06 -1.92257e-05 -8.70677e-06 1.05607e-05 6.44611e-05 0.000217032 1.19498e-05 8.49502e-05 0.000169634 4.6569e-05 8.8795e-05 2.44404e-05 8.09704e-05 0 1.26828e-05 -1.27394e-05 4.122e-05 -1.39992e-05
internal_weight=18274 3847 3791 3729 1106 1047 619 2623 336 14427 838 205 283 2287 13589 2137 774 173 601 172 108 506 248 390 155 633 481 11452 170 11282
internal_count=18274 3847 3791 3729 1106 1047 619 2623 336 14427 838 205 283 2287 13589 2137 774 173 601 172 108 506 248 390 155 633 481 11452 170 11282
is_linear=0
shrinkage=0.05


Tree=51
num_leaves=31
num_cat=0
split_feature=126 88 0 53 85 6 14 138 116 43 87 84 128 91 19 84 133 82 25 17 83 4 16 101 21 16 83 28 112 53
split_gain=0.0012472 0.00295342 0.00237823 0.00137619 0.0038466 0.00138144 0.00113805 0.00110534 0.00100176 0.00174423 0.00066765 0.000564378 0.00110508 0.00284481 0.000638427 0.000553562 0.000896726 0.00203152 0.000490493 0.00064867 0.000573579 0.000448295 0.000389557 0.000607252 0.000974638 0.00092831 0.00143633 0.000360962 0.00117387 0.000331878
threshold=25.500000000000004 49.962500000000006 0.23690000000000003 281.50000000000006 279.10855770000006 0.0057479166666666677 0.046876099500000004 3.7250000000000005 285.30239390000003 0.32050000000000006 1.5000000000000002 17.050000000000004 9.1980520126980121 16.550000000000004 5.7142857142857154e-06 0.15000000000000005 47.610000000000007 20.034000000000002 4.5000000000000009 0.028950000000000004 16.150000000000002 0.0040377470000000004 1.8600000000000003 -5.8107061499999864 0.31250000000000006 7.5400000000000009 19.550000000000004 7.0500000000000007 285.14005055000001 149.50000000000003
decision_type=2 2 2 2 2 2 2 2 2 2 2 2 2 2 2 2 2 2 2 2 2 2 2 2 2 2 2 2 2 2
left_child=1 2 3 5 -5 15 7 -7 9 -9 -8 22 13 -13 18 29 -17 -18 20 -20 -14 -10 27 24 -24 26 -26 28 -2 -1
right_child=11 -3 -4 4 -6 6 10 8 21 -11 -12 12 14 -15 -16 16 17 -19 19 -21 -22 -23 23 -25 25 -27 -28 -29 -30 -31
leaf_value=-3.4170530323156699e-05 0 0.00037401761149134652 0.00032817567800751905 0 0.00051650365164010404 -4.8028632082116394e-06 -0.00010076302443500348 0.00045388345566547679 9.7033549741455433e-05 9.7540979970441795e-05 5.9905491290125386e-05 0.00045505204843581082 0 0 -5.688841876413974e-05 0 -4.8298806359525718e-06 0.0003248168126928913 -1.8171535505555199e-05 0.00012551075972595227 0.00018473853761057861 0 0 0 0.00043523749284982193 0 0 -1.5072556452321452e-05 0.00022349531802092317 1.4120293283431432e-05
leaf_weight=1787 638 61 62 96 50 172 158 60 179 239 70 51 56 60 236 315 55 73 378 94 102 190 118 2360 52 63 66 10090 63 280
leaf_count=1787 638 61 62 96 50 172 158 60 179 239 70 51 56 60 236 315 55 73 378 94 102 190 118 2360 52 63 66 10090 63 280
internal_value=1.45983e-06 2.69605e-05 1.99511e-05 1.33905e-05 0.000164732 5.77374e-06 5.43234e-05 8.30437e-05 0.00011311 0.000186989 -2.95547e-05 -4.99484e-06 3.06543e-05 0.000180667 5.47314e-06 -1.29062e-05 3.31567e-05 0.000145473 3.6811e-05 7.71886e-08 0.00011441 3.9389e-05 -7.95818e-06 8.0776e-06 7.5093e-05 0.000150608 0.000232796 -1.23732e-05 1.93238e-05 -2.52075e-05
internal_weight=18274 3847 3786 3724 146 3578 1068 840 668 299 228 14427 977 111 866 2510 443 128 630 472 158 369 13450 2659 299 181 118 10791 701 2067
internal_count=18274 3847 3786 3724 146 3578 1068 840 668 299 228 14427 977 111 866 2510 443 128 630 472 158 369 13450 2659 299 181 118 10791 701 2067
is_linear=0
shrinkage=0.05


Tree=52
num_leaves=31
num_cat=0
split_feature=88 67 93 129 0 120 82 15 113 132 14 24 89 0 122 29 91 45 131 75 98 19 91 131 94 134 4 47 137 128
split_gain=0.00102618 0.00510099 0.00107302 0.00650101 0.00095533 0.00442074 0.000720342 0.000674376 0.00100426 0.0018348 0.00354442 0.000583857 0.000547229 0.00126247 0.000728795 0.00144818 0.00131285 0.000725191 0.000600609 0.000576944 0.000884695 0.000511571 0.000415726 0.000352609 0.000352425 0.000318762 0.000375814 0.000267516 0.000258165 0.000360852
threshold=42.112500000000004 6.6500000000000012 265.37797830000005 7.5000000000000009 0.23690000000000003 276.67629750000009 25.250000000000004 0.00023750000000000003 0.45000000000000007 1.5000000000000002 0.015047212000000003 34.100000000000009 38.050000000000004 0.052400000000000009 11.500000000000002 34.100000000000001 18.450000000000003 62.500000000000007 67.443867958799743 8.6500000000000004 -0.35000000000000137 -0.00025000000000000006 29.350000000000005 44.642316367144637 11.500000000000002 8.2100000000000026 0.010993944 58.500000000000007 0.27000000000000007 9.2309758884199038
decision_type=2 2 2 2 2 10 2 2 2 2 2 2 2 2 2 2 2 2 2 2 2 2 2 2 2 2 2 2 2 2
left_child=4 -2 23 21 7 6 -6 28 12 10 -10 -11 -9 14 18 16 -16 -15 24 20 -18 22 27 -3 -14 -23 -27 -4 29 -1
right_child=1 2 3 -5 5 -7 -8 8 9 11 -12 -13 13 17 15 -17 19 -19 -20 -21 -22 25 -24 -25 -26 26 -28 -29 -30 -31
leaf_value=4.5632351209673255e-05 0.00044122903484812451 -0.00011306430671289942 0 0.00053136988204311245 -0.00010037623222399961 0.00047813109807515083 8.6093336603467339e-05 -8.301954893414139e-06 0 0.00013170469059453656 0.00054417721638115102 0 0 0.00022241596551661469 0.00027367176001443655 -1.9815247799049549e-05 0 4.323033108257711e-05 0 0 0.00027043369268970935 0 -3.4984386817692822e-05 -2.3695238644311915e-06 -9.6614977230990811e-05 0.0001715675141652658 0 7.9401901405363052e-05 -2.2383168250723526e-05 -1.2838477285912363e-05
leaf_weight=353 75 116 153 65 113 57 87 6661 77 89 53 486 145 102 97 438 56 418 724 238 56 61 488 493 329 107 59 175 4903 1000
leaf_count=353 75 116 153 65 113 57 87 6661 77 89 53 486 145 102 97 438 56 418 724 238 56 61 488 493 329 107 59 175 4903 1000
internal_value=1.43556e-06 3.75216e-05 1.67304e-05 4.79187e-05 -2.18658e-06 9.24997e-05 0 -4.00014e-06 3.66683e-06 6.12014e-05 0.000233295 1.32752e-05 -1.78084e-07 1.86857e-05 0 3.56209e-05 0.000101025 8.83347e-05 -2.41241e-05 3.82883e-05 0.000131597 1.25206e-05 -7.88115e-08 -3.18018e-05 -6.8045e-05 7.95433e-05 0.000115802 3.66048e-05 -1.70153e-05 0
internal_weight=18274 1792 1717 1108 16482 257 200 16225 9969 705 130 575 9264 2603 2083 885 447 520 1198 350 112 1043 816 609 474 227 166 328 6256 1353
internal_count=18274 1792 1717 1108 16482 257 200 16225 9969 705 130 575 9264 2603 2083 885 447 520 1198 350 112 1043 816 609 474 227 166 328 6256 1353
is_linear=0
shrinkage=0.05


Tree=53
num_leaves=31
num_cat=0
split_feature=126 81 3 94 3 142 81 91 115 137 50 133 93 134 30 83 105 49 2 41 13 96 82 96 68 24 93 23 92 90
split_gain=0.00105079 0.00264363 0.00207482 0.00330727 0.00351219 0.00147999 0.000790533 0.00137614 0.00278713 0.000738828 0.00213801 0.0040207 0.000417825 0.000382491 0.000372372 0.00116946 0.00174555 0.00052867 0.000408207 0.00067881 0.000700808 0.000339792 0.000336835 0.0003262 0.000294433 0.00028158 0.000343192 0.000267305 0.000318179 0.000263778
threshold=25.500000000000004 54.900000000000006 0.089082107000000008 19.500000000000004 0.27696702250000005 605.45119427073234 38.050000000000004 20.150000000000002 13.350000000000003 1.0000000180025095e-35 1007.35 82.945000000000007 267.79629685000003 9.2500000000000018 -3.3771428571428563 17.850000000000005 15.500000000000002 977.85000000000002 8.5250000000000026e-05 60.500000000000007 0.0016090432986111114 38.337500000000013 25.554000000000006 44.225000000000016 1.2500000000000002 32.400000000000013 267.11471225000008 22.157638888888894 5.450000000000002 23.380612244897964
decision_type=2 2 2 2 2 2 2 2 2 2 2 2 2 2 2 2 2 2 2 2 2 2 2 2 2 2 2 2 2 2
left_child=1 2 6 4 5 21 -1 8 -8 10 11 -2 -9 22 15 -11 17 -17 -18 -20 -21 -4 -5 -23 -13 26 -16 28 -27 -12
right_child=9 -3 3 13 -6 -7 7 12 -10 14 29 24 -14 -15 25 16 18 -19 19 20 -22 23 -24 -25 -26 27 -28 -29 -30 -31
leaf_value=-1.7368551481326778e-05 0 0.00036763649517269464 0 -0.00013331304536332031 0.00057223032957749796 0.00030095594684224067 0 0.00012584945364090214 0.00043080459855287151 -1.4634084818490972e-05 1.2405033850195481e-05 0.00056769251883915617 0 1.8481027718986518e-05 6.2746825500132185e-05 0 -4.4389123277670835e-06 0.00027019706612385375 0 0 0.0002872542827707631 0.00014377995351586787 0 0 0.00014187529006588962 -1.1593344276455562e-05 -1.1534703488588451e-06 -7.7092964772126619e-06 -5.0437962747334665e-05 -6.1849049578597341e-05
leaf_weight=2081 104 56 108 99 57 86 55 69 62 1363 481 50 772 180 266 58 429 115 64 54 54 94 55 73 51 2001 392 7718 1075 152
leaf_count=2081 104 56 108 99 57 86 55 69 62 1363 481 50 772 180 266 58 429 115 64 54 54 94 55 73 51 2001 392 7718 1075 152
internal_value=1.40081e-06 2.48215e-05 1.83434e-05 9.26444e-05 0.000187245 0.000111233 0 3.74954e-05 0.000200096 -4.49913e-06 4.01111e-05 0.000180276 8.72543e-06 -1.1028e-05 -7.62079e-06 1.03473e-05 6.07528e-05 0.00020267 1.13269e-05 7.935e-05 0.000159883 3.29097e-05 -7.76738e-05 8.26785e-05 0.000405194 -1.14109e-05 1.71473e-05 -1.36164e-05 -2.68057e-05 0
internal_weight=18274 3847 3791 752 418 361 3039 958 117 14427 838 205 841 334 13589 2137 774 173 601 172 108 275 154 167 101 11452 658 10794 3076 633
internal_count=18274 3847 3791 752 418 361 3039 958 117 14427 838 205 841 334 13589 2137 774 173 601 172 108 275 154 167 101 11452 658 10794 3076 633
is_linear=0
shrinkage=0.05


Tree=54
num_leaves=31
num_cat=0
split_feature=126 81 6 50 141 134 91 53 18 61 92 138 137 50 133 84 131 82 3 30 83 105 49 2 41 13 128 80 42 21
split_gain=0.000960953 0.00238391 0.00192561 0.00252394 0.0015754 0.00179482 0.00127385 0.0011349 0.00252945 0.00099473 0.00104048 0.00235693 0.000671045 0.00193771 0.00370651 0.000420905 0.000502002 0.000764562 0.00114243 0.000337179 0.00106202 0.00159934 0.000447515 0.000365891 0.000630464 0.000587161 0.000332944 0.000340002 0.000331747 0.000245462
threshold=25.500000000000004 54.900000000000006 0.0057479166666666677 1017.9500000000002 25.350000000000005 13.160000000000002 27.150000000000002 205.50000000000003 0.000175 86.550000000000011 12.550000000000002 5.4700000000000015 1.0000000180025095e-35 1007.35 82.945000000000007 0.15000000000000005 106.03283567291717 21.154 0.00033740150000000004 -3.3771428571428563 17.850000000000005 15.500000000000002 977.85000000000002 8.5250000000000026e-05 59.500000000000007 0.0016090432986111114 9.6850806486745231 13.362500000000002 0.41500000000000004 0.36805555555555564
decision_type=2 2 2 2 2 2 2 2 2 2 2 2 2 2 2 2 2 2 2 2 2 2 2 2 2 2 2 2 2 2
left_child=1 2 7 4 -4 -6 9 15 -9 -5 11 -11 13 14 -2 -1 17 -17 -19 20 -14 22 -22 -23 -25 -26 27 -8 -12 -15
right_child=12 -3 3 6 5 -7 26 8 -10 10 28 -13 19 29 -16 16 -18 18 -20 -21 21 23 -24 24 25 -27 -28 -29 -30 -31
leaf_value=-2.8207523016857697e-05 0 0.00034957715887509971 0 -7.0496860885303281e-05 0.00050425085330392571 3.757081193124087e-05 -0.00015540402055567263 0.00040080340756520742 0 0.00048619469226105139 9.7447984804133618e-05 8.0252745290319155e-05 -1.3902917179001892e-05 2.8423300922916108e-05 0.0003877335330987847 0 -4.7074437380878459e-06 0 0.00034585781328832338 -1.088405191195955e-05 0 -4.2174828248165747e-06 0.00025680367429921374 0 0 0.00026306326585372202 1.8747337793699519e-06 0 -5.0326178700120896e-05 -3.3135092952072296e-05
leaf_weight=1945 104 56 57 50 76 64 77 52 208 54 61 263 1363 287 101 59 255 53 51 11452 58 429 115 61 54 57 233 139 94 346
leaf_count=1945 104 56 57 50 76 64 77 52 208 54 61 263 1363 287 101 59 255 53 51 11452 58 429 115 61 54 57 233 139 94 346
internal_value=1.35097e-06 2.37563e-05 1.75339e-05 7.12062e-05 0.000238312 0.000328152 3.19489e-05 -4.47852e-06 9.16111e-05 8.71757e-05 0.000114563 0.000166438 -4.27817e-06 3.81929e-05 0.00017163 -1.72006e-05 2.2028e-05 9.41148e-05 0.000178993 -7.26779e-06 9.76885e-06 5.78702e-05 0.000193741 1.01967e-05 7.48668e-05 0.000150767 -2.11969e-05 -6.90197e-05 0 0
internal_weight=18274 3847 3791 1168 197 140 971 2623 260 522 472 317 14427 838 205 2363 418 163 104 13589 2137 774 173 601 172 111 449 216 155 633
internal_count=18274 3847 3791 1168 197 140 971 2623 260 522 472 317 14427 838 205 2363 418 163 104 13589 2137 774 173 601 172 111 449 216 155 633
is_linear=0
shrinkage=0.05


Tree=55
num_leaves=31
num_cat=0
split_feature=0 100 85 19 22 100 14 14 10 84 75 81 75 11 111 94 26 135 142 137 115 43 85 24 126 10 115 84 103 2
split_gain=0.00120843 0.00464022 0.000857059 0.00833632 0.000899195 0.00161625 0.000594032 0.00115148 0.00231334 0.00456194 0.00249091 0.00460846 0.00171478 0.000886726 0.000515864 0.000388632 0.000747683 0.000381525 0.000422843 0.000396092 0.000520809 0.00132054 0.00192411 0.000332505 0.000520374 0.000739292 0.00058626 0.000354854 0.000316278 0.000348494
threshold=0.23690000000000003 5.5999999999999668 280.2043680000001 -0.0016728571428571424 61.500000000000007 -3.6999999999999882 0.038399248500000004 0.020602420000000007 9.6100000000000012 0.95000000000000029 18.150000000000002 31.350000000000005 14.950000000000001 0.0021053922986111113 13.050000000000002 32.500000000000007 13.500000000000002 48.520000000000003 336.70588343985537 1.4200000000000002 12.250000000000002 0.38350000000000006 272.59712980000006 47.850000000000001 22.500000000000004 13.920000000000002 13.250000000000002 21.250000000000004 874.15000000000009 0.048280649000000009
decision_type=2 2 2 2 2 2 2 2 2 2 2 2 2 2 2 2 2 2 2 2 2 2 2 2 2 2 2 2 2 2
left_child=2 14 6 -4 -5 -6 7 15 9 -9 11 -11 -13 -12 -2 17 -17 19 -19 23 -21 -22 -23 -1 25 -25 -27 -26 -8 -30
right_child=1 -3 3 4 5 -7 28 8 -10 10 13 12 -14 -15 -16 16 -18 18 -20 20 21 22 -24 24 27 26 -28 -29 29 -31
leaf_value=-1.6025524728400203e-05 -5.6393679987688288e-05 0.00053606235050977509 0.00064503780939743265 -2.5603868316780273e-05 0 0.00034181914078419825 -0.00016975585744568472 -3.812655476072142e-06 0 4.6203435120029706e-05 -4.8628047476774332e-05 0.00072406974498480847 0.0001753497989141449 0.00014122794466398653 8.9909770180451312e-05 0.00016660103148209834 0 -1.6993477928403926e-05 -0.00014336630502064643 0 4.7993200626343798e-09 1.3635071312301676e-05 0.00039208619500809278 0 -9.2357976276066117e-06 0.00024192370914897767 0 0.00010593399551108824 -3.0572862163623465e-05 6.1167569637063938e-05
leaf_weight=4467 130 50 54 502 53 50 51 464 1968 119 73 74 55 120 107 93 106 3431 80 1454 531 136 64 270 1902 79 98 65 1555 77
leaf_count=4467 130 50 54 502 53 50 51 464 1968 119 73 74 55 120 107 93 106 3431 80 1454 531 136 64 270 1902 79 98 65 1555 77
internal_value=1.36114e-06 0.000102993 0 5.56404e-05 0 0.000135811 -2.39452e-06 3.27371e-07 2.92182e-05 9.53493e-05 0.000210768 0.000319957 0.000531729 4.37634e-05 0 -5.77989e-06 6.08214e-05 -7.23596e-06 -2.13366e-05 -1.22197e-06 1.66275e-05 5.1033e-05 0.000160963 -7.61805e-06 5.8694e-06 5.52649e-05 0.000134426 -2.83744e-06 -3.06577e-05 -2.31478e-05
internal_weight=18278 287 17991 659 605 103 17332 15649 2873 905 441 248 129 193 237 12776 199 12577 3511 9066 2185 731 200 6881 2414 447 177 1967 1683 1632
internal_count=18278 287 17991 659 605 103 17332 15649 2873 905 441 248 129 193 237 12776 199 12577 3511 9066 2185 731 200 6881 2414 447 177 1967 1683 1632
is_linear=0
shrinkage=0.05


Tree=56
num_leaves=31
num_cat=0
split_feature=0 105 116 120 134 49 14 14 10 155 75 81 75 11 115 114 2 121 56 104 155 129 137 23 61 0 23 131 33 83
split_gain=0.00109188 0.00431215 0.000865036 0.00189783 0.00476868 0.000651901 0.000563306 0.00081408 0.0018638 0.00444319 0.00210989 0.00364112 0.00183938 0.000814546 0.0004836 0.000409877 0.000881892 0.00159755 0.00033438 0.00021922 0.000205886 0.000354598 0.000253387 0.00033185 0.000192317 0.00026795 0.000191841 0.000175446 0.000172145 0.000171841
threshold=0.23690000000000003 16.500000000000004 293.32991890000005 270.72991675000009 7.3900000000000015 979.25000000000011 0.041051557500000009 0.020602420000000007 9.6100000000000012 0.038000000000000013 18.150000000000002 31.350000000000005 14.950000000000001 0.0021053922986111113 12.750000000000002 33.850000000000001 1.7050000000000004e-05 0.15000000000000005 5.2715465500000116 4.450000000000002 0.77000000000000024 7.5000000000000009 1.5750000000000004 19.760416666666671 344.00000000000006 0.025150000000000002 22.157638888888894 28.932590165984791 0.99213008986555595 19.250000000000004
decision_type=2 2 2 8 2 2 2 2 2 2 2 2 2 2 2 2 2 10 2 2 2 2 2 2 2 2 2 2 2 2
left_child=2 -2 6 4 -4 14 7 15 9 27 11 -11 -13 -12 -3 20 -17 -18 -15 29 -1 22 26 -24 25 -10 -22 -9 -5 -8
right_child=1 5 3 28 -6 -7 19 8 24 10 13 12 -14 18 -16 16 17 -19 -20 -21 21 -23 23 -25 -26 -27 -28 -29 -30 -31
leaf_value=-9.7427460658855006e-06 0.00049177234702905742 0 0.0006045881416602974 -5.6893599188557487e-06 1.9721660408608482e-05 -0.00010170060537108169 -8.8116476647694263e-05 -5.9976182025161054e-05 0 4.3912514414766218e-05 -4.376350220953004e-05 0.00068000264181456577 0.00015463988735554888 0.00020043527783170025 0.00016013253587485648 -5.7340491617216522e-06 1.7082037034395686e-06 0.00026336249157552356 0 -9.7716700036687788e-06 -5.8584104966007545e-05 0.00010795714557770547 0.00011380385243931592 0 -9.1657083774023919e-06 8.5422901859904718e-05 0 0 8.1586106340006558e-05 -8.0402297063381801e-06
leaf_weight=11255 55 69 50 545 177 90 307 152 113 119 75 73 62 76 73 526 250 97 50 975 199 92 96 66 1725 137 102 318 61 293
leaf_count=11255 55 69 50 545 177 90 307 152 113 119 75 73 62 76 73 526 250 97 50 975 199 92 96 66 1725 137 102 318 61 293
internal_value=1.34325e-06 9.79418e-05 0 4.95161e-05 0.000172563 0 -2.61964e-06 0 2.4151e-05 8.28114e-05 0.00019504 0.00029542 0.000478401 4.26047e-05 6.93899e-05 -5.20117e-06 2.65634e-05 8.97652e-05 0.000133324 -3.11173e-05 -7.97461e-06 1.88422e-05 0 5.11615e-05 -8.20475e-07 3.66484e-05 -2.61691e-05 -1.54031e-05 0 -5.74105e-05
internal_weight=18278 287 17991 833 227 232 17158 15583 2900 925 455 254 135 201 142 12683 873 347 126 1575 11810 555 463 162 1975 250 301 470 606 600
internal_count=18278 287 17991 833 227 232 17158 15583 2900 925 455 254 135 201 142 12683 873 347 126 1575 11810 555 463 162 1975 250 301 470 606 600
is_linear=0
shrinkage=0.05


Tree=57
num_leaves=31
num_cat=0
split_feature=0 105 116 13 49 14 13 88 155 155 14 7 88 86 22 15 13 119 119 96 29 142 41 85 112 0 61 131 28 96
split_gain=0.000979647 0.00390603 0.000790637 0.00198004 0.000584097 0.000521221 0.000797775 0.00052 0.000540199 0.000473249 0.00156988 0.00335867 0.000634691 0.00149955 0.00555489 0.000502961 0.000860789 0.000467954 0.000464402 0.000369243 0.000364698 0.000505284 0.000463398 0.000441382 0.000346217 0.000332359 0.000721438 0.000977733 0.000341946 0.000300689
threshold=0.23690000000000003 16.500000000000004 293.32991890000005 0.0029774413125000006 979.25000000000011 0.041051557500000009 0.0029774413125000006 26.712500000000006 0.41800000000000009 0.54200000000000015 0.018475221000000003 0.058500000000000003 43.187500000000007 10.500000000000002 6.5000000000000009 0.001113541666666667 0.0016980622152777782 10.850000000000003 9.3500000000000032 50.725000000000009 30.450000000000003 317.58550324999493 81.500000000000014 267.32009940000006 268.9146573000001 0.025150000000000002 179.25000000000003 92.98559840874789 42.250000000000007 40.925000000000011
decision_type=2 2 2 2 2 2 2 2 2 2 2 2 2 2 2 2 2 10 8 2 2 2 2 2 2 2 2 2 2 2
left_child=2 -2 5 18 17 6 9 -8 24 12 20 -12 25 14 -14 19 -17 -3 -4 -15 21 -11 -23 -24 -9 29 27 -27 -29 -1
right_child=1 4 3 -5 -6 -7 7 8 -10 10 11 -13 13 15 -16 16 -18 -19 -20 -21 -22 22 23 -25 -26 26 -28 28 -30 -31
leaf_value=-8.8250752346399844e-06 0.00046762281852092465 0 0.00016733271022740853 0.00033832008575253688 -9.6671454449168885e-05 -2.9882047141087274e-05 0 0 0 -2.3281505112774581e-05 0.00037363647762762609 -1.0491955557900204e-07 0.00059401267488420634 0 0 0.00017953265823192712 0 0.00018680479584088294 2.1059749248420307e-06 -0.00010834624254909745 -1.7114414399895633e-05 0 0 0.00015319865763621429 0.00024691515346623625 -1.0743409835354175e-05 -1.8000505591879111e-06 0.00016316078113000801 0 -4.0075761689099636e-05
leaf_weight=8628 55 92 51 56 90 1575 95 50 51 126 94 96 52 694 98 103 67 50 726 83 733 137 62 176 89 122 2781 193 54 999
leaf_count=8628 55 92 51 56 90 1575 95 50 51 126 94 96 52 694 98 103 67 50 726 83 733 137 62 176 89 122 2781 193 54 999
internal_value=1.31062e-06 9.28057e-05 0 4.7382e-05 0 -2.46446e-06 0 8.30157e-05 0.000130865 -1.23774e-06 2.57122e-05 0.000159609 -4.36584e-06 3.12276e-05 0.00017855 2.4545e-06 8.37761e-05 6.53026e-05 1.95788e-05 -8.99595e-06 9.34951e-07 3.72842e-05 7.09399e-05 0.00011298 0.000181688 -7.8153e-06 5.19308e-06 7.12733e-05 0.000131825 -1.25911e-05
internal_weight=18278 287 17991 833 232 17158 15583 285 190 15298 1424 190 13874 1097 150 947 170 142 777 777 1234 501 375 238 139 12777 3150 369 247 9627
internal_count=18278 287 17991 833 232 17158 15583 285 190 15298 1424 190 13874 1097 150 947 170 142 777 777 1234 501 375 238 139 12777 3150 369 247 9627
is_linear=0
shrinkage=0.05


Tree=58
num_leaves=31
num_cat=0
split_feature=0 105 116 120 142 49 103 19 126 131 137 28 61 119 155 137 103 23 9 89 83 141 138 138 36 133 35 128 19 155
split_gain=0.000885547 0.0035322 0.000733846 0.00173055 0.00367376 0.000527498 0.000442082 0.000634935 0.000606801 0.00138622 0.00826406 0.00052299 0.000816798 0.00042366 0.000367499 0.000736132 0.000957871 0.00141538 0.000641671 0.000367108 0.000314686 0.00045062 0.000254179 0.000254156 0.000756277 0.00121154 0.00026774 0.000347533 0.000350888 0.000272253
threshold=0.23690000000000003 16.500000000000004 293.32991890000005 270.72991675000009 497.68379080742426 979.25000000000011 806.14999999999998 -0.0026585714285714272 25.500000000000004 39.184882750482181 1.4200000000000002 34.000000000000007 165.10000000000005 10.850000000000003 0.65400000000000003 0.045000000000000005 1403.2500000000002 24.079166666666669 0.19472222222222227 35.750000000000007 16.150000000000002 35.900000000000013 2.9250000000000003 12.985000000000001 276.55620135000004 26.335000000000004 281.56719310000005 9.6850806486745231 -0.00042142857142857124 0.054000000000000013
decision_type=2 2 2 8 2 2 2 2 2 2 2 2 2 10 2 2 2 2 2 2 2 2 2 2 2 2 2 2 2 2
left_child=2 -2 6 4 -4 13 7 -1 9 10 -8 22 -13 -3 23 16 -16 18 -18 20 -17 -22 -11 26 -25 -26 29 28 -28 -10
right_child=1 5 3 -5 -6 -7 8 -9 14 11 -12 12 -14 -15 15 19 17 -19 -20 -21 21 -23 -24 24 25 -27 27 -29 -30 -31
leaf_value=-0.00019452632482625632 0.00044465918516964722 0 1.886223209833682e-05 0 0.00052546617305647078 -9.1890998636909687e-05 0 -1.808420872974643e-05 -9.2167506927991077e-06 -8.5570362151680005e-05 0.00067303721005113667 0.0001124318150193355 0 0.00017764769853480781 -2.3194395584545788e-06 0 9.4159424909284079e-06 0 0.00033648522941968461 -3.5273291077043781e-05 0.00012839250861082895 0 0 0 0 0.00023928609423959506 -7.5416743497313572e-05 -5.270804188624669e-06 0 9.6982618878757985e-06
leaf_weight=63 55 92 173 606 54 90 201 1124 7579 97 55 263 250 50 80 103 60 59 87 393 141 91 1093 638 69 90 539 1443 322 2318
leaf_count=63 55 92 173 606 54 90 201 1124 7579 97 55 263 250 50 80 103 60 59 87 393 141 91 1093 638 69 90 539 1443 322 2318
internal_value=1.2388e-06 8.82295e-05 0 4.56429e-05 0.000163082 0 -2.37964e-06 -3.18135e-05 0 2.58626e-05 0.000135329 6.40331e-06 5.01982e-05 6.20368e-05 -3.8342e-06 2.41458e-05 9.20554e-05 0.000152695 0.000237737 0 3.56718e-05 7.21904e-05 -8.30447e-06 -6.40331e-06 1.90936e-05 0.000116769 -8.48003e-06 -2.43386e-05 -5.04519e-05 -4.28094e-06
internal_weight=18278 287 17991 833 227 232 17158 1187 15971 1959 256 1703 513 142 14012 1014 286 206 147 728 335 232 1190 12998 797 159 12201 2304 861 9897
internal_count=18278 287 17991 833 227 232 17158 1187 15971 1959 256 1703 513 142 14012 1014 286 206 147 728 335 232 1190 12998 797 159 12201 2304 861 9897
is_linear=0
shrinkage=0.05


Tree=59
num_leaves=31
num_cat=0
split_feature=1 100 88 85 81 131 160 142 132 49 23 111 84 129 132 116 111 11 104 23 112 121 135 13 2 1 116 133 49 142
split_gain=0.000801252 0.00388678 0.000685141 0.00495951 0.000770949 0.000834579 0.00329957 0.000695389 0.000848829 0.000549196 0.000558224 0.000394567 0.000394088 0.000691126 0.000675911 0.000878152 0.000837922 0.000930765 0.000405806 0.000683731 0.00268289 0.000361999 0.000731441 0.000340928 0.000329186 0.000277281 0.00026825 0.000256819 0.000468524 0.000349044
threshold=0.36782849050000005 5.5999999999999668 41.812500000000007 280.2043680000001 51.250000000000007 53.449377895595291 0.21709183673469393 135.82898045752839 5.5000000000000009 967.35000000000002 26.566666666666666 13.050000000000002 16.350000000000005 3.5000000000000004 2.5000000000000004 267.69066860000004 13.250000000000002 0.00073266582638888903 0.35000000000000009 17.163194444444446 285.14005055000001 0.15000000000000005 6.7300000000000013 0.00059749245833333345 0.0011481080000000003 0.064678997500000016 290.16593625000002 86.075000000000017 956.85000000000002 771.38925324162949
decision_type=2 2 2 2 2 2 2 2 2 2 2 2 2 2 2 2 2 2 2 2 2 10 2 2 2 2 2 2 2 2
left_child=2 11 12 4 5 6 -4 -7 9 -9 -11 -2 18 -14 15 -15 17 -17 24 20 -20 27 -23 -6 -1 -26 -27 29 -29 -21
right_child=1 -3 3 -5 23 7 -8 8 -10 10 -12 -13 13 14 -16 16 -18 -19 19 21 -22 22 -24 -25 25 26 -28 28 -30 -31
leaf_value=-3.1788427858144918e-05 -5.9641037681846494e-05 0.00047985187115366846 0.00046941509599349174 0.00039393353045985417 0 -2.1273770670235739e-06 -2.2724932021918459e-05 0 0 0.0003558808306600744 5.3283749012031621e-07 6.9418502612111129e-05 -1.1555811644841198e-05 0 0 1.9451270729891993e-05 0 0.00037150147212907378 0 -5.5515067314347914e-06 0.00039396077224255522 0.00020335788919239128 6.9266712336260525e-06 -7.8825798833108621e-05 -6.9984766267745182e-06 0.00012663394653645809 0 0 0.0001258017284011786 -4.1747655313327899e-05
leaf_weight=2198 130 50 50 88 200 941 53 50 117 53 54 107 435 98 195 70 107 76 380 10348 52 56 814 278 111 89 50 146 98 784
leaf_count=2198 130 50 50 88 200 941 53 50 117 53 54 107 435 98 195 70 107 76 380 10348 52 56 814 278 111 89 50 146 98 784
internal_value=1.12333e-06 8.38773e-05 0 2.83141e-05 7.40791e-06 2.94598e-05 0.000170318 1.32767e-05 8.41764e-05 0.00016051 0.000224508 0 -3.53833e-06 2.62648e-05 6.55035e-05 0.00010709 0.00015664 0.000238004 -5.80337e-06 -1.77469e-06 5.92222e-05 -4.33939e-06 2.553e-05 -4.28925e-05 -2.46167e-05 1.83926e-05 7.42884e-05 -7.06523e-06 4.01767e-05 -8.55335e-06
internal_weight=18278 287 17991 1884 1796 1318 103 1215 274 157 107 237 16107 981 546 351 253 146 15126 12678 432 12246 870 478 2448 250 139 11376 244 11132
internal_count=18278 287 17991 1884 1796 1318 103 1215 274 157 107 237 16107 981 546 351 253 146 15126 12678 432 12246 870 478 2448 250 139 11376 244 11132
is_linear=0
shrinkage=0.05


Tree=60
num_leaves=31
num_cat=0
split_feature=0 100 88 103 138 137 74 133 50 110 81 14 13 88 117 103 81 43 142 81 32 44 136 93 88 84 23 25 118 69
split_gain=0.000772139 0.00461288 0.000729199 0.00256861 0.00416527 0.000785778 0.00240448 0.000476192 0.00298902 0.000447141 0.000417776 0.000348891 0.000409251 0.000313674 0.000423696 0.000301825 0.000458156 0.000997614 0.000287212 0.000326134 0.00122121 0.000841002 0.000925093 0.0013084 0.000289345 0.000663282 0.0015484 0.000698004 0.000359707 0.000581304
threshold=0.23690000000000003 5.5999999999999668 42.112500000000004 1008.5500000000003 4.785000000000001 3.0150000000000001 22.114285714285717 86.075000000000017 1008.4500000000002 23.050000000000004 53.95000000000001 0.038399248500000004 0.0029774413125000006 27.012500000000006 1.0000000180025095e-35 2039.8000000000004 40.750000000000007 0.39250000000000007 341.19703467597299 38.95000000000001 10.750000000000002 327.50000000000006 0.53500000000000014 267.42453710000007 33.487500000000004 10.050000000000002 23.443750000000005 4.5000000000000009 8.8500000000000032 277.87896480000006
decision_type=2 2 2 2 2 2 2 2 2 2 2 2 2 2 2 2 2 2 2 2 2 2 2 2 2 2 2 2 10 2
left_child=2 9 7 4 -4 10 -7 11 -9 -2 -5 12 18 -14 -15 16 17 -13 -1 24 21 -21 23 -23 25 -20 27 28 -27 -30
right_child=1 -3 3 5 -6 6 -8 8 -10 -11 -12 15 13 14 -16 -17 -18 -19 19 20 -22 22 -24 -25 -26 26 -28 -29 29 -31
leaf_value=-1.235755650751584e-05 -7.5157863896001799e-05 0.00051441196311155675 0.00053118225793654208 0 0 0.00034722820970137718 0 0.00030792156565541846 -4.5397705471157345e-06 6.2326303448760476e-05 -9.3799690629009182e-05 -3.9344485428787283e-05 0 0.00017289760449679773 0 -3.7699304447474143e-06 0 -0.00030132359682069035 -2.4692403764520026e-06 0 -1.2411612257231568e-05 0 2.5805460780975405e-05 0.00042858638084644266 -2.400018954220596e-05 0 0.00024612556313028717 -1.3933290604506701e-05 0 0.00022349969047531998
leaf_weight=5738 124 50 64 1099 74 66 312 88 355 105 123 372 93 91 56 895 156 54 5552 153 537 54 149 61 1204 56 89 429 50 81
leaf_count=5738 124 50 64 1099 74 66 312 88 355 105 123 372 93 91 56 895 156 54 5552 153 537 54 149 61 1204 56 89 429 50 81
internal_value=1.34305e-06 8.37388e-05 0 3.08429e-05 0.000238805 9.64516e-06 7.38469e-05 -3.21585e-06 4.68218e-05 0 -6.17013e-06 -4.93051e-06 -2.17558e-06 6.13399e-05 0.00010689 -2.83741e-05 -5.75627e-05 -8.48906e-05 -3.61016e-06 1.76115e-06 2.95172e-05 9.5374e-05 0.000149271 0.000264535 -1.12129e-06 2.48533e-06 4.85338e-05 1.15293e-05 9.63025e-05 0.000141497
internal_weight=18330 279 18051 1738 138 1600 378 16313 443 229 1222 15870 14393 240 147 1477 582 426 14153 8415 954 417 264 115 7461 6257 705 616 187 131
internal_count=18330 279 18051 1738 138 1600 378 16313 443 229 1222 15870 14393 240 147 1477 582 426 14153 8415 954 417 264 115 7461 6257 705 616 187 131
is_linear=0
shrinkage=0.05


Tree=61
num_leaves=31
num_cat=0
split_feature=83 66 0 100 116 12 14 137 84 11 13 41 49 103 50 88 84 116 33 135 28 83 81 92 14 11 103 137 19 7
split_gain=0.000754502 0.00257322 0.000715263 0.00417158 0.000509294 0.000709199 0.000537302 0.000956882 0.00232896 0.00163762 0.000553713 0.000465324 0.000831173 0.000407291 0.000342998 0.000333649 0.000445387 0.000291806 0.000980717 0.00202654 0.000408226 0.000851618 0.000241688 0.000234437 0.000331746 0.000215911 0.000459215 0.000652583 0.00063646 0.00024639
threshold=35.20000000000001 19.075000000000006 0.23690000000000003 5.5999999999999668 294.79620030000007 0.073213751500000021 0.041051557500000009 1.0000000180025095e-35 0.75000000000000011 0.0017525849375000003 0.0029774413125000006 48.500000000000007 962.75000000000011 884.95000000000016 1023.4500000000002 27.012500000000006 5.450000000000002 286.65519480000006 0.8617918123090913 75.560000000000016 7.0500000000000007 16.650000000000002 34.350000000000001 8.8500000000000032 0.063745889000000014 0.0020906935902777779 1074.6000000000001 0.03500000000000001 -0.0011528571428571428 0.060850000000000008
decision_type=2 2 2 2 2 2 2 2 2 2 2 2 2 2 2 2 2 2 2 2 2 2 2 2 2 2 2 2 2 2
left_child=2 -2 4 14 6 -6 7 8 -1 11 17 -10 -13 -8 -4 -12 -17 18 25 20 21 -20 -19 -15 -25 -9 27 -27 -29 -28
right_child=1 -3 3 -5 5 -7 13 10 9 -11 15 12 -14 23 -16 16 -18 22 19 -21 -22 -23 -24 24 -26 26 29 28 -30 -31
leaf_value=-1.3031148370270874e-05 0.00036955162955803008 -1.545654734342596e-05 2.5173848767584178e-05 0.00048919568685175591 1.3859993913983269e-05 0.00022236380838500016 -0.00015666748707558696 -8.99295189582589e-06 -1.1429870080194453e-06 0.00034083845407976223 0 0 0.00021352927827683745 -2.4141468338448987e-06 -0.0001091838983732501 0.00016970937770582336 0 -1.1875000987148009e-06 0 0.00035702013493358177 0 0.00024634957848947722 -4.041293018760891e-05 -8.393223892198877e-05 0 -4.053016324463647e-05 3.1588317200134285e-05 0 0.00020154090432764928 -7.714984003244698e-06
leaf_weight=464 60 78 167 50 422 57 73 8854 55 94 93 131 94 1058 62 109 73 1143 71 53 558 57 971 292 176 50 483 141 107 2234
leaf_count=464 60 78 167 50 422 57 73 8854 55 94 93 131 94 1058 62 109 73 1143 71 53 558 57 971 292 176 50 483 141 107 2234
internal_value=1.29095e-06 0.000117421 1.28774e-07 7.96414e-05 -8.34923e-07 4.94997e-05 -2.50741e-06 0 5.22336e-05 0.000146356 -2.62213e-06 6.22912e-05 9.98576e-05 -3.01338e-05 0 6.65002e-05 0.000105961 -4.25733e-06 -9.5494e-07 5.43634e-05 2.32166e-05 0.000103836 -2.15791e-05 -2.07077e-05 -5.13093e-05 -4.82475e-06 5.75692e-06 6.46057e-05 0.00010596 0
internal_weight=18330 138 18192 279 17913 479 17434 15835 838 374 14997 280 225 1599 229 275 182 14722 12608 739 686 128 2114 1526 468 11869 3015 298 248 2717
internal_count=18330 138 18192 279 17913 479 17434 15835 838 374 14997 280 225 1599 229 275 182 14722 12608 739 686 128 2114 1526 468 11869 3015 298 248 2717
is_linear=0
shrinkage=0.05


Tree=62
num_leaves=31
num_cat=0
split_feature=83 66 0 100 49 131 84 75 15 88 32 43 88 136 19 8 110 14 44 100 44 110 93 0 29 89 12 87 89 36
split_gain=0.000660098 0.0023481 0.000646404 0.00377273 0.000438254 0.00115985 0.00444442 0.00708806 0.000402907 0.000823447 0.00144031 0.00114367 0.00291755 0.000643364 0.000768524 0.000816753 0.000581359 0.000543313 0.000590394 0.000527494 0.000653766 0.000384414 0.000282162 0.000222616 0.000211382 0.00032951 0.000254495 0.000207424 0.000224235 0.000187352
threshold=35.20000000000001 19.075000000000006 0.23690000000000003 5.5999999999999668 952.85000000000002 29.116437666821316 3.850000000000001 14.950000000000001 0.00023750000000000003 30.137500000000006 12.250000000000002 0.36950000000000005 41.162500000000009 0.51500000000000012 -0.0012271428571428563 0.00099592685739156709 24.250000000000004 0.009992425000000001 677.50000000000011 -4.099999999999965 297.50000000000006 23.050000000000004 262.81230315000005 0.00075000000000000012 41.70000000000001 38.250000000000007 0.021371082500000003 11.500000000000002 51.550000000000004 268.08813235000008
decision_type=2 2 2 2 2 2 2 2 2 2 2 2 2 2 2 2 2 2 2 2 2 2 2 2 2 2 2 2 2 2
left_child=2 -2 4 21 23 6 22 -8 27 24 11 13 16 14 -11 -16 17 18 -13 -17 -21 -4 -6 -1 -10 -26 -27 28 -7 -30
right_child=1 -3 3 -5 5 8 7 -9 9 10 -12 12 -14 -15 15 19 -18 -19 -20 20 -22 -23 -24 -25 25 26 -28 -29 29 -31
leaf_value=0 0.00035137696200256531 -1.4693503727829905e-05 -6.9454069670755414e-05 0.00046521552537074864 7.9790607085720284e-05 -9.701021916516864e-06 0.00075992970767600298 0 -1.355629934270509e-05 0 -6.9287564951851592e-07 0 0.00049754577289814529 0 0 0 0 0 0.00032333112627384256 0 0.00027214473836899007 5.8119322208278637e-05 -2.626747682248535e-05 -3.8811414357161746e-05 0 0 9.7255031990097925e-05 5.6454771759793705e-05 0 -0.00010140659892366256
leaf_weight=713 60 78 124 50 71 6010 54 86 3719 183 2267 60 51 653 102 69 214 110 61 53 125 105 357 1077 1365 57 161 86 71 138
leaf_count=713 60 78 124 50 71 6010 54 86 3719 183 2267 60 51 653 102 69 214 110 61 53 125 105 357 1077 1365 57 161 86 71 138
internal_value=1.2427e-06 0.000109879 1.37786e-07 7.57317e-05 -7.64661e-07 1.55188e-06 7.17706e-05 0.000315577 -6.95227e-07 5.59856e-06 2.31761e-05 5.83197e-05 0.000125058 2.60877e-05 6.73203e-05 0.000111315 7.01376e-05 0.000125386 0.000202559 0.000160377 0.000207371 0 0 -2.44113e-05 -6.54913e-06 6.75467e-06 6.39651e-05 -1.07211e-05 -1.24628e-05 -6.76475e-05
internal_weight=18330 138 18192 279 17913 16123 568 140 15555 9250 3948 1681 496 1185 532 349 445 231 121 247 178 229 428 1790 5302 1583 218 6305 6219 209
internal_count=18330 138 18192 279 17913 16123 568 140 15555 9250 3948 1681 496 1185 532 349 445 231 121 247 178 229 428 1790 5302 1583 218 6305 6219 209
is_linear=0
shrinkage=0.05


Tree=63
num_leaves=31
num_cat=0
split_feature=0 120 82 86 74 131 104 7 75 74 160 123 134 137 62 16 76 16 91 120 123 23 62 81 43 124 23 91 132 103
split_gain=0.000570274 0.00329657 0.000414958 0.000410588 0.00116172 0.00171053 0.00820336 0.0027697 0.000982413 0.00121562 0.00228981 0.0022952 0.00048425 0.000828532 0.000920817 0.000367759 0.000362529 0.000730455 0.000613934 0.000328416 0.00029624 0.00027683 0.000436157 0.000244078 0.00126759 0.00024002 0.000220342 0.000219284 0.000207966 0.000201744
threshold=0.23690000000000003 280.49470880000007 26.190000000000001 1.0000000180025095e-35 24.707142857142863 37.757193452824723 0.45000000000000007 0.025150000000000002 8.0500000000000025 10.050000000000002 0.24183673469387759 -0.5 3.8050000000000002 1.0000000180025095e-35 32.750000000000007 0.12000000000000001 1.8500000000000005 0.67500000000000016 19.150000000000002 274.08773985000005 -0.60355339059327362 26.105555555555558 19.250000000000004 45.050000000000004 0.36850000000000005 0.60355339059327384 26.686805555555559 16.450000000000003 4.5000000000000009 817.10000000000014
decision_type=2 10 2 2 2 2 2 2 2 2 2 2 2 2 2 2 2 2 2 10 2 2 2 2 2 2 2 2 2 2
left_child=3 2 19 29 5 6 -5 -8 9 -7 11 -11 27 14 -14 28 23 18 -18 -2 -16 -15 -23 -17 25 -25 -24 -6 -10 -1
right_child=1 -3 -4 4 12 8 7 -9 15 10 -12 -13 13 21 20 16 17 -19 -20 -21 -22 22 26 24 -26 -27 -28 -29 -30 -31
leaf_value=-3.7999653763763747e-05 -0.00013440603950584773 0.00042369634126333513 6.8100190854297144e-05 -4.8355002651656383e-06 0 0 5.9921272368845134e-05 0.0006256790979119384 -7.7040269739318983e-05 1.0832226370915855e-05 0 0.00054638842204501816 0 -1.3002300790101812e-05 0 -8.472398377883961e-06 0 0 0.00029827471173656016 0 0.00028977358539863018 0.00013484130861564022 4.6881424031903876e-05 3.5088315571026945e-05 0.00026892882693323823 -3.4006723755558489e-05 -3.6602738618493024e-06 -8.9417206894179348e-05 0 -5.0418254786703148e-06
leaf_weight=571 78 53 92 320 105 230 58 86 196 62 126 58 90 3970 52 1272 74 140 50 56 58 69 244 291 50 207 1174 240 273 7985
leaf_count=571 78 53 92 320 105 230 58 86 196 62 126 58 90 3970 52 1272 74 140 50 56 58 69 244 291 50 207 1174 240 273 7985
internal_value=1.21118e-06 7.20262e-05 0 0 7.26986e-06 3.04185e-05 0.000121327 0.000434272 1.48069e-05 8.08718e-05 0.000157906 0.000313383 -5.37193e-06 -9.55592e-07 9.75193e-05 5.04783e-07 1.1395e-05 6.66272e-05 0.000154984 -6.70044e-05 0.000194833 -5.49801e-06 1.11721e-05 6.0538e-07 3.07609e-05 0 1.53991e-06 -6.31241e-05 -3.71689e-05 -7.82983e-06
internal_weight=18330 279 226 18051 9495 3493 464 144 3029 476 246 120 6002 5657 200 2553 2084 264 124 134 110 5457 1487 1820 548 498 1418 345 469 8556
internal_count=18330 279 226 18051 9495 3493 464 144 3029 476 246 120 6002 5657 200 2553 2084 264 124 134 110 5457 1487 1820 548 498 1418 345 469 8556
is_linear=0
shrinkage=0.05


Tree=64
num_leaves=31
num_cat=0
split_feature=88 85 116 94 19 138 44 134 0 120 25 15 88 91 111 89 2 129 13 11 129 133 126 50 29 49 131 31 85 1
split_gain=0.000583794 0.00220376 0.000813942 0.00167267 0.00103568 0.00079215 0.000970691 0.000849664 0.000464951 0.00307831 0.000396667 0.000380058 0.000595221 0.00222318 0.000911309 0.000931867 0.00107871 0.00163359 0.000756285 0.000661669 0.000355323 0.000306535 0.000371731 0.000417792 0.000668308 0.000429036 0.000270674 0.000253129 0.000227861 0.000209791
threshold=42.112500000000004 280.2043680000001 272.33156210000004 19.500000000000004 -0.0026485714285714285 5.0300000000000002 417.50000000000006 8.9950000000000028 0.23690000000000003 280.49470880000007 21.500000000000004 0.00023750000000000003 30.137500000000006 14.050000000000002 7.8500000000000005 33.750000000000007 8.5250000000000026e-05 5.5000000000000009 0.00019669402083333335 0.00014805228472222225 8.5000000000000018 58.715000000000011 43.500000000000007 1000.4500000000002 31.150000000000002 958.85000000000002 48.306367319281499 14.350000000000003 276.3776464500001 0.036801556500000006
decision_type=2 2 2 2 2 2 2 2 2 10 2 2 2 2 2 2 2 2 2 2 2 2 2 2 2 2 2 2 2 2
left_child=8 2 26 -4 -5 6 7 -6 11 27 -8 -1 28 -14 18 16 -16 -18 19 -15 -20 29 -23 -24 25 -25 -2 -10 -13 -17
right_child=1 -3 3 4 5 -7 10 -9 9 -11 -12 12 13 14 15 21 17 -19 20 -21 -22 22 23 24 -26 -27 -28 -29 -30 -31
leaf_value=-1.2535265815411868e-05 -0.00010171761559847891 0.00027873923317755736 0.00030014819371928988 -3.771210199756558e-05 0.00038983317860050918 0 -1.2728567589122496e-06 2.8770030555549326e-05 -0.00011130403737493623 0.00040290384236329747 0.00010528695788590347 -2.4783408513148656e-06 0.00034046299733610664 0 4.7634734196386701e-06 -6.8512383317001184e-06 0 0.00034941437069329831 0 0.00032268342844966771 0.00014040083853223434 -5.7743929014384084e-05 -4.9242828535527486e-05 0 0 0.00024948384024587456 -1.8423758167564043e-06 2.9013913006948343e-06 -3.853091012608299e-05 2.8067735378972883e-05
leaf_weight=6321 112 85 61 373 57 269 132 73 50 53 100 5431 53 50 371 1151 72 72 383 57 64 563 252 50 232 50 501 151 532 609
leaf_count=6321 112 85 61 373 57 269 132 73 50 53 100 5431 53 50 371 1151 72 72 383 57 64 563 252 50 232 50 501 151 532 609
internal_value=1.18334e-06 2.86773e-05 1.28738e-05 4.13078e-05 2.03233e-05 6.25463e-05 0.000110755 0.000227018 -1.44224e-06 6.47895e-05 2.34536e-05 -2.78389e-06 2.88518e-06 1.80722e-05 1.2433e-05 1.28982e-06 6.44038e-05 0.000182485 7.21277e-05 0.0002015 2.9618e-05 -8.19028e-06 -2.87857e-05 0 3.5976e-05 0.000144255 -2.83696e-05 -1.16581e-06 -6.53912e-06 2.4013e-06
internal_weight=18330 1763 1678 1065 1004 631 362 130 16567 254 232 16313 9992 4029 3976 3422 515 144 554 107 447 2907 1147 584 332 100 613 201 5963 1760
internal_count=18330 1763 1678 1065 1004 631 362 130 16567 254 232 16313 9992 4029 3976 3422 515 144 554 107 447 2907 1147 584 332 100 613 201 5963 1760
is_linear=0
shrinkage=0.05


Tree=65
num_leaves=31
num_cat=0
split_feature=126 141 85 93 3 90 132 139 47 9 120 138 84 112 2 90 131 9 27 83 126 15 88 135 120 19 96 134 28 113
split_gain=0.000569216 0.00145884 0.00373367 0.00128134 0.00141696 0.00178758 0.00107143 0.00167695 0.000985884 0.00188769 0.000700933 0.000386842 0.00175792 0.000382891 0.00054109 0.000868542 0.000345159 0.000240978 0.000206236 0.00102482 0.00044607 0.000284501 0.000513681 0.0004657 0.000619561 0.000246112 0.000235022 0.000484702 0.00023365 0.000207744
threshold=25.500000000000004 38.640000000000008 278.97010045000007 267.04223910000007 0.083086015000000027 25.575510204081635 1.5000000000000002 14.762409342215941 77.500000000000014 1.8806944444444447 277.71907670000002 2.6200000000000006 7.450000000000002 276.38442020000008 0.00071643750000000017 26.502040816326538 60.811436445759 4.6102083333333344 1278.7 19.150000000000002 60.500000000000007 0.0011052083333333337 38.01250000000001 28.975000000000005 268.30480855000002 -0.00025000000000000006 35.01250000000001 6.5300000000000002 17.200000000000006 0.25000000000000006
decision_type=2 2 2 2 2 2 2 2 2 2 10 2 2 2 2 2 2 2 2 2 2 2 2 2 10 2 2 2 2 2
left_child=1 3 10 -1 13 6 -6 -8 9 -9 -3 12 -2 14 -5 -16 -15 -7 19 -13 -21 26 28 24 -24 -25 -20 -28 -23 -30
right_child=11 2 -4 4 5 17 7 8 -10 -11 -12 18 -14 16 15 -17 -18 -19 21 20 -22 22 23 25 -26 -27 27 -29 29 -31
leaf_value=0.00023773829584376369 0 -5.9756516706542457e-05 0.00045358911188112184 0 0 2.8595842368533972e-06 0 0.00010739121447316102 0 0.00055130343538086683 0.00015290125518543484 0 0.00026028321529864977 -5.491259728585457e-05 0 0.00025176016635919824 -4.60961683189077e-06 -9.9208325850295452e-05 -5.5247192773540506e-06 0.00026430431091284851 0 -3.5790336097129756e-05 0.00018157761056798217 -5.0781142838723041e-06 0 7.2824001502277529e-05 -6.9767764628810949e-05 -1.1714925983503217e-05 -1.8457961292738e-06 4.3320863678408473e-05
leaf_weight=60 447 110 67 746 52 276 97 96 51 67 57 883 75 651 68 57 1277 60 6640 55 56 474 121 313 68 115 527 2296 2099 274
leaf_count=60 447 110 67 746 52 276 97 96 51 67 57 883 75 651 68 57 1277 60 6640 55 56 474 121 313 68 115 527 2296 2099 274
internal_value=1.06761e-06 1.85065e-05 0.000140763 9.02383e-06 3.60496e-06 6.8271e-05 0.00014574 0.000182662 0.000260611 0.000322595 0 -3.16576e-06 3.79696e-05 -1.07771e-05 1.32089e-05 0.000109286 -2.42064e-05 -7.70335e-07 -5.06998e-06 1.53604e-05 0.000158024 -7.02877e-06 4.20443e-06 4.61678e-05 0.000114098 4.31948e-06 -1.16691e-05 -2.43437e-05 -3.14724e-06 1.2793e-06
internal_weight=18235 3792 234 3558 3498 699 363 311 214 163 167 14443 522 2799 871 125 1928 336 13921 994 111 12927 3464 617 189 428 9463 2823 2847 2373
internal_count=18235 3792 234 3558 3498 699 363 311 214 163 167 14443 522 2799 871 125 1928 336 13921 994 111 12927 3464 617 189 428 9463 2823 2847 2373
is_linear=0
shrinkage=0.05


Tree=66
num_leaves=31
num_cat=0
split_feature=103 9 133 104 83 22 43 96 15 131 116 36 89 19 30 12 43 131 138 41 128 104 84 24 93 103 128 128 83 21
split_gain=0.000528069 0.00488017 0.0027995 0.00360808 0.0018504 0.000533115 0.00110578 0.00031907 0.000299081 0.00127126 0.00297009 0.000731206 0.000354066 0.0011508 0.000345889 0.000339957 0.000536555 0.00224638 0.000313929 0.00039901 0.000310171 0.000384469 0.000278273 0.000218292 0.00025404 0.000204571 0.000400715 0.000185719 0.00018512 0.000401964
threshold=1067.0500000000004 1.8414583333333334 20.620000000000001 0.35000000000000009 34.850000000000001 51.000000000000007 0.37950000000000006 50.725000000000009 0.0011052083333333337 29.116437666821316 271.17294370000008 272.50904635000006 40.45000000000001 -0.0028999999999999985 -1.9414285714285726 0.090140162500000023 0.25250000000000006 129.24098929866494 12.985000000000001 78.500000000000014 9.4793745449579916 3.0500000000000003 9.9500000000000046 43.050000000000004 267.48557675000001 1699.2500000000002 9.478801397250173 10.914440816849369 33.550000000000004 0.61805555555555569
decision_type=2 2 2 2 2 2 2 2 2 2 2 2 2 2 2 2 2 2 2 2 2 2 2 2 2 2 2 2 2 2
left_child=1 4 -3 -4 5 7 -7 23 14 10 11 -10 25 -14 15 16 17 -2 28 -20 -15 -22 -16 24 -1 26 -11 -24 -18 -30
right_child=8 2 3 -5 -6 6 -8 -9 9 12 -12 -13 13 20 22 -17 18 -19 19 -21 21 -23 27 -25 -26 -27 -28 -29 29 -31
leaf_value=1.6603279878620659e-05 0.00035806972309100361 0 0 0.00053719779490789981 0.00028442331512275836 5.2544457317434415e-07 0.00019919442288153155 -0.00012475999295647982 4.946009018567565e-05 -0.00011004949637487925 -5.8105853092350049e-07 0.00045059157655369717 -4.1499904053926003e-05 0 -9.8652806413957573e-06 -4.8011889407136344e-05 -4.6085778680569646e-06 0 0 0.00013620175888354427 0.0001442411350585721 3.4091307820984145e-07 -5.8331500303615438e-05 0 -4.0002296294204504e-05 0 0 0 0 0.00013774341082938769
leaf_weight=117 54 87 55 101 56 557 90 70 55 137 153 61 249 68 4351 327 4838 148 229 94 235 151 638 1563 840 2255 276 241 67 72
leaf_count=117 54 87 55 101 56 557 90 70 55 137 153 61 249 68 4351 327 4838 148 229 94 235 151 638 1563 840 2255 276 241 67 72
internal_value=1.02623e-06 1.8569e-05 0.000234489 0.0003606 1.05136e-06 -2.39312e-06 3.61418e-05 -1.39594e-05 -2.8547e-06 8.98109e-06 0.000113396 0.000305183 0 3.21369e-05 -7.20292e-06 3.53432e-07 4.14472e-06 8.41012e-05 1.38816e-07 4.85853e-05 8.3515e-05 0.000101015 -1.6579e-05 -8.85001e-06 -2.78526e-05 -7.69621e-06 -4.02143e-05 -4.40808e-05 -2.01e-06 5.21081e-05
internal_weight=18235 3536 243 156 3293 3237 647 2590 14699 3640 269 116 3371 703 11059 5829 5502 202 5300 323 454 386 5230 2520 957 2668 413 879 4977 139
internal_count=18235 3536 243 156 3293 3237 647 2590 14699 3640 269 116 3371 703 11059 5829 5502 202 5300 323 454 386 5230 2520 957 2668 413 879 4977 139
is_linear=0
shrinkage=0.05


Tree=67
num_leaves=31
num_cat=0
split_feature=103 18 142 88 28 53 85 136 141 49 131 84 75 135 121 6 28 88 28 83 90 83 128 115 103 114 104 96 88 134
split_gain=0.000493653 0.00470805 0.00276107 0.00147415 0.00116403 0.00063448 0.00114064 0.000378831 0.000294519 0.000257407 0.00123255 0.00287514 0.00425228 0.000256939 0.000246952 0.000239758 0.000239286 0.000362792 0.000234426 0.000736284 0.000394273 0.000210277 0.000207296 0.000206153 0.000173465 0.000158151 0.000153344 0.000220851 0.00026959 0.00024828
threshold=1037.45 0.032320833333333333 582.05391141393363 46.712500000000006 34.850000000000009 202.50000000000003 281.00325015000004 0.33500000000000008 38.060000000000009 947.6500000000002 29.116437666821316 2.7500000000000009 14.950000000000001 49.435000000000009 0.25000000000000006 0.0084229166666666671 31.200000000000006 36.662500000000016 7.3500000000000005 18.950000000000003 22.441836734693883 17.150000000000002 8.9916910153496676 13.250000000000002 696.70000000000016 21.750000000000004 0.8500000000000002 34.687500000000007 32.237500000000011 10.220000000000002
decision_type=2 2 2 2 2 2 2 2 2 2 2 2 2 2 10 2 2 2 2 2 2 2 2 2 2 2 2 2 2 2
left_child=1 3 4 5 -3 15 7 -7 9 25 11 -11 -13 -10 18 22 -16 -18 19 -12 -21 -15 -1 -17 -24 -2 27 28 -20 -30
right_child=8 2 -4 -5 -6 6 -8 -9 13 10 14 12 -14 21 16 23 17 -19 26 20 -22 -23 24 -25 -26 -27 -28 -29 29 -31
leaf_value=-5.8388129348250058e-05 0 0 0.00056326484910402402 0.0002536071576290405 0.00024908890955848621 0.00012899203757222544 0.0002724125007033846 -1.6203670914192855e-05 -1.1781783422787527e-05 0 0 0.00057661043232656091 0 0 0 9.2473900993354612e-05 0 0.0001420770988113641 -8.245901218262067e-06 0 0.000231138679903138 -0.00013124460049001444 -3.0893409849395657e-05 0 0 -4.4317056550603619e-05 -1.5382242753134496e-06 -3.0096061164194431e-05 0.00015671615383531766 0
leaf_weight=313 649 99 56 56 74 53 54 184 1508 347 458 62 82 64 136 89 134 101 174 59 60 103 631 52 1582 501 9208 1234 52 60
leaf_count=313 649 99 56 56 74 53 54 184 1508 347 458 62 82 64 136 89 134 101 174 59 60 103 631 52 1582 501 9208 1234 52 60
internal_value=9.97201e-07 1.8875e-05 0.000237055 5.66417e-07 0.000100095 -2.61841e-06 6.48992e-05 0 -2.53755e-06 0 2.08637e-06 7.9731e-05 0.000266723 -2.22917e-05 -7.571e-07 -1.1881e-05 3.85827e-05 6.98661e-05 -2.49367e-06 2.73558e-05 0.000137636 -8.6799e-05 -1.69003e-05 4.23138e-05 -8.75028e-06 -2.26512e-05 -4.56753e-06 -1.96184e-05 8.11533e-06 7.76295e-05
internal_weight=18235 3243 229 3014 173 2958 291 237 14992 13317 12167 491 144 1675 11676 2667 371 235 11305 577 119 167 2526 141 2213 1150 10728 1520 286 112
internal_count=18235 3243 229 3014 173 2958 291 237 14992 13317 12167 491 144 1675 11676 2667 371 235 11305 577 119 167 2526 141 2213 1150 10728 1520 286 112
is_linear=0
shrinkage=0.05


Tree=68
num_leaves=31
num_cat=0
split_feature=103 8 74 4 88 22 119 33 104 137 103 135 142 116 15 131 116 122 15 156 19 141 131 92 96 19 30 128 96 103
split_gain=0.000451714 0.00472736 0.00262847 0.0019715 0.00132922 0.000394271 0.000828754 0.000876811 0.000329257 0.000289017 0.000640719 0.00148763 0.000819724 0.000588081 0.000288236 0.00108294 0.00254523 0.000745728 0.000584347 0.000542598 0.000598836 0.000305352 0.00024521 0.000220655 0.000450761 0.00058257 0.000410119 0.000278086 0.000218154 0.000196678
threshold=1037.45 0.032125402959336961 11.207142857142859 0.00045815750000000006 46.712500000000006 51.000000000000007 8.5500000000000025 0.41019142482146448 2.1500000000000008 1.8100000000000003 1497.7000000000005 73.88000000000001 341.19703467597299 285.47973590000009 0.0011052083333333337 29.116437666821316 271.17294370000008 9.5000000000000018 0.0038979166666666672 0.22000000000000003 -0.00025000000000000006 33.100000000000009 54.512282963967316 11.150000000000004 34.687500000000007 -6.5714285714285687e-05 -1.9985714285714289 10.019646186440736 40.787500000000009 1988.7000000000003
decision_type=2 2 2 2 2 2 10 2 2 2 2 2 2 2 2 2 2 2 2 2 2 2 2 2 2 2 2 2 2 2
left_child=1 4 -3 -4 5 22 7 -7 -8 14 11 12 -11 -14 23 16 17 -16 19 -17 -21 -22 28 -2 25 26 -25 -26 -1 -20
right_child=9 2 3 -5 -6 6 8 -9 -10 10 -12 -13 13 -15 15 18 -18 -19 29 20 21 -23 -24 24 27 -27 -28 -29 -30 -31
leaf_value=-8.8759745328180167e-06 -5.8822128499273907e-06 0 0.00065996622961602748 0.00014241843536900192 0.00024114927482227555 0 -8.9748121073632713e-06 0.00029226421114065474 0.0001205853492461352 -3.4345950153964558e-06 -4.9421180677329028e-07 0.00029481344451778575 0.00020493424452637244 5.4437267618858026e-06 4.9109115170722358e-05 -1.8307170244035005e-06 -7.8940364628694078e-07 0.00044021734183063798 -6.5940510371279631e-05 0 0.00014556863876704655 0 -6.1458827730715347e-07 0.00012970206615477766 -6.2869032597706541e-05 -3.0811475230916583e-05 0 -8.9382115598922394e-06 -9.7945264411303289e-05 -7.5072379711750653e-06
leaf_weight=430 5903 63 51 84 56 55 470 56 53 561 3115 59 92 162 61 1146 157 55 373 233 184 118 1768 127 825 349 138 692 157 642
leaf_count=430 5903 63 51 84 56 55 470 56 53 561 3115 59 92 162 61 1146 157 55 373 233 184 118 1768 127 825 349 138 692 157 642
internal_value=9.44844e-07 1.80549e-05 0.000254339 0.000378116 9.7069e-07 -1.93605e-06 3.08651e-05 0.000154597 0 -2.4238e-06 8.56261e-06 4.65197e-05 2.20784e-05 9.78283e-05 -6.86159e-06 5.32317e-06 0.000100629 0.000279461 -2.50737e-06 1.35116e-05 5.56462e-05 0.000102071 -1.28982e-05 -1.19869e-05 -2.65413e-05 2.50061e-06 6.51199e-05 -4.15837e-05 -4.13281e-05 -3.39458e-05
internal_weight=18235 3243 198 135 3045 2989 634 111 523 14992 3989 874 815 254 11003 2969 273 116 2696 1681 535 302 2355 8034 2131 614 265 1517 587 1015
internal_count=18235 3243 198 135 3045 2989 634 111 523 14992 3989 874 815 254 11003 2969 273 116 2696 1681 535 302 2355 8034 2131 614 265 1517 587 1015
is_linear=0
shrinkage=0.05


Tree=69
num_leaves=31
num_cat=0
split_feature=116 120 140 100 1 84 111 101 128 108 15 22 141 141 120 86 128 4 30 77 43 82 131 43 81 11 35 99 85 2
split_gain=0.000418984 0.000823985 0.00147793 0.000369527 0.00244879 0.000360992 0.000847774 0.00287467 0.000410534 0.00119589 0.000352034 0.000551194 0.000542482 0.000432874 0.000940873 0.00116567 0.000432839 0.000430104 0.000419979 0.000396283 0.000448041 0.000393207 0.00035364 0.000670865 0.000325358 0.000212045 0.000413973 0.000809819 0.000202612 0.000199042
threshold=294.54299540000005 270.72991675000009 31.525000000000002 6.1499999999999782 0.23460493450000003 1.2500000000000004 5.5500000000000007 -3.0924909499999838 8.3426492917905879 278.67155630000008 0.0011052083333333337 58.500000000000007 36.010000000000012 25.220000000000002 267.88059920000006 5.5000000000000009 10.282506010043578 7.4350000000000018e-05 -1.8828571428571415 274.13549860000006 0.40450000000000008 32.590000000000011 71.052266785764871 0.29850000000000004 32.250000000000007 0.0043609413958333341 276.52521095000003 -0.54999999999995441 273.73990395000004 0.00012382400000000003
decision_type=2 8 2 2 2 2 2 2 2 2 2 2 2 2 10 2 2 2 2 2 2 2 2 2 2 2 2 2 2 2
left_child=3 2 -2 5 -5 25 7 -7 9 -8 18 12 13 17 15 -15 21 -12 22 20 24 -17 23 -10 -16 29 -27 -28 -20 -1
right_child=1 -3 -4 4 -6 6 8 -9 10 -11 11 -13 -14 14 19 16 -18 -19 28 -21 -22 -23 -24 -25 -26 26 27 -29 -30 -31
leaf_value=-1.0694214658190641e-05 0 0 0.00032134787091639411 4.7467896302579011e-06 0.00027947251731637318 0.00042783248796083109 0.00028134334079604566 0 0.00017724106497775123 0 0.00010277536370398894 -3.2786374025364914e-05 -7.8237938295559779e-06 0 0 0.00037207870154061978 0 -1.3546022859422904e-05 -3.5895591587393833e-05 -5.0728130625411535e-05 0 4.4215683615460107e-05 -3.2020681477201144e-06 6.0495854056439618e-06 0.00019713951255613687 -9.1977524998428994e-06 0 -0.00024076763564021415 0 5.3600159954637624e-06
leaf_weight=6730 58 437 65 1715 87 51 50 147 81 53 96 286 295 53 54 81 59 290 1340 98 66 56 1910 463 68 677 88 68 471 2242
leaf_count=6730 58 437 65 1715 87 51 50 147 81 53 96 286 295 53 54 81 59 290 1340 98 66 56 1910 463 68 677 88 68 471 2242
internal_value=8.72604e-07 4.34817e-05 0.000158639 -1.96902e-07 2.09313e-05 -2.91165e-06 6.1933e-06 0.000108239 1.88171e-06 0.000100342 0 2.09139e-05 3.76691e-05 5.76563e-05 8.79325e-05 0.000161052 0.000218423 2.65457e-06 -7.22495e-06 6.51164e-06 6.29149e-05 0.000275585 4.57093e-06 4.09922e-05 0.000123243 -9.05636e-06 -3.4588e-05 -0.000112168 -2.59621e-05 -6.12507e-06
internal_weight=18235 560 123 17675 1802 15873 6068 198 5870 103 5767 1502 1216 921 535 249 196 386 4265 286 188 137 2454 544 122 9805 833 156 1811 8972
internal_count=18235 560 123 17675 1802 15873 6068 198 5870 103 5767 1502 1216 921 535 249 196 386 4265 286 188 137 2454 544 122 9805 833 156 1811 8972
is_linear=0
shrinkage=0.05


Tree=70
num_leaves=31
num_cat=0
split_feature=116 120 83 116 1 126 141 138 138 104 82 23 104 141 96 1 81 74 139 82 4 134 23 134 137 119 8 1 94 92
split_gain=0.000407938 0.000866342 0.00188446 0.000320389 0.000625252 0.00469977 0.000543432 0.00103701 0.000280069 0.000433713 0.000260535 0.000238971 0.000275507 0.000230415 0.000464541 0.000395749 0.000264623 0.0013738 0.00137624 0.00211684 0.000809013 0.000666158 0.00151971 0.000391919 0.000280299 0.000762273 0.000264717 0.000222683 0.000162141 0.00015469
threshold=294.54299540000005 270.72991675000009 22.750000000000004 288.14814875000008 0.36782849050000005 38.500000000000007 38.810000000000009 4.4200000000000008 4.745000000000001 3.350000000000001 22.814000000000004 22.361111111111114 0.65000000000000024 38.060000000000009 35.812500000000007 0.022067102000000002 31.350000000000005 24.707142857142863 87.760506709764101 25.442000000000007 0.00018379200000000003 8.6650000000000009 22.336111111111116 3.8050000000000002 1.0000000180025095e-35 3.3500000000000001 0.0038199366882099707 0.0043528345000000005 23.500000000000004 18.950000000000006
decision_type=2 8 2 2 2 2 2 2 2 2 2 2 2 2 2 2 2 2 2 2 2 2 2 2 2 10 2 2 2 2
left_child=3 2 -2 4 13 -6 8 -8 9 28 11 -10 27 16 -15 -16 -1 18 20 -20 -18 22 -22 -19 25 -25 -23 -13 29 -5
right_child=1 -3 -4 6 5 -7 7 -9 10 -11 -12 12 -14 14 15 -17 17 23 19 -21 21 26 -24 24 -26 -27 -28 -29 -30 -31
leaf_value=-3.7955227570227642e-06 0.00039318343419604486 0 0 -0.00013321253913493113 0.00050618904405452607 -8.018351297113649e-06 0.00025178661977335258 0 -1.279354609561556e-05 0 -3.7096940688659528e-05 0 0 -2.7862624529102276e-06 -3.0744700348572252e-06 -0.00017772150573450965 0 -5.4995884590624395e-05 0.00043707955706819213 0 0 0.00012801269420344638 0.00031774534458487206 0.00020881826265879987 0 0 0 0.00015820604585588965 -1.2323517342523595e-05 0
leaf_weight=7506 50 449 70 224 51 194 50 64 318 243 490 61 201 1431 167 83 668 322 58 50 102 52 86 59 4544 111 320 72 205 73
leaf_count=7506 50 449 70 224 51 194 50 64 318 243 490 61 201 1431 167 83 668 322 58 50 102 52 86 59 4544 111 320 72 205 73
internal_value=1.94963e-07 4.20372e-05 0.000161939 -8.63684e-07 1.22755e-06 8.03181e-05 -1.98702e-05 7.46413e-05 -2.82648e-05 -5.36557e-05 -7.29373e-06 7.46994e-06 4.16687e-05 0 -1.75e-05 -8.14547e-05 2.09512e-06 9.81816e-06 5.49823e-05 0.000234211 3.49734e-05 7.92767e-05 0.000162397 -1.1793e-06 1.44719e-06 6.44646e-05 2.35423e-05 9.73692e-05 -8.01584e-05 -0.000110004
internal_weight=18374 569 120 17805 15804 245 2001 114 1887 745 1142 652 334 15559 1681 250 13878 6372 1336 108 1228 560 188 5036 4714 170 372 133 502 297
internal_count=18374 569 120 17805 15804 245 2001 114 1887 745 1142 652 334 15559 1681 250 13878 6372 1336 108 1228 560 188 5036 4714 170 372 133 502 297
is_linear=0
shrinkage=0.05


Tree=71
num_leaves=31
num_cat=0
split_feature=116 120 83 103 19 103 19 4 83 116 15 131 116 105 134 25 19 119 161 103 12 10 86 13 75 93 80 86 134 41
split_gain=0.000375685 0.000774572 0.001707 0.000316843 0.000730802 0.000678769 0.003451 0.000855009 0.00179057 0.00034221 0.000253511 0.000888415 0.00246536 0.00184435 0.000446845 0.000418735 0.000517121 0.000687075 0.000396123 0.00033286 0.00036925 0.000621108 0.000300853 0.0003494 0.000334527 0.000241834 0.0003651 0.000201807 0.000410453 0.000185979
threshold=294.54299540000005 270.72991675000009 22.750000000000004 793.45000000000016 -0.0026585714285714272 1022.7500000000001 0.008150000000000001 0.0027756775000000004 18.550000000000004 290.54688815000003 0.0011052083333333337 29.116437666821316 269.97932850000007 26.500000000000004 6.5650000000000004 19.500000000000004 -0.0028999999999999985 13.050000000000002 0.1326530612244898 1470.4500000000003 0.017038588000000004 8.0250000000000021 10.500000000000002 0.0019540714166666668 14.750000000000002 266.85446625000003 30.762500000000006 1.5000000000000002 8.8550000000000022 78.500000000000014
decision_type=2 8 2 2 2 2 2 2 2 2 2 2 2 2 2 2 2 10 2 2 2 2 2 2 2 2 2 2 2 2
left_child=3 2 -2 4 -1 6 7 25 -9 10 14 12 13 -12 18 -13 -17 -18 -7 20 29 -22 -23 24 -24 26 -5 -11 -29 -16
right_child=1 -3 -4 5 -6 9 -8 8 -10 27 11 15 -14 -15 19 16 17 -19 -20 -21 21 22 23 -25 -26 -27 -28 28 -30 -31
leaf_value=-0.00018492699150145152 0.00037390973973635807 0 0 0.00013731139355513733 -1.0969279851309203e-05 -5.317170862582087e-06 0.0003540160167849536 0 0.00028999018457442964 0 0.00045409317265372159 -1.2281808483193951e-05 0 0 -1.0300103068252083e-05 -7.3068615504230251e-06 1.873825557802929e-05 0.00014713768981465243 -6.2205523622516377e-05 -4.5734681497180255e-06 0.0002084550994553026 -7.9503519584757684e-07 0 0 0.00011756892631782119 -1.5073566811899472e-05 0 -0.00013037246304438982 -5.6853432167030209e-06 4.6034762919320275e-05
leaf_weight=72 50 449 70 67 1079 1121 79 253 80 320 64 1857 188 51 766 546 709 161 592 7324 64 257 75 67 201 1107 71 144 310 180
leaf_count=72 50 449 70 67 1079 1121 79 253 80 320 64 1857 188 51 766 546 709 161 592 7324 64 257 75 67 201 1107 71 144 310 180
internal_value=1.41923e-07 4.03127e-05 0.000153815 -8.63214e-07 -2.63424e-05 5.98985e-07 3.11899e-05 1.16476e-05 8.36163e-05 -2.44944e-06 -3.29661e-07 1.07893e-05 9.29907e-05 0.000275308 -4.5344e-06 1.62615e-06 2.339e-05 4.83817e-05 -2.79193e-05 0 2.05289e-05 4.90827e-05 2.34449e-05 5.60917e-05 8.4028e-05 -3.64073e-06 5.15479e-05 -3.49001e-05 -5.64223e-05 0
internal_weight=18374 569 120 17805 1151 16654 1657 1578 333 14997 14223 3576 303 115 10647 3273 1416 870 1713 8934 1610 664 600 343 276 1245 138 774 454 946
internal_count=18374 569 120 17805 1151 16654 1657 1578 333 14997 14223 3576 303 115 10647 3273 1416 870 1713 8934 1610 664 600 343 276 1245 138 774 454 946
is_linear=0
shrinkage=0.05


Tree=72
num_leaves=31
num_cat=0
split_feature=116 120 134 103 19 103 19 83 18 73 75 116 90 134 90 42 19 15 131 116 103 134 25 19 119 88 103 137 136 66
split_gain=0.000346167 0.000704622 0.00164646 0.000290431 0.000655628 0.000623978 0.00311092 0.00059422 0.000927479 0.00123257 0.000345716 0.00031606 0.000269805 0.000296312 0.000340685 0.000263418 0.000239613 0.000230054 0.000798967 0.00225792 0.00152206 0.000407082 0.000378348 0.000476091 0.000611393 0.000372445 0.000297224 0.000445634 0.000991439 0.000374704
threshold=294.54299540000005 271.64301760000006 7.7250000000000005 793.45000000000016 -0.0026585714285714272 1022.7500000000001 0.008150000000000001 17.350000000000005 0.0074791666666666678 21.350000000000005 9.5500000000000025 290.54688815000003 25.066326530612248 8.8550000000000022 27.723469387755106 0.59500000000000008 -0.00045999999999999985 0.0011052083333333337 29.116437666821316 269.97932850000007 2152.3500000000008 6.5650000000000004 19.500000000000004 -0.0028999999999999985 13.050000000000002 36.88750000000001 1470.4500000000003 1.5750000000000004 0.33500000000000008 22.025000000000002
decision_type=2 8 2 2 2 2 2 2 2 2 2 2 2 2 2 2 2 2 2 2 2 2 2 2 10 2 2 2 2 2
left_child=3 2 -2 4 -1 6 7 -5 10 -10 15 17 -13 14 -14 -9 -12 21 19 20 -19 25 -20 -24 -25 -7 27 -23 -29 -30
right_child=1 -3 -4 5 -6 11 -8 8 9 -11 16 12 13 -15 -16 -17 -18 18 22 -21 -22 26 23 24 -26 -27 -28 28 29 -31
leaf_value=-0.00017580730315984675 0.00034980994972548535 0 0 -1.147703418847872e-05 -1.0421323467170528e-05 -1.2558633504723547e-05 0.00033653647732046469 0.00016592233918844631 0 0.00026658487222374217 -8.7386858151942159e-05 0 -0.00021697919377030225 -1.0478880108413596e-05 0 0 0 0.00043306632919189902 -1.1668048378351845e-05 0 0 0 -6.9421867631051021e-06 1.7802661827510083e-05 0.00013982621743280894 -8.5472602498696832e-05 -4.3448259811654886e-06 0.00024333703520091178 6.8259207173541653e-05 -2.6570115452514731e-06
leaf_weight=72 54 362 153 890 1079 1451 79 50 134 97 93 325 65 303 81 63 251 62 1857 188 53 994 546 709 161 262 7324 66 249 301
leaf_count=72 54 362 153 890 1079 1451 79 50 134 97 93 325 65 303 81 63 251 62 1857 188 53 994 546 709 161 262 7324 66 249 301
internal_value=9.61802e-08 3.86727e-05 0.000112105 -8.57921e-07 -2.52508e-05 5.29139e-07 2.98726e-05 1.115e-05 4.76515e-05 0.000129375 0 -2.38138e-06 -3.35752e-05 -5.86546e-05 -0.000123871 8.08668e-05 -1.85562e-05 -3.3009e-07 1.02408e-05 8.82108e-05 0.000262781 -4.35071e-06 1.47072e-06 2.22261e-05 4.62592e-05 -2.66712e-05 0 1.93755e-05 5.27811e-05 2.04399e-05
internal_weight=18374 569 207 17805 1151 16654 1657 1578 688 231 457 14997 774 449 146 113 344 14223 3576 303 115 10647 3273 1416 870 1713 8934 1610 616 550
internal_count=18374 569 207 17805 1151 16654 1657 1578 688 231 457 14997 774 449 146 113 344 14223 3576 303 115 10647 3273 1416 870 1713 8934 1610 616 550
is_linear=0
shrinkage=0.05


Tree=73
num_leaves=31
num_cat=0
split_feature=104 85 92 96 133 13 103 28 82 134 0 82 14 90 23 17 93 131 21 134 14 92 61 11 137 131 96 23 83 26
split_gain=0.000302148 0.00175773 0.00516391 0.000408311 0.000341611 0.000910836 0.000359984 0.000859186 0.00202869 0.00331802 0.000738366 0.00108127 0.000539788 0.00039713 0.000850259 0.000378899 0.00094029 0.00242825 0.000422577 0.000375883 0.000316056 0.000295293 0.00028747 0.000309283 0.000275474 0.000240385 0.000227524 0.000212815 0.000446268 0.000206288
threshold=1.0000000180025095e-35 280.2043680000001 11.850000000000003 50.187500000000007 86.075000000000017 0.0017604038750000004 1597.6500000000003 37.500000000000007 15.978000000000003 12.775000000000002 0.17410000000000003 26.118000000000006 0.046876099500000004 26.209183673469386 25.262499999999999 0.034150000000000007 266.89733775000008 61.795756078694659 0.56250000000000011 9.5400000000000009 0.010700511500000001 11.350000000000003 232.65000000000003 0.0021053922986111113 1.5450000000000002 71.052266785764871 46.51250000000001 17.461111111111119 19.150000000000002 2.5000000000000004
decision_type=2 2 2 2 2 2 2 2 2 2 2 2 2 2 2 2 2 2 2 2 2 2 2 2 2 2 2 2 2 2
left_child=29 3 -3 4 6 -6 7 12 9 -9 20 -12 15 14 -14 27 17 -17 19 -18 -10 24 23 -21 -5 -20 -22 28 -2 -1
right_child=1 2 -4 21 5 -7 -8 8 10 -11 11 -13 13 -15 -16 16 18 -19 25 22 26 -23 -24 -25 -26 -27 -28 -29 -30 -31
leaf_value=-2.9512958124832628e-05 0 0.00050972206671066314 0 0 0 0.00023362398720941014 -4.4710753957441194e-06 0.00049783755306382846 0 0 -0.00026203931329851353 0 -0.00022359801660409669 0 0 0.00042652043438535592 0 2.85295406172319e-05 -0.00011352305561242821 0 9.6956808736763388e-05 0 0 0.00014355918898924737 -0.00019420138170460178 0 0 -7.3022205316882687e-06 0.00015599748778705752 0
leaf_weight=1338 224 66 161 76 210 57 10935 64 106 70 51 64 82 277 90 51 339 300 94 56 255 66 105 138 63 156 65 2148 62 605
leaf_count=1338 224 66 161 76 210 57 10935 64 106 70 51 64 82 277 90 51 339 300 94 56 255 66 105 138 63 156 65 2148 62 605
internal_value=5.14093e-08 2.52601e-06 0.000140456 2.76673e-07 1.48382e-06 5.75805e-05 2.10354e-07 1.19227e-05 6.44967e-05 0.000240596 1.12902e-05 -8.64728e-05 2.08716e-06 -4.78702e-05 -0.000108165 9.5664e-06 3.21724e-05 0.000101609 0 2.6034e-05 4.9532e-05 -6.92116e-05 6.76462e-05 0.000103564 -0.000111003 -4.98343e-05 7.56642e-05 0 3.81382e-05 -1.82936e-05
internal_weight=18374 16431 227 16204 15999 267 15732 4797 675 134 541 115 4122 449 172 3673 1239 351 888 638 426 205 299 194 139 250 320 2434 286 1943
internal_count=18374 16431 227 16204 15999 267 15732 4797 675 134 541 115 4122 449 172 3673 1239 351 888 638 426 205 299 194 139 250 320 2434 286 1943
is_linear=0
shrinkage=0.05


Tree=74
num_leaves=31
num_cat=0
split_feature=116 12 14 85 11 7 116 61 141 25 120 128 88 96 134 19 90 104 92 7 128 81 90 47 85 28 120 28 30 92
split_gain=0.000292865 0.000655923 0.000279124 0.000384011 0.000331544 0.000671768 0.00173725 0.000736971 0.00183602 0.00161843 0.000464078 0.00127421 0.000297364 0.000281924 0.000241354 0.000224747 0.000238836 0.000216121 0.000309099 0.000756162 0.000224191 0.000221099 0.000250385 0.00020903 0.000357602 0.000157891 0.000597347 0.000979761 0.00015452 0.000153837
threshold=294.54299540000005 0.073213751500000021 0.041051557500000009 276.28744945000005 0.0016758371041666667 0.040350000000000004 269.69491920000007 165.10000000000005 35.775000000000013 18.500000000000004 266.87680085000005 9.2641487521873049 50.937500000000007 50.725000000000009 8.8950000000000014 0.0007614285714285788 20.943877551020414 0.55000000000000016 9.8500000000000032 0.052000000000000011 10.019646186440736 33.250000000000007 27.204081632653061 21.500000000000004 277.86530750000003 7.0500000000000007 271.18584555000001 5.9500000000000002 -1.6485714285714284 8.8500000000000032
decision_type=2 2 2 2 2 2 2 2 2 2 8 2 2 2 2 2 2 2 2 2 2 2 2 2 2 2 8 2 2 2
left_child=2 23 4 15 12 6 -6 8 14 -10 11 -9 13 25 28 29 -17 21 -19 -20 -21 -12 -23 -2 -25 26 27 -1 -7 -4
right_child=1 -3 3 -5 5 7 -8 10 9 -11 17 -13 -14 -15 -16 16 -18 18 19 20 -22 22 -24 24 -26 -27 -28 -29 -30 -31
leaf_value=0 -1.9704436364434414e-05 0.00017482991212903343 -1.6614434880271532e-06 -8.4116640416137241e-05 0.00032308618701086571 -0.00011994415436956015 0 0.00022399201615761353 0 0.00037072794205391226 0 1.775879426317902e-06 0.00010860581179043616 -7.8971515528614426e-05 2.9963802786468114e-05 0 0.00010277320563658083 -7.5747196778804058e-06 0.00019714539967196745 -4.2808093783705988e-05 3.2515355682203189e-05 -0.00010336451494409852 0 0 0.00011932884231894005 -5.7777404463479062e-06 -9.5657537929141525e-08 0.00023978703953364151 0 -4.8309377781132387e-05
leaf_weight=151 217 76 995 222 61 54 133 83 94 77 102 509 54 132 220 91 80 3066 63 126 309 172 144 183 93 9570 820 71 80 326
leaf_count=151 217 76 995 222 61 54 133 83 94 77 102 509 54 132 220 91 80 3066 63 126 309 172 144 183 93 9570 820 71 80 326
internal_value=3.87056e-08 3.55483e-05 -8.17214e-07 -2.01414e-05 9.31594e-07 1.14248e-05 0.000104482 6.88405e-06 6.2946e-05 0.000196986 0 4.16881e-05 -3.74956e-06 -4.78965e-06 0 -7.22338e-06 3.87643e-05 -5.70474e-06 -2.72434e-07 3.45901e-05 0 -3.99779e-05 -6.20981e-05 3.64499e-06 4.00585e-05 -3.38845e-06 1.37461e-05 8.70658e-05 -5.47698e-05 -1.69833e-05
internal_weight=18374 569 17805 1714 16091 5293 194 5099 525 171 4574 592 10798 10744 354 1492 171 3982 3564 498 435 418 316 493 276 10612 1042 222 134 1321
internal_count=18374 569 17805 1714 16091 5293 194 5099 525 171 4574 592 10798 10744 354 1492 171 3982 3564 498 435 418 316 493 276 10612 1042 222 134 1321
is_linear=0
shrinkage=0.05


Tree=75
num_leaves=31
num_cat=0
split_feature=88 100 3 61 61 85 116 33 4 30 91 108 135 138 121 131 0 53 30 119 54 16 75 6 131 61 15 128 49 134
split_gain=0.000898979 0.000358296 0.00255243 0.000339403 0.000426138 0.00106264 0.000438887 0.000445078 0.000728233 0.000347889 0.000772957 0.000304581 0.000273381 0.000588103 0.000695116 0.000263956 0.000571168 0.000236107 0.000363733 0.00025148 0.000213623 0.000393779 0.000328953 0.00018354 0.000245153 0.000380144 0.000374531 0.000156671 0.000155016 0.000145521
threshold=50.937500000000007 6.1499999999999782 0.30062420300000009 100.90000000000002 165.10000000000005 280.2043680000001 286.65519480000006 0.45780780594231113 0.021025441500000002 -3.3771428571428563 18.150000000000002 279.61787740000005 5.7800000000000011 2.7900000000000005 0.15000000000000005 89.619308398579207 0.018250000000000006 103.50000000000001 -0.23857142857142913 24.150000000000002 0.075000000000000025 1.0550000000000004 17.050000000000004 0.0053625000000000001 92.98559840874789 1717.3000000000002 0.00067395833333333338 10.509332404321162 974.6500000000002 8.6500000000000021
decision_type=2 2 2 2 2 2 2 2 2 2 2 2 2 2 10 2 2 2 2 8 2 2 2 2 2 2 2 2 2 2
left_child=1 3 23 15 5 29 7 12 9 10 -9 -12 13 -6 -15 16 -1 18 19 27 -11 -22 -23 -3 -25 26 -26 -8 -13 -5
right_child=-2 2 -4 4 6 -7 17 8 -10 20 11 28 -14 14 -16 -17 -18 -19 -20 -21 21 22 -24 24 25 -27 -28 -29 -30 -31
leaf_value=-9.8300470048550719e-06 0.00019454460424215842 0 0.00036270214515988537 -8.8179815728958896e-06 0.00018258513216942287 0.00020686452982473011 -7.9742668268966988e-05 -1.0668336406949613e-06 0.00020411159125106388 -3.526331986151465e-06 9.3064238987964274e-06 0 -5.2705486360267133e-06 -2.0497335557136031e-07 0.00015508788709740729 0 -0.00016248391554475868 -6.9230652259594916e-07 1.4417192832206318e-05 0 0 0.00021375271658625401 0 0 0 0 0.0001515849776549305 -8.9517247160159933e-06 0.00027744803021497529 3.1362528651202074e-05
leaf_weight=339 59 1154 53 265 56 84 563 136 58 1287 114 51 9443 868 73 513 111 1126 141 194 157 50 88 197 103 180 133 297 56 382
leaf_count=339 59 1154 53 265 56 84 563 136 58 1287 114 51 9443 868 73 513 111 1126 141 194 157 50 88 197 103 180 133 297 56 382
internal_value=1.15685e-06 2.48165e-07 2.15211e-05 -1.80242e-06 0 3.72264e-05 -1.85771e-06 1.49438e-06 2.33516e-05 1.52649e-05 6.06401e-05 0.00012097 -2.20949e-06 2.17492e-05 6.68618e-06 -3.05883e-05 -5.88479e-05 -2.1966e-05 -3.78134e-05 -4.95469e-05 1.83492e-06 4.20493e-05 0.000104152 8.26022e-06 3.0721e-05 5.34733e-05 9.50844e-05 -6.11411e-05 0.000192454 7.20103e-06
internal_weight=18331 18272 1820 16452 15489 731 14758 12437 1997 1939 357 221 10440 997 941 963 450 2321 1195 1054 1582 295 138 1767 613 416 236 860 107 647
internal_count=18331 18272 1820 16452 15489 731 14758 12437 1997 1939 357 221 10440 997 941 963 450 2321 1195 1054 1582 295 138 1767 613 416 236 860 107 647
is_linear=0
shrinkage=0.05


Tree=76
num_leaves=31
num_cat=0
split_feature=88 1 101 112 114 43 22 101 49 103 11 88 92 11 83 11 7 65 128 44 24 105 19 88 43 94 131 120 129 103
split_gain=0.000812546 0.00032604 0.00232061 0.00050336 0.000242933 0.00163206 0.00182635 0.00200563 0.000238571 0.000264208 0.000235158 0.000318954 0.000489386 0.00038516 0.00030782 0.000263377 0.000373809 0.000881166 0.00101105 0.000943242 0.000271216 0.000376474 0.000367494 0.000461464 0.000817189 0.000236955 0.00042881 0.000221682 0.000447245 0.000182832
threshold=50.937500000000007 0.36782849050000005 -4.5946510000000265 278.52778200000006 33.050000000000004 0.37850000000000006 5.5000000000000009 0.69463830000000837 979.25000000000011 3064.0500000000011 0.0043609413958333341 37.037500000000009 2.4500000000000006 0.0046774578125000008 26.650000000000002 0.0013911658263888892 0.043600000000000007 21.150000000000002 9.4838347729937542 1167.5000000000002 47.550000000000004 25.500000000000004 -0.0012271428571428563 34.51250000000001 0.34250000000000008 6.5000000000000009 50.928189353158515 271.82820365000003 8.5000000000000018 841.00000000000011
decision_type=2 2 2 2 2 2 2 2 2 2 2 2 2 2 2 2 2 2 2 2 2 2 2 2 2 2 2 8 2 2
left_child=1 4 -3 8 10 -6 -7 -8 -4 -10 15 12 -12 -14 -13 25 17 -17 19 -19 -18 22 -22 24 -24 27 -27 28 29 -1
right_child=-2 2 3 -5 5 6 7 -9 9 -11 11 14 13 -15 -16 16 20 18 -20 -21 21 -23 23 -25 -26 26 -28 -29 -30 -31
leaf_value=8.5859738588732769e-05 0.0001849794959513626 0.000340677891442299 0 8.7279663616515651e-05 0 0 0 0.00051205054574691327 -0.00019485527098261039 0 -3.2964073235655299e-06 0.00011839978320211708 -0.00021240586985502182 -3.5485889830930453e-05 0 -5.8782318106701435e-06 -2.5637309435441129e-05 0.00038483183137421814 0 1.4344349067320996e-05 6.1107078483893415e-06 -9.7810756757190122e-07 0.00022178027027014956 0 0 -5.0741909600659206e-05 -4.5815501620411486e-06 -3.8525882630844395e-06 0.00016655757542788968 0
leaf_weight=66 59 56 62 75 1707 117 51 53 50 51 628 60 71 266 108 184 641 55 119 72 1036 2757 107 243 133 754 2481 5521 55 693
leaf_count=66 59 56 62 75 1707 117 51 53 50 51 628 60 71 266 108 184 641 55 119 72 1036 2757 107 243 133 754 2481 5521 55 693
internal_value=1.11252e-06 2.35099e-07 5.25283e-05 0 -3.4484e-07 1.60752e-05 0.000143612 0.000295111 -6.43661e-05 -0.000111842 -2.62967e-06 -2.47252e-05 -3.81381e-05 -8.80709e-05 2.25031e-05 -6.14728e-07 7.88457e-06 5.33367e-05 0.000117715 0.000215607 2.88299e-06 8.33241e-06 2.85101e-05 6.61127e-05 0.000116469 -5.88624e-06 -1.68979e-05 0 2.40716e-05 6.962e-06
internal_weight=18331 18272 294 238 17978 1928 221 104 163 101 16050 1133 965 337 168 14917 5347 430 246 127 4917 4276 1519 483 240 9570 3235 6335 814 759
internal_count=18331 18272 294 238 17978 1928 221 104 163 101 16050 1133 965 337 168 14917 5347 430 246 127 4917 4276 1519 483 240 9570 3235 6335 814 759
is_linear=0
shrinkage=0.05


Tree=77
num_leaves=31
num_cat=0
split_feature=88 0 105 114 43 22 126 14 14 84 10 32 105 103 32 105 2 120 56 26 14 136 2 104 61 0 24 104 120 74
split_gain=0.000734241 0.00029331 0.0021407 0.000221617 0.00149655 0.00166559 0.00189553 0.000245762 0.000463263 0.000655366 0.00145693 0.00082528 0.00157325 0.00198742 0.00024714 0.000233574 0.000200846 0.000178352 0.000180818 0.0002582 0.00014057 0.00013656 0.000174285 0.000196882 0.000362439 0.000467945 0.000139472 0.000185727 0.000256382 0.000136875
threshold=50.937500000000007 0.23690000000000003 16.500000000000004 33.050000000000004 0.37850000000000006 5.5000000000000009 21.500000000000004 0.041051557500000009 0.020602420000000007 0.95000000000000029 9.6100000000000012 14.950000000000001 14.500000000000002 2301.4000000000005 11.450000000000001 32.500000000000007 0.0031384280000000004 266.30703810000006 -7.0973731499999806 9.5000000000000018 0.080465934500000016 2.1550000000000007 9.4850000000000015e-05 1.0000000180025095e-35 195.10000000000002 0.029700000000000001 32.400000000000013 1.0000000180025095e-35 277.71907670000002 24.364285714285721
decision_type=2 2 2 2 2 2 2 2 2 2 2 2 2 2 2 2 2 10 2 2 2 2 2 2 2 2 2 2 8 2
left_child=1 3 -3 7 -5 -6 -7 8 16 -10 11 12 -11 14 -14 17 21 -9 -19 20 -20 22 26 -24 25 -25 27 -1 29 -29
right_child=-2 2 -4 4 5 6 -8 15 9 10 -12 -13 13 -15 -16 -17 -18 18 19 -21 -22 -23 23 24 -26 -27 -28 28 -30 -31
leaf_value=-1.9455988242303389e-05 0.00017588466825933818 0.0003211322706981989 0 0 0 0.00048803824183150111 0 0 0 0 0 0 0.00017342171819698603 0 0.00055342965178401665 0 -2.9257976740321071e-05 0 -0.00013605515765765486 -5.9031255285238625e-06 0 -2.0557792819135873e-05 -1.8218938125787283e-05 0 9.3255668677145844e-06 0.00016651786260780157 -6.576156062641264e-06 0.0001038934418856267 0 0
leaf_weight=139 59 58 236 1707 117 54 50 182 1528 77 649 159 70 76 50 637 817 108 171 239 65 967 288 62 1631 94 7432 143 298 168
leaf_count=139 59 58 236 1707 117 54 50 182 1528 77 649 159 70 76 50 637 817 108 171 239 65 967 288 62 1631 94 7432 143 298 168
internal_value=1.08408e-06 2.36433e-07 4.98366e-05 -2.99319e-07 1.53717e-05 0.0001375 0.000282188 -2.49415e-06 -2.31757e-07 1.84904e-05 4.83629e-05 0.000119401 0.000173377 0.000248543 0.000376346 -2.25506e-05 -4.70557e-06 -4.11551e-05 -5.46358e-05 -6.7912e-05 -0.000109322 -2.47011e-06 -2.75166e-07 1.20985e-05 1.97884e-05 9.65757e-05 -4.02622e-06 1.46089e-05 3.05998e-05 6.23299e-05
internal_weight=18331 18272 294 17978 1928 221 104 16050 14648 2609 1081 432 273 196 120 1402 12039 765 583 475 236 11222 10255 2075 1787 156 8180 748 609 311
internal_count=18331 18272 294 17978 1928 221 104 16050 14648 2609 1081 432 273 196 120 1402 12039 765 583 475 236 11222 10255 2075 1787 156 8180 748 609 311
is_linear=0
shrinkage=0.05


Tree=78
num_leaves=31
num_cat=0
split_feature=83 81 89 61 3 93 35 0 88 133 85 138 11 131 29 138 86 131 15 84 74 131 58 14 160 111 119 2 82 128
split_gain=0.000681081 0.00209214 0.00037049 0.000449916 0.00218896 0.00104459 0.00142177 0.000289671 0.000254156 0.000587493 0.000758482 0.00145552 0.000253349 0.000392555 0.000230388 0.000339357 0.000218613 0.000243109 0.000204165 0.000299614 0.000804396 0.000751723 0.000209494 0.000190535 0.000172248 0.000257379 0.000195711 0.000324141 0.000440934 0.000697465
threshold=35.20000000000001 53.850000000000001 49.650000000000013 165.10000000000005 0.27696702250000005 271.30407925000003 279.45382835000004 0.052400000000000009 42.112500000000004 6.4300000000000006 272.59712980000006 3.8050000000000002 0.0038184861597222223 341.30056546473668 39.650000000000006 10.170000000000003 18.500000000000004 66.057692735826961 0.00023750000000000003 13.550000000000002 24.464285714285719 71.650750253308317 9.0500000000000025 0.0027372165000000004 0.32346938775510209 15.750000000000002 6.4500000000000011 8.5250000000000026e-05 20.186000000000003 9.8952285402787279
decision_type=2 2 2 2 2 2 2 2 2 2 2 2 2 2 2 2 2 2 2 2 2 2 2 2 2 2 10 2 2 2
left_child=2 -2 3 4 5 6 -1 -7 18 -10 -11 -12 13 -9 -13 -16 17 -4 -5 24 21 -21 -22 -23 26 -26 -20 -28 -29 -30
right_child=1 -3 16 8 -6 7 -8 12 9 10 11 14 -14 -15 15 -17 -18 -19 19 20 22 23 -24 -25 25 -27 27 28 29 -31
leaf_value=2.0546759870149065e-05 0 0.00036923185758425071 -8.8506897595912374e-05 -1.0042267596139532e-05 0.00026589228673124719 -2.0153337210651534e-05 0.0003258222685342154 0.00014543976440820741 -2.0522466714618441e-05 0 0.00031377167660049429 0 0 0 0.00012319352831597274 0 0 -1.131648482136182e-05 -4.1640231610925798e-06 0.00022729359106930742 -7.1432259559070604e-06 7.6397011150350277e-05 9.8051016502009313e-05 0 -4.1379301860887616e-05 1.8686718186010517e-05 0 0 0.00015021878461890186 4.6339144923485518e-06
leaf_weight=256 90 50 248 5635 91 1096 57 91 327 239 70 136 57 82 121 81 234 521 4785 89 654 83 50 89 601 121 1597 300 179 301
leaf_count=256 90 50 248 5635 91 1096 57 91 327 239 70 136 57 82 121 81 234 521 4785 89 654 83 50 89 601 121 1597 300 179 301
internal_value=1.04153e-06 0.00011053 0 1.91666e-06 2.61584e-05 9.64516e-06 9.29242e-05 -6.30004e-06 -4.74462e-07 2.37881e-05 5.38963e-05 9.61168e-05 3.78704e-05 7.44584e-05 3.54985e-05 7.0297e-05 -2.93196e-05 -4.27863e-05 -2.45275e-06 1.81583e-06 2.82924e-05 0.000103087 0 8.97267e-06 -7.93963e-07 -2.43853e-05 8.89314e-07 1.3162e-05 3.95608e-05 6.95194e-05
internal_weight=18331 140 18191 17188 1730 1639 313 1326 15458 974 647 408 230 173 338 202 1003 769 14484 8849 965 261 704 172 7884 722 7162 2377 780 480
internal_count=18331 140 18191 17188 1730 1639 313 1326 15458 974 647 408 230 173 338 202 1003 769 14484 8849 965 261 704 172 7884 722 7162 2377 780 480
is_linear=0
shrinkage=0.05


Tree=79
num_leaves=31
num_cat=0
split_feature=88 1 101 112 49 126 49 142 81 6 11 75 43 137 84 89 24 105 86 43 88 93 1 90 136 92 115 77 42 22
split_gain=0.000627448 0.000225718 0.00202232 0.000419908 0.000221929 0.000241301 0.000193448 0.000268363 0.00137008 0.00127359 0.000542221 0.000522489 0.000560107 0.00125245 0.000701648 0.000340274 0.000266021 0.000528274 0.000487674 0.000626272 0.000650023 0.000197977 0.000740123 0.000166293 0.000157348 0.000333904 0.000271183 0.000207399 0.000650348 0.000239639
threshold=50.937500000000007 0.36782849050000005 -4.5946510000000265 278.52778200000006 979.25000000000011 97.500000000000014 949.95000000000016 341.19703467597299 40.45000000000001 0.014288194444444445 0.0043609413958333341 18.650000000000002 0.38350000000000006 1.2100000000000002 15.050000000000002 37.150000000000013 51.350000000000001 25.500000000000004 7.5000000000000009 0.33350000000000007 33.212500000000013 262.71140720000005 0.00040640800000000008 23.146938775510211 0.39500000000000007 7.1500000000000021 23.550000000000004 277.22598335000004 0.40500000000000008 5.5000000000000009
decision_type=2 2 2 2 2 2 2 2 2 2 2 2 2 2 2 2 2 2 2 2 2 2 2 2 2 2 2 2 2 2
left_child=1 6 -3 4 -4 -6 -1 24 10 11 16 12 14 -14 -10 -12 21 18 19 20 -18 22 -9 -21 27 -26 -27 -8 -29 -30
right_child=-2 2 3 -5 5 -7 7 8 9 -11 15 -13 13 -15 -16 -17 17 -19 -20 23 -22 -23 -24 -25 25 26 -28 28 29 -31
leaf_value=-1.7227220874557498e-05 0.00016259345471432123 0.00031399275275346061 0 7.1376118403828804e-05 -0.00018894224815976845 0 -2.8785780916832325e-06 0.00017762904380425748 0 0.00032199602985605861 -1.5844255297971748e-05 -1.0974919861958086e-06 0 0.0003133098766816085 0.00016105228311160416 -0.0001361512291776878 0.00023419659608483957 0 0 0 0 -1.3801945529990216e-06 0 8.0990463476398518e-05 -3.561850334819646e-07 -3.8395200463493232e-05 9.5261795887285047e-06 0.00018385140928258475 6.4864085645742052e-05 -2.3881123419729396e-06
leaf_weight=1568 59 56 62 75 50 51 2405 73 291 53 538 210 90 72 73 101 118 567 163 171 50 5457 213 70 3362 1407 178 62 144 542
leaf_count=1568 59 56 62 75 50 51 2405 73 291 53 538 210 90 72 73 101 118 567 163 171 50 5457 213 70 3362 1407 178 62 144 542
internal_value=9.98121e-07 1.93835e-07 4.3722e-05 0 -6.35622e-05 -0.000109249 -2.42284e-07 1.07693e-06 7.63582e-06 7.03397e-05 3.84596e-07 4.50211e-05 7.28883e-05 0.000157332 2.12796e-05 -4.28554e-05 5.13154e-06 2.72464e-05 6.14965e-05 9.08788e-05 0.000170309 0 4.10891e-05 1.43723e-05 -5.03491e-06 -1.08232e-05 -2.98583e-05 2.46206e-06 2.629e-05 4.52481e-06
internal_weight=18331 18272 294 238 163 101 17978 16410 8310 789 7521 736 526 162 364 639 6882 1139 572 409 168 5743 286 241 8100 4947 1585 3153 748 686
internal_count=18331 18272 294 238 163 101 17978 16410 8310 789 7521 736 526 162 364 639 6882 1139 572 409 168 5743 286 241 8100 4947 1585 3153 748 686
is_linear=0
shrinkage=0.05


Tree=80
num_leaves=31
num_cat=0
split_feature=96 81 81 131 6 142 90 129 116 14 14 103 43 137 36 99 126 10 53 23 19 115 103 10 30 93 85 43 135 126
split_gain=0.000766508 0.000335455 0.000416396 0.00175656 0.00593359 0.00029466 0.000373169 0.000694706 0.000286685 0.000323973 0.00027705 0.000418002 0.000450393 0.000263608 0.00152314 0.00191955 0.000351182 0.00264321 0.000344391 0.000789974 0.000333895 0.000330627 0.000277525 0.000264418 0.000638634 0.000245282 0.000187185 0.000183704 0.000161098 0.000193078
threshold=51.187500000000007 51.250000000000007 45.250000000000007 53.449377895595291 0.0073166666666666684 135.82898045752839 26.594897959183676 2.5000000000000004 276.30128085000007 0.0072705565000000007 0.045132312000000001 1988.7000000000003 0.38650000000000007 1.0000000180025095e-35 274.06368460000004 -0.09999999999996588 17.500000000000004 31.420000000000005 204.50000000000003 22.157638888888894 0.0047885714285714259 9.3500000000000032 1148.2500000000002 16.980000000000004 -2.672857142857143 262.81230315000005 279.9046078500001 0.36050000000000004 8.2150000000000016 81.500000000000014
decision_type=2 2 2 2 2 2 2 2 2 2 2 2 2 2 2 2 2 2 2 2 2 2 2 2 2 2 2 2 2 2
left_child=1 2 10 4 -4 -5 -7 -8 -3 -10 13 12 -12 14 25 21 17 18 23 -20 26 -16 -22 -15 -25 -1 -18 -26 29 -27
right_child=-2 8 3 5 -6 6 7 -9 9 -11 11 -13 -14 16 15 -17 20 -19 19 -21 22 -23 -24 24 27 28 -28 -29 -30 -31
leaf_value=7.7281657081507783e-05 0.0001732691263493437 0 0 -7.409144691347599e-06 0.00059185164014142469 0 0 0.00020184210855464944 0 -0.00012637171971821066 -2.6930007704276048e-05 0 -0.00020382796613254564 -6.636447815576533e-06 0.00011198594803681772 0.00041482133946803247 2.6562888640805845e-07 0.00035708320019725847 0.00019650674709976703 0 -0.00012933002548041174 0 -1.613818078182195e-05 -8.0778042892428356e-06 0.00017524684611660549 -8.0743591496367751e-05 -3.9326919267785302e-05 0 0 0
leaf_weight=58 64 267 100 868 57 118 196 82 74 143 448 861 59 1586 79 52 10939 56 75 101 85 106 797 88 85 177 302 50 250 145
leaf_count=58 64 267 100 868 57 118 196 82 74 143 448 861 59 1586 79 52 10939 56 75 101 85 106 797 88 85 177 302 50 250 145
internal_value=1.52484e-06 6.41754e-07 2.02625e-06 2.79913e-05 0.000186282 4.24596e-06 4.23418e-05 7.67782e-05 -3.99228e-05 -8.26655e-05 0 -2.17461e-05 -5.7719e-05 1.73474e-06 2.84843e-05 0.000137472 0 1.92767e-05 7.05397e-06 7.36382e-05 -3.13516e-06 3.08222e-05 -3.28433e-05 0 5.13717e-05 -4.74499e-06 -3.56705e-07 0.000126663 -2.19087e-05 -4.58082e-05
internal_weight=18368 18304 17820 1421 157 1264 396 278 484 217 16399 1368 507 15031 867 237 14164 2041 1985 176 12123 185 882 1809 223 630 11241 135 572 322
internal_count=18368 18304 17820 1421 157 1264 396 278 484 217 16399 1368 507 15031 867 237 14164 2041 1985 176 12123 185 882 1809 223 630 11241 135 572 322
is_linear=0
shrinkage=0.05


Tree=81
num_leaves=31
num_cat=0
split_feature=88 59 116 9 116 33 135 137 136 75 0 126 136 83 28 73 128 92 3 121 30 141 100 128 96 13 96 104 116 137
split_gain=0.000767432 0.000264787 0.000330136 0.00136579 0.000530054 0.000806617 0.00131748 0.000351835 0.00103836 0.000410229 0.000353102 0.00277458 0.000289649 0.000364422 0.000286677 0.000239946 0.000234802 0.000362706 0.000259752 0.000229418 0.000199966 0.000181444 0.000176498 0.00016886 0.000274315 0.000292094 0.000211686 0.000224348 0.00049431 0.000141772
threshold=50.937500000000007 3.1531000000000007 293.63642840000006 1.780416666666667 286.65519480000006 0.8617918123090913 77.625000000000014 1.0000000180025095e-35 0.64500000000000013 16.950000000000003 0.23690000000000003 41.500000000000007 0.025000000000000005 13.350000000000003 7.0500000000000007 12.750000000000002 9.8282789691267798 6.0500000000000016 0.023224529500000004 0.95000000000000007 -0.83571428571428708 37.940000000000005 -3.6499999999999768 9.4793745449579916 33.237500000000004 0.00052911905555555569 40.537500000000009 0.8500000000000002 279.97026985000008 0.055000000000000007
decision_type=2 2 2 2 2 2 2 2 2 2 2 2 2 2 2 2 2 2 2 8 2 2 2 2 2 2 2 2 2 2
left_child=1 16 4 15 5 7 14 8 9 12 23 -12 13 -3 -7 -4 17 -1 -19 21 -17 -6 -14 24 29 -26 -25 -28 -29 -9
right_child=-2 2 3 -5 19 6 -8 10 -10 -11 11 -13 22 -15 -16 20 -18 18 -20 -21 -22 -23 -24 26 25 -27 27 28 -30 -31
leaf_value=0 0.00017062173612674683 0 0.00010701954762895047 0.00029204527106319842 -4.2298533258635458e-05 0.00012274137867329768 0.00030560889923045975 5.374149714288167e-05 0.00024489014693174265 0.00013608000889396834 0.00038734325111783205 -7.7147422054968904e-06 -8.7965221763165234e-05 0.00012488157351416986 0 -2.6167578195187843e-05 0 -1.1307810160034171e-05 -0.00012016585832468113 0 6.0963624939419487e-05 0 0 -5.5903748112740771e-07 0 -4.8596907078177958e-05 0 1.7123427429216304e-05 0.00016976142670230461 -2.7558774608975666e-06
leaf_weight=535 66 98 52 50 1123 72 55 118 57 58 51 167 92 86 431 322 1283 260 181 687 74 156 307 8100 361 766 508 766 73 1413
leaf_count=535 66 98 52 50 1123 72 55 118 57 58 51 167 92 86 431 322 1283 260 181 687 74 156 307 8100 361 766 508 766 73 1413
internal_value=1.41879e-06 5.26152e-07 3.04502e-06 4.34599e-05 1.42595e-06 5.24003e-06 6.44172e-05 2.31534e-06 3.6854e-05 1.02139e-05 0 6.32227e-05 0 4.9086e-05 2.75697e-05 3.99149e-06 -1.51434e-05 -3.36348e-05 -6.74695e-05 -2.23649e-05 0 -3.48816e-05 -2.63808e-05 -7.81133e-07 -1.21939e-05 -3.09592e-05 1.90169e-06 2.03976e-05 3.65429e-05 0
internal_weight=18368 18302 16043 498 15545 13579 558 13021 698 641 12323 218 583 184 503 448 2259 976 441 1966 396 1279 399 12105 2658 1127 9447 1347 839 1531
internal_count=18368 18302 16043 498 15545 13579 558 13021 698 641 12323 218 583 184 503 448 2259 976 441 1966 396 1279 399 12105 2658 1127 9447 1347 839 1531
is_linear=0
shrinkage=0.05


Tree=82
num_leaves=31
num_cat=0
split_feature=88 59 103 9 94 53 133 30 43 28 93 104 114 133 13 27 86 142 139 56 50 24 128 128 92 3 43 36 43 43
split_gain=0.000693063 0.000247242 0.000398309 0.00405929 0.00168463 0.000528924 0.00112891 0.0013688 0.000287073 0.000511197 0.000456364 0.000271409 0.000268736 0.000251129 0.000850674 0.000230051 0.000295067 0.000235395 0.000249467 0.00133024 0.000226478 0.000222922 0.000224404 0.000216894 0.000330046 0.000221764 0.000207624 0.000325439 0.000203749 0.000151581
threshold=50.937500000000007 3.1531000000000007 1067.0500000000004 1.8806944444444447 13.500000000000002 202.50000000000003 36.980000000000011 -2.4457142857142853 0.39150000000000007 29.000000000000004 267.42453710000007 0.65000000000000024 28.050000000000004 86.075000000000017 0.0017604038750000004 1278.7 4.5000000000000009 771.38925324162949 83.560079890267147 9.5287149500000243 1002.0500000000001 46.20000000000001 9.608896471458312 9.8282789691267798 6.0500000000000016 0.023224529500000004 0.35550000000000004 272.50904635000006 0.42550000000000004 0.25250000000000006
decision_type=2 2 2 2 2 2 2 2 2 2 2 2 2 2 2 2 2 2 2 2 2 2 2 2 2 2 2 2 2 2
left_child=1 23 3 5 -5 8 -7 -8 9 10 12 -11 -3 15 -15 16 -4 18 29 26 -18 22 -12 24 -1 -26 -20 -28 -10 -17
right_child=-2 2 13 4 -6 6 7 -9 28 11 21 -13 -14 14 -16 17 20 -19 19 -21 -22 -23 -24 -25 25 -27 27 -29 -30 -31
leaf_value=0 0.00016221797879661067 0.00011900648724388187 0 0 0.00039740704694089134 0 0 0.00033362254857044775 -8.8028361584476937e-05 0 -0.00010641116006541673 0.00010425442615228506 0 0 0.00021839606836070551 2.3946540565070886e-05 0 -3.0642477974870894e-05 -8.1309843415836632e-05 0.00024344841326805742 0.00014794369021922194 0 -1.500173043463943e-05 0 -1.0744586108080598e-05 -0.00011419057814646795 0 0.00013207993693975048 0 -4.8653209239139312e-06
leaf_weight=535 66 94 587 72 97 123 62 67 157 238 135 173 75 259 56 430 68 777 66 64 79 597 580 1283 260 181 260 50 266 10611
leaf_count=535 66 94 587 72 97 123 62 67 157 238 135 173 75 259 56 430 68 777 66 64 79 597 580 1283 260 181 260 50 266 10611
internal_value=1.3912e-06 5.29226e-07 2.97159e-06 2.03793e-05 0.000257428 2.73187e-06 7.23517e-05 0.000178599 -2.71569e-06 3.23378e-06 -7.57809e-06 5.42531e-05 6.29473e-05 -2.33103e-07 4.32843e-05 -1.67629e-06 2.46644e-05 -3.66329e-06 -1.39945e-06 3.45609e-05 8.94726e-05 -2.05116e-05 -3.93686e-05 -1.45972e-05 -3.23712e-05 -6.46765e-05 0 1.5643e-05 -4.10639e-05 -3.28834e-06
internal_weight=18368 18302 16043 2736 169 2567 252 129 2315 1892 1481 411 169 13307 315 12992 734 12258 11481 440 147 1312 715 2259 976 441 376 310 423 11041
internal_count=18368 18302 16043 2736 169 2567 252 129 2315 1892 1481 411 169 13307 315 12992 734 12258 11481 440 147 1312 715 2259 976 441 376 310 423 11041
is_linear=0
shrinkage=0.05


Tree=83
num_leaves=31
num_cat=0
split_feature=83 1 89 88 161 133 100 0 11 88 103 43 132 50 4 138 86 36 19 136 93 81 142 115 43 11 56 91 138 115
split_gain=0.000630954 0.00195343 0.000324005 0.000413117 0.00143621 0.000346967 0.000239056 0.00196425 0.000241271 0.000685611 0.000687743 0.00074006 0.000510071 0.000284018 0.000238846 0.00028332 0.000216633 0.00017411 0.000178284 0.000163973 0.000184784 0.000138165 0.000137127 0.00043851 0.000588655 0.000759507 0.000290782 0.00100771 0.000347207 0.000160113
threshold=35.20000000000001 0.014147579000000002 49.650000000000013 42.437500000000007 0.29591836734693883 6.4300000000000006 6.1499999999999782 0.17975000000000005 0.0043609413958333341 37.037500000000009 1866.8500000000001 0.32950000000000007 3.5000000000000004 1002.2500000000001 0.004669819500000001 4.5150000000000006 18.500000000000004 267.15449810000007 -0.00011285714285714282 0.95500000000000007 265.50895435000007 51.45000000000001 341.19703467597299 14.550000000000002 0.36850000000000005 0.00022020804166666667 1.5571669000000272 14.15 13.875000000000002 9.0500000000000025
decision_type=2 2 2 2 2 2 2 2 2 2 2 2 2 2 2 2 2 2 2 2 2 2 2 2 2 2 2 2 2 2
left_child=2 -2 3 6 -5 -6 8 -8 22 10 11 -10 -13 -11 15 -7 17 -4 -19 20 -17 -18 -1 26 -25 -26 -24 -28 29 -29
right_child=1 -3 16 4 5 14 7 -9 9 13 -12 12 -14 -15 -16 19 21 18 -20 -21 -22 -23 23 24 25 -27 27 28 -30 -31
leaf_value=-6.0144668919724006e-06 0 0.00032896894859307704 0 0.00026736576419807536 -2.2139889979274937e-05 0.00012811398931745544 5.4715993804128745e-06 0.00032561894531895903 -1.1613602761799192e-06 0 -8.1368311125265529e-06 -3.3009424315187738e-05 -0.00033628509384008097 0.00012537269172025844 0 0 6.1330709034060994e-05 -7.1985919008238957e-05 0 -1.3339424048604397e-06 8.5420441697524875e-05 -8.4513998418643427e-06 -5.5691463375408835e-06 4.3932759696890117e-06 0.00024017888919083418 1.505432235417368e-05 0.00019700252391675562 3.453129636387034e-05 0.00011548447170871837 -8.1820722506177292e-06
leaf_weight=5413 86 59 190 63 306 127 1687 50 164 73 780 80 56 84 156 54 88 415 168 137 125 148 5378 717 78 187 77 274 68 1080
leaf_count=5413 86 59 190 63 306 127 1687 50 164 73 780 80 56 84 156 54 88 415 168 137 125 148 5378 717 78 187 77 274 68 1080
internal_value=1.34744e-06 0.000105 2.42593e-07 2.12794e-06 3.38567e-05 1.18055e-05 0 1.7746e-05 -1.86198e-06 -2.29751e-05 -4.01374e-05 -0.000106424 -0.000195927 6.29452e-05 3.74879e-05 5.69558e-05 -2.69421e-05 -4.05823e-05 -5.41116e-05 1.22706e-05 5.04104e-05 0 0 4.3242e-06 3.55633e-05 0.000100768 0 1.93239e-05 6.05742e-06 0
internal_weight=18368 145 18223 17214 968 905 16246 1737 14509 1237 1080 300 136 157 599 443 1009 773 583 316 179 236 13272 7859 982 265 6877 1499 1422 1354
internal_count=18368 145 18223 17214 968 905 16246 1737 14509 1237 1080 300 136 157 599 443 1009 773 583 316 179 236 13272 7859 982 265 6877 1499 1422 1354
is_linear=0
shrinkage=0.05


Tree=84
num_leaves=31
num_cat=0
split_feature=96 81 81 91 36 43 84 14 103 43 61 28 115 8 137 36 99 115 96 92 137 134 141 19 61 104 43 93 19 33
split_gain=0.000598317 0.000302172 0.000323657 0.00146876 0.00315759 0.000424301 0.000258694 0.000238226 0.000367867 0.000341217 0.000211875 0.00136033 0.000767067 0.00185492 0.000305999 0.00113862 0.00168719 0.00024741 0.000207445 0.000522198 0.000223028 0.000258473 0.000206429 0.000201022 0.000178739 0.000352361 0.000585784 0.000178203 0.000162116 0.000232385
threshold=51.187500000000007 51.250000000000007 45.250000000000007 20.350000000000005 272.50904635000006 0.25250000000000006 9.4500000000000028 0.045132312000000001 1988.7000000000003 0.38650000000000007 165.10000000000005 33.750000000000007 16.350000000000005 0.046186129118941717 1.0000000180025095e-35 274.06368460000004 -0.09999999999996588 9.3500000000000032 47.562500000000007 8.1500000000000039 0.89500000000000013 10.425000000000002 26.135000000000002 0.0047885714285714259 118.90000000000002 0.35000000000000009 0.35950000000000004 262.81230315000005 -0.00011285714285714282 0.25761207991950036
decision_type=2 2 2 2 2 2 2 2 2 2 2 2 2 2 2 2 2 2 2 2 2 2 2 2 2 2 2 2 2 2
left_child=1 2 7 4 -4 -5 28 10 9 -9 11 24 13 -13 15 27 17 -17 20 -20 22 -22 -7 -16 -1 -26 -27 -12 29 -3
right_child=-2 6 3 5 -6 18 -8 8 -10 -11 14 12 -14 -15 23 16 -18 -19 19 -21 21 -23 -24 -25 25 26 -28 -29 -30 -31
leaf_value=-1.7458978672977085e-05 0.0001530163785176298 0 0.00049286798200317249 0.00013456021635377391 0 0 0 -2.5171634650346148e-05 0 -0.00018456366533003651 6.2625535242890907e-05 5.5693838190578059e-05 0 0.00041273651477112842 -1.6024348375443249e-07 9.3420260044695179e-05 0.00038058855343341803 0 0 0.00015302144620173331 -5.3263953326990545e-05 0 6.1225211167197807e-05 -2.5069469332160402e-05 0 0 0.00021765967840144855 -2.1888010670553685e-05 0 -0.00011617353497321364
leaf_weight=991 64 98 50 60 62 178 135 448 861 59 58 255 127 56 11642 79 52 106 123 73 426 290 159 910 185 66 52 452 79 172
leaf_count=991 64 98 50 60 62 178 135 448 861 59 58 255 127 56 11642 79 52 106 123 73 426 290 159 910 185 66 52 452 79 172
internal_value=1.28105e-06 4.69032e-07 1.79764e-06 2.46884e-05 0.000199443 5.77843e-06 -3.80415e-05 0 -2.01457e-05 -5.38895e-05 1.63041e-06 1.81259e-05 9.48457e-05 0.000137127 -1.43148e-07 3.04815e-05 0.000121935 2.06952e-05 0 4.65705e-05 -9.31007e-06 -2.80773e-05 1.57356e-05 -2.36629e-06 -4.03481e-06 2.33363e-05 9.37749e-05 -2.38818e-06 -6.20738e-05 -8.04484e-05
internal_weight=18368 18304 17820 1421 112 1309 484 16399 1368 507 15031 1732 438 311 13299 747 237 185 1249 196 1053 716 337 12552 1294 303 118 510 349 270
internal_count=18368 18304 17820 1421 112 1309 484 16399 1368 507 15031 1732 438 311 13299 747 237 185 1249 196 1053 716 337 12552 1294 303 118 510 349 270
is_linear=0
shrinkage=0.05


Tree=85
num_leaves=31
num_cat=0
split_feature=85 19 96 100 17 36 91 100 3 6 126 134 23 23 62 15 19 88 134 133 2 15 93 41 114 93 43 90 88 93
split_gain=0.000476875 0.00650762 0.000464823 0.000410226 0.000759401 0.000249798 0.000250296 0.000211413 0.00106214 0.000306059 0.000333295 0.000728903 0.000191675 0.000145543 0.000300153 0.000273921 0.000172186 0.000141113 0.000339752 0.000149992 0.00010548 0.000232099 0.000315316 0.000479542 0.000269127 0.000316908 0.000478443 0.00054586 0.000347951 0.00016049
threshold=280.2043680000001 -0.0020657142857142875 50.725000000000009 -2.0999999999999654 0.0025500000000000006 267.15449810000007 36.000000000000007 6.1499999999999782 0.30062420300000009 0.012334722222222224 27.500000000000004 8.7750000000000004 21.776388888888892 25.202777777777779 51.250000000000007 0.0006843750000000002 -0.0023628571428571427 37.037500000000009 8.7900000000000009 35.670000000000009 8.5250000000000026e-05 0.0001385416666666667 263.70833310000006 92.500000000000014 25.750000000000004 272.99265870000005 0.38350000000000006 27.405102040816328 33.63750000000001 262.71140720000005
decision_type=2 2 2 2 2 2 2 2 2 2 2 2 2 2 2 2 2 2 2 2 2 2 2 2 2 2 2 2 2 2
left_child=2 -2 7 12 -5 -4 -7 9 13 20 11 -11 -3 -9 15 -15 -17 19 -19 -12 29 -22 -23 24 -24 26 28 -28 -26 -1
right_child=1 3 5 4 -6 6 -8 8 -10 10 17 -13 -14 14 -16 16 -18 18 -20 -21 21 22 23 -25 25 -27 27 -29 -30 -31
leaf_value=3.0120570601627962e-05 0.00057390424730157361 -7.5525556894457218e-05 0 0.00015669675681837886 0 -0.00016138880014755503 0 0 0.00024254739891218309 -0.00020189840716509016 0 -5.2815530914419976e-06 0 0 0 0 0.00017201068665226326 0.00010783649975680038 0 -3.7767010866841436e-05 -1.0254259856389438e-05 -9.8112660510313675e-06 1.9920768481750197e-06 0.00017079384511844883 0.00010503459357183564 0 0.00024142010520563419 0 0 -3.4224002162559653e-06
leaf_weight=350 52 191 64 93 212 92 50 1109 51 82 651 258 110 149 328 56 77 78 264 512 949 615 1348 64 98 100 77 64 358 9726
leaf_count=350 52 191 64 93 212 92 50 1109 51 82 651 258 110 149 328 56 77 78 264 512 949 615 1348 64 98 100 77 64 358 9726
internal_value=5.32454e-07 4.24468e-05 -7.55013e-07 0 3.65846e-05 -7.52476e-05 -0.000112087 0 1.6499e-05 -1.72555e-06 -2.09252e-05 -6.78167e-05 -4.51635e-05 6.74845e-06 2.69019e-05 6.49156e-05 0.000118365 -6.97375e-06 1.42128e-05 -1.75064e-05 4.88587e-07 8.01182e-06 1.62117e-05 2.6171e-05 1.91198e-05 4.50313e-05 6.076e-05 0.000149682 2.20561e-05 -1.7582e-06
internal_weight=18228 658 17570 606 305 206 142 17364 1770 15594 1845 340 301 1719 610 282 133 1505 342 1163 13749 3673 2724 2109 2045 697 597 141 456 10076
internal_count=18228 658 17570 606 305 206 142 17364 1770 15594 1845 340 301 1719 610 282 133 1505 342 1163 13749 3673 2724 2109 2045 697 597 141 456 10076
is_linear=0
shrinkage=0.05


Tree=86
num_leaves=31
num_cat=0
split_feature=85 19 96 100 119 77 100 8 11 61 108 119 88 44 134 6 49 142 88 73 92 68 120 83 83 84 84 136 33 131
split_gain=0.000427231 0.0058889 0.000421612 0.000365239 0.000643179 0.000224303 0.000193203 0.000939817 0.00032938 0.00062787 0.000453242 0.00068124 0.000249891 0.000378428 0.000181838 0.000167793 0.000142484 0.000206005 0.00045795 0.000696379 0.00107363 0.00162874 0.000609599 0.000719355 0.000350107 0.000151243 0.000499542 0.000212636 0.000187649 0.000408589
threshold=280.2043680000001 -0.0020657142857142875 50.725000000000009 -2.2499999999999996 8.5500000000000025 274.95372855000005 6.1499999999999782 0.067462415455740277 0.0043609413958333341 309.85000000000008 274.71494705000003 16.750000000000004 37.037500000000009 447.50000000000006 8.6500000000000021 0.0019979166666666674 949.95000000000016 341.19703467597299 30.137500000000006 31.550000000000004 19.150000000000009 0.8500000000000002 268.86252095000003 18.150000000000002 19.150000000000002 10.050000000000002 9.6500000000000039 0.52500000000000013 0.9353944165158804 72.638399332236148
decision_type=2 2 2 2 10 2 2 2 2 2 2 8 2 2 2 2 2 2 2 2 2 2 10 2 2 2 2 2 2 2
left_child=2 -2 6 14 -5 -4 8 -8 16 10 -10 -12 -11 -14 -3 -7 -1 25 -19 20 21 22 -20 -24 -25 26 28 -27 -18 -30
right_child=1 3 5 4 -6 15 7 -9 9 12 11 -13 13 -15 -16 -17 17 18 19 -21 -22 -23 23 24 -26 27 -28 -29 29 -31
leaf_value=-1.4860207691649901e-05 0.00054575044918752649 -7.7238511101572748e-05 0 0.00014884121555196959 0 0 6.2949300563354304e-06 0.00022452532740620276 0 -2.2424962042288973e-05 -0.00024616767178549501 0 0.00012653050366578909 0 0 -0.00015237708169148724 1.950892920703787e-07 -9.88933433992596e-07 0 0 0 0.00037922135700514279 0 0.00030501775945467356 7.8978021153631637e-05 0 0.00015339195418793961 -4.4799789288590516e-05 -0.00010924723626427353 0
leaf_weight=1319 52 171 57 87 230 62 1717 53 56 947 85 56 71 218 118 87 5108 3724 230 1435 469 53 127 56 203 235 51 490 126 535
leaf_count=1319 52 171 57 87 230 62 1717 53 56 947 85 56 71 218 118 87 5108 3724 230 1435 469 53 127 56 203 235 51 490 126 535
internal_value=4.88834e-07 4.01713e-05 -7.14926e-07 0 3.27742e-05 -7.16611e-05 0 1.57759e-05 -1.64586e-06 -2.45495e-05 -0.000109528 -0.000157184 -6.88565e-06 2.66942e-05 -4.43932e-05 -0.000104044 3.20354e-07 2.2699e-06 8.95843e-06 2.52929e-05 5.45362e-05 9.51957e-05 6.20797e-05 0.000100411 0.000148067 -3.40175e-06 0 -2.50029e-05 -2.09569e-06 -2.73245e-05
internal_weight=18228 658 17570 606 317 206 17364 1770 15594 1433 197 141 1236 289 289 149 14161 12842 6297 2573 1138 669 616 386 259 6545 5820 725 5769 661
internal_count=18228 658 17570 606 317 206 17364 1770 15594 1433 197 141 1236 289 289 149 14161 12842 6297 2573 1138 669 616 386 259 6545 5820 725 5769 661
is_linear=0
shrinkage=0.05


Tree=87
num_leaves=31
num_cat=0
split_feature=81 61 96 59 61 14 9 34 139 89 140 110 10 38 110 128 103 0 85 85 129 136 11 19 131 81 8 14 96 10
split_gain=0.000418679 0.00312891 0.000333002 0.000226518 0.000533697 0.00138628 0.0006243 0.00125397 0.000225884 0.000563571 0.00134159 0.000989025 0.000465337 0.000709667 0.000547643 0.000177002 0.00025345 0.00017215 0.000136885 0.000275489 0.000362082 0.000701013 0.000178735 0.000136504 0.000159109 0.000268805 0.000137782 0.000111211 0.000165501 0.000365569
threshold=55.050000000000004 491.7000000000001 50.937500000000007 3.2016500000000003 165.10000000000005 0.00067710550000000017 1.8 0.48509810139388915 83.560079890267147 38.95000000000001 73.50500000000001 27.050000000000004 8.1050000000000022 0.35000000000000003 25.450000000000003 9.82427541990333 1164.9000000000003 0.005000000000000001 279.9046078500001 277.2569534000001 7.5000000000000009 0.91000000000000014 0.00022020804166666667 0.0061357142857142912 40.99097573943866 37.45000000000001 0.0091509848706239263 0.023887960000000003 39.462500000000013 4.1350000000000007
decision_type=2 2 2 2 2 2 2 2 2 2 2 2 2 2 2 2 2 2 2 2 2 2 2 2 2 2 2 2 2 2
left_child=2 -2 3 15 5 -5 -7 -8 18 12 11 -11 13 -10 -14 16 17 -1 19 23 27 -22 -20 24 25 -6 -27 28 -21 -30
right_child=1 -3 -4 4 8 6 7 -9 9 10 -12 -13 14 -15 -16 -17 -18 -19 22 20 21 -23 -24 -25 -26 26 -28 -29 29 -31
leaf_value=0 0.00041111494544833591 -5.734146090416489e-05 -9.4002085353225842e-05 0.0002804501066798523 0 0 0.00023308549658434467 0 1.5627797980015527e-06 0.00038234023427613246 0 0 0 0.00017046634703499306 -0.00014478529461775909 0 0 -9.4289194669639463e-05 -7.7823848105517621e-05 0 0.0002391981416300431 0 0 -2.7592915217615238e-05 0 0 -0.00013656379968176829 -2.0903754878782966e-05 0 9.6280614270654056e-05
leaf_weight=206 50 76 93 57 598 941 92 75 765 52 223 57 268 75 99 1318 583 219 137 379 55 51 273 566 10316 124 76 128 106 170
leaf_count=206 50 76 93 57 598 941 92 75 765 52 223 57 268 75 99 1318 583 219 137 379 55 51 273 566 10316 124 76 128 106 170
internal_value=4.68465e-07 9.09572e-05 0 3.23391e-07 2.75199e-06 3.5301e-05 1.79395e-05 0.000106839 0 1.82387e-05 7.59566e-05 0.000218989 0 2.27735e-05 -4.44523e-05 -1.38968e-05 -2.97312e-05 -5.98418e-05 -2.00974e-06 -6.71644e-07 2.55759e-05 0.000116473 -3.07635e-05 -3.09949e-06 -1.39991e-06 -2.29151e-05 -7.36932e-05 6.76021e-06 1.98119e-05 4.92265e-05
internal_weight=18228 126 18102 18009 15683 1165 1108 167 14518 1539 332 109 1207 840 367 2326 1008 425 12979 12569 889 106 410 11680 11114 798 200 783 655 276
internal_count=18228 126 18102 18009 15683 1165 1108 167 14518 1539 332 109 1207 840 367 2326 1008 425 12979 12569 889 106 410 11680 11114 798 200 783 655 276
is_linear=0
shrinkage=0.05


Tree=88
num_leaves=31
num_cat=0
split_feature=85 138 96 36 116 30 91 14 13 92 88 77 119 116 103 3 77 23 88 112 137 155 96 73 128 92 30 83 14 83
split_gain=0.000389492 0.00552535 0.000377459 0.000226617 0.000223173 0.000427394 0.000213892 0.000208976 0.000348354 0.000238569 0.000222081 0.000315034 0.000348962 0.000187242 0.000417599 0.00197144 0.000937553 0.000689392 0.000467604 0.00148517 0.000351782 0.000821726 0.00129389 0.000246981 0.00019783 0.000283958 0.00019412 0.000655213 0.000164105 0.000203371
threshold=280.2043680000001 3.6950000000000007 50.725000000000009 267.15449810000007 286.65519480000006 -1.8585714285714297 36.000000000000007 0.045132312000000001 0.0029774413125000006 5.6500000000000012 27.012500000000006 276.11440030000006 11.450000000000001 286.65519480000006 1483.3500000000001 0.18851152100000004 276.87794665000007 25.202777777777779 43.187500000000007 283.14159415000006 0.045000000000000005 0.43600000000000011 32.812500000000007 39.050000000000004 9.608896471458312 8.3500000000000032 -2.9328571428571419 22.450000000000003 0.063745889000000014 16.750000000000004
decision_type=2 2 2 2 2 2 2 2 2 2 2 2 8 2 2 2 2 2 2 2 2 2 2 2 2 2 2 2 2 2
left_child=2 -2 7 -4 5 -3 -5 8 13 -9 -10 12 -12 14 15 18 17 -17 -1 -20 21 -16 -23 -24 25 -15 -27 -28 29 -11
right_child=1 4 3 6 -6 -7 -8 9 10 28 11 -13 -14 24 20 16 -18 -19 19 -21 -22 22 23 -25 -26 26 27 -29 -30 -31
leaf_value=2.9935932701873366e-07 0.00038901778216519971 0.00011988016830507044 0 -0.0001486543856354015 -3.8876458284221944e-05 -1.3727567808590911e-05 0 0 0 -0.00013325533102877011 0 0 0.00020859422481382556 0 0 2.8072547732580667e-05 0 0.00043981872307246223 0.00025748997529652639 0 -5.9267002134622379e-06 0.00028360375062656617 0 0.00011150881646935537 0 0 -1.6163983837513205e-05 -0.00025454766281784817 0 -1.216659830628518e-05
leaf_weight=2961 96 76 64 92 398 88 50 982 89 109 71 53 71 401 982 51 56 50 76 246 8510 72 176 51 1567 54 188 55 261 232
leaf_count=2961 96 76 64 92 398 88 50 982 89 109 71 53 71 401 982 51 56 50 76 246 8510 72 176 51 1567 54 188 55 261 232
internal_value=3.75333e-07 3.82884e-05 -7.62056e-07 -6.78821e-05 -1.33263e-05 1.82365e-05 -0.000103112 0 1.77631e-06 -1.72685e-05 5.67432e-05 8.66862e-05 0.000125727 4.42678e-07 3.02487e-06 1.81537e-05 0.00019224 0.00028324 8.24995e-06 6.56536e-05 -1.78122e-06 2.18413e-05 9.4267e-05 1.13028e-05 -1.24294e-05 -3.47615e-05 -7.22259e-05 -9.1433e-05 -4.2106e-05 -6.57687e-05
internal_weight=18228 658 17570 206 562 164 142 17364 15780 1584 284 195 142 15496 13231 3440 157 101 3283 322 9791 1281 299 227 2265 698 297 243 602 341
internal_count=18228 658 17570 206 562 164 142 17364 15780 1584 284 195 142 15496 13231 3440 157 101 3283 322 9791 1281 299 227 2265 698 297 243 602 341
is_linear=0
shrinkage=0.05


Tree=89
num_leaves=31
num_cat=0
split_feature=85 19 53 112 115 25 89 119 0 92 133 155 86 1 92 4 27 9 85 126 89 122 80 83 89 137 89 95 122 91
split_gain=0.000345055 0.00504921 0.000363528 0.00045769 0.000272942 0.000210022 0.000182808 0.000209782 0.000683703 0.000258989 0.000489427 0.000697219 0.00184123 0.000291981 0.000201241 0.000190697 0.000169165 0.000153062 0.000326422 0.000362056 0.000132465 0.000211487 0.000280363 0.000503559 0.000127204 0.000126952 0.00012595 0.000311981 0.000775888 0.00103121
threshold=280.2043680000001 -0.0020657142857142875 205.50000000000003 293.46440685000005 28.250000000000004 11.500000000000002 55.250000000000007 12.550000000000002 0.23690000000000003 12.350000000000003 6.4300000000000006 0.074000000000000024 10.500000000000002 0.048821742500000008 11.350000000000003 0.0055734105000000006 1814.6000000000001 2.0786111111111119 276.3776464500001 38.500000000000007 47.95000000000001 15.500000000000002 19.062500000000004 18.350000000000005 47.750000000000007 1.6700000000000002 42.050000000000004 1.5000000000000002 10.500000000000002 19.450000000000003
decision_type=2 2 2 2 2 2 2 10 2 2 2 2 2 2 2 2 2 2 2 2 2 2 2 2 2 2 2 2 2 2
left_child=4 -2 3 5 6 -3 7 17 9 10 -9 13 -13 20 -8 16 -15 26 19 -19 21 -12 23 -23 -14 -11 27 -1 -29 -30
right_child=1 2 -4 -5 -6 -7 14 8 -10 25 11 12 24 15 -16 -17 -18 18 -20 -21 -22 22 -24 -25 -26 -27 -28 28 29 -31
leaf_value=0 0.00050429256926845317 -8.0348895562836235e-05 8.5913355085761835e-05 7.3861840058725642e-05 -6.2862215449422363e-05 0 -0.00011152396006445408 -1.4624242754736656e-05 0.00016179136782408355 -2.5180487047578442e-05 -3.3956671599089417e-06 0.0002995054410023748 5.0387072742523739e-05 0 0 0 9.8648144315845266e-05 0.00011040462558132556 -0.00011833641644760826 -1.7463926018894783e-05 -4.3432693981668871e-05 0 0 0.00019433155249399452 0 9.4473568675927493e-07 -1.5350899792615674e-05 0 0.00029041398374136495 0
leaf_weight=10897 52 234 91 69 174 212 76 666 76 687 565 87 135 69 70 214 186 51 85 1081 169 52 59 65 126 491 1269 103 62 55
leaf_count=10897 52 234 91 69 174 212 76 666 76 687 565 87 135 69 70 214 186 51 85 1081 169 52 59 65 126 491 1269 103 62 55
internal_value=3.3125e-07 3.60292e-05 0 -2.11013e-05 -7.2306e-07 -4.7111e-05 0 3.75089e-07 1.12593e-05 6.61142e-06 1.6907e-05 3.19616e-05 9.75062e-05 1.17392e-05 -5.56099e-05 4.42461e-05 7.38683e-05 -2.17607e-06 -1.91559e-05 -7.19764e-06 0 3.75734e-06 5.48582e-05 0.000102245 1.0203e-05 -1.00588e-05 -1.02641e-07 1.18944e-06 6.00031e-05 0.000152254
internal_weight=18228 658 606 515 17570 446 17396 17250 3647 3571 2393 1727 348 1379 146 469 255 13603 1217 1132 910 741 176 117 261 1178 12386 11117 220 117
internal_count=18228 658 606 515 17570 446 17396 17250 3647 3571 2393 1727 348 1379 146 469 255 13603 1217 1132 910 741 176 117 261 1178 12386 11117 220 117
is_linear=0
shrinkage=0.05


Tree=90
num_leaves=31
num_cat=0
split_feature=83 61 89 88 67 138 136 85 84 116 85 160 75 120 86 36 7 118 14 104 114 93 138 88 26 104 93 135 66 21
split_gain=0.000342576 0.00118937 0.000242986 0.000225825 0.00107622 0.000280533 0.000493645 0.00058407 0.000612509 0.000194755 0.000553552 0.000364279 0.000197687 0.000753302 0.000159028 0.000214146 0.000157856 0.00145868 0.000227459 0.000182758 0.000128072 0.000647941 0.000122833 0.000202184 0.000118641 0.000115666 0.000114501 0.000111321 0.00011926 0.00010929
threshold=35.20000000000001 502.80000000000007 49.650000000000013 42.437500000000007 8.1500000000000004 3.0350000000000006 0.32000000000000006 272.59712980000006 0.8500000000000002 286.82309070000002 284.24686205000006 0.2642857142857144 7.3500000000000005 272.00977585000004 18.500000000000004 266.82142960000004 0.25215000000000004 19.750000000000004 0.045132312000000001 0.8500000000000002 32.750000000000007 270.05214070000005 4.3950000000000005 27.812500000000007 9.5000000000000018 2.5500000000000012 273.10815380000003 65.695000000000007 6.9750000000000005 0.54861111111111127
decision_type=2 2 2 2 2 2 2 2 2 2 2 2 2 8 2 2 2 10 2 2 2 2 2 2 2 2 2 2 2 2
left_child=2 -2 3 9 -5 -6 7 -7 -9 10 16 12 13 -11 15 -4 18 -18 20 24 -1 -22 23 -14 29 27 -17 28 -13 -20
right_child=1 -3 14 4 5 6 -8 8 -10 11 -12 25 22 -15 -16 26 17 -19 19 -21 21 -23 -24 -25 -26 -27 -28 -29 -30 -31
leaf_value=8.2860588463912496e-07 0.00022894561568460783 -1.0156341650935757e-05 0 0.00024967391575885883 -3.476514516677166e-05 0 0 0 0.00022620709247348714 0.00021014459994708325 0.00015441439549696649 0 0 0 0 -5.6893182230763051e-05 -4.9760485957118682e-06 0.0002423808503358421 -0.00014693989222541858 -4.9223625809223078e-06 0 0.00017938314517514008 0 -9.9647035923024107e-05 0 0 0 0 -5.2792541841243984e-05 0
leaf_weight=11925 72 68 162 51 214 88 487 53 91 51 59 81 248 368 240 555 208 68 69 856 395 61 735 89 76 52 68 59 788 61
leaf_count=11925 72 68 162 51 214 88 487 53 91 51 59 81 248 368 240 555 208 68 69 856 395 61 735 89 76 52 68 59 788 61
internal_value=4.4396e-07 7.8101e-05 0 1.25106e-06 2.4506e-05 6.59036e-06 2.58749e-05 8.58224e-05 0.000148006 0 2.15882e-06 -1.30761e-05 0 3.13621e-05 -2.37862e-05 -3.52754e-05 1.12839e-06 3.85714e-05 0 -2.18055e-05 2.25945e-06 2.86533e-05 -8.69463e-06 -3.38897e-05 -6.74435e-05 -3.68672e-05 -4.9248e-05 -4.17916e-05 -4.67426e-05 -9.72197e-05
internal_weight=18398 140 18258 17233 984 933 719 232 144 16249 13778 2471 1491 419 1025 785 13719 276 13443 1062 12381 456 1072 337 206 980 623 928 869 130
internal_count=18398 140 18258 17233 984 933 719 232 144 16249 13778 2471 1491 419 1025 785 13719 276 13443 1062 12381 456 1072 337 206 980 623 928 869 130
is_linear=0
shrinkage=0.05


Tree=91
num_leaves=31
num_cat=0
split_feature=83 103 89 88 107 138 136 49 116 85 92 86 56 3 133 68 142 92 134 86 90 0 142 94 137 93 88 7 49 96
split_gain=0.00029503 0.00159325 0.000213074 0.00020198 0.00100264 0.000249105 0.000394979 0.00055493 0.000171993 0.000500319 0.000324848 0.000144813 0.000197168 0.000146432 0.000142403 0.000593895 0.000191457 0.00039881 0.000574676 0.00023258 0.000153627 0.00110014 0.000413422 0.000408065 0.000222391 0.00023627 0.000226625 0.000337177 0.000257501 0.000351796
threshold=35.20000000000001 1082.7500000000002 49.650000000000013 42.437500000000007 7.7500000000000009 3.0350000000000006 0.32000000000000006 981.25000000000011 286.82309070000002 284.24686205000006 12.950000000000005 18.500000000000004 -5.7551713999999654 0.00026305050000000003 86.075000000000017 0.8500000000000002 771.38925324162949 7.450000000000002 6.8250000000000011 4.5000000000000009 21.382653061224492 0.23690000000000003 744.01656795981751 12.500000000000002 0.025000000000000005 267.42453710000007 31.762500000000006 0.0013500000000000003 975.05000000000007 38.112500000000004
decision_type=2 2 2 2 2 2 2 2 2 2 2 2 2 2 2 2 2 2 2 2 2 2 2 2 2 2 2 2 2 2
left_child=2 -2 3 8 -5 -6 7 -7 9 14 -10 12 -4 -14 16 -16 20 19 -19 -18 -1 22 24 -24 -22 -26 -27 -28 -29 -30
right_child=1 -3 11 4 5 6 -8 -9 10 -11 -12 -13 13 -15 15 -17 17 18 -20 -21 21 -23 23 -25 25 26 27 28 29 -31
leaf_value=-1.2754875247370035e-06 0.00030134451601008134 -4.9704998220679215e-06 0 0.00023820185220310524 -3.3034972659109812e-05 0 0 0.00018231672650688869 0 0.00014682235327685098 -3.4746929524788672e-05 0 0 -6.0649840644823305e-05 0 0.00019075843508066921 -4.4386075190342024e-06 -0.00011733479803157166 0 9.9953543825936388e-05 -4.3071472107087739e-05 0.00020342259578720939 0.00018230937851610807 0 -1.9583015316406954e-06 0 0 0 0.00014961000905787611 0
leaf_weight=8419 51 89 214 52 214 147 488 83 1491 59 980 240 102 469 309 50 607 207 217 56 251 73 64 99 2296 627 71 128 160 85
leaf_count=8419 51 89 214 52 214 147 488 83 1491 59 980 240 102 469 309 50 607 207 217 56 251 73 64 99 2296 627 71 128 160 85
internal_value=4.4023e-07 7.25005e-05 0 1.20129e-06 2.31924e-05 5.59466e-06 2.40923e-05 7.79828e-05 0 2.04623e-06 -1.2272e-05 -2.22474e-05 -3.32668e-05 -4.88105e-05 1.04852e-06 3.21062e-05 0 -1.98782e-05 -5.7944e-05 0 1.99242e-06 1.04266e-05 5.32556e-06 8.33821e-05 4.05251e-07 5.1427e-06 2.50176e-05 5.27344e-05 7.45835e-05 0.000105233
internal_weight=18398 140 18258 17233 984 932 718 230 16249 13778 2471 1025 785 571 13719 359 13360 1087 424 663 12273 3854 3781 163 3618 3367 1071 444 373 245
internal_count=18398 140 18258 17233 984 932 718 230 16249 13778 2471 1025 785 571 13719 359 13360 1087 424 663 12273 3854 3781 163 3618 3367 1071 444 373 245
is_linear=0
shrinkage=0.05


Tree=92
num_leaves=31
num_cat=0
split_feature=74 103 9 137 88 13 53 136 141 121 128 43 28 117 137 91 93 133 7 11 120 11 111 104 113 23 140 50 91 75
split_gain=0.000194743 0.00040803 0.00312818 0.0012142 0.00101243 0.000400143 0.000287866 0.000359243 0.000182994 0.000244479 0.000388444 0.000174896 0.000185101 0.000222162 0.000352426 0.000196679 0.000179952 0.000480297 0.000165459 0.000341508 0.000570398 0.0010588 0.0012872 0.000854956 0.000837057 0.000197574 0.000230509 0.000394908 0.000294681 0.000310299
threshold=10.050000000000002 1015.35 1.8806944444444447 0.56500000000000006 46.712500000000006 0.0042535998611111124 161.50000000000003 0.24500000000000002 37.765000000000008 0.25000000000000006 9.2709178796006242 0.39150000000000007 25.250000000000004 1.0000000180025095e-35 0.58000000000000007 18.350000000000005 274.10020835000006 43.770000000000003 0.061650000000000003 0.0015354947013888891 267.07739310000005 0.0022662409583333334 14.950000000000001 0.55000000000000016 0.45000000000000007 19.472222222222225 32.655000000000008 1021.1500000000002 16.150000000000002 13.850000000000003
decision_type=2 2 2 2 2 2 2 2 2 10 2 2 2 2 2 2 2 2 2 2 8 2 2 2 2 2 2 2 2 2
left_child=5 2 4 -4 6 -1 11 -8 9 18 -11 12 13 -2 -15 -14 17 -17 19 25 21 22 -21 -22 -25 26 -3 28 -28 -30
right_child=1 8 3 -5 -6 -7 7 -9 -10 10 -12 -13 15 14 -16 16 -18 -19 -20 20 23 -23 -24 24 -26 -27 27 -29 29 -31
leaf_value=-6.6628267910613771e-06 -2.3972872109904252e-05 0 2.7376282591968913e-05 0.00045210872040735048 0.00022449592581376865 -0.00013640871780861585 0.00017075913740418916 1.2130125573986573e-06 -1.5734004532874624e-05 0.00013934188733164281 0 -3.8142982033990139e-05 0 0.00012922199205692573 0 0 0 0.00019872087996653079 -8.1417937234670217e-06 0.00040157818647333209 -0.00010188394566163578 0 0 1.0648174012116933e-05 0.00020932326620368261 -4.1798075750922735e-06 0 0 0.00024460453860758046 3.4562420802845089e-05
leaf_weight=2394 901 430 65 57 51 67 52 266 1733 82 299 349 141 61 123 164 113 62 3869 50 134 104 51 897 63 5245 162 203 54 156
leaf_count=2394 901 430 65 57 51 67 52 266 1733 82 299 349 141 61 123 164 113 62 3869 50 134 104 51 897 63 5245 162 203 54 156
internal_value=4.56253e-07 2.73735e-06 2.17528e-05 0.00026853 6.26452e-06 -1.228e-05 0 4.50599e-05 -2.74103e-07 1.57401e-06 4.09454e-05 -6.13041e-06 0 -1.03885e-05 2.88735e-05 2.6803e-05 4.96235e-05 7.53005e-05 0 4.56171e-06 2.78855e-05 0.000107023 0.000221548 8.40586e-06 2.90934e-05 0 1.99971e-05 4.12175e-05 7.25969e-05 0.000113173
internal_weight=18398 15937 2405 122 2283 2461 2232 318 13532 11799 381 1914 1565 1085 184 480 339 226 11418 7549 1299 205 101 1094 960 6250 1005 575 372 210
internal_count=18398 15937 2405 122 2283 2461 2232 318 13532 11799 381 1914 1565 1085 184 480 339 226 11418 7549 1299 205 101 1094 960 6250 1005 575 372 210
is_linear=0
shrinkage=0.05


Tree=93
num_leaves=31
num_cat=0
split_feature=83 62 89 15 81 43 36 107 100 115 33 21 126 49 92 119 3 90 96 35 9 93 111 138 21 77 92 50 30 101
split_gain=0.000241827 0.00100857 0.00019238 0.000160627 0.000452482 0.002476 0.000251682 0.000590391 0.000681747 0.00186368 0.000380171 0.000298012 0.000347951 0.000349518 0.000190511 0.000286737 0.00043089 0.000200997 0.000304448 0.000187707 0.000187697 0.000177055 0.000290082 0.00015088 0.000297679 0.000146625 0.000140695 0.00013576 0.000133729 0.000113857
threshold=35.20000000000001 17.450000000000003 49.650000000000013 0.00021875000000000006 46.45000000000001 0.38550000000000006 274.75559440000006 12.250000000000002 -1.6999999999999884 9.9500000000000011 -0.13399758946517965 0.57638888888888895 44.500000000000007 958.85000000000002 12.450000000000005 12.65 0.19904585200000005 26.209183673469386 40.787500000000009 279.35898435000007 0.82368055555555564 271.58977270000008 7.8500000000000005 7.0700000000000012 0.65972222222222232 290.24120425000007 6.8500000000000023 1001.2500000000001 -1.9928571428571404 -4.4339912000000075
decision_type=2 2 2 2 2 2 2 2 2 2 2 2 2 2 2 10 2 2 2 2 2 2 2 2 2 2 2 2 2 2
left_child=2 -2 3 19 6 -6 14 8 10 -10 -8 12 -12 -14 15 17 21 18 -5 -1 -16 22 -17 24 25 26 -21 -15 -4 -30
right_child=1 -3 28 4 5 -7 7 -9 9 -11 11 -13 13 27 20 16 -18 -19 -20 23 -22 -23 -24 -25 -26 -27 -28 -29 29 -31
leaf_value=0 0.00019949547339470324 -2.021797373316758e-05 0 -8.009991235091598e-07 0 0.00038071785849891831 -2.0429865520497653e-05 0 0.00037223982296058305 0 0 0 0 0 -3.1754250851972042e-05 0.00013487223867095831 0.00013922363862701369 7.1858449100545844e-05 -9.4549636369565339e-05 0 1.2538639894046347e-06 -1.8807493966914674e-06 2.7497140098921365e-07 0 0 0 -6.332334786030045e-05 0.00019887682870071375 0 -4.9224270206259441e-05
leaf_weight=4772 77 63 497 5883 325 51 178 1293 58 58 75 125 112 51 911 68 88 87 90 195 319 436 322 541 357 128 608 102 86 442
leaf_count=4772 77 63 497 5883 325 51 178 1293 58 58 75 125 112 51 911 68 88 87 90 195 319 436 322 541 357 128 608 102 86 442
internal_value=4.91843e-07 6.57213e-05 0 1.24032e-06 5.26768e-06 5.97787e-05 2.77612e-06 1.85401e-05 5.35781e-05 0.000173353 2.39706e-05 5.17039e-05 7.64073e-05 0.000103703 -5.59193e-07 2.00293e-06 2.8376e-05 -1.15386e-06 -3.06614e-06 -4.48888e-06 -1.91378e-05 1.03665e-05 3.68159e-05 -1.81418e-05 -2.75661e-05 -4.30053e-05 -5.09885e-05 0.000155723 -2.10457e-05 -3.8614e-05
internal_weight=18398 140 18258 17233 10632 376 10256 2052 759 116 643 465 340 265 8204 6974 914 6060 5973 6601 1230 826 390 1829 1288 931 803 153 1025 528
internal_count=18398 140 18258 17233 10632 376 10256 2052 759 116 643 465 340 265 8204 6974 914 6060 5973 6601 1230 826 390 1829 1288 931 803 153 1025 528
is_linear=0
shrinkage=0.05


Tree=94
num_leaves=31
num_cat=0
split_feature=81 65 96 74 61 12 85 13 136 28 69 129 108 94 97 94 21 122 77 49 30 137 28 101 28 28 160 104 36 134
split_gain=0.000216154 0.0016331 0.000241108 0.000173548 0.000454803 0.0014107 0.00060351 0.000364626 0.000235389 0.000228387 0.000302092 0.000589206 0.00149493 0.00287834 0.000927757 0.000429041 0.000403691 0.000563264 0.000266906 0.000543484 0.000773091 0.000276809 0.000210667 0.000198241 0.000176475 0.000171159 0.000157057 0.000153872 0.000144034 0.000101008
threshold=55.050000000000004 21.950000000000003 50.850000000000009 10.050000000000002 145.25000000000003 0.09273153100000002 279.10855770000006 0.0042535998611111124 0.89500000000000013 31.850000000000005 274.28444880000006 6.5000000000000009 278.57647350000008 9.5000000000000018 5.8000000000000034 11.500000000000002 0.39583333333333343 7.5000000000000009 281.20978160000004 976.85000000000002 -3.1971428571428535 0.45500000000000007 33.750000000000007 -2.5468821499999872 21.200000000000006 41.150000000000013 0.16632653061224495 1.6500000000000006 266.66544940000006 8.2100000000000026
decision_type=2 2 2 2 2 2 2 2 2 2 2 2 2 2 2 2 2 2 2 2 2 2 2 2 2 2 2 2 2 2
left_child=2 -2 3 7 5 6 22 -1 9 10 -6 18 13 23 15 16 17 -14 26 -20 -21 -22 -5 -13 -17 28 -12 -10 -24 -11
right_child=1 -3 -4 4 8 -7 -8 -9 27 29 11 12 14 -15 -16 24 -18 -19 19 20 21 -23 25 -25 -26 -27 -28 -29 -30 -31
leaf_value=-5.9417493746513209e-06 0.00029895321216078153 -3.178763286673463e-05 -6.392926673962479e-05 -5.3243421713135764e-06 0 0.00029184855795838819 0.00017960994687150976 -0.00012990806233079531 -2.2614280860179353e-05 -1.6402185375088536e-05 9.7109145954692886e-06 0.00010143113176894202 0 0.00048965072106112899 0.0001951494187052583 0 0 0.00017727317799237581 0 0.0002556006829042217 9.2452997088623528e-05 0 0 0 -0.00010247950872052039 0 -2.0241190161084807e-05 -1.2421535346880738e-06 0.00010439933679632656 0
leaf_weight=2372 50 68 145 763 3040 52 54 67 1429 1189 790 50 52 56 62 74 185 82 473 58 106 215 52 80 125 70 793 3509 118 2219
leaf_count=2372 50 68 145 763 3040 52 54 67 1429 1189 790 50 52 56 62 74 185 82 473 58 106 215 52 80 125 70 793 3509 118 2219
internal_value=5.00869e-07 6.76745e-05 0 5.78733e-07 2.76673e-06 3.36528e-05 1.59609e-05 -1.14482e-05 7.36784e-08 4.95059e-06 1.0887e-05 2.16083e-05 6.08759e-05 0.000186431 1.17543e-05 -8.96277e-07 2.44279e-05 9.4288e-05 7.18312e-06 3.03496e-05 7.51211e-05 2.62906e-05 2.00008e-06 1.49042e-05 -6.64104e-05 4.5958e-05 -2.14026e-06 -8.44268e-06 7.40208e-05 -4.45396e-06
internal_weight=18398 118 18280 18135 15696 1109 1057 2439 14587 9649 6241 3201 766 186 580 518 319 134 2435 852 379 321 1003 130 199 240 1583 4938 170 3408
internal_count=18398 118 18280 18135 15696 1109 1057 2439 14587 9649 6241 3201 766 186 580 518 319 134 2435 852 379 321 1003 130 199 240 1583 4938 170 3408
is_linear=0
shrinkage=0.05


Tree=95
num_leaves=31
num_cat=0
split_feature=85 19 119 6 96 67 24 24 119 7 120 92 139 142 17 24 43 136 19 66 105 131 103 96 103 2 136 140 56 44
split_gain=0.000302341 0.00459914 0.000543704 0.00156949 0.000357096 0.000304237 0.000176654 0.000151002 0.000148764 0.000381829 0.00066363 0.000252629 0.000373254 0.000586604 0.000259793 0.000248986 0.000204065 0.000179297 0.000298903 0.000234417 0.000241603 0.000216007 0.000144396 0.000290495 0.0002233 0.000561663 0.000147382 0.000175393 0.000388187 0.000423752
threshold=280.2043680000001 -0.0020657142857142875 8.5500000000000025 0.0014243055555555556 49.962500000000006 5.9500000000000011 43.900000000000006 46.550000000000004 12.550000000000002 0.25215000000000004 269.8587472000001 13.950000000000005 6.7210737825732361 69.039221184484276 0.010100000000000003 61.650000000000013 0.39650000000000007 0.26500000000000007 -0.0026585714285714272 10.675000000000002 22.500000000000004 163.70781748407845 874.15000000000009 40.537500000000009 1045.4000000000003 0.0015615795000000004 0.14500000000000005 73.145000000000024 1.0000000180025095e-35 1212.5000000000002
decision_type=2 2 10 2 2 2 2 2 10 2 10 2 2 2 2 2 2 2 2 2 2 2 2 2 2 2 2 2 2 2
left_child=4 -2 3 -3 8 -6 -4 -7 22 11 -11 12 -10 -14 -15 16 17 -16 -19 -20 21 -21 23 -1 25 -24 -26 -28 -29 -30
right_child=1 2 6 -5 5 7 -8 -9 9 10 -12 -13 13 14 15 -17 -18 18 19 20 -22 -23 24 -25 26 -27 27 28 29 -31
leaf_value=-3.5750149837182445e-06 0.00049006337594119929 0.00030382335015500129 -5.2758847149089307e-05 0 0 -0.00018589389319829396 0 -2.8229325503980259e-05 -1.275780061198363e-05 0 0.00023589693743726421 -1.4903039377446111e-05 0.00018042428076806751 -6.4065436224304635e-06 0 0 0 0 0 0.00016259527896937264 0 2.8851063020811929e-05 0 -0.00010658734538374119 -1.4180631019361339e-05 0.00016384205655694913 -1.2516340569321325e-06 0 0.00015285003209941181 0
leaf_weight=683 50 52 298 78 55 53 191 215 721 59 50 951 66 479 198 311 151 244 118 194 58 169 467 99 2124 70 9701 393 104 54
leaf_count=683 50 52 298 78 55 53 191 215 721 59 50 951 66 479 198 311 151 244 118 194 58 169 467 99 2124 70 9701 393 104 54
internal_value=3.23639e-07 3.34667e-05 0 8.5989e-05 -6.43654e-07 -5.27071e-05 -2.82348e-05 -7.85718e-05 3.59458e-08 9.09626e-06 0.000103526 4.89075e-06 1.36874e-05 2.57938e-05 1.77927e-05 2.92871e-05 4.05286e-05 4.91392e-05 5.99685e-05 8.12711e-05 9.91998e-05 0.000114315 -2.09296e-06 -2.31214e-05 -4.30624e-07 3.05398e-05 -2.18078e-06 0 2.76915e-05 9.36254e-05
internal_weight=18456 669 619 130 17787 323 489 268 17464 3769 109 3660 2709 1988 1922 1443 1132 981 783 539 421 363 13695 782 12913 537 12376 10252 551 158
internal_count=18456 669 619 130 17787 323 489 268 17464 3769 109 3660 2709 1988 1922 1443 1132 981 783 539 421 363 13695 782 12913 537 12376 10252 551 158
is_linear=0
shrinkage=0.05


Tree=96
num_leaves=31
num_cat=0
split_feature=85 19 119 141 89 54 119 93 121 103 135 138 8 35 117 101 100 61 11 126 30 2 36 75 88 113 32 84 31 9
split_gain=0.000270259 0.00416259 0.000475943 0.000336243 0.000265419 0.000242844 0.000153304 0.000143449 0.000130117 0.000329553 0.00026301 0.00054911 0.000203073 0.00023284 0.00018647 0.000124048 0.000110432 0.000280572 0.000182835 0.000234314 0.000128897 0.000369417 0.000312524 0.000164042 0.000111664 0.000230245 0.000356719 0.000176794 0.000164294 0.000159738
threshold=280.2043680000001 -0.0020657142857142875 6.4500000000000011 38.640000000000008 53.95000000000001 0.055000000000000007 13.050000000000002 270.05214070000005 1.0000000180025095e-35 874.15000000000009 3.7650000000000001 9.6000000000000032 0.060776306473832455 277.95159745000007 3.2500000000000004 -0.89697060000000295 7.3000000000000123 218.45000000000002 0.0043609413958333341 13.500000000000002 -3.3771428571428563 8.5250000000000026e-05 271.09454510000006 16.250000000000004 32.862500000000004 0.95000000000000007 12.350000000000003 6.2500000000000018 34.250000000000007 0.12513888888888891
decision_type=2 2 10 2 2 2 10 2 10 2 2 2 2 2 2 2 2 2 2 2 2 2 2 2 2 2 2 2 2 2
left_child=4 -2 -3 6 8 -6 -4 -7 14 -10 11 -11 -12 -14 16 -16 18 -18 20 -20 21 -1 -23 -24 25 -22 29 -26 -29 -27
right_child=1 2 3 -5 5 7 -8 -9 9 10 12 -13 13 -15 15 -17 17 -19 19 -21 24 22 23 -25 27 26 -28 28 -30 -31
leaf_value=0 0.00046604065648531183 0.00013999961864381196 -5.9096029848496875e-05 6.1666686942515582e-05 0 -0.00010771685369152383 0 0 -1.7398996707982385e-05 0 6.6695408054145158e-06 0.00022086900799688422 0.0001628838724033866 0 0 0.00011703704917756181 0.00011696904009312009 0 -0.00011474376471103169 -1.1648390527290544e-05 -1.8439240638273123e-06 3.9218974520301982e-07 0.00019943322933550949 0 0 0 0 -3.1432333878289043e-05 0 0.00018637475037591668
leaf_weight=1430 50 51 321 70 82 140 177 61 654 81 1976 52 50 50 52 52 64 341 78 1182 7578 240 57 58 1548 54 90 1302 463 52
leaf_count=1430 50 51 321 70 82 140 177 61 654 81 1976 52 50 50 52 52 64 341 78 1182 7578 240 57 58 1548 54 90 1302 463 52
internal_value=2.84493e-07 3.16324e-05 0 -1.73187e-05 -6.15181e-07 -4.85813e-05 -3.85424e-05 -7.95218e-05 0 9.90276e-06 2.02524e-05 9.51327e-05 1.30044e-05 8.73702e-05 -1.74206e-06 6.29327e-05 -2.55298e-06 2.1512e-05 -3.5979e-06 -2.20815e-05 -1.39861e-06 1.0367e-05 5.59768e-05 0.000127873 -3.74457e-06 0 5.28307e-05 -1.14521e-05 -2.22797e-05 0.000116074
internal_weight=18456 669 619 568 17787 283 498 201 17504 2863 2209 133 2076 100 14641 104 14537 405 14132 1260 12872 1785 355 115 11087 7774 196 3313 1765 106
internal_count=18456 669 619 568 17787 283 498 201 17504 2863 2209 133 2076 100 14641 104 14537 405 14132 1260 12872 1785 355 115 11087 7774 196 3313 1765 106
is_linear=0
shrinkage=0.05


Tree=97
num_leaves=31
num_cat=0
split_feature=88 92 137 85 30 77 49 4 89 119 3 92 110 50 131 19 86 107 131 49 14 61 81 15 92 94 128 13 92 110
split_gain=0.000254157 0.000150516 0.000179049 0.000175246 0.000131505 0.00062151 0.00193591 0.000226749 0.000197707 0.000278639 0.000451047 0.00035506 0.000424174 0.000826057 0.000959885 0.000300537 0.000181744 0.000187739 0.000179147 0.00017045 0.000148086 0.00032551 0.000174388 0.000179455 0.000247192 0.000172106 0.000197149 0.00014661 0.00014208 0.000135652
threshold=50.937500000000007 24.250000000000007 1.5750000000000004 285.48221155000005 -3.3771428571428563 281.20978160000004 982.45000000000016 0.00029107750000000005 49.650000000000013 12.850000000000003 0.042173485500000003 12.350000000000003 23.150000000000002 1018.0500000000001 244.85444730736751 -0.0041099999999999982 18.500000000000004 3.0500000000000003 341.30056546473668 995.05000000000007 0.0008401420000000001 165.10000000000005 36.550000000000004 0.001113541666666667 6.6500000000000021 6.5000000000000009 10.410229845306782 0.0011489591319444445 1.2500000000000004 17.350000000000005
decision_type=2 2 2 2 2 2 2 2 2 10 2 2 2 2 2 2 2 2 2 2 2 2 2 2 2 2 2 2 2 2
left_child=1 3 -3 4 5 7 -7 -1 9 20 -11 12 13 14 -12 -15 17 -10 -17 28 21 -6 -22 24 -24 -26 -27 -9 -19 -29
right_child=-2 2 -4 -5 8 6 -8 27 16 10 11 -13 -14 15 -16 18 -18 19 -20 -21 22 -23 23 -25 25 26 -28 29 -30 -31
leaf_value=-1.292312321202517e-05 9.4099092786766261e-05 -3.8714690717369262e-05 0 8.8241293895658485e-05 0.00012095682361098663 0 0.00033159811869855273 1.5113806359903751e-06 0 0 0.00035082155064830866 0 0 0 0 0.00010115928162661977 3.9417431270816016e-07 0 0 0 -1.0171177626841447e-06 1.2235824337983219e-06 0 0 0 -6.7884197540153535e-05 -3.6024155267195911e-06 0 -6.2746050177165224e-05 8.7669264685538505e-05
leaf_weight=1165 71 538 289 57 68 235 60 775 61 1477 62 295 347 129 61 154 206 63 92 108 8092 1009 566 578 141 581 377 98 562 139
leaf_count=1165 71 538 289 57 68 235 60 775 61 1477 62 295 347 129 61 154 206 63 92 108 8092 1009 566 578 141 581 377 98 562 139
internal_value=3.40714e-07 0 -2.08586e-05 9.55881e-07 3.80889e-07 1.12656e-05 7.94327e-05 0 -1.0774e-06 1.02338e-07 1.51407e-05 3.89135e-05 5.56014e-05 8.5828e-05 0.000207793 3.20793e-05 -2.26066e-05 -3.48563e-05 6.78853e-05 -4.42196e-05 -2.90918e-06 1.35268e-05 -5.10685e-06 -1.7626e-05 -2.62251e-05 -4.00429e-05 -4.78314e-05 1.91668e-05 -5.45292e-05 5.56435e-05
internal_weight=18456 18385 827 17558 17501 2472 295 2177 15029 14029 2617 1140 845 498 123 375 1000 794 246 733 11412 1077 10335 2243 1665 1099 958 1012 625 237
internal_count=18456 18385 827 17558 17501 2472 295 2177 15029 14029 2617 1140 845 498 123 375 1000 794 246 733 11412 1077 10335 2243 1665 1099 958 1012 625 237
is_linear=0
shrinkage=0.05


Tree=98
num_leaves=31
num_cat=0
split_feature=85 104 119 126 18 96 124 24 119 28 61 30 118 33 92 103 96 103 136 23 91 77 131 41 141 136 103 129 93 103
split_gain=0.000242013 0.00391534 0.000469458 0.000448686 0.000297051 0.000289146 0.000281609 0.00020878 0.000120683 0.000369715 0.000641179 0.000373525 0.00028423 0.00061052 0.0017818 0.000130337 0.000254784 0.000199008 0.000477158 0.000126705 0.000309003 0.00018291 0.000117693 0.000123485 0.000197911 0.000113468 0.00021799 0.000186893 0.000214066 0.000412875
threshold=280.2043680000001 0.55000000000000016 6.4500000000000011 16.500000000000004 0.00012500000000000003 49.962500000000006 0.78656609248549303 46.850000000000001 12.550000000000002 33.750000000000007 165.10000000000005 -1.3785714285714288 25.750000000000004 0.8617918123090913 11.650000000000004 874.15000000000009 40.537500000000009 1045.4000000000003 0.22500000000000003 17.759722222222226 18.950000000000003 278.01316505000005 45.854750180135262 44.500000000000007 25.575000000000006 0.21500000000000002 1920.5500000000004 6.5000000000000009 263.56448705000008 2152.3500000000008
decision_type=2 2 10 2 2 2 2 2 10 2 2 2 10 2 2 2 2 2 2 2 2 2 2 2 2 2 2 2 2 2
left_child=5 2 -2 4 -4 8 7 -7 15 12 11 -11 13 -10 -15 16 -1 18 -17 20 -19 -22 23 -14 -25 26 -21 -27 29 -29
right_child=1 -3 3 -5 -6 6 -8 -9 9 10 -12 -13 22 14 -16 17 -18 19 -20 25 21 -23 -24 24 -26 27 -28 28 -30 -31
leaf_value=-2.8388856417068629e-06 0.00011218247390826474 0.00033151114140000189 0.00012204922868022551 -6.252421746368302e-05 0 -0.00014036587872139693 0 -2.3616245135475927e-06 0 0.00013410645415687201 1.9536417139767192e-07 0 0 0.00034666480836161983 0 0.00013180982199025352 -9.987338230707792e-05 0 0 -3.8248240021288486e-05 0 0.00014470157432631403 -5.3816186809311029e-06 -0.00015134415603703624 0 -4.1512423518979347e-06 -2.3216832440101753e-06 0.00017157587865536785 4.5306981027024518e-06 0
leaf_weight=683 53 93 55 405 63 98 64 161 728 206 779 150 52 52 99 94 99 692 443 654 53 68 1569 59 75 6987 2282 63 1466 111
leaf_count=683 53 93 55 405 63 98 64 161 728 206 779 150 52 52 99 94 99 692 443 654 53 68 1569 59 75 6987 2282 63 1466 111
internal_value=4.17493e-07 3.00533e-05 -1.04442e-05 -3.26034e-05 2.77367e-05 -4.17701e-07 -4.73197e-05 -7.41493e-05 1.66134e-07 8.33346e-06 3.23121e-05 8.83872e-05 -1.09852e-07 2.10128e-05 0.00011224 -1.71697e-06 -2.16209e-05 -1.22849e-07 2.91649e-05 -1.79989e-06 1.62512e-05 8.99675e-05 -1.35426e-05 -5.52493e-05 -8.07156e-05 -3.50274e-06 -1.20371e-05 -1.76962e-08 1.45376e-05 6.97695e-05
internal_weight=18456 669 576 523 118 17787 323 259 17464 3769 1135 356 2634 879 151 13695 782 12913 537 12376 813 121 1755 186 134 11563 2936 8627 1640 174
internal_count=18456 669 576 523 118 17787 323 259 17464 3769 1135 356 2634 879 151 13695 782 12913 537 12376 813 121 1755 186 134 11563 2936 8627 1640 174
is_linear=0
shrinkage=0.05


Tree=99
num_leaves=31
num_cat=0
split_feature=83 103 116 13 116 85 121 33 4 128 14 77 131 120 6 120 0 55 139 111 120 3 21 46 92 47 21 119 112 142
split_gain=0.000238279 0.0013811 0.000165252 0.00161909 0.000313249 0.000306768 0.000275742 0.000196964 0.000452834 0.000176614 0.00013504 0.000127461 0.000265806 0.000231031 0.000414467 0.000272221 0.000443598 0.000197002 0.000884645 0.00105005 0.000305532 0.000477719 0.000156766 0.000164446 0.000120073 0.000103501 0.000399922 0.000135345 0.000101716 0.000201333
threshold=35.20000000000001 1082.7500000000002 293.63642840000006 0.0029774413125000006 287.7362971500001 284.9700089000001 0.95000000000000007 0.89176751184670155 0.0085976625000000022 9.5017903776270458 0.0072705565000000007 274.95372855000005 49.734544032813524 267.07739310000005 0.0022361111111111115 284.17202235000008 0.033800000000000004 0.971874000000014 87.760506709764101 9.6500000000000004 285.21722435000004 0.18851152100000004 0.46527777777777785 12.500000000000002 10.850000000000003 4.5000000000000009 0.63194444444444453 13.950000000000001 285.14005055000001 135.82898045752839
decision_type=2 2 2 2 2 2 8 2 2 2 2 2 2 10 2 10 2 2 2 2 10 2 2 2 2 2 2 8 2 2
left_child=2 -2 4 25 5 7 9 11 -9 10 -6 17 13 22 -15 16 -16 -1 20 -20 -19 -22 23 -13 -24 27 -27 -4 -14 -30
right_child=1 -3 3 -5 6 -7 -8 8 -10 -11 -12 12 28 14 15 -17 -18 18 19 -21 21 -23 24 -25 -26 26 -28 -29 29 -31
leaf_value=-1.039863467107604e-06 0.00028185678321831662 -2.5003167815876941e-07 -8.2449505529516044e-05 0.00029218768314771858 0 0.00011906953306805174 0 5.624405282579148e-06 0.00014762698218313345 -1.4901368221789396e-05 -8.9924336170221151e-05 0 -1.126501144388849e-05 -2.2695703848491264e-07 -0.00019307538676360459 0 0 -4.5757326080209473e-07 0.00027548449384630656 0 0 0.000189011511512425 0 9.0778773810598067e-05 -4.5741423907819418e-05 0 0.00012354721884324523 0 -1.3969561120160279e-05 1.8233676078023744e-05
leaf_weight=8247 50 95 70 51 95 54 667 760 72 889 254 70 1473 343 116 62 61 1643 69 57 216 55 50 76 223 472 72 132 599 1363
leaf_count=8247 50 95 70 51 95 54 667 760 72 889 254 70 1473 343 116 62 61 1643 69 57 216 55 50 76 223 472 72 132 599 1363
internal_value=4.14785e-07 6.40458e-05 0 2.21552e-05 -1.10618e-06 9.26179e-07 -2.03738e-05 1.86991e-07 2.4078e-05 -3.45678e-05 -7.01922e-05 -8.25055e-07 -8.13667e-06 -3.09249e-05 -5.13262e-05 -0.000103521 -0.000135177 1.84237e-06 1.59388e-05 0.000145464 4.7296e-06 5.44465e-05 0 3.89859e-05 -2.47976e-05 0 1.44921e-05 -2.66607e-05 -3.36523e-08 5.85278e-06
internal_weight=18456 145 18311 797 17514 15609 1905 15555 832 1238 349 14723 4436 1001 582 239 177 10287 2040 126 1914 271 419 146 273 746 544 202 3435 1962
internal_count=18456 145 18311 797 17514 15609 1905 15555 832 1238 349 14723 4436 1001 582 239 177 10287 2040 126 1914 271 419 146 273 746 544 202 3435 1962
is_linear=0
shrinkage=0.05


Tree=100
num_leaves=31
num_cat=0
split_feature=85 104 119 96 118 77 15 50 84 83 110 11 10 129 29 126 81 10 134 75 128 24 22 129 66 138 11 24 103 1
split_gain=0.000463607 0.00315567 0.000707721 0.00026279 0.000233777 0.000149653 0.000128577 0.000125702 0.000238798 0.000966545 0.000314587 0.00072267 0.00271261 0.000706592 0.000197316 0.000276604 0.000182977 0.000132 0.000153446 0.000129154 0.000127466 0.000121606 0.000119612 0.000105464 9.25813e-05 0.000127869 8.79086e-05 8.24577e-05 0.000182292 0.000627961
threshold=280.2043680000001 0.55000000000000016 7.2500000000000009 50.187500000000007 25.750000000000004 275.06597760000005 0.00034270833333333337 999.05000000000007 7.1500000000000021 33.550000000000004 29.450000000000003 0.0016758371041666667 10.500000000000002 7.5000000000000009 27.400000000000002 46.500000000000007 51.250000000000007 1.6250000000000002 8.2100000000000026 13.050000000000002 9.9205658837688748 52.95000000000001 6.5000000000000009 8.5000000000000018 37.625000000000007 6.4250000000000007 0.00098168818750000021 47.20000000000001 1082.7500000000002 0.14441036650000003
decision_type=2 2 10 2 10 2 2 2 2 2 2 2 2 2 2 2 2 2 2 2 2 2 2 2 2 2 2 2 2 2
left_child=3 2 -2 7 -4 -5 -7 17 16 10 11 14 13 -13 15 -10 27 21 23 -17 24 -1 -16 26 25 -12 -19 -9 29 -29
right_child=1 -3 4 5 -6 6 -8 8 9 -11 20 12 -14 -15 22 19 -18 18 -20 -21 -22 -23 -24 -25 -26 -27 -28 28 -30 -31
leaf_value=0 0.00014398885606780126 0.00031357513043610161 -5.2747412818046594e-05 0 0 -0.00014936320156624282 0 -4.966488119826337e-06 0 0.0001916293167034636 -6.1434131535480812e-05 2.3890288254544837e-05 0 0.00041416715164982286 0 0.00014667957602825717 -6.0669700862259597e-05 0 -4.7699047328198555e-06 0 0 7.7861436763544364e-05 -3.6239575888165141e-05 0 0 0 -7.9970025970767063e-05 2.7625726333774892e-07 0 9.3798930665836319e-05
leaf_weight=410 72 91 301 68 209 60 119 5225 221 78 257 52 258 64 183 61 125 101 1056 88 479 50 359 70 71 119 225 1206 6315 238
leaf_count=410 72 91 301 68 209 60 119 5225 221 78 257 52 258 64 183 61 125 101 1056 88 479 50 359 70 71 119 225 1206 6315 238
internal_value=5.94487e-07 4.14346e-05 0 -6.88433e-07 -2.23742e-05 -5.17943e-05 -7.59908e-05 0 1.54523e-06 1.65489e-05 8.032e-06 2.5323e-05 8.3777e-05 0.00028365 0 2.93473e-05 -6.95424e-07 -1.20438e-05 -2.03601e-05 8.20991e-05 -1.05889e-05 3.3482e-06 -1.78886e-05 -4.92228e-05 -3.07134e-05 -4.16521e-05 -6.12196e-05 0 3.15493e-06 1.92051e-05
internal_weight=18231 673 582 17558 510 247 179 17311 15399 2290 2212 1286 374 116 912 370 13109 1912 1452 149 926 460 542 396 447 376 326 12984 7759 1444
internal_count=18231 673 582 17558 510 247 179 17311 15399 2290 2212 1286 374 116 912 370 13109 1912 1452 149 926 460 542 396 447 376 326 12984 7759 1444
is_linear=0
shrinkage=0.05


Tree=101
num_leaves=31
num_cat=0
split_feature=103 83 9 142 59 134 22 119 50 138 104 23 103 128 108 30 23 83 120 138 103 67 100 134 129 120 128 63 132 24
split_gain=0.000216334 0.00128716 0.000790264 0.00079628 0.00119224 0.00160896 0.000350468 0.000744082 0.000864283 0.00023735 0.000198887 0.000162136 0.000136541 0.000355857 0.000126919 0.000663726 0.000122975 0.000283005 0.000177913 0.000136353 0.000329789 0.000938815 0.000199028 0.000208011 0.00020341 0.000189522 0.000821973 0.000188492 0.000113831 0.000139539
threshold=1090.6000000000001 34.850000000000001 1.7653472222222224 146.89475344191658 3.9782500000000005 12.775000000000002 51.000000000000007 8.5500000000000025 1013.4500000000002 4.3650000000000011 2.4500000000000011 25.995138888888892 1156.0500000000004 9.2083290871281154 286.65612105000008 -1.3057142857142858 17.759722222222226 19.150000000000002 271.18584555000001 2.6200000000000006 2424.4500000000003 12.450000000000001 -5.3000000000000105 6.9450000000000012 8.5000000000000018 267.07739310000005 9.0380664556519861 19.488300000000006 1.5000000000000002 46.850000000000001
decision_type=2 2 2 2 2 2 2 10 2 2 2 2 2 2 2 2 2 2 10 2 2 2 2 2 2 8 2 2 2 2
left_child=1 2 6 -4 -5 -6 9 8 -8 11 -9 -1 13 -2 28 -16 17 -14 -19 20 21 -18 23 24 27 26 -24 -21 -11 -30
right_child=12 -3 3 4 5 -7 7 10 -10 14 -12 -13 16 -15 15 -17 19 18 -20 22 -22 -23 25 -25 -26 -27 -28 -29 29 -31
leaf_value=-4.8734750656669288e-05 -0.00011258701224073551 0.00024560735622120993 0 0 0.00034396218550295518 0 0 -4.0949465949437808e-06 0.00029162186546388761 -3.2165860557838457e-05 9.2602009418330636e-05 0 0 0 0.00019348317498882423 0 0.00022917684467443699 0.00015853562744398784 0 -9.3337656388148591e-05 0 0 0.00018374671445026128 -6.3493345079698665e-06 0 -2.5673019767995605e-06 0 0 -1.277732821443293e-05 1.6287241171519772e-05
leaf_weight=512 100 58 111 68 93 73 74 502 54 303 56 141 681 463 51 82 64 55 56 239 339 169 72 1493 77 9966 584 57 844 794
leaf_count=512 100 58 111 68 93 73 74 502 54 303 56 141 681 463 51 82 64 55 56 239 339 169 72 1493 77 9966 584 57 844 794
internal_value=5.75578e-07 1.13642e-05 6.35441e-06 7.84135e-05 0.000132378 0.000206173 0 3.09121e-05 0.000139675 -8.97414e-06 0 -3.52595e-05 -1.93418e-06 -2.6317e-05 0 4.63072e-05 -5.80407e-07 1.79387e-05 9.2712e-05 -2.08757e-06 2.05688e-05 6.75232e-05 -3.52724e-06 -1.86776e-05 -5.45057e-05 -3.93549e-07 2.49736e-05 -7.38465e-05 -3.92735e-06 0
internal_weight=18231 3816 3758 345 234 166 3413 686 128 2727 558 653 14415 563 2074 133 13852 792 111 13060 572 233 12488 1866 373 10622 656 296 1941 1638
internal_count=18231 3816 3758 345 234 166 3413 686 128 2727 558 653 14415 563 2074 133 13852 792 111 13060 572 233 12488 1866 373 10622 656 296 1941 1638
is_linear=0
shrinkage=0.05


Tree=102
num_leaves=31
num_cat=0
split_feature=85 138 115 85 96 14 104 83 26 77 132 85 91 14 92 100 7 93 21 49 94 139 93 96 0 88 88 43 73 137
split_gain=0.000410248 0.00301935 0.00525382 0.000300771 0.000245655 0.000171831 0.000189062 0.000232406 0.000222261 0.000144878 0.000133132 0.000121238 0.000311739 0.000124241 0.000663763 0.000811206 0.00104557 0.00102806 0.000293018 0.000288164 0.00012892 0.000120528 0.000140377 0.000246696 0.000392489 0.00163096 0.000218116 0.000366262 0.000598608 0.000842943
threshold=280.2043680000001 3.6950000000000007 12.15 284.9700089000001 50.187500000000007 0.045132312000000001 4.5500000000000016 17.050000000000004 5.5000000000000009 275.06597760000005 3.5000000000000004 279.68915700000008 36.250000000000007 0.020602420000000007 9.3500000000000032 -5.3000000000000105 0.050900000000000008 267.18516870000008 0.4513888888888889 966.75000000000011 35.500000000000007 12.406612032078771 267.31462020000009 36.537500000000016 0.11130000000000001 34.26250000000001 33.112500000000004 0.35450000000000004 31.550000000000004 1.1100000000000001
decision_type=2 2 2 2 2 2 2 2 2 2 2 2 2 2 2 2 2 2 2 2 2 2 2 2 2 2 2 2 2 2
left_child=4 2 -2 10 5 11 7 8 -7 -6 -3 12 13 20 -15 -16 17 -17 19 -18 21 -1 -23 -24 26 -26 -25 -28 29 -29
right_child=1 3 -4 -5 9 6 -8 -9 -10 -11 -12 -13 -14 14 15 16 18 -19 -20 -21 -22 22 23 24 25 -27 27 28 -30 -31
leaf_value=-1.0340035869115376e-05 0 -3.9766563576282672e-05 0.0006523973481757019 7.3120640628760683e-05 0 -0.00019490017123574105 0 -4.1831752519193189e-06 -9.8278774518587466e-06 -7.3921820060756253e-05 0 -4.8541759354086502e-05 0.00011828963449708248 -6.5996027756855217e-07 -4.4980291694364195e-06 0.00041223615345028098 0 0 0 0.00012214644440256315 7.081126780957997e-05 -3.5638767985222498e-06 0 -1.5650918756447099e-06 0.00032266043020562005 0 0 0 0 0.00028974891808766486
leaf_weight=2800 52 357 50 96 68 51 942 445 138 179 118 110 58 2231 247 50 52 52 209 133 61 5392 3257 515 55 69 231 99 53 61
leaf_count=2800 52 357 50 96 68 51 942 445 138 179 118 110 58 2231 247 50 52 52 209 133 61 5392 3257 515 55 69 231 99 53 61
internal_value=5.4702e-07 3.89744e-05 0.000288488 0 -6.43287e-07 0 -1.56691e-05 -3.67978e-05 -8.68468e-05 -5.00566e-05 -2.2139e-05 1.64137e-06 2.31773e-06 1.55689e-06 1.08102e-05 5.19265e-05 9.00379e-05 0.000243293 3.71889e-05 8.29185e-05 -2.32061e-07 -9.82437e-07 1.19691e-06 8.26297e-06 2.90236e-05 0.000118414 1.21457e-05 3.92527e-05 8.65026e-05 0.000138712
internal_weight=18231 673 102 571 17558 17311 1576 634 189 247 475 15735 15625 15567 2974 743 496 102 394 185 12593 12532 9732 4340 1083 124 959 444 213 160
internal_count=18231 673 102 571 17558 17311 1576 634 189 247 475 15735 15625 15567 2974 743 496 102 394 185 12593 12532 9732 4340 1083 124 959 444 213 160
is_linear=0
shrinkage=0.05


Tree=103
num_leaves=31
num_cat=0
split_feature=85 53 138 96 138 81 96 14 103 86 43 77 77 116 120 126 138 103 132 81 103 4 83 50 19 74 129 90 155 14
split_gain=0.000372072 0.00276403 0.0035541 0.000320531 0.00116806 0.00025966 0.000219863 0.000161995 0.000209299 0.000235895 0.000333478 0.000428239 0.000132513 0.000124673 0.000115033 0.000878532 0.000402399 0.000593437 0.000933173 0.000184997 0.000159129 0.000142666 0.000239915 0.000163314 0.000132788 0.000114893 0.000177172 0.000186261 0.000166015 0.000615426
threshold=280.2043680000001 198.50000000000003 5.3500000000000005 38.63750000000001 5.5950000000000006 32.95000000000001 50.187500000000007 0.045132312000000001 2013.1500000000003 6.5000000000000009 0.35250000000000004 271.51363855000005 275.06597760000005 285.47973590000009 267.07739310000005 26.500000000000004 3.9200000000000004 1655.0000000000002 3.5000000000000004 50.350000000000001 1470.4500000000003 5.4650000000000007e-05 19.950000000000003 999.05000000000007 -1.9999999999999988e-05 28.850000000000005 6.5000000000000009 24.650000000000006 0.39400000000000007 0.018475221000000003
decision_type=2 2 2 2 2 2 2 2 2 2 2 2 2 2 8 2 2 2 2 2 2 2 2 2 2 2 2 2 2 2
left_child=6 3 -3 5 -5 -2 7 14 9 10 -9 -12 -8 -7 15 -1 17 18 -17 25 -21 24 23 -23 -18 28 -27 -28 -16 -30
right_child=1 2 -4 4 -6 13 12 8 -10 -11 11 -13 -14 -15 19 16 21 -19 -20 20 -22 22 -24 -25 -26 26 27 -29 29 -31
leaf_value=0.00019335500159476358 0 0.00056708366514123139 0 0.00024958965458008267 0 0 0 -6.8599633142360444e-06 0 0 0 -0.00025720078538356842 -7.0246263776526695e-05 -8.2470226335169588e-05 1.0022183278285155e-06 0.00025790277192287351 0 0 0 -8.2184642800250065e-05 0 0 -1.4680337123602206e-05 6.5553436556997665e-05 -5.669068023542957e-05 -2.514605184795543e-07 0 -9.2520772568390191e-05 3.4344286516255639e-06 0.00015182973214149153
leaf_weight=66 130 51 58 52 129 51 68 219 876 381 50 50 179 202 10661 71 205 131 136 125 95 110 490 209 229 1990 235 126 768 88
leaf_count=66 130 51 58 52 129 51 68 219 876 381 50 50 179 202 10661 71 205 131 136 125 95 110 490 209 229 1990 235 126 768 88
internal_value=4.76775e-07 3.70869e-05 0.00026692 0 4.57831e-05 -3.30655e-05 -6.43775e-07 0 -1.52519e-05 -3.56334e-05 -6.80034e-05 -0.000151009 -4.73888e-05 -6.48739e-05 1.55698e-06 1.40588e-05 3.29594e-06 5.35598e-05 0.000108665 0 -4.52854e-05 -6.38471e-06 4.52712e-07 3.92961e-05 -3.0596e-05 8.17631e-07 -8.71592e-06 -4.14342e-05 3.19843e-06 2.46837e-05
internal_weight=18231 673 109 564 181 383 17558 17311 1576 700 319 100 247 253 15735 1647 1581 338 207 14088 220 1243 809 319 434 13868 2351 361 11517 856
internal_count=18231 673 109 564 181 383 17558 17311 1576 700 319 100 247 253 15735 1647 1581 338 207 14088 220 1243 809 319 434 13868 2351 361 11517 856
is_linear=0
shrinkage=0.05


Tree=104
num_leaves=31
num_cat=0
split_feature=81 61 49 142 81 49 22 99 84 116 14 89 61 23 120 138 103 96 138 86 131 116 94 132 135 84 120 134 129 91
split_gain=0.000215317 0.00176354 0.000152144 0.000193797 0.00106444 0.00138315 0.000322338 0.000950661 0.000479415 0.000588094 0.000285742 0.00100485 0.00023066 0.00116371 0.000260787 0.000235009 0.000947583 0.000254521 0.000381656 0.000249094 0.000335315 0.000137533 0.000128061 0.00012441 0.00014659 0.000114925 0.000167184 0.000693574 0.000168902 0.00041908
threshold=55.050000000000004 517.20000000000016 949.95000000000016 339.15960959789214 38.95000000000001 993.35000000000002 5.5000000000000009 -0.1999999999999886 15.050000000000002 271.49341910000004 0.037076470000000007 37.150000000000013 165.10000000000005 25.202777777777779 271.64301760000006 10.800000000000002 1030.1000000000001 33.462500000000013 5.6950000000000012 5.5000000000000009 111.69009300119471 268.40370465000007 6.5000000000000009 2.5000000000000004 21.465000000000003 8.0500000000000025 267.07739310000005 8.1400000000000023 7.5000000000000009 31.000000000000004
decision_type=2 2 2 2 2 2 2 2 2 2 2 2 2 2 8 2 2 2 2 2 2 2 2 2 2 2 8 2 2 2
left_child=2 -2 22 25 10 6 -6 8 23 -10 12 -12 13 14 -5 17 -17 19 -19 -14 -21 -18 -1 24 -8 26 27 -4 -28 -30
right_child=1 -3 3 4 5 -7 7 -9 9 -11 11 -13 15 -15 -16 16 21 18 -20 20 -22 -23 -24 -25 -26 -27 28 -29 29 -31
leaf_value=0 0.00030728919021902248 -4.6547046069697956e-05 0.00017892326376246415 0.00010110969565413633 0 0.00029501965479510316 -8.0396663918434017e-05 0.0002113211166935079 0.0002168515267358969 0 0 -0.00024748291047287172 0 0.00024408085310697217 0 0.00017425508430154112 -7.2160244241681757e-05 -5.5495729210202743e-05 0 0.00011731252013585992 0 9.8142164554898875e-06 -3.1190916620253093e-05 1.6454315916630219e-05 0 -1.956913218671796e-05 0 0 -5.0573893199757743e-06 -0.00015583382543390764
leaf_weight=900 50 61 64 64 302 61 91 90 61 59 301 51 4054 58 695 94 60 535 959 106 71 271 686 305 75 1031 6071 376 567 62
leaf_count=900 50 61 64 64 302 61 91 90 61 59 301 51 4054 58 695 94 60 535 959 106 71 271 686 305 75 1031 6071 376 567 62
internal_value=4.02306e-07 6.95164e-05 0 1.39442e-06 6.96108e-06 5.41696e-05 3.38578e-05 5.325e-05 2.0416e-05 0.000109291 0 -4.36557e-05 2.44341e-06 2.74912e-05 4.06188e-06 -7.51343e-08 3.47933e-05 -3.54245e-06 -2.15863e-05 1.65108e-06 5.96936e-05 0 -1.48126e-05 0 -3.69639e-05 -3.69136e-06 -6.96044e-07 2.80485e-05 -3.33381e-06 -2.80796e-05
internal_weight=18231 111 18120 16534 8363 1044 983 681 591 120 7319 352 6967 817 759 6150 425 5725 1494 4231 177 331 1586 471 166 8171 7140 440 6700 629
internal_count=18231 111 18120 16534 8363 1044 983 681 591 120 7319 352 6967 817 759 6150 425 5725 1494 4231 177 331 1586 471 166 8171 7140 440 6700 629
is_linear=0
shrinkage=0.05


Tree=105
num_leaves=31
num_cat=0
split_feature=121 161 42 129 101 56 46 89 116 141 115 131 33 137 81 96 92 133 13 100 61 85 126 128 114 128 30 30 118 49
split_gain=0.000216468 0.000407307 0.000640842 0.00111935 0.00169382 0.000235975 0.000212542 0.00030343 0.000149139 0.000405908 0.000464468 0.00112506 0.000274311 0.000887186 0.00216715 0.000247682 0.000227761 0.000142563 0.000395132 0.000124991 0.000137408 0.000115367 0.000207254 8.92576e-05 8.90656e-05 9.69185e-05 0.000236349 0.000236856 8.59755e-05 8.54247e-05
threshold=0.15000000000000005 0.27551020408163268 0.72500000000000009 6.5000000000000009 -0.44254675000001947 -5.232522999999957 1.0000000180025095e-35 42.550000000000004 286.65519480000006 37.940000000000005 12.65 79.477407176874536 0.85018492736227735 1.8100000000000003 46.45000000000001 50.912500000000001 9.9500000000000046 86.075000000000017 0.0017604038750000004 7.5499999999999554 1480.2000000000003 277.86530750000003 20.500000000000004 10.041791911176277 20.450000000000003 9.5324571561117377 -2.367142857142857 -0.50714285714285712 30.450000000000003 962.35000000000002
decision_type=10 2 2 2 2 2 2 2 2 2 2 2 2 2 2 2 2 2 2 2 2 2 2 2 2 2 2 2 10 2
left_child=8 -2 3 5 -5 6 7 -3 12 16 -11 -12 15 -14 -15 17 21 19 -19 29 -21 -10 -23 -4 -18 26 -26 -28 -27 -1
right_child=1 2 23 4 -6 -7 -8 -9 9 10 11 -13 13 14 -16 -17 24 18 -20 20 -22 22 -24 -25 25 28 27 -29 -30 -31
leaf_value=-1.0562029647440949e-05 -1.7288711912842297e-07 0 -4.3305072964063292e-05 0 0.0004140182184627313 0 0 0.00013325113337106224 -1.1704977563308915e-05 -1.4252364947761659e-06 0.00023050051839545411 0 0 0 0.00039260620129223553 -0.00010283924082922552 0 0 0.00013889710240460852 8.830257257660635e-05 0 0.00010832399439925467 0 0 0 -3.2560342833029428e-05 -0.000156186862479252 0 0 0
leaf_weight=2459 1018 79 147 69 56 261 71 125 1063 220 80 113 537 145 53 58 90 285 68 77 264 56 69 68 111 463 122 50 150 9843
leaf_count=2459 1018 79 147 69 56 261 71 125 1063 220 80 113 537 145 53 58 90 285 68 77 264 56 69 68 111 463 122 50 150 9843
internal_value=5.33902e-07 1.67069e-05 4.20019e-05 6.83741e-05 0.000209608 2.57972e-05 5.85856e-05 8.49293e-05 -1.03221e-06 -1.21748e-05 2.82417e-05 8.76651e-05 6.96432e-07 3.05674e-05 0.000120836 -6.04658e-07 -2.21611e-05 0 3.11432e-05 -1.01637e-06 2.7819e-05 -2.60424e-06 3.45845e-05 -1.58705e-05 -4.06322e-05 -4.54407e-05 -7.99976e-05 -0.000117988 -2.12394e-05 -2.22426e-06
internal_weight=18270 1894 876 661 125 536 275 204 16376 2587 413 193 13789 735 198 13054 2174 12996 353 12643 341 1188 125 215 986 896 283 172 613 12302
internal_count=18270 1894 876 661 125 536 275 204 16376 2587 413 193 13789 735 198 13054 2174 12996 353 12643 341 1188 125 215 986 896 283 172 613 12302
is_linear=0
shrinkage=0.05


Tree=106
num_leaves=31
num_cat=0
split_feature=121 2 29 6 54 36 93 97 116 141 88 33 137 81 96 92 42 73 133 68 29 123 100 2 119 140 76 24 25 114
split_gain=0.000194434 0.0010022 0.000938637 0.00187373 0.000151766 0.000196686 0.000187575 0.000139794 0.000138987 0.000361778 0.000426429 0.000249238 0.000813641 0.00194679 0.00022411 0.000207992 0.000155937 0.000137305 0.000130298 0.000384124 0.000128518 0.000176274 0.000116055 0.000149676 0.000113555 0.000102633 9.16597e-05 0.000121615 0.000116722 8.26194e-05
threshold=0.15000000000000005 0.00020991850000000003 34.600000000000009 0.0053062500000000011 0.115 268.61946765000005 271.70291250000008 0.49999999999999961 286.65519480000006 37.940000000000005 36.662500000000016 0.85018492736227735 1.8100000000000003 46.45000000000001 50.912500000000001 9.9500000000000046 0.65500000000000014 12.550000000000002 86.075000000000017 0.8500000000000002 40.45000000000001 0.78656609248549325 7.5499999999999554 4.3350000000000003e-05 18.650000000000002 47.885000000000012 7.7500000000000018 49.800000000000004 4.5000000000000009 20.450000000000003
decision_type=10 2 2 2 2 2 2 2 2 2 2 2 2 2 2 2 2 2 2 2 2 2 2 2 8 2 2 2 2 2
left_child=8 20 3 -3 5 6 7 -4 11 15 17 14 -13 -14 18 16 24 -11 22 -20 -2 -22 26 -24 -10 -19 -1 28 -28 -17
right_child=1 2 4 -5 -6 -7 -8 -9 9 10 -12 12 13 -15 -16 29 -18 25 19 -21 21 -23 23 -25 -26 -27 27 -29 -30 -31
leaf_value=-5.4743266317746351e-07 -1.7283793493793028e-05 0.00043542280714723791 0.00015932457735876209 0 0 0 0 0 -4.8146626429123603e-05 6.3042080496532627e-05 0.0001511014934629017 0 0 0.00037333941574346416 -9.7784432295218527e-05 0 7.3988226992215088e-05 -3.5890883762077568e-05 0 0.00014699652796881018 0 8.5922464668460564e-05 0 7.9966794968882335e-05 0 5.2557335133810654e-07 0 0 -4.8034080858600788e-05 -4.3538225326087408e-05
leaf_weight=11528 932 50 78 64 152 61 82 78 172 77 58 537 145 53 58 90 50 224 295 58 329 68 245 96 966 54 117 278 379 896
leaf_count=11528 932 50 78 64 152 61 82 78 172 77 58 537 145 53 58 90 50 224 295 58 329 68 245 96 966 54 117 278 379 896
internal_value=4.9002e-07 1.58282e-05 7.22448e-05 0.0002082 2.64328e-05 4.81395e-05 7.04718e-05 0.000102699 -9.79505e-07 -1.17424e-05 2.60525e-05 6.77883e-07 2.91538e-05 0.000115608 -5.44557e-07 -2.12299e-05 -2.33611e-06 0 0 2.98092e-05 -4.43313e-06 1.314e-05 -9.40554e-07 2.68249e-05 -1.01414e-05 -1.09195e-05 -2.11871e-06 -1.90389e-05 -3.43071e-05 -3.89032e-05
internal_weight=18270 1894 565 114 451 299 238 156 16376 2587 413 13789 735 198 13054 2174 1188 355 12996 353 1329 397 12643 341 1138 278 12302 774 496 986
internal_count=18270 1894 565 114 451 299 238 156 16376 2587 413 13789 735 198 13054 2174 1188 355 12996 353 1329 397 12643 341 1138 278 12302 774 496 986
is_linear=0
shrinkage=0.05


Tree=107
num_leaves=31
num_cat=0
split_feature=121 2 29 6 133 32 93 43 116 141 88 75 92 96 91 92 28 8 120 93 133 145 24 89 19 61 74 18 134 29
split_gain=0.000178221 0.000918553 0.000845411 0.00168103 0.000141761 0.00014254 0.000228328 0.000506744 0.000122746 0.00033715 0.000381557 0.000222443 0.000641781 0.00021267 0.000195294 0.000184563 0.000140987 0.000225713 0.000350478 0.000299487 0.000119789 0.00035126 0.000165505 0.000202472 0.000178223 0.000150497 0.000422813 0.000912651 0.00116887 0.000116415
threshold=0.15000000000000005 0.00020991850000000003 34.600000000000009 0.0053062500000000011 61.975000000000001 12.250000000000002 271.70291250000008 0.34350000000000008 286.65519480000006 37.940000000000005 38.01250000000001 7.1500000000000012 8.7500000000000018 50.912500000000001 35.800000000000004 9.9500000000000046 7.0500000000000007 0.00012515576590758755 272.92783920000005 265.08070475000005 86.075000000000017 0.4250000000000001 46.000000000000007 32.850000000000001 -0.0011228571428571444 619.00000000000011 20.157142857142862 0.017816666666666672 9.2500000000000018 40.45000000000001
decision_type=10 2 2 2 2 2 2 2 2 2 2 2 2 2 2 2 2 2 8 2 2 2 2 2 2 2 2 2 2 2
left_child=8 29 3 -3 5 6 7 -4 13 15 11 12 -11 14 16 -10 17 -1 19 -19 22 -22 23 -18 -25 26 -24 -28 -29 -2
right_child=1 2 4 -5 -6 -7 -8 -9 9 10 -12 -13 -14 -15 -16 -17 20 18 -20 -21 21 -23 25 24 -26 -27 27 28 -30 -31
leaf_value=-1.6832439242483864e-05 -1.6420530111533035e-05 0.00041407854627822444 0 0 0 0 0 0.00020260080356345736 -2.1434323795599768e-06 0 0.00015469580174937495 -1.8526796024430618e-05 0.00020166288708923293 -8.7141928149742567e-05 9.0766650615889023e-05 -3.6926997195493055e-05 0 0 0 0.00012401115606127213 0 0.00013977127659110642 0 -9.5191642791680103e-05 -1.5323559377196224e-05 -1.1023576934233669e-07 0 0.00035971408672933239 2.1970210598670679e-05 1.2405968552284594e-05
leaf_weight=142 932 50 58 64 118 124 83 68 1188 62 50 251 50 66 61 986 2145 84 443 162 299 58 688 115 1331 7746 265 50 134 397
leaf_count=142 932 50 58 64 118 124 83 68 1188 62 50 251 50 66 61 986 2145 84 443 162 299 58 688 115 1331 7746 265 50 134 397
internal_value=5.12597e-07 1.51968e-05 6.92238e-05 0.000198734 2.50581e-05 4.3713e-05 6.88189e-05 0.000111022 -8.81249e-07 -1.10085e-05 2.53753e-05 0 6.44659e-05 6.56845e-07 1.44975e-06 -2.02278e-05 6.78392e-07 2.07451e-05 3.57492e-05 8.43652e-05 -2.33094e-07 2.76892e-05 -1.43517e-06 -1.07118e-05 -2.51923e-05 1.75294e-06 1.88288e-05 5.69694e-05 0.000142224 -4.0472e-06
internal_weight=18270 1894 565 114 451 333 209 126 16376 2587 413 363 112 13789 13723 2174 13662 831 689 246 12831 357 12474 3591 1446 8883 1137 449 184 1329
internal_count=18270 1894 565 114 451 333 209 126 16376 2587 413 363 112 13789 13723 2174 13662 831 689 246 12831 357 12474 3591 1446 8883 1137 449 184 1329
is_linear=0
shrinkage=0.05


Tree=108
num_leaves=31
num_cat=0
split_feature=121 2 29 82 54 56 100 105 116 49 52 120 134 33 15 137 49 96 114 91 133 15 29 123 100 2 94 96 118 76
split_gain=0.000163731 0.000837923 0.000764541 0.00176478 0.000132273 0.000182353 0.000172718 0.000307117 0.000111682 0.000302653 0.000299625 0.000596321 0.00144201 0.000215142 0.000795625 0.00254661 0.000191734 0.000184327 0.000171572 0.00015438 0.000110653 0.000357997 0.000105831 0.00015931 0.000100306 0.000128615 9.09829e-05 0.00015117 7.99525e-05 7.79492e-05
threshold=0.15000000000000005 0.00020991850000000003 34.600000000000009 22.070000000000004 0.115 -4.5540360999999896 6.5499999999999554 15.500000000000002 286.65519480000006 980.6500000000002 93.500000000000014 271.92118405000002 6.8950000000000005 0.85018492736227735 0.00010416666666666667 1.8100000000000003 989.55000000000007 50.912500000000001 22.650000000000002 17.050000000000004 86.075000000000017 0.0024322916666666672 40.45000000000001 0.78656609248549325 7.5499999999999554 4.3350000000000003e-05 26.500000000000004 40.787500000000009 34.95000000000001 7.7500000000000018
decision_type=10 2 2 2 2 2 2 2 2 2 2 8 2 2 2 2 2 2 2 2 2 2 2 2 2 2 2 2 10 2
left_child=8 22 3 -3 5 6 7 -4 13 19 16 12 -12 17 15 -15 -11 20 -18 -10 24 -22 -2 -24 29 -26 27 -21 -20 -1
right_child=1 2 4 -5 -6 -7 -8 -9 9 10 11 -13 -14 14 -16 -17 18 -19 28 26 21 -23 23 -25 25 -27 -28 -29 -30 -31
leaf_value=-5.1277907871889857e-07 -1.5600383586966793e-05 0 0 0.00038398464685275851 0 0 0 0.00015424818549645549 0 0 0.00031863055977501744 0 0 0 0 0.0004176300487383475 0 -8.8694829762786518e-05 -6.1095212425700575e-05 -2.2137264914620417e-05 0 0.00012976706740817567 0 8.1077299466309399e-05 0 7.4120765433052812e-05 0 -0.00016633968426984732 0 -1.7631930893496189e-05
leaf_weight=11528 932 57 67 57 152 62 77 93 174 526 53 550 176 101 584 50 293 58 393 197 285 68 329 68 245 96 55 69 101 774
leaf_count=11528 932 57 67 57 152 62 77 93 174 526 53 550 176 101 584 50 293 58 393 197 285 68 329 68 245 96 55 69 101 774
internal_value=4.78012e-07 1.45608e-05 6.61778e-05 0.000189732 2.35341e-05 4.40085e-05 6.60057e-05 9.55111e-05 -8.46249e-07 -1.05103e-05 0 2.22616e-05 9.03461e-05 6.04906e-07 2.70763e-05 0.00012898 -1.66097e-05 -5.04518e-07 -3.26853e-05 -4.5846e-05 0 2.746e-05 -3.65702e-06 1.17872e-05 -8.75855e-07 2.48604e-05 -6.66051e-05 -7.87526e-05 -5.06677e-05 -1.99761e-06
internal_weight=18270 1894 565 114 451 299 237 160 16376 2587 2092 779 229 13789 735 151 1313 13054 787 495 12996 353 1329 397 12643 341 321 266 494 12302
internal_count=18270 1894 565 114 451 299 237 160 16376 2587 2092 779 229 13789 735 151 1313 13054 787 495 12996 353 1329 397 12643 341 321 266 494 12302
is_linear=0
shrinkage=0.05


Tree=109
num_leaves=31
num_cat=0
split_feature=115 83 43 30 120 100 113 13 85 138 134 61 108 120 140 92 137 83 58 131 101 50 136 83 101 105 56 90 7 136
split_gain=0.000161242 0.000194146 0.000618005 0.000306192 0.000631606 0.000113448 0.000493045 0.000783719 0.000386358 0.00203934 0.000216814 0.000208216 0.00030368 0.000222995 0.000157243 0.000184339 0.000160935 0.000267756 0.000315965 0.000150902 0.000202474 0.000354517 0.000140583 0.000128771 0.000118323 0.000107185 0.000103937 0.000156569 0.000479395 0.000166101
threshold=28.250000000000004 29.900000000000002 0.34750000000000003 -2.7728571428571409 267.07739310000005 -2.1999999999999882 1.3500000000000003 0.0011163635486111112 280.52579190000006 4.4450000000000012 6.5650000000000004 1679.5000000000002 288.16626455000005 269.07159855000003 34.920000000000009 8.1500000000000039 0.75500000000000012 16.150000000000002 3.8499999999999983 111.69009300119471 -3.3638292500000087 1001.0500000000001 0.29500000000000004 14.950000000000001 -1.2356359000000052 23.500000000000004 -4.3034396499999721 20.094897959183676 0.25215000000000004 0.67500000000000016
decision_type=2 2 2 2 10 2 2 2 2 2 2 2 2 8 2 2 2 2 2 2 2 2 2 2 2 2 2 2 2 2
left_child=1 5 3 4 -3 10 8 -8 26 -10 11 13 -13 23 15 -12 19 -18 24 20 21 -16 -17 -1 -19 -25 27 -7 29 -29
right_child=-2 2 -4 -5 -6 6 7 -9 9 -11 14 12 -14 -15 16 22 17 18 -20 -21 -22 -23 -24 25 -26 -27 -28 28 -30 -31
leaf_value=0 -4.6855623997980949e-05 0.00016125266284719791 0.00014687860535195799 -7.7941763919707356e-06 0 -1.2303596692284918e-06 0 0.00024335557069571226 0.00032663334463697478 0 2.0348767201788112e-06 -1.0913070954610006e-05 0.0001184015279596799 0 0 0 0 0 0 -1.5703011922222746e-05 0 0.00016704166611465585 -3.4336589230863718e-05 -8.5221689716377127e-05 9.8741254890174961e-05 0 -9.6244400853767452e-06 -6.257105073329299e-07 0.00014417330672586104 2.288601322315619e-05
leaf_weight=51 173 88 94 587 95 6865 63 54 56 261 893 135 52 358 50 326 171 68 118 726 464 56 880 331 237 72 2369 1480 71 1026
leaf_count=51 173 88 94 587 95 6865 63 54 56 261 893 135 52 358 50 326 171 68 118 726 464 56 880 331 237 72 2369 1480 71 1026
internal_value=4.33233e-07 1.16413e-06 2.4279e-05 2.65613e-06 6.32111e-05 0 2.59313e-06 0.000104877 1.18559e-06 5.55969e-05 -6.35165e-06 -2.72637e-05 0 -3.94278e-05 0 -1.04676e-05 9.28461e-06 3.08248e-05 5.39641e-05 0 1.86209e-05 8.11237e-05 -2.38617e-05 -6.32688e-05 8.13419e-05 -7.28362e-05 0 2.06609e-06 1.27842e-05 7.01127e-06
internal_weight=18270 18097 864 770 183 17233 12245 117 12128 317 4988 999 187 812 3989 2099 1890 594 423 1296 570 106 1206 454 305 403 11811 9442 2577 2506
internal_count=18270 18097 864 770 183 17233 12245 117 12128 317 4988 999 187 812 3989 2099 1890 594 423 1296 570 106 1206 454 305 403 11811 9442 2577 2506
is_linear=0
shrinkage=0.05


Tree=110
num_leaves=31
num_cat=0
split_feature=141 88 73 43 49 80 138 89 138 132 51 22 82 103 128 136 101 139 0 86 112 128 23 112 101 50 120 29 50 137
split_gain=0.00013271 0.000445531 0.00135355 0.00264457 0.000457601 0.000905962 0.00098428 0.000239012 0.000263654 0.000243825 0.000201803 0.000192074 0.000796802 0.000187888 0.000204402 0.000199596 0.000184057 0.000324645 0.000203392 0.000177575 0.000172142 0.000208673 0.00016141 0.00057925 0.000139728 0.000110676 0.000192929 0.000282672 0.000381004 0.000108642
threshold=25.350000000000005 42.112500000000004 21.950000000000003 0.35150000000000003 992.05000000000007 31.262500000000006 3.9650000000000003 46.350000000000001 4.6250000000000009 4.5000000000000009 1.5000000000000002 36.500000000000007 20.186000000000003 1988.7000000000003 9.9205658837688748 0.045000000000000005 -3.6092871000000168 87.760506709764101 0.23690000000000003 14.500000000000002 290.91747060000006 9.0380664556519861 17.163194444444446 285.14005055000001 -5.704195700000013 1000.4500000000002 270.10926245000007 42.150000000000013 1014.85 3.0150000000000001
decision_type=2 2 2 2 2 2 2 2 2 2 2 2 2 2 2 2 2 2 2 2 2 2 2 2 2 2 8 2 2 2
left_child=10 7 3 -3 5 6 -4 16 9 -9 13 -12 -13 14 15 -1 17 18 25 -7 21 -17 23 -18 -23 -2 27 28 -27 -8
right_child=1 2 4 -5 -6 19 29 8 -10 -11 11 12 -14 -15 -16 20 22 -19 -20 -21 -22 24 -24 -25 -26 26 -28 -29 -30 -31
leaf_value=0 -6.7756156752197764e-06 0 0.00030976276714612212 0.00046942285342690114 -0.00012268281071522292 -7.058976357757042e-05 0 -0.0001373878738178112 0 0 -2.8562203269269428e-07 0 0.00016703017162256127 0 -5.0188226592734888e-07 0 0 0.00013448830901911752 0.00010334432117411374 0 0 0 -2.2331557291588918e-06 0.00014583674160370292 -0.00010818589962434851 0.00016375143949047487 2.078726562388355e-06 0 0 7.5247654981425236e-05
leaf_weight=83 773 67 51 50 53 97 110 94 375 123 2296 155 88 1329 568 93 378 61 62 288 51 60 8867 84 295 90 1424 99 92 53
leaf_count=83 773 67 51 50 53 97 110 94 375 123 2296 155 88 1329 568 93 378 61 62 288 51 60 8867 84 295 90 1424 99 92 53
internal_value=4.40556e-07 3.3064e-06 4.03586e-05 0.000198016 4.15046e-06 2.38919e-05 0.000109183 6.28642e-07 -2.97394e-05 -7.36843e-05 -6.15303e-06 2.08251e-06 4.48592e-05 -1.66015e-05 -3.16534e-05 -5.34262e-05 2.55703e-06 1.43762e-05 9.47205e-06 -1.07235e-05 -6.57736e-05 -7.60002e-05 -2.03515e-07 2.78722e-05 -9.35432e-05 5.06567e-06 1.33658e-05 5.26239e-05 9.01612e-05 1.44313e-05
internal_weight=18309 13291 769 117 652 599 214 12522 592 217 5018 2539 243 2479 1150 582 11930 2601 2540 385 499 448 9329 462 355 2478 1705 281 182 163
internal_count=18309 13291 769 117 652 599 214 12522 592 217 5018 2539 243 2479 1150 582 11930 2601 2540 385 499 448 9329 462 355 2478 1705 281 182 163
is_linear=0
shrinkage=0.05


Tree=111
num_leaves=31
num_cat=0
split_feature=115 83 126 89 88 67 85 93 131 101 1 138 11 9 93 4 131 75 83 96 112 105 138 93 93 119 82 108 14 92
split_gain=0.000184287 0.000187324 0.0013459 0.000131639 0.000214594 0.00101799 0.000190988 0.000354116 0.000141436 0.000125488 0.000476114 0.000419039 0.00018371 0.000163033 0.000256077 0.000266478 0.000243402 0.000202775 0.000165783 0.000136844 0.000380521 0.000765612 0.000170126 0.0002292 0.000202711 0.000527126 0.00018364 0.000224452 0.000137845 0.000198203
threshold=28.250000000000004 35.20000000000001 25.500000000000004 49.650000000000013 42.437500000000007 8.1500000000000004 277.2569534000001 267.11471225000008 96.419912394023555 -3.6092871000000168 0.36782849050000005 2.6200000000000006 0.0043609413958333341 0.73270833333333352 263.70833310000006 0.0055734105000000006 398.00994392165836 12.350000000000003 20.550000000000004 33.237500000000004 285.78366050000005 5.5000000000000009 4.3950000000000005 267.38180460000007 267.42453710000007 6.5500000000000007 17.170000000000005 274.96573855000003 0.024952107500000004 12.550000000000002
decision_type=2 2 2 2 2 2 2 2 2 2 2 2 2 2 2 2 2 2 2 2 2 2 2 2 2 10 2 2 2 2
left_child=1 3 -3 4 9 -6 8 -8 -7 10 11 -1 13 -13 -15 16 17 -16 -19 20 -11 -22 23 -21 -24 -26 -25 -28 29 -27
right_child=-2 2 -4 -5 5 6 7 -9 -10 19 -12 12 -14 14 15 -17 -18 18 -20 22 21 -23 24 26 25 28 27 -29 -30 -31
leaf_value=0.00012056560865545039 -4.7406913492617392e-05 0.0002741709081387586 -1.6765116522772784e-05 -1.7491870578366974e-05 0.00024409824391148925 -3.5422569051461321e-05 0.00014129284168698828 0 9.9134821381575789e-06 -3.7065342411970336e-07 0.00013968828831244714 -1.0410399532020549e-07 -3.9589450436080704e-05 -9.218716142762952e-06 0 0 0 0.00015157007988237739 0 0 0.00021202590560164938 0 -1.659556796573359e-05 0 0.00015261093435389635 3.1343251202942597e-05 0 -0.0001087821966883265 -3.15689953442677e-05 -2.6389968291489739e-06
leaf_weight=76 194 50 72 919 51 249 69 137 405 8094 70 2222 240 210 115 249 118 143 93 567 63 289 1522 148 60 598 51 200 246 789
leaf_count=76 194 50 72 919 51 249 69 137 405 8094 70 2222 240 210 115 249 118 143 93 567 63 289 1522 148 60 598 51 200 246 789
internal_value=3.90429e-07 1.1809e-06 6.30802e-05 4.7984e-07 1.74095e-06 2.53935e-05 6.34815e-06 4.97417e-05 0 9.69992e-08 8.69687e-06 4.56964e-06 4.59866e-07 5.10964e-06 2.29622e-05 3.93283e-05 6.15108e-05 8.23447e-05 0.000110498 -1.91582e-06 1.23569e-06 5.22331e-05 -9.47651e-06 -2.84977e-05 -2.19948e-06 7.79311e-06 -5.82734e-05 -8.49233e-05 0 8.42205e-06
internal_weight=18309 18115 122 17993 17074 911 860 206 654 16163 3536 3466 3390 3150 928 718 469 351 236 12627 8446 352 4181 966 3215 1693 399 251 1633 1387
internal_count=18309 18115 122 17993 17074 911 860 206 654 16163 3536 3466 3390 3150 928 718 469 351 236 12627 8446 352 4181 966 3215 1693 399 251 1633 1387
is_linear=0
shrinkage=0.05


Tree=112
num_leaves=31
num_cat=0
split_feature=74 88 131 126 98 119 116 50 19 94 19 110 104 92 81 140 114 61 53 67 11 117 14 10 67 24 28 24 92 116
split_gain=0.000121472 0.000404604 0.00025125 0.000297768 0.00024695 0.000314893 0.000193128 0.00032986 0.000371308 0.000302656 0.000603691 0.000978098 0.000362457 0.000431588 0.000482284 0.000301242 0.000200963 0.000216009 0.000262246 0.000494612 0.00018604 0.000195399 0.000536791 0.00149715 0.000183304 0.000155214 0.000237684 0.000117422 0.000113605 0.000130414
threshold=29.592857142857145 50.725000000000009 50.928189353158515 45.500000000000007 11.800000000000004 7.1500000000000012 286.65519480000006 1016.9500000000002 -0.017101428571428563 13.500000000000002 0.00013428571428571425 15.550000000000002 0.8500000000000002 8.8500000000000032 47.250000000000007 54.850000000000001 39.550000000000004 172.35000000000005 154.50000000000003 5.4500000000000011 0.0043609413958333341 0.15000000000000005 0.018475221000000003 8.8950000000000014 6.9500000000000011 38.050000000000004 32.150000000000006 46.95000000000001 11.550000000000002 295.47290430000004
decision_type=2 2 2 2 2 8 2 2 2 2 2 2 2 2 2 2 2 2 2 2 2 2 2 2 2 2 2 2 2 2
left_child=1 4 3 25 6 -6 9 27 -9 20 12 -12 -11 -14 -15 -13 17 18 -10 -20 21 -1 -23 -24 -21 -2 -27 -8 29 -18
right_child=2 -3 -4 -5 5 -7 7 8 16 10 11 15 13 14 -16 -17 28 -19 19 24 -22 22 23 -25 -26 26 -28 -29 -30 -31
leaf_value=4.1394658623777456e-07 0 0.0001355671415964527 0 0 0.00016796325039016594 0 -0.0001169675978655505 0.00011888359619280725 0 -1.914892382503178e-05 0.00024790586165411848 8.7907403386387008e-05 0 2.5103670145899039e-05 0.0002339912116006487 -1.3597734452152255e-05 -7.6810071551323343e-05 -1.0863355361160322e-05 0 0.00022025735663669366 -2.1491988735145534e-05 0 0.00033299796433931421 0 0 -0.00012426859728205831 0 0 0 0
leaf_weight=8783 60 57 2835 275 50 72 99 54 317 549 78 96 267 259 51 115 222 1906 113 54 831 530 50 81 53 165 71 53 102 61
leaf_count=8783 60 57 2835 275 50 72 99 54 317 549 78 96 267 259 51 115 222 1906 113 54 831 530 50 81 53 165 71 53 102 61
internal_value=3.49567e-07 2.55406e-06 -7.82657e-06 -3.82488e-05 1.6975e-06 7.27822e-05 7.64046e-07 -1.00255e-05 -4.37217e-06 3.99263e-06 2.57704e-05 9.14974e-05 4.39814e-06 3.54474e-05 7.61881e-05 9.19661e-06 -8.53431e-06 -1.08025e-06 2.43054e-05 6.6368e-05 5.04759e-07 2.97176e-06 2.93537e-05 0.000120365 0.000143048 -7.2966e-05 -9.11547e-05 -8.3806e-05 -4.2755e-05 -5.90302e-05
internal_weight=18309 14903 3406 571 14846 122 14724 3034 2882 11690 1415 289 1126 577 310 211 2828 2443 537 220 10275 9444 661 131 107 296 236 152 385 283
internal_count=18309 14903 3406 571 14846 122 14724 3034 2882 11690 1415 289 1126 577 310 211 2828 2443 537 220 10275 9444 661 131 107 296 236 152 385 283
is_linear=0
shrinkage=0.05


Tree=113
num_leaves=31
num_cat=0
split_feature=115 74 81 98 106 131 90 53 120 103 105 14 14 84 73 108 100 105 51 103 1 140 138 14 6 67 120 34 104 128
split_gain=0.000157006 0.000127264 0.00070072 0.00022152 0.000408374 0.000213264 0.000275782 0.000131084 0.000628095 0.00115618 0.000205394 0.000149953 0.000343527 0.000845017 0.000958257 0.000158521 0.000146978 0.000152283 0.000145237 0.000144169 0.000709513 0.000142762 0.000326311 0.000128193 0.000126428 0.000110887 0.00013731 9.87297e-05 9.26166e-05 8.88847e-05
threshold=28.250000000000004 29.464285714285719 55.050000000000004 11.800000000000004 25.550000000000004 50.928189353158515 24.980612244897966 170.50000000000003 271.73719580000005 828.6500000000002 8.5000000000000018 0.025612814000000005 0.020602420000000007 3.850000000000001 31.750000000000004 275.6211356500001 -3.9000000000000337 6.5000000000000009 54.500000000000007 1067.0500000000004 0.23460493450000003 47.620000000000012 7.1900000000000004 0.023635237500000003 0.029239583333333336 15.750000000000002 265.65433725000008 0.067295225933001357 0.25000000000000006 9.9205658837688748
decision_type=2 2 2 2 2 2 2 2 8 2 2 2 2 2 2 2 2 2 2 2 2 2 2 2 2 2 10 2 2 2
left_child=1 2 3 7 -5 6 -3 10 9 -9 16 12 19 27 -15 -13 17 -1 25 20 21 -12 -23 -11 -21 26 -17 -14 -28 -30
right_child=-2 5 -4 4 -6 -7 -8 8 -10 23 11 15 13 14 -16 18 -18 -19 -20 24 -22 22 -24 -25 -26 -27 28 -29 29 -31
leaf_value=-7.7518598506982688e-05 -4.3731004800321949e-05 0 0.00016704151768587479 0 0.0001784261497196698 0 -6.8125820374360691e-05 0.00027073968932717649 0 0 -6.4257671369814484e-06 0 0 0.0003235001554289824 0 0 -4.0012187163296055e-06 0 0 0 0.00017831424408446331 0 0.00010938560028155257 7.4152411784780269e-05 -5.9368859642895433e-05 0 0 3.4395018923881422e-05 -0.00011887590511165159 0
leaf_weight=201 194 285 65 70 50 2842 300 64 2300 231 624 1373 341 52 50 122 1260 205 205 6205 66 387 96 66 90 63 74 228 142 58
leaf_count=201 194 285 65 70 50 2842 300 64 2300 231 624 1373 341 52 50 122 1260 205 205 6205 66 387 96 66 90 63 74 228 142 58
internal_value=3.46404e-07 1.09683e-06 3.35752e-06 2.27666e-06 7.05758e-05 -7.13199e-06 -3.47474e-05 1.36199e-06 1.14948e-05 7.2865e-05 -4.93531e-07 1.73086e-06 5.17756e-06 3.97626e-05 0.000174904 -9.58309e-06 -1.70725e-05 -4.5244e-05 -2.96207e-05 1.39575e-06 1.77599e-05 3.52267e-06 2.66926e-05 1.26813e-05 -8.61711e-07 -4.53622e-05 -5.55208e-05 6.50057e-06 -7.54875e-05 -9.4595e-05
internal_weight=18309 18115 14688 14623 120 3427 585 14503 2661 361 11842 10176 8139 671 102 2037 1666 406 664 7468 1173 1107 483 297 6295 459 396 569 274 200
internal_count=18309 18115 14688 14623 120 3427 585 14503 2661 361 11842 10176 8139 671 102 2037 1666 406 664 7468 1173 1107 483 297 6295 459 396 569 274 200
is_linear=0
shrinkage=0.05


Tree=114
num_leaves=31
num_cat=0
split_feature=115 83 126 49 15 88 134 110 67 32 81 88 128 120 107 32 100 67 11 93 126 18 93 85 61 11 15 100 41 3
split_gain=0.000141784 0.000140074 0.00118006 0.000101352 0.000140153 0.000240851 0.000749939 0.00115075 0.0015146 0.00242918 0.000737662 0.000282224 0.000238566 0.000195636 0.000194108 0.000223184 0.000184872 0.000229954 0.000127693 0.0001381 0.000185039 0.000108072 0.000117871 0.000105154 0.000128199 0.000174096 0.000276197 9.76787e-05 9.33153e-05 0.000127716
threshold=28.250000000000004 35.20000000000001 25.500000000000004 944.6500000000002 0.00021875000000000006 30.137500000000006 5.79 29.650000000000002 11.050000000000002 12.750000000000002 40.45000000000001 30.487500000000004 9.9638297638160189 267.07739310000005 6.4500000000000011 4.9500000000000011 -3.9000000000000337 6.1500000000000012 0.0043609413958333341 271.50214180000006 28.500000000000004 0.058093750000000006 266.47175370000008 275.13761940000006 165.10000000000005 0.0030155558402777784 0.0054489583333333343 -1.1999999999999884 78.500000000000014 0.0093799775000000026
decision_type=2 2 2 2 2 2 2 2 2 2 2 2 2 10 2 2 2 2 2 2 2 2 2 2 2 2 2 2 2 2
left_child=1 3 -3 -1 18 23 7 8 10 -10 -7 12 -8 -9 15 -13 -17 -18 -5 20 -20 28 -23 24 25 -6 -27 -15 -16 -30
right_child=-2 2 -4 4 5 6 11 13 9 -11 -12 14 -14 27 21 16 17 -19 19 -21 -22 22 -24 -25 -26 26 -28 -29 29 -31
leaf_value=-1.3720458970148395e-05 -4.1555668047341246e-05 0.00025420946060100561 -1.708186688294318e-05 -8.621084671084724e-07 0 -9.0925184810869439e-06 0.00015616465355661007 1.0196712314526926e-05 0.00046124723155470648 0 0.00019225188126452565 0 0 -0.000113555219488364 -9.4227206970854864e-06 0 0.00017173446949553337 0 -0.00014347919260775628 0 -1.0835334746884068e-05 0 9.0073532566228615e-05 -1.7515312419125927e-05 0 0.00013242399158006738 0 0 3.4000898006650879e-05 0
leaf_weight=1122 194 50 72 6084 262 158 57 54 71 60 50 224 64 57 2612 72 70 78 56 98 309 117 62 830 4570 82 52 50 324 348
leaf_count=1122 194 50 72 6084 262 158 57 54 71 60 50 224 64 57 2612 72 70 78 56 98 309 117 62 830 4570 82 52 50 324 348
internal_value=3.10477e-07 1.0371e-06 5.46155e-05 3.92935e-07 1.62865e-06 5.46067e-06 1.41646e-05 7.28097e-05 0.000127331 0.000264646 1.60724e-05 5.62769e-06 8.18862e-05 -1.12024e-05 1.96618e-06 3.34851e-05 6.91551e-05 0.000100972 -3.65041e-06 -2.94331e-05 -4.51838e-05 -6.4003e-07 3.46776e-05 -4.77864e-07 1.36603e-06 2.88209e-05 7.52775e-05 -6.82927e-05 -4.09712e-06 9.15682e-06
internal_weight=18309 18115 122 17993 16871 10324 4528 500 339 131 208 4028 121 161 3907 444 220 148 6547 463 365 3463 179 5796 4966 396 134 107 3284 672
internal_count=18309 18115 122 17993 16871 10324 4528 500 339 131 208 4028 121 161 3907 444 220 148 6547 463 365 3463 179 5796 4966 396 134 107 3284 672
is_linear=0
shrinkage=0.05


Tree=115
num_leaves=31
num_cat=0
split_feature=81 112 103 96 116 85 116 85 0 126 14 14 92 80 17 103 50 50 21 3 74 114 31 119 4 34 136 136 88 120
split_gain=0.000201551 0.00089863 0.000167454 0.000150929 0.000151577 0.000664796 0.000188438 0.000194973 0.000134057 0.00181814 0.000117405 0.000236536 0.000528895 0.00169067 0.00196136 0.000178083 0.000220609 0.000151702 0.000267203 0.000230193 0.000113866 0.000111503 0.000186849 0.000240161 0.000160859 0.000101067 9.40627e-05 8.07353e-05 8.83192e-05 8.96516e-05
threshold=55.050000000000004 284.52004350000004 696.70000000000016 50.850000000000009 294.54299540000005 278.97010045000007 288.14814875000008 284.9700089000001 0.23690000000000003 38.500000000000007 0.03649768300000001 0.020602420000000007 8.8500000000000032 26.712500000000006 0.05290000000000001 2064.2000000000007 1023.35 1002.0500000000001 0.4513888888888889 0.049513091500000002 36.478571428571435 35.850000000000001 24.150000000000002 15.15 0.00029107750000000005 -0.53578219379141312 1.0750000000000004 0.14500000000000005 18.162500000000005 284.81926985000007
decision_type=2 2 2 2 2 2 2 2 2 2 2 2 2 2 2 2 2 2 2 2 2 2 2 10 2 2 2 2 2 10
left_child=2 -2 26 4 6 -6 7 8 10 -10 11 21 -13 14 -14 16 20 19 -19 -15 -12 -4 23 24 -23 -8 27 -1 -29 -30
right_child=1 -3 3 -5 5 -7 25 -9 9 -11 15 12 13 17 -16 -17 -18 18 -20 -21 -22 22 -24 -25 -26 -27 -28 28 29 -31
leaf_value=0 0.0002299585944722192 0 -1.2720707557425446e-06 -4.8940834937909402e-05 0 0.00020140255316173175 0 9.8920181529441227e-05 0.00030999152036326687 -8.4336664067475173e-06 -5.0184395271121436e-05 1.7627729163280672e-06 0.00043805302604347433 -0.00010224163384399228 0 0 1.7247819319115529e-05 0.00010910312474646353 0 0 0 0 0 0 0.00016847458177939874 -2.5202295341803623e-05 0 0 -7.0184576325516232e-05 0
leaf_weight=106 51 68 10519 147 408 50 789 53 50 182 583 1700 57 62 57 999 67 80 103 103 78 51 178 50 60 1011 195 134 262 120
leaf_count=106 51 68 10519 147 408 50 789 53 50 182 583 1700 57 62 57 999 67 80 103 103 78 51 178 50 60 1011 195 134 262 120
internal_value=0 6.47582e-05 -1.87736e-07 5.71517e-07 1.28445e-06 2.97676e-05 2.1066e-07 2.3317e-06 1.64958e-06 3.97691e-05 7.08198e-07 2.64778e-06 1.77649e-05 6.57171e-05 0.000232683 -1.1014e-05 -2.99709e-05 0 4.01204e-05 -2.23714e-05 -4.23288e-05 0 2.77454e-05 6.70754e-05 0.000108942 -1.47176e-05 -2.24856e-05 -3.22694e-05 -4.05613e-05 -5.28898e-05
internal_weight=18373 119 18254 17437 17290 458 16832 15032 14979 232 14747 13020 2162 462 114 1727 728 348 183 165 661 10858 339 161 111 1800 817 622 516 382
internal_count=18373 119 18254 17437 17290 458 16832 15032 14979 232 14747 13020 2162 462 114 1727 728 348 183 165 661 10858 339 161 111 1800 817 622 516 382
is_linear=0
shrinkage=0.05


Tree=116
num_leaves=31
num_cat=0
split_feature=81 65 103 96 103 9 74 138 140 12 128 103 0 142 43 133 56 90 83 82 119 23 111 43 43 14 75 73 92 137
split_gain=0.000172175 0.000903945 0.000151573 0.00013695 0.00014249 0.00129756 0.00123832 0.00107791 0.000219234 0.000155558 0.000157636 0.000282125 0.000242493 0.000147102 0.000128218 0.000299257 0.00129503 0.000203197 0.000122031 0.000276794 0.000348286 0.000109337 0.000144242 0.00010472 0.000104513 0.000491154 0.00178641 0.000116245 0.000208007 0.000189217
threshold=55.050000000000004 21.950000000000003 696.70000000000016 50.850000000000009 1022.7500000000001 1.862638888888889 11.207142857142859 5.4500000000000011 76.595000000000013 0.073213751500000021 10.240406117949886 1164.9000000000003 0.17410000000000003 781.27217678249428 0.35550000000000004 80.210000000000022 0.8718375500000094 23.792857142857148 17.750000000000004 27.186000000000003 16.350000000000005 28.990277777777784 13.050000000000002 0.39150000000000007 0.25250000000000006 0.018475221000000003 17.350000000000005 41.45000000000001 18.950000000000006 1.0750000000000004
decision_type=2 2 2 2 2 2 2 2 2 2 2 2 2 2 2 2 2 2 2 2 10 2 2 2 2 2 2 2 2 2
left_child=2 -2 -1 4 5 8 -7 -8 23 13 11 12 -11 14 24 17 -17 -16 -19 20 -20 -13 -23 -4 25 -6 -27 28 -26 -29
right_child=1 -3 3 -5 9 6 7 -9 -10 10 -12 21 -14 -15 15 16 -18 18 19 -21 -22 22 -24 -25 27 26 -28 29 -30 -31
leaf_value=-2.1361629835900547e-05 0.00022528867104929819 0 1.7762870267601013e-06 -4.6510326686849434e-05 0 0 0.00039954457784268141 0 9.7193396441149361e-05 0 0 -1.992737146947484e-05 -0.00017521756794372951 -1.5217539552956475e-05 0 3.292042050826258e-06 0.00025937040650660494 0 0.00017489776580782747 9.1087081949687901e-06 0 0 5.9971243313879677e-05 -2.9538740851397632e-05 -2.783263638552917e-06 0.0003356039630195413 -3.3841134516701967e-06 3.972620754629074e-05 -3.825821837749395e-05 -3.0155545191976249e-06
leaf_weight=817 52 67 1729 147 341 52 58 52 57 77 624 963 62 1109 5599 430 63 198 79 532 68 52 106 293 3340 51 56 346 561 392
leaf_count=817 52 67 1729 147 341 52 58 52 57 77 624 963 62 1109 5599 430 63 198 79 532 68 52 106 293 3340 51 56 346 561 392
internal_value=0 5.98715e-05 -1.25276e-07 5.84178e-07 1.27641e-06 1.30881e-05 0.000149189 0.000246118 1.24056e-08 -1.51041e-07 -1.38623e-05 -2.44903e-05 -9.73926e-05 1.43228e-06 3.37968e-06 7.94556e-06 4.65963e-05 4.22448e-06 2.66502e-05 3.69551e-05 0.000103206 -1.09157e-05 1.23435e-05 -3.02231e-07 -1.89303e-06 1.90833e-05 0.000113505 -5.00003e-06 -9.17478e-06 1.0284e-05
internal_weight=18373 119 18254 17437 17290 2241 162 110 2079 15049 1884 1260 139 13165 12056 6969 493 6476 877 679 147 1121 158 2022 5087 448 107 4639 3901 738
internal_count=18373 119 18254 17437 17290 2241 162 110 2079 15049 1884 1260 139 13165 12056 6969 493 6476 877 679 147 1121 158 2022 5087 448 107 4639 3901 738
is_linear=0
shrinkage=0.05


Tree=117
num_leaves=31
num_cat=0
split_feature=81 65 103 116 85 116 85 142 140 51 56 111 81 0 90 92 134 8 136 0 126 30 2 44 88 19 84 89 161 55
split_gain=0.000145233 0.000827876 0.000136817 0.000133776 0.000590759 0.000190538 0.000169442 0.000125466 0.000272322 0.000548676 0.000519965 0.000140919 0.000207319 0.000188916 0.000119298 0.000112621 0.000211755 0.000336052 0.000297747 0.000110065 0.00158429 0.000101694 0.000321077 0.000252935 0.000470759 0.000280193 0.000138351 0.000263493 0.000306424 0.000222644
threshold=55.050000000000004 21.950000000000003 696.70000000000016 294.54299540000005 278.97010045000007 288.14814875000008 284.9700089000001 781.27217678249428 73.50500000000001 2.5000000000000004 -0.43194189999996974 7.7500000000000009 34.850000000000001 0.00075000000000000012 25.408163265306126 18.050000000000008 8.8100000000000023 0.0063213447981777353 0.115 0.23690000000000003 38.500000000000007 -3.3771428571428563 8.5250000000000026e-05 1292.5000000000002 27.012500000000006 -0.00025571428571428549 7.950000000000002 33.750000000000007 0.091836734693877556 17.303730600000026
decision_type=2 2 2 2 2 2 2 2 2 2 2 2 2 2 2 2 2 2 2 2 2 2 2 2 2 2 2 2 2 2
left_child=2 -2 -1 5 -5 6 7 8 19 -10 -11 12 -9 -13 -7 16 17 -16 -19 21 -21 22 -4 24 -24 -26 -23 28 -28 -29
right_child=1 -3 3 4 -6 14 -8 11 9 10 -12 13 -14 -15 15 -17 -18 18 -20 20 -22 26 23 -25 25 -27 27 29 -30 -31
leaf_value=-2.0294854116257381e-05 0.00021423677677444606 0 0 0 0.00018873514242752172 0 9.1316431434178305e-05 -3.8401656588251039e-06 0 0 0.00021690972120891216 0 0.00010011507632025671 -5.40462327529557e-05 0 0 -5.6260230063423858e-06 0 -0.00018101349247942719 0.0002883785225133704 -7.9618050064008917e-06 8.5686705062129402e-07 0 0 0.000207956797357616 3.4904226758116162e-06 0 -3.4732108291751352e-05 9.3851108489281679e-05 0
leaf_weight=817 52 67 1543 416 50 957 53 482 172 128 72 325 50 360 94 179 468 51 94 50 182 9095 136 178 81 94 181 1165 105 676
leaf_count=817 52 67 1543 416 50 957 53 482 172 128 72 325 50 360 94 179 468 51 94 50 182 9095 136 178 81 94 181 1165 105 676
internal_value=0 5.49903e-05 -1.07245e-07 5.53012e-07 2.69734e-05 0 1.67452e-06 1.02167e-06 2.67957e-06 4.52291e-05 0.000103056 -1.37385e-05 0 -2.9132e-05 -1.534e-05 -2.87305e-05 -3.78393e-05 -7.97983e-05 -0.000127365 1.13189e-06 3.5409e-05 1.52053e-07 1.07497e-05 4.60172e-05 7.31602e-05 0.000127182 -1.32216e-06 -1.29853e-05 2.41649e-05 -2.1481e-05
internal_weight=18373 119 18254 17437 466 16971 15128 15075 13858 372 200 1217 532 685 1843 886 707 239 145 13486 232 13254 2032 489 311 175 11222 2127 286 1841
internal_count=18373 119 18254 17437 466 16971 15128 15075 13858 372 200 1217 532 685 1843 886 707 239 145 13486 232 13254 2032 489 311 175 11222 2127 286 1841
is_linear=0
shrinkage=0.05


Tree=118
num_leaves=31
num_cat=0
split_feature=103 85 92 28 75 96 13 115 96 84 100 50 139 65 43 131 110 13 19 126 131 12 128 92 137 136 43 136 88 120
split_gain=0.000131332 0.000293176 0.00361185 0.000464532 0.000851419 0.000205868 0.000141344 0.000118515 0.000122094 0.00043528 0.000101506 0.000112836 0.00015855 0.000104629 0.000211188 0.000459687 0.000557938 0.000175179 0.00032673 0.000350512 9.44556e-05 8.63106e-05 0.000105563 8.40737e-05 8.60823e-05 8.38227e-05 7.35751e-05 7.31335e-05 8.04557e-05 8.01486e-05
threshold=696.70000000000016 280.2043680000001 11.850000000000003 20.900000000000002 13.050000000000002 50.187500000000007 0.0011774856111111114 28.550000000000004 47.562500000000007 8.9500000000000028 -5.3000000000000105 1010.0500000000001 12.406612032078771 25.550000000000004 0.31350000000000006 75.387678875735489 23.650000000000002 0.0028166693472222223 -0.0023628571428571427 61.500000000000007 91.501061372272162 0.0053209070000000006 9.6850806486745231 11.350000000000003 1.5450000000000002 1.0750000000000004 0.29850000000000004 0.14500000000000005 18.162500000000005 284.81926985000007
decision_type=2 2 2 2 2 2 2 2 2 2 2 2 2 2 2 2 2 2 2 2 2 2 2 2 2 2 2 2 2 10
left_child=25 5 -3 4 -4 7 -5 8 10 -10 11 21 -13 -12 15 16 -15 -16 -19 -20 -9 -2 -23 24 -7 27 -14 -1 -29 -30
right_child=1 2 3 6 -6 23 -8 20 9 -11 13 12 26 14 17 -17 -18 18 19 -21 -22 22 -24 -25 -26 -27 -28 28 29 -31
leaf_value=0 0 0.00042183106004474468 0 0 0.00022296504254336468 0 -9.7818345951389732e-05 -8.4010123453279246e-05 0 0.00014694215266762047 -5.0981255689717708e-07 -1.7091585770685924e-05 0 0.00020004276350088428 0 0 0 0 0.00017003833158281246 0 0 -4.7740660931667848e-05 -4.8443359551809436e-06 0 -0.00012451133393551572 0 5.5422009359405224e-05 0 -6.4613784458462787e-05 0
leaf_weight=106 527 54 64 202 54 76 94 71 398 65 9151 109 59 83 4025 398 154 240 74 86 60 398 761 109 59 195 185 134 262 120
leaf_count=106 527 54 64 202 54 76 94 71 398 65 9151 109 59 83 4025 398 154 240 74 86 60 398 761 109 59 195 185 134 262 120
internal_value=0 1.17456e-06 4.01798e-05 0 7.1343e-05 0 -4.32533e-05 7.65704e-07 1.42937e-06 2.69447e-05 3.9309e-07 -9.61604e-06 8.08475e-06 2.1816e-06 8.03609e-06 3.58494e-05 9.0901e-05 2.90791e-06 3.44306e-05 8.95884e-05 -4.53952e-05 -1.62885e-05 -2.39137e-05 -4.53915e-05 -7.25065e-05 -1.92814e-05 3.97636e-05 -2.87142e-05 -3.67041e-05 -4.84118e-05
internal_weight=18373 17556 468 414 118 17088 296 16844 16713 463 16250 2039 353 14211 5060 635 237 4425 400 160 131 1686 1159 244 135 817 244 622 516 382
internal_count=18373 17556 468 414 118 17088 296 16844 16713 463 16250 2039 353 14211 5060 635 237 4425 400 160 131 1686 1159 244 135 817 244 622 516 382
is_linear=0
shrinkage=0.05


Tree=119
num_leaves=31
num_cat=0
split_feature=83 81 116 19 134 83 30 75 138 85 142 133 81 33 30 137 19 131 126 61 3 111 0 81 35 28 108 103 11 82
split_gain=0.000140475 0.000885855 0.000138091 0.000310796 0.000210504 0.000251238 0.000234254 0.000255968 0.000261662 0.000143911 9.31811e-05 0.000158829 0.000418582 0.000150503 0.000292721 0.000723593 0.000125133 0.000223411 0.000939666 0.000159664 0.00108706 0.000120139 0.000186383 0.000150738 0.000108372 0.000108062 0.00010373 9.86165e-05 8.84643e-05 0.000285812
threshold=35.20000000000001 53.850000000000001 286.82309070000002 -0.016147142857142849 8.6900000000000031 16.650000000000002 -0.72857142857142854 15.950000000000001 4.4350000000000014 284.24686205000006 781.27217678249428 84.075000000000017 34.95000000000001 0.8617918123090913 -2.7728571428571409 1.8100000000000003 -0.0026485714285714285 50.928189353158515 51.500000000000007 179.25000000000003 0.18851152100000004 7.7500000000000009 0.00075000000000000012 34.45000000000001 274.95450855000007 36.550000000000004 279.98549040000006 2232.5500000000006 0.0019429437777777781 23.650000000000002
decision_type=2 2 2 2 2 2 2 2 2 2 2 2 2 2 2 2 2 2 2 2 2 2 2 2 2 2 2 2 2 2
left_child=2 -2 9 -4 5 -5 7 8 -7 10 11 13 24 16 15 26 17 18 -1 20 -18 23 -23 -12 -13 28 -15 -24 -21 -30
right_child=1 -3 3 4 -6 6 -8 -9 -10 -11 21 12 -14 14 -16 -17 19 -19 -20 25 -22 22 27 -25 -26 -27 -28 -29 29 -31
leaf_value=-0.00018352132346887719 0 0.0002159658092224907 8.3318409335788603e-05 0 0 -0.00012671412657284072 0 0 -1.8681726328291057e-05 7.2959473794374696e-05 -1.9820172768386412e-06 3.2674100289798126e-05 0.00016798472842739738 -9.7028373707894511e-06 0 0.00017587203090845021 0 -2.660920626864386e-06 0 0 0.0002021035854494795 0 -6.795986969343915e-05 8.3315686436738666e-05 -5.4285356935924583e-05 -1.0658256653004093e-05 6.7835082707921881e-05 0 0 4.1182547438168676e-05
leaf_weight=92 96 54 71 598 1650 219 130 99 260 71 509 112 52 163 481 94 790 2682 183 5979 77 335 255 53 50 1687 52 106 776 597
leaf_count=92 96 54 71 598 1650 219 130 99 260 71 509 112 52 163 481 94 790 2682 183 5979 77 335 255 53 50 1687 52 106 776 597
internal_value=0 4.81877e-05 -1.74757e-07 -1.01553e-05 -1.41187e-05 -2.92171e-05 -4.95936e-05 -6.34288e-05 -7.86522e-05 1.48486e-06 8.13987e-07 2.30175e-06 4.57061e-05 1.25193e-06 2.24216e-05 6.03608e-05 0 -9.07391e-06 -5.32658e-05 2.64449e-06 2.32281e-05 -1.16031e-05 -2.59634e-05 0 0 1.14715e-07 0 -5.08439e-05 3.2678e-06 1.47685e-05
internal_weight=18373 150 18223 3027 2956 1306 708 578 479 15196 15125 13867 214 13653 790 309 12863 2957 275 9906 867 1258 696 562 162 9039 215 361 7352 1373
internal_count=18373 150 18223 3027 2956 1306 708 578 479 15196 15125 13867 214 13653 790 309 12863 2957 275 9906 867 1258 696 562 162 9039 215 361 7352 1373
is_linear=0
shrinkage=0.05


Tree=120
num_leaves=31
num_cat=0
split_feature=115 105 53 81 85 138 67 43 89 128 22 85 131 112 25 28 69 116 22 22 110 81 33 84 19 56 85 116 43 1
split_gain=0.000119412 0.000123121 0.000179177 0.000155451 0.000948121 0.00279927 0.000330643 0.000655884 0.000430706 0.000160988 0.000157411 0.000384879 0.00048877 0.000184888 0.000219042 0.000394047 0.000982394 0.000142673 0.000128166 0.000126852 0.000181687 0.000122966 0.00019728 0.000132346 0.000202968 0.000376328 0.000122885 0.000119071 0.000111309 0.000134453
threshold=28.250000000000004 8.5000000000000018 228.50000000000003 40.250000000000007 280.2043680000001 6.4250000000000007 7.6500000000000012 0.35050000000000003 54.750000000000007 9.8427803210978695 7.5000000000000009 277.2569534000001 84.484492496050322 285.94304785000003 18.500000000000004 31.850000000000005 293.06098875000004 288.99131500000004 52.500000000000007 36.500000000000007 21.550000000000004 36.550000000000004 -0.9241627534061686 15.450000000000005 -6.5714285714285687e-05 10.48715335000003 277.86530750000003 285.09422175000003 0.43450000000000005 8.1300000000000018e-06
decision_type=2 2 2 2 2 2 2 2 2 2 2 2 2 2 2 2 2 2 2 2 2 2 2 2 2 2 2 2 2 2
left_child=1 2 17 21 6 -6 7 -5 10 -10 11 13 -13 -8 -15 16 -16 18 -1 -4 -21 23 -23 -3 25 -25 -20 -9 29 -24
right_child=-2 3 19 4 5 -7 8 27 9 -11 -12 12 -14 14 15 -17 -18 -19 26 20 -22 22 28 24 -26 -27 -28 -29 -30 -31
leaf_value=-1.770458298367365e-05 -3.8698077904453309e-05 0 0 0 0.00042512945277444993 0 -1.0108061845845616e-05 0.00023606033142748535 -0.00014829235986634067 0 -5.2694295434941929e-06 0.00019804970565129418 0 0 0.00028214218802564907 0 0 -4.5419033461962063e-05 0 0.00011718573999773568 0 2.6546653981081613e-06 0 0.0001475562009832777 0 0 8.138133681313775e-05 0 0 -4.2052195912850128e-05
leaf_weight=1090 196 10679 96 140 53 69 720 50 64 52 1359 65 167 144 54 203 56 407 495 65 60 581 129 82 296 108 51 52 67 781
leaf_count=1090 196 10679 96 140 53 69 720 50 64 52 1359 65 167 144 54 203 56 407 495 65 60 581 129 82 296 108 51 52 67 781
internal_value=0 4.38989e-07 -1.00938e-05 2.24567e-06 1.20169e-05 0.000149838 4.99291e-06 6.10121e-05 0 -9.36861e-05 4.24275e-06 1.69607e-05 7.65915e-05 9.07295e-07 2.91631e-05 5.46304e-05 0.000131596 -1.63097e-05 -5.99023e-06 2.46597e-05 5.99026e-05 0 -1.33866e-05 1.5847e-06 2.71472e-05 6.73479e-05 8.24441e-06 0.000157168 -2.80314e-05 -3.3897e-05
internal_weight=18431 18235 2264 15971 3248 122 3126 242 2884 116 2768 1409 232 1177 457 313 110 2043 1636 221 125 12723 1558 11165 486 190 546 102 977 910
internal_count=18431 18235 2264 15971 3248 122 3126 242 2884 116 2768 1409 232 1177 457 313 110 2043 1636 221 125 12723 1558 11165 486 190 546 102 977 910
is_linear=0
shrinkage=0.05


Tree=121
num_leaves=31
num_cat=0
split_feature=103 134 104 103 2 13 43 13 103 134 91 81 131 116 75 92 24 138 105 136 8 23 155 28 6 43 106 7 10 103
split_gain=0.000127931 0.000254104 0.000288371 0.000209267 0.000892389 0.00149648 0.00135229 0.000447032 0.000288721 0.000317391 0.000941586 0.000185536 0.000303484 0.000513001 0.000207278 0.000256511 0.000139467 0.000135608 0.000440465 0.000746799 0.0001235 0.000105412 0.000138003 0.000139409 0.000290149 0.000200287 0.000197279 0.000180183 0.000399597 0.000125319
threshold=781.55000000000007 6.5650000000000004 0.25000000000000006 1098.3500000000001 0.0015615795000000004 0.00070516986111111119 0.34050000000000008 0.0042535998611111124 1156.0500000000004 8.2600000000000016 24.050000000000004 40.45000000000001 75.131285334062767 278.55707425000008 16.750000000000004 16.150000000000006 62.500000000000007 2.6200000000000006 24.500000000000004 0.6100000000000001 0.031606173575554959 17.759722222222226 0.31800000000000012 19.350000000000005 0.0037263888888888898 0.33250000000000007 23.850000000000005 0.058500000000000003 8.6500000000000021 1281.8500000000004
decision_type=2 2 2 2 2 2 2 2 2 2 2 2 2 2 2 2 2 2 2 2 2 2 2 2 2 2 2 2 2 2
left_child=1 2 -1 4 7 6 -6 11 9 10 -5 14 13 -13 16 -16 20 18 19 -10 -2 -19 29 24 -24 27 -26 28 -25 -23
right_child=3 -3 -4 8 5 -7 -8 -9 17 -11 -12 12 -14 -15 15 -17 -18 21 -20 -21 -22 22 23 25 26 -27 -28 -29 -30 -31
leaf_value=-1.0788551832956252e-05 0 0 -0.00016426455028401205 0 0 0 0.00044021603390694301 0.0001346107759309234 0 0 -0.00024620626751811872 0 0 -0.00012463069969627868 0 0.00015066962196080434 6.2968840784378695e-05 1.6550258128958399e-05 0 0.00021422717105720171 -6.4902691706679019e-05 2.2386623682708003e-05 -5.8060299366239407e-06 4.6178782932969463e-06 0 -2.0484905871991215e-05 -0.00014486417586340397 -1.9708166370091627e-06 0.00016773927163607865 -6.9350584597560581e-07
leaf_weight=286 1357 882 59 120 57 194 50 61 66 331 63 76 351 156 118 53 83 797 407 71 76 616 550 412 50 958 91 485 54 9501
leaf_count=286 1357 882 59 120 57 194 50 61 66 331 63 76 351 156 118 53 83 797 407 71 76 616 550 412 50 958 91 485 54 9501
internal_value=0 -1.55304e-05 -5.18849e-05 1.1722e-06 1.4271e-05 9.56219e-05 0.000245375 1.58569e-06 -8.51437e-07 -3.7703e-05 -9.10553e-05 0 -2.60873e-05 -7.04415e-05 6.27189e-06 5.82993e-05 0 1.429e-07 2.48354e-05 0.000102056 -3.29841e-06 -4.82892e-07 -1.94476e-06 -1.22861e-05 -3.24946e-05 -2.34031e-06 -0.000100614 1.06881e-05 3.45457e-05 2.19693e-07
internal_weight=18431 1227 345 17204 2632 301 107 2331 14572 514 183 2270 583 232 1687 171 1516 14058 544 137 1433 13514 12717 2600 691 1909 141 951 466 10117
internal_count=18431 1227 345 17204 2632 301 107 2331 14572 514 183 2270 583 232 1687 171 1516 14058 544 137 1433 13514 12717 2600 691 1909 141 951 466 10117
is_linear=0
shrinkage=0.05


Tree=122
num_leaves=31
num_cat=0
split_feature=103 134 137 103 0 99 0 49 138 48 131 141 115 85 49 138 101 115 135 92 135 81 139 44 23 50 30 76 24 134
split_gain=0.00011952 0.000235863 0.000225641 0.000201429 0.000969729 0.00298293 0.00063166 0.000176166 0.000266007 0.00027995 0.000149637 0.000136323 0.000279324 9.28716e-05 0.00023743 9.98848e-05 9.22082e-05 9.13076e-05 9.8505e-05 0.000271158 0.000146613 0.000278765 0.000438613 0.000262675 0.000150998 0.000115227 0.000156709 9.19821e-05 0.000127309 8.9803e-05
threshold=781.55000000000007 6.5650000000000004 0.56500000000000006 1015.35 0.019050000000000004 -0.80000000000001126 0.16960000000000003 992.1500000000002 9.9050000000000011 95.500000000000014 74.957203090391729 38.490000000000002 16.450000000000003 279.68915700000008 965.25000000000011 6.5700000000000012 7.4546732499999857 28.250000000000004 0.63000000000000012 21.050000000000008 5.7800000000000011 34.650000000000013 89.303625086230099 1182.5000000000002 17.163194444444446 1021.7500000000001 -2.9642857142857122 6.7500000000000018 47.850000000000001 10.980000000000002
decision_type=2 2 2 2 2 2 2 2 2 2 2 2 2 2 2 2 2 2 2 2 2 2 2 2 2 2 2 2 2 2
left_child=1 2 -1 4 7 -6 -7 8 -2 -10 -9 13 -13 17 15 -15 -3 18 19 -5 21 -20 23 -23 25 26 -22 29 -29 -26
right_child=3 16 -4 11 5 6 -8 10 9 -11 -12 12 -14 14 -16 -17 -18 -19 20 -21 24 22 -24 -25 27 -27 -28 28 -30 -31
leaf_value=0 0 -6.7195508412868188e-06 -0.00010918015205879785 0 0.00044196349222269985 0 0.00016868902175019686 -7.3222480826123584e-05 0.00012997512939556005 0 0 -4.8885478585141613e-06 -0.00010032375635364304 6.6188470579315136e-05 -6.0365995131920974e-05 0 4.625713536890024e-05 -3.5176952035772045e-05 0 -0.00012891580576394391 9.6784817550511e-05 0.00016988523840689811 0 0 5.422919358777801e-06 0 0 -3.69268598229426e-05 0 -3.4496251113265093e-06
leaf_weight=226 733 792 119 286 51 387 63 145 82 52 292 1194 99 56 217 62 90 149 565 50 115 101 197 67 7227 116 80 375 393 4050
leaf_count=226 733 792 119 286 51 387 63 145 82 52 292 1194 99 56 217 62 90 149 565 50 115 101 197 67 7227 116 80 375 393 4050
internal_value=0 -1.50102e-05 -5.00385e-05 1.13397e-06 1.70202e-05 7.65536e-05 2.31659e-05 -2.06236e-06 6.55295e-06 7.21259e-05 -3.05464e-05 -4.04453e-07 -1.61315e-05 6.83746e-07 -2.4448e-05 0 0 1.6599e-06 2.43241e-06 -2.24395e-05 3.43936e-06 2.30277e-05 5.70351e-05 0.000116333 1.55863e-06 3.61074e-05 5.95406e-05 2.48584e-07 -1.59011e-05 1.79309e-06
internal_weight=18431 1227 345 17204 1805 501 450 1304 867 134 437 15399 1293 14106 335 118 882 13771 13622 336 13286 930 365 168 12356 311 195 12045 768 11277
internal_count=18431 1227 345 17204 1805 501 450 1304 867 134 437 15399 1293 14106 335 118 882 13771 13622 336 13286 930 365 168 12356 311 195 12045 768 11277
is_linear=0
shrinkage=0.05


Tree=123
num_leaves=31
num_cat=0
split_feature=103 137 0 103 2 129 122 6 133 103 128 138 114 83 15 92 116 75 131 119 138 105 119 93 73 84 12 131 128 47
split_gain=0.000109628 0.0001935 0.000196327 0.000185329 0.000781802 0.00136954 0.0013063 0.000342663 0.000626645 0.000260828 0.000254122 0.000510244 0.000141918 0.000185608 0.000233739 0.000310337 0.000575567 0.000187538 0.000140344 0.000132825 0.000116517 0.000388001 0.000692489 9.26519e-05 0.000157365 0.000153563 0.000205514 0.00016608 0.00010818 9.00999e-05
threshold=781.55000000000007 0.48500000000000004 0.0061000000000000004 1098.3500000000001 0.0015615795000000004 6.5000000000000009 11.500000000000002 0.014288194444444445 20.620000000000001 1156.0500000000004 9.4793745449579916 4.3950000000000005 36.95000000000001 17.650000000000002 0.0011052083333333337 17.250000000000004 287.00212375000007 10.450000000000001 75.131285334062767 12.950000000000001 2.6200000000000006 24.500000000000004 14.550000000000002 264.41024810000005 32.150000000000013 6.2500000000000018 0.015489042500000001 53.449377895595291 8.3426492917905879 4.5000000000000009
decision_type=2 2 2 2 2 2 2 2 2 2 2 2 2 2 2 2 2 2 2 10 2 2 10 2 2 2 2 2 2 2
left_child=1 29 -3 4 7 -6 -7 12 -9 10 11 -5 13 -2 15 17 -17 19 -14 -15 21 22 -11 24 -22 -26 -27 -28 -25 -1
right_child=3 2 -4 9 5 6 -8 8 -10 20 -12 -13 18 14 -16 16 -18 -19 -20 -21 23 -23 -24 28 25 26 27 -29 -30 -31
leaf_value=-4.1784563624337823e-06 -8.9913865652941714e-06 -1.5845796000569961e-05 -0.00014351147376985934 -0.00017299128835284773 0 0 0.00039979415768022215 0 0.00017300963671049781 0.0002397675039922503 -1.1176894930631896e-07 0 -8.5349274575248238e-05 0 -2.3468888005269756e-06 0.00023639479327877265 0 0 0 9.3713531726014783e-05 0 0 0 6.2902944420063951e-05 0 0 -0.00012071234821389484 -1.5229753419593675e-05 6.7230014348120333e-07 3.4682980498283731e-05
leaf_weight=361 1140 634 51 85 186 59 56 54 80 51 376 53 96 50 252 55 53 293 163 95 2263 407 86 73 673 367 126 274 9738 181
leaf_count=361 1140 634 51 85 186 59 56 54 80 51 376 53 96 50 252 55 53 293 163 95 2263 407 86 73 673 367 126 274 9738 181
internal_value=0 -1.4434e-05 -3.28348e-05 1.02929e-06 1.33723e-05 8.95357e-05 0.00022447 1.35912e-06 7.97174e-05 -8.57773e-07 -3.58726e-05 -9.66349e-05 -1.17943e-06 1.04429e-06 2.16321e-05 4.18241e-05 0.000124536 9.80271e-06 -3.69895e-05 5.91625e-05 6.92836e-08 2.29949e-05 9.54842e-05 -4.8525e-07 -7.49473e-06 -2.04303e-05 -3.58196e-05 -6.11438e-05 1.65128e-06 0
internal_weight=18431 1227 685 17204 2632 301 115 2331 134 14572 514 138 2197 1938 798 546 108 438 259 145 14058 544 137 13514 3703 1440 767 400 9811 542
internal_count=18431 1227 685 17204 2632 301 115 2331 134 14572 514 138 2197 1938 798 546 108 438 259 145 14058 544 137 13514 3703 1440 767 400 9811 542
is_linear=0
shrinkage=0.05


Tree=124
num_leaves=31
num_cat=0
split_feature=103 137 0 103 85 28 19 85 128 156 104 141 115 121 2 52 16 131 85 28 83 35 128 142 119 85 104 128 12 87
split_gain=0.000101365 0.000178276 0.000171501 0.000167452 0.000875095 0.00240992 0.000612346 0.000126258 0.000208766 0.000152574 0.000391256 0.000125318 0.000247055 9.92037e-05 0.000282153 0.000598761 0.000621528 0.000451137 0.000173019 9.09732e-05 0.000230494 0.000130889 0.00010426 0.000285547 0.000472771 0.000133934 0.000104643 0.000246601 0.000312246 0.000286206
threshold=781.55000000000007 0.48500000000000004 0.0061000000000000004 1015.35 280.2043680000001 16.550000000000004 0.008150000000000001 278.63458665000007 9.8427803210978695 0.18000000000000002 0.75000000000000011 38.490000000000002 16.450000000000003 0.15000000000000005 0.00020991850000000003 32.500000000000007 0.33500000000000008 104.25131654813585 279.68915700000008 7.0500000000000007 18.450000000000003 288.16626455000005 9.0405005856617979 730.04212674744213 3.2500000000000004 277.2569534000001 1.9500000000000006 9.6850806486745231 0.023435599000000005 4.5000000000000009
decision_type=2 2 2 2 2 2 2 2 2 2 2 2 2 10 2 2 2 2 2 2 2 2 2 2 8 2 2 2 2 2
left_child=1 -1 -3 4 6 -6 7 9 -9 -2 -11 13 -13 18 -15 16 -16 -18 19 20 -5 -22 23 25 -25 -21 27 28 -24 -30
right_child=3 2 -4 11 5 -7 -8 8 -10 10 -12 12 -14 14 15 -17 17 -19 -20 22 21 -23 26 24 -26 -27 -28 -29 29 -31
leaf_value=0 -5.8195599166426363e-06 -1.5054753991194941e-05 -0.00013647389344371801 0 0.00041145005289068017 0 0.00013214328109329058 -0.00010665016021669766 0 0 0.0001233130361325838 -4.6539307343181417e-06 -9.5017411414301026e-05 0 0 -1.3845638833595693e-06 0.00029396547527979022 3.3973046998207119e-05 -4.0622134665891182e-05 -7.5121271640814989e-07 0.00012050115812785524 0 0 0.00016279176865121179 0 6.9071066568150328e-05 0 0 -0.00010525454452474813 0
leaf_weight=542 1081 634 51 438 50 85 87 73 86 257 86 1194 99 451 51 117 57 107 260 1555 77 57 267 78 191 69 8195 1804 219 113
leaf_count=542 1081 634 51 438 50 85 87 73 86 257 86 1194 99 451 51 117 57 107 260 1555 77 57 267 78 191 69 8195 1804 219 113
internal_value=0 -1.39211e-05 -3.15691e-05 9.46939e-07 1.54521e-05 0.000138507 2.43546e-06 -1.61551e-06 -4.47059e-05 0 3.16591e-05 -4.29512e-07 -1.55048e-05 5.98902e-07 1.79653e-05 5.36483e-05 0.000106612 0.000155873 -4.77425e-08 3.80148e-07 1.99975e-05 7.72384e-05 -1.19461e-07 1.02192e-05 5.81079e-05 0 -2.43868e-06 -1.16208e-05 -3.96052e-05 -7.19058e-05
internal_weight=18431 1227 685 17204 1805 135 1670 1583 159 1424 343 15399 1293 14106 783 332 215 164 13323 13063 572 134 12491 1893 269 1624 10598 2403 599 332
internal_count=18431 1227 685 17204 1805 135 1670 1583 159 1424 343 15399 1293 14106 783 332 215 164 13323 13063 572 134 12491 1893 269 1624 10598 2403 599 332
is_linear=0
shrinkage=0.05


Tree=125
num_leaves=31
num_cat=0
split_feature=104 81 24 114 93 115 61 101 28 61 131 133 77 61 6 128 77 54 119 138 92 131 113 120 9 132 83 138 28 19
split_gain=0.000147759 0.000242812 0.000152 0.000197314 0.000114267 0.000110918 0.000115509 0.000372841 0.000487605 0.000420002 0.000191364 0.000225175 0.00031827 0.000127401 0.00026712 0.00012166 0.000101311 0.000136779 0.000342379 0.000187906 9.96654e-05 7.58107e-05 0.000524682 7.99676e-05 0.000493266 7.01648e-05 7.24505e-05 7.53057e-05 0.000102527 6.46059e-05
threshold=1.0000000180025095e-35 55.250000000000007 32.400000000000013 28.750000000000004 267.11471225000008 28.550000000000004 225.45000000000002 6.6494529000000009 34.000000000000007 158.05000000000004 335.48476009160714 6.4300000000000006 276.45967800000005 118.90000000000002 0.014288194444444445 9.5324571561117377 286.40910475000004 0.13500000000000004 5.9500000000000011 6.1450000000000005 7.0500000000000016 35.942420820543425 1.2500000000000002 267.07739310000005 0.33256944444444447 5.5000000000000009 13.950000000000001 14.675000000000002 28.050000000000001 0.0086599999999999924
decision_type=2 2 2 2 2 2 2 2 2 2 2 2 2 2 2 2 2 2 10 2 2 2 2 8 2 2 2 2 2 2
left_child=16 2 3 4 -2 6 7 8 13 10 11 -10 -13 14 -4 -15 20 18 -18 -19 -1 22 23 24 -8 26 -22 28 -28 -23
right_child=1 -3 5 -5 -6 -7 21 -9 9 -11 -12 12 -14 15 -16 -17 17 19 -20 -21 25 29 -24 -25 -26 -27 27 -29 -30 -31
leaf_value=0 3.2779796883648342e-05 0.00010510333806578592 -4.4268714485126926e-06 0.0001244879438322473 0 -4.163476028818991e-05 0 0.00014385817005599426 0 0 0 0.00015881480677717264 0 6.0117857961221335e-05 -0.00010836453954138762 0 0.00013300170203120928 -6.7414002255988963e-05 0 2.1931771691306715e-06 0 -1.424979414106083e-06 0.0001381417116944552 -2.7141322287499138e-06 0.00016098358152984559 0 -6.0549363069526408e-05 0 -1.0320528255675756e-07 -1.9999097983113023e-05
leaf_weight=414 306 56 661 53 420 159 56 55 61 146 116 159 52 85 91 289 66 105 63 152 210 11776 74 1047 54 125 447 71 298 565
leaf_count=414 306 56 661 53 420 159 56 55 61 146 116 159 52 85 91 289 66 105 63 152 210 11776 74 1047 54 125 447 71 298 565
internal_value=0 1.36837e-06 6.95731e-07 2.22968e-05 7.79805e-06 -7.13795e-08 3.65621e-08 1.25439e-05 5.0989e-06 4.63331e-05 7.51779e-05 9.90232e-05 0.000123622 -1.00434e-05 -2.37717e-05 4.2165e-06 -1.31766e-05 0 5.03255e-05 -7.01678e-06 -1.94462e-05 -1.17633e-06 9.84992e-06 0 4.16116e-05 -2.70248e-05 -3.14648e-05 -3.82911e-05 -4.31059e-05 -2.68202e-06
internal_weight=18232 16281 16225 779 726 15446 15287 1715 1660 534 388 272 211 1126 752 374 1951 386 129 257 1565 13572 1231 1157 110 1151 1026 816 745 12341
internal_count=18232 16281 16225 779 726 15446 15287 1715 1660 534 388 272 211 1126 752 374 1951 386 129 257 1565 13572 1231 1157 110 1151 1026 816 745 12341
is_linear=0
shrinkage=0.05


Tree=126
num_leaves=31
num_cat=0
split_feature=104 85 126 89 82 135 19 121 28 92 94 134 94 120 85 30 77 54 29 138 92 28 104 50 132 19 138 69 68 138
split_gain=0.000133316 0.00023224 0.00258369 0.000256418 0.000430393 0.000165766 9.75156e-05 0.000196831 0.000323926 0.000420791 0.000575347 0.00119292 0.000195365 0.000283582 0.000142922 0.000181113 9.3591e-05 0.000117985 0.000279362 0.00017098 9.16198e-05 7.29034e-05 0.000137428 7.0002e-05 6.543e-05 6.40612e-05 6.03368e-05 6.33509e-05 5.95413e-05 0.000315575
threshold=1.0000000180025095e-35 280.2043680000001 20.500000000000004 55.050000000000004 28.190000000000001 21.465000000000003 -0.0047185714285714253 0.15000000000000005 26.400000000000002 12.950000000000005 15.500000000000002 9.7050000000000018 12.500000000000002 267.07739310000005 273.24204045000005 -1.2885714285714291 286.40910475000004 0.13500000000000004 27.400000000000002 6.1450000000000005 7.0500000000000016 23.700000000000003 9.0500000000000025 1024.3500000000001 5.5000000000000009 0.0040971428571428539 14.675000000000002 277.80282375000007 0.25000000000000006 2.6900000000000004
decision_type=2 2 2 2 2 2 2 10 2 2 2 2 2 8 2 2 2 2 2 2 2 2 2 2 2 2 2 2 2 2
left_child=16 3 -3 6 -5 -4 12 28 -9 10 -10 -12 13 -2 -14 23 20 18 -18 -19 -1 22 -15 -16 26 -11 27 -22 -8 -30
right_child=1 2 5 4 -6 -7 7 8 9 25 11 -13 14 21 15 -17 17 19 -20 -21 24 -23 -24 -25 -26 -27 -28 -29 29 -31
leaf_value=0 0.00010342407370465233 0.00031013141247967732 -7.6034669808985699e-05 -0.00016692902642344201 0 0 -3.6573172750797471e-07 0 0 5.2173121300831157e-06 0.00033290965004022341 1.041629277402535e-05 0 -9.7175474163252923e-05 -8.1276216524090675e-05 0 0 -6.4075101481562939e-05 0.00012920588743527641 2.0842353118722116e-06 0 0 0 0 0 -5.4774966092036964e-05 0 -4.0948799812882274e-05 0.00013217834108029323 2.8934511204401586e-06
leaf_weight=414 65 71 95 60 53 83 10488 530 202 151 61 124 388 55 244 142 71 105 58 152 187 1162 140 50 125 51 99 740 52 2014
leaf_count=414 65 71 95 60 53 83 10488 530 202 151 61 124 388 55 244 142 71 105 58 152 187 1162 140 50 125 51 99 740 52 2014
internal_value=0 1.27817e-06 4.92519e-05 2.18182e-07 -7.39726e-05 -2.80251e-05 1.0635e-06 2.92354e-06 2.31937e-05 4.8926e-05 7.96949e-05 0.000144852 -8.03093e-06 0 -2.7707e-05 -4.76121e-05 -1.25346e-05 0 4.69493e-05 -5.70958e-06 -1.8581e-05 -1.48248e-06 -3.07428e-05 -6.99497e-05 -2.58487e-05 0 -3.01456e-05 -3.41797e-05 7.16814e-07 8.62881e-06
internal_weight=18232 16281 249 16032 113 178 15919 13673 1119 589 387 185 2246 1422 824 436 1951 386 129 257 1565 1357 195 294 1151 202 1026 927 12554 2066
internal_count=18232 16281 249 16032 113 178 15919 13673 1119 589 387 185 2246 1422 824 436 1951 386 129 257 1565 1357 195 294 1151 202 1026 927 12554 2066
is_linear=0
shrinkage=0.05


Tree=127
num_leaves=31
num_cat=0
split_feature=104 81 24 114 93 115 114 131 41 101 0 12 112 128 113 131 85 24 56 85 132 50 76 77 54 17 138 136 92 16
split_gain=0.000118361 0.000217254 0.000136503 0.000175221 0.000104658 9.61253e-05 0.000110926 0.000405034 0.00104866 0.000113234 0.000236529 0.000321018 0.000264535 0.000282708 0.000201242 0.00049055 0.000112376 0.000106623 9.67915e-05 0.00011883 0.000197009 8.86836e-05 0.000112056 8.58682e-05 0.000104313 0.000231569 0.000204708 8.48324e-05 8.30214e-05 7.97237e-05
threshold=1.0000000180025095e-35 55.250000000000007 32.400000000000013 28.750000000000004 267.11471225000008 24.350000000000005 32.850000000000001 50.928189353158515 50.500000000000007 -3.418040250000018 0.23690000000000003 0.074414993000000026 281.19358570000003 10.399904867767566 1.2500000000000002 66.8244980939822 266.81188820000006 51.350000000000001 -2.4123536499999996 279.68915700000008 3.5000000000000004 1010.2500000000001 1.0000000180025095e-35 286.40910475000004 0.12500000000000003 0.0023500000000000001 6.1450000000000005 0.93000000000000005 7.0500000000000016 0.27500000000000008
decision_type=2 2 2 2 2 2 2 2 2 2 2 2 2 2 2 2 2 2 2 2 2 2 2 2 2 2 2 2 2 2
left_child=23 2 3 4 -2 6 9 8 -8 10 11 12 14 -14 17 -16 -13 -4 -11 -20 -21 -7 -23 28 25 -25 -26 -18 -1 -19
right_child=1 -3 5 -5 -6 21 7 -9 -10 18 -12 16 13 -15 15 -17 27 29 19 20 -22 22 -24 24 26 -27 -28 -29 -30 -31
leaf_value=0 3.1110051982971969e-05 9.933310671042643e-05 -7.3769200662183916e-06 0.00011777410214529449 0 0 0.0002209876203507975 0 0 -3.8722669518687361e-07 9.7612617993581805e-05 0 0.00013408353201783838 0 0.00017212367660128318 0 -0.00010367427372434198 0 -6.9316027449643187e-06 -0.00010412398215280241 0 -4.8278413182313953e-05 0 0 -6.6473536583149656e-05 0.00011522642407683071 9.9687454612821844e-06 0 -2.453354996487652e-05 2.3944176766292799e-05
leaf_weight=414 306 56 1480 53 420 164 79 1075 75 8143 74 140 89 94 59 54 95 446 2065 97 58 317 53 55 112 62 157 118 1151 671
leaf_count=414 306 56 1480 53 420 164 79 1075 75 8143 74 140 89 94 59 54 95 446 2065 97 58 317 53 55 112 62 157 118 1151 671
internal_value=0 1.23276e-06 5.79924e-07 2.10752e-05 6.98609e-06 -1.31342e-07 2.87475e-07 1.4887e-05 9.10576e-05 -6.59449e-07 6.88945e-06 3.2519e-06 1.01485e-05 7.0375e-05 4.2128e-06 6.9536e-05 -3.9014e-05 0 -3.56077e-06 -1.29447e-05 -6.04456e-05 -2.11513e-05 -3.52525e-05 -1.17862e-05 0 4.67173e-05 -3.46833e-06 -6.18923e-05 -1.76135e-05 1.28971e-05
internal_weight=18232 16281 16225 779 726 15446 14912 1229 154 13683 3320 3246 2893 183 2710 113 353 2597 10363 2220 155 534 370 1951 386 117 269 213 1565 1117
internal_count=18232 16281 16225 779 726 15446 14912 1229 154 13683 3320 3246 2893 183 2710 113 353 2597 10363 2220 155 534 370 1951 386 117 269 213 1565 1117
is_linear=0
shrinkage=0.05


Tree=128
num_leaves=31
num_cat=0
split_feature=104 85 92 89 82 14 103 93 103 8 49 49 118 110 90 137 84 96 5 138 0 133 112 47 122 82 8 137 56 112
split_gain=0.000105031 0.000210503 0.00235296 0.00023681 0.000381518 0.000108141 0.00019807 0.000181557 0.00013742 0.000219842 0.000986188 0.000469367 0.00012931 0.000279691 0.00071544 0.000116119 0.000571557 0.00070236 0.000121874 0.000103764 9.25903e-05 8.70613e-05 0.000124985 0.000226825 0.000124922 0.000173255 0.000163901 8.40059e-05 8.1721e-05 0.000188435
threshold=1.0000000180025095e-35 280.2043680000001 11.850000000000003 55.050000000000004 28.190000000000001 0.045132312000000001 2013.1500000000003 271.74166905000004 1470.4500000000003 0.048380708384198286 987.75000000000011 980.05000000000007 23.650000000000002 20.950000000000003 26.018367346938778 0.045000000000000005 10.150000000000004 32.812500000000007 1.3250000000000002 6.6100000000000003 0.17975000000000005 82.945000000000007 293.46440685000005 1.0000000180025095e-35 19.500000000000004 23.650000000000002 0.0044517125288326504 3.7200000000000002 -5.337078599999983 275.11178110000009
decision_type=2 2 2 2 2 2 2 2 2 2 2 2 10 2 2 2 2 2 2 2 2 2 2 2 2 2 2 2 2 2
left_child=21 3 -3 5 -5 8 7 -7 9 12 11 -11 13 14 19 16 -10 -18 -19 -2 -17 22 -1 -24 25 -23 -27 -14 29 -29
right_child=1 2 -4 4 -6 6 -8 -9 15 10 -12 -13 27 -15 -16 20 17 18 -20 -21 -22 24 23 -25 -26 26 -28 28 -30 -31
leaf_value=-9.6389422227036932e-06 0 0.00029608095337506617 -2.5760099389376514e-05 -0.00015843311123851474 0 -1.0806750979996752e-05 0 -0.00010810950149472932 0 0 -3.3724186177389156e-05 0.00027545510770668729 -4.619312457091597e-06 0 0.00023749178364419356 -7.4172920159484072e-07 0.00022125270748698056 6.7435361040102783e-05 0 5.3259491125984261e-05 -2.8689593645246319e-05 0 0.00010857259077596382 0 0 0 -0.00011466902574597281 0 0 8.6791337642223103e-05
leaf_weight=1442 211 71 178 60 53 539 858 91 1032 51 58 57 1955 871 51 9012 69 66 108 104 333 137 63 77 55 56 121 117 225 111
leaf_count=1442 211 71 178 60 53 539 858 91 1032 51 58 57 1955 871 51 9012 69 66 108 104 333 137 63 77 55 56 121 117 225 111
internal_value=0 1.16974e-06 4.68271e-05 1.45882e-07 -7.11662e-05 9.70595e-07 -1.12742e-05 -3.29346e-05 2.58031e-06 1.07392e-05 7.04559e-05 0.000172072 6.62962e-06 1.97628e-05 5.67693e-05 0 1.37687e-05 8.27497e-05 0 1.10277e-05 -2.27558e-06 -1.10952e-05 -2.38095e-06 3.64535e-05 -3.48347e-05 -4.91607e-05 -8.19161e-05 0 1.92524e-05 4.03359e-05
internal_weight=18232 16281 249 16032 113 15919 1488 630 14431 3811 166 108 3645 1237 366 10620 1275 243 174 315 9345 1951 1582 140 369 314 177 2408 453 228
internal_count=18232 16281 249 16032 113 15919 1488 630 14431 3811 166 108 3645 1237 366 10620 1275 243 174 315 9345 1951 1582 140 369 314 177 2408 453 228
is_linear=0
shrinkage=0.05


Tree=129
num_leaves=31
num_cat=0
split_feature=88 81 80 88 67 14 36 120 89 11 104 61 61 111 61 138 45 112 56 0 24 103 88 82 128 136 141 116 124 133
split_gain=9.70002e-05 0.000123537 0.000241999 9.08229e-05 0.000370454 0.000156459 0.000248218 0.000760204 0.000124346 0.000191728 9.97972e-05 0.000387521 0.000527451 0.000653768 0.000181214 0.000180861 0.000159867 0.000166218 0.000206984 0.000111068 9.5393e-05 7.73137e-05 7.28609e-05 0.000274071 6.4669e-05 6.59971e-05 8.54635e-05 6.41135e-05 6.21099e-05 0.000204283
threshold=50.937500000000007 51.250000000000007 17.937500000000004 42.112500000000004 7.6500000000000012 0.041051557500000009 270.33776315000006 267.37774775000008 46.45000000000001 0.0044062812152777788 0.35000000000000009 165.10000000000005 118.90000000000002 7.9500000000000011 1679.5000000000002 5.9350000000000014 12.500000000000002 287.58192340000005 8.8110913500000283 0.017150000000000002 46.650000000000013 603.00000000000011 33.287500000000016 25.060000000000006 9.2762685509947076 0.33500000000000008 20.495000000000005 270.73277845000007 -0.60355339059327384 86.075000000000017
decision_type=2 2 2 2 2 2 2 10 2 2 2 2 2 2 2 2 2 2 2 2 2 2 2 2 2 2 2 2 2 2
left_child=1 3 -3 8 -5 6 7 -6 10 20 14 12 19 -14 15 16 -1 -18 -19 -12 21 -10 23 -17 -8 26 -26 -28 29 -13
right_child=-2 2 -4 4 5 -7 24 -9 9 -11 11 28 13 -15 -16 22 17 18 -20 -21 -22 -23 -24 -25 25 -27 27 -29 -30 -31
leaf_value=0 6.2726174091800257e-05 -0.00013404123021424383 -1.6257975214080246e-07 0.00013431283278069237 0.00017248339177572435 -2.8771234685197531e-05 -3.7866646524496869e-05 0 0 -9.8409494138650177e-05 -4.9862161473748502e-06 2.578957042819238e-06 0.00020159870781614648 0 5.594531461708898e-05 0 -1.1919314850420755e-05 -0.00010208478906949508 0 4.6315581555987482e-05 0 -4.7589378776350564e-05 -1.5242658587375796e-05 8.2058544261414047e-05 0 0 0 6.7598576220345336e-05 -2.0281196590600393e-06 9.1166224688780332e-05
leaf_weight=110 60 50 404 62 91 221 102 200 51 79 296 3543 97 81 78 848 593 200 73 125 617 200 602 107 91 324 60 120 8675 72
leaf_count=110 60 50 404 62 91 221 102 200 51 79 296 3543 97 81 78 848 593 200 73 125 617 200 602 107 91 324 60 120 8675 72
internal_value=0 -3.70278e-07 -2.61581e-05 9.75738e-09 1.31212e-05 2.66813e-06 1.47782e-05 5.35244e-05 -7.00222e-07 -1.83405e-05 5.60932e-08 2.17665e-06 4.14301e-05 0.000114543 -8.49447e-06 -1.24733e-05 -2.94334e-05 -3.79106e-05 -7.58702e-05 0 -5.19447e-06 -3.22398e-05 0 6.6323e-06 0 4.84362e-06 2.56515e-05 4.65752e-05 0 5.75082e-06
internal_weight=18232 18172 454 17718 1271 1209 988 291 16447 947 15500 12889 599 178 2611 2533 976 866 273 421 868 251 1557 955 697 595 271 180 12290 3615
internal_count=18232 18172 454 17718 1271 1209 988 291 16447 947 15500 12889 599 178 2611 2533 976 866 273 421 868 251 1557 955 697 595 271 180 12290 3615
is_linear=0
shrinkage=0.05


Tree=130
num_leaves=31
num_cat=0
split_feature=59 141 83 75 128 131 139 114 56 115 100 40 61 19 44 0 33 126 49 120 25 132 93 142 126 89 99 81 134 117
split_gain=0.000111323 0.000121767 0.000161441 0.00152975 0.00245005 0.000335134 0.0001156 0.000571092 0.000455568 0.00107839 0.00159963 0.000278482 0.000131853 0.00037754 0.000130058 0.000112739 9.46638e-05 9.12705e-05 9.00774e-05 0.000116618 7.18513e-05 7.17993e-05 7.29465e-05 9.87844e-05 7.1032e-05 7.58738e-05 7.01332e-05 6.58168e-05 5.8776e-05 5.7901e-05
threshold=3.1531000000000007 20.535000000000004 30.650000000000002 14.950000000000001 9.608896471458312 67.443867958799743 83.560079890267147 34.250000000000007 0.8718375500000094 9.8500000000000032 -2.950000000000045 0.03500000000000001 165.10000000000005 0.0038071428571428557 967.50000000000011 0.17410000000000003 0.095737470612874284 22.500000000000004 939.35000000000002 286.47444750000005 19.500000000000004 5.5000000000000009 274.52277675000011 104.89846206479346 31.500000000000004 44.95000000000001 -2.1999999999999882 30.150000000000002 7.245000000000001 2.4500000000000006
decision_type=2 2 2 2 2 2 2 2 2 2 2 2 2 2 2 2 2 2 2 8 2 2 2 2 2 2 2 2 2 2
left_child=15 24 6 4 -4 -5 12 8 11 10 16 18 13 -3 -11 28 -10 21 -8 20 -20 22 23 -14 25 -2 -25 -28 -1 -19
right_child=1 2 3 5 -6 -7 7 -9 9 14 -12 -13 17 -15 -16 -17 -18 29 19 -21 -22 -23 -24 26 -26 -27 27 -29 -30 -31
leaf_value=-1.7339586727853108e-05 0 2.2490716831792886e-06 0.00043429843998422837 -0.00011930902763504911 0 0 0 0.00013827418391330236 -1.962981738758747e-05 -6.374848494509256e-05 0.00030475926236249511 8.4848835399074124e-06 0 0.00011957228612862474 0 -7.6909778110922691e-05 5.2803928661982263e-05 -8.564951495050542e-08 -7.8310655167907842e-05 0 0 0 0 0 -7.5202478172369273e-07 -3.9592602431082575e-05 0 -5.825798793374426e-05 0 2.8272307377892253e-05
leaf_weight=714 56 871 54 64 94 231 82 91 56 85 82 475 61 87 124 75 76 10222 240 123 59 156 302 58 1427 346 71 349 1451 180
leaf_count=714 56 871 54 64 94 231 82 91 56 85 82 475 61 87 124 75 76 10222 240 123 59 156 302 58 1427 346 71 349 1451 180
internal_value=0 1.62501e-06 3.44358e-06 3.39502e-05 0.000168864 -1.7185e-05 2.10444e-06 1.53105e-05 3.67262e-06 4.94832e-05 0.000131358 -1.10492e-05 1.03149e-07 1.8231e-05 -1.07674e-05 -1.02563e-05 0 -9.83231e-07 -3.93406e-05 -4.8786e-05 -6.57855e-05 -1.54815e-05 -2.22994e-05 -3.33628e-05 -9.84834e-06 -2.96491e-05 -4.20761e-05 -4.93029e-05 -5.60441e-06 0
internal_weight=18362 16122 14293 443 148 295 13850 1493 1402 423 214 979 12357 958 209 2240 132 11399 504 422 299 997 841 539 1829 402 478 420 2165 10402
internal_count=18362 16122 14293 443 148 295 13850 1493 1402 423 214 979 12357 958 209 2240 132 11399 504 422 299 997 841 539 1829 402 478 420 2165 10402
is_linear=0
shrinkage=0.05


Tree=131
num_leaves=31
num_cat=0
split_feature=59 100 83 89 96 138 131 30 85 123 26 46 15 103 141 50 139 56 30 85 29 128 29 19 93 90 0 85 67 105
split_gain=0.000102901 0.00011549 0.000367088 0.000158783 0.000220033 0.000283772 0.000562974 0.00192335 0.00234014 0.000511858 0.000148836 0.000143866 0.000195924 0.000150568 0.000151737 0.000127003 0.000125203 0.000641091 0.00112628 0.000158673 0.000116742 0.000170429 0.000126042 0.000107253 0.000108208 0.000103238 0.000100026 8.9149e-05 8.09083e-05 0.000101054
threshold=3.1531000000000007 -5.3000000000000105 35.20000000000001 49.650000000000013 38.63750000000001 2.9800000000000004 74.21506061840644 -1.8471428571428581 277.2569534000001 -0.37940952255126059 1.5000000000000002 54.500000000000007 0.00038437500000000006 1783.8000000000002 34.640000000000008 1022.1500000000002 89.033414029013926 0.8718375500000094 -2.1957142857142848 282.20200410000007 30.450000000000003 9.8206221143368442 22.850000000000005 -0.00011285714285714282 272.91438220000003 25.747959183673476 0.17410000000000003 271.19290785000004 15.950000000000001 20.500000000000004
decision_type=2 2 2 2 2 2 2 2 2 2 2 2 2 2 2 2 2 2 2 2 2 2 2 2 2 2 2 2 2 2
left_child=26 11 3 4 16 -6 7 8 -7 10 -9 20 -13 14 -14 25 19 -18 -19 -3 21 22 -2 24 27 -11 -1 -5 -8 -30
right_child=1 2 -4 23 5 6 28 9 -10 15 -12 12 13 -15 -16 -17 17 18 -20 -21 -22 -23 -24 -25 -26 -27 -28 -29 29 -31
leaf_value=-5.3186151717555156e-06 0 6.281393842603495e-08 0.00011333819811065602 0 -1.6769662104677757e-05 0 0 0.00016491425056301524 0.00046422028750384928 0 0 -6.2613367661648109e-06 0.0001024622477380035 0 0 0 0 0 0.00025471692648277726 -5.6799290434606902e-05 -5.8273123306439201e-06 0 -0.00010893777361938955 0 0 -8.267572532113756e-05 -7.3114890554183814e-05 -5.8185839270275923e-05 5.2826251493115706e-05 0
leaf_weight=2165 51 10195 77 84 309 60 971 53 61 54 53 387 119 106 53 55 455 68 72 122 1323 157 123 167 65 110 75 304 194 274
leaf_count=2165 51 10195 77 84 309 60 971 53 61 54 53 387 119 106 53 55 455 68 72 122 1323 157 123 167 65 110 75 304 194 274
internal_value=0 1.57046e-06 3.56262e-06 2.57434e-06 4.0675e-06 1.86307e-05 2.70906e-05 7.77524e-05 0.000248119 0 0.000101232 -8.12842e-06 6.65083e-06 4.25048e-05 7.13405e-05 -2.88501e-05 6.7977e-07 2.30943e-05 0.00011671 -1.30438e-07 -1.70921e-05 -4.69037e-05 -8.12916e-05 -2.08932e-05 -3.44629e-05 -5.50823e-05 -9.85134e-06 -4.56243e-05 7.87334e-06 2.49321e-05
internal_weight=18362 16122 13803 13726 13106 2194 1885 446 121 325 106 2319 665 278 172 219 10912 595 140 10317 1654 331 174 620 453 164 2240 388 1439 468
internal_count=18362 16122 13803 13726 13106 2194 1885 446 121 325 106 2319 665 278 172 219 10912 595 140 10317 1654 331 174 620 453 164 2240 388 1439 468
is_linear=0
shrinkage=0.05


Tree=132
num_leaves=31
num_cat=0
split_feature=161 88 85 131 67 136 4 19 2 59 89 137 22 131 136 137 90 2 89 106 90 140 61 131 90 131 66 67 50 131
split_gain=9.80068e-05 0.000354016 0.00274448 0.000242576 0.000218632 0.000154703 0.000149255 0.000204877 0.000280127 0.000138422 0.00012763 0.000256134 0.000260323 8.63809e-05 7.20678e-05 0.000135268 0.000114301 0.000308065 0.000346077 0.000315863 0.000292699 0.00085994 0.000139487 0.000213781 0.000110121 9.31078e-05 0.000221326 0.000146402 0.000266476 0.00026797
threshold=0.45918367346938782 42.437500000000007 277.2569534000001 60.081975585883832 4.1500000000000012 0.97500000000000009 0.0075369395000000009 -0.00025000000000000006 1.9300000000000005e-05 4.8755000000000006 46.45000000000001 1.7650000000000003 7.5000000000000009 37.757193452824723 1.9700000000000002 4.7500000000000009 20.484693877551027 0.00015051900000000003 34.250000000000007 23.850000000000005 26.502040816326538 69.210000000000022 179.25000000000003 100.2802120376448 17.880612244897964 50.928189353158515 35.475000000000009 9.9500000000000011 1021.9500000000002 101.26315336120409
decision_type=2 2 2 2 2 2 2 2 2 2 2 2 2 2 2 2 2 2 2 2 2 2 2 2 2 2 2 2 2 2
left_child=1 10 13 -2 -5 6 7 -6 -9 -8 14 -12 -13 -3 16 24 -1 25 19 -19 22 -22 23 -20 -16 26 -18 28 29 -27
right_child=3 2 -4 4 5 -7 9 8 -10 -11 11 12 -14 -15 15 -17 17 18 20 -21 21 -23 -24 -25 -26 27 -28 -29 -30 -31
leaf_value=-1.6278367809028321e-07 -5.2482272027368977e-05 -5.517567496521941e-05 0.0003118384552936391 9.5714589741239145e-05 0 -3.7118997933094551e-05 -9.0768268590990278e-05 0 0.00011290559696499258 0 0 -0.00014081159829765967 0 0 0 4.2672902177303179e-06 -2.6649603454768105e-05 0 0 0.00021944147851047768 0 0.00023231593591079523 -7.6470290900090489e-06 9.9538707732897496e-05 -3.5803606978141674e-05 0.00010252334245850603 5.0212817754034708e-05 0 0 2.094015994882419e-06
leaf_weight=8609 296 70 79 52 816 324 71 65 104 263 598 79 122 272 462 651 729 53 109 50 249 59 700 84 548 169 71 1875 427 306
leaf_count=8609 296 70 79 52 816 324 71 65 104 263 598 79 122 272 462 651 729 53 109 50 249 59 700 84 548 169 71 1875 427 306
internal_value=0 1.4284e-06 4.6652e-05 -1.03069e-05 0 -6.093e-06 0 1.13041e-05 6.12702e-05 -2.71614e-05 0 -1.92058e-05 -6.80501e-05 -7.57864e-07 1.25814e-06 -7.84028e-06 2.74953e-06 8.90935e-06 2.97844e-05 0.000126576 1.72253e-05 5.9349e-05 0 3.98272e-05 -2.05864e-05 0 -1.35317e-05 5.56721e-06 2.23757e-05 4.84702e-05
internal_weight=18362 16371 421 1991 1695 1643 1319 985 169 334 15950 799 201 342 15151 1661 13490 4881 1304 103 1201 308 893 193 1010 3577 800 2777 902 475
internal_count=18362 16371 421 1991 1695 1643 1319 985 169 334 15950 799 201 342 15151 1661 13490 4881 1304 103 1201 308 893 193 1010 3577 800 2777 902 475
is_linear=0
shrinkage=0.05


Tree=133
num_leaves=31
num_cat=0
split_feature=59 100 83 120 43 112 91 59 46 29 4 89 29 128 18 124 139 84 13 120 105 116 77 0 137 22 103 94 110 128
split_gain=9.54833e-05 0.00010466 0.000320347 0.000173601 0.000778397 0.000200683 0.000316381 0.000187057 0.000130648 0.000137546 0.000195149 0.000128713 0.000105016 0.00014938 0.00012014 0.00010257 0.000439637 0.00106745 0.000298022 0.000942087 0.000104887 0.000191809 8.70885e-05 8.70714e-05 7.93888e-05 0.00032112 0.000150735 7.64099e-05 0.000319871 0.000148883
threshold=3.1531000000000007 -5.3000000000000105 35.20000000000001 267.5891979000001 0.25250000000000006 289.58833340000007 20.650000000000002 8.4177500000000016 54.500000000000007 30.450000000000003 3.6650000000000003e-05 46.800000000000004 30.450000000000003 9.8206221143368442 0.0003020833333333334 -0.37940952255126015 89.033414029013926 12.450000000000005 0.0031545334513888895 271.36744750000008 6.5000000000000009 284.54163935000003 276.11440030000006 0.17410000000000003 1.7000000000000002 7.5000000000000009 1131.3000000000004 14.500000000000002 18.150000000000002 10.041791911176277
decision_type=2 2 2 8 2 2 2 2 2 2 2 2 2 2 2 2 2 2 2 8 2 2 2 2 2 2 2 2 2 2
left_child=23 8 3 4 -3 -6 7 -7 12 10 22 15 13 14 -2 16 18 -18 -5 -20 21 -17 -10 -1 -13 26 -26 -22 29 -29
right_child=1 2 -4 11 5 6 -8 -9 9 -11 -12 24 -14 -15 -16 20 17 -19 19 -21 27 -23 -24 -25 25 -27 -28 28 -30 -31
leaf_value=-5.1104343947263818e-06 0 0.00019566620487614908 0.00010608538938938113 0 -1.0562699152150227e-06 0 0 0.0001694319530603631 0 -3.7794147299386753e-06 0 0 -5.3858727129098943e-06 0 -0.00010428477316960139 0 0 0.00027050231306632427 0.00024818248577503256 0 -1.5601843372348913e-06 -8.7236012880043064e-05 8.7704844801343747e-05 -6.9218013898678595e-05 -0.00015802120812485087 0 0 0.000109756242606766 0 0
leaf_weight=2165 52 62 77 4425 808 55 204 62 51 365 111 662 1323 157 122 282 230 54 50 234 5631 98 138 75 65 165 50 111 362 116
leaf_count=2165 52 62 77 4425 808 55 204 62 51 365 111 662 1323 157 122 282 230 54 50 234 5631 98 138 75 65 165 50 111 362 116
internal_value=0 1.48786e-06 3.39664e-06 2.44864e-06 2.07885e-05 6.59546e-06 4.13273e-05 0.0001066 -7.71483e-06 6.12381e-06 3.47566e-05 3.05735e-07 -1.63002e-05 -4.47167e-05 -7.69903e-05 2.138e-06 7.72162e-06 6.89725e-05 2.95215e-06 5.25191e-05 -1.32917e-06 -2.68113e-05 6.69441e-05 -9.51797e-06 -1.69197e-05 -4.0829e-05 -0.000104685 0 1.73359e-05 6.54603e-05
internal_weight=18362 16122 13803 13726 1191 1129 321 117 2319 665 300 12535 1654 331 174 11593 4993 284 4709 284 6600 380 189 2240 942 280 115 6220 589 227
internal_count=18362 16122 13803 13726 1191 1129 321 117 2319 665 300 12535 1654 331 174 11593 4993 284 4709 284 6600 380 189 2240 942 280 115 6220 589 227
is_linear=0
shrinkage=0.05


Tree=134
num_leaves=31
num_cat=0
split_feature=94 134 87 50 134 107 19 131 89 133 137 6 90 19 104 96 3 120 134 101 96 56 132 84 133 135 138 36 91 8
split_gain=8.79025e-05 0.000450523 0.000203771 0.00107224 0.00243276 0.000169006 0.000191878 0.000299805 0.000156333 0.000205933 0.000325914 0.000267879 0.000121517 9.19582e-05 0.000135178 8.0816e-05 0.000344331 0.000653772 0.000194389 0.000743717 8.83785e-05 0.000320192 0.00129383 0.00161912 0.000244977 0.000162756 0.000128952 0.000201525 9.53316e-05 0.000104084
threshold=22.500000000000004 8.3850000000000016 1.5000000000000002 1016.85 6.8950000000000005 3.7500000000000004 -0.00025000000000000006 262.29400413077127 46.45000000000001 24.840000000000007 0.56500000000000006 0.00036666666666666678 31.692857142857147 0.012788571428571425 4.5500000000000016 36.537500000000016 0.13707818250000001 273.87612060000009 5.8850000000000007 3.0090730000000296 33.237500000000004 1.5571669000000272 1.5000000000000002 18.850000000000005 83.105000000000004 9.4400000000000031 5.8700000000000001 271.39772395000006 17.050000000000004 0.012631229303058241
decision_type=2 2 2 2 2 2 2 2 2 2 2 2 2 2 2 2 2 10 2 2 2 2 2 2 2 2 2 2 2 2
left_child=2 12 8 -4 -5 -3 -7 -8 13 -10 -11 -12 -2 15 -15 20 18 -18 19 -17 21 -1 23 -23 28 26 27 -22 -24 -30
right_child=1 5 3 4 -6 6 7 -9 9 10 11 -13 -14 14 -16 16 17 -19 -20 -21 25 22 24 -25 -26 -27 -28 -29 29 -31
leaf_value=0 -6.8358858819256879e-05 8.4662784191065027e-05 0 0.00037256459071328729 0 -1.0634800117395126e-05 9.8686675225638149e-05 0 0 0 0 -0.00015740799824015995 0 -4.9815791115217915e-05 0 0 0 0.00016182949053750021 -2.4122142117362584e-06 0.00021405340919491389 0 0.0002943235016288753 0 0 -9.7785065787567125e-05 0 0 -0.00012113609407386225 4.9189341036104711e-05 0
leaf_weight=8778 346 58 906 66 178 1223 111 114 454 108 52 95 139 211 259 158 145 104 1588 50 137 93 327 89 58 1919 221 94 225 56
leaf_count=8778 346 58 906 66 178 1223 111 114 454 108 52 95 139 211 259 158 145 104 1588 50 137 93 327 89 58 1919 221 94 225 56
internal_value=0 -9.8123e-06 1.30692e-06 2.16077e-05 0.000114606 5.04452e-07 0 3.88588e-05 0 -2.31133e-05 -5.90992e-05 -0.000107456 -5.20706e-05 8.91406e-07 -1.99871e-05 1.94765e-06 1.11707e-05 6.6795e-05 6.43601e-07 4.77969e-05 0 2.49655e-06 3.18359e-05 0.000149591 0 -8.2372e-06 -3.54048e-05 -6.19445e-05 8.90461e-06 3.18806e-05
internal_weight=18362 1991 16371 1150 244 1506 1448 225 15221 709 255 147 485 14512 470 14042 2045 249 1796 208 11997 9626 848 182 666 2371 452 231 608 281
internal_count=18362 1991 16371 1150 244 1506 1448 225 15221 709 255 147 485 14512 470 14042 2045 249 1796 208 11997 9626 848 182 666 2371 452 231 608 281
is_linear=0
shrinkage=0.05


Tree=135
num_leaves=31
num_cat=0
split_feature=160 137 112 131 44 94 134 88 85 156 89 131 131 118 101 131 61 28 137 59 19 19 137 21 84 75 21 123 35 131
split_gain=9.82643e-05 0.000138302 0.000126783 0.000420067 0.000702527 0.000157142 0.000304469 0.000234214 0.00180838 0.000225213 0.000184814 0.000213331 0.00039282 0.000148947 0.000114938 0.000112042 0.000104862 0.000470276 0.000497939 0.0002498 0.000258606 0.000116221 0.000104287 8.1585e-05 7.90475e-05 0.000203577 0.00022223 0.000137422 8.61484e-05 0.000109735
threshold=0.49693877551020421 3.7200000000000002 293.46440685000005 79.477407176874536 667.50000000000011 22.500000000000004 8.6500000000000021 41.937500000000007 277.2569534000001 0.7400000000000001 46.45000000000001 53.449377895595291 27.860477720515643 32.550000000000004 -2.8433898499999937 37.757193452824723 172.35000000000005 34.000000000000007 0.075000000000000025 3.3914500000000007 -0.0021628571428571421 0.0061357142857142912 0.60500000000000009 0.68750000000000011 16.350000000000005 14.15 0.57638888888888895 0.37940952255126054 284.31009090000003 62.20474218226024
decision_type=2 2 2 2 2 2 2 2 2 2 2 2 2 10 2 2 2 2 2 2 2 2 2 2 2 2 2 2 2 2
left_child=2 14 5 4 -4 7 9 10 15 13 16 12 -12 22 -2 -9 17 23 -19 -20 -21 24 -7 -1 28 26 27 -26 -18 -30
right_child=1 -3 3 -5 -6 6 -8 8 -10 -11 11 -13 -14 -15 -16 -17 21 18 19 20 -22 -23 -24 -25 25 -27 -28 -29 29 -31
leaf_value=-5.6348800260264099e-06 0 0 0.00017650693563218739 0 0 0 0 -6.0313526856742861e-05 0.00024377814042879419 0 0 -4.9464896488630382e-06 -0.00019207755768015973 0 -4.3013516030587594e-05 0 1.2381769377889641e-06 0 0 0 0.00021584971161535258 -1.8049541689529061e-05 -0.00012567446520263931 4.8431612007629455e-05 0.00017597055499209092 0 0 0 -3.4299169713790159e-05 0
leaf_weight=956 135 209 99 444 120 99 1121 76 85 132 50 613 52 101 478 289 10179 92 58 61 84 880 148 73 51 351 75 59 402 827
leaf_count=956 135 209 99 444 120 99 1121 76 85 132 50 613 52 101 478 289 10179 92 58 61 84 880 148 73 51 351 75 59 402 827
internal_value=-6.3711e-07 -1.75377e-05 0 2.15717e-05 7.86e-05 -6.86546e-07 -1.57228e-05 5.59949e-07 3.6164e-05 -4.90492e-05 -1.83995e-07 -2.52091e-05 -9.72097e-05 -7.02071e-05 -3.12311e-05 0 7.29015e-07 1.42402e-05 6.98546e-05 0.000114815 0.000150654 -2.77074e-07 -9.18581e-05 0 6.15167e-07 1.94016e-05 6.18306e-05 0.000106824 0 -1.2744e-05
internal_weight=18399 822 17577 663 219 16914 1601 15313 450 480 14863 715 102 348 613 365 14148 1324 295 203 145 12824 247 1029 11944 536 185 110 11408 1229
internal_count=18399 822 17577 663 219 16914 1601 15313 450 480 14863 715 102 348 613 365 14148 1324 295 203 145 12824 247 1029 11944 536 185 110 11408 1229
is_linear=0
shrinkage=0.05


Tree=136
num_leaves=31
num_cat=0
split_feature=92 112 100 94 134 88 85 86 89 133 104 19 118 131 81 119 28 23 103 23 120 35 75 84 100 73 1 112 90 30
split_gain=8.44489e-05 0.000111953 0.000440478 0.000145639 0.000280178 0.000211643 0.00163409 0.000209744 0.000171742 0.000194277 0.000308221 0.000285649 0.000133243 0.000101256 8.78322e-05 8.6706e-05 0.000260996 0.000335139 0.000436721 0.000100182 0.000213826 0.000351876 7.96924e-05 0.000161346 0.000546762 7.32088e-05 6.95984e-05 6.39883e-05 9.53109e-05 5.38946e-05
threshold=24.250000000000007 293.46440685000005 -2.1999999999999882 22.500000000000004 8.6500000000000021 41.937500000000007 277.2569534000001 18.500000000000004 46.45000000000001 24.840000000000007 0.45000000000000007 -2.7142857142857134e-05 32.550000000000004 37.757193452824723 33.750000000000007 13.050000000000002 34.000000000000007 24.960416666666671 1090.6000000000001 17.163194444444446 272.75252675000007 285.14348085000006 14.950000000000001 13.550000000000002 -2.450000000000045 39.050000000000004 1.0850000000000001e-05 286.2791492500001 26.594897959183676 -2.4299999999999997
decision_type=2 2 2 2 2 2 2 2 2 2 2 2 10 2 2 10 2 2 2 2 8 2 2 2 2 2 2 2 2 2
left_child=1 3 29 5 7 8 13 12 15 -10 -11 -12 -5 -7 -2 19 -17 -18 -19 20 21 -1 23 27 -25 26 -16 28 -21 -3
right_child=14 2 -4 4 -6 6 -8 -9 9 10 11 -13 -14 -15 25 16 17 18 -20 22 -22 -23 -24 24 -26 -27 -28 -29 -30 -31
leaf_value=0.0001339308660097451 0 2.4187859893787215e-05 0.00016253007706172167 -8.8108100897795426e-05 0 -5.7337014772431979e-05 0.00023173095622718563 0 0 0 -0.00017188700084070776 0 0 0 0 0 0 0.00014802181660314776 0 0 0 0 -7.1596119746906457e-06 0 0.0001830574557682684 0 -5.1897639684454083e-05 -2.8148297069312301e-05 5.7931141865838966e-05 -1.4044089391547876e-06
leaf_weight=90 357 228 51 247 1121 76 85 132 474 110 80 51 101 289 126 1171 208 127 122 6887 410 53 4430 322 52 50 294 201 70 384
leaf_count=90 357 228 51 247 1121 76 85 132 474 110 80 51 101 289 126 1171 208 127 122 6887 410 53 4430 322 52 50 294 201 70 384
internal_value=-6.08895e-07 0 2.02559e-05 -6.63518e-07 -1.51423e-05 5.25044e-07 3.4375e-05 -4.71157e-05 -1.65907e-07 -2.42999e-05 -6.12703e-05 -0.000112783 -6.75423e-05 0 -1.6224e-05 7.02314e-07 1.16844e-05 4.37062e-05 8.27704e-05 -3.27605e-07 1.98394e-05 7.22947e-05 -1.67946e-06 8.80513e-07 3.30303e-05 -3.04783e-05 -3.83925e-05 -1.05247e-07 0 0
internal_weight=18399 17572 663 16909 1601 15308 450 480 14858 715 241 131 348 365 827 14143 1628 457 249 12515 553 143 11962 7532 374 470 420 7158 6957 612
internal_count=18399 17572 663 16909 1601 15308 450 480 14858 715 241 131 348 365 827 14143 1628 457 249 12515 553 143 11962 7532 374 470 420 7158 6957 612
is_linear=0
shrinkage=0.05


Tree=137
num_leaves=31
num_cat=0
split_feature=15 69 116 120 3 49 112 119 104 15 49 105 85 136 83 47 24 134 28 85 119 83 85 28 135 43 121 135 142 90
split_gain=7.8626e-05 0.000183377 0.000195659 0.000222549 0.000132924 0.00011385 8.41073e-05 0.000346775 9.23344e-05 0.000170993 0.000476072 0.00040741 0.000136991 0.00106175 0.000288074 0.000201984 9.2017e-05 0.000158459 8.49961e-05 8.07486e-05 0.000238083 0.000856637 0.000315787 0.000118241 0.000104893 0.000129482 0.000149547 0.000121976 0.000225294 0.000188113
threshold=0.0038979166666666672 275.95184835000003 294.26646695000005 266.61426030000007 0.053572639500000012 967.35000000000002 293.46440685000005 6.5500000000000007 1.0000000180025095e-35 0.001954166666666667 972.45000000000016 24.500000000000004 280.2043680000001 1.0600000000000003 34.45000000000001 97.500000000000014 59.45000000000001 8.8950000000000014 25.150000000000002 272.59712980000006 15.65 30.650000000000002 272.90091890000002 42.250000000000007 13.790000000000001 0.26750000000000007 0.25000000000000006 32.940000000000005 677.4549217657933 21.729591836734699
decision_type=2 2 2 10 2 2 2 10 2 2 2 2 2 2 2 2 2 2 2 2 8 2 2 2 2 2 10 2 2 2
left_child=6 -2 3 -3 -5 -6 8 -8 18 12 11 -11 14 -14 19 -16 -9 -18 -1 -10 21 22 -21 24 -24 -26 27 28 29 -27
right_child=1 2 -4 4 5 -7 7 16 9 10 -12 -13 13 -15 15 -17 17 -19 -20 20 -22 -23 23 -25 25 26 -28 -29 -30 -31
leaf_value=-2.1763921187780632e-05 0 0 8.2456469311166445e-06 -1.2786153318061262e-05 0 -0.00014531844378628498 0.00012585185587661672 -8.1131582266527528e-06 -2.9515979603682099e-06 0.00020164484620909209 0 0 -3.5487591985571738e-06 0.00023702082694175916 -0.00013332253624892995 0 9.4688440719315316e-05 0 0 0.00010511951125622967 -2.2940854361601454e-06 0.00021887777313168045 -1.1702358286611646e-05 -5.2281281948056017e-05 -9.3978504605146527e-06 0 0 0 0 9.6724787705607031e-05
leaf_weight=920 1038 218 56 233 52 107 67 386 9262 64 670 136 106 52 69 83 66 119 711 85 2470 55 238 77 116 64 274 245 111 249
leaf_count=920 1038 218 56 233 52 107 67 386 9262 64 670 136 106 52 69 83 66 119 711 85 2470 55 238 77 116 64 274 245 111 249
internal_value=-5.6782e-07 -1.08825e-05 -3.1465e-05 -4.33014e-05 -6.58088e-05 -0.000111693 1.86075e-07 1.81324e-05 -2.16707e-07 7.36788e-07 2.23283e-05 8.98982e-05 -2.81647e-07 4.51722e-05 -1.19417e-06 -6.9512e-05 0 3.31637e-05 -1.17093e-05 -2.75796e-08 5.51451e-06 2.15472e-05 1.05389e-05 9.79314e-07 8.0312e-06 1.719e-05 2.57637e-05 3.86423e-05 5.54215e-05 7.71432e-05
internal_weight=18399 1704 666 610 392 159 16695 638 16057 14426 870 200 13556 158 13398 152 571 185 1631 13246 3984 1514 1459 1374 1297 1059 943 669 424 313
internal_count=18399 1704 666 610 392 159 16695 638 16057 14426 870 200 13556 158 13398 152 571 185 1631 13246 3984 1514 1459 1374 1297 1059 943 669 424 313
is_linear=0
shrinkage=0.05


Tree=138
num_leaves=31
num_cat=0
split_feature=160 112 100 94 134 88 74 131 86 118 11 96 49 96 131 58 139 81 2 126 6 43 73 136 11 105 13 93 86 128
split_gain=7.72419e-05 9.31652e-05 0.000392189 0.000132768 0.000248952 0.000191707 0.000930236 0.00270714 0.000177324 0.000112945 0.000105077 0.000299613 0.00036246 0.000322218 0.000101934 0.000119103 8.04475e-05 7.56121e-05 7.29641e-05 9.01877e-05 0.000107742 7.05755e-05 8.75492e-05 6.64504e-05 0.000145057 0.000244773 0.00019829 0.000208013 0.000313385 0.000493366
threshold=0.49693877551020421 293.46440685000005 -2.1999999999999882 22.500000000000004 8.8550000000000022 39.337500000000013 22.321428571428577 59.178829201212871 18.500000000000004 32.550000000000004 0.0043609413958333341 39.212500000000013 979.45000000000016 36.812500000000007 28.932590165984791 3.4499999999999997 34.212141498989773 33.750000000000007 0.0040711290000000006 56.500000000000007 0.0053062500000000011 0.37850000000000006 38.850000000000001 0.19500000000000003 0.0017525849375000003 25.500000000000004 0.0017787170069444448 273.58073185000006 7.5000000000000009 11.379315089454677
decision_type=2 2 2 2 2 2 2 2 2 10 2 2 2 2 2 2 2 2 2 2 2 2 2 2 2 2 2 2 2 2
left_child=1 3 -3 5 8 10 7 -7 9 -5 18 13 -13 -12 15 -8 -9 -2 23 20 -20 22 -19 -1 -25 26 27 28 29 -26
right_child=17 2 -4 4 -6 6 14 16 -10 -11 11 12 -14 -15 -16 -17 -18 21 19 -21 -22 -23 -24 24 25 -27 -28 -29 -30 -31
leaf_value=-4.2786231452786294e-06 0 0 0.00015241142168122225 -7.7065206844557007e-05 0 0.00038373312924522914 -8.6497012780332506e-05 -1.0351301879993233e-05 0 0 -1.3399785883223964e-05 0 -0.00015991238577310772 8.4817046974876569e-05 2.0210964036471094e-07 0 4.5458184057289535e-05 -4.6636985147049222e-05 -9.4024224569805737e-05 0 0 0 0 0 0.00015453509116133415 0 0 0 0 0
leaf_weight=2827 354 612 51 282 1033 64 73 121 160 126 1057 56 74 85 588 67 90 359 72 530 122 59 50 7094 173 1362 388 159 156 155
leaf_count=2827 354 612 51 282 1033 64 73 121 160 126 1057 56 74 85 588 67 90 359 72 530 122 59 50 7094 173 1362 388 159 156 155
internal_value=-5.49527e-07 0 1.85079e-05 -5.68367e-07 -1.4411e-05 5.53247e-07 2.18415e-05 0.000100784 -4.09697e-05 -5.84726e-05 -5.90902e-07 -1.44503e-05 -8.78822e-05 -1.64716e-06 -1.21765e-06 -4.26008e-05 0 -1.55366e-05 3.78777e-07 -1.44095e-05 -4.39116e-05 -2.87512e-05 -3.70935e-05 1.65536e-06 3.95086e-06 1.46063e-05 3.29828e-05 5.01303e-05 6.64014e-05 9.42398e-05
internal_weight=18399 17577 663 16914 1601 15313 1003 275 568 408 14310 1272 130 1142 728 140 211 822 13038 724 194 468 409 12314 9487 2393 1031 643 484 328
internal_count=18399 17577 663 16914 1601 15313 1003 275 568 408 14310 1272 130 1142 728 140 211 822 13038 724 194 468 409 12314 9487 2393 1031 643 484 328
is_linear=0
shrinkage=0.05


Tree=139
num_leaves=31
num_cat=0
split_feature=160 137 101 112 100 94 88 85 89 131 131 131 121 97 92 119 32 131 61 28 137 59 19 19 114 82 21 84 75 30
split_gain=6.76037e-05 0.000113616 0.000102193 8.72492e-05 0.000351626 0.000120567 0.000175848 0.00140005 0.000150588 0.000177492 0.000328715 0.000108393 0.000128172 0.000152914 0.000128832 0.000144596 9.08452e-05 8.81533e-05 8.65856e-05 0.000377415 0.000423877 0.000212808 0.000214103 0.000100283 7.6974e-05 0.000154118 7.05574e-05 6.66975e-05 0.000173504 0.000198172
threshold=0.49693877551020421 3.7200000000000002 -2.8433898499999937 293.46440685000005 -2.1999999999999882 22.500000000000004 41.937500000000007 277.2569534000001 46.45000000000001 53.449377895595291 27.860477720515643 91.501061372272162 0.25000000000000006 5.0000000000000036 6.8500000000000023 11.850000000000003 16.150000000000002 37.757193452824723 172.35000000000005 34.000000000000007 0.075000000000000025 3.3914500000000007 -0.0021628571428571421 0.0061357142857142912 18.050000000000004 25.934000000000005 0.68750000000000011 16.350000000000005 14.15 -0.20714285714285793
decision_type=2 2 2 2 2 2 2 2 2 2 2 2 10 2 2 10 2 2 2 2 2 2 2 2 2 2 2 2 2 2
left_child=3 2 -2 5 -5 6 8 17 18 10 -10 12 13 14 -7 -16 -17 -8 19 26 -21 -22 -23 27 -25 -26 -1 -20 29 -29
right_child=1 -3 -4 4 -6 11 7 -9 9 -11 -12 -13 -14 -15 15 16 -18 -19 23 20 21 22 -24 24 25 -27 -28 28 -30 -31
leaf_value=-4.960371640762386e-06 0 0 -3.858192129445626e-05 0 0.0001449373935415329 0 -5.3498777167799023e-05 0.00021414447468360296 0 -3.5081357428556386e-06 -0.00017522774555748944 0 0 0 0 -0.00010643782666673813 0 0 0 0 0 0 0.00019685156375592617 0 -6.5002985915690748e-05 0 4.5447668651930239e-05 9.913801238462433e-05 0 0
leaf_weight=956 135 209 478 612 51 120 76 85 50 613 52 1002 71 69 96 192 51 289 11408 92 58 61 84 505 194 181 73 111 351 74
leaf_count=956 135 209 478 612 51 120 76 85 50 613 52 1002 71 69 96 192 51 289 11408 92 58 61 84 505 194 181 73 111 351 74
internal_value=-4.94042e-07 -1.45194e-05 -2.72979e-05 0 1.79226e-05 -5.34525e-07 5.19671e-07 3.13644e-05 -7.98662e-08 -2.27136e-05 -8.84365e-05 -1.37327e-05 -3.09057e-05 -4.10985e-05 -5.26641e-05 -6.85543e-05 -8.96118e-05 0 7.12123e-07 1.29815e-05 6.27851e-05 0.000104472 0.000137456 -1.65664e-07 -1.67176e-05 -3.41561e-05 0 6.36549e-07 1.78752e-05 5.70486e-05
internal_weight=18399 822 613 17577 663 16914 15313 450 14863 715 102 1601 599 528 459 339 243 365 14148 1324 295 203 145 12824 880 375 1029 11944 536 185
internal_count=18399 822 613 17577 663 16914 15313 450 14863 715 102 1601 599 528 459 339 243 365 14148 1324 295 203 145 12824 880 375 1029 11944 536 185
is_linear=0
shrinkage=0.05


Tree=140
num_leaves=31
num_cat=0
split_feature=80 88 131 96 22 73 129 155 18 47 90 0 88 102 1 118 30 2 155 114 137 1 58 19 30 31 94 29 91 134
split_gain=7.24247e-05 0.000340433 0.000322136 0.000330846 0.000231564 0.000118285 0.000280751 0.000681387 0.000950834 0.000836565 0.000147047 0.000730772 0.000208167 0.000149902 0.000124502 0.000257656 7.39784e-05 0.000154426 0.000121698 6.05238e-05 6.902e-05 5.70436e-05 0.00011388 9.4614e-05 4.95135e-05 3.88766e-05 3.7083e-05 0.000230211 4.63523e-05 7.48459e-05
threshold=29.187500000000004 49.962500000000006 37.757193452824723 40.462500000000006 3.5000000000000004 27.350000000000005 7.5000000000000009 0.28600000000000009 0.0039416666666666671 66.500000000000014 25.575510204081635 0.18590000000000004 39.462500000000013 -0.20000000000000059 0.0008322160000000001 25.250000000000004 -3.3771428571428563 8.5250000000000026e-05 0.35000000000000009 29.950000000000003 0.23500000000000001 0.00023714850000000002 4.2500000000000009 0.00057142857142857147 0.40142857142857297 6.7500000000000009 14.500000000000002 47.050000000000004 19.850000000000005 6.2250000000000005
decision_type=2 2 2 2 2 2 2 2 2 2 2 2 2 2 2 10 2 2 2 2 2 2 2 2 2 2 2 2 2 2
left_child=1 5 3 21 -5 10 16 -8 -9 -10 12 13 26 14 15 -12 17 -7 -18 -15 -21 22 -2 24 -23 -22 28 -28 -1 -30
right_child=2 -3 -4 4 -6 6 7 8 9 -11 11 -13 -14 19 -16 -17 18 -19 -20 20 25 23 -24 -25 -26 -27 27 -29 29 -31
leaf_value=4.6935876149026153e-07 0 0.00011016220787352009 0 0 -0.00013070544639449535 0 0 0 0 0.00035197139800433876 0.00012185390759407924 -0.00019446385189344017 0.00010016251883877524 0 0 0 1.4779236102782655e-06 6.9571513186490158e-05 -2.7771719004902809e-05 0 0 -6.5465034173267553e-05 7.4577652843765702e-05 0 0 -4.1983980902505835e-05 0 7.8633133498779323e-05 -5.1913410759100645e-05 0
leaf_weight=7299 84 73 4627 67 135 398 384 105 56 57 67 56 52 250 395 88 1385 115 402 101 61 114 52 98 58 439 360 107 111 823
leaf_count=7299 84 73 4627 67 135 398 384 105 56 57 67 56 52 250 395 88 1385 115 402 101 61 114 52 98 58 439 360 107 111 823
internal_value=5.18474e-08 2.28869e-06 -4.62594e-06 -3.88121e-05 -9.27017e-05 1.29839e-06 1.03583e-05 4.0993e-05 0.000111379 0.000211383 -7.88024e-07 -1.57712e-05 1.1366e-06 -4.92865e-06 9.92663e-06 4.84073e-05 1.52695e-07 1.84727e-05 -2.31745e-06 -2.03985e-05 -2.89869e-05 0 8.57586e-06 -2.21145e-05 -4.61881e-05 -3.67973e-05 0 1.40401e-05 -2.34481e-07 -1.1077e-05
internal_weight=18419 13184 5235 608 202 13111 2902 602 218 113 10209 1457 8752 1401 550 155 2300 513 1787 851 601 406 136 270 172 500 8700 467 8233 934
internal_count=18419 13184 5235 608 202 13111 2902 602 218 113 10209 1457 8752 1401 550 155 2300 513 1787 851 601 406 136 270 172 500 8700 467 8233 934
is_linear=0
shrinkage=0.05


Tree=141
num_leaves=31
num_cat=0
split_feature=74 88 73 131 84 18 131 19 61 138 115 5 115 131 73 28 36 30 28 63 29 91 134 129 122 138 128 36 3 52
split_gain=0.000104351 0.000396987 0.000306859 0.000485044 0.000742004 0.00148687 0.000242429 0.000386419 0.0001885 0.000172937 0.000133615 0.000265813 0.000141255 0.000401489 0.000112178 8.41823e-05 7.93301e-05 0.000106711 8.29752e-05 0.000106484 6.63348e-05 7.45484e-05 7.94048e-05 6.47491e-05 7.36051e-05 0.000134715 0.000107587 4.86234e-05 6.18601e-05 0.000118677
threshold=24.707142857142863 49.962500000000006 27.350000000000005 57.325427076052343 3.850000000000001 0.0039416666666666671 43.993537203986527 -0.00097428571428571432 1733.2500000000002 3.3550000000000004 17.150000000000002 26.91 16.250000000000004 59.018987251039285 21.550000000000004 32.150000000000006 281.28532480000007 -0.097142857142858072 32.150000000000006 13.054 43.250000000000007 18.050000000000004 12.430000000000001 7.5000000000000009 12.500000000000002 4.4200000000000008 9.8640968164783356 268.03235440000009 0.023224529500000004 2.5000000000000004
decision_type=2 2 2 2 2 2 2 2 2 2 2 2 2 2 2 2 2 2 2 2 2 2 2 2 2 2 2 2 2 2
left_child=1 2 10 4 -4 -6 7 8 9 -2 12 14 27 -14 23 -11 18 -18 19 -9 -5 -22 -23 24 -12 26 -26 -1 -29 -30
right_child=6 -3 3 20 5 -7 -8 16 -10 15 11 -13 13 -15 -16 -17 17 -19 -20 -21 21 22 -24 -25 25 -27 -28 28 29 -31
leaf_value=1.9826738990707018e-06 0 0.00012403509628896152 0 -1.2386018693604762e-06 0 0.00033654491925775426 0 -6.5961078229790363e-05 0 -0.0001493065201868276 0 -0.00012398652834705106 0.00016187671082102149 0 -2.8831385513294853e-05 0 6.5135779377871789e-05 0 0 0 0 6.2686562756056425e-05 0 -3.1714282197986734e-05 0.00010531647803779775 0 0 0 -3.7098227579971865e-05 0
leaf_weight=6395 71 68 253 793 90 66 5600 127 120 126 218 61 51 201 391 52 89 65 177 155 160 140 109 85 77 290 50 1712 397 230
leaf_count=6395 71 68 253 793 90 66 5600 127 120 126 218 61 51 201 391 52 89 65 177 155 160 140 109 85 77 290 50 1712 397 230
internal_value=6.30137e-08 3.13003e-06 1.99617e-06 2.23934e-05 7.01287e-05 0.000157031 -4.69279e-06 -2.76412e-05 -6.81234e-05 -9.35594e-05 -7.48416e-07 -1.68736e-05 8e-07 3.76634e-05 -6.38993e-06 -0.000120999 0 2.72459e-05 -1.34538e-05 -3.20501e-05 1.94956e-06 2.03141e-05 3.77127e-05 0 1.08864e-05 2.49107e-05 6.82467e-05 0 -6.41898e-06 -1.99947e-05
internal_weight=18419 11837 11769 1611 409 156 6582 982 369 249 10158 1172 8986 252 1111 178 613 154 459 282 1202 409 249 720 635 417 127 8734 2339 627
internal_count=18419 11837 11769 1611 409 156 6582 982 369 249 10158 1172 8986 252 1111 178 613 154 459 282 1202 409 249 720 635 417 127 8734 2339 627
is_linear=0
shrinkage=0.05


Tree=142
num_leaves=31
num_cat=0
split_feature=115 119 83 28 43 30 83 49 43 112 85 2 93 49 53 15 89 14 150 89 102 135 88 140 111 88 133 122 96 85
split_gain=9.87337e-05 0.000137804 0.000364723 0.000300607 0.000148728 7.94675e-05 0.000224867 0.000801857 0.00011755 0.000406235 0.00086774 0.000149743 0.000133752 0.000205946 0.000210123 0.000266987 0.00011667 0.000118356 0.000131959 0.00011415 0.00010724 0.000103633 0.000102772 0.000298753 0.000349014 0.000101032 0.000252574 0.000232895 0.000100131 9.52305e-05
threshold=28.250000000000004 17.750000000000004 34.850000000000001 37.050000000000004 0.36450000000000005 -2.2085714285714295 31.000000000000004 984.85000000000002 0.36550000000000005 285.14005055000001 278.1752831500001 9.4850000000000015e-05 263.70833310000006 984.85000000000002 111.50000000000001 0.0011052083333333337 47.750000000000007 0.011224909500000001 1.0000000180025095e-35 39.650000000000013 -1.7999999999999992 77.090000000000018 29.687500000000007 71.215000000000018 10.950000000000001 34.51250000000001 79.440000000000012 17.500000000000004 39.462500000000013 271.10367455000005
decision_type=2 10 2 2 2 2 2 2 2 2 2 2 2 2 2 2 2 2 2 2 2 2 2 2 2 2 2 2 2 2
left_child=1 5 3 -3 -5 6 8 -8 19 11 -11 -10 -13 14 15 -14 20 -18 21 -1 22 -19 -7 -24 -25 -22 28 -28 29 -27
right_child=-2 2 -4 4 -6 16 7 -9 9 10 -12 12 13 -15 -16 -17 17 18 -20 -21 25 -23 23 24 -26 26 27 -29 -30 -31
leaf_value=0 -3.5908732013627444e-05 -4.1057098479337711e-08 0.00014678469158168031 8.0973433497863174e-05 0 0 0 0.00022535033764143009 -1.0847904289783114e-06 0 0.00025129650813781798 0 0 0 0 0.00017628271751956887 0 -7.5417362419654779e-05 0 -1.9813859721223694e-05 -3.8581350164796404e-07 0 2.7786678571868855e-06 0.00018374907289645477 0 0 -0.00010279627879010259 0 5.5580491568154098e-06 -3.7815864445045056e-05
leaf_weight=2617 184 1068 55 179 50 1172 151 51 2660 193 53 159 56 146 51 77 238 223 77 897 5307 77 794 58 56 589 150 64 615 352
leaf_count=2617 184 1068 55 179 50 1172 151 51 2660 193 53 159 56 146 51 77 238 223 77 897 5307 77 794 58 56 589 150 64 615 352
internal_value=3.63253e-08 6.75161e-07 1.61209e-05 6.61917e-06 5.92851e-05 -2.66489e-07 3.41622e-06 5.5976e-05 1.14805e-06 8.33295e-06 7.0875e-05 1.83891e-06 2.79167e-05 4.6518e-05 8.15764e-05 0.000114489 -3.45805e-06 -2.51357e-05 -4.25721e-05 -4.37146e-06 -1.45359e-06 -5.80691e-05 7.6521e-06 2.04133e-05 9.86661e-05 -4.83696e-06 -1.53518e-05 -6.86546e-05 -4.77029e-06 -1.68271e-05
internal_weight=18419 18235 1352 1297 229 16883 7111 202 6909 3395 246 3149 489 330 184 133 9772 615 377 3514 9157 300 2080 908 114 7077 1770 214 1556 941
internal_count=18419 18235 1352 1297 229 16883 7111 202 6909 3395 246 3149 489 330 184 133 9772 615 377 3514 9157 300 2080 908 114 7077 1770 214 1556 941
is_linear=0
shrinkage=0.05


Tree=143
num_leaves=31
num_cat=0
split_feature=74 96 84 131 26 2 81 131 19 46 6 137 126 36 30 133 140 91 18 90 82 89 44 43 134 112 114 133 133 22
split_gain=9.15028e-05 0.000286406 0.000276745 0.00111623 0.00130074 0.0012051 0.000448054 0.000217433 0.000352595 0.000175583 0.000160172 8.89e-05 0.000160752 6.91114e-05 9.44464e-05 7.02146e-05 0.000122807 0.000111895 5.54349e-05 0.000167592 0.000583961 0.00010648 0.000264524 0.000491998 0.00275817 0.000134156 0.000121865 0.000103858 7.77799e-05 0.000106495
threshold=24.707142857142863 51.050000000000011 7.1500000000000021 62.530080527030343 1.5000000000000002 8.8750000000000016e-05 51.850000000000001 43.993537203986527 -0.00097428571428571432 20.500000000000004 0.003950694444444445 1.6200000000000003 46.500000000000007 281.28532480000007 -0.097142857142858072 79.440000000000012 75.925000000000011 15.950000000000001 0.058093750000000006 24.728571428571435 24.386000000000006 38.050000000000004 477.50000000000006 0.37850000000000006 6.9150000000000009 282.63744650000007 37.150000000000013 79.440000000000012 6.4300000000000006 9.5000000000000018
decision_type=2 2 2 2 2 2 2 2 2 2 2 2 2 2 2 2 2 2 2 2 2 2 2 2 2 2 2 2 2 2
left_child=1 2 6 4 -4 -6 18 8 9 10 -2 -5 -13 15 -15 -10 17 -17 21 -20 -21 -1 27 25 -25 26 28 -23 -24 -30
right_child=7 -3 3 11 5 -7 -8 -9 13 -11 -12 12 -14 14 -16 16 -18 -19 19 20 -22 22 23 24 -26 -27 -28 -29 29 -31
leaf_value=-4.4100414744902524e-07 0 0.00011168888006185655 0 -2.1951164474510421e-05 0.00035184741230929106 0 -0.00010955792508446062 0 0 -7.8959607201268958e-06 -0.00017242868163884852 0 8.70330123318906e-05 6.1307253805150847e-05 0 0 0 -9.5149401200496483e-05 0 -0.00016054122392753406 0 0 0 0.0003932512676088852 0 -1.7887810693320803e-05 0 -5.547559846862979e-05 5.2113187974300283e-05 0
leaf_weight=7611 70 61 187 436 78 62 92 5600 213 220 79 128 55 89 65 71 84 91 421 76 90 1071 152 57 134 185 248 87 422 184
leaf_count=7611 70 61 187 436 78 62 92 5600 213 220 79 128 55 89 65 71 84 91 421 76 90 1071 152 57 134 185 248 87 422 184
internal_value=3.00039e-08 2.91976e-06 1.92234e-06 2.78664e-05 0.000103525 0.000219076 0 -4.40703e-06 -2.61352e-05 -6.47849e-05 -0.000114836 -4.13991e-06 1.10104e-05 0 2.56724e-05 -1.23906e-05 -3.15689e-05 -5.82557e-05 5.99572e-07 -1.34059e-05 -5.60504e-05 1.90322e-06 1.08927e-05 2.62314e-05 0.000103935 9.4988e-06 1.95131e-05 -3.10581e-06 3.01093e-05 3.81305e-05
internal_weight=18419 11837 11776 946 327 140 10830 6582 982 369 149 619 183 613 154 459 246 162 10738 587 166 10151 2540 1382 191 1191 1006 1158 758 606
internal_count=18419 11837 11776 946 327 140 10830 6582 982 369 149 619 183 613 154 459 246 162 10738 587 166 10151 2540 1382 191 1191 1006 1158 758 606
is_linear=0
shrinkage=0.05


Tree=144
num_leaves=31
num_cat=0
split_feature=115 119 141 142 103 92 32 30 83 49 90 49 134 42 18 77 137 119 18 80 96 94 15 112 49 83 101 2 36 90
split_gain=8.3152e-05 0.000122767 0.000354232 0.000139304 0.000178133 0.000171352 0.000190295 7.2813e-05 0.000194451 0.000694891 0.000191856 0.000215199 0.000195818 0.00025164 0.000282618 0.000135967 0.000204578 0.000145447 0.000217334 0.000123137 8.65072e-05 0.000233111 0.00051488 0.000148227 0.00031878 0.000102618 9.95613e-05 9.14704e-05 8.76501e-05 8.48475e-05
threshold=28.250000000000004 17.750000000000004 38.000000000000007 67.166401549217667 986.95000000000005 14.150000000000004 3.9500000000000006 -2.2085714285714295 31.000000000000004 984.85000000000002 25.575510204081635 972.6500000000002 8.6500000000000021 0.50500000000000012 0.0058562500000000012 289.38173655000008 0.115 13.050000000000002 0.013189583333333333 36.687500000000007 33.237500000000004 13.500000000000002 0.0040145833333333344 285.78366050000005 970.6500000000002 21.350000000000005 8.6473157000000089 8.5250000000000026e-05 268.61946765000005 19.152040816326537
decision_type=2 10 2 2 2 2 2 2 2 2 2 2 2 2 2 2 2 10 2 2 2 2 2 2 2 2 2 2 2 2
left_child=1 7 3 -3 -5 6 -6 8 20 -10 15 -12 13 -13 -15 17 -17 -9 -19 -20 23 25 -23 27 -25 26 28 -1 -22 -30
right_child=-2 2 -4 4 5 -7 -8 10 9 -11 11 12 -14 14 -16 16 -18 18 19 -21 21 22 -24 24 -26 -27 -28 -29 29 -31
leaf_value=0 -3.3022228891413022e-05 -1.2867367160234125e-05 0.00014114954629866557 0 0.00016513697508302089 0 2.3317542653296702e-05 -3.5766639113641048e-06 0 0.00020981342439951663 0 0 -7.9615974730468712e-06 0 -0.0001458848713545639 0.00010921559235983706 0 0 7.9460730057029426e-05 0 0 0 0.00016259931645785963 0 0.00013273579869684459 0 0 1.8017609170685463e-05 0 -5.0182400454343e-05
leaf_weight=3316 184 382 57 367 53 120 373 6961 151 51 1064 72 586 100 136 70 77 463 178 65 384 1127 51 75 72 321 64 815 89 595
leaf_count=3316 184 382 57 367 53 120 373 6961 151 51 1064 72 586 100 136 70 77 463 178 65 384 1127 51 75 72 321 64 815 89 595
internal_value=0 5.80416e-07 1.5176e-05 5.66853e-06 1.89e-05 3.75634e-05 5.30168e-05 -2.93096e-07 3.21283e-06 5.21414e-05 -3.35601e-06 -1.73501e-05 -3.54966e-05 -7.15081e-05 -9.65468e-05 0 4.76081e-05 -7.63608e-07 1.98662e-05 5.80547e-05 1.05136e-06 -5.12109e-06 8.61999e-06 6.01627e-06 5.74939e-05 -1.96985e-05 -2.69147e-05 2.96092e-06 -3.16323e-05 -4.33753e-05
internal_weight=18419 18235 1352 1295 913 546 426 16883 7111 202 9772 1958 894 308 236 7814 147 7667 706 243 6909 2631 1178 4278 147 1453 1132 4131 1068 684
internal_count=18419 18235 1352 1295 913 546 426 16883 7111 202 9772 1958 894 308 236 7814 147 7667 706 243 6909 2631 1178 4278 147 1453 1132 4131 1068 684
is_linear=0
shrinkage=0.05


Tree=145
num_leaves=31
num_cat=0
split_feature=115 142 142 88 54 90 10 84 44 92 35 136 24 105 120 89 91 90 10 90 124 1 137 132 41 81 18 137 44 13
split_gain=9.64476e-05 7.93728e-05 8.23383e-05 0.000693004 0.000786976 0.000232073 0.000373209 0.000290364 0.00015182 7.90877e-05 7.41218e-05 0.000150298 0.000133554 0.000111989 0.000315803 6.16185e-05 5.8799e-05 5.48817e-05 0.000330633 0.000941893 7.81068e-05 0.000440105 0.000629502 8.62773e-05 0.000161312 0.000217477 0.000428895 5.48994e-05 7.17092e-05 8.59904e-05
threshold=28.250000000000004 781.27217678249428 730.04212674744213 37.037500000000009 0.095000000000000015 17.754081632653065 9.240000000000002 1.0500000000000005 1192.5000000000002 7.0500000000000016 283.87764220000003 0.97500000000000009 51.350000000000001 1.5000000000000002 275.24171230000007 32.150000000000013 14.450000000000001 21.567346938775515 40.520000000000003 25.066326530612248 0.91597561503675351 0.0029939965000000007 1.4700000000000002 2.5000000000000004 43.500000000000007 41.850000000000001 0.01609375 4.1700000000000008 417.50000000000006 0.00023337865277777781
decision_type=2 2 2 2 2 2 2 2 2 2 2 2 2 2 10 2 2 2 2 2 2 2 2 2 2 2 2 2 2 2
left_child=1 2 10 5 -5 7 -7 -4 -9 -3 13 -12 15 14 -1 -13 -11 -15 20 -20 23 22 -22 27 25 -25 -27 28 -19 -30
right_child=-2 9 3 4 -6 6 -8 8 -10 16 11 12 -14 17 -16 -17 -18 18 19 -21 21 -23 -24 24 -26 26 -28 -29 29 -31
leaf_value=0.00014731797770140226 -3.6759153657319045e-05 0 0 0 0.00022331134722674198 0 -0.00011698384224268188 0.00016245287148836617 0 0 0 0 0 -5.6334312218726343e-07 0 -4.4844833016516531e-05 -2.9366318573001857e-05 0 0.00025485018893674601 0 0 -4.8214132279587582e-06 0.00019609345563512766 0 0 0.00016440709503800274 0 0 0 -5.4359538925216322e-05
leaf_weight=50 177 793 445 78 78 361 92 50 50 78 1933 73 385 8425 76 493 590 224 50 67 155 312 74 275 2271 75 81 137 102 240
leaf_count=50 177 793 445 78 78 361 92 50 50 78 1933 73 385 8425 76 493 590 224 50 67 155 312 74 275 2271 75 81 137 102 240
internal_value=0 1.81852e-07 1.43057e-06 1.44035e-05 0.000112077 0 -2.73541e-05 2.09866e-05 9.78172e-05 -1.06219e-05 1.41121e-07 -6.70723e-06 -2.30439e-05 2.10365e-06 4.99861e-05 -3.84767e-05 -2.32832e-05 1.21622e-06 6.13584e-06 9.00869e-05 2.35769e-06 2.00188e-05 7.54751e-05 0 3.60076e-06 3.18534e-05 7.90879e-05 -1.60188e-05 -2.36783e-05 -3.80719e-05
internal_weight=18290 18113 16652 1154 156 998 453 545 100 1461 15498 2884 951 12614 126 566 668 12488 4063 117 3946 541 229 3405 2702 431 156 703 566 342
internal_count=18290 18113 16652 1154 156 998 453 545 100 1461 15498 2884 951 12614 126 566 668 12488 4063 117 3946 541 229 3405 2702 431 156 703 566 342
is_linear=0
shrinkage=0.05


Tree=146
num_leaves=31
num_cat=0
split_feature=115 142 142 88 110 90 53 12 145 111 42 128 61 108 47 27 141 115 103 140 92 141 30 83 2 15 96 93 113 98
split_gain=8.70973e-05 7.10998e-05 7.51218e-05 0.000625174 0.000742792 0.000213854 0.000340102 0.000616105 0.000268144 7.35487e-05 6.9387e-05 0.000174826 9.26524e-05 0.000252218 0.000877754 0.000140916 0.00029343 0.000778127 9.6271e-05 9.26026e-05 0.000123623 9.22336e-05 9.1381e-05 0.000286095 0.000110021 0.000112715 0.000191131 0.00011044 8.61128e-05 6.48511e-05
threshold=28.250000000000004 781.27217678249428 730.04212674744213 37.037500000000009 30.950000000000003 17.754081632653065 135.50000000000003 0.023435599000000005 0.17500000000000004 8.3500000000000032 0.74500000000000011 9.5017903776270458 355.10000000000008 282.72486580000003 2.5000000000000004 1814.6000000000001 35.775000000000013 12.850000000000003 1172.95 34.920000000000009 7.5500000000000016 38.590000000000011 -2.7971428571428558 31.000000000000004 8.5250000000000026e-05 0.00023750000000000003 26.912500000000005 263.87095520000008 0.45000000000000007 0.39999999999999908
decision_type=2 2 2 2 2 2 2 2 2 2 2 2 2 2 2 2 2 2 2 2 2 2 2 2 2 2 2 2 2 2
left_child=1 2 10 5 -5 8 7 -7 -4 -3 12 28 13 15 -15 21 -17 -18 19 20 -14 -1 23 24 -20 -26 -27 -28 -12 -25
right_child=-2 9 3 4 -6 6 -8 -9 -10 -11 11 -13 18 14 -16 16 17 -19 22 -21 -22 -23 -24 29 25 26 27 -29 -30 -31
leaf_value=0 -3.4931521180511849e-05 0 0 0.00019570978200920909 0 0 2.8339745892889351e-05 -0.00015804494567869589 0.00012008700847805049 -2.1047896465682829e-05 -4.2814000856260254e-05 0 0 0 0.0002059073998215253 3.8292895299501164e-06 0.0002446025823455249 0 0 0 -5.4036509757078992e-05 -3.3262527834441466e-05 -1.5620980738671783e-06 0 0 0 0 9.758061611065182e-05 0 0.00014374340903790047
leaf_weight=1295 177 715 484 94 62 252 97 104 61 746 429 1321 58 77 71 823 50 53 2307 344 264 216 7437 51 189 180 50 141 92 50
leaf_count=1295 177 715 484 94 62 252 97 104 61 746 429 1321 58 77 71 823 50 53 2307 344 264 216 7437 51 189 180 50 141 92 50
internal_value=0 1.7358e-07 1.36955e-06 1.37638e-05 0.00010653 0 -2.61688e-05 -5.50642e-05 2.02428e-05 -1.00294e-05 1.23234e-07 -8.58584e-06 1.66462e-06 1.02081e-05 7.58956e-05 4.1385e-06 2.03672e-05 0.000103126 0 -1.86992e-05 -3.79314e-05 -2.50713e-06 8.46429e-07 8.56411e-06 3.79714e-06 2.37487e-05 4.01005e-05 7.48617e-05 -3.31294e-05 9.34965e-05
internal_weight=18290 18113 16652 1154 156 998 453 356 545 1461 15498 1842 13656 2585 148 2437 926 103 11071 666 322 1511 10405 2968 2867 560 371 191 521 101
internal_count=18290 18113 16652 1154 156 998 453 356 545 1461 15498 1842 13656 2585 148 2437 926 103 11071 666 322 1511 10405 2968 2867 560 371 191 521 101
is_linear=0
shrinkage=0.05


Tree=147
num_leaves=31
num_cat=0
split_feature=81 22 33 63 135 88 106 119 119 16 42 85 85 119 119 51 9 33 138 14 96 93 23 136 104 138 47 135 42 92
split_gain=5.97936e-05 0.000209916 0.000411045 0.000363706 0.000108857 8.04958e-05 0.000223039 0.00101136 7.06293e-05 7.54315e-05 6.25819e-05 0.000132732 9.80027e-05 0.000751611 9.32465e-05 0.000104436 8.42728e-05 9.32975e-05 0.000144888 5.16663e-05 9.79213e-05 0.00041685 0.00103361 0.000111218 6.74006e-05 0.000153289 0.000159636 0.00012092 0.00016451 0.000205524
threshold=51.250000000000007 5.5000000000000009 0.9353944165158804 5.557100000000001 77.345000000000013 42.112500000000004 18.550000000000004 14.15 18.550000000000004 0.26500000000000007 0.72500000000000009 279.9046078500001 281.00325015000004 8.6500000000000004 13.950000000000001 582.50000000000011 2.0786111111111119 0.33767818374323971 6.7700000000000005 0.0024768410000000005 35.587500000000013 272.84807965000005 22.06944444444445 0.32000000000000006 0.95000000000000018 4.3400000000000007 1.0000000180025095e-35 78.250000000000014 0.56500000000000006 7.8500000000000014
decision_type=2 2 2 2 2 2 2 10 10 2 2 2 2 10 10 2 2 2 2 2 2 2 2 2 2 2 2 2 2 2
left_child=5 3 -3 -2 -4 10 7 -7 -9 -10 12 16 19 -14 15 -13 17 -12 -19 20 -1 23 -23 -22 25 26 -21 28 29 -28
right_child=1 2 4 -5 -6 6 -8 8 9 -11 11 14 13 -15 -16 -17 -18 18 -20 24 21 22 -24 -25 -26 -27 27 -29 -30 -31
leaf_value=0 0.00012877460536536226 0 -0.00015052080637893787 -9.5270918656909903e-06 0 0.00024675341467459311 0 -2.7879091000592544e-05 0 5.1379988267922477e-05 -1.9181748529558525e-06 -8.4920981387179333e-05 0.00019318089921669749 0 0 0 -3.7939903379756042e-05 5.9718325921483446e-05 0 0 -3.018420990650172e-05 0 0.00027103924575149673 1.9043419789622159e-05 0 0 0 0 0 -0.00012265116221111435
leaf_weight=2854 53 156 86 160 52 53 956 85 53 112 1082 135 56 176 83 75 145 165 107 91 178 90 53 316 9092 1441 80 96 63 146
leaf_count=2854 53 156 86 160 52 53 956 85 53 112 1082 135 56 176 83 75 145 165 107 91 178 90 53 316 9092 1441 80 96 63 146
internal_value=0 -1.70337e-05 -4.77053e-05 1.96246e-06 -0.000110557 3.42804e-07 1.26586e-05 4.99836e-05 0 2.57104e-05 -2.93704e-07 -9.28986e-06 4.61771e-07 3.26346e-05 -4.06816e-05 -5.84023e-05 0 6.22064e-07 2.9012e-05 0 5.24316e-06 2.31121e-05 9.79983e-05 0 -1.73567e-06 -1.02541e-05 -3.5017e-05 -5.04893e-05 -6.65992e-05 -8.64767e-05
internal_weight=18290 507 294 213 138 17783 1259 303 250 165 16524 1792 14732 232 293 210 1499 1354 272 14500 3491 637 143 494 11009 1917 476 385 289 226
internal_count=18290 507 294 213 138 17783 1259 303 250 165 16524 1792 14732 232 293 210 1499 1354 272 14500 3491 637 143 494 11009 1917 476 385 289 226
is_linear=0
shrinkage=0.05


Tree=148
num_leaves=31
num_cat=0
split_feature=115 101 142 91 22 0 85 128 49 138 63 138 142 138 103 134 142 89 108 30 56 96 101 137 136 105 1 116 14 122
split_gain=7.71074e-05 7.24355e-05 0.000327107 0.000787033 0.00117325 0.000867989 0.00021228 0.000194085 0.000185708 0.000147585 0.000593168 0.000766615 8.25647e-05 0.000190144 0.000121168 0.000161074 0.000229943 0.000136149 7.94214e-05 0.000108933 0.0001068 8.92382e-05 7.52734e-05 5.73097e-05 7.59563e-05 6.9581e-05 0.000298681 0.000355048 0.000685492 0.000129707
threshold=28.250000000000004 2.8508728000000194 730.04212674744213 18.350000000000005 7.5000000000000009 0.0013000000000000002 279.10855770000006 9.9361725308607571 972.6500000000002 4.035000000000001 5.2969000000000017 3.5400000000000005 763.0525285646512 2.6900000000000004 2013.1500000000003 6.9450000000000012 792.12558032055983 28.450000000000003 280.51364615000006 -0.83571428571428708 6.4293313000000305 33.38750000000001 12.995848850000018 15.125000000000002 1.6650000000000003 18.500000000000004 0.13543613500000004 280.7319998000001 0.010363074500000001 17.500000000000004
decision_type=2 2 2 2 2 2 2 2 2 2 2 2 2 2 2 2 2 2 2 2 2 2 2 2 2 2 2 2 2 2
left_child=1 6 9 -4 -5 -6 12 8 -8 10 11 -3 23 -14 15 16 17 -15 -11 20 21 -20 -23 24 25 26 29 28 -28 -1
right_child=-2 2 3 4 5 -7 7 -9 -10 18 -12 -13 13 14 -16 -17 -18 -19 19 -21 -22 22 -24 -25 -26 -27 27 -29 -30 -31
leaf_value=-2.1499195433977135e-06 -3.2868404231920253e-05 0 0 0 0 0.00039723537467401844 0 0 -0.0001070988183286637 4.3300739034562776e-07 0 0.00023293387453818205 5.6384055128684401e-05 0 0 0 0 -0.00011254752628812597 0 0 0 -5.1719855897825017e-05 0 4.5666221998787171e-05 -9.0105875323209347e-06 -5.4767530190505254e-08 0.00026188057163940712 0 0 1.8148838957011548e-05
leaf_weight=2601 177 82 439 76 54 50 74 167 130 1224 682 67 65 52 709 294 232 163 133 403 405 458 51 74 1630 6476 51 200 77 994
leaf_count=2601 177 82 439 76 54 50 74 167 130 1224 682 67 65 52 709 294 232 163 133 403 405 458 51 74 1630 6476 51 200 77 994
internal_value=0 1.60996e-07 6.21142e-06 3.96947e-05 0.000127546 0.000236595 -1.26561e-06 -3.85597e-05 -7.11686e-05 0 1.86729e-05 0.00010872 0 -1.12247e-05 -1.77381e-05 -3.19927e-05 -5.09321e-05 -8.96755e-05 -5.42971e-06 -1.38214e-05 -2.28987e-05 -3.56351e-05 -4.51493e-05 1.12814e-06 4.34752e-07 2.39676e-06 7.71689e-06 5.41552e-05 0.000119835 2.07564e-06
internal_weight=18290 18113 4124 619 180 104 13989 371 204 3505 831 149 13618 1515 1450 741 447 215 2674 1450 1047 642 509 12103 12029 10399 3923 328 128 3595
internal_count=18290 18113 4124 619 180 104 13989 371 204 3505 831 149 13618 1515 1450 741 447 215 2674 1450 1047 642 509 12103 12029 10399 3923 328 128 3595
is_linear=0
shrinkage=0.05


Tree=149
num_leaves=31
num_cat=0
split_feature=115 101 142 91 78 85 34 95 85 134 4 96 128 114 142 91 81 115 134 142 92 89 91 14 30 118 142 49 94 21
split_gain=6.96629e-05 6.86823e-05 0.000299229 0.000718781 0.000940497 0.000194996 0.000155389 0.000123851 0.000202571 0.000320489 0.000332228 0.000135222 0.000166472 0.000127703 0.000101744 0.000200187 0.00019999 0.000138732 0.000168648 0.000256855 0.000110685 9.96478e-05 7.24469e-05 5.62958e-05 6.77465e-05 7.88736e-05 5.36303e-05 0.000134098 0.000228719 0.000246768
threshold=28.250000000000004 2.8508728000000194 730.04212674744213 18.350000000000005 1.5000000000000002 279.68915700000008 -0.37823958200013025 4.5000000000000009 272.34073235000005 8.8950000000000014 0.00047263250000000007 33.087500000000013 9.5357155484215177 28.250000000000004 763.0525285646512 14.250000000000002 31.850000000000005 5.3500000000000005 6.9450000000000012 789.6392375142425 7.1500000000000021 38.250000000000007 22.550000000000004 0.028339034000000003 -0.88285714285714323 18.450000000000003 597.38618788254598 962.35000000000002 4.5000000000000009 0.43750000000000006
decision_type=2 2 2 2 2 2 2 2 2 2 2 2 2 2 2 2 2 2 2 2 2 2 2 2 2 10 2 2 2 2
left_child=1 5 7 -4 -5 14 -7 11 -9 10 -10 13 23 -3 26 16 -16 -17 19 20 -19 -8 -14 24 25 -13 -1 -28 -29 -30
right_child=-2 2 3 4 -6 6 21 8 9 -11 -12 12 22 -15 15 17 -18 18 -20 -21 -22 -23 -24 -25 -26 -27 27 28 29 -31
leaf_value=-1.9554405879815218e-07 -3.1234215378216495e-05 0 0 0.0002246744503710943 0 0 0 -6.3228984393271123e-06 0 0 0.0001802855584535767 0 -1.6730957801055615e-05 7.1104149571727984e-05 0 0 9.9078464705291259e-05 0 0 0 -0.00012975285921104136 -0.00010445769631561624 8.8275696095154223e-06 0 0 -9.3304213855056032e-05 -3.9254834418681159e-06 0 6.5640494619593521e-05 0
leaf_weight=9175 177 1632 439 99 81 137 57 121 56 278 73 52 531 66 652 158 50 58 238 234 143 104 413 79 58 146 1034 1199 384 366
leaf_count=9175 177 1632 439 99 81 137 57 121 56 278 73 52 531 66 652 158 50 58 238 234 143 104 413 79 58 146 1034 1199 384 366
internal_value=0 1.66934e-07 6.0622e-06 3.8093e-05 0.000122059 -1.21392e-06 -4.12231e-05 0 2.26701e-05 4.3539e-05 0.000110057 -3.56063e-06 -1.66848e-05 3.38609e-06 0 -1.24365e-05 9.75753e-07 -2.97638e-05 -4.01016e-05 -5.87622e-05 -0.000103111 -7.43938e-05 -2.60588e-07 -4.79473e-05 -5.96091e-05 -7.3756e-05 1.186e-06 7.10953e-06 1.5527e-05 3.72475e-05
internal_weight=18290 18113 4124 619 180 13989 298 3505 528 407 129 2977 1279 1698 13691 1533 702 831 673 435 201 161 944 335 256 198 12158 2983 1949 750
internal_count=18290 18113 4124 619 180 13989 298 3505 528 407 129 2977 1279 1698 13691 1533 702 831 673 435 201 161 944 335 256 198 12158 2983 1949 750
is_linear=0
shrinkage=0.05


Tree=150
num_leaves=31
num_cat=0
split_feature=89 110 67 133 137 93 33 59 134 129 124 128 33 68 13 25 139 121 133 43 91 28 13 139 86 55 92 85 33 30
split_gain=7.79233e-05 0.000121427 0.000358135 0.000156256 0.000202114 8.08922e-05 0.000108388 0.000110641 0.000204316 8.68045e-05 6.5186e-05 9.26321e-05 0.000221874 0.000162447 0.00028789 0.000248028 8.07983e-05 0.000120056 0.000151425 6.96307e-05 0.000107305 6.08671e-05 5.6535e-05 5.30898e-05 0.000608651 0.00103416 0.000118229 5.30131e-05 6.68108e-05 4.98411e-05
threshold=46.800000000000004 18.050000000000004 6.3500000000000005 20.620000000000001 0.60500000000000009 265.37797830000005 0.96266487356150787 6.3825500000000011 8.8100000000000023 2.5000000000000004 -0.78656609248549325 9.9338470047513869 0.88341415101401555 0.25000000000000006 0.0011774856111111114 15.500000000000002 87.389466238151741 1.0000000180025095e-35 82.945000000000007 0.41550000000000004 16.450000000000003 33.600000000000009 0.00063152712500000015 83.560079890267147 5.5000000000000009 11.805078650000015 7.9500000000000011 280.2043680000001 0.9353944165158804 -2.5128571428571411
decision_type=2 2 2 2 2 2 2 2 2 2 2 2 2 2 2 2 2 10 2 2 2 2 2 2 2 2 2 2 2 2
left_child=10 3 -3 29 -5 9 7 8 -7 -4 11 12 13 -1 -15 -16 23 19 -19 20 -18 -11 -8 27 26 -26 -25 -12 -29 -2
right_child=1 2 5 4 -6 6 22 -9 -10 21 16 -13 -14 14 15 -17 17 18 -20 -21 -22 -23 -24 24 25 -27 -28 28 -30 -31
leaf_value=0 -2.2301219541935469e-05 0.00012627151062674183 0 0 -0.00011324746935432303 0.0001229396672990005 0 0 0 -4.2025682637410525e-05 0 0 0.00011179365132728194 0 0.00018432321021834839 0 -6.4235036756549058e-06 8.1410388989626935e-05 0 0 -6.4967752198692171e-05 0 -3.6194898447693392e-05 0 0 0.00024953185966189592 -5.5394258031566964e-05 0 -5.6487633568299071e-05 0
leaf_weight=1183 253 52 67 93 108 60 95 490 94 351 10969 1852 67 116 53 51 539 57 94 50 219 99 211 305 53 67 96 156 94 292
leaf_count=1183 253 52 67 93 108 60 95 490 94 351 10969 1852 67 116 53 51 539 57 94 50 219 99 211 305 53 67 96 156 94 292
internal_value=-6.15634e-07 -9.39837e-06 0 -2.59678e-05 -6.64756e-05 -5.8523e-06 0 1.44443e-05 5.15047e-05 -2.20787e-05 3.14481e-07 6.77051e-06 1.6155e-05 7.95013e-06 4.73198e-05 0.000107552 -9.81085e-07 -1.49381e-05 6.19912e-06 -2.50714e-05 -2.99889e-05 -3.22655e-05 -2.10782e-05 0 1.57296e-05 0.000116729 -2.27204e-06 -5.64179e-07 -2.32862e-05 -1.7763e-06
internal_weight=18286 2265 1519 746 201 1467 950 644 154 517 16021 3322 1470 1403 220 104 12699 959 151 808 758 450 306 11740 521 120 401 11219 250 545
internal_count=18286 2265 1519 746 201 1467 950 644 154 517 16021 3322 1470 1403 220 104 12699 959 151 808 758 450 306 11740 521 120 401 11219 250 545
is_linear=0
shrinkage=0.05


Tree=151
num_leaves=31
num_cat=0
split_feature=100 111 103 120 75 92 89 124 128 4 88 12 85 30 82 75 120 83 73 19 77 21 111 129 128 22 101 85 15 73
split_gain=9.44574e-05 0.000135646 0.000172194 9.88999e-05 0.0010551 0.00286514 0.000209718 0.000281439 0.000575124 0.000175727 0.000240419 0.000439097 0.000597398 0.000557204 0.000148861 0.000185083 0.000126404 0.000146589 0.00010929 8.98029e-05 9.60665e-05 0.000102239 0.000328328 0.000150453 8.92206e-05 0.000135001 0.00011159 8.91845e-05 0.000118692 7.78571e-05
threshold=-4.3500000000000218 7.0500000000000007 1281.8500000000004 271.73719580000005 7.1500000000000012 11.850000000000003 33.650000000000013 -0.37940952255126015 9.9629585677506594 0.00022222500000000002 38.01250000000001 0.022153696000000004 277.35602105000004 -1.3400000000000001 21.902000000000005 18.250000000000004 270.83086035000008 15.950000000000001 18.550000000000004 -0.00054428571428571384 278.49783330000008 0.34027777777777785 12.950000000000001 6.5000000000000009 10.041791911176277 8.5000000000000018 -3.1326786000000193 276.3776464500001 0.0035489583333333337 41.050000000000004
decision_type=2 2 2 8 2 2 2 2 2 2 2 2 2 2 2 2 10 2 2 2 2 2 2 2 2 2 2 2 2 2
left_child=1 2 -1 4 5 -2 7 8 -6 14 24 12 -12 -14 -8 16 17 -16 -19 20 29 22 -22 -23 25 26 -11 -5 -29 -3
right_child=3 19 -4 27 6 -7 9 -9 -10 10 11 -13 13 -15 15 -17 -18 18 -20 -21 21 23 -24 -25 -26 -27 -28 28 -30 -31
leaf_value=-0.00011241796652902849 0.00040923231203532861 -4.2293048041410893e-05 0 1.1108471922395314e-08 0.00021760236708023026 0 6.5670333597709317e-06 0 0 0 0 0 0.00028697419344358164 0 0 0 0 0 -7.2606921652122245e-05 1.9070375592071124e-06 0.00012169328927697621 0 0 -4.7364123678239087e-05 0 0 -9.4771408035012426e-05 -3.4747330285268561e-06 -7.1587845014790322e-05 0
leaf_weight=74 59 394 121 10667 55 94 212 237 57 66 165 472 55 51 128 406 76 89 407 1592 63 565 222 224 353 79 99 929 100 175
leaf_count=74 59 394 121 10667 55 94 212 237 57 66 165 472 55 51 128 406 76 89 407 1592 63 565 222 224 353 79 99 929 100 175
internal_value=-5.71838e-07 -8.20975e-06 -5.13764e-05 8.5552e-07 8.87498e-06 0.000136881 6.56283e-07 3.81815e-05 0.000103643 -2.40294e-06 7.96948e-06 2.90435e-05 7.96437e-05 0.000173443 -1.67373e-05 -2.57229e-05 -4.12911e-05 -4.91721e-05 -6.14653e-05 -4.04755e-06 -1.28563e-05 0 2.10703e-05 -1.27599e-05 -9.90189e-06 -3.39077e-05 -6.10741e-05 -8.84275e-07 -1.50115e-05 -2.99677e-05
internal_weight=18286 3430 195 14856 3160 153 3007 349 112 2658 1340 743 271 106 1318 1106 700 624 496 3235 1643 1074 285 789 597 244 165 11696 1029 569
internal_count=18286 3430 195 14856 3160 153 3007 349 112 2658 1340 743 271 106 1318 1106 700 624 496 3235 1643 1074 285 789 597 244 165 11696 1029 569
is_linear=0
shrinkage=0.05


Tree=152
num_leaves=31
num_cat=0
split_feature=100 126 110 120 75 92 89 111 4 88 12 85 30 82 75 120 83 73 77 85 15 128 22 101 19 43 92 128 2 92
split_gain=8.6778e-05 0.000142748 9.39293e-05 9.36535e-05 0.000932003 0.00260803 0.000189647 0.000246878 0.000157379 0.000220858 0.000407732 0.000539591 0.000487647 0.000137138 0.000167138 0.00011724 0.000132417 9.65029e-05 8.60924e-05 8.34065e-05 0.000104394 8.04234e-05 0.000124977 9.92934e-05 6.70957e-05 9.82445e-05 9.96794e-05 7.20805e-05 5.79086e-05 0.000124278
threshold=-4.3500000000000218 27.500000000000004 18.950000000000003 271.73719580000005 7.1500000000000012 11.850000000000003 33.650000000000013 15.350000000000003 0.00022222500000000002 38.01250000000001 0.022153696000000004 277.35602105000004 -1.3400000000000001 21.902000000000005 18.250000000000004 270.83086035000008 15.950000000000001 18.550000000000004 277.31526520000006 276.3776464500001 0.0035489583333333337 10.041791911176277 8.5000000000000018 -3.1326786000000193 -0.00054428571428571384 0.33050000000000007 8.8500000000000032 9.7501312849642314 0.0040711290000000006 2.2500000000000009
decision_type=2 2 2 8 2 2 2 2 2 2 2 2 2 2 2 10 2 2 2 2 2 2 2 2 2 2 2 2 2 2
left_child=1 2 -1 4 5 -2 7 -6 13 21 11 -11 -13 -8 15 16 -15 -18 -19 28 -21 22 23 -10 25 -3 -27 -28 -5 -30
right_child=3 24 -4 19 6 -7 8 -9 9 10 -12 12 -14 14 -16 -17 17 18 -20 20 -22 -23 -24 -25 -26 26 27 -29 29 -31
leaf_value=-8.4783062861702691e-05 0.00038911172168688309 0 0 1.5627145426801839e-06 0 0 6.2402225506223183e-06 0.00012526835816469679 0 0 0 0.00027288170991206635 0 0 0 0 0 0 -8.8886092128464894e-05 -3.3011833739498149e-06 -6.8043892754782059e-05 0 0 -9.0080223776749333e-05 1.0842921291846511e-06 0 -6.6402721384838521e-05 0 0 -4.8037491728524294e-05
leaf_weight=105 59 1063 100 9805 281 94 212 68 66 165 472 55 51 128 406 76 89 135 272 929 100 353 79 99 1615 111 199 237 676 186
leaf_count=105 59 1063 100 9805 281 94 212 68 66 165 472 55 51 128 406 76 89 135 272 929 100 353 79 99 1615 111 199 237 676 186
internal_value=-5.1496e-07 -7.84704e-06 -5.0585e-05 8.41766e-07 8.64792e-06 0.000129042 8.19007e-07 3.64717e-05 -1.99381e-06 7.7308e-06 2.79828e-05 7.67423e-05 0.000166067 -1.56699e-05 -2.43882e-05 -3.91833e-05 -4.6808e-05 -5.84923e-05 -6.89855e-05 -8.40382e-07 -1.45073e-05 -9.11741e-06 -3.19929e-05 -5.82481e-05 -3.56561e-06 -1.13314e-05 -2.87344e-05 -4.00704e-05 1.05531e-08 -1.18324e-05
internal_weight=18286 3430 205 14856 3160 153 3007 349 2658 1340 743 271 106 1318 1106 700 624 496 407 11696 1029 597 244 165 3225 1610 547 436 10667 862
internal_count=18286 3430 205 14856 3160 153 3007 349 2658 1340 743 271 106 1318 1106 700 624 496 407 11696 1029 597 244 165 3225 1610 547 436 10667 862
is_linear=0
shrinkage=0.05


Tree=153
num_leaves=31
num_cat=0
split_feature=100 126 120 75 92 89 124 128 4 88 12 85 44 82 75 120 30 44 85 15 24 27 128 132 141 101 19 43 92 136
split_gain=8.03207e-05 0.000129797 8.88862e-05 0.000829756 0.00217302 0.000178895 0.000248035 0.00051843 0.000151962 0.000208195 0.000378986 0.000487243 0.000521346 0.000129569 0.000165374 0.000117019 0.000110109 8.28713e-05 7.78885e-05 9.15717e-05 7.64047e-05 8.68077e-05 7.5255e-05 0.000126104 7.01723e-05 6.51329e-05 6.27348e-05 8.92561e-05 9.37685e-05 6.47205e-05
threshold=-4.3500000000000218 27.500000000000004 271.73719580000005 7.3500000000000005 11.850000000000003 33.650000000000013 -0.37940952255126015 9.9629585677506594 0.00022222500000000002 38.01250000000001 0.022153696000000004 277.35602105000004 547.50000000000011 21.902000000000005 18.250000000000004 270.83086035000008 0.9742857142857122 727.50000000000011 276.3776464500001 0.0035489583333333337 37.500000000000007 1941.4500000000003 10.041791911176277 4.5000000000000009 35.07500000000001 -3.1326786000000193 -0.00054428571428571384 0.33050000000000007 8.8500000000000032 2.8500000000000001
decision_type=2 2 8 2 2 2 2 2 2 2 2 2 2 2 2 10 2 2 2 2 2 2 2 2 2 2 2 2 2 2
left_child=1 17 3 4 -2 6 7 -5 13 22 11 -11 -13 -7 15 16 20 -1 -4 -20 -15 24 23 25 -22 -10 27 -3 -29 -28
right_child=2 26 18 5 -6 8 -8 -9 9 10 -12 12 -14 14 -16 -17 -18 -19 19 -21 21 -23 -24 -25 -26 -27 29 28 -30 -31
leaf_value=-6.7609646511186094e-05 0.00034223077254203171 0 0 0.00020490329546987596 0 4.8396083109794099e-06 0 0 0 0 0 0 0.00026524652306665977 0 0 0 0 0 -3.1363015261018686e-06 -6.4675382775273852e-05 -9.8944498732817014e-05 0 0 0 -4.7426185979941013e-06 -8.6789186460105398e-05 7.1188946019397229e-06 0 -3.8558478123980728e-05 -2.3949008467262994e-05
leaf_weight=150 65 1063 10667 55 110 208 237 57 61 165 472 50 56 122 406 76 54 55 929 100 224 52 349 85 162 94 1460 111 436 155
leaf_count=150 65 1063 10667 55 110 208 237 57 61 165 472 50 56 122 406 76 54 55 929 100 224 52 349 85 162 94 1460 111 436 155
internal_value=-4.89979e-07 -7.55026e-06 8.03977e-07 8.4152e-06 0.000114254 4.99591e-07 3.52548e-05 9.66292e-05 -2.21745e-06 7.25668e-06 2.69742e-05 7.39834e-05 0.000159054 -1.57246e-05 -2.4186e-05 -3.90765e-05 -4.6812e-05 -4.84243e-05 -8.25491e-07 -1.40281e-05 -5.37864e-05 -6.4281e-05 -9.14515e-06 -3.13911e-05 -7.24433e-05 -5.95249e-05 -3.38795e-06 -1.09213e-05 -2.75287e-05 1.03011e-06
internal_weight=18286 3430 14856 3160 175 2985 349 112 2636 1332 743 271 106 1304 1096 690 614 205 11696 1029 560 438 589 240 386 155 3225 1610 547 1615
internal_count=18286 3430 14856 3160 175 2985 349 112 2636 1332 743 271 106 1304 1096 690 614 205 11696 1029 560 438 589 240 386 155 3225 1610 547 1615
is_linear=0
shrinkage=0.05


Tree=154
num_leaves=31
num_cat=0
split_feature=100 111 103 75 103 140 29 120 75 92 89 124 128 97 28 1 35 116 107 128 138 67 104 2 89 11 161 28 13 97
split_gain=7.4253e-05 0.000118111 0.000139013 8.55949e-05 0.000104084 9.81834e-05 0.000153107 8.28159e-05 0.000737038 0.00197485 0.000162018 0.00022113 0.000470766 8.23031e-05 0.00010688 0.000448899 8.97231e-05 0.000101467 0.000123019 0.000165917 0.000144202 8.06478e-05 7.7217e-05 6.48636e-05 6.43986e-05 0.000188396 7.10513e-05 0.000477467 0.000334728 6.25951e-05
threshold=-4.3500000000000218 7.0500000000000007 1281.8500000000004 12.950000000000001 1403.2500000000002 30.130000000000003 26.950000000000003 271.73719580000005 7.3500000000000005 11.850000000000003 33.650000000000013 -0.37940952255126015 9.9629585677506594 2.9000000000000044 20.700000000000006 0.00071905550000000019 275.24719670000007 293.32991890000005 14.850000000000003 9.6877539620773927 5.0750000000000011 10.950000000000001 2.4500000000000011 0.00061999500000000014 46.45000000000001 0.0044062812152777788 0.29591836734693883 31.350000000000005 0.00053848751388888905 -4.5999999999999979
decision_type=2 2 2 2 2 2 2 8 2 2 2 2 2 2 2 2 2 2 2 2 2 2 2 2 2 2 2 2 2 2
left_child=1 2 -1 5 21 -3 -7 8 9 -2 11 12 -10 16 15 -15 23 18 19 20 -18 -5 29 -12 26 -26 -9 -28 -29 -23
right_child=7 3 -4 4 -6 6 -8 24 10 -11 13 -13 -14 14 -16 -17 17 -19 -20 -21 -22 22 -24 -25 25 -27 27 28 -30 -31
leaf_value=-0.00010254904217581497 0.00032537850179351432 0 0 0 0 8.7808670231947399e-05 0 -6.2885681107321007e-07 0.00019484108205818172 0 0 0 0 0 0 0.00016728279481622639 -8.6681415512035876e-05 1.5821478416223495e-07 0 -3.3259402283183188e-06 0 0 0 4.9440800088948728e-05 0 -8.995087411147071e-05 -1.683911591237912e-05 0.00018752521578581301 3.1307835046585588e-06 -4.5037298452768341e-05
leaf_weight=74 65 54 121 223 2065 93 165 10547 55 110 338 237 57 132 535 51 225 195 387 550 155 61 100 68 652 78 201 60 158 474
leaf_count=74 65 54 121 223 2065 93 165 10547 55 110 338 237 57 132 535 51 225 195 387 550 155 61 100 68 652 78 201 60 158 474
internal_value=-4.58898e-07 -7.25484e-06 -4.74444e-05 -3.27326e-06 -7.21256e-06 1.75631e-05 3.63386e-05 7.74011e-07 8.12597e-06 0.000107934 5.659e-07 3.36449e-05 9.16426e-05 -1.92868e-06 9.55891e-06 4.2535e-05 -8.8373e-06 -1.55888e-05 -2.17123e-05 -3.15868e-05 -5.92513e-05 -2.19089e-05 -3.10695e-05 3.99759e-06 -7.8539e-07 -1.51694e-05 0 2.03222e-05 7.73371e-05 -3.88016e-05
internal_weight=18286 3430 195 3235 2923 312 258 14856 3160 175 2985 349 112 2636 718 183 1918 1512 1317 930 380 858 635 406 11696 730 10966 419 218 535
internal_count=18286 3430 195 3235 2923 312 258 14856 3160 175 2985 349 112 2636 718 183 1918 1512 1317 930 380 858 635 406 11696 730 10966 419 218 535
is_linear=0
shrinkage=0.05


Tree=155
num_leaves=31
num_cat=0
split_feature=136 83 62 120 69 97 137 104 27 112 133 0 54 135 88 74 82 114 103 128 61 19 137 1 65 14 142 103 81 140
split_gain=6.94506e-05 0.000105739 0.000546249 9.05755e-05 0.00011557 8.99225e-05 0.000239489 6.59379e-05 0.000148873 0.000187811 8.17477e-05 8.71111e-05 6.54266e-05 0.000251049 0.000653048 0.00166173 0.00110426 6.01616e-05 0.000140294 0.000267296 9.03444e-05 0.000289303 0.000146636 7.99296e-05 0.000196573 7.21683e-05 6.00897e-05 0.000162393 4.58451e-05 5.50707e-05
threshold=1.9700000000000002 35.20000000000001 17.850000000000005 266.95163695000002 273.80738380000008 5.8000000000000034 1.0000000180025095e-35 1.0000000180025095e-35 1235.7500000000002 285.94304785000003 80.210000000000022 0.00025000000000000006 0.03500000000000001 8.2650000000000023 31.037500000000005 25.592857142857149 25.658000000000005 30.250000000000004 1164.9000000000003 9.3643053193519865 172.35000000000005 -2.4285714285714278e-05 0.14500000000000005 0.18135190450000002 27.350000000000005 0.0032730095000000005 771.38925324162949 1999.95 31.550000000000004 12.505000000000001
decision_type=2 2 2 10 2 2 2 2 2 2 2 2 2 2 2 2 2 2 2 2 2 2 2 2 2 2 2 2 2 2
left_child=1 5 -3 -2 -5 7 -7 10 9 -9 -1 -12 26 14 -14 16 -16 20 19 -19 21 -15 -23 -20 -25 -21 -10 -28 -6 -30
right_child=3 2 -4 4 28 6 -8 8 12 -11 11 -13 13 17 15 -17 -18 18 23 25 -22 22 -24 24 -26 -27 27 -29 29 -31
leaf_value=0 1.6356422720015571e-06 0.00015506382223869932 0 0 0 0.00010739468020763828 3.1428344587404462e-06 0 -8.8390346735718712e-07 0.00010863755792305624 0 -3.6879094342990746e-05 0 0 0.00035362498097891006 0 0 -8.836484949241479e-05 -9.0994362885563948e-07 -4.8723288874306922e-05 0 0 0.00014105055482746941 0.00011414062683265997 0 0 -5.3834887705467666e-05 0 0 -4.4159068296991064e-05
leaf_weight=1224 543 68 55 600 166 71 955 338 4658 72 86 416 551 302 73 192 54 144 926 75 4929 50 67 52 57 461 219 411 52 459
leaf_count=1224 543 68 55 600 166 71 955 338 4658 72 86 416 551 302 73 192 54 144 926 75 4929 50 67 52 57 461 219 411 52 459
internal_value=3.79649e-07 1.65941e-06 4.86485e-05 -8.47562e-06 -1.66854e-05 9.98506e-07 1.53232e-05 0 1.20651e-06 3.08842e-05 -9.16304e-06 -2.63548e-05 0 3.1461e-06 2.84734e-05 8.54907e-05 0.000225227 0 -8.12327e-06 -2.61018e-05 2.63607e-06 2.50252e-05 9.14241e-05 0 4.25394e-05 0 -4.00973e-06 -1.9159e-05 -3.08369e-05 -3.85107e-05
internal_weight=18326 16506 123 1820 1277 16383 1026 15357 13631 410 1726 502 13221 7933 870 319 127 7063 1715 680 5348 419 117 1035 109 536 5288 630 677 511
internal_count=18326 16506 123 1820 1277 16383 1026 15357 13631 410 1726 502 13221 7933 870 319 127 7063 1715 680 5348 419 117 1035 109 536 5288 630 677 511
is_linear=0
shrinkage=0.05


Tree=156
num_leaves=31
num_cat=0
split_feature=101 33 52 105 81 77 29 25 155 137 123 101 160 85 134 137 43 91 41 24 120 73 155 132 7 128 2 88 111 14
split_gain=6.35959e-05 0.000401671 0.000679959 5.80784e-05 0.000139981 0.000125106 9.42124e-05 0.000115658 7.36638e-05 0.000271301 0.000306702 0.000347566 9.39738e-05 0.000256928 0.00181759 0.000164533 9.7565e-05 9.74353e-05 0.000216067 8.57197e-05 8.80505e-05 0.000233694 8.22205e-05 0.0001213 8.13322e-05 0.000122785 7.70787e-05 7.50545e-05 0.000106229 8.17082e-05
threshold=7.1081773499999779 0.33767818374323971 162.50000000000003 8.5000000000000018 36.250000000000007 278.58968990000011 20.250000000000004 14.500000000000002 0.65400000000000003 0.045000000000000005 0.60355339059327384 -2.1939753499999877 0.25408163265306133 277.2569534000001 6.8950000000000005 1.6700000000000002 0.33050000000000007 35.800000000000004 52.500000000000007 52.500000000000007 270.33271840000003 34.850000000000001 0.32800000000000007 1.5000000000000002 0.025150000000000002 9.6979689571023027 1.1650000000000002e-05 31.162500000000009 15.750000000000002 0.03649768300000001
decision_type=2 2 2 2 2 2 2 2 2 2 2 2 2 2 2 2 2 2 2 2 10 2 2 2 2 2 2 2 2 2
left_child=3 -2 -3 4 -1 -6 -7 -8 12 10 11 -10 13 17 -15 27 -16 22 -19 20 21 -17 -5 -24 -25 -26 -18 -14 29 -29
right_child=1 2 -4 8 5 6 7 -9 9 -11 -12 -13 15 14 16 19 26 18 -20 -21 -22 -23 23 24 25 -27 -28 28 -30 -31
leaf_value=0 0 0.00019810491193622936 0 0 0 0 -8.4738776280352581e-05 0 0.0001839117208028502 0 0 0 0 0.00025366096385088312 2.0599845789924016e-05 0.00011543871527698149 -4.325695157176137e-05 0 0.00010946891671343249 0 0 0 3.7615120163536138e-07 0 -9.3951477031090514e-05 0 0 -4.1761225078809847e-05 0 0
leaf_weight=1415 1206 72 169 10762 192 175 184 62 73 525 102 65 326 80 243 77 177 51 64 373 88 105 55 207 115 146 75 720 315 107
leaf_count=1415 1206 72 169 10762 192 175 184 62 73 525 102 65 326 80 243 77 177 51 64 373 88 105 55 207 115 146 75 720 315 107
internal_value=3.7326e-07 1.05397e-05 6.93842e-05 -2.02647e-07 -8.3371e-06 -2.8278e-05 -4.36418e-05 -6.4866e-05 5.71996e-07 1.57086e-05 5.99886e-05 0.000108423 0 1.46056e-06 3.40513e-05 -9.95699e-06 0 0 4.53679e-05 5.67989e-06 2.94523e-05 4.98742e-05 -6.54315e-07 -2.00373e-05 -3.3093e-05 -5.23113e-05 -2.35547e-05 -2.0209e-05 -2.62497e-05 -3.56641e-05
internal_weight=18326 1447 241 16879 2028 613 421 246 14851 765 240 138 14086 11975 575 2111 495 11400 115 643 270 182 11285 523 468 261 252 1468 1142 827
internal_count=18326 1447 241 16879 2028 613 421 246 14851 765 240 138 14086 11975 575 2111 495 11400 115 643 270 182 11285 523 468 261 252 1468 1142 827
is_linear=0
shrinkage=0.05


Tree=157
num_leaves=31
num_cat=0
split_feature=138 85 47 120 94 123 30 104 41 85 77 6 96 132 49 43 88 16 49 30 86 14 83 92 56 94 103 93 142 14
split_gain=6.02038e-05 0.00110922 0.00259692 0.000224805 0.000635118 0.00129885 0.00019426 0.000381658 0.000348918 0.000104043 0.000248237 0.000268229 0.000237456 0.000104727 0.000149245 0.000221247 8.13485e-05 7.39653e-05 0.000290684 0.000400808 5.3202e-05 0.000227271 0.00010241 0.00010043 5.15564e-05 5.05505e-05 0.000102264 8.75736e-05 5.515e-05 5.13982e-05
threshold=3.9200000000000004 279.3765259000001 1.0000000180025095e-35 267.88059920000006 14.500000000000002 0.25881904510252091 -2.8199999999999981 1.3500000000000005 49.500000000000007 279.68915700000008 285.95583585000003 0.001522916666666667 36.187500000000007 3.5000000000000004 945.85000000000002 0.33350000000000007 49.962500000000006 3.1500000000000008 972.6500000000002 -1.4871428571428555 17.500000000000004 0.020084667500000004 31.150000000000002 6.2500000000000018 -5.0187314999999719 22.500000000000004 1191.7500000000002 273.10815380000003 90.194925334034806 0.020297361000000003
decision_type=2 2 2 8 2 2 2 2 2 2 2 2 2 2 2 2 2 2 2 2 2 2 2 2 2 2 2 2 2 2
left_child=1 3 -3 4 5 -1 7 8 -5 16 12 -12 -11 14 -14 -16 25 24 19 -19 22 23 -6 -22 -8 -2 27 28 -27 -30
right_child=9 2 -4 6 20 -7 17 -9 -10 10 11 -13 13 -15 15 -17 -18 18 -20 -21 21 -23 -24 -25 -26 26 -28 -29 29 -31
leaf_value=0.00032048036869337715 2.9082745003476825e-07 0 0.00038949766784958964 0 0 0 6.8609917871049988e-07 0 -0.00015087212655626124 0 0.00011751804680030814 0 0 0 0 -0.00015514252746840984 5.9123387222747434e-05 0 0 0.00015061402799758418 0 0 -5.6355035497843568e-05 0.0001224895503995261 -1.3517066737470733e-05 0 0 0 -7.2266903913665179e-05 0
leaf_weight=51 12209 67 61 61 146 95 1271 619 103 212 53 61 54 137 59 107 57 59 530 83 50 238 96 59 751 57 664 73 165 78
leaf_count=51 12209 67 61 61 146 95 1271 619 103 212 53 61 54 137 59 107 57 59 530 83 50 238 96 59 751 57 664 73 165 78
internal_value=3.60213e-07 5.69132e-06 0.000150287 7.57078e-08 2.62169e-05 0.000119343 -4.01859e-06 -2.62651e-05 -9.5187e-05 -9.369e-07 -1.99556e-05 2.55705e-05 -3.78776e-05 -6.27896e-05 -8.70129e-05 -0.000110696 0 5.99331e-07 1.6207e-05 7.94863e-05 0 1.52535e-05 -1.46335e-05 7.68201e-05 -2.12166e-06 -2.17706e-07 -1.10163e-05 -3.19438e-05 -4.4668e-05 -5.50127e-05
internal_weight=18326 4340 128 4212 735 146 3477 783 164 13986 683 114 569 357 220 166 13303 2694 672 142 589 347 242 109 2022 13246 1037 373 300 243
internal_count=18326 4340 128 4212 735 146 3477 783 164 13986 683 114 569 357 220 166 13303 2694 672 142 589 347 242 109 2022 13246 1037 373 300 243
is_linear=0
shrinkage=0.05


Tree=158
num_leaves=31
num_cat=0
split_feature=136 96 88 59 103 53 139 80 29 8 120 107 138 131 11 31 3 123 160 100 134 17 103 136 137 136 50 14 61 136
split_gain=6.15417e-05 8.15305e-05 9.10365e-05 7.70894e-05 0.000146518 0.000470287 0.00164898 0.00167084 0.000256235 0.000371504 0.000244876 0.000669117 0.000405509 0.000193898 0.000260212 0.000249112 0.000200795 0.000308369 0.000309058 0.000263101 6.95394e-05 0.000108003 0.000208964 0.000139044 4.84832e-05 0.000124581 0.000159 0.000326114 0.000104622 0.000116709
threshold=1.9700000000000002 32.912500000000009 40.537500000000009 3.2016500000000003 1098.3500000000001 198.50000000000003 39.149724511498469 26.387500000000006 47.350000000000009 0.034614244500268891 267.5891979000001 8.3500000000000032 5.7800000000000002 92.98559840874789 0.0017525849375000003 14.350000000000003 9.2300000000000007e-05 -0.25881904510252113 0.23571428571428574 -2.8500000000000223 8.9950000000000028 0.023850000000000007 1164.9000000000003 0.10000000000000002 0.085000000000000006 0.19500000000000003 1007.35 0.020602420000000007 1573.5000000000002 0.025000000000000005
decision_type=2 2 2 2 2 2 2 2 2 2 10 2 2 2 2 2 2 2 2 2 2 2 2 2 2 2 2 2 2 2
left_child=3 -2 -3 20 5 8 -7 -8 10 -10 11 12 -5 14 16 -16 19 18 -18 -12 21 -1 23 -23 25 28 27 -27 -6 -30
right_child=1 2 -4 4 24 6 7 -9 9 -11 13 -13 -14 -15 15 -17 17 -19 -20 -21 -22 22 -24 -25 -26 26 -28 -29 29 -31
leaf_value=0 0 -2.7997325956488563e-05 0 0.00025103063590387482 -2.308725678548104e-05 -1.2256372930756691e-05 0.00034991254089730738 0 0 0.00015374344564781284 -0.0001018989179129466 0 0 5.23440635757633e-06 0 -9.8556348532456662e-05 0.00017180495804032861 0 0 0 0 0 0 -8.370797287820034e-05 -6.7866934487363786e-07 2.86849512317542e-06 0 0.00013629261101982592 6.4908739888377057e-05 0
leaf_weight=640 975 698 147 50 437 150 80 64 128 67 103 116 51 969 91 186 54 322 50 158 889 53 308 200 9912 300 718 87 76 247
leaf_count=640 975 698 147 50 437 150 80 64 128 67 103 116 51 969 91 186 54 322 50 158 889 53 308 200 9912 300 718 87 76 247
internal_value=3.21397e-07 -7.99827e-06 -1.94584e-05 1.54208e-06 3.08764e-06 1.38024e-05 7.45764e-05 0.000198971 4.02315e-06 5.88391e-05 0 4.918e-05 0.000146865 -6.62637e-06 -2.37231e-05 -6.55255e-05 0 1.36762e-05 9.00152e-05 -4.01391e-05 -6.72378e-06 -1.49425e-05 -3.09514e-05 -6.46249e-05 2.61181e-07 7.93346e-06 1.95878e-05 4.60236e-05 -2.4445e-06 1.00369e-05
internal_weight=18326 1820 845 16506 14416 2639 294 144 2345 195 2150 217 101 1933 964 277 687 426 104 261 2090 1201 561 253 11777 1865 1105 387 760 323
internal_count=18326 1820 845 16506 14416 2639 294 144 2345 195 2150 217 101 1933 964 277 687 426 104 261 2090 1201 561 253 11777 1865 1105 387 760 323
is_linear=0
shrinkage=0.05


Tree=159
num_leaves=31
num_cat=0
split_feature=136 28 120 49 98 54 105 103 85 50 93 84 14 101 137 84 98 63 126 120 129 4 112 118 134 51 4 112 120 131
split_gain=5.43598e-05 8.37397e-05 0.000302154 0.000264723 0.000411719 8.82084e-05 0.000124335 0.000236045 0.00129591 0.000318426 0.000508726 0.000180523 0.000260521 0.000338257 0.000129623 0.000103407 0.000142658 0.000355677 0.000128966 0.000110828 0.00075686 9.01003e-05 0.000137451 9.58395e-05 0.000227297 7.98359e-05 8.44745e-05 0.000122521 0.000174651 0.000177953
threshold=1.9700000000000002 7.0500000000000007 271.18584555000001 982.85000000000002 0.39999999999999908 0.03500000000000001 8.5000000000000018 1008.5500000000003 279.9046078500001 1014.4500000000002 273.75573510000009 16.350000000000005 0.016852259000000005 -2.1230560999999848 1.5450000000000002 7.950000000000002 11.800000000000004 11.812200000000002 31.500000000000004 267.07739310000005 6.5000000000000009 0.0075369395000000009 276.21535175000002 32.750000000000007 8.6650000000000009 483.50000000000006 0.00011990800000000002 293.17098945000004 282.41526550000009 102.00208775980865
decision_type=2 2 8 2 2 2 2 2 2 2 2 2 2 2 2 2 2 2 2 8 2 2 2 8 2 2 2 2 8 2
left_child=1 2 3 -1 -5 -3 25 8 9 10 -8 15 -13 -14 -11 16 19 -18 -17 20 -9 -21 -23 24 -24 26 27 28 29 -7
right_child=-2 5 -4 4 -6 6 7 11 -10 14 -12 12 13 -15 -16 18 17 -19 -20 21 -22 22 23 -25 -26 -27 -28 -29 -30 -31
leaf_value=0 -7.4616954211207508e-06 -4.2868965352298104e-06 0 0 0.00020041293815019085 -8.3089458481645136e-05 0.00016671284788654622 0 0.00025065998702615392 3.5347239513769101e-06 0 0 0.0001972715331608996 0 -5.6439885413935535e-05 -5.6788891454402801e-05 0.00015806832940492874 0 -1.9588660784943191e-06 2.2641277857324315e-06 0.00018158029943041393 0 -0.00015412952843242941 0 0 3.8371320348609718e-07 0 0 0 0
leaf_weight=105 1820 5724 717 57 66 249 76 307 63 695 72 313 50 57 98 159 51 87 1205 4414 65 617 56 125 167 250 320 91 118 132
leaf_count=105 1820 5724 717 57 66 249 76 307 63 695 72 313 50 57 98 159 51 87 1205 4414 65 617 56 125 167 250 320 91 118 132
internal_value=3.23905e-07 1.48567e-06 1.60795e-05 6.6081e-05 0.000115765 2.77134e-07 3.44127e-06 5.87897e-06 2.91433e-05 8.75451e-06 7.63364e-05 2.17992e-06 3.40383e-05 0.000102699 0 0 3.19986e-06 5.43145e-05 -1.20503e-05 1.09483e-06 2.75916e-05 0 -1.44827e-05 -3.95623e-05 -5.92304e-05 -1.04758e-05 -1.89449e-05 -3.01758e-05 -4.10963e-05 -5.79104e-05
internal_weight=18326 16506 945 228 123 15561 9837 8677 1004 941 148 7673 420 107 793 7253 5889 138 1364 5751 372 5379 965 348 223 1160 910 590 499 381
internal_count=18326 16506 945 228 123 15561 9837 8677 1004 941 148 7673 420 107 793 7253 5889 138 1364 5751 372 5379 965 348 223 1160 910 590 499 381
is_linear=0
shrinkage=0.05


Tree=160
num_leaves=31
num_cat=0
split_feature=59 103 53 134 43 29 75 120 25 107 103 86 56 135 77 43 104 44 131 103 47 124 54 108 118 9 86 23 138 77
split_gain=5.30133e-05 6.78809e-05 0.000264356 0.00165858 0.000319873 0.000329048 0.000253075 0.00025898 0.000145824 0.000184047 0.000134328 0.000141447 0.000109736 0.000142443 0.000106532 0.000205104 0.000204303 8.1448e-05 6.87701e-05 0.000220668 0.00105348 9.53184e-05 0.000301944 6.8266e-05 6.57679e-05 0.000111278 5.90233e-05 4.69248e-05 6.5717e-05 0.000104471
threshold=3.1531000000000007 1090.6000000000001 198.50000000000003 6.4950000000000001 0.39050000000000007 51.650000000000006 5.2500000000000009 277.56863315000004 13.500000000000002 11.050000000000002 1191.7500000000002 11.500000000000002 -6.2558395999999723 78.000000000000014 281.20978160000004 0.44350000000000006 0.35000000000000009 1592.5000000000002 35.942420820543425 1961.5000000000002 99.500000000000014 0.37940952255126048 0.055000000000000007 286.2791492500001 31.550000000000004 1.8806944444444447 1.5000000000000002 19.341666666666669 10.640000000000002 268.93629975000005
decision_type=2 2 2 2 2 2 2 10 2 2 2 2 2 2 2 2 2 2 2 2 2 2 2 2 8 2 2 2 2 2
left_child=24 2 4 -4 5 6 7 -2 9 -5 11 12 -3 17 15 16 -6 26 19 20 21 23 -23 -12 25 -1 -14 28 -20 -30
right_child=1 10 3 8 14 -7 -8 -9 -10 -11 18 -13 13 -15 -16 -17 -18 -19 27 -21 -22 22 -24 -25 -26 -27 -28 -29 29 -31
leaf_value=-5.2369114217760622e-06 0.00016108213233458039 0 0.00030694602650070907 9.3549069230956615e-05 0 0.00011088081454834216 0 0 -4.7442463520721999e-05 0 0 0 0 0 0 0 -0.0001096246570671754 0 0 0 0.00022407296158961354 0 0.00013407747398233832 -4.5487721738704839e-05 0 -7.9604990576713353e-05 -8.4518433182120334e-05 -1.7789019043290352e-06 0 4.5630984865302093e-05
leaf_weight=861 50 143 52 67 72 84 1957 50 101 74 106 152 55 55 121 142 151 53 1214 821 66 92 52 101 1331 83 232 9673 58 245
leaf_count=861 50 143 52 67 72 84 1957 50 101 74 106 152 55 55 121 142 151 53 1214 821 66 92 52 101 1331 83 232 9673 58 245
internal_value=0 1.09417e-06 8.03905e-06 5.35831e-05 1.02097e-06 1.11354e-05 4.58071e-06 8.18033e-05 0 3.08311e-05 -7.16208e-08 -2.18256e-05 -3.55915e-05 -4.91627e-05 -3.32009e-05 -4.68445e-05 -7.6646e-05 -6.20573e-05 7.35529e-07 1.20062e-05 4.17978e-05 0 3.69445e-05 -1.39344e-05 -7.05645e-06 -1.7144e-05 -7.25729e-05 -6.55735e-08 7.55946e-06 2.87365e-05
internal_weight=18314 16039 2921 294 2627 2141 2057 100 242 141 13118 690 538 395 486 365 223 340 12428 1238 417 351 144 207 2275 944 287 11190 1517 303
internal_count=18314 16039 2921 294 2627 2141 2057 100 242 141 13118 690 538 395 486 365 223 340 12428 1238 417 351 144 207 2275 944 287 11190 1517 303
is_linear=0
shrinkage=0.05


Tree=161
num_leaves=31
num_cat=0
split_feature=4 3 116 23 116 81 128 136 85 30 108 8 103 160 12 134 112 115 118 11 138 101 54 85 31 51 86 35 116 33
split_gain=5.76228e-05 9.16508e-05 0.000206571 0.00122398 0.000101791 0.000156999 0.000220686 0.000237488 0.000102172 0.000247214 0.000325201 0.000750713 9.70776e-05 0.000198648 0.000119092 9.47104e-05 0.000106437 0.000151542 0.000148925 0.000311199 0.000231405 0.00027737 0.000170054 0.000111903 0.00012971 9.15704e-05 0.000267717 0.000432103 8.23087e-05 0.00027932
threshold=0.0055734105000000006 0.0083583425000000027 291.97952390000006 22.750000000000004 287.37448065000007 35.45000000000001 9.2709178796006242 0.50000000000000011 275.57409470000005 -1.4414285714285711 279.61787740000005 0.00093810516419616378 903.80000000000018 1.0000000180025095e-35 0.017038588000000004 11.240000000000002 269.44682885000003 16.050000000000004 7.4500000000000011 0.0021053922986111113 3.7550000000000003 5.9127677000000185 0.025000000000000005 277.58599040000007 33.850000000000001 110.50000000000001 5.5000000000000009 285.78366050000005 284.92060750000007 0.85018492736227735
decision_type=2 2 2 2 2 2 2 2 2 2 2 2 2 2 2 2 2 2 10 2 2 2 2 2 2 2 2 2 2 2
left_child=1 4 12 -4 8 -6 7 -7 -1 10 -10 -12 13 -3 -15 16 -14 18 -18 25 -21 22 -22 24 -24 26 -20 -28 29 -2
right_child=28 2 3 -5 5 6 -8 -9 9 -11 11 -13 15 14 -16 -17 17 -19 19 20 21 -23 23 -25 -26 -27 27 -29 -30 -31
leaf_value=-1.3859553631146335e-06 -4.3046603383923418e-06 0 0.0002426184129009812 0 0 0 -3.6707845066772808e-06 -0.00014947624147613103 0 0 0 0.00019540556187156878 0 0 -8.9894861465968741e-05 -1.5598179690890968e-06 0 0 0 0 0 0 0.000146106055885888 0 0 -1.3925314924310642e-05 0 0.00018276455819557605 -2.1694926266085618e-05 0.00010808380558143784
leaf_weight=6354 2379 126 63 405 780 52 421 80 228 406 84 92 1197 68 116 2237 786 535 203 78 95 50 208 63 56 215 142 57 683 55
leaf_count=6354 2379 126 63 405 780 52 421 80 228 406 84 92 1197 68 116 2237 786 535 203 78 95 50 208 63 56 215 142 57 683 55
internal_value=0 1.35468e-06 5.90854e-06 3.88349e-05 -1.648e-06 -1.44242e-05 -3.47774e-05 -9.56212e-05 3.31058e-08 1.73181e-05 4.61149e-05 9.72581e-05 2.62788e-06 -2.20447e-05 -5.91725e-05 4.76709e-06 9.96374e-06 1.59351e-05 2.27451e-05 3.44128e-05 6.26171e-05 7.60956e-05 9.00794e-05 0.000108446 0.000124949 1.11993e-06 2.15881e-05 6.54641e-05 -6.10383e-06 0
internal_weight=18314 15197 6700 468 8497 1333 553 132 7164 810 404 176 6232 310 184 5922 3685 2488 1953 1167 550 472 422 327 264 617 402 199 3117 2434
internal_count=18314 15197 6700 468 8497 1333 553 132 7164 810 404 176 6232 310 184 5922 3685 2488 1953 1167 550 472 422 327 264 617 402 199 3117 2434
is_linear=0
shrinkage=0.05


Tree=162
num_leaves=31
num_cat=0
split_feature=4 3 88 85 15 133 42 43 116 81 128 136 29 91 28 90 88 131 6 115 131 85 30 8 77 103 116 105 136 107
split_gain=5.12649e-05 8.41447e-05 0.000199561 0.0012526 0.00033253 0.000219159 0.000143475 0.000228108 9.4417e-05 0.000146197 0.000194258 0.000212418 9.42189e-05 9.21708e-05 0.00020815 9.88072e-05 0.000418666 0.000390299 0.000327919 0.00022287 0.000107987 8.96446e-05 0.000226906 0.000268293 0.000806353 8.01324e-05 7.43205e-05 0.00015851 0.000296567 0.00024751
threshold=0.0055734105000000006 0.0083583425000000027 37.037500000000009 280.2043680000001 0.0012729166666666668 6.4300000000000006 0.32500000000000007 0.30450000000000005 287.37448065000007 35.45000000000001 9.2709178796006242 0.50000000000000011 36.350000000000001 19.950000000000003 18.250000000000004 20.943877551020414 33.212500000000013 82.535612746741251 0.0022361111111111115 13.250000000000002 94.227198244092591 275.57409470000005 -1.4414285714285711 0.00093810516419616378 279.60783520000007 1866.8500000000001 284.92060750000007 17.500000000000004 0.26500000000000007 9.5500000000000025
decision_type=2 2 2 2 2 2 2 2 2 2 2 2 2 2 2 2 2 2 2 2 2 2 2 2 2 2 2 2 2 2
left_child=1 8 13 4 12 -6 -7 -8 21 -10 11 -11 -4 15 -15 25 17 18 -17 -20 -18 -1 23 -23 -25 -3 27 28 29 -2
right_child=26 2 3 -5 5 6 7 -9 9 10 -12 -13 -14 14 -16 16 20 -19 19 -21 -22 22 -24 24 -26 -27 -28 -29 -30 -31
leaf_value=-1.3166684389708773e-06 0 -3.2716197712910059e-05 -5.9000285955594982e-05 0.00024487728618682484 0 0 0 0.00012157478068884969 0 0 -3.4876801410107314e-06 -0.00014209470089374435 0 -9.5997746059058251e-05 -1.7244809582004924e-06 0 -4.0724279696257513e-05 0 0.00019273208169688589 0 0 0 0 0 0.00021645089059986919 2.9731034468312658e-06 -2.0611765747113918e-05 -7.4313936824240055e-06 0 0.00015788848992859573
leaf_weight=6354 54 162 69 61 143 107 96 163 780 52 421 80 1007 71 1287 51 171 129 99 52 107 170 406 161 73 2925 683 2012 303 65
leaf_count=6354 54 162 69 61 143 107 96 163 780 52 421 80 1007 71 1287 51 171 129 99 52 107 170 406 161 73 2925 683 2012 303 65
internal_value=0 1.24003e-06 5.61619e-06 2.07665e-05 8.83985e-06 4.30944e-05 6.38252e-05 8.44375e-05 -1.62251e-06 -1.39181e-05 -3.35587e-05 -9.11257e-05 -2.74666e-06 0 -1.03995e-05 4.75106e-06 2.32756e-05 6.40464e-05 0.000107309 0.000144126 -7.40256e-06 0 1.62097e-05 4.38955e-05 7.85803e-05 0 -5.79732e-06 0 2.59617e-05 9.24898e-05
internal_weight=18314 15197 6700 1646 1585 509 366 259 8497 1333 553 132 1076 5054 1358 3696 609 331 202 151 278 7164 810 404 234 3087 3117 2434 422 119
internal_count=18314 15197 6700 1646 1585 509 366 259 8497 1333 553 132 1076 5054 1358 3696 609 331 202 151 278 7164 810 404 234 3087 3117 2434 422 119
is_linear=0
shrinkage=0.05


Tree=163
num_leaves=31
num_cat=0
split_feature=59 75 83 75 161 58 129 21 43 113 49 49 49 140 49 46 160 49 160 161 42 17 108 138 136 121 75 136 112 137
split_gain=4.57752e-05 6.42575e-05 0.000148468 9.52184e-05 9.24724e-05 0.000111069 7.71423e-05 0.000143099 0.000367448 0.000224493 0.000225484 0.00010612 0.000147014 0.000193693 0.000134329 0.000182173 9.66352e-05 0.000149829 0.000124989 7.43453e-05 6.96429e-05 0.000602765 7.51054e-05 0.000146888 0.00012332 0.000148639 0.000127226 6.54348e-05 0.000117554 0.000211216
threshold=3.1531000000000007 14.950000000000001 35.20000000000001 15.750000000000002 0.027402402402402406 3.6500000000000026 5.5000000000000009 0.5902777777777779 0.25950000000000006 0.95000000000000007 950.85000000000002 981.85000000000002 986.35000000000002 17.960000000000004 983.25000000000011 1.5000000000000002 0.11326530612244899 997.45000000000016 0.21027445460943001 0.1326530612244898 0.56500000000000006 0.061650000000000003 276.17353440000005 5.4500000000000011 0.23500000000000001 0.8500000000000002 11.450000000000001 0.97500000000000009 293.80736115000008 1.0750000000000004
decision_type=2 2 2 2 2 2 2 2 2 2 2 2 2 2 2 2 2 2 2 2 2 2 2 2 2 8 2 2 2 2
left_child=-1 2 6 4 -3 -6 20 8 -8 11 -11 -10 13 -13 -15 -16 19 18 -18 -9 22 -22 -2 24 -24 26 -26 28 -5 -30
right_child=1 3 -4 27 5 -7 7 16 9 10 -12 12 -14 14 15 -17 17 -19 -20 -21 21 -23 23 -25 25 -27 -28 -29 29 -31
leaf_value=-6.6290967082418755e-06 0 0 8.4428438769698972e-05 0 -4.3246303307172922e-05 0 0.00015555222097715998 0 -1.3992033759576531e-06 0 0.00015782865067497673 0 0 0 0.00017668138614219118 0 -9.3568366791812739e-05 9.8831114694579436e-06 -5.7914332945361109e-06 6.2712680320636054e-05 0 0.00015824315337298545 0 0 -0.0001473841659389404 0 0 -8.1546655413560032e-06 5.6269149756893721e-05 0
leaf_weight=2275 3021 393 61 4289 415 65 51 903 1245 55 53 163 703 76 62 64 101 68 367 51 434 64 99 820 73 67 77 1773 273 153
leaf_count=2275 3021 393 61 4289 415 65 51 903 1245 55 53 163 703 76 62 64 101 68 367 51 434 64 99 820 73 67 77 1773 273 153
internal_value=0 9.48139e-07 4.07247e-06 -2.05607e-06 -1.75492e-05 -3.22526e-05 2.91371e-06 8.17568e-06 1.58405e-05 1.077e-05 8.46701e-05 5.12355e-06 1.73988e-05 4.34553e-05 7.60921e-05 0.000109083 -1.18941e-06 -2.04717e-05 -3.55548e-05 4.41871e-06 -4.9181e-07 1.55555e-05 -3.62002e-06 -1.45967e-05 -4.38478e-05 -6.48842e-05 -9.24061e-05 0 3.11017e-06 2.81974e-05
internal_weight=18314 16039 8678 7361 873 480 8617 3962 2472 2421 108 2313 1068 365 202 126 1490 536 468 954 4655 498 4157 1136 316 217 150 6488 4715 426
internal_count=18314 16039 8678 7361 873 480 8617 3962 2472 2421 108 2313 1068 365 202 126 1490 536 468 954 4655 498 4157 1136 316 217 150 6488 4715 426
is_linear=0
shrinkage=0.05


Tree=164
num_leaves=31
num_cat=0
split_feature=59 120 75 88 43 73 22 3 131 126 19 43 84 132 6 83 48 133 136 112 6 102 13 83 104 131 91 25 138 88
split_gain=4.16777e-05 6.18577e-05 5.95147e-05 0.000141559 0.000716162 0.00123417 0.000633094 0.00014033 0.000124656 0.000281332 0.000123695 0.000108428 9.73752e-05 0.000696481 0.00117089 9.91332e-05 6.7779e-05 6.18873e-05 6.1096e-05 0.000133247 0.000273823 5.01862e-05 4.95756e-05 6.45897e-05 4.73744e-05 7.78948e-05 9.90394e-05 4.67188e-05 7.21664e-05 4.55696e-05
threshold=3.1531000000000007 271.07640500000008 14.950000000000001 38.63750000000001 0.35150000000000003 21.950000000000003 9.5000000000000018 0.0083583425000000027 43.387898118563548 36.500000000000007 -0.00097428571428571432 0.29350000000000004 10.050000000000002 1.5000000000000002 0.0022361111111111115 19.350000000000005 95.500000000000014 31.585000000000004 0.38500000000000006 293.80736115000008 0.0043826388888888899 1.4000000000000015 0.00061834959722222233 18.050000000000004 0.95000000000000018 116.90592387249417 25.250000000000004 6.5000000000000009 9.6000000000000032 34.01250000000001
decision_type=2 8 2 2 2 2 2 2 2 2 2 2 2 2 2 2 2 2 2 2 2 2 2 2 2 2 2 2 2 2
left_child=1 22 3 12 11 6 -6 -7 9 10 -4 -5 15 14 -14 29 -13 -17 19 24 -21 -18 23 -1 -10 -26 -27 -15 -29 -2
right_child=2 -3 8 4 5 7 -8 -9 18 -11 -12 16 13 27 -16 17 21 -19 -20 20 -22 -23 -24 -25 25 26 -28 28 -30 -31
leaf_value=0 0 -3.5254615468889051e-07 -0.00013165239498436841 5.2450887086479266e-05 0.00036873272212687883 -5.3402081506699666e-05 2.0818567626129958e-07 4.7596982932351665e-05 -8.8126764754238339e-06 0 0 0 0 8.0953621733925722e-06 0.00027317372140135958 0 -4.8937664983515243e-05 -3.9823140825421028e-05 -3.6784824495292158e-06 0.00011318859282819805 0 0 0 -6.7892719383646341e-05 0 0 4.7425222375987573e-05 -3.2287968160406538e-05 0 2.5792900949434198e-05
leaf_weight=61 6616 1971 77 55 50 68 55 67 574 513 115 233 96 255 65 108 171 250 4035 86 116 56 129 114 963 653 229 268 88 177
leaf_count=61 6616 1971 77 55 50 68 55 67 574 513 115 233 96 255 65 108 171 250 4035 86 116 56 129 114 963 653 229 268 88 177
internal_value=0 -6.29779e-06 9.31681e-07 3.94386e-06 2.50816e-05 9.69663e-05 0.000224689 0 -1.94031e-06 -2.19243e-05 -7.35018e-05 0 1.29569e-06 1.82246e-05 0.000111054 0 -1.59316e-05 -2.6035e-05 0 6.11759e-06 4.60272e-05 -3.54456e-05 -2.83231e-05 -4.57643e-05 7.01153e-07 6.37274e-06 1.74769e-05 0 -1.67382e-05 8.13371e-07
internal_weight=18314 2275 16039 8678 755 240 105 135 7361 705 192 515 7923 772 161 7151 460 358 6656 2621 202 227 304 175 2419 1845 882 611 356 6793
internal_count=18314 2275 16039 8678 755 240 105 135 7361 705 192 515 7923 772 161 7151 460 358 6656 2621 202 227 304 175 2419 1845 882 611 356 6793
is_linear=0
shrinkage=0.05


Tree=165
num_leaves=31
num_cat=0
split_feature=83 88 103 93 129 129 116 83 128 92 32 81 83 36 128 53 19 138 35 114 53 30 54 139 22 88 86 29 139 96
split_gain=0.000167653 8.34499e-05 0.000808965 0.00013367 0.00100063 0.000126121 8.11446e-05 0.000135359 0.000318622 0.000148766 0.000218175 0.000174302 7.93447e-05 0.000101117 9.93558e-05 7.69595e-05 7.51777e-05 0.00015264 6.93214e-05 6.42085e-05 0.000336826 5.00959e-05 4.81708e-05 0.000197155 0.000244683 0.000728174 0.000761022 0.000797931 0.000118829 0.000163318
threshold=36.250000000000007 41.812500000000007 884.95000000000016 265.71793170000007 7.5000000000000009 7.5000000000000009 286.65519480000006 16.750000000000004 9.3643053193519865 18.450000000000006 7.7500000000000009 36.95000000000001 21.650000000000002 269.05341100000004 10.047674471911776 106.50000000000001 -0.0015614285714285712 4.785000000000001 279.71080380000006 29.350000000000005 145.50000000000003 -1.0785714285714285 0.055000000000000007 86.473920127546805 6.5000000000000009 30.612500000000008 10.500000000000002 28.900000000000002 85.299518965764761 32.13750000000001
decision_type=2 2 2 2 2 2 2 2 2 2 2 2 2 2 2 2 2 2 2 2 2 2 2 2 2 2 2 2 2 2
left_child=1 6 -3 5 16 -4 22 19 9 10 11 -9 13 -10 15 -14 21 18 -18 -8 -21 -5 28 -24 -25 -26 27 -27 -1 -30
right_child=-2 2 3 4 -6 -7 7 8 12 -11 -12 -13 14 -15 -16 -17 17 -19 -20 20 -22 -23 23 24 25 26 -28 -29 29 -31
leaf_value=0 -8.0892485286483413e-05 0.00020082981921520763 0 -2.2166568648746015e-05 0.00022246447015796938 -5.7582714991424619e-05 -8.1900286540624042e-07 0 0 0 0 -0.0001845031749570221 0 -4.5237272035750643e-05 0 7.4717687589273898e-05 7.7077210057029599e-05 0 0 0 0.0001387985751328485 0 3.2276371026111196e-07 0 0 0 0 0.00036852230256152009 0 -5.7402675497728117e-05
leaf_weight=7285 63 54 727 339 55 115 1196 58 498 60 85 78 50 206 212 84 117 220 51 74 51 120 5220 199 176 52 54 50 556 219
leaf_count=7285 63 54 727 339 55 115 1196 58 498 60 85 78 50 206 212 84 117 220 51 74 51 120 5220 199 176 52 54 50 556 219
internal_value=0 1.37115e-07 1.05682e-05 1.70001e-06 1.72882e-05 -9.06849e-06 -6.9899e-07 -8.84189e-06 -2.02427e-05 -6.88345e-05 -8.77158e-05 -0.000128254 -2.42808e-06 -1.55656e-05 9.86129e-06 4.57152e-05 0 1.93814e-05 5.58804e-05 0 3.56035e-05 -9.535e-06 5.0314e-07 4.2598e-06 3.3491e-05 6.02404e-05 0.000138896 0.00021881 -1.55725e-06 -2.01994e-05
internal_weight=18324 18261 1798 1744 902 842 16463 2652 1331 281 221 136 1050 704 346 134 847 388 168 1321 125 459 13811 5751 531 332 156 102 8060 775
internal_count=18324 18261 1798 1744 902 842 16463 2652 1331 281 221 136 1050 704 346 134 847 388 168 1321 125 459 13811 5751 531 332 156 102 8060 775
is_linear=0
shrinkage=0.05


Tree=166
num_leaves=31
num_cat=0
split_feature=83 88 86 131 131 86 114 116 83 128 19 32 142 43 114 53 67 49 13 141 49 83 81 131 23 49 134 124 73 82
split_gain=0.000151503 7.62215e-05 0.00061281 0.00127218 7.01152e-05 0.000103659 0.000139352 6.55335e-05 0.000107919 0.000200244 0.000356279 0.000135728 6.11029e-05 8.92471e-05 5.44938e-05 0.000308172 5.44558e-05 7.7618e-05 0.000118629 0.000141879 9.95054e-05 9.89817e-05 5.0313e-05 4.23709e-05 4.71688e-05 4.23114e-05 9.57983e-05 0.000364535 0.000525681 0.00202769
threshold=36.250000000000007 42.112500000000004 9.5000000000000018 53.449377895595291 74.957203090391729 18.500000000000004 28.050000000000004 286.65519480000006 16.750000000000004 9.5017903776270458 -0.0014028571428571397 7.7500000000000009 135.82898045752839 0.30050000000000004 29.350000000000005 145.50000000000003 9.2500000000000018 986.95000000000016 0.0010833123541666668 29.690000000000001 981.85000000000002 23.850000000000005 49.650000000000013 67.962549110628359 26.105555555555558 952.85000000000002 5.1750000000000016 -0.37940952255126015 33.45000000000001 20.186000000000003
decision_type=2 2 2 2 2 2 2 2 2 2 2 2 2 2 2 2 2 2 2 2 2 2 2 2 2 2 2 2 2 2
left_child=1 7 3 -3 5 6 -4 25 14 10 -10 -12 -6 -14 -9 -16 17 18 19 -11 -21 -19 -15 -18 -25 -1 27 28 29 -27
right_child=-2 2 4 -5 12 -7 -8 8 9 16 11 -13 13 22 15 -17 23 21 -20 20 -22 -23 -24 24 -26 26 -28 -29 -30 -31
leaf_value=-6.9085470891132145e-06 -7.6911058026691846e-05 0.00025722358343586706 0 0 0 0 -7.1185197810134717e-05 -7.7808696329899707e-07 0 0 -0.00012060176777485318 0 0 5.713450503280663e-05 0 0.00013199210555040524 0 -3.3267253164106884e-05 0 0 0.00014154676089000767 5.3707112001261656e-06 0 -3.8885827474583324e-05 0 0 1.610786224308356e-08 0 -1.4605550879762522e-05 0.00033585041962301624
leaf_weight=1515 63 73 69 231 666 164 152 1196 118 61 148 83 90 155 74 51 61 231 112 96 53 115 79 238 52 185 11470 599 58 66
leaf_count=1515 63 73 69 231 666 164 152 1196 118 61 148 83 90 155 74 51 61 231 112 96 53 115 79 238 52 185 11470 599 58 66
internal_value=0 9.83266e-08 1.04577e-05 7.50014e-05 -2.22711e-07 -2.08483e-05 -4.38529e-05 -6.49661e-07 -7.91769e-06 -1.78958e-05 -5.17454e-05 -8.87619e-05 2.76588e-06 2.22115e-05 0 3.27944e-05 -1.3612e-06 8.51585e-07 2.37298e-05 4.76188e-05 7.45275e-05 -6.03746e-06 4.03947e-05 -1.97674e-05 -2.89253e-05 3.97672e-07 1.69631e-06 1.7397e-05 6.18648e-05 9.93644e-05
internal_weight=18324 18261 1679 304 1375 385 221 16582 2689 1368 349 231 990 324 1321 125 1019 668 322 210 149 346 234 351 290 13893 12378 908 309 251
internal_count=18324 18261 1679 304 1375 385 221 16582 2689 1368 349 231 990 324 1321 125 1019 668 322 210 149 346 234 351 290 13893 12378 908 309 251
is_linear=0
shrinkage=0.05


Tree=167
num_leaves=31
num_cat=0
split_feature=83 88 86 131 116 119 90 56 43 25 17 26 6 23 85 114 54 139 92 88 86 142 135 84 142 105 115 24 23 92
split_gain=0.000136938 6.93438e-05 0.000500296 0.00165281 7.03032e-05 0.000113998 0.000200706 0.000144199 9.92291e-05 6.33207e-05 0.000102932 8.13329e-05 8.4647e-05 0.000133875 0.000111873 5.59855e-05 4.28983e-05 0.000165551 0.000214049 0.000424505 0.000566152 0.000757914 0.000126837 0.000106093 0.000131079 0.000110936 0.000105873 4.54357e-05 4.21985e-05 6.64878e-05
threshold=36.250000000000007 41.812500000000007 9.5000000000000018 53.449377895595291 286.65519480000006 11.850000000000003 19.995918367346942 -3.5365733499999688 0.30050000000000004 18.500000000000004 0.0018500000000000003 10.500000000000002 0.0016444444444444445 26.686805555555559 272.17004945000008 27.850000000000005 0.055000000000000007 86.473920127546805 24.550000000000008 30.612500000000008 10.500000000000002 792.12558032055983 3.7650000000000001 0.15000000000000005 789.6392375142425 34.500000000000007 5.4500000000000011 31.950000000000006 23.519444444444446 17.450000000000006
decision_type=2 2 2 2 2 8 2 2 2 2 2 2 2 2 2 2 2 2 2 2 2 2 2 2 2 2 2 2 2 2
left_child=1 4 3 -3 16 6 -6 28 -9 10 -4 12 -11 14 -14 -12 22 -18 19 -19 21 -21 23 -1 25 26 -25 -24 -8 -30
right_child=-2 2 9 -5 5 -7 7 8 -10 11 15 -13 13 -15 -16 -17 17 18 -20 20 -22 -23 27 24 -26 -27 -28 -29 29 -31
leaf_value=0 -7.3125592958263045e-05 0.00027021062620118948 0 0 2.3346467587847046e-05 0 0 0 -8.7728571384650434e-05 0 0 -1.5880550802549923e-06 0 0 0.00010473669074115684 -5.2398579133563122e-05 3.0853682210862382e-07 0 -5.4579570899174203e-06 0.00025843142637807623 0 0 1.7197910803697597e-05 0 0 0 -0.00012504793310654349 -6.14121735013029e-07 -6.4593107011784345e-05 0
leaf_weight=258 63 75 79 283 59 1957 245 57 199 83 64 766 54 101 93 200 5220 261 74 80 62 54 374 52 134 54 93 7095 65 70
leaf_count=258 63 75 79 283 59 1957 245 57 199 83 64 766 54 101 93 200 5220 261 74 80 62 54 374 52 134 54 93 7095 65 70
internal_value=0 7.92095e-08 9.61522e-06 6.28261e-05 -6.5909e-07 -8.24354e-06 -2.58556e-05 -3.82987e-05 -7.08807e-05 -1.78207e-07 -2.11978e-05 1.85359e-06 2.48593e-05 4.09127e-05 7.12569e-05 -3.94253e-05 4.3577e-07 4.00008e-06 3.08226e-05 4.76134e-05 0.000103236 0.000161359 -1.48736e-06 -2.37855e-05 -4.23896e-05 -6.81122e-05 -9.08557e-05 0 -3.09691e-06 -2.83298e-05
internal_weight=18324 18261 1798 358 16463 2652 695 636 256 1440 343 1097 331 248 147 264 13811 5751 531 457 196 134 8060 591 333 199 145 7469 380 135
internal_count=18324 18261 1798 358 16463 2652 695 636 256 1440 343 1097 331 248 147 264 13811 5751 531 457 196 134 8060 591 333 199 145 7469 380 135
is_linear=0
shrinkage=0.05


Tree=168
num_leaves=31
num_cat=0
split_feature=91 74 128 3 138 85 115 29 115 19 76 68 21 116 49 86 3 90 135 94 29 116 19 104 119 85 99 101 131 29
split_gain=0.000103976 6.14636e-05 0.000101987 0.000146138 9.6865e-05 0.000699327 0.00200895 0.000194183 0.000272162 0.000181426 0.000346389 0.000225963 0.000196329 0.000301572 0.000187907 0.000186403 9.6731e-05 0.000124373 0.000160968 7.06461e-05 0.000121836 8.38942e-05 9.81041e-05 6.93597e-05 6.63945e-05 0.000719171 8.33089e-05 6.33745e-05 0.000147144 0.000196162
threshold=36.500000000000007 10.050000000000002 9.5821574907389007 0.094158592000000013 3.9200000000000004 280.2043680000001 12.250000000000002 24.050000000000004 14.050000000000002 -0.00079857142857142334 5.1500000000000012 0.35000000000000009 0.19444444444444448 271.82765540000008 956.25000000000011 13.500000000000002 0.0012356915000000001 22.519387755102045 78.000000000000014 22.500000000000004 44.100000000000009 268.34364895000004 0.0061357142857142912 0.25000000000000006 15.65 276.11494225000007 -1.649999999999977 -3.6092871000000168 111.69009300119471 51.650000000000006
decision_type=2 2 2 2 2 2 2 2 2 2 2 2 2 2 2 2 2 2 2 2 2 2 2 2 10 2 2 2 2 2
left_child=1 2 3 -1 5 7 -7 8 -3 10 12 16 13 -9 -13 -12 -11 -18 -19 21 23 22 -6 -21 25 -14 -26 28 29 -23
right_child=-2 4 -4 -5 19 6 -8 9 -10 11 15 14 24 -15 -16 -17 17 18 -20 20 -22 27 -24 -25 26 -27 -28 -29 -30 -31
leaf_value=-6.0008735696608743e-06 -6.5819277935209665e-05 0 0 -8.9220112815787111e-05 -1.6259090077524242e-06 0 0.00036693035634995726 0.00015991082254057643 -0.00013590681119099966 0 -0.00014686497562452441 0 0 0 0.00013789780242891433 0 0 9.3801551559105672e-05 0 0 0 1.3187221381815595e-05 -4.0298372714174641e-05 -3.7395902768235625e-05 -4.6787959170329314e-05 0.00015492762114410961 0 4.2185540179709145e-07 0 0.00013634538986085352
leaf_weight=699 59 371 1650 89 2356 56 51 50 51 474 58 51 1454 95 85 65 265 119 67 192 430 681 222 467 147 76 237 6867 788 52
leaf_count=699 59 371 1650 89 2356 56 51 50 51 474 58 51 1454 95 85 65 265 119 67 192 430 681 222 467 147 76 237 6867 788 52
internal_value=0 2.34374e-08 -7.05264e-06 -2.18383e-05 1.42971e-06 8.5042e-06 0.000135359 3.40086e-06 -2.57313e-05 8.7398e-06 0 2.56984e-05 5.36941e-06 6.13888e-05 9.22386e-05 -8.06517e-05 1.04266e-05 2.7527e-05 5.91124e-05 -3.69678e-07 -1.27246e-05 4.02385e-07 -6.90919e-06 -2.69982e-05 0 5.73015e-06 -1.73367e-05 3.24613e-06 1.27033e-05 2.89101e-05
internal_weight=18324 18265 2438 788 15827 3772 107 3665 422 3243 2182 1061 2059 145 136 123 925 451 186 12055 1089 10966 2578 659 1914 1530 384 8388 1521 733
internal_count=18324 18265 2438 788 15827 3772 107 3665 422 3243 2182 1061 2059 145 136 123 925 451 186 12055 1089 10966 2578 659 1914 1530 384 8388 1521 733
is_linear=0
shrinkage=0.05


Tree=169
num_leaves=31
num_cat=0
split_feature=91 74 138 85 115 29 96 120 103 94 19 81 73 105 92 94 103 120 25 64 30 103 3 11 138 25 33 93 104 2
split_gain=9.39997e-05 5.65653e-05 8.53718e-05 0.000611472 0.00183911 0.000180515 0.000251985 0.000205405 0.000511595 0.00137224 0.000177187 0.000245105 0.000221138 0.000353936 0.000208624 0.000241961 9.76156e-05 8.5689e-05 0.000113605 9.03608e-05 9.08026e-05 9.73295e-05 9.52159e-05 6.9194e-05 0.000165198 6.61414e-05 0.000144035 0.000151137 5.58517e-05 5.24741e-05
threshold=36.500000000000007 10.050000000000002 3.9200000000000004 280.2043680000001 12.250000000000002 24.050000000000004 33.237500000000004 267.07739310000005 1655.0000000000002 14.500000000000002 -0.00079857142857142334 33.95000000000001 37.050000000000004 15.500000000000002 5.6500000000000012 10.500000000000002 2025.7500000000002 268.07051825000002 18.500000000000004 224.70000000000007 -3.5142857142857129 863.05000000000007 0.03267248100000001 0.0044062812152777788 4.3800000000000008 3.5000000000000004 -0.89996515823707612 267.79629685000003 0.55000000000000016 0.0049793635000000011
decision_type=2 2 2 2 2 2 2 8 2 2 2 2 2 2 2 2 2 8 2 2 2 2 2 2 2 2 2 2 2 2
left_child=1 23 3 5 -5 6 -3 8 9 -7 14 -12 13 -13 -9 -16 -15 18 19 20 -4 -22 -23 -1 -25 26 -19 -28 -8 -27
right_child=-2 2 17 4 -6 7 28 10 -10 -11 11 12 -14 16 15 -17 -18 25 -20 -21 21 22 -24 24 -26 29 27 -29 -30 -31
leaf_value=-2.1927825977479414e-06 -6.2583164689082569e-05 0 0 0 0.0003489366515154521 0.00027477757583457992 0 2.5747739466770572e-07 -6.288741681581214e-06 2.3928549695301617e-06 0 0 0 0.00022909627449075297 -0.00014188891653804666 -7.5399757860605644e-06 0 0 0 0 0 -4.943566326318401e-05 0 -0.00011501797821648114 0 1.3186313971988899e-06 0.00010525902912563486 0 -0.00012799488426170439 -1.4245093499322071e-05
leaf_weight=2281 59 300 191 56 51 71 60 1394 182 249 559 113 129 50 57 389 50 187 948 280 77 579 244 51 106 8691 82 205 62 571
leaf_count=2281 59 300 191 56 51 71 60 1394 182 249 559 113 129 50 57 389 50 187 948 280 77 579 244 51 106 8691 82 205 62 571
internal_value=0 0 1.342e-06 7.98684e-06 0.000126695 3.12363e-06 -2.4912e-05 8.31967e-06 3.82333e-05 7.90723e-05 1.00571e-06 2.05861e-05 5.38602e-05 8.5047e-05 -5.87233e-06 -3.61748e-05 0.000155197 -3.22923e-07 -9.26543e-06 -1.87663e-05 -2.54822e-05 -3.22327e-05 -3.78329e-05 -6.80387e-06 -4.17133e-05 1.2943e-06 1.95564e-05 4.33715e-05 -8.51818e-05 0
internal_weight=18324 18265 15827 3772 107 3665 422 3243 502 320 2741 901 342 213 1840 446 100 12055 2319 1371 1091 900 823 2438 157 9736 474 287 122 9262
internal_count=18324 18265 15827 3772 107 3665 422 3243 502 320 2741 901 342 213 1840 446 100 12055 2319 1371 1091 900 823 2438 157 9736 474 287 122 9262
is_linear=0
shrinkage=0.05


Tree=170
num_leaves=31
num_cat=0
split_feature=85 14 4 28 128 56 114 122 128 76 6 142 15 120 101 128 85 131 2 103 36 137 94 111 19 101 49 6 141 118
split_gain=6.00676e-05 0.000260875 0.000340303 0.000618609 0.000246062 0.000255208 0.000342005 0.000164464 8.18393e-05 7.45187e-05 0.000113053 0.00023002 8.76413e-05 0.000169823 0.000270074 0.000300527 0.000122117 7.39651e-05 6.27772e-05 0.000164956 0.000189034 0.000166252 7.57528e-05 0.000243378 0.000743049 5.52695e-05 0.000105924 9.89106e-05 9.84133e-05 9.03385e-05
threshold=276.3776464500001 0.023635237500000003 0.00049989300000000006 20.900000000000002 9.097003685069156 -3.6746561999999865 24.750000000000004 12.500000000000002 11.367266977279732 6.2500000000000009 0.0037263888888888898 730.04212674744213 0.0011052083333333337 266.95163695000002 0.047353699999973749 10.262615915403151 268.06492935000006 35.942420820543425 0.0040711290000000006 1961.5000000000002 267.40473760000003 1.7650000000000003 13.500000000000002 6.8500000000000005 -0.00046428571428571412 7.645131550000003 988.75000000000011 0.0020895833333333335 37.495000000000005 18.050000000000004
decision_type=2 2 2 2 2 2 2 2 2 2 2 2 2 8 2 2 2 2 2 2 2 2 2 2 2 2 2 2 2 10
left_child=9 2 4 -4 5 -2 -7 -3 -5 12 17 -12 18 14 15 16 -14 -11 22 20 -20 -22 -1 24 -24 26 27 -6 -27 -28
right_child=1 7 3 8 25 6 -8 -9 -10 10 11 -13 13 -15 -16 -17 -18 -19 19 -21 21 -23 23 -25 -26 28 29 -29 -30 -31
leaf_value=-6.6183081688818947e-07 0 -6.2997291087989386e-05 0.00014658117446510871 0 0 0 -0.00014882211587854873 0 3.2400624476447666e-05 4.1415664856359775e-05 -7.3351737561596763e-07 -0.00012611375677102664 0 3.8912437612988467e-06 0 0 0.0001967812535311227 -4.9798171773395527e-06 0 0 0 -0.00014283600621151698 0 5.2205706035216669e-08 0.00018469825097875006 0 0 5.4327033143895929e-05 7.7831893212119619e-05 -3.5430414801263831e-05
leaf_weight=8201 138 301 98 520 437 94 106 301 202 98 354 61 50 3124 148 55 61 608 52 385 51 70 200 1783 77 146 96 83 54 430
leaf_count=8201 138 301 98 520 437 94 106 301 202 98 354 61 50 3124 148 55 61 608 52 385 51 70 200 1783 77 146 96 83 54 430
internal_value=0 -6.70505e-06 0 2.67871e-05 -1.28483e-05 -5.08571e-05 -8.68127e-05 -3.61353e-05 3.43103e-06 9.86989e-07 -1.07059e-05 -3.1441e-05 2.25774e-06 9.21114e-06 4.60856e-05 8.97171e-05 0.000136785 0 0 -1.62685e-05 -5.6748e-05 -9.2014e-05 9.36262e-07 9.72162e-06 5.37522e-05 0 -6.9812e-06 1.11122e-06 2.08222e-05 -2.44559e-05
internal_weight=18384 3006 2404 820 1584 338 200 602 722 15378 1121 415 14257 3438 314 166 111 706 10819 558 173 121 10261 2060 277 1246 1046 520 200 526
internal_count=18384 3006 2404 820 1584 338 200 602 722 15378 1121 415 14257 3438 314 166 111 706 10819 558 173 121 10261 2060 277 1246 1046 520 200 526
is_linear=0
shrinkage=0.05


Tree=171
num_leaves=31
num_cat=0
split_feature=89 110 133 18 85 116 93 128 65 141 131 4 101 29 76 7 83 13 131 96 45 2 17 101 134 35 41 43 75 14
split_gain=5.54402e-05 0.000273644 0.000421203 0.000332774 0.000188587 0.000110941 0.000237217 0.000279663 0.000318703 0.000127895 0.000305046 6.54294e-05 6.23739e-05 7.75895e-05 5.26845e-05 0.000105625 9.66403e-05 9.44726e-05 7.93589e-05 5.70973e-05 0.000194677 0.000790934 0.000147702 0.000107766 0.000145391 0.000129118 0.000155589 0.000150989 0.000227145 0.000153804
threshold=46.45000000000001 13.250000000000002 20.620000000000001 0.00077291666666666687 280.2043680000001 285.76883645000004 265.37797830000005 9.3590620473672761 25.350000000000005 25.350000000000005 67.443867958799743 0.0008218635000000001 2.3584067999999836 47.050000000000004 7.7500000000000018 0.035950000000000003 21.250000000000004 0.0013446454027777781 35.942420820543425 36.537500000000016 39.500000000000007 0.00026125850000000006 0.034150000000000007 2.4438776499999908 12.775000000000002 272.36541575000007 36.500000000000007 0.27150000000000007 22.950000000000003 0.037636480000000007
decision_type=2 2 2 2 2 2 2 2 2 2 2 2 2 2 2 2 2 2 2 2 2 2 2 2 2 2 2 2 2 2
left_child=14 2 -2 -4 5 6 11 8 -8 -7 -11 -3 -9 -14 19 18 17 -17 -16 -1 21 -21 -22 24 25 -24 -27 -28 29 -29
right_child=1 4 3 -5 -6 9 7 12 -10 10 -12 -13 13 -15 15 16 -18 -19 -20 20 22 -23 23 -25 -26 26 27 28 -30 -31
leaf_value=0 0 0 0 -0.00015517590845710015 6.8246884075858822e-05 0 0.00019576026061116078 0 0 -0.00016107577058741861 0 -4.1377835460154943e-05 6.450085802519657e-05 0 5.5715288483042966e-05 0 0 -0.00010042086147595582 -5.0619895962009771e-06 0 -8.470055312032505e-06 0.0002213539317300375 0 0 0 0 0 0.0001081251363745611 0 0
leaf_weight=11923 377 343 77 111 99 367 50 429 52 51 184 178 85 85 59 66 108 82 473 272 1311 53 109 408 343 63 86 252 192 96
leaf_count=11923 377 343 77 111 99 367 50 429 52 51 184 178 85 85 59 66 108 82 473 272 1311 53 109 408 343 63 86 252 192 96
internal_value=0 -7.16727e-06 -3.78758e-05 -9.93358e-05 0 -1.76784e-06 3.64494e-06 2.57755e-05 0.000106016 -2.10349e-05 -4.98534e-05 -1.65454e-05 3.62456e-06 3.09515e-05 8.22e-07 -1.09819e-05 -3.73863e-05 -6.35008e-05 0 1.76928e-06 7.72324e-06 4.52848e-05 1.6929e-06 1.35201e-05 2.20003e-05 3.38631e-05 4.23754e-05 5.09556e-05 6.08847e-05 8.58686e-05
internal_weight=18384 2488 565 188 1923 1824 1222 701 102 602 235 521 599 170 15896 788 256 148 532 15108 3185 325 2860 1549 1141 798 689 626 540 348
internal_count=18384 2488 565 188 1923 1824 1222 701 102 602 235 521 599 170 15896 788 256 148 532 15108 3185 325 2860 1549 1141 798 689 626 540 348
is_linear=0
shrinkage=0.05


Tree=172
num_leaves=31
num_cat=0
split_feature=85 4 131 81 128 11 133 99 91 36 123 92 129 30 88 32 83 81 76 9 142 15 120 101 128 85 131 131 4 92
split_gain=5.37938e-05 0.000196533 0.000545977 0.00025988 0.000119639 0.000115474 9.41597e-05 0.000218082 0.000128397 0.000140141 8.1813e-05 9.02327e-05 8.97363e-05 0.000329661 0.000333081 7.53466e-05 6.79802e-05 0.000103231 6.56967e-05 9.92428e-05 0.000190339 7.86161e-05 0.000153159 0.000248964 0.000276236 9.33532e-05 6.16766e-05 5.70716e-05 0.000143698 0.000165343
threshold=276.3776464500001 0.0008218635000000001 46.842575761919669 53.850000000000001 11.367266977279732 0.0016467502708333334 80.390000000000015 -1.8000000000000111 17.050000000000004 269.33555915000005 -0.37940952255126059 8.2500000000000018 5.5000000000000009 -1.4414285714285711 30.812500000000007 4.2500000000000009 26.050000000000004 35.350000000000001 6.2500000000000009 0.51041666666666674 730.04212674744213 0.0011052083333333337 266.95163695000002 0.047353699999973749 10.262615915403151 268.06492935000006 35.942420820543425 37.05773123239711 0.0015636910000000001 3.1500000000000008
decision_type=2 2 2 2 2 2 2 2 2 2 2 2 2 2 2 2 2 2 2 2 2 2 8 2 2 2 2 2 2 2
left_child=18 3 -3 6 5 -4 10 -8 -9 -10 11 -2 -12 14 -14 -7 17 -13 21 26 -21 27 23 24 25 -23 -20 28 -1 -30
right_child=1 2 4 -5 -6 15 7 8 9 -11 12 16 13 -15 -16 -17 -18 -19 19 20 -22 22 -24 -25 -26 -27 -28 -29 29 -31
leaf_value=0 0 0.00012864060817201821 0 -0.00013294310982961508 3.0778373631760746e-05 0 0 0 0 -0.00012761313785074772 -1.2508777029741029e-06 0 0 0 0.00013769200073722915 -3.7195669850985571e-05 0 -6.437841414695291e-05 3.7921298650660603e-05 -3.9212354247921088e-07 -0.00011618448320434489 0 3.5619132633513798e-06 0 0 0.00018621574148475643 -4.4287334413294849e-06 1.2060379811283102e-06 0 -0.00010357055742566619
leaf_weight=830 275 86 242 54 202 55 62 60 108 101 512 148 50 214 99 421 113 204 98 360 61 50 3124 148 55 61 602 9779 127 83
leaf_count=830 275 86 242 54 202 55 62 60 108 101 512 148 50 214 99 421 113 204 98 360 61 50 3124 148 55 61 602 9779 127 83
internal_value=-1.41298e-08 -6.36816e-06 8.61677e-06 -1.64049e-05 0 -1.21873e-05 -1.05364e-05 -3.65918e-05 -6.0545e-05 -7.90036e-05 -2.0828e-06 -1.62649e-05 4.20831e-06 2.56269e-05 8.41905e-05 -2.8794e-05 -3.0079e-05 -4.09367e-05 9.03134e-07 -1.00368e-05 -2.92535e-05 2.11464e-06 8.7e-06 4.37725e-05 8.568e-05 0.000130813 0 0 -1.11083e-05 -4.80767e-05
internal_weight=18384 3006 1006 2000 920 718 1946 331 269 209 1615 740 875 363 149 476 465 352 15378 1121 421 14257 3438 314 166 111 700 10819 1040 210
internal_count=18384 3006 1006 2000 920 718 1946 331 269 209 1615 740 875 363 149 476 465 352 15378 1121 421 14257 3438 314 166 111 700 10819 1040 210
is_linear=0
shrinkage=0.05


Tree=173
num_leaves=31
num_cat=0
split_feature=2 81 118 142 43 120 49 73 44 77 43 94 19 94 128 103 14 43 118 96 110 61 101 114 115 43 85 138 105 49
split_gain=4.92287e-05 0.000128075 0.000230714 0.00012628 0.000114417 0.000448564 0.000716897 0.000967495 0.00120271 9.42609e-05 0.000110513 0.000463643 0.000250575 0.00012321 9.07802e-05 0.000126328 0.000138458 0.000127534 0.000240043 6.98698e-05 0.000104822 8.7895e-05 5.63766e-05 0.000132602 0.00012483 0.000510142 5.49531e-05 0.000107401 7.09776e-05 4.63689e-05
threshold=9.4850000000000015e-05 51.250000000000007 24.750000000000004 90.194925334034806 0.35350000000000004 271.64301760000006 963.55000000000007 34.250000000000007 487.50000000000006 275.10733145000006 0.39150000000000007 13.500000000000002 -0.0011228571428571444 11.500000000000002 10.089184871895336 1611.4000000000003 0.0052208640000000013 0.28550000000000003 27.350000000000005 46.975000000000009 18.550000000000004 682.25000000000011 6.7782885500000143 36.45000000000001 15.950000000000001 0.35250000000000004 279.9046078500001 9.2250000000000014 10.500000000000002 973.1500000000002
decision_type=2 2 10 2 2 8 2 2 2 2 2 2 2 2 2 2 2 2 10 2 2 2 2 2 2 2 2 2 2 2
left_child=1 19 -3 -4 14 6 -6 8 -8 10 11 -7 -13 -12 15 16 -2 -18 -19 22 -21 -22 23 26 -24 -26 -1 28 29 -28
right_child=4 2 3 -5 5 9 7 -9 -10 -11 13 12 -14 -15 -16 -17 17 18 -20 20 21 -23 24 -25 25 -27 27 -29 -30 -31
leaf_value=-4.2013643481574756e-07 0 0 0 -0.00011044765859481328 0 1.0748622825829847e-07 0 0 0.00028749835049391201 -3.1607185417869166e-05 0 0 0.00019778443706365158 -5.6104013402408066e-05 3.1458198681405241e-06 0 0 -9.899581641852943e-05 0 0 8.4816917817925999e-05 0 0 -3.0876007475981904e-05 0 0.00015849640489636152 0 0 0 -9.2702878867065747e-05
leaf_weight=10397 189 158 90 102 400 1081 110 135 104 218 768 51 51 111 1396 557 105 184 116 195 86 70 667 434 256 65 50 101 54 83
leaf_count=10397 189 158 90 102 400 1081 110 135 104 218 768 51 51 111 1396 557 105 184 116 195 86 70 667 434 256 65 50 101 54 83
internal_value=-1.66231e-08 -1.98513e-06 -3.22022e-05 -6.98171e-05 3.60801e-06 1.05874e-05 4.4137e-05 9.64113e-05 0.000162424 0 2.85947e-06 1.44913e-05 0.000116907 -7.11213e-06 -2.73074e-06 -1.4195e-05 -3.03466e-05 -4.69275e-05 -6.34795e-05 -7.32364e-07 2.02314e-05 5.08609e-05 -1.75471e-06 -3.1115e-06 8.44685e-06 3.4472e-05 -1.51309e-06 -2.35303e-05 -4.77424e-05 -6.72464e-05
internal_weight=18384 12808 350 192 5576 3029 749 349 214 2280 2062 1183 102 879 2547 1151 594 405 300 12458 351 156 12107 11119 988 321 10685 288 187 133
internal_count=18384 12808 350 192 5576 3029 749 349 214 2280 2062 1183 102 879 2547 1151 594 405 300 12458 351 156 12107 11119 988 321 10685 288 187 133
is_linear=0
shrinkage=0.05


Tree=174
num_leaves=31
num_cat=0
split_feature=101 126 52 116 4 4 123 119 136 103 131 92 126 19 93 126 54 76 9 142 137 133 43 133 103 81 25 119 137 50
split_gain=4.59427e-05 0.000397977 0.00120976 0.000131065 0.000174861 0.000181444 0.000149312 0.000288942 0.000108967 0.000146809 0.000119501 0.000100216 0.000129449 8.0735e-05 0.000116934 0.000112823 6.71774e-05 6.18269e-05 9.695e-05 0.000158242 6.33063e-05 5.6925e-05 5.35122e-05 4.75301e-05 7.06875e-05 7.18885e-05 6.62909e-05 0.000158587 0.000104873 0.000288836
threshold=7.1081773499999779 33.500000000000007 274.50000000000006 288.14814875000008 0.0008218635000000001 0.010713509000000001 -0.78656609248549292 13.750000000000002 0.15500000000000003 1182.0500000000002 116.90592387249417 22.450000000000006 11.500000000000002 -0.0099357142857142856 273.89331995000003 22.500000000000004 0.26500000000000007 6.2500000000000009 0.51041666666666674 730.04212674744213 15.125000000000002 80.660000000000011 0.36150000000000004 6.4300000000000006 1388.7000000000005 27.450000000000003 19.500000000000004 13.65 0.065000000000000016 1007.1500000000002
decision_type=2 2 2 2 2 2 2 10 2 2 2 2 2 2 2 2 2 2 2 2 2 2 2 2 2 2 2 10 2 2
left_child=3 2 -2 17 8 6 7 -6 -5 10 11 12 -10 -7 15 -15 -14 20 21 -20 23 -19 -8 24 25 -1 -25 28 29 -28
right_child=1 -3 -4 4 5 13 22 -9 9 -11 -12 -13 16 14 -16 -17 -18 18 19 -21 -22 -23 -24 26 -26 -27 27 -29 -30 -31
leaf_value=0 0.00026644151142340104 0 0 0 0 0 1.0066703610724847e-05 0.00010436304862816377 0 0 0 0 -9.6162113710320272e-05 -0.00010353249503881288 0 0 0 -3.9776151379582255e-06 -1.1131796510064546e-06 -0.00011060519113661646 4.6991691808837394e-05 4.2037259072094456e-05 -3.2605863941815491e-05 0 0 -4.5065691778405579e-05 0.00010264933197175468 3.2426138723496439e-05 -7.0521165027742452e-07 0
leaf_weight=136 57 1228 139 260 120 59 312 120 57 312 288 50 265 93 50 55 52 617 351 61 81 74 95 8257 1431 205 93 593 2479 394
leaf_count=136 57 1228 139 260 120 59 312 120 57 312 288 50 265 93 50 55 52 617 351 61 81 74 95 8257 1431 205 93 593 2479 394
internal_value=-3.86041e-10 8.29922e-06 7.44896e-05 -9.92482e-07 -1.25048e-05 0 1.85198e-05 4.97101e-05 -2.46287e-05 -3.20345e-05 -4.46097e-05 -6.35728e-05 -7.24463e-05 -2.99454e-05 -4.66567e-05 -6.97804e-05 -8.48936e-05 3.74971e-07 -1.04662e-05 -2.96595e-05 1.61625e-06 0 0 9.74381e-07 -5.91007e-06 -2.64159e-05 2.43035e-06 8.13381e-06 1.58248e-06 2.34511e-05
internal_weight=18384 1424 196 16960 2188 904 647 240 1284 1024 712 424 374 257 198 148 317 14772 1103 412 13669 691 407 13588 1772 341 11816 3559 2966 487
internal_count=18384 1424 196 16960 2188 904 647 240 1284 1024 712 424 374 257 198 148 317 14772 1103 412 13669 691 407 13588 1772 341 11816 3559 2966 487
is_linear=0
shrinkage=0.05


Tree=175
num_leaves=31
num_cat=0
split_feature=104 64 54 49 77 128 42 49 131 61 77 131 0 1 73 126 2 90 92 131 83 27 105 103 138 43 128 92 136 83
split_gain=5.54692e-05 9.64347e-05 0.000303811 0.000766481 0.00011432 0.000144305 0.000110291 0.000136359 7.23874e-05 6.83861e-05 0.00039105 0.000358763 0.000258851 0.000153219 0.000660858 8.61576e-05 0.000157812 0.000447186 0.000176143 0.000240611 0.000124724 7.18814e-05 0.000113425 0.000100091 0.000269117 0.000742118 9.45918e-05 0.00013145 0.000115044 8.05665e-05
threshold=0.35000000000000009 90.150000000000048 0.14500000000000005 960.75000000000011 279.44571690000004 9.7153059311507999 1.0950000000000004 945.85000000000002 66.8244980939822 151.25000000000003 279.04267250000004 51.951731884366289 0.0013000000000000002 0.13543613500000004 18.750000000000004 22.500000000000004 0.0026251665000000001 26.209183673469386 8.2500000000000018 74.957203090391729 35.800000000000004 1392.6000000000001 14.500000000000002 1470.4500000000003 5.4150000000000009 0.29350000000000004 10.041639495384821 7.9500000000000011 1.3600000000000003 18.150000000000002
decision_type=2 2 2 2 2 2 2 2 2 2 2 2 2 2 2 2 2 2 2 2 2 2 2 2 2 2 2 2 2 2
left_child=1 4 3 -3 -1 6 7 -6 -9 10 11 12 -2 -13 -15 16 18 -18 -11 -20 21 -17 26 24 25 -24 27 -23 29 -29
right_child=9 2 -4 -5 5 -7 -8 8 -10 15 -12 13 -14 14 -16 20 17 -19 19 -21 -22 22 23 -25 -26 -27 -28 28 -30 -31
leaf_value=0 0 0 -4.8569442249012654e-06 0.00023083947486386434 0 0 0 -6.7251909850552549e-05 0 0 0.00014536033944618378 1.3495001926725806e-06 -0.00015045242238556967 0 0.00017997072108846628 9.4786646080189328e-06 -2.0878812315770542e-05 0.00013009016997812345 -0.00014062804379386763 -9.3520724183210885e-06 6.9687099855346145e-05 0 0.00021341108759487292 -3.6760127210916433e-07 0 0 0 0 0 -9.3411131595282581e-05
leaf_weight=1366 51 98 280 50 101 635 125 388 74 370 54 852 57 62 69 1935 72 65 79 272 66 350 60 9515 345 164 421 67 55 153
leaf_count=1366 51 98 280 50 101 635 125 388 74 370 54 852 57 62 69 1935 72 65 79 272 66 350 60 9515 345 164 421 67 55 153
internal_value=0 -6.27214e-06 1.06359e-05 7.33397e-05 -1.0825e-05 -2.13059e-05 -3.73619e-05 -4.68419e-05 -5.83874e-05 1.02855e-06 1.27733e-05 1.50488e-06 -7.81528e-05 1.54085e-05 6.82641e-05 0 -1.52727e-05 1.49406e-05 -2.79516e-05 -5.34186e-05 1.06977e-06 3.35155e-07 -8.05998e-07 3.41298e-07 2.09475e-05 6.40454e-05 -1.66319e-05 -2.89899e-05 -5.56491e-05 -7.18952e-05
internal_weight=18251 3117 428 148 2689 1323 688 563 462 15134 1145 1091 108 983 131 13989 858 137 721 351 13131 13065 11130 10084 569 224 1046 625 275 220
internal_count=18251 3117 428 148 2689 1323 688 563 462 15134 1145 1091 108 983 131 13989 858 137 721 351 13131 13065 11130 10084 569 224 1046 625 275 220
is_linear=0
shrinkage=0.05


Tree=176
num_leaves=31
num_cat=0
split_feature=104 58 107 77 128 42 25 61 61 90 128 75 1 11 126 2 90 92 128 133 83 27 120 16 75 65 34 43 69 118
split_gain=5.06054e-05 7.80208e-05 0.000228892 0.000115215 0.000149023 6.67563e-05 7.06203e-05 6.29219e-05 0.000371523 0.000358925 0.000354909 0.000164154 0.000333998 0.000308682 8.13726e-05 0.000143041 0.000406849 0.000162506 0.000208374 0.000366892 0.000112798 6.51081e-05 5.48642e-05 5.44436e-05 7.70284e-05 0.000111836 0.000176771 0.00014365 8.02718e-05 5.2109e-05
threshold=0.35000000000000009 1.3499999999999999 11.750000000000002 279.44571690000004 9.7153059311507999 1.0950000000000004 20.500000000000004 151.25000000000003 118.90000000000002 25.408163265306126 10.05339352179625 10.950000000000001 0.13543613500000004 0.0044062812152777788 22.500000000000004 0.0026251665000000001 26.209183673469386 8.2500000000000018 10.240406117949886 20.620000000000001 35.800000000000004 1392.6000000000001 265.55976120000008 0.14500000000000005 9.6500000000000004 27.650000000000002 -0.40339168349123106 0.35050000000000003 285.41583935000006 27.350000000000005
decision_type=2 2 2 2 2 2 2 2 2 2 2 2 2 2 2 2 2 2 2 2 2 2 8 2 2 2 2 2 2 10
left_child=1 3 -3 -1 5 6 29 8 11 10 -10 13 -13 -2 15 17 -17 -9 19 -19 21 23 -23 -16 -25 26 27 -26 -29 -5
right_child=7 2 -4 4 -6 -7 -8 14 9 -11 -12 12 -14 -15 20 16 -18 18 -20 -21 -22 22 -24 24 25 -27 -28 28 -30 -31
leaf_value=0 0 8.3210191276414071e-05 0 -6.0858385798300423e-05 0 0 0 0 0.00023551610523729605 0 0 0 0.00014345575034520366 -0.0001128300582030007 0 -1.9849173750117185e-05 0.00012368421843734034 0 0 -0.00019715201828193296 6.6254753018521147e-05 -1.5742949469137992e-05 0 0 0 0 0 0.00013427781611551615 0 0
leaf_weight=1246 516 84 542 384 585 111 97 370 51 120 82 251 50 75 379 72 65 122 169 60 66 580 10550 623 72 388 321 97 55 68
leaf_count=1246 516 84 542 384 585 111 97 370 51 120 82 251 50 75 379 72 65 122 169 60 66 580 10550 623 72 388 321 97 55 68
internal_value=0 -6.01699e-06 5.09936e-06 -1.08179e-05 -2.15691e-05 -3.7955e-05 -4.51083e-05 9.48944e-07 1.2213e-05 6.58004e-05 0.000122079 0 2.66546e-05 -1.81874e-05 0 -1.48826e-05 1.24215e-05 -2.7006e-05 -5.14792e-05 -8.91298e-05 1.0014e-06 2.84044e-07 -7.83606e-07 9.00498e-06 1.37203e-05 2.28033e-05 3.74376e-05 7.3248e-05 0.00010118 -5.34808e-05
internal_weight=18251 3117 626 2491 1245 660 549 15134 1145 253 133 892 301 591 13989 858 137 721 351 182 13131 13065 11130 1935 1556 933 545 224 152 452
internal_count=18251 3117 626 2491 1245 660 549 15134 1145 253 133 892 301 591 13989 858 137 721 351 182 13131 13065 11130 1935 1556 933 545 224 152 452
is_linear=0
shrinkage=0.05


Tree=177
num_leaves=31
num_cat=0
split_feature=104 64 32 77 128 42 49 131 61 77 131 6 5 73 126 2 43 44 141 128 85 83 23 105 103 138 43 128 24 29
split_gain=4.62389e-05 7.85047e-05 0.000344283 9.44099e-05 0.000114043 9.22959e-05 0.00011884 6.59309e-05 5.82945e-05 0.000348301 0.000317431 0.00020998 0.000119821 0.000360449 7.79716e-05 0.000130564 0.000340458 0.000151289 0.000236663 0.000219229 0.000207587 0.000101777 6.02685e-05 0.000103116 9.03654e-05 0.000248868 0.00058922 8.7537e-05 8.63758e-05 7.18375e-05
threshold=0.35000000000000009 90.150000000000048 12.450000000000001 279.44571690000004 9.7153059311507999 1.0950000000000004 945.85000000000002 66.8244980939822 151.25000000000003 279.04267250000004 51.951731884366289 0.0043972222222222234 11.565000000000001 18.750000000000004 22.500000000000004 0.0026251665000000001 0.39250000000000007 827.50000000000011 25.350000000000005 10.240406117949886 276.95033730000006 35.800000000000004 19.341666666666669 14.500000000000002 1470.4500000000003 6.7200000000000015 0.29350000000000004 10.041639495384821 36.850000000000001 35.850000000000001
decision_type=2 2 2 2 2 2 2 2 2 2 2 2 2 2 2 2 2 2 2 2 2 2 2 2 2 2 2 2 2 2
left_child=1 3 -3 -1 5 6 -5 -8 9 10 11 -2 -12 -14 15 17 -17 18 -10 20 -20 22 -16 27 25 26 -25 28 -24 -30
right_child=8 2 -4 4 -6 -7 7 -9 14 -11 12 -13 13 -15 21 16 -18 -19 19 -21 -22 -23 23 24 -26 -27 -28 -29 29 -31
leaf_value=0 0 0.00012312079532421195 0 0 0 0 -6.1674316420561539e-05 0 0 0.00013671677476800555 0 -0.00014820932676586524 0 0.00012402360894426878 8.6685880108981503e-06 9.7826255507589799e-05 -3.3340972591593684e-05 0 0 0 -0.00020373682383415445 6.2991454337250948e-05 0 0.00018339014423385171 -3.1820375884160516e-07 -1.6596831220804602e-06 0 0 -5.0719442490033343e-05 0
leaf_weight=1366 58 58 370 101 635 125 388 74 157 54 817 50 76 90 1935 83 54 338 61 105 60 66 181 68 9515 239 262 421 340 104
leaf_count=1366 58 58 370 101 635 125 388 74 157 54 817 50 76 90 1935 83 54 338 61 105 60 66 181 68 9515 239 262 421 340 104
internal_value=0 -5.75432e-06 8.85764e-06 -9.94122e-06 -1.94694e-05 -3.37965e-05 -4.2479e-05 -5.32896e-05 9.03454e-07 1.17452e-05 8.61318e-07 -7.39027e-05 1.42235e-05 5.46423e-05 0 -1.45789e-05 1.00265e-05 -2.61868e-05 -4.76897e-05 -8.0335e-05 -0.000128454 9.69924e-07 2.69142e-07 -7.4259e-07 3.29498e-07 1.99141e-05 5.06022e-05 -1.58441e-05 -2.7739e-05 -3.95939e-05
internal_weight=18251 3117 428 2689 1323 688 563 462 15134 1145 1091 108 983 166 13989 858 137 721 383 226 121 13131 13065 11130 10084 569 330 1046 625 444
internal_count=18251 3117 428 2689 1323 688 563 462 15134 1145 1091 108 983 166 13989 858 137 721 383 226 121 13131 13065 11130 10084 569 330 1046 625 444
is_linear=0
shrinkage=0.05


Tree=178
num_leaves=31
num_cat=0
split_feature=104 64 32 81 135 61 112 61 61 90 131 75 0 11 116 44 140 61 134 85 90 103 42 30 135 128 137 100 134 92
split_gain=4.18373e-05 7.05646e-05 0.00031239 0.000101296 0.000140818 5.91529e-05 0.000118993 5.37995e-05 0.00033683 0.000324619 0.000326773 0.000145131 0.00027753 0.000270178 7.37906e-05 7.84828e-05 9.22699e-05 7.91889e-05 0.000235376 6.60356e-05 0.000166591 0.000407024 0.000585242 0.000168583 0.000378178 5.92426e-05 8.53644e-05 5.33144e-05 0.00011938 4.8846e-05
threshold=0.35000000000000009 90.150000000000048 12.450000000000001 36.550000000000004 36.965000000000011 1061.1000000000001 283.82369195000007 151.25000000000003 118.90000000000002 25.408163265306126 111.69009300119471 10.950000000000001 0.09395000000000002 0.0044062812152777788 290.91747060000006 717.50000000000011 7.8050000000000006 409.4500000000001 9.1700000000000017 272.34073235000005 26.209183673469386 1060.4000000000003 0.46500000000000002 -2.7471428571428578 77.625000000000014 9.9205658837688748 1.3700000000000003 -5.2499999999999991 6.9450000000000012 10.350000000000003
decision_type=2 2 2 2 2 2 2 2 2 2 2 2 2 2 2 2 2 2 2 2 2 2 2 2 2 2 2 2 2 2
left_child=1 3 -3 -1 5 6 -5 8 11 10 -10 13 -13 -2 19 16 -16 18 -18 27 -21 22 -22 24 -23 26 -25 28 -9 -29
right_child=7 2 -4 4 -6 -7 -8 14 9 -11 -12 12 -14 -15 15 -17 17 -19 -20 20 21 23 -24 25 -26 -27 -28 29 -30 -31
leaf_value=0 0 0.00011706909389138643 0 0 0 0 -6.9595928596495799e-05 -4.8277562040710568e-05 0.00021422392891014296 0 0 0 0.0001310454549749528 -0.00010614530854031487 0 0 -0.00015883702202567788 0 0 0 0.00023562743333126559 0 0 0 0.00014867137466521504 2.6312198265389137e-06 -5.8105525546674268e-05 -2.5124535662505819e-07 0 1.3774120678957457e-05
leaf_weight=1706 516 58 370 244 349 124 266 186 56 120 77 251 50 75 130 389 54 90 123 1907 53 315 62 148 64 524 105 8048 1149 642
leaf_count=1706 516 58 370 244 349 124 266 186 56 120 77 251 50 75 130 389 54 90 123 1907 53 315 62 148 64 524 105 8048 1149 642
internal_value=0 -5.4851e-06 8.02535e-06 -9.49643e-06 -2.24476e-05 -3.65409e-05 -4.41435e-05 8.44114e-07 1.12594e-05 6.23477e-05 0.000115865 0 2.45485e-05 -1.74775e-05 0 -1.48825e-05 -3.05115e-05 -4.73631e-05 -6.70052e-05 8.77382e-07 7.32899e-06 2.14863e-05 0.000115033 7.76728e-06 3.59554e-05 0 -2.38492e-05 -6.69651e-07 -1.0141e-05 2.11079e-07
internal_weight=18251 3117 428 2689 983 634 510 15134 1145 253 133 892 301 591 13989 786 397 267 177 13203 3178 1271 115 1156 379 777 253 10025 1335 8690
internal_count=18251 3117 428 2689 983 634 510 15134 1145 253 133 892 301 591 13989 786 397 267 177 13203 3178 1271 115 1156 379 777 253 10025 1335 8690
is_linear=0
shrinkage=0.05


Tree=179
num_leaves=31
num_cat=0
split_feature=4 4 33 75 138 35 160 51 54 86 10 85 96 32 134 160 30 21 103 81 28 11 124 135 85 135 8 160 124 14
split_gain=3.54305e-05 4.19415e-05 9.46242e-05 8.53892e-05 6.35957e-05 7.21789e-05 6.66028e-05 5.83232e-05 7.94469e-05 6.44568e-05 5.7207e-05 9.07886e-05 0.000229686 0.000189231 0.000166448 0.000282505 0.000103172 0.000341746 9.16968e-05 0.000102564 8.19979e-05 7.63793e-05 0.000115027 0.000314223 0.000460008 0.000105799 0.000114393 9.69624e-05 7.29258e-05 8.73823e-05
threshold=0.0050668715000000012 0.0021886315000000005 0.91228968155830559 11.15 4.580000000000001 272.91377430000006 0.14527506654835851 295.50000000000006 0.025000000000000005 6.5000000000000009 11.035000000000002 279.68915700000008 47.562500000000007 6.7500000000000009 8.3850000000000016 0.22755102040816327 -2.355714285714285 0.38194444444444448 863.05000000000007 37.550000000000004 23.950000000000003 0.0016758371041666667 -0.37940952255126015 8.2150000000000016 272.90091890000002 8.2150000000000016 0.011668712943750105 0.024744897959183679 -0.9159756150367534 0.05260254000000001
decision_type=2 2 2 2 2 2 2 2 2 2 2 2 2 2 2 2 2 2 2 2 2 2 2 2 2 2 2 2 2 2
left_child=1 10 4 -4 6 -6 -3 8 -7 -10 11 12 21 20 -14 -16 17 -15 -18 -20 -13 -1 23 24 -23 -24 27 -27 29 -12
right_child=-2 2 3 -5 5 7 -8 -9 9 -11 28 13 14 16 15 -17 18 -19 19 -21 -22 22 25 -25 -26 26 -28 -29 -30 -31
leaf_value=0 -4.9777610603303028e-06 0 0 7.4966548448355755e-05 0 0 -5.2876429218042923e-05 0 5.9575679318391359e-05 0 0 -7.7459906032532086e-05 0 0 0 0.00017937946377920028 0 0.00014507186871210877 0 -6.7249485376648941e-05 0 0.00018614913303047488 -2.7754826808461532e-05 0 0 0 0 6.9154887606246744e-05 -1.1748669353128466e-05 6.3315300522860475e-05
leaf_weight=8924 3222 334 56 99 492 92 77 176 223 165 242 139 126 50 114 54 122 50 76 115 55 69 215 279 52 75 287 130 2083 58
leaf_count=8924 3222 334 56 99 492 92 77 176 223 165 242 139 126 50 114 54 122 50 76 115 55 69 215 279 52 75 287 130 2083 58
internal_value=0 7.6154e-07 8.13768e-06 4.72667e-05 1.01443e-06 9.74077e-06 -1.11884e-05 2.09902e-05 3.00822e-05 4.03676e-05 0 1.33927e-06 2.86313e-06 -1.63199e-05 4.68446e-05 7.93268e-05 0 4.65623e-05 -1.11386e-05 -3.73748e-05 -5.70654e-05 1.07113e-06 1.35175e-05 3.49573e-05 0.000102253 0 1.41067e-05 4.31799e-05 -7.19479e-06 7.74703e-06
internal_weight=18251 15029 1714 155 1559 1148 411 656 480 388 13315 10932 10325 607 294 168 413 100 313 191 194 10031 1107 400 121 707 492 205 2383 300
internal_count=18251 15029 1714 155 1559 1148 411 656 480 388 13315 10932 10325 607 294 168 413 100 313 191 194 10031 1107 400 121 707 492 205 2383 300
is_linear=0
shrinkage=0.05


Tree=180
num_leaves=31
num_cat=0
split_feature=115 115 107 22 128 85 80 88 128 0 85 11 120 134 14 101 17 103 100 43 83 140 96 90 11 136 121 138 81 91
split_gain=5.04271e-05 9.65192e-05 0.000321014 6.95509e-05 9.67457e-05 0.000136725 4.8204e-05 0.000142721 0.00053499 0.000804905 0.00184423 8.53547e-05 0.000146077 6.90969e-05 9.26209e-05 0.000119914 9.36824e-05 6.86825e-05 0.000108367 5.76397e-05 5.46246e-05 0.000145514 0.000153062 0.000301216 7.36591e-05 0.000209219 0.000224166 7.58427e-05 8.10297e-05 7.09928e-05
threshold=24.550000000000004 23.550000000000004 12.450000000000001 5.5000000000000009 9.6850806486745231 276.56729960000007 31.262500000000006 37.037500000000009 9.3882773295766153 0.0044500000000000008 277.2569534000001 0.0043609413958333341 277.31761080000007 8.1400000000000023 0.0052208640000000013 -1.7605855000000188 0.032000000000000008 2660.5500000000002 -2.3000000000000109 0.32950000000000007 17.850000000000005 54.655000000000008 34.362500000000004 18.250000000000004 0.0019403355763888892 1.0350000000000004 1.0000000180025095e-35 12.330000000000002 33.750000000000007 18.450000000000003
decision_type=2 2 2 2 2 2 2 2 2 2 2 2 8 2 2 2 2 2 2 2 2 2 2 2 2 2 10 2 2 2
left_child=1 6 -3 -2 5 -5 7 11 9 -9 -11 20 17 14 -8 -16 -17 18 -13 -20 -1 24 23 -23 27 -26 -27 28 -22 -25
right_child=3 2 -4 4 -6 -7 13 8 -10 10 -12 12 -14 -15 15 16 -18 -19 19 -21 21 22 -24 29 25 26 -28 -29 -30 -31
leaf_value=0 0 0.00012140549926294221 0 0 0 -0.00013024782644695769 0 0 0 0 0.00038673587533204624 0 0 0 0 0 -6.7699085779662158e-05 0 0 -7.9527187025424579e-05 0 0 0 0 0 0 0.00014565470972005993 1.107780370990702e-05 -3.6119705001804688e-05 0.00010272754769393943
leaf_weight=9319 131 71 88 103 248 50 430 176 935 84 55 79 653 2510 412 179 218 74 86 178 511 107 261 61 424 163 56 130 332 174
leaf_count=9319 131 71 88 103 248 50 430 176 935 84 55 79 653 2510 412 179 218 74 86 178 511 107 261 61 424 163 56 130 332 174
internal_value=3.65213e-07 1.08388e-06 4.02099e-05 -1.42107e-05 -2.64628e-05 -5.82971e-05 4.44328e-07 2.05553e-06 1.82206e-05 7.4477e-05 0.000163992 5.50114e-08 -1.29707e-05 -4.17704e-06 -1.38591e-05 -2.40812e-05 -4.39708e-05 -3.6121e-05 -4.56567e-05 -6.10598e-05 1.69731e-06 8.74575e-06 2.97224e-05 5.16843e-05 0 1.3977e-05 5.43079e-05 -7.73921e-06 -1.65749e-05 8.41025e-05
internal_weight=18298 17766 159 532 401 153 17607 13858 1250 315 139 12608 1070 3749 1239 809 397 417 343 264 11538 2219 603 342 1616 643 219 973 843 235
internal_count=18298 17766 159 532 401 153 17607 13858 1250 315 139 12608 1070 3749 1239 809 397 417 343 264 11538 2219 603 342 1616 643 219 973 843 235
is_linear=0
shrinkage=0.05


Tree=181
num_leaves=31
num_cat=0
split_feature=102 54 139 142 88 59 33 128 54 97 35 128 33 128 82 90 118 35 137 114 112 99 26 123 21 97 43 67 120 15
split_gain=4.96996e-05 0.000101673 0.000174976 0.000291255 0.000552008 8.17931e-05 0.000128908 0.000152627 0.000177136 6.06221e-05 9.04983e-05 0.0001156 8.68381e-05 0.000238554 0.000600841 8.53969e-05 9.55594e-05 6.61473e-05 0.000150328 4.85312e-05 3.16316e-05 4.30215e-05 2.85032e-05 5.03592e-05 7.81752e-05 6.23898e-05 0.000108357 2.53309e-05 2.20758e-05 8.14056e-05
threshold=-1.6500000000000001 0.055000000000000007 83.560079890267147 789.6392375142425 30.612500000000008 5.8041000000000009 0.17993487021802348 10.399904867767566 0.085000000000000006 1.5000000000000004 276.69557880000008 9.608896471458312 0.32428164049237568 9.2173545129383765 27.930000000000003 26.209183673469386 20.250000000000004 276.34527140000006 1.1450000000000002 28.250000000000004 284.29604950000004 1.7500000000000002 8.5000000000000018 1.0000000180025095e-35 0.57638888888888895 5.0000000000000036 0.35450000000000004 11.950000000000001 270.54777230000008 0.00021875000000000006
decision_type=2 2 2 2 2 2 2 2 2 2 2 2 2 2 2 2 10 2 2 2 2 2 2 2 2 2 2 2 8 2
left_child=1 -1 5 4 -4 6 -3 8 -8 10 17 15 -11 14 -14 20 -17 -2 -19 -18 21 -12 23 24 25 26 -15 28 29 -13
right_child=9 2 3 -5 -6 -7 7 -9 -10 12 11 27 13 22 -16 16 19 18 -20 -21 -22 -23 -24 -25 -26 -27 -28 -29 -30 -31
leaf_value=-8.7668177576093148e-07 -4.1821324262539094e-07 0 0 0 0.00021112191580414222 0 0.00015890894016430527 0 0 0 -2.2137782463488657e-05 0 0 0 0.00015690382983962083 0 0 0 9.6513469491794931e-05 -7.5606794353929674e-05 0 0 -6.1006047408092912e-06 0 0 0 0.00010034119128698649 -7.5316768264747821e-06 0 2.7862839104992462e-05
leaf_weight=1985 5303 389 65 88 63 1512 55 58 67 3605 413 227 168 140 95 138 82 90 57 206 268 80 375 451 93 50 79 1129 633 334
leaf_count=1985 5303 389 65 88 63 1512 55 58 67 3605 413 227 168 140 95 138 82 90 57 206 268 80 375 451 93 50 79 1129 633 334
internal_value=3.38044e-07 5.23417e-06 1.26889e-05 5.85729e-05 0.000106844 5.49892e-06 2.16608e-05 5.70794e-05 8.88625e-05 -8.01319e-07 -3.54687e-06 -9.82585e-06 3.07522e-06 1.35075e-05 5.71184e-05 -2.2952e-05 -4.39039e-05 0 3.33329e-05 -6.06186e-05 -4.6195e-06 -1.38923e-05 0 8.38744e-06 2.24628e-05 3.74463e-05 4.92939e-05 -9.60208e-07 1.07052e-06 1.00319e-05
internal_weight=18298 4282 2297 216 128 2081 569 180 122 14016 8960 3510 5056 1451 263 1187 426 5450 147 288 761 493 1188 813 362 269 219 2323 1194 561
internal_count=18298 4282 2297 216 128 2081 569 180 122 14016 8960 3510 5056 1451 263 1187 426 5450 147 288 761 493 1188 813 362 269 219 2323 1194 561
is_linear=0
shrinkage=0.05


Tree=182
num_leaves=31
num_cat=0
split_feature=102 54 134 93 49 59 33 102 100 134 82 64 15 26 97 33 101 4 134 81 62 108 128 114 49 67 81 132 92 11
split_gain=4.57938e-05 9.47922e-05 0.000161586 0.000285395 0.000569631 8.38273e-05 0.000117777 0.000160818 8.21682e-05 6.00154e-05 9.22273e-05 8.15582e-05 6.64702e-05 0.000111519 5.22479e-05 8.96326e-05 0.000339246 0.000102719 0.000159162 0.000342582 7.25032e-05 6.39493e-05 9.21182e-05 0.00015171 0.000154841 0.000117737 2.32554e-05 3.71383e-05 2.31831e-05 0.000104893
threshold=-1.6500000000000001 0.055000000000000007 5.79 272.99265870000005 952.85000000000002 5.8041000000000009 0.17993487021802348 -2.4000000000000004 -2.8500000000000223 4.2350000000000012 23.122000000000003 219.80000000000007 0.00036041666666666671 1.5000000000000002 1.5000000000000004 0.33767818374323971 7.1081773499999779 0.00047263250000000007 8.8950000000000014 47.750000000000007 16.250000000000004 276.51959605000008 9.608896471458312 28.650000000000002 994.25000000000011 11.65 38.150000000000013 5.5000000000000009 8.4500000000000046 0.0011026268888888891
decision_type=2 2 2 2 2 2 2 2 2 2 2 2 2 2 2 2 2 2 2 2 2 2 2 2 2 2 2 2 2 2
left_child=1 -1 3 4 -3 6 -4 -8 -6 10 -2 12 -12 -14 21 -16 17 20 19 -19 26 28 23 -23 25 -25 -17 -28 -11 -30
right_child=9 2 5 -5 8 -7 7 -9 -10 14 11 -13 13 -15 15 16 -18 18 -20 -21 -22 22 -24 24 -26 -27 27 -29 29 -31
leaf_value=-8.3286978875171166e-07 0 0 0 0 0 0 9.8108458351835358e-05 0 0.00024464002674529398 0 0 0 -0.00010624363798579788 0 0 0 0.00012059037667803261 0 0 0.00016709814462989348 3.3929563997090495e-06 0 -7.9621388632984598e-08 -9.6212205204233088e-05 0 0 -5.6214287922817418e-05 0 0 4.2593708437128192e-05
leaf_weight=1985 674 81 376 109 52 1454 97 78 50 4468 173 111 91 113 3368 172 77 149 348 54 350 553 2272 160 73 157 104 56 317 176
leaf_count=1985 674 81 376 109 52 1454 97 78 50 4468 173 111 91 113 3368 172 77 149 348 54 350 553 2272 160 73 157 104 56 317 176
internal_value=2.82812e-07 4.99719e-06 1.22093e-05 4.92019e-05 8.79349e-05 4.30751e-06 2.11443e-05 5.54543e-05 0.000166251 -8.01011e-07 -1.16937e-05 -2.82264e-05 -3.96244e-05 -6.08746e-05 0 4.39122e-06 1.54837e-05 4.7756e-06 2.25759e-05 5.77029e-05 -2.29691e-06 -2.22264e-06 -7.87301e-06 -2.13333e-05 -4.5484e-05 -6.13271e-05 -2.33025e-05 -3.85255e-05 4.32302e-07 1.09179e-05
internal_weight=18298 4282 2297 292 183 2005 551 175 102 14016 1162 488 377 204 12854 4678 1310 1233 551 203 682 8176 3215 943 390 317 332 160 4961 493
internal_count=18298 4282 2297 292 183 2005 551 175 102 14016 1162 488 377 204 12854 4678 1310 1233 551 203 682 8176 3215 943 390 317 332 160 4961 493
is_linear=0
shrinkage=0.05


Tree=183
num_leaves=31
num_cat=0
split_feature=115 115 107 92 34 140 151 88 128 4 85 2 83 129 126 11 120 111 108 43 18 128 41 7 86 117 105 2 92 49
split_gain=4.56644e-05 8.05914e-05 0.000287792 5.26406e-05 6.7301e-05 5.52849e-05 4.54597e-05 0.000107354 0.000438527 0.000884077 0.00166138 9.0134e-05 8.58233e-05 8.40103e-05 0.000133441 7.82957e-05 0.000133593 8.89775e-05 8.92796e-05 8.15989e-05 7.71608e-05 6.54719e-05 6.25635e-05 5.35117e-05 4.61634e-05 4.08123e-05 0.000245223 6.03389e-05 0.00010984 7.98243e-05
threshold=24.550000000000004 23.550000000000004 12.450000000000001 10.850000000000003 -0.34532617955410499 8.3450000000000006 0.35714285714285715 37.037500000000009 9.3882773295766153 0.00018379200000000003 276.95033730000006 0.0006863590000000001 23.950000000000003 6.5000000000000009 44.500000000000007 0.0043609413958333341 277.31761080000007 13.050000000000002 279.61787740000005 0.32950000000000007 0.002954166666666667 9.4838347729937542 41.500000000000007 0.058500000000000003 13.500000000000002 0.95000000000000007 6.5000000000000009 0.0040711290000000006 1.6500000000000006 964.95000000000016
decision_type=2 2 2 2 2 2 2 2 2 2 2 2 2 2 2 2 8 2 2 2 2 2 2 2 2 2 2 2 2 2
left_child=1 6 -3 4 -2 -6 7 15 9 -9 -11 22 -13 -8 20 25 17 18 19 -17 -15 -21 -10 -22 -24 27 -27 -1 -29 -30
right_child=3 2 -4 -5 5 -7 13 8 11 10 -12 12 -14 14 -16 16 -18 -19 -20 21 23 -23 24 -25 -26 26 -28 28 29 -31
leaf_value=2.0549154176781188e-06 0 0.00011393691755276653 0 0 0 -8.4109116289351064e-05 0 0 5.6048687383736068e-07 0 0.00033335286754299889 6.4697271590494378e-05 0 0 0 0 0 0 0 -0.00010965764838722887 -9.1390013005171312e-05 0 -2.4799577745376575e-05 0 0 0.00010938938648054786 0 0 0 -6.1305572998301215e-05
leaf_weight=10495 205 71 88 139 113 75 2960 183 151 72 69 91 90 151 432 65 653 132 50 108 111 66 530 100 118 61 253 458 53 155
leaf_count=10495 205 71 88 139 113 75 2960 183 151 72 69 91 90 151 432 65 653 132 50 108 111 66 530 100 118 61 253 458 53 155
internal_value=2.39097e-07 9.37733e-07 3.66739e-05 -1.36688e-05 -2.42232e-05 -4.5972e-05 3.28992e-07 1.90784e-06 1.5628e-05 6.59847e-05 0.000159781 0 3.061e-05 -4.16467e-06 -1.86039e-05 8.26045e-08 -1.23288e-05 -3.43312e-05 -4.98213e-05 -6.26839e-05 -4.09514e-05 -8.09594e-05 -8.2769e-06 -6.14932e-05 -1.80381e-05 1.68091e-06 2.02239e-05 7.09518e-07 -1.29666e-05 -4.30169e-05
internal_weight=18298 17766 159 532 393 188 17607 13853 1304 324 141 980 181 3754 794 12549 1074 421 289 239 362 174 799 211 648 11475 314 11161 666 208
internal_count=18298 17766 159 532 393 188 17607 13853 1304 324 141 980 181 3754 794 12549 1074 421 289 239 362 174 799 211 648 11475 314 11161 666 208
is_linear=0
shrinkage=0.05


Tree=184
num_leaves=31
num_cat=0
split_feature=115 115 107 22 133 78 88 101 100 4 82 102 116 24 134 14 11 120 111 22 101 3 17 3 118 117 25 14 2 126
split_gain=4.29374e-05 9.89721e-05 0.000309516 6.80843e-05 0.000107837 4.22569e-05 9.93283e-05 0.000474691 0.000214777 0.000207703 0.000116182 0.000202076 0.000110692 0.000129249 7.15593e-05 0.00010941 7.13756e-05 0.000123372 8.17908e-05 7.77097e-05 6.73061e-05 6.04074e-05 5.59599e-05 3.80127e-05 4.69538e-05 3.64556e-05 0.000225829 0.000638455 5.41467e-05 8.57712e-05
threshold=24.350000000000005 23.550000000000004 12.450000000000001 5.5000000000000009 14.9 2.5000000000000004 37.037500000000009 6.9380636500000046 0.75000000000000011 0.020351921000000005 28.298000000000005 2.3999999999999999 292.17779605000004 37.250000000000007 7.8050000000000006 0.0052208640000000013 0.0043609413958333341 277.31761080000007 13.050000000000002 8.5000000000000018 -2.5468821499999872 0.0017096575000000002 0.053100000000000001 0.00015053900000000002 28.750000000000004 0.95000000000000007 6.5000000000000009 0.0016335845000000004 0.0040711290000000006 81.500000000000014
decision_type=2 2 2 2 2 2 2 2 2 2 2 2 2 2 2 2 2 8 2 2 2 2 2 2 10 2 2 2 2 2
left_child=1 5 -3 -2 -5 6 16 8 9 10 12 22 13 -8 15 -7 25 18 19 -18 -17 -22 23 -12 -25 28 27 -27 -1 -30
right_child=3 2 -4 4 -6 14 7 -9 -10 -11 11 -13 -14 -15 -16 20 17 -19 -20 -21 21 -23 -24 24 -26 26 -28 -29 29 -31
leaf_value=1.9521794293897088e-06 0 0.00013967774400404075 0 -2.7502856535603678e-07 -9.67480976792183e-05 0 0 0.0001446662264466535 8.4757423501995817e-05 9.3653089582032946e-05 0 8.5662207052139466e-05 0 -6.0546311366802099e-05 0 0 -6.6097750625271711e-05 0 0 0 0 -5.2596316818833974e-05 7.4011695001971404e-06 -4.1508936700495844e-05 0 0 0 0.00020724632293559758 -3.096960249869878e-05 0
leaf_weight=10495 138 52 75 370 56 426 60 69 76 53 61 68 185 254 2624 312 195 653 132 94 92 300 203 197 78 76 186 52 327 339
leaf_count=10495 138 52 75 370 56 426 60 69 76 53 61 68 185 254 2624 312 195 653 132 94 92 300 203 197 78 76 186 52 327 339
internal_value=1.99859e-07 8.98529e-07 4.50897e-05 -1.28818e-05 -2.48634e-05 2.93272e-07 1.82583e-06 1.50215e-05 3.62169e-06 0 -6.42022e-06 1.3715e-06 -2.58821e-05 -4.4066e-05 -4.02959e-06 -1.45632e-05 5.51396e-08 -1.1778e-05 -3.2928e-05 -4.77794e-05 -2.69855e-05 -4.16474e-05 -1.4226e-07 -1.9545e-05 -2.84737e-05 1.59928e-06 1.91647e-05 7.26181e-05 6.55478e-07 -1.22543e-05
internal_weight=18298 17734 127 564 426 17607 13853 1304 1235 1159 1106 607 499 314 3754 1130 12549 1074 421 289 704 392 539 336 275 11475 314 128 11161 666
internal_count=18298 17734 127 564 426 17607 13853 1304 1235 1159 1106 607 499 314 3754 1130 12549 1074 421 289 704 392 539 336 275 11475 314 128 11161 666
is_linear=0
shrinkage=0.05


Tree=185
num_leaves=31
num_cat=0
split_feature=119 2 73 95 73 80 112 96 102 61 120 76 112 103 145 120 138 123 14 96 111 23 103 51 133 139 96 36 49 81
split_gain=5.55268e-05 0.000173021 0.000402529 0.000506552 8.26514e-05 0.000214057 9.60394e-05 6.51135e-05 7.96218e-05 9.86601e-05 7.63269e-05 6.22323e-05 6.19445e-05 5.69135e-05 5.24703e-05 5.75928e-05 0.000366258 0.00052148 7.14396e-05 0.000157457 0.000206599 0.000516778 0.000117107 8.86936e-05 0.000272342 0.000120519 0.000114421 0.000104654 8.47904e-05 0.000157273
threshold=17.750000000000004 0.00071643750000000017 21.850000000000005 7.5000000000000009 21.550000000000004 17.812500000000004 277.27350275000009 44.225000000000016 1.7999999999999998 1180.1500000000003 285.42760780000003 1.0000000180025095e-35 294.86334360000006 903.80000000000018 1.4250000000000005 266.95163695000002 3.9200000000000004 0.25881904510252091 0.0024768410000000005 35.76250000000001 7.7500000000000009 22.06944444444445 1853.1000000000001 444.50000000000006 80.390000000000015 94.305272953832102 42.112500000000004 269.33555915000005 991.55000000000007 37.250000000000007
decision_type=10 2 2 2 2 2 2 2 2 2 10 2 2 2 2 8 2 2 2 2 2 2 2 2 2 2 2 2 2 2
left_child=7 4 -3 -4 5 -2 -6 14 9 10 11 12 13 -9 15 16 17 -1 19 -17 21 -21 23 24 28 27 -25 -26 -20 -30
right_child=1 2 3 -5 6 -7 -8 8 -10 -11 -12 -13 -14 -15 -16 18 -18 -19 22 20 -22 -23 -24 26 25 -27 -28 -29 29 -31
leaf_value=0.00018467226991817926 0 0 0.00021617253345417947 0 0 8.5433070809564192e-05 -3.9613501733157972e-05 0 0 0 0 0 0 -6.3824458138846119e-05 -1.5488599679354054e-05 0 0 0 0 0 0 0.00019347869479536368 0 -2.8302368559421201e-07 0 0 7.4162064736531022e-05 -0.00010478764675891551 0 -7.1024663921788385e-05
leaf_weight=68 605 152 59 79 238 83 234 50 337 276 71 60 51 317 562 2869 997 162 1711 118 404 60 7413 635 153 66 51 162 252 134
leaf_count=68 605 152 59 79 238 83 234 50 337 276 71 60 51 317 562 2869 997 162 1711 118 404 60 7413 635 153 66 51 162 252 134
internal_value=-6.16625e-07 8.24242e-06 4.27223e-05 0.00010517 0 1.0637e-05 -1.64933e-05 -1.66809e-06 -1.33136e-05 -2.21485e-05 -3.44265e-05 -4.19431e-05 -4.88104e-05 -5.59772e-05 -4.95664e-07 0 1.04391e-05 6.74028e-05 -8.5106e-07 4.85565e-06 2.85448e-05 7.44262e-05 -3.18597e-06 -1.12439e-05 -1.58385e-05 -5.66721e-05 0 -6.95414e-05 -6.01276e-06 -2.72715e-05
internal_weight=18429 1450 290 138 1160 688 472 16979 1162 825 549 478 418 367 15817 15255 1227 230 14028 3451 582 178 10577 3164 2478 381 686 315 2097 386
internal_count=18429 1450 290 138 1160 688 472 16979 1162 825 549 478 418 367 15817 15255 1227 230 14028 3451 582 178 10577 3164 2478 381 686 315 2097 386
is_linear=0
shrinkage=0.05


Tree=186
num_leaves=31
num_cat=0
split_feature=33 81 1 76 8 29 128 97 90 8 54 31 120 97 33 82 107 42 138 89 138 81 115 49 120 43 47 23 105 3
split_gain=6.70947e-05 0.000106701 0.000154243 6.33957e-05 0.000109929 0.000346576 0.000131989 6.08339e-05 0.000101181 0.000115338 0.000115297 0.00018694 0.000158485 6.69165e-05 0.000181597 0.00029711 0.00126272 7.15241e-05 8.636e-05 9.98829e-05 4.50804e-05 4.35693e-05 4.51578e-05 3.08316e-05 0.000199436 0.00048933 0.000686271 0.000783255 6.97494e-05 5.34364e-05
threshold=0.9875887070100926 36.050000000000004 0.0011405705000000002 2.4500000000000006 0.0090452464473042369 31.000000000000004 8.9916910153496676 -5.4999999999999982 21.567346938775515 0.0090969123658166586 0.045000000000000005 33.250000000000007 274.62204585000001 3.8999999999999999 0.23856591593793905 28.190000000000001 11.750000000000002 0.76500000000000012 6.5700000000000012 44.150000000000013 4.745000000000001 31.350000000000005 18.750000000000004 983.25000000000011 270.40558215000004 0.35350000000000004 5.5000000000000009 22.802083333333336 10.500000000000002 3.5450000000000001e-05
decision_type=2 2 2 2 2 2 2 2 2 2 2 2 10 2 2 2 2 2 2 2 2 2 2 2 8 2 2 2 2 2
left_child=3 -2 20 7 6 -6 -5 8 -1 -10 -11 12 -12 17 -15 -16 -17 23 19 21 -3 -19 -23 28 25 -25 -27 -28 29 -9
right_child=1 2 -4 4 5 -7 -8 13 9 10 11 -13 -14 14 15 16 -18 18 -20 -21 -22 22 -24 24 -26 26 27 -29 -30 -31
leaf_value=0 0 -0.00010832779728653464 0 6.1202393847345187e-05 -0.00012504302786970741 -4.2581906506725534e-06 -3.2451959223552957e-06 0 0 0 0.00015082498288215791 0 0 0 0 0.00028367101860567347 0 0 0 0 0 -5.2547197104911125e-05 0 0 0 0 0.00032647039671086108 0 0 -2.653620797004156e-05
leaf_weight=666 232 79 379 84 80 721 1099 249 221 100 81 63 55 1421 262 55 157 73 498 168 98 318 59 462 5345 50 50 50 4765 489
leaf_count=666 232 79 379 84 80 721 1099 249 221 100 81 63 55 1421 262 55 157 73 498 168 98 318 59 462 5345 50 50 50 4765 489
internal_value=-5.70273e-07 -1.48388e-05 -2.81214e-05 0 -8.34781e-06 -2.26969e-05 0 1.13476e-06 1.20462e-05 2.85679e-05 4.87697e-05 7.07739e-05 0.000103555 0 8.97434e-06 3.57386e-05 7.9596e-05 -1.07705e-06 -1.31584e-05 -2.57144e-05 -6.81246e-05 -3.82258e-05 -4.50729e-05 0 2.59107e-06 2.96414e-05 0.00010802 0.000185558 -2.59553e-06 -1.69155e-05
internal_weight=18429 788 556 17641 1984 801 1183 15657 1186 520 299 199 136 14471 1895 474 212 12576 1116 618 177 450 377 11460 5957 612 150 100 5503 738
internal_count=18429 788 556 17641 1984 801 1183 15657 1186 520 299 199 136 14471 1895 474 212 12576 1116 618 177 450 377 11460 5957 612 150 100 5503 738
is_linear=0
shrinkage=0.05


Tree=187
num_leaves=31
num_cat=0
split_feature=33 119 136 83 89 112 61 142 75 1 76 134 131 16 132 118 18 80 142 87 74 92 64 84 1 30 84 140 14 61
split_gain=6.2234e-05 0.000106626 0.000190844 0.000368268 9.52049e-05 8.57054e-05 5.8391e-05 5.1845e-05 0.000130961 7.8708e-05 4.49453e-05 0.000100979 0.000163603 0.000136453 4.11952e-05 0.000102775 7.08261e-05 8.88114e-05 4.21058e-05 9.0339e-05 0.000222383 0.000478548 0.000312527 0.000104713 0.000181221 8.55319e-05 7.69133e-05 5.02165e-05 4.69223e-05 7.73836e-05
threshold=0.9875887070100926 17.350000000000005 0.67500000000000016 30.250000000000004 45.95000000000001 277.00311320000009 151.25000000000003 67.166401549217667 15.750000000000002 0.07713479500000002 2.4500000000000006 4.330000000000001 33.215842738206554 1.4950000000000003 1.5000000000000002 17.550000000000004 0.0044291666666666672 19.062500000000004 341.19703467597299 1.0000000180025095e-35 32.164285714285718 8.2500000000000018 3.4500000000000246 8.1500000000000039 0.0059557640000000005 -1.8828571428571415 9.6500000000000039 12.280000000000003 0.027740448000000004 309.85000000000008
decision_type=2 10 2 2 2 2 2 2 2 2 2 2 2 2 2 10 2 2 2 2 2 2 2 2 2 2 2 2 2 2
left_child=1 10 7 -4 -2 -6 -7 -3 -9 -10 14 13 -13 -12 15 -1 -17 -18 26 28 21 -21 23 24 -23 -25 -16 -28 -20 -30
right_child=4 2 3 -5 5 6 -8 8 9 -11 11 12 -14 -15 18 16 17 -19 19 20 -22 22 -24 25 -26 -27 27 -29 29 -31
leaf_value=0 0 -1.6057553505551318e-05 7.9990907375117773e-06 0.00017856309298671405 0 0 -5.9855052415947669e-05 0 0 0.00010251190278425136 0 8.002907158886544e-05 -6.4594834355566217e-06 -8.6190998541853112e-05 0 0 0 -6.4615363037763768e-05 3.4956540384983978e-06 0.00018739426021260568 0 -7.6185803693617886e-05 0.0001268372192337255 6.1040634012178883e-05 0 0 0 -3.1175845435352272e-05 -4.0620280686009402e-05 0
leaf_weight=1075 424 293 338 50 93 60 211 435 57 54 125 52 1711 96 5548 385 111 178 5093 57 296 107 50 80 98 51 140 340 153 668
leaf_count=1075 424 293 338 50 93 60 211 435 57 54 125 52 1711 96 5548 385 111 178 5093 57 296 107 50 80 98 51 140 340 153 668
internal_value=-5.55078e-07 0 1.42692e-05 4.3235e-05 -1.42965e-05 -3.30743e-05 -4.74938e-05 0 9.91796e-06 5.83407e-05 -1.00352e-06 -8.05817e-06 -1.0301e-06 -4.1344e-05 0 -7.22378e-06 -2.27142e-05 -4.25612e-05 9.59179e-07 3.94064e-06 2.09114e-05 4.4508e-05 1.00587e-05 0 -2.90471e-05 2.58159e-05 -1.50219e-06 -2.06892e-05 9.71524e-07 -8.58917e-06
internal_weight=18429 17641 1227 388 788 364 271 839 546 111 16414 1984 1763 221 14430 1749 674 289 12681 6653 739 443 386 336 205 131 6028 480 5914 821
internal_count=18429 17641 1227 388 788 364 271 839 546 111 16414 1984 1763 221 14430 1749 674 289 12681 6653 739 443 386 336 205 131 6028 480 5914 821
is_linear=0
shrinkage=0.05


Tree=188
num_leaves=31
num_cat=0
split_feature=33 119 43 82 89 5 28 83 14 96 93 49 24 156 88 88 138 64 160 119 28 16 120 85 138 84 73 49 30 120
split_gain=5.54744e-05 9.91692e-05 0.00019624 0.00116918 8.59537e-05 5.82743e-05 4.5586e-05 6.08986e-05 4.06674e-05 8.66331e-05 0.000320479 0.000426196 6.49771e-05 0.000128383 9.0581e-05 6.80226e-05 0.000256381 6.4936e-05 5.6116e-05 0.000103964 0.000228476 0.000102844 4.99785e-05 0.000101239 0.000366345 4.42186e-05 9.37845e-05 5.7897e-05 6.13438e-05 9.41095e-05
threshold=0.9875887070100926 17.350000000000005 0.35050000000000003 25.754000000000001 45.95000000000001 0.10500000000000002 34.000000000000007 29.250000000000004 0.0024768410000000005 35.76250000000001 272.84807965000005 988.55000000000007 46.550000000000004 0.34000000000000002 38.837500000000013 30.612500000000008 3.5950000000000002 478.60000000000008 0.036700680272108856 8.8500000000000032 17.500000000000004 1.0550000000000004 267.5891979000001 277.2569534000001 4.6250000000000009 0.25000000000000006 16.450000000000003 970.35000000000002 -1.8828571428571415 271.07640500000008
decision_type=2 10 2 2 2 2 2 2 2 2 2 2 2 2 2 2 2 2 2 8 2 2 10 2 2 2 2 2 2 10
left_child=1 8 6 -4 -2 -6 -3 -8 9 -1 25 -12 13 15 -15 18 -17 -16 -10 20 21 -20 23 -14 -25 26 -11 -27 29 -29
right_child=4 2 3 -5 5 -7 7 -9 12 10 11 -13 22 14 17 16 -18 -19 19 -21 -22 -23 -24 24 -26 27 -28 28 -30 -31
leaf_value=0 0 -9.8168099526488877e-06 0 0.00022822690001469579 -6.8973822034302368e-05 0 3.0896056813270129e-05 0 -4.7329692634024472e-07 0 0.00018189824073530758 0 6.8945059460606473e-07 0 -6.1112304986618256e-05 9.5894335384867665e-05 0 0 0 0 0 -0.0001174684532918036 -3.348545212460898e-06 0.00013764265045868412 0 0 -6.0438991519276893e-05 6.5892934166893416e-05 0 0
leaf_weight=3040 424 503 346 69 105 259 227 82 1714 52 63 60 3454 194 249 73 699 50 50 264 144 99 5422 64 134 223 79 134 103 50
leaf_count=3040 424 503 346 69 105 259 227 82 1714 52 63 60 3454 194 249 73 699 50 50 264 144 99 5422 64 134 223 79 134 103 50
internal_value=-5.22278e-07 0 1.37618e-05 4.16939e-05 -1.34962e-05 -3.13442e-05 0 1.45241e-05 -9.67201e-07 3.00221e-06 1.81093e-05 9.21112e-05 -2.56126e-06 -8.32563e-06 -3.32116e-05 -2.64167e-06 7.15128e-06 -5.07063e-05 -8.17306e-06 -2.28629e-05 -4.33144e-05 -8.65168e-05 0 4.19023e-06 3.98234e-05 0 -2.09199e-05 1.01629e-05 2.61884e-05 4.35505e-05
internal_weight=18429 17641 1227 415 788 364 812 309 16414 3804 764 123 12610 3536 493 3043 772 299 2271 557 293 149 9074 3652 198 641 131 510 287 184
internal_count=18429 17641 1227 415 788 364 812 309 16414 3804 764 123 12610 3536 493 3043 772 299 2271 557 293 149 9074 3652 198 641 131 510 287 184
is_linear=0
shrinkage=0.05


Tree=189
num_leaves=31
num_cat=0
split_feature=33 81 1 33 35 76 8 142 97 90 14 95 138 81 43 42 138 58 97 92 82 93 15 25 81 116 98 98 19 138
split_gain=5.1663e-05 9.42235e-05 0.000134823 5.49912e-05 0.000173921 5.37498e-05 8.86971e-05 0.000300896 5.53941e-05 8.56449e-05 9.5517e-05 8.7143e-05 4.90323e-05 0.000186478 0.000219539 4.11574e-05 6.50799e-05 9.38662e-05 7.17039e-05 7.2885e-05 5.39645e-05 0.00015454 0.000543711 0.00109481 4.74091e-05 0.000174999 6.27564e-05 4.14311e-05 4.11939e-05 3.69626e-05
threshold=0.9875887070100926 36.050000000000004 0.0011405705000000002 0.98136709118634158 278.39736650000003 2.4500000000000006 0.0090452464473042369 730.04212674744213 -5.4999999999999982 21.567346938775515 0.020769720500000002 2.5000000000000004 4.3650000000000011 37.250000000000007 0.40650000000000003 0.76500000000000012 6.5700000000000012 9.7500000000000018 5.5000000000000018 8.2500000000000018 27.930000000000003 266.04242460000006 0.00033229166666666672 17.500000000000004 42.050000000000004 292.61493620000005 0.099999999999999881 -2.2000000000000015 -0.0019357142857142848 4.745000000000001
decision_type=2 2 2 2 2 2 2 2 2 2 2 2 2 2 2 2 2 2 2 2 2 2 2 2 2 2 2 2 2 2
left_child=3 -2 29 5 -5 8 12 -8 9 -1 -11 -12 13 14 -7 20 17 18 19 -17 24 -22 23 -23 -10 26 -26 -21 -27 -3
right_child=1 2 -4 4 -6 6 7 -9 15 10 11 -13 -14 -15 -16 16 -18 -19 -20 27 21 22 -24 -25 25 28 -28 -29 -30 -31
leaf_value=0 0 -9.9945439464136135e-05 0 0 9.9264964001435904e-05 0.00013317596114084443 -2.7894398552050186e-06 -0.00011180260437537403 0 0 9.7218009513896916e-05 0 -4.6604920922466283e-06 0 0 0 0 0 0 0 0 0.00024985834494121241 0 0 0 3.2583700676977311e-05 -7.354664834455242e-05 -5.5618178049310222e-05 0 0
leaf_weight=666 232 79 379 85 57 62 714 87 10837 338 85 93 932 114 71 88 620 254 57 118 1080 73 339 150 92 96 131 310 92 98
leaf_count=666 232 79 379 85 57 62 714 87 10837 338 85 93 932 114 71 88 620 254 57 118 1080 73 339 150 92 96 131 310 92 98
internal_value=-5.18135e-07 -1.30372e-05 -2.57618e-05 0 3.09186e-05 -2.10528e-07 -8.14943e-06 -2.09889e-05 4.80656e-07 1.0958e-05 2.62471e-05 5.76523e-05 0 2.03117e-05 6.51354e-05 -3.51223e-08 -8.29474e-06 -1.77994e-05 -2.94251e-05 -3.61667e-05 5.04787e-07 9.13502e-06 3.0492e-05 9.16791e-05 -3.11284e-07 -1.70388e-05 -4.98709e-05 -4.47334e-05 0 -6.30106e-05
internal_weight=18429 788 556 17641 142 17499 1980 801 15519 1182 516 178 1179 247 133 14337 1447 827 573 516 12890 1642 562 223 11248 411 223 428 188 177
internal_count=18429 788 556 17641 142 17499 1980 801 15519 1182 516 178 1179 247 133 14337 1447 827 573 516 12890 1642 562 223 11248 411 223 428 188 177
is_linear=0
shrinkage=0.05


Tree=190
num_leaves=31
num_cat=0
split_feature=92 12 118 81 112 77 131 11 106 112 86 49 78 84 14 14 28 141 104 4 131 83 74 83 61 108 140 50 101 43
split_gain=3.96626e-05 4.56551e-05 7.12727e-05 9.88586e-05 9.75706e-05 0.000299893 0.000436628 6.20892e-05 0.000107102 0.000108066 0.000274108 5.41756e-05 5.39165e-05 0.0001566 0.000562934 0.00108193 0.000201134 0.000311219 0.000203056 7.02492e-05 8.73217e-05 6.97041e-05 6.66722e-05 4.6808e-05 7.73834e-05 3.94403e-05 0.000138124 3.83496e-05 3.74019e-05 5.91727e-05
threshold=24.250000000000007 0.074414993000000026 32.550000000000004 32.45000000000001 282.16859210000007 273.88008530000008 86.769874021242742 0.0030155558402777784 24.850000000000005 269.6239415500001 6.5000000000000009 980.05000000000007 1.5000000000000002 7.1500000000000021 0.020602420000000007 0.025612814000000005 14.450000000000001 33.720000000000006 0.55000000000000016 0.0011328545000000004 93.479068726514683 16.250000000000004 27.700000000000006 18.750000000000004 1717.3000000000002 288.16626455000005 69.77500000000002 1014.85 -2.8433898499999937 0.38350000000000006
decision_type=2 2 8 2 2 2 2 2 2 2 2 2 2 2 2 2 2 2 2 2 2 2 2 2 2 2 2 2 2 2
left_child=1 7 4 -4 5 -3 -7 12 -9 -10 -11 -6 13 22 16 -16 17 -15 -19 25 23 -18 -1 -21 -25 -14 -27 -23 -2 -30
right_child=28 2 3 -5 11 6 -8 8 9 10 -12 -13 19 14 15 -17 21 18 -20 20 -22 27 -24 24 -26 26 -28 -29 29 -31
leaf_value=0 0 0 0 5.7045006365464918e-05 0 -0.00020051466053892477 -1.1785540385887435e-05 0 0 0.00013270496403043738 1.3428960414616817e-06 4.3073537307875139e-05 -3.3557335243878703e-06 0 0.000263381530742415 0 0 0 0.00013043848712676438 0 -6.775216586877713e-08 -3.1722171112281576e-05 4.5412953389435038e-05 -7.8078008976999191e-05 0 0 6.7199781877864921e-05 0 -2.3976097590468982e-05 0
leaf_weight=9450 154 801 489 77 297 56 246 740 161 80 269 72 1724 71 65 100 133 90 99 94 940 354 80 125 117 671 93 51 578 93
leaf_count=9450 154 801 489 77 297 56 246 740 161 80 269 72 1724 71 65 100 133 90 99 94 940 354 80 125 117 671 93 51 578 93
internal_value=0 6.6473e-07 -5.83078e-06 3.43133e-06 -1.27865e-05 -2.09545e-05 -6.38296e-05 1.84113e-06 1.27622e-05 3.03763e-05 4.60334e-05 0 5.3211e-07 2.67537e-06 2.19921e-05 0.000106238 0 3.99105e-05 7.92657e-05 -4.11381e-06 -1.36903e-05 -1.27121e-05 1.96714e-07 -3.68508e-05 -4.86298e-05 0 1.01734e-05 -2.53722e-05 -1.05194e-05 -1.6588e-05
internal_weight=18370 17545 2038 566 1472 1103 302 15507 1250 510 349 369 14257 10493 963 165 798 260 189 3764 1276 538 9530 336 242 2488 764 405 825 671
internal_count=18370 17545 2038 566 1472 1103 302 15507 1250 510 349 369 14257 10493 963 165 798 260 189 3764 1276 538 9530 336 242 2488 764 405 825 671
is_linear=0
shrinkage=0.05


Tree=191
num_leaves=31
num_cat=0
split_feature=42 131 35 85 128 140 83 34 160 49 141 49 103 90 23 103 83 43 16 3 128 73 18 7 75 108 13 141 90 116
split_gain=3.84344e-05 0.000135408 9.93217e-05 9.56279e-05 0.000880432 9.00523e-05 6.50107e-05 6.06532e-05 6.12552e-05 6.87006e-05 4.66579e-05 8.57518e-05 6.13674e-05 0.000149609 0.000192802 9.22038e-05 0.000190887 0.000256122 0.000434417 6.08455e-05 6.01955e-05 0.000157528 0.000207319 0.000306933 0.000411368 0.000847219 0.00015627 6.48384e-05 7.65126e-05 8.49978e-05
threshold=0.74500000000000011 87.498255890197527 295.64074330000011 280.2043680000001 9.2173545129383765 32.065000000000005 14.850000000000003 0.34651380050879382 0.17387755102040819 953.6500000000002 38.060000000000009 980.6500000000002 971.45000000000016 26.860204081632656 22.132638888888895 1082.7500000000002 17.750000000000004 0.35350000000000004 0.76500000000000012 1.0000000180025095e-35 9.5184498758180087 18.550000000000004 0.002954166666666667 0.063850000000000018 14.950000000000001 277.10984400000007 0.0016826743888888891 33.50500000000001 26.407142857142862 285.76883645000004
decision_type=2 2 2 2 2 2 2 2 2 2 2 2 2 2 2 2 2 2 2 2 2 2 2 2 2 2 2 2 2 2
left_child=3 2 5 10 -5 -2 -7 8 -8 -10 12 19 13 -1 -15 16 -14 -18 -19 -12 21 -17 -23 24 25 26 -24 -22 -29 -30
right_child=1 -3 -4 4 -6 6 7 -9 9 -11 11 -13 15 14 -16 20 17 18 -20 -21 27 22 23 -25 -26 -27 -28 28 29 -31
leaf_value=0 0 2.5481012464543945e-06 0 0.00017858227478947293 0 0 0 0 0 -6.4362657424173685e-05 0 0 0 -0.00010132259972394152 0 -7.8151074181198149e-06 8.0017143915170956e-07 0.00021205642660658802 0 -3.0258001315530124e-05 -4.4160754603753282e-06 -3.8616623244354104e-06 0 6.5599985705843432e-07 0 0.00022127346045439035 6.9831848368888814e-05 2.0888170634384196e-07 6.0353154233681039e-05 0
leaf_weight=1453 264 1081 92 76 289 87 63 100 84 367 53 1307 382 90 76 857 332 55 81 498 5209 639 198 1015 348 96 116 2794 127 141
leaf_count=1453 264 1081 92 76 289 87 63 100 84 367 53 1307 382 90 76 857 332 55 81 498 5209 639 198 1015 348 96 116 2794 127 141
internal_value=0 -6.13391e-06 -1.9733e-05 9.8051e-07 2.63735e-05 -2.61442e-05 -3.55143e-05 -4.12791e-05 -4.82624e-05 -5.47057e-05 7.96522e-08 -6.97203e-06 1.37223e-06 -6.94795e-06 -5.20378e-05 2.86342e-06 1.92348e-05 4.10955e-05 0.000102243 -2.34962e-05 1.22275e-06 7.11741e-06 1.44962e-05 2.39294e-05 4.84641e-05 8.27028e-05 2.38962e-05 -5.03157e-07 4.52029e-06 3.07131e-05
internal_weight=18370 2138 1057 16232 365 965 701 614 514 451 15867 1858 14009 1619 166 12390 850 468 136 551 11540 3269 2412 1773 758 410 314 8271 3062 268
internal_count=18370 2138 1057 16232 365 965 701 614 514 451 15867 1858 14009 1619 166 12390 850 468 136 551 11540 3269 2412 1773 758 410 314 8271 3062 268
is_linear=0
shrinkage=0.05


Tree=192
num_leaves=31
num_cat=0
split_feature=102 90 134 90 124 85 138 105 137 120 137 88 15 96 1 128 77 120 73 128 82 90 32 98 63 115 120 104 103 136
split_gain=3.59542e-05 6.75661e-05 0.000277194 0.000340322 5.28349e-05 0.000161511 0.000132951 7.13381e-05 0.000216881 0.000517005 6.37906e-05 0.000228526 0.000480724 4.15164e-05 3.67119e-05 7.71745e-05 0.000172769 0.000707278 0.000640076 5.72257e-05 0.000143178 9.79906e-05 0.000157707 5.54067e-05 8.19179e-05 4.49165e-05 3.56841e-05 4.57154e-05 8.74598e-05 7.59217e-05
threshold=-1.5999999999999985 26.594897959183676 7.3000000000000007 28.055102040816333 1.0000000180025095e-35 279.10855770000006 6.1650000000000009 5.5000000000000009 0.58000000000000007 271.82820365000003 1.9600000000000002 41.812500000000007 0.000109375 37.51250000000001 0.0041743195000000016 9.5357155484215177 286.97691495000009 270.25674270000007 35.250000000000007 9.2709178796006242 22.984000000000005 29.168367346938783 17.550000000000004 -2.1999999999999971 11.980100000000002 10.450000000000001 285.21722435000004 0.25000000000000006 1947.9500000000003 1.1000000000000003
decision_type=2 2 2 2 2 2 2 2 2 8 2 2 2 2 2 2 2 8 2 2 2 2 2 2 2 2 8 2 2 2
left_child=1 -1 3 -3 7 10 13 8 9 -2 26 -12 -13 -7 19 16 17 18 -16 20 -9 22 -22 25 -25 -19 27 -6 29 -29
right_child=4 2 -4 -5 5 6 -8 14 -10 -11 11 12 -14 -15 15 -17 -18 23 -20 -21 21 -23 -24 24 -26 -27 -28 28 -30 -31
leaf_value=1.9676069619920593e-07 0.00017940098695290213 0.00018716030938045224 0 0 0 0 0 0 0 0 0 0.00018486522564688918 0 -0.00012239544514678916 0.00028002491791816214 0 -1.8998423302243528e-05 0 0 0 -0.00010140296473740739 0 0 5.7486366396209594e-05 0 -3.2622934736327105e-05 0 -2.5634177275954122e-05 0 0
leaf_weight=3893 62 50 548 51 685 52 129 506 248 89 1465 52 182 62 50 2564 120 80 74 2448 114 86 81 95 333 129 1442 1160 1269 251
leaf_count=3893 62 50 548 51 685 52 129 506 248 89 1465 52 182 62 50 2564 120 80 74 2448 114 86 81 95 333 129 1442 1160 1269 251
internal_value=0 4.03389e-06 1.93227e-05 9.57772e-05 -1.0743e-06 -4.44674e-06 -4.56112e-05 1.43488e-06 2.19614e-05 6.95438e-05 -2.13406e-06 4.73767e-06 5.09264e-05 -8.54649e-05 0 3.79157e-06 1.65806e-05 2.87702e-05 0.000138533 -3.61292e-06 -1.53348e-05 -4.3891e-05 -6.34158e-05 0 1.61905e-05 -1.11402e-05 -5.60324e-06 -8.44689e-06 -1.14982e-05 -2.01464e-05
internal_weight=18370 4542 649 101 13828 6749 243 7079 399 151 6506 1699 234 114 6680 3445 881 761 124 3235 787 281 195 637 428 209 4807 3365 2680 1411
internal_count=18370 4542 649 101 13828 6749 243 7079 399 151 6506 1699 234 114 6680 3445 881 761 124 3235 787 281 195 637 428 209 4807 3365 2680 1411
is_linear=0
shrinkage=0.05


Tree=193
num_leaves=31
num_cat=0
split_feature=12 11 106 99 103 86 119 131 73 86 2 29 101 43 43 41 15 81 134 141 4 92 103 114 23 110 81 155 64 30
split_gain=3.49772e-05 6.94062e-05 9.91437e-05 0.000159792 0.000278248 8.15786e-05 6.43957e-05 4.57386e-05 4.21027e-05 0.000101368 0.00037475 0.000565199 0.00125656 0.000161866 0.000111954 9.78965e-05 0.000395773 0.000213961 0.000132052 9.25578e-05 7.18018e-05 9.12729e-05 4.94989e-05 6.80416e-05 9.1115e-05 5.92111e-05 8.04313e-05 5.90983e-05 5.30778e-05 4.56612e-05
threshold=0.074414993000000026 0.0030155558402777784 24.850000000000005 -3.1499999999999768 2243.3500000000008 17.500000000000004 9.2500000000000018 84.484492496050322 33.250000000000007 4.5000000000000009 9.4850000000000015e-05 34.600000000000009 0.59746674999999538 0.25250000000000006 0.39350000000000007 54.500000000000007 0.00010416666666666667 46.45000000000001 16.195000000000004 25.350000000000005 0.0011820800000000003 6.8500000000000023 527.6500000000002 20.450000000000003 22.983333333333338 11.350000000000003 30.650000000000002 0.54200000000000015 27.19999999999995 0.11142857142857074
decision_type=2 2 2 2 2 2 8 2 2 2 2 2 2 2 2 2 2 2 2 2 2 2 2 2 2 2 2 2 2 2
left_child=1 8 -3 -4 5 -5 7 -2 9 22 13 12 -12 -11 -13 17 -17 -15 19 -19 -10 -22 -1 27 25 -25 -27 -24 -28 -23
right_child=6 2 3 4 -6 -7 -8 -9 20 10 11 14 -14 15 -16 16 -18 18 -20 -21 21 29 23 24 -26 26 28 -29 -30 -31
leaf_value=3.1449695397098191e-05 -4.7793484523450998e-05 0 0 0.00012919438361852652 0 0 0 -2.6090921829863406e-06 0 7.6482425827180121e-05 0 0 0.00031219664499754587 0 5.9415871979688426e-05 0.00012291175233611337 0 0 0 -0.00010876925880374824 0 -3.3510685938700638e-05 0 0 0 0 -3.8100156657946345e-05 4.0839853697164745e-05 0 0
leaf_weight=113 149 740 108 103 223 76 1218 687 2375 63 63 340 58 601 84 66 479 132 65 113 572 534 6826 424 969 319 610 90 51 119
leaf_count=113 149 740 108 103 223 76 1218 687 2375 63 63 340 58 601 84 66 479 132 65 113 572 534 6826 424 969 319 610 90 51 119
internal_value=0 9.73471e-07 1.22907e-05 2.92381e-05 4.55547e-05 9.22538e-05 -5.91835e-06 -1.66835e-05 0 1.51472e-06 1.16328e-05 4.71983e-05 0.000146241 0 6.89165e-06 -4.55967e-06 6.45577e-06 -1.66319e-05 -5.03103e-05 -6.73937e-05 -4.68227e-06 -1.45193e-05 -1.75734e-07 -1.10201e-06 -8.64329e-06 -1.69811e-05 -2.37462e-05 7.63552e-07 -3.37542e-05 -2.7278e-05
internal_weight=18370 16316 1250 510 402 179 2054 836 15066 11466 2064 545 121 1519 424 1456 545 911 310 245 3600 1225 9402 9289 2373 1404 980 6916 661 653
internal_count=18370 16316 1250 510 402 179 2054 836 15066 11466 2064 545 121 1519 424 1456 545 911 310 245 3600 1225 9402 9289 2373 1404 980 6916 661 653
is_linear=0
shrinkage=0.05


Tree=194
num_leaves=31
num_cat=0
split_feature=102 90 134 90 124 85 43 28 141 142 32 105 119 59 32 105 22 139 49 119 74 1 128 98 126 90 54 2 141 92
split_gain=3.29455e-05 6.22477e-05 0.000243253 0.00030025 4.86084e-05 0.000146116 0.000113503 9.78414e-05 6.45824e-05 0.000143326 0.000106735 6.19467e-05 0.000164725 0.000216281 0.000278714 3.89979e-05 4.58537e-05 4.55147e-05 5.0195e-05 3.31597e-05 5.72698e-05 3.21968e-05 6.91984e-05 0.00016322 0.000498982 0.000103393 8.68152e-05 6.46317e-05 9.34538e-05 6.12217e-05
threshold=-1.5999999999999985 26.594897959183676 7.3000000000000007 28.055102040816333 1.0000000180025095e-35 279.10855770000006 0.32850000000000007 23.950000000000003 25.220000000000002 74.250625892296966 11.550000000000002 5.5000000000000009 9.0500000000000025 9.4855000000000018 6.4500000000000011 27.500000000000004 2.5000000000000004 94.305272953832102 993.55000000000007 17.750000000000004 16.492857142857151 0.0041743195000000016 9.5357155484215177 -2.1999999999999971 32.500000000000007 24.728571428571435 0.095000000000000015 0.00010124050000000002 31.365000000000006 8.4500000000000046
decision_type=2 2 2 2 2 2 2 2 2 2 2 2 8 2 2 2 2 2 2 10 2 2 2 2 2 2 2 2 2 2
left_child=1 -1 3 -3 11 8 -7 -8 15 10 -10 12 13 14 -2 16 -6 18 -18 -11 -21 29 23 25 -25 -23 27 -26 -29 -13
right_child=4 2 -4 -5 5 6 7 -9 9 19 -12 21 -14 -15 -16 -17 17 -19 -20 20 -22 22 -24 24 26 -27 -28 28 -30 -31
leaf_value=1.5625497870122021e-07 0 0.00017618636235876658 0 0 0 0 -0.00010044989688353502 0 0 -2.3438619856445673e-06 0.00010754321330481347 0 0 0 0.00017859448553632286 0 -3.4554935969971796e-05 0 0 0 3.8805245786167703e-05 0 0 0.00013870292014731025 0 -5.952625987889847e-05 -3.7451274911557031e-06 8.9723916688327386e-05 0 -1.2847214935711469e-05
leaf_weight=3893 51 50 548 51 83 90 97 56 50 4532 53 2093 231 61 56 868 534 69 57 127 133 177 2564 96 112 73 281 75 67 1142
leaf_count=3893 51 50 548 51 83 90 97 56 50 4532 53 2093 231 61 56 868 534 69 57 127 133 177 2564 96 112 73 281 75 67 1142
internal_value=0 3.89276e-06 1.8579e-05 9.03424e-05 -9.88803e-07 -4.23634e-06 -4.34419e-05 -6.95176e-05 -1.99716e-06 0 5.86468e-05 1.40129e-06 2.05408e-05 5.86123e-05 0.000101893 -1.07824e-05 -1.95688e-05 -2.45855e-05 -2.94466e-05 -3.5752e-07 1.49852e-05 0 3.60937e-06 1.57175e-05 3.13769e-05 -3.85409e-06 2.56722e-06 2.91457e-05 5.14268e-05 -3.31676e-06
internal_weight=18370 4542 649 101 13828 6749 243 153 6506 4895 103 7079 399 168 107 1611 743 660 591 4792 260 6680 3445 881 631 250 535 254 142 3235
internal_count=18370 4542 649 101 13828 6749 243 153 6506 4895 103 7079 399 168 107 1611 743 660 591 4792 260 6680 3445 881 631 250 535 254 142 3235
is_linear=0
shrinkage=0.05


Tree=195
num_leaves=31
num_cat=0
split_feature=102 81 105 136 114 47 29 48 128 30 131 90 36 97 25 29 52 19 41 17 102 103 137 49 97 119 100 36 119 36
split_gain=3.73962e-05 0.000105096 6.8369e-05 5.32345e-05 7.17143e-05 8.60392e-05 0.000134652 0.000178071 0.000246282 3.97022e-05 3.92584e-05 2.95261e-05 7.31975e-05 2.53362e-05 4.06974e-05 5.67823e-05 5.81329e-05 5.79298e-05 1.97944e-05 6.10326e-05 9.90731e-05 0.000138783 0.000160638 0.000167519 0.000284764 0.000253003 6.56216e-05 0.000122431 0.000509149 6.29378e-05
threshold=1.2000000000000022 51.250000000000007 18.500000000000004 1.3900000000000003 22.750000000000004 1.0000000180025095e-35 35.95000000000001 99.500000000000014 9.6606001815219589 -2.091428571428573 17.501070378404449 27.031632653061227 263.86121115000009 0.39999999999999908 18.500000000000004 48.800000000000004 19.500000000000004 -0.0015614285714285712 56.500000000000007 0.034150000000000007 -0.59999999999999865 1497.7000000000005 0.075000000000000025 980.6500000000002 0.64999999999999869 15.65 -3.8000000000000109 271.72509785000005 9.0500000000000025 281.05488000000008
decision_type=2 2 2 2 2 2 2 2 2 2 2 2 2 2 2 2 2 2 2 2 2 2 2 2 2 10 2 2 8 2
left_child=1 10 9 4 -2 -6 7 8 -7 -3 11 12 -1 -8 -15 16 17 -16 19 26 21 22 -21 -24 25 -25 29 -28 -29 -12
right_child=3 2 -4 -5 5 6 13 -9 -10 -11 18 -13 -14 14 15 -17 -18 -19 -20 20 -22 -23 23 24 -26 -27 27 28 -30 -31
leaf_value=0 0 0 0 -5.2886559974699671e-06 0 0.00014109752448109589 -9.589036602883175e-07 9.6544916550079832e-07 0 -7.3470448714413106e-05 -2.6820930962224561e-05 0 -5.336343608283641e-05 0 0 0 0 8.2018827525552192e-05 -1.6585347384097523e-06 0 0 0 0 0.0002074403810761664 0 1.1297893820443051e-05 -7.0302362766096917e-07 0.00016100991275767439 0 0
leaf_weight=105 2283 87 120 761 302 98 301 381 162 102 443 64 124 166 147 156 116 88 7009 183 1017 738 223 67 51 112 2516 60 263 257
leaf_count=105 2283 87 120 761 302 98 301 381 162 102 443 64 124 166 147 156 116 88 7009 183 1017 738 223 67 51 112 2516 60 263 257
internal_value=0 -1.33318e-06 -3.03637e-05 3.7404e-06 6.56744e-06 1.37093e-05 1.88726e-05 3.76576e-05 7.20589e-05 -4.90289e-05 -2.75159e-07 -1.8364e-05 -2.74229e-05 1.35583e-06 9.80939e-06 1.81094e-05 2.9607e-05 4.38548e-05 0 2.25665e-06 8.70159e-06 1.76594e-05 3.48974e-05 5.09243e-05 8.31248e-05 0.000113237 -6.86449e-07 1.13671e-06 3.08573e-05 -1.52044e-05
internal_weight=18502 13541 309 4961 4200 1917 1615 641 260 189 13232 293 229 974 673 507 351 235 12939 5930 2391 1374 636 453 230 179 3539 2839 323 700
internal_count=18502 13541 309 4961 4200 1917 1615 641 260 189 13232 293 229 974 673 507 351 235 12939 5930 2391 1374 636 453 230 179 3539 2839 323 700
is_linear=0
shrinkage=0.05


Tree=196
num_leaves=31
num_cat=0
split_feature=81 142 116 14 112 96 42 104 92 133 89 85 22 92 104 119 81 44 12 94 4 124 135 88 111 139 46 61 44 83
split_gain=2.86541e-05 6.91046e-05 0.0001226 0.000111872 7.6835e-05 6.59482e-05 0.00026895 0.000126873 7.6264e-05 5.74763e-05 4.25162e-05 9.38087e-05 0.000100951 8.81185e-05 9.81004e-05 0.000114064 7.72531e-05 9.26617e-05 5.41996e-05 4.90273e-05 5.2057e-05 3.41794e-05 0.000127217 0.000294564 0.00110891 6.12184e-05 6.99196e-05 6.5523e-05 3.69996e-05 5.40324e-05
threshold=51.250000000000007 336.7235080293604 276.30128085000007 0.0072705565000000007 283.82369195000007 47.562500000000007 0.40500000000000008 0.75000000000000011 7.0500000000000016 5.4250000000000016 46.800000000000004 277.2569534000001 6.5000000000000009 10.950000000000005 1.3500000000000005 21.550000000000004 27.050000000000004 1677.5000000000002 0.014423590000000002 29.500000000000004 0.00091263800000000001 -0.78656609248549325 7.5150000000000015 30.612500000000008 10.65 87.389466238151741 8.5000000000000018 1671.6500000000001 647.50000000000011 10.950000000000001
decision_type=2 2 2 2 2 2 2 2 2 2 2 2 2 2 2 10 2 2 2 2 2 2 2 2 2 2 2 2 2 2
left_child=5 2 -2 -4 -3 10 9 -8 -9 -7 19 13 -13 14 15 16 -12 18 -18 21 -21 22 23 -1 -25 -23 -27 28 -28 -30
right_child=1 4 3 -5 -6 6 7 8 -10 -11 11 12 -14 -15 -16 -17 17 -19 -20 20 -22 25 -24 24 -26 26 27 -29 29 -31
leaf_value=0 0 6.0778223684022896e-05 0 -8.2736495728380209e-05 0 -4.4065480256855103e-05 0 0 0.00014288051487131847 0 0 6.5624163357030723e-05 0 0 0 0 0 0 -0.00010346936896263217 0 5.2699442080885941e-05 0 0 0.00027395969113653201 0 0 0 0 0 -6.1283949557149492e-05
leaf_weight=280 192 51 52 120 110 73 57 54 65 193 52 62 175 390 276 138 51 59 151 72 92 11747 2868 51 91 426 88 205 68 193
leaf_count=280 192 51 52 120 110 73 57 54 65 193 52 62 175 390 276 138 51 59 151 72 92 11747 2868 51 91 426 88 205 68 193
internal_value=0 -1.14818e-05 -2.57547e-05 -5.63127e-05 0 3.57017e-07 1.94253e-05 6.88705e-05 9.81801e-05 0 0 -8.62156e-06 8.91951e-06 -1.68203e-05 -2.71494e-05 -4.15904e-05 -5.82935e-05 -6.93521e-05 -8.57249e-05 5.8678e-07 2.78676e-05 0 4.80778e-06 3.05239e-05 8.89143e-05 -8.58366e-07 -1.28674e-05 -2.46497e-05 -3.78354e-05 -4.7596e-05
internal_weight=18502 525 364 172 161 17977 442 176 119 266 17535 1354 237 1117 727 451 313 261 202 16181 164 16017 3290 422 142 12727 980 554 349 261
internal_count=18502 525 364 172 161 17977 442 176 119 266 17535 1354 237 1117 727 451 313 261 202 16181 164 16017 3290 422 142 12727 980 554 349 261
is_linear=0
shrinkage=0.05


Tree=197
num_leaves=31
num_cat=0
split_feature=81 85 54 103 14 89 30 108 100 120 75 115 89 133 7 22 131 24 19 42 15 44 73 30 117 50 85 21 23 142
split_gain=2.55851e-05 6.35468e-05 0.00011189 0.000215209 0.000181603 3.807e-05 0.000119263 0.000197356 2.81688e-05 5.80162e-05 0.000141008 0.000545716 0.000120621 0.000180919 0.000153548 8.59407e-05 0.000102925 0.000130157 0.000225425 0.000217751 0.000423591 0.000409172 0.000180565 8.50255e-05 9.46388e-05 6.99459e-05 0.000115157 0.000101361 0.00010645 0.00013342
threshold=51.250000000000007 280.2043680000001 0.055000000000000007 1326.4500000000005 0.0072705565000000007 51.850000000000001 -1.8471428571428581 276.34308335000009 -6.6499999999999764 271.73719580000005 7.1500000000000012 13.850000000000003 46.45000000000001 20.620000000000001 0.011450000000000002 39.500000000000007 104.61854913469837 51.150000000000013 -0.0019914285714285719 0.72500000000000009 0.00021875000000000006 557.50000000000011 33.250000000000007 -1.8714285714285708 2.0500000000000003 999.05000000000007 279.68915700000008 0.46527777777777785 23.350000000000005 600.71929646046772
decision_type=2 2 2 2 2 2 2 2 2 8 2 2 2 2 2 2 2 2 2 2 2 2 2 2 2 2 2 2 2 2
left_child=5 2 -2 4 -4 8 7 -7 -1 10 11 -10 -11 -14 -15 16 17 25 -19 20 -20 -22 -23 24 -17 -12 27 28 29 -27
right_child=1 -3 3 -5 -6 6 -8 -9 9 12 15 -13 13 14 -16 23 -18 18 19 -21 21 22 -24 -25 -26 26 -28 -29 -30 -31
leaf_value=-9.0848907304346229e-06 0 0 0 0 -0.00011755016795548189 0 0 0.00012172102725526201 0 0 -2.462610870378265e-05 0.00018706409145894352 0 0 -0.00013626940009529672 -2.8808437308970469e-06 0 0 0 0 0 0.00028801857768450886 6.8499472217808893e-06 -2.7390968715197136e-05 6.5538975352494701e-05 0 -1.2281233525860423e-05 0 0 7.9056522823143594e-05
leaf_weight=800 93 50 86 189 107 80 125 59 107 11304 183 51 393 91 61 559 1948 436 126 150 90 52 55 379 53 97 193 319 79 187
leaf_count=800 93 50 86 189 107 80 125 59 107 11304 183 51 393 91 61 559 1948 436 126 150 90 52 55 379 53 97 193 319 79 187
internal_value=0 -1.08327e-05 -2.15274e-05 -3.61429e-05 -7.31592e-05 3.52824e-07 1.91728e-05 5.31554e-05 0 5.04864e-07 5.17748e-06 5.35145e-05 -1.07043e-06 -2.40242e-05 -7.08228e-05 2.59122e-06 6.68995e-06 1.48258e-05 2.88606e-05 5.28019e-05 7.58879e-05 0.000121541 0.000191191 -8.55115e-06 0 0 8.49918e-06 2.17099e-05 3.97559e-05 5.43361e-05
internal_weight=18502 525 475 382 193 17977 264 139 17713 16913 5064 158 11849 545 152 4906 3915 1967 909 473 323 197 107 991 612 1058 875 682 363 284
internal_count=18502 525 475 382 193 17977 264 139 17713 16913 5064 158 11849 545 152 4906 3915 1967 909 473 323 197 107 991 612 1058 875 682 363 284
is_linear=0
shrinkage=0.05


Tree=198
num_leaves=31
num_cat=0
split_feature=102 81 105 134 114 134 52 142 19 15 3 25 41 98 36 33 141 30 85 19 128 119 19 103 1 115 93 31 118 89
split_gain=3.36597e-05 8.24495e-05 5.48744e-05 4.37397e-05 3.70546e-05 7.0154e-05 9.14031e-05 0.000129256 0.000145235 0.000166229 0.000155612 0.000106546 5.3651e-05 4.19725e-05 3.68467e-05 5.98664e-05 3.68242e-05 3.19075e-05 1.85857e-05 0.000270886 4.22722e-05 0.000138754 4.1579e-05 8.84449e-05 0.00021433 3.11193e-05 6.55083e-05 0.00012137 8.64716e-05 5.66529e-05
threshold=1.2000000000000022 51.250000000000007 18.500000000000004 3.5950000000000002 22.750000000000004 10.980000000000002 17.500000000000004 763.23308850658384 -0.00678285714285714 0.00031979166666666674 0.00033740150000000004 27.500000000000004 57.500000000000007 0.2999999999999981 264.00923535000004 0.41019142482146448 36.010000000000012 -2.091428571428573 277.2569534000001 -0.0068257142857142761 9.097003685069156 7.2500000000000009 -0.0059928571428571427 2013.1500000000003 0.0022562725000000003 14.550000000000002 271.91772055000007 18.350000000000005 28.250000000000004 38.250000000000007
decision_type=2 2 2 2 2 2 2 2 2 2 2 2 2 2 2 2 2 2 2 2 2 8 2 2 2 2 2 2 10 2
left_child=1 3 17 14 -2 6 7 8 -6 12 -11 16 13 -10 -1 -16 -12 -3 22 -20 -21 -22 23 24 -5 29 27 28 -27 -23
right_child=4 2 -4 18 5 -7 -8 -9 9 10 11 -13 -14 -15 15 -17 -18 -19 19 20 21 25 -24 -25 -26 26 -28 -29 -30 -31
leaf_value=0 0 0 0 -0.00010517994934325077 0 0 0 0 0 0 0.00013928132343531 0 0 4.7989541649864498e-05 -4.2069075839779674e-05 0 0 -6.5632352257346364e-05 0.00010376932213474182 -1.754919214798457e-05 7.5857285571356237e-05 0 1.4168608010432737e-07 0 0 6.9276047369097989e-05 0 0 0 -2.6226318555821251e-05
leaf_weight=162 2721 87 120 77 125 769 560 119 53 72 123 50 196 104 198 57 69 102 66 254 64 315 10110 784 375 151 142 129 97 251
leaf_count=162 2721 87 120 77 125 769 560 119 53 72 123 50 196 104 198 57 69 102 66 254 64 315 10110 784 375 151 142 129 97 251
internal_value=0 -1.26484e-06 -2.70441e-05 -2.82986e-07 3.54861e-06 8.31983e-06 1.49843e-05 2.47579e-05 3.3353e-05 4.31756e-05 7.25512e-05 9.17836e-05 2.79003e-06 2.94338e-05 -1.62523e-05 -2.81268e-05 0.000109484 -4.37646e-05 0 5.48633e-06 0 4.85861e-06 -4.42074e-07 -9.25529e-06 -2.68704e-05 0 9.41562e-06 2.3563e-05 4.54029e-05 -7.47698e-06
internal_weight=18502 13541 309 13232 4961 2240 1471 911 792 667 314 242 353 157 417 255 192 189 12815 1469 1403 1149 11346 1236 452 1085 519 377 248 566
internal_count=18502 13541 309 13232 4961 2240 1471 911 792 667 314 242 353 157 417 255 192 189 12815 1469 1403 1149 11346 1236 452 1085 519 377 248 566
is_linear=0
shrinkage=0.05


Tree=199
num_leaves=31
num_cat=0
split_feature=102 81 105 136 114 107 33 81 48 128 123 15 30 114 85 19 136 92 64 52 99 119 18 0 82 77 97 89 45 0
split_gain=3.00918e-05 7.58359e-05 5.04883e-05 4.71129e-05 5.95983e-05 0.000107186 0.000119228 0.000155067 0.00022645 0.000302207 0.000250224 3.29347e-05 2.63967e-05 2.57514e-05 2.37296e-05 0.000315738 5.79549e-05 0.000120426 8.19797e-05 4.64795e-05 0.000121267 0.000465092 3.36124e-05 3.77873e-05 3.2139e-05 4.45266e-05 4.25649e-05 3.27248e-05 2.94677e-05 3.32128e-05
threshold=1.2000000000000022 51.250000000000007 18.500000000000004 1.3900000000000003 22.750000000000004 11.850000000000003 0.99213008986555595 33.050000000000004 99.500000000000014 10.210190536148174 1.0000000180025095e-35 0.0055093750000000013 -1.9985714285714289 20.050000000000004 277.2569534000001 -0.0068257142857142761 0.12500000000000003 2.5500000000000012 213.50000000000006 109.50000000000001 -0.1999999999999886 10.15 0.00067500000000000014 0.00045000000000000004 19.182000000000006 279.44571690000004 -2.4999999999999973 35.050000000000004 90.500000000000014 0.026950000000000005
decision_type=2 2 2 2 2 2 2 2 2 2 2 2 2 2 2 2 2 2 2 2 2 8 2 2 2 2 2 2 2 2
left_child=1 11 12 4 -2 6 7 -6 9 10 -9 14 -3 -13 16 -16 17 -1 22 20 -17 -22 -19 -24 25 -21 -27 -28 -25 -30
right_child=3 2 -4 -5 5 -7 -8 8 -10 -11 -12 13 -14 -15 15 19 -18 18 -20 24 21 -23 23 28 -26 26 27 -29 29 -31
leaf_value=0 0 0 0 -5.0653226105019374e-06 0 0 0 0.0001918756307638652 0 0 0 0 -6.7907810522626079e-05 -2.2003580927041009e-05 0.00011776426545924044 0 5.2931062772777184e-07 0 0 0 0.00015569977967855281 0 0 0 0 0 0 -6.4652225093482228e-05 -6.5056258505847948e-05 0
leaf_weight=1037 2283 103 120 761 186 1141 106 86 244 99 55 304 86 304 60 639 9514 62 146 76 62 158 60 51 231 50 69 103 232 74
leaf_count=1037 2283 103 120 761 186 1141 106 86 244 99 55 304 86 304 60 639 9514 62 146 76 62 158 60 51 231 50 69 103 232 74
internal_value=0 -1.22582e-06 -2.59643e-05 3.32569e-06 6.0371e-06 1.25504e-05 2.70866e-05 3.59695e-05 5.08851e-05 8.69477e-05 0.000134726 -2.68356e-07 -4.20029e-05 -1.16946e-05 0 6.25155e-06 -4.90974e-07 -9.33494e-06 -2.66914e-05 0 8.44794e-06 4.06142e-05 -3.68253e-05 -4.19318e-05 -1.01705e-05 -2.1262e-05 -3.32463e-05 -4.5165e-05 -4.81336e-05 -5.42373e-05
internal_weight=18502 13541 309 4961 4200 1917 776 670 484 240 141 13232 189 608 12624 1448 11176 1662 625 1388 859 220 479 417 529 298 222 172 357 306
internal_count=18502 13541 309 4961 4200 1917 776 670 484 240 141 13232 189 608 12624 1448 11176 1662 625 1388 859 220 479 417 529 298 222 172 357 306
is_linear=0
shrinkage=0.05


Tree=200
num_leaves=31
num_cat=0
split_feature=74 75 115 83 104 128 141 17 15 91 128 121 4 131 82 112 2 35 138 86 133 44 131 28 92 34 43 3 92 75
split_gain=3.51462e-05 6.60378e-05 0.000905817 8.68896e-05 6.54807e-05 0.000103378 8.09401e-05 0.000102689 4.92248e-05 6.59739e-05 4.87696e-05 0.000395707 0.000752504 0.000798314 0.000166641 8.39177e-05 0.000110749 0.000100519 6.49857e-05 4.70653e-05 0.000126445 0.000182268 0.000125573 0.00026093 0.000114566 9.00412e-05 5.68976e-05 7.06951e-05 4.56922e-05 7.00998e-05
threshold=10.050000000000002 7.3500000000000005 15.250000000000002 36.250000000000007 0.8500000000000002 10.217659402031193 22.060000000000006 0.0046500000000000005 0.0001510416666666667 18.750000000000004 9.5821574907389007 1.0000000180025095e-35 0.0012481850000000004 50.928189353158515 27.282 286.65612105000008 2.4200000000000002e-05 280.75130810000002 9.6000000000000032 5.5000000000000009 86.075000000000017 1172.5000000000002 39.184882750482181 32.150000000000006 3.7500000000000013 -0.35593221778234496 0.42050000000000004 0.0030458220000000005 8.4500000000000046 20.650000000000002
decision_type=2 2 2 2 2 2 2 2 2 2 2 10 2 2 2 2 2 2 2 2 2 2 2 2 2 2 2 2 2 2
left_child=4 2 -2 10 5 6 -1 -8 -9 -10 11 15 18 -14 -15 19 -17 -18 -13 20 24 -22 23 25 -3 -21 27 -26 -24 -30
right_child=1 3 -4 -5 -6 -7 7 8 9 -11 -12 12 13 14 -16 16 17 -19 -20 22 21 -23 28 -25 26 -27 -28 -29 29 -31
leaf_value=0 0 0 0.00021686178379625817 -6.2451633409761018e-05 0 0 0 0 0 -9.006928522699039e-05 -1.0652764961802737e-06 0 0.00029922442058820956 8.2008976514523667e-05 0 0 0 -6.326084464681465e-05 5.6440897939918447e-05 0.00014115747806968238 0.00011882817613784972 0 1.3433050111731047e-05 0 0 0 0 -5.3802030831875645e-05 -3.8889233736064181e-05 0
leaf_weight=72 876 1887 51 54 1686 302 116 61 74 152 10436 507 54 69 73 331 50 182 50 65 50 67 279 109 126 51 50 226 157 96
leaf_count=72 876 1887 51 54 1686 302 116 61 74 152 10436 507 54 69 73 331 50 182 50 65 50 67 279 109 126 51 50 226 157 96
internal_value=0 9.99249e-07 1.39645e-05 0 -5.40534e-06 -1.74054e-05 -3.22197e-05 -4.15209e-05 -5.75305e-05 -6.88571e-05 4.26442e-07 5.01766e-06 3.82227e-05 0.00012305 1.94651e-05 -3.59764e-07 -1.90271e-05 -4.54381e-05 0 1.38762e-06 -1.21963e-07 4.73409e-05 1.27757e-05 4.40058e-05 -4.751e-06 9.65196e-05 -2.8965e-05 -3.68885e-05 0 -1.58369e-05
internal_weight=18359 15896 927 14969 2463 777 475 403 287 226 14915 4479 753 196 142 3726 563 232 557 3163 2406 117 757 225 2289 116 402 352 532 253
internal_count=18359 15896 927 14969 2463 777 475 403 287 226 14915 4479 753 196 142 3726 563 232 557 3163 2406 117 757 225 2289 116 402 352 532 253
is_linear=0
shrinkage=0.05


Tree=201
num_leaves=31
num_cat=0
split_feature=74 75 115 83 104 128 141 17 128 121 4 43 81 91 133 86 133 44 45 138 80 133 138 91 136 33 43 122 86 114
split_gain=3.18574e-05 6.03966e-05 0.000818276 7.86279e-05 5.90741e-05 9.54182e-05 7.59168e-05 9.41086e-05 4.56391e-05 0.000361429 0.000684403 0.000789305 0.000339062 7.48908e-05 0.000138767 0.000128726 0.000158943 0.000176678 0.000101619 9.72337e-05 7.98764e-05 0.000105034 5.87707e-05 3.7947e-05 4.67401e-05 3.67995e-05 5.60741e-05 4.22986e-05 4.3005e-05 3.60461e-05
threshold=10.050000000000002 7.3500000000000005 15.250000000000002 36.250000000000007 0.8500000000000002 10.217659402031193 22.060000000000006 0.0046500000000000005 9.5821574907389007 1.0000000180025095e-35 0.0012481850000000004 0.35350000000000004 47.750000000000007 16.050000000000004 32.930000000000007 5.5000000000000009 86.075000000000017 1222.5000000000002 64.500000000000014 5.3500000000000005 28.987500000000008 80.660000000000011 9.6000000000000032 18.750000000000004 0.91000000000000014 0.77971218103835149 0.35450000000000004 21.500000000000004 11.500000000000002 31.250000000000004
decision_type=2 2 2 2 2 2 2 2 2 10 2 2 2 2 2 2 2 2 2 2 2 2 2 2 2 2 2 2 2 2
left_child=4 2 -2 8 5 6 -1 -8 9 13 22 12 -12 15 -15 16 20 -18 -16 -20 -3 -22 -11 -9 -25 29 27 28 -27 -10
right_child=1 3 -4 -5 -6 -7 7 23 25 10 11 -13 -14 14 18 -17 17 -19 19 -21 21 -23 -24 24 -26 26 -28 -29 -30 -31
leaf_value=0 0 0 0.0002062272138629431 -5.938582676820012e-05 0 0 0 0 -8.5183858091759706e-07 0 -1.6558876300592057e-05 0.00027275089980407976 0.00011600100186349722 0 0 7.3774139974462646e-05 0.0001281451550971278 0 -5.0024844739083643e-05 0 0 -9.0209156295985163e-05 5.3674182475815004e-05 -8.6614270712869216e-05 0 -2.4402319375360876e-05 0 0 0 9.7897570166362164e-06
leaf_weight=72 876 1129 51 54 1686 302 116 82 8092 507 73 62 61 1444 146 72 50 50 381 347 51 56 50 144 61 765 337 133 231 878
leaf_count=72 876 1129 51 54 1686 302 116 82 8092 507 73 62 61 1444 146 72 50 50 381 347 51 56 50 144 61 765 337 133 231 878
internal_value=0 9.66868e-07 1.33686e-05 0 -5.12753e-06 -1.65256e-05 -3.07816e-05 -3.98265e-05 4.17701e-07 4.86448e-06 3.65889e-05 0.000117513 7.16078e-06 -2.13347e-07 -6.9465e-06 7.31993e-06 0 6.25993e-05 -2.2899e-05 -3.12709e-05 -1.12713e-06 -4.31688e-05 0 -5.51537e-05 -6.86536e-05 -1.01202e-06 -8.36653e-06 -1.46606e-05 -1.86994e-05 0
internal_weight=18359 15896 927 14969 2463 777 475 403 14915 4479 753 196 134 3726 2318 1408 1336 100 874 728 1236 107 557 287 205 10436 1466 1129 996 8970
internal_count=18359 15896 927 14969 2463 777 475 403 14915 4479 753 196 134 3726 2318 1408 1336 100 874 728 1236 107 557 287 205 10436 1466 1129 996 8970
is_linear=0
shrinkage=0.05


Tree=202
num_leaves=31
num_cat=0
split_feature=74 75 115 83 128 3 128 121 4 90 112 134 56 16 86 128 133 44 92 43 9 122 21 32 101 4 118 4 55 15
split_gain=2.92311e-05 5.50229e-05 0.000739148 7.12633e-05 5.21355e-05 7.27284e-05 4.24089e-05 0.000327465 0.000616374 0.000717617 7.13198e-05 0.000105801 0.000205079 4.96579e-05 4.40899e-05 0.000115022 0.000102068 0.000152032 9.91178e-05 5.2785e-05 6.94831e-05 4.34507e-05 0.000179852 0.000173693 3.90418e-05 3.47954e-05 6.49577e-05 6.15404e-05 5.04542e-05 8.25349e-05
threshold=10.050000000000002 7.3500000000000005 15.250000000000002 36.250000000000007 9.5357155484215177 0.094158592000000013 9.5821574907389007 1.0000000180025095e-35 0.0012481850000000004 26.860204081632656 286.65612105000008 6.5300000000000002 9.3023276000000141 3.1500000000000008 5.5000000000000009 8.6650084909416858 86.075000000000017 1172.5000000000002 3.7500000000000013 0.42050000000000004 0.34875000000000006 12.500000000000002 0.46527777777777785 8.9500000000000011 1.3672082500000331 0.0050668715000000012 23.750000000000004 0.0022618450000000006 -0.9554154499999753 0.0003020833333333334
decision_type=2 2 2 2 2 2 2 10 2 2 2 2 2 2 2 2 2 2 2 2 2 2 2 2 2 2 10 2 2 2
left_child=4 2 -2 6 5 -1 7 10 21 -10 14 12 13 -12 16 -16 18 -18 -3 20 -20 -9 23 -23 -17 27 -27 -8 -29 -30
right_child=1 3 -4 -5 -6 -7 25 8 9 -11 11 -13 -14 -15 15 24 17 -19 19 -21 -22 22 -24 -25 -26 26 -28 28 29 -31
leaf_value=-1.6060414517836515e-06 0 0 0.00019611415224762122 -5.647052149420646e-05 0 -6.2990208256138359e-05 -1.1296281066343638e-06 -1.144265517969397e-06 0 0.00020623724120760018 -0.00010683028189218253 0 0 0 6.940540977991206e-05 0 0.00010787383326398378 0 0 0 -5.4418622892318759e-05 0 0 0.00013553906275273286 3.3303789367923026e-05 0 -2.1855862204605905e-05 0 0 3.0774514449121622e-05
leaf_weight=659 876 1887 51 54 1712 92 7052 353 97 99 93 317 103 50 83 587 50 67 152 50 200 52 99 53 87 1695 540 389 257 503
leaf_count=659 876 1887 51 54 1712 92 7052 353 97 99 93 317 103 50 83 587 50 67 152 50 200 52 99 53 87 1695 540 389 257 503
internal_value=0 9.56128e-07 1.2802e-05 0 -4.87444e-06 -1.58485e-05 4.30761e-07 4.71861e-06 3.49004e-05 0.000111732 -4.70985e-08 -1.74353e-05 -4.20118e-05 -8.11656e-05 1.47218e-06 1.24283e-05 0 4.25257e-05 -4.27104e-06 -2.68054e-05 -3.45563e-05 0 2.29701e-05 7.2541e-05 0 -9.30742e-07 -6.55341e-06 0 1.12231e-05 1.88704e-05
internal_weight=18359 15896 927 14969 2463 751 14915 4479 753 196 3726 563 246 143 3163 757 2406 117 2289 402 352 557 204 105 674 10436 2235 8201 1149 760
internal_count=18359 15896 927 14969 2463 751 14915 4479 753 196 3726 563 246 143 3163 757 2406 117 2289 402 352 557 204 105 674 10436 2235 8201 1149 760
is_linear=0
shrinkage=0.05


Tree=203
num_leaves=31
num_cat=0
split_feature=112 30 91 94 2 128 118 90 87 2 32 92 112 138 90 65 89 133 137 112 0 135 6 115 118 0 129 42 89 7
split_gain=2.73859e-05 0.000185969 0.000302353 4.41386e-05 0.00016691 0.000201871 0.000196717 9.807e-05 8.64521e-05 0.000737731 8.52133e-05 7.1271e-05 0.000517418 0.000107012 9.12651e-05 6.09931e-05 5.09386e-05 8.40393e-05 0.000186469 5.41731e-05 9.25651e-05 6.38231e-05 5.16932e-05 5.10216e-05 0.000100732 9.4804e-05 3.02344e-05 2.71309e-05 4.49513e-05 0.000265123
threshold=293.46440685000005 -1.7557142857142856 19.750000000000004 22.500000000000004 0.0010573005000000001 10.109993462490548 32.550000000000004 31.237755102040818 1.5000000000000002 0.0031384280000000004 3.8500000000000001 10.350000000000003 278.52778200000006 6.8450000000000015 26.594897959183676 32.250000000000007 46.45000000000001 24.840000000000007 0.56500000000000006 289.88963110000003 0.033800000000000004 29.350000000000005 0.00039027777777777786 18.050000000000004 26.150000000000002 0.0043000000000000009 3.5000000000000004 0.68500000000000016 37.550000000000004 0.25215000000000004
decision_type=2 2 2 2 2 2 10 2 2 2 2 2 2 2 2 2 2 2 2 2 2 2 2 2 10 2 2 2 2 2
left_child=3 2 -2 8 10 6 7 -6 16 11 -5 12 -10 14 -13 -16 19 -18 -19 23 21 -21 -20 27 25 -25 -12 28 -1 -30
right_child=1 -3 -4 4 5 -7 -8 -9 9 -11 26 13 -14 -15 15 -17 17 18 22 20 -22 -23 -24 24 -26 -27 -28 -29 29 -31
leaf_value=-7.6741116617936101e-08 0.00013582801456336248 -6.8176129032788319e-06 0 5.4459836917878697e-05 -0.0001304400380090206 0 0 0 0 0.00014569216337194938 -1.2459918983998771e-05 0 0.00013382022642538605 0 -7.1744474200890858e-05 0 0 0 0 -5.0644246901914683e-05 0 0 -0.00010950215883358629 7.2151426568476987e-05 0 0 0 -7.9933356147217686e-06 2.2593096401387389e-06 0.00011855455572036919
leaf_weight=10350 68 324 317 67 103 110 53 71 270 96 559 103 78 282 136 63 434 106 55 201 109 124 77 119 114 178 650 920 2168 54
leaf_count=10350 68 324 317 67 103 110 53 71 270 96 559 103 78 282 136 63 434 106 55 201 109 124 77 119 114 178 650 920 2168 54
internal_value=0 9.73591e-06 3.66016e-05 -2.56957e-07 -8.27799e-06 -3.95191e-05 -6.72959e-05 -9.33303e-05 2.38504e-07 1.44419e-05 0 0 1.86336e-05 -9.87108e-06 -3.2727e-05 -5.25687e-05 -4.02101e-07 -1.38863e-05 -3.77102e-05 0 -1.70952e-05 -3.31635e-05 -7.78491e-05 7.72895e-07 1.81592e-05 3.6069e-05 -3.06323e-06 0 8.45192e-07 7.38684e-06
internal_weight=18359 709 385 17650 1613 337 227 174 16037 1028 1276 932 348 584 302 199 15009 672 238 14337 434 325 132 13903 411 297 1209 13492 12572 2222
internal_count=18359 709 385 17650 1613 337 227 174 16037 1028 1276 932 348 584 302 199 15009 672 238 14337 434 325 132 13903 411 297 1209 13492 12572 2222
is_linear=0
shrinkage=0.05


Tree=204
num_leaves=31
num_cat=0
split_feature=74 75 142 83 85 16 92 13 119 103 15 8 14 56 88 99 134 19 89 7 14 118 132 77 90 29 83 7 160 44
split_gain=2.66959e-05 5.34382e-05 0.000175524 6.69428e-05 5.79187e-05 0.000402322 0.00108468 0.000110713 0.00023273 0.000210113 9.95007e-05 9.75122e-05 8.02997e-05 0.000122206 0.000145375 0.000165613 7.98909e-05 5.91119e-05 0.000146715 0.000316505 8.25541e-05 0.000180204 0.000217295 0.000636066 7.32266e-05 0.000195423 8.9376e-05 9.51625e-05 6.59121e-05 7.47251e-05
threshold=10.050000000000002 5.2500000000000009 582.05391141393363 36.250000000000007 277.2569534000001 0.075000000000000025 11.950000000000005 0.0010833123541666668 7.2500000000000009 863.05000000000007 0.00021145833333333338 0.0090969123658166586 0.0030538430000000001 -0.78695319999999913 30.137500000000006 -2.0499999999999541 17.080000000000002 -0.0026485714285714285 47.750000000000007 0.047850000000000011 0.020602420000000007 8.1500000000000004 1.5000000000000002 269.09881705000004 32.996938775510209 47.350000000000009 15.250000000000002 0.0096000000000000026 0.083882189239332119 307.50000000000006
decision_type=2 2 2 2 2 2 2 2 8 2 2 2 2 2 2 2 2 2 2 2 2 10 2 2 2 2 2 2 2 2
left_child=-1 2 -2 4 17 6 -6 8 -7 11 -10 -9 -12 14 -14 -16 -11 18 -3 -20 24 -22 23 -23 26 -26 -19 -28 -29 -30
right_child=1 3 -4 -5 5 7 -8 9 10 16 12 -13 13 -15 15 -17 -18 20 19 -21 21 22 -24 -25 25 -27 27 28 29 -31
leaf_value=-4.6958127417308136e-06 0.00010695394071476852 -5.129692596879288e-07 0 -5.3690145991739967e-05 0.000275557962972123 0.00011589809704606455 0 0 -1.2305697295794557e-05 -4.5067541541485653e-05 0 7.7814746790168371e-05 0 0 0 9.2881414861816498e-05 0 4.1067478533541181e-06 -0.00015555727103931549 -4.6880145621838013e-07 -5.765954901776072e-06 0 1.0098572375333804e-05 0.00018663719769056002 0.0001128066849895941 0 4.4016234637905342e-07 0 0 -2.2157749024406482e-05
leaf_weight=2463 50 2769 78 54 50 53 78 58 398 388 218 50 56 166 115 170 50 3701 52 312 567 67 1095 76 51 68 2032 1394 133 1547
leaf_count=2463 50 2769 78 54 50 53 78 58 398 388 218 50 56 166 115 170 50 3701 52 312 567 67 1095 76 51 68 2032 1394 133 1547
internal_value=0 8.83433e-07 3.34787e-05 2.9965e-07 8.06754e-07 9.15161e-06 9.48614e-05 0 1.1163e-05 -1.54229e-05 1.67292e-06 2.44258e-05 1.62401e-05 2.77867e-05 4.51683e-05 6.09131e-05 -3.66714e-05 0 -6.3217e-06 -3.66884e-05 1.449e-06 1.12585e-05 2.30895e-05 8.70827e-05 0 3.7987e-05 -1.06047e-06 -5.78496e-06 -1.15248e-05 -1.84659e-05
internal_weight=18359 15896 128 15768 15714 1850 128 1722 1176 546 1123 108 725 507 341 285 438 13864 3133 364 10731 1805 1238 143 8926 119 8807 5106 3074 1680
internal_count=18359 15896 128 15768 15714 1850 128 1722 1176 546 1123 108 725 507 341 285 438 13864 3133 364 10731 1805 1238 143 8926 119 8807 5106 3074 1680
is_linear=0
shrinkage=0.05


Tree=205
num_leaves=31
num_cat=0
split_feature=85 132 118 49 19 96 114 97 128 83 142 141 85 114 50 3 119 128 96 84 14 7 50 100 120 47 67 36 94 29
split_gain=8.65735e-05 0.000168256 0.000178173 0.000120545 0.000131239 0.000196384 8.63938e-05 0.000100911 0.000169417 9.69468e-05 4.06157e-05 4.62252e-05 9.39595e-05 0.000129079 0.000106481 9.15802e-05 5.27057e-05 5.10867e-05 6.61136e-05 5.01586e-05 0.000130738 0.000458245 0.000568697 0.000382296 0.000487659 0.000508992 0.000615982 0.000428365 0.000492468 9.27047e-05
threshold=279.68915700000008 3.5000000000000004 28.750000000000004 963.85000000000002 -6.5714285714285687e-05 36.187500000000007 38.95000000000001 1.0000000000000011 9.5982079090713466 35.800000000000004 779.97322007526816 37.625000000000007 278.1752831500001 18.650000000000002 1024.4500000000003 1.0000000180025095e-35 12.250000000000002 11.897186550247174 35.13750000000001 1.2500000000000004 0.015212125500000001 0.060850000000000008 998.45000000000016 -6.599999999999965 276.67629750000009 1.5000000000000002 18.250000000000004 267.92967345000005 11.500000000000002 37.900000000000013
decision_type=2 2 10 2 2 2 2 2 2 2 2 2 2 2 2 2 10 2 2 2 2 2 2 2 8 2 2 2 2 2
left_child=6 3 -3 -2 5 -5 9 8 -8 10 11 19 13 -13 15 -15 -14 18 -17 -1 -21 22 29 -24 25 -25 27 -27 -29 -22
right_child=1 2 -4 4 -6 -7 7 -9 -10 -11 -12 12 16 14 -16 17 -18 -19 -20 20 21 -23 23 24 -26 26 -28 28 -30 -31
leaf_value=0 0 -9.8888533448378596e-07 8.1546162568951893e-05 0 0 -0.00013784518544457326 -8.882898044053686e-05 0 0 6.4544683064317115e-05 -7.7120082735028562e-06 0 0 0 0 -6.4918535694223485e-06 6.4102155900165543e-05 0 -5.7990803083376335e-05 0 -4.9654316581604399e-05 0 0 0 0 0 0 0.00036728001164983777 1.6568598504961172e-05 0
leaf_weight=8305 208 191 66 57 184 92 111 322 227 59 1353 1477 71 132 128 400 61 61 371 2575 93 1317 53 62 71 51 72 76 50 71
leaf_count=8305 208 191 66 57 184 92 111 322 227 59 1353 1477 71 132 128 400 61 61 371 2575 93 1317 53 62 71 51 72 76 50 71
internal_value=-7.34826e-07 -1.68313e-05 1.06096e-06 -3.45424e-05 -5.32777e-05 -9.22374e-05 0 -1.77359e-05 -3.68447e-05 6.90382e-07 1.66262e-07 1.17717e-06 -4.08814e-06 -7.81742e-06 -2.09508e-05 -2.78032e-05 3.04106e-05 -3.42105e-05 -3.77925e-05 2.67953e-06 6.95484e-06 1.68476e-05 5.30681e-05 8.44773e-05 0.00010305 0.000130167 0.000161973 0.000213305 0.000268705 0
internal_weight=18367 798 257 541 333 149 17569 660 338 16909 16850 15497 2701 2569 1092 964 132 832 771 12796 4491 1916 599 435 382 311 249 177 126 164
internal_count=18367 798 257 541 333 149 17569 660 338 16909 16850 15497 2701 2569 1092 964 132 832 771 12796 4491 1916 599 435 382 311 249 177 126 164
is_linear=0
shrinkage=0.05


Tree=206
num_leaves=31
num_cat=0
split_feature=85 4 126 44 36 51 114 97 128 83 18 100 82 128 7 50 101 28 85 128 86 83 104 136 123 114 131 111 9 115
split_gain=8.21694e-05 0.000178607 0.000296763 9.82617e-05 0.00010531 8.52685e-05 7.96209e-05 9.35142e-05 0.000149496 8.73274e-05 5.48002e-05 3.67168e-05 5.96399e-05 0.000223068 0.000100883 0.000108469 9.71957e-05 9.63108e-05 0.000242882 0.000157541 7.07028e-05 7.52617e-05 0.000128633 0.000151054 0.000207032 0.000115514 9.99559e-05 0.000135319 6.70359e-05 6.2369e-05
threshold=279.68915700000008 9.5050000000000013e-06 20.500000000000004 417.50000000000006 271.0131439000001 582.50000000000011 38.95000000000001 1.0000000000000011 9.5982079090713466 35.800000000000004 0.0035354166666666672 -6.6499999999999764 28.013999999999999 8.3426492917905879 0.034150000000000007 1002.2500000000001 1.6669871999999659 31.850000000000005 276.3776464500001 9.6979689571023027 6.5000000000000009 18.250000000000004 2.7500000000000009 1.9700000000000002 0.25881904510252091 35.850000000000001 391.44514204900184 13.550000000000002 0.13881944444444447 13.350000000000003
decision_type=2 2 2 2 2 2 2 2 2 2 2 2 2 2 2 2 2 2 2 2 2 2 2 2 2 2 2 2 2 2
left_child=6 3 -3 -2 -5 -6 9 8 -8 11 -4 -1 20 -14 -15 -16 17 18 19 -17 21 29 23 24 25 26 27 -23 -22 -13
right_child=1 2 10 4 5 -7 7 -9 -10 -11 -12 12 13 14 15 16 -18 -19 -20 -21 28 22 -24 -25 -26 -27 -28 -29 -30 -31
leaf_value=-9.7068107231440388e-06 0 9.3677405136848485e-05 0 0 -9.0987272200066254e-05 0 -8.4427187553371498e-05 0 0 6.1371236514484422e-05 -3.304611722727286e-05 2.0972337009514191e-07 0.00011269253550751643 -4.6413437874924028e-06 0 0.00019171576810913393 0 0 0 0 0 0.0001017252628979685 0 0 0 0 0 0 -2.0728266587416424e-05 -1.3170203747710024e-05
leaf_weight=810 113 78 133 74 166 65 111 322 227 59 169 9283 53 1096 788 54 313 172 94 63 442 220 1299 99 199 53 67 52 783 910
leaf_count=810 113 78 133 74 166 65 111 322 227 59 169 9283 53 1096 788 54 313 172 94 63 442 220 1299 99 199 53 67 52 783 910
internal_value=-6.80242e-07 -1.63627e-05 0 -3.97017e-05 -5.44159e-05 -7.09957e-05 0 -1.699e-05 -3.53904e-05 6.98375e-07 -1.26709e-05 1.85583e-07 9.97412e-07 7.91608e-06 3.78363e-06 1.33718e-05 2.77491e-05 4.50603e-05 6.93794e-05 0.000117447 0 7.84209e-07 9.85176e-06 2.72929e-05 3.88248e-05 5.98969e-05 7.06842e-05 8.44855e-05 -1.175e-05 -4.95486e-07
internal_weight=18367 798 380 418 305 231 17569 660 338 16909 302 16850 16040 2633 2580 1484 696 383 211 117 13407 12182 1989 690 591 392 339 272 1225 10193
internal_count=18367 798 380 418 305 231 17569 660 338 16909 302 16850 16040 2633 2580 1484 696 383 211 117 13407 12182 1989 690 591 392 339 272 1225 10193
is_linear=0
shrinkage=0.05


Tree=207
num_leaves=31
num_cat=0
split_feature=85 4 126 44 36 52 114 97 128 83 18 142 92 131 141 85 114 50 18 84 83 128 112 105 84 134 100 43 10 11
split_gain=7.41485e-05 0.0001637 0.000267332 8.95731e-05 9.5531e-05 7.506e-05 7.32987e-05 8.67429e-05 0.000131639 7.87472e-05 5.0329e-05 3.69811e-05 4.17769e-05 4.51387e-05 4.03995e-05 8.38538e-05 0.000115654 9.95777e-05 7.364e-05 5.27372e-05 4.99993e-05 5.29602e-05 6.38887e-05 4.7154e-05 6.84956e-05 0.000111932 0.000193337 0.00012644 0.000211652 0.000965509
threshold=279.68915700000008 9.5050000000000013e-06 20.500000000000004 417.50000000000006 271.0131439000001 312.50000000000006 38.95000000000001 1.0000000000000011 9.5982079090713466 35.800000000000004 0.0035354166666666672 779.97322007526816 7.7500000000000018 106.03283567291717 37.625000000000007 278.1752831500001 18.650000000000002 1024.4500000000003 6.8750000000000004e-05 19.850000000000005 13.750000000000002 11.601764753382614 294.54959610000009 8.5000000000000018 1.2500000000000004 12.215000000000002 -6.599999999999965 0.39850000000000008 11.035000000000002 0.0013074835208333334
decision_type=2 2 2 2 2 2 2 2 2 2 2 2 2 2 2 2 2 2 2 2 2 2 2 2 2 2 2 2 2 2
left_child=6 3 -3 -2 -5 -6 9 8 -8 11 -4 14 -13 -14 23 16 -16 18 -18 20 -20 22 -22 -1 -25 26 -26 28 29 -28
right_child=1 2 10 4 5 -7 7 -9 -10 -11 -12 12 13 -15 15 -17 17 -19 19 -21 21 -23 -24 24 25 -27 27 -29 -30 -31
leaf_value=-5.7328032874135343e-06 0 8.9052829232485562e-05 0 0 -9.2296701758561158e-05 0 -8.024351899004095e-05 0 0 5.8353810386809824e-05 -3.1403530506769825e-05 0 -2.8671026279932281e-05 0 0 2.8646244214008706e-05 0 0 0 0 -5.0930102712007236e-05 0 0 2.8271540746829153e-07 -8.6845228242282248e-06 0 0 0 0 0.00010936618727425609
leaf_weight=1088 113 78 133 74 146 85 111 322 227 59 169 802 351 200 1477 132 124 128 66 89 542 80 63 7637 399 1472 662 451 726 361
leaf_count=1088 113 78 133 74 146 85 111 322 227 59 169 802 351 200 1477 132 124 128 66 89 542 80 63 7637 399 1472 662 451 726 361
internal_value=-6.26766e-07 -1.55253e-05 0 -3.78994e-05 -5.1948e-05 -6.77405e-05 0 -1.62811e-05 -3.40082e-05 6.89185e-07 -1.17493e-05 1.87104e-07 -7.29545e-06 -1.78818e-05 1.16344e-06 -3.69239e-06 -7.31003e-06 -1.9753e-05 -2.64558e-05 -3.19689e-05 -3.63083e-05 -4.03402e-05 -4.53944e-05 2.57934e-06 3.77921e-06 9.10889e-06 1.54134e-05 2.20576e-05 2.81523e-05 4.32572e-05
internal_weight=18367 798 380 418 305 231 17569 660 338 16909 302 16850 1353 551 15497 2701 2569 1092 964 840 751 685 605 12796 11708 4071 2599 2200 1749 1023
internal_count=18367 798 380 418 305 231 17569 660 338 16909 302 16850 1353 551 15497 2701 2569 1092 964 840 751 685 605 12796 11708 4071 2599 2200 1749 1023
is_linear=0
shrinkage=0.05


Tree=208
num_leaves=31
num_cat=0
split_feature=85 4 126 22 28 88 114 73 134 83 13 142 92 142 141 85 114 0 92 91 110 118 140 14 43 100 7 84 34 6
split_gain=6.74358e-05 0.00015088 0.000240799 8.27448e-05 0.000137482 7.17637e-05 6.7577e-05 8.68476e-05 9.59168e-05 7.09645e-05 4.59337e-05 3.37309e-05 3.76241e-05 4.11189e-05 3.44162e-05 8.54722e-05 7.54325e-05 4.83986e-05 5.40546e-05 7.93016e-05 3.77061e-05 4.37992e-05 0.000253558 5.34647e-05 0.000117037 0.000132452 0.000179031 0.000324617 0.000508438 0.000469427
threshold=279.68915700000008 9.5050000000000013e-06 20.500000000000004 58.500000000000007 28.050000000000001 32.362500000000004 38.95000000000001 27.550000000000004 8.4600000000000026 35.800000000000004 0.00073290316666666671 779.97322007526816 7.7500000000000018 792.09608757843159 38.060000000000009 278.36109770000007 18.650000000000002 1.0000000180025095e-35 18.250000000000007 19.050000000000004 9.3500000000000032 8.1500000000000004 75.820000000000007 0.014695182500000003 0.39450000000000007 -5.9500000000000446 0.056150000000000005 1.2500000000000004 -0.96352060511945725 0.0037680555555555562
decision_type=2 2 2 2 2 2 2 2 2 2 2 2 2 2 2 2 2 2 2 2 2 10 2 2 2 2 2 2 2 2
left_child=6 3 -3 4 5 -2 9 8 -8 11 -4 14 -13 -14 20 16 -16 -18 19 -19 -1 -22 23 -23 25 -25 27 -27 -29 -30
right_child=1 2 10 -5 -6 -7 7 -9 -10 -11 -12 12 13 -15 15 -17 17 18 -20 -21 21 22 -24 24 -26 26 -28 28 29 -31
leaf_value=-2.7533278026757195e-06 0 8.465654832114112e-05 0 0 0 -0.00011615894130806594 -8.0229126698062219e-05 0 0 5.5484751381717004e-05 -3.2688017827353285e-05 0 -3.4652109876216456e-05 0 0 3.2729437303996181e-05 0 0 0 -5.7143680999663133e-05 0 0 9.8578864353140267e-05 -5.6896466920777238e-06 -7.7477745087683301e-06 0 6.2793048596653081e-06 0 0 0.00015657304845323727
leaf_weight=1991 71 78 162 145 108 94 95 247 318 59 140 802 217 334 1159 99 244 194 147 239 3533 4457 77 364 501 401 1760 94 55 182
leaf_count=1991 71 78 162 145 108 94 95 247 318 59 140 802 217 334 1159 99 244 194 147 239 3533 4457 77 364 501 401 1760 94 55 182
internal_value=-5.74367e-07 -1.47846e-05 0 -3.62913e-05 -5.26214e-05 -8.14927e-05 0 -1.56074e-05 -3.02219e-05 6.84767e-07 -1.08736e-05 1.92886e-07 -6.92383e-06 -1.69703e-05 1.13726e-06 -4.05015e-06 -8.42208e-06 -1.99791e-05 -2.78398e-05 -3.6728e-05 2.31527e-06 3.63643e-06 5.74613e-06 4.17906e-06 8.96932e-06 1.36536e-05 1.84858e-05 4.09649e-05 7.84182e-05 0.000117978
internal_weight=18367 798 380 418 273 165 17569 660 413 16909 302 16850 1353 551 15497 2082 1983 824 580 433 13415 11424 7891 7814 3357 2856 2492 732 331 237
internal_count=18367 798 380 418 273 165 17569 660 413 16909 302 16850 1353 551 15497 2082 1983 824 580 433 13415 11424 7891 7814 3357 2856 2492 732 331 237
is_linear=0
shrinkage=0.05


Tree=209
num_leaves=31
num_cat=0
split_feature=85 132 118 120 22 43 96 114 73 134 91 44 134 124 139 32 115 12 104 36 85 50 139 137 141 82 96 23 86 50
split_gain=6.2171e-05 0.000142785 0.000153054 8.44153e-05 0.000111695 0.000121367 8.16641e-05 6.23565e-05 8.24445e-05 8.11359e-05 6.43394e-05 4.81099e-05 3.07142e-05 8.08683e-05 0.000112551 0.000248097 8.77425e-05 8.90228e-05 7.90373e-05 6.66703e-05 6.28899e-05 0.000109393 9.74579e-05 0.000129651 3.69717e-05 7.03997e-05 0.000130666 0.000124623 4.64171e-05 7.81403e-05
threshold=279.68915700000008 3.5000000000000004 28.750000000000004 267.5891979000001 46.000000000000007 0.32750000000000007 37.312500000000007 38.95000000000001 27.550000000000004 8.4600000000000026 35.800000000000004 707.50000000000011 6.5650000000000004 -0.9159756150367534 87.760506709764101 9.3500000000000032 8.8500000000000032 0.0031429340000000004 0.55000000000000016 264.44059920000007 278.1752831500001 1021.35 33.92342736246156 0.16500000000000004 37.595000000000006 17.110000000000003 36.812500000000007 25.133333333333336 9.5000000000000018 1008.2500000000001
decision_type=2 2 10 10 2 2 2 2 2 2 2 2 2 2 2 2 2 2 2 2 2 2 2 2 2 2 2 2 2 2
left_child=7 3 11 -2 5 -5 -7 10 9 -9 12 -3 13 14 -1 -16 -15 -18 -19 -20 24 22 -22 -24 -14 26 -26 -27 29 -29
right_child=1 2 -4 4 -6 6 -8 8 -10 -11 -12 -13 20 16 15 -17 17 18 19 -21 21 -23 23 -25 25 27 -28 28 -30 -31
leaf_value=0 0 -3.4007178925933729e-05 7.5628880269315273e-05 0 0 0 -0.00013354779179516139 -7.6259456724585563e-05 0 0 4.1105431268666931e-05 0 1.9564887622256105e-06 0 0 0.00012615000417606442 0 -2.8944046551494795e-06 0 -6.3052515179041658e-05 0 0 0 9.554740229788195e-05 -2.5731973056487235e-07 -1.2945369894040276e-06 5.803522872784671e-05 0 0 -0.00012544289719463214
leaf_weight=231 139 103 66 174 85 59 84 95 247 318 98 88 10984 1735 57 60 223 477 51 247 121 106 66 111 1062 993 96 85 53 53
leaf_count=231 139 103 66 174 85 59 84 95 247 318 98 88 10984 1735 57 60 223 477 51 247 121 106 66 111 1062 993 96 85 53 53
internal_value=-5.8669e-07 -1.42282e-05 1.50964e-06 -3.09184e-05 -4.25363e-05 -5.63122e-05 -9.54454e-05 0 -1.50309e-05 -2.93014e-05 6.22552e-07 0 8.6719e-08 -4.057e-06 1.40733e-05 5.45008e-05 -8.1987e-06 -2.00882e-05 -2.83954e-05 -5.23456e-05 1.38093e-06 2.11535e-05 3.8997e-05 6.26366e-05 4.04773e-07 -4.7365e-06 3.07063e-07 -1.38848e-05 -5.29517e-05 -6.86137e-05
internal_weight=18367 798 257 541 402 317 143 17569 660 413 16909 191 16811 3081 348 117 2733 998 775 298 13730 404 298 177 13326 2342 1158 1184 191 138
internal_count=18367 798 257 541 402 317 143 17569 660 413 16909 191 16811 3081 348 117 2733 998 775 298 13730 404 298 177 13326 2342 1158 1184 191 138
is_linear=0
shrinkage=0.05


Tree=210
num_leaves=31
num_cat=0
split_feature=69 85 132 128 97 120 3 64 142 134 142 113 132 114 85 128 101 142 92 83 90 19 101 131 73 133 133 32 115 61
split_gain=4.72991e-05 7.92212e-05 0.000959753 7.29732e-05 8.45977e-05 7.96645e-05 0.000157056 0.000188019 0.000192869 6.96119e-05 6.07769e-05 5.88738e-05 0.00021757 4.82824e-05 0.000126205 7.91276e-05 3.67542e-05 3.6075e-05 8.3988e-05 5.63696e-05 4.52697e-05 7.30483e-05 0.00017365 0.000249465 0.000122405 0.000134758 7.18398e-05 3.42503e-05 5.87389e-05 0.000118397
threshold=283.57957465000004 280.2043680000001 3.5000000000000004 9.6850806486745231 5.8000000000000034 269.71996885000004 0.0010403705000000003 384.20000000000022 723.48191285061682 5.8850000000000007 779.97322007526816 1.0500000000000003 1.5000000000000002 39.550000000000004 276.87651620000003 9.6979689571023027 -1.1987789499999904 763.0525285646512 7.0500000000000016 20.150000000000002 21.658163265306126 -0.00054857142857142832 -3.820497750000015 162.37188194754984 36.050000000000004 59.185000000000009 20.620000000000001 5.6500000000000012 13.15 377.40000000000003
decision_type=2 2 2 2 2 10 2 2 2 2 2 2 2 2 2 2 2 2 2 2 2 2 2 2 2 2 2 2 2 2
left_child=1 11 16 4 5 6 -2 8 -8 -6 -10 13 -13 17 -15 -16 -3 20 -19 -20 -1 -22 23 24 25 26 -23 -24 -29 -30
right_child=3 2 -4 -5 9 -7 7 -9 10 -11 -12 12 -14 14 15 -17 -18 18 19 -21 21 22 27 -25 -26 -27 -28 28 29 -31
leaf_value=-9.3283013514794885e-08 0 0 0.00017741718230409768 0 5.6769478058548102e-05 0 -1.4962360673904829e-05 0 -0.00014587464294636449 0 0 0.00011418563308531171 0 0 -8.6867992822157081e-05 0 -3.0351382086877265e-05 0 -3.680037655598261e-05 0 0 0 1.7187348003556602e-05 0 0 0 0.00020763998806258173 8.5228326320459869e-06 -4.5112358937054596e-05 0
leaf_weight=8688 248 53 81 2088 53 274 315 131 99 112 51 52 170 328 83 108 127 1127 308 53 2181 57 289 157 80 58 50 380 203 334
leaf_count=8688 248 53 81 2088 53 274 315 131 99 112 51 52 170 328 83 108 127 1127 308 53 2181 57 289 157 80 58 50 380 203 334
internal_value=-1.14878e-07 8.04829e-07 2.81591e-05 -5.68014e-06 -1.50603e-05 -2.11957e-05 -2.88207e-05 -4.28179e-05 -5.79435e-05 0 -0.000114394 0 2.56841e-05 -7.30789e-08 -1.5225e-05 -4.76559e-05 -1.19919e-05 1.33069e-07 -6.73665e-06 -2.76893e-05 1.35353e-06 5.98941e-06 1.40712e-05 4.32163e-05 7.47985e-05 0.000100671 0.000136736 1.85898e-07 0 -1.48832e-05
internal_weight=18338 14967 261 3371 1283 1118 844 596 465 165 150 14706 222 14484 519 191 180 13965 1488 361 12477 3789 1608 402 245 165 107 1206 917 537
internal_count=18338 14967 261 3371 1283 1118 844 596 465 165 150 14706 222 14484 519 191 180 13965 1488 361 12477 3789 1608 402 245 165 107 1206 917 537
is_linear=0
shrinkage=0.05


Tree=211
num_leaves=31
num_cat=0
split_feature=69 85 104 128 115 75 49 114 113 28 142 141 43 46 114 85 141 61 83 15 142 92 83 90 19 123 0 111 123 15
split_gain=4.35397e-05 6.80056e-05 0.000732606 6.70409e-05 8.5063e-05 9.83096e-05 7.36943e-05 8.91233e-05 5.29096e-05 0.000160442 0.000294622 4.54676e-05 5.09681e-05 5.14099e-05 4.40286e-05 0.000119443 7.38575e-05 0.000123588 4.2989e-05 3.8494e-05 3.26313e-05 7.47571e-05 5.22997e-05 4.34917e-05 7.00317e-05 0.000105319 0.000231837 0.000157478 0.000144126 7.51438e-05
threshold=283.57957465000004 280.2043680000001 0.35000000000000009 9.6850806486745231 9.3500000000000032 16.550000000000004 955.05000000000007 34.050000000000004 1.0500000000000003 26.050000000000004 697.51815555099722 39.095000000000006 0.42650000000000005 24.500000000000004 39.550000000000004 275.63248320000008 22.550000000000001 319.95000000000005 16.150000000000002 3.4375000000000009e-05 763.0525285646512 7.0500000000000016 20.150000000000002 21.658163265306126 -0.00054857142857142832 -0.60355339059327362 0.19770000000000001 4.6500000000000012 1.0000000180025095e-35 0.00054791666666666671
decision_type=2 2 2 2 2 2 2 2 2 2 2 2 2 2 2 2 2 2 2 2 2 2 2 2 2 2 2 2 2 2
left_child=1 8 -3 4 5 18 -6 11 14 10 -10 12 13 19 20 -16 -17 -18 -2 -8 23 -22 -23 -1 -25 29 27 28 -27 -26
right_child=3 2 -4 -5 6 -7 7 -9 9 -11 -12 -13 -14 -15 15 16 17 -19 -20 -21 21 22 -24 24 25 26 -28 -29 -30 -31
leaf_value=-8.8619397068274765e-08 0 0 0.00017454298107733132 0 0 6.1969504710219773e-05 0 0 0 0 0.00014671037890119637 0 0 0 0 0 -7.9983555824970193e-05 0 -3.7604688641295071e-05 -5.8451579419751301e-05 0 -3.4966312260683446e-05 0 0 -2.7564768642390292e-05 0.00013087663121880792 0.00011039427508679303 3.6221044488139388e-07 0 1.2670877516980411e-05
leaf_weight=8688 91 196 65 2088 205 63 50 181 50 114 58 54 77 92 194 133 140 52 75 395 1127 308 53 2181 223 51 82 1092 51 109
leaf_count=8688 91 196 65 2088 205 63 50 181 50 114 58 54 77 92 194 133 140 52 75 395 1127 308 53 2181 223 51 82 1092 51 109
internal_value=-8.86573e-08 7.8302e-07 2.61522e-05 -5.44073e-06 -1.44316e-05 0 -2.13319e-05 -2.79561e-05 0 2.43528e-05 6.99513e-05 -3.64148e-05 -4.03398e-05 -4.57935e-05 -3.88193e-08 -1.45317e-05 -3.5395e-05 -5.54333e-05 0 -5.30828e-05 1.42789e-07 -6.35604e-06 -2.61238e-05 1.31899e-06 5.865e-06 1.37782e-05 2.1104e-05 1.07004e-05 7.17586e-05 0
internal_weight=18338 14967 261 3371 1283 229 1054 849 14706 222 108 668 614 537 14484 519 325 192 166 445 13965 1488 361 12477 3789 1608 1276 1194 102 332
internal_count=18338 14967 261 3371 1283 229 1054 849 14706 222 108 668 614 537 14484 519 325 192 166 445 13965 1488 361 12477 3789 1608 1276 1194 102 332
is_linear=0
shrinkage=0.05


Tree=212
num_leaves=31
num_cat=0
split_feature=108 85 118 131 19 33 120 14 52 124 81 33 112 81 134 53 93 56 131 131 131 45 115 2 90 161 19 100 112 83
split_gain=3.89593e-05 0.000107856 0.000928857 7.62625e-05 0.000135341 0.000138354 6.53728e-05 7.11063e-05 5.07741e-05 8.08691e-05 4.71855e-05 0.000176265 7.50927e-05 3.81247e-05 0.00034119 3.07859e-05 4.77495e-05 3.05287e-05 0.000200692 3.29444e-05 5.12863e-05 3.20045e-05 5.89696e-05 6.04636e-05 7.51007e-05 5.37986e-05 0.000188233 0.000172611 3.26826e-05 2.97861e-05
threshold=283.83328935000003 280.2043680000001 27.350000000000005 62.20474218226024 -0.00018857142857142854 0.34795189453459296 271.28508805000007 0.0082561165000000023 274.50000000000006 0.37940952255126048 50.800000000000004 0.9353944165158804 279.72417110000009 47.750000000000007 8.8100000000000023 231.50000000000003 265.34849920000005 1.5571669000000272 28.932590165984791 55.281218774159086 70.596941646336688 88.500000000000014 17.150000000000002 2.3000000000000003e-05 25.066326530612248 0.27551020408163268 0.00013428571428571425 5.9500000000000464 278.7086534500001 14.850000000000003
decision_type=2 2 10 2 2 2 10 2 2 2 2 2 2 2 2 2 2 2 2 2 2 2 2 2 2 2 2 2 2 2
left_child=1 10 -3 4 5 6 7 -2 9 -9 13 -12 -13 17 -15 16 -6 21 -19 -20 -21 25 -23 -24 -25 -1 -27 -28 -26 -18
right_child=3 2 -4 -5 15 -7 -8 8 -10 -11 11 12 -14 14 -16 -17 29 18 19 20 -22 22 23 24 28 26 27 -29 -30 -31
leaf_value=0 0 0 0.00020820614783466831 0 0 0 0 -0.00010332511177634516 0 0 0 0 -8.8691387137898462e-05 0.00010245471275114113 0 2.6202462713716197e-05 0 0.00010435127522351598 -1.6209149993186163e-05 4.3694906889429186e-05 0 -4.0164368859352829e-07 0 0 -6.3922771090165042e-05 0 0 0.00014085221831810148 0 -2.8059711180931654e-05
leaf_weight=3551 84 149 59 2372 172 137 57 152 67 72 123 98 93 90 247 101 53 52 161 87 460 8302 406 112 149 471 56 53 98 254
leaf_count=3551 84 149 59 2372 172 137 57 152 67 72 123 98 93 90 247 101 53 52 161 87 460 8302 406 112 149 471 56 53 98 254
internal_value=-5.17669e-08 7.88215e-07 3.65266e-05 -5.00543e-06 -1.5573e-05 -3.29074e-05 -4.71628e-05 -5.47374e-05 -6.68348e-05 -7.97571e-05 0 -1.87739e-05 -5.36038e-05 6.96664e-07 1.7393e-05 0 -3.80093e-06 0 9.95369e-06 0 8.52194e-06 -2.64723e-07 -2.25757e-06 -1.58444e-05 -3.08878e-05 2.89874e-06 1.70661e-05 7.6265e-05 -4.62816e-05 -2.02507e-05
internal_weight=18338 14817 208 3521 1149 569 432 375 291 224 14609 314 191 14295 337 580 479 13958 760 708 547 13198 9067 765 359 4131 580 109 247 307
internal_count=18338 14817 208 3521 1149 569 432 375 291 224 14609 314 191 14295 337 580 479 13958 760 708 547 13198 9067 765 359 4131 580 109 247 307
is_linear=0
shrinkage=0.05


Tree=213
num_leaves=31
num_cat=0
split_feature=19 103 114 119 141 55 120 75 4 74 138 52 128 42 59 116 124 119 81 120 138 117 25 138 92 49 44 156 84 44
split_gain=3.71042e-05 7.19657e-05 0.000105784 6.16598e-05 0.000246991 6.08422e-05 0.000123476 5.32225e-05 9.03809e-05 7.81275e-05 0.000107993 4.89714e-05 0.000152155 7.62155e-05 8.13219e-05 4.09075e-05 8.78697e-05 0.000112846 0.000105548 9.67428e-05 0.000286305 6.68133e-05 0.000313798 6.25059e-05 0.000294782 5.15943e-05 5.6137e-05 4.49663e-05 7.98586e-05 5.17614e-05
threshold=-0.0041099999999999982 1908.2500000000002 21.950000000000003 18.550000000000004 37.625000000000007 2.0913287500000313 285.21722435000004 14.950000000000001 0.021025441500000002 34.635714285714293 5.7800000000000002 22.500000000000004 9.2762685509947076 0.43500000000000005 5.2391000000000014 286.65519480000006 -0.78656609248549325 11.450000000000001 31.550000000000004 271.92118405000002 5.2900000000000009 0.8500000000000002 6.5000000000000009 2.6550000000000007 3.350000000000001 963.1500000000002 307.50000000000006 0.4200000000000001 9.0500000000000025 487.50000000000006
decision_type=2 2 2 10 2 2 10 2 2 2 2 2 2 2 2 2 2 8 2 8 2 2 2 2 2 2 2 2 2 2
left_child=1 2 5 15 11 -1 -7 8 -4 10 -9 13 -13 -5 -15 21 19 18 -18 20 -17 23 -23 24 -2 -20 -27 -24 29 -29
right_child=3 -3 7 4 -6 6 -8 9 -10 -11 -12 12 -14 14 -16 16 17 -19 25 -21 -22 22 27 -25 -26 26 -28 28 -30 -31
leaf_value=0 0 0 0 0 0.00012216829890418851 -0.0001149278139215312 0 -5.786152358820565e-05 5.9546475892113025e-05 0 0 -7.4822036028346928e-05 0 8.908022319903668e-05 0 0.00011283307455414616 0 -5.7543259928671082e-07 0 0 0 0.00010008229055595544 -1.151360235870887e-05 -5.2675985189069519e-07 0.00010417836344880393 0 -6.8939343885428216e-05 0 0 7.8768180861236309e-05
leaf_weight=74 263 1460 320 487 51 74 50 177 64 148 121 70 206 62 51 75 95 1136 50 482 90 95 287 11756 81 72 234 51 92 64
leaf_count=74 263 1460 320 487 51 74 50 177 64 148 121 70 206 62 51 75 95 1136 50 482 90 95 287 11756 81 72 234 51 92 64
internal_value=-3.62125e-08 -5.93123e-06 -1.61226e-05 5.74016e-07 1.31049e-05 -5.15993e-05 -7.38615e-05 -1.59072e-06 3.42781e-06 -1.70953e-05 -3.30174e-05 9.21958e-07 -7.85575e-06 1.32855e-05 5.1009e-05 0 -6.42344e-06 -1.37889e-05 -3.59348e-05 3.92035e-06 3.89482e-05 8.89977e-07 1.73246e-05 0 2.10591e-05 -4.87244e-05 -5.63992e-05 0 1.88921e-05 4.85908e-05
internal_weight=18338 2488 1028 15850 927 198 124 830 384 446 298 876 276 600 113 14923 2234 1587 451 647 165 12689 589 12100 344 356 306 494 207 115
internal_count=18338 2488 1028 15850 927 198 124 830 384 446 298 876 276 600 113 14923 2234 1587 451 647 165 12689 589 12100 344 356 306 494 207 115
is_linear=0
shrinkage=0.05


Tree=214
num_leaves=31
num_cat=0
split_feature=108 85 118 129 19 102 122 28 52 50 115 119 113 132 115 101 81 33 112 134 24 136 50 81 134 14 24 92 77 0
split_gain=3.43206e-05 9.0313e-05 0.000835141 7.64906e-05 0.000137596 0.000142589 0.000123378 7.6079e-05 8.16011e-05 5.74422e-05 5.88252e-05 6.49127e-05 4.5316e-05 0.000183284 4.2578e-05 3.82012e-05 3.80923e-05 0.000162555 7.7252e-05 3.46703e-05 3.61656e-05 4.32821e-05 4.76845e-05 3.39517e-05 0.000305019 2.67569e-05 5.13728e-05 9.02198e-05 7.35271e-05 7.94899e-05
threshold=283.83328935000003 280.2043680000001 27.350000000000005 6.5000000000000009 -0.00042142857142857124 -3.6999999999999971 18.500000000000004 28.050000000000001 274.50000000000006 1015.5500000000001 11.550000000000002 3.2500000000000004 1.0500000000000003 1.5000000000000002 16.250000000000004 4.3877952999999659 50.800000000000004 0.87297057465106709 279.72417110000009 17.080000000000002 63.750000000000007 0.9850000000000001 1000.6500000000002 47.750000000000007 8.8100000000000023 0.0024768410000000005 47.650000000000013 2.2500000000000009 281.20978160000004 0.019050000000000004
decision_type=2 2 10 2 2 2 2 2 2 2 2 10 2 2 2 2 2 2 2 2 2 2 2 2 2 2 2 2 2 2
left_child=1 12 -3 14 5 -5 7 8 -7 10 11 -6 16 -14 -2 -16 23 -18 -19 20 21 22 -17 25 -25 -1 27 -27 29 -29
right_child=3 2 -4 4 9 6 -8 -9 -10 -11 -12 -13 13 -15 15 19 17 18 -20 -21 -22 -23 -24 24 -26 26 -28 28 -30 -31
leaf_value=3.5442091962210991e-06 -5.8126804581917813e-06 0 0.00019671662837739254 0 0 -0.00010352564141239551 0 0 0 -2.3427640192329627e-05 0 6.1858738286882167e-05 0.00010383548749608586 0 0 0 0 0 -7.7393574404219375e-05 0 0 0 5.2441540628463162e-05 9.6497501398226928e-05 0 0 8.2482317608265499e-08 -6.2904768245962459e-06 0 -5.7332180292764367e-05
leaf_weight=3148 1425 149 59 57 64 155 58 151 73 148 184 96 52 168 532 66 94 101 115 128 64 118 202 90 247 2390 7305 613 62 224
leaf_count=3148 1425 149 59 57 64 155 58 151 73 148 184 96 52 168 532 66 94 101 115 128 64 118 202 90 247 2390 7305 613 62 224
internal_value=-2.73468e-08 7.44425e-07 3.34603e-05 -4.69404e-06 -1.65037e-05 -3.51855e-05 -4.70425e-05 -5.79868e-05 -8.00637e-05 0 1.33868e-05 3.60201e-05 0 2.26348e-05 0 7.24177e-06 -6.70321e-08 -1.75048e-05 -4.80822e-05 1.62964e-05 2.30897e-05 2.92391e-05 4.04005e-05 0 1.58416e-05 -6.3675e-08 -1.60791e-06 -6.88098e-06 -2.05838e-05 -2.59691e-05
internal_weight=18338 14817 208 3521 986 494 437 379 228 492 344 160 14609 220 2535 1110 14389 310 216 578 450 386 268 14079 337 13742 10594 3289 899 837
internal_count=18338 14817 208 3521 986 494 437 379 228 492 344 160 14609 220 2535 1110 14389 310 216 578 450 386 268 14079 337 13742 10594 3289 899 837
is_linear=0
shrinkage=0.05


Tree=215
num_leaves=31
num_cat=0
split_feature=116 53 18 87 128 91 114 28 134 114 18 126 140 53 118 116 81 28 61 0 90 137 41 12 94 108 43 87 29 12
split_gain=3.13089e-05 0.000134539 9.50971e-05 0.000300388 0.000530458 8.46153e-05 7.41656e-05 0.000105395 5.71541e-05 4.98368e-05 4.11151e-05 0.000102497 4.78882e-05 3.63022e-05 3.5339e-05 3.45746e-05 0.000142138 0.000756419 5.87324e-05 0.000181354 6.79665e-05 0.000102884 0.00012538 4.48592e-05 5.83182e-05 3.94589e-05 6.40826e-05 4.91869e-05 4.14923e-05 3.70882e-05
threshold=287.37448065000007 61.500000000000007 0.012170833333333336 2.5000000000000004 9.5356433201801512 35.800000000000004 23.950000000000003 22.850000000000005 8.4600000000000026 31.950000000000003 0.00069583333333333346 17.500000000000004 11.06 111.50000000000001 27.350000000000005 281.67482325000009 38.95000000000001 20.700000000000006 877.25000000000011 0.19770000000000001 27.031632653061227 0.76500000000000012 48.500000000000007 0.074414993000000026 10.500000000000002 277.79854035000005 0.38350000000000006 3.5000000000000004 37.550000000000004 0.0027328665000000006
decision_type=2 2 2 2 2 2 2 2 2 2 2 2 2 2 10 2 2 2 2 2 2 2 2 2 2 2 2 2 2 2
left_child=5 6 10 8 -5 15 -2 14 9 -4 -3 12 -12 -14 -8 18 -17 -18 19 20 23 -22 -23 -1 -25 26 -19 28 -27 -20
right_child=1 2 3 4 -6 -7 7 -9 -10 -11 11 -13 13 -15 -16 16 17 25 29 -21 21 22 -24 24 -26 27 -28 -29 -30 -31
leaf_value=-1.246239561241855e-07 0 0 0 0.00020725567182383218 0 4.8893856816333589e-05 -8.6837210120363799e-05 -4.6177823578384495e-06 1.0923132203250012e-05 -6.4972273522961104e-05 0 0 0 -5.341627510738512e-05 0 0 0.00021156498287242496 0 7.8677319629739149e-06 7.4488144210539217e-05 0 0 -6.0120369114240407e-05 0 -5.9392044715296349e-05 -6.4053602462959611e-05 6.7712049752083616e-05 0 0 -8.2141411691637758e-09
leaf_weight=2241 184 472 107 52 80 90 123 506 401 51 53 494 55 212 83 1878 51 74 1584 52 143 50 276 85 85 57 53 90 52 8568
leaf_count=2241 184 472 107 52 80 90 123 506 401 51 53 494 55 212 83 1878 51 74 1584 52 143 50 276 85 85 57 53 90 52 8568
internal_value=0 -5.01435e-06 0 1.69791e-05 8.45361e-05 6.24067e-07 -2.13431e-05 -2.8864e-05 0 -2.44333e-05 -5.45141e-06 -1.31548e-05 -3.51798e-05 -4.39214e-05 -6.39557e-05 1.17353e-08 5.99621e-06 3.39802e-05 -6.37939e-07 -7.07378e-06 -1.03073e-05 -3.02664e-05 -4.58609e-05 -4.34083e-06 -3.03548e-05 0 2.61276e-05 -7.506e-06 -3.49331e-05 7.28845e-07
internal_weight=18302 2873 1977 691 132 15429 896 712 559 158 1286 814 320 267 206 15339 2255 377 13084 2932 2880 469 326 2411 170 326 127 199 109 10152
internal_count=18302 2873 1977 691 132 15429 896 712 559 158 1286 814 320 267 206 15339 2255 377 13084 2932 2880 469 326 2411 170 326 127 199 109 10152
is_linear=0
shrinkage=0.05


Tree=216
num_leaves=31
num_cat=0
split_feature=114 102 111 100 120 140 137 119 92 108 137 112 15 134 8 116 14 22 137 77 22 19 85 133 30 86 105 13 75 89
split_gain=2.88803e-05 0.000105294 0.000160054 8.28069e-05 0.000129673 7.83659e-05 8.88977e-05 5.18268e-05 0.000176339 0.000176316 0.000452406 0.000985968 7.44575e-05 7.51572e-05 8.88284e-05 7.12537e-05 5.57226e-05 6.21334e-05 5.52056e-05 5.683e-05 5.20736e-05 7.2795e-05 8.19219e-05 6.57306e-05 4.06332e-05 8.97904e-05 0.000169415 0.000217135 0.000181831 5.17185e-05
threshold=36.050000000000004 -0.20000000000000009 11.750000000000002 1.0000000180025095e-35 273.07487490000005 16.820000000000004 0.15500000000000003 13.050000000000002 12.650000000000004 277.63133555000007 1.7650000000000003 286.10182300000002 0.0005750000000000001 9.7050000000000018 0.010358649651310019 278.66007695000008 0.0076330660000000009 7.5000000000000009 0.48500000000000004 271.21453975000003 10.500000000000002 -0.0028999999999999985 276.95033730000006 12.380000000000001 -1.9342857142857135 11.500000000000002 16.500000000000004 0.00077550730555555572 18.950000000000003 35.750000000000007
decision_type=2 2 2 2 10 2 2 10 2 2 2 2 2 2 2 2 2 2 2 2 2 2 2 2 2 2 2 2 2 2
left_child=7 3 5 -2 -5 -3 -7 24 9 12 20 -12 16 -14 -15 -16 -9 18 -18 -20 21 -11 -23 -24 25 29 27 28 -27 -1
right_child=1 2 -4 4 -6 6 -8 8 -10 10 11 -13 13 14 15 -17 17 -19 19 -21 -22 22 23 -25 -26 26 -28 -29 -30 -31
leaf_value=1.8951292395305121e-06 0 0 0 8.3000298707189258e-05 0 0 -9.7739070145204702e-05 2.1081433043221577e-06 -6.3937517750244112e-06 0 0.00028864630886649443 0 0 0 9.2899524306631063e-05 0 0 0 0 -6.3926618752879619e-05 0 0 0 7.9130231942514711e-05 -3.5918450711977011e-06 0.00016928290066751852 0 0 0 -9.129249726027465e-06
leaf_weight=4904 294 164 425 77 61 57 119 240 1101 87 53 60 202 66 87 71 105 165 97 143 134 183 73 117 7094 57 574 81 72 1339
leaf_count=4904 294 164 425 77 61 57 119 240 1101 87 53 60 202 66 87 71 105 165 97 143 134 183 73 117 7094 57 574 81 72 1339
internal_value=0 -7.69673e-06 -2.06947e-05 3.76785e-06 3.91607e-05 -4.6211e-05 -7.22561e-05 2.68331e-07 6.45007e-06 1.66133e-05 3.6837e-05 0.00013358 1.85857e-07 2.00334e-05 3.9959e-05 6.04664e-05 -4.4414e-06 -1.73064e-05 -2.98543e-05 -4.3038e-05 9.83607e-06 2.01808e-05 3.1442e-05 5.48459e-05 -6.84279e-07 1.53966e-06 1.75265e-05 5.61258e-05 9.63771e-05 0
internal_weight=18302 1197 765 432 138 340 176 17105 2984 1883 707 113 1176 426 224 158 750 510 345 240 594 460 373 190 14121 7027 784 210 129 6243
internal_count=18302 1197 765 432 138 340 176 17105 2984 1883 707 113 1176 426 224 158 750 510 345 240 594 460 373 190 14121 7027 784 210 129 6243
is_linear=0
shrinkage=0.05


Tree=217
num_leaves=31
num_cat=0
split_feature=116 53 110 103 91 114 28 102 115 43 54 85 28 111 27 96 99 62 0 50 137 27 3 134 116 15 91 105 33 15
split_gain=3.04112e-05 0.000125307 8.64068e-05 0.000316873 7.46514e-05 7.0375e-05 9.26766e-05 4.60616e-05 9.97993e-05 9.43313e-05 7.7063e-05 3.20946e-05 0.000406393 0.00123045 4.2108e-05 5.18346e-05 3.02099e-05 2.93726e-05 9.9106e-05 7.16751e-05 8.12409e-05 6.01645e-05 5.37271e-05 8.56631e-05 6.58171e-05 4.70594e-05 4.54846e-05 3.33588e-05 4.66088e-05 8.46982e-05
threshold=287.37448065000007 61.500000000000007 17.450000000000003 931.35000000000002 35.800000000000004 23.950000000000003 22.850000000000005 -0.10000000000000096 13.65 0.34250000000000008 0.16500000000000004 277.2569534000001 20.700000000000006 12.15 1786.1000000000004 35.13750000000001 -0.54999999999995441 30.650000000000002 0.23690000000000003 1022.85 0.43500000000000005 1890.95 5.94e-05 10.380000000000001 283.76102115000009 3.4375000000000009e-05 16.450000000000003 19.500000000000004 -0.89996515823707612 0.00017187500000000007
decision_type=2 2 2 2 2 2 2 2 2 2 2 2 2 2 2 2 2 2 2 2 2 2 2 2 2 2 2 2 2 2
left_child=4 5 7 -4 11 -2 16 -3 -9 -10 -11 17 13 -13 15 -14 -7 18 19 20 -1 22 -22 24 25 -24 -27 28 -19 -30
right_child=1 2 3 -5 -6 6 -8 8 9 10 -12 12 14 -15 -16 -17 -18 27 -20 -21 21 -23 23 -25 -26 26 -28 -29 29 -31
leaf_value=0 0 0 0.00011704009538321872 0 4.604325490375701e-05 -7.4804154027291827e-05 -4.4396924386091996e-06 0 0 0 -8.3464134825504493e-05 0 0 0.00028584642512018322 0 -2.9749495583090396e-05 0 0 5.7425410670004093e-05 0 0 0 0 -3.1246325209584541e-06 0 0 -7.129425772722823e-05 0 0 2.1388850804311761e-05
leaf_weight=1036 184 848 71 447 90 152 506 275 170 50 116 138 82 50 200 270 54 1034 53 2287 442 386 66 530 56 54 275 7085 369 926
leaf_count=1036 184 848 71 447 90 152 506 275 170 50 116 138 82 50 200 270 54 1034 53 2287 442 386 66 530 56 54 275 7085 369 926
internal_value=0 -4.92489e-06 0 1.93389e-05 6.40015e-07 -2.06628e-05 -2.7998e-05 -3.87429e-06 -1.49656e-05 -3.38686e-05 -6.10485e-05 4.46866e-08 1.03898e-05 7.59764e-05 -3.00306e-06 -1.76732e-05 -6.1409e-05 -1.37901e-07 -3.4377e-06 -5.05141e-06 -1.04395e-05 -1.68396e-05 -2.15886e-05 -2.85065e-05 -4.71997e-05 -5.43909e-05 -6.25024e-05 1.14865e-06 6.41281e-06 1.28001e-05
internal_weight=18302 2873 1977 518 15429 896 712 1459 611 336 166 15339 740 188 552 352 206 14599 5185 5132 2845 1809 1423 981 451 395 329 9414 2329 1295
internal_count=18302 2873 1977 518 15429 896 712 1459 611 336 166 15339 740 188 552 352 206 14599 5185 5132 2845 1809 1423 981 451 395 329 9414 2329 1295
is_linear=0
shrinkage=0.05


Tree=218
num_leaves=31
num_cat=0
split_feature=114 97 44 83 134 63 21 103 50 141 29 77 53 142 119 92 133 18 43 89 82 74 21 64 23 81 105 128 43 105
split_gain=2.66218e-05 0.000100525 0.0001153 9.09847e-05 6.61617e-05 7.58858e-05 6.61579e-05 4.81713e-05 4.91923e-05 2.45776e-05 2.41786e-05 3.69846e-05 0.000216263 0.000537667 4.06412e-05 9.36288e-05 0.000138242 0.000151378 0.000134856 0.000196713 0.000198133 0.000135432 0.000157672 0.000166051 7.21803e-05 4.08715e-05 7.37456e-05 3.93077e-05 3.68214e-05 5.89915e-05
threshold=36.050000000000004 1.6999999999999997 667.50000000000011 35.20000000000001 8.8950000000000014 8.2314000000000025 0.57638888888888895 1415.9500000000003 1025.0500000000002 31.185000000000006 25.400000000000002 285.95583585000003 42.500000000000007 735.88038228550397 12.950000000000001 12.650000000000004 6.4300000000000006 0.0075979166666666669 0.39450000000000007 48.050000000000004 13.674000000000001 8.3642857142857157 0.5902777777777779 277.9500000000001 27.636111111111116 41.45000000000001 30.500000000000004 9.478801397250173 0.43250000000000005 23.500000000000004
decision_type=2 2 2 2 2 2 2 2 2 2 2 2 2 2 10 2 2 2 2 2 2 2 2 2 2 2 2 2 2 2
left_child=3 2 7 10 5 6 -3 8 -2 -4 -1 14 13 -13 25 16 -16 -18 19 20 -19 -22 23 24 -23 28 -27 -14 -12 -30
right_child=1 4 9 -5 -6 -7 -8 -9 -10 -11 11 12 27 -15 15 -17 17 18 -20 -21 21 22 -24 -25 -26 26 -28 -29 29 -31
leaf_value=-4.1332693569732316e-06 -5.4463257613534417e-05 0 1.0951743108832265e-05 5.559995312390165e-05 0 0 0.00010060662615160254 0 0 -1.7144786619735831e-05 -1.2312928668944832e-06 0 -2.3160456064624917e-05 0.00016853978529356289 -2.1262021275447572e-06 -3.8676555986648365e-06 0 0 0 0 0 0.00013090810437279288 0 0 0 -2.3695279340914575e-05 0 4.4219059990303275e-07 2.3682019708835456e-05 0
leaf_weight=2887 283 56 227 73 270 55 51 71 69 115 8913 253 182 69 405 777 427 75 100 179 51 214 64 52 70 535 312 545 402 520
leaf_count=2887 283 56 227 73 270 55 51 71 69 115 8913 253 182 69 405 777 427 75 100 179 51 214 64 52 70 535 312 545 402 520
internal_value=0 -7.38044e-06 -2.01416e-05 2.75513e-07 3.66449e-06 3.24102e-05 5.78098e-05 -3.75865e-05 -4.51448e-05 0 0 8.86145e-07 9.93166e-06 4.466e-05 0 6.00895e-06 1.37489e-05 2.30202e-05 3.578e-05 4.4035e-05 5.94212e-05 7.21985e-05 8.19751e-05 9.5738e-05 0.000110881 -1.16114e-06 -1.17251e-05 0 0 9.22448e-06
internal_weight=18302 1197 765 17105 432 162 107 423 352 342 17032 14145 1049 322 13096 2414 1637 1232 805 705 526 451 400 336 284 10682 847 727 9835 922
internal_count=18302 1197 765 17105 432 162 107 423 352 342 17032 14145 1049 322 13096 2414 1637 1232 805 705 526 451 400 336 284 10682 847 727 9835 922
is_linear=0
shrinkage=0.05


Tree=219
num_leaves=31
num_cat=0
split_feature=116 51 18 28 91 119 28 99 18 126 140 90 47 83 131 92 28 103 103 59 116 81 28 61 0 137 89 105 74 131
split_gain=2.70192e-05 0.000120681 0.000101344 0.000286891 6.50414e-05 6.11047e-05 6.22617e-05 7.02108e-05 4.32222e-05 8.45351e-05 4.79675e-05 3.79184e-05 3.59065e-05 9.22866e-05 3.14062e-05 6.00945e-05 5.35486e-05 3.74338e-05 3.71179e-05 3.06606e-05 3.05557e-05 0.000127657 0.000637159 5.19173e-05 0.000157586 5.61435e-05 7.51784e-05 0.000116021 8.74902e-05 0.000164458
threshold=287.37448065000007 90.500000000000014 0.012170833333333336 17.500000000000004 35.800000000000004 20.750000000000004 22.850000000000005 -0.09999999999996588 0.00069583333333333346 17.500000000000004 11.06 26.694897959183677 27.500000000000004 16.650000000000002 91.501061372272162 7.0500000000000016 31.350000000000005 1164.9000000000003 1045.4000000000003 3.5433500000000007 281.67482325000009 38.95000000000001 20.700000000000006 877.25000000000011 0.19770000000000001 0.46500000000000002 39.650000000000013 15.500000000000002 11.850000000000003 100.49921331067833
decision_type=2 2 2 2 2 8 2 2 2 2 2 2 2 2 2 2 2 2 2 2 2 2 2 2 2 2 2 2 2 2
left_child=4 5 8 -4 20 6 7 -2 12 10 -10 -8 -3 -14 17 -16 -17 18 -5 -18 23 -22 -23 24 25 -1 -27 28 -28 -30
right_child=1 2 3 14 -6 -7 11 -9 9 -11 -12 -13 13 -15 15 16 19 -19 -20 -21 21 22 -24 -25 -26 26 27 -29 29 -31
leaf_value=0 -6.7575791668971253e-05 -9.4004294471427549e-08 0.00012908795833685156 0 4.2980861550789151e-05 0 0 0 0 0 -4.2255638418274105e-05 -1.8102123759801676e-05 0 7.0217266667756259e-05 0 0 7.0492536909693045e-05 0 -5.8521851585034956e-05 0 0 0.00019533968955958979 0 6.9116287269413158e-07 6.8556466302532434e-05 0 0 0 -8.596331096989109e-05 0
leaf_weight=1075 183 297 55 66 90 152 213 76 51 486 266 311 108 64 195 50 87 105 54 54 1878 51 326 10152 52 867 143 399 205 191
leaf_count=1075 183 297 55 66 90 152 213 76 51 486 266 311 108 64 195 50 87 105 54 54 1878 51 326 10152 52 867 143 399 205 191
internal_value=0 -4.64599e-06 5.09624e-08 1.79929e-05 5.97682e-07 -1.9713e-05 -2.5667e-05 -5.05625e-05 -5.42221e-06 -1.34517e-05 -3.34974e-05 -3.76509e-06 0 2.27786e-05 0 1.40625e-05 3.43668e-05 -2.96374e-06 -2.81039e-05 5.03955e-05 2.02723e-08 5.65546e-06 3.21742e-05 -5.69182e-07 -6.63659e-06 -9.75308e-06 -1.5148e-05 -2.53275e-05 -4.06522e-05 -5.29039e-05
internal_weight=18302 2873 1938 666 15429 935 783 259 1272 803 317 524 469 172 611 386 191 225 120 141 15339 2255 377 13084 2932 2880 1805 938 539 396
internal_count=18302 2873 1938 666 15429 935 783 259 1272 803 317 524 469 172 611 386 191 225 120 141 15339 2255 377 13084 2932 2880 1805 938 539 396
is_linear=0
shrinkage=0.05


Tree=220
num_leaves=31
num_cat=0
split_feature=90 103 23 1 49 134 88 112 131 89 129 117 8 21 81 73 21 131 93 25 98 2 90 12 89 126 136 98 43 84
split_gain=3.43809e-05 9.1948e-05 0.000115665 0.000188332 7.22645e-05 0.000254212 0.000543259 0.000131424 0.000394561 0.000354743 7.1934e-05 7.41992e-05 9.40017e-05 0.000167361 7.10573e-05 9.83512e-05 9.6609e-05 6.34857e-05 7.53681e-05 0.00013748 7.01805e-05 0.000126381 6.23555e-05 6.80583e-05 6.12192e-05 5.30195e-05 5.24734e-05 8.13436e-05 5.15753e-05 4.65193e-05
threshold=23.068367346938782 1853.1000000000001 25.202777777777779 0.11566167400000001 983.85000000000002 7.5850000000000009 41.937500000000007 281.55535635000007 61.566851497295069 51.250000000000007 8.5000000000000018 0.75000000000000011 0.0090969123658166586 0.39583333333333343 31.550000000000004 31.350000000000005 0.25694444444444448 37.757193452824723 272.09193590000001 18.500000000000004 11.250000000000004 0.00026125850000000006 24.574489795918371 0.025358491000000004 44.650000000000013 18.500000000000004 0.51500000000000012 -1.5999999999999959 0.32350000000000007 16.650000000000006
decision_type=2 2 2 2 2 2 2 2 2 2 2 2 2 2 2 2 2 2 2 2 2 2 2 2 2 2 2 2 2 2
left_child=1 2 10 -4 17 6 24 8 -7 26 11 12 14 -14 -1 16 -16 18 19 22 29 -22 -2 -24 28 -10 27 -9 -6 -19
right_child=4 -3 3 -5 5 7 -8 9 25 -11 -12 -13 13 -15 15 -17 -18 20 -20 -21 21 -23 23 -25 -26 -27 -28 -29 -30 -31
leaf_value=0 0 8.0078168332247957e-08 0 9.844734309511047e-05 0 -0.00013395460389927329 0.00018201699851596827 0 9.5394332503669819e-06 0.00013910892975248619 0 0 -9.2994615062072072e-05 0 0 -7.4645335920429712e-07 -6.0211453723130454e-05 -2.7011742784869297e-06 0 0 0 7.6088832904694102e-05 -8.4056902231206517e-05 0 -1.2957013522598383e-06 -1.2393976247999996e-05 -2.4923562932453226e-06 6.2554496916752264e-05 4.6636994923084367e-05 1.7282688150079459e-05
leaf_weight=1065 50 9150 142 54 77 57 66 52 620 59 152 86 145 227 63 621 252 3084 71 239 251 85 142 66 91 494 310 84 129 313
leaf_count=1065 50 9150 142 54 77 57 66 52 620 59 152 86 145 227 63 621 252 3084 71 239 251 85 142 66 91 494 310 84 129 313
internal_value=0 -1.8209e-06 -9.796e-06 1.77723e-05 2.70226e-06 1.05478e-05 4.86774e-05 0 -6.80921e-06 2.32795e-05 -1.37857e-05 -1.65799e-05 -1.90522e-05 -4.7574e-05 -1.12312e-05 -2.14266e-05 -4.6242e-05 0 -1.63561e-05 -2.61537e-05 1.31871e-06 2.32356e-05 -5.14028e-05 -6.34053e-05 1.75647e-06 0 0 3.07155e-05 2.72591e-05 0
internal_weight=18297 11957 2807 196 6340 2039 363 1676 1171 505 2611 2459 2373 372 2001 936 315 4301 568 497 3733 336 258 208 297 1114 446 136 206 3397
internal_count=18297 11957 2807 196 6340 2039 363 1676 1171 505 2611 2459 2373 372 2001 936 315 4301 568 497 3733 336 258 208 297 1114 446 136 206 3397
is_linear=0
shrinkage=0.05


Tree=221
num_leaves=31
num_cat=0
split_feature=74 91 62 81 88 74 77 6 43 103 141 50 15 15 48 7 86 75 6 16 86 91 67 101 25 137 103 101 103 90
split_gain=3.38717e-05 0.000162394 0.000971 0.000149843 7.54296e-05 0.000173506 5.29795e-05 9.6126e-05 5.83841e-05 6.66654e-05 8.29862e-05 3.98272e-05 6.23284e-05 0.000103245 0.000189152 0.000119885 0.000138721 5.4467e-05 0.000129651 5.25453e-05 6.74953e-05 0.00011656 0.000278335 5.06841e-05 5.28273e-05 3.82263e-05 4.43432e-05 3.10874e-05 5.1253e-05 5.7861e-05
threshold=15.950000000000003 35.20000000000001 17.450000000000003 49.650000000000013 40.962500000000013 14.092857142857145 276.18902270000007 0.014288194444444445 0.36350000000000005 1156.0500000000004 38.130000000000003 999.75000000000011 0.0014906250000000004 0.0038979166666666672 99.500000000000014 0.024250000000000004 9.5000000000000018 20.550000000000004 0.0052652777777777793 0.78500000000000014 11.500000000000002 20.650000000000002 12.850000000000003 0.49465574999999268 20.500000000000004 0.18500000000000003 2039.8000000000004 -3.8660402500000255 1182.0500000000002 26.860204081632656
decision_type=2 2 2 2 2 2 2 2 2 2 2 2 2 2 2 2 2 2 2 2 2 2 2 2 2 2 2 2 2 2
left_child=3 11 -3 4 6 -6 -1 8 -8 10 -10 17 19 14 -14 -16 -17 18 -2 20 27 22 -22 24 -20 26 -21 -13 29 -29
right_child=1 2 -4 -5 5 -7 7 -9 9 -11 -12 12 13 -15 15 16 -18 -19 23 25 21 -23 -24 -25 -26 -27 -28 28 -30 -31
leaf_value=0 0 0.0002197957210578121 -6.7959248776040158e-06 -7.2394686999956189e-05 8.3955221975551606e-05 0 0 -6.8503999148582139e-05 0 0 -8.2705810905508772e-05 9.8841358548427129e-06 0 0 0 0.00011598173048451618 0 0 -5.8201608219583849e-05 -2.8869296763411365e-05 0.00013779597068504601 0 0 0 0 0 0 0 2.2983665555246145e-07 -3.5053126796566429e-05
leaf_weight=4583 733 58 72 80 81 66 1012 85 201 177 79 730 674 916 65 116 93 1084 229 356 62 638 79 50 51 1692 195 638 3176 226
leaf_count=4583 733 58 72 80 81 66 1012 85 201 177 79 730 674 916 65 116 93 1084 229 356 62 638 79 50 51 1692 195 638 3176 226
internal_value=0 1.33229e-06 5.7037e-05 -3.15847e-06 -1.47011e-06 3.12153e-05 -3.07258e-06 -1.10653e-05 -4.29607e-06 -1.94404e-05 -3.4772e-05 2.9038e-07 2.04861e-06 1.02607e-05 2.18834e-05 5.80702e-05 7.64403e-05 -5.28669e-06 -1.35794e-05 0 2.69301e-06 1.63687e-05 5.93621e-05 -3.96484e-05 -4.79858e-05 -6.37205e-06 -1.83898e-05 0 -1.24887e-06 -1.24588e-05
internal_weight=18297 11933 130 6364 6284 147 6137 1554 1469 457 280 11803 9656 1864 948 274 209 2147 1063 7792 5549 779 141 330 280 2243 551 4770 4040 864
internal_count=18297 11933 130 6364 6284 147 6137 1554 1469 457 280 11803 9656 1864 948 274 209 2147 1063 7792 5549 779 141 330 280 2243 551 4770 4040 864
is_linear=0
shrinkage=0.05


Tree=222
num_leaves=31
num_cat=0
split_feature=105 98 133 50 117 27 43 15 142 93 64 82 133 88 97 50 120 49 131 15 81 21 75 6 85 132 81 77 18 126
split_gain=3.32813e-05 6.81585e-05 0.000197024 5.52615e-05 6.07128e-05 7.0825e-05 5.40942e-05 4.57573e-05 5.59518e-05 5.89157e-05 4.55355e-05 3.72237e-05 7.79957e-05 3.11785e-05 3.12528e-05 3.01161e-05 6.84043e-05 0.000264163 0.00130544 0.000107901 0.000117878 7.28785e-05 5.34875e-05 0.000110668 4.81414e-05 6.64662e-05 0.000220193 0.00018566 0.00026278 0.000548748
threshold=8.5000000000000018 11.250000000000004 72.635000000000005 1017.85 0.95000000000000007 1412.2500000000002 0.40150000000000008 0.00011145833333333335 802.31384976664242 271.04652805000006 37.800000000000061 19.182000000000006 56.030000000000008 22.537500000000005 -1.900000000000001 1000.4500000000002 267.07739310000005 984.85000000000002 76.492544055218147 0.0013937500000000002 45.95000000000001 0.39583333333333343 20.550000000000004 0.0052652777777777793 275.16983420000003 2.5000000000000004 39.150000000000013 278.58968990000011 0.012739583333333335 21.500000000000004
decision_type=2 2 2 2 2 2 2 2 2 2 2 2 2 2 2 2 8 2 2 2 2 2 2 2 2 2 2 2 2 2
left_child=3 15 -3 4 6 -6 7 -1 9 10 -9 13 -13 -5 -15 22 17 19 -19 -17 21 -21 23 -2 -18 26 -26 -27 -29 -30
right_child=1 2 -4 11 5 -7 -8 8 -10 -11 -12 12 -14 14 -16 16 24 18 -20 20 -22 -23 -24 -25 25 27 -28 28 29 -31
leaf_value=0 0 0 0.00011228195014343826 0 5.6739022023975851e-05 0 0 -5.7045146443876408e-05 0 0 0 5.8808632512295846e-05 0 0 -2.4766313231364142e-05 -4.4164653467389222e-06 1.3458562147802782e-06 0.00027831192300512177 0 9.0665803655518978e-05 0 0 0 -3.6596570870642614e-05 0 -1.2291249358199347e-05 -6.4976715687023286e-05 0 0.00020050025664235802 0
leaf_weight=94 711 430 52 468 54 71 292 312 60 164 50 79 250 109 272 770 9902 52 74 88 58 55 1063 354 645 1067 193 336 57 115
leaf_count=94 711 430 52 468 54 71 292 312 60 164 50 79 250 109 272 770 9902 52 74 88 58 55 1063 354 645 1067 193 336 57 115
internal_value=0 5.71148e-07 1.90685e-05 -5.85323e-06 -1.403e-05 0 -1.94453e-05 -2.71816e-05 -3.2435e-05 -3.79108e-05 -4.99231e-05 0 1.57333e-05 -3.65769e-06 -1.52911e-05 0 8.7311e-07 1.28476e-05 8.14071e-05 0 3.551e-05 6.17685e-05 -5.52824e-06 -1.36556e-05 0 -6.51351e-06 -1.78919e-05 0 2.43905e-05 7.44829e-05
internal_weight=18297 16022 482 2275 1097 125 972 680 586 526 362 1178 329 849 381 15540 13412 1097 126 971 201 143 2128 1065 12315 2413 838 1575 508 172
internal_count=18297 16022 482 2275 1097 125 972 680 586 526 362 1178 329 849 381 15540 13412 1097 126 971 201 143 2128 1065 12315 2413 838 1575 508 172
is_linear=0
shrinkage=0.05


Tree=223
num_leaves=31
num_cat=0
split_feature=74 81 83 63 88 74 128 120 0 92 142 139 97 74 61 116 92 16 14 19 14 67 35 120 81 118 84 84 29 15
split_gain=3.2444e-05 0.000132927 0.000128773 0.000902494 6.42499e-05 0.000156069 5.3213e-05 0.000101098 0.000279179 6.484e-05 3.5716e-05 0.000113737 0.000243971 0.00028865 0.000294613 0.000233658 0.000338197 4.3153e-05 2.48147e-05 6.81105e-05 4.36737e-05 2.59974e-05 3.30894e-05 2.95281e-05 3.01608e-05 2.49197e-05 7.29109e-05 0.000140214 0.000295034 0.000102846
threshold=15.950000000000003 49.650000000000013 35.20000000000001 6.1726000000000019 40.962500000000013 14.092857142857145 9.5935939531383383 279.57705010000006 0.019050000000000004 10.750000000000002 779.97322007526816 83.560079890267147 5.8000000000000034 24.921428571428574 1733.2500000000002 268.40370465000007 1.0500000000000005 0.94500000000000006 0.0028061725000000002 -0.00042142857142857124 0.0076330660000000009 23.350000000000005 275.10284210000003 266.12201855000006 30.850000000000005 19.750000000000004 3.1500000000000008 7.950000000000002 36.45000000000001 0.00067395833333333338
decision_type=2 2 2 2 2 2 2 8 2 2 2 2 2 2 2 2 2 2 2 2 2 2 2 10 2 10 2 2 2 2
left_child=1 4 10 -4 6 -6 7 8 -1 -10 11 18 13 15 -15 -13 -17 -12 19 -2 21 22 -20 -24 -25 -22 29 28 -28 -27
right_child=2 -3 3 -5 5 -7 -8 -9 9 -11 17 12 -14 14 -16 16 -18 -19 20 -21 25 -23 23 24 -26 26 27 -29 -30 -31
leaf_value=0 3.8958895729546987e-05 -6.8461651710633844e-05 0.00022346796772091271 -2.8006029589440486e-06 7.8826720877753074e-05 0 0 0 -0.00012155078080716273 0 0 0 0.00012939504483206707 -7.5759744298780924e-05 1.2787739092271322e-05 0 0.00015743727732819938 -2.301851888275772e-05 0 3.0144828471873669e-07 -8.3354073088624696e-07 0 0 0 -2.7076706034669432e-05 -1.5449808719792052e-05 0.00012025275315448634 0 1.699105832909063e-06 1.3126058371932284e-05
leaf_weight=518 148 80 51 69 81 66 4111 1350 87 71 639 79 54 155 60 80 79 323 947 2196 3941 191 195 71 559 677 91 398 378 552
leaf_count=518 148 80 51 69 81 66 4111 1350 87 71 639 79 54 155 60 80 79 323 947 2196 3941 191 195 71 559 677 91 398 378 552
internal_value=0 -3.08023e-06 1.31765e-06 5.30933e-05 -1.44158e-06 2.8397e-05 -2.97541e-06 -9.61449e-06 -2.54971e-05 -8.46028e-05 3.64019e-07 1.57927e-06 2.4759e-05 1.01511e-06 -2.79559e-05 4.81143e-05 8.43144e-05 -8.13883e-06 0 4.89005e-06 -8.63208e-07 -7.60613e-06 -1.00371e-05 -1.77874e-05 -2.30469e-05 5.02137e-07 5.3971e-06 1.67442e-05 3.55473e-05 0
internal_weight=18297 6364 11933 120 6284 147 6137 2026 676 158 11813 10851 507 453 215 238 159 962 10344 2344 8000 1963 1772 825 630 6037 2096 867 469 1229
internal_count=18297 6364 11933 120 6284 147 6137 2026 676 158 11813 10851 507 453 215 238 159 962 10344 2344 8000 1963 1772 825 630 6037 2096 867 469 1229
is_linear=0
shrinkage=0.05


Tree=224
num_leaves=31
num_cat=0
split_feature=116 14 42 137 33 43 44 85 90 128 15 118 43 137 42 103 2 101 21 131 121 6 90 134 140 105 50 53 49 86
split_gain=3.15874e-05 0.000134182 0.000157346 0.000600389 9.18688e-05 0.000185769 0.00017125 8.05813e-05 0.000224982 0.000303642 0.000832164 0.00125298 0.000125173 0.000160786 8.5533e-05 4.55072e-05 0.000207568 0.000181409 0.000166611 4.36002e-05 7.60242e-05 0.000134028 8.96342e-05 4.25461e-05 4.58213e-05 5.59236e-05 0.000113613 6.58395e-05 8.19678e-05 4.36946e-05
threshold=286.82309070000002 0.011400058000000003 0.57500000000000007 0.56500000000000006 0.77971218103835149 0.36350000000000005 477.50000000000006 272.34073235000005 26.594897959183676 9.3590620473672761 0.00041041666666666673 24.850000000000005 0.36350000000000005 0.18500000000000003 0.56500000000000006 1879.7500000000002 0.0018263445000000001 -5.5964320999999861 0.17361111111111113 91.501061372272162 0.35000000000000003 0.0073166666666666684 29.328571428571433 6.9450000000000012 30.130000000000003 8.5000000000000018 1001.0500000000001 151.50000000000003 961.1500000000002 5.5000000000000009
decision_type=2 2 2 2 2 2 2 2 2 2 2 10 2 2 2 2 2 2 2 2 8 2 2 2 2 2 2 2 2 2
left_child=7 4 19 -4 -2 -6 -7 15 -9 10 11 -10 -11 -14 -15 16 23 -18 -19 20 21 -3 -23 29 -25 -26 -27 28 -28 -1
right_child=1 2 3 -5 5 6 -8 8 9 12 -12 -13 13 14 -16 -17 17 18 -20 -21 -22 22 -24 24 25 26 27 -29 -30 -31
leaf_value=-2.3417565032030875e-05 0 0 0 0.0001573880511011351 -4.2165193956074814e-06 0 -0.00012435417814615613 0 0.00033962282537200298 0 0 0 0 0.0001080682821615132 0 2.8683085876343918e-07 0 0 -8.9536837626140193e-05 0 0 -0.00012888902956407176 0 -2.7781320052558087e-06 0 0 0 0 5.7324034165404476e-05 0
leaf_weight=386 882 121 322 76 560 88 96 2751 57 787 134 79 105 82 63 8119 53 50 188 657 206 51 50 1017 289 303 62 76 274 313
leaf_count=386 882 121 322 76 560 88 96 2751 57 787 134 79 105 82 63 8119 53 50 188 657 206 51 50 1017 289 303 62 76 274 313
internal_value=0 -4.77673e-06 3.54568e-06 3.19145e-05 -1.54379e-05 -2.87883e-05 -7.61179e-05 7.26069e-07 6.95106e-06 2.40821e-05 7.38272e-05 0.000161143 6.2546e-06 3.75302e-05 7.19353e-05 -1.09479e-06 -6.47913e-06 -4.70038e-05 -6.78003e-05 -2.27633e-06 -1.63462e-05 -3.69637e-05 -7.91968e-05 -2.90345e-07 1.33562e-06 1.04764e-05 1.86901e-05 3.59629e-05 4.55348e-05 -1.21295e-05
internal_weight=18297 3109 1483 398 1626 744 184 15188 4058 1307 270 136 1037 250 145 11130 3011 291 238 1085 428 222 101 2720 2021 1004 715 412 336 699
internal_count=18297 3109 1483 398 1626 744 184 15188 4058 1307 270 136 1037 250 145 11130 3011 291 238 1085 428 222 101 2720 2021 1004 715 412 336 699
is_linear=0
shrinkage=0.05


Tree=225
num_leaves=31
num_cat=0
split_feature=97 46 103 110 90 98 75 115 56 138 84 81 82 129 124 86 107 102 110 103 28 141 32 8 4 33 32 138 44 27
split_gain=2.35812e-05 6.28897e-05 7.51522e-05 6.37338e-05 0.000155267 2.74241e-05 4.47471e-05 0.000271697 0.000423877 4.445e-05 0.000127909 6.47622e-05 8.57433e-05 0.000137094 0.000214921 5.16401e-05 6.76667e-05 6.69435e-05 6.19778e-05 6.84986e-05 0.000138436 5.9635e-05 9.04754e-05 8.70461e-05 4.372e-05 4.3334e-05 6.07171e-05 9.61527e-05 8.21134e-05 3.36779e-05
threshold=-6.3999999999999986 2.5000000000000004 964.25000000000011 28.750000000000004 24.495918367346942 -1.0000000180025095e-35 8.3500000000000032 10.550000000000002 -2.4910174499999864 2.6200000000000006 5.2500000000000018 32.850000000000001 23.650000000000002 5.5000000000000009 -0.37940952255126015 11.500000000000002 10.65 0.20000000000000065 21.150000000000002 1220.2000000000003 27.400000000000002 31.660000000000004 17.750000000000004 0.0018967335084356673 5.9950000000000002e-06 0.83468633077712917 5.0500000000000007 4.7700000000000005 327.50000000000006 1818.9000000000001
decision_type=2 2 2 2 2 2 2 2 2 2 2 2 2 2 2 2 2 2 2 2 2 2 2 2 2 2 2 2 2 2
left_child=1 2 -1 4 -4 25 7 -7 -9 10 -8 12 -11 -14 -15 18 17 -17 19 24 -21 22 23 -20 -13 -2 -27 28 -28 -25
right_child=5 -3 3 -5 -6 6 9 8 -10 11 -12 15 13 14 -16 16 -18 -19 21 20 -22 -23 -24 29 -26 26 27 -29 -30 -31
leaf_value=0 -8.1194497105642254e-07 0 0 0 0.00011551487286364854 0 0 0 0.00014889808499771921 0 8.7156388019918405e-05 -2.7172671020513541e-05 0 0.00013651369465002123 0 0 -1.9692915187522464e-06 5.513876757095621e-05 0 8.6223688243562189e-05 0 -2.4903687206637167e-06 0 -7.9425146725670926e-05 0 0 0 0 -6.9874067273889735e-05 0
leaf_weight=115 8080 700 85 68 70 688 230 155 83 2841 55 163 124 60 70 88 1323 108 154 67 77 1195 240 170 393 351 52 291 155 170
leaf_count=115 8080 700 85 68 70 688 230 155 83 2841 55 163 124 60 70 88 1323 108 154 67 77 1195 240 170 393 351 52 291 155 170
internal_value=0 7.26216e-06 2.50086e-05 4.22525e-05 5.98735e-05 -4.89022e-07 1.16782e-06 1.15376e-05 5.79511e-05 0 1.92168e-05 -8.72092e-07 3.70068e-06 3.17316e-05 6.76482e-05 -5.48921e-06 0 2.88557e-05 -9.82964e-06 0 3.31617e-05 -1.45584e-05 -2.73732e-05 -3.96173e-05 -4.60075e-06 -2.61759e-06 -1.38985e-05 -2.51643e-05 -5.17189e-05 -5.40048e-05
internal_weight=18421 1038 338 223 155 17383 8454 926 238 7528 285 7243 3095 254 130 4148 1519 196 2629 700 144 1929 734 494 556 8929 849 498 207 340
internal_count=18421 1038 338 223 155 17383 8454 926 238 7528 285 7243 3095 254 130 4148 1519 196 2629 700 144 1929 734 494 556 8929 849 498 207 340
is_linear=0
shrinkage=0.05


Tree=226
num_leaves=31
num_cat=0
split_feature=97 46 103 12 89 82 98 28 94 66 73 120 75 2 124 84 1 134 115 138 92 111 67 83 44 50 19 114 75 103
split_gain=2.12212e-05 5.72797e-05 6.96738e-05 5.42302e-05 7.63296e-05 4.26174e-05 2.50993e-05 4.18758e-05 7.28705e-05 7.39075e-05 6.05726e-05 0.000100304 0.000388203 0.000191068 0.00034446 3.7556e-05 4.25261e-05 6.9378e-05 3.75347e-05 4.86929e-05 8.10083e-05 0.000101441 0.000105045 0.000107083 6.01962e-05 4.19596e-05 3.19808e-05 2.17353e-05 3.66527e-05 4.9013e-05
threshold=-6.3999999999999986 2.5000000000000004 964.25000000000011 0.041859597500000005 35.050000000000004 28.702000000000005 -1.0000000180025095e-35 31.350000000000005 30.500000000000004 22.525000000000002 32.95000000000001 271.92118405000002 7.1500000000000012 8.8750000000000016e-05 1.0000000180025095e-35 8.2500000000000018 2.2800000000000002e-05 6.8950000000000005 9.0500000000000025 5.4700000000000015 3.6500000000000012 13.750000000000002 5.9500000000000011 14.450000000000001 397.50000000000006 997.95000000000016 -0.0019357142857142848 17.250000000000004 9.5500000000000025 1961.5000000000002
decision_type=2 2 2 2 2 2 2 2 2 2 2 8 2 2 2 2 2 2 2 2 2 2 2 2 2 2 2 2 2 2
left_child=1 2 -1 4 -4 -6 18 8 10 -10 11 12 -8 -14 -15 -12 -17 -18 27 20 -20 22 -22 -24 -25 -26 -23 -2 -29 -30
right_child=6 -3 3 -5 5 -7 7 -9 9 -11 15 -13 13 14 -16 16 17 -19 19 -21 21 26 23 24 25 -27 -28 28 29 -31
leaf_value=0 -5.5260427549494068e-07 0 0 0 0.00011947860990988244 0 0.00013880142191747863 -3.0852551921909979e-06 8.7873536604092802e-05 0 0 0 0 0.00014520931875736234 0 0 -6.1948534146825482e-05 0 0 0 0 -1.5502754635444697e-05 0 0 0 -6.1991467106183468e-05 1.1401738815652523e-05 0 3.4934358597086156e-05 0
leaf_weight=115 4036 700 56 60 55 52 67 2716 55 97 921 2690 1016 65 137 256 105 329 759 2240 302 184 93 64 50 393 272 179 218 139
leaf_count=115 4036 700 56 60 55 52 67 2716 55 97 921 2690 1016 65 137 256 105 329 759 2240 302 184 93 64 50 393 272 179 218 139
internal_value=0 6.87303e-06 2.38159e-05 4.04475e-05 5.53283e-05 8.00963e-05 -4.7801e-07 1.08762e-06 3.93421e-06 4.02322e-05 2.04456e-06 5.96874e-06 1.74682e-05 6.58376e-06 5.11208e-05 -4.53398e-06 -1.35585e-05 -2.31608e-05 -2.52022e-06 -5.87766e-06 -1.13384e-05 -1.86917e-05 -2.84017e-05 -4.06074e-05 -4.97776e-05 -5.63375e-05 0 0 9.94448e-06 2.01071e-05
internal_weight=18421 1038 338 223 163 107 17383 8454 5738 152 5586 3975 1285 1218 202 1611 690 434 8929 4357 2117 1358 902 600 507 443 456 4572 536 357
internal_count=18421 1038 338 223 163 107 17383 8454 5738 152 5586 3975 1285 1218 202 1611 690 434 8929 4357 2117 1358 902 600 507 443 456 4572 536 357
is_linear=0
shrinkage=0.05


Tree=227
num_leaves=31
num_cat=0
split_feature=97 46 103 110 81 98 28 94 92 111 129 120 75 50 138 108 31 3 134 34 92 89 120 115 138 92 111 85 35 10
split_gain=1.927e-05 5.29121e-05 6.53676e-05 5.62013e-05 9.81174e-05 2.30678e-05 3.86015e-05 6.69067e-05 6.7912e-05 5.78005e-05 0.000132499 9.38599e-05 0.000343982 9.94923e-05 0.000156367 0.00020658 0.000257535 7.67646e-05 0.00010299 6.04574e-05 5.93562e-05 3.69475e-05 0.00011061 3.38475e-05 4.36563e-05 7.50439e-05 9.04507e-05 7.18506e-05 8.51083e-05 6.39807e-05
threshold=-6.3999999999999986 2.5000000000000004 964.25000000000011 28.750000000000004 32.750000000000007 -1.0000000180025095e-35 31.350000000000005 30.500000000000004 9.3500000000000032 13.65 7.5000000000000009 271.92118405000002 7.1500000000000012 1016.85 4.6400000000000015 278.05923945000006 15.050000000000002 0.0012044165000000002 6.8950000000000005 -0.36687877593400986 6.1500000000000021 33.350000000000001 270.91426480000007 9.0500000000000025 5.4500000000000011 3.6500000000000012 13.750000000000002 279.9046078500001 273.19038760000007 23.095000000000002
decision_type=2 2 2 2 2 2 2 2 2 2 2 8 2 2 2 2 2 2 2 2 2 2 8 2 2 2 2 2 2 2
left_child=1 2 -1 4 -4 23 7 9 -9 11 21 12 -7 19 15 -15 -17 -12 -19 -14 -21 22 -11 -2 25 -25 27 28 -27 -30
right_child=5 -3 3 -5 -6 6 -8 8 -10 10 17 -13 13 14 -16 16 -18 18 -20 20 -22 -23 -24 24 -26 26 -28 -29 29 -31
leaf_value=0 0 0 0 0 0.00011596329414176042 0.00013196341911599817 -2.931049197379057e-06 6.8865549583170787e-05 0 8.0709131339590709e-05 0 0 0 0 0 0 0.00018845809655781173 -8.5354676041763907e-05 0 0 -6.1279949267373007e-05 -1.8716448572587417e-06 0 0 0 0 0 0 -2.1249864407436569e-05 -0.00010289967935748566
leaf_weight=115 4572 700 102 68 53 67 2716 83 69 55 103 2572 451 81 380 76 51 110 74 51 79 1173 263 753 2264 132 446 78 596 88
leaf_count=115 4572 700 102 68 53 67 2716 83 69 55 103 2572 451 81 380 76 51 110 74 51 79 1173 263 753 2264 132 446 78 596 88
internal_value=0 6.5568e-06 2.28467e-05 3.89807e-05 5.55203e-05 -4.49129e-07 1.03625e-06 3.78552e-06 3.86527e-05 1.93507e-06 -3.97058e-06 6.00549e-06 1.73421e-05 6.392e-06 2.24043e-05 5.7315e-05 9.69462e-05 -3.53207e-05 -5.45847e-05 -1.23279e-06 -3.40664e-05 0 1.66333e-05 -2.41535e-06 -5.601e-06 -1.08356e-05 -1.79789e-05 -2.71473e-05 -3.20499e-05 -3.91887e-05
internal_weight=18421 1038 338 223 155 17383 8454 5738 152 5586 1778 3808 1236 1169 588 208 127 287 184 581 130 1491 318 8929 4357 2093 1340 894 816 684
internal_count=18421 1038 338 223 155 17383 8454 5738 152 5586 1778 3808 1236 1169 588 208 127 287 184 581 130 1491 318 8929 4357 2093 1340 894 816 684
is_linear=0
shrinkage=0.05


Tree=228
num_leaves=31
num_cat=0
split_feature=77 112 134 3 103 104 124 131 17 49 112 131 81 115 121 85 69 139 34 44 112 101 21 138 128 59 135 105 110 110
split_gain=1.84513e-05 5.41134e-05 8.551e-05 0.000119594 0.000174468 0.000161125 6.40531e-05 0.000334159 0.000132584 0.000125317 0.000310843 0.000256346 6.33119e-05 8.76506e-05 0.000130024 9.65083e-05 5.15018e-05 0.000190001 0.000437069 3.88031e-05 3.55367e-05 4.82264e-05 3.57193e-05 3.52771e-05 0.000102009 9.12893e-05 2.95303e-05 5.49991e-05 3.50671e-05 4.71591e-05
threshold=274.95372855000005 278.61657075000005 8.8100000000000023 0.014072153500000002 1164.9000000000003 0.45000000000000007 0.91597561503675351 39.184882750482181 0.10030000000000001 979.45000000000016 282.16859210000007 86.769874021242742 35.95000000000001 15.950000000000001 0.25000000000000006 280.52579190000006 274.12674455000007 87.760506709764101 -0.62766881875949621 557.50000000000011 291.71270460000011 -3.3638292500000087 0.72916666666666685 4.5150000000000006 8.922191521710662 8.8640500000000024 18.555000000000003 18.500000000000004 28.650000000000002 9.3500000000000032
decision_type=2 2 2 2 2 2 2 2 2 2 2 2 2 2 10 2 2 2 2 2 2 2 2 2 2 2 2 2 2 2
left_child=16 2 3 -2 5 -5 8 -8 12 -10 -11 -12 -3 14 15 20 -1 26 -19 -15 21 -14 -23 24 -21 -26 -18 28 29 -28
right_child=1 6 -4 4 -6 -7 7 -9 9 10 11 -13 13 19 -16 -17 17 18 -20 23 -22 22 -24 -25 25 -27 27 -29 -30 -31
leaf_value=0 0 0 0 0 0 -0.00013761009298286807 0.00010548287547763221 0 0 0 0.00019556250820089335 0 0 -1.2219301204665953e-05 9.3105687150606751e-06 -6.6243835133851772e-05 -3.1140688240666483e-06 0 0.00017292816401127392 0 0 -2.8326783798142939e-05 0 0 0.00010032070941911193 0 0 0 0 3.2700295254103314e-05
leaf_weight=8772 502 1692 1148 85 252 79 88 430 477 95 50 67 112 499 89 204 477 50 56 85 232 563 50 545 58 143 107 946 74 394
leaf_count=8772 502 1692 1148 85 252 79 88 430 477 95 50 67 112 499 89 204 477 50 56 85 232 563 50 545 58 143 107 946 74 394
internal_value=0 -1.92277e-06 -8.88515e-06 -2.02529e-05 -4.02611e-05 -8.20979e-05 0 1.72744e-05 -1.02963e-06 1.78242e-05 5.00003e-05 0.000105349 -5.24402e-06 -1.03369e-05 -1.989e-05 -2.64375e-05 1.29463e-06 8.35623e-06 7.56198e-05 0 -1.26727e-05 -1.82835e-05 -2.43234e-05 5.1832e-06 1.96258e-05 4.2541e-05 2.2504e-06 7.21884e-06 1.94013e-05 2.46279e-05
internal_weight=18421 7545 2066 918 416 164 5479 518 4961 689 212 117 4272 2580 1250 1161 10876 2104 106 1330 957 725 613 831 286 201 1998 1521 575 501
internal_count=18421 7545 2066 918 416 164 5479 518 4961 689 212 117 4272 2580 1250 1161 10876 2104 106 1330 957 725 613 831 286 201 1998 1521 575 501
is_linear=0
shrinkage=0.05


Tree=229
num_leaves=31
num_cat=0
split_feature=83 84 132 124 1 1 131 6 73 7 19 66 33 13 13 88 103 133 114 131 115 77 22 134 21 41 30 31 131 33
split_gain=1.71605e-05 0.000123143 0.000449313 3.75709e-05 0.00011859 0.000446557 8.18552e-05 0.000103032 0.000104659 0.000172944 4.93237e-05 0.000295763 4.45685e-05 0.000138874 0.000130912 0.000193003 4.07842e-05 4.79705e-05 9.80198e-05 3.77263e-05 3.63697e-05 3.16382e-05 3.07942e-05 6.26116e-05 7.00317e-05 5.30603e-05 7.24822e-05 0.000124088 4.23751e-05 6.0485e-05
threshold=14.65 10.050000000000002 1.5000000000000002 0.91597561503675351 0.0010886570000000003 0.00046649400000000008 34.367255878312768 0.0022361111111111115 26.450000000000003 0.068650000000000017 -0.013334285714285713 12.925000000000002 0.79427347192175868 0.00034440854166666669 0.0010833123541666668 45.662500000000009 1156.0500000000004 21.260000000000002 26.750000000000004 165.8846300468488 13.750000000000002 275.42537565000003 4.5000000000000009 8.8950000000000014 0.65972222222222232 37.500000000000007 -1.4871428571428555 22.950000000000003 36.194106249939516 -0.97479767615234492
decision_type=2 2 2 2 2 2 2 2 2 2 2 2 2 2 2 2 2 2 2 2 2 2 2 2 2 2 2 2 2 2
left_child=1 -1 -3 6 5 -5 7 -2 -9 -10 11 -8 22 16 15 -15 17 -14 -19 -20 -16 -22 23 24 28 26 -24 -28 -12 -30
right_child=3 2 -4 4 -6 -7 10 8 9 -11 12 -13 13 14 20 -17 -18 18 19 -21 21 -23 25 -25 -26 -27 27 -29 29 -31
leaf_value=5.0188533401814821e-08 0 0.00016584615514670341 0 0 -1.0288513065544243e-06 0.00015306321318922573 0.00012659901753750091 0 -9.7989085936248785e-05 0 0 0 0 0 0 8.1963168355584032e-05 0 0 -9.2258592698209627e-05 0 0 -3.0930329816047083e-05 0 0 0 0 0.00010659573147092617 0 0 -4.0521460381764728e-05
leaf_weight=6509 407 52 140 505 942 61 51 84 126 105 79 253 79 452 107 97 140 112 123 80 91 335 258 1024 219 5296 55 89 153 397
leaf_count=6509 407 52 140 505 942 61 51 84 126 105 79 253 79 452 107 97 140 112 123 80 91 335 258 1024 219 5296 55 89 153 397
internal_value=0 1.99363e-06 4.16299e-05 -1.17796e-06 5.1927e-06 2.43492e-05 -2.60869e-06 -1.92476e-05 -4.07769e-05 -5.82458e-05 -8.14095e-07 1.75567e-05 -1.96815e-06 -9.53488e-06 0 1.7881e-05 -3.03928e-05 -3.8849e-05 -4.76033e-05 -6.86397e-05 -1.68396e-05 -2.38236e-05 0 -5.87979e-06 -1.61443e-05 1.46506e-06 1.89608e-05 4.74224e-05 -2.50828e-05 -3.01929e-05
internal_weight=18421 6701 192 11720 1508 566 10212 722 315 231 9490 304 9186 1616 1082 549 534 394 315 203 533 426 7570 1872 848 5698 402 144 629 550
internal_count=18421 6701 192 11720 1508 566 10212 722 315 231 9490 304 9186 1616 1082 549 534 394 315 203 533 426 7570 1872 848 5698 402 144 629 550
is_linear=0
shrinkage=0.05


Tree=230
num_leaves=31
num_cat=0
split_feature=105 50 55 43 98 59 131 81 67 129 49 33 118 100 138 116 11 93 117 15 61 134 105 92 95 105 0 28 136 46
split_gain=5.6945e-05 0.00010503 4.78723e-05 5.74329e-05 4.32296e-05 0.000144907 0.000145514 4.24179e-05 0.000527914 0.000152223 0.00126491 7.44574e-05 7.97905e-05 5.07785e-05 8.71631e-05 3.7477e-05 0.00012071 3.5242e-05 4.61185e-05 3.81795e-05 3.47003e-05 3.11756e-05 0.000115511 0.000132813 7.57992e-05 4.3501e-05 0.000316056 5.34392e-05 5.29897e-05 6.00211e-05
threshold=8.5000000000000018 1018.2500000000001 22.253384150000048 0.42550000000000004 11.250000000000004 11.848600000000001 71.052266785764871 45.050000000000004 6.1500000000000012 7.5000000000000009 983.6500000000002 0.87297057465106709 31.050000000000004 -3.1499999999999768 5.4150000000000009 291.76732130000005 0.0044062812152777788 272.09193590000001 1.3500000000000003 9.7916666666666684e-05 1624.6000000000004 6.5650000000000004 15.500000000000002 7.9500000000000011 1.0000000180025095e-35 19.500000000000004 0.23690000000000003 42.150000000000013 0.62500000000000011 68.500000000000014
decision_type=2 2 2 2 2 2 2 2 2 2 2 2 10 2 2 2 2 2 2 2 2 2 2 2 2 2 2 2 2 2
left_child=1 2 3 17 7 6 -6 15 -9 11 -11 -10 13 14 -13 21 -17 18 19 -1 -21 22 23 -2 -25 26 27 28 -23 -30
right_child=4 -3 -4 -5 5 -7 -8 8 9 10 -12 12 -14 -15 -16 16 -18 -19 -20 20 -22 25 -24 24 -26 -27 -28 -29 29 -31
leaf_value=0 0 0 0 0 0.00012392122363962701 0 0 0.00012149146846869119 7.1167448169368067e-07 -6.6813401041896122e-06 0.00026251837078484201 -7.206988058470447e-05 0 0 0 0 -7.1109239600982392e-05 0 0 -4.4167588191457474e-05 0 0 4.8955676539969782e-07 0 -7.8081196396632491e-05 0 0.000132807597956522 -1.9346155885224495e-05 1.7536818672163284e-05 0
leaf_weight=60 483 1121 51 180 55 283 135 96 807 112 50 144 288 87 91 588 77 200 94 523 50 1726 1770 197 139 6957 50 160 1269 455
leaf_count=60 483 1121 51 180 55 283 135 96 807 112 50 144 288 87 91 588 77 200 94 523 50 1726 1770 197 139 6957 50 160 1269 455
internal_value=9.06576e-08 -6.97013e-06 -1.79478e-05 -2.10942e-05 1.40767e-06 1.68081e-05 5.09684e-05 6.16442e-07 8.17297e-06 0 4.6831e-05 -4.03401e-06 -1.84865e-05 -3.55534e-05 -4.76228e-05 0 -1.17936e-05 -2.61916e-05 -3.15513e-05 -3.63996e-05 -4.03697e-05 2.83218e-07 -4.10531e-06 -2.01217e-05 -4.43896e-05 1.82456e-06 6.27382e-06 3.10033e-06 5.59548e-06 1.18082e-05
internal_weight=18298 2279 1158 1107 16019 473 190 15546 1675 1579 162 1417 610 322 235 13871 665 927 727 633 573 13206 2589 819 336 10617 3660 3610 3450 1724
internal_count=18298 2279 1158 1107 16019 473 190 15546 1675 1579 162 1417 610 322 235 13871 665 927 727 633 573 13206 2589 819 336 10617 3660 3610 3450 1724
is_linear=0
shrinkage=0.05


Tree=231
num_leaves=31
num_cat=0
split_feature=105 50 35 98 59 106 28 85 85 141 115 103 111 120 49 83 131 15 123 44 133 103 22 16 105 22 83 5 90 89
split_gain=4.90591e-05 9.51127e-05 4.49863e-05 3.98841e-05 0.000135739 0.000143813 0.000135762 8.53835e-05 0.000372633 4.62578e-05 8.98254e-05 0.00010499 7.96687e-05 5.20609e-05 0.000557165 6.46134e-05 0.000188642 4.1547e-05 0.000108671 3.88267e-05 3.78804e-05 0.000175171 0.000140226 4.67393e-05 4.27772e-05 4.57744e-05 5.29362e-05 8.81011e-05 0.000130445 0.00018148
threshold=8.5000000000000018 1018.2500000000001 295.40338415000008 11.250000000000004 11.848600000000001 26.550000000000004 28.550000000000004 281.00325015000004 280.2043680000001 38.490000000000002 12.750000000000002 1148.2500000000002 6.2500000000000009 267.07739310000005 985.85000000000002 31.000000000000004 65.109679780342262 0.0012729166666666668 0.25881904510252091 797.50000000000011 79.980000000000004 1699.2500000000002 7.5000000000000009 2.2800000000000007 23.500000000000004 3.5000000000000004 17.050000000000004 0.045000000000000005 27.031632653061227 44.150000000000013
decision_type=2 2 2 2 2 2 2 2 2 2 2 2 2 8 2 2 2 2 2 2 2 2 2 2 2 2 2 2 2 2
left_child=1 2 -1 7 5 -5 -7 8 9 13 -11 12 -12 14 17 20 -17 -2 -19 -9 24 22 -22 -24 25 -15 -27 -28 29 -29
right_child=3 -3 -4 4 -6 6 -8 19 -10 10 11 -13 -14 15 -16 16 -18 18 -20 -21 21 -23 23 -25 -26 26 27 28 -30 -31
leaf_value=-2.005183797418204e-05 -1.1640184650580452e-06 0 0 0 0 0.00014942085663138783 0 -4.3924468807563247e-05 0.00011676009918405076 0 0 0 -0.00010977972649925505 -1.7840569931742566e-06 0.0001377737698700313 -0.00011013158329928152 0 5.3228665941491492e-05 0 0 0 0 0 -0.0001271256814726581 0 5.8532914152426286e-07 0 5.9492320230251691e-05 0 0
leaf_weight=1107 1144 1121 51 77 283 51 62 149 69 925 51 148 63 598 81 50 360 131 249 67 189 871 59 58 5963 2359 666 398 626 272
leaf_count=1107 1144 1121 51 77 283 51 62 149 69 925 51 148 63 598 81 50 360 131 249 67 189 871 59 58 5963 2359 666 398 626 272
internal_value=6.80058e-08 -6.46356e-06 -1.69513e-05 1.3097e-06 1.60891e-05 4.91842e-05 8.48931e-05 5.37411e-07 1.29252e-06 4.35221e-07 -8.46315e-06 -3.43131e-05 -7.0534e-05 1.5415e-06 1.00923e-05 3.916e-08 -1.89102e-05 0 1.63874e-05 -2.97716e-05 1.09954e-06 -6.39365e-06 -3.97911e-05 -8.42035e-05 2.36995e-06 5.84469e-06 8.0575e-06 1.44896e-05 2.20811e-05 3.7795e-05
internal_weight=18298 2279 1158 16019 473 190 113 15546 15330 15261 1187 262 114 14074 1605 12469 410 1524 380 216 12059 1177 306 117 10882 4919 4321 1962 1296 670
internal_count=18298 2279 1158 16019 473 190 113 15546 15330 15261 1187 262 114 14074 1605 12469 410 1524 380 216 12059 1177 306 117 10882 4919 4321 1962 1296 670
is_linear=0
shrinkage=0.05


Tree=232
num_leaves=31
num_cat=0
split_feature=105 132 51 83 112 142 30 98 133 85 85 141 115 103 111 120 128 137 80 83 131 44 133 103 22 105 22 83 53 82
split_gain=4.20326e-05 5.39284e-05 7.10645e-05 6.62164e-05 7.87057e-05 9.20935e-05 8.26437e-05 3.61728e-05 0.00012772 7.67913e-05 0.000337044 4.26277e-05 8.28157e-05 9.52042e-05 6.9143e-05 4.71124e-05 0.000257712 0.00118729 6.57266e-05 5.98216e-05 0.00016907 3.52098e-05 3.45274e-05 0.000165452 0.000127411 3.95067e-05 4.3261e-05 4.73981e-05 8.32052e-05 0.000150755
threshold=8.5000000000000018 3.5000000000000004 512.50000000000011 16.750000000000004 293.46440685000005 792.09608757843159 -3.1014285714285701 11.250000000000004 72.635000000000005 281.00325015000004 280.2043680000001 38.490000000000002 12.750000000000002 1148.2500000000002 6.2500000000000009 267.07739310000005 9.1980520126980121 1.8100000000000003 32.837500000000013 31.000000000000004 65.109679780342262 797.50000000000011 79.980000000000004 1699.2500000000002 7.5000000000000009 23.500000000000004 3.5000000000000004 17.050000000000004 194.50000000000003 26.970000000000006
decision_type=2 2 2 2 2 2 2 2 2 2 2 2 2 2 2 8 2 2 2 2 2 2 2 2 2 2 2 2 2 2
left_child=1 2 3 -1 5 6 -5 9 -9 10 11 15 -13 14 -14 16 17 18 -2 22 -21 -11 25 24 -24 26 -17 -28 29 -29
right_child=7 -3 -4 4 -6 -7 -8 8 -10 21 -12 12 13 -15 -16 19 -18 -19 -20 20 -22 -23 23 -25 -26 -27 27 28 -30 -31
leaf_value=0 -1.4861485361448714e-05 0 0 0 0 0 -5.5959219729132286e-05 0 9.1827222016339273e-05 -4.1742887128869674e-05 0.0001110055024286599 0 0 0 -0.00010437650397953746 -1.6950034109438397e-06 0 0.00025031828506932169 3.8814095993356681e-05 -0.00010473297407431757 0 0 0 0 -8.1079229100504248e-05 0 5.5607504761282746e-07 3.2681997331325599e-05 0 0
leaf_weight=554 170 873 225 106 74 67 380 423 50 149 69 925 51 148 63 598 1293 59 83 50 360 67 189 871 117 5963 2359 901 459 602
leaf_count=554 170 873 225 106 74 67 380 423 50 149 69 925 51 148 63 598 1293 59 83 50 360 67 189 871 117 5963 2359 901 459 602
internal_value=4.63334e-08 -5.97678e-06 -1.23979e-05 -1.82558e-05 -2.98475e-05 -3.69465e-05 -4.50067e-05 1.21566e-06 1.52853e-05 4.65022e-07 1.19776e-06 3.66433e-07 -8.17206e-06 -3.29983e-05 -6.7527e-05 1.44234e-06 9.56923e-06 5.02817e-05 0 0 -1.82403e-05 -2.82636e-05 1.03064e-06 -6.08069e-06 -3.85902e-05 2.25972e-06 5.60087e-06 7.7676e-06 1.38865e-05 1.97482e-05
internal_weight=18298 2279 1406 1181 627 553 486 16019 473 15546 15330 15261 1187 262 114 14074 1605 312 253 12469 410 216 12059 1177 306 10882 4919 4321 1962 1503
internal_count=18298 2279 1406 1181 627 553 486 16019 473 15546 15330 15261 1187 262 114 14074 1605 312 253 12469 410 216 12059 1177 306 10882 4919 4321 1962 1503
is_linear=0
shrinkage=0.05


Tree=233
num_leaves=31
num_cat=0
split_feature=115 75 5 75 128 134 92 64 21 128 90 85 75 98 138 139 115 90 73 32 104 101 139 136 111 73 91 75 90 137
split_gain=3.87721e-05 0.000309544 0.000906307 0.000101853 0.000181895 9.99586e-05 0.000168217 0.000129264 0.000182346 0.000306196 0.000360761 7.32479e-05 0.000146934 9.57487e-05 0.000154737 2.64914e-05 3.69182e-05 2.84089e-05 2.64776e-05 3.39126e-05 5.04683e-05 2.1214e-05 9.15217e-05 7.76521e-05 0.000140132 7.75936e-05 4.76882e-05 0.000148308 0.000151942 0.000111662
threshold=16.450000000000003 7.3500000000000005 0.115 11.250000000000002 9.3643053193519865 8.8950000000000014 11.550000000000002 436.30000000000001 0.50694444444444453 9.3882773295766153 26.694897959183677 280.52579190000006 18.150000000000002 -2.2000000000000015 4.4450000000000012 31.486002835234142 19.550000000000004 25.489795918367353 21.250000000000004 16.850000000000005 0.75000000000000011 -0.12411090000000512 89.303625086230099 0.055000000000000007 5.8500000000000005 34.45000000000001 18.250000000000004 14.950000000000001 22.664285714285718 0.56500000000000006
decision_type=2 2 2 2 2 2 2 2 2 2 2 2 2 2 2 2 2 2 2 2 2 2 2 2 2 2 2 2 2 2
left_child=11 2 -2 4 -3 6 7 8 -5 10 -10 21 13 -13 -15 16 -7 -17 -18 20 -20 22 -1 -24 -25 -26 -23 28 -28 -30
right_child=1 3 -4 5 -6 15 -8 -9 9 -11 -12 12 -14 14 -16 17 18 -19 19 -21 -22 26 23 24 25 -27 27 -29 29 -31
leaf_value=0 0.00024295110840988479 -8.0975692958370362e-05 0 0 0 0 0 0 0 0 0.00021391936843584913 0 7.0420606666280344e-06 -0.00011254812204447996 -3.8377114440310219e-06 0 0 2.5978083510746381e-05 0 0 -3.5517269533369154e-05 0 0 0 -7.7755695814195273e-05 0 0 0 0 7.4534680040397815e-05
leaf_weight=8431 52 94 113 147 466 492 367 111 50 151 69 58 64 92 246 61 75 161 73 308 314 4363 131 125 163 70 147 950 143 211
leaf_count=8431 52 94 113 147 466 492 367 111 50 151 69 58 64 92 246 61 75 161 73 308 314 4363 131 125 163 70 147 950 143 211
internal_value=2.2626e-08 5.3451e-06 7.20847e-05 0 -1.73145e-05 6.02686e-06 1.93749e-05 3.78258e-05 5.08315e-05 7.52833e-05 0.000138486 -7.35933e-07 -2.03734e-05 -3.74052e-05 -4.84215e-05 0 -4.702e-06 1.31062e-05 -1.2487e-05 -1.63656e-05 -2.64377e-05 0 -1.65e-06 -2.27269e-05 -3.52951e-05 -5.8381e-05 2.22344e-06 1.00949e-05 3.21456e-05 5.03115e-05
internal_weight=18298 3104 165 2939 560 2379 895 528 417 270 119 15194 460 396 338 1484 1262 222 770 695 387 14734 8920 489 358 233 5814 1451 501 354
internal_count=18298 3104 165 2939 560 2379 895 528 417 270 119 15194 460 396 338 1484 1262 222 770 695 387 14734 8920 489 358 233 5814 1451 501 354
is_linear=0
shrinkage=0.05


Tree=234
num_leaves=31
num_cat=0
split_feature=115 75 1 114 85 103 16 16 134 19 114 103 119 85 75 98 138 30 42 103 118 101 139 110 136 73 114 91 108 90
split_gain=3.58634e-05 0.000276765 0.000822012 0.000142194 0.000144536 8.32883e-05 0.00012457 0.00022384 0.000230554 8.82579e-05 0.000105814 0.000154812 0.00011644 6.48884e-05 0.000138812 9.0825e-05 0.000130641 2.64962e-05 2.18219e-05 1.98506e-05 2.71153e-05 1.90394e-05 8.11462e-05 7.64549e-05 0.000143509 7.82414e-05 7.53938e-05 0.000111079 0.000146837 0.000243938
threshold=16.450000000000003 7.3500000000000005 0.0012033695000000001 28.050000000000004 277.2569534000001 1156.0500000000004 0.29500000000000004 0.065000000000000016 9.1100000000000012 -0.0015614285714285712 34.650000000000013 1455.6000000000001 14.15 280.52579190000006 18.150000000000002 -2.2000000000000015 4.4450000000000012 -1.9928571428571404 0.15500000000000003 1611.4000000000003 34.250000000000007 -0.12411090000000512 89.303625086230099 15.950000000000001 0.055000000000000007 34.45000000000001 28.250000000000004 18.250000000000004 282.0825350500001 27.405102040816328
decision_type=2 2 2 2 2 2 2 2 2 2 2 2 10 2 2 2 2 2 2 2 10 2 2 2 2 2 2 2 2 2
left_child=13 2 -2 4 18 6 7 -5 -9 17 -11 12 -12 21 15 -15 -17 -7 -3 20 -19 22 -1 -24 -25 -26 -23 -28 29 -29
right_child=1 3 -4 5 -6 9 -8 8 -10 10 11 -13 -14 14 -16 16 -18 19 -20 -21 -22 26 23 24 25 -27 27 28 -30 -31
leaf_value=0 0.00023103275332824475 2.937847235331831e-05 0 0 0.00011129254559169306 0 0 -0.00012945998797222273 0 0 0.00014345242754841987 0 0 0 6.6953770471557649e-06 -0.00010698122424391155 -3.6466028362373302e-06 -2.741426533211053e-05 0 0 0 0 0 0 -7.83783361383122e-05 0 0 0.00012304042605193767 0 0
leaf_weight=8431 52 64 113 107 55 305 510 99 122 449 54 157 95 58 64 92 246 287 311 250 74 5183 185 77 157 70 198 96 228 109
leaf_count=8431 52 64 113 107 55 305 510 99 122 449 54 157 95 58 64 92 246 287 311 250 74 5183 185 77 157 70 198 96 228 109
internal_value=8.91745e-09 5.13878e-06 6.82795e-05 0 2.78304e-05 -2.9376e-06 -1.65058e-05 -4.05136e-05 -7.03788e-05 8.82189e-07 1.5818e-05 3.84425e-05 7.48653e-05 -7.10283e-07 -1.91968e-05 -3.59822e-05 -4.67551e-05 -5.97968e-06 2.02803e-06 -1.27205e-05 -2.02645e-05 0 -1.57897e-06 -2.14337e-05 -3.69423e-05 -5.83026e-05 2.08821e-06 1.83945e-05 3.36538e-05 6.4561e-05
internal_weight=18298 3104 165 2939 430 2509 838 328 221 1671 755 306 149 15194 460 396 338 916 375 611 361 14734 8920 489 304 227 5814 631 433 205
internal_count=18298 3104 165 2939 430 2509 838 328 221 1671 755 306 149 15194 460 396 338 916 375 611 361 14734 8920 489 304 227 5814 631 433 205
is_linear=0
shrinkage=0.05


Tree=235
num_leaves=31
num_cat=0
split_feature=6 73 116 96 134 96 89 90 138 85 137 35 42 10 90 16 98 93 137 83 135 92 116 49 120 110 128 87 136 96
split_gain=3.9466e-05 5.7223e-05 8.81146e-05 0.000245885 0.00029498 3.64691e-05 4.6186e-05 3.56749e-05 9.93632e-05 0.000226678 0.00046934 0.000136734 0.00039028 4.92129e-05 9.46191e-05 5.24545e-05 4.84713e-05 4.62175e-05 3.9095e-05 3.81901e-05 6.20402e-05 4.26525e-05 3.60134e-05 3.60496e-05 3.29124e-05 5.38387e-05 3.08089e-05 4.45699e-05 2.89931e-05 2.70859e-05
threshold=0.012334722222222224 33.650000000000013 294.54299540000005 39.212500000000013 8.7750000000000004 36.812500000000007 27.250000000000004 22.988775510204086 4.745000000000001 276.11494225000007 1.7650000000000003 282.78266455000005 0.79500000000000015 16.980000000000004 26.860204081632656 0.43500000000000005 -7.7999999999999972 264.47852265 6.0100000000000007 31.000000000000004 72.245000000000019 11.350000000000003 290.73006820000006 961.95000000000016 269.21241455000006 28.050000000000004 11.677888904074182 6.5000000000000009 2.8500000000000001 33.237500000000004
decision_type=2 2 2 2 2 2 2 2 2 2 2 2 2 2 2 2 2 2 2 2 2 2 2 2 10 2 2 2 2 2
left_child=7 2 3 5 -5 6 -2 29 9 19 11 -11 -13 14 18 -16 -17 -18 -10 20 24 -21 23 -15 25 -9 27 28 -19 -1
right_child=1 -3 -4 4 -6 -7 -8 8 13 10 -12 12 -14 22 15 16 17 26 -20 21 -22 -23 -24 -25 -26 -27 -28 -29 -30 -31
leaf_value=4.7017256416222371e-07 0 4.8697244047925212e-07 1.5457632305944211e-05 -0.00017448485326001487 -1.2366064473119709e-05 2.4339010864235298e-05 -2.1298111808816246e-05 2.8911683267172826e-05 0 0 0.00014537982600945116 0.00016028487353805587 0 0 0 0 0 -4.75317366503552e-05 2.4998915540952733e-05 -2.7591466151542944e-05 2.0415164115408719e-05 0 0 2.9022956390349804e-05 -2.1826573613818297e-05 0 0 0 0 -5.7512692399660472e-06
leaf_weight=8572 670 600 80 56 262 57 383 161 1503 397 96 52 75 59 655 55 65 386 180 212 467 88 61 330 170 220 137 90 53 2007
leaf_count=8572 670 600 80 56 262 57 383 161 1503 397 96 52 75 59 655 55 65 386 180 212 467 88 61 330 170 220 137 90 53 2007
internal_value=0 -6.21558e-06 -1.21944e-05 -1.72522e-05 -5.70467e-05 -1.31007e-06 -7.46409e-06 1.03346e-06 4.38024e-06 1.35153e-05 3.85084e-05 9.16542e-06 5.49102e-05 0 -2.79302e-06 -1.30492e-05 -2.18777e-05 -2.60795e-05 3.02187e-06 0 6.26155e-06 -1.35817e-05 1.479e-05 2.19958e-05 0 1.46222e-06 -3.03257e-05 -3.60929e-05 -4.26895e-05 -2.37973e-07
internal_weight=18199 2108 1508 1428 318 1110 1053 16091 5512 1938 620 524 127 3574 3124 1441 786 731 1683 1318 1018 300 450 389 551 381 666 529 439 10579
internal_count=18199 2108 1508 1428 318 1110 1053 16091 5512 1938 620 524 127 3574 3124 1441 786 731 1683 1318 1018 300 450 389 551 381 666 529 439 10579
is_linear=0
shrinkage=0.05


Tree=236
num_leaves=31
num_cat=0
split_feature=6 73 119 35 77 67 78 88 128 4 50 122 118 99 24 111 75 13 134 34 4 122 23 14 7 35 115 42 101 102
split_gain=3.44745e-05 5.27799e-05 8.37335e-05 0.000129562 0.000235436 0.000214742 3.25281e-05 9.59957e-05 0.000323427 0.000408227 0.000412518 0.000710557 0.00123868 0.000323721 0.000302001 0.000103105 6.19243e-05 0.000127505 8.02106e-05 7.45815e-05 4.29101e-05 3.57173e-05 3.19312e-05 9.64866e-05 6.85074e-05 4.62918e-05 4.10232e-05 3.15218e-05 2.3963e-05 2.35467e-05
threshold=0.012334722222222224 33.650000000000013 16.750000000000004 275.61576610000003 278.35431490000008 9.5500000000000025 1.5000000000000002 30.137500000000006 9.9629585677506594 0.0012481850000000004 1021.2500000000001 6.5000000000000009 19.050000000000004 -0.30000000000001131 43.050000000000004 8.4500000000000011 6.9500000000000011 0.00052911905555555569 9.1100000000000012 -0.53578219379141312 0.0043120615000000013 10.500000000000002 18.664583333333336 0.0013540990000000003 0.053100000000000001 274.68676015000011 11.750000000000002 0.87500000000000011 -3.9611857000000152 -1.0000000180025095e-35
decision_type=2 2 8 2 2 2 2 2 2 2 2 2 10 2 2 2 2 2 2 2 2 2 2 2 2 2 2 2 2 2
left_child=6 2 3 -2 5 -5 7 -1 9 13 11 -11 -13 16 15 -15 -9 18 19 -18 -8 -22 23 -10 25 -24 -25 28 -27 -26
right_child=1 -3 -4 4 -6 -7 20 8 22 10 -12 12 -14 14 -16 -17 17 -19 -20 -21 21 -23 24 26 29 27 -28 -29 -30 -31
leaf_value=0 0 4.6266406311640987e-07 0 -0.00015966712448311202 0 0 0 3.6858511823495816e-05 0 0 0 0 0.00039480256360827846 0.00019386551643715483 0 0 0 0 0 -7.3799964641325304e-05 -2.5214749562364352e-05 0 0 0 1.6968634384223085e-05 0 6.527041896680159e-05 0 -2.7779197558030881e-05 0
leaf_weight=8686 562 600 711 72 86 77 3617 52 132 83 95 51 50 50 181 58 141 399 63 144 339 409 129 52 204 106 83 85 643 239
leaf_count=8686 562 600 711 72 86 77 3617 52 132 83 95 51 50 50 181 58 141 399 63 144 339 409 129 52 204 106 83 85 643 239
internal_value=0 -5.78286e-06 -1.15799e-05 -2.27133e-05 -5.58292e-05 -9.39566e-05 9.86428e-07 2.56875e-06 1.02158e-05 2.86166e-05 8.54598e-05 0.000128951 0.000218117 9.3836e-06 5.58326e-05 0.000123371 -1.21588e-06 -1.05965e-05 -3.39709e-05 -4.59279e-05 -2.11867e-06 -1.3015e-05 -1.84055e-06 7.24951e-06 -7.12434e-06 -1.58613e-05 4.33268e-05 -2.07134e-05 -2.41401e-05 5.99801e-07
internal_weight=18199 2108 1508 797 235 149 16091 11726 3040 1367 279 184 101 1088 289 108 799 747 348 285 4365 748 1673 267 1406 963 135 834 749 443
internal_count=18199 2108 1508 797 235 149 16091 11726 3040 1367 279 184 101 1088 289 108 799 747 348 285 4365 748 1673 267 1406 963 135 834 749 443
is_linear=0
shrinkage=0.05


Tree=237
num_leaves=31
num_cat=0
split_feature=6 73 116 96 134 96 89 90 138 49 120 141 123 11 114 113 90 56 21 56 86 64 74 25 14 112 120 137 117 56
split_gain=3.18139e-05 5.00728e-05 8.23249e-05 0.000229154 0.000249803 3.39881e-05 3.9299e-05 3.24533e-05 8.62141e-05 0.000209463 0.000415672 0.000290383 0.000291415 5.94624e-05 5.26937e-05 0.00016669 4.38989e-05 4.44809e-05 4.35051e-05 6.20576e-05 7.81896e-05 4.34321e-05 0.000354113 5.58094e-05 5.17084e-05 6.84867e-05 4.30261e-05 8.18535e-05 3.99501e-05 4.1049e-05
threshold=0.012334722222222224 33.650000000000013 294.54299540000005 39.212500000000013 8.7750000000000004 36.812500000000007 27.250000000000004 22.988775510204086 4.745000000000001 985.85000000000002 267.32150480000007 34.045000000000009 1.0000000180025095e-35 0.0030155558402777784 20.750000000000004 1.3500000000000003 26.940816326530616 3.6293901500000065 0.35416666666666669 -5.337078599999983 5.5000000000000009 50.199999999999982 29.592857142857145 18.500000000000004 0.0073567035000000006 285.61160260000003 270.72991675000009 1.5450000000000002 1.1500000000000001 -8.657789099999972
decision_type=2 2 2 2 2 2 2 2 2 2 10 2 2 2 2 2 2 2 2 2 2 2 2 2 2 2 10 2 2 2
left_child=7 2 3 5 -5 6 -2 14 9 21 -11 26 -13 16 15 -1 -10 28 19 -16 -21 23 -23 24 -9 -26 27 -12 29 -18
right_child=1 -3 -4 4 -6 -7 -8 8 13 10 11 12 -14 -15 18 -17 17 -19 -20 20 -22 22 -24 -25 25 -27 -28 -29 -30 -31
leaf_value=0 0 4.3956935816819741e-07 1.5581331652378766e-05 -0.00016423296109822235 -1.1507272749783102e-05 2.4932415173429159e-05 -1.9612279671705758e-05 0 1.9208968517408043e-07 0.00018423882085115558 0 0.00016240764590826263 0 1.8580774827859359e-05 0 7.6505524108915163e-05 0 0 0 -4.357624302405254e-05 0 0.00013570771463594799 0 0 0 -7.4267155706990472e-05 2.9859287394114889e-06 -7.8017709820414898e-05 0 -2.4111711969206054e-05
leaf_weight=8230 670 600 80 56 262 57 383 199 1776 52 102 57 50 366 212 72 50 496 1643 305 117 52 595 395 106 82 198 50 121 765
leaf_count=8230 670 600 80 56 262 57 383 199 1776 52 102 57 50 366 212 72 50 496 1643 305 117 52 595 395 106 82 198 50 121 765
internal_value=0 -5.5169e-06 -1.1199e-05 -1.62081e-05 -5.45069e-05 -6.96413e-07 -6.8499e-06 9.7651e-07 4.17256e-06 1.26751e-05 4.04672e-05 1.28245e-05 8.61354e-05 0 -2.16382e-07 1.12725e-06 -2.61543e-06 -9.58427e-06 -7.30855e-06 -1.90499e-05 -3.01919e-05 0 1.18371e-05 -4.76584e-06 -2.01354e-05 -3.89396e-05 0 -2.62953e-05 -1.60985e-05 -2.04936e-05
internal_weight=18199 2108 1508 1428 318 1110 1053 16091 5512 1938 509 457 107 3574 10579 8302 3208 1432 2277 634 422 1429 647 782 387 188 350 152 936 815
internal_count=18199 2108 1508 1428 318 1110 1053 16091 5512 1938 509 457 107 3574 10579 8302 3208 1432 2277 634 422 1429 647 782 387 188 350 152 936 815
is_linear=0
shrinkage=0.05


Tree=238
num_leaves=31
num_cat=0
split_feature=6 73 116 96 22 128 78 88 128 99 4 25 43 119 23 12 120 10 93 10 4 114 8 61 96 13 138 122 17 141
split_gain=2.83436e-05 4.61926e-05 7.73833e-05 0.000214491 6.13456e-05 5.14728e-05 3.09828e-05 9.22219e-05 0.00029602 0.000366677 0.000637965 0.000490606 0.000405231 0.000777002 0.000194161 6.50777e-05 4.63509e-05 0.000274305 5.02954e-05 0.000117312 3.85501e-05 4.71324e-05 3.33528e-05 3.77773e-05 3.07373e-05 2.68988e-05 6.1454e-05 2.67846e-05 5.86192e-05 4.06651e-05
threshold=0.012334722222222224 33.650000000000013 294.54299540000005 39.212500000000013 10.500000000000002 9.6850806486745231 1.5000000000000002 30.137500000000006 9.9629585677506594 -0.1999999999999886 0.0037021430000000002 15.500000000000002 0.39150000000000007 11.050000000000002 25.995138888888892 0.0048380230000000012 267.63322225000007 2.6700000000000004 269.09881705000004 6.4750000000000005 0.0043120615000000013 25.750000000000004 0.018502632055093424 1407.2 36.812500000000007 0.0017277142569444447 4.2650000000000015 21.500000000000004 0.053100000000000001 29.690000000000001
decision_type=2 2 2 2 2 2 2 2 2 2 2 2 2 10 2 2 10 2 2 2 2 2 2 2 2 2 2 2 2 2
left_child=6 2 3 24 5 -5 7 -1 9 10 15 12 13 -11 -12 -9 17 -17 19 -18 21 -8 23 -22 -2 26 -23 28 -10 -29
right_child=1 -3 -4 4 -6 -7 20 8 27 11 14 -13 -14 -15 -16 16 18 -19 -20 -21 22 25 -24 -25 -26 -27 -28 29 -30 -31
leaf_value=0 -6.4935670014438546e-06 4.1762744506562384e-07 1.4811881753505278e-05 -8.9304767974282784e-05 0 0 -4.7829910887531534e-06 -2.7580686427786848e-05 -1.3290295151072941e-05 0.00031604082556978182 0.00020427370817439322 0 0 0 0 0.00012415057724445854 -6.5069238607791684e-05 0 0 0 -4.4129256603552375e-05 3.2953912228916958e-05 0 0 2.3707288119426106e-05 0 0 0 2.39450470429429e-06 3.2347689543732599e-05
leaf_weight=8686 1053 600 80 145 67 106 2083 214 1119 60 50 184 51 50 51 51 98 191 255 112 149 267 318 281 57 275 992 59 383 112
leaf_count=8686 1053 600 80 145 67 106 2083 214 1119 60 50 184 51 50 51 51 98 191 255 112 149 267 318 281 57 275 992 59 383 112
internal_value=2.6386e-09 -5.11879e-06 -1.06339e-05 -1.55677e-05 -5.25928e-05 -6.41092e-05 9.84561e-07 2.53142e-06 1.00263e-05 2.76075e-05 6.89661e-06 7.43117e-05 0.00013916 0.000193365 0.000126906 -9.64358e-07 5.74996e-08 2.18234e-05 -5.63061e-07 -2.44258e-05 -2.02528e-06 0 -1.23524e-05 -2.14154e-05 -4.22319e-07 6.76046e-06 1.04427e-05 -1.36025e-06 -5.96516e-06 9.81731e-06
internal_weight=18199 2108 1508 1428 318 251 16091 11726 3040 1367 1022 345 161 110 101 921 707 242 465 210 4365 3617 748 430 1110 1534 1259 1673 1502 171
internal_count=18199 2108 1508 1428 318 251 16091 11726 3040 1367 1022 345 161 110 101 921 707 242 465 210 4365 3617 748 430 1110 1534 1259 1673 1502 171
is_linear=0
shrinkage=0.05


Tree=239
num_leaves=31
num_cat=0
split_feature=44 33 134 19 114 85 92 118 137 45 33 103 2 0 111 83 28 14 7 116 44 52 135 115 103 94 110 7 3 84
split_gain=2.73824e-05 0.000105676 0.000319963 0.000588411 7.01592e-05 9.76794e-05 7.00492e-05 7.39804e-05 5.3603e-05 3.39926e-05 0.00017833 5.52045e-05 5.52032e-05 5.37957e-05 4.80882e-05 8.67495e-05 3.48198e-05 4.53815e-05 0.000165066 0.000376005 0.000273982 4.37998e-05 5.86024e-05 5.46976e-05 7.77622e-05 2.90416e-05 5.25871e-05 2.7225e-05 2.54462e-05 0.000215583
threshold=507.50000000000006 0.8617918123090913 7.5850000000000009 -0.0011757142857142849 30.650000000000002 275.06552110000007 17.950000000000006 32.850000000000001 0.56500000000000006 55.500000000000007 0.21932325106921677 955.95000000000016 0.00015343650000000002 0.17410000000000003 16.450000000000003 17.150000000000002 22.100000000000005 0.020602420000000007 0.056150000000000005 269.97932850000007 1257.5000000000002 4.5000000000000009 13.790000000000001 5.2500000000000009 1699.2500000000002 16.500000000000004 21.250000000000004 0.010350000000000002 5.94e-05 8.6500000000000039
decision_type=2 2 2 2 2 2 2 10 2 2 2 2 2 2 2 2 2 2 2 2 2 2 2 2 2 2 2 2 2 2
left_child=4 9 3 -3 28 -6 7 8 -7 10 25 12 -11 16 15 -15 21 27 19 20 -19 22 23 -13 -25 -2 -27 -18 29 -1
right_child=1 2 -4 -5 5 6 -8 -9 -10 11 -12 13 -14 14 -16 -17 17 18 -20 -21 -22 -23 -24 24 -26 26 -28 -29 -30 -31
leaf_value=0 0 0.00022415804339734856 0 0 0 0 0 0 -5.4366380507913068e-05 0 7.5898158081362464e-05 0 -3.8440830944470469e-05 0 0 -5.7892183761270937e-05 9.0636043688741953e-06 0.00014857877997471436 3.6955720307462747e-07 0 0 1.4867119208047797e-06 0 -6.5516524804869349e-05 0 4.2725168028628753e-05 0 -1.4905955575944437e-06 -1.9042477555482794e-06 0.00010282435374652517
leaf_weight=671 1819 50 597 100 265 161 90 120 322 535 90 127 190 190 100 137 738 100 1795 175 80 1602 1431 139 157 111 50 3309 2893 55
leaf_count=671 1819 50 597 100 265 161 90 120 322 535 90 127 190 190 100 137 738 100 1795 175 80 1602 1431 139 157 111 50 3309 2893 55
internal_value=3.51734e-08 1.41987e-06 1.97462e-05 8.50228e-05 -2.99316e-06 -1.50221e-05 -2.57625e-05 -3.24429e-05 -4.1178e-05 0 6.16687e-06 -7.58736e-07 -1.40949e-05 0 -1.71179e-05 -2.73657e-05 9.69595e-07 3.56562e-06 9.45402e-06 4.12131e-05 9.23806e-05 -2.23872e-06 -8.15227e-06 -2.52249e-05 -3.69972e-05 4.36574e-07 2.12251e-05 0 0 8.54807e-06
internal_weight=18199 13622 747 150 4577 958 693 603 483 12875 2070 10805 725 10080 427 327 9653 6197 2150 355 180 3456 1854 423 296 1980 161 4047 3619 726
internal_count=18199 13622 747 150 4577 958 693 603 483 12875 2070 10805 725 10080 427 327 9653 6197 2150 355 180 3456 1854 423 296 1980 161 4047 3619 726
is_linear=0
shrinkage=0.05


Tree=240
num_leaves=31
num_cat=0
split_feature=112 128 128 42 49 35 112 77 101 138 92 19 42 52 128 161 88 131 24 105 28 56 123 29 1 112 105 92 33 83
split_gain=2.59494e-05 0.000147012 0.00035737 0.00051291 0.000900148 0.00082564 8.14996e-05 6.07698e-05 7.75444e-05 0.000150202 0.000112932 0.000179165 8.99593e-05 6.19821e-05 0.000153894 0.000223404 0.000335726 6.8543e-05 4.7941e-05 7.71754e-05 4.76955e-05 9.73406e-05 3.96644e-05 5.0348e-05 7.08908e-05 0.000128767 0.000194796 9.53743e-05 4.90586e-05 3.80565e-05
threshold=282.91455175000004 9.0166284814807351 9.2762685509947076 0.72500000000000009 963.55000000000007 279.71080380000006 287.37726030000005 275.20139095000008 -0.44254675000001947 5.1800000000000006 7.5500000000000016 5.7142857142857154e-06 0.72500000000000009 103.50000000000001 9.2762685509947076 0.19387755102040818 42.437500000000007 102.00208775980865 42.650000000000006 18.500000000000004 28.050000000000001 8.8110913500000283 1.0000000180025095e-35 41.70000000000001 0.00028231600000000007 291.38834695000008 20.500000000000004 15.350000000000003 0.77971218103835149 15.950000000000001
decision_type=2 2 2 2 2 2 2 2 2 2 2 2 2 2 2 2 2 2 2 2 2 2 2 2 2 2 2 2 2 2
left_child=7 6 3 4 -3 -6 -2 -1 9 10 -9 12 -12 14 15 -10 -17 18 -15 29 21 -8 23 24 -4 26 27 -26 -24 -20
right_child=1 2 22 -5 5 -7 20 8 13 -11 11 -13 -14 17 -16 16 -18 -19 19 -21 -22 -23 28 -25 25 -27 -28 -29 -30 -31
leaf_value=7.0177561392430464e-07 0 0 0 0 0 0.00030606191765209922 -6.9775521803500028e-05 0 0 0 -8.5605326935504173e-05 0 0 0 0 0 0.00017919999284113776 0 0 0 0 0 0 0 0 0 0 0.00011260590773002934 -1.678348185117498e-05 -6.7878937738704494e-05
leaf_weight=11111 200 127 380 151 60 71 150 214 60 918 228 104 80 186 752 70 57 477 51 119 86 73 1250 443 50 112 91 113 456 141
leaf_count=11111 200 127 380 151 60 71 150 214 60 918 228 104 80 186 752 70 57 477 51 119 86 73 1250 443 50 112 91 113 456 141
internal_value=0 3.88808e-06 8.8073e-06 5.29099e-05 9.6863e-05 0.000188302 -1.81941e-05 -7.03801e-07 -6.66623e-06 -1.49979e-05 -3.39583e-05 -4.93386e-05 -6.85796e-05 0 9.22375e-06 4.97177e-05 8.94085e-05 -8.76956e-06 -2.22409e-05 -3.42592e-05 -3.46676e-05 -4.68571e-05 8.33938e-07 8.93917e-06 1.71988e-05 3.29391e-05 5.31408e-05 8.57924e-05 -1.88783e-06 -5.38243e-05
internal_weight=18381 3813 3304 409 258 131 509 14568 3457 1544 626 412 308 1913 939 187 127 974 497 311 309 223 2895 1189 746 366 254 163 1706 192
internal_count=18381 3813 3304 409 258 131 509 14568 3457 1544 626 412 308 1913 939 187 127 974 497 311 309 223 2895 1189 746 366 254 163 1706 192
is_linear=0
shrinkage=0.05


Tree=241
num_leaves=31
num_cat=0
split_feature=101 142 142 33 100 33 30 122 115 128 92 83 139 110 142 15 81 140 1 73 21 96 105 142 0 100 11 92 49 14
split_gain=2.34983e-05 6.76332e-05 0.000190913 0.000255254 0.000513289 4.7482e-05 5.66395e-05 5.40761e-05 5.33524e-05 8.89154e-05 8.17697e-05 4.50255e-05 4.31233e-05 5.63329e-05 9.7897e-05 4.69721e-05 0.0002079 0.000383375 4.11241e-05 3.84232e-05 3.549e-05 4.54057e-05 4.39351e-05 4.48928e-05 3.54593e-05 8.55632e-05 4.52256e-05 9.43269e-05 0.000150115 0.00022404
threshold=-0.12411090000000512 730.04212674744213 783.7920895319993 0.33767818374323971 -2.14999999999992 0.75116740119639791 0.48285714285714271 1.0000000180025095e-35 7.9500000000000011 10.510735426505027 18.350000000000009 15.950000000000001 89.303625086230099 15.750000000000002 789.6392375142425 0.001175 34.95000000000001 71.215000000000018 0.046921283000000008 33.050000000000004 0.28472222222222227 29.262500000000003 10.500000000000002 553.02400293402422 0.23690000000000003 -1.4000000000000339 0.0030155558402777784 7.5500000000000016 978.25000000000011 0.046876099500000004
decision_type=2 2 2 2 2 2 2 2 2 2 2 2 2 2 2 2 2 2 2 2 2 2 2 2 2 2 2 2 2 2
left_child=5 24 3 18 -5 12 7 -7 -9 10 11 -10 15 -14 19 -1 20 -18 -3 -15 21 -17 -23 -24 26 -26 -2 -28 -29 -30
right_child=1 2 -4 4 -6 6 -8 8 9 -11 -12 -13 13 14 -16 16 17 -19 -20 -21 -22 22 23 -25 25 -27 27 28 29 -31
leaf_value=-5.0433656358528616e-07 -1.8374413973955109e-07 0 0 0 0.00020028829532496348 0 6.0791940307574784e-07 0 0 0 0 -5.1680764894188657e-05 0 -6.9441765767843492e-05 0 0 9.5901136565587532e-06 0.00016796546850475188 3.3252396009316647e-05 0 3.0769234255180605e-06 0 0 -6.2703517985740305e-05 0 -7.2916892491515944e-05 0 0 9.1782727814978569e-05 0
leaf_weight=6338 5831 301 588 89 64 142 110 249 52 307 121 406 180 120 132 288 524 54 92 51 796 63 67 105 56 55 731 248 152 69
leaf_count=6338 5831 301 588 89 64 142 110 249 52 307 121 406 180 120 132 288 524 54 92 51 796 63 67 105 56 55 731 248 152 69
internal_value=0 2.19281e-06 1.3566e-05 3.54177e-05 9.2732e-05 -1.36922e-06 -9.95853e-06 -1.47808e-05 -1.90994e-05 -2.48509e-05 -3.64377e-05 -4.60769e-05 0 -1.45062e-05 -2.82541e-05 8.50669e-07 8.01006e-06 3.32865e-05 2.35472e-07 -5.3234e-05 0 -1.24468e-05 -2.87223e-05 -4.19559e-05 0 -2.73595e-05 8.27177e-07 9.89867e-06 2.74248e-05 5.72958e-05
internal_weight=18381 8276 1134 546 153 10105 1387 1277 1135 886 579 458 8718 483 303 8235 1897 578 393 171 1319 523 235 172 7142 111 7031 1200 469 221
internal_count=18381 8276 1134 546 153 10105 1387 1277 1135 886 579 458 8718 483 303 8235 1897 578 393 171 1319 523 235 172 7142 111 7031 1200 469 221
is_linear=0
shrinkage=0.05


Tree=242
num_leaves=31
num_cat=0
split_feature=112 128 128 33 138 112 112 161 134 19 137 103 16 104 124 59 88 104 49 123 10 2 24 12 43 112 128 80 123 29
split_gain=2.14264e-05 0.000132483 0.000320268 0.000479028 0.00122179 7.63549e-05 5.25815e-05 8.38224e-05 0.000117995 0.000227306 0.000154543 0.00011341 7.82057e-05 0.000156118 0.000270547 5.40681e-05 0.00011695 4.27093e-05 5.09468e-05 3.7738e-05 9.848e-05 8.70436e-05 3.64707e-05 4.78522e-05 5.20293e-05 5.61586e-05 6.27932e-05 5.58071e-05 3.49753e-05 4.59748e-05
threshold=282.91455175000004 9.0166284814807351 9.2762685509947076 0.25761207991950036 4.7700000000000005 287.37726030000005 276.38442020000008 0.39795918367346944 8.9950000000000028 -0.0026385714285714268 0.60500000000000009 1164.9000000000003 3.1500000000000008 6.450000000000002 -0.5 6.6031500000000012 39.337500000000013 0.8500000000000002 974.25000000000011 0.37940952255126054 8.1050000000000022 0.0014317860000000002 47.750000000000007 0.014768096000000003 0.26250000000000007 277.55601900000005 9.3639623397124101 9.9625000000000039 1.0000000180025095e-35 41.70000000000001
decision_type=2 2 2 2 2 2 2 2 2 2 2 2 2 2 2 2 2 2 2 2 2 2 2 2 2 2 2 2 2 2
left_child=6 5 3 -3 -5 -2 12 15 9 -9 -11 -12 -1 14 -14 16 22 18 -7 -15 21 -21 -8 -24 -25 -26 -27 -28 29 -4
right_child=1 2 28 4 -6 17 7 8 -10 10 11 -13 13 19 -16 -17 -18 -19 -20 20 -22 -23 23 24 25 26 27 -29 -30 -31
leaf_value=-5.0569048871068414e-07 0 0 1.6273194775453736e-05 0.00023205750761267805 0 0 -5.0894526064717647e-06 0 0 0 -0.00013688995556840385 0 0.00015033780857915451 -1.1163921759246198e-06 0 -9.3014586295838475e-06 5.7259789933191817e-05 0 -6.3805590905808079e-05 0 0 0.0001006699612268924 0 0 0 0 0 8.0600365423724111e-05 -1.8262254682845133e-06 0
leaf_weight=9154 200 193 746 97 119 72 933 171 551 129 99 64 55 867 193 1189 98 96 141 90 324 54 220 54 79 77 52 115 1706 443
leaf_count=9154 200 193 746 97 119 72 933 171 551 129 99 64 55 867 193 1189 98 96 141 90 324 54 220 54 79 77 52 115 1706 443
internal_value=0 3.5347e-06 8.26536e-06 5.00078e-05 0.000101211 -1.73248e-05 -6.37101e-07 -5.85125e-06 -1.83226e-05 -3.70152e-05 -6.41033e-05 -9.8475e-05 7.5806e-07 1.12182e-05 4.8649e-05 0 4.44701e-06 -3.33101e-05 -4.58939e-05 4.91046e-07 1.41259e-05 4.84081e-05 0 1.05836e-05 2.22191e-05 3.12639e-05 4.31931e-05 6.04579e-05 6.26321e-07 8.34554e-06
internal_weight=18381 3813 3304 409 216 509 14568 3831 1014 463 292 163 10737 1583 248 2817 1628 309 213 1335 468 144 1530 597 377 323 244 167 2895 1189
internal_count=18381 3813 3304 409 216 509 14568 3831 1014 463 292 163 10737 1583 248 2817 1628 309 213 1335 468 144 1530 597 377 323 244 167 2895 1189
is_linear=0
shrinkage=0.05


Tree=243
num_leaves=31
num_cat=0
split_feature=101 93 103 137 42 52 2 21 12 74 36 108 16 94 103 0 112 104 43 33 114 128 139 110 133 112 131 128 141 75
split_gain=2.01517e-05 5.6924e-05 0.000145369 0.000343393 0.00060268 0.000749007 5.34199e-05 0.00010538 0.000254945 0.000111061 0.000141854 6.07281e-05 4.30359e-05 5.53844e-05 9.88931e-05 0.00014493 5.02005e-05 4.20406e-05 7.63371e-05 4.12242e-05 8.14066e-05 0.000138284 3.9692e-05 5.28086e-05 5.15978e-05 4.2076e-05 9.28578e-05 6.23466e-05 7.84128e-05 8.32546e-05
threshold=-0.12411090000000512 271.70291250000008 874.15000000000009 1.9600000000000002 0.89500000000000013 54.500000000000007 8.8750000000000016e-05 0.52083333333333337 0.024241363500000005 30.392857142857153 275.26866655000009 276.25555240000006 1.0550000000000004 29.500000000000004 1455.6000000000001 0.0038500000000000006 277.36041130000007 0.65000000000000024 0.34250000000000008 0.75116740119639791 28.050000000000004 10.510735426505027 89.303625086230099 15.750000000000002 83.685000000000016 281.97103570000007 100.49921331067833 8.9044264356248508 37.360000000000007 12.850000000000003
decision_type=2 2 2 2 2 2 2 2 2 2 2 2 2 2 2 2 2 2 2 2 2 2 2 2 2 2 2 2 2 2
left_child=19 2 3 4 5 -2 12 8 9 10 11 -8 13 -4 15 -15 -14 18 -3 22 -21 -22 25 -24 -25 -1 27 -27 29 -29
right_child=1 17 6 -5 -6 -7 7 -9 -10 -11 -12 -13 16 14 -16 -17 -18 -19 -20 20 21 -23 23 24 -26 26 -28 28 -30 -31
leaf_value=0 0 0 0 0 0 0.00028301563297676601 3.4619523654921557e-05 0 0 0 0.00014426334251911612 0 0 0 0 0.00010286300039006669 -1.9262712913181664e-05 0 -3.382586065805344e-05 0 -3.8830927004554572e-05 0 0 -5.6060729731199846e-05 0 0 0 0 0 6.667614008333413e-05
leaf_weight=7457 65 306 2506 153 56 58 235 572 601 86 74 50 559 57 77 71 590 1880 280 722 443 222 180 112 191 54 368 96 58 202
leaf_count=7457 65 306 2506 153 56 58 235 572 601 86 74 50 559 57 77 71 590 1880 280 722 443 222 180 112 191 54 368 96 58 202
internal_value=0 2.00232e-06 5.07934e-06 3.82842e-05 8.6492e-05 0.000151691 2.14772e-06 9.90451e-06 2.00827e-05 4.87428e-05 6.09482e-05 2.14042e-05 0 2.25571e-06 2.71869e-05 5.56493e-05 -9.03089e-06 -3.21963e-06 -1.49203e-05 -1.30438e-06 -9.30801e-06 -2.20487e-05 0 -1.39451e-05 -2.72743e-05 7.87622e-07 1.18992e-05 2.88651e-05 3.73608e-05 4.81894e-05
internal_weight=18381 8276 5810 332 179 123 5478 1618 1046 445 359 285 3860 2711 205 128 1149 2466 586 10105 1387 665 8718 483 303 8235 778 410 356 298
internal_count=18381 8276 5810 332 179 123 5478 1618 1046 445 359 285 3860 2711 205 128 1149 2466 586 10105 1387 665 8718 483 303 8235 778 410 356 298
is_linear=0
shrinkage=0.05


Tree=244
num_leaves=31
num_cat=0
split_feature=101 30 117 83 29 21 112 66 43 98 28 16 106 90 118 83 33 30 15 64 43 138 92 77 118 82 15 112 120 80
split_gain=1.79587e-05 5.88764e-05 0.00023238 0.000265666 0.000805557 7.0257e-05 0.000187127 0.000344375 4.78089e-05 5.71964e-05 6.62837e-05 4.37605e-05 9.51836e-05 0.000144377 4.00196e-05 4.28673e-05 6.72636e-05 3.9695e-05 9.66689e-05 0.000272971 0.00015108 6.41319e-05 7.97326e-05 7.71779e-05 0.000145387 6.38231e-05 3.56983e-05 6.52144e-05 7.12251e-05 2.96408e-05
threshold=-0.12411090000000512 -1.8942857142857135 0.8500000000000002 17.050000000000004 36.45000000000001 0.63194444444444453 287.13799005000004 23.125000000000004 0.30650000000000005 0.30000000000000254 23.700000000000003 3.1500000000000008 14.850000000000003 11.040920983778127 19.750000000000004 19.450000000000003 0.14633308696859576 -1.4871428571428555 0.0020156250000000005 4.5000000000000329 0.39750000000000008 4.120000000000001 7.1500000000000021 275.16088900000005 20.250000000000004 29.110000000000003 0.0021656250000000004 277.36041130000007 267.5891979000001 11.012500000000005
decision_type=2 2 2 2 2 2 2 2 2 2 2 2 2 2 10 2 2 2 2 2 2 2 2 2 10 2 2 2 10 2
left_child=17 2 5 -4 -5 8 -7 -8 9 -2 -11 14 13 -13 15 -10 -17 21 -19 -20 25 22 -1 -24 -25 -21 -3 -28 -29 -16
right_child=1 26 3 4 -6 6 7 -9 11 10 -12 12 -14 -15 29 16 -18 18 19 20 -22 -23 23 24 -26 -27 27 28 -30 -31
leaf_value=-1.8044054327399793e-06 0 0 0 0.00025844143593370546 0 0 0.0001354676008186179 0 0 -6.7592262298945882e-05 0 0 0 8.609800715381274e-05 0 0 5.558434535291732e-05 -2.9393612600762692e-07 0 0.0001272886463116415 0 0 0 0 -9.6443109801055114e-05 0 0 0 -4.6460949368552331e-05 -1.5662081319868042e-05
leaf_weight=1240 219 3257 96 50 86 677 82 127 1341 92 158 86 216 95 77 163 92 3292 497 90 52 4488 199 89 108 50 333 166 203 660
leaf_count=1240 219 3257 96 50 86 677 82 127 1341 92 158 86 216 95 77 163 92 3292 497 90 52 4488 199 89 108 50 333 166 203 660
internal_value=0 1.87128e-06 6.20329e-06 5.59098e-05 0.000100818 2.14362e-06 1.48049e-05 5.61561e-05 0 -1.5723e-05 -3.2134e-05 1.10461e-06 1.683e-05 4.38963e-05 0 2.74203e-06 2.15761e-05 -1.25484e-06 1.83067e-06 1.9214e-05 6.96833e-05 -4.07693e-06 -1.26543e-05 -3.39442e-05 -5.73123e-05 9.65673e-05 -1.59022e-06 -1.18825e-05 -2.66253e-05 -1.09223e-05
internal_weight=18381 8276 4317 232 136 4085 886 209 3199 469 250 2730 397 181 2333 1596 255 10105 3981 689 192 6124 1636 396 197 140 3959 702 369 737
internal_count=18381 8276 4317 232 136 4085 886 209 3199 469 250 2730 397 181 2333 1596 255 10105 3981 689 192 6124 1636 396 197 140 3959 702 369 737
is_linear=0
shrinkage=0.05


Tree=245
num_leaves=31
num_cat=0
split_feature=100 138 96 44 114 75 56 23 114 128 81 83 98 88 3 49 76 99 59 110 141 43 19 138 15 43 131 106 81 100
split_gain=3.40347e-05 6.34631e-05 3.78285e-05 3.79423e-05 2.73174e-05 8.63798e-05 0.00103804 7.25889e-05 6.77615e-05 0.000107213 8.6138e-05 5.51455e-05 8.04142e-05 0.000164106 0.000182087 0.000196579 8.76232e-05 2.55585e-05 2.06019e-05 1.89108e-05 5.55482e-05 4.36267e-05 3.24998e-05 6.31755e-05 6.68669e-05 7.49987e-05 8.63435e-05 2.25291e-05 3.28594e-05 1.73969e-05
threshold=-6.6499999999999764 5.4500000000000011 33.237500000000004 1562.5000000000002 24.650000000000002 7.3500000000000005 -1.9818043499999758 21.947916666666668 26.550000000000004 9.2173545129383765 40.050000000000004 20.550000000000004 -0.80000000000000038 31.562500000000004 0.1292758105 947.6500000000002 0.15000000000000005 -2.0999999999999654 7.0568000000000017 16.350000000000005 26.390000000000004 0.33150000000000007 -0.0028999999999999985 6.6950000000000012 0.00044479166666666669 0.32650000000000007 163.70781748407845 25.450000000000003 44.350000000000001 -2.8500000000000223
decision_type=2 2 2 2 2 2 2 2 2 2 2 2 2 2 2 2 2 2 2 2 2 2 2 2 2 2 2 2 2 2
left_child=1 2 -1 -4 29 6 -6 8 -7 10 -10 12 13 -9 15 -15 -17 -11 -14 20 -13 -22 27 24 -24 -26 -27 28 -21 -2
right_child=4 -3 3 -5 5 7 -8 11 9 17 -12 19 18 14 -16 16 -18 -19 -20 22 21 -23 23 -25 25 26 -28 -29 -30 -31
leaf_value=0 -5.3237751339593547e-06 0 -4.2878478315100308e-05 0 0 0 0.0002291981927344089 0 0 0 -9.0929453170942039e-05 0 1.170349835827793e-05 0 0 0.00012555569673114775 0 -1.2984296016236596e-05 -5.3788099484591784e-06 0 0 -5.4126359002074206e-05 0 0 0 6.8673264346226967e-05 0 0 -2.464565652452316e-05 2.6623842542501221e-07
leaf_weight=93 1507 459 227 107 385 310 54 297 99 313 88 118 288 66 88 127 57 378 411 57 55 96 603 539 135 172 95 325 235 10647
leaf_count=93 1507 459 227 107 385 310 54 297 99 313 88 118 288 66 88 127 57 378 411 57 55 96 603 539 135 172 95 325 235 10647
internal_value=1.62136e-07 -8.95359e-06 -2.31697e-05 -3.11154e-05 9.07918e-07 3.91759e-06 2.5856e-05 9.58417e-07 -8.35938e-06 -1.69484e-05 -5.26188e-05 5.22878e-06 1.34303e-05 2.63573e-05 5.01355e-05 7.21695e-05 9.86055e-05 -7.64121e-09 0 0 -1.15854e-05 -3.39418e-05 2.25944e-06 7.52168e-06 1.56168e-05 3.19939e-05 4.73165e-05 -2.80922e-06 -1.44524e-05 -1.59067e-08
internal_weight=18431 886 427 334 17545 5391 439 4952 1188 878 187 3764 1334 635 338 250 184 691 699 2430 269 151 2161 1544 1005 402 267 617 292 12154
internal_count=18431 886 427 334 17545 5391 439 4952 1188 878 187 3764 1334 635 338 250 184 691 699 2430 269 151 2161 1544 1005 402 267 617 292 12154
is_linear=0
shrinkage=0.05


Tree=246
num_leaves=31
num_cat=0
split_feature=100 138 96 44 120 75 44 81 123 23 101 49 67 16 138 128 128 81 133 22 85 13 41 114 85 134 16 53 44 13
split_gain=3.02364e-05 5.80427e-05 3.47964e-05 3.34952e-05 3.0407e-05 0.000324611 0.00116165 5.50859e-05 5.67902e-05 0.000143664 5.66164e-05 0.000114657 0.000103279 0.000104479 0.000129247 0.000284805 0.000277153 5.73068e-05 0.000138749 0.000169714 3.57401e-05 3.24589e-05 4.65495e-05 7.87279e-05 3.23525e-05 2.40666e-05 2.14948e-05 2.0497e-05 1.60451e-05 5.54833e-05
threshold=-6.6499999999999764 5.4500000000000011 33.237500000000004 1562.5000000000002 271.92118405000002 7.1500000000000012 377.50000000000006 51.250000000000007 -0.9159756150367534 22.802083333333336 -0.44254675000001947 988.55000000000007 12.450000000000001 0.26500000000000007 5.2900000000000009 9.1665712322688346 9.6751438223984643 41.750000000000007 43.540000000000006 5.5000000000000009 277.78250310000004 0.0014817087916666669 53.500000000000007 30.650000000000002 275.06552110000007 8.9950000000000028 0.14500000000000005 7.5000000000000009 1312.5000000000002 0.00077550730555555572
decision_type=2 2 2 2 8 2 2 2 2 2 2 2 2 2 2 2 2 2 2 2 2 2 2 2 2 2 2 2 2 2
left_child=1 2 -1 -4 5 6 -2 10 -9 -10 11 17 13 27 15 -15 -17 28 -19 -20 -6 26 23 -23 -13 -26 -14 -12 29 -7
right_child=4 -3 3 -5 20 7 -8 8 9 -11 12 24 21 14 -16 16 -18 18 19 -21 -22 22 -24 -25 25 -27 -28 -29 -30 -31
leaf_value=0 0 0 -4.0743957766077682e-05 0 0 -6.0705993570721571e-06 0.0002628531410353555 0 -8.1161226415133567e-05 0 1.4546719853531272e-05 0 2.0059689416888834e-05 0 1.0629298442994893e-06 0.00019223692541951704 7.8105217433967881e-07 0 0 9.722213361968972e-05 -1.4395637693728184e-05 -5.0380138982045296e-05 0 0 -5.48907199913299e-05 0 0 -1.1003311398093718e-05 -9.0583835136373366e-06 1.4175601650792079e-05
leaf_weight=93 117 459 227 107 11451 633 54 51 89 255 117 114 179 87 418 65 115 544 67 97 432 147 66 123 137 137 773 216 488 573
leaf_count=93 117 459 227 107 11451 633 54 51 89 255 117 114 179 87 418 65 115 544 67 97 432 147 66 123 137 137 773 216 488 573
internal_value=1.55423e-07 -8.40492e-06 -2.20326e-05 -2.96627e-05 8.73129e-07 3.9646e-06 7.21722e-05 9.17322e-07 -1.52178e-05 -2.60257e-05 3.1517e-06 0 9.12682e-06 2.10231e-05 3.22066e-05 6.21207e-05 9.82223e-05 2.22501e-06 1.4793e-05 5.51595e-05 -1.7937e-07 0 -1.36133e-05 -2.56881e-05 -2.6576e-05 -3.59609e-05 4.42892e-06 0 -8.34892e-08 0
internal_weight=18431 886 427 334 17545 5662 171 5491 395 344 5096 2790 2306 1018 685 267 180 2402 708 164 11883 1288 336 270 388 274 952 333 1694 1206
internal_count=18431 886 427 334 17545 5662 171 5491 395 344 5096 2790 2306 1018 685 267 180 2402 708 164 11883 1288 336 270 388 274 952 333 1694 1206
is_linear=0
shrinkage=0.05


Tree=247
num_leaves=31
num_cat=0
split_feature=103 8 120 48 128 128 92 67 43 43 104 28 104 26 44 44 50 50 133 4 103 103 137 106 103 65 84 103 53 86
split_gain=2.72267e-05 0.000122378 0.00011033 0.000155379 0.000287735 0.000409967 0.000527121 0.00160803 0.00010448 0.000122152 0.00012603 7.67656e-05 0.00011477 0.000100026 5.91671e-05 0.000105836 4.8274e-05 8.83645e-05 3.93923e-05 3.38691e-05 8.47596e-05 4.77566e-05 4.91732e-05 4.5471e-05 3.94701e-05 3.45229e-05 2.73457e-05 9.79e-05 8.44465e-05 6.5044e-05
threshold=1098.3500000000001 0.06819525246056711 271.64301760000006 30.500000000000004 9.8799750285840648 9.0278879132484082 11.650000000000004 7.0500000000000007 0.39150000000000007 0.43950000000000006 0.35000000000000009 31.350000000000005 0.35000000000000009 12.500000000000002 367.50000000000006 647.50000000000011 1017.0500000000001 1014.0500000000001 30.545000000000005 0.0075369395000000009 1164.9000000000003 1292.1500000000003 0.74500000000000011 20.050000000000004 2904.3499999999999 18.350000000000005 5.3500000000000014 1315.3500000000004 59.500000000000007 14.500000000000002
decision_type=2 2 10 2 2 2 2 2 2 2 2 2 2 2 2 2 2 2 2 2 2 2 2 2 2 2 2 2 2 2
left_child=1 2 3 16 5 -5 7 -7 11 10 -10 -4 -13 18 -8 -16 17 -1 -14 26 -21 25 -23 -24 -25 -22 -2 28 29 -28
right_child=19 -3 8 4 -6 6 14 -9 9 -11 -12 12 13 -15 15 -17 -18 -19 -20 20 21 22 23 24 -26 -27 27 -29 -30 -31
leaf_value=0 1.8342811360544383e-06 8.3896790379452897e-05 -4.3497287011182219e-06 0 0 0.00038329673853170865 0 0 0 0 -8.6660652215102361e-05 0 0 0 8.5708129079838682e-05 0 0 -5.6879830763530582e-05 9.7525801660746465e-05 -5.4139476080966023e-05 0 0 0 -2.6568914318106907e-05 0 4.1942039760570188e-05 -4.9852598282572304e-05 0 0 0
leaf_weight=63 9139 50 1502 228 515 51 91 57 66 193 120 205 110 95 66 96 192 108 83 100 63 705 345 568 209 81 263 2776 240 51
leaf_count=63 9139 50 1502 228 515 51 91 57 66 193 120 205 110 95 66 96 192 108 83 100 63 705 345 568 209 81 263 2776 240 51
internal_value=1.50507e-07 4.05717e-06 1.69489e-06 1.33032e-05 2.40135e-05 4.795e-05 8.11085e-05 0.000182228 -3.37569e-06 -2.75425e-05 -5.63433e-05 0 1.81914e-05 3.94776e-05 1.77101e-05 3.73661e-05 -5.5105e-06 -2.76753e-05 6.00887e-05 -5.51294e-07 -6.55634e-06 -1.58045e-06 -6.02582e-06 -1.29836e-05 -1.97343e-05 1.999e-05 4.55787e-08 -3.36144e-06 -2.25568e-05 -3.95813e-05
internal_weight=18431 3891 3841 1467 1104 589 361 108 2374 379 186 1995 493 288 253 162 363 171 193 14540 2071 1971 1827 1122 777 144 12469 3330 554 314
internal_count=18431 3891 3841 1467 1104 589 361 108 2374 379 186 1995 493 288 253 162 363 171 193 14540 2071 1971 1827 1122 777 144 12469 3330 554 314
is_linear=0
shrinkage=0.05


Tree=248
num_leaves=31
num_cat=0
split_feature=34 87 94 134 90 2 13 115 43 35 94 131 110 86 138 93 89 77 92 96 6 19 43 43 96 21 30 138 46 6
split_gain=2.76794e-05 0.000273395 2.96031e-05 0.000133575 8.46729e-05 0.000100435 4.82907e-05 0.000278942 0.000524446 2.56219e-05 2.2385e-05 0.00011783 2.29742e-05 3.31605e-05 0.000133221 0.000400995 5.35484e-05 8.73681e-05 3.71052e-05 2.23899e-05 9.32485e-05 2.90759e-05 4.35386e-05 5.39086e-05 5.5836e-05 4.74009e-05 7.5889e-05 2.21847e-05 4.79232e-05 6.28928e-05
threshold=0.50867901450982056 1.0000000180025095e-35 22.500000000000004 8.3850000000000016 31.692857142857147 0.0010573005000000001 0.0029774413125000006 12.750000000000002 0.39050000000000007 277.44858445000006 20.500000000000004 60.081975585883832 30.550000000000004 8.5000000000000018 4.5150000000000006 265.47140015000008 45.95000000000001 276.95033730000006 11.750000000000002 36.537500000000016 0.010536111111111112 0.0074985714285714334 0.43250000000000005 0.28450000000000003 21.437500000000004 0.53472222222222232 -1.8014285714285716 6.4750000000000005 23.500000000000004 0.00035902777777777783
decision_type=2 2 2 2 2 2 2 2 2 2 2 2 2 2 2 2 2 2 2 2 2 2 2 2 2 2 2 2 2 2
left_child=2 -2 6 4 5 -4 10 -8 -9 -7 12 -12 13 16 15 -15 19 -18 -19 21 -21 -1 23 -23 -25 26 -26 28 29 -14
right_child=1 -3 3 -5 -6 9 7 8 -10 -11 11 -13 27 14 -16 -17 17 18 -20 20 -22 22 -24 24 25 -27 -28 -29 -30 -31
leaf_value=0 0 0.0001203364564900347 0 0 0 0 0 0 0.00019005198337323484 -0.00011888953479876474 6.0035778460779078e-05 0 0 0 0 0.00012395059785574078 0 -7.6449724324743033e-05 0 0 7.0137677991530427e-05 0 0 0 -7.3024885572168491e-05 0 0 0 0 -3.4630538046841183e-05
leaf_weight=9214 1096 51 198 1446 138 51 797 251 58 65 94 332 82 103 606 91 276 76 98 769 57 116 106 176 143 84 58 785 683 331
leaf_count=9214 1096 51 198 1446 138 51 797 251 58 65 94 332 82 103 606 91 276 76 98 769 57 116 106 176 143 84 58 785 683 331
internal_value=1.47894e-07 7.78171e-06 -6.98542e-08 -6.163e-06 -2.99398e-05 -4.42844e-05 3.57191e-07 1.05236e-05 5.14296e-05 -8.6174e-05 -8.07753e-08 1.05841e-05 -7.70333e-07 0 9.86325e-06 4.59084e-05 -6.67384e-07 -1.75461e-05 -4.51833e-05 0 7.94463e-06 -6.17726e-07 -1.05732e-05 -1.79056e-05 -2.63215e-05 -4.00906e-05 -5.35001e-05 -5.90652e-06 -1.05076e-05 -2.41236e-05
internal_weight=18431 1147 17284 1898 452 314 15386 1106 309 116 14280 426 13854 11973 800 194 11173 450 174 10723 826 9897 683 577 461 285 201 1881 1096 413
internal_count=18431 1147 17284 1898 452 314 15386 1106 309 116 14280 426 13854 11973 800 194 11173 450 174 10723 826 9897 683 577 461 285 201 1881 1096 413
is_linear=0
shrinkage=0.05


Tree=249
num_leaves=31
num_cat=0
split_feature=34 81 94 134 90 2 13 115 43 94 94 45 110 156 90 136 81 92 14 116 0 69 21 0 120 69 43 35 35 142
split_gain=2.5808e-05 0.000246456 2.76793e-05 0.000126326 8.02966e-05 8.78077e-05 4.38009e-05 0.000261188 0.000464992 2.03351e-05 1.9717e-05 0.000115871 2.0708e-05 2.85555e-05 0.000105669 0.000207686 9.57269e-05 4.47626e-05 1.9449e-05 5.08733e-05 4.9988e-05 6.23286e-05 7.73061e-05 4.01537e-05 1.64728e-05 9.47953e-05 2.15841e-05 1.62085e-05 1.59035e-05 1.46465e-05
threshold=0.50867901450982056 40.45000000000001 22.500000000000004 8.3850000000000016 31.692857142857147 0.0010573005000000001 0.0029774413125000006 12.750000000000002 0.39050000000000007 15.500000000000002 20.500000000000004 88.500000000000014 30.550000000000004 0.34000000000000002 26.940816326530616 0.23500000000000001 46.250000000000007 11.750000000000002 0.0026302495000000005 269.872184 0.029700000000000001 293.71943070000003 0.5902777777777779 0.00025000000000000006 267.97285270000003 270.19008470000006 0.36950000000000005 272.72565005000007 277.44858445000006 135.82898045752839
decision_type=2 2 2 2 2 2 2 2 2 2 2 2 2 2 2 2 2 2 2 2 2 2 2 2 10 2 2 2 2 2
left_child=2 -2 6 4 5 -4 10 24 9 27 12 -12 13 16 -15 -16 -1 -18 -14 -20 21 22 23 -21 -8 -26 -27 -9 -7 -5
right_child=1 -3 3 29 -6 28 7 8 -10 -11 11 -13 18 14 15 -17 17 -19 19 20 -22 -23 -24 -25 25 26 -28 -29 -30 -31
leaf_value=0 0 0.00011443534399264676 0 -1.9860636737835061e-06 0 0 0 0 0.00018071045268251034 0 7.089534517862458e-05 0 0 0 0.00012215767758087231 0 -6.9303132921916309e-05 0 0 0 0 0 0 -8.4256719953548765e-05 0 0 -6.79185035163717e-05 2.922027235382582e-05 -0.0001130351262682697 8.5128823010343983e-06
leaf_weight=11050 1096 51 198 996 138 51 351 70 58 75 65 361 489 560 56 184 73 50 973 51 96 80 79 113 321 54 71 106 65 450
leaf_count=11050 1096 51 198 996 138 51 351 70 58 75 65 361 489 560 56 184 73 50 973 51 96 80 79 113 321 54 71 106 65 450
internal_value=1.40739e-07 7.51442e-06 -5.97312e-08 -5.95953e-06 -2.90869e-05 -4.30577e-05 3.43452e-07 1.00258e-05 4.96517e-05 0 -5.69859e-08 9.92329e-06 -7.25446e-07 0 9.15916e-06 3.70806e-05 -6.12548e-07 -4.43147e-05 -5.60199e-06 -8.79224e-06 -2.36476e-05 -3.33258e-05 -4.59712e-05 -6.55478e-05 0 -9.59843e-06 -4.69862e-05 1.69475e-05 -8.28715e-05 0
internal_weight=18431 1147 17284 1898 452 314 15386 1106 309 251 14280 426 13854 11973 800 240 11173 123 1881 1392 419 323 243 164 797 446 125 176 116 1446
internal_count=18431 1147 17284 1898 452 314 15386 1106 309 251 14280 426 13854 11973 800 240 11173 123 1881 1392 419 323 243 164 797 446 125 176 116 1446
is_linear=0
shrinkage=0.05


Tree=250
num_leaves=31
num_cat=0
split_feature=98 128 33 82 97 22 96 81 64 124 62 3 33 44 52 114 138 66 110 128 114 128 96 131 6 44 43 66 128 104
split_gain=4.02815e-05 4.85566e-05 0.000147834 0.000305351 0.000509945 0.000864438 6.25106e-05 6.60575e-05 0.000176394 5.59962e-05 4.91968e-05 5.07329e-05 4.34131e-05 4.66099e-05 6.26232e-05 9.59818e-05 9.84504e-05 3.97197e-05 3.76401e-05 2.16486e-05 5.09925e-05 5.80784e-05 3.87052e-05 0.000108895 7.73929e-05 1.91911e-05 1.47282e-05 3.38962e-05 4.08504e-05 6.09884e-05
threshold=0.19999999999999754 9.5357155484215177 0.33767818374323971 27.930000000000003 1.7999999999999996 8.5000000000000018 31.962500000000009 31.350000000000005 117.14999999999996 -0.9159756150367534 67.550000000000011 0.0030458220000000005 0.7661592364965405 317.50000000000006 141.50000000000003 24.950000000000003 5.7800000000000002 7.825000000000002 13.65 9.840813956591143 31.250000000000004 10.047674471911776 40.537500000000009 53.449377895595291 0.0043972222222222234 177.50000000000003 0.39850000000000008 22.725000000000005 9.5821574907389007 6.3500000000000023
decision_type=2 2 2 2 2 2 2 2 2 2 2 2 2 2 2 2 2 2 2 2 2 2 2 2 2 2 2 2 2 2
left_child=12 2 6 9 -5 -6 7 -2 -9 -4 11 -8 19 -14 15 -15 17 -17 25 22 -21 -22 26 24 -24 -11 27 -1 29 -29
right_child=1 -3 3 4 5 -7 10 8 -10 18 -12 -13 13 14 -16 16 -18 -19 -20 20 21 -23 23 -25 -26 -27 -28 28 -30 -31
leaf_value=-1.8714982837717203e-06 0 0 4.8710588411406696e-05 0 0.00027475853797301493 0 0 0.00010864547747077864 0 0 0 -2.9517662636279549e-05 0 0 0 0 0 -7.0777484465543247e-05 0 0 6.0940894827581359e-05 0 0 0 -0.00010412402259784618 -4.3817484536309679e-05 -8.2085288927326831e-06 3.438943834741157e-05 0 0
leaf_weight=1693 839 5840 58 114 62 55 218 57 63 51 174 375 439 139 97 51 202 199 351 4642 75 381 116 401 55 73 544 281 303 370
leaf_count=1693 839 5840 58 114 62 55 218 57 63 51 174 375 439 139 97 51 202 199 351 4642 75 381 116 401 55 73 544 281 303 370
internal_value=0 2.80825e-06 8.66644e-06 2.69756e-05 7.54314e-05 0.000148293 0 9.04242e-06 4.48725e-05 0 -1.00637e-05 -1.83849e-05 -1.87194e-06 -1.12762e-05 -1.94239e-05 -2.65248e-05 -3.80677e-05 -5.99665e-05 0 -1.10508e-07 1.37005e-06 1.73175e-05 -3.44452e-06 -1.57102e-05 -4.90407e-05 -2.74372e-05 0 1.92748e-07 9.08975e-06 1.6663e-05
internal_weight=18318 8330 2490 764 231 117 1726 959 120 533 767 593 9988 1127 688 591 452 250 475 8861 5098 456 3763 572 171 124 3191 2647 954 651
internal_count=18318 8330 2490 764 231 117 1726 959 120 533 767 593 9988 1127 688 591 452 250 475 8861 5098 456 3763 572 171 124 3191 2647 954 651
is_linear=0
shrinkage=0.05


Tree=251
num_leaves=31
num_cat=0
split_feature=98 129 85 12 4 41 67 136 44 88 51 15 120 3 64 28 102 115 131 96 98 48 80 67 90 49 114 61 114 88
split_gain=3.80026e-05 4.54847e-05 0.00012521 0.00036317 0.00102669 0.000119666 0.000207083 6.17272e-05 7.86602e-05 0.000106733 0.000148394 0.000214694 5.33048e-05 6.06105e-05 6.91976e-05 4.74456e-05 3.42423e-05 4.92168e-05 5.22722e-05 7.3358e-05 3.84995e-05 3.37345e-05 5.15272e-05 5.43751e-05 3.08805e-05 3.80369e-05 8.61514e-05 2.631e-05 3.34226e-05 2.29308e-05
threshold=0.19999999999999754 5.5000000000000009 277.50487280000004 0.020546302000000002 0.0012155370000000003 47.500000000000007 10.65 0.28000000000000008 1117.5000000000002 26.587500000000006 11.500000000000002 0.00084479166666666676 270.83086035000008 0.079872226500000018 308.00000000000006 35.70000000000001 -1.5999999999999985 8.3500000000000032 60.811436445759 40.537500000000009 -2.2000000000000015 98.500000000000014 27.912500000000009 5.7500000000000009 20.484693877551027 969.85000000000002 19.650000000000002 846.70000000000016 26.550000000000004 35.337500000000013
decision_type=2 2 2 2 2 2 2 2 2 2 2 2 8 2 2 2 2 2 2 2 2 2 2 2 2 2 2 2 2 2
left_child=16 -2 7 4 5 -4 -7 12 9 -9 -11 -12 13 14 15 -3 29 24 19 -19 -21 -20 23 -23 -18 -26 -27 28 -25 -1
right_child=1 2 3 -5 -6 6 -8 8 -10 10 11 -13 -14 -15 -16 -17 17 18 21 20 -22 22 -24 27 25 26 -28 -29 -30 -31
leaf_value=0 0 -6.1178761638273313e-05 0 0 0.00027824252182707666 0.00012729726127088048 0 0 0 0 0 0.00013769021084815997 0 0 0 0 -8.2673419258028364e-07 -3.2569263547439658e-06 0 -7.2871634131446722e-05 0 0 0 0 0 0 8.2988410013708097e-05 0 -5.5892005541726108e-05 1.0331031447330188e-05
leaf_weight=2639 4760 162 155 209 50 50 54 519 840 317 141 78 743 98 99 55 2919 663 1518 116 79 138 685 81 84 80 55 173 164 594
leaf_count=2639 4760 162 155 209 50 50 54 519 840 317 141 78 743 98 99 55 2919 663 1518 116 79 138 685 81 84 80 55 173 164 594
internal_value=0 2.73752e-06 7.02327e-06 3.05149e-05 6.69905e-05 6.0642e-06 5.4224e-05 1.38974e-06 8.16909e-06 1.7494e-05 3.31469e-05 6.6092e-05 -5.39356e-06 -2.00571e-05 -3.16963e-05 -4.7481e-05 -1.80581e-06 -4.07163e-06 -8.0601e-06 -2.01479e-05 -5.17576e-05 -2.48347e-06 -9.03379e-06 -2.03284e-05 0 1.8489e-05 3.53863e-05 -2.95598e-05 -4.19005e-05 1.38208e-06
internal_weight=18318 8330 3570 518 309 259 104 3052 1895 1055 536 219 1157 414 316 217 9988 6755 3617 858 195 2759 1241 556 3138 219 135 418 245 3233
internal_count=18318 8330 3570 518 309 259 104 3052 1895 1055 536 219 1157 414 316 217 9988 6755 3617 858 195 2759 1241 556 3138 219 135 418 245 3233
is_linear=0
shrinkage=0.05


Tree=252
num_leaves=31
num_cat=0
split_feature=112 136 28 47 105 33 92 42 104 77 93 134 19 104 134 4 135 112 90 4 81 19 34 75 16 124 139 142 43 104
split_gain=3.34727e-05 0.000140214 0.000425842 2.80529e-05 0.000178031 0.00013818 0.00015911 6.08699e-05 2.87627e-05 3.77173e-05 0.000137875 0.000293558 0.00139169 6.6677e-05 8.821e-05 9.02845e-05 0.000123525 3.27306e-05 6.39457e-05 8.91053e-05 4.0493e-05 5.79442e-05 2.58864e-05 3.33164e-05 2.66732e-05 2.55742e-05 0.00021534 0.000299129 2.34756e-05 4.4006e-05
threshold=293.46440685000005 0.22500000000000003 22.300000000000001 5.5000000000000009 2.5000000000000004 0.9353944165158804 11.550000000000002 0.50500000000000012 0.15000000000000005 277.57390290000006 265.47140015000008 6.8950000000000005 -0.0013485714285714253 0.95000000000000018 8.4250000000000025 0.00018379200000000003 80.750000000000014 282.41343080000007 23.068367346938782 0.0032419345000000003 38.95000000000001 -0.0011757142857142849 0.020174661718830162 16.550000000000004 0.76500000000000012 -0.78656609248549325 87.760506709764101 781.27217678249428 0.36650000000000005 6.6500000000000012
decision_type=2 2 2 2 2 2 2 2 2 2 2 2 2 2 2 2 2 2 2 2 2 2 2 2 2 2 2 2 2 2
left_child=3 2 -2 5 -5 28 7 -7 22 13 -11 12 -12 14 15 -10 -17 -13 -19 20 -20 -22 23 24 -6 26 -15 -28 -1 -30
right_child=1 -3 -4 4 8 6 -8 -9 9 10 11 17 -14 25 -16 16 -18 18 19 -21 21 -23 -24 -25 -26 -27 27 -29 29 -31
leaf_value=1.4117425689172922e-06 0.00016973984332139481 0 0 8.6242358584804311e-05 0 0 0 -0.00013177820368284962 0 -4.8849511859512986e-06 0.00029575460052559004 0 0 0 0 -0.000105417150395344 0 0 0 0 0 7.3659707967280185e-05 0 0 -4.1076331389387947e-05 0 0.00014934847885238238 0 -1.5171200799150669e-05 0
leaf_weight=2597 51 548 93 60 295 50 139 54 123 767 52 482 145 1720 640 81 71 135 86 184 67 132 291 138 161 6333 60 84 720 1959
leaf_count=2597 51 548 93 60 295 50 139 54 123 767 52 482 145 1720 640 81 71 135 86 184 67 132 291 138 161 6333 60 84 720 1959
internal_value=0 1.09481e-05 5.4684e-05 -1.87201e-07 8.43963e-07 -3.3548e-06 -4.07487e-05 -8.74467e-05 0 1.08988e-06 7.2415e-06 1.83831e-05 7.64335e-05 0 -1.30584e-05 -3.69451e-05 -6.27493e-05 3.19239e-06 1.2392e-05 2.31906e-05 4.07762e-05 5.37012e-05 -8.1359e-06 -1.4399e-05 -2.12649e-05 1.13143e-06 6.31735e-06 6.50083e-05 -6.77619e-07 -4.56847e-06
internal_weight=18318 692 144 17626 12107 5519 243 104 12047 11162 2050 1283 197 9112 915 275 152 1086 604 469 285 199 885 594 456 8197 1864 144 5276 2679
internal_count=18318 692 144 17626 12107 5519 243 104 12047 11162 2050 1283 197 9112 915 275 152 1086 604 469 285 199 885 594 456 8197 1864 144 5276 2679
is_linear=0
shrinkage=0.05


Tree=253
num_leaves=31
num_cat=0
split_feature=112 30 134 42 47 85 126 33 92 85 114 110 128 135 96 61 137 85 136 47 96 22 28 136 90 120 21 83 111 4
split_gain=2.98365e-05 0.000132334 0.000284396 0.000437059 2.54624e-05 0.000130338 0.00073666 0.000128493 0.000146093 8.19235e-05 3.94829e-05 7.5262e-05 5.28019e-05 7.28504e-05 8.3355e-05 9.23505e-05 9.73797e-05 4.57421e-05 0.00020831 0.000325491 5.51829e-05 0.000101322 0.000103545 5.17008e-05 3.84165e-05 6.1708e-05 8.03831e-05 4.04551e-05 9.77043e-05 6.8757e-05
threshold=293.46440685000005 -1.7557142857142856 8.8950000000000014 0.74500000000000011 5.5000000000000009 280.2043680000001 18.500000000000004 0.9353944165158804 11.550000000000002 279.68915700000008 35.250000000000007 27.350000000000005 11.709604838445797 68.605000000000018 38.487500000000004 355.10000000000008 2.9000000000000004 277.2569534000001 0.14500000000000005 67.500000000000014 43.062500000000007 6.5000000000000009 32.70000000000001 0.10000000000000002 23.527551020408168 269.01587040000004 0.35416666666666669 17.050000000000004 15.050000000000002 0.0043120615000000013
decision_type=2 2 2 2 2 2 2 2 2 2 2 2 2 2 2 2 2 2 2 2 2 2 2 2 2 8 2 2 2 2
left_child=4 2 3 -2 7 10 -7 -1 9 -9 17 12 13 14 -12 16 -16 20 19 -19 24 22 23 -22 25 26 -6 -26 29 -29
right_child=1 -3 -4 -5 5 6 -8 8 -10 -11 11 -13 -14 -15 15 -17 -18 18 -20 -21 21 -23 -24 -25 27 -27 -28 28 -30 -31
leaf_value=-6.0885894992969019e-07 0.00015932081118645049 -4.9179820483991023e-08 0 0 -4.3259473683812064e-05 0.00019705366379190942 0 0 0 -0.00013240752131861409 0 1.0494995219447229e-06 0 0 -0.0001000791384952989 0 0 0 0 0.00016921289035249799 0 0 0 -8.492628115798755e-05 0 9.8393966521705517e-07 0 4.1714868027605077e-05 0 0
leaf_weight=5276 86 327 198 81 185 55 116 51 139 53 63 245 96 381 126 74 53 54 627 50 64 520 156 105 336 7385 280 360 652 124
leaf_count=5276 86 327 198 81 185 55 116 51 139 53 63 245 96 381 126 74 53 54 627 50 64 520 156 105 336 7385 280 360 652 124
internal_value=0 1.03235e-05 3.32523e-05 8.14921e-05 -2.04123e-07 7.59973e-07 4.39899e-05 -3.22461e-06 -3.92905e-05 -8.40581e-05 0 -9.16553e-06 -1.86161e-05 -2.41525e-05 -4.31159e-05 -5.60401e-05 -7.55925e-05 1.02381e-06 1.31084e-05 7.84708e-05 0 -1.20628e-05 -3.39798e-05 -6.113e-05 1.26228e-06 0 -1.77681e-05 8.67674e-06 1.3656e-05 3.06727e-05
internal_weight=18318 692 365 167 17626 12107 171 5519 243 104 11936 1038 793 697 316 253 179 10898 731 104 10167 845 325 169 9322 7850 465 1472 1136 484
internal_count=18318 692 365 167 17626 12107 171 5519 243 104 11936 1038 793 697 316 253 179 10898 731 104 10167 845 325 169 9322 7850 465 1472 1136 484
is_linear=0
shrinkage=0.05


Tree=254
num_leaves=31
num_cat=0
split_feature=98 128 128 33 101 115 104 132 13 101 90 112 92 35 33 102 44 110 49 92 90 137 120 21 13 96 110 59 134 96
split_gain=3.28331e-05 4.28377e-05 0.00013428 0.00018695 0.000773883 0.000142504 9.03855e-05 7.85804e-05 7.79543e-05 7.29669e-05 6.93868e-05 0.0001256 6.40374e-05 4.91542e-05 3.8167e-05 7.60013e-05 8.34582e-05 7.66374e-05 5.06193e-05 5.72426e-05 3.44805e-05 2.91964e-05 2.19152e-05 3.53124e-05 2.1515e-05 4.89941e-05 0.000116151 0.000173459 4.30709e-05 0.000107173
threshold=0.19999999999999754 9.5357155484215177 8.8843272925997816 0.33767818374323971 5.2796723999999822 18.950000000000003 17.050000000000008 5.5000000000000009 0.0013630270625000001 0.59746674999999538 10.770899470899474 268.34364895000004 9.9500000000000046 276.61112335000007 0.7661592364965405 -0.90000000000000002 317.50000000000006 10.65 979.25000000000011 6.8500000000000023 28.541836734693884 4.035000000000001 270.83086035000008 0.49305555555555564 0.00020183957638888889 35.76250000000001 16.950000000000003 3.4897000000000005 8.2600000000000016 40.462500000000006
decision_type=2 2 2 2 2 2 2 2 2 2 2 2 2 2 2 2 2 2 2 2 2 2 8 2 2 2 2 2 2 2
left_child=14 2 9 6 5 -5 22 -7 -8 12 -10 -12 -2 -11 24 -16 -17 -18 -19 -20 -15 -21 23 -4 25 -1 27 -27 29 -26
right_child=1 -3 3 4 -6 7 8 -9 10 13 11 -13 -14 20 15 16 17 18 19 21 -22 -23 -24 -25 28 26 -28 -29 -30 -31
leaf_value=0 0 0 -2.703603529457883e-05 0 0.00019015001573325784 9.6239349689417164e-05 0 0 0 0 0 0.00012620795187614389 4.1268908847357919e-05 -5.6369136098801949e-05 0 0 0 0 0 -7.0208334747814337e-05 0 0 0 0 -1.2150932800264977e-06 0 0 0.00011177241654611082 3.0451987675361153e-08 -3.724487623396322e-05
leaf_weight=1711 281 5840 198 327 78 60 133 71 50 133 51 56 93 130 384 303 52 64 60 214 62 50 578 189 2258 61 175 69 4301 286
leaf_count=1711 281 5840 198 327 78 60 133 71 50 133 51 56 93 130 384 303 52 64 60 214 62 50 578 189 2258 61 175 69 4301 286
internal_value=0 2.46297e-06 7.95491e-06 1.61706e-05 4.17041e-05 5.17048e-06 1.26e-06 5.28385e-05 2.78415e-05 -5.94568e-06 5.15859e-05 7.41571e-05 0 -2.52085e-05 -1.77707e-06 -1.06063e-05 -2.06382e-05 -3.45211e-05 -4.29364e-05 -5.09504e-05 -4.13533e-05 -6.10224e-05 -1.57278e-06 -1.21394e-05 -8.88324e-08 3.7263e-06 2.21766e-05 5.80121e-05 -1.9432e-06 -7.24329e-06
internal_weight=18318 8330 2490 1791 536 458 1255 131 290 699 157 107 374 325 9988 1127 743 440 388 324 192 264 965 387 8861 2016 305 130 6845 2544
internal_count=18318 8330 2490 1791 536 458 1255 131 290 699 157 107 374 325 9988 1127 743 440 388 324 192 264 965 387 8861 2016 305 130 6845 2544
is_linear=0
shrinkage=0.05


Tree=255
num_leaves=31
num_cat=0
split_feature=100 138 110 138 33 42 26 0 22 101 22 119 4 92 118 132 123 49 136 128 77 92 110 16 114 62 114 107 50 53
split_gain=2.8749e-05 5.555e-05 3.30675e-05 5.92214e-05 0.00012603 0.000654711 0.000633289 0.00109332 0.000173591 0.000111628 0.000261591 0.000548407 7.69258e-05 8.07393e-05 7.67285e-05 0.000143911 0.000132158 0.000198891 0.000176175 6.31281e-05 5.7563e-05 4.38533e-05 3.4277e-05 3.19551e-05 6.7479e-05 3.05379e-05 2.97825e-05 4.69356e-05 6.28589e-05 2.90454e-05
threshold=-6.6499999999999764 5.4500000000000011 9.5500000000000025 4.5150000000000006 0.33767818374323971 0.56500000000000006 5.5000000000000009 0.0019000000000000002 52.500000000000007 -0.20744375000001011 6.5000000000000009 15.65 9.800000000000001e-05 6.7500000000000018 11.750000000000002 4.5000000000000009 0.78656609248549325 982.85000000000002 1.3600000000000003 9.3639623397124101 275.20139095000008 7.5500000000000016 23.550000000000004 0.74500000000000011 26.450000000000003 40.850000000000001 37.550000000000004 9.0500000000000025 1025.0500000000002 46.500000000000007
decision_type=2 2 2 2 2 2 2 2 2 2 2 10 2 2 8 2 2 2 2 2 2 2 2 2 2 2 2 2 2 2
left_child=1 25 23 4 12 9 7 8 -7 20 11 -11 14 -14 15 16 17 18 -4 -15 -6 -22 -23 -2 -25 -1 29 28 -28 -5
right_child=2 -3 3 26 5 6 -8 -9 -10 10 -12 -13 13 19 -16 -17 -18 -19 -20 -21 21 22 -24 24 -26 -27 27 -29 -30 -31
leaf_value=-3.558811319557934e-05 0 0 0.0001342777241517495 -1.7361028832831735e-06 0 0 0 0.0003505757587551601 8.9287194822977725e-05 0.00020181636182863959 0 0 0 -4.8053006511372071e-05 0 0 0 0 0 0 0 -5.9259649335507526e-05 0 -3.4964045551087364e-07 -4.2000837821948392e-05 0 -4.4784224385422159e-05 0 0 3.838937487196775e-06
leaf_weight=222 1538 453 108 5429 161 71 96 51 62 52 399 92 1687 175 1058 245 72 75 66 205 73 137 57 1060 165 202 173 230 58 3816
leaf_count=222 1538 453 108 5429 161 71 96 51 62 52 399 92 1687 175 1058 245 72 75 66 205 73 137 57 1060 165 202 173 230 58 3816
internal_value=0 -8.74942e-06 5.17308e-07 1.71226e-06 6.21549e-06 2.01026e-05 8.73234e-05 0.000141916 2.25716e-05 0 1.56765e-05 7.37033e-05 1.50245e-07 -4.75368e-06 9.46788e-06 2.43971e-05 4.65341e-05 6.41143e-05 9.33469e-05 -2.55429e-05 -1.84089e-05 -3.28548e-05 -4.52301e-05 -4.00705e-06 -1.00678e-05 -2.20207e-05 -6.59633e-08 -1.2698e-05 -2.87552e-05 2.44631e-08
internal_weight=18288 877 17411 14648 4942 1251 280 184 133 971 543 144 3691 2067 1624 566 321 249 174 380 428 267 194 2763 1225 424 9706 461 231 9245
internal_count=18288 877 17411 14648 4942 1251 280 184 133 971 543 144 3691 2067 1624 566 321 249 174 380 428 267 194 2763 1225 424 9706 461 231 9245
is_linear=0
shrinkage=0.05


Tree=256
num_leaves=31
num_cat=0
split_feature=100 138 110 138 85 42 85 19 81 88 140 93 74 128 120 43 22 32 97 86 83 16 81 49 123 19 90 101 138 30
split_gain=2.56266e-05 5.22648e-05 3.03931e-05 5.34461e-05 0.000285426 0.00100885 6.47859e-05 0.000110439 4.62707e-05 0.000120122 0.000218519 5.29608e-05 0.00023435 4.0174e-05 0.000105764 0.000200726 0.000158493 0.000198669 7.2224e-05 3.32208e-05 3.30625e-05 3.02094e-05 5.14544e-05 3.74344e-05 2.45367e-05 4.87374e-05 0.000102742 0.000146621 0.000189196 0.000101904
threshold=-6.6499999999999764 8.1500000000000004 9.5500000000000025 4.5150000000000006 280.2043680000001 0.79500000000000015 279.68915700000008 -0.00045999999999999985 51.850000000000001 43.187500000000007 9.5150000000000023 262.77182070000003 24.550000000000008 9.5821574907389007 270.10926245000007 0.33950000000000008 7.5000000000000009 16.150000000000002 0.49999999999999961 16.500000000000004 17.850000000000005 0.74500000000000011 28.450000000000003 983.85000000000002 -0.5 -0.00018857142857142854 19.995918367346942 0.22741945000001354 3.5950000000000002 -2.7971428571428558
decision_type=2 2 2 2 2 2 2 2 2 2 2 2 2 2 8 2 2 2 2 2 2 2 2 2 2 2 2 2 2 2
left_child=1 -1 21 4 8 -6 13 20 9 11 -11 12 -4 14 15 -5 -17 18 -18 -10 -8 -2 -23 -24 -13 -26 -27 28 -28 -30
right_child=2 -3 3 6 5 -7 7 -9 19 10 -12 24 -14 -15 -16 16 17 -19 -20 -21 -22 22 23 -25 25 26 27 -29 29 -31
leaf_value=-1.7043663339955721e-05 0 0 0.00011877384710447481 0 0.00018496122733824673 -1.848886888932183e-05 0 0 -3.5191998198018027e-05 1.5575192233690718e-07 0.00011407067914463357 -6.3202028038177952e-06 0 -5.1992494722903661e-07 0 0 0.00019313517601403873 0 0 0 -8.6120317032119993e-05 -1.9306310229145042e-07 -5.2092949225479972e-05 0 -4.5904405080632654e-07 0 0 0 0 0.00012248261589614443
leaf_weight=657 1538 220 50 216 97 67 56 415 111 379 71 1220 69 7547 1173 64 51 62 53 76 69 1039 124 62 1773 622 71 187 51 98
leaf_count=657 1538 220 50 216 97 67 56 415 111 379 71 1220 69 7547 1173 64 51 62 53 76 69 1039 124 62 1773 622 71 187 51 98
internal_value=0 -8.2995e-06 4.53963e-07 1.61204e-06 5.89297e-06 7.19331e-05 -5.29645e-08 -1.72196e-05 2.56539e-06 4.46314e-06 2.94285e-05 5.36573e-07 3.3366e-05 4.14716e-07 7.85562e-06 2.85512e-05 6.12353e-05 8.69451e-05 0.000129435 -1.72061e-05 -5.88591e-05 -3.87498e-06 -9.77004e-06 -3.62422e-05 0 2.11757e-06 1.14077e-05 3.09527e-05 5.85437e-05 9.057e-05
internal_weight=18288 877 17411 14648 4942 164 9706 540 4778 4591 450 4141 119 9166 1619 446 230 166 104 187 125 2763 1225 186 4022 2802 1029 407 220 149
internal_count=18288 877 17411 14648 4942 164 9706 540 4778 4591 450 4141 119 9166 1619 446 230 166 104 187 125 2763 1225 186 4022 2802 1029 407 220 149
is_linear=0
shrinkage=0.05


Tree=257
num_leaves=31
num_cat=0
split_feature=100 138 75 128 119 9 7 8 43 8 121 83 88 61 110 22 114 19 134 47 103 19 24 80 90 131 77 62 7 81
split_gain=2.16539e-05 4.90325e-05 2.86909e-05 6.90577e-05 0.000146254 0.000444948 0.000653642 0.000113568 0.000113025 9.18212e-05 0.000101801 8.98554e-05 0.000144127 5.96144e-05 6.59403e-05 4.87571e-05 8.8977e-05 0.000142342 0.000104189 6.11031e-05 0.000153167 3.54798e-05 3.53461e-05 3.81503e-05 3.81873e-05 3.40351e-05 2.97194e-05 2.73033e-05 2.72515e-05 2.47512e-05
threshold=-6.6499999999999764 5.4500000000000011 11.250000000000002 9.5821574907389007 12.550000000000002 0.67486111111111124 0.051100000000000007 0.044034386455311166 0.32650000000000007 0.010020021889685194 0.15000000000000005 14.350000000000003 29.137500000000006 1566.1000000000001 21.550000000000004 49.500000000000007 35.250000000000007 -0.0028999999999999985 8.8100000000000023 4.5000000000000009 727.15000000000009 -0.00092999999999999951 46.550000000000004 17.687500000000004 19.892857142857149 96.666400384507128 276.37381445000005 40.850000000000001 0.004000000000000001 33.95000000000001
decision_type=2 2 2 2 10 2 2 2 2 2 10 2 2 2 2 2 2 2 2 2 2 2 2 2 2 2 2 2 2 2
left_child=1 27 15 4 9 26 -7 -8 -9 10 11 12 -4 14 -11 16 22 -18 -19 -17 -21 -16 23 24 -2 28 -6 -1 -26 -24
right_child=2 -3 3 -5 5 6 7 8 -10 13 -12 -13 -14 -15 21 19 17 18 -20 20 -22 -23 29 -25 25 -27 -28 -29 -30 -31
leaf_value=-3.296832499607246e-05 -1.7685946363931242e-06 0 0 0 0 0.0002016773042755687 0 0 9.5147861545378132e-05 0 8.3083186347424759e-05 0 9.9135916957053397e-05 0 -4.6664544301728756e-05 0 0 -9.1563353866772274e-05 0 9.0601666045716093e-05 0 0 0 0 0 0 -2.2662960789979292e-05 0 -4.7184297678711e-05 1.5335082635325697e-05
leaf_weight=222 1283 453 279 7585 141 80 151 60 66 112 58 965 61 757 209 610 86 110 169 69 511 126 2696 397 57 167 144 202 197 265
leaf_count=222 1283 453 279 7585 141 80 151 60 66 112 58 965 61 757 209 610 86 110 169 69 511 126 2696 397 57 167 144 202 197 265
internal_value=0 -7.66182e-06 3.8592e-07 2.20239e-06 8.37229e-06 3.02491e-05 6.89212e-05 1.20069e-05 5.0509e-05 9.44257e-07 1.13959e-05 4.32011e-06 2.7023e-05 -6.73786e-06 -2.13256e-05 -1.82157e-06 -4.39655e-06 -2.93033e-05 -4.89217e-05 5.71731e-06 1.81639e-05 -3.3121e-05 -1.60763e-06 -6.92404e-06 -1.07259e-05 -2.6106e-05 -7.81811e-07 -2.02411e-05 -3.823e-05 4.77678e-07
internal_weight=18288 877 17411 10794 3209 642 357 277 126 2567 1363 1305 340 1204 447 6617 5427 365 279 1190 580 335 5062 2101 1704 421 285 424 254 2961
internal_count=18288 877 17411 10794 3209 642 357 277 126 2567 1363 1305 340 1204 447 6617 5427 365 279 1190 580 335 5062 2101 1704 421 285 424 254 2961
is_linear=0
shrinkage=0.05


Tree=258
num_leaves=31
num_cat=0
split_feature=44 21 88 85 138 89 15 30 105 111 76 128 61 19 137 90 114 103 15 141 34 84 68 128 126 124 141 74 116 138
split_gain=2.00086e-05 4.48517e-05 4.48052e-05 0.000187079 0.0012406 7.84632e-05 5.34331e-05 0.000140541 5.65096e-05 5.76915e-05 8.77958e-05 3.80719e-05 3.16138e-05 0.000170651 0.000169995 0.000295153 0.000287023 6.43783e-05 9.95609e-05 0.000139331 8.95783e-05 9.86578e-05 5.2962e-05 0.000176108 0.000442523 4.31304e-05 3.61676e-05 3.01999e-05 0.000184884 2.37368e-05
threshold=507.50000000000006 0.38194444444444448 37.037500000000009 280.2043680000001 4.6950000000000012 55.050000000000004 0.00092812500000000013 -1.4571428571428566 14.500000000000002 19.850000000000005 1.7500000000000007 9.5184498758180087 165.10000000000005 -3.5714285714284572e-05 0.075000000000000025 24.574489795918371 15.050000000000002 1853.1000000000001 0.0010927083333333336 36.375000000000007 -0.98985860882283394 22.550000000000004 0.75000000000000011 10.018310656109238 63.500000000000007 -0.9159756150367534 36.975000000000009 22.428571428571434 286.04034900000005 8.3150000000000013
decision_type=2 2 2 2 2 2 2 2 2 2 2 2 2 2 2 2 2 2 2 2 2 2 2 2 2 2 2 2 2 2
left_child=1 11 12 5 -5 6 27 -8 -9 10 -10 29 13 26 -15 16 -16 18 -14 20 -20 25 -19 24 -24 -22 -2 28 -4 -1
right_child=2 -3 3 4 -6 -7 7 8 9 -11 -12 -13 17 14 15 -17 -18 22 19 -21 21 -23 23 -25 -26 -27 -28 -29 -30 -31
leaf_value=-4.2520961812121375e-05 0 0 0.00010028747576807989 0.00026899168432696483 0 -4.599358336521878e-05 0 0 0.00010055644475750279 0 0 -1.3785906152030437e-06 -1.0924140223436459e-07 0 0 0 0.00016130931691105409 -1.7808146021130196e-08 0 0 0 0 0.00013166118227429213 0 0 -7.1034283026762493e-05 -2.977349384318408e-05 -3.2328665930873476e-06 0 0
leaf_weight=166 725 3134 51 50 128 69 353 110 102 69 52 1193 2182 98 55 56 90 6371 75 233 65 67 96 375 167 267 101 1407 272 109
leaf_count=166 725 3134 51 50 128 69 353 110 102 69 52 1193 2182 98 55 56 90 6371 75 233 65 67 96 375 167 267 101 1407 272 109
internal_value=0 -2.85654e-06 9.54192e-07 6.8355e-06 5.73474e-05 1.18446e-06 4.619e-06 1.64166e-05 4.00786e-05 5.50072e-05 7.28235e-05 -1.00945e-05 -1.35829e-08 7.3499e-06 4.03094e-05 6.7209e-05 0.000106318 -1.35627e-06 -7.81874e-06 -2.45165e-05 -4.03635e-05 -4.99455e-05 5.94926e-07 1.45288e-05 4.66757e-05 -6.11321e-05 0 0 1.36969e-05 -2.96476e-05
internal_weight=18288 4602 13686 2663 178 2485 2416 686 333 223 154 1468 11023 1125 299 201 145 9898 2889 707 474 399 7009 638 263 332 826 1730 323 275
internal_count=18288 4602 13686 2663 178 2485 2416 686 333 223 154 1468 11023 1125 299 201 145 9898 2889 707 474 399 7009 638 263 332 826 1730 323 275
is_linear=0
shrinkage=0.05


Tree=259
num_leaves=31
num_cat=0
split_feature=100 138 74 128 33 15 50 85 111 55 19 85 103 90 128 111 128 120 92 47 3 28 134 111 15 64 10 104 85 27
split_gain=1.97224e-05 4.62877e-05 2.59685e-05 9.27351e-05 0.000183005 0.000453855 0.000660623 0.00129002 7.36358e-05 0.000137579 0.000177954 0.000191782 8.34317e-05 7.00767e-05 0.000282701 0.00035956 0.00017982 7.09728e-05 0.000202657 0.00042919 6.35866e-05 7.92123e-05 5.16699e-05 4.80109e-05 0.000162904 0.000147725 4.48255e-05 2.22797e-05 2.17121e-05 2.89839e-05
threshold=-6.6499999999999764 8.1500000000000004 16.492857142857151 9.5821574907389007 0.33767818374323971 0.00041041666666666673 1019.4500000000002 276.17636780000004 10.850000000000003 2.1658526000000227 -0.00079857142857142334 273.39113465000008 1934.3000000000004 25.747959183673476 9.3882773295766153 10.550000000000002 9.0380664556519861 271.64301760000006 11.850000000000003 15.500000000000002 0.0010403705000000003 25.600000000000005 5.0150000000000015 18.150000000000002 0.00044479166666666669 357.00000000000011 11.250000000000002 6.3500000000000023 276.3776464500001 1786.1000000000004
decision_type=2 2 2 2 2 2 2 2 2 2 2 2 2 2 2 2 2 8 2 2 2 2 2 2 2 2 2 2 2 2
left_child=1 27 13 4 8 6 7 -6 9 -4 -11 22 20 17 15 16 -15 18 19 -2 -10 26 -12 -14 -25 -26 -22 -1 -19 -30
right_child=2 -3 3 -5 5 -7 -8 -9 12 10 11 -13 23 14 -16 -17 -18 28 -20 -21 21 -23 -24 24 25 -27 -28 -29 29 -31
leaf_value=-1.9298041809113531e-05 0 0 0 -3.6493391050496888e-07 0 0 0 0.00028847233729237942 0 0 0.00017573989404898421 0 0 0 0 0 -0.00018330537692507739 0 0 0.00017329692058410729 -7.4182772922569957e-05 0 0 0 0.00013307509312403899 0 0 0 -1.4743508236361167e-05 0
leaf_weight=587 69 220 645 7554 80 329 140 80 293 108 50 88 687 53 563 54 66 4625 405 57 123 201 50 225 50 54 51 70 652 59
leaf_count=587 69 220 645 7554 80 329 140 80 293 108 50 88 687 53 563 54 66 4625 405 57 123 201 50 225 50 54 51 70 652 59
internal_value=0 -7.36001e-06 3.16567e-07 2.0585e-06 9.21886e-06 3.40235e-05 7.8692e-05 0.000147768 1.36047e-06 1.37327e-05 4.19073e-05 7.15098e-05 -2.5897e-06 -1.77744e-06 -1.63101e-05 -7.20316e-05 -0.000122533 0 1.74626e-05 7.25721e-05 -1.78568e-05 -3.14663e-05 0.00011965 2.53941e-06 1.95855e-05 7.13039e-05 -5.70873e-05 -1.57527e-05 -1.6878e-06 -9.87873e-06
internal_weight=18288 877 17411 10808 3254 629 300 160 2625 941 296 188 1684 6603 736 173 119 5867 531 126 668 375 100 1016 329 104 174 657 5336 711
internal_count=18288 877 17411 10808 3254 629 300 160 2625 941 296 188 1684 6603 736 173 119 5867 531 126 668 375 100 1016 329 104 174 657 5336 711
is_linear=0
shrinkage=0.05


Tree=260
num_leaves=31
num_cat=0
split_feature=116 119 36 19 161 74 75 138 14 161 88 82 23 86 102 14 137 81 138 88 141 138 90 85 86 3 116 77 92 68
split_gain=2.69093e-05 7.80663e-05 8.07064e-05 4.32211e-05 9.90518e-05 0.000142977 0.000293435 0.000335064 0.00070859 8.0548e-05 0.000123452 0.000257951 0.000122964 8.39278e-05 5.46421e-05 0.000101652 4.09087e-05 0.000127988 0.000319656 6.63502e-05 0.000444956 3.13812e-05 0.000166699 0.00018915 3.85024e-05 3.94121e-05 5.29298e-05 4.93388e-05 6.53346e-05 3.241e-05
threshold=286.82309070000002 8.4500000000000011 269.55326785000005 -0.0024828571428571413 0.27551020408163268 29.592857142857145 15.950000000000001 4.5150000000000006 0.0075767445000000004 0.25510204081632659 37.037500000000009 28.906000000000002 25.262499999999999 14.500000000000002 -1.8999999999999995 0.0076690420000000009 1.8100000000000003 46.45000000000001 5.0300000000000002 38.63750000000001 37.765000000000008 12.985000000000001 21.567346938775515 272.40601890000005 3.5000000000000004 1.0000000180025095e-35 269.77547850000002 290.57883920000006 14.450000000000005 0.75000000000000011
decision_type=2 8 2 2 2 2 2 2 2 2 2 2 2 2 2 2 2 2 2 2 2 2 2 2 2 2 2 2 2 2
left_child=3 2 -2 9 21 6 14 8 -8 10 -1 -12 13 -11 15 -6 19 -18 -19 -3 -21 24 -23 -24 29 -26 -27 28 -28 -5
right_child=1 16 -4 4 5 -7 7 -9 -10 12 11 -13 -14 -15 -16 -17 17 18 -20 20 -22 22 23 -25 25 26 27 -29 -30 -31
leaf_value=-1.3085082417639343e-06 0 -1.78140326235745e-06 -7.2176583972494962e-05 0 7.3659540050559577e-05 0 0 1.8648363815491777e-06 0.00024097696289243398 -6.2240232419666914e-05 0.00011252936299958188 0 -3.36623934527369e-07 0 -3.8411479209597305e-07 0 0 -0.00015330976366245664 0 0 0.00015650857407028805 0 0 0.00011804590834219489 0 0 0 0 -4.2566496831714928e-05 1.5712668059230593e-05
leaf_weight=2215 95 1691 87 6254 71 1226 59 229 68 198 74 63 909 51 563 81 602 51 61 494 51 670 51 68 217 1216 245 96 341 330
leaf_count=2215 95 1691 87 6254 71 1226 59 229 68 198 74 63 909 51 563 81 602 51 61 494 51 670 51 68 217 1216 245 96 341 330
internal_value=-5.83955e-08 -4.48999e-06 -3.74506e-05 5.22425e-07 2.25306e-06 1.15669e-05 2.49047e-05 6.25886e-05 0.00013215 -3.86316e-06 0 4.69995e-05 -1.47971e-05 -4.73741e-05 0 2.98714e-05 -7.50142e-07 -1.20076e-05 -6.11875e-05 6.1323e-07 1.71903e-05 0 9.53876e-06 6.38114e-05 -8.69178e-07 -6.94747e-06 -1.02795e-05 -2.20803e-05 -2.7882e-05 3.2483e-07
internal_weight=18427 3132 182 15295 11785 2297 1071 356 127 3510 2352 137 1158 249 715 152 2950 714 112 2236 545 9488 789 119 8699 2115 1898 682 586 6584
internal_count=18427 3132 182 15295 11785 2297 1071 356 127 3510 2352 137 1158 249 715 152 2950 714 112 2236 545 9488 789 119 8699 2115 1898 682 586 6584
is_linear=0
shrinkage=0.05


Tree=261
num_leaves=31
num_cat=0
split_feature=131 33 89 102 140 88 19 35 32 53 131 98 33 4 86 54 132 115 65 120 4 128 115 89 35 134 23 3 42 4
split_gain=2.21049e-05 1.90683e-05 4.07633e-05 1.78613e-05 6.57747e-05 0.000200445 2.99581e-05 5.58212e-05 7.24964e-05 0.000126867 0.000175213 2.86502e-05 4.42288e-05 3.46247e-05 3.62183e-05 4.84976e-05 2.9903e-05 5.56804e-05 5.46479e-05 0.000120479 0.00021172 0.000191667 5.18859e-05 4.90585e-05 4.78468e-05 0.000107147 3.19038e-05 4.21034e-05 2.93017e-05 2.88542e-05
threshold=20.837174125450115 0.45780780594231113 37.850000000000001 -1.5999999999999985 69.210000000000022 37.037500000000009 -0.0041099999999999982 275.39390570000006 14.250000000000002 238.50000000000003 50.928189353158515 0.90000000000000135 0.80924803538251411 1.6150000000000003e-05 1.0000000180025095e-35 0.23500000000000001 2.5000000000000004 9.8500000000000032 27.950000000000003 271.56142585000003 0.00022222500000000002 9.7255264531605992 19.850000000000005 38.850000000000001 284.31009090000003 5.1750000000000016 25.842361111111114 5.4250000000000004e-05 0.88500000000000012 0.0033372235000000004
decision_type=2 2 2 2 2 2 2 2 2 2 2 2 2 2 2 2 2 2 2 8 2 2 2 2 2 2 2 2 2 2
left_child=1 2 -1 4 -2 -6 7 -5 9 10 -9 12 -8 14 -14 -16 17 24 19 20 -18 22 -22 -19 -13 -26 27 -25 -29 -23
right_child=3 -3 -4 6 5 -7 11 8 -10 -11 -12 16 13 -15 15 -17 18 23 -20 -21 21 29 -24 26 25 -27 -28 28 -30 -31
leaf_value=0 0 0 -3.5242118663104935e-05 0 0 0.00011524928157395718 0 -0.00011491711808640651 0 0 -7.8668235186265695e-06 0 0 0 -4.483242872774335e-05 0 0 0 0 0 0 2.4363991439732636e-05 0.0001809647597930926 0 8.8868078083368551e-05 0 0 -5.254264741884324e-05 0 0
leaf_weight=244 4028 73 164 957 357 52 5647 85 335 67 345 834 107 435 215 50 423 386 1359 1360 52 166 50 61 51 52 119 179 63 111
leaf_count=244 4028 73 164 957 357 52 5647 85 335 67 345 834 107 435 215 50 423 386 1359 1360 52 166 50 61 51 52 119 179 63 111
internal_value=-6.97773e-08 -1.07163e-05 -1.5871e-05 0 2.94221e-06 2.22434e-05 -6.79359e-07 -6.73233e-06 -1.62766e-05 -2.84091e-05 -4.08464e-05 0 -1.97681e-06 -1.2964e-05 -2.44159e-05 -3.42977e-05 2.96812e-06 -1.38048e-08 5.86518e-06 1.09168e-05 2.63839e-05 5.35152e-05 0.000122294 -1.19751e-05 4.97202e-06 3.70557e-05 -2.3753e-05 -3.2364e-05 -4.17556e-05 9.85441e-06
internal_weight=18427 481 408 17946 4437 409 13509 1789 832 497 430 11720 6454 807 372 265 5266 1745 3521 2162 802 379 102 808 937 103 422 303 242 277
internal_count=18427 481 408 17946 4437 409 13509 1789 832 497 430 11720 6454 807 372 265 5266 1745 3521 2162 802 379 102 808 937 103 422 303 242 277
is_linear=0
shrinkage=0.05


Tree=262
num_leaves=31
num_cat=0
split_feature=116 61 19 136 99 90 111 8 22 118 128 28 19 94 74 75 128 50 94 26 88 82 28 46 85 132 31 30 86 136
split_gain=2.43897e-05 6.19972e-05 7.31341e-05 0.000137445 0.000111414 6.23379e-05 7.69719e-05 0.000106396 5.47137e-05 9.01686e-05 6.3575e-05 0.000186198 3.96844e-05 9.10452e-05 0.000132114 0.000270516 0.000310257 0.000619693 7.35975e-05 0.000140945 0.000108317 0.000236807 6.63746e-05 0.000141204 0.000136349 8.70387e-05 6.18732e-05 7.64224e-05 5.01842e-05 4.82514e-05
threshold=286.82309070000002 218.45000000000002 -0.0019357142857142848 0.63500000000000012 0.34999999999996595 25.662244897959187 11.450000000000001 0.012024172761565432 4.5000000000000009 33.650000000000013 9.2762685509947076 23.700000000000003 -0.0024828571428571413 13.500000000000002 29.592857142857145 15.950000000000001 9.5821574907389007 1012.2500000000001 12.500000000000002 9.5000000000000018 37.037500000000009 28.906000000000002 31.350000000000005 19.500000000000004 274.33009100000004 4.5000000000000009 13.050000000000002 -3.5028571428571413 17.500000000000004 0.29500000000000004
decision_type=2 2 2 2 2 2 2 2 2 8 2 2 2 2 2 2 2 2 2 2 2 2 2 2 2 2 2 2 2 2
left_child=12 2 3 -2 -5 -4 7 -7 -3 10 11 -10 18 -14 15 22 17 -17 20 28 -1 -22 26 24 25 -24 -15 -28 -20 -29
right_child=1 8 5 4 -6 6 -8 -9 9 -11 -12 -13 13 14 -16 16 -18 -19 19 -21 21 -23 23 -25 -26 -27 27 29 -30 -31
leaf_value=-1.1703741303489524e-06 0 0 1.0178939228190169e-06 0.00011342300776122435 0 0 0 -0.00010971480138430386 -0.00010947779783591135 0 -8.9255264695321422e-06 0 0 0 0 0 6.4998682151814004e-06 0.00026584325699670943 -5.1248308375795244e-05 0 0.00010706850642397208 0 0.00012615296636958289 0 0 0 0 0 0 -5.5865549404279295e-05
leaf_weight=2215 206 447 500 62 51 115 54 50 94 784 682 87 9488 163 1226 56 250 50 269 828 74 63 66 67 81 52 80 54 61 152
leaf_count=2215 206 447 500 62 51 115 54 50 94 784 682 87 9488 163 1226 56 250 50 269 828 74 63 66 67 81 52 80 54 61 152
internal_value=-3.26383e-08 -4.26721e-06 2.33347e-06 2.42599e-05 6.83096e-05 -4.70395e-07 -2.65848e-05 -4.57807e-05 -9.92537e-06 -1.44303e-05 -2.56533e-05 -6.08148e-05 5.07827e-07 2.17679e-06 1.11063e-05 2.39275e-05 6.01127e-05 0.000138587 -3.67074e-06 -1.41269e-05 0 4.40485e-05 0 2.40783e-05 5.03889e-05 8.44498e-05 -4.97536e-06 -2.4037e-05 -4.19921e-05 -4.15217e-05
internal_weight=18427 3132 1038 319 113 719 219 165 2094 1647 863 181 15295 11785 2297 1071 356 106 3510 1158 2352 137 715 266 199 118 449 286 330 206
internal_count=18427 3132 1038 319 113 719 219 165 2094 1647 863 181 15295 11785 2297 1071 356 106 3510 1158 2352 137 715 266 199 118 449 286 330 206
is_linear=0
shrinkage=0.05


Tree=263
num_leaves=31
num_cat=0
split_feature=83 33 119 42 2 63 2 90 103 142 101 0 98 98 85 161 104 121 80 29 81 92 112 98 83 14 74 50 92 56
split_gain=2.05108e-05 7.80747e-05 2.94342e-05 6.26927e-05 0.000156136 3.03673e-05 7.7973e-05 0.000111285 0.000159105 9.35675e-05 0.000130876 5.03506e-05 4.22744e-05 8.59927e-05 0.000164529 0.000238907 0.000374977 3.49226e-05 0.000154091 0.000571034 3.32649e-05 4.43837e-05 3.77038e-05 1.87207e-05 2.79055e-05 4.95879e-05 0.000114044 2.74887e-05 3.68808e-05 4.17969e-05
threshold=35.600000000000009 0.8617918123090913 18.550000000000004 0.51500000000000012 8.8750000000000016e-05 8.7846000000000011 0.00017334000000000004 25.066326530612248 1191.7500000000002 763.27923836001742 -1.0839162999999983 0.16960000000000003 2.7000000000000011 1.0000000000000011 276.28744945000005 0.31632653061224497 0.25000000000000006 1.0000000180025095e-35 30.262500000000006 35.250000000000007 43.350000000000001 13.450000000000005 292.83788590000006 -2.2000000000000015 18.850000000000005 0.010116063000000002 24.278571428571436 1018.6500000000002 7.3500000000000023 0.8718375500000094
decision_type=2 2 10 2 2 2 2 2 2 2 2 2 2 2 2 2 2 10 2 2 2 2 2 2 2 2 2 2 2 2
left_child=2 -2 5 -4 -5 6 11 -8 9 10 -9 12 13 23 -15 16 -16 -7 19 -19 -14 22 -22 24 -1 -26 -27 28 -25 -30
right_child=1 -3 3 4 -6 17 7 8 -10 -11 -12 -13 20 14 15 -17 -18 18 -20 -21 21 -23 -24 27 25 26 -28 -29 29 -31
leaf_value=-1.3517026455704899e-06 0 -5.9337529350679167e-05 0 0 0.00011007474781888282 0 0 0 0 0 -0.00011013244655443135 3.7633733717872446e-05 0 0 0 0 0.00020349119544754593 0.00016869816763329568 0 0 -5.3999296849120367e-05 0 0 0 0 6.9714876838087534e-05 0 0 -4.2403720675220747e-05 0
leaf_weight=1393 55 69 998 133 50 10577 737 136 269 51 123 84 724 293 91 77 51 66 549 105 136 69 52 116 207 97 75 732 177 135
leaf_count=1393 55 69 998 133 50 10577 737 136 269 51 123 84 724 293 91 77 51 66 549 105 136 69 52 116 207 97 75 732 177 135
internal_value=-1.08614e-08 -2.02542e-05 0 7.74315e-06 3.51704e-05 -3.9834e-07 -3.51539e-06 -1.42366e-05 -3.06578e-05 -5.50623e-05 -6.72774e-05 0 -1.11386e-06 1.49546e-07 2.00982e-05 5.30241e-05 9.22072e-05 7.66496e-07 1.14148e-05 5.27815e-05 -1.06366e-05 -2.744e-05 -4.01862e-05 -1.6349e-06 0 1.32999e-05 3.32434e-05 -6.86033e-06 -1.69576e-05 -2.62432e-05
internal_weight=18427 124 18303 1181 183 17122 5825 1316 579 310 259 4509 4425 3444 512 219 142 11297 720 171 981 257 188 2932 1772 379 172 1160 428 312
internal_count=18427 124 18303 1181 183 17122 5825 1316 579 310 259 4509 4425 3444 512 219 142 11297 720 171 981 257 188 2932 1772 379 172 1160 428 312
is_linear=0
shrinkage=0.05


Tree=264
num_leaves=31
num_cat=0
split_feature=83 33 49 120 43 80 47 124 50 4 58 140 83 85 43 44 2 160 43 73 81 126 28 23 94 77 160 86 137 122
split_gain=1.73264e-05 7.17793e-05 1.65292e-05 6.35999e-05 0.000213642 0.00040168 0.000532999 0.000400239 9.339e-05 0.000115355 5.48254e-05 0.000477141 7.51047e-05 7.11484e-05 0.000126446 5.83316e-05 0.000157567 4.92908e-05 0.000118757 5.85177e-05 8.70155e-05 5.94911e-05 4.56656e-05 6.77162e-05 6.52742e-05 4.12011e-05 3.94576e-05 7.47349e-05 4.28345e-05 5.98023e-05
threshold=35.600000000000009 0.8617918123090913 962.35000000000002 271.73719580000005 0.38050000000000006 29.887500000000006 5.5000000000000009 -0.37940952255126015 999.75000000000011 0.0042451315000000015 1.9499999999999995 69.210000000000022 23.050000000000004 279.68915700000008 0.33550000000000008 457.50000000000006 0.00095549100000000004 0.045176252319109475 0.37550000000000006 29.650000000000002 19.350000000000005 70.500000000000014 33.750000000000007 29.060416666666672 9.5000000000000018 278.41485915000004 0.16941609977324265 3.5000000000000004 1.4700000000000002 3.5000000000000004
decision_type=2 2 2 8 2 2 2 2 2 2 2 2 2 2 2 2 2 2 2 2 2 2 2 2 2 2 2 2 2 2
left_child=2 -2 26 4 10 6 -6 -8 -9 -10 12 -12 13 25 -15 -14 -17 -5 22 20 -20 -22 -19 24 -24 -4 -1 -28 29 -29
right_child=1 -3 3 17 5 -7 7 8 9 -11 11 -13 15 14 -16 16 -18 18 19 -21 21 -23 23 -25 -26 -27 27 28 -30 -31
leaf_value=0 0 -5.6413037750254654e-05 -1.2971698315714176e-05 4.0471664677654059e-07 0 0 0.00025377314544032618 0 9.4431913089208116e-05 0 0 0.00014079139655664082 -3.0627141630051284e-07 0 -8.6302526065132904e-05 0 9.713614341277299e-05 -5.2324858700862602e-06 0 0 -6.4694382631392338e-05 0 0 0 4.0992316141428957e-05 2.9189114276743632e-07 1.9089438949464927e-06 0 0 -2.6538011784091236e-05
leaf_weight=1704 55 69 662 7754 145 390 55 58 105 56 1081 65 642 130 90 527 58 1521 55 262 224 67 84 120 240 680 302 185 229 812
leaf_count=1704 55 69 662 7754 145 390 55 58 105 56 1081 65 642 130 90 527 58 1521 55 262 224 67 84 120 240 680 302 185 229 812
internal_value=-1.78251e-08 -1.86165e-05 0 8.03213e-07 5.77827e-06 2.924e-05 6.35597e-05 0.000104954 4.38686e-05 6.36763e-05 0 1.0031e-05 -2.7857e-06 -1.10951e-05 -4.04536e-05 3.72116e-06 1.66664e-05 -9.98436e-07 -7.168e-06 -2.65457e-05 -4.07226e-05 -5.21122e-05 0 1.27635e-05 2.72754e-05 -2.53273e-06 -3.12634e-06 -9.22941e-06 -1.60474e-05 -2.05891e-05
internal_weight=18427 124 18303 15071 4744 809 419 274 219 161 3935 1146 2789 1562 220 1227 585 10327 2573 608 346 291 1965 444 324 1342 3232 1528 1226 997
internal_count=18427 124 18303 15071 4744 809 419 274 219 161 3935 1146 2789 1562 220 1227 585 10327 2573 608 346 291 1965 444 324 1342 3232 1528 1226 997
is_linear=0
shrinkage=0.05


Tree=265
num_leaves=31
num_cat=0
split_feature=4 115 32 67 112 80 45 115 75 120 128 93 140 96 19 116 14 81 92 33 128 42 23 141 42 100 30 74 61 139
split_gain=3.39912e-05 7.99707e-05 9.30698e-05 7.79325e-05 5.55205e-05 7.93265e-05 5.87184e-05 2.86057e-05 7.25387e-05 0.000576857 5.13769e-05 5.4388e-05 0.000115505 8.57783e-05 5.41304e-05 4.28499e-05 3.49267e-05 6.84434e-05 3.46158e-05 3.17991e-05 4.14009e-05 6.37751e-05 5.88054e-05 7.95502e-05 5.58452e-05 3.57419e-05 3.10635e-05 4.6746e-05 4.59396e-05 6.1688e-05
threshold=0.0050668715000000012 15.450000000000001 15.850000000000003 6.0500000000000007 276.13365960000004 34.51250000000001 98.500000000000014 15.65 7.8500000000000005 272.00977585000004 9.4851651395396477 268.94115605000007 17.960000000000004 44.412500000000009 -0.0024085714285714279 290.73006820000006 0.023887960000000003 31.250000000000004 18.550000000000008 0.85018492736227735 10.202165139383931 0.32500000000000007 22.055555555555561 20.535000000000004 0.94500000000000006 -4.8500000000000218 -1.9257142857142837 24.807142857142864 1733.2500000000002 80.251355198416562
decision_type=2 2 2 2 2 2 2 2 2 10 2 2 2 2 2 2 2 2 2 2 2 2 2 2 2 2 2 2 2 2
left_child=7 -2 3 -3 -5 6 -6 15 9 -9 11 12 -10 -14 -13 26 17 -17 -19 20 21 -12 -23 -24 25 -25 -1 -28 29 -29
right_child=1 2 -4 4 5 -7 -8 8 10 -11 19 14 13 -15 -16 16 -18 18 -20 -21 -22 22 23 24 -26 -27 27 28 -30 -31
leaf_value=1.9180747331117017e-06 0 0 0 0 0 0 -7.0793908895234016e-05 0.00017460207719969647 0 0 0 4.5983334104988667e-05 0 -0.00010683872137737812 0 0 0 -6.0614696149627892e-05 0 0 0 0 0 0 0 0.00010423084411830951 0 -9.166875315765437e-07 0 -3.6595805138189861e-05
leaf_weight=6091 2268 110 375 79 73 62 243 54 353 164 108 63 88 60 150 312 116 127 101 585 684 58 55 56 111 90 3705 768 832 328
leaf_count=6091 2268 110 375 79 73 62 243 54 353 164 108 63 88 60 150 312 116 127 101 585 684 58 55 56 111 90 3705 768 832 328
internal_value=-1.20548e-06 -5.89347e-06 -1.81736e-05 -3.09511e-05 -4.01678e-05 -4.81248e-05 -5.82629e-05 0 4.45682e-06 3.27283e-05 0 -8.93695e-06 -1.96116e-05 -5.68667e-05 0 -1.21512e-06 -1.38114e-05 -1.98256e-05 -4.09361e-05 6.38826e-06 1.13883e-05 2.30428e-05 3.3396e-05 4.23279e-05 5.42626e-05 7.82146e-05 -8.2761e-08 -3.1337e-06 -9.44799e-06 -1.61759e-05
internal_weight=18269 3210 942 567 457 378 316 15059 2679 218 2461 714 501 148 213 12380 656 540 228 1747 1162 478 370 312 257 146 11724 5633 1928 1096
internal_count=18269 3210 942 567 457 378 316 15059 2679 218 2461 714 501 148 213 12380 656 540 228 1747 1162 478 370 312 257 146 11724 5633 1928 1096
is_linear=0
shrinkage=0.05


Tree=266
num_leaves=31
num_cat=0
split_feature=4 114 85 48 115 43 85 116 85 7 104 114 49 50 114 104 131 66 62 44 134 119 141 81 36 34 69 44 112 141
split_gain=3.05343e-05 7.50648e-05 6.78903e-05 0.000129766 2.55484e-05 0.000124027 0.000238307 0.000101964 0.00017183 0.000192189 8.40975e-05 6.20329e-05 4.14307e-05 3.96231e-05 3.23805e-05 5.66901e-05 8.53529e-05 3.1968e-05 4.13037e-05 5.842e-05 3.16476e-05 2.42177e-05 2.27941e-05 4.50084e-05 1.93317e-05 2.15882e-05 1.85555e-05 2.99015e-05 2.31671e-05 1.75502e-05
threshold=0.0050668715000000012 33.650000000000013 275.28038150000003 95.500000000000014 15.65 0.35250000000000004 280.2043680000001 285.9071757000001 272.59712980000006 0.035150000000000008 0.95000000000000018 30.250000000000004 956.25000000000011 1023.5500000000001 29.350000000000005 1.0000000180025095e-35 126.636480330579 9.8750000000000018 19.250000000000004 307.50000000000006 8.2100000000000026 20.050000000000004 37.495000000000005 32.95000000000001 267.35877665000004 -0.98901646086715822 278.77435390000011 1157.5000000000002 293.17098945000004 39.25500000000001
decision_type=2 2 2 2 2 2 2 2 2 2 2 2 2 2 2 2 2 2 2 2 2 10 2 2 2 2 2 2 2 2
left_child=4 -2 -3 -4 11 20 7 8 -7 -10 -9 14 -13 -12 22 -16 -17 -14 19 -19 26 -5 -1 -24 -25 -26 -6 28 -28 -27
right_child=1 2 3 21 5 6 -8 10 9 -11 13 12 17 -15 15 16 -18 18 -20 -21 -22 -23 23 24 25 29 27 -29 -30 -31
leaf_value=0 -5.1724557375262248e-07 0 0 -8.1165047995455103e-05 0 0 0.00010442200509313025 0 0.00013635255652051485 0 -8.1129411865178696e-05 0 0 0 0 7.57281934095469e-05 0 0 0 -6.7707292983510399e-05 2.0542510010625834e-07 0 0 0 0 -3.103182591388021e-05 -3.4609170990030952e-05 0 0 0
leaf_weight=9641 2741 180 107 127 99 376 85 157 61 50 50 142 50 54 61 74 51 70 191 131 1344 55 1410 98 60 333 215 136 52 68
leaf_count=9641 2741 180 107 127 99 376 85 157 61 50 50 142 50 54 61 74 51 70 191 131 1344 55 1410 98 60 333 215 136 52 68
internal_value=-1.17639e-06 -5.62559e-06 -2.47776e-05 -3.97524e-05 0 4.17145e-06 2.06635e-05 4.34317e-06 2.22992e-05 7.74731e-05 -1.00342e-05 -1.1799e-06 -1.71628e-05 -4.74716e-05 0 2.00266e-05 4.14733e-05 -2.49557e-05 -3.00896e-05 -4.76723e-05 -5.70576e-07 -6.53987e-05 -7.15964e-07 -5.65224e-06 -1.77008e-05 -2.20088e-05 -1.25848e-05 -1.76638e-05 -2.73729e-05 -2.62857e-05
internal_weight=18269 3210 469 289 15059 2679 833 748 487 111 261 12380 584 104 11796 186 125 442 392 201 1846 182 11610 1969 559 461 502 403 267 401
internal_count=18269 3210 469 289 15059 2679 833 748 487 111 261 12380 584 104 11796 186 125 442 392 201 1846 182 11610 1969 559 461 502 403 267 401
is_linear=0
shrinkage=0.05


Tree=267
num_leaves=31
num_cat=0
split_feature=4 82 65 13 69 47 88 111 36 2 73 13 32 54 15 92 92 64 14 4 103 28 137 110 89 89 103 16 128 29
split_gain=2.88287e-05 7.15084e-05 0.000132451 9.70425e-05 5.68624e-05 3.11753e-05 3.67395e-05 0.000183032 0.000625384 7.85316e-05 0.000108717 0.00012773 0.000179303 0.000150583 0.000134286 0.000223663 3.26975e-05 4.94643e-05 7.69931e-05 8.89085e-05 9.14416e-05 9.70531e-05 7.09975e-05 0.00019527 3.80757e-05 0.000101636 7.72914e-05 7.37834e-05 6.25608e-05 3.0139e-05
threshold=0.0050668715000000012 19.712000000000003 28.350000000000005 0.0010476202083333338 275.1896299500001 74.500000000000014 25.762500000000006 5.5500000000000007 268.47163775000007 8.5250000000000026e-05 32.150000000000013 0.00053564423611111118 12.350000000000003 0.10500000000000002 0.0003020833333333334 18.250000000000007 8.2500000000000018 50.199999999999982 0.0054208125000000012 9.5050000000000013e-06 828.6500000000002 27.150000000000002 0.03500000000000001 29.950000000000003 43.550000000000004 46.650000000000013 727.15000000000009 7.5400000000000009 10.581287651958503 34.900000000000013
decision_type=2 2 2 2 2 2 2 2 2 2 2 2 2 2 2 2 2 2 2 2 2 2 2 2 2 2 2 2 2 2
left_child=5 -2 3 -3 -5 16 -7 8 -8 -9 11 -11 13 14 -13 -16 24 18 -18 20 -20 29 23 -19 -1 26 -26 28 -28 -22
right_child=1 2 -4 4 -6 6 7 9 -10 10 -12 12 -14 -15 15 -17 17 22 19 -21 21 -23 -24 -25 25 -27 27 -29 -30 -31
leaf_value=-1.1140903886097885e-06 0 0 0 0 -5.3718574931106185e-05 -5.3443767881482813e-07 0 -1.5069641504019827e-06 0.00020491809788480026 0 0 0 0 0 0.00012197891575550457 0 0 8.1483786938588314e-05 0 0 -0.00010271836279890411 0 -1.5668680856606439e-06 0 0 0 9.0088743321193424e-05 0 0 0
leaf_weight=5512 1607 250 955 56 342 2165 125 2233 50 123 482 63 114 74 168 52 1288 99 155 631 113 159 695 76 50 333 107 54 72 66
leaf_count=5512 1607 250 955 56 342 2165 125 2233 50 123 482 63 114 74 168 52 1288 99 155 631 113 159 695 76 50 333 107 54 72 66
internal_value=-1.12342e-06 -5.44301e-06 -1.30676e-05 -3.05327e-05 -4.60912e-05 0 2.72193e-06 6.17976e-06 5.73121e-05 1.9485e-06 1.37568e-05 2.82728e-05 4.10389e-05 5.89289e-05 7.55183e-05 9.40629e-05 -1.95796e-06 -5.9907e-06 -1.00038e-05 -1.96404e-05 -3.64474e-05 -5.10896e-05 0 3.16035e-05 0 1.19661e-05 3.47241e-05 4.78453e-05 6.3251e-05 -7.91438e-05
internal_weight=18269 3210 1603 648 398 15059 5649 3484 175 3309 1076 594 471 357 283 220 9410 3282 2412 1124 493 338 870 175 6128 616 283 233 179 179
internal_count=18269 3210 1603 648 398 15059 5649 3484 175 3309 1076 594 471 357 283 220 9410 3282 2412 1124 493 338 870 175 6128 616 283 233 179 179
is_linear=0
shrinkage=0.05


Tree=268
num_leaves=31
num_cat=0
split_feature=75 81 86 6 134 84 111 75 126 129 82 49 136 33 123 16 43 142 15 30 107 19 92 134 82 93 138 75 13 49
split_gain=2.81011e-05 8.39643e-05 0.000118911 0.000102086 8.6563e-05 7.81939e-05 0.000431183 7.6251e-05 0.000141318 0.000262501 0.000128107 6.73039e-05 7.99575e-05 9.69801e-05 9.53363e-05 8.01676e-05 6.14308e-05 0.000109783 0.000119256 0.000155003 0.000144043 5.73867e-05 5.52842e-05 4.73715e-05 4.07909e-05 4.71984e-05 8.94208e-05 6.05718e-05 7.83288e-05 3.54432e-05
threshold=14.950000000000001 47.750000000000007 17.500000000000004 0.0027256944444444451 8.7900000000000009 9.8500000000000032 5.6500000000000012 13.65 25.500000000000004 6.5000000000000009 22.814000000000004 956.25000000000011 1.3350000000000002 0.98974727544481944 0.60355339059327384 4.4750000000000005 0.34450000000000003 779.97322007526816 0.00023750000000000003 -0.72857142857142854 8.7500000000000018 -1.9999999999999988e-05 18.250000000000007 9.1100000000000012 30.622000000000003 266.04242460000006 9.7300000000000022 20.850000000000005 0.0016826743888888891 964.6500000000002
decision_type=2 2 2 2 2 2 2 2 2 2 2 2 2 2 2 2 2 2 2 2 2 2 2 2 2 2 2 2 2 2
left_child=5 24 3 -3 -5 7 -7 10 9 -9 -1 -12 13 14 15 22 21 18 -18 20 -20 -8 23 -13 29 -26 27 28 -27 -2
right_child=1 2 -4 4 -6 6 16 8 -10 -11 11 12 -14 -15 -16 -17 17 -19 19 -21 -22 -23 -24 -25 25 26 -28 -29 -30 -31
leaf_value=-3.515472089036611e-08 -1.0340238068713937e-05 0 0 -0.00012259591293936674 0 0.00015463836215445244 0 0 0 0.00012566971138211456 0 -0.00010225518722569337 0 0 0 0 0 0 0 0 0.00012308921651367656 -3.0325254284912644e-05 0 -3.2214005972689547e-06 0 8.6014318329751292e-05 0 0 0 0
leaf_weight=7854 1427 151 442 70 112 52 237 199 846 71 97 161 183 199 80 51 106 137 52 76 95 176 51 146 955 98 81 65 51 3948
leaf_count=7854 1427 151 442 70 112 52 237 199 846 71 97 161 183 199 80 51 106 137 52 76 95 176 51 146 955 98 81 65 51 3948
internal_value=-1.1418e-06 -3.56472e-06 -1.96034e-05 -4.22244e-05 -6.81811e-05 4.80088e-08 1.42571e-05 -7.8134e-07 1.06855e-05 4.21224e-05 -2.79967e-06 -2.00468e-05 -2.5289e-05 -3.3159e-05 -4.51758e-05 -5.49581e-05 1.04271e-07 1.6957e-05 3.51938e-05 5.61756e-05 8.59912e-05 -6.82885e-06 -6.33067e-05 -7.15548e-05 -9.31224e-07 5.90685e-06 2.33687e-05 4.23274e-05 5.98123e-05 -3.45234e-06
internal_weight=18269 7400 775 333 182 10869 931 9938 1116 270 8822 968 871 688 489 409 879 466 329 223 147 413 358 307 6625 1250 295 214 149 5375
internal_count=18269 7400 775 333 182 10869 931 9938 1116 270 8822 968 871 688 489 409 879 466 329 223 147 413 358 307 6625 1250 295 214 149 5375
is_linear=0
shrinkage=0.05


Tree=269
num_leaves=31
num_cat=0
split_feature=77 122 1 101 128 103 83 53 17 97 6 61 119 19 19 114 93 120 111 34 14 55 139 22 19 114 93 14 114 131
split_gain=2.76673e-05 5.79103e-05 0.000111775 0.00020311 6.66091e-05 0.000118834 9.50098e-05 8.12831e-05 0.000517537 7.45727e-05 7.50711e-05 8.04684e-05 6.72615e-05 5.80195e-05 8.0827e-05 4.9988e-05 0.000105453 9.07082e-05 7.08855e-05 4.08068e-05 6.13359e-05 3.39213e-05 0.000297394 0.000364109 3.32882e-05 4.23533e-05 4.59295e-05 4.39935e-05 3.16177e-05 3.44202e-05
threshold=275.06597760000005 22.500000000000004 0.0010886570000000003 -5.2175394499999745 9.6877539620773927 1090.6000000000001 16.150000000000002 198.50000000000003 0.032000000000000008 -4.7499999999999991 0.0035847222222222226 1679.5000000000002 20.250000000000004 -0.0099357142857142856 0.0091214285714285633 27.650000000000002 269.09881705000004 267.5891979000001 14.450000000000001 -0.62766881875949621 0.014695182500000003 0.971874000000014 87.760506709764101 4.5000000000000009 -0.0044828571428571417 38.750000000000007 274.79991995000006 0.023887960000000003 25.750000000000004 416.52530764114454
decision_type=2 2 2 2 2 2 2 2 2 2 2 2 10 2 2 2 2 10 2 2 2 2 2 2 2 2 2 2 2 2
left_child=21 4 3 -3 5 7 -7 15 -9 -8 -11 12 13 -12 -15 17 18 -2 -17 28 -21 -1 -23 -24 -22 26 27 -26 -6 -30
right_child=1 2 -4 -5 19 6 9 8 -10 10 11 -13 -14 14 -16 16 -18 -19 -20 20 24 22 23 -25 25 -27 -28 -29 29 -31
leaf_value=-1.0014953642151095e-06 5.7299829772671439e-05 0 0 0.00010424763973980169 0 0 0 0 0.00016873988671599924 -1.7501695529273625e-06 0 0 0 -8.1237267626261669e-05 0 -8.1808947101747221e-05 0 -7.4402766826804737e-07 0 -1.2890470361506302e-05 -5.7953320570049856e-07 0 0 0.00013220169972629091 5.5190921114123796e-05 0 0 0 1.2639576667182156e-05 0
leaf_weight=8323 68 50 175 77 1004 468 141 123 51 420 59 84 56 297 76 86 251 405 51 1403 199 2407 51 98 135 87 71 82 1168 303
leaf_count=8323 68 50 175 77 1004 468 141 123 51 420 59 84 56 297 76 86 251 405 51 1403 199 2407 51 98 135 87 71 82 1168 303
internal_value=-1.11772e-06 -3.52724e-06 1.41253e-05 5.15308e-05 -4.98657e-06 -1.14012e-05 -1.99854e-05 0 3.2668e-05 -2.78157e-05 -3.2731e-05 -4.67104e-05 -5.44799e-05 -6.11577e-05 -6.86887e-05 -4.36817e-06 -1.90668e-05 0 -5.41771e-05 -6.39416e-08 -6.3744e-06 5.96509e-08 5.46948e-06 7.3936e-05 8.51593e-07 1.49084e-05 2.56037e-05 3.736e-05 2.95793e-06 8.27137e-06
internal_weight=18269 7390 302 127 7088 2636 1601 1035 174 1133 992 572 488 432 373 861 388 473 137 4452 1977 10879 2556 149 574 375 288 217 2475 1471
internal_count=18269 7390 302 127 7088 2636 1601 1035 174 1133 992 572 488 432 373 861 388 473 137 4452 1977 10879 2556 149 574 375 288 217 2475 1471
is_linear=0
shrinkage=0.05


Tree=270
num_leaves=31
num_cat=0
split_feature=43 118 114 0 23 0 23 120 92 161 15 18 29 103 43 29 93 98 141 23 16 93 30 23 14 26 96 111 29 161
split_gain=3.35149e-05 9.2593e-05 0.000103325 8.84138e-05 9.58675e-05 9.28878e-05 2.99396e-05 2.80716e-05 5.5359e-05 4.383e-05 4.59667e-05 3.98355e-05 7.26056e-05 2.70601e-05 0.000140904 8.92698e-05 0.000101402 0.000181144 0.000185592 6.35082e-05 4.23868e-05 4.20794e-05 4.67271e-05 7.35388e-05 4.03054e-05 6.59319e-05 0.000102491 0.000201702 0.000220268 0.000383591
threshold=0.39150000000000007 23.550000000000004 35.850000000000001 0.0010500000000000004 25.591666666666672 0.09395000000000002 17.163194444444446 267.88059920000006 2.4500000000000006 0.21428571428571433 0.00044479166666666669 0.00040000000000000002 36.050000000000004 1008.5500000000003 0.37950000000000006 48.45000000000001 267.42453710000007 7.4000000000000048 34.180000000000007 25.202777777777779 0.065000000000000016 269.3567683500001 -2.4457142857142853 22.750000000000004 0.015212125500000001 12.500000000000002 30.212500000000002 13.750000000000002 36.350000000000001 0.25510204081632659
decision_type=2 10 2 2 2 2 2 10 2 2 2 2 2 2 2 2 2 2 2 2 2 2 2 2 2 2 2 2 2 2
left_child=13 6 3 -3 5 -5 -2 9 -9 -8 -11 -10 -13 14 15 16 17 18 -1 -17 -18 22 -22 -24 -15 26 -26 28 29 -28
right_child=1 2 -4 4 -6 -7 7 8 11 10 -12 12 -14 24 -16 19 20 -19 -20 -21 21 -23 23 -25 25 -27 27 -29 -30 -31
leaf_value=0.0001460791300955604 1.7005931422967739e-05 0 0 -7.7544994010943897e-05 0 0 0 0 0 0 4.6208814645687417e-05 -4.1358474794609912e-05 0 -3.1306828358468754e-06 6.9826778353566365e-05 0 8.1356261719823421e-06 0 0 8.674531571587602e-05 0 -2.0285099091751067e-06 -6.3391572649917099e-05 0 0 -4.2185139298476576e-06 0.00014606828487687012 0 7.9084090138667052e-06 0
leaf_weight=52 188 210 51 210 74 66 785 1579 260 92 105 296 283 6725 85 72 209 50 63 50 55 1667 131 55 1777 1472 112 913 532 83
leaf_count=52 188 210 51 210 74 66 785 1579 260 92 105 296 283 6725 85 72 209 50 63 50 55 1667 131 55 1777 1472 112 913 532 83
internal_value=-4.80229e-07 -4.527e-06 -2.27789e-05 -3.20391e-05 -4.76485e-05 -6.1173e-05 -2.02485e-08 -2.43658e-06 -6.04944e-06 1.3701e-06 2.37219e-05 -1.64361e-05 -2.37266e-05 3.70374e-07 5.25934e-06 8.6929e-07 0 3.59159e-05 7.58283e-05 4.27692e-05 -4.31162e-06 -8.29779e-06 -3.08138e-05 -4.30516e-05 -2.47266e-07 2.69632e-06 7.13834e-06 1.61949e-05 3.5831e-05 8.60702e-05
internal_weight=18302 4199 611 560 350 276 3588 3400 2418 982 197 839 579 14103 2489 2404 2282 165 115 122 2117 1908 241 186 11614 4889 3417 1640 727 195
internal_count=18302 4199 611 560 350 276 3588 3400 2418 982 197 839 579 14103 2489 2404 2282 165 115 122 2117 1908 241 186 11614 4889 3417 1640 727 195
is_linear=0
shrinkage=0.05


Tree=271
num_leaves=31
num_cat=0
split_feature=135 92 115 141 115 93 72 137 34 138 36 56 108 141 30 98 75 77 56 65 75 21 62 30 137 21 83 75 120 120
split_gain=3.21242e-05 6.84339e-05 0.000110928 6.84008e-05 6.32515e-05 0.000132725 5.76955e-05 5.62967e-05 5.29164e-05 4.53178e-05 4.48798e-05 8.33541e-05 0.000388803 8.80825e-05 5.22404e-05 7.47302e-05 7.8406e-05 4.9548e-05 4.08154e-05 3.57094e-05 3.56655e-05 4.14352e-05 3.18819e-05 2.91418e-05 2.75597e-05 3.16311e-05 2.66712e-05 4.19148e-05 0.000103496 2.55372e-05
threshold=13.790000000000001 8.2500000000000018 9.3500000000000032 22.165000000000003 12.850000000000003 272.91438220000003 36.07500000000001 7.3200000000000012 0.48509810139388915 4.6950000000000012 271.83997930000004 -0.6685556499999733 282.72486580000003 37.595000000000006 -1.2885714285714291 -1.4999999999999993 11.350000000000003 279.44571690000004 -2.0729910499999842 25.550000000000004 8.5500000000000025 0.47916666666666669 53.500000000000007 0.48285714285714271 1.7000000000000002 0.27083333333333343 14.15 16.950000000000003 266.30703810000006 270.03052445000009
decision_type=2 2 2 2 2 2 2 2 2 2 2 2 2 2 2 2 2 2 2 2 2 2 2 2 2 2 2 2 10 8
left_child=1 4 26 -4 -1 -6 7 8 9 20 17 12 -12 14 15 -13 -17 -2 -19 -18 -5 -22 23 -11 25 -21 -3 28 -28 -27
right_child=10 2 3 6 5 -7 -8 -9 -10 22 11 13 -14 -15 -16 16 19 18 -20 24 21 -23 -24 -25 -26 29 27 -29 -30 -31
leaf_value=-8.1944463437741359e-07 0 2.4366137151518746e-05 0 0 9.5108622953611545e-05 0 0 0 0 -2.4116091710108042e-05 0 0 0.00014240528325856194 -1.0597629234267108e-05 0 7.7531887324787458e-05 0 0 -4.8480896477667555e-05 0 -0.00010043662069879897 0 0 0 0 2.9620316095427459e-05 0 1.8491674620644497e-05 -4.4453853666773612e-05 0
leaf_weight=2199 9838 112 134 58 53 90 76 64 102 524 256 883 62 833 693 88 142 337 99 88 125 110 91 66 295 471 73 97 166 77
leaf_count=2199 9838 112 134 58 53 90 76 64 102 524 256 883 62 833 693 88 142 337 99 88 125 110 91 66 295 471 73 97 166 77
internal_value=-4.2753e-07 -4.43596e-06 -1.18488e-05 -1.97969e-05 0 3.29827e-05 -2.39913e-05 -2.72091e-05 -3.02491e-05 -3.38587e-05 3.91459e-07 5.20198e-06 3.09508e-05 1.50019e-06 7.01081e-06 1.13873e-05 1.97228e-05 -9.42702e-07 -1.74456e-05 1.02584e-05 -6.05607e-05 -7.03333e-05 -1.49669e-05 -1.98334e-05 1.47328e-05 2.06334e-05 9.56722e-07 0 -1.72333e-05 2.5259e-05
internal_weight=18302 4140 1798 1350 2342 143 1216 1140 1076 974 14162 3888 318 3570 2737 2044 1161 10274 436 1073 293 235 681 590 931 636 448 336 239 548
internal_count=18302 4140 1798 1350 2342 143 1216 1140 1076 974 14162 3888 318 3570 2737 2044 1161 10274 436 1073 293 235 681 590 931 636 448 336 239 548
is_linear=0
shrinkage=0.05


Tree=272
num_leaves=31
num_cat=0
split_feature=49 82 131 83 106 110 134 64 49 90 43 131 135 93 0 59 40 128 82 105 103 67 82 89 140 138 120 53 77 140
split_gain=2.96889e-05 0.000107002 0.000687038 0.00121669 4.51104e-05 3.88822e-05 5.8227e-05 9.68597e-05 9.06506e-05 5.01329e-05 7.4651e-05 6.47882e-05 7.0032e-05 8.00873e-05 0.000107141 4.71173e-05 6.66776e-05 3.84882e-05 9.29767e-05 5.38099e-05 5.20544e-05 6.03094e-05 2.44728e-05 6.14023e-05 0.00010941 0.000157892 3.34573e-05 0.000198986 3.55153e-05 3.77336e-05
threshold=983.6500000000002 27.558000000000003 61.566851497295069 31.000000000000004 20.650000000000002 21.150000000000002 4.330000000000001 205.1999999999999 942.55000000000007 20.094897959183676 0.39150000000000007 222.14268583724865 68.88000000000001 274.01499445000007 0.0013000000000000002 7.9190000000000005 1.0000000180025095e-35 9.6606001815219589 16.914000000000005 23.500000000000004 894.75000000000011 4.9500000000000011 22.226000000000003 42.550000000000004 8.3450000000000006 6.9750000000000005 271.18584555000001 169.50000000000003 276.18902270000007 32.065000000000005
decision_type=2 2 2 2 2 2 2 2 2 2 2 2 2 2 2 2 2 2 2 2 2 2 2 2 2 2 8 2 2 2
left_child=4 22 3 -3 17 9 7 8 -7 -6 11 12 13 14 -11 -10 -17 18 -1 20 -20 -22 26 -24 -25 -26 27 -2 -28 -30
right_child=1 2 -4 -5 5 6 -8 -9 15 10 -12 -13 -14 -15 -16 16 -18 -19 19 -21 21 -23 23 24 25 -27 28 -29 29 -31
leaf_value=0 0 0 0 0.00030856874617454181 0 0 0 0 0 0 0 0 0 0 9.9817530564375078e-05 -9.1746198130574473e-05 0 -7.942989075600366e-07 0 0 0 -6.1552621034257965e-05 0 0 -7.5019775944010455e-05 0 1.8169964636100612e-06 9.0855773419783699e-05 0 -1.6428383574675815e-05
leaf_weight=634 239 85 496 52 730 304 5267 154 58 59 114 97 50 68 119 108 61 2265 91 100 50 240 427 88 155 148 4945 70 411 617
leaf_count=634 239 85 496 52 730 304 5267 154 58 59 114 97 50 68 119 108 61 2265 91 100 50 240 427 88 155 148 4945 70 411 617
internal_value=-4.03399e-07 1.59034e-06 2.12787e-05 0.000120526 -2.3352e-06 0 -1.77058e-06 -1.54726e-05 -2.76382e-05 7.96515e-06 2.00332e-05 3.14821e-05 4.31298e-05 5.4273e-05 7.19936e-05 -5.2691e-05 -6.64565e-05 -7.09958e-06 -1.54156e-05 -3.2132e-05 -4.06805e-05 -5.11822e-05 0 -8.2839e-06 -2.31294e-05 -3.98696e-05 8.90261e-07 1.6908e-05 0 -8.39148e-06
internal_weight=18302 7733 633 137 10569 7189 5952 685 531 1237 507 393 296 246 178 227 169 3380 1115 481 381 290 7100 818 391 303 6282 309 5973 1028
internal_count=18302 7733 633 137 10569 7189 5952 685 531 1237 507 393 296 246 178 227 169 3380 1115 481 381 290 7100 818 391 303 6282 309 5973 1028
is_linear=0
shrinkage=0.05


Tree=273
num_leaves=31
num_cat=0
split_feature=43 118 59 76 104 0 139 107 40 103 43 93 73 28 24 134 16 103 141 83 156 129 93 16 123 128 123 106 69 84
split_gain=2.86051e-05 8.23623e-05 5.89439e-05 5.55628e-05 4.98164e-05 8.53271e-05 2.89497e-05 6.03579e-05 7.48161e-05 2.55945e-05 0.000121832 7.61909e-05 0.000142668 9.46506e-05 8.24441e-05 7.76375e-05 4.01546e-05 4.06041e-05 3.65079e-05 3.52607e-05 6.4687e-05 3.10239e-05 2.49335e-05 6.07457e-05 7.63855e-05 4.99826e-05 4.00335e-05 2.36381e-05 7.26817e-05 5.74077e-05
threshold=0.39150000000000007 23.550000000000004 4.1494000000000009 1.0000000180025095e-35 0.15000000000000005 0.09395000000000002 85.299518965764761 7.3500000000000005 0.025000000000000005 1008.5500000000003 0.37950000000000006 267.42453710000007 33.750000000000007 34.000000000000007 55.850000000000001 17.080000000000002 0.065000000000000016 817.10000000000014 37.625000000000007 15.550000000000002 0.46000000000000002 2.5000000000000004 274.01499445000007 0.20500000000000004 0.25881904510252091 9.8282789691267798 -1.0000000180025095e-35 26.550000000000004 278.67445985000006 7.450000000000002
decision_type=2 10 2 2 2 2 2 2 2 2 2 2 2 2 2 2 2 2 2 2 2 2 2 2 2 2 2 2 2 2
left_child=9 6 -3 4 -4 -6 -2 -8 -9 10 11 12 -1 16 -15 -16 17 -13 27 -20 21 -21 23 24 25 -18 -25 28 29 -11
right_child=1 2 3 -5 5 -7 7 8 -10 18 -12 13 -14 14 15 -17 22 -19 19 20 -22 -23 -24 26 -26 -27 -28 -29 -30 -31
leaf_value=8.0847339409046977e-05 4.0172385937756509e-07 0 0 0 -6.5240457236483354e-05 0 0 -5.5508695146081185e-05 0 0 6.5425467747117668e-05 0 0 0 8.7003593432743762e-05 0 -0.00010521619189752469 3.4331960760127814e-05 0 0 0 -3.7024510129920033e-05 0 1.5901141442417657e-06 0 0 -1.3659822298608517e-05 4.4023212168594615e-06 -1.1964403197192159e-05 2.5394757781886375e-05
leaf_weight=83 3146 95 141 99 211 65 129 132 181 5868 85 91 82 126 76 53 60 90 736 131 134 304 603 423 96 73 548 2957 1255 229
leaf_count=83 3146 95 141 99 211 65 129 132 181 5868 85 91 82 126 76 53 60 90 736 131 134 304 603 423 96 73 548 2957 1255 229
internal_value=-3.89806e-07 -4.14924e-06 -2.13213e-05 -2.86908e-05 -3.67482e-05 -4.98743e-05 0 -1.27368e-05 -2.66351e-05 3.75228e-07 5.12672e-06 8.89374e-07 3.40428e-05 0 2.67115e-05 5.46856e-05 -5.21426e-06 5.62081e-06 -2.12942e-07 -8.33219e-06 -1.77122e-05 -2.79473e-05 -9.07611e-06 -1.32528e-05 -3.95286e-05 -6.4086e-05 -1.87761e-06 3.30604e-07 -6.27437e-07 8.87791e-07
internal_weight=18302 4199 611 516 417 276 3588 442 313 14103 2489 2404 165 2239 255 129 1984 181 11614 1305 569 435 1803 1200 229 133 971 10309 7352 6097
internal_count=18302 4199 611 516 417 276 3588 442 313 14103 2489 2404 165 2239 255 129 1984 181 11614 1305 569 435 1803 1200 229 133 971 10309 7352 6097
is_linear=0
shrinkage=0.05


Tree=274
num_leaves=31
num_cat=0
split_feature=43 118 114 0 23 0 23 23 120 92 21 94 25 103 43 93 98 132 28 30 16 103 124 21 89 30 98 134 103 33
split_gain=2.56554e-05 7.41292e-05 9.32319e-05 7.19304e-05 8.21124e-05 7.6757e-05 4.12516e-05 2.58524e-05 2.43879e-05 4.61275e-05 6.13727e-05 4.02656e-05 3.91301e-05 2.3774e-05 0.000109308 6.7437e-05 0.000160787 0.000195746 8.5714e-05 8.5443e-05 3.68851e-05 3.7108e-05 3.64667e-05 4.56295e-05 7.44316e-05 0.00012693 0.000176814 0.000193418 3.5168e-05 7.29798e-05
threshold=0.39150000000000007 23.550000000000004 35.850000000000001 0.0010500000000000004 25.591666666666672 0.09395000000000002 22.000694444444445 17.163194444444446 267.88059920000006 2.4500000000000006 0.25694444444444448 10.500000000000002 21.500000000000004 1008.5500000000003 0.37950000000000006 267.42453710000007 7.4000000000000048 2.5000000000000004 34.000000000000007 -1.3785714285714288 0.065000000000000016 817.10000000000014 -0.78656609248549325 0.46527777777777785 34.95000000000001 -1.4914285714285695 4.7000000000000028 10.800000000000002 1191.7500000000002 -0.54368017198043017
decision_type=2 10 2 2 2 2 2 2 10 2 2 2 2 2 2 2 2 2 2 2 2 2 2 2 2 2 2 2 2 2
left_child=13 7 3 -3 5 6 -5 -2 11 -10 -11 -9 -13 14 15 16 17 -1 20 -20 21 -17 23 24 -15 -26 27 -27 29 -24
right_child=1 2 -4 4 -6 -7 -8 8 9 10 -12 12 -14 22 -16 18 -18 -19 19 -21 -22 -23 28 -25 25 26 -28 -29 -30 -31
leaf_value=0.0001442726586923099 1.6207745404591105e-05 0 0 0 0 0 -8.8047179324773136e-05 0 0 -6.0880925129622675e-05 -2.7745108436321669e-06 3.7279729031748984e-05 0 0 6.2192231756916735e-05 0 0 0 6.0662147046863079e-05 0 -8.7123065528919346e-06 3.2634226405297254e-05 2.3496853555756462e-07 0 0 0.00017691982173061001 0 0 -1.9287962062579913e-07 -1.7940259249371297e-05
leaf_weight=50 188 210 51 61 74 66 149 785 1579 90 749 143 54 701 85 91 50 65 102 153 1803 90 212 1347 279 50 75 58 7935 957
leaf_count=50 188 210 51 61 74 66 149 785 1579 90 749 143 54 701 85 91 50 65 102 153 1803 90 212 1347 279 50 75 58 7935 957
internal_value=-3.39488e-07 -3.91318e-06 -2.01966e-05 -2.93336e-05 -4.34464e-05 -5.59727e-05 -7.08686e-05 0 -2.09888e-06 -5.54262e-06 -1.50251e-05 1.29126e-06 2.27306e-05 3.70229e-07 4.94906e-06 8.21047e-07 3.20216e-05 7.02324e-05 0 2.54201e-05 -4.96146e-06 4.77195e-06 -1.80924e-07 4.60612e-06 1.19904e-05 2.76286e-05 6.03771e-05 0.00010104 -2.05024e-06 -1.03733e-05
internal_weight=18302 4199 611 560 350 276 210 3588 3400 2418 839 982 197 14103 2489 2404 165 115 2239 255 1984 181 11614 2510 1163 462 183 108 9104 1169
internal_count=18302 4199 611 560 350 276 210 3588 3400 2418 839 982 197 14103 2489 2404 165 115 2239 255 1984 181 11614 2510 1163 462 183 108 9104 1169
is_linear=0
shrinkage=0.05


Tree=275
num_leaves=31
num_cat=0
split_feature=15 77 64 67 43 103 110 92 15 99 84 42 138 111 42 112 42 131 85 128 30 76 124 91 14 84 84 133 33 105
split_gain=3.02394e-05 5.57315e-05 7.06442e-05 7.00511e-05 6.43999e-05 4.53262e-05 6.58057e-05 3.50203e-05 2.43228e-05 8.52489e-05 9.64101e-05 8.27914e-05 8.51242e-05 8.02999e-05 0.000100089 7.55482e-05 2.54891e-05 9.33783e-05 8.84301e-05 0.000835817 5.42117e-05 5.15337e-05 5.00126e-05 2.7173e-05 2.28154e-05 3.2419e-05 7.06817e-05 5.46061e-05 3.94745e-05 3.40033e-05
threshold=0.0024322916666666672 277.22598335000004 50.199999999999982 4.6500000000000012 0.28250000000000003 828.6500000000002 33.850000000000001 6.450000000000002 0.0012427083333333337 -0.74999999999999989 21.850000000000005 0.34500000000000003 3.1850000000000005 5.8500000000000005 1.2250000000000003 291.71270460000011 0.74500000000000011 74.957203090391729 280.2043680000001 9.2230589055375027 -1.4771428571428575 0.35000000000000009 -0.9159756150367534 19.750000000000004 0.0026302495000000005 8.0500000000000025 7.450000000000002 66.365000000000009 0.95208465391155717 32.500000000000007
decision_type=2 2 2 2 2 2 2 2 2 2 2 2 2 2 2 2 2 2 2 2 2 2 2 2 2 2 2 2 2 2
left_child=8 -2 3 -3 -5 -6 7 -7 16 10 11 -10 -13 -14 15 -15 18 20 24 -20 21 22 -18 -21 -1 26 -26 28 29 -27
right_child=1 2 -4 4 5 6 -8 -9 9 -11 -12 12 13 14 -16 -17 17 -19 19 23 -22 -23 -24 -25 25 27 -28 -29 -30 -31
leaf_value=3.1295818111170314e-06 0 0 0 0 0 0 0 -8.410776607215432e-05 0 0 0 0 0 0.00010026235647088633 0 0 0 0 0.00018586735903172938 0 0 0 -6.0415375339722786e-05 -2.2600225670088604e-05 -8.3619426930424545e-07 -2.7784066263622932e-05 5.0216090351515212e-05 0 0 0
leaf_weight=3836 1759 70 229 86 86 50 50 153 113 1040 81 57 51 156 54 53 66 964 66 87 280 74 186 132 7481 544 67 328 51 83
leaf_count=3836 1759 70 229 86 86 50 50 153 113 1040 81 57 51 156 54 53 66 964 66 87 280 74 186 132 7481 544 67 328 51 83
internal_value=-4.09523e-08 -5.38257e-06 -1.70717e-05 -2.79655e-05 -3.63548e-05 -4.61466e-05 -5.74165e-05 -7.00792e-05 4.80695e-07 6.33585e-06 2.2146e-05 3.27004e-05 4.41648e-05 5.45808e-05 6.56885e-05 8.13393e-05 0 -6.16517e-06 5.62449e-07 2.80537e-05 -2.19764e-05 -3.62073e-05 -4.6943e-05 0 0 -1.50812e-06 0 -9.99032e-06 -1.86835e-05 -2.31207e-05
internal_weight=18333 2483 724 495 425 339 253 203 15850 1605 565 484 371 314 263 209 14245 1570 12675 285 606 326 252 219 12390 8554 7548 1006 678 627
internal_count=18333 2483 724 495 425 339 253 203 15850 1605 565 484 371 314 263 209 14245 1570 12675 285 606 326 252 219 12390 8554 7548 1006 678 627
is_linear=0
shrinkage=0.05


end of trees

feature_importances:
cumul_gust_since_onset=221
log_customers=204
min_t2m_next_24h=188
pop_density=182
total_tp_next_48h=168
gust_max_next_24h=160
soil_moist_t=159
pct_unmapped=158
wind_speed_max_next_24h=152
gust_peak4h_mean_next_24h=150
pct_wetland=150
last_osi=141
t2m_at_t48h=138
pct_developed=134
osi_trend_last6h=128
t2m_at_t24h=127
sp_t=123
gust_peak4h_mean_next_48h=120
gust_last_obs=114
gust_mean_next_48h=114
hours_since_obs=104
gust_trend_last6h_obs=103
R_t_max_72h=102
forest_x_customers=102
total_tp_next_24h=100
pct_forest=100
last_N_t=99
wind_speed_max_next_6h=99
gust_x_hso=97
pre_event_mean_osi=95
cumul_tp_since_onset=94
wind_speed_at_t24h=94
min_t2m_next_48h=93
wind_speed_at_t48h=92
gust_max_next_48h=91
t2m_at_t6h=90
wind_sin_t=86
gust_at_t24h=86
mslma_t=85
pct_water=84
last_P_t=83
last_R_t=83
temp_change_6h=79
min_t2m_next_6h=78
gust_gt30_next_48h=74
tree_canopy_std=74
last_D_t=72
gust_mean_obs=72
gust_gt30_since_onset=72
wind_speed_max_next_48h=71
gust_mean_next_24h=67
pressure_change_6h=66
gust_gt30_next_24h=65
frac_zero_72h=64
gust_max_last6h_obs=64
blh_t=63
hours_since_peak=62
R_t_mean_72h=58
N_t_mean_72h=57
pct_forest_classified=57
gust_max_obs=56
wind_speed_at_t6h=56
gust_at_t48h=56
gust_max_next_6h=54
osi_mean_72h=52
gust_mean_next_6h=51
d2m_t=50
gust_at_t6h=48
vpd_t=46
pct_agriculture=45
rural_urban_code=44
n_utilities=44
tree_canopy_pct=43
osi_max_72h=42
dewpoint_c_t=40
pre_event_max_outage_pct=39
wind_speed_max_next_1h=39
t2m_t=37
gust_change_3h=37
storm_onset_mean_osi=36
gust_gt30_obs=36
diffuse_rad_t=36
outage_pct_max_72h=33
hour_cos=33
osi_std_72h=32
N_t_max_72h=32
outage_pct_mean_72h=31
wind_speed_t=31
et0_t=31
soil_moist_x_gust=31
t2m_at_t1h=31
hour_sin=30
gust_change_1h=29
tp_at_t48h=29
r2_t=28
mcc_t=24
total_tp_next_6h=24
gust_peak4h_mean_next_6h=24
wind_cos_t=23
wind_change_1h=23
tp_rate_next_24h=22
tp_rate_next_48h=22
storm_onset_max_osi=21
gust_exceed30_x_hso=21
pressure_change_3h=21
wind_speed_at_t1h=21
hour_of_day=21
gust_gt40_obs=18
gust_gt30_frac_next_48h=18
sdswrf_t=16
direct_rad_t=16
min_t2m_next_1h=16
gust_gt40_next_24h=15
cumul_gust_obs=14
lcc_t=14
gust_x_phase=14
gust_mean_next_1h=14
tp_at_t6h=14
tp_at_t24h=14
gust_gt30_frac_next_24h=14
gust_max_next_1h=13
gust_at_t1h=12
gust_t=11
soil_gust_x_phase=11
tcc_t=9
total_tp_next_1h=9
hcc_t=8
temp_c_t=8
gust_exceed_30=8
last_outage_pct=7
gust_gt40_next_48h=6
gust_gt30_next_6h=5
tp_rate_next_1h=4
sdwe_t=3
tp_rate_next_6h=3
rain_t=1
gust_peak4h_mean_next_1h=1
gust_gt30_frac_next_6h=1

parameters:
[boosting: gbdt]
[objective: huber]
[metric: rmse]
[tree_learner: serial]
[device_type: cpu]
[data_sample_strategy: bagging]
[data: ]
[valid: ]
[num_iterations: 276]
[learning_rate: 0.05]
[num_leaves: 31]
[num_threads: -1]
[seed: 42]
[deterministic: 0]
[force_col_wise: 0]
[force_row_wise: 0]
[histogram_pool_size: -1]
[max_depth: -1]
[min_data_in_leaf: 50]
[min_sum_hessian_in_leaf: 0.001]
[bagging_fraction: 0.8]
[pos_bagging_fraction: 1]
[neg_bagging_fraction: 1]
[bagging_freq: 5]
[bagging_seed: 42]
[bagging_by_query: 0]
[feature_fraction: 0.8]
[feature_fraction_bynode: 1]
[feature_fraction_seed: 42]
[extra_trees: 0]
[extra_seed: 12879]
[early_stopping_round: 0]
[early_stopping_min_delta: 0]
[first_metric_only: 0]
[max_delta_step: 0]
[lambda_l1: 0.1]
[lambda_l2: 1]
[linear_lambda: 0]
[min_gain_to_split: 0]
[drop_rate: 0.1]
[max_drop: 50]
[skip_drop: 0.5]
[xgboost_dart_mode: 0]
[uniform_drop: 0]
[drop_seed: 42]
[top_rate: 0.2]
[other_rate: 0.1]
[min_data_per_group: 100]
[max_cat_threshold: 32]
[cat_l2: 10]
[cat_smooth: 10]
[max_cat_to_onehot: 4]
[top_k: 20]
[monotone_constraints: ]
[monotone_constraints_method: basic]
[monotone_penalty: 0]
[feature_contri: ]
[forcedsplits_filename: ]
[refit_decay_rate: 0.9]
[cegb_tradeoff: 1]
[cegb_penalty_split: 0]
[cegb_penalty_feature_lazy: ]
[cegb_penalty_feature_coupled: ]
[path_smooth: 0]
[interaction_constraints: ]
[verbosity: -1]
[saved_feature_importance_type: 0]
[use_quantized_grad: 0]
[num_grad_quant_bins: 4]
[quant_train_renew_leaf: 0]
[stochastic_rounding: 1]
[linear_tree: 0]
[max_bin: 255]
[max_bin_by_feature: ]
[min_data_in_bin: 3]
[bin_construct_sample_cnt: 200000]
[data_random_seed: 42]
[is_enable_sparse: 1]
[enable_bundle: 1]
[use_missing: 1]
[zero_as_missing: 0]
[feature_pre_filter: 1]
[pre_partition: 0]
[two_round: 0]
[header: 0]
[label_column: ]
[weight_column: ]
[group_column: ]
[ignore_column: ]
[categorical_feature: ]
[forcedbins_filename: ]
[precise_float_parser: 0]
[parser_config_file: ]
[objective_seed: 16083]
[num_class: 1]
[is_unbalance: 0]
[scale_pos_weight: 1]
[sigmoid: 1]
[boost_from_average: 1]
[reg_sqrt: 0]
[alpha: 0.9]
[fair_c: 1]
[poisson_max_delta_step: 0.7]
[tweedie_variance_power: 1.5]
[lambdarank_truncation_level: 30]
[lambdarank_norm: 1]
[label_gain: ]
[lambdarank_position_bias_regularization: 0]
[eval_at: ]
[multi_error_top_k: 1]
[auc_mu_weights: ]
[num_machines: 1]
[local_listen_port: 12400]
[time_out: 120]
[machine_list_filename: ]
[machines: ]
[gpu_platform_id: -1]
[gpu_device_id: -1]
[gpu_device_id_list: ]
[gpu_use_dp: 0]
[num_gpu: 1]

end of parameters

pandas_categorical:[]
