tree
version=v4
num_class=1
num_tree_per_iteration=1
label_index=0
max_feature_idx=162
objective=huber
feature_names=last_osi last_P_t last_N_t last_D_t last_R_t last_outage_pct osi_mean_72h osi_max_72h osi_std_72h outage_pct_mean_72h outage_pct_max_72h N_t_mean_72h N_t_max_72h R_t_mean_72h R_t_max_72h pre_event_mean_osi pre_event_max_outage_pct storm_onset_max_osi storm_onset_mean_osi osi_trend_last6h is_worsening frac_zero_72h hours_since_peak gust_mean_obs gust_max_obs gust_gt30_obs gust_gt40_obs cumul_gust_obs gust_last_obs gust_max_last6h_obs gust_trend_last6h_obs gust_t wind_speed_t wind_sin_t wind_cos_t t2m_t d2m_t tp_t rain_t csnow_t sdwe_t r2_t vpd_t soil_moist_t blh_t tcc_t lcc_t mcc_t hcc_t sp_t mslma_t sdswrf_t direct_rad_t diffuse_rad_t et0_t temp_c_t dewpoint_c_t icing_risk_t gust_exceed_30 soil_moist_x_gust is_snowing gust_x_hso gust_x_phase soil_gust_x_phase gust_exceed30_x_hso gust_max_next_1h gust_mean_next_1h wind_speed_max_next_1h total_tp_next_1h min_t2m_next_1h gust_gt30_next_1h gust_gt40_next_1h gust_peak4h_mean_next_1h gust_max_next_6h gust_mean_next_6h wind_speed_max_next_6h total_tp_next_6h min_t2m_next_6h gust_gt30_next_6h gust_gt40_next_6h gust_peak4h_mean_next_6h gust_max_next_24h gust_mean_next_24h wind_speed_max_next_24h total_tp_next_24h min_t2m_next_24h gust_gt30_next_24h gust_gt40_next_24h gust_peak4h_mean_next_24h gust_max_next_48h gust_mean_next_48h wind_speed_max_next_48h total_tp_next_48h min_t2m_next_48h gust_gt30_next_48h gust_gt40_next_48h gust_peak4h_mean_next_48h gust_change_1h gust_change_3h pressure_change_3h pressure_change_6h temp_change_6h wind_change_1h cumul_gust_since_onset cumul_tp_since_onset gust_gt30_since_onset gust_at_t1h wind_speed_at_t1h t2m_at_t1h tp_at_t1h gust_at_t6h wind_speed_at_t6h t2m_at_t6h tp_at_t6h gust_at_t24h wind_speed_at_t24h t2m_at_t24h tp_at_t24h gust_at_t48h wind_speed_at_t48h t2m_at_t48h tp_at_t48h hour_of_day hour_sin hour_cos days_since_onset hours_since_obs storm_phase log_customers rural_urban_code is_metro pop_density n_utilities pct_forest pct_developed pct_agriculture pct_water pct_wetland pct_unmapped pct_forest_classified tree_canopy_pct tree_canopy_std forest_x_customers window_len_next_1h is_full_next_1h tp_rate_next_1h gust_gt30_frac_next_1h has_weather_at_t1h window_len_next_6h is_full_next_6h tp_rate_next_6h gust_gt30_frac_next_6h has_weather_at_t6h window_len_next_24h is_full_next_24h tp_rate_next_24h gust_gt30_frac_next_24h has_weather_at_t24h window_len_next_48h is_full_next_48h tp_rate_next_48h gust_gt30_frac_next_48h has_weather_at_t48h
feature_infos=[0:0.55230000000000001] [0:0.82424180700000005] [0:0.021710291] [0:0.90465771100000003] [0:0.039181763000000001] [0:82.420000000000002] [4.1666666666666669e-06:0.26529999999999998] [0.0001:0.65049999999999997] [1.9982631347136334e-05:0.22470370552747407] [0.00083333333333333328:39.644861111111112] [0.02:100] [3.1208333333333337e-06:0.018623942125000001] [7.4900000000000005e-05:0.37916412199999999] [3.1208333333333337e-06:0.017093115180555556] [7.4900000000000005e-05:0.119716399] [0:0.38653749999999998] [0:100] [0:0.59799999999999998] [0:0.20940416666666664] [-0.022628571428571428:0.017611428571428573] [0:1] [0:0.95833333333333337] [0:71] [13.03611111111111:31.258333333333326] [29.300000000000001:70] [0:35] [0:18] [938.59999999999991:2250.5999999999995] [3.5:47.5] [15.4:64.5] [-6.477142857142856:3.3114285714285714] [0.59999999999999998:57.799999999999997] [0:38] [-0.99999999953664132:0.99999999913657367] [-0.99999999329043221:1] [259.42265909999998:298.3466019] [257.33913039999999:289.8677619] [0:11.300000000000001] [0:11.300000000000001] [0:2.6600000000000001] [0:0.089999999999999997] [15:100] [0:2.5] [0.16700000000000001:0.52000000000000002] [10:3090] [0:100] [0:100] [0:100] [0:100] [884.60000000000002:1027.2] [986.70000000000005:1031.8] [0:863] [0:737] [0:463] [0:0.60999999999999999] [-13.727340900000002:25.196601900000019] [-15.81086959999999:16.717761900000028] [0:1] [0:27.799999999999997] [0.19259999999999999:23.550000000000001] [0:1] [0.80000000000000004:3819.7999999999997] [0:107.59999999999999] [0:47.100000000000001] [0:1689.7999999999997] [1.2:57.799999999999997] [0.89999999999999991:54.5] [0:38] [0:14.699999999999999] [259.42265909999998:298.21776599999998] [0:2] [0:2] [0.89999999999999991:54.5] [2.7999999999999998:57.799999999999997] [2.0571428571428569:49.328571428571429] [0.40000000000000002:38] [0:26.699999999999999] [259.42265909999998:296.22558249999997] [0:7] [0:7] [2.5999999999999996:52.550000000000004] [8.3000000000000007:57.799999999999997] [4.5520000000000005:43.052] [5.0999999999999996:38] [0:51.199999999999996] [259.42265909999998:286.57337899999999] [0:25] [0:19] [7.5:52.550000000000004] [10.1:57.799999999999997] [5.3392857142857135:37.897959183673471] [5.0999999999999996:38] [0:52.900000000000006] [259.42265909999998:281.94003939999999] [0:40] [0:22] [9.375:52.550000000000004] [-24.299999999999997:28.199999999999999] [-32:35.700000000000003] [-6.1999999999999318:10.599999999999909] [-10.899999999999977:14.599999999999909] [-20.027499999999975:21.845291299999985] [-15.300000000000001:28.000000000000004] [347.09999999999997:4155.3000000000002] [0:53.200000000000003] [0:61] [0.59999999999999998:57.799999999999997] [0:38] [259.42265909999998:298.3466019] [0:11.300000000000001] [0.90000000000000002:57.799999999999997] [0:38] [259.42265909999998:298.3466019] [0:11.300000000000001] [0.90000000000000002:57.799999999999997] [0:38] [259.42265909999998:298.3466019] [0:11.300000000000001] [0.90000000000000002:53.799999999999997] [0:34.299999999999997] [259.42265909999998:296.58327589999999] [0:11.300000000000001] [0:23] [-1:1] [-1:1] [1:5] [1:120] [0:3] [7.1180162044653335:13.453719692845613] [1:9] [0:1] [8.3691524328166658:11939.655837338518] [1:14] [0.96999999999999997:88.719999999999999] [2.21:86.629999999999995] [0.040000000000000001:87.469999999999999] [0.01:5.5099999999999998] [0:19.780000000000001] [1.8899999999999999:18.32] [0.98868616858628067:95.815074496056084] [2.2000000000000002:80.340000000000003] [12.65:40.140000000000001] [8.0679963363985543:851.59337963521523] none none [0:7.3499999999999996] [0:1] none none none [0:3.8142857142857141] [0:1] none none none [0:2.048] [0:1] none [25:49] [0:1] [0:1.0795918367346939] [0:0.81632653061224492] [0:1]
tree_sizes=2938 2994 2946 2928 2982 2976 2990 2964 2971 2958 2957 2976 3001 2972 2948 2974 2998 2940 2959 2976 2915 2931 2938 2972 2948 2962 2986 3012 2982 2980 3007 2929 2976 3005 3005 3022 2901 2989 2964 2946 3016 2988 2878 2919 2896 2964 2960 2925 2989 2926 2941 2922 2898 2987 3017 2923 2942 2921 2931 2914 2945 2912 2894 2922 2973 2950 2957 2904 2949 2957 2920 2988 2939 2924 2939 2928 2976 2973 2959 2933 2904 2954 3016 2928 2887 2985 2967 2895 2962 2987 2920 2986 2918 2985 2935 2881 2962 2972 2878 2952 2929 2871 2971 2903 2986 2903 2965 2933 2881 2912 2828 2956 2896 2891 2944 2887 2951 2844 2898 2949 2850 2947 2897 2876 2911 2894 3035 2909 2946 2879 2894 2817 2929 2943 2926 2938 2817 2868 2953 2911 2937 2931 2862 2929 2986 2877 2852 2944 2922 2889 2901 2796 2847 2899 2842 2823 2872 2789 2824 2863 2844 2875 2810 2892 2812 2953 2849 2863 2818 2914 2829 2825 2831 2877 2826 2880 2964 2896 2817 2916 2969 2923 2839 2954 2905 2763 2873 2731 2766 2841 2824 2898 2895 2889 2818 2899 2905 2945 2971 2862 2894 2858 2853 2942 2874 2916 2821 2858 2798 2908 2846 2871 2872 2833 2811 2767 2688 2819 2893 2807 2756 2920 2872 2860

Tree=0
num_leaves=31
num_cat=0
split_feature=0 103 103 13 43 93 137 93 3 120 88 77 83 2 6 50 85 33 101 28 76 140 37 140 81 94 155 140 3 93
split_gain=0.480483 0.893044 0.196232 0.272079 0.197848 0.129206 0.0950129 0.280701 0.101206 0.099782 0.0488957 0.0352949 0.0314888 0.0261642 0.023852 0.0190066 0.0173751 0.0171733 0.0289565 0.0159722 0.013389 0.0132952 0.033971 0.0110611 0.009536 0.0104886 0.00907107 0.0205836 0.0101773 0.00891345
threshold=0.21365000000000003 1354.6000000000001 1994.1000000000001 0.0039296913055555565 0.33650000000000008 271.47877495000006 1.0000000180025095e-35 265.00654810000009 0.14656182600000003 274.08876760000004 51.037500000000009 286.56539020000008 18.650000000000002 0.00097368600000000008 0.021504166666666668 1022.0500000000001 274.16412320000006 0.83318876203774306 7.5591976499999598 33.750000000000007 2.0500000000000012 75.820000000000007 0.65000000000000002 23.285000000000004 38.250000000000007 10.500000000000002 0.80800000000000016 68.935000000000016 0.084415223500000011 271.02330865000005
decision_type=2 2 2 2 2 2 2 2 2 10 2 2 2 2 2 2 2 2 2 2 2 2 2 2 2 2 2 2 2 2
left_child=2 5 3 6 -5 -2 7 -1 10 14 13 -9 -3 17 -10 23 -17 26 20 -11 24 -4 -23 -15 -19 -26 28 -28 -8 -30
right_child=1 12 21 4 -6 -7 8 11 9 19 -12 -13 -14 15 -16 16 -18 18 -20 -21 -22 22 -24 -25 25 -27 27 -29 29 -31
leaf_value=0.0082501931347980922 0.0080665239211983094 0.0046457538519264589 0.004528705305189562 0.0047425766868634108 0.0084697519790666656 0.011882708475492129 0.0046074685562259238 0.0047425766868634108 0.0048498611480788118 0.0053974250755161593 0.0062399084572008559 0.0058729330332693451 0.0058214612901107514 0.0052962594087374764 0.0057583398989398725 0.0060656970613454028 0.0050663356436418724 0.004595315424246591 0.0058549347116694456 0.0066105114505077191 0.0054876437453543385 0.0046541952272468514 0.0059911770828220707 0.0047186029292356976 0.0053329977051173863 0.0047905265560428964 0.0047409006559580294 0.0057552435209446565 0.0046978207574977695 0.0051785406805359277
leaf_weight=78 50 204 8513 60 89 61 4222 320 491 53 53 85 75 99 88 69 175 567 66 144 65 432 52 408 102 926 332 56 233 147
leaf_count=78 50 204 8513 60 89 61 4222 320 491 53 53 85 75 99 88 69 175 567 66 144 65 432 52 408 102 926 332 56 233 147
internal_value=0.00474587 0.00648006 0.00470832 0.00487405 0.00698705 0.0102534 0.00483736 0.00551912 0.00479698 0.00534026 0.00474151 0.00497348 0.00494667 0.00473001 0.00499807 0.00500875 0.0053736 0.00469806 0.00483251 0.00631436 0.00478821 0.00454331 0.00478981 0.00482243 0.00475612 0.00484973 0.00465054 0.00487667 0.00463036 0.00487132
internal_weight=18315 390 17925 8928 149 111 8779 483 8296 776 7520 405 279 7467 579 751 244 6716 1726 197 1660 8997 484 507 1595 1028 4990 388 4602 380
internal_count=18315 390 17925 8928 149 111 8779 483 8296 776 7520 405 279 7467 579 751 244 6716 1726 197 1660 8997 484 507 1595 1028 4990 388 4602 380
is_linear=0
shrinkage=1


Tree=1
num_leaves=31
num_cat=0
split_feature=133 84 0 126 103 92 10 92 2 135 81 91 0 74 137 133 150 103 83 84 75 141 14 81 42 128 24 116 43 59
split_gain=0.445826 0.986857 0.448636 0.808822 0.149879 0.131429 0.128272 0.0903023 0.0526676 0.0444946 0.0261677 0.0270495 0.025771 0.0378614 0.0213804 0.0199497 0.0559077 0.0185951 0.0167469 0.0164968 0.0163596 0.0134143 0.0132539 0.01105 0.0106363 0.00997204 0.00940978 0.007784 0.0109388 0.00771738
threshold=88.200000000000003 7.7500000000000018 0.21365000000000003 36.500000000000007 1660.9500000000003 12.250000000000004 16.980000000000004 10.350000000000003 0.0031384280000000004 64.225000000000009 38.350000000000001 16.950000000000003 0.023950000000000003 23.150000000000002 0.055000000000000007 84.075000000000017 0.72142857142857164 1070.3500000000004 18.550000000000004 15.450000000000005 18.250000000000004 33.610000000000007 0.021183272000000003 37.95000000000001 0.22500000000000003 10.581287651958503 32.300000000000004 293.73551695000009 0.34350000000000008 6.2795500000000013
decision_type=2 2 2 2 2 2 2 2 2 2 2 2 2 2 2 2 2 2 2 2 2 2 2 2 2 2 2 2 2 2
left_child=2 29 4 5 6 -4 8 9 10 14 19 -12 13 -10 -8 -6 -17 23 -5 27 21 -13 -14 -16 -23 -9 -21 -1 -29 -2
right_child=1 -3 3 18 15 -7 7 25 12 -11 11 20 22 -15 17 16 -18 -19 -20 26 -22 24 -24 -25 -26 -27 -28 28 -30 -31
leaf_value=-0.00016015545792693873 -0.0001181278127290669 0.0079858148594004388 0.0067875759688312892 -9.6538953117765623e-05 -0.00019214007360261824 0.0031491564568437514 0.00049718369614520973 1.0003010506175593e-05 0.0020060788465938954 0.00031303558236414516 0.00098342454050990365 8.0393070480313318e-05 8.5379338327374387e-05 0.00022437876646332714 0.0016969829313286128 -6.3115046087659725e-05 0.001665135521012686 0.00099075652334201878 0.00079227925210759251 0.0007365159075668218 -7.5953035484688832e-05 0.0011228107432461397 0.00081089312899156767 0.0029347636824583307 0.00031082670444606387 0.00048194735395843541 6.9668927421958333e-05 -6.3027320089657787e-05 0.00080070420720742327 0.00062192884161977073
leaf_weight=2748 92 55 60 202 10224 60 51 287 65 106 87 999 259 68 108 319 53 75 68 69 937 52 92 50 401 210 318 100 50 50
leaf_count=2748 92 55 60 202 10224 60 51 287 65 106 87 999 259 68 108 319 53 75 68 69 937 52 92 50 401 210 318 100 50 50
internal_value=3.37021e-06 0.00236332 -2.2143e-05 0.00165271 -5.93615e-05 0.00505075 0.000117411 0.000680024 3.66042e-05 0.00125138 -4.66243e-06 0.000117138 0.000537103 0.00114092 0.00158174 -0.000178816 0.000173513 0.00179462 0.000110959 -9.79966e-05 8.31006e-05 0.000189163 0.00029151 0.00213613 0.000417316 0.000220024 0.000203043 -0.000139978 0.000195167 0.000110017
internal_weight=18315 197 18118 390 17728 120 7132 887 6245 390 5761 2476 484 133 284 10596 372 233 270 3285 2389 1452 351 158 453 497 387 2898 150 142
internal_count=18315 197 18118 390 17728 120 7132 887 6245 390 5761 2476 484 133 284 10596 372 233 270 3285 2389 1452 351 158 453 497 387 2898 150 142
is_linear=0
shrinkage=0.05


Tree=2
num_leaves=31
num_cat=0
split_feature=133 50 0 103 103 10 93 92 2 129 83 81 91 0 116 105 138 133 76 49 155 118 107 43 161 14 2 24 100 116
split_gain=0.403013 0.905614 0.405766 0.732554 0.135835 0.116404 0.104585 0.0818468 0.0478396 0.0404239 0.0256035 0.0236343 0.0244139 0.0232669 0.0369587 0.0203139 0.0201152 0.0185027 0.0644979 0.0737285 0.0149726 0.014217 0.0125899 0.021514 0.0153885 0.0119215 0.00950796 0.00846825 0.00780945 0.00699761
threshold=88.200000000000003 1011.4500000000002 0.21365000000000003 1354.6000000000001 1660.9500000000003 16.980000000000004 271.47877495000006 10.350000000000003 0.0031384280000000004 3.5000000000000004 18.650000000000002 38.350000000000001 16.950000000000003 0.023950000000000003 283.34073340000003 15.500000000000002 6.4000000000000012 80.210000000000022 4.3500000000000014 947.25000000000011 0.61800000000000022 19.750000000000004 12.15 0.38150000000000006 0.17346938775510207 0.021183272000000003 0.0011514315000000002 32.300000000000004 0.19999999999998866 293.73551695000009
decision_type=2 2 2 2 2 2 2 2 2 2 2 2 2 2 2 2 2 2 2 2 2 8 2 2 2 2 2 2 2 2
left_child=2 -2 4 6 5 8 -4 9 11 15 -5 20 -13 14 -10 -7 -11 -6 -19 -20 29 -3 23 -14 -25 -15 -9 -22 -28 -1
right_child=1 21 3 10 17 7 -8 26 13 16 -12 12 22 25 -16 -17 -18 18 19 -21 27 -23 -24 24 -26 -27 28 -29 -30 -31
leaf_value=-0.0001521506000479004 0.0079160835241110852 0.00088129595471043867 0.0030018148300986667 -8.7635477554768608e-05 -0.00018759922557007083 0.0023226957226216566 0.0064637809523170999 0 0.00025580467748319887 0.0002111824853435302 0.00097105166565789221 0.00093481206458322541 0.00010732259408821326 8.1126786447174929e-05 0.0020235890540837623 0.0011548519726522022 0.0014355000851781301 -0.00012111951819518358 0 0.0025841505909635337 0.00070021619512408511 -0.00011976017715177166 -4.2825734177033869e-05 2.6904118848474819e-05 0.0011770360329936603 0.00077078444096485095 0.00022150133536797515 6.6196398649800455e-05 0.00094472204989870078 0.00018399689597885639
leaf_weight=2748 51 50 50 204 9895 88 61 271 74 129 75 87 1157 259 59 121 52 596 55 50 69 96 1087 57 88 92 163 318 63 150
leaf_count=2748 51 50 50 204 9895 88 61 271 74 129 75 87 1157 259 59 121 52 596 55 50 69 96 1087 57 88 92 163 318 63 150
internal_value=3.51396e-06 0.0022473 -2.07298e-05 0.00157208 -5.61388e-05 0.000112128 0.00498971 0.000648102 3.51097e-05 0.00119219 0.000181552 -4.17935e-06 0.000111532 0.000512117 0.00108657 0.0016791 0.000596347 -0.000169868 7.31999e-05 0.0012141 -9.29235e-05 0.000192717 7.90803e-05 0.000184648 0.000762443 0.000277772 0.000209574 0.000193639 0.000448407 -0.000132969
internal_weight=18315 197 18118 390 17728 7132 111 887 6245 390 279 5761 2476 484 133 209 181 10596 701 105 3285 146 2389 1302 145 351 497 387 226 2898
internal_count=18315 197 18118 390 17728 7132 111 887 6245 390 279 5761 2476 484 133 209 181 10596 701 105 3285 146 2389 1302 145 351 497 387 226 2898
is_linear=0
shrinkage=0.05


Tree=3
num_leaves=31
num_cat=0
split_feature=133 84 0 126 104 93 12 92 81 133 133 91 91 116 141 2 142 83 84 137 112 112 115 4 73 4 120 84 29 18
split_gain=0.364359 0.821199 0.367017 0.66501 0.119442 0.11051 0.07611 0.0837392 0.0403704 0.0333481 0.0310952 0.0717531 0.0225486 0.0200606 0.0228892 0.019234 0.0150552 0.0133714 0.0120613 0.0134584 0.0119044 0.0138072 0.0117255 0.0112442 0.0114268 0.00911939 0.00679133 0.00671963 0.00990924 0.00833141
threshold=88.200000000000003 7.7500000000000018 0.21365000000000003 36.500000000000007 5.7500000000000018 271.47877495000006 0.056588787000000008 11.150000000000004 55.050000000000004 26.470000000000002 79.440000000000012 16.550000000000004 19.850000000000005 293.73551695000009 38.535000000000004 0.0011514315000000002 581.31139197053017 18.350000000000005 7.5500000000000016 0.015000000000000001 290.20898235000004 274.87084570000007 10.15 1.1520000000000002e-05 34.250000000000007 0.0009277545000000001 276.48990120000002 19.250000000000007 26.700000000000006 0.020508333333333337
decision_type=2 2 2 2 2 2 2 2 2 2 2 2 2 2 2 2 2 2 2 2 2 2 2 2 2 2 8 2 2 2
left_child=2 26 4 5 6 -4 8 9 10 -8 13 -12 -11 15 -15 27 -14 -5 -6 -20 21 -13 -22 -17 25 -25 -2 29 -29 -1
right_child=1 -3 3 17 18 -7 7 -9 -10 12 11 20 16 14 -16 23 -18 -19 19 -21 22 -23 -24 24 -26 -27 -28 28 -30 -31
leaf_value=-0.00011497662473336392 0.00053114950806567717 0.0072659165992185349 0.0027956013300766548 -8.9399215071127834e-05 -0.00018411661791821449 0.006145804634978695 0.00037015377478160852 0.00010018516664654696 0.0010383413948420639 0.00063596339453258273 0.0015913902752241354 0.00074772732536604802 0.0013123278609619494 0.00013739998110307825 0.0011319611711161478 -0.00012991206791059033 0.002531181815380262 0.00069996669886833321 0.00066179079285357152 -4.3560518692361011e-05 0.0011226456240917783 -9.6932779788017862e-05 0 0.0010532273093189742 5.530682123561919e-05 0.00030320888404358732 -0.00015323199120426915 0.00067570941684308905 0 8.6719226735006388e-05
leaf_weight=4174 55 55 59 201 9187 61 130 527 98 84 98 54 115 456 69 133 58 69 74 634 52 400 55 85 184 131 87 66 310 554
leaf_count=4174 55 55 59 201 9187 61 130 527 98 84 98 54 115 456 69 133 58 69 74 634 52 400 55 85 184 131 87 66 310 554
internal_value=3.6473e-06 0.00213713 -1.93911e-05 0.00149543 -5.30804e-05 0.00457666 9.23702e-05 0.000521327 3.49152e-05 0.0010802 1.96156e-05 0.000346104 0.00141716 -1.45402e-05 0.000279523 -4.28592e-05 0.0017619 9.5716e-05 -0.000168724 2.39399e-05 0.000117226 0 0.000589129 0.000240496 0.000376142 0.00062489 7.8741e-05 -7.34701e-05 0.000124227 -9.02724e-05
internal_weight=18315 197 18118 390 17728 120 7833 914 6919 387 6821 659 257 6162 525 5637 173 270 9895 708 561 454 107 533 400 216 142 5104 376 4728
internal_count=18315 197 18118 390 17728 120 7833 914 6919 387 6821 659 257 6162 525 5637 173 270 9895 708 561 454 107 533 400 216 142 5104 376 4728
is_linear=0
shrinkage=0.05


Tree=4
num_leaves=31
num_cat=0
split_feature=133 50 0 126 103 93 3 13 2 33 136 61 81 91 0 116 133 76 84 75 80 23 16 90 89 24 118 101 136 136
split_gain=0.329364 0.75446 0.331967 0.601754 0.113184 0.0990421 0.0953879 0.056772 0.0438822 0.0422856 0.0272002 0.0249239 0.0209666 0.0259978 0.0186345 0.0328658 0.0159616 0.0442455 0.0144507 0.0127695 0.012346 0.0115031 0.0102087 0.00852097 0.00762609 0.0071395 0.00634294 0.00617536 0.00579701 0.00517361
threshold=88.200000000000003 1012.4500000000002 0.21365000000000003 36.500000000000007 1660.9500000000003 271.47877495000006 0.094158592000000013 0.0023272837500000003 0.0031384280000000004 -0.62471084373747499 0.69000000000000006 511.35000000000008 38.150000000000013 16.950000000000003 0.023950000000000003 283.34073340000003 84.075000000000017 5.0500000000000016 15.450000000000005 18.250000000000004 32.187500000000007 17.857638888888889 6.4500000000000002 22.047959183673473 55.050000000000004 32.300000000000004 20.050000000000004 6.1864084500000169 0.69000000000000006 0.15500000000000003
decision_type=2 2 2 2 2 2 2 2 2 2 2 2 2 2 2 2 2 2 2 2 2 2 2 2 2 2 8 2 2 2
left_child=2 -2 4 5 6 -4 8 9 12 10 -8 -9 18 -14 15 -10 -6 -18 -1 21 -5 -15 -16 -12 27 -20 -3 29 -29 -23
right_child=1 26 3 20 16 -7 7 11 14 -11 23 -13 13 19 22 -17 17 -19 25 -21 -22 24 -24 -25 -26 -27 -28 28 -30 -31
leaf_value=-0.00014012355933090833 0.0070102393657646396 0.00055081211924142036 0.0026581510199854773 -7.1929644460656819e-05 -0.00016597576312745582 0.0058434706914328761 0.00046379520089674154 0.0020963037541368973 0.00021916275788098577 0.00015219628840140039 0.0019965469553845667 0.00050805139519910047 0.0008930777827284909 0.00080856340464270562 6.3528168345025439e-05 0.001889205330206702 -4.8180215745844641e-05 0.0014875637576807531 0.00064991805700784829 -8.2129538821241693e-05 0.00071819081530726013 0.00028615824480022469 0.00071540656247957336 0.00089080200365368423 0.00072707496896048105 6.2756605026600943e-05 -0.00011998586452697984 0.00076820794136438057 5.7419108004336635e-05 0
leaf_weight=2776 54 50 59 209 10224 61 201 79 74 662 58 51 98 66 230 59 319 53 69 914 61 186 92 64 51 307 93 63 84 948
leaf_count=2776 54 50 59 209 10224 61 201 79 74 662 58 51 98 66 230 59 319 53 69 914 61 186 92 64 51 307 93 63 84 948
internal_value=3.75395e-06 0.0020322 -1.81367e-05 0.00142252 -5.01904e-05 0.00435359 0.000103374 0.000528149 2.3754e-05 0.000390762 0.000862299 0.00152002 -1.40294e-05 9.59163e-05 0.000495608 0.00100589 -0.000154024 0.000160619 -9.96828e-05 5.95934e-05 9.01203e-05 0.000155817 0.000266897 0.00146909 0.000119141 0.000185208 8.2033e-05 9.04886e-05 0.000398959 4.57802e-05
internal_weight=18315 197 18118 390 17728 120 7132 1115 6017 985 323 130 5562 2410 455 133 10596 372 3152 2312 270 1398 322 122 1332 376 143 1281 147 1134
internal_count=18315 197 18118 390 17728 120 7132 1115 6017 985 323 130 5562 2410 455 133 10596 372 3152 2312 270 1398 322 122 1332 376 143 1281 147 1134
is_linear=0
shrinkage=0.05


Tree=5
num_leaves=31
num_cat=0
split_feature=133 155 0 103 103 17 92 129 81 86 133 50 2 155 140 92 93 81 155 3 22 2 141 93 43 110 0 129 28 92
split_gain=0.25469 0.6264 0.243144 0.478055 0.0994317 0.1136 0.0678636 0.0382465 0.0360532 0.0225864 0.0202017 0.0626229 0.0195261 0.0168436 0.0329338 0.0151263 0.0193315 0.0143167 0.0120327 0.0220387 0.0119024 0.0108068 0.00945821 0.0150843 0.00769926 0.00718902 0.0071454 0.00672695 0.00545097 0.00538972
threshold=88.200000000000003 0.31000000000000011 0.21365000000000003 1328.9500000000003 1588.1000000000004 0.10030000000000001 10.050000000000002 3.5000000000000004 55.050000000000004 9.5000000000000018 84.075000000000017 1002.85 0.0031384280000000004 0.68200000000000016 71.610000000000014 8.8500000000000032 273.24204045000005 38.150000000000013 0.006000000000000001 0.03267248100000001 3.5000000000000004 0.0011514315000000002 38.660000000000004 269.42577885000009 0.42650000000000005 17.150000000000002 0.025450000000000004 2.5000000000000004 7.0500000000000007 7.8500000000000014
decision_type=2 2 2 2 2 2 2 2 2 2 2 2 2 2 2 2 2 2 2 2 2 2 2 2 2 2 2 2 2 2
left_child=2 25 4 -4 5 8 7 15 12 -5 29 -12 13 17 28 16 -7 26 -14 -20 -9 -8 24 -24 -19 -2 -1 -23 -15 -6
right_child=1 -3 3 9 10 6 21 20 -10 -11 11 -13 18 14 -16 -17 -18 22 19 -21 -22 27 23 -25 -26 -27 -28 -29 -30 -31
leaf_value=-0.00013958284032753284 -0.00014042630465701224 0.0065574500696989257 0.0042187003746177211 -3.2236590775874931e-05 -0.00017136517065000279 0.002368969130329788 -1.9467078321125178e-05 0.0010878241580622402 0.0010024259066129025 0.0011130182543659911 0.0015175884052154582 -7.9296183164679775e-05 5.9718433692255753e-05 0.00043884544607883277 0.00143442827782763 0.00069676047894552966 0.00095237975747493862 2.9227788210653413e-06 0.001149068267676921 4.8080168205151759e-05 0.00018158360033892267 0.00088659760050318183 4.2006934262636442e-05 0.0011411033313169017 0.00062843084185528028 0.00057153882522470673 0.00014721497617640789 0.00020587647606670444 0 -6.7686351152683227e-05
leaf_weight=2651 94 50 98 231 8950 97 216 70 92 50 73 334 228 89 54 51 54 1961 99 102 110 70 108 50 50 51 219 134 279 1659
leaf_count=2651 94 50 98 231 8950 97 216 70 92 50 73 334 228 89 54 51 54 1961 99 102 110 70 108 50 50 51 219 134 279 1659
internal_value=-2.59497e-06 0.00178984 -2.21943e-05 0.00122878 -4.91786e-05 0.00010097 0.000659627 0.00114403 2.51384e-05 0.000157039 -0.0001421 0.000197886 8.85715e-06 -1.58105e-05 0.000285744 0.00162942 0.00190487 -4.21085e-05 0.000333801 0.000618114 0.000565698 0.000205505 5.32532e-05 0.000426258 2.12646e-05 7.79419e-05 -0.000115913 0.000467033 0.000100207 -0.000155631
internal_weight=18374 195 18179 379 17800 6784 802 382 5982 281 11016 407 5890 5461 422 202 151 5039 429 201 180 420 2169 158 2011 145 2870 204 368 10609
internal_count=18374 195 18179 379 17800 6784 802 382 5982 281 11016 407 5890 5461 422 202 151 5039 429 201 180 420 2169 158 2011 145 2870 204 368 10609
is_linear=0
shrinkage=0.05


Tree=6
num_leaves=31
num_cat=0
split_feature=0 103 103 13 35 137 50 19 3 120 81 88 6 112 28 116 141 2 47 84 22 43 137 84 3 105 90 21 81 23
split_gain=0.21265 0.431851 0.10941 0.150472 0.103633 0.0656336 0.207261 0.29597 0.0736616 0.0716936 0.035084 0.0207759 0.0182158 0.0141086 0.0138642 0.0133388 0.0229438 0.014187 0.00888873 0.00872132 0.0111471 0.00800181 0.00639342 0.0174763 0.00580217 0.00559603 0.00478691 0.00439758 0.00383583 0.00948858
threshold=0.21365000000000003 1328.9500000000003 1994.1000000000001 0.0039296913055555565 280.32902365000007 1.0000000180025095e-35 1007.35 -0.00069857142857142882 0.14656182600000003 274.03050585000005 55.050000000000004 34.062500000000007 0.021504166666666668 290.44738900000004 33.750000000000007 293.73551695000009 38.535000000000004 0.00036114100000000004 99.500000000000014 19.750000000000004 55.500000000000007 0.36050000000000004 1.0000000180025095e-35 0.95000000000000029 0.084415223500000011 15.500000000000002 22.047959183673473 0.47916666666666669 40.750000000000007 17.759722222222226
decision_type=2 2 2 2 2 2 2 2 2 10 2 2 2 2 2 2 2 2 2 2 2 2 2 2 2 2 2 2 2 2
left_child=2 -2 3 5 -5 6 7 -1 10 12 15 -3 25 -8 -11 17 -17 19 27 24 -21 -20 23 -4 28 -10 -16 -19 -7 -30
right_child=1 11 22 4 -6 8 13 -9 9 14 -12 -13 -14 -15 26 16 -18 18 21 20 -22 -23 -24 -25 -26 -27 -28 -29 29 -31
leaf_value=0.005332761715878459 0.0040098959192483115 -7.6274876022998887e-05 -0.00013963407933594997 0 0.0026697368381535763 -0.00013843480478341539 -0.00012745953315944854 0.00020874343723045207 0.00031948124926489793 0.00043476565018796395 0.00093652293770598292 0.00090173398510835659 0.0008744843178702628 0.00060425631048308462 0.0019531405168275039 8.222804389112912e-05 0.0011198236699685425 0.00015776589963798458 9.2796312906763431e-05 2.8618921798981631e-05 0.00082865230446937043 0.00078497406739311227 -0.00015845759057475458 0.0006303535131320535 8.2924281742463961e-05 -3.7535522331184814e-05 0.0010935949239407336 -5.6618168388159149e-05 0.00060611484711343023 -6.4475504582979967e-05
leaf_weight=50 98 212 293 58 94 3505 279 68 151 53 95 69 84 84 74 452 62 454 116 417 50 88 8696 96 393 332 84 460 53 1354
leaf_count=50 98 212 293 58 94 3505 279 68 151 53 95 69 84 84 74 452 62 454 116 417 50 88 8696 96 393 332 84 460 53 1354
internal_value=-2.17058e-06 0.00116804 -2.71582e-05 9.69897e-05 0.00165294 6.92288e-05 0.000637028 0.00244852 3.55554e-05 0.000498474 -1.18645e-05 0.000148492 0.000194354 2.93218e-05 0.00128735 -2.48332e-05 0.000219026 -4.378e-05 0.000117428 -7.58861e-05 0.000126547 0.000418146 -0.000149462 3.86971e-05 -9.46691e-05 6.41773e-05 0.00153737 4.44618e-05 -0.00010991 -3.52515e-05
internal_weight=18374 379 17995 8910 152 8758 481 118 8277 778 7499 281 567 363 211 7404 514 6890 1118 5772 467 204 9085 389 5305 483 158 914 4912 1407
internal_count=18374 379 17995 8910 152 8758 481 118 8277 778 7499 281 567 363 211 7404 514 6890 1118 5772 467 204 9085 389 5305 483 158 914 4912 1407
is_linear=0
shrinkage=0.05


Tree=7
num_leaves=31
num_cat=0
split_feature=133 84 0 105 103 17 93 92 136 2 81 28 133 104 0 123 81 84 128 67 111 14 142 77 42 77 0 43 62 13
split_gain=0.216867 0.546532 0.19847 0.391308 0.08354 0.0994262 0.0747274 0.0547526 0.0360668 0.0311118 0.0260785 0.0387136 0.0192451 0.0614637 0.0173854 0.0351238 0.0131901 0.0115669 0.0109919 0.0100972 0.00995246 0.00907927 0.00773109 0.0119576 0.016463 0.00677705 0.006265 0.00611373 0.00564466 0.00564369
threshold=88.200000000000003 7.7500000000000018 0.21365000000000003 17.500000000000004 1531.3000000000002 0.10030000000000001 271.04955235000006 14.050000000000002 0.41500000000000004 0.0031384280000000004 46.550000000000004 32.95000000000001 84.075000000000017 5.3500000000000014 0.023950000000000003 0.25881904510252091 38.150000000000013 19.450000000000006 10.650483037778512 17.350000000000005 13.750000000000002 0.021183272000000003 324.71721579655133 283.16161905000007 0.99500000000000011 276.90701975000007 0.025450000000000004 0.38250000000000006 34.550000000000004 0.0016826743888888891
decision_type=2 2 2 2 2 2 2 2 2 2 2 2 2 2 2 2 2 2 2 2 2 2 2 2 2 2 2 2 2 2
left_child=2 28 4 6 5 9 -4 8 18 16 11 -10 -6 -14 15 -11 17 26 -7 -5 22 -16 -18 27 -25 -13 -1 -24 -2 -15
right_child=1 -3 3 19 12 7 -8 -9 10 14 -12 25 13 29 21 -17 20 -19 -20 -21 -22 -23 23 24 -26 -27 -28 -29 -30 -31
leaf_value=-0.00012456953377816524 -0.00013559456793094192 0.0061052397291596035 0.0020827167647491608 -6.8029905130505169e-05 -0.0001397024897762638 0 0.0049814263671370497 4.004439398961361e-05 0 0.0018942025246479633 0.0022924195498716638 0.0016524784731083231 0.0016989131013949608 -0.00016426570092786447 4.1166464316884534e-05 7.3172484808310396e-05 5.7801736796121982e-05 0.00029624012496449282 0.00076734476978687182 0.00069634807204308282 -2.7478468156305186e-05 0.00069450675958144636 7.6439654154093881e-05 0.0012936175585512983 2.8298707228324409e-05 0.0007417499033043238 0.00014683962290088626 0.00059541832739578009 0.00049956571120870368 0.00027296698546375745
leaf_weight=2630 95 50 55 218 10883 103 55 271 65 54 60 121 58 261 237 63 686 188 92 51 1029 76 356 67 55 57 214 76 50 98
leaf_count=2630 95 50 55 218 10883 103 55 271 65 54 60 121 58 261 237 63 686 188 92 51 1029 76 356 67 55 57 214 76 50 98
internal_value=-1.79748e-06 0.00165218 -1.99041e-05 0.00111027 -4.43099e-05 9.80679e-05 0.00360894 0.000631805 0.000943081 2.54798e-05 0.00129103 0.00101491 -0.000126653 0.000201488 0.000434197 0.000964951 -6.80662e-06 -7.58927e-05 0.000373076 6.04132e-05 8.33013e-05 0.000217435 0.000179208 0.000320157 0.000768705 0.00139455 -0.000102345 0.000180453 5.11012e-05 -3.05941e-05
internal_weight=18374 195 18179 379 17800 6500 110 769 498 5731 303 243 11300 417 430 117 5301 3032 195 269 2269 313 1240 554 122 178 2844 432 145 359
internal_count=18374 195 18179 379 17800 6500 110 769 498 5731 303 243 11300 417 430 117 5301 3032 195 269 2269 313 1240 554 122 178 2844 432 145 359
is_linear=0
shrinkage=0.05


Tree=8
num_leaves=31
num_cat=0
split_feature=0 126 139 84 128 93 103 0 81 33 81 38 131 6 81 22 2 83 7 84 103 137 93 142 73 69 9 24 112 28
split_gain=0.173773 0.357174 0.092463 0.260224 0.423303 0.0667696 0.0634471 0.0817638 0.0574899 0.035961 0.0291003 0.019909 0.018349 0.0146967 0.0129099 0.00988173 0.00949748 0.00803394 0.00733028 0.00706747 0.0205959 0.00792606 0.0124178 0.00703746 0.00777339 0.0127731 0.00687289 0.00889517 0.0225991 0.00685601
threshold=0.21365000000000003 37.500000000000007 85.299518965764761 13.550000000000002 9.1980520126980121 271.04955235000006 1502.4000000000003 0.080000000000000002 45.750000000000007 -0.59803255185341608 55.050000000000004 0.15000000000000005 100.41349836857042 0.021504166666666668 38.95000000000001 36.500000000000007 0.00097368600000000008 18.350000000000005 0.14185000000000003 0.15000000000000005 1063.2500000000002 1.0000000180025095e-35 265.80455500000011 324.71721579655133 33.250000000000007 281.75286430000006 0.81826388888888901 32.300000000000004 285.47458325000008 34.000000000000007
decision_type=2 2 2 2 2 2 2 2 2 2 2 2 2 2 2 2 2 2 2 2 2 2 2 2 2 2 2 2 2 2
left_child=2 5 6 8 -5 -2 7 10 11 12 14 19 -9 -11 26 -6 23 -3 -14 -4 -21 22 -22 -16 25 -25 27 28 -1 -28
right_child=1 17 3 4 15 -7 -8 9 -10 13 -12 -13 18 -15 16 -17 -18 -19 -20 20 21 -23 -24 24 -26 -27 29 -29 -30 -31
leaf_value=-6.1953169017269765e-05 0.0019951207347606355 -8.5252132272940921e-05 -0.00015952696348693962 0.0052303717136793944 0 0.0047368026834114334 -0.00013234703062018702 0.00020966927718244871 0.0013197163709793875 0.00012001993176306576 0.00089035539262350425 0.00096602862899410828 0.00068796905440325715 0.0010367621791166519 -1.2213475581609291e-05 0.00080666580810554464 0.00043098020292366834 0.00054722054816693346 0.0015948469832879853 0.00089130479346393897 0.0008770268701502054 -0.0001384302563280091 -8.3293585321651055e-05 0.00010651097153326379 0 0.00080631403756772414 -2.9236475260648073e-05 -0.00013802721568411647 0.00093513504055694552 0.00034493979578514378
leaf_weight=266 56 205 639 67 72 55 10596 58 87 294 91 50 58 55 1194 72 191 63 129 68 55 394 64 213 269 109 320 2336 69 179
leaf_count=266 56 205 639 67 72 55 10596 58 87 294 91 50 58 55 1194 72 191 63 129 68 55 394 64 213 269 109 320 2336 69 179
internal_value=-1.39157e-06 0.00105643 -2.40061e-05 0.000342246 0.00197245 0.00342842 -5.92889e-05 7.26138e-05 8.38179e-05 0.00062816 8.53921e-06 0 0.00109874 0.000281327 -6.25303e-06 0.000396515 9.29505e-05 4.63204e-05 0.00134532 -4.22422e-05 7.82122e-05 -2.13629e-05 0.000322495 5.37597e-05 0.000195287 0.000360644 -6.96775e-05 -0.000102415 0.000130708 9.54085e-05
internal_weight=18374 379 17995 1568 211 111 16427 5831 1357 594 5237 1270 245 349 5146 144 1976 268 187 1220 581 513 119 1785 591 322 3170 2671 335 499
internal_count=18374 379 17995 1568 211 111 16427 5831 1357 594 5237 1270 245 349 5146 144 1976 268 187 1220 581 513 119 1785 591 322 3170 2671 335 499
is_linear=0
shrinkage=0.05


Tree=9
num_leaves=31
num_cat=0
split_feature=133 84 0 126 104 93 12 92 81 131 2 133 50 141 116 141 55 133 116 104 84 133 84 94 19 2 92 4 110 5
split_gain=0.184535 0.466759 0.162638 0.323381 0.0673029 0.0597342 0.054519 0.0569463 0.0351157 0.0501911 0.0273296 0.0261541 0.0888196 0.0187364 0.0104203 0.0198646 0.0102249 0.00801637 0.00773191 0.00744412 0.00738961 0.00768071 0.00738943 0.00638114 0.00924494 0.00610276 0.00970478 0.00595621 0.00519086 0.00411463
threshold=88.200000000000003 7.7500000000000018 0.21365000000000003 37.500000000000007 5.5500000000000016 271.04955235000006 0.076740456500000012 9.3500000000000032 46.550000000000004 100.41349836857042 0.00097368600000000008 84.075000000000017 1007.9500000000002 37.990000000000002 293.40074460000011 38.535000000000004 5.7720285500000452 55.255000000000003 276.15256585000003 11.050000000000004 7.5500000000000016 80.390000000000015 19.850000000000005 8.5000000000000018 -2.4285714285714278e-05 0.0055886015000000009 1.4500000000000004 0.00029107750000000005 17.150000000000002 6.4700000000000015
decision_type=2 2 2 2 2 2 2 2 2 2 2 2 2 2 2 2 2 2 2 2 2 2 2 2 2 2 2 2 2 2
left_child=2 28 4 5 6 -4 10 8 9 -8 11 14 -13 16 22 -16 25 18 -9 -5 -6 -22 27 24 -24 26 -12 -1 -2 -18
right_child=1 -3 3 19 20 -7 7 17 -10 -11 13 12 -14 -15 15 -17 29 -19 -20 -21 21 -23 23 -25 -26 -27 -28 -29 -30 -31
leaf_value=-0.0001105571617930857 -0.00013866502098052911 0.0056398786874670617 0.0018971148107135506 0.00048672986242757503 -0.00013751819413705636 0.0045041919000712895 -0.00032311689177212042 0 0.0024271502441215315 0.0015348546781619504 0 0.002155540478224346 -2.6196991800953178e-05 0.0010092164849064441 5.6513509554914179e-05 0.00099184518194333441 -7.9808507975609268e-05 -4.1845211236495597e-05 0.00075392059272243867 -9.604575791951539e-05 -2.2514299828425601e-05 0.00052857140003217636 5.8296310570050429e-05 -2.5968478997159498e-05 0.00083291522416818363 0.00015167126155179374 0.00082731724762633236 0 0.00046848272034996912 0.0001978814913008715
leaf_weight=2912 94 50 56 72 9329 55 55 80 50 87 61 60 180 83 480 66 260 188 83 196 644 68 122 177 69 183 141 2176 51 246
leaf_count=2912 94 50 56 72 9329 55 55 80 50 87 61 60 180 83 480 66 260 188 83 196 644 68 122 177 69 183 141 2176 51 246
internal_value=-1.10043e-06 0.0015246 -1.78241e-05 0.00100521 -3.99429e-05 0.00326223 7.02413e-05 0.000553518 0.00124745 0.000783026 3.31105e-05 -4.55634e-06 0.000505171 0.000279388 -2.58523e-05 0.000180323 0.000204742 0.000157263 0.000416251 4.31608e-05 -0.000125582 2.37724e-05 -4.74305e-05 0.000164911 0.000367055 0.000400474 0.000599386 -6.38004e-05 4.2383e-05 4.5457e-05
internal_weight=18374 195 18179 379 17800 111 7759 543 192 142 7216 6242 240 974 6002 546 891 351 163 268 10041 712 5456 368 191 385 202 5088 145 506
internal_count=18374 195 18179 379 17800 111 7759 543 192 142 7216 6242 240 974 6002 546 891 351 163 268 10041 712 5456 368 191 385 202 5088 145 506
is_linear=0
shrinkage=0.05


Tree=10
num_leaves=31
num_cat=0
split_feature=133 50 0 126 103 17 82 92 81 142 2 137 93 137 113 155 3 155 140 3 85 90 123 14 74 110 83 2 108 77
split_gain=0.216055 0.512433 0.181211 0.322374 0.0655929 0.0658062 0.0544708 0.0423268 0.0317429 0.0243336 0.0139212 0.0135617 0.0110239 0.0108648 0.0347587 0.0107447 0.0165332 0.00951579 0.0161183 0.0103491 0.0105399 0.0206103 0.0111519 0.00883932 0.00870584 0.00787567 0.00738295 0.00652091 0.00636438 0.00791916
threshold=88.200000000000003 1009.6500000000002 0.21365000000000003 37.500000000000007 1631.9500000000005 0.10030000000000001 18.206000000000007 11.150000000000004 55.050000000000004 167.49252060367738 0.0031384280000000004 0.055000000000000007 267.53124525000004 1.0000000180025095e-35 0.35000000000000003 0.006000000000000001 0.03267248100000001 0.68200000000000016 71.610000000000014 0.042303906000000009 281.19715975000003 23.424489795918372 -0.5 0.023353200500000001 16.078571428571433 23.550000000000004 18.350000000000005 0.0011514315000000002 279.90795445000009 275.03487280000007
decision_type=2 2 2 2 2 2 2 2 2 2 2 2 2 2 2 2 2 2 2 2 2 2 2 2 2 2 2 2 2 2
left_child=2 -2 4 6 5 8 -4 9 10 -7 17 -11 -3 14 -6 -12 -17 19 24 20 -1 22 -22 -21 -19 -25 -5 -9 29 -13
right_child=1 12 3 26 13 7 -8 27 -10 11 15 28 -14 -15 -16 16 -18 18 -20 23 21 -23 -24 25 -26 -27 -28 -29 -30 -31
leaf_value=-8.1077200360007336e-05 0.005971116303813224 0.00061483201806326047 0.0045486841109745645 -7.3598972425174207e-05 -2.1608279475498696e-05 0.00022336367309250591 0.0021091902703564199 -7.4862186639317475e-05 0.00092210421542186999 0.00024068088624535093 2.0106125467634424e-05 0.00139841222204268 -0.00023761340270916332 -0.00012223636491044617 0.0013551146801853296 0.0010115429190088912 6.0670662253266027e-05 0.00065057492704564263 0.00098095134328589958 3.8175489852078733e-05 0.00013339653509997421 -1.2554398600352139e-05 0.0013066977955653177 0.00075264301312854512 0 0 0.00052566111750131702 0.00031597973448933099 0.0019397188633760939 0.00056864077609498063
leaf_weight=4053 50 64 50 198 394 122 71 179 97 50 218 106 81 10349 50 100 106 57 59 532 50 291 53 99 356 71 65 215 51 79
leaf_count=4053 50 64 50 198 394 122 71 179 97 50 218 106 81 10349 50 100 106 57 59 532 50 291 53 99 356 71 65 215 51 79
internal_value=6.87497e-06 0.0016582 -1.07095e-05 0.00106206 -3.4275e-05 8.51837e-05 0.00318725 0.000511222 2.8665e-05 0.000869768 1.33515e-05 0.00112635 0.000106026 -0.000111596 0.000124889 0.000289555 0.000549071 -6.64138e-06 0.000206777 -2.72123e-05 -5.62023e-05 0.00018658 0.00079197 0.000149139 8.20005e-05 0.000464896 5.69979e-05 0.000126016 0.00129108 0.00107592
internal_weight=18316 195 18121 384 17737 6944 121 802 6142 408 6045 286 145 10793 444 424 206 5621 472 5149 4447 394 103 702 413 170 263 394 236 185
internal_count=18316 195 18121 384 17737 6944 121 802 6142 408 6045 286 145 10793 444 424 206 5621 472 5149 4447 394 103 702 413 170 263 394 236 185
is_linear=0
shrinkage=0.05


Tree=11
num_leaves=31
num_cat=0
split_feature=133 84 1 126 104 82 12 92 88 87 11 12 2 110 2 128 120 23 80 89 134 92 134 126 67 75 45 108 19 41
split_gain=0.195327 0.447967 0.163969 0.291857 0.055851 0.0487025 0.0461799 0.0476583 0.0265211 0.0248646 0.0182386 0.0428057 0.0129793 0.0113682 0.0108642 0.00876836 0.0085619 0.017989 0.00863357 0.0127712 0.0139457 0.0106459 0.00728834 0.00704416 0.00683068 0.00592919 0.00947165 0.00544895 0.00672086 0.0054089
threshold=88.200000000000003 8.9500000000000028 0.32127834050000009 37.500000000000007 5.8500000000000014 18.206000000000007 0.076740456500000012 9.3500000000000032 51.037500000000009 1.0000000180025095e-35 0.0016758371041666667 0.018957412500000003 0.00012382400000000003 18.850000000000005 0.00097368600000000008 10.581287651958503 272.25481575000009 17.174305555555559 18.787500000000005 33.750000000000007 6.3400000000000007 11.850000000000003 10.165000000000001 39.500000000000007 16.750000000000004 9.6500000000000004 80.500000000000014 280.51555955000009 0.0029428571428571394 90.500000000000014
decision_type=2 2 2 2 2 2 2 2 2 2 2 2 2 2 2 2 8 2 2 2 2 2 2 2 2 2 2 2 2 2
left_child=2 13 4 5 6 -4 8 9 10 12 16 -12 -8 -2 -13 -9 17 -1 21 20 -20 22 25 -17 -5 26 -19 28 -16 -6
right_child=1 -3 3 24 29 -7 7 15 -10 -11 11 14 -14 -15 27 23 -18 18 19 -21 -22 -23 -24 -25 -26 -27 -28 -29 -30 -31
leaf_value=0.00065338570656413731 -0.00016112029704412351 0.0056100170763538175 0.0043257092341196304 -6.720568647711611e-05 -0.00012239094284874003 0.0020051954078695012 6.2756288277271805e-06 -7.8300632837448466e-05 0.0010099464743415002 0.0021191395354357412 0.0012041273949124753 1.6994078633945404e-05 0.00116528669951325 0.00073594901923430519 0.00023578681846363935 0.00064494095827146748 -0.00012124024831698274 0.00022806676181798616 0.001066091255257454 -8.361662479853052e-05 0 -2.1263542124294721e-05 6.2549471998161898e-06 0 0.00051814632466255079 0.0001490731999373289 0.0012438052511715796 8.8448831240177037e-05 0.00077058770710301371 2.0803908697349406e-05
leaf_weight=106 94 50 50 201 9148 71 51 162 68 55 90 1619 68 51 273 117 1738 62 50 2215 81 397 126 84 62 91 59 332 98 647
leaf_count=106 94 50 50 201 9148 71 51 162 68 55 90 1619 68 51 273 117 1738 62 50 2215 81 397 126 84 62 91 59 332 98 647
internal_value=6.79194e-06 0.00157691 -9.91424e-06 0.00101053 -3.23441e-05 0.00303267 6.57881e-05 0.000513703 3.25659e-05 0.00119659 2.26896e-05 0.000135704 0.000714426 0.000123034 9.16391e-05 0.000170246 -3.16599e-05 1.56462e-05 -4.87746e-06 -5.32915e-05 0.000418329 0.000142721 0.000349574 0.000394715 5.32866e-05 0.000529161 0.000770463 0.000256175 0.000392188 -0.000112421
internal_weight=18316 195 18121 384 17737 121 7942 537 7405 174 7337 2412 119 145 2322 363 4925 3187 3081 2346 131 735 338 201 263 212 121 703 371 9795
internal_count=18316 195 18121 384 17737 121 7942 537 7405 174 7337 2412 119 145 2322 363 4925 3187 3081 2346 131 735 338 201 263 212 121 703 371 9795
is_linear=0
shrinkage=0.05


Tree=12
num_leaves=31
num_cat=0
split_feature=133 84 0 126 93 104 12 92 88 87 11 12 2 110 2 128 33 141 116 4 126 28 49 126 133 85 7 1 131 33
split_gain=0.176592 0.405095 0.148373 0.26477 0.0507652 0.0506573 0.0419031 0.0432698 0.0239511 0.0221736 0.0165111 0.0386282 0.0115975 0.0103019 0.00985688 0.00798308 0.00771297 0.0101261 0.013304 0.00711353 0.00684792 0.0175401 0.00640582 0.00638585 0.00613364 0.00955362 0.00547435 0.00493183 0.00546294 0.00919065
threshold=88.200000000000003 8.9500000000000028 0.21365000000000003 39.500000000000007 270.88586305000007 5.8500000000000014 0.076740456500000012 9.3500000000000032 51.037500000000009 1.0000000180025095e-35 0.0016758371041666667 0.018957412500000003 0.00012382400000000003 18.850000000000005 0.00097368600000000008 10.581287651958503 0.23977510294426296 38.660000000000004 292.90196695000003 0.0099214645000000028 46.500000000000007 7.0500000000000007 968.6500000000002 37.500000000000007 79.440000000000012 272.90790615000009 0.010800000000000002 3.6700000000000004e-05 92.98559840874789 -0.77452414259128555
decision_type=2 2 2 2 2 2 2 2 2 2 2 2 2 2 2 2 2 2 2 2 2 2 2 2 2 2 2 2 2 2
left_child=2 13 5 4 -4 6 8 9 10 12 16 -12 -8 -2 27 -9 24 20 -19 22 26 -22 -16 -17 -1 -26 -18 -13 -29 -30
right_child=1 -3 3 -5 -6 -7 7 15 -10 -11 11 14 -14 -15 19 23 17 18 -20 -21 21 -23 -24 -25 25 -27 -28 28 29 -31
leaf_value=-0.00012374999298544106 -0.00015314908213698994 0.0053350161812176899 0.0016509046149787616 5.5764824435300392e-06 0.0038773620891151953 -0.00010677472389974907 5.9678867154826286e-06 -7.4409621864474424e-05 0.00096018102475563466 0.0020150746564779965 0.0011445826707423183 0.0003992404911311951 0.0011078667765199814 0.00069985922217781016 5.0259784195077372e-05 0.00064190191580025752 -0.0001203522575266758 7.7712586774140904e-05 0.00096516108065316077 0 0.0009700250696210611 5.1013781757255889e-06 0.00047571841209155703 1.7201003474551007e-05 0.00051696768145775417 -0.00011160946009029793 4.1100524107451391e-05 -0.00011967384015562837 0.0004013662520768029 0
leaf_weight=2118 94 50 66 255 63 9795 51 162 68 55 90 79 68 51 159 107 1004 170 63 212 61 242 332 94 99 130 1038 611 172 757
leaf_count=2118 94 50 66 255 63 9795 51 162 68 55 90 79 68 51 159 107 1004 170 63 212 61 242 332 94 99 130 1038 611 172 757
internal_value=6.71889e-06 0.00149964 -9.15238e-06 0.000961531 0.00279817 -3.05022e-05 6.2938e-05 0.000489643 3.12569e-05 0.00114056 2.18364e-05 0.000129381 0.000681276 0.000115367 8.74039e-05 0.000161623 -2.98336e-05 2.83791e-05 0.000342133 0.000244154 -7.96839e-07 0.000218359 0.000348487 0.000376037 -9.58902e-05 0.000139461 -3.58544e-05 1.61449e-05 -5.09087e-07 7.25332e-05
internal_weight=18316 195 18121 384 129 17737 7942 537 7405 174 7337 2412 119 145 2322 363 4925 2578 233 703 2345 303 491 201 2347 229 2042 1619 1540 929
internal_count=18316 195 18121 384 129 17737 7942 537 7405 174 7337 2412 119 145 2322 363 4925 2578 233 703 2345 303 491 201 2347 229 2042 1619 1540 929
is_linear=0
shrinkage=0.05


Tree=13
num_leaves=31
num_cat=0
split_feature=133 50 0 126 77 104 12 92 81 126 81 139 91 0 126 2 33 81 94 141 2 73 63 128 24 101 84 92 137 136
split_gain=0.159656 0.397819 0.134427 0.239507 0.0468836 0.0459471 0.0380624 0.0392758 0.0260239 0.0287338 0.0197546 0.0143188 0.0568946 0.0143543 0.0153087 0.0103548 0.00996697 0.00961096 0.0202769 0.0095864 0.00908435 0.00824155 0.00776891 0.00728237 0.00598969 0.0150365 0.00573685 0.00489597 0.00890307 0.00407158
threshold=88.200000000000003 1009.6500000000002 0.21365000000000003 39.500000000000007 277.22330080000006 5.8500000000000014 0.076740456500000012 9.3500000000000032 55.050000000000004 27.500000000000004 41.150000000000013 86.062514532428807 16.550000000000004 0.025450000000000004 20.500000000000004 0.00012382400000000003 0.25053420168939533 32.850000000000001 7.5000000000000009 37.405000000000008 0.0035617145000000003 18.150000000000002 10.098900000000002 10.581287651958503 39.250000000000007 0.69071619999999723 10.250000000000002 7.5500000000000016 0.015000000000000001 0.34500000000000003
decision_type=2 2 2 2 2 2 2 2 2 2 2 2 2 2 2 2 2 2 2 2 2 2 2 2 2 2 2 2 2 2
left_child=2 -2 5 4 -4 6 8 10 11 -10 15 13 -13 16 19 -8 -1 -18 21 -15 29 -19 -3 -9 25 -14 -25 -7 -29 -20
right_child=1 22 3 -5 -6 27 7 23 9 -11 -12 12 24 14 -16 -17 17 18 20 -21 -22 -23 -24 26 -26 -27 -28 28 -30 -31
leaf_value=-0.0001117610390933379 0.0052257980718551323 -0.00022045447681323695 0.0039461240972227911 5.2987460560416359e-06 0.0017480972185730935 -0.0001119580515469178 5.6752296782528501e-06 -7.0711964791522085e-05 0.0016634871350520283 0 0.0019161201197338024 0.0014981355153431651 -2.6573958220978965e-05 0.00024518876257080779 1.0435377161183242e-05 0.0010532762348125487 -0.00013387783435381276 0.00097888395280129256 9.5576908094912181e-05 0.00087447052617439531 0.00067752741182350578 0.00024419360708190485 0.00050046720109613886 0.00054451353058779847 -7.9727597107330449e-05 0.00089674585131433555 0 0.00056381169073574714 -3.2539251169484762e-05 -5.5680870738880076e-05
leaf_weight=2537 50 83 50 255 79 9007 51 162 50 51 55 79 111 434 922 68 696 78 751 82 51 126 62 135 299 63 66 67 721 1075
leaf_count=2537 50 83 50 255 79 9007 51 162 50 51 55 79 111 434 922 68 696 78 751 82 51 126 62 135 299 63 66 67 721 1075
internal_value=6.6259e-06 0.00142616 -8.45163e-06 0.000915472 0.00266231 -2.87866e-05 6.01857e-05 0.0004669 2.99572e-05 0.000824218 0.00108728 1.81783e-05 0.000262835 -1.1188e-06 0.0001382 0.00064976 -3.9779e-05 2.41988e-05 7.95087e-05 0.00035636 2.51292e-05 0.0005529 5.48716e-05 0.000153622 4.3243e-05 0.000282374 0.000358636 -0.000101437 1.24789e-05 3.81019e-06
internal_weight=18316 195 18121 384 129 17737 7942 537 7405 101 174 7304 552 6752 1438 119 5314 2777 2081 516 1877 204 145 363 473 174 201 9795 788 1826
internal_count=18316 195 18121 384 129 17737 7942 537 7405 101 174 7304 552 6752 1438 119 5314 2777 2081 516 1877 204 145 363 473 174 201 9795 788 1826
is_linear=0
shrinkage=0.05


Tree=14
num_leaves=31
num_cat=0
split_feature=133 50 0 105 103 10 93 92 81 135 137 138 2 155 3 113 137 156 93 75 27 4 4 83 125 6 128 3 81 41
split_gain=0.144348 0.359762 0.121837 0.216117 0.0459117 0.0531206 0.0370814 0.0333103 0.0232501 0.0140398 0.0118503 0.0368766 0.0104484 0.0123662 0.015958 0.0103814 0.0102792 0.00897216 0.00870968 0.00848259 0.0125569 0.00699105 0.00681801 0.00636166 0.00573101 0.00859255 0.00517923 0.00337394 0.00332095 0.00519358
threshold=88.200000000000003 1009.6500000000002 0.21365000000000003 17.500000000000004 1475.3500000000001 16.980000000000004 270.88586305000007 11.150000000000004 55.050000000000004 64.225000000000009 0.015000000000000001 2.77 0.0031384280000000004 0.006000000000000001 0.03267248100000001 0.8500000000000002 0.055000000000000007 0.060000000000000005 267.53124525000004 8.8500000000000032 1335.6500000000003 0.019435266500000003 0.00045815750000000006 18.950000000000003 2.5000000000000004 0.00030833333333333337 10.581287651958503 0.052576056500000003 39.850000000000001 44.500000000000007
decision_type=2 2 2 2 2 2 2 2 2 2 2 2 2 2 2 2 2 2 2 2 2 2 2 2 2 2 2 2 2 2
left_child=2 -2 4 6 5 8 -4 9 12 16 11 -6 17 27 -15 -13 -7 -1 -3 20 -19 24 -18 -5 -21 -26 -9 -14 -22 -30
right_child=1 18 3 23 10 7 -8 26 -10 -11 -12 15 13 14 -16 -17 22 19 -20 21 28 -23 -24 -25 25 -27 -28 -29 29 -31
leaf_value=-0.0001018923910210868 0.0049696316749460127 0.00050976456306838934 0.0014953585306246731 -6.9061367621179668e-05 0.0012168886472988846 0.00017280570735844474 0.0035249269127962182 -2.0050808829198529e-05 0.00080620946505037625 0.00021930007669159702 -0.00010063731593381388 -6.298642054656545e-05 -0.00019672606155945687 0.0010700537609347307 1.020572813414921e-05 0.00057916367281206371 0.0017071297467139502 0.00081667335622478271 -0.00025317073939687564 -2.4542140466466935e-05 0 0.00051814807021918785 0.00089187502510753235 0.00048643776097433703 -4.0304367451908011e-05 0.00068020461956621149 0.00035155636816574251 0.00019585472402422585 0.00057396481991132443 0
leaf_weight=1681 50 64 57 199 66 50 63 228 93 106 10718 707 99 84 78 68 55 79 81 2571 236 64 198 65 67 73 136 118 77 85
leaf_count=1681 50 64 57 199 66 50 63 228 93 106 10718 707 99 84 78 68 55 79 81 2571 236 64 198 65 67 73 136 118 77 85
internal_value=6.48424e-06 0.00135625 -7.83876e-06 0.000871737 -2.72112e-05 8.24016e-05 0.00262253 0.000470197 2.59391e-05 0.000781367 -8.62311e-05 9.13295e-05 1.11883e-05 0.000264197 0.000593625 0 0.000960183 -7.28651e-06 5.05116e-05 4.00957e-05 0.000234895 4.73764e-06 0.00109481 5.01608e-05 -5.72564e-06 0.000302088 0.000105676 0 0.000105127 0.000279263
internal_weight=18316 195 18121 384 17737 6178 120 773 5405 409 11559 841 5312 379 162 775 303 4933 145 3252 477 2775 253 264 2711 140 364 217 398 162
internal_count=18316 195 18121 384 17737 6178 120 773 5405 409 11559 841 5312 379 162 775 303 4933 145 3252 477 2775 253 264 2711 140 364 217 398 162
is_linear=0
shrinkage=0.05


Tree=15
num_leaves=31
num_cat=0
split_feature=133 50 1 61 126 103 3 13 33 2 74 141 84 140 82 73 1 81 73 94 61 137 138 114 15 131 43 4 112 25
split_gain=0.112695 0.286568 0.105446 0.210976 0.0411125 0.0405843 0.0360824 0.026112 0.0207428 0.0164734 0.0160708 0.0129584 0.0120903 0.0305909 0.0108257 0.022105 0.0261652 0.00987866 0.00703004 0.0101369 0.0156362 0.00695191 0.0183369 0.00599307 0.0203707 0.0289147 0.00509027 0.00434118 0.00431392 0.0134821
threshold=88.200000000000003 1012.4500000000002 0.32127834050000009 163.25000000000003 42.500000000000007 1660.9500000000003 0.084415223500000011 0.0023272837500000003 -0.62471084373747499 0.0031384280000000004 22.278571428571436 35.815000000000005 17.050000000000004 71.610000000000014 20.214000000000002 34.250000000000007 0.042698144000000007 38.95000000000001 36.350000000000001 14.500000000000002 475.25000000000006 0.055000000000000007 2.77 14.450000000000001 0.00092500000000000015 45.987773228168656 0.38050000000000006 0.00014904350000000005 288.31147770000001 5.5000000000000009
decision_type=2 2 2 2 2 2 2 2 2 2 2 2 2 2 2 2 2 2 2 2 2 2 2 2 2 2 2 2 2 2
left_child=2 -2 5 -4 -5 6 9 8 11 12 -9 -8 17 -14 -11 16 -16 28 19 20 27 22 -7 -24 -25 -26 -21 -19 -1 -30
right_child=1 -3 3 4 -6 21 7 10 -10 14 -12 -13 13 -15 15 -17 -18 18 -20 26 -22 -23 23 24 25 -27 -28 -29 29 -31
leaf_value=-0.00011000292333857514 0.0042967174690285775 0 0.0035446767164394261 0.0013097514687726896 -1.0137436412285332e-05 0.0008593652698976658 0.00019438690593133389 0.0015462682253778708 5.6399596099687548e-05 -2.3773952575730861e-05 0.00034806540917200704 0.00083990081515336937 5.8707402169959802e-05 0.0012215095678424295 0.0017401109140649041 -3.9727076322091504e-05 0.00037813450461594649 0.00036270751284186065 -6.8237757882762032e-05 1.3714543238311386e-05 0.0011628534144931888 -0.0001054327338341078 -0.00010098063687892826 -7.9974282383575199e-05 0.0014208356223008153 0 0.00053059158639091322 -6.4847224464217474e-05 0.00073341615428034867 -8.5563157854577615e-05
leaf_weight=2775 53 136 59 74 243 60 181 67 698 141 72 181 442 66 55 113 137 126 716 936 55 9117 947 348 62 78 51 80 63 204
leaf_count=2775 53 136 59 74 243 60 181 67 698 141 72 181 442 66 55 113 137 126 716 936 55 9117 947 348 62 78 51 80 63 204
internal_value=3.48986e-06 0.00121507 -8.91945e-06 0.000818139 0.000285402 -2.67448e-05 6.48418e-05 0.000315182 0.000224 1.35964e-05 0.00096825 0.000532343 -9.18868e-06 0.000221706 0.00030587 0.000474183 0.000801185 -3.36577e-05 5.21353e-05 0.000125198 0.000404317 -8.90018e-05 7.86088e-06 -2.48338e-05 0.000112614 0.000623966 4.59932e-05 0.000173001 -9.06901e-05 9.1038e-05
internal_weight=18336 189 18147 376 317 17771 7159 1199 1060 5960 139 362 5514 508 446 305 192 5006 1964 1248 261 10612 1495 1435 488 140 987 206 3042 267
internal_count=18336 189 18147 376 317 17771 7159 1199 1060 5960 139 362 5514 508 446 305 192 5006 1964 1248 261 10612 1495 1435 488 140 987 206 3042 267
is_linear=0
shrinkage=0.05


Tree=16
num_leaves=31
num_cat=0
split_feature=133 84 0 61 94 103 3 13 33 33 2 84 139 131 103 74 0 81 14 3 93 15 131 114 133 32 63 82 129 131
split_gain=0.101824 0.264359 0.0952852 0.190693 0.0370629 0.0367934 0.0322067 0.0236079 0.0191659 0.0155823 0.0145714 0.0109394 0.0361214 0.0100699 0.00984791 0.0121294 0.0138242 0.00898623 0.00770863 0.00677785 0.00611034 0.00559052 0.0240028 0.0561007 0.00541632 0.00479073 0.00628516 0.00570788 0.00480971 0.00444166
threshold=88.200000000000003 6.8500000000000023 0.21365000000000003 163.25000000000003 14.500000000000002 1690.8500000000001 0.084415223500000011 0.0023272837500000003 -0.62471084373747499 0.74023024549287231 0.0031384280000000004 17.050000000000004 86.716077848590643 129.04709205156436 799.25 28.321428571428577 0.023950000000000003 38.95000000000001 0.021183272000000003 0.19841621750000002 265.77285665000005 0.00092500000000000015 33.845472724088289 14.450000000000001 23.815000000000001 14.350000000000003 8.4780000000000033 22.814000000000004 5.5000000000000009 47.941443957701061
decision_type=2 2 2 2 2 2 2 2 2 2 2 2 2 2 2 2 2 2 2 2 2 2 2 2 2 2 2 2 2 2
left_child=2 -2 5 -4 -5 6 10 8 13 -9 11 17 -13 -8 -12 16 -16 -1 -18 -15 -19 -7 23 -23 29 26 27 28 -26 -22
right_child=1 -3 3 4 -6 21 7 9 -10 -11 14 12 -14 19 15 -17 18 20 -20 -21 24 22 -24 -25 25 -27 -28 -29 -30 -31
leaf_value=-8.6422520354237096e-05 0 0.0042343730930188752 0.0033703966986698415 -1.9290702630769376e-05 0.001210945356354306 -0.0001093684965306734 8.4318695457501444e-05 0.00041104139493296996 5.1831095983502097e-05 0.0016070943589597431 -0.00014931722681804595 5.8126063208911533e-05 0.0014478586315735296 0.00043300552883105315 0.0011498781615138099 -2.0995220011082881e-05 5.2632817403486443e-05 -8.0792832320498325e-05 0.00080400751205161229 0.0010888800862653371 0.00041992180821625143 -3.103385436184976e-05 -7.4516513163912367e-05 0.0014250853033635118 4.6729632719137445e-05 -1.8188099413496924e-05 0.00075812215894984544 6.6364719351005524e-05 0.00075155163826426169 -2.3663346255732054e-05
leaf_weight=3087 139 50 59 239 78 7389 121 88 724 54 88 487 52 153 80 100 132 594 55 88 60 213 2776 91 60 139 67 325 75 673
leaf_count=3087 139 50 59 239 78 7389 121 88 724 54 88 487 52 153 80 100 132 594 55 88 60 213 2776 91 60 139 67 325 75 673
internal_value=3.47144e-06 0.00115514 -8.31066e-06 0.000777875 0.00027055 -2.5269e-05 6.04708e-05 0.000294085 0.000208333 0.000908901 1.23766e-05 -8.81975e-06 0.000203893 0.000506557 0.00028455 0.000402294 0.000578973 -3.24088e-05 0.000303322 0.000696666 4.87481e-05 -8.55491e-05 -2.67659e-05 0.000391694 0.00010734 0.000210809 0.000280598 0.000198706 0.000477709 6.35713e-06
internal_weight=18336 189 18147 376 317 17771 7302 1228 1086 142 6074 5619 539 362 455 367 267 5080 187 241 1993 10469 3080 304 1399 666 527 460 135 733
internal_count=18336 189 18147 376 317 17771 7302 1228 1086 142 6074 5619 539 362 455 367 267 5080 187 241 1993 10469 3080 304 1399 666 527 460 135 733
is_linear=0
shrinkage=0.05


Tree=17
num_leaves=31
num_cat=0
split_feature=0 126 139 36 84 128 126 126 0 114 104 131 81 2 120 134 161 3 136 140 101 161 84 53 137 74 136 75 11 74
split_gain=0.0833787 0.172585 0.0461349 0.170169 0.0440926 0.0770007 0.0331899 0.026902 0.0354623 0.0213194 0.0354153 0.0144677 0.0128479 0.0166353 0.0124942 0.0114666 0.00958031 0.0086522 0.006844 0.00843367 0.00869966 0.00773156 0.00627732 0.00614181 0.00432996 0.0151587 0.00430045 0.00369891 0.00363867 0.00349603
threshold=0.21365000000000003 19.500000000000004 85.299518965764761 284.60964925000007 7.7500000000000018 9.1980520126980121 41.500000000000007 35.500000000000007 0.052550000000000006 33.050000000000004 0.75000000000000011 129.04709205156436 38.95000000000001 0.0035617145000000003 271.40388415000007 4.285000000000001 0.45918367346938782 0.19841621750000002 0.34500000000000003 9.3350000000000026 -1.3566121999999721 0.29591836734693883 19.750000000000004 205.50000000000003 1.0000000180025095e-35 19.30714285714286 0.41500000000000004 8.7500000000000018 0.0006869070694444445 17.521428571428576
decision_type=2 2 2 2 2 2 2 2 2 2 2 2 2 2 10 2 2 2 2 2 2 2 2 2 2 2 2 2 2 2
left_child=2 -2 7 4 9 -6 -3 8 12 24 -11 26 23 18 -13 -7 -15 -16 19 -14 -21 -22 -9 -1 25 -4 -10 -20 -23 -24
right_child=1 6 3 -5 5 15 -8 22 11 10 -12 14 13 16 17 -17 -18 -19 27 20 21 28 29 -25 -26 -27 -28 -29 -30 -31
leaf_value=-9.7326464621872954e-05 0.0031819846293388975 0.0012131677605211734 -0.00013394511882489245 0.0028199985236255264 0.0021152113252901473 -2.8425478155694607e-05 -8.0211155613318101e-07 -8.6226401696026279e-05 -4.003829345616542e-05 0 0.0016020088874787654 0.00022837311029695975 0 0.0011655931917362308 0.00046330433952145663 0.0006972175159294298 0.00010550886701215252 0.0011124411195354616 0.00025570760927502251 0 0.0011089531288651581 0 0.00046562245887463708 0.0003292325161265877 -0.00014810374313950101 0.0005859053224909562 0.00032495938975645225 -5.7341994490548497e-05 0.0005292942700012086 3.0321389313837173e-05
leaf_weight=2201 60 69 248 61 71 146 247 11066 223 85 52 270 282 56 177 76 53 114 102 94 54 65 56 82 701 100 112 873 90 450
leaf_count=2201 60 69 248 61 71 146 247 11066 223 85 52 270 282 56 177 76 53 114 102 94 54 65 56 82 701 100 112 873 90 450
internal_value=3.4816e-06 0.000739586 -1.1691e-05 0.000249478 0.000138247 0.000686403 0.000251492 -3.65037e-05 6.1791e-05 0 0.000586582 0.000345641 -1.36993e-06 0.000102737 0.000502292 0.000199584 0.000701239 0.000737667 5.72934e-05 0.000193198 0.000375906 0.000555089 -7.81174e-05 -7.96789e-05 -7.44235e-05 5.96679e-05 6.77138e-05 -1.92408e-05 0.000324207 8.91823e-05
internal_weight=18336 376 17960 1540 1479 293 316 16420 4848 1186 137 896 3952 1669 561 222 109 291 1560 585 303 209 11572 2283 1049 348 335 975 155 506
internal_count=18336 376 17960 1540 1479 293 316 16420 4848 1186 137 896 3952 1669 561 222 109 291 1560 585 303 209 11572 2283 1049 348 335 975 155 506
is_linear=0
shrinkage=0.05


Tree=18
num_leaves=31
num_cat=0
split_feature=133 50 0 61 126 103 10 92 15 81 81 137 96 131 99 75 84 89 133 116 111 19 15 82 137 138 114 15 131 128
split_gain=0.0871642 0.229206 0.0778505 0.156678 0.0319126 0.030432 0.0271564 0.0222696 0.0134963 0.0126233 0.0106687 0.0172269 0.0139432 0.00939171 0.00798056 0.00790829 0.00695849 0.00762134 0.00772151 0.00641443 0.0088962 0.0100542 0.00965186 0.0108746 0.00554641 0.0149779 0.00514806 0.0115748 0.0269328 0.00466819
threshold=88.200000000000003 1012.4500000000002 0.21365000000000003 149.90000000000001 41.500000000000007 1660.9500000000003 16.980000000000004 10.050000000000002 0.0006895833333333335 45.45000000000001 38.95000000000001 1.0000000180025095e-35 51.187500000000007 129.04709205156436 2.8000000000000118 18.350000000000005 8.6500000000000039 33.650000000000013 80.390000000000015 285.98183045000002 5.1500000000000012 -0.00045714285714285675 0.00042708333333333341 29.692000000000004 0.065000000000000016 2.77 14.450000000000001 0.00092500000000000015 45.987773228168656 10.581287651958503
decision_type=2 2 2 2 2 2 2 2 2 2 2 2 2 2 2 2 2 2 2 2 2 2 2 2 2 2 2 2 2 2
left_child=2 -2 5 -4 -5 6 10 8 13 14 16 -12 15 -8 -10 19 -1 18 -18 20 -13 22 23 -22 25 -7 -27 -28 -29 -9
right_child=1 -3 3 4 -6 24 7 29 9 -11 11 12 -14 -15 -16 -17 17 -19 -20 -21 21 -23 -24 -25 -26 26 27 28 -30 -31
leaf_value=-6.9737868603997186e-05 0.0038252415658078264 0 0.0031017577092781472 0.0011697189356774499 -7.6216732886971357e-07 0.00077457509200149757 2.7034260549160225e-05 -3.6254997825794114e-05 6.611412482372681e-06 0.0016561555436311647 0.00082598974519351026 0.00090036814839270212 0.00085826031757668328 0.00071320192029356564 0.00099978692144296068 -6.1965049828932396e-05 0.00012335911878550134 2.9733231328283546e-06 0.00092787735283719481 3.2915840290997881e-05 0.0013006128388870922 0 3.3650488151649302e-05 0.00021518461967141115 -9.264202533148959e-05 -8.9597112750994118e-05 -5.8180626472781286e-05 0.0012599456158932298 0 0.00026054450032612897
leaf_weight=2957 53 136 57 72 247 60 140 283 50 53 79 51 55 94 52 900 120 568 50 931 53 340 103 65 8887 1082 381 62 140 215
leaf_count=2957 53 136 57 72 247 60 140 283 50 53 79 51 55 94 52 900 120 568 50 931 53 340 103 65 8887 1082 381 62 140 215
internal_value=3.47887e-06 0.00106903 -7.40161e-06 0.000703189 0.000250626 -2.27564e-05 5.64997e-05 0.000315659 0.000600832 0.00097922 1.90072e-05 9.7586e-05 7.22279e-05 0.000325813 0.000566271 5.2142e-05 -3.44547e-05 0.000100054 0.000393264 0.000121934 0.00024892 0.000179304 0.000441148 0.000751557 -7.6695e-05 2.57116e-06 -2.26958e-05 9.28466e-05 0.000401219 8.21266e-05
internal_weight=18336 189 18147 376 319 17771 7159 887 389 155 6272 2577 2498 234 102 2443 3695 738 170 1543 612 561 221 118 10612 1725 1665 583 202 498
internal_count=18336 189 18147 376 319 17771 7159 887 389 155 6272 2577 2498 234 102 2443 3695 738 170 1543 612 561 221 118 10612 1725 1665 583 202 498
is_linear=0
shrinkage=0.05


Tree=19
num_leaves=31
num_cat=0
split_feature=133 84 0 61 126 103 6 133 81 156 126 141 135 128 36 120 23 112 135 115 89 132 126 138 133 7 6 116 93 114
split_gain=0.0786447 0.20974 0.0703299 0.141617 0.0289792 0.0277841 0.0225893 0.0246503 0.062181 0.0523815 0.0132249 0.0200464 0.0149984 0.0111723 0.00979936 0.00594697 0.00895264 0.0126791 0.0107582 0.00671162 0.00639863 0.0143032 0.00465281 0.00501233 0.00586042 0.00902972 0.00432686 0.00397031 0.00366907 0.0034964
threshold=88.200000000000003 6.8500000000000023 0.21365000000000003 149.90000000000001 42.500000000000007 1954.5500000000002 0.0035847222222222226 80.390000000000015 34.95000000000001 0.38000000000000006 26.500000000000004 35.180000000000007 47.660000000000004 10.110034132736219 272.69213105000006 272.64937150000009 18.550694444444449 282.10680840000003 29.415000000000003 13.350000000000003 33.650000000000013 1.5000000000000002 34.500000000000007 5.3600000000000003 23.815000000000001 0.012900000000000002 0.021504166666666668 293.40074460000011 267.55637230000008 32.750000000000007
decision_type=2 2 2 2 2 2 2 2 2 2 2 2 2 2 2 10 2 2 2 2 2 2 2 2 2 2 2 2 2 2
left_child=2 -2 5 -4 -5 6 15 10 14 -10 11 28 13 -13 -9 16 17 -1 -19 -20 21 -18 23 24 -22 27 -12 -26 -8 -17
right_child=1 -3 3 4 -6 -7 7 8 9 -11 26 12 -14 -15 -16 29 20 18 19 -21 22 -23 -24 -25 25 -27 -28 -29 -30 -31
leaf_value=-2.7568855350375439e-05 0 0.0037582717451333141 0.0029493437529288652 0.0010839602172785959 -1.0106751823007128e-05 -8.2513171802104648e-05 0.00047243282424980345 -0.000231143092866987 0.0026970784144941719 0.0003819047235595201 -2.1039179011120309e-05 7.0095508102718048e-05 0.0012535158861709502 0.00059380414718545325 0.00054049160646620119 -0.00011258436037023237 0.00087541611733740862 0.00011637668269395363 0.00035928469290205791 0.001316056619706454 0 -1.8792988580414733e-05 -0.00010203036089392344 -6.5133466738051841e-05 -1.4094983045269096e-05 0.00068249877798662057 0.00038653453202534691 0.00045566020747679029 4.1087194722170694e-05 0.00012514767394847395
leaf_weight=225 139 50 57 76 243 9113 55 124 51 58 1484 225 57 232 60 1785 63 129 61 50 378 115 1326 676 170 99 67 53 966 149
leaf_count=225 139 50 57 76 243 9113 55 124 51 58 1484 225 57 232 60 1785 63 129 61 50 378 115 1326 676 170 99 67 53 966 149
internal_value=3.53687e-06 0.00101568 -6.78443e-06 0.000668596 0.000237497 -2.13923e-05 4.23652e-05 0.000143488 0.00058455 0.00152528 9.98155e-05 0.000203834 0.000460004 0.000347594 0 -2.14295e-05 1.76795e-05 0.000221659 0.000475201 0.000842808 -1.35846e-05 0.000272886 -3.44002e-05 2.71681e-05 0.000123403 0.000280016 0 7.67652e-05 6.96551e-05 -9.16297e-05
internal_weight=18336 189 18147 376 319 17771 8658 3379 293 109 3086 1535 514 457 184 5279 3345 465 240 111 2880 178 2702 1376 700 322 1551 223 1021 1934
internal_count=18336 189 18147 376 319 17771 8658 3379 293 109 3086 1535 514 457 184 5279 3345 465 240 111 2880 178 2702 1376 700 322 1551 223 1021 1934
is_linear=0
shrinkage=0.05


Tree=20
num_leaves=31
num_cat=0
split_feature=0 126 103 13 92 86 2 139 50 22 126 2 131 43 73 6 116 43 135 2 119 24 3 120 155 75 23 83 32 104
split_gain=0.0698571 0.125691 0.0333321 0.0374096 0.0300121 0.0298684 0.0178845 0.0197699 0.0951705 0.0744732 0.0148839 0.013187 0.0158681 0.0131668 0.0115553 0.00853502 0.00468814 0.0144453 0.00420926 0.00374897 0.00585673 0.00421831 0.00410822 0.00657338 0.00457993 0.0100957 0.00598082 0.0155491 0.00295421 0.00291556
threshold=0.21365000000000003 39.500000000000007 1967.8000000000004 0.0039296913055555565 13.750000000000005 2.5000000000000004 0.00097368600000000008 86.716077848590643 1007.35 55.500000000000007 26.500000000000004 0.0055886015000000009 34.954889260841185 0.39250000000000007 21.350000000000005 0.021504166666666668 293.40074460000011 0.37450000000000006 2.2700000000000005 0.00026399350000000003 6.4500000000000011 50.500000000000007 0.10097021400000002 274.59349355000006 0.14600000000000005 7.8500000000000005 17.759722222222226 20.950000000000003 11.250000000000002 14.350000000000003
decision_type=2 2 2 2 2 2 2 2 2 2 2 2 2 2 2 2 2 2 2 2 10 2 2 10 2 2 2 2 2 2
left_child=2 5 3 6 -5 -2 7 15 9 -9 11 12 -8 14 -14 16 19 -18 -12 22 -21 -22 24 -24 -1 -26 27 -27 -15 -3
right_child=1 29 -4 4 -6 -7 10 8 -10 -11 18 -13 13 28 -16 -17 17 -19 -20 20 21 -23 23 -25 25 26 -28 -29 -30 -31
leaf_value=-9.3245689707602329e-05 0.0029296336536679198 0.00021850803575377867 -7.7150179003000023e-05 0.0002564211133041329 0.0018549946000298496 0.0011950057128246273 -6.0070642873817574e-05 0.0030400011419745472 -5.5412781334396933e-05 0.00022967650848309032 0.00042858629787336286 8.0790153253959345e-05 0.00056744580569146404 0.00050669165045864829 0.0014932182296008038 0.00053584396918065775 3.6598198000022334e-05 0.00093182993453571261 0 0.00051419583390318289 0.00028848263998919983 -6.8697360100259978e-05 0 0.0004376902882047164 0.00069570437618691073 0 -4.8605335255659151e-05 0.00077984047005974174 0 -0.00011874470991354925
leaf_weight=2772 50 105 9157 92 50 86 61 50 331 52 64 224 102 53 84 71 534 50 571 75 111 288 345 111 50 298 2166 80 54 157
leaf_count=2772 50 105 9157 92 50 86 61 50 331 52 64 224 102 53 84 71 534 50 571 75 111 288 345 111 50 298 2166 80 54 157
internal_value=4.05847e-06 0.000658589 -1.02546e-05 5.92693e-05 0.0008633 0.00188596 4.53085e-05 1.53382e-05 0.000342894 0.00167197 0.000223467 0.000408074 0.000600273 0.000754495 0.00101802 -4.3934e-06 -1.07722e-05 0.000123254 4.71926e-05 -2.40157e-05 0.000108496 1.86413e-05 -3.56796e-05 0.000104836 -4.85695e-05 0 -1.47674e-05 0.000165553 0.000244916 0
internal_weight=18294 398 17896 8739 142 136 8597 7384 433 102 1213 578 354 293 186 6951 6880 584 635 6296 474 399 5822 456 5366 2594 2544 378 107 262
internal_count=18294 398 17896 8739 142 136 8597 7384 433 102 1213 578 354 293 186 6951 6880 584 635 6296 474 399 5822 456 5366 2594 2544 378 107 262
is_linear=0
shrinkage=0.05


Tree=21
num_leaves=31
num_cat=0
split_feature=0 126 133 49 77 126 2 126 141 133 96 6 12 137 29 75 43 33 43 115 110 88 161 21 108 12 0 93 128 92
split_gain=0.0632372 0.113859 0.0543628 0.144419 0.0258973 0.0226183 0.0153002 0.0158812 0.0159154 0.0148192 0.0230353 0.0141125 0.0104125 0.007542 0.00737147 0.00662768 0.0205217 0.00659619 0.007905 0.0260442 0.00622144 0.0058003 0.00910592 0.00558628 0.00478956 0.00401872 0.00380911 0.00651727 0.00520822 0.0034864
threshold=0.21365000000000003 39.500000000000007 88.200000000000003 977.85000000000002 277.22330080000006 63.500000000000007 0.00097368600000000008 25.500000000000004 36.805000000000007 80.210000000000022 32.812500000000007 0.0053625000000000001 0.096316070500000003 0.99500000000000011 48.800000000000004 9.2500000000000018 0.39750000000000008 0.41896742557647398 0.37850000000000006 14.350000000000003 14.850000000000003 31.837500000000006 0.11224489795918369 0.52083333333333337 288.31147770000001 0.024166077500000004 0.025450000000000004 271.02330865000005 9.8407074829961925 11.650000000000004
decision_type=2 2 2 2 2 2 2 2 2 2 2 2 2 2 2 2 2 2 2 2 2 2 2 2 2 2 2 2 2 2
left_child=2 4 5 -4 -2 6 9 8 13 12 -11 24 17 -8 20 -10 -17 26 21 -20 -15 -19 -23 25 -12 -9 -1 -28 -29 -24
right_child=1 -3 3 -5 -6 -7 7 23 15 10 11 -13 -14 14 -16 16 -18 18 19 -21 -22 22 29 -25 -26 -27 27 28 -30 -31
leaf_value=-7.8330415576087422e-05 0.0026986852521908335 0 0.0031074059771958231 0 0.0010949735240492595 -7.7974951674479777e-05 -2.6358715205777981e-05 0.00034131918234185725 0.00032365454488514367 0.0011845892226518763 -9.4025244418642412e-05 0.00073388468242792675 0.00067958076077047737 0.0010612863363672253 0 0.0017964783545847661 0.00032708164121364604 -0.0001082506952399263 0 0.0011550518038092744 0.00020940435539924313 0.00062341872537763268 0.00011213755364553945 -0.00011213780927340624 0.00037511739727811639 3.3613349642160349e-05 -5.9979038279980629e-05 -6.3713821193276266e-05 0.0003585070714142682 -2.1312730935002657e-05
leaf_weight=3544 55 262 50 129 81 8445 180 182 84 61 287 78 53 53 56 51 64 695 199 66 68 69 843 319 66 359 541 82 218 1054
leaf_count=3544 55 262 50 129 81 8445 180 182 84 61 287 78 53 53 56 51 64 695 199 66 68 69 843 319 66 359 541 82 218 1054
internal_value=4.06383e-06 0.000626815 -9.54079e-06 0.000854422 0.00179499 -1.85996e-05 3.49433e-05 0.000186313 0.000395562 7.00306e-06 0.000272769 0.0001297 -1.01089e-05 0.000176369 0.000409612 0.000760939 0.0010317 -1.58848e-05 4.12763e-05 0.000302105 0.000629167 1.33193e-05 5.88706e-05 4.49223e-05 0 0.000146794 -5.51676e-05 3.648e-05 0.00022666 3.53842e-05
internal_weight=18294 398 17896 179 136 17717 9272 1416 556 7856 492 431 7364 357 177 199 115 7311 2926 265 121 2661 1966 860 353 541 4385 841 300 1897
internal_count=18294 398 17896 179 136 17717 9272 1416 556 7856 492 431 7364 357 177 199 115 7311 2926 265 121 2661 1966 860 353 541 4385 841 300 1897
is_linear=0
shrinkage=0.05


Tree=22
num_leaves=31
num_cat=0
split_feature=0 61 103 93 90 10 90 103 88 30 44 15 84 131 29 115 23 44 2 0 124 7 81 135 128 36 29 114 24 119
split_gain=0.057356 0.103414 0.0278089 0.0324509 0.0782467 0.020946 0.0195186 0.0153886 0.0128337 0.0127673 0.0125665 0.0146937 0.0124612 0.0482902 0.0073315 0.00631023 0.0189852 0.0169703 0.0077434 0.00780782 0.004225 0.00404537 0.00399878 0.00395482 0.0036631 0.00350572 0.00423844 0.00617175 0.00269129 0.00280768
threshold=0.21365000000000003 194.55000000000004 1967.8000000000004 262.97237420000005 21.813265306122453 16.980000000000004 26.347959183673474 1203.0000000000002 51.037500000000009 -0.39714285714285813 687.50000000000011 0.0006895833333333335 20.650000000000006 33.215842738206554 49.250000000000007 13.050000000000002 17.979166666666668 767.50000000000011 0.0023607900000000002 0.019050000000000004 0.91597561503675351 0.12925000000000003 43.95000000000001 0.25000000000000006 10.650483037778512 275.20394130000005 23.800000000000001 30.550000000000004 51.150000000000013 6.4500000000000011
decision_type=2 2 2 2 2 2 2 2 2 2 2 2 2 2 2 2 2 2 2 2 2 2 2 2 2 2 2 2 2 10
left_child=2 -2 3 4 -1 8 -3 10 12 -9 22 14 15 -14 -12 23 17 -17 25 -20 -15 -13 24 -5 -7 26 27 -18 -25 -30
right_child=1 6 -4 5 -6 7 -8 9 -10 -11 11 21 13 20 -16 16 18 -19 19 -21 -22 -23 -24 28 -26 -27 -28 -29 29 -31
leaf_value=0.0023491368605307521 0.0023050864997211438 0 -7.0059442586021761e-05 0.00023960510838389956 -8.6273774213623257e-05 -0.00015434249151134163 0.00088379174164390263 -2.9674854465920366e-05 0.00078695346324546441 0.00067635211647737187 -4.563086338528206e-05 0.00062123465362185642 0.0016783514129050639 0 0.0005464374465949368 0.0012392055133327109 0.00063788883367626341 2.3445397683745896e-05 0.00069193276954861063 7.7818790710390331e-05 0.0003860605257517797 0.0014309253942830346 0.00046850482535008939 -9.1869225156829905e-05 0.00033306049271854331 -8.596242120527216e-05 1.397378123912727e-06 0 0.00033886972150029912 -8.5943156833915667e-06
leaf_weight=51 72 248 9157 98 80 118 78 499 52 71 65 66 52 356 124 60 66 71 77 230 82 64 62 2753 56 1081 1853 84 62 506
leaf_count=51 72 248 9157 98 80 118 78 499 52 71 65 66 52 356 124 60 66 71 77 230 82 64 62 2753 56 1081 1853 84 62 506
internal_value=4.00877e-06 0.000597101 -8.93461e-06 5.45425e-05 0.000834598 4.1995e-05 0.000198691 0.000243268 1.10389e-05 5.05428e-05 0.000431762 0.000640393 4.83137e-06 0.000248729 0.000317332 -1.16997e-05 3.43674e-05 0.00062333 9.96367e-06 0.000249828 6.41759e-05 0.0010659 0.000127146 -6.06127e-05 0 -1.23663e-05 2.48808e-05 0.000279937 -7.10465e-05 2.10746e-05
internal_weight=18294 398 17896 8739 131 8608 326 1125 7483 570 555 319 7431 490 189 6941 3522 131 3391 307 438 130 236 3419 174 3084 2003 150 3321 568
internal_count=18294 398 17896 8739 131 8608 326 1125 7483 570 555 319 7431 490 189 6941 3522 131 3391 307 438 130 236 3419 174 3084 2003 150 3321 568
is_linear=0
shrinkage=0.05


Tree=23
num_leaves=31
num_cat=0
split_feature=0 126 133 49 86 103 3 126 136 74 81 9 93 139 90 86 28 112 133 115 50 2 92 137 138 22 107 141 96 138
split_gain=0.0518091 0.0940206 0.0472885 0.127242 0.0229349 0.0214064 0.0184279 0.0148172 0.0157183 0.0129989 0.0118939 0.00902367 0.00805592 0.00715016 0.0126517 0.017307 0.00635731 0.0142645 0.0146986 0.0123696 0.00590167 0.0044318 0.00513621 0.00410451 0.0107186 0.00479833 0.0079313 0.00384056 0.00380703 0.00348618
threshold=0.21365000000000003 39.500000000000007 88.200000000000003 977.85000000000002 2.5000000000000004 1588.1000000000004 0.094158592000000013 20.500000000000004 0.6100000000000001 11.221428571428575 55.050000000000004 1.8806944444444447 273.09905725000004 86.716077848590643 27.06428571428572 4.5000000000000009 7.0500000000000007 282.10680840000003 19.290000000000003 12.250000000000002 1010.2500000000001 0.0035617145000000003 10.050000000000002 0.055000000000000007 2.77 1.0000000180025095e-35 9.7500000000000018 22.780000000000005 40.337500000000006 3.9200000000000004
decision_type=2 2 2 2 2 2 2 2 2 2 2 2 2 2 2 2 2 2 2 2 2 2 2 2 2 2 2 2 2 2
left_child=2 4 5 -4 -2 6 10 8 -8 -10 12 -11 13 16 15 27 17 -1 -19 -20 -21 29 -23 24 -7 26 -26 -15 -9 -18
right_child=1 -3 3 -5 -6 23 7 28 9 11 -12 -13 -14 14 -16 -17 21 18 19 20 -22 22 -24 -25 25 -27 -28 -29 -30 -31
leaf_value=-6.1898963949340023e-05 0.0025501747753507659 0 0.0029123618658723344 0 0.0010130799116416908 0.0006529113764635339 0.00017769274271875438 -5.026759859839363e-05 0.00022700814565303185 0.00052304329989083975 0.00056243461531192555 0.0015397371118888259 -0.00010628319498726726 0.00041637934981134995 -9.3739470471308997e-05 0.0010985288601604443 7.5687039063841567e-05 -6.797035422096086e-05 7.5806088486476053e-05 0.00050347511621201232 0.0015093974342771789 -8.1615526403766128e-05 0.00040887062824116475 -7.2627134739354718e-05 -1.1816457983989823e-05 -4.797168716125399e-05 0.00061360879266005638 -9.8027256655926914e-05 0.0002082916707133242 -4.6553674224737909e-05
leaf_weight=241 50 262 50 129 86 62 308 318 92 64 97 67 1234 58 129 78 729 71 61 50 52 64 133 9414 106 1304 76 68 231 2610
leaf_count=241 50 262 50 129 86 62 308 318 92 64 97 67 1234 58 129 78 729 71 61 50 52 64 133 9414 106 1304 76 68 231 2610
internal_value=3.97493e-06 0.000567665 -8.31295e-06 0.000797457 0.00162917 -1.67806e-05 5.28347e-05 0.000242375 0.000431802 0.000758088 1.58464e-05 0.00108864 5.34609e-06 3.82245e-05 0.000261677 0.000510177 1.83663e-05 0.00019013 0.000470134 0.000733996 0.00107452 -3.34081e-06 0.000224665 -6.0136e-05 1.25977e-05 -1.11766e-05 0.000223954 0.000100807 4.96151e-05 -1.83533e-05
internal_weight=18294 398 17896 179 136 17717 6755 1080 531 223 5675 131 5578 4344 333 204 4011 475 234 163 102 3536 197 10962 1548 1486 182 126 549 3339
internal_count=18294 398 17896 179 136 17717 6755 1080 531 223 5675 131 5578 4344 333 204 4011 475 234 163 102 3536 197 10962 1548 1486 182 126 549 3339
is_linear=0
shrinkage=0.05


Tree=24
num_leaves=31
num_cat=0
split_feature=12 61 133 116 103 118 2 74 81 138 85 110 116 43 120 142 119 49 16 28 128 105 41 138 137 138 74 15 131 85
split_gain=0.0472712 0.0891981 0.0429303 0.149386 0.0177579 0.0161569 0.0160537 0.00946754 0.00970203 0.00808783 0.00782982 0.0135531 0.00781268 0.041018 0.00877251 0.0113816 0.0165418 0.00697725 0.00949366 0.00512673 0.00526959 0.00433855 0.00393609 0.01018 0.00387705 0.00980474 0.00344467 0.00866854 0.0129405 0.00299382
threshold=0.096316070500000003 170.60000000000002 88.200000000000003 271.79173840000004 1588.1000000000004 18.650000000000002 0.0011514315000000002 29.157142857142862 48.650000000000013 5.9750000000000005 274.85002315000003 21.050000000000004 293.40074460000011 0.37650000000000006 267.57627910000008 737.56509152187925 7.4500000000000011 988.45000000000016 0.73000000000000009 32.550000000000004 10.650483037778512 12.500000000000002 78.500000000000014 13.125000000000002 0.065000000000000016 2.77 22.37857142857143 0.00092500000000000015 45.987773228168656 273.20929370000005
decision_type=2 2 2 2 2 10 2 2 2 2 2 2 2 2 10 2 10 2 2 2 2 2 2 2 2 2 2 2 2 2
left_child=2 -2 4 -4 6 -3 12 8 9 -8 11 -11 14 -14 15 17 -17 -1 -19 22 29 -5 -16 -24 25 -6 -27 -28 -29 -21
right_child=1 5 3 21 24 -7 7 -9 -10 10 -12 -13 13 -15 19 16 -18 18 -20 20 -22 -23 23 -25 -26 26 27 28 -30 -31
leaf_value=0 0.0018795974048249342 -4.4391450190859767e-06 0.0029622998541108921 8.7308382716155545e-05 0.00062078400242922185 0.00059671108426973896 0 -3.3326699939919703e-05 0.00095211462483096572 0.0010549574652080635 0.00016178656584578109 0.00010552848206273104 5.2254469596643179e-05 0.0015439626194454509 -8.573149944688318e-05 0.0010440958035638015 0 0.00089953171682147389 0 0.00017225984852702145 0.00021504644636105593 -0.00044928009449862516 -6.6046906555867834e-05 0.00057532994428660775 -7.1852970209508967e-05 -7.554608051295184e-05 -5.4783738138543087e-05 0.00079602710636787711 1.8486115595387882e-05 -0.00012470501188188425
leaf_weight=876 91 350 53 62 62 153 184 197 64 96 227 83 581 50 3012 75 70 53 56 106 359 64 206 82 9043 1003 461 87 173 315
leaf_count=876 91 350 53 62 62 153 184 197 64 96 227 83 581 50 3012 75 70 53 56 106 359 64 206 82 9043 1003 461 87 173 315
internal_value=3.89273e-06 0.000442451 -1.05667e-05 0.000757008 -1.87366e-05 0.000169316 4.48705e-05 0.000247999 0.000340296 0.000263971 0.000388409 0.000645529 1.43825e-05 0.000180624 -4.8228e-06 0.00011729 0.000533121 5.05267e-05 0.000425978 -3.98889e-05 7.22686e-05 -0.000147266 -6.79274e-05 0.000100625 -5.8506e-05 6.27757e-06 -1.32704e-05 6.64223e-05 0.000299873 -3.78554e-05
internal_weight=18294 594 17700 179 17521 503 6692 851 654 590 406 179 5841 631 5210 1130 145 985 109 4080 780 126 3300 288 10829 1786 1724 721 260 421
internal_count=18294 594 17700 179 17521 503 6692 851 654 590 406 179 5841 631 5210 1130 145 985 109 4080 780 126 3300 288 10829 1786 1724 721 260 421
is_linear=0
shrinkage=0.05


Tree=25
num_leaves=31
num_cat=0
split_feature=133 50 3 126 90 126 96 133 49 126 128 81 5 126 29 16 116 94 93 138 6 117 81 75 137 119 101 84 92 30
split_gain=0.0596968 0.202824 0.0425733 0.0758771 0.0152638 0.0151092 0.0129927 0.0127678 0.0237787 0.0331782 0.043773 0.0213977 0.0112888 0.0154482 0.0094565 0.00557363 0.00471172 0.00969085 0.00464614 0.0031772 0.00269944 0.00264826 0.00227932 0.00322109 0.00629961 0.00221877 0.00182335 0.00163277 0.00154503 0.00150232
threshold=88.200000000000003 1009.6500000000002 0.34168884800000004 19.500000000000004 26.347959183673474 63.500000000000007 51.187500000000007 80.210000000000022 955.75000000000011 44.500000000000007 9.2083290871281154 40.250000000000007 8.3850000000000016 19.500000000000004 49.250000000000007 1.0650000000000002 293.73551695000009 7.5000000000000009 267.53124525000004 5.54 0.021504166666666668 2.0500000000000003 45.050000000000004 15.050000000000002 2.1000000000000005 8.0500000000000025 1.0729469500000166 19.050000000000008 9.8500000000000032 -2.672857142857143
decision_type=2 2 2 2 2 2 2 2 2 2 2 2 2 2 2 2 2 2 2 2 2 2 2 2 2 10 2 2 2 2
left_child=2 -2 5 -4 -5 6 7 12 -9 11 -11 26 16 14 15 -14 21 -18 -3 -16 -15 22 27 24 -24 -23 -10 -1 -22 -21
right_child=1 18 3 4 -6 -7 -8 8 9 10 -12 -13 13 20 19 -17 17 -19 -20 29 28 25 23 -25 -26 -27 -28 -29 -30 -31
leaf_value=-6.3236284590959023e-05 0.0035876583211311118 0.00022847659885448946 0.0020830623968549145 -6.2984339029573281e-07 0.0007785350911435671 -6.3700512223228639e-05 0.00062498092686227814 -0.00014741846694002112 -0.00021667186412287266 0.0023005828289680329 0.00023045385193052847 0.00078635902922321818 -5.0376271647805262e-06 -1.8911836254833178e-06 0.00016259380196168103 0.00044321572852994108 0.00073808687370760246 3.34994866611263e-05 -0.0003191021688310618 0.00038805669974473342 0 0.0004197903368713371 0 -1.9346922307219524e-05 0.00053110446845890059 2.3880719063909207e-05 4.5444645352703942e-05 2.8648652676842498e-05 0.00046089159203872377 0.0009838786232555935
leaf_weight=4720 50 66 64 236 79 8425 90 242 127 50 64 98 156 940 50 100 57 440 81 55 59 50 175 886 84 237 87 459 51 85
leaf_count=4720 50 66 64 236 79 8425 90 242 127 50 64 98 156 940 50 100 57 440 81 55 59 50 175 886 84 237 87 459 51 85
internal_value=5.65517e-06 0.000869253 -3.48217e-06 0.000519823 0.000180802 -1.49423e-05 2.84041e-05 2.20073e-05 0.000232588 0.000460009 0.00119399 0.00017289 5.05204e-06 0.000130306 0.000377206 0.000151649 -2.06212e-05 0.000125667 -3.95841e-05 0.00065255 2.04165e-05 -3.23923e-05 -3.97267e-05 2.10201e-05 0.000177884 0.000111434 -8.71389e-05 -5.41236e-05 0.000254391 0.000789679
internal_weight=18363 197 18166 379 315 17787 9362 9272 668 426 114 312 8604 1496 446 256 7108 497 147 190 1050 6611 6324 1145 259 287 214 5179 110 140
internal_count=18363 197 18166 379 315 17787 9362 9272 668 426 114 312 8604 1496 446 256 7108 497 147 190 1050 6611 6324 1145 259 287 214 5179 110 140
is_linear=0
shrinkage=0.05


Tree=26
num_leaves=31
num_cat=0
split_feature=133 50 1 126 88 90 103 9 131 93 28 133 88 84 36 93 141 77 116 141 103 28 88 30 118 93 133 42 99 138
split_gain=0.0539676 0.183415 0.0384524 0.0685585 0.0181425 0.0138276 0.0127854 0.0132561 0.0201603 0.0559975 0.00915046 0.00775084 0.0199269 0.00599614 0.00552869 0.00420622 0.00410272 0.00383123 0.00370698 0.00957533 0.0030727 0.00581863 0.00378049 0.00371008 0.0025218 0.00269611 0.0060913 0.0134676 0.00375168 0.00535533
threshold=88.200000000000003 1009.6500000000002 0.32127834050000009 19.500000000000004 51.037500000000009 26.347959183673474 1954.5500000000002 0.33256944444444447 29.116437666821316 267.34497885000007 40.300000000000004 80.390000000000015 32.712500000000013 6.0500000000000016 267.98064860000005 267.53124525000004 35.180000000000007 277.54387210000004 293.73551695000009 38.660000000000004 1203.0000000000002 33.750000000000007 38.212500000000013 -1.3785714285714288 25.750000000000004 266.11096630000003 79.440000000000012 0.77500000000000013 -3.2499999999999996 13.125000000000002
decision_type=2 2 2 2 2 2 2 2 2 2 2 2 2 2 2 2 2 2 2 2 2 2 2 2 10 2 2 2 2 2
left_child=2 -2 4 -4 6 -5 7 18 9 -9 11 20 13 -13 16 -3 -12 -18 24 -20 21 22 -10 -23 25 -1 28 -28 29 -27
right_child=1 15 3 5 -6 -7 -8 8 10 -11 14 12 -14 -15 -16 -17 17 -19 19 -21 -22 23 -24 -25 -26 26 27 -29 -30 -31
leaf_value=-6.5480490192501434e-05 0.0034117926561328415 0.00021722326509264882 0.0019805116196769702 -5.9848414652465967e-07 0.00084516964680930316 0.00074009492684490395 -5.8428114449663658e-05 0.0019347970497540453 -5.3754691811782286e-05 -5.9783943613373874e-05 0.00012961576920002702 -0.00020285724687844916 0.0010353722870058847 0.00043013750266063179 7.0772513322464836e-05 -0.00030334163634972535 0.00075791911828203187 0.00014261041287133436 0 0.00076269308298566006 -3.6077460416050026e-05 0.00034667592920275636 0.00014818993373532201 0 -9.845252200954907e-05 1.0596231449017068e-05 0.00098878779744743087 -7.8772038104943934e-05 -2.9497731729663829e-05 0.00062741693338499646
leaf_weight=1409 50 66 64 236 60 79 9173 54 778 85 124 107 67 56 276 81 115 62 218 50 1485 249 327 137 1387 149 50 52 1263 54
leaf_count=1409 50 66 64 236 60 79 9173 54 778 85 124 107 67 56 276 81 115 62 218 50 1485 249 327 137 1387 149 50 52 1263 54
internal_value=5.56142e-06 0.000826674 -3.11287e-06 0.000494208 -1.40179e-05 0.000171094 -1.72555e-05 2.63137e-05 9.42577e-05 0.00068766 7.09568e-05 3.61059e-05 0.00031608 0 0.000255552 -3.59463e-05 0.000407633 0.000572489 -3.01445e-05 0.000145929 1.26896e-05 6.46033e-05 1.56546e-06 0.000231671 -4.21338e-05 -1.41914e-05 2.87224e-05 0.000400517 0 0.000201458
internal_weight=18363 197 18166 379 17787 315 17727 8554 3922 139 3783 3206 230 163 577 147 301 177 4632 268 2976 1491 1105 386 4364 2977 1568 102 1466 203
internal_count=18363 197 18166 379 17787 315 17727 8554 3922 139 3783 3206 230 163 577 147 301 177 4632 268 2976 1491 1105 386 4364 2977 1568 102 1466 203
is_linear=0
shrinkage=0.05


Tree=27
num_leaves=31
num_cat=0
split_feature=133 50 0 126 88 118 126 15 133 93 131 29 116 74 29 104 118 81 138 136 24 88 137 93 85 138 28 77 50 118
split_gain=0.0487947 0.165863 0.0347384 0.0619444 0.0163995 0.0125938 0.0109115 0.0106338 0.0187111 0.0378383 0.0326952 0.0115741 0.0115053 0.00521262 0.00791576 0.00610368 0.01017 0.0162589 0.00671032 0.00627385 0.00469468 0.00407755 0.00405317 0.00380795 0.00283318 0.00525581 0.00245389 0.00271492 0.00232873 0.00218676
threshold=88.200000000000003 1009.6500000000002 0.21365000000000003 19.500000000000004 51.037500000000009 19.250000000000004 63.500000000000007 0.00090416666666666673 80.390000000000015 267.34497885000007 45.987773228168656 43.250000000000007 292.90196695000003 24.478571428571435 51.350000000000009 0.35000000000000009 25.750000000000004 47.95000000000001 7.9400000000000004 0.34500000000000003 35.650000000000013 30.912500000000005 0.99500000000000011 267.53124525000004 277.28993400000007 4.4250000000000007 38.20000000000001 279.73487680000005 1018.9500000000002 29.750000000000004
decision_type=2 2 2 2 2 10 2 2 2 2 2 2 2 2 2 2 10 2 2 2 2 2 2 2 2 2 2 2 2 10
left_child=2 -2 4 -4 6 -5 7 13 11 10 -10 24 -11 14 15 -1 17 18 20 -20 -17 -16 -13 -3 -9 28 27 -18 -26 -24
right_child=1 23 3 5 -6 -7 -8 8 9 12 -12 22 -14 -15 21 16 26 -19 19 -21 -22 -23 29 -25 25 -27 -28 -29 -30 -31
leaf_value=-7.2353050082061751e-05 0.0032445478910242444 0.00020652421713205499 0.001883009504329843 -1.7488325433303351e-05 0.00080360394150837426 0.00066045936939989692 -5.7667318771781448e-05 -4.0080916320116717e-05 0.0021218136745943302 -0.00016604702768543376 0.00042721295027472984 1.4819265830821636e-05 0.00068030091965248665 -5.9429046804398874e-05 0.00069605641754773946 0.00029493287262730231 -7.3325226385330275e-05 0.0010867857879778933 0.00075759498592596142 4.6593567214900468e-05 -6.580388389194326e-05 0.00010315693050615665 0.00021962314676979338 -0.0002883595164983091 4.3548721089874474e-05 0 0.0001471790781840871 0.00028373623631733401 0.00062168201990076704 0.00053787911021642074
leaf_weight=1257 50 66 64 225 60 90 8425 1510 50 170 89 173 51 3246 64 123 916 52 76 80 297 99 265 81 54 305 184 51 60 130
leaf_count=1257 50 66 64 225 60 90 8425 1510 50 170 89 173 51 3246 64 123 916 52 76 80 297 99 265 81 54 305 184 51 60 130
internal_value=5.41115e-06 0.00078618 -2.82343e-06 0.000469855 -1.32021e-05 0.000161865 -1.62939e-05 2.06435e-05 0.000101141 0.000439455 0.0010833 5.02067e-05 8.92615e-06 -1.42744e-05 2.99853e-05 1.00078e-05 7.1019e-05 0.000233181 0.000145704 0.000427445 2.84136e-05 0.000369264 0.000248612 -3.24889e-05 -5.7223e-06 0.000105996 -1.32438e-05 -4.90547e-05 0.000394068 0.000338086
internal_weight=18363 197 18166 379 17787 315 17727 9302 2857 360 139 2497 221 6445 3199 3036 1779 628 576 156 420 163 568 147 1929 419 1151 967 114 395
internal_count=18363 197 18166 379 17787 315 17727 9302 2857 360 139 2497 221 6445 3199 3036 1779 628 576 156 420 163 568 147 1929 419 1151 967 114 395
is_linear=0
shrinkage=0.05


Tree=28
num_leaves=31
num_cat=0
split_feature=133 50 0 126 88 90 126 15 133 93 92 116 29 0 93 29 137 63 33 141 85 84 136 85 138 90 67 50 118 30
split_gain=0.0441102 0.149991 0.0313726 0.0559678 0.0148213 0.011608 0.00992363 0.0096514 0.016941 0.0345431 0.0244701 0.0113029 0.0105157 0.00469945 0.00990613 0.00663906 0.00363008 0.00347121 0.00259114 0.00552406 0.0061326 0.00527443 0.00752755 0.00257874 0.00480883 0.00246913 0.002441 0.00203133 0.00191233 0.00176224
threshold=88.200000000000003 1009.6500000000002 0.21365000000000003 19.500000000000004 51.037500000000009 26.347959183673474 63.500000000000007 0.00090416666666666673 80.390000000000015 267.48674725000006 11.150000000000004 292.90196695000003 43.250000000000007 0.07350000000000001 271.40044605000008 49.250000000000007 0.99500000000000011 10.098900000000002 0.83318876203774306 38.660000000000004 280.06997175000004 7.0500000000000016 0.33500000000000008 277.28993400000007 4.4250000000000007 22.127551020408166 8.5500000000000025 1018.9500000000002 29.750000000000004 -1.3257142857142865
decision_type=2 2 2 2 2 2 2 2 2 2 2 2 2 2 2 2 2 2 2 2 2 2 2 2 2 2 2 2 10 2
left_child=2 -2 4 -4 6 -5 7 13 12 10 -10 -11 23 18 -15 -16 -14 -3 -1 21 -21 -20 -23 29 27 -17 -24 -25 -18 -9
right_child=1 17 3 5 -6 -7 -8 8 9 11 -12 -13 16 14 15 25 28 -19 19 20 -22 22 26 24 -26 -27 -28 -29 -30 -31
leaf_value=-5.0928245233456999e-05 0.0030855014766212642 -0.00026360791683505662 0.0017903075122742919 -2.5584974929391698e-06 0.00076408243146257435 0.00067475602422200612 -5.4784293999648543e-05 -8.7854990000623312e-05 6.7235492595220655e-06 -0.00020082949580276177 0.0014591647839177204 0.00064693996893206188 1.4082560787912746e-05 -2.8185634612248307e-07 5.4432540188935172e-05 0.00094077514002232666 0.0002086832712866043 0.00021187696682145111 -5.7725173981604914e-05 0 0.00072673245402192911 0.00065005154772841385 0.00028011555207978331 4.1410875570198347e-05 0 0.00028551524313303483 -8.8462556704493737e-05 0.00059110747489001848 0.00051119045051612768 1.5680488326785623e-05
leaf_weight=4201 50 85 64 236 60 79 8425 832 51 160 98 51 173 658 117 55 265 62 976 60 56 67 64 54 305 62 129 60 130 678
leaf_count=4201 50 85 64 236 60 79 8425 832 51 160 98 51 173 658 117 55 265 62 976 60 56 67 64 54 305 62 129 60 130 678
internal_value=5.32639e-06 0.000747669 -2.48939e-06 0.000446695 -1.23661e-05 0.000153083 -1.53191e-05 1.98898e-05 9.65849e-05 0.000418599 0.000998713 0 4.80086e-05 -1.33424e-05 9.17225e-05 0.000370612 0.000237128 -2.92029e-05 -3.11331e-05 2.6672e-05 0.000355332 -3.9338e-07 0.000195061 -5.18163e-06 0.000101275 0.000641279 8.80092e-06 0.000376827 0.000321908 -3.80782e-05
internal_weight=18363 197 18166 379 17787 315 17727 9302 2857 360 149 211 2497 6445 892 234 568 147 5553 1352 116 1236 260 1929 419 117 193 114 395 1510
internal_count=18363 197 18166 379 17787 315 17727 9302 2857 360 149 211 2497 6445 892 234 568 147 5553 1352 116 1236 260 1929 419 117 193 114 395 1510
is_linear=0
shrinkage=0.05


Tree=29
num_leaves=31
num_cat=0
split_feature=133 50 12 61 88 119 160 15 131 96 3 134 133 116 141 22 120 112 63 129 59 82 43 96 13 4 140 42 83 118
split_gain=0.0398773 0.135638 0.0289775 0.0551517 0.0134852 0.00928959 0.00827723 0.0140922 0.0172441 0.0170362 0.0093288 0.00458556 0.00671276 0.00372516 0.00839302 0.00328674 0.0140468 0.0149786 0.00314244 0.00291002 0.00534808 0.00693944 0.00289202 0.00264339 0.00488904 0.00213374 0.00223107 0.00210131 0.0114565 0.0135388
threshold=88.200000000000003 1009.6500000000002 0.096316070500000003 178.10000000000005 51.037500000000009 9.8500000000000032 0.15345368916797494 0.0019656250000000008 29.116437666821316 42.837500000000013 0.094158592000000013 4.2550000000000017 80.210000000000022 292.90196695000003 38.660000000000004 1.0000000180025095e-35 283.11222970000006 268.58690055000005 10.098900000000002 7.5000000000000009 4.6743000000000015 25.178000000000004 0.31850000000000006 37.612500000000004 0.00017111388194444445 0.00089074800000000013 9.9700000000000006 0.45500000000000007 31.000000000000004 26.150000000000002
decision_type=2 2 2 2 2 10 2 2 2 2 2 2 2 2 2 2 10 2 2 2 2 2 2 2 2 2 2 2 2 10
left_child=2 -2 4 -4 6 -5 15 11 -9 19 -11 -8 13 27 -15 16 -1 -18 -3 -10 -21 -22 -7 -17 -25 -26 -27 28 -13 -30
right_child=1 18 3 5 -6 22 7 8 9 10 -12 12 -14 14 -16 23 17 -19 -20 20 21 -23 -24 24 25 26 -28 -29 29 -31
leaf_value=-5.8181956109032289e-05 0.0029342514199464965 -0.00025058077505597142 0.0015292987396789935 0 0.00072650460378442458 0.0006755618300078259 -0.00014251428335402286 0.00088750301605956773 -5.6996214780217335e-05 0.00027729108028169897 0.0011391655656043439 -2.9942807060879779e-06 0.00044062980977910586 3.1018824712978614e-05 0.00062915198528178346 -6.0419390757151834e-05 0 0.0010785034596256082 0.00020145127267968502 -8.2925723089809352e-05 0.00060846916498159083 0 8.1480868639916655e-05 0.00043649986198943228 -7.8834427916094998e-05 -3.3902458451688357e-05 0.00011856715264802595 -4.7817475149466484e-05 0.0010639814608813529 0
leaf_weight=365 50 85 84 344 60 83 543 84 445 134 54 2155 88 395 73 8861 50 63 62 136 96 113 56 63 657 431 456 2167 55 55
leaf_count=365 50 85 84 344 60 83 543 84 445 134 54 2155 88 395 73 8861 50 63 62 136 96 113 56 63 657 431 456 2167 55 55
internal_value=5.22753e-06 0.000711052 -2.19024e-06 0.000348981 -1.38075e-05 0.000130642 -1.66664e-05 2.71243e-05 0.000193963 0.000128442 0.000556023 -4.0356e-06 1.00627e-05 1.22155e-06 0.000136121 -4.34992e-05 8.06856e-05 0.000569676 -2.60711e-05 1.97935e-05 0.00013317 0.000297323 0.000474226 -4.96546e-05 6.59345e-06 -7.98299e-06 3.88956e-05 -1.19228e-05 2.02182e-05 0.000515946
internal_weight=18363 197 18166 567 17599 483 17539 6593 1062 978 188 5531 4988 4900 468 10946 478 113 147 790 345 209 139 10468 1607 1544 887 4432 2265 110
internal_count=18363 197 18166 567 17599 483 17539 6593 1062 978 188 5531 4988 4900 468 10946 478 113 147 790 345 209 139 10468 1607 1544 887 4432 2265 110
is_linear=0
shrinkage=0.05


Tree=30
num_leaves=31
num_cat=0
split_feature=133 116 12 34 81 50 126 103 3 13 33 126 3 43 141 81 121 34 138 85 4 137 138 53 103 101 137 101 7 8
split_gain=0.0231366 0.0993452 0.0215115 0.0440576 0.0145683 0.026314 0.0120825 0.00924712 0.0118258 0.0123148 0.00660837 0.00599786 0.0104539 0.00558639 0.00500082 0.00481348 0.00463779 0.00346089 0.00462023 0.00449211 0.00595572 0.00325694 0.0104418 0.00272627 0.00543619 0.00248203 0.00241681 0.00466901 0.002184 0.00176141
threshold=88.200000000000003 271.69377625000004 0.096316070500000003 0.38146893747110172 55.050000000000004 1013.0500000000001 41.500000000000007 1543.7500000000002 0.084415223500000011 0.003055644972222223 -0.6440611849171104 46.500000000000007 0.00081740100000000004 0.30250000000000005 35.815000000000005 38.95000000000001 0.15000000000000005 0.38146893747110172 5.3600000000000003 277.10508765000003 0.0012481850000000004 0.015000000000000001 2.77 249.50000000000003 994.55000000000007 6.1864084500000169 1.5500000000000003 0.48311730000000358 0.011250000000000001 0.011737160120557703
decision_type=2 2 2 2 2 2 2 2 2 2 2 2 2 2 2 2 8 2 2 2 2 2 2 2 2 2 2 2 2 2
left_child=2 -2 4 6 7 -6 -4 8 11 10 14 15 26 -14 -10 23 -3 18 19 29 25 22 -9 -1 -25 -21 -13 -28 -24 -17
right_child=1 16 3 -5 5 -7 -8 21 9 -11 -12 12 13 -15 -16 17 -18 -19 -20 20 -22 -23 28 24 -26 -27 27 -29 -30 -31
leaf_value=-6.9384571801884608e-05 0.0022959098842591373 -0.00054695884666503653 0.00052814933337358026 0.0016506131779487161 -0.00016823346302352059 0.0013267816390310015 0 0.00069970031784594134 8.5028178299435058e-05 0.0008582859447238717 2.5943250051865531e-05 -9.8286023749514956e-05 6.0849736815166226e-05 0.00087501422296710574 0.00050281751258229304 6.7362042910086993e-05 1.0710250941291819e-05 0.00040514221557907265 -5.9477882452165431e-05 6.887892250304894e-06 0.00059034413727360559 -5.3921924278770085e-05 0.00028214718895352205 0.00056196108823104837 -3.2662508843585404e-05 0.00034018992360347779 -1.1646069916964006e-05 0.00056056595382602506 -2.7447895172026759e-05 -0.00010859902623051312
leaf_weight=2817 56 56 146 54 51 55 379 56 180 65 630 173 51 69 175 455 62 65 799 254 92 10220 61 51 98 86 68 50 695 199
leaf_count=2817 56 56 146 54 51 55 379 56 180 65 630 173 51 69 175 455 62 65 799 254 92 10220 61 51 98 86 68 50 695 199
internal_value=1.1536e-06 0.000573514 -4.10554e-06 0.000295084 -1.42977e-05 0.000565903 0.000143279 -1.81499e-05 2.92997e-05 0.000182591 0.000132106 -5.50475e-09 0.000182278 0.000573679 0.00030586 -1.62961e-05 -0.000214302 4.32646e-05 2.79268e-05 9.68282e-05 0.000222298 -4.60313e-05 4.70754e-05 -5.7141e-05 0.000139923 0.000106607 2.34081e-06 0.000191473 0 6.10273e-06
internal_weight=18268 174 18094 579 17515 106 525 17409 6377 1050 985 5327 411 120 355 4916 118 1950 1885 1086 432 11032 812 2966 149 340 291 118 756 654
internal_count=18268 174 18094 579 17515 106 525 17409 6377 1050 985 5327 411 120 355 4916 118 1950 1885 1086 432 11032 812 2966 149 340 291 118 756 654
is_linear=0
shrinkage=0.05


Tree=31
num_leaves=31
num_cat=0
split_feature=133 116 18 105 120 81 50 103 3 103 4 126 0 21 82 131 121 81 107 133 122 94 136 137 38 55 101 47 53 103
split_gain=0.020908 0.0897849 0.0186248 0.0401395 0.0137545 0.0130473 0.0238988 0.00837191 0.0107992 0.0126279 0.020729 0.00542699 0.0101292 0.00534266 0.00521075 0.00481439 0.00423316 0.00404244 0.00333471 0.00470771 0.00451824 0.00441798 0.00755135 0.00293294 0.00994313 0.00407721 0.00279178 0.0025005 0.00244078 0.00494185
threshold=88.200000000000003 271.69377625000004 0.063537500000000011 17.500000000000004 274.30832965000008 55.050000000000004 1013.0500000000001 1543.7500000000002 0.084415223500000011 1032.0000000000002 0.00045815750000000006 45.500000000000007 0.00015000000000000004 0.34027777777777785 23.234000000000005 93.479068726514683 0.15000000000000005 38.95000000000001 13.050000000000002 23.815000000000001 6.5000000000000009 22.500000000000004 0.24500000000000002 0.015000000000000001 0.35000000000000003 16.176503700000016 -0.45444555000000258 2.5000000000000004 249.50000000000003 994.55000000000007
decision_type=2 2 2 2 10 2 2 2 2 2 2 2 2 2 2 2 8 2 2 2 2 2 2 2 2 2 2 2 2 2
left_child=2 -2 5 4 -4 7 -7 8 11 10 -10 17 -13 -14 -5 -12 -3 28 19 -19 -21 22 -22 24 25 -9 -16 -24 -1 -30
right_child=1 16 3 14 -6 6 -8 23 9 -11 15 12 13 -15 26 -17 -18 18 -20 20 21 -23 27 -25 -26 -27 -28 -29 29 -31
leaf_value=-6.611876328400766e-05 0.0021831283292512555 -0.00052009068995207677 0.0005365629073276069 -9.6815926129269181e-05 0.001714224777667998 -0.00015998355753254145 0.001261627210291668 -4.1670296923810218e-05 0.0012605662467432277 3.5304440284569348e-05 -1.4578451278234401e-05 0 0.00081221330250824588 0.00015018270705811722 5.985025493680593e-05 0.00035759739744257372 1.0183235978715058e-05 0 -4.2597247774464255e-05 0 0.00094856599550806559 0 0 -5.0923817559094534e-05 0.00061073678500563381 0.00041204297787703157 0.0005579875187374585 0.00034322983318111407 0.00053440337906627416 -3.1045881470999292e-05
leaf_weight=2771 56 56 87 266 51 51 55 690 61 672 103 303 73 93 116 219 62 704 720 180 56 67 61 10219 70 52 55 150 51 98
leaf_count=2771 56 56 87 266 51 51 55 690 61 672 103 303 73 93 116 219 62 704 720 180 56 67 61 10219 70 52 55 150 51 98
internal_value=1.24176e-06 0.000545341 -3.74408e-06 0.00027562 0.00101696 -1.32138e-05 0.000535813 -1.68737e-05 2.82307e-05 0.000174309 0.000404454 0 0.000161494 0.000474377 2.83103e-05 0.000223391 -0.000201711 -1.64181e-05 3.80558e-05 8.98301e-05 0.000204825 0.00031339 0.000404944 -4.34223e-05 4.47803e-05 -2.63243e-06 0.000251452 0.000233286 -5.42848e-05 0.000131436
internal_weight=18268 174 18094 575 138 17519 106 17413 6382 1055 383 5327 469 166 437 322 118 4858 1938 1218 514 334 267 11031 812 742 171 211 2920 149
internal_count=18268 174 18094 575 138 17519 106 17413 6382 1055 383 5327 469 166 437 322 118 4858 1938 1218 514 334 267 11031 812 742 171 211 2920 149
is_linear=0
shrinkage=0.05


Tree=32
num_leaves=31
num_cat=0
split_feature=133 116 12 34 81 75 118 116 12 103 9 134 105 61 0 128 90 93 93 126 121 86 94 28 100 19 7 12 137 15
split_gain=0.0188959 0.0811431 0.0177922 0.0362716 0.0117052 0.0221602 0.010362 0.00763141 0.0150072 0.00456745 0.00553738 0.0155536 0.043472 0.00537196 0.00510486 0.00477871 0.00421835 0.00413901 0.00390336 0.0060269 0.00386497 0.00377949 0.00586485 0.00228924 0.00730971 0.00552734 0.00214913 0.0021182 0.00196667 0.00164057
threshold=88.200000000000003 271.69377625000004 0.096316070500000003 0.38146893747110172 55.050000000000004 15.15 18.450000000000003 294.00043860000005 0.076740456500000012 2034.0500000000004 0.33256944444444447 5.245000000000001 14.500000000000002 827.25000000000011 0.052550000000000006 10.009782615183983 24.666326530612249 267.48674725000006 272.05868305000007 15.500000000000002 0.15000000000000005 8.5000000000000018 16.500000000000004 7.0500000000000007 -5.4500000000000446 -1.0000000180025095e-35 0.045800000000000007 0.014493592000000001 18.300000000000004 0.00086145833333333354
decision_type=2 2 2 2 2 2 10 2 2 2 2 2 2 2 2 2 2 2 2 2 8 2 2 2 2 2 2 2 2 2
left_child=2 -2 4 6 7 -6 -4 9 18 10 23 12 17 14 21 -16 -17 -12 19 -9 -3 -13 -23 24 25 -1 27 -24 -11 -18
right_child=1 20 3 -5 5 -7 -8 8 -10 28 11 13 -14 -15 15 16 29 -19 -20 -21 -22 22 26 -25 -26 -27 -28 -29 -30 -31
leaf_value=0.00063427406992626106 0.0020758869764476752 -0.00049454237481991745 -1.8344384475359104e-05 0.0014994290262376041 0.0012709891160849628 -9.7368140694717954e-05 0.00043525188384403328 0.00069387485497389683 0.00093064683006480002 -5.1324778919066228e-05 0.0003616790264342973 -4.5056612531616971e-05 0.0017408139508402467 -4.5633968110453336e-05 0 0.00052744303796821944 2.8569140694953904e-05 -0.00016247903327854188 -3.6342331898342216e-05 7.131412397709846e-05 9.6821521970375027e-06 0.00053616764061413741 0 -4.9994849014499054e-05 -2.8442131621741592e-05 0 -5.1566769307185515e-05 0.00033836610140071497 0.00022129552492697259 0.00031287443656830943
leaf_weight=81 56 56 343 54 50 56 182 53 56 8465 60 813 50 1523 232 143 181 90 337 237 62 76 100 3772 594 70 214 93 59 110
leaf_count=81 56 56 343 54 50 56 182 53 56 8465 60 813 50 1523 232 143 181 90 337 237 62 76 100 3772 594 70 214 93 59 110
internal_value=1.29202e-06 0.000518552 -3.43424e-06 0.000268637 -1.27285e-05 0.000507201 0.000129925 -1.62104e-05 0.000146499 -2.31618e-05 2.90264e-06 4.89374e-05 0.000477902 2.27553e-05 7.83857e-05 0.000191579 0.00028938 1.50783e-05 6.7131e-05 0.000204268 -0.000189739 1.6259e-05 0.000129678 -3.35487e-05 4.29728e-05 0.000355137 4.03899e-05 0.000167866 -4.88256e-05 0.000153865
internal_weight=18268 174 18094 579 17515 106 525 17409 683 16726 8202 3685 200 3485 1962 666 434 150 627 290 118 1296 483 4517 745 151 407 193 8524 291
internal_count=18268 174 18094 579 17515 106 525 17409 683 16726 8202 3685 200 3485 1962 666 434 150 627 290 118 1296 483 4517 745 151 407 193 8524 291
is_linear=0
shrinkage=0.05


Tree=33
num_leaves=31
num_cat=0
split_feature=133 116 12 34 81 50 118 116 43 84 138 89 133 33 128 76 2 126 0 121 50 116 23 6 93 101 41 131 94 45
split_gain=0.0170773 0.0733317 0.0160649 0.0327784 0.0104862 0.0204413 0.00938146 0.00692532 0.0144728 0.00426016 0.0130744 0.00452588 0.0104909 0.00503832 0.0070438 0.00365748 0.00353602 0.00465609 0.00365517 0.00352982 0.00255109 0.00421398 0.00242546 0.00292173 0.00240501 0.00496407 0.00187711 0.0016619 0.00159905 0.00178753
threshold=88.200000000000003 271.69377625000004 0.096316070500000003 0.38146893747110172 55.050000000000004 1013.0500000000001 18.450000000000003 294.00043860000005 0.43050000000000005 7.1500000000000021 2.6750000000000003 33.750000000000007 80.390000000000015 0.86126988495447809 9.5358599736102736 2.0500000000000012 0.00097368600000000008 25.500000000000004 0.093650000000000025 0.15000000000000005 1022.35 286.24530300000009 17.759722222222226 0.00031944444444444452 272.05868305000007 6.1864084500000169 47.500000000000007 12.227529829379685 13.500000000000002 34.500000000000007
decision_type=2 2 2 2 2 2 10 2 2 2 2 2 2 2 2 2 2 2 2 8 2 2 2 2 2 2 2 2 2 2
left_child=2 -2 4 6 7 -6 -4 9 24 16 -11 12 -12 22 -15 -16 28 18 20 -3 -18 -22 23 -13 25 -9 -20 -24 -1 -30
right_child=1 19 3 -5 5 -7 -8 8 -10 10 11 13 -14 14 15 -17 17 -19 26 -21 21 -23 27 -25 -26 -27 -28 -29 29 -31
leaf_value=-5.5000377801949368e-05 0.0019739135895118429 -0.00047024907534553981 -1.7429832385692693e-05 0.0014258206903257154 -0.0001578892496427915 0.0011531403762013984 0.00041360820917525713 1.2965729720781382e-05 0.00095776549327602687 0.00062265493995477704 2.4285176983368555e-05 0 0.00074220572869200942 0.0006069023567872743 -7.2577312493673726e-05 0.00038585891200844868 -4.7221758747984371e-05 -1.2870929891976502e-05 8.7768951671639988e-05 9.205733137879709e-06 0.00048249054263578729 0 -0.00030711489897937731 0.00039700985710463589 -8.5647069317928976e-06 0.00050123179439348566 0.00061883321522663431 -3.728293072837117e-05 0.00011585691988820506 -2.3429175492991276e-05
leaf_weight=9151 56 56 343 54 51 55 182 199 50 89 270 121 67 74 168 55 171 1511 58 62 75 70 64 67 351 83 64 2438 256 1957
leaf_count=9151 56 56 343 54 51 55 182 199 50 89 270 121 67 74 168 55 171 1511 58 62 75 70 64 67 351 83 64 2438 256 1957
internal_value=1.33755e-06 0.000493079 -3.14192e-06 0.00025537 -1.19872e-05 0.000480053 0.000122993 -1.52977e-05 0.000139661 -2.19323e-05 2.70812e-05 9.4485e-06 0.000183584 -8.57932e-06 0.000184095 1.93863e-05 -3.48743e-05 2.5716e-05 0.000169948 -0.000178355 6.05821e-05 0.000221415 -3.17708e-05 0.000134393 6.57442e-05 0.000175606 0.000409777 -4.63027e-05 -4.57072e-05 -5.01314e-06
internal_weight=18268 174 18094 579 17515 106 525 17409 683 16726 3413 3324 337 2987 297 223 13313 1949 438 118 316 145 2690 188 633 282 122 2502 11364 2213
internal_count=18268 174 18094 579 17515 106 525 17409 683 16726 3413 3324 337 2987 297 223 13313 1949 438 118 316 145 2690 188 633 282 122 2502 11364 2213
is_linear=0
shrinkage=0.05


Tree=34
num_leaves=31
num_cat=0
split_feature=133 49 12 61 88 89 103 3 103 4 28 126 0 81 34 138 22 75 137 120 104 15 131 126 114 22 142 19 11 121
split_gain=0.0154345 0.0658871 0.014507 0.0297617 0.0102678 0.00710481 0.00655104 0.00890183 0.00896471 0.0186111 0.00456647 0.0044148 0.00848422 0.0036218 0.00597159 0.0048169 0.00686832 0.00622869 0.00356298 0.0062487 0.00265544 0.00237144 0.00988898 0.0164596 0.00215107 0.00663258 0.00214381 0.00197332 0.00193483 0.00185513
threshold=88.200000000000003 977.45000000000016 0.096316070500000003 149.90000000000001 51.037500000000009 40.750000000000007 1543.7500000000002 0.084415223500000011 1032.0000000000002 0.00045815750000000006 33.750000000000007 46.500000000000007 0.00055000000000000003 38.95000000000001 0.38146893747110172 4.4850000000000003 6.5000000000000009 15.050000000000002 0.21000000000000005 268.40991755000005 1.2500000000000004 0.0011052083333333337 29.116437666821316 79.500000000000014 32.750000000000007 48.500000000000007 744.87987457566749 0.0029428571428571394 0.0043609413958333341 0.15000000000000005
decision_type=2 2 2 2 2 2 2 2 2 2 2 2 2 2 2 2 2 2 2 10 2 2 2 2 2 2 2 2 2 8
left_child=2 -2 4 -4 6 -5 7 11 9 -9 27 13 26 24 15 16 17 -15 19 -18 28 -8 23 -23 -1 -26 -13 -11 -10 -3
right_child=1 29 3 5 -6 -7 21 8 20 10 -12 12 -14 14 -16 -17 18 -19 -20 -21 -22 22 -24 -25 25 -27 -28 -29 -30 -31
leaf_value=-6.3149346137746884e-05 0.001987923764231085 -0.00031564276908904997 0.0011931038543594721 -1.2359572243826351e-05 0.00062416415088736117 0.00038495429298094171 -5.0364604489524037e-05 0.0011654522769705151 3.7455873717820125e-05 -0.00010122129554241657 0.00040177206832185105 -2.3876574149030246e-05 0.00057399157816421631 0.00084902650769310719 0.00049731210863683377 -4.15326288089991e-05 0.00070467208151468166 9.3109964248563719e-05 -7.5980977196098324e-06 0 0.00025443208630762957 0.0011309064291052373 -1.6146715526752473e-05 -1.5781849164579663e-05 -2.3956433775488333e-05 0.00059089770268586181 0.00031903823930546287 0.00025235328139889792 -0.0002121954982673439 8.7527535068811734e-06
leaf_weight=2711 50 62 72 357 62 150 8430 61 462 120 132 266 94 57 68 1186 50 86 514 51 120 50 2480 60 204 51 51 57 92 62
leaf_count=2711 50 62 72 357 62 150 8430 61 462 120 132 266 94 57 68 1186 50 86 514 51 120 50 2480 60 204 51 51 57 92 62
internal_value=1.36204e-06 0.000468857 -2.88295e-06 0.000242759 -1.13021e-05 9.58728e-05 -1.38816e-05 2.57509e-05 0.000159308 0.000358713 0.000180079 0 0.000157146 -1.31632e-05 3.72111e-05 1.82989e-05 0.000118433 0.000432945 3.66015e-05 0.000308427 4.20654e-05 -3.74712e-05 2.56794e-06 0.000465888 -4.9021e-05 8.1311e-05 1.63992e-05 0 0 -0.000114673
internal_weight=18268 174 18094 579 17515 507 17453 6433 1044 370 309 5389 411 4978 2012 1944 758 143 615 101 674 11020 2590 110 2966 255 317 177 554 124
internal_count=18268 174 18094 579 17515 507 17453 6433 1044 370 309 5389 411 4978 2012 1944 758 143 615 101 674 11020 2590 110 2966 255 317 177 554 124
is_linear=0
shrinkage=0.05


Tree=35
num_leaves=31
num_cat=0
split_feature=133 36 1 63 88 103 3 103 4 6 28 119 137 59 28 112 110 69 115 43 17 92 128 88 138 138 85 16 75 15
split_gain=0.0219237 0.102906 0.0162439 0.0303861 0.0128569 0.00632747 0.0136869 0.0119565 0.0158728 0.00437949 0.00435119 0.00371545 0.00937783 0.0113991 0.00451192 0.0058863 0.00334212 0.00328193 0.00301734 0.00491595 0.00725773 0.00297589 0.00281176 0.00272284 0.00265881 0.00479509 0.00495309 0.00291752 0.00246683 0.00189001
threshold=88.200000000000003 275.20394130000005 0.41087726350000003 6.8260500000000004 51.037500000000009 1733.6000000000004 0.094158592000000013 1009.6500000000002 0.00045815750000000006 0.021504166666666668 33.750000000000007 7.2500000000000009 0.015000000000000001 9.3901000000000021 7.0500000000000007 282.51350655000005 28.250000000000004 286.56433500000009 12.65 0.38250000000000006 0.0046500000000000005 1.5500000000000005 11.212205432605712 39.437500000000007 3.9200000000000004 2.9800000000000004 277.28993400000007 0.91500000000000015 14.850000000000003 0.00092500000000000015
decision_type=2 2 2 2 2 2 2 2 2 2 2 10 2 2 2 2 2 2 2 2 2 2 2 2 2 2 2 2 2 2
left_child=2 21 4 -4 5 6 11 8 -8 22 -10 12 13 28 15 -14 -11 -17 -13 24 -21 -2 -9 -22 25 -20 27 -27 -1 -7
right_child=1 -3 3 -5 -6 29 7 9 10 16 -12 18 14 -15 -16 17 -18 -19 19 20 23 -23 -24 -25 -26 26 -28 -29 -30 -31
leaf_value=-7.0761235094747227e-05 0 0.0024159857704862072 0.0015053287424733771 3.5491312940151883e-05 0.00072250658947450581 -4.9296663792657908e-05 0.0011565393950877477 -3.7401122396946612e-05 4.0356440749639352e-05 6.6901869107650352e-05 0.00046201309556147578 -6.9725267679174007e-05 -9.2403369336879164e-06 0.00092769062885217054 -4.6185477365572377e-05 0.00072634348828190315 0.00066839941949813075 0.000111171017457334 -5.7494544584498402e-05 0.00060149859407040399 -6.5348448406914828e-05 -0.00042130955460818552 0.00016430635721301147 0.00032009088838392814 -4.2035785421854209e-05 -8.0127192431481909e-05 0.00056199110427104001 0.00026041147158936028 0.00034569472671960888 -6.5133621413531466e-07
leaf_weight=72 83 52 50 138 59 7292 63 543 168 83 133 2165 132 66 797 59 51 72 280 82 152 57 241 60 2013 110 81 112 52 3040
leaf_count=72 83 52 50 138 59 7292 63 543 168 83 133 2165 132 66 797 59 51 72 280 82 152 57 241 60 2013 110 81 112 52 3040
internal_value=3.38941e-06 0.000533586 -1.96818e-06 0.000458757 -7.08944e-06 -9.8109e-06 2.44715e-05 0.000173454 0.000418489 7.05032e-05 0.000244139 -5.05091e-06 7.10812e-05 0.000394301 8.11604e-06 0.000191163 0.000336122 0.000429516 -2.48761e-05 7.00492e-06 0.000201531 -0.000142306 1.83642e-05 2.12546e-05 -1.31692e-05 7.78419e-05 0.00021913 6.96519e-05 6.525e-05 -3.5469e-05
internal_weight=18358 192 18166 188 17978 17919 7587 1282 364 918 301 6305 1250 190 1060 263 134 131 5055 2890 294 140 784 212 2596 583 303 222 124 10332
internal_count=18358 192 18166 188 17978 17919 7587 1282 364 918 301 6305 1250 190 1060 263 134 131 5055 2890 294 140 784 212 2596 583 303 222 124 10332
is_linear=0
shrinkage=0.05


Tree=36
num_leaves=31
num_cat=0
split_feature=133 36 1 63 88 126 10 77 128 94 84 133 28 83 2 103 29 101 138 28 138 1 117 94 81 73 92 101 116 80
split_gain=0.0198056 0.0930459 0.0147691 0.0273954 0.011622 0.00680625 0.0163456 0.0125098 0.010226 0.0042548 0.00373213 0.0101234 0.0202279 0.00831489 0.00371959 0.00428522 0.00519698 0.00400991 0.00681276 0.00365607 0.00655587 0.00307952 0.00444874 0.00484514 0.0100489 0.00292679 0.00271374 0.00268581 0.00367488 0.00199426
threshold=88.200000000000003 275.20394130000005 0.41087726350000003 6.8260500000000004 51.037500000000009 34.500000000000007 23.455000000000002 280.28692840000002 9.986477217735418 13.500000000000002 13.550000000000002 80.210000000000022 27.700000000000003 16.850000000000005 0.00097368600000000008 752.20000000000016 46.650000000000013 7.5591976499999598 4.6100000000000003 7.0500000000000007 6.0200000000000005 0.014147579000000002 0.25000000000000006 10.500000000000002 32.45000000000001 26.250000000000004 1.5500000000000005 0.96118665000000203 285.98183045000002 21.537500000000005
decision_type=2 2 2 2 2 2 2 2 2 2 2 2 2 2 2 2 2 2 2 2 2 2 2 2 2 2 2 2 2 2
left_child=2 26 4 -4 5 6 14 8 25 -10 -7 19 13 -13 17 -16 27 21 -19 20 -12 22 -1 24 -24 -8 -2 29 -29 -17
right_child=1 -3 3 -5 -6 10 7 -9 9 -11 11 12 -14 -15 15 16 -18 18 -20 -21 -22 -23 23 -25 -26 -27 -28 28 -30 -31
leaf_value=-7.1333634642283878e-05 0 0.0022974657286661412 0.0014315381188256045 3.3729514934682861e-05 0.00068698330938059379 -3.8988905501517761e-05 -0.00020437020868568933 0.0010632540065606281 0.00076648525800944 0.00024226138918517044 -0.00013674803338626927 0.0013463150980882908 -0.0001099032459364451 0.00027998198109309912 -0.000154015876031879 0.00033647532946270075 0 0.00066812888177458991 0 -3.7142958056944472e-05 0.0005080256392617496 5.0942311593302932e-05 0 0 0.00090742650994227517 0.00022048561582707017 -0.00040060726949816639 0.00087861810659067537 0.00020329266095988133 0
leaf_weight=2485 83 52 50 138 59 11311 129 52 74 190 53 51 93 52 94 79 181 57 112 1133 88 1074 63 212 50 50 57 50 80 106
leaf_count=2485 83 52 50 138 59 11311 129 52 74 190 53 51 93 52 94 79 181 57 112 1133 88 1074 63 212 50 50 57 50 80 106
internal_value=3.32756e-06 0.000507261 -1.75102e-06 0.000437549 -6.64706e-06 -9.24813e-06 3.89355e-05 0.000312071 0.000210439 0.000410409 -2.90108e-05 4.43415e-05 0.000378256 0.000863918 8.67834e-06 0.000126357 0.000189755 -7.24581e-06 0.000228281 -3.36488e-06 0.000231196 -1.88371e-05 -4.72946e-05 0.000120829 0.000384711 -5.7352e-05 -0.00013379 0.000312644 0.000505925 0.000147954
internal_weight=18358 192 18166 188 17978 17919 5138 495 443 264 12781 1470 196 103 4643 590 496 4053 169 1274 141 3884 2810 325 113 179 140 315 130 185
internal_count=18358 192 18166 188 17978 17919 5138 495 443 264 12781 1470 196 103 4643 590 496 4053 169 1274 141 3884 2810 325 113 179 140 315 130 185
is_linear=0
shrinkage=0.05


Tree=37
num_leaves=31
num_cat=0
split_feature=133 36 1 63 96 126 3 77 100 141 19 84 2 49 138 49 22 84 133 28 83 28 138 108 42 13 92 3 22 137
split_gain=0.0178902 0.0841301 0.0134307 0.0246946 0.00855244 0.00611567 0.0156471 0.0103199 0.00556889 0.00488798 0.00364623 0.00354886 0.00526518 0.00553813 0.00393698 0.00592119 0.00343828 0.00337453 0.00916346 0.0184523 0.00735813 0.00325919 0.0059677 0.00318183 0.00557627 0.00251817 0.00247532 0.00214194 0.00188645 0.00156368
threshold=88.200000000000003 275.20394130000005 0.41087726350000003 6.8260500000000004 51.187500000000007 34.500000000000007 0.094158592000000013 280.28692840000002 5.6999999999999895 35.180000000000007 -0.0036971428571428541 0.15000000000000005 0.0031384280000000004 980.85000000000002 3.9200000000000004 988.6500000000002 2.5000000000000004 13.550000000000002 80.210000000000022 27.700000000000003 16.850000000000005 7.0500000000000007 6.0200000000000005 284.62394330000001 0.79500000000000015 0.0008805914375 1.5500000000000005 0.050651599000000005 4.5000000000000009 18.300000000000004
decision_type=2 2 2 2 2 2 2 2 2 2 2 2 2 2 2 2 2 2 2 2 2 2 2 2 2 2 2 2 2 2
left_child=2 26 4 -4 5 6 11 8 10 -10 28 23 14 -14 15 -13 -12 29 21 20 -20 22 -19 27 -25 -11 -2 -1 -8 -7
right_child=1 -3 3 -5 -6 17 7 -9 9 25 16 12 13 -15 -16 -17 -18 18 19 -21 -22 -23 -24 24 -26 -27 -28 -29 -30 -31
leaf_value=-8.1484537502170059e-05 0 0.0021847598585036563 0.0013613647243519331 3.2055172404718652e-05 0.00047364265892457775 -3.8822852773382937e-05 4.2859765190787954e-05 0.00081179638381703018 3.0404436934259135e-05 0.00084625642121424001 0 3.6447465484668706e-05 0.00073215957874277887 0 -1.7787637920845882e-05 0.00054013091688530574 0.00027309441426699672 -0.00013003724851269336 0.0012802938751785686 -0.00010446654197987804 0.00026624700764000842 -3.5287448361138414e-05 0.00048290976893982144 0.00047756356781495637 -1.4811014191834064e-06 0.00029277676204680512 -0.00038092225877209849 6.6208701107615161e-05 -0.00022513174097686466 0.00021538448553275723
leaf_weight=2016 83 52 50 138 91 11261 97 71 99 61 165 273 56 53 1122 84 267 53 51 93 52 1133 88 75 207 100 57 241 115 54
leaf_count=2016 83 52 50 138 91 11261 97 71 99 61 165 273 56 53 1122 84 267 53 51 93 52 1133 88 75 207 100 57 241 115 54
internal_value=3.28216e-06 0.000482226 -1.53094e-06 0.000417382 -6.21268e-06 -8.9598e-06 3.68992e-05 0.000217056 0.000163974 0.000364287 7.49117e-05 -4.49366e-06 5.27346e-05 0.000389755 2.42718e-05 0.000170105 0.000162201 -2.76528e-05 4.20173e-05 0.000359729 0.000823907 -3.18354e-06 0.000218007 -4.22618e-05 0.000109494 0.000537274 -0.000125692 -6.34773e-05 -7.94133e-05 -3.71489e-05
internal_weight=18358 192 18166 188 17978 17887 5102 975 904 260 644 4127 1588 109 1479 357 432 12785 1470 196 103 1274 141 2539 282 161 140 2257 212 11315
internal_count=18358 192 18166 188 17978 17887 5102 975 904 260 644 4127 1588 109 1479 357 432 12785 1470 196 103 1274 141 2539 282 161 140 2257 212 11315
is_linear=0
shrinkage=0.05


Tree=38
num_leaves=31
num_cat=0
split_feature=1 63 84 134 88 126 10 10 128 113 140 1 2 101 120 108 117 94 81 83 103 16 30 92 2 120 16 96 139 84
split_gain=0.0119113 0.0222558 0.0107061 0.0655565 0.00996128 0.00623091 0.0137121 0.0114262 0.0061632 0.00349958 0.0252019 0.00324248 0.00388777 0.00386309 0.00439803 0.010657 0.003541 0.00437816 0.00914435 0.00268709 0.00175024 0.00166375 0.00170498 0.00204779 0.00146231 0.00223135 0.00182355 0.00216751 0.00174548 0.00490183
threshold=0.41087726350000003 6.8260500000000004 20.650000000000006 4.2550000000000017 51.037500000000009 34.500000000000007 23.455000000000002 24.090000000000003 9.986477217735418 0.75000000000000011 75.820000000000007 0.016009472000000004 0.0031384280000000004 7.1949302499999712 271.99100325000006 288.90883360000004 0.25000000000000006 10.500000000000002 32.45000000000001 21.450000000000003 752.20000000000016 6.4500000000000002 0.31428571428571334 7.0500000000000016 0.0035617145000000003 283.11222970000006 6.1550000000000011 26.962500000000006 89.303625086230099 9.9500000000000046
decision_type=2 2 2 2 2 2 2 2 2 2 2 2 2 2 10 2 2 2 2 2 2 2 2 2 2 10 2 2 2 2
left_child=2 -2 4 -4 5 6 11 -8 -9 24 -11 12 13 16 15 -15 -1 18 -18 -10 -13 22 -22 -24 28 26 -26 -28 -7 -30
right_child=1 -3 3 -5 -6 9 7 8 19 10 -12 20 -14 14 -16 -17 17 -19 -20 -21 21 -23 23 -25 25 -27 27 -29 29 -31
leaf_value=-6.1408490897773324e-05 0.0012946311120564738 3.0463944758659583e-05 0.0016950625607701525 4.1864301563556403e-06 0.00063425721136688184 -3.6895231704233143e-05 0.00096070109064231028 -1.0069283048591494e-05 0.00043424201602166972 -8.0496790473065794e-06 0.0010398843445188005 -9.1465301836271234e-05 0.00037972699425894063 0.00091900137058333856 -6.4793624937286762e-05 0 0 -2.4086665939544975e-06 0.00085896237959483799 0 4.6755137147504279e-05 0.00036668081776172458 0 0.00043240104587710773 -4.6870643377425436e-05 0.00025773512702134411 -9.0592457120258898e-06 0.00025961802698634169 -5.2123138725082991e-05 -0.00050507657006528461
leaf_weight=2725 50 138 65 483 59 10236 58 186 194 657 61 114 58 51 78 76 64 218 50 57 1026 62 62 72 671 88 106 125 389 79
leaf_count=2725 50 138 65 483 59 10236 58 186 194 657 61 114 58 51 78 76 64 218 50 57 1026 62 62 72 671 88 106 125 389 79
internal_value=3.27325e-06 0.000398205 -5.59524e-07 0.000216576 -7.60753e-06 -1.00844e-05 3.57041e-05 0.000285933 0.000182972 -2.94909e-05 7.53493e-05 7.97181e-06 -1.72865e-05 -2.59921e-05 0.000179147 0.000367368 -4.14378e-05 0.000107156 0.000358351 0.000345336 7.44452e-05 9.40733e-05 7.4893e-05 0.000251358 -3.63614e-05 1.8349e-05 0 0.00011527 -4.18898e-05 -0.000140158
internal_weight=18358 188 18170 548 17622 17563 5151 495 437 12412 718 4656 3320 3262 205 127 3057 332 114 251 1336 1222 1160 134 11694 990 902 231 10704 468
internal_count=18358 188 18170 548 17622 17563 5151 495 437 12412 718 4656 3320 3262 205 127 3057 332 114 251 1336 1222 1160 134 11694 990 902 231 10704 468
is_linear=0
shrinkage=0.05


Tree=39
num_leaves=31
num_cat=0
split_feature=133 36 5 63 88 126 12 87 119 128 2 103 94 116 82 101 43 137 133 49 5 117 136 92 88 9 23 120 128 4
split_gain=0.0155649 0.0731372 0.0111256 0.0200537 0.00895128 0.00511601 0.0125089 0.012533 0.0152006 0.00877031 0.00413379 0.00422024 0.00334649 0.00434055 0.00739569 0.00316942 0.00624664 0.00288925 0.0100159 0.0242314 0.00225213 0.0034556 0.00422494 0.00222936 0.00203702 0.00193897 0.00168401 0.00433736 0.00378493 0.00150306
threshold=88.200000000000003 275.20394130000005 41.090000000000011 6.8260500000000004 51.037500000000009 34.500000000000007 0.076740456500000012 1.0000000180025095e-35 14.15 9.986477217735418 0.00097368600000000008 752.20000000000016 22.500000000000004 286.38757720000007 19.902000000000005 7.5591976499999598 0.36550000000000005 1.0000000180025095e-35 84.075000000000017 971.1500000000002 1.4150000000000003 0.25000000000000006 0.17500000000000002 1.5500000000000005 30.912500000000005 1.3928472222222223 17.759722222222226 270.19101805000008 11.085751269772006 1.1520000000000002e-05
decision_type=2 2 2 2 2 2 2 2 10 2 2 2 2 2 2 2 2 2 2 2 2 2 2 2 2 2 2 8 2 2
left_child=2 23 4 -4 5 6 10 9 -9 -8 15 -12 13 14 25 20 -17 18 -7 -20 21 -1 -23 -2 -11 -13 27 28 -19 -14
right_child=1 -3 3 -5 -6 17 7 8 -10 24 11 12 29 -15 -16 16 -18 26 19 -21 -22 22 -24 -25 -26 -27 -28 -29 -30 -31
leaf_value=-6.2969867033044563e-05 0 0.0020376653796861407 0.0012311688470015047 2.8951707574784491e-05 0.00060307289201500685 -2.9444043370591211e-05 -0.0001857778909437852 0.0013890900351008276 0.00010636886974433595 0.00056490467070886288 -0.00014746857281945844 0 -0.00013308042756871583 6.8607093812790426e-06 0.0008068162774517466 0 0.00065949291375895546 0 0.0012734325707212768 -1.7185228490056576e-05 3.9973799402205054e-05 0.00052249752063429557 8.5201971613886674e-06 -0.00035781140551613324 9.0672704104810306e-05 0.00035800569543128157 -3.5628076156431901e-05 -6.1474043650505741e-06 0.00055575187799716504 0.00014044200947174778
leaf_weight=2485 83 52 50 138 59 407 121 52 58 78 94 70 82 121 83 118 51 58 54 86 1156 51 274 57 75 54 11397 711 68 115
leaf_count=2485 83 52 50 138 59 407 121 52 58 78 94 70 82 121 83 118 51 58 54 86 1156 51 274 57 75 54 11397 711 68 115
internal_value=3.19151e-06 0.000449925 -1.27939e-06 0.000379968 -5.56519e-06 -7.88175e-06 3.38397e-05 0.000308445 0.000764843 0.000104923 1.0547e-05 0.000131348 0.00019096 0.00028936 0.000429627 -6.35507e-06 0.000202917 -2.50464e-05 8.49097e-05 0.000450664 -1.65819e-05 -4.16329e-05 0.000105868 -0.000114615 0.000367004 0.00013272 -3.03779e-05 3.51016e-05 0.00030545 1.24039e-06
internal_weight=18358 192 18166 188 17978 17919 5138 384 110 274 4754 619 525 328 207 4135 169 12781 547 140 3966 2810 325 140 153 124 12234 837 126 197
internal_count=18358 192 18166 188 17978 17919 5138 384 110 274 4754 619 525 328 207 4135 169 12781 547 140 3966 2810 325 140 153 124 12234 837 126 197
is_linear=0
shrinkage=0.05


Tree=40
num_leaves=31
num_cat=0
split_feature=13 81 92 81 6 103 1 92 122 43 15 155 91 29 105 124 1 120 13 136 136 49 23 81 111 104 141 53 131 89
split_gain=0.0102135 0.0355663 0.0191909 0.00807652 0.00674073 0.0154712 0.00545709 0.00660966 0.00411494 0.0065526 0.00363533 0.00607778 0.0226695 0.00713867 0.00460043 0.00472681 0.00307507 0.00721601 0.0118092 0.00279985 0.00243734 0.00190734 0.00184186 0.00172909 0.00511338 0.0062892 0.00370438 0.00415532 0.0025484 0.00138197
threshold=0.0039296913055555565 45.750000000000007 13.150000000000004 55.050000000000004 0.021504166666666668 1572.7500000000002 0.030836468000000002 0.8500000000000002 11.500000000000002 0.31350000000000006 0.00023854166666666669 0.54200000000000015 15.15 30.450000000000003 10.500000000000002 0.37940952255126048 0.072925425000000016 283.11222970000006 0.0008805914375 0.20500000000000004 3.5850000000000004 978.25000000000011 19.240972222222226 32.750000000000007 8.8500000000000032 5.3500000000000014 34.190000000000005 184.50000000000003 39.261172214758496 34.050000000000004
decision_type=2 2 2 2 2 2 2 2 2 2 2 2 2 2 2 2 2 10 2 2 2 2 2 2 2 2 2 2 2 2
left_child=3 2 6 4 10 8 7 -2 9 -6 -1 16 -13 14 22 -16 20 -18 -19 -15 23 -8 -14 -12 25 26 -25 -28 -26 -21
right_child=1 -3 -4 -5 5 -7 21 -9 -10 -11 11 12 13 19 15 -17 17 18 -20 29 -22 -23 -24 24 28 -27 27 -29 -30 -31
leaf_value=-4.0073206108642476e-05 0 0.0013555815605157536 0.00089143048557029526 0.00045510974061969473 0.0011271872719426027 -5.7621504937128404e-06 0.00030625159804131141 -0.00076570162326318285 0.00016022806609562862 0.00019687797442132323 -4.2132593920573633e-05 0.0010549186223306605 0.00024571124223611584 -0.00026685106609691654 4.3411089804174156e-05 0.00082330016644259398 7.0836043342326809e-06 0.0009555216841025477 8.7734978359357678e-05 0.00021954392301900638 0.00024325101649862649 -4.0630727474320972e-05 -2.7046785574860955e-05 -2.3237594599661874e-05 -0.00016616429592803298 0.00059177199791802073 5.6063707447923554e-05 0.00064006908836465592 -3.2783381357906667e-06 -1.7918944579029072e-05
leaf_weight=7116 81 61 54 94 59 393 56 57 77 51 4655 61 94 108 50 61 1331 55 189 68 83 72 104 314 283 70 133 51 2039 435
leaf_count=7116 81 61 54 94 59 393 56 57 77 51 4655 61 94 108 50 61 1331 55 189 68 83 72 104 314 283 70 133 51 2039 435
internal_value=1.21534e-06 0.000257254 2.87386e-05 -3.94783e-06 -6.66617e-06 0.000160235 -0.00013035 -0.000354632 0.000533865 0.000746567 -1.25596e-05 6.17642e-06 0.000124659 5.64716e-05 0.000254068 0.000520166 -5.92225e-06 5.68618e-05 0.000306852 -3.55407e-05 -1.95468e-05 7.35682e-05 7.79028e-05 -2.31322e-05 5.74667e-06 0.000141462 6.70867e-05 0.000247547 -2.53459e-05 4.63466e-06
internal_weight=18355 381 320 17974 17880 580 266 138 187 110 17300 10184 981 920 309 111 9203 1575 244 611 7628 128 198 7545 2890 568 498 184 2322 503
internal_count=18355 381 320 17974 17880 580 266 138 187 110 17300 10184 981 920 309 111 9203 1575 244 611 7628 128 198 7545 2890 568 498 184 2322 503
is_linear=0
shrinkage=0.05


Tree=41
num_leaves=31
num_cat=0
split_feature=13 81 49 81 6 126 95 43 15 113 133 1 120 13 42 84 126 42 136 122 23 24 126 136 75 83 116 93 101 90
split_gain=0.00917837 0.032189 0.0181244 0.00729351 0.00611931 0.0137021 0.00403457 0.00342552 0.00330071 0.00680143 0.0315142 0.00271954 0.00524644 0.0118212 0.00320543 0.00275283 0.00426769 0.00621611 0.00234119 0.00230529 0.0022648 0.00185006 0.00181362 0.00188693 0.00353196 0.00141516 0.00140606 0.00362309 0.0032559 0.00138223
threshold=0.0039296913055555565 45.750000000000007 972.25000000000011 55.050000000000004 0.021504166666666668 40.500000000000007 7.5000000000000009 0.39150000000000007 0.00023854166666666669 0.45000000000000007 84.075000000000017 0.064678997500000016 283.11222970000006 0.0008805914375 1.5350000000000004 14.750000000000002 44.500000000000007 0.54500000000000015 3.5850000000000004 11.500000000000002 17.759722222222226 40.850000000000001 41.500000000000007 0.41500000000000004 15.65 20.450000000000003 294.00043860000005 272.05868305000007 6.1864084500000169 20.705102040816328
decision_type=2 2 2 2 2 2 2 2 2 2 2 2 10 2 2 2 2 2 2 2 2 2 2 2 2 2 2 2 2 2
left_child=3 2 -2 4 8 6 19 -4 -1 11 20 14 22 -14 15 18 -17 21 26 -6 -11 -18 23 24 -13 -25 -10 28 -28 -15
right_child=1 -3 7 -5 5 -7 -8 -9 9 10 -12 12 13 29 -16 16 17 -19 -20 -21 -22 -23 -24 25 -26 -27 27 -29 -30 -31
leaf_value=-3.8069827653152696e-05 0.00078441982641547486 0.0012888957104916054 0 0.00043259377787686204 0.00084442024333539461 -4.5860270914339391e-06 1.6266121622394627e-05 -0.00039354041863519417 -3.0405092639282846e-05 0.00033264015260635739 0.0012665171848160661 0 0.0009085987453207573 -1.5455947356484073e-05 -0.0003257322301035268 -5.9916103481501688e-05 0.00026903005425364104 0.00073038747275396346 0.00023391696873038793 0.00023492385641756387 5.0770066309590543e-06 -1.2319243262027155e-05 -2.5475286573376854e-05 0.00012193314347371742 0.00053556186430080849 -6.6971468137598408e-05 1.3630794716534994e-05 -6.6776971785822588e-05 0.00054996232000000119 0.00020769598702000542
leaf_weight=7116 64 61 166 94 84 390 52 90 6842 62 58 73 55 122 84 169 80 54 84 54 565 109 983 189 60 180 94 164 59 98
leaf_count=7116 64 61 166 94 84 390 52 90 6842 62 58 73 55 122 84 169 80 54 84 54 565 109 983 189 60 180 94 164 59 98
internal_value=1.25857e-06 0.000243981 2.58232e-05 -3.62161e-06 -6.2186e-06 0.000152781 0.000500307 -0.000146685 -1.18467e-05 5.98749e-06 0.000158243 -4.48124e-06 5.08791e-05 0.000251965 -1.77222e-05 -1.36472e-05 0.00010998 0.000248392 -2.13839e-05 0.000645299 4.59075e-05 8.12438e-05 1.01318e-05 8.97088e-05 0.000254314 1.63391e-05 -2.511e-05 7.31901e-05 0.000255147 6.18137e-05
internal_weight=18355 381 320 17974 17880 580 190 256 17300 10184 685 9499 1760 275 7739 7655 412 243 7243 138 627 189 1485 502 133 369 7159 317 153 220
internal_count=18355 381 320 17974 17880 580 190 256 17300 10184 685 9499 1760 275 7739 7655 412 243 7243 138 627 189 1485 502 133 369 7159 317 153 220
is_linear=0
shrinkage=0.05


Tree=42
num_leaves=31
num_cat=0
split_feature=13 35 33 81 6 103 75 92 112 15 113 133 120 1 11 53 103 42 85 84 119 21 23 8 129 96 30 49 49 116
split_gain=0.00827396 0.0293992 0.0212003 0.00658657 0.00555514 0.0129758 0.00499768 0.0035585 0.00334274 0.0029954 0.00620102 0.0284419 0.002568 0.00245853 0.00491741 0.00774682 0.00556253 0.00289516 0.00263159 0.00246478 0.00389995 0.0052781 0.00203883 0.00197784 0.00191797 0.00293876 0.00167818 0.0016363 0.00136285 0.00129431
threshold=0.0039296913055555565 280.32902365000007 0.084563316124020974 55.050000000000004 0.021504166666666668 1572.7500000000002 13.15 1.6500000000000006 279.25582535000007 0.00023854166666666669 0.45000000000000007 84.075000000000017 270.76745550000004 0.064678997500000016 0.0022772157361111113 140.50000000000003 1085.7 1.5350000000000004 277.52778440000003 14.750000000000002 3.4500000000000006 0.43750000000000006 17.759722222222226 0.0016624757713105426 7.5000000000000009 32.987500000000004 -2.9028571428571417 982.05000000000007 961.45000000000016 294.00043860000005
decision_type=2 2 2 2 2 2 2 2 2 2 2 2 10 2 2 2 2 2 2 2 10 2 2 2 2 2 2 2 2 2
left_child=3 6 -3 4 9 8 7 -2 27 -1 13 22 -8 17 15 -15 18 19 26 29 21 -21 -12 -22 -24 -26 -16 -6 -7 -11
right_child=1 2 -4 -5 5 28 12 -9 -10 10 11 -13 -14 14 16 -17 -18 -19 -20 20 23 -23 24 -25 25 -27 -28 -29 -30 -31
leaf_value=-3.6166603702906227e-05 -1.624090305394429e-05 0.00019651518440923612 0.0016814301094935074 0.00041119177295867736 0.00040995611835198902 0.00016458183226652321 0 -0.0005772037957341617 0.00075247442449429339 -2.5331675665933429e-05 0.00031627215087942282 0.0012042646570391638 0.00045170860964407323 5.3055843875730111e-05 0 0.00082824290472404642 -2.356811675569136e-05 -0.0003096372278626351 0 0.00067590853335665704 0.00022213307658428875 0 -3.1801946545318961e-05 -8.0147763733446009e-05 0.00047888456403241296 0 0.0004218746417938786 0 -6.3604800166621895e-05 7.4056488425310691e-05
leaf_weight=7116 108 63 50 94 53 78 57 51 84 6923 62 58 52 134 55 50 1299 84 86 59 72 73 453 208 50 62 136 50 315 320
leaf_count=7116 108 63 50 94 53 78 57 51 84 6923 62 58 52 134 55 50 1299 84 86 59 72 73 453 208 50 62 136 50 315 320
internal_value=1.29714e-06 0.000231755 0.000906403 -3.3224e-06 -5.80412e-06 0.000145666 -3.64292e-05 -0.000229905 0.00048792 -1.11794e-05 5.79112e-06 0.000151176 0.000199867 -4.18152e-06 4.84225e-05 0.00029407 1.6404e-05 -1.67954e-05 0.00022125 -1.28889e-05 0.000103988 0.000326935 4.40371e-05 0 4.8236e-06 0.000196179 0.000324259 0.000218929 -5.32272e-06 -2.02408e-05
internal_weight=18355 381 113 17974 17880 580 268 159 187 17300 10184 685 109 9499 1760 184 1576 7739 277 7655 412 132 627 280 565 112 191 103 393 7243
internal_count=18355 381 113 17974 17880 580 268 159 187 17300 10184 685 109 9499 1760 184 1576 7739 277 7655 412 132 627 280 565 112 191 103 393 7243
is_linear=0
shrinkage=0.05


Tree=43
num_leaves=31
num_cat=0
split_feature=14 81 49 81 5 103 4 10 44 113 115 134 128 92 96 6 112 84 101 86 105 53 117 136 23 6 0 42 93 100
split_gain=0.00759435 0.0338224 0.0109424 0.00594805 0.00430389 0.0106471 0.0123389 0.004934 0.00776133 0.00320998 0.0136004 0.0212906 0.00290134 0.00257469 0.00235228 0.00360598 0.0028767 0.0014168 0.00276131 0.00399028 0.0012721 0.00664638 0.0019426 0.00118731 0.00114998 0.00178471 0.00106059 0.000932056 0.00243577 0.00083639
threshold=0.061309237500000009 40.550000000000004 970.85000000000002 55.050000000000004 7.2950000000000008 1039.95 0.00045815750000000006 11.155000000000001 1412.5000000000002 0.45000000000000007 8.8500000000000032 4.7600000000000007 9.986477217735418 1.6500000000000006 39.162500000000009 0.021504166666666668 277.46799615000003 20.650000000000006 -0.084514900000016255 5.5000000000000009 4.5000000000000009 204.50000000000003 1.0000000180025095e-35 3.5850000000000004 17.759722222222226 0.00030833333333333337 0.0046500000000000005 1.5450000000000002 267.34497885000007 -0.95000000000004536
decision_type=2 2 2 2 2 2 2 2 2 2 2 2 2 2 2 2 2 2 2 2 2 2 2 2 2 2 2 2 2 2
left_child=3 2 -2 4 9 6 -6 8 -7 17 11 -11 -8 -4 -9 -16 -17 20 19 -19 21 22 -1 27 25 -12 -25 -22 -29 -26
right_child=1 -3 13 -5 5 7 12 14 -10 10 24 -13 -14 -15 15 16 -18 18 -20 -21 23 -23 -24 26 29 -27 -28 28 -30 -31
leaf_value=-4.9823211905329201e-05 0.00059701373769935904 0.0011297998167082155 -3.0925892140979106e-05 0.00039084861357083651 0.001003764384849505 1.1502953311137387e-05 -2.8888495776764286e-05 -2.9061174926382192e-05 0.00078560133178213554 0.0011887400917744695 0 0 0.0002555757106020605 -0.00043028396271337343 3.5168418914361937e-08 0 0.00043280053410045289 0 -1.8516201695273439e-05 0.00059461451501570178 -3.1011678237094347e-05 0.0005107323412606215 0.00019938149901821143 0 -6.8691596343702619e-05 0.00033392842285186484 0.00020598532429597907 0 -0.00043683712293386641 6.9012444002090393e-05
leaf_weight=542 56 80 169 94 54 124 97 2222 51 64 65 87 238 71 502 61 107 60 170 52 12243 66 88 77 554 56 96 55 51 103
leaf_count=542 56 80 169 94 54 124 97 2222 51 64 65 87 238 71 502 61 107 60 170 52 12243 66 88 77 554 56 96 55 51 103
internal_value=1.34189e-06 0.000223623 -7.43456e-06 -3.04083e-06 -5.41232e-06 4.4288e-05 0.000290919 1.12924e-05 0.000268688 -1.76652e-05 7.08365e-05 0.000504097 0.000158487 -0.000171111 -2.64222e-06 7.74352e-05 0.000277759 -2.41305e-05 8.23394e-05 0.000278481 -2.67863e-05 3.57389e-05 -6.82892e-06 -3.06635e-05 -7.37466e-06 0.000124604 9.17341e-05 -3.27903e-05 -0.000189282 -3.94324e-05
internal_weight=18355 376 296 17979 17885 3456 389 3067 175 14429 929 151 335 240 2892 670 168 13500 282 112 13218 696 630 12522 778 121 173 12349 106 657
internal_count=18355 376 296 17979 17885 3456 389 3067 175 14429 929 151 335 240 2892 670 168 13500 282 112 13218 696 630 12522 778 121 173 12349 106 657
is_linear=0
shrinkage=0.05


Tree=44
num_leaves=31
num_cat=0
split_feature=14 81 49 81 120 1 61 24 0 89 76 91 93 80 96 21 42 136 137 105 120 81 98 42 137 131 106 16 122 128
split_gain=0.00681611 0.0306049 0.00995125 0.00537146 0.00399566 0.00391331 0.00839528 0.00766373 0.00440423 0.00314652 0.00281574 0.0172833 0.0263385 0.00494208 0.00280887 0.00295907 0.00255954 0.00235033 0.00154653 0.00128766 0.00412715 0.00801765 0.00722364 0.00140922 0.00269426 0.00107644 0.00100131 0.000965265 0.00105742 0.0016161
threshold=0.061309237500000009 40.550000000000004 970.1500000000002 55.050000000000004 278.37781920000003 0.072925425000000016 194.55000000000004 62.750000000000007 0.051100000000000007 47.95000000000001 2.0500000000000012 14.15 263.75719270000008 23.662500000000005 39.162500000000009 0.42361111111111122 0.57500000000000007 0.47500000000000003 18.300000000000004 5.5000000000000009 271.70439640000001 39.150000000000013 2.7000000000000011 1.5350000000000004 0.055000000000000007 91.467890746291033 20.050000000000004 0.24500000000000002 13.500000000000002 9.5328200594442709
decision_type=2 2 2 2 8 2 2 2 2 2 2 2 2 2 2 2 2 2 2 2 8 2 2 2 2 2 2 2 2 2
left_child=3 2 -2 5 -4 10 7 9 -8 16 18 12 -12 -13 -10 -16 17 -7 19 20 21 22 -1 -21 -25 -23 -17 -15 29 -29
right_child=1 -3 4 -5 -6 6 8 -9 14 -11 11 13 -14 27 15 26 -18 -19 -20 23 -22 25 -24 24 -26 -27 -28 28 -30 -31
leaf_value=0.00069721318826981892 0.0006100975856180395 0.0010740072269928298 -0.00042748671041178689 0.00037151188415315888 0 3.4770374935544513e-05 0.00036596204152807509 0.00071700275726616384 -2.6784955514485927e-05 -9.9442919254429671e-05 0.0014832613721556104 0.00038339245229474276 0 -8.3134269295494494e-05 0.00026820781501314255 0.00016667092303281753 0 0.000409965389016974 0.00017223563516737439 -2.902971351260728e-05 -6.3608400521267199e-05 -7.7415057995615841e-05 0 -0.00047586186507273085 0 0.00016754167138506606 -1.534358660734953e-05 0.0002284281177117009 -3.8411229921086092e-05 0
leaf_weight=96 50 80 86 94 160 100 83 74 2282 84 50 79 57 434 176 88 71 158 91 11673 485 202 62 52 73 52 340 111 570 342
leaf_count=96 50 80 86 94 160 100 83 74 2282 84 50 79 57 434 176 88 71 158 91 11673 485 202 62 52 73 52 340 111 570 342
internal_value=1.35843e-06 0.000211946 -7.03996e-06 -2.77911e-06 -0.00015468 -5.04652e-06 4.23286e-05 0.000234969 8.97814e-06 0.000134999 -1.67424e-05 4.37649e-05 0.000655158 0 0 9.43377e-05 0.000210129 0.000284542 -2.49114e-05 -2.67318e-05 2.81338e-05 0.00014813 0.000427757 -3.13291e-05 -0.000204433 -7.19823e-06 1.07262e-05 -2.02188e-05 1.64498e-06 6.30336e-05
internal_weight=18355 376 296 17979 246 17885 3456 487 2969 413 14429 1643 107 1536 2886 604 329 258 12786 12695 897 412 158 11798 125 254 428 1457 1023 453
internal_count=18355 376 296 17979 246 17885 3456 487 2969 413 14429 1643 107 1536 2886 604 329 258 12786 12695 897 412 158 11798 125 254 428 1457 1023 453
is_linear=0
shrinkage=0.05


Tree=45
num_leaves=31
num_cat=0
split_feature=133 116 43 18 126 35 81 75 101 54 15 131 118 67 12 96 116 19 6 116 134 142 81 137 114 43 118 93 104 61
split_gain=0.0117283 0.0554733 0.00834377 0.00790634 0.0206981 0.0058348 0.00545532 0.0232321 0.00238488 0.00331746 0.00223058 0.00495728 0.0172749 0.0191537 0.0142248 0.00398142 0.00554344 0.00391525 0.00153204 0.00145922 0.00139589 0.00159905 0.00299757 0.00391698 0.0028141 0.00176283 0.00507317 0.00124091 0.00113887 0.00113371
threshold=88.200000000000003 270.91500150000007 0.33850000000000008 0.063537500000000011 10.500000000000002 276.28128710000004 55.050000000000004 15.050000000000002 -0.49133309999999136 0.15500000000000003 0.00090416666666666673 33.845472724088289 14.850000000000003 11.350000000000003 0.028052429000000004 42.837500000000013 294.58699730000006 -0.0028999999999999985 0.0043118055555555566 280.87640290000007 6.4800000000000013 324.71721579655133 38.95000000000001 2.4850000000000008 26.050000000000004 0.25250000000000006 21.750000000000004 267.23502875000003 0.35000000000000009 211.50000000000003
decision_type=2 2 2 2 2 2 2 2 2 2 2 2 8 2 2 2 2 2 2 2 2 2 2 2 2 2 10 2 2 2
left_child=3 -2 -3 6 -5 -6 10 -8 -7 -10 20 12 13 -12 -15 -13 17 19 -19 -17 -1 25 29 27 -25 26 -22 -24 -29 -23
right_child=1 2 -4 4 5 8 7 -9 9 -11 11 15 -14 14 -16 16 -18 18 -20 -21 21 22 23 24 -26 -27 -28 28 -30 -31
leaf_value=-5.8646419332542716e-05 0.0016035844035104674 -0.00067394322693714397 0.00010183872626648849 0.0011400665889791876 -4.7479556021365869e-05 2.028392760742766e-05 0.0011430554195562851 -0.00027462086444600197 0.00068547848228208211 5.1089369452310452e-05 3.6243437182072802e-05 -1.6592832931092764e-05 -5.0551449000623036e-05 0.001628209741115022 0.00028688347870439219 0 0.00062416201501311569 0 0.00024363872100201627 -0.00025451180998831716 -1.7330655012534238e-05 5.8663814586765002e-05 -1.9830671373084027e-05 0 0.00049164036309348941 -3.8148327458497981e-05 0.00053761041224368873 0 0.00019432473072485677 -2.0993641573238492e-05
leaf_weight=2166 63 51 80 51 313 89 50 57 65 58 123 4188 352 50 51 107 52 80 231 84 128 494 350 67 97 5093 51 98 168 3326
leaf_count=2166 63 51 80 51 313 89 50 57 65 58 123 4188 352 50 51 107 52 80 231 84 128 494 350 67 97 5093 51 98 168 3326
internal_value=3.14352e-06 0.000388889 -0.000165122 -7.49133e-07 0.000181033 7.63742e-05 -7.04138e-06 0.000345998 0.000282072 0.000429483 -9.52575e-06 1.69177e-05 0.000155297 0.000499781 0.00100938 0 0.000125922 6.32324e-05 0.000178503 -9.83702e-05 -2.16234e-05 -1.29887e-05 7.68758e-06 9.75388e-05 0.000317684 -3.19756e-05 0.000115112 3.0405e-05 0.000115058 -9.37117e-06
internal_weight=18233 194 131 18039 576 525 17463 107 212 123 17356 5318 576 224 101 4742 554 502 311 191 12038 9872 4600 780 164 5272 179 616 266 3820
internal_count=18233 194 131 18039 576 525 17463 107 212 123 17356 5318 576 224 101 4742 554 502 311 191 12038 9872 4600 780 164 5272 179 616 266 3820
is_linear=0
shrinkage=0.05


Tree=46
num_leaves=31
num_cat=0
split_feature=133 36 12 126 81 75 89 88 15 131 105 80 96 7 19 140 115 92 28 112 141 90 4 128 28 92 141 6 81 66
split_gain=0.0105953 0.0526085 0.00729894 0.0218308 0.00486877 0.0210737 0.00417195 0.00209403 0.00417864 0.00957448 0.023882 0.0172598 0.00448674 0.00984527 0.00351253 0.00247217 0.00475647 0.00206081 0.00196909 0.00443437 0.00644593 0.00189663 0.00174471 0.00225069 0.00166216 0.00107277 0.00100739 0.000941326 0.000909751 0.00161526
threshold=88.200000000000003 275.20394130000005 0.096316070500000003 11.500000000000002 55.050000000000004 15.050000000000002 40.750000000000007 24.362500000000004 0.00090416666666666673 33.845472724088289 16.500000000000004 28.612500000000004 42.837500000000013 0.12925000000000003 -0.0028999999999999985 76.225000000000009 9.8500000000000032 1.3500000000000005 7.0500000000000007 285.25187180000006 33.920000000000009 30.492857142857147 0.00011533350000000001 8.7731099332684845 22.300000000000001 7.3500000000000023 38.720000000000006 0.0043118055555555566 42.750000000000007 17.225000000000005
decision_type=2 2 2 2 2 2 2 2 2 2 2 2 2 2 2 2 2 2 2 2 2 2 2 2 2 2 2 2 2 2
left_child=2 17 4 -4 7 -6 -5 -1 18 10 -10 -12 15 14 -14 24 -17 -2 19 -9 -21 -8 25 -24 -11 -20 -27 -16 -26 -30
right_child=1 -3 3 6 5 -7 21 8 9 12 11 -13 13 -15 27 16 -18 -19 22 20 -22 -23 23 -25 28 26 -28 -29 29 -31
leaf_value=-3.2975163761585776e-05 9.4652908956046476e-08 0.0016864950134503568 0.0010996595881417682 -2.318877764166156e-05 0.001087023249882109 -0.00026112656279643677 0.00038501865774793391 0 0 -9.7202627689562499e-05 0.0015923843915359112 0.00026063598127387065 -0.00010164886986417457 0.00079946890430239209 0 0.00044081164565630559 -2.3140121610964285e-05 -0.0003334128398015427 -1.7656678136980833e-05 0 0.00062765663137389835 0 0.00023450150693248847 -7.7850342350703171e-06 -1.2560137147737991e-05 -9.2335917011206325e-05 2.4274756860971132e-05 0.00023571485075311703 0.00034485728804058602 6.5713019931936893e-06
leaf_weight=6007 79 54 57 354 50 57 113 524 215 541 50 69 157 54 66 87 100 61 1607 85 75 51 97 3951 1502 1545 136 204 50 235
leaf_count=6007 79 54 57 354 50 57 113 524 215 541 50 69 157 54 66 87 100 61 1607 85 75 51 97 3951 1502 1545 136 204 50 235
internal_value=3.07246e-06 0.000369709 -6.13632e-07 0.000174196 -6.66515e-06 0.000326786 6.08027e-05 -9.02752e-06 3.2081e-06 5.06447e-05 0.000305281 0.000870468 2.04966e-05 0.000160575 6.64172e-05 -4.35965e-06 0.00016731 -0.000111092 -1.58686e-05 6.32417e-05 0.000293041 0.000271446 -2.39339e-05 -6.879e-07 -2.0362e-05 -5.10239e-05 -7.99201e-05 0.000182609 1.45785e-07 8.44005e-05
internal_weight=18233 194 18039 575 17464 107 518 17357 11350 3330 334 119 2996 481 427 2515 187 140 8020 684 160 164 7336 4048 2328 3288 1681 270 1787 285
internal_count=18233 194 18039 575 17464 107 518 17357 11350 3330 334 119 2996 481 427 2515 187 140 8020 684 160 164 7336 4048 2328 3288 1681 270 1787 285
is_linear=0
shrinkage=0.05


Tree=47
num_leaves=31
num_cat=0
split_feature=84 133 18 103 121 83 103 6 103 88 94 137 82 28 61 53 77 134 88 29 124 33 133 92 23 138 1 82 8 11
split_gain=0.0101275 0.0705975 0.00686834 0.0188939 0.00549121 0.00461058 0.021795 0.00215059 0.00494734 0.00924545 0.0270898 0.00374391 0.00901011 0.00341172 0.00289653 0.00276974 0.00226162 0.00486312 0.00210975 0.00206098 0.00184649 0.0157825 0.00197836 0.00382642 0.00178726 0.00162747 0.0021198 0.00162181 0.0015956 0.00129779
threshold=21.050000000000008 84.075000000000017 0.063537500000000011 1046.95 1.0000000180025095e-35 35.100000000000001 1063.2500000000002 0.0027090277777777785 1271.3000000000002 42.625000000000007 20.500000000000004 1.0000000180025095e-35 19.742000000000001 33.750000000000007 170.60000000000002 249.50000000000003 290.6596164500001 6.4400000000000004 30.062500000000004 29.350000000000005 -0.9159756150367534 -0.9977368637046552 82.02000000000001 0.75000000000000011 29.060416666666672 4.8350000000000009 0.0025252640000000006 23.094000000000005 0.010133979621826293 0.0019846850833333336
decision_type=2 2 2 2 10 2 2 2 2 2 2 2 2 2 2 2 2 2 2 2 2 2 2 2 2 2 2 2 2 2
left_child=2 25 5 -4 27 7 -7 16 9 13 -11 12 -10 15 24 18 -1 -18 19 -9 21 -13 -22 -24 29 26 -2 -5 -8 -15
right_child=1 -3 3 4 -6 6 28 8 11 10 -12 20 -14 14 -16 -17 17 -19 -20 -21 22 -23 23 -25 -26 -27 -28 -29 -30 -31
leaf_value=-2.463571767007152e-05 0 0.001968907388414104 0.0010917582387999431 -8.4566593544840654e-05 0.00041117172240314847 0.0011088144111580241 3.0684936283496235e-06 -0.00039800564222745247 0 0.0012894939372248093 4.5975781677134824e-05 0.00086340064057069627 0.00076913826140191633 3.70928463123094e-05 0 0.00029759285829993222 -0.00062109859615492712 -3.3938992959080207e-05 1.550298945876512e-05 -6.4452364757751048e-05 -2.8457039806800748e-05 -9.8298427156715001e-06 0 -0.00057317822300926007 0 -1.549893209340298e-05 0.00042683571748896687 0.00011363838003087565 -0.00031172501675498033 0.00034164894688556546
leaf_weight=8477 53 51 50 268 94 51 62 64 122 59 198 54 50 90 278 61 51 181 596 435 5057 721 98 50 98 388 51 164 51 210
leaf_count=8477 53 51 50 268 94 51 62 64 122 59 198 54 50 90 278 61 51 181 596 435 5057 721 98 50 98 388 51 164 51 210
internal_value=2.96906e-06 0.000215606 -3.28709e-06 0.000165932 6.65336e-05 -9.28395e-06 0.000252376 -1.21253e-05 5.6781e-06 7.25868e-05 0.000354724 -1.62372e-05 0.000210216 3.01077e-05 0.000120315 -1.83799e-05 -2.95448e-05 -0.000186584 -4.07996e-05 -0.000117943 -2.36206e-05 4.56055e-05 -3.48952e-05 -0.000219657 0.000206664 2.00945e-05 0.000199387 0 -9.6635e-05 0.00026732
internal_weight=18233 543 17690 576 526 17114 164 16950 8241 2089 257 6152 172 1832 676 1156 8709 232 1095 499 5980 775 5205 148 398 492 104 432 113 300
internal_count=18233 543 17690 576 526 17114 164 16950 8241 2089 257 6152 172 1832 676 1156 8709 232 1095 499 5980 775 5205 148 398 492 104 432 113 300
is_linear=0
shrinkage=0.05


Tree=48
num_leaves=31
num_cat=0
split_feature=84 133 1 61 81 75 88 11 66 33 41 137 4 107 121 100 22 84 141 136 49 138 0 117 69 82 19 113 19 112
split_gain=0.00914523 0.063848 0.00635243 0.0176615 0.00402957 0.0183197 0.00244844 0.00860331 0.0103283 0.00483461 0.00274978 0.00471126 0.00250821 0.00304531 0.00322025 0.00172044 0.00657137 0.0142568 0.0135836 0.00161661 0.00613679 0.0014669 0.00192635 0.00144945 0.00185937 0.00108605 0.00583364 0.0010581 0.00385358 0.000901357
threshold=21.050000000000008 84.075000000000017 0.41087726350000003 585.39999999999998 55.050000000000004 15.050000000000002 37.787500000000016 0.0040165472500000013 20.375000000000004 0.20887591175866138 96.500000000000014 0.03500000000000001 9.5050000000000013e-06 8.2500000000000018 0.15000000000000005 5.2500000000000009 1.5000000000000002 1.0000000180025095e-35 36.980000000000011 0.14500000000000005 986.6500000000002 4.8350000000000009 0.0016000000000000001 2.0500000000000003 282.29920140000007 28.910000000000007 -0.0046671428571428558 1.3500000000000003 -0.00055428571428571408 286.02616050000006
decision_type=2 2 2 2 2 2 2 2 2 2 2 2 2 2 10 2 2 2 2 2 2 2 2 2 2 2 2 2 2 2
left_child=2 21 4 -4 6 -6 10 12 -9 -10 15 -12 -8 14 -14 23 17 18 -17 20 -15 22 -2 25 -25 27 -27 29 -29 -1
right_child=1 -3 3 -5 5 -7 7 8 9 -11 11 -13 13 19 -16 16 -18 -19 -20 -21 -22 -23 -24 24 -26 26 -28 28 -30 -31
leaf_value=-3.5104757448990385e-05 0 0.0018723552303652889 0.0010798064922838582 0 0.0010074462470320035 -0.00024718599645862484 -6.7679216826693766e-05 0.00087109224901471939 0.00033293591964563045 -0.00021203394064034983 0.0005717181900294796 3.1572099469292166e-06 6.1641338215422291e-05 0 0.00046915664701327269 2.2779593146643204e-06 -1.0323744454262643e-05 -2.5782916099059447e-05 0.0012075320546025947 -9.774056806667453e-06 0.00060465365601044575 -1.4725977690270721e-05 0.00040590434792997824 0 0.0003488880472174391 -0.00061665710723900712 -4.1251654073712416e-05 0.00045613176052798876 -2.295290944156087e-05 2.193873620425659e-05
leaf_weight=9445 53 51 50 141 50 57 793 64 89 64 51 187 233 280 78 53 2699 161 58 1558 52 388 51 97 54 51 499 51 139 636
leaf_count=9445 53 51 50 141 50 57 793 64 89 64 51 187 233 280 78 53 2699 161 58 1558 52 388 51 97 54 51 499 51 139 636
internal_value=2.86172e-06 0.000204929 -3.06939e-06 0.000282394 -6.48688e-06 0.000296694 -8.65655e-06 3.01905e-05 0.000333959 7.26106e-05 -1.78067e-05 0.000147795 6.40032e-06 3.53798e-05 0.00018105 -2.10025e-05 1.15466e-05 0.000246119 0.000681852 8.6826e-06 0.00011008 1.84966e-05 0.000189021 -3.0272e-05 0.000116029 -3.27861e-05 -0.000104704 -2.84384e-05 8.11803e-05 -3.10082e-05
internal_weight=18233 543 17690 191 17499 107 17392 3211 217 153 14181 238 2994 2201 311 13943 2971 272 111 1890 332 492 104 10972 151 10821 550 10271 190 10081
internal_count=18233 543 17690 191 17499 107 17392 3211 217 153 14181 238 2994 2201 311 13943 2971 272 111 1890 332 492 104 10972 151 10821 550 10271 190 10081
is_linear=0
shrinkage=0.05


Tree=49
num_leaves=31
num_cat=0
split_feature=133 116 1 61 120 85 19 119 30 1 120 112 22 84 111 50 21 129 124 15 80 88 96 21 131 88 14 2 93 53
split_gain=0.00848647 0.0449169 0.00562302 0.0159814 0.00459486 0.00363507 0.0334909 0.00450706 0.00662564 0.00211631 0.00376654 0.00782388 0.0183044 0.00205545 0.00403749 0.0113886 0.00208263 0.005658 0.0103031 0.00311218 0.00268936 0.00353533 0.00175017 0.00196098 0.0017067 0.00155135 0.00154319 0.00173434 0.00222414 0.00146125
threshold=88.200000000000003 270.91500150000007 0.41087726350000003 585.39999999999998 269.97554470000006 280.06997175000004 -0.0016728571428571424 8.5500000000000025 -1.915714285714285 0.072925425000000016 283.11222970000006 268.58690055000005 1.5000000000000002 1.2500000000000004 5.5500000000000007 1014.4500000000002 0.5902777777777779 6.5000000000000009 0.91597561503675351 0.0011052083333333337 29.187500000000004 29.612500000000004 37.162500000000001 0.46527777777777785 189.71052005291051 47.612500000000011 0.0047244600000000006 9.4850000000000015e-05 266.14453170000007 9.5000000000000018
decision_type=2 2 2 2 10 2 2 10 2 2 10 2 2 2 2 2 2 2 2 2 2 2 2 2 2 2 2 2 2 2
left_child=2 -2 5 -4 -3 9 -7 8 -8 13 22 -12 -13 25 15 -15 17 26 19 -19 21 -21 -11 -24 -14 -1 27 -16 -29 -22
right_child=1 4 3 -5 -6 6 7 -9 -10 10 11 12 24 14 16 -17 -18 18 -20 20 29 -23 23 -25 -26 -27 -28 28 -30 -31
leaf_value=-2.8626951461165253e-05 0.0014256385977023456 -0.00045694639738316518 0.001026874787365908 0 8.3746957146407414e-05 0.001170859066431746 0.00068170008952384475 -7.5113553477023623e-05 -3.4091656107193515e-06 -2.1323802759549439e-05 -3.6914999094766133e-05 0.001051099559058523 -8.3263793927714389e-05 0.00087351125694683533 0 0 -4.9872739778046248e-05 -3.8535632907219888e-05 0.00070127259916474729 4.4476022614679971e-05 0.00021464024402424308 0.0005957303989922142 0.00014948480614790621 0 0.00020255790405714102 -0.00024913029861636462 -4.7495711094635369e-05 0 0.0003608965943290276 -5.7482597677027257e-05
leaf_weight=8985 63 69 50 141 62 66 53 484 63 1955 222 68 74 50 817 141 1470 280 76 86 71 72 376 541 104 86 1408 97 83 120
leaf_count=8985 63 69 50 141 62 66 53 484 63 1955 222 68 74 50 817 141 1470 280 76 86 71 72 376 541 104 86 1408 97 83 120
internal_value=2.79805e-06 0.000330927 -4.71787e-07 0.000268334 -0.000164471 -3.64341e-06 0.000110361 0 0.000270031 -8.35956e-06 2.6779e-05 0.00015846 0.000354452 -1.72008e-05 8.55098e-06 0.000233214 0 2.2305e-05 0.000147345 7.14729e-05 0.000173876 0.000329294 3.5332e-06 6.19393e-05 5.59989e-05 -3.12959e-05 -1.23171e-05 3.23512e-05 0.000172411 1.82224e-05
internal_weight=18233 194 18039 191 131 17848 666 600 116 17182 3340 468 246 13842 4771 191 4580 3110 705 629 349 158 2872 917 178 9071 2405 997 180 191
internal_count=18233 194 18039 191 131 17848 666 600 116 17182 3340 468 246 13842 4771 191 4580 3110 705 629 349 158 2872 917 178 9071 2405 997 180 191
is_linear=0
shrinkage=0.05


Tree=50
num_leaves=31
num_cat=0
split_feature=133 116 120 1 103 81 11 66 36 96 134 131 120 30 30 116 23 90 19 117 103 100 22 120 3 85 2 128 94 31
split_gain=0.00712593 0.0418655 0.00405402 0.00379359 0.011822 0.00290853 0.00689166 0.0119576 0.00615497 0.00321696 0.0025929 0.00422784 0.0138857 0.00209106 0.00176988 0.00208666 0.00171715 0.00379932 0.00134147 0.00117914 0.00379144 0.00125255 0.00477833 0.00930362 0.00119339 0.00185774 0.00189173 0.00105038 0.00262989 0.00509971
threshold=88.200000000000003 270.91500150000007 269.97554470000006 0.41087726350000003 1434.1000000000004 39.850000000000001 0.0044062812152777788 20.225000000000005 263.88643290000005 51.187500000000007 3.8750000000000004 29.116437666821316 267.83072790000006 -1.5699999999999987 0.11142857142857074 278.22878725000004 17.759722222222226 24.301020408163268 -0.016885714285714282 1.6500000000000001 1085.7 5.2500000000000009 1.0000000180025095e-35 283.11222970000006 0.10236673250000002 271.03050540000004 0.00019590900000000002 9.6918387748939292 26.500000000000004 18.850000000000005
decision_type=2 2 10 2 2 2 2 2 2 2 2 2 10 2 2 2 2 2 2 2 2 2 2 10 2 2 2 2 2 2
left_child=3 -2 -3 5 -5 18 8 -8 -7 10 -10 12 -12 -9 16 -16 17 -13 -1 21 -21 -20 23 -23 -24 -26 -27 28 -18 -30
right_child=1 2 -4 4 -6 6 7 13 9 -11 11 14 -14 -15 15 -17 27 -19 19 20 -22 22 24 -25 25 26 -28 -29 29 -31
leaf_value=-0.00023191781859291166 0.0014198544505052268 -0.00044767939492125312 6.0708462900243658e-05 0.00086339340714263163 0 0.00055665803846820315 0.00086702723882795061 -9.1710560412278406e-05 -0.00013169713943350544 0.00035219757999364063 0.00094039778305016761 -1.8204180511835647e-05 -0.00010958205850777001 0.00024319847663173281 0 0.00031856722843405164 -1.9823635812284458e-05 0.00050699985834916003 -2.3888332921171323e-05 0.000428979661829212 -3.4878433845546945e-06 0 -1.8489932082871723e-05 0.00074036951333982881 -2.0729247553114742e-07 0.00035691919897114964 0 -4.092922745449163e-05 0.00053902946770497003 0
leaf_weight=73 58 66 61 51 141 51 66 87 338 65 50 57 64 79 168 92 734 50 10755 62 155 99 2259 64 263 90 110 1828 66 172
leaf_count=73 58 66 61 51 141 51 66 87 338 65 50 57 64 79 168 92 734 50 10755 62 155 99 2259 64 263 90 110 1828 66 172
internal_value=1.30833e-06 0.000309359 -0.000165864 -1.5827e-06 0.00021843 -4.23444e-06 3.31385e-05 0.000298181 1.52616e-05 6.26079e-06 0 1.35501e-05 0.00031163 3.82356e-05 1.14704e-06 0.000127178 -8.44551e-06 0.000183344 -1.52381e-05 -1.37191e-05 9.85395e-05 -1.58787e-05 1.22459e-05 0.000274645 -1.72607e-06 6.91534e-05 0.000184786 -1.76225e-05 2.10677e-05 0.000167654
internal_weight=18274 185 127 18089 192 17897 3967 232 3735 3684 3619 3281 114 166 3167 260 2907 107 13930 13857 217 13640 2885 163 2722 463 200 2800 972 238
internal_count=18274 185 127 18089 192 17897 3967 232 3735 3684 3619 3281 114 166 3167 260 2907 107 13930 13857 217 13640 2885 163 2722 463 200 2800 972 238
is_linear=0
shrinkage=0.05


Tree=51
num_leaves=31
num_cat=0
split_feature=133 116 43 1 103 88 75 85 138 89 27 9 106 119 88 36 116 117 29 19 114 138 1 120 110 90 28 84 131 133
split_gain=0.00644104 0.0378192 0.00486082 0.0034064 0.0107132 0.00242438 0.011742 0.00472778 0.0136979 0.00398766 0.00256681 0.00226515 0.0027884 0.00439295 0.0101171 0.00199798 0.00135013 0.00191991 0.00795245 0.00107136 0.000979853 0.00197489 0.00101992 0.00320956 0.00807383 0.00226603 0.00218343 0.000998884 0.00197587 0.00267468
threshold=88.200000000000003 270.91500150000007 0.34050000000000008 0.41087726350000003 1434.1000000000004 36.612500000000004 7.1500000000000012 280.06997175000004 4.8700000000000001 54.750000000000007 1294.5000000000002 0.21888888888888894 18.550000000000004 14.15 41.57500000000001 270.91640250000006 286.54117840000009 1.6500000000000001 29.600000000000005 -0.0026485714285714285 32.750000000000007 7.9150000000000009 0.06266922950000002 283.11222970000006 20.550000000000004 19.552040816326535 37.70000000000001 16.050000000000008 52.500362958644175 80.210000000000022
decision_type=2 2 2 2 2 2 2 2 2 2 2 2 2 10 2 2 2 2 2 2 2 2 2 10 2 2 2 2 2 2
left_child=3 -2 -3 5 -5 16 -7 9 -9 10 -8 -12 13 14 -13 -11 17 20 -19 -15 22 -22 27 -24 25 -25 -27 -1 29 -29
right_child=1 2 -4 4 -6 6 7 8 -10 15 11 12 -14 19 -16 -17 -18 18 -20 -21 21 -23 23 24 -26 26 -28 28 -30 -31
leaf_value=-2.4447392290114311e-05 0.0013500649749175093 -0.00054508323656074368 3.6677333209809152e-05 0.00082105392481025786 0 0.0007322146007153591 0.00031022642119963055 0.00092748461000684811 0 0 -5.5939155492759857e-05 5.8513501171818015e-05 2.9064955227740675e-06 -8.266034737931982e-05 0.00092600526506705038 -0.00040888369116916749 -5.1336283052735606e-05 0.00067273091826997576 -3.6731397610463446e-05 8.7310084960419738e-05 0 0.00034264587303353222 -1.1867731928490201e-05 -2.4335522797309421e-05 0.00073404041073552116 0 0.00036175003006578866 0 -6.585063394016866e-06 0.00048821447392978338
leaf_weight=8562 58 50 77 51 141 58 72 54 161 50 967 133 2010 122 52 84 2110 52 112 260 156 57 1831 273 50 79 91 98 351 52
leaf_count=8562 58 50 77 51 141 58 72 54 161 50 967 133 2010 122 52 84 2110 52 112 260 156 57 1831 273 50 79 91 98 351 52
internal_value=1.29331e-06 0.000294169 -0.000155769 -1.44169e-06 0.000207023 -3.96891e-06 2.98059e-05 1.80883e-05 0.000245964 3.62831e-06 1.48969e-05 7.40075e-06 3.31205e-05 0.000131232 0.000332898 -0.000261277 -1.41243e-05 -7.02112e-06 0.000160631 1.98974e-05 -9.83601e-06 9.35375e-05 -1.22168e-05 1.61601e-05 0.00013019 4.92744e-05 0.000196174 -2.0046e-05 4.51119e-05 0.000198438
internal_weight=18274 185 127 18089 192 17897 4023 3965 215 3750 3616 3544 2577 567 185 134 13874 11764 164 382 11600 213 11387 2324 493 443 170 9063 501 150
internal_count=18274 185 127 18089 192 17897 4023 3965 215 3750 3616 3544 2577 567 185 134 13874 11764 164 382 11600 213 11387 2324 493 443 170 9063 501 150
is_linear=0
shrinkage=0.05


Tree=52
num_leaves=31
num_cat=0
split_feature=84 134 1 103 2 103 82 2 120 112 111 104 103 77 33 21 120 137 28 56 137 88 19 100 28 128 113 135 140 103
split_gain=0.00478471 0.0341389 0.00311433 0.00970939 0.00284684 0.0078094 0.013131 0.00433991 0.002364 0.00796407 0.00224024 0.00176277 0.00272212 0.00512956 0.0115011 0.00982205 0.00470919 0.0114114 0.00378592 0.00326568 0.00156313 0.0015206 0.001447 0.0014302 0.00141855 0.00185017 0.00136129 0.0141119 0.00196461 0.00228049
threshold=21.050000000000008 4.2550000000000017 0.41087726350000003 1434.1000000000004 0.0011514315000000002 1046.95 23.614000000000004 0.0040711290000000006 283.11222970000006 267.61265020000002 8.8500000000000032 0.35000000000000009 1328.9500000000003 281.00045505000008 0.58386471977390386 0.53472222222222232 267.04136160000002 1.4700000000000002 22.950000000000003 -8.6340750499999768 8.3900000000000023 40.462500000000013 -0.0052600000000000008 5.7500000000000009 37.70000000000001 11.53249223041597 0.75000000000000011 5.6000000000000005 78.385000000000019 2564.900000000001
decision_type=2 2 2 2 2 2 2 2 10 2 2 2 2 2 2 2 10 2 2 2 2 2 2 2 2 2 2 2 2 2
left_child=2 -2 4 -4 11 6 7 10 20 -10 -6 -1 13 16 -15 -16 17 -13 22 -20 -7 -22 -18 -21 -25 -26 28 -28 -14 -30
right_child=1 -3 3 -5 5 8 -8 -9 9 -11 -12 12 26 14 15 -17 18 -19 19 23 21 -23 -24 24 25 -27 27 -29 29 -31
leaf_value=-5.1990594921391524e-05 0.0012944860649616297 8.3220788294093614e-07 0.0007807907003398914 0 0.00047570308417332067 -2.5240454095153958e-05 0.00093757655209867415 -3.6096935053826327e-05 -1.582521885013355e-05 0.00070967070907856542 0 0 -1.8841452537204712e-05 0 0.0011570911901295543 6.534552720006345e-05 -0.0003549181956043834 0.00088248327039204587 0.00044988463536320335 -2.2262052459097441e-06 0 0.00033776340137237797 -6.0521695219223484e-05 0 0.00037666362911898364 0 0.00084235503469244589 -2.427419015995802e-05 -0.0004853233988122905 -1.0433361824834717e-05
leaf_weight=2540 57 489 51 141 86 1756 60 174 100 50 52 133 9340 198 51 52 53 51 50 776 119 58 914 174 88 59 51 402 50 99
leaf_count=2540 57 489 51 141 86 1756 60 174 100 50 52 133 9340 198 51 52 53 51 50 776 119 58 914 174 88 59 51 402 50 99
internal_value=1.31061e-06 0.000147144 -2.9069e-06 0.000196175 -5.3828e-06 4.40586e-05 0.000255028 0.000105218 3.87836e-06 0.000195992 0.000318347 -1.37652e-05 -5.62096e-06 3.93365e-05 0.000234021 0.000659924 1.15705e-05 0.000254345 -7.30646e-06 5.14719e-05 -8.53793e-06 0.000128287 -8.21725e-05 2.83658e-05 0.000117626 0.000232517 -1.78792e-05 6.39206e-05 -2.23175e-05 -0.000205299
internal_weight=18274 546 17728 192 17536 2455 372 312 2083 150 138 15081 12541 2599 301 103 2298 184 2114 1147 1933 177 967 1097 321 147 9942 453 9489 149
internal_count=18274 546 17728 192 17536 2455 372 312 2083 150 138 15081 12541 2599 301 103 2298 184 2114 1147 1933 177 967 1097 321 147 9942 453 9489 149
is_linear=0
shrinkage=0.05


Tree=53
num_leaves=31
num_cat=0
split_feature=133 36 12 126 111 2 62 81 13 33 52 92 120 49 115 9 91 32 49 129 117 42 24 126 23 120 93 94 43 36
split_gain=0.00561527 0.0334672 0.00288021 0.0105518 0.00270918 0.0023508 0.00393152 0.0092821 0.0037248 0.00219296 0.00677183 0.0020201 0.00169066 0.0110973 0.00319824 0.00160025 0.00141506 0.00133992 0.00239931 0.0065301 0.00129958 0.0012425 0.00116369 0.00136097 0.000762013 0.00377459 0.000891554 0.000796595 0.00316284 0.00268057
threshold=88.200000000000003 275.20394130000005 0.096316070500000003 11.500000000000002 15.65 0.00097368600000000008 7.9500000000000011 48.350000000000001 0.00017111388194444445 -0.99799484117595971 1.5000000000000002 1.5500000000000005 267.11240820000006 989.45000000000016 7.0500000000000007 0.81826388888888901 36.500000000000007 12.250000000000002 962.35000000000002 7.5000000000000009 1.4500000000000002 0.55500000000000016 47.550000000000004 56.500000000000007 17.174305555555559 271.21041310000004 267.89259345000005 13.500000000000002 0.42450000000000004 264.51530220000001
decision_type=2 2 2 2 2 2 2 2 2 2 2 2 8 2 2 2 2 2 2 2 2 2 2 2 2 8 2 2 2 2
left_child=2 11 5 -4 -5 12 7 8 -7 10 -8 -2 13 14 -1 -10 24 18 -16 -20 22 -6 23 -11 25 -14 -27 -26 29 -29
right_child=1 -3 3 4 21 6 9 -9 15 20 -12 -13 16 -15 17 -17 -18 -19 19 -21 -22 -23 -24 -25 27 26 -28 28 -30 -31
leaf_value=0.00039715082499705941 0 0.0013596653336963545 0.00074526677517836005 -2.6068936730875828e-05 0 0.00038341104440076882 0 0.00079991136071874051 -0.000140439652510457 -0.0001977586878366942 0.00066203402631799697 -0.0003440419790214427 0.00034884390639315123 0.00074014745971739851 -6.212659632743167e-05 7.8893882664554923e-05 -0.0002488183209804577 -4.8938299256865732e-05 1.9593622481136176e-05 0.00057224900040044155 0.000174974628973194 0.00039796516143103387 3.1994234621200961e-06 -1.0169191299938676e-05 -2.7141042001458528e-05 9.9429039798871202e-05 -4.617473602648181e-05 0.00031517412315195775 0.00038174647816251514 -1.3606280740889515e-05
leaf_weight=50 79 51 58 402 64 82 104 52 116 176 50 55 82 53 254 271 69 826 340 68 87 62 1274 359 9860 129 448 62 53 2638
leaf_count=50 79 51 58 402 64 82 104 52 116 176 50 55 82 53 254 271 69 826 340 68 87 62 1274 359 9860 129 448 62 53 2638
internal_value=1.30751e-06 0.000274764 -1.22783e-06 0.000107336 2.65318e-05 -5.15411e-06 3.85116e-05 0.000161391 7.8406e-05 4.78098e-06 0.000187051 -0.000108122 -1.30094e-05 3.45949e-05 6.56728e-06 7.13834e-08 -1.90634e-05 -3.45712e-06 4.5738e-05 0.000125102 -7.47874e-06 0.000232607 -1.91077e-05 -8.14631e-05 -1.74736e-05 3.20415e-05 -4.85585e-06 -2.04594e-05 1.65697e-06 -4.09145e-06
internal_weight=18274 185 18089 586 528 17503 2571 521 469 2050 154 134 14932 1591 1538 387 13341 1488 662 408 1896 126 1809 535 13272 659 577 12613 2753 2700
internal_count=18274 185 18089 586 528 17503 2571 521 469 2050 154 134 14932 1591 1538 387 13341 1488 662 408 1896 126 1809 535 13272 659 577 12613 2753 2700
is_linear=0
shrinkage=0.05


Tree=54
num_leaves=31
num_cat=0
split_feature=133 116 43 18 126 111 85 83 103 30 15 114 43 137 93 84 29 116 133 126 0 120 14 6 133 138 92 92 85 137
split_gain=0.00507132 0.0320528 0.00453556 0.00270648 0.00922024 0.00364365 0.00510436 0.00235395 0.0110818 0.0015637 0.00140029 0.00220483 0.00688352 0.0100766 0.00979503 0.00122449 0.00555822 0.00432193 0.00696521 0.00225077 0.0014502 0.00312398 0.0091618 0.00108561 0.00122135 0.00176988 0.000790577 0.00236231 0.00595423 0.000714336
threshold=88.200000000000003 270.91500150000007 0.34050000000000008 0.063537500000000011 11.500000000000002 14.750000000000002 273.01139925000001 35.100000000000001 1077.9000000000003 -1.8571428571428568 0.00023854166666666669 33.050000000000004 0.38350000000000006 0.56500000000000006 269.31686530000007 13.550000000000002 30.450000000000003 267.67437460000002 80.390000000000015 46.500000000000007 0.039050000000000008 283.11222970000006 0.010832281500000001 0.0027090277777777785 13.645000000000001 4.2150000000000007 10.650000000000004 9.8500000000000032 277.22296395000006 18.300000000000004
decision_type=2 2 2 2 2 2 2 2 2 2 2 2 2 2 2 2 2 2 2 2 2 10 2 2 2 2 2 2 2 2
left_child=3 -2 -3 7 -5 -6 -7 10 -9 -10 26 15 23 -14 -15 20 17 -17 19 -19 29 -22 -23 -13 -25 -26 27 -1 -29 -12
right_child=1 2 -4 4 5 6 -8 8 9 -11 11 12 13 14 -16 16 -18 18 -20 -21 21 22 -24 24 25 -27 -28 28 -30 -31
leaf_value=-2.0069843499427258e-05 0.001234575409828922 -0.00052670299880357532 3.3423649676292251e-05 0.00071913220420745871 -4.9328742058610786e-05 2.1905988954230652e-06 0.00064867408949580488 0.0007945153277418845 7.7770766753625743e-05 -0.0002537819695302102 -2.3127163076585832e-05 -5.7503745016395942e-05 -2.9142369952352637e-05 6.6491436902616242e-05 0.0011666961425348659 -6.1060340606218226e-05 -2.79578004711195e-05 -7.4524011432768506e-06 0.00086523175581802486 0.00031202422850827881 0 0.00074410172458838457 2.3456286993543599e-05 -7.5648393603327311e-06 0.00039691115267685917 4.6971109651313835e-05 -5.2556619496598838e-05 0 0.0005716770774646041 0.00012664145225641386
leaf_weight=5021 58 50 77 55 358 118 50 51 53 60 6432 309 72 50 52 63 570 68 53 92 1507 57 256 264 54 266 1903 126 59 70
leaf_count=5021 58 50 77 55 358 118 50 51 53 60 6432 309 72 50 52 63 570 68 53 92 1507 57 256 264 54 266 1903 126 59 70
internal_value=1.33976e-06 0.00026121 -0.000150428 -1.05589e-06 0.000104649 2.96661e-05 0.000226882 -4.85502e-06 0.000182023 -5.50972e-05 -6.92074e-06 4.51136e-06 7.26958e-05 0.000360563 0.000681805 -2.8859e-06 5.35476e-05 0.000239418 0.000351526 0.000145988 -9.22932e-06 2.90883e-05 0.000172567 1.06718e-05 5.53277e-05 0.000122652 -2.40814e-05 -1.27042e-05 0.000159355 -2.07267e-05
internal_weight=18274 185 127 18089 581 526 168 17508 164 113 17344 10235 1067 174 102 9168 846 276 213 160 8322 1820 313 893 584 320 7109 5206 185 6502
internal_count=18274 185 127 18089 581 526 168 17508 164 113 17344 10235 1067 174 102 9168 846 276 213 160 8322 1820 313 893 584 320 7109 5206 185 6502
is_linear=0
shrinkage=0.05


Tree=55
num_leaves=31
num_cat=0
split_feature=84 133 103 6 138 83 53 105 3 133 80 89 35 133 104 50 73 4 103 137 124 24 110 16 115 21 6 104 133 138
split_gain=0.00429424 0.0251017 0.00462169 0.0183879 0.0144241 0.00918552 0.00310922 0.0109448 0.0034067 0.00249907 0.00672914 0.00540133 0.00354926 0.00343314 0.00143456 0.00363971 0.00140666 0.00136266 0.00154084 0.00234153 0.0101484 0.00237433 0.00318962 0.00331197 0.00183466 0.00152091 0.00146987 0.00128472 0.00186324 0.00106872
threshold=20.650000000000006 80.660000000000011 1046.95 0.014181250000000001 5.54 34.850000000000001 204.50000000000003 5.5000000000000009 0.10097021400000002 86.945000000000007 27.962500000000006 40.550000000000004 275.70968405000002 85.89500000000001 5.3500000000000014 1021.9500000000002 22.150000000000002 0.00029107750000000005 1475.3500000000001 2.4450000000000007 0.91597561503675351 59.45000000000001 28.250000000000004 0.26500000000000007 20.950000000000003 0.52083333333333337 0.014672916666666669 5.7500000000000018 79.440000000000012 5.9750000000000005
decision_type=2 2 2 2 2 2 2 2 2 2 2 2 2 2 2 2 2 2 2 2 2 2 2 2 2 2 2 2 2 2
left_child=2 16 3 5 -5 6 8 -8 14 13 12 -12 -11 17 -1 -16 -2 27 19 21 25 -19 24 -24 -23 -21 -26 28 -4 -10
right_child=1 -3 9 4 -6 -7 7 -9 29 10 11 -13 -14 -15 15 -17 -18 18 -20 20 -22 22 23 -25 26 -27 -28 -29 -30 -31
leaf_value=-2.9161024573848464e-05 0.00026382193384765119 0.0011069497333955952 -4.508416155667251e-05 0.0011874670193194636 0.000129052830271815 0.00069105871314497887 0.00075083901129786802 0 0 -8.1476995373947413e-05 -0.00080446545259699881 -7.4499373261530238e-05 0.00037857323254194435 0.00033674024064592753 -4.4698968302933886e-05 0.00047380470147711059 -7.3992757537663209e-06 -6.9617803179179613e-05 -8.2083115298920761e-06 0.00011063538635162674 0.00081050240939965507 9.4448474272447989e-05 0 0.00053242152392444305 0 -0.00011380889921052916 -0.00034705095017181103 -1.3855613708381977e-05 -0.00023347159394200768 0.00025681705474978246
leaf_weight=2548 50 59 1657 61 94 50 62 220 64 213 57 77 51 69 59 50 433 486 5580 264 51 223 72 69 89 87 51 5116 163 153
leaf_count=2548 50 59 1657 61 94 50 62 220 64 213 57 77 51 69 59 50 433 486 5580 264 51 223 72 69 89 87 51 5116 163 153
internal_value=2.57647e-06 0.00014118 -1.38498e-06 5.10746e-05 0.000582583 2.36451e-05 1.1272e-05 0.000169752 -2.59268e-06 -1.4001e-05 -0.000138397 -0.000425703 0 -1.00914e-05 -1.98831e-05 0.000149837 1.0834e-05 -1.21957e-05 2.76901e-06 5.03366e-05 0.00015248 3.70291e-06 8.43039e-05 0.000285361 0 4.06341e-05 -0.000135491 -2.79571e-05 -6.48209e-05 0.0001853
internal_weight=18278 542 17736 3361 155 3206 3156 282 2874 14375 398 134 264 13977 2657 109 483 13908 6972 1392 402 990 504 141 363 351 140 6936 1820 217
internal_count=18278 542 17736 3361 155 3206 3156 282 2874 14375 398 134 264 13977 2657 109 483 13908 6972 1392 402 990 504 141 363 351 140 6936 1820 217
is_linear=0
shrinkage=0.05


Tree=56
num_leaves=31
num_cat=0
split_feature=155 131 103 6 141 83 53 105 3 139 42 113 92 139 49 82 24 50 116 110 131 81 96 29 18 92 50 116 134 49
split_gain=0.00388133 0.020094 0.00421724 0.0167041 0.0119827 0.00830154 0.00281377 0.0098895 0.00308264 0.00273426 0.00467993 0.003716 0.00323078 0.00307244 0.00248389 0.00162556 0.00332501 0.00399757 0.00367395 0.0012847 0.00158513 0.00125946 0.00161053 0.00196199 0.00182465 0.00273283 0.00485332 0.00817161 0.00156177 0.00140685
threshold=0.82600000000000018 29.301636672347289 1046.95 0.014181250000000001 39.25500000000001 34.850000000000001 204.50000000000003 5.5000000000000009 0.10097021400000002 89.303625086230099 0.71500000000000008 0.75000000000000011 1.6500000000000006 89.033414029013926 956.35000000000002 21.036000000000005 38.550000000000004 1014.4500000000002 285.98183045000002 19.650000000000002 57.257815097269223 51.650000000000013 42.962500000000006 46.650000000000013 0.0048833333333333341 8.8500000000000032 1011.6500000000002 286.10288965000007 8.8700000000000028 972.45000000000016
decision_type=2 2 2 2 2 2 2 2 2 2 2 2 2 2 2 2 2 2 2 2 2 2 2 2 2 2 2 2 2 2
left_child=2 -2 3 5 -5 6 8 -8 15 13 11 12 -11 21 -14 -1 17 -17 -19 -3 -21 22 -4 24 -24 28 -27 -28 -26 -23
right_child=1 19 9 4 -6 -7 7 -9 -10 10 -12 -13 14 -15 -16 16 -18 18 -20 20 -22 29 23 -25 25 26 27 -29 -30 -31
leaf_value=-4.6216833772371395e-05 0.001061734001960535 0.00021009097476467741 -1.3608983399742727e-05 0.00091146091346324298 0 0.00065718328785699083 0.00071389296363728741 0 0.00017628776392009118 -1.2569769514198775e-06 -0.00058125933899226274 0.00031265725636468186 -8.2460022514864884e-05 0.00032014374987504981 -0.00049808097428377771 1.3760141226714678e-06 -2.7693126704302616e-05 0.00072199814035600336 1.240350163033536e-05 0.00019275204729685933 -5.8054701248854622e-05 0 -1.6817737734015395e-05 -1.184667402572797e-05 -0.0001714664463830559 0 0.00078137269689622943 7.1435267241056483e-05 0.00010825826257639072 -0.0001873859272451732
leaf_weight=1838 52 78 11963 93 62 50 62 220 217 355 51 52 135 69 80 172 543 53 51 75 337 104 166 661 74 116 82 115 144 208
leaf_count=1838 52 78 11963 93 62 50 62 220 217 355 51 52 135 69 80 172 543 53 51 75 337 104 166 661 74 116 82 115 144 208
internal_value=2.47234e-06 0.000134246 -1.28003e-06 4.88183e-05 0.000555479 2.25982e-05 1.07558e-05 0.000161527 -2.34997e-06 -1.33438e-05 -0.000112257 -6.49049e-05 -0.000108593 -8.1128e-06 -0.000261848 -1.88814e-05 3.63486e-05 0.000180039 0.000425075 2.36738e-05 0 -1.01643e-05 -7.43088e-06 4.32845e-05 0.000102674 0.000149389 0.000244068 0.000394649 0 -0.000110497
internal_weight=18278 542 17736 3361 155 3206 3156 282 2874 14375 673 622 570 13702 215 2657 819 276 104 490 412 13633 13321 1358 697 531 313 197 218 312
internal_count=18278 542 17736 3361 155 3206 3156 282 2874 14375 673 622 570 13702 215 2657 819 276 104 490 412 13633 13321 1358 697 531 313 197 218 312
is_linear=0
shrinkage=0.05


Tree=57
num_leaves=31
num_cat=0
split_feature=155 131 103 6 138 83 53 43 0 131 112 41 116 123 82 24 110 124 119 4 20 120 88 105 4 94 42 28 15 124
split_gain=0.00353296 0.0181452 0.00385921 0.0150846 0.0121739 0.00749812 0.00254194 0.00939177 0.00255285 0.00233011 0.00631857 0.0021091 0.00209386 0.0036687 0.00160234 0.00284332 0.00412911 0.0014281 0.00121466 0.00115415 0.00255477 0.005404 0.00256352 0.00134936 0.00224741 0.00127307 0.000991139 0.000878686 0.000873731 0.00229268
threshold=0.82600000000000018 29.301636672347289 1046.95 0.014181250000000001 5.54 34.850000000000001 204.50000000000003 0.37050000000000005 0.074950000000000003 22.321942539713117 286.54251920000007 96.500000000000014 268.82399750000008 0.25881904510252091 21.036000000000005 38.550000000000004 13.450000000000001 0.91597561503675351 7.3500000000000005 0.00029107750000000005 1.0000000180025095e-35 281.22250000000003 38.63750000000001 16.500000000000004 0.014196059000000002 30.500000000000004 0.47500000000000003 44.050000000000004 0.0035489583333333337 -0.60355339059327384
decision_type=2 2 2 2 2 2 2 2 2 2 2 2 2 2 2 2 2 2 10 2 2 10 2 2 2 2 2 2 2 2
left_child=2 -2 3 5 -5 6 8 -8 14 10 -4 19 -13 -14 -1 16 -16 -3 -18 28 23 22 -22 24 25 -21 -24 -25 -11 -30
right_child=1 17 9 4 -6 -7 7 -9 -10 11 -12 12 13 -15 15 -17 18 -19 -20 20 21 -23 26 27 -26 -27 -28 -29 29 -31
leaf_value=-4.1475085468866405e-05 0.0010096489555940454 -8.1729121038237562e-06 -4.9153842748492033e-05 0.0010842133075587505 0.00010731719136444888 0.00062496841746050296 0 0.00076164743349251636 0.00019810260289444628 -1.9455799800118044e-05 -0.00065355299973709731 0 0 0.00060883784044777082 0.00059243991410767199 -1.6780092571783489e-05 0.00026589625359502985 0.00019673497351189382 0 0 -1.6528502369487087e-06 0.00060612539897433372 0.00042776028554524404 -2.1543303986237055e-05 0.00030090329594417839 0.00021491684484644795 0 6.7292237124228868e-05 4.6170131598974394e-05 -0.00015336688870648606
leaf_weight=1890 52 393 499 61 94 50 231 51 147 6119 50 130 66 50 50 561 52 97 174 801 387 50 53 5108 82 74 50 270 170 416
leaf_count=1890 52 393 499 61 94 50 231 51 147 6119 50 130 66 50 50 561 52 97 174 801 387 50 53 5108 82 74 50 270 170 416
internal_value=2.40164e-06 0.000128124 -1.16546e-06 4.67467e-05 0.00052831 2.17481e-05 1.04126e-05 0.000153707 -1.95702e-06 -1.2718e-05 -0.000114378 -8.31171e-06 0.000134953 0.000288425 -1.46428e-05 3.99568e-05 0.000172975 2.25253e-05 5.5946e-05 -1.12848e-05 2.4533e-06 0.000107243 4.50224e-05 -5.70542e-06 4.76817e-05 1.7927e-05 0.000266801 -1.61421e-05 -2.61152e-05 -8.69828e-05
internal_weight=18278 542 17736 3361 155 3206 3156 282 2874 14375 549 13826 246 116 2727 837 276 490 226 13580 6875 540 490 6335 957 875 103 5378 6705 586
internal_count=18278 542 17736 3361 155 3206 3156 282 2874 14375 549 13826 246 116 2727 837 276 490 226 13580 6875 540 490 6335 957 875 103 5378 6705 586
is_linear=0
shrinkage=0.05


Tree=58
num_leaves=31
num_cat=0
split_feature=155 133 103 9 4 83 28 53 105 131 112 3 82 24 133 38 140 133 73 81 96 92 92 16 4 49 133 141 21 133
split_gain=0.00318807 0.0208127 0.00352287 0.0135148 0.0164309 0.00685421 0.00480591 0.00248151 0.00854802 0.00212742 0.005694 0.00166785 0.00133455 0.00281002 0.00382052 0.00132675 0.0113364 0.00178039 0.00118007 0.00108608 0.00185878 0.00191122 0.00530283 0.00184813 0.00136443 0.000986885 0.00140685 0.000902413 0.000892775 0.000868951
threshold=0.82600000000000018 80.660000000000011 1046.95 1.8806944444444447 0.00045815750000000006 34.850000000000001 38.20000000000001 204.50000000000003 5.5000000000000009 22.321942539713117 286.54251920000007 0.10097021400000002 21.036000000000005 38.550000000000004 78.710000000000022 1.0000000180025095e-35 74.520000000000024 88.64500000000001 22.150000000000002 51.150000000000013 42.962500000000006 8.6500000000000039 10.250000000000002 1.1850000000000003 0.0032419345000000003 972.45000000000016 8.2700000000000014 38.660000000000004 0.47916666666666669 13.645000000000001
decision_type=2 2 2 2 2 2 2 2 2 2 2 2 2 2 2 2 2 2 2 2 2 2 2 2 2 2 2 2 2 2
left_child=2 18 3 5 -5 7 -6 11 -9 10 -4 12 -1 14 27 17 -17 19 -2 20 -11 28 -23 -24 -25 -21 -27 -14 29 -22
right_child=1 -3 9 4 6 -7 -8 8 -10 15 -12 -13 13 -15 -16 16 -18 -19 -20 25 21 22 23 24 -26 26 -28 -29 -30 -31
leaf_value=-4.1834621876802034e-05 0.00023722383385414589 0.0010007369210798061 -4.6701066513051047e-05 0.0011392371558496485 -0.0001106901724004927 0.0005943327319611997 0.00045210116920987007 0.00066244387988089815 0 -1.4825970402207015e-05 -0.00062151608624559488 0.0001399617830246713 0 -2.5473553542383346e-05 0.00056376290911710114 3.5991938657457281e-06 0.00075755043971656845 -0.00030844477383652709 -1.3801823108076459e-05 0 0 0.00045976126501273028 -1.9724893689662966e-05 0.00026086018185218226 0 0 -0.00025542767745731721 0.0001918369657099217 -5.9407068856439494e-05 0.0002396552403014438
leaf_weight=1838 50 59 499 60 77 50 60 62 218 11073 50 177 149 543 51 1102 52 51 433 130 140 95 327 126 55 102 144 76 376 53
leaf_count=1838 50 59 499 60 77 50 60 62 218 11073 50 177 149 543 51 1102 52 51 433 130 140 95 327 126 55 102 144 76 376 53
internal_value=2.4051e-06 0.000121828 -9.6915e-07 4.47972e-05 0.000446656 1.80633e-05 0.000101046 7.01746e-06 0.000149452 -1.20199e-05 -0.000109178 -5.33917e-06 -1.69487e-05 3.27855e-05 0.000165133 -7.79273e-06 4.25282e-05 -1.27728e-05 2.29013e-06 -1.11576e-05 -8.13582e-06 5.07686e-05 0.000113448 3.80854e-05 0.000169534 -9.60209e-05 -0.000155117 5.05578e-05 -6.9666e-06 6.92036e-05
internal_weight=18278 542 17736 3361 197 3164 137 3114 280 14375 549 2834 2657 819 276 13826 1154 12672 483 12621 12245 1172 603 508 181 376 246 225 569 193
internal_count=18278 542 17736 3361 197 3164 137 3114 280 14375 549 2834 2657 819 276 13826 1154 12672 483 12621 12245 1172 603 508 181 376 246 225 569 193
is_linear=0
shrinkage=0.05


Tree=59
num_leaves=31
num_cat=0
split_feature=1 99 84 133 85 53 132 141 118 131 77 41 116 50 121 90 22 81 29 120 49 13 160 96 32 119 110 131 28 118
split_gain=0.00300527 0.0105953 0.0029958 0.0188155 0.00281349 0.0230223 0.0331263 0.00348509 0.00192711 0.00138849 0.00337037 0.00173277 0.00187375 0.00341038 0.00133823 0.00279929 0.00323935 0.00238195 0.00200049 0.00160341 0.0089757 0.00214022 0.00377371 0.00166616 0.00128538 0.00140292 0.00109803 0.00098025 0.00087302 0.000907065
threshold=0.41087726350000003 2.3000000000000118 20.650000000000006 80.660000000000011 280.06997175000004 204.50000000000003 3.5000000000000004 39.02000000000001 18.050000000000004 22.321942539713117 283.42347405000004 96.500000000000014 268.82399750000008 998.45000000000016 0.15000000000000005 26.529591836734699 41.500000000000007 55.250000000000007 44.050000000000004 266.83428055000007 987.45000000000016 0.0039296913055555565 0.032993197278911576 48.925000000000004 14.450000000000001 15.850000000000003 19.650000000000002 75.00225261346624 28.450000000000003 24.450000000000003
decision_type=2 2 2 2 2 2 2 2 10 2 2 2 2 2 10 2 2 2 2 8 2 2 2 2 2 10 2 2 2 10
left_child=2 -2 4 26 9 7 -7 8 -6 10 -1 14 -13 -14 17 -16 18 19 -17 20 -11 23 -23 -21 25 -20 -4 -25 29 -10
right_child=1 -3 3 -5 5 6 -8 -9 28 11 -12 12 13 -15 15 16 -18 -19 24 21 -22 22 -24 27 -26 -27 -28 -29 -30 -31
leaf_value=-3.6521129963546277e-05 0 0.00079465161754072782 0.00017914101943746632 0.00095153400090445454 0.00018382920281577821 -4.1850421391655776e-05 0.0016614655858012276 0.00035602951189503081 -0.00024736723370661842 1.063246552531017e-05 -0.00047633806101377843 0 0 0.00055302133898294415 0 -1.2343821185052551e-05 0.00054144823805009031 -0.00035611602804148761 0.00051319315302022855 -9.7186770018574037e-06 0.00069449212555043117 0 -0.0004495165066677883 -0.00031405225563402284 0 5.0390442254009778e-05 -2.102989559182193e-05 -4.6434797212674743e-05 0 -3.2903530106653181e-05
leaf_weight=563 145 53 79 59 53 50 52 51 156 1168 51 126 61 55 1241 182 50 50 51 12622 50 140 78 71 52 67 404 192 139 167
leaf_count=563 145 53 79 59 53 50 52 51 156 1168 51 126 61 55 1241 182 50 50 51 12622 50 140 78 71 52 67 404 192 139 167
internal_value=2.31534e-06 0.000195568 0 0.000115849 -3.39256e-06 9.66319e-05 0.000785663 -1.98881e-05 -6.74226e-05 -7.65509e-06 -8.18984e-05 -4.53844e-06 0.000126951 0.000271127 -6.84549e-06 3.51269e-05 0.000149663 -1.19941e-05 7.84707e-05 -1.04187e-05 4.33539e-05 -1.58017e-05 -0.000172662 -1.27466e-05 0.000204439 0.000295064 1.68218e-06 -0.000138537 -0.00010738 -0.000152359
internal_weight=18278 198 18080 542 17538 668 102 566 515 16870 614 16256 242 116 16014 1643 402 14371 352 14321 1218 13103 218 12885 170 118 483 263 462 323
internal_count=18278 198 18080 542 17538 668 102 566 515 16870 614 16256 242 116 16014 1643 402 14371 352 14321 1218 13103 218 12885 170 118 483 263 462 323
is_linear=0
shrinkage=0.05


Tree=60
num_leaves=31
num_cat=0
split_feature=133 116 43 88 1 63 89 88 111 68 22 50 89 132 134 131 120 81 51 116 82 93 2 121 107 81 55 101 28 120
split_gain=0.0049381 0.0253401 0.00412213 0.00260049 0.00261381 0.00961772 0.00209606 0.00124018 0.0018423 0.005676 0.0029668 0.0066546 0.00204897 0.00285647 0.00191518 0.00183751 0.00722816 0.00173705 0.0039619 0.00139893 0.00135054 0.00116946 0.00105101 0.00163294 0.00306234 0.000984064 0.00237625 0.00243533 0.000973948 0.000707472
threshold=88.200000000000003 270.91500150000007 0.33750000000000008 51.037500000000009 0.41087726350000003 7.0067000000000013 55.250000000000007 24.362500000000004 9.3500000000000032 1.5500000000000003 61.500000000000007 1021.1500000000002 26.150000000000002 4.5000000000000009 3.8750000000000004 29.116437666821316 267.04136160000002 42.550000000000004 493.50000000000006 286.10288965000007 29.428000000000004 269.59340170000002 0.00021126900000000001 0.15000000000000005 11.550000000000002 34.150000000000013 7.2402439000000252 -0.58611669999999083 26.400000000000002 267.62191115000002
decision_type=2 2 2 2 2 2 2 2 2 2 2 2 2 2 2 2 8 2 2 2 2 2 2 10 2 2 2 2 2 10
left_child=3 -2 -3 4 6 -6 7 -1 9 10 17 -12 13 -10 -14 16 -16 19 20 25 21 -19 -17 29 -25 -9 27 -27 -21 -24
right_child=1 2 -4 -5 5 -7 -8 8 12 -11 11 -13 14 -15 15 22 -18 18 -20 28 -22 -23 23 24 -26 26 -28 -29 -30 -31
leaf_value=-2.0753499099752923e-05 0.0011450783121644667 -0.00045006142896523196 8.7169754632567581e-05 0.00032810665024832512 0.00077158869515794024 0 -0.0002450504153190802 0 0.00048414089320716566 0.0004458079348985975 3.2450870821776321e-06 0.00069823446535869976 -0.00010001347847503808 0 0.00065072197525296372 -1.6369688042505459e-05 0 -0.00015184645160167879 0.00051337984250196978 -0.00012672658165025671 0.00025841984060260827 7.4905349291111634e-05 5.5820048460031904e-05 0.00044851382842125536 0 6.0059227916553938e-05 -2.1087001052691947e-05 0.00047942804038598303 0 -9.5423619441609942e-06
leaf_weight=6114 56 52 80 59 50 146 89 1140 50 85 143 52 522 55 52 5941 185 104 54 314 50 99 570 63 109 159 177 63 453 1244
leaf_count=6114 56 52 80 59 50 146 89 1140 50 85 143 52 522 55 52 5941 185 104 54 314 50 99 570 63 109 159 177 63 453 1244
internal_value=2.20603e-06 0.000256492 -8.86655e-05 -1.67461e-07 -1.5331e-06 0.000179091 -3.80174e-06 -2.30075e-06 6.92825e-06 4.16892e-05 2.75219e-05 0.000216703 -3.94586e-06 0.000213082 -7.16918e-06 -6.08897e-07 0.000135533 1.14137e-05 0.000123253 -1.35526e-06 1.86066e-05 -1.69281e-05 -5.3265e-06 2.51838e-05 0.000173683 2.38727e-05 9.13485e-05 0.000203107 -5.84513e-05 8.26061e-06
internal_weight=18330 188 132 18142 18083 196 17887 17798 11684 2893 2808 195 8791 105 8686 8164 237 2613 307 2306 253 203 7927 1986 172 1539 399 222 767 1814
internal_count=18330 188 132 18142 18083 196 17887 17798 11684 2893 2808 195 8791 105 8686 8164 237 2613 307 2306 253 203 7927 1986 172 1539 399 222 767 1814
is_linear=0
shrinkage=0.05


Tree=61
num_leaves=31
num_cat=0
split_feature=84 128 88 1 103 89 104 85 82 13 92 103 118 83 114 24 0 97 142 137 104 19 129 29 24 141 25 30 120 82
split_gain=0.00369201 0.0271884 0.00237678 0.00238031 0.00853547 0.00186443 0.00151065 0.00309956 0.0073453 0.00243853 0.00259616 0.00191042 0.00234997 0.00421183 0.00221189 0.00365792 0.00207102 0.00156311 0.00274581 0.0013832 0.00542808 0.00136968 0.00226499 0.00153129 0.00112226 0.000905525 0.0010687 0.00115493 0.00125908 0.000886738
threshold=21.050000000000008 8.7493894495934743 51.037500000000009 0.41087726350000003 1342.7500000000002 55.250000000000007 0.35000000000000009 280.68343040000008 22.396000000000001 0.0039296913055555565 1.6500000000000006 1305.1000000000001 25.750000000000004 30.250000000000004 32.850000000000001 50.850000000000009 0.013900000000000001 5.8000000000000034 732.58631640545491 1.0000000180025095e-35 11.550000000000002 1.0000000180025095e-35 6.5000000000000009 27.750000000000004 55.150000000000013 22.745000000000005 18.500000000000004 -1.5699999999999987 271.99100325000006 29.206000000000007
decision_type=2 2 2 2 2 2 2 2 2 2 2 2 10 2 2 2 2 2 2 2 2 2 2 2 2 2 2 2 10 2
left_child=2 -2 3 5 -5 6 17 9 -9 11 -11 12 13 14 -8 -16 -14 24 -19 20 -13 22 23 -3 29 -18 -27 28 -28 -1
right_child=1 21 -4 4 -6 -7 7 8 -10 10 -12 19 16 -15 15 -17 25 18 -20 -21 -22 -23 -24 -25 -26 26 27 -29 -30 -31
leaf_value=-4.4906958147804085e-05 0.0011960131378199784 0.00017221644341205121 0.00031197472672405037 0.00072740670667924723 0 -0.00023293403275521189 2.4928970286206933e-05 0.00070313544994448588 -1.2067507037158941e-06 0 -0.00035855225623722105 0.00049421229226855252 -3.9924130721531831e-05 0.00055135969198157986 0.00047736621369705713 0 -1.2448864378638808e-06 0 0.00041143517467193597 -9.7080780683375705e-06 0 -0.00014927329994915826 0.00030821446375638422 -7.1140324564199613e-05 3.1142568790433103e-05 0 0 6.119835911804855e-05 0.0003908319660718008 -0.00014713737753489081
leaf_weight=1990 53 89 59 50 146 89 670 52 79 125 96 66 1009 53 81 76 236 106 50 11074 404 100 71 228 309 206 54 311 87 311
leaf_count=1990 53 89 59 50 146 89 670 52 79 125 96 66 1009 53 81 76 236 106 50 11074 404 100 71 228 309 206 54 311 87 311
internal_value=2.15997e-06 0.000130826 -1.47912e-06 -2.82172e-06 0.000169299 -5.04043e-06 -3.57789e-06 2.49173e-06 0.000243709 0 -0.000164123 2.85066e-06 4.02598e-05 0.000108204 7.31329e-05 0.000245739 6.17424e-06 -3.75853e-05 0.00010614 -5.73746e-06 7.70234e-05 2.7059e-06 5.50123e-05 0 -4.81281e-05 6.37756e-05 9.46497e-05 0.000137588 0.000269249 -6.09542e-05
internal_weight=18330 541 17789 17730 196 17534 17445 14679 131 14548 221 14327 2783 880 827 157 1903 2766 156 11544 470 488 388 317 2610 894 658 452 141 2301
internal_count=18330 541 17789 17730 196 17534 17445 14679 131 14548 221 14327 2783 880 827 157 1903 2766 156 11544 470 488 388 317 2610 894 658 452 141 2301
is_linear=0
shrinkage=0.05


Tree=62
num_leaves=31
num_cat=0
split_feature=133 36 42 88 1 63 89 88 15 83 131 118 28 112 80 112 15 126 88 83 135 120 49 23 28 43 132 93 136 103
split_gain=0.00433669 0.0252211 0.0023618 0.00212532 0.00208948 0.00798408 0.00171061 0.00107136 0.00218381 0.00233996 0.009622 0.0149503 0.00192473 0.00301119 0.00313223 0.00143478 0.00480655 0.00134822 0.00217223 0.00585986 0.00115592 0.00134577 0.0126338 0.00130089 0.00107842 0.00150028 0.00173488 0.00204218 0.0010253 0.00101241
threshold=88.200000000000003 274.35471930000006 0.14500000000000005 51.037500000000009 0.41087726350000003 7.0067000000000013 55.250000000000007 24.362500000000004 0.00023854166666666669 14.050000000000002 33.15434016127945 13.550000000000002 6.4500000000000011 282.10680840000003 27.162500000000005 293.56741535000009 0.00037500000000000001 21.500000000000004 37.462500000000013 22.950000000000003 13.790000000000001 267.11240820000006 987.05000000000007 17.174305555555559 28.700000000000006 0.39250000000000007 5.5000000000000009 273.09905725000004 0.29500000000000004 1380.7000000000003
decision_type=2 2 2 2 2 2 2 2 2 2 2 10 2 2 2 2 2 2 2 2 2 8 2 2 2 2 2 2 2 2
left_child=3 2 -2 4 6 -6 7 -1 20 10 11 -10 13 -11 -15 17 -17 18 24 -20 -9 22 -22 -23 -14 26 27 -26 -18 -19
right_child=1 -3 -4 -5 5 -7 -8 8 9 12 -12 -13 15 14 -16 16 28 29 19 -21 21 23 -24 -25 25 -27 -28 -29 -30 -31
leaf_value=-1.9212426381838702e-05 -0.00035690881764122216 0.001197704457650509 3.3077323631997302e-05 0.00029663598065963017 0.00070024798998572673 0 -0.00022141673946882495 -7.4566705195390883e-05 0.00096642121517797924 0 0 0 -5.3759706765910091e-05 0.00058522650157101454 0 0.0005169569639159212 0.00014966047507869009 -5.30394042121049e-05 0.00049266276873746208 0 -1.4411132554155052e-07 0.00016267267617443149 0.00079822827604454335 -2.5858623518409507e-05 0.00036298794702748573 -7.5385366656616321e-05 0 0 -3.4974322686625678e-05 2.0865614854610544e-06
leaf_weight=6114 51 50 87 59 50 146 89 785 74 155 392 67 371 61 52 59 103 1038 94 217 581 87 52 3394 107 102 139 66 214 3474
leaf_count=6114 51 50 87 59 50 146 89 785 74 155 392 67 371 61 52 59 103 1038 94 217 581 87 52 3394 107 102 139 66 214 3474
internal_value=2.09785e-06 0.000240394 -7.66076e-05 -1.09066e-07 -1.3701e-06 0.000160068 -3.42746e-06 -2.0441e-06 6.51272e-06 2.51935e-05 0.000127031 0.000479672 1.5693e-05 0.000147794 0.000342895 8.91758e-06 0.000103614 1.65967e-06 5.21114e-05 0.000164165 -1.83392e-05 -6.37973e-06 5.87101e-05 -1.96654e-05 1.20457e-06 6.2519e-05 0.000123674 0.000228999 9.57613e-06 -9.49637e-06
internal_weight=18330 188 138 18142 18083 196 17887 17798 11684 6785 533 141 6252 268 113 5984 376 5608 1096 311 4899 4114 633 3481 785 414 312 173 317 4512
internal_count=18330 188 138 18142 18083 196 17887 17798 11684 6785 533 141 6252 268 113 5984 376 5608 1096 311 4899 4114 633 3481 785 414 312 173 317 4512
is_linear=0
shrinkage=0.05


Tree=63
num_leaves=31
num_cat=0
split_feature=133 36 42 1 34 85 138 112 89 14 103 18 131 120 124 93 103 160 29 110 138 138 160 132 155 81 36 117 131 138
split_gain=0.00392067 0.0227952 0.00214986 0.00182953 0.0072888 0.00169226 0.0161481 0.00253998 0.00159634 0.00144888 0.00186895 0.00108751 0.00374179 0.0123893 0.00884203 0.00260944 0.00226555 0.00159575 0.00118552 0.00108035 0.00104734 0.00102312 0.000983071 0.000933661 0.00104712 0.000874695 0.00123233 0.000977819 0.000808255 0.000849119
threshold=88.200000000000003 274.35471930000006 0.14500000000000005 0.41087726350000003 0.11033919522046119 280.06997175000004 3.6950000000000007 293.56741535000009 55.250000000000007 0.045132312000000001 922.35000000000014 0.0057458333333333346 34.954889260841185 267.04136160000002 -0.9159756150367534 262.80894550000005 1203.0000000000002 0.28469387755102055 49.250000000000007 12.850000000000003 8.0300000000000011 5.54 0.19021045918367349 4.5000000000000009 0.006000000000000001 51.150000000000013 272.35972605000001 2.0500000000000003 91.467890746291033 6.2300000000000013
decision_type=2 2 2 2 2 2 2 2 2 2 2 2 2 8 2 2 2 2 2 2 2 2 2 2 2 2 2 2 2 2
left_child=3 2 -2 5 -5 8 -7 28 9 11 -11 -1 13 -13 -15 -16 17 18 19 -14 21 -20 -23 24 -21 27 -27 -18 -8 -30
right_child=1 -3 -4 4 -6 6 7 -9 -10 10 -12 12 16 14 15 -17 25 -19 20 23 -22 22 -24 -25 -26 26 -28 -29 29 -31
leaf_value=-1.3065562830858359e-05 -0.0003394065533155719 0.0011389934181409212 3.1442253185477136e-05 0 0.00065480267540960835 0.00073373208221022557 -0.00011514344716563802 0.00023042953799920406 -0.00019260549945612554 -0.00038254213760071667 -4.2652679919137577e-05 0.00079681004894382567 0 0.00055552517067871407 0.00024903623383400631 -9.3236080308899464e-05 -8.9220363182654052e-06 -2.6604679806528285e-05 0 7.7565601784399012e-05 0 0.0004865836871576903 4.6800062709035744e-05 0 0.00034727655358138905 -0.00022127255759094903 0 0.00020399952330196682 0.00018254246049962769 -4.705867883264983e-05
leaf_weight=8664 51 50 87 144 52 81 294 84 113 50 582 63 383 72 60 369 5538 340 60 248 53 69 51 217 72 117 130 52 54 130
leaf_count=8664 51 50 87 144 52 81 294 84 113 50 582 63 383 72 60 369 5538 340 60 248 53 69 51 217 72 117 130 52 54 130
internal_value=2.03093e-06 0.000228606 -7.10951e-05 -5.38801e-08 0.000151182 -1.99255e-06 7.71124e-05 -9.77914e-06 -5.22542e-06 -3.69168e-06 -7.80034e-05 -5.48798e-07 1.25555e-05 0.000136713 4.23251e-05 -3.32701e-05 2.30289e-06 5.7798e-05 8.70211e-05 5.36318e-05 0.000196698 0.00025394 0.000342929 9.97208e-05 0.00015472 -1.10428e-05 -0.000104276 -6.01094e-06 -6.28229e-05 0
internal_weight=18330 188 138 18142 196 17946 643 562 17303 17190 632 16558 7894 564 501 429 7330 1493 1153 920 233 180 120 537 320 5837 247 5590 478 184
internal_count=18330 188 138 18142 196 17946 643 562 17303 17190 632 16558 7894 564 501 429 7330 1493 1153 920 233 180 120 537 320 5837 247 5590 478 184
is_linear=0
shrinkage=0.05


Tree=64
num_leaves=31
num_cat=0
split_feature=133 116 43 88 1 63 89 2 121 0 80 82 116 120 115 14 103 14 84 43 91 85 28 120 141 50 120 76 0 61
split_gain=0.00354453 0.021052 0.00419268 0.00195402 0.00165831 0.00687897 0.00140871 0.00095124 0.00171002 0.00309082 0.00167525 0.00832963 0.00114966 0.00316585 0.00596702 0.00136962 0.00157252 0.0012735 0.0026119 0.00420084 0.00147575 0.00425779 0.00107708 0.00283991 0.0035568 0.000808086 0.00076453 0.00195543 0.00075333 0.00164127
threshold=88.200000000000003 270.91500150000007 0.33750000000000008 51.037500000000009 0.41087726350000003 7.0067000000000013 55.250000000000007 0.00026399350000000003 0.15000000000000005 0.0046500000000000005 24.337500000000006 14.910000000000004 294.82292400000006 271.50136805000005 15.950000000000001 0.045132312000000001 964.25000000000011 0.015602906500000001 16.350000000000005 0.30450000000000005 30.450000000000003 276.11494225000007 7.0500000000000007 271.21041310000004 33.920000000000009 1024.4500000000003 272.32700650000004 4.1500000000000012 0.060150000000000009 710.1500000000002
decision_type=2 2 2 2 2 2 2 2 10 2 2 2 2 8 2 2 2 2 2 2 2 2 2 8 2 2 10 2 2 2
left_child=3 -2 -3 4 6 -6 7 12 10 -10 -9 -12 15 14 -14 17 -17 22 20 -20 26 -22 23 24 -1 -11 -19 28 -28 -30
right_child=1 2 -4 -5 5 -7 -8 8 9 25 11 -13 13 -15 -16 16 -18 18 19 -21 21 -23 -24 -25 -26 -27 27 -29 29 -31
leaf_value=0 0.0010291661741212009 -0.00045798356136865037 8.2695429505461287e-05 0.00028454769526918734 0.00064473729087587671 0 -0.00020094563897065304 -3.217993714840327e-05 0.00046848268775517821 6.7806650145920782e-06 0.00065848367546112851 1.7256667128713419e-05 -9.1102304499005325e-05 -1.5000494432097185e-05 0.00051351935449772972 -0.00035709031910300841 -4.8522854421737511e-05 -2.5123790023778676e-05 0 0.00058343499403321715 0 0.00052859816975936924 -2.2750228333204755e-05 -9.0138027419827781e-06 0.00041193597924759181 0.00020954918103828751 -6.5044372846993308e-06 0.00031656814824058087 0.00028778502924530451 0
leaf_weight=140 56 52 80 59 50 146 89 1518 55 382 52 1860 51 249 92 55 490 1565 87 52 177 51 8663 846 98 70 941 56 72 176
leaf_count=140 56 52 80 59 50 146 89 1518 55 382 52 1860 51 249 92 55 490 1565 87 52 177 51 8663 846 98 70 941 56 72 176
internal_value=1.96714e-06 0.000217395 -9.45474e-05 -1.54487e-09 -1.22212e-06 0.00014254 -3.08482e-06 -1.80325e-06 1.95132e-05 0.000105728 5.28504e-06 3.76447e-05 -8.21953e-06 7.4478e-05 0.000264028 -1.10029e-05 -8.94172e-05 -7.30268e-06 1.94722e-05 0.000232055 8.02734e-06 0.000130252 -1.65439e-05 2.84222e-05 0.000181894 4.96137e-05 -1.53937e-07 2.7216e-05 9.13173e-06 8.83291e-05
internal_weight=18330 188 132 18142 18083 196 17887 17798 3937 507 3430 1912 13861 392 143 13469 545 12924 3177 139 3038 228 9747 1084 238 452 2810 1245 1189 248
internal_count=18330 188 132 18142 18083 196 17887 17798 3937 507 3430 1912 13861 392 143 13469 545 12924 3177 139 3038 228 9747 1084 238 452 2810 1245 1189 248
is_linear=0
shrinkage=0.05


Tree=65
num_leaves=31
num_cat=0
split_feature=84 140 103 3 53 138 90 139 139 92 36 8 29 88 142 86 9 92 4 103 136 32 75 2 4 132 92 138 85 141
split_gain=0.00236688 0.0189678 0.00196921 0.00965543 0.00595981 0.0216875 0.00402635 0.00194965 0.0033478 0.00329984 0.00236528 0.00323348 0.00185815 0.00168972 0.00142318 0.00350921 0.00507201 0.00106738 0.000982549 0.0021001 0.00212402 0.00136427 0.00173983 0.0039728 0.00142585 0.00111638 0.000919776 0.000918275 0.00132141 0.000815062
threshold=20.650000000000006 76.225000000000009 1032.0000000000002 0.27696702250000005 198.50000000000003 3.7650000000000001 29.427551020408163 89.303625086230099 89.033414029013926 21.750000000000007 281.19910385000009 0.018400897843942245 47.300000000000004 51.037500000000009 640.00813109452349 5.5000000000000009 0.042777777777777783 7.0500000000000016 0.00029107750000000005 1461.7000000000005 0.12500000000000003 12.050000000000002 14.750000000000002 1.0995000000000001e-05 0.0040377470000000004 4.5000000000000009 17.650000000000009 5.080000000000001 279.65964215000002 25.455000000000002
decision_type=2 2 2 2 2 2 2 2 2 2 2 2 2 2 2 2 2 2 2 2 2 2 2 2 2 2 2 2 2 2
left_child=2 14 3 4 6 -6 12 8 13 10 11 17 27 18 -2 -16 -17 -9 -4 20 -20 22 24 -24 25 -22 -19 28 -1 -7
right_child=1 -3 7 -5 5 29 -8 9 -10 -11 -12 -13 -14 -15 15 16 -18 26 19 -21 21 -23 23 -25 -26 -27 -28 -29 -30 -31
leaf_value=-3.1431807042824277e-05 -7.3687621350612849e-05 0.0009940101935596126 -1.9401091414354882e-05 0.00061705840362713267 0.00093713483512510715 0.00016056155753374862 0.00040002000807241227 0 0.00035168354988742909 -0.00049128357139553009 0.00023630067312816602 -0.00047874455834401086 0.00015767551716062945 -0.00028037354595685513 -0.00014812929929660943 -3.9409402698993287e-05 0.00047465834297964683 -0.00022778789601273419 0.0002979079233561303 -5.8167672828867525e-06 0.0002009516399739794 -2.2807372698917461e-05 0 0.00043143715958921371 -1.8189486880896458e-05 0 0 0 -0.00020587924468612624 -5.6088866527383765e-05
leaf_weight=954 259 53 6642 69 79 54 59 383 64 50 55 50 142 56 74 63 96 113 95 5608 170 438 96 101 405 111 52 1502 146 196
leaf_count=954 259 53 6642 69 79 54 59 383 64 50 55 50 142 56 74 63 96 113 95 5608 170 438 96 101 405 111 52 1502 146 196
internal_value=1.60803e-06 0.000104263 -1.27769e-06 3.38741e-05 1.92374e-05 0.000220461 -2.66814e-06 -9.39051e-06 -4.86148e-06 -9.09705e-05 -5.1969e-05 -8.71796e-05 -1.32906e-05 -6.91428e-06 0 9.57691e-05 0.000240748 -4.15385e-05 -5.40743e-06 7.11431e-06 6.18238e-05 4.08511e-05 7.80742e-05 0.00021384 3.15534e-05 0.000120788 -0.000147585 -2.45986e-05 -5.9293e-05 0
internal_weight=18235 545 17690 3201 3132 329 2803 14489 13786 703 653 598 2744 13722 492 233 159 548 13666 7024 1416 1321 883 197 686 281 165 2602 1100 250
internal_count=18235 545 17690 3201 3132 329 2803 14489 13786 703 653 598 2744 13722 492 233 159 548 13666 7024 1416 1321 883 197 686 281 165 2602 1100 250
is_linear=0
shrinkage=0.05


Tree=66
num_leaves=31
num_cat=0
split_feature=84 133 103 3 53 138 90 133 122 81 29 91 141 131 120 136 42 104 15 124 2 113 25 104 138 85 43 91 114 126
split_gain=0.00210177 0.0218655 0.00179119 0.0087198 0.0053849 0.0195976 0.00363992 0.00180852 0.0053278 0.00177755 0.00168225 0.00165245 0.00307907 0.00133548 0.00795173 0.00126594 0.00123474 0.00121618 0.00109747 0.00105186 0.00563839 0.00121246 0.00100113 0.00108864 0.000836836 0.0011824 0.000809595 0.000796832 0.000792767 0.00074441
threshold=20.650000000000006 80.660000000000011 1032.0000000000002 0.27696702250000005 198.50000000000003 3.7650000000000001 29.427551020408163 88.200000000000003 13.500000000000002 51.150000000000013 47.300000000000004 24.650000000000002 34.190000000000005 47.941443957701061 267.72754705000006 0.12500000000000003 0.52500000000000013 2.1500000000000008 0.00095000000000000011 -0.9159756150367534 0.0059917800000000012 1.4500000000000002 21.500000000000004 1.7500000000000007 5.080000000000001 279.65964215000002 0.35750000000000004 18.950000000000003 36.650000000000013 15.500000000000002
decision_type=2 2 2 2 2 2 2 2 2 2 2 2 2 2 10 2 2 2 2 2 2 2 2 2 2 2 2 2 2 2
left_child=2 -2 3 4 6 -6 10 9 -9 11 24 19 13 14 -13 -11 -14 -17 -15 20 21 -4 -20 -24 25 29 -12 -7 -26 -1
right_child=1 -3 7 -5 5 27 -8 8 -10 15 26 12 16 18 -16 17 -18 -19 22 -21 -22 -23 23 -25 28 -27 -28 -29 -30 -31
leaf_value=-6.2312051832901736e-05 -7.7978440605150632e-06 0.00096000422466582108 -6.9703580745591353e-06 0.00058664623494509476 0.00089086380656135588 0.00015725928338984626 0.00038035235887218737 3.7188048768123678e-05 -0.00056041030287501761 3.1279832143142509e-05 0.00026074122662834417 0.00066387033684315189 0.00036152457737189254 -1.590804882851523e-05 -0.00010917620303842623 -0.0002137194113408437 0 0 0 -1.693381149426833e-05 0.00044134181232954157 0.00020162860950720597 0.00024632546371105402 0 -6.5656855459565747e-06 -0.00019565530936827658 0 -5.5658090562395292e-05 0.00017887000070186332 2.3953654124985127e-05
leaf_weight=653 481 64 1309 69 79 55 59 67 57 74 76 51 99 1366 70 242 53 113 201 10384 77 72 125 129 1443 146 66 195 59 301
leaf_count=653 481 64 1309 69 79 55 59 67 57 74 76 51 99 1366 70 242 53 113 201 10384 77 72 125 129 1443 146 66 195 59 301
internal_value=1.50188e-06 9.82449e-05 -1.20137e-06 3.23089e-05 1.83172e-05 0.000209596 -2.41755e-06 -8.95145e-06 -0.0001998 -6.94219e-06 -1.26047e-05 -3.48103e-06 3.69118e-05 1.71117e-05 0.000178441 -0.00010748 0.00025544 -0.000150456 3.55554e-06 -1.10483e-05 2.74245e-05 4.25267e-07 7.28607e-05 0.000138954 -2.34453e-05 -5.65662e-05 0.000149847 0 0 -2.98619e-05
internal_weight=18235 545 17690 3201 3132 329 2803 14489 124 14365 2744 13936 2094 1942 121 429 152 355 1821 11842 1458 1381 455 254 2602 1100 142 250 1502 954
internal_count=18235 545 17690 3201 3132 329 2803 14489 124 14365 2744 13936 2094 1942 121 429 152 355 1821 11842 1458 1381 455 254 2602 1100 142 250 1502 954
is_linear=0
shrinkage=0.05


Tree=67
num_leaves=31
num_cat=0
split_feature=120 133 49 15 138 107 86 101 1 34 91 83 128 133 84 81 116 138 49 92 41 92 14 126 41 140 1 1 103 138
split_gain=0.00193516 0.0160359 0.00659828 0.00212246 0.00255329 0.0026142 0.00309799 0.00668828 0.00193142 0.00744505 0.00154839 0.00421235 0.00118493 0.00105224 0.00554255 0.000822007 0.000940921 0.00557767 0.0143238 0.000966441 0.000901543 0.00120122 0.000806424 0.00125892 0.000844606 0.00274688 0.000816266 0.00267054 0.00239988 0.00126676
threshold=267.11240820000006 87.575000000000003 988.45000000000016 4.6875000000000008e-05 4.370000000000001 13.15 5.5000000000000009 0.74963539999998841 0.41087726350000003 0.083518987563958549 36.500000000000007 35.100000000000001 10.009782615183983 87.575000000000003 1.5500000000000005 51.650000000000013 293.40074460000011 3.8450000000000002 993.75000000000011 12.050000000000002 43.500000000000007 7.8500000000000014 0.045132312000000001 52.500000000000007 95.500000000000014 68.935000000000016 0.072925425000000016 0.074620640500000016 1016.6 5.54
decision_type=8 2 2 2 2 2 2 2 2 2 2 2 2 2 2 2 2 2 2 2 2 2 2 2 2 2 2 2 2 2
left_child=1 2 3 12 5 6 -5 -8 10 -10 11 13 -1 15 -15 16 22 18 -18 20 21 -19 24 -24 26 -26 -2 -28 29 -29
right_child=8 -3 -4 4 -6 -7 7 -9 9 -11 -12 -13 -14 14 -16 -17 17 19 -20 -21 -22 -23 23 -25 25 -27 27 28 -30 -31
leaf_value=-0.00023107053730540524 -1.1799227318467489e-05 0.00086916058494384261 0.00051312572799471325 0 -1.0530497774980009e-05 0 0.00079454350702872043 4.8012625181612785e-05 -1.3204429563805858e-05 0.0006727583409334402 -0.00023576312414071577 0.00037041684805051386 0 1.0034112338380737e-05 -0.00043295500793060962 -0.0001261922302619496 -2.2475937478876822e-06 0 0.0009602545822209711 -0.00010323586745251869 -1.7836994015483101e-05 0.00021425809410656634 -0.00016689104707584193 0 0 0.00040528895372172238 0.00030917762423669982 0 -6.5985502131268774e-06 0.00023024496877313918
leaf_weight=138 11217 57 65 51 1283 255 59 93 120 50 73 73 65 238 89 139 93 57 55 202 258 118 199 374 249 52 77 74 2189 173
leaf_count=138 11217 57 65 51 1283 255 59 93 120 50 73 73 65 238 89 139 93 57 55 202 258 118 199 374 249 52 77 74 2189 173
internal_value=1.49262e-06 4.7245e-05 2.1017e-05 1.73668e-06 2.21236e-05 0.000124315 0.000258474 0.000373763 -4.04676e-06 0.000162064 -6.13432e-06 -4.7531e-06 -0.00014785 -6.81932e-06 -9.62433e-05 -4.60782e-06 -3.17642e-06 4.94812e-05 0.000325926 -7.49955e-06 2.57769e-05 0.000118221 -6.34522e-06 -6.49742e-05 -3.59014e-06 7.80249e-05 -5.74906e-06 1.92615e-05 7.92267e-06 0.000156284
internal_weight=18235 2066 2009 1944 1741 458 203 152 16169 170 15999 15926 203 15853 327 15526 15387 783 148 635 433 175 14604 573 14031 301 13730 2513 2436 247
internal_count=18235 2066 2009 1944 1741 458 203 152 16169 170 15999 15926 203 15853 327 15526 15387 783 148 635 433 175 14604 573 14031 301 13730 2513 2436 247
is_linear=0
shrinkage=0.05


Tree=68
num_leaves=31
num_cat=0
split_feature=120 128 75 126 7 85 131 28 107 15 77 133 84 13 111 131 156 89 96 122 68 137 120 137 16 89 117 52 36 136
split_gain=0.0017644 0.0149994 0.0258069 0.00179083 0.00915791 0.00781584 0.017878 0.00157953 0.00153474 0.00157971 0.00249799 0.00143476 0.00513305 0.00142727 0.00323822 0.00183341 0.00115712 0.00098893 0.000902005 0.000889208 0.00179525 0.00360933 0.00119598 0.00828829 0.00085444 0.000777976 0.000861779 0.000830156 0.0011202 0.00267531
threshold=267.11240820000006 8.3844366951598737 16.550000000000004 19.500000000000004 0.25110000000000005 280.06997175000004 49.891498158895921 22.500000000000004 5.1500000000000012 0.0014354166666666671 286.31903045000007 88.200000000000003 1.5500000000000005 0.00015818092361111113 7.1500000000000012 64.936761357106477 0.4200000000000001 54.750000000000007 48.675000000000004 13.500000000000002 1.5500000000000003 0.065000000000000016 283.11222970000006 0.055000000000000007 9.5450000000000017 51.850000000000001 0.35000000000000003 74.500000000000014 270.56052800000003 0.52500000000000013
decision_type=8 2 2 2 2 2 2 2 2 2 2 2 2 2 2 2 2 2 2 2 2 2 10 2 2 2 2 2 2 2
left_child=1 2 -1 4 5 7 -7 -2 -3 17 16 19 -13 14 -9 -15 -11 18 -10 20 22 -22 25 -24 -18 26 -5 28 -28 -30
right_child=3 8 -4 11 -6 6 -8 13 9 10 -12 12 -14 15 -16 -17 24 -19 -20 -21 21 -23 23 -25 -26 -27 27 -29 29 -31
leaf_value=0.0014393955922865893 -5.7338494679331805e-05 0.00028115186906863812 -7.3127795984356789e-05 -1.0424134179840125e-05 0.00062982464919471011 0.0010674271519606566 0 0.00046028388713701567 -1.8347815831947346e-05 -7.2013616447011495e-05 0.0003515770632993619 1.2932444001004717e-05 -0.00055148610520908343 -7.1612601977405103e-05 0 4.4763041149525957e-05 0.00018960294396169622 -0.00021690897838080644 0.00016227103597131126 -2.3254892454958934e-05 0.00050518117068041083 0 0.0006708789301144583 -2.6687517740520378e-06 0 -0.00016812262832995899 0 -1.9927357608818084e-05 0.00048060229373125672 0
leaf_weight=50 933 51 50 5721 62 56 120 58 1397 141 77 89 55 473 68 1110 120 61 69 6370 52 153 51 265 50 75 191 125 56 86
leaf_count=50 933 51 50 5721 62 56 120 58 1397 141 77 89 55 473 68 1110 120 61 69 6370 52 153 51 265 50 75 191 125 56 86
internal_value=1.39891e-06 4.5096e-05 0.000640393 -3.87773e-06 3.13892e-05 1.62303e-05 0.000338247 -3.44927e-06 1.19643e-05 2.04274e-06 9.4225e-05 -1.18988e-05 -0.000170478 2.3063e-05 0.000186223 6.81021e-06 1.35593e-05 -1.81542e-05 -6.33352e-06 -9.76844e-06 2.17548e-06 0.000147844 -1.63062e-06 9.20373e-05 0.00011378 -7.17676e-06 -4.38726e-06 5.99861e-05 0.000104924 0.000212831
internal_weight=18235 2066 100 16169 2880 2818 176 2642 1966 1915 388 13289 144 1709 126 1583 311 1527 1466 13145 6775 205 6570 316 170 6254 6179 458 333 142
internal_count=18235 2066 100 16169 2880 2818 176 2642 1966 1915 388 13289 144 1709 126 1583 311 1527 1466 13145 6775 205 6570 316 170 6254 6179 458 333 142
is_linear=0
shrinkage=0.05


Tree=69
num_leaves=31
num_cat=0
split_feature=120 133 126 138 15 16 36 126 7 85 131 28 25 134 133 84 17 136 4 138 99 74 99 133 131 98 58 97 136 15
split_gain=0.00158729 0.0135012 0.00372804 0.00163897 0.00242092 0.00341259 0.00204571 0.00161823 0.00827513 0.00705663 0.016177 0.00142321 0.00128831 0.00201022 0.00126649 0.00467291 0.00108525 0.00128052 0.000966598 0.000916281 0.00302613 0.00202999 0.00115663 0.00124992 0.000898545 0.000861431 0.00123996 0.000858428 0.000832215 0.000824006
threshold=267.11240820000006 87.575000000000003 25.500000000000004 4.370000000000001 0.0010302083333333335 7.5050000000000008 270.29989520000009 19.500000000000004 0.25110000000000005 280.06997175000004 49.891498158895921 22.500000000000004 10.500000000000002 8.6850000000000023 88.200000000000003 1.5500000000000005 0.03425000000000001 0.6100000000000001 9.7050000000000014e-05 12.310000000000002 -2.89999999999992 24.478571428571435 -1.8500000000000225 79.440000000000012 276.19502328255265 12.450000000000001 3.0500000000000012 0.25000000000000006 0.26500000000000007 9.4791666666666689e-05
decision_type=8 2 2 2 2 2 2 2 2 2 2 2 2 2 2 2 2 2 2 2 2 2 2 2 2 2 2 2 2 2
left_child=1 2 -1 4 6 27 -4 8 9 11 -11 -2 -13 -14 19 -16 -15 28 24 22 21 -21 23 -9 -5 -24 -27 -6 -18 -8
right_child=7 -3 3 18 5 -7 29 14 -10 10 -12 12 13 16 15 -17 17 -19 -20 20 -22 -23 25 -25 -26 26 -28 -29 -30 -31
leaf_value=0.00038613048019825913 -5.4474639345654646e-05 0.00079708664047788711 0.00029397622420833185 -9.9838917760298302e-05 0.00060051678272429862 0 -0.00016025719951376054 -3.5334661081116841e-05 0.00059883327404913018 0.0010149921261013092 0 0.00024402098000819727 -5.1201615211967422e-05 -4.9962480404652035e-06 1.2293006500840418e-05 -0.0005244042061011507 0.00012520687903341479 0.00018082708972278557 5.7765147645737897e-06 0.00051615022102011545 0 9.0864749954298626e-06 -7.8177611898370207e-06 -0.00022972098042226558 7.7782778843196433e-05 0.000270031780066133 0 0.00011435037980988329 -1.8070787470054203e-05 0
leaf_weight=66 933 57 52 504 53 68 100 2156 62 56 120 64 690 297 89 55 137 278 850 51 957 68 9666 98 50 67 82 50 243 216
leaf_count=66 933 57 52 504 53 68 100 2156 62 56 120 64 690 297 89 55 137 278 850 51 957 68 9666 98 50 67 82 50 243 216
internal_value=1.35193e-06 4.28063e-05 1.85322e-05 3.28133e-06 7.94719e-05 0.000234556 0 -3.63802e-06 2.98647e-05 1.5365e-05 0.000321361 -3.24143e-06 2.182e-05 9.99443e-06 -1.12767e-05 -0.000160416 5.94468e-05 9.6085e-05 -2.24455e-05 -9.25049e-06 3.36399e-05 0.000270556 -1.34911e-05 -4.61017e-05 -7.46878e-05 -5.48878e-06 0.00011131 0.000415959 2.06543e-05 -4.10395e-05
internal_weight=18235 2066 2009 1943 539 171 368 16169 2880 2818 176 2642 1709 1645 13289 144 955 658 1404 13145 1076 119 12069 2254 554 9815 149 103 380 316
internal_count=18235 2066 2009 1943 539 171 368 16169 2880 2818 176 2642 1709 1645 13289 144 955 658 1404 13145 1076 119 12069 2254 554 9815 149 103 380 316
is_linear=0
shrinkage=0.05


Tree=70
num_leaves=31
num_cat=0
split_feature=84 134 104 85 115 138 42 101 1 92 91 89 88 13 23 120 41 96 111 13 92 34 141 136 83 134 134 101 101 91
split_gain=0.00156277 0.0188685 0.00164246 0.00650822 0.0188606 0.00169513 0.00615263 0.00142163 0.0045307 0.0034518 0.0162339 0.00256171 0.00241754 0.00205873 0.00104731 0.00215848 0.00104058 0.00205748 0.00179012 0.00125847 0.00186919 0.00172666 0.000899106 0.000698499 0.000669943 0.000770072 0.00063837 0.000580191 0.00177237 0.00361674
threshold=21.050000000000008 4.2550000000000017 0.35000000000000009 280.06997175000004 15.850000000000003 3.1850000000000005 0.81500000000000006 -3.2361262000000006 0.36432711350000008 11.150000000000004 15.250000000000002 55.050000000000004 41.687500000000007 0.0039296913055555565 17.729861111111116 271.40388415000007 40.500000000000007 38.51250000000001 7.0500000000000007 0.0039296913055555565 1.6500000000000006 -0.39616474984924538 25.930000000000003 0.23500000000000001 19.950000000000003 13.865000000000002 9.6250000000000018 6.7096159500000008 7.7636257499999894 19.750000000000004
decision_type=2 2 2 2 2 2 2 2 2 2 2 2 2 2 2 8 2 2 2 2 2 2 2 2 2 2 2 2 2 2
left_child=2 -2 5 7 -5 6 -1 8 9 13 -11 14 -12 26 15 -9 17 -16 -19 -18 -21 -22 -3 -20 -25 -26 -4 -7 29 -29
right_child=1 22 3 4 -6 27 -8 11 -10 10 12 -13 -14 -15 16 -17 19 18 23 20 21 -23 -24 24 25 -27 -28 28 -30 -31
leaf_value=0 0.00089692483526758015 -0.00018105089629292102 -1.9522600145042159e-05 0 0.0011155144691891859 -3.6435147680647055e-05 -0.00065998273074429194 0.00029610485301560975 0.00041055095263321789 0.00098445597517603147 0 -0.0002790674035456372 0.00034271577535643401 -0.00031914592680265085 -8.8410488056423792e-06 3.489787183139543e-06 -1.3341764712805188e-05 0.00040263524335265783 -1.0771780147074926e-05 0 0 -0.00050879042421001939 1.6914678276351211e-06 0 0.00026427103356300194 0 2.7451616001919143e-05 0.00051461219108793618 -2.7677923105414285e-05 -2.1696371000942088e-07
leaf_weight=160 62 71 1608 118 50 2252 50 82 75 50 464 88 56 50 680 429 9376 59 89 144 50 50 404 51 91 55 1303 50 257 50
leaf_count=160 62 71 1608 118 50 2252 50 82 75 50 464 88 56 50 680 429 9376 59 89 144 50 50 404 51 91 55 1303 50 257 50
internal_value=-1.44455e-06 8.20737e-05 -4.24371e-06 2.01518e-06 0.000310673 -3.93494e-05 -0.000179953 -1.16072e-06 2.57651e-05 1.60625e-05 0.000128939 -1.02421e-05 3.53492e-05 -4.01465e-06 -7.6486e-06 6.06979e-05 -1.14045e-05 3.49115e-05 0.000135376 -1.68623e-05 -0.000131127 -0.000296608 -1.54425e-05 6.16091e-05 0.000119451 0.000174964 0 -2.60518e-05 2.54001e-05 0.000210239
internal_weight=18374 537 17837 15018 168 2819 210 14850 3606 3531 570 11244 520 2961 11156 511 10645 1025 345 9620 244 100 475 286 197 146 2911 2609 357 100
internal_count=18374 537 17837 15018 168 2819 210 14850 3606 3531 570 11244 520 2961 11156 511 10645 1025 345 9620 244 100 475 286 197 146 2911 2609 357 100
is_linear=0
shrinkage=0.05


Tree=71
num_leaves=31
num_cat=0
split_feature=84 133 133 80 123 107 133 118 121 0 81 28 128 41 93 100 93 117 83 138 43 92 33 43 41 83 18 92 85 128
split_gain=0.00142494 0.0208213 0.00178387 0.00558468 0.00606451 0.00220982 0.00118666 0.00637986 0.00124004 0.00336577 0.00126403 0.000812666 0.000888483 0.000874114 0.00199613 0.000741999 0.000839228 0.000697041 0.00184374 0.00131286 0.000673177 0.00160137 0.000671699 0.00062692 0.000603368 0.00103033 0.000856572 0.000687419 0.00156569 0.000702786
threshold=21.150000000000006 80.660000000000011 86.945000000000007 27.962500000000006 -0.60355339059327362 9.6500000000000004 85.89500000000001 18.050000000000004 0.15000000000000005 0.21365000000000003 49.550000000000004 31.350000000000005 9.8893125600333374 43.500000000000007 270.88586305000007 7.3000000000000123 271.47877495000006 0.25000000000000006 30.450000000000003 13.875000000000002 0.34750000000000003 1.6500000000000006 0.15584836779762587 0.37450000000000006 90.500000000000014 24.850000000000005 0.0078770833333333349 10.350000000000003 280.06997175000004 9.8282789691267798
decision_type=2 2 2 2 2 2 2 8 10 2 2 2 2 2 2 2 2 2 2 2 2 2 2 2 2 2 2 2 2 2
left_child=2 -2 6 5 -5 20 8 -8 15 10 11 -10 -13 14 -14 17 -17 24 19 -19 -4 -22 -6 -15 27 -26 -27 28 -1 -29
right_child=1 -3 3 4 22 -7 7 -9 9 -11 -12 12 13 23 -16 16 -18 18 -20 -21 21 -23 -24 -25 25 26 -28 29 -30 -31
leaf_value=-1.1628476917020306e-05 -1.9006143293193684e-05 0.0010017669218677012 8.9837479583366076e-05 -0.00074996419352088605 -0.00018839885584329198 0.00032128861389127471 0.00058796294656834414 -0.00015446757818412439 -1.1464125006092431e-05 0.00044272208977667567 0.00023390719526131373 -2.914012632714815e-06 0 8.7017376713010203e-05 0.00046749585616150097 9.5315928662406815e-06 0.00021636778687897192 -5.4781486172992065e-06 0.00023359752121096894 0.00022929403852744616 0 -0.00027195126301612129 0 -7.227673267934414e-05 0 0.00032059995128940085 0 -7.1782236210592683e-05 0.00019407620528139752 -1.0743515701880136e-05
leaf_weight=10609 461 54 59 58 65 50 50 50 1093 50 69 200 58 207 50 362 72 1073 98 61 192 73 58 56 623 51 52 1060 90 1270
leaf_count=10609 461 54 59 58 65 50 50 50 1093 50 69 200 58 207 50 362 72 1073 98 61 192 73 58 56 623 51 52 1060 90 1270
internal_value=-1.39535e-06 8.00704e-05 -4.02888e-06 -9.22875e-05 -0.000320426 5.34834e-06 -9.04016e-07 0.000169389 -2.19426e-06 3.68319e-05 2.19892e-05 1.00635e-05 5.99607e-05 0.000107213 0.000237646 -7.03283e-06 5.57582e-05 -9.18836e-06 2.55141e-05 2.9363e-06 -2.88618e-05 -7.43246e-05 -7.31418e-05 3.40145e-05 -1.26617e-05 2.93798e-05 0.000175504 -1.53901e-05 -9.41282e-06 -4.06761e-05
internal_weight=18374 515 17859 555 181 374 17304 100 17204 1783 1733 1664 571 371 108 15421 434 14987 1232 1134 324 265 123 263 13755 726 103 13029 10699 2330
internal_count=18374 515 17859 555 181 374 17304 100 17204 1783 1733 1664 571 371 108 15421 434 14987 1232 1134 324 265 123 263 13755 726 103 13029 10699 2330
is_linear=0
shrinkage=0.05


Tree=72
num_leaves=31
num_cat=0
split_feature=84 133 133 80 123 107 133 118 121 1 96 28 128 46 77 101 30 84 116 85 28 110 23 53 103 119 131 103 18 119
split_gain=0.00127113 0.0188416 0.00160291 0.00508187 0.00545449 0.00199259 0.00104036 0.00580106 0.00112047 0.0030387 0.00186872 0.000988588 0.00101112 0.000841638 0.00089716 0.00122765 0.000704073 0.00116375 0.000629381 0.00189397 0.00457821 0.0119391 0.0015847 0.00134748 0.00743531 0.00133071 0.00117511 0.00188205 0.00121219 0.00105026
threshold=21.150000000000006 80.660000000000011 86.945000000000007 27.962500000000006 -0.60355339059327362 9.6500000000000004 85.89500000000001 18.050000000000004 0.15000000000000005 0.32127834050000009 50.437500000000007 31.350000000000005 9.8893125600333374 35.500000000000007 275.18526870000005 -3.6657971999999854 -0.49142857142857177 0.75000000000000011 286.54117840000009 276.75572575000007 19.250000000000004 17.850000000000005 29.555555555555561 205.50000000000003 831.55000000000007 19.250000000000004 51.951731884366289 1447.7 0.013114583333333334 13.15
decision_type=2 2 2 2 2 2 2 8 10 2 2 2 2 2 2 2 2 2 2 2 2 2 2 2 2 8 2 2 2 10
left_child=2 -2 6 5 -5 16 8 -8 18 10 11 -10 -13 14 15 -14 -4 -18 19 26 21 -21 23 25 -25 -20 27 28 -1 -28
right_child=1 -3 3 4 -6 -7 7 -9 9 -11 -12 12 13 -15 -16 -17 17 -19 22 20 -22 -23 -24 24 -26 -27 29 -29 -30 -31
leaf_value=-7.1920040779725777e-05 -1.8057892917741337e-05 0.0009525892870627683 9.8460528754650893e-05 -0.00071310153824940203 -6.8203906044624497e-05 0.00030553918080626966 0.00055914123160262399 -0.00014689564149068923 -1.5206220845461762e-05 0.00042102001879053817 0.00032224427209382394 -5.8869661736514951e-06 0 0 4.304231903237582e-05 0.00040449159660205973 0 -0.00027800106285992245 -8.3672821205379503e-05 0 0 0.00091850453884776296 -0.00023548898285030435 0.00046763261522507742 -2.0692510912609553e-05 0 -4.6259088652755613e-06 -1.2215798646094789e-05 -0.00031011992212472578 4.4675322926665343e-05
leaf_weight=444 461 54 58 58 123 50 50 50 1112 50 50 196 52 71 180 72 211 55 955 103 453 53 94 87 570 719 8512 2114 88 1229
leaf_count=444 461 54 58 58 123 50 50 50 1112 50 50 196 52 71 180 72 211 55 955 103 453 53 94 87 570 719 8512 2114 88 1229
internal_value=-1.24848e-06 7.56776e-05 -3.75087e-06 -8.74106e-05 -0.000305111 5.14668e-06 -7.73779e-07 0.000158659 -2.00028e-06 3.50802e-05 2.08252e-05 8.71527e-06 6.39878e-05 0.000113725 0.000151139 0.000266453 -2.66231e-05 -7.28901e-05 -6.61378e-06 -1.83673e-06 8.36053e-05 0.000316322 -3.01425e-05 -1.96202e-05 3.69852e-05 -4.48302e-05 -6.44747e-06 -3.60565e-05 -0.00012121 1.08502e-06
internal_weight=18374 515 17859 555 181 374 17304 100 17204 1783 1733 1683 571 375 304 124 324 266 15421 12996 609 156 2425 2331 657 1674 12387 2646 532 9741
internal_count=18374 515 17859 555 181 374 17304 100 17204 1783 1733 1683 571 375 304 124 324 266 15421 12996 609 156 2425 2331 657 1674 12387 2646 532 9741
is_linear=0
shrinkage=0.05


Tree=73
num_leaves=31
num_cat=0
split_feature=101 84 133 0 13 83 96 91 50 133 120 115 133 92 137 110 1 14 138 13 29 103 103 138 84 133 92 85 104 86
split_gain=0.00126515 0.0044194 0.0188305 0.00516954 0.00173809 0.00161089 0.00302607 0.00106657 0.00104747 0.00303146 0.00148838 0.0123009 0.00250941 0.0048848 0.00211227 0.00820568 0.000840013 0.00123112 0.00142206 0.00274853 0.000928418 0.000771362 0.00122904 0.000962195 0.00252095 0.00278755 0.000903719 0.00199093 0.00102538 0.000775014
threshold=-3.2361262000000006 13.550000000000002 80.660000000000011 0.24405000000000002 0.0039296913055555565 36.500000000000007 51.187500000000007 34.350000000000001 1001.2500000000001 82.02000000000001 267.57627910000008 7.9500000000000011 88.200000000000003 1.5500000000000005 3.0650000000000004 24.450000000000003 0.0057483820000000007 0.023642282500000004 5.1850000000000014 0.00051929306944444454 31.050000000000004 535.65000000000009 673.75000000000011 7.5550000000000006 12.550000000000004 26.335000000000004 12.150000000000004 279.46601305000007 0.65000000000000024 4.5000000000000009
decision_type=2 2 2 2 2 2 2 2 2 2 8 2 2 2 2 2 2 2 2 2 2 2 2 2 2 2 2 2 2 2
left_child=1 3 -3 4 7 6 8 -1 9 -2 11 -10 21 -14 16 -16 20 18 19 -18 -13 -12 -23 26 29 -26 27 -24 -28 -25
right_child=5 2 -4 -5 -6 -7 -8 -9 10 -11 12 14 13 -15 15 -17 17 -19 -20 -21 -22 22 23 24 25 -27 28 -29 -30 -31
leaf_value=0 -3.2388874577101734e-05 9.3258369560838177e-06 0.0010261608896115304 0.00043863693103583725 -0.00024610614559183173 -0.00028156548342799816 0.00035385435120572272 0.00018525674276030331 0.00068982613410584507 -0.00042898093793526106 0.0001405440823287879 0 0 -0.00060049412140561237 0.0007063701720728526 0 0 -9.3386030436496791e-05 0 0.0004286164870121655 -0.00011863979254628096 -0.00011708418399422805 -1.1931582826457426e-05 -6.6447434361292849e-06 0 0.00037989107493989856 -9.1430773655213417e-05 0.00026376848240481477 0 5.7289838027096095e-05
leaf_weight=3964 1132 280 56 67 70 54 56 78 69 53 81 320 57 52 50 178 61 126 232 68 321 266 6294 2410 53 96 777 64 418 571
leaf_count=3964 1132 280 56 67 70 54 56 78 69 53 81 320 57 52 50 178 61 126 232 68 321 266 6294 2410 53 96 777 64 418 571
internal_value=-1.19857e-06 2.14646e-05 0.000196177 6.17758e-06 0 -8.94356e-06 -7.49468e-06 3.33132e-06 -9.35573e-06 -5.46893e-05 -4.67805e-06 4.27046e-05 -1.11918e-05 -0.000250444 5.60717e-06 0.000146766 -1.86009e-05 2.39289e-05 7.88324e-05 0.000211311 -5.86881e-05 -8.3517e-06 -9.92258e-06 -6.77562e-06 1.57209e-05 0.000216486 -1.6761e-05 -8.32904e-06 -5.73984e-05 3.94008e-06
internal_weight=18374 4515 336 4179 4112 13859 13805 4042 13749 1185 12564 1425 11139 109 1356 228 1128 487 361 129 641 11030 10949 10683 3130 149 7553 6358 1195 2981
internal_count=18374 4515 336 4179 4112 13859 13805 4042 13749 1185 12564 1425 11139 109 1356 228 1128 487 361 129 641 11030 10949 10683 3130 149 7553 6358 1195 2981
is_linear=0
shrinkage=0.05


Tree=74
num_leaves=31
num_cat=0
split_feature=133 120 122 134 121 2 82 6 24 75 101 140 120 117 122 118 116 15 138 141 22 84 132 81 43 156 88 90 19 0
split_gain=0.00121823 0.0157884 0.00744091 0.000837034 0.000927783 0.00341409 0.00394324 0.00477295 0.00184607 0.00215932 0.000924385 0.00304186 0.00130424 0.000693469 0.00251474 0.000847797 0.00133952 0.00109096 0.000755673 0.000705275 0.000628992 0.000607715 0.000917512 0.0006131 0.000943786 0.00105514 0.000718181 0.00205278 0.000561431 0.000997032
threshold=88.200000000000003 267.47469275000009 14.500000000000002 3.6600000000000006 0.15000000000000005 0.00022591100000000003 19.902000000000005 0.0044520833333333339 61.400000000000006 10.950000000000001 -5.9175348999999917 74.520000000000024 288.41487185000011 0.25000000000000006 22.500000000000004 15.050000000000002 270.47884170000003 3.6458333333333343e-05 5.9750000000000005 33.775000000000013 3.5000000000000004 23.450000000000006 1.5000000000000002 51.150000000000013 0.35050000000000003 0.7400000000000001 42.625000000000007 28.019387755102045 -0.0015614285714285712 0.010800000000000002
decision_type=2 10 2 2 10 2 2 2 2 2 2 2 10 2 2 8 2 2 2 2 2 2 2 2 2 2 2 2 2 2
left_child=3 -2 -3 -1 10 8 -7 -8 -6 -10 11 12 -5 21 15 16 -15 -17 19 -19 -9 23 -23 26 25 -25 -12 -28 -29 -30
right_child=1 2 -4 4 5 6 7 20 9 -11 13 -13 -14 14 -16 17 -18 18 -20 -21 -22 22 -24 24 -26 -27 27 28 29 -31
leaf_value=-5.8067036726635538e-05 0.00079741568960842776 0.00011392829126342815 -0.00059496671074321021 0 -2.8768937183049586e-05 0 0.00058072337739244878 0 0.00041032314330179901 0 -1.156395364691401e-05 0.00038777755000626071 0.00021053976055236494 0 0.00034919976592138471 0.00015650319842972174 0.00032780571332242453 -0.00012915882182583282 7.5425348750312638e-06 0 0.00017100458138171685 -0.0002685582483554456 -4.8107289452066945e-06 -0.00020691291498653344 6.020511195803171e-05 0 0.00028024008398495404 -4.1769951949226735e-05 0 0.00014787660328968949
leaf_weight=659 61 80 57 1352 1160 226 91 75 53 69 11742 58 79 83 57 87 50 252 521 188 96 60 173 160 50 108 78 290 205 154
leaf_count=659 61 80 57 1352 1160 226 91 75 53 69 11742 58 79 83 57 87 50 252 521 188 96 60 173 160 50 108 78 290 205 154
internal_value=-1.10887e-06 0.000121407 -0.000146956 -2.72517e-06 -3.54555e-07 3.36349e-05 0.000146532 0.000278219 -5.52352e-06 0.000173285 -4.49445e-06 3.22826e-05 1.41217e-05 -8.68782e-06 2.57819e-05 5.66009e-06 0.000126121 -4.96667e-06 -2.49296e-05 -7.46474e-05 8.57271e-05 -1.23511e-05 -9.49535e-05 -1.04476e-05 -8.07572e-05 -0.00012577 -8.24722e-06 3.83966e-05 1.25189e-06 4.99133e-05
internal_weight=18374 198 137 18176 17517 1770 488 262 1282 122 15747 1489 1431 14258 1238 1181 133 1048 961 440 171 13020 233 12787 318 268 12469 727 649 359
internal_count=18374 198 137 18176 17517 1770 488 262 1282 122 15747 1489 1431 14258 1238 1181 133 1048 961 440 171 13020 233 12787 318 268 12469 727 649 359
is_linear=0
shrinkage=0.05


Tree=75
num_leaves=31
num_cat=0
split_feature=133 36 42 85 138 112 28 116 81 6 12 126 94 114 93 84 137 22 25 91 49 2 140 140 50 50 76 22 46 126
split_gain=0.00331562 0.0223154 0.00236226 0.00234896 0.018945 0.0034203 0.00404056 0.00111366 0.00190811 0.00112989 0.00112755 0.00432473 0.00356666 0.000922062 0.00537335 0.00404764 0.000774048 0.000713801 0.000902845 0.000702184 0.000683037 0.000666422 0.000641394 0.00108231 0.00497069 0.000705688 0.00178131 0.000924819 0.00697889 0.000760956
threshold=88.200000000000003 276.14711510000001 0.12500000000000003 280.06997175000004 3.6950000000000007 290.20898235000004 26.100000000000005 286.68719745000004 53.750000000000007 0.025687500000000002 0.096316070500000003 40.500000000000007 20.500000000000004 34.250000000000007 269.01587040000004 0.15000000000000005 18.300000000000004 54.000000000000007 8.5000000000000018 35.800000000000004 961.05000000000007 0.021386437500000004 77.075000000000017 75.820000000000007 1010.85 1010.85 2.1500000000000008 1.0000000180025095e-35 98.500000000000014 42.500000000000007
decision_type=2 2 2 2 2 2 2 2 2 2 2 2 2 2 2 2 2 2 2 2 2 2 2 2 2 2 2 2 2 2
left_child=3 2 -2 7 -5 17 -7 10 9 -9 13 12 -12 16 -15 -16 19 18 -6 21 -13 22 23 25 -25 29 27 28 -27 -1
right_child=1 -3 -4 4 5 6 -8 8 -10 -11 11 20 -14 14 15 -17 -18 -19 -20 -21 -22 -23 -24 24 -26 26 -28 -29 -30 -31
leaf_value=-6.6163734749682778e-05 -0.00035740142328275122 0.0011159131548586574 2.7790446367437956e-05 0.00080070039249977823 -0.00027426957207909948 0.00052030852410406617 0 -1.5986877598691725e-05 -0.00032301163251821863 -0.00023547617377614821 0.00066062239021098682 0.00010583789395629705 0 0 2.6002499453170024e-07 0.00067250124529604556 0.00015318545818072146 0 -3.8653825076004762e-05 0.00014579093434181952 -4.6694707147124308e-05 0.0001519522116040417 -7.6661492587150895e-05 0.00039674000249193659 -2.8589787501262277e-05 0 0.0002733396267576609 -3.6837487644272835e-06 0.00061480026435114838 -1.0940990202060945e-05
leaf_weight=847 51 50 95 82 84 58 86 2472 57 64 51 102 52 720 63 56 77 124 218 75 253 64 321 92 197 288 59 7689 51 3833
leaf_count=847 51 50 95 82 84 58 86 2472 57 64 51 102 52 720 63 56 77 124 218 75 253 64 321 92 197 288 59 7689 51 3833
internal_value=3.88594e-06 0.000208094 -7.42652e-05 1.39184e-06 9.46545e-05 0 0.000201223 -1.80548e-06 -3.2219e-05 -2.35875e-05 3.15689e-06 8.03784e-05 0.00036397 3.54434e-07 5.14809e-05 0.000361243 -2.43698e-06 -7.92178e-05 -0.00012138 -3.70473e-06 0 -4.92166e-06 -6.05725e-06 -3.93267e-06 9.04691e-05 -6.46811e-06 1.91268e-06 0 8.05805e-05 -2.20155e-05
internal_weight=18331 196 146 18135 652 570 144 17483 2593 2536 14890 458 103 14432 839 119 13593 426 302 13516 355 13441 13377 13056 289 12767 8087 8028 339 4680
internal_count=18331 196 146 18135 652 570 144 17483 2593 2536 14890 458 103 14432 839 119 13593 426 302 13516 355 13441 13377 13056 289 12767 8087 8028 339 4680
is_linear=0
shrinkage=0.05


Tree=76
num_leaves=31
num_cat=0
split_feature=96 84 115 64 101 1 138 105 29 86 59 103 24 114 43 84 7 29 11 30 128 100 4 20 49 88 112 140 125 19
split_gain=0.00187457 0.00151511 0.0176212 0.00298791 0.00731909 0.00141849 0.00215107 0.0011103 0.00149113 0.00177267 0.00240648 0.000786799 0.00426758 0.00222342 0.0131456 0.00208033 0.0032459 0.00142139 0.00171031 0.00124355 0.000969015 0.000924861 0.000842703 0.0017571 0.00455094 0.00339333 0.00109972 0.00362469 0.0010939 0.0040653
threshold=51.187500000000007 14.450000000000005 6.4500000000000011 366.00000000000011 -1.124339050000003 1.0000000180025095e-35 13.125000000000002 8.5000000000000018 33.45000000000001 5.5000000000000009 7.8344500000000012 1032.0000000000002 62.750000000000007 33.050000000000004 0.37950000000000006 8.0500000000000025 0.012050000000000002 51.350000000000009 0.0035308908819444451 -1.7857142857142867 10.416430314793628 -4.1499999999999764 0.00047263250000000007 1.0000000180025095e-35 987.6500000000002 39.212500000000006 293.56741535000009 34.790000000000006 2.5000000000000004 -0.0063771428571428564
decision_type=2 2 2 2 2 2 2 2 2 2 2 2 2 2 2 2 2 2 2 2 2 2 2 2 2 2 2 2 2 2
left_child=1 11 -3 5 -5 -4 7 -7 9 -9 -11 12 13 15 19 17 -17 18 21 20 -15 -1 28 26 25 -25 -24 -28 29 -13
right_child=-2 2 3 4 -6 6 -8 8 -10 10 -12 22 -14 14 -16 16 -18 -19 -20 -21 -22 -23 23 24 -26 -27 27 -29 -30 -31
leaf_value=-0.00015604225729002499 0.00022125618761970379 0.00087058515621474871 -0.00011507442929610251 0.00066602296090705157 -2.2242355046532618e-05 -0.00017513361247934389 0.00027924422394405584 0 -2.7208917221521555e-05 0.00045800243986019324 0 -0.00047413097409750255 0.00039512092557949174 -0.00019156814988946283 0.00064755259841268011 0 0.00048252548577161269 0.00017074735796161219 -0.00025620590945511464 6.5736163771435915e-05 0 -9.3459889422542656e-06 -6.8583049692605928e-06 -2.2219224600463362e-05 0.00052245181296731906 0.00032575391916552475 0 0.00045425134652240173 -7.3707068210421167e-06 -3.6756959431012649e-05
leaf_weight=122 98 62 265 57 78 87 70 111 558 65 59 57 74 127 91 140 52 84 84 196 57 2080 5638 370 56 81 219 55 5654 1584
leaf_count=122 98 62 265 57 78 87 70 111 558 65 59 57 74 127 91 140 52 84 84 196 57 2080 5638 370 56 81 219 55 5654 1584
internal_value=3.71733e-06 2.2618e-06 5.21068e-05 1.01999e-05 0.000234354 -1.07666e-05 1.31626e-05 -2.62052e-06 1.02054e-05 0.00011997 0.000250254 -1.62794e-06 2.06869e-05 9.77613e-06 0.000110191 -6.76923e-06 0.000147962 -2.14703e-05 -3.07913e-05 -6.73109e-06 -0.00011089 -1.98103e-05 -7.04922e-06 5.57019e-06 9.49769e-05 2.97975e-05 -1.26629e-06 9.52232e-05 -1.88378e-05 -5.52737e-05
internal_weight=18331 18233 1412 1350 135 1215 950 880 793 235 124 16821 3107 3033 471 2562 192 2370 2286 380 184 2202 13714 6419 507 451 5912 274 7295 1641
internal_count=18331 18233 1412 1350 135 1215 950 880 793 235 124 16821 3107 3033 471 2562 192 2370 2286 380 184 2202 13714 6419 507 451 5912 274 7295 1641
is_linear=0
shrinkage=0.05


Tree=77
num_leaves=31
num_cat=0
split_feature=133 36 42 85 19 119 110 25 116 81 6 18 103 4 66 80 81 75 139 82 137 81 43 81 131 101 19 77 22 124
split_gain=0.00293862 0.0196574 0.00216045 0.00209703 0.0190633 0.00397943 0.00219927 0.00137004 0.000997603 0.00171296 0.00101451 0.000924857 0.00485837 0.000830951 0.00080173 0.000704204 0.00217153 0.00435191 0.00246837 0.00778768 0.002291 0.00355126 0.00170848 0.000847012 0.000798713 0.00138493 0.00160786 0.00140918 0.000773997 0.00664868
threshold=88.200000000000003 276.14711510000001 0.12500000000000003 280.06997175000004 -0.0016728571428571424 7.2500000000000009 10.550000000000002 8.5000000000000018 286.68719745000004 53.750000000000007 0.025687500000000002 0.063537500000000011 1447.7 0.010930737000000001 28.925000000000004 31.162500000000009 34.95000000000001 7.8500000000000005 85.299518965764761 26.102000000000007 2.4050000000000007 46.650000000000013 0.41450000000000004 47.550000000000004 52.500362958644175 -1.4415935000000102 -0.0016728571428571424 279.9976377000001 1.0000000180025095e-35 -0.9159756150367534
decision_type=2 2 2 2 2 10 2 2 2 2 2 2 2 2 2 2 2 2 2 2 2 2 2 2 2 2 2 2 2 2
left_child=3 2 -2 8 -5 -6 -7 -8 11 10 -10 15 -13 -14 -15 16 28 -18 20 -20 23 22 -22 -19 25 27 -27 -17 29 -1
right_child=1 -3 -4 4 5 6 7 -9 9 -11 -12 12 13 14 -16 24 17 18 19 -21 21 -23 -24 -25 -26 26 -28 -29 -30 -31
leaf_value=0.00058241195496116745 -0.0003393064380977124 0.0010481581298232663 2.8731318157042551e-05 0.00093095947960897371 0.00035659884389679068 0.00016960643616455075 -0.00023632613929991674 -2.0195395190040095e-05 -1.5006968713713105e-05 -0.0003065153565568898 -0.00022338355471527815 0.00044087842549585428 -7.8019579366748966e-05 0 0.00020245485371112273 -3.7560814522572836e-05 0.00041290460831839676 0 0.00066031939541091335 -3.3791393620049345e-05 -3.7677468469662556e-06 0.00050366425704851281 0.0003005509206188578 -0.00013013514070331036 -4.8666357428322035e-06 -0.00041839407037304446 -7.1069298209898364e-05 0.00024236628238213603 -5.6119970242151709e-06 0
leaf_weight=53 51 50 95 60 69 83 132 308 2472 57 64 74 178 127 72 331 85 936 62 79 216 55 50 143 3121 51 296 51 8543 367
leaf_count=53 51 50 95 60 69 83 132 308 2472 57 64 74 178 127 72 331 85 936 62 79 216 55 50 143 3121 51 296 51 8543 367
internal_value=3.54477e-06 0.000195789 -6.72499e-05 1.18066e-06 8.93195e-05 0 -4.47038e-05 -9.67613e-05 -1.82528e-06 -3.0613e-05 -2.23225e-05 2.85386e-06 7.33539e-05 0 7.02779e-05 3.00618e-07 7.29611e-06 6.05403e-05 3.76066e-05 0.00023871 1.36278e-05 0.000132657 3.56198e-05 -1.72437e-05 -1.76382e-05 -6.53852e-05 -0.00013754 0 -1.81095e-06 6.34574e-05
internal_weight=18331 196 146 18135 652 592 523 440 17483 2593 2536 14890 451 377 199 14439 10589 1626 1541 141 1400 321 266 1079 3850 729 347 382 8963 420
internal_count=18331 196 146 18135 652 592 523 440 17483 2593 2536 14890 451 377 199 14439 10589 1626 1541 141 1400 321 266 1079 3850 729 347 382 8963 420
is_linear=0
shrinkage=0.05


Tree=78
num_leaves=31
num_cat=0
split_feature=133 49 105 81 112 15 88 82 131 14 16 56 82 14 93 103 23 100 85 34 131 61 112 136 30 140 111 21 81 160
split_gain=0.00265883 0.0192473 0.00245613 0.00192708 0.0105298 0.000984685 0.00151679 0.0023562 0.0114936 0.00169334 0.00357447 0.0023191 0.00826677 0.0023015 0.00230695 0.00328183 0.00208419 0.00314267 0.00107862 0.00150591 0.0010774 0.00105647 0.00100158 0.00418427 0.00087874 0.00114399 0.000943958 0.00083591 0.000799075 0.000770292
threshold=88.200000000000003 976.05000000000007 12.500000000000002 55.050000000000004 283.91416495000004 0.00023854166666666669 24.362500000000004 14.910000000000004 43.993537203986527 0.020547432000000001 7.5050000000000008 -3.1853967999999777 23.350000000000005 0.045132312000000001 267.23502875000003 1588.1000000000004 17.729861111111116 -4.7499999999999991 275.16643815000003 -0.12433331232393192 110.55122614849988 243.70000000000002 293.56741535000009 0.22500000000000003 -0.78142857142857169 74.520000000000024 5.0500000000000007 0.56250000000000011 45.750000000000007 0.21938775510204087
decision_type=2 2 2 2 2 2 2 2 2 2 2 2 2 2 2 2 2 2 2 2 2 2 2 2 2 2 2 2 2 2
left_child=3 -2 -3 5 -5 29 -7 8 -8 16 11 20 -13 14 15 -14 17 -9 21 -20 -11 -12 24 -24 25 -18 -26 28 -28 -1
right_child=1 2 -4 4 -6 6 7 9 -10 10 18 12 13 -15 -16 -17 22 -19 19 -21 -22 -23 23 -25 26 -27 27 -29 -30 -31
leaf_value=-3.4868932049893001e-06 0.0010303589958565163 0.00011443310913995037 -0.00026702863157562355 0.00075565385161990341 -0.00018922520003877906 -1.5233185376027116e-05 0.00084537250883395072 0.00040125571021428646 0 -1.644683950150463e-05 0.00021779760369385008 0.0007473004966059159 0.00047958109642531785 -6.2300968433962983e-05 -3.1218917421751819e-05 9.7580288126459158e-05 -2.219077076943599e-05 0 0 -0.0003588661912151359 9.82654093133706e-05 -2.0923132313093102e-05 0.00044654553667163374 0 0.00023097541888863869 -0.0002427307254688596 1.3478786286240042e-05 -5.7015411383373813e-05 0.0001985435893440904 -4.127377025786908e-05
leaf_weight=5474 50 61 85 50 56 3735 50 79 168 342 50 60 99 114 77 247 2935 152 81 54 358 506 61 225 52 65 698 309 75 1963
leaf_count=5474 50 61 85 50 56 3735 50 79 168 342 50 60 99 114 77 247 2935 152 81 54 358 506 61 225 52 65 698 309 75 1963
internal_value=3.32284e-06 0.000186186 -7.39429e-05 1.06063e-06 0.00021264 0 9.59459e-06 2.38476e-05 0.000187672 1.76877e-05 5.63275e-05 0.000106148 0.000180842 0.000106986 0.000164441 0.000222357 8.83871e-08 0.000147154 -2.99772e-05 -0.000156205 3.51441e-05 0 -6.49822e-06 8.14139e-05 -1.38076e-05 -2.87145e-05 2.1214e-05 6.31229e-06 3.81279e-05 -1.41372e-05
internal_weight=18331 196 146 18135 106 18029 10592 6857 218 6639 1988 1297 597 537 423 346 4651 231 691 135 700 556 4420 286 4134 3000 1134 1082 773 7437
internal_count=18331 196 146 18135 106 18029 10592 6857 218 6639 1988 1297 597 537 423 346 4651 231 691 135 700 556 4420 286 4134 3000 1134 1082 773 7437
is_linear=0
shrinkage=0.05


Tree=79
num_leaves=31
num_cat=0
split_feature=133 48 92 81 112 15 88 81 50 111 36 124 9 22 15 112 97 129 92 15 120 133 83 75 131 55 129 115 92 135
split_gain=0.0024057 0.0177973 0.00445401 0.00170384 0.00956186 0.000892175 0.00137463 0.00230976 0.00701639 0.00148458 0.00529283 0.0137201 0.00180472 0.00173078 0.00143468 0.00536514 0.00133661 0.0011637 0.00083202 0.000946054 0.00169161 0.00193183 0.000773814 0.0011646 0.000714793 0.000931568 0.000801596 0.00160253 0.00069254 0.000897888
threshold=88.200000000000003 99.500000000000014 1.6500000000000006 55.050000000000004 283.91416495000004 0.00023854166666666669 24.362500000000004 26.150000000000002 1021.4500000000002 7.8500000000000005 271.17220375000005 -0.78656609248549325 0.042777777777777783 60.500000000000007 0.00037500000000000001 293.56741535000009 -0.39999999999999897 1.5000000000000002 24.650000000000006 0.0010062500000000002 266.96917910000008 79.980000000000004 18.250000000000004 18.850000000000005 55.281218774159086 13.484186899999999 6.5000000000000009 9.8500000000000032 10.750000000000002 13.210000000000003
decision_type=2 2 2 2 2 2 2 2 2 2 2 2 2 2 2 2 2 2 2 2 8 2 2 2 2 2 2 2 2 2
left_child=3 2 -2 5 -5 28 -7 8 -8 10 12 -12 -9 14 15 17 -13 22 19 -16 21 -21 -11 -24 25 -22 -26 -28 -1 -30
right_child=1 -3 -4 4 -6 6 7 9 -10 13 11 16 -14 -15 18 -17 -18 -19 -20 20 24 -23 23 -25 26 -27 27 -29 29 -31
leaf_value=-3.3125803935216086e-06 4.1602269297546216e-05 0.00080868367567396885 -0.00051287211012095222 0.00071861200230926572 -0.00017992992650537769 -1.4471729987799928e-05 0.00069815850298005435 0.00029357142990776549 0 0 0.0010143949698791473 -4.8591896816105871e-05 -3.3858081406567675e-06 -7.4181721088458516e-05 -9.1967871389838469e-06 0.00052345367492307566 0.0001910629121841339 0 -7.6080558099868691e-05 6.7750885997430838e-05 0 0.00043858205688730733 0.00038840690032884598 0 1.1504921917693847e-05 -0.00018837026083385626 0.00036152658143961437 0 -0.00010654180240504002 -1.7530799224057039e-05
leaf_weight=5474 72 72 52 50 56 3735 50 52 119 78 50 87 847 585 2214 63 99 503 291 291 247 52 55 59 909 86 53 67 421 1542
leaf_count=5474 72 72 52 50 56 3735 50 52 119 78 50 87 847 585 2214 63 99 503 291 291 247 52 55 59 909 86 53 67 421 1542
internal_value=3.15274e-06 0.0001771 -0.000153162 9.87394e-07 0.000199937 0 9.12501e-06 2.27074e-05 0.000207474 1.72607e-05 6.97645e-05 0.000280862 8.54236e-06 5.6184e-06 1.60344e-05 7.96589e-05 5.25679e-05 3.15518e-05 3.37544e-06 1.05688e-05 3.91561e-05 0.000139617 0.000136616 0.000219419 1.01044e-05 -4.7643e-05 3.36748e-05 0.000158806 -1.34642e-05 -3.92111e-05
internal_weight=18331 196 124 18135 106 18029 10592 6857 169 6688 1135 236 899 5553 4968 758 186 695 4210 3919 1705 343 192 114 1362 333 1029 120 7437 1963
internal_count=18331 196 124 18135 106 18029 10592 6857 169 6688 1135 236 899 5553 4968 758 186 695 4210 3919 1705 343 192 114 1362 333 1029 120 7437 1963
is_linear=0
shrinkage=0.05


Tree=80
num_leaves=31
num_cat=0
split_feature=142 2 85 104 110 121 123 115 1 93 42 135 140 36 91 134 155 139 134 4 85 107 81 14 61 15 161 34 134 120
split_gain=0.000931119 0.00117176 0.00477903 0.00345642 0.0112609 0.00124207 0.00165063 0.000924553 0.00136267 0.0071298 0.000982503 0.0011995 0.00110046 0.0109796 0.0241416 0.00192736 0.00179164 0.00342596 0.000734295 0.000724627 0.00186787 0.0079051 0.000832242 0.000824376 0.00141467 0.00070175 0.000883293 0.000632495 0.0009678 0.000737131
threshold=816.24282993785539 0.0031384280000000004 280.06997175000004 20.550000000000008 16.150000000000002 0.15000000000000005 -1.0000000180025095e-35 25.950000000000003 0.41087726350000003 270.6262857000001 1.6450000000000002 15.950000000000001 72.820000000000007 274.91630070000002 15.15 4.580000000000001 0.06200000000000002 90.664525633972247 8.9950000000000028 0.00011533350000000001 280.06997175000004 9.3500000000000032 55.050000000000004 0.046876099500000004 252.10000000000005 0.0019656250000000008 0.27551020408163268 0.17395211183664264 4.2550000000000017 281.66374075000004
decision_type=2 2 2 2 2 10 2 2 2 2 2 2 2 2 2 2 2 2 2 2 2 2 2 2 2 2 2 2 2 10
left_child=1 7 3 5 -5 25 -7 8 10 -10 12 -12 19 16 -15 -16 27 -18 -9 22 23 -22 -1 -21 -25 -3 -27 -14 29 -29
right_child=-2 2 -4 4 -6 6 -8 18 9 -11 11 -13 13 14 15 -17 17 -19 -20 20 21 -23 -24 24 -26 26 -28 28 -30 -31
leaf_value=-1.3090286834503005e-05 -8.1319740706649348e-05 -4.8557660491735777e-05 0.00052504080357418088 -7.7867159958330739e-06 0.0008593481786160471 0.00026994656871250701 0 -0.00018739500747128545 -2.221716745840668e-05 0.00063751765766378074 -0.00032793886100704436 0 -4.3804463999400442e-05 0.0012747554223645817 -0.00011406713350660572 0.00024377753361939483 0 -0.00051496298441291077 0 6.5360435739478419e-06 0.00068785272513475961 -3.3031596392920437e-05 -0.0002100954995468532 -0.00031810816349416905 -1.3057335528341173e-05 -1.1630330832824286e-05 0.00013389732510535291 0.00032039488497164219 0 0
leaf_weight=6808 338 802 50 101 50 92 78 118 135 51 50 84 316 54 82 62 59 52 174 7669 51 100 57 51 320 235 138 50 91 50
leaf_count=6808 338 802 50 101 50 92 78 118 135 51 50 84 316 54 82 62 59 52 174 7669 51 100 57 51 320 235 138 50 91 50
internal_value=4.09079e-07 2.22294e-06 4.39392e-05 2.41796e-05 0.000250214 0 0.000124498 -1.38866e-06 0 0.000134382 -1.36312e-06 -0.000135701 0 5.62876e-05 0.000381919 6.14078e-06 -4.04119e-05 -0.0002214 -8.94269e-05 -3.28663e-06 6.32697e-06 0.000180475 -1.54846e-05 2.41244e-06 -6.91748e-05 -1.9664e-05 2.90561e-05 0 7.11867e-05 0.000183272
internal_weight=18368 18030 1546 1496 151 1345 170 16484 16192 186 16006 134 15872 816 198 144 618 111 292 15056 8191 151 6865 8040 371 1175 373 507 191 100
internal_count=18368 18030 1546 1496 151 1345 170 16484 16192 186 16006 134 15872 816 198 144 618 111 292 15056 8191 151 6865 8040 371 1175 373 507 191 100
is_linear=0
shrinkage=0.05


Tree=81
num_leaves=31
num_cat=0
split_feature=88 142 15 38 83 3 138 116 120 1 120 28 24 126 64 67 10 83 42 108 139 133 115 101 50 29 108 120 81 22
split_gain=0.000971344 0.000817964 0.000917202 0.00133853 0.00843413 0.00120738 0.00195851 0.00602028 0.00482184 0.0170013 0.00450792 0.00319145 0.00259842 0.00720587 0.0010252 0.00236988 0.00147467 0.000962778 0.000998735 0.00111209 0.00256099 0.000765632 0.000619109 0.00189591 0.000616767 0.000867424 0.000607158 0.0015569 0.00348474 0.000815449
threshold=51.037500000000009 816.24282993785539 0.00021875000000000006 0.35000000000000003 14.450000000000001 0.016800936000000006 5.4150000000000009 294.58699730000006 283.11222970000006 0.072925425000000016 266.83428055000007 28.950000000000006 47.550000000000004 59.500000000000007 509.7999999999999 21.050000000000004 18.405000000000005 27.950000000000003 0.94500000000000006 287.00212375000007 83.777273392101407 79.980000000000004 13.750000000000002 5.970849749999986 998.95000000000016 29.150000000000002 278.57647350000008 267.04136160000002 47.95000000000001 38.500000000000007
decision_type=2 2 2 2 2 2 2 2 10 2 8 2 2 2 2 2 2 2 2 2 2 2 2 2 2 2 2 8 2 2
left_child=1 2 26 5 -5 14 7 8 10 -10 11 -7 13 -12 16 -16 17 18 19 21 -21 22 -4 -24 -6 -26 27 28 -1 -28
right_child=-2 -3 3 4 24 6 -8 -9 9 -11 12 -13 -14 -15 15 -17 -18 -19 -20 20 -22 -23 23 -25 25 -27 29 -29 -30 -31
leaf_value=0 0.00020293386210095516 -7.7265747888900359e-05 -4.745480991830298e-06 0.00068252445705251454 -2.0240729261513047e-06 0.00055753683382014669 1.1969399417833717e-06 0.00057911968091502793 0 0.0010253635422853801 -0.00070114725469109412 1.632674027981314e-05 0 3.2763270052293168e-05 0.0003906506508510924 0 -0.00022228904792850809 -0.00010788940866442456 -8.6547451656442305e-05 0 0.00034636359301549948 -6.6012643452686631e-05 1.1535039922476937e-05 0.00034406349867892392 0.0002526220298192736 0 -4.9187868155393977e-05 -7.3768263186669768e-06 0.00048298671947054149 2.4472929855385363e-05
leaf_weight=75 58 338 3458 53 425 59 3333 57 151 54 50 89 992 64 51 99 85 242 343 187 75 451 504 51 59 57 1842 4642 52 372
leaf_count=75 58 338 3458 53 425 59 3333 57 151 54 50 89 992 64 51 99 85 242 343 187 75 451 504 51 59 57 1842 4642 52 372
internal_value=2.89336e-07 -9.05622e-08 1.0869e-06 1.03449e-05 8.39202e-05 5.65195e-06 2.41757e-05 7.13656e-05 4.77211e-05 0.000272724 6.76613e-06 0.00026793 -2.38754e-05 -0.000248947 -9.64388e-06 0.000115401 -1.40671e-05 -9.75213e-06 -4.06039e-06 8.85582e-07 0.000101604 -3.9274e-06 1.8191e-06 5.16484e-05 1.49007e-05 0.000119132 -1.27657e-05 -1.59969e-06 0.000168907 -3.45485e-05
internal_weight=18368 18310 17972 10989 594 10395 4849 1516 1459 205 1254 148 1106 114 5546 150 5396 5311 5069 4726 262 4464 4013 555 541 116 6983 4769 127 2214
internal_count=18368 18310 17972 10989 594 10395 4849 1516 1459 205 1254 148 1106 114 5546 150 5396 5311 5069 4726 262 4464 4013 555 541 116 6983 4769 127 2214
is_linear=0
shrinkage=0.05


Tree=82
num_leaves=31
num_cat=0
split_feature=88 49 38 131 110 28 126 1 120 123 128 100 133 126 4 101 131 110 49 52 13 14 92 114 43 76 112 85 131 0
split_gain=0.000877939 0.000743351 0.000865004 0.00667034 0.00108121 0.00083093 0.00366571 0.00697415 0.00111959 0.00698673 0.01571 0.00167057 0.00194771 0.00159398 0.00142977 0.00140342 0.0042538 0.00105461 0.00406714 0.00096178 0.00702855 0.00180739 0.00337439 0.00168462 0.0103779 0.000926442 0.00079736 0.000755098 0.00074049 0.000605036
threshold=51.037500000000009 943.55000000000007 0.15000000000000005 32.789184554052362 19.850000000000005 34.350000000000009 10.500000000000002 0.23460493450000003 267.11240820000006 -0.25881904510252113 9.0887940123027047 -4.4500000000000446 79.440000000000012 27.500000000000004 3.2750000000000003e-05 0.96118665000000203 50.163861378770584 25.950000000000003 986.25000000000011 85.500000000000014 0.0039296913055555565 0.061309237500000009 1.6500000000000006 33.050000000000004 0.37950000000000006 1.6500000000000006 293.21458295000008 282.21134325000008 74.21506061840644 0.17410000000000003
decision_type=2 2 2 2 2 2 2 2 8 2 2 2 2 2 2 2 2 2 2 2 2 2 2 2 2 2 2 2 2 2
left_child=1 -1 5 -4 -5 8 7 -7 9 10 -3 12 13 -10 25 16 -16 29 -19 21 23 26 -23 27 -25 -11 -13 -21 -17 -8
right_child=-2 2 3 4 -6 6 17 -9 11 14 -12 19 -14 -15 15 28 -18 18 -20 20 -22 22 -24 24 -26 -27 -28 -29 -30 -31
leaf_value=-3.8596165968145349e-05 0.00019295914346372937 0.0010599886403920558 0.00049550756496867141 0.00019690974434031112 -4.2111318457397838e-06 5.0261862327939312e-05 -1.5778507592059217e-06 0.00065309600154137123 -0.00022968829827861188 -3.3192251371093588e-05 0 -1.1983886888132904e-05 -0.00034205577556217646 -1.9009371245085936e-05 0.00052397281003112989 -0.00013727585375256077 0 1.8208833588480576e-05 0.00047542942051737594 0 0.00058211560643890573 0 -0.00046363455560253901 -9.5430598483258999e-07 0.00075404320876740086 -0.00030624660044599423 0.0001381296965863679 -0.00018752488237192954 6.1068273224604763e-06 -7.5100335621296619e-05
leaf_weight=1183 58 51 76 69 884 294 2170 63 112 202 121 7470 68 876 51 109 160 1120 52 1899 54 105 63 235 52 57 84 56 222 352
leaf_count=1183 58 51 76 69 884 294 2170 63 112 202 121 7470 68 876 51 109 160 1120 52 1899 54 105 63 235 52 57 84 56 222 352
internal_value=3.23658e-07 -2.3992e-08 2.35045e-06 4.68067e-05 5.30066e-06 -1.83388e-07 1.90768e-05 0.000172138 -7.076e-06 4.32315e-05 0.000332715 -1.19512e-05 -7.21172e-05 -4.81557e-05 -1.30326e-05 2.58714e-05 0.000131069 2.88875e-06 4.31457e-05 -5.10344e-06 2.24848e-05 -1.39556e-05 -0.000177445 6.52301e-06 0.000120622 -0.000113463 -9.63476e-06 -7.7239e-06 -2.63208e-05 -1.3847e-05
internal_weight=18368 18310 17127 1029 953 16098 4051 357 12047 973 172 11074 1056 988 801 542 211 3694 1172 10018 2296 7722 168 2242 287 259 7554 1955 331 2522
internal_count=18368 18310 17127 1029 953 16098 4051 357 12047 973 172 11074 1056 988 801 542 211 3694 1172 10018 2296 7722 168 2242 287 259 7554 1955 331 2522
is_linear=0
shrinkage=0.05


Tree=83
num_leaves=31
num_cat=0
split_feature=88 142 21 84 91 91 59 135 3 85 100 14 131 92 105 14 137 92 85 85 41 90 115 85 120 108 42 11 75 118
split_gain=0.000793859 0.000723629 0.000832069 0.00175896 0.0160753 0.00269356 0.00384444 0.0031503 0.00152167 0.00414555 0.00263278 0.0177992 0.00129351 0.00105745 0.000941467 0.000908358 0.000828415 0.00118545 0.00103027 0.00136165 0.000674146 0.00482513 0.000676751 0.00078545 0.00428211 0.000650622 0.00103529 0.0020983 0.000734252 0.000573827
threshold=51.037500000000009 816.24282993785539 0.4513888888888889 13.550000000000002 15.250000000000002 17.450000000000003 8.3231000000000019 8.5500000000000025 0.057744021000000006 279.2012405000001 5.2500000000000009 0.010363074500000001 160.8661696257785 9.8500000000000032 12.500000000000002 0.020547432000000001 7.3200000000000012 11.850000000000003 281.19715975000003 279.65964215000002 35.500000000000007 25.51428571428572 27.550000000000004 276.11494225000007 267.04136160000002 293.92475930000006 1.1850000000000003 0.0040165472500000013 24.750000000000004 17.650000000000002
decision_type=2 2 2 2 2 2 2 2 2 2 2 2 2 2 2 2 2 2 2 2 2 2 2 2 8 2 2 2 2 10
left_child=1 2 3 8 -5 6 -6 -7 25 10 12 -12 -10 -14 29 -15 17 18 19 20 21 -4 23 -22 -25 26 27 -1 -27 -9
right_child=-2 -3 16 4 5 7 -8 14 9 -11 11 -13 13 15 -16 -17 -18 -19 -20 -21 22 -23 -24 24 -26 28 -28 -29 -30 -31
leaf_value=-4.010663380381237e-06 0.00018347471237544689 -7.2643949462166524e-05 0 0.00086676701658107641 0 -0.00034942244323402913 0.0005550152881016188 0.00026449240717863414 -4.9458625922780864e-05 0.00043898869203873732 0.00097661888584248536 4.971517745836584e-06 0 0 -2.5796884188577083e-05 0.00020465001753144728 4.883697324485012e-05 -4.290875728627016e-05 0.00018703785988102132 -0.00021754718597229522 -7.7905538307541338e-06 0.00051630220305763522 -0.00012696662472451027 0.00044191302633927472 0 -0.00026911010483987558 0.00019849991748912036 -0.00027487482455153196 0 0
leaf_weight=4304 58 338 261 60 81 69 50 50 797 64 54 408 517 161 334 147 580 2308 70 73 6526 50 112 62 544 51 58 73 58 50
leaf_count=4304 58 338 261 60 81 69 50 50 797 64 54 408 517 161 334 147 580 2308 70 73 6526 50 112 62 544 51 58 73 58 50
internal_value=2.84451e-07 -3.27635e-08 1.05861e-06 1.41785e-05 9.03934e-05 7.79627e-06 0.000214953 -3.6554e-05 5.51522e-06 4.06607e-05 2.58252e-05 0.000131204 -1.17176e-06 3.94264e-05 2.38246e-06 0.000112741 -7.62354e-06 -1.14005e-05 -1.29996e-06 -3.70797e-06 -9.51508e-07 7.00766e-05 -4.70027e-06 -2.06172e-06 5.13059e-05 -1.00036e-05 -5.8375e-06 -9.73199e-06 -0.000132467 0.00014533
internal_weight=18368 18310 17972 7386 694 634 131 503 6692 2148 2084 462 1622 825 434 308 10586 10006 7698 7628 7555 311 7244 7132 606 4544 4435 4377 109 100
internal_count=18368 18310 17972 7386 694 634 131 503 6692 2148 2084 462 1622 825 434 308 10586 10006 7698 7628 7555 311 7244 7132 606 4544 4435 4377 109 100
is_linear=0
shrinkage=0.05


Tree=84
num_leaves=31
num_cat=0
split_feature=49 142 81 128 137 50 54 133 112 64 85 124 33 137 13 92 103 34 24 135 137 134 69 119 96 115 11 44 103 6
split_gain=0.000704596 0.00103088 0.00712462 0.0190931 0.00197625 0.00181448 0.0016781 0.00282651 0.00245595 0.00474356 0.00151526 0.00148296 0.00717754 0.0103995 0.0020635 0.00288868 0.00145482 0.00140785 0.00365243 0.00145813 0.00138654 0.000804214 0.000797557 0.000696714 0.00162985 0.00069262 0.000754336 0.00102188 0.0016486 0.000692734
threshold=944.55000000000007 336.7235080293604 45.650000000000013 9.5358599736102736 0.7350000000000001 1016.2500000000001 0.30500000000000005 84.075000000000017 290.20898235000004 73.149999999999977 279.2012405000001 -0.9159756150367534 -0.9977368637046552 0.21000000000000005 0.0039296913055555565 0.8500000000000002 940.00000000000011 0.34700714143771655 61.400000000000006 4.3900000000000015 0.75500000000000012 20.485000000000003 277.87847115000005 7.2500000000000009 31.762500000000006 25.950000000000003 0.0046724841944444451 687.50000000000011 2625.0500000000006 0.0069263888888888899
decision_type=2 2 2 2 2 2 2 2 2 2 2 2 2 2 2 2 2 2 2 2 2 2 2 8 2 2 2 2 2 2
left_child=-1 10 6 -4 -5 -6 8 -8 11 16 25 12 13 -3 17 -16 -10 21 19 -19 -18 -13 -23 24 -14 26 -2 -28 -29 -27
right_child=1 2 3 4 5 -7 7 -9 9 -11 -12 14 23 -15 15 -17 20 18 -20 -21 -22 22 -24 -25 -26 29 27 28 -30 -31
leaf_value=-3.5241772864289009e-05 -4.7359745292967939e-06 0.00096810054823400415 0.0010930460256453705 -0.0001567800017860196 0 0.00034860683014310568 -2.9031351614341545e-05 -0.00044235346333509516 0.00027308803726135432 0.00044496000360040372 -0.00015179296453321343 -1.2222573453127817e-05 0 0 0 -0.00046244498675464301 -7.4524707504667299e-05 0.00020818864717439284 0.00046890450238177721 0 0.00017918883270099555 0 0.00022180269014223115 -1.5349787602520059e-05 0.000301037125908705 0 -1.0887983030093327e-05 0.00038079839998882283 0 -0.00017481677117848452
leaf_weight=1274 7459 50 55 67 100 66 452 50 51 94 184 5531 151 61 70 57 230 99 52 765 67 193 70 578 62 188 51 57 65 119
leaf_count=1274 7459 50 55 67 100 66 452 50 51 94 184 5531 151 61 70 57 230 99 52 765 67 193 70 578 62 188 51 57 65 119
internal_value=2.98099e-07 3.24124e-06 1.51399e-05 0.000259826 3.79448e-05 0.000146947 6.41929e-06 -8.09368e-05 1.23999e-05 0.000127407 -9.2843e-06 5.16988e-06 6.55898e-05 0.000441176 -2.07848e-06 -0.000201206 2.62757e-05 9.74766e-07 5.9175e-05 2.82214e-05 -1.01902e-07 -7.37218e-06 7.53541e-05 6.08056e-06 8.73987e-05 -5.333e-06 -1.69374e-06 0.000100012 0.000186734 -7.92717e-05
internal_weight=18368 17094 8971 288 233 166 8683 502 8181 442 8123 7739 902 111 6837 127 348 6710 916 864 297 5794 263 791 213 7939 7632 173 122 307
internal_count=18368 17094 8971 288 233 166 8683 502 8181 442 8123 7739 902 111 6837 127 348 6710 916 864 297 5794 263 791 213 7939 7632 173 122 307
is_linear=0
shrinkage=0.05


Tree=85
num_leaves=31
num_cat=0
split_feature=121 2 24 139 88 103 120 128 133 84 108 129 131 29 91 83 96 116 43 134 100 22 116 126 13 23 6 115 92 24
split_gain=0.000990959 0.00270818 0.00380496 0.00191587 0.00149928 0.00292646 0.000877767 0.00897204 0.00124454 0.00435429 0.000830773 0.0015556 0.000835349 0.000945306 0.000822486 0.00134384 0.00123554 0.000868145 0.00609232 0.000963625 0.000790041 0.00257556 0.00745094 0.000940071 0.00197364 0.000705425 0.00167081 0.00145956 0.000686822 0.000656415
threshold=0.15000000000000005 0.00022591100000000003 44.900000000000013 92.301408831280156 37.587500000000013 1185.7500000000002 266.83428055000007 8.3844366951598737 88.200000000000003 1.5500000000000005 290.20898235000004 7.5000000000000009 39.261172214758496 27.300000000000001 36.500000000000007 35.100000000000001 48.925000000000004 293.73551695000009 0.37850000000000006 8.3400000000000016 5.3500000000000236 1.0000000180025095e-35 271.02052025000006 47.500000000000007 0.0042257137986111111 17.174305555555559 0.00037361111111111118 11.15 8.7500000000000018 60.550000000000004
decision_type=10 2 2 2 2 2 8 2 2 2 2 2 2 2 2 2 2 2 2 2 2 2 2 2 2 2 2 2 2 2
left_child=6 3 -3 29 -4 -6 7 -1 14 -10 12 -12 -9 -14 15 16 17 20 19 28 23 22 -22 24 -8 26 -25 -28 -19 -2
right_child=1 2 4 -5 5 -7 8 10 9 -11 11 -13 13 -15 -16 -17 -18 18 -20 -21 21 -23 -24 25 -26 -27 27 -29 -30 -31
leaf_value=0.00052741028285560978 -3.3634444740859845e-05 0.00053589552897132572 0 0.00022544904669366379 0.00046325225231287604 0 -2.8882511729013872e-05 -9.3976027821247648e-05 0 -0.00051608199315658708 0 0.00026836524372265562 0.00015447234460131686 -7.2491484925807028e-06 -0.00018861583449564473 0.00022518765098450993 -0.00012552946421430519 0 0.00045235827966378967 3.8435575634542772e-05 -8.2957642356404876e-06 3.6304419398860399e-06 0.00071186104076225419 -5.1257297215018785e-06 -0.00033889795870631394 -6.4998424930093926e-06 5.6318788845202056e-06 0.00042347258759596471 -0.00019530998823741818 7.4204524071123327e-05
leaf_weight=85 1143 55 308 85 62 104 3109 258 96 53 188 79 96 1031 62 61 216 67 82 292 79 2221 50 176 55 7749 81 51 96 138
leaf_count=85 1143 55 308 85 62 104 3109 258 96 53 188 79 96 1031 62 61 216 67 82 292 79 2221 50 176 55 7749 81 51 96 138
internal_value=6.98653e-09 3.44875e-05 0.000130496 0 7.19009e-05 0.00019274 -3.68929e-06 2.92994e-05 -7.95939e-06 -0.00015268 3.41807e-07 8.35899e-05 -1.2148e-05 2.2187e-06 -6.11028e-06 -4.96305e-06 -6.30786e-06 -4.11937e-06 5.71993e-05 -3.88705e-06 -6.91817e-06 1.85913e-05 0.000235702 -1.27073e-05 -3.59567e-05 -2.95342e-06 6.98224e-05 0.000206635 -0.000109964 -1.80682e-05
internal_weight=18228 1895 529 1366 474 166 16333 1737 14596 149 1652 267 1385 1127 14447 14385 14324 14108 537 455 13571 2350 129 11221 3164 8057 308 132 163 1281
internal_count=18228 1895 529 1366 474 166 16333 1737 14596 149 1652 267 1385 1127 14447 14385 14324 14108 537 455 13571 2350 129 11221 3164 8057 308 132 163 1281
is_linear=0
shrinkage=0.05


Tree=86
num_leaves=31
num_cat=0
split_feature=126 85 131 8 104 131 89 116 137 58 88 81 44 85 19 81 0 85 128 118 123 126 131 19 92 150 21 22 52 19
split_gain=0.000926845 0.0057625 0.0222148 0.0028129 0.00212855 0.00173138 0.0015221 0.0012408 0.00123895 0.00716758 0.00349773 0.00422956 0.00334225 0.000926228 0.000714952 0.000708922 0.000703641 0.000674174 0.00553535 0.000852241 0.00137833 0.000755251 0.00151271 0.00141399 0.000926037 0.00334246 0.00061949 0.000544393 0.00326607 0.000538454
threshold=20.500000000000004 280.06997175000004 49.891498158895921 0.067883565386171033 5.3500000000000014 64.936761357106477 46.550000000000004 286.68719745000004 1.0000000180025095e-35 2.8499999999999983 34.51250000000001 32.750000000000007 967.50000000000011 279.46601305000007 0.0050742857142857135 47.750000000000007 0.00055000000000000003 274.16412320000006 8.3421844997515411 19.050000000000004 0.60355339059327384 42.500000000000007 63.778943440450405 -0.0026585714285714272 24.450000000000006 0.092857142857142874 0.53472222222222232 1.0000000180025095e-35 23.500000000000004 -0.00045714285714285675
decision_type=2 2 2 2 2 2 2 2 2 2 2 2 2 2 2 2 2 2 2 8 2 2 2 2 2 2 2 2 2 2
left_child=1 3 -3 4 5 6 -1 8 9 10 11 16 -13 15 17 -9 -2 21 -19 20 -20 22 23 -10 27 -26 -15 28 -23 -8
right_child=7 2 -4 -5 -6 -7 29 13 14 -11 -12 12 -14 26 -16 -17 -18 18 19 -21 -22 24 -24 -25 25 -27 -28 -29 -30 -31
leaf_value=-2.1619635646397318e-05 -0.00014009871560305404 0.00098157891186191767 -6.3417867601705925e-05 0.00033299008344329201 0.00022332594054064433 1.3912381551787197e-05 -0.00025931663069326643 -7.354264261218559e-06 -0.00038280304886396618 0.00050203826602096731 -0.00037559658475021772 0.0006162383482576564 0 -0.00019408619323268335 -4.9927280060800097e-05 -0.0001412868300403716 3.6333128531958081e-06 0.00053548864553858784 0.00032827519423181178 0 0 -3.8184489395478477e-06 0 -6.2509251963342911e-05 0.00045643621853920274 0 -1.7459996642343002e-05 -4.599500099508796e-06 0.000428784580355711 -1.8068570142317225e-05
leaf_weight=618 97 73 138 63 99 1820 135 1329 56 82 54 51 50 173 755 119 262 52 52 1328 69 166 676 266 50 152 171 9134 50 88
leaf_count=618 97 73 138 63 99 1820 135 1329 56 82 54 51 50 173 755 119 262 52 52 1328 69 166 676 266 50 152 171 9134 50 88
internal_value=5.96841e-08 2.55494e-05 0.000277461 4.8586e-06 -9.38312e-07 -1.12409e-05 -7.1565e-05 -4.7025e-06 1.53342e-07 7.08947e-05 0 4.62317e-05 0.000334185 -4.37868e-05 -2.75388e-06 -2.19017e-05 -2.15948e-05 0 3.15422e-05 9.6521e-06 0.000136276 -4.25555e-06 -4.56211e-05 -0.000134705 0 0.00010572 -0.000121084 -2.22287e-06 7.47942e-05 -0.000186943
internal_weight=18228 3034 211 2823 2760 2661 841 15194 13402 596 514 460 101 1792 12806 1448 359 12051 1501 1449 121 10550 998 322 9552 202 344 9350 216 223
internal_count=18228 3034 211 2823 2760 2661 841 15194 13402 596 514 460 101 1792 12806 1448 359 12051 1501 1449 121 10550 998 322 9552 202 344 9350 216 223
is_linear=0
shrinkage=0.05


Tree=87
num_leaves=31
num_cat=0
split_feature=121 2 24 140 33 22 103 85 85 53 96 88 88 120 128 117 128 19 67 108 129 133 34 24 46 124 131 13 92 100
split_gain=0.000888539 0.00248609 0.0033564 0.00213729 0.00167046 0.00203248 0.00385189 0.000841247 0.00183067 0.0116081 0.0026431 0.00190629 0.00157715 0.00102996 0.00766119 0.000955624 0.00217802 0.000888093 0.000816148 0.00100025 0.00170336 0.00110505 0.000653261 0.000641469 0.000632638 0.0020159 0.015121 0.000960483 0.00224094 0.000758386
threshold=0.15000000000000005 0.00022591100000000003 44.900000000000013 78.385000000000019 0.30577455498528311 3.5000000000000004 1185.7500000000002 283.05446680000006 280.06997175000004 198.50000000000003 51.050000000000011 37.462500000000013 32.187500000000007 266.83428055000007 8.3844366951598737 1.8500000000000003 9.3636192423974389 -3.5714285714284572e-05 6.6500000000000012 290.20898235000004 7.5000000000000009 78.710000000000022 0.076995914751108396 61.400000000000006 99.500000000000014 -0.9159756150367534 34.954889260841185 0.0039296913055555565 1.7500000000000004 -6.1499999999999764
decision_type=10 2 2 2 2 2 2 2 2 2 2 2 2 8 2 2 2 2 2 2 2 2 2 2 2 2 2 2 2 2
left_child=7 3 -3 22 -4 -6 -7 8 10 11 13 -10 -9 14 -1 24 -17 -14 -16 21 -21 -20 -2 -24 27 26 -26 -15 -29 -27
right_child=1 2 4 -5 5 6 -8 12 9 -11 -12 -13 17 15 18 16 -18 -19 19 20 -22 -23 23 -25 25 29 -28 28 -30 -31
leaf_value=0.00049415421310821034 -6.1889298263503498e-05 0.00050667986318720596 0 0.00030194572963277593 0 0.00061993362975077955 0 6.058719675872093e-05 -0.00012967048655324347 0.000698944751669949 -0.00028847327864773767 0.00014684753455929407 -0.00039070870357599632 -9.0129230875548287e-06 0.00019853569557954132 -0.00039746452176237098 0 -3.6960136868732329e-05 0 0 0.00028355511255377241 -0.00015182526625257529 -6.8858142402647774e-07 0.00015086082020565703 0.00090484337260708994 0.00011124647976344123 0 0 -0.00032025749053251018 -8.7834152353730231e-06
leaf_weight=85 502 55 295 54 57 54 68 52 175 67 81 87 52 10403 52 51 167 87 1128 188 77 140 739 71 52 136 398 134 83 2638
leaf_count=85 502 55 295 54 57 54 68 52 175 67 81 87 52 10403 52 51 167 87 1128 188 77 140 739 71 52 136 398 134 83 2638
internal_value=0 3.26465e-05 0.000124658 0 6.88306e-05 0.000188952 0.000305874 -3.50449e-06 -1.9509e-06 0.000114027 -4.68712e-06 -1.8629e-05 -0.000108067 -2.88994e-06 3.3684e-05 -7.59107e-06 -0.000112461 -0.000206858 5.5414e-06 0 8.69938e-05 -1.96013e-05 -1.58247e-05 6.59979e-06 -5.57055e-06 1.31087e-05 0.000111339 -1.17126e-05 -0.000117565 -1.05898e-06
internal_weight=18228 1895 529 1366 474 179 122 16333 16142 329 15813 262 191 15732 1670 14062 218 139 1585 1533 265 1268 1312 810 13844 3224 450 10620 217 2774
internal_count=18228 1895 529 1366 474 179 122 16333 16142 329 15813 262 191 15732 1670 14062 218 139 1585 1533 265 1268 1312 810 13844 3224 450 10620 217 2774
is_linear=0
shrinkage=0.05


Tree=88
num_leaves=31
num_cat=0
split_feature=121 16 2 1 90 28 77 19 85 119 0 104 1 103 50 85 67 131 32 25 23 83 100 155 13 83 139 96 133 96
split_gain=0.000808494 0.00231242 0.00190825 0.00338787 0.00621035 0.000773785 0.00176416 0.000773221 0.00379577 0.0020879 0.00530057 0.00178961 0.00257244 0.000797418 0.00226181 0.00124048 0.00156839 0.000639406 0.000730834 0.000535294 0.000512189 0.00209776 0.000485401 0.00128235 0.00844216 0.00128438 0.00123748 0.00119955 0.000771666 0.000631598
threshold=0.15000000000000005 8.6650000000000009 0.00022591100000000003 0.022884034500000004 26.627551020408166 32.550000000000004 275.37939840000007 -0.0064871428571428537 277.22296395000006 4.3500000000000005 0.0096000000000000026 0.8500000000000002 0.0022451200000000002 535.65000000000009 1019.4500000000002 280.37767375000004 6.9500000000000011 71.650750253308317 8.6500000000000004 7.5000000000000009 17.759722222222226 20.950000000000003 -5.1999999999999877 0.61800000000000022 0.0017372758125000004 35.100000000000001 90.084529157147117 48.925000000000004 88.64500000000001 49.962500000000006
decision_type=10 2 2 2 2 2 2 2 2 8 2 2 2 2 2 2 2 2 2 2 2 2 2 2 2 2 2 2 2 2
left_child=7 2 5 4 -4 -2 -7 8 9 10 -1 12 -11 14 -9 20 19 -18 -19 -17 21 -15 26 25 -25 27 29 28 -24 -22
right_child=1 -3 3 -5 -6 6 -8 13 -10 11 -12 -13 -14 15 -16 16 17 18 -20 -21 22 -23 23 24 -26 -27 -28 -29 -30 -31
leaf_value=0.00054014200172444325 -3.2938118584158019e-05 0.00031989548534023718 0 1.3880881428126765e-05 0.00070242248315881338 0.00023181466054188378 -1.0810835665886749e-05 0 0.00034507020331385203 -0.00042884916662135059 0 1.171508089112812e-06 0 0 0.00037599601116863391 -0.0004018608109671968 -9.2442573374541944e-05 0.00018631027391708351 -6.2793631051153522e-06 -3.1680090792990864e-05 -1.2800025976356753e-05 0.00024654172549999203 -4.6132428777987052e-06 0 0.00065910340560499628 0.0002100348265109157 -0.00026495202961672541 -0.00013258474031122857 -0.00018273566667284329 -0.00018507140041742055
leaf_weight=60 1056 68 62 376 58 98 177 84 91 62 145 606 95 806 51 53 186 56 102 55 1792 99 11131 364 54 65 58 195 62 61
leaf_count=60 1056 68 62 376 58 98 177 84 91 62 145 606 95 806 51 53 186 56 102 55 1792 99 11131 364 54 65 58 195 62 61
internal_value=0 3.1149e-05 1.74977e-05 0.000102165 0.000335066 -1.03531e-05 5.80628e-05 -3.33449e-06 3.72808e-05 2.85984e-06 0.000148545 -2.9881e-05 -0.000180634 -6.48008e-06 0.000111701 -7.8715e-06 -9.00407e-05 -2.11996e-05 3.12762e-05 -0.000261235 -4.99633e-06 3.03382e-05 -7.68139e-06 -3.43796e-06 8.15651e-05 -6.9837e-06 -3.14106e-05 -8.67974e-06 -6.0628e-06 -2.12648e-05
internal_weight=18228 1895 1827 496 120 1331 275 16333 1059 968 205 763 157 15274 135 15139 452 344 158 108 14687 905 13782 11871 418 11453 1911 11388 11193 1853
internal_count=18228 1895 1827 496 120 1331 275 16333 1059 968 205 763 157 15274 135 15139 452 344 158 108 14687 905 13782 11871 418 11453 1911 11388 11193 1853
is_linear=0
shrinkage=0.05


Tree=89
num_leaves=31
num_cat=0
split_feature=126 85 138 8 104 131 50 0 0 3 89 43 86 105 120 128 69 131 104 138 133 97 93 113 119 133 120 133 134 42
split_gain=0.000803072 0.00499088 0.0265929 0.00251405 0.00182549 0.0015859 0.00120573 0.000809169 0.000749471 0.00110625 0.00074531 0.000787654 0.00139247 0.00077988 0.000763392 0.00772884 0.000854201 0.00149998 0.000845385 0.00334633 0.00437683 0.00168916 0.0044455 0.000964726 0.00470931 0.00250219 0.000835714 0.00170816 0.000891391 0.000653678
threshold=20.500000000000004 280.06997175000004 4.120000000000001 0.067883565386171033 5.3500000000000014 92.98559840874789 1020.7500000000001 0.017150000000000002 0.17410000000000003 0.19841621750000002 51.150000000000013 0.35650000000000004 18.500000000000004 19.500000000000004 266.83428055000007 8.3844366951598737 290.21383710000003 52.500362958644175 0.8500000000000002 3.1850000000000005 82.02000000000001 5.8000000000000034 267.19833210000007 1.8500000000000003 5.7500000000000009 88.64500000000001 269.35402745000005 80.210000000000022 4.330000000000001 0.23500000000000001
decision_type=2 2 2 2 2 2 2 2 2 2 2 2 2 2 8 2 2 2 2 2 2 2 2 2 10 2 10 2 2 2
left_child=1 3 -3 4 5 -1 -4 -7 9 -9 14 12 13 -12 15 -2 -17 -18 19 20 -16 26 -23 25 -25 -20 27 -21 -28 -30
right_child=10 2 6 -5 -6 7 -8 8 -10 -11 11 -13 -14 -15 18 16 17 -19 23 21 -22 22 -24 24 -26 -27 28 -29 29 -31
leaf_value=-5.6661315240206611e-05 0.00050928310195013184 0.0011547899096622132 1.5425183269793962e-05 0.00031459955496757178 0.0002063818300119891 -4.8226772077415871e-06 -0.00022651894379669107 4.5687759243367868e-05 -4.6414709084847473e-05 0.00027362364953349732 -0.0002231870639108314 5.3981351341576557e-05 0 0 0 -9.4996010075355463e-06 0.00030021432373132488 0 -1.0034283143595217e-06 -3.5647174484084996e-05 -0.00060913289026036095 -1.9671196397715353e-05 0.00049021078653258259 0.00050136734852547504 -5.36242716544569e-06 -0.00034300024040055216 0.00019155884223012739 -0.00028236817362333323 0.00014872624438794446 -2.9944449967585192e-05
leaf_weight=1136 79 59 83 63 99 910 69 462 72 81 186 63 155 73 85 1337 63 135 10870 894 57 102 57 55 158 53 59 87 51 575
leaf_count=1136 79 59 83 63 99 910 69 462 72 81 186 63 155 73 85 1337 63 135 10870 894 57 102 57 55 158 53 59 87 51 575
internal_value=0 2.36851e-05 0.000258145 4.30506e-06 -1.07819e-06 -1.07495e-05 -6.24877e-05 2.01893e-05 6.52635e-05 8.93209e-05 -4.48091e-06 -6.63042e-05 -9.67426e-05 -0.000168309 -2.13304e-06 2.97667e-05 1.51725e-06 0.000100708 -6.44591e-06 -3.67179e-05 -0.000271983 -1.55352e-05 0.000133788 -6.47063e-07 0.00010385 -3.1518e-06 -3.28574e-05 -6.28845e-05 2.88527e-06 -7.19974e-06
internal_weight=18228 3034 211 2823 2760 2661 152 1525 615 543 15194 477 414 259 14717 1614 1535 198 13103 1967 142 1825 159 11136 213 10923 1666 981 685 626
internal_count=18228 3034 211 2823 2760 2661 152 1525 615 543 15194 477 414 259 14717 1614 1535 198 13103 1967 142 1825 159 11136 213 10923 1666 981 685 626
is_linear=0
shrinkage=0.05


Tree=90
num_leaves=31
num_cat=0
split_feature=88 116 85 85 108 114 6 36 114 29 100 84 119 128 88 128 134 75 50 113 114 137 82 28 75 33 44 80 36 0
split_gain=0.00253222 0.000827228 0.00251954 0.00205878 0.00113 0.00474658 0.000754117 0.000860865 0.00166247 0.00130145 0.000657744 0.00355232 0.00882148 0.00343151 0.00211885 0.0103787 0.00122683 0.00102708 0.000951332 0.000842213 0.00991708 0.00109975 0.00193157 0.000688123 0.000528984 0.000816974 0.000577069 0.000521338 0.00175524 0.000507981
threshold=51.037500000000009 286.68719745000004 284.65871465000004 283.96131250000002 284.62394330000001 33.050000000000004 0.025687500000000002 271.59163605000009 24.150000000000002 28.450000000000003 -5.3000000000000105 21.150000000000006 3.5500000000000003 8.3170333571082846 43.112500000000004 9.0640421076593753 4.330000000000001 14.250000000000002 1015.7500000000001 0.95000000000000007 20.750000000000004 0.045000000000000005 29.318000000000001 32.150000000000006 7.9500000000000011 0.53512034423970289 992.50000000000011 18.787500000000005 270.99710890000006 0.025450000000000004
decision_type=2 2 2 2 2 2 2 2 2 2 2 2 10 2 2 2 2 2 2 2 2 2 2 2 2 2 2 2 2 2
left_child=1 2 10 4 6 24 7 27 -9 -10 13 14 -13 -1 19 -16 17 -15 -18 21 -21 22 -12 -19 26 -26 -6 28 -3 -23
right_child=-2 3 -4 -5 5 -7 -8 8 9 -11 11 12 -14 16 15 -17 18 23 -20 20 -22 29 -24 -25 25 -27 -28 -29 -30 -31
leaf_value=-0.00038692093124723218 0.00033463681069536384 0 0.00034702711297000555 -0.00025261854855052664 -0.00022094261482169921 0.00051245422148164007 -0.00020750085077906992 0 -0.00030989572328280705 0 -2.9348424121924325e-05 0.00069781153104486304 -3.5854678362848498e-05 0 0.00076153827989502239 0 -7.2453101203838704e-06 -0.00037511197745010986 0.0001627266708322189 0.00064296290193397007 -3.2772156408522429e-05 -4.042109064358763e-06 -0.00035620016058137663 0 -9.073232768208083e-07 0.00021093064958489883 0 -3.759768907225081e-05 0.0002583174324175069 2.0808608136654686e-05
leaf_weight=63 55 1190 52 99 51 50 63 352 111 96 1397 63 82 54 53 325 1924 53 85 63 292 7959 50 52 91 50 51 792 68 2712
leaf_count=63 55 1190 52 99 51 50 63 352 111 96 1397 63 82 54 53 325 1924 53 85 63 292 7959 50 52 91 50 51 792 68 2712
internal_value=-6.0513e-07 -1.90108e-06 2.55829e-06 -2.57632e-05 -1.64202e-05 7.20596e-05 -2.80164e-05 -2.16888e-05 -7.73e-05 -0.000189918 1.03088e-06 5.6496e-06 0.00025126 -2.36244e-05 2.46995e-06 0.000119032 -1.05886e-05 -0.000143837 0 -6.70944e-07 7.45713e-05 -3.29373e-06 -4.43338e-05 -0.000235484 0 3.99577e-05 -0.000103142 -4.0564e-06 1.31019e-05 1.80646e-06
internal_weight=18398 18343 15279 3064 2965 293 2672 2609 559 207 15227 12996 145 2231 12851 378 2168 159 2009 12473 355 12118 1447 105 243 141 102 2050 1258 10671
internal_count=18398 18343 15279 3064 2965 293 2672 2609 559 207 15227 12996 145 2231 12851 378 2168 159 2009 12473 355 12118 1447 105 243 141 102 2050 1258 10671
is_linear=0
shrinkage=0.05


Tree=91
num_leaves=31
num_cat=0
split_feature=88 116 85 77 128 108 114 133 118 142 6 110 133 133 19 83 15 142 136 133 105 76 117 27 6 93 9 36 21 100
split_gain=0.00229102 0.000762241 0.00227898 0.00189949 0.00189826 0.00145865 0.00449861 0.000686858 0.000678674 0.00117093 0.000869206 0.000659845 0.00404293 0.00371405 0.00365975 0.00120266 0.00392985 0.0005975 0.000615472 0.000755856 0.00479748 0.000607559 0.000577421 0.00427351 0.000545605 0.000724004 0.000493587 0.000614113 0.000429572 0.000400741
threshold=51.037500000000009 286.68719745000004 284.65871465000004 284.51171220000009 9.5358599736102736 284.62394330000001 32.250000000000007 88.64500000000001 32.550000000000004 582.05391141393363 0.011453472222222223 31.150000000000002 80.660000000000011 88.200000000000003 -0.0010057142857142853 30.450000000000003 0.00010416666666666667 851.49395101140226 0.14500000000000005 85.89500000000001 25.500000000000004 4.6500000000000012 1.1500000000000001 1365.9000000000003 0.021504166666666668 265.47140015000008 3.4161111111111118 271.68802475000001 0.60416666666666685 5.2500000000000009
decision_type=2 2 2 2 2 2 2 2 8 2 2 2 2 2 2 2 2 2 2 2 2 2 2 2 2 2 2 2 2 2
left_child=1 2 7 5 -5 8 -7 11 9 26 -11 13 24 15 -14 17 -17 18 21 22 -21 -1 29 -24 -13 -26 27 28 -3 -20
right_child=-2 3 -4 4 -6 6 -8 -9 -10 10 -12 12 14 -15 -16 16 -18 -19 19 20 -22 -23 23 -25 25 -27 -28 -29 -30 -31
leaf_value=-1.3521209206074015e-05 0.00031820376098559277 -6.1359607144913412e-05 0.00033000312547884746 -0.00037880483856521705 0 0 0.00050603552667214324 0.0001583459443271209 0 -1.3987317029275914e-05 0.00019069794367967182 -1.2776831841622634e-05 -0.0006258800974683255 0.0003797432004543997 -3.7739996224339702e-05 0.00042194440855584828 -3.2929028498149291e-05 -0.00015485903929327862 -2.8113798103122876e-06 0.00051612158080108488 -5.7725931699332289e-05 -0.00013799104483793096 0.00048651391946035664 0 0 0.00022368045163538979 -0.00025782197612107805 -0.00016876917870308568 1.2724882115094261e-05 2.0739827349024135e-05
leaf_weight=1708 55 521 52 74 60 205 52 68 1214 511 56 2428 51 65 98 71 90 60 7606 51 83 120 51 241 86 56 60 152 159 2294
leaf_count=1708 55 521 52 74 60 205 52 68 1214 511 56 2428 51 65 98 71 90 60 7606 51 83 120 51 241 86 56 60 152 159 2294
internal_value=-6.32264e-07 -1.87813e-06 2.38992e-06 -2.47864e-05 -0.000211105 -1.44903e-05 9.49356e-05 9.21185e-07 -2.69127e-05 -4.98865e-05 0 0 -2.20996e-05 5.08101e-06 -0.000275213 2.67856e-06 0.000138169 4.72071e-07 1.66292e-06 6.78003e-06 0.000125847 -2.44968e-05 4.71187e-06 7.44585e-05 -5.3788e-06 8.53568e-05 -8.5714e-05 -6.70053e-05 -3.67015e-05 2.14238e-06
internal_weight=18398 18343 15279 3064 134 2930 257 15227 2673 1459 567 15159 2719 12440 149 12375 161 12214 12154 10326 134 1828 10192 292 2570 142 892 832 680 9900
internal_count=18398 18343 15279 3064 134 2930 257 15227 2673 1459 567 15159 2719 12440 149 12375 161 12214 12154 10326 134 1828 10192 292 2570 142 892 832 680 9900
is_linear=0
shrinkage=0.05


Tree=92
num_leaves=31
num_cat=0
split_feature=88 84 84 139 139 42 131 85 28 43 160 128 113 19 130 90 4 88 29 131 67 5 26 94 63 114 33 43 99 22
split_gain=0.00207231 0.000733295 0.00513438 0.0112904 0.00267174 0.000983915 0.00249071 0.00178799 0.00570012 0.00118915 0.00108936 0.0010335 0.000773647 0.0020015 0.000628783 0.000827062 0.000582998 0.00101985 0.00283261 0.00268434 0.000982856 0.00085697 0.00113094 0.00169741 0.000752351 0.000744554 0.000736409 0.000738286 0.00065091 0.00440376
threshold=51.037500000000009 22.750000000000004 21.150000000000006 84.467414954242443 84.423525025859234 0.72500000000000009 22.321942539713117 282.21134325000008 20.650000000000002 0.36650000000000005 0.17142857142857149 9.7218150291155272 2.1500000000000008 -0.00034714285714285701 1.0000000180025095e-35 24.301020408163268 7.2100000000000018e-05 36.612500000000004 26.350000000000005 29.301636672347289 12.550000000000002 1.6050000000000002 13.500000000000002 29.500000000000004 6.7402500000000005 29.750000000000004 0.77489244982678762 0.32050000000000006 2.6499999999999777 1.0000000180025095e-35
decision_type=2 2 2 2 2 2 2 2 2 2 2 2 2 2 2 2 2 2 2 2 2 2 2 2 2 2 2 2 2 2
left_child=1 2 5 -4 14 7 -7 12 -9 -8 -11 -12 16 -14 15 -3 25 28 -19 -20 21 -21 23 -23 -22 -1 -27 -28 -18 -30
right_child=-2 4 3 -5 -6 6 9 8 -10 10 11 -13 13 -15 -16 -17 17 18 19 20 24 22 -24 -25 -26 26 27 -29 29 -31
leaf_value=-5.8961908416481273e-06 0.00030257766448828867 0 0 0.00089591693076049447 -0.00040976076445076615 -0.00035277699404691852 -5.022467148332106e-06 0.00057678463784603608 -3.9745740476207985e-05 0 -0.00029343430593262051 -4.2597067722361253e-06 0.00036826145712528201 0 -7.8607361539061087e-05 0.00021978883097843066 -1.0222712053528505e-05 0.00038121171818796136 0.00035705735213802358 0 -0.00010359540151001144 7.419888195378329e-05 -1.6081243421525715e-05 0.00041666672933648183 0 0 0 -0.00014791913988542008 0.00038543858641742752 4.1637836602424372e-06
leaf_weight=5465 55 117 86 50 50 61 1807 55 75 68 107 97 50 75 191 50 5590 60 59 313 209 317 93 55 726 369 76 294 80 1698
leaf_count=5465 55 117 86 50 50 61 1807 55 75 68 107 97 50 75 191 50 5590 60 59 313 209 317 93 55 726 369 76 294 80 1698
internal_value=-6.25011e-07 -1.82315e-06 -3.4013e-08 0.000304589 -6.80535e-05 -2.65948e-06 -3.45505e-05 1.38148e-06 0.000185338 -2.26445e-05 -0.000120952 -0.000181016 0 0.000123207 -5.39294e-06 4.85509e-05 -1.17945e-06 6.44676e-06 3.9922e-05 2.53373e-05 1.07932e-05 5.41472e-05 9.74613e-05 0.000139219 -1.99584e-05 -1.32935e-05 -6.11587e-05 -0.000111458 -1.20239e-06 2.43366e-05
internal_weight=18398 18343 17935 136 408 17799 2140 15659 130 2079 272 204 15529 125 358 167 15404 9200 1832 1772 1713 778 465 372 935 6204 739 370 7368 1778
internal_count=18398 18343 17935 136 408 17799 2140 15659 130 2079 272 204 15529 125 358 167 15404 9200 1832 1772 1713 778 465 372 935 6204 739 370 7368 1778
is_linear=0
shrinkage=0.05


Tree=93
num_leaves=31
num_cat=0
split_feature=81 116 77 108 114 52 116 33 4 28 59 100 134 114 92 119 138 134 113 50 121 36 23 81 80 50 131 63 136 23
split_gain=0.00148284 0.000716221 0.00171238 0.00133354 0.00402093 0.00104655 0.000859654 0.000694937 0.0032896 0.00131569 0.00176405 0.000661988 0.00291251 0.00293605 0.00238976 0.0130779 0.000738997 0.000764845 0.000643183 0.000635098 0.00063183 0.000689444 0.000740245 0.000607191 0.0018914 0.00190367 0.0013351 0.000551333 0.000539884 0.000539564
threshold=55.250000000000007 286.68719745000004 284.51171220000009 284.62394330000001 32.250000000000007 314.50000000000006 286.54117840000009 0.89202806853711836 0.0080550555000000034 7.0500000000000007 3.6963000000000004 -5.3000000000000105 4.330000000000001 25.850000000000005 22.850000000000005 4.0500000000000007 5.5000000000000009 6.0450000000000008 2.6500000000000008 1014.2500000000001 0.75000000000000011 271.59163605000009 29.555555555555561 43.550000000000004 18.512500000000006 1023.85 160.8661696257785 10.441350000000002 0.71500000000000008 25.72569444444445
decision_type=2 2 2 2 2 2 2 2 2 2 2 2 2 2 2 10 2 2 2 2 8 2 2 2 2 2 2 2 2 2
left_child=1 6 3 20 -5 -4 7 11 9 10 -9 12 13 -1 18 -16 -17 -18 -13 27 21 22 23 29 25 26 -25 -14 -11 -3
right_child=-2 2 5 4 -6 -7 -8 8 -10 28 -12 14 19 -15 15 16 17 -19 -20 -21 -22 -23 -24 24 -26 -27 -28 -29 -30 -31
leaf_value=-0.00044554780036703992 0.0002164451246678185 -6.1133475025393775e-05 -0.0003829420906933427 0 0.00047884127529302864 -1.355044994364073e-05 0.00018026226883835884 0 0.00035297992193841315 -6.5158789395673288e-05 0.00036847312319415244 -1.4608483719478388e-06 -5.1912847408703877e-05 0 0.00074971920290052996 -0.0001329056465525316 0.00018744354044307937 -3.6965599670553913e-06 0.00013333882813681104 0.00012016507902278009 3.4784198350623176e-06 -0.00012401552709920082 -0.00018493052431949766 0.00049729867112439355 -3.9562989807138045e-05 0 7.7035259219935725e-06 1.7201230155394558e-06 2.9996177330700602e-05 1.8039546126791527e-05
leaf_weight=80 77 755 54 205 52 80 67 51 79 333 54 12016 668 92 68 93 59 112 88 85 883 263 75 50 315 91 51 1134 187 181
leaf_count=80 77 755 54 205 52 80 67 51 79 333 54 12016 668 92 68 93 59 112 88 85 883 263 75 50 315 91 51 1134 187 181
internal_value=-6.0858e-07 -1.80548e-06 -2.40532e-05 -1.41503e-05 9.02192e-05 -0.000201181 2.32047e-06 1.19532e-06 4.98112e-05 3.00076e-06 0.000169832 -8.24229e-07 -2.7343e-05 -0.00022476 3.16624e-06 0.000135335 -6.28011e-06 3.3889e-05 -5.68244e-08 -6.59066e-06 -2.61253e-05 -4.3602e-05 -2.63059e-05 -1.44764e-05 2.36807e-05 0.000153014 0.000301596 -1.54062e-05 -2.13508e-05 -4.04842e-05
internal_weight=18398 18321 3055 2921 257 134 15266 15199 704 625 105 14495 2059 172 12436 332 264 171 12104 1887 2664 1781 1518 1443 507 192 101 1802 520 936
internal_count=18398 18321 3055 2921 257 134 15266 15199 704 625 105 14495 2059 172 12436 332 264 171 12104 1887 2664 1781 1518 1443 507 192 101 1802 520 936
is_linear=0
shrinkage=0.05


Tree=94
num_leaves=31
num_cat=0
split_feature=88 84 84 139 139 55 142 82 113 86 133 85 80 19 14 88 85 41 14 133 49 131 36 81 84 110 62 61 28 10
split_gain=0.0018111 0.000739065 0.00446297 0.0100818 0.00233787 0.000699158 0.00460998 0.00337232 0.000813459 0.00214435 0.000840638 0.00143517 0.000720088 0.00264149 0.00159288 0.000676471 0.00108138 0.000654782 0.0014952 0.000656579 0.000617198 0.000677394 0.00373246 0.00925522 0.00235756 0.00455434 0.0032887 0.00100676 0.00210371 0.00313673
threshold=51.037500000000009 22.750000000000004 21.150000000000006 84.467414954242443 84.423525025859234 17.580753350000041 737.56509152187925 28.910000000000007 2.1500000000000008 5.5000000000000009 88.64500000000001 284.65871465000004 11.462500000000004 -0.016885714285714282 0.062282603999999998 48.925000000000004 276.68889915000005 41.500000000000007 0.028951210500000001 66.185000000000016 943.55000000000007 33.15434016127945 263.18235550000003 23.950000000000003 0.95000000000000029 24.250000000000004 44.850000000000001 170.60000000000002 37.70000000000001 30.275000000000002
decision_type=2 2 2 2 2 2 2 2 2 2 2 2 2 2 2 2 2 2 2 2 2 2 2 2 2 2 2 2 2 2
left_child=1 2 5 -4 -3 8 17 -8 10 -10 11 12 14 -14 -1 20 -17 18 -7 -19 -15 22 23 -22 -24 26 -26 28 -23 -30
right_child=-2 4 3 -5 -6 6 7 -9 9 -11 -12 -13 13 15 -16 16 -18 19 -20 -21 21 27 24 -25 25 -27 -28 -29 29 -31
leaf_value=-1.8609246890590441e-05 0.00028288730392887377 -8.4447627745258752e-06 0 0.00084323840792457504 -0.00038902799479033362 0 0 -0.00065325163873899777 0.00038064815195599193 0 -0.0001676005776689029 0.00020042228399218539 0.0003343709130516194 -3.3359458225852109e-05 -0.00031056286281989963 0 -0.00026373381995888908 -1.1771330482812121e-05 0.00029338625661659779 -0.00018572346453937287 0 7.8012393321588686e-06 -5.274511707518584e-05 0.00082334129660934841 0.00067042996138155255 -1.0512547889346558e-05 3.7920509580269003e-05 -2.1475131197292509e-06 4.834403641854734e-05 0.00052983557595224649
leaf_weight=2170 55 358 86 50 50 245 51 50 50 74 74 88 59 1052 50 94 61 812 52 68 85 947 562 50 52 183 65 10576 176 53
leaf_count=2170 55 358 86 50 50 245 51 50 50 74 74 88 59 1052 50 94 61 812 52 68 85 947 562 50 52 183 65 10576 176 53
internal_value=-5.41605e-07 -1.67939e-06 0 0.000284117 -6.81469e-05 -2.35161e-06 -3.79925e-05 -0.000361544 1.04938e-07 0.000127395 -5.60469e-07 0 -8.90497e-07 2.98097e-06 -2.75729e-05 1.19789e-06 -0.000101558 -5.70029e-06 5.25841e-05 -3.1084e-05 2.72149e-06 6.0933e-06 4.59321e-05 0.000289959 1.62889e-06 0.000119938 0.000364708 2.28447e-06 4.63582e-05 0.000183339
internal_weight=18398 18343 17935 136 408 17799 1278 101 16521 124 16397 16323 16235 14015 2220 13956 155 1177 297 880 13801 12749 997 135 862 300 117 11752 1176 229
internal_count=18398 18343 17935 136 408 17799 1278 101 16521 124 16397 16323 16235 14015 2220 13956 155 1177 297 880 13801 12749 997 135 862 300 117 11752 1176 229
is_linear=0
shrinkage=0.05


Tree=95
num_leaves=31
num_cat=0
split_feature=83 103 142 81 88 13 87 54 138 81 54 139 119 98 112 140 103 103 19 21 131 96 131 49 99 22 88 139 41 137
split_gain=0.00130887 0.00965526 0.00111889 0.000860256 0.0012018 0.00641241 0.000915295 0.000757447 0.00188667 0.00231812 0.000795192 0.00241221 0.00682961 0.0026383 0.0015019 0.00143483 0.00152807 0.00140099 0.000753216 0.00121248 0.000720693 0.00125658 0.000989534 0.000703838 0.000664637 0.00697601 0.000586796 0.00204462 0.000945763 0.000780764
threshold=35.100000000000001 1077.9000000000003 75.429232224175792 51.650000000000013 41.987500000000004 0.0039296913055555565 2.5000000000000004 0.30500000000000005 3.8450000000000002 37.650000000000013 0.055000000000000007 89.033414029013926 3.8500000000000001 -1.5999999999999959 285.25187180000006 78.385000000000019 2459.0500000000006 562.00000000000011 -0.00025142857142857134 0.49305555555555564 49.734544032813524 40.687500000000007 27.860477720515643 972.45000000000016 2.6499999999999777 1.0000000180025095e-35 36.712500000000013 83.777273392101407 44.500000000000007 0.67000000000000015
decision_type=2 2 2 2 2 2 2 2 2 2 2 2 8 2 2 2 2 2 2 2 2 2 2 2 2 2 2 2 2 2
left_child=3 -2 -3 4 7 6 -6 10 9 -9 15 17 -13 -14 -15 20 -17 -12 -8 -20 21 -1 -23 -5 26 -26 -19 28 29 -28
right_child=1 2 -4 23 5 -7 18 8 -10 -11 11 12 13 14 -16 16 -18 24 19 -21 -22 22 -24 -25 25 -27 27 -29 -30 -31
leaf_value=-1.6858067254157359e-05 0.00072473575876382023 4.2225067700201132e-06 -0.0002480134900731303 0 0.00019576602063378753 0.00052663697700575259 -1.4240254006419475e-05 0 -6.5568001315768932e-06 -0.0004311152869135484 0.00024367359859983574 0.00049820662823418088 0.00024931330686311497 0 -0.00030165448964393336 -0.00033313024715694861 0 -1.2399102208432264e-05 0.00023212558141246769 0 0 0 -0.00028307584502054733 -0.00015822800671946513 0.00053296640872826744 0 0 0.00027375240266084368 -2.1145283230125658e-05 0.00015600912523373932
leaf_weight=1576 50 59 55 134 69 66 922 63 624 66 60 96 88 187 52 70 63 4732 87 204 6693 103 91 154 66 863 157 78 765 163
leaf_count=1576 50 59 55 134 69 66 922 63 624 66 60 96 88 187 52 70 63 4732 87 204 6693 103 91 154 66 863 157 78 765 163
internal_value=1.17406e-06 0.00014137 -7.50905e-05 0 1.28308e-06 4.68442e-05 1.78551e-05 -2.10668e-06 -5.1083e-05 -0.000226297 0 1.2339e-05 0.000128549 3.59421e-06 -6.67083e-05 -1.00905e-05 -0.000174046 4.4544e-06 3.46337e-06 7.65352e-05 -6.90286e-06 -3.52857e-05 -0.000158491 -8.56685e-05 1.58307e-06 4.13683e-05 -3.84466e-06 2.66468e-05 4.04275e-06 7.97125e-05
internal_weight=18456 164 114 18292 18004 1348 1282 16656 753 129 15903 7307 423 327 239 8596 133 6884 1213 291 8463 1770 194 288 6824 929 5895 1163 1085 320
internal_count=18456 164 114 18292 18004 1348 1282 16656 753 129 15903 7307 423 327 239 8596 133 6884 1213 291 8463 1770 194 288 6824 929 5895 1163 1085 320
is_linear=0
shrinkage=0.05


Tree=96
num_leaves=31
num_cat=0
split_feature=83 75 135 133 81 88 82 128 4 54 133 133 52 52 133 114 138 36 29 61 134 63 133 114 2 32 4 49 15 76
split_gain=0.00118383 0.0087759 0.00165438 0.0009043 0.000761065 0.000667971 0.00316064 0.00939423 0.000680725 0.000666976 0.00277505 0.000796603 0.000745757 0.00349448 0.00489447 0.00215977 0.00495146 0.00338108 0.000684833 0.00346379 0.00325676 0.000754813 0.000828952 0.000649886 0.000645355 0.000939949 0.00104214 0.000634892 0.000601069 0.000594948
threshold=35.100000000000001 13.950000000000001 78.370000000000019 88.64500000000001 51.650000000000013 42.625000000000007 28.270000000000003 9.4017455261924869 0.013426633500000002 0.30500000000000005 83.585000000000022 88.200000000000003 87.500000000000014 95.500000000000014 45.00500000000001 29.350000000000005 3.7250000000000005 264.26579755000006 47.45000000000001 144.25000000000003 9.1550000000000029 7.2707000000000006 80.210000000000022 35.45000000000001 1.0995000000000001e-05 12.350000000000003 0.00017288850000000004 972.45000000000016 0.00013437500000000003 10.650000000000004
decision_type=2 2 2 2 2 2 2 2 2 2 2 2 2 2 2 2 2 2 2 2 2 2 2 2 2 2 2 2 2 2
left_child=3 -2 -3 4 5 9 7 -7 24 11 -11 12 18 14 -14 -15 -17 -18 21 20 -20 22 -1 -19 28 26 -26 -6 -8 -23
right_child=1 2 -4 -5 27 6 8 -9 -10 10 -12 -13 13 15 -16 16 17 23 19 -21 -22 29 -24 -25 25 -27 -28 -29 -30 -31
leaf_value=-2.1167445907673574e-05 0.00066263437840494925 -0.00029649909760866484 3.5902078077350252e-05 0.00015061465890999035 0 0.00079639319884336154 3.0459481821512353e-05 0 -0.00010276393757819083 -1.3137497870232252e-05 -0.00038414170658958535 0.00014440401648837574 0 -9.3138930696651327e-06 0.00065861688860734959 0.00056037614954667259 0.00041573652641720685 3.5111307898647784e-05 0.0005356989655050105 -1.0037030457022473e-07 4.9903757398662932e-05 7.1960192601359388e-07 -0.00011486211666645937 -9.4751473689933294e-05 0 0 0.00031966084936538248 -0.00015036764829945301 -8.105494077265585e-05 -6.8510834866856386e-05
leaf_weight=3284 54 54 56 98 134 51 180 150 139 712 57 94 56 2250 50 54 51 222 59 1753 152 7196 293 150 59 286 64 154 225 319
leaf_count=3284 54 54 56 98 134 51 180 150 139 712 57 94 56 2250 50 54 51 222 59 1753 152 7196 293 150 59 286 64 154 225 319
internal_value=1.11602e-06 0.000134448 -8.34327e-05 0 -9.06645e-07 1.14114e-07 3.71427e-05 0.000216806 0 -2.1403e-06 -4.75938e-05 0 -8.13564e-07 2.20608e-05 0.000303968 9.16267e-06 0.000106614 3.57091e-05 -6.16128e-06 2.01533e-05 0.000211213 -1.12728e-05 -3.02696e-05 -3.96153e-06 1.65545e-05 6.41395e-05 0.000180424 -8.14528e-05 -1.92248e-05 -1.5626e-06
internal_weight=18456 164 110 18292 18194 17906 1154 201 953 16752 769 15983 15889 2833 106 2727 477 423 13056 1964 211 11092 3577 372 814 409 123 288 405 7515
internal_count=18456 164 110 18292 18194 17906 1154 201 953 16752 769 15983 15889 2833 106 2727 477 423 13056 1964 211 11092 3577 372 814 409 123 288 405 7515
is_linear=0
shrinkage=0.05


Tree=97
num_leaves=31
num_cat=0
split_feature=103 88 24 53 43 88 82 133 92 64 137 43 28 93 93 15 30 21 92 92 126 131 43 135 2 81 14 44 140 92
split_gain=0.00109852 0.00765474 0.00409225 0.00328175 0.0141629 0.00193758 0.0012982 0.00124848 0.00115908 0.00281954 0.00629028 0.000807668 0.00069196 0.00086004 0.00131043 0.000877717 0.000594298 0.000581951 0.000824036 0.0048873 0.000810036 0.00180907 0.0100457 0.00166538 0.000958109 0.0018884 0.001935 0.00165223 0.00210996 0.000542735
threshold=1023.6500000000002 45.662500000000009 62.750000000000007 204.50000000000003 0.37450000000000006 51.037500000000009 21.036000000000005 88.64500000000001 21.750000000000007 366.00000000000011 1.0000000180025095e-35 0.39250000000000007 28.950000000000006 273.01713085000006 272.49812540000005 0.00038020833333333336 -1.1971428571428586 0.50694444444444453 10.250000000000002 9.6500000000000039 86.500000000000014 33.845472724088289 0.33050000000000007 6.0600000000000014 9.4850000000000015e-05 40.250000000000007 0.021901444000000003 957.50000000000011 35.630000000000003 8.3500000000000032
decision_type=2 2 2 2 2 2 2 2 2 2 2 2 2 2 2 2 2 2 2 2 2 2 2 2 2 2 2 2 2 2
left_child=1 2 3 11 6 7 16 8 17 10 -10 12 -1 14 15 -14 -5 20 19 -19 21 22 -2 -24 -23 -26 27 28 -27 -13
right_child=5 -3 -4 4 -6 -7 -8 -9 9 -11 -12 29 13 -15 -16 -17 -18 18 -20 -21 -22 24 23 -25 25 26 -28 -29 -30 -31
leaf_value=-1.1549178418675302e-05 0.0007748408049463671 0.00063833162855635422 0.00039034298493788815 -0.000144361254854933 0.00091448318661675266 -0.00028863589107792605 0.000164542517984579 0.00020365635986991043 -0.0005915266215447061 0.00023008199676977323 -4.3394483353056756e-05 -0.00011508742681627279 -6.1808926481638616e-05 0 0.00033819341717605578 0.00013054171607048681 0 -6.5539696218308581e-06 -4.3144987493733871e-05 0.0004587492071828948 -1.092854399378684e-05 -2.4701434768667244e-06 0.00019422778647425827 -8.846781511657846e-05 1.1459266804680176e-06 6.8509285019043066e-05 0 4.8545911762737566e-05 0.00058343878680644273 0
leaf_weight=1858 51 50 71 113 51 59 86 71 58 69 834 272 80 231 58 119 54 5222 1545 56 2754 2795 77 155 1010 68 232 135 62 160
leaf_count=1858 51 50 71 113 51 59 86 71 58 69 834 272 80 231 58 119 54 5222 1545 56 2754 2795 77 155 1010 68 232 135 62 160
internal_value=1.09994e-06 2.79259e-05 1.64615e-05 6.10279e-06 0.000162755 -4.20696e-06 0 -2.75451e-06 -4.06758e-06 -5.72024e-05 -8.5257e-05 -9.29304e-06 1.91958e-07 5.5052e-05 0.000118651 2.82924e-05 -7.27861e-05 -1.05156e-07 -1.09591e-05 -5.83951e-07 9.30456e-06 2.25477e-05 0.000146622 0 1.31915e-05 4.55369e-05 0.000125524 0.000218369 0.000354838 -7.22307e-05
internal_weight=18456 3203 3153 3082 304 15253 253 15194 15123 961 892 2778 2346 488 257 199 167 14162 6823 5278 7339 4585 283 232 4302 1507 497 265 130 432
internal_count=18456 3203 3153 3082 304 15253 253 15194 15123 961 892 2778 2346 488 257 199 167 14162 6823 5278 7339 4585 283 232 4302 1507 497 265 130 432
is_linear=0
shrinkage=0.05


Tree=98
num_leaves=31
num_cat=0
split_feature=103 88 24 51 139 44 88 88 133 133 92 64 133 36 81 14 41 134 92 131 92 104 105 28 61 117 30 25 23 6
split_gain=0.000996508 0.0069169 0.0036969 0.00188213 0.00683025 0.00282953 0.00175217 0.00117847 0.0012601 0.00112807 0.00104935 0.00256406 0.00451309 0.00312965 0.000785698 0.000666203 0.000813859 0.000592482 0.000648464 0.000620437 0.0051606 0.000472223 0.000505738 0.000439677 0.000462417 0.000502481 0.000443693 0.000534629 0.000439518 0.000524401
threshold=1023.6500000000002 45.662500000000009 62.750000000000007 314.50000000000006 85.299518965764761 597.50000000000011 51.037500000000009 36.712500000000013 23.815000000000001 88.64500000000001 21.750000000000007 366.00000000000011 79.980000000000004 282.03510875000006 38.350000000000001 0.041051557500000009 49.500000000000007 3.8750000000000004 7.0500000000000016 28.932590165984791 9.8500000000000032 0.25000000000000006 30.500000000000004 32.95000000000001 300.15000000000003 2.0500000000000003 -1.3700000000000008 19.500000000000004 17.125000000000004 0.00037361111111111118
decision_type=2 2 2 2 2 2 2 2 2 2 2 2 2 2 2 2 2 2 2 2 2 2 2 2 2 2 2 2 2 2
left_child=1 2 3 15 5 -5 9 14 -9 10 17 12 -12 -14 -7 23 -17 18 -2 20 -19 -20 -23 24 -1 -26 27 -25 29 -21
right_child=6 -3 -4 4 -6 7 -8 8 -10 -11 11 -13 13 -15 -16 16 -18 19 21 28 -22 22 -24 26 25 -27 -28 -29 -30 -31
leaf_value=-3.2109908640838529e-05 0 0.00060704087970853105 0.00037109690649616471 0.00036256392953132663 0.00049791171359618949 -1.4329996017229025e-05 -0.00027444463002696771 0 0.00027790595982371655 0.00019361496178438151 -3.0088083203994639e-05 0.00021874223899846714 -0.00065756533947673506 -3.8555666860702332e-05 -0.00022022580647213888 0 -0.00026770316555293426 -2.1161660241921576e-05 0 0 0.00038292117621921889 -0.00019522590429119194 0 0 0 0.00015377696077043543 0 0.00019891584068178561 -1.3282930155990975e-06 0.00011269226949623995
leaf_weight=1459 431 50 71 53 85 383 59 66 60 71 774 69 55 63 68 51 56 316 143 149 97 143 68 67 430 60 167 77 12628 187
leaf_count=1459 431 50 71 53 85 383 59 66 60 71 774 69 55 63 68 51 56 316 143 149 97 143 68 67 430 60 167 77 12628 187
internal_value=1.09597e-06 2.66532e-05 1.56747e-05 5.7473e-06 7.79052e-05 1.26144e-05 -3.94445e-06 -1.14511e-05 0.000110863 -2.54702e-06 -3.81131e-06 -5.43633e-05 -8.13096e-05 -0.000372195 -5.68546e-05 -1.39617e-05 -0.000137782 -2.43384e-08 -4.25377e-05 2.09971e-06 6.23624e-05 -9.25902e-05 -0.000141153 -5.82961e-06 -1.65726e-05 1.94783e-05 4.53073e-05 0.000109849 0 5.6519e-05
internal_weight=18456 3203 3153 3082 715 630 15253 577 126 15194 15123 961 892 118 451 2367 107 14162 785 13377 413 354 211 2260 1949 490 311 144 12964 336
internal_count=18456 3203 3153 3082 715 630 15253 577 126 15194 15123 961 892 118 451 2367 107 14162 785 13377 413 354 211 2260 1949 490 311 144 12964 336
is_linear=0
shrinkage=0.05


Tree=99
num_leaves=31
num_cat=0
split_feature=83 103 142 96 96 14 122 0 36 110 88 92 18 124 33 134 61 22 7 14 120 28 82 140 33 133 121 94 30 43
split_gain=0.00101137 0.00774778 0.000839337 0.000781019 0.00077115 0.00397283 0.0144024 0.00331861 0.00134514 0.00209466 0.00121673 0.00300044 0.00106834 0.000833993 0.00443423 0.0115281 0.00225382 0.00089719 0.000750134 0.00278775 0.00617062 0.000771093 0.000818417 0.000746151 0.00223779 0.000682007 0.00066243 0.00059587 0.000529503 0.000507304
threshold=35.100000000000001 1077.9000000000003 75.429232224175792 48.925000000000004 37.875000000000007 0.061309237500000009 11.500000000000002 0.21365000000000003 264.22115495000008 16.150000000000002 37.462500000000013 17.050000000000008 0.0024479166666666673 -0.9159756150367534 -0.9977368637046552 6.5650000000000004 163.25000000000003 1.5000000000000002 0.054700000000000006 0.021183272000000003 267.23368100000005 33.600000000000009 24.014000000000006 78.385000000000019 -0.9171439652572827 88.200000000000003 0.25000000000000006 32.500000000000007 -1.3785714285714288 0.30550000000000005
decision_type=2 2 2 2 2 2 2 2 2 2 2 2 2 2 2 2 2 2 2 2 10 2 2 2 2 2 10 2 2 2
left_child=3 -2 -3 4 10 7 -7 8 9 -6 13 -12 -10 14 15 -1 -16 -15 19 27 -21 -20 28 25 -25 29 -5 -14 -23 -19
right_child=1 2 -4 26 5 6 -8 -9 12 -11 11 -13 18 17 16 -17 -18 23 21 20 -22 22 -24 24 -26 -27 -28 -29 -30 -31
leaf_value=0.00090128033334122839 0.00064808076090355153 0 -0.00021523680820661998 -0.00010794906966905673 0.00040837320174502505 -0.00012394450229951941 0.00094187843444300473 0.00035309313183617117 -3.854805804630331e-05 0 0 -0.00045873610174870317 0 -4.910853468552252e-05 0.00033008098096687203 0 -7.5289212632126389e-06 -3.0268661034859296e-05 -4.6809244694778964e-05 0.00061435131158125869 5.9333080626198403e-06 0.00016654267882181326 -1.0743155925791203e-06 -0.00033724588897464196 8.1326577340324874e-06 0.00014551864900291732 2.896010088887932e-05 0.00016154655282540868 0 2.1083790329933013e-06
leaf_weight=50 50 59 55 302 51 64 51 69 1285 57 110 50 1152 1172 50 95 1395 1376 700 65 162 136 652 65 78 78 53 59 127 8788
leaf_count=50 50 59 55 302 51 64 51 69 1285 57 110 50 1152 1172 50 95 1395 1376 700 65 162 136 652 65 78 78 53 59 127 8788
internal_value=1.00182e-06 0.000124242 -6.56714e-05 0 1.34549e-06 1.91299e-05 0.000309666 1.05556e-05 4.03703e-06 0.00017753 -4.46762e-06 -0.000141669 0 -2.40694e-06 3.0941e-05 0.000293858 9.15461e-07 -7.42979e-06 1.57743e-05 4.24753e-05 0.00020401 -4.91784e-06 2.16878e-05 -2.24044e-06 -0.000115387 -1.6142e-07 -7.34402e-05 7.92712e-06 9.68469e-05 -1.78548e-06
internal_weight=18456 164 114 18292 17937 4630 115 4515 4446 108 13307 160 4338 13147 1590 145 1445 11557 3053 1438 227 1615 915 10385 143 10242 355 1211 263 10164
internal_count=18456 164 114 18292 17937 4630 115 4515 4446 108 13307 160 4338 13147 1590 145 1445 11557 3053 1438 227 1615 915 10385 143 10242 355 1211 263 10164
is_linear=0
shrinkage=0.05


Tree=100
num_leaves=31
num_cat=0
split_feature=81 96 74 0 61 12 131 116 139 103 36 116 100 36 92 81 112 118 16 156 92 33 28 129 11 134 133 114 19 112
split_gain=0.00110202 0.000702418 0.000542425 0.00137573 0.00133161 0.00347738 0.0107344 0.0010799 0.00124801 0.00715142 0.00573573 0.0149485 0.00363992 0.00221574 0.00174916 0.0020891 0.000849599 0.000833704 0.00082656 0.00088078 0.000877144 0.000777528 0.0017085 0.00218069 0.000731741 0.000717943 0.00060562 0.000565232 0.000635785 0.000498032
threshold=55.050000000000004 50.937500000000007 9.3071428571428605 0.17410000000000003 219.90000000000003 0.072571553000000025 86.769874021242742 286.68719745000004 89.033414029013926 1046.95 282.03510875000006 267.99138735000002 -3.9000000000000337 274.72143455000008 1.8500000000000005 34.150000000000013 287.99003110000007 32.550000000000004 1.0400000000000003 0.14000000000000004 7.5500000000000016 0.87190957418195159 7.0500000000000007 6.5000000000000009 0.0043609413958333341 7.3350000000000009 78.555000000000021 35.45000000000001 -0.00046428571428571412 277.2892361000001
decision_type=2 2 2 2 2 2 2 2 2 2 2 2 2 2 2 2 2 8 2 2 2 2 2 2 2 2 2 2 2 2
left_child=1 2 3 26 5 16 -7 8 21 -10 12 -12 -11 14 -14 -16 18 -9 27 25 -21 -6 -23 29 -8 -20 -1 -4 -29 -24
right_child=-2 -3 4 -5 7 6 24 17 9 10 11 -13 13 -15 15 -17 -18 -19 19 20 -22 22 23 -25 -26 -27 -28 28 -30 -31
leaf_value=0 0.00017223455435707869 -0.00011565877276855949 0 -0.00024196354150085933 -1.9076216874171546e-06 0.00085567184842525509 0.0001609134023783554 -6.606883044061221e-05 0.00057552607662671564 -0.00045184202195916727 -7.4601654352833677e-05 0.00097918585780112487 2.9852935462474561e-06 0.00030015509178281044 -0.00044174811332292553 0 0.00020995369290955883 0 -5.8974368639814849e-05 0 0.00024202195146314737 0.00028547948874402214 6.741307534787788e-05 0.00023838271411167936 -4.1158600092309084e-05 6.7284349075662746e-05 -7.9067391076163268e-05 0 -0.00021296607656792429 -6.5298203904009627e-05
leaf_weight=1568 93 128 753 71 11227 52 63 1030 63 51 74 51 294 50 53 71 55 809 177 53 103 74 58 90 104 261 285 87 74 309
leaf_count=1568 93 128 753 71 11227 52 63 1030 63 51 74 51 294 50 53 71 55 809 177 53 103 74 58 90 104 261 285 87 74 309
internal_value=1.37008e-06 2.08905e-07 1.31638e-06 -2.33543e-05 4.57924e-06 4.53442e-05 0.000233306 -1.52565e-07 4.77248e-06 6.93133e-05 1.1225e-05 0.00032002 -5.40046e-05 0 -4.7481e-05 -0.000206201 1.56786e-05 -3.62371e-05 5.14506e-06 5.35668e-05 0.000157587 4.60918e-07 5.98472e-05 1.1851e-05 5.81431e-06 4.85435e-06 -1.21551e-05 -2.08835e-05 -0.000105764 -3.06116e-05
internal_weight=18231 18138 18010 1924 16086 1782 219 14304 12465 707 644 125 519 468 418 124 1563 1839 1508 594 156 11758 531 457 167 438 1853 914 161 367
internal_count=18231 18138 18010 1924 16086 1782 219 14304 12465 707 644 125 519 468 418 124 1563 1839 1508 594 156 11758 531 457 167 438 1853 914 161 367
is_linear=0
shrinkage=0.05


Tree=101
num_leaves=31
num_cat=0
split_feature=103 83 9 4 28 82 110 89 103 123 131 34 51 116 118 13 96 110 21 92 92 128 92 91 138 73 42 133 155 112
split_gain=0.000880527 0.00374695 0.00202431 0.00618536 0.00119528 0.000864959 0.00217182 0.00148236 0.000892726 0.0024107 0.000744087 0.000907741 0.000847125 0.000712945 0.000785227 0.000785453 0.000809103 0.0006945 0.000600808 0.00108762 0.00113669 0.00109246 0.0010344 0.00733957 0.00268279 0.00220324 0.00199404 0.00181088 0.000979536 0.00140332
threshold=1032.0000000000002 33.350000000000001 1.7949305555555557 0.00045815750000000006 37.70000000000001 19.902000000000005 10.450000000000001 33.650000000000013 535.65000000000009 0.37940952255126054 91.467890746291033 -0.20222144008611029 160.50000000000003 286.85553490000001 32.550000000000004 0.0018648959236111115 43.187500000000007 18.150000000000002 0.54861111111111127 10.050000000000002 8.9500000000000046 11.046983070152271 11.450000000000005 15.15 3.0350000000000006 27.850000000000005 0.35500000000000004 10.345000000000001 0.4200000000000001 290.90680500000002
decision_type=2 2 2 2 2 2 2 2 2 2 2 2 2 2 8 2 2 2 2 2 2 2 2 2 2 2 2 2 2 2
left_child=1 2 5 -4 -5 8 -7 -8 9 -1 11 12 -10 18 15 -15 -17 -9 22 20 -20 -21 -2 -24 -25 26 27 -26 29 -27
right_child=13 -3 3 4 -6 6 7 17 10 -11 -12 -13 -14 14 -16 16 -18 -19 19 21 -22 -23 23 24 25 28 -28 -29 -30 -31
leaf_value=0.00037527571296357989 -7.9620118739074587e-08 0.00041354581374522954 0.00062811498180963103 -0.00011205094595142227 0.000149626866777579 0.00030087116338900282 0.00026984286457352232 5.5506755150967359e-05 0 0 0 -2.9077911718570892e-05 -0.00029129904540219201 -4.0151514722949066e-05 0 0 -0.00034575184379814587 -3.4013597767869716e-05 -3.0052356144230183e-06 -7.2693051541259084e-05 0.00019746774396948142 4.1296864934365794e-05 0.00046475089931437671 -0.00023418509711246803 0 0 0 0.0003838207018554641 -1.2298303580804792e-05 0.00021267318738913915
leaf_weight=51 6091 61 53 89 82 76 53 350 62 123 919 668 82 683 1035 59 56 565 3785 1124 71 198 97 96 57 195 74 113 1135 128
leaf_count=51 6091 61 53 89 82 76 53 350 62 123 919 668 82 683 1035 59 56 565 3785 1124 71 198 97 96 57 195 74 113 1135 128
internal_value=1.29702e-06 2.51527e-05 1.59828e-05 0.000161123 0 3.21242e-06 4.11194e-05 1.52763e-05 -1.49492e-05 8.60735e-05 -2.80346e-05 -6.2948e-05 -0.0001843 -3.51526e-06 -3.27516e-05 -7.01361e-05 -0.000203234 0 1.78101e-07 -1.269e-05 0 -5.18228e-05 9.14817e-06 4.14301e-05 1.55675e-05 3.27198e-05 0.000172402 0.000267838 5.81453e-06 8.47354e-05
internal_weight=18231 3234 3173 224 171 2949 1044 968 1905 174 1731 812 144 14997 1833 798 115 915 13164 5178 3856 1322 7986 1895 1798 1702 244 170 1458 323
internal_count=18231 3234 3173 224 171 2949 1044 968 1905 174 1731 812 144 14997 1833 798 115 915 13164 5178 3856 1322 7986 1895 1798 1702 244 170 1458 323
is_linear=0
shrinkage=0.05


Tree=102
num_leaves=31
num_cat=0
split_feature=81 96 85 128 115 133 83 101 85 92 14 77 120 67 2 77 35 140 142 81 104 126 28 50 138 118 80 19 88 22
split_gain=0.000921351 0.000623731 0.000518776 0.00215941 0.00197608 0.00113321 0.00958745 0.00120537 0.000631123 0.0088634 0.000421037 0.000767773 0.000616849 0.000772578 0.00040848 0.000725691 0.0037995 0.000716219 0.00103619 0.00107805 0.0013693 0.00217133 0.00308343 0.000760222 0.000508693 0.00113634 0.00259978 0.0005771 0.00047483 0.000467516
threshold=55.050000000000004 50.937500000000007 283.05446680000006 8.9707616732565878 9.8500000000000032 88.200000000000003 13.850000000000003 -1.7990365000000279 280.68343040000008 10.150000000000004 0.045132312000000001 272.29834350000004 271.70439640000001 7.6500000000000012 6.710000000000001e-06 268.28253120000005 268.8779305000001 50.88000000000001 336.7235080293604 40.550000000000004 0.65000000000000024 22.500000000000004 38.20000000000001 1012.4500000000002 7.705000000000001 23.750000000000004 26.612500000000004 0.0074985714285714334 25.937500000000004 1.0000000180025095e-35
decision_type=2 2 2 2 2 2 2 2 2 2 2 2 10 2 2 2 2 2 2 2 2 2 2 2 2 8 2 2 2 2
left_child=1 2 5 -4 -5 8 7 -7 10 -10 14 -12 13 -13 -1 29 -17 18 -18 20 21 22 -20 -21 27 26 -26 -19 -29 -16
right_child=-2 -3 3 4 -6 6 -8 -9 9 -11 11 12 -14 -15 15 16 17 24 19 23 -22 -23 -24 -25 25 -27 -28 28 -30 -31
leaf_value=-5.0877702419686912e-06 0.00015742009657805422 -0.00010907279016133235 -0.00032668447630825428 0.00027915110324458654 -9.0097871336581177e-05 -0.00030549509388876295 0.00060810237703502518 0 0.00059245297900457504 -4.8894666836561362e-05 3.7933284726792341e-06 7.0607381453555724e-05 -0.00022353530865436909 -9.1190981679282419e-05 -7.4214039899704923e-05 0.00037296261317912364 5.9145703707341022e-06 -4.6091156337702383e-06 0 5.1070722489588458e-05 -8.883415379377827e-06 0 0.00051781846284127547 0.00029877817016950791 0.00039776815140113843 -1.6847255641968748e-05 0 0 -0.0001432562861072722 -4.9950971145298614e-07
leaf_weight=9624 93 128 61 50 118 50 67 57 65 243 343 77 82 225 270 76 1743 1250 68 142 452 149 64 96 61 332 187 78 163 1817
leaf_count=9624 93 128 61 50 118 50 67 57 65 243 343 77 82 225 270 76 1743 1250 68 142 452 149 64 96 61 332 187 78 163 1817
internal_value=1.20077e-06 1.15493e-07 1.17513e-06 -7.27799e-05 0 2.41282e-06 0.000129245 -0.000127158 8.68171e-07 7.17527e-05 -1.08951e-07 -3.75691e-05 -8.74161e-05 -3.33392e-05 1.23487e-06 1.07116e-05 2.16897e-05 1.4989e-05 3.21787e-05 7.41257e-05 3.5103e-05 0.000123368 0.000270342 0.000172739 -5.12933e-06 3.1152e-05 0.000115299 -2.26054e-05 -9.48812e-05 -1.24617e-05
internal_weight=18231 18138 18010 229 168 17781 174 107 17607 308 17299 727 384 302 16572 6948 4861 4785 2714 971 733 281 132 238 2071 580 248 1491 241 2087
internal_count=18231 18138 18010 229 168 17781 174 107 17607 308 17299 727 384 302 16572 6948 4861 4785 2714 971 733 281 132 238 2071 580 248 1491 241 2087
is_linear=0
shrinkage=0.05


Tree=103
num_leaves=31
num_cat=0
split_feature=81 96 74 0 61 6 104 116 140 155 105 101 49 92 15 136 114 118 85 19 28 28 104 13 19 92 19 114 53 17
split_gain=0.000832671 0.000563162 0.000485039 0.00122819 0.00115242 0.00301309 0.00569093 0.000956474 0.00111084 0.00636019 0.00357146 0.00577278 0.00345871 0.00803906 0.00451283 0.000792946 0.0018676 0.000737529 0.000642259 0.000969289 0.00218327 0.000780062 0.000649234 0.000693425 0.000600122 0.00146565 0.00176822 0.000564225 0.00239038 0.00164376
threshold=55.050000000000004 50.937500000000007 9.3071428571428605 0.17410000000000003 219.90000000000003 0.014181250000000001 0.8500000000000002 286.68719745000004 75.820000000000007 0.82600000000000018 9.5000000000000018 1.0729469500000166 967.45000000000016 1.1500000000000004 0.001522916666666667 1.6100000000000001 27.250000000000004 32.550000000000004 274.16412320000006 -0.00045999999999999985 20.850000000000005 7.0500000000000007 0.8500000000000002 0.0013927936111111114 -0.0020557142857142861 8.6500000000000039 -0.00087142857142856716 35.45000000000001 204.50000000000003 0.006000000000000001
decision_type=2 2 2 2 2 2 2 2 2 2 2 2 2 2 2 2 2 8 2 2 2 2 2 2 2 2 2 2 2 2
left_child=1 2 3 -1 5 15 -7 8 18 10 11 -10 14 -14 -12 27 -17 -9 22 20 -20 -21 23 -6 -22 -26 -27 28 -4 -29
right_child=-2 -3 4 -5 7 6 -8 17 9 -11 12 -13 13 -15 -16 16 -18 -19 19 21 24 -23 -24 -25 25 26 -28 29 -30 -31
leaf_value=-1.1479127694290336e-05 0.00014963282491272428 -0.00010366142688233499 0 -0.00022902343994145571 -1.2681441341607565e-05 0.00055115105579170637 -1.0834843638777006e-05 -6.2209069681645369e-05 0 0.00059567868865516814 -2.2580160371357677e-05 0.00064513247709361502 0 -0.00072808103028925786 0.00044059496708347883 0 0.00033401685378899298 0 0.00038601369444872297 0.00014042222989981966 0 -2.1825109787448042e-05 4.0686357150220813e-07 -0.00011622357188515955 0 0.00033224711499163582 0 -0.00031312222064669047 0.0003214688021659915 0
leaf_weight=1853 93 128 1119 71 941 79 66 1030 56 52 281 54 113 53 60 124 64 809 55 80 339 740 9094 246 145 95 61 50 62 218
leaf_count=1853 93 128 1119 71 941 79 66 1030 56 52 281 54 113 53 60 124 64 809 55 80 339 740 9094 246 145 95 61 50 62 218
internal_value=1.12556e-06 8.02499e-08 1.10088e-06 -2.22192e-05 4.20215e-06 4.21297e-05 0.000262782 -1.75977e-07 4.43787e-06 6.71398e-05 1.36128e-05 0.000276054 -3.39158e-05 -0.000225976 4.5347e-05 1.93841e-05 0.000116902 -3.41521e-05 4.52558e-07 3.1195e-05 7.48416e-05 0 -3.59392e-06 -3.84286e-05 3.97394e-05 9.12131e-05 0.000198348 3.21154e-06 2.1267e-05 -5.75496e-05
internal_weight=18231 18138 18010 1924 16086 1782 145 14304 12465 669 617 110 507 166 341 1637 188 1839 11796 1515 695 820 10281 1187 640 301 156 1449 1181 268
internal_count=18231 18138 18010 1924 16086 1782 145 14304 12465 669 617 110 507 166 341 1637 188 1839 11796 1515 695 820 10281 1187 640 301 156 1449 1181 268
is_linear=0
shrinkage=0.05


Tree=104
num_leaves=31
num_cat=0
split_feature=81 96 97 133 42 42 138 112 117 123 133 133 14 44 120 43 124 132 42 136 117 99 22 43 133 120 88 29 137 16
split_gain=0.000752539 0.000508464 0.000411396 0.00566441 0.000955319 0.00192196 0.00363421 0.00961815 0.00166476 0.00121329 0.00171663 0.00162986 0.00067344 0.00153476 0.00326616 0.00061396 0.000612638 0.000963873 0.000449328 0.00042628 0.000483753 0.000378267 0.000993161 0.0102901 0.000451219 0.00081683 0.000366243 0.00165925 0.00152251 0.000672258
threshold=55.050000000000004 50.937500000000007 5.4000000000000004 80.210000000000022 0.67500000000000016 0.56500000000000006 3.7250000000000005 282.75458710000004 1.8500000000000003 0.25881904510252091 87.575000000000003 79.980000000000004 0.061309237500000009 1152.5000000000002 278.53160040000006 0.37550000000000006 -0.60355339059327384 4.5000000000000009 0.84500000000000008 0.89500000000000013 0.95000000000000007 1.6499999999999775 1.0000000180025095e-35 0.32850000000000007 85.89500000000001 276.28416665000003 43.287500000000009 46.650000000000013 1.8100000000000003 0.91500000000000015
decision_type=2 2 2 2 2 2 2 2 2 2 2 2 2 2 8 2 2 2 2 2 2 2 2 2 2 8 2 2 2 2
left_child=1 2 4 -4 5 12 7 -7 9 10 15 -11 21 14 -14 19 -8 -18 -17 20 -6 26 23 -23 -24 -26 -1 28 29 -28
right_child=-2 -3 3 -5 8 6 16 -9 -10 11 -12 -13 13 -15 -16 18 17 -19 -20 -21 -22 22 24 -25 25 -27 27 -29 -30 -31
leaf_value=-8.8615191031297834e-06 0.00014223077630571852 -9.8518535339048137e-05 0 0.00041794647699385559 2.1492116023176188e-06 0 -3.0053911625079151e-05 0.00085043206091890743 -0.00025727853609048429 -1.971448599426511e-05 0.00027717391852678916 -0.00031430933472529439 -0.0004534181217246497 3.4904036127619813e-05 0 0 1.3715029083484951e-05 0.00021683514978188247 -0.00014757701425477377 -4.0863445412752727e-05 0.00015743307663612185 0.00062533344250975155 1.5977554877030595e-06 -5.5331043699182079e-05 0.00022174001588949195 0 -1.4403456182782818e-05 -6.2457789914878586e-05 0.00027572834850337935 0.00012822792492982074
leaf_weight=7834 93 128 1266 86 987 62 204 51 82 226 51 79 65 94 86 73 385 88 135 483 58 71 4588 201 66 68 182 235 97 107
leaf_count=7834 93 128 1266 86 987 62 204 51 82 226 51 79 65 94 86 73 385 88 135 483 58 71 4588 201 66 68 182 235 97 107
internal_value=1.05456e-06 4.72535e-08 1.03082e-06 2.76724e-05 -8.32864e-07 3.49707e-06 7.93332e-05 0.000344924 -3.19677e-05 -2.06286e-05 -1.98867e-06 -0.000113137 -5.18251e-07 -8.2694e-05 -0.000188544 -1.32233e-05 2.71848e-05 6.24311e-05 -9.37936e-05 0 1.56902e-05 6.13033e-07 1.18481e-05 0.000105667 5.36397e-06 9.63106e-05 -5.43234e-06 2.97333e-05 9.87963e-05 2.14234e-05
internal_weight=18231 18138 18010 1352 16658 14484 790 113 2174 2092 1787 305 13694 245 151 1736 677 473 208 1528 1045 13449 4994 272 4722 134 8455 621 386 289
internal_count=18231 18138 18010 1352 16658 14484 790 113 2174 2092 1787 305 13694 245 151 1736 677 473 208 1528 1045 13449 4994 272 4722 134 8455 621 386 289
is_linear=0
shrinkage=0.05


Tree=105
num_leaves=31
num_cat=0
split_feature=88 75 141 89 22 128 124 121 128 42 133 140 133 116 118 89 139 4 85 92 92 133 44 90 28 50 84 141 84 133
split_gain=0.000609768 0.00681283 0.00265272 0.00232965 0.00119349 0.000918805 0.00612368 0.000934812 0.00192647 0.000866559 0.00451276 0.000971227 0.00293268 0.00228226 0.00101512 0.000686684 0.000818069 0.00146459 0.000758714 0.00425235 0.000506311 0.000347772 0.000359857 0.000342293 0.000914798 0.00165783 0.000707475 0.00144665 0.00052187 0.000672849
threshold=37.787500000000016 7.3500000000000005 39.02000000000001 55.050000000000004 56.500000000000007 8.3170333571082846 0.1294095225512602 0.15000000000000005 9.3587172494913577 1.1050000000000002 82.02000000000001 77.430000000000021 88.200000000000003 268.82399750000008 12.850000000000003 46.550000000000004 28.227333492811695 0.00011533350000000001 281.19715975000003 12.250000000000004 21.450000000000006 7.2100000000000009 1347.5000000000002 22.852040816326539 6.4500000000000011 1021.7500000000001 17.450000000000006 29.910000000000004 15.450000000000005 72.290000000000006
decision_type=2 2 2 2 2 2 2 10 2 2 2 2 2 2 8 2 2 2 2 2 2 2 2 2 2 2 2 2 2 2
left_child=9 -2 3 4 5 6 -3 -7 -9 11 20 12 15 -13 -15 18 -17 -18 23 -20 -11 -6 -23 26 25 -25 28 -28 -1 -30
right_child=1 2 -4 -5 21 7 -8 8 -10 10 -12 13 -14 14 -16 16 17 -19 19 -21 -22 22 -24 24 -26 -27 27 -29 29 -31
leaf_value=-3.4006810325431456e-06 0.00056759241184668751 -0.00012397358903524881 0.00028642144720747421 -0.00026127479216772441 0 0 0.00057347423981277731 0.00031355084716070254 7.3902303759082723e-06 -4.2754849122122866e-05 -0.00051240117840349673 -0.00030294009046925884 0.00028014326751559491 0.00019177325854238567 -6.4570318277492334e-05 0 -1.7156553683719268e-05 -0.00031608276806395768 0.00049566584972233292 0 8.4165770822437487e-05 -0.00013841964224466211 0 0.00034678083212603619 7.0815703977905276e-06 0 -0.00025301316024346852 0 0 0.00023851571161489406
leaf_weight=10442 55 57 83 81 74 2505 52 76 274 356 51 88 92 51 149 470 191 73 50 202 88 199 54 57 1942 50 86 220 52 50
leaf_count=10442 55 57 83 81 74 2505 52 76 274 356 51 88 92 51 149 470 191 73 50 202 88 199 54 57 1942 50 86 220 52 50
internal_value=1.50382e-08 1.90078e-05 8.66644e-06 2.64394e-07 8.29779e-06 1.96724e-05 0.000165488 1.22987e-05 8.88197e-05 -4.16378e-06 -6.93903e-05 -1.54521e-06 0 -9.23011e-05 0 -1.54273e-06 -4.86985e-05 -0.000119563 7.12517e-07 8.66378e-05 -6.23085e-06 -7.93058e-05 -0.000107446 -5.85142e-07 1.76795e-05 0.000161885 -4.49649e-06 -7.97539e-05 -1.83091e-06 0.0001088
internal_weight=18270 3510 3455 3372 3291 2964 109 2855 350 14760 495 14265 13977 288 200 13885 734 264 13151 252 444 327 253 12899 2049 107 10850 306 10544 102
internal_count=18270 3510 3455 3372 3291 2964 109 2855 350 14760 495 14265 13977 288 200 13885 734 264 13151 252 444 327 253 12899 2049 107 10850 306 10544 102
is_linear=0
shrinkage=0.05


Tree=106
num_leaves=31
num_cat=0
split_feature=84 84 72 139 133 84 85 104 85 33 85 96 83 84 100 129 90 27 0 81 107 112 82 41 139 81 14 84 12 32
split_gain=0.000592827 0.00353877 0.0093122 0.0028479 0.00103762 0.00634281 0.00143616 0.000598339 0.00341031 0.00988908 0.00102135 0.000717618 0.0010216 0.00349811 0.000558214 0.000520468 0.000570606 0.000503902 0.000949899 0.00045761 0.00058423 0.000489439 0.0020524 0.000455707 0.00193618 0.000736749 0.000565169 0.00130866 0.00447779 0.00810482
threshold=22.750000000000004 21.150000000000006 29.675000000000008 83.348236497102718 88.200000000000003 1.5500000000000005 285.46338040000006 0.35000000000000009 280.06997175000004 0.90178149955115783 279.65964215000002 51.050000000000011 33.550000000000004 7.450000000000002 -1.2499999999999998 3.5000000000000004 24.029591836734699 1236.5500000000002 0.0010500000000000004 38.350000000000001 7.3500000000000005 290.20898235000004 25.804000000000006 40.500000000000007 84.423525025859234 39.150000000000013 0.015212125500000001 1.2500000000000004 0.018957412500000003 15.250000000000002
decision_type=2 2 2 2 2 2 2 2 2 2 2 2 2 2 2 2 2 2 2 2 2 2 2 2 2 2 2 2 2 2
left_child=1 4 -3 15 6 -6 7 19 10 -10 11 12 17 -14 -13 -2 -17 18 -9 21 -21 -1 -23 24 25 -19 -25 -28 29 -29
right_child=3 2 -4 -5 5 -7 -8 8 9 -11 -12 14 13 -15 -16 16 -18 23 -20 20 -22 22 -24 26 -26 -27 27 28 -30 -31
leaf_value=-1.5024142043179004e-05 -6.0263155749825359e-05 -1.3151429817405775e-05 0.0007863921911204952 -0.00037764527978530779 4.1319451003219005e-05 -0.00057563987235665661 0.00026580614773325477 8.6805118058466947e-06 -4.5872162106958113e-06 0.00075321500217226357 -0.00020220182520982937 -0.00024331725041310377 0 0.00036933741726984624 0 0 0.0001985092046407034 -1.4752836154035253e-05 0.00024220641145003327 -0.00012499670683578385 -1.8552758401987564e-05 0.00033993322545939014 -2.7950199620059537e-07 -1.1370683713206227e-05 0.0002943891460870249 7.5096694171212185e-05 -6.8615082465118103e-06 0.0008214195065481952 2.1074336898734166e-05 0
leaf_weight=1659 175 84 51 59 124 54 50 351 114 58 60 51 181 83 58 94 52 681 61 229 677 51 130 7888 66 312 3223 50 1484 60
leaf_count=1659 175 84 51 59 124 54 50 351 114 58 60 51 181 83 58 94 52 681 61 229 677 51 130 7888 66 312 3223 50 1484 60
internal_value=0 1.58369e-06 0.000255695 -6.1418e-05 -8.11449e-08 -0.000120085 8.56437e-07 0 4.06755e-06 0.000224926 1.10981e-06 2.30575e-06 3.6116e-06 0.000101185 -0.000123695 0 6.71073e-05 1.43479e-06 5.58652e-05 -2.13426e-05 -5.10783e-05 -3.96532e-06 6.94501e-05 0 3.12905e-05 8.4948e-06 -2.82537e-06 1.01295e-05 4.76023e-05 0.000357029
internal_weight=18270 17890 135 380 17755 178 17577 17527 14781 172 14609 14549 14440 264 109 321 146 14176 412 2746 906 1840 181 13764 1059 993 12705 4817 1594 110
internal_count=18270 17890 135 380 17755 178 17577 17527 14781 172 14609 14549 14440 264 109 321 146 14176 412 2746 906 1840 181 13764 1059 993 12705 4817 1594 110
is_linear=0
shrinkage=0.05


Tree=107
num_leaves=31
num_cat=0
split_feature=84 84 72 133 133 84 85 129 104 85 61 85 103 28 13 100 142 128 1 81 88 129 18 74 92 103 21 19 13 98
split_gain=0.000536544 0.00315338 0.00846871 0.00174108 0.000915865 0.00575731 0.00129914 0.000701228 0.000547949 0.00304158 0.00811877 0.000923733 0.000658902 0.00158506 0.0050326 0.00199958 0.000763464 0.000707116 0.000637794 0.000562778 0.00063159 0.0033362 0.000863892 0.000995617 0.000596476 0.000920482 0.000564645 0.000736917 0.000653904 0.000605416
threshold=22.750000000000004 21.150000000000006 29.675000000000008 78.555000000000021 88.200000000000003 1.5500000000000005 285.46338040000006 3.5000000000000004 0.35000000000000009 280.06997175000004 333.80000000000007 279.65964215000002 1039.95 31.350000000000005 0.00017111388194444445 -4.099999999999965 480.46053238892199 9.3590620473672761 0.037572894500000009 51.650000000000013 43.287500000000009 7.5000000000000009 0.069356250000000022 11.864285714285716 11.350000000000003 1543.7500000000002 0.52083333333333337 -0.0015614285714285712 0.00034566013888888896 4.7000000000000028
decision_type=2 2 2 2 2 2 2 2 2 2 2 2 2 2 2 2 2 2 2 2 2 2 2 2 2 2 2 2 2 2
left_child=1 4 -3 7 6 -6 8 -2 -1 11 -11 12 13 15 -15 -10 18 -17 -16 20 22 26 -14 -24 25 -21 27 -22 -29 -30
right_child=3 2 -4 -5 5 -7 -8 -9 9 10 -12 -13 19 14 16 17 -18 -19 -20 24 21 -23 23 -25 -26 -27 -28 28 29 -31
leaf_value=-2.0454209397818381e-05 -7.9143691293334219e-05 -1.2501597231140987e-05 0.00074782874357389611 -0.00033298220583602932 3.9270007199374962e-05 -0.00054738120094407355 0.00025277643320413182 6.3596290661227785e-05 0.00025325169332161851 0.00064739174930615107 -1.5152044103058731e-05 -0.00019225747391560542 0 0.00057611312899367756 0 -8.8905630284760314e-05 -3.2733046316528961e-05 2.6425465793628115e-06 0.00017443423717895337 -0.00019221499123512926 0 0.0004188030305165772 -0.00029746844058676152 -2.0580848759380049e-05 3.1520113114109094e-06 0 -2.8418599640435896e-05 0 0.00028669734353898094 0
leaf_weight=2746 184 84 51 50 124 54 50 146 73 66 106 60 11768 53 69 254 138 726 120 140 171 55 51 240 71 90 347 52 74 57
leaf_count=2746 184 84 51 50 124 54 50 146 73 66 106 60 11768 53 69 254 138 726 120 140 171 55 51 240 71 90 347 52 74 57
internal_value=0 1.47756e-06 0.000241356 -5.84646e-05 -7.82465e-08 -0.000112834 7.8552e-07 -8.84979e-07 0 3.86308e-06 0.000212451 1.05065e-06 2.20465e-06 3.44945e-05 0.00012198 0 3.15982e-05 -1.60548e-05 0.000104811 -9.4438e-07 2.57874e-07 4.48861e-05 -2.12884e-06 -8.70834e-05 -6.85177e-05 -0.000112205 7.87148e-06 5.75083e-05 0.000128036 0.000187712
internal_weight=18270 17890 135 380 17755 178 17577 330 17527 14781 172 14609 14549 1433 380 1053 327 980 189 13116 12815 756 12059 291 301 230 701 354 183 131
internal_count=18270 17890 135 380 17755 178 17577 330 17527 14781 172 14609 14549 1433 380 1053 327 980 189 13116 12815 756 12059 291 301 230 701 354 183 131
is_linear=0
shrinkage=0.05


Tree=108
num_leaves=31
num_cat=0
split_feature=88 75 18 26 82 100 96 77 137 77 12 14 51 135 116 16 139 84 115 6 101 1 23 115 80 15 114 41 23 35
split_gain=0.000512794 0.00595455 0.00242451 0.00258018 0.0100148 0.00284685 0.00222413 0.00104038 0.00176969 0.00176416 0.00100181 0.00216514 0.00403005 0.000893415 0.00130104 0.00213543 0.00121713 0.00472588 0.000710516 0.00104862 0.00134439 0.00127068 0.000679013 0.00204809 0.000664392 0.000713999 0.000660991 0.000624698 0.0006125 0.000611979
threshold=37.787500000000016 7.3500000000000005 0.0024479166666666673 2.5000000000000004 29.428000000000004 -3.0999999999999654 49.750000000000007 291.40530255000004 0.055000000000000007 290.6596164500001 0.024569862500000001 0.021183272000000003 13.500000000000002 3.4750000000000005 268.82399750000008 2.2800000000000007 87.909013442563847 10.950000000000005 25.750000000000004 0.021504166666666668 -0.70955275000000018 0.28472060800000004 17.461111111111119 14.450000000000001 19.887500000000006 0.00041562500000000009 36.250000000000007 37.500000000000007 19.625000000000004 286.02616050000006
decision_type=2 2 2 2 2 2 2 2 2 2 2 2 2 2 2 2 2 2 2 2 2 2 2 2 2 2 2 2 2 2
left_child=7 -2 6 4 -4 -6 27 9 -9 13 11 24 -13 14 15 -1 22 -18 19 -12 -21 -22 23 -15 25 -5 29 -3 -29 -24
right_child=1 2 3 10 5 -7 -8 8 -10 -11 18 12 -14 16 -16 -17 17 -19 -20 20 21 -23 26 -25 -26 -27 -28 28 -30 -31
leaf_value=0 0.00053026090232638782 9.3268366997343094e-05 0.00079747294604872755 0 -0.00022104653107235213 0.00022532693292424044 -0.00037643722278257237 -0.00035841415640529056 0 0.0002570213650536831 -1.2616539482785865e-05 0.00055951379894395362 0 8.073442932995788e-06 -1.4770119002544382e-05 -0.00039643173556069616 0 0.00047616083050581017 -0.00010684231428652425 0 0 0.00039380049353675192 -2.4498347685507444e-07 0.00029851213910862703 0 0.00025727739567982857 -8.5621561231558622e-05 3.6600666959441359e-05 -7.0681783227123779e-05 -4.1491112130509243e-05
leaf_weight=96 55 61 52 58 74 67 55 55 158 64 1079 57 51 698 691 68 367 64 159 82 51 57 11162 71 715 58 262 98 681 1004
leaf_count=96 55 61 52 58 74 67 55 55 158 64 1079 57 51 698 691 68 367 64 159 82 51 57 11162 71 715 58 262 98 681 1004
internal_value=0 1.7373e-05 7.61058e-06 3.36515e-05 0.000211391 0 -6.12493e-05 -3.8806e-06 -0.000113763 -1.92028e-06 1.69644e-05 5.76913e-05 0.000272301 -3.42741e-06 -5.2991e-05 -0.000182663 0 8.22528e-05 -6.33876e-06 2.39109e-06 0.000113416 0.00023103 -3.01679e-06 4.17353e-05 2.34964e-05 0.000134619 -6.19131e-06 -3.42436e-05 -5.07455e-05 -4.0629e-06
internal_weight=18270 3510 3455 2560 193 141 895 14760 213 14547 2367 939 108 14483 855 164 13628 431 1428 1269 190 108 13197 769 831 116 12428 840 779 12166
internal_count=18270 3510 3455 2560 193 141 895 14760 213 14547 2367 939 108 14483 855 164 13628 431 1428 1269 190 108 13197 769 831 116 12428 840 779 12166
is_linear=0
shrinkage=0.05


Tree=109
num_leaves=31
num_cat=0
split_feature=88 75 141 18 81 131 120 111 100 100 30 42 85 88 133 75 113 133 133 15 89 92 8 17 73 85 16 43 141 89
split_gain=0.000472197 0.00537839 0.00221283 0.00181738 0.00193812 0.00181546 0.0100849 0.0110539 0.00149255 0.00118314 0.000877301 0.000796556 0.00158665 0.00128653 0.00131924 0.000887787 0.000790266 0.00822317 0.00168414 0.000668086 0.000664262 0.000621598 0.000806762 0.000858879 0.000541091 0.000526737 0.000951156 0.000499403 0.000483784 0.000466462
threshold=37.787500000000016 7.3500000000000005 39.02000000000001 0.0024479166666666673 52.95000000000001 47.941443957701061 267.57627910000008 14.65 -3.0999999999999654 -0.74999999999999989 -0.4871428571428571 0.67500000000000016 282.21134325000008 37.462500000000013 87.760000000000005 15.550000000000002 1.2500000000000002 80.210000000000022 88.64500000000001 0.001522916666666667 33.750000000000007 14.050000000000002 0.011737160120557703 0.03425000000000001 33.550000000000004 276.17685510000007 0.91500000000000015 0.34250000000000008 35.760000000000012 46.550000000000004
decision_type=2 2 2 2 2 2 10 2 2 2 2 2 2 2 2 2 2 2 2 2 2 2 2 2 2 2 2 2 2 2
left_child=11 -2 3 4 28 6 7 -5 -8 -10 21 12 16 14 15 19 18 -18 29 -13 -17 22 23 -7 27 -24 -27 -12 -3 -1
right_child=1 2 -4 5 -6 10 8 -9 9 -11 24 13 -14 -15 -16 20 17 -19 -20 -21 -22 -23 25 -25 -26 26 -28 -29 -30 -31
leaf_value=0 0.00050422129682764147 -5.5532671952628349e-05 0.00026090104458749663 0.00105814071844389 -0.00034111933517945751 0 -0.00019449996067087705 0 0.0002364095667144284 -5.0552880151835596e-05 0 -3.344028971884093e-05 0.00023097993216062018 -0.00027715769993430853 0.00018535272372583489 0.00012072896380523161 -1.5849600787059337e-05 0.0006428606780348303 -0.0002754208215794694 -0.00016690856176164085 -1.9078541665130531e-05 -6.215693189983595e-05 0 0.00014185605273422353 6.1434682792331911e-06 0 -0.00017783110118745204 0.00028106749298361446 2.7631910231745375e-05 -4.1576014718071003e-05
leaf_weight=12149 55 648 83 51 61 396 100 51 55 50 62 469 73 58 62 99 290 53 56 192 557 412 620 189 217 124 128 59 149 702
leaf_count=12149 55 648 83 51 61 396 100 51 55 50 62 469 73 58 62 99 290 53 56 192 557 412 620 189 217 124 128 59 149 702
internal_value=0 1.66828e-05 7.33127e-06 0 -6.17524e-05 2.24519e-05 0.000136837 0.000544946 -4.36105e-05 5.34032e-05 4.22137e-06 -3.71141e-06 0 -3.9067e-05 -2.52362e-05 -3.90768e-05 -1.18469e-06 7.29716e-05 -3.54823e-06 -7.99551e-05 0 -6.76852e-06 5.49635e-06 5.34828e-05 7.95809e-05 -2.09934e-05 -8.20102e-05 0.000169169 -3.37042e-05 -1.95313e-06
internal_weight=18270 3510 3455 3372 858 2514 307 102 205 105 2207 14760 13323 1437 1379 1317 13250 343 12907 661 656 1869 1457 585 338 872 252 121 797 12851
internal_count=18270 3510 3455 3372 858 2514 307 102 205 105 2207 14760 13323 1437 1379 1317 13250 343 12907 661 656 1869 1457 585 338 872 252 121 797 12851
is_linear=0
shrinkage=0.05


Tree=110
num_leaves=31
num_cat=0
split_feature=98 88 107 128 49 106 81 103 29 103 49 139 31 80 23 13 2 110 98 2 103 102 139 82 140 89 74 41 82 49
split_gain=0.000582133 0.00108488 0.00499799 0.00321874 0.000883211 0.00109501 0.000876296 0.000841235 0.00239419 0.000771735 0.00071014 0.00173258 0.00429891 0.000538488 0.000803993 0.000455408 0.000694022 0.000429721 0.000407691 0.00236527 0.000896303 0.000549417 0.00242815 0.00613492 0.000317218 0.00101371 0.000907116 0.00104843 0.00077927 0.000759124
threshold=2.7000000000000011 41.57500000000001 5.5500000000000007 8.9429183363977867 986.85000000000002 17.450000000000003 48.350000000000001 535.65000000000009 19.450000000000003 673.75000000000011 972.25000000000011 85.299518965764761 25.950000000000003 14.137500000000005 19.554861111111116 0.0017372758125000004 2.3000000000000003e-05 17.850000000000005 1.1499999999999988 0.0059917800000000012 787.75000000000011 -1.8 89.033414029013926 21.934000000000008 69.570000000000007 35.850000000000001 30.950000000000006 52.500000000000007 23.614000000000004 942.35000000000002
decision_type=2 2 2 2 2 2 2 2 2 2 2 2 2 2 2 2 2 2 2 2 2 2 2 2 2 2 2 2 2 2
left_child=1 7 -3 -4 5 -5 -6 8 -1 13 15 -12 17 14 -9 -2 -17 -13 21 20 -20 22 -11 -24 -23 28 27 -27 -26 -29
right_child=10 2 3 4 6 -7 -8 9 -10 18 11 12 -14 -15 -16 16 -18 -19 19 -21 -22 24 23 -25 25 26 -28 29 -30 -31
leaf_value=0.0004000390199929353 0 0.0004823204486831057 0.00030660156049275934 0.00019058570294694138 0 0 -0.00021150686415491324 -0.00025272365201112456 0 5.8121835677477643e-06 -1.6419630878133534e-05 -0.00010206011734417075 -0.000572070492463336 0 0 0.00018726066120590946 0 6.1482286691898471e-05 0.00019182135570218863 0.00028401712093761682 0 -3.0200061355980915e-06 0 0.00065419605249189777 -1.7923197994132483e-05 -1.7662068638111841e-06 0 -3.9768477504670349e-05 0.0001827571019178854 -0.00043474000848073052
leaf_weight=50 1557 65 89 80 92 550 93 80 84 2699 3034 80 50 129 90 86 246 60 63 85 1440 6493 86 51 553 109 50 59 52 54
leaf_count=50 1557 65 89 80 92 550 93 80 84 2699 3034 80 50 129 90 86 246 60 63 85 1440 6493 86 51 553 109 50 59 52 54
internal_value=1.22699e-06 7.0236e-06 5.81797e-05 2.16587e-05 -3.66786e-06 1.80087e-05 -0.000104067 2.55612e-06 0.000126962 7.5379e-07 -1.27541e-05 -2.74498e-05 -0.000176398 -7.7829e-05 -0.000136013 9.68321e-06 6.28582e-05 0 3.17635e-06 2.67641e-05 8.7119e-06 -6.18574e-09 1.81844e-05 0.000223887 -7.68585e-06 -3.64926e-05 -0.000116473 -0.000163637 0 -0.000274533
internal_weight=18309 13196 969 904 815 630 185 12227 134 12093 5113 3224 190 299 170 1889 332 140 11794 1588 1503 10206 2836 137 7370 877 272 222 605 113
internal_count=18309 13196 969 904 815 630 185 12227 134 12093 5113 3224 190 299 170 1889 332 140 11794 1588 1503 10206 2836 137 7370 877 272 222 605 113
is_linear=0
shrinkage=0.05


Tree=111
num_leaves=31
num_cat=0
split_feature=74 38 128 131 117 92 19 88 134 67 81 135 21 14 47 101 81 103 103 103 85 92 110 52 9 97 41 104 15 103
split_gain=0.000433213 0.00215646 0.00944787 0.000980162 0.00216142 0.00246165 0.00184536 0.000907362 0.00834097 0.00196596 0.00219113 0.000872959 0.000689892 0.000652035 0.000628834 0.000781901 0.000607138 0.000540742 0.0019729 0.00112831 0.00109148 0.00133863 0.00050282 0.0039522 0.000438345 0.000379708 0.00111062 0.000289748 0.000280541 0.000352927
threshold=25.807142857142868 0.15000000000000005 9.0256203356657121 50.163861378770584 1.5500000000000003 22.850000000000005 -0.0031385714285714285 42.625000000000007 7.7350000000000012 6.6500000000000012 53.750000000000007 28.975000000000005 0.35416666666666669 0.016425889500000002 94.500000000000014 0.21991445000000456 40.45000000000001 535.65000000000009 505.40000000000003 673.75000000000011 280.06997175000004 10.250000000000002 26.050000000000004 34.500000000000007 3.3623611111111114 -5.3500000000000005 35.500000000000007 11.050000000000004 0.0017010416666666669 1009.6500000000002
decision_type=2 2 2 2 2 2 2 2 2 2 2 2 2 2 2 2 2 2 2 2 2 2 2 2 2 2 2 2 2 2
left_child=1 7 -3 4 5 6 -2 17 -9 -10 13 -4 -8 14 -11 -16 -14 18 -1 20 -19 -22 25 -24 -5 26 -21 -26 29 -27
right_child=3 2 11 24 -6 -7 12 8 9 10 -12 -13 16 -15 15 -17 -18 19 -20 22 21 -23 23 -25 27 28 -28 -29 -30 -31
leaf_value=0 -0.00028356045917635566 0.00076019466468863492 -3.532525149243999e-05 -2.1086741004662399e-06 -0.00030160367350968542 0.00020910185537046505 0.00011647392544486527 0.00051072236270842603 0.00028698510045383141 0 -0.00030630745665389858 0.00014983926199589452 -3.09475567265381e-06 -6.7189422557511737e-05 0 0.00023608599807367254 -9.5798016981830919e-05 0 0.00034996768047903973 0.00025707459894480091 -0.00037358660054451323 -4.1697996577525987e-07 0 0.00044538259055603444 0.00011220949191922772 2.2762471693528241e-05 7.0246006090511062e-06 0 -2.3052464557952012e-05 -5.5135260197699473e-06
leaf_weight=99 83 50 202 4435 82 93 60 88 50 150 65 85 621 203 55 75 344 165 50 52 63 86 545 55 142 1318 661 50 1735 6547
leaf_count=99 83 50 202 4435 82 93 60 88 50 150 65 85 621 203 55 75 344 165 50 52 63 86 545 55 142 1318 661 50 1735 6547
internal_value=1.15475e-06 6.70588e-06 0.000131613 -9.64463e-06 -4.83387e-05 -2.66505e-05 -5.11176e-05 2.791e-06 5.86374e-05 -2.84475e-07 -3.60777e-05 2.48316e-06 -2.71641e-05 0 5.02359e-05 0.000131962 -4.13823e-05 -1.42042e-07 9.35979e-05 -1.83966e-06 -9.52363e-05 -0.000192972 3.97997e-07 4.52021e-05 1.24317e-08 -1.72801e-06 3.25984e-05 7.46716e-05 -4.80137e-06 -1.37156e-07
internal_weight=18309 12399 337 5910 1283 1201 1108 12062 686 598 548 287 1025 483 280 130 965 11376 149 11227 314 149 10913 600 4627 10313 713 192 9600 7865
internal_count=18309 12399 337 5910 1283 1201 1108 12062 686 598 548 287 1025 483 280 130 965 11376 149 11227 314 149 10913 600 4627 10313 713 192 9600 7865
is_linear=0
shrinkage=0.05


Tree=112
num_leaves=31
num_cat=0
split_feature=98 133 103 98 85 28 2 133 105 100 120 103 117 1 103 88 23 28 1 9 19 138 75 88 86 81 50 131 84 138
split_gain=0.000510462 0.00118137 0.00424951 0.00104528 0.00270944 0.00472205 0.0020014 0.000823925 0.000627913 0.000965554 0.000963909 0.000491724 0.000447505 0.00151815 0.00040482 0.00275008 0.00460845 0.00178938 0.00176683 0.00113431 0.000383858 0.000330093 0.000289943 0.000289704 0.000745868 0.000376729 0.00106192 0.00048428 0.000356323 0.00156313
threshold=2.7000000000000011 88.200000000000003 1982.0500000000004 1.1499999999999988 280.06997175000004 16.950000000000006 0.0059917800000000012 88.200000000000003 8.5000000000000018 -2.2499999999999996 270.76745550000004 752.20000000000016 0.35000000000000003 0.0010886570000000003 1046.95 38.350000000000009 22.725694444444446 37.70000000000001 0.23460493450000003 1.7390277777777778 0.0050742857142857135 7.705000000000001 15.350000000000003 45.050000000000004 18.500000000000004 45.550000000000004 1013.4500000000002 138.04567894880131 15.450000000000005 4.8450000000000006
decision_type=2 2 2 2 2 2 2 2 2 2 8 2 2 2 2 2 2 2 2 2 2 2 2 2 2 2 2 2 2 2
left_child=1 3 -3 8 6 -6 12 11 9 22 -11 -2 -5 -14 15 17 -17 19 -19 -10 23 -22 -1 25 -25 28 -27 -28 -16 -30
right_child=7 2 -4 4 5 -7 -8 -9 14 10 -12 -13 13 -15 20 16 -18 18 -20 -21 21 -23 -24 24 -26 26 27 -29 29 -31
leaf_value=-0.0001218553371865465 -7.4358511406976888e-05 0.0004516194101423894 -5.1704964835471404e-05 0 0.00063008470895091224 0 0.00025428057397037043 -0.00021253807896601018 -4.2231246489406929e-07 0.00016654593384349964 -1.999931833773913e-05 -4.0098166473143111e-06 0.00027458795067463094 -3.4637803464041366e-06 -7.8914403528764875e-07 0.00059515513000025588 0 4.3135605384779259e-06 0.0003521510207348697 -0.00020175771518192909 -6.6374470619923144e-05 0 0 -0.00013077417009907518 1.1921365232719764e-06 0 0.00031072713238958671 0 0.00019156446019341977 0
leaf_weight=311 280 66 74 1538 51 53 88 52 943 76 684 4781 65 74 7040 54 63 150 67 80 400 152 128 144 163 166 50 52 130 334
leaf_count=311 280 66 74 1538 51 53 88 52 943 76 684 4781 65 74 7040 54 63 150 67 80 400 152 128 144 163 166 50 52 130 334
internal_value=1.08027e-06 6.52527e-06 0.000151636 4.57481e-06 3.92427e-05 0.000290143 2.14716e-05 -1.19934e-05 -7.73197e-07 -3.52852e-05 0 -8.90353e-06 6.13105e-06 9.18787e-05 2.87234e-06 2.83542e-05 0.000259733 2.30184e-06 0.000135769 -2.12315e-05 -5.57606e-07 -4.12596e-05 -9.42427e-05 1.60932e-06 -4.46972e-05 4.08723e-06 6.2733e-05 0.000189875 1.31844e-06 4.39812e-05
internal_weight=18309 13196 140 13056 1869 104 1765 5113 11187 1199 760 5061 1677 139 9988 1357 117 1240 217 1023 8631 552 439 8079 307 7772 268 102 7504 464
internal_count=18309 13196 140 13056 1869 104 1765 5113 11187 1199 760 5061 1677 139 9988 1357 117 1240 217 1023 8631 552 439 8079 307 7772 268 102 7504 464
is_linear=0
shrinkage=0.05


Tree=113
num_leaves=31
num_cat=0
split_feature=98 133 103 98 131 49 88 133 105 100 120 118 13 30 11 96 31 33 138 103 88 131 28 1 6 1 75 103 142 92
split_gain=0.000465478 0.00103995 0.00386939 0.000945775 0.00234455 0.0113479 0.0243054 0.000742322 0.00057122 0.000879626 0.000870998 0.000474614 0.00061469 0.000885829 0.000666123 0.00062203 0.00109754 0.00044459 0.000424303 0.000363892 0.00246829 0.00428392 0.00164731 0.00157151 0.00102104 0.000332797 0.00106266 0.000650186 0.000479307 0.000615091
threshold=2.7000000000000011 88.200000000000003 1982.0500000000004 1.1499999999999988 49.891498158895921 986.85000000000002 24.237500000000004 88.200000000000003 8.5000000000000018 -2.2499999999999996 270.76745550000004 24.850000000000005 0.0011006858958333336 -1.2357142857142864 0.00063388094444444449 43.612500000000011 19.450000000000003 0.37530326610044112 5.080000000000001 1046.95 38.350000000000009 82.535612746741251 37.70000000000001 0.23460493450000003 0.01172291666666667 0.26909827700000005 14.750000000000002 2173.0500000000002 547.2779782797287 3.4500000000000011
decision_type=2 2 2 2 2 2 2 2 2 2 8 10 2 2 2 2 2 2 2 2 2 2 2 2 2 2 2 2 2 2
left_child=1 3 -3 8 5 -5 -7 11 9 18 -11 -2 14 17 -13 -16 -17 -14 -1 20 22 -22 24 -24 -10 -21 27 -27 29 -28
right_child=7 2 -4 4 -6 6 -8 -9 19 10 -12 12 13 -15 15 16 -18 -19 -20 25 21 -23 23 -25 -26 26 28 -29 -30 -31
leaf_value=-0.00014286653669850138 0 0.00042937548120287617 -4.915417997375092e-05 -2.4398317108561834e-05 4.5982067695134974e-06 0 0.0013686596648963482 -0.00020211167056604954 -4.0121949710659737e-07 0.00015832679223740933 -1.9000812002288191e-05 -5.0231695989484057e-05 0 0 0 0.00024684363507356015 0 -0.00016586848080583301 -1.1236008481297952e-05 1.1379476512468967e-06 0.00059172952504441673 0 4.0993109813530719e-06 0.00033480240637479312 -0.00019179437104878478 -0.0003010551866892082 0 -4.2337098552660293e-05 -2.307144508231431e-05 0.00022690011908575383
leaf_weight=224 3810 66 74 267 1471 80 51 52 943 76 684 433 74 137 223 79 73 232 215 8210 50 67 150 67 80 50 50 193 74 54
leaf_count=224 3810 66 74 267 1471 80 51 52 943 76 684 433 74 137 223 79 73 232 215 8210 50 67 150 67 80 50 50 193 74 54
internal_value=9.77434e-07 6.1892e-06 0.000142423 4.33463e-06 3.73148e-05 0.000145389 0.000526886 -1.14943e-05 -7.31272e-07 -3.36636e-05 0 -8.50852e-06 -3.52195e-05 -8.33468e-05 -2.58203e-06 3.91269e-05 0.000118009 -0.000131378 -8.99362e-05 2.72448e-06 2.68873e-05 0.000246115 1.99151e-06 0.000130209 -2.04239e-05 -4.97929e-07 -4.41749e-05 -0.000117079 2.75162e-05 0.000111007
internal_weight=18309 13196 140 13056 1869 398 131 5113 11187 1199 760 5061 1251 443 808 375 152 306 439 9988 1357 117 1240 217 1023 8631 421 243 178 104
internal_count=18309 13196 140 13056 1869 398 131 5113 11187 1199 760 5061 1251 443 808 375 152 306 439 9988 1357 117 1240 217 1023 8631 421 243 178 104
is_linear=0
shrinkage=0.05


Tree=114
num_leaves=31
num_cat=0
split_feature=131 131 84 117 4 120 35 49 76 139 115 88 67 131 29 13 32 0 33 30 134 42 85 43 81 28 77 33 94 91
split_gain=0.000426973 0.00113683 0.0158077 0.000876396 0.000664374 0.00081055 0.000585844 0.000584824 0.000444209 0.00107772 0.000380718 0.00045057 0.00682169 0.00309695 0.00186012 0.000670238 0.00121107 0.00145005 0.000680361 0.00057503 0.000498941 0.000331515 0.00130126 0.00115116 0.000346385 0.000318527 0.00207611 0.000430951 0.000538027 0.00147156
threshold=23.343657412555221 24.463098825772978 7.950000000000002 0.75000000000000011 7.6200000000000023e-05 274.08876760000004 276.78336650000006 984.6500000000002 7.7500000000000018 85.299518965764761 28.650000000000002 42.625000000000007 6.9500000000000011 39.261172214758496 29.350000000000005 0.0011402993541666669 12.850000000000003 0.010800000000000002 0.23977510294426296 -1.2885714285714291 9.2700000000000014 0.67500000000000016 282.21134325000008 0.37050000000000005 38.350000000000001 6.7500000000000009 281.00045505000008 0.80576854834295963 13.500000000000002 18.450000000000003
decision_type=2 2 2 2 2 8 2 2 2 2 2 2 2 2 2 2 2 2 2 2 2 2 2 2 2 2 2 2 2 2
left_child=3 2 7 4 6 -6 -1 -2 10 -10 11 21 -13 -14 -15 16 17 -16 -17 -20 -19 22 25 -23 -25 26 -3 28 -27 -30
right_child=1 8 -4 -5 5 -7 -8 -9 9 -11 -12 12 13 14 15 18 -18 20 19 -21 -22 23 -24 24 -26 27 -28 -29 29 -31
leaf_value=0 -0.00019505605332816923 1.2546569614366428e-07 0.0008823040475209172 -0.00021326561412217529 0.00021273425414326471 0 -9.620074470326251e-05 0 -1.0556993460017697e-05 -0.000244268832737968 -7.2058395902523161e-05 0.0005893733583935449 0.00037472919699079788 -0.00022026237308968652 0 1.4506496422064759e-05 -2.1975424039794288e-07 0.00041480953682576703 -0.00012943121546032629 0 6.0420054431966463e-05 0 0.0002159573488341715 -2.9140341708637296e-05 -0.00021047393925331757 0 0.00025738400423407532 -2.6947965289562049e-05 0.00021578653041151997 1.4031045749914013e-05
leaf_weight=435 90 824 51 65 61 99 266 52 699 59 158 52 54 95 135 261 353 51 209 70 66 1482 72 157 94 9549 91 1253 105 1301
leaf_count=435 90 824 51 65 61 99 266 52 699 59 158 52 54 95 135 261 353 51 209 70 66 1482 72 157 94 9549 91 1253 105 1301
internal_value=8.63547e-07 2.89139e-06 0.000123543 -3.17717e-05 -1.20381e-05 6.95812e-05 -3.78625e-05 -0.000118269 1.23882e-06 -3.56338e-05 3.24606e-06 4.28878e-06 3.21808e-05 5.49088e-06 -6.84884e-06 6.6717e-06 4.61726e-05 0.000130665 -2.83453e-05 -8.61982e-05 0.000259477 1.43696e-06 4.44631e-06 -1.8582e-05 -0.000117457 2.8885e-06 3.14223e-05 3.3793e-07 3.91735e-06 3.27945e-05
internal_weight=18309 17383 193 926 861 160 701 142 17190 758 16432 16274 1346 1294 1240 1145 605 252 540 279 117 14928 13195 1733 251 13123 915 12208 10955 1406
internal_count=18309 17383 193 926 861 160 701 142 17190 758 16432 16274 1346 1294 1240 1145 605 252 540 279 117 14928 13195 1733 251 13123 915 12208 10955 1406
is_linear=0
shrinkage=0.05


Tree=115
num_leaves=31
num_cat=0
split_feature=88 84 84 19 139 42 129 42 74 74 12 138 52 81 85 83 81 113 14 16 92 115 58 66 101 101 83 90 129 92
split_gain=0.0010498 0.000662842 0.00208702 0.00762823 0.00185826 0.000680335 0.00119199 0.00114348 0.0023114 0.00848044 0.00131912 0.0010206 0.00150355 0.00288501 0.000700753 0.00086495 0.000864176 0.000625883 0.00690855 0.000866515 0.00139135 0.000518091 0.000479985 0.000637327 0.000472027 0.0016108 0.002701 0.0016461 0.0031226 0.00900044
threshold=51.037500000000009 22.750000000000004 21.150000000000006 -0.00035142857142857127 84.423525025859234 0.67500000000000016 6.5000000000000009 0.55500000000000016 11.778571428571432 10.607142857142859 0.09273153100000002 3.8050000000000002 53.500000000000007 37.95000000000001 279.2012405000001 35.800000000000004 36.050000000000004 0.95000000000000007 0.018659123000000003 15.150000000000002 1.6500000000000006 27.250000000000004 1.3499999999999999 32.225000000000009 1.0000000180025095e-35 0.08251229999999056 14.450000000000001 26.155102040816331 6.5000000000000009 10.250000000000002
decision_type=2 2 2 2 2 2 2 2 2 2 2 2 2 2 2 2 2 2 2 2 2 2 2 2 2 2 2 2 2 2
left_child=1 2 5 -4 -3 7 -7 14 9 -9 -10 12 -8 -14 15 17 -16 19 -19 21 -21 24 -13 -24 -1 26 -26 -27 -29 -30
right_child=-2 4 3 -5 -6 6 11 8 10 -11 -12 22 13 -15 16 -17 -18 18 -20 20 -22 -23 23 -25 25 27 -28 28 29 -31
leaf_value=-3.1116944698383885e-06 0.00021084065680281399 -3.5962328435020764e-06 0.00068437745154369632 -3.4932355820580665e-05 -0.00034681661269061418 0 0 0 0 0.00070330898044630892 0.00025739884375350537 -6.4634016268997954e-05 0 -0.0005289454884158688 0 0.00017777020443544543 -0.00017287259837815778 -3.2250981981032314e-05 0.00048567792517017935 0 -0.00029779182938491144 -9.2345744097526363e-05 0.00017458597978425546 -5.6505765041388457e-06 0.00047054123922792387 -7.7383927395818618e-07 0 1.8087594995824831e-05 0.00080978555365395291 0
leaf_weight=8587 60 331 51 88 50 1648 85 129 733 60 51 355 64 61 118 71 125 279 78 73 62 139 54 121 51 4054 63 584 52 96
leaf_count=8587 60 331 51 88 50 1648 85 129 733 60 51 355 64 61 118 71 125 279 78 73 62 139 54 121 51 4054 63 584 52 96
internal_value=2.9333e-06 1.96763e-06 3.61996e-06 0.000196276 -6.25173e-05 1.82298e-06 -2.25792e-05 5.93144e-06 5.85686e-05 0.000217306 1.3704e-05 -7.52676e-05 -0.000173822 -0.0002836 2.03242e-06 3.81422e-06 -8.11056e-05 2.57273e-06 6.7984e-05 5.07632e-07 -0.000124513 2.12224e-06 -2.65477e-05 2.22322e-05 3.47332e-06 1.60317e-05 0.000203465 1.04811e-05 7.95509e-05 0.000286776
internal_weight=18373 18313 17932 139 381 17793 2388 15405 973 189 784 740 210 125 14432 14189 243 14118 357 13761 135 13626 530 175 13487 4900 114 4786 732 148
internal_count=18373 18313 17932 139 381 17793 2388 15405 973 189 784 740 210 125 14432 14189 243 14118 357 13761 135 13626 530 175 13487 4900 114 4786 732 148
is_linear=0
shrinkage=0.05


Tree=116
num_leaves=31
num_cat=0
split_feature=81 84 84 134 133 104 103 52 43 1 43 1 133 44 73 92 17 89 122 120 140 133 133 30 138 93 48 22 50 129
split_gain=0.000850646 0.000607793 0.00185543 0.00716568 0.0010033 0.00056365 0.00100304 0.00251613 0.00791798 0.00367304 0.00129759 0.000993276 0.000561792 0.00190113 0.00217301 0.00106313 0.000544896 0.000729938 0.000518568 0.00108793 0.00556645 0.000988747 0.000914399 0.000438977 0.000452492 0.000473702 0.000425418 0.00102231 0.000413503 0.00038727
threshold=55.050000000000004 22.750000000000004 21.150000000000006 5.6900000000000004 78.555000000000021 0.35000000000000009 1070.3500000000004 87.500000000000014 0.37950000000000006 0.23460493450000003 0.39050000000000007 0.0011557910000000002 80.660000000000011 1357.5000000000002 38.050000000000004 21.850000000000005 0.010800000000000002 39.550000000000004 12.500000000000002 283.11222970000006 56.340000000000011 88.200000000000003 87.760000000000005 -3.4242857142857139 6.4350000000000014 264.78559830000006 17.500000000000004 51.000000000000007 1019.85 3.5000000000000004
decision_type=2 2 2 2 2 2 2 2 2 2 2 2 2 2 2 2 2 2 2 10 2 2 2 2 2 2 2 2 2 2
left_child=1 2 5 -4 29 12 7 9 16 10 26 -12 -1 14 15 -14 -9 -18 19 22 -21 -20 23 24 -8 -26 27 -7 -27 -3
right_child=-2 4 3 -5 -6 6 18 8 -10 -11 11 -13 13 -15 -16 -17 17 -19 21 20 -22 -23 -24 -25 25 28 -28 -29 -30 -31
leaf_value=-6.8218169176845618e-06 0.0001487904191191774 -6.7486102609921262e-05 0.00063322947543513562 -5.3807794539726968e-05 -0.00026700125748498575 0 0 -2.5162905724958613e-05 0.0005802435240752329 0.00035756542524812719 -0.00029286406012655634 0 -1.3316801415204426e-05 -0.00032953113756548194 0.00026946370507585914 -0.00029110037803495574 0 0.00018351603332353371 -6.5079964751662169e-06 0 0.00057997619965706188 -0.00023137188261256703 0.00018488668534069402 -1.351031921349498e-06 0 0.0001855909130396564 -9.9082526499472913e-06 0.00024036537347265336 1.9951741854971265e-05 3.1315655770616128e-05
leaf_weight=2400 99 190 55 84 53 279 501 158 85 70 67 114 258 63 50 51 50 93 6448 166 50 50 71 5408 212 128 748 61 173 138
leaf_count=2400 99 190 55 84 53 279 501 158 85 70 67 114 258 63 50 51 50 93 6448 166 50 50 71 5408 212 128 748 61 173 138
internal_value=2.74222e-06 1.66931e-06 3.26711e-06 0.000184908 -6.00917e-05 1.55305e-06 5.68454e-06 4.15876e-05 0.000154511 5.21224e-06 -1.05533e-05 -0.000135653 -1.85309e-05 -7.31291e-05 -1.34545e-05 -7.60847e-05 1.62078e-05 9.64977e-05 6.13801e-07 1.07119e-05 0.000122171 -9.04294e-06 6.21591e-06 3.43364e-06 3.38542e-05 6.68136e-05 5.77241e-06 5.48605e-05 0.000107327 -1.07507e-05
internal_weight=18373 18274 17893 139 381 17754 14932 1725 386 1339 1269 181 2822 422 359 309 301 143 13207 6709 216 6498 6493 6422 1014 513 1088 340 301 328
internal_count=18373 18274 17893 139 381 17754 14932 1725 386 1339 1269 181 2822 422 359 309 301 143 13207 6709 216 6498 6493 6422 1014 513 1088 340 301 328
is_linear=0
shrinkage=0.05


Tree=117
num_leaves=31
num_cat=0
split_feature=88 100 131 88 111 18 161 34 43 134 77 77 138 81 116 105 114 104 23 19 88 73 103 104 131 129 101 105 131 87
split_gain=0.000913688 0.000554809 0.00108944 0.000601538 0.00289304 0.00240352 0.00260756 0.00575882 0.00112662 0.00191248 0.000914648 0.00216988 0.00108147 0.000823184 0.000698935 0.00104059 0.00323352 0.000942641 0.000685115 0.000581913 0.00252215 0.000551389 0.000718773 0.00144415 0.00171596 0.000532441 0.000487055 0.000749019 0.000490338 0.000528297
threshold=51.037500000000009 -6.8500000000000218 31.688473428796719 37.787500000000016 5.0500000000000007 0.0048833333333333341 0.21428571428571433 -0.19134043468610437 0.33950000000000008 6.6950000000000012 291.40530255000004 290.6596164500001 4.6950000000000012 55.050000000000004 295.08485675000003 2.5000000000000004 25.650000000000002 0.55000000000000016 22.750000000000004 -0.00099428571428571426 42.487500000000011 28.250000000000004 1475.3500000000001 0.65000000000000024 192.76685285123133 3.5000000000000004 6.8457211500000037 9.5000000000000018 75.00225261346624 4.5000000000000009
decision_type=2 2 2 2 2 2 2 2 2 2 2 2 2 2 2 2 2 2 2 2 2 2 2 2 2 2 2 2 2 2
left_child=1 2 -1 10 -5 13 7 -7 18 -10 11 14 -12 26 15 16 -3 25 -8 -11 -21 -20 23 -23 -25 -16 28 -28 29 -6
right_child=-2 3 -4 4 5 6 8 -9 9 19 12 -13 -14 -15 17 -17 -18 -19 21 20 -22 22 -24 24 -26 -27 27 -29 -30 -31
leaf_value=-0.00024247302270389182 0.00019651051826273392 0 -1.2932252686524549e-05 0.00036832702913909359 -0.00011341730128102525 0.000680690331218655 -0.00017452510523243 0 0.00037010205221530015 3.3484918354045513e-06 -0.00026868886688675238 0.0003172478597143372 0 -0.00024229195957447877 0 -1.276255044918259e-07 0.00045811805736597241 0 -3.2586830343628432e-05 0 0.00033374654977143069 0 0 0.00040392954240870142 0 -0.00022712720769673723 0.00017763818783157948 -9.7076587969870427e-06 0 0
leaf_weight=64 60 148 630 60 333 50 52 52 57 458 68 53 131 56 53 13811 50 100 381 151 83 127 474 65 59 104 65 90 395 93
leaf_count=64 60 148 630 60 333 50 52 52 57 458 68 53 131 56 53 13811 50 100 381 151 83 127 474 65 59 104 65 90 395 93
internal_value=2.56804e-06 1.6489e-06 -4.16129e-05 3.63899e-06 2.36561e-05 1.50932e-05 4.81636e-05 0.000299405 3.1955e-05 7.97066e-05 -2.93575e-07 8.43637e-07 -0.000106716 -4.44293e-05 -3.54023e-09 1.14701e-06 0.000114735 -8.18607e-05 0 4.80722e-05 0.000113945 9.43095e-06 3.84135e-05 0.000106686 0.000227659 -0.000160803 -2.77224e-05 3.74405e-05 -4.61381e-05 -8.34791e-05
internal_weight=18373 18313 694 17619 3101 3041 2009 102 1907 749 14518 14319 199 1032 14266 14009 198 257 1158 692 234 1106 725 251 124 157 976 155 821 426
internal_count=18373 18313 694 17619 3101 3041 2009 102 1907 749 14518 14319 199 1032 14266 14009 198 257 1158 692 234 1106 725 251 124 157 976 155 821 426
is_linear=0
shrinkage=0.05


Tree=118
num_leaves=31
num_cat=0
split_feature=88 84 84 19 139 42 129 42 73 89 97 81 89 10 85 81 113 115 140 84 49 88 106 137 73 50 96 89 131 0
split_gain=0.000826016 0.00056606 0.00160912 0.00661757 0.00151758 0.00059266 0.0010412 0.000991381 0.00283445 0.00670106 0.000965731 0.00110131 0.00195777 0.000850547 0.000630149 0.000777507 0.000538311 0.00636986 0.000851616 0.00149859 0.000533956 0.000503842 0.00185504 0.00493586 0.000663026 0.000777569 0.000636435 0.000494001 0.000607255 0.000472095
threshold=51.037500000000009 22.750000000000004 21.150000000000006 -0.00035142857142857127 84.423525025859234 0.67500000000000016 6.5000000000000009 0.55500000000000016 14.250000000000002 38.350000000000001 5.8000000000000034 37.95000000000001 40.45000000000001 32.20000000000001 279.2012405000001 36.050000000000004 0.95000000000000007 8.8500000000000032 76.750000000000014 1.8500000000000005 946.45000000000016 42.625000000000007 19.350000000000005 1.8100000000000003 28.350000000000005 1015.85 45.062500000000007 46.550000000000004 53.280281257982935 0.010800000000000002
decision_type=2 2 2 2 2 2 2 2 2 2 2 2 2 2 2 2 2 2 2 2 2 2 2 2 2 2 2 2 2 2
left_child=1 2 5 -4 -3 7 -7 14 9 -9 11 -8 -13 -10 16 -16 18 -18 21 -20 -21 27 23 26 -24 -26 29 -1 -29 -23
right_child=-2 4 3 -5 -6 6 10 8 13 -11 -12 12 -14 -15 15 -17 17 -19 19 20 -22 22 24 -25 25 -27 -28 28 -30 -31
leaf_value=4.0263893172822172e-06 0.00018684605560904813 -3.2773470167948208e-06 0.00062871696123168548 -4.0180481677187223e-05 -0.00031555695491203788 0 -1.9478409363412172e-05 0 0 0.00069438577496541926 8.4776089936632946e-05 -0.0004064211990633929 -6.5016492014679123e-05 0.00020729197844991209 0 -0.00016420879644065572 0.00052005546825057542 -1.787691217373707e-05 0 0 -0.00035408894398382732 0 -9.5598249738903726e-05 0.00050520399865591672 0 0.00018805601060579402 -2.9397621367916264e-05 -0.00015836349449989829 -1.1795989608382331e-05 0.00022899337379474712
leaf_weight=11768 60 331 51 88 50 1648 384 71 795 54 58 73 225 53 118 125 63 294 331 50 55 51 168 71 304 58 150 98 678 50
leaf_count=11768 60 331 51 88 50 1648 384 71 795 54 58 73 225 53 118 125 63 294 331 50 55 51 168 71 304 58 150 98 678 50
internal_value=2.41903e-06 1.5316e-06 3.07986e-06 0.000172266 -5.80667e-05 1.46757e-06 -2.12973e-05 5.32216e-06 5.43268e-05 0.000278414 -7.05348e-05 -9.11685e-05 -0.000166451 1.51168e-05 1.66833e-06 -7.71884e-05 3.37653e-06 6.42734e-05 1.43881e-06 -6.66262e-05 -0.000231613 4.03215e-06 4.14064e-05 0.000137092 -7.4595e-06 1.98212e-05 1.15314e-05 1.092e-06 -3.69208e-05 0.000121029
internal_weight=18373 18313 17932 139 381 17793 2388 15405 973 125 740 682 298 848 14432 243 14189 357 13832 436 105 13396 852 322 530 362 251 12544 776 101
internal_count=18373 18313 17932 139 381 17793 2388 15405 973 125 740 682 298 848 14432 243 14189 357 13832 436 105 13396 852 322 530 362 251 12544 776 101
is_linear=0
shrinkage=0.05


Tree=119
num_leaves=31
num_cat=0
split_feature=81 115 84 84 82 156 104 103 28 28 19 51 131 8 131 81 42 134 140 142 103 123 131 33 133 112 108 132 126 112
split_gain=0.000754161 0.000574277 0.00054341 0.00140304 0.00685364 0.000921823 0.00054603 0.000966436 0.00199153 0.00386061 0.00280737 0.00258862 0.00648421 0.00105182 0.000519897 0.00114689 0.000714562 0.0024005 0.0017763 0.000488881 0.000604716 0.00042715 0.000886789 0.00543503 0.000884071 0.000759977 0.00349613 0.000368751 0.000788078 0.000366819
threshold=55.050000000000004 28.050000000000004 22.750000000000004 21.150000000000006 26.634000000000004 0.18000000000000002 0.35000000000000009 1070.3500000000004 37.70000000000001 42.250000000000007 -0.00087142857142856716 211.50000000000003 50.163861378770584 0.032125402959336961 22.321942539713117 37.95000000000001 1.2950000000000002 4.580000000000001 77.430000000000021 640.00813109452349 1572.7500000000002 -1.0000000180025095e-35 33.15434016127945 -0.99411718056698828 88.200000000000003 279.76586420000007 277.79854035000005 3.5000000000000004 23.500000000000004 286.75570030000006
decision_type=2 2 2 2 2 2 2 2 2 2 2 2 2 2 2 2 2 2 2 2 2 2 2 2 2 2 2 2 2 2
left_child=1 2 3 6 -5 -4 14 8 11 10 -10 13 -13 27 15 -1 18 -18 -16 -7 -21 24 23 -23 -9 26 -25 -8 -29 -24
right_child=-2 -3 5 4 -6 19 7 21 9 -11 -12 12 -14 -15 16 -17 17 -19 -20 20 -22 22 29 25 -26 -27 -28 28 -30 -31
leaf_value=0 0.00013963657495942244 -8.8778243004521056e-05 -0.00018888791725156791 -0.00010465050358272329 0.00055857615328022811 -7.1848769118070237e-05 -3.6337764349868264e-05 -4.8631929607905843e-06 6.2367393359582978e-05 0 0.00064849218462896129 0.00056525252035960006 1.3383488403314914e-05 -0.00022865626744501163 -1.0308786114886528e-05 -0.00027658281283361101 0.00036708066144885108 0 -0.00028481657604783006 0.00018405485346788893 0 0.00041006030969370218 0 -2.7069595500395697e-06 -0.00021712369772834721 -0.00010893592217558939 0.00041138491903389384 0 0.00017968524877147319 4.0192458703195406e-05
leaf_weight=88 99 172 97 76 63 148 504 6383 67 106 56 70 299 56 2383 61 52 155 62 57 79 97 5361 421 50 111 54 465 68 613
leaf_count=88 99 172 97 76 63 148 504 6383 67 106 56 70 299 56 2383 61 52 155 62 57 79 97 5361 421 50 111 54 465 68 613
internal_value=2.21867e-06 1.19301e-06 2.32894e-06 3.86521e-06 0.000162077 -5.58596e-05 2.3209e-06 6.40644e-06 4.20841e-05 0.000181365 0.000372621 1.67412e-05 0.000132832 -1.79667e-05 -1.74488e-05 -0.000111823 -1.02217e-05 7.40456e-05 -1.94275e-05 0 5.75046e-05 1.4127e-06 1.06058e-05 6.5013e-05 -7.32358e-06 0 3.46299e-05 -1.56281e-06 2.19632e-05 3.53886e-06
internal_weight=18373 18274 18102 17721 139 381 17582 14781 1691 229 123 1462 369 1093 2801 149 2652 207 2445 284 136 13090 6657 683 6433 586 475 1037 533 5974
internal_count=18373 18274 18102 17721 139 381 17582 14781 1691 229 123 1462 369 1093 2801 149 2652 207 2445 284 136 13090 6657 683 6433 586 475 1037 533 5974
is_linear=0
shrinkage=0.05


Tree=120
num_leaves=31
num_cat=0
split_feature=161 96 134 75 114 97 133 42 138 33 85 93 134 133 120 54 75 89 84 124 29 137 86 49 2 33 120 4 61 85
split_gain=0.00076705 0.00272368 0.00126929 0.00123625 0.000605142 0.000561539 0.00778789 0.000697431 0.000671138 0.000500412 0.000490486 0.00120267 0.000887052 0.000872323 0.00556729 0.000573749 0.000393819 0.000709965 0.000369905 0.00158388 0.00141673 0.00139403 0.00215788 0.000396971 0.000357635 0.00242657 0.00127345 0.00164859 0.00236852 0.000394677
threshold=0.45918367346938782 51.050000000000011 8.3400000000000016 14.750000000000002 32.850000000000001 5.8000000000000034 80.210000000000022 1.6150000000000004 5.955000000000001 0.92766165741818185 283.05446680000006 267.23502875000003 6.4400000000000004 88.200000000000003 275.27703590000004 0.055000000000000007 8.0500000000000025 54.750000000000007 17.450000000000006 0.91597561503675351 32.20000000000001 0.025000000000000005 5.5000000000000009 969.55000000000007 0.0031384280000000004 -0.99799484117595971 272.18398430000008 0.0029936860000000002 1345.5500000000002 280.68343040000008
decision_type=2 2 2 2 2 2 2 2 2 2 2 2 2 2 8 2 2 2 2 2 2 2 2 2 2 2 8 2 2 2
left_child=1 5 3 4 -2 7 -7 10 -9 -5 13 -12 -13 18 -15 -16 -4 -18 24 21 -21 22 -20 -23 29 -26 27 28 -27 -1
right_child=2 -3 16 9 -6 6 -8 8 -10 -11 11 12 -14 14 15 -17 17 -19 19 20 -22 23 -24 -25 25 26 -28 -29 -30 -31
leaf_value=-8.0940594232723868e-07 0 0.0003691029320807681 0.00011948538191439906 -6.4235275304657798e-05 -0.00029698486623181878 0 0.0005394578346709346 -0.00025130397364928623 0 7.441270647210661e-05 7.7319824250970181e-05 -0.00030114286995794559 0 0.00049960775394177447 -0.00018148539058298059 0 0 -0.00015015743573691676 -0.00041969580873785114 0.0002852388383961091 0 2.8790708573678052e-06 0 -7.2043515252800253e-05 0.00027405579867573058 0.00050087689447465508 -2.3659400821434764e-05 0 0 6.255721421751332e-05
leaf_weight=12742 52 50 57 300 103 923 71 53 82 54 51 66 89 62 56 51 1340 85 66 62 74 262 55 243 93 50 785 128 77 249
leaf_count=12742 52 50 57 300 103 923 71 53 82 54 51 66 89 62 56 51 1340 85 66 62 74 262 55 243 93 50 785 128 77 249
internal_value=0 3.64462e-06 -2.92067e-05 -9.7667e-05 -0.00022159 2.20224e-06 3.86108e-05 0 -0.000112866 -2.8851e-05 8.53679e-07 -7.49432e-05 -0.000157268 2.22782e-06 0.000115048 -6.40481e-05 -2.27209e-06 -1.07291e-05 6.03479e-07 -3.28291e-05 0.000107525 -7.14186e-05 -0.000229164 -2.33625e-05 2.76337e-06 2.97245e-05 2.83027e-06 0.000103682 0.00023173 2.50188e-08
internal_weight=18431 16440 1991 509 155 16390 994 15396 135 354 15261 206 155 15055 169 107 1482 1425 14886 762 136 626 121 505 14124 1133 1040 255 127 12991
internal_count=18431 16440 1991 509 155 16390 994 15396 135 354 15261 206 155 15055 169 107 1482 1425 14886 762 136 626 121 505 14124 1133 1040 255 127 12991
is_linear=0
shrinkage=0.05


Tree=121
num_leaves=31
num_cat=0
split_feature=115 128 119 141 81 97 133 55 42 91 131 116 120 105 35 100 103 138 134 117 135 23 43 43 138 30 150 134 133 155
split_gain=0.000704052 0.000640455 0.000512302 0.00342416 0.000737814 0.000598252 0.00554837 0.00948846 0.000583588 0.000666938 0.000560276 0.000539995 0.00121379 0.00116917 0.000661482 0.000647925 0.000851895 0.0020148 0.000691543 0.000481319 0.00216001 0.00143711 0.000841025 0.00171618 0.000810187 0.000813761 0.000464958 0.000454713 0.00137264 0.00428221
threshold=28.450000000000003 9.8178751949767609 19.250000000000004 36.510000000000012 55.250000000000007 4.9000000000000021 80.210000000000022 11.589665950000013 1.6450000000000002 18.950000000000003 61.386811297304639 286.38757720000007 269.68681880000003 2.5000000000000004 283.95974200000006 1.4000000000000343 821.60000000000025 6.4750000000000005 8.6850000000000023 0.35000000000000003 1.8 18.550694444444449 0.27750000000000008 0.25050000000000006 6.4350000000000014 -0.23428571428571482 1.0000000180025095e-35 4.2100000000000017 85.89500000000001 0.038000000000000013
decision_type=2 2 10 2 2 2 2 2 2 2 2 2 8 2 2 2 2 2 2 2 2 2 2 2 2 2 2 2 2 2
left_child=2 -2 4 10 5 8 -7 -8 11 -10 -4 19 14 -14 -13 16 17 -15 -17 27 -21 -22 23 -23 25 26 -24 -1 -29 -30
right_child=1 -3 3 -5 -6 6 7 -9 9 -11 -12 12 13 15 -16 18 -18 -19 -20 20 21 22 24 -25 -26 -27 -28 28 29 -31
leaf_value=-3.0049141229574012e-05 -0.00020309628077673855 0 -8.8135306962158216e-05 0.00041499500317832721 -0.00016259398126255422 0 0 0.00087400553742162301 -0.00024397508841367979 0 2.7590486770537203e-05 -5.012144650498704e-05 0.00022370419923671846 0.00031689463492563249 -0.00023007987537725555 -0.0001200074665789899 -4.8264670868315836e-06 -2.2190715063350741e-05 0 0.00032585021325010007 0.00021080156738390745 -7.8168391830028314e-06 -0.0001787290970297276 0.00030550860340736109 1.0418862262597018e-05 4.4636833196049157e-06 0 4.3053314968079322e-07 -4.4108123594492481e-05 0.00051576778370632248
leaf_weight=1171 80 101 111 56 69 1445 70 50 53 85 747 542 54 70 87 242 1257 54 194 61 81 65 187 59 281 64 71 10914 58 52
leaf_count=1171 80 101 111 56 69 1445 70 50 53 85 747 542 54 70 87 242 1257 54 194 61 81 65 187 59 281 64 71 10914 58 52
internal_value=0 -9.77763e-05 1.05133e-06 3.76188e-05 -5.90264e-07 0 2.95353e-05 0.00035486 -2.87232e-06 -0.000105494 6.71307e-06 -1.63446e-06 -2.30986e-05 -1.63858e-07 -8.32746e-05 -9.68673e-06 3.76797e-06 0.000130232 -6.36563e-05 2.0918e-06 3.80625e-05 9.77952e-06 -6.00838e-06 0.000102517 -3.67363e-05 -9.32719e-05 -0.000136745 -6.43663e-08 2.66962e-06 0.000177778
internal_weight=18431 181 18250 914 17336 17267 1565 120 15702 138 858 15564 2500 1871 629 1817 1381 124 436 13064 869 808 727 124 603 322 258 12195 11024 110
internal_count=18431 181 18250 914 17336 17267 1565 120 15702 138 858 15564 2500 1871 629 1817 1381 124 436 13064 869 808 727 124 603 322 258 12195 11024 110
is_linear=0
shrinkage=0.05


Tree=122
num_leaves=31
num_cat=0
split_feature=94 134 75 81 136 97 133 42 133 33 85 93 21 133 120 54 24 114 155 82 82 81 41 92 124 101 29 129 84 89
split_gain=0.000664547 0.00111811 0.00110335 0.00110169 0.000536759 0.000534674 0.0066058 0.000587699 0.000640868 0.000460613 0.000438026 0.00111235 0.0010752 0.000712191 0.0048567 0.000543209 0.00044063 0.00448772 0.000576907 0.00113364 0.000895792 0.000375182 0.00311578 0.00491863 0.00108043 0.00242702 0.000970179 0.000561545 0.000414149 0.00141675
threshold=22.500000000000004 8.3400000000000016 14.750000000000002 54.250000000000007 0.20500000000000004 5.8000000000000034 80.210000000000022 1.6150000000000004 67.820000000000007 0.92766165741818185 283.05446680000006 267.23502875000003 0.53472222222222232 88.200000000000003 275.27703590000004 0.055000000000000007 32.300000000000004 28.250000000000004 0.71200000000000008 24.514000000000006 25.502000000000006 40.750000000000007 43.500000000000007 8.3500000000000032 0.60355339059327384 -0.28260409999998609 37.45000000000001 6.5000000000000009 14.550000000000002 35.050000000000004
decision_type=2 2 2 2 2 2 2 2 2 2 2 2 2 2 8 2 2 2 2 2 2 2 2 2 2 2 2 2 2 2
left_child=3 2 4 5 -2 7 -7 10 -9 -4 13 -12 -13 16 -15 -16 17 -1 21 -20 -21 28 23 -23 26 -26 27 -24 -18 -30
right_child=1 -3 9 -5 -6 6 -8 8 -10 -11 11 12 -14 14 15 -17 18 -19 19 20 -22 22 24 -25 25 -27 -28 -29 29 -31
leaf_value=0 -3.3258937809478084e-05 -1.7310136532802983e-06 -6.0190280314706144e-05 0.00022574002942357251 -0.00032323391814776639 0 0.00050263686114114645 0 -0.00024021042746580692 7.3123228852637102e-05 7.3941856602547116e-05 -0.00030461188038913609 0 0.00046452036241553585 -0.00017541629498162749 0 -3.0578464552878004e-06 0.00048211808086667801 -0.00021075840840594062 0.00017420500518175474 -3.8632541621631895e-05 0.00062083436495009262 -3.8647847396782624e-05 3.2895876808508641e-05 0 0.00038390527114696694 0 -0.00022659350257922401 0.0002587835426762033 0
leaf_weight=660 79 1482 300 55 76 917 70 83 52 54 51 66 89 62 56 51 11982 52 94 50 498 53 250 170 274 50 416 91 66 182
leaf_count=660 79 1482 300 55 76 917 70 83 52 54 51 66 89 62 56 51 11982 52 94 50 498 53 250 170 274 50 416 91 66 182
internal_value=0 -2.7215e-05 -9.14612e-05 3.36331e-06 -0.000208652 2.29798e-06 3.79539e-05 0 -0.000103469 -2.56211e-05 9.32124e-07 -7.06168e-05 -0.000150402 2.24768e-06 0.000104269 -6.05466e-05 7.46851e-07 3.92767e-05 -8.3829e-07 -4.73021e-05 -9.82365e-06 9.99689e-07 2.66919e-05 0.000197099 -3.99019e-06 6.67719e-05 -4.09212e-05 -0.000103939 -1.33285e-06 6.16068e-05
internal_weight=18431 1991 509 16440 155 16385 987 15398 135 354 15263 206 155 15057 169 107 14888 712 14176 642 548 13534 1304 223 1081 324 757 341 12230 248
internal_count=18431 1991 509 16440 155 16385 987 15398 135 354 15263 206 155 15057 169 107 14888 712 14176 642 548 13534 1304 223 1081 324 757 341 12230 248
is_linear=0
shrinkage=0.05


Tree=123
num_leaves=31
num_cat=0
split_feature=115 100 131 46 88 112 83 115 142 137 28 83 23 23 110 28 103 81 16 15 84 29 81 116 15 120 92 120 128 75
split_gain=0.000632514 0.000431038 0.0017248 0.00497079 0.00155123 0.00126407 0.00602937 0.00207062 0.00711075 0.00237635 0.00212457 0.00184893 0.00119183 0.000822692 0.00184323 0.000473314 0.000447737 0.000441258 0.000783544 0.000422961 0.00188204 0.00388808 0.00108308 0.00430279 0.00131856 0.00590228 0.000530843 0.000562313 0.000375328 0.000337036
threshold=28.650000000000002 -5.3000000000000105 29.301636672347289 52.500000000000007 50.912500000000001 288.31147770000001 15.250000000000002 9.8500000000000032 737.56509152187925 0.015000000000000001 25.600000000000005 18.250000000000004 26.115972222222226 18.395833333333339 22.050000000000004 18.950000000000003 691.75000000000011 50.100000000000009 0.26500000000000007 0.00090416666666666673 13.650000000000004 30.250000000000004 43.250000000000007 294.00043860000005 0.00094270833333333348 283.11222970000006 12.450000000000005 267.04136160000002 9.8178751949767609 17.250000000000004
decision_type=2 2 2 2 2 2 2 2 2 2 2 2 2 2 2 2 2 2 2 2 2 2 2 2 2 10 2 8 2 2
left_child=1 2 3 -1 5 16 -7 8 -8 10 -9 -11 -13 14 -4 -15 -3 19 -19 26 22 -22 24 -24 25 -21 27 -18 -2 -20
right_child=28 4 13 -5 -6 6 7 9 -10 11 -12 12 -14 15 -16 -17 17 18 29 20 21 -23 23 -25 -26 -27 -28 -29 -30 -31
leaf_value=-0.00050382256136905152 -0.00018391323363513604 -4.1029426638761032e-05 0.00032803492327251378 7.9627911387414639e-06 0.00027269840675419097 0.00056563386098300078 -3.5105069673266238e-05 -0.00041908533415436507 0.00065074166357623078 0.00023323692951127768 0 -3.7888125270454987e-05 0.00015139230588051761 -6.5665578239363186e-05 0 -8.1726744043949135e-07 0.00011965398879801797 0 -0.00023740598098704463 0 0.00054018087815795588 0 0 0.00051488261796363928 -6.165480001689048e-06 0.00057599175605665314 -2.9340215604840707e-05 0 0 0
leaf_weight=68 73 655 56 96 53 55 83 60 54 94 69 478 99 406 169 1488 99 91 67 220 51 74 238 51 3624 53 1600 8064 93 50
leaf_count=68 73 655 56 96 53 55 83 60 54 94 69 478 99 406 169 1488 99 91 67 220 51 74 238 51 3624 53 1600 8064 93 50
internal_value=0 9.53969e-07 -1.8987e-05 -0.000175705 4.11634e-06 2.89176e-06 5.75682e-05 2.18441e-05 0.000201753 -2.93664e-06 -0.000203851 2.84945e-05 0 -4.42215e-06 8.21586e-05 -1.73841e-05 -4.08315e-07 1.10732e-06 -7.02402e-05 2.52193e-06 1.57518e-05 0.000208036 8.76741e-06 0.000102191 5.32042e-07 0.000107386 -2.80885e-06 1.78198e-06 -9.67948e-05 -0.000159182
internal_weight=18431 18265 2283 164 15982 15929 992 937 137 800 129 671 577 2119 225 1894 14937 14282 208 14074 4311 125 4186 289 3897 273 9763 8163 166 117
internal_count=18431 18265 2283 164 15982 15929 992 937 137 800 129 671 577 2119 225 1894 14937 14282 208 14074 4311 125 4186 289 3897 273 9763 8163 166 117
is_linear=0
shrinkage=0.05


Tree=124
num_leaves=31
num_cat=0
split_feature=94 88 41 74 0 126 88 85 73 21 16 22 77 141 77 89 23 3 124 131 101 76 133 24 38 110 0 84 136 89
split_gain=0.000611835 0.00179569 0.0110223 0.00153993 0.00455443 0.0016801 0.00101865 0.000966798 0.000681462 0.00069354 0.000755646 0.000602597 0.000424992 0.00196066 0.000585527 0.000447645 0.000431677 0.000642213 0.000380357 0.00289684 0.0130695 0.000490593 0.0011068 0.000458495 0.000418709 0.00191856 0.00270543 0.000622103 0.000560705 0.000426782
threshold=22.500000000000004 41.987500000000004 43.500000000000007 22.278571428571436 0.0043000000000000009 38.500000000000007 51.037500000000009 285.46338040000006 28.150000000000002 0.46527777777777785 0.24500000000000002 13.000000000000002 291.40530255000004 26.890000000000004 290.6596164500001 46.45000000000001 25.891666666666669 0.014970919000000001 -0.9159756150367534 34.954889260841185 0.74963539999998841 9.4500000000000046 79.980000000000004 32.300000000000004 0.15000000000000005 24.250000000000004 0.0010500000000000004 22.750000000000004 0.57500000000000007 42.550000000000004
decision_type=2 2 2 2 2 2 2 2 2 2 2 2 2 2 2 2 2 2 2 2 2 2 2 2 2 2 2 2 2 2
left_child=1 7 -3 4 -4 -5 8 12 9 -2 -11 -7 14 -14 15 18 17 -17 19 20 -1 24 -23 -21 27 26 -26 29 -29 -20
right_child=6 2 3 5 -6 11 -8 -9 -10 10 -12 -13 13 -15 -16 16 -18 -19 21 23 -22 22 -24 -25 25 -27 -28 28 -30 -31
leaf_value=0.000895378855469365 0 0.00077945290997136771 -6.6056272423215353e-05 -0.00024608334872745649 0.00050583210401671018 -1.0360007162671536e-05 -0.00023435450373713662 0.00020948102838486772 3.0613260993496287e-06 0 -0.00015477234692008672 0.00016622606347987636 -0.0003420131206532425 0 0.00013209697889752058 -1.3623714674744258e-05 0 -0.00017816310941535087 -2.5844040644769707e-06 0.00010668533955033145 0 -1.1411411027366495e-05 -0.00027840653213549081 -9.6265732480505389e-06 0 -1.0465722726824151e-06 0.00040698880081795091 -0.00023055147185524613 0 3.5806021650300722e-05
leaf_weight=50 310 52 58 75 56 224 60 54 1173 204 244 53 50 252 83 296 323 116 10981 88 206 409 50 1437 86 457 75 55 80 774
leaf_count=50 310 52 58 75 56 224 60 54 1173 204 244 53 50 252 83 296 323 116 10981 88 206 409 50 1437 86 457 75 55 80 774
internal_value=0 3.24145e-06 9.47765e-05 6.1627e-06 0.000173349 -3.41562e-05 -2.60988e-05 0 -1.69219e-05 -5.43967e-05 -9.41464e-05 5.91801e-06 -4.67439e-07 -5.92577e-05 3.55708e-07 -3.60918e-08 -3.83814e-05 -7.23761e-05 1.5384e-06 2.33416e-05 0.000178766 -1.07225e-06 -5.19074e-05 0 3.97514e-07 4.07749e-05 0.000189624 -1.28393e-06 -0.00010761 0
internal_weight=18431 16440 518 466 114 352 1991 15922 1931 758 448 277 15868 302 15566 15483 735 412 14748 1781 256 12967 459 1525 12508 618 161 11890 135 11755
internal_count=18431 16440 518 466 114 352 1991 15922 1931 758 448 277 15868 302 15566 15483 735 412 14748 1781 256 12967 459 1525 12508 618 161 11890 135 11755
is_linear=0
shrinkage=0.05


Tree=125
num_leaves=31
num_cat=0
split_feature=94 96 131 110 2 83 100 139 46 87 41 51 122 138 69 138 74 98 73 77 35 112 96 138 133 31 16 34 77 84
split_gain=0.000780828 0.00240756 0.00104823 0.00110161 0.000769692 0.000759779 0.000526078 0.00275474 0.00390402 0.00107731 0.00323042 0.00303526 0.00183939 0.00285517 0.00100372 0.000824616 0.000639396 0.000619496 0.00188602 0.000825497 0.001092 0.000748538 0.00455032 0.00142993 0.000550929 0.00048848 0.000486181 0.000473951 0.000441771 0.00120319
threshold=22.500000000000004 51.050000000000011 92.98559840874789 17.650000000000002 0.00019590900000000002 34.850000000000001 -5.3000000000000105 84.628663279206279 54.500000000000007 1.5000000000000002 44.500000000000007 1.5000000000000002 19.500000000000004 5.5750000000000002 280.43931575000005 13.125000000000002 26.678571428571434 12.450000000000001 34.95000000000001 291.40530255000004 295.21405955000006 288.31147770000001 32.51250000000001 4.2600000000000007 75.060000000000016 17.450000000000003 1.4700000000000002 -0.44114826956737507 276.33751000000007 13.550000000000002
decision_type=2 2 2 2 2 2 2 2 2 2 2 2 2 2 2 2 2 2 2 2 2 2 2 2 2 2 2 2 2 2
left_child=1 5 3 -2 25 6 7 15 -9 17 11 -11 14 -14 27 -1 -17 19 -19 21 -21 28 -23 -24 -25 -5 -16 -12 29 -8
right_child=2 -3 -4 4 -6 -7 9 8 -10 10 12 -13 13 -15 26 16 -18 18 -20 20 -22 22 23 24 -26 -27 -28 -29 -30 -31
leaf_value=-1.6582285351272408e-05 -0.00024507660948834157 0.00034516344429632142 -9.9930650605463892e-07 0.00012331573386057114 -0.00010996553378669682 -0.00018957246335048693 6.8014361391797945e-07 -0.00050975758454810339 0 0 0.00010375291246381661 0.00043413128151888777 0.00043777387450094911 0 -9.4008353241262804e-06 0.00025228660366337867 0 0.00033495704285371633 0 -0.00030298925933423636 0 0.00050024219658501717 0.00025011178686187266 0 -0.00014138962159631775 -2.4599280952990113e-05 -0.00027123934594012593 -2.4641434255389416e-05 -2.1302799651021249e-05 0.00014077959316978919
leaf_weight=1289 102 50 1311 69 250 51 10755 67 63 53 97 98 57 80 94 51 61 55 114 51 81 52 51 258 84 258 58 213 2203 156
leaf_count=1289 102 50 1311 69 250 51 10755 67 63 53 97 98 57 80 94 51 61 55 114 51 81 52 51 258 84 258 58 213 2203 156
internal_value=-1.37442e-06 1.9599e-06 -3.10871e-05 -8.17402e-05 -4.38416e-05 5.70078e-07 1.49232e-06 -2.58979e-05 -0.000245726 4.70636e-06 6.31793e-05 0.000269873 2.37829e-06 0.000169773 -3.67207e-05 -1.77277e-06 0.00012306 1.17718e-06 9.60376e-05 0 -0.000123961 1.21514e-06 6.50464e-05 0 -3.06354e-05 0 -0.000143112 0 -5.74407e-07 3.15414e-06
internal_weight=18232 16242 1990 679 577 16192 16141 1531 130 14610 750 151 599 137 462 1401 112 13860 169 13691 132 13559 445 393 342 327 152 310 13114 10911
internal_count=18232 16242 1990 679 577 16192 16141 1531 130 14610 750 151 599 137 462 1401 112 13860 169 13691 132 13559 445 393 342 327 152 310 13114 10911
is_linear=0
shrinkage=0.05


Tree=126
num_leaves=31
num_cat=0
split_feature=94 131 74 89 2 115 126 141 114 92 134 59 138 42 49 33 117 139 84 138 24 131 84 92 8 92 91 124 86 84
split_gain=0.000716464 0.000950229 0.000995861 0.000805474 0.000591588 0.00047812 0.00092633 0.00117755 0.000846519 0.00368525 0.00611315 0.000914646 0.000492232 0.00217561 0.00416318 0.00274656 0.000891299 0.00291776 0.000719227 0.00328315 0.000940449 0.000580763 0.000548749 0.000526502 0.00141938 0.000511235 0.00271782 0.00119642 0.00199526 0.000751163
threshold=22.500000000000004 92.98559840874789 15.964285714285717 55.250000000000007 0.00019590900000000002 20.850000000000005 35.500000000000007 31.935000000000006 32.850000000000001 11.550000000000002 6.8950000000000005 4.0080499999999999 4.370000000000001 0.8650000000000001 972.45000000000016 -0.10877341831250457 0.35000000000000003 92.301408831280156 1.0000000180025095e-35 4.3900000000000015 62.750000000000007 77.378366547231039 18.250000000000007 15.150000000000004 0.0090637513184724586 9.8500000000000032 14.550000000000002 0.78656609248549303 5.5000000000000009 2.9500000000000006
decision_type=2 2 2 2 2 2 2 2 2 2 2 2 2 2 2 2 2 2 2 2 2 2 2 2 2 2 2 2 2 2
left_child=3 2 -2 5 -4 8 7 -7 12 10 -10 -12 13 25 -15 -16 18 -18 19 -14 -21 22 23 -20 -25 -1 -27 29 -29 -28
right_child=1 -3 4 -5 -6 6 -8 -9 9 -11 11 -13 16 14 15 -17 17 -19 21 20 -22 -23 -24 24 -26 26 27 28 -30 -31
leaf_value=-1.3400389030019691e-05 -0.00024184862294503929 -9.4937928521029244e-07 0 0.00015392144289250414 -0.00010271788164430269 -1.6486352727537727e-05 2.8477932458415686e-05 -0.00032286855254399908 0.00061708319242981301 -9.0009880142043846e-06 0.00019187211866665167 -7.2417392683956473e-05 0.00035980629361763157 3.4423561606966842e-05 0 -0.00054122163255692615 2.196966456563802e-05 0.00040422479217623142 -3.0934035023024424e-05 5.2995322812042141e-06 0.00016391661906727678 4.6393440827821983e-07 -0.00011568124909539675 -4.5874933385369307e-06 0.00024881580739048563 0.00036776348462483712 1.0428910520226545e-05 -1.6297400334224175e-06 0.00033103786549900456 -0.00011167583183236642
leaf_weight=3234 94 1311 344 86 241 157 104 59 69 465 50 77 69 101 52 79 712 57 1666 3795 99 4323 196 180 63 55 162 59 65 208
leaf_count=3234 94 1311 344 86 241 157 104 59 69 465 50 77 69 101 52 79 712 57 1666 3795 99 4323 196 180 63 55 162 59 65 208
internal_value=-1.32286e-06 -2.97904e-05 -7.80397e-05 1.85883e-06 -4.28181e-05 7.30441e-07 -5.91488e-05 -0.000124318 2.2598e-06 5.76107e-05 0.000240268 0 0 -1.51638e-05 -0.000164175 -0.000354273 5.24579e-06 5.72849e-05 9.08277e-07 1.80866e-05 1.06569e-05 -8.90594e-06 -3.05139e-05 -1.90959e-05 4.13683e-05 -4.66309e-06 3.76457e-05 0 0.000134006 -4.48527e-05
internal_weight=18232 1990 679 16242 585 16156 320 216 15836 661 196 127 15175 4015 232 131 11160 769 10391 3963 3894 6428 2105 1909 243 3783 549 494 124 370
internal_count=18232 1990 679 16242 585 16156 320 216 15836 661 196 127 15175 4015 232 131 11160 769 10391 3963 3894 6428 2105 1909 243 3783 549 494 124 370
is_linear=0
shrinkage=0.05


Tree=127
num_leaves=31
num_cat=0
split_feature=161 96 131 110 83 136 100 131 46 88 128 84 50 43 138 103 23 6 74 112 77 112 161 108 43 138 113 115 85 19
split_gain=0.000659968 0.0021058 0.000862138 0.000931158 0.000683331 0.000555806 0.000470414 0.0024221 0.00425197 0.00125346 0.00339793 0.00661285 0.00206051 0.00395621 0.0053921 0.000830222 0.00081008 0.00227133 0.00224737 0.000683683 0.000531392 0.00100018 0.00368943 0.000969055 0.000821814 0.000472587 0.000462218 0.00262414 0.000441483 0.000433768
threshold=0.45918367346938782 51.050000000000011 92.98559840874789 17.650000000000002 34.850000000000001 0.20500000000000004 -5.3000000000000105 29.301636672347289 59.500000000000007 37.787500000000016 8.6897550436737365 3.850000000000001 1016.5500000000001 0.35550000000000004 4.8100000000000014 1212.5000000000002 18.395833333333339 0.00030833333333333337 26.678571428571434 289.53555140000009 291.40530255000004 290.20898235000004 0.1326530612244898 295.45223085000003 0.27550000000000008 7.0000000000000009 1.6500000000000001 10.550000000000002 281.62169450000005 -0.00025142857142857134
decision_type=2 2 2 2 2 2 2 2 2 2 2 2 2 2 2 2 2 2 2 2 2 2 2 2 2 2 2 2 2 2
left_child=1 4 3 5 6 -2 7 8 -1 20 11 -11 15 -14 -15 25 17 -9 -19 -17 21 26 -23 -22 -24 -12 28 -28 -8 -4
right_child=2 -3 29 -5 -6 -7 9 16 -10 10 12 -13 13 14 -16 19 -18 18 -20 -21 23 22 24 -25 -26 -27 27 -29 -30 -31
leaf_value=-0.00058750621745971062 0 0.00032278430707497049 -1.8226529327213058e-05 -3.8886621225904289e-05 -0.00017982572846589253 -0.0003603483847623198 -4.5782229623919307e-07 -3.3605050111246188e-05 0 0 -0.00018142689293324237 0.00073996602821246014 0 0.00071193646946962792 0 -3.495127732993097e-06 -2.091625244653577e-05 0.00049376666950523107 0 0.0001615718270285828 -0.00026067220525411279 0.00047969595868113072 0.00014444475773445217 0 -7.8532684470701498e-05 0 0.00037981492435100564 -1.5984922584395644e-05 -8.7106796231667556e-05 5.4810834363508458e-05
leaf_weight=50 52 50 1069 577 51 50 12710 115 88 60 102 50 170 56 68 575 1175 51 52 65 54 50 62 83 119 76 52 108 150 242
leaf_count=50 52 50 1069 577 51 50 12710 115 88 60 102 50 170 56 68 575 1175 51 52 65 54 50 62 83 119 76 52 108 150 242
internal_value=-1.23573e-06 1.80662e-06 -2.85665e-05 -7.45479e-05 4.8681e-07 -0.000225399 1.37739e-06 -2.44997e-05 -0.000223983 4.43278e-06 5.28868e-05 0.000320373 2.16704e-05 0.000136789 0.000351117 -1.37164e-05 -1.00422e-06 8.30942e-05 0.000260537 5.69508e-06 0 1.02293e-06 0.000104054 -9.76021e-05 0 -0.000111085 -4.28897e-07 8.31543e-05 -1.86397e-06 -9.01946e-07
internal_weight=18232 16242 1990 679 16192 102 16141 1531 138 14610 1222 110 1112 294 124 818 1393 218 103 640 13388 13251 231 137 181 178 13020 160 12860 1311
internal_count=18232 16242 1990 679 16192 102 16141 1531 138 14610 1222 110 1112 294 124 818 1393 218 103 640 13388 13251 231 137 181 178 13020 160 12860 1311
is_linear=0
shrinkage=0.05


Tree=128
num_leaves=31
num_cat=0
split_feature=94 96 131 110 83 100 139 46 88 84 23 90 85 61 89 41 43 96 0 36 9 14 100 0 124 22 44 113 85 90
split_gain=0.000604122 0.00190539 0.000795956 0.000856062 0.000617318 0.000428377 0.00231022 0.00336756 0.00113812 0.00366514 0.000685243 0.00227418 0.000526219 0.000507094 0.000484705 0.000815815 0.00155835 0.000501782 0.00213661 0.00190615 0.000923267 0.000620438 0.00076481 0.000526355 0.000519461 0.0054495 0.00145615 0.00138782 0.000545769 0.000476387
threshold=22.500000000000004 51.050000000000011 92.98559840874789 17.650000000000002 34.850000000000001 -5.3000000000000105 84.628663279206279 54.500000000000007 43.112500000000004 3.1500000000000008 18.395833333333339 24.301020408163268 284.65871465000004 984.10000000000002 46.45000000000001 45.500000000000007 0.40050000000000008 37.787500000000016 0.16960000000000003 264.22115495000008 0.75604166666666683 0.020769720500000002 -2.7499999999999996 0.16045000000000001 -0.9159756150367534 1.0000000180025095e-35 617.50000000000011 1.6500000000000001 282.21134325000008 25.332653061224494
decision_type=2 2 2 2 2 2 2 2 2 2 2 2 2 2 2 2 2 2 2 2 2 2 2 2 2 2 2 2 2 2
left_child=1 4 3 -2 5 6 10 -8 12 -10 11 -1 14 -12 17 -16 -17 23 19 -19 29 -22 -23 24 25 -7 -27 -28 -26 -21
right_child=2 -3 -4 -5 -6 8 7 -9 9 -11 13 -13 -14 -15 15 16 -18 18 -20 20 21 22 -24 -25 28 26 27 -29 -30 -31
leaf_value=0 -0.00021665266480252207 0.00030696154131312466 -6.649063272659503e-07 -3.6945653699252131e-05 -0.00017100735186082044 0.00052037954312452882 -0.0004702045311355238 0 -8.0073389049037791e-06 0.00038792166432841319 -8.8332178136334738e-05 0.00035530899621451022 0.00012185893163958733 0 8.9927718201947819e-05 -1.9325571956276353e-05 -0.00025453846450253828 0.00029518996025405526 0.00029372397684492176 0 0 0.00030297453687108954 3.7810224507350962e-05 -4.2789920973015257e-05 0 0.00027023182912649186 -1.231273771014106e-05 0.00024845037812516448 -0.0001329250526625914 -6.410953212391426e-05
leaf_weight=168 102 50 1311 577 51 54 67 63 131 80 220 54 91 959 78 547 94 57 74 574 251 52 201 680 9723 50 1305 52 77 439
leaf_count=168 102 50 1311 577 51 54 67 63 131 80 220 54 91 959 78 547 94 57 74 574 251 52 201 680 9723 50 1305 52 77 439
internal_value=-1.24442e-06 1.65318e-06 -2.73944e-05 -7.15733e-05 3.82735e-07 1.24458e-06 -2.34346e-05 -0.00022472 4.17438e-06 0.000119645 -1.04387e-06 7.51084e-05 2.12688e-06 -1.96717e-05 1.00749e-06 -3.84268e-05 -6.19495e-05 3.46456e-06 2.932e-05 1.35361e-05 0 5.78616e-05 0.000112974 0 2.47511e-06 3.0431e-05 7.71964e-06 0 -1.18513e-06 -2.46763e-05
internal_weight=18232 16242 1990 679 16192 16141 1531 130 14610 211 1401 222 14399 1179 14308 719 641 13589 1648 1574 1517 504 253 11941 11261 1461 1407 1357 9800 1013
internal_count=18232 16242 1990 679 16192 16141 1531 130 14610 211 1401 222 14399 1179 14308 719 641 13589 1648 1574 1517 504 253 11941 11261 1461 1407 1357 9800 1013
is_linear=0
shrinkage=0.05


Tree=129
num_leaves=31
num_cat=0
split_feature=115 29 13 85 141 30 110 88 85 4 128 137 4 116 105 115 131 54 14 85 75 89 121 133 124 50 140 38 14 135
split_gain=0.000569657 0.000927871 0.00133103 0.000726854 0.000528896 0.000494665 0.000484746 0.00156306 0.0038571 0.00800161 0.0025829 0.00125572 0.00253293 0.000929825 0.000978228 0.00305188 0.000665026 0.000570705 0.000694064 0.000478422 0.000763769 0.000543138 0.000462481 0.00044988 0.000434616 0.000408893 0.00140048 0.00134336 0.00547524 0.00083878
threshold=20.450000000000003 23.950000000000003 0.0011006858958333336 275.11103770000005 36.235000000000007 -1.3700000000000008 31.050000000000004 36.912500000000016 280.06997175000004 7.6200000000000023e-05 8.679992067279418 0.015000000000000001 3.7700000000000002e-05 295.08485675000003 2.5000000000000004 10.65 91.467890746291033 0.39500000000000007 0.016254121000000003 276.75572575000007 9.4500000000000011 49.800000000000004 0.35000000000000003 79.440000000000012 0.1294095225512602 997.6500000000002 69.570000000000007 0.15000000000000005 0.018659123000000003 29.500000000000004
decision_type=2 2 2 2 2 2 2 2 2 2 2 2 2 2 2 2 2 2 2 2 2 2 8 2 2 2 2 2 2 2
left_child=6 -2 4 -4 -3 -5 7 13 10 -10 -9 12 -8 14 15 -1 22 23 -19 20 -12 -21 -15 -13 -25 26 -16 -27 29 -29
right_child=1 2 3 5 -6 -7 11 8 9 -11 19 17 -14 16 25 -17 -18 18 -20 21 -22 -23 -24 24 -26 27 -28 28 -30 -31
leaf_value=0 -0.0001992232423298821 9.6812679914504106e-08 -1.6256383331066434e-07 -0.00018395664085810976 0.00015943754188349257 0 0 0.00026983992246742776 0 0.00079062314996197118 0.00018319490793752876 -8.2768089285826082e-06 -0.00043470523777210069 -0.0002547861020539591 -6.3055490125103496e-06 0.00043634291401655715 0 0 0.00021689902865922516 -2.5594768545136949e-06 2.75319112988755e-06 -0.00019996819642198948 0 -0.00018516472763738609 0 -5.6485015051496267e-07 -0.00028515326054184701 -5.4183050288027336e-05 0.00055215498279721938 0.00016997624377042733
leaf_weight=94 84 656 261 189 64 75 71 98 75 52 71 2038 53 78 526 52 64 73 57 325 723 50 71 77 50 11870 54 172 55 54
leaf_count=94 84 656 261 189 64 75 71 98 75 52 71 2038 53 78 526 52 64 73 57 325 723 50 71 77 50 11870 54 172 55 54
internal_value=-1.18157e-06 -3.28164e-05 -1.74252e-05 -8.01118e-05 2.13967e-05 -0.000139986 1.01172e-06 4.75157e-06 5.50919e-05 0.000320223 2.43413e-05 -1.93076e-05 -0.000176 -2.31211e-07 1.10304e-06 0.000129395 -0.000103887 -8.59076e-06 8.70843e-05 0 2.53879e-05 -4.26403e-05 -0.00016273 -1.66816e-05 -0.000111375 0 -4.13192e-05 1.57919e-06 0.000109559 0
internal_weight=18232 1329 1245 525 720 264 16903 14484 1394 127 1267 2419 124 13090 12877 146 213 2295 130 1169 794 375 149 2165 127 12731 580 12151 281 226
internal_count=18232 1329 1245 525 720 264 16903 14484 1394 127 1267 2419 124 13090 12877 146 213 2295 130 1169 794 375 149 2165 127 12731 580 12151 281 226
is_linear=0
shrinkage=0.05


Tree=130
num_leaves=31
num_cat=0
split_feature=131 108 77 117 47 92 29 86 92 28 83 81 89 92 61 93 128 14 24 14 44 16 61 53 32 105 22 25 126 89
split_gain=0.000617924 0.00275568 0.00290513 0.000968201 0.00386245 0.00090695 0.00113693 0.0016342 0.000524551 0.000822276 0.00050318 0.0034485 0.000532142 0.00049085 0.000391705 0.00173276 0.00431116 0.00224326 0.00132741 0.000384266 0.000375634 0.000335243 0.000354305 0.000331583 0.000534175 0.000374898 0.000328225 0.00038602 0.000321751 0.000312055
threshold=34.954889260841185 292.00600275000005 287.96094030000006 1.0000000180025095e-35 99.500000000000014 1.7500000000000004 28.600000000000005 3.5000000000000004 17.450000000000006 25.600000000000005 35.100000000000001 53.850000000000001 49.650000000000013 6.2500000000000018 178.10000000000005 271.69378885000003 9.3587172494913577 0.037076470000000007 62.500000000000007 0.030814855000000002 377.50000000000006 1.0400000000000003 118.90000000000002 3.5000000000000004 9.4500000000000011 25.500000000000004 1.5000000000000002 20.500000000000004 48.500000000000007 46.350000000000001
decision_type=2 2 2 2 2 2 2 2 2 2 2 2 2 2 2 2 2 2 2 2 2 2 2 2 2 2 2 2 2 2
left_child=1 2 3 5 23 -1 7 -7 13 -10 12 -12 14 -8 15 16 -2 18 -17 20 -14 -18 -23 24 -5 -26 27 -16 -11 -28
right_child=10 -3 -4 4 -6 6 8 -9 9 28 11 -13 19 -15 26 17 21 -19 -20 -21 -22 22 -24 -25 25 -27 29 -29 -30 -31
leaf_value=-7.364393788249658e-06 0.00045060854097848799 -0.00028757842863066772 0.00035032062751654924 0 0.0003331507086668253 -0.00040028281027922118 0 0 0.00013532836831588098 0 -3.7540475013712531e-05 0.00042044050015763125 0 -0.00011600489747061781 -4.3563782607032242e-05 -6.9781024832010934e-07 0 -0.0003274641242629829 0.0002544818502100008 4.8016162005934688e-06 -8.0871102661885712e-05 0 0.00017303832572584867 1.1408531170910328e-06 -0.00023701633050654506 0 3.11401358433731e-06 2.6841938853921512e-05 -0.00014907716940749531 -2.7475675602117653e-05
leaf_weight=1219 77 98 51 64 90 66 147 53 86 97 105 54 113 300 894 1077 254 51 51 143 491 66 64 160 58 57 11274 155 56 891
leaf_count=1219 77 98 51 64 90 66 147 53 86 97 105 54 113 300 894 1077 254 51 51 143 491 66 64 160 58 57 11274 155 56 891
internal_value=-3.51523e-06 -2.60892e-05 -1.37484e-05 -2.34949e-05 3.90856e-05 -3.92412e-05 -8.12392e-05 -0.000235402 -4.6915e-05 0 0 8.84059e-05 -6.91258e-07 -7.93876e-05 1.05371e-06 2.42858e-05 0.000106927 -3.85366e-06 6.62606e-06 -4.20293e-05 -6.13709e-05 2.40333e-05 8.99739e-05 -2.50291e-05 -7.60754e-05 -0.000143154 -1.4529e-06 -2.83831e-05 -5.47954e-05 4.6048e-07
internal_weight=18362 2602 2504 2453 429 2024 805 119 686 239 15760 159 15601 447 14854 1640 461 1179 1128 747 604 384 130 339 179 115 13214 1049 153 12165
internal_count=18362 2602 2504 2453 429 2024 805 119 686 239 15760 159 15601 447 14854 1640 461 1179 1128 747 604 384 130 339 179 115 13214 1049 153 12165
is_linear=0
shrinkage=0.05


Tree=131
num_leaves=31
num_cat=0
split_feature=131 108 77 117 47 92 29 89 92 92 83 81 81 85 134 59 105 51 32 105 115 128 114 138 86 16 133 50 103 100
split_gain=0.000564656 0.00248404 0.00263201 0.000886758 0.00348477 0.000823097 0.00102038 0.00150686 0.000474431 0.000441196 0.000438459 0.00313442 0.000498534 0.000435428 0.000422803 0.000879753 0.000511358 0.000292182 0.000500669 0.000423748 0.000276336 0.000957345 0.000631678 0.0035874 0.00059913 0.000447765 0.000390024 0.0007517 0.000775165 0.000403676
threshold=34.954889260841185 292.00600275000005 287.96094030000006 1.0000000180025095e-35 99.500000000000014 1.7500000000000004 28.600000000000005 40.050000000000004 17.450000000000006 6.2500000000000018 35.100000000000001 53.850000000000001 51.650000000000013 274.98608195000003 4.2100000000000017 4.7920500000000006 20.500000000000004 8.5000000000000018 9.6500000000000004 27.500000000000004 24.350000000000005 9.3670449298201355 38.050000000000004 4.2950000000000008 7.5000000000000009 0.69500000000000017 82.02000000000001 1018.7500000000001 1616.7000000000005 -0.19999999999987492
decision_type=2 2 2 2 2 2 2 2 2 2 2 2 2 2 2 2 2 2 2 2 2 2 2 2 2 2 2 2 2 2
left_child=1 2 3 5 17 -1 7 -7 9 -8 12 -12 20 -14 16 -16 -10 18 -5 -20 22 -22 26 -24 -25 -26 -2 28 -28 -29
right_child=10 -3 -4 4 -6 6 8 -9 14 -11 11 -13 13 -15 15 -17 -18 -19 19 -21 21 -23 23 24 25 -27 27 29 -30 -31
leaf_value=-6.9964758213540946e-06 1.1088081803034077e-06 -0.00027334474490025326 0.00033314143404053405 0 0.00031667622406250586 -0.00041484428380499598 0 0 0 -0.00011022392252152261 -3.5681159800382595e-05 0.00039980070578696377 0 -0.00015696659711437336 0 0.00023966791425244504 -0.0001580050179965779 2.1110535931106294e-06 -0.00021764861203765206 0 -0.00018718318311793962 0 0.00040987578708732075 -8.9716677537052741e-05 0.00014407761160374575 0 -0.00022905875951727178 0.00012815583061918996 0 -3.6608377783603472e-05
leaf_weight=1219 14347 98 51 71 90 56 147 63 72 300 105 54 128 94 55 51 61 150 67 51 86 317 62 123 77 87 90 54 58 78
leaf_count=1219 14347 98 51 71 90 56 147 63 72 300 105 54 128 94 55 51 61 150 67 51 86 317 62 123 77 87 90 54 58 78
internal_value=-3.34117e-06 -2.49212e-05 -1.30973e-05 -2.24662e-05 3.71764e-05 -3.75891e-05 -7.76455e-05 -0.000224394 -4.46216e-05 -7.55035e-05 0 8.25427e-05 -6.21131e-07 -7.49316e-05 0 8.57913e-05 -4.4844e-05 -2.30343e-05 -6.92129e-05 -0.000134784 1.31265e-07 -4.02622e-05 1.5547e-06 6.79368e-05 0 5.50339e-05 0 -5.83711e-05 -0.000137978 0
internal_weight=18362 2602 2504 2453 429 2024 805 119 686 447 15760 159 15601 222 239 106 133 339 189 118 15379 403 14976 349 287 164 14627 280 148 132
internal_count=18362 2602 2504 2453 429 2024 805 119 686 447 15760 159 15601 222 239 106 133 339 189 118 15379 403 14976 349 287 164 14627 280 148 132
is_linear=0
shrinkage=0.05


Tree=132
num_leaves=31
num_cat=0
split_feature=131 108 77 117 74 9 92 29 86 52 19 92 28 119 83 131 10 89 85 133 121 22 28 114 92 90 103 61 87 13
split_gain=0.000514348 0.00223887 0.00238482 0.000816591 0.0025417 0.00541478 0.000749197 0.00092655 0.00134715 0.000715377 0.000562898 0.000430059 0.000699767 0.000398448 0.00166514 0.000785859 0.000561865 0.000535752 0.000910504 0.000437428 0.000423056 0.000478127 0.000408427 0.00186759 0.000396464 0.000379556 0.00033197 0.000569011 0.00104678 0.000746162
threshold=34.954889260841185 292.00600275000005 287.96094030000006 1.0000000180025095e-35 25.807142857142868 0.26361111111111118 1.7500000000000004 28.600000000000005 3.5000000000000004 6.5000000000000009 -0.00069857142857142882 17.450000000000006 25.600000000000005 17.750000000000004 35.100000000000001 60.081975585883832 30.275000000000002 47.750000000000007 276.63329590000006 8.4250000000000025 0.15000000000000005 4.5000000000000009 7.0500000000000007 29.350000000000005 6.2500000000000018 23.101020408163269 737.55000000000007 211.50000000000003 1.0000000180025095e-35 0.0011338282986111112
decision_type=2 2 2 2 2 2 2 2 2 2 2 2 2 10 2 2 2 2 2 2 10 2 2 2 2 2 2 2 2 2
left_child=1 2 3 6 5 -5 -1 8 -8 10 -6 24 -13 17 15 -15 -17 22 20 -20 21 -19 23 25 -9 -2 -24 28 29 -28
right_child=13 -3 -4 4 9 -7 7 11 -10 -11 -12 12 -14 14 -16 16 -18 18 19 -21 -22 -23 26 -25 -26 -27 27 -29 -30 -31
leaf_value=-6.6469386780731673e-06 0 -0.00025981556111807062 0.0003168046930099641 -2.1590651615026201e-05 -0.00026822662157141363 0.00046263452069304767 -0.00036446895764319343 0 0 0 0 0.00012472383631042061 -5.0711924817166285e-05 -9.405486091054628e-05 0.00025314940706755131 1.1860504195390222e-05 0.00017218776309806238 -0.00013320628658318608 0 -0.00020169645661639171 8.5749760167840684e-05 0 -4.153131589082794e-05 0.00026742923189745997 -0.00010473103595260935 0.00010194358246946266 6.3286685899376091e-05 -3.3663350025499675e-06 0.0002080021241190582 -4.7184562306098332e-05
leaf_weight=1219 914 98 51 110 56 90 66 147 53 91 82 86 153 145 77 1060 67 92 59 116 84 477 522 77 300 94 349 11304 88 235
leaf_count=1219 914 98 51 110 56 90 66 147 53 91 82 86 153 145 77 1060 67 92 59 116 84 477 522 77 300 94 349 11304 88 235
internal_value=-3.21596e-06 -2.38108e-05 -1.24782e-05 -2.14881e-05 3.55212e-05 0.000172653 -3.60523e-05 -7.43134e-05 -0.000214714 -6.27351e-05 -0.000139208 -4.2403e-05 0 0 2.61529e-05 8.29596e-06 2.59688e-05 -2.24684e-06 -4.12725e-05 -0.000144328 -5.83066e-06 -2.82491e-05 0 2.95431e-05 -7.1813e-05 6.16882e-06 -2.42022e-06 -2.94685e-07 4.38737e-05 1.02817e-05
internal_weight=18362 2602 2504 2453 429 200 2024 805 119 229 138 686 239 15760 1349 1272 1127 14411 828 175 653 569 13583 1085 447 1008 12498 11976 672 584
internal_count=18362 2602 2504 2453 429 200 2024 805 119 229 138 686 239 15760 1349 1272 1127 14411 828 175 653 569 13583 1085 447 1008 12498 11976 672 584
is_linear=0
shrinkage=0.05


Tree=133
num_leaves=31
num_cat=0
split_feature=139 110 19 80 142 115 29 100 84 96 94 138 4 36 114 128 11 69 83 84 139 76 48 117 132 2 32 110 11 126
split_gain=0.00049309 0.00077495 0.00281313 0.00189446 0.000741006 0.00196524 0.00823233 0.000727259 0.0019454 0.0036246 0.000716638 0.0021179 0.00405529 0.00100134 0.000711931 0.000989584 0.000646615 0.000659594 0.0014097 0.00481007 0.000641087 0.00185313 0.000561402 0.000548433 0.000475632 0.000461401 0.000502029 0.000506581 0.000425702 0.000465864
threshold=59.043261275430304 31.150000000000002 -0.0062885714285714255 37.062500000000007 336.7235080293604 14.450000000000001 26.350000000000005 -2.950000000000045 13.550000000000002 32.812500000000007 13.500000000000002 5.4300000000000006 0.00018379200000000003 263.83673105000008 39.550000000000004 9.3587172494913577 0.0046724841944444451 279.81364110000004 30.450000000000003 7.1500000000000021 85.299518965764761 3.9500000000000006 18.500000000000004 1.4500000000000002 3.5000000000000004 1.4350000000000002e-05 9.5500000000000025 15.750000000000002 0.0035308908819444451 86.500000000000014
decision_type=2 2 2 2 2 2 2 2 2 2 2 2 2 2 2 2 2 2 2 2 2 2 2 2 2 2 2 2 2 2
left_child=4 3 -3 7 14 23 -7 20 10 -10 28 12 -12 -13 16 -16 17 18 -1 -20 -2 -22 -18 -6 -19 -8 27 -27 -9 -30
right_child=1 2 -4 -5 5 6 25 8 9 -11 11 13 -14 -15 15 -17 22 24 19 -21 21 -23 -24 -25 -26 26 -28 -29 29 -31
leaf_value=-5.5846989081035724e-07 -2.0586287175222898e-05 -0.00040816371999588752 -2.8511823612540255e-05 0.000247901824059483 -5.1265443829224011e-07 0.00060170054266219831 -3.331930099452814e-07 -7.0389623034496458e-06 0.00051450105776334229 0 0 0.00016237267708325766 0.00055333858409506291 -4.1114162505695234e-05 -0.00019796133444109341 -7.642296677150861e-06 0 -7.0788613518323927e-05 0 0.0005022785488390289 -1.1711216055595822e-05 -0.00036634152531852854 0.00016692633537220317 0.00014433092803852615 -6.522274684915111e-06 0 0 0.00027063747428320841 -0.00010543264239479859 0
leaf_weight=5632 1079 55 862 70 2394 73 290 3589 51 58 104 68 53 404 111 348 71 551 216 61 182 60 105 65 1046 56 187 56 260 205
leaf_count=5632 1079 55 862 70 2394 73 290 3589 51 58 104 68 53 404 111 348 71 551 216 61 182 60 105 65 1046 56 187 56 260 205
internal_value=-3.09503e-06 -1.35496e-05 -5.71491e-05 -6.26657e-06 3.0526e-06 2.40226e-05 0.000100604 -1.00349e-05 0 0.000206782 -5.84466e-06 4.18113e-05 0.000201194 -9.46133e-07 -4.3745e-06 -6.4867e-05 -1.01306e-07 -2.97622e-06 3.98674e-06 0.000114056 -4.29071e-05 -0.000121358 9.35828e-05 1.34066e-06 -3.18549e-05 2.91096e-05 7.42388e-05 0.000160433 -1.44803e-05 -6.10464e-05
internal_weight=18362 7100 917 6183 11262 3121 662 6113 4792 109 4683 629 157 472 8141 459 7682 7506 5909 277 1321 242 176 2459 1597 589 299 112 4054 465
internal_count=18362 7100 917 6183 11262 3121 662 6113 4792 109 4683 629 157 472 8141 459 7682 7506 5909 277 1321 242 176 2459 1597 589 299 112 4054 465
is_linear=0
shrinkage=0.05


Tree=134
num_leaves=31
num_cat=0
split_feature=131 108 69 77 120 106 141 50 138 92 91 90 41 85 138 100 89 141 115 31 133 92 115 134 30 34 81 24 12 0
split_gain=0.000455732 0.00198135 0.00221878 0.000686971 0.00230258 0.000686285 0.000871933 0.00115452 0.000664808 0.000647628 0.00114719 0.000786893 0.000485888 0.000364944 0.00901142 0.0011474 0.000969271 0.000909063 0.000877012 0.000623421 0.000513901 0.000843151 0.00044385 0.000714325 0.000386085 0.000374814 0.00229932 0.000720723 0.00107468 0.000565744
threshold=34.954889260841185 292.00600275000005 290.21383710000003 278.30742735000007 267.04136160000002 30.550000000000004 28.365000000000006 1017.1500000000002 2.6750000000000003 1.7500000000000004 13.550000000000002 19.127551020408166 49.500000000000007 280.06997175000004 4.2950000000000008 0.90000000000003422 55.250000000000007 38.640000000000008 9.8500000000000032 15.550000000000002 82.02000000000001 3.1500000000000008 24.750000000000004 8.3400000000000016 -1.6271428571428566 0.41530276352684597 39.850000000000001 62.750000000000007 0.066794425000000004 0.16045000000000001
decision_type=2 2 2 2 8 2 2 2 2 2 2 2 2 2 2 2 2 2 2 2 2 2 2 2 2 2 2 2 2 2
left_child=1 2 3 4 -1 6 7 -5 -6 -10 -11 -12 -13 16 -15 17 20 18 -16 -18 22 -22 25 -24 -20 -2 27 29 -29 -27
right_child=13 -3 -4 5 8 -7 -8 -9 9 10 11 12 -14 14 15 -17 19 -19 24 -21 21 -23 23 -25 -26 26 -28 28 -30 -31
leaf_value=0.00025330412800502491 0 -0.00024454577861645087 0.0002476438999396383 -0.00036610719222654307 0.000133731420295497 4.6986343880788624e-07 -3.4041351164814731e-05 -2.7858890604338939e-06 -1.1563437918821867e-06 -0.00030914892914363424 8.2656883936672396e-05 0 -0.00010784640411907277 0.000601059173924341 0.00010414530908268429 -0.00021900985410011899 0 0.00020315357163923966 -0.00013978906069823439 -0.00022656895469341321 0 -0.00019924929691457214 -0.00017700252269472853 -8.4751508027071681e-07 0 6.2905332875789651e-06 0.00033066545323860936 0 0.00030127322831414831 -0.00015906913931118012
leaf_weight=80 12995 98 76 68 58 132 336 77 1155 52 77 114 279 63 75 65 50 50 127 77 147 84 88 353 148 1212 60 63 50 53
leaf_count=80 12995 98 76 68 58 132 336 77 1155 52 77 114 279 63 75 65 50 50 127 77 147 84 88 353 148 1212 60 63 50 53
internal_value=-2.99434e-06 -2.23819e-05 -1.15969e-05 -2.18686e-05 -3.43094e-06 -6.82217e-05 -9.74079e-05 -0.000208758 -1.82881e-05 -2.66021e-05 -7.32345e-05 -3.59167e-05 -7.19898e-05 0 4.10191e-05 -2.52547e-05 -1.20948e-06 0 -2.18658e-05 -0.000138221 0 -7.38897e-05 1.10324e-06 -4.76318e-05 -7.46012e-05 2.94194e-06 2.71659e-05 1.00951e-05 0.00013053 0
internal_weight=18362 2602 2504 2428 1815 613 481 145 1735 1677 522 470 393 15760 528 465 15232 400 350 127 15105 231 14874 441 275 14433 1438 1378 113 1265
internal_count=18362 2602 2504 2428 1815 613 481 145 1735 1677 522 470 393 15760 528 465 15232 400 350 127 15105 231 14874 441 275 14433 1438 1378 113 1265
is_linear=0
shrinkage=0.05


Tree=135
num_leaves=31
num_cat=0
split_feature=117 131 29 112 140 133 4 4 53 117 140 139 133 1 76 19 133 103 134 85 36 108 141 82 111 91 115 134 0 84
split_gain=0.000358168 0.00242257 0.00160073 0.000382901 0.000584324 0.000587071 0.000326212 0.000471886 0.00430214 0.000505262 0.00289874 0.00163307 0.00151479 0.000440415 0.000649143 0.00199329 0.000611522 0.000499788 0.00182223 0.00102156 0.000842496 0.00138073 0.000641466 0.000615968 0.000454831 0.000348124 0.000305628 0.000636045 0.000453164 0.000300319
threshold=1.8500000000000003 60.631396245768578 31.750000000000004 282.10680840000003 29.125000000000004 54.765000000000008 0.0051473125000000008 0.0049691315000000005 140.50000000000003 0.15000000000000005 77.430000000000021 89.303625086230099 80.210000000000022 0.00041533100000000007 1.8500000000000005 -0.0026585714285714272 88.200000000000003 535.65000000000009 6.9400000000000004 279.65964215000002 271.59163605000009 286.75570030000006 33.610000000000007 17.894000000000005 8.5500000000000025 16.150000000000002 24.350000000000005 8.9950000000000028 0.41135000000000005 14.350000000000003
decision_type=2 2 2 2 2 2 2 2 2 2 2 2 2 2 2 2 2 2 2 2 2 2 2 2 2 2 2 2 2 2
left_child=6 2 -2 -3 -5 -6 7 9 25 13 11 12 -11 14 17 -16 -15 18 -1 29 23 22 -22 -21 -17 -9 28 -28 -8 -19
right_child=1 3 -4 4 5 -7 26 8 -10 10 -12 -13 -14 16 15 24 -18 19 -20 20 21 -23 -24 -25 -26 -27 27 -29 -30 -31
leaf_value=0.00033160636844638486 -0.00037448969580249731 -1.4057825917685385e-05 0 0 0.00028103142777599361 0 -1.2702617727540557e-05 -0.00012351646898338232 0.00048406903058941116 1.1002765847437306e-05 0.00038089441459180371 -0.00023222738185245739 0.00028443381632273028 5.7668749656789032e-06 -0.00033538818558330702 9.6955897994014187e-05 0.00015201234918908756 -3.4168627999161196e-06 0 -0.00012554549954774512 -4.0668375993832407e-05 0 -0.00038655219340233258 9.4888893417191861e-05 -3.9509905832997875e-05 0 -0.00021172033563221913 0 9.751819408599906e-05 6.8054086316321138e-05
leaf_weight=50 76 121 73 51 50 68 3334 63 50 1107 57 60 56 6594 60 50 75 4833 129 51 66 73 65 79 638 78 60 96 87 149
leaf_count=50 76 121 73 51 50 68 3334 63 50 1107 57 60 56 6594 60 50 75 4833 129 51 66 73 65 79 638 78 60 96 87 149
internal_value=-7.84213e-07 -4.53952e-05 -0.000212867 2.39043e-05 8.04189e-05 0.000146678 3.03079e-08 3.66582e-06 8.23233e-05 2.24922e-06 3.22637e-05 1.16323e-05 2.86974e-05 -3.41259e-07 -1.02486e-05 -5.44202e-05 8.18373e-06 -3.31721e-06 7.64683e-05 -6.958e-06 -9.16021e-05 -0.000154875 -0.000251797 0 -2.22091e-05 -2.73341e-05 -1.31875e-05 -8.53708e-05 -8.41076e-06 -2.62694e-07
internal_weight=18399 439 149 290 169 118 17960 14383 191 14192 1280 1223 1163 12912 6243 748 6669 5495 179 5316 334 204 131 130 688 141 3577 156 3421 4982
internal_count=18399 439 149 290 169 118 17960 14383 191 14192 1280 1223 1163 12912 6243 748 6669 5495 179 5316 334 204 131 130 688 141 3577 156 3421 4982
is_linear=0
shrinkage=0.05


Tree=136
num_leaves=31
num_cat=0
split_feature=116 118 85 92 36 85 81 51 23 12 96 131 110 49 102 133 36 49 6 94 139 30 93 85 0 118 114 28 141 138
split_gain=0.0003809 0.00105719 0.00209073 0.00730054 0.000937643 0.000925851 0.000849127 0.000569617 0.000658663 0.000513922 0.000431772 0.000358729 0.00170228 0.000780164 0.00109614 0.000662351 0.0084359 0.000505614 0.000349137 0.000322264 0.000317281 0.000406001 0.000294567 0.00162892 0.000980672 0.0025458 0.000480856 0.000638764 0.00145107 0.000699128
threshold=286.68719745000004 26.750000000000004 280.06997175000004 11.850000000000003 271.08504800000009 283.96131250000002 47.95000000000001 388.50000000000006 21.731250000000006 0.084775520500000021 51.050000000000011 22.665618064776918 31.950000000000003 963.1500000000002 -0.099999999999999742 85.89500000000001 274.91630070000002 984.6500000000002 0.00030833333333333337 5.5000000000000009 8.3286580801970196 -1.3571428571428565 264.70543845000003 264.75749570000005 0.24405000000000002 21.750000000000004 24.650000000000002 7.0500000000000007 33.920000000000009 4.2600000000000007
decision_type=2 8 2 2 2 2 2 2 2 2 2 2 2 2 2 2 2 2 2 2 2 2 2 2 2 10 2 2 2 2
left_child=5 4 6 -4 9 10 -3 8 18 -2 11 12 13 19 -15 22 17 -17 -6 -1 -8 -22 -13 -24 26 -26 -25 28 -28 -29
right_child=1 2 3 -5 7 -7 20 -9 -10 -11 -12 15 -14 14 -16 16 -18 -19 -20 -21 21 -23 23 24 25 -27 27 29 -30 -31
leaf_value=0 0 0 0.00067448664631799562 -1.7396124061351037e-05 -1.7818803699795901e-05 0.00018818617675619797 0 0 0 -0.0001510249865733234 -0.00011919755642525597 -7.7552613550508853e-06 -0.00022334259374271143 0 0.00026752035665178822 -0.00017324421898829264 0.00054671942242041254 0 -0.00029641537642794764 -8.0828134722021522e-05 -0.00022166626927997538 0 0.00025109759812217504 -3.6278533991700288e-06 0 0.00042013522302773243 0 6.1442676722525536e-05 0.00026135525538207238 0
leaf_weight=220 590 1760 50 102 60 66 109 74 53 65 72 4535 99 81 58 87 71 62 108 194 84 64 68 6880 83 50 73 567 87 1927
leaf_count=220 590 1760 50 102 60 66 109 74 53 65 72 4535 99 81 58 87 71 62 108 194 84 64 68 6880 83 50 73 567 87 1927
internal_value=-7.3547e-07 -1.68545e-05 1.60123e-07 0.000180438 -6.09187e-05 2.22849e-06 -1.10305e-05 -0.000138193 -0.000178543 -1.83362e-05 1.08084e-06 1.99079e-06 -3.34924e-05 0 0.00010289 3.93465e-06 9.04576e-05 -9.58178e-05 -0.000227197 -3.35926e-05 -9.58105e-05 -0.000145666 2.24412e-06 7.41616e-06 5.15908e-06 0.0001403 2.73495e-06 2.11077e-05 0.000121668 1.26062e-05
internal_weight=18399 3119 2169 152 950 15280 2017 295 221 655 15214 15142 652 553 139 14490 220 149 168 414 257 148 14270 9735 9667 133 9534 2654 160 2494
internal_count=18399 3119 2169 152 950 15280 2017 295 221 655 15214 15142 652 553 139 14490 220 149 168 414 257 148 14270 9735 9667 133 9534 2654 160 2494
is_linear=0
shrinkage=0.05


Tree=137
num_leaves=31
num_cat=0
split_feature=116 77 103 85 102 103 114 98 32 138 131 51 74 38 28 117 33 66 65 90 95 114 47 129 92 74 134 133 131 19
split_gain=0.000357377 0.000863196 0.00108061 0.000837016 0.000615087 0.000486158 0.000494003 0.000864735 0.00105983 0.00157058 0.000641085 0.000416967 0.000324216 0.00137644 0.00164296 0.000910988 0.00376049 0.00063536 0.00278303 0.000855005 0.00117644 0.000795228 0.00223417 0.00061212 0.000526778 0.00445296 0.00771175 0.00144282 0.00115178 0.00287628
threshold=286.68719745000004 283.42347405000004 587.85000000000002 283.96131250000002 3.5499999999999998 691.75000000000011 34.250000000000007 -1.6000000000000008 5.9500000000000011 4.4250000000000007 93.479068726514683 588.50000000000011 25.164285714285718 0.95000000000000007 17.200000000000006 1.6500000000000001 0.35104534029834689 24.525000000000002 25.350000000000005 21.309183673469388 3.5000000000000004 38.050000000000004 99.500000000000014 5.5000000000000009 22.850000000000005 30.342857142857145 5.79 75.450000000000017 51.951731884366289 -0.0023528571428571413
decision_type=2 2 2 2 2 2 2 2 2 2 2 2 2 2 2 2 2 2 2 2 2 2 2 2 2 2 2 2 2 2
left_child=3 2 -2 12 5 -4 -7 10 9 -9 -8 -3 13 17 -15 24 -17 21 -19 -20 23 -1 -23 -21 28 27 -27 -26 29 -14
right_child=1 11 4 -5 -6 6 7 8 -10 -11 -12 -13 15 14 -16 16 -18 18 19 20 -22 22 -24 -25 25 26 -28 -29 -30 -31
leaf_value=-2.5239130661180597e-06 0.00019400920548040662 -0.00017886712652458408 -0.00015812062593307716 0.0001789173003581071 0.00011064462389849188 0 -0.00024982266262242093 0.00032059244598198319 -5.1386147487387861e-05 0 -3.3041854772558745e-06 0 -0.0002634994084261868 0 0.00038448904212617777 -0.00048418894855678773 0 0.00037484597865795882 -1.6674268059976391e-06 2.0096017878019122e-05 0 0 0.00038409941857703512 0.00029881950629431515 0 0.0007742340072924409 0 -0.00028548261697274442 2.7809170274164928e-06 -1.761489650670866e-05
leaf_weight=7744 61 120 68 66 84 1954 87 52 437 68 104 84 144 50 52 50 113 59 879 88 93 63 50 76 162 50 74 54 4376 1037
leaf_count=7744 61 120 68 66 84 1954 87 52 437 68 104 84 144 50 52 50 113 59 879 88 93 63 50 76 162 50 74 54 4376 1037
internal_value=-7.66085e-07 -1.63807e-05 -7.5537e-06 2.09487e-06 -1.36796e-05 -1.92927e-05 -1.38918e-05 -4.84284e-05 -7.06374e-06 0.000112112 -0.000142351 -0.000117469 9.87468e-07 7.21221e-06 0.000190239 -7.59008e-06 -0.000124821 4.57673e-06 3.8557e-05 1.63795e-05 9.72512e-05 0 0.000130409 0.000180592 -3.48132e-06 5.50931e-05 0.000300559 -6.35167e-05 -7.97402e-06 -5.20234e-05
internal_weight=18399 3119 2915 15280 2854 2770 2702 748 557 120 191 204 15214 9154 102 6060 163 9052 1195 1136 257 7857 113 164 5897 340 124 216 5557 1181
internal_count=18399 3119 2915 15280 2854 2770 2702 748 557 120 191 204 15214 9154 102 6060 163 9052 1195 1136 257 7857 113 164 5897 340 124 216 5557 1181
is_linear=0
shrinkage=0.05


Tree=138
num_leaves=31
num_cat=0
split_feature=116 118 85 141 120 81 131 102 116 105 81 96 131 54 42 133 56 114 49 50 84 23 6 142 23 62 100 100 8 8
split_gain=0.000329977 0.000952902 0.000756415 0.000734184 0.0030679 0.000780694 0.000607574 0.000494749 0.00127286 0.000530389 0.000396827 0.000392921 0.000332321 0.00181074 0.000673156 0.000580925 0.00756989 0.000560855 0.000457657 0.000327415 0.00124199 0.00150443 0.00371018 0.00165211 0.00049113 0.000413036 0.000351148 0.00199879 0.00164058 0.00040755
threshold=286.68719745000004 22.250000000000004 283.96131250000002 38.720000000000006 271.31955505000002 47.95000000000001 65.720713804132885 1.6500000000000006 294.00043860000005 5.5000000000000009 31.650000000000002 51.050000000000011 22.665618064776918 0.23500000000000001 0.49500000000000005 85.89500000000001 1.7682578000000151 22.350000000000005 984.05000000000007 1009.4500000000002 7.1500000000000021 18.846527777777784 0.00030833333333333337 67.502894249168733 26.115972222222226 27.650000000000002 5.3500000000000236 5.400000000000035 0.067883565386171033 0.052445627852836664
decision_type=2 8 2 2 8 2 2 2 2 2 2 2 2 2 2 2 2 2 2 2 2 2 2 2 2 2 2 2 2 2
left_child=2 10 11 5 -5 7 -7 9 -9 -3 -2 12 13 14 17 19 18 -1 -17 24 26 22 -22 -23 25 -14 -21 -28 29 -29
right_child=1 3 -4 4 -6 6 -8 8 -10 -11 -12 -13 15 -15 -16 16 -18 -19 -20 20 21 23 -24 -25 -26 -27 27 28 -30 -31
leaf_value=0 0 -0.00010606375046227185 0.00017010497538187826 0.00031213763205124742 -3.7891971914959097e-05 -0.00024413854735131385 -2.8617209360745324e-05 0 0.00021313005501663238 -3.321811790781619e-06 -0.00012669861402849291 -0.00011382971504744627 -6.3919459890722993e-05 -0.00031961375781440227 0.00014099877185261986 -0.00016683257025301029 0.00051761537467528897 -9.7630619507658753e-05 0 -3.0393198770848565e-06 0 0.00025903539130169001 0.00049421726795337631 0 1.775729017691909e-05 -9.4639738057449588e-06 0.00025141232922448715 3.072352166288136e-06 0.0002786283084521899 -0.00013497269137496915
leaf_weight=352 69 149 66 90 141 62 246 311 88 1709 254 72 463 50 65 84 71 185 65 6632 53 69 65 569 1209 3223 90 1790 53 54
leaf_count=352 69 149 66 90 141 62 246 311 88 1709 254 72 463 50 65 84 71 185 65 6632 53 69 65 569 1209 3223 90 1790 53 54
internal_value=-7.46207e-07 -1.57565e-05 1.99136e-06 -4.45518e-06 7.76891e-05 -1.38289e-05 -8.88323e-05 -1.34447e-06 4.63851e-05 -1.43033e-05 -9.78366e-05 9.22311e-07 1.80562e-06 -3.23397e-05 0 3.68921e-06 8.4757e-05 -2.62518e-05 -9.02468e-05 2.08318e-06 7.82991e-06 6.94446e-05 0.000239837 2.97793e-05 -7.90118e-06 -1.76757e-05 1.83802e-06 2.06255e-05 6.91518e-06 0
internal_weight=18399 3119 15280 2796 231 2565 308 2257 399 1858 323 15214 15142 652 602 14490 220 537 149 14270 9375 756 118 638 4895 3686 8619 1987 1897 1844
internal_count=18399 3119 15280 2796 231 2565 308 2257 399 1858 323 15214 15142 652 602 14490 220 537 149 14270 9375 756 118 638 4895 3686 8619 1987 1897 1844
is_linear=0
shrinkage=0.05


Tree=139
num_leaves=31
num_cat=0
split_feature=117 131 93 22 43 43 92 119 29 28 89 85 90 106 86 22 136 138 59 80 131 160 131 113 62 122 85 41 22 43
split_gain=0.000318056 0.00217525 0.00157165 0.000400846 0.000336018 0.000736319 0.00191832 0.000346453 0.00106615 0.000788192 0.000571577 0.000900038 0.00106074 0.000736004 0.00112197 0.000551028 0.000511455 0.000437158 0.000364044 0.000353847 0.00262899 0.000596754 0.00203296 0.000441397 0.000868521 0.000364862 0.00156344 0.00401625 0.00100348 0.00490281
threshold=1.8500000000000003 60.631396245768578 267.23502875000003 47.500000000000007 0.26150000000000007 0.27150000000000007 16.250000000000007 18.550000000000004 24.450000000000003 37.050000000000004 45.95000000000001 276.29175730000003 24.301020408163268 18.750000000000004 12.500000000000002 4.5000000000000009 0.65500000000000014 3.8650000000000007 6.3678000000000008 38.26250000000001 29.301636672347289 0.4520408163265307 28.932590165984791 2.6500000000000008 36.95000000000001 11.500000000000002 281.19715975000003 43.500000000000007 1.0000000180025095e-35 0.32850000000000007
decision_type=2 2 2 2 2 2 2 10 2 2 2 2 2 2 2 2 2 2 2 2 2 2 2 2 2 2 2 2 2 2
left_child=4 2 -2 -3 -1 6 -6 10 -9 -10 19 13 -13 14 -12 17 18 -15 -14 21 -21 23 -23 25 -25 26 28 -28 29 -7
right_child=1 3 -4 -5 5 7 -8 8 9 -11 11 12 16 15 -16 -17 -18 -19 -20 20 -22 22 -24 24 -26 -27 27 -29 -30 -31
leaf_value=-2.7556999895972354e-05 0 0 -0.00032840377481852071 0.00014424020975341341 0 0.0004080780731229526 0.00030938708176264694 0.00023984578678456445 -6.0741480395250845e-06 9.9242346627565622e-05 0 -0.00031688752857917285 -0.00015726321682003593 -0.00020795953838188168 0.00026598045350640737 0 2.8693697058291657e-05 -2.2306641355797387e-06 0 0.00035331001906827931 0 -0.00030929816402008398 -1.0237385599765143e-05 0 0.00025106953535248736 -6.3473993372361943e-06 -3.9415995092389891e-05 0.00048829883221696957 3.3788872523225008e-07 -5.068668202789012e-06
leaf_weight=1018 57 236 92 54 188 89 69 58 799 208 180 55 113 72 55 606 75 130 153 59 390 66 710 62 52 6615 53 59 5777 249
leaf_count=1018 57 236 92 54 188 89 69 58 799 208 180 55 113 72 55 606 75 130 153 59 390 66 710 62 52 6615 53 59 5777 249
internal_value=-7.28204e-07 -4.27702e-05 -0.000201673 2.21036e-05 2.338e-08 1.97725e-06 8.59203e-05 3.79544e-07 2.81738e-05 1.0796e-05 -1.19712e-06 -3.13884e-05 -9.60791e-05 -1.9693e-06 7.0013e-05 -2.91459e-05 -4.50225e-05 -0.000100854 -8.45634e-05 1.51595e-06 4.51469e-05 0 -4.24733e-05 2.63833e-06 0.000100849 1.3694e-06 1.03696e-05 0.00019619 6.1171e-06 8.98521e-05
internal_weight=18399 439 149 290 17960 16942 257 16685 1065 1007 15620 1439 396 1043 235 808 341 202 266 14181 449 13732 776 12956 114 12842 6227 112 6115 338
internal_count=18399 439 149 290 17960 16942 257 16685 1065 1007 15620 1439 396 1043 235 808 341 202 266 14181 449 13732 776 12956 114 12842 6227 112 6115 338
is_linear=0
shrinkage=0.05


Tree=140
num_leaves=31
num_cat=0
split_feature=104 93 93 137 85 138 81 81 43 31 119 116 25 104 119 30 13 93 93 85 50 0 120 81 131 43 50 131 96 14
split_gain=0.000645578 0.00127542 0.00300813 0.00270298 0.00104257 0.011324 0.00138525 0.000497283 0.000414608 0.000385609 0.000372533 0.000365835 0.000697139 0.000441733 0.000394518 0.000435652 0.000419492 0.000374165 0.000338475 0.00234298 0.00517464 0.000675366 0.00256499 0.000656915 0.00286005 0.0010486 0.000741325 0.000646938 0.000685706 0.000725031
threshold=1.0000000180025095e-35 267.29493785000005 267.76403625000006 1.0000000180025095e-35 280.06997175000004 4.120000000000001 55.050000000000004 38.350000000000001 0.35850000000000004 33.45000000000001 14.65 290.72064250000005 16.500000000000004 0.75000000000000011 17.750000000000004 -1.2357142857142864 0.0013446454027777781 272.68043855000002 264.69580155000006 264.75749570000005 1021.6500000000002 0.24405000000000002 268.78531460000005 40.250000000000007 29.301636672347289 0.42750000000000005 1022.5500000000001 49.734544032813524 32.812500000000007 0.0052208640000000013
decision_type=2 2 2 2 2 2 2 2 2 2 10 2 2 2 8 2 2 2 2 2 2 2 10 2 2 2 2 2 2 2
left_child=1 3 -3 -1 6 -6 11 -4 -7 -5 -9 18 13 17 15 16 -14 -13 -2 20 -20 23 -23 27 -25 26 -26 28 -21 -30
right_child=4 2 7 9 5 8 -8 10 -10 -11 -12 12 14 -15 -16 -17 -18 -19 19 21 -22 22 -24 24 25 -27 -28 -29 29 -31
leaf_value=0.00028850773456259388 -8.4164497849808605e-06 -0.00037496963139613704 -1.3861026476271689e-05 -5.0073149602298695e-05 0.00077544130719616085 0 -0.00021562193561500562 -0.00016594429350730465 -0.00012563040638633539 6.3025909914014497e-05 0 0.00017217054827500157 -5.5189068649145948e-05 0 -1.3408799147730935e-05 0 -0.00026912125203247642 0 0.00061271208901795095 -7.9713086255913921e-06 -1.2649377317261078e-05 0 0.00040217588794464474 0.00030135404781136228 -4.3491770575700895e-06 0.00021647899615763 0.00013940365255969464 2.5170347498172915e-06 0 -0.00016444683399183629
leaf_weight=85 4830 74 935 295 50 157 74 123 79 73 73 74 190 285 570 115 66 52 50 983 54 103 50 93 1491 60 93 6892 162 188
leaf_count=85 4830 74 935 295 50 157 74 123 79 73 73 74 190 285 570 115 66 52 50 983 54 103 50 93 1491 60 93 6892 162 188
internal_value=-2.50536e-06 -3.2285e-05 -6.07088e-05 3.22774e-05 1.43912e-07 9.48674e-05 -1.20264e-06 -3.5417e-05 -3.08884e-05 -1.39776e-05 -0.000112275 0 -2.51151e-05 2.11018e-05 -5.06101e-05 -9.41352e-05 -0.000130631 0.000100698 2.0158e-06 7.43616e-06 0.000243358 4.49239e-06 0.000109204 2.37153e-06 3.05797e-05 1.20487e-05 1.01891e-06 -2.98078e-06 -3.51348e-05 -9.69404e-05
internal_weight=18419 1658 1205 453 16761 286 16475 1131 236 368 196 16401 1352 411 941 371 256 126 15049 10219 104 10115 153 9962 1737 1644 1584 8225 1333 350
internal_count=18419 1658 1205 453 16761 286 16475 1131 236 368 196 16401 1352 411 941 371 256 126 15049 10219 104 10115 153 9962 1737 1644 1584 8225 1333 350
is_linear=0
shrinkage=0.05


Tree=141
num_leaves=31
num_cat=0
split_feature=104 93 93 66 86 84 96 81 103 53 28 23 86 135 108 141 18 111 134 88 41 33 36 18 36 96 113 134 91 133
split_gain=0.000588526 0.0011711 0.00270124 0.00194961 0.00243882 0.000838333 0.00101164 0.000447017 0.000440076 0.00170009 0.00132812 0.00185549 0.00117284 0.00272571 0.000852913 0.000830382 0.000609418 0.000940197 0.000557203 0.00055283 0.000486277 0.000436551 0.00109385 0.00037223 0.00113509 0.000344205 0.00191701 0.00604329 0.00099486 0.000956188
threshold=1.0000000180025095e-35 267.29493785000005 267.76403625000006 32.07500000000001 12.500000000000002 17.350000000000005 34.88750000000001 38.350000000000001 1032.0000000000002 296.50000000000006 37.70000000000001 25.202777777777779 3.5000000000000004 6.8750000000000009 283.43631760000005 38.660000000000004 0.069356250000000022 12.950000000000001 6.5150000000000015 51.037500000000009 56.500000000000007 0.93389627255820484 271.17220375000005 0.063537500000000011 269.33521485000006 32.912500000000009 0.75000000000000011 5.4450000000000012 17.650000000000002 88.64500000000001
decision_type=2 2 2 2 2 2 2 2 2 2 2 2 2 2 2 2 2 2 2 2 2 2 2 2 2 2 2 2 2 2
left_child=1 3 -3 5 -5 6 -1 -4 9 10 12 -12 14 -14 18 21 19 -18 20 23 -2 -15 -23 25 -25 26 29 -28 -27 -10
right_child=8 2 7 4 -6 -7 -8 -9 16 -11 11 -13 13 15 -16 -17 17 -19 -20 -21 -22 22 -24 24 -26 28 27 -29 -30 -31
leaf_value=0.00021551687961349401 -7.0178953034609271e-06 -0.00035647112586860511 -1.3168715563561531e-05 0.00047136354450462849 0 -0.00016408851621817341 -1.6272133152902505e-05 -0.00010709451565444075 2.5054117809114444e-06 0.00024613943550923662 0 0.00030128142602754661 0.00036516956555570935 1.6806197198822645e-05 -0.00020201832775790924 0.00015594548494762464 -0.0001431764787324112 0 0 -0.00015484457743225686 -0.00022452252718055431 0 -0.00023444804350219786 0 0.00025656740628427974 -7.2993829253542404e-05 0.00061574078332753601 0 -2.672210368800668e-06 -0.00021218465309525179
leaf_weight=53 155 74 935 50 57 78 215 196 8279 82 111 89 62 360 75 86 193 168 916 57 57 122 67 127 56 587 52 142 4867 51
leaf_count=53 155 74 935 50 57 78 215 196 8279 82 111 89 62 360 75 86 193 168 916 57 57 122 67 127 56 587 52 142 4867 51
internal_value=-2.44693e-06 -3.08756e-05 -5.81749e-05 3.06967e-05 0.00022015 -1.39477e-05 1.16102e-05 -3.39431e-05 6.86196e-08 2.12829e-05 1.001e-05 0.000132534 -3.19984e-07 4.84742e-05 -3.27602e-05 9.16555e-06 -2.76478e-06 -6.70287e-05 -1.69087e-05 -7.7685e-07 -8.97516e-05 -4.97813e-06 -7.26579e-05 0 7.04952e-05 -1.07562e-06 4.79678e-06 0.000159904 -1.11693e-05 5.65503e-07
internal_weight=18419 1658 1205 453 107 346 268 1131 16761 2182 2100 200 1900 697 1203 635 14579 361 1128 14218 212 549 189 14161 183 13978 8524 194 5454 8330
internal_count=18419 1658 1205 453 107 346 268 1131 16761 2182 2100 200 1900 697 1203 635 14579 361 1128 14218 212 549 189 14161 183 13978 8524 194 5454 8330
is_linear=0
shrinkage=0.05


Tree=142
num_leaves=31
num_cat=0
split_feature=104 93 93 137 85 138 89 69 81 74 105 6 115 131 117 116 75 107 131 6 131 150 124 151 89 156 81 30 120 38
split_gain=0.000542035 0.0010626 0.00242608 0.00239019 0.000932974 0.0101052 0.00144866 0.00235608 0.000397248 0.000390023 0.00047576 0.000368175 0.000596613 0.00109902 0.000427527 0.000707554 0.000393758 0.000863393 0.00518394 0.0161216 0.000612484 0.000539989 0.000486497 0.000592846 0.000765035 0.000577958 0.000411943 0.00136083 0.00244048 0.000396403
threshold=1.0000000180025095e-35 267.29493785000005 267.76403625000006 1.0000000180025095e-35 280.06997175000004 4.120000000000001 55.050000000000004 279.81364110000004 38.350000000000001 28.43571428571429 11.500000000000002 0.0096638888888888903 24.350000000000005 86.399070695009968 2.4500000000000006 285.98183045000002 14.350000000000003 10.65 33.15434016127945 0.0022333333333333337 39.261172214758496 1.2785714285714287 0.60355339059327384 0.6428571428571429 34.050000000000004 0.38000000000000006 41.45000000000001 -1.2357142857142864 269.88630525000002 0.15000000000000005
decision_type=2 2 2 2 2 2 2 2 2 2 2 2 2 2 2 2 2 2 2 2 2 2 2 2 2 2 2 2 10 2
left_child=1 3 -3 -1 6 -6 11 -8 -4 -5 -11 14 -13 -14 16 -16 17 21 19 -19 22 26 23 24 -18 -26 29 -28 -29 -2
right_child=4 2 8 9 5 -7 7 -9 -10 10 -12 12 13 -15 15 -17 20 18 -20 -21 -22 -23 -24 -25 25 -27 27 28 -30 -31
leaf_value=0.00027009441412955375 -1.8937509867646529e-06 -0.00033888521238283531 -1.2510983089807977e-05 -6.8026452070555675e-05 0.00073278163644193003 -2.7990806950349557e-05 0 -0.00039218477093175269 -0.0001017669712794297 -1.4270402704087677e-05 0.00012567147746062802 -8.6061802071391639e-06 -0.00026731381413858829 0 0.00019454851975985016 0 0 0 1.7196830170838814e-06 0.00099308535623685306 0 -0.00014825904905968668 0 0 -0.00026831159836726554 0 -6.5687432998511342e-06 0 0.00038660081398171625 9.1940518097860909e-05
leaf_weight=85 5271 74 935 206 50 236 62 61 196 83 79 3283 65 70 77 60 112 134 1112 56 4993 57 184 145 108 69 257 115 70 114
leaf_count=85 5271 74 935 206 50 236 62 61 196 83 79 3283 65 70 77 60 112 134 1112 56 4993 57 184 145 108 69 257 115 70 114
internal_value=-2.35833e-06 -2.96402e-05 -5.57005e-05 2.8638e-05 4.37134e-08 8.96796e-05 -1.21421e-06 -0.000171473 -3.24721e-05 -1.41639e-05 2.36503e-05 0 -1.45145e-05 -0.000120312 3.9337e-06 9.26012e-05 2.58661e-06 1.06164e-05 4.76134e-05 0.000288619 -6.80632e-06 1.57351e-06 -5.3793e-05 -8.31483e-05 -0.000124423 -0.00018965 3.9223e-06 5.02705e-05 0.000155724 0
internal_weight=18419 1658 1205 453 16761 286 16475 123 1131 368 162 16352 3418 135 12934 137 12797 7186 1302 190 5611 5884 618 434 289 177 5827 442 185 5385
internal_count=18419 1658 1205 453 16761 286 16475 123 1131 368 162 16352 3418 135 12934 137 12797 7186 1302 190 5611 5884 618 434 289 177 5827 442 185 5385
is_linear=0
shrinkage=0.05


Tree=143
num_leaves=31
num_cat=0
split_feature=85 85 132 81 93 120 134 15 77 110 92 84 67 119 50 92 137 160 141 118 36 26 36 61 114 85 14 100 84 43
split_gain=0.000550913 0.000926736 0.0109568 0.00117872 0.000712837 0.00100801 0.000699835 0.000402515 0.000711632 0.000609879 0.000606793 0.000765792 0.000544741 0.000434598 0.000361725 0.000316707 0.000270991 0.000433877 0.000270297 0.000469981 0.00305554 0.000436381 0.000736074 0.000716755 0.000311873 0.000431258 0.000364891 0.0007308 0.00357723 0.00203059
threshold=281.40698775000004 280.06997175000004 3.5000000000000004 55.050000000000004 267.23502875000003 270.04781715000007 6.8250000000000011 0.0038979166666666672 276.26101250000005 29.050000000000004 15.350000000000003 2.5500000000000012 17.050000000000004 1.1500000000000001 1018.35 17.550000000000008 3.9000000000000008 0.026598639455782322 33.810000000000009 12.750000000000002 262.51106755000006 9.5000000000000018 266.33004065000006 144.25000000000003 39.95000000000001 275.03907270000008 0.015212125500000001 -5.3500000000000218 13.550000000000002 0.25450000000000006
decision_type=2 2 2 2 2 10 2 2 2 2 2 2 2 10 2 2 2 2 2 10 2 2 2 2 2 2 2 2 2 2
left_child=1 3 15 7 14 6 -6 18 10 13 11 16 -11 -10 -2 -3 -9 -18 24 -20 -21 -22 -23 -24 26 -26 -1 -28 29 -29
right_child=4 2 -4 -5 5 -7 -8 8 9 12 -12 -13 -14 -15 -16 -17 17 -19 19 20 21 22 23 -25 25 -27 27 28 -30 -31
leaf_value=-9.1090431606733914e-06 0.00012798909084202543 -0.00012423470562595453 0.00068108494190504819 -0.00018026222990683699 -0.00029028170924156964 0 0 -9.3693783427671053e-06 0 9.7627195845677477e-05 0.00015348727660239092 -0.00014743695166204195 -8.4311147151227536e-05 -0.0001452918057691477 -9.7098683457288886e-06 0 0 0.00015999454940383934 -2.7080983887230659e-06 0.0003898917456653332 4.8968454026491445e-06 -1.6555106615539554e-06 0.00029590039264505989 4.5867227308470494e-05 0 -8.874630469238453e-05 -4.6449873977194118e-05 0.00031681991015500874 0.00033029468015604874 1.617344073490973e-06
leaf_weight=6144 55 106 61 92 88 171 50 827 56 77 57 94 86 255 65 93 72 65 3211 56 2572 139 54 243 147 251 419 52 91 2670
leaf_count=6144 55 106 61 92 88 171 50 827 56 77 57 94 86 255 65 93 72 65 3211 56 2572 139 54 243 147 251 419 52 91 2670
internal_value=-2.31055e-06 -6.91691e-07 9.23934e-05 -2.34386e-06 -5.84094e-05 -0.000102073 -0.000203386 -1.1222e-06 -2.52511e-05 -7.66797e-05 0 -1.19251e-05 0 -0.000117637 1.2616e-05 -6.55629e-05 0 6.62008e-05 9.56681e-07 9.29881e-06 2.35099e-05 1.48999e-05 6.23212e-05 0.000108947 -3.88794e-06 -4.76669e-05 -1.49147e-06 1.14412e-05 2.18545e-05 9.5892e-06
internal_weight=18419 17990 260 17730 429 309 138 17638 1589 474 1115 1058 163 311 120 199 964 137 16049 6275 3064 3008 436 297 9774 398 9376 3232 2813 2722
internal_count=18419 17990 260 17730 429 309 138 17638 1589 474 1115 1058 163 311 120 199 964 137 16049 6275 3064 3008 436 297 9774 398 9376 3232 2813 2722
is_linear=0
shrinkage=0.05


Tree=144
num_leaves=31
num_cat=0
split_feature=104 93 93 137 103 53 19 28 134 119 86 111 8 19 18 111 81 16 123 140 18 36 96 113 134 134 133 18 116 50
split_gain=0.000479138 0.000933844 0.00213164 0.00211435 0.000351263 0.00149635 0.00474409 0.00129933 0.00183736 0.00098228 0.000561958 0.00105415 0.000809827 0.000567767 0.000518676 0.000859046 0.000502832 0.000346788 0.000334852 0.000413831 0.000333519 0.00101244 0.00039076 0.00166251 0.00525303 0.000903036 0.000856628 0.000568983 0.000427371 0.00117208
threshold=1.0000000180025095e-35 267.29493785000005 267.76403625000006 1.0000000180025095e-35 1032.0000000000002 249.50000000000003 -0.0013285714285714253 37.70000000000001 13.125000000000002 13.950000000000001 3.5000000000000004 4.5500000000000007 0.032125402959336961 -0.0020557142857142861 0.069356250000000022 12.950000000000001 35.650000000000013 2.2800000000000007 0.37940952255126054 75.925000000000011 0.063537500000000011 269.33521485000006 32.912500000000009 0.75000000000000011 5.4450000000000012 6.4800000000000013 88.64500000000001 0.013114583333333334 286.24530300000009 1015.85
decision_type=2 2 2 2 2 2 2 2 2 10 2 2 2 2 2 2 2 2 2 2 2 2 2 2 2 2 2 2 2 2
left_child=1 3 -3 -1 5 7 -7 10 -9 -8 12 -12 16 -13 20 -16 -2 -4 19 -5 22 -22 23 26 -25 27 -6 -24 29 -27
right_child=4 2 17 18 14 6 9 8 -10 -11 11 13 -14 -15 15 -17 -18 -19 -20 -21 21 -23 25 24 -26 28 -28 -29 -30 -31
leaf_value=0.00025371561574671474 0 -0.00031828750949013438 -8.7743426617702296e-06 -8.2838757021189511e-06 2.3478061471847846e-06 0.00055029586988018353 0.0001370931544462854 0.00032050372387043595 0 -0.00014905960318174039 0.00021888438449241222 0.00011483508356498217 -0.00019795820121443187 -1.6153949925695219e-05 -0.00013484137995893087 0 -0.00011962480994239454 -8.5221357927742298e-05 -7.7541211310320961e-05 0.00013026135248783753 0 0.00024146432016175571 -3.7826940292999225e-05 0.00057390771407572522 0 -5.800925641663591e-06 -0.00020085615697658236 -0.00019718245596446983 -3.339172778320491e-05 7.6479244295485707e-05
leaf_weight=85 994 74 879 161 8279 53 54 75 124 63 64 97 71 486 193 168 101 252 147 60 127 56 752 52 142 3239 51 87 943 490
leaf_count=85 994 74 879 161 8279 53 54 75 124 63 64 97 71 486 193 168 101 252 147 60 127 56 752 52 142 3239 51 87 943 490
internal_value=-2.19976e-06 -2.78521e-05 -5.23665e-05 2.63159e-05 4.09827e-08 1.90242e-05 0.000162084 4.37829e-06 0.000126758 0 -6.36062e-06 2.71826e-05 -2.92652e-05 0 -2.45836e-06 -6.17366e-05 -1.35944e-05 -3.02848e-05 -1.32036e-05 7.22502e-06 -5.97382e-07 6.56198e-05 -1.82162e-06 4.46135e-06 0.000148911 -1.24458e-05 4.79572e-07 -6.05187e-05 -2.73175e-06 3.68802e-06
internal_weight=18419 1658 1205 453 16761 2182 170 2012 199 117 1813 647 1166 583 14579 361 1095 1131 368 221 14218 183 14035 8524 194 5511 8330 839 4672 3729
internal_count=18419 1658 1205 453 16761 2182 170 2012 199 117 1813 647 1166 583 14579 361 1095 1131 368 221 14218 183 14035 8524 194 5511 8330 839 4672 3729
is_linear=0
shrinkage=0.05


Tree=145
num_leaves=31
num_cat=0
split_feature=105 133 84 103 82 36 36 88 28 6 1 156 2 121 114 23 83 137 25 61 137 49 77 44 16 115 84 134 120 81
split_gain=0.000609358 0.0009235 0.000675068 0.00042432 0.00401884 0.00109717 0.0018373 0.000831328 0.000689018 0.00164014 0.00151237 0.000764384 0.00120621 0.000531742 0.000505832 0.00042048 0.000863163 0.00035542 0.000306599 0.000292398 0.000506038 0.000308371 0.000288517 0.000512388 0.000507317 0.000298804 0.000252626 0.000825859 0.00140651 0.00162383
threshold=8.5000000000000018 88.64500000000001 16.850000000000005 1016.6 27.926000000000005 271.59163605000009 270.99710890000006 51.037500000000009 37.70000000000001 0.013575000000000002 0.23460493450000003 0.18000000000000002 0.00014858300000000001 0.35000000000000003 35.650000000000013 17.174305555555559 18.450000000000003 1.5500000000000003 8.5000000000000018 300.15000000000003 0.015000000000000001 985.05000000000007 278.06796995000008 677.50000000000011 0.25500000000000006 15.950000000000001 8.0500000000000025 4.330000000000001 269.18661785000006 38.050000000000004
decision_type=2 2 2 2 2 2 2 2 2 2 2 2 2 10 2 2 2 2 2 2 2 2 2 2 2 2 2 2 10 2
left_child=2 3 19 4 5 6 8 13 9 11 -10 -2 -13 15 -15 16 -5 18 -4 22 -21 -22 -1 24 -24 -25 -17 28 -28 -30
right_child=1 -3 17 7 -6 -7 -8 -9 10 -11 -12 12 -14 14 -16 26 -18 -19 -20 20 21 -23 23 25 -26 -27 27 -29 29 -31
leaf_value=0 -1.1186859649741194e-05 0.00018653006983239564 -0.00020693226181720095 0 0.00043204136524286317 -0.00018038037253284401 0.00026865981992928097 -0.00020314978208511554 0 -0.00022190569841552051 0.00030183008057929335 0 0.00030174593281185913 -5.0633812996226765e-06 -0.00015736866117619616 3.0413216683814264e-06 0.00025133058401087175 0 0 0.00012098959993711426 -4.2714846528217605e-05 1.3477745156080801e-05 0 -4.8745640799227532e-05 -0.00015768825109454545 8.3869356773599683e-05 0 -7.8743503055187001e-07 -0.00041870385194889769 0
leaf_weight=507 972 67 103 205 58 69 70 50 155 83 59 189 52 292 103 11083 50 66 53 84 382 515 71 118 174 65 219 2242 57 77
leaf_count=507 972 67 103 205 58 69 70 50 155 83 59 189 52 292 103 11083 50 66 53 84 382 515 71 118 174 65 219 2242 57 77
internal_value=-8.69624e-07 2.16698e-06 -2.61382e-05 1.07667e-06 2.48115e-05 7.20464e-06 1.86681e-05 -1.39501e-06 3.59989e-06 -6.62686e-06 8.85324e-05 4.15571e-06 8.6487e-05 -3.2788e-07 -5.77018e-05 9.43858e-07 6.44573e-05 -0.00011202 -0.000153243 -1.35258e-05 8.94955e-07 -4.90565e-06 -3.39828e-05 -6.48148e-05 -0.000111952 0 0 -1.42756e-05 -8.55738e-05 -0.000212717
internal_weight=18290 16152 2138 16085 1707 1649 1580 14378 1510 1296 214 1213 241 14328 395 13933 255 222 156 1916 981 897 935 428 245 183 13678 2595 353 134
internal_count=18290 16152 2138 16085 1707 1649 1580 14378 1510 1296 214 1213 241 14328 395 13933 255 222 156 1916 981 897 935 428 245 183 13678 2595 353 134
is_linear=0
shrinkage=0.05


Tree=146
num_leaves=31
num_cat=0
split_feature=103 85 28 133 88 134 85 140 92 91 47 22 83 128 0 103 116 30 13 18 84 85 24 100 103 75 22 44 92 0
split_gain=0.000501822 0.000683695 0.00803587 0.00100465 0.000769813 0.000618558 0.000554542 0.00135007 0.000473112 0.000367016 0.000259803 0.00147839 0.0048005 0.000319239 0.00038027 0.000415037 0.000603017 0.000448429 0.000487612 0.000385745 0.000722801 0.00225598 0.00171526 0.00052926 0.000398844 0.000792415 0.000315021 0.000294215 0.00029019 0.000276531
threshold=763.65000000000009 280.06997175000004 20.650000000000002 88.64500000000001 51.037500000000009 6.5150000000000015 279.46601305000007 34.545000000000009 7.5500000000000016 36.250000000000007 1.0000000180025095e-35 1.0000000180025095e-35 12.950000000000001 9.8282789691267798 0.012100000000000001 1421.2000000000003 293.73551695000009 -1.3042857142857149 0.00041116632638888898 0.0050791666666666676 0.15000000000000005 276.88897655000005 45.150000000000013 -6.599999999999965 1603.45 15.850000000000003 1.0000000180025095e-35 302.50000000000006 8.9500000000000046 0.0037000000000000006
decision_type=2 2 2 2 2 2 2 2 2 2 2 2 2 2 2 2 2 2 2 2 2 2 2 2 2 2 2 2 2 2
left_child=5 3 -3 4 6 8 9 -8 -1 10 11 12 -2 14 19 16 17 18 -16 28 -21 22 -22 -24 25 -25 -17 -20 -12 -30
right_child=1 2 -4 -5 -6 -7 7 -9 -10 -11 13 -13 -14 -15 15 26 -18 -19 27 20 21 -23 23 24 -26 -27 -28 -29 29 -31
leaf_value=-1.4629529971947817e-05 0.00055208466698117395 0.0004611533681556466 -4.0057497231640925e-05 0.00018172479998999433 -0.0001939421037241118 -2.8454091026425135e-06 -0.00029441261708217846 0 -0.00018106055695867935 9.9263330253003223e-05 0 3.0547052890326368e-06 0 2.452585602250181e-06 0 -6.8622448985362609e-05 0 0 0 -2.6333693411714766e-05 0.00026914712944289934 0.00037397836403625651 -0.00011544179436689526 0 0 0.00019532764370701556 0 -0.00019402434097590536 -5.5856287466180683e-05 0
leaf_weight=193 52 99 339 74 51 765 54 99 119 92 1538 2837 89 7842 57 217 77 74 50 501 63 50 87 58 606 81 1114 191 647 174
leaf_count=193 52 99 339 74 51 765 54 99 119 92 1538 2837 89 7842 57 217 77 74 50 501 63 50 87 58 606 81 1114 191 647 174
internal_value=-8.49545e-07 9.41441e-07 6.26328e-05 -3.7493e-07 -1.49199e-06 -3.40863e-05 -5.90607e-07 -9.5079e-05 -9.44581e-05 0 -2.69628e-07 1.27404e-05 0.000171017 -3.52823e-06 -1.282e-05 -3.21961e-05 -7.66629e-05 -0.000105509 -0.000132803 -2.43601e-06 1.62487e-05 4.41136e-05 1.97082e-05 0 1.41984e-05 9.05341e-05 -1.33956e-05 -0.000163793 -1.60099e-05 -4.02302e-05
internal_weight=18290 17213 438 16775 16701 1077 16650 153 312 16497 16405 2978 141 13427 5585 1780 449 372 298 3805 1446 945 895 832 745 139 1331 241 2359 821
internal_count=18290 17213 438 16775 16701 1077 16650 153 312 16497 16405 2978 141 13427 5585 1780 449 372 298 3805 1446 945 895 832 745 139 1331 241 2359 821
is_linear=0
shrinkage=0.05


Tree=147
num_leaves=31
num_cat=0
split_feature=105 85 138 85 96 155 19 29 117 36 67 155 120 139 81 111 11 77 29 74 105 47 22 119 55 136 47 128 49 77
split_gain=0.000546825 0.00105021 0.0109448 0.00102151 0.000979241 0.000625339 0.000485815 0.000421107 0.00269786 0.00281112 0.00550064 0.000547517 0.000623971 0.00213461 0.000493922 0.00137525 0.000591944 0.000420298 0.00137621 0.00141238 0.000385152 0.000319062 0.00180062 0.0037578 0.00032519 0.000728982 0.00138419 0.00219772 0.000548793 0.000323241
threshold=8.5000000000000018 280.06997175000004 4.5300000000000002 279.65964215000002 51.187500000000007 0.67400000000000015 -0.016885714285714282 29.950000000000006 0.15000000000000005 275.51952440000008 15.050000000000002 0.44800000000000006 269.56791235000009 84.423525025859234 40.550000000000004 12.450000000000001 0.0029984518125000005 284.51171220000009 33.000000000000007 28.678571428571434 23.500000000000004 1.0000000180025095e-35 1.0000000180025095e-35 6.9500000000000011 4.4354214500000078 0.25500000000000006 99.500000000000014 9.232155983247015 984.6500000000002 276.84252385000008
decision_type=2 2 2 2 2 2 2 2 2 2 2 2 10 2 2 2 2 2 2 2 2 2 2 10 2 2 2 2 2 2
left_child=5 3 -3 4 6 -1 -2 8 14 -10 -11 21 17 -14 16 -16 -8 20 19 -19 -13 22 23 -9 29 26 -26 -28 -27 -23
right_child=1 2 -4 -5 -6 -7 7 11 9 10 -12 12 13 -15 15 -17 -18 18 -20 -21 -22 24 -24 -25 25 28 27 -29 -30 -31
leaf_value=-1.2551396785197417e-05 -0.0001113689758164913 0.00067503707786090682 -4.2440741359933329e-05 -0.0001889487467402868 -0.00016841123042381483 -0.00010747823789895871 4.4443226618456183e-06 0 0 0.00071539581669640036 0 -7.564741689405792e-05 -6.5100587720864148e-06 -0.00037268155147918657 0.00027930493394035053 0 -0.00012819387506838787 0 -9.1999915410572913e-06 0.00036927135503691931 0 -3.4865345963790757e-06 6.3497385240628862e-06 0.00053234466849132265 1.3180599154618222e-05 1.4956664246311189e-05 0.00041878624841189098 0 -4.8829600881402303e-05 -7.6079546197761324e-05
leaf_weight=1916 90 64 240 70 83 222 2537 60 97 55 51 339 232 57 60 118 86 50 479 51 310 6819 1645 51 654 1048 63 98 478 167
leaf_count=1916 90 64 240 70 83 222 2537 60 97 55 51 339 232 57 60 118 86 50 479 51 310 6819 1645 51 654 1048 63 98 478 167
internal_value=-8.47024e-07 2.01422e-06 9.39318e-05 0 1.09652e-06 -2.47913e-05 2.32215e-06 3.30533e-06 2.01656e-05 0.00019655 0.000373274 -3.1857e-07 -2.88135e-05 -9.70082e-05 5.5323e-06 8.58921e-05 0 -8.64667e-06 1.65908e-05 0.000186816 -3.88841e-05 3.13543e-06 2.27157e-05 0.000218391 -1.69756e-08 1.55428e-05 5.40454e-05 0.000188072 -1.76807e-06 -5.94812e-06
internal_weight=18290 16152 304 15848 15778 2138 15695 15605 3004 203 106 12601 1518 289 2801 178 2623 1229 580 101 649 11083 1756 111 9327 2341 815 161 1526 6986
internal_count=18290 16152 304 15848 15778 2138 15695 15605 3004 203 106 12601 1518 289 2801 178 2623 1229 580 101 649 11083 1756 111 9327 2341 815 161 1526 6986
is_linear=0
shrinkage=0.05


Tree=148
num_leaves=31
num_cat=0
split_feature=105 85 138 85 96 133 84 19 91 23 83 97 97 92 138 129 120 49 124 54 88 141 119 124 85 51 89 75 66 93
split_gain=0.000496811 0.000933358 0.00991056 0.000922883 0.000884851 0.000731339 0.000559978 0.000427115 0.000369528 0.000377745 0.000780664 0.000323699 0.000307146 0.000409126 0.000973329 0.000404808 0.00183449 0.00563758 0.00127694 0.00613123 0.000370604 0.000322598 0.000300001 0.000419624 0.000380939 0.000423093 0.000765309 0.000378549 0.000196637 0.000178097
threshold=8.5000000000000018 280.06997175000004 4.5300000000000002 279.65964215000002 51.187500000000007 88.64500000000001 16.850000000000005 -0.016885714285714282 36.250000000000007 17.461111111111119 17.050000000000004 0.49999999999999983 0.25000000000000006 22.050000000000004 4.580000000000001 6.5000000000000009 267.11240820000006 969.55000000000007 -0.9159756150367534 0.095000000000000015 38.212500000000013 27.610000000000003 3.8500000000000001 -0.12940952255126037 280.06997175000004 478.50000000000006 38.750000000000007 8.6500000000000004 29.875000000000004 267.14417930000008
decision_type=2 2 2 2 2 2 2 2 2 2 2 2 2 2 2 2 8 2 2 2 2 2 8 2 2 2 2 2 2 2
left_child=6 3 -3 4 5 7 22 -2 9 10 -9 -8 15 -14 -15 29 17 28 19 -18 -20 -22 23 -1 -24 26 -26 -28 -17 -11
right_child=1 2 -4 -5 -6 -7 11 8 -10 12 -12 -13 13 14 -16 16 18 -19 20 -21 21 -23 24 -25 25 -27 27 -29 -30 -31
leaf_value=0.00016109838600921367 -0.00010586171758704649 0.00064180448915375076 -4.0327509394431437e-05 -0.00017963437194525093 -0.00016009091608533971 0.00016639908624550598 -0.00015589664821840586 0 0.00010561839118106464 -6.7220414821968264e-06 0.00017619683401306325 0 -4.242742580650074e-06 -0.00026120604529040233 -8.783165085215433e-06 -1.9701480287039882e-05 0.00055063436037076441 0.00062556463398733269 0 -1.0975358819512786e-05 -0.0001845849039715897 0 -4.7862604014680942e-06 0 0 0 -0.00029771451855448248 -2.7914045064559998e-05 7.4111918393429227e-05 1.051003474004206e-05
leaf_weight=51 90 64 240 70 83 67 128 320 86 3812 93 94 6364 54 308 91 60 50 1472 164 52 60 1389 135 92 106 61 82 82 2470
leaf_count=51 90 64 240 70 83 67 128 320 86 3812 93 94 6364 54 308 91 60 50 1472 164 52 60 1389 135 92 106 61 82 82 2470
internal_value=-8.43516e-07 1.8699e-06 8.85192e-05 0 1.01148e-06 2.19214e-06 -2.36715e-05 1.15763e-06 2.10606e-06 1.19959e-06 4.83196e-05 -0.000102128 0 -8.04005e-06 -6.08274e-05 6.32888e-06 2.57279e-05 0.000161797 6.10096e-06 0.000119012 -6.77673e-06 -9.40391e-05 -1.19242e-05 4.00854e-05 -2.04244e-05 -6.93031e-05 -0.000106968 -0.000178994 0 0
internal_weight=18290 16152 304 15848 15778 15695 2138 15628 15538 15452 413 222 15039 6726 362 8313 2031 223 1808 224 1584 112 1916 186 1730 341 235 143 173 6282
internal_count=18290 16152 304 15848 15778 15695 2138 15628 15538 15452 413 222 15039 6726 362 8313 2031 223 1808 224 1584 112 1916 186 1730 341 235 143 173 6282
is_linear=0
shrinkage=0.05


Tree=149
num_leaves=31
num_cat=0
split_feature=105 85 28 85 96 133 84 19 91 27 83 137 97 131 55 47 2 104 85 131 25 114 47 85 84 81 137 83 97 97
split_gain=0.000457153 0.000828755 0.00699891 0.000833692 0.000799457 0.000661116 0.000507493 0.000385883 0.000333919 0.000348109 0.000699054 0.000322095 0.000279174 0.000569174 0.00136684 0.00033616 0.00196642 0.000401124 0.000330322 0.000297483 0.0002732 0.000252205 0.000227121 0.000541543 0.000423718 0.000495708 0.00038244 0.000363666 0.00020447 0.0001923
threshold=8.5000000000000018 280.06997175000004 20.850000000000005 279.65964215000002 51.187500000000007 88.64500000000001 16.850000000000005 -0.016885714285714282 36.250000000000007 1257.2000000000005 17.050000000000004 1.5500000000000003 0.25000000000000006 34.954889260841185 17.789085500000031 1.0000000180025095e-35 0.0059917800000000012 1.1500000000000004 273.67204835000007 86.399070695009968 8.5000000000000018 38.45000000000001 2.5000000000000004 281.19715975000003 6.0500000000000016 38.150000000000013 0.62000000000000011 21.350000000000005 2.8000000000000029 -4.6999999999999966
decision_type=2 2 2 2 2 2 2 2 2 2 2 2 2 2 2 2 2 2 2 2 2 2 2 2 2 2 2 2 2 2
left_child=6 3 -3 4 5 7 21 -2 9 10 -9 20 15 14 28 16 17 18 19 -11 -8 22 24 -24 25 -1 -26 -27 -14 -17
right_child=1 2 -4 -5 -6 -7 11 8 -10 12 -12 -13 13 -15 -16 29 -18 -19 -20 -21 -22 -23 23 -25 26 27 -28 -29 -30 -31
leaf_value=-1.4163083117666432e-05 -0.00010062679859920586 0.0005269917364151168 -2.737671017601477e-05 -0.00017077915288276748 -0.00015218166109532053 0.00015820147197112365 -0.00018643532886087019 0 0.00010039817115274223 0.00022381078135124105 0.00016748071416859217 0 -4.3332351748951666e-05 -1.3639699000230468e-06 -0.00030158383245917615 1.7515345231439015e-05 0.00029698195451845953 0 0 1.1462263436593854e-06 0 -0.00011070684555360299 0 0.00012827685025238386 0.00013920579023033496 -0.00020716941322484672 0 0 0 -3.4918399489124991e-06
leaf_weight=606 90 69 235 70 83 67 103 320 86 55 93 66 489 5894 52 1358 65 1334 169 95 53 67 884 85 59 79 76 60 291 5237
leaf_count=606 90 69 235 70 83 67 103 320 86 55 93 66 489 5894 52 1358 65 1334 169 95 53 67 884 85 59 79 76 60 291 5237
internal_value=-8.64061e-07 1.72642e-06 8.33722e-05 0 9.24246e-07 2.06211e-06 -2.27636e-05 1.06272e-06 1.97994e-06 1.10216e-06 4.63406e-05 -9.76543e-05 0 -7.71441e-06 -4.66437e-05 5.98286e-06 2.57291e-05 1.18667e-05 6.21421e-05 0.000116844 -0.000136653 -1.14317e-05 -5.07376e-06 7.94754e-06 -2.50801e-05 -4.34266e-05 3.89755e-05 -0.00013428 -2.28813e-05 7.7789e-08
internal_weight=18290 16152 304 15848 15778 15695 2138 15628 15538 15452 413 222 15039 6726 832 8313 1718 1653 319 150 156 1916 1849 969 880 745 135 139 780 6595
internal_count=18290 16152 304 15848 15778 15695 2138 15628 15538 15452 413 222 15039 6726 832 8313 1718 1653 319 150 156 1916 1849 969 880 745 135 139 780 6595
is_linear=0
shrinkage=0.05


Tree=150
num_leaves=31
num_cat=0
split_feature=88 132 69 138 115 36 28 112 133 33 11 28 85 7 33 138 91 138 89 89 73 74 36 93 85 2 86 94 2 55
split_gain=0.000392231 0.000342699 0.00121156 0.00168913 0.000663262 0.00156807 0.00239396 0.000486277 0.00275964 0.00259852 0.000513668 0.000464916 0.0003922 0.00141298 0.00117681 0.000501559 0.000479991 0.000402253 0.000867295 0.000289487 0.000303422 0.00027099 0.000277267 0.000269183 0.00227091 0.000383866 0.00046045 0.000406014 0.000398735 0.000700546
threshold=51.037500000000009 1.5000000000000002 290.91747060000006 5.955000000000001 8.9500000000000011 273.48753135000004 25.600000000000005 288.31147770000001 80.210000000000022 0.98475715649613471 4.5380527777777783e-05 24.050000000000004 279.65964215000002 0.022550000000000004 0.93389627255820484 4.8100000000000014 36.250000000000007 3.0350000000000006 44.45000000000001 41.050000000000004 48.050000000000004 31.407142857142865 271.90765655000007 264.70543845000003 264.75749570000005 0.0040711290000000006 7.5000000000000009 18.500000000000004 0.0011514315000000002 0.43073185000002928
decision_type=2 2 2 2 2 2 2 2 2 2 2 2 2 2 2 2 2 2 2 2 2 2 2 2 2 2 2 2 2 2
left_child=1 2 4 -4 5 -1 -7 12 9 10 -9 19 16 14 -14 -16 17 18 -3 -12 -21 22 -6 -19 -25 28 -27 -28 -26 -30
right_child=-2 7 3 -5 21 6 -8 8 -10 -11 11 -13 13 -15 15 -17 -18 23 -20 20 -22 -23 -24 24 25 26 27 -29 29 -31
leaf_value=0 0.00012336428588829364 0 -0.00035427796740559791 0 -1.1379429837614558e-05 0.00033071773629290556 -2.3624534863070124e-05 0.00015563989625554635 0.00034348879599265815 0.00033768811519220733 0 1.209002138862112e-05 0 0.00010376403168698918 -0.00033087503001400073 -1.0571887504435527e-05 0.00012773375728429527 -7.3821411860338366e-06 -9.4345697835736332e-05 -9.4727341253210886e-05 0 5.9882934996197437e-06 -8.5177884304413212e-05 0.00028957328889393671 5.3420588785596831e-06 -6.1519442366032848e-05 0.0001419080080717726 0 0 0.00010285357852045157
leaf_weight=1222 64 995 62 112 489 92 50 50 67 58 184 929 172 83 70 59 74 3554 339 284 103 97 375 71 7545 439 53 103 192 299
leaf_count=1222 64 995 62 112 489 92 50 50 67 58 184 929 172 83 70 59 74 3554 339 284 103 97 375 71 7545 439 53 103 192 299
internal_value=6.87423e-07 0 -1.69344e-05 -0.000145101 -5.13466e-06 1.47053e-05 0.000171692 2.98195e-06 2.8439e-05 1.19991e-05 0 -5.69934e-06 0 -4.98232e-05 -0.000108934 -0.00022405 1.34697e-06 2.81529e-07 -2.53535e-05 -4.33539e-05 -6.80893e-05 -3.84781e-05 -4.92518e-05 3.48154e-06 8.49325e-06 5.56852e-06 -3.13705e-05 2.14759e-05 8.92924e-06 5.37665e-05
internal_weight=18286 18222 2499 174 2325 1364 142 15723 1675 1608 1550 1500 14048 384 301 129 13664 13590 1334 571 387 961 864 12256 8702 8631 595 156 8036 491
internal_count=18286 18222 2499 174 2325 1364 142 15723 1675 1608 1550 1500 14048 384 301 129 13664 13590 1334 571 387 961 864 12256 8702 8631 595 156 8036 491
is_linear=0
shrinkage=0.05


Tree=151
num_leaves=31
num_cat=0
split_feature=81 115 98 133 133 98 128 2 115 75 22 140 82 59 23 120 116 116 85 44 29 134 131 101 92 139 81 81 161 95
split_gain=0.000644669 0.000391346 0.00034163 0.00156902 0.00156178 0.000986694 0.00162447 0.00385324 0.00393537 0.0107033 0.00213449 0.000374419 0.000376128 0.000814455 0.000369244 0.00120201 0.000343711 0.000693564 0.000318711 0.000417236 0.00041604 0.000299704 0.000284848 0.000280755 0.000366348 0.000583163 0.000515771 0.00027461 0.000199875 0.000348619
threshold=55.250000000000007 28.650000000000002 2.9000000000000017 88.64500000000001 88.200000000000003 -1.0000000180025095e-35 9.6352158714665652 0.0059917800000000012 13.450000000000001 8.0500000000000025 6.5000000000000009 74.520000000000024 23.498000000000001 9.6355000000000022 18.664583333333336 270.76745550000004 287.04881515000005 286.54117840000009 279.46601305000007 697.50000000000011 29.600000000000005 8.9950000000000028 92.407009987871433 6.8457211500000037 17.450000000000006 8.3286580801970196 39.95000000000001 33.250000000000007 0.66326530612244905 10.500000000000002
decision_type=2 2 2 2 2 2 2 2 2 2 2 2 2 2 2 8 2 2 2 2 2 2 2 2 2 2 2 2 2 2
left_child=1 2 3 5 16 11 7 8 -7 -10 -11 18 27 -14 15 -8 17 28 -1 20 -20 -3 23 24 25 -18 -27 -13 -4 -30
right_child=-2 21 4 -5 -6 6 14 -9 9 10 -12 12 13 -15 -16 -17 22 -19 19 -21 -22 -23 -24 -25 -26 26 -28 -29 29 -31
leaf_value=0 0.0001413742961925397 -0.00016520459197058771 -6.4128373335522083e-06 0.0002475313544623057 -0.00028014961328557954 0 0.00026211377107626638 0.00050350966621443569 0.00085674069657919606 0.00026972541515308954 -2.141423587768121e-05 -3.4075275022312258e-05 -0.00022660347044355935 0 -6.2951288185774472e-06 0 0 0.00015144954623030719 -0.00020649245110689664 0 0 0 0 0 0 -2.6935601636068851e-06 -0.00033070732791592105 7.4701877382258835e-05 0.00012765347828250226 0
leaf_weight=8876 80 62 3721 66 53 930 55 51 52 80 181 358 78 50 2036 191 59 73 67 88 57 88 475 63 102 60 55 52 76 51
leaf_count=8876 80 62 3721 66 53 930 55 51 52 80 181 358 78 50 2036 191 59 73 67 88 57 88 475 63 102 60 55 52 76 51
internal_value=6.29586e-07 0 6.73725e-07 5.06246e-06 -1.04423e-05 3.45295e-06 2.60883e-05 7.08235e-05 4.86607e-05 0.000201776 4.94289e-05 -4.43841e-06 -4.53026e-05 -0.000125149 0 5.83992e-05 -6.30919e-06 0 -1.46446e-06 -6.19052e-05 -0.000121963 -8.01559e-05 -3.58558e-05 -7.1946e-05 -9.4273e-05 -0.000138928 -0.000204172 -7.96551e-06 -3.08263e-06 5.4715e-05
internal_weight=18286 18206 18056 13268 4788 13202 3576 1294 1243 313 261 9626 538 128 2282 246 4735 3921 9088 212 124 150 814 339 276 174 115 410 3848 127
internal_count=18286 18206 18056 13268 4788 13202 3576 1294 1243 313 261 9626 538 128 2282 246 4735 3921 9088 212 124 150 814 339 276 174 115 410 3848 127
is_linear=0
shrinkage=0.05


Tree=152
num_leaves=31
num_cat=0
split_feature=88 132 42 138 83 155 28 112 100 89 18 101 155 85 7 33 138 133 73 96 82 92 86 89 43 90 0 74 126 73
split_gain=0.00034019 0.000308164 0.00111813 0.0018836 0.000538835 0.00271196 0.00414349 0.000442293 0.00324785 0.00476637 0.000545451 0.000687988 0.00116421 0.000378604 0.00129609 0.0010481 0.000449916 0.000405284 0.00133525 0.00172826 0.000715717 0.00100389 0.000337654 0.000754791 0.000442038 0.000349905 0.000322369 0.000766571 0.00113521 0.00029107
threshold=51.037500000000009 1.5000000000000002 0.95500000000000007 5.3600000000000003 16.550000000000004 0.43600000000000011 27.100000000000005 288.31147770000001 -1.6999999999999884 41.45000000000001 0.063537500000000011 -2.1779221500000001 0.64600000000000002 279.65964215000002 0.022550000000000004 0.93389627255820484 4.8100000000000014 80.810000000000016 31.150000000000002 35.487500000000004 21.934000000000008 1.5500000000000005 13.500000000000002 38.350000000000001 0.40550000000000008 27.693877551020414 0.17975000000000005 9.0642857142857185 19.500000000000004 30.150000000000002
decision_type=2 2 2 2 2 2 2 2 2 2 2 2 2 2 2 2 2 2 2 2 2 2 2 2 2 2 2 2 2 2
left_child=1 2 4 -4 5 -1 -7 13 10 -10 11 12 -9 17 15 -15 -17 26 20 -20 21 -19 23 -13 -25 -24 -3 -28 -29 -30
right_child=-2 7 3 -5 -6 6 -8 8 9 -11 -12 22 -14 14 -16 16 -18 18 19 -21 -22 -23 25 24 -26 -27 27 28 29 -31
leaf_value=-6.2437717379933779e-06 0.00011475148277643782 5.0587938836881208e-06 -0.00035376836026821719 -2.2371039071461297e-06 -4.0017655832220284e-05 0.00050042419526278908 0 0 0.0006326023277040565 0 0.00013455793563013849 2.2443924605931679e-05 0.00028704513802747697 0 9.6363363700220357e-05 -0.00031685977889986096 -7.4604044663525763e-06 0 -0.00038766959617548809 0 0.00016107465287738403 -0.00023188544198203591 0.00013066486423170165 -9.9526744558845956e-05 0 0 -0.0002120564509680532 0.00017129490062117321 -7.1943919370779782e-05 0
leaf_weight=1395 64 12697 64 170 732 68 70 73 52 54 77 206 53 172 83 70 59 192 56 51 59 50 52 391 50 667 55 69 292 143
leaf_count=1395 64 12697 64 170 732 68 70 73 52 54 77 206 53 172 83 70 59 192 56 51 59 50 52 391 50 667 55 69 292 143
internal_value=5.45352e-07 0 -1.61645e-05 -0.000120755 -3.10405e-06 1.12772e-05 0.000223133 2.72992e-06 2.70123e-05 0.000294719 5.56541e-06 0 0.000110075 0 -4.90558e-05 -0.000105897 -0.000214959 1.21033e-06 -4.71076e-05 -0.000198274 0 -3.0938e-05 -1.15123e-05 -3.9189e-05 -7.92769e-05 6.46823e-06 3.07809e-06 -3.29113e-05 -3.07958e-06 -4.25363e-05
internal_weight=18286 18222 2499 234 2265 1533 138 15723 1675 106 1569 1492 126 14048 384 301 129 13664 408 107 301 242 1366 647 441 719 13256 559 504 435
internal_count=18286 18222 2499 234 2265 1533 138 15723 1675 106 1569 1492 126 14048 384 301 129 13664 408 107 301 242 1366 647 441 719 13256 559 504 435
is_linear=0
shrinkage=0.05


Tree=153
num_leaves=31
num_cat=0
split_feature=81 115 98 14 88 133 98 128 124 52 81 111 92 27 84 138 103 61 85 84 93 44 126 128 98 19 126 78 128 46
split_gain=0.000578431 0.000357053 0.000319437 0.00153699 0.00874991 0.00138598 0.000747034 0.00131987 0.00500833 0.0113475 0.00500229 0.000727485 0.00108059 0.000437787 0.00166461 0.000362386 0.000759953 0.00103495 0.000578763 0.000462551 0.000427742 0.00108561 0.000303122 0.000400059 0.000471563 0.00030039 0.00028828 0.00114796 0.000275992 0.000258728
threshold=55.250000000000007 28.650000000000002 2.9000000000000017 0.061309237500000009 35.962500000000013 88.200000000000003 -1.0000000180025095e-35 9.1911065815618631 -0.9159756150367534 130.50000000000003 47.550000000000004 9.1500000000000004 0.8500000000000002 1356.9500000000003 5.7500000000000018 4.7650000000000015 1447.7 163.25000000000003 272.46435445000003 0.15000000000000005 273.24204045000005 397.50000000000006 31.500000000000004 9.3587172494913577 4.6499999999999995 -0.0044599999999999996 33.500000000000007 2.5000000000000004 9.8178751949767609 7.5000000000000009
decision_type=2 2 2 2 2 2 2 2 2 2 2 2 2 2 2 2 2 2 2 2 2 2 2 2 2 2 2 2 2 2
left_child=1 2 3 6 11 22 15 8 9 -8 25 12 -5 14 -9 16 17 19 -19 -1 21 -20 23 24 -4 -10 27 -24 -3 -17
right_child=-2 28 5 4 -6 -7 7 13 10 -11 -12 -13 -14 -15 -16 29 -18 18 20 -21 -22 -23 26 -25 -26 -27 -28 -29 -30 -31
leaf_value=-2.4176356048661491e-05 0.00013382613961441145 -0.00015577056659430338 0 0 0.00071364422575439395 -0.00026452425653352064 0.00091684223548263606 0 8.2474093265982594e-05 -4.0834781739949204e-05 0.00050194239568358465 0.00013316780466948329 -0.00026032323651794718 -2.4327195053716801e-06 0.00024467111251836248 1.4356447005012372e-05 -8.1088255028463182e-07 0 -3.0696094359290183e-05 0.00010729955108521002 0 -0.00029751121653999159 0.00026246215688003688 -5.8996885240313147e-06 -0.00013213931636404968 -2.4152827128695114e-05 -1.5645937230109255e-06 0 0 -6.2751112939375694e-06
leaf_weight=441 80 64 93 111 50 53 53 244 62 51 50 59 50 2371 87 2587 2485 172 128 77 85 120 51 880 176 600 3478 57 86 3385
leaf_count=441 80 64 93 111 50 53 53 244 62 51 50 59 50 2371 87 2587 2485 172 128 77 85 120 51 880 176 600 3478 57 86 3385
internal_value=5.00843e-07 0 5.47904e-07 4.80269e-06 0.000122984 -1.0197e-05 1.95385e-06 2.18987e-05 7.79255e-05 0.000403677 2.28318e-05 0 -6.82539e-05 3.10628e-06 5.77309e-05 -4.92178e-06 -1.78314e-05 -5.42524e-05 -0.000105213 0 -0.000145267 -0.000180557 -6.23924e-06 -2.8623e-05 -8.41439e-05 -6.51581e-06 0 8.08319e-05 -7.66523e-05 1.82604e-06
internal_weight=18286 18206 18056 13268 270 4788 12998 3518 816 104 712 220 161 2702 331 9480 3508 1023 505 518 333 248 4735 1149 269 662 3586 108 150 5972
internal_count=18286 18206 18056 13268 270 4788 12998 3518 816 104 712 220 161 2702 331 9480 3508 1023 505 518 333 248 4735 1149 269 662 3586 108 150 5972
is_linear=0
shrinkage=0.05


Tree=154
num_leaves=31
num_cat=0
split_feature=88 116 50 93 137 28 118 114 42 29 83 49 86 67 21 131 110 84 49 140 92 116 103 15 14 126 131 104 104 2
split_gain=0.00028445 0.000307078 0.000858939 0.000668745 0.000636332 0.00348743 0.00062845 0.000465182 0.000374337 0.000484856 0.000351075 0.00325102 0.000607151 0.000545571 0.000288719 0.000284735 0.00131173 0.00142637 0.000428157 0.000410358 0.00502707 0.000404379 0.000231674 0.00022319 0.000276557 0.000338522 0.000714685 0.000195888 0.00250573 0.000367443
threshold=51.037500000000009 286.68719745000004 1017.0500000000001 269.59340170000002 0.59500000000000008 11.050000000000002 32.750000000000007 30.550000000000004 0.6150000000000001 49.050000000000004 30.450000000000003 989.6500000000002 14.500000000000002 14.550000000000002 0.46527777777777785 22.321942539713117 31.850000000000005 9.4500000000000028 963.1500000000002 77.430000000000021 15.150000000000004 286.54117840000009 2207.3000000000006 0.0017010416666666669 0.014873782000000002 22.500000000000004 100.41349836857042 20.550000000000008 20.750000000000011 0.0049793635000000011
decision_type=2 2 2 2 2 2 8 2 2 2 2 2 2 2 2 2 2 2 2 2 2 2 2 2 2 2 2 2 2 2
left_child=1 10 3 -3 5 -4 7 -6 9 14 15 12 -12 -14 -9 16 18 -18 22 21 -21 27 -1 24 -7 26 -26 29 -29 -17
right_child=-2 2 4 -5 6 23 -8 8 -10 -11 11 -13 13 -15 -16 19 17 -19 -20 20 -22 -23 -24 -25 25 -27 -28 28 -30 -31
leaf_value=-6.4761366070182277e-05 0.00010478446728442438 -0.00020975709830890261 0.00034409772849127655 0 0 -3.9028362073781975e-06 0 -3.3645862406197562e-05 0 0 -9.3292387753447868e-05 0.00041471707545531663 0.00017190233053132362 0 -0.00018424654461562048 3.8099575598950372e-07 0 -0.00037513827182611187 0.00010559301800956941 -8.9973984112417548e-05 0.00049357738767592417 0.00012288297410551437 0 -4.0633375903721143e-05 0 0 0.0002199891334738433 0.00030148721413432808 2.0611238855765522e-06 -3.563818219947152e-05
leaf_weight=169 64 98 76 80 354 610 716 156 76 59 123 52 60 296 197 10988 57 52 83 93 52 68 242 293 101 152 69 73 2036 741
leaf_count=169 64 98 76 80 354 610 716 156 76 59 123 52 60 296 197 10988 57 52 83 93 52 68 242 293 101 152 69 73 2036 741
internal_value=3.74151e-07 0 -1.45094e-05 -0.00012245 -6.00031e-06 1.7494e-05 -2.88249e-05 -5.83122e-05 -9.07751e-05 -0.000109647 2.90469e-06 4.30933e-05 0 3.50529e-05 -0.000132099 1.1044e-06 -3.18672e-05 -0.000188117 0 2.87737e-06 8.70003e-05 1.63448e-06 -1.80211e-05 0 8.81874e-06 4.8336e-05 9.67589e-05 6.68531e-07 1.4933e-05 -1.47117e-06
internal_weight=18286 18222 3037 178 2859 1301 1558 842 488 412 15185 531 479 356 353 14654 603 109 494 14051 145 13906 411 1225 932 322 170 13838 2109 11729
internal_count=18286 18222 3037 178 2859 1301 1558 842 488 412 15185 531 479 356 353 14654 603 109 494 14051 145 13906 411 1225 932 322 170 13838 2109 11729
is_linear=0
shrinkage=0.05


Tree=155
num_leaves=31
num_cat=0
split_feature=100 133 16 88 67 128 88 49 115 129 85 114 110 131 105 84 137 29 101 114 0 114 133 21 11 80 50 19 53 61
split_gain=0.000522487 0.00251749 0.000927714 0.000810295 0.00479127 0.00468555 0.00125361 0.000761456 0.000486947 0.000800402 0.00078612 0.000738737 0.00476857 0.00501128 0.000454984 0.00132449 0.00428316 0.00043915 0.000426559 0.000520297 0.000547816 0.000465068 0.000416925 0.000406118 0.000368001 0.000406336 0.000351533 0.000401404 0.000628351 0.000331244
threshold=-5.3000000000000105 84.075000000000017 0.095000000000000015 41.912500000000001 5.9500000000000011 8.9429183363977867 49.750000000000007 992.1500000000002 17.050000000000004 7.5000000000000009 284.65871465000004 32.850000000000001 14.65 59.018987251039285 14.500000000000002 15.450000000000005 0.03500000000000001 38.45000000000001 0.84821604999999078 29.850000000000005 0.0037000000000000006 39.550000000000004 67.820000000000007 0.72916666666666685 0.0021851120902777782 26.512500000000006 1021.35 -0.00047571428571428548 127.50000000000001 163.25000000000003
decision_type=2 2 2 2 2 2 2 2 2 2 2 2 2 2 2 2 2 2 2 2 2 2 2 2 2 2 2 2 2 2
left_child=1 2 17 8 -5 -6 18 -4 10 26 11 14 13 -13 22 29 -17 23 24 -20 -21 -22 -2 -1 -7 -26 -10 -28 -29 -16
right_child=3 -3 7 4 5 6 -8 -9 9 -11 -12 12 -14 -15 15 16 -18 -19 19 20 21 -23 -24 -25 25 -27 27 28 -30 -31
leaf_value=-0.00021823662531738708 -9.9369116531874182e-07 -0.00031951889496953563 -3.4035611984404122e-06 0.0005086973993780299 0.00035198762092592293 0 -0.00018325255830216458 0.00016513677547703518 1.5186568633547014e-05 -0.00014276084145254869 0.00017644668388212186 0.00066978036547009746 -3.5276730095608189e-05 0 4.2434984883889579e-05 0.00044231618565988839 0 0 -2.3714990175973909e-05 0 0.00020411717749526802 0 -3.9691092430915572e-05 0 -0.00014458162824264667 0 0 0 -0.00017474713380449561 0
leaf_weight=97 2405 69 1898 53 94 300 98 68 465 146 65 57 271 75 488 72 149 147 64 79 110 50 1181 63 103 74 290 97 111 9087
leaf_count=97 2405 69 1898 53 94 300 98 68 465 146 65 57 271 75 488 72 149 147 64 79 110 50 1181 63 103 74 290 97 111 9087
internal_value=2.02516e-07 -2.15467e-05 -1.0166e-05 3.70318e-06 4.67496e-05 1.59255e-05 -1.47251e-05 0 4.16459e-07 -3.10376e-05 3.2981e-06 2.10623e-06 6.87224e-05 0.00031849 0 5.67299e-06 0.000126884 -9.10669e-05 2.54362e-07 5.21981e-05 9.33737e-05 0.00014664 -1.51396e-05 -0.000150613 -2.23212e-05 -8.0663e-05 -8.78204e-06 -4.1168e-05 -9.40634e-05 2.34024e-06
internal_weight=18326 2342 2273 15984 1025 972 878 1966 14959 1109 13850 13785 403 132 13382 9796 221 307 780 303 239 160 3586 160 477 177 963 498 208 9575
internal_count=18326 2342 2273 15984 1025 972 878 1966 14959 1109 13850 13785 403 132 13382 9796 221 307 780 303 239 160 3586 160 477 177 963 498 208 9575
is_linear=0
shrinkage=0.05


Tree=156
num_leaves=31
num_cat=0
split_feature=100 133 16 120 128 107 85 49 83 88 51 65 19 116 75 43 105 115 85 97 32 10 49 23 81 44 128 131 113 141
split_gain=0.000481694 0.00226861 0.000858607 0.000743419 0.00596138 0.00105082 0.00250478 0.000688251 0.00053604 0.000513165 0.00429452 0.00078813 0.000755823 0.000512986 0.000757895 0.000620153 0.000619014 0.0027359 0.000494145 0.000624731 0.000547826 0.000443886 0.000436915 0.000405107 0.000315467 0.000307947 0.000691383 0.000277618 0.000272815 0.00151045
threshold=-5.3000000000000105 84.075000000000017 0.095000000000000015 267.57627910000008 8.3844366951598737 8.2500000000000018 276.11494225000007 992.1500000000002 35.600000000000009 41.987500000000004 454.50000000000006 16.050000000000004 -0.0015614285714285712 295.08485675000003 7.9500000000000011 0.34650000000000003 2.5000000000000004 12.050000000000002 280.06997175000004 0.89999999999999913 9.1500000000000004 18.405000000000005 980.85000000000002 25.891666666666669 41.150000000000013 377.50000000000006 9.7692298873890078 96.666400384507128 1.8500000000000003 27.610000000000003
decision_type=2 2 2 8 2 2 2 2 2 2 2 2 2 2 2 2 2 2 2 2 2 2 2 2 2 2 2 2 2 2
left_child=1 2 23 4 -2 6 -6 25 9 13 11 12 -11 16 15 -15 17 -5 28 -20 -21 -13 -7 24 -1 26 -4 -24 -18 -30
right_child=3 -3 7 8 5 22 -8 -9 -10 10 -12 21 -14 14 -16 -17 18 -19 19 20 -22 -23 27 -25 -26 -27 -28 -29 29 -31
leaf_value=0 0.0005292316774454473 -0.00030377117884095896 0.00017946289249812255 0 0 5.9907247323545286e-06 0.00035185783445603483 0.0001569995960554756 -0.00013651774704606358 0 0.00040055605547143695 -1.2411094462968425e-06 0.00024319166736148131 -1.2510123982652797e-05 0 -0.00029255816089095209 0 0.00040568264829084466 -0.00011271466782157459 0.00013988095423099302 -4.727803281136966e-05 -0.00017506498860841801 -0.00015326124250132124 0 -0.00019920293654320721 -1.2428962342467735e-05 0 0 0.00029613397591353587 -3.3315033290260843e-06
leaf_weight=85 59 69 69 132 85 859 72 68 70 54 74 325 54 103 180 54 13093 50 218 57 104 55 74 118 104 1706 123 75 50 87
leaf_count=85 59 69 69 132 85 859 72 68 70 54 74 325 54 103 180 54 13093 50 218 57 104 55 74 118 104 1706 123 75 50 87
internal_value=1.48268e-07 -2.07262e-05 -9.80543e-06 3.52073e-06 4.0974e-05 1.15259e-05 0.000132544 0 7.35536e-08 1.07402e-06 4.7999e-05 0 0.000111835 -4.41996e-07 -6.15053e-05 -0.00014172 6.91983e-07 9.21434e-05 -1.70346e-07 -5.66727e-05 0 -3.99166e-05 -2.48048e-06 -8.76303e-05 -0.000133336 -3.23347e-06 5.22066e-05 -8.43655e-05 1.07454e-06 7.10845e-05
internal_weight=18326 2342 2273 15984 1224 1165 157 1966 14760 14690 562 488 108 14128 337 157 13791 182 13609 379 161 380 1008 307 189 1898 192 149 13230 137
internal_count=18326 2342 2273 15984 1224 1165 157 1966 14760 14690 562 488 108 14128 337 157 13791 182 13609 379 161 380 1008 307 189 1898 192 149 13230 137
is_linear=0
shrinkage=0.05


Tree=157
num_leaves=31
num_cat=0
split_feature=100 139 46 16 88 32 128 104 28 112 116 49 75 50 12 10 98 139 90 132 27 133 103 93 105 50 102 27 33 16
split_gain=0.000439967 0.002111 0.00336715 0.000834716 0.000682076 0.00393508 0.00279347 0.00756631 0.000825393 0.00162619 0.000618795 0.000609686 0.000574836 0.000582273 0.000427876 0.000487383 0.000409201 0.00204884 0.000522748 0.00104128 0.000773035 0.000752564 0.00534755 0.000724068 0.000539856 0.00233446 0.000377363 0.000368097 0.000316708 0.000358671
threshold=-5.3000000000000105 86.716077848590643 51.500000000000007 0.095000000000000015 41.037500000000016 4.6500000000000012 8.9429183363977867 0.8500000000000002 16.650000000000002 282.10680840000003 295.08485675000003 992.1500000000002 7.9500000000000011 1024.1500000000003 0.024569862500000001 4.1900000000000004 11.15 79.538841630231062 26.892857142857142 2.5000000000000004 1638.0000000000002 88.200000000000003 1994.1000000000001 266.87320805000007 2.5000000000000004 1019.4500000000002 2.149999999999999 1864.2000000000003 0.29306216971107774 0.26500000000000007
decision_type=2 2 2 2 2 2 2 2 2 2 2 2 2 2 2 2 2 2 2 2 2 2 2 2 2 2 2 2 2 2
left_child=1 3 -3 27 10 -6 7 -7 9 -8 16 -5 13 -12 15 -10 18 -18 21 20 23 24 -23 -20 25 -2 28 -1 -16 -30
right_child=4 2 -4 11 5 6 8 -9 14 -11 12 -13 -14 -15 26 -17 17 -19 19 -21 -22 22 -24 -25 -26 -27 -28 -29 29 -31
leaf_value=-0.00012788432327598504 0 -0.00050013124341007672 0 -1.449692337580878e-07 0.00041746710015021644 0.00068113378823389742 -0.00033989061152775929 -1.6296807503415203e-05 0 0 -0.00022729889974117909 0.00014926338617996131 0 0 0 9.9820788053434496e-05 0 0.00034847313184382435 0 0 -1.4929724487436474e-05 0.00054279705357461645 -5.7870338292447101e-05 -0.00031577613745436493 0 0.00037244716821358177 2.3999309585731777e-05 0 0 -0.00013718428148252619
leaf_weight=189 123 57 50 1860 65 55 53 86 201 74 84 68 168 73 131 201 305 50 64 639 207 50 96 74 12748 51 147 118 90 149
leaf_count=189 123 57 50 1860 65 55 53 86 201 74 84 68 168 73 131 201 305 50 64 639 207 50 96 74 12748 51 147 118 90 149
internal_value=6.66261e-08 -1.98764e-05 -0.000237458 -7.12205e-06 3.30256e-06 3.87302e-05 1.34479e-05 0.00022342 -1.0267e-05 -0.000130292 0 2.60725e-06 -6.78038e-05 -0.000136313 1.00844e-06 4.43959e-05 1.82999e-06 5.48494e-05 1.30943e-07 -3.4597e-05 -0.000104552 3.13093e-06 0.000116117 -0.000201941 1.45856e-06 8.87093e-05 -2.30961e-05 -8.42672e-05 -5.52983e-05 -8.95882e-05
internal_weight=18326 2342 107 2235 15984 1252 1187 141 1046 127 14732 1928 325 157 919 402 14407 355 14052 984 345 13068 146 138 12922 174 517 307 370 239
internal_count=18326 2342 107 2235 15984 1252 1187 141 1046 127 14732 1928 325 157 919 402 14407 355 14052 984 345 13068 146 138 12922 174 517 307 370 239
is_linear=0
shrinkage=0.05


Tree=158
num_leaves=31
num_cat=0
split_feature=100 131 19 120 19 23 19 91 88 51 2 160 116 75 34 19 17 10 16 67 108 42 136 105 50 85 97 32 41 107
split_gain=0.000398954 0.00187771 0.00298955 0.000653708 0.00427815 0.00111048 0.00326985 0.000450605 0.000455399 0.00367811 0.000604494 0.000733585 0.000428568 0.000641975 0.000577648 0.000417198 0.000368389 0.000388703 0.000332809 0.000518259 0.00110213 0.00113944 0.000327077 0.00031938 0.00242176 0.000443128 0.0005611 0.000488387 0.000283098 0.000254568
threshold=-5.3000000000000105 29.116437666821316 -0.0016728571428571424 267.57627910000008 -0.0064871428571428537 22.054166666666667 -0.0002757142857142856 36.500000000000007 41.987500000000004 454.50000000000006 0.00036114100000000004 0.16941609977324265 295.08485675000003 7.9500000000000011 0.031134598902203211 -0.0028085714285714255 0.029500000000000002 6.5900000000000007 0.095000000000000015 12.450000000000001 281.99367165000007 0.43500000000000005 0.95500000000000007 2.5000000000000004 1019.4500000000002 280.06997175000004 0.89999999999999913 9.1500000000000004 56.500000000000007 14.450000000000001
decision_type=2 2 2 8 2 2 2 2 2 2 2 2 2 2 2 2 2 2 2 2 2 2 2 2 2 2 2 2 2 2
left_child=1 2 -1 4 -2 6 -6 8 12 10 15 -12 23 14 -14 -10 28 -18 22 20 21 -20 -3 24 -5 -25 -27 -28 29 -7
right_child=3 18 -4 7 5 16 -8 -9 9 -11 11 -13 13 -15 -16 -17 17 -19 19 -21 -22 -23 -24 25 -26 26 27 -29 -30 -31
leaf_value=-0.00046880403714891087 0.00040097820676213841 0 0 -1.0418069789772634e-05 0.00039506352768928216 -0.00012602451301555031 0 -0.00013427728711664508 -0.00014370700510364651 0.00036878057972611908 0 0.00022205801555487444 -0.00021291924910506318 0 0 0 0.00013123016699787744 0 0.00027989733183879736 -1.3054530204815159e-05 0 0 -0.00016395651181699665 9.5006763512778332e-07 0.00036264098982568475 -0.00010682741072572688 0.00013211620019915401 -4.4571568071703607e-05 0 0
leaf_weight=58 76 189 101 140 69 147 189 61 73 75 69 57 90 180 67 309 58 421 84 1410 338 100 62 13209 51 218 57 104 181 83
leaf_count=58 76 189 101 140 69 147 189 61 73 75 69 57 90 180 67 309 58 421 84 1410 338 100 62 13209 51 218 57 104 181 83
internal_value=1.75516e-08 -1.89631e-05 -0.000185286 3.11243e-06 3.82166e-05 9.52129e-06 0.000103055 0 7.6613e-07 4.4195e-05 0 8.9882e-05 -6.76331e-07 -5.64322e-05 -0.000130271 -3.55939e-05 -1.20664e-05 9.60716e-06 -4.48018e-06 3.71454e-08 4.49173e-05 0.000143518 -5.89544e-05 3.28469e-07 6.45228e-05 -2.10618e-07 -5.3717e-05 0 -4.94238e-05 -8.61425e-05
internal_weight=18326 2342 159 15984 1224 1148 258 14760 14699 583 508 126 14116 337 157 382 890 479 2183 1932 522 184 251 13779 191 13588 379 161 411 230
internal_count=18326 2342 159 15984 1224 1148 258 14760 14699 583 508 126 14116 337 157 382 890 479 2183 1932 522 184 251 13779 191 13588 379 161 411 230
is_linear=0
shrinkage=0.05


Tree=159
num_leaves=31
num_cat=0
split_feature=100 139 46 120 128 107 85 15 137 83 49 83 67 108 42 131 43 43 36 133 77 116 119 101 6 137 114 100 29 133
split_gain=0.00036787 0.0017931 0.00301194 0.000590993 0.00514839 0.000902146 0.00226951 0.000557332 0.000513454 0.000461708 0.000400315 0.000367637 0.000332655 0.0011293 0.00104416 0.00027148 0.000260764 0.00202577 0.000762228 0.00500402 0.000652207 0.000803403 0.0060585 0.00077781 0.00122438 0.000649078 0.000617173 0.000580916 0.00199349 0.000440964
threshold=-5.3000000000000105 86.716077848590643 51.500000000000007 267.57627910000008 8.3844366951598737 8.2500000000000018 276.11494225000007 4.6875000000000008e-05 1.7550000000000001 35.600000000000009 980.85000000000002 33.95000000000001 12.450000000000001 281.99367165000007 0.43500000000000005 96.666400384507128 0.32750000000000007 0.32850000000000007 277.22435835000005 80.210000000000022 284.24898180000008 293.73551695000009 11.350000000000003 5.07256824999999 0.0043118055555555566 0.43500000000000005 34.850000000000001 5.8000000000000123 51.650000000000006 85.89500000000001
decision_type=2 2 2 8 2 2 2 2 2 2 2 2 2 2 2 2 2 2 2 2 2 2 8 2 2 2 2 2 2 2
left_child=1 7 -3 4 -2 6 -6 8 -1 11 -7 16 13 14 -9 -12 27 -18 20 -20 21 -19 -23 24 -24 -22 -25 29 -29 -5
right_child=3 2 -4 9 5 10 -8 12 -10 -11 15 -13 -14 -15 -16 -17 17 18 19 -21 25 22 23 26 -26 -27 -28 28 -30 -31
leaf_value=-3.2109256410568628e-06 0.00048987181185899931 -0.0004680336944699681 0 -1.6718490662398008e-05 0 3.7124374026530478e-06 0.00033103705299857694 0.00026219189974245242 -0.0002001772690573819 -0.00012701714542713425 -0.00014985329725119905 0.00012040920465807404 -9.9362586494787416e-06 -3.8957447876492141e-06 0 0 0.00023904200625630832 -2.2844788851910147e-06 0 0.00042740880142561386 -0.00025279910301940302 0.00057904947653536086 0 0 0.00024167168672074572 0 -0.00015191806497045259 0 0.00030957138542701509 -0.00017694669057258003
leaf_weight=185 59 57 50 2684 85 859 72 88 68 70 74 63 1433 359 102 75 90 10459 362 78 50 50 80 147 72 67 98 281 58 51
leaf_count=185 59 57 50 2684 85 859 72 88 68 70 74 63 1433 359 102 75 90 10459 362 78 50 50 80 147 72 67 98 281 58 51
internal_value=0 -1.82748e-05 -0.000218906 2.9295e-06 3.63056e-05 8.64666e-06 0.000121332 -6.33992e-06 -7.64152e-05 0 -4.05193e-06 7.74075e-07 1.17698e-07 3.54218e-05 0.000135521 -8.18739e-05 0 3.69199e-06 1.38734e-06 6.60091e-05 -7.44336e-07 6.33619e-08 6.60418e-05 0 8.86583e-05 -0.000117768 -5.49167e-05 -1.26802e-05 4.44083e-05 -2.15974e-05
internal_weight=18326 2342 107 15984 1224 1165 157 2235 253 14760 1008 14690 1982 549 190 149 14627 11553 11463 440 11023 10906 447 397 152 117 245 3074 339 2735
internal_count=18326 2342 107 15984 1224 1165 157 2235 253 14760 1008 14690 1982 549 190 149 14627 11553 11463 440 11023 10906 447 397 152 117 245 3074 339 2735
is_linear=0
shrinkage=0.05


Tree=160
num_leaves=31
num_cat=0
split_feature=109 134 73 98 87 133 91 117 138 14 137 50 131 103 98 85 138 136 133 98 123 85 131 133 44 92 112 101 48 131
split_gain=0.000317529 0.000525339 0.000327312 0.000271043 0.000759166 0.0023501 0.00110571 0.00075136 0.00195512 0.00137781 0.000702069 0.00220715 0.00339265 0.000511151 0.00176456 0.000671953 0.000737224 0.000461052 0.000259258 0.000752961 0.000255413 0.000615629 0.000599776 0.000345264 0.000240915 0.000241809 0.000219264 0.000395208 0.000292894 0.000468827
threshold=1.1500000000000001 4.285000000000001 33.350000000000001 3.149999999999999 1.5000000000000002 82.02000000000001 35.100000000000001 0.65000000000000002 6.4750000000000005 0.017550551000000005 2.9750000000000001 1014.6500000000002 113.51367412975763 535.65000000000009 0.19999999999999976 279.86302325000003 4.5300000000000002 0.34500000000000003 84.075000000000017 6.7000000000000028 -0.78656609248549292 271.36561400000011 96.419912394023555 13.645000000000001 322.50000000000006 7.5500000000000016 279.64012210000004 5.6170976000000232 81.500000000000014 62.3073563361162
decision_type=2 2 2 2 2 2 2 2 2 2 2 2 2 2 2 2 2 2 2 2 2 2 2 2 2 2 2 2 2 2
left_child=3 2 -2 4 13 6 10 18 9 -9 17 -12 -13 14 -1 -15 -17 20 26 -20 21 -6 -22 -24 -19 -26 -5 -28 -29 -30
right_child=1 -3 -4 7 5 -7 -8 8 -10 -11 11 12 -14 15 -16 16 -18 24 19 -21 22 -23 23 -25 25 -27 27 28 29 -31
leaf_value=0 -0.00023479420543830762 -6.1893286906052413e-06 0 9.0079813250629734e-07 0 0.00033477376015342552 0.00020691517021007786 -4.1455223624507199e-05 1.3738606319278408e-05 -0.00043363417024374945 0 0.00053374884774993092 0 1.745110551022021e-06 0.00033092198696561603 -0.00015786083205265254 0 0 0 0.00018689580675962372 -6.9554763251959998e-05 0.00020660671334845352 0 0.00012525646738773186 0 -9.8735032522019212e-05 -4.7305724067009423e-05 9.6606321540034578e-05 -9.4012059238128475e-05 1.0376033418615235e-05
leaf_weight=91 51 620 52 2578 57 66 77 99 150 54 229 54 56 11221 51 139 248 75 116 68 189 52 109 91 103 246 746 76 128 422
leaf_count=91 51 620 52 2578 57 66 77 99 150 54 229 54 56 11221 51 139 248 75 116 68 189 52 109 91 103 246 746 76 128 422
internal_value=0 -3.23746e-05 -0.000140343 1.41027e-06 5.25756e-06 4.00737e-05 2.15636e-05 -8.86744e-06 -8.5266e-05 -0.000214256 6.12857e-06 7.007e-05 0.000254459 6.68851e-07 9.47243e-05 -5.90842e-08 -6.51277e-05 -1.20147e-05 -2.03938e-06 5.34118e-05 1.30339e-05 8.10894e-05 0 5.37289e-05 -5.31611e-05 -7.17811e-05 -5.90079e-06 -2.2314e-05 0 -4.97004e-06
internal_weight=18314 723 103 17591 13154 1404 1338 4437 303 153 1261 339 110 11750 142 11608 387 922 4134 184 498 109 389 200 424 349 3950 1372 626 550
internal_count=18314 723 103 17591 13154 1404 1338 4437 303 153 1261 339 110 11750 142 11608 387 922 4134 184 498 109 389 200 424 349 3950 1372 626 550
is_linear=0
shrinkage=0.05


Tree=161
num_leaves=31
num_cat=0
split_feature=109 133 4 4 51 128 97 81 81 97 128 117 160 113 116 131 115 103 84 133 161 128 44 33 103 133 11 43 81 110
split_gain=0.000296291 0.000484973 0.000255068 0.00065302 0.0056136 0.000395887 0.000368827 0.00111166 0.000421971 0.000706478 0.000340894 0.00120264 0.00148785 0.000676097 0.00057035 0.00503973 0.00869274 0.000560215 0.000533539 0.00127898 0.000364661 0.00105885 0.001465 0.000384542 0.000638627 0.00341594 0.00116862 0.000639873 0.0005152 0.000744884
threshold=1.1500000000000001 82.02000000000001 0.0051473125000000008 0.0049691315000000005 241.50000000000003 11.367266977279732 -4.6999999999999966 42.45000000000001 47.95000000000001 2.8000000000000029 8.922191521710662 1.2500000000000002 0.46632653061224499 1.3500000000000003 292.40618020000005 49.891498158895921 13.850000000000003 776.20000000000016 1.6500000000000006 80.810000000000016 0.5408163265306124 9.7093562041959292 417.50000000000006 0.75919059551617918 1118.5000000000002 79.440000000000012 0.0030514102222222229 0.34550000000000003 41.150000000000013 23.450000000000003
decision_type=2 2 2 2 2 2 2 2 2 2 2 2 2 2 2 2 2 2 2 2 2 2 2 2 2 2 2 2 2 2
left_child=2 -2 3 10 5 -5 7 -4 -8 -10 11 12 13 18 17 16 -16 -12 -1 -20 23 22 -22 24 25 26 -19 -28 -25 -30
right_child=1 -3 6 4 -6 -7 8 -9 9 -11 14 -13 -14 -15 15 -17 -18 20 19 -21 21 -23 -24 28 -26 -27 27 -29 29 -31
leaf_value=-8.4027069598994384e-06 -1.1348394792667566e-05 -0.00018263998904612065 0 -0.00012918759913346938 0.00055418072891531183 0 -9.4202913716119961e-06 0.00023069482740107041 -0.00013799980297197022 0 -3.692493893704083e-05 -0.00019462608120213173 0.0001878447112880088 0.00014066663521110679 0 0 0.00084191731817840015 -2.3696034942639777e-06 -1.3721522165042187e-05 -0.00030662009166478353 0.00031929495465561023 0 0 0 1.9007049841607378e-06 0.00034706668991992928 0.00029864129602524023 0 -0.0001493989061029852 0
leaf_weight=1460 669 54 375 69 50 66 2802 58 183 100 774 90 91 56 51 668 50 831 237 57 73 442 115 755 7679 86 51 50 167 105
leaf_count=1460 669 54 375 69 50 66 2802 58 183 100 774 90 91 56 51 668 50 831 237 57 73 442 115 755 7679 86 51 50 167 105
internal_value=0 -3.12826e-05 1.3533e-06 4.61236e-06 9.85782e-05 -3.62329e-05 -1.02606e-05 2.88346e-05 -1.73757e-05 -7.82262e-05 2.99365e-06 -1.54304e-05 -4.21994e-06 -1.67355e-05 6.49825e-06 4.86025e-05 0.000375972 3.13525e-06 -2.46872e-05 -8.8304e-05 6.61604e-06 4.42333e-05 0.000143312 3.66044e-06 7.52174e-06 4.49722e-05 1.13953e-05 0.000172582 -2.415e-05 -8.31512e-05
internal_weight=18314 723 17591 14073 185 135 3518 433 3085 283 13888 1991 1901 1810 11897 769 101 11128 1754 294 10354 630 188 9724 8697 1018 932 101 1027 272
internal_count=18314 723 17591 14073 185 135 3518 433 3085 283 13888 1991 1901 1810 11897 769 101 11128 1754 294 10354 630 188 9724 8697 1018 932 101 1027 272
is_linear=0
shrinkage=0.05


Tree=162
num_leaves=31
num_cat=0
split_feature=98 88 32 131 13 75 128 103 131 85 30 32 14 103 43 131 98 98 110 85 43 90 4 119 69 55 160 137 84 88
split_gain=0.000283138 0.000872844 0.00513353 0.00176726 0.000842591 0.00052361 0.000650413 0.000448506 0.00163383 0.000378598 0.000754779 0.000358638 0.000496807 0.000639114 0.00026699 0.000834693 0.000247934 0.00164995 0.00464999 0.000208022 0.000185721 0.000435622 0.000170189 0.000433527 0.000671292 0.000285684 0.000218513 0.000197089 0.000196337 0.000286654
threshold=3.149999999999999 41.912500000000001 5.0500000000000007 39.261172214758496 0.0039296913055555565 15.850000000000003 9.3587172494913577 535.65000000000009 55.281218774159086 280.37767375000004 -2.1671428571428568 12.750000000000002 0.023478928000000003 1305.1000000000001 0.30050000000000004 29.301636672347289 1.1499999999999988 1.3000000000000027 25.650000000000002 278.67212280000007 0.35950000000000004 24.370408163265306 5.7500000000000009e-06 3.4500000000000006 286.56433500000009 3.5965136000000375 0.49897959183673485 1.0000000180025095e-35 8.4500000000000028 38.63750000000001
decision_type=2 2 2 2 2 2 2 2 2 2 2 2 2 2 2 2 2 2 2 2 2 2 2 10 2 2 2 2 2 2
left_child=1 7 -3 -4 14 6 -5 8 -1 16 -11 12 13 -7 15 -2 -9 18 -18 -19 21 -12 23 24 -16 -25 -27 -24 29 -29
right_child=4 2 3 5 -6 11 -8 9 -10 10 20 -13 -14 -15 22 -17 17 19 -20 -21 -22 -23 27 25 -26 26 -28 28 -30 -31
leaf_value=0.00031925902985890659 -0.00023661229157119569 0.00054159974945279976 0.00023410495146698154 -0.00021941384060288071 -0.00016461308121223638 0 0 -2.37805129300853e-06 0 -0.00013714048633155232 0.00015427125610890309 0 0 0.00022292220617282514 0 -1.1622781929563807e-05 0 -2.1991888134519747e-06 0.00056009512549350744 8.4914468764983326e-05 -5.9171163216916965e-05 0 9.6035210864058525e-05 0 0.00018904121391624716 -7.487035556651668e-05 0 0 -2.6404410009056552e-05 3.9250879943075279e-05
leaf_weight=50 50 50 84 55 89 54 205 10269 93 150 55 361 56 79 362 667 150 1676 51 70 62 90 62 368 50 450 53 1486 418 599
leaf_count=50 50 50 84 55 89 54 205 10269 93 150 55 361 56 79 362 667 150 1676 51 70 62 90 62 368 50 450 53 1486 418 599
internal_value=0 3.67265e-06 5.0041e-05 1.63879e-05 -1.06055e-05 -2.85809e-07 -6.40265e-05 0 8.79417e-05 -7.7782e-07 -5.15944e-05 2.08333e-05 7.73149e-05 0.000133208 -6.47253e-06 -3.45839e-05 3.02077e-07 1.69985e-05 0.000152337 0 0 4.08577e-05 0 -1.59862e-05 1.86944e-05 -3.81273e-05 -6.27073e-05 6.15898e-06 1.89845e-06 9.97947e-06
internal_weight=18314 13660 944 894 4654 810 260 12716 143 12573 357 550 189 133 4565 717 12216 1947 201 1746 207 145 3848 1283 412 871 503 2565 2503 2085
internal_count=18314 13660 944 894 4654 810 260 12716 143 12573 357 550 189 133 4565 717 12216 1947 201 1746 207 145 3848 1283 412 871 503 2565 2503 2085
is_linear=0
shrinkage=0.05


Tree=163
num_leaves=31
num_cat=0
split_feature=110 128 126 88 133 54 32 115 128 50 138 75 49 59 101 100 84 133 86 121 133 133 136 160 160 82 117 47 22 54
split_gain=0.00027494 0.00115843 0.000861221 0.000411895 0.00212276 0.00969223 0.001333 0.00061655 0.000770678 0.00076266 0.0018389 0.000631116 0.000528257 0.000415353 0.000482524 0.000387284 0.00103712 0.00579625 0.000599364 0.000574515 0.00102314 0.000420467 0.000816563 0.000810295 0.00058595 0.000355837 0.000634147 0.000300479 0.00162997 0.00568577
threshold=31.050000000000004 8.3844366951598737 44.500000000000007 36.912500000000016 79.440000000000012 0.085000000000000006 3.9500000000000006 20.950000000000003 9.232155983247015 1014.6500000000002 3.7550000000000003 13.65 988.6500000000002 7.9090000000000016 0.25664505000000309 -4.099999999999965 10.950000000000005 80.210000000000022 4.5000000000000009 1.0000000180025095e-35 80.210000000000022 80.390000000000015 0.15500000000000003 0.032993197278911576 0.20102040816326536 27.016000000000005 0.25000000000000006 42.500000000000007 1.0000000180025095e-35 0.075000000000000025
decision_type=2 2 2 2 2 2 2 2 2 2 2 2 2 2 2 2 2 2 2 8 2 2 2 2 2 2 2 2 2 2
left_child=3 2 -2 15 6 -6 -5 9 11 -8 -11 -9 13 14 -12 18 21 -18 19 20 -1 27 -23 -24 -25 26 -20 28 29 -17
right_child=1 -3 -4 4 5 -7 7 8 -10 10 12 -13 -14 -15 -16 16 17 -19 25 -21 -22 22 23 24 -26 -27 -28 -29 -30 -31
leaf_value=-4.8955628209256541e-05 -0.00027546604843200221 -5.6068605093862812e-06 0 0.0002006678650946817 -9.5864871618853552e-05 0.00069365857599956553 -1.6810663917019953e-05 -0.00029409325891551651 0 0.00028468013994207463 1.626278177770339e-05 -5.5091583699801312e-06 -3.4291261929109052e-05 0 0.00020144650166565998 0 0 0.000563469008064001 0 1.2514796117866426e-07 -0.00031553405117679015 5.1504562691206377e-08 -1.6118550728448936e-05 -0.00030535555194533578 0 -2.2022229468229717e-05 0.00016693327901610945 -5.271251557088217e-06 4.676607918927814e-06 0.00059648944422766579
leaf_weight=426 72 2800 50 84 81 61 611 53 413 80 196 94 206 82 83 167 204 53 184 118 53 479 259 68 54 448 80 5237 5466 52
leaf_count=426 72 2800 50 84 81 61 611 53 413 80 196 94 206 82 83 167 204 53 184 118 53 479 259 68 54 448 80 5237 5466 52
internal_value=0 -1.40655e-05 -0.000165924 2.66186e-06 2.35941e-05 0.000210811 6.88602e-06 0 -4.56465e-05 1.72002e-05 5.70111e-05 -0.000144624 1.5641e-05 5.79624e-05 8.97331e-05 -1.70495e-07 2.25889e-06 0.000101428 -2.63152e-05 -6.34247e-05 -8.94644e-05 0 -3.35515e-05 -8.87764e-05 -0.00020099 0 5.03511e-05 2.73884e-06 1.09967e-05 0.000145273
internal_weight=18314 2922 122 15392 2044 142 1902 1818 560 1258 647 147 567 361 279 13348 12039 257 1309 597 479 11782 860 381 122 712 264 10922 5685 219
internal_count=18314 2922 122 15392 2044 142 1902 1818 560 1258 647 147 567 361 279 13348 12039 257 1309 597 479 11782 860 381 122 712 264 10922 5685 219
is_linear=0
shrinkage=0.05


Tree=164
num_leaves=31
num_cat=0
split_feature=109 134 73 90 133 133 104 36 74 75 19 111 136 133 126 85 43 90 90 59 138 22 44 59 43 10 50 115 131 47
split_gain=0.000265422 0.000469342 0.000290645 0.000245646 0.00121618 0.00106827 0.00402476 0.000888824 0.000592789 0.000812974 0.000596185 0.00071048 0.000611849 0.000491193 0.000462549 0.000449463 0.00172801 0.000874774 0.000487397 0.000427666 0.00137655 0.00225244 0.000489759 0.000542722 0.00055924 0.00104018 0.000907594 0.000498269 0.000452721 0.000367223
threshold=1.1500000000000001 4.285000000000001 33.350000000000001 25.603061224489803 87.575000000000003 88.200000000000003 21.950000000000006 263.83673105000008 15.964285714285717 9.5500000000000025 -0.0019471428571428662 9.2500000000000018 1.0200000000000002 20.835000000000004 17.500000000000004 279.09014655000004 0.37950000000000006 22.690816326530612 23.690816326530616 5.6297000000000006 3.8050000000000002 6.5000000000000009 457.50000000000006 9.8473500000000005 0.34950000000000003 6.5900000000000007 1018.6500000000002 12.950000000000001 65.720713804132885 1.0000000180025095e-35
decision_type=2 2 2 2 2 2 2 2 2 2 2 2 2 2 2 2 2 2 2 2 2 2 2 2 2 2 2 2 2 2
left_child=3 2 -2 5 7 15 -7 -5 10 -10 14 12 13 -12 -9 29 17 -17 -19 20 21 -11 28 24 -24 26 -26 -25 -21 -1
right_child=1 -3 -4 4 -6 6 -8 8 9 19 11 -13 -14 -15 -16 16 -18 18 -20 22 -22 -23 23 27 25 -27 -28 -29 -30 -31
leaf_value=1.6741043689164663e-05 -0.00022046193902217336 -4.5875825517988637e-06 0 0.00018020063575961348 -0.00022050693826553043 0.00044917845625489481 -5.3734216134741897e-05 6.9557996190473006e-05 0.00019447348569300168 0.00042422894305167984 0 0 0 -0.00022716336817639059 -6.8845622953984061e-05 -0.00010528045753003463 0.00023554097484374101 0.00015514326624714117 0 -0.00015797022785786754 0 0 0 -7.3008245769901382e-05 0.00035850820778048531 0 0 0 -1.8295756505722239e-05 -3.4271166245997255e-06
leaf_weight=2881 51 620 52 61 67 62 70 142 52 53 70 161 57 150 97 126 99 82 171 106 503 69 696 361 53 73 53 918 409 9949
leaf_count=2881 51 620 52 61 67 62 70 142 52 53 70 161 57 150 97 126 99 82 171 106 503 69 696 361 53 73 53 918 409 9949
internal_value=0 -2.9743e-05 -0.000131587 1.1452e-06 -9.08888e-06 4.67848e-06 0.00014649 -4.34334e-06 -8.42818e-06 0 -5.10627e-05 -8.61513e-05 -0.000134572 -0.000172342 0 2.88529e-06 5.06313e-05 0 5.53895e-05 -2.91399e-06 3.21219e-05 0.000182291 -1.3e-05 -1.4192e-07 2.77173e-05 0.000107266 0.000208948 -2.31142e-05 -5.69846e-05 7.12951e-07
internal_weight=18314 723 103 17591 4151 13440 132 4084 4023 3346 677 438 277 220 239 13308 478 379 253 3294 625 122 2669 2154 875 179 106 1279 515 12830
internal_count=18314 723 103 17591 4151 13440 132 4084 4023 3346 677 438 277 220 239 13308 478 379 253 3294 625 122 2669 2154 875 179 106 1279 515 12830
is_linear=0
shrinkage=0.05


Tree=165
num_leaves=31
num_cat=0
split_feature=128 117 80 112 36 115 84 141 22 142 88 82 112 138 96 106 105 28 2 33 33 97 133 81 83 141 100 84 138 107
split_gain=0.000350304 0.00207522 0.00278011 0.00127978 0.00100458 0.00242625 0.00142204 0.000980186 0.000287757 0.000417095 0.0019784 0.00647494 0.000879611 0.00164001 0.00118477 0.00103827 0.00159041 0.000751177 0.000616507 0.000573919 0.000571899 0.000440014 0.000398377 0.000650007 0.000371171 0.000701284 0.000511599 0.000723705 0.000481742 0.000365385
threshold=8.7846965173466334 1.2500000000000002 37.062500000000007 286.54251920000007 275.51952440000008 9.6500000000000004 1.8500000000000005 28.475000000000005 3.5000000000000004 336.7235080293604 41.987500000000004 30.054000000000006 286.02616050000006 3.6950000000000007 41.612500000000004 13.050000000000002 5.5000000000000009 41.850000000000009 0.00021126900000000001 0.78916533576727044 0.33962057097746456 2.8000000000000029 20.835000000000004 44.350000000000001 20.250000000000004 39.105000000000011 -3.2499999999999996 13.550000000000002 3.7650000000000001 10.250000000000002
decision_type=2 2 2 2 2 2 2 2 2 2 2 2 2 2 2 2 2 2 2 2 2 2 2 2 2 2 2 2 2 2
left_child=1 2 3 4 6 -6 -1 -5 -2 19 12 -12 14 -14 24 -15 -17 -16 -18 -10 -20 22 -21 -24 26 -26 28 -28 -11 -23
right_child=8 -3 -4 7 5 -7 -8 -9 9 10 11 -13 13 15 17 16 18 -19 20 21 -22 29 23 -25 25 -27 27 -29 -30 -31
leaf_value=-7.7936256805710469e-06 -1.3248402463793101e-05 -0.00028331486606318022 0.0002534066325366123 -0.00033720295919735342 0.00036941526747046234 0 -0.00022332227174522569 -7.5988453196866097e-06 9.8574489197284343e-07 -0.00017728408022507419 0.00061971196441159573 0 0.00026044063597025039 -9.6225891033472599e-05 -0.00019888712772754384 0.00030018083827129774 0 0 0 -2.8080438547211785e-05 0.00020063616578552707 0.00010200038001212204 0 -0.00021790840356646058 1.1706326945536592e-05 0.00022461965821145535 1.0818089182462694e-06 0.00016770318071715283 -1.670178424051699e-05 -1.3157410477541141e-05
leaf_weight=1176 3250 74 91 58 56 102 87 95 5800 70 56 152 89 126 120 61 555 67 52 775 80 88 85 97 446 52 3867 67 516 114
leaf_count=1176 3250 74 91 58 56 102 87 95 5800 70 56 152 89 126 120 61 555 67 52 775 80 88 85 97 446 52 3867 67 516 114
internal_value=-2.15056e-06 -2.34951e-05 -8.78321e-06 -2.72674e-05 -8.6651e-06 0.000103797 -2.67606e-05 -0.000166393 0 3.34006e-06 1.27947e-05 0.000165189 6.8191e-06 5.07742e-05 -3.60978e-07 2.34362e-05 5.03703e-05 -0.000124378 2.05176e-05 -4.60469e-06 0.000117329 -3.68681e-05 -5.25385e-05 -0.000128642 3.28827e-06 4.43639e-05 -1.40177e-07 5.23208e-06 -4.46712e-05 1.26351e-05
internal_weight=18324 1739 1665 1574 1421 158 1263 153 16585 13335 6376 208 6168 963 5205 874 748 187 687 6959 132 1159 957 182 5018 498 4520 3934 586 202
internal_count=18324 1739 1665 1574 1421 158 1263 153 16585 13335 6376 208 6168 963 5205 874 748 187 687 6959 132 1159 957 182 5018 498 4520 3934 586 202
is_linear=0
shrinkage=0.05


Tree=166
num_leaves=31
num_cat=0
split_feature=4 81 55 44 75 10 124 81 134 112 28 101 128 103 101 33 131 103 106 85 43 61 11 2 115 84 83 63 44 137
split_gain=0.00037635 0.000919892 0.000606328 0.000409723 0.000374008 0.000535221 0.000965271 0.000383245 0.000467221 0.000638218 0.000504722 0.00033082 0.000985258 0.00101892 0.000874541 0.00308924 0.007011 0.000314366 0.000408982 0.000522134 0.000530155 0.000364922 0.00105122 0.00138597 0.00024068 0.00208209 0.00362009 0.0010044 0.00246561 0.000890453
threshold=0.0050513260000000009 47.95000000000001 3.5965136000000375 1217.5000000000002 16.050000000000004 32.20000000000001 0.1294095225512602 28.150000000000002 8.8950000000000014 278.70969645000008 31.200000000000006 9.104752200000009 9.5328200594442709 1271.3000000000002 7.0211064000000087 0.15584836779762587 49.891498158895921 763.65000000000009 11.750000000000002 276.37884665000007 0.35950000000000004 144.25000000000003 0.0030514102222222229 0.00017334000000000004 9.3500000000000032 8.1500000000000039 15.15 9.4355000000000029 1417.5000000000002 0.015000000000000001
decision_type=2 2 2 2 2 2 2 2 2 2 2 2 2 2 2 2 2 2 2 2 2 2 2 2 2 2 2 2 2 2
left_child=11 4 -3 -4 7 -6 -7 -2 9 10 -9 14 13 -13 17 -16 -17 18 19 -1 -21 22 -19 -24 25 -23 -27 -28 -29 -26
right_child=1 2 3 -5 5 6 -8 8 -10 -11 -12 12 -14 -15 15 16 -18 21 -20 20 -22 24 23 -25 29 26 27 28 -30 -31
leaf_value=0 0 0 -0.00019005179148035286 0 0 0.00020929720179747475 0 -2.8994554949225527e-05 -4.9799230774634601e-07 0 -0.0002433338720573264 -0.00026316290131412311 5.3407150826991671e-06 -1.207159883021496e-05 -3.3070273907585132e-06 0.00066689459540934738 0 5.0708979854228581e-06 0 -1.3780869480200095e-06 -0.00025084890423175346 0 0.0003408213081072108 0 -8.3970975087150967e-05 0.00038696074568019635 0.0001875420556185213 4.6850055601588682e-05 -0.00033531339433606126 -7.8281290452075549e-07
leaf_weight=193 1244 61 155 65 1180 88 82 131 444 171 98 81 400 180 353 61 105 709 567 98 68 5786 60 52 353 96 70 177 51 5145
leaf_count=193 1244 61 155 65 1180 88 82 131 444 171 98 81 400 180 353 61 105 709 567 98 68 5786 60 52 353 96 70 177 51 5145
internal_value=-2.06513e-06 -1.63688e-05 -0.000104755 -0.000144435 -7.66241e-06 1.04468e-05 9.32047e-05 -2.17639e-05 -4.80089e-05 -8.81444e-05 -0.000143119 1.23568e-06 -3.26627e-05 -0.000109787 3.20337e-06 6.69052e-05 0.000245278 3.63496e-07 -2.72597e-05 -6.89465e-05 -0.000134401 2.81201e-06 3.50703e-05 0.000179004 1.1322e-07 7.29273e-06 0.000118364 1.41087e-05 -1.78908e-05 -7.04748e-06
internal_weight=18324 3719 281 220 3438 1350 170 2088 844 400 229 14605 661 261 13944 519 166 13425 926 359 166 12499 821 112 11678 6180 394 298 228 5498
internal_count=18324 3719 281 220 3438 1350 170 2088 844 400 229 14605 661 261 13944 519 166 13425 926 359 166 12499 821 112 11678 6180 394 298 228 5498
is_linear=0
shrinkage=0.05


Tree=167
num_leaves=31
num_cat=0
split_feature=4 81 55 42 75 10 101 81 134 112 120 101 128 101 33 82 81 23 105 42 135 92 6 84 89 112 54 82 92 77
split_gain=0.000350237 0.000821732 0.000560422 0.000346959 0.000345545 0.000475984 0.00053127 0.000354539 0.000424247 0.000578845 0.00035717 0.00029843 0.000910975 0.000778331 0.00295043 0.00120918 0.000699557 0.00135585 0.000297286 0.000506464 0.000663468 0.00353387 0.00465703 0.000496923 0.000488178 0.000904188 0.00044896 0.00092437 0.000544185 0.000397763
threshold=0.0050513260000000009 47.95000000000001 3.5965136000000375 0.70500000000000007 16.050000000000004 32.20000000000001 0.84821604999999078 28.150000000000002 8.8950000000000014 278.70969645000008 271.70439640000001 9.104752200000009 9.5328200594442709 7.0211064000000087 0.81946004823752883 30.850000000000005 37.95000000000001 22.750000000000004 8.5000000000000018 1.5450000000000002 5.6000000000000005 15.750000000000005 0.0018930555555555558 17.150000000000006 38.550000000000004 288.90883360000004 0.055000000000000007 20.214000000000002 9.0500000000000025 278.56882060000004
decision_type=2 2 2 2 2 2 2 2 2 2 10 2 2 2 2 2 2 2 2 2 2 2 2 2 2 2 2 2 2 2
left_child=11 4 -3 -4 7 -6 -7 -2 9 10 -9 13 16 18 15 -15 -13 -18 23 20 21 26 -23 24 25 -1 28 -28 -20 -26
right_child=1 2 3 -5 5 6 -8 8 -10 -11 -12 12 -14 14 -16 -17 17 -19 19 -21 -22 22 -24 -25 29 -27 27 -29 -30 -31
leaf_value=0 0 0 -0.00018814704699138135 0 0 0 0.00022561735817082363 -9.9048020574533983e-07 -4.7314888637261388e-07 0 -0.00019730602592232181 0 5.0743448100785678e-06 -1.0022367811688694e-05 0.00042866638827356788 0.00020468412088761966 -0.00038957795491749599 0 -7.3551285469433845e-07 -0.00014372017241514966 3.055849911592322e-07 5.1404296300553149e-05 0.0005756174501959433 -0.00010597994719620338 0 0.00019693041571516672 0 0.00017888040852002718 -0.00014672150301323756 -7.2829789439038232e-05
leaf_weight=827 1244 61 142 78 1180 119 51 96 444 171 133 127 400 397 50 72 52 82 481 55 10452 197 65 156 345 62 211 87 91 396
leaf_count=827 1244 61 142 78 1180 119 51 96 444 171 133 127 400 397 50 72 52 82 481 55 10452 197 65 156 345 62 211 87 91 396
internal_value=-2.0485e-06 -1.58459e-05 -9.95317e-05 -0.00013777 -7.52505e-06 9.7652e-06 8.78193e-05 -2.10969e-05 -4.636e-05 -8.46974e-05 -0.000137109 1.12336e-06 -3.10499e-05 3.00917e-06 6.31058e-05 1.2666e-05 -0.000105305 -0.000185677 3.08937e-07 3.58667e-06 4.73001e-06 4.11323e-05 0.000202163 -1.82435e-05 -6.72115e-06 1.43304e-05 -1.79783e-06 4.10936e-05 -3.29021e-05 -3.87012e-05
internal_weight=18324 3719 281 220 3438 1350 170 2088 844 400 229 14605 661 13944 519 469 261 134 13425 11639 11584 1132 262 1786 1630 889 870 298 572 741
internal_count=18324 3719 281 220 3438 1350 170 2088 844 400 229 14605 661 13944 519 469 261 134 13425 11639 11584 1132 262 1786 1630 889 870 298 572 741
is_linear=0
shrinkage=0.05


Tree=168
num_leaves=31
num_cat=0
split_feature=128 117 80 112 141 36 115 84 85 53 89 35 112 30 131 112 4 115 29 75 59 81 4 128 7 77 93 11 85 96
split_gain=0.000348233 0.00180563 0.00242174 0.00113272 0.000899165 0.000827255 0.00203426 0.00127881 0.000387404 0.00677353 0.000877138 0.00150383 0.000674174 0.000563088 0.000426902 0.000259221 0.000253306 0.000310378 0.000569527 0.000323121 0.000614048 0.000366606 0.000270189 0.000390774 0.000229802 0.000299161 0.000366123 0.000220785 0.000414566 0.000807159
threshold=8.7846965173466334 1.2500000000000002 37.062500000000007 286.54251920000007 28.475000000000005 275.51952440000008 9.6500000000000004 1.8500000000000005 280.06997175000004 198.50000000000003 55.050000000000004 279.74839835000006 293.21458295000008 -1.9342857142857135 96.666400384507128 282.75458710000004 0.0050513260000000009 24.350000000000005 49.050000000000004 15.65 5.5385000000000009 28.150000000000002 0.015602646500000003 11.48223876127078 0.044550000000000013 278.48357105000008 264.70543845000003 0.0043609413958333341 276.37884665000007 38.212500000000013
decision_type=2 2 2 2 2 2 2 2 2 2 2 2 2 2 2 2 2 2 2 2 2 2 2 2 2 2 2 2 2 2
left_child=1 2 3 5 -5 7 -7 -1 10 12 16 -12 13 14 -10 -15 27 19 -19 21 -21 -18 23 24 -23 26 -26 -2 29 -29
right_child=8 -3 -4 4 -6 6 -8 -9 9 -11 11 -13 -14 15 -16 -17 17 18 -20 20 -22 22 -24 -25 25 -27 -28 28 -30 -31
leaf_value=-7.4778215706378623e-06 5.2692925929877072e-06 -0.00026615071426834525 0.00023477070985909845 -0.00032131765319440931 -3.917054744159522e-06 0.00033599521676558401 0 -0.00021229214066517508 -0.00023177143954990871 0.00042103288314147093 0 -0.00025915819602927555 8.2614208533594857e-05 6.7693496257864653e-05 0 -4.0198674694450059e-05 0 -0.00017255948239549342 0 0.00017771244658704817 0 0 0 0 0 0 -0.00014943658856804909 -2.7571059689638917e-05 -0.000105930449727166 0.00016185370120524567
leaf_weight=1176 11628 74 91 58 95 56 102 87 72 98 74 88 82 59 60 230 1179 84 76 51 1395 121 164 93 66 77 253 448 124 63
leaf_count=1176 11628 74 91 58 95 56 102 87 72 98 74 88 82 59 60 230 1179 84 76 51 1395 121 164 93 66 77 253 448 124 63
internal_value=-2.00411e-06 -2.32945e-05 -9.34645e-06 -2.67747e-05 -0.000158012 -9.02694e-06 9.21182e-05 -2.56987e-05 0 3.95873e-05 -1.2527e-06 -0.000116649 -2.54974e-05 -5.8549e-05 -0.000146492 -7.73393e-07 0 -1.18048e-05 -8.29281e-05 -6.96287e-06 8.60437e-06 -2.10462e-05 -4.79519e-05 -6.342e-05 -8.14259e-05 -0.000100489 -0.000121923 3.3443e-06 -2.3997e-05 0
internal_weight=18324 1739 1665 1574 153 1421 158 1263 16585 601 15984 162 503 421 132 289 15822 3559 160 3399 1446 1953 774 610 517 396 319 12263 635 511
internal_count=18324 1739 1665 1574 153 1421 158 1263 16585 601 15984 162 503 421 132 289 15822 3559 160 3399 1446 1953 774 610 517 396 319 12263 635 511
is_linear=0
shrinkage=0.05


Tree=169
num_leaves=31
num_cat=0
split_feature=43 43 92 131 69 28 54 16 16 112 92 73 13 85 138 102 111 89 35 100 81 22 4 90 26 31 104 24 85 0
split_gain=0.000302981 0.00119988 0.00202647 0.000420757 0.00322191 0.000412852 0.000331867 0.00208364 0.000310681 0.00175849 0.00278433 0.000925743 0.00102393 0.000490012 0.00583269 0.000860701 0.00199908 0.000762041 0.0013868 0.000544038 0.000302291 0.000299299 0.000268495 0.000401899 0.000557658 0.000291849 0.000270302 0.000765003 0.000838331 0.000781924
threshold=0.26150000000000007 0.27150000000000007 15.350000000000003 22.321942539713117 286.37710085000009 24.050000000000004 0.39500000000000007 3.5800000000000005 6.8400000000000007 277.38336435000008 9.1500000000000039 37.650000000000013 0.0039296913055555565 280.06997175000004 3.6950000000000007 1.5999999999999992 13.050000000000002 55.050000000000004 279.74839835000006 0.85000000000002285 33.350000000000001 42.500000000000007 0.0050513260000000009 32.793877551020408 13.500000000000002 24.350000000000005 0.65000000000000024 55.150000000000013 277.90513685000002 0.11060000000000002
decision_type=2 2 2 2 2 2 2 2 2 2 2 2 2 2 2 2 2 2 2 2 2 2 2 2 2 2 2 2 2 2
left_child=5 2 -2 4 -3 20 8 -8 13 10 -10 12 -11 17 -15 19 -17 22 -19 21 -1 -16 23 26 25 -25 27 -5 29 -29
right_child=1 3 -4 6 -6 -7 7 -9 9 11 -12 -13 -14 14 15 16 -18 18 -20 -21 -22 -23 -24 24 -26 -27 -28 28 -30 -31
leaf_value=0 0 -4.8614476097197787e-07 0.00029804240356884294 3.0629098952613481e-06 -0.00042010595917068156 -8.5883426108737888e-06 0 0.00033985188035820524 -1.2698147527617841e-05 -8.6819977071281057e-05 0.00030894052641935115 0 -0.00039552620628315852 0.00049256020617814602 -6.240284567970224e-05 0.00034443443306301168 -2.7595612959037489e-05 0 -0.00024897660497588046 -0.00020595312496497124 -0.00016467615130943858 3.4045110638437428e-05 -1.2907218794740796e-05 0.00025177256301022312 0 0 -1.2732336452843667e-06 1.3392849570512527e-05 0 0.00026418625251818943
leaf_weight=63 188 604 89 1787 51 891 246 51 662 242 72 90 51 64 164 50 58 74 86 56 93 101 3136 50 67 50 8890 119 85 94
leaf_count=63 188 604 89 1787 51 891 246 51 662 242 72 90 51 64 164 50 58 74 86 56 93 101 3136 50 67 50 8890 119 85 94
internal_value=-1.95021e-06 -7.5066e-08 0.000102635 -2.04868e-06 -4.13714e-05 -2.80922e-05 -1.64565e-07 5.17111e-05 -1.43933e-06 -2.69115e-05 1.24269e-05 -0.000115158 -0.000158723 1.33081e-07 4.9375e-05 -6.10507e-06 0.000100349 -1.20535e-06 -0.000109377 -5.76497e-05 -0.000106878 -6.85665e-06 0 3.65211e-06 8.12511e-05 0.000157431 2.0085e-06 1.8392e-05 9.32747e-05 0.000148153
internal_weight=18324 17277 277 17000 655 1047 16345 297 16048 1117 734 383 293 14931 493 429 108 14438 160 321 156 265 14278 11142 167 100 10975 2085 298 213
internal_count=18324 17277 277 17000 655 1047 16345 297 16048 1117 734 383 293 14931 493 429 108 14438 160 321 156 265 14278 11142 167 100 10975 2085 298 213
is_linear=0
shrinkage=0.05


Tree=170
num_leaves=31
num_cat=0
split_feature=94 83 75 131 85 110 49 138 133 101 92 111 41 137 89 89 131 3 140 50 75 50 133 94 0 95 94 33 133 128
split_gain=0.000527672 0.00113713 0.00658771 0.000629804 0.000505232 0.00268898 0.0023487 0.00114662 0.000631722 0.000490574 0.000571998 0.000320297 0.000411783 0.000320213 0.000301008 0.000738112 0.000548414 0.000508191 0.000279576 0.000389347 0.000350826 0.000327577 0.000284465 0.000301931 0.000267879 0.000253283 0.000235215 0.00154047 0.00022485 0.000221868
threshold=22.500000000000004 31.000000000000004 15.050000000000002 65.720713804132885 279.86302325000003 10.550000000000002 987.45000000000016 4.5300000000000002 88.64500000000001 -3.2361262000000006 13.450000000000005 15.750000000000002 45.500000000000007 18.300000000000004 43.750000000000007 43.550000000000004 57.257815097269223 0.037226010000000011 13.655000000000001 1023.2500000000001 12.250000000000002 1011.85 13.285000000000002 28.500000000000004 0.17410000000000003 2.5000000000000004 19.500000000000004 -0.71097317590680398 18.630000000000003 11.266865951736994
decision_type=2 2 2 2 2 2 2 2 2 2 2 2 2 2 2 2 2 2 2 2 2 2 2 2 2 2 2 2 2 2
left_child=1 4 -3 9 8 6 -6 -7 13 -2 28 12 -9 14 15 24 17 -16 22 21 -21 -20 -5 -24 26 -4 -1 -28 -11 -23
right_child=3 2 25 18 5 7 -8 11 -10 10 -12 -13 -14 -15 16 -17 -18 -19 19 20 -22 29 23 -25 -26 -27 27 -29 -30 -31
leaf_value=1.7846870251929773e-06 0 0.00053776431480593721 -0.00012453274531133886 -1.3526005217629582e-06 0 -0.00020992438487399609 0.00042224510945565203 0 0.00014568198969503723 -5.3537723052403845e-05 0 2.6555316297998541e-05 -0.00011539198543336995 0.00010158602327394943 -2.9473077260750705e-05 0.00016867321210726791 0 -0.00022226606100629712 0 0 0.00012297496944572027 -0.00011619807785154589 0 0.00012391564838909881 -3.0027208159243276e-05 0 0.00024739281931131799 0 -0.00023683430459932425 0
leaf_weight=12764 59 65 56 760 50 163 50 164 75 142 97 73 160 77 341 66 1275 60 203 54 61 226 62 96 622 87 73 193 99 111
leaf_count=12764 59 65 56 760 50 163 50 164 75 142 97 73 160 77 341 66 1275 60 203 54 61 226 62 96 622 87 73 193 99 111
internal_value=-1.40611e-06 1.23998e-06 0.000117144 -2.59795e-05 0 -4.30497e-05 0.000178583 -9.17874e-05 1.56473e-06 -8.38815e-05 -0.000108988 -3.03144e-05 -5.85545e-05 5.33546e-07 0 2.46584e-06 -1.99747e-05 -7.12389e-05 -8.14528e-06 -3.44496e-05 2.28473e-05 -5.59135e-05 5.1994e-06 6.79722e-05 1.2838e-06 -4.17309e-05 3.16436e-06 5.03865e-05 -0.000150162 -8.61793e-05
internal_weight=18384 16414 208 1970 16206 660 100 560 15546 397 338 397 324 15471 15394 13718 1676 401 1573 655 115 540 918 158 13652 143 13030 266 241 337
internal_count=18384 16414 208 1970 16206 660 100 560 15546 397 338 397 324 15471 15394 13718 1676 401 1573 655 115 540 918 158 13652 143 13030 266 241 337
is_linear=0
shrinkage=0.05


Tree=171
num_leaves=31
num_cat=0
split_feature=94 96 131 85 110 110 138 133 101 19 126 137 140 43 92 118 50 50 76 134 103 133 94 128 135 102 83 54 2 47
split_gain=0.000487344 0.0014726 0.000566344 0.000493629 0.00203001 0.0025122 0.00109618 0.00056218 0.000443184 0.000441376 0.000387662 0.00028302 0.000282083 0.000272028 0.000270296 0.000343404 0.000266541 0.000308516 0.000248744 0.000594047 0.000413606 0.000227858 0.00027588 0.000214626 0.000172989 0.000167329 0.000585002 0.000249594 0.00102479 0.00485371
threshold=22.500000000000004 50.937500000000007 75.00225261346624 279.65964215000002 10.550000000000002 8.9500000000000011 4.5300000000000002 88.64500000000001 -3.2361262000000006 -0.0004528571428571426 35.500000000000007 18.300000000000004 13.655000000000001 0.33450000000000008 13.450000000000005 35.350000000000001 1023.1500000000002 1011.85 7.7500000000000018 4.285000000000001 2160.1500000000001 13.285000000000002 28.500000000000004 11.266865951736994 5.6000000000000005 0.50000000000000044 31.000000000000004 0.055000000000000007 0.0059917800000000012 8.5000000000000018
decision_type=2 2 2 2 2 2 2 2 2 2 2 2 2 2 2 10 2 2 2 2 2 2 2 2 2 2 2 2 2 2
left_child=1 3 8 7 5 -5 13 11 -2 -8 14 18 21 -6 15 -10 17 -14 25 20 -20 -4 -23 -19 -21 26 27 -1 -29 -30
right_child=2 -3 12 4 6 -7 9 -9 10 -11 -12 -13 16 -15 -16 -17 -18 23 19 24 -22 22 -24 -25 -26 -27 -28 28 29 -31
leaf_value=-2.0343942691976482e-06 0 0.0002694769405706229 0 -2.430766637458034e-06 0 0.00040799031453692206 -0.00010553672018300859 0.00013849372898795608 -0.00016679520900725363 0 0 9.6571843370419136e-05 0 -0.00025056289684902079 0 0 8.56721026157358e-06 -0.00011787722815360541 -0.00023425463703444753 5.9681347229343375e-05 0 0 0.00011778373902772504 0 -1.6992959024881236e-05 -4.24870486055353e-06 0.00014005344079859718 7.0705001517909548e-06 0.00054776694431323046 0
leaf_weight=4962 75 50 666 60 57 50 124 75 223 315 117 77 196 113 76 63 98 187 55 72 54 62 96 111 600 5445 83 4027 50 145
leaf_count=4962 75 50 666 60 57 50 124 75 223 315 117 77 196 113 76 63 98 187 55 72 54 62 96 111 600 5445 83 4027 50 145
internal_value=-1.37366e-06 1.15771e-06 -2.49916e-05 1.59162e-08 -4.01303e-05 0.000141074 -8.12345e-05 2.18294e-06 -6.87135e-05 -2.562e-05 -8.81336e-05 1.19638e-06 -4.32076e-06 -0.000194621 -0.000113758 -0.00013683 -3.29885e-05 -5.1334e-05 3.93454e-07 -2.66398e-05 -0.000136148 1.02299e-05 6.42313e-05 -8.33196e-05 -1.27196e-06 2.17009e-06 6.48111e-06 4.71448e-06 1.38288e-05 0.000127139
internal_weight=18384 16414 1970 16364 719 110 609 15645 554 439 479 15570 1416 170 362 286 592 494 15493 781 109 824 158 298 672 14712 9267 9184 4222 195
internal_count=18384 16414 1970 16364 719 110 609 15645 554 439 479 15570 1416 170 362 286 592 494 15493 781 109 824 158 298 672 14712 9267 9184 4222 195
is_linear=0
shrinkage=0.05


Tree=172
num_leaves=31
num_cat=0
split_feature=94 96 131 85 110 110 138 133 101 92 19 137 140 50 49 50 133 94 76 136 67 43 133 80 134 15 77 35 102 139
split_gain=0.000441401 0.00133207 0.000522322 0.00045747 0.00182102 0.00229803 0.00099914 0.000507832 0.000434367 0.000481354 0.000400524 0.000255839 0.000229471 0.000333341 0.000328331 0.000270792 0.000227111 0.000252173 0.000226514 0.000556116 0.000269995 0.000211016 0.000175274 0.000230856 0.000174054 0.000169443 0.000219987 0.00258579 0.00026328 0.00131658
threshold=22.500000000000004 50.937500000000007 65.720713804132885 279.65964215000002 10.550000000000002 8.9500000000000011 4.5300000000000002 88.64500000000001 -3.2361262000000006 13.450000000000005 -0.0004528571428571426 18.300000000000004 13.655000000000001 1023.2500000000001 979.05000000000007 1011.85 13.285000000000002 28.500000000000004 7.7500000000000018 0.12500000000000003 13.250000000000002 0.33450000000000008 18.630000000000003 24.087500000000006 19.515000000000004 0.0038979166666666672 268.11329355000004 268.34640100000007 -1.8 86.716077848590643
decision_type=2 2 2 2 2 2 2 2 2 2 2 2 2 2 2 2 2 2 2 2 2 2 2 2 2 2 2 2 2 2
left_child=1 3 8 7 5 -5 21 11 -2 22 -8 18 16 15 -15 -14 -4 -18 25 20 -20 -6 23 -10 -17 26 -1 -28 29 -29
right_child=2 -3 12 4 6 -7 10 -9 9 -11 -12 -13 13 14 -16 24 17 -19 19 -21 -22 -23 -24 -25 -26 -27 27 28 -30 -31
leaf_value=-4.8728933397449765e-06 0 0.00025626728764715763 -7.5902990367572425e-07 -2.3112205187809137e-06 0 0.00038799078449122974 -0.00010030209795882912 0.00013166016806244921 -0.00011773853495242293 0 0 9.1805157798005856e-05 0 0.00012019745343908046 0 -0.00010034692603637398 0 0.00011195526653179897 -0.00019165964362556618 0 0 -0.00023814464828748438 -0.00021810560787635042 0 0 -1.528667091297996e-05 0.00026902600260578577 8.9597936268341738e-06 6.4500463946725007e-08 0.00019631896731984205
leaf_weight=4175 59 50 760 60 57 50 124 75 63 97 315 77 203 59 56 251 62 96 69 662 50 113 99 79 86 1180 94 1894 7265 104
leaf_count=4175 59 50 760 60 57 50 124 75 63 97 315 77 203 59 56 251 62 96 69 662 50 113 99 79 86 1180 94 1894 7265 104
internal_value=-1.31528e-06 1.07966e-06 -2.3797e-05 0 -3.86618e-05 0.000131951 -7.78411e-05 2.07653e-06 -7.66702e-05 -0.000100522 -2.41329e-05 1.12281e-06 -7.23583e-06 -3.11875e-05 1.99175e-05 -5.13298e-05 4.42851e-06 6.06756e-05 3.43518e-07 -2.54389e-05 -0.00012571 -0.000186343 -0.000138302 -4.65639e-05 -7.88674e-05 2.05367e-06 3.93625e-06 8.4012e-06 5.18793e-06 2.13068e-05
internal_weight=18384 16414 1970 16364 719 110 609 15645 397 338 439 15570 1573 655 115 540 918 158 15493 781 119 170 241 142 337 14712 13532 9357 9263 1998
internal_count=18384 16414 1970 16364 719 110 609 15645 397 338 439 15570 1573 655 115 540 918 158 15493 781 119 170 241 142 337 14712 13532 9357 9263 1998
is_linear=0
shrinkage=0.05


Tree=173
num_leaves=31
num_cat=0
split_feature=94 96 131 85 110 115 138 114 92 92 117 131 90 100 23 47 22 120 55 32 22 126 43 100 82 90 36 96 1 19
split_gain=0.000406862 0.00120484 0.00046768 0.000424653 0.00163323 0.00218912 0.000911115 0.000416797 0.000433972 0.000417641 0.000369274 0.00166405 0.000367383 0.000365297 0.000763227 0.000284262 0.00224458 0.00460867 0.000325062 0.000674375 0.000315885 0.000457347 0.000256793 0.000314894 0.000314949 0.000282815 0.000997816 0.000276137 0.000273781 0.000237294
threshold=22.500000000000004 50.937500000000007 65.720713804132885 279.65964215000002 10.550000000000002 13.850000000000003 4.5300000000000002 28.050000000000004 12.950000000000005 9.1500000000000039 0.35000000000000003 29.301636672347289 28.352040816326536 -4.8500000000000218 19.138194444444448 1.0000000180025095e-35 1.0000000180025095e-35 281.22250000000003 16.826455800000023 14.65 1.0000000180025095e-35 15.500000000000002 0.34450000000000003 -6.1499999999999764 26.726000000000006 24.213265306122455 264.67255995000005 37.062500000000007 0.00018775500000000003 -0.016885714285714282
decision_type=2 2 2 2 2 2 2 2 2 2 2 2 2 2 2 2 2 8 2 2 2 2 2 2 2 2 2 2 2 2
left_child=1 3 7 10 5 -5 -6 -2 9 -9 15 -12 -8 14 -13 16 17 -1 -18 -20 21 -17 23 24 28 29 -27 -28 -22 -24
right_child=2 -3 -4 4 6 -7 12 8 -10 -11 11 13 -14 -15 -16 20 18 -19 19 -21 22 -23 25 -25 -26 26 27 -29 -30 -31
leaf_value=0 0 0.00024370516880070699 -6.984099301694172e-06 -2.3176050086216746e-05 -0.00017847403641962559 0.00035681004369377792 0 -2.9750170988476245e-05 0 -0.00023854877082917633 0.00023141160108764328 0.00022686997351019481 -0.00014987418375277033 -1.7934661343210096e-05 0 4.764572871240551e-05 0 0.00058868408107788563 0.00022282813313259065 0 -0.00022736219978049542 -5.8292062705496818e-05 -0.00010697794547298804 -5.4603876909360234e-06 -7.2359540989712164e-06 0.00024906180882226184 7.7928021658522093e-05 0 0 1.2116827559064733e-06
leaf_weight=68 88 50 1573 55 170 55 389 129 90 90 95 51 50 462 243 72 2816 50 50 91 51 556 50 3299 273 51 127 663 55 6522
leaf_count=68 88 50 1573 55 170 55 389 129 90 90 95 51 50 462 243 72 2816 50 50 91 51 556 50 3299 273 51 127 663 55 6522
internal_value=-1.2725e-06 1.01506e-06 -2.28601e-05 0 -3.72669e-05 0.000123275 -7.46158e-05 -7.30257e-05 -0.000101034 -0.000138979 1.98552e-06 3.39992e-05 -2.27196e-05 2.31415e-06 5.10358e-05 0 1.36668e-05 0.000227377 3.37431e-06 7.72017e-05 -3.40793e-06 -3.81408e-05 -9.87232e-07 -1.21348e-05 -5.69068e-05 3.87018e-06 3.11705e-05 1.04859e-05 -0.000136841 0
internal_weight=18384 16414 1970 16364 719 110 609 397 309 219 15645 851 439 756 294 14794 3075 118 2957 141 11719 628 11091 3678 379 7413 841 790 106 6572
internal_count=18384 16414 1970 16364 719 110 609 397 309 219 15645 851 439 756 294 14794 3075 118 2957 141 11719 628 11091 3678 379 7413 841 790 106 6572
is_linear=0
shrinkage=0.05


Tree=174
num_leaves=31
num_cat=0
split_feature=94 96 131 101 126 116 114 43 88 93 50 61 106 101 112 23 128 112 115 43 137 140 102 138 117 114 13 90 84 133
split_gain=0.000374097 0.00108987 0.000430481 0.000380294 0.000330652 0.000268129 0.000566814 0.000863462 0.000451725 0.00444717 0.000442696 0.000297097 0.00114089 0.00269247 0.000568098 0.000358328 0.000341915 0.00031952 0.000284013 0.000354651 0.000278177 0.000228456 0.000232285 0.000213471 0.000868372 0.000636137 0.00155755 0.000538903 0.000485362 0.00394461
threshold=22.500000000000004 50.937500000000007 75.00225261346624 -3.2361262000000006 35.500000000000007 286.54117840000009 37.050000000000004 0.36350000000000005 43.112500000000004 265.72783320000002 1016.5500000000001 227.00000000000003 11.750000000000002 5.07256824999999 283.42347405000004 23.290277777777781 9.5328200594442709 281.70343730000008 13.65 0.36850000000000005 18.300000000000004 13.655000000000001 1.9000000000000001 7.6250000000000009 1.4500000000000002 32.250000000000007 0.00022447606250000003 25.603061224489803 15.850000000000003 85.89500000000001
decision_type=2 2 2 2 2 2 2 2 2 2 2 2 2 2 2 2 2 2 2 2 2 2 2 2 2 2 2 2 2 2
left_child=1 5 3 -2 -5 8 10 -8 20 -10 -7 12 14 -14 15 17 -16 -12 -13 -20 23 -4 -23 27 25 -25 -27 28 -1 -30
right_child=2 -3 21 4 -6 6 7 -9 9 -11 11 18 13 -15 16 -17 -18 -19 19 -21 -22 22 -24 24 -26 26 -28 -29 29 -31
leaf_value=-2.4325442645768418e-06 0 0.00023175883556855387 9.2726230655691994e-06 -0.0001021212410148032 0 -0.00010344524804875417 -1.1482069051222527e-05 -0.00028185467107915416 -9.5125476792566398e-06 0.00049158871440073101 0.00018025231971053777 0 0 0.00044526019178139161 -0.0001630384410504791 0 0 0 -7.4247141598911926e-06 -0.00017306053458499568 9.9746726678454759e-05 -4.9887986995521566e-05 0 0 0.00015644101699781104 0.00032186367207571125 0 -3.9350297181598118e-05 0 0.00045189422003911913
leaf_weight=8067 75 50 824 362 117 107 192 50 214 50 59 1173 111 50 75 209 91 60 266 59 71 440 152 3728 101 53 91 934 500 53
leaf_count=8067 75 50 824 362 117 107 192 50 214 50 59 1173 111 50 75 209 91 60 266 59 71 440 152 3728 101 53 91 934 500 53
internal_value=-1.23671e-06 9.44597e-07 -2.19394e-05 -6.0154e-05 -7.85149e-05 0 -1.4827e-05 -8.88503e-05 2.94293e-06 6.8022e-05 -4.65338e-06 0 2.8362e-05 0.000144443 0 2.78312e-05 -8.35374e-05 9.79224e-05 -1.19778e-05 -5.327e-05 1.30686e-06 -3.42772e-06 -2.95227e-05 4.13232e-07 1.04669e-05 5.32883e-06 0.000108288 -3.24493e-06 9.13103e-08 4.58718e-05
internal_weight=18384 16414 1970 554 479 16364 2502 242 13862 264 2260 2153 655 161 494 328 166 119 1498 325 13598 1416 592 13527 3973 3872 144 9554 8620 553
internal_count=18384 16414 1970 554 479 16364 2502 242 13862 264 2260 2153 655 161 494 328 166 119 1498 325 13598 1416 592 13527 3973 3872 144 9554 8620 553
is_linear=0
shrinkage=0.05


Tree=175
num_leaves=31
num_cat=0
split_feature=103 85 106 97 104 77 84 128 56 136 140 31 54 2 128 139 82 132 103 66 81 96 81 66 103 118 52 85 119 82
split_gain=0.000475816 0.000391754 0.000573397 0.000345474 0.00192607 0.00425703 0.000345493 0.000792 0.00411608 0.000347897 0.00108766 0.000600328 0.000286047 0.00116817 0.00989048 0.000784078 0.00143705 0.000558954 0.00168597 0.00174852 0.000423966 0.000405301 0.000785771 0.000364203 0.00034303 0.000312384 0.000294429 0.000277135 0.000271796 0.000316392
threshold=691.75000000000011 279.46601305000007 11.750000000000002 5.0000000000000036 1.0000000180025095e-35 286.09935920000004 11.250000000000002 8.6897550436737365 8.8851087500000308 0.15500000000000003 75.820000000000007 30.350000000000005 0.075000000000000025 0.0031384280000000004 9.4398986113331897 93.65491565332664 21.934000000000008 2.5000000000000004 874.35000000000002 13.775000000000002 37.95000000000001 45.662500000000009 47.95000000000001 20.125000000000004 1367.7 27.550000000000004 12.500000000000002 271.15030180000002 5.1500000000000012 26.726000000000006
decision_type=2 2 2 2 2 2 2 2 2 2 2 2 2 2 2 2 2 2 2 2 2 2 2 2 2 10 2 2 10 2
left_child=1 -1 -3 6 5 -5 12 8 -8 11 -11 28 21 15 -15 17 -17 20 19 -19 -14 22 -2 25 26 -23 -22 -25 29 -9
right_child=3 2 -4 4 -6 -7 7 9 -10 10 -12 -13 13 14 -16 16 -18 18 -20 -21 24 23 -24 27 -26 -27 -28 -29 -30 -31
leaf_value=-8.6622956003752925e-06 -1.7214220137471331e-06 -0.00017890240523080471 0 -1.3892218499117564e-05 5.0593239843870921e-06 0.00053499840192033161 -0.00044018464001083679 -0.00027627379602668397 7.0339360835783161e-05 -7.217070320816288e-06 0.00022326713876814127 1.1229459791465134e-05 -7.5421733808970655e-06 0.00069841584342039546 0 0 0.00033127370302049808 0.00034454763522166775 5.0112511676969757e-07 7.0586998809074885e-06 0 9.2956307671556712e-05 0.0001813755169249647 0 0 -3.3087066254091321e-05 -0.00018991934658459995 -0.00012156739194977397 0 -1.1921530280875083e-06
leaf_weight=546 7929 109 63 51 1395 56 64 51 68 1481 52 77 1265 57 435 57 50 75 3170 147 99 61 58 75 101 223 97 182 90 67
leaf_count=546 7929 109 63 51 1395 56 64 51 68 1481 52 77 1265 57 435 57 50 75 3170 147 99 61 58 75 101 223 97 182 90 67
internal_value=0 -3.99728e-05 -0.000109839 1.52364e-06 2.45079e-05 0.000229375 -3.19346e-07 -2.02959e-05 -0.000141042 -8.70736e-06 0 -5.93571e-05 2.09328e-06 1.11374e-05 8.50404e-05 2.94987e-06 0.000136227 0 1.1441e-05 0.000144531 -2.46959e-05 -3.21018e-06 0 -4.50737e-05 -8.07089e-05 0 -0.000119192 -8.83012e-05 -0.00010934 -0.000163423
internal_weight=18251 718 172 17533 1502 107 16031 1950 132 1818 1533 285 14081 5553 492 5061 107 4954 3392 222 1562 8528 7987 541 297 284 196 257 208 118
internal_count=18251 718 172 17533 1502 107 16031 1950 132 1818 1533 285 14081 5553 492 5061 107 4954 3392 222 1562 8528 7987 541 297 284 196 257 208 118
is_linear=0
shrinkage=0.05


Tree=176
num_leaves=31
num_cat=0
split_feature=103 114 150 84 138 117 103 140 50 121 133 116 75 138 85 33 43 16 104 126 99 67 104 28 10 103 128 133 122 138
split_gain=0.000436088 0.000448029 0.000347857 0.00165744 0.000605692 0.00200586 0.00053154 0.000966743 0.00116647 0.00044832 0.00397815 0.00565794 0.00562244 0.00106002 0.00236212 0.000536682 0.00448806 0.000417212 0.000819395 0.000416164 0.00122414 0.00375899 0.000818786 0.000450697 0.000672006 0.000407083 0.00374648 0.000836951 0.000332402 0.000328001
threshold=691.75000000000011 30.350000000000005 0.021428571428571432 21.050000000000008 2.9800000000000004 0.75000000000000011 1844.9500000000003 69.570000000000007 999.85000000000002 1.0000000180025095e-35 79.440000000000012 286.68719745000004 18.250000000000004 3.8900000000000001 277.22296395000006 -0.9977368637046552 0.33450000000000008 6.8400000000000007 0.65000000000000024 25.500000000000004 -1.3500000000000225 8.0500000000000025 0.65000000000000024 37.70000000000001 16.980000000000004 1994.1000000000001 9.0030086502857358 87.575000000000003 8.5000000000000018 13.125000000000002
decision_type=2 2 2 2 2 2 2 2 2 10 2 2 2 2 2 2 2 2 2 2 2 2 2 2 2 2 2 2 2 2
left_child=1 -1 3 4 5 -2 7 29 -9 15 13 12 -12 14 -11 16 -6 19 -19 20 21 -17 -23 -22 -25 26 -8 -27 -10 -4
right_child=2 -3 6 -5 9 -7 25 8 28 10 11 -13 -14 -15 -16 17 -18 18 -20 -21 23 22 -24 24 -26 27 -28 -29 -30 -31
leaf_value=-1.5319488935292115e-05 -9.5064624497336788e-06 -0.00015905555306085264 -2.4184823614804705e-05 0.00021246433950609014 0.00049716811002364621 -0.00033132649001480017 0.00034609842918016941 -0.00028614036505647409 3.1932084284707094e-05 0 0.00080872881916220062 -4.8868389638879611e-06 0 -4.6774811459702807e-06 0.00038132731152364942 0.00050060145335279512 0 -0.00017617311951133682 -2.2030556474080398e-06 -1.3800852872483979e-06 -1.3477568892706761e-05 0.00010991850064289923 -0.0001519880358583018 0 0.00015580546799265815 0 -4.5614491508650424e-06 -0.00017108894597923441 -9.4978700606927397e-05 4.2497645273848233e-05
leaf_weight=639 984 79 1306 97 50 53 85 82 62 184 60 87 50 1874 58 53 352 97 445 6465 623 69 51 93 110 3357 458 73 85 170
leaf_count=639 984 79 1306 97 50 53 85 82 62 184 60 87 50 1874 58 53 352 97 445 6465 623 69 51 93 110 3357 458 73 85 170
internal_value=0 -3.82878e-05 1.43681e-06 6.5514e-06 4.40955e-06 -3.10747e-05 -8.3607e-06 -3.17987e-05 -0.000130027 8.31071e-06 2.80236e-05 0.000243063 0.00048249 5.53619e-06 0.000104899 2.29051e-06 5.8641e-05 0 -4.28131e-05 2.52862e-06 3.27998e-05 0.000154157 0 1.18063e-06 7.05215e-05 4.44923e-07 4.16742e-05 -4.63499e-06 -7.81383e-06 -1.30958e-05
internal_weight=18251 718 17533 11855 11758 1037 5678 1705 229 10721 2313 197 110 2116 242 8408 402 8006 542 7464 999 173 120 826 203 3973 543 3430 147 1476
internal_count=18251 718 17533 11855 11758 1037 5678 1705 229 10721 2313 197 110 2116 242 8408 402 8006 542 7464 999 173 120 826 203 3973 543 3430 147 1476
is_linear=0
shrinkage=0.05


Tree=177
num_leaves=31
num_cat=0
split_feature=103 106 85 43 119 22 76 84 138 108 121 139 90 98 138 75 111 33 43 103 139 50 103 128 139 112 142 99 28 16
split_gain=0.000407543 0.000528436 0.000593493 0.000706978 0.000434768 0.000851555 0.000343055 0.0014846 0.000594792 0.00138664 0.000496637 0.0035746 0.00910837 0.00109659 0.00105199 0.00210044 0.00377037 0.000513263 0.0041385 0.000474289 0.00120361 0.00133816 0.000360838 0.00339309 0.000615295 0.000332085 0.00033131 0.000354205 0.000589821 0.000314141
threshold=763.65000000000009 11.750000000000002 276.37884665000007 0.36750000000000005 8.5500000000000025 41.500000000000007 0.15000000000000005 21.050000000000008 2.9800000000000004 290.90680500000002 1.0000000180025095e-35 89.303625086230099 28.352040816326536 12.450000000000001 3.7650000000000001 13.15 18.550000000000004 -0.9977368637046552 0.33550000000000008 1844.9500000000003 84.628663279206279 999.85000000000002 1994.1000000000001 9.0030086502857358 93.65491565332664 286.75570030000006 77.053573280108665 -3.2499999999999996 7.0500000000000007 6.8400000000000007
decision_type=2 2 2 2 10 2 2 2 2 2 10 2 2 2 2 2 2 2 2 2 2 2 2 2 2 2 2 2 2 2
left_child=1 2 -1 -4 5 -3 7 8 9 25 17 13 -13 14 15 -12 -17 18 -10 20 26 -22 23 -21 -24 -2 -8 28 -28 -19
right_child=6 4 3 -5 -6 -7 19 -9 10 -11 11 12 -14 -15 -16 16 -18 29 -20 22 21 -23 24 -25 -26 -27 27 -29 -30 -31
leaf_value=0 -2.1161969882355878e-05 0 -2.9087016799994902e-05 -0.00027414364529451836 -2.2266991347794768e-05 0.00024087155127370564 -6.4779203999968079e-05 0.00020194952382237771 0.00047847202777066903 -0.00023648293147953857 -1.2339997651183277e-05 0.00080849001941946802 -2.0472313032279575e-05 0.00022692611653375505 -5.2321348203723167e-06 0.00058195392611249948 0 2.2755607731827886e-06 0 0.00032899472367463144 -0.00034548811615195521 0 0 -4.3338739604344946e-06 -0.0001416982052014646 8.8045698194316803e-05 0.00014384507822385212 -2.1693817356917172e-05 0 -3.7559181288039103e-05
leaf_weight=203 869 83 155 71 517 50 259 97 50 77 87 50 64 58 1831 50 51 7277 341 85 63 96 3351 458 79 64 94 837 355 529
leaf_count=203 869 83 155 71 517 50 259 97 50 77 87 50 64 58 1831 50 51 7277 341 85 63 96 3351 458 79 64 94 837 355 529
internal_value=0 -2.99823e-05 -7.30076e-05 -0.000128969 0 7.87063e-05 1.67185e-06 6.87639e-06 4.76006e-06 -3.07949e-05 8.70089e-06 3.00683e-05 0.000303498 1.25156e-05 3.77165e-06 0.000117481 0.000277352 2.37666e-06 5.82365e-05 -7.98525e-06 -3.01269e-05 -0.000163817 2.58212e-07 3.91623e-05 -4.45298e-06 -8.2312e-06 -1.30373e-05 0 3.30364e-05 0
internal_weight=18251 1079 429 226 650 133 17172 11495 11398 1010 10388 2191 114 2077 2019 188 101 8197 391 5677 1704 159 3973 543 3430 933 1545 1286 449 7806
internal_count=18251 1079 429 226 650 133 17172 11495 11398 1010 10388 2191 114 2077 2019 188 101 8197 391 5677 1704 159 3973 543 3430 933 1545 1286 449 7806
is_linear=0
shrinkage=0.05


Tree=178
num_leaves=31
num_cat=0
split_feature=105 114 55 120 83 129 80 133 100 55 51 27 136 13 140 63 49 120 34 75 83 30 134 81 120 36 137 81 116 116
split_gain=0.000389058 0.000317764 0.000301385 0.000458271 0.000278774 0.00259554 0.000742993 0.00141734 0.000361291 0.00130083 0.00427795 0.000881101 0.000559475 0.000499199 0.000251573 0.000245013 0.000295638 0.000898884 0.000287798 0.000278059 0.00136508 0.00154366 0.000634025 0.00160433 0.000311274 0.000283814 0.000244464 0.000228914 0.0012216 0.00036925
threshold=3.5000000000000004 30.350000000000005 11.589665950000013 272.64937150000009 30.450000000000003 7.5000000000000009 18.012500000000006 14.180000000000001 -3.2499999999999996 12.232842700000051 80.500000000000014 1561.0000000000002 0.64500000000000013 0.0039296913055555565 69.210000000000022 4.5270000000000019 993.55000000000007 270.76745550000004 0.083518987563958549 15.050000000000002 16.150000000000002 -1.548571428571426 4.285000000000001 40.050000000000004 265.39326005000004 270.82287820000005 2.5650000000000008 43.95000000000001 294.00043860000005 293.73551695000009
decision_type=2 2 2 10 2 2 2 2 2 2 2 2 2 2 2 2 2 8 2 2 2 2 2 2 10 2 2 2 2 2
left_child=1 2 3 -1 8 6 -6 -8 13 27 -11 12 -12 15 -13 18 19 -18 -2 24 21 -21 23 -22 -17 -26 -27 29 -29 -10
right_child=4 -3 -4 -5 5 -7 7 -9 9 10 11 14 -14 -15 -16 16 17 -19 -20 20 22 -23 -24 -25 25 26 -28 28 -30 -31
leaf_value=0.00014457465507062065 -7.0941962915051538e-05 -0.00014032990103535054 -7.6015080292766667e-05 -9.1013252406275816e-06 -0.00013749974105904561 0.0003435979580380725 0 0.00021538740269972487 4.4141227923886312e-07 0.00048431947715046897 0.00025475668183894926 0 0 -0.00012820065037994939 -8.8050202372474504e-05 0 0.00023186795755883883 0 0 0 -0.00033457676684324104 0.00036751868621709985 0 0 0 -9.3295464400722569e-05 0 0 0.00019634114589899446 -5.426667500293204e-05
leaf_weight=53 322 85 139 227 81 60 584 82 11787 59 53 159 51 99 98 536 51 145 66 56 50 52 2002 90 100 347 65 346 93 313
leaf_count=53 322 85 139 227 81 60 584 82 11787 59 53 159 51 99 98 536 51 145 66 56 50 52 2002 90 100 347 65 346 93 313
internal_value=-4.18514e-09 -4.35219e-05 -1.16909e-05 2.60473e-06 9.52342e-07 2.97009e-05 0 2.146e-05 -1.23734e-07 3.62235e-06 9.01417e-05 1.07472e-05 0.000141622 -1.35715e-05 -2.31776e-05 -9.32831e-06 -3.56158e-06 5.27639e-05 -4.82625e-05 -8.43958e-06 0 0.000173986 -7.26574e-06 -0.000109745 -2.97771e-05 -5.77065e-05 -7.65137e-05 3.18665e-07 3.59828e-05 -5.64942e-07
internal_weight=18251 504 419 280 17747 807 747 666 16940 12959 420 361 104 3981 257 3882 3494 196 388 3298 2250 108 2142 140 1048 512 412 12539 439 12100
internal_count=18251 504 419 280 17747 807 747 666 16940 12959 420 361 104 3981 257 3882 3494 196 388 3298 2250 108 2142 140 1048 512 412 12539 439 12100
is_linear=0
shrinkage=0.05


Tree=179
num_leaves=31
num_cat=0
split_feature=103 106 85 43 91 100 76 84 138 117 134 53 2 121 23 94 88 73 84 160 102 139 85 30 94 61 28 122 139 139
split_gain=0.000367624 0.000488029 0.000540063 0.000609022 0.000394959 0.000576821 0.000313904 0.00134141 0.000540401 0.00182202 0.00055091 0.0026247 0.0142896 0.00141749 0.00175279 0.00476234 0.001241 0.00113607 0.000458501 0.000434004 0.000529784 0.000904308 0.000334304 0.000485874 0.000360689 0.000327911 0.000246352 0.00024054 0.00110094 0.000537894
threshold=763.65000000000009 11.750000000000002 276.37884665000007 0.36750000000000005 17.250000000000004 3.7500000000000004 0.15000000000000005 21.050000000000008 2.9800000000000004 0.25000000000000006 6.9150000000000009 222.50000000000003 0.0027178630000000005 1.0000000180025095e-35 22.163888888888891 13.500000000000002 37.01250000000001 42.45000000000001 0.45000000000000007 0.4520408163265307 -1.7999999999999978 84.423525025859234 279.65964215000002 -1.6271428571428566 15.500000000000002 1036.9000000000003 25.600000000000005 12.500000000000002 90.664525633972247 90.664525633972247
decision_type=2 2 2 2 2 2 2 2 2 2 2 2 2 10 2 2 2 2 2 2 2 2 2 2 2 2 2 2 2 2
left_child=1 2 -1 -4 5 -3 7 8 9 -2 11 13 16 17 15 -15 -13 -10 26 27 -21 25 -12 24 -24 -22 -16 29 -29 -8
right_child=6 4 3 -5 -6 -7 19 -9 10 -11 22 12 -14 14 18 -17 -18 -19 -20 20 21 -23 23 -25 -26 -27 -28 28 -30 -31
leaf_value=0 -3.3691604134645003e-06 0.00020388312429377208 -2.7495768751449739e-05 -0.00025966755812583466 -2.0882725179933878e-05 0 2.3921410142291644e-07 0.0001919797152731917 -1.6564878080159788e-06 -0.00025098135710724693 2.9677092485025591e-06 -1.6821702994320732e-05 0.0009312172329831739 0 -9.1702803024783168e-05 0.00054668153582414648 0.00024490124100303351 -0.00024230339560710074 0.00012701919913891274 1.0425913595053058e-05 -8.6243243154450561e-05 -0.0002892149852737526 0 0 -0.0002292051450706574 0 0 -6.122402028270756e-06 -0.00020180483010146116 0.00011745150074774463
leaf_weight=203 925 52 155 71 518 80 2675 97 1932 85 7291 261 50 121 80 65 50 51 66 116 170 53 56 118 54 186 193 2295 77 105
leaf_count=203 925 52 155 71 518 80 2675 97 1932 85 7291 261 50 121 80 65 50 51 66 116 170 53 56 118 54 186 193 2295 77 105
internal_value=0 -2.85436e-05 -6.98834e-05 -0.000123284 0 7.5646e-05 1.50978e-06 6.50116e-06 4.46735e-06 -2.9381e-05 8.24214e-06 2.6931e-05 0.000153521 6.66288e-06 8.08345e-05 0.000204481 9.88038e-06 -1.04848e-05 0 -7.71574e-06 -5.1525e-05 -8.12731e-05 4.43566e-07 -5.81001e-05 -0.000133818 -3.55864e-05 -1.54356e-05 -2.27204e-06 -1.46641e-05 6.50485e-06
internal_weight=18251 1079 429 226 650 132 17172 11495 11398 1010 10388 2869 361 2508 525 186 311 1983 339 5677 525 409 7519 228 110 356 273 5152 2372 2780
internal_count=18251 1079 429 226 650 132 17172 11495 11398 1010 10388 2869 361 2508 525 186 311 1983 339 5677 525 409 7519 228 110 356 273 5152 2372 2780
is_linear=0
shrinkage=0.05


Tree=180
num_leaves=31
num_cat=0
split_feature=67 81 103 98 67 120 83 116 91 85 161 81 114 106 16 48 43 83 34 13 104 104 135 89 22 137 42 83 134 140
split_gain=0.000300556 0.000395464 0.000341669 0.00138206 0.000308734 0.00271856 0.000579422 0.000313621 0.0014015 0.000593837 0.00223912 0.00478665 0.000595833 0.00184896 0.000535448 0.00214715 0.000489565 0.000585903 0.000441123 0.000552309 0.000392966 0.00296432 0.000383619 0.00032328 0.000501445 0.00054003 0.000369548 0.000846656 0.000267705 0.00210879
threshold=3.5500000000000003 33.250000000000007 535.65000000000009 2.5000000000000009 4.4500000000000011 270.33680375000006 36.500000000000007 286.68719745000004 35.100000000000001 277.52778440000003 0.29591836734693883 38.650000000000013 35.850000000000001 18.550000000000004 15.150000000000002 97.500000000000014 0.37550000000000006 16.650000000000002 0.61801018091709359 0.0038005791250000005 20.550000000000008 20.750000000000011 0.54500000000000004 47.95000000000001 7.5000000000000009 1.7550000000000001 1.5450000000000002 18.450000000000003 4.160000000000001 75.820000000000007
decision_type=2 2 2 2 2 8 2 2 2 2 2 2 2 2 2 2 2 2 2 2 2 2 2 2 2 2 2 2 2 2
left_child=1 -1 3 -2 5 -4 7 9 16 12 11 -11 14 -14 20 -16 18 -18 19 -9 22 -22 -6 26 25 -25 28 -28 -24 -30
right_child=2 -3 4 -5 6 -7 -8 8 -10 10 -12 -13 13 -15 15 -17 17 -19 -20 -21 21 -23 23 24 -26 -27 27 -29 29 -31
leaf_value=-6.6586760283525531e-06 0.00029344317055356265 -0.00010171375215225758 0.00036621327083769743 0 -0.00011657831062075275 0 -0.00015398059627113982 -9.6237587223947725e-06 0.00022014970978920771 1.6960868758831772e-06 -1.7635697436949729e-06 0.00060331272041504191 0.00026628934814485633 1.0574092765701553e-06 -3.9174279435883363e-05 0.00033163307973942818 0 -0.0001416718823583128 8.7134767491454446e-05 -0.00017444591252491404 0.00035012836629245178 4.4386527549192517e-06 -2.9452542896141937e-05 -2.4647807398205829e-06 0 -0.00017361625993282236 -0.00022736809634252343 0 0 0.00023455627393559553
leaf_weight=1087 50 149 56 74 79 629 59 2096 58 136 386 52 86 443 59 59 184 180 96 57 65 1726 696 187 384 117 58 124 8770 96
leaf_count=1087 50 149 56 74 79 629 59 2096 58 136 386 52 86 443 59 59 184 180 96 57 65 1726 696 187 384 117 58 124 8770 96
internal_value=1.09669e-06 -2.22326e-05 3.08094e-06 8.65518e-05 2.16961e-06 3.51587e-05 4.69558e-07 1.35048e-06 -1.38432e-05 4.72197e-06 5.48268e-05 0.000196867 2.11077e-06 5.40314e-05 0 0.000105441 -2.1032e-05 -7.7071e-05 -9.70969e-06 -1.63876e-05 -1.12572e-06 1.99632e-05 -5.19632e-06 -3.8625e-06 -3.72159e-05 -8.50823e-05 -9.90836e-07 -7.14196e-05 0 2.70018e-06
internal_weight=18298 1236 17062 124 16938 685 16253 16194 2671 13523 574 188 12949 529 12420 118 2613 364 2249 2153 12302 1791 10511 10432 688 304 9744 182 9562 8866
internal_count=18298 1236 17062 124 16938 685 16253 16194 2671 13523 574 188 12949 529 12420 118 2613 364 2249 2153 12302 1791 10511 10432 688 304 9744 182 9562 8866
is_linear=0
shrinkage=0.05


Tree=181
num_leaves=31
num_cat=0
split_feature=67 81 103 44 67 99 83 140 48 103 54 139 85 19 44 128 21 128 139 43 43 81 2 27 107 118 35 16 110 15
split_gain=0.000276015 0.000352964 0.000295702 0.00131974 0.000283393 0.00325613 0.000523768 0.000294683 0.00455492 0.00074637 0.000315825 0.0014205 0.0012597 0.000446311 0.00144604 0.00050262 0.000452187 0.000407618 0.00210488 0.00125781 0.00532075 0.000837553 0.00050024 0.000387176 0.000340811 0.000584991 0.000236294 0.000511567 0.000381786 0.000320551
threshold=3.5500000000000003 33.250000000000007 535.65000000000009 477.50000000000006 4.4500000000000011 -1.2499999999999998 36.500000000000007 78.385000000000019 97.500000000000014 2459.0500000000006 0.14500000000000005 90.664525633972247 284.65871465000004 -0.0026585714285714272 837.50000000000011 9.5935939531383383 0.52083333333333337 9.1980520126980121 89.033414029013926 0.33250000000000007 0.32750000000000007 47.95000000000001 0.0040711290000000006 1638.0000000000002 14.750000000000002 9.2500000000000018 281.52303365000006 2.2800000000000007 31.250000000000004 0.00023854166666666669
decision_type=2 2 2 2 2 2 2 2 2 2 2 2 2 2 2 2 2 2 2 2 2 2 2 2 2 10 2 2 2 2
left_child=1 -1 3 -2 5 -4 7 10 9 -9 12 13 17 14 -12 16 24 18 19 20 21 -6 -21 -16 25 -15 -19 29 -29 -28
right_child=2 -3 4 -5 6 -7 -8 8 -10 -11 11 -13 -14 15 23 -17 -18 26 -20 22 -22 -23 -24 -25 -26 -27 27 28 -30 -31
leaf_value=-6.326048285818835e-06 -3.2591599454568404e-06 -9.666197143827352e-05 0.00035440363059485247 0.00026860084523242113 0 0 -0.0001464098810768822 -0.00020487523118021815 0.00034250305586488875 0 0.000224969704901768 -0.00022631001746084133 0.00024836760056784431 0 -0.00012947067271634988 0 -1.0082371875557742e-05 1.1182947660036548e-06 0.00026437201562281378 0 0.00054218339784548725 0.00018056287088784038 -0.00011629777275951289 1.3458793010637028e-05 0 -0.0002132445082322763 -3.3822511539920254e-05 -0.00012110020462276443 0 1.4919850243092746e-05
leaf_weight=1087 68 149 70 56 475 615 59 73 92 71 81 77 52 64 52 1790 557 8341 86 1937 55 68 98 438 129 117 569 192 65 715
leaf_count=1087 68 149 70 56 475 615 59 73 92 71 81 77 52 64 52 1790 557 8341 86 1937 55 68 98 438 129 117 569 192 65 715
internal_value=1.01463e-06 -2.13274e-05 2.92731e-06 8.06829e-05 2.05817e-06 3.3664e-05 4.16505e-07 1.26919e-06 5.67218e-05 -9.24807e-05 1.32301e-07 -1.32899e-05 4.03412e-06 -6.59157e-06 3.05839e-05 -1.64703e-05 -4.77318e-05 2.60945e-06 1.99086e-05 9.92827e-06 7.4401e-05 1.6919e-05 -6.58898e-06 0 -9.90524e-05 -0.000146448 -1.64598e-06 -1.98418e-05 -8.52704e-05 -2.79861e-06
internal_weight=18298 1236 17062 124 16938 685 16253 16194 236 144 15958 3305 12653 3228 571 2657 867 12601 2719 2633 598 543 2035 490 310 181 9882 1541 257 1284
internal_count=18298 1236 17062 124 16938 685 16253 16194 236 144 15958 3305 12653 3228 571 2657 867 12601 2719 2633 598 543 2035 490 310 181 9882 1541 257 1284
is_linear=0
shrinkage=0.05


Tree=182
num_leaves=31
num_cat=0
split_feature=133 13 90 103 49 42 21 103 90 90 81 103 42 133 49 54 103 83 67 90 19 134 2 103 75 83 0 13 93 116
split_gain=0.000570552 0.000320455 0.000937835 0.00139095 0.00222979 0.00063155 0.000898259 0.000504039 0.000751222 0.000637096 0.001913 0.000773884 0.000415212 0.000960954 0.00263875 0.00377932 0.000774474 0.000484606 0.0056097 0.000548514 0.000814218 0.000455581 0.000429669 0.00183266 0.000451911 0.000628457 0.000391874 0.00041481 0.000449222 0.000384388
threshold=88.64500000000001 0.0011006858958333336 32.793877551020408 1475.3500000000001 986.85000000000002 1.5350000000000004 0.38194444444444448 1901.6499999999999 21.654081632653067 25.878571428571433 41.95000000000001 979.25000000000011 0.44500000000000006 79.440000000000012 978.25000000000011 0.19500000000000003 562.00000000000011 12.850000000000003 12.450000000000001 20.040816326530614 0.00037857142857142836 6.4800000000000013 0.0011514315000000002 979.25000000000011 5.2500000000000009 33.850000000000001 0.0041500000000000009 0.0028292562638888891 273.67204835000007 285.54915855000007
decision_type=2 2 2 2 2 2 2 2 2 2 2 2 2 2 2 2 2 2 2 2 2 2 2 2 2 2 2 2 2 2
left_child=1 2 5 4 -4 12 -7 8 26 10 -10 -11 17 16 15 -15 -14 18 19 -1 -21 -19 24 -24 -18 -26 -3 28 -28 -13
right_child=-2 7 3 -5 -6 6 -8 -9 9 11 -12 29 13 14 -16 -17 22 21 -20 20 -22 -23 23 -25 25 -27 27 -29 -30 -31
leaf_value=-2.4974074691812206e-07 0.00012190175459631833 0 0.00045109874912253748 0 0 -0.00026391293550985664 0 2.0798815670058161e-06 0 -0.00015933697174741094 0.00025099650348474155 0 0.00019608242508817447 0.00046081848651188567 -3.1742438789393399e-05 0 0.00011737634655895212 -4.1933479030181177e-05 0.00052105881342380186 0 0.00024613311814487376 -2.3543801633925888e-06 0.00033437251085392659 0 0 -0.00014179066261591749 -0.00021896337532625361 0 0 -5.1510657670368794e-05
leaf_weight=2660 96 115 56 77 51 52 73 3420 721 122 80 748 55 90 116 63 74 934 53 152 56 4905 50 243 2358 82 134 88 69 505
leaf_count=2660 96 115 56 77 51 52 73 3420 721 122 80 748 55 90 116 63 74 934 53 152 56 4905 50 243 2358 82 134 88 69 505
internal_value=9.0667e-07 0 4.91147e-06 0.000117337 0.000236182 2.76421e-06 -0.00010712 -9.18844e-06 -2.60447e-05 -1.16874e-05 1.99887e-05 -3.3775e-05 4.34868e-06 2.00471e-05 0.000112165 0.000253237 9.60633e-06 -6.93188e-07 1.52927e-05 4.02516e-06 8.23577e-05 -9.54767e-06 4.10338e-06 6.17323e-05 -6.46925e-07 -6.32128e-06 -9.04915e-05 -0.000121527 -0.000161936 -1.74449e-05
internal_weight=18298 18202 12200 184 107 12016 125 6002 2582 2176 801 1375 11891 3131 269 153 2862 8760 2921 2868 208 5839 2807 293 2514 2440 406 291 203 1253
internal_count=18298 18202 12200 184 107 12016 125 6002 2582 2176 801 1375 11891 3131 269 153 2862 8760 2921 2868 208 5839 2807 293 2514 2440 406 291 203 1253
is_linear=0
shrinkage=0.05


Tree=183
num_leaves=31
num_cat=0
split_feature=133 13 83 59 112 42 21 103 90 90 81 103 14 85 43 117 137 107 75 33 17 13 36 2 2 90 139 105 84 139
split_gain=0.000515875 0.000291116 0.000935076 0.00229146 0.0054129 0.000533837 0.000846989 0.000464739 0.000691407 0.000573206 0.00173193 0.000695354 0.000421977 0.000912772 0.000622437 0.00037794 0.00147417 0.000357808 0.000699222 0.000692665 0.000340387 0.000384552 0.00031293 0.00581472 0.000613794 0.00050699 0.000388516 0.000302737 0.000300384 0.000727758
threshold=88.64500000000001 0.0011006858958333336 33.550000000000004 6.7326000000000006 280.37519555000006 1.5350000000000004 0.38194444444444448 1901.6499999999999 21.654081632653067 25.878571428571433 41.95000000000001 979.25000000000011 0.015602906500000001 284.65871465000004 0.27750000000000008 0.55000000000000016 2.9750000000000001 8.0500000000000025 12.450000000000001 0.25053420168939533 0.036200000000000003 0.0020900021111111117 263.27875765000005 0.0049793635000000011 0.0059917800000000012 22.047959183673473 93.971914137141695 10.500000000000002 1.2500000000000004 86.716077848590643
decision_type=2 2 2 2 2 2 2 2 2 2 2 2 2 2 2 2 2 2 2 2 2 2 2 2 2 2 2 2 2 2
left_child=1 2 5 4 -4 12 -7 8 20 10 -10 27 13 22 -14 17 -17 18 -13 -19 -3 -22 23 -1 26 -26 -24 -11 -9 -30
right_child=-2 7 3 -5 -6 6 -8 28 9 11 -12 15 14 -15 -16 16 -18 19 -20 -21 21 -23 24 -25 25 -27 -28 -29 29 -31
leaf_value=6.2157510276246307e-07 0.00011586950694333243 0 -1.1522368264830319e-05 -1.993987056123967e-05 0.00060711538050150094 -0.00025096627291995393 0 -5.5668946401038141e-06 0 0 0.00023860161657118887 -1.7277204894892666e-05 0.00020647474633797336 0.00018750726585522689 1.9420489413196046e-05 -1.1123850461123819e-05 0.00027067927082000852 0 0.00018196060144035466 -9.0702938772848954e-05 -0.00015474406433645972 0 -1.7272448505147524e-07 0.00053949395994585267 -0.0001861286020092153 0 -8.1864147742810079e-05 -0.00025504166923002975 1.0183485879761778e-05 0.00021144245976487312
leaf_weight=1906 96 107 52 101 58 52 83 2473 721 68 80 205 56 64 952 186 52 313 50 447 203 96 8515 51 84 76 150 54 894 53
leaf_count=1906 96 107 52 101 58 52 83 2473 721 68 80 205 56 64 952 186 52 313 50 447 203 96 8515 51 84 76 150 54 894 53
internal_value=8.30121e-07 0 4.64955e-06 0.000109317 0.000272154 2.38148e-06 -9.47397e-05 -8.79197e-06 -2.49856e-05 -1.11046e-05 1.87369e-05 -3.21234e-05 3.91721e-06 5.68062e-07 3.49621e-05 -1.64077e-05 3.0401e-05 -3.23239e-05 2.81596e-06 -5.06728e-05 -8.68869e-05 -0.000114361 -9.51687e-08 1.74867e-05 -4.56212e-06 -0.000102067 -2.17314e-06 -0.000151435 1.97592e-06 2.69326e-05
internal_weight=18298 18202 12200 211 110 11989 135 6002 2582 2176 801 1375 11854 10846 1008 1253 238 1015 255 760 406 299 10782 1957 8825 160 8665 122 3420 947
internal_count=18298 18202 12200 211 110 11989 135 6002 2582 2176 801 1375 11854 10846 1008 1253 238 1015 255 760 406 299 10782 1957 8825 160 8665 122 3420 947
is_linear=0
shrinkage=0.05


Tree=184
num_leaves=31
num_cat=0
split_feature=133 85 53 33 64 138 43 115 51 133 133 52 33 134 103 30 6 69 22 115 21 88 84 117 101 5 83 76 24 114
split_gain=0.000466528 0.000271745 0.00373013 0.00794026 0.00145793 0.00142524 0.000488092 0.000431665 0.00028969 0.00106906 0.000685848 0.000610475 0.00630426 0.000491065 0.000600072 0.000715994 0.00104027 0.000431076 0.000412611 0.000297629 0.000999029 0.000243657 0.00115519 0.000241777 0.00126945 0.00181058 0.00207632 0.000240299 0.000226398 0.000719844
threshold=88.64500000000001 280.06997175000004 198.50000000000003 0.86126988495447809 86.400000000000077 4.4450000000000012 0.35350000000000004 28.650000000000002 364.50000000000006 87.575000000000003 88.200000000000003 72.500000000000014 -0.99685182043256437 6.5650000000000004 1616.7000000000005 -1.7085714285714271 0.0022333333333333337 273.56552150000005 1.5000000000000002 23.050000000000004 0.63194444444444453 32.937500000000007 7.6500000000000021 0.55000000000000016 -0.58611669999999083 0.42500000000000004 17.550000000000004 2.1500000000000008 41.300000000000004 30.850000000000005
decision_type=2 2 2 2 2 2 2 2 2 2 2 2 2 2 2 2 2 2 2 2 2 2 2 2 2 2 2 2 2 2
left_child=1 7 4 -4 5 6 -3 8 10 18 11 13 -13 14 15 16 -1 -17 -10 23 -21 22 -16 -15 -25 26 -26 -23 29 -20
right_child=-2 2 3 -5 -6 -7 -8 -9 9 -11 -12 12 -14 19 21 17 -18 -19 28 20 -22 27 -24 24 25 -27 -28 -29 -30 -31
leaf_value=-1.9473460778654938e-05 0.0001101357557796366 0 -3.1964890465221078e-05 0.00072139490990115246 0.00022589511506071979 0 -0.00026581711300942908 -8.7324838354526784e-05 -6.4885075815698825e-05 -0.00023247502288876082 0.00015844292212035803 0.00057697321506988328 1.7811309354433193e-06 0 0 -0.00013832529390422297 -0.00025201458862964199 0 3.4256662757093522e-07 0 0.0001911423208703226 0 0.00020352164647091642 -2.3739703678808854e-05 0 0 0.00051187737577243291 -6.1391784535489195e-05 -1.1381575071165687e-05 0.00020172052572748866
leaf_weight=192 96 50 61 56 50 383 83 143 295 56 70 51 803 9779 1203 61 106 568 731 269 91 222 71 284 54 144 50 295 1930 51
leaf_count=192 96 50 61 56 50 383 83 143 295 56 70 51 803 9779 1203 61 106 568 731 269 91 222 71 284 54 144 50 295 1930 51
internal_value=7.49508e-07 0 3.10727e-05 0.000289302 -1.39047e-05 -4.72043e-05 -0.000187583 -1.04005e-06 -3.72251e-08 -1.42607e-05 2.65808e-06 1.53035e-06 4.26136e-05 -7.19663e-07 -1.99922e-05 -5.27973e-05 -0.000119478 -1.31301e-05 -8.45864e-06 3.72211e-06 4.89129e-05 -2.02439e-07 8.60247e-06 1.65485e-06 3.44532e-05 0.000121001 0.00027898 -3.15269e-05 -4.56172e-07 2.01025e-05
internal_weight=18298 18202 683 117 566 516 133 17519 17376 3063 14313 14243 854 13389 2718 927 298 629 3007 10671 360 1791 1274 10311 532 248 104 517 2712 782
internal_count=18298 18202 683 117 566 516 133 17519 17376 3063 14313 14243 854 13389 2718 927 298 629 3007 10671 360 1791 1274 10311 532 248 104 517 2712 782
is_linear=0
shrinkage=0.05


Tree=185
num_leaves=31
num_cat=0
split_feature=115 83 106 128 106 134 67 42 112 83 45 132 83 93 73 81 139 80 74 93 115 67 138 114 138 89 23 47 43 114
split_gain=0.000248423 0.000426335 0.00234368 0.00519372 0.000428022 0.000567848 0.000401052 0.000196083 0.000206536 0.0031734 0.000997525 0.000862696 0.000847406 0.00151327 0.000624185 0.00102652 0.000398066 0.000658138 0.00186113 0.000304559 0.000265949 0.000784376 0.00024748 0.000200897 0.000740392 0.000339399 0.000377172 0.000546092 0.000812621 0.000168812
threshold=28.650000000000002 29.850000000000005 19.250000000000004 9.4017455261924869 24.550000000000004 8.9950000000000028 16.450000000000003 1.7050000000000003 288.31147770000001 15.15 36.500000000000007 1.5000000000000002 18.250000000000004 267.34497885000007 31.650000000000002 38.250000000000007 93.65491565332664 27.062500000000004 29.478571428571435 267.53124525000004 7.1500000000000012 8.3500000000000032 6.6100000000000003 42.250000000000007 4.8700000000000001 46.550000000000004 25.891666666666669 25.500000000000004 0.36650000000000005 24.950000000000003
decision_type=2 2 2 2 2 2 2 2 2 2 2 2 2 2 2 2 2 2 2 2 2 2 2 2 2 2 2 2 2 2
left_child=1 7 3 -3 5 -4 -6 8 16 -10 -11 14 13 -13 -12 -16 23 20 -19 -14 21 -18 -21 25 -25 -1 27 28 -27 -9
right_child=-2 2 4 -5 6 -7 -8 29 9 10 11 12 19 -15 15 -17 17 18 -20 22 -22 -23 -24 24 -26 26 -28 -29 -30 -31
leaf_value=5.8520116598160352e-07 -6.3739052095706039e-05 0.00051460234893020251 -0.00016477057389534903 0 0.0001428636046801009 0 0 -0.00012605837491280218 0.00035648342680691386 0.00017231520881731192 0 0 0 0.00031769405112754614 -0.00026999833003560792 0 -1.4516574018049964e-05 -0.0003797347547693861 0 -0.00012520352219668298 -7.2854986265811673e-05 0.00017984059631294991 0 0.00021179143871904671 0 -9.3361649234743185e-06 0 0 -0.00022232915437572439 0
leaf_weight=14071 150 74 91 156 50 95 357 57 65 80 80 129 828 57 86 52 148 50 58 92 110 61 64 51 92 179 621 258 104 63
leaf_count=14071 150 74 91 156 50 95 357 57 65 80 80 129 828 57 86 52 148 50 58 92 110 61 64 51 92 179 621 258 104 63
internal_value=0 6.44607e-07 3.59343e-05 0.00017254 -8.83304e-06 -7.59298e-05 9.6864e-06 -7.34745e-07 -2.94928e-09 1.71999e-05 0 -7.99195e-06 5.06075e-06 0.000105231 -0.00010058 -0.000164818 -1.9891e-06 -4.96707e-05 -0.000157425 -8.88527e-06 0 1.89864e-05 -7.31094e-05 -3.36652e-07 5.78258e-05 -1.21463e-06 -2.72903e-05 -5.77736e-05 -0.000105722 -6.42587e-05
internal_weight=18429 18279 823 230 593 186 407 17456 17336 1533 1468 1388 1170 186 218 138 15803 427 108 984 319 209 156 15376 143 15233 1162 541 283 120
internal_count=18429 18279 823 230 593 186 407 17456 17336 1533 1468 1388 1170 186 218 138 15803 427 108 984 319 209 156 15376 143 15233 1162 541 283 120
is_linear=0
shrinkage=0.05


Tree=186
num_leaves=31
num_cat=0
split_feature=115 83 106 128 44 131 80 100 88 51 84 81 133 84 112 13 115 133 50 141 63 105 23 67 117 64 91 133 73 49
split_gain=0.000224172 0.000384163 0.00212681 0.00468574 0.000388838 0.000628011 0.000359039 0.000183231 0.000707766 0.00226646 0.000667043 0.00132689 0.000646325 0.00268879 0.000972282 0.000479254 0.000300998 0.000526857 0.000294429 0.00027101 0.000485064 0.000384153 0.000490171 0.00118096 0.000320776 0.000292517 0.00177712 0.000591988 0.00134193 0.000458544
threshold=28.650000000000002 29.850000000000005 19.250000000000004 9.4017455261924869 547.50000000000011 65.720713804132885 35.487500000000004 -3.0999999999999654 41.037500000000016 446.50000000000006 15.450000000000005 35.350000000000001 87.760000000000005 1.6500000000000006 293.56741535000009 0.0042257137986111111 20.950000000000003 14.180000000000001 1024.1500000000003 39.285000000000004 6.067800000000001 8.5000000000000018 19.496527777777782 11.350000000000003 1.6500000000000001 374.05000000000001 18.150000000000002 78.110000000000014 36.850000000000001 965.35000000000002
decision_type=2 2 2 2 2 2 2 2 2 2 2 2 2 2 2 2 2 2 2 2 2 2 2 2 2 2 2 2 2 2
left_child=1 7 3 -3 5 -4 -6 15 10 18 12 -12 14 -14 16 19 -9 -18 -10 21 -21 24 23 -23 -1 27 -27 -24 29 -29
right_child=-2 2 4 -5 6 -7 -8 8 9 -11 11 -13 13 -15 -16 -17 17 -19 -20 20 -22 22 25 -25 -26 26 -28 28 -30 -31
leaf_value=-6.5014931183612692e-05 -6.0573204261664614e-05 0.00048921529614405393 -0.00022019119223002167 0 0.00013574680387381914 0 0 0 -6.8023098231629046e-06 0.00037570195356856177 0.00031216796168569003 0 0 -0.00039698699234989214 0.0001640633409576064 -0.00014438087082479782 0 -0.00017228842122962566 9.6590421390152557e-05 0.00017284013195041387 0 0.00021924656306906141 -6.3142934682118e-06 0 4.0970491584933308e-07 0.00028402661439909496 -5.0650474671696934e-07 -9.1292896830777183e-05 -0.00028620153513290476 4.3481214078792202e-05
leaf_weight=512 150 74 51 156 51 172 319 12206 237 52 50 53 156 52 89 68 110 69 77 54 134 81 2402 161 74 57 476 112 66 108
leaf_count=512 150 74 51 156 51 172 319 12206 237 52 50 53 156 52 89 68 110 69 77 54 134 81 2402 161 74 57 476 112 66 108
internal_value=0 5.9145e-07 3.41e-05 0.000164297 -8.17219e-06 -6.51629e-05 1.27822e-05 -7.03825e-07 1.91358e-06 7.03741e-05 0 0.000126059 -1.08571e-06 -8.83328e-05 0 -9.85928e-06 -8.13355e-07 -6.50081e-05 2.90509e-06 -6.48697e-06 4.77202e-05 -1.02496e-05 -2.36402e-06 6.38045e-05 -4.82486e-05 -8.90548e-06 2.10336e-05 -1.67071e-05 -8.62444e-05 -2.60925e-06
internal_weight=18429 18279 823 230 593 223 370 17456 13151 366 12785 103 12682 208 12474 4305 12385 179 314 4237 188 4049 3463 242 586 3221 533 2688 286 220
internal_count=18429 18279 823 230 593 223 370 17456 13151 366 12785 103 12682 208 12474 4305 12385 179 314 4237 188 4049 3463 242 586 3221 533 2688 286 220
is_linear=0
shrinkage=0.05


Tree=187
num_leaves=31
num_cat=0
split_feature=115 83 106 128 106 134 107 42 112 83 45 132 83 93 138 139 80 74 118 114 92 93 138 83 114 14 89 118 93 61
split_gain=0.000202865 0.000357783 0.00198352 0.0043978 0.00037443 0.000505288 0.000253811 0.000174231 0.000184848 0.00286304 0.000875864 0.00077554 0.000756209 0.00132628 0.000606959 0.000347532 0.000567158 0.00165786 0.00039872 0.000773185 0.000320765 0.000271769 0.000219614 0.000198212 0.00021192 0.000472157 0.000173118 0.000347368 0.000184505 0.000255458
threshold=28.450000000000003 29.850000000000005 19.250000000000004 9.4017455261924869 24.450000000000003 8.9950000000000028 16.450000000000003 1.7050000000000003 288.31147770000001 15.15 36.500000000000007 1.5000000000000002 18.250000000000004 267.34497885000007 6.0850000000000009 93.65491565332664 27.062500000000004 29.478571428571435 11.850000000000003 13.050000000000002 6.7500000000000018 267.53124525000004 6.6100000000000003 29.250000000000004 42.250000000000007 0.011075679500000003 46.550000000000004 29.050000000000004 265.80455500000011 149.90000000000001
decision_type=2 2 2 2 2 2 2 2 2 2 2 2 2 2 2 2 2 2 10 2 2 2 2 2 2 2 2 10 2 2
left_child=1 7 3 -3 5 -4 -6 8 15 -10 -11 14 13 -13 -12 23 18 -18 19 -17 -20 -14 -23 24 26 -26 -1 28 -28 -30
right_child=-2 2 4 -5 6 -7 -8 -9 9 10 11 12 21 -15 -16 16 17 -19 20 -21 -22 22 -24 -25 25 -27 27 -29 29 -31
leaf_value=8.0127538975188239e-07 -5.5113525918152315e-05 0.00047663756156170341 -0.00015729179924920994 0 0.00010719330154109952 0 0 -6.0522102682948916e-05 0.00033857100019138838 0.0001614629514342933 -0.00018921443183824859 0 0 0.00029841255962749312 0 0 -0.00035657003695400914 0 0 0.00020329307297181325 -0.00015568544174441999 -0.00011802104467767672 0 -6.8458574412633602e-05 0 0.00016337455829670944 0 0 0 -0.0001131480591172773
leaf_weight=14032 164 73 88 155 57 94 348 120 65 80 97 129 828 57 121 152 50 58 51 50 66 92 64 105 67 63 210 585 122 186
leaf_count=14032 164 73 88 155 57 94 348 120 65 80 97 129 828 57 121 152 50 58 51 50 66 92 64 105 67 63 210 585 122 186
internal_value=0 5.71957e-07 3.30774e-05 0.00015938 -7.6648e-06 -7.16207e-05 8.86624e-06 -6.61497e-07 0 1.63088e-05 0 -7.49209e-06 4.67625e-06 9.94421e-05 -9.53534e-05 -1.85076e-06 -4.64058e-05 -0.000146506 0 2.93417e-05 -8.34648e-05 -8.24344e-06 -6.89483e-05 -2.8473e-07 0 6.34773e-05 -3.59111e-07 -1.96375e-05 -4.99355e-05 -7.53722e-05
internal_weight=18429 18265 815 228 587 182 405 17450 17330 1533 1468 1388 1170 186 218 15797 427 108 319 202 117 984 156 15370 15265 130 15135 1103 518 308
internal_count=18429 18265 815 228 587 182 405 17450 17330 1533 1468 1388 1170 186 218 15797 427 108 319 202 117 984 156 15370 15265 130 15135 1103 518 308
is_linear=0
shrinkage=0.05


Tree=188
num_leaves=31
num_cat=0
split_feature=88 75 128 19 121 138 107 29 13 59 135 114 82 84 42 96 139 50 82 84 116 105 120 75 94 63 85 119 116 30
split_gain=0.000185595 0.00194811 0.00116763 0.0021497 0.000841845 0.00259404 0.0062595 0.000603563 0.000594567 0.0004061 0.000374226 0.000666255 0.00176117 0.00126442 0.000522984 0.000843989 0.000594115 0.0027082 0.000522352 0.000440932 0.000325376 0.000597354 0.00261438 0.000315931 0.000298451 0.000315782 0.000286804 0.000256986 0.000232257 0.000166557
threshold=38.062500000000007 7.3500000000000005 8.3170333571082846 -0.00013142857142857137 0.15000000000000005 4.6350000000000007 11.550000000000002 28.600000000000005 0.00033342253472222228 5.7254500000000013 3.0500000000000003 20.250000000000004 22.958000000000006 7.1500000000000021 1.5250000000000001 36.112500000000004 87.909013442563847 1008.1500000000002 26.102000000000007 1.4500000000000006 295.08485675000003 2.5000000000000004 271.70439640000001 7.9500000000000011 19.500000000000004 10.441350000000002 280.37767375000004 13.750000000000002 268.82399750000008 -0.78142857142857169
decision_type=2 2 2 2 10 2 2 2 2 2 2 2 2 2 2 2 2 2 2 2 2 2 10 2 2 2 2 8 2 2
left_child=10 -2 3 -3 7 6 -6 8 -4 -10 11 12 19 -13 16 -16 20 -18 -15 -1 21 22 -12 27 25 -19 -23 -22 -21 -28
right_child=1 2 4 -5 5 -7 -8 -9 9 -11 14 13 -14 18 15 -17 17 24 -20 28 23 26 -24 -25 -26 -27 29 -29 -30 -31
leaf_value=0 0.00031285992127245754 0.00039707800655206779 0 0 0.00066533752071403873 0 -1.3578921762497259e-05 -3.6745424377635303e-07 0 -0.00021137213321708258 0.00036229285325895097 0 0.00026581708163112954 -0.00029353275463295014 0 -0.00025622345458172142 0.00032515537805967399 -8.334828862305501e-05 0 -0.00020182855318732134 -0.00016596160909546423 0 -6.6680833147453678e-06 0 0.00011197213406786413 1.0683169001721325e-07 -9.3370682444284483e-05 0 0 0
leaf_weight=408 52 52 176 58 53 299 56 2550 57 96 60 156 54 82 77 51 77 128 50 53 81 12886 119 109 50 179 131 59 51 119
leaf_count=408 52 52 176 58 53 299 56 2550 57 96 60 156 54 82 77 51 77 128 50 53 81 12886 119 109 50 179 131 59 51 119
internal_value=0 1.05043e-05 4.3138e-06 0.000163913 0 6.59899e-05 0.000274129 -1.05993e-05 -7.45109e-05 -0.000146796 -2.35823e-06 -3.45198e-05 0 -9.63785e-05 -5.76343e-08 -0.000100535 5.11099e-07 5.82529e-05 -0.000209646 -3.17367e-05 -9.71996e-07 0 9.05539e-05 -5.74893e-05 0 -1.86127e-05 -1.15038e-06 -0.000107059 -0.000124175 -5.40914e-05
internal_weight=18429 3449 3397 110 3287 408 109 2879 329 153 14980 854 566 288 14126 128 13998 434 132 512 13564 13315 179 249 357 307 13136 140 104 250
internal_count=18429 3449 3397 110 3287 408 109 2879 329 153 14980 854 566 288 14126 128 13998 434 132 512 13564 13315 179 249 357 307 13136 140 104 250
is_linear=0
shrinkage=0.05


Tree=189
num_leaves=31
num_cat=0
split_feature=115 83 43 85 103 103 141 19 32 138 134 100 88 34 33 111 84 133 108 85 13 91 112 141 63 63 49 96 121 80
split_gain=0.000193473 0.000292507 0.00190203 0.000729085 0.00149327 0.000637416 0.000439738 0.000302082 0.00072865 0.000287402 0.000185886 0.000156424 0.000617824 0.00145925 0.00362072 0.000957704 0.000846038 0.000627967 0.000504575 0.000749416 0.000419623 0.000391966 0.000258325 0.000242048 0.000431852 0.000357055 0.000250627 0.000704115 0.000250555 0.000224368
threshold=28.650000000000002 29.850000000000005 0.34650000000000003 277.22296395000006 1194.4500000000003 1354.6000000000001 19.665000000000003 -0.0026385714285714268 14.550000000000002 4.785000000000001 8.8000000000000025 -3.0999999999999654 38.062500000000007 -0.92416182133561608 0.14535332734925335 6.0500000000000007 15.450000000000005 88.64500000000001 287.6717445000001 282.21134325000008 0.0042257137986111111 18.550000000000004 283.68401880000005 39.285000000000004 6.067800000000001 4.6774500000000012 991.85000000000002 34.712500000000013 0.15000000000000005 33.587500000000013
decision_type=2 2 2 2 2 2 2 2 2 2 2 2 2 2 2 2 2 2 2 2 2 2 2 2 2 2 2 2 10 2
left_child=1 11 3 5 -5 6 -3 -7 -9 10 -8 20 16 14 -14 -15 17 18 19 -13 23 -20 -17 25 -25 28 29 -28 -1 -27
right_child=-2 2 -4 4 -6 7 9 8 -10 -11 -12 12 13 15 -16 22 -18 -19 21 -21 -22 -23 -24 24 -26 26 27 -29 -30 -31
leaf_value=-6.6433706481838368e-05 -5.6400263739668846e-05 0 0.00025395526978675613 0 0.00031683879771765723 -1.7025967673627026e-05 -0.0002584692384221317 0.00022406095288697898 0 0 0 -9.3117498342300568e-07 0 0.000203766579584529 0.0004987360148512827 5.1669484293144244e-06 0.00015841936629729436 -0.0001604251352534722 -0.00020630252761928309 0.00015976198297954392 -0.00013518219211249927 0 -9.149856433056509e-05 0.00016322555480316871 0 -1.8484787218893592e-05 0 0.00019520676202554224 0 6.4919421809386164e-06
leaf_weight=421 150 71 84 85 52 181 60 50 136 50 54 11872 57 59 56 670 81 62 52 72 68 96 74 54 134 2079 233 57 58 1201
leaf_count=421 150 71 84 85 52 181 60 50 136 50 54 11872 57 59 56 670 81 62 52 72 68 96 74 54 134 2079 233 57 58 1201
internal_value=0 4.28305e-07 2.97002e-05 0 0.000107249 -1.97572e-05 -8.71542e-05 9.93148e-06 6.2853e-05 -0.00013239 -0.000177187 -6.66987e-07 1.72656e-06 4.14447e-05 0.000212054 1.09834e-05 -8.41541e-07 -2.32723e-06 -1.08994e-06 0 -9.13872e-06 -9.25335e-05 0 -5.90461e-06 4.51752e-05 -9.52145e-06 -2.57735e-06 3.93173e-05 -5.07461e-05 -7.81623e-06
internal_weight=18429 18279 823 739 137 602 235 367 186 164 114 17456 13151 916 113 803 12235 12154 12092 11944 4305 148 744 4237 188 4049 3570 290 479 3280
internal_count=18429 18279 823 739 137 602 235 367 186 164 114 17456 13151 916 113 803 12235 12154 12092 11944 4305 148 744 4237 188 4049 3570 290 479 3280
is_linear=0
shrinkage=0.05


Tree=190
num_leaves=31
num_cat=0
split_feature=117 138 139 128 101 15 120 135 115 92 80 92 128 14 118 49 104 97 83 131 97 74 67 126 67 81 81 137 120 24
split_gain=0.00021964 0.00155104 0.00211101 0.000539907 0.000528023 0.000378947 0.000350192 0.000217771 0.000319777 0.000235396 0.00451561 0.000398469 0.000522309 0.000300262 0.000466565 0.000534987 0.000586137 0.000230037 0.000619087 0.000243231 0.000295536 0.000199243 0.000431642 0.000426272 0.000194451 0.000415506 0.00039343 0.000290194 0.000591216 0.00120661
threshold=1.4500000000000002 6.4350000000000014 83.348236497102718 9.819480747833488 -0.70955275000000018 0.00052604166666666684 267.67008150000009 0.54500000000000004 5.5500000000000007 22.850000000000005 36.812500000000007 21.850000000000005 9.0769232520067131 0.037076470000000007 23.650000000000002 979.05000000000007 0.55000000000000016 -3.2000000000000015 17.050000000000004 57.257815097269223 1.5000000000000004 23.150000000000002 12.350000000000003 62.500000000000007 3.5500000000000003 55.050000000000004 34.45000000000001 1.0000000180025095e-35 276.70335705000008 45.400000000000013
decision_type=2 2 2 2 2 2 8 2 2 2 2 2 2 2 10 2 2 2 2 2 2 2 2 2 2 2 2 2 8 2
left_child=7 2 4 -3 5 -2 -6 8 -1 11 17 13 -13 24 21 -16 -17 18 -11 20 -19 23 -23 -15 26 27 -9 28 29 -26
right_child=1 3 -4 -5 6 -7 -8 9 -10 10 -12 12 -14 14 15 16 -18 19 -20 -21 -22 22 -24 -25 25 -27 -28 -29 -30 -31
leaf_value=0 -0.00016540454146658532 0.00015630463205456227 -0.00041591718430544127 0 0.00012240363784728507 0 -1.3894362560964317e-05 -1.2741193429783225e-06 -8.8147284724014461e-05 -0.00019750490340912719 0.00042448474414303553 -0.00021029251089552979 0 0.00014536782008921784 0 0 -0.0002954755853235564 0.00013758887944681595 0 -1.0090553715143902e-06 0 -0.00012734526349474133 0 0 0.00026856241706588445 0.00011840245466151916 -0.00010621027734779763 1.6573394736269536e-06 0 0
leaf_weight=115 93 78 50 184 57 51 75 964 170 53 65 51 108 55 155 62 52 71 82 520 52 89 290 397 73 81 114 13803 185 175
leaf_count=115 93 78 50 184 57 51 75 964 170 53 65 51 108 55 155 62 52 71 82 520 52 89 290 397 73 81 114 13803 185 175
internal_value=-7.7029e-07 -3.08345e-05 -0.00010861 4.69727e-05 -3.35869e-05 -0.000105841 7.84541e-06 0 -4.30164e-05 9.32291e-07 2.67427e-05 -7.55075e-08 -7.88123e-05 3.85087e-07 -2.44464e-05 -8.22012e-05 -0.000165815 -5.71487e-07 -6.40958e-05 5.08049e-06 7.0948e-05 0 -3.16397e-05 1.61191e-05 2.48557e-06 4.31007e-06 -1.70933e-05 3.30144e-06 4.4066e-05 9.65424e-05
internal_weight=18370 588 326 262 276 144 132 17782 285 17497 843 16654 159 16495 1100 269 114 778 135 643 123 831 379 452 15395 14317 1078 14236 433 248
internal_count=18370 588 326 262 276 144 132 17782 285 17497 843 16654 159 16495 1100 269 114 778 135 643 123 831 379 452 15395 14317 1078 14236 433 248
is_linear=0
shrinkage=0.05


Tree=191
num_leaves=31
num_cat=0
split_feature=85 75 99 141 115 103 103 111 93 7 85 112 141 33 120 128 133 117 69 15 43 77 106 30 123 114 28 141 31 133
split_gain=0.000223878 0.000758655 0.000380948 0.000225999 0.000925144 0.000558472 0.000872571 0.00177098 0.000726906 0.000850324 0.000458142 0.00225805 0.000428707 0.000665825 0.00545506 0.000506672 0.000404308 0.000643095 0.00195159 0.000325538 0.00027154 0.000288026 0.00027083 0.000243586 0.000589269 0.000320503 0.000242064 0.000236586 0.000231562 0.000226106
threshold=283.05446680000006 15.550000000000002 -2.0999999999999654 33.775000000000013 22.450000000000003 956.20000000000016 1032.0000000000002 4.7500000000000009 269.31686530000007 0.011800000000000001 279.2012405000001 288.31147770000001 37.125000000000007 -0.99799484117595971 281.42025900000004 10.110034132736219 88.64500000000001 0.75000000000000011 290.91747060000006 0.0016114583333333334 0.40950000000000003 274.40388640000009 22.450000000000003 -1.9342857142857135 -0.37940952255126059 26.750000000000004 25.450000000000003 35.650000000000006 24.950000000000003 88.200000000000003
decision_type=2 2 2 2 2 2 2 2 2 2 2 2 2 2 8 2 2 2 2 2 2 2 2 2 2 2 2 2 2 2
left_child=3 2 -2 5 10 8 7 -7 9 -1 12 23 13 14 -5 27 17 29 22 -9 -17 -22 26 25 -25 -12 -19 -15 -24 -8
right_child=1 -3 -4 4 -6 6 16 19 -10 -11 11 -13 -14 15 -16 20 -18 18 -20 -21 21 -23 28 24 -26 -27 -28 -29 -30 -31
leaf_value=0 0 2.2002653952638084e-05 -0.00019698161963756794 -8.6908026327826035e-09 0.00021923517009501947 0.00034665159448126842 -2.9501870656101866e-06 0 -1.7242136328799383e-05 -0.00023859271182632456 0 0.00029434481648608825 -1.0185448746359819e-05 4.0951199100861746e-08 0.00055827595407583223 1.5073813760538364e-05 0.00011752278246981755 -0.00011603474174970411 -0.00032852133473023709 9.9565341804781798e-05 0 0.00017979810660264257 0.00010547013338720847 0.00017400598209860619 0 -0.00011241171847436913 0 -3.6067580047765874e-05 0 8.6945971199705078e-05
leaf_weight=50 54 90 86 193 51 52 8903 288 1126 91 55 79 3532 736 50 1271 64 92 61 92 112 69 55 55 64 93 67 631 141 67
leaf_count=50 54 90 86 193 51 52 8903 288 1126 91 55 79 3532 736 50 1271 64 92 61 92 112 69 55 55 64 93 67 631 141 67
internal_value=-7.77471e-07 -4.97091e-05 -0.0001311 0 6.89018e-06 -4.57186e-06 -5.30997e-08 6.87986e-05 -3.5845e-05 -0.000148025 4.578e-06 6.08769e-05 8.56953e-07 1.52259e-05 9.61901e-05 6.44199e-06 -3.7366e-06 -5.10851e-06 -6.61809e-05 1.68432e-05 2.817e-05 9.20717e-05 -6.26155e-06 0 4.30504e-05 -5.09352e-05 -6.35903e-05 -1.29858e-05 1.4951e-05 -1.71175e-06
internal_weight=18370 230 140 18140 6991 11149 9882 432 1267 141 6940 346 6594 3062 243 2819 9450 9386 416 380 1452 181 355 267 119 148 159 1367 196 8970
internal_count=18370 230 140 18140 6991 11149 9882 432 1267 141 6940 346 6594 3062 243 2819 9450 9386 416 380 1452 181 355 267 119 148 159 1367 196 8970
is_linear=0
shrinkage=0.05


Tree=192
num_leaves=31
num_cat=0
split_feature=124 155 49 15 83 155 136 140 33 138 36 4 89 44 77 94 115 73 108 83 103 90 85 120 138 47 112 120 96 107
split_gain=0.000210383 0.00172116 0.00496439 0.00125467 0.000486088 0.000358005 0.00123026 0.00208452 0.00143762 0.00251789 0.000557199 0.000331078 0.000709187 0.000481479 0.00105336 0.000451921 0.000513605 0.000496828 0.0012288 0.000336215 0.00025121 0.00122859 0.000487111 0.000788598 0.000807546 0.000619516 0.00031511 0.000249843 0.000247707 0.00022362
threshold=0.91597561503675351 0.28600000000000009 988.45000000000016 0.0021312500000000003 36.500000000000007 0.49600000000000011 0.15500000000000003 75.820000000000007 0.33962057097746456 4.2600000000000007 280.95378380000005 0.014797272500000002 47.750000000000007 787.50000000000011 276.58994865000005 32.500000000000007 24.950000000000003 28.350000000000005 279.19558910000006 35.100000000000001 535.65000000000009 19.552040816326535 280.37767375000004 267.57627910000008 4.4450000000000012 1.0000000180025095e-35 284.81994695000009 270.57492430000008 48.925000000000004 15.850000000000003
decision_type=2 2 2 2 2 2 2 2 2 2 2 2 2 2 2 2 2 2 2 2 2 2 2 10 2 2 2 10 2 2
left_child=4 -2 3 -3 5 11 8 10 9 -7 29 15 -13 14 -14 19 17 -17 -19 20 21 -1 28 -24 25 -25 -26 -28 -22 -8
right_child=1 2 -4 -5 -6 6 7 -9 -10 -11 -12 12 13 -15 -16 16 -18 18 -20 -21 22 -23 23 24 26 -27 27 -29 -30 -31
leaf_value=0 -4.6939759989212269e-06 -8.737146488930208e-06 0.0005110587647829491 0.00024356417054217743 -0.00015413336400671245 -0.0004940723317770542 -8.1943889676092249e-05 0.00027412214760033751 1.7620638991968751e-05 -5.3440297232226885e-05 2.2560001378521707e-06 0 0 0 -0.00032037528391341656 0 0 0.00036103660569534232 1.2730980507693262e-05 0.00012069210206893081 2.1573197241622285e-06 0.00026649793852182209 7.3784769928685094e-05 -0.00031667937332009212 1.2013821576557847e-05 0 0 -0.00013319293747257293 -5.3728336161021624e-05 0
leaf_weight=98 1874 294 64 53 53 54 349 63 77 168 815 679 52 83 61 58 73 51 120 57 12269 51 70 61 128 53 113 86 197 146
leaf_count=98 1874 294 64 53 53 54 349 63 77 168 815 679 52 83 61 58 73 51 120 57 12269 51 70 61 128 53 113 86 197 146
internal_value=-6.89262e-07 1.31201e-05 0.000106296 1.60201e-05 -2.96252e-06 -2.14132e-06 -2.406e-05 -3.0665e-07 -0.000116103 -0.000184778 -1.75173e-05 6.40949e-08 -2.93312e-05 -0.000113249 -0.000180892 2.34426e-06 6.2921e-05 0.000103915 0.000147176 5.72631e-07 0 6.43757e-05 -7.0172e-07 -4.8709e-05 -7.95877e-05 -0.000201493 -2.13599e-05 -6.77792e-05 8.68862e-07 -6.00928e-05
internal_weight=18370 2285 411 347 16085 16032 1672 1373 299 222 1310 14360 875 196 113 13485 302 229 171 13183 13126 149 12977 511 441 114 327 199 12466 495
internal_count=18370 2285 411 347 16085 16032 1672 1373 299 222 1310 14360 875 196 113 13485 302 229 171 13183 13126 149 12977 511 441 114 327 199 12466 495
is_linear=0
shrinkage=0.05


Tree=193
num_leaves=31
num_cat=0
split_feature=124 155 128 23 43 131 90 103 91 53 134 8 114 13 92 101 26 92 4 32 15 67 120 47 4 85 92 114 137 2
split_gain=0.0001885 0.00155848 0.00490422 0.000376719 0.000368341 0.00112709 0.00270581 0.000454002 0.000309174 0.000251675 0.00152718 0.0125922 0.00366847 0.00128776 0.00175844 0.000342126 0.00022641 0.000264008 0.000408933 0.000692482 0.000202555 0.000215216 0.00203813 0.000192226 0.000171737 0.000168306 0.000239387 0.000201357 0.000154996 0.000176336
threshold=0.91597561503675351 0.28600000000000009 9.0494084161360799 19.138194444444448 0.30950000000000005 29.301636672347289 25.784693877551025 1603.45 36.500000000000007 116.50000000000001 6.4400000000000004 0.01224095231599647 33.050000000000004 0.0039296913055555565 2.5500000000000012 -4.039381849999983 9.5000000000000018 8.4500000000000046 0.0064898820000000006 18.850000000000005 0.0043291666666666678 7.6500000000000012 271.70439640000001 2.5000000000000004 0.0085976625000000022 276.75572575000007 7.5500000000000016 34.850000000000001 18.300000000000004 0.0023607900000000002
decision_type=2 2 2 2 2 2 2 2 2 2 2 2 2 2 2 2 2 2 2 2 2 2 8 2 2 2 2 2 2 2
left_child=4 -2 -3 -4 5 6 7 -1 9 13 11 12 15 28 -15 -11 23 24 -19 -20 21 22 -12 -7 -18 26 -24 -27 29 -6
right_child=1 2 3 -5 8 16 -8 -9 -10 10 20 -13 -14 14 -16 -17 17 18 19 -21 -22 -23 25 -25 -26 27 -28 -29 -30 -31
leaf_value=0.00011822525398861661 -4.459402225930414e-06 0.00042541902088867194 0.00013058692194485607 -1.4251736632455147e-05 5.9306523851851756e-07 0 -0.00037592937779885004 -6.9659833377578432e-05 -0.00011628009914407551 9.0346260879539154e-05 0.00030250232925743047 0.00076512663834275049 0.00035879892384298114 0 -0.00031247883753650644 -2.922996240244893e-05 0 0 0.00025731364063876058 0 -4.6701649183217883e-05 -4.2771455895170918e-06 0 -3.1177203732233188e-05 -5.804444572474415e-05 0 0.00010922384574937664 -0.00011808070947558414 8.5867476765427047e-05 -2.3012381913428931e-05
leaf_weight=50 1874 90 51 270 7750 449 73 86 55 50 60 60 70 93 78 690 405 282 51 51 238 2808 292 1195 135 51 53 62 50 848
leaf_count=50 1874 90 51 270 7750 449 73 86 55 50 60 60 70 93 78 690 405 282 51 51 238 2808 292 1195 135 51 53 62 50 848
internal_value=-6.75583e-07 1.2371e-05 0.000101071 0 -2.84043e-06 -1.94397e-05 -0.000132618 0 2.48877e-07 1.11845e-06 1.11102e-05 7.06742e-05 1.2188e-05 -3.33895e-06 -0.000138885 -1.42918e-05 -8.23425e-06 7.93517e-06 4.2316e-05 0.000128914 -2.0431e-06 0 3.06215e-05 -2.0361e-05 -7.30434e-06 0 1.14983e-05 -5.73555e-05 -6.49118e-08 -1.15603e-06
internal_weight=18370 2285 411 321 16085 2777 209 136 13308 13253 4434 870 810 8819 171 740 2568 924 384 102 3564 3326 518 1644 540 458 345 113 8648 8598
internal_count=18370 2285 411 321 16085 2777 209 136 13308 13253 4434 870 810 8819 171 740 2568 924 384 102 3564 3326 518 1644 540 458 345 113 8648 8598
is_linear=0
shrinkage=0.05


Tree=194
num_leaves=31
num_cat=0
split_feature=135 64 104 65 100 36 27 139 65 107 24 80 15 88 27 114 80 128 91 19 43 2 124 84 83 8 84 44 11 128
split_gain=0.00019076 0.000458451 0.00150117 0.000717803 0.000437599 0.000829967 0.00438292 0.000632621 0.000794781 0.0011764 0.000538871 0.000470573 0.000358374 0.000418486 0.000250745 0.000853766 0.000208932 0.000288341 0.000307107 0.000208385 0.000222755 0.000175345 0.00108229 0.00681511 0.000462309 0.000691457 0.00116921 0.000689068 0.000359569 0.000275673
threshold=14.185 360.00000000000011 0.25000000000000006 37.150000000000013 -3.1999999999999882 274.91630070000002 1564.6500000000003 85.299518965764761 13.850000000000003 11.350000000000003 40.150000000000013 28.462500000000006 0.0079197916666666687 22.037500000000005 1236.5500000000002 25.250000000000004 11.462500000000004 9.4793745449579916 17.450000000000003 -0.006664285714285712 0.37650000000000006 0.0011514315000000002 -0.9159756150367534 1.0000000180025095e-35 17.850000000000005 0.01224095231599647 4.5500000000000016 1182.5000000000002 0.002238550055555556 8.922191521710662
decision_type=2 2 2 2 2 2 2 2 2 2 2 2 2 2 2 2 2 2 2 2 2 2 2 2 2 2 2 2 2 2
left_child=1 3 -3 4 7 12 -7 -1 -9 10 -10 -8 16 -14 15 -2 17 18 -6 20 -18 -16 23 -23 28 26 27 -26 29 -24
right_child=14 2 -4 -5 5 6 11 8 9 -11 -12 -13 13 -15 21 -17 19 -19 -20 -21 -22 22 24 -25 25 -27 -28 -29 -30 -31
leaf_value=-8.1383370814702606e-06 0 0.00025670659344785834 0 -0.00016041198169293881 -1.0514417208977337e-05 0.00038726828256282412 1.7405206268108483e-05 0 -2.962340500137846e-05 0 -0.00041930934004068271 -0.00011181964469019859 0 -0.00014721944311822882 -1.2526879673969073e-06 0.00019388973998405468 0 0 -0.00019860258074699876 -6.5118527551545455e-07 0.00012182203912369952 0.00053798461057617125 0 -3.5535584885562289e-05 0.00034648193609459202 0 0 0 0 -0.00012452267332185122
leaf_weight=709 311 66 235 86 178 83 71 54 50 94 52 106 94 99 11345 74 138 382 50 2303 72 68 115 156 57 568 76 50 490 138
leaf_count=709 311 66 235 86 178 83 71 54 50 94 52 106 94 99 11345 74 138 382 50 2303 72 68 115 156 57 568 76 50 490 138
internal_value=-6.23114e-07 -9.24899e-06 4.68289e-05 -1.39929e-05 -1.00792e-05 -5.87127e-07 8.35977e-05 -4.02282e-05 -0.00011092 -0.000160505 -0.000278973 -3.20872e-05 -8.71847e-06 -7.60202e-05 2.16265e-06 4.21285e-05 -2.93573e-06 -2.98047e-05 -7.4283e-05 1.60677e-06 4.99515e-05 5.98892e-07 1.57283e-05 0.000117964 0 2.7976e-05 0.000112221 0.000220274 -2.76114e-05 -7.5975e-05
internal_weight=18370 4922 301 4621 4535 3576 260 959 250 196 102 177 3316 193 13448 385 3123 610 228 2513 210 13063 1718 224 1494 751 183 107 743 253
internal_count=18370 4922 301 4621 4535 3576 260 959 250 196 102 177 3316 193 13448 385 3123 610 228 2513 210 13063 1718 224 1494 751 183 107 743 253
is_linear=0
shrinkage=0.05


Tree=195
num_leaves=31
num_cat=0
split_feature=92 100 30 36 112 112 3 22 44 33 131 132 14 140 84 128 92 136 124 137 49 140 81 13 77 93 1 36 103 44
split_gain=0.000396525 0.000340642 0.00102498 0.000417199 0.000262535 0.000956555 0.00506161 0.000427002 0.000301652 0.00115196 0.00726332 0.00875562 0.000386355 0.000688798 0.00401287 0.000575853 0.00053278 0.00055061 0.000396001 0.00121605 0.00245155 0.000993056 0.00156822 0.000365799 0.000535682 0.000357426 0.000408376 0.000354899 0.000418203 0.000326092
threshold=24.350000000000005 -5.3000000000000105 -1.1571428571428581 280.95378380000005 268.8779305000001 269.06174960000004 0.055594363000000008 1.0000000180025095e-35 457.50000000000006 0.86126988495447809 49.891498158895921 3.5000000000000004 0.020547432000000001 75.820000000000007 7.950000000000002 9.4017455261924869 1.7500000000000004 0.46000000000000002 -0.5 1.0000000180025095e-35 963.55000000000007 75.925000000000011 35.95000000000001 0.0013630270625000001 276.16998995000006 271.73879955000007 0.18311337450000004 278.55347800000004 1063.2500000000002 322.50000000000006
decision_type=2 2 2 2 2 2 2 2 2 2 2 2 2 2 2 2 2 2 2 2 2 2 2 2 2 2 2 2 2 2
left_child=4 2 -2 -3 7 6 -6 -1 23 12 11 -11 18 15 -15 -14 -17 -18 21 20 -20 -10 -23 -7 -25 -21 -27 28 -19 -26
right_child=1 3 -4 -5 5 8 -8 -9 9 10 -12 -13 13 14 -16 16 17 27 19 25 -22 22 -24 24 29 26 -28 -29 -30 -31
leaf_value=-7.261732380521513e-05 -3.6549655275839794e-06 -2.4349081592890708e-05 -0.00027679105333455875 0.00011113713059967268 0 0 0.00054850085889519699 -2.4698296520859578e-06 -7.0195628387094508e-06 0 0 0.00073375127484757313 -1.6951514110298672e-05 -2.0476396909572258e-05 0.00041446900302592081 -1.9989514943669862e-07 1.0700049169549055e-05 0 0 -6.6967820466455563e-06 0.00040679738698424465 0 -0.00035667328794873111 0 0 1.2496058281541707e-05 0.00014775739430598897 4.3908152344277274e-06 0.00021965892667206012 -0.00013477420379594051
leaf_weight=245 205 510 55 59 168 2763 50 3943 3040 63 623 80 856 127 72 387 424 50 74 2485 56 109 54 529 142 829 76 126 123 179
leaf_count=245 205 510 55 59 168 2763 50 3943 3040 63 623 80 856 127 72 387 424 50 74 2485 56 109 54 529 142 829 76 126 123 179
internal_value=7.8505e-07 -3.25631e-05 -8.143e-05 -1.35816e-06 2.63399e-06 6.2404e-06 0.000110819 -7.78345e-06 4.13692e-06 8.99162e-06 6.81504e-05 0.000388378 3.32351e-06 2.1905e-05 0.000113176 1.00717e-05 3.54081e-05 6.1348e-05 -1.91902e-06 8.77716e-06 0.000158806 -1.52334e-05 -0.00013696 -7.45029e-06 -3.61986e-05 1.50423e-06 2.95243e-05 0.000116228 0.000168453 -8.73044e-05
internal_weight=18502 829 260 569 17673 13485 218 4188 13267 9654 766 143 8888 2165 199 1966 1110 723 6723 3520 130 3203 163 3613 850 3390 905 299 173 321
internal_count=18502 829 260 569 17673 13485 218 4188 13267 9654 766 143 8888 2165 199 1966 1110 723 6723 3520 130 3203 163 3613 850 3390 905 299 173 321
is_linear=0
shrinkage=0.05


Tree=196
num_leaves=31
num_cat=0
split_feature=92 100 30 36 120 75 45 77 85 2 85 155 44 131 35 81 96 92 14 120 83 134 49 22 116 142 108 137 92 44
split_gain=0.000363209 0.0003172 0.00091151 0.000377231 0.000253386 0.00167346 0.00392165 0.00726204 0.000744415 0.00070638 0.00282098 0.000690519 0.00212526 0.000771881 0.00181493 0.000672769 0.000608691 0.000602738 0.000476791 0.000981748 0.000425808 0.000395818 0.000356832 0.00166983 0.00382983 0.000758158 0.00029499 0.000273506 0.000269539 0.000244517
threshold=24.350000000000005 -5.3000000000000105 -1.1571428571428581 280.95378380000005 271.70439640000001 8.0500000000000025 96.500000000000014 279.60783520000007 279.65964215000002 0.00026399350000000003 280.06997175000004 0.84000000000000019 1202.5000000000002 22.321942539713117 285.87014840000006 55.050000000000004 32.812500000000007 23.350000000000005 0.061309237500000009 278.53160040000006 20.750000000000004 6.4800000000000013 985.85000000000002 7.5000000000000009 287.22476360000007 316.73213322060656 274.68011625000003 0.68500000000000016 13.450000000000005 727.50000000000011
decision_type=2 2 2 2 8 2 2 2 2 2 2 2 2 2 2 2 2 2 2 8 2 2 2 2 2 2 2 2 2 2
left_child=4 2 -2 -3 5 6 27 -8 18 11 16 13 -13 14 -7 17 -11 20 -6 -20 -15 28 -22 24 -24 -25 -23 -1 -18 -28
right_child=1 3 -4 -5 8 9 7 -9 -10 10 -12 12 -14 15 -16 -17 21 -19 19 -21 22 26 23 25 -26 -27 29 -29 -30 -31
leaf_value=0 -3.4731047860068682e-06 -2.3134010593799339e-05 -0.00026319863888602419 0.00010567289335267559 1.3616573231506553e-06 0 0 0.00077846883640732918 -0.00012630955563323925 0.00016089339808152573 0.0003092178232723705 0 0.00036369066146161298 -2.687602886768537e-05 -0.00036540009157676531 -0.00016640908409975793 -0.00013330221322376004 0.0001555309191996154 -0.00020773472144615621 0 -8.8087494065439018e-07 0.00013285320475491365 0.00053815668113113102 -3.453348085217427e-05 0 0.00014352186601428629 -1.8020915100931396e-05 -0.00011999896144877363 0 3.2576046467995543e-05
leaf_weight=103 205 510 55 59 11561 121 88 53 117 65 89 82 50 1369 50 62 73 59 83 159 1776 59 50 362 83 70 350 50 196 493
leaf_count=103 205 510 55 59 11561 121 88 53 117 65 89 82 50 1369 50 62 73 59 83 159 1776 59 50 362 83 70 350 50 196 493
internal_value=6.64727e-07 -3.12478e-05 -7.83701e-05 -8.44045e-07 2.44626e-06 1.11682e-05 0.000127773 0.000320317 -1.34439e-06 3.9503e-06 3.6222e-05 -5.19027e-06 0.000103788 -1.00588e-05 -0.000114933 -4.04411e-06 1.22885e-05 -3.52038e-09 0 -6.94049e-05 -3.86557e-06 0 7.46159e-06 4.24741e-05 0.00019691 0 1.96439e-05 -1.81306e-05 -4.8728e-05 5.64837e-06
internal_weight=18502 829 260 569 17673 5753 294 141 11920 5459 1325 4134 132 4002 171 3831 1236 3769 11803 242 3710 1171 2341 565 133 432 902 153 269 843
internal_count=18502 829 260 569 17673 5753 294 141 11920 5459 1325 4134 132 4002 171 3831 1236 3769 11803 242 3710 1171 2341 565 133 432 902 153 269 843
is_linear=0
shrinkage=0.05


Tree=197
num_leaves=31
num_cat=0
split_feature=92 101 119 46 81 112 44 103 105 19 85 13 85 9 110 112 112 19 133 97 112 113 44 24 22 140 89 103 28 28
split_gain=0.000333792 0.000302151 0.000438642 0.000741321 0.000261923 0.00180467 0.000230625 0.000982254 0.000498332 0.000412518 0.00331424 0.000285239 0.000515298 0.000673704 0.000270817 0.000267263 0.000912407 0.00462378 0.000396934 0.00579222 0.00200222 0.00102414 0.000690216 0.00120263 0.000375948 0.00034615 0.000309924 0.000347818 0.000821919 0.00139094
threshold=24.350000000000005 -3.0181362500000257 6.7500000000000009 74.500000000000014 55.050000000000004 283.91416495000004 457.50000000000006 535.65000000000009 3.5000000000000004 -0.0075142857142857051 276.88897655000005 0.0013630270625000001 276.29175730000003 1.7949305555555557 29.050000000000004 268.8779305000001 269.06174960000004 7.142857142857142e-05 80.210000000000022 5.4000000000000004 290.90680500000002 1.3500000000000003 1217.5000000000002 40.150000000000013 1.0000000180025095e-35 50.88000000000001 49.550000000000004 1077.9000000000003 37.70000000000001 42.250000000000007
decision_type=2 2 10 2 2 2 2 2 2 2 2 2 2 2 2 2 2 2 2 2 2 2 2 2 2 2 2 2 2 2
left_child=4 -2 3 -3 6 -6 11 -8 14 10 -10 -1 -13 -14 -9 24 17 -17 25 20 21 22 -20 -24 -11 26 27 28 -18 -30
right_child=1 2 -4 -5 5 -7 7 8 9 15 -12 12 13 -15 -16 16 18 -19 19 -21 -22 -23 23 -25 -26 -27 -28 -29 29 -31
leaf_value=0 1.0965207853981264e-05 -0.00024603684089621918 -1.2137365620049416e-05 0 0.00031664377380294872 -4.2991576069653089e-05 0.00020657440278913877 -0.0001180002601714001 0 -7.3642987890066962e-05 0.00040958385055027825 -3.2680357939653957e-06 -3.3304473795835214e-06 -0.000216193318606683 0 0 8.3044559510569891e-06 0.0005271510729974526 -3.1905526178075754e-05 0.00054361020633566452 -0.00025651959391378867 0.00023926247138660985 0.00025340908041096772 0 -2.5333879560431704e-06 -1.3463955928385998e-05 -2.6179884416358353e-05 5.4267446520014466e-06 0.00023676808892964297 0
leaf_weight=2962 156 71 507 95 50 56 60 125 534 212 56 719 165 84 59 145 689 50 358 52 67 53 67 134 3417 2600 496 4265 125 73
leaf_count=2962 156 71 507 95 50 56 60 125 534 212 56 719 165 84 59 145 689 50 358 52 67 53 67 134 3417 2600 496 4265 125 73
internal_value=5.86533e-07 -2.99977e-05 -4.69134e-05 -0.000122478 2.30569e-06 8.12926e-05 1.53987e-06 4.85476e-06 3.57992e-06 5.05645e-06 4.64776e-05 -8.68907e-06 -3.2283e-05 -9.57171e-05 -7.63133e-05 2.75366e-06 7.58615e-06 0.000115459 4.67404e-06 4.01769e-05 0 2.94314e-05 2.16616e-07 8.20564e-05 -8.08404e-06 9.16881e-07 8.42328e-06 1.27294e-05 4.21667e-05 0.000134241
internal_weight=18502 829 673 166 17673 106 17567 13637 13577 13393 590 3930 968 249 184 12803 9174 195 8979 731 679 612 559 201 3629 8248 5648 5152 887 198
internal_count=18502 829 673 166 17673 106 17567 13637 13577 13393 590 3930 968 249 184 12803 9174 195 8979 731 679 612 559 201 3629 8248 5648 5152 887 198
is_linear=0
shrinkage=0.05


Tree=198
num_leaves=31
num_cat=0
split_feature=92 100 30 36 119 81 131 116 116 138 115 118 118 47 22 14 92 134 10 99 114 28 26 85 106 63 63 115 99 114
split_gain=0.000303906 0.000278876 0.000794753 0.000338452 0.000229648 0.00096167 0.000487889 0.000324222 0.000409649 0.00437527 0.000467548 0.000397405 0.000401673 0.00123375 0.0031293 0.00034345 0.000325762 0.00165875 0.000323976 0.00025519 0.000250547 0.000654382 0.000334093 0.000705363 0.000262218 0.000208332 0.00350543 0.00023068 0.000396382 0.000261681
threshold=24.350000000000005 -5.3000000000000105 -1.1571428571428581 280.95378380000005 17.750000000000004 53.750000000000007 63.778943440450405 295.32305480000008 293.73551695000009 3.8450000000000002 15.450000000000001 24.850000000000005 21.750000000000004 99.500000000000014 6.5000000000000009 0.046876099500000004 22.850000000000005 4.4650000000000007 30.275000000000002 -2.1500000000000337 29.650000000000002 24.600000000000005 9.5000000000000018 273.44073635000001 16.950000000000003 16.390850000000004 16.480800000000006 22.850000000000005 -2.6999999999999882 26.450000000000003
decision_type=2 2 2 2 10 2 2 2 2 2 2 10 10 2 2 2 2 2 2 2 2 2 2 2 2 2 2 2 2 2
left_child=4 2 -2 -3 7 6 -6 8 11 -10 -11 12 16 -14 -15 20 25 -18 -8 -9 22 -22 -13 -24 -23 27 -27 29 -29 -1
right_child=1 3 -4 -5 5 -7 18 19 9 10 -12 15 13 14 -16 -17 17 -19 -20 -21 21 24 23 -25 -26 26 -28 28 -30 -31
leaf_value=-2.9961310521786905e-06 -1.1981692610453188e-06 -2.1319891263629932e-05 -0.00024518132121524366 0.00010114858006879028 -5.3546684694501724e-05 0.00023336633711652316 1.376775388123018e-05 0 0.00044473774016857238 1.0899800751255276e-05 -0.00011423486493464338 -1.1546681433138934e-05 5.6181039240778592e-06 0.00044057583334594511 0 -0.00012187431898600271 0.0003119005929700364 0 0.00014720231298856706 -9.8318329864769075e-05 -0.00012272548589719939 4.3660735580119709e-05 0 0.00016046794556007771 -3.3540146386503553e-05 0.00039691669481128075 1.4739513716176195e-06 0 0.00014971071675063286 -3.0831462364227725e-05
leaf_weight=5365 205 510 55 59 209 53 1069 83 59 107 97 1142 1060 61 109 91 50 127 61 146 171 157 127 94 314 56 5560 89 60 1156
leaf_count=5365 205 510 55 59 209 53 1069 83 59 107 97 1142 1060 61 109 91 50 127 61 146 171 157 127 94 314 56 5560 89 60 1156
internal_value=4.97594e-07 -2.86777e-05 -7.27087e-05 0 2.15059e-06 2.16906e-05 9.41286e-06 1.71631e-07 1.32151e-06 6.31304e-05 -2.44773e-05 0 3.38991e-06 3.07038e-05 0.000156933 -1.99683e-05 2.90844e-07 6.76454e-05 2.55155e-05 -5.83468e-05 -1.27922e-05 -3.85312e-05 0 5.54604e-05 0 -2.78001e-07 6.37723e-06 -6.63119e-06 5.00837e-05 -8.7012e-06
internal_weight=18502 829 260 569 17673 1392 1339 16281 16052 263 204 15789 13693 1230 170 2096 12463 177 1130 229 2005 642 1363 221 471 12286 5616 6670 149 6521
internal_count=18502 829 260 569 17673 1392 1339 16281 16052 263 204 15789 13693 1230 170 2096 12463 177 1130 229 2005 642 1363 221 471 12286 5616 6670 149 6521
is_linear=0
shrinkage=0.05


Tree=199
num_leaves=31
num_cat=0
split_feature=117 133 81 14 14 88 117 98 88 25 128 4 84 43 113 128 103 65 33 81 112 112 61 133 22 76 136 36 21 15
split_gain=0.000291651 0.00263874 0.000639378 0.000593092 0.000808368 0.000496399 0.00037112 0.00155095 0.000281799 0.000311402 0.000226112 0.000212468 0.000448606 0.00120853 0.000316079 0.000621489 0.000302057 0.0013043 0.000495568 0.000435257 0.000251229 0.00142151 0.00416093 0.000395659 0.000361248 0.000222394 0.000527389 0.000379778 0.00133743 0.000355115
threshold=1.0500000000000003 82.02000000000001 55.050000000000004 0.018475221000000003 0.024801701000000006 37.462500000000013 0.8500000000000002 1.6499999999999988 34.612500000000004 15.500000000000002 11.503385078652252 5.7500000000000009e-06 22.750000000000004 0.34350000000000008 2.0500000000000003 9.6043165975266138 535.65000000000009 11.750000000000002 0.84804460213833366 37.650000000000013 268.8779305000001 269.06174960000004 1881.7500000000002 88.200000000000003 1.0000000180025095e-35 8.3500000000000032 0.34500000000000003 283.94646520000003 0.40972222222222227 0.0025010416666666675
decision_type=2 2 2 2 2 2 2 2 2 2 2 2 2 2 2 2 2 2 2 2 2 2 2 2 2 2 2 2 2 2
left_child=2 3 6 5 -5 8 11 -8 -2 -10 -7 12 14 -14 16 -16 17 -1 25 -20 24 22 -22 -23 -13 27 -27 29 -29 -18
right_child=1 -3 -4 4 -6 10 7 -9 9 -11 -12 20 13 -15 15 -17 18 -19 19 -21 21 23 -24 -25 -26 26 -28 28 -30 -31
leaf_value=-5.7309079907749268e-06 -1.4689045238068804e-05 -0.00032192901559704171 0.0001326160180426396 0.00021119762027372189 0 -0.00010731853917272392 -1.8331162160602164e-05 0.00028781681635603587 0.00016623551947217354 0 0 -8.369745677483052e-05 -0.00026514589520135613 0 0.00020544701764860153 0 0 0.0002670096121657034 0 -9.7011551427874496e-05 0 3.9799527008827514e-06 0.00052570151788636655 0.0001282242382507427 -1.5721046130987008e-06 -0.00013854301943406428 0 0.00027703881709087663 0 -4.3632758315724794e-05
leaf_weight=90 216 69 93 70 88 185 60 57 51 63 51 150 61 76 51 50 3716 52 270 293 100 8662 51 67 2890 99 99 54 165 503
leaf_count=90 216 69 93 70 88 185 60 57 51 63 51 150 61 76 51 50 3716 52 270 293 100 8662 51 67 2890 99 99 54 165 503
internal_value=4.69307e-07 -2.87835e-05 2.06311e-06 0 8.48971e-05 -2.43699e-05 1.08258e-06 8.96201e-05 1.55428e-06 7.56695e-05 -8.15704e-05 1.99805e-07 -7.54088e-06 -9.84453e-05 -4.31612e-06 7.92809e-05 -6.84749e-06 6.03496e-05 -9.65563e-06 -5.45576e-05 4.24249e-06 8.75554e-06 0.000161581 5.52091e-06 -7.29473e-06 -3.11383e-06 -5.49529e-05 0 6.31631e-05 -4.12301e-06
internal_weight=18502 793 17709 724 158 566 17616 117 330 114 236 17499 5579 137 5442 101 5341 142 5199 563 11920 8880 151 8729 3040 4636 198 4438 219 4219
internal_count=18502 793 17709 724 158 566 17616 117 330 114 236 17499 5579 137 5442 101 5341 142 5199 563 11920 8880 151 8729 3040 4636 198 4438 219 4219
is_linear=0
shrinkage=0.05


Tree=200
num_leaves=31
num_cat=0
split_feature=83 105 81 132 47 33 74 81 83 81 112 115 119 0 1 1 86 77 133 77 108 115 114 118 126 128 53 53 2 105
split_gain=0.00052966 0.000302911 0.000395809 0.000268621 0.000398188 0.000999055 0.000452149 0.000257726 0.000255141 0.000298625 0.000282389 0.00154885 0.00358678 0.000595379 0.00038389 0.000631573 0.000588957 0.000465579 0.000280427 0.000230225 0.000296195 0.000191247 0.000417206 0.000364094 0.00076168 0.000365585 0.000198919 0.00198357 0.000356242 0.000345752
threshold=36.500000000000007 8.5000000000000018 32.850000000000001 3.5000000000000004 3.5000000000000004 0.90178149955115783 13.807142857142859 38.050000000000004 35.100000000000001 51.150000000000013 290.44738900000004 9.8500000000000032 8.5500000000000025 0.18590000000000004 0.00033838800000000007 0.0081497790000000011 13.500000000000002 291.40530255000004 88.64500000000001 285.69126390000002 278.57647350000008 19.850000000000005 41.550000000000004 31.750000000000004 36.500000000000007 9.232155983247015 224.50000000000003 220.50000000000003 0.0040711290000000006 31.500000000000004
decision_type=2 2 2 2 2 2 2 2 2 2 2 2 10 2 2 2 2 2 2 2 2 2 2 10 2 2 2 2 2 2
left_child=1 2 -1 7 6 -6 -5 -4 9 10 18 12 -12 14 17 16 -16 -13 21 20 -11 22 26 24 25 -23 27 28 -3 -30
right_child=-2 8 3 4 5 -7 -8 -9 -10 19 11 13 -14 -15 15 -17 -18 -19 -20 -21 -22 23 -24 -25 -26 -27 -28 -29 29 -31
leaf_value=0 -0.00015358471787476447 2.5958382177065142e-06 -2.0073884081261563e-05 -0.0001645634203176836 -7.2013799664648921e-06 0.0001962823584755016 0 -0.00010716580123396784 8.7246144214920453e-05 0 0.00049551241920562457 0.00013497410625690421 0 0.00016332879053758615 -0.00021929352892488841 0 -3.0257146972078318e-06 0 -0.00010370396092425569 0 -0.00011357639607295423 -0.00024917615772717343 0.00013772673820759254 5.8691832840695291e-06 0 -4.5465308866337657e-05 -1.6286436860951619e-05 0.00024113449538575415 -6.1728886706226391e-05 0
leaf_weight=1039 59 11066 413 67 154 71 140 264 81 115 54 85 71 53 75 449 148 104 67 103 160 60 54 281 225 202 1717 85 440 457
leaf_count=1039 59 11066 413 67 154 71 140 264 81 115 54 85 71 53 75 449 148 104 67 103 160 60 54 281 225 202 1717 85 440 457
internal_value=-3.60978e-06 -2.84468e-06 -2.05194e-05 -4.13113e-05 0 3.54695e-05 -5.84718e-05 -6.15185e-05 -1.83507e-07 -9.40665e-07 0 2.52909e-05 0.000189765 0 -7.45662e-06 -2.9979e-05 -9.87372e-05 4.60435e-05 -1.66772e-06 -4.48034e-05 -6.95833e-05 -8.49227e-07 1.44022e-07 -2.52001e-05 -5.33484e-05 -0.000111898 -4.24661e-08 1.8587e-06 0 -3.0145e-05
internal_weight=18359 18300 2148 1109 432 225 207 677 16152 16071 15693 1039 125 914 861 672 223 189 14654 378 275 14587 13819 768 487 262 13765 12048 11963 897
internal_count=18359 18300 2148 1109 432 225 207 677 16152 16071 15693 1039 125 914 861 672 223 189 14654 378 275 14587 13819 768 487 262 13765 12048 11963 897
is_linear=0
shrinkage=0.05


Tree=201
num_leaves=31
num_cat=0
split_feature=83 105 81 22 77 49 83 75 83 81 62 47 96 120 129 85 77 25 46 160 133 133 49 84 32 2 141 96 61 77
split_gain=0.000477962 0.000279744 0.00036741 0.000320728 0.000385708 0.000261221 0.00029189 0.000348531 0.00023056 0.000267518 0.000221749 0.000209519 0.000486789 0.000191487 0.000840681 0.00403073 0.000801512 0.000447745 0.000326813 0.000558083 0.000436352 0.000281858 0.00166458 0.000242977 0.000237961 0.000507255 0.000208853 0.000300558 0.000264583 0.000205809
threshold=36.500000000000007 8.5000000000000018 32.850000000000001 52.500000000000007 278.56882060000004 974.1500000000002 21.350000000000005 15.850000000000003 35.100000000000001 51.150000000000013 31.850000000000005 3.5000000000000004 36.01250000000001 268.12753010000006 7.5000000000000009 276.11494225000007 286.31903045000007 20.500000000000004 54.500000000000007 0.49897959183673485 79.440000000000012 88.200000000000003 980.6500000000002 10.150000000000004 11.950000000000001 0.00049126100000000011 39.02000000000001 34.712500000000013 133.65000000000003 277.61824710000008
decision_type=2 2 2 2 2 2 2 2 2 2 2 2 2 8 2 2 2 2 2 2 2 2 2 2 2 2 2 2 2 2
left_child=1 2 -1 4 -4 -6 7 -7 9 13 -11 -5 -13 14 18 16 17 29 20 -20 23 26 -23 24 25 -3 -15 -28 -29 -16
right_child=-2 8 3 11 5 6 -8 -9 -10 10 -12 12 -14 21 15 -17 -18 -19 19 -21 -22 22 -24 -25 -26 -27 27 28 -30 -31
leaf_value=0 -0.00014603347030545897 0 0 -3.6915648017037865e-05 0 -0.00018111964625156611 -4.1562110689280915e-07 0 8.2937034644490316e-05 -7.8610322748863843e-05 0 0.00012673824052240968 0 1.2039271179103168e-07 0 0.00041811065777791457 0.0001380575086503755 1.3043098689364722e-06 5.5177698581741843e-06 0.00019587509280357226 -0.0001473861656132763 -0.0003105096597516654 4.5869557155823181e-06 -2.7000043828661355e-05 -9.2224825036530302e-07 0.0001496447678404035 -3.6629148968648443e-06 -0.00018145806952847034 0 -0.00014211426210786903
leaf_weight=1039 59 235 284 192 81 175 134 72 81 199 179 91 80 12156 50 71 86 117 460 51 58 50 92 701 526 87 706 58 92 97
leaf_count=1039 59 235 284 192 81 175 134 72 81 199 179 91 80 12156 50 71 86 117 460 51 58 50 92 701 526 87 706 58 92 97
internal_value=-3.46584e-06 -2.72503e-06 -1.97102e-05 -3.97446e-05 -5.84862e-05 -8.71864e-05 -0.000104512 -0.000140595 -1.55611e-07 -8.90643e-07 -4.2406e-05 0 3.89383e-05 0 1.2678e-05 7.71218e-05 0 -3.61115e-05 0 3.46273e-05 -1.12391e-05 -2.31431e-06 -7.2793e-05 -2.82365e-06 1.12808e-05 4.66359e-05 -1.15541e-06 -2.50863e-05 -9.21142e-05 -9.94828e-05
internal_weight=18359 18300 2148 1109 746 462 381 247 16152 16071 378 363 171 15693 2539 421 350 264 2118 511 1607 13154 142 1549 848 322 13012 856 150 147
internal_count=18359 18300 2148 1109 746 462 381 247 16152 16071 378 363 171 15693 2539 421 350 264 2118 511 1607 13154 142 1549 848 322 13012 856 150 147
is_linear=0
shrinkage=0.05


Tree=202
num_leaves=31
num_cat=0
split_feature=83 105 114 22 84 117 47 85 85 119 105 90 126 101 118 28 100 118 19 97 1 8 121 44 119 33 30 134 6 76
split_gain=0.000431136 0.000262513 0.000307746 0.000449797 0.000251177 0.000299062 0.000422237 0.000623553 0.000547454 0.000331963 0.000209672 0.0012902 0.00023589 0.000375981 0.00020143 0.000606719 0.000461855 0.000447737 0.000663865 0.000366843 0.000337238 0.000550482 0.000326229 0.00115639 0.000241627 0.000242867 0.000292232 0.00020385 0.0002533 0.000201266
threshold=36.500000000000007 8.5000000000000018 32.150000000000013 56.500000000000007 17.450000000000006 1.6500000000000001 3.5000000000000004 281.19715975000003 279.86302325000003 11.050000000000002 9.5000000000000018 27.603061224489799 17.500000000000004 1.130258650000002 24.850000000000005 25.000000000000004 -1.3000000000000111 21.650000000000002 -0.0075142857142857051 -1.9999999999999993 0.36432711350000008 0.053811235769425307 0.15000000000000005 567.50000000000011 14.350000000000003 0.35104534029834689 -1.7857142857142867 12.775000000000002 0.0053986111111111118 5.450000000000002
decision_type=2 2 2 2 2 2 2 2 2 10 2 2 2 2 10 2 2 10 2 2 2 2 8 2 10 2 2 2 2 2
left_child=1 2 4 -4 5 6 8 -8 -1 -10 11 12 -3 -14 17 16 19 29 -19 -16 21 24 -20 -24 -17 26 27 28 -26 -12
right_child=-2 10 3 -5 -6 -7 7 -9 9 -11 14 -13 13 -15 15 20 -18 18 22 -21 -22 -23 23 -25 25 -27 -28 -29 -30 -31
leaf_value=-8.5332678371581574e-06 -0.00013885349164290044 -4.9701017812754029e-05 -0.0001271549142542686 0 -6.7900870563913828e-05 8.8234281729343409e-05 0 0.00016886582449904199 -0.00019404229279230631 0 1.3001854773385891e-07 0.00021556118528019398 0 0.00010901663396317475 0 -2.2578605260793307e-05 -1.3970857216036086e-05 0.00020577355391588784 0 -0.00013767201037890163 0.00011666921757736061 -0.00014292049496682867 0.00025863472608034504 0 0 0 0 0 0.00016191750370143427 -2.1920232368028177e-05
leaf_weight=679 59 166 153 58 175 80 799 58 84 62 10475 79 155 93 50 650 584 57 813 210 60 67 59 169 59 728 385 86 104 1103
leaf_count=679 59 166 153 58 175 80 799 58 84 62 10475 79 155 93 50 650 584 57 813 210 60 67 59 169 59 728 385 86 104 1103
internal_value=-3.34033e-06 -2.62266e-06 -1.90749e-05 -8.02542e-05 -9.79256e-06 -1.14999e-06 -8.42211e-06 1.19995e-05 -3.56779e-05 -0.000126989 -1.24151e-07 3.15534e-05 0 2.66769e-05 -1.44271e-06 -1.32622e-05 -4.91543e-05 9.45154e-07 3.1683e-05 -0.000108668 0 -2.47882e-06 1.71638e-05 7.00138e-05 0 1.41316e-05 3.72132e-05 8.02481e-05 0.000113685 -1.54054e-06
internal_weight=18359 18300 2148 211 1937 1762 1682 857 825 146 16152 493 414 248 15659 2983 844 12676 1098 260 2139 2079 1041 228 2012 1362 634 249 163 11578
internal_count=18359 18300 2148 211 1937 1762 1682 857 825 146 16152 493 414 248 15659 2983 844 12676 1098 260 2139 2079 1041 228 2012 1362 634 249 163 11578
is_linear=0
shrinkage=0.05


Tree=203
num_leaves=31
num_cat=0
split_feature=83 116 91 77 52 137 118 49 21 21 4 116 12 126 49 140 123 6 120 129 126 11 117 101 36 118 2 0 22 128
split_gain=0.000389578 0.000166273 0.000802902 0.000536188 0.000877558 0.000501288 0.000744054 0.000718025 0.000448228 0.000471988 0.000698852 0.000317837 0.000228958 0.00134161 0.000250122 0.000215706 0.000270965 0.000194739 0.000295452 0.000500503 0.000379486 0.000717489 0.000246882 0.00136661 0.000227512 0.00122337 0.00342407 0.000262495 0.00040321 0.000600316
threshold=36.250000000000007 286.68719745000004 35.100000000000001 283.99326810000008 248.50000000000003 0.59500000000000008 33.050000000000004 998.55000000000007 0.65972222222222232 0.38194444444444448 0.0085976625000000022 286.54117840000009 0.096316070500000003 36.500000000000007 961.05000000000007 16.530000000000005 0.37940952255126054 0.0096638888888888903 265.96759815000007 7.5000000000000009 36.500000000000007 0.0044062812152777788 2.2500000000000004 -0.58611669999999083 263.59194770000005 13.450000000000001 0.0023607900000000002 0.087350000000000011 4.5000000000000009 9.1980520126980121
decision_type=2 2 2 2 2 2 8 2 2 2 2 2 2 2 2 2 2 2 10 2 2 2 2 2 2 10 2 2 2 2
left_child=1 11 3 5 -5 7 8 -3 9 -7 15 12 17 -14 -15 -11 -17 22 19 -19 21 -20 24 -24 25 -1 -27 28 29 -26
right_child=-2 2 -4 4 -6 6 -8 -9 -10 10 -12 -13 13 14 -16 16 -18 18 20 -21 -22 -23 23 -25 27 26 -28 -29 -30 -31
leaf_value=0 -0.00011614109811591497 0 0.00016147806268112987 -0.0002858450282228125 0 -1.3419972438473422e-06 0 0.00015871591547717497 0 0 -0.00027190623487422275 0.00010095871634059058 0.00020269284124530733 5.4153145729287647e-05 -3.1994447545379255e-05 -0.00012309823152574812 0 0 -1.779160673708468e-05 0.00014404180418296165 -9.7664506226504961e-06 -0.00021123605597623445 -3.3872462269937387e-05 0.00020296778427559496 -7.6675330439133745e-05 1.1132691404334992e-05 0.00044593915031595089 4.9043522678846274e-05 -5.1670045353716565e-07 -6.6843034457810451e-06
leaf_weight=2612 77 1240 58 50 105 242 703 74 130 127 79 76 93 111 289 179 59 582 296 61 1260 84 99 94 483 302 59 198 7139 1398
leaf_count=2612 77 1240 58 50 105 242 703 74 130 127 79 76 93 111 289 179 59 582 296 61 1260 84 99 94 483 302 59 198 7139 1398
internal_value=-3.17921e-06 -2.42364e-06 -1.31023e-05 -1.82167e-05 -0.000112466 -1.1258e-05 -3.16037e-05 8.46572e-06 -6.4304e-05 -8.09233e-05 -0.000112962 0 -8.02225e-07 3.20646e-05 0 -6.42505e-05 -9.26179e-05 -2.24996e-06 -1.56737e-05 7.38482e-06 -2.77603e-05 -7.41186e-05 0 5.61582e-05 -6.64228e-07 1.08586e-05 9.7043e-05 -4.92372e-06 -6.66794e-06 -2.73444e-05
internal_weight=18359 18282 3046 2988 155 2833 1519 1314 816 686 444 15236 15160 493 400 365 238 14667 2283 643 1640 380 12384 193 12191 2973 361 9218 9020 1881
internal_count=18359 18282 3046 2988 155 2833 1519 1314 816 686 444 15236 15160 493 400 365 238 14667 2283 643 1640 380 12384 193 12191 2973 361 9218 9020 1881
is_linear=0
shrinkage=0.05


Tree=204
num_leaves=31
num_cat=0
split_feature=83 105 114 22 28 84 117 114 101 85 42 83 77 53 133 129 35 137 95 14 92 89 96 8 101 115 88 23 59 62
split_gain=0.000355737 0.000238992 0.000262545 0.000412979 0.000304925 0.000227781 0.000267504 0.000259997 0.000640263 0.000390821 0.00020741 0.000197708 0.00021531 0.00169309 0.00471195 0.000777534 0.000746127 0.000490572 0.00033635 0.000412628 0.000293023 0.000379731 0.000654941 0.00120453 0.00110107 0.00241802 0.00273983 0.000554632 0.000302878 0.000289844
threshold=36.500000000000007 8.5000000000000018 32.150000000000013 56.500000000000007 21.250000000000004 17.450000000000006 1.6500000000000001 29.350000000000005 5.5230798500000171 280.06997175000004 0.79500000000000015 35.100000000000001 286.09935920000004 9.5000000000000018 80.210000000000022 6.5000000000000009 295.21405955000006 0.025000000000000005 4.5000000000000009 0.030814855000000002 10.750000000000002 48.20000000000001 37.875000000000007 0.049879399309162332 -0.1665568999999891 18.550000000000004 37.112500000000004 22.750000000000004 5.4940000000000007 22.550000000000004
decision_type=2 2 2 2 2 2 2 2 2 2 2 2 2 2 2 2 2 2 2 2 2 2 2 2 2 2 2 2 2 2
left_child=1 2 5 4 -4 6 7 9 -9 -1 -11 12 20 14 -14 18 17 -17 -15 -20 21 22 -3 24 27 26 -26 -24 -23 -30
right_child=-2 11 3 -5 -6 -7 -8 8 -10 10 -12 -13 13 15 -16 16 -18 -19 19 -21 -22 28 23 -25 25 -27 -28 -29 29 -31
leaf_value=-4.0251739118219793e-06 -0.00012631625536596404 -8.3020678350275752e-07 -0.00021773007820546998 0 0 -6.457302235548665e-05 8.3494085475750688e-05 0 0.00018556605768805769 0 -0.00015713692179732873 7.7035982023250949e-05 0 -4.6914065064310874e-06 0.00051847889079506223 -0.00031379707277736485 0 -1.4866304320347333e-05 0 0.00018828307563698791 -1.5991722207260615e-05 0 -0.00012717336423361832 0.00025516274550227538 0 -1.547867317774457e-06 0.00040291604329213443 2.9971847893733176e-06 -9.136295985774683e-05 0
leaf_weight=1361 59 9520 62 58 91 175 80 103 55 87 76 81 210 535 60 50 50 78 164 53 3246 299 85 63 89 216 99 857 276 121
leaf_count=1361 59 9520 62 58 91 175 80 103 55 87 76 81 210 535 60 50 50 78 164 53 3246 299 85 63 89 216 99 857 276 121
internal_value=-3.05894e-06 -2.38146e-06 -1.80645e-05 -7.49794e-05 -0.000120181 -9.24917e-06 -8.84875e-07 -7.91625e-06 4.53975e-05 -1.67484e-05 -9.1823e-05 0 -6.89372e-07 1.92033e-05 0.000130542 -7.85574e-06 -0.00010431 -0.000171923 8.4432e-06 6.36345e-05 -2.63198e-06 6.69392e-07 3.37053e-06 3.52796e-05 2.10942e-05 9.08129e-05 0.000222831 -3.56874e-06 -3.45158e-05 -6.31573e-05
internal_weight=18359 18300 2148 211 153 1937 1762 1682 158 1524 163 16152 16071 1200 270 930 178 128 752 217 14871 11625 10929 1409 1346 404 188 942 696 397
internal_count=18359 18300 2148 211 153 1937 1762 1682 158 1524 163 16152 16071 1200 270 930 178 128 752 217 14871 11625 10929 1409 1346 404 188 942 696 397
is_linear=0
shrinkage=0.05


Tree=205
num_leaves=31
num_cat=0
split_feature=117 133 90 103 103 96 14 36 45 91 124 16 8 22 114 82 93 81 131 53 47 8 73 50 29 123 33 103 43 133
split_gain=0.000539314 0.00240516 0.00084542 0.0005925 0.000394368 0.000317889 0.00174688 0.0010113 0.000548105 0.00133672 0.000547356 0.00226985 0.000473311 0.000424488 0.000263711 0.00101923 0.000249218 0.00065988 0.000334764 0.000237425 0.000234367 0.000205125 0.00040402 0.00094967 0.000264187 0.000547545 0.000256827 0.000291254 0.000186621 0.00101292
threshold=1.5500000000000003 80.810000000000016 23.868367346938779 1293.7500000000002 776.20000000000016 37.875000000000007 0.061309237500000009 263.88643290000005 41.500000000000007 19.650000000000002 0.91597561503675351 0.075000000000000025 0.005450561953116992 1.0000000180025095e-35 30.350000000000005 16.782000000000007 266.69161335000007 38.550000000000004 94.227198244092591 109.50000000000001 79.500000000000014 0.048380708384198286 25.250000000000004 1010.4500000000002 31.050000000000004 1.0000000180025095e-35 0.61875893085807299 1203.0000000000002 0.35050000000000003 80.390000000000015
decision_type=2 2 2 2 2 2 2 2 2 2 2 2 2 2 2 2 2 2 2 2 2 2 2 2 2 2 2 2 2 2
left_child=4 2 -2 -4 14 13 7 -7 9 -9 12 -12 16 -6 19 -16 -10 -18 -19 -1 -5 24 -23 -24 25 -14 -26 -28 29 -15
right_child=1 -3 3 20 5 6 -8 8 10 -11 11 -13 21 28 15 -17 17 18 -20 -21 -22 22 23 -25 26 -27 27 -29 -30 -31
leaf_value=-2.6499618943717498e-05 0.0001609363007234854 -0.00037988707406419475 -0.00010106389604165047 -1.2143245127243087e-05 -4.0576613142121316e-05 0.00020914135217563095 0.00023139792911954123 0.00029276797834212301 -4.2999363652322579e-06 0 0.00036384414230911615 0 0.00016348444799136111 -3.431200946809529e-06 -0.0002726472426379419 0 0 -0.00017095782864658585 -1.7923249445034962e-05 4.7458384960864135e-05 9.2521719030407958e-05 0 0 0.00027649809824366708 9.9609959687845924e-07 0 0 -7.0432391591458511e-05 3.0060852987090459e-06 -0.00012945438302803812
leaf_weight=907 54 51 214 141 749 60 89 54 607 250 50 345 70 3798 53 80 224 154 161 82 65 88 82 50 1360 88 373 302 7594 172
leaf_count=907 54 51 214 141 749 60 89 54 607 250 50 345 70 3798 53 80 224 154 161 82 65 88 82 50 1360 88 373 302 7594 172
internal_value=-3.46677e-06 -5.37058e-05 -7.35821e-06 -4.12034e-05 -1.70534e-06 0 1.17383e-05 6.00061e-06 1.91571e-06 6.708e-05 -1.84586e-06 5.21477e-05 -9.25586e-06 -3.9006e-06 -3.03997e-05 -0.000104599 -3.59665e-05 -6.22949e-05 -0.000108867 -1.52754e-05 0 1.36816e-06 4.82632e-05 0.000107074 -1.07723e-06 5.76678e-05 -8.12015e-06 -3.38585e-05 -1.08945e-06 -1.01815e-05
internal_weight=18367 525 474 420 17842 16720 4407 4318 4258 304 3954 395 3559 12313 1122 133 1146 539 315 989 206 2413 220 132 2193 158 2035 675 11564 3970
internal_count=18367 525 474 420 17842 16720 4407 4318 4258 304 3954 395 3559 12313 1122 133 1146 539 315 989 206 2413 220 132 2193 158 2035 675 11564 3970
is_linear=0
shrinkage=0.05


Tree=206
num_leaves=31
num_cat=0
split_feature=117 19 101 23 105 81 105 100 43 93 83 47 55 123 22 122 77 115 84 84 77 14 120 14 137 33 136 115 115 134
split_gain=0.000486958 0.00186654 0.00055515 0.000591947 0.000380087 0.000435939 0.000406189 0.00148352 0.00216669 0.00353906 0.000396193 0.000333448 0.000322024 0.000267418 0.000227607 0.000464596 0.000338804 0.00329524 0.00049851 0.000624038 0.00031618 0.000598153 0.00065902 0.000283473 0.000812048 0.000710535 0.000380152 0.000229957 0.000551053 0.000497552
threshold=1.5500000000000003 -0.0036971428571428541 -0.70955275000000018 19.718055555555562 8.5000000000000018 38.050000000000004 9.5000000000000018 2.4500000000000459 0.33850000000000008 267.34497885000007 21.350000000000005 29.500000000000004 9.6045871000000336 -0.37940952255126059 1.0000000180025095e-35 10.500000000000002 286.31903045000007 9.3500000000000032 20.850000000000005 22.850000000000005 272.77988030000006 0.0054208125000000012 268.02786110000005 0.020084667500000004 0.015000000000000001 0.065047800170985673 0.65500000000000014 24.350000000000005 23.550000000000004 8.9950000000000028
decision_type=2 2 2 2 2 2 2 2 2 2 2 2 2 2 2 2 2 2 2 2 2 2 10 2 2 2 2 2 2 2
left_child=4 -2 12 -4 5 -1 7 8 -6 -10 11 -7 -3 -12 15 20 18 -18 27 -20 -8 22 -22 24 -19 -25 -27 28 -16 -29
right_child=1 2 3 -5 6 10 14 -9 9 -11 13 -13 -14 -15 16 -17 17 23 19 -21 21 -23 -24 25 -26 26 -28 29 -30 -31
leaf_value=-4.4438449106965552e-06 -0.00028369181786022185 -0.00011393166250082758 0.00017505258537655255 0 0 -0.0001458645131517367 -2.725044344872945e-05 -4.1224144686941787e-05 0 0.00058805450178624598 5.3355131793778568e-05 0 0 -4.7604567856372649e-05 1.9624094455445178e-07 -5.8703555255427124e-05 0.0003269378394170952 -0.0002031000450747174 -0.00019251095067470729 0 0 0 0.00026491325170219948 0 0 0.0002323087417300182 0 -0.00011695231211367611 0.00012631654287733083 0
leaf_weight=1499 74 138 60 167 160 181 200 188 54 53 81 84 86 191 12767 497 84 53 75 126 58 111 53 182 564 59 57 130 87 248
leaf_count=1499 74 138 60 167 160 181 200 188 54 53 81 84 86 191 12767 497 84 53 75 126 58 111 53 182 564 59 57 130 87 248
internal_value=-3.2904e-06 -5.10433e-05 -1.26528e-06 4.13256e-05 -1.60227e-06 -2.20232e-05 7.13094e-07 4.7334e-05 0.000128267 0.000301631 -6.17016e-05 -0.000106882 -6.66406e-05 0 -3.46042e-07 -2.46766e-05 8.5845e-07 2.91105e-05 -8.7245e-07 -7.88689e-05 3.62158e-06 5.38532e-05 0.000138297 0 -1.78704e-05 4.13535e-05 0.000139831 0 1.44858e-06 -3.80223e-05
internal_weight=18367 525 451 227 17842 2036 15806 455 267 107 537 265 224 272 15351 919 14432 999 13433 201 422 222 111 915 617 298 116 13232 12854 378
internal_count=18367 525 451 227 17842 2036 15806 455 267 107 537 265 224 272 15351 919 14432 999 13433 201 422 222 111 915 617 298 116 13232 12854 378
is_linear=0
shrinkage=0.05


Tree=207
num_leaves=31
num_cat=0
split_feature=117 133 138 88 67 26 103 53 104 107 128 2 43 128 106 134 128 119 19 62 44 34 28 13 15 82 107 32 98 92
split_gain=0.0004395 0.0021327 0.000628921 0.000351683 0.00387061 0.00130084 0.000532096 0.000353864 0.000568322 0.000779384 0.000836766 0.000371821 0.000426091 0.000387763 0.00035112 0.00148718 0.000331317 0.000327879 0.000416931 0.000204983 0.000223827 0.00020132 0.000399854 0.0010278 0.00041481 0.000203438 0.000160194 0.000375501 0.000146176 0.00126798
threshold=1.5500000000000003 80.810000000000016 6.4350000000000014 41.987500000000004 5.9500000000000011 1.5000000000000002 948.50000000000011 208.50000000000003 0.75000000000000011 16.250000000000004 9.1980520126980121 0.0040711290000000006 0.35950000000000004 9.4793745449579916 18.550000000000004 8.1400000000000023 9.819480747833488 18.650000000000002 -0.0014228571428571428 21.450000000000003 357.50000000000006 0.35519481325251295 29.150000000000002 0.00016063940972222226 0.00090416666666666673 15.462000000000002 14.450000000000001 11.050000000000002 12.450000000000001 16.250000000000007
decision_type=2 2 2 2 2 2 2 2 2 2 2 2 2 2 2 2 2 10 2 2 2 2 2 2 2 2 2 2 2 2
left_child=3 2 19 7 -5 -6 -7 11 9 10 -9 21 13 -13 15 -8 -4 -17 -19 20 -2 28 -23 -24 -25 -26 27 -16 -1 -30
right_child=1 -3 16 4 5 6 14 8 -10 -11 -12 12 -14 -15 26 17 -18 18 -20 -21 -22 22 23 24 25 -27 -28 -29 29 -31
leaf_value=-2.2350332730054406e-06 0 -0.00035525463933971393 0.00015360219495570552 0.00043314104159799171 0.00019495970192827589 -0.00015603369077065769 0.00028707411396866253 -0.00026452100679900183 -7.8019815628981173e-06 0 -3.570510681744482e-05 -0.00014667225494279532 0 -1.6453072838509126e-05 0 -6.7596614960975691e-05 0 0 0.00014268060299631297 0 -0.00015001236193105193 0 0.00023235729508710334 0 0 0.00012815405908785254 0 -7.6306127755136315e-05 -1.8598638433415266e-06 0.0002411883809739569
leaf_weight=10548 53 51 55 54 84 55 53 88 1991 128 203 132 565 312 151 108 150 70 66 121 95 1298 72 406 53 102 792 254 198 59
leaf_count=10548 53 51 55 54 84 55 53 88 1991 128 203 132 565 312 151 108 150 70 66 121 95 1298 72 406 53 102 792 254 198 59
internal_value=-3.16258e-06 -4.85516e-05 -4.34721e-06 -1.54414e-06 1.96828e-05 2.69387e-06 -4.62567e-06 -4.07134e-06 -2.1817e-05 -7.63318e-05 -0.000122693 -5.94773e-07 -3.00378e-05 -6.66454e-05 0 4.95709e-05 4.8918e-05 0 4.84537e-05 -6.3489e-05 -0.000103651 1.34744e-06 1.63761e-05 4.89278e-05 1.61177e-05 8.70831e-05 -1.10217e-05 -3.66724e-05 -8.76937e-07 3.52759e-05
internal_weight=18367 525 474 17842 1687 1633 1549 16155 2410 419 291 13745 1009 444 1494 297 205 244 136 269 148 12736 1931 633 561 155 1197 405 10805 257
internal_count=18367 525 474 17842 1687 1633 1549 16155 2410 419 291 13745 1009 444 1494 297 205 244 136 269 148 12736 1931 633 561 155 1197 405 10805 257
is_linear=0
shrinkage=0.05


Tree=208
num_leaves=31
num_cat=0
split_feature=117 133 90 103 105 112 16 105 87 156 73 116 101 2 75 31 22 122 90 88 44 92 128 30 115 93 52 123 49 53
split_gain=0.000398452 0.00192599 0.000709248 0.000493382 0.000336396 0.00051098 0.000500023 0.00037451 0.00217529 0.000834028 0.000925778 0.00256189 0.00434727 0.000321656 0.000272246 0.00022075 0.000187197 0.000410381 0.000349539 0.000559778 0.000223238 0.000207123 0.000219416 0.000183887 0.000160067 0.000267329 0.000147 0.000135217 0.000148959 0.00013261
threshold=1.5500000000000003 80.810000000000016 23.868367346938779 1293.7500000000002 8.5000000000000018 286.17395040000002 0.73000000000000009 11.500000000000002 3.5000000000000004 0.18000000000000002 32.95000000000001 286.85553490000001 0.74963539999998841 0.0012152840000000003 19.950000000000003 23.250000000000004 1.0000000180025095e-35 10.500000000000002 20.139795918367351 32.937500000000007 1497.5000000000002 0.15000000000000005 10.133735740856517 -1.7857142857142867 16.350000000000005 271.24410595000006 325.50000000000006 0.37940952255126054 998.75000000000011 207.50000000000003
decision_type=2 2 2 2 2 2 2 2 2 2 2 2 2 2 2 2 2 2 2 2 2 2 2 2 2 2 2 2 2 2
left_child=4 2 -2 23 5 24 -7 8 9 13 11 12 -11 -6 26 -5 17 18 -9 -20 21 -19 -23 -4 27 -26 -8 28 -1 -18
right_child=1 -3 3 15 7 6 14 16 -10 10 -12 -13 -14 -15 -16 -17 29 20 19 -21 -22 22 -24 -25 25 -27 -28 -29 -30 -31
leaf_value=-3.8104481452404989e-05 0.00015029560390791052 -0.00033783348673191194 -0.00013252664090390411 0.00010362623130383915 -2.0328224605410275e-06 0 -0.00014725397687679351 -3.3556587986958048e-05 0.00026026350084790194 0 0 0 0.0006128906925834854 -0.00010643780377069227 0 -5.1830395076284464e-06 2.1519940242847185e-06 0 0.00016369589072850251 0 0 -0.00011937445686576068 0 0 0.00011888309103651137 0 0 1.9420135442421428e-06 0 -1.139861366476193e-05
leaf_weight=573 54 51 126 50 854 258 204 188 92 53 209 194 56 97 54 156 11182 95 76 156 112 220 70 88 66 51 50 562 218 2152
leaf_count=573 54 51 126 50 854 258 204 188 92 53 209 194 56 97 54 156 11182 95 76 156 112 220 70 88 66 51 50 562 218 2152
internal_value=-3.0394e-06 -4.62778e-05 -3.73636e-06 -3.57269e-05 -1.48436e-06 -2.07029e-05 -6.15352e-05 6.76049e-07 2.41798e-05 5.75082e-06 5.96261e-05 0.000116674 0.000309589 -1.80346e-05 -0.000104851 0 -1.53925e-06 -2.3379e-05 2.60083e-06 5.33783e-05 -5.53351e-05 -7.34593e-05 -9.45375e-05 -9.07546e-05 -1.5509e-06 4.85905e-05 -0.000126455 -9.61229e-06 -2.41268e-05 0
internal_weight=18367 525 474 420 17842 2036 566 15806 1555 1463 512 303 109 951 308 206 14251 917 420 232 497 385 290 214 1470 117 254 1353 791 13334
internal_count=18367 525 474 420 17842 2036 566 15806 1555 1463 512 303 109 951 308 206 14251 917 420 232 497 385 290 214 1470 117 254 1353 791 13334
is_linear=0
shrinkage=0.05


Tree=209
num_leaves=31
num_cat=0
split_feature=117 19 90 103 47 103 96 14 36 114 85 28 1 62 22 19 90 32 134 4 114 82 131 93 23 131 44 53 43 92
split_gain=0.000363259 0.00161712 0.000503019 0.000508817 0.000571891 0.000309332 0.000244908 0.0015228 0.000859702 0.000509398 0.00130228 0.00538383 0.000547369 0.000365735 0.000317355 0.000260804 0.000258022 0.000538145 0.000871626 0.0014998 0.000236257 0.000902989 0.00022271 0.000217807 0.000316219 0.000607769 0.000224648 0.000215205 0.000168016 0.000818758
threshold=1.5500000000000003 -0.0036971428571428541 23.601020408163272 1293.7500000000002 79.500000000000014 776.20000000000016 37.875000000000007 0.061309237500000009 263.88643290000005 29.050000000000004 276.11494225000007 20.650000000000002 0.014147579000000002 27.950000000000006 1.0000000180025095e-35 0.0033142857142857123 26.892857142857142 12.250000000000002 8.8950000000000014 0.00049989300000000006 30.350000000000005 17.274000000000004 224.09970967308263 271.98424420000009 22.132638888888895 60.631396245768578 282.50000000000006 109.50000000000001 0.34450000000000003 15.150000000000004
decision_type=2 2 2 2 2 2 2 2 2 2 2 2 2 2 2 2 2 2 2 2 2 2 2 2 2 2 2 2 2 2
left_child=5 -2 -3 -4 -5 20 14 8 -8 10 15 -12 13 23 -7 -10 22 18 19 -18 27 -22 -14 24 25 -11 -26 -1 -16 -30
right_child=1 2 3 4 -6 6 7 -9 9 12 11 -13 16 -15 28 -17 17 -19 -20 -21 21 -23 -24 -25 26 -27 -28 -29 29 -31
leaf_value=-2.3371794638301378e-05 -0.00026005796774455426 0.00013775899571734116 -8.9142963918139014e-05 -1.381688337207907e-05 0.00016172183703693681 -3.5075583411156312e-05 0.00019204353035927882 0.00021540611484265862 -2.6869040659263672e-06 -0.00029451344923318352 0.00047788941757239458 0 -8.4440013214604823e-05 0 -1.041134545474404e-05 8.8979449347778106e-05 0 -5.1563279674993636e-06 8.5627899039399905e-06 0.00037321286239470783 -0.0002459107090218258 0 0 0 0 0 -5.5430759108224091e-05 4.820586751564581e-05 -9.5558241528712581e-07 6.2923233816282234e-05
leaf_weight=907 74 50 194 154 53 749 60 89 1482 52 76 263 116 359 3449 80 53 546 358 54 57 76 75 116 91 66 471 82 7587 528
leaf_count=907 74 50 194 154 53 749 60 89 1482 52 76 263 116 359 3449 80 53 546 358 54 57 76 75 116 91 66 471 82 7587 528
internal_value=-2.93387e-06 -4.42398e-05 0 -2.68446e-05 7.65078e-06 -1.43581e-06 0 1.03751e-05 4.94255e-06 1.08763e-06 2.13854e-05 0.000110154 -1.31649e-05 -3.85387e-05 -3.34501e-06 0 7.07221e-06 2.05598e-05 6.14314e-05 0.000190305 -2.68586e-05 -9.65798e-05 -3.80137e-05 -5.74584e-05 -6.82892e-05 -0.00016082 -3.97289e-05 -1.23439e-05 -8.54623e-07 2.59185e-06
internal_weight=18367 525 451 401 207 17842 16720 4407 4318 4258 1901 339 2357 1155 12313 1562 1202 1011 465 107 1122 133 191 796 680 118 562 989 11564 8115
internal_count=18367 525 451 401 207 17842 16720 4407 4318 4258 1901 339 2357 1155 12313 1562 1202 1011 465 107 1122 133 191 796 680 118 562 989 11564 8115
is_linear=0
shrinkage=0.05


Tree=210
num_leaves=31
num_cat=0
split_feature=33 81 133 133 122 80 114 73 42 93 128 137 58 69 84 6 85 120 138 47 53 53 117 94 156 90 119 131 36 115
split_gain=0.000297293 0.000660468 0.000325668 0.000358855 0.000242538 0.000200549 0.00046999 0.000391981 0.00221728 0.000292808 0.000191944 0.000183476 0.00232862 0.00129126 0.00109659 0.00136354 0.000349533 0.000409051 0.000437274 0.00022214 0.0012795 0.00485388 0.000152496 0.000536754 0.00110651 0.000239225 0.000299233 0.00019714 0.000417664 0.000549231
threshold=0.99240879022882134 55.050000000000004 33.680000000000007 18.630000000000003 12.500000000000002 11.462500000000004 33.850000000000001 14.050000000000002 0.56500000000000006 273.86386235000003 9.4793745449579916 1.0000000180025095e-35 2.8499999999999983 286.01920680000006 0.95000000000000029 0.0035847222222222226 280.68343040000008 269.68681880000003 6.4750000000000005 1.0000000180025095e-35 222.50000000000003 247.50000000000003 0.45000000000000007 10.500000000000002 0.18000000000000002 32.793877551020408 14.050000000000002 34.954889260841185 263.18235550000003 7.2500000000000009
decision_type=2 2 2 2 2 2 2 2 2 2 2 2 2 2 2 2 2 10 2 2 2 2 2 2 2 2 10 2 2 2
left_child=1 5 3 -2 -5 6 10 8 -7 -8 -1 12 13 14 -9 -16 19 18 -18 20 -13 -22 25 24 -24 27 -27 28 29 -21
right_child=2 -3 -4 4 -6 7 9 11 -10 -11 -12 16 -14 -15 15 -17 17 -19 -20 22 21 -23 23 -25 -26 26 -28 -29 -30 -31
leaf_value=-2.6402018545216153e-05 -1.1172207885410161e-05 0.00014347813245854568 0 0 -0.00021412410069136128 0 -0.00016087376426864584 -1.468598986215052e-05 0.00028268753918645563 0 4.1237725666105964e-06 1.9274127490027583e-06 0.0002630773134676549 -0.00015587271058133673 0 0.00031432553545906002 -0.00018067281637331194 0 0 0 0.00055796403358477156 0 0 0 0.00024537879226319432 0.00011009845078532258 0 -1.9849950201566666e-06 -3.908244672995033e-05 0.00017319846645561467
leaf_weight=706 295 81 243 52 64 387 86 308 82 65 1289 2298 90 118 98 64 90 153 109 96 50 155 143 509 72 98 218 9256 1011 52
leaf_count=706 295 81 243 52 64 387 86 308 82 65 1289 2298 90 118 98 64 90 153 109 96 50 155 143 509 72 98 218 9256 1011 52
internal_value=7.88536e-08 1.57483e-06 -3.2679e-05 -6.06129e-05 -0.000142441 6.29723e-07 -1.3295e-05 2.88718e-06 4.8147e-05 -9.99859e-05 -4.18164e-06 1.13423e-06 2.65318e-05 -1.57036e-06 2.68024e-05 0.000135962 0 -4.92053e-05 -9.68839e-05 1.17167e-06 1.48556e-05 0.000134792 -1.38295e-06 1.99038e-05 8.68455e-05 -3.28674e-06 3.77591e-05 -5.01564e-06 -2.48861e-05 3.81449e-05
internal_weight=18338 17684 654 411 116 17603 2146 15457 469 151 1995 14988 678 588 470 162 14310 352 199 13958 2503 205 11455 724 215 10731 316 10415 1159 148
internal_count=18338 17684 654 411 116 17603 2146 15457 469 151 1995 14988 678 588 470 162 14310 352 199 13958 2503 205 11455 724 215 10731 316 10415 1159 148
is_linear=0
shrinkage=0.05


Tree=211
num_leaves=31
num_cat=0
split_feature=33 81 133 133 116 116 50 55 77 33 43 121 111 4 92 105 126 100 41 135 134 131 124 156 124 156 84 21 114 49
split_gain=0.000274043 0.000596599 0.000306934 0.000321459 0.000214557 0.000544842 0.000292729 0.000518762 0.000390922 0.00203681 0.000406977 0.000385007 0.000268252 0.000410493 0.000451275 0.000300724 0.000244972 0.000205859 0.000189729 0.0022747 0.000236264 0.00038073 0.00468884 0.00149556 0.00376783 0.000746056 0.000671098 0.000545473 0.000379919 0.000556282
threshold=0.99240879022882134 55.050000000000004 33.680000000000007 18.630000000000003 286.68719745000004 286.54117840000009 1017.1500000000002 10.91561945000001 281.85083175000005 0.91231009180939926 0.37250000000000005 0.75000000000000011 15.450000000000001 0.0075691535000000009 8.3500000000000032 14.500000000000002 14.500000000000002 0.25000000000000006 38.500000000000007 3.6700000000000004 4.0950000000000006 33.15434016127945 -0.9159756150367534 0.22000000000000003 0.37940952255126048 0.10000000000000002 0.75000000000000011 0.57638888888888895 20.050000000000004 956.35000000000002
decision_type=2 2 2 2 2 2 2 2 2 2 2 8 2 2 2 2 2 2 2 2 2 2 2 2 2 2 2 2 2 2
left_child=1 4 3 -2 5 18 7 -6 10 16 12 -12 13 -8 -15 -16 -10 -5 19 -1 28 22 -22 25 -25 26 -24 -28 -20 -30
right_child=2 -3 -4 17 6 -7 8 -9 9 -11 11 -13 -14 14 15 -17 -18 -19 20 -21 21 -23 23 24 -26 -27 27 -29 29 -31
leaf_value=0.00028634524540082474 -1.0615484686726436e-05 0.00013639170297232694 0 -0.00020064479493103412 0 0.00014888103788325679 0 -0.00016784766534931489 -0.00010609984598111759 0.00032148813847875731 -0.00011421041471873072 0 8.8870283958060876e-05 0 0 -0.00016831153177246675 5.1541534985889795e-06 0 0 0 0.00039948396339555361 8.548007031475392e-08 -6.294575105129669e-05 -2.9492738150829128e-05 0.00042004135298852547 -0.00021692973249672997 0.0001641085995040645 0 -1.5340254101567792e-05 -0.00017353815132312546
leaf_weight=75 295 81 243 66 77 64 1450 82 53 54 186 185 69 145 62 106 170 50 632 833 79 12067 316 94 67 60 68 96 423 90
leaf_count=75 295 81 243 66 77 64 1450 82 53 54 186 185 69 145 62 106 170 50 632 833 79 12067 316 94 67 60 68 96 423 90
internal_value=5.93183e-08 1.50651e-06 -3.13813e-05 -5.85498e-05 5.94097e-07 3.1805e-06 -1.21734e-05 -8.06784e-05 -5.73527e-06 4.61648e-05 -1.45477e-05 -6.30053e-05 -1.97767e-06 -8.4161e-06 -6.05489e-05 -0.000116135 0 -0.000136584 2.20918e-06 2.44804e-05 4.04939e-07 2.69291e-06 3.65774e-05 0 0.000128154 -4.46446e-05 -1.23078e-05 5.47501e-05 -2.08833e-05 -5.31055e-05
internal_weight=18338 17684 654 411 17603 14964 2639 159 2480 277 2203 371 1832 1763 313 168 223 116 14900 908 13992 12847 780 701 161 540 480 164 1145 513
internal_count=18338 17684 654 411 17603 14964 2639 159 2480 277 2203 371 1832 1763 313 168 223 116 14900 908 13992 12847 780 701 161 540 480 164 1145 513
is_linear=0
shrinkage=0.05


Tree=212
num_leaves=31
num_cat=0
split_feature=33 81 133 133 44 116 116 120 131 120 16 116 114 96 49 28 43 34 89 33 18 41 135 135 133 118 128 80 112 51
split_gain=0.000252609 0.000538861 0.000289381 0.00028701 0.000194541 0.000193043 0.000492039 0.000365633 0.000770931 0.000606241 0.00131666 0.00164736 0.000478221 0.000541927 0.000435165 0.000584711 0.000237416 0.00023405 0.000224331 0.000219695 0.000203081 0.000172052 0.00205531 0.00022678 0.000916867 0.000719314 0.00104391 0.000874354 0.00293436 0.000765517
threshold=0.99240879022882134 55.050000000000004 33.680000000000007 18.630000000000003 377.50000000000006 286.68719745000004 286.54117840000009 269.41871985000006 113.51367412975763 271.70439640000001 1.0400000000000003 294.00043860000005 33.850000000000001 45.537500000000009 961.45000000000016 21.950000000000003 0.34750000000000003 -0.39616474984924538 42.150000000000013 0.97819376758769294 0.00012708333333333335 38.500000000000007 3.6700000000000004 19.340000000000003 67.820000000000007 15.450000000000001 8.6897550436737365 35.487500000000004 285.87014840000006 1.0000000180025095e-35
decision_type=2 2 2 2 2 2 2 8 2 8 2 2 2 2 2 2 2 2 2 2 2 2 2 2 2 10 2 2 2 2
left_child=1 5 3 -2 -5 6 21 8 14 10 17 -12 -11 16 -7 -16 -14 20 -17 -19 -9 22 -1 25 -25 27 29 -23 -29 -27
right_child=2 -3 -4 4 -6 7 -8 9 -10 12 11 -13 13 -15 15 18 -18 19 -20 -21 -22 23 -24 24 -26 26 -28 28 -30 -31
leaf_value=0.00027221636408699486 -1.0086503312543976e-05 0.00012965528754925687 0 0 -0.00020379270109090915 0 0.00014155151496995062 0.00010645386014187932 2.8498372740930814e-06 -1.742206586503657e-06 0 0.00030353571665038331 -1.9295689072470918e-05 0 -0.00029667018969000011 0 -0.00022029725369211522 -7.9388068660209916e-05 -0.00010588383781346288 0 0 -6.8550124322699551e-07 0 3.3532333098258982e-06 0.00018570404526311086 0 -2.156551885901796e-05 0 0.00043309494927437788 -0.00033758866310458523
leaf_weight=75 295 81 243 57 59 58 64 54 203 1292 115 90 105 95 59 87 74 161 90 56 100 3141 833 9091 70 52 1418 119 50 51
leaf_count=75 295 81 243 57 59 58 64 54 203 1292 115 90 105 95 59 87 74 161 90 56 100 3141 833 9091 70 52 1418 119 50 51
internal_value=4.38267e-08 1.44415e-06 -3.01314e-05 -5.65627e-05 -0.000130925 5.6283e-07 3.02978e-06 -1.15275e-05 -5.03969e-05 -1.56324e-07 4.11355e-05 0.000143902 -1.85515e-05 -7.93364e-05 -0.000103997 -0.000134359 -0.000130931 -2.44242e-06 -5.08031e-05 -4.65193e-05 2.73072e-05 2.08978e-06 2.32991e-05 3.54534e-07 5.31244e-06 -8.0115e-06 -3.68129e-05 3.72022e-06 0.000114538 -0.000196421
internal_weight=18338 17684 654 411 116 17603 14964 2639 497 2142 576 205 1566 274 294 236 179 371 177 217 154 14900 908 13992 9161 4831 1521 3310 169 103
internal_count=18338 17684 654 411 116 17603 14964 2639 497 2142 576 205 1566 274 294 236 179 371 177 217 154 14900 908 13992 9161 4831 1521 3310 169 103
is_linear=0
shrinkage=0.05


Tree=213
num_leaves=31
num_cat=0
split_feature=33 33 29 61 36 103 90 101 141 49 118 49 135 107 114 129 75 2 53 45 100 81 128 29 37 98 43 160 90 93
split_gain=0.000233293 0.000501389 0.00250388 0.000288853 0.000468091 0.000223809 0.000189905 0.000340126 0.00018027 0.000169954 0.00029657 0.000211903 0.000166478 0.00015181 0.000355732 0.000177693 0.000590431 0.0012574 0.00782637 0.000844897 0.0013941 0.000811992 0.00100104 0.0012907 0.00130245 0.000613894 0.000462047 0.000386359 0.0003658 0.000656241
threshold=0.99240879022882134 0.97819376758769294 24.050000000000004 139.25000000000003 271.08504800000009 587.85000000000002 19.954081632653065 -0.52852790000000016 33.610000000000007 988.25000000000011 29.250000000000004 995.35000000000002 50.795000000000009 3.6500000000000008 33.45000000000001 5.5000000000000009 14.350000000000003 0.0031384280000000004 184.50000000000003 34.500000000000007 -0.64999999999997715 33.550000000000004 8.679992067279418 30.650000000000002 0.15000000000000005 1.6499999999999988 0.37450000000000006 0.026598639455782322 25.603061224489803 267.53124525000004
decision_type=2 2 2 2 2 2 2 2 2 2 8 2 2 2 2 2 2 2 2 2 2 2 2 2 2 2 2 2 2 2
left_child=1 5 -3 12 -5 6 -1 -8 -6 10 -4 -11 -2 14 -7 -15 17 21 26 20 -18 -17 -23 24 25 -24 -19 -28 -21 -30
right_child=3 2 9 4 8 13 7 -9 -10 11 -12 -13 -14 15 -16 16 19 18 -20 28 -22 22 23 -25 -26 -27 27 -29 29 -31
leaf_value=0 9.1886993564382156e-05 0.00035463727673716984 0.0001049827750798719 -7.4880076012735663e-06 0 -3.2934371155067228e-06 0 -0.00018780970294618836 -0.0002070832816036383 -9.2737908620118357e-05 0 0 0 -1.2468523309613934e-06 -9.9819493276932607e-05 0 0.00031428726351665463 -9.7041842709586488e-05 0.00068031262675224133 0 0 0.0002145430590164324 -7.0189021469443399e-06 -2.275106360646537e-05 0.00031244183198610062 0.00014516892850684898 0 0.00016049167155590392 -1.4300168635343044e-05 -0.00014530962639692523
leaf_weight=183 53 59 85 415 69 1623 102 52 65 86 81 52 52 8928 114 2454 51 82 51 1813 112 99 140 380 67 78 75 51 726 140
leaf_count=183 53 59 85 415 69 1623 102 52 65 86 81 52 52 8928 114 2454 51 82 51 1813 112 99 140 380 67 78 75 51 726 140
internal_value=7.24282e-09 1.36381e-06 5.94472e-05 -2.89864e-05 -4.73427e-05 0 -4.01317e-05 -8.10865e-05 -0.000132766 0 3.5157e-05 -3.9645e-05 1.93621e-05 9.44635e-07 -1.25591e-05 2.81167e-06 9.33632e-06 2.34792e-05 0.000131573 -6.21006e-06 0.000100338 1.31879e-05 5.81842e-05 2.7112e-05 0.000110926 2.50168e-05 0 5.42302e-05 -1.45935e-05 -4.13897e-05
internal_weight=18338 17684 363 654 549 17321 337 154 134 304 166 138 105 16984 1737 15247 6319 3477 259 2842 163 3218 764 665 285 218 208 126 2679 866
internal_count=18338 17684 363 654 549 17321 337 154 134 304 166 138 105 16984 1737 15247 6319 3477 259 2842 163 3218 764 665 285 218 208 126 2679 866
is_linear=0
shrinkage=0.05


Tree=214
num_leaves=31
num_cat=0
split_feature=83 62 115 75 19 89 124 2 33 33 139 67 13 119 46 49 120 112 119 85 119 2 34 83 93 21 16 118 113 134
split_gain=0.000229336 0.00177121 0.000220745 0.00034166 0.000426665 0.000538282 0.000224156 0.00204939 0.00527357 0.00199698 0.00101344 0.00192612 0.00026427 0.000710704 0.00173773 0.000223771 0.000353554 0.000204905 0.00112402 0.000268148 0.000290907 0.000166877 0.000498658 0.000428764 0.000256942 0.000488839 0.000189196 0.000604197 0.000178566 0.000417769
threshold=35.100000000000001 17.150000000000002 19.850000000000005 11.050000000000002 -0.0019928571428571525 46.150000000000013 -0.9159756150367534 0.0059917800000000012 -0.93382079640028459 0.84804460213833366 89.033414029013926 10.550000000000002 0.0039296913055555565 7.1500000000000012 37.500000000000007 988.85000000000002 269.35402745000005 293.56741535000009 6.4500000000000011 282.21134325000008 11.750000000000002 0.0040711290000000006 -0.062409873847571844 17.850000000000005 264.70543845000003 0.31250000000000006 6.1550000000000011 9.5500000000000025 0.55000000000000016 4.330000000000001
decision_type=2 2 2 2 2 2 2 2 2 2 2 2 2 8 2 2 10 2 10 2 10 2 2 2 2 2 2 10 2 2
left_child=2 -2 6 4 -4 -6 7 9 -9 10 -1 -12 17 14 -14 16 -15 19 -19 21 -21 28 26 24 -24 -26 -23 -28 -8 -30
right_child=1 -3 3 -5 5 -7 12 8 -10 -11 11 -13 13 15 -16 -17 -18 18 -20 20 -22 22 23 -25 25 -27 27 -29 29 -31
leaf_value=-1.5327046244692938e-05 0.00023456411334893133 -6.2319362356014698e-05 0 -1.6600727384538263e-06 0 -0.0002090819367045676 3.2801476256724307e-06 0.00060729923308826988 -3.0984867966489453e-05 0.00030937742740766579 0 0.00036952433233405013 -0.00036143699554136573 0 0 -4.2646164749811881e-05 0.00015941052814798918 0.00023303945282365383 0 -0.00012170704257541252 0 -3.1502514445862812e-06 0 0 0 -0.00020666846600616846 0 0.0001880143833776466 -0.00011609722716333707 0
leaf_weight=1744 84 82 85 1063 125 86 12186 50 53 51 53 50 51 55 75 80 50 60 283 94 57 540 81 185 62 106 70 55 102 620
leaf_count=1744 84 82 85 1063 125 86 12186 50 53 51 53 50 51 55 75 80 50 60 283 94 57 540 81 185 62 106 70 55 102 620
internal_value=0 5.84757e-05 -3.55744e-07 -1.99197e-05 -6.84327e-05 -0.000107667 9.29337e-07 1.6778e-05 0.000233645 2.25936e-06 -3.67808e-06 0.000143736 -8.75159e-07 -4.64103e-05 -0.000138859 0 6.23527e-05 0 3.82276e-05 -8.21668e-07 -6.68821e-05 0 -1.87959e-05 -6.12852e-05 -0.000104033 -0.000140752 1.47686e-06 6.10149e-05 1.48792e-06 -2.18086e-05
internal_weight=18338 166 18172 1359 296 211 16813 2001 103 1898 1847 103 14812 311 126 185 105 14501 343 14158 151 14007 1099 434 249 168 665 125 12908 722
internal_count=18338 166 18172 1359 296 211 16813 2001 103 1898 1847 103 14812 311 126 185 105 14501 343 14158 151 14007 1099 434 249 168 665 125 12908 722
is_linear=0
shrinkage=0.05


Tree=215
num_leaves=31
num_cat=0
split_feature=15 54 77 92 14 114 84 49 84 136 122 140 142 141 49 54 120 82 97 138 121 90 126 137 96 92 82 15 120 131
split_gain=0.00027778 0.000866073 0.00125342 0.00121384 0.000686239 0.00133284 0.000343502 0.000601568 0.000212012 0.000593531 0.000543455 0.000416375 0.000352218 0.000338644 0.000259454 0.000390865 0.000242834 0.000969496 0.000393483 0.000493112 0.000797442 0.00188306 0.000543032 0.00177337 0.000272602 0.00031158 0.000243587 0.000750682 0.000209134 0.000194836
threshold=0.0035489583333333337 0.38500000000000006 275.63423050000006 15.150000000000004 0.061309237500000009 28.550000000000004 2.5500000000000012 964.35000000000002 12.450000000000005 0.16500000000000004 19.500000000000004 72.820000000000007 704.66267286464665 33.775000000000013 975.45000000000016 0.27500000000000008 271.70439640000001 16.378000000000004 -0.59999999999999865 6.2300000000000013 0.15000000000000005 27.234693877551024 25.500000000000004 1.7550000000000001 48.400000000000006 9.0500000000000025 33.014000000000003 0.00044479166666666669 266.0467764500001 96.004569087998604
decision_type=2 2 2 2 2 2 2 2 2 2 2 2 2 2 2 2 8 2 2 2 10 2 2 2 2 2 2 2 10 2
left_child=8 2 3 6 28 -6 -2 -8 16 10 12 13 -10 14 -11 -16 17 -1 -19 20 22 -22 23 29 26 -26 -24 -28 -4 -20
right_child=1 -3 4 -5 5 -7 7 -9 9 11 -12 -13 -14 -15 15 -17 -18 18 19 -21 21 -23 24 -25 25 -27 27 -29 -30 -31
leaf_value=0.00023186471390184826 0 0.00016701330168399618 0 0.00023015020674587764 -0.00038376115999550137 0 0 -0.00020651725668602595 0 0 0 0.00012950408249889735 -0.00016168043198065848 1.695937890126068e-05 -0.00010179756247824924 0 0 -8.0403598652077379e-06 -2.3926777829331056e-05 0 0 0.00031596728390757248 0 0.00026195985767090595 0 -0.00014792245034014146 0 0.00022064230230700393 -6.5657966191442159e-05 6.3204981952459096e-05
leaf_weight=52 1004 53 130 55 56 55 56 56 119 413 61 59 154 609 224 51 10595 1447 159 1128 82 84 726 95 59 57 144 54 367 98
leaf_count=52 1004 53 130 55 56 55 56 56 119 413 61 59 154 609 224 51 10595 1447 159 1128 82 84 726 95 59 57 144 54 367 98
internal_value=0 -1.83612e-05 -2.67836e-05 0 -8.51006e-05 -0.000212604 -7.82181e-06 -9.0578e-05 2.15489e-06 -1.39437e-05 -7.35579e-05 0 -0.000107582 -5.16736e-06 -3.20065e-05 -7.00532e-05 4.33476e-06 1.45388e-05 1.05396e-05 2.2409e-05 4.0697e-05 0.000150416 2.39248e-05 7.81223e-05 7.20602e-07 -6.4725e-05 1.44032e-05 6.34384e-05 -4.62141e-05 0
internal_weight=18302 1832 1779 1171 608 111 1116 112 16470 1690 334 1356 273 1297 688 275 14780 4185 4133 2686 1558 166 1392 352 1040 116 924 198 497 257
internal_count=18302 1832 1779 1171 608 111 1116 112 16470 1690 334 1356 273 1297 688 275 14780 4185 4133 2686 1558 166 1392 352 1040 116 924 198 497 257
is_linear=0
shrinkage=0.05


Tree=216
num_leaves=31
num_cat=0
split_feature=13 41 77 43 90 49 43 98 138 85 42 104 118 120 85 43 138 103 129 115 123 118 29 14 123 32 84 62 137 49
split_gain=0.000251461 0.00120812 0.00148515 0.00165501 0.000232532 0.000581812 0.000260748 0.000225734 0.000538132 0.00242824 0.00476731 0.00111253 0.00466213 0.000641445 0.00385563 0.000432689 0.000389211 0.000516628 0.000301195 0.000280015 0.000261887 0.000257873 0.000244619 0.000268771 0.000285427 0.000243523 0.000243246 0.000317549 0.000227959 0.00027962
threshold=0.0038005791250000005 41.500000000000007 275.12639240000004 0.33750000000000008 16.694897959183674 983.45000000000016 0.35350000000000004 -1.0000000180025095e-35 4.745000000000001 280.06997175000004 0.74500000000000011 20.550000000000008 10.050000000000002 267.11240820000006 276.17685510000007 0.30350000000000005 3.8650000000000007 1616.7000000000005 7.5000000000000009 7.4500000000000011 -0.9159756150367534 7.1500000000000012 46.650000000000013 0.032065613500000006 0.91597561503675362 15.15 1.0500000000000005 48.500000000000007 1.1100000000000001 973.45000000000016
decision_type=2 2 2 2 2 2 2 2 2 2 2 2 10 8 2 2 2 2 2 2 2 10 2 2 2 2 2 2 2 2
left_child=7 -2 4 -4 5 -3 -6 18 9 11 -11 13 -13 14 28 16 17 -15 -1 26 -21 -22 23 24 25 -23 -20 -28 -9 -30
right_child=1 2 3 -5 6 -7 -8 8 -10 10 -12 12 -14 15 -16 -17 -18 -19 19 20 21 22 -24 -25 -26 -27 27 -29 29 -31
leaf_value=0 0.00016032343156224338 -0.00018494699216367176 0 -0.00040618947715167873 0 0 0.00010865460923368674 2.5643623195096146e-05 -1.3931496092919463e-06 0.00048777141228712915 -2.8919589805127541e-05 0 0.00053993683313498936 -0.00024109397814723804 0.0004279430971202273 0 0 0 -1.2524504496075963e-05 0 0 -0.00011581570612106144 0 0 0 0 0.00013265897981960329 0 0 -0.00014877812506086891
leaf_weight=7530 54 51 88 60 54 106 76 212 5339 80 63 146 50 58 60 2014 175 54 859 128 101 409 104 62 63 60 71 58 67 50
leaf_count=7530 54 51 88 60 54 106 76 212 5339 80 63 146 50 58 60 2014 175 54 859 128 101 409 104 62 63 60 71 58 67 50
internal_value=0 -3.5207e-05 -7.12597e-05 -0.000199443 0 -4.52945e-05 4.4308e-05 1.09302e-06 7.2874e-06 2.42335e-05 0.000226796 1.23897e-05 0.000127705 2.08512e-06 6.2679e-05 -6.00945e-06 -6.35975e-05 -0.000137548 -3.86588e-06 -2.16028e-05 -4.14474e-05 -5.30202e-05 -6.43399e-05 -7.67528e-05 -8.85263e-05 -0.000102008 0 6.03333e-05 0 -6.03542e-05
internal_weight=18302 489 435 148 287 157 130 17813 8368 3029 143 2886 196 2690 389 2301 287 112 9445 1915 927 799 698 594 532 469 988 129 329 117
internal_count=18302 489 435 148 287 157 130 17813 8368 3029 143 2886 196 2690 389 2301 287 112 9445 1915 927 799 698 594 532 469 988 129 329 117
is_linear=0
shrinkage=0.05


Tree=217
num_leaves=31
num_cat=0
split_feature=84 99 139 53 112 91 53 75 86 81 99 31 138 129 14 67 92 114 102 97 14 117 100 75 14 112 112 2 2 105
split_gain=0.00024196 0.000683783 0.00174732 0.00167178 0.000257832 0.00137346 0.00270365 0.0016259 0.000731673 0.000653485 0.000485545 0.000410242 0.000611542 0.000345345 0.000321761 0.000476582 0.000689082 0.000239138 0.000399666 0.000400394 0.000501034 0.000282405 0.000226492 0.000221919 0.000304513 0.00014298 0.00190006 0.000172995 0.000200135 0.000170773
threshold=11.250000000000002 0.599999999999966 90.664525633972247 9.5000000000000018 288.31147770000001 19.850000000000005 169.50000000000003 16.850000000000005 14.500000000000002 55.050000000000004 -0.80000000000001126 22.750000000000004 4.2950000000000008 7.5000000000000009 0.061309237500000009 4.7500000000000009 1.6500000000000006 35.650000000000013 -0.89999999999999958 0.90000000000000135 0.020769720500000002 2.5500000000000003 -4.8500000000000218 12.350000000000003 0.016254121000000003 268.9994034500001 269.06174960000004 0.0047217085000000004 0.0067074020000000003 32.500000000000007
decision_type=2 2 2 2 2 2 2 2 2 2 2 2 2 2 2 2 2 2 2 2 2 2 2 2 2 2 2 2 2 2
left_child=4 2 22 -4 9 6 7 10 13 14 -6 12 -10 -7 17 -16 -17 21 23 20 -20 25 -2 24 -19 -1 -27 -28 29 -29
right_child=1 -3 3 -5 5 8 -8 -9 11 -11 -12 -13 -14 -15 15 16 -18 18 19 -21 -22 -23 -24 -25 -26 26 27 28 -30 -31
leaf_value=-5.5688411125843519e-06 0 0.00013349226775145241 0 -0.00042165436552956109 0 -1.2766219426905664e-05 0.00045276718933277122 0.0002288077040809315 0.00023936714574153523 0.0001772584066538212 -0.00017113415318083738 0 0 -0.00016885135646982629 2.5773481634733227e-05 0 -0.00020106033034628107 0.00014564551257875005 -0.00013179237130324945 0 0 0.00010112840108450728 -3.1855323892883386e-05 0 0 0.00025672815515942303 4.9258875376624252e-06 -9.5969914981458617e-05 0 0
leaf_weight=4160 1360 65 55 52 73 264 52 69 53 51 56 440 89 73 52 148 90 66 210 331 105 73 734 70 51 74 8818 131 334 103
leaf_count=4160 1360 65 55 52 73 264 52 69 53 51 56 440 89 73 52 148 90 66 210 331 105 73 734 70 51 74 8818 131 334 103
internal_value=0 -1.51677e-05 -2.18872e-05 -0.000220344 2.27986e-06 2.49368e-05 0.000128758 1.66909e-05 0 1.6049e-07 -5.91926e-05 3.04218e-05 0.000104619 -6.17694e-05 -1.23593e-07 -5.24239e-05 -9.04659e-05 5.7989e-07 -2.4906e-05 -4.6705e-05 -8.73724e-05 2.49713e-06 -9.25942e-06 2.36516e-05 7.47858e-05 1.59402e-06 5.27261e-06 2.73032e-06 -2.25165e-05 -5.79367e-05
internal_weight=18302 2266 2201 107 16036 1169 250 198 919 14867 129 582 142 337 14816 290 238 14526 833 646 315 13693 2094 187 117 13620 9460 9386 568 234
internal_count=18302 2266 2201 107 16036 1169 250 198 919 14867 129 582 142 337 14816 290 238 14526 833 646 315 13693 2094 187 117 13620 9460 9386 568 234
is_linear=0
shrinkage=0.05


Tree=218
num_leaves=31
num_cat=0
split_feature=15 100 135 36 115 131 88 98 128 128 98 33 85 100 43 44 122 92 141 128 83 74 22 34 117 89 31 69 92 22
split_gain=0.00022883 0.000603912 0.00146259 0.00064984 0.000448103 0.000419021 0.000456153 0.000264077 0.000690624 0.00216633 0.00808948 0.000581929 0.000532701 0.00357574 0.00107096 0.00032393 0.000321798 0.000296021 0.000439562 0.000294493 0.000427666 0.000890237 0.000226978 0.000197015 0.000170299 0.000896799 0.000150038 0.000300797 0.000201406 0.000379619
threshold=0.0037166666666666672 -4.8500000000000218 11.330000000000002 279.18350350000009 20.950000000000003 29.116437666821316 39.437500000000007 -1.0000000180025095e-35 9.2519140827358424 9.045340223537659 1.4000000000000015 0.33962057097746456 277.52778440000003 -4.099999999999965 0.29250000000000004 507.50000000000006 10.500000000000002 11.250000000000002 25.805000000000003 9.2083290871281154 28.550000000000004 27.114285714285717 1.0000000180025095e-35 -0.77020606307103068 1.6500000000000001 41.050000000000004 30.950000000000003 280.87557920000006 7.3500000000000023 7.5000000000000009
decision_type=2 2 2 2 2 2 2 2 2 2 2 2 2 2 2 2 2 2 2 2 2 2 2 2 2 2 2 2 2 2
left_child=7 2 -2 4 5 -3 -7 19 9 12 -11 -12 14 -14 -9 16 -15 -16 -19 20 22 -22 -1 -17 -10 -26 28 -28 -24 -30
right_child=1 3 -4 -5 -6 6 -8 8 24 10 11 -13 13 15 17 23 -18 18 -20 -21 21 -23 26 -25 25 -27 27 -29 29 -31
leaf_value=-7.1321353415685799e-05 -0.00033339008081170241 -0.00012317256320375894 -5.2186624370945125e-06 0.00013863701024486029 -0.00012856964259037794 -2.9753028119399743e-06 0.00010977924173664392 -0.00018806290571859186 -8.687398245136721e-07 0.00058668889378696125 -4.9734705801882856e-05 0.00012616485267665382 0.00044628375596892934 0 -2.2504736590209202e-06 0 0.00013059868928949226 0.00018591065158135383 0 6.2655697775766098e-07 -0.00025207725994300377 0 0 -0.00014276055466594967 0.00020088330511939466 0 0 0.00013818293142696134 -8.2148690831310587e-05 0
leaf_weight=159 50 68 214 73 79 1162 93 74 5795 80 156 66 51 58 931 57 58 53 173 6795 60 52 1104 53 65 118 90 50 240 225
leaf_count=159 50 68 214 73 79 1162 93 74 5795 80 156 66 51 58 931 57 58 53 173 6795 60 52 1104 53 65 118 90 50 240 225
internal_value=0 -1.71214e-05 -8.72638e-05 -1.12898e-06 -1.20638e-05 -1.23862e-06 1.48007e-06 1.9348e-06 8.83096e-06 3.58997e-05 0.000158965 0 7.85142e-06 7.14056e-05 -2.43746e-06 0 4.15316e-05 5.26923e-06 5.81463e-05 -3.61627e-06 -2.06938e-05 -0.000120857 -1.19516e-05 -7.40108e-05 0 4.78546e-05 -3.4656e-06 3.96643e-05 -1.05216e-05 -3.81244e-05
internal_weight=18302 1739 264 1475 1402 1323 1255 16563 7788 1810 302 222 1508 277 1231 226 116 1157 226 8775 1980 112 1868 110 5978 183 1709 140 1569 465
internal_count=18302 1739 264 1475 1402 1323 1255 16563 7788 1810 302 222 1508 277 1231 226 116 1157 226 8775 1980 112 1868 110 5978 183 1709 140 1569 465
is_linear=0
shrinkage=0.05


Tree=219
num_leaves=31
num_cat=0
split_feature=15 100 135 84 29 115 116 29 92 98 138 33 120 108 33 102 49 135 49 84 129 33 81 75 137 129 4 94 93 119
split_gain=0.00021294 0.000556049 0.00130641 0.000524794 0.00147069 0.000371445 0.000583959 0.000506742 0.00161142 0.000237128 0.000570746 0.00162053 0.00312677 0.00418548 0.00139517 0.00300605 0.000339796 0.00091482 0.00132844 0.000720596 0.000909811 0.000265687 0.000302029 0.000465093 0.000275239 0.000233904 0.00027173 0.000267463 0.000717185 0.000752512
threshold=0.0037166666666666672 -4.8500000000000218 11.330000000000002 8.1500000000000039 30.450000000000003 20.050000000000004 294.00043860000005 29.750000000000004 1.6500000000000006 -1.0000000180025095e-35 4.745000000000001 0.84804460213833366 267.17062915000002 282.57805700000006 -0.99881218561277674 0.10000000000000032 972.45000000000016 10.215000000000002 961.05000000000007 6.450000000000002 7.5000000000000009 0.70618628209376355 41.150000000000013 13.750000000000002 3.3850000000000002 7.5000000000000009 0.004290368000000001 15.500000000000002 272.84187245000004 16.050000000000004
decision_type=2 2 2 2 2 2 2 2 2 2 2 2 8 2 2 2 2 2 2 2 2 2 2 2 2 2 2 2 2 10
left_child=9 2 -2 5 -5 6 7 8 -3 21 11 14 -13 -14 15 -11 17 18 -16 -18 -21 25 -23 24 -24 27 -27 -1 -29 -30
right_child=1 3 -4 4 -6 -7 -8 -9 -10 10 -12 12 13 -15 16 -17 19 -19 -20 20 -22 22 23 -25 -26 26 -28 28 29 -31
leaf_value=0 -0.00031704744304685548 0 -4.9589427407925023e-06 0.00028589236286028738 0 -0.00011108090019919665 0.00015077751293277042 0 -0.00025768101470853859 0.00046169534252525271 -6.0344463677931038e-07 0.00049381205095343445 0 0.00043245851318975581 0 0 0 0 0.00030164843930833744 -2.4753917140625037e-06 -0.00024253637128220058 0 -0.00014703421574664298 0 0 -4.3249719323446996e-06 -6.7570080947901992e-05 0 0.00026170979484427687 3.7675675173517414e-06
leaf_weight=5186 50 180 214 57 72 94 54 936 82 51 5067 50 389 62 82 70 1079 616 65 181 76 656 155 193 53 1356 246 734 64 132
leaf_count=5186 50 180 214 57 72 94 54 936 82 51 5067 50 389 62 82 70 1079 616 65 181 76 656 155 193 53 1356 246 734 64 132
internal_value=0 -1.65626e-05 -8.39079e-05 -1.07274e-06 9.04636e-05 -1.36181e-05 -2.22741e-06 -1.34143e-05 -7.50819e-05 1.82274e-06 8.36789e-06 2.69051e-05 0.00010876 5.4011e-05 6.14063e-06 0.000171046 -1.06155e-06 2.28046e-05 0.000134676 -1.84383e-05 -9.35109e-05 -3.41678e-06 -2.69192e-05 -6.15259e-05 -0.000113333 0 -1.7192e-05 4.25921e-06 2.8938e-05 0.000114275
internal_weight=18302 1739 264 1475 129 1346 1252 1198 262 16563 7788 2721 501 451 2220 121 2099 763 147 1336 257 8775 1057 401 208 7718 1602 6116 930 196
internal_count=18302 1739 264 1475 129 1346 1252 1198 262 16563 7788 2721 501 451 2220 121 2099 763 147 1336 257 8775 1057 401 208 7718 1602 6116 930 196
is_linear=0
shrinkage=0.05


Tree=220
num_leaves=31
num_cat=0
split_feature=50 98 156 139 119 116 99 67 156 88 134 81 19 133 112 85 77 81 108 103 41 61 131 6 66 66 88 139 116 28
split_gain=0.000263939 0.000653932 0.00114209 0.000469448 0.00197075 0.00169244 0.000378191 0.000752501 0.000339236 0.000835898 0.0078869 0.000483501 0.000630078 0.000493319 0.000450827 0.000419353 0.000335478 0.000624853 0.000386842 0.00109624 0.0018734 0.000319369 0.000286544 0.000384744 0.000235821 0.00221064 0.000221112 0.000211416 0.000520819 0.000182639
threshold=1011.0500000000001 12.450000000000001 0.34000000000000002 90.084529157147117 5.7500000000000009 268.47196115000003 -3.6999999999999882 12.450000000000001 0.66000000000000014 41.987500000000004 7.7350000000000012 50.100000000000009 -0.0015614285714285712 6.4900000000000011 278.52040935000008 277.74491190000009 284.74656440000007 37.95000000000001 284.62394330000001 787.75000000000011 35.500000000000007 1148.9500000000003 46.914709146432635 0.0016652777777777781 24.625000000000004 24.825000000000006 38.862500000000004 87.909013442563847 267.74719845000004 25.800000000000001
decision_type=2 2 2 2 10 2 2 2 2 2 2 2 2 2 2 2 2 2 2 2 2 2 2 2 2 2 2 2 2 2
left_child=3 6 -3 21 5 -5 7 -2 9 16 -11 12 -12 -14 -15 -13 18 -18 24 20 -20 22 23 -1 -8 -26 -19 -23 -29 -10
right_child=1 2 -4 4 -6 -7 8 -9 29 10 11 15 13 14 -16 -17 17 26 19 -21 -22 27 -24 -25 25 -27 -28 28 -30 -31
leaf_value=0 0.00019797240095736142 0 0.00027317362653863508 -0.00011171720368653005 -0.00033788993801473621 0.00023773730676969899 -3.3471265718874835e-06 0 0 0.00052354413070042946 -3.4703511269158787e-05 0 0 0.00024421467076039832 0 -0.00019938946468335837 0 -0.00020319573399422259 0 0 0.00038419042825760128 -1.2848350610836142e-06 -1.2489972079088822e-05 -0.00017529476741637393 0.00024645357319334863 0 0 0 0.00018724837372316799 -7.6542376430328328e-05
leaf_weight=50 73 51 61 98 55 52 9189 65 65 79 156 116 85 65 78 51 139 70 51 201 56 4461 739 80 98 1634 59 63 51 206
leaf_count=50 73 51 61 98 55 52 9189 65 65 79 156 116 85 65 78 51 139 70 51 201 56 4461 739 80 98 1634 59 63 51 206
internal_value=6.77078e-08 4.34805e-06 0.000125206 -8.63001e-06 -8.43775e-05 0 2.85955e-06 8.56223e-05 1.52824e-06 3.15716e-06 5.91893e-05 0 2.22041e-05 8.29565e-05 0.000139673 -7.78788e-05 0 -5.50961e-05 1.4036e-06 5.65808e-05 0.000185837 -4.8444e-06 -3.26283e-05 -0.00010797 0 1.67565e-05 -0.000135269 0 6.73197e-05 -5.27257e-05
internal_weight=18297 12648 112 5649 205 150 12536 138 12398 12127 630 551 384 228 143 167 11497 268 11229 308 107 5444 869 130 10921 1732 129 4575 114 271
internal_count=18297 12648 112 5649 205 150 12536 138 12398 12127 630 551 384 228 143 167 11497 268 11229 308 107 5444 869 130 10921 1732 129 4575 114 271
is_linear=0
shrinkage=0.05


Tree=221
num_leaves=31
num_cat=0
split_feature=50 98 86 139 110 124 140 85 3 108 33 131 99 141 134 85 61 131 6 66 65 75 150 139 43 23 6 91 111 29
split_gain=0.000241803 0.000578146 0.00104548 0.000421631 0.0029735 0.00290186 0.000558548 0.000354065 0.00107154 0.000448007 0.00254737 0.00512402 0.000451953 0.000422385 0.000397253 0.000282182 0.000223658 0.000266618 0.000360344 0.000190273 0.00281285 0.000164768 0.00018451 0.000243604 0.000154321 0.000475113 0.000138659 0.000210483 0.000465431 0.000399951
threshold=1011.0500000000001 12.450000000000001 8.5000000000000018 90.084529157147117 26.050000000000004 0.25881904510252057 75.820000000000007 283.96131250000002 0.0012286560000000001 282.57805700000006 0.90178149955115783 49.891498158895921 -3.6999999999999882 22.165000000000003 8.4250000000000025 280.37767375000004 1148.9500000000003 46.914709146432635 0.0016652777777777781 24.325000000000006 25.150000000000002 15.350000000000003 0.83571428571428585 84.423525025859234 0.30950000000000005 25.045833333333338 0.010798611111111113 18.950000000000003 12.950000000000001 49.600000000000001
decision_type=2 2 2 2 2 2 2 2 2 2 2 2 2 2 2 2 2 2 2 2 2 2 2 2 2 2 2 2 2 2
left_child=3 7 -3 6 -5 -6 16 9 -9 12 13 -12 -2 -11 -13 19 17 18 -1 26 -21 22 -18 -24 25 -22 -14 -28 29 -29
right_child=1 2 -4 4 5 -7 -8 8 -10 10 11 14 15 -15 -16 -17 21 -19 -20 20 24 -23 23 -25 -26 -27 27 28 -30 -31
leaf_value=0 0.0001093727283633167 0 0.0002597352392941473 8.8741571153820456e-05 -0.00050025540022511077 0 0.00012741430652289031 6.7764417331034775e-06 -0.00020637100997214193 0.00013440006935748245 0.00062183028418144647 0.00012212227854210231 2.4803355864942029e-07 -1.1345777178933487e-05 -3.334434683007809e-05 -8.5052493304829126e-05 0 -1.1490907085693796e-05 -0.00017001681122786751 0.00032921478612083974 0 1.6275192130424393e-06 -6.3362335271608335e-06 -0.00017025041713792483 -1.0919087669296668e-06 0.00016465133856613569 0 -0.00010601544404995893 1.9342736996804885e-05 0
leaf_weight=50 94 51 61 94 60 51 74 80 80 52 52 60 7759 765 74 96 600 737 79 68 106 3649 205 50 1633 57 1004 268 119 169
leaf_count=50 94 51 61 94 60 51 74 80 80 52 52 60 7759 765 74 96 600 737 79 68 106 3649 205 50 1633 57 1004 268 119 169
internal_value=1.01051e-08 4.12002e-06 0.000117833 -8.30607e-06 -8.021e-05 -0.000267444 -4.66593e-06 2.69595e-06 -6.93612e-05 4.03702e-06 3.61932e-05 0.000202704 7.58594e-07 0 0 0 -7.44034e-06 -3.11728e-05 -0.000104204 5.80108e-07 1.54818e-05 -1.76144e-06 -2.20511e-05 -5.8547e-05 6.44278e-07 4.84265e-05 -1.86541e-06 -1.55736e-05 -4.03042e-05 -6.79694e-05
internal_weight=18297 12648 112 5649 205 111 5444 12536 160 12376 1003 186 11373 817 134 11279 5370 866 129 11183 1864 4504 855 255 1796 163 9319 1560 556 437
internal_count=18297 12648 112 5649 205 111 5444 12536 160 12376 1003 186 11373 817 134 11279 5370 866 129 11183 1864 4504 855 255 1796 163 9319 1560 556 437
is_linear=0
shrinkage=0.05


Tree=222
num_leaves=31
num_cat=0
split_feature=50 98 19 103 131 85 25 108 138 53 91 83 100 132 85 4 36 67 140 105 43 4 92 44 139 55 156 43 90 88
split_gain=0.000222441 0.000509777 0.00101774 0.000366545 0.00175276 0.000307388 0.000912155 0.000404487 0.0018178 0.00829846 0.000742958 0.00146103 0.000303907 0.00161065 0.00026737 0.000371999 0.000259721 0.000243206 0.00124633 0.00384514 0.000343702 0.000346175 0.000312156 0.00020999 0.000208517 0.000184982 0.000233548 0.000194014 0.000183663 0.00127983
threshold=1011.0500000000001 12.450000000000001 -0.00047571428571428548 1406.6500000000001 30.210440651388549 283.96131250000002 12.500000000000002 282.57805700000006 3.7250000000000005 180.50000000000003 18.250000000000004 16.750000000000004 -5.6499999999999764 3.5000000000000004 279.2012405000001 0.0011265590000000003 270.04730310000008 11.350000000000003 75.820000000000007 24.500000000000004 0.35050000000000003 1.4800000000000002e-06 17.550000000000008 807.50000000000011 89.804403805694662 22.078061450000011 0.70000000000000007 0.41050000000000003 31.043877551020412 43.287500000000009
decision_type=2 2 2 2 2 2 2 2 2 2 2 2 2 2 2 2 2 2 2 2 2 2 2 2 2 2 2 2 2 2
left_child=3 5 -3 4 -1 7 -7 12 9 -9 11 -10 13 -2 28 16 -16 20 -19 -20 21 -5 24 -12 -22 26 27 -6 29 -14
right_child=1 2 -4 17 25 6 -8 8 10 -11 23 -13 14 -15 15 -17 -18 18 19 -21 22 -23 -24 -25 -26 -27 -28 -29 -30 -31
leaf_value=-0.00029361588240590215 0.00025100252934503499 0.00027767148010110872 0 -0.00018357202312577962 -5.0831141235424724e-05 0 -0.00021462763138970333 -6.0007245347305315e-06 0 0.00072051490622363748 -5.725603047331286e-05 0.00025856334883021771 0 -5.1954172060152714e-06 0 1.0273683502908585e-05 -0.00011500658337171277 -2.213876136184355e-06 0.00046020854674861772 -1.3024972498631416e-05 0 0 9.8780095157659773e-05 0 -0.00011624898156645391 2.4093888327994122e-05 3.158110482809928e-05 0 -3.3509733744040841e-05 0.00014324556348025721
leaf_weight=63 75 50 62 68 586 97 63 117 184 50 290 75 10344 154 65 51 168 4023 59 88 243 112 59 287 52 146 62 88 358 158
leaf_count=63 75 50 62 68 586 97 63 117 184 50 290 75 10344 154 65 51 168 4023 59 88 243 112 59 287 52 146 62 88 358 158
internal_value=0 3.94887e-06 0.000110822 -7.96963e-06 -3.66267e-05 2.58645e-06 -6.44024e-05 3.8616e-06 3.44251e-05 0.000184751 0 7.41205e-05 7.23783e-07 5.76996e-05 -3.46284e-09 -4.81762e-05 -8.23267e-05 -1.14337e-06 1.80884e-06 0.000144955 -3.35032e-05 -8.98056e-05 0 -2.72435e-05 -2.56629e-05 -1.2296e-05 -2.63218e-05 -3.90945e-05 8.0026e-07 2.44898e-06
internal_weight=18297 12648 112 5649 945 12536 160 12376 1003 167 836 259 11373 229 11144 284 233 4704 4170 147 534 180 354 577 295 882 736 674 10860 10502
internal_count=18297 12648 112 5649 945 12536 160 12376 1003 167 836 259 11373 229 11144 284 233 4704 4170 147 534 180 354 577 295 882 736 674 10860 10502
is_linear=0
shrinkage=0.05


Tree=223
num_leaves=31
num_cat=0
split_feature=50 98 99 67 86 88 134 49 19 99 89 43 103 131 103 34 85 128 43 67 140 105 43 29 92 89 54 114 139 55
split_gain=0.000204526 0.000465336 0.000420655 0.000987389 0.000347414 0.000799975 0.00724398 0.000391702 0.00114915 0.000838546 0.000668529 0.000522941 0.000343408 0.00176167 0.000268266 0.000904628 0.000442849 0.000424337 0.000461715 0.000244561 0.00105823 0.00323263 0.000389671 0.00031038 0.000287392 0.000230484 0.000365047 0.000192592 0.000257789 0.000181933
threshold=1012.2500000000001 12.450000000000001 -3.6999999999999882 12.450000000000001 16.500000000000004 41.987500000000004 7.7350000000000012 990.05000000000007 -0.0015614285714285712 -2.3500000000000223 53.500000000000007 0.33650000000000008 1406.6500000000001 29.116437666821316 535.65000000000009 0.17395211183664264 280.06997175000004 9.2519140827358424 0.34750000000000003 11.350000000000003 75.820000000000007 24.500000000000004 0.35050000000000003 31.050000000000004 17.550000000000008 39.250000000000007 0.22500000000000003 18.450000000000003 84.467414954242443 22.078061450000011
decision_type=2 2 2 2 2 2 2 2 2 2 2 2 2 2 2 2 2 2 2 2 2 2 2 2 2 2 2 2 2 2
left_child=12 2 3 -2 5 14 -7 8 -8 -10 -9 -11 13 -1 15 -4 -16 18 -18 22 -21 -22 23 -14 27 -19 -27 -24 -29 -15
right_child=1 -3 4 -5 -6 6 7 10 9 11 -12 -13 19 29 16 -17 17 25 -20 20 21 -23 24 -25 -26 26 -28 28 -30 -31
leaf_value=-0.00032509806145361499 0.00024238882611766195 0.00011321801870104133 0.00022649469889872485 0 -5.7414856810018805e-05 0.00052982906453305793 -5.6236781355533546e-05 0 0 0 -0.00021272550779708669 0.00034951855140973878 -0.00021156408645345856 -2.5733619382149216e-05 9.1213555953579455e-07 0 0 1.8285787550804117e-05 -0.00018792413777617264 -1.2817712711556514e-06 0.00040635448132077452 -1.0441235577692625e-05 0 -9.7010855198520938e-06 9.6614410321621346e-05 -0.00010849156371628207 0 0 -0.00013899191499314675 2.1189552980437919e-05
leaf_weight=50 60 98 56 51 238 71 122 193 67 52 50 50 51 867 10586 53 61 198 93 4220 64 92 133 141 60 120 55 123 65 157
leaf_count=50 60 98 56 51 238 71 122 193 67 52 50 50 51 867 10586 53 61 198 93 4220 64 92 133 141 60 120 55 123 65 157
internal_value=0 3.94098e-06 2.64162e-06 9.97953e-05 1.3252e-06 2.93473e-06 5.88925e-05 0 3.42593e-05 0.000128946 -5.1076e-05 0.000218623 -7.29601e-06 -3.30873e-05 0 7.76074e-05 -8.56006e-07 -4.57773e-05 -0.000118195 -6.83299e-07 2.2919e-06 0.000130204 -3.20801e-05 -9.0046e-05 0 -2.27319e-06 -5.3915e-05 -2.15173e-05 -5.77609e-05 -1.36476e-05
internal_weight=18297 12274 12176 111 12065 11827 605 534 291 169 243 102 6023 1074 11222 109 11113 527 154 4949 4376 156 573 192 381 373 175 321 188 1024
internal_count=18297 12274 12176 111 12065 11827 605 534 291 169 243 102 6023 1074 11222 109 11113 527 154 4949 4376 156 573 192 381 373 175 321 188 1024
is_linear=0
shrinkage=0.05


end of trees

feature_importances:
pct_forest=258
gust_max_next_24h=191
cumul_gust_since_onset=180
min_t2m_next_24h=171
total_tp_next_24h=159
pop_density=159
total_tp_next_48h=156
pct_unmapped=133
gust_peak4h_mean_next_24h=126
log_customers=116
t2m_at_t48h=113
soil_moist_t=112
t2m_at_t24h=110
wind_speed_max_next_24h=103
hours_since_obs=97
gust_last_obs=95
last_N_t=92
pct_wetland=92
min_t2m_next_48h=91
sp_t=86
pct_developed=82
last_osi=81
mslma_t=81
wind_speed_at_t24h=81
t2m_at_t6h=80
gust_at_t24h=79
osi_trend_last6h=78
wind_sin_t=76
gust_peak4h_mean_next_48h=76
wind_speed_max_next_6h=70
pct_forest_classified=70
d2m_t=69
pressure_change_6h=69
gust_max_next_48h=68
hours_since_peak=66
temp_change_6h=64
gust_mean_next_48h=63
gust_gt30_since_onset=63
min_t2m_next_6h=62
tree_canopy_std=62
R_t_max_72h=61
pre_event_mean_osi=60
tp_at_t24h=60
last_R_t=59
last_P_t=58
R_t_mean_72h=58
vpd_t=58
cumul_tp_since_onset=58
gust_max_last6h_obs=57
tree_canopy_pct=56
gust_mean_obs=55
gust_mean_next_24h=54
gust_at_t48h=52
osi_mean_72h=51
gust_at_t6h=51
pct_water=48
wind_speed_at_t48h=47
wind_speed_max_next_48h=45
gust_x_hso=44
gust_gt30_next_48h=44
blh_t=41
diffuse_rad_t=41
pre_event_max_outage_pct=40
gust_trend_last6h_obs=40
last_D_t=38
gust_max_obs=38
wind_speed_max_next_1h=37
gust_change_3h=37
hour_cos=36
gust_mean_next_6h=35
rural_urban_code=35
gust_peak4h_mean_next_6h=34
r2_t=33
frac_zero_72h=32
t2m_at_t1h=32
tp_at_t48h=32
pct_agriculture=32
N_t_max_72h=30
gust_max_next_6h=30
gust_gt30_next_24h=30
forest_x_customers=29
wind_speed_at_t6h=28
tp_at_t6h=28
tp_rate_next_24h=28
gust_change_1h=27
wind_speed_t=26
mcc_t=26
wind_speed_at_t1h=26
wind_cos_t=25
N_t_mean_72h=23
storm_onset_mean_osi=23
soil_gust_x_phase=23
outage_pct_max_72h=21
et0_t=21
total_tp_next_6h=21
gust_at_t1h=21
pressure_change_3h=20
hour_sin=20
n_utilities=20
temp_c_t=19
hour_of_day=19
osi_std_72h=18
outage_pct_mean_72h=17
sdswrf_t=17
soil_moist_x_gust=17
direct_rad_t=16
min_t2m_next_1h=16
tp_rate_next_48h=16
osi_max_72h=15
gust_gt30_obs=15
t2m_t=15
gust_gt30_frac_next_24h=15
lcc_t=13
gust_mean_next_1h=13
cumul_gust_obs=12
gust_t=12
wind_change_1h=12
gust_gt30_frac_next_48h=12
gust_x_phase=11
storm_onset_max_osi=10
rain_t=10
gust_gt40_next_24h=9
gust_exceed30_x_hso=8
last_outage_pct=7
gust_gt40_obs=7
tcc_t=7
hcc_t=6
gust_max_next_1h=6
tp_rate_next_6h=6
gust_gt40_next_48h=5
dewpoint_c_t=4
gust_exceed_30=4
tp_at_t1h=3
is_worsening=2
tp_t=2
total_tp_next_1h=2
gust_peak4h_mean_next_1h=2
days_since_onset=2
gust_gt30_next_6h=1
is_metro=1
gust_gt30_frac_next_6h=1

parameters:
[boosting: gbdt]
[objective: huber]
[metric: rmse]
[tree_learner: serial]
[device_type: cpu]
[data_sample_strategy: bagging]
[data: ]
[valid: ]
[num_iterations: 224]
[learning_rate: 0.05]
[num_leaves: 31]
[num_threads: 1]
[seed: 42]
[deterministic: 1]
[force_col_wise: 1]
[force_row_wise: 0]
[histogram_pool_size: -1]
[max_depth: -1]
[min_data_in_leaf: 50]
[min_sum_hessian_in_leaf: 0.001]
[bagging_fraction: 0.8]
[pos_bagging_fraction: 1]
[neg_bagging_fraction: 1]
[bagging_freq: 5]
[bagging_seed: 42]
[bagging_by_query: 0]
[feature_fraction: 0.8]
[feature_fraction_bynode: 1]
[feature_fraction_seed: 42]
[extra_trees: 0]
[extra_seed: 12879]
[early_stopping_round: 0]
[early_stopping_min_delta: 0]
[first_metric_only: 0]
[max_delta_step: 0]
[lambda_l1: 0.1]
[lambda_l2: 1]
[linear_lambda: 0]
[min_gain_to_split: 0]
[drop_rate: 0.1]
[max_drop: 50]
[skip_drop: 0.5]
[xgboost_dart_mode: 0]
[uniform_drop: 0]
[drop_seed: 42]
[top_rate: 0.2]
[other_rate: 0.1]
[min_data_per_group: 100]
[max_cat_threshold: 32]
[cat_l2: 10]
[cat_smooth: 10]
[max_cat_to_onehot: 4]
[top_k: 20]
[monotone_constraints: ]
[monotone_constraints_method: basic]
[monotone_penalty: 0]
[feature_contri: ]
[forcedsplits_filename: ]
[refit_decay_rate: 0.9]
[cegb_tradeoff: 1]
[cegb_penalty_split: 0]
[cegb_penalty_feature_lazy: ]
[cegb_penalty_feature_coupled: ]
[path_smooth: 0]
[interaction_constraints: ]
[verbosity: -1]
[saved_feature_importance_type: 0]
[use_quantized_grad: 0]
[num_grad_quant_bins: 4]
[quant_train_renew_leaf: 0]
[stochastic_rounding: 1]
[linear_tree: 0]
[max_bin: 255]
[max_bin_by_feature: ]
[min_data_in_bin: 3]
[bin_construct_sample_cnt: 200000]
[data_random_seed: 42]
[is_enable_sparse: 1]
[enable_bundle: 1]
[use_missing: 1]
[zero_as_missing: 0]
[feature_pre_filter: 1]
[pre_partition: 0]
[two_round: 0]
[header: 0]
[label_column: ]
[weight_column: ]
[group_column: ]
[ignore_column: ]
[categorical_feature: ]
[forcedbins_filename: ]
[precise_float_parser: 0]
[parser_config_file: ]
[objective_seed: 16083]
[num_class: 1]
[is_unbalance: 0]
[scale_pos_weight: 1]
[sigmoid: 1]
[boost_from_average: 1]
[reg_sqrt: 0]
[alpha: 0.9]
[fair_c: 1]
[poisson_max_delta_step: 0.7]
[tweedie_variance_power: 1.5]
[lambdarank_truncation_level: 30]
[lambdarank_norm: 1]
[label_gain: ]
[lambdarank_position_bias_regularization: 0]
[eval_at: ]
[multi_error_top_k: 1]
[auc_mu_weights: ]
[num_machines: 1]
[local_listen_port: 12400]
[time_out: 120]
[machine_list_filename: ]
[machines: ]
[gpu_platform_id: -1]
[gpu_device_id: -1]
[gpu_device_id_list: ]
[gpu_use_dp: 0]
[num_gpu: 1]

end of parameters

pandas_categorical:[]
