fipsCode,countyName,stateAbbr,timestamp_et,osi_target_t01h,osi_target_t06h,osi_target_t24h,osi_target_t48h
18001,Adams County,IN,3/14/2026 0:00,0.007930482388474047,0.00574478367343545,0.0,0.00748266838490963
18001,Adams County,IN,3/14/2026 1:00,0.006631329655647278,0.005035905819386244,0.0,0.008886033948510886
18001,Adams County,IN,3/14/2026 2:00,0.0066963855642825365,0.00517612467519939,0.0,0.009802871290594338
18001,Adams County,IN,3/14/2026 3:00,0.008227415150031447,0.005606882181018591,0.0,0.012026572274044155
18001,Adams County,IN,3/14/2026 4:00,0.008469084743410349,0.004271012917160988,0.0,0.008463637763634324
18001,Adams County,IN,3/14/2026 5:00,0.008146427571773529,0.0034374024020507933,0.0,0.009875033563002945
18001,Adams County,IN,3/14/2026 6:00,0.006266619777306914,0.0036843874957412483,0.0,0.01000448171980679
18001,Adams County,IN,3/14/2026 7:00,0.00807762541808188,0.004609424807131291,0.0,0.010750131774693727
18001,Adams County,IN,3/14/2026 8:00,0.009837096557021141,0.0038317231927067043,0.0,0.011931580491364002
18001,Adams County,IN,3/14/2026 9:00,0.0077055529691278934,0.0028003338957205415,0.0,0.011276002414524554
18001,Adams County,IN,3/14/2026 10:00,0.00806074554566294,0.001963954232633114,0.0,0.0069735028315335516
18001,Adams County,IN,3/14/2026 11:00,0.008040394866839051,0.0019940171390771867,0.0,0.004497546027414501
18001,Adams County,IN,3/14/2026 12:00,0.007420184090733528,0.0019327076151967049,0.0015922114194836467,0.003082143829669803
18001,Adams County,IN,3/14/2026 13:00,0.008882506052032113,0.00195828415453434,0.0024774496763711796,0.002141942491289228
18001,Adams County,IN,3/14/2026 14:00,0.0080680149840191,0.0014857779256999494,0.0024985175834444815,0.001788512693019584
18001,Adams County,IN,3/14/2026 15:00,0.007090474013239145,0.0014829261228442193,0.002509523532171443,0.0
18001,Adams County,IN,3/14/2026 16:00,0.006284062284976244,0.0013037146069109441,0.0036343081836093917,0.0
18001,Adams County,IN,3/14/2026 17:00,0.0054239509627223015,0.0014663149602711202,0.004026057924784254,0.0
18001,Adams County,IN,3/14/2026 18:00,0.004522248171269894,0.0014444198459386826,0.003743507721810602,0.0
18001,Adams County,IN,3/14/2026 19:00,0.0034177058842033148,0.001253720186650753,0.004026267485460267,0.0
18001,Adams County,IN,3/14/2026 20:00,0.004562468733638525,0.0017336426302790643,0.0036130676802713425,0.0
18001,Adams County,IN,3/14/2026 21:00,0.004508815240114927,0.00186966210603714,0.0037592278938973324,0.0
18001,Adams County,IN,3/14/2026 22:00,0.0033654458820819855,0.0015984486788511278,0.002503724122652784,0.0
18001,Adams County,IN,3/14/2026 23:00,0.0031393899116665125,0.001174288894981146,0.003126369742676616,0.0
18001,Adams County,IN,3/15/2026 0:00,0.002040416467934847,0.0010855115018785,0.0026346455968450757,0.0
18001,Adams County,IN,3/15/2026 1:00,0.0018270816653966904,0.0,0.0032871134142624216,0.0
18001,Adams County,IN,3/15/2026 2:00,0.001727046212181449,0.001475336030125618,0.0033905626041814685,0.0
18001,Adams County,IN,3/15/2026 3:00,0.00191563053522259,0.0015462283976376058,0.003391924174502492,0.0
18001,Adams County,IN,3/15/2026 4:00,0.0018518659053370357,0.0015415285713970663,0.004017327330075204,0.0010480296448804438
18001,Adams County,IN,3/15/2026 5:00,0.0015261059161275625,0.002451707934960723,0.005098187111434527,0.0
18001,Adams County,IN,3/15/2026 6:00,0.0014042523689568043,0.0033160429215058685,0.005536785689764656,0.0
18001,Adams County,IN,3/15/2026 7:00,0.0010380870662629604,0.003954405663534999,0.006768007203936577,0.0
18001,Adams County,IN,3/15/2026 8:00,0.0013541285879909992,0.004717788333073259,0.006912077439483255,0.0
18001,Adams County,IN,3/15/2026 9:00,0.0025962418876588345,0.00451308568008244,0.005646537961729337,0.0
18001,Adams County,IN,3/15/2026 10:00,0.006948149995878339,0.003879346139729023,0.004403979919152335,0.0
18001,Adams County,IN,3/15/2026 11:00,0.008013634360395372,0.00402333359234035,0.0032143298216396944,0.0
18001,Adams County,IN,3/15/2026 12:00,0.006399991223588586,0.003477917006239295,0.0032035496726166455,0.0
18001,Adams County,IN,3/15/2026 13:00,0.0066802348010241985,0.0037032865395303814,0.0028065449558198454,0.0
18001,Adams County,IN,3/15/2026 14:00,0.006365117384120822,0.003942671994445845,0.00228182760765776,0.0
18001,Adams County,IN,3/15/2026 15:00,0.006765002850443125,0.0037082704700878823,0.0016427027352619917,0.0
18001,Adams County,IN,3/15/2026 16:00,0.007724465103819966,0.0022459672880358996,0.0014436412369832397,0.0
18001,Adams County,IN,3/15/2026 17:00,0.007439084118232131,0.0027816796908155085,0.0,0.0
18001,Adams County,IN,3/15/2026 18:00,0.008691219380125403,0.0037799306446686387,0.0,0.0
18001,Adams County,IN,3/15/2026 19:00,0.007063770433887839,0.0038722235709428786,0.0,0.0
18001,Adams County,IN,3/15/2026 20:00,0.00535908923484385,0.005582328094169498,0.0,0.0
18001,Adams County,IN,3/15/2026 21:00,0.0026476775819901377,0.004457916459068656,0.0,0.0
18001,Adams County,IN,3/15/2026 22:00,0.004055150086060166,0.006392092723399401,0.0,0.0
18001,Adams County,IN,3/15/2026 23:00,0.005367126315832138,0.005377494537970051,0.0,0.0
18001,Adams County,IN,3/16/2026 0:00,0.006136099575087428,0.005775929195806384,0.0,0.0
18001,Adams County,IN,3/16/2026 1:00,0.006141731631942093,0.006659761830815114,0.0,0.0
18001,Adams County,IN,3/16/2026 2:00,0.006138319382444024,0.007210941053926945,0.0,0.0
18001,Adams County,IN,3/16/2026 3:00,0.004161214572377503,0.005575599777512252,0.0,0.0
18001,Adams County,IN,3/16/2026 4:00,0.0051821197994286194,0.003624038025736809,0.0,0.0
18001,Adams County,IN,3/16/2026 5:00,0.004543521790765226,0.002399019151926041,0.0,0.0
18001,Adams County,IN,3/16/2026 6:00,0.006588843887584517,0.002173642464913428,0.0,0.0
18001,Adams County,IN,3/16/2026 7:00,0.006854797306004912,0.0019957030657678843,0.0,0.0
18001,Adams County,IN,3/16/2026 8:00,0.006533422041684389,0.001647610729560256,0.0,0.0
18001,Adams County,IN,3/16/2026 9:00,0.004003339141490869,0.0012201025616377591,0.0,0.0
18001,Adams County,IN,3/16/2026 10:00,0.0025699351317598484,0.001236033358145505,0.0,0.0
18001,Adams County,IN,3/16/2026 11:00,0.002117651340086013,0.0,0.0,0.0
18001,Adams County,IN,3/16/2026 12:00,0.0024697242479305714,0.0,0.0,0.0
18001,Adams County,IN,3/16/2026 13:00,0.002001149630814325,0.0,0.0,0.0
18001,Adams County,IN,3/16/2026 14:00,0.0015145124198170379,0.0,0.0,0.0
18001,Adams County,IN,3/16/2026 15:00,0.0016603978001512587,0.0,0.0,0.0
18001,Adams County,IN,3/16/2026 16:00,0.0,0.0,0.0,0.0
18001,Adams County,IN,3/16/2026 17:00,0.0,0.0,0.0,0.0
18001,Adams County,IN,3/16/2026 18:00,0.0,0.0,0.0,0.0
18001,Adams County,IN,3/16/2026 19:00,0.0,0.0,0.0,0.0
18001,Adams County,IN,3/16/2026 20:00,0.0,0.0,0.0,0.0
18001,Adams County,IN,3/16/2026 21:00,0.0,0.0,0.0,0.0
18001,Adams County,IN,3/16/2026 22:00,0.0014801539946347475,0.0,0.0,0.0
18001,Adams County,IN,3/16/2026 23:00,0.0015436152461916208,0.0,0.0,0.0
18001,Adams County,IN,3/17/2026 0:00,0.001750442897900939,0.0,0.0,0.0
18001,Adams County,IN,3/17/2026 1:00,0.0013866316294297576,0.0,0.0,0.0
18001,Adams County,IN,3/17/2026 2:00,0.0014268957311287522,0.0,0.0,0.0
18001,Adams County,IN,3/17/2026 3:00,0.0,0.0,0.0,0.0
18001,Adams County,IN,3/17/2026 4:00,0.0013423801865428686,0.0,0.0,0.0
18001,Adams County,IN,3/17/2026 5:00,0.0018799082608893514,0.0,0.0,0.0
18001,Adams County,IN,3/17/2026 6:00,0.0,0.0,0.0,0.0
18001,Adams County,IN,3/17/2026 7:00,0.0011112116044387221,0.0,0.0,0.0
18001,Adams County,IN,3/17/2026 8:00,0.0,0.0,0.0,0.0
18001,Adams County,IN,3/17/2026 9:00,0.0016481915954500437,0.0,0.0,0.0
18001,Adams County,IN,3/17/2026 10:00,0.0,0.0,0.0,0.0
18001,Adams County,IN,3/17/2026 11:00,0.0,0.0,0.0,0.0
18001,Adams County,IN,3/17/2026 12:00,0.0,0.0,0.0,0.0
18001,Adams County,IN,3/17/2026 13:00,0.0,0.0,0.0,0.0
18001,Adams County,IN,3/17/2026 14:00,0.0,0.0,0.0,0.0
18001,Adams County,IN,3/17/2026 15:00,0.0,0.0,0.0,0.0
18001,Adams County,IN,3/17/2026 16:00,0.0,0.0,0.0,0.0
18001,Adams County,IN,3/17/2026 17:00,0.0,0.0,0.0,0.0
18001,Adams County,IN,3/17/2026 18:00,0.0,0.0,0.0,0.0
18001,Adams County,IN,3/17/2026 19:00,0.0,0.0,0.0,0.0
18001,Adams County,IN,3/17/2026 20:00,0.0,0.0,0.0,0.0
18001,Adams County,IN,3/17/2026 21:00,0.0,0.0,0.0,0.0
18001,Adams County,IN,3/17/2026 22:00,0.0,0.0,0.0,0.0
18001,Adams County,IN,3/17/2026 23:00,0.0,0.0,0.0,0.0
18001,Adams County,IN,3/18/2026 0:00,0.0,0.0,0.0,
18001,Adams County,IN,3/18/2026 1:00,0.0,0.0,0.0,
18001,Adams County,IN,3/18/2026 2:00,0.0,0.0,0.0,
18001,Adams County,IN,3/18/2026 3:00,0.0,0.0,0.0,
18001,Adams County,IN,3/18/2026 4:00,0.0,0.0,0.0,
18001,Adams County,IN,3/18/2026 5:00,0.0010970465373247862,0.0,0.0,
18001,Adams County,IN,3/18/2026 6:00,0.0014505500439554453,0.0,0.0,
18001,Adams County,IN,3/18/2026 7:00,0.0017531814519315958,0.0,0.0,
18001,Adams County,IN,3/18/2026 8:00,0.0,0.0,0.0,
18001,Adams County,IN,3/18/2026 9:00,0.0,0.0,0.0,
18001,Adams County,IN,3/18/2026 10:00,0.0,0.0,0.0,
18001,Adams County,IN,3/18/2026 11:00,0.0,0.0,0.0,
18001,Adams County,IN,3/18/2026 12:00,0.0,0.0,0.0,
18001,Adams County,IN,3/18/2026 13:00,0.0,0.0,0.0,
18001,Adams County,IN,3/18/2026 14:00,0.0,0.0,0.0,
18001,Adams County,IN,3/18/2026 15:00,0.0,0.0,0.0,
18001,Adams County,IN,3/18/2026 16:00,0.0,0.0,0.0,
18001,Adams County,IN,3/18/2026 17:00,0.0,0.0,0.0,
18001,Adams County,IN,3/18/2026 18:00,0.0,0.0,0.0,
18001,Adams County,IN,3/18/2026 19:00,0.0,0.0,0.0,
18001,Adams County,IN,3/18/2026 20:00,0.0,0.0,0.0,
18001,Adams County,IN,3/18/2026 21:00,0.0,0.0,0.0,
18001,Adams County,IN,3/18/2026 22:00,0.0,0.0,0.0,
18001,Adams County,IN,3/18/2026 23:00,0.0,0.0,0.0,
18001,Adams County,IN,3/19/2026 0:00,0.0,0.0,,
18001,Adams County,IN,3/19/2026 1:00,0.0,0.0,,
18001,Adams County,IN,3/19/2026 2:00,0.0,0.0,,
18001,Adams County,IN,3/19/2026 3:00,0.0,0.0,,
18001,Adams County,IN,3/19/2026 4:00,0.0,0.0,,
18001,Adams County,IN,3/19/2026 5:00,0.0,0.0,,
18001,Adams County,IN,3/19/2026 6:00,0.0,0.0,,
18001,Adams County,IN,3/19/2026 7:00,0.0,0.0,,
18001,Adams County,IN,3/19/2026 8:00,0.0,0.0,,
18001,Adams County,IN,3/19/2026 9:00,0.0,0.0,,
18001,Adams County,IN,3/19/2026 10:00,0.0,0.0,,
18001,Adams County,IN,3/19/2026 11:00,0.0,0.0,,
18001,Adams County,IN,3/19/2026 12:00,0.0,0.0,,
18001,Adams County,IN,3/19/2026 13:00,0.0,0.0,,
18001,Adams County,IN,3/19/2026 14:00,0.0,0.0,,
18001,Adams County,IN,3/19/2026 15:00,0.0,0.0,,
18001,Adams County,IN,3/19/2026 16:00,0.0,0.0,,
18001,Adams County,IN,3/19/2026 17:00,0.0,0.0,,
18001,Adams County,IN,3/19/2026 18:00,0.0,,,
18001,Adams County,IN,3/19/2026 19:00,0.0,,,
18001,Adams County,IN,3/19/2026 20:00,0.0,,,
18001,Adams County,IN,3/19/2026 21:00,0.0,,,
18001,Adams County,IN,3/19/2026 22:00,0.0,,,
18001,Adams County,IN,3/19/2026 23:00,,,,
18003,Allen County,IN,3/14/2026 0:00,0.00945200541173108,0.007402526738587767,0.0011295698743197136,0.005929002433549613
18003,Allen County,IN,3/14/2026 1:00,0.008207106038753409,0.006378399534150958,0.0011377483722753822,0.006257931585423648
18003,Allen County,IN,3/14/2026 2:00,0.008105913701001555,0.006516683707013726,0.0,0.005351063073612749
18003,Allen County,IN,3/14/2026 3:00,0.00861661578528583,0.005669943342218176,0.0,0.005176049564033747
18003,Allen County,IN,3/14/2026 4:00,0.008960186678450555,0.005431169481016696,0.0,0.005426971672568471
18003,Allen County,IN,3/14/2026 5:00,0.008029180055018514,0.004943145147990435,0.0,0.0054524715291336175
18003,Allen County,IN,3/14/2026 6:00,0.007128111261408776,0.004125692986417562,0.0,0.005570226302370429
18003,Allen County,IN,3/14/2026 7:00,0.008071243646554649,0.0033487505745142697,0.0,0.005578350811265409
18003,Allen County,IN,3/14/2026 8:00,0.006690317357424647,0.003036695532500744,0.0,0.005488164059352129
18003,Allen County,IN,3/14/2026 9:00,0.006825316930189729,0.0032775773433968425,0.0,0.005571283889003098
18003,Allen County,IN,3/14/2026 10:00,0.006451804540120065,0.002468969114124775,0.0,0.004356006870511919
18003,Allen County,IN,3/14/2026 11:00,0.004766854923218489,0.002149405190721154,0.0019240387278841808,0.0030308820074424147
18003,Allen County,IN,3/14/2026 12:00,0.004377488105092198,0.0011682236567139624,0.0023345684428932147,0.0024787154310615734
18003,Allen County,IN,3/14/2026 13:00,0.004215733322780579,0.0010133308824151754,0.0034816027473425493,0.0015680407057516276
18003,Allen County,IN,3/14/2026 14:00,0.002967211010400206,0.0,0.004306410762364976,0.00124201320722932
18003,Allen County,IN,3/14/2026 15:00,0.002140653843525797,0.0010980203747749328,0.005023518268717453,0.0010378974198829382
18003,Allen County,IN,3/14/2026 16:00,0.0,0.0018403353169560432,0.0054858944611623885,0.0
18003,Allen County,IN,3/14/2026 17:00,0.0,0.0,0.005867979768663645,0.0
18003,Allen County,IN,3/14/2026 18:00,0.0,0.0,0.0055693961796350775,0.0
18003,Allen County,IN,3/14/2026 19:00,0.0,0.0010091098025441169,0.005281522474251688,0.0
18003,Allen County,IN,3/14/2026 20:00,0.001512043972070387,0.0012706729525234551,0.004555824102135375,0.0
18003,Allen County,IN,3/14/2026 21:00,0.0017926954315043986,0.0010819582268595694,0.00364902680121304,0.0
18003,Allen County,IN,3/14/2026 22:00,0.0,0.0,0.003476777160540223,0.0
18003,Allen County,IN,3/14/2026 23:00,0.0011410086954128928,0.0,0.004174279439030215,0.0
18003,Allen County,IN,3/15/2026 0:00,0.0017758164904080331,0.0,0.005361428519245237,0.0
18003,Allen County,IN,3/15/2026 1:00,0.0015276594640454277,0.0,0.005599594279192388,0.0
18003,Allen County,IN,3/15/2026 2:00,0.0020338565518613905,0.0,0.0050313970423303545,0.0
18003,Allen County,IN,3/15/2026 3:00,0.001481733372202143,0.0,0.00550520074320957,0.0
18003,Allen County,IN,3/15/2026 4:00,0.00163736951071769,0.0013563632121076808,0.005829028162406757,0.0
18003,Allen County,IN,3/15/2026 5:00,0.0012420972125255503,0.0018760247679892928,0.007061400706879795,0.0
18003,Allen County,IN,3/15/2026 6:00,0.0,0.0023951155046233906,0.008177742152474821,0.0
18003,Allen County,IN,3/15/2026 7:00,0.0,0.003160767728695646,0.006105283717624843,0.0
18003,Allen County,IN,3/15/2026 8:00,0.0,0.0036466498277150095,0.006135416543111205,0.0
18003,Allen County,IN,3/15/2026 9:00,0.0013273602598928846,0.003801736916648224,0.0047267923160688955,0.0
18003,Allen County,IN,3/15/2026 10:00,0.0,0.004056437991675921,0.0034732008120045067,0.0
18003,Allen County,IN,3/15/2026 11:00,0.0014543983852490783,0.0036170884559396654,0.002534356067189947,0.0
18003,Allen County,IN,3/15/2026 12:00,0.0013445091899484396,0.0032348439330235125,0.00233647356799338,0.0
18003,Allen County,IN,3/15/2026 13:00,0.0027192517882212996,0.0033466362161561846,0.0,0.0
18003,Allen County,IN,3/15/2026 14:00,0.0020707924850285053,0.003025265170799685,0.0,0.0
18003,Allen County,IN,3/15/2026 15:00,0.0033125620684586465,0.002921200718265027,0.0,0.0
18003,Allen County,IN,3/15/2026 16:00,0.0031768028275109828,0.003262435842771083,0.0,0.0
18003,Allen County,IN,3/15/2026 17:00,0.0024213959695771337,0.0032448067504446954,0.0,0.0
18003,Allen County,IN,3/15/2026 18:00,0.0030016484088264406,0.004656117723789066,0.0,0.0
18003,Allen County,IN,3/15/2026 19:00,0.002390966401435435,0.004355130437761545,0.0,0.0
18003,Allen County,IN,3/15/2026 20:00,0.0021986106876283884,0.004129723913501948,0.0,0.0
18003,Allen County,IN,3/15/2026 21:00,0.0027686427056323737,0.004974753235001117,0.0,0.0
18003,Allen County,IN,3/15/2026 22:00,0.0028237780497875065,0.005042741574288812,0.0,0.0
18003,Allen County,IN,3/15/2026 23:00,0.003700867178849876,0.0041695002932101485,0.0,0.0
18003,Allen County,IN,3/16/2026 0:00,0.004327994131017476,0.004578911594580859,0.0,0.0
18003,Allen County,IN,3/16/2026 1:00,0.004055818324559368,0.004178964160382747,0.0,0.0
18003,Allen County,IN,3/16/2026 2:00,0.0053907416586298496,0.0040693323884624984,0.0,0.0
18003,Allen County,IN,3/16/2026 3:00,0.0043547533568926156,0.0035399088112171738,0.0,0.0
18003,Allen County,IN,3/16/2026 4:00,0.004223636253300356,0.003165890634409152,0.0,0.0
18003,Allen County,IN,3/16/2026 5:00,0.004546848522295477,0.002180932555347681,0.0,0.0
18003,Allen County,IN,3/16/2026 6:00,0.003860570999677293,0.0019200254755560309,0.0,0.0
18003,Allen County,IN,3/16/2026 7:00,0.004175358481006697,0.0012826272752135992,0.0,0.0
18003,Allen County,IN,3/16/2026 8:00,0.0037637441128026694,0.0010197587893344463,0.0,0.0
18003,Allen County,IN,3/16/2026 9:00,0.003919674549251795,0.001096564787440002,0.0,0.0
18003,Allen County,IN,3/16/2026 10:00,0.0024081370211206377,0.0,0.0,0.0
18003,Allen County,IN,3/16/2026 11:00,0.001877521506685298,0.0,0.0,0.0
18003,Allen County,IN,3/16/2026 12:00,0.0,0.0,0.0,0.0
18003,Allen County,IN,3/16/2026 13:00,0.0012715165576082654,0.0,0.0,0.0
18003,Allen County,IN,3/16/2026 14:00,0.0011721189600848447,0.0,0.0,0.0
18003,Allen County,IN,3/16/2026 15:00,0.0,0.0,0.0,0.0
18003,Allen County,IN,3/16/2026 16:00,0.0,0.0,0.0,0.0
18003,Allen County,IN,3/16/2026 17:00,0.0,0.0,0.0,0.0
18003,Allen County,IN,3/16/2026 18:00,0.0,0.0,0.0,0.0
18003,Allen County,IN,3/16/2026 19:00,0.0,0.0,0.0,0.0
18003,Allen County,IN,3/16/2026 20:00,0.0,0.0,0.0,0.0
18003,Allen County,IN,3/16/2026 21:00,0.0,0.0,0.0,0.0
18003,Allen County,IN,3/16/2026 22:00,0.0,0.0,0.0,0.0
18003,Allen County,IN,3/16/2026 23:00,0.0,0.0,0.0,0.0
18003,Allen County,IN,3/17/2026 0:00,0.0,0.0,0.0,0.0
18003,Allen County,IN,3/17/2026 1:00,0.0,0.0,0.0,0.0
18003,Allen County,IN,3/17/2026 2:00,0.0,0.0,0.0,0.0
18003,Allen County,IN,3/17/2026 3:00,0.0,0.0,0.0,0.0
18003,Allen County,IN,3/17/2026 4:00,0.0,0.0,0.0,0.0
18003,Allen County,IN,3/17/2026 5:00,0.0,0.0,0.0,0.0
18003,Allen County,IN,3/17/2026 6:00,0.0,0.0,0.0,0.0
18003,Allen County,IN,3/17/2026 7:00,0.0,0.0,0.0,0.0
18003,Allen County,IN,3/17/2026 8:00,0.0,0.0,0.0,0.0
18003,Allen County,IN,3/17/2026 9:00,0.0,0.0,0.0,0.0
18003,Allen County,IN,3/17/2026 10:00,0.0,0.0,0.0,0.0
18003,Allen County,IN,3/17/2026 11:00,0.0,0.0,0.0,0.0
18003,Allen County,IN,3/17/2026 12:00,0.0,0.0,0.0,0.0
18003,Allen County,IN,3/17/2026 13:00,0.0,0.0,0.0,0.0
18003,Allen County,IN,3/17/2026 14:00,0.0,0.0,0.0,0.0
18003,Allen County,IN,3/17/2026 15:00,0.0,0.0,0.0,0.0
18003,Allen County,IN,3/17/2026 16:00,0.0,0.0,0.0,0.0
18003,Allen County,IN,3/17/2026 17:00,0.0,0.0,0.0,0.0
18003,Allen County,IN,3/17/2026 18:00,0.0,0.0,0.0,0.0
18003,Allen County,IN,3/17/2026 19:00,0.0,0.0,0.0,0.0
18003,Allen County,IN,3/17/2026 20:00,0.0,0.0,0.0,0.0
18003,Allen County,IN,3/17/2026 21:00,0.0,0.0,0.0,0.0
18003,Allen County,IN,3/17/2026 22:00,0.0,0.0,0.0,0.0
18003,Allen County,IN,3/17/2026 23:00,0.0,0.0,0.0,0.0
18003,Allen County,IN,3/18/2026 0:00,0.0,0.0,0.0,
18003,Allen County,IN,3/18/2026 1:00,0.0,0.0,0.0,
18003,Allen County,IN,3/18/2026 2:00,0.0,0.0,0.0,
18003,Allen County,IN,3/18/2026 3:00,0.0,0.0,0.0,
18003,Allen County,IN,3/18/2026 4:00,0.0,0.0,0.0,
18003,Allen County,IN,3/18/2026 5:00,0.0,0.0,0.0,
18003,Allen County,IN,3/18/2026 6:00,0.0,0.0,0.0,
18003,Allen County,IN,3/18/2026 7:00,0.0,0.0,0.0,
18003,Allen County,IN,3/18/2026 8:00,0.0,0.0,0.0,
18003,Allen County,IN,3/18/2026 9:00,0.0,0.0,0.0,
18003,Allen County,IN,3/18/2026 10:00,0.0,0.0,0.0,
18003,Allen County,IN,3/18/2026 11:00,0.0,0.0,0.0,
18003,Allen County,IN,3/18/2026 12:00,0.0,0.0,0.0,
18003,Allen County,IN,3/18/2026 13:00,0.0,0.0,0.0,
18003,Allen County,IN,3/18/2026 14:00,0.0,0.0,0.0,
18003,Allen County,IN,3/18/2026 15:00,0.0,0.0,0.0,
18003,Allen County,IN,3/18/2026 16:00,0.0,0.0,0.0,
18003,Allen County,IN,3/18/2026 17:00,0.0,0.0,0.0,
18003,Allen County,IN,3/18/2026 18:00,0.0,0.0,0.0,
18003,Allen County,IN,3/18/2026 19:00,0.0,0.0,0.0,
18003,Allen County,IN,3/18/2026 20:00,0.0,0.0,0.0,
18003,Allen County,IN,3/18/2026 21:00,0.0,0.0,0.0,
18003,Allen County,IN,3/18/2026 22:00,0.0,0.0,0.0,
18003,Allen County,IN,3/18/2026 23:00,0.0,0.0,0.0,
18003,Allen County,IN,3/19/2026 0:00,0.0,0.0,,
18003,Allen County,IN,3/19/2026 1:00,0.0,0.0,,
18003,Allen County,IN,3/19/2026 2:00,0.0,0.0,,
18003,Allen County,IN,3/19/2026 3:00,0.0,0.0,,
18003,Allen County,IN,3/19/2026 4:00,0.0,0.0,,
18003,Allen County,IN,3/19/2026 5:00,0.0,0.0,,
18003,Allen County,IN,3/19/2026 6:00,0.0,0.0,,
18003,Allen County,IN,3/19/2026 7:00,0.0,0.0,,
18003,Allen County,IN,3/19/2026 8:00,0.0,0.0,,
18003,Allen County,IN,3/19/2026 9:00,0.0,0.0,,
18003,Allen County,IN,3/19/2026 10:00,0.0,0.0,,
18003,Allen County,IN,3/19/2026 11:00,0.0,0.0,,
18003,Allen County,IN,3/19/2026 12:00,0.0,0.0,,
18003,Allen County,IN,3/19/2026 13:00,0.0,0.0,,
18003,Allen County,IN,3/19/2026 14:00,0.0,0.0,,
18003,Allen County,IN,3/19/2026 15:00,0.0,0.0,,
18003,Allen County,IN,3/19/2026 16:00,0.0,0.0,,
18003,Allen County,IN,3/19/2026 17:00,0.0,0.0,,
18003,Allen County,IN,3/19/2026 18:00,0.0,,,
18003,Allen County,IN,3/19/2026 19:00,0.0,,,
18003,Allen County,IN,3/19/2026 20:00,0.0,,,
18003,Allen County,IN,3/19/2026 21:00,0.0,,,
18003,Allen County,IN,3/19/2026 22:00,0.0,,,
18003,Allen County,IN,3/19/2026 23:00,,,,
18005,Bartholomew County,IN,3/14/2026 0:00,0.0,0.0,0.0,0.0077170795295387505
18005,Bartholomew County,IN,3/14/2026 1:00,0.0,0.0,0.0,0.0053980946726369435
18005,Bartholomew County,IN,3/14/2026 2:00,0.0,0.0,0.0,0.004973621024691966
18005,Bartholomew County,IN,3/14/2026 3:00,0.0,0.0,0.0,0.006351182865910232
18005,Bartholomew County,IN,3/14/2026 4:00,0.0,0.0,0.0,0.005534402164630592
18005,Bartholomew County,IN,3/14/2026 5:00,0.0,0.0,0.0,0.0037632268620654942
18005,Bartholomew County,IN,3/14/2026 6:00,0.0,0.0,0.0,0.0034797952568624167
18005,Bartholomew County,IN,3/14/2026 7:00,0.0,0.0,0.0,0.0039286512648686765
18005,Bartholomew County,IN,3/14/2026 8:00,0.0,0.0,0.0,0.004095283464994282
18005,Bartholomew County,IN,3/14/2026 9:00,0.0,0.0,0.0,0.0040768725040834395
18005,Bartholomew County,IN,3/14/2026 10:00,0.0,0.0,0.0,0.0029043271322734656
18005,Bartholomew County,IN,3/14/2026 11:00,0.0,0.0,0.0027530455321539194,0.0025448507687542586
18005,Bartholomew County,IN,3/14/2026 12:00,0.0,0.0,0.008816527359886094,0.0021797065361170097
18005,Bartholomew County,IN,3/14/2026 13:00,0.0,0.0,0.01163577901897952,0.001536566630238667
18005,Bartholomew County,IN,3/14/2026 14:00,0.0,0.0,0.015122322621755302,0.0
18005,Bartholomew County,IN,3/14/2026 15:00,0.0,0.0,0.014774479158222675,0.0
18005,Bartholomew County,IN,3/14/2026 16:00,0.0,0.0,0.013775656674988567,0.0
18005,Bartholomew County,IN,3/14/2026 17:00,0.0,0.0,0.01225511955562979,0.0
18005,Bartholomew County,IN,3/14/2026 18:00,0.0,0.0,0.010114250984042884,0.0
18005,Bartholomew County,IN,3/14/2026 19:00,0.0,0.0,0.009162818558979779,0.0
18005,Bartholomew County,IN,3/14/2026 20:00,0.0,0.0,0.008106143958866597,0.0
18005,Bartholomew County,IN,3/14/2026 21:00,0.0,0.0,0.007614771882072091,0.0
18005,Bartholomew County,IN,3/14/2026 22:00,0.0,0.0,0.0076702236372511836,0.0
18005,Bartholomew County,IN,3/14/2026 23:00,0.0,0.0,0.008398205181583763,0.0
18005,Bartholomew County,IN,3/15/2026 0:00,0.0,0.0,0.009182633459568023,0.0
18005,Bartholomew County,IN,3/15/2026 1:00,0.0,0.0,0.009237835882231593,0.0
18005,Bartholomew County,IN,3/15/2026 2:00,0.0,0.0,0.005325175065081567,0.0
18005,Bartholomew County,IN,3/15/2026 3:00,0.0,0.0,0.00556865930557251,0.0
18005,Bartholomew County,IN,3/15/2026 4:00,0.0,0.0,0.005308663146570325,0.0
18005,Bartholomew County,IN,3/15/2026 5:00,0.0,0.002623557555489242,0.0036339527228847145,0.0
18005,Bartholomew County,IN,3/15/2026 6:00,0.0,0.008653661562129855,0.0034052932634949682,0.0
18005,Bartholomew County,IN,3/15/2026 7:00,0.0,0.012834467366337777,0.002469651305000298,0.0
18005,Bartholomew County,IN,3/15/2026 8:00,0.0,0.017540779523551465,0.002629410858207848,0.0
18005,Bartholomew County,IN,3/15/2026 9:00,0.0,0.014693639241158962,0.003076155000599101,0.0
18005,Bartholomew County,IN,3/15/2026 10:00,0.002379356083110906,0.013878071680665016,0.0024030346277868373,0.0
18005,Bartholomew County,IN,3/15/2026 11:00,0.007347585982643068,0.01158387577161193,0.002107141350279562,0.0
18005,Bartholomew County,IN,3/15/2026 12:00,0.011805147580162156,0.009917764645069837,0.0013787983160000294,0.0
18005,Bartholomew County,IN,3/15/2026 13:00,0.01564064424019307,0.007850613445043564,0.0,0.0
18005,Bartholomew County,IN,3/15/2026 14:00,0.014144058688543737,0.005617836443707347,0.0,0.0
18005,Bartholomew County,IN,3/15/2026 15:00,0.012842509429901838,0.004814948188140988,0.0,0.0
18005,Bartholomew County,IN,3/15/2026 16:00,0.011668214574456215,0.004214089456945657,0.0,0.0
18005,Bartholomew County,IN,3/15/2026 17:00,0.009261930361390114,0.005585508933290839,0.0,0.0
18005,Bartholomew County,IN,3/15/2026 18:00,0.00860859133535996,0.006952829752117395,0.0,0.0
18005,Bartholomew County,IN,3/15/2026 19:00,0.006250100792385638,0.006004011048935354,0.0,0.0
18005,Bartholomew County,IN,3/15/2026 20:00,0.005327934297383763,0.004546880477573722,0.0,0.0
18005,Bartholomew County,IN,3/15/2026 21:00,0.003965690673794597,0.005183074029628187,0.0,0.0
18005,Bartholomew County,IN,3/15/2026 22:00,0.004844445618800819,0.0043340834556147454,0.0,0.0
18005,Bartholomew County,IN,3/15/2026 23:00,0.007862447164370678,0.0032138352165929974,0.0,0.0
18005,Bartholomew County,IN,3/16/2026 0:00,0.005681381211616099,0.0029143544496037068,0.0,0.0
18005,Bartholomew County,IN,3/16/2026 1:00,0.003737589402589947,0.002445452151005156,0.0,0.0
18005,Bartholomew County,IN,3/16/2026 2:00,0.0047348199295811355,0.0022298451280221344,0.0,0.0
18005,Bartholomew County,IN,3/16/2026 3:00,0.005699891597032547,0.0022262406535446646,0.0,0.0
18005,Bartholomew County,IN,3/16/2026 4:00,0.003870511776767671,0.0015565016539767385,0.0,0.0
18005,Bartholomew County,IN,3/16/2026 5:00,0.003283088270109147,0.0014716961071826518,0.0,0.0
18005,Bartholomew County,IN,3/16/2026 6:00,0.0024736821978876833,0.0011864180909469725,0.0,0.0
18005,Bartholomew County,IN,3/16/2026 7:00,0.002067280998744536,0.0,0.0,0.0
18005,Bartholomew County,IN,3/16/2026 8:00,0.0021264008464640938,0.0,0.0,0.0
18005,Bartholomew County,IN,3/16/2026 9:00,0.001546749314002227,0.0,0.0,0.0
18005,Bartholomew County,IN,3/16/2026 10:00,0.0015562369371764362,0.0,0.0,0.0
18005,Bartholomew County,IN,3/16/2026 11:00,0.0012964938068762422,0.0,0.0,0.0
18005,Bartholomew County,IN,3/16/2026 12:00,0.0,0.0,0.0,0.0
18005,Bartholomew County,IN,3/16/2026 13:00,0.0,0.0,0.0,0.0
18005,Bartholomew County,IN,3/16/2026 14:00,0.0,0.0,0.0,0.0
18005,Bartholomew County,IN,3/16/2026 15:00,0.0,0.0,0.0,0.0
18005,Bartholomew County,IN,3/16/2026 16:00,0.0,0.0,0.0,0.0
18005,Bartholomew County,IN,3/16/2026 17:00,0.0,0.001481614971999079,0.0,0.0
18005,Bartholomew County,IN,3/16/2026 18:00,0.0,0.0,0.0,0.0
18005,Bartholomew County,IN,3/16/2026 19:00,0.0,0.0,0.0,0.0
18005,Bartholomew County,IN,3/16/2026 20:00,0.0,0.0,0.0,0.0
18005,Bartholomew County,IN,3/16/2026 21:00,0.0,0.0,0.0,0.0
18005,Bartholomew County,IN,3/16/2026 22:00,0.001438651466742158,0.0,0.0,0.0
18005,Bartholomew County,IN,3/16/2026 23:00,0.0,0.0,0.0,0.0
18005,Bartholomew County,IN,3/17/2026 0:00,0.0,0.0,0.0,0.0
18005,Bartholomew County,IN,3/17/2026 1:00,0.0,0.0,0.0,0.0
18005,Bartholomew County,IN,3/17/2026 2:00,0.0,0.0,0.0,0.0
18005,Bartholomew County,IN,3/17/2026 3:00,0.0,0.0,0.0,0.0
18005,Bartholomew County,IN,3/17/2026 4:00,0.0,0.0,0.0,0.0
18005,Bartholomew County,IN,3/17/2026 5:00,0.0,0.0,0.0,0.0
18005,Bartholomew County,IN,3/17/2026 6:00,0.0,0.0,0.0,0.0
18005,Bartholomew County,IN,3/17/2026 7:00,0.0,0.0,0.0,0.0
18005,Bartholomew County,IN,3/17/2026 8:00,0.0,0.0,0.0,0.0
18005,Bartholomew County,IN,3/17/2026 9:00,0.0,0.0,0.0,0.0
18005,Bartholomew County,IN,3/17/2026 10:00,0.0,0.0,0.0,0.0
18005,Bartholomew County,IN,3/17/2026 11:00,0.0,0.0,0.0,0.0
18005,Bartholomew County,IN,3/17/2026 12:00,0.0,0.0,0.0,0.0
18005,Bartholomew County,IN,3/17/2026 13:00,0.0,0.0,0.0,0.0
18005,Bartholomew County,IN,3/17/2026 14:00,0.0,0.0,0.0,0.0
18005,Bartholomew County,IN,3/17/2026 15:00,0.0,0.0,0.0,0.0
18005,Bartholomew County,IN,3/17/2026 16:00,0.0,0.0,0.0,0.0
18005,Bartholomew County,IN,3/17/2026 17:00,0.0,0.0,0.0,0.0
18005,Bartholomew County,IN,3/17/2026 18:00,0.0,0.0,0.0,0.0
18005,Bartholomew County,IN,3/17/2026 19:00,0.0,0.0,0.0,0.0
18005,Bartholomew County,IN,3/17/2026 20:00,0.0,0.0,0.0,0.0
18005,Bartholomew County,IN,3/17/2026 21:00,0.0,0.0,0.0,0.0
18005,Bartholomew County,IN,3/17/2026 22:00,0.0,0.0,0.0,0.0
18005,Bartholomew County,IN,3/17/2026 23:00,0.0,0.0,0.0,0.0
18005,Bartholomew County,IN,3/18/2026 0:00,0.0,0.0,0.0,
18005,Bartholomew County,IN,3/18/2026 1:00,0.0,0.0,0.0,
18005,Bartholomew County,IN,3/18/2026 2:00,0.0,0.0,0.0,
18005,Bartholomew County,IN,3/18/2026 3:00,0.0,0.0,0.0,
18005,Bartholomew County,IN,3/18/2026 4:00,0.0,0.0,0.0,
18005,Bartholomew County,IN,3/18/2026 5:00,0.0,0.0,0.0,
18005,Bartholomew County,IN,3/18/2026 6:00,0.0,0.0,0.0,
18005,Bartholomew County,IN,3/18/2026 7:00,0.0,0.0,0.0,
18005,Bartholomew County,IN,3/18/2026 8:00,0.0,0.0,0.0,
18005,Bartholomew County,IN,3/18/2026 9:00,0.0,0.0,0.0,
18005,Bartholomew County,IN,3/18/2026 10:00,0.0,0.0,0.0,
18005,Bartholomew County,IN,3/18/2026 11:00,0.0,0.0,0.0,
18005,Bartholomew County,IN,3/18/2026 12:00,0.0,0.0,0.0,
18005,Bartholomew County,IN,3/18/2026 13:00,0.0,0.0,0.0,
18005,Bartholomew County,IN,3/18/2026 14:00,0.0,0.0,0.0,
18005,Bartholomew County,IN,3/18/2026 15:00,0.0,0.0,0.0,
18005,Bartholomew County,IN,3/18/2026 16:00,0.0,0.0,0.0,
18005,Bartholomew County,IN,3/18/2026 17:00,0.0,0.0,0.0,
18005,Bartholomew County,IN,3/18/2026 18:00,0.0,0.0,0.0,
18005,Bartholomew County,IN,3/18/2026 19:00,0.0,0.0,0.0,
18005,Bartholomew County,IN,3/18/2026 20:00,0.0,0.0,0.0,
18005,Bartholomew County,IN,3/18/2026 21:00,0.0,0.0,0.0,
18005,Bartholomew County,IN,3/18/2026 22:00,0.0,0.0,0.0,
18005,Bartholomew County,IN,3/18/2026 23:00,0.0,0.0,0.0,
18005,Bartholomew County,IN,3/19/2026 0:00,0.0,0.0,,
18005,Bartholomew County,IN,3/19/2026 1:00,0.0,0.0,,
18005,Bartholomew County,IN,3/19/2026 2:00,0.0,0.0,,
18005,Bartholomew County,IN,3/19/2026 3:00,0.0,0.0,,
18005,Bartholomew County,IN,3/19/2026 4:00,0.0,0.0,,
18005,Bartholomew County,IN,3/19/2026 5:00,0.0,0.0,,
18005,Bartholomew County,IN,3/19/2026 6:00,0.0,0.0,,
18005,Bartholomew County,IN,3/19/2026 7:00,0.0,0.0,,
18005,Bartholomew County,IN,3/19/2026 8:00,0.0,0.0,,
18005,Bartholomew County,IN,3/19/2026 9:00,0.0,0.0,,
18005,Bartholomew County,IN,3/19/2026 10:00,0.0,0.0,,
18005,Bartholomew County,IN,3/19/2026 11:00,0.0,0.0,,
18005,Bartholomew County,IN,3/19/2026 12:00,0.0,0.0,,
18005,Bartholomew County,IN,3/19/2026 13:00,0.0,0.0,,
18005,Bartholomew County,IN,3/19/2026 14:00,0.0,0.0,,
18005,Bartholomew County,IN,3/19/2026 15:00,0.0,0.0,,
18005,Bartholomew County,IN,3/19/2026 16:00,0.0,0.0,,
18005,Bartholomew County,IN,3/19/2026 17:00,0.0,0.0,,
18005,Bartholomew County,IN,3/19/2026 18:00,0.0,,,
18005,Bartholomew County,IN,3/19/2026 19:00,0.0,,,
18005,Bartholomew County,IN,3/19/2026 20:00,0.0,,,
18005,Bartholomew County,IN,3/19/2026 21:00,0.0,,,
18005,Bartholomew County,IN,3/19/2026 22:00,0.0,,,
18005,Bartholomew County,IN,3/19/2026 23:00,,,,
18007,Benton County,IN,3/14/2026 0:00,0.0056244004517793655,0.006729421485215425,0.0,0.006212758389301598
18007,Benton County,IN,3/14/2026 1:00,0.0033570309169590473,0.0064643525518476965,0.0,0.0058868202962912616
18007,Benton County,IN,3/14/2026 2:00,0.002107645384967327,0.0063481064513325695,0.0,0.005430857359897345
18007,Benton County,IN,3/14/2026 3:00,0.003293273039162159,0.006238503474742174,0.0,0.0034338131081312895
18007,Benton County,IN,3/14/2026 4:00,0.003122742287814617,0.0056557547301054,0.0,0.0031956479302607476
18007,Benton County,IN,3/14/2026 5:00,0.005473532248288393,0.0018899195827543735,0.0,0.003442361357156187
18007,Benton County,IN,3/14/2026 6:00,0.005429295124486089,0.0017047132831066846,0.0,0.0031025022894027644
18007,Benton County,IN,3/14/2026 7:00,0.004980612546205521,0.0,0.0,0.0025314089172752572
18007,Benton County,IN,3/14/2026 8:00,0.00536462920717895,0.0,0.0,0.002210079476549254
18007,Benton County,IN,3/14/2026 9:00,0.0041237331461161375,0.0,0.0,0.002236660818743985
18007,Benton County,IN,3/14/2026 10:00,0.0,0.0,0.0,0.002120198175225596
18007,Benton County,IN,3/14/2026 11:00,0.0,0.0,0.0,0.0022524616826558484
18007,Benton County,IN,3/14/2026 12:00,0.0,0.0,0.0,0.002290354972865316
18007,Benton County,IN,3/14/2026 13:00,0.0,0.0,0.0,0.0022801601167884654
18007,Benton County,IN,3/14/2026 14:00,0.0,0.0,0.002686905674636364,0.0025083517204620874
18007,Benton County,IN,3/14/2026 15:00,0.0,0.0,0.0018774365074932576,0.0023982734564924613
18007,Benton County,IN,3/14/2026 16:00,0.0,0.0,0.003993223886936903,0.002632441310561262
18007,Benton County,IN,3/14/2026 17:00,0.0,0.0,0.00237086177803576,0.002274274206138216
18007,Benton County,IN,3/14/2026 18:00,0.0,0.0,0.0020180206978693605,0.002391963374975603
18007,Benton County,IN,3/14/2026 19:00,0.0,0.0,0.0018243926111608747,0.0018771547416690736
18007,Benton County,IN,3/14/2026 20:00,0.0,0.0,0.003384163719601929,0.00203777331917081
18007,Benton County,IN,3/14/2026 21:00,0.0,0.0,0.005845846934244036,0.0017530863522551953
18007,Benton County,IN,3/14/2026 22:00,0.0,0.0,0.00800896850414574,0.00169704063446261
18007,Benton County,IN,3/14/2026 23:00,0.0,0.0,0.00786028108559549,0.001152479025768116
18007,Benton County,IN,3/15/2026 0:00,0.0,0.0,0.007461099186912179,0.0012223762052599341
18007,Benton County,IN,3/15/2026 1:00,0.0,0.0,0.005475301109254361,0.0
18007,Benton County,IN,3/15/2026 2:00,0.0,0.0,0.003729713847860694,0.0
18007,Benton County,IN,3/15/2026 3:00,0.0,0.0,0.0048610197845846415,0.0
18007,Benton County,IN,3/15/2026 4:00,0.0,0.0,0.004042670270428062,0.0
18007,Benton County,IN,3/15/2026 5:00,0.0,0.0014113937970250843,0.0032388805178925396,0.0
18007,Benton County,IN,3/15/2026 6:00,0.0,0.0047201719135046005,0.003025909350253642,0.0
18007,Benton County,IN,3/15/2026 7:00,0.0,0.002533780876547098,0.0028322729747742416,0.0
18007,Benton County,IN,3/15/2026 8:00,0.0,0.003364591673016548,0.002263478841632605,0.0011553209275007247
18007,Benton County,IN,3/15/2026 9:00,0.0,0.002886018436402082,0.002426334167830646,0.0012338710395852104
18007,Benton County,IN,3/15/2026 10:00,0.0,0.004923602379858494,0.0015930097550153734,0.0016132017568452283
18007,Benton County,IN,3/15/2026 11:00,0.0011598975397646427,0.0028010591864585876,0.00240324423648417,0.0019368808076251297
18007,Benton County,IN,3/15/2026 12:00,0.0,0.0032655078917741775,0.0028511396725662053,0.001701342208252754
18007,Benton County,IN,3/15/2026 13:00,0.0,0.003429398965090513,0.0018403396708890796,0.0015957044743117876
18007,Benton County,IN,3/15/2026 14:00,0.0,0.006279786489903927,0.0023223918164148928,0.0016535451922209178
18007,Benton County,IN,3/15/2026 15:00,0.002416862640529871,0.006412508897483349,0.00235404334962368,0.0010401588209788316
18007,Benton County,IN,3/15/2026 16:00,0.0,0.01141359694302082,0.002633862849324942,0.0
18007,Benton County,IN,3/15/2026 17:00,0.0,0.012290418893098832,0.001909170113503933,0.0
18007,Benton County,IN,3/15/2026 18:00,0.0,0.009319586865603923,0.0021055241581052543,0.0
18007,Benton County,IN,3/15/2026 19:00,0.0029553365893661976,0.006193266995251179,0.002334021218121052,0.0
18007,Benton County,IN,3/15/2026 20:00,0.0020231613889336586,0.0023095041513442995,0.002530138590373099,0.0
18007,Benton County,IN,3/15/2026 21:00,0.006787736900150776,0.0031899498775601384,0.0022795866942033173,0.0
18007,Benton County,IN,3/15/2026 22:00,0.006404641084372997,0.001404403243213892,0.0011555837932974101,0.0
18007,Benton County,IN,3/15/2026 23:00,0.0066468482837080956,0.0016620109789073465,0.0017748498357832432,0.0
18007,Benton County,IN,3/16/2026 0:00,0.004363239277154207,0.0012663786765187979,0.0,0.0
18007,Benton County,IN,3/16/2026 1:00,0.0015309550799429417,0.0,0.0,0.0
18007,Benton County,IN,3/16/2026 2:00,0.0024861926212906837,0.0021287957206368446,0.0,0.0
18007,Benton County,IN,3/16/2026 3:00,0.0,0.0017594408243894577,0.0,0.0
18007,Benton County,IN,3/16/2026 4:00,0.0,0.0010470137000083922,0.0,0.0
18007,Benton County,IN,3/16/2026 5:00,0.0,0.0015261899679899216,0.0,0.0
18007,Benton County,IN,3/16/2026 6:00,0.0,0.001451601320877671,0.0,0.0
18007,Benton County,IN,3/16/2026 7:00,0.0,0.001443509105592966,0.0,0.0
18007,Benton County,IN,3/16/2026 8:00,0.0,0.0017166608478873966,0.0,0.0
18007,Benton County,IN,3/16/2026 9:00,0.0,0.002025755262002349,0.0,0.0
18007,Benton County,IN,3/16/2026 10:00,0.0,0.0018772884737700223,0.0,0.0
18007,Benton County,IN,3/16/2026 11:00,0.0,0.002292689960449934,0.0,0.0
18007,Benton County,IN,3/16/2026 12:00,0.0,0.002779227215796709,0.0,0.0
18007,Benton County,IN,3/16/2026 13:00,0.0,0.00311826141551137,0.0,0.0
18007,Benton County,IN,3/16/2026 14:00,0.0,0.0030135089997202157,0.0,0.0
18007,Benton County,IN,3/16/2026 15:00,0.0,0.0030209819786250593,0.0,0.0
18007,Benton County,IN,3/16/2026 16:00,0.0,0.002354830875992775,0.0,0.0
18007,Benton County,IN,3/16/2026 17:00,0.0010871384292840958,0.0021708527114242316,0.0,0.0
18007,Benton County,IN,3/16/2026 18:00,0.0011248558294028044,0.0018552564084529876,0.0,0.0
18007,Benton County,IN,3/16/2026 19:00,0.0,0.0,0.0,0.0
18007,Benton County,IN,3/16/2026 20:00,0.0012255068868398666,0.0,0.0,0.0
18007,Benton County,IN,3/16/2026 21:00,0.0011253757402300835,0.0,0.0,0.0
18007,Benton County,IN,3/16/2026 22:00,0.0014145461609587073,0.0,0.0,0.0
18007,Benton County,IN,3/16/2026 23:00,0.0,0.0,0.0,0.0
18007,Benton County,IN,3/17/2026 0:00,0.0,0.0,0.0,0.0
18007,Benton County,IN,3/17/2026 1:00,0.0,0.0,0.0,0.0
18007,Benton County,IN,3/17/2026 2:00,0.0,0.0,0.0,0.0
18007,Benton County,IN,3/17/2026 3:00,0.0,0.0,0.0,0.0
18007,Benton County,IN,3/17/2026 4:00,0.0,0.0,0.0,0.0
18007,Benton County,IN,3/17/2026 5:00,0.0,0.0,0.0,0.0
18007,Benton County,IN,3/17/2026 6:00,0.0,0.0013757580076344312,0.0,0.0
18007,Benton County,IN,3/17/2026 7:00,0.0,0.0011721574352122842,0.0,0.0
18007,Benton County,IN,3/17/2026 8:00,0.0,0.001558727363590151,0.0,0.0
18007,Benton County,IN,3/17/2026 9:00,0.0,0.0011994962114840746,0.0,0.0
18007,Benton County,IN,3/17/2026 10:00,0.0,0.0,0.0,0.0
18007,Benton County,IN,3/17/2026 11:00,0.0,0.0012875548098236322,0.0,0.0
18007,Benton County,IN,3/17/2026 12:00,0.0010816270078066736,0.0,0.0,0.0
18007,Benton County,IN,3/17/2026 13:00,0.0015129629900911823,0.0011328941269312053,0.0,0.0
18007,Benton County,IN,3/17/2026 14:00,0.0010707477340474725,0.0,0.0,0.0
18007,Benton County,IN,3/17/2026 15:00,0.0,0.0,0.0,0.0
18007,Benton County,IN,3/17/2026 16:00,0.0,0.0010432404465973376,0.0,0.0
18007,Benton County,IN,3/17/2026 17:00,0.0,0.0010172546142712235,0.0,0.0
18007,Benton County,IN,3/17/2026 18:00,0.0,0.0,0.0,0.0
18007,Benton County,IN,3/17/2026 19:00,0.0,0.0,0.0,0.0
18007,Benton County,IN,3/17/2026 20:00,0.0,0.0,0.0,0.0
18007,Benton County,IN,3/17/2026 21:00,0.0,0.0,0.0,0.0
18007,Benton County,IN,3/17/2026 22:00,0.0,0.0,0.0,0.0
18007,Benton County,IN,3/17/2026 23:00,0.0,0.0014314271651528544,0.0,0.0
18007,Benton County,IN,3/18/2026 0:00,0.0,0.001491725561209023,0.0,
18007,Benton County,IN,3/18/2026 1:00,0.0,0.0,0.0,
18007,Benton County,IN,3/18/2026 2:00,0.0,0.0,0.0,
18007,Benton County,IN,3/18/2026 3:00,0.0,0.0,0.0,
18007,Benton County,IN,3/18/2026 4:00,0.00106241341563873,0.0,0.0,
18007,Benton County,IN,3/18/2026 5:00,0.00115049205487594,0.0,0.0,
18007,Benton County,IN,3/18/2026 6:00,0.0,0.0,0.0,
18007,Benton County,IN,3/18/2026 7:00,0.0,0.0,0.0,
18007,Benton County,IN,3/18/2026 8:00,0.0,0.0,0.0,
18007,Benton County,IN,3/18/2026 9:00,0.0,0.0,0.0,
18007,Benton County,IN,3/18/2026 10:00,0.0011089853760495316,0.0,0.0,
18007,Benton County,IN,3/18/2026 11:00,0.0010874228391912766,0.0,0.0,
18007,Benton County,IN,3/18/2026 12:00,0.0,0.0,0.0,
18007,Benton County,IN,3/18/2026 13:00,0.0,0.0,0.0,
18007,Benton County,IN,3/18/2026 14:00,0.0,0.0,0.0,
18007,Benton County,IN,3/18/2026 15:00,0.0,0.0,0.0,
18007,Benton County,IN,3/18/2026 16:00,0.0,0.0,0.0,
18007,Benton County,IN,3/18/2026 17:00,0.0,0.0,0.0,
18007,Benton County,IN,3/18/2026 18:00,0.0,0.0,0.0,
18007,Benton County,IN,3/18/2026 19:00,0.0,0.0,0.0,
18007,Benton County,IN,3/18/2026 20:00,0.0,0.0,0.0,
18007,Benton County,IN,3/18/2026 21:00,0.0,0.0,0.0,
18007,Benton County,IN,3/18/2026 22:00,0.0,0.0,0.0,
18007,Benton County,IN,3/18/2026 23:00,0.0,0.0,0.0,
18007,Benton County,IN,3/19/2026 0:00,0.0,0.0,,
18007,Benton County,IN,3/19/2026 1:00,0.0,0.0,,
18007,Benton County,IN,3/19/2026 2:00,0.0,0.0,,
18007,Benton County,IN,3/19/2026 3:00,0.0,0.0,,
18007,Benton County,IN,3/19/2026 4:00,0.0,0.0,,
18007,Benton County,IN,3/19/2026 5:00,0.0,0.0,,
18007,Benton County,IN,3/19/2026 6:00,0.0,0.0,,
18007,Benton County,IN,3/19/2026 7:00,0.0,0.0,,
18007,Benton County,IN,3/19/2026 8:00,0.0,0.0,,
18007,Benton County,IN,3/19/2026 9:00,0.0,0.0,,
18007,Benton County,IN,3/19/2026 10:00,0.0,0.0,,
18007,Benton County,IN,3/19/2026 11:00,0.0,0.0,,
18007,Benton County,IN,3/19/2026 12:00,0.0,0.0,,
18007,Benton County,IN,3/19/2026 13:00,0.0,0.0,,
18007,Benton County,IN,3/19/2026 14:00,0.0,0.0,,
18007,Benton County,IN,3/19/2026 15:00,0.0,0.0,,
18007,Benton County,IN,3/19/2026 16:00,0.0,0.0,,
18007,Benton County,IN,3/19/2026 17:00,0.0,0.0,,
18007,Benton County,IN,3/19/2026 18:00,0.0,,,
18007,Benton County,IN,3/19/2026 19:00,0.0,,,
18007,Benton County,IN,3/19/2026 20:00,0.0,,,
18007,Benton County,IN,3/19/2026 21:00,0.0,,,
18007,Benton County,IN,3/19/2026 22:00,0.0,,,
18007,Benton County,IN,3/19/2026 23:00,,,,
18011,Boone County,IN,3/14/2026 0:00,0.0,0.0,0.0,0.004736095735279377
18011,Boone County,IN,3/14/2026 1:00,0.0,0.0,0.0,0.003566014120588079
18011,Boone County,IN,3/14/2026 2:00,0.0,0.0,0.0,0.0030461158050457014
18011,Boone County,IN,3/14/2026 3:00,0.0,0.0,0.0,0.003325679035333451
18011,Boone County,IN,3/14/2026 4:00,0.0,0.0,0.0,0.002993230745778419
18011,Boone County,IN,3/14/2026 5:00,0.0,0.0,0.0,0.0020822916769247966
18011,Boone County,IN,3/14/2026 6:00,0.0,0.0,0.0,0.0020681639143731445
18011,Boone County,IN,3/14/2026 7:00,0.0,0.0,0.0,0.0017028082787874156
18011,Boone County,IN,3/14/2026 8:00,0.0,0.0,0.0,0.0019046121824430884
18011,Boone County,IN,3/14/2026 9:00,0.0,0.0,0.0,0.0017200018715811892
18011,Boone County,IN,3/14/2026 10:00,0.0010902388021349907,0.0,0.0,0.0010617860170896165
18011,Boone County,IN,3/14/2026 11:00,0.0010338186984881759,0.0,0.0,0.0
18011,Boone County,IN,3/14/2026 12:00,0.0011068248422816396,0.0,0.0012126546338549816,0.0
18011,Boone County,IN,3/14/2026 13:00,0.0,0.0,0.002943532110657543,0.0
18011,Boone County,IN,3/14/2026 14:00,0.0010215751826763153,0.0,0.0032292834119289184,0.0
18011,Boone County,IN,3/14/2026 15:00,0.0,0.0,0.002341094677103683,0.0
18011,Boone County,IN,3/14/2026 16:00,0.0,0.0,0.0026515291596297176,0.0
18011,Boone County,IN,3/14/2026 17:00,0.0,0.0,0.0031271763728000224,0.0
18011,Boone County,IN,3/14/2026 18:00,0.0,0.0,0.0024770767602603884,0.0
18011,Boone County,IN,3/14/2026 19:00,0.0,0.0,0.0021944244974292813,0.0
18011,Boone County,IN,3/14/2026 20:00,0.0,0.0,0.0020746380498167126,0.0
18011,Boone County,IN,3/14/2026 21:00,0.0,0.0,0.0020398544234922155,0.0
18011,Boone County,IN,3/14/2026 22:00,0.0,0.0,0.0017785217089112848,0.0
18011,Boone County,IN,3/14/2026 23:00,0.0,0.0,0.003762792411725968,0.0
18011,Boone County,IN,3/15/2026 0:00,0.0,0.0,0.0035318344860570507,0.0
18011,Boone County,IN,3/15/2026 1:00,0.0,0.0,0.002681547276188212,0.0
18011,Boone County,IN,3/15/2026 2:00,0.0,0.0,0.0024118188361171634,0.0
18011,Boone County,IN,3/15/2026 3:00,0.0,0.0,0.0024246419314295055,0.0
18011,Boone County,IN,3/15/2026 4:00,0.0,0.0,0.001451554441882763,0.0
18011,Boone County,IN,3/15/2026 5:00,0.0,0.0,0.0017907972214743495,0.0
18011,Boone County,IN,3/15/2026 6:00,0.0,0.002492805733345449,0.001611676964967046,0.0
18011,Boone County,IN,3/15/2026 7:00,0.0,0.003439535410143435,0.00174924970488064,0.0
18011,Boone County,IN,3/15/2026 8:00,0.0,0.0030347509746206924,0.0018000439420575276,0.0
18011,Boone County,IN,3/15/2026 9:00,0.0,0.0019407349172979593,0.0014609495847253129,0.0
18011,Boone County,IN,3/15/2026 10:00,0.0,0.0024734827005886474,0.0013865097396774217,0.0
18011,Boone County,IN,3/15/2026 11:00,0.0024519508879166096,0.0032161198556423186,0.0,0.0
18011,Boone County,IN,3/15/2026 12:00,0.0028326661267783493,0.00166315091191791,0.0,0.0
18011,Boone County,IN,3/15/2026 13:00,0.0028187892748974264,0.0013963650853838772,0.0,0.0
18011,Boone County,IN,3/15/2026 14:00,0.0019580308435251936,0.0018650201091077179,0.0,0.0
18011,Boone County,IN,3/15/2026 15:00,0.002437486382405041,0.0018482984276488423,0.0,0.0
18011,Boone County,IN,3/15/2026 16:00,0.0032456305707455613,0.0029973221477121114,0.0,0.0
18011,Boone County,IN,3/15/2026 17:00,0.0018210165144409984,0.0048182821017690005,0.0,0.0
18011,Boone County,IN,3/15/2026 18:00,0.0,0.005466955155134201,0.0,0.0
18011,Boone County,IN,3/15/2026 19:00,0.0015694643661845475,0.003930471907369793,0.0,0.0
18011,Boone County,IN,3/15/2026 20:00,0.001232634298503399,0.0032973230583593248,0.0,0.0
18011,Boone County,IN,3/15/2026 21:00,0.0010639188112691045,0.0030136132845655084,0.0,0.0
18011,Boone County,IN,3/15/2026 22:00,0.0024990285746753216,0.002437480865046382,0.0,0.0
18011,Boone County,IN,3/15/2026 23:00,0.003936455934308469,0.0018985000206157565,0.0,0.0
18011,Boone County,IN,3/16/2026 0:00,0.0032702521421015263,0.0015775600215420127,0.0,0.0
18011,Boone County,IN,3/16/2026 1:00,0.0027449307963252068,0.0020756460260599853,0.0,0.0
18011,Boone County,IN,3/16/2026 2:00,0.0024636255111545324,0.0018223320948891342,0.0,0.0
18011,Boone County,IN,3/16/2026 3:00,0.0022197265061549842,0.0015960850287228823,0.0,0.0
18011,Boone County,IN,3/16/2026 4:00,0.0016532482113689184,0.0,0.0,0.0
18011,Boone County,IN,3/16/2026 5:00,0.0014204208855517209,0.0,0.0,0.0
18011,Boone County,IN,3/16/2026 6:00,0.001939088058861671,0.0,0.0,0.0
18011,Boone County,IN,3/16/2026 7:00,0.001737215912726242,0.0,0.0,0.0
18011,Boone County,IN,3/16/2026 8:00,0.0015130561987461988,0.0,0.0,0.0
18011,Boone County,IN,3/16/2026 9:00,0.0,0.0,0.0,0.0
18011,Boone County,IN,3/16/2026 10:00,0.0,0.0,0.0,0.0
18011,Boone County,IN,3/16/2026 11:00,0.0,0.0,0.0,0.0
18011,Boone County,IN,3/16/2026 12:00,0.0,0.0,0.0,0.0
18011,Boone County,IN,3/16/2026 13:00,0.0,0.0,0.0,0.0
18011,Boone County,IN,3/16/2026 14:00,0.0,0.0,0.0,0.0
18011,Boone County,IN,3/16/2026 15:00,0.0,0.0,0.0,0.0
18011,Boone County,IN,3/16/2026 16:00,0.0,0.0,0.0,0.0
18011,Boone County,IN,3/16/2026 17:00,0.0,0.0,0.0,0.0
18011,Boone County,IN,3/16/2026 18:00,0.0,0.0,0.0,0.0
18011,Boone County,IN,3/16/2026 19:00,0.0,0.0,0.0,0.0
18011,Boone County,IN,3/16/2026 20:00,0.0,0.0,0.0,0.0
18011,Boone County,IN,3/16/2026 21:00,0.0,0.0,0.0,0.0
18011,Boone County,IN,3/16/2026 22:00,0.0,0.0,0.0,0.0
18011,Boone County,IN,3/16/2026 23:00,0.0,0.0,0.0,0.0
18011,Boone County,IN,3/17/2026 0:00,0.0,0.0,0.0,0.0
18011,Boone County,IN,3/17/2026 1:00,0.0,0.0,0.0,0.0
18011,Boone County,IN,3/17/2026 2:00,0.0,0.0,0.0,0.0
18011,Boone County,IN,3/17/2026 3:00,0.0,0.0,0.0,0.0
18011,Boone County,IN,3/17/2026 4:00,0.0,0.0,0.0,0.0
18011,Boone County,IN,3/17/2026 5:00,0.0,0.0,0.0,0.0
18011,Boone County,IN,3/17/2026 6:00,0.0,0.0,0.0,0.0
18011,Boone County,IN,3/17/2026 7:00,0.0,0.0,0.0,0.0
18011,Boone County,IN,3/17/2026 8:00,0.0,0.0,0.0,0.0
18011,Boone County,IN,3/17/2026 9:00,0.0,0.0,0.0,0.0
18011,Boone County,IN,3/17/2026 10:00,0.0,0.0,0.0,0.0
18011,Boone County,IN,3/17/2026 11:00,0.0,0.0,0.0,0.0
18011,Boone County,IN,3/17/2026 12:00,0.0,0.0,0.0,0.0
18011,Boone County,IN,3/17/2026 13:00,0.0,0.0,0.0,0.0
18011,Boone County,IN,3/17/2026 14:00,0.0,0.0,0.0,0.0
18011,Boone County,IN,3/17/2026 15:00,0.0,0.0,0.0,0.0
18011,Boone County,IN,3/17/2026 16:00,0.0,0.0,0.0,0.0
18011,Boone County,IN,3/17/2026 17:00,0.0,0.0,0.0,0.0
18011,Boone County,IN,3/17/2026 18:00,0.0,0.0,0.0,0.0
18011,Boone County,IN,3/17/2026 19:00,0.0,0.0,0.0,0.0
18011,Boone County,IN,3/17/2026 20:00,0.0,0.0,0.0,0.0
18011,Boone County,IN,3/17/2026 21:00,0.0,0.0,0.0,0.0
18011,Boone County,IN,3/17/2026 22:00,0.0,0.0,0.0,0.0
18011,Boone County,IN,3/17/2026 23:00,0.0,0.0,0.0,0.0
18011,Boone County,IN,3/18/2026 0:00,0.0,0.0,0.0,
18011,Boone County,IN,3/18/2026 1:00,0.0,0.0,0.0,
18011,Boone County,IN,3/18/2026 2:00,0.0,0.0,0.0,
18011,Boone County,IN,3/18/2026 3:00,0.0,0.0,0.0,
18011,Boone County,IN,3/18/2026 4:00,0.0,0.0,0.0,
18011,Boone County,IN,3/18/2026 5:00,0.0,0.0,0.0,
18011,Boone County,IN,3/18/2026 6:00,0.0,0.0,0.0,
18011,Boone County,IN,3/18/2026 7:00,0.0,0.0,0.0,
18011,Boone County,IN,3/18/2026 8:00,0.0,0.0,0.0,
18011,Boone County,IN,3/18/2026 9:00,0.0,0.0,0.0,
18011,Boone County,IN,3/18/2026 10:00,0.0,0.0,0.0,
18011,Boone County,IN,3/18/2026 11:00,0.0,0.0,0.0,
18011,Boone County,IN,3/18/2026 12:00,0.0,0.0,0.0,
18011,Boone County,IN,3/18/2026 13:00,0.0,0.0,0.0,
18011,Boone County,IN,3/18/2026 14:00,0.0,0.0,0.0,
18011,Boone County,IN,3/18/2026 15:00,0.0,0.0,0.0,
18011,Boone County,IN,3/18/2026 16:00,0.0,0.0,0.0,
18011,Boone County,IN,3/18/2026 17:00,0.0,0.0,0.0,
18011,Boone County,IN,3/18/2026 18:00,0.0,0.0,0.0,
18011,Boone County,IN,3/18/2026 19:00,0.0,0.0,0.0,
18011,Boone County,IN,3/18/2026 20:00,0.0,0.0,0.0,
18011,Boone County,IN,3/18/2026 21:00,0.0,0.0,0.0,
18011,Boone County,IN,3/18/2026 22:00,0.0,0.0,0.0,
18011,Boone County,IN,3/18/2026 23:00,0.0,0.0,0.0,
18011,Boone County,IN,3/19/2026 0:00,0.0,0.0,,
18011,Boone County,IN,3/19/2026 1:00,0.0,0.0,,
18011,Boone County,IN,3/19/2026 2:00,0.0,0.0,,
18011,Boone County,IN,3/19/2026 3:00,0.0,0.0,,
18011,Boone County,IN,3/19/2026 4:00,0.0,0.0,,
18011,Boone County,IN,3/19/2026 5:00,0.0,0.0,,
18011,Boone County,IN,3/19/2026 6:00,0.0,0.0,,
18011,Boone County,IN,3/19/2026 7:00,0.0,0.0,,
18011,Boone County,IN,3/19/2026 8:00,0.0,0.0,,
18011,Boone County,IN,3/19/2026 9:00,0.0,0.0,,
18011,Boone County,IN,3/19/2026 10:00,0.0,0.0,,
18011,Boone County,IN,3/19/2026 11:00,0.0,0.0,,
18011,Boone County,IN,3/19/2026 12:00,0.0,0.0,,
18011,Boone County,IN,3/19/2026 13:00,0.0,0.0,,
18011,Boone County,IN,3/19/2026 14:00,0.0,0.0,,
18011,Boone County,IN,3/19/2026 15:00,0.0,0.0,,
18011,Boone County,IN,3/19/2026 16:00,0.0,0.0,,
18011,Boone County,IN,3/19/2026 17:00,0.0,0.0,,
18011,Boone County,IN,3/19/2026 18:00,0.0,,,
18011,Boone County,IN,3/19/2026 19:00,0.0,,,
18011,Boone County,IN,3/19/2026 20:00,0.0,,,
18011,Boone County,IN,3/19/2026 21:00,0.0,,,
18011,Boone County,IN,3/19/2026 22:00,0.0,,,
18011,Boone County,IN,3/19/2026 23:00,,,,
18015,Carroll County,IN,3/14/2026 0:00,0.0,0.0,0.0,0.0030252538388594987
18015,Carroll County,IN,3/14/2026 1:00,0.0,0.0,0.0,0.0028758762171491982
18015,Carroll County,IN,3/14/2026 2:00,0.0,0.0,0.0,0.0027997761848382653
18015,Carroll County,IN,3/14/2026 3:00,0.0,0.0,0.0,0.002965430339099839
18015,Carroll County,IN,3/14/2026 4:00,0.0,0.0,0.0,0.0029860909904527943
18015,Carroll County,IN,3/14/2026 5:00,0.0,0.0,0.0,0.0027073584104073236
18015,Carroll County,IN,3/14/2026 6:00,0.0,0.0,0.0,0.0028825325513025745
18015,Carroll County,IN,3/14/2026 7:00,0.0,0.0,0.0,0.0024515341778169387
18015,Carroll County,IN,3/14/2026 8:00,0.0,0.0,0.0,0.00236011744964344
18015,Carroll County,IN,3/14/2026 9:00,0.0,0.0,0.0,0.001306030116393231
18015,Carroll County,IN,3/14/2026 10:00,0.0,0.0,0.0,0.0
18015,Carroll County,IN,3/14/2026 11:00,0.0,0.0,0.0,0.0
18015,Carroll County,IN,3/14/2026 12:00,0.0,0.0,0.0,0.0
18015,Carroll County,IN,3/14/2026 13:00,0.0,0.0,0.0026025709216810355,0.0
18015,Carroll County,IN,3/14/2026 14:00,0.0,0.0,0.0018091489968355746,0.0
18015,Carroll County,IN,3/14/2026 15:00,0.0,0.0,0.0014736845274455844,0.0
18015,Carroll County,IN,3/14/2026 16:00,0.0,0.0,0.0021405161853181197,0.0
18015,Carroll County,IN,3/14/2026 17:00,0.0,0.0,0.0021348972019040956,0.0
18015,Carroll County,IN,3/14/2026 18:00,0.0,0.0,0.0028098101893192506,0.0
18015,Carroll County,IN,3/14/2026 19:00,0.0,0.0,0.0015887027917415252,0.0
18015,Carroll County,IN,3/14/2026 20:00,0.0,0.0,0.002730288059683517,0.0
18015,Carroll County,IN,3/14/2026 21:00,0.0,0.0,0.0024327084378455766,0.0
18015,Carroll County,IN,3/14/2026 22:00,0.0,0.0,0.0035576828522607684,0.0
18015,Carroll County,IN,3/14/2026 23:00,0.0,0.0,0.004489988996647298,0.0
18015,Carroll County,IN,3/15/2026 0:00,0.0,0.0,0.0031211961642839013,0.0
18015,Carroll County,IN,3/15/2026 1:00,0.0,0.0,0.003923831720021554,0.0
18015,Carroll County,IN,3/15/2026 2:00,0.0,0.0,0.0030300783939310348,0.0
18015,Carroll County,IN,3/15/2026 3:00,0.0,0.0,0.0034770137048326434,0.0
18015,Carroll County,IN,3/15/2026 4:00,0.0,0.001524107574368827,0.003315465338528156,0.0
18015,Carroll County,IN,3/15/2026 5:00,0.0,0.0011696752742864191,0.0030502702575176954,0.0
18015,Carroll County,IN,3/15/2026 6:00,0.0,0.0015056494069995096,0.0020574965921696274,0.0
18015,Carroll County,IN,3/15/2026 7:00,0.0,0.0022797100129537283,0.0016049180703703314,0.0
18015,Carroll County,IN,3/15/2026 8:00,0.0,0.0015178899979218841,0.0,0.0
18015,Carroll County,IN,3/15/2026 9:00,0.0016361431335099041,0.0014659548540294054,0.0,0.0
18015,Carroll County,IN,3/15/2026 10:00,0.001224420833750628,0.0016306384350173175,0.0,0.0
18015,Carroll County,IN,3/15/2026 11:00,0.001368739627650939,0.0020921903604175897,0.0,0.0
18015,Carroll County,IN,3/15/2026 12:00,0.001901184004964307,0.002024657468427904,0.0,0.0
18015,Carroll County,IN,3/15/2026 13:00,0.0,0.0014475873715127819,0.0,0.0
18015,Carroll County,IN,3/15/2026 14:00,0.0,0.0022628225793596356,0.0,0.0
18015,Carroll County,IN,3/15/2026 15:00,0.0013770969526376575,0.003045133990235627,0.0,0.0
18015,Carroll County,IN,3/15/2026 16:00,0.0014786315150558949,0.0056504466570913795,0.0,0.0
18015,Carroll County,IN,3/15/2026 17:00,0.0011651635868474841,0.006273907935246825,0.0,0.0
18015,Carroll County,IN,3/15/2026 18:00,0.0,0.006800270266830921,0.0,0.0
18015,Carroll County,IN,3/15/2026 19:00,0.0014926066505722702,0.005587194534018636,0.0,0.0
18015,Carroll County,IN,3/15/2026 20:00,0.0024626294034533203,0.003331442270427942,0.0,0.0
18015,Carroll County,IN,3/15/2026 21:00,0.004751738626509905,0.003285110043361783,0.0,0.0
18015,Carroll County,IN,3/15/2026 22:00,0.005219611688517034,0.0032201504800468683,0.0,0.0
18015,Carroll County,IN,3/15/2026 23:00,0.005388610647059977,0.0028128890320658685,0.0,0.0
18015,Carroll County,IN,3/16/2026 0:00,0.0037157844053581357,0.0025367420399561524,0.0,0.0
18015,Carroll County,IN,3/16/2026 1:00,0.0033474190859124064,0.0027353052282705903,0.0,0.0
18015,Carroll County,IN,3/16/2026 2:00,0.0034196717315353453,0.0027750699984608216,0.0,0.0
18015,Carroll County,IN,3/16/2026 3:00,0.0032371193810831755,0.0014004123921040445,0.0,0.0
18015,Carroll County,IN,3/16/2026 4:00,0.002577405917691067,0.0014781673322431742,0.0,0.0
18015,Carroll County,IN,3/16/2026 5:00,0.0022195266792550683,0.0012035951294819824,0.0,0.0
18015,Carroll County,IN,3/16/2026 6:00,0.002544630733609665,0.001410838373703882,0.0,0.0
18015,Carroll County,IN,3/16/2026 7:00,0.002774117252556607,0.0011627275845967234,0.0,0.0
18015,Carroll County,IN,3/16/2026 8:00,0.0018716498161666095,0.0011677596499794162,0.0,0.0
18015,Carroll County,IN,3/16/2026 9:00,0.00153284097177675,0.0010774774957098999,0.0,0.0
18015,Carroll County,IN,3/16/2026 10:00,0.0012689183167822193,0.0,0.0,0.0
18015,Carroll County,IN,3/16/2026 11:00,0.0015872894873609766,0.0010983619460603223,0.0,0.0
18015,Carroll County,IN,3/16/2026 12:00,0.0014220064913388342,0.0,0.0,0.0
18015,Carroll County,IN,3/16/2026 13:00,0.001470238872570917,0.0,0.0,0.0
18015,Carroll County,IN,3/16/2026 14:00,0.00122302099771332,0.0010937949053186457,0.0,0.0
18015,Carroll County,IN,3/16/2026 15:00,0.0,0.0,0.0,0.0
18015,Carroll County,IN,3/16/2026 16:00,0.0011518979881657287,0.0013084281879855552,0.0,0.0
18015,Carroll County,IN,3/16/2026 17:00,0.0,0.0,0.0,0.0
18015,Carroll County,IN,3/16/2026 18:00,0.0,0.0,0.0,0.0
18015,Carroll County,IN,3/16/2026 19:00,0.001327066944213584,0.0,0.0,0.0
18015,Carroll County,IN,3/16/2026 20:00,0.0,0.0,0.0,0.0
18015,Carroll County,IN,3/16/2026 21:00,0.0012620825946214609,0.0,0.0,0.0
18015,Carroll County,IN,3/16/2026 22:00,0.0,0.0,0.0,0.0
18015,Carroll County,IN,3/16/2026 23:00,0.0,0.0,0.0,0.0
18015,Carroll County,IN,3/17/2026 0:00,0.0,0.0,0.0,0.0
18015,Carroll County,IN,3/17/2026 1:00,0.0,0.0,0.0,0.0
18015,Carroll County,IN,3/17/2026 2:00,0.0,0.0,0.0,0.0
18015,Carroll County,IN,3/17/2026 3:00,0.0,0.0,0.0,0.0
18015,Carroll County,IN,3/17/2026 4:00,0.0,0.0,0.0,0.0
18015,Carroll County,IN,3/17/2026 5:00,0.0,0.0,0.0,0.0
18015,Carroll County,IN,3/17/2026 6:00,0.0,0.0,0.0,0.0
18015,Carroll County,IN,3/17/2026 7:00,0.0,0.0,0.0,0.0
18015,Carroll County,IN,3/17/2026 8:00,0.0,0.0,0.0,0.0
18015,Carroll County,IN,3/17/2026 9:00,0.0,0.0,0.0,0.0
18015,Carroll County,IN,3/17/2026 10:00,0.0,0.0,0.0,0.0
18015,Carroll County,IN,3/17/2026 11:00,0.0,0.0,0.0,0.0
18015,Carroll County,IN,3/17/2026 12:00,0.0,0.0,0.0,0.0
18015,Carroll County,IN,3/17/2026 13:00,0.0,0.0,0.0,0.0
18015,Carroll County,IN,3/17/2026 14:00,0.0,0.0,0.0,0.0
18015,Carroll County,IN,3/17/2026 15:00,0.0,0.0,0.0,0.0
18015,Carroll County,IN,3/17/2026 16:00,0.0,0.0,0.0,0.0
18015,Carroll County,IN,3/17/2026 17:00,0.0,0.0,0.0,0.0
18015,Carroll County,IN,3/17/2026 18:00,0.0,0.0,0.0,0.0
18015,Carroll County,IN,3/17/2026 19:00,0.0,0.0,0.0,0.0
18015,Carroll County,IN,3/17/2026 20:00,0.0,0.0,0.0,0.0
18015,Carroll County,IN,3/17/2026 21:00,0.0,0.0,0.0,0.0
18015,Carroll County,IN,3/17/2026 22:00,0.0,0.0,0.0,0.0
18015,Carroll County,IN,3/17/2026 23:00,0.0,0.0,0.0,0.0
18015,Carroll County,IN,3/18/2026 0:00,0.0,0.0,0.0,
18015,Carroll County,IN,3/18/2026 1:00,0.0,0.0,0.0,
18015,Carroll County,IN,3/18/2026 2:00,0.0,0.0,0.0,
18015,Carroll County,IN,3/18/2026 3:00,0.0,0.0,0.0,
18015,Carroll County,IN,3/18/2026 4:00,0.0,0.0,0.0,
18015,Carroll County,IN,3/18/2026 5:00,0.0,0.0,0.0,
18015,Carroll County,IN,3/18/2026 6:00,0.0,0.0,0.0,
18015,Carroll County,IN,3/18/2026 7:00,0.0,0.0,0.0,
18015,Carroll County,IN,3/18/2026 8:00,0.0,0.0,0.0,
18015,Carroll County,IN,3/18/2026 9:00,0.0,0.0,0.0,
18015,Carroll County,IN,3/18/2026 10:00,0.0,0.0,0.0,
18015,Carroll County,IN,3/18/2026 11:00,0.0,0.0,0.0,
18015,Carroll County,IN,3/18/2026 12:00,0.0,0.0,0.0,
18015,Carroll County,IN,3/18/2026 13:00,0.0,0.0,0.0,
18015,Carroll County,IN,3/18/2026 14:00,0.0,0.0,0.0,
18015,Carroll County,IN,3/18/2026 15:00,0.0,0.0,0.0,
18015,Carroll County,IN,3/18/2026 16:00,0.0,0.0,0.0,
18015,Carroll County,IN,3/18/2026 17:00,0.0,0.0,0.0,
18015,Carroll County,IN,3/18/2026 18:00,0.0,0.0,0.0,
18015,Carroll County,IN,3/18/2026 19:00,0.0,0.0,0.0,
18015,Carroll County,IN,3/18/2026 20:00,0.0,0.0,0.0,
18015,Carroll County,IN,3/18/2026 21:00,0.0,0.0,0.0,
18015,Carroll County,IN,3/18/2026 22:00,0.0,0.0,0.0,
18015,Carroll County,IN,3/18/2026 23:00,0.0,0.0,0.0,
18015,Carroll County,IN,3/19/2026 0:00,0.0,0.0,,
18015,Carroll County,IN,3/19/2026 1:00,0.0,0.0,,
18015,Carroll County,IN,3/19/2026 2:00,0.0,0.0,,
18015,Carroll County,IN,3/19/2026 3:00,0.0,0.0,,
18015,Carroll County,IN,3/19/2026 4:00,0.0,0.0,,
18015,Carroll County,IN,3/19/2026 5:00,0.0,0.0,,
18015,Carroll County,IN,3/19/2026 6:00,0.0,0.0,,
18015,Carroll County,IN,3/19/2026 7:00,0.0,0.0,,
18015,Carroll County,IN,3/19/2026 8:00,0.0,0.0,,
18015,Carroll County,IN,3/19/2026 9:00,0.0,0.0,,
18015,Carroll County,IN,3/19/2026 10:00,0.0,0.0,,
18015,Carroll County,IN,3/19/2026 11:00,0.0,0.0,,
18015,Carroll County,IN,3/19/2026 12:00,0.0,0.0,,
18015,Carroll County,IN,3/19/2026 13:00,0.0,0.0,,
18015,Carroll County,IN,3/19/2026 14:00,0.0,0.0,,
18015,Carroll County,IN,3/19/2026 15:00,0.0,0.0,,
18015,Carroll County,IN,3/19/2026 16:00,0.0,0.0,,
18015,Carroll County,IN,3/19/2026 17:00,0.0,0.0,,
18015,Carroll County,IN,3/19/2026 18:00,0.0,,,
18015,Carroll County,IN,3/19/2026 19:00,0.0,,,
18015,Carroll County,IN,3/19/2026 20:00,0.0,,,
18015,Carroll County,IN,3/19/2026 21:00,0.0,,,
18015,Carroll County,IN,3/19/2026 22:00,0.0,,,
18015,Carroll County,IN,3/19/2026 23:00,,,,
18017,Cass County,IN,3/14/2026 0:00,0.0,0.0,0.0,0.0036514944629743697
18017,Cass County,IN,3/14/2026 1:00,0.0,0.0,0.0,0.003346186969429255
18017,Cass County,IN,3/14/2026 2:00,0.0,0.0,0.0,0.0028827321832068263
18017,Cass County,IN,3/14/2026 3:00,0.0,0.0,0.0,0.003037172550102696
18017,Cass County,IN,3/14/2026 4:00,0.0,0.0,0.0,0.002913599944440648
18017,Cass County,IN,3/14/2026 5:00,0.0,0.0,0.0,0.0024759109073784202
18017,Cass County,IN,3/14/2026 6:00,0.0,0.0,0.0,0.0026205624919384716
18017,Cass County,IN,3/14/2026 7:00,0.0,0.0,0.0,0.0016840808384586126
18017,Cass County,IN,3/14/2026 8:00,0.0,0.0,0.0,0.001773666481676628
18017,Cass County,IN,3/14/2026 9:00,0.0,0.0,0.0,0.0012076801620423793
18017,Cass County,IN,3/14/2026 10:00,0.0,0.0,0.0,0.0014352143422001972
18017,Cass County,IN,3/14/2026 11:00,0.0,0.0,0.0,0.0
18017,Cass County,IN,3/14/2026 12:00,0.0,0.0,0.0,0.0
18017,Cass County,IN,3/14/2026 13:00,0.0,0.0,0.0010826284742506687,0.0
18017,Cass County,IN,3/14/2026 14:00,0.0,0.0,0.0020651983009884133,0.0
18017,Cass County,IN,3/14/2026 15:00,0.0,0.0,0.0,0.0
18017,Cass County,IN,3/14/2026 16:00,0.0,0.0,0.001299420559371356,0.0
18017,Cass County,IN,3/14/2026 17:00,0.0,0.0,0.001205714689422166,0.0
18017,Cass County,IN,3/14/2026 18:00,0.0,0.0,0.0018496077362215146,0.0
18017,Cass County,IN,3/14/2026 19:00,0.0,0.0,0.0,0.0
18017,Cass County,IN,3/14/2026 20:00,0.0,0.0,0.001525850294274278,0.0
18017,Cass County,IN,3/14/2026 21:00,0.0,0.0,0.0017802045622374862,0.0
18017,Cass County,IN,3/14/2026 22:00,0.0,0.0,0.0026619595009833574,0.0
18017,Cass County,IN,3/14/2026 23:00,0.0,0.0,0.0033472901443019508,0.0
18017,Cass County,IN,3/15/2026 0:00,0.0,0.0,0.0023744810139760377,0.0
18017,Cass County,IN,3/15/2026 1:00,0.0,0.0,0.0031468581408262255,0.0
18017,Cass County,IN,3/15/2026 2:00,0.0,0.0,0.0018796691671013833,0.0
18017,Cass County,IN,3/15/2026 3:00,0.0,0.0,0.0024081341223791243,0.0
18017,Cass County,IN,3/15/2026 4:00,0.0,0.0,0.0016075146035291255,0.0
18017,Cass County,IN,3/15/2026 5:00,0.0,0.0,0.0014966097980504856,0.0
18017,Cass County,IN,3/15/2026 6:00,0.0,0.001039838488213718,0.0,0.0
18017,Cass County,IN,3/15/2026 7:00,0.0,0.0014001160161569715,0.0,0.0
18017,Cass County,IN,3/15/2026 8:00,0.0,0.001699689286760986,0.0,0.0
18017,Cass County,IN,3/15/2026 9:00,0.0,0.0,0.0,0.0
18017,Cass County,IN,3/15/2026 10:00,0.0,0.0010496890870854258,0.0,0.0
18017,Cass County,IN,3/15/2026 11:00,0.0,0.001402681227773428,0.0,0.0
18017,Cass County,IN,3/15/2026 12:00,0.0010825021308846772,0.0010693280026316642,0.0,0.0
18017,Cass County,IN,3/15/2026 13:00,0.0015209716511890292,0.001498776930384338,0.0,0.0
18017,Cass County,IN,3/15/2026 14:00,0.0,0.0010931255761533975,0.0,0.0
18017,Cass County,IN,3/15/2026 15:00,0.0011009889130946249,0.001937898015603423,0.0,0.0
18017,Cass County,IN,3/15/2026 16:00,0.0014199296419974416,0.004700050130486489,0.0,0.0
18017,Cass County,IN,3/15/2026 17:00,0.0010688230977393687,0.0038127428852021694,0.0,0.0
18017,Cass County,IN,3/15/2026 18:00,0.0,0.004912878572940827,0.0,0.0
18017,Cass County,IN,3/15/2026 19:00,0.0,0.0039668545126914975,0.0,0.0
18017,Cass County,IN,3/15/2026 20:00,0.0,0.0031284512020647525,0.0,0.0
18017,Cass County,IN,3/15/2026 21:00,0.0027292585000395775,0.001351678417995572,0.0,0.0
18017,Cass County,IN,3/15/2026 22:00,0.0028152093291282654,0.001264958782121539,0.0,0.0
18017,Cass County,IN,3/15/2026 23:00,0.004375634016469121,0.0012502133380621673,0.0,0.0
18017,Cass County,IN,3/16/2026 0:00,0.0039931845385581255,0.0010136425029486419,0.0,0.0
18017,Cass County,IN,3/16/2026 1:00,0.0023051219759508967,0.0010703269916120916,0.0,0.0
18017,Cass County,IN,3/16/2026 2:00,0.0010553118772804737,0.0010337330866605043,0.0,0.0
18017,Cass County,IN,3/16/2026 3:00,0.00106417341157794,0.0,0.0,0.0
18017,Cass County,IN,3/16/2026 4:00,0.0,0.0,0.0,0.0
18017,Cass County,IN,3/16/2026 5:00,0.0,0.0,0.0,0.0
18017,Cass County,IN,3/16/2026 6:00,0.0,0.0,0.0,0.0
18017,Cass County,IN,3/16/2026 7:00,0.0,0.0,0.0,0.0
18017,Cass County,IN,3/16/2026 8:00,0.0,0.0,0.0,0.0
18017,Cass County,IN,3/16/2026 9:00,0.0,0.0,0.0,0.0
18017,Cass County,IN,3/16/2026 10:00,0.0,0.0,0.0,0.0
18017,Cass County,IN,3/16/2026 11:00,0.0,0.0,0.0,0.0
18017,Cass County,IN,3/16/2026 12:00,0.0,0.0,0.0,0.0
18017,Cass County,IN,3/16/2026 13:00,0.0,0.0,0.0,0.0
18017,Cass County,IN,3/16/2026 14:00,0.0,0.0,0.0,0.0
18017,Cass County,IN,3/16/2026 15:00,0.0,0.0,0.0,0.0
18017,Cass County,IN,3/16/2026 16:00,0.0,0.0,0.0,0.0
18017,Cass County,IN,3/16/2026 17:00,0.0,0.001016632818209473,0.0,0.0
18017,Cass County,IN,3/16/2026 18:00,0.0,0.0,0.0,0.0
18017,Cass County,IN,3/16/2026 19:00,0.0,0.0,0.0,0.0
18017,Cass County,IN,3/16/2026 20:00,0.0,0.0,0.0,0.0
18017,Cass County,IN,3/16/2026 21:00,0.0,0.0,0.0,0.0
18017,Cass County,IN,3/16/2026 22:00,0.0,0.0,0.0,0.0
18017,Cass County,IN,3/16/2026 23:00,0.0,0.0,0.0,0.0
18017,Cass County,IN,3/17/2026 0:00,0.0,0.0,0.0,0.0
18017,Cass County,IN,3/17/2026 1:00,0.0,0.0,0.0,0.0
18017,Cass County,IN,3/17/2026 2:00,0.0,0.0,0.0,0.0
18017,Cass County,IN,3/17/2026 3:00,0.0,0.0,0.0,0.0
18017,Cass County,IN,3/17/2026 4:00,0.0,0.0,0.0,0.0
18017,Cass County,IN,3/17/2026 5:00,0.0,0.0,0.0,0.0
18017,Cass County,IN,3/17/2026 6:00,0.0,0.0,0.0,0.0
18017,Cass County,IN,3/17/2026 7:00,0.0,0.0,0.0,0.0
18017,Cass County,IN,3/17/2026 8:00,0.0,0.0,0.0,0.0
18017,Cass County,IN,3/17/2026 9:00,0.0,0.0,0.0,0.0
18017,Cass County,IN,3/17/2026 10:00,0.0,0.0,0.0,0.0
18017,Cass County,IN,3/17/2026 11:00,0.0,0.0,0.0,0.0
18017,Cass County,IN,3/17/2026 12:00,0.0,0.0,0.0,0.0
18017,Cass County,IN,3/17/2026 13:00,0.0,0.0,0.0,0.0
18017,Cass County,IN,3/17/2026 14:00,0.0,0.0,0.0,0.0
18017,Cass County,IN,3/17/2026 15:00,0.0,0.0,0.0,0.0
18017,Cass County,IN,3/17/2026 16:00,0.0,0.0,0.0,0.0
18017,Cass County,IN,3/17/2026 17:00,0.0,0.0,0.0,0.0
18017,Cass County,IN,3/17/2026 18:00,0.0,0.0,0.0,0.0
18017,Cass County,IN,3/17/2026 19:00,0.0,0.0,0.0,0.0
18017,Cass County,IN,3/17/2026 20:00,0.0,0.0,0.0,0.0
18017,Cass County,IN,3/17/2026 21:00,0.0,0.0,0.0,0.0
18017,Cass County,IN,3/17/2026 22:00,0.0,0.0,0.0,0.0
18017,Cass County,IN,3/17/2026 23:00,0.0,0.0,0.0,0.0
18017,Cass County,IN,3/18/2026 0:00,0.0,0.0,0.0,
18017,Cass County,IN,3/18/2026 1:00,0.0,0.0,0.0,
18017,Cass County,IN,3/18/2026 2:00,0.0,0.0,0.0,
18017,Cass County,IN,3/18/2026 3:00,0.0,0.0,0.0,
18017,Cass County,IN,3/18/2026 4:00,0.0,0.0,0.0,
18017,Cass County,IN,3/18/2026 5:00,0.0,0.0,0.0,
18017,Cass County,IN,3/18/2026 6:00,0.0,0.0,0.0,
18017,Cass County,IN,3/18/2026 7:00,0.0,0.0,0.0,
18017,Cass County,IN,3/18/2026 8:00,0.0,0.0,0.0,
18017,Cass County,IN,3/18/2026 9:00,0.0,0.0,0.0,
18017,Cass County,IN,3/18/2026 10:00,0.0,0.0,0.0,
18017,Cass County,IN,3/18/2026 11:00,0.0,0.0,0.0,
18017,Cass County,IN,3/18/2026 12:00,0.0,0.0,0.0,
18017,Cass County,IN,3/18/2026 13:00,0.0,0.0,0.0,
18017,Cass County,IN,3/18/2026 14:00,0.0,0.0,0.0,
18017,Cass County,IN,3/18/2026 15:00,0.0,0.0,0.0,
18017,Cass County,IN,3/18/2026 16:00,0.0,0.0,0.0,
18017,Cass County,IN,3/18/2026 17:00,0.0,0.0,0.0,
18017,Cass County,IN,3/18/2026 18:00,0.0,0.0,0.0,
18017,Cass County,IN,3/18/2026 19:00,0.0,0.0,0.0,
18017,Cass County,IN,3/18/2026 20:00,0.0,0.0,0.0,
18017,Cass County,IN,3/18/2026 21:00,0.0,0.0,0.0,
18017,Cass County,IN,3/18/2026 22:00,0.0,0.0,0.0,
18017,Cass County,IN,3/18/2026 23:00,0.0,0.0,0.0,
18017,Cass County,IN,3/19/2026 0:00,0.0,0.0,,
18017,Cass County,IN,3/19/2026 1:00,0.0,0.0,,
18017,Cass County,IN,3/19/2026 2:00,0.0,0.0,,
18017,Cass County,IN,3/19/2026 3:00,0.0,0.0,,
18017,Cass County,IN,3/19/2026 4:00,0.0,0.0,,
18017,Cass County,IN,3/19/2026 5:00,0.0,0.0,,
18017,Cass County,IN,3/19/2026 6:00,0.0,0.0,,
18017,Cass County,IN,3/19/2026 7:00,0.0,0.0,,
18017,Cass County,IN,3/19/2026 8:00,0.0,0.0,,
18017,Cass County,IN,3/19/2026 9:00,0.0,0.0,,
18017,Cass County,IN,3/19/2026 10:00,0.0,0.0,,
18017,Cass County,IN,3/19/2026 11:00,0.0,0.0,,
18017,Cass County,IN,3/19/2026 12:00,0.0,0.0,,
18017,Cass County,IN,3/19/2026 13:00,0.0,0.0,,
18017,Cass County,IN,3/19/2026 14:00,0.0,0.0,,
18017,Cass County,IN,3/19/2026 15:00,0.0,0.0,,
18017,Cass County,IN,3/19/2026 16:00,0.0,0.0,,
18017,Cass County,IN,3/19/2026 17:00,0.0,0.0,,
18017,Cass County,IN,3/19/2026 18:00,0.0,,,
18017,Cass County,IN,3/19/2026 19:00,0.0,,,
18017,Cass County,IN,3/19/2026 20:00,0.0,,,
18017,Cass County,IN,3/19/2026 21:00,0.0,,,
18017,Cass County,IN,3/19/2026 22:00,0.0,,,
18017,Cass County,IN,3/19/2026 23:00,,,,
18019,Clark County,IN,3/14/2026 0:00,0.0,0.0,0.0,0.009703281888505444
18019,Clark County,IN,3/14/2026 1:00,0.0,0.0,0.0,0.00936684423359111
18019,Clark County,IN,3/14/2026 2:00,0.0,0.0,0.0,0.008149383455747738
18019,Clark County,IN,3/14/2026 3:00,0.0,0.0,0.0,0.005603409209288657
18019,Clark County,IN,3/14/2026 4:00,0.0,0.0,0.0,0.005211135104764253
18019,Clark County,IN,3/14/2026 5:00,0.0,0.0,0.0,0.004131944582331926
18019,Clark County,IN,3/14/2026 6:00,0.0,0.0,0.0,0.004324224754236638
18019,Clark County,IN,3/14/2026 7:00,0.0,0.0,0.0,0.004418108676327392
18019,Clark County,IN,3/14/2026 8:00,0.0,0.0,0.0,0.003244854579679668
18019,Clark County,IN,3/14/2026 9:00,0.0,0.0,0.0,0.00306717756902799
18019,Clark County,IN,3/14/2026 10:00,0.0,0.0,0.0015214423416182398,0.002611624784185551
18019,Clark County,IN,3/14/2026 11:00,0.0,0.0,0.00968683313112706,0.0027169499546289442
18019,Clark County,IN,3/14/2026 12:00,0.0,0.0,0.012003073701635003,0.002707684418419376
18019,Clark County,IN,3/14/2026 13:00,0.0,0.0,0.014939317619428039,0.0023539563408121467
18019,Clark County,IN,3/14/2026 14:00,0.0,0.0,0.012552551669068634,0.0023226011311635376
18019,Clark County,IN,3/14/2026 15:00,0.0,0.0,0.013729988923296332,0.0021098158846143632
18019,Clark County,IN,3/14/2026 16:00,0.0,0.0,0.012797685712575913,0.001677405502414331
18019,Clark County,IN,3/14/2026 17:00,0.0,0.0,0.010712726891506463,0.0
18019,Clark County,IN,3/14/2026 18:00,0.0,0.0,0.011545148701407016,0.0
18019,Clark County,IN,3/14/2026 19:00,0.0,0.0,0.011142547754570842,0.0
18019,Clark County,IN,3/14/2026 20:00,0.0,0.0,0.009566405485384167,0.0
18019,Clark County,IN,3/14/2026 21:00,0.0,0.0,0.009229343757033348,0.0
18019,Clark County,IN,3/14/2026 22:00,0.0,0.0,0.009045637282542884,0.0
18019,Clark County,IN,3/14/2026 23:00,0.0,0.0,0.007886622520163655,0.0
18019,Clark County,IN,3/15/2026 0:00,0.0,0.0,0.008951786463148892,0.0
18019,Clark County,IN,3/15/2026 1:00,0.0,0.0,0.010018380591645837,0.0
18019,Clark County,IN,3/15/2026 2:00,0.0,0.0,0.008606848469935358,0.0
18019,Clark County,IN,3/15/2026 3:00,0.0,0.0,0.00569725368404761,0.0
18019,Clark County,IN,3/15/2026 4:00,0.0,0.0011502427281811834,0.0036141576827503743,0.0
18019,Clark County,IN,3/15/2026 5:00,0.0,0.008570937346667052,0.0029457807191647593,0.0
18019,Clark County,IN,3/15/2026 6:00,0.0,0.009924752730876207,0.0025222856318578126,0.0
18019,Clark County,IN,3/15/2026 7:00,0.0,0.011764972005039454,0.0022391465143300595,0.0
18019,Clark County,IN,3/15/2026 8:00,0.0,0.012436302984133363,0.0019737739814445375,0.0
18019,Clark County,IN,3/15/2026 9:00,0.0018477732373867184,0.01277463766746223,0.002001116017345339,0.0
18019,Clark County,IN,3/15/2026 10:00,0.008840282505843788,0.010088664758950473,0.0016695367754437028,0.0
18019,Clark County,IN,3/15/2026 11:00,0.008307059528306127,0.009254978969693184,0.002158700581640005,0.0
18019,Clark County,IN,3/15/2026 12:00,0.009366228943690658,0.009837535209953785,0.0017498422661446967,0.0
18019,Clark County,IN,3/15/2026 13:00,0.012120231112930924,0.008383473288267851,0.0,0.0
18019,Clark County,IN,3/15/2026 14:00,0.0130409158882685,0.007969200657680631,0.0014092004217673092,0.0
18019,Clark County,IN,3/15/2026 15:00,0.010682091695343843,0.007132272655144334,0.0,0.0
18019,Clark County,IN,3/15/2026 16:00,0.009712670267617796,0.007073822966776788,0.0,0.0
18019,Clark County,IN,3/15/2026 17:00,0.009916295122820884,0.005271833948791027,0.0,0.0
18019,Clark County,IN,3/15/2026 18:00,0.0076403922867029905,0.009243673412129283,0.0,0.0
18019,Clark County,IN,3/15/2026 19:00,0.007065003854222596,0.009566035878378898,0.0,0.0
18019,Clark County,IN,3/15/2026 20:00,0.0055704854894429445,0.00764866175595671,0.0,0.0
18019,Clark County,IN,3/15/2026 21:00,0.006024664733558893,0.005729733844054863,0.0,0.0
18019,Clark County,IN,3/15/2026 22:00,0.004981200094334781,0.004612771444953978,0.0,0.0
18019,Clark County,IN,3/15/2026 23:00,0.008589740376919508,0.004152239672839642,0.0,0.0
18019,Clark County,IN,3/16/2026 0:00,0.008213501540012658,0.00390715072862804,0.0,0.0
18019,Clark County,IN,3/16/2026 1:00,0.0056172749027609825,0.0035482581588439643,0.0,0.0
18019,Clark County,IN,3/16/2026 2:00,0.003958200570195913,0.0023004472022876143,0.0,0.0
18019,Clark County,IN,3/16/2026 3:00,0.003308853949420154,0.002469331689644605,0.0,0.0
18019,Clark County,IN,3/16/2026 4:00,0.003159661660902202,0.0018719059182330966,0.0,0.0
18019,Clark County,IN,3/16/2026 5:00,0.0037021157040726393,0.0017845998634584248,0.0,0.0
18019,Clark County,IN,3/16/2026 6:00,0.0032045147381722927,0.0016412197379395365,0.0,0.0
18019,Clark County,IN,3/16/2026 7:00,0.0023443343525286764,0.0010902108973823489,0.0,0.0
18019,Clark County,IN,3/16/2026 8:00,0.0026111054976354353,0.0011507484934554669,0.0,0.0
18019,Clark County,IN,3/16/2026 9:00,0.0018190076443715952,0.0,0.0,0.0
18019,Clark County,IN,3/16/2026 10:00,0.0018367826578469248,0.0,0.0,0.0
18019,Clark County,IN,3/16/2026 11:00,0.001779577614797745,0.0,0.0,0.0
18019,Clark County,IN,3/16/2026 12:00,0.0012614869192475453,0.0,0.0,0.0
18019,Clark County,IN,3/16/2026 13:00,0.0013950783759355545,0.0,0.0,0.0
18019,Clark County,IN,3/16/2026 14:00,0.0011493744532344863,0.0,0.0,0.0
18019,Clark County,IN,3/16/2026 15:00,0.0,0.0,0.0,0.0
18019,Clark County,IN,3/16/2026 16:00,0.0,0.0,0.0,0.0
18019,Clark County,IN,3/16/2026 17:00,0.0,0.0,0.0,0.0
18019,Clark County,IN,3/16/2026 18:00,0.0,0.0,0.0,0.0
18019,Clark County,IN,3/16/2026 19:00,0.0,0.0,0.0,0.0
18019,Clark County,IN,3/16/2026 20:00,0.0,0.0,0.0,0.0
18019,Clark County,IN,3/16/2026 21:00,0.0,0.0,0.0,0.0
18019,Clark County,IN,3/16/2026 22:00,0.0,0.0,0.0,0.0
18019,Clark County,IN,3/16/2026 23:00,0.0,0.0,0.0,0.0
18019,Clark County,IN,3/17/2026 0:00,0.0,0.0,0.0,0.0
18019,Clark County,IN,3/17/2026 1:00,0.0,0.0,0.0,0.0
18019,Clark County,IN,3/17/2026 2:00,0.0,0.0,0.0,0.0
18019,Clark County,IN,3/17/2026 3:00,0.0,0.0,0.0,0.0
18019,Clark County,IN,3/17/2026 4:00,0.0,0.0,0.0,0.0
18019,Clark County,IN,3/17/2026 5:00,0.0,0.0,0.0,0.0
18019,Clark County,IN,3/17/2026 6:00,0.0,0.0,0.0,0.0
18019,Clark County,IN,3/17/2026 7:00,0.0,0.0,0.0,0.0
18019,Clark County,IN,3/17/2026 8:00,0.0,0.0,0.0,0.0
18019,Clark County,IN,3/17/2026 9:00,0.0,0.0,0.0,0.0
18019,Clark County,IN,3/17/2026 10:00,0.0,0.0,0.0,0.0
18019,Clark County,IN,3/17/2026 11:00,0.0,0.0,0.0,0.0
18019,Clark County,IN,3/17/2026 12:00,0.0,0.0,0.0,0.0
18019,Clark County,IN,3/17/2026 13:00,0.0,0.0,0.0,0.0
18019,Clark County,IN,3/17/2026 14:00,0.0,0.0,0.0,0.0
18019,Clark County,IN,3/17/2026 15:00,0.0,0.0,0.0,0.0
18019,Clark County,IN,3/17/2026 16:00,0.0,0.0,0.0,0.0
18019,Clark County,IN,3/17/2026 17:00,0.0,0.0,0.0,0.0
18019,Clark County,IN,3/17/2026 18:00,0.0,0.0,0.0,0.0
18019,Clark County,IN,3/17/2026 19:00,0.0,0.0,0.0,0.0
18019,Clark County,IN,3/17/2026 20:00,0.0,0.0,0.0,0.0
18019,Clark County,IN,3/17/2026 21:00,0.0,0.0,0.0,0.0
18019,Clark County,IN,3/17/2026 22:00,0.0,0.0,0.0,0.0
18019,Clark County,IN,3/17/2026 23:00,0.0,0.0,0.0,0.0
18019,Clark County,IN,3/18/2026 0:00,0.0,0.0,0.0,
18019,Clark County,IN,3/18/2026 1:00,0.0,0.0,0.0,
18019,Clark County,IN,3/18/2026 2:00,0.0,0.0,0.0,
18019,Clark County,IN,3/18/2026 3:00,0.0,0.0,0.0,
18019,Clark County,IN,3/18/2026 4:00,0.0,0.0,0.0,
18019,Clark County,IN,3/18/2026 5:00,0.0,0.0,0.0,
18019,Clark County,IN,3/18/2026 6:00,0.0,0.0,0.0,
18019,Clark County,IN,3/18/2026 7:00,0.0,0.0,0.0,
18019,Clark County,IN,3/18/2026 8:00,0.0,0.0,0.0,
18019,Clark County,IN,3/18/2026 9:00,0.0,0.0,0.0,
18019,Clark County,IN,3/18/2026 10:00,0.0,0.0,0.0,
18019,Clark County,IN,3/18/2026 11:00,0.0,0.0,0.0,
18019,Clark County,IN,3/18/2026 12:00,0.0,0.0,0.0,
18019,Clark County,IN,3/18/2026 13:00,0.0,0.0,0.0,
18019,Clark County,IN,3/18/2026 14:00,0.0,0.0,0.0,
18019,Clark County,IN,3/18/2026 15:00,0.0,0.0,0.0,
18019,Clark County,IN,3/18/2026 16:00,0.0,0.0,0.0,
18019,Clark County,IN,3/18/2026 17:00,0.0,0.0,0.0,
18019,Clark County,IN,3/18/2026 18:00,0.0,0.0,0.0,
18019,Clark County,IN,3/18/2026 19:00,0.0,0.0,0.0,
18019,Clark County,IN,3/18/2026 20:00,0.0,0.0,0.0,
18019,Clark County,IN,3/18/2026 21:00,0.0,0.0,0.0,
18019,Clark County,IN,3/18/2026 22:00,0.0,0.0,0.0,
18019,Clark County,IN,3/18/2026 23:00,0.0,0.0,0.0,
18019,Clark County,IN,3/19/2026 0:00,0.0,0.0,,
18019,Clark County,IN,3/19/2026 1:00,0.0,0.0,,
18019,Clark County,IN,3/19/2026 2:00,0.0,0.0,,
18019,Clark County,IN,3/19/2026 3:00,0.0,0.0,,
18019,Clark County,IN,3/19/2026 4:00,0.0,0.0,,
18019,Clark County,IN,3/19/2026 5:00,0.0,0.0,,
18019,Clark County,IN,3/19/2026 6:00,0.0,0.0,,
18019,Clark County,IN,3/19/2026 7:00,0.0,0.0,,
18019,Clark County,IN,3/19/2026 8:00,0.0,0.0,,
18019,Clark County,IN,3/19/2026 9:00,0.0,0.0,,
18019,Clark County,IN,3/19/2026 10:00,0.0,0.0,,
18019,Clark County,IN,3/19/2026 11:00,0.0,0.0,,
18019,Clark County,IN,3/19/2026 12:00,0.0,0.0,,
18019,Clark County,IN,3/19/2026 13:00,0.0,0.0,,
18019,Clark County,IN,3/19/2026 14:00,0.0,0.0,,
18019,Clark County,IN,3/19/2026 15:00,0.0,0.0,,
18019,Clark County,IN,3/19/2026 16:00,0.0,0.0,,
18019,Clark County,IN,3/19/2026 17:00,0.0,0.0,,
18019,Clark County,IN,3/19/2026 18:00,0.0,,,
18019,Clark County,IN,3/19/2026 19:00,0.0,,,
18019,Clark County,IN,3/19/2026 20:00,0.0,,,
18019,Clark County,IN,3/19/2026 21:00,0.0,,,
18019,Clark County,IN,3/19/2026 22:00,0.0,,,
18019,Clark County,IN,3/19/2026 23:00,,,,
18021,Clay County,IN,3/14/2026 0:00,0.0,0.0,0.0,0.009090336319059134
18021,Clay County,IN,3/14/2026 1:00,0.0,0.0,0.0,0.0060192048447788695
18021,Clay County,IN,3/14/2026 2:00,0.0,0.0,0.0,0.005050107766874134
18021,Clay County,IN,3/14/2026 3:00,0.0,0.0,0.0,0.0038031442556530235
18021,Clay County,IN,3/14/2026 4:00,0.0,0.0,0.0,0.002984427643241361
18021,Clay County,IN,3/14/2026 5:00,0.0,0.0,0.0,0.00223187813826371
18021,Clay County,IN,3/14/2026 6:00,0.0,0.0,0.0,0.002505506982561201
18021,Clay County,IN,3/14/2026 7:00,0.0,0.0,0.0,0.002065513510024175
18021,Clay County,IN,3/14/2026 8:00,0.0,0.0,0.0,0.0023730923829134555
18021,Clay County,IN,3/14/2026 9:00,0.0,0.0,0.0,0.0
18021,Clay County,IN,3/14/2026 10:00,0.0,0.0,0.0,0.0
18021,Clay County,IN,3/14/2026 11:00,0.0,0.0,0.0036039391183294357,0.0
18021,Clay County,IN,3/14/2026 12:00,0.0,0.0,0.009504381730221213,0.0
18021,Clay County,IN,3/14/2026 13:00,0.0,0.0,0.011559502768795938,0.0
18021,Clay County,IN,3/14/2026 14:00,0.0,0.0,0.012476425641216338,0.0
18021,Clay County,IN,3/14/2026 15:00,0.0,0.0,0.01329443734139204,0.0
18021,Clay County,IN,3/14/2026 16:00,0.0,0.0,0.012201086804270744,0.0
18021,Clay County,IN,3/14/2026 17:00,0.0,0.0,0.011159282620064914,0.0
18021,Clay County,IN,3/14/2026 18:00,0.0,0.0,0.009995044115930796,0.0
18021,Clay County,IN,3/14/2026 19:00,0.0,0.0,0.007131023518741131,0.0
18021,Clay County,IN,3/14/2026 20:00,0.0,0.0,0.005972055671736597,0.0
18021,Clay County,IN,3/14/2026 21:00,0.0,0.0,0.003550784438266419,0.0
18021,Clay County,IN,3/14/2026 22:00,0.0,0.0,0.005115411049337127,0.0
18021,Clay County,IN,3/14/2026 23:00,0.0,0.0,0.004807601084758062,0.0
18021,Clay County,IN,3/15/2026 0:00,0.0,0.0,0.005917664268054068,0.0
18021,Clay County,IN,3/15/2026 1:00,0.0,0.0,0.004225467110518366,0.0
18021,Clay County,IN,3/15/2026 2:00,0.0,0.0,0.0053446263656951485,0.0
18021,Clay County,IN,3/15/2026 3:00,0.0,0.0,0.006275510112755,0.0
18021,Clay County,IN,3/15/2026 4:00,0.0,0.0017548702424392104,0.0036787154618650674,0.0
18021,Clay County,IN,3/15/2026 5:00,0.0,0.00387174217030406,0.0028289528214372694,0.0
18021,Clay County,IN,3/15/2026 6:00,0.0,0.009459488932043314,0.0020647670229664073,0.0
18021,Clay County,IN,3/15/2026 7:00,0.0,0.013567718118429184,0.0,0.0
18021,Clay County,IN,3/15/2026 8:00,0.0,0.013083701208233833,0.0013155505424947479,0.0
18021,Clay County,IN,3/15/2026 9:00,0.0,0.009835359349381179,0.0011331555782817305,0.0
18021,Clay County,IN,3/15/2026 10:00,0.001640403177589178,0.009910321421921253,0.0,0.0
18021,Clay County,IN,3/15/2026 11:00,0.007783475040923804,0.009015681315213442,0.0,0.0
18021,Clay County,IN,3/15/2026 12:00,0.009750023484230042,0.008636578917503357,0.0,0.0
18021,Clay County,IN,3/15/2026 13:00,0.0161506119184196,0.008089806046336889,0.0,0.0
18021,Clay County,IN,3/15/2026 14:00,0.010191384528297931,0.003404766321182251,0.0,0.0
18021,Clay County,IN,3/15/2026 15:00,0.011472175130620599,0.0036403842503204943,0.0,0.0
18021,Clay County,IN,3/15/2026 16:00,0.013126021716743708,0.005360956490039826,0.0,0.0
18021,Clay County,IN,3/15/2026 17:00,0.011408563004806638,0.008152977004647255,0.0,0.0
18021,Clay County,IN,3/15/2026 18:00,0.007646261830814183,0.008041773270815612,0.0,0.0
18021,Clay County,IN,3/15/2026 19:00,0.002174476976506412,0.005083427298814058,0.0,0.0
18021,Clay County,IN,3/15/2026 20:00,0.0011670344974845648,0.0035583514254540205,0.0,0.0
18021,Clay County,IN,3/15/2026 21:00,0.0028175439219921827,0.0028236878104507925,0.0,0.0
18021,Clay County,IN,3/15/2026 22:00,0.01561594009399414,0.0022795588243752717,0.0,0.0
18021,Clay County,IN,3/15/2026 23:00,0.007159555971156806,0.0019522301852703094,0.0,0.0
18021,Clay County,IN,3/16/2026 0:00,0.010274029336869717,0.0019757735426537693,0.0,0.0
18021,Clay County,IN,3/16/2026 1:00,0.005671349354088306,0.001576564460992813,0.0,0.0
18021,Clay County,IN,3/16/2026 2:00,0.004031707707326859,0.0014759584970306604,0.0,0.0
18021,Clay County,IN,3/16/2026 3:00,0.0032490536104887724,0.0011704667122103274,0.0,0.0
18021,Clay County,IN,3/16/2026 4:00,0.001783635641913861,0.0,0.0,0.0
18021,Clay County,IN,3/16/2026 5:00,0.001458791404729709,0.0,0.0,0.0
18021,Clay County,IN,3/16/2026 6:00,0.0,0.0,0.0,0.0
18021,Clay County,IN,3/16/2026 7:00,0.0,0.0,0.0,0.0
18021,Clay County,IN,3/16/2026 8:00,0.0,0.0,0.0,0.0
18021,Clay County,IN,3/16/2026 9:00,0.0,0.0,0.0,0.0
18021,Clay County,IN,3/16/2026 10:00,0.0,0.0,0.0,0.0
18021,Clay County,IN,3/16/2026 11:00,0.0,0.0,0.0,0.0
18021,Clay County,IN,3/16/2026 12:00,0.0,0.0,0.0,0.0
18021,Clay County,IN,3/16/2026 13:00,0.0,0.0,0.0,0.0
18021,Clay County,IN,3/16/2026 14:00,0.0,0.0,0.0,0.0
18021,Clay County,IN,3/16/2026 15:00,0.0,0.0,0.0,0.0
18021,Clay County,IN,3/16/2026 16:00,0.0,0.0,0.0,0.0
18021,Clay County,IN,3/16/2026 17:00,0.0,0.0,0.0,0.0
18021,Clay County,IN,3/16/2026 18:00,0.0,0.0,0.0,0.0
18021,Clay County,IN,3/16/2026 19:00,0.0,0.0,0.0,0.0
18021,Clay County,IN,3/16/2026 20:00,0.0,0.0,0.0,0.0
18021,Clay County,IN,3/16/2026 21:00,0.0,0.0,0.0,0.0
18021,Clay County,IN,3/16/2026 22:00,0.0,0.0,0.0,0.0
18021,Clay County,IN,3/16/2026 23:00,0.0,0.0,0.0,0.0
18021,Clay County,IN,3/17/2026 0:00,0.0,0.0,0.0,0.0
18021,Clay County,IN,3/17/2026 1:00,0.0,0.0,0.0,0.0
18021,Clay County,IN,3/17/2026 2:00,0.0,0.0,0.0,0.0
18021,Clay County,IN,3/17/2026 3:00,0.0,0.0,0.0,0.0
18021,Clay County,IN,3/17/2026 4:00,0.0,0.0,0.0,0.0
18021,Clay County,IN,3/17/2026 5:00,0.0,0.0,0.0,0.0
18021,Clay County,IN,3/17/2026 6:00,0.0,0.0,0.0,0.0
18021,Clay County,IN,3/17/2026 7:00,0.0,0.0,0.0,0.0
18021,Clay County,IN,3/17/2026 8:00,0.0,0.0,0.0,0.0
18021,Clay County,IN,3/17/2026 9:00,0.0,0.0,0.0,0.0
18021,Clay County,IN,3/17/2026 10:00,0.0,0.0,0.0,0.0
18021,Clay County,IN,3/17/2026 11:00,0.0,0.0,0.0,0.0
18021,Clay County,IN,3/17/2026 12:00,0.0,0.0,0.0,0.0
18021,Clay County,IN,3/17/2026 13:00,0.0,0.0,0.0,0.0
18021,Clay County,IN,3/17/2026 14:00,0.0,0.0,0.0,0.0
18021,Clay County,IN,3/17/2026 15:00,0.0,0.0,0.0,0.0
18021,Clay County,IN,3/17/2026 16:00,0.0,0.0,0.0,0.0
18021,Clay County,IN,3/17/2026 17:00,0.0,0.0,0.0,0.0
18021,Clay County,IN,3/17/2026 18:00,0.0,0.0,0.0,0.0
18021,Clay County,IN,3/17/2026 19:00,0.0,0.0,0.0,0.0
18021,Clay County,IN,3/17/2026 20:00,0.0,0.0,0.0,0.0
18021,Clay County,IN,3/17/2026 21:00,0.0,0.0,0.0,0.0
18021,Clay County,IN,3/17/2026 22:00,0.0,0.0,0.0,0.0
18021,Clay County,IN,3/17/2026 23:00,0.0,0.0,0.0,0.0
18021,Clay County,IN,3/18/2026 0:00,0.0,0.0,0.0,
18021,Clay County,IN,3/18/2026 1:00,0.0,0.0,0.0,
18021,Clay County,IN,3/18/2026 2:00,0.0,0.0,0.0,
18021,Clay County,IN,3/18/2026 3:00,0.0,0.0,0.0,
18021,Clay County,IN,3/18/2026 4:00,0.0,0.0,0.0,
18021,Clay County,IN,3/18/2026 5:00,0.0,0.0,0.0,
18021,Clay County,IN,3/18/2026 6:00,0.0,0.0,0.0,
18021,Clay County,IN,3/18/2026 7:00,0.0,0.0,0.0,
18021,Clay County,IN,3/18/2026 8:00,0.0,0.0,0.0,
18021,Clay County,IN,3/18/2026 9:00,0.0,0.0,0.0,
18021,Clay County,IN,3/18/2026 10:00,0.0,0.0,0.0,
18021,Clay County,IN,3/18/2026 11:00,0.0,0.0,0.0,
18021,Clay County,IN,3/18/2026 12:00,0.0,0.0,0.0,
18021,Clay County,IN,3/18/2026 13:00,0.0,0.0,0.0,
18021,Clay County,IN,3/18/2026 14:00,0.0,0.0,0.0,
18021,Clay County,IN,3/18/2026 15:00,0.0,0.0,0.0,
18021,Clay County,IN,3/18/2026 16:00,0.0,0.0,0.0,
18021,Clay County,IN,3/18/2026 17:00,0.0,0.0,0.0,
18021,Clay County,IN,3/18/2026 18:00,0.0,0.0,0.0,
18021,Clay County,IN,3/18/2026 19:00,0.0,0.0,0.0,
18021,Clay County,IN,3/18/2026 20:00,0.0,0.0,0.0,
18021,Clay County,IN,3/18/2026 21:00,0.0,0.0,0.0,
18021,Clay County,IN,3/18/2026 22:00,0.0,0.0,0.0,
18021,Clay County,IN,3/18/2026 23:00,0.0,0.0,0.0,
18021,Clay County,IN,3/19/2026 0:00,0.0,0.0,,
18021,Clay County,IN,3/19/2026 1:00,0.0,0.0,,
18021,Clay County,IN,3/19/2026 2:00,0.0,0.0,,
18021,Clay County,IN,3/19/2026 3:00,0.0,0.0,,
18021,Clay County,IN,3/19/2026 4:00,0.0,0.0,,
18021,Clay County,IN,3/19/2026 5:00,0.0,0.0,,
18021,Clay County,IN,3/19/2026 6:00,0.0,0.0,,
18021,Clay County,IN,3/19/2026 7:00,0.0,0.0,,
18021,Clay County,IN,3/19/2026 8:00,0.0,0.0,,
18021,Clay County,IN,3/19/2026 9:00,0.0,0.0,,
18021,Clay County,IN,3/19/2026 10:00,0.0,0.0,,
18021,Clay County,IN,3/19/2026 11:00,0.0,0.0,,
18021,Clay County,IN,3/19/2026 12:00,0.0,0.0,,
18021,Clay County,IN,3/19/2026 13:00,0.0,0.0,,
18021,Clay County,IN,3/19/2026 14:00,0.0,0.0,,
18021,Clay County,IN,3/19/2026 15:00,0.0,0.0,,
18021,Clay County,IN,3/19/2026 16:00,0.0,0.0,,
18021,Clay County,IN,3/19/2026 17:00,0.0,0.0,,
18021,Clay County,IN,3/19/2026 18:00,0.0,,,
18021,Clay County,IN,3/19/2026 19:00,0.0,,,
18021,Clay County,IN,3/19/2026 20:00,0.0,,,
18021,Clay County,IN,3/19/2026 21:00,0.0,,,
18021,Clay County,IN,3/19/2026 22:00,0.0,,,
18021,Clay County,IN,3/19/2026 23:00,,,,
18031,Decatur County,IN,3/14/2026 0:00,0.0026465974224265665,0.0022188228496816008,0.0,0.00620700157887768
18031,Decatur County,IN,3/14/2026 1:00,0.002907146714278497,0.0019198716210667044,0.0,0.006275781356453081
18031,Decatur County,IN,3/14/2026 2:00,0.002137685826710367,0.001892816153122112,0.0,0.004682708738255314
18031,Decatur County,IN,3/14/2026 3:00,0.0019433239322097506,0.0015619763173162938,0.0,0.0040385363041423265
18031,Decatur County,IN,3/14/2026 4:00,0.00249013515713159,0.0014335341460537166,0.0,0.004185342372511514
18031,Decatur County,IN,3/14/2026 5:00,0.0021939607831882313,0.0014048817916773259,0.0,0.003621116888825782
18031,Decatur County,IN,3/14/2026 6:00,0.0019934861120418645,0.001180636539356783,0.0,0.00357063102273969
18031,Decatur County,IN,3/14/2026 7:00,0.0019691568159032613,0.0010564765427261591,0.0,0.00377278680971358
18031,Decatur County,IN,3/14/2026 8:00,0.0016931461141211912,0.0,0.0,0.003854140907060355
18031,Decatur County,IN,3/14/2026 9:00,0.0016693710058461875,0.0,0.0,0.0032411772990599275
18031,Decatur County,IN,3/14/2026 10:00,0.0016537319752387702,0.0,0.0,0.002748629462439567
18031,Decatur County,IN,3/14/2026 11:00,0.0013672840723302215,0.0,0.007808323809877038,0.0026918742136331276
18031,Decatur County,IN,3/14/2026 12:00,0.0011779869091697037,0.0,0.012676121294498443,0.0023251851845998315
18031,Decatur County,IN,3/14/2026 13:00,0.0,0.0,0.018052311707288028,0.0020648800942581146
18031,Decatur County,IN,3/14/2026 14:00,0.0,0.0,0.021210827492177488,0.0018206930661108344
18031,Decatur County,IN,3/14/2026 15:00,0.0,0.0,0.02162357913330197,0.0
18031,Decatur County,IN,3/14/2026 16:00,0.0,0.0,0.02377962786704302,0.0
18031,Decatur County,IN,3/14/2026 17:00,0.0,0.0,0.023046629689633846,0.0
18031,Decatur County,IN,3/14/2026 18:00,0.0,0.0,0.01995553746819496,0.0
18031,Decatur County,IN,3/14/2026 19:00,0.0,0.0,0.018225044663995504,0.0
18031,Decatur County,IN,3/14/2026 20:00,0.0,0.0,0.014095100946724413,0.0
18031,Decatur County,IN,3/14/2026 21:00,0.0,0.0,0.012086567562073469,0.0
18031,Decatur County,IN,3/14/2026 22:00,0.0,0.0,0.006557106366381049,0.0
18031,Decatur County,IN,3/14/2026 23:00,0.0,0.0,0.006970295682549477,0.0
18031,Decatur County,IN,3/15/2026 0:00,0.0,0.0,0.00576250881422311,0.0
18031,Decatur County,IN,3/15/2026 1:00,0.0,0.0,0.005926414614077657,0.0
18031,Decatur County,IN,3/15/2026 2:00,0.0,0.0,0.005035478028003126,0.0
18031,Decatur County,IN,3/15/2026 3:00,0.0,0.0,0.006111252633854747,0.0
18031,Decatur County,IN,3/15/2026 4:00,0.0,0.0,0.0049671554705128075,0.0
18031,Decatur County,IN,3/15/2026 5:00,0.0,0.0016638384171528743,0.005462434841319919,0.0
18031,Decatur County,IN,3/15/2026 6:00,0.0,0.007587520068045706,0.004900904279202223,0.0
18031,Decatur County,IN,3/15/2026 7:00,0.0,0.00974289895093534,0.004024627094622701,0.0
18031,Decatur County,IN,3/15/2026 8:00,0.0,0.013042431243229657,0.003430826438125223,0.0
18031,Decatur County,IN,3/15/2026 9:00,0.0,0.0122358581982553,0.003625860999454744,0.0
18031,Decatur County,IN,3/15/2026 10:00,0.001351263897959143,0.012574394699186087,0.0029137171353795567,0.0
18031,Decatur County,IN,3/15/2026 11:00,0.006805154669564217,0.009646254614926875,0.002983855087768461,0.0
18031,Decatur County,IN,3/15/2026 12:00,0.008683713851496577,0.009144894243218005,0.0030657933253678492,0.0
18031,Decatur County,IN,3/15/2026 13:00,0.012484249222325161,0.008673572610132397,0.0,0.0
18031,Decatur County,IN,3/15/2026 14:00,0.012182784616015851,0.006138597812969238,0.0,0.0
18031,Decatur County,IN,3/15/2026 15:00,0.013131587882526219,0.004978346358984709,0.0,0.0
18031,Decatur County,IN,3/15/2026 16:00,0.010757355368696153,0.004685269808396697,0.0,0.0
18031,Decatur County,IN,3/15/2026 17:00,0.010794547386467457,0.004119012563023716,0.0,0.0
18031,Decatur County,IN,3/15/2026 18:00,0.011363166151568294,0.006600822310429066,0.0,0.0
18031,Decatur County,IN,3/15/2026 19:00,0.008605735609307885,0.006978729157708585,0.0,0.0
18031,Decatur County,IN,3/15/2026 20:00,0.005380996619351208,0.004593772406224161,0.0,0.0
18031,Decatur County,IN,3/15/2026 21:00,0.005500770639628172,0.004916241578757763,0.0,0.0
18031,Decatur County,IN,3/15/2026 22:00,0.004890930373221636,0.004231037001591176,0.0,0.0
18031,Decatur County,IN,3/15/2026 23:00,0.009477107785642147,0.003890842827968299,0.0,0.0
18031,Decatur County,IN,3/16/2026 0:00,0.006440110475523397,0.0036696398397907614,0.0,0.0
18031,Decatur County,IN,3/16/2026 1:00,0.004489400336751714,0.00324787920108065,0.0,0.0
18031,Decatur County,IN,3/16/2026 2:00,0.005476487218402326,0.0029148319154046476,0.0,0.0
18031,Decatur County,IN,3/16/2026 3:00,0.005109406134579331,0.0023949315887875854,0.0,0.0
18031,Decatur County,IN,3/16/2026 4:00,0.004964433843269944,0.0019791304977843536,0.0,0.0
18031,Decatur County,IN,3/16/2026 5:00,0.003745181777048856,0.0019293343561002986,0.0,0.0
18031,Decatur County,IN,3/16/2026 6:00,0.0031909159806673415,0.0018929315148852766,0.0,0.0
18031,Decatur County,IN,3/16/2026 7:00,0.0027717491411749506,0.0012388738512527197,0.0,0.0
18031,Decatur County,IN,3/16/2026 8:00,0.0022290893248282373,0.0010708318470278755,0.0,0.0
18031,Decatur County,IN,3/16/2026 9:00,0.0017706548242131248,0.0,0.0,0.0
18031,Decatur County,IN,3/16/2026 10:00,0.002107954860548489,0.0,0.0,0.0
18031,Decatur County,IN,3/16/2026 11:00,0.0016864706558408216,0.0,0.0,0.0
18031,Decatur County,IN,3/16/2026 12:00,0.0010256798996124417,0.0,0.0,0.0
18031,Decatur County,IN,3/16/2026 13:00,0.0,0.0,0.0,0.0
18031,Decatur County,IN,3/16/2026 14:00,0.0,0.0,0.0,0.0
18031,Decatur County,IN,3/16/2026 15:00,0.0,0.0,0.0,0.0
18031,Decatur County,IN,3/16/2026 16:00,0.0,0.0,0.0,0.0
18031,Decatur County,IN,3/16/2026 17:00,0.0,0.001227533642668277,0.0,0.0
18031,Decatur County,IN,3/16/2026 18:00,0.0,0.0,0.0,0.0
18031,Decatur County,IN,3/16/2026 19:00,0.0,0.0,0.0,0.0
18031,Decatur County,IN,3/16/2026 20:00,0.0,0.0,0.0,0.0
18031,Decatur County,IN,3/16/2026 21:00,0.0,0.0,0.0,0.0
18031,Decatur County,IN,3/16/2026 22:00,0.0010878444008994848,0.0,0.0,0.0
18031,Decatur County,IN,3/16/2026 23:00,0.0,0.0,0.0,0.0
18031,Decatur County,IN,3/17/2026 0:00,0.0,0.0,0.0,0.0
18031,Decatur County,IN,3/17/2026 1:00,0.0,0.0,0.0,0.0
18031,Decatur County,IN,3/17/2026 2:00,0.0,0.0,0.0,0.0
18031,Decatur County,IN,3/17/2026 3:00,0.0,0.0,0.0,0.0
18031,Decatur County,IN,3/17/2026 4:00,0.0,0.0,0.0,0.0
18031,Decatur County,IN,3/17/2026 5:00,0.0,0.0,0.0,0.0
18031,Decatur County,IN,3/17/2026 6:00,0.0,0.0,0.0,0.0
18031,Decatur County,IN,3/17/2026 7:00,0.0,0.0,0.0,0.0
18031,Decatur County,IN,3/17/2026 8:00,0.0,0.0,0.0,0.0
18031,Decatur County,IN,3/17/2026 9:00,0.0,0.0,0.0,0.0
18031,Decatur County,IN,3/17/2026 10:00,0.0,0.0,0.0,0.0
18031,Decatur County,IN,3/17/2026 11:00,0.0,0.0,0.0,0.0
18031,Decatur County,IN,3/17/2026 12:00,0.0,0.0,0.0,0.0
18031,Decatur County,IN,3/17/2026 13:00,0.0,0.0,0.0,0.0
18031,Decatur County,IN,3/17/2026 14:00,0.0,0.0,0.0,0.0
18031,Decatur County,IN,3/17/2026 15:00,0.0,0.0,0.0,0.0
18031,Decatur County,IN,3/17/2026 16:00,0.0,0.0,0.0,0.0
18031,Decatur County,IN,3/17/2026 17:00,0.0,0.0,0.0,0.0
18031,Decatur County,IN,3/17/2026 18:00,0.0,0.0,0.0,0.0
18031,Decatur County,IN,3/17/2026 19:00,0.0,0.0,0.0,0.0
18031,Decatur County,IN,3/17/2026 20:00,0.0,0.0,0.0,0.0
18031,Decatur County,IN,3/17/2026 21:00,0.0,0.0,0.0,0.0
18031,Decatur County,IN,3/17/2026 22:00,0.0,0.0,0.0,0.0
18031,Decatur County,IN,3/17/2026 23:00,0.0,0.0,0.0,0.0
18031,Decatur County,IN,3/18/2026 0:00,0.0,0.0,0.0,
18031,Decatur County,IN,3/18/2026 1:00,0.0,0.0,0.0,
18031,Decatur County,IN,3/18/2026 2:00,0.0,0.0,0.0,
18031,Decatur County,IN,3/18/2026 3:00,0.0,0.0,0.0,
18031,Decatur County,IN,3/18/2026 4:00,0.0,0.0,0.0,
18031,Decatur County,IN,3/18/2026 5:00,0.0,0.0,0.0,
18031,Decatur County,IN,3/18/2026 6:00,0.0,0.0,0.0,
18031,Decatur County,IN,3/18/2026 7:00,0.0,0.0,0.0,
18031,Decatur County,IN,3/18/2026 8:00,0.0,0.0,0.0,
18031,Decatur County,IN,3/18/2026 9:00,0.0,0.0,0.0,
18031,Decatur County,IN,3/18/2026 10:00,0.0,0.0,0.0,
18031,Decatur County,IN,3/18/2026 11:00,0.0,0.0,0.0,
18031,Decatur County,IN,3/18/2026 12:00,0.0,0.0,0.0,
18031,Decatur County,IN,3/18/2026 13:00,0.0,0.0,0.0,
18031,Decatur County,IN,3/18/2026 14:00,0.0,0.0,0.0,
18031,Decatur County,IN,3/18/2026 15:00,0.0,0.0,0.0,
18031,Decatur County,IN,3/18/2026 16:00,0.0,0.0,0.0,
18031,Decatur County,IN,3/18/2026 17:00,0.0,0.0,0.0,
18031,Decatur County,IN,3/18/2026 18:00,0.0,0.0,0.0,
18031,Decatur County,IN,3/18/2026 19:00,0.0,0.0,0.0,
18031,Decatur County,IN,3/18/2026 20:00,0.0,0.0,0.0,
18031,Decatur County,IN,3/18/2026 21:00,0.0,0.0,0.0,
18031,Decatur County,IN,3/18/2026 22:00,0.0,0.0,0.0,
18031,Decatur County,IN,3/18/2026 23:00,0.0,0.0,0.0,
18031,Decatur County,IN,3/19/2026 0:00,0.0,0.0,,
18031,Decatur County,IN,3/19/2026 1:00,0.0,0.0,,
18031,Decatur County,IN,3/19/2026 2:00,0.0,0.0,,
18031,Decatur County,IN,3/19/2026 3:00,0.0,0.0,,
18031,Decatur County,IN,3/19/2026 4:00,0.0,0.0,,
18031,Decatur County,IN,3/19/2026 5:00,0.0,0.0,,
18031,Decatur County,IN,3/19/2026 6:00,0.0,0.0,,
18031,Decatur County,IN,3/19/2026 7:00,0.0,0.0,,
18031,Decatur County,IN,3/19/2026 8:00,0.0,0.0,,
18031,Decatur County,IN,3/19/2026 9:00,0.0,0.0,,
18031,Decatur County,IN,3/19/2026 10:00,0.0,0.0,,
18031,Decatur County,IN,3/19/2026 11:00,0.0,0.0,,
18031,Decatur County,IN,3/19/2026 12:00,0.0,0.0,,
18031,Decatur County,IN,3/19/2026 13:00,0.0,0.0,,
18031,Decatur County,IN,3/19/2026 14:00,0.0,0.0,,
18031,Decatur County,IN,3/19/2026 15:00,0.0,0.0,,
18031,Decatur County,IN,3/19/2026 16:00,0.0,0.0,,
18031,Decatur County,IN,3/19/2026 17:00,0.0,0.0,,
18031,Decatur County,IN,3/19/2026 18:00,0.0,,,
18031,Decatur County,IN,3/19/2026 19:00,0.0,,,
18031,Decatur County,IN,3/19/2026 20:00,0.0,,,
18031,Decatur County,IN,3/19/2026 21:00,0.0,,,
18031,Decatur County,IN,3/19/2026 22:00,0.0,,,
18031,Decatur County,IN,3/19/2026 23:00,,,,
18049,Fulton County,IN,3/14/2026 0:00,0.0,0.0,0.0,0.0041606057289754975
18049,Fulton County,IN,3/14/2026 1:00,0.0,0.0,0.0,0.005235480089322664
18049,Fulton County,IN,3/14/2026 2:00,0.0,0.0,0.0,0.0037993116297002417
18049,Fulton County,IN,3/14/2026 3:00,0.0,0.0,0.0,0.0035426270580501294
18049,Fulton County,IN,3/14/2026 4:00,0.0,0.0,0.0,0.003390371483692434
18049,Fulton County,IN,3/14/2026 5:00,0.0,0.0,0.0,0.002264938282314688
18049,Fulton County,IN,3/14/2026 6:00,0.0,0.0,0.0,0.0023658002086449415
18049,Fulton County,IN,3/14/2026 7:00,0.0,0.0,0.0,0.002224288834258914
18049,Fulton County,IN,3/14/2026 8:00,0.0,0.0,0.0,0.00142428136387025
18049,Fulton County,IN,3/14/2026 9:00,0.0,0.0,0.0,0.0
18049,Fulton County,IN,3/14/2026 10:00,0.0,0.0,0.0,0.0
18049,Fulton County,IN,3/14/2026 11:00,0.0,0.0,0.0,0.0
18049,Fulton County,IN,3/14/2026 12:00,0.0,0.0,0.0,0.0
18049,Fulton County,IN,3/14/2026 13:00,0.00141441251616925,0.0,0.0014907200362358707,0.0
18049,Fulton County,IN,3/14/2026 14:00,0.0,0.0,0.0024213874799897893,0.0
18049,Fulton County,IN,3/14/2026 15:00,0.0,0.0,0.0011302495815471048,0.0
18049,Fulton County,IN,3/14/2026 16:00,0.0,0.0,0.002495630562043516,0.0
18049,Fulton County,IN,3/14/2026 17:00,0.0,0.0,0.0027256681583821773,0.0
18049,Fulton County,IN,3/14/2026 18:00,0.0,0.0,0.0016262932171230205,0.0
18049,Fulton County,IN,3/14/2026 19:00,0.0,0.0,0.001392521322122775,0.0
18049,Fulton County,IN,3/14/2026 20:00,0.0,0.0,0.0,0.0
18049,Fulton County,IN,3/14/2026 21:00,0.0,0.0,0.001808358877315186,0.0
18049,Fulton County,IN,3/14/2026 22:00,0.0,0.0,0.0035991283715702594,0.0
18049,Fulton County,IN,3/14/2026 23:00,0.0,0.0,0.005037748963513877,0.0
18049,Fulton County,IN,3/15/2026 0:00,0.0,0.0,0.005360243609175086,0.0
18049,Fulton County,IN,3/15/2026 1:00,0.0,0.0,0.005326655198587105,0.0
18049,Fulton County,IN,3/15/2026 2:00,0.0,0.0,0.002511190332006663,0.0
18049,Fulton County,IN,3/15/2026 3:00,0.0,0.0,0.001979512977413833,0.0
18049,Fulton County,IN,3/15/2026 4:00,0.0,0.0,0.0018642242182977497,0.0
18049,Fulton County,IN,3/15/2026 5:00,0.0,0.0,0.0013376627961406485,0.0
18049,Fulton County,IN,3/15/2026 6:00,0.0,0.0,0.0,0.0
18049,Fulton County,IN,3/15/2026 7:00,0.0,0.002021231222897768,0.0,0.0
18049,Fulton County,IN,3/15/2026 8:00,0.0,0.0026076357113197445,0.0,0.0
18049,Fulton County,IN,3/15/2026 9:00,0.0,0.0021986622363328935,0.0,0.0
18049,Fulton County,IN,3/15/2026 10:00,0.0,0.004588943161070347,0.0,0.0
18049,Fulton County,IN,3/15/2026 11:00,0.0013422263727989048,0.004025714728049934,0.0,0.0
18049,Fulton County,IN,3/15/2026 12:00,0.0022517426805279683,0.0030564655316993594,0.0,0.0
18049,Fulton County,IN,3/15/2026 13:00,0.0028887861481052823,0.0025980768026784063,0.0,0.0
18049,Fulton County,IN,3/15/2026 14:00,0.002274287398904562,0.0021890134550631045,0.0,0.0
18049,Fulton County,IN,3/15/2026 15:00,0.004853390037169447,0.0034935088828206063,0.0,0.0
18049,Fulton County,IN,3/15/2026 16:00,0.004093588286195882,0.012227438110858201,0.0,0.0
18049,Fulton County,IN,3/15/2026 17:00,0.0036681174096884206,0.011600863002240659,0.0,0.0
18049,Fulton County,IN,3/15/2026 18:00,0.0034415802801959217,0.008711110753938555,0.0,0.0
18049,Fulton County,IN,3/15/2026 19:00,0.0034723664284683764,0.009640519798267633,0.0,0.0
18049,Fulton County,IN,3/15/2026 20:00,0.006425670115277171,0.006282357405871153,0.0,0.0
18049,Fulton County,IN,3/15/2026 21:00,0.010633806232362986,0.0050211100373417136,0.0,0.0
18049,Fulton County,IN,3/15/2026 22:00,0.012696560239419341,0.004439431056380272,0.0,0.0
18049,Fulton County,IN,3/15/2026 23:00,0.01195571874268353,0.0035943413626227994,0.0,0.0
18049,Fulton County,IN,3/16/2026 0:00,0.011341362376697361,0.002949191676452756,0.0,0.0
18049,Fulton County,IN,3/16/2026 1:00,0.008288005134090781,0.0024850474554114045,0.0,0.0
18049,Fulton County,IN,3/16/2026 2:00,0.005224489333158999,0.0014333350613014773,0.0,0.0
18049,Fulton County,IN,3/16/2026 3:00,0.004663711814828275,0.0012856255008955487,0.0,0.0
18049,Fulton County,IN,3/16/2026 4:00,0.00384750371449627,0.001056479598628357,0.0,0.0
18049,Fulton County,IN,3/16/2026 5:00,0.003198379657987971,0.0,0.0,0.0
18049,Fulton County,IN,3/16/2026 6:00,0.002128494845237583,0.0,0.0,0.0
18049,Fulton County,IN,3/16/2026 7:00,0.0018490843649487942,0.0,0.0,0.0
18049,Fulton County,IN,3/16/2026 8:00,0.0014260437892517075,0.0,0.0,0.0
18049,Fulton County,IN,3/16/2026 9:00,0.0,0.0,0.0,0.0
18049,Fulton County,IN,3/16/2026 10:00,0.0,0.0,0.0,0.0
18049,Fulton County,IN,3/16/2026 11:00,0.0,0.0,0.0,0.0
18049,Fulton County,IN,3/16/2026 12:00,0.0,0.0,0.0,0.0
18049,Fulton County,IN,3/16/2026 13:00,0.0,0.0,0.0,0.0
18049,Fulton County,IN,3/16/2026 14:00,0.0,0.0,0.0,0.0
18049,Fulton County,IN,3/16/2026 15:00,0.0,0.0,0.0,0.0
18049,Fulton County,IN,3/16/2026 16:00,0.0,0.0,0.0,0.0
18049,Fulton County,IN,3/16/2026 17:00,0.0,0.0,0.0,0.0
18049,Fulton County,IN,3/16/2026 18:00,0.0,0.0,0.0,0.0
18049,Fulton County,IN,3/16/2026 19:00,0.0,0.0,0.0,0.0
18049,Fulton County,IN,3/16/2026 20:00,0.0,0.0,0.0,0.0
18049,Fulton County,IN,3/16/2026 21:00,0.0,0.0,0.0,0.0
18049,Fulton County,IN,3/16/2026 22:00,0.0,0.0,0.0,0.0
18049,Fulton County,IN,3/16/2026 23:00,0.0,0.0,0.0,0.0
18049,Fulton County,IN,3/17/2026 0:00,0.0,0.0,0.0,0.0
18049,Fulton County,IN,3/17/2026 1:00,0.0,0.0,0.0,0.0
18049,Fulton County,IN,3/17/2026 2:00,0.0,0.0,0.0,0.0
18049,Fulton County,IN,3/17/2026 3:00,0.0,0.0,0.0,0.0
18049,Fulton County,IN,3/17/2026 4:00,0.0,0.0,0.0,0.0
18049,Fulton County,IN,3/17/2026 5:00,0.0,0.0,0.0,0.0
18049,Fulton County,IN,3/17/2026 6:00,0.0,0.0,0.0,0.0
18049,Fulton County,IN,3/17/2026 7:00,0.0,0.0,0.0,0.0
18049,Fulton County,IN,3/17/2026 8:00,0.0,0.0,0.0,0.0
18049,Fulton County,IN,3/17/2026 9:00,0.0,0.0,0.0,0.0
18049,Fulton County,IN,3/17/2026 10:00,0.0,0.0,0.0,0.0
18049,Fulton County,IN,3/17/2026 11:00,0.0,0.0,0.0,0.0
18049,Fulton County,IN,3/17/2026 12:00,0.0,0.0,0.0,0.0
18049,Fulton County,IN,3/17/2026 13:00,0.0,0.0,0.0,0.0
18049,Fulton County,IN,3/17/2026 14:00,0.0,0.0,0.0,0.0
18049,Fulton County,IN,3/17/2026 15:00,0.0,0.0,0.0,0.0
18049,Fulton County,IN,3/17/2026 16:00,0.0,0.0,0.0,0.0
18049,Fulton County,IN,3/17/2026 17:00,0.0,0.0,0.0,0.0
18049,Fulton County,IN,3/17/2026 18:00,0.0,0.0,0.0,0.0
18049,Fulton County,IN,3/17/2026 19:00,0.0,0.0,0.0,0.0
18049,Fulton County,IN,3/17/2026 20:00,0.0,0.0,0.0,0.0
18049,Fulton County,IN,3/17/2026 21:00,0.0,0.0,0.0,0.0
18049,Fulton County,IN,3/17/2026 22:00,0.0,0.0,0.0,0.0
18049,Fulton County,IN,3/17/2026 23:00,0.0,0.0,0.0,0.0
18049,Fulton County,IN,3/18/2026 0:00,0.0,0.0,0.0,
18049,Fulton County,IN,3/18/2026 1:00,0.0,0.0,0.0,
18049,Fulton County,IN,3/18/2026 2:00,0.0,0.0,0.0,
18049,Fulton County,IN,3/18/2026 3:00,0.0,0.0,0.0,
18049,Fulton County,IN,3/18/2026 4:00,0.0,0.0,0.0,
18049,Fulton County,IN,3/18/2026 5:00,0.0,0.0,0.0,
18049,Fulton County,IN,3/18/2026 6:00,0.0,0.0,0.0,
18049,Fulton County,IN,3/18/2026 7:00,0.0,0.0,0.0,
18049,Fulton County,IN,3/18/2026 8:00,0.0,0.0,0.0,
18049,Fulton County,IN,3/18/2026 9:00,0.0,0.0,0.0,
18049,Fulton County,IN,3/18/2026 10:00,0.0,0.0,0.0,
18049,Fulton County,IN,3/18/2026 11:00,0.0,0.0,0.0,
18049,Fulton County,IN,3/18/2026 12:00,0.0,0.0,0.0,
18049,Fulton County,IN,3/18/2026 13:00,0.0,0.0,0.0,
18049,Fulton County,IN,3/18/2026 14:00,0.0,0.0,0.0,
18049,Fulton County,IN,3/18/2026 15:00,0.0,0.0,0.0,
18049,Fulton County,IN,3/18/2026 16:00,0.0,0.0,0.0,
18049,Fulton County,IN,3/18/2026 17:00,0.0,0.0,0.0,
18049,Fulton County,IN,3/18/2026 18:00,0.0,0.0,0.0,
18049,Fulton County,IN,3/18/2026 19:00,0.0,0.0,0.0,
18049,Fulton County,IN,3/18/2026 20:00,0.0,0.0,0.0,
18049,Fulton County,IN,3/18/2026 21:00,0.0,0.0,0.0,
18049,Fulton County,IN,3/18/2026 22:00,0.0,0.0,0.0,
18049,Fulton County,IN,3/18/2026 23:00,0.0,0.0,0.0,
18049,Fulton County,IN,3/19/2026 0:00,0.0,0.0,,
18049,Fulton County,IN,3/19/2026 1:00,0.0,0.0,,
18049,Fulton County,IN,3/19/2026 2:00,0.0,0.0,,
18049,Fulton County,IN,3/19/2026 3:00,0.0,0.0,,
18049,Fulton County,IN,3/19/2026 4:00,0.0,0.0,,
18049,Fulton County,IN,3/19/2026 5:00,0.0,0.0,,
18049,Fulton County,IN,3/19/2026 6:00,0.0,0.0,,
18049,Fulton County,IN,3/19/2026 7:00,0.0,0.0,,
18049,Fulton County,IN,3/19/2026 8:00,0.0,0.0,,
18049,Fulton County,IN,3/19/2026 9:00,0.0,0.0,,
18049,Fulton County,IN,3/19/2026 10:00,0.0,0.0,,
18049,Fulton County,IN,3/19/2026 11:00,0.0,0.0,,
18049,Fulton County,IN,3/19/2026 12:00,0.0,0.0,,
18049,Fulton County,IN,3/19/2026 13:00,0.0,0.0,,
18049,Fulton County,IN,3/19/2026 14:00,0.0,0.0,,
18049,Fulton County,IN,3/19/2026 15:00,0.0,0.0,,
18049,Fulton County,IN,3/19/2026 16:00,0.0,0.0,,
18049,Fulton County,IN,3/19/2026 17:00,0.0,0.0,,
18049,Fulton County,IN,3/19/2026 18:00,0.0,,,
18049,Fulton County,IN,3/19/2026 19:00,0.0,,,
18049,Fulton County,IN,3/19/2026 20:00,0.0,,,
18049,Fulton County,IN,3/19/2026 21:00,0.0,,,
18049,Fulton County,IN,3/19/2026 22:00,0.0,,,
18049,Fulton County,IN,3/19/2026 23:00,,,,
18053,Grant County,IN,3/14/2026 0:00,0.013363276433665305,0.009203269239515066,0.0017723908207699425,0.0054796474403701724
18053,Grant County,IN,3/14/2026 1:00,0.013450003578327596,0.008207689877599478,0.002156673852005042,0.00547075979411602
18053,Grant County,IN,3/14/2026 2:00,0.011542041902430356,0.007142106886021793,0.0019049060705583543,0.0055659078294411305
18053,Grant County,IN,3/14/2026 3:00,0.011065130704082549,0.006462402106262743,0.001283244986552745,0.005384373932611197
18053,Grant County,IN,3/14/2026 4:00,0.010134398267837241,0.005262192292138934,0.0011573351424885915,0.005875632294919342
18053,Grant County,IN,3/14/2026 5:00,0.009666846213804092,0.005170307192020118,0.0012005583761492745,0.005471261899219826
18053,Grant County,IN,3/14/2026 6:00,0.008596744286478497,0.00446237837895751,0.0012257402384420856,0.005479958048090339
18053,Grant County,IN,3/14/2026 7:00,0.007857393298763782,0.00442198128439486,0.0015324672189308331,0.005231499852379784
18053,Grant County,IN,3/14/2026 8:00,0.007278164790477604,0.004088990204036236,0.0021057971665868537,0.006032583274645731
18053,Grant County,IN,3/14/2026 9:00,0.0060375414323061705,0.0036319813691079615,0.0021800432907184584,0.004952684136515018
18053,Grant County,IN,3/14/2026 10:00,0.005823040119139478,0.003284799098037183,0.002125350330607034,0.0041157868894515556
18053,Grant County,IN,3/14/2026 11:00,0.005326655489625409,0.003059456613846123,0.002956074237590656,0.004138225167116616
18053,Grant County,IN,3/14/2026 12:00,0.005042680015321821,0.00282727467129007,0.003773038525832817,0.003665848342643585
18053,Grant County,IN,3/14/2026 13:00,0.0047295101976487786,0.002335221308749169,0.004968390168505721,0.0028961563613847828
18053,Grant County,IN,3/14/2026 14:00,0.004158443232881837,0.0013239389605587347,0.008111836208263412,0.002537561109056696
18053,Grant County,IN,3/14/2026 15:00,0.003749757685000077,0.0014022542134625837,0.007558793370844796,0.001999410378630273
18053,Grant County,IN,3/14/2026 16:00,0.0034251629767823033,0.0016622247247141785,0.007444573275279254,0.001598183621536009
18053,Grant County,IN,3/14/2026 17:00,0.0030455692831310444,0.001761868572793901,0.007367692177649587,0.0012309765676036476
18053,Grant County,IN,3/14/2026 18:00,0.002611029543913901,0.0015859117906074972,0.006610523426206783,0.0
18053,Grant County,IN,3/14/2026 19:00,0.001676570507697761,0.0015811394870979712,0.006675892835482955,0.0012306221193284727
18053,Grant County,IN,3/14/2026 20:00,0.0016188842128030956,0.0015097481169505044,0.006374006252735853,0.0011378706883988343
18053,Grant County,IN,3/14/2026 21:00,0.0016267087175947381,0.0014625710289692506,0.005796304682735354,0.0
18053,Grant County,IN,3/14/2026 22:00,0.0016060923808254302,0.0014318708650534972,0.00582901401212439,0.0
18053,Grant County,IN,3/14/2026 23:00,0.0014872814608679619,0.0013980912510305644,0.006816433672793209,0.0
18053,Grant County,IN,3/15/2026 0:00,0.0014396905244211666,0.0015476283733732998,0.006600326858460903,0.0
18053,Grant County,IN,3/15/2026 1:00,0.001603630771569442,0.001369603059720248,0.006373200821690262,0.0
18053,Grant County,IN,3/15/2026 2:00,0.0013658005409524776,0.0016851629508892075,0.006257784948684275,0.0
18053,Grant County,IN,3/15/2026 3:00,0.0015090016677277163,0.0019433224750173394,0.00575916109373793,0.0
18053,Grant County,IN,3/15/2026 4:00,0.0016721727843105327,0.0018155168741941451,0.005975203204434365,0.0
18053,Grant County,IN,3/15/2026 5:00,0.0017559045227244496,0.0028197844047099354,0.005627986008767039,0.0
18053,Grant County,IN,3/15/2026 6:00,0.0015346717835313939,0.0045567149296402935,0.00542501968157012,0.0
18053,Grant County,IN,3/15/2026 7:00,0.0017772166393115185,0.005725700035691261,0.00534533872269094,0.0
18053,Grant County,IN,3/15/2026 8:00,0.0020052017280249856,0.0073089033365249636,0.004519766265730141,0.0
18053,Grant County,IN,3/15/2026 9:00,0.0022830188827356324,0.006699611339718104,0.0039640202307055,0.0
18053,Grant County,IN,3/15/2026 10:00,0.003197932062903419,0.006369063165038824,0.0035019173330510965,0.0
18053,Grant County,IN,3/15/2026 11:00,0.0048057351959869266,0.006752392603084445,0.0025892516801832243,0.0
18053,Grant County,IN,3/15/2026 12:00,0.005765917710959911,0.0058025472797453405,0.002172972110565752,0.0
18053,Grant County,IN,3/15/2026 13:00,0.007302773417904973,0.0057112748734653,0.0020500830258242788,0.0
18053,Grant County,IN,3/15/2026 14:00,0.007081012648995966,0.005100044421851635,0.0,0.0
18053,Grant County,IN,3/15/2026 15:00,0.006694251555018127,0.004718400305137038,0.0,0.0
18053,Grant County,IN,3/15/2026 16:00,0.0074024222121806815,0.005215271282941103,0.0,0.0
18053,Grant County,IN,3/15/2026 17:00,0.005704361596144736,0.006564241228625178,0.0,0.0
18053,Grant County,IN,3/15/2026 18:00,0.0053014191798865795,0.006277262326329946,0.0,0.0
18053,Grant County,IN,3/15/2026 19:00,0.005359698319807649,0.006049736682325601,0.0,0.0
18053,Grant County,IN,3/15/2026 20:00,0.00442167412256822,0.006391389947384596,0.0,0.0
18053,Grant County,IN,3/15/2026 21:00,0.005041130352765322,0.006055607181042433,0.0,0.0
18053,Grant County,IN,3/15/2026 22:00,0.005975564010441303,0.005011590570211411,0.0,0.0
18053,Grant County,IN,3/15/2026 23:00,0.006025784066878259,0.0046046890784054995,0.0,0.0
18053,Grant County,IN,3/16/2026 0:00,0.005887476145289838,0.00468233935534954,0.0016101185174193233,0.0
18053,Grant County,IN,3/16/2026 1:00,0.007121557428035885,0.004979567183181643,0.0,0.0
18053,Grant County,IN,3/16/2026 2:00,0.004716670606285334,0.004802906792610884,0.0,0.0
18053,Grant County,IN,3/16/2026 3:00,0.005100687267258763,0.004162174183875322,0.0,0.0
18053,Grant County,IN,3/16/2026 4:00,0.004071945557370782,0.0032096615992486476,0.0,0.0
18053,Grant County,IN,3/16/2026 5:00,0.004503876203671098,0.002904318366199732,0.0,0.0
18053,Grant County,IN,3/16/2026 6:00,0.004330117022618651,0.0024772248230874538,0.0,0.0
18053,Grant County,IN,3/16/2026 7:00,0.004944552492816001,0.0021656585158780217,0.0,0.0
18053,Grant County,IN,3/16/2026 8:00,0.004328098213591147,0.0018112271325662732,0.0,0.0
18053,Grant County,IN,3/16/2026 9:00,0.0033855452929856256,0.0013980283169075848,0.0,0.0
18053,Grant County,IN,3/16/2026 10:00,0.002751917316345498,0.0013536712038330733,0.0,0.0
18053,Grant County,IN,3/16/2026 11:00,0.002516233769711107,0.0016108937066746875,0.0,0.0
18053,Grant County,IN,3/16/2026 12:00,0.0022098202171036974,0.0014512166380882263,0.0,0.0
18053,Grant County,IN,3/16/2026 13:00,0.0019165014891768806,0.0012780437245965004,0.0,0.0
18053,Grant County,IN,3/16/2026 14:00,0.001390718825859949,0.00133815846638754,0.0,0.0
18053,Grant County,IN,3/16/2026 15:00,0.0014929655462765368,0.0014161490194965153,0.0,0.0
18053,Grant County,IN,3/16/2026 16:00,0.001712236124149058,0.0014192480062774847,0.0,0.0
18053,Grant County,IN,3/16/2026 17:00,0.0016124984540510923,0.0013189164517825702,0.0,0.0
18053,Grant County,IN,3/16/2026 18:00,0.0014666805509477854,0.0014349601973663085,0.0,0.0
18053,Grant County,IN,3/16/2026 19:00,0.001449603500077501,0.0013640707080412539,0.0,0.0
18053,Grant County,IN,3/16/2026 20:00,0.0013447731034830213,0.0011568300265935249,0.0,0.0
18053,Grant County,IN,3/16/2026 21:00,0.0013595928285212722,0.0011870426387758926,0.0,0.0
18053,Grant County,IN,3/16/2026 22:00,0.0013407518363237614,0.0010788290499476715,0.0,0.0
18053,Grant County,IN,3/16/2026 23:00,0.001545871389680542,0.0,0.0,0.0
18053,Grant County,IN,3/17/2026 0:00,0.0012655513928621076,0.0010654096768121235,0.0,0.0
18053,Grant County,IN,3/17/2026 1:00,0.001226267693709815,0.0010806635837070644,0.0,0.0
18053,Grant County,IN,3/17/2026 2:00,0.0011388443454052322,0.0012487037252867593,0.0,0.0
18053,Grant County,IN,3/17/2026 3:00,0.0010459738041390665,0.0013199215638451279,0.0,0.0
18053,Grant County,IN,3/17/2026 4:00,0.0,0.0,0.0,0.0
18053,Grant County,IN,3/17/2026 5:00,0.0,0.0,0.0,0.0
18053,Grant County,IN,3/17/2026 6:00,0.0,0.001014114365534624,0.0,0.0
18053,Grant County,IN,3/17/2026 7:00,0.0010658422688720748,0.0,0.0,0.0
18053,Grant County,IN,3/17/2026 8:00,0.001113710823119618,0.00104528687952552,0.0,0.0
18053,Grant County,IN,3/17/2026 9:00,0.0,0.0,0.0,0.0
18053,Grant County,IN,3/17/2026 10:00,0.0,0.0,0.0,0.0
18053,Grant County,IN,3/17/2026 11:00,0.0,0.0,0.0,0.0
18053,Grant County,IN,3/17/2026 12:00,0.0,0.0,0.0,0.0
18053,Grant County,IN,3/17/2026 13:00,0.0,0.0,0.0,0.0
18053,Grant County,IN,3/17/2026 14:00,0.0,0.0,0.0,0.0
18053,Grant County,IN,3/17/2026 15:00,0.0,0.0,0.0,0.0
18053,Grant County,IN,3/17/2026 16:00,0.0,0.0,0.0,0.0
18053,Grant County,IN,3/17/2026 17:00,0.0,0.0,0.0,0.0
18053,Grant County,IN,3/17/2026 18:00,0.0,0.0,0.0,0.0
18053,Grant County,IN,3/17/2026 19:00,0.0,0.0,0.0,0.0
18053,Grant County,IN,3/17/2026 20:00,0.0,0.0,0.0,0.0
18053,Grant County,IN,3/17/2026 21:00,0.0,0.0,0.0,0.0
18053,Grant County,IN,3/17/2026 22:00,0.0,0.0,0.0,0.0
18053,Grant County,IN,3/17/2026 23:00,0.0,0.0,0.0,0.0
18053,Grant County,IN,3/18/2026 0:00,0.0,0.0,0.0,
18053,Grant County,IN,3/18/2026 1:00,0.0,0.0,0.0,
18053,Grant County,IN,3/18/2026 2:00,0.0,0.0,0.0,
18053,Grant County,IN,3/18/2026 3:00,0.0,0.0,0.0,
18053,Grant County,IN,3/18/2026 4:00,0.0,0.0,0.0,
18053,Grant County,IN,3/18/2026 5:00,0.0,0.0,0.0,
18053,Grant County,IN,3/18/2026 6:00,0.0,0.0,0.0,
18053,Grant County,IN,3/18/2026 7:00,0.0,0.0,0.0,
18053,Grant County,IN,3/18/2026 8:00,0.0,0.0,0.0,
18053,Grant County,IN,3/18/2026 9:00,0.0,0.0,0.0,
18053,Grant County,IN,3/18/2026 10:00,0.0,0.0,0.0,
18053,Grant County,IN,3/18/2026 11:00,0.0,0.0,0.0,
18053,Grant County,IN,3/18/2026 12:00,0.0,0.0,0.0,
18053,Grant County,IN,3/18/2026 13:00,0.0,0.0,0.0,
18053,Grant County,IN,3/18/2026 14:00,0.0,0.0,0.0,
18053,Grant County,IN,3/18/2026 15:00,0.0,0.0,0.0,
18053,Grant County,IN,3/18/2026 16:00,0.0,0.0,0.0,
18053,Grant County,IN,3/18/2026 17:00,0.0,0.0,0.0,
18053,Grant County,IN,3/18/2026 18:00,0.0,0.0,0.0,
18053,Grant County,IN,3/18/2026 19:00,0.0,0.0,0.0,
18053,Grant County,IN,3/18/2026 20:00,0.0,0.0,0.0,
18053,Grant County,IN,3/18/2026 21:00,0.0,0.0,0.0,
18053,Grant County,IN,3/18/2026 22:00,0.0,0.0,0.0,
18053,Grant County,IN,3/18/2026 23:00,0.0,0.0,0.0,
18053,Grant County,IN,3/19/2026 0:00,0.0,0.0,,
18053,Grant County,IN,3/19/2026 1:00,0.0,0.0,,
18053,Grant County,IN,3/19/2026 2:00,0.0,0.0,,
18053,Grant County,IN,3/19/2026 3:00,0.0,0.0,,
18053,Grant County,IN,3/19/2026 4:00,0.0,0.0,,
18053,Grant County,IN,3/19/2026 5:00,0.0,0.0,,
18053,Grant County,IN,3/19/2026 6:00,0.0,0.0,,
18053,Grant County,IN,3/19/2026 7:00,0.0,0.0,,
18053,Grant County,IN,3/19/2026 8:00,0.0,0.0,,
18053,Grant County,IN,3/19/2026 9:00,0.0,0.0,,
18053,Grant County,IN,3/19/2026 10:00,0.0,0.0,,
18053,Grant County,IN,3/19/2026 11:00,0.0,0.0,,
18053,Grant County,IN,3/19/2026 12:00,0.0,0.0,,
18053,Grant County,IN,3/19/2026 13:00,0.0,0.0,,
18053,Grant County,IN,3/19/2026 14:00,0.0,0.0,,
18053,Grant County,IN,3/19/2026 15:00,0.0,0.0,,
18053,Grant County,IN,3/19/2026 16:00,0.0,0.0,,
18053,Grant County,IN,3/19/2026 17:00,0.0,0.0,,
18053,Grant County,IN,3/19/2026 18:00,0.0,,,
18053,Grant County,IN,3/19/2026 19:00,0.0,,,
18053,Grant County,IN,3/19/2026 20:00,0.0,,,
18053,Grant County,IN,3/19/2026 21:00,0.0,,,
18053,Grant County,IN,3/19/2026 22:00,0.0,,,
18053,Grant County,IN,3/19/2026 23:00,,,,
18055,Greene County,IN,3/14/2026 0:00,0.0,0.0,0.0,0.012100694328546524
18055,Greene County,IN,3/14/2026 1:00,0.0,0.0,0.0,0.010056823026388884
18055,Greene County,IN,3/14/2026 2:00,0.0,0.0,0.0,0.00729690461885184
18055,Greene County,IN,3/14/2026 3:00,0.0,0.0,0.0,0.006593281356617808
18055,Greene County,IN,3/14/2026 4:00,0.0,0.0,0.0,0.004834330128505826
18055,Greene County,IN,3/14/2026 5:00,0.0,0.0,0.0,0.003637776226969436
18055,Greene County,IN,3/14/2026 6:00,0.0,0.0,0.0,0.004124329809565097
18055,Greene County,IN,3/14/2026 7:00,0.0,0.0,0.0,0.0037288915133103727
18055,Greene County,IN,3/14/2026 8:00,0.0,0.0,0.0,0.004250793298706412
18055,Greene County,IN,3/14/2026 9:00,0.0,0.0,0.0,0.0031232630251906814
18055,Greene County,IN,3/14/2026 10:00,0.0,0.0,0.0029441360660712236,0.0
18055,Greene County,IN,3/14/2026 11:00,0.0,0.0,0.006138701626332477,0.0
18055,Greene County,IN,3/14/2026 12:00,0.0,0.0,0.009128821874037385,0.0
18055,Greene County,IN,3/14/2026 13:00,0.0,0.0,0.014198689244221897,0.0
18055,Greene County,IN,3/14/2026 14:00,0.0,0.0,0.015456170868128538,0.0
18055,Greene County,IN,3/14/2026 15:00,0.0,0.0,0.014951340341940522,0.0
18055,Greene County,IN,3/14/2026 16:00,0.0,0.0,0.013210590789094567,0.0
18055,Greene County,IN,3/14/2026 17:00,0.0,0.0,0.009454678604379296,0.0
18055,Greene County,IN,3/14/2026 18:00,0.0,0.0,0.006496931496076285,0.0
18055,Greene County,IN,3/14/2026 19:00,0.0,0.0,0.005346682714298367,0.0
18055,Greene County,IN,3/14/2026 20:00,0.0,0.0,0.002941690955776721,0.0
18055,Greene County,IN,3/14/2026 21:00,0.0,0.0,0.0031464208150282502,0.0
18055,Greene County,IN,3/14/2026 22:00,0.0,0.0,0.007656229822896421,0.0
18055,Greene County,IN,3/14/2026 23:00,0.0,0.0,0.014662893023341894,0.0
18055,Greene County,IN,3/15/2026 0:00,0.0,0.0,0.011689301859587432,0.0
18055,Greene County,IN,3/15/2026 1:00,0.0,0.0,0.0050352595077129084,0.0
18055,Greene County,IN,3/15/2026 2:00,0.0,0.0,0.005771651605027728,0.0
18055,Greene County,IN,3/15/2026 3:00,0.0,0.0,0.0052277479924669025,0.0
18055,Greene County,IN,3/15/2026 4:00,0.0,0.002635666856076568,0.00412790936534293,0.0
18055,Greene County,IN,3/15/2026 5:00,0.0,0.007134574675001204,0.0032129103972692976,0.0
18055,Greene County,IN,3/15/2026 6:00,0.0,0.014029266044963152,0.0022820923943072556,0.0
18055,Greene County,IN,3/15/2026 7:00,0.0,0.01632145371986553,0.0014081169763812795,0.0
18055,Greene County,IN,3/15/2026 8:00,0.0,0.016415019356645643,0.002160728790477151,0.0
18055,Greene County,IN,3/15/2026 9:00,0.0017804511589929461,0.014810392120853066,0.0016077501633844804,0.0
18055,Greene County,IN,3/15/2026 10:00,0.0058366411831229925,0.011283446149900556,0.0,0.0
18055,Greene County,IN,3/15/2026 11:00,0.01216175314038992,0.008060094900429249,0.0,0.0
18055,Greene County,IN,3/15/2026 12:00,0.013465475756675005,0.007829490816220641,0.0018321186566026882,0.0
18055,Greene County,IN,3/15/2026 13:00,0.015517352381721139,0.007142260391265154,0.0,0.0
18055,Greene County,IN,3/15/2026 14:00,0.014656711253337562,0.004446823801845312,0.002185661398107186,0.0
18055,Greene County,IN,3/15/2026 15:00,0.011825134097307455,0.002695450163446367,0.0016182393796043471,0.0
18055,Greene County,IN,3/15/2026 16:00,0.008919164727558382,0.00857751164585352,0.0,0.0
18055,Greene County,IN,3/15/2026 17:00,0.008303143840748817,0.020047603361308574,0.0,0.0
18055,Greene County,IN,3/15/2026 18:00,0.007519628590671346,0.015108645707368851,0.0,0.0
18055,Greene County,IN,3/15/2026 19:00,0.004825905605684966,0.009328349027782679,0.0,0.0
18055,Greene County,IN,3/15/2026 20:00,0.0014651932287961245,0.006379649043083191,0.001225912634981796,0.0
18055,Greene County,IN,3/15/2026 21:00,0.0059594193007797,0.005690121208317578,0.001407936412579147,0.0
18055,Greene County,IN,3/15/2026 22:00,0.02653584349900484,0.004359537735581398,0.0014730769238667563,0.0
18055,Greene County,IN,3/15/2026 23:00,0.011987425270490348,0.0030080028111115096,0.0,0.0
18055,Greene County,IN,3/16/2026 0:00,0.007095336215570569,0.0025982592487707734,0.0,0.0
18055,Greene County,IN,3/16/2026 1:00,0.005292681627906859,0.0021614199038594963,0.0,0.0
18055,Greene County,IN,3/16/2026 2:00,0.005662214272888377,0.002243155357427895,0.0,0.0
18055,Greene County,IN,3/16/2026 3:00,0.004556482715997845,0.0022424478316679596,0.0,0.0
18055,Greene County,IN,3/16/2026 4:00,0.002736528986133635,0.0018899003742262723,0.0,0.0
18055,Greene County,IN,3/16/2026 5:00,0.0018272135057486594,0.0,0.0,0.0
18055,Greene County,IN,3/16/2026 6:00,0.0010450290283188224,0.001407858938910067,0.0,0.0
18055,Greene County,IN,3/16/2026 7:00,0.0013844803324900568,0.0,0.0,0.0
18055,Greene County,IN,3/16/2026 8:00,0.0014951276534702629,0.0014586535515263676,0.0,0.0
18055,Greene County,IN,3/16/2026 9:00,0.0,0.0,0.0,0.0
18055,Greene County,IN,3/16/2026 10:00,0.0,0.0,0.0,0.0
18055,Greene County,IN,3/16/2026 11:00,0.0,0.0,0.0,0.0
18055,Greene County,IN,3/16/2026 12:00,0.0,0.0,0.0,0.0
18055,Greene County,IN,3/16/2026 13:00,0.0,0.0,0.0,0.0
18055,Greene County,IN,3/16/2026 14:00,0.0,0.0,0.0,0.0
18055,Greene County,IN,3/16/2026 15:00,0.0,0.0,0.0,0.0
18055,Greene County,IN,3/16/2026 16:00,0.0,0.0,0.0,0.0
18055,Greene County,IN,3/16/2026 17:00,0.0,0.0,0.0,0.0
18055,Greene County,IN,3/16/2026 18:00,0.0,0.0,0.0,0.0
18055,Greene County,IN,3/16/2026 19:00,0.0,0.0,0.0,0.0
18055,Greene County,IN,3/16/2026 20:00,0.0,0.0,0.0,0.0
18055,Greene County,IN,3/16/2026 21:00,0.0,0.0,0.0,0.0
18055,Greene County,IN,3/16/2026 22:00,0.0,0.0,0.0,0.0
18055,Greene County,IN,3/16/2026 23:00,0.0,0.0,0.0,0.0
18055,Greene County,IN,3/17/2026 0:00,0.0,0.0,0.0,0.0
18055,Greene County,IN,3/17/2026 1:00,0.0,0.0,0.0,0.0
18055,Greene County,IN,3/17/2026 2:00,0.0,0.0,0.0,0.0
18055,Greene County,IN,3/17/2026 3:00,0.0,0.0,0.0,0.0
18055,Greene County,IN,3/17/2026 4:00,0.0,0.0,0.0,0.0
18055,Greene County,IN,3/17/2026 5:00,0.0,0.0,0.0,0.0
18055,Greene County,IN,3/17/2026 6:00,0.0,0.0,0.0,0.0
18055,Greene County,IN,3/17/2026 7:00,0.0,0.0,0.0,0.0
18055,Greene County,IN,3/17/2026 8:00,0.0,0.0,0.0,0.0
18055,Greene County,IN,3/17/2026 9:00,0.0,0.0,0.0,0.0
18055,Greene County,IN,3/17/2026 10:00,0.0,0.0,0.0,0.0
18055,Greene County,IN,3/17/2026 11:00,0.0,0.0,0.0,0.0
18055,Greene County,IN,3/17/2026 12:00,0.0,0.0,0.0,0.0
18055,Greene County,IN,3/17/2026 13:00,0.0,0.0,0.0,0.0
18055,Greene County,IN,3/17/2026 14:00,0.0,0.0,0.0,0.0
18055,Greene County,IN,3/17/2026 15:00,0.0,0.0,0.0,0.0
18055,Greene County,IN,3/17/2026 16:00,0.0,0.0,0.0,0.0
18055,Greene County,IN,3/17/2026 17:00,0.0,0.0,0.0,0.0
18055,Greene County,IN,3/17/2026 18:00,0.0,0.0,0.0,0.0
18055,Greene County,IN,3/17/2026 19:00,0.0,0.0,0.0,0.0
18055,Greene County,IN,3/17/2026 20:00,0.0,0.0,0.0,0.0
18055,Greene County,IN,3/17/2026 21:00,0.0,0.0,0.0,0.0
18055,Greene County,IN,3/17/2026 22:00,0.0,0.0,0.0,0.0
18055,Greene County,IN,3/17/2026 23:00,0.0,0.0,0.0,0.0
18055,Greene County,IN,3/18/2026 0:00,0.0,0.0,0.0,
18055,Greene County,IN,3/18/2026 1:00,0.0,0.0,0.0,
18055,Greene County,IN,3/18/2026 2:00,0.0,0.0,0.0,
18055,Greene County,IN,3/18/2026 3:00,0.0,0.0,0.0,
18055,Greene County,IN,3/18/2026 4:00,0.0,0.0,0.0,
18055,Greene County,IN,3/18/2026 5:00,0.0,0.0,0.0,
18055,Greene County,IN,3/18/2026 6:00,0.0,0.0,0.0,
18055,Greene County,IN,3/18/2026 7:00,0.0,0.0,0.0,
18055,Greene County,IN,3/18/2026 8:00,0.0,0.0,0.0,
18055,Greene County,IN,3/18/2026 9:00,0.0,0.0,0.0,
18055,Greene County,IN,3/18/2026 10:00,0.0,0.0,0.0,
18055,Greene County,IN,3/18/2026 11:00,0.0,0.0,0.0,
18055,Greene County,IN,3/18/2026 12:00,0.0,0.0,0.0,
18055,Greene County,IN,3/18/2026 13:00,0.0,0.0,0.0,
18055,Greene County,IN,3/18/2026 14:00,0.0,0.0,0.0,
18055,Greene County,IN,3/18/2026 15:00,0.0,0.0,0.0,
18055,Greene County,IN,3/18/2026 16:00,0.0,0.0,0.0,
18055,Greene County,IN,3/18/2026 17:00,0.0,0.0,0.0,
18055,Greene County,IN,3/18/2026 18:00,0.0,0.0,0.0,
18055,Greene County,IN,3/18/2026 19:00,0.0,0.0,0.0,
18055,Greene County,IN,3/18/2026 20:00,0.0,0.0,0.0,
18055,Greene County,IN,3/18/2026 21:00,0.0,0.0,0.0,
18055,Greene County,IN,3/18/2026 22:00,0.0,0.0,0.0,
18055,Greene County,IN,3/18/2026 23:00,0.0,0.0,0.0,
18055,Greene County,IN,3/19/2026 0:00,0.0,0.0,,
18055,Greene County,IN,3/19/2026 1:00,0.0,0.0,,
18055,Greene County,IN,3/19/2026 2:00,0.0,0.0,,
18055,Greene County,IN,3/19/2026 3:00,0.0,0.0,,
18055,Greene County,IN,3/19/2026 4:00,0.0,0.0,,
18055,Greene County,IN,3/19/2026 5:00,0.0,0.0,,
18055,Greene County,IN,3/19/2026 6:00,0.0,0.0,,
18055,Greene County,IN,3/19/2026 7:00,0.0,0.0,,
18055,Greene County,IN,3/19/2026 8:00,0.0,0.0,,
18055,Greene County,IN,3/19/2026 9:00,0.0,0.0,,
18055,Greene County,IN,3/19/2026 10:00,0.0,0.0,,
18055,Greene County,IN,3/19/2026 11:00,0.0,0.0,,
18055,Greene County,IN,3/19/2026 12:00,0.0,0.0,,
18055,Greene County,IN,3/19/2026 13:00,0.0,0.0,,
18055,Greene County,IN,3/19/2026 14:00,0.0,0.0,,
18055,Greene County,IN,3/19/2026 15:00,0.0,0.0,,
18055,Greene County,IN,3/19/2026 16:00,0.0,0.0,,
18055,Greene County,IN,3/19/2026 17:00,0.0,0.0,,
18055,Greene County,IN,3/19/2026 18:00,0.0,,,
18055,Greene County,IN,3/19/2026 19:00,0.0,,,
18055,Greene County,IN,3/19/2026 20:00,0.0,,,
18055,Greene County,IN,3/19/2026 21:00,0.0,,,
18055,Greene County,IN,3/19/2026 22:00,0.0,,,
18055,Greene County,IN,3/19/2026 23:00,,,,
18057,Hamilton County,IN,3/14/2026 0:00,0.0017008165013976395,0.0013984952995087952,0.0,0.0033302390715107323
18057,Hamilton County,IN,3/14/2026 1:00,0.001569547486724332,0.0011957190406974405,0.0,0.0021778108552098275
18057,Hamilton County,IN,3/14/2026 2:00,0.001615391840459779,0.0,0.0,0.0016967260278761389
18057,Hamilton County,IN,3/14/2026 3:00,0.0014699182793265209,0.0,0.0,0.0017959329998120666
18057,Hamilton County,IN,3/14/2026 4:00,0.001967717005754821,0.0,0.0,0.0021654853713698684
18057,Hamilton County,IN,3/14/2026 5:00,0.0014424598412006162,0.0,0.0,0.001560885482467711
18057,Hamilton County,IN,3/14/2026 6:00,0.0013776255800621584,0.0,0.0,0.0021105470950715244
18057,Hamilton County,IN,3/14/2026 7:00,0.0,0.0,0.0,0.0
18057,Hamilton County,IN,3/14/2026 8:00,0.0,0.0,0.0,0.0013793736521620303
18057,Hamilton County,IN,3/14/2026 9:00,0.0,0.0,0.0,0.0013105299440212548
18057,Hamilton County,IN,3/14/2026 10:00,0.0,0.0,0.0,0.001338086964096874
18057,Hamilton County,IN,3/14/2026 11:00,0.0,0.0,0.0,0.001266150368610397
18057,Hamilton County,IN,3/14/2026 12:00,0.0,0.0,0.0013633218317409047,0.0
18057,Hamilton County,IN,3/14/2026 13:00,0.0,0.0,0.0023161819779488725,0.0
18057,Hamilton County,IN,3/14/2026 14:00,0.0,0.0,0.0032863397569599328,0.0
18057,Hamilton County,IN,3/14/2026 15:00,0.0,0.0,0.002876317563641351,0.0
18057,Hamilton County,IN,3/14/2026 16:00,0.0,0.0,0.0029482892772648484,0.0
18057,Hamilton County,IN,3/14/2026 17:00,0.0,0.0,0.0024886427192541303,0.0
18057,Hamilton County,IN,3/14/2026 18:00,0.0,0.0,0.002064386333222501,0.0
18057,Hamilton County,IN,3/14/2026 19:00,0.0,0.0,0.0018822067620931193,0.0
18057,Hamilton County,IN,3/14/2026 20:00,0.0,0.0,0.0011662276898277923,0.0
18057,Hamilton County,IN,3/14/2026 21:00,0.0,0.0,0.0,0.0
18057,Hamilton County,IN,3/14/2026 22:00,0.0,0.0,0.0,0.0
18057,Hamilton County,IN,3/14/2026 23:00,0.0,0.0,0.002289668579760473,0.0
18057,Hamilton County,IN,3/15/2026 0:00,0.0,0.0,0.002916584542253986,0.0
18057,Hamilton County,IN,3/15/2026 1:00,0.0,0.0,0.002692580461734906,0.0
18057,Hamilton County,IN,3/15/2026 2:00,0.0,0.0,0.001536586828297004,0.0
18057,Hamilton County,IN,3/15/2026 3:00,0.0,0.0,0.0015177219378529117,0.0
18057,Hamilton County,IN,3/15/2026 4:00,0.0,0.0,0.0014446271263295785,0.0
18057,Hamilton County,IN,3/15/2026 5:00,0.0,0.0,0.0012332520869676954,0.0
18057,Hamilton County,IN,3/15/2026 6:00,0.0,0.00177858104580082,0.0,0.0
18057,Hamilton County,IN,3/15/2026 7:00,0.0,0.003556942549766973,0.0,0.0
18057,Hamilton County,IN,3/15/2026 8:00,0.0,0.003938934148754925,0.0,0.0
18057,Hamilton County,IN,3/15/2026 9:00,0.0,0.00335360961034894,0.0,0.0
18057,Hamilton County,IN,3/15/2026 10:00,0.0,0.0029261433053761722,0.0,0.0
18057,Hamilton County,IN,3/15/2026 11:00,0.001825524781452259,0.0021240027970634403,0.0,0.0
18057,Hamilton County,IN,3/15/2026 12:00,0.0034274758800165728,0.0015369402186479419,0.0,0.0
18057,Hamilton County,IN,3/15/2026 13:00,0.0037472633994184434,0.0014341442845761776,0.0,0.0
18057,Hamilton County,IN,3/15/2026 14:00,0.0034870698873419315,0.0015682468772865831,0.0,0.0
18057,Hamilton County,IN,3/15/2026 15:00,0.0029786165105178952,0.0,0.0,0.0
18057,Hamilton County,IN,3/15/2026 16:00,0.0022655931024928577,0.0,0.0,0.0
18057,Hamilton County,IN,3/15/2026 17:00,0.0015041758804841265,0.0014593866420909763,0.0,0.0
18057,Hamilton County,IN,3/15/2026 18:00,0.0011368013656465337,0.002666659792885184,0.0,0.0
18057,Hamilton County,IN,3/15/2026 19:00,0.001254470567801036,0.002502532093785703,0.0,0.0
18057,Hamilton County,IN,3/15/2026 20:00,0.0,0.0018561758100986482,0.0,0.0
18057,Hamilton County,IN,3/15/2026 21:00,0.0,0.00157169031444937,0.0,0.0
18057,Hamilton County,IN,3/15/2026 22:00,0.0,0.0014383376808837056,0.0,0.0
18057,Hamilton County,IN,3/15/2026 23:00,0.0016534245805814862,0.0013351194560527802,0.0,0.0
18057,Hamilton County,IN,3/16/2026 0:00,0.0017547012539580464,0.00153655699105002,0.0,0.0
18057,Hamilton County,IN,3/16/2026 1:00,0.0,0.0014407461683731526,0.0,0.0
18057,Hamilton County,IN,3/16/2026 2:00,0.0,0.0011569675581995398,0.0,0.0
18057,Hamilton County,IN,3/16/2026 3:00,0.0,0.001055739971343428,0.0,0.0
18057,Hamilton County,IN,3/16/2026 4:00,0.0,0.0,0.0,0.0
18057,Hamilton County,IN,3/16/2026 5:00,0.0,0.0,0.0,0.0
18057,Hamilton County,IN,3/16/2026 6:00,0.0010661971755325794,0.0,0.0,0.0
18057,Hamilton County,IN,3/16/2026 7:00,0.0,0.0,0.0,0.0
18057,Hamilton County,IN,3/16/2026 8:00,0.0,0.0,0.0,0.0
18057,Hamilton County,IN,3/16/2026 9:00,0.0,0.0,0.0,0.0
18057,Hamilton County,IN,3/16/2026 10:00,0.0,0.0,0.0,0.0
18057,Hamilton County,IN,3/16/2026 11:00,0.0,0.0,0.0,0.0
18057,Hamilton County,IN,3/16/2026 12:00,0.0,0.0,0.0,0.0
18057,Hamilton County,IN,3/16/2026 13:00,0.0,0.0,0.0,0.0
18057,Hamilton County,IN,3/16/2026 14:00,0.0,0.0,0.0,0.0
18057,Hamilton County,IN,3/16/2026 15:00,0.0,0.0,0.0,0.0
18057,Hamilton County,IN,3/16/2026 16:00,0.0,0.0,0.0,0.0
18057,Hamilton County,IN,3/16/2026 17:00,0.0,0.0,0.0,0.0
18057,Hamilton County,IN,3/16/2026 18:00,0.0,0.0,0.0,0.0
18057,Hamilton County,IN,3/16/2026 19:00,0.0,0.0,0.0,0.0
18057,Hamilton County,IN,3/16/2026 20:00,0.0,0.0,0.0,0.0
18057,Hamilton County,IN,3/16/2026 21:00,0.0,0.0,0.0,0.0
18057,Hamilton County,IN,3/16/2026 22:00,0.0,0.0,0.0,0.0
18057,Hamilton County,IN,3/16/2026 23:00,0.0,0.0,0.0,0.0
18057,Hamilton County,IN,3/17/2026 0:00,0.0,0.0,0.0,0.0
18057,Hamilton County,IN,3/17/2026 1:00,0.0,0.0,0.0,0.0
18057,Hamilton County,IN,3/17/2026 2:00,0.0,0.0,0.0,0.0
18057,Hamilton County,IN,3/17/2026 3:00,0.0,0.0,0.0,0.0
18057,Hamilton County,IN,3/17/2026 4:00,0.0,0.0,0.0,0.0
18057,Hamilton County,IN,3/17/2026 5:00,0.0,0.0,0.0,0.0
18057,Hamilton County,IN,3/17/2026 6:00,0.0,0.0,0.0,0.0
18057,Hamilton County,IN,3/17/2026 7:00,0.0,0.0,0.0,0.0
18057,Hamilton County,IN,3/17/2026 8:00,0.0,0.0,0.0,0.0
18057,Hamilton County,IN,3/17/2026 9:00,0.0,0.0,0.0,0.0
18057,Hamilton County,IN,3/17/2026 10:00,0.0,0.0,0.0,0.0
18057,Hamilton County,IN,3/17/2026 11:00,0.0,0.0,0.0,0.0
18057,Hamilton County,IN,3/17/2026 12:00,0.0,0.0,0.0,0.0
18057,Hamilton County,IN,3/17/2026 13:00,0.0,0.0,0.0,0.0
18057,Hamilton County,IN,3/17/2026 14:00,0.0,0.0,0.0,0.0
18057,Hamilton County,IN,3/17/2026 15:00,0.0,0.0,0.0,0.0
18057,Hamilton County,IN,3/17/2026 16:00,0.0,0.0,0.0,0.0
18057,Hamilton County,IN,3/17/2026 17:00,0.0,0.0,0.0,0.0
18057,Hamilton County,IN,3/17/2026 18:00,0.0,0.0,0.0,0.0
18057,Hamilton County,IN,3/17/2026 19:00,0.0,0.0,0.0,0.0
18057,Hamilton County,IN,3/17/2026 20:00,0.0,0.0,0.0,0.0
18057,Hamilton County,IN,3/17/2026 21:00,0.0,0.0,0.0,0.0
18057,Hamilton County,IN,3/17/2026 22:00,0.0,0.0,0.0,0.0
18057,Hamilton County,IN,3/17/2026 23:00,0.0,0.0,0.0,0.0
18057,Hamilton County,IN,3/18/2026 0:00,0.0,0.0,0.0,
18057,Hamilton County,IN,3/18/2026 1:00,0.0,0.0,0.0,
18057,Hamilton County,IN,3/18/2026 2:00,0.0,0.0,0.0,
18057,Hamilton County,IN,3/18/2026 3:00,0.0,0.0,0.0,
18057,Hamilton County,IN,3/18/2026 4:00,0.0,0.0,0.0,
18057,Hamilton County,IN,3/18/2026 5:00,0.0,0.0,0.0,
18057,Hamilton County,IN,3/18/2026 6:00,0.0,0.0,0.0,
18057,Hamilton County,IN,3/18/2026 7:00,0.0,0.0,0.0,
18057,Hamilton County,IN,3/18/2026 8:00,0.0,0.0,0.0,
18057,Hamilton County,IN,3/18/2026 9:00,0.0,0.0,0.0,
18057,Hamilton County,IN,3/18/2026 10:00,0.0,0.0,0.0,
18057,Hamilton County,IN,3/18/2026 11:00,0.0,0.0,0.0,
18057,Hamilton County,IN,3/18/2026 12:00,0.0,0.0,0.0,
18057,Hamilton County,IN,3/18/2026 13:00,0.0,0.0,0.0,
18057,Hamilton County,IN,3/18/2026 14:00,0.0,0.0,0.0,
18057,Hamilton County,IN,3/18/2026 15:00,0.0,0.0,0.0,
18057,Hamilton County,IN,3/18/2026 16:00,0.0,0.0,0.0,
18057,Hamilton County,IN,3/18/2026 17:00,0.0,0.0,0.0,
18057,Hamilton County,IN,3/18/2026 18:00,0.0,0.0,0.0,
18057,Hamilton County,IN,3/18/2026 19:00,0.0,0.0,0.0,
18057,Hamilton County,IN,3/18/2026 20:00,0.0,0.0,0.0,
18057,Hamilton County,IN,3/18/2026 21:00,0.0,0.0,0.0,
18057,Hamilton County,IN,3/18/2026 22:00,0.0,0.0,0.0,
18057,Hamilton County,IN,3/18/2026 23:00,0.0,0.0,0.0,
18057,Hamilton County,IN,3/19/2026 0:00,0.0,0.0,,
18057,Hamilton County,IN,3/19/2026 1:00,0.0,0.0,,
18057,Hamilton County,IN,3/19/2026 2:00,0.0,0.0,,
18057,Hamilton County,IN,3/19/2026 3:00,0.0,0.0,,
18057,Hamilton County,IN,3/19/2026 4:00,0.0,0.0,,
18057,Hamilton County,IN,3/19/2026 5:00,0.0,0.0,,
18057,Hamilton County,IN,3/19/2026 6:00,0.0,0.0,,
18057,Hamilton County,IN,3/19/2026 7:00,0.0,0.0,,
18057,Hamilton County,IN,3/19/2026 8:00,0.0,0.0,,
18057,Hamilton County,IN,3/19/2026 9:00,0.0,0.0,,
18057,Hamilton County,IN,3/19/2026 10:00,0.0,0.0,,
18057,Hamilton County,IN,3/19/2026 11:00,0.0,0.0,,
18057,Hamilton County,IN,3/19/2026 12:00,0.0,0.0,,
18057,Hamilton County,IN,3/19/2026 13:00,0.0,0.0,,
18057,Hamilton County,IN,3/19/2026 14:00,0.0,0.0,,
18057,Hamilton County,IN,3/19/2026 15:00,0.0,0.0,,
18057,Hamilton County,IN,3/19/2026 16:00,0.0,0.0,,
18057,Hamilton County,IN,3/19/2026 17:00,0.0,0.0,,
18057,Hamilton County,IN,3/19/2026 18:00,0.0,,,
18057,Hamilton County,IN,3/19/2026 19:00,0.0,,,
18057,Hamilton County,IN,3/19/2026 20:00,0.0,,,
18057,Hamilton County,IN,3/19/2026 21:00,0.0,,,
18057,Hamilton County,IN,3/19/2026 22:00,0.0,,,
18057,Hamilton County,IN,3/19/2026 23:00,,,,
18063,Hendricks County,IN,3/14/2026 0:00,0.0,0.0,0.0,0.0042752101144287735
18063,Hendricks County,IN,3/14/2026 1:00,0.0,0.0,0.0,0.0032638571807183324
18063,Hendricks County,IN,3/14/2026 2:00,0.0,0.0,0.0,0.003209032432641834
18063,Hendricks County,IN,3/14/2026 3:00,0.0,0.0,0.0,0.0029059323074761777
18063,Hendricks County,IN,3/14/2026 4:00,0.0,0.0,0.0,0.0031617456930689513
18063,Hendricks County,IN,3/14/2026 5:00,0.0,0.0,0.0,0.0028050736611476166
18063,Hendricks County,IN,3/14/2026 6:00,0.0,0.0,0.0,0.0028545187087729573
18063,Hendricks County,IN,3/14/2026 7:00,0.0,0.0,0.0,0.0027181817742530255
18063,Hendricks County,IN,3/14/2026 8:00,0.0,0.0,0.0,0.002928178251022473
18063,Hendricks County,IN,3/14/2026 9:00,0.0,0.0,0.0,0.002754167519742623
18063,Hendricks County,IN,3/14/2026 10:00,0.0,0.0,0.0,0.0017033887794241308
18063,Hendricks County,IN,3/14/2026 11:00,0.0,0.0,0.0,0.0
18063,Hendricks County,IN,3/14/2026 12:00,0.0,0.0,0.0024859325640136376,0.0
18063,Hendricks County,IN,3/14/2026 13:00,0.0,0.0,0.003762109681701986,0.0
18063,Hendricks County,IN,3/14/2026 14:00,0.0,0.0,0.0038931226328713818,0.0
18063,Hendricks County,IN,3/14/2026 15:00,0.0,0.0,0.003723062088829465,0.0
18063,Hendricks County,IN,3/14/2026 16:00,0.0,0.0,0.0032648407941451296,0.0
18063,Hendricks County,IN,3/14/2026 17:00,0.0,0.0,0.004019585695641581,0.0
18063,Hendricks County,IN,3/14/2026 18:00,0.0,0.0,0.0035610724651633065,0.0
18063,Hendricks County,IN,3/14/2026 19:00,0.0,0.0,0.002975037803844316,0.0
18063,Hendricks County,IN,3/14/2026 20:00,0.0,0.0,0.0021404243132565172,0.0
18063,Hendricks County,IN,3/14/2026 21:00,0.0,0.0,0.0018257220741361379,0.0
18063,Hendricks County,IN,3/14/2026 22:00,0.0,0.0,0.0019146397826261818,0.0
18063,Hendricks County,IN,3/14/2026 23:00,0.0,0.0,0.0036949270870536566,0.0
18063,Hendricks County,IN,3/15/2026 0:00,0.0,0.0,0.002951137491618283,0.0
18063,Hendricks County,IN,3/15/2026 1:00,0.0,0.0,0.0026172686884819996,0.0
18063,Hendricks County,IN,3/15/2026 2:00,0.0,0.0,0.0032837329807080097,0.0
18063,Hendricks County,IN,3/15/2026 3:00,0.0,0.0,0.002889041366870515,0.0
18063,Hendricks County,IN,3/15/2026 4:00,0.0,0.0,0.002666659509850433,0.0
18063,Hendricks County,IN,3/15/2026 5:00,0.0,0.0,0.0026985050568328005,0.0
18063,Hendricks County,IN,3/15/2026 6:00,0.0,0.002663340209983289,0.0029227586972410792,0.0
18063,Hendricks County,IN,3/15/2026 7:00,0.0,0.005884108156897128,0.00261179682565853,0.0
18063,Hendricks County,IN,3/15/2026 8:00,0.0,0.00563615130377002,0.0022058111760998146,0.0
18063,Hendricks County,IN,3/15/2026 9:00,0.0,0.005691357096657157,0.0024037205817876383,0.0
18063,Hendricks County,IN,3/15/2026 10:00,0.0,0.005131636146688834,0.0020460785424802454,0.0
18063,Hendricks County,IN,3/15/2026 11:00,0.002422659956209827,0.004878977542102802,0.0,0.0
18063,Hendricks County,IN,3/15/2026 12:00,0.004553981241770089,0.004786356742260978,0.0,0.0
18063,Hendricks County,IN,3/15/2026 13:00,0.004366927547380328,0.004378236946649849,0.0,0.0
18063,Hendricks County,IN,3/15/2026 14:00,0.004604464862495661,0.002450346352998167,0.0,0.0
18063,Hendricks County,IN,3/15/2026 15:00,0.004768505255924538,0.0020847599022090434,0.0,0.0
18063,Hendricks County,IN,3/15/2026 16:00,0.0038634769152849913,0.0029160419711843134,0.0,0.0
18063,Hendricks County,IN,3/15/2026 17:00,0.004447502898983657,0.00631992956623435,0.0,0.0
18063,Hendricks County,IN,3/15/2026 18:00,0.0028425693744793534,0.004746701079420745,0.0,0.0
18063,Hendricks County,IN,3/15/2026 19:00,0.0015551070682704449,0.003982577566057443,0.0,0.0
18063,Hendricks County,IN,3/15/2026 20:00,0.0,0.003321040153969079,0.0,0.0
18063,Hendricks County,IN,3/15/2026 21:00,0.001235772855579853,0.00295892977155745,0.0,0.0
18063,Hendricks County,IN,3/15/2026 22:00,0.004537718719802797,0.0028425319585949184,0.0,0.0
18063,Hendricks County,IN,3/15/2026 23:00,0.003914335044100881,0.0025594879494747146,0.0,0.0
18063,Hendricks County,IN,3/16/2026 0:00,0.003443413821514696,0.0023902315588202327,0.0,0.0
18063,Hendricks County,IN,3/16/2026 1:00,0.003060474649828393,0.0021817208267748355,0.0,0.0
18063,Hendricks County,IN,3/16/2026 2:00,0.0025467886007390916,0.0018383695743978024,0.0,0.0
18063,Hendricks County,IN,3/16/2026 3:00,0.002389649744145572,0.0020299584371969103,0.0,0.0
18063,Hendricks County,IN,3/16/2026 4:00,0.002329557159100659,0.0014910558820702136,0.0,0.0
18063,Hendricks County,IN,3/16/2026 5:00,0.002367164517636411,0.001358647784218192,0.0,0.0
18063,Hendricks County,IN,3/16/2026 6:00,0.0023583688598591834,0.001335950067732483,0.0,0.0
18063,Hendricks County,IN,3/16/2026 7:00,0.002133789676008746,0.001150985190179199,0.0,0.0
18063,Hendricks County,IN,3/16/2026 8:00,0.002349170099478215,0.0,0.0,0.0
18063,Hendricks County,IN,3/16/2026 9:00,0.001474317759857513,0.0,0.0,0.0
18063,Hendricks County,IN,3/16/2026 10:00,0.001319651462836191,0.0,0.0,0.0
18063,Hendricks County,IN,3/16/2026 11:00,0.0015418163384310901,0.0,0.0,0.0
18063,Hendricks County,IN,3/16/2026 12:00,0.0014327284006867558,0.0,0.0,0.0
18063,Hendricks County,IN,3/16/2026 13:00,0.0,0.0,0.0,0.0
18063,Hendricks County,IN,3/16/2026 14:00,0.0,0.0,0.0,0.0
18063,Hendricks County,IN,3/16/2026 15:00,0.0,0.0,0.0,0.0
18063,Hendricks County,IN,3/16/2026 16:00,0.0,0.0,0.0,0.0
18063,Hendricks County,IN,3/16/2026 17:00,0.0,0.0,0.0,0.0
18063,Hendricks County,IN,3/16/2026 18:00,0.0,0.0,0.0,0.0
18063,Hendricks County,IN,3/16/2026 19:00,0.0,0.0,0.0,0.0
18063,Hendricks County,IN,3/16/2026 20:00,0.0,0.0,0.0,0.0
18063,Hendricks County,IN,3/16/2026 21:00,0.0,0.0,0.0,0.0
18063,Hendricks County,IN,3/16/2026 22:00,0.0,0.0,0.0,0.0
18063,Hendricks County,IN,3/16/2026 23:00,0.0,0.0,0.0,0.0
18063,Hendricks County,IN,3/17/2026 0:00,0.0,0.0,0.0,0.0
18063,Hendricks County,IN,3/17/2026 1:00,0.0,0.0,0.0,0.0
18063,Hendricks County,IN,3/17/2026 2:00,0.0,0.0,0.0,0.0
18063,Hendricks County,IN,3/17/2026 3:00,0.0,0.0,0.0,0.0
18063,Hendricks County,IN,3/17/2026 4:00,0.0,0.0,0.0,0.0
18063,Hendricks County,IN,3/17/2026 5:00,0.0,0.0,0.0,0.0
18063,Hendricks County,IN,3/17/2026 6:00,0.0,0.0,0.0,0.0
18063,Hendricks County,IN,3/17/2026 7:00,0.0,0.0,0.0,0.0
18063,Hendricks County,IN,3/17/2026 8:00,0.0,0.0,0.0,0.0
18063,Hendricks County,IN,3/17/2026 9:00,0.0,0.0,0.0,0.0
18063,Hendricks County,IN,3/17/2026 10:00,0.0,0.0,0.0,0.0
18063,Hendricks County,IN,3/17/2026 11:00,0.0,0.0,0.0,0.0
18063,Hendricks County,IN,3/17/2026 12:00,0.0,0.0,0.0,0.0
18063,Hendricks County,IN,3/17/2026 13:00,0.0,0.0,0.0,0.0
18063,Hendricks County,IN,3/17/2026 14:00,0.0,0.0,0.0,0.0
18063,Hendricks County,IN,3/17/2026 15:00,0.0,0.0,0.0,0.0
18063,Hendricks County,IN,3/17/2026 16:00,0.0,0.0,0.0,0.0
18063,Hendricks County,IN,3/17/2026 17:00,0.0,0.0,0.0,0.0
18063,Hendricks County,IN,3/17/2026 18:00,0.0,0.0,0.0,0.0
18063,Hendricks County,IN,3/17/2026 19:00,0.0,0.0,0.0,0.0
18063,Hendricks County,IN,3/17/2026 20:00,0.0,0.0,0.0,0.0
18063,Hendricks County,IN,3/17/2026 21:00,0.0,0.0,0.0,0.0
18063,Hendricks County,IN,3/17/2026 22:00,0.0,0.0,0.0,0.0
18063,Hendricks County,IN,3/17/2026 23:00,0.0,0.0,0.0,0.0
18063,Hendricks County,IN,3/18/2026 0:00,0.0,0.0,0.0,
18063,Hendricks County,IN,3/18/2026 1:00,0.0,0.0,0.0,
18063,Hendricks County,IN,3/18/2026 2:00,0.0,0.0,0.0,
18063,Hendricks County,IN,3/18/2026 3:00,0.0,0.0,0.0,
18063,Hendricks County,IN,3/18/2026 4:00,0.0,0.0,0.0,
18063,Hendricks County,IN,3/18/2026 5:00,0.0,0.0,0.0,
18063,Hendricks County,IN,3/18/2026 6:00,0.0,0.0,0.0,
18063,Hendricks County,IN,3/18/2026 7:00,0.0,0.0,0.0,
18063,Hendricks County,IN,3/18/2026 8:00,0.0,0.0,0.0,
18063,Hendricks County,IN,3/18/2026 9:00,0.0,0.0,0.0,
18063,Hendricks County,IN,3/18/2026 10:00,0.0,0.0,0.0,
18063,Hendricks County,IN,3/18/2026 11:00,0.0,0.0,0.0,
18063,Hendricks County,IN,3/18/2026 12:00,0.0,0.0,0.0,
18063,Hendricks County,IN,3/18/2026 13:00,0.0,0.0,0.0,
18063,Hendricks County,IN,3/18/2026 14:00,0.0,0.0,0.0,
18063,Hendricks County,IN,3/18/2026 15:00,0.0,0.0,0.0,
18063,Hendricks County,IN,3/18/2026 16:00,0.0,0.0,0.0,
18063,Hendricks County,IN,3/18/2026 17:00,0.0,0.0,0.0,
18063,Hendricks County,IN,3/18/2026 18:00,0.0,0.0,0.0,
18063,Hendricks County,IN,3/18/2026 19:00,0.0,0.0,0.0,
18063,Hendricks County,IN,3/18/2026 20:00,0.0,0.0,0.0,
18063,Hendricks County,IN,3/18/2026 21:00,0.0,0.0,0.0,
18063,Hendricks County,IN,3/18/2026 22:00,0.0,0.0,0.0,
18063,Hendricks County,IN,3/18/2026 23:00,0.0,0.0,0.0,
18063,Hendricks County,IN,3/19/2026 0:00,0.0,0.0,,
18063,Hendricks County,IN,3/19/2026 1:00,0.0,0.0,,
18063,Hendricks County,IN,3/19/2026 2:00,0.0,0.0,,
18063,Hendricks County,IN,3/19/2026 3:00,0.0,0.0,,
18063,Hendricks County,IN,3/19/2026 4:00,0.0,0.0,,
18063,Hendricks County,IN,3/19/2026 5:00,0.0,0.0,,
18063,Hendricks County,IN,3/19/2026 6:00,0.0,0.0,,
18063,Hendricks County,IN,3/19/2026 7:00,0.0,0.0,,
18063,Hendricks County,IN,3/19/2026 8:00,0.0,0.0,,
18063,Hendricks County,IN,3/19/2026 9:00,0.0,0.0,,
18063,Hendricks County,IN,3/19/2026 10:00,0.0,0.0,,
18063,Hendricks County,IN,3/19/2026 11:00,0.0,0.0,,
18063,Hendricks County,IN,3/19/2026 12:00,0.0,0.0,,
18063,Hendricks County,IN,3/19/2026 13:00,0.0,0.0,,
18063,Hendricks County,IN,3/19/2026 14:00,0.0,0.0,,
18063,Hendricks County,IN,3/19/2026 15:00,0.0,0.0,,
18063,Hendricks County,IN,3/19/2026 16:00,0.0,0.0,,
18063,Hendricks County,IN,3/19/2026 17:00,0.0,0.0,,
18063,Hendricks County,IN,3/19/2026 18:00,0.0,,,
18063,Hendricks County,IN,3/19/2026 19:00,0.0,,,
18063,Hendricks County,IN,3/19/2026 20:00,0.0,,,
18063,Hendricks County,IN,3/19/2026 21:00,0.0,,,
18063,Hendricks County,IN,3/19/2026 22:00,0.0,,,
18063,Hendricks County,IN,3/19/2026 23:00,,,,
18075,Jay County,IN,3/14/2026 0:00,0.008056496270000935,0.0055954870040295646,0.0,0.0039247758802957835
18075,Jay County,IN,3/14/2026 1:00,0.007519174483604729,0.0043172148376470435,0.0,0.004422054305905476
18075,Jay County,IN,3/14/2026 2:00,0.007640634081326425,0.0038875469006597997,0.0,0.0034207988413982094
18075,Jay County,IN,3/14/2026 3:00,0.0075695415725931525,0.0036785625459742734,0.0,0.0023398194345645605
18075,Jay County,IN,3/14/2026 4:00,0.0061773371999152005,0.0033854269597213714,0.0,0.004311910166870802
18075,Jay County,IN,3/14/2026 5:00,0.006324691523332149,0.0024915341986343265,0.0,0.005900936911348254
18075,Jay County,IN,3/14/2026 6:00,0.006684043910354376,0.0029668997041881083,0.0,0.006539264321327209
18075,Jay County,IN,3/14/2026 7:00,0.0062150973826646805,0.0022167738527059553,0.0,0.0059056797763332725
18075,Jay County,IN,3/14/2026 8:00,0.006347607122734189,0.00199107276275754,0.0,0.00707379060331732
18075,Jay County,IN,3/14/2026 9:00,0.007018158212304115,0.001699867914430797,0.0,0.005035585700534284
18075,Jay County,IN,3/14/2026 10:00,0.005955042317509651,0.001556156063452363,0.0,0.004072875983547419
18075,Jay County,IN,3/14/2026 11:00,0.006183832651004195,0.001995998970232904,0.0,0.002589945250656456
18075,Jay County,IN,3/14/2026 12:00,0.005886403610929847,0.0015935102477669717,0.0,0.0012097208498744294
18075,Jay County,IN,3/14/2026 13:00,0.005102280876599252,0.0,0.002290653489762917,0.0
18075,Jay County,IN,3/14/2026 14:00,0.00448856467846781,0.0,0.0031903225259156897,0.0
18075,Jay County,IN,3/14/2026 15:00,0.004155819886364043,0.0,0.004118960956111551,0.0
18075,Jay County,IN,3/14/2026 16:00,0.003883741912432015,0.0,0.004015364102087915,0.0
18075,Jay County,IN,3/14/2026 17:00,0.0026940942043438554,0.0,0.005672463319206145,0.0
18075,Jay County,IN,3/14/2026 18:00,0.0,0.0,0.005285910059683374,0.0
18075,Jay County,IN,3/14/2026 19:00,0.0,0.0,0.003730088124575559,0.0
18075,Jay County,IN,3/14/2026 20:00,0.0,0.0,0.0037507892222492954,0.0
18075,Jay County,IN,3/14/2026 21:00,0.0,0.0,0.0033377925690729173,0.0
18075,Jay County,IN,3/14/2026 22:00,0.0,0.0,0.002667117313831113,0.0
18075,Jay County,IN,3/14/2026 23:00,0.0,0.0,0.0032541389460675418,0.0
18075,Jay County,IN,3/15/2026 0:00,0.0,0.0,0.002885952583164908,0.0
18075,Jay County,IN,3/15/2026 1:00,0.0,0.0,0.004500712582375855,0.0
18075,Jay County,IN,3/15/2026 2:00,0.0,0.0,0.004637093539349735,0.0
18075,Jay County,IN,3/15/2026 3:00,0.0,0.0,0.0034995642432477324,0.0
18075,Jay County,IN,3/15/2026 4:00,0.0,0.0,0.003785447642439976,0.0
18075,Jay County,IN,3/15/2026 5:00,0.0,0.0,0.004001645359676331,0.0
18075,Jay County,IN,3/15/2026 6:00,0.0,0.0018101582652889192,0.003347008675336838,0.0
18075,Jay County,IN,3/15/2026 7:00,0.0,0.002337975148111582,0.0041383372015843635,0.0
18075,Jay County,IN,3/15/2026 8:00,0.0,0.0025647761998698116,0.003475087060360238,0.0
18075,Jay County,IN,3/15/2026 9:00,0.0,0.002571064583025873,0.0026491313576116225,0.0
18075,Jay County,IN,3/15/2026 10:00,0.0,0.0022007931489497422,0.0033343060233164577,0.0
18075,Jay County,IN,3/15/2026 11:00,0.0,0.0036971933208405972,0.002995394542813301,0.0
18075,Jay County,IN,3/15/2026 12:00,0.0,0.003491959720849991,0.002090653270715848,0.0
18075,Jay County,IN,3/15/2026 13:00,0.001511895447038114,0.002273578708991408,0.0020879463525488974,0.0
18075,Jay County,IN,3/15/2026 14:00,0.0010250010527670383,0.0027789671905338762,0.0,0.0
18075,Jay County,IN,3/15/2026 15:00,0.0012995116412639618,0.0020395733416080477,0.0,0.0
18075,Jay County,IN,3/15/2026 16:00,0.002768496866337955,0.002228294825181365,0.0,0.0
18075,Jay County,IN,3/15/2026 17:00,0.002590522635728121,0.0029941037064418197,0.0,0.0
18075,Jay County,IN,3/15/2026 18:00,0.002578596235252917,0.0031793042086064815,0.0,0.0
18075,Jay County,IN,3/15/2026 19:00,0.0025964101660065353,0.0029721404425799847,0.0,0.0
18075,Jay County,IN,3/15/2026 20:00,0.0015033440431579947,0.003987173084169626,0.0,0.0
18075,Jay County,IN,3/15/2026 21:00,0.001098961685784161,0.003253324143588543,0.0,0.0
18075,Jay County,IN,3/15/2026 22:00,0.0016785565530881286,0.005226126778870821,0.0,0.0
18075,Jay County,IN,3/15/2026 23:00,0.0032056757481768727,0.0042392491362988945,0.0,0.0
18075,Jay County,IN,3/16/2026 0:00,0.003644346841610968,0.0037559484713710844,0.0,0.0
18075,Jay County,IN,3/16/2026 1:00,0.0035955706844106317,0.004009701078757644,0.0,0.0
18075,Jay County,IN,3/16/2026 2:00,0.002599307568743825,0.004108054051175714,0.0,0.0
18075,Jay County,IN,3/16/2026 3:00,0.003135307226330042,0.0031151945935562254,0.0,0.0
18075,Jay County,IN,3/16/2026 4:00,0.0035772298579104245,0.0026237725047394632,0.0,0.0
18075,Jay County,IN,3/16/2026 5:00,0.0030864267610013485,0.001927014533430338,0.0,0.0
18075,Jay County,IN,3/16/2026 6:00,0.0034097753814421594,0.0012606196571141482,0.0,0.0
18075,Jay County,IN,3/16/2026 7:00,0.004107700369786471,0.0013728109188377857,0.0,0.0
18075,Jay County,IN,3/16/2026 8:00,0.0030473128717858344,0.0011277997982688248,0.0,0.0
18075,Jay County,IN,3/16/2026 9:00,0.002479949878761545,0.0,0.0,0.0
18075,Jay County,IN,3/16/2026 10:00,0.001951735044713132,0.0,0.0,0.0
18075,Jay County,IN,3/16/2026 11:00,0.0010055109451059252,0.0,0.0,0.0
18075,Jay County,IN,3/16/2026 12:00,0.0011592076043598354,0.0,0.0,0.0
18075,Jay County,IN,3/16/2026 13:00,0.001018184790154919,0.0,0.0,0.0
18075,Jay County,IN,3/16/2026 14:00,0.0,0.0,0.0,0.0
18075,Jay County,IN,3/16/2026 15:00,0.0,0.0,0.0,0.0
18075,Jay County,IN,3/16/2026 16:00,0.0,0.0,0.0,0.0
18075,Jay County,IN,3/16/2026 17:00,0.0,0.0,0.0,0.0
18075,Jay County,IN,3/16/2026 18:00,0.0,0.0,0.0,0.0
18075,Jay County,IN,3/16/2026 19:00,0.0,0.0,0.0,0.0
18075,Jay County,IN,3/16/2026 20:00,0.0,0.0,0.0,0.0
18075,Jay County,IN,3/16/2026 21:00,0.0,0.0,0.0,0.0
18075,Jay County,IN,3/16/2026 22:00,0.0,0.0,0.0,0.0
18075,Jay County,IN,3/16/2026 23:00,0.0,0.0,0.0,0.0
18075,Jay County,IN,3/17/2026 0:00,0.0,0.0,0.0,0.0
18075,Jay County,IN,3/17/2026 1:00,0.0,0.0,0.0,0.0
18075,Jay County,IN,3/17/2026 2:00,0.0,0.0,0.0,0.0
18075,Jay County,IN,3/17/2026 3:00,0.0,0.0,0.0,0.0
18075,Jay County,IN,3/17/2026 4:00,0.0,0.0,0.0,0.0
18075,Jay County,IN,3/17/2026 5:00,0.0,0.0,0.0,0.0
18075,Jay County,IN,3/17/2026 6:00,0.0,0.0,0.0,0.0
18075,Jay County,IN,3/17/2026 7:00,0.0,0.0,0.0,0.0
18075,Jay County,IN,3/17/2026 8:00,0.0,0.0,0.0,0.0
18075,Jay County,IN,3/17/2026 9:00,0.0,0.0,0.0,0.0
18075,Jay County,IN,3/17/2026 10:00,0.0,0.0,0.0,0.0
18075,Jay County,IN,3/17/2026 11:00,0.0,0.0,0.0,0.0
18075,Jay County,IN,3/17/2026 12:00,0.0,0.0,0.0,0.0
18075,Jay County,IN,3/17/2026 13:00,0.0,0.0,0.0,0.0
18075,Jay County,IN,3/17/2026 14:00,0.0,0.0,0.0,0.0
18075,Jay County,IN,3/17/2026 15:00,0.0,0.0,0.0,0.0
18075,Jay County,IN,3/17/2026 16:00,0.0,0.0,0.0,0.0
18075,Jay County,IN,3/17/2026 17:00,0.0,0.0,0.0,0.0
18075,Jay County,IN,3/17/2026 18:00,0.0,0.0,0.0,0.0
18075,Jay County,IN,3/17/2026 19:00,0.0,0.0,0.0,0.0
18075,Jay County,IN,3/17/2026 20:00,0.0,0.0,0.0,0.0
18075,Jay County,IN,3/17/2026 21:00,0.0,0.0,0.0,0.0
18075,Jay County,IN,3/17/2026 22:00,0.0,0.0,0.0,0.0
18075,Jay County,IN,3/17/2026 23:00,0.0,0.0,0.0,0.0
18075,Jay County,IN,3/18/2026 0:00,0.0,0.0,0.0,
18075,Jay County,IN,3/18/2026 1:00,0.0,0.0,0.0,
18075,Jay County,IN,3/18/2026 2:00,0.0,0.0,0.0,
18075,Jay County,IN,3/18/2026 3:00,0.0,0.0,0.0,
18075,Jay County,IN,3/18/2026 4:00,0.0,0.0,0.0,
18075,Jay County,IN,3/18/2026 5:00,0.0,0.0,0.0,
18075,Jay County,IN,3/18/2026 6:00,0.0,0.0,0.0,
18075,Jay County,IN,3/18/2026 7:00,0.0,0.0,0.0,
18075,Jay County,IN,3/18/2026 8:00,0.0,0.0,0.0,
18075,Jay County,IN,3/18/2026 9:00,0.0,0.0,0.0,
18075,Jay County,IN,3/18/2026 10:00,0.0,0.0,0.0,
18075,Jay County,IN,3/18/2026 11:00,0.0,0.0,0.0,
18075,Jay County,IN,3/18/2026 12:00,0.0,0.0,0.0,
18075,Jay County,IN,3/18/2026 13:00,0.0,0.0,0.0,
18075,Jay County,IN,3/18/2026 14:00,0.0,0.0,0.0,
18075,Jay County,IN,3/18/2026 15:00,0.0,0.0,0.0,
18075,Jay County,IN,3/18/2026 16:00,0.0,0.0,0.0,
18075,Jay County,IN,3/18/2026 17:00,0.0,0.0,0.0,
18075,Jay County,IN,3/18/2026 18:00,0.0,0.0,0.0,
18075,Jay County,IN,3/18/2026 19:00,0.0,0.0,0.0,
18075,Jay County,IN,3/18/2026 20:00,0.0,0.0,0.0,
18075,Jay County,IN,3/18/2026 21:00,0.0,0.0,0.0,
18075,Jay County,IN,3/18/2026 22:00,0.0,0.0,0.0,
18075,Jay County,IN,3/18/2026 23:00,0.0,0.0,0.0,
18075,Jay County,IN,3/19/2026 0:00,0.0,0.0,,
18075,Jay County,IN,3/19/2026 1:00,0.0,0.0,,
18075,Jay County,IN,3/19/2026 2:00,0.0,0.0,,
18075,Jay County,IN,3/19/2026 3:00,0.0,0.0,,
18075,Jay County,IN,3/19/2026 4:00,0.0,0.0,,
18075,Jay County,IN,3/19/2026 5:00,0.0,0.0,,
18075,Jay County,IN,3/19/2026 6:00,0.0,0.0,,
18075,Jay County,IN,3/19/2026 7:00,0.0,0.0,,
18075,Jay County,IN,3/19/2026 8:00,0.0,0.0,,
18075,Jay County,IN,3/19/2026 9:00,0.0,0.0,,
18075,Jay County,IN,3/19/2026 10:00,0.0,0.0,,
18075,Jay County,IN,3/19/2026 11:00,0.0,0.0,,
18075,Jay County,IN,3/19/2026 12:00,0.0,0.0,,
18075,Jay County,IN,3/19/2026 13:00,0.0,0.0,,
18075,Jay County,IN,3/19/2026 14:00,0.0,0.0,,
18075,Jay County,IN,3/19/2026 15:00,0.0,0.0,,
18075,Jay County,IN,3/19/2026 16:00,0.0,0.0,,
18075,Jay County,IN,3/19/2026 17:00,0.0,0.0,,
18075,Jay County,IN,3/19/2026 18:00,0.0,,,
18075,Jay County,IN,3/19/2026 19:00,0.0,,,
18075,Jay County,IN,3/19/2026 20:00,0.0,,,
18075,Jay County,IN,3/19/2026 21:00,0.0,,,
18075,Jay County,IN,3/19/2026 22:00,0.0,,,
18075,Jay County,IN,3/19/2026 23:00,,,,
18079,Jennings County,IN,3/14/2026 0:00,0.0,0.0,0.0,0.006799847364891321
18079,Jennings County,IN,3/14/2026 1:00,0.0,0.0,0.0,0.007087232894264162
18079,Jennings County,IN,3/14/2026 2:00,0.0,0.0,0.0,0.0062199348176363856
18079,Jennings County,IN,3/14/2026 3:00,0.0,0.0,0.0,0.005128142109606415
18079,Jennings County,IN,3/14/2026 4:00,0.0,0.0,0.0,0.005264287546742708
18079,Jennings County,IN,3/14/2026 5:00,0.0,0.0,0.0,0.004999296204186976
18079,Jennings County,IN,3/14/2026 6:00,0.0,0.0,0.0,0.004796632030047476
18079,Jennings County,IN,3/14/2026 7:00,0.0,0.0,0.0,0.004703961778432131
18079,Jennings County,IN,3/14/2026 8:00,0.0,0.0,0.0,0.005625668307766318
18079,Jennings County,IN,3/14/2026 9:00,0.0,0.0,0.0,0.005129802587907762
18079,Jennings County,IN,3/14/2026 10:00,0.0,0.0,0.0,0.0038309563329676165
18079,Jennings County,IN,3/14/2026 11:00,0.0,0.0,0.005942770870751702,0.0031459235411603003
18079,Jennings County,IN,3/14/2026 12:00,0.0,0.0,0.013690311962272972,0.003135024383664131
18079,Jennings County,IN,3/14/2026 13:00,0.0,0.0,0.021074327081441878,0.00254023799643619
18079,Jennings County,IN,3/14/2026 14:00,0.0,0.0,0.022275788243860006,0.0017353105300571769
18079,Jennings County,IN,3/14/2026 15:00,0.0,0.0,0.024742894619703294,0.0015903913415968418
18079,Jennings County,IN,3/14/2026 16:00,0.0,0.0,0.02274783934117295,0.0
18079,Jennings County,IN,3/14/2026 17:00,0.0,0.0,0.020445387285144535,0.0
18079,Jennings County,IN,3/14/2026 18:00,0.0,0.0,0.017909325086657192,0.0
18079,Jennings County,IN,3/14/2026 19:00,0.0,0.0,0.01610017187485937,0.0
18079,Jennings County,IN,3/14/2026 20:00,0.0,0.0,0.014630206034053118,0.0
18079,Jennings County,IN,3/14/2026 21:00,0.0,0.0,0.013567725266329943,0.0
18079,Jennings County,IN,3/14/2026 22:00,0.0,0.0,0.00941179865039885,0.0
18079,Jennings County,IN,3/14/2026 23:00,0.0,0.0,0.009568627388216556,0.0
18079,Jennings County,IN,3/15/2026 0:00,0.0,0.0,0.010280904651153833,0.0
18079,Jennings County,IN,3/15/2026 1:00,0.0,0.0,0.011245494917966425,0.0
18079,Jennings County,IN,3/15/2026 2:00,0.0,0.0,0.008475247933529318,0.0
18079,Jennings County,IN,3/15/2026 3:00,0.0,0.0,0.007546832039952278,0.0
18079,Jennings County,IN,3/15/2026 4:00,0.0,0.0,0.006066821969579905,0.0
18079,Jennings County,IN,3/15/2026 5:00,0.0,0.004793816199526191,0.005561862696777098,0.0
18079,Jennings County,IN,3/15/2026 6:00,0.0,0.011976032610982656,0.005286827051895671,0.0
18079,Jennings County,IN,3/15/2026 7:00,0.0,0.01564542846754193,0.004671813739696518,0.0
18079,Jennings County,IN,3/15/2026 8:00,0.0,0.020431284746155142,0.0041988295910414305,0.0
18079,Jennings County,IN,3/15/2026 9:00,0.0,0.02065507587976754,0.004431674396619201,0.0
18079,Jennings County,IN,3/15/2026 10:00,0.0033049986232072115,0.020046936860308052,0.003456462058238685,0.0
18079,Jennings County,IN,3/15/2026 11:00,0.009498582920059562,0.018769466038793325,0.0032931585621554403,0.0
18079,Jennings County,IN,3/15/2026 12:00,0.013485082192346454,0.01564595438539982,0.002827122827875428,0.0
18079,Jennings County,IN,3/15/2026 13:00,0.02676143916323781,0.013482477236539125,0.0018625345983309671,0.0
18079,Jennings County,IN,3/15/2026 14:00,0.02235251583624631,0.011191104911267758,0.0,0.0
18079,Jennings County,IN,3/15/2026 15:00,0.02461304422467947,0.01164913335815072,0.0,0.0
18079,Jennings County,IN,3/15/2026 16:00,0.019526779418811202,0.010172796668484807,0.0,0.0
18079,Jennings County,IN,3/15/2026 17:00,0.020917251240462065,0.00893630189821124,0.0,0.0
18079,Jennings County,IN,3/15/2026 18:00,0.024350163526833057,0.009198282798752188,0.0,0.0
18079,Jennings County,IN,3/15/2026 19:00,0.016093948390334845,0.009604261571075768,0.0,0.0
18079,Jennings County,IN,3/15/2026 20:00,0.017991550732403994,0.007523341110209003,0.0,0.0
18079,Jennings County,IN,3/15/2026 21:00,0.014235995942726731,0.006222464092479641,0.0,0.0
18079,Jennings County,IN,3/15/2026 22:00,0.010236539936158806,0.005531993880867958,0.0,0.0
18079,Jennings County,IN,3/15/2026 23:00,0.010485762089956552,0.005726124066859484,0.002171999181155115,0.0
18079,Jennings County,IN,3/16/2026 0:00,0.008790576772298664,0.004994547995738685,0.0017554145684698596,0.0
18079,Jennings County,IN,3/16/2026 1:00,0.006899532687384635,0.004052220529410988,0.0014036698761628942,0.0
18079,Jennings County,IN,3/16/2026 2:00,0.00557628640672192,0.0038852128898724915,0.0,0.0
18079,Jennings County,IN,3/16/2026 3:00,0.0055227554112207144,0.0037614261673297733,0.0,0.0
18079,Jennings County,IN,3/16/2026 4:00,0.005918760085478425,0.002733783287112601,0.0,0.0
18079,Jennings County,IN,3/16/2026 5:00,0.004261991765815765,0.0019548873184248804,0.0,0.0
18079,Jennings County,IN,3/16/2026 6:00,0.0046411133371293545,0.0017307434536633082,0.0,0.0
18079,Jennings County,IN,3/16/2026 7:00,0.003430710276006721,0.0013711886131204665,0.0,0.0
18079,Jennings County,IN,3/16/2026 8:00,0.0034558399638626724,0.0012687560869380833,0.0,0.0
18079,Jennings County,IN,3/16/2026 9:00,0.002400662371655926,0.0,0.0,0.0
18079,Jennings County,IN,3/16/2026 10:00,0.0011462593101896346,0.0,0.0,0.0
18079,Jennings County,IN,3/16/2026 11:00,0.0,0.0,0.0,0.0
18079,Jennings County,IN,3/16/2026 12:00,0.0,0.0,0.0,0.0
18079,Jennings County,IN,3/16/2026 13:00,0.0,0.0,0.0,0.0
18079,Jennings County,IN,3/16/2026 14:00,0.0,0.0,0.0,0.0
18079,Jennings County,IN,3/16/2026 15:00,0.0,0.0,0.0,0.0
18079,Jennings County,IN,3/16/2026 16:00,0.0,0.0,0.0,0.0
18079,Jennings County,IN,3/16/2026 17:00,0.0,0.0011042766680475324,0.0,0.0
18079,Jennings County,IN,3/16/2026 18:00,0.0,0.0,0.0,0.0
18079,Jennings County,IN,3/16/2026 19:00,0.0,0.0,0.0,0.0
18079,Jennings County,IN,3/16/2026 20:00,0.0,0.0,0.0,0.0
18079,Jennings County,IN,3/16/2026 21:00,0.0,0.0,0.0,0.0
18079,Jennings County,IN,3/16/2026 22:00,0.0,0.0,0.0,0.0
18079,Jennings County,IN,3/16/2026 23:00,0.0,0.0,0.0,0.0
18079,Jennings County,IN,3/17/2026 0:00,0.0,0.0,0.0,0.0
18079,Jennings County,IN,3/17/2026 1:00,0.0,0.0,0.0,0.0
18079,Jennings County,IN,3/17/2026 2:00,0.0,0.0,0.0,0.0
18079,Jennings County,IN,3/17/2026 3:00,0.0,0.0,0.0,0.0
18079,Jennings County,IN,3/17/2026 4:00,0.0,0.0,0.0,0.0
18079,Jennings County,IN,3/17/2026 5:00,0.0,0.0,0.0,0.0
18079,Jennings County,IN,3/17/2026 6:00,0.0,0.0,0.0,0.0
18079,Jennings County,IN,3/17/2026 7:00,0.0,0.0,0.0,0.0
18079,Jennings County,IN,3/17/2026 8:00,0.0,0.0,0.0,0.0
18079,Jennings County,IN,3/17/2026 9:00,0.0,0.0,0.0,0.0
18079,Jennings County,IN,3/17/2026 10:00,0.0,0.0,0.0,0.0
18079,Jennings County,IN,3/17/2026 11:00,0.0,0.0,0.0,0.0
18079,Jennings County,IN,3/17/2026 12:00,0.0,0.0,0.0,0.0
18079,Jennings County,IN,3/17/2026 13:00,0.0,0.0,0.0,0.0
18079,Jennings County,IN,3/17/2026 14:00,0.0,0.0,0.0,0.0
18079,Jennings County,IN,3/17/2026 15:00,0.0,0.0,0.0,0.0
18079,Jennings County,IN,3/17/2026 16:00,0.0,0.0,0.0,0.0
18079,Jennings County,IN,3/17/2026 17:00,0.0,0.0,0.0,0.0
18079,Jennings County,IN,3/17/2026 18:00,0.0,0.0,0.0,0.0
18079,Jennings County,IN,3/17/2026 19:00,0.0,0.0,0.0,0.0
18079,Jennings County,IN,3/17/2026 20:00,0.0,0.0,0.0,0.0
18079,Jennings County,IN,3/17/2026 21:00,0.0,0.0,0.0,0.0
18079,Jennings County,IN,3/17/2026 22:00,0.0,0.0,0.0,0.0
18079,Jennings County,IN,3/17/2026 23:00,0.0,0.0,0.0,0.0
18079,Jennings County,IN,3/18/2026 0:00,0.0,0.0,0.0,
18079,Jennings County,IN,3/18/2026 1:00,0.0,0.0,0.0,
18079,Jennings County,IN,3/18/2026 2:00,0.0,0.0,0.0,
18079,Jennings County,IN,3/18/2026 3:00,0.0,0.0,0.0,
18079,Jennings County,IN,3/18/2026 4:00,0.0,0.0,0.0,
18079,Jennings County,IN,3/18/2026 5:00,0.0,0.0,0.0,
18079,Jennings County,IN,3/18/2026 6:00,0.0,0.0,0.0,
18079,Jennings County,IN,3/18/2026 7:00,0.0,0.0,0.0,
18079,Jennings County,IN,3/18/2026 8:00,0.0,0.0,0.0,
18079,Jennings County,IN,3/18/2026 9:00,0.0,0.0,0.0,
18079,Jennings County,IN,3/18/2026 10:00,0.0,0.0,0.0,
18079,Jennings County,IN,3/18/2026 11:00,0.0,0.0,0.0,
18079,Jennings County,IN,3/18/2026 12:00,0.0,0.0,0.0,
18079,Jennings County,IN,3/18/2026 13:00,0.0,0.0,0.0,
18079,Jennings County,IN,3/18/2026 14:00,0.0,0.0,0.0,
18079,Jennings County,IN,3/18/2026 15:00,0.0,0.0,0.0,
18079,Jennings County,IN,3/18/2026 16:00,0.0,0.0,0.0,
18079,Jennings County,IN,3/18/2026 17:00,0.0,0.0,0.0,
18079,Jennings County,IN,3/18/2026 18:00,0.0,0.0,0.0,
18079,Jennings County,IN,3/18/2026 19:00,0.0,0.0,0.0,
18079,Jennings County,IN,3/18/2026 20:00,0.0,0.0,0.0,
18079,Jennings County,IN,3/18/2026 21:00,0.0,0.0,0.0,
18079,Jennings County,IN,3/18/2026 22:00,0.0,0.0,0.0,
18079,Jennings County,IN,3/18/2026 23:00,0.0,0.0,0.0,
18079,Jennings County,IN,3/19/2026 0:00,0.0,0.0,,
18079,Jennings County,IN,3/19/2026 1:00,0.0,0.0,,
18079,Jennings County,IN,3/19/2026 2:00,0.0,0.0,,
18079,Jennings County,IN,3/19/2026 3:00,0.0,0.0,,
18079,Jennings County,IN,3/19/2026 4:00,0.0,0.0,,
18079,Jennings County,IN,3/19/2026 5:00,0.0,0.0,,
18079,Jennings County,IN,3/19/2026 6:00,0.0,0.0,,
18079,Jennings County,IN,3/19/2026 7:00,0.0,0.0,,
18079,Jennings County,IN,3/19/2026 8:00,0.0,0.0,,
18079,Jennings County,IN,3/19/2026 9:00,0.0,0.0,,
18079,Jennings County,IN,3/19/2026 10:00,0.0,0.0,,
18079,Jennings County,IN,3/19/2026 11:00,0.0,0.0,,
18079,Jennings County,IN,3/19/2026 12:00,0.0,0.0,,
18079,Jennings County,IN,3/19/2026 13:00,0.0,0.0,,
18079,Jennings County,IN,3/19/2026 14:00,0.0,0.0,,
18079,Jennings County,IN,3/19/2026 15:00,0.0,0.0,,
18079,Jennings County,IN,3/19/2026 16:00,0.0,0.0,,
18079,Jennings County,IN,3/19/2026 17:00,0.0,0.0,,
18079,Jennings County,IN,3/19/2026 18:00,0.0,,,
18079,Jennings County,IN,3/19/2026 19:00,0.0,,,
18079,Jennings County,IN,3/19/2026 20:00,0.0,,,
18079,Jennings County,IN,3/19/2026 21:00,0.0,,,
18079,Jennings County,IN,3/19/2026 22:00,0.0,,,
18079,Jennings County,IN,3/19/2026 23:00,,,,
18081,Johnson County,IN,3/14/2026 0:00,0.0,0.0,0.0,0.004205977456877008
18081,Johnson County,IN,3/14/2026 1:00,0.0,0.0,0.0,0.0033167982037412003
18081,Johnson County,IN,3/14/2026 2:00,0.0,0.0,0.0,0.0024420050365733916
18081,Johnson County,IN,3/14/2026 3:00,0.0,0.0,0.0,0.002348495883052237
18081,Johnson County,IN,3/14/2026 4:00,0.0,0.0,0.0,0.0026733033009804785
18081,Johnson County,IN,3/14/2026 5:00,0.0,0.0,0.0,0.0023266818549018352
18081,Johnson County,IN,3/14/2026 6:00,0.0,0.0,0.0,0.002194046348449774
18081,Johnson County,IN,3/14/2026 7:00,0.0,0.0,0.0,0.0024148256561602466
18081,Johnson County,IN,3/14/2026 8:00,0.0,0.0,0.0,0.0030588340014219284
18081,Johnson County,IN,3/14/2026 9:00,0.0,0.0,0.0,0.0023748497827909888
18081,Johnson County,IN,3/14/2026 10:00,0.0,0.0,0.0,0.0015825264155864716
18081,Johnson County,IN,3/14/2026 11:00,0.0,0.0,0.0,0.0
18081,Johnson County,IN,3/14/2026 12:00,0.0,0.0,0.0017129317478975282,0.0
18081,Johnson County,IN,3/14/2026 13:00,0.0,0.0,0.002501584407742996,0.0
18081,Johnson County,IN,3/14/2026 14:00,0.0,0.0,0.0027634839909296714,0.0
18081,Johnson County,IN,3/14/2026 15:00,0.0,0.0,0.002575115216313861,0.0
18081,Johnson County,IN,3/14/2026 16:00,0.0,0.0,0.0022375923916115427,0.0
18081,Johnson County,IN,3/14/2026 17:00,0.0,0.0,0.002484210568218259,0.0
18081,Johnson County,IN,3/14/2026 18:00,0.0,0.0,0.0022536046384630027,0.0
18081,Johnson County,IN,3/14/2026 19:00,0.0,0.0,0.0015949653898132965,0.0
18081,Johnson County,IN,3/14/2026 20:00,0.0,0.0,0.0,0.0
18081,Johnson County,IN,3/14/2026 21:00,0.0,0.0,0.0,0.0
18081,Johnson County,IN,3/14/2026 22:00,0.0,0.0,0.0,0.0
18081,Johnson County,IN,3/14/2026 23:00,0.0,0.0,0.00207296523367404,0.0
18081,Johnson County,IN,3/15/2026 0:00,0.0,0.0,0.0021131571600562895,0.0
18081,Johnson County,IN,3/15/2026 1:00,0.0,0.0,0.0023513758133049123,0.0
18081,Johnson County,IN,3/15/2026 2:00,0.0,0.0,0.00236650068731592,0.0
18081,Johnson County,IN,3/15/2026 3:00,0.0,0.0,0.002648282825248316,0.0
18081,Johnson County,IN,3/15/2026 4:00,0.0,0.0,0.00285433444478258,0.0
18081,Johnson County,IN,3/15/2026 5:00,0.0,0.0,0.0026464203619980253,0.0
18081,Johnson County,IN,3/15/2026 6:00,0.0,0.0031173585914075373,0.0022201797532034107,0.0
18081,Johnson County,IN,3/15/2026 7:00,0.0,0.004064835130975553,0.002419185001781443,0.0
18081,Johnson County,IN,3/15/2026 8:00,0.0,0.005441591679118574,0.002756509826576803,0.0
18081,Johnson County,IN,3/15/2026 9:00,0.0,0.0043652283260598775,0.0024221132189268246,0.0
18081,Johnson County,IN,3/15/2026 10:00,0.0,0.0039415336825186385,0.0022015590395312755,0.0
18081,Johnson County,IN,3/15/2026 11:00,0.0024017476243898273,0.0037146670947549865,0.0014508775668218732,0.0
18081,Johnson County,IN,3/15/2026 12:00,0.0036351046001072973,0.003367638087365776,0.0,0.0
18081,Johnson County,IN,3/15/2026 13:00,0.005017561255954206,0.003649989585392177,0.0,0.0
18081,Johnson County,IN,3/15/2026 14:00,0.00410581793403253,0.002088142349384725,0.0,0.0
18081,Johnson County,IN,3/15/2026 15:00,0.0030281516956165433,0.0,0.0,0.0
18081,Johnson County,IN,3/15/2026 16:00,0.003492144402116537,0.0012954261619597673,0.0,0.0
18081,Johnson County,IN,3/15/2026 17:00,0.0013734814710915089,0.0033560271898750217,0.0,0.0
18081,Johnson County,IN,3/15/2026 18:00,0.0022767343325540423,0.005018115253187716,0.0,0.0
18081,Johnson County,IN,3/15/2026 19:00,0.0013119102804921567,0.0034491206868551673,0.0,0.0
18081,Johnson County,IN,3/15/2026 20:00,0.0,0.0027841086106491276,0.0,0.0
18081,Johnson County,IN,3/15/2026 21:00,0.0,0.0029808754567056893,0.0,0.0
18081,Johnson County,IN,3/15/2026 22:00,0.0020848176209256053,0.0029232487897388635,0.0,0.0
18081,Johnson County,IN,3/15/2026 23:00,0.004673884541261941,0.0026430833619087934,0.0,0.0
18081,Johnson County,IN,3/16/2026 0:00,0.0031516516319243237,0.002448296187503729,0.0,0.0
18081,Johnson County,IN,3/16/2026 1:00,0.0018019898561760783,0.0022985818795859814,0.0,0.0
18081,Johnson County,IN,3/16/2026 2:00,0.0026554518844932318,0.0020341554714832454,0.0,0.0
18081,Johnson County,IN,3/16/2026 3:00,0.0029341880799620412,0.0019694511545822026,0.0,0.0
18081,Johnson County,IN,3/16/2026 4:00,0.0026091776380781084,0.0013363734004087746,0.0,0.0
18081,Johnson County,IN,3/16/2026 5:00,0.002584550267783925,0.0,0.0,0.0
18081,Johnson County,IN,3/16/2026 6:00,0.0024693745654076338,0.0,0.0,0.0
18081,Johnson County,IN,3/16/2026 7:00,0.0024354296911042184,0.0,0.0,0.0
18081,Johnson County,IN,3/16/2026 8:00,0.0023952825576998293,0.0,0.0,0.0
18081,Johnson County,IN,3/16/2026 9:00,0.0016771159716881812,0.0,0.0,0.0
18081,Johnson County,IN,3/16/2026 10:00,0.0,0.0,0.0,0.0
18081,Johnson County,IN,3/16/2026 11:00,0.0,0.0,0.0,0.0
18081,Johnson County,IN,3/16/2026 12:00,0.0,0.0,0.0,0.0
18081,Johnson County,IN,3/16/2026 13:00,0.0,0.0,0.0,0.0
18081,Johnson County,IN,3/16/2026 14:00,0.0,0.0,0.0,0.0
18081,Johnson County,IN,3/16/2026 15:00,0.0,0.0,0.0,0.0
18081,Johnson County,IN,3/16/2026 16:00,0.0,0.0,0.0,0.0
18081,Johnson County,IN,3/16/2026 17:00,0.0,0.0,0.0,0.0
18081,Johnson County,IN,3/16/2026 18:00,0.0,0.0,0.0,0.0
18081,Johnson County,IN,3/16/2026 19:00,0.0,0.0,0.0,0.0
18081,Johnson County,IN,3/16/2026 20:00,0.0,0.0,0.0,0.0
18081,Johnson County,IN,3/16/2026 21:00,0.0,0.0,0.0,0.0
18081,Johnson County,IN,3/16/2026 22:00,0.0,0.0,0.0,0.0
18081,Johnson County,IN,3/16/2026 23:00,0.0,0.0,0.0,0.0
18081,Johnson County,IN,3/17/2026 0:00,0.0,0.0,0.0,0.0
18081,Johnson County,IN,3/17/2026 1:00,0.0,0.0,0.0,0.0
18081,Johnson County,IN,3/17/2026 2:00,0.0,0.0,0.0,0.0
18081,Johnson County,IN,3/17/2026 3:00,0.0,0.0,0.0,0.0
18081,Johnson County,IN,3/17/2026 4:00,0.0,0.0,0.0,0.0
18081,Johnson County,IN,3/17/2026 5:00,0.0,0.0,0.0,0.0
18081,Johnson County,IN,3/17/2026 6:00,0.0,0.0,0.0,0.0
18081,Johnson County,IN,3/17/2026 7:00,0.0,0.0,0.0,0.0
18081,Johnson County,IN,3/17/2026 8:00,0.0,0.0,0.0,0.0
18081,Johnson County,IN,3/17/2026 9:00,0.0,0.0,0.0,0.0
18081,Johnson County,IN,3/17/2026 10:00,0.0,0.0,0.0,0.0
18081,Johnson County,IN,3/17/2026 11:00,0.0,0.0,0.0,0.0
18081,Johnson County,IN,3/17/2026 12:00,0.0,0.0,0.0,0.0
18081,Johnson County,IN,3/17/2026 13:00,0.0,0.0,0.0,0.0
18081,Johnson County,IN,3/17/2026 14:00,0.0,0.0,0.0,0.0
18081,Johnson County,IN,3/17/2026 15:00,0.0,0.0,0.0,0.0
18081,Johnson County,IN,3/17/2026 16:00,0.0,0.0,0.0,0.0
18081,Johnson County,IN,3/17/2026 17:00,0.0,0.0,0.0,0.0
18081,Johnson County,IN,3/17/2026 18:00,0.0,0.0,0.0,0.0
18081,Johnson County,IN,3/17/2026 19:00,0.0,0.0,0.0,0.0
18081,Johnson County,IN,3/17/2026 20:00,0.0,0.0,0.0,0.0
18081,Johnson County,IN,3/17/2026 21:00,0.0,0.0,0.0,0.0
18081,Johnson County,IN,3/17/2026 22:00,0.0,0.0,0.0,0.0
18081,Johnson County,IN,3/17/2026 23:00,0.0,0.0,0.0,0.0
18081,Johnson County,IN,3/18/2026 0:00,0.0,0.0,0.0,
18081,Johnson County,IN,3/18/2026 1:00,0.0,0.0,0.0,
18081,Johnson County,IN,3/18/2026 2:00,0.0,0.0,0.0,
18081,Johnson County,IN,3/18/2026 3:00,0.0,0.0,0.0,
18081,Johnson County,IN,3/18/2026 4:00,0.0,0.0,0.0,
18081,Johnson County,IN,3/18/2026 5:00,0.0,0.0,0.0,
18081,Johnson County,IN,3/18/2026 6:00,0.0,0.0,0.0,
18081,Johnson County,IN,3/18/2026 7:00,0.0,0.0,0.0,
18081,Johnson County,IN,3/18/2026 8:00,0.0,0.0,0.0,
18081,Johnson County,IN,3/18/2026 9:00,0.0,0.0,0.0,
18081,Johnson County,IN,3/18/2026 10:00,0.0,0.0,0.0,
18081,Johnson County,IN,3/18/2026 11:00,0.0,0.0,0.0,
18081,Johnson County,IN,3/18/2026 12:00,0.0,0.0,0.0,
18081,Johnson County,IN,3/18/2026 13:00,0.0,0.0,0.0,
18081,Johnson County,IN,3/18/2026 14:00,0.0,0.0,0.0,
18081,Johnson County,IN,3/18/2026 15:00,0.0,0.0,0.0,
18081,Johnson County,IN,3/18/2026 16:00,0.0,0.0,0.0,
18081,Johnson County,IN,3/18/2026 17:00,0.0,0.0,0.0,
18081,Johnson County,IN,3/18/2026 18:00,0.0,0.0,0.0,
18081,Johnson County,IN,3/18/2026 19:00,0.0,0.0,0.0,
18081,Johnson County,IN,3/18/2026 20:00,0.0,0.0,0.0,
18081,Johnson County,IN,3/18/2026 21:00,0.0,0.0,0.0,
18081,Johnson County,IN,3/18/2026 22:00,0.0,0.0,0.0,
18081,Johnson County,IN,3/18/2026 23:00,0.0,0.0,0.0,
18081,Johnson County,IN,3/19/2026 0:00,0.0,0.0,,
18081,Johnson County,IN,3/19/2026 1:00,0.0,0.0,,
18081,Johnson County,IN,3/19/2026 2:00,0.0,0.0,,
18081,Johnson County,IN,3/19/2026 3:00,0.0,0.0,,
18081,Johnson County,IN,3/19/2026 4:00,0.0,0.0,,
18081,Johnson County,IN,3/19/2026 5:00,0.0,0.0,,
18081,Johnson County,IN,3/19/2026 6:00,0.0,0.0,,
18081,Johnson County,IN,3/19/2026 7:00,0.0,0.0,,
18081,Johnson County,IN,3/19/2026 8:00,0.0,0.0,,
18081,Johnson County,IN,3/19/2026 9:00,0.0,0.0,,
18081,Johnson County,IN,3/19/2026 10:00,0.0,0.0,,
18081,Johnson County,IN,3/19/2026 11:00,0.0,0.0,,
18081,Johnson County,IN,3/19/2026 12:00,0.0,0.0,,
18081,Johnson County,IN,3/19/2026 13:00,0.0,0.0,,
18081,Johnson County,IN,3/19/2026 14:00,0.0,0.0,,
18081,Johnson County,IN,3/19/2026 15:00,0.0,0.0,,
18081,Johnson County,IN,3/19/2026 16:00,0.0,0.0,,
18081,Johnson County,IN,3/19/2026 17:00,0.0,0.0,,
18081,Johnson County,IN,3/19/2026 18:00,0.0,,,
18081,Johnson County,IN,3/19/2026 19:00,0.0,,,
18081,Johnson County,IN,3/19/2026 20:00,0.0,,,
18081,Johnson County,IN,3/19/2026 21:00,0.0,,,
18081,Johnson County,IN,3/19/2026 22:00,0.0,,,
18081,Johnson County,IN,3/19/2026 23:00,,,,
18115,Ohio County,IN,3/14/2026 0:00,0.0,0.0011175446939887478,0.0,0.003910202742554247
18115,Ohio County,IN,3/14/2026 1:00,0.0,0.0,0.0,0.005512412986718118
18115,Ohio County,IN,3/14/2026 2:00,0.0,0.0,0.0,0.0056941380957141515
18115,Ohio County,IN,3/14/2026 3:00,0.0,0.0,0.0,0.004743563616648317
18115,Ohio County,IN,3/14/2026 4:00,0.0,0.0,0.0,0.0035180987790226935
18115,Ohio County,IN,3/14/2026 5:00,0.001241093923454173,0.0,0.0,0.0036131652304902673
18115,Ohio County,IN,3/14/2026 6:00,0.0,0.0,0.0,0.0028861280996352436
18115,Ohio County,IN,3/14/2026 7:00,0.0,0.0,0.0,0.0025684095220640303
18115,Ohio County,IN,3/14/2026 8:00,0.0,0.0,0.0,0.0030284467386081817
18115,Ohio County,IN,3/14/2026 9:00,0.0,0.0,0.0,0.0027402744395658377
18115,Ohio County,IN,3/14/2026 10:00,0.0,0.0,0.0,0.0025054556084796787
18115,Ohio County,IN,3/14/2026 11:00,0.0,0.0,0.003081762616056949,0.0029352463781833647
18115,Ohio County,IN,3/14/2026 12:00,0.0,0.0,0.007602117383521545,0.003052230819594115
18115,Ohio County,IN,3/14/2026 13:00,0.0,0.0,0.010620935657061636,0.003027138067409396
18115,Ohio County,IN,3/14/2026 14:00,0.0,0.0,0.015393026289530098,0.0031762745522428302
18115,Ohio County,IN,3/14/2026 15:00,0.0,0.0,0.013719476765254512,0.002801864338107407
18115,Ohio County,IN,3/14/2026 16:00,0.0,0.0,0.013580402254592627,0.00236532831331715
18115,Ohio County,IN,3/14/2026 17:00,0.0,0.0,0.011529575171880423,0.0019562025438062845
18115,Ohio County,IN,3/14/2026 18:00,0.0,0.0,0.01045889020897448,0.0020682369766291233
18115,Ohio County,IN,3/14/2026 19:00,0.0,0.0,0.010164107196033001,0.0022655549633782356
18115,Ohio County,IN,3/14/2026 20:00,0.0,0.0,0.009277637174818665,0.002192665619077161
18115,Ohio County,IN,3/14/2026 21:00,0.0,0.0,0.008251465379726142,0.002189529751194641
18115,Ohio County,IN,3/14/2026 22:00,0.0,0.0,0.00814378196373582,0.0024568114895373583
18115,Ohio County,IN,3/14/2026 23:00,0.0,0.0,0.006879659788683057,0.0019433007924817502
18115,Ohio County,IN,3/15/2026 0:00,0.0,0.0,0.007278482732363045,0.0018217338132672013
18115,Ohio County,IN,3/15/2026 1:00,0.0,0.0,0.008155382855329662,0.0020439359825104473
18115,Ohio County,IN,3/15/2026 2:00,0.0,0.0,0.008230374951381236,0.0015137267182581127
18115,Ohio County,IN,3/15/2026 3:00,0.0,0.0,0.006032713956665247,0.0014490279136225581
18115,Ohio County,IN,3/15/2026 4:00,0.0,0.0,0.004316827387083322,0.0
18115,Ohio County,IN,3/15/2026 5:00,0.0,0.0025123174767941237,0.00380007122294046,0.0010509959771297871
18115,Ohio County,IN,3/15/2026 6:00,0.0,0.005255759693682194,0.003360571531811729,0.0010329573997296393
18115,Ohio County,IN,3/15/2026 7:00,0.0,0.009014576114714146,0.0037402947258669884,0.0
18115,Ohio County,IN,3/15/2026 8:00,0.0,0.012757815886288881,0.004252542037284002,0.0
18115,Ohio County,IN,3/15/2026 9:00,0.0,0.010641567083075643,0.004485601523629157,0.0
18115,Ohio County,IN,3/15/2026 10:00,0.002754436165560037,0.01033845143392682,0.002735253211358213,0.0
18115,Ohio County,IN,3/15/2026 11:00,0.004683705163188279,0.010411015641875566,0.002384415571577847,0.0
18115,Ohio County,IN,3/15/2026 12:00,0.007804501103237271,0.007656442187726498,0.002761206206923816,0.0
18115,Ohio County,IN,3/15/2026 13:00,0.012548607541248202,0.008287288947030902,0.0022585045255254952,0.0
18115,Ohio County,IN,3/15/2026 14:00,0.010401556442957371,0.006599678285419941,0.002160694033955224,0.0
18115,Ohio County,IN,3/15/2026 15:00,0.01090218109311536,0.006142189959064126,0.0,0.0
18115,Ohio County,IN,3/15/2026 16:00,0.011486308765597641,0.006493550911545754,0.0,0.0
18115,Ohio County,IN,3/15/2026 17:00,0.00985846749972552,0.005728490860201418,0.0,0.0
18115,Ohio County,IN,3/15/2026 18:00,0.009362391021568328,0.007297403644770384,0.0,0.0
18115,Ohio County,IN,3/15/2026 19:00,0.011380485724657774,0.008053020993247628,0.0014896092121489345,0.0
18115,Ohio County,IN,3/15/2026 20:00,0.0068259147246862995,0.009679241478443146,0.001478201657300815,0.0
18115,Ohio County,IN,3/15/2026 21:00,0.00951516954228282,0.007639115024358034,0.0013302743318490684,0.0
18115,Ohio County,IN,3/15/2026 22:00,0.008417301578447223,0.005914581194519997,0.0023415871255565435,0.0
18115,Ohio County,IN,3/15/2026 23:00,0.006454283371567726,0.005763083836063743,0.002534991456195712,0.0
18115,Ohio County,IN,3/16/2026 0:00,0.006741157383657992,0.005603316105953127,0.003326912545890082,0.0
18115,Ohio County,IN,3/16/2026 1:00,0.010450376285007223,0.003814338380470872,0.0,0.0
18115,Ohio County,IN,3/16/2026 2:00,0.007755429425742477,0.004126094887033105,0.0019601253821747377,0.0
18115,Ohio County,IN,3/16/2026 3:00,0.005913183442316949,0.004141160170547664,0.0,0.0
18115,Ohio County,IN,3/16/2026 4:00,0.006417274562409148,0.0033301346993539482,0.0,0.0
18115,Ohio County,IN,3/16/2026 5:00,0.006871414021588862,0.0026837059936951845,0.0,0.0
18115,Ohio County,IN,3/16/2026 6:00,0.005750399315729737,0.0030802899942500516,0.0,0.0
18115,Ohio County,IN,3/16/2026 7:00,0.004946970904711634,0.002468125068116933,0.0,0.0
18115,Ohio County,IN,3/16/2026 8:00,0.00453016500978265,0.0024419312831014395,0.0,0.0
18115,Ohio County,IN,3/16/2026 9:00,0.0030700778297614306,0.002083367365412414,0.0,0.0
18115,Ohio County,IN,3/16/2026 10:00,0.002676079860975733,0.002222756668925285,0.0,0.0
18115,Ohio County,IN,3/16/2026 11:00,0.0035315174027346075,0.0019484549877233804,0.0,0.0
18115,Ohio County,IN,3/16/2026 12:00,0.003041922696866095,0.0020066649303771555,0.0,0.0
18115,Ohio County,IN,3/16/2026 13:00,0.003097086038906127,0.0024025607854127884,0.0,0.0
18115,Ohio County,IN,3/16/2026 14:00,0.0025798582355491817,0.002088648360222578,0.0,0.0
18115,Ohio County,IN,3/16/2026 15:00,0.0024049698549788445,0.0018080048728734254,0.0,0.0
18115,Ohio County,IN,3/16/2026 16:00,0.0020714419952128083,0.0024531157338060438,0.0,0.0
18115,Ohio County,IN,3/16/2026 17:00,0.0018812465423252434,0.002398304792586714,0.0,0.0
18115,Ohio County,IN,3/16/2026 18:00,0.0024055620888248086,0.002963590738363564,0.0,0.0
18115,Ohio County,IN,3/16/2026 19:00,0.0023802240611985326,0.002824266243260354,0.0,0.0
18115,Ohio County,IN,3/16/2026 20:00,0.0018966354109579697,0.0026002668077126146,0.0,0.0
18115,Ohio County,IN,3/16/2026 21:00,0.0024461589055135846,0.00222943281987682,0.0,0.0
18115,Ohio County,IN,3/16/2026 22:00,0.0024990382516989484,0.001712334662443027,0.0,0.0
18115,Ohio County,IN,3/16/2026 23:00,0.003093045888817869,0.0016896892106160522,0.0,0.0
18115,Ohio County,IN,3/17/2026 0:00,0.0024943993339547887,0.001773589209187776,0.0,0.0
18115,Ohio County,IN,3/17/2026 1:00,0.0024824193333188305,0.0017232167068868876,0.0,0.0
18115,Ohio County,IN,3/17/2026 2:00,0.00195411586901173,0.001662219874560833,0.0,0.0
18115,Ohio County,IN,3/17/2026 3:00,0.001468926013330929,0.0015023095649667085,0.0,0.0
18115,Ohio County,IN,3/17/2026 4:00,0.001577798251673812,0.0015781820635311305,0.0,0.0
18115,Ohio County,IN,3/17/2026 5:00,0.0017305819419561885,0.0014577223802916706,0.0,0.0
18115,Ohio County,IN,3/17/2026 6:00,0.0017700016760500148,0.0013503976864740253,0.0,0.0
18115,Ohio County,IN,3/17/2026 7:00,0.0017692586989142,0.0014787331339903176,0.0,0.0
18115,Ohio County,IN,3/17/2026 8:00,0.0015909603534964845,0.001187270600348711,0.0,0.0
18115,Ohio County,IN,3/17/2026 9:00,0.0016374615806853399,0.0,0.0,0.0
18115,Ohio County,IN,3/17/2026 10:00,0.0015643441583961248,0.0,0.0,0.0
18115,Ohio County,IN,3/17/2026 11:00,0.0013814706180710346,0.0,0.0,0.0
18115,Ohio County,IN,3/17/2026 12:00,0.001449061863240786,0.0011559000238776207,0.0,0.0
18115,Ohio County,IN,3/17/2026 13:00,0.0011528908798936754,0.0,0.0,0.0
18115,Ohio County,IN,3/17/2026 14:00,0.0,0.0,0.0,0.0
18115,Ohio County,IN,3/17/2026 15:00,0.0,0.0,0.0,0.0
18115,Ohio County,IN,3/17/2026 16:00,0.0,0.0,0.0,0.0
18115,Ohio County,IN,3/17/2026 17:00,0.0012396711390465498,0.0,0.0,0.0
18115,Ohio County,IN,3/17/2026 18:00,0.0,0.0,0.0,0.0
18115,Ohio County,IN,3/17/2026 19:00,0.0,0.0,0.0,0.0
18115,Ohio County,IN,3/17/2026 20:00,0.0,0.0,0.0,0.0
18115,Ohio County,IN,3/17/2026 21:00,0.0,0.0,0.0,0.0
18115,Ohio County,IN,3/17/2026 22:00,0.0,0.0,0.0,0.0
18115,Ohio County,IN,3/17/2026 23:00,0.0,0.0,0.0,0.0
18115,Ohio County,IN,3/18/2026 0:00,0.0,0.0,0.0,
18115,Ohio County,IN,3/18/2026 1:00,0.0,0.0,0.0,
18115,Ohio County,IN,3/18/2026 2:00,0.0,0.0,0.0,
18115,Ohio County,IN,3/18/2026 3:00,0.0,0.0,0.0,
18115,Ohio County,IN,3/18/2026 4:00,0.0,0.0,0.0,
18115,Ohio County,IN,3/18/2026 5:00,0.0,0.0,0.0,
18115,Ohio County,IN,3/18/2026 6:00,0.0,0.0,0.0,
18115,Ohio County,IN,3/18/2026 7:00,0.0,0.0,0.0,
18115,Ohio County,IN,3/18/2026 8:00,0.0,0.0,0.0,
18115,Ohio County,IN,3/18/2026 9:00,0.0,0.0,0.0,
18115,Ohio County,IN,3/18/2026 10:00,0.0,0.0,0.0,
18115,Ohio County,IN,3/18/2026 11:00,0.0,0.0,0.0,
18115,Ohio County,IN,3/18/2026 12:00,0.0,0.0,0.0,
18115,Ohio County,IN,3/18/2026 13:00,0.0,0.0,0.0,
18115,Ohio County,IN,3/18/2026 14:00,0.0,0.0,0.0,
18115,Ohio County,IN,3/18/2026 15:00,0.0,0.0,0.0,
18115,Ohio County,IN,3/18/2026 16:00,0.0,0.0,0.0,
18115,Ohio County,IN,3/18/2026 17:00,0.0,0.0,0.0,
18115,Ohio County,IN,3/18/2026 18:00,0.0,0.0,0.0,
18115,Ohio County,IN,3/18/2026 19:00,0.0,0.0,0.0,
18115,Ohio County,IN,3/18/2026 20:00,0.0,0.0,0.0,
18115,Ohio County,IN,3/18/2026 21:00,0.0,0.0,0.0,
18115,Ohio County,IN,3/18/2026 22:00,0.0,0.0,0.0,
18115,Ohio County,IN,3/18/2026 23:00,0.0,0.0,0.0,
18115,Ohio County,IN,3/19/2026 0:00,0.0,0.0,,
18115,Ohio County,IN,3/19/2026 1:00,0.0,0.0,,
18115,Ohio County,IN,3/19/2026 2:00,0.0,0.0,,
18115,Ohio County,IN,3/19/2026 3:00,0.0,0.0,,
18115,Ohio County,IN,3/19/2026 4:00,0.0,0.0,,
18115,Ohio County,IN,3/19/2026 5:00,0.0,0.0,,
18115,Ohio County,IN,3/19/2026 6:00,0.0,0.0,,
18115,Ohio County,IN,3/19/2026 7:00,0.0,0.0,,
18115,Ohio County,IN,3/19/2026 8:00,0.0,0.0,,
18115,Ohio County,IN,3/19/2026 9:00,0.0,0.0,,
18115,Ohio County,IN,3/19/2026 10:00,0.0,0.0,,
18115,Ohio County,IN,3/19/2026 11:00,0.0,0.0,,
18115,Ohio County,IN,3/19/2026 12:00,0.0,0.0,,
18115,Ohio County,IN,3/19/2026 13:00,0.0,0.0,,
18115,Ohio County,IN,3/19/2026 14:00,0.0,0.0,,
18115,Ohio County,IN,3/19/2026 15:00,0.0,0.0,,
18115,Ohio County,IN,3/19/2026 16:00,0.0,0.0,,
18115,Ohio County,IN,3/19/2026 17:00,0.0,0.0,,
18115,Ohio County,IN,3/19/2026 18:00,0.0,,,
18115,Ohio County,IN,3/19/2026 19:00,0.0,,,
18115,Ohio County,IN,3/19/2026 20:00,0.0,,,
18115,Ohio County,IN,3/19/2026 21:00,0.0,,,
18115,Ohio County,IN,3/19/2026 22:00,0.0,,,
18115,Ohio County,IN,3/19/2026 23:00,,,,
18119,Owen County,IN,3/14/2026 0:00,0.0035263304016552866,0.004446230840403587,0.0,0.01045271304610651
18119,Owen County,IN,3/14/2026 1:00,0.004793055450136308,0.0028245306923054157,0.0,0.00886781916487962
18119,Owen County,IN,3/14/2026 2:00,0.0053698045667260885,0.003235095296986401,0.0,0.00771669412497431
18119,Owen County,IN,3/14/2026 3:00,0.005063061660621315,0.003486472135409713,0.0,0.006861552889131417
18119,Owen County,IN,3/14/2026 4:00,0.005588690401054919,0.002911121514625847,0.0,0.007434881455264985
18119,Owen County,IN,3/14/2026 5:00,0.004660838661948219,0.0026812967087607832,0.0,0.005912380041263532
18119,Owen County,IN,3/14/2026 6:00,0.0029158635588828474,0.0029855883796699343,0.0,0.005644649127498269
18119,Owen County,IN,3/14/2026 7:00,0.003314197587314993,0.002461410633986816,0.0,0.005188416325836442
18119,Owen County,IN,3/14/2026 8:00,0.0035399682528804988,0.0020628453472454566,0.0,0.005947204737458378
18119,Owen County,IN,3/14/2026 9:00,0.0030909194611012936,0.002065106760710478,0.0,0.0036800704430788754
18119,Owen County,IN,3/14/2026 10:00,0.002642065712279873,0.0014200862031430006,0.0029203086596680805,0.0018124164904293138
18119,Owen County,IN,3/14/2026 11:00,0.003082182414800627,0.0,0.007209793053334579,0.001222610697732307
18119,Owen County,IN,3/14/2026 12:00,0.0027040195127483457,0.0,0.012925522867590189,0.0013245958762126975
18119,Owen County,IN,3/14/2026 13:00,0.002391017333138734,0.0,0.01621683342382312,0.0011710201506502926
18119,Owen County,IN,3/14/2026 14:00,0.0023542636481579393,0.0,0.017609279416501523,0.0
18119,Owen County,IN,3/14/2026 15:00,0.0016401424654759467,0.0,0.016774121206253767,0.0
18119,Owen County,IN,3/14/2026 16:00,0.0,0.0,0.016121964203193784,0.0
18119,Owen County,IN,3/14/2026 17:00,0.0,0.0,0.01372351050376892,0.0
18119,Owen County,IN,3/14/2026 18:00,0.0,0.0,0.013066676072776317,0.0
18119,Owen County,IN,3/14/2026 19:00,0.0,0.0,0.011917019449174403,0.0
18119,Owen County,IN,3/14/2026 20:00,0.0,0.0,0.009966564108617603,0.0
18119,Owen County,IN,3/14/2026 21:00,0.0,0.0,0.008414070447906851,0.0
18119,Owen County,IN,3/14/2026 22:00,0.0,0.0,0.008664444624446332,0.0
18119,Owen County,IN,3/14/2026 23:00,0.0,0.0,0.007989077037200332,0.0
18119,Owen County,IN,3/15/2026 0:00,0.0,0.0,0.008993279375135898,0.0
18119,Owen County,IN,3/15/2026 1:00,0.0,0.0,0.008497878193156793,0.0
18119,Owen County,IN,3/15/2026 2:00,0.0,0.0,0.01086089457385242,0.0
18119,Owen County,IN,3/15/2026 3:00,0.0,0.0,0.010685665941127808,0.0
18119,Owen County,IN,3/15/2026 4:00,0.0,0.005333744175732136,0.007741972350049764,0.0
18119,Owen County,IN,3/15/2026 5:00,0.0,0.012585848104208708,0.006972189282532781,0.0
18119,Owen County,IN,3/15/2026 6:00,0.0,0.018593676295131444,0.006885944702662528,0.0
18119,Owen County,IN,3/15/2026 7:00,0.0,0.022920075803995132,0.005395720538217574,0.0
18119,Owen County,IN,3/15/2026 8:00,0.0,0.024984123930335046,0.004719336121343076,0.0
18119,Owen County,IN,3/15/2026 9:00,0.004545900723314844,0.022981285862624646,0.0040857614832930265,0.0
18119,Owen County,IN,3/15/2026 10:00,0.012264937482541427,0.021584997326135634,0.003517766555887647,0.0
18119,Owen County,IN,3/15/2026 11:00,0.020163642708212137,0.01956806518137455,0.0034099697601050138,0.0
18119,Owen County,IN,3/15/2026 12:00,0.031072250567376614,0.019604666344821452,0.00332145965876407,0.0
18119,Owen County,IN,3/15/2026 13:00,0.03232175949960947,0.0197095662355423,0.0028014779658406042,0.0
18119,Owen County,IN,3/15/2026 14:00,0.02481385273858905,0.01218237210996449,0.004755292623303831,0.0
18119,Owen County,IN,3/15/2026 15:00,0.020039350434672087,0.009549993462860585,0.0026664906967198477,0.0
18119,Owen County,IN,3/15/2026 16:00,0.016993543125863653,0.010922885686159133,0.0030932955269236118,0.0
18119,Owen County,IN,3/15/2026 17:00,0.018575262394733727,0.016003091260790824,0.002348053062451072,0.0
18119,Owen County,IN,3/15/2026 18:00,0.02125102188438177,0.015586169064044952,0.002303588917129673,0.0
18119,Owen County,IN,3/15/2026 19:00,0.016578560695052147,0.009924544440582394,0.002426855987869203,0.0
18119,Owen County,IN,3/15/2026 20:00,0.006272649392485619,0.008507103851297871,0.0027491905551869423,0.0
18119,Owen County,IN,3/15/2026 21:00,0.00882381634437479,0.00768197001889348,0.002795026081730612,0.0
18119,Owen County,IN,3/15/2026 22:00,0.042549021542072296,0.00830606441013515,0.0024614719030068956,0.0
18119,Owen County,IN,3/15/2026 23:00,0.013083004276268184,0.004988831060472876,0.0,0.0
18119,Owen County,IN,3/16/2026 0:00,0.019842691719532013,0.005054715625010431,0.0,0.0
18119,Owen County,IN,3/16/2026 1:00,0.014515908434987068,0.004532989673316478,0.0,0.0
18119,Owen County,IN,3/16/2026 2:00,0.010657346108928323,0.0039989215089008216,0.0,0.0
18119,Owen County,IN,3/16/2026 3:00,0.008441994315944612,0.003255664953030646,0.0,0.0
18119,Owen County,IN,3/16/2026 4:00,0.005237926554400474,0.002508355095051229,0.0,0.0
18119,Owen County,IN,3/16/2026 5:00,0.005313022469636053,0.002394393365830183,0.0,0.0
18119,Owen County,IN,3/16/2026 6:00,0.00326194625813514,0.001976557879243046,0.0,0.0
18119,Owen County,IN,3/16/2026 7:00,0.0030037423130124807,0.0019378284341655672,0.0,0.0
18119,Owen County,IN,3/16/2026 8:00,0.0027835203800350428,0.0020634251995943487,0.0,0.0
18119,Owen County,IN,3/16/2026 9:00,0.001979743203264661,0.0012025616510072724,0.0,0.0
18119,Owen County,IN,3/16/2026 10:00,0.0017182105511892587,0.0016871526895556599,0.0,0.0
18119,Owen County,IN,3/16/2026 11:00,0.0015417153772432357,0.0015939284407068045,0.0,0.0
18119,Owen County,IN,3/16/2026 12:00,0.001550600107293576,0.0015987503516953438,0.0,0.0
18119,Owen County,IN,3/16/2026 13:00,0.001835454284446314,0.001361594267655164,0.0,0.0
18119,Owen County,IN,3/16/2026 14:00,0.001020257273921743,0.0012652751349378378,0.0,0.0
18119,Owen County,IN,3/16/2026 15:00,0.0015993669130693888,0.0011601981241255999,0.0,0.0
18119,Owen County,IN,3/16/2026 16:00,0.0013852352421963587,0.0,0.0,0.0
18119,Owen County,IN,3/16/2026 17:00,0.0015399902067656512,0.001060325390426442,0.0,0.0
18119,Owen County,IN,3/16/2026 18:00,0.00130636343601509,0.0,0.0,0.0
18119,Owen County,IN,3/16/2026 19:00,0.0011548823786142748,0.0,0.0,0.0
18119,Owen County,IN,3/16/2026 20:00,0.001057823988958262,0.0,0.0,0.0
18119,Owen County,IN,3/16/2026 21:00,0.0,0.0,0.0,0.0
18119,Owen County,IN,3/16/2026 22:00,0.0010267379102515406,0.0,0.0,0.0
18119,Owen County,IN,3/16/2026 23:00,0.0,0.0,0.0,0.0
18119,Owen County,IN,3/17/2026 0:00,0.0,0.0,0.0,0.0
18119,Owen County,IN,3/17/2026 1:00,0.0,0.0,0.0,0.0
18119,Owen County,IN,3/17/2026 2:00,0.0,0.0,0.0,0.0
18119,Owen County,IN,3/17/2026 3:00,0.0,0.0,0.0,0.0
18119,Owen County,IN,3/17/2026 4:00,0.0,0.0,0.0,0.0
18119,Owen County,IN,3/17/2026 5:00,0.0,0.0,0.0,0.0
18119,Owen County,IN,3/17/2026 6:00,0.0,0.0,0.0,0.0
18119,Owen County,IN,3/17/2026 7:00,0.0,0.0010875347565161065,0.0,0.0
18119,Owen County,IN,3/17/2026 8:00,0.0,0.0,0.0,0.0
18119,Owen County,IN,3/17/2026 9:00,0.0,0.0,0.0,0.0
18119,Owen County,IN,3/17/2026 10:00,0.0,0.0,0.0,0.0
18119,Owen County,IN,3/17/2026 11:00,0.0,0.0,0.0,0.0
18119,Owen County,IN,3/17/2026 12:00,0.0,0.0,0.0,0.0
18119,Owen County,IN,3/17/2026 13:00,0.0,0.0,0.0,0.0
18119,Owen County,IN,3/17/2026 14:00,0.0,0.0,0.0,0.0
18119,Owen County,IN,3/17/2026 15:00,0.0,0.0,0.0,0.0
18119,Owen County,IN,3/17/2026 16:00,0.0,0.0,0.0,0.0
18119,Owen County,IN,3/17/2026 17:00,0.0,0.0,0.0,0.0
18119,Owen County,IN,3/17/2026 18:00,0.0,0.0,0.0,0.0
18119,Owen County,IN,3/17/2026 19:00,0.0,0.0,0.0,0.0
18119,Owen County,IN,3/17/2026 20:00,0.0,0.0,0.0,0.0
18119,Owen County,IN,3/17/2026 21:00,0.0,0.0,0.0,0.0
18119,Owen County,IN,3/17/2026 22:00,0.0,0.0,0.0,0.0
18119,Owen County,IN,3/17/2026 23:00,0.0,0.0,0.0,0.0
18119,Owen County,IN,3/18/2026 0:00,0.0,0.0,0.0,
18119,Owen County,IN,3/18/2026 1:00,0.0,0.0,0.0,
18119,Owen County,IN,3/18/2026 2:00,0.0,0.0,0.0,
18119,Owen County,IN,3/18/2026 3:00,0.0,0.0,0.0,
18119,Owen County,IN,3/18/2026 4:00,0.0,0.0,0.0,
18119,Owen County,IN,3/18/2026 5:00,0.0,0.0,0.0,
18119,Owen County,IN,3/18/2026 6:00,0.0,0.0,0.0017048117864760571,
18119,Owen County,IN,3/18/2026 7:00,0.0,0.0011931843124330043,0.0,
18119,Owen County,IN,3/18/2026 8:00,0.0,0.0,0.0,
18119,Owen County,IN,3/18/2026 9:00,0.0,0.0,0.0,
18119,Owen County,IN,3/18/2026 10:00,0.0,0.0,0.0,
18119,Owen County,IN,3/18/2026 11:00,0.0,0.0,0.0,
18119,Owen County,IN,3/18/2026 12:00,0.0013542690721806139,0.0011948913102969526,0.0,
18119,Owen County,IN,3/18/2026 13:00,0.0,0.0,0.0,
18119,Owen County,IN,3/18/2026 14:00,0.0,0.0,0.0,
18119,Owen County,IN,3/18/2026 15:00,0.0,0.0,0.0,
18119,Owen County,IN,3/18/2026 16:00,0.0,0.0,0.0,
18119,Owen County,IN,3/18/2026 17:00,0.0013559896688093431,0.0,0.0,
18119,Owen County,IN,3/18/2026 18:00,0.0,0.0,0.0,
18119,Owen County,IN,3/18/2026 19:00,0.0,0.0,0.0,
18119,Owen County,IN,3/18/2026 20:00,0.0,0.0,0.0,
18119,Owen County,IN,3/18/2026 21:00,0.0,0.0,0.0,
18119,Owen County,IN,3/18/2026 22:00,0.0,0.0,0.0,
18119,Owen County,IN,3/18/2026 23:00,0.0,0.0,0.0,
18119,Owen County,IN,3/19/2026 0:00,0.0,0.0,,
18119,Owen County,IN,3/19/2026 1:00,0.0,0.0,,
18119,Owen County,IN,3/19/2026 2:00,0.0,0.0,,
18119,Owen County,IN,3/19/2026 3:00,0.0,0.0,,
18119,Owen County,IN,3/19/2026 4:00,0.0,0.0,,
18119,Owen County,IN,3/19/2026 5:00,0.0,0.0,,
18119,Owen County,IN,3/19/2026 6:00,0.0,0.0,,
18119,Owen County,IN,3/19/2026 7:00,0.0,0.0,,
18119,Owen County,IN,3/19/2026 8:00,0.0,0.0,,
18119,Owen County,IN,3/19/2026 9:00,0.0,0.0,,
18119,Owen County,IN,3/19/2026 10:00,0.0,0.0,,
18119,Owen County,IN,3/19/2026 11:00,0.0,0.0,,
18119,Owen County,IN,3/19/2026 12:00,0.0,0.0,,
18119,Owen County,IN,3/19/2026 13:00,0.0,0.0,,
18119,Owen County,IN,3/19/2026 14:00,0.0,0.0,,
18119,Owen County,IN,3/19/2026 15:00,0.0,0.0,,
18119,Owen County,IN,3/19/2026 16:00,0.0,0.0,,
18119,Owen County,IN,3/19/2026 17:00,0.0,0.0,,
18119,Owen County,IN,3/19/2026 18:00,0.0,,,
18119,Owen County,IN,3/19/2026 19:00,0.0,,,
18119,Owen County,IN,3/19/2026 20:00,0.0,,,
18119,Owen County,IN,3/19/2026 21:00,0.0,,,
18119,Owen County,IN,3/19/2026 22:00,0.0,,,
18119,Owen County,IN,3/19/2026 23:00,,,,
39001,Adams County,OH,3/14/2026 0:00,0.0,0.0,0.0,0.0
39001,Adams County,OH,3/14/2026 1:00,0.0,0.0,0.0,0.0
39001,Adams County,OH,3/14/2026 2:00,0.0,0.0,0.0,0.0
39001,Adams County,OH,3/14/2026 3:00,0.0,0.0,0.0,0.0015949930035276338
39001,Adams County,OH,3/14/2026 4:00,0.0,0.0,0.0,0.0023553066741442306
39001,Adams County,OH,3/14/2026 5:00,0.0,0.0,0.0,0.0020624611504899805
39001,Adams County,OH,3/14/2026 6:00,0.0,0.0,0.0,0.0020602494634658795
39001,Adams County,OH,3/14/2026 7:00,0.0,0.0,0.0,0.0018174701861426
39001,Adams County,OH,3/14/2026 8:00,0.0,0.0,0.0,0.002177859281073324
39001,Adams County,OH,3/14/2026 9:00,0.0,0.0,0.0,0.002773327802424319
39001,Adams County,OH,3/14/2026 10:00,0.0,0.0,0.0,0.0028077674855012448
39001,Adams County,OH,3/14/2026 11:00,0.0,0.0,0.0038645012478809803,0.0022609963547438384
39001,Adams County,OH,3/14/2026 12:00,0.0,0.0,0.0039065769989974795,0.0
39001,Adams County,OH,3/14/2026 13:00,0.0,0.0,0.005835358543845359,0.0
39001,Adams County,OH,3/14/2026 14:00,0.0,0.0,0.005766571057029069,0.0
39001,Adams County,OH,3/14/2026 15:00,0.0,0.0,0.007627032868913375,0.0
39001,Adams County,OH,3/14/2026 16:00,0.0,0.0,0.008446892802021466,0.0
39001,Adams County,OH,3/14/2026 17:00,0.0,0.0,0.007083520556625445,0.0
39001,Adams County,OH,3/14/2026 18:00,0.0,0.0,0.0075141114750294944,0.0
39001,Adams County,OH,3/14/2026 19:00,0.0,0.0,0.007885199101656326,0.0
39001,Adams County,OH,3/14/2026 20:00,0.0,0.0,0.006873885823006276,0.0
39001,Adams County,OH,3/14/2026 21:00,0.0,0.0,0.0053954825212713334,0.0
39001,Adams County,OH,3/14/2026 22:00,0.0,0.0,0.004900845955125988,0.0013483177550369873
39001,Adams County,OH,3/14/2026 23:00,0.0,0.0,0.004282148176571354,0.0
39001,Adams County,OH,3/15/2026 0:00,0.0,0.0,0.003941333742113784,0.0
39001,Adams County,OH,3/15/2026 1:00,0.0,0.0,0.004106227160082199,0.0
39001,Adams County,OH,3/15/2026 2:00,0.0,0.0,0.003766205528518185,0.0
39001,Adams County,OH,3/15/2026 3:00,0.0,0.0,0.003461610624799505,0.0
39001,Adams County,OH,3/15/2026 4:00,0.0,0.0,0.0030491451485431752,0.0
39001,Adams County,OH,3/15/2026 5:00,0.0,0.002749191605289525,0.003129154026100878,0.0
39001,Adams County,OH,3/15/2026 6:00,0.0,0.002289734734222293,0.0028849038149928673,0.0
39001,Adams County,OH,3/15/2026 7:00,0.0,0.004074202245101332,0.0028267877918551677,0.0
39001,Adams County,OH,3/15/2026 8:00,0.0,0.0049628789070993665,0.0027162397498614156,0.0
39001,Adams County,OH,3/15/2026 9:00,0.0,0.006185091100633144,0.0021173967805225404,0.0
39001,Adams County,OH,3/15/2026 10:00,0.0028575349278980866,0.007322347816079855,0.0,0.0
39001,Adams County,OH,3/15/2026 11:00,0.002413831389276311,0.0051654591748956594,0.0021925961860688402,0.0
39001,Adams County,OH,3/15/2026 12:00,0.0041494902689009905,0.005646856897510588,0.0018662505957763643,0.0
39001,Adams County,OH,3/15/2026 13:00,0.004945382126607001,0.007688629277981818,0.0016486968903336673,0.0
39001,Adams County,OH,3/15/2026 14:00,0.006102073006331921,0.0066818063845857974,0.0018217746575828642,0.0
39001,Adams County,OH,3/15/2026 15:00,0.007465346134267747,0.005222919199150055,0.0018664901435840875,0.0
39001,Adams County,OH,3/15/2026 16:00,0.005557256401516497,0.005027840775437653,0.001472374761942774,0.0
39001,Adams County,OH,3/15/2026 17:00,0.006149620516225696,0.0038375085219740867,0.0015978711424395442,0.0
39001,Adams County,OH,3/15/2026 18:00,0.008382314699701965,0.0027523803757503627,0.0,0.0
39001,Adams County,OH,3/15/2026 19:00,0.007455536513589323,0.0026004937011748553,0.0015579080180032178,0.0
39001,Adams County,OH,3/15/2026 20:00,0.005805153457913548,0.0029389143164735287,0.001396661065518856,0.0
39001,Adams County,OH,3/15/2026 21:00,0.005320980446413159,0.0021437603350932476,0.0017406943123205564,0.0
39001,Adams County,OH,3/15/2026 22:00,0.0035456460318528116,0.0025337095838040115,0.001620571464081877,0.0
39001,Adams County,OH,3/15/2026 23:00,0.0025170949738821946,0.003097177529707551,0.0,0.0
39001,Adams County,OH,3/16/2026 0:00,0.001989129581488669,0.002108258567750454,0.0,0.0
39001,Adams County,OH,3/16/2026 1:00,0.0025379564613103867,0.0025053171906620265,0.0,0.0
39001,Adams County,OH,3/16/2026 2:00,0.0023874097969383,0.0025937102735042574,0.0,0.0
39001,Adams County,OH,3/16/2026 3:00,0.0029930870223324746,0.0029152322094887495,0.0013580525424913502,0.0
39001,Adams County,OH,3/16/2026 4:00,0.003658448171336204,0.0033756086137145757,0.0015187287172011565,0.0
39001,Adams County,OH,3/16/2026 5:00,0.0,0.0025768748484551905,0.0,0.0
39001,Adams County,OH,3/16/2026 6:00,0.003069612619583495,0.002092054166132584,0.0,0.0
39001,Adams County,OH,3/16/2026 7:00,0.002411336696241051,0.0013219452288467438,0.0,0.0
39001,Adams County,OH,3/16/2026 8:00,0.0033690780801407527,0.0013459730078466236,0.0,0.0
39001,Adams County,OH,3/16/2026 9:00,0.0031034910934977233,0.0015396281738503602,0.0,0.0
39001,Adams County,OH,3/16/2026 10:00,0.0018017289694398642,0.0015634390292689204,0.0,0.0
39001,Adams County,OH,3/16/2026 11:00,0.0017240206070709974,0.0013003944070078433,0.0,0.0
39001,Adams County,OH,3/16/2026 12:00,0.001367666194710182,0.0019419641816057266,0.0,0.0
39001,Adams County,OH,3/16/2026 13:00,0.0014127148315310478,0.0019437212613411248,0.0,0.0
39001,Adams County,OH,3/16/2026 14:00,0.001511408216174459,0.0012844158511143178,0.0,0.0
39001,Adams County,OH,3/16/2026 15:00,0.0013675553200300783,0.0013070280663669109,0.0,0.0
39001,Adams County,OH,3/16/2026 16:00,0.0,0.001966714672744274,0.0,0.0
39001,Adams County,OH,3/16/2026 17:00,0.001305940852034837,0.0020478083635680376,0.0,0.0
39001,Adams County,OH,3/16/2026 18:00,0.0012407047324813902,0.0013449705875245854,0.0,0.0
39001,Adams County,OH,3/16/2026 19:00,0.001488463742134627,0.0010942495457129553,0.0,0.0
39001,Adams County,OH,3/16/2026 20:00,0.001558716268846183,0.0,0.0,0.0
39001,Adams County,OH,3/16/2026 21:00,0.0022589731343032327,0.0011518976098159328,0.0,0.0
39001,Adams County,OH,3/16/2026 22:00,0.001808381814043969,0.0011547470814548433,0.0,0.0
39001,Adams County,OH,3/16/2026 23:00,0.0011990921921096742,0.0,0.0,0.0
39001,Adams County,OH,3/17/2026 0:00,0.0,0.0,0.0,0.0
39001,Adams County,OH,3/17/2026 1:00,0.0,0.0,0.0,0.0
39001,Adams County,OH,3/17/2026 2:00,0.0,0.0,0.0,0.0
39001,Adams County,OH,3/17/2026 3:00,0.0,0.0,0.0,0.0
39001,Adams County,OH,3/17/2026 4:00,0.0,0.0,0.0,0.0
39001,Adams County,OH,3/17/2026 5:00,0.0,0.0,0.0,0.0
39001,Adams County,OH,3/17/2026 6:00,0.0,0.0,0.0,0.0
39001,Adams County,OH,3/17/2026 7:00,0.0,0.0,0.0,0.0
39001,Adams County,OH,3/17/2026 8:00,0.0,0.0,0.0,0.0
39001,Adams County,OH,3/17/2026 9:00,0.0,0.0,0.0,0.0
39001,Adams County,OH,3/17/2026 10:00,0.0,0.0,0.0,0.0
39001,Adams County,OH,3/17/2026 11:00,0.0,0.0,0.0,0.0
39001,Adams County,OH,3/17/2026 12:00,0.0,0.0,0.0,0.0
39001,Adams County,OH,3/17/2026 13:00,0.0,0.0,0.0,0.0
39001,Adams County,OH,3/17/2026 14:00,0.0,0.0,0.0,0.0
39001,Adams County,OH,3/17/2026 15:00,0.0,0.0,0.0,0.0
39001,Adams County,OH,3/17/2026 16:00,0.0,0.0,0.0,0.0
39001,Adams County,OH,3/17/2026 17:00,0.0,0.0,0.0,0.0
39001,Adams County,OH,3/17/2026 18:00,0.0,0.0,0.0,0.0
39001,Adams County,OH,3/17/2026 19:00,0.0,0.0,0.0,0.0
39001,Adams County,OH,3/17/2026 20:00,0.0,0.0,0.0,0.0
39001,Adams County,OH,3/17/2026 21:00,0.0,0.0,0.0,0.0
39001,Adams County,OH,3/17/2026 22:00,0.0,0.0,0.0,0.0
39001,Adams County,OH,3/17/2026 23:00,0.0,0.0,0.0,0.0
39001,Adams County,OH,3/18/2026 0:00,0.0,0.0,0.0,
39001,Adams County,OH,3/18/2026 1:00,0.0,0.0,0.0,
39001,Adams County,OH,3/18/2026 2:00,0.0,0.0,0.0,
39001,Adams County,OH,3/18/2026 3:00,0.0,0.0,0.0,
39001,Adams County,OH,3/18/2026 4:00,0.0,0.0,0.0,
39001,Adams County,OH,3/18/2026 5:00,0.0,0.0,0.0,
39001,Adams County,OH,3/18/2026 6:00,0.0,0.0,0.0,
39001,Adams County,OH,3/18/2026 7:00,0.0,0.0,0.0,
39001,Adams County,OH,3/18/2026 8:00,0.0,0.0,0.0,
39001,Adams County,OH,3/18/2026 9:00,0.0,0.0,0.0,
39001,Adams County,OH,3/18/2026 10:00,0.0,0.0,0.0,
39001,Adams County,OH,3/18/2026 11:00,0.0,0.0,0.0,
39001,Adams County,OH,3/18/2026 12:00,0.0,0.0,0.0,
39001,Adams County,OH,3/18/2026 13:00,0.0,0.0,0.0,
39001,Adams County,OH,3/18/2026 14:00,0.0,0.0,0.0,
39001,Adams County,OH,3/18/2026 15:00,0.0,0.0,0.0,
39001,Adams County,OH,3/18/2026 16:00,0.0,0.0,0.0,
39001,Adams County,OH,3/18/2026 17:00,0.0,0.0,0.0,
39001,Adams County,OH,3/18/2026 18:00,0.0,0.0,0.0,
39001,Adams County,OH,3/18/2026 19:00,0.0,0.0,0.0,
39001,Adams County,OH,3/18/2026 20:00,0.0,0.0,0.0,
39001,Adams County,OH,3/18/2026 21:00,0.0,0.0,0.0,
39001,Adams County,OH,3/18/2026 22:00,0.0,0.0,0.0,
39001,Adams County,OH,3/18/2026 23:00,0.0,0.0,0.0,
39001,Adams County,OH,3/19/2026 0:00,0.0,0.0,,
39001,Adams County,OH,3/19/2026 1:00,0.0,0.0,,
39001,Adams County,OH,3/19/2026 2:00,0.0,0.0,,
39001,Adams County,OH,3/19/2026 3:00,0.0,0.0,,
39001,Adams County,OH,3/19/2026 4:00,0.0,0.0,,
39001,Adams County,OH,3/19/2026 5:00,0.0,0.0,,
39001,Adams County,OH,3/19/2026 6:00,0.0,0.0,,
39001,Adams County,OH,3/19/2026 7:00,0.0,0.0,,
39001,Adams County,OH,3/19/2026 8:00,0.0,0.0,,
39001,Adams County,OH,3/19/2026 9:00,0.0,0.0,,
39001,Adams County,OH,3/19/2026 10:00,0.0,0.0,,
39001,Adams County,OH,3/19/2026 11:00,0.0,0.0,,
39001,Adams County,OH,3/19/2026 12:00,0.0,0.0,,
39001,Adams County,OH,3/19/2026 13:00,0.0,0.0,,
39001,Adams County,OH,3/19/2026 14:00,0.0,0.0,,
39001,Adams County,OH,3/19/2026 15:00,0.0,0.0,,
39001,Adams County,OH,3/19/2026 16:00,0.0,0.0,,
39001,Adams County,OH,3/19/2026 17:00,0.0,0.0,,
39001,Adams County,OH,3/19/2026 18:00,0.0,,,
39001,Adams County,OH,3/19/2026 19:00,0.0,,,
39001,Adams County,OH,3/19/2026 20:00,0.0,,,
39001,Adams County,OH,3/19/2026 21:00,0.0,,,
39001,Adams County,OH,3/19/2026 22:00,0.0,,,
39001,Adams County,OH,3/19/2026 23:00,,,,
39003,Allen County,OH,3/14/2026 0:00,0.03737042471766472,0.029603649373166264,0.002966796775581315,0.0
39003,Allen County,OH,3/14/2026 1:00,0.03634660644456744,0.028646588744595646,0.0032788709679152815,0.0
39003,Allen County,OH,3/14/2026 2:00,0.034942694241181016,0.027573672076687216,0.0028882903046905995,0.0
39003,Allen County,OH,3/14/2026 3:00,0.03281848016194999,0.026935526519082487,0.0027575600892305375,0.0011136014596559106
39003,Allen County,OH,3/14/2026 4:00,0.03836910566315055,0.025412301998585463,0.0028350424312520773,0.001074422849342227
39003,Allen County,OH,3/14/2026 5:00,0.03701604390516877,0.022974849422462286,0.0026539095386397095,0.001201667869463563
39003,Allen County,OH,3/14/2026 6:00,0.035728744231164455,0.021860185587138405,0.0026162041787756605,0.0014253865694627166
39003,Allen County,OH,3/14/2026 7:00,0.03309503896161914,0.01961744868895039,0.0020340939809102565,0.0016131540178321302
39003,Allen County,OH,3/14/2026 8:00,0.03194447001442313,0.017882901756092907,0.0020721300737932325,0.0021526431431993843
39003,Allen County,OH,3/14/2026 9:00,0.028601407539099455,0.016397560806944968,0.0020657897519413384,0.001721794641343877
39003,Allen County,OH,3/14/2026 10:00,0.024906446458771825,0.013946332782506943,0.002087987359846011,0.0014634733423008583
39003,Allen County,OH,3/14/2026 11:00,0.023648381466045976,0.012799036665819585,0.0027248314494499938,0.001546151321963407
39003,Allen County,OH,3/14/2026 12:00,0.021151626482605934,0.011187036824412643,0.001957771583693102,0.0010293996856489684
39003,Allen County,OH,3/14/2026 13:00,0.018482774263247848,0.008974231057800352,0.002613530607777648,0.0
39003,Allen County,OH,3/14/2026 14:00,0.015831859200261533,0.004764376010280102,0.003480757784564048,0.0
39003,Allen County,OH,3/14/2026 15:00,0.01349958241917193,0.004266915773041546,0.003046151390299201,0.0
39003,Allen County,OH,3/14/2026 16:00,0.011824820365291089,0.004215220897458493,0.0028912384586874396,0.0
39003,Allen County,OH,3/14/2026 17:00,0.010168957698624581,0.003992798575200141,0.0025091132323723287,0.0
39003,Allen County,OH,3/14/2026 18:00,0.008063635730650276,0.0036438112845644357,0.002526152692735195,0.0
39003,Allen County,OH,3/14/2026 19:00,0.004353196069132537,0.003620182885788381,0.0017432040069252253,0.0
39003,Allen County,OH,3/14/2026 20:00,0.0037794545642100275,0.003137123282067478,0.0018943776260130108,0.0
39003,Allen County,OH,3/14/2026 21:00,0.003938967478461564,0.0030287523521110417,0.0014276279893238098,0.0
39003,Allen County,OH,3/14/2026 22:00,0.003705613606143743,0.0030092527740634978,0.0012181245459942148,0.0
39003,Allen County,OH,3/14/2026 23:00,0.0034139867057092488,0.002990451600635424,0.001215458012302406,0.0
39003,Allen County,OH,3/15/2026 0:00,0.0036423456185730174,0.0030077656934736296,0.0020250842557288707,0.0
39003,Allen County,OH,3/15/2026 1:00,0.002964209095807746,0.0028268609778024254,0.0018572241591755302,0.0
39003,Allen County,OH,3/15/2026 2:00,0.002749102481175214,0.0026575641099043424,0.003060452500358224,0.0
39003,Allen County,OH,3/15/2026 3:00,0.002635166689287871,0.002331011649221182,0.0032644385122694076,0.0
39003,Allen County,OH,3/15/2026 4:00,0.002511034661438316,0.002213566633872688,0.002887068095151335,0.0
39003,Allen County,OH,3/15/2026 5:00,0.0025020795583259314,0.003154417499899864,0.003156773472437635,0.0
39003,Allen County,OH,3/15/2026 6:00,0.0026142122223973274,0.0030819352250546217,0.0034136359434342014,0.0
39003,Allen County,OH,3/15/2026 7:00,0.002462815449689515,0.0039054000284522773,0.0033288645048742183,0.0
39003,Allen County,OH,3/15/2026 8:00,0.0023583197908010334,0.004489415884017944,0.0026173160978942176,0.0
39003,Allen County,OH,3/15/2026 9:00,0.00218499219045043,0.004226312600076198,0.0027351503624231553,0.0
39003,Allen County,OH,3/15/2026 10:00,0.0023156594834290445,0.0036332837771624327,0.0023377829929813743,0.0
39003,Allen County,OH,3/15/2026 11:00,0.001821314392145723,0.0032451793551445006,0.0019102201506029815,0.0
39003,Allen County,OH,3/15/2026 12:00,0.002484633878339082,0.0029974471777677535,0.002238975535146892,0.0
39003,Allen County,OH,3/15/2026 13:00,0.0026632407680153847,0.0018800975289195777,0.001980414308491163,0.0
39003,Allen County,OH,3/15/2026 14:00,0.0026234276592731476,0.0018394454382359982,0.0020815701718674973,0.0
39003,Allen County,OH,3/15/2026 15:00,0.0023829351412132382,0.0018608851823955774,0.0017279813881032168,0.0
39003,Allen County,OH,3/15/2026 16:00,0.002517718938179314,0.0015675127971917391,0.0,0.0
39003,Allen County,OH,3/15/2026 17:00,0.0019272788194939494,0.001653802953660488,0.0,0.0
39003,Allen County,OH,3/15/2026 18:00,0.0012992876581847668,0.0021165220066905023,0.0015132661268580706,0.0
39003,Allen County,OH,3/15/2026 19:00,0.0018013711087405682,0.0019313616212457418,0.0,0.0
39003,Allen County,OH,3/15/2026 20:00,0.0019262870482634753,0.002548642549663782,0.0,0.0
39003,Allen County,OH,3/15/2026 21:00,0.0014694940182380378,0.0028249494265764953,0.0,0.0
39003,Allen County,OH,3/15/2026 22:00,0.001480916456785053,0.0023345743771642446,0.0,0.0
39003,Allen County,OH,3/15/2026 23:00,0.001999653351958841,0.0023221480660140514,0.0,0.0
39003,Allen County,OH,3/16/2026 0:00,0.001589551626238972,0.002690410427749157,0.0,0.0
39003,Allen County,OH,3/16/2026 1:00,0.0014922862173989415,0.002596762543544173,0.0,0.0
39003,Allen County,OH,3/16/2026 2:00,0.0023902603425085545,0.002638093792484142,0.0,0.0
39003,Allen County,OH,3/16/2026 3:00,0.0020502503612078726,0.0023366461042314767,0.0,0.0
39003,Allen County,OH,3/16/2026 4:00,0.0019817842403426766,0.0016565710306167603,0.0,0.0
39003,Allen County,OH,3/16/2026 5:00,0.0024937090929597616,0.001402018452063203,0.0,0.0
39003,Allen County,OH,3/16/2026 6:00,0.002207019831985235,0.0013961010379716754,0.0,0.0
39003,Allen County,OH,3/16/2026 7:00,0.002267333591589704,0.0012818092247471214,0.0,0.0
39003,Allen County,OH,3/16/2026 8:00,0.002294814068591222,0.0013263645116239787,0.0,0.0
39003,Allen County,OH,3/16/2026 9:00,0.0015867563197389245,0.0011259714374318719,0.0,0.0
39003,Allen County,OH,3/16/2026 10:00,0.0014746749657206237,0.0,0.0,0.0
39003,Allen County,OH,3/16/2026 11:00,0.001668466706178151,0.0,0.0,0.0
39003,Allen County,OH,3/16/2026 12:00,0.001587311846378725,0.0,0.0,0.0
39003,Allen County,OH,3/16/2026 13:00,0.0014845564583083615,0.0,0.0,0.0
39003,Allen County,OH,3/16/2026 14:00,0.0013639860699186102,0.0,0.0,0.0
39003,Allen County,OH,3/16/2026 15:00,0.0010811974643729627,0.0,0.0,0.0
39003,Allen County,OH,3/16/2026 16:00,0.0010035688828793354,0.0,0.0,0.0
39003,Allen County,OH,3/16/2026 17:00,0.0,0.0,0.0,0.0
39003,Allen County,OH,3/16/2026 18:00,0.0,0.0,0.0,0.0
39003,Allen County,OH,3/16/2026 19:00,0.0,0.0,0.0,0.0
39003,Allen County,OH,3/16/2026 20:00,0.0,0.0,0.0,0.0
39003,Allen County,OH,3/16/2026 21:00,0.0,0.0,0.0,0.0
39003,Allen County,OH,3/16/2026 22:00,0.0,0.0,0.0,0.0
39003,Allen County,OH,3/16/2026 23:00,0.0,0.0,0.0,0.0
39003,Allen County,OH,3/17/2026 0:00,0.0,0.0,0.0,0.0
39003,Allen County,OH,3/17/2026 1:00,0.0,0.0,0.0,0.0
39003,Allen County,OH,3/17/2026 2:00,0.0,0.0,0.0,0.0
39003,Allen County,OH,3/17/2026 3:00,0.0,0.0,0.0,0.0
39003,Allen County,OH,3/17/2026 4:00,0.0,0.0,0.0,0.0
39003,Allen County,OH,3/17/2026 5:00,0.0,0.0,0.0,0.0
39003,Allen County,OH,3/17/2026 6:00,0.0,0.0,0.0,0.0
39003,Allen County,OH,3/17/2026 7:00,0.0,0.0,0.0,0.0
39003,Allen County,OH,3/17/2026 8:00,0.0,0.0,0.0,0.0
39003,Allen County,OH,3/17/2026 9:00,0.0,0.0,0.0,0.0
39003,Allen County,OH,3/17/2026 10:00,0.0,0.0,0.0,0.0
39003,Allen County,OH,3/17/2026 11:00,0.0,0.0,0.0,0.0
39003,Allen County,OH,3/17/2026 12:00,0.0,0.0,0.0,0.0
39003,Allen County,OH,3/17/2026 13:00,0.0,0.0,0.0,0.0
39003,Allen County,OH,3/17/2026 14:00,0.0,0.0,0.0,0.0
39003,Allen County,OH,3/17/2026 15:00,0.0,0.0,0.0,0.0
39003,Allen County,OH,3/17/2026 16:00,0.0,0.0,0.0,0.0
39003,Allen County,OH,3/17/2026 17:00,0.0,0.0,0.0,0.0
39003,Allen County,OH,3/17/2026 18:00,0.0,0.0,0.0,0.0
39003,Allen County,OH,3/17/2026 19:00,0.0,0.0,0.0,0.0
39003,Allen County,OH,3/17/2026 20:00,0.0,0.0,0.0,0.0
39003,Allen County,OH,3/17/2026 21:00,0.0,0.0,0.0,0.0
39003,Allen County,OH,3/17/2026 22:00,0.0,0.0,0.0,0.0
39003,Allen County,OH,3/17/2026 23:00,0.0,0.0,0.0,0.0
39003,Allen County,OH,3/18/2026 0:00,0.0,0.0,0.0,
39003,Allen County,OH,3/18/2026 1:00,0.0,0.0,0.0,
39003,Allen County,OH,3/18/2026 2:00,0.0,0.0,0.0,
39003,Allen County,OH,3/18/2026 3:00,0.0,0.0,0.0,
39003,Allen County,OH,3/18/2026 4:00,0.0,0.0,0.0,
39003,Allen County,OH,3/18/2026 5:00,0.0,0.0,0.0,
39003,Allen County,OH,3/18/2026 6:00,0.0,0.0,0.0,
39003,Allen County,OH,3/18/2026 7:00,0.0,0.0,0.0,
39003,Allen County,OH,3/18/2026 8:00,0.0,0.0,0.0,
39003,Allen County,OH,3/18/2026 9:00,0.0,0.0,0.0,
39003,Allen County,OH,3/18/2026 10:00,0.0,0.0,0.0,
39003,Allen County,OH,3/18/2026 11:00,0.0,0.0,0.0,
39003,Allen County,OH,3/18/2026 12:00,0.0,0.0,0.0,
39003,Allen County,OH,3/18/2026 13:00,0.0,0.0,0.0,
39003,Allen County,OH,3/18/2026 14:00,0.0,0.0,0.0,
39003,Allen County,OH,3/18/2026 15:00,0.0,0.0,0.0,
39003,Allen County,OH,3/18/2026 16:00,0.0,0.0,0.0,
39003,Allen County,OH,3/18/2026 17:00,0.0,0.0,0.0,
39003,Allen County,OH,3/18/2026 18:00,0.0,0.0,0.0,
39003,Allen County,OH,3/18/2026 19:00,0.0,0.0,0.0,
39003,Allen County,OH,3/18/2026 20:00,0.0,0.0,0.0,
39003,Allen County,OH,3/18/2026 21:00,0.0,0.0,0.0,
39003,Allen County,OH,3/18/2026 22:00,0.0,0.0,0.0,
39003,Allen County,OH,3/18/2026 23:00,0.0,0.0,0.0,
39003,Allen County,OH,3/19/2026 0:00,0.0,0.0,,
39003,Allen County,OH,3/19/2026 1:00,0.0,0.0,,
39003,Allen County,OH,3/19/2026 2:00,0.0,0.0,,
39003,Allen County,OH,3/19/2026 3:00,0.0,0.0,,
39003,Allen County,OH,3/19/2026 4:00,0.0,0.0,,
39003,Allen County,OH,3/19/2026 5:00,0.0,0.0,,
39003,Allen County,OH,3/19/2026 6:00,0.0,0.0,,
39003,Allen County,OH,3/19/2026 7:00,0.0,0.0,,
39003,Allen County,OH,3/19/2026 8:00,0.0,0.0,,
39003,Allen County,OH,3/19/2026 9:00,0.0,0.0,,
39003,Allen County,OH,3/19/2026 10:00,0.0,0.0,,
39003,Allen County,OH,3/19/2026 11:00,0.0,0.0,,
39003,Allen County,OH,3/19/2026 12:00,0.0,0.0,,
39003,Allen County,OH,3/19/2026 13:00,0.0,0.0,,
39003,Allen County,OH,3/19/2026 14:00,0.0,0.0,,
39003,Allen County,OH,3/19/2026 15:00,0.0,0.0,,
39003,Allen County,OH,3/19/2026 16:00,0.0,0.0,,
39003,Allen County,OH,3/19/2026 17:00,0.0,0.0,,
39003,Allen County,OH,3/19/2026 18:00,0.0,,,
39003,Allen County,OH,3/19/2026 19:00,0.0,,,
39003,Allen County,OH,3/19/2026 20:00,0.0,,,
39003,Allen County,OH,3/19/2026 21:00,0.0,,,
39003,Allen County,OH,3/19/2026 22:00,0.0,,,
39003,Allen County,OH,3/19/2026 23:00,,,,
39005,Ashland County,OH,3/14/2026 0:00,0.13972264036419801,0.12356334421783685,0.0321923959068954,0.02188910450786352
39005,Ashland County,OH,3/14/2026 1:00,0.12608814012492076,0.11954081691801548,0.03167230519466102,0.017771092616021632
39005,Ashland County,OH,3/14/2026 2:00,0.12423528381623328,0.11106934882700444,0.0317583026830107,0.01913778521120548
39005,Ashland County,OH,3/14/2026 3:00,0.1306960946531035,0.10291322246193886,0.030097377067431808,0.02383158467710018
39005,Ashland County,OH,3/14/2026 4:00,0.1345529444515705,0.09634604416787625,0.029387051332741977,0.021831759996712205
39005,Ashland County,OH,3/14/2026 5:00,0.12200730387121439,0.08851393051445484,0.028396354429423808,0.023251431994140148
39005,Ashland County,OH,3/14/2026 6:00,0.11559537192806602,0.08554147593677044,0.028239441383630038,0.017649071663618086
39005,Ashland County,OH,3/14/2026 7:00,0.10941878007724881,0.08045268543064595,0.027044308511540292,0.022633930202573538
39005,Ashland County,OH,3/14/2026 8:00,0.10110944043844938,0.07601365782320499,0.028839666955173017,0.0286826865747571
39005,Ashland County,OH,3/14/2026 9:00,0.08933268208056688,0.07369231693446636,0.026912960410118102,0.02952699940651655
39005,Ashland County,OH,3/14/2026 10:00,0.08546245563775301,0.06918833553791046,0.02808353346772492,0.023708381503820417
39005,Ashland County,OH,3/14/2026 11:00,0.08312573656439781,0.06900875456631184,0.02681022365577519,0.01988481804728508
39005,Ashland County,OH,3/14/2026 12:00,0.0832319064065814,0.06689140014350414,0.025000945874489845,0.016499763960018753
39005,Ashland County,OH,3/14/2026 13:00,0.07910544308833778,0.06221925159916282,0.02596263834275305,0.014125871704891324
39005,Ashland County,OH,3/14/2026 14:00,0.07603751635178924,0.04622073462232947,0.027674039802514018,0.013542587775737048
39005,Ashland County,OH,3/14/2026 15:00,0.07622154802083969,0.04349506013386417,0.023851248971186578,0.011512538511306047
39005,Ashland County,OH,3/14/2026 16:00,0.07337717059999704,0.03819333167048171,0.027339614043012262,0.009797107544727623
39005,Ashland County,OH,3/14/2026 17:00,0.07063150824978948,0.03573071788996458,0.026900479383766652,0.009544545714743436
39005,Ashland County,OH,3/14/2026 18:00,0.06581328203901649,0.033078065933659674,0.02442687889561057,0.008679804450366646
39005,Ashland County,OH,3/14/2026 19:00,0.05166152399033308,0.03103988477960229,0.017638342903228476,0.007009007968008518
39005,Ashland County,OH,3/14/2026 20:00,0.0489225834608078,0.030675155064091086,0.014774752408266067,0.005352833331562579
39005,Ashland County,OH,3/14/2026 21:00,0.04619618970900774,0.027055057371035217,0.01487973360781325,0.005477356817573309
39005,Ashland County,OH,3/14/2026 22:00,0.043281896971166134,0.02632223698310554,0.013140671327710152,0.005464421934448183
39005,Ashland County,OH,3/14/2026 23:00,0.04288263525813818,0.025023766793310642,0.01219274416216649,0.004912218754179775
39005,Ashland County,OH,3/15/2026 0:00,0.04175398871302605,0.025549844745546578,0.011828058445826174,0.004608825733885169
39005,Ashland County,OH,3/15/2026 1:00,0.04093205649405718,0.024612305499613286,0.01233099423116073,0.004984564473852515
39005,Ashland County,OH,3/15/2026 2:00,0.03555559739470482,0.02460091756656766,0.011984792817384005,0.0043259313562884925
39005,Ashland County,OH,3/15/2026 3:00,0.03692013490945101,0.023576802713796495,0.011723643820732831,0.004106452479027212
39005,Ashland County,OH,3/15/2026 4:00,0.035680864937603474,0.02067163265455747,0.013271039171377197,0.0038385346066206693
39005,Ashland County,OH,3/15/2026 5:00,0.033814601600170135,0.01999873141758144,0.013118390098679811,0.003699271474033594
39005,Ashland County,OH,3/15/2026 6:00,0.03323162719607353,0.02041062481002882,0.012944234546739607,0.0039060408249497413
39005,Ashland County,OH,3/15/2026 7:00,0.03355919010937214,0.021279921382665636,0.014883612236008047,0.004817157913930714
39005,Ashland County,OH,3/15/2026 8:00,0.0314705828204751,0.0230414729565382,0.01521039301296696,0.004715637536719441
39005,Ashland County,OH,3/15/2026 9:00,0.031106910668313503,0.022628159541636706,0.015892631839960814,0.004782895906828344
39005,Ashland County,OH,3/15/2026 10:00,0.031924123875796795,0.02281534168869257,0.01695631705224514,0.004603538033552467
39005,Ashland County,OH,3/15/2026 11:00,0.03394797723740339,0.02250061519443989,0.015365015249699354,0.004175316402688622
39005,Ashland County,OH,3/15/2026 12:00,0.03300755377858877,0.019544265675358476,0.014256416587159038,0.004651443473994732
39005,Ashland County,OH,3/15/2026 13:00,0.03174114879220724,0.016033428348600866,0.010331771499477328,0.004612404783256352
39005,Ashland County,OH,3/15/2026 14:00,0.0324150025844574,0.015148704196326435,0.008547825663117691,0.004171255929395557
39005,Ashland County,OH,3/15/2026 15:00,0.035461464896798134,0.014084367454051972,0.008903764584101737,0.0036184054682962593
39005,Ashland County,OH,3/15/2026 16:00,0.033008893951773643,0.013158181332983077,0.00842633965658024,0.0028611720306798817
39005,Ashland County,OH,3/15/2026 17:00,0.02915777638554573,0.012453528633341194,0.007239547331118956,0.003101061016786843
39005,Ashland County,OH,3/15/2026 18:00,0.023405044339597225,0.011194669222459198,0.006611406071533566,0.0029172946233302355
39005,Ashland County,OH,3/15/2026 19:00,0.02203917782753706,0.010998811502940953,0.0063326742965728045,0.002476035349536687
39005,Ashland County,OH,3/15/2026 20:00,0.019011470954865217,0.010753641068004072,0.005818750604521483,0.002448956342414021
39005,Ashland County,OH,3/15/2026 21:00,0.01754103461280465,0.010990418365690858,0.005890211794758215,0.002562579384539276
39005,Ashland County,OH,3/15/2026 22:00,0.02078765630722046,0.01209450998576358,0.0058029195497510955,0.0
39005,Ashland County,OH,3/15/2026 23:00,0.020714628510177135,0.012364340294152499,0.00531463281949982,0.0
39005,Ashland County,OH,3/16/2026 0:00,0.020699026063084602,0.012075520888902246,0.004345015750732273,0.0
39005,Ashland County,OH,3/16/2026 1:00,0.01996659394353628,0.012012991565279662,0.004089175362605601,0.0
39005,Ashland County,OH,3/16/2026 2:00,0.022070709615945816,0.012904815151705407,0.003720860257453751,0.0
39005,Ashland County,OH,3/16/2026 3:00,0.02217689622193575,0.013422113965498283,0.0030465383140835913,0.002206871681846678
39005,Ashland County,OH,3/16/2026 4:00,0.023340336978435516,0.012871238397201524,0.0034442895048414357,0.001090353075414896
39005,Ashland County,OH,3/16/2026 5:00,0.022676022723317146,0.012676131224725395,0.003205769878695719,0.0
39005,Ashland County,OH,3/16/2026 6:00,0.018530622124671936,0.010956142365466803,0.0031396303693327354,0.0
39005,Ashland County,OH,3/16/2026 7:00,0.019215598702430725,0.009119961998658254,0.0030348562926519663,0.0019763371907174586
39005,Ashland County,OH,3/16/2026 8:00,0.023712722584605217,0.007630939708906226,0.002505785149696749,0.0015656172530725597
39005,Ashland County,OH,3/16/2026 9:00,0.02343512512743473,0.007452498917700723,0.002361786414621747,0.0
39005,Ashland County,OH,3/16/2026 10:00,0.020512175746262074,0.006401083315722644,0.0024449950382404496,0.0
39005,Ashland County,OH,3/16/2026 11:00,0.018954817205667496,0.0061176462448202075,0.002346313334419392,0.0
39005,Ashland County,OH,3/16/2026 12:00,0.016197883058339357,0.005259905074490234,0.001974646158851101,0.0
39005,Ashland County,OH,3/16/2026 13:00,0.014361349865794182,0.004961975838523358,0.0020022556847834492,0.0
39005,Ashland County,OH,3/16/2026 14:00,0.01579164108261466,0.0049117026850581166,0.0019584180030506105,0.0
39005,Ashland County,OH,3/16/2026 15:00,0.011611787602305412,0.004112314223311842,0.0010406179761048406,0.0
39005,Ashland County,OH,3/16/2026 16:00,0.011363545898348093,0.004371381917735562,0.0013332154630916193,0.0
39005,Ashland County,OH,3/16/2026 17:00,0.010087293572723866,0.0038577604398597034,0.0,0.0
39005,Ashland County,OH,3/16/2026 18:00,0.009477735497057438,0.0033092261699493976,0.0,0.0
39005,Ashland County,OH,3/16/2026 19:00,0.008798624854534864,0.0034804292605258524,0.0,0.0
39005,Ashland County,OH,3/16/2026 20:00,0.009599374141544104,0.0031654893129598348,0.0,0.0
39005,Ashland County,OH,3/16/2026 21:00,0.010441313497722149,0.003069843025878072,0.0,0.0
39005,Ashland County,OH,3/16/2026 22:00,0.009047943633049726,0.0027282444527372716,0.0,0.0
39005,Ashland County,OH,3/16/2026 23:00,0.00862769060768187,0.002657512202858925,0.0,0.0
39005,Ashland County,OH,3/17/2026 0:00,0.009376981295645237,0.002569668786600232,0.0,0.0
39005,Ashland County,OH,3/17/2026 1:00,0.01040134602226317,0.0020697872852906583,0.0,0.0
39005,Ashland County,OH,3/17/2026 2:00,0.008116394048556685,0.0020423243753612042,0.0,0.0
39005,Ashland County,OH,3/17/2026 3:00,0.00951781147159636,0.0018134505487978458,0.0,0.0
39005,Ashland County,OH,3/17/2026 4:00,0.009188721189275384,0.0018485562410205602,0.0,0.0
39005,Ashland County,OH,3/17/2026 5:00,0.009361539967358112,0.001723841717466712,0.0,0.0
39005,Ashland County,OH,3/17/2026 6:00,0.009589460445567966,0.0018584338948130607,0.0,0.0
39005,Ashland County,OH,3/17/2026 7:00,0.009046583902090788,0.0018699181266129017,0.0,0.0
39005,Ashland County,OH,3/17/2026 8:00,0.008685056818649173,0.0017035288037732244,0.0,0.0
39005,Ashland County,OH,3/17/2026 9:00,0.008972865529358387,0.002639827923849225,0.0,0.0
39005,Ashland County,OH,3/17/2026 10:00,0.008031404577195644,0.002367340284399688,0.0,0.0
39005,Ashland County,OH,3/17/2026 11:00,0.00750518124550581,0.002037921315059066,0.0,0.0
39005,Ashland County,OH,3/17/2026 12:00,0.005710935918614268,0.0014430603943765164,0.0,0.0
39005,Ashland County,OH,3/17/2026 13:00,0.005880029639229178,0.0013712605577893555,0.0,0.0
39005,Ashland County,OH,3/17/2026 14:00,0.007259270176291466,0.0,0.0,0.0
39005,Ashland County,OH,3/17/2026 15:00,0.006420064019039273,0.0,0.0,0.0
39005,Ashland County,OH,3/17/2026 16:00,0.00625897292047739,0.0,0.0,0.0
39005,Ashland County,OH,3/17/2026 17:00,0.006084134802222252,0.0,0.0,0.0
39005,Ashland County,OH,3/17/2026 18:00,0.004801644827239215,0.0,0.0,0.0
39005,Ashland County,OH,3/17/2026 19:00,0.002162627410143614,0.0,0.0,0.0
39005,Ashland County,OH,3/17/2026 20:00,0.0024032583460211754,0.0,0.0,0.0
39005,Ashland County,OH,3/17/2026 21:00,0.0029715506825596094,0.0,0.0,0.0
39005,Ashland County,OH,3/17/2026 22:00,0.0029868974816054106,0.0,0.0,0.0
39005,Ashland County,OH,3/17/2026 23:00,0.003988734912127256,0.0,0.0,0.0
39005,Ashland County,OH,3/18/2026 0:00,0.0013357599964365363,0.0,0.0,
39005,Ashland County,OH,3/18/2026 1:00,0.0015449542552232742,0.0,0.0,
39005,Ashland County,OH,3/18/2026 2:00,0.0017249570228159428,0.0,0.0,
39005,Ashland County,OH,3/18/2026 3:00,0.0023345754016190767,0.0,0.0,
39005,Ashland County,OH,3/18/2026 4:00,0.0023970548063516617,0.0012658486550208182,0.0,
39005,Ashland County,OH,3/18/2026 5:00,0.0033619620371609926,0.0010015226376708596,0.0,
39005,Ashland County,OH,3/18/2026 6:00,0.0036992181558161974,0.0,0.0,
39005,Ashland County,OH,3/18/2026 7:00,0.0038445820100605488,0.001202219161496032,0.0,
39005,Ashland County,OH,3/18/2026 8:00,0.005769441369920969,0.0,0.0,
39005,Ashland County,OH,3/18/2026 9:00,0.008195089059881866,0.0,0.0,
39005,Ashland County,OH,3/18/2026 10:00,0.007317769806832075,0.0,0.0,
39005,Ashland County,OH,3/18/2026 11:00,0.005095440894365311,0.0,0.0,
39005,Ashland County,OH,3/18/2026 12:00,0.005381035734899342,0.0,0.0,
39005,Ashland County,OH,3/18/2026 13:00,0.0027917970437556505,0.0,0.0,
39005,Ashland County,OH,3/18/2026 14:00,0.003046690719202161,0.0,0.0,
39005,Ashland County,OH,3/18/2026 15:00,0.002749426756054163,0.0,0.0,
39005,Ashland County,OH,3/18/2026 16:00,0.002471333835273981,0.0,0.0,
39005,Ashland County,OH,3/18/2026 17:00,0.0028744572773575783,0.0,0.0,
39005,Ashland County,OH,3/18/2026 18:00,0.002305542351678014,0.0,0.0,
39005,Ashland County,OH,3/18/2026 19:00,0.0020177080295979977,0.0,0.0,
39005,Ashland County,OH,3/18/2026 20:00,0.0023420832585543394,0.0,0.0,
39005,Ashland County,OH,3/18/2026 21:00,0.0028432852122932673,0.0,0.0,
39005,Ashland County,OH,3/18/2026 22:00,0.003461567685008049,0.0,0.0,
39005,Ashland County,OH,3/18/2026 23:00,0.002901773201301694,0.0,0.0,
39005,Ashland County,OH,3/19/2026 0:00,0.0,0.0,,
39005,Ashland County,OH,3/19/2026 1:00,0.0013888132525607944,0.0,,
39005,Ashland County,OH,3/19/2026 2:00,0.0016132035525515676,0.0,,
39005,Ashland County,OH,3/19/2026 3:00,0.002124062506482005,0.0,,
39005,Ashland County,OH,3/19/2026 4:00,0.0032793807331472635,0.0,,
39005,Ashland County,OH,3/19/2026 5:00,0.001866047503426671,0.0,,
39005,Ashland County,OH,3/19/2026 6:00,0.0024162260815501213,0.0,,
39005,Ashland County,OH,3/19/2026 7:00,0.001880524680018425,0.0,,
39005,Ashland County,OH,3/19/2026 8:00,0.0026252625975757837,0.0,,
39005,Ashland County,OH,3/19/2026 9:00,0.0028385610785335302,0.0,,
39005,Ashland County,OH,3/19/2026 10:00,0.0016546269180253148,0.0,,
39005,Ashland County,OH,3/19/2026 11:00,0.0,0.0,,
39005,Ashland County,OH,3/19/2026 12:00,0.0,0.0,,
39005,Ashland County,OH,3/19/2026 13:00,0.0,0.0,,
39005,Ashland County,OH,3/19/2026 14:00,0.0,0.0,,
39005,Ashland County,OH,3/19/2026 15:00,0.0,0.0,,
39005,Ashland County,OH,3/19/2026 16:00,0.0,0.0,,
39005,Ashland County,OH,3/19/2026 17:00,0.0,0.0,,
39005,Ashland County,OH,3/19/2026 18:00,0.0,,,
39005,Ashland County,OH,3/19/2026 19:00,0.0,,,
39005,Ashland County,OH,3/19/2026 20:00,0.0,,,
39005,Ashland County,OH,3/19/2026 21:00,0.0,,,
39005,Ashland County,OH,3/19/2026 22:00,0.0,,,
39005,Ashland County,OH,3/19/2026 23:00,,,,
39007,Ashtabula County,OH,3/14/2026 0:00,0.05132785742171109,0.05585079342126846,0.009694225294515491,0.018325426778756083
39007,Ashtabula County,OH,3/14/2026 1:00,0.06283587776124477,0.053462425246834755,0.009122736897552386,0.018513358826749027
39007,Ashtabula County,OH,3/14/2026 2:00,0.06539406348019838,0.04859756538644433,0.008214831443910952,0.016329644527286292
39007,Ashtabula County,OH,3/14/2026 3:00,0.060916049405932426,0.046940607577562334,0.007776474626734853,0.015260771824978292
39007,Ashtabula County,OH,3/14/2026 4:00,0.061043862253427505,0.04094006884843111,0.00797936390445102,0.0150728780310601
39007,Ashtabula County,OH,3/14/2026 5:00,0.06338242627680302,0.03857517708092928,0.006957498175324872,0.015590484463609755
39007,Ashtabula County,OH,3/14/2026 6:00,0.06973405554890633,0.03742155954241753,0.006945427242317237,0.014471047150436789
39007,Ashtabula County,OH,3/14/2026 7:00,0.07259739190340042,0.034209885820746425,0.007164714217651635,0.01558520297985524
39007,Ashtabula County,OH,3/14/2026 8:00,0.07128281891345978,0.0349925808608532,0.008042528931400738,0.01647641840390861
39007,Ashtabula County,OH,3/14/2026 9:00,0.06135908141732216,0.028951536770910023,0.007838627690216527,0.014214893709868193
39007,Ashtabula County,OH,3/14/2026 10:00,0.060359738767147064,0.02327174509409815,0.008917331653356087,0.013282578228972853
39007,Ashtabula County,OH,3/14/2026 11:00,0.049899179488420486,0.021016458980739117,0.008814922132296487,0.012764936336316169
39007,Ashtabula County,OH,3/14/2026 12:00,0.04507871437817812,0.018594036460854113,0.009917383058927953,0.011915301473345607
39007,Ashtabula County,OH,3/14/2026 13:00,0.03910292778164148,0.01694840241689235,0.007986543455626816,0.010175359231652692
39007,Ashtabula County,OH,3/14/2026 14:00,0.03799318615347147,0.013957440247759223,0.007254944532178342,0.009271294780774042
39007,Ashtabula County,OH,3/14/2026 15:00,0.03288521431386471,0.013927927671466023,0.012640851724427193,0.007954637221700978
39007,Ashtabula County,OH,3/14/2026 16:00,0.029760082252323627,0.012417464118334465,0.014166813655174337,0.007487900828709826
39007,Ashtabula County,OH,3/14/2026 17:00,0.025142337195575237,0.01164262581442017,0.016281720874030726,0.006967609387356788
39007,Ashtabula County,OH,3/14/2026 18:00,0.024858166463673115,0.010417556611355395,0.01670121985953301,0.007090580544900149
39007,Ashtabula County,OH,3/14/2026 19:00,0.025256755761802197,0.009760815661866217,0.01751089266472263,0.006068946525920183
39007,Ashtabula County,OH,3/14/2026 20:00,0.024109714664518833,0.009394063544459642,0.016371610783971847,0.0054464805114548655
39007,Ashtabula County,OH,3/14/2026 21:00,0.022326289676129818,0.009248863952234388,0.017300528823398054,0.004868405003799125
39007,Ashtabula County,OH,3/14/2026 22:00,0.018096163868904114,0.00961535139940679,0.01860109077533707,0.0047120954026468095
39007,Ashtabula County,OH,3/14/2026 23:00,0.012504833517596126,0.00981211019679904,0.018685088912025093,0.004671948170289398
39007,Ashtabula County,OH,3/15/2026 0:00,0.010321255365852267,0.009143912233412266,0.018248553643934427,0.003875488578341901
39007,Ashtabula County,OH,3/15/2026 1:00,0.009378766728332266,0.009326022071763872,0.017879288154654206,0.003302335215266794
39007,Ashtabula County,OH,3/15/2026 2:00,0.010022616130299866,0.009725895989686251,0.01657133747357875,0.003635651498916559
39007,Ashtabula County,OH,3/15/2026 3:00,0.009532932337606326,0.009378792298957706,0.01654877355322242,0.0033384350273991
39007,Ashtabula County,OH,3/15/2026 4:00,0.011245526606217027,0.010053354920819402,0.016390379657968877,0.002898699205252342
39007,Ashtabula County,OH,3/15/2026 5:00,0.010299053508788347,0.010354757728055119,0.015765974763780832,0.0027039117368985897
39007,Ashtabula County,OH,3/15/2026 6:00,0.009204528236296028,0.009643559367395938,0.015226541319862008,0.0029267002042615785
39007,Ashtabula County,OH,3/15/2026 7:00,0.00955467129824683,0.010565720498561859,0.015163345308974386,0.0031542117794742808
39007,Ashtabula County,OH,3/15/2026 8:00,0.012842885684221983,0.010601753182709218,0.015505352849140763,0.003430571866920218
39007,Ashtabula County,OH,3/15/2026 9:00,0.014504004269838333,0.014502006070688366,0.013980207149870694,0.0037018904462456704
39007,Ashtabula County,OH,3/15/2026 10:00,0.011456717387773097,0.01641796613112092,0.011181375198066234,0.0034967448329553006
39007,Ashtabula County,OH,3/15/2026 11:00,0.010548693942837417,0.017174208629876377,0.011202748562209309,0.0033329548547044396
39007,Ashtabula County,OH,3/15/2026 12:00,0.010648257564753294,0.01670636227354407,0.009653117333073169,0.0035476340912282468
39007,Ashtabula County,OH,3/15/2026 13:00,0.012725275242701173,0.017812288366258144,0.008904863940551877,0.0038285552291199565
39007,Ashtabula County,OH,3/15/2026 14:00,0.018367891665548086,0.019176753610372542,0.008193157735513523,0.003210863855201751
39007,Ashtabula County,OH,3/15/2026 15:00,0.019978823605924845,0.020942601561546325,0.0079462616937235,0.0026148987177293747
39007,Ashtabula County,OH,3/15/2026 16:00,0.023779056500643492,0.020526093803346156,0.006734926672652364,0.002080023524467833
39007,Ashtabula County,OH,3/15/2026 17:00,0.02594889234751463,0.020585229620337486,0.006545328139327467,0.0018482044048141687
39007,Ashtabula County,OH,3/15/2026 18:00,0.028394815512001514,0.022164322063326837,0.00547737356973812,0.001393997912236955
39007,Ashtabula County,OH,3/15/2026 19:00,0.02604060433804989,0.019821012020111085,0.005375959241064265,0.0
39007,Ashtabula County,OH,3/15/2026 20:00,0.027942760847508907,0.019591665640473366,0.004229673511872534,0.0
39007,Ashtabula County,OH,3/15/2026 21:00,0.026776672340929508,0.018512836098670958,0.003559643316839356,0.0
39007,Ashtabula County,OH,3/15/2026 22:00,0.02470607915893197,0.018009736947715283,0.0038266527553787455,0.0
39007,Ashtabula County,OH,3/15/2026 23:00,0.023505960125476122,0.01573333777487278,0.003537974096252583,0.0
39007,Ashtabula County,OH,3/16/2026 0:00,0.022316180635243654,0.01539107710123062,0.0036288464019889944,0.0
39007,Ashtabula County,OH,3/16/2026 1:00,0.021110911387950182,0.015048905555158854,0.002622505306499079,0.0
39007,Ashtabula County,OH,3/16/2026 2:00,0.020857898984104395,0.01580325923860073,0.0026937598471704406,0.0
39007,Ashtabula County,OH,3/16/2026 3:00,0.02194715477526188,0.014409391209483147,0.0021240881163976156,0.0
39007,Ashtabula County,OH,3/16/2026 4:00,0.022197408601641655,0.012599995452910661,0.002090525116000208,0.0
39007,Ashtabula County,OH,3/16/2026 5:00,0.021489440463483334,0.011878588376566768,0.0018112943653250113,0.0
39007,Ashtabula County,OH,3/16/2026 6:00,0.01851949840784073,0.010606487980112433,0.001678604813059792,0.0
39007,Ashtabula County,OH,3/16/2026 7:00,0.016329614678397775,0.009584014804568141,0.0018190578761277721,0.0
39007,Ashtabula County,OH,3/16/2026 8:00,0.016800954472273588,0.008862968580797315,0.0018295457906788216,0.0
39007,Ashtabula County,OH,3/16/2026 9:00,0.01928217150270939,0.007621200603898615,0.0017700532742310315,0.0
39007,Ashtabula County,OH,3/16/2026 10:00,0.015825627371668816,0.006503804214298725,0.0016596230532741174,0.0
39007,Ashtabula County,OH,3/16/2026 11:00,0.014462790451943874,0.006423686443304178,0.0015496805950533598,0.0
39007,Ashtabula County,OH,3/16/2026 12:00,0.013178098713979125,0.005766310391481966,0.0,0.0017526532275951468
39007,Ashtabula County,OH,3/16/2026 13:00,0.011680623283609748,0.005994676921181963,0.0,0.0011871168808511357
39007,Ashtabula County,OH,3/16/2026 14:00,0.007984154974110425,0.0054343333700671795,0.001205104758264497,0.002010977567260852
39007,Ashtabula County,OH,3/16/2026 15:00,0.007029908447293565,0.005044743401231244,0.0,0.0
39007,Ashtabula County,OH,3/16/2026 16:00,0.006424237684768741,0.004826156474882737,0.0013365960505325348,0.0
39007,Ashtabula County,OH,3/16/2026 17:00,0.00571103972470155,0.004526371421525255,0.0,0.0
39007,Ashtabula County,OH,3/16/2026 18:00,0.005841426027473062,0.004115535860182718,0.0,0.0
39007,Ashtabula County,OH,3/16/2026 19:00,0.005267156432637421,0.004333970033985679,0.0,0.0
39007,Ashtabula County,OH,3/16/2026 20:00,0.004866842820774764,0.004033114493358881,0.0,0.0
39007,Ashtabula County,OH,3/16/2026 21:00,0.0044491681328509,0.0038688026601448656,0.0,0.0
39007,Ashtabula County,OH,3/16/2026 22:00,0.0043237794016022235,0.0032373375084716826,0.0,0.0
39007,Ashtabula County,OH,3/16/2026 23:00,0.0042924243316520005,0.0030940742348320783,0.0,0.0
39007,Ashtabula County,OH,3/17/2026 0:00,0.004334908331316001,0.003235666686668992,0.0,0.0
39007,Ashtabula County,OH,3/17/2026 1:00,0.00429247529245913,0.003293026541359723,0.0,0.0
39007,Ashtabula County,OH,3/17/2026 2:00,0.004490549326874316,0.00343172091525048,0.0,0.0
39007,Ashtabula County,OH,3/17/2026 3:00,0.005177479470148683,0.0029942902008770035,0.0,0.0
39007,Ashtabula County,OH,3/17/2026 4:00,0.0035462796222418547,0.0026839996920898558,0.0,0.0
39007,Ashtabula County,OH,3/17/2026 5:00,0.003441088425461203,0.002387177123455331,0.0,0.0
39007,Ashtabula County,OH,3/17/2026 6:00,0.004040940199047327,0.0022382164432201536,0.0,0.0
39007,Ashtabula County,OH,3/17/2026 7:00,0.0038328353548422456,0.0022560238256119193,0.0,0.0
39007,Ashtabula County,OH,3/17/2026 8:00,0.004521975410170853,0.0020398279186338185,0.0,0.0
39007,Ashtabula County,OH,3/17/2026 9:00,0.003990348195657134,0.0016395766288042068,0.0,0.0
39007,Ashtabula County,OH,3/17/2026 10:00,0.003466842812485993,0.0016265317797660827,0.0,0.0
39007,Ashtabula County,OH,3/17/2026 11:00,0.0029361482011154294,0.0014097429753746837,0.0,0.0
39007,Ashtabula County,OH,3/17/2026 12:00,0.002607909234939143,0.0010609368386212737,0.0,0.0
39007,Ashtabula County,OH,3/17/2026 13:00,0.0022560977158718742,0.0,0.0,0.0
39007,Ashtabula County,OH,3/17/2026 14:00,0.0017103958198276814,0.0,0.0,0.0
39007,Ashtabula County,OH,3/17/2026 15:00,0.0017768202560546342,0.0,0.0,0.0
39007,Ashtabula County,OH,3/17/2026 16:00,0.001535497940494679,0.0,0.0,0.0
39007,Ashtabula County,OH,3/17/2026 17:00,0.0011948010433115996,0.0,0.0,0.0
39007,Ashtabula County,OH,3/17/2026 18:00,0.0,0.0,0.0,0.0
39007,Ashtabula County,OH,3/17/2026 19:00,0.0,0.001195917621953413,0.0,0.0
39007,Ashtabula County,OH,3/17/2026 20:00,0.0011067414743592963,0.0,0.0,0.0
39007,Ashtabula County,OH,3/17/2026 21:00,0.0,0.0,0.0,0.0
39007,Ashtabula County,OH,3/17/2026 22:00,0.0,0.0,0.0,0.0
39007,Ashtabula County,OH,3/17/2026 23:00,0.0,0.001191316795302555,0.0,0.0
39007,Ashtabula County,OH,3/18/2026 0:00,0.0013621108519146219,0.0,0.0,
39007,Ashtabula County,OH,3/18/2026 1:00,0.0,0.0,0.0,
39007,Ashtabula County,OH,3/18/2026 2:00,0.0,0.001272716943640262,0.0,
39007,Ashtabula County,OH,3/18/2026 3:00,0.0,0.0011922938749194146,0.0,
39007,Ashtabula County,OH,3/18/2026 4:00,0.0010542078671278432,0.0019273044541478156,0.0,
39007,Ashtabula County,OH,3/18/2026 5:00,0.0,0.0030294072115793825,0.0,
39007,Ashtabula County,OH,3/18/2026 6:00,0.0,0.0033947405696380883,0.0,
39007,Ashtabula County,OH,3/18/2026 7:00,0.0014227704959921539,0.0025003729591844604,0.0,
39007,Ashtabula County,OH,3/18/2026 8:00,0.0014690417738165706,0.0028944783844053745,0.0,
39007,Ashtabula County,OH,3/18/2026 9:00,0.002096631535096094,0.0017244973409106024,0.0,
39007,Ashtabula County,OH,3/18/2026 10:00,0.0031004364536784124,0.0020074814005056397,0.0,
39007,Ashtabula County,OH,3/18/2026 11:00,0.003540913930919487,0.0012919596309075132,0.0,
39007,Ashtabula County,OH,3/18/2026 12:00,0.0027936424885410815,0.0,0.0,
39007,Ashtabula County,OH,3/18/2026 13:00,0.0032491683086846024,0.0,0.0,
39007,Ashtabula County,OH,3/18/2026 14:00,0.002021427237195894,0.0,0.0,
39007,Ashtabula County,OH,3/18/2026 15:00,0.002311746618943289,0.0,0.0,
39007,Ashtabula County,OH,3/18/2026 16:00,0.001773667725501582,0.0,0.0,
39007,Ashtabula County,OH,3/18/2026 17:00,0.0,0.0010154659787076526,0.0,
39007,Ashtabula County,OH,3/18/2026 18:00,0.0,0.0,0.0,
39007,Ashtabula County,OH,3/18/2026 19:00,0.0,0.0,0.0,
39007,Ashtabula County,OH,3/18/2026 20:00,0.0,0.0,0.0,
39007,Ashtabula County,OH,3/18/2026 21:00,0.0,0.0,0.0,
39007,Ashtabula County,OH,3/18/2026 22:00,0.0014703816268593073,0.0,0.0,
39007,Ashtabula County,OH,3/18/2026 23:00,0.0014303683710750192,0.0,0.0,
39007,Ashtabula County,OH,3/19/2026 0:00,0.0,0.0,,
39007,Ashtabula County,OH,3/19/2026 1:00,0.0,0.0,,
39007,Ashtabula County,OH,3/19/2026 2:00,0.0,0.0,,
39007,Ashtabula County,OH,3/19/2026 3:00,0.0,0.0,,
39007,Ashtabula County,OH,3/19/2026 4:00,0.0,0.0,,
39007,Ashtabula County,OH,3/19/2026 5:00,0.0,0.0,,
39007,Ashtabula County,OH,3/19/2026 6:00,0.0,0.0,,
39007,Ashtabula County,OH,3/19/2026 7:00,0.0,0.0,,
39007,Ashtabula County,OH,3/19/2026 8:00,0.0,0.0,,
39007,Ashtabula County,OH,3/19/2026 9:00,0.0,0.0,,
39007,Ashtabula County,OH,3/19/2026 10:00,0.0,0.0,,
39007,Ashtabula County,OH,3/19/2026 11:00,0.0,0.0,,
39007,Ashtabula County,OH,3/19/2026 12:00,0.0,0.0,,
39007,Ashtabula County,OH,3/19/2026 13:00,0.0,0.0,,
39007,Ashtabula County,OH,3/19/2026 14:00,0.0,0.0,,
39007,Ashtabula County,OH,3/19/2026 15:00,0.0,0.0,,
39007,Ashtabula County,OH,3/19/2026 16:00,0.0,0.0,,
39007,Ashtabula County,OH,3/19/2026 17:00,0.0,0.0,,
39007,Ashtabula County,OH,3/19/2026 18:00,0.0,,,
39007,Ashtabula County,OH,3/19/2026 19:00,0.0,,,
39007,Ashtabula County,OH,3/19/2026 20:00,0.0,,,
39007,Ashtabula County,OH,3/19/2026 21:00,0.0,,,
39007,Ashtabula County,OH,3/19/2026 22:00,0.0,,,
39007,Ashtabula County,OH,3/19/2026 23:00,,,,
39009,Athens County,OH,3/14/2026 0:00,0.005620094918413088,0.0027235883288085462,0.0,0.0012521804485004396
39009,Athens County,OH,3/14/2026 1:00,0.0030371574393939227,0.0023818691959604623,0.0,0.0017365186387905851
39009,Athens County,OH,3/14/2026 2:00,0.002722806719248183,0.0023656799690797924,0.0,0.0014985061818151735
39009,Athens County,OH,3/14/2026 3:00,0.002347801608266309,0.0021561149507761,0.0,0.001321233312773984
39009,Athens County,OH,3/14/2026 4:00,0.002564706257544458,0.002308650338090956,0.0,0.0018354751737206243
39009,Athens County,OH,3/14/2026 5:00,0.002218092959083151,0.0018690638127736748,0.0,0.0020959948655217887
39009,Athens County,OH,3/14/2026 6:00,0.002361728504183702,0.0017282281944062561,0.0,0.0019762178359087556
39009,Athens County,OH,3/14/2026 7:00,0.002893657481763512,0.0015580771956592797,0.0,0.002422771998681128
39009,Athens County,OH,3/14/2026 8:00,0.00224220693053212,0.0,0.0,0.002601788437459618
39009,Athens County,OH,3/14/2026 9:00,0.0026008515269495547,0.0,0.0,0.0028254187986021862
39009,Athens County,OH,3/14/2026 10:00,0.001657952270761598,0.0011193062364327488,0.0,0.0024678448564372955
39009,Athens County,OH,3/14/2026 11:00,0.002041193045442924,0.0,0.0,0.0020160350104561076
39009,Athens County,OH,3/14/2026 12:00,0.0017983548168558627,0.0,0.0,0.002119637987925671
39009,Athens County,OH,3/14/2026 13:00,0.0,0.0,0.0018011604246567004,0.001719966423115693
39009,Athens County,OH,3/14/2026 14:00,0.0,0.0,0.0021251601583571755,0.001745236861461308
39009,Athens County,OH,3/14/2026 15:00,0.0010748612148745451,0.0,0.0027681669860612603,0.001213543575431686
39009,Athens County,OH,3/14/2026 16:00,0.0,0.0,0.002691040721038007,0.0
39009,Athens County,OH,3/14/2026 17:00,0.0,0.0,0.0025835225053015163,0.0
39009,Athens County,OH,3/14/2026 18:00,0.0,0.0,0.002684653025062289,0.0015570427232887596
39009,Athens County,OH,3/14/2026 19:00,0.0,0.0,0.0029050377022940667,0.0021964720624964686
39009,Athens County,OH,3/14/2026 20:00,0.0,0.0,0.002147958366549574,0.002627018844941631
39009,Athens County,OH,3/14/2026 21:00,0.0,0.0,0.0015911453461740165,0.0028206628223415462
39009,Athens County,OH,3/14/2026 22:00,0.0,0.0,0.0,0.002277333190431818
39009,Athens County,OH,3/14/2026 23:00,0.0,0.0,0.0017827122996095569,0.0022852525697089733
39009,Athens County,OH,3/15/2026 0:00,0.0,0.0,0.0018649923775228671,0.0024678774236235766
39009,Athens County,OH,3/15/2026 1:00,0.0,0.0,0.0018229702676762828,0.0016857396636623888
39009,Athens County,OH,3/15/2026 2:00,0.0,0.0,0.0,0.0014894643129082397
39009,Athens County,OH,3/15/2026 3:00,0.0,0.0,0.0,0.0
39009,Athens County,OH,3/15/2026 4:00,0.0,0.0,0.0,0.0
39009,Athens County,OH,3/15/2026 5:00,0.0,0.0,0.0019189114158507437,0.0
39009,Athens County,OH,3/15/2026 6:00,0.0,0.00110708772263024,0.0015835667494684459,0.0
39009,Athens County,OH,3/15/2026 7:00,0.0,0.0016494549694471062,0.00161692307156045,0.0
39009,Athens County,OH,3/15/2026 8:00,0.0,0.0016036537475883962,0.00342812828021124,0.0
39009,Athens County,OH,3/15/2026 9:00,0.0017978635150939226,0.001628780842293054,0.002619900813806453,0.0
39009,Athens County,OH,3/15/2026 10:00,0.002808811143040657,0.0017281450796872377,0.002227908371423837,0.0
39009,Athens County,OH,3/15/2026 11:00,0.0,0.001742450788151473,0.0017208213903359137,0.0
39009,Athens County,OH,3/15/2026 12:00,0.001811656606150791,0.0017153388704173266,0.0018342770039453172,0.0
39009,Athens County,OH,3/15/2026 13:00,0.0,0.002106292647658847,0.0,0.0
39009,Athens County,OH,3/15/2026 14:00,0.0,0.002302804167266004,0.0,0.0
39009,Athens County,OH,3/15/2026 15:00,0.0011770962446462363,0.0015341860736953095,0.0,0.0
39009,Athens County,OH,3/15/2026 16:00,0.0011175451218150556,0.0011445017764344812,0.0,0.0
39009,Athens County,OH,3/15/2026 17:00,0.0016721208667149767,0.001142871310003102,0.0,0.0
39009,Athens County,OH,3/15/2026 18:00,0.0027784539852291346,0.001261020259698853,0.001608582105836831,0.0
39009,Athens County,OH,3/15/2026 19:00,0.0022850088716950268,0.0014439664082601666,0.0023126845313527155,0.0
39009,Athens County,OH,3/15/2026 20:00,0.00219746888615191,0.0011190097109647467,0.0033430088507884646,0.0
39009,Athens County,OH,3/15/2026 21:00,0.002323438529856503,0.0,0.0046472487527353225,0.0
39009,Athens County,OH,3/15/2026 22:00,0.0019425353966653347,0.0015240514127071946,0.005000218492932617,0.0
39009,Athens County,OH,3/15/2026 23:00,0.001387496380630182,0.00276796102989465,0.0056846086983568965,0.0
39009,Athens County,OH,3/16/2026 0:00,0.002055213728453964,0.0023986827407497914,0.00578122646547854,0.0
39009,Athens County,OH,3/16/2026 1:00,0.0015390117769129574,0.0027431232621893285,0.007255870010703802,0.0
39009,Athens County,OH,3/16/2026 2:00,0.0,0.0038614197168499232,0.003387876262422651,0.0
39009,Athens County,OH,3/16/2026 3:00,0.0018256340990774333,0.0030598227109294384,0.003448067873250693,0.0
39009,Athens County,OH,3/16/2026 4:00,0.00381635595113039,0.0033020170638337733,0.0023652702308027073,0.0
39009,Athens County,OH,3/16/2026 5:00,0.003453072626143694,0.002392542036250234,0.001703188952524215,0.0
39009,Athens County,OH,3/16/2026 6:00,0.004119268152862787,0.0022926746285520496,0.0019879677216522395,0.0
39009,Athens County,OH,3/16/2026 7:00,0.0054195469710975885,0.002099894516868517,0.0023193897592136636,0.0
39009,Athens County,OH,3/16/2026 8:00,0.005890172673389316,0.0016428211471065878,0.001784884687003796,0.0
39009,Athens County,OH,3/16/2026 9:00,0.005455499282106757,0.002029574615880847,0.0012690654781181364,0.0
39009,Athens County,OH,3/16/2026 10:00,0.004375781863927841,0.0013336523901671172,0.0,0.007544839358888566
39009,Athens County,OH,3/16/2026 11:00,0.0026113356288988143,0.0018860186683014035,0.0,0.03357787975110114
39009,Athens County,OH,3/16/2026 12:00,0.0021205321081652073,0.0020180231891572475,0.0,0.010678064823150634
39009,Athens County,OH,3/16/2026 13:00,0.0015504482726100832,0.0021755895111709835,0.0,0.0
39009,Athens County,OH,3/16/2026 14:00,0.0018793918188748648,0.0028129894053563476,0.001715322397649288,0.0
39009,Athens County,OH,3/16/2026 15:00,0.0020853561582043767,0.003869224060326815,0.0,0.0
39009,Athens County,OH,3/16/2026 16:00,0.004011857439763844,0.004104221006855369,0.0,0.0024317098082974552
39009,Athens County,OH,3/16/2026 17:00,0.0043143139919266105,0.0034333278657868505,0.0,0.0
39009,Athens County,OH,3/16/2026 18:00,0.0051794403698295355,0.0035918995272368193,0.0,0.0
39009,Athens County,OH,3/16/2026 19:00,0.005230538547039032,0.002716795215383172,0.0,0.0
39009,Athens County,OH,3/16/2026 20:00,0.007126427022740245,0.0023504218785092234,0.0,0.0
39009,Athens County,OH,3/16/2026 21:00,0.006312297657132149,0.0017435834161005914,0.0,0.0
39009,Athens County,OH,3/16/2026 22:00,0.00667166686616838,0.0015168740006629377,0.0,0.0
39009,Athens County,OH,3/16/2026 23:00,0.005172234261408448,0.0014275267603807151,0.0,0.0
39009,Athens County,OH,3/17/2026 0:00,0.003078383451793343,0.0016143739456310868,0.0,0.0
39009,Athens County,OH,3/17/2026 1:00,0.0027364303241483867,0.0014947939373087138,0.0,0.0
39009,Athens County,OH,3/17/2026 2:00,0.0037379912100732327,0.0011744898903998547,0.0,0.0
39009,Athens County,OH,3/17/2026 3:00,0.003036918235011399,0.0010347697592806072,0.0,0.0
39009,Athens County,OH,3/17/2026 4:00,0.0028449989622458816,0.0,0.0,0.0
39009,Athens County,OH,3/17/2026 5:00,0.001596122921910137,0.0,0.0,0.0
39009,Athens County,OH,3/17/2026 6:00,0.0022615307825617492,0.0,0.0,0.0
39009,Athens County,OH,3/17/2026 7:00,0.002408821019344032,0.0,0.0,0.0
39009,Athens County,OH,3/17/2026 8:00,0.0030584060586988926,0.0,0.0,0.0
39009,Athens County,OH,3/17/2026 9:00,0.0016021582996472716,0.0,0.0,0.0
39009,Athens County,OH,3/17/2026 10:00,0.0010517070768401027,0.0,0.0010284168645739555,0.0
39009,Athens County,OH,3/17/2026 11:00,0.001782506937161088,0.0,0.04402864873409271,0.0
39009,Athens County,OH,3/17/2026 12:00,0.0,0.0,0.008482063841074704,0.0
39009,Athens County,OH,3/17/2026 13:00,0.0,0.0,0.0,0.0
39009,Athens County,OH,3/17/2026 14:00,0.0,0.0,0.0,0.0
39009,Athens County,OH,3/17/2026 15:00,0.0,0.0,0.0,0.0
39009,Athens County,OH,3/17/2026 16:00,0.0,0.0,0.0,0.0
39009,Athens County,OH,3/17/2026 17:00,0.0,0.0,0.0,0.0
39009,Athens County,OH,3/17/2026 18:00,0.0,0.0,0.0,0.0
39009,Athens County,OH,3/17/2026 19:00,0.0,0.0,0.0,0.0
39009,Athens County,OH,3/17/2026 20:00,0.0,0.0,0.0,0.0
39009,Athens County,OH,3/17/2026 21:00,0.0,0.0,0.0,0.0
39009,Athens County,OH,3/17/2026 22:00,0.0,0.0,0.0,0.0
39009,Athens County,OH,3/17/2026 23:00,0.0,0.0,0.0,0.0
39009,Athens County,OH,3/18/2026 0:00,0.0,0.0,0.0,
39009,Athens County,OH,3/18/2026 1:00,0.0,0.0,0.0,
39009,Athens County,OH,3/18/2026 2:00,0.0,0.0,0.0,
39009,Athens County,OH,3/18/2026 3:00,0.0,0.0010511805303394794,0.0,
39009,Athens County,OH,3/18/2026 4:00,0.0,0.00601704022847116,0.0,
39009,Athens County,OH,3/18/2026 5:00,0.0,0.00678828083910048,0.0,
39009,Athens County,OH,3/18/2026 6:00,0.0,0.0053961484925821425,0.0,
39009,Athens County,OH,3/18/2026 7:00,0.0,0.00337362214922905,0.0,
39009,Athens County,OH,3/18/2026 8:00,0.0012365791480988264,0.0026233522221446037,0.0,
39009,Athens County,OH,3/18/2026 9:00,0.0033948897616937757,0.0,0.0,
39009,Athens County,OH,3/18/2026 10:00,0.004871557001024485,0.0,0.0,
39009,Athens County,OH,3/18/2026 11:00,0.004192930064164102,0.0,0.0,
39009,Athens County,OH,3/18/2026 12:00,0.0013180657988414168,0.0,0.0,
39009,Athens County,OH,3/18/2026 13:00,0.0,0.0,0.0,
39009,Athens County,OH,3/18/2026 14:00,0.0011210525408387184,0.0,0.0,
39009,Athens County,OH,3/18/2026 15:00,0.0,0.0,0.0,
39009,Athens County,OH,3/18/2026 16:00,0.0,0.0,0.0,
39009,Athens County,OH,3/18/2026 17:00,0.0,0.0,0.0,
39009,Athens County,OH,3/18/2026 18:00,0.0,0.0,0.0,
39009,Athens County,OH,3/18/2026 19:00,0.0,0.0,0.0,
39009,Athens County,OH,3/18/2026 20:00,0.0,0.0,0.0,
39009,Athens County,OH,3/18/2026 21:00,0.0,0.0,0.0,
39009,Athens County,OH,3/18/2026 22:00,0.0,0.0,0.0,
39009,Athens County,OH,3/18/2026 23:00,0.0,0.0,0.0,
39009,Athens County,OH,3/19/2026 0:00,0.0,0.0,,
39009,Athens County,OH,3/19/2026 1:00,0.0,0.0,,
39009,Athens County,OH,3/19/2026 2:00,0.0,0.0,,
39009,Athens County,OH,3/19/2026 3:00,0.0,0.0,,
39009,Athens County,OH,3/19/2026 4:00,0.0,0.0,,
39009,Athens County,OH,3/19/2026 5:00,0.0,0.0,,
39009,Athens County,OH,3/19/2026 6:00,0.0,0.0,,
39009,Athens County,OH,3/19/2026 7:00,0.0,0.0,,
39009,Athens County,OH,3/19/2026 8:00,0.0,0.0,,
39009,Athens County,OH,3/19/2026 9:00,0.0,0.0,,
39009,Athens County,OH,3/19/2026 10:00,0.0,0.0,,
39009,Athens County,OH,3/19/2026 11:00,0.0,0.0,,
39009,Athens County,OH,3/19/2026 12:00,0.0,0.0,,
39009,Athens County,OH,3/19/2026 13:00,0.0,0.0,,
39009,Athens County,OH,3/19/2026 14:00,0.0,0.0,,
39009,Athens County,OH,3/19/2026 15:00,0.0,0.0,,
39009,Athens County,OH,3/19/2026 16:00,0.0,0.0,,
39009,Athens County,OH,3/19/2026 17:00,0.0,0.0,,
39009,Athens County,OH,3/19/2026 18:00,0.0,,,
39009,Athens County,OH,3/19/2026 19:00,0.0,,,
39009,Athens County,OH,3/19/2026 20:00,0.0,,,
39009,Athens County,OH,3/19/2026 21:00,0.0,,,
39009,Athens County,OH,3/19/2026 22:00,0.0,,,
39009,Athens County,OH,3/19/2026 23:00,,,,
39011,Auglaize County,OH,3/14/2026 0:00,0.03453732834896073,0.026823220984078945,0.003222811676096171,0.0011228910181671384
39011,Auglaize County,OH,3/14/2026 1:00,0.03189073968678713,0.02593919411301613,0.0030777303967624904,0.0
39011,Auglaize County,OH,3/14/2026 2:00,0.03020635712891817,0.024227843247354032,0.002704153733793646,0.0
39011,Auglaize County,OH,3/14/2026 3:00,0.027978353668004274,0.02247435147874057,0.0025909462943673133,0.0011472284793853762
39011,Auglaize County,OH,3/14/2026 4:00,0.02617698023095727,0.02180621032603085,0.002355497516691685,0.0013403617776930332
39011,Auglaize County,OH,3/14/2026 5:00,0.02496223826892674,0.020335875195451082,0.002327164902817458,0.0010765902698040013
39011,Auglaize County,OH,3/14/2026 6:00,0.025194586371071637,0.01818927570420783,0.00260513827088289,0.0
39011,Auglaize County,OH,3/14/2026 7:00,0.023030954296700656,0.017328238300979137,0.0023180138668976724,0.0
39011,Auglaize County,OH,3/14/2026 8:00,0.022029471583664417,0.014635611698031426,0.0026551062823273242,0.0016264229314401748
39011,Auglaize County,OH,3/14/2026 9:00,0.02080055803526193,0.01374477199278772,0.003211635118350387,0.0018577338661998513
39011,Auglaize County,OH,3/14/2026 10:00,0.019480191520415246,0.012135425850283354,0.0029600213398225605,0.0019471868406981232
39011,Auglaize County,OH,3/14/2026 11:00,0.01734874810790643,0.011553736473433673,0.0034190270002000035,0.001755577581934631
39011,Auglaize County,OH,3/14/2026 12:00,0.016703684494132176,0.009671777498442679,0.004243420145940036,0.0017481308314017951
39011,Auglaize County,OH,3/14/2026 13:00,0.014235695474781096,0.00793839814796229,0.005189019569661469,0.0018212728202342987
39011,Auglaize County,OH,3/14/2026 14:00,0.012450876529328525,0.004861580766737461,0.006446790712652728,0.0017440798226743938
39011,Auglaize County,OH,3/14/2026 15:00,0.010889393975958228,0.004664071323350072,0.007422762183705345,0.0015172986139077695
39011,Auglaize County,OH,3/14/2026 16:00,0.009968455764465034,0.004078763630241155,0.00727047284017317,0.0016180756909307092
39011,Auglaize County,OH,3/14/2026 17:00,0.008289412129670382,0.004169590212404728,0.006891537446063012,0.0014032381179276854
39011,Auglaize County,OH,3/14/2026 18:00,0.00687567493878305,0.0038925410714000463,0.006511007325025275,0.001173534302506596
39011,Auglaize County,OH,3/14/2026 19:00,0.004326729103922844,0.00351822255179286,0.005409935780335218,0.0012347225565463305
39011,Auglaize County,OH,3/14/2026 20:00,0.0038294889964163303,0.0032914940733462573,0.005512683687265962,0.0
39011,Auglaize County,OH,3/14/2026 21:00,0.003407711861655116,0.00333700361661613,0.004788802628172562,0.0
39011,Auglaize County,OH,3/14/2026 22:00,0.003362458781339228,0.003246419597417116,0.004277436790289357,0.0
39011,Auglaize County,OH,3/14/2026 23:00,0.003264080034568906,0.0030623120721429585,0.004765399632742628,0.0
39011,Auglaize County,OH,3/15/2026 0:00,0.0030089804204180837,0.003218158567324281,0.005198619759175927,0.0
39011,Auglaize County,OH,3/15/2026 1:00,0.0026234525721520185,0.0028526852373033764,0.004966738086659461,0.0
39011,Auglaize County,OH,3/15/2026 2:00,0.002415173687040806,0.0028369549661874773,0.005081590847112238,0.0
39011,Auglaize County,OH,3/15/2026 3:00,0.0023147438187152147,0.002881324477493763,0.005351597839035094,0.0
39011,Auglaize County,OH,3/15/2026 4:00,0.0016812772955745459,0.0029278957284986974,0.004360684775747359,0.0
39011,Auglaize County,OH,3/15/2026 5:00,0.0017163464799523354,0.0037165570072829725,0.005216359125915915,0.0
39011,Auglaize County,OH,3/15/2026 6:00,0.0018802564591169357,0.005054954160004854,0.004742264526430518,0.0
39011,Auglaize County,OH,3/15/2026 7:00,0.001980118453502655,0.005648827739059925,0.004085767042124644,0.0
39011,Auglaize County,OH,3/15/2026 8:00,0.0022595305927097797,0.006642898265272379,0.004596213286276907,0.0
39011,Auglaize County,OH,3/15/2026 9:00,0.002003802335821092,0.007147315796464682,0.004588480194797739,0.0
39011,Auglaize County,OH,3/15/2026 10:00,0.0016670525074005127,0.007175435684621334,0.00427918104105629,0.0
39011,Auglaize County,OH,3/15/2026 11:00,0.0025326821487396955,0.0069774906150996685,0.003781093534780666,0.0
39011,Auglaize County,OH,3/15/2026 12:00,0.0034276172518730164,0.006532250251621008,0.0037883265409618615,0.0
39011,Auglaize County,OH,3/15/2026 13:00,0.0035174842923879623,0.00471303965896368,0.0035856010974384843,0.0
39011,Auglaize County,OH,3/15/2026 14:00,0.004006929229944944,0.004571628477424383,0.0032044966850662605,0.0
39011,Auglaize County,OH,3/15/2026 15:00,0.004257592372596264,0.0044175171293318275,0.002647121949485154,0.0
39011,Auglaize County,OH,3/15/2026 16:00,0.004789189202710986,0.004160727933049202,0.0025187416409607976,0.0
39011,Auglaize County,OH,3/15/2026 17:00,0.0035992078483104706,0.004401205014437437,0.0020043119715410286,0.0
39011,Auglaize County,OH,3/15/2026 18:00,0.0021857416722923517,0.005178788304328918,0.0023092459159670398,0.0
39011,Auglaize County,OH,3/15/2026 19:00,0.002831492805853486,0.004579946957528591,0.001880552108923439,0.0
39011,Auglaize County,OH,3/15/2026 20:00,0.002429168438538909,0.005470489803701639,0.0016670276381773874,0.0
39011,Auglaize County,OH,3/15/2026 21:00,0.0017593677621334791,0.0054236860945820805,0.0014823862846242263,0.0
39011,Auglaize County,OH,3/15/2026 22:00,0.0026330838445574045,0.004431353230029344,0.001433144384645857,0.0
39011,Auglaize County,OH,3/15/2026 23:00,0.0030117530841380358,0.004993028659373522,0.0,0.0
39011,Auglaize County,OH,3/16/2026 0:00,0.0024062846787273884,0.00474020354449749,0.0,0.0
39011,Auglaize County,OH,3/16/2026 1:00,0.002230750396847725,0.004211227037012577,0.0012580904971400742,0.0
39011,Auglaize County,OH,3/16/2026 2:00,0.00331656145863235,0.004626202210783958,0.0,0.0
39011,Auglaize County,OH,3/16/2026 3:00,0.0026619716081768274,0.005196837056428194,0.0012388675997499377,0.0
39011,Auglaize County,OH,3/16/2026 4:00,0.003223564475774765,0.00438899053260684,0.0015316088145482353,0.0
39011,Auglaize County,OH,3/16/2026 5:00,0.0029926535207778215,0.0035867596976459025,0.0014900679474521895,0.0
39011,Auglaize County,OH,3/16/2026 6:00,0.002437121467664838,0.003433201648294926,0.0015421233976667282,0.0
39011,Auglaize County,OH,3/16/2026 7:00,0.003110370133072138,0.0035494240000844,0.001465645621647127,0.0
39011,Auglaize County,OH,3/16/2026 8:00,0.00418920919764787,0.0030300313141196967,0.002058616871363483,0.0
39011,Auglaize County,OH,3/16/2026 9:00,0.0030252079013735056,0.0025747225154191256,0.0022733606419933494,0.0
39011,Auglaize County,OH,3/16/2026 10:00,0.0023555238731205463,0.0024539128877222537,0.002533974049583776,0.0
39011,Auglaize County,OH,3/16/2026 11:00,0.002193476539105177,0.0021819323301315308,0.0028888354121590965,0.0
39011,Auglaize County,OH,3/16/2026 12:00,0.0023606830509379506,0.002142408676445484,0.002914596674963832,0.0
39011,Auglaize County,OH,3/16/2026 13:00,0.002438404713757336,0.0019655623473227024,0.002598814442171715,0.0
39011,Auglaize County,OH,3/16/2026 14:00,0.0020292610861361027,0.0018350156024098396,0.0020885535748675467,0.0
39011,Auglaize County,OH,3/16/2026 15:00,0.0022936027962714434,0.0017981912242248654,0.0012548023682029453,0.0
39011,Auglaize County,OH,3/16/2026 16:00,0.0019072857685387135,0.0016660285647958518,0.0014017180030350574,0.0
39011,Auglaize County,OH,3/16/2026 17:00,0.001879087183624506,0.0014634451828897,0.0,0.0
39011,Auglaize County,OH,3/16/2026 18:00,0.0019266418530605733,0.001453704875893891,0.0,0.0
39011,Auglaize County,OH,3/16/2026 19:00,0.002025776542723179,0.0015373565023764969,0.0,0.0
39011,Auglaize County,OH,3/16/2026 20:00,0.0018043663003481925,0.00145548852160573,0.0,0.0
39011,Auglaize County,OH,3/16/2026 21:00,0.0016154144250322133,0.0014020193833857776,0.0,0.0
39011,Auglaize County,OH,3/16/2026 22:00,0.001398452091962099,0.00149530537892133,0.0,0.0
39011,Auglaize County,OH,3/16/2026 23:00,0.0014689930249005556,0.0015107111656107008,0.0,0.0
39011,Auglaize County,OH,3/17/2026 0:00,0.0012075893464498222,0.0016431653406471015,0.0,0.0
39011,Auglaize County,OH,3/17/2026 1:00,0.0013915699091739953,0.0016510372050106525,0.0,0.0
39011,Auglaize County,OH,3/17/2026 2:00,0.0013133558386471123,0.001954178896266967,0.0,0.0
39011,Auglaize County,OH,3/17/2026 3:00,0.001505161912064068,0.002015813416801393,0.0,0.0
39011,Auglaize County,OH,3/17/2026 4:00,0.0014462550461757928,0.0021484853816218672,0.0,0.0
39011,Auglaize County,OH,3/17/2026 5:00,0.0016122405068017542,0.0021498951711691914,0.0,0.0
39011,Auglaize County,OH,3/17/2026 6:00,0.0017318877653451636,0.002473749208729714,0.0,0.0
39011,Auglaize County,OH,3/17/2026 7:00,0.0020821033031097613,0.002314569940790534,0.0,0.0
39011,Auglaize County,OH,3/17/2026 8:00,0.0022543629402207443,0.0015616016928106547,0.0,0.0
39011,Auglaize County,OH,3/17/2026 9:00,0.002334138606329361,0.001468410179950297,0.0,0.0
39011,Auglaize County,OH,3/17/2026 10:00,0.002298082399647683,0.0013726782170124352,0.0,0.0
39011,Auglaize County,OH,3/17/2026 11:00,0.0026212280718027614,0.0,0.0,0.0
39011,Auglaize County,OH,3/17/2026 12:00,0.0024123670809785835,0.0,0.0,0.0
39011,Auglaize County,OH,3/17/2026 13:00,0.0016799656077637337,0.0,0.0,0.0
39011,Auglaize County,OH,3/17/2026 14:00,0.0015748406513012014,0.0,0.0,0.0
39011,Auglaize County,OH,3/17/2026 15:00,0.0014525082442560233,0.0,0.0,0.0
39011,Auglaize County,OH,3/17/2026 16:00,0.0010909530292337877,0.0,0.0,0.0
39011,Auglaize County,OH,3/17/2026 17:00,0.0,0.0,0.0,0.0
39011,Auglaize County,OH,3/17/2026 18:00,0.0,0.0,0.0,0.0
39011,Auglaize County,OH,3/17/2026 19:00,0.0,0.0,0.0,0.0
39011,Auglaize County,OH,3/17/2026 20:00,0.0,0.0,0.0,0.0
39011,Auglaize County,OH,3/17/2026 21:00,0.0,0.0,0.0,0.0
39011,Auglaize County,OH,3/17/2026 22:00,0.0,0.0,0.0,0.0
39011,Auglaize County,OH,3/17/2026 23:00,0.0,0.0,0.0,0.0
39011,Auglaize County,OH,3/18/2026 0:00,0.0,0.0,0.0,
39011,Auglaize County,OH,3/18/2026 1:00,0.0,0.0013090236519929022,0.0,
39011,Auglaize County,OH,3/18/2026 2:00,0.0,0.0,0.0,
39011,Auglaize County,OH,3/18/2026 3:00,0.0,0.001226722088176757,0.0,
39011,Auglaize County,OH,3/18/2026 4:00,0.0,0.0,0.0,
39011,Auglaize County,OH,3/18/2026 5:00,0.0,0.0,0.0,
39011,Auglaize County,OH,3/18/2026 6:00,0.0013171779646654613,0.0,0.0,
39011,Auglaize County,OH,3/18/2026 7:00,0.0,0.0,0.0,
39011,Auglaize County,OH,3/18/2026 8:00,0.0012771259280270897,0.0,0.0,
39011,Auglaize County,OH,3/18/2026 9:00,0.0,0.0,0.0,
39011,Auglaize County,OH,3/18/2026 10:00,0.0010322530506527983,0.0,0.0,
39011,Auglaize County,OH,3/18/2026 11:00,0.0010550570950726978,0.0,0.0,
39011,Auglaize County,OH,3/18/2026 12:00,0.0010731514848885126,0.0,0.0,
39011,Auglaize County,OH,3/18/2026 13:00,0.0,0.0,0.0,
39011,Auglaize County,OH,3/18/2026 14:00,0.0,0.0,0.0,
39011,Auglaize County,OH,3/18/2026 15:00,0.0,0.0,0.0,
39011,Auglaize County,OH,3/18/2026 16:00,0.0,0.0,0.0,
39011,Auglaize County,OH,3/18/2026 17:00,0.0,0.0,0.0,
39011,Auglaize County,OH,3/18/2026 18:00,0.0,0.0,0.0,
39011,Auglaize County,OH,3/18/2026 19:00,0.0,0.0,0.0,
39011,Auglaize County,OH,3/18/2026 20:00,0.0,0.0,0.0,
39011,Auglaize County,OH,3/18/2026 21:00,0.0,0.0,0.0,
39011,Auglaize County,OH,3/18/2026 22:00,0.0,0.0,0.0,
39011,Auglaize County,OH,3/18/2026 23:00,0.0,0.0,0.0,
39011,Auglaize County,OH,3/19/2026 0:00,0.0,0.0,,
39011,Auglaize County,OH,3/19/2026 1:00,0.0,0.0,,
39011,Auglaize County,OH,3/19/2026 2:00,0.0,0.0,,
39011,Auglaize County,OH,3/19/2026 3:00,0.0,0.0,,
39011,Auglaize County,OH,3/19/2026 4:00,0.0,0.0,,
39011,Auglaize County,OH,3/19/2026 5:00,0.0,0.0,,
39011,Auglaize County,OH,3/19/2026 6:00,0.0,0.0,,
39011,Auglaize County,OH,3/19/2026 7:00,0.0,0.0,,
39011,Auglaize County,OH,3/19/2026 8:00,0.0,0.0,,
39011,Auglaize County,OH,3/19/2026 9:00,0.0,0.0,,
39011,Auglaize County,OH,3/19/2026 10:00,0.0,0.0,,
39011,Auglaize County,OH,3/19/2026 11:00,0.0,0.0,,
39011,Auglaize County,OH,3/19/2026 12:00,0.0,0.0,,
39011,Auglaize County,OH,3/19/2026 13:00,0.0,0.0,,
39011,Auglaize County,OH,3/19/2026 14:00,0.0,0.0,,
39011,Auglaize County,OH,3/19/2026 15:00,0.0,0.0,,
39011,Auglaize County,OH,3/19/2026 16:00,0.0,0.0,,
39011,Auglaize County,OH,3/19/2026 17:00,0.0,0.0,,
39011,Auglaize County,OH,3/19/2026 18:00,0.0,,,
39011,Auglaize County,OH,3/19/2026 19:00,0.0,,,
39011,Auglaize County,OH,3/19/2026 20:00,0.0,,,
39011,Auglaize County,OH,3/19/2026 21:00,0.0,,,
39011,Auglaize County,OH,3/19/2026 22:00,0.0,,,
39011,Auglaize County,OH,3/19/2026 23:00,,,,
39013,Belmont County,OH,3/14/2026 0:00,0.12129428004845977,0.11260179858654737,0.038388801738619804,0.013105662632733583
39013,Belmont County,OH,3/14/2026 1:00,0.11377642815932631,0.10954766031354665,0.03976040817797184,0.02017378117889166
39013,Belmont County,OH,3/14/2026 2:00,0.11182288452982903,0.1074554754421115,0.03960723672062159,0.007415821892209351
39013,Belmont County,OH,3/14/2026 3:00,0.10967065859586,0.10434104287996888,0.0384520030580461,0.006396387633867562
39013,Belmont County,OH,3/14/2026 4:00,0.10748410131782293,0.0953141812235117,0.037838421482592824,0.01230828040279448
39013,Belmont County,OH,3/14/2026 5:00,0.10631013941019773,0.0946622779709287,0.038871799036860465,0.00823876436043065
39013,Belmont County,OH,3/14/2026 6:00,0.10349250864237547,0.08808770813047886,0.038423363119363785,0.013138197036460042
39013,Belmont County,OH,3/14/2026 7:00,0.10117491241544485,0.08572379811666905,0.03778277076780796,0.013488789554685354
39013,Belmont County,OH,3/14/2026 8:00,0.09302179142832756,0.08114968857262284,0.03375222561880946,0.008040976827032864
39013,Belmont County,OH,3/14/2026 9:00,0.0838902946561575,0.08311321479268372,0.03534965766593814,0.008419835899258033
39013,Belmont County,OH,3/14/2026 10:00,0.07971795555204153,0.07917004369664937,0.032237827964127067,0.009587430441752077
39013,Belmont County,OH,3/14/2026 11:00,0.07560074049979448,0.07728203274309635,0.027597241941839455,0.006923268582613673
39013,Belmont County,OH,3/14/2026 12:00,0.06795288994908333,0.07380598690360785,0.027665986493229867,0.006147430606506532
39013,Belmont County,OH,3/14/2026 13:00,0.0680556632578373,0.06450456026941538,0.026257930696010588,0.005862135367351584
39013,Belmont County,OH,3/14/2026 14:00,0.06765670329332352,0.049578689876943825,0.025228742696344852,0.005503535154275596
39013,Belmont County,OH,3/14/2026 15:00,0.06666189525276423,0.04451340101659298,0.024651707150042057,0.00492986713652499
39013,Belmont County,OH,3/14/2026 16:00,0.06073114462196827,0.041494827903807166,0.02433105939999223,0.004868430778151378
39013,Belmont County,OH,3/14/2026 17:00,0.06083145085722208,0.03894636603072286,0.02493343073874712,0.0052856336522381754
39013,Belmont County,OH,3/14/2026 18:00,0.05511093977838755,0.03493113331496715,0.02054513469338417,0.0056198451784439385
39013,Belmont County,OH,3/14/2026 19:00,0.04350465862080455,0.03363840663805604,0.01540420895908028,0.009329652599990367
39013,Belmont County,OH,3/14/2026 20:00,0.04136713733896613,0.032999675069004294,0.011893650714773685,0.011498358706012367
39013,Belmont County,OH,3/14/2026 21:00,0.03830393170937896,0.03263985943049193,0.011398363346233963,0.01115075210109353
39013,Belmont County,OH,3/14/2026 22:00,0.035257186740636826,0.03085470600053668,0.010553856546175666,0.012242534570395945
39013,Belmont County,OH,3/14/2026 23:00,0.031723783002234995,0.030048678582534193,0.009735365927917882,0.012847016658633947
39013,Belmont County,OH,3/15/2026 0:00,0.03189284587278962,0.030393895134329794,0.009034352246089838,0.014452004246413706
39013,Belmont County,OH,3/15/2026 1:00,0.031177872617263347,0.029244593810290098,0.009484672780672554,0.012407049629837274
39013,Belmont County,OH,3/15/2026 2:00,0.028916450450196862,0.027451072819530964,0.009628908080048858,0.010329956933856011
39013,Belmont County,OH,3/15/2026 3:00,0.026970336446538568,0.026218339148908854,0.009475733956787736,0.011832688841968773
39013,Belmont County,OH,3/15/2026 4:00,0.026328016771003604,0.023878844757564365,0.008715822448721156,0.012668935302644967
39013,Belmont County,OH,3/15/2026 5:00,0.02749303705058992,0.022179482318460942,0.008688584718038328,0.012434474751353264
39013,Belmont County,OH,3/15/2026 6:00,0.027223338198382407,0.021138301526661962,0.009310563548933715,0.009722778666764497
39013,Belmont County,OH,3/15/2026 7:00,0.02696522000405821,0.019038980605546384,0.008991511107888072,0.010311533743515611
39013,Belmont County,OH,3/15/2026 8:00,0.025214822802809067,0.016652872040867805,0.010156284924596548,0.011395970499143003
39013,Belmont County,OH,3/15/2026 9:00,0.022282427526079118,0.016384159307926895,0.010952894284855574,0.010306485509499908
39013,Belmont County,OH,3/15/2026 10:00,0.02016555145382881,0.016897990321740507,0.009294474852504208,0.0086236416362226
39013,Belmont County,OH,3/15/2026 11:00,0.017961922101676464,0.017540793772786854,0.008042645170644392,0.00907556558959186
39013,Belmont County,OH,3/15/2026 12:00,0.016513525042682886,0.01768192360177636,0.007836013162159362,0.0074626184068620205
39013,Belmont County,OH,3/15/2026 13:00,0.014318157220259309,0.014891061559319496,0.006277464664890431,0.00842611356638372
39013,Belmont County,OH,3/15/2026 14:00,0.013779984088614583,0.013284862134605646,0.005236148681433406,0.008592480747029185
39013,Belmont County,OH,3/15/2026 15:00,0.013780386187136173,0.011622567102313042,0.004685485316440463,0.00599600737914443
39013,Belmont County,OH,3/15/2026 16:00,0.01678434992209077,0.010414918488822877,0.004265112761640921,0.0060250698123127215
39013,Belmont County,OH,3/15/2026 17:00,0.017336549382889643,0.00912599074654281,0.004038669861620292,0.0050747154746204615
39013,Belmont County,OH,3/15/2026 18:00,0.014473281858954579,0.007360306894406676,0.0039878150244476275,0.004511279286816716
39013,Belmont County,OH,3/15/2026 19:00,0.012964457448106259,0.006601324863731861,0.003685467269679066,0.004583896324038505
39013,Belmont County,OH,3/15/2026 20:00,0.011501373519422486,0.0065105813555419445,0.0065665780217386786,0.00368768610060215
39013,Belmont County,OH,3/15/2026 21:00,0.008752260589972138,0.006240875273942947,0.006169621447043028,0.004062775848433375
39013,Belmont County,OH,3/15/2026 22:00,0.0072947966400533915,0.006451319344341755,0.006703577720327303,0.0034331811126321553
39013,Belmont County,OH,3/15/2026 23:00,0.006209873361513019,0.006542089488357305,0.0077072588028386235,0.004221105808392167
39013,Belmont County,OH,3/16/2026 0:00,0.005706137977540493,0.008006209600716829,0.004321634949883446,0.003895560139790177
39013,Belmont County,OH,3/16/2026 1:00,0.00600027188193053,0.008371760696172714,0.0044731464149663225,0.002814778313040733
39013,Belmont County,OH,3/16/2026 2:00,0.0047597268130630255,0.009876760048791766,0.003977485818904824,0.0015589356655254958
39013,Belmont County,OH,3/16/2026 3:00,0.005307625513523817,0.009476161235943437,0.004057840265159029,0.0013346723746508358
39013,Belmont County,OH,3/16/2026 4:00,0.004275230225175619,0.008922120291390456,0.0027064846421126277,0.001248267269693315
39013,Belmont County,OH,3/16/2026 5:00,0.005616579903289676,0.007844889920670539,0.002101656174636446,0.0016176950419321656
39013,Belmont County,OH,3/16/2026 6:00,0.007009630324319005,0.0074423390440642835,0.0021550557314185424,0.0020345885539427397
39013,Belmont County,OH,3/16/2026 7:00,0.00846642057877034,0.005776244169101119,0.0015266493952367454,0.00163594635669142
39013,Belmont County,OH,3/16/2026 8:00,0.010396101512014866,0.005829769931733608,0.0,0.0
39013,Belmont County,OH,3/16/2026 9:00,0.010011290782131255,0.00390145443379879,0.0013486727315466852,0.0020060565322637556
39013,Belmont County,OH,3/16/2026 10:00,0.0099034090526402,0.004250907758250833,0.0012983997992705556,0.003968088841065765
39013,Belmont County,OH,3/16/2026 11:00,0.007772160868626088,0.004261401877738535,0.0010533111286349594,0.0021021114429458972
39013,Belmont County,OH,3/16/2026 12:00,0.006747475708834827,0.004489065438974649,0.001034938171505928,0.0014661628752946853
39013,Belmont County,OH,3/16/2026 13:00,0.006265693169552833,0.0042686565837357195,0.0010130570037290454,0.014045479334890842
39013,Belmont County,OH,3/16/2026 14:00,0.004713682341389358,0.00625079951933003,0.0015094210801180452,0.004749273275956511
39013,Belmont County,OH,3/16/2026 15:00,0.0048799573917222006,0.005024999496527016,0.0,0.0016682549845427274
39013,Belmont County,OH,3/16/2026 16:00,0.005067612801212817,0.006710911449044943,0.0,0.005260235769674181
39013,Belmont County,OH,3/16/2026 17:00,0.00575313507579267,0.00612610811367631,0.0,0.006358686741441488
39013,Belmont County,OH,3/16/2026 18:00,0.006158105912618339,0.003980631148442626,0.0,0.005697190668433904
39013,Belmont County,OH,3/16/2026 19:00,0.008800046984106302,0.004340182727901265,0.0,0.0027016374049708245
39013,Belmont County,OH,3/16/2026 20:00,0.006735524861142039,0.0035838627256453036,0.0,0.0032848598435521125
39013,Belmont County,OH,3/16/2026 21:00,0.009001045022159815,0.0028719950933009386,0.0,0.0
39013,Belmont County,OH,3/16/2026 22:00,0.007994453189894557,0.002687792619690299,0.0,0.0
39013,Belmont County,OH,3/16/2026 23:00,0.006915031233802438,0.002232907572761178,0.0,0.0
39013,Belmont County,OH,3/17/2026 0:00,0.007366323610767722,0.0020549187902361155,0.0,0.0
39013,Belmont County,OH,3/17/2026 1:00,0.008202383061870933,0.0019151699263602493,0.0,0.0
39013,Belmont County,OH,3/17/2026 2:00,0.008227945072576404,0.001949304109439254,0.0,0.0
39013,Belmont County,OH,3/17/2026 3:00,0.00783921149559319,0.0018855948001146317,0.0,0.0
39013,Belmont County,OH,3/17/2026 4:00,0.006252625025808811,0.0019692575093358754,0.0,0.0
39013,Belmont County,OH,3/17/2026 5:00,0.0050699550192803144,0.0018923630472272635,0.0,0.0
39013,Belmont County,OH,3/17/2026 6:00,0.005765254842117429,0.0018031498417258262,0.0,0.0
39013,Belmont County,OH,3/17/2026 7:00,0.006311948178336024,0.0018297392874956132,0.0,0.0
39013,Belmont County,OH,3/17/2026 8:00,0.005928279832005501,0.0017432251945137976,0.0,0.0
39013,Belmont County,OH,3/17/2026 9:00,0.006655348930507898,0.0012822600780054926,0.0,0.0
39013,Belmont County,OH,3/17/2026 10:00,0.006623047171160579,0.001402099383994937,0.0,0.0
39013,Belmont County,OH,3/17/2026 11:00,0.0055881068110466,0.0012130213086493312,0.0,0.0
39013,Belmont County,OH,3/17/2026 12:00,0.0048786725383251905,0.0,0.0,0.0
39013,Belmont County,OH,3/17/2026 13:00,0.0049646464176476,0.0,0.0,0.0
39013,Belmont County,OH,3/17/2026 14:00,0.00485362543258816,0.0,0.0,0.0
39013,Belmont County,OH,3/17/2026 15:00,0.004949689842760563,0.0,0.0,0.0
39013,Belmont County,OH,3/17/2026 16:00,0.0038781027542427182,0.0,0.0,0.0
39013,Belmont County,OH,3/17/2026 17:00,0.0017122721765190363,0.0,0.0,0.0
39013,Belmont County,OH,3/17/2026 18:00,0.0010933605954051018,0.0,0.0,0.0
39013,Belmont County,OH,3/17/2026 19:00,0.0,0.0,0.0,0.0
39013,Belmont County,OH,3/17/2026 20:00,0.0,0.0,0.0,0.0
39013,Belmont County,OH,3/17/2026 21:00,0.0,0.0,0.0,0.0
39013,Belmont County,OH,3/17/2026 22:00,0.0,0.0,0.0,0.0
39013,Belmont County,OH,3/17/2026 23:00,0.0,0.0,0.0,0.0
39013,Belmont County,OH,3/18/2026 0:00,0.0,0.0,0.0,
39013,Belmont County,OH,3/18/2026 1:00,0.0,0.0,0.0,
39013,Belmont County,OH,3/18/2026 2:00,0.0,0.0,0.0,
39013,Belmont County,OH,3/18/2026 3:00,0.0,0.0,0.0,
39013,Belmont County,OH,3/18/2026 4:00,0.0,0.0,0.0,
39013,Belmont County,OH,3/18/2026 5:00,0.0,0.001516655064187944,0.0,
39013,Belmont County,OH,3/18/2026 6:00,0.0,0.0,0.0,
39013,Belmont County,OH,3/18/2026 7:00,0.0,0.0,0.0,
39013,Belmont County,OH,3/18/2026 8:00,0.0,0.0,0.0,
39013,Belmont County,OH,3/18/2026 9:00,0.0016202762490138412,0.0,0.0,
39013,Belmont County,OH,3/18/2026 10:00,0.002612643176689744,0.0,0.0,
39013,Belmont County,OH,3/18/2026 11:00,0.00156557303853333,0.0,0.0,
39013,Belmont County,OH,3/18/2026 12:00,0.0012483992613852024,0.0,0.0,
39013,Belmont County,OH,3/18/2026 13:00,0.0013977631460875273,0.0,0.0,
39013,Belmont County,OH,3/18/2026 14:00,0.0010162800317630172,0.0,0.0,
39013,Belmont County,OH,3/18/2026 15:00,0.0,0.0,0.0,
39013,Belmont County,OH,3/18/2026 16:00,0.0,0.0,0.0,
39013,Belmont County,OH,3/18/2026 17:00,0.0,0.0,0.0,
39013,Belmont County,OH,3/18/2026 18:00,0.0,0.0,0.0,
39013,Belmont County,OH,3/18/2026 19:00,0.0,0.0,0.0,
39013,Belmont County,OH,3/18/2026 20:00,0.0,0.0,0.0,
39013,Belmont County,OH,3/18/2026 21:00,0.0,0.0,0.0,
39013,Belmont County,OH,3/18/2026 22:00,0.0,0.0,0.0,
39013,Belmont County,OH,3/18/2026 23:00,0.0,0.0,0.0,
39013,Belmont County,OH,3/19/2026 0:00,0.0,0.0,,
39013,Belmont County,OH,3/19/2026 1:00,0.0,0.0,,
39013,Belmont County,OH,3/19/2026 2:00,0.0,0.0,,
39013,Belmont County,OH,3/19/2026 3:00,0.0,0.0,,
39013,Belmont County,OH,3/19/2026 4:00,0.0,0.0,,
39013,Belmont County,OH,3/19/2026 5:00,0.0,0.0,,
39013,Belmont County,OH,3/19/2026 6:00,0.0,0.0,,
39013,Belmont County,OH,3/19/2026 7:00,0.0,0.0,,
39013,Belmont County,OH,3/19/2026 8:00,0.0,0.0,,
39013,Belmont County,OH,3/19/2026 9:00,0.0,0.0,,
39013,Belmont County,OH,3/19/2026 10:00,0.0,0.0,,
39013,Belmont County,OH,3/19/2026 11:00,0.0,0.0,,
39013,Belmont County,OH,3/19/2026 12:00,0.0,0.0,,
39013,Belmont County,OH,3/19/2026 13:00,0.0,0.0,,
39013,Belmont County,OH,3/19/2026 14:00,0.0,0.0,,
39013,Belmont County,OH,3/19/2026 15:00,0.0,0.0,,
39013,Belmont County,OH,3/19/2026 16:00,0.0,0.0,,
39013,Belmont County,OH,3/19/2026 17:00,0.0,0.0,,
39013,Belmont County,OH,3/19/2026 18:00,0.0,,,
39013,Belmont County,OH,3/19/2026 19:00,0.0,,,
39013,Belmont County,OH,3/19/2026 20:00,0.0,,,
39013,Belmont County,OH,3/19/2026 21:00,0.0,,,
39013,Belmont County,OH,3/19/2026 22:00,0.0,,,
39013,Belmont County,OH,3/19/2026 23:00,,,,
39015,Brown County,OH,3/14/2026 0:00,0.0,0.0,0.0,0.0
39015,Brown County,OH,3/14/2026 1:00,0.0,0.0,0.0,0.0
39015,Brown County,OH,3/14/2026 2:00,0.0,0.0,0.0,0.0013684316189028324
39015,Brown County,OH,3/14/2026 3:00,0.0,0.0,0.0,0.001793451188132167
39015,Brown County,OH,3/14/2026 4:00,0.0,0.0,0.0,0.001096343668177724
39015,Brown County,OH,3/14/2026 5:00,0.0,0.0,0.0,0.0
39015,Brown County,OH,3/14/2026 6:00,0.0,0.0,0.0,0.0
39015,Brown County,OH,3/14/2026 7:00,0.0,0.0,0.0,0.0
39015,Brown County,OH,3/14/2026 8:00,0.0,0.0,0.0,0.0
39015,Brown County,OH,3/14/2026 9:00,0.0,0.0,0.0,0.0
39015,Brown County,OH,3/14/2026 10:00,0.0,0.0,0.0,0.0
39015,Brown County,OH,3/14/2026 11:00,0.0,0.0,0.0,0.0
39015,Brown County,OH,3/14/2026 12:00,0.0,0.0,0.0026819354145118266,0.0
39015,Brown County,OH,3/14/2026 13:00,0.0,0.0,0.005251311906613409,0.0
39015,Brown County,OH,3/14/2026 14:00,0.0,0.0,0.006116456934250891,0.0
39015,Brown County,OH,3/14/2026 15:00,0.0,0.0,0.007053486135555431,0.0
39015,Brown County,OH,3/14/2026 16:00,0.0,0.0,0.006337451748549938,0.0
39015,Brown County,OH,3/14/2026 17:00,0.0,0.0,0.005716150830266997,0.0
39015,Brown County,OH,3/14/2026 18:00,0.0,0.0,0.004199350241106003,0.0
39015,Brown County,OH,3/14/2026 19:00,0.0,0.0,0.00396540000801906,0.0
39015,Brown County,OH,3/14/2026 20:00,0.0,0.0,0.0032970068510621785,0.0
39015,Brown County,OH,3/14/2026 21:00,0.0,0.0,0.0032732209016103297,0.0
39015,Brown County,OH,3/14/2026 22:00,0.0,0.0,0.002887162976549007,0.0
39015,Brown County,OH,3/14/2026 23:00,0.0,0.0,0.0025281468115281314,0.0
39015,Brown County,OH,3/15/2026 0:00,0.0,0.0,0.0023202004085760564,0.0
39015,Brown County,OH,3/15/2026 1:00,0.0,0.0,0.0022371314524207266,0.0
39015,Brown County,OH,3/15/2026 2:00,0.0,0.0,0.0026510862313443794,0.0
39015,Brown County,OH,3/15/2026 3:00,0.0,0.0,0.0024422831484116614,0.0
39015,Brown County,OH,3/15/2026 4:00,0.0,0.0,0.0028662380180321636,0.0
39015,Brown County,OH,3/15/2026 5:00,0.0,0.0,0.00229346543783322,0.0
39015,Brown County,OH,3/15/2026 6:00,0.0,0.0,0.0017030077520757913,0.0
39015,Brown County,OH,3/15/2026 7:00,0.0,0.0027341414242982864,0.0018570588319562376,0.0
39015,Brown County,OH,3/15/2026 8:00,0.0,0.004275607969611883,0.002041094668675214,0.0
39015,Brown County,OH,3/15/2026 9:00,0.0,0.004763023462146521,0.002143451468873536,0.0
39015,Brown County,OH,3/15/2026 10:00,0.0,0.005167091265320778,0.001816634857095778,0.0
39015,Brown County,OH,3/15/2026 11:00,0.0015450353384949267,0.0034365685656666755,0.0014196913863997907,0.0
39015,Brown County,OH,3/15/2026 12:00,0.0033768886933103204,0.0024769725278019905,0.0016762393352109939,0.0
39015,Brown County,OH,3/15/2026 13:00,0.005055814050137997,0.002508881315588951,0.0,0.0
39015,Brown County,OH,3/15/2026 14:00,0.005600990902166814,0.0024443076457828284,0.0,0.0
39015,Brown County,OH,3/15/2026 15:00,0.00674300198443234,0.0021589887794107197,0.0,0.0
39015,Brown County,OH,3/15/2026 16:00,0.004141885714489035,0.0022818780271336436,0.0,0.0
39015,Brown County,OH,3/15/2026 17:00,0.0032919826626311988,0.0012880673166364431,0.0,0.0
39015,Brown County,OH,3/15/2026 18:00,0.0034272806951776147,0.0,0.0,0.0
39015,Brown County,OH,3/15/2026 19:00,0.0031861009483691305,0.0,0.0,0.0
39015,Brown County,OH,3/15/2026 20:00,0.0032215225510299206,0.0,0.0,0.0
39015,Brown County,OH,3/15/2026 21:00,0.0029788938409183174,0.0,0.0,0.0
39015,Brown County,OH,3/15/2026 22:00,0.0016102251975098625,0.0,0.0,0.0
39015,Brown County,OH,3/15/2026 23:00,0.0012462530721677467,0.0014344114344567059,0.0,0.0
39015,Brown County,OH,3/16/2026 0:00,0.0,0.0,0.0,0.0
39015,Brown County,OH,3/16/2026 1:00,0.0020699537126347423,0.0010932052973657846,0.0,0.0
39015,Brown County,OH,3/16/2026 2:00,0.0020733443088829517,0.0015318306628614663,0.0,0.0
39015,Brown County,OH,3/16/2026 3:00,0.0021020735148340464,0.0016601515933871269,0.0,0.0
39015,Brown County,OH,3/16/2026 4:00,0.0016074728919193149,0.0012191085144877432,0.0,0.0
39015,Brown County,OH,3/16/2026 5:00,0.0,0.0,0.0,0.0
39015,Brown County,OH,3/16/2026 6:00,0.0,0.0,0.0,0.0
39015,Brown County,OH,3/16/2026 7:00,0.0013268714537844062,0.0,0.0,0.0
39015,Brown County,OH,3/16/2026 8:00,0.0013700880808755755,0.0,0.0,0.0
39015,Brown County,OH,3/16/2026 9:00,0.001314522058237344,0.0,0.0,0.0
39015,Brown County,OH,3/16/2026 10:00,0.0,0.0,0.0,0.0
39015,Brown County,OH,3/16/2026 11:00,0.0,0.0,0.0,0.0
39015,Brown County,OH,3/16/2026 12:00,0.0,0.0,0.0,0.0
39015,Brown County,OH,3/16/2026 13:00,0.0,0.0,0.0,0.0
39015,Brown County,OH,3/16/2026 14:00,0.0,0.0,0.0,0.0
39015,Brown County,OH,3/16/2026 15:00,0.0,0.0,0.0,0.0
39015,Brown County,OH,3/16/2026 16:00,0.0,0.0,0.0,0.0
39015,Brown County,OH,3/16/2026 17:00,0.0,0.0,0.0,0.0
39015,Brown County,OH,3/16/2026 18:00,0.0,0.0,0.0,0.0
39015,Brown County,OH,3/16/2026 19:00,0.0,0.0,0.0,0.0
39015,Brown County,OH,3/16/2026 20:00,0.0,0.0,0.0,0.0
39015,Brown County,OH,3/16/2026 21:00,0.0,0.0,0.0,0.0
39015,Brown County,OH,3/16/2026 22:00,0.0,0.0,0.0,0.0
39015,Brown County,OH,3/16/2026 23:00,0.0,0.0,0.0,0.0
39015,Brown County,OH,3/17/2026 0:00,0.0,0.0,0.0,0.0
39015,Brown County,OH,3/17/2026 1:00,0.0,0.0,0.0,0.0
39015,Brown County,OH,3/17/2026 2:00,0.0,0.0,0.0,0.0
39015,Brown County,OH,3/17/2026 3:00,0.0,0.0,0.0,0.0
39015,Brown County,OH,3/17/2026 4:00,0.0,0.0,0.0,0.0
39015,Brown County,OH,3/17/2026 5:00,0.0,0.0,0.0,0.0
39015,Brown County,OH,3/17/2026 6:00,0.0,0.0,0.0,0.0
39015,Brown County,OH,3/17/2026 7:00,0.0,0.0,0.0,0.0
39015,Brown County,OH,3/17/2026 8:00,0.0,0.0,0.0,0.0
39015,Brown County,OH,3/17/2026 9:00,0.0,0.0,0.0,0.0
39015,Brown County,OH,3/17/2026 10:00,0.0,0.0,0.0,0.0
39015,Brown County,OH,3/17/2026 11:00,0.0,0.0,0.0,0.0
39015,Brown County,OH,3/17/2026 12:00,0.0,0.0,0.0,0.0
39015,Brown County,OH,3/17/2026 13:00,0.0,0.0,0.0,0.0
39015,Brown County,OH,3/17/2026 14:00,0.0,0.0,0.0,0.0
39015,Brown County,OH,3/17/2026 15:00,0.0,0.0,0.0,0.0
39015,Brown County,OH,3/17/2026 16:00,0.0,0.0,0.0,0.0
39015,Brown County,OH,3/17/2026 17:00,0.0,0.0,0.0,0.0
39015,Brown County,OH,3/17/2026 18:00,0.0,0.0,0.0,0.0
39015,Brown County,OH,3/17/2026 19:00,0.0,0.0,0.0,0.0
39015,Brown County,OH,3/17/2026 20:00,0.0,0.0,0.0,0.0
39015,Brown County,OH,3/17/2026 21:00,0.0,0.0,0.0,0.0
39015,Brown County,OH,3/17/2026 22:00,0.0,0.0,0.0,0.0
39015,Brown County,OH,3/17/2026 23:00,0.0,0.0,0.0,0.0
39015,Brown County,OH,3/18/2026 0:00,0.0,0.0,0.0,
39015,Brown County,OH,3/18/2026 1:00,0.0,0.0,0.0,
39015,Brown County,OH,3/18/2026 2:00,0.0,0.0,0.0,
39015,Brown County,OH,3/18/2026 3:00,0.0,0.0,0.0,
39015,Brown County,OH,3/18/2026 4:00,0.0,0.0,0.0,
39015,Brown County,OH,3/18/2026 5:00,0.0,0.0,0.0,
39015,Brown County,OH,3/18/2026 6:00,0.0,0.0,0.0,
39015,Brown County,OH,3/18/2026 7:00,0.0,0.0,0.0,
39015,Brown County,OH,3/18/2026 8:00,0.0,0.0,0.0,
39015,Brown County,OH,3/18/2026 9:00,0.0,0.0,0.0,
39015,Brown County,OH,3/18/2026 10:00,0.0,0.0,0.0,
39015,Brown County,OH,3/18/2026 11:00,0.0,0.0,0.0,
39015,Brown County,OH,3/18/2026 12:00,0.0,0.0,0.0,
39015,Brown County,OH,3/18/2026 13:00,0.0,0.0,0.0,
39015,Brown County,OH,3/18/2026 14:00,0.0,0.0,0.0,
39015,Brown County,OH,3/18/2026 15:00,0.0,0.0,0.0,
39015,Brown County,OH,3/18/2026 16:00,0.0,0.0,0.0,
39015,Brown County,OH,3/18/2026 17:00,0.0,0.0,0.0,
39015,Brown County,OH,3/18/2026 18:00,0.0,0.0,0.0,
39015,Brown County,OH,3/18/2026 19:00,0.0,0.0,0.0,
39015,Brown County,OH,3/18/2026 20:00,0.0,0.0,0.0,
39015,Brown County,OH,3/18/2026 21:00,0.0,0.0,0.0,
39015,Brown County,OH,3/18/2026 22:00,0.0,0.0,0.0,
39015,Brown County,OH,3/18/2026 23:00,0.0,0.0,0.0,
39015,Brown County,OH,3/19/2026 0:00,0.0,0.0,,
39015,Brown County,OH,3/19/2026 1:00,0.0,0.0,,
39015,Brown County,OH,3/19/2026 2:00,0.0,0.0,,
39015,Brown County,OH,3/19/2026 3:00,0.0,0.0,,
39015,Brown County,OH,3/19/2026 4:00,0.0,0.0,,
39015,Brown County,OH,3/19/2026 5:00,0.0,0.0,,
39015,Brown County,OH,3/19/2026 6:00,0.0,0.0,,
39015,Brown County,OH,3/19/2026 7:00,0.0,0.0,,
39015,Brown County,OH,3/19/2026 8:00,0.0,0.0,,
39015,Brown County,OH,3/19/2026 9:00,0.0,0.0,,
39015,Brown County,OH,3/19/2026 10:00,0.0,0.0,,
39015,Brown County,OH,3/19/2026 11:00,0.0,0.0,,
39015,Brown County,OH,3/19/2026 12:00,0.0,0.0,,
39015,Brown County,OH,3/19/2026 13:00,0.0,0.0,,
39015,Brown County,OH,3/19/2026 14:00,0.0,0.0,,
39015,Brown County,OH,3/19/2026 15:00,0.0,0.0,,
39015,Brown County,OH,3/19/2026 16:00,0.0,0.0,,
39015,Brown County,OH,3/19/2026 17:00,0.0,0.0,,
39015,Brown County,OH,3/19/2026 18:00,0.0,,,
39015,Brown County,OH,3/19/2026 19:00,0.0,,,
39015,Brown County,OH,3/19/2026 20:00,0.0,,,
39015,Brown County,OH,3/19/2026 21:00,0.0,,,
39015,Brown County,OH,3/19/2026 22:00,0.0,,,
39015,Brown County,OH,3/19/2026 23:00,,,,
39019,Carroll County,OH,3/14/2026 0:00,0.4050036631524563,0.3388408347964287,0.1326396742835641,0.0394796849170234
39019,Carroll County,OH,3/14/2026 1:00,0.39696727879345417,0.3386853650212288,0.13292912896722556,0.041215549572370946
39019,Carroll County,OH,3/14/2026 2:00,0.3910936750471592,0.33362006098032,0.13093616496771573,0.03838210157118738
39019,Carroll County,OH,3/14/2026 3:00,0.3733971454203129,0.32446726262569425,0.1307935632765293,0.039783243625424805
39019,Carroll County,OH,3/14/2026 4:00,0.3698475956916809,0.31045268326997755,0.13126971274614335,0.041077011672314256
39019,Carroll County,OH,3/14/2026 5:00,0.3533070348203182,0.3004670888185501,0.1291710041463375,0.040741236129542814
39019,Carroll County,OH,3/14/2026 6:00,0.3551141433417797,0.2809842497110367,0.12931487653404475,0.04052878909278661
39019,Carroll County,OH,3/14/2026 7:00,0.3486561253666878,0.27379410415887834,0.12837022617459298,0.04115450430545024
39019,Carroll County,OH,3/14/2026 8:00,0.3414279334247112,0.26387560069561006,0.12934413682669402,0.04352569247130304
39019,Carroll County,OH,3/14/2026 9:00,0.3233825620263815,0.2513305455446243,0.12783195227384567,0.0432974366704002
39019,Carroll County,OH,3/14/2026 10:00,0.3132863976061344,0.23846416175365448,0.12135949879884719,0.041800794436130675
39019,Carroll County,OH,3/14/2026 11:00,0.28360080905258656,0.23164483457803725,0.12060000654309988,0.043045291461749
39019,Carroll County,OH,3/14/2026 12:00,0.28002578392624855,0.22581734359264374,0.1202888373285532,0.04046544359152904
39019,Carroll County,OH,3/14/2026 13:00,0.261669484898448,0.21462241411209107,0.10789396967738867,0.03760447787353769
39019,Carroll County,OH,3/14/2026 14:00,0.2456432208418846,0.1689866751432419,0.10903658345341682,0.03205850218510022
39019,Carroll County,OH,3/14/2026 15:00,0.23083233088254929,0.15731051713228225,0.09756064545363188,0.029207309844787234
39019,Carroll County,OH,3/14/2026 16:00,0.22616772167384624,0.15402280539274216,0.09592802040278911,0.02508864052942954
39019,Carroll County,OH,3/14/2026 17:00,0.2282909918576479,0.14207855015993118,0.09836774505674839,0.02271160447271541
39019,Carroll County,OH,3/14/2026 18:00,0.21644549071788788,0.1335189536213875,0.09006156791001559,0.016055727552156895
39019,Carroll County,OH,3/14/2026 19:00,0.1788610965013504,0.13116362541913987,0.08394237291067838,0.015276322513818741
39019,Carroll County,OH,3/14/2026 20:00,0.1650879718363285,0.12910825312137603,0.07648662785068154,0.012868524581426755
39019,Carroll County,OH,3/14/2026 21:00,0.16226793639361858,0.12788134813308716,0.07282868288457393,0.012134509236784653
39019,Carroll County,OH,3/14/2026 22:00,0.1534748151898384,0.12618334591388702,0.0633946149609983,0.012311629101168365
39019,Carroll County,OH,3/14/2026 23:00,0.15013329684734344,0.12851649820804595,0.05480583626776934,0.011924055256531573
39019,Carroll County,OH,3/15/2026 0:00,0.15107880905270576,0.12761610001325607,0.05221072398126125,0.010627206509525422
39019,Carroll County,OH,3/15/2026 1:00,0.15288729593157768,0.1256793588399887,0.05124901989474893,0.010173756431413494
39019,Carroll County,OH,3/15/2026 2:00,0.14821872487664223,0.12467647045850754,0.049955667741596696,0.009530878634541296
39019,Carroll County,OH,3/15/2026 3:00,0.14625805243849754,0.1251213878393173,0.05054899835959077,0.009567978366976603
39019,Carroll County,OH,3/15/2026 4:00,0.1479196734726429,0.12047895193099975,0.04745964240282774,0.00888903959421441
39019,Carroll County,OH,3/15/2026 5:00,0.145780049264431,0.1180264875292778,0.050842223968356845,0.00894413273781538
39019,Carroll County,OH,3/15/2026 6:00,0.14721404388546944,0.1169179618358612,0.05094457808881998,0.008779466594569385
39019,Carroll County,OH,3/15/2026 7:00,0.14676480740308762,0.10890199989080429,0.05812712162733078,0.00907392221270129
39019,Carroll County,OH,3/15/2026 8:00,0.13997074589133263,0.10860392600297927,0.058058560453355314,0.009041096089640632
39019,Carroll County,OH,3/15/2026 9:00,0.1360546164214611,0.09804298430681228,0.05557385440915823,0.009773901558946817
39019,Carroll County,OH,3/15/2026 10:00,0.1293436512351036,0.09588509649038315,0.04961951486766338,0.009215712279547006
39019,Carroll County,OH,3/15/2026 11:00,0.13146947510540485,0.09748639613389969,0.04876313097774983,0.009307494509266689
39019,Carroll County,OH,3/15/2026 12:00,0.13117151334881783,0.0936770036816597,0.0418999221175909,0.008710280095692724
39019,Carroll County,OH,3/15/2026 13:00,0.12821320816874504,0.08560504168272018,0.038175939861685035,0.008765503478934988
39019,Carroll County,OH,3/15/2026 14:00,0.11950435116887093,0.07746593430638313,0.038246036227792504,0.008356582978740335
39019,Carroll County,OH,3/15/2026 15:00,0.11686694249510765,0.07169040963053704,0.03479050239548087,0.007172165997326374
39019,Carroll County,OH,3/15/2026 16:00,0.10744574293494225,0.06661265939474106,0.03015320748090744,0.006686395604629069
39019,Carroll County,OH,3/15/2026 17:00,0.10690334811806679,0.06282876059412956,0.025390145555138587,0.006030659656971693
39019,Carroll County,OH,3/15/2026 18:00,0.09980435855686665,0.05678569376468658,0.021386702824383975,0.003781859204173088
39019,Carroll County,OH,3/15/2026 19:00,0.08891390636563301,0.057012921571731566,0.018644082825630903,0.003672455274499953
39019,Carroll County,OH,3/15/2026 20:00,0.08086796663701534,0.05655611678957939,0.01600182577967644,0.002798385825008154
39019,Carroll County,OH,3/15/2026 21:00,0.07775409519672394,0.056693731993436816,0.015306768286973239,0.0029021943919360638
39019,Carroll County,OH,3/15/2026 22:00,0.0700440313667059,0.056466730684041976,0.015712154982611536,0.002894532063510269
39019,Carroll County,OH,3/15/2026 23:00,0.0634112749248743,0.05813839361071586,0.014414954697713256,0.002711313182953745
39019,Carroll County,OH,3/16/2026 0:00,0.06454238295555115,0.05774166584014893,0.013949231011793017,0.002680411282926798
39019,Carroll County,OH,3/16/2026 1:00,0.06646698527038097,0.059815672039985654,0.012090813741087912,0.002469433087389916
39019,Carroll County,OH,3/16/2026 2:00,0.06271490268409252,0.06479215472936631,0.012854364281520248,0.0010402308194898068
39019,Carroll County,OH,3/16/2026 3:00,0.06080782227218151,0.06484725698828697,0.012277692183852195,0.0
39019,Carroll County,OH,3/16/2026 4:00,0.06301921792328358,0.06161286234855652,0.010911012440919876,0.0
39019,Carroll County,OH,3/16/2026 5:00,0.06432853266596794,0.06053137555718422,0.009809625707566738,0.0012919290078571067
39019,Carroll County,OH,3/16/2026 6:00,0.07169659994542599,0.05466629937291145,0.010180361452512443,0.0
39019,Carroll County,OH,3/16/2026 7:00,0.09044402465224266,0.04961353093385697,0.012649700557813049,0.0
39019,Carroll County,OH,3/16/2026 8:00,0.08380104973912239,0.04845379367470741,0.012398809799924491,0.0012723351566819475
39019,Carroll County,OH,3/16/2026 9:00,0.07273062504827976,0.040424026921391486,0.008639255817979575,0.0
39019,Carroll County,OH,3/16/2026 10:00,0.07153823599219322,0.029974400997161865,0.010082107037305832,0.0
39019,Carroll County,OH,3/16/2026 11:00,0.07715575397014618,0.02616441883146763,0.011479318141937256,0.0
39019,Carroll County,OH,3/16/2026 12:00,0.05700639262795448,0.021604153513908386,0.00980334634659812,0.0
39019,Carroll County,OH,3/16/2026 13:00,0.05680566653609276,0.019745584577322006,0.011685150186531245,0.0
39019,Carroll County,OH,3/16/2026 14:00,0.04852256551384926,0.016255904361605643,0.008724547480233014,0.0
39019,Carroll County,OH,3/16/2026 15:00,0.04072067700326443,0.014958451502025127,0.005166618782095611,0.0
39019,Carroll County,OH,3/16/2026 16:00,0.029845789074897766,0.014484865218400955,0.006959878944326192,0.0
39019,Carroll County,OH,3/16/2026 17:00,0.023597412277013063,0.013682807236909867,0.005381938349455595,0.0
39019,Carroll County,OH,3/16/2026 18:00,0.020144466077908874,0.012246738374233245,0.006295351323205978,0.0
39019,Carroll County,OH,3/16/2026 19:00,0.015019237762317061,0.012896609120070934,0.0036771918952581474,0.0
39019,Carroll County,OH,3/16/2026 20:00,0.015219246270135045,0.011559206992387772,0.0027392608230002225,0.0
39019,Carroll County,OH,3/16/2026 21:00,0.010843937168829143,0.011485825292766094,0.0021711025216063717,0.0
39019,Carroll County,OH,3/16/2026 22:00,0.008957786252722144,0.010396776907145976,0.002185655804350972,0.0
39019,Carroll County,OH,3/16/2026 23:00,0.008713116170838475,0.009961006045341492,0.00173734026029706,0.0
39019,Carroll County,OH,3/17/2026 0:00,0.009917589253745973,0.010194352269172669,0.0022048283251933755,0.0
39019,Carroll County,OH,3/17/2026 1:00,0.008684155065566301,0.010551303625106812,0.0026210301206447185,0.0
39019,Carroll County,OH,3/17/2026 2:00,0.007824084954336286,0.010921056009829044,0.00142327249632217,0.0
39019,Carroll County,OH,3/17/2026 3:00,0.008690531074535102,0.011237872019410133,0.0019640646525658665,0.0
39019,Carroll County,OH,3/17/2026 4:00,0.009810405201278627,0.01118462234735489,0.0018150819378206506,0.0
39019,Carroll County,OH,3/17/2026 5:00,0.008302129106596112,0.012020128034055232,0.0017036298928360337,0.0
39019,Carroll County,OH,3/17/2026 6:00,0.007757228158880025,0.012447034381330014,0.0017969712062040344,0.0
39019,Carroll County,OH,3/17/2026 7:00,0.00821614044252783,0.011392583139240742,0.0016357378277461975,0.0
39019,Carroll County,OH,3/17/2026 8:00,0.008108872789307497,0.008956660516560078,0.0,0.0
39019,Carroll County,OH,3/17/2026 9:00,0.007192848715931177,0.007818151731044054,0.0023653933545574545,0.0
39019,Carroll County,OH,3/17/2026 10:00,0.006999003933742642,0.0068366692401468756,0.0033516797644551843,0.0
39019,Carroll County,OH,3/17/2026 11:00,0.007312032277695835,0.00608811154961586,0.0034160720359068366,0.0
39019,Carroll County,OH,3/17/2026 12:00,0.007575704366900027,0.005116833467036485,0.003014029615587788,0.0
39019,Carroll County,OH,3/17/2026 13:00,0.005418748361989856,0.004412297764793039,0.0017170348262879997,0.0
39019,Carroll County,OH,3/17/2026 14:00,0.005760047992225736,0.002206055889837444,0.001389770774403587,0.0
39019,Carroll County,OH,3/17/2026 15:00,0.004785593424458057,0.0019468884216621517,0.002117303968407214,0.0
39019,Carroll County,OH,3/17/2026 16:00,0.004130390356294811,0.0021945164073258637,0.001619073181063868,0.0
39019,Carroll County,OH,3/17/2026 17:00,0.0054059847025200725,0.0019864616449922325,0.0010923843394266442,0.0
39019,Carroll County,OH,3/17/2026 18:00,0.004413946240674704,0.002393317478708923,0.00114101663348265,0.0
39019,Carroll County,OH,3/17/2026 19:00,0.0033520397264510393,0.002140368800610304,0.0011442884599091486,0.0
39019,Carroll County,OH,3/17/2026 20:00,0.0035400078631937504,0.0017566552618518473,0.0011263763153692707,0.0
39019,Carroll County,OH,3/17/2026 21:00,0.003561371238902211,0.002153058140538633,0.0,0.0
39019,Carroll County,OH,3/17/2026 22:00,0.003201435785740614,0.002739521930925548,0.0,0.0
39019,Carroll County,OH,3/17/2026 23:00,0.0030636541778221726,0.0022541799582540987,0.0,0.0
39019,Carroll County,OH,3/18/2026 0:00,0.0021488024794962257,0.001544581726193428,0.0,
39019,Carroll County,OH,3/18/2026 1:00,0.0022738571860827506,0.002771926228888333,0.0,
39019,Carroll County,OH,3/18/2026 2:00,0.00205129076493904,0.002327366964891553,0.0,
39019,Carroll County,OH,3/18/2026 3:00,0.0023701986065134406,0.0023224666947498918,0.0,
39019,Carroll County,OH,3/18/2026 4:00,0.0021589629468508065,0.0033783932216465474,0.0,
39019,Carroll County,OH,3/18/2026 5:00,0.0020730786491185427,0.0030075639951974154,0.0,
39019,Carroll County,OH,3/18/2026 6:00,0.0013319325225893408,0.003401913866400719,0.0,
39019,Carroll County,OH,3/18/2026 7:00,0.0023326604859903455,0.0034170384984463457,0.0,
39019,Carroll County,OH,3/18/2026 8:00,0.00189867801964283,0.002721472643315792,0.0,
39019,Carroll County,OH,3/18/2026 9:00,0.0,0.0027288324665278195,0.0,
39019,Carroll County,OH,3/18/2026 10:00,0.0,0.0015152581559959798,0.0,
39019,Carroll County,OH,3/18/2026 11:00,0.0,0.0011802312423242257,0.0,
39019,Carroll County,OH,3/18/2026 12:00,0.0,0.0,0.001152882375754416,
39019,Carroll County,OH,3/18/2026 13:00,0.0,0.0,0.0012936458122567273,
39019,Carroll County,OH,3/18/2026 14:00,0.0,0.0,0.0010746250292868354,
39019,Carroll County,OH,3/18/2026 15:00,0.0,0.0,0.0,
39019,Carroll County,OH,3/18/2026 16:00,0.0,0.0,0.0,
39019,Carroll County,OH,3/18/2026 17:00,0.0,0.0,0.0,
39019,Carroll County,OH,3/18/2026 18:00,0.0,0.0,0.0,
39019,Carroll County,OH,3/18/2026 19:00,0.0,0.0,0.0,
39019,Carroll County,OH,3/18/2026 20:00,0.0,0.0,0.0,
39019,Carroll County,OH,3/18/2026 21:00,0.0,0.0,0.0,
39019,Carroll County,OH,3/18/2026 22:00,0.0,0.0,0.0,
39019,Carroll County,OH,3/18/2026 23:00,0.0,0.0,0.0,
39019,Carroll County,OH,3/19/2026 0:00,0.0,0.0,,
39019,Carroll County,OH,3/19/2026 1:00,0.0,0.0,,
39019,Carroll County,OH,3/19/2026 2:00,0.0,0.0,,
39019,Carroll County,OH,3/19/2026 3:00,0.0,0.0,,
39019,Carroll County,OH,3/19/2026 4:00,0.0,0.0,,
39019,Carroll County,OH,3/19/2026 5:00,0.0,0.0,,
39019,Carroll County,OH,3/19/2026 6:00,0.0,0.0,,
39019,Carroll County,OH,3/19/2026 7:00,0.0,0.0,,
39019,Carroll County,OH,3/19/2026 8:00,0.0,0.0,,
39019,Carroll County,OH,3/19/2026 9:00,0.0,0.0,,
39019,Carroll County,OH,3/19/2026 10:00,0.0,0.0,,
39019,Carroll County,OH,3/19/2026 11:00,0.0,0.0,,
39019,Carroll County,OH,3/19/2026 12:00,0.0,0.0,,
39019,Carroll County,OH,3/19/2026 13:00,0.0,0.0,,
39019,Carroll County,OH,3/19/2026 14:00,0.0,0.0,,
39019,Carroll County,OH,3/19/2026 15:00,0.0,0.0,,
39019,Carroll County,OH,3/19/2026 16:00,0.0,0.0,,
39019,Carroll County,OH,3/19/2026 17:00,0.0,0.0,,
39019,Carroll County,OH,3/19/2026 18:00,0.0,,,
39019,Carroll County,OH,3/19/2026 19:00,0.0,,,
39019,Carroll County,OH,3/19/2026 20:00,0.0,,,
39019,Carroll County,OH,3/19/2026 21:00,0.0,,,
39019,Carroll County,OH,3/19/2026 22:00,0.0,,,
39019,Carroll County,OH,3/19/2026 23:00,,,,
39021,Champaign County,OH,3/14/2026 0:00,0.09537674469174817,0.08001150535419584,0.011274067079648375,0.008424839831423014
39021,Champaign County,OH,3/14/2026 1:00,0.08615448675118387,0.077164245583117,0.010424920287914575,0.008199751825304701
39021,Champaign County,OH,3/14/2026 2:00,0.08305487199686468,0.078533367626369,0.00964882574044168,0.00797671140753664
39021,Champaign County,OH,3/14/2026 3:00,0.08254617208149284,0.07256551664322615,0.0095879323547706,0.008750826586037874
39021,Champaign County,OH,3/14/2026 4:00,0.08282735827378929,0.06807695720344782,0.010025149257853628,0.0086066834628582
39021,Champaign County,OH,3/14/2026 5:00,0.08048731205053627,0.06092354143038392,0.0095029913703911,0.008270057861227541
39021,Champaign County,OH,3/14/2026 6:00,0.07877606645342894,0.056221280619502066,0.00890131751075387,0.008082703285617754
39021,Champaign County,OH,3/14/2026 7:00,0.0797825887275394,0.0512264019344002,0.008817054936662317,0.008227169228484854
39021,Champaign County,OH,3/14/2026 8:00,0.0730451051495038,0.05006756680086255,0.007880597852636128,0.00849600748042576
39021,Champaign County,OH,3/14/2026 9:00,0.06874626979697496,0.04235917152836919,0.007775940466672182,0.008973247013636864
39021,Champaign County,OH,3/14/2026 10:00,0.061397380486596376,0.04029236845672131,0.0074663008097559215,0.008811471069930122
39021,Champaign County,OH,3/14/2026 11:00,0.056286820385139436,0.03858716702088714,0.007290302717592567,0.007389230447006412
39021,Champaign County,OH,3/14/2026 12:00,0.050971113494597375,0.03537508985027671,0.006486878637224436,0.006522793037584051
39021,Champaign County,OH,3/14/2026 13:00,0.04987640038598329,0.029612761549651624,0.008761717169545592,0.005741899815620855
39021,Champaign County,OH,3/14/2026 14:00,0.04208427597768605,0.021523471642285585,0.011037780926562846,0.0054032199375797065
39021,Champaign County,OH,3/14/2026 15:00,0.039541780948638916,0.020494048669934272,0.011561748827807606,0.004733026225585491
39021,Champaign County,OH,3/14/2026 16:00,0.037919922498986125,0.020000455621629953,0.009725023992359638,0.00406573211948853
39021,Champaign County,OH,3/14/2026 17:00,0.03462784213479608,0.01909129060804844,0.010149234440177679,0.003667953432886861
39021,Champaign County,OH,3/14/2026 18:00,0.029107802431099117,0.015185769554227591,0.009125235886313022,0.0033569710358278826
39021,Champaign County,OH,3/14/2026 19:00,0.021190924802795053,0.013295304728671908,0.0087499508401379,0.0031671001226641236
39021,Champaign County,OH,3/14/2026 20:00,0.020000599324703217,0.012083114590495825,0.006787728681229055,0.0031153857184108348
39021,Champaign County,OH,3/14/2026 21:00,0.019675194169394672,0.011651877732947468,0.006515326886437833,0.0030556347104720772
39021,Champaign County,OH,3/14/2026 22:00,0.018590645398944616,0.011967131542041898,0.005792241892777383,0.0029562456940766422
39021,Champaign County,OH,3/14/2026 23:00,0.014832515735179186,0.011756733525544405,0.006190589698962867,0.002928160544252023
39021,Champaign County,OH,3/15/2026 0:00,0.013164435396902263,0.010910764569416642,0.0059790697414428,0.003028668713523075
39021,Champaign County,OH,3/15/2026 1:00,0.011794985504820943,0.011250091763213278,0.006407799466978758,0.0025088186434004457
39021,Champaign County,OH,3/15/2026 2:00,0.010820976924151182,0.011356576625257731,0.006922056712210178,0.0026396546338219194
39021,Champaign County,OH,3/15/2026 3:00,0.011483902693726122,0.010035892715677619,0.006545417685993015,0.002637593075633049
39021,Champaign County,OH,3/15/2026 4:00,0.011081504868343472,0.009959185542538763,0.006296520214527845,0.0023906297516077756
39021,Champaign County,OH,3/15/2026 5:00,0.00998394179623574,0.0093814336694777,0.005720700300298632,0.0023340301937423646
39021,Champaign County,OH,3/15/2026 6:00,0.01056711538694799,0.009358747862279415,0.00570175654720515,0.002384415315464139
39021,Champaign County,OH,3/15/2026 7:00,0.010932620614767075,0.011053434666246175,0.006560212303884328,0.0023880669206846504
39021,Champaign County,OH,3/15/2026 8:00,0.009461213368922472,0.012812748923897744,0.006327069422695786,0.0022678290144540368
39021,Champaign County,OH,3/15/2026 9:00,0.009263197891414165,0.013626745902001858,0.006299744802527129,0.002334941935259849
39021,Champaign County,OH,3/15/2026 10:00,0.008858897374011576,0.013218053244054317,0.006885201903060079,0.002473338728304952
39021,Champaign County,OH,3/15/2026 11:00,0.008912294637411833,0.014794734586030246,0.006773311749566346,0.002562735427636653
39021,Champaign County,OH,3/15/2026 12:00,0.010361328721046448,0.013568912725895643,0.0059912776458077134,0.002727372176013887
39021,Champaign County,OH,3/15/2026 13:00,0.012294329586438835,0.011767135560512542,0.005851817649090663,0.0025865932693704963
39021,Champaign County,OH,3/15/2026 14:00,0.01281989342533052,0.00974282594397664,0.005967178005084861,0.0022890325810294597
39021,Champaign County,OH,3/15/2026 15:00,0.012300560250878334,0.009045103192329406,0.0050425207067746666,0.0019218739529605956
39021,Champaign County,OH,3/15/2026 16:00,0.013837764039635658,0.008866946399211883,0.004398933367338031,0.0014436812576605006
39021,Champaign County,OH,3/15/2026 17:00,0.012892713537439704,0.009094445314258338,0.004305017529986799,0.0
39021,Champaign County,OH,3/15/2026 18:00,0.011623502941802144,0.008228454599156975,0.004616224038181826,0.0
39021,Champaign County,OH,3/15/2026 19:00,0.00945396302267909,0.008548301085829735,0.004295743000693619,0.0
39021,Champaign County,OH,3/15/2026 20:00,0.008735291543416679,0.008498479053378106,0.004429622617317363,0.0
39021,Champaign County,OH,3/15/2026 21:00,0.008137532626278698,0.009239251539111138,0.0042411400703713294,0.0
39021,Champaign County,OH,3/15/2026 22:00,0.008171782363206148,0.008477020729333162,0.004625183151802048,0.0
39021,Champaign County,OH,3/15/2026 23:00,0.007455994142219424,0.007663598004728556,0.004868781624827534,0.0
39021,Champaign County,OH,3/16/2026 0:00,0.0072940734680742025,0.0075957091525197026,0.0041923192649846895,0.0
39021,Champaign County,OH,3/16/2026 1:00,0.0070863396394997835,0.0088202103972435,0.0037533932569203897,0.0
39021,Champaign County,OH,3/16/2026 2:00,0.008188067702576518,0.00819694111123681,0.003985565022958326,0.0
39021,Champaign County,OH,3/16/2026 3:00,0.008110736263915896,0.00840713456273079,0.0030383979115867986,0.0
39021,Champaign County,OH,3/16/2026 4:00,0.008058415667619556,0.007205621711909771,0.0022041866162908264,0.0
39021,Champaign County,OH,3/16/2026 5:00,0.007806421781424433,0.006518371216952801,0.002119239413877949,0.0
39021,Champaign County,OH,3/16/2026 6:00,0.009505568858003244,0.006768863089382649,0.0023101643775589762,0.0
39021,Champaign County,OH,3/16/2026 7:00,0.009015881281811744,0.005280468706041574,0.0020864638339844533,0.0
39021,Champaign County,OH,3/16/2026 8:00,0.008953416807344183,0.004843829432502389,0.0020240085519617423,0.0
39021,Champaign County,OH,3/16/2026 9:00,0.007438473287038505,0.00416867018211633,0.0014656495717645158,0.0
39021,Champaign County,OH,3/16/2026 10:00,0.007170543263782747,0.0035677564330399035,0.0018179892660555197,0.0
39021,Champaign County,OH,3/16/2026 11:00,0.007275433192262426,0.003464477974921465,0.0018683911743210047,0.0
39021,Champaign County,OH,3/16/2026 12:00,0.005736099788919091,0.003324174671433866,0.0020195124663587192,0.0
39021,Champaign County,OH,3/16/2026 13:00,0.005272246111417189,0.0031139376806095243,0.0019007892107765656,0.0
39021,Champaign County,OH,3/16/2026 14:00,0.004366196691989899,0.002948735188692808,0.001421734381801798,0.0
39021,Champaign County,OH,3/16/2026 15:00,0.004056361700349953,0.0028720837784931065,0.0,0.0
39021,Champaign County,OH,3/16/2026 16:00,0.003855922494039987,0.0029457947704941033,0.0,0.0
39021,Champaign County,OH,3/16/2026 17:00,0.0037091290978423785,0.0030072921654209495,0.0,0.0
39021,Champaign County,OH,3/16/2026 18:00,0.0034858727813116275,0.002861124835908413,0.0,0.0
39021,Champaign County,OH,3/16/2026 19:00,0.0030189424578566104,0.0026855541625991465,0.0,0.0
39021,Champaign County,OH,3/16/2026 20:00,0.002936479140771553,0.002676884853281081,0.0,0.0
39021,Champaign County,OH,3/16/2026 21:00,0.0029409113340079784,0.0022492953576147556,0.0,0.0
39021,Champaign County,OH,3/16/2026 22:00,0.0030316381016746163,0.002186885802075267,0.0,0.0
39021,Champaign County,OH,3/16/2026 23:00,0.002814632054651156,0.0020438213367015125,0.0,0.0
39021,Champaign County,OH,3/17/2026 0:00,0.00276723453134764,0.0021584183559753,0.0,0.0
39021,Champaign County,OH,3/17/2026 1:00,0.002696548748645,0.002055595605634153,0.0,0.0
39021,Champaign County,OH,3/17/2026 2:00,0.0022565042600035667,0.002015618828590959,0.0,0.0
39021,Champaign County,OH,3/17/2026 3:00,0.0023214269458549097,0.0018577242968603968,0.0,0.0
39021,Champaign County,OH,3/17/2026 4:00,0.0022166031831147848,0.0020417611696757374,0.0,0.0
39021,Champaign County,OH,3/17/2026 5:00,0.0022881300137669314,0.0020924133248627188,0.0,0.0
39021,Champaign County,OH,3/17/2026 6:00,0.0022494052809634013,0.0022259249235503376,0.0,0.0
39021,Champaign County,OH,3/17/2026 7:00,0.0021146285216673277,0.002453620673622936,0.0,0.0
39021,Champaign County,OH,3/17/2026 8:00,0.0018977044965140522,0.001976367342285812,0.0,0.0
39021,Champaign County,OH,3/17/2026 9:00,0.002168838074794621,0.0014963146299123765,0.0,0.0
39021,Champaign County,OH,3/17/2026 10:00,0.002267467802084866,0.0011185828363522888,0.0,0.0
39021,Champaign County,OH,3/17/2026 11:00,0.002381637663802394,0.0,0.0,0.0
39021,Champaign County,OH,3/17/2026 12:00,0.002564953472756315,0.0,0.0,0.0
39021,Champaign County,OH,3/17/2026 13:00,0.0021068929831926653,0.0,0.0,0.0
39021,Champaign County,OH,3/17/2026 14:00,0.0016637189783068607,0.0,0.0,0.0
39021,Champaign County,OH,3/17/2026 15:00,0.0012696611929641222,0.0,0.0,0.0
39021,Champaign County,OH,3/17/2026 16:00,0.0011030106034013443,0.0,0.0,0.0
39021,Champaign County,OH,3/17/2026 17:00,0.0,0.0,0.0,0.0
39021,Champaign County,OH,3/17/2026 18:00,0.0,0.0,0.0,0.0
39021,Champaign County,OH,3/17/2026 19:00,0.0,0.0,0.0,0.0
39021,Champaign County,OH,3/17/2026 20:00,0.0,0.0,0.0,0.0
39021,Champaign County,OH,3/17/2026 21:00,0.0,0.0,0.0,0.0
39021,Champaign County,OH,3/17/2026 22:00,0.0,0.0,0.0,0.0
39021,Champaign County,OH,3/17/2026 23:00,0.0,0.0,0.0,0.0
39021,Champaign County,OH,3/18/2026 0:00,0.0,0.0,0.0,
39021,Champaign County,OH,3/18/2026 1:00,0.0,0.0,0.0,
39021,Champaign County,OH,3/18/2026 2:00,0.0,0.0,0.0,
39021,Champaign County,OH,3/18/2026 3:00,0.0,0.0,0.0,
39021,Champaign County,OH,3/18/2026 4:00,0.0,0.0,0.0,
39021,Champaign County,OH,3/18/2026 5:00,0.0,0.0,0.0,
39021,Champaign County,OH,3/18/2026 6:00,0.0,0.0,0.0,
39021,Champaign County,OH,3/18/2026 7:00,0.0,0.0,0.0,
39021,Champaign County,OH,3/18/2026 8:00,0.0,0.0,0.0,
39021,Champaign County,OH,3/18/2026 9:00,0.0,0.0,0.0,
39021,Champaign County,OH,3/18/2026 10:00,0.0,0.0,0.0,
39021,Champaign County,OH,3/18/2026 11:00,0.0,0.0,0.0,
39021,Champaign County,OH,3/18/2026 12:00,0.0,0.0,0.0,
39021,Champaign County,OH,3/18/2026 13:00,0.0,0.0,0.0,
39021,Champaign County,OH,3/18/2026 14:00,0.0,0.0,0.0,
39021,Champaign County,OH,3/18/2026 15:00,0.0,0.0,0.0,
39021,Champaign County,OH,3/18/2026 16:00,0.0,0.0,0.0,
39021,Champaign County,OH,3/18/2026 17:00,0.0,0.0,0.0,
39021,Champaign County,OH,3/18/2026 18:00,0.0,0.0,0.0,
39021,Champaign County,OH,3/18/2026 19:00,0.0,0.0,0.0,
39021,Champaign County,OH,3/18/2026 20:00,0.0,0.0,0.0,
39021,Champaign County,OH,3/18/2026 21:00,0.0,0.0,0.0,
39021,Champaign County,OH,3/18/2026 22:00,0.0,0.0,0.0,
39021,Champaign County,OH,3/18/2026 23:00,0.0,0.0,0.0,
39021,Champaign County,OH,3/19/2026 0:00,0.0,0.0,,
39021,Champaign County,OH,3/19/2026 1:00,0.0,0.0,,
39021,Champaign County,OH,3/19/2026 2:00,0.0,0.0,,
39021,Champaign County,OH,3/19/2026 3:00,0.0,0.0,,
39021,Champaign County,OH,3/19/2026 4:00,0.0,0.0,,
39021,Champaign County,OH,3/19/2026 5:00,0.0,0.0,,
39021,Champaign County,OH,3/19/2026 6:00,0.0,0.0,,
39021,Champaign County,OH,3/19/2026 7:00,0.0,0.0,,
39021,Champaign County,OH,3/19/2026 8:00,0.0,0.0,,
39021,Champaign County,OH,3/19/2026 9:00,0.0,0.0,,
39021,Champaign County,OH,3/19/2026 10:00,0.0,0.0,,
39021,Champaign County,OH,3/19/2026 11:00,0.0,0.0,,
39021,Champaign County,OH,3/19/2026 12:00,0.0,0.0,,
39021,Champaign County,OH,3/19/2026 13:00,0.0,0.0,,
39021,Champaign County,OH,3/19/2026 14:00,0.0,0.0,,
39021,Champaign County,OH,3/19/2026 15:00,0.0,0.0,,
39021,Champaign County,OH,3/19/2026 16:00,0.0,0.0,,
39021,Champaign County,OH,3/19/2026 17:00,0.0,0.0,,
39021,Champaign County,OH,3/19/2026 18:00,0.0,,,
39021,Champaign County,OH,3/19/2026 19:00,0.0,,,
39021,Champaign County,OH,3/19/2026 20:00,0.0,,,
39021,Champaign County,OH,3/19/2026 21:00,0.0,,,
39021,Champaign County,OH,3/19/2026 22:00,0.0,,,
39021,Champaign County,OH,3/19/2026 23:00,,,,
39041,Delaware County,OH,3/14/2026 0:00,0.06810591818066314,0.06097598075866699,0.02010197825729847,0.003268143587047234
39041,Delaware County,OH,3/14/2026 1:00,0.06811176741030067,0.060317064821720126,0.01847492257365957,0.003106139914598316
39041,Delaware County,OH,3/14/2026 2:00,0.06772519997321069,0.05655669132247567,0.018664487358182668,0.0038965848070802167
39041,Delaware County,OH,3/14/2026 3:00,0.06396245490759611,0.056680114939808846,0.018280210765078665,0.005216459557414055
39041,Delaware County,OH,3/14/2026 4:00,0.06381006340961903,0.05315220318734646,0.017588924849405885,0.005823921598494053
39041,Delaware County,OH,3/14/2026 5:00,0.062142073875293136,0.05172481834888458,0.016340141207911073,0.007300309557467698
39041,Delaware County,OH,3/14/2026 6:00,0.05971301253885031,0.049679783172905445,0.015513839467894286,0.005933934170752764
39041,Delaware County,OH,3/14/2026 7:00,0.056576881906948984,0.04731074366718531,0.015021985839121043,0.005716957221738994
39041,Delaware County,OH,3/14/2026 8:00,0.05767655652016401,0.04654791541397572,0.015190732502378523,0.007362055708654225
39041,Delaware County,OH,3/14/2026 9:00,0.05413591722026467,0.04447395987808704,0.01501502066385001,0.00603453868534416
39041,Delaware County,OH,3/14/2026 10:00,0.053625369211658835,0.043608779832720754,0.012106141925323754,0.005030725395772606
39041,Delaware County,OH,3/14/2026 11:00,0.0517527237534523,0.04183247722685337,0.012372579996008427,0.0049697972601279615
39041,Delaware County,OH,3/14/2026 12:00,0.04969432903453708,0.04052134342491627,0.012454902890021912,0.005361717892810702
39041,Delaware County,OH,3/14/2026 13:00,0.04694174323230982,0.03556986376643181,0.013528218981809914,0.0039740946842357515
39041,Delaware County,OH,3/14/2026 14:00,0.04323507065419108,0.02667652554810047,0.012257010000757873,0.00363388282712549
39041,Delaware County,OH,3/14/2026 15:00,0.04494363768026233,0.02395829688757658,0.01470556939020753,0.003810276312287897
39041,Delaware County,OH,3/14/2026 16:00,0.0422242502681911,0.02084080344066024,0.014387744828127325,0.003662524605169892
39041,Delaware County,OH,3/14/2026 17:00,0.04031464154832065,0.019882432464510203,0.013809172459878028,0.003320484037976712
39041,Delaware County,OH,3/14/2026 18:00,0.03579751425422728,0.01976786684244871,0.012800607969984413,0.0028911255183629693
39041,Delaware County,OH,3/14/2026 19:00,0.026246700319461524,0.01861679432913661,0.010674372571520508,0.0025401349063031375
39041,Delaware County,OH,3/14/2026 20:00,0.02273028189665638,0.017465053778141736,0.008751432783901692,0.00210262915934436
39041,Delaware County,OH,3/14/2026 21:00,0.020298966206610203,0.01699308818206191,0.0070268949028104545,0.00199544905917719
39041,Delaware County,OH,3/14/2026 22:00,0.018667514465050772,0.016573620634153484,0.005227824511530343,0.0014806402352405712
39041,Delaware County,OH,3/14/2026 23:00,0.017627721070311964,0.015993064735084772,0.004866689778646105,0.0018965460942126809
39041,Delaware County,OH,3/15/2026 0:00,0.017641030630329624,0.014889174303971232,0.004534673551097513,0.0
39041,Delaware County,OH,3/15/2026 1:00,0.015940845652949065,0.014944419404491783,0.00441546986985486,0.0
39041,Delaware County,OH,3/15/2026 2:00,0.015445498342160136,0.014871912356466056,0.004498325719032437,0.0
39041,Delaware County,OH,3/15/2026 3:00,0.014907432836480439,0.014600451663136482,0.005371307273162529,0.0
39041,Delaware County,OH,3/15/2026 4:00,0.015444277334609069,0.0133189813233912,0.005555608170107007,0.0
39041,Delaware County,OH,3/15/2026 5:00,0.014838034228887409,0.013100408390164376,0.00519202696159482,0.0
39041,Delaware County,OH,3/15/2026 6:00,0.01450188134185737,0.013285057619214058,0.005341608414892107,0.001190764072816819
39041,Delaware County,OH,3/15/2026 7:00,0.014928785501979291,0.013574849162250758,0.0054347706667613235,0.001269831508398056
39041,Delaware County,OH,3/15/2026 8:00,0.013625484119984321,0.014080841280519962,0.005556989985780092,0.0014846562175080179
39041,Delaware County,OH,3/15/2026 9:00,0.012998702964978293,0.014350328128784895,0.005796099680810585,0.0015462113777175545
39041,Delaware County,OH,3/15/2026 10:00,0.012808348285034299,0.01420984547585249,0.005949793922627578,0.0015487284632399677
39041,Delaware County,OH,3/15/2026 11:00,0.0106051821494475,0.013539644982665777,0.005562944443954621,0.0015119005227461457
39041,Delaware County,OH,3/15/2026 12:00,0.011485261435154825,0.012299113627523183,0.005171121377497911,0.001669885287992656
39041,Delaware County,OH,3/15/2026 13:00,0.012230172942508943,0.009649325255304575,0.004929942573653534,0.0015929982997477054
39041,Delaware County,OH,3/15/2026 14:00,0.012976330821402371,0.00793124478077516,0.004438053540070541,0.0015368740074336528
39041,Delaware County,OH,3/15/2026 15:00,0.013781742716673762,0.006888975505717099,0.0036955131916329266,0.0011422136100009083
39041,Delaware County,OH,3/15/2026 16:00,0.013950725086033344,0.006536030769348144,0.0033473254152340814,0.0
39041,Delaware County,OH,3/15/2026 17:00,0.01259163103532046,0.0059771004715003075,0.0028549755053973057,0.0
39041,Delaware County,OH,3/15/2026 18:00,0.009726273245178163,0.005667799047660083,0.002865197563369293,0.0
39041,Delaware County,OH,3/15/2026 19:00,0.008014041624846868,0.005391535593662411,0.002621371194254607,0.0
39041,Delaware County,OH,3/15/2026 20:00,0.006521205068565905,0.005951929232105612,0.002678206763812341,0.0
39041,Delaware County,OH,3/15/2026 21:00,0.0049816821701824665,0.006744728423655033,0.0022351142833940685,0.0
39041,Delaware County,OH,3/15/2026 22:00,0.004317737300880253,0.007570996228605509,0.0023145671268139266,0.0
39041,Delaware County,OH,3/15/2026 23:00,0.00394500931724906,0.00676542092114687,0.0020380294292408506,0.0
39041,Delaware County,OH,3/16/2026 0:00,0.0035531792091205716,0.005402953096199781,0.0020240796453435904,0.0
39041,Delaware County,OH,3/16/2026 1:00,0.004251070553436875,0.005349413538351655,0.0019846050388878213,0.0
39041,Delaware County,OH,3/16/2026 2:00,0.004932419629767537,0.0065394049976021055,0.0019180407078238204,0.0
39041,Delaware County,OH,3/16/2026 3:00,0.0122343385592103,0.006664428487420082,0.0023353942320682108,0.0
39041,Delaware County,OH,3/16/2026 4:00,0.010867808945477009,0.005937611171975732,0.0,0.0
39041,Delaware County,OH,3/16/2026 5:00,0.010263336356729269,0.005150275118649006,0.0017052164068445562,0.0
39041,Delaware County,OH,3/16/2026 6:00,0.005285458290018141,0.0046164638362824915,0.001484522083774209,0.0
39041,Delaware County,OH,3/16/2026 7:00,0.007008557440713048,0.004238352901302278,0.0,0.0
39041,Delaware County,OH,3/16/2026 8:00,0.008624456124380231,0.003717978179338388,0.0,0.0
39041,Delaware County,OH,3/16/2026 9:00,0.005824619787745178,0.0031266720150597395,0.0,0.0
39041,Delaware County,OH,3/16/2026 10:00,0.004379006335511804,0.0028258837759494782,0.0,0.0
39041,Delaware County,OH,3/16/2026 11:00,0.005227443587500602,0.002615264162886888,0.0,0.0
39041,Delaware County,OH,3/16/2026 12:00,0.004394354589749128,0.0027526040095835922,0.0016234234557487071,0.0
39041,Delaware County,OH,3/16/2026 13:00,0.005604995065368712,0.002968558482825756,0.0,0.0
39041,Delaware County,OH,3/16/2026 14:00,0.005921474425122142,0.0019765760691370813,0.0,0.0
39041,Delaware County,OH,3/16/2026 15:00,0.0045828663278371096,0.0019232639111578464,0.0,0.0
39041,Delaware County,OH,3/16/2026 16:00,0.0032379546901211143,0.0019064960884861647,0.0,0.0
39041,Delaware County,OH,3/16/2026 17:00,0.0034364319290034473,0.0017533531645312905,0.0,0.0
39041,Delaware County,OH,3/16/2026 18:00,0.003334679175168276,0.001754034194163978,0.0,0.0
39041,Delaware County,OH,3/16/2026 19:00,0.0030421505216509104,0.001603268668986857,0.0,0.0
39041,Delaware County,OH,3/16/2026 20:00,0.002258715423522517,0.0014305270509794355,0.0,0.0
39041,Delaware County,OH,3/16/2026 21:00,0.001815649593481794,0.0014223788515664638,0.0,0.0
39041,Delaware County,OH,3/16/2026 22:00,0.0015583772619720548,0.001322840218199417,0.0,0.0
39041,Delaware County,OH,3/16/2026 23:00,0.00201784669116023,0.001058963732793927,0.0,0.0
39041,Delaware County,OH,3/17/2026 0:00,0.0029195661190897226,0.0,0.0,0.0
39041,Delaware County,OH,3/17/2026 1:00,0.002413984213490039,0.0010174319380894304,0.0,0.0
39041,Delaware County,OH,3/17/2026 2:00,0.0026812369469553232,0.0,0.0,0.0
39041,Delaware County,OH,3/17/2026 3:00,0.0018746386631391943,0.0,0.0,0.0
39041,Delaware County,OH,3/17/2026 4:00,0.0012050590007675055,0.0,0.0,0.0
39041,Delaware County,OH,3/17/2026 5:00,0.0015591052360832691,0.0011008111760020256,0.0,0.0
39041,Delaware County,OH,3/17/2026 6:00,0.0014428707509068772,0.0010977603727951647,0.0,0.0
39041,Delaware County,OH,3/17/2026 7:00,0.0015054672840051353,0.0,0.0,0.0
39041,Delaware County,OH,3/17/2026 8:00,0.0014444757835008204,0.0,0.0,0.0
39041,Delaware County,OH,3/17/2026 9:00,0.001031394065648783,0.0,0.0,0.0
39041,Delaware County,OH,3/17/2026 10:00,0.0016338226851075888,0.0,0.0,0.0
39041,Delaware County,OH,3/17/2026 11:00,0.0015731368330307305,0.0,0.0,0.0
39041,Delaware County,OH,3/17/2026 12:00,0.0010084967652801424,0.0,0.0012337637388554867,0.0
39041,Delaware County,OH,3/17/2026 13:00,0.0,0.0,0.0,0.0
39041,Delaware County,OH,3/17/2026 14:00,0.0,0.0,0.0,0.0
39041,Delaware County,OH,3/17/2026 15:00,0.0,0.0,0.0,0.0
39041,Delaware County,OH,3/17/2026 16:00,0.0,0.0,0.0,0.0
39041,Delaware County,OH,3/17/2026 17:00,0.0,0.0,0.0,0.0
39041,Delaware County,OH,3/17/2026 18:00,0.0,0.0,0.0,0.0
39041,Delaware County,OH,3/17/2026 19:00,0.0,0.0,0.0,0.0
39041,Delaware County,OH,3/17/2026 20:00,0.0,0.0,0.0,0.0
39041,Delaware County,OH,3/17/2026 21:00,0.0,0.0,0.0,0.0
39041,Delaware County,OH,3/17/2026 22:00,0.0,0.0,0.0,0.0
39041,Delaware County,OH,3/17/2026 23:00,0.0,0.0,0.0,0.0
39041,Delaware County,OH,3/18/2026 0:00,0.0,0.0,0.0,
39041,Delaware County,OH,3/18/2026 1:00,0.0,0.0,0.0,
39041,Delaware County,OH,3/18/2026 2:00,0.0,0.0,0.0,
39041,Delaware County,OH,3/18/2026 3:00,0.0,0.0,0.0,
39041,Delaware County,OH,3/18/2026 4:00,0.0,0.0,0.0,
39041,Delaware County,OH,3/18/2026 5:00,0.0,0.0,0.0,
39041,Delaware County,OH,3/18/2026 6:00,0.0,0.0011167789536557394,0.0,
39041,Delaware County,OH,3/18/2026 7:00,0.0,0.0,0.0,
39041,Delaware County,OH,3/18/2026 8:00,0.0,0.0,0.0,
39041,Delaware County,OH,3/18/2026 9:00,0.0,0.0,0.0,
39041,Delaware County,OH,3/18/2026 10:00,0.0,0.0,0.0,
39041,Delaware County,OH,3/18/2026 11:00,0.0,0.0,0.0,
39041,Delaware County,OH,3/18/2026 12:00,0.0,0.0,0.0,
39041,Delaware County,OH,3/18/2026 13:00,0.0,0.0,0.0,
39041,Delaware County,OH,3/18/2026 14:00,0.0,0.0,0.0,
39041,Delaware County,OH,3/18/2026 15:00,0.0,0.0,0.0,
39041,Delaware County,OH,3/18/2026 16:00,0.0,0.0,0.0,
39041,Delaware County,OH,3/18/2026 17:00,0.0,0.0,0.0,
39041,Delaware County,OH,3/18/2026 18:00,0.0,0.0,0.0,
39041,Delaware County,OH,3/18/2026 19:00,0.0,0.0,0.0,
39041,Delaware County,OH,3/18/2026 20:00,0.0,0.0,0.0,
39041,Delaware County,OH,3/18/2026 21:00,0.0,0.0,0.0,
39041,Delaware County,OH,3/18/2026 22:00,0.0,0.0,0.0,
39041,Delaware County,OH,3/18/2026 23:00,0.0,0.0,0.0,
39041,Delaware County,OH,3/19/2026 0:00,0.0,0.0,,
39041,Delaware County,OH,3/19/2026 1:00,0.0,0.0,,
39041,Delaware County,OH,3/19/2026 2:00,0.0,0.0,,
39041,Delaware County,OH,3/19/2026 3:00,0.0,0.0,,
39041,Delaware County,OH,3/19/2026 4:00,0.0,0.0,,
39041,Delaware County,OH,3/19/2026 5:00,0.0,0.0,,
39041,Delaware County,OH,3/19/2026 6:00,0.0,0.0,,
39041,Delaware County,OH,3/19/2026 7:00,0.0,0.0,,
39041,Delaware County,OH,3/19/2026 8:00,0.0,0.0,,
39041,Delaware County,OH,3/19/2026 9:00,0.0,0.0,,
39041,Delaware County,OH,3/19/2026 10:00,0.0,0.0,,
39041,Delaware County,OH,3/19/2026 11:00,0.0,0.0,,
39041,Delaware County,OH,3/19/2026 12:00,0.0,0.0,,
39041,Delaware County,OH,3/19/2026 13:00,0.0,0.0,,
39041,Delaware County,OH,3/19/2026 14:00,0.0,0.0,,
39041,Delaware County,OH,3/19/2026 15:00,0.0,0.0,,
39041,Delaware County,OH,3/19/2026 16:00,0.0,0.0,,
39041,Delaware County,OH,3/19/2026 17:00,0.0,0.0,,
39041,Delaware County,OH,3/19/2026 18:00,0.0,,,
39041,Delaware County,OH,3/19/2026 19:00,0.0,,,
39041,Delaware County,OH,3/19/2026 20:00,0.0,,,
39041,Delaware County,OH,3/19/2026 21:00,0.0,,,
39041,Delaware County,OH,3/19/2026 22:00,0.0,,,
39041,Delaware County,OH,3/19/2026 23:00,,,,
39043,Erie County,OH,3/14/2026 0:00,0.028893679482280277,0.029663083906052636,0.006054155281890417,0.003884633517009206
39043,Erie County,OH,3/14/2026 1:00,0.030500196473440155,0.028616197778319474,0.005602925198036246,0.00443414684268646
39043,Erie County,OH,3/14/2026 2:00,0.03149431577185169,0.02640001674881205,0.005493373941862956,0.0034396464470773935
39043,Erie County,OH,3/14/2026 3:00,0.030316805699840188,0.024774040433112533,0.00530213296005968,0.004432922293199226
39043,Erie County,OH,3/14/2026 4:00,0.02941438916604966,0.02378367956071088,0.005074001624598168,0.0046834173466777426
39043,Erie County,OH,3/14/2026 5:00,0.029764873630483635,0.02231575855403207,0.005283359816530719,0.004593078909965698
39043,Erie County,OH,3/14/2026 6:00,0.029090831521898508,0.021700330026214944,0.005457252581254579,0.004446109996933956
39043,Erie County,OH,3/14/2026 7:00,0.026418549045047257,0.0207977824669797,0.004973115080065327,0.004074272274556279
39043,Erie County,OH,3/14/2026 8:00,0.02472050664073322,0.019198003875499126,0.004590281465789303,0.003812647885933984
39043,Erie County,OH,3/14/2026 9:00,0.02391947309661191,0.017978047899669038,0.004157472617225722,0.0038280041801044716
39043,Erie County,OH,3/14/2026 10:00,0.022373056286596693,0.015298474825794984,0.004305140976794064,0.003982544693280942
39043,Erie County,OH,3/14/2026 11:00,0.021797435940243304,0.013814408858888783,0.004458925436483696,0.0033598331909161063
39043,Erie County,OH,3/14/2026 12:00,0.020836757037614007,0.012136388118960895,0.004374557978735538,0.0029192847316153346
39043,Erie County,OH,3/14/2026 13:00,0.01922578317771695,0.010454803466564045,0.0048489381384570155,0.0027662026288453488
39043,Erie County,OH,3/14/2026 14:00,0.017509245837572962,0.008913951485374128,0.004524411463353317,0.002354525396367535
39043,Erie County,OH,3/14/2026 15:00,0.015058567092637531,0.008096663584001362,0.004937876011535991,0.0022634455992374567
39043,Erie County,OH,3/14/2026 16:00,0.013708769081858918,0.007164374651620164,0.004848238025442697,0.0018995542835909874
39043,Erie County,OH,3/14/2026 17:00,0.01192482517217286,0.007048100064275786,0.004584541928488761,0.0019257400184869767
39043,Erie County,OH,3/14/2026 18:00,0.010388615293777548,0.00611117557855323,0.004105250188149512,0.0017630551476031542
39043,Erie County,OH,3/14/2026 19:00,0.00891605512242677,0.005908622383140027,0.003942861233372241,0.0014256955997552722
39043,Erie County,OH,3/14/2026 20:00,0.008023432281333953,0.0057562056463211775,0.003967625604127533,0.0
39043,Erie County,OH,3/14/2026 21:00,0.006867983844131231,0.005410226620733738,0.0035549696418456732,0.0
39043,Erie County,OH,3/14/2026 22:00,0.006918102997587994,0.005288111395202577,0.003696059764479287,0.0
39043,Erie County,OH,3/14/2026 23:00,0.00591027076006867,0.005214244162198156,0.0032066136394860224,0.0
39043,Erie County,OH,3/15/2026 0:00,0.005729627941036597,0.005215082701761275,0.0032556040590861813,0.0
39043,Erie County,OH,3/15/2026 1:00,0.005576642171945423,0.005174302734667435,0.0037616412300849333,0.0
39043,Erie County,OH,3/15/2026 2:00,0.005265946936560795,0.005135226715356112,0.003282854237477295,0.0
39043,Erie County,OH,3/15/2026 3:00,0.005080123635707423,0.005095976102165878,0.004581487854011357,0.0
39043,Erie County,OH,3/15/2026 4:00,0.0051787473348667845,0.004969771695323288,0.004605382238514722,0.0
39043,Erie County,OH,3/15/2026 5:00,0.005340065865311772,0.004909216065425426,0.0042751510860398415,0.0
39043,Erie County,OH,3/15/2026 6:00,0.005298502335790545,0.004863745649345219,0.004075268999440595,0.0
39043,Erie County,OH,3/15/2026 7:00,0.005076272216683719,0.005649765150155872,0.004914856085088104,0.0
39043,Erie County,OH,3/15/2026 8:00,0.005065738063422032,0.005624830303713679,0.004315298201981932,0.0
39043,Erie County,OH,3/15/2026 9:00,0.004981874109944329,0.00579661742085591,0.003929936050553806,0.0
39043,Erie County,OH,3/15/2026 10:00,0.004751831642352045,0.006136999651789665,0.0031003229873022065,0.0
39043,Erie County,OH,3/15/2026 11:00,0.00494791780874948,0.005352727562421933,0.0029909176731962362,0.0
39043,Erie County,OH,3/15/2026 12:00,0.005372867526602931,0.005141342271235772,0.0029250838386360558,0.0
39043,Erie County,OH,3/15/2026 13:00,0.004679519217461348,0.0045668748090974985,0.002554896450601518,0.0
39043,Erie County,OH,3/15/2026 14:00,0.005248509027296677,0.004178790329024196,0.0023527712182840332,0.0
39043,Erie County,OH,3/15/2026 15:00,0.005668667028658092,0.003959575481712818,0.0023935943841934203,0.0
39043,Erie County,OH,3/15/2026 16:00,0.005509384471224621,0.004160218196921051,0.0020696996478363873,0.0
39043,Erie County,OH,3/15/2026 17:00,0.004514069529250264,0.003893374861218035,0.002146585870650597,0.0
39043,Erie County,OH,3/15/2026 18:00,0.004677703170273162,0.0038181370124220847,0.0020064889569766818,0.0
39043,Erie County,OH,3/15/2026 19:00,0.00479168989113532,0.004037915449589491,0.001925893232692033,0.0
39043,Erie County,OH,3/15/2026 20:00,0.004218742266857589,0.0034251019824296236,0.0018594179884530604,0.0
39043,Erie County,OH,3/15/2026 21:00,0.004130656103370711,0.00445986413396895,0.001689131435705349,0.0
39043,Erie County,OH,3/15/2026 22:00,0.0036540946748573333,0.0051214097999036316,0.0015933074784697965,0.0
39043,Erie County,OH,3/15/2026 23:00,0.0038105061976239085,0.0047878202516585585,0.0013916176598286257,0.0
39043,Erie County,OH,3/16/2026 0:00,0.00447893329692306,0.004606312559917569,0.0012851265957579017,0.0
39043,Erie County,OH,3/16/2026 1:00,0.0034375362447462976,0.005254541174508631,0.0,0.0
39043,Erie County,OH,3/16/2026 2:00,0.003919838462024927,0.003982127597555518,0.0,0.0
39043,Erie County,OH,3/16/2026 3:00,0.005295226103044115,0.004525880166329444,0.0,0.0
39043,Erie County,OH,3/16/2026 4:00,0.004911839496344328,0.00280343983322382,0.0,0.0
39043,Erie County,OH,3/16/2026 5:00,0.004461419535800815,0.002421976998448372,0.0,0.0
39043,Erie County,OH,3/16/2026 6:00,0.005040273128543049,0.002079774416051805,0.0,0.0
39043,Erie County,OH,3/16/2026 7:00,0.0043981443013763055,0.002219464676454663,0.0,0.0
39043,Erie County,OH,3/16/2026 8:00,0.004889839794486761,0.001999673736281693,0.0,0.0
39043,Erie County,OH,3/16/2026 9:00,0.003573316731490195,0.0019455741392448544,0.0,0.0
39043,Erie County,OH,3/16/2026 10:00,0.0027581156173255295,0.0016662815818563105,0.0,0.0
39043,Erie County,OH,3/16/2026 11:00,0.002324790388229303,0.001735174679197371,0.0,0.0
39043,Erie County,OH,3/16/2026 12:00,0.002568685245933011,0.0015975623042322694,0.0,0.0
39043,Erie County,OH,3/16/2026 13:00,0.002544132381444797,0.0014062525355257095,0.0,0.0
39043,Erie County,OH,3/16/2026 14:00,0.0026429992576595396,0.0011744802352041007,0.0,0.0
39043,Erie County,OH,3/16/2026 15:00,0.0023041110252961516,0.001286003238055855,0.0,0.0
39043,Erie County,OH,3/16/2026 16:00,0.0021801551774842665,0.001071080972906202,0.0,0.0
39043,Erie County,OH,3/16/2026 17:00,0.002001348475459963,0.0,0.0,0.0
39043,Erie County,OH,3/16/2026 18:00,0.001706249255221337,0.0,0.0,0.0
39043,Erie County,OH,3/16/2026 19:00,0.0016032233543228358,0.0,0.0,0.0
39043,Erie County,OH,3/16/2026 20:00,0.0018330325838178396,0.0,0.0,0.0
39043,Erie County,OH,3/16/2026 21:00,0.0014042650436749682,0.0,0.0,0.0
39043,Erie County,OH,3/16/2026 22:00,0.001389921410009265,0.0,0.0,0.0
39043,Erie County,OH,3/16/2026 23:00,0.0,0.0,0.0,0.0
39043,Erie County,OH,3/17/2026 0:00,0.0,0.0,0.0,0.0
39043,Erie County,OH,3/17/2026 1:00,0.0,0.0,0.0,0.0
39043,Erie County,OH,3/17/2026 2:00,0.0,0.0,0.0,0.0
39043,Erie County,OH,3/17/2026 3:00,0.0,0.0,0.0,0.0
39043,Erie County,OH,3/17/2026 4:00,0.0,0.0,0.0,0.0
39043,Erie County,OH,3/17/2026 5:00,0.0,0.0,0.0,0.0
39043,Erie County,OH,3/17/2026 6:00,0.0,0.0,0.0,0.0
39043,Erie County,OH,3/17/2026 7:00,0.0,0.0,0.0,0.0
39043,Erie County,OH,3/17/2026 8:00,0.0,0.0,0.0,0.0
39043,Erie County,OH,3/17/2026 9:00,0.0,0.0,0.0,0.0
39043,Erie County,OH,3/17/2026 10:00,0.0,0.0,0.0,0.0
39043,Erie County,OH,3/17/2026 11:00,0.0,0.0,0.0,0.0
39043,Erie County,OH,3/17/2026 12:00,0.0,0.0,0.0,0.0
39043,Erie County,OH,3/17/2026 13:00,0.0,0.0,0.0,0.0
39043,Erie County,OH,3/17/2026 14:00,0.0,0.0,0.0,0.0
39043,Erie County,OH,3/17/2026 15:00,0.0,0.0,0.0,0.0
39043,Erie County,OH,3/17/2026 16:00,0.0,0.0,0.0,0.0
39043,Erie County,OH,3/17/2026 17:00,0.0,0.0,0.0,0.0
39043,Erie County,OH,3/17/2026 18:00,0.0,0.0,0.0,0.0
39043,Erie County,OH,3/17/2026 19:00,0.0,0.0,0.0,0.0
39043,Erie County,OH,3/17/2026 20:00,0.0,0.0,0.0,0.0
39043,Erie County,OH,3/17/2026 21:00,0.0,0.0,0.0,0.0
39043,Erie County,OH,3/17/2026 22:00,0.0,0.0,0.0,0.0
39043,Erie County,OH,3/17/2026 23:00,0.0,0.0,0.0,0.0
39043,Erie County,OH,3/18/2026 0:00,0.0,0.0,0.0,
39043,Erie County,OH,3/18/2026 1:00,0.0,0.0,0.0,
39043,Erie County,OH,3/18/2026 2:00,0.0,0.0,0.0,
39043,Erie County,OH,3/18/2026 3:00,0.0,0.0010326347110094503,0.0,
39043,Erie County,OH,3/18/2026 4:00,0.0,0.0,0.0,
39043,Erie County,OH,3/18/2026 5:00,0.0,0.0,0.0,
39043,Erie County,OH,3/18/2026 6:00,0.0,0.0,0.0,
39043,Erie County,OH,3/18/2026 7:00,0.0,0.0,0.0,
39043,Erie County,OH,3/18/2026 8:00,0.0,0.0,0.0,
39043,Erie County,OH,3/18/2026 9:00,0.0,0.0,0.0,
39043,Erie County,OH,3/18/2026 10:00,0.0,0.0,0.0,
39043,Erie County,OH,3/18/2026 11:00,0.0,0.0,0.0,
39043,Erie County,OH,3/18/2026 12:00,0.0,0.0,0.0,
39043,Erie County,OH,3/18/2026 13:00,0.0,0.0,0.0,
39043,Erie County,OH,3/18/2026 14:00,0.0,0.0,0.0,
39043,Erie County,OH,3/18/2026 15:00,0.0,0.0,0.0,
39043,Erie County,OH,3/18/2026 16:00,0.0,0.0,0.0,
39043,Erie County,OH,3/18/2026 17:00,0.0,0.0,0.0,
39043,Erie County,OH,3/18/2026 18:00,0.0,0.0,0.0,
39043,Erie County,OH,3/18/2026 19:00,0.0,0.0,0.0,
39043,Erie County,OH,3/18/2026 20:00,0.0,0.0,0.0,
39043,Erie County,OH,3/18/2026 21:00,0.0,0.0,0.0,
39043,Erie County,OH,3/18/2026 22:00,0.0,0.0,0.0,
39043,Erie County,OH,3/18/2026 23:00,0.0,0.0,0.0,
39043,Erie County,OH,3/19/2026 0:00,0.0,0.0,,
39043,Erie County,OH,3/19/2026 1:00,0.0,0.0,,
39043,Erie County,OH,3/19/2026 2:00,0.0,0.0,,
39043,Erie County,OH,3/19/2026 3:00,0.0,0.0,,
39043,Erie County,OH,3/19/2026 4:00,0.0,0.0,,
39043,Erie County,OH,3/19/2026 5:00,0.0,0.0,,
39043,Erie County,OH,3/19/2026 6:00,0.0,0.0,,
39043,Erie County,OH,3/19/2026 7:00,0.0,0.0,,
39043,Erie County,OH,3/19/2026 8:00,0.0,0.0,,
39043,Erie County,OH,3/19/2026 9:00,0.0,0.0,,
39043,Erie County,OH,3/19/2026 10:00,0.0,0.0,,
39043,Erie County,OH,3/19/2026 11:00,0.0,0.0,,
39043,Erie County,OH,3/19/2026 12:00,0.0,0.0,,
39043,Erie County,OH,3/19/2026 13:00,0.0,0.0,,
39043,Erie County,OH,3/19/2026 14:00,0.0,0.0,,
39043,Erie County,OH,3/19/2026 15:00,0.0,0.0,,
39043,Erie County,OH,3/19/2026 16:00,0.0,0.0,,
39043,Erie County,OH,3/19/2026 17:00,0.0,0.0,,
39043,Erie County,OH,3/19/2026 18:00,0.0,,,
39043,Erie County,OH,3/19/2026 19:00,0.0,,,
39043,Erie County,OH,3/19/2026 20:00,0.0,,,
39043,Erie County,OH,3/19/2026 21:00,0.0,,,
39043,Erie County,OH,3/19/2026 22:00,0.0,,,
39043,Erie County,OH,3/19/2026 23:00,,,,
39047,Fayette County,OH,3/14/2026 0:00,0.011911239358596504,0.007153244670735148,0.0,0.0032846393223735504
39047,Fayette County,OH,3/14/2026 1:00,0.01064513562596403,0.007248034660005942,0.0,0.003319927405391354
39047,Fayette County,OH,3/14/2026 2:00,0.009581958223861875,0.006973663542885334,0.0,0.0032647331187035888
39047,Fayette County,OH,3/14/2026 3:00,0.009367887018015608,0.006292285543167964,0.0,0.003874969329626765
39047,Fayette County,OH,3/14/2026 4:00,0.009061617209226824,0.005276281852275133,0.0,0.003979099087882787
39047,Fayette County,OH,3/14/2026 5:00,0.0073681832873262465,0.004584794549737125,0.0,0.0040608186915051196
39047,Fayette County,OH,3/14/2026 6:00,0.0073343686235602945,0.004004662315128371,0.0,0.004202950729813892
39047,Fayette County,OH,3/14/2026 7:00,0.007066487065458205,0.003844168028444983,0.0,0.004232503354432993
39047,Fayette County,OH,3/14/2026 8:00,0.006265231249926728,0.0029192319896537812,0.0,0.004332203714875504
39047,Fayette County,OH,3/14/2026 9:00,0.005290795084874844,0.0029715456650592385,0.0,0.003939561522565782
39047,Fayette County,OH,3/14/2026 10:00,0.004508832496867399,0.002520494390046224,0.0,0.0029568914556875824
39047,Fayette County,OH,3/14/2026 11:00,0.004013136611320078,0.0024120470276102423,0.0,0.0027706202061381193
39047,Fayette County,OH,3/14/2026 12:00,0.0037948511330796464,0.0022805857472121714,0.0,0.0022628710546996446
39047,Fayette County,OH,3/14/2026 13:00,0.002797962646582164,0.0018329718965105712,0.002908076747553423,0.0
39047,Fayette County,OH,3/14/2026 14:00,0.0029510637614293955,0.0,0.0027769934094976634,0.0
39047,Fayette County,OH,3/14/2026 15:00,0.0024185077299989644,0.0,0.003964585677022114,0.0
39047,Fayette County,OH,3/14/2026 16:00,0.002304295431713399,0.001060693757608533,0.004535419691819698,0.0
39047,Fayette County,OH,3/14/2026 17:00,0.002167837655179028,0.0011477662774268538,0.004019630799302831,0.0
39047,Fayette County,OH,3/14/2026 18:00,0.0017113297144533135,0.001133907400071621,0.003633364615961909,0.0
39047,Fayette County,OH,3/14/2026 19:00,0.0,0.0010570116603048519,0.002900272241095081,0.0
39047,Fayette County,OH,3/14/2026 20:00,0.0,0.0,0.002832576120272279,0.0
39047,Fayette County,OH,3/14/2026 21:00,0.0011326132298563607,0.0,0.002298488911765162,0.0
39047,Fayette County,OH,3/14/2026 22:00,0.0011905539577128366,0.0,0.0026356213580584153,0.0
39047,Fayette County,OH,3/14/2026 23:00,0.0011446207136032172,0.0,0.002541930670849979,0.0
39047,Fayette County,OH,3/15/2026 0:00,0.0010725343927333597,0.0,0.003365096269408241,0.0
39047,Fayette County,OH,3/15/2026 1:00,0.0,0.0,0.002525621684617363,0.0
39047,Fayette County,OH,3/15/2026 2:00,0.0,0.0,0.0027241073781624436,0.0
39047,Fayette County,OH,3/15/2026 3:00,0.0,0.0,0.0014830112340860069,0.0
39047,Fayette County,OH,3/15/2026 4:00,0.0,0.0011052239831769838,0.002244289289228618,0.0
39047,Fayette County,OH,3/15/2026 5:00,0.0,0.0018399487125861924,0.002945151785388589,0.0
39047,Fayette County,OH,3/15/2026 6:00,0.0,0.0024263564962893726,0.002852398477261886,0.0
39047,Fayette County,OH,3/15/2026 7:00,0.0,0.003543736902065575,0.003105043258983642,0.0
39047,Fayette County,OH,3/15/2026 8:00,0.0,0.00410365539137274,0.0029052213358227164,0.0
39047,Fayette County,OH,3/15/2026 9:00,0.0011406444350541278,0.004819156060693786,0.002305826448719017,0.0
39047,Fayette County,OH,3/15/2026 10:00,0.0018755516066448763,0.005929463112261146,0.0017743629112374037,0.0
39047,Fayette County,OH,3/15/2026 11:00,0.00241450375324348,0.004532910027774051,0.0016325460499501787,0.0
39047,Fayette County,OH,3/15/2026 12:00,0.003010236658155918,0.004386085370788351,0.0013297921730554662,0.0
39047,Fayette County,OH,3/15/2026 13:00,0.0037796174292452633,0.00360651119844988,0.0013304755673743784,0.0
39047,Fayette County,OH,3/15/2026 14:00,0.00445469786063768,0.003489405333675677,0.0,0.0
39047,Fayette County,OH,3/15/2026 15:00,0.005770444782683626,0.003626185544999316,0.0,0.0
39047,Fayette County,OH,3/15/2026 16:00,0.004371345756226219,0.0035200881771743297,0.0,0.0
39047,Fayette County,OH,3/15/2026 17:00,0.0044760362288798206,0.0032780602690763772,0.001105981347791385,0.0
39047,Fayette County,OH,3/15/2026 18:00,0.0037344265001593158,0.003542504678625846,0.0,0.0
39047,Fayette County,OH,3/15/2026 19:00,0.0036194817221257836,0.003104024677304551,0.0,0.0
39047,Fayette County,OH,3/15/2026 20:00,0.0035509296878899477,0.0030354639631696044,0.0,0.0
39047,Fayette County,OH,3/15/2026 21:00,0.0035624278389150277,0.0026489200186915695,0.0,0.0
39047,Fayette County,OH,3/15/2026 22:00,0.003323446806462016,0.00283783758059144,0.0,0.0
39047,Fayette County,OH,3/15/2026 23:00,0.003404951552511193,0.0032808770425617694,0.0,0.0
39047,Fayette County,OH,3/16/2026 0:00,0.002527815871872008,0.0030626514460891487,0.0,0.0
39047,Fayette County,OH,3/16/2026 1:00,0.0026385549863334745,0.003864918788895011,0.0,0.0
39047,Fayette County,OH,3/16/2026 2:00,0.002954624011181295,0.004290807154029607,0.0,0.0
39047,Fayette County,OH,3/16/2026 3:00,0.00310841815371532,0.0034449114056769757,0.0,0.0
39047,Fayette County,OH,3/16/2026 4:00,0.003495277662295848,0.0027932349417824297,0.0,0.0
39047,Fayette County,OH,3/16/2026 5:00,0.002082767663523555,0.002196807914879173,0.0,0.0
39047,Fayette County,OH,3/16/2026 6:00,0.004045289708301425,0.001750380382873118,0.0,0.0
39047,Fayette County,OH,3/16/2026 7:00,0.004270891047781333,0.0015796169405803084,0.0,0.0
39047,Fayette County,OH,3/16/2026 8:00,0.0033132208773167804,0.001377834950108081,0.0,0.0
39047,Fayette County,OH,3/16/2026 9:00,0.002761158444627654,0.0013605178333818912,0.0,0.0
39047,Fayette County,OH,3/16/2026 10:00,0.0017990123014897108,0.001516232010908425,0.0,0.0
39047,Fayette County,OH,3/16/2026 11:00,0.0016355444386135787,0.0012285013566724957,0.0,0.0
39047,Fayette County,OH,3/16/2026 12:00,0.0017631075788813177,0.0013267547299619764,0.0,0.0
39047,Fayette County,OH,3/16/2026 13:00,0.0015756508873892017,0.001475635202950798,0.0,0.0
39047,Fayette County,OH,3/16/2026 14:00,0.001496323340688832,0.001554248802131042,0.0,0.0
39047,Fayette County,OH,3/16/2026 15:00,0.001615107110410463,0.0015070098685100674,0.0,0.0
39047,Fayette County,OH,3/16/2026 16:00,0.001070717378752306,0.001464502583257854,0.0,0.0
39047,Fayette County,OH,3/16/2026 17:00,0.001228222536155954,0.001452287915162742,0.0,0.0
39047,Fayette County,OH,3/16/2026 18:00,0.0014536649869114626,0.0015842820517718791,0.0,0.0
39047,Fayette County,OH,3/16/2026 19:00,0.0017278849627473392,0.0015449332538992166,0.0,0.0
39047,Fayette County,OH,3/16/2026 20:00,0.001807466018362902,0.0012615125335287303,0.0,0.0
39047,Fayette County,OH,3/16/2026 21:00,0.001858667455962859,0.0012644960079342127,0.0,0.0
39047,Fayette County,OH,3/16/2026 22:00,0.001742975800880231,0.0,0.0,0.0
39047,Fayette County,OH,3/16/2026 23:00,0.0018142575427191332,0.0,0.0,0.0
39047,Fayette County,OH,3/17/2026 0:00,0.0016168149486475158,0.0,0.0,0.0
39047,Fayette County,OH,3/17/2026 1:00,0.0013349828559512389,0.0,0.0,0.0
39047,Fayette County,OH,3/17/2026 2:00,0.0014562733267666772,0.0010441828024340793,0.0,0.0
39047,Fayette County,OH,3/17/2026 3:00,0.0,0.0,0.0,0.0
39047,Fayette County,OH,3/17/2026 4:00,0.0,0.0,0.0,0.0
39047,Fayette County,OH,3/17/2026 5:00,0.0,0.0,0.0,0.0
39047,Fayette County,OH,3/17/2026 6:00,0.0,0.0,0.0,0.0
39047,Fayette County,OH,3/17/2026 7:00,0.0010847025605471572,0.0,0.0,0.0
39047,Fayette County,OH,3/17/2026 8:00,0.0,0.0,0.0,0.0
39047,Fayette County,OH,3/17/2026 9:00,0.0,0.0,0.0,0.0
39047,Fayette County,OH,3/17/2026 10:00,0.0,0.0,0.0,0.0
39047,Fayette County,OH,3/17/2026 11:00,0.0,0.0,0.0,0.0
39047,Fayette County,OH,3/17/2026 12:00,0.0,0.0,0.0,0.0
39047,Fayette County,OH,3/17/2026 13:00,0.0,0.0,0.0,0.0
39047,Fayette County,OH,3/17/2026 14:00,0.0,0.0,0.0,0.0
39047,Fayette County,OH,3/17/2026 15:00,0.0,0.0,0.0,0.0
39047,Fayette County,OH,3/17/2026 16:00,0.0,0.0,0.0,0.0
39047,Fayette County,OH,3/17/2026 17:00,0.0,0.0,0.0,0.0
39047,Fayette County,OH,3/17/2026 18:00,0.0,0.0,0.0,0.0
39047,Fayette County,OH,3/17/2026 19:00,0.0,0.0,0.0,0.0
39047,Fayette County,OH,3/17/2026 20:00,0.0,0.0,0.0,0.0
39047,Fayette County,OH,3/17/2026 21:00,0.0,0.0,0.0,0.0
39047,Fayette County,OH,3/17/2026 22:00,0.0,0.0,0.0,0.0
39047,Fayette County,OH,3/17/2026 23:00,0.0,0.0,0.0,0.0
39047,Fayette County,OH,3/18/2026 0:00,0.0,0.0,0.0,
39047,Fayette County,OH,3/18/2026 1:00,0.0,0.0,0.0,
39047,Fayette County,OH,3/18/2026 2:00,0.0,0.0,0.0,
39047,Fayette County,OH,3/18/2026 3:00,0.0,0.0,0.0,
39047,Fayette County,OH,3/18/2026 4:00,0.0,0.0,0.0,
39047,Fayette County,OH,3/18/2026 5:00,0.0,0.0,0.0,
39047,Fayette County,OH,3/18/2026 6:00,0.0,0.0,0.0,
39047,Fayette County,OH,3/18/2026 7:00,0.0,0.0,0.0,
39047,Fayette County,OH,3/18/2026 8:00,0.0,0.0,0.0,
39047,Fayette County,OH,3/18/2026 9:00,0.0,0.0,0.0,
39047,Fayette County,OH,3/18/2026 10:00,0.0,0.0,0.0,
39047,Fayette County,OH,3/18/2026 11:00,0.0,0.0,0.0,
39047,Fayette County,OH,3/18/2026 12:00,0.0,0.0,0.0,
39047,Fayette County,OH,3/18/2026 13:00,0.0,0.0,0.0,
39047,Fayette County,OH,3/18/2026 14:00,0.0,0.0,0.0,
39047,Fayette County,OH,3/18/2026 15:00,0.0,0.0,0.0,
39047,Fayette County,OH,3/18/2026 16:00,0.0,0.0,0.0,
39047,Fayette County,OH,3/18/2026 17:00,0.0,0.0,0.0,
39047,Fayette County,OH,3/18/2026 18:00,0.0,0.0,0.0,
39047,Fayette County,OH,3/18/2026 19:00,0.0,0.0,0.0,
39047,Fayette County,OH,3/18/2026 20:00,0.0,0.0,0.0,
39047,Fayette County,OH,3/18/2026 21:00,0.0,0.0,0.0,
39047,Fayette County,OH,3/18/2026 22:00,0.0,0.0,0.0,
39047,Fayette County,OH,3/18/2026 23:00,0.0,0.0,0.0,
39047,Fayette County,OH,3/19/2026 0:00,0.0,0.0,,
39047,Fayette County,OH,3/19/2026 1:00,0.0,0.0,,
39047,Fayette County,OH,3/19/2026 2:00,0.0,0.0,,
39047,Fayette County,OH,3/19/2026 3:00,0.0,0.0,,
39047,Fayette County,OH,3/19/2026 4:00,0.0,0.0,,
39047,Fayette County,OH,3/19/2026 5:00,0.0,0.0,,
39047,Fayette County,OH,3/19/2026 6:00,0.0,0.0,,
39047,Fayette County,OH,3/19/2026 7:00,0.0,0.0,,
39047,Fayette County,OH,3/19/2026 8:00,0.0,0.0,,
39047,Fayette County,OH,3/19/2026 9:00,0.0,0.0,,
39047,Fayette County,OH,3/19/2026 10:00,0.0,0.0,,
39047,Fayette County,OH,3/19/2026 11:00,0.0,0.0,,
39047,Fayette County,OH,3/19/2026 12:00,0.0,0.0,,
39047,Fayette County,OH,3/19/2026 13:00,0.0,0.0,,
39047,Fayette County,OH,3/19/2026 14:00,0.0,0.0,,
39047,Fayette County,OH,3/19/2026 15:00,0.0,0.0,,
39047,Fayette County,OH,3/19/2026 16:00,0.0,0.0,,
39047,Fayette County,OH,3/19/2026 17:00,0.0,0.0,,
39047,Fayette County,OH,3/19/2026 18:00,0.0,,,
39047,Fayette County,OH,3/19/2026 19:00,0.0,,,
39047,Fayette County,OH,3/19/2026 20:00,0.0,,,
39047,Fayette County,OH,3/19/2026 21:00,0.0,,,
39047,Fayette County,OH,3/19/2026 22:00,0.0,,,
39047,Fayette County,OH,3/19/2026 23:00,,,,
39057,Greene County,OH,3/14/2026 0:00,0.03412720168125816,0.024262899917084725,0.005718557198997587,0.003485445218393579
39057,Greene County,OH,3/14/2026 1:00,0.03025388577952981,0.02372510902932845,0.004947908339090645,0.003955165026127361
39057,Greene County,OH,3/14/2026 2:00,0.02696104082860984,0.023289640492293984,0.004446868563172756,0.004480380681343377
39057,Greene County,OH,3/14/2026 3:00,0.025922003733285237,0.021625118993688373,0.004348432245024014,0.005025100446073338
39057,Greene County,OH,3/14/2026 4:00,0.025995700154453516,0.019407846618560144,0.004087221958616283,0.005195859266677871
39057,Greene County,OH,3/14/2026 5:00,0.024649885250255466,0.017540734657086433,0.0038182458869414405,0.004698890040162951
39057,Greene County,OH,3/14/2026 6:00,0.02418636146467179,0.015468907775357366,0.0038665216357912867,0.004601924994494766
39057,Greene County,OH,3/14/2026 7:00,0.02363525639520958,0.014895870652981102,0.003921969496877864,0.0043142267153598365
39057,Greene County,OH,3/14/2026 8:00,0.021951778326183558,0.013020975980907679,0.0038654461241094396,0.004841203737305478
39057,Greene County,OH,3/14/2026 9:00,0.019874124496709555,0.011445994663517922,0.0042103493426111525,0.0049888379115145655
39057,Greene County,OH,3/14/2026 10:00,0.01789051844389178,0.010052895243279635,0.004257862486701925,0.004174504912225529
39057,Greene County,OH,3/14/2026 11:00,0.015821275912458077,0.009531279909424484,0.004276473296340555,0.0041587439191062
39057,Greene County,OH,3/14/2026 12:00,0.015128852770430967,0.009024473419412971,0.005039998912252486,0.004134804540080949
39057,Greene County,OH,3/14/2026 13:00,0.013071284745819867,0.007490083685843274,0.006247938901651651,0.004339672866626643
39057,Greene County,OH,3/14/2026 14:00,0.011605497769778594,0.00612614284036681,0.006051371386274695,0.0040096576907671985
39057,Greene County,OH,3/14/2026 15:00,0.009972426363674458,0.0060219246312044564,0.007138475810643285,0.0038674841212923638
39057,Greene County,OH,3/14/2026 16:00,0.00949349561415147,0.005348887981381267,0.007299304130719974,0.0034808039490599185
39057,Greene County,OH,3/14/2026 17:00,0.009026910440297797,0.005130718485452235,0.007514401923981495,0.003394189583923435
39057,Greene County,OH,3/14/2026 18:00,0.007584331775433384,0.004754528286866844,0.007454563304781914,0.003013612592621939
39057,Greene County,OH,3/14/2026 19:00,0.006342968525132164,0.004292981639446225,0.007861902285367251,0.0030115282879705774
39057,Greene County,OH,3/14/2026 20:00,0.006170060660224408,0.004370660142740235,0.006627704773563892,0.0027482965924718883
39057,Greene County,OH,3/14/2026 21:00,0.005539308593142778,0.004371348519634921,0.005548590188845992,0.0027290278718282933
39057,Greene County,OH,3/14/2026 22:00,0.005411577585618943,0.004288272847043117,0.004524854058399796,0.0024806770525174215
39057,Greene County,OH,3/14/2026 23:00,0.005099764763144776,0.004158237320370972,0.004891006578691304,0.002663425073842518
39057,Greene County,OH,3/15/2026 0:00,0.00456906363251619,0.004043694985739421,0.003360732793225907,0.0025102433195570485
39057,Greene County,OH,3/15/2026 1:00,0.004752832814119756,0.0040297927807841916,0.0030389466730412094,0.002369685436133295
39057,Greene County,OH,3/15/2026 2:00,0.0046885165211278945,0.003722975158598274,0.0033310274360701443,0.00243629889737349
39057,Greene County,OH,3/15/2026 3:00,0.004480401796172373,0.0035324866184964776,0.002931646665092558,0.0025267288903705774
39057,Greene County,OH,3/15/2026 4:00,0.004152177554715308,0.00331114346627146,0.0038951928589085584,0.002561307424912229
39057,Greene County,OH,3/15/2026 5:00,0.004142920704907738,0.003949784045107663,0.003832866316952277,0.0025781926815398037
39057,Greene County,OH,3/15/2026 6:00,0.004204183496767655,0.0047366838000016285,0.004080473550129682,0.0024551567737944426
39057,Greene County,OH,3/15/2026 7:00,0.0040008122159633785,0.0061287194257602096,0.0037699157030147033,0.002199173658300424
39057,Greene County,OH,3/15/2026 8:00,0.0041372950945515186,0.00671290263053379,0.00352023533632746,0.0025250761449569837
39057,Greene County,OH,3/15/2026 9:00,0.003847310319542885,0.007506836572429165,0.0037626614881446584,0.002680023968423484
39057,Greene County,OH,3/15/2026 10:00,0.00428307474066969,0.007874281523982063,0.0033977593237068506,0.0027558311297980254
39057,Greene County,OH,3/15/2026 11:00,0.004862550558755174,0.007352626093779691,0.0033876763831358404,0.0028118227659433615
39057,Greene County,OH,3/15/2026 12:00,0.005614831403363496,0.006169603765010833,0.0031220356817357243,0.002869306831053109
39057,Greene County,OH,3/15/2026 13:00,0.006306119030341506,0.0057818023953586815,0.0033902110568305942,0.0026845339518331455
39057,Greene County,OH,3/15/2026 14:00,0.007062779652187601,0.004409965174272656,0.0023638947270228526,0.0025038433843292294
39057,Greene County,OH,3/15/2026 15:00,0.007950120154418983,0.003687708979123272,0.001921562595089199,0.0024516877107089385
39057,Greene County,OH,3/15/2026 16:00,0.007065826212055981,0.003710857592523098,0.0017214139661518857,0.0025474360780208373
39057,Greene County,OH,3/15/2026 17:00,0.005902821481868159,0.0029277544585056604,0.0,0.0020876023365417494
39057,Greene County,OH,3/15/2026 18:00,0.0056773484975565225,0.002958120743278414,0.0,0.0020523979706922545
39057,Greene County,OH,3/15/2026 19:00,0.0045292151044122875,0.0029769031214527788,0.0011070802367612487,0.001792245070100762
39057,Greene County,OH,3/15/2026 20:00,0.004023904912173748,0.003568501432891935,0.0,0.001709098555147648
39057,Greene County,OH,3/15/2026 21:00,0.003705213457578793,0.0034997258451767268,0.0,0.00175585054239491
39057,Greene County,OH,3/15/2026 22:00,0.0025776322290766984,0.0033361532288836314,0.0,0.0017818274534874945
39057,Greene County,OH,3/15/2026 23:00,0.002830145134794293,0.003142846250557341,0.0,0.0017432671939786814
39057,Greene County,OH,3/16/2026 0:00,0.0023362060310319066,0.0037244076112983747,0.0,0.0017259063228266315
39057,Greene County,OH,3/16/2026 1:00,0.0031481650948990136,0.003958113511907868,0.0,0.0
39057,Greene County,OH,3/16/2026 2:00,0.0032265347690554336,0.004686729906825349,0.0011153483549890097,0.0
39057,Greene County,OH,3/16/2026 3:00,0.003229522677429486,0.004843795078340918,0.0,0.0
39057,Greene County,OH,3/16/2026 4:00,0.0024558728910051286,0.0033499839715659618,0.0,0.0
39057,Greene County,OH,3/16/2026 5:00,0.003975020241341554,0.003370836516842246,0.0,0.0
39057,Greene County,OH,3/16/2026 6:00,0.003919500826668809,0.003063098984421231,0.0,0.0
39057,Greene County,OH,3/16/2026 7:00,0.005158804153325036,0.00307862336630933,0.0,0.0
39057,Greene County,OH,3/16/2026 8:00,0.005320955591741949,0.0022890381165780126,0.0,0.0
39057,Greene County,OH,3/16/2026 9:00,0.003734266967512667,0.0021314823941793294,0.0,0.0
39057,Greene County,OH,3/16/2026 10:00,0.0031727796213090187,0.0019790580961853267,0.0,0.0
39057,Greene County,OH,3/16/2026 11:00,0.0035918859648518264,0.0015921513288049028,0.0,0.0
39057,Greene County,OH,3/16/2026 12:00,0.0035426857648417354,0.002237430175955524,0.0,0.0
39057,Greene County,OH,3/16/2026 13:00,0.0029071075841784477,0.002215051234816201,0.0,0.0
39057,Greene County,OH,3/16/2026 14:00,0.002641414641402662,0.0015337748627644032,0.0,0.0
39057,Greene County,OH,3/16/2026 15:00,0.0024154775601346046,0.0014830820786301047,0.0,0.0
39057,Greene County,OH,3/16/2026 16:00,0.0018408929754514247,0.0014141088933683932,0.0,0.0
39057,Greene County,OH,3/16/2026 17:00,0.002531263162381947,0.0012767591862939299,0.0,0.0
39057,Greene County,OH,3/16/2026 18:00,0.00287301983917132,0.0011730977857951075,0.0,0.0
39057,Greene County,OH,3/16/2026 19:00,0.0021603620261885226,0.0011013434850610793,0.0,0.0
39057,Greene County,OH,3/16/2026 20:00,0.002275379840284586,0.0010325389448553324,0.0,0.0
39057,Greene County,OH,3/16/2026 21:00,0.002205127209890634,0.0,0.0,0.0
39057,Greene County,OH,3/16/2026 22:00,0.0018966271891258657,0.0,0.0,0.0
39057,Greene County,OH,3/16/2026 23:00,0.0017856941558420658,0.0,0.0,0.0
39057,Greene County,OH,3/17/2026 0:00,0.0017402180237695575,0.0,0.0,0.0
39057,Greene County,OH,3/17/2026 1:00,0.0017256091814488173,0.0,0.0,0.0
39057,Greene County,OH,3/17/2026 2:00,0.001693857368081808,0.0,0.0,0.0
39057,Greene County,OH,3/17/2026 3:00,0.0015614358708262444,0.0,0.0,0.0
39057,Greene County,OH,3/17/2026 4:00,0.0,0.0,0.0,0.0
39057,Greene County,OH,3/17/2026 5:00,0.0016255839145742357,0.0,0.0,0.0
39057,Greene County,OH,3/17/2026 6:00,0.0,0.0,0.0,0.0
39057,Greene County,OH,3/17/2026 7:00,0.0,0.0,0.0,0.0
39057,Greene County,OH,3/17/2026 8:00,0.0,0.0,0.0,0.0
39057,Greene County,OH,3/17/2026 9:00,0.0,0.0,0.0,0.0
39057,Greene County,OH,3/17/2026 10:00,0.0,0.0,0.0,0.0
39057,Greene County,OH,3/17/2026 11:00,0.0,0.0,0.0,0.0
39057,Greene County,OH,3/17/2026 12:00,0.0,0.0,0.0,0.0
39057,Greene County,OH,3/17/2026 13:00,0.0,0.0,0.0,0.0
39057,Greene County,OH,3/17/2026 14:00,0.0,0.0,0.0,0.0
39057,Greene County,OH,3/17/2026 15:00,0.0,0.0,0.0,0.0
39057,Greene County,OH,3/17/2026 16:00,0.0,0.0,0.0,0.0
39057,Greene County,OH,3/17/2026 17:00,0.0,0.0,0.0,0.0
39057,Greene County,OH,3/17/2026 18:00,0.0,0.0,0.0,0.0
39057,Greene County,OH,3/17/2026 19:00,0.0,0.0,0.0,0.0
39057,Greene County,OH,3/17/2026 20:00,0.0,0.0,0.0,0.0
39057,Greene County,OH,3/17/2026 21:00,0.0,0.0,0.0,0.0
39057,Greene County,OH,3/17/2026 22:00,0.0,0.0,0.0,0.0
39057,Greene County,OH,3/17/2026 23:00,0.0,0.0,0.0,0.0
39057,Greene County,OH,3/18/2026 0:00,0.0,0.0,0.0,
39057,Greene County,OH,3/18/2026 1:00,0.0,0.0,0.0,
39057,Greene County,OH,3/18/2026 2:00,0.0,0.0,0.0,
39057,Greene County,OH,3/18/2026 3:00,0.0,0.0,0.0,
39057,Greene County,OH,3/18/2026 4:00,0.0,0.0,0.0,
39057,Greene County,OH,3/18/2026 5:00,0.0,0.0,0.0,
39057,Greene County,OH,3/18/2026 6:00,0.0,0.0,0.0,
39057,Greene County,OH,3/18/2026 7:00,0.0,0.0,0.0,
39057,Greene County,OH,3/18/2026 8:00,0.0,0.0,0.0,
39057,Greene County,OH,3/18/2026 9:00,0.0,0.0,0.0,
39057,Greene County,OH,3/18/2026 10:00,0.0,0.0,0.0,
39057,Greene County,OH,3/18/2026 11:00,0.0,0.0,0.0,
39057,Greene County,OH,3/18/2026 12:00,0.0,0.0,0.0,
39057,Greene County,OH,3/18/2026 13:00,0.0,0.0,0.0,
39057,Greene County,OH,3/18/2026 14:00,0.0,0.0,0.0,
39057,Greene County,OH,3/18/2026 15:00,0.0,0.0,0.0,
39057,Greene County,OH,3/18/2026 16:00,0.0,0.0,0.0,
39057,Greene County,OH,3/18/2026 17:00,0.0,0.0,0.0,
39057,Greene County,OH,3/18/2026 18:00,0.0,0.0,0.0,
39057,Greene County,OH,3/18/2026 19:00,0.0,0.0,0.0,
39057,Greene County,OH,3/18/2026 20:00,0.0,0.0,0.0,
39057,Greene County,OH,3/18/2026 21:00,0.0,0.0,0.0,
39057,Greene County,OH,3/18/2026 22:00,0.0,0.0,0.0,
39057,Greene County,OH,3/18/2026 23:00,0.0,0.0,0.0,
39057,Greene County,OH,3/19/2026 0:00,0.0,0.0,,
39057,Greene County,OH,3/19/2026 1:00,0.0,0.0,,
39057,Greene County,OH,3/19/2026 2:00,0.0,0.0,,
39057,Greene County,OH,3/19/2026 3:00,0.0,0.0,,
39057,Greene County,OH,3/19/2026 4:00,0.0,0.0,,
39057,Greene County,OH,3/19/2026 5:00,0.0,0.0,,
39057,Greene County,OH,3/19/2026 6:00,0.0,0.0,,
39057,Greene County,OH,3/19/2026 7:00,0.0,0.0,,
39057,Greene County,OH,3/19/2026 8:00,0.0,0.0,,
39057,Greene County,OH,3/19/2026 9:00,0.0,0.0,,
39057,Greene County,OH,3/19/2026 10:00,0.0,0.0,,
39057,Greene County,OH,3/19/2026 11:00,0.0,0.0,,
39057,Greene County,OH,3/19/2026 12:00,0.0,0.0,,
39057,Greene County,OH,3/19/2026 13:00,0.0,0.0,,
39057,Greene County,OH,3/19/2026 14:00,0.0,0.0,,
39057,Greene County,OH,3/19/2026 15:00,0.0,0.0,,
39057,Greene County,OH,3/19/2026 16:00,0.0,0.0,,
39057,Greene County,OH,3/19/2026 17:00,0.0,0.0,,
39057,Greene County,OH,3/19/2026 18:00,0.0,,,
39057,Greene County,OH,3/19/2026 19:00,0.0,,,
39057,Greene County,OH,3/19/2026 20:00,0.0,,,
39057,Greene County,OH,3/19/2026 21:00,0.0,,,
39057,Greene County,OH,3/19/2026 22:00,0.0,,,
39057,Greene County,OH,3/19/2026 23:00,,,,
39067,Harrison County,OH,3/14/2026 0:00,0.24241227749735117,0.23733256999403238,0.10603910912759602,0.03902117228135467
39067,Harrison County,OH,3/14/2026 1:00,0.23470937879756093,0.23428336195647717,0.105949392542243,0.0395543159742374
39067,Harrison County,OH,3/14/2026 2:00,0.2317051119171083,0.23085988815873862,0.10563798644579947,0.03695139745250344
39067,Harrison County,OH,3/14/2026 3:00,0.2297892114147544,0.22149424031376838,0.10573590430431068,0.03880258509889245
39067,Harrison County,OH,3/14/2026 4:00,0.22883404279127717,0.20801404542289675,0.10511525003239512,0.03978522059151146
39067,Harrison County,OH,3/14/2026 5:00,0.22844796208664775,0.19766995282843708,0.10385014452040195,0.038965287094470114
39067,Harrison County,OH,3/14/2026 6:00,0.22747653536498547,0.19091220907866954,0.10464349091053009,0.04086569477840385
39067,Harrison County,OH,3/14/2026 7:00,0.22243229299783707,0.17912613581866027,0.1044633325189352,0.04117056038230658
39067,Harrison County,OH,3/14/2026 8:00,0.2098044427111745,0.16803194992244244,0.10518602645024658,0.040761412237770855
39067,Harrison County,OH,3/14/2026 9:00,0.19175621680915356,0.1633635453879833,0.10346276760101318,0.04129286266907002
39067,Harrison County,OH,3/14/2026 10:00,0.1798162516206503,0.15764654166996478,0.10068671973422169,0.0390267415670678
39067,Harrison County,OH,3/14/2026 11:00,0.17074649408459663,0.15481297969818114,0.09682220392860472,0.0366047352552414
39067,Harrison County,OH,3/14/2026 12:00,0.15612948313355446,0.15411116257309915,0.09402188614476473,0.03540260249283165
39067,Harrison County,OH,3/14/2026 13:00,0.14830540493130684,0.13409412726759912,0.07319678528001532,0.029495514137670396
39067,Harrison County,OH,3/14/2026 14:00,0.14057335257530212,0.11481611005729064,0.07778799266088754,0.025786390993744135
39067,Harrison County,OH,3/14/2026 15:00,0.14010349847376347,0.10556055912747979,0.0643304467201233,0.024125184514559805
39067,Harrison County,OH,3/14/2026 16:00,0.13532258197665215,0.10504266475327313,0.06124267615377903,0.019690144131891428
39067,Harrison County,OH,3/14/2026 17:00,0.1370374420657754,0.0964547123759985,0.06218293248675764,0.01635508337058127
39067,Harrison County,OH,3/14/2026 18:00,0.12197165563702583,0.09661224856972694,0.058385461941361426,0.011790854658465832
39067,Harrison County,OH,3/14/2026 19:00,0.1052133608609438,0.09332694578915834,0.04754762165248394,0.01021244279545499
39067,Harrison County,OH,3/14/2026 20:00,0.0981385912746191,0.09219343811273575,0.043960725981742145,0.008908498246455565
39067,Harrison County,OH,3/14/2026 21:00,0.0964005533605814,0.09161199107766152,0.03971155360341072,0.008633253490552306
39067,Harrison County,OH,3/14/2026 22:00,0.08760137390345335,0.0912567563354969,0.03635082868859172,0.008861394802806899
39067,Harrison County,OH,3/14/2026 23:00,0.08719823183491826,0.0901113474741578,0.03288066806271672,0.008520935347769409
39067,Harrison County,OH,3/15/2026 0:00,0.0908092504250817,0.09117282349616289,0.03338486710563302,0.008674375037662685
39067,Harrison County,OH,3/15/2026 1:00,0.09094032517168671,0.09080060794949532,0.0355021714232862,0.008620531391352415
39067,Harrison County,OH,3/15/2026 2:00,0.08813861466478556,0.08974115774035454,0.036254090070724485,0.008060668676625938
39067,Harrison County,OH,3/15/2026 3:00,0.08678962849080563,0.08866405133157969,0.03503710497170687,0.007604008232010529
39067,Harrison County,OH,3/15/2026 4:00,0.08350023254752159,0.08837963975965976,0.03345472952350974,0.007308328128419817
39067,Harrison County,OH,3/15/2026 5:00,0.08629580866545439,0.08357844175770879,0.036538503225892784,0.0073741279484238476
39067,Harrison County,OH,3/15/2026 6:00,0.08794759016018361,0.07919141482561827,0.033862868417054416,0.006921180273639038
39067,Harrison County,OH,3/15/2026 7:00,0.08791369647951797,0.0703433963470161,0.03604885470122099,0.00609461783315055
39067,Harrison County,OH,3/15/2026 8:00,0.08829566894564778,0.06790107246488333,0.035324255004525185,0.0062596261588623745
39067,Harrison County,OH,3/15/2026 9:00,0.08385796169750392,0.06231782007962465,0.03709953203797341,0.006323296395567013
39067,Harrison County,OH,3/15/2026 10:00,0.07524998858571053,0.060091787949204445,0.033189602009952066,0.005330879561370239
39067,Harrison County,OH,3/15/2026 11:00,0.07224500458687544,0.056553912721574305,0.03337772926315665,0.005590540234879882
39067,Harrison County,OH,3/15/2026 12:00,0.0671604594681412,0.053970598801970485,0.02986216815188527,0.0047552019183058295
39067,Harrison County,OH,3/15/2026 13:00,0.06731280172243714,0.04266240447759628,0.027307776361703874,0.004889156116405502
39067,Harrison County,OH,3/15/2026 14:00,0.06144189718179405,0.035821230709552766,0.026590973371639848,0.004770388494216604
39067,Harrison County,OH,3/15/2026 15:00,0.06066070846281946,0.0332825094461441,0.023970075789839028,0.003786519344430417
39067,Harrison County,OH,3/15/2026 16:00,0.05762259429320693,0.030592199321836232,0.0197133996989578,0.0032144208322279154
39067,Harrison County,OH,3/15/2026 17:00,0.05574383423663676,0.027566787041723727,0.017425171053037047,0.002825347473844886
39067,Harrison County,OH,3/15/2026 18:00,0.04073789156973362,0.028574279695749282,0.012815966230118648,0.0013032786067924463
39067,Harrison County,OH,3/15/2026 19:00,0.03334369324147701,0.028444740176200866,0.01123127321479842,0.0
39067,Harrison County,OH,3/15/2026 20:00,0.030863988678902388,0.02853285912424326,0.009640705864876508,0.0
39067,Harrison County,OH,3/15/2026 21:00,0.026260444428771734,0.028146465122699738,0.01009598548989743,0.0
39067,Harrison County,OH,3/15/2026 22:00,0.02208980778232217,0.02801763452589512,0.010506866674404591,0.0
39067,Harrison County,OH,3/15/2026 23:00,0.02529164543375373,0.028363477438688278,0.008694909256882965,0.0
39067,Harrison County,OH,3/16/2026 0:00,0.028187407879158854,0.03049540603533387,0.007599732250673697,0.0
39067,Harrison County,OH,3/16/2026 1:00,0.02767790574580431,0.03077132869511843,0.00792296346044168,0.0
39067,Harrison County,OH,3/16/2026 2:00,0.02853638504166156,0.032849338534288106,0.007688258908456191,0.0
39067,Harrison County,OH,3/16/2026 3:00,0.028775670332834125,0.033032372058369217,0.007879745867103338,0.0
39067,Harrison County,OH,3/16/2026 4:00,0.029405289911665022,0.03091501328162849,0.0070306524052284654,0.0
39067,Harrison County,OH,3/16/2026 5:00,0.030503063928335905,0.031230197427794336,0.0063653030549176036,0.0
39067,Harrison County,OH,3/16/2026 6:00,0.031039715628139675,0.027410025242716074,0.00633514003129676,0.0
39067,Harrison County,OH,3/16/2026 7:00,0.03055147989653051,0.025156124122440816,0.006110659934347495,0.0
39067,Harrison County,OH,3/16/2026 8:00,0.03161143185570836,0.02356303920969367,0.00572416766663082,0.0
39067,Harrison County,OH,3/16/2026 9:00,0.029838016722351313,0.02023175759240985,0.00637873811647296,0.0
39067,Harrison County,OH,3/16/2026 10:00,0.030649568187072873,0.01632959069684148,0.006235271506011486,0.0
39067,Harrison County,OH,3/16/2026 11:00,0.027950633491855115,0.01385594573803246,0.003230771736707538,0.0011710027989465742
39067,Harrison County,OH,3/16/2026 12:00,0.024202034110203385,0.010660181380808353,0.003010173374786973,0.0
39067,Harrison County,OH,3/16/2026 13:00,0.02308916358742863,0.009348572697490454,0.003437070595100522,0.0
39067,Harrison County,OH,3/16/2026 14:00,0.02040901081636548,0.008540667794295586,0.0038472272688522937,0.0
39067,Harrison County,OH,3/16/2026 15:00,0.01571572304237634,0.008367841970175505,0.0019205959048122167,0.0
39067,Harrison County,OH,3/16/2026 16:00,0.013129998464137316,0.008320650830864907,0.0022915569017641245,0.0
39067,Harrison County,OH,3/16/2026 17:00,0.009177638683468103,0.007586683705449104,0.001105172641109675,0.0
39067,Harrison County,OH,3/16/2026 18:00,0.008326484938152134,0.007851725211367011,0.0017921772814588621,0.0
39067,Harrison County,OH,3/16/2026 19:00,0.007032414083369076,0.008213234972208739,0.0013999962597154082,0.0
39067,Harrison County,OH,3/16/2026 20:00,0.007493147160857916,0.007659839279949665,0.0010394353710580617,0.0
39067,Harrison County,OH,3/16/2026 21:00,0.008007247350178659,0.007282309094443917,0.0,0.0
39067,Harrison County,OH,3/16/2026 22:00,0.0075674381805583835,0.007427498511970043,0.0,0.0
39067,Harrison County,OH,3/16/2026 23:00,0.006339462241157889,0.006771196983754635,0.0,0.0
39067,Harrison County,OH,3/17/2026 0:00,0.007049965090118349,0.006518875597976148,0.0,0.0
39067,Harrison County,OH,3/17/2026 1:00,0.006443946622312069,0.0058596105547621844,0.00103082543319033,0.0
39067,Harrison County,OH,3/17/2026 2:00,0.005843839724548161,0.0057873323559761046,0.0,0.0
39067,Harrison County,OH,3/17/2026 3:00,0.0058243643725290895,0.005602943291887641,0.0,0.0
39067,Harrison County,OH,3/17/2026 4:00,0.005492632044479251,0.00617105346173048,0.0,0.0
39067,Harrison County,OH,3/17/2026 5:00,0.005253640119917691,0.004834775440394878,0.0,0.0
39067,Harrison County,OH,3/17/2026 6:00,0.005002952879294753,0.004803887335583568,0.0,0.0
39067,Harrison County,OH,3/17/2026 7:00,0.00549043994396925,0.00497502873186022,0.0,0.0
39067,Harrison County,OH,3/17/2026 8:00,0.0041756631108000875,0.003912499477155507,0.0,0.0
39067,Harrison County,OH,3/17/2026 9:00,0.0041305930353701115,0.003088660049252212,0.0,0.0
39067,Harrison County,OH,3/17/2026 10:00,0.0034990855492651463,0.0024340108153410255,0.0027920259915845238,0.0
39067,Harrison County,OH,3/17/2026 11:00,0.0032994600478559732,0.00226813533809036,0.0030685206160342205,0.0
39067,Harrison County,OH,3/17/2026 12:00,0.0039863166166469455,0.0021941459155641494,0.0015587921698170248,0.0
39067,Harrison County,OH,3/17/2026 13:00,0.0030135740526020527,0.0022725792397977783,0.0035422172164544462,0.0
39067,Harrison County,OH,3/17/2026 14:00,0.002583659254014492,0.001776101379073225,0.002315898369124625,0.0
39067,Harrison County,OH,3/17/2026 15:00,0.001843875041231513,0.0012626020383322612,0.002041120992203105,0.0
39067,Harrison County,OH,3/17/2026 16:00,0.00110275496263057,0.0013996031251735986,0.0022289875021670015,0.0
39067,Harrison County,OH,3/17/2026 17:00,0.0017502623959444463,0.0013373533758567647,0.0021459888164827136,0.0
39067,Harrison County,OH,3/17/2026 18:00,0.001565698825288564,0.0014895410393364727,0.0010540667761233635,0.0
39067,Harrison County,OH,3/17/2026 19:00,0.0016296679677907377,0.0013004781620111316,0.0,0.0
39067,Harrison County,OH,3/17/2026 20:00,0.0010617510124575347,0.001625899109058082,0.0,0.0
39067,Harrison County,OH,3/17/2026 21:00,0.0013728945050388575,0.0015639951132470741,0.0,0.0
39067,Harrison County,OH,3/17/2026 22:00,0.0013318441706360318,0.001488370288279839,0.0,0.0
39067,Harrison County,OH,3/17/2026 23:00,0.0014519342530547874,0.0014035066111318883,0.0,0.0
39067,Harrison County,OH,3/18/2026 0:00,0.0012113276643503923,0.00142204076400958,0.0,
39067,Harrison County,OH,3/18/2026 1:00,0.0016385162016376853,0.0013217298255767673,0.0,
39067,Harrison County,OH,3/18/2026 2:00,0.0014856329071335495,0.0014060452456760685,0.0,
39067,Harrison County,OH,3/18/2026 3:00,0.0013028141693212092,0.001608738541835919,0.0,
39067,Harrison County,OH,3/18/2026 4:00,0.0011884146952070296,0.002536934957606718,0.0,
39067,Harrison County,OH,3/18/2026 5:00,0.001353762004086434,0.0036185147822834552,0.0,
39067,Harrison County,OH,3/18/2026 6:00,0.00119583790001343,0.0030113997752778234,0.0,
39067,Harrison County,OH,3/18/2026 7:00,0.0014125847947070724,0.0035518629767466335,0.0,
39067,Harrison County,OH,3/18/2026 8:00,0.0013794662954751402,0.0023948308153194375,0.0,
39067,Harrison County,OH,3/18/2026 9:00,0.0019237175001762807,0.0017092798232624773,0.0,
39067,Harrison County,OH,3/18/2026 10:00,0.003034234046936035,0.0016891500039491803,0.0010467595242971584,
39067,Harrison County,OH,3/18/2026 11:00,0.0023797728354111314,0.0018598242313601077,0.0,
39067,Harrison County,OH,3/18/2026 12:00,0.0028800563886761665,0.0014046931813936681,0.0011291730643279152,
39067,Harrison County,OH,3/18/2026 13:00,0.0018380468245595694,0.0012525183468824253,0.001239127143526275,
39067,Harrison County,OH,3/18/2026 14:00,0.0014166762994136661,0.001067219563992694,0.0,
39067,Harrison County,OH,3/18/2026 15:00,0.0011966812307946384,0.0,0.0,
39067,Harrison County,OH,3/18/2026 16:00,0.0013349546934477985,0.0,0.0,
39067,Harrison County,OH,3/18/2026 17:00,0.0010062877554446459,0.0,0.0,
39067,Harrison County,OH,3/18/2026 18:00,0.0010962303931592032,0.0,0.0,
39067,Harrison County,OH,3/18/2026 19:00,0.0,0.0,0.0,
39067,Harrison County,OH,3/18/2026 20:00,0.0,0.0,0.0,
39067,Harrison County,OH,3/18/2026 21:00,0.0,0.0,0.0,
39067,Harrison County,OH,3/18/2026 22:00,0.0,0.0,0.0,
39067,Harrison County,OH,3/18/2026 23:00,0.0,0.0,0.0,
39067,Harrison County,OH,3/19/2026 0:00,0.0,0.0,,
39067,Harrison County,OH,3/19/2026 1:00,0.0,0.0,,
39067,Harrison County,OH,3/19/2026 2:00,0.0,0.0,,
39067,Harrison County,OH,3/19/2026 3:00,0.0,0.001054202119121328,,
39067,Harrison County,OH,3/19/2026 4:00,0.0,0.0010647220333339646,,
39067,Harrison County,OH,3/19/2026 5:00,0.0,0.0011533360840985552,,
39067,Harrison County,OH,3/19/2026 6:00,0.0,0.0011395382840419187,,
39067,Harrison County,OH,3/19/2026 7:00,0.0,0.0012711396397207864,,
39067,Harrison County,OH,3/19/2026 8:00,0.0,0.0010869436984648928,,
39067,Harrison County,OH,3/19/2026 9:00,0.0,0.0,,
39067,Harrison County,OH,3/19/2026 10:00,0.0,0.0,,
39067,Harrison County,OH,3/19/2026 11:00,0.0,0.0,,
39067,Harrison County,OH,3/19/2026 12:00,0.0,0.0,,
39067,Harrison County,OH,3/19/2026 13:00,0.0,0.0010885869996855035,,
39067,Harrison County,OH,3/19/2026 14:00,0.0,0.001173729886068031,,
39067,Harrison County,OH,3/19/2026 15:00,0.0,0.0,,
39067,Harrison County,OH,3/19/2026 16:00,0.0,0.0,,
39067,Harrison County,OH,3/19/2026 17:00,0.0,0.0,,
39067,Harrison County,OH,3/19/2026 18:00,0.0012869501224486157,,,
39067,Harrison County,OH,3/19/2026 19:00,0.0011991324499831535,,,
39067,Harrison County,OH,3/19/2026 20:00,0.0,,,
39067,Harrison County,OH,3/19/2026 21:00,0.0,,,
39067,Harrison County,OH,3/19/2026 22:00,0.0,,,
39067,Harrison County,OH,3/19/2026 23:00,,,,
39071,Highland County,OH,3/14/2026 0:00,0.0017271975812036544,0.0,0.0,0.002447666256921366
39071,Highland County,OH,3/14/2026 1:00,0.0016131828597281128,0.0,0.0,0.0022308127372525632
39071,Highland County,OH,3/14/2026 2:00,0.00192618666915223,0.0,0.0,0.002811214094981551
39071,Highland County,OH,3/14/2026 3:00,0.0022204949345905334,0.0,0.0,0.00312174228602089
39071,Highland County,OH,3/14/2026 4:00,0.0,0.0,0.0,0.0028981689363718035
39071,Highland County,OH,3/14/2026 5:00,0.0,0.0,0.0,0.0031961439177393912
39071,Highland County,OH,3/14/2026 6:00,0.0,0.0,0.0,0.0028992061386816205
39071,Highland County,OH,3/14/2026 7:00,0.0,0.0,0.0,0.0027848404948599636
39071,Highland County,OH,3/14/2026 8:00,0.0,0.0,0.0,0.0025851695580058733
39071,Highland County,OH,3/14/2026 9:00,0.0,0.0,0.0,0.00284925910345919
39071,Highland County,OH,3/14/2026 10:00,0.0,0.0,0.0,0.0029535637157096064
39071,Highland County,OH,3/14/2026 11:00,0.0,0.0,0.0,0.002891059858666267
39071,Highland County,OH,3/14/2026 12:00,0.0,0.0,0.001850242170621641,0.0019353622570633887
39071,Highland County,OH,3/14/2026 13:00,0.0,0.0,0.0049295309581793845,0.0016142980282893404
39071,Highland County,OH,3/14/2026 14:00,0.0,0.0,0.0057316661273944195,0.0013924201135523616
39071,Highland County,OH,3/14/2026 15:00,0.0,0.0,0.006949324239394627,0.0
39071,Highland County,OH,3/14/2026 16:00,0.0,0.0,0.0065269284008536484,0.0
39071,Highland County,OH,3/14/2026 17:00,0.0,0.0,0.006476558072608896,0.0
39071,Highland County,OH,3/14/2026 18:00,0.0,0.0,0.005181975255254656,0.0
39071,Highland County,OH,3/14/2026 19:00,0.0,0.0,0.00526784328976646,0.0
39071,Highland County,OH,3/14/2026 20:00,0.0,0.0,0.004588932447586558,0.0
39071,Highland County,OH,3/14/2026 21:00,0.0,0.0,0.004413184318400454,0.0
39071,Highland County,OH,3/14/2026 22:00,0.0,0.0,0.004716005806767498,0.0
39071,Highland County,OH,3/14/2026 23:00,0.0,0.0,0.004498296875499364,0.0
39071,Highland County,OH,3/15/2026 0:00,0.0,0.0,0.004135105928435223,0.0
39071,Highland County,OH,3/15/2026 1:00,0.0,0.0,0.004480287769183633,0.0
39071,Highland County,OH,3/15/2026 2:00,0.0,0.0,0.005095882314708433,0.0
39071,Highland County,OH,3/15/2026 3:00,0.0,0.0,0.002994906509411521,0.0
39071,Highland County,OH,3/15/2026 4:00,0.0,0.0,0.0030828624207060785,0.0
39071,Highland County,OH,3/15/2026 5:00,0.0,0.0012631140183657409,0.003672642935998738,0.0
39071,Highland County,OH,3/15/2026 6:00,0.0,0.0014669495169073342,0.002807324315654114,0.0
39071,Highland County,OH,3/15/2026 7:00,0.0,0.0040255384519696236,0.0025556362990755586,0.0
39071,Highland County,OH,3/15/2026 8:00,0.0,0.005561719555407763,0.0020083464914932847,0.0
39071,Highland County,OH,3/15/2026 9:00,0.0,0.00677808066830039,0.002119907048472669,0.0
39071,Highland County,OH,3/15/2026 10:00,0.001787179266102612,0.0064611272420734165,0.0015091615314304363,0.0
39071,Highland County,OH,3/15/2026 11:00,0.0018695726757869124,0.006101050204597414,0.0015198119275737555,0.0
39071,Highland County,OH,3/15/2026 12:00,0.004463199293240905,0.004696872620843351,0.0015055537485750392,0.0
39071,Highland County,OH,3/15/2026 13:00,0.006021419772878289,0.0046991638373583555,0.001541551694390364,0.0
39071,Highland County,OH,3/15/2026 14:00,0.006900574895553291,0.0031378241488710045,0.0,0.0
39071,Highland County,OH,3/15/2026 15:00,0.00686677434714511,0.0032579889288172127,0.0,0.0
39071,Highland County,OH,3/15/2026 16:00,0.00629363305051811,0.0033079186338,0.0,0.0
39071,Highland County,OH,3/15/2026 17:00,0.005136346393555868,0.0027202968369238077,0.0,0.0
39071,Highland County,OH,3/15/2026 18:00,0.005136340652825311,0.0021210819715633987,0.0,0.0
39071,Highland County,OH,3/15/2026 19:00,0.003609940336900763,0.0020601129392161964,0.0,0.0
39071,Highland County,OH,3/15/2026 20:00,0.003774881362915039,0.002390776528045535,0.0,0.0
39071,Highland County,OH,3/15/2026 21:00,0.00355555911664851,0.001444926136173308,0.0,0.0
39071,Highland County,OH,3/15/2026 22:00,0.002927564812125638,0.001617511175572872,0.0,0.0
39071,Highland County,OH,3/15/2026 23:00,0.0020258810254745185,0.0025674995966255667,0.0,0.0
39071,Highland County,OH,3/16/2026 0:00,0.0014674625708721578,0.0012050798628479241,0.0,0.0
39071,Highland County,OH,3/16/2026 1:00,0.0027774685659096576,0.0018291725311428307,0.0,0.0
39071,Highland County,OH,3/16/2026 2:00,0.002214193606050685,0.001644011028110981,0.0,0.0
39071,Highland County,OH,3/16/2026 3:00,0.0024119234112731647,0.0015405918471515178,0.0,0.0
39071,Highland County,OH,3/16/2026 4:00,0.0035816970776068047,0.002588812727481127,0.0,0.0
39071,Highland County,OH,3/16/2026 5:00,0.0,0.0020017734728753566,0.0,0.0
39071,Highland County,OH,3/16/2026 6:00,0.0034112720168195665,0.0,0.0,0.0
39071,Highland County,OH,3/16/2026 7:00,0.002235753388958983,0.0,0.0,0.0
39071,Highland County,OH,3/16/2026 8:00,0.003307817387394607,0.0,0.0,0.0
39071,Highland County,OH,3/16/2026 9:00,0.0033195151918334886,0.0,0.0,0.0
39071,Highland County,OH,3/16/2026 10:00,0.0018543351907283068,0.0,0.0,0.0
39071,Highland County,OH,3/16/2026 11:00,0.0010004213836509734,0.0,0.0,0.0
39071,Highland County,OH,3/16/2026 12:00,0.0014787738473387435,0.0,0.0,0.0
39071,Highland County,OH,3/16/2026 13:00,0.0014719549581059255,0.0,0.0,0.0
39071,Highland County,OH,3/16/2026 14:00,0.0011120277777081355,0.0,0.0,0.0
39071,Highland County,OH,3/16/2026 15:00,0.0,0.0,0.0,0.0
39071,Highland County,OH,3/16/2026 16:00,0.0,0.0,0.0,0.0
39071,Highland County,OH,3/16/2026 17:00,0.0,0.0,0.0,0.0
39071,Highland County,OH,3/16/2026 18:00,0.0,0.0,0.0,0.0
39071,Highland County,OH,3/16/2026 19:00,0.0,0.0,0.0,0.0
39071,Highland County,OH,3/16/2026 20:00,0.0013532182638300583,0.0,0.0,0.0
39071,Highland County,OH,3/16/2026 21:00,0.0,0.0,0.0,0.0
39071,Highland County,OH,3/16/2026 22:00,0.0011740222107619047,0.0,0.0,0.0
39071,Highland County,OH,3/16/2026 23:00,0.0,0.0,0.0,0.0
39071,Highland County,OH,3/17/2026 0:00,0.0,0.0,0.0,0.0
39071,Highland County,OH,3/17/2026 1:00,0.0,0.0,0.0,0.0
39071,Highland County,OH,3/17/2026 2:00,0.0,0.0,0.0,0.0
39071,Highland County,OH,3/17/2026 3:00,0.0,0.0,0.0,0.0
39071,Highland County,OH,3/17/2026 4:00,0.0,0.0,0.0,0.0
39071,Highland County,OH,3/17/2026 5:00,0.0,0.0,0.0,0.0
39071,Highland County,OH,3/17/2026 6:00,0.0,0.0,0.0,0.0
39071,Highland County,OH,3/17/2026 7:00,0.0,0.0,0.0,0.0
39071,Highland County,OH,3/17/2026 8:00,0.0,0.0,0.0,0.0
39071,Highland County,OH,3/17/2026 9:00,0.0,0.0,0.0,0.0
39071,Highland County,OH,3/17/2026 10:00,0.0,0.0,0.0,0.0
39071,Highland County,OH,3/17/2026 11:00,0.0,0.0,0.0,0.0
39071,Highland County,OH,3/17/2026 12:00,0.0,0.0,0.0,0.0
39071,Highland County,OH,3/17/2026 13:00,0.0,0.0,0.0,0.0
39071,Highland County,OH,3/17/2026 14:00,0.0,0.0,0.0,0.0
39071,Highland County,OH,3/17/2026 15:00,0.0,0.0,0.0,0.0
39071,Highland County,OH,3/17/2026 16:00,0.0,0.0,0.0,0.0
39071,Highland County,OH,3/17/2026 17:00,0.0,0.0,0.0,0.0
39071,Highland County,OH,3/17/2026 18:00,0.0,0.0,0.0,0.0
39071,Highland County,OH,3/17/2026 19:00,0.0,0.0,0.0,0.0
39071,Highland County,OH,3/17/2026 20:00,0.0,0.0,0.0,0.0
39071,Highland County,OH,3/17/2026 21:00,0.0,0.0,0.0,0.0
39071,Highland County,OH,3/17/2026 22:00,0.0,0.0,0.0,0.0
39071,Highland County,OH,3/17/2026 23:00,0.0,0.0,0.0,0.0
39071,Highland County,OH,3/18/2026 0:00,0.0,0.0,0.0,
39071,Highland County,OH,3/18/2026 1:00,0.0,0.0,0.0,
39071,Highland County,OH,3/18/2026 2:00,0.0,0.0,0.0,
39071,Highland County,OH,3/18/2026 3:00,0.0,0.0,0.0,
39071,Highland County,OH,3/18/2026 4:00,0.0,0.0,0.0,
39071,Highland County,OH,3/18/2026 5:00,0.0,0.0,0.0,
39071,Highland County,OH,3/18/2026 6:00,0.0,0.0,0.0,
39071,Highland County,OH,3/18/2026 7:00,0.0,0.0,0.0,
39071,Highland County,OH,3/18/2026 8:00,0.0,0.0,0.0,
39071,Highland County,OH,3/18/2026 9:00,0.0,0.0,0.0,
39071,Highland County,OH,3/18/2026 10:00,0.0,0.0,0.0,
39071,Highland County,OH,3/18/2026 11:00,0.0,0.0,0.0,
39071,Highland County,OH,3/18/2026 12:00,0.0,0.0,0.0,
39071,Highland County,OH,3/18/2026 13:00,0.0,0.0,0.0,
39071,Highland County,OH,3/18/2026 14:00,0.0,0.0,0.0,
39071,Highland County,OH,3/18/2026 15:00,0.0,0.0,0.0,
39071,Highland County,OH,3/18/2026 16:00,0.0,0.0,0.0,
39071,Highland County,OH,3/18/2026 17:00,0.0,0.0,0.0,
39071,Highland County,OH,3/18/2026 18:00,0.0,0.0,0.0,
39071,Highland County,OH,3/18/2026 19:00,0.0,0.0,0.0,
39071,Highland County,OH,3/18/2026 20:00,0.0,0.0,0.0,
39071,Highland County,OH,3/18/2026 21:00,0.0,0.0,0.0,
39071,Highland County,OH,3/18/2026 22:00,0.0,0.0,0.0,
39071,Highland County,OH,3/18/2026 23:00,0.0,0.0,0.0,
39071,Highland County,OH,3/19/2026 0:00,0.0,0.0,,
39071,Highland County,OH,3/19/2026 1:00,0.0,0.0,,
39071,Highland County,OH,3/19/2026 2:00,0.0,0.0,,
39071,Highland County,OH,3/19/2026 3:00,0.0,0.0,,
39071,Highland County,OH,3/19/2026 4:00,0.0,0.0,,
39071,Highland County,OH,3/19/2026 5:00,0.0,0.0,,
39071,Highland County,OH,3/19/2026 6:00,0.0,0.0,,
39071,Highland County,OH,3/19/2026 7:00,0.0,0.0,,
39071,Highland County,OH,3/19/2026 8:00,0.0,0.0,,
39071,Highland County,OH,3/19/2026 9:00,0.0,0.0,,
39071,Highland County,OH,3/19/2026 10:00,0.0,0.0,,
39071,Highland County,OH,3/19/2026 11:00,0.0,0.0,,
39071,Highland County,OH,3/19/2026 12:00,0.0,0.0,,
39071,Highland County,OH,3/19/2026 13:00,0.0,0.0,,
39071,Highland County,OH,3/19/2026 14:00,0.0,0.0,,
39071,Highland County,OH,3/19/2026 15:00,0.0,0.0,,
39071,Highland County,OH,3/19/2026 16:00,0.0,0.0,,
39071,Highland County,OH,3/19/2026 17:00,0.0,0.0,,
39071,Highland County,OH,3/19/2026 18:00,0.0,,,
39071,Highland County,OH,3/19/2026 19:00,0.0,,,
39071,Highland County,OH,3/19/2026 20:00,0.0,,,
39071,Highland County,OH,3/19/2026 21:00,0.0,,,
39071,Highland County,OH,3/19/2026 22:00,0.0,,,
39071,Highland County,OH,3/19/2026 23:00,,,,
39079,Jackson County,OH,3/14/2026 0:00,0.008675579796545208,0.0039547596097690985,0.0,0.0019684830360347403
39079,Jackson County,OH,3/14/2026 1:00,0.008343256660737097,0.003933332723681815,0.0,0.0025315262348158283
39079,Jackson County,OH,3/14/2026 2:00,0.006765476195141673,0.004008705790329259,0.0,0.0021570528791926336
39079,Jackson County,OH,3/14/2026 3:00,0.004953451338224113,0.003602584995678626,0.0,0.0022775103032472545
39079,Jackson County,OH,3/14/2026 4:00,0.004563407379464479,0.003517438261769712,0.0,0.003025094214535784
39079,Jackson County,OH,3/14/2026 5:00,0.004392867005662993,0.003357212000992149,0.0,0.0037693851569201796
39079,Jackson County,OH,3/14/2026 6:00,0.004657971381675452,0.0028318582626525313,0.0,0.003682195456349291
39079,Jackson County,OH,3/14/2026 7:00,0.004677996505051851,0.002178458502748981,0.0,0.004110544997092802
39079,Jackson County,OH,3/14/2026 8:00,0.004156016337219626,0.0015216708416119218,0.0,0.004048379143205239
39079,Jackson County,OH,3/14/2026 9:00,0.003901664342265576,0.0,0.0,0.00452186796173919
39079,Jackson County,OH,3/14/2026 10:00,0.0037370783393271267,0.001029907027259469,0.0,0.004482463221211219
39079,Jackson County,OH,3/14/2026 11:00,0.003424186201300472,0.0,0.0,0.004112419854209293
39079,Jackson County,OH,3/14/2026 12:00,0.0029130776529200375,0.0,0.0,0.00377125391678419
39079,Jackson County,OH,3/14/2026 13:00,0.002219454094301909,0.0,0.0019155158050125464,0.0033619510038988666
39079,Jackson County,OH,3/14/2026 14:00,0.001778287230990827,0.0,0.0019947095948737114,0.002941341482801363
39079,Jackson County,OH,3/14/2026 15:00,0.001765041728504002,0.0,0.003034263799781911,0.002435659512411803
39079,Jackson County,OH,3/14/2026 16:00,0.0,0.0,0.0035493956820573658,0.0018889326835051178
39079,Jackson County,OH,3/14/2026 17:00,0.0,0.0,0.003319598635425791,0.0018163826607633382
39079,Jackson County,OH,3/14/2026 18:00,0.0,0.0,0.003058562066871673,0.0019296199025120586
39079,Jackson County,OH,3/14/2026 19:00,0.0,0.0,0.004247254683286883,0.0020365840173326433
39079,Jackson County,OH,3/14/2026 20:00,0.0,0.0,0.003015739069087431,0.002310977882007137
39079,Jackson County,OH,3/14/2026 21:00,0.0,0.0,0.0027572975581279025,0.002246219589142129
39079,Jackson County,OH,3/14/2026 22:00,0.0,0.0,0.0019415956601733341,0.0021520704729482533
39079,Jackson County,OH,3/14/2026 23:00,0.0,0.0,0.0014807359810220077,0.0025198944349540398
39079,Jackson County,OH,3/15/2026 0:00,0.0,0.0,0.0,0.0023499585659010336
39079,Jackson County,OH,3/15/2026 1:00,0.0,0.0,0.0011119380316813477,0.002171333268051967
39079,Jackson County,OH,3/15/2026 2:00,0.0,0.0,0.001155767079035286,0.0020674881292507053
39079,Jackson County,OH,3/15/2026 3:00,0.0,0.0,0.0,0.00239198834169656
39079,Jackson County,OH,3/15/2026 4:00,0.0,0.0,0.001729046434047632,0.002161347374203615
39079,Jackson County,OH,3/15/2026 5:00,0.0,0.0017688282416202128,0.0027265688870102165,0.002003732678713277
39079,Jackson County,OH,3/15/2026 6:00,0.0,0.0020093720871955157,0.0025536380184348673,0.002093736032838933
39079,Jackson County,OH,3/15/2026 7:00,0.0,0.0021666124870534987,0.002896638077800162,0.0016050943988375366
39079,Jackson County,OH,3/15/2026 8:00,0.0,0.0025961674822610804,0.0038672544485962137,0.0
39079,Jackson County,OH,3/15/2026 9:00,0.0,0.003588672506157309,0.004196685491479002,0.0
39079,Jackson County,OH,3/15/2026 10:00,0.0015943031321512535,0.0031759903591591864,0.0035393500336795116,0.0
39079,Jackson County,OH,3/15/2026 11:00,0.0013512211735360324,0.003248492442071438,0.0035778804740402848,0.0
39079,Jackson County,OH,3/15/2026 12:00,0.0013276583631522954,0.0032365997089073063,0.0033093639591243117,0.0
39079,Jackson County,OH,3/15/2026 13:00,0.001789041853044182,0.00449394229799509,0.00284214707207866,0.0
39079,Jackson County,OH,3/15/2026 14:00,0.0027045372407883406,0.004401466553099453,0.0023444999766070395,0.0
39079,Jackson County,OH,3/15/2026 15:00,0.0027163474878761917,0.004741831216961145,0.002258561269263737,0.0
39079,Jackson County,OH,3/15/2026 16:00,0.0026538968668319285,0.00371566703543067,0.0,0.0
39079,Jackson County,OH,3/15/2026 17:00,0.0026066971477121115,0.0031855077715590594,0.0,0.0
39079,Jackson County,OH,3/15/2026 18:00,0.0040207040729001164,0.0026119634276255965,0.0012136725083109923,0.0
39079,Jackson County,OH,3/15/2026 19:00,0.004332615826569963,0.0027485530357807876,0.0,0.0
39079,Jackson County,OH,3/15/2026 20:00,0.004916958714602515,0.0029109353432431816,0.001803559681866318,0.0
39079,Jackson County,OH,3/15/2026 21:00,0.003807873261393979,0.0022552908398211003,0.0022186373564181848,0.0
39079,Jackson County,OH,3/15/2026 22:00,0.003218955942429602,0.003109015102381818,0.002739832364022732,0.0
39079,Jackson County,OH,3/15/2026 23:00,0.002358829535296536,0.004653545841574669,0.002690655486367177,0.0
39079,Jackson County,OH,3/16/2026 0:00,0.0022682847193209454,0.003991342056542635,0.0019197377288946882,0.0
39079,Jackson County,OH,3/16/2026 1:00,0.00213754377909936,0.005091088078916073,0.0021342273816117086,0.0
39079,Jackson County,OH,3/16/2026 2:00,0.0013472667778842151,0.004042293081874959,0.0025928747207217386,0.0
39079,Jackson County,OH,3/16/2026 3:00,0.002444545505568385,0.0042106704284378795,0.00220629499599454,0.0
39079,Jackson County,OH,3/16/2026 4:00,0.0035326392389833927,0.004344221152132377,0.002852661547876778,0.0
39079,Jackson County,OH,3/16/2026 5:00,0.0033069325145334005,0.004048306046752259,0.0023065411980496718,0.0
39079,Jackson County,OH,3/16/2026 6:00,0.003658923669718206,0.003329542907886207,0.0020045869445311838,0.0
39079,Jackson County,OH,3/16/2026 7:00,0.0032452874002046883,0.002655567124020308,0.002038488306425279,0.0
39079,Jackson County,OH,3/16/2026 8:00,0.0036364318802952766,0.002397423959337175,0.001144370906695258,0.0
39079,Jackson County,OH,3/16/2026 9:00,0.0037829567736480385,0.002499949836055748,0.0,0.0
39079,Jackson County,OH,3/16/2026 10:00,0.0033781707752496004,0.002194802835583687,0.0,0.0
39079,Jackson County,OH,3/16/2026 11:00,0.003046553611056879,0.001933370262850076,0.0,0.0
39079,Jackson County,OH,3/16/2026 12:00,0.0024708725686650723,0.0019897306337952614,0.0,0.0
39079,Jackson County,OH,3/16/2026 13:00,0.002289909840328619,0.0015817597392015158,0.0,0.0
39079,Jackson County,OH,3/16/2026 14:00,0.0023474422050639987,0.001885122072417289,0.0,0.0
39079,Jackson County,OH,3/16/2026 15:00,0.001875983136415016,0.0019916988327167927,0.0,0.0
39079,Jackson County,OH,3/16/2026 16:00,0.0011549672926776111,0.0017755612032487988,0.0,0.0
39079,Jackson County,OH,3/16/2026 17:00,0.001265063474420458,0.002284262527246028,0.0,0.0
39079,Jackson County,OH,3/16/2026 18:00,0.0011930306209251285,0.0022341318661347033,0.0,0.0
39079,Jackson County,OH,3/16/2026 19:00,0.0,0.002188819833099842,0.0,0.0
39079,Jackson County,OH,3/16/2026 20:00,0.001822769147111103,0.0021839850407559423,0.0,0.0
39079,Jackson County,OH,3/16/2026 21:00,0.002033511693298351,0.002149888200801797,0.0,0.0
39079,Jackson County,OH,3/16/2026 22:00,0.002590481031802483,0.0019495362415909768,0.0,0.0
39079,Jackson County,OH,3/16/2026 23:00,0.0022212780313566327,0.0015560712694423274,0.0,0.0
39079,Jackson County,OH,3/17/2026 0:00,0.0018499412981327623,0.0014715861834702082,0.0,0.0
39079,Jackson County,OH,3/17/2026 1:00,0.0020446394264581613,0.0016058869892731308,0.0,0.0
39079,Jackson County,OH,3/17/2026 2:00,0.0019292430515633896,0.001027772668749094,0.0,0.0
39079,Jackson County,OH,3/17/2026 3:00,0.002291078220878262,0.0,0.0,0.0
39079,Jackson County,OH,3/17/2026 4:00,0.0016939389024628326,0.0,0.0,0.0
39079,Jackson County,OH,3/17/2026 5:00,0.0015910481379250996,0.0,0.0,0.0
39079,Jackson County,OH,3/17/2026 6:00,0.001786447741324082,0.0,0.0,0.0
39079,Jackson County,OH,3/17/2026 7:00,0.0013084100137348287,0.0,0.0,0.0
39079,Jackson County,OH,3/17/2026 8:00,0.0,0.0,0.0,0.0
39079,Jackson County,OH,3/17/2026 9:00,0.0,0.0,0.0,0.0
39079,Jackson County,OH,3/17/2026 10:00,0.0,0.0,0.0,0.0
39079,Jackson County,OH,3/17/2026 11:00,0.0,0.0,0.0,0.0
39079,Jackson County,OH,3/17/2026 12:00,0.0,0.0,0.0,0.0
39079,Jackson County,OH,3/17/2026 13:00,0.0,0.0,0.0,0.0
39079,Jackson County,OH,3/17/2026 14:00,0.0,0.0,0.0,0.0
39079,Jackson County,OH,3/17/2026 15:00,0.0,0.0,0.0,0.0
39079,Jackson County,OH,3/17/2026 16:00,0.0,0.0,0.0,0.0
39079,Jackson County,OH,3/17/2026 17:00,0.0,0.0,0.0,0.0
39079,Jackson County,OH,3/17/2026 18:00,0.0,0.0,0.0,0.0
39079,Jackson County,OH,3/17/2026 19:00,0.0,0.0,0.0,0.0
39079,Jackson County,OH,3/17/2026 20:00,0.0,0.0,0.0,0.0
39079,Jackson County,OH,3/17/2026 21:00,0.0,0.0,0.0,0.0
39079,Jackson County,OH,3/17/2026 22:00,0.0,0.0,0.0,0.0
39079,Jackson County,OH,3/17/2026 23:00,0.0,0.0,0.0,0.0
39079,Jackson County,OH,3/18/2026 0:00,0.0,0.0,0.0,
39079,Jackson County,OH,3/18/2026 1:00,0.0,0.0,0.0,
39079,Jackson County,OH,3/18/2026 2:00,0.0,0.0,0.0,
39079,Jackson County,OH,3/18/2026 3:00,0.0,0.0,0.0,
39079,Jackson County,OH,3/18/2026 4:00,0.0,0.0,0.0,
39079,Jackson County,OH,3/18/2026 5:00,0.0,0.0,0.0,
39079,Jackson County,OH,3/18/2026 6:00,0.0,0.0,0.0,
39079,Jackson County,OH,3/18/2026 7:00,0.0,0.0,0.0,
39079,Jackson County,OH,3/18/2026 8:00,0.0,0.0,0.0,
39079,Jackson County,OH,3/18/2026 9:00,0.0,0.0,0.0,
39079,Jackson County,OH,3/18/2026 10:00,0.0,0.0,0.0,
39079,Jackson County,OH,3/18/2026 11:00,0.0,0.0,0.0,
39079,Jackson County,OH,3/18/2026 12:00,0.0,0.0,0.0,
39079,Jackson County,OH,3/18/2026 13:00,0.0,0.0,0.0,
39079,Jackson County,OH,3/18/2026 14:00,0.0,0.0,0.0,
39079,Jackson County,OH,3/18/2026 15:00,0.0,0.0,0.0,
39079,Jackson County,OH,3/18/2026 16:00,0.0,0.0,0.0,
39079,Jackson County,OH,3/18/2026 17:00,0.0,0.0,0.0,
39079,Jackson County,OH,3/18/2026 18:00,0.0,0.0,0.0,
39079,Jackson County,OH,3/18/2026 19:00,0.0,0.0,0.0,
39079,Jackson County,OH,3/18/2026 20:00,0.0,0.0,0.0,
39079,Jackson County,OH,3/18/2026 21:00,0.0,0.0,0.0,
39079,Jackson County,OH,3/18/2026 22:00,0.0,0.0,0.0,
39079,Jackson County,OH,3/18/2026 23:00,0.0,0.0,0.0,
39079,Jackson County,OH,3/19/2026 0:00,0.0,0.0,,
39079,Jackson County,OH,3/19/2026 1:00,0.0,0.0,,
39079,Jackson County,OH,3/19/2026 2:00,0.0,0.0,,
39079,Jackson County,OH,3/19/2026 3:00,0.0,0.0,,
39079,Jackson County,OH,3/19/2026 4:00,0.0,0.0,,
39079,Jackson County,OH,3/19/2026 5:00,0.0,0.0,,
39079,Jackson County,OH,3/19/2026 6:00,0.0,0.0,,
39079,Jackson County,OH,3/19/2026 7:00,0.0,0.0,,
39079,Jackson County,OH,3/19/2026 8:00,0.0,0.0,,
39079,Jackson County,OH,3/19/2026 9:00,0.0,0.0,,
39079,Jackson County,OH,3/19/2026 10:00,0.0,0.0,,
39079,Jackson County,OH,3/19/2026 11:00,0.0,0.0,,
39079,Jackson County,OH,3/19/2026 12:00,0.0,0.0,,
39079,Jackson County,OH,3/19/2026 13:00,0.0,0.0,,
39079,Jackson County,OH,3/19/2026 14:00,0.0,0.0,,
39079,Jackson County,OH,3/19/2026 15:00,0.0,0.0,,
39079,Jackson County,OH,3/19/2026 16:00,0.0,0.0,,
39079,Jackson County,OH,3/19/2026 17:00,0.0,0.0,,
39079,Jackson County,OH,3/19/2026 18:00,0.0,,,
39079,Jackson County,OH,3/19/2026 19:00,0.0,,,
39079,Jackson County,OH,3/19/2026 20:00,0.0,,,
39079,Jackson County,OH,3/19/2026 21:00,0.0,,,
39079,Jackson County,OH,3/19/2026 22:00,0.0,,,
39079,Jackson County,OH,3/19/2026 23:00,,,,
39083,Knox County,OH,3/14/2026 0:00,0.2516470532864332,0.2167709767818451,0.12167654857039452,0.03952657109475695
39083,Knox County,OH,3/14/2026 1:00,0.2426860984414816,0.21548254787921906,0.11808981858193875,0.041541033226531
39083,Knox County,OH,3/14/2026 2:00,0.2480679675936699,0.20332892388105392,0.11935911942273378,0.04182687888387591
39083,Knox County,OH,3/14/2026 3:00,0.24339525774121284,0.19904278814792634,0.11879569049924613,0.04356064856983721
39083,Knox County,OH,3/14/2026 4:00,0.23778434097766876,0.20016242563724518,0.1173646179959178,0.044959968980401756
39083,Knox County,OH,3/14/2026 5:00,0.23777151107788086,0.19379336833953859,0.11483965031802654,0.044948853086680174
39083,Knox County,OH,3/14/2026 6:00,0.22658035717904568,0.1950990676879883,0.11329541113227606,0.04455073047429323
39083,Knox County,OH,3/14/2026 7:00,0.21898217871785164,0.19024774581193923,0.11399031858891248,0.04344660034403205
39083,Knox County,OH,3/14/2026 8:00,0.21693704277276993,0.18697561770677568,0.11304216366261244,0.04688297510147095
39083,Knox County,OH,3/14/2026 9:00,0.2224871665239334,0.17519914358854294,0.11155924908816814,0.04585709059610963
39083,Knox County,OH,3/14/2026 10:00,0.2179766334593296,0.17089245915412904,0.10827843304723501,0.04403554571326822
39083,Knox County,OH,3/14/2026 11:00,0.22047845646739006,0.16868062317371368,0.10630216263234615,0.041764628933742644
39083,Knox County,OH,3/14/2026 12:00,0.21764128655195236,0.16176236867904664,0.10008113048970699,0.03911763303913176
39083,Knox County,OH,3/14/2026 13:00,0.2146262377500534,0.14714137762784957,0.09337388630956411,0.032171104790177193
39083,Knox County,OH,3/14/2026 14:00,0.20597077161073685,0.12101497501134872,0.08905700594186783,0.02934362750384025
39083,Knox County,OH,3/14/2026 15:00,0.20521412789821625,0.11186868250370026,0.0907191600650549,0.023499667667783795
39083,Knox County,OH,3/14/2026 16:00,0.19896509498357773,0.10702025443315506,0.09323338195681571,0.020641478139077664
39083,Knox County,OH,3/14/2026 17:00,0.19192076474428177,0.10399322658777237,0.09445657879114151,0.02033794590388425
39083,Knox County,OH,3/14/2026 18:00,0.1741161197423935,0.10852625668048858,0.08757159188389778,0.01819328509736806
39083,Knox County,OH,3/14/2026 19:00,0.14498207718133926,0.10252561122179031,0.07278031539171934,0.014407745740027168
39083,Knox County,OH,3/14/2026 20:00,0.13136830553412437,0.10118660926818848,0.06373441312462091,0.012975570012349636
39083,Knox County,OH,3/14/2026 21:00,0.12244991958141327,0.09947204738855361,0.0634732211008668,0.013473074324429036
39083,Knox County,OH,3/14/2026 22:00,0.11705552227795124,0.10085302144289017,0.06110987216234207,0.01216348769958131
39083,Knox County,OH,3/14/2026 23:00,0.12566006556153297,0.10080950856208801,0.05798871759325266,0.011908090401266235
39083,Knox County,OH,3/15/2026 0:00,0.11452508717775345,0.09890697300434112,0.05486762039363384,0.011273635450925213
39083,Knox County,OH,3/15/2026 1:00,0.11613239161670208,0.09703812748193741,0.054828143678605556,0.011064315569819882
39083,Knox County,OH,3/15/2026 2:00,0.11225178837776184,0.09767882376909257,0.054360440000891685,0.010617685466422699
39083,Knox County,OH,3/15/2026 3:00,0.11717111617326736,0.09549365490674973,0.05333208432421088,0.009775947406888008
39083,Knox County,OH,3/15/2026 4:00,0.12066466733813286,0.09103725403547287,0.059715379402041434,0.009857285674661398
39083,Knox County,OH,3/15/2026 5:00,0.11642904952168465,0.0881502315402031,0.06134867928922176,0.009319756424520164
39083,Knox County,OH,3/15/2026 6:00,0.11558358371257782,0.08424854725599289,0.06029450632631779,0.01014462518505752
39083,Knox County,OH,3/15/2026 7:00,0.11329535394906998,0.08264705389738083,0.05768468622118235,0.009874721430242062
39083,Knox County,OH,3/15/2026 8:00,0.10915731824934483,0.07794027626514435,0.05553440228104591,0.009879438742063939
39083,Knox County,OH,3/15/2026 9:00,0.10399167612195015,0.07559754773974418,0.055970003455877305,0.009741538553498685
39083,Knox County,OH,3/15/2026 10:00,0.10175559483468533,0.07671549618244171,0.05331278406083584,0.009477133071050048
39083,Knox County,OH,3/15/2026 11:00,0.09646251983940601,0.07409580498933792,0.05111621376127005,0.009590807696804404
39083,Knox County,OH,3/15/2026 12:00,0.09603744186460972,0.07286150977015496,0.044582098722457886,0.010099756461568177
39083,Knox County,OH,3/15/2026 13:00,0.09134379215538502,0.0593154564499855,0.04024662571027875,0.008689938334282488
39083,Knox County,OH,3/15/2026 14:00,0.08851654641330242,0.04842210188508034,0.037262171786278483,0.00897294064052403
39083,Knox County,OH,3/15/2026 15:00,0.09404375404119492,0.04599612057209015,0.03667412772774696,0.007641858397983014
39083,Knox County,OH,3/15/2026 16:00,0.09084903076291084,0.04578214287757874,0.030697360076010226,0.0056335094734095035
39083,Knox County,OH,3/15/2026 17:00,0.09139116480946541,0.04345924034714699,0.02832132801413536,0.005604464805219323
39083,Knox County,OH,3/15/2026 18:00,0.0742823239415884,0.043417125940322876,0.024942396860569715,0.006012762326281518
39083,Knox County,OH,3/15/2026 19:00,0.060380445793271065,0.04219414442777634,0.02165699005126953,0.004332747729495168
39083,Knox County,OH,3/15/2026 20:00,0.05312859173864126,0.044809479266405106,0.01959061939269304,0.004010832856874913
39083,Knox County,OH,3/15/2026 21:00,0.05639294534921646,0.04510238543152809,0.017852368764579296,0.0035311345476657153
39083,Knox County,OH,3/15/2026 22:00,0.057035453617572784,0.0463594600558281,0.017125490680336954,0.003075137553969398
39083,Knox County,OH,3/15/2026 23:00,0.05619018152356148,0.04587058573961258,0.017142968624830245,0.0034292477648705244
39083,Knox County,OH,3/16/2026 0:00,0.05720149725675583,0.04400973916053772,0.014634345797821878,0.002913075283868238
39083,Knox County,OH,3/16/2026 1:00,0.05639343336224556,0.04310049116611481,0.01380680943839252,0.0030460209876764567
39083,Knox County,OH,3/16/2026 2:00,0.06059541553258896,0.044682856649160385,0.013425078755244613,0.0024561170401284473
39083,Knox County,OH,3/16/2026 3:00,0.06717900931835175,0.0437738299369812,0.011811929289251566,0.0
39083,Knox County,OH,3/16/2026 4:00,0.06720777601003647,0.04115678668022156,0.012353756371885537,0.0
39083,Knox County,OH,3/16/2026 5:00,0.057665783911943436,0.03797380104660988,0.013017976470291615,0.0
39083,Knox County,OH,3/16/2026 6:00,0.06028019078075886,0.03547024540603161,0.012471636850386858,0.0
39083,Knox County,OH,3/16/2026 7:00,0.056414805352687836,0.03258088789880276,0.01239601746201515,0.0
39083,Knox County,OH,3/16/2026 8:00,0.057118142023682594,0.029726314917206766,0.012818853231146931,0.0
39083,Knox County,OH,3/16/2026 9:00,0.05261976458132267,0.02591218464076519,0.013115594675764442,0.0
39083,Knox County,OH,3/16/2026 10:00,0.04931846261024475,0.021890135109424592,0.013115782709792256,0.0
39083,Knox County,OH,3/16/2026 11:00,0.04601392522454262,0.02085118032991886,0.013079251814633607,0.0
39083,Knox County,OH,3/16/2026 12:00,0.04487031139433384,0.019048547744750975,0.01212021904066205,0.0
39083,Knox County,OH,3/16/2026 13:00,0.04290960542857647,0.017545739933848382,0.013398371590301394,0.0
39083,Knox County,OH,3/16/2026 14:00,0.04227132350206375,0.015709674172103404,0.012539867777377367,0.0
39083,Knox County,OH,3/16/2026 15:00,0.037970058619976044,0.016081654652953147,0.012644600123167038,0.0
39083,Knox County,OH,3/16/2026 16:00,0.033949654549360275,0.015114924684166909,0.01017234642058611,0.0
39083,Knox County,OH,3/16/2026 17:00,0.028438803739845753,0.01409641169011593,0.010796754015609622,0.0
39083,Knox County,OH,3/16/2026 18:00,0.024523000232875347,0.01300110351294279,0.009184204693883657,0.0
39083,Knox County,OH,3/16/2026 19:00,0.019971342757344246,0.012347248382866383,0.008415450807660818,0.0
39083,Knox County,OH,3/16/2026 20:00,0.023270215839147568,0.01244790218770504,0.008895611763000489,0.0
39083,Knox County,OH,3/16/2026 21:00,0.02167038433253765,0.012131186574697495,0.008639780804514885,0.0
39083,Knox County,OH,3/16/2026 22:00,0.020506138913333416,0.0119536604732275,0.00803764397278428,0.0
39083,Knox County,OH,3/16/2026 23:00,0.018959181383252144,0.01217491114512086,0.007770941406488418,0.0
39083,Knox County,OH,3/17/2026 0:00,0.01790125761181116,0.01164226271212101,0.008433693228289485,0.0
39083,Knox County,OH,3/17/2026 1:00,0.017553023993968964,0.011074596270918845,0.008342139935120941,0.0
39083,Knox County,OH,3/17/2026 2:00,0.015851481817662716,0.01132560558617115,0.007765776989981532,0.0
39083,Knox County,OH,3/17/2026 3:00,0.01680831704288721,0.010584235657006502,0.007132563204504549,0.0
39083,Knox County,OH,3/17/2026 4:00,0.016687207389622927,0.01096595823764801,0.007410169113427401,0.0
39083,Knox County,OH,3/17/2026 5:00,0.017288521863520145,0.010656390432268383,0.004977246560156345,0.0
39083,Knox County,OH,3/17/2026 6:00,0.01777741964906454,0.010323174484074115,0.005536446534097194,0.0
39083,Knox County,OH,3/17/2026 7:00,0.018032697029411793,0.009210111107677221,0.005404155841097236,0.0
39083,Knox County,OH,3/17/2026 8:00,0.01843257201835513,0.00860234722495079,0.005791337229311466,0.0
39083,Knox County,OH,3/17/2026 9:00,0.017866632901132107,0.008025552425533534,0.005550524359568954,0.0
39083,Knox County,OH,3/17/2026 10:00,0.017379410099238157,0.007750422973185778,0.006044216454029083,0.0
39083,Knox County,OH,3/17/2026 11:00,0.01578603219240904,0.007484307046979666,0.00568899787031114,0.0
39083,Knox County,OH,3/17/2026 12:00,0.01612047990784049,0.007271059695631266,0.005262626055628061,0.0
39083,Knox County,OH,3/17/2026 13:00,0.015479808673262596,0.005998451635241509,0.00552184593398124,0.0
39083,Knox County,OH,3/17/2026 14:00,0.014371882658451796,0.005563824204728007,0.0038595988880842924,0.0
39083,Knox County,OH,3/17/2026 15:00,0.012807437684386969,0.005691432906314731,0.004102872987277805,0.0
39083,Knox County,OH,3/17/2026 16:00,0.012152065522968769,0.005054096831008792,0.003044643928296864,0.0
39083,Knox County,OH,3/17/2026 17:00,0.013213916216045618,0.004971263837069273,0.0035327137913554905,0.0
39083,Knox County,OH,3/17/2026 18:00,0.01003344263881445,0.005101505247876048,0.0028858570381999015,0.0
39083,Knox County,OH,3/17/2026 19:00,0.008507129037752748,0.004930016165599227,0.0026340511394664645,0.0
39083,Knox County,OH,3/17/2026 20:00,0.007761699380353093,0.005430283024907112,0.0027923934860154985,0.0
39083,Knox County,OH,3/17/2026 21:00,0.007087531732395291,0.005597341759130359,0.0025690683163702484,0.0
39083,Knox County,OH,3/17/2026 22:00,0.007091757841408253,0.005977336969226599,0.0018534571630880235,0.0
39083,Knox County,OH,3/17/2026 23:00,0.010017592227086425,0.005769260972738267,0.002359411073848605,0.0
39083,Knox County,OH,3/18/2026 0:00,0.005483777727931738,0.004404011275619268,0.0026004513492807746,
39083,Knox County,OH,3/18/2026 1:00,0.006320297019556165,0.004775664489716292,0.002862471248954534,
39083,Knox County,OH,3/18/2026 2:00,0.008235926507040858,0.0040608880575746294,0.004644805449061096,
39083,Knox County,OH,3/18/2026 3:00,0.008622071705758572,0.004459716472774744,0.005015056161209941,
39083,Knox County,OH,3/18/2026 4:00,0.006274742539972067,0.0051813268102705486,0.004700799472630024,
39083,Knox County,OH,3/18/2026 5:00,0.006178316660225391,0.004994409205392004,0.003503645583987236,
39083,Knox County,OH,3/18/2026 6:00,0.006587760057300329,0.004883259953930974,0.0032960916170850394,
39083,Knox County,OH,3/18/2026 7:00,0.0069716142024844885,0.00441998615860939,0.0032525203423574567,
39083,Knox County,OH,3/18/2026 8:00,0.010640039574354887,0.004813462775200606,0.003385195857845247,
39083,Knox County,OH,3/18/2026 9:00,0.010828777682036161,0.0040269514312967665,0.002959030563943088,
39083,Knox County,OH,3/18/2026 10:00,0.00977934687398374,0.003490407788194716,0.0023708678199909627,
39083,Knox County,OH,3/18/2026 11:00,0.00804914184845984,0.0033376357518136502,0.0022034459514543416,
39083,Knox County,OH,3/18/2026 12:00,0.0051673282869160175,0.0028252836782485247,0.0020982655812986197,
39083,Knox County,OH,3/18/2026 13:00,0.004260453162714839,0.0024845659732818603,0.0021713211899623275,
39083,Knox County,OH,3/18/2026 14:00,0.002524500945582986,0.002434692904353142,0.0018408840172924102,
39083,Knox County,OH,3/18/2026 15:00,0.004320727777667344,0.0024375995388254525,0.0018662459566257893,
39083,Knox County,OH,3/18/2026 16:00,0.0035444824025034904,0.0022709400160238146,0.0,
39083,Knox County,OH,3/18/2026 17:00,0.0033658683532848954,0.002202537702396512,0.0018168872222304342,
39083,Knox County,OH,3/18/2026 18:00,0.0030908366898074746,0.0022055993089452387,0.001528556935954839,
39083,Knox County,OH,3/18/2026 19:00,0.0027250677812844515,0.0020370945800095796,0.0016713559278286993,
39083,Knox County,OH,3/18/2026 20:00,0.002127054409356788,0.0022227743873372676,0.0,
39083,Knox County,OH,3/18/2026 21:00,0.0018797015654854476,0.002362187230028212,0.0021595892438199373,
39083,Knox County,OH,3/18/2026 22:00,0.0019586936396081,0.002618101891130209,0.002199386671418324,
39083,Knox County,OH,3/18/2026 23:00,0.001762086154485587,0.0027753193629905582,0.00173639910062775,
39083,Knox County,OH,3/19/2026 0:00,0.0023544844589196146,0.0026062999852001665,,
39083,Knox County,OH,3/19/2026 1:00,0.0025291768833994865,0.002839752472937107,,
39083,Knox County,OH,3/19/2026 2:00,0.002905614790506661,0.0030993257416412233,,
39083,Knox County,OH,3/19/2026 3:00,0.002915457123890519,0.003262058482505381,,
39083,Knox County,OH,3/19/2026 4:00,0.003423799527809024,0.0033135038102045655,,
39083,Knox County,OH,3/19/2026 5:00,0.002526018477510661,0.0029663057066500187,,
39083,Knox County,OH,3/19/2026 6:00,0.002445175952743739,0.002982784830965102,,
39083,Knox County,OH,3/19/2026 7:00,0.0027738065691664815,0.003303896589204669,,
39083,Knox County,OH,3/19/2026 8:00,0.0028791528893634677,0.002975941426120699,,
39083,Knox County,OH,3/19/2026 9:00,0.0029212324880063534,0.00273885705973953,,
39083,Knox County,OH,3/19/2026 10:00,0.002230173908174038,0.002953420951962471,,
39083,Knox County,OH,3/19/2026 11:00,0.0027167588705196977,0.002745120180770755,,
39083,Knox County,OH,3/19/2026 12:00,0.0023983235587365925,0.00244177479762584,,
39083,Knox County,OH,3/19/2026 13:00,0.0019451020925771445,0.002706427429802716,,
39083,Knox County,OH,3/19/2026 14:00,0.0014617321867262945,0.002249230770394206,,
39083,Knox County,OH,3/19/2026 15:00,0.001610665349289775,0.002150599821470678,,
39083,Knox County,OH,3/19/2026 16:00,0.0016466853085148614,0.002169998246245086,,
39083,Knox County,OH,3/19/2026 17:00,0.0018138060841010883,0.002581419702619314,,
39083,Knox County,OH,3/19/2026 18:00,0.0019416501236264594,,,
39083,Knox County,OH,3/19/2026 19:00,0.0020228103967383504,,,
39083,Knox County,OH,3/19/2026 20:00,0.002057876452454366,,,
39083,Knox County,OH,3/19/2026 21:00,0.001755630160914734,,,
39083,Knox County,OH,3/19/2026 22:00,0.0018081313246511854,,,
39083,Knox County,OH,3/19/2026 23:00,,,,
42001,Adams County,PA,3/14/2026 0:00,0.004459287723875605,0.005303452769294381,0.0,0.0
42001,Adams County,PA,3/14/2026 1:00,0.004674278447055258,0.005421405483502895,0.0,0.0
42001,Adams County,PA,3/14/2026 2:00,0.005121885355038103,0.004820130323059857,0.0,0.0
42001,Adams County,PA,3/14/2026 3:00,0.004573432292090729,0.004090322111733258,0.0,0.0
42001,Adams County,PA,3/14/2026 4:00,0.00570562417851761,0.0035498539451509713,0.0,0.0
42001,Adams County,PA,3/14/2026 5:00,0.0049086083308793604,0.003904548962600529,0.0,0.0
42001,Adams County,PA,3/14/2026 6:00,0.004841405956540257,0.004037050809711218,0.0,0.0
42001,Adams County,PA,3/14/2026 7:00,0.0046624336973764,0.003516731644049287,0.0,0.0
42001,Adams County,PA,3/14/2026 8:00,0.004075641569215804,0.0033685504924505947,0.0,0.0
42001,Adams County,PA,3/14/2026 9:00,0.0033536515256855637,0.0024998312583193183,0.0,0.0
42001,Adams County,PA,3/14/2026 10:00,0.003724481735844165,0.0021414334420114755,0.0,0.0
42001,Adams County,PA,3/14/2026 11:00,0.004083643958438188,0.0017672386951744557,0.0,0.0
42001,Adams County,PA,3/14/2026 12:00,0.0035323437332408503,0.0015661229030229152,0.0,0.0
42001,Adams County,PA,3/14/2026 13:00,0.003462442531599663,0.001257687178440392,0.0,0.0
42001,Adams County,PA,3/14/2026 14:00,0.0025957575417123735,0.0,0.0,0.0
42001,Adams County,PA,3/14/2026 15:00,0.002167897684557829,0.0,0.0,0.0
42001,Adams County,PA,3/14/2026 16:00,0.0019286814131191932,0.0010876251093577594,0.0,0.0
42001,Adams County,PA,3/14/2026 17:00,0.0017585362402314786,0.0,0.0,0.0
42001,Adams County,PA,3/14/2026 18:00,0.0013479841272783233,0.0,0.0,0.0
42001,Adams County,PA,3/14/2026 19:00,0.0,0.0,0.0,0.001768534805160016
42001,Adams County,PA,3/14/2026 20:00,0.0,0.0,0.0,0.0052954230341129005
42001,Adams County,PA,3/14/2026 21:00,0.0011285423902336333,0.0,0.0,0.005960229338961653
42001,Adams County,PA,3/14/2026 22:00,0.0,0.0,0.0,0.005960868671536446
42001,Adams County,PA,3/14/2026 23:00,0.0,0.0,0.0,0.0064354031404946
42001,Adams County,PA,3/15/2026 0:00,0.0,0.0,0.0,0.008659658627584577
42001,Adams County,PA,3/15/2026 1:00,0.0010967881062242668,0.0,0.0,0.008166842977516353
42001,Adams County,PA,3/15/2026 2:00,0.0,0.0,0.0,0.006113775167614221
42001,Adams County,PA,3/15/2026 3:00,0.0,0.0,0.0,0.006030512950383126
42001,Adams County,PA,3/15/2026 4:00,0.0,0.0,0.0,0.005549131450243295
42001,Adams County,PA,3/15/2026 5:00,0.0,0.0,0.0,0.005928017059341073
42001,Adams County,PA,3/15/2026 6:00,0.0,0.0,0.0,0.0065726803615689285
42001,Adams County,PA,3/15/2026 7:00,0.0,0.0,0.0,0.005395273002795875
42001,Adams County,PA,3/15/2026 8:00,0.0,0.0,0.0,0.003327391715720296
42001,Adams County,PA,3/15/2026 9:00,0.0,0.0,0.0,0.0034246569965034725
42001,Adams County,PA,3/15/2026 10:00,0.0,0.0,0.0,0.0030254439683631063
42001,Adams County,PA,3/15/2026 11:00,0.0,0.0,0.0,0.002595648600254208
42001,Adams County,PA,3/15/2026 12:00,0.0,0.0,0.0,0.0012422553380019965
42001,Adams County,PA,3/15/2026 13:00,0.0,0.0,0.0,0.0015252724115271121
42001,Adams County,PA,3/15/2026 14:00,0.0,0.0,0.0,0.0011623195256106555
42001,Adams County,PA,3/15/2026 15:00,0.0,0.0,0.0,0.0
42001,Adams County,PA,3/15/2026 16:00,0.0,0.0,0.0,0.0013875509379431606
42001,Adams County,PA,3/15/2026 17:00,0.0,0.0,0.0,0.0014863840071484447
42001,Adams County,PA,3/15/2026 18:00,0.0,0.0,0.0,0.0014102694927714764
42001,Adams County,PA,3/15/2026 19:00,0.0,0.0,0.0018783532781526447,0.0012807405786588789
42001,Adams County,PA,3/15/2026 20:00,0.0,0.0,0.003927760338410736,0.001358638983219862
42001,Adams County,PA,3/15/2026 21:00,0.0,0.0,0.003852344583719969,0.0010372328601761182
42001,Adams County,PA,3/15/2026 22:00,0.0,0.0,0.004616765445098281,0.0
42001,Adams County,PA,3/15/2026 23:00,0.0,0.0010949711548164486,0.004370081005617976,0.0
42001,Adams County,PA,3/16/2026 0:00,0.0,0.0011208386393263936,0.004595929756760597,0.0
42001,Adams County,PA,3/16/2026 1:00,0.0,0.0,0.004013549769297242,0.0
42001,Adams County,PA,3/16/2026 2:00,0.0,0.0010430454392917454,0.003587321657687426,0.0
42001,Adams County,PA,3/16/2026 3:00,0.0010662477999971998,0.0010343178873881698,0.004799349140375853,0.0
42001,Adams County,PA,3/16/2026 4:00,0.0013664169246112579,0.0010447273729369045,0.004056660551577806,0.0
42001,Adams County,PA,3/16/2026 5:00,0.001389856141031487,0.0011200295528396964,0.003756584692746401,0.0
42001,Adams County,PA,3/16/2026 6:00,0.001233192595464061,0.001252082351129502,0.0029083060566335917,0.0
42001,Adams County,PA,3/16/2026 7:00,0.001205514057801338,0.0014078250038437544,0.002475804602727294,0.0
42001,Adams County,PA,3/16/2026 8:00,0.0013238989627097908,0.001046867750119418,0.002071994612924755,0.0
42001,Adams County,PA,3/16/2026 9:00,0.0012626597654161742,0.0010272004175931216,0.0,0.0
42001,Adams County,PA,3/16/2026 10:00,0.0014861502568237484,0.0012267803656868636,0.0014840689487755298,0.0
42001,Adams County,PA,3/16/2026 11:00,0.0012981331929040607,0.0015268740011379124,0.0014039481757208705,0.0
42001,Adams County,PA,3/16/2026 12:00,0.0016952517034951597,0.0024268939392641186,0.0,0.0
42001,Adams County,PA,3/16/2026 13:00,0.0011449796656961553,0.0042525173630565405,0.0,0.0
42001,Adams County,PA,3/16/2026 14:00,0.0011860197992064059,0.007085470855236054,0.0,0.0
42001,Adams County,PA,3/16/2026 15:00,0.001326997262367513,0.007301075849682093,0.0,0.0
42001,Adams County,PA,3/16/2026 16:00,0.0015968642255757004,0.007568758260458708,0.0,0.0
42001,Adams County,PA,3/16/2026 17:00,0.002657467979588546,0.010562096908688545,0.0,0.0
42001,Adams County,PA,3/16/2026 18:00,0.0041908270213752985,0.011722554545849561,0.0011665763100609182,0.0
42001,Adams County,PA,3/16/2026 19:00,0.006919460138306022,0.009457564912736416,0.0,0.0
42001,Adams County,PA,3/16/2026 20:00,0.008090154908131808,0.009311757050454617,0.0,0.0
42001,Adams County,PA,3/16/2026 21:00,0.007436780724674463,0.008375476207584142,0.0,0.0
42001,Adams County,PA,3/16/2026 22:00,0.010861117916647345,0.007499985583126545,0.0,0.0
42001,Adams County,PA,3/16/2026 23:00,0.012427054869476706,0.007989306002855301,0.0,0.0
42001,Adams County,PA,3/17/2026 0:00,0.010444044542964548,0.0068124099634587765,0.0,0.0
42001,Adams County,PA,3/17/2026 1:00,0.009689451777376235,0.006986191961914301,0.0,0.0
42001,Adams County,PA,3/17/2026 2:00,0.007925744634121656,0.004324536398053169,0.0,0.0
42001,Adams County,PA,3/17/2026 3:00,0.007751403551083058,0.004036247357726097,0.0,0.0
42001,Adams County,PA,3/17/2026 4:00,0.009068918065167964,0.0032356651965528725,0.0,0.0
42001,Adams County,PA,3/17/2026 5:00,0.006976620410569012,0.0031203823164105415,0.0,0.0
42001,Adams County,PA,3/17/2026 6:00,0.007013840309809893,0.002026128815487027,0.0,0.0
42001,Adams County,PA,3/17/2026 7:00,0.004320816078688949,0.0011272924952208997,0.0,0.0
42001,Adams County,PA,3/17/2026 8:00,0.004011455690488219,0.0,0.0,0.0
42001,Adams County,PA,3/17/2026 9:00,0.0034244281123392284,0.0012857446912676097,0.0,0.0
42001,Adams County,PA,3/17/2026 10:00,0.0033741117222234607,0.0012415728997439146,0.0,0.0
42001,Adams County,PA,3/17/2026 11:00,0.0023072974872775376,0.0013489602250047028,0.0,0.0
42001,Adams County,PA,3/17/2026 12:00,0.0015009455964900553,0.0012444301217328757,0.0,0.0
42001,Adams County,PA,3/17/2026 13:00,0.0013550413787015714,0.001366059563588351,0.0,0.0
42001,Adams County,PA,3/17/2026 14:00,0.001585930454893969,0.0011013499228283764,0.0,0.0
42001,Adams County,PA,3/17/2026 15:00,0.0013475369778461754,0.0,0.0,0.0
42001,Adams County,PA,3/17/2026 16:00,0.0014630197765654884,0.001036958020995371,0.0,0.0
42001,Adams County,PA,3/17/2026 17:00,0.0012482364327297546,0.0,0.0,0.0
42001,Adams County,PA,3/17/2026 18:00,0.001406949377269484,0.0,0.0,0.0
42001,Adams County,PA,3/17/2026 19:00,0.0011408234713599086,0.0,0.0,0.0
42001,Adams County,PA,3/17/2026 20:00,0.001010540421702899,0.0,0.0,0.0
42001,Adams County,PA,3/17/2026 21:00,0.0,0.0,0.0,0.0
42001,Adams County,PA,3/17/2026 22:00,0.0,0.0,0.0,0.0
42001,Adams County,PA,3/17/2026 23:00,0.0,0.0,0.0,0.0
42001,Adams County,PA,3/18/2026 0:00,0.0,0.0,0.0,
42001,Adams County,PA,3/18/2026 1:00,0.0,0.0,0.0,
42001,Adams County,PA,3/18/2026 2:00,0.0,0.0,0.0,
42001,Adams County,PA,3/18/2026 3:00,0.0,0.0,0.0,
42001,Adams County,PA,3/18/2026 4:00,0.0,0.0,0.0,
42001,Adams County,PA,3/18/2026 5:00,0.0,0.0,0.0,
42001,Adams County,PA,3/18/2026 6:00,0.0,0.0,0.0,
42001,Adams County,PA,3/18/2026 7:00,0.0,0.0,0.0,
42001,Adams County,PA,3/18/2026 8:00,0.0,0.0,0.0,
42001,Adams County,PA,3/18/2026 9:00,0.0,0.0,0.0,
42001,Adams County,PA,3/18/2026 10:00,0.0,0.0,0.0,
42001,Adams County,PA,3/18/2026 11:00,0.0,0.0,0.0,
42001,Adams County,PA,3/18/2026 12:00,0.0,0.0,0.0,
42001,Adams County,PA,3/18/2026 13:00,0.0,0.0,0.0,
42001,Adams County,PA,3/18/2026 14:00,0.0,0.0,0.0,
42001,Adams County,PA,3/18/2026 15:00,0.0,0.0,0.0,
42001,Adams County,PA,3/18/2026 16:00,0.0,0.0,0.0,
42001,Adams County,PA,3/18/2026 17:00,0.0,0.0,0.0,
42001,Adams County,PA,3/18/2026 18:00,0.0,0.0,0.0,
42001,Adams County,PA,3/18/2026 19:00,0.0,0.0,0.0,
42001,Adams County,PA,3/18/2026 20:00,0.0,0.0,0.0,
42001,Adams County,PA,3/18/2026 21:00,0.0,0.0,0.0,
42001,Adams County,PA,3/18/2026 22:00,0.0,0.0,0.0,
42001,Adams County,PA,3/18/2026 23:00,0.0,0.0,0.0,
42001,Adams County,PA,3/19/2026 0:00,0.0,0.0,,
42001,Adams County,PA,3/19/2026 1:00,0.0,0.0,,
42001,Adams County,PA,3/19/2026 2:00,0.0,0.0,,
42001,Adams County,PA,3/19/2026 3:00,0.0,0.0,,
42001,Adams County,PA,3/19/2026 4:00,0.0,0.0,,
42001,Adams County,PA,3/19/2026 5:00,0.0,0.0,,
42001,Adams County,PA,3/19/2026 6:00,0.0,0.0,,
42001,Adams County,PA,3/19/2026 7:00,0.0,0.0,,
42001,Adams County,PA,3/19/2026 8:00,0.0,0.0,,
42001,Adams County,PA,3/19/2026 9:00,0.0,0.0,,
42001,Adams County,PA,3/19/2026 10:00,0.0,0.0,,
42001,Adams County,PA,3/19/2026 11:00,0.0,0.0,,
42001,Adams County,PA,3/19/2026 12:00,0.0,0.0,,
42001,Adams County,PA,3/19/2026 13:00,0.0,0.0,,
42001,Adams County,PA,3/19/2026 14:00,0.0,0.0,,
42001,Adams County,PA,3/19/2026 15:00,0.0,0.0,,
42001,Adams County,PA,3/19/2026 16:00,0.0,0.0,,
42001,Adams County,PA,3/19/2026 17:00,0.0,0.0,,
42001,Adams County,PA,3/19/2026 18:00,0.0,,,
42001,Adams County,PA,3/19/2026 19:00,0.0,,,
42001,Adams County,PA,3/19/2026 20:00,0.0,,,
42001,Adams County,PA,3/19/2026 21:00,0.0,,,
42001,Adams County,PA,3/19/2026 22:00,0.0,,,
42001,Adams County,PA,3/19/2026 23:00,,,,
42003,Allegheny County,PA,3/14/2026 0:00,0.1396371852606535,0.12306026481091976,0.024330057203769684,0.008210197067819535
42003,Allegheny County,PA,3/14/2026 1:00,0.12850897293537855,0.11956320293247699,0.025480721984058617,0.007407736574532464
42003,Allegheny County,PA,3/14/2026 2:00,0.11942494101822376,0.11596841961145402,0.024384539062157273,0.006683718881686218
42003,Allegheny County,PA,3/14/2026 3:00,0.11538067739456892,0.11410926692187787,0.023418580880388618,0.006641018087975681
42003,Allegheny County,PA,3/14/2026 4:00,0.11803716514259577,0.10747951343655586,0.023102346900850536,0.006264433269097936
42003,Allegheny County,PA,3/14/2026 5:00,0.10966469161212444,0.10300591439008713,0.021754680946469308,0.006670310419576708
42003,Allegheny County,PA,3/14/2026 6:00,0.10627547092735767,0.09119924828410149,0.022715436900034545,0.00724090222211089
42003,Allegheny County,PA,3/14/2026 7:00,0.10008597187697887,0.08908175975084305,0.022020494798198342,0.008576017874293029
42003,Allegheny County,PA,3/14/2026 8:00,0.10106473788619041,0.08552742898464202,0.021609955420717596,0.008765871915966273
42003,Allegheny County,PA,3/14/2026 9:00,0.0899873673915863,0.07526436820626259,0.02087011793628335,0.009115402633324266
42003,Allegheny County,PA,3/14/2026 10:00,0.08764896541833878,0.07223119735717773,0.01908970158547163,0.00702614639303647
42003,Allegheny County,PA,3/14/2026 11:00,0.07624036818742752,0.07062452882528306,0.01857216437347233,0.0059084054781124
42003,Allegheny County,PA,3/14/2026 12:00,0.07231324352324009,0.06620697379112243,0.019193523703143,0.005370811640750617
42003,Allegheny County,PA,3/14/2026 13:00,0.06956794112920761,0.05846683606505394,0.017551611177623272,0.004645088984398171
42003,Allegheny County,PA,3/14/2026 14:00,0.06065350025892258,0.04660257138311863,0.017140638548880816,0.0041137719425023535
42003,Allegheny County,PA,3/14/2026 15:00,0.055248333141207695,0.04371697045862675,0.016336536779999734,0.003952837112592533
42003,Allegheny County,PA,3/14/2026 16:00,0.0563180074095726,0.04270967096090317,0.016005816496908666,0.0039051953062880784
42003,Allegheny County,PA,3/14/2026 17:00,0.05394831486046314,0.039446248486638066,0.014671292481943965,0.004100125486729667
42003,Allegheny County,PA,3/14/2026 18:00,0.04663641378283501,0.033316954597830774,0.014751124894246459,0.003979996265843511
42003,Allegheny County,PA,3/14/2026 19:00,0.03643771633505821,0.03179279882460832,0.013007947453297674,0.0037850346299819647
42003,Allegheny County,PA,3/14/2026 20:00,0.035522911697626114,0.03000560626387596,0.010611682781018317,0.00370805382844992
42003,Allegheny County,PA,3/14/2026 21:00,0.03620429616421461,0.030037003103643656,0.008537113573402167,0.003444275847868994
42003,Allegheny County,PA,3/14/2026 22:00,0.033707866445183754,0.029608621448278426,0.007650272035971285,0.003124150822986849
42003,Allegheny County,PA,3/14/2026 23:00,0.030694879591464996,0.029035341925919056,0.006820795778185129,0.002979800701723434
42003,Allegheny County,PA,3/15/2026 0:00,0.03015660191886127,0.027749584056437016,0.004627552395686508,0.002818691811989993
42003,Allegheny County,PA,3/15/2026 1:00,0.02766111632809043,0.027679016906768085,0.0049656550632789734,0.002340637845918536
42003,Allegheny County,PA,3/15/2026 2:00,0.027128607966005802,0.027130242343991993,0.004733316716738045,0.0022895558271557094
42003,Allegheny County,PA,3/15/2026 3:00,0.02649944880977273,0.026632486656308175,0.005262413597665727,0.00233368439367041
42003,Allegheny County,PA,3/15/2026 4:00,0.02686211746186018,0.025768503826111556,0.005549203883856535,0.0019842583918944
42003,Allegheny County,PA,3/15/2026 5:00,0.02598443697206676,0.02459110366180539,0.005253631924279034,0.0023029135132674127
42003,Allegheny County,PA,3/15/2026 6:00,0.025435871677473187,0.022883972711861135,0.003473304770886898,0.0028015406423946843
42003,Allegheny County,PA,3/15/2026 7:00,0.02564982371404767,0.020798522047698498,0.00495261992327869,0.002478778484510258
42003,Allegheny County,PA,3/15/2026 8:00,0.02600681863259524,0.020047871116548776,0.005620783101767302,0.002703705402382184
42003,Allegheny County,PA,3/15/2026 9:00,0.024390655802562833,0.01859167581424117,0.007649624480109196,0.0032960175914922727
42003,Allegheny County,PA,3/15/2026 10:00,0.023776993504725397,0.019421230442821978,0.005884232555399649,0.003174499289070809
42003,Allegheny County,PA,3/15/2026 11:00,0.022557920427061617,0.018987228721380235,0.005317897268105299,0.0028846700297435746
42003,Allegheny County,PA,3/15/2026 12:00,0.020307429134845734,0.017090678960084916,0.004794688115362078,0.0027580556030443403
42003,Allegheny County,PA,3/15/2026 13:00,0.020047488855198026,0.014483742602169513,0.0030801064567640424,0.0026309649350878318
42003,Allegheny County,PA,3/15/2026 14:00,0.01812536595389247,0.011852457281202078,0.0031903546303510668,0.0023026738555927294
42003,Allegheny County,PA,3/15/2026 15:00,0.019083745894022286,0.011171273980289697,0.002302464004606009,0.002109601619304158
42003,Allegheny County,PA,3/15/2026 16:00,0.019275920116342604,0.010099262185394763,0.00221564790699631,0.0022065955970901998
42003,Allegheny County,PA,3/15/2026 17:00,0.017287158989347517,0.010007339902222157,0.0013463560957461596,0.0016134193923790009
42003,Allegheny County,PA,3/15/2026 18:00,0.013773971470072865,0.007113753538578749,0.0,0.0011538167251273989
42003,Allegheny County,PA,3/15/2026 19:00,0.010265967110171914,0.006189191527664661,0.0,0.0
42003,Allegheny County,PA,3/15/2026 20:00,0.008872612146660686,0.005670603318139911,0.0,0.0
42003,Allegheny County,PA,3/15/2026 21:00,0.007602200144901872,0.005787222925573587,0.0,0.0
42003,Allegheny County,PA,3/15/2026 22:00,0.007567625027149916,0.005932559026405215,0.0,0.0
42003,Allegheny County,PA,3/15/2026 23:00,0.00396833335980773,0.005968730011954903,0.0014836864545941355,0.0
42003,Allegheny County,PA,3/16/2026 0:00,0.00259080296382308,0.005945967044681311,0.0,0.0
42003,Allegheny County,PA,3/16/2026 1:00,0.0010359068401157856,0.005836148280650377,0.0,0.0
42003,Allegheny County,PA,3/16/2026 2:00,0.00240384042263031,0.006886075902730227,0.0,0.0
42003,Allegheny County,PA,3/16/2026 3:00,0.003671711077913642,0.006954027712345124,0.0,0.0
42003,Allegheny County,PA,3/16/2026 4:00,0.003577567869797349,0.0054294816218316555,0.0,0.0
42003,Allegheny County,PA,3/16/2026 5:00,0.0029016630724072456,0.0050267820246517655,0.0,0.0
42003,Allegheny County,PA,3/16/2026 6:00,0.0038402248173952103,0.004589764215052128,0.0,0.0
42003,Allegheny County,PA,3/16/2026 7:00,0.0035300813615322113,0.004150723014026881,0.0,0.0
42003,Allegheny County,PA,3/16/2026 8:00,0.004215671680867672,0.003909146320074797,0.0,0.0
42003,Allegheny County,PA,3/16/2026 9:00,0.002408499363809824,0.003256739675998688,0.0,0.0
42003,Allegheny County,PA,3/16/2026 10:00,0.002073083072900772,0.0034324693959206344,0.0,0.0
42003,Allegheny County,PA,3/16/2026 11:00,0.0,0.0036868005990982056,0.0011275172699242832,0.0
42003,Allegheny County,PA,3/16/2026 12:00,0.00121384859085083,0.0034344347892329096,0.0021416799863800406,0.0
42003,Allegheny County,PA,3/16/2026 13:00,0.0015488667413592339,0.00383784417717834,0.0012622558046132327,0.0
42003,Allegheny County,PA,3/16/2026 14:00,0.0,0.0038306396614643744,0.0016164668137207629,0.0
42003,Allegheny County,PA,3/16/2026 15:00,0.0,0.0040978757024277,0.0022544487379491333,0.0
42003,Allegheny County,PA,3/16/2026 16:00,0.0,0.003397934138774872,0.0023653490468859674,0.0
42003,Allegheny County,PA,3/16/2026 17:00,0.0,0.0037330982617277187,0.0022603416815400127,0.0
42003,Allegheny County,PA,3/16/2026 18:00,0.0,0.0035872161155566574,0.002937290913541801,0.0
42003,Allegheny County,PA,3/16/2026 19:00,0.0020436561899259686,0.0031968777999281882,0.0,0.0
42003,Allegheny County,PA,3/16/2026 20:00,0.0017397950869053602,0.002709258650429547,0.0,0.0
42003,Allegheny County,PA,3/16/2026 21:00,0.0015582921914756298,0.002352551044896245,0.0,0.0
42003,Allegheny County,PA,3/16/2026 22:00,0.0016615784261375666,0.002289413847029209,0.0,0.0
42003,Allegheny County,PA,3/16/2026 23:00,0.0013762128073722124,0.0021637673955410717,0.0,0.0
42003,Allegheny County,PA,3/17/2026 0:00,0.0,0.0021099345525726677,0.0,0.0
42003,Allegheny County,PA,3/17/2026 1:00,0.0,0.002231794106774032,0.0,0.0
42003,Allegheny County,PA,3/17/2026 2:00,0.0,0.002416598005220294,0.0,0.0
42003,Allegheny County,PA,3/17/2026 3:00,0.0,0.0023188318591564894,0.0,0.0
42003,Allegheny County,PA,3/17/2026 4:00,0.0,0.002887423429638147,0.0,0.0
42003,Allegheny County,PA,3/17/2026 5:00,0.0,0.0025620015803724527,0.0,0.0
42003,Allegheny County,PA,3/17/2026 6:00,0.0,0.0025190080516040323,0.0,0.0
42003,Allegheny County,PA,3/17/2026 7:00,0.0,0.00249512423761189,0.0,0.0
42003,Allegheny County,PA,3/17/2026 8:00,0.0,0.002347598224878311,0.0,0.0
42003,Allegheny County,PA,3/17/2026 9:00,0.0,0.0022791592869907617,0.0,0.0
42003,Allegheny County,PA,3/17/2026 10:00,0.0,0.002235937397927046,0.0,0.0
42003,Allegheny County,PA,3/17/2026 11:00,0.0,0.0020103000570088625,0.0,0.0
42003,Allegheny County,PA,3/17/2026 12:00,0.0,0.0015249360119923949,0.0,0.0
42003,Allegheny County,PA,3/17/2026 13:00,0.0,0.0,0.0,0.0
42003,Allegheny County,PA,3/17/2026 14:00,0.0,0.0,0.0,0.0
42003,Allegheny County,PA,3/17/2026 15:00,0.0,0.0,0.0,0.0
42003,Allegheny County,PA,3/17/2026 16:00,0.0,0.0,0.0,0.0
42003,Allegheny County,PA,3/17/2026 17:00,0.0,0.0,0.0,0.0
42003,Allegheny County,PA,3/17/2026 18:00,0.0,0.0,0.0,0.0
42003,Allegheny County,PA,3/17/2026 19:00,0.0,0.0,0.0,0.0
42003,Allegheny County,PA,3/17/2026 20:00,0.0,0.0,0.0,0.0
42003,Allegheny County,PA,3/17/2026 21:00,0.0,0.0,0.0,0.0
42003,Allegheny County,PA,3/17/2026 22:00,0.0,0.0,0.0,0.0
42003,Allegheny County,PA,3/17/2026 23:00,0.0,0.0,0.0,0.0
42003,Allegheny County,PA,3/18/2026 0:00,0.0,0.0,0.0,
42003,Allegheny County,PA,3/18/2026 1:00,0.0,0.0,0.0,
42003,Allegheny County,PA,3/18/2026 2:00,0.0,0.0,0.0,
42003,Allegheny County,PA,3/18/2026 3:00,0.0,0.0,0.0,
42003,Allegheny County,PA,3/18/2026 4:00,0.0,0.0,0.0,
42003,Allegheny County,PA,3/18/2026 5:00,0.0,0.0,0.0,
42003,Allegheny County,PA,3/18/2026 6:00,0.0,0.001414917758665979,0.0,
42003,Allegheny County,PA,3/18/2026 7:00,0.0,0.0013177089509554206,0.0,
42003,Allegheny County,PA,3/18/2026 8:00,0.0,0.0011331566580338403,0.0,
42003,Allegheny County,PA,3/18/2026 9:00,0.0,0.0,0.0,
42003,Allegheny County,PA,3/18/2026 10:00,0.0,0.0,0.0,
42003,Allegheny County,PA,3/18/2026 11:00,0.0,0.0,0.0,
42003,Allegheny County,PA,3/18/2026 12:00,0.0,0.0,0.0,
42003,Allegheny County,PA,3/18/2026 13:00,0.0,0.0,0.0,
42003,Allegheny County,PA,3/18/2026 14:00,0.0,0.0,0.0,
42003,Allegheny County,PA,3/18/2026 15:00,0.0,0.0,0.0,
42003,Allegheny County,PA,3/18/2026 16:00,0.0,0.0,0.0,
42003,Allegheny County,PA,3/18/2026 17:00,0.0,0.0,0.0,
42003,Allegheny County,PA,3/18/2026 18:00,0.0,0.0,0.0,
42003,Allegheny County,PA,3/18/2026 19:00,0.0,0.0,0.0,
42003,Allegheny County,PA,3/18/2026 20:00,0.0,0.0,0.0,
42003,Allegheny County,PA,3/18/2026 21:00,0.0,0.0,0.0,
42003,Allegheny County,PA,3/18/2026 22:00,0.0,0.0,0.0,
42003,Allegheny County,PA,3/18/2026 23:00,0.0,0.0,0.0,
42003,Allegheny County,PA,3/19/2026 0:00,0.0,0.0,,
42003,Allegheny County,PA,3/19/2026 1:00,0.0,0.0,,
42003,Allegheny County,PA,3/19/2026 2:00,0.0,0.0,,
42003,Allegheny County,PA,3/19/2026 3:00,0.0,0.0,,
42003,Allegheny County,PA,3/19/2026 4:00,0.0,0.0,,
42003,Allegheny County,PA,3/19/2026 5:00,0.0,0.0,,
42003,Allegheny County,PA,3/19/2026 6:00,0.0,0.0,,
42003,Allegheny County,PA,3/19/2026 7:00,0.0,0.0,,
42003,Allegheny County,PA,3/19/2026 8:00,0.0,0.0,,
42003,Allegheny County,PA,3/19/2026 9:00,0.0,0.0,,
42003,Allegheny County,PA,3/19/2026 10:00,0.0,0.0,,
42003,Allegheny County,PA,3/19/2026 11:00,0.0,0.0,,
42003,Allegheny County,PA,3/19/2026 12:00,0.0,0.0,,
42003,Allegheny County,PA,3/19/2026 13:00,0.0,0.0,,
42003,Allegheny County,PA,3/19/2026 14:00,0.0,0.0,,
42003,Allegheny County,PA,3/19/2026 15:00,0.0,0.0,,
42003,Allegheny County,PA,3/19/2026 16:00,0.0,0.0,,
42003,Allegheny County,PA,3/19/2026 17:00,0.0,0.0,,
42003,Allegheny County,PA,3/19/2026 18:00,0.0,,,
42003,Allegheny County,PA,3/19/2026 19:00,0.0,,,
42003,Allegheny County,PA,3/19/2026 20:00,0.0,,,
42003,Allegheny County,PA,3/19/2026 21:00,0.0,,,
42003,Allegheny County,PA,3/19/2026 22:00,0.0,,,
42003,Allegheny County,PA,3/19/2026 23:00,,,,
42011,Berks County,PA,3/14/2026 0:00,0.0,0.0,0.0021622688713250683,0.001155763995484449
42011,Berks County,PA,3/14/2026 1:00,0.0,0.0,0.0018845397484255955,0.0014100841581239365
42011,Berks County,PA,3/14/2026 2:00,0.0,0.0,0.001465542070218362,0.0012884755240520462
42011,Berks County,PA,3/14/2026 3:00,0.0,0.003239038132596761,0.0013800840737530963,0.0014900134551510292
42011,Berks County,PA,3/14/2026 4:00,0.0,0.0039569270447827876,0.0,0.0016944382528890855
42011,Berks County,PA,3/14/2026 5:00,0.001821387151721865,0.004458428313955665,0.0,0.0
42011,Berks County,PA,3/14/2026 6:00,0.0,0.004554853215813637,0.0,0.0
42011,Berks County,PA,3/14/2026 7:00,0.0029154110234230757,0.0033348876051604746,0.0,0.0
42011,Berks County,PA,3/14/2026 8:00,0.006936387158930302,0.0026729028206318615,0.0014016546308994293,0.0
42011,Berks County,PA,3/14/2026 9:00,0.006549119018018246,0.0027200996526516976,0.0017227247270056977,0.0
42011,Berks County,PA,3/14/2026 10:00,0.0052721292013302445,0.0026546122273430226,0.0016809313863632269,0.0
42011,Berks County,PA,3/14/2026 11:00,0.005361907591577619,0.0022190760006196796,0.002507298206910491,0.0
42011,Berks County,PA,3/14/2026 12:00,0.003921272291336209,0.0015747517478303052,0.0017673142065177672,0.0
42011,Berks County,PA,3/14/2026 13:00,0.002475778164807707,0.0,0.0,0.0
42011,Berks County,PA,3/14/2026 14:00,0.0027743217506213114,0.0,0.0,0.0
42011,Berks County,PA,3/14/2026 15:00,0.0025796371628530324,0.0,0.0,0.0
42011,Berks County,PA,3/14/2026 16:00,0.0024038550327531993,0.0,0.0,0.0016222623213252517
42011,Berks County,PA,3/14/2026 17:00,0.0012060878216288984,0.0,0.0,0.002149791907868348
42011,Berks County,PA,3/14/2026 18:00,0.0,0.0,0.0,0.002221338279923657
42011,Berks County,PA,3/14/2026 19:00,0.0,0.0,0.0,0.003151667767087929
42011,Berks County,PA,3/14/2026 20:00,0.0,0.0,0.0,0.00580121020320803
42011,Berks County,PA,3/14/2026 21:00,0.0,0.0,0.0,0.012648479803465307
42011,Berks County,PA,3/14/2026 22:00,0.0,0.0,0.0,0.022003653459250927
42011,Berks County,PA,3/14/2026 23:00,0.0,0.0,0.0,0.027414115332067012
42011,Berks County,PA,3/15/2026 0:00,0.0,0.0,0.0,0.03061063718050718
42011,Berks County,PA,3/15/2026 1:00,0.0,0.0,0.0,0.02462331361602992
42011,Berks County,PA,3/15/2026 2:00,0.0,0.0,0.0,0.024469355936162174
42011,Berks County,PA,3/15/2026 3:00,0.0,0.0,0.0,0.02389536639675498
42011,Berks County,PA,3/15/2026 4:00,0.0,0.0,0.0,0.02402685743290931
42011,Berks County,PA,3/15/2026 5:00,0.0,0.0,0.0,0.023126398317981512
42011,Berks County,PA,3/15/2026 6:00,0.0,0.0,0.0,0.024090315611101688
42011,Berks County,PA,3/15/2026 7:00,0.0,0.0,0.0,0.022050326550379397
42011,Berks County,PA,3/15/2026 8:00,0.0,0.0,0.0,0.018673181836493313
42011,Berks County,PA,3/15/2026 9:00,0.0,0.0,0.0,0.016138923913240434
42011,Berks County,PA,3/15/2026 10:00,0.0,0.0,0.0014388184703420849,0.015427556913346052
42011,Berks County,PA,3/15/2026 11:00,0.0,0.0,0.0,0.01358134658075869
42011,Berks County,PA,3/15/2026 12:00,0.0,0.0,0.0017125171056250111,0.011956416349858046
42011,Berks County,PA,3/15/2026 13:00,0.0,0.0,0.0028660285257501527,0.010505601530894637
42011,Berks County,PA,3/15/2026 14:00,0.0,0.0,0.002098579637822695,0.008676502876915038
42011,Berks County,PA,3/15/2026 15:00,0.0,0.0,0.0017679252719972282,0.005968239298090339
42011,Berks County,PA,3/15/2026 16:00,0.0,0.0,0.002169302839320153,0.005936647579073906
42011,Berks County,PA,3/15/2026 17:00,0.0,0.0,0.002194328996120021,0.006429731147363782
42011,Berks County,PA,3/15/2026 18:00,0.0,0.0,0.001699416502378881,0.006239368999376892
42011,Berks County,PA,3/15/2026 19:00,0.0,0.0,0.002730515319854021,0.005051564238965511
42011,Berks County,PA,3/15/2026 20:00,0.0,0.0,0.004389278520829975,0.00426068363012746
42011,Berks County,PA,3/15/2026 21:00,0.0,0.0,0.010196932032704354,0.0037074426072649658
42011,Berks County,PA,3/15/2026 22:00,0.0,0.0,0.016474175918847322,0.0031536146416328847
42011,Berks County,PA,3/15/2026 23:00,0.0,0.0,0.02815325390547514,0.001548116930644028
42011,Berks County,PA,3/16/2026 0:00,0.0,0.0,0.028509500063955785,0.0
42011,Berks County,PA,3/16/2026 1:00,0.0,0.0,0.026328691840171815,0.0
42011,Berks County,PA,3/16/2026 2:00,0.0,0.0,0.025732336379587648,0.0
42011,Berks County,PA,3/16/2026 3:00,0.0,0.0,0.02443106723949313,0.0
42011,Berks County,PA,3/16/2026 4:00,0.0,0.0012042703303450253,0.02232914725318551,0.0
42011,Berks County,PA,3/16/2026 5:00,0.0,0.0,0.020986469462513924,0.0
42011,Berks County,PA,3/16/2026 6:00,0.0,0.001443300420214655,0.018839667737483978,0.0
42011,Berks County,PA,3/16/2026 7:00,0.0,0.002314387439400889,0.01683875499293208,0.0
42011,Berks County,PA,3/16/2026 8:00,0.0,0.0018099160632118582,0.015899664536118508,0.0
42011,Berks County,PA,3/16/2026 9:00,0.0011743151844711974,0.0017370720859616994,0.01521857837215066,0.0
42011,Berks County,PA,3/16/2026 10:00,0.0,0.0021821610862389207,0.012783527281135321,0.0
42011,Berks County,PA,3/16/2026 11:00,0.001479873390053399,0.0019274103164207191,0.012281884159892797,0.0
42011,Berks County,PA,3/16/2026 12:00,0.0033474615775048733,0.0018807037151418627,0.009898092318326234,0.0
42011,Berks County,PA,3/16/2026 13:00,0.004552910104393959,0.0027848548023030164,0.010051269317045808,0.0
42011,Berks County,PA,3/16/2026 14:00,0.0033568100770935416,0.005225248076021672,0.008615901321172714,0.0
42011,Berks County,PA,3/16/2026 15:00,0.0031096150632947683,0.013471123948693275,0.0069402911933138965,0.0
42011,Berks County,PA,3/16/2026 16:00,0.0020656158885685727,0.019474921375513078,0.004266724514309317,0.0
42011,Berks County,PA,3/16/2026 17:00,0.002015700572883361,0.026300113648176193,0.0034574349992908537,0.0
42011,Berks County,PA,3/16/2026 18:00,0.0028510775737231597,0.025104397535324098,0.00354145789751783,0.0
42011,Berks County,PA,3/16/2026 19:00,0.00631557684391737,0.023459742963314056,0.0034245899587403983,0.0
42011,Berks County,PA,3/16/2026 20:00,0.012822804972529411,0.022629042714834215,0.002909754862776026,0.0
42011,Berks County,PA,3/16/2026 21:00,0.019923104904592037,0.02290741987526417,0.002075336896814406,0.0
42011,Berks County,PA,3/16/2026 22:00,0.025257794186472893,0.02430851012468338,0.0019711829489097,0.0
42011,Berks County,PA,3/16/2026 23:00,0.025345966685563326,0.020620090886950493,0.0,0.0
42011,Berks County,PA,3/17/2026 0:00,0.023790954146534204,0.020964519679546358,0.0,0.0
42011,Berks County,PA,3/17/2026 1:00,0.024083731696009636,0.019999153539538385,0.0,0.0
42011,Berks County,PA,3/17/2026 2:00,0.024014658760279417,0.018836734816432,0.0,0.0
42011,Berks County,PA,3/17/2026 3:00,0.02535790530964732,0.01626547295600176,0.0,0.0
42011,Berks County,PA,3/17/2026 4:00,0.02242506528273225,0.015092427097260951,0.0,0.0
42011,Berks County,PA,3/17/2026 5:00,0.02193065593019128,0.01287166103720665,0.0,0.0
42011,Berks County,PA,3/17/2026 6:00,0.020210562273859978,0.011489474214613438,0.0,0.0
42011,Berks County,PA,3/17/2026 7:00,0.01953065488487482,0.009468236099928617,0.0,0.0
42011,Berks County,PA,3/17/2026 8:00,0.01759597659111023,0.007640709728002548,0.0,0.0
42011,Berks County,PA,3/17/2026 9:00,0.016775335650891066,0.006555592734366655,0.0,0.0
42011,Berks County,PA,3/17/2026 10:00,0.014360302593559027,0.00598172890022397,0.0,0.0
42011,Berks County,PA,3/17/2026 11:00,0.011418718146160245,0.005149615602567792,0.0,0.0
42011,Berks County,PA,3/17/2026 12:00,0.011200247798115015,0.005059484904631973,0.0,0.0
42011,Berks County,PA,3/17/2026 13:00,0.009013674454763532,0.004800786543637515,0.0,0.0
42011,Berks County,PA,3/17/2026 14:00,0.006882342742756009,0.003364563593640924,0.0,0.0
42011,Berks County,PA,3/17/2026 15:00,0.006984742823988199,0.0027621681801974773,0.0,0.0
42011,Berks County,PA,3/17/2026 16:00,0.006303195608779788,0.0018187460489571094,0.0,0.0
42011,Berks County,PA,3/17/2026 17:00,0.006041795713827014,0.001317057095002383,0.0,0.0
42011,Berks County,PA,3/17/2026 18:00,0.005689352983608842,0.0011852601484861225,0.0,0.0
42011,Berks County,PA,3/17/2026 19:00,0.005948678124696016,0.0,0.0,0.0
42011,Berks County,PA,3/17/2026 20:00,0.00402079476043582,0.0,0.0,0.0
42011,Berks County,PA,3/17/2026 21:00,0.0030926538165658712,0.0,0.0,0.0
42011,Berks County,PA,3/17/2026 22:00,0.0025121119106188416,0.0,0.0,0.0
42011,Berks County,PA,3/17/2026 23:00,0.002117175899911672,0.0,0.0,0.0
42011,Berks County,PA,3/18/2026 0:00,0.00119613332208246,0.0,0.0,
42011,Berks County,PA,3/18/2026 1:00,0.0010775614064186811,0.0,0.0,
42011,Berks County,PA,3/18/2026 2:00,0.0,0.0,0.0,
42011,Berks County,PA,3/18/2026 3:00,0.0013012371491640806,0.0,0.0,
42011,Berks County,PA,3/18/2026 4:00,0.0,0.0,0.0,
42011,Berks County,PA,3/18/2026 5:00,0.0,0.0,0.0,
42011,Berks County,PA,3/18/2026 6:00,0.0,0.0,0.0,
42011,Berks County,PA,3/18/2026 7:00,0.0,0.0,0.0,
42011,Berks County,PA,3/18/2026 8:00,0.0,0.0,0.0,
42011,Berks County,PA,3/18/2026 9:00,0.0,0.0,0.0,
42011,Berks County,PA,3/18/2026 10:00,0.0,0.0,0.0,
42011,Berks County,PA,3/18/2026 11:00,0.0,0.0,0.0,
42011,Berks County,PA,3/18/2026 12:00,0.0,0.0,0.0,
42011,Berks County,PA,3/18/2026 13:00,0.0,0.0,0.0,
42011,Berks County,PA,3/18/2026 14:00,0.0,0.0,0.0,
42011,Berks County,PA,3/18/2026 15:00,0.0,0.0,0.0,
42011,Berks County,PA,3/18/2026 16:00,0.0,0.0,0.0,
42011,Berks County,PA,3/18/2026 17:00,0.0,0.0,0.0,
42011,Berks County,PA,3/18/2026 18:00,0.0,0.0,0.0,
42011,Berks County,PA,3/18/2026 19:00,0.0,0.0,0.0,
42011,Berks County,PA,3/18/2026 20:00,0.0,0.0,0.0,
42011,Berks County,PA,3/18/2026 21:00,0.0,0.0,0.0,
42011,Berks County,PA,3/18/2026 22:00,0.0,0.0,0.0,
42011,Berks County,PA,3/18/2026 23:00,0.0,0.0,0.0,
42011,Berks County,PA,3/19/2026 0:00,0.0,0.0,,
42011,Berks County,PA,3/19/2026 1:00,0.0,0.0,,
42011,Berks County,PA,3/19/2026 2:00,0.0,0.0,,
42011,Berks County,PA,3/19/2026 3:00,0.0,0.0,,
42011,Berks County,PA,3/19/2026 4:00,0.0,0.0,,
42011,Berks County,PA,3/19/2026 5:00,0.0,0.0,,
42011,Berks County,PA,3/19/2026 6:00,0.0,0.0,,
42011,Berks County,PA,3/19/2026 7:00,0.0,0.0,,
42011,Berks County,PA,3/19/2026 8:00,0.0,0.0,,
42011,Berks County,PA,3/19/2026 9:00,0.0,0.0,,
42011,Berks County,PA,3/19/2026 10:00,0.0,0.0,,
42011,Berks County,PA,3/19/2026 11:00,0.0,0.0,,
42011,Berks County,PA,3/19/2026 12:00,0.0,0.0,,
42011,Berks County,PA,3/19/2026 13:00,0.0,0.0,,
42011,Berks County,PA,3/19/2026 14:00,0.0,0.0,,
42011,Berks County,PA,3/19/2026 15:00,0.0,0.0,,
42011,Berks County,PA,3/19/2026 16:00,0.0,0.0,,
42011,Berks County,PA,3/19/2026 17:00,0.0,0.0,,
42011,Berks County,PA,3/19/2026 18:00,0.0,,,
42011,Berks County,PA,3/19/2026 19:00,0.0,,,
42011,Berks County,PA,3/19/2026 20:00,0.0,,,
42011,Berks County,PA,3/19/2026 21:00,0.0,,,
42011,Berks County,PA,3/19/2026 22:00,0.0,,,
42011,Berks County,PA,3/19/2026 23:00,,,,
42017,Bucks County,PA,3/14/2026 0:00,0.0,0.0,0.0,0.0013933066598838194
42017,Bucks County,PA,3/14/2026 1:00,0.0,0.0,0.0,0.0
42017,Bucks County,PA,3/14/2026 2:00,0.0,0.0,0.0,0.0
42017,Bucks County,PA,3/14/2026 3:00,0.0,0.001252362155355513,0.0,0.0
42017,Bucks County,PA,3/14/2026 4:00,0.0,0.0,0.0,0.0
42017,Bucks County,PA,3/14/2026 5:00,0.0,0.0,0.0,0.0
42017,Bucks County,PA,3/14/2026 6:00,0.0,0.0,0.0,0.0
42017,Bucks County,PA,3/14/2026 7:00,0.0,0.0,0.0,0.0
42017,Bucks County,PA,3/14/2026 8:00,0.004963875166140497,0.0,0.0,0.0
42017,Bucks County,PA,3/14/2026 9:00,0.004158725612796843,0.0,0.0,0.0
42017,Bucks County,PA,3/14/2026 10:00,0.0021646894747391343,0.0,0.0,0.0
42017,Bucks County,PA,3/14/2026 11:00,0.0,0.0,0.0,0.0
42017,Bucks County,PA,3/14/2026 12:00,0.0,0.0,0.0,0.0
42017,Bucks County,PA,3/14/2026 13:00,0.0,0.0,0.0,0.0
42017,Bucks County,PA,3/14/2026 14:00,0.0,0.0,0.0,0.0
42017,Bucks County,PA,3/14/2026 15:00,0.0,0.0,0.0,0.0
42017,Bucks County,PA,3/14/2026 16:00,0.0,0.0,0.0,0.0
42017,Bucks County,PA,3/14/2026 17:00,0.0,0.0,0.0,0.0
42017,Bucks County,PA,3/14/2026 18:00,0.0,0.0,0.0,0.0
42017,Bucks County,PA,3/14/2026 19:00,0.0,0.0,0.0,0.0013449121732264757
42017,Bucks County,PA,3/14/2026 20:00,0.0,0.0,0.0,0.005419997521676123
42017,Bucks County,PA,3/14/2026 21:00,0.0,0.0,0.0,0.012250746227800846
42017,Bucks County,PA,3/14/2026 22:00,0.0,0.0,0.0,0.01651446921750903
42017,Bucks County,PA,3/14/2026 23:00,0.0,0.0,0.0,0.023342056572437285
42017,Bucks County,PA,3/15/2026 0:00,0.0,0.0,0.0,0.024187465943396092
42017,Bucks County,PA,3/15/2026 1:00,0.0,0.0,0.0,0.018142168433405458
42017,Bucks County,PA,3/15/2026 2:00,0.0,0.0,0.0,0.017477678321301936
42017,Bucks County,PA,3/15/2026 3:00,0.0,0.0,0.0,0.017617690796032547
42017,Bucks County,PA,3/15/2026 4:00,0.0,0.0,0.0,0.017780483490787445
42017,Bucks County,PA,3/15/2026 5:00,0.0,0.0,0.0,0.01677014243323356
42017,Bucks County,PA,3/15/2026 6:00,0.0,0.0,0.0,0.01599711403250694
42017,Bucks County,PA,3/15/2026 7:00,0.0,0.0,0.0,0.016393776005133986
42017,Bucks County,PA,3/15/2026 8:00,0.0,0.0,0.0,0.012314895750023425
42017,Bucks County,PA,3/15/2026 9:00,0.0,0.0,0.0,0.010408776492113248
42017,Bucks County,PA,3/15/2026 10:00,0.0,0.0,0.0,0.011320958379656076
42017,Bucks County,PA,3/15/2026 11:00,0.0,0.0,0.0,0.009933439956512302
42017,Bucks County,PA,3/15/2026 12:00,0.0,0.0,0.0,0.009705528675112873
42017,Bucks County,PA,3/15/2026 13:00,0.0,0.0,0.0,0.008692692519980482
42017,Bucks County,PA,3/15/2026 14:00,0.0,0.0,0.0,0.00805596332938876
42017,Bucks County,PA,3/15/2026 15:00,0.0,0.0,0.0,0.007386270398274064
42017,Bucks County,PA,3/15/2026 16:00,0.0,0.0,0.0,0.005732189444825053
42017,Bucks County,PA,3/15/2026 17:00,0.0,0.0,0.0,0.004975627653766424
42017,Bucks County,PA,3/15/2026 18:00,0.0,0.0,0.0,0.004702937183901667
42017,Bucks County,PA,3/15/2026 19:00,0.0,0.0,0.0,0.004356809286400675
42017,Bucks County,PA,3/15/2026 20:00,0.0,0.0,0.0,0.0036634663381846623
42017,Bucks County,PA,3/15/2026 21:00,0.0,0.0,0.0031410979921929535,0.0031342012880486436
42017,Bucks County,PA,3/15/2026 22:00,0.0,0.0,0.007858079974539578,0.003349134378368035
42017,Bucks County,PA,3/15/2026 23:00,0.0,0.0,0.022678419947624207,0.002291419498578762
42017,Bucks County,PA,3/16/2026 0:00,0.0,0.0,0.015871530369622633,0.0018170352792367338
42017,Bucks County,PA,3/16/2026 1:00,0.0,0.0,0.015277370519470423,0.0016317867848556489
42017,Bucks County,PA,3/16/2026 2:00,0.0,0.0,0.014566644217120483,0.0015397516894154251
42017,Bucks County,PA,3/16/2026 3:00,0.0,0.0,0.014546689623966814,0.0014905530675605404
42017,Bucks County,PA,3/16/2026 4:00,0.0,0.0,0.013827790011418983,0.0014255618647439406
42017,Bucks County,PA,3/16/2026 5:00,0.0,0.0,0.012699962861370295,0.0
42017,Bucks County,PA,3/16/2026 6:00,0.0,0.0,0.011301723396172747,0.0
42017,Bucks County,PA,3/16/2026 7:00,0.0,0.0,0.010866816330235451,0.0
42017,Bucks County,PA,3/16/2026 8:00,0.0,0.0,0.010682188754435629,0.0
42017,Bucks County,PA,3/16/2026 9:00,0.0,0.0,0.011390243866480887,0.0
42017,Bucks County,PA,3/16/2026 10:00,0.0,0.0,0.009294529497856275,0.0
42017,Bucks County,PA,3/16/2026 11:00,0.0,0.0,0.008132916665636003,0.0
42017,Bucks County,PA,3/16/2026 12:00,0.0,0.0,0.00712303223554045,0.0
42017,Bucks County,PA,3/16/2026 13:00,0.0,0.0,0.00595198348746635,0.0
42017,Bucks County,PA,3/16/2026 14:00,0.0,0.0,0.005059779534349218,0.0
42017,Bucks County,PA,3/16/2026 15:00,0.0,0.002882256964221597,0.004962919839454116,0.0
42017,Bucks County,PA,3/16/2026 16:00,0.0,0.006667550653219223,0.005407122884935234,0.0
42017,Bucks County,PA,3/16/2026 17:00,0.0,0.020922874473035334,0.0028443275281460957,0.0
42017,Bucks County,PA,3/16/2026 18:00,0.0,0.01852416144683957,0.0024933531210990624,0.0
42017,Bucks County,PA,3/16/2026 19:00,0.0,0.01574299456551671,0.0023503943375544623,0.0
42017,Bucks County,PA,3/16/2026 20:00,0.003404778428375721,0.014951045298948884,0.0024580076322308743,0.0
42017,Bucks County,PA,3/16/2026 21:00,0.008223011856898665,0.014633712131762877,0.0024661096220370384,0.0
42017,Bucks County,PA,3/16/2026 22:00,0.019139773678034544,0.014439784921705723,0.0016604139120317996,0.0
42017,Bucks County,PA,3/16/2026 23:00,0.023004873655736446,0.015135940536856652,0.0016633621460641734,0.0
42017,Bucks County,PA,3/17/2026 0:00,0.016321629664162174,0.011643751244992017,0.0,0.0
42017,Bucks County,PA,3/17/2026 1:00,0.01792444847524166,0.011857637350476579,0.0,0.0
42017,Bucks County,PA,3/17/2026 2:00,0.017636483535170555,0.009753912314772606,0.0,0.0
42017,Bucks County,PA,3/17/2026 3:00,0.0175763217266649,0.009455251926556229,0.0,0.0
42017,Bucks County,PA,3/17/2026 4:00,0.01785640395246446,0.008547378866933287,0.0,0.0
42017,Bucks County,PA,3/17/2026 5:00,0.016356322914361954,0.008058870502281934,0.0,0.0
42017,Bucks County,PA,3/17/2026 6:00,0.015401769895106554,0.00740104042342864,0.0,0.0
42017,Bucks County,PA,3/17/2026 7:00,0.013808655319735408,0.006363781541585923,0.0,0.0
42017,Bucks County,PA,3/17/2026 8:00,0.012454595882445574,0.005188343697227538,0.0,0.0
42017,Bucks County,PA,3/17/2026 9:00,0.011615948751568794,0.004215944540919736,0.0,0.0
42017,Bucks County,PA,3/17/2026 10:00,0.010770154185593128,0.003519563301233575,0.0,0.0
42017,Bucks County,PA,3/17/2026 11:00,0.009334837435744703,0.002978296799119562,0.0,0.0
42017,Bucks County,PA,3/17/2026 12:00,0.008521495154127479,0.002336785162333399,0.0,0.0
42017,Bucks County,PA,3/17/2026 13:00,0.007541420171037316,0.002069701254367828,0.0,0.0
42017,Bucks County,PA,3/17/2026 14:00,0.0062552818562835455,0.0020825565792620183,0.0,0.0
42017,Bucks County,PA,3/17/2026 15:00,0.004860579269006848,0.0022682010196149347,0.0,0.0
42017,Bucks County,PA,3/17/2026 16:00,0.004108342807739973,0.002024283865466714,0.0,0.0
42017,Bucks County,PA,3/17/2026 17:00,0.004353549564257264,0.001703217555768788,0.0,0.0
42017,Bucks County,PA,3/17/2026 18:00,0.004088198649697006,0.0013353821821510791,0.0,0.0
42017,Bucks County,PA,3/17/2026 19:00,0.003892030566930771,0.0,0.0,0.0
42017,Bucks County,PA,3/17/2026 20:00,0.003094658604823053,0.0,0.0,0.0
42017,Bucks County,PA,3/17/2026 21:00,0.002354135678615421,0.0,0.0,0.0
42017,Bucks County,PA,3/17/2026 22:00,0.0018501160375308245,0.0,0.0,0.0
42017,Bucks County,PA,3/17/2026 23:00,0.0013055005547357723,0.0,0.0,0.0
42017,Bucks County,PA,3/18/2026 0:00,0.0,0.0,0.0,
42017,Bucks County,PA,3/18/2026 1:00,0.0,0.0,0.0,
42017,Bucks County,PA,3/18/2026 2:00,0.0,0.0,0.0,
42017,Bucks County,PA,3/18/2026 3:00,0.0,0.0,0.0,
42017,Bucks County,PA,3/18/2026 4:00,0.0,0.0,0.0,
42017,Bucks County,PA,3/18/2026 5:00,0.0,0.0,0.0,
42017,Bucks County,PA,3/18/2026 6:00,0.0,0.0,0.0,
42017,Bucks County,PA,3/18/2026 7:00,0.0,0.0,0.0,
42017,Bucks County,PA,3/18/2026 8:00,0.0,0.0,0.0,
42017,Bucks County,PA,3/18/2026 9:00,0.0,0.0,0.0,
42017,Bucks County,PA,3/18/2026 10:00,0.0,0.0,0.0,
42017,Bucks County,PA,3/18/2026 11:00,0.0,0.0,0.0,
42017,Bucks County,PA,3/18/2026 12:00,0.0,0.0,0.0,
42017,Bucks County,PA,3/18/2026 13:00,0.0,0.0,0.0,
42017,Bucks County,PA,3/18/2026 14:00,0.0,0.0,0.0,
42017,Bucks County,PA,3/18/2026 15:00,0.0,0.0,0.0,
42017,Bucks County,PA,3/18/2026 16:00,0.0,0.0,0.0,
42017,Bucks County,PA,3/18/2026 17:00,0.0,0.0,0.0,
42017,Bucks County,PA,3/18/2026 18:00,0.0,0.0,0.0,
42017,Bucks County,PA,3/18/2026 19:00,0.0,0.0,0.0,
42017,Bucks County,PA,3/18/2026 20:00,0.0,0.0,0.0,
42017,Bucks County,PA,3/18/2026 21:00,0.0,0.0,0.0,
42017,Bucks County,PA,3/18/2026 22:00,0.0,0.0,0.0,
42017,Bucks County,PA,3/18/2026 23:00,0.0,0.0,0.0,
42017,Bucks County,PA,3/19/2026 0:00,0.0,0.0,,
42017,Bucks County,PA,3/19/2026 1:00,0.0,0.0,,
42017,Bucks County,PA,3/19/2026 2:00,0.0,0.0,,
42017,Bucks County,PA,3/19/2026 3:00,0.0,0.0,,
42017,Bucks County,PA,3/19/2026 4:00,0.0,0.0,,
42017,Bucks County,PA,3/19/2026 5:00,0.0,0.0,,
42017,Bucks County,PA,3/19/2026 6:00,0.0,0.0,,
42017,Bucks County,PA,3/19/2026 7:00,0.0,0.0,,
42017,Bucks County,PA,3/19/2026 8:00,0.0,0.0,,
42017,Bucks County,PA,3/19/2026 9:00,0.0,0.0,,
42017,Bucks County,PA,3/19/2026 10:00,0.0,0.0,,
42017,Bucks County,PA,3/19/2026 11:00,0.0,0.0,,
42017,Bucks County,PA,3/19/2026 12:00,0.0,0.0,,
42017,Bucks County,PA,3/19/2026 13:00,0.0,0.0,,
42017,Bucks County,PA,3/19/2026 14:00,0.0,0.0,,
42017,Bucks County,PA,3/19/2026 15:00,0.0,0.0,,
42017,Bucks County,PA,3/19/2026 16:00,0.0,0.0,,
42017,Bucks County,PA,3/19/2026 17:00,0.0,0.0,,
42017,Bucks County,PA,3/19/2026 18:00,0.0,,,
42017,Bucks County,PA,3/19/2026 19:00,0.0,,,
42017,Bucks County,PA,3/19/2026 20:00,0.0,,,
42017,Bucks County,PA,3/19/2026 21:00,0.0,,,
42017,Bucks County,PA,3/19/2026 22:00,0.0,,,
42017,Bucks County,PA,3/19/2026 23:00,,,,
42037,Columbia County,PA,3/14/2026 0:00,0.0,0.0025485064135864375,0.0,0.0018516934011131524
42037,Columbia County,PA,3/14/2026 1:00,0.0,0.0028921532444655894,0.0,0.001991802203701809
42037,Columbia County,PA,3/14/2026 2:00,0.0,0.003839832707308233,0.0,0.001964496201253496
42037,Columbia County,PA,3/14/2026 3:00,0.0,0.006894731242209673,0.0,0.0018613176885992288
42037,Columbia County,PA,3/14/2026 4:00,0.0,0.005055604266817682,0.0,0.0019253635429777205
42037,Columbia County,PA,3/14/2026 5:00,0.002725434249441605,0.003875067410990596,0.0,0.0016986836795695125
42037,Columbia County,PA,3/14/2026 6:00,0.005145345581695437,0.001351786416489631,0.0,0.0016904215794056655
42037,Columbia County,PA,3/14/2026 7:00,0.005581642501056194,0.001878426142502576,0.0,0.0018109731958247722
42037,Columbia County,PA,3/14/2026 8:00,0.00899745337665081,0.0012915890954900533,0.0,0.0
42037,Columbia County,PA,3/14/2026 9:00,0.006951097631826997,0.0013864281820133329,0.0,0.0
42037,Columbia County,PA,3/14/2026 10:00,0.0051821832312271,0.0,0.0,0.0
42037,Columbia County,PA,3/14/2026 11:00,0.003293918911367655,0.0,0.0,0.0
42037,Columbia County,PA,3/14/2026 12:00,0.00479952828027308,0.0,0.0,0.0
42037,Columbia County,PA,3/14/2026 13:00,0.0016250390617642552,0.0,0.0,0.0
42037,Columbia County,PA,3/14/2026 14:00,0.001488888460698945,0.0,0.0,0.0017179596878122538
42037,Columbia County,PA,3/14/2026 15:00,0.0,0.0,0.0,0.0
42037,Columbia County,PA,3/14/2026 16:00,0.0,0.0,0.0,0.002119804860558361
42037,Columbia County,PA,3/14/2026 17:00,0.0,0.0,0.0,0.0022449062802479603
42037,Columbia County,PA,3/14/2026 18:00,0.0,0.0,0.0,0.0028014710871502755
42037,Columbia County,PA,3/14/2026 19:00,0.0,0.0,0.0,0.0024593608686700463
42037,Columbia County,PA,3/14/2026 20:00,0.0,0.0,0.0,0.0030347138905199244
42037,Columbia County,PA,3/14/2026 21:00,0.0,0.0,0.0,0.004275964870976168
42037,Columbia County,PA,3/14/2026 22:00,0.0,0.0,0.0,0.006581775000086054
42037,Columbia County,PA,3/14/2026 23:00,0.0,0.0,0.0,0.007841570163145661
42037,Columbia County,PA,3/15/2026 0:00,0.0,0.0,0.0,0.007997462211642414
42037,Columbia County,PA,3/15/2026 1:00,0.0,0.0,0.0,0.006793531561561395
42037,Columbia County,PA,3/15/2026 2:00,0.0,0.0,0.0,0.00570140010677278
42037,Columbia County,PA,3/15/2026 3:00,0.0,0.0,0.0,0.004803050047485158
42037,Columbia County,PA,3/15/2026 4:00,0.0,0.0,0.0,0.004510051981196739
42037,Columbia County,PA,3/15/2026 5:00,0.0,0.0,0.0,0.003941185370786115
42037,Columbia County,PA,3/15/2026 6:00,0.0,0.0,0.0,0.004710013745352626
42037,Columbia County,PA,3/15/2026 7:00,0.0,0.0,0.0,0.004116905629052781
42037,Columbia County,PA,3/15/2026 8:00,0.0,0.0,0.0,0.004849754506722093
42037,Columbia County,PA,3/15/2026 9:00,0.0,0.0,0.0,0.004756520052615088
42037,Columbia County,PA,3/15/2026 10:00,0.0,0.0,0.0024063208693405613,0.0037130515956960153
42037,Columbia County,PA,3/15/2026 11:00,0.0,0.0,0.002303778356872499,0.003522967582102865
42037,Columbia County,PA,3/15/2026 12:00,0.0,0.0,0.0017844699672423304,0.002817302860785276
42037,Columbia County,PA,3/15/2026 13:00,0.0,0.0,0.0016659116652590455,0.0025527149613481016
42037,Columbia County,PA,3/15/2026 14:00,0.0,0.0,0.0,0.0028441784670576453
42037,Columbia County,PA,3/15/2026 15:00,0.0,0.0,0.0,0.00226435256190598
42037,Columbia County,PA,3/15/2026 16:00,0.0,0.0,0.002141812804620713,0.002408991137053817
42037,Columbia County,PA,3/15/2026 17:00,0.0,0.0,0.0022012735600583254,0.0022851268178783355
42037,Columbia County,PA,3/15/2026 18:00,0.0,0.0,0.002313816628884524,0.002133586397394538
42037,Columbia County,PA,3/15/2026 19:00,0.0,0.0,0.0027911888901144266,0.00212935283780098
42037,Columbia County,PA,3/15/2026 20:00,0.0,0.0011790285469032824,0.007224988332018256,0.0
42037,Columbia County,PA,3/15/2026 21:00,0.0,0.0010870541969779878,0.003866947768256068,0.0
42037,Columbia County,PA,3/15/2026 22:00,0.0,0.0010492872868780978,0.007789366389624774,0.0
42037,Columbia County,PA,3/15/2026 23:00,0.0,0.00127373658833676,0.009475994552485646,0.0
42037,Columbia County,PA,3/16/2026 0:00,0.0,0.0,0.007548982184380293,0.0
42037,Columbia County,PA,3/16/2026 1:00,0.001188498456031084,0.0010579398833215237,0.006332467536412878,0.0
42037,Columbia County,PA,3/16/2026 2:00,0.0,0.0,0.0035619892878457904,0.0
42037,Columbia County,PA,3/16/2026 3:00,0.0012310750025790185,0.0,0.0032738787238486113,0.0
42037,Columbia County,PA,3/16/2026 4:00,0.0012817168035326176,0.0015742805902846158,0.0025855357584077866,0.0
42037,Columbia County,PA,3/16/2026 5:00,0.0,0.0018539052864070982,0.0022236389690078796,0.0
42037,Columbia County,PA,3/16/2026 6:00,0.0011900020108441822,0.0016105312795843929,0.0022847848827950656,0.0
42037,Columbia County,PA,3/16/2026 7:00,0.0,0.0015883014071732759,0.0019527354859746994,0.0
42037,Columbia County,PA,3/16/2026 8:00,0.0,0.00187929350649938,0.0020589815045241266,0.0
42037,Columbia County,PA,3/16/2026 9:00,0.0015758180525153875,0.0019419934367761015,0.0023600560729391874,0.0
42037,Columbia County,PA,3/16/2026 10:00,0.0017676290442523168,0.001637556788045913,0.0019258517364505678,0.0
42037,Columbia County,PA,3/16/2026 11:00,0.0015645281309843995,0.0015888824491412379,0.001375955657567829,0.0
42037,Columbia County,PA,3/16/2026 12:00,0.0018175950972363353,0.0015082829399034382,0.0011533506214618683,0.0
42037,Columbia County,PA,3/16/2026 13:00,0.0017825674658524804,0.0018494009505957364,0.0,0.0
42037,Columbia County,PA,3/16/2026 14:00,0.0015084895712789148,0.002724077319726348,0.0,0.0
42037,Columbia County,PA,3/16/2026 15:00,0.0015072885435074568,0.0048586949735181404,0.0,0.0
42037,Columbia County,PA,3/16/2026 16:00,0.0016100079301395454,0.004589476739056408,0.0,0.0
42037,Columbia County,PA,3/16/2026 17:00,0.0018069599609589204,0.006751647806959226,0.0,0.0
42037,Columbia County,PA,3/16/2026 18:00,0.0016594809385424014,0.00723135958542116,0.0,0.0
42037,Columbia County,PA,3/16/2026 19:00,0.0028723186696879566,0.00658067564945668,0.0,0.0
42037,Columbia County,PA,3/16/2026 20:00,0.004464907658984885,0.004963305382989347,0.0,0.0
42037,Columbia County,PA,3/16/2026 21:00,0.0036966640618629754,0.003726409119553864,0.0,0.0
42037,Columbia County,PA,3/16/2026 22:00,0.005837662669364363,0.003042972699040547,0.0,0.0
42037,Columbia County,PA,3/16/2026 23:00,0.006415801355615258,0.0030116660054773092,0.0,0.0
42037,Columbia County,PA,3/17/2026 0:00,0.0072985820297617465,0.004139799834229052,0.0,0.0
42037,Columbia County,PA,3/17/2026 1:00,0.0047887736291158944,0.0033788603264838456,0.0,0.0
42037,Columbia County,PA,3/17/2026 2:00,0.004028378491057083,0.0025037235929630695,0.0,0.0
42037,Columbia County,PA,3/17/2026 3:00,0.003613936947658658,0.0030329490778967737,0.0,0.0
42037,Columbia County,PA,3/17/2026 4:00,0.004744179896079004,0.00289678315166384,0.0,0.0
42037,Columbia County,PA,3/17/2026 5:00,0.0050640436238609254,0.00232627890072763,0.0,0.0
42037,Columbia County,PA,3/17/2026 6:00,0.0036534275859594345,0.0014249366751755588,0.0,0.0
42037,Columbia County,PA,3/17/2026 7:00,0.003092069993726909,0.0015690362080931664,0.0,0.0
42037,Columbia County,PA,3/17/2026 8:00,0.0030498048654408194,0.0013761337380856276,0.0,0.0
42037,Columbia County,PA,3/17/2026 9:00,0.0031291429768316448,0.0,0.0,0.0
42037,Columbia County,PA,3/17/2026 10:00,0.0034517162712290883,0.0,0.0,0.0
42037,Columbia County,PA,3/17/2026 11:00,0.0025543621741235256,0.0,0.0,0.0
42037,Columbia County,PA,3/17/2026 12:00,0.0019050133996643126,0.0,0.0,0.0
42037,Columbia County,PA,3/17/2026 13:00,0.001974346931092441,0.0,0.0,0.0
42037,Columbia County,PA,3/17/2026 14:00,0.0016160894883796573,0.0,0.0,0.0
42037,Columbia County,PA,3/17/2026 15:00,0.0010037876199930906,0.0,0.0,0.0
42037,Columbia County,PA,3/17/2026 16:00,0.0,0.0,0.0,0.0
42037,Columbia County,PA,3/17/2026 17:00,0.0,0.0,0.0,0.0
42037,Columbia County,PA,3/17/2026 18:00,0.0,0.0,0.0,0.0
42037,Columbia County,PA,3/17/2026 19:00,0.0,0.0,0.0,0.0
42037,Columbia County,PA,3/17/2026 20:00,0.0,0.0,0.0,0.0
42037,Columbia County,PA,3/17/2026 21:00,0.0,0.0,0.0,0.0
42037,Columbia County,PA,3/17/2026 22:00,0.0,0.0,0.0,0.0
42037,Columbia County,PA,3/17/2026 23:00,0.0,0.0,0.0,0.0
42037,Columbia County,PA,3/18/2026 0:00,0.0,0.0,0.0,
42037,Columbia County,PA,3/18/2026 1:00,0.0,0.0,0.0,
42037,Columbia County,PA,3/18/2026 2:00,0.0,0.0,0.0,
42037,Columbia County,PA,3/18/2026 3:00,0.0,0.0,0.0,
42037,Columbia County,PA,3/18/2026 4:00,0.0,0.0,0.0,
42037,Columbia County,PA,3/18/2026 5:00,0.0,0.0,0.0,
42037,Columbia County,PA,3/18/2026 6:00,0.0,0.0,0.0,
42037,Columbia County,PA,3/18/2026 7:00,0.0,0.0,0.0,
42037,Columbia County,PA,3/18/2026 8:00,0.0,0.0,0.0,
42037,Columbia County,PA,3/18/2026 9:00,0.0,0.0,0.0,
42037,Columbia County,PA,3/18/2026 10:00,0.0,0.0,0.0,
42037,Columbia County,PA,3/18/2026 11:00,0.0,0.0,0.0,
42037,Columbia County,PA,3/18/2026 12:00,0.0,0.0,0.0,
42037,Columbia County,PA,3/18/2026 13:00,0.0,0.0,0.0,
42037,Columbia County,PA,3/18/2026 14:00,0.0,0.0,0.0,
42037,Columbia County,PA,3/18/2026 15:00,0.0,0.0,0.0,
42037,Columbia County,PA,3/18/2026 16:00,0.0,0.0,0.0,
42037,Columbia County,PA,3/18/2026 17:00,0.0,0.0,0.0,
42037,Columbia County,PA,3/18/2026 18:00,0.0,0.0,0.0,
42037,Columbia County,PA,3/18/2026 19:00,0.0,0.0,0.0,
42037,Columbia County,PA,3/18/2026 20:00,0.0,0.0,0.0,
42037,Columbia County,PA,3/18/2026 21:00,0.0,0.0,0.0,
42037,Columbia County,PA,3/18/2026 22:00,0.0,0.0,0.0,
42037,Columbia County,PA,3/18/2026 23:00,0.0,0.0,0.0,
42037,Columbia County,PA,3/19/2026 0:00,0.0,0.0,,
42037,Columbia County,PA,3/19/2026 1:00,0.0,0.0,,
42037,Columbia County,PA,3/19/2026 2:00,0.0,0.0,,
42037,Columbia County,PA,3/19/2026 3:00,0.0,0.0,,
42037,Columbia County,PA,3/19/2026 4:00,0.0,0.0,,
42037,Columbia County,PA,3/19/2026 5:00,0.0,0.0,,
42037,Columbia County,PA,3/19/2026 6:00,0.0,0.0,,
42037,Columbia County,PA,3/19/2026 7:00,0.0,0.0,,
42037,Columbia County,PA,3/19/2026 8:00,0.0,0.0,,
42037,Columbia County,PA,3/19/2026 9:00,0.0,0.0,,
42037,Columbia County,PA,3/19/2026 10:00,0.0,0.0,,
42037,Columbia County,PA,3/19/2026 11:00,0.0,0.0,,
42037,Columbia County,PA,3/19/2026 12:00,0.0,0.0,,
42037,Columbia County,PA,3/19/2026 13:00,0.0,0.0,,
42037,Columbia County,PA,3/19/2026 14:00,0.0,0.0,,
42037,Columbia County,PA,3/19/2026 15:00,0.0,0.0,,
42037,Columbia County,PA,3/19/2026 16:00,0.0,0.0,,
42037,Columbia County,PA,3/19/2026 17:00,0.0,0.0,,
42037,Columbia County,PA,3/19/2026 18:00,0.0,,,
42037,Columbia County,PA,3/19/2026 19:00,0.0,,,
42037,Columbia County,PA,3/19/2026 20:00,0.0,,,
42037,Columbia County,PA,3/19/2026 21:00,0.0,,,
42037,Columbia County,PA,3/19/2026 22:00,0.0,,,
42037,Columbia County,PA,3/19/2026 23:00,,,,
42071,Lancaster County,PA,3/14/2026 0:00,0.0,0.0,0.0,0.0
42071,Lancaster County,PA,3/14/2026 1:00,0.0,0.0,0.0,0.0
42071,Lancaster County,PA,3/14/2026 2:00,0.0,0.0,0.0,0.0
42071,Lancaster County,PA,3/14/2026 3:00,0.0,0.001415067771449685,0.0,0.0
42071,Lancaster County,PA,3/14/2026 4:00,0.0,0.0014412087853997945,0.0,0.0
42071,Lancaster County,PA,3/14/2026 5:00,0.0,0.0022471159463748336,0.0,0.0
42071,Lancaster County,PA,3/14/2026 6:00,0.0,0.002223282272461802,0.0,0.0
42071,Lancaster County,PA,3/14/2026 7:00,0.0,0.0012703717919066548,0.0,0.0
42071,Lancaster County,PA,3/14/2026 8:00,0.002440320677123964,0.001867790916003287,0.0,0.0
42071,Lancaster County,PA,3/14/2026 9:00,0.0017466800563852303,0.0010820935713127255,0.0,0.0
42071,Lancaster County,PA,3/14/2026 10:00,0.0012192801805213094,0.0015054218310979195,0.0,0.0
42071,Lancaster County,PA,3/14/2026 11:00,0.0,0.0012977842445252464,0.0,0.0
42071,Lancaster County,PA,3/14/2026 12:00,0.0,0.0,0.0,0.0
42071,Lancaster County,PA,3/14/2026 13:00,0.0,0.0,0.0,0.0
42071,Lancaster County,PA,3/14/2026 14:00,0.0,0.0,0.0,0.0
42071,Lancaster County,PA,3/14/2026 15:00,0.0,0.0,0.0,0.0
42071,Lancaster County,PA,3/14/2026 16:00,0.0,0.0,0.0,0.0
42071,Lancaster County,PA,3/14/2026 17:00,0.0,0.0,0.0,0.0
42071,Lancaster County,PA,3/14/2026 18:00,0.0,0.0,0.0,0.0010564920117758446
42071,Lancaster County,PA,3/14/2026 19:00,0.0,0.0,0.0,0.0023884310940047726
42071,Lancaster County,PA,3/14/2026 20:00,0.0,0.0,0.0,0.0032656496987328865
42071,Lancaster County,PA,3/14/2026 21:00,0.0,0.0,0.0,0.004643213340750662
42071,Lancaster County,PA,3/14/2026 22:00,0.0,0.0,0.0,0.007958023995161056
42071,Lancaster County,PA,3/14/2026 23:00,0.0,0.0,0.0,0.008599261147901415
42071,Lancaster County,PA,3/15/2026 0:00,0.0,0.0,0.0,0.009974124445579945
42071,Lancaster County,PA,3/15/2026 1:00,0.0,0.0,0.0,0.010698864352889359
42071,Lancaster County,PA,3/15/2026 2:00,0.0,0.0,0.0,0.009869810356758536
42071,Lancaster County,PA,3/15/2026 3:00,0.0,0.0,0.0,0.010046558966860176
42071,Lancaster County,PA,3/15/2026 4:00,0.0,0.0,0.0,0.010070097004063427
42071,Lancaster County,PA,3/15/2026 5:00,0.0,0.0,0.0,0.008623210072983056
42071,Lancaster County,PA,3/15/2026 6:00,0.0,0.0,0.0,0.010453281924128532
42071,Lancaster County,PA,3/15/2026 7:00,0.0,0.0,0.0,0.008465574448928237
42071,Lancaster County,PA,3/15/2026 8:00,0.0,0.0,0.0,0.008119690581224859
42071,Lancaster County,PA,3/15/2026 9:00,0.0,0.0,0.0,0.007660360774025321
42071,Lancaster County,PA,3/15/2026 10:00,0.0,0.0,0.0,0.007132701901718974
42071,Lancaster County,PA,3/15/2026 11:00,0.0,0.0,0.0,0.006705097085796296
42071,Lancaster County,PA,3/15/2026 12:00,0.0,0.0,0.0,0.004915287857875228
42071,Lancaster County,PA,3/15/2026 13:00,0.0,0.0,0.0,0.003460772125981748
42071,Lancaster County,PA,3/15/2026 14:00,0.0,0.0,0.0,0.0028669835650362075
42071,Lancaster County,PA,3/15/2026 15:00,0.0,0.0,0.0,0.00255662800045684
42071,Lancaster County,PA,3/15/2026 16:00,0.0,0.0,0.0,0.0025579732784535734
42071,Lancaster County,PA,3/15/2026 17:00,0.0,0.0,0.0,0.002131285530049354
42071,Lancaster County,PA,3/15/2026 18:00,0.0,0.0,0.0,0.0017920387530466543
42071,Lancaster County,PA,3/15/2026 19:00,0.0,0.0,0.0,0.0012612607300980017
42071,Lancaster County,PA,3/15/2026 20:00,0.0,0.0,0.0025017544685397297,0.0
42071,Lancaster County,PA,3/15/2026 21:00,0.0,0.0,0.005990926339291036,0.0
42071,Lancaster County,PA,3/15/2026 22:00,0.0,0.0,0.011058783112093806,0.0
42071,Lancaster County,PA,3/15/2026 23:00,0.0,0.0,0.012126141972839833,0.0
42071,Lancaster County,PA,3/16/2026 0:00,0.0,0.0,0.01015738262794912,0.0
42071,Lancaster County,PA,3/16/2026 1:00,0.0,0.0,0.008922585751861334,0.0
42071,Lancaster County,PA,3/16/2026 2:00,0.0,0.0,0.011798525508493186,0.0
42071,Lancaster County,PA,3/16/2026 3:00,0.0,0.0,0.011608503200113772,0.0
42071,Lancaster County,PA,3/16/2026 4:00,0.0,0.0,0.011765595246106385,0.0
42071,Lancaster County,PA,3/16/2026 5:00,0.0,0.0,0.008318580826744436,0.0
42071,Lancaster County,PA,3/16/2026 6:00,0.0,0.0,0.008366469107568265,0.0
42071,Lancaster County,PA,3/16/2026 7:00,0.0,0.0,0.006114346534013748,0.0
42071,Lancaster County,PA,3/16/2026 8:00,0.0,0.0,0.005174632370471954,0.0
42071,Lancaster County,PA,3/16/2026 9:00,0.0,0.0,0.005318360961973667,0.0
42071,Lancaster County,PA,3/16/2026 10:00,0.0,0.0013488594442605973,0.00443223500624299,0.0
42071,Lancaster County,PA,3/16/2026 11:00,0.0,0.0011632780078798532,0.0032732260646298524,0.0
42071,Lancaster County,PA,3/16/2026 12:00,0.0,0.0,0.0030766354757361114,0.0
42071,Lancaster County,PA,3/16/2026 13:00,0.0,0.0011110620340332388,0.003358558379113674,0.0
42071,Lancaster County,PA,3/16/2026 14:00,0.0,0.0021695632487535475,0.0,0.0
42071,Lancaster County,PA,3/16/2026 15:00,0.0,0.0086084745824337,0.002375240065157413,0.0
42071,Lancaster County,PA,3/16/2026 16:00,0.0,0.008490599598735571,0.002318294160068035,0.0
42071,Lancaster County,PA,3/16/2026 17:00,0.0,0.012000349815934896,0.0019530913152266292,0.0
42071,Lancaster County,PA,3/16/2026 18:00,0.0,0.011441527493298053,0.0,0.0
42071,Lancaster County,PA,3/16/2026 19:00,0.0022151086159283295,0.011843027547001839,0.0,0.0
42071,Lancaster County,PA,3/16/2026 20:00,0.0069496986689046025,0.00948033295571804,0.0,0.0
42071,Lancaster County,PA,3/16/2026 21:00,0.009861679514870048,0.010191111639142037,0.0,0.0
42071,Lancaster County,PA,3/16/2026 22:00,0.012305532582104206,0.008159629907459021,0.0,0.0
42071,Lancaster County,PA,3/16/2026 23:00,0.012446552515029907,0.008332491293549538,0.0,0.0
42071,Lancaster County,PA,3/17/2026 0:00,0.01270368299447,0.008555586729198695,0.0,0.0
42071,Lancaster County,PA,3/17/2026 1:00,0.011495312210172415,0.006026002345606685,0.0,0.0
42071,Lancaster County,PA,3/17/2026 2:00,0.011261109029874206,0.005780820921063423,0.0,0.0
42071,Lancaster County,PA,3/17/2026 3:00,0.009391878498718143,0.004756001895293594,0.0,0.0
42071,Lancaster County,PA,3/17/2026 4:00,0.009107158752158284,0.004265064327046275,0.0,0.0
42071,Lancaster County,PA,3/17/2026 5:00,0.00970424897968769,0.00452206595800817,0.0,0.0
42071,Lancaster County,PA,3/17/2026 6:00,0.007781965425238013,0.0035620341077446938,0.0,0.0
42071,Lancaster County,PA,3/17/2026 7:00,0.007389476522803307,0.0025871672434732316,0.0,0.0
42071,Lancaster County,PA,3/17/2026 8:00,0.006672429386526346,0.0021592135541141032,0.0,0.0
42071,Lancaster County,PA,3/17/2026 9:00,0.00574194616638124,0.0018966093892231585,0.0,0.0
42071,Lancaster County,PA,3/17/2026 10:00,0.0055414370726794004,0.0026160853914916514,0.0,0.0
42071,Lancaster County,PA,3/17/2026 11:00,0.004957792116329074,0.0,0.0,0.0
42071,Lancaster County,PA,3/17/2026 12:00,0.0028772305231541395,0.0,0.0,0.0
42071,Lancaster County,PA,3/17/2026 13:00,0.0018282137752976269,0.0,0.0,0.0
42071,Lancaster County,PA,3/17/2026 14:00,0.0012921353190904483,0.0,0.0,0.0
42071,Lancaster County,PA,3/17/2026 15:00,0.0018568035447970033,0.0,0.0,0.0
42071,Lancaster County,PA,3/17/2026 16:00,0.00124989147298038,0.0,0.0,0.0
42071,Lancaster County,PA,3/17/2026 17:00,0.001001616707071662,0.0,0.0,0.0
42071,Lancaster County,PA,3/17/2026 18:00,0.0011264136992394924,0.0,0.0,0.0
42071,Lancaster County,PA,3/17/2026 19:00,0.0,0.0,0.0,0.0
42071,Lancaster County,PA,3/17/2026 20:00,0.0,0.0,0.0,0.0
42071,Lancaster County,PA,3/17/2026 21:00,0.0,0.0,0.0,0.0
42071,Lancaster County,PA,3/17/2026 22:00,0.0,0.0,0.0,0.0
42071,Lancaster County,PA,3/17/2026 23:00,0.0,0.0,0.0,0.0
42071,Lancaster County,PA,3/18/2026 0:00,0.0,0.0,0.0,
42071,Lancaster County,PA,3/18/2026 1:00,0.0,0.0,0.0,
42071,Lancaster County,PA,3/18/2026 2:00,0.0,0.0,0.0,
42071,Lancaster County,PA,3/18/2026 3:00,0.0,0.0,0.0,
42071,Lancaster County,PA,3/18/2026 4:00,0.0,0.0,0.0,
42071,Lancaster County,PA,3/18/2026 5:00,0.0,0.0,0.0,
42071,Lancaster County,PA,3/18/2026 6:00,0.0,0.0,0.0,
42071,Lancaster County,PA,3/18/2026 7:00,0.0,0.0,0.0,
42071,Lancaster County,PA,3/18/2026 8:00,0.0,0.0,0.0,
42071,Lancaster County,PA,3/18/2026 9:00,0.0,0.0,0.0,
42071,Lancaster County,PA,3/18/2026 10:00,0.0,0.0,0.0,
42071,Lancaster County,PA,3/18/2026 11:00,0.0,0.0,0.0,
42071,Lancaster County,PA,3/18/2026 12:00,0.0,0.0,0.0,
42071,Lancaster County,PA,3/18/2026 13:00,0.0,0.0,0.0,
42071,Lancaster County,PA,3/18/2026 14:00,0.0,0.0,0.0,
42071,Lancaster County,PA,3/18/2026 15:00,0.0,0.0,0.0,
42071,Lancaster County,PA,3/18/2026 16:00,0.0,0.0,0.0,
42071,Lancaster County,PA,3/18/2026 17:00,0.0,0.0,0.0,
42071,Lancaster County,PA,3/18/2026 18:00,0.0,0.0,0.0,
42071,Lancaster County,PA,3/18/2026 19:00,0.0,0.0,0.0,
42071,Lancaster County,PA,3/18/2026 20:00,0.0,0.0,0.0,
42071,Lancaster County,PA,3/18/2026 21:00,0.0,0.0,0.0,
42071,Lancaster County,PA,3/18/2026 22:00,0.0,0.0,0.0,
42071,Lancaster County,PA,3/18/2026 23:00,0.0,0.0,0.0,
42071,Lancaster County,PA,3/19/2026 0:00,0.0,0.0,,
42071,Lancaster County,PA,3/19/2026 1:00,0.0,0.0,,
42071,Lancaster County,PA,3/19/2026 2:00,0.0,0.0,,
42071,Lancaster County,PA,3/19/2026 3:00,0.0,0.0,,
42071,Lancaster County,PA,3/19/2026 4:00,0.0,0.0,,
42071,Lancaster County,PA,3/19/2026 5:00,0.0,0.0,,
42071,Lancaster County,PA,3/19/2026 6:00,0.0,0.0,,
42071,Lancaster County,PA,3/19/2026 7:00,0.0,0.0,,
42071,Lancaster County,PA,3/19/2026 8:00,0.0,0.0,,
42071,Lancaster County,PA,3/19/2026 9:00,0.0,0.0,,
42071,Lancaster County,PA,3/19/2026 10:00,0.0,0.0,,
42071,Lancaster County,PA,3/19/2026 11:00,0.0,0.0,,
42071,Lancaster County,PA,3/19/2026 12:00,0.0,0.0,,
42071,Lancaster County,PA,3/19/2026 13:00,0.0,0.0,,
42071,Lancaster County,PA,3/19/2026 14:00,0.0,0.0,,
42071,Lancaster County,PA,3/19/2026 15:00,0.0,0.0,,
42071,Lancaster County,PA,3/19/2026 16:00,0.0,0.0,,
42071,Lancaster County,PA,3/19/2026 17:00,0.0,0.0,,
42071,Lancaster County,PA,3/19/2026 18:00,0.0,,,
42071,Lancaster County,PA,3/19/2026 19:00,0.0,,,
42071,Lancaster County,PA,3/19/2026 20:00,0.0,,,
42071,Lancaster County,PA,3/19/2026 21:00,0.0,,,
42071,Lancaster County,PA,3/19/2026 22:00,0.0,,,
42071,Lancaster County,PA,3/19/2026 23:00,,,,
42073,Lawrence County,PA,3/14/2026 0:00,0.045012721995590255,0.040818199352361265,0.0058315661852248015,0.005597960756858811
42073,Lawrence County,PA,3/14/2026 1:00,0.046796996728517115,0.0404394865501672,0.007007799099665135,0.0053508836099354085
42073,Lawrence County,PA,3/14/2026 2:00,0.04360371018992737,0.039231196697801354,0.005121220464934595,0.0036134015157585964
42073,Lawrence County,PA,3/14/2026 3:00,0.04146312194643542,0.0372005507349968,0.005354435203480534,0.0037127809613593855
42073,Lawrence County,PA,3/14/2026 4:00,0.042265577940270305,0.03307093142066151,0.005085764601244591,0.004035927449149312
42073,Lawrence County,PA,3/14/2026 5:00,0.04321817145682871,0.02960394024848938,0.005141887774516363,0.00407905075699091
42073,Lawrence County,PA,3/14/2026 6:00,0.04251522966660559,0.027930549718439578,0.004940909617289435,0.0038633392163319514
42073,Lawrence County,PA,3/14/2026 7:00,0.03937119635520503,0.025818038801662623,0.0054273527697660025,0.004672238846251275
42073,Lawrence County,PA,3/14/2026 8:00,0.0362565178584191,0.0237098490819335,0.0054242349520791325,0.004839021153748036
42073,Lawrence County,PA,3/14/2026 9:00,0.03402002970688045,0.022262073308229446,0.005012143929343437,0.004301767298602499
42073,Lawrence County,PA,3/14/2026 10:00,0.03031316550914198,0.019160410668700934,0.005687411926919595,0.003524797919089906
42073,Lawrence County,PA,3/14/2026 11:00,0.028292972594499588,0.01704360037110746,0.005274551865295507,0.003642574101104401
42073,Lawrence County,PA,3/14/2026 12:00,0.026811245596036315,0.015585451712831854,0.005175684878486209,0.0036257551750168205
42073,Lawrence County,PA,3/14/2026 13:00,0.024007078842259943,0.013356378022581338,0.004376530008448754,0.0033396821509086294
42073,Lawrence County,PA,3/14/2026 14:00,0.02268659812398255,0.010200029844418168,0.004453385245869868,0.0030664158733998193
42073,Lawrence County,PA,3/14/2026 15:00,0.019380469748284668,0.009809687361121177,0.006157535105012357,0.0029905263203545474
42073,Lawrence County,PA,3/14/2026 16:00,0.017282302724197507,0.00889803166501224,0.008034356497228145,0.0027438565623015164
42073,Lawrence County,PA,3/14/2026 17:00,0.015430214029038325,0.008979303948581218,0.008860081480816007,0.002659944022889249
42073,Lawrence County,PA,3/14/2026 18:00,0.013374789647059515,0.0075367856305092575,0.011363839451223611,0.002348466741386801
42073,Lawrence County,PA,3/14/2026 19:00,0.010131184535566717,0.007480554957874119,0.00869453428313136,0.0017331436363747343
42073,Lawrence County,PA,3/14/2026 20:00,0.009313341928645968,0.006671837577596307,0.007207855628803372,0.001586577037232928
42073,Lawrence County,PA,3/14/2026 21:00,0.008618180028861389,0.00684582139365375,0.0068476485088467594,0.0015869782910158392
42073,Lawrence County,PA,3/14/2026 22:00,0.009119153342908248,0.006646232586354018,0.006044100155122578,0.0013660183612955734
42073,Lawrence County,PA,3/14/2026 23:00,0.007822899671737105,0.006560751935467124,0.004931392706930637,0.0012347109412075951
42073,Lawrence County,PA,3/15/2026 0:00,0.007812643307261169,0.0061550328973680735,0.003443324635736644,0.0010863752046134322
42073,Lawrence County,PA,3/15/2026 1:00,0.0070078817661851645,0.006380950659513473,0.0031124090019147843,0.001049084251280874
42073,Lawrence County,PA,3/15/2026 2:00,0.007074232795275748,0.006367403315380216,0.002861988972290419,0.0010735309595474973
42073,Lawrence County,PA,3/15/2026 3:00,0.006475351168774068,0.006244145100936294,0.003393248451175168,0.0
42073,Lawrence County,PA,3/15/2026 4:00,0.005983795473184728,0.006276265112683177,0.002944352972554043,0.0
42073,Lawrence County,PA,3/15/2026 5:00,0.005721433943108423,0.00586881332565099,0.0028594823685125447,0.0
42073,Lawrence County,PA,3/15/2026 6:00,0.006149581022327766,0.005774266552180052,0.002659657097683521,0.0
42073,Lawrence County,PA,3/15/2026 7:00,0.005420446628704667,0.005390463850926608,0.0032346052961656825,0.0
42073,Lawrence County,PA,3/15/2026 8:00,0.0057178794595529325,0.005350685422308743,0.004614604846574366,0.0
42073,Lawrence County,PA,3/15/2026 9:00,0.005024474521633238,0.005368430656380952,0.003878592932596803,0.0
42073,Lawrence County,PA,3/15/2026 10:00,0.005056850030086935,0.006484121736139059,0.004440752684604377,0.0
42073,Lawrence County,PA,3/15/2026 11:00,0.0049788401811383665,0.006898871390148997,0.004434902676439379,0.0
42073,Lawrence County,PA,3/15/2026 12:00,0.004183928947895765,0.00673644682392478,0.004005820544261951,0.0
42073,Lawrence County,PA,3/15/2026 13:00,0.005464963440317661,0.007151952665299177,0.003039967129006982,0.0
42073,Lawrence County,PA,3/15/2026 14:00,0.0045959783310536295,0.006478758435696364,0.003582046218798496,0.0
42073,Lawrence County,PA,3/15/2026 15:00,0.005760955123605527,0.006450699269771576,0.002748570062976796,0.0
42073,Lawrence County,PA,3/15/2026 16:00,0.006948846916202456,0.006632692087441683,0.0025374962606292684,0.0
42073,Lawrence County,PA,3/15/2026 17:00,0.007095999782904983,0.00646611200645566,0.0022496047618915326,0.0
42073,Lawrence County,PA,3/15/2026 18:00,0.007097527501173317,0.006299588782712817,0.0020678207273704175,0.0
42073,Lawrence County,PA,3/15/2026 19:00,0.00616728892782703,0.005159652361180633,0.00206804685149109,0.0
42073,Lawrence County,PA,3/15/2026 20:00,0.006413881783373654,0.004638448497280479,0.0022453164448961614,0.0
42073,Lawrence County,PA,3/15/2026 21:00,0.007165301940403879,0.0045556286757346244,0.0023316965583944694,0.0
42073,Lawrence County,PA,3/15/2026 22:00,0.007936230162158608,0.004637006873963401,0.002374749703449197,0.0
42073,Lawrence County,PA,3/15/2026 23:00,0.0091881372500211,0.004859963408671319,0.002424328710185364,0.0
42073,Lawrence County,PA,3/16/2026 0:00,0.006895195925608277,0.004671767953550443,0.002268299950810615,0.0
42073,Lawrence County,PA,3/16/2026 1:00,0.00532858248334378,0.005084595480002463,0.001886315765295876,0.0
42073,Lawrence County,PA,3/16/2026 2:00,0.003977820510044694,0.005797026073560118,0.0012772799615049734,0.0
42073,Lawrence County,PA,3/16/2026 3:00,0.004333983961259946,0.005972598562948406,0.001770407910225913,0.0
42073,Lawrence County,PA,3/16/2026 4:00,0.004603672585290042,0.005705195805057883,0.001900692578055896,0.0
42073,Lawrence County,PA,3/16/2026 5:00,0.004904379835352302,0.005937833024654537,0.0016391871235100553,0.0
42073,Lawrence County,PA,3/16/2026 6:00,0.004117228905670345,0.005207281105685979,0.0011018512435839512,0.0
42073,Lawrence County,PA,3/16/2026 7:00,0.008417355827987194,0.004927864857017994,0.0,0.0
42073,Lawrence County,PA,3/16/2026 8:00,0.0057703537131033045,0.005150110763497651,0.0,0.0
42073,Lawrence County,PA,3/16/2026 9:00,0.00640804780414328,0.004708581487648189,0.0016362902075343299,0.0
42073,Lawrence County,PA,3/16/2026 10:00,0.007946195546537638,0.003817599406465888,0.001792937336358591,0.0
42073,Lawrence County,PA,3/16/2026 11:00,0.0060786454123444855,0.0036289840849349276,0.0026244290842441843,0.0
42073,Lawrence County,PA,3/16/2026 12:00,0.004888410621788353,0.003259418439120054,0.002170351147651672,0.0
42073,Lawrence County,PA,3/16/2026 13:00,0.005454986705444753,0.0032121618089149704,0.0026161510628298855,0.0014040073379874229
42073,Lawrence County,PA,3/16/2026 14:00,0.004770393221406266,0.0034385753708193077,0.0015280373248970137,0.0016071777266915888
42073,Lawrence County,PA,3/16/2026 15:00,0.00459180650068447,0.0037353971390984954,0.0011737211636500434,0.0
42073,Lawrence County,PA,3/16/2026 16:00,0.0041603087447583675,0.0037542326492257415,0.0,0.0
42073,Lawrence County,PA,3/16/2026 17:00,0.0037931892438791692,0.003731684903323185,0.0,0.0
42073,Lawrence County,PA,3/16/2026 18:00,0.003638119960669428,0.0034144506440497934,0.0,0.0
42073,Lawrence County,PA,3/16/2026 19:00,0.003910867962986231,0.00357973518257495,0.0,0.0
42073,Lawrence County,PA,3/16/2026 20:00,0.003982012189226225,0.003352831018855795,0.0,0.0
42073,Lawrence County,PA,3/16/2026 21:00,0.0040679609519429505,0.0032303318672347813,0.0,0.0
42073,Lawrence County,PA,3/16/2026 22:00,0.004278639273252338,0.002978783589787781,0.0,0.0
42073,Lawrence County,PA,3/16/2026 23:00,0.0040498891030438244,0.002925545466132462,0.0,0.0
42073,Lawrence County,PA,3/17/2026 0:00,0.0037984037189744413,0.002902917272876948,0.0,0.0
42073,Lawrence County,PA,3/17/2026 1:00,0.0034867893482442014,0.003147341450676322,0.0,0.0
42073,Lawrence County,PA,3/17/2026 2:00,0.00332827844977146,0.003343899580067955,0.0,0.0
42073,Lawrence County,PA,3/17/2026 3:00,0.0032407861726824194,0.003460166114382446,0.0,0.0
42073,Lawrence County,PA,3/17/2026 4:00,0.003085087395447772,0.0032545262307394295,0.0,0.0
42073,Lawrence County,PA,3/17/2026 5:00,0.0032151592313311994,0.004017164417018648,0.0,0.0
42073,Lawrence County,PA,3/17/2026 6:00,0.0034203176328446716,0.003694312015431933,0.0,0.0
42073,Lawrence County,PA,3/17/2026 7:00,0.003317474649520591,0.004187833541072905,0.0,0.0
42073,Lawrence County,PA,3/17/2026 8:00,0.0036705258389702067,0.0027897639825823716,0.0,0.0
42073,Lawrence County,PA,3/17/2026 9:00,0.003438471016124822,0.002166776332160225,0.0,0.0
42073,Lawrence County,PA,3/17/2026 10:00,0.004072451440151781,0.0018586049394798466,0.0,0.0
42073,Lawrence County,PA,3/17/2026 11:00,0.0035952349462604616,0.001304302452626871,0.0,0.0
42073,Lawrence County,PA,3/17/2026 12:00,0.004117096014851995,0.0,0.0014609291509259492,0.0
42073,Lawrence County,PA,3/17/2026 13:00,0.002502470859326422,0.001143447437789291,0.0012988818867597728,0.0
42073,Lawrence County,PA,3/17/2026 14:00,0.002013948353123851,0.0,0.0011720650843926705,0.0
42073,Lawrence County,PA,3/17/2026 15:00,0.0016802663449198008,0.0,0.001172947377199307,0.0
42073,Lawrence County,PA,3/17/2026 16:00,0.0011892477632500231,0.0,0.00107230462381267,0.0
42073,Lawrence County,PA,3/17/2026 17:00,0.0,0.0,0.0,0.0
42073,Lawrence County,PA,3/17/2026 18:00,0.0,0.0,0.0,0.0
42073,Lawrence County,PA,3/17/2026 19:00,0.0,0.0,0.0,0.0
42073,Lawrence County,PA,3/17/2026 20:00,0.0,0.0,0.0,0.0
42073,Lawrence County,PA,3/17/2026 21:00,0.0,0.0,0.0,0.0
42073,Lawrence County,PA,3/17/2026 22:00,0.0,0.0,0.0,0.0
42073,Lawrence County,PA,3/17/2026 23:00,0.0,0.0,0.0,0.0
42073,Lawrence County,PA,3/18/2026 0:00,0.0,0.0,0.0,
42073,Lawrence County,PA,3/18/2026 1:00,0.0,0.0,0.0,
42073,Lawrence County,PA,3/18/2026 2:00,0.0,0.0,0.0,
42073,Lawrence County,PA,3/18/2026 3:00,0.0,0.001546129983398714,0.0,
42073,Lawrence County,PA,3/18/2026 4:00,0.0,0.0017665607450908284,0.0,
42073,Lawrence County,PA,3/18/2026 5:00,0.0,0.0022030505753718897,0.0,
42073,Lawrence County,PA,3/18/2026 6:00,0.0,0.002125132246874273,0.0,
42073,Lawrence County,PA,3/18/2026 7:00,0.0,0.0028023969920468518,0.0,
42073,Lawrence County,PA,3/18/2026 8:00,0.0016321232105838135,0.002647545549552888,0.0,
42073,Lawrence County,PA,3/18/2026 9:00,0.0018457018231856637,0.0017691978893708438,0.0,
42073,Lawrence County,PA,3/18/2026 10:00,0.002242190490505891,0.0016170609480468557,0.0,
42073,Lawrence County,PA,3/18/2026 11:00,0.002349629554373678,0.0011523809953359887,0.0,
42073,Lawrence County,PA,3/18/2026 12:00,0.002945498541521374,0.001003060769289732,0.0,
42073,Lawrence County,PA,3/18/2026 13:00,0.0028418098081601784,0.0,0.0,
42073,Lawrence County,PA,3/18/2026 14:00,0.001900952382129617,0.0,0.0,
42073,Lawrence County,PA,3/18/2026 15:00,0.0018742867541732267,0.0,0.0,
42073,Lawrence County,PA,3/18/2026 16:00,0.0014491815818473697,0.0,0.0,
42073,Lawrence County,PA,3/18/2026 17:00,0.0012745641870424151,0.0,0.0,
42073,Lawrence County,PA,3/18/2026 18:00,0.0,0.0,0.0,
42073,Lawrence County,PA,3/18/2026 19:00,0.0,0.0,0.0,
42073,Lawrence County,PA,3/18/2026 20:00,0.0,0.0,0.0,
42073,Lawrence County,PA,3/18/2026 21:00,0.0,0.0,0.0,
42073,Lawrence County,PA,3/18/2026 22:00,0.0,0.0,0.0,
42073,Lawrence County,PA,3/18/2026 23:00,0.0,0.0,0.0,
42073,Lawrence County,PA,3/19/2026 0:00,0.0,0.0,,
42073,Lawrence County,PA,3/19/2026 1:00,0.0,0.0,,
42073,Lawrence County,PA,3/19/2026 2:00,0.0,0.0,,
42073,Lawrence County,PA,3/19/2026 3:00,0.0,0.0,,
42073,Lawrence County,PA,3/19/2026 4:00,0.0,0.001153608108870685,,
42073,Lawrence County,PA,3/19/2026 5:00,0.0,0.0012433092575520276,,
42073,Lawrence County,PA,3/19/2026 6:00,0.0,0.001258249516831711,,
42073,Lawrence County,PA,3/19/2026 7:00,0.0,0.001106871012598276,,
42073,Lawrence County,PA,3/19/2026 8:00,0.0010915132152149454,0.0,,
42073,Lawrence County,PA,3/19/2026 9:00,0.0012873953237431124,0.0,,
42073,Lawrence County,PA,3/19/2026 10:00,0.0014183868042891845,0.0,,
42073,Lawrence County,PA,3/19/2026 11:00,0.00145540943776723,0.0,,
42073,Lawrence County,PA,3/19/2026 12:00,0.0012991088442504406,0.0,,
42073,Lawrence County,PA,3/19/2026 13:00,0.0,0.0,,
42073,Lawrence County,PA,3/19/2026 14:00,0.0,0.0,,
42073,Lawrence County,PA,3/19/2026 15:00,0.0,0.0,,
42073,Lawrence County,PA,3/19/2026 16:00,0.0,0.0,,
42073,Lawrence County,PA,3/19/2026 17:00,0.0,0.0,,
42073,Lawrence County,PA,3/19/2026 18:00,0.0,,,
42073,Lawrence County,PA,3/19/2026 19:00,0.0,,,
42073,Lawrence County,PA,3/19/2026 20:00,0.0,,,
42073,Lawrence County,PA,3/19/2026 21:00,0.0,,,
42073,Lawrence County,PA,3/19/2026 22:00,0.0,,,
42073,Lawrence County,PA,3/19/2026 23:00,,,,
42087,Mifflin County,PA,3/14/2026 0:00,0.011283951695077121,0.004734571557492018,0.0,0.002843716833740473
42087,Mifflin County,PA,3/14/2026 1:00,0.010916604427620769,0.004220235347747802,0.0,0.00278242381173186
42087,Mifflin County,PA,3/14/2026 2:00,0.0055334510980173945,0.0031756889075040817,0.0,0.0023059500847011803
42087,Mifflin County,PA,3/14/2026 3:00,0.0,0.005047810170799494,0.0,0.0023689860943704845
42087,Mifflin County,PA,3/14/2026 4:00,0.0018207913963124156,0.004440845875069499,0.0,0.002410223809420131
42087,Mifflin County,PA,3/14/2026 5:00,0.005796558572910726,0.0035255709663033485,0.0,0.002138445494347252
42087,Mifflin County,PA,3/14/2026 6:00,0.006353156582918018,0.003503841906785965,0.0,0.0013255405065137893
42087,Mifflin County,PA,3/14/2026 7:00,0.004443101701326668,0.0019258189480751754,0.0,0.0015662153251469134
42087,Mifflin County,PA,3/14/2026 8:00,0.005318909301422536,0.0017874522600322962,0.0,0.0
42087,Mifflin County,PA,3/14/2026 9:00,0.004331158823333681,0.0,0.0,0.0
42087,Mifflin County,PA,3/14/2026 10:00,0.003813413961324841,0.0,0.0,0.0010695919132558628
42087,Mifflin County,PA,3/14/2026 11:00,0.003036241978406906,0.0,0.0,0.0
42087,Mifflin County,PA,3/14/2026 12:00,0.002646570123033598,0.0,0.0,0.0
42087,Mifflin County,PA,3/14/2026 13:00,0.0023791741696186364,0.0,0.0,0.0011896818017703482
42087,Mifflin County,PA,3/14/2026 14:00,0.0,0.0,0.0,0.0
42087,Mifflin County,PA,3/14/2026 15:00,0.0,0.0,0.0,0.0010260917741106823
42087,Mifflin County,PA,3/14/2026 16:00,0.0,0.0,0.0,0.0010612372076138853
42087,Mifflin County,PA,3/14/2026 17:00,0.0,0.0,0.0,0.001201319627580233
42087,Mifflin County,PA,3/14/2026 18:00,0.0010489282140042633,0.0,0.0,0.0015797142317751423
42087,Mifflin County,PA,3/14/2026 19:00,0.0,0.0,0.0,0.0021917294681770725
42087,Mifflin County,PA,3/14/2026 20:00,0.0,0.0,0.0,0.0024900771793909373
42087,Mifflin County,PA,3/14/2026 21:00,0.0,0.0,0.0,0.0033469033893197774
42087,Mifflin County,PA,3/14/2026 22:00,0.0,0.0,0.0,0.004688592033926397
42087,Mifflin County,PA,3/14/2026 23:00,0.0,0.0,0.0,0.0042182986158877615
42087,Mifflin County,PA,3/15/2026 0:00,0.0,0.0,0.0,0.004226750624366104
42087,Mifflin County,PA,3/15/2026 1:00,0.0010173138143727556,0.0,0.0,0.0032788086216896774
42087,Mifflin County,PA,3/15/2026 2:00,0.0,0.0,0.0,0.0028662249678745866
42087,Mifflin County,PA,3/15/2026 3:00,0.0,0.0,0.0,0.002322863135486841
42087,Mifflin County,PA,3/15/2026 4:00,0.0,0.0,0.0,0.001995858072768897
42087,Mifflin County,PA,3/15/2026 5:00,0.0,0.0,0.0,0.001710170670412481
42087,Mifflin County,PA,3/15/2026 6:00,0.0,0.0,0.0,0.0014330260106362404
42087,Mifflin County,PA,3/15/2026 7:00,0.0,0.0,0.0,0.0010888163116760552
42087,Mifflin County,PA,3/15/2026 8:00,0.0,0.0,0.0,0.0014153044088743628
42087,Mifflin County,PA,3/15/2026 9:00,0.0,0.0,0.0,0.0014493815717287362
42087,Mifflin County,PA,3/15/2026 10:00,0.0,0.0,0.0,0.0011699087801389397
42087,Mifflin County,PA,3/15/2026 11:00,0.0,0.0,0.0,0.0012034113286063077
42087,Mifflin County,PA,3/15/2026 12:00,0.0,0.0,0.0,0.0015726072480902076
42087,Mifflin County,PA,3/15/2026 13:00,0.0,0.0,0.0,0.0014130992349237204
42087,Mifflin County,PA,3/15/2026 14:00,0.0,0.0,0.0,0.0016586992598604411
42087,Mifflin County,PA,3/15/2026 15:00,0.0,0.0,0.0,0.0014547301223501563
42087,Mifflin County,PA,3/15/2026 16:00,0.0,0.0,0.0,0.0
42087,Mifflin County,PA,3/15/2026 17:00,0.0,0.0,0.0,0.0
42087,Mifflin County,PA,3/15/2026 18:00,0.0,0.0,0.0,0.0
42087,Mifflin County,PA,3/15/2026 19:00,0.0,0.0,0.0,0.0
42087,Mifflin County,PA,3/15/2026 20:00,0.0,0.0,0.0,0.0
42087,Mifflin County,PA,3/15/2026 21:00,0.0,0.0,0.0,0.0
42087,Mifflin County,PA,3/15/2026 22:00,0.0,0.0,0.0,0.0
42087,Mifflin County,PA,3/15/2026 23:00,0.0016629444289719686,0.0,0.0012622631154954435,0.0
42087,Mifflin County,PA,3/16/2026 0:00,0.0017336150085611735,0.0,0.002102653309702874,0.0
42087,Mifflin County,PA,3/16/2026 1:00,0.0017370370915159583,0.0,0.0,0.0
42087,Mifflin County,PA,3/16/2026 2:00,0.0018910477811004966,0.0,0.0,0.0
42087,Mifflin County,PA,3/16/2026 3:00,0.0017410720902262256,0.0,0.0012001050636172295,0.0
42087,Mifflin County,PA,3/16/2026 4:00,0.0012084706395398825,0.0,0.0011742379050701862,0.0
42087,Mifflin County,PA,3/16/2026 5:00,0.001467573209083639,0.0,0.0,0.0
42087,Mifflin County,PA,3/16/2026 6:00,0.001202330953674391,0.0,0.0,0.0
42087,Mifflin County,PA,3/16/2026 7:00,0.0012570598046295345,0.0,0.0,0.0
42087,Mifflin County,PA,3/16/2026 8:00,0.0017608374982955866,0.0,0.0,0.0
42087,Mifflin County,PA,3/16/2026 9:00,0.0012927106581628323,0.0011978099588304757,0.0,0.0
42087,Mifflin County,PA,3/16/2026 10:00,0.001475987839512527,0.0017391419038176536,0.0,0.0
42087,Mifflin County,PA,3/16/2026 11:00,0.0014808290579821914,0.0017232867423444985,0.0,0.0
42087,Mifflin County,PA,3/16/2026 12:00,0.0011922131525352597,0.0024891484063118696,0.0,0.0
42087,Mifflin County,PA,3/16/2026 13:00,0.0,0.002166907861828804,0.0,0.0
42087,Mifflin County,PA,3/16/2026 14:00,0.0,0.002179829403758049,0.0,0.0
42087,Mifflin County,PA,3/16/2026 15:00,0.0,0.003242883924394846,0.0,0.0
42087,Mifflin County,PA,3/16/2026 16:00,0.0011379781644791365,0.004446945711970329,0.0,0.0
42087,Mifflin County,PA,3/16/2026 17:00,0.0016601161332800984,0.005733566265553236,0.0,0.0
42087,Mifflin County,PA,3/16/2026 18:00,0.0,0.005180920381098986,0.0,0.0
42087,Mifflin County,PA,3/16/2026 19:00,0.0,0.0037759577855467795,0.0,0.0
42087,Mifflin County,PA,3/16/2026 20:00,0.0018703502137213945,0.0037439526058733463,0.0,0.0
42087,Mifflin County,PA,3/16/2026 21:00,0.0017317289020866156,0.00472007030621171,0.0,0.0
42087,Mifflin County,PA,3/16/2026 22:00,0.0051221828907728195,0.0032019643113017082,0.0,0.0
42087,Mifflin County,PA,3/16/2026 23:00,0.005735894839745015,0.004027704149484635,0.0,0.0
42087,Mifflin County,PA,3/17/2026 0:00,0.0029930046293884516,0.004721282375976443,0.0,0.0
42087,Mifflin County,PA,3/17/2026 1:00,0.0036946613108739257,0.003777721291407943,0.0,0.0
42087,Mifflin County,PA,3/17/2026 2:00,0.0034671344328671694,0.00338416863232851,0.0,0.0
42087,Mifflin County,PA,3/17/2026 3:00,0.002946726861409843,0.002443056384800002,0.0,0.0
42087,Mifflin County,PA,3/17/2026 4:00,0.002354914788156748,0.0022841506171971558,0.0,0.0
42087,Mifflin County,PA,3/17/2026 5:00,0.0013259758707135916,0.0017289390321820973,0.0,0.0
42087,Mifflin County,PA,3/17/2026 6:00,0.0018513142131268978,0.0015367950778454541,0.0,0.0
42087,Mifflin County,PA,3/17/2026 7:00,0.0012986925430595875,0.0,0.0,0.0
42087,Mifflin County,PA,3/17/2026 8:00,0.0,0.0,0.0,0.0
42087,Mifflin County,PA,3/17/2026 9:00,0.0,0.0,0.0,0.0
42087,Mifflin County,PA,3/17/2026 10:00,0.0,0.0,0.0,0.0
42087,Mifflin County,PA,3/17/2026 11:00,0.0,0.0,0.0,0.0
42087,Mifflin County,PA,3/17/2026 12:00,0.0,0.0,0.0,0.0
42087,Mifflin County,PA,3/17/2026 13:00,0.0,0.0,0.0,0.0
42087,Mifflin County,PA,3/17/2026 14:00,0.0,0.0,0.0,0.0
42087,Mifflin County,PA,3/17/2026 15:00,0.0,0.0,0.0,0.0
42087,Mifflin County,PA,3/17/2026 16:00,0.0,0.0,0.0,0.0
42087,Mifflin County,PA,3/17/2026 17:00,0.0,0.0,0.0,0.0
42087,Mifflin County,PA,3/17/2026 18:00,0.0,0.0,0.0,0.0
42087,Mifflin County,PA,3/17/2026 19:00,0.0,0.0,0.0,0.0
42087,Mifflin County,PA,3/17/2026 20:00,0.0,0.0,0.0,0.0
42087,Mifflin County,PA,3/17/2026 21:00,0.0,0.0,0.0,0.0
42087,Mifflin County,PA,3/17/2026 22:00,0.0,0.0,0.0,0.0
42087,Mifflin County,PA,3/17/2026 23:00,0.0,0.0,0.0,0.0
42087,Mifflin County,PA,3/18/2026 0:00,0.0,0.0,0.0,
42087,Mifflin County,PA,3/18/2026 1:00,0.0,0.0,0.0,
42087,Mifflin County,PA,3/18/2026 2:00,0.0,0.0,0.0,
42087,Mifflin County,PA,3/18/2026 3:00,0.0,0.0,0.0,
42087,Mifflin County,PA,3/18/2026 4:00,0.0,0.0,0.0,
42087,Mifflin County,PA,3/18/2026 5:00,0.0,0.0,0.0,
42087,Mifflin County,PA,3/18/2026 6:00,0.0,0.0,0.0,
42087,Mifflin County,PA,3/18/2026 7:00,0.0,0.0,0.0,
42087,Mifflin County,PA,3/18/2026 8:00,0.0,0.0,0.0,
42087,Mifflin County,PA,3/18/2026 9:00,0.0,0.0,0.0,
42087,Mifflin County,PA,3/18/2026 10:00,0.0,0.0,0.0,
42087,Mifflin County,PA,3/18/2026 11:00,0.0,0.0,0.0,
42087,Mifflin County,PA,3/18/2026 12:00,0.0,0.0,0.0,
42087,Mifflin County,PA,3/18/2026 13:00,0.0,0.0,0.0,
42087,Mifflin County,PA,3/18/2026 14:00,0.0,0.0,0.0,
42087,Mifflin County,PA,3/18/2026 15:00,0.0,0.0,0.0,
42087,Mifflin County,PA,3/18/2026 16:00,0.0,0.0,0.0,
42087,Mifflin County,PA,3/18/2026 17:00,0.0,0.0,0.0,
42087,Mifflin County,PA,3/18/2026 18:00,0.0,0.0,0.0,
42087,Mifflin County,PA,3/18/2026 19:00,0.0,0.0,0.0,
42087,Mifflin County,PA,3/18/2026 20:00,0.0,0.0,0.0,
42087,Mifflin County,PA,3/18/2026 21:00,0.0,0.0,0.0,
42087,Mifflin County,PA,3/18/2026 22:00,0.0,0.0,0.0,
42087,Mifflin County,PA,3/18/2026 23:00,0.0,0.0,0.0,
42087,Mifflin County,PA,3/19/2026 0:00,0.0,0.0,,
42087,Mifflin County,PA,3/19/2026 1:00,0.0,0.0,,
42087,Mifflin County,PA,3/19/2026 2:00,0.0,0.0,,
42087,Mifflin County,PA,3/19/2026 3:00,0.0,0.0,,
42087,Mifflin County,PA,3/19/2026 4:00,0.0,0.0,,
42087,Mifflin County,PA,3/19/2026 5:00,0.0,0.0,,
42087,Mifflin County,PA,3/19/2026 6:00,0.0,0.0,,
42087,Mifflin County,PA,3/19/2026 7:00,0.0,0.0,,
42087,Mifflin County,PA,3/19/2026 8:00,0.0,0.0,,
42087,Mifflin County,PA,3/19/2026 9:00,0.0,0.0,,
42087,Mifflin County,PA,3/19/2026 10:00,0.0,0.0,,
42087,Mifflin County,PA,3/19/2026 11:00,0.0,0.0,,
42087,Mifflin County,PA,3/19/2026 12:00,0.0,0.0,,
42087,Mifflin County,PA,3/19/2026 13:00,0.0,0.0,,
42087,Mifflin County,PA,3/19/2026 14:00,0.0,0.0,,
42087,Mifflin County,PA,3/19/2026 15:00,0.0,0.0,,
42087,Mifflin County,PA,3/19/2026 16:00,0.0,0.0,,
42087,Mifflin County,PA,3/19/2026 17:00,0.0,0.0,,
42087,Mifflin County,PA,3/19/2026 18:00,0.0,,,
42087,Mifflin County,PA,3/19/2026 19:00,0.0,,,
42087,Mifflin County,PA,3/19/2026 20:00,0.0,,,
42087,Mifflin County,PA,3/19/2026 21:00,0.0,,,
42087,Mifflin County,PA,3/19/2026 22:00,0.0,,,
42087,Mifflin County,PA,3/19/2026 23:00,,,,
42093,Montour County,PA,3/14/2026 0:00,0.0,0.00132173637393862,0.0022378538313205356,0.002102253397606546
42093,Montour County,PA,3/14/2026 1:00,0.0,0.0019777416076976807,0.002002655128308106,0.0019908275484340266
42093,Montour County,PA,3/14/2026 2:00,0.0,0.0037117188097909094,0.0014688293429571786,0.001636337483068928
42093,Montour County,PA,3/14/2026 3:00,0.0,0.007698950357735157,0.0016179068843484856,0.0011867519468069078
42093,Montour County,PA,3/14/2026 4:00,0.0,0.005837895825970918,0.0016298424558044643,0.0
42093,Montour County,PA,3/14/2026 5:00,0.0,0.006571957468986511,0.0011870204485603607,0.0
42093,Montour County,PA,3/14/2026 6:00,0.0022142609814181924,0.00621268879622221,0.0013960129741462878,0.0
42093,Montour County,PA,3/14/2026 7:00,0.0038764176424592733,0.003170890174806118,0.0012840574607253074,0.0
42093,Montour County,PA,3/14/2026 8:00,0.007347324630245566,0.0023322442546486856,0.0011409624061343494,0.0
42093,Montour County,PA,3/14/2026 9:00,0.007493945653550327,0.0027020194102078676,0.0018245648108859314,0.0
42093,Montour County,PA,3/14/2026 10:00,0.006638042803388089,0.0016118483617901802,0.0016096192470286042,0.0
42093,Montour County,PA,3/14/2026 11:00,0.00757084833458066,0.001818695105612278,0.001608755491906777,0.0
42093,Montour County,PA,3/14/2026 12:00,0.007348222890868783,0.0,0.0,0.0
42093,Montour County,PA,3/14/2026 13:00,0.001617978559806943,0.0,0.0,0.0
42093,Montour County,PA,3/14/2026 14:00,0.0016785519837867469,0.0,0.0,0.0
42093,Montour County,PA,3/14/2026 15:00,0.0,0.0,0.0,0.0
42093,Montour County,PA,3/14/2026 16:00,0.0,0.0,0.0,0.0
42093,Montour County,PA,3/14/2026 17:00,0.0,0.0,0.0,0.0
42093,Montour County,PA,3/14/2026 18:00,0.0,0.0,0.0,0.0
42093,Montour County,PA,3/14/2026 19:00,0.0,0.0,0.0,0.0
42093,Montour County,PA,3/14/2026 20:00,0.0,0.0,0.0,0.0
42093,Montour County,PA,3/14/2026 21:00,0.0,0.0,0.0,0.0013999603397678584
42093,Montour County,PA,3/14/2026 22:00,0.0,0.0,0.0,0.0019259251188486815
42093,Montour County,PA,3/14/2026 23:00,0.0,0.0,0.0,0.003633920208085328
42093,Montour County,PA,3/15/2026 0:00,0.0,0.0,0.0,0.003851902310270816
42093,Montour County,PA,3/15/2026 1:00,0.0,0.0,0.0,0.004113629180938006
42093,Montour County,PA,3/15/2026 2:00,0.0,0.0,0.0,0.0030777741689234973
42093,Montour County,PA,3/15/2026 3:00,0.0,0.0,0.0016221678350120782,0.002548893063794822
42093,Montour County,PA,3/15/2026 4:00,0.0,0.0,0.001174516772152856,0.0018962499336339534
42093,Montour County,PA,3/15/2026 5:00,0.0,0.0,0.0,0.0018639102345332503
42093,Montour County,PA,3/15/2026 6:00,0.0,0.0,0.0,0.0018770289840176703
42093,Montour County,PA,3/15/2026 7:00,0.0,0.0,0.0,0.0018060264177620412
42093,Montour County,PA,3/15/2026 8:00,0.0,0.0,0.0,0.0021333555574528876
42093,Montour County,PA,3/15/2026 9:00,0.0,0.0,0.0,0.0019246471580117942
42093,Montour County,PA,3/15/2026 10:00,0.0,0.0,0.0017129481653682887,0.001562041253782809
42093,Montour County,PA,3/15/2026 11:00,0.0,0.0,0.0,0.0
42093,Montour County,PA,3/15/2026 12:00,0.0,0.0,0.0,0.0
42093,Montour County,PA,3/15/2026 13:00,0.0,0.0,0.0,0.0
42093,Montour County,PA,3/15/2026 14:00,0.0,0.0,0.0,0.0
42093,Montour County,PA,3/15/2026 15:00,0.0,0.0,0.0,0.0
42093,Montour County,PA,3/15/2026 16:00,0.0,0.0,0.0,0.0
42093,Montour County,PA,3/15/2026 17:00,0.0,0.0,0.0,0.0
42093,Montour County,PA,3/15/2026 18:00,0.0,0.0,0.0,0.0
42093,Montour County,PA,3/15/2026 19:00,0.0,0.0,0.0035011877305805685,0.0
42093,Montour County,PA,3/15/2026 20:00,0.0,0.0010568271769443526,0.006662741350010037,0.0
42093,Montour County,PA,3/15/2026 21:00,0.0,0.0,0.008630134584382176,0.0
42093,Montour County,PA,3/15/2026 22:00,0.0,0.0,0.016235264111310245,0.0
42093,Montour County,PA,3/15/2026 23:00,0.0,0.0,0.018566857604309914,0.0
42093,Montour County,PA,3/16/2026 0:00,0.0,0.0,0.013877447787672281,0.0
42093,Montour County,PA,3/16/2026 1:00,0.0015399366384372115,0.0,0.011206212360411881,0.0
42093,Montour County,PA,3/16/2026 2:00,0.0,0.0,0.00921599231660366,0.0
42093,Montour County,PA,3/16/2026 3:00,0.0,0.0,0.007638522842898965,0.0
42093,Montour County,PA,3/16/2026 4:00,0.0,0.0012405398767441512,0.005655026086606086,0.0
42093,Montour County,PA,3/16/2026 5:00,0.0,0.0011206498194951565,0.0030042608210351317,0.0
42093,Montour County,PA,3/16/2026 6:00,0.0,0.0,0.002608389531087596,0.0
42093,Montour County,PA,3/16/2026 7:00,0.0,0.0,0.002842714448343031,0.0
42093,Montour County,PA,3/16/2026 8:00,0.0,0.0,0.004107315884903073,0.0
42093,Montour County,PA,3/16/2026 9:00,0.001311453219386749,0.0,0.004744509235024452,0.0
42093,Montour County,PA,3/16/2026 10:00,0.001168849841633346,0.0,0.004111379571259021,0.0
42093,Montour County,PA,3/16/2026 11:00,0.0,0.0,0.004053222294896841,0.0
42093,Montour County,PA,3/16/2026 12:00,0.0,0.0,0.002377789933234453,0.0
42093,Montour County,PA,3/16/2026 13:00,0.0,0.0012417613063007594,0.0021143847610801455,0.0
42093,Montour County,PA,3/16/2026 14:00,0.0,0.0022591301705688236,0.002686376147903502,0.0
42093,Montour County,PA,3/16/2026 15:00,0.0,0.002607531100511551,0.001497861137613654,0.0
42093,Montour County,PA,3/16/2026 16:00,0.0,0.0027519176248461006,0.002054761257022619,0.0
42093,Montour County,PA,3/16/2026 17:00,0.0,0.0026886483188718556,0.0010709154186770318,0.0
42093,Montour County,PA,3/16/2026 18:00,0.0013063652295386419,0.0029212087392807007,0.0,0.0
42093,Montour County,PA,3/16/2026 19:00,0.002190986357163638,0.0029096891172230243,0.0,0.0
42093,Montour County,PA,3/16/2026 20:00,0.002438874449580908,0.002825297927483916,0.0,0.0
42093,Montour County,PA,3/16/2026 21:00,0.002710470638703555,0.00186374899931252,0.0,0.0
42093,Montour County,PA,3/16/2026 22:00,0.004385442414786667,0.0013379068579524754,0.0,0.0
42093,Montour County,PA,3/16/2026 23:00,0.003017438401002437,0.0012273111147806048,0.0,0.0
42093,Montour County,PA,3/17/2026 0:00,0.004336148711445276,0.0019187779165804387,0.0,0.0
42093,Montour County,PA,3/17/2026 1:00,0.0037206643073659507,0.0016332764003891497,0.0,0.0
42093,Montour County,PA,3/17/2026 2:00,0.0025536035773257026,0.0011210545431822538,0.0,0.0
42093,Montour County,PA,3/17/2026 3:00,0.0029320945031940937,0.0018478813115507364,0.0,0.0
42093,Montour County,PA,3/17/2026 4:00,0.00294136896263808,0.0011537804850377143,0.0,0.0
42093,Montour County,PA,3/17/2026 5:00,0.003204990876838565,0.0011381840333342553,0.0,0.0
42093,Montour County,PA,3/17/2026 6:00,0.0022349906503222883,0.0,0.0,0.0
42093,Montour County,PA,3/17/2026 7:00,0.0,0.0,0.0,0.0
42093,Montour County,PA,3/17/2026 8:00,0.001399384913383983,0.0,0.0,0.0
42093,Montour County,PA,3/17/2026 9:00,0.0014326902310131118,0.0,0.0,0.0
42093,Montour County,PA,3/17/2026 10:00,0.0019931492279283702,0.0,0.0,0.0
42093,Montour County,PA,3/17/2026 11:00,0.0012550429964903742,0.0,0.0,0.0
42093,Montour County,PA,3/17/2026 12:00,0.0,0.0,0.0,0.0
42093,Montour County,PA,3/17/2026 13:00,0.0,0.0,0.0,0.0
42093,Montour County,PA,3/17/2026 14:00,0.0,0.0,0.0,0.0
42093,Montour County,PA,3/17/2026 15:00,0.0,0.0,0.0,0.0
42093,Montour County,PA,3/17/2026 16:00,0.0,0.0,0.0,0.0
42093,Montour County,PA,3/17/2026 17:00,0.0,0.0,0.0,0.0
42093,Montour County,PA,3/17/2026 18:00,0.0,0.0,0.0,0.0
42093,Montour County,PA,3/17/2026 19:00,0.0,0.0,0.0,0.0
42093,Montour County,PA,3/17/2026 20:00,0.0,0.0,0.0,0.0
42093,Montour County,PA,3/17/2026 21:00,0.0,0.0,0.0,0.0
42093,Montour County,PA,3/17/2026 22:00,0.0,0.0,0.0,0.0
42093,Montour County,PA,3/17/2026 23:00,0.0,0.0,0.0,0.0
42093,Montour County,PA,3/18/2026 0:00,0.0,0.0,0.0,
42093,Montour County,PA,3/18/2026 1:00,0.0,0.0,0.0,
42093,Montour County,PA,3/18/2026 2:00,0.0,0.0,0.0,
42093,Montour County,PA,3/18/2026 3:00,0.0,0.0,0.0,
42093,Montour County,PA,3/18/2026 4:00,0.0,0.0,0.0,
42093,Montour County,PA,3/18/2026 5:00,0.0,0.0,0.0,
42093,Montour County,PA,3/18/2026 6:00,0.0,0.0,0.0,
42093,Montour County,PA,3/18/2026 7:00,0.0,0.0,0.0,
42093,Montour County,PA,3/18/2026 8:00,0.0,0.0,0.0,
42093,Montour County,PA,3/18/2026 9:00,0.0,0.0,0.0,
42093,Montour County,PA,3/18/2026 10:00,0.0,0.0,0.0,
42093,Montour County,PA,3/18/2026 11:00,0.0,0.0,0.0,
42093,Montour County,PA,3/18/2026 12:00,0.0,0.0,0.0,
42093,Montour County,PA,3/18/2026 13:00,0.0,0.0,0.0,
42093,Montour County,PA,3/18/2026 14:00,0.0,0.0,0.0,
42093,Montour County,PA,3/18/2026 15:00,0.0,0.0,0.0,
42093,Montour County,PA,3/18/2026 16:00,0.0,0.0,0.0,
42093,Montour County,PA,3/18/2026 17:00,0.0,0.0,0.0,
42093,Montour County,PA,3/18/2026 18:00,0.0,0.0,0.0,
42093,Montour County,PA,3/18/2026 19:00,0.0,0.0,0.0,
42093,Montour County,PA,3/18/2026 20:00,0.0,0.0,0.0,
42093,Montour County,PA,3/18/2026 21:00,0.0,0.0,0.0,
42093,Montour County,PA,3/18/2026 22:00,0.0,0.0,0.0,
42093,Montour County,PA,3/18/2026 23:00,0.0,0.0,0.0,
42093,Montour County,PA,3/19/2026 0:00,0.0,0.0,,
42093,Montour County,PA,3/19/2026 1:00,0.0,0.0,,
42093,Montour County,PA,3/19/2026 2:00,0.0,0.0,,
42093,Montour County,PA,3/19/2026 3:00,0.0,0.0,,
42093,Montour County,PA,3/19/2026 4:00,0.0,0.0,,
42093,Montour County,PA,3/19/2026 5:00,0.0,0.0,,
42093,Montour County,PA,3/19/2026 6:00,0.0,0.0,,
42093,Montour County,PA,3/19/2026 7:00,0.0,0.0,,
42093,Montour County,PA,3/19/2026 8:00,0.0,0.0,,
42093,Montour County,PA,3/19/2026 9:00,0.0,0.0,,
42093,Montour County,PA,3/19/2026 10:00,0.0,0.0,,
42093,Montour County,PA,3/19/2026 11:00,0.0,0.0,,
42093,Montour County,PA,3/19/2026 12:00,0.0,0.0,,
42093,Montour County,PA,3/19/2026 13:00,0.0,0.0,,
42093,Montour County,PA,3/19/2026 14:00,0.0,0.0,,
42093,Montour County,PA,3/19/2026 15:00,0.0,0.0,,
42093,Montour County,PA,3/19/2026 16:00,0.0,0.0,,
42093,Montour County,PA,3/19/2026 17:00,0.0,0.0,,
42093,Montour County,PA,3/19/2026 18:00,0.0,,,
42093,Montour County,PA,3/19/2026 19:00,0.0,,,
42093,Montour County,PA,3/19/2026 20:00,0.0,,,
42093,Montour County,PA,3/19/2026 21:00,0.0,,,
42093,Montour County,PA,3/19/2026 22:00,0.0,,,
42093,Montour County,PA,3/19/2026 23:00,,,,
42099,Perry County,PA,3/14/2026 0:00,0.001339660884696059,0.003769527142867446,0.0,0.0
42099,Perry County,PA,3/14/2026 1:00,0.0013614281779155135,0.0033868591766804458,0.0,0.0
42099,Perry County,PA,3/14/2026 2:00,0.0016940541099756956,0.0016877178568392992,0.0,0.0
42099,Perry County,PA,3/14/2026 3:00,0.0012077580904588103,0.004032029840163887,0.0,0.0
42099,Perry County,PA,3/14/2026 4:00,0.001519280020147562,0.0031635148683562876,0.0,0.0
42099,Perry County,PA,3/14/2026 5:00,0.004765050718560815,0.0016519535682164132,0.0,0.0
42099,Perry County,PA,3/14/2026 6:00,0.005501395324245095,0.0013595963246189058,0.0,0.0
42099,Perry County,PA,3/14/2026 7:00,0.0028143818490207195,0.0012081958586350084,0.0,0.0
42099,Perry County,PA,3/14/2026 8:00,0.0038453779998235404,0.001410455402219668,0.0,0.0
42099,Perry County,PA,3/14/2026 9:00,0.0028387495258357376,0.0012305018346523866,0.0,0.0
42099,Perry County,PA,3/14/2026 10:00,0.0015615949378116056,0.001338724826928228,0.0,0.0
42099,Perry County,PA,3/14/2026 11:00,0.0010263306321576238,0.0014372524223290385,0.0,0.0
42099,Perry County,PA,3/14/2026 12:00,0.0011163216695422307,0.001349312550155446,0.0,0.0
42099,Perry County,PA,3/14/2026 13:00,0.0012093920668121427,0.00115921912365593,0.0,0.0
42099,Perry County,PA,3/14/2026 14:00,0.0010776121052913368,0.0,0.0,0.0
42099,Perry County,PA,3/14/2026 15:00,0.0011986458193860017,0.0,0.0,0.0
42099,Perry County,PA,3/14/2026 16:00,0.00134900798821036,0.0,0.0,0.0
42099,Perry County,PA,3/14/2026 17:00,0.0016203915583901107,0.0,0.0,0.0
42099,Perry County,PA,3/14/2026 18:00,0.001374877436319366,0.0,0.0,0.0
42099,Perry County,PA,3/14/2026 19:00,0.0,0.0011065847909776493,0.0,0.0
42099,Perry County,PA,3/14/2026 20:00,0.0,0.0,0.0,0.0025625307491282
42099,Perry County,PA,3/14/2026 21:00,0.0,0.0,0.0,0.002957227781007532
42099,Perry County,PA,3/14/2026 22:00,0.0,0.0,0.0,0.0033880536764627324
42099,Perry County,PA,3/14/2026 23:00,0.0,0.0,0.0,0.0036839144275290893
42099,Perry County,PA,3/15/2026 0:00,0.001331825100351125,0.0,0.0,0.003345288491982501
42099,Perry County,PA,3/15/2026 1:00,0.0,0.0,0.0,0.0030618141463492066
42099,Perry County,PA,3/15/2026 2:00,0.0,0.0,0.0,0.002539926313329488
42099,Perry County,PA,3/15/2026 3:00,0.0,0.0,0.0,0.0016425247420556845
42099,Perry County,PA,3/15/2026 4:00,0.0,0.0,0.0,0.0017813521961215885
42099,Perry County,PA,3/15/2026 5:00,0.0,0.0,0.0,0.001450314756948501
42099,Perry County,PA,3/15/2026 6:00,0.0,0.0,0.0,0.0011641340184723958
42099,Perry County,PA,3/15/2026 7:00,0.0,0.0,0.0,0.0017441643140045926
42099,Perry County,PA,3/15/2026 8:00,0.0,0.0,0.0,0.0014955330756492914
42099,Perry County,PA,3/15/2026 9:00,0.0,0.0,0.0,0.0019205760734621435
42099,Perry County,PA,3/15/2026 10:00,0.0,0.0,0.0,0.0018091245226969476
42099,Perry County,PA,3/15/2026 11:00,0.0,0.0,0.0,0.0016182225663214922
42099,Perry County,PA,3/15/2026 12:00,0.0,0.0,0.0,0.0017413625806511845
42099,Perry County,PA,3/15/2026 13:00,0.0,0.0,0.0,0.0017387112178766984
42099,Perry County,PA,3/15/2026 14:00,0.0,0.0,0.0,0.001868824516714085
42099,Perry County,PA,3/15/2026 15:00,0.0,0.0,0.0,0.00146107042710355
42099,Perry County,PA,3/15/2026 16:00,0.0,0.0,0.0,0.0
42099,Perry County,PA,3/15/2026 17:00,0.0,0.0,0.0,0.0
42099,Perry County,PA,3/15/2026 18:00,0.0,0.0,0.0013544014014769345,0.0
42099,Perry County,PA,3/15/2026 19:00,0.0,0.0,0.0025130784953944383,0.0
42099,Perry County,PA,3/15/2026 20:00,0.0,0.0,0.00486388016724959,0.0
42099,Perry County,PA,3/15/2026 21:00,0.0,0.0,0.003696746239438653,0.0
42099,Perry County,PA,3/15/2026 22:00,0.0,0.0,0.005172221479006112,0.0
42099,Perry County,PA,3/15/2026 23:00,0.0,0.0,0.0051196487853303555,0.0
42099,Perry County,PA,3/16/2026 0:00,0.0,0.0,0.004939818498678505,0.0
42099,Perry County,PA,3/16/2026 1:00,0.0,0.0,0.004187352675944567,0.0
42099,Perry County,PA,3/16/2026 2:00,0.0,0.0,0.0037925180280581118,0.0
42099,Perry County,PA,3/16/2026 3:00,0.0,0.0,0.003360633703414351,0.0
42099,Perry County,PA,3/16/2026 4:00,0.0,0.0,0.00323658719426021,0.0
42099,Perry County,PA,3/16/2026 5:00,0.0,0.0,0.002959134301636368,0.0
42099,Perry County,PA,3/16/2026 6:00,0.0,0.0,0.0024201506050303577,0.0
42099,Perry County,PA,3/16/2026 7:00,0.0,0.0,0.0020580050768330693,0.0
42099,Perry County,PA,3/16/2026 8:00,0.0,0.0,0.0015502029680646958,0.0
42099,Perry County,PA,3/16/2026 9:00,0.0,0.0,0.0015469904290512206,0.0
42099,Perry County,PA,3/16/2026 10:00,0.0,0.0,0.0012166078318841755,0.0
42099,Perry County,PA,3/16/2026 11:00,0.0,0.0,0.0012788138701580465,0.0
42099,Perry County,PA,3/16/2026 12:00,0.0,0.0,0.0016578834853135048,0.0
42099,Perry County,PA,3/16/2026 13:00,0.0,0.002174126263707876,0.0,0.0
42099,Perry County,PA,3/16/2026 14:00,0.0,0.0037070840829983354,0.0011354775284416973,0.0
42099,Perry County,PA,3/16/2026 15:00,0.0,0.0036065580788999796,0.001425839371222537,0.0
42099,Perry County,PA,3/16/2026 16:00,0.0,0.004514435632154345,0.0014333182745758677,0.0
42099,Perry County,PA,3/16/2026 17:00,0.0010743305028881878,0.006446830090135336,0.0014822722004282697,0.0
42099,Perry County,PA,3/16/2026 18:00,0.0018169055692851543,0.0060265566222369674,0.0019702215911820533,0.0
42099,Perry County,PA,3/16/2026 19:00,0.003235722135286778,0.004687668476253748,0.0,0.0
42099,Perry County,PA,3/16/2026 20:00,0.0032996408990584314,0.003659402672201395,0.0,0.0
42099,Perry County,PA,3/16/2026 21:00,0.002505881479009986,0.002151715802028775,0.0,0.0
42099,Perry County,PA,3/16/2026 22:00,0.006236314598936588,0.0031555593013763428,0.0,0.0
42099,Perry County,PA,3/16/2026 23:00,0.005692574777640402,0.0026459859684109686,0.0,0.0
42099,Perry County,PA,3/17/2026 0:00,0.004612410382833332,0.0016283368226140736,0.0,0.0
42099,Perry County,PA,3/17/2026 1:00,0.0036852871417067945,0.0021381166763603686,0.0,0.0
42099,Perry County,PA,3/17/2026 2:00,0.0019176191417500377,0.0017844752874225378,0.0,0.0
42099,Perry County,PA,3/17/2026 3:00,0.0030306722037494183,0.0017959871795028449,0.0,0.0
42099,Perry County,PA,3/17/2026 4:00,0.003391234145965427,0.001498679700307548,0.0,0.0
42099,Perry County,PA,3/17/2026 5:00,0.0012023609597235918,0.0012276725145056843,0.0,0.0
42099,Perry County,PA,3/17/2026 6:00,0.0010626858565956354,0.0,0.0,0.0
42099,Perry County,PA,3/17/2026 7:00,0.0,0.0,0.0,0.0
42099,Perry County,PA,3/17/2026 8:00,0.0,0.0011012578615918756,0.0,0.0
42099,Perry County,PA,3/17/2026 9:00,0.0,0.0010164477513171732,0.0,0.0
42099,Perry County,PA,3/17/2026 10:00,0.0,0.0,0.0,0.0
42099,Perry County,PA,3/17/2026 11:00,0.0,0.0,0.0,0.0
42099,Perry County,PA,3/17/2026 12:00,0.0,0.0,0.0,0.0
42099,Perry County,PA,3/17/2026 13:00,0.0,0.0,0.0,0.0
42099,Perry County,PA,3/17/2026 14:00,0.0,0.0,0.0,0.0
42099,Perry County,PA,3/17/2026 15:00,0.0,0.0,0.0,0.0
42099,Perry County,PA,3/17/2026 16:00,0.0,0.0,0.0,0.0
42099,Perry County,PA,3/17/2026 17:00,0.0,0.0,0.0,0.0
42099,Perry County,PA,3/17/2026 18:00,0.0,0.0,0.0,0.0
42099,Perry County,PA,3/17/2026 19:00,0.0,0.0,0.0,0.0
42099,Perry County,PA,3/17/2026 20:00,0.0,0.0,0.0,0.0
42099,Perry County,PA,3/17/2026 21:00,0.0,0.0,0.0,0.0
42099,Perry County,PA,3/17/2026 22:00,0.0,0.0,0.0,0.0
42099,Perry County,PA,3/17/2026 23:00,0.0,0.0,0.0,0.0
42099,Perry County,PA,3/18/2026 0:00,0.0,0.0,0.0,
42099,Perry County,PA,3/18/2026 1:00,0.0,0.0,0.0,
42099,Perry County,PA,3/18/2026 2:00,0.0,0.0,0.0,
42099,Perry County,PA,3/18/2026 3:00,0.0,0.0,0.0,
42099,Perry County,PA,3/18/2026 4:00,0.0,0.0,0.0,
42099,Perry County,PA,3/18/2026 5:00,0.0,0.0,0.0,
42099,Perry County,PA,3/18/2026 6:00,0.0,0.0,0.0,
42099,Perry County,PA,3/18/2026 7:00,0.0,0.0,0.0,
42099,Perry County,PA,3/18/2026 8:00,0.0,0.0,0.0,
42099,Perry County,PA,3/18/2026 9:00,0.0,0.0,0.0,
42099,Perry County,PA,3/18/2026 10:00,0.0,0.0,0.0,
42099,Perry County,PA,3/18/2026 11:00,0.0,0.0,0.0,
42099,Perry County,PA,3/18/2026 12:00,0.0,0.0,0.0,
42099,Perry County,PA,3/18/2026 13:00,0.0,0.0,0.0,
42099,Perry County,PA,3/18/2026 14:00,0.0,0.0,0.0,
42099,Perry County,PA,3/18/2026 15:00,0.0,0.0,0.0,
42099,Perry County,PA,3/18/2026 16:00,0.0,0.0,0.0,
42099,Perry County,PA,3/18/2026 17:00,0.0,0.0,0.0,
42099,Perry County,PA,3/18/2026 18:00,0.0,0.0,0.0,
42099,Perry County,PA,3/18/2026 19:00,0.0,0.0,0.0,
42099,Perry County,PA,3/18/2026 20:00,0.0,0.0,0.0,
42099,Perry County,PA,3/18/2026 21:00,0.0,0.0,0.0,
42099,Perry County,PA,3/18/2026 22:00,0.0,0.0,0.0,
42099,Perry County,PA,3/18/2026 23:00,0.0,0.0,0.0,
42099,Perry County,PA,3/19/2026 0:00,0.0,0.0,,
42099,Perry County,PA,3/19/2026 1:00,0.0,0.0,,
42099,Perry County,PA,3/19/2026 2:00,0.0,0.0,,
42099,Perry County,PA,3/19/2026 3:00,0.0,0.0,,
42099,Perry County,PA,3/19/2026 4:00,0.0,0.0,,
42099,Perry County,PA,3/19/2026 5:00,0.0,0.0,,
42099,Perry County,PA,3/19/2026 6:00,0.0,0.0,,
42099,Perry County,PA,3/19/2026 7:00,0.0,0.0,,
42099,Perry County,PA,3/19/2026 8:00,0.0,0.0,,
42099,Perry County,PA,3/19/2026 9:00,0.0,0.0,,
42099,Perry County,PA,3/19/2026 10:00,0.0,0.0,,
42099,Perry County,PA,3/19/2026 11:00,0.0,0.0,,
42099,Perry County,PA,3/19/2026 12:00,0.0,0.0,,
42099,Perry County,PA,3/19/2026 13:00,0.0,0.0,,
42099,Perry County,PA,3/19/2026 14:00,0.0,0.0,,
42099,Perry County,PA,3/19/2026 15:00,0.0,0.0,,
42099,Perry County,PA,3/19/2026 16:00,0.0,0.0,,
42099,Perry County,PA,3/19/2026 17:00,0.0,0.0,,
42099,Perry County,PA,3/19/2026 18:00,0.0,,,
42099,Perry County,PA,3/19/2026 19:00,0.0,,,
42099,Perry County,PA,3/19/2026 20:00,0.0,,,
42099,Perry County,PA,3/19/2026 21:00,0.0,,,
42099,Perry County,PA,3/19/2026 22:00,0.0,,,
42099,Perry County,PA,3/19/2026 23:00,,,,
42105,Potter County,PA,3/14/2026 0:00,0.001584104960784316,0.01205549817532301,0.0,0.007308384496718645
42105,Potter County,PA,3/14/2026 1:00,0.0024654469452798367,0.008669822569936514,0.0,0.006672264193184674
42105,Potter County,PA,3/14/2026 2:00,0.008931032847613096,0.009160663932561874,0.0,0.006933349184691906
42105,Potter County,PA,3/14/2026 3:00,0.008204943966120481,0.010907932557165623,0.0,0.006591403763741255
42105,Potter County,PA,3/14/2026 4:00,0.010366797439928632,0.004682435840368271,0.0,0.006280577194411307
42105,Potter County,PA,3/14/2026 5:00,0.01326523843454197,0.004589325468987227,0.0,0.006369898046250455
42105,Potter County,PA,3/14/2026 6:00,0.0077411632519215345,0.0037563418969511985,0.0,0.004388140165247023
42105,Potter County,PA,3/14/2026 7:00,0.009133874787949026,0.0016691348981112241,0.0,0.004127633827738464
42105,Potter County,PA,3/14/2026 8:00,0.01411152130458504,0.0010134648298844695,0.0,0.003991196793504059
42105,Potter County,PA,3/14/2026 9:00,0.006303933943854645,0.001769191399216652,0.0,0.0038669079309329394
42105,Potter County,PA,3/14/2026 10:00,0.00553919565572869,0.0012226360966451466,0.0,0.0035850561922416094
42105,Potter County,PA,3/14/2026 11:00,0.004739557160064578,0.0,0.002619197708554566,0.004347586072981358
42105,Potter County,PA,3/14/2026 12:00,0.002543565526138991,0.0,0.0022646502766292542,0.0040633892873302106
42105,Potter County,PA,3/14/2026 13:00,0.0018859893316403031,0.0,0.004726429842412472,0.0034537352388724686
42105,Potter County,PA,3/14/2026 14:00,0.0018005436431849375,0.0,0.006266017444431782,0.0030916887102648617
42105,Potter County,PA,3/14/2026 15:00,0.0013059999037068337,0.0,0.008066284994129092,0.0029721956234425306
42105,Potter County,PA,3/14/2026 16:00,0.0,0.0014107742579653859,0.009913382306694984,0.002563728531822562
42105,Potter County,PA,3/14/2026 17:00,0.0,0.002126683108508587,0.013886316993739456,0.0019964341074228285
42105,Potter County,PA,3/14/2026 18:00,0.0,0.0019317736616358161,0.01567960193497129,0.002663983451202512
42105,Potter County,PA,3/14/2026 19:00,0.0,0.0015225958020891994,0.011566577362827957,0.002651258278638125
42105,Potter County,PA,3/14/2026 20:00,0.0,0.001333784127200488,0.010395529749803244,0.002146813040599227
42105,Potter County,PA,3/14/2026 21:00,0.0,0.002054724027402699,0.01432493703905493,0.0020657452056184415
42105,Potter County,PA,3/14/2026 22:00,0.001500214944826439,0.0021291877899784597,0.013660965696908533,0.0029418767197057607
42105,Potter County,PA,3/14/2026 23:00,0.0016277096001431346,0.0019125480816001073,0.01357179555343464,0.004786932305432856
42105,Potter County,PA,3/15/2026 0:00,0.0015435788191098254,0.0016146743553690612,0.01275651982286945,0.0053730915067717435
42105,Potter County,PA,3/15/2026 1:00,0.0011493767815409228,0.0014335578889586031,0.012642463878728449,0.005111809517256915
42105,Potter County,PA,3/15/2026 2:00,0.0012032908853143454,0.0018329819664359092,0.0126597678870894,0.004494095453992486
42105,Potter County,PA,3/15/2026 3:00,0.0011866111890412867,0.0014841032447293402,0.012266207952052355,0.004283643863163889
42105,Potter County,PA,3/15/2026 4:00,0.0,0.0023821434238925575,0.009436422848375514,0.004857496317708865
42105,Potter County,PA,3/15/2026 5:00,0.0,0.0045733205042779446,0.007766635162988677,0.005170763353817165
42105,Potter County,PA,3/15/2026 6:00,0.0,0.005110240774229169,0.007196049892809242,0.004316424543503672
42105,Potter County,PA,3/15/2026 7:00,0.0,0.0058645715878810735,0.007054044536198489,0.004231192287988961
42105,Potter County,PA,3/15/2026 8:00,0.0,0.00695064893225208,0.007135785874561406,0.004417731845751405
42105,Potter County,PA,3/15/2026 9:00,0.001040263450704515,0.008835576404817403,0.006517484644427895,0.004949627234600485
42105,Potter County,PA,3/15/2026 10:00,0.0025260630063712597,0.010712713235989213,0.006628628360340371,0.004862934909760952
42105,Potter County,PA,3/15/2026 11:00,0.003615683759562671,0.012036802084185182,0.00593119774130173,0.005390747357159853
42105,Potter County,PA,3/15/2026 12:00,0.0036069925408810377,0.013878941093571484,0.005180103454040364,0.006261873641051352
42105,Potter County,PA,3/15/2026 13:00,0.005072496365755796,0.009332866780459881,0.004360406391788274,0.005924221454188227
42105,Potter County,PA,3/15/2026 14:00,0.008084841712843627,0.008968297595856711,0.004463315929751843,0.005650759837590158
42105,Potter County,PA,3/15/2026 15:00,0.014016833854839206,0.00996846704510972,0.005098216596525163,0.0054548492771573365
42105,Potter County,PA,3/15/2026 16:00,0.021686543710529804,0.010679716832237318,0.005339206842472776,0.004628501983825117
42105,Potter County,PA,3/15/2026 17:00,0.027475646696984768,0.008959383761975914,0.006457883841358125,0.0035742926178500057
42105,Potter County,PA,3/15/2026 18:00,0.015611317940056324,0.007357489701826125,0.006521399249322712,0.003566077200230211
42105,Potter County,PA,3/15/2026 19:00,0.008855753228999674,0.00712506654090248,0.005724086333066225,0.0026652708649635313
42105,Potter County,PA,3/15/2026 20:00,0.007830316433683038,0.006158723239786923,0.006121008994523436,0.002427749161142856
42105,Potter County,PA,3/15/2026 21:00,0.009272399125620723,0.00648043064866215,0.004199830116704106,0.0021975012205075473
42105,Potter County,PA,3/15/2026 22:00,0.007775673642754555,0.005975691461935639,0.0035186871653422715,0.0013281170045956968
42105,Potter County,PA,3/15/2026 23:00,0.0060720526380464435,0.004071670537814498,0.005985889805015176,0.0012843812874052674
42105,Potter County,PA,3/16/2026 0:00,0.005589673528447747,0.0037697577849030496,0.006756915571168065,0.0011748718214221298
42105,Potter County,PA,3/16/2026 1:00,0.004901316366158426,0.00399164326954633,0.0058054851135239,0.0011437001317972316
42105,Potter County,PA,3/16/2026 2:00,0.005296084098517895,0.004704745521303266,0.006934943539090454,0.0012737908342387526
42105,Potter County,PA,3/16/2026 3:00,0.005184229812584817,0.004760467982850969,0.006181033607572317,0.0013034630253969226
42105,Potter County,PA,3/16/2026 4:00,0.002913053845986724,0.004979856021236628,0.005991740338504315,0.0015219414344755933
42105,Potter County,PA,3/16/2026 5:00,0.0021063494496047497,0.005613994412124157,0.007020293292589486,0.0013094380585243926
42105,Potter County,PA,3/16/2026 6:00,0.001715608173981309,0.004613961253198795,0.005970319500193,0.0
42105,Potter County,PA,3/16/2026 7:00,0.002702163765206933,0.003663119324482977,0.0072517292341217395,0.0
42105,Potter County,PA,3/16/2026 8:00,0.002675725845620036,0.0033754353178665044,0.007362571323756129,0.0014915971987647936
42105,Potter County,PA,3/16/2026 9:00,0.0030232337303459644,0.00374514302238822,0.00802986763883382,0.0016225399915128947
42105,Potter County,PA,3/16/2026 10:00,0.0034958773758262396,0.003963785711675882,0.006457027955912053,0.0016057393338996917
42105,Potter County,PA,3/16/2026 11:00,0.0034471837570890784,0.002819518372416496,0.006899099168367684,0.0019587006609071977
42105,Potter County,PA,3/16/2026 12:00,0.00216734129935503,0.0020100366324186324,0.0052319144597277045,0.00249071835714858
42105,Potter County,PA,3/16/2026 13:00,0.0,0.002694896515458822,0.005914366233628243,0.0024916781949286815
42105,Potter County,PA,3/16/2026 14:00,0.0015656533651053905,0.002775814989581704,0.0055352630326524375,0.002468916687575984
42105,Potter County,PA,3/16/2026 15:00,0.0019776704721152782,0.0024377194233238695,0.006186878716107458,0.0019101734291325557
42105,Potter County,PA,3/16/2026 16:00,0.0,0.002242585970088839,0.005779664369765669,0.0017963208316359668
42105,Potter County,PA,3/16/2026 17:00,0.0,0.0040423951111733915,0.005357283737976104,0.001624050846294267
42105,Potter County,PA,3/16/2026 18:00,0.0,0.004996114876121283,0.004885545955039561,0.0018280649681400973
42105,Potter County,PA,3/16/2026 19:00,0.0,0.004237884934991598,0.0032841968932189047,0.0010750335823558998
42105,Potter County,PA,3/16/2026 20:00,0.0019282909343019128,0.0044695698656141754,0.003051619615871459,0.0013733016396145104
42105,Potter County,PA,3/16/2026 21:00,0.0,0.003557332884520292,0.002663260055851424,0.001330881036528808
42105,Potter County,PA,3/16/2026 22:00,0.0014004968106746674,0.0039129920303821565,0.0,0.001224105244546081
42105,Potter County,PA,3/16/2026 23:00,0.0016195951029658318,0.004266485944390297,0.0,0.0011120860144728795
42105,Potter County,PA,3/17/2026 0:00,0.0021234657615423203,0.003311198204755783,0.0,0.0
42105,Potter County,PA,3/17/2026 1:00,0.0035042709205299616,0.004408486746251583,0.0,0.0010602896684758889
42105,Potter County,PA,3/17/2026 2:00,0.001561134820804,0.004463954456150531,0.0,0.0
42105,Potter County,PA,3/17/2026 3:00,0.0022921946365386248,0.004756490420550108,0.0,0.0
42105,Potter County,PA,3/17/2026 4:00,0.00248901778832078,0.004884433373808861,0.0014154985830828082,0.0
42105,Potter County,PA,3/17/2026 5:00,0.0,0.005347635224461555,0.0014138033235212787,0.0
42105,Potter County,PA,3/17/2026 6:00,0.0010426435619592667,0.005484267696738243,0.0,0.0
42105,Potter County,PA,3/17/2026 7:00,0.0012633977457880974,0.005303827021270991,0.0012687115486187395,0.0
42105,Potter County,PA,3/17/2026 8:00,0.0012552854605019093,0.00474777277559042,0.0,0.0
42105,Potter County,PA,3/17/2026 9:00,0.0020733000710606575,0.0051083308411762115,0.0,0.0
42105,Potter County,PA,3/17/2026 10:00,0.0030785533599555492,0.00527030520606786,0.002069211792695569,0.0
42105,Potter County,PA,3/17/2026 11:00,0.002503811614587903,0.0039038151036947964,0.0031128652663028333,0.0012759652265231125
42105,Potter County,PA,3/17/2026 12:00,0.0028771599754691124,0.0031569289043545724,0.002962730425861082,0.0
42105,Potter County,PA,3/17/2026 13:00,0.0024630194529891014,0.0020478190388530495,0.0013756915297562955,0.0
42105,Potter County,PA,3/17/2026 14:00,0.0012356354855000973,0.0022812470328062774,0.0025983546940551603,0.0
42105,Potter County,PA,3/17/2026 15:00,0.002815204905346036,0.002124790148809552,0.0017516023843199946,0.0
42105,Potter County,PA,3/17/2026 16:00,0.0030041448771953583,0.0015537874773144723,0.0014224137823475758,0.0
42105,Potter County,PA,3/17/2026 17:00,0.002174242283217609,0.0012231809785589575,0.0014311751649074723,0.0
42105,Potter County,PA,3/17/2026 18:00,0.0014382541412487626,0.001019435841590166,0.0020212460884067697,0.0
42105,Potter County,PA,3/17/2026 19:00,0.0021151715191081166,0.0,0.0,0.0
42105,Potter County,PA,3/17/2026 20:00,0.0014843997196294367,0.0,0.0,0.0
42105,Potter County,PA,3/17/2026 21:00,0.0011928147287108004,0.0,0.0,0.0
42105,Potter County,PA,3/17/2026 22:00,0.0014246207356336527,0.0,0.0,0.0
42105,Potter County,PA,3/17/2026 23:00,0.0011935505317524076,0.0,0.0,0.0
42105,Potter County,PA,3/18/2026 0:00,0.0012223786106915213,0.0,0.0,
42105,Potter County,PA,3/18/2026 1:00,0.0,0.0,0.0,
42105,Potter County,PA,3/18/2026 2:00,0.0,0.0010140259750187398,0.0,
42105,Potter County,PA,3/18/2026 3:00,0.0,0.0,0.0,
42105,Potter County,PA,3/18/2026 4:00,0.0,0.0016912378137931227,0.0,
42105,Potter County,PA,3/18/2026 5:00,0.0,0.0022019962314516308,0.0,
42105,Potter County,PA,3/18/2026 6:00,0.0,0.0027880137553438545,0.0,
42105,Potter County,PA,3/18/2026 7:00,0.0013561144878622144,0.0024702582508325578,0.0,
42105,Potter County,PA,3/18/2026 8:00,0.001193511918245349,0.002775604953058064,0.0,
42105,Potter County,PA,3/18/2026 9:00,0.002097952674375847,0.0021600036998279393,0.0,
42105,Potter County,PA,3/18/2026 10:00,0.0027144609775859863,0.0022002142271958292,0.0,
42105,Potter County,PA,3/18/2026 11:00,0.0032490847079316154,0.001747235527727753,0.0,
42105,Potter County,PA,3/18/2026 12:00,0.0030099626746959984,0.001974282675655559,0.0,
42105,Potter County,PA,3/18/2026 13:00,0.003262189478846267,0.0020047058467753233,0.0,
42105,Potter County,PA,3/18/2026 14:00,0.0024403259303653613,0.001538577809697017,0.0,
42105,Potter County,PA,3/18/2026 15:00,0.0024480657593812793,0.001412965840427205,0.0,
42105,Potter County,PA,3/18/2026 16:00,0.0019789653888437897,0.0013131653890013696,0.0,
42105,Potter County,PA,3/18/2026 17:00,0.0022817733843112364,0.0010398100654128938,0.0,
42105,Potter County,PA,3/18/2026 18:00,0.002351562900003046,0.001064180984394625,0.0,
42105,Potter County,PA,3/18/2026 19:00,0.0019535973842721432,0.0,0.0,
42105,Potter County,PA,3/18/2026 20:00,0.0018397260864730924,0.0,0.0,
42105,Potter County,PA,3/18/2026 21:00,0.0017751299892552197,0.0,0.0,
42105,Potter County,PA,3/18/2026 22:00,0.00145302974851802,0.0,0.0,
42105,Potter County,PA,3/18/2026 23:00,0.0013313563540577888,0.0,0.0,
42105,Potter County,PA,3/19/2026 0:00,0.0010565746251813835,0.0,,
42105,Potter County,PA,3/19/2026 1:00,0.0,0.0,,
42105,Potter County,PA,3/19/2026 2:00,0.0,0.0,,
42105,Potter County,PA,3/19/2026 3:00,0.0,0.0,,
42105,Potter County,PA,3/19/2026 4:00,0.0,0.0,,
42105,Potter County,PA,3/19/2026 5:00,0.0,0.0010553344327490777,,
42105,Potter County,PA,3/19/2026 6:00,0.0,0.0,,
42105,Potter County,PA,3/19/2026 7:00,0.0,0.0012554350891150535,,
42105,Potter County,PA,3/19/2026 8:00,0.0,0.0,,
42105,Potter County,PA,3/19/2026 9:00,0.0,0.0,,
42105,Potter County,PA,3/19/2026 10:00,0.0014205908228177577,0.0,,
42105,Potter County,PA,3/19/2026 11:00,0.0013084895617794245,0.0,,
42105,Potter County,PA,3/19/2026 12:00,0.0015748895530123264,0.0,,
42105,Potter County,PA,3/19/2026 13:00,0.0,0.0,,
42105,Potter County,PA,3/19/2026 14:00,0.0,0.0,,
42105,Potter County,PA,3/19/2026 15:00,0.0,0.0,,
42105,Potter County,PA,3/19/2026 16:00,0.0,0.0,,
42105,Potter County,PA,3/19/2026 17:00,0.0,0.0,,
42105,Potter County,PA,3/19/2026 18:00,0.0,,,
42105,Potter County,PA,3/19/2026 19:00,0.0,,,
42105,Potter County,PA,3/19/2026 20:00,0.0,,,
42105,Potter County,PA,3/19/2026 21:00,0.0,,,
42105,Potter County,PA,3/19/2026 22:00,0.0,,,
42105,Potter County,PA,3/19/2026 23:00,,,,
42107,Schuylkill County,PA,3/14/2026 0:00,0.0,0.0010440734447911381,0.0,0.0012381315071252174
42107,Schuylkill County,PA,3/14/2026 1:00,0.0,0.0,0.0,0.0015673534537199885
42107,Schuylkill County,PA,3/14/2026 2:00,0.0,0.0,0.0,0.0
42107,Schuylkill County,PA,3/14/2026 3:00,0.0,0.0014195416355505587,0.0,0.0
42107,Schuylkill County,PA,3/14/2026 4:00,0.0,0.0,0.0,0.0
42107,Schuylkill County,PA,3/14/2026 5:00,0.0010197025549132377,0.002719705493655056,0.0,0.0
42107,Schuylkill County,PA,3/14/2026 6:00,0.0,0.003991903067799285,0.0,0.0
42107,Schuylkill County,PA,3/14/2026 7:00,0.0,0.0011140574555611239,0.0,0.0
42107,Schuylkill County,PA,3/14/2026 8:00,0.0030477989930659533,0.0013697003305424005,0.0,0.0
42107,Schuylkill County,PA,3/14/2026 9:00,0.0016841911128722131,0.0,0.0,0.0
42107,Schuylkill County,PA,3/14/2026 10:00,0.002308413735590875,0.0,0.0,0.0
42107,Schuylkill County,PA,3/14/2026 11:00,0.003460661042481661,0.0,0.0,0.0
42107,Schuylkill County,PA,3/14/2026 12:00,0.0,0.0,0.0,0.0
42107,Schuylkill County,PA,3/14/2026 13:00,0.0,0.0,0.0,0.0
42107,Schuylkill County,PA,3/14/2026 14:00,0.0,0.0,0.0,0.0
42107,Schuylkill County,PA,3/14/2026 15:00,0.0,0.0,0.0,0.0
42107,Schuylkill County,PA,3/14/2026 16:00,0.0,0.0,0.0,0.0
42107,Schuylkill County,PA,3/14/2026 17:00,0.0,0.0,0.0,0.001138106398866512
42107,Schuylkill County,PA,3/14/2026 18:00,0.0,0.0,0.0,0.0013479617395205424
42107,Schuylkill County,PA,3/14/2026 19:00,0.0,0.0,0.0,0.0018219135934486985
42107,Schuylkill County,PA,3/14/2026 20:00,0.0,0.0,0.0,0.0031935331964632495
42107,Schuylkill County,PA,3/14/2026 21:00,0.0,0.0,0.0,0.004251798675977625
42107,Schuylkill County,PA,3/14/2026 22:00,0.0,0.0,0.0,0.006241889309603721
42107,Schuylkill County,PA,3/14/2026 23:00,0.0,0.0,0.0,0.006923295633168891
42107,Schuylkill County,PA,3/15/2026 0:00,0.0,0.0,0.0,0.007450915037770756
42107,Schuylkill County,PA,3/15/2026 1:00,0.0,0.0,0.0,0.006669704138766974
42107,Schuylkill County,PA,3/15/2026 2:00,0.0,0.0,0.0,0.005752857058541849
42107,Schuylkill County,PA,3/15/2026 3:00,0.0,0.0,0.0,0.0049384395475499335
42107,Schuylkill County,PA,3/15/2026 4:00,0.0,0.0,0.0,0.0048761516343802215
42107,Schuylkill County,PA,3/15/2026 5:00,0.0,0.0,0.0,0.005214584444183856
42107,Schuylkill County,PA,3/15/2026 6:00,0.0,0.0,0.0,0.005461066984571517
42107,Schuylkill County,PA,3/15/2026 7:00,0.0,0.0,0.0,0.005154517909977585
42107,Schuylkill County,PA,3/15/2026 8:00,0.0,0.0,0.0,0.004796310205711052
42107,Schuylkill County,PA,3/15/2026 9:00,0.0,0.0,0.0,0.004293820462771691
42107,Schuylkill County,PA,3/15/2026 10:00,0.0,0.0,0.0,0.0027959686645772307
42107,Schuylkill County,PA,3/15/2026 11:00,0.0,0.0,0.0,0.0027067859191447496
42107,Schuylkill County,PA,3/15/2026 12:00,0.0,0.0,0.0,0.0015428059676196426
42107,Schuylkill County,PA,3/15/2026 13:00,0.0,0.0,0.0,0.0
42107,Schuylkill County,PA,3/15/2026 14:00,0.0,0.0,0.0,0.0
42107,Schuylkill County,PA,3/15/2026 15:00,0.0,0.0,0.0,0.0
42107,Schuylkill County,PA,3/15/2026 16:00,0.0,0.0,0.0,0.0
42107,Schuylkill County,PA,3/15/2026 17:00,0.0,0.0,0.0,0.0
42107,Schuylkill County,PA,3/15/2026 18:00,0.0,0.0,0.0,0.0
42107,Schuylkill County,PA,3/15/2026 19:00,0.0,0.0,0.0,0.0
42107,Schuylkill County,PA,3/15/2026 20:00,0.0,0.0,0.0011809621821157635,0.0
42107,Schuylkill County,PA,3/15/2026 21:00,0.0,0.0,0.004229928698623553,0.0
42107,Schuylkill County,PA,3/15/2026 22:00,0.0,0.0,0.0048869026475586,0.0
42107,Schuylkill County,PA,3/15/2026 23:00,0.0,0.0,0.006583599519217387,0.0
42107,Schuylkill County,PA,3/16/2026 0:00,0.0,0.0,0.005119214835576713,0.0
42107,Schuylkill County,PA,3/16/2026 1:00,0.0,0.0,0.004788366612046957,0.0
42107,Schuylkill County,PA,3/16/2026 2:00,0.0,0.0,0.003824705886654556,0.0
42107,Schuylkill County,PA,3/16/2026 3:00,0.0,0.0,0.004191382532007992,0.0
42107,Schuylkill County,PA,3/16/2026 4:00,0.0,0.0,0.002957685547880828,0.0
42107,Schuylkill County,PA,3/16/2026 5:00,0.0,0.00199612858123146,0.0025990877067670224,0.0
42107,Schuylkill County,PA,3/16/2026 6:00,0.0,0.0,0.001964177086483687,0.0
42107,Schuylkill County,PA,3/16/2026 7:00,0.0,0.0012928284704685211,0.0017850863747298717,0.0
42107,Schuylkill County,PA,3/16/2026 8:00,0.0,0.0015279176877811551,0.001723883568774909,0.0
42107,Schuylkill County,PA,3/16/2026 9:00,0.0,0.001725438772700727,0.001858763035852462,0.0
42107,Schuylkill County,PA,3/16/2026 10:00,0.0016513547743670642,0.0,0.0010134859592653813,0.0
42107,Schuylkill County,PA,3/16/2026 11:00,0.0,0.001419761823490262,0.0,0.0
42107,Schuylkill County,PA,3/16/2026 12:00,0.0,0.0012507955660112202,0.0017460347036831081,0.0
42107,Schuylkill County,PA,3/16/2026 13:00,0.0012474931791075505,0.0015281793079338969,0.0,0.0
42107,Schuylkill County,PA,3/16/2026 14:00,0.0013805037015117705,0.002425426512490958,0.0,0.0
42107,Schuylkill County,PA,3/16/2026 15:00,0.0,0.005231326547800563,0.0,0.0
42107,Schuylkill County,PA,3/16/2026 16:00,0.0,0.006732466584071517,0.0,0.0
42107,Schuylkill County,PA,3/16/2026 17:00,0.0,0.0074246281874366105,0.0,0.0
42107,Schuylkill County,PA,3/16/2026 18:00,0.0,0.008077176536608022,0.0,0.0
42107,Schuylkill County,PA,3/16/2026 19:00,0.0015130031388252974,0.0075596986687742175,0.0,0.0
42107,Schuylkill County,PA,3/16/2026 20:00,0.0046195509494282305,0.006789710852171993,0.0,0.0
42107,Schuylkill County,PA,3/16/2026 21:00,0.00480994675308466,0.005693595192860812,0.0,0.0
42107,Schuylkill County,PA,3/16/2026 22:00,0.008651289157569408,0.0045697620793362145,0.0,0.0
42107,Schuylkill County,PA,3/16/2026 23:00,0.008917985716834664,0.005051290430128574,0.0,0.0
42107,Schuylkill County,PA,3/17/2026 0:00,0.007663484750082716,0.004446258174721151,0.0,0.0
42107,Schuylkill County,PA,3/17/2026 1:00,0.008410329697653651,0.004034927301108837,0.0,0.0
42107,Schuylkill County,PA,3/17/2026 2:00,0.007025129394605756,0.004922597203403711,0.0,0.0
42107,Schuylkill County,PA,3/17/2026 3:00,0.007246614899486303,0.003981766290962696,0.0,0.0
42107,Schuylkill County,PA,3/17/2026 4:00,0.00725213554687798,0.002512047241907567,0.0,0.0
42107,Schuylkill County,PA,3/17/2026 5:00,0.00762171158567071,0.002442221390083432,0.0,0.0
42107,Schuylkill County,PA,3/17/2026 6:00,0.007550006732344627,0.0021898269245866687,0.0,0.0
42107,Schuylkill County,PA,3/17/2026 7:00,0.00633586966432631,0.0016803162521682679,0.0,0.0
42107,Schuylkill County,PA,3/17/2026 8:00,0.0061208701226860285,0.0017929127905517816,0.0,0.0
42107,Schuylkill County,PA,3/17/2026 9:00,0.004238222260028124,0.001428462378680706,0.0,0.0
42107,Schuylkill County,PA,3/17/2026 10:00,0.003764678491279483,0.0013134074863046408,0.0,0.0
42107,Schuylkill County,PA,3/17/2026 11:00,0.002505811571609229,0.0,0.0,0.0
42107,Schuylkill County,PA,3/17/2026 12:00,0.0018105099588865414,0.0,0.0,0.0
42107,Schuylkill County,PA,3/17/2026 13:00,0.0017478824593126774,0.0,0.0,0.0
42107,Schuylkill County,PA,3/17/2026 14:00,0.0011295525946479756,0.0,0.0,0.0
42107,Schuylkill County,PA,3/17/2026 15:00,0.0011475238788989373,0.0,0.0,0.0
42107,Schuylkill County,PA,3/17/2026 16:00,0.0,0.0,0.0,0.0
42107,Schuylkill County,PA,3/17/2026 17:00,0.0,0.0,0.0,0.0
42107,Schuylkill County,PA,3/17/2026 18:00,0.0,0.0,0.0,0.0
42107,Schuylkill County,PA,3/17/2026 19:00,0.0,0.0,0.0,0.0
42107,Schuylkill County,PA,3/17/2026 20:00,0.0,0.0,0.0,0.0
42107,Schuylkill County,PA,3/17/2026 21:00,0.0,0.0,0.0,0.0
42107,Schuylkill County,PA,3/17/2026 22:00,0.0,0.0,0.0,0.0
42107,Schuylkill County,PA,3/17/2026 23:00,0.0,0.0,0.0,0.0
42107,Schuylkill County,PA,3/18/2026 0:00,0.0,0.0,0.0,
42107,Schuylkill County,PA,3/18/2026 1:00,0.0,0.0,0.0,
42107,Schuylkill County,PA,3/18/2026 2:00,0.0,0.0,0.0,
42107,Schuylkill County,PA,3/18/2026 3:00,0.0,0.0,0.0,
42107,Schuylkill County,PA,3/18/2026 4:00,0.0,0.0,0.0,
42107,Schuylkill County,PA,3/18/2026 5:00,0.0,0.0,0.0,
42107,Schuylkill County,PA,3/18/2026 6:00,0.0,0.0,0.0,
42107,Schuylkill County,PA,3/18/2026 7:00,0.0,0.0,0.0,
42107,Schuylkill County,PA,3/18/2026 8:00,0.0,0.0,0.0,
42107,Schuylkill County,PA,3/18/2026 9:00,0.0,0.0,0.0,
42107,Schuylkill County,PA,3/18/2026 10:00,0.0,0.0,0.0,
42107,Schuylkill County,PA,3/18/2026 11:00,0.0,0.0,0.0,
42107,Schuylkill County,PA,3/18/2026 12:00,0.0,0.0,0.0,
42107,Schuylkill County,PA,3/18/2026 13:00,0.0,0.0,0.0,
42107,Schuylkill County,PA,3/18/2026 14:00,0.0,0.0,0.0,
42107,Schuylkill County,PA,3/18/2026 15:00,0.0,0.0,0.0,
42107,Schuylkill County,PA,3/18/2026 16:00,0.0,0.0,0.0,
42107,Schuylkill County,PA,3/18/2026 17:00,0.0,0.0,0.0,
42107,Schuylkill County,PA,3/18/2026 18:00,0.0,0.0,0.0,
42107,Schuylkill County,PA,3/18/2026 19:00,0.0,0.0,0.0,
42107,Schuylkill County,PA,3/18/2026 20:00,0.0,0.0,0.0,
42107,Schuylkill County,PA,3/18/2026 21:00,0.0,0.0,0.0,
42107,Schuylkill County,PA,3/18/2026 22:00,0.0,0.0,0.0,
42107,Schuylkill County,PA,3/18/2026 23:00,0.0,0.0,0.0,
42107,Schuylkill County,PA,3/19/2026 0:00,0.0,0.0,,
42107,Schuylkill County,PA,3/19/2026 1:00,0.0,0.0,,
42107,Schuylkill County,PA,3/19/2026 2:00,0.0,0.0,,
42107,Schuylkill County,PA,3/19/2026 3:00,0.0,0.0,,
42107,Schuylkill County,PA,3/19/2026 4:00,0.0,0.0,,
42107,Schuylkill County,PA,3/19/2026 5:00,0.0,0.0,,
42107,Schuylkill County,PA,3/19/2026 6:00,0.0,0.0,,
42107,Schuylkill County,PA,3/19/2026 7:00,0.0,0.0,,
42107,Schuylkill County,PA,3/19/2026 8:00,0.0,0.0,,
42107,Schuylkill County,PA,3/19/2026 9:00,0.0,0.0,,
42107,Schuylkill County,PA,3/19/2026 10:00,0.0,0.0,,
42107,Schuylkill County,PA,3/19/2026 11:00,0.0,0.0,,
42107,Schuylkill County,PA,3/19/2026 12:00,0.0,0.0,,
42107,Schuylkill County,PA,3/19/2026 13:00,0.0,0.0,,
42107,Schuylkill County,PA,3/19/2026 14:00,0.0,0.0,,
42107,Schuylkill County,PA,3/19/2026 15:00,0.0,0.0,,
42107,Schuylkill County,PA,3/19/2026 16:00,0.0,0.0,,
42107,Schuylkill County,PA,3/19/2026 17:00,0.0,0.0,,
42107,Schuylkill County,PA,3/19/2026 18:00,0.0,,,
42107,Schuylkill County,PA,3/19/2026 19:00,0.0,,,
42107,Schuylkill County,PA,3/19/2026 20:00,0.0,,,
42107,Schuylkill County,PA,3/19/2026 21:00,0.0,,,
42107,Schuylkill County,PA,3/19/2026 22:00,0.0,,,
42107,Schuylkill County,PA,3/19/2026 23:00,,,,
42111,Somerset County,PA,3/14/2026 0:00,0.023863881098804995,0.015191324520856142,0.003584813322231639,0.0027856761931616346
42111,Somerset County,PA,3/14/2026 1:00,0.02371624125225935,0.015639534778892995,0.0033873289690745877,0.0029109772411175074
42111,Somerset County,PA,3/14/2026 2:00,0.021570085897110403,0.016369220986962318,0.002848281332990155,0.002756578444677871
42111,Somerset County,PA,3/14/2026 3:00,0.016151495976373553,0.015005823224782944,0.0030614231265644774,0.002775543297138938
42111,Somerset County,PA,3/14/2026 4:00,0.016223292099311948,0.01297970414161682,0.003193053393624723,0.002755691602942534
42111,Somerset County,PA,3/14/2026 5:00,0.014551389729604125,0.01208695825189352,0.0028907437808811665,0.0024915047863032667
42111,Somerset County,PA,3/14/2026 6:00,0.014630335615947843,0.01161399632692337,0.0029434305033646524,0.002190557261928916
42111,Somerset County,PA,3/14/2026 7:00,0.013039556331932545,0.011380400508642197,0.0028766556933987886,0.0024632027605548503
42111,Somerset County,PA,3/14/2026 8:00,0.010023354552686214,0.010633771494030952,0.0027801908960100262,0.0016429683077149094
42111,Somerset County,PA,3/14/2026 9:00,0.009234304074198008,0.009429823886603118,0.0027835029672132806,0.0016045646538259462
42111,Somerset County,PA,3/14/2026 10:00,0.007478292565792799,0.007870196923613548,0.0028546138084493576,0.0014495163166429847
42111,Somerset County,PA,3/14/2026 11:00,0.005462917499244213,0.007438104785978794,0.003186796238878742,0.0
42111,Somerset County,PA,3/14/2026 12:00,0.0038645779713988304,0.007274760946165771,0.003182204798213206,0.0011327005122439004
42111,Somerset County,PA,3/14/2026 13:00,0.005630208179354668,0.006233703007455915,0.0032920904137426986,0.0
42111,Somerset County,PA,3/14/2026 14:00,0.004430563189089298,0.004627948091365397,0.0034278762293979527,0.0
42111,Somerset County,PA,3/14/2026 15:00,0.0026787230744957924,0.004034523793961853,0.0035582924028858542,0.0
42111,Somerset County,PA,3/14/2026 16:00,0.003926219884306192,0.00403157954569906,0.0029489723674487323,0.0
42111,Somerset County,PA,3/14/2026 17:00,0.0054697421146556735,0.003428039012942463,0.0036511762969894334,0.0
42111,Somerset County,PA,3/14/2026 18:00,0.0039175692945718765,0.003525646240450442,0.0036986396633437836,0.0
42111,Somerset County,PA,3/14/2026 19:00,0.002441540011204779,0.003701599908526987,0.004144896108118701,0.0
42111,Somerset County,PA,3/14/2026 20:00,0.0020268134539946914,0.003648181655444205,0.003156240051430359,0.0
42111,Somerset County,PA,3/14/2026 21:00,0.002210457227192819,0.0031429403694346546,0.002749416271399241,0.0011553682845260483
42111,Somerset County,PA,3/14/2026 22:00,0.003321571562992176,0.00302669289521873,0.0032169536607398186,0.0011065105914894956
42111,Somerset County,PA,3/14/2026 23:00,0.0034668903463170864,0.00280430588463787,0.0030687896864037612,0.0010161756243178388
42111,Somerset County,PA,3/15/2026 0:00,0.005030980100855231,0.0032085980827105233,0.0032686857950466218,0.0012515017209807412
42111,Somerset County,PA,3/15/2026 1:00,0.004603028297424316,0.0028615606890525667,0.003943548709867173,0.0012456951269996352
42111,Somerset County,PA,3/15/2026 2:00,0.0052586570382118225,0.0028412755593308246,0.004012193879680126,0.0
42111,Somerset County,PA,3/15/2026 3:00,0.004381896578706801,0.002533079424756579,0.003913108650885988,0.001218659002915956
42111,Somerset County,PA,3/15/2026 4:00,0.002988015505252406,0.002783668151823804,0.0034227142918098253,0.001223646900325548
42111,Somerset County,PA,3/15/2026 5:00,0.003760141902603209,0.004954986640950665,0.0032885963635635564,0.0
42111,Somerset County,PA,3/15/2026 6:00,0.0038126493454910815,0.003498918539844453,0.003649797753314488,0.0
42111,Somerset County,PA,3/15/2026 7:00,0.003640826209448278,0.0036046971101313828,0.0030588096589781342,0.0
42111,Somerset County,PA,3/15/2026 8:00,0.003022542630787939,0.0039676152868196365,0.0031337766209617256,0.0010423422396343084
42111,Somerset County,PA,3/15/2026 9:00,0.0040463346522301435,0.004598605714272707,0.0027880677254870532,0.0010568574536591769
42111,Somerset County,PA,3/15/2026 10:00,0.006038918741978705,0.004173196549527347,0.002303328365087509,0.0013378748102695682
42111,Somerset County,PA,3/15/2026 11:00,0.003801635408308357,0.004600214376114309,0.0020777788187842814,0.0011838335747597739
42111,Somerset County,PA,3/15/2026 12:00,0.0025898654712364078,0.004320003045722842,0.0019052670453675092,0.0
42111,Somerset County,PA,3/15/2026 13:00,0.003108898119535297,0.004125343705527485,0.0018596464913571253,0.0
42111,Somerset County,PA,3/15/2026 14:00,0.004445013615622884,0.0034832729492336512,0.001835917224525474,0.0
42111,Somerset County,PA,3/15/2026 15:00,0.004541326954495162,0.002974751719739288,0.0024618090596050025,0.0
42111,Somerset County,PA,3/15/2026 16:00,0.005244859785307199,0.003259257087484002,0.00238831871538423,0.0
42111,Somerset County,PA,3/15/2026 17:00,0.005355341010726988,0.003185076278168708,0.002129631393472664,0.0
42111,Somerset County,PA,3/15/2026 18:00,0.007065504789352417,0.003344496397767216,0.0027698553225491197,0.0
42111,Somerset County,PA,3/15/2026 19:00,0.005786854075267911,0.0036244894232368096,0.0021532386366743595,0.0
42111,Somerset County,PA,3/15/2026 20:00,0.005912093678489327,0.003306819888894097,0.001939510682495893,0.0
42111,Somerset County,PA,3/15/2026 21:00,0.0051203141920268536,0.0033514672133605925,0.001876070005528163,0.0
42111,Somerset County,PA,3/15/2026 22:00,0.004937766236253083,0.0031967234797775747,0.00206293813243974,0.0
42111,Somerset County,PA,3/15/2026 23:00,0.00442789401859045,0.0030701552866958083,0.0016934216560912318,0.0
42111,Somerset County,PA,3/16/2026 0:00,0.004281909670680761,0.002796231844695285,0.001483700386597775,0.0
42111,Somerset County,PA,3/16/2026 1:00,0.003897778457030654,0.0025905084854457527,0.0018156131292926148,0.0
42111,Somerset County,PA,3/16/2026 2:00,0.003818695287918672,0.0025745640305103734,0.0018446431240590755,0.0
42111,Somerset County,PA,3/16/2026 3:00,0.003777432022616267,0.0022493684198707344,0.0,0.0
42111,Somerset County,PA,3/16/2026 4:00,0.0033838872041087598,0.0027663207118166612,0.0010295898508047685,0.0
42111,Somerset County,PA,3/16/2026 5:00,0.003447234397754073,0.002311502705560997,0.0014171380564221181,0.0
42111,Somerset County,PA,3/16/2026 6:00,0.0024501140433130786,0.0023205350211355836,0.0,0.0
42111,Somerset County,PA,3/16/2026 7:00,0.002793755615130067,0.0021429808955872433,0.0,0.0
42111,Somerset County,PA,3/16/2026 8:00,0.0030528601491823792,0.001972836755157914,0.0,0.0
42111,Somerset County,PA,3/16/2026 9:00,0.003081814938923344,0.0019399645505473017,0.0012227826242451555,0.0
42111,Somerset County,PA,3/16/2026 10:00,0.0017662858008407056,0.0017876886762678624,0.0,0.0
42111,Somerset County,PA,3/16/2026 11:00,0.002222751601948403,0.0021059615508420395,0.0,0.0
42111,Somerset County,PA,3/16/2026 12:00,0.0025492908025626093,0.0023322134977206586,0.0,0.0
42111,Somerset County,PA,3/16/2026 13:00,0.0,0.0022190328047145156,0.0,0.0
42111,Somerset County,PA,3/16/2026 14:00,0.0017477255605626851,0.001652342441957444,0.0,0.0
42111,Somerset County,PA,3/16/2026 15:00,0.0010402932530269027,0.0014349132776260375,0.0,0.0
42111,Somerset County,PA,3/16/2026 16:00,0.0027246202807873487,0.0012204184895381331,0.0,0.0
42111,Somerset County,PA,3/16/2026 17:00,0.0030844410648569465,0.0012855312088504434,0.0,0.0
42111,Somerset County,PA,3/16/2026 18:00,0.0025780110736377537,0.0017685480765067042,0.0,0.0
42111,Somerset County,PA,3/16/2026 19:00,0.0019519069901434705,0.0015727887395769358,0.0,0.0
42111,Somerset County,PA,3/16/2026 20:00,0.0018383205315330997,0.0016787119326181709,0.0,0.0
42111,Somerset County,PA,3/16/2026 21:00,0.0010676258243620396,0.0014265562524087728,0.0,0.0
42111,Somerset County,PA,3/16/2026 22:00,0.0016934725463215727,0.0020462496497202663,0.0,0.0
42111,Somerset County,PA,3/16/2026 23:00,0.0015821705455891788,0.0017271121836529347,0.0,0.0
42111,Somerset County,PA,3/17/2026 0:00,0.00204386496625375,0.0016360641340725124,0.0,0.0
42111,Somerset County,PA,3/17/2026 1:00,0.00224617010098882,0.001403861088328995,0.0,0.0
42111,Somerset County,PA,3/17/2026 2:00,0.0019835927232634276,0.0013758231187239289,0.0,0.0
42111,Somerset County,PA,3/17/2026 3:00,0.0027456715470179915,0.0017613615142181515,0.0,0.0
42111,Somerset County,PA,3/17/2026 4:00,0.002461453143041581,0.0015195653308182956,0.0,0.0
42111,Somerset County,PA,3/17/2026 5:00,0.002810332109220326,0.0014485187944956123,0.0,0.0
42111,Somerset County,PA,3/17/2026 6:00,0.0025313455844298005,0.0016356120933778584,0.0,0.0
42111,Somerset County,PA,3/17/2026 7:00,0.0023396010510623455,0.0015272869495674968,0.0,0.0
42111,Somerset County,PA,3/17/2026 8:00,0.0020421102235559374,0.001401623070705682,0.0,0.0
42111,Somerset County,PA,3/17/2026 9:00,0.001637750247027725,0.001336458942387253,0.0,0.0
42111,Somerset County,PA,3/17/2026 10:00,0.0014491911424556747,0.0,0.0,0.0
42111,Somerset County,PA,3/17/2026 11:00,0.0019512363942340016,0.0,0.0,0.0
42111,Somerset County,PA,3/17/2026 12:00,0.0014089295218582265,0.0,0.0,0.0
42111,Somerset County,PA,3/17/2026 13:00,0.001528533102828078,0.0,0.0,0.0
42111,Somerset County,PA,3/17/2026 14:00,0.001656807871768251,0.0,0.0,0.0
42111,Somerset County,PA,3/17/2026 15:00,0.0,0.0,0.0,0.0
42111,Somerset County,PA,3/17/2026 16:00,0.0,0.0,0.0,0.0
42111,Somerset County,PA,3/17/2026 17:00,0.0,0.0,0.0,0.0
42111,Somerset County,PA,3/17/2026 18:00,0.0,0.0,0.0,0.0
42111,Somerset County,PA,3/17/2026 19:00,0.0,0.0,0.0,0.0
42111,Somerset County,PA,3/17/2026 20:00,0.0,0.0,0.0,0.0
42111,Somerset County,PA,3/17/2026 21:00,0.0,0.0,0.0,0.0
42111,Somerset County,PA,3/17/2026 22:00,0.0,0.0,0.0,0.0
42111,Somerset County,PA,3/17/2026 23:00,0.0,0.0,0.0,0.0
42111,Somerset County,PA,3/18/2026 0:00,0.0,0.0,0.0,
42111,Somerset County,PA,3/18/2026 1:00,0.0,0.0,0.0,
42111,Somerset County,PA,3/18/2026 2:00,0.0,0.0,0.0,
42111,Somerset County,PA,3/18/2026 3:00,0.0,0.0,0.0,
42111,Somerset County,PA,3/18/2026 4:00,0.0,0.0,0.0,
42111,Somerset County,PA,3/18/2026 5:00,0.0,0.0,0.0,
42111,Somerset County,PA,3/18/2026 6:00,0.0,0.0,0.0,
42111,Somerset County,PA,3/18/2026 7:00,0.0,0.0,0.0,
42111,Somerset County,PA,3/18/2026 8:00,0.0,0.0,0.0,
42111,Somerset County,PA,3/18/2026 9:00,0.0,0.0,0.0,
42111,Somerset County,PA,3/18/2026 10:00,0.0,0.0,0.0,
42111,Somerset County,PA,3/18/2026 11:00,0.0,0.0,0.0,
42111,Somerset County,PA,3/18/2026 12:00,0.0,0.0,0.0,
42111,Somerset County,PA,3/18/2026 13:00,0.0,0.0,0.0,
42111,Somerset County,PA,3/18/2026 14:00,0.0,0.0,0.0,
42111,Somerset County,PA,3/18/2026 15:00,0.0,0.0,0.0,
42111,Somerset County,PA,3/18/2026 16:00,0.0,0.0,0.0,
42111,Somerset County,PA,3/18/2026 17:00,0.0,0.0,0.0,
42111,Somerset County,PA,3/18/2026 18:00,0.0,0.0,0.0,
42111,Somerset County,PA,3/18/2026 19:00,0.0,0.0,0.0,
42111,Somerset County,PA,3/18/2026 20:00,0.0,0.0,0.0,
42111,Somerset County,PA,3/18/2026 21:00,0.0,0.0,0.0,
42111,Somerset County,PA,3/18/2026 22:00,0.0,0.0,0.0,
42111,Somerset County,PA,3/18/2026 23:00,0.0,0.0,0.0,
42111,Somerset County,PA,3/19/2026 0:00,0.0,0.0,,
42111,Somerset County,PA,3/19/2026 1:00,0.0,0.0,,
42111,Somerset County,PA,3/19/2026 2:00,0.0,0.0,,
42111,Somerset County,PA,3/19/2026 3:00,0.0,0.0,,
42111,Somerset County,PA,3/19/2026 4:00,0.0,0.0,,
42111,Somerset County,PA,3/19/2026 5:00,0.0,0.0,,
42111,Somerset County,PA,3/19/2026 6:00,0.0,0.0,,
42111,Somerset County,PA,3/19/2026 7:00,0.0,0.0,,
42111,Somerset County,PA,3/19/2026 8:00,0.0,0.0,,
42111,Somerset County,PA,3/19/2026 9:00,0.0,0.0,,
42111,Somerset County,PA,3/19/2026 10:00,0.0,0.0,,
42111,Somerset County,PA,3/19/2026 11:00,0.0,0.0,,
42111,Somerset County,PA,3/19/2026 12:00,0.0,0.0,,
42111,Somerset County,PA,3/19/2026 13:00,0.0,0.0,,
42111,Somerset County,PA,3/19/2026 14:00,0.0,0.0,,
42111,Somerset County,PA,3/19/2026 15:00,0.0,0.0,,
42111,Somerset County,PA,3/19/2026 16:00,0.0,0.0,,
42111,Somerset County,PA,3/19/2026 17:00,0.0,0.0,,
42111,Somerset County,PA,3/19/2026 18:00,0.0,,,
42111,Somerset County,PA,3/19/2026 19:00,0.0,,,
42111,Somerset County,PA,3/19/2026 20:00,0.0,,,
42111,Somerset County,PA,3/19/2026 21:00,0.0,,,
42111,Somerset County,PA,3/19/2026 22:00,0.0,,,
42111,Somerset County,PA,3/19/2026 23:00,,,,
42117,Tioga County,PA,3/14/2026 0:00,0.0,0.004470151197165251,0.0,0.00393806659267284
42117,Tioga County,PA,3/14/2026 1:00,0.0,0.0061328989453613755,0.0,0.004142540862085297
42117,Tioga County,PA,3/14/2026 2:00,0.0014168384950608015,0.006919957045465708,0.0,0.003997373484162381
42117,Tioga County,PA,3/14/2026 3:00,0.004121290432522073,0.006725269416347146,0.0,0.004142179223708809
42117,Tioga County,PA,3/14/2026 4:00,0.009453647071495652,0.005016785068437457,0.0,0.004284669573098654
42117,Tioga County,PA,3/14/2026 5:00,0.005685899217496626,0.005259758117608726,0.0,0.004044356921804137
42117,Tioga County,PA,3/14/2026 6:00,0.008495595306158066,0.002831425075419247,0.0,0.0037266638326400427
42117,Tioga County,PA,3/14/2026 7:00,0.008914782316423953,0.003071008832193911,0.0,0.0037462602165760474
42117,Tioga County,PA,3/14/2026 8:00,0.010022868635132909,0.0021234270418062804,0.0,0.003785368836543057
42117,Tioga County,PA,3/14/2026 9:00,0.0076017845422029495,0.0029554419801570476,0.0,0.0036027841837494635
42117,Tioga County,PA,3/14/2026 10:00,0.0075738076120615005,0.0020491549395956097,0.0,0.0036243942377041094
42117,Tioga County,PA,3/14/2026 11:00,0.005190552212297916,0.0019766322569921614,0.002751542782061733,0.0035100331384455784
42117,Tioga County,PA,3/14/2026 12:00,0.004516434972174466,0.0018962936475872994,0.003911070370850212,0.0035131818520312665
42117,Tioga County,PA,3/14/2026 13:00,0.0030243381625041366,0.0019025129731744528,0.004272517294157297,0.0031777627431438305
42117,Tioga County,PA,3/14/2026 14:00,0.003693455597385764,0.0,0.006395258172415197,0.0029368221104959956
42117,Tioga County,PA,3/14/2026 15:00,0.0025074377772398293,0.0,0.006458294647745788,0.0025887412317388224
42117,Tioga County,PA,3/14/2026 16:00,0.0022995221079327166,0.0,0.007484334637410939,0.0024081812793156133
42117,Tioga County,PA,3/14/2026 17:00,0.002681068261153996,0.0,0.009514618405955844,0.0022542300808709114
42117,Tioga County,PA,3/14/2026 18:00,0.0027189813554286957,0.0,0.0111452397541143,0.0025053206278244033
42117,Tioga County,PA,3/14/2026 19:00,0.0,0.0,0.008684207848273218,0.0028986844699829817
42117,Tioga County,PA,3/14/2026 20:00,0.0,0.0,0.007925472874194383,0.0020399631292093547
42117,Tioga County,PA,3/14/2026 21:00,0.0,0.0,0.008183671208098531,0.0027590839890763164
42117,Tioga County,PA,3/14/2026 22:00,0.0,0.0,0.0077620237600058315,0.004151537071447819
42117,Tioga County,PA,3/14/2026 23:00,0.0,0.0,0.008035579603165388,0.007038139307405799
42117,Tioga County,PA,3/15/2026 0:00,0.0,0.0,0.007935124647337944,0.0061761845427099615
42117,Tioga County,PA,3/15/2026 1:00,0.0,0.0,0.005822815559804439,0.005929323215968907
42117,Tioga County,PA,3/15/2026 2:00,0.0,0.0,0.005679680552566424,0.005563506571343168
42117,Tioga County,PA,3/15/2026 3:00,0.0,0.0,0.004875680455006659,0.00525624884176068
42117,Tioga County,PA,3/15/2026 4:00,0.0,0.0,0.004602287599118427,0.003909900836879388
42117,Tioga County,PA,3/15/2026 5:00,0.0,0.002057348424568772,0.004248832480516285,0.004158057915083191
42117,Tioga County,PA,3/15/2026 6:00,0.0,0.003863723645918071,0.003236640413524583,0.0036312663316493852
42117,Tioga County,PA,3/15/2026 7:00,0.0,0.005570361472200603,0.003715636592824012,0.003929612345655187
42117,Tioga County,PA,3/15/2026 8:00,0.0,0.007189768091484439,0.003308305401878897,0.003477144966018386
42117,Tioga County,PA,3/15/2026 9:00,0.0011969502083957195,0.00830787980230525,0.0034151911560911683,0.0030862573941703884
42117,Tioga County,PA,3/15/2026 10:00,0.004185961559414864,0.009306458826176821,0.00339244671195047,0.003192158052115701
42117,Tioga County,PA,3/15/2026 11:00,0.006329948548227549,0.009690153878182173,0.0030829591327346862,0.002958770515397191
42117,Tioga County,PA,3/15/2026 12:00,0.0071581731317564845,0.009849345637485385,0.0029283654483151624,0.0030492569545458536
42117,Tioga County,PA,3/15/2026 13:00,0.008838013163767755,0.009455467434599995,0.0026861036429181697,0.0026213784934952856
42117,Tioga County,PA,3/15/2026 14:00,0.009249822469428182,0.008202993450686336,0.002519802925235126,0.0026985914213582874
42117,Tioga County,PA,3/15/2026 15:00,0.010090325493365526,0.007097263191826642,0.002391354950668756,0.0024313491361681373
42117,Tioga County,PA,3/15/2026 16:00,0.009701875213067979,0.0060642683762125674,0.0027203682941035366,0.0018801126512698828
42117,Tioga County,PA,3/15/2026 17:00,0.010599372093565762,0.006407040171325207,0.0028429357378627175,0.001493734330870211
42117,Tioga County,PA,3/15/2026 18:00,0.011109685525298119,0.005135897389845922,0.00233105310035171,0.0018657778680790215
42117,Tioga County,PA,3/15/2026 19:00,0.009775974787771702,0.0035575512913055716,0.002994856458099093,0.001703238259142381
42117,Tioga County,PA,3/15/2026 20:00,0.006067770358640701,0.003332587314071134,0.002844830963294953,0.0011925084443646483
42117,Tioga County,PA,3/15/2026 21:00,0.006120402307715267,0.0030530917225405573,0.002630389534169808,0.0012908954540762352
42117,Tioga County,PA,3/15/2026 22:00,0.005884885438717902,0.0028555342403706165,0.0034389519947580992,0.0
42117,Tioga County,PA,3/15/2026 23:00,0.004765758552821353,0.0027438764693215488,0.006180940615013242,0.0
42117,Tioga County,PA,3/16/2026 0:00,0.0033038191322702914,0.0017756446031853557,0.0056870099040679635,0.0
42117,Tioga County,PA,3/16/2026 1:00,0.0033693203804432414,0.0018247393891215324,0.0057525202631950375,0.0
42117,Tioga County,PA,3/16/2026 2:00,0.002977778945933096,0.002079771540593356,0.004541808180510998,0.0
42117,Tioga County,PA,3/16/2026 3:00,0.0024452367215417325,0.0031904335584840736,0.0043181228218600156,0.0
42117,Tioga County,PA,3/16/2026 4:00,0.002487680409103632,0.0044624190835747864,0.003960414347238839,0.0
42117,Tioga County,PA,3/16/2026 5:00,0.0017721846525091678,0.004099943011533469,0.004001712519675493,0.0
42117,Tioga County,PA,3/16/2026 6:00,0.0012237871414981782,0.00394335411474458,0.003807920007966459,0.0
42117,Tioga County,PA,3/16/2026 7:00,0.0014277415466494858,0.004111501283477992,0.0037070646823849527,0.0
42117,Tioga County,PA,3/16/2026 8:00,0.002129382686689496,0.003124973678495735,0.003678380316705443,0.0
42117,Tioga County,PA,3/16/2026 9:00,0.0038765606586821377,0.0026741576846688988,0.003724302979389904,0.0
42117,Tioga County,PA,3/16/2026 10:00,0.0038590608455706388,0.0022353718522936106,0.002938242320669815,0.0
42117,Tioga County,PA,3/16/2026 11:00,0.0038760043862566818,0.002017835807055235,0.0022497424855828286,0.0
42117,Tioga County,PA,3/16/2026 12:00,0.0038559811655431986,0.0019860850181430576,0.0025901958346366883,0.0
42117,Tioga County,PA,3/16/2026 13:00,0.002070000278763473,0.0026916143484413623,0.002984137705061585,0.0
42117,Tioga County,PA,3/16/2026 14:00,0.001941224210895598,0.0020373482489958405,0.003249711950775236,0.0
42117,Tioga County,PA,3/16/2026 15:00,0.002875578196835704,0.002993690874427557,0.003520078302244656,0.0
42117,Tioga County,PA,3/16/2026 16:00,0.002446860366035253,0.003794909082353115,0.0031471017573494464,0.0
42117,Tioga County,PA,3/16/2026 17:00,0.002573291538283229,0.006207982311025262,0.0019506845041178168,0.0
42117,Tioga County,PA,3/16/2026 18:00,0.0029133307398296893,0.006226964062079787,0.0024339907802641393,0.0
42117,Tioga County,PA,3/16/2026 19:00,0.002249919285532087,0.00592581108212471,0.002655338146723807,0.0
42117,Tioga County,PA,3/16/2026 20:00,0.0016894545406103134,0.004331989772617817,0.0020112365018576384,0.0
42117,Tioga County,PA,3/16/2026 21:00,0.0031031450489535928,0.004615619964897633,0.0023124678831663915,0.0
42117,Tioga County,PA,3/16/2026 22:00,0.005089391255751252,0.004147245083004236,0.0027820735587738453,0.0
42117,Tioga County,PA,3/16/2026 23:00,0.005819582205731422,0.0033585022203624247,0.0016116544749820605,0.0
42117,Tioga County,PA,3/17/2026 0:00,0.005017153103835881,0.0021861467510461805,0.0,0.0
42117,Tioga County,PA,3/17/2026 1:00,0.0043468407820910215,0.00289226109161973,0.0,0.0
42117,Tioga County,PA,3/17/2026 2:00,0.0034690143074840307,0.002878386806696653,0.0,0.0
42117,Tioga County,PA,3/17/2026 3:00,0.003862584591843188,0.0022825910709798336,0.0,0.0
42117,Tioga County,PA,3/17/2026 4:00,0.004403269616886973,0.002257343893870711,0.0,0.0
42117,Tioga County,PA,3/17/2026 5:00,0.0033628542441874743,0.0025196500122547146,0.0,0.0
42117,Tioga County,PA,3/17/2026 6:00,0.0032540084794163704,0.0030160669703036547,0.0,0.0
42117,Tioga County,PA,3/17/2026 7:00,0.0028426924254745245,0.002786071877926588,0.0,0.0
42117,Tioga County,PA,3/17/2026 8:00,0.0021726253908127546,0.002952398406341672,0.0,0.0
42117,Tioga County,PA,3/17/2026 9:00,0.0025566364056430757,0.0030805475544184446,0.0,0.0
42117,Tioga County,PA,3/17/2026 10:00,0.003350678933202289,0.0026679856935516,0.001260692725190893,0.0
42117,Tioga County,PA,3/17/2026 11:00,0.003008618834428489,0.0023052874486893414,0.002772752832970582,0.0
42117,Tioga County,PA,3/17/2026 12:00,0.0028537905891425908,0.002234303532168269,0.0014716956349730026,0.0
42117,Tioga County,PA,3/17/2026 13:00,0.003119740344118327,0.0020591031759977342,0.0011342727651936003,0.0
42117,Tioga County,PA,3/17/2026 14:00,0.002560254593845457,0.0017060738056898117,0.0,0.0
42117,Tioga County,PA,3/17/2026 15:00,0.00285279978379549,0.0015254121972247958,0.0,0.0
42117,Tioga County,PA,3/17/2026 16:00,0.0024173172569135204,0.0016763799241743982,0.0,0.0
42117,Tioga County,PA,3/17/2026 17:00,0.002437964720684249,0.0010929718671832233,0.001214324907050468,0.0
42117,Tioga County,PA,3/17/2026 18:00,0.0021687988482881337,0.0,0.0,0.0
42117,Tioga County,PA,3/17/2026 19:00,0.002142121040378697,0.0,0.0,0.0
42117,Tioga County,PA,3/17/2026 20:00,0.0012613718572538346,0.0,0.0,0.0
42117,Tioga County,PA,3/17/2026 21:00,0.0011993394582532346,0.0,0.0,0.0
42117,Tioga County,PA,3/17/2026 22:00,0.0,0.0,0.0,0.0
42117,Tioga County,PA,3/17/2026 23:00,0.0,0.0,0.0,0.0
42117,Tioga County,PA,3/18/2026 0:00,0.0,0.0,0.0,
42117,Tioga County,PA,3/18/2026 1:00,0.0,0.0,0.0,
42117,Tioga County,PA,3/18/2026 2:00,0.0,0.0,0.0,
42117,Tioga County,PA,3/18/2026 3:00,0.0,0.0,0.0,
42117,Tioga County,PA,3/18/2026 4:00,0.0,0.0,0.0,
42117,Tioga County,PA,3/18/2026 5:00,0.0,0.0011786449933424592,0.0,
42117,Tioga County,PA,3/18/2026 6:00,0.0,0.0,0.0,
42117,Tioga County,PA,3/18/2026 7:00,0.0,0.0,0.0,
42117,Tioga County,PA,3/18/2026 8:00,0.0,0.0,0.0,
42117,Tioga County,PA,3/18/2026 9:00,0.0,0.0,0.0,
42117,Tioga County,PA,3/18/2026 10:00,0.0014019752597960178,0.0,0.0,
42117,Tioga County,PA,3/18/2026 11:00,0.0012183913495391607,0.0011265612352872266,0.0,
42117,Tioga County,PA,3/18/2026 12:00,0.0,0.0,0.0,
42117,Tioga County,PA,3/18/2026 13:00,0.001409283169778064,0.0,0.0,
42117,Tioga County,PA,3/18/2026 14:00,0.0,0.0,0.0,
42117,Tioga County,PA,3/18/2026 15:00,0.0,0.0,0.0,
42117,Tioga County,PA,3/18/2026 16:00,0.001183874781418126,0.0,0.0,
42117,Tioga County,PA,3/18/2026 17:00,0.0,0.0,0.0,
42117,Tioga County,PA,3/18/2026 18:00,0.0,0.0,0.0,
42117,Tioga County,PA,3/18/2026 19:00,0.0,0.0,0.0,
42117,Tioga County,PA,3/18/2026 20:00,0.0,0.0,0.0,
42117,Tioga County,PA,3/18/2026 21:00,0.0,0.0,0.0,
42117,Tioga County,PA,3/18/2026 22:00,0.0,0.0,0.0,
42117,Tioga County,PA,3/18/2026 23:00,0.0,0.0,0.0,
42117,Tioga County,PA,3/19/2026 0:00,0.0,0.0,,
42117,Tioga County,PA,3/19/2026 1:00,0.0,0.0,,
42117,Tioga County,PA,3/19/2026 2:00,0.0,0.0,,
42117,Tioga County,PA,3/19/2026 3:00,0.0,0.0,,
42117,Tioga County,PA,3/19/2026 4:00,0.0,0.0,,
42117,Tioga County,PA,3/19/2026 5:00,0.0,0.0,,
42117,Tioga County,PA,3/19/2026 6:00,0.0,0.0,,
42117,Tioga County,PA,3/19/2026 7:00,0.0,0.0,,
42117,Tioga County,PA,3/19/2026 8:00,0.0,0.0,,
42117,Tioga County,PA,3/19/2026 9:00,0.0,0.0,,
42117,Tioga County,PA,3/19/2026 10:00,0.0,0.0,,
42117,Tioga County,PA,3/19/2026 11:00,0.0,0.0,,
42117,Tioga County,PA,3/19/2026 12:00,0.0,0.0,,
42117,Tioga County,PA,3/19/2026 13:00,0.0,0.0,,
42117,Tioga County,PA,3/19/2026 14:00,0.0,0.0,,
42117,Tioga County,PA,3/19/2026 15:00,0.0,0.0,,
42117,Tioga County,PA,3/19/2026 16:00,0.0,0.0,,
42117,Tioga County,PA,3/19/2026 17:00,0.0,0.0,,
42117,Tioga County,PA,3/19/2026 18:00,0.0,,,
42117,Tioga County,PA,3/19/2026 19:00,0.0,,,
42117,Tioga County,PA,3/19/2026 20:00,0.0,,,
42117,Tioga County,PA,3/19/2026 21:00,0.0,,,
42117,Tioga County,PA,3/19/2026 22:00,0.0,,,
42117,Tioga County,PA,3/19/2026 23:00,,,,
42123,Warren County,PA,3/14/2026 0:00,0.2320966236293316,0.27161123156547545,0.01041438392130658,0.01976896384730935
42123,Warren County,PA,3/14/2026 1:00,0.34004901349544525,0.27442347407341006,0.009005546744447201,0.018160158954560756
42123,Warren County,PA,3/14/2026 2:00,0.40716157853603363,0.26344679594039916,0.008028643426951022,0.015787105076014996
42123,Warren County,PA,3/14/2026 3:00,0.4168967753648758,0.2496008574962616,0.008966680866433308,0.01542283478192985
42123,Warren County,PA,3/14/2026 4:00,0.3923758566379547,0.2300410658121109,0.008054053655359893,0.015339924115687608
42123,Warren County,PA,3/14/2026 5:00,0.37713979184627533,0.22468039095401765,0.0085331289912574,0.013721958128735423
42123,Warren County,PA,3/14/2026 6:00,0.3566832095384598,0.2067047655582428,0.009161530213896185,0.011791845876723528
42123,Warren County,PA,3/14/2026 7:00,0.3371999263763428,0.1903548926115036,0.008943558298051357,0.012213152926415205
42123,Warren County,PA,3/14/2026 8:00,0.32417038083076477,0.15638934969902038,0.01094058492453769,0.01198359876871109
42123,Warren County,PA,3/14/2026 9:00,0.3043186739087105,0.13279068171977998,0.009977977629750967,0.01170346918515861
42123,Warren County,PA,3/14/2026 10:00,0.29095619916915894,0.08995654731988907,0.011085575283505022,0.010920738312415778
42123,Warren County,PA,3/14/2026 11:00,0.2657674103975296,0.06103315157815814,0.012522510149574373,0.010698990267701446
42123,Warren County,PA,3/14/2026 12:00,0.24558426439762115,0.0486353746149689,0.014734114368911833,0.010054483101703227
42123,Warren County,PA,3/14/2026 13:00,0.2001865953207016,0.035466685658320785,0.0229232769459486,0.008671718626283109
42123,Warren County,PA,3/14/2026 14:00,0.1794126182794571,0.026946984743699432,0.020142300333827735,0.007332722237333655
42123,Warren County,PA,3/14/2026 15:00,0.10185103863477707,0.029189211176708342,0.01955844759941101,0.006679168157279492
42123,Warren County,PA,3/14/2026 16:00,0.0658336584456265,0.026684368029236794,0.024287855066359044,0.0063128997222520414
42123,Warren County,PA,3/14/2026 17:00,0.05079168174415827,0.020493099791929127,0.02961072828620672,0.0059376802993938325
42123,Warren County,PA,3/14/2026 18:00,0.03609911724925041,0.016344564268365502,0.03245803751051426,0.005937616585288197
42123,Warren County,PA,3/14/2026 19:00,0.02798658818937838,0.014379121595993638,0.036877015978097914,0.005642467341385782
42123,Warren County,PA,3/14/2026 20:00,0.029727540008025244,0.013652116479352116,0.0396129509434104,0.005250979284755886
42123,Warren County,PA,3/14/2026 21:00,0.027128946705488488,0.013960568327456712,0.03681453000754118,0.005407336971256882
42123,Warren County,PA,3/14/2026 22:00,0.020608682127203792,0.012808556063100695,0.034279822185635564,0.005796963558532297
42123,Warren County,PA,3/14/2026 23:00,0.016155864053871483,0.013561565522104501,0.03281256221234798,0.005498644290491938
42123,Warren County,PA,3/15/2026 0:00,0.01463198137935251,0.012051692581735551,0.029359004739671943,0.004891049454454332
42123,Warren County,PA,3/15/2026 1:00,0.013716707529965788,0.011711350223049522,0.02378992149606347,0.004409500735346228
42123,Warren County,PA,3/15/2026 2:00,0.015069920162204653,0.0127204229705967,0.020571368793025614,0.004464045527856797
42123,Warren County,PA,3/15/2026 3:00,0.014047971228137612,0.01196762672625482,0.01777525441721082,0.005011254362761975
42123,Warren County,PA,3/15/2026 4:00,0.014873876352794468,0.017068272817414253,0.015451345941983163,0.003981204982846975
42123,Warren County,PA,3/15/2026 5:00,0.012395739093335578,0.018205078970640897,0.017782986164093018,0.0036628011730499566
42123,Warren County,PA,3/15/2026 6:00,0.011808982788352296,0.01916818752652034,0.01672965046018362,0.0035315023385919632
42123,Warren County,PA,3/15/2026 7:00,0.013692081323824823,0.023314555780962108,0.015244092093780637,0.003097685461398214
42123,Warren County,PA,3/15/2026 8:00,0.012123922060709447,0.02164272356312722,0.013553391164168715,0.0029582907096482812
42123,Warren County,PA,3/15/2026 9:00,0.017971567518543452,0.02194311087951064,0.012076567159965634,0.0030674571404233574
42123,Warren County,PA,3/15/2026 10:00,0.01987647800706327,0.022411982528865337,0.010543977282941342,0.0037058113142848016
42123,Warren County,PA,3/15/2026 11:00,0.020901389187201858,0.025485382101032884,0.011114207189530134,0.0039604247314855455
42123,Warren County,PA,3/15/2026 12:00,0.02472668280825019,0.02793288049288094,0.012321660621091723,0.003978018928319216
42123,Warren County,PA,3/15/2026 13:00,0.022920094430446625,0.030244146939367056,0.010818066168576479,0.003971656912472099
42123,Warren County,PA,3/15/2026 14:00,0.02297805156558752,0.030393115244805813,0.011195874912664293,0.0032208604272454975
42123,Warren County,PA,3/15/2026 15:00,0.024685641517862678,0.030356386117637156,0.009478490939363838,0.002323331404477358
42123,Warren County,PA,3/15/2026 16:00,0.02826482313685119,0.029319942370057105,0.00991772599518299,0.0022013072913978247
42123,Warren County,PA,3/15/2026 17:00,0.03491028072312474,0.02985615227371454,0.008840239653363825,0.0014514891372527927
42123,Warren County,PA,3/15/2026 18:00,0.034646439366042614,0.026672731339931487,0.007408499834127724,0.0015694362326030386
42123,Warren County,PA,3/15/2026 19:00,0.03243857459165156,0.023836761340498926,0.005565773148555308,0.0010748747394245584
42123,Warren County,PA,3/15/2026 20:00,0.03249499527737498,0.02326493486762047,0.0047818310267757624,0.0
42123,Warren County,PA,3/15/2026 21:00,0.03147557144984603,0.020315374806523324,0.004726213990943506,0.0
42123,Warren County,PA,3/15/2026 22:00,0.030333559261634946,0.021428483352065087,0.00420265993452631,0.0
42123,Warren County,PA,3/15/2026 23:00,0.027081427862867713,0.01898563988506794,0.004038542939815671,0.0
42123,Warren County,PA,3/16/2026 0:00,0.02694570552557707,0.016678380127996207,0.00353703559958376,0.0
42123,Warren County,PA,3/16/2026 1:00,0.023419538279995322,0.013723819609731435,0.0033950402488699184,0.0
42123,Warren County,PA,3/16/2026 2:00,0.021011302480474114,0.013895870372653007,0.002673806741950102,0.0
42123,Warren County,PA,3/16/2026 3:00,0.0222114990465343,0.012977339327335358,0.0024183990637538953,0.0
42123,Warren County,PA,3/16/2026 4:00,0.020564804784953594,0.012208453426137567,0.0016573011729633436,0.0
42123,Warren County,PA,3/16/2026 5:00,0.018404727801680565,0.011823672382161022,0.0018951583631860558,0.0
42123,Warren County,PA,3/16/2026 6:00,0.013956772396340966,0.011047362349927425,0.0022501649480545895,0.0
42123,Warren County,PA,3/16/2026 7:00,0.01523357699625194,0.011789642996154726,0.002710536727681756,0.0
42123,Warren County,PA,3/16/2026 8:00,0.015827895142138004,0.0098938699811697,0.0024785829649772496,0.0
42123,Warren County,PA,3/16/2026 9:00,0.015344086568802595,0.009543691598810255,0.00367848391761072,0.0
42123,Warren County,PA,3/16/2026 10:00,0.01643411861732602,0.008705818676389754,0.004972689933492802,0.0
42123,Warren County,PA,3/16/2026 11:00,0.017659222707152367,0.009623384330188856,0.0047181948350043966,0.0
42123,Warren County,PA,3/16/2026 12:00,0.013660707278177142,0.01209407770074904,0.005346254468895495,0.0017472326873757993
42123,Warren County,PA,3/16/2026 13:00,0.011768957250751555,0.011539970058947802,0.004662387807911728,0.0017539779815706424
42123,Warren County,PA,3/16/2026 14:00,0.013004450127482414,0.010293238051235675,0.004257775354199111,0.0020833490008953957
42123,Warren County,PA,3/16/2026 15:00,0.012154112104326487,0.010867353272624313,0.0026089383638463913,0.002132923813769594
42123,Warren County,PA,3/16/2026 16:00,0.012052822858095169,0.01113033234141767,0.003233198277303018,0.0020787771485629492
42123,Warren County,PA,3/16/2026 17:00,0.014097945066168904,0.012263134145177901,0.002127736693364568,0.0
42123,Warren County,PA,3/16/2026 18:00,0.012813576147891581,0.01168352144304663,0.0020060961542185396,0.0
42123,Warren County,PA,3/16/2026 19:00,0.010781099204905331,0.01462816532002762,0.001473143117618747,0.0
42123,Warren County,PA,3/16/2026 20:00,0.012415681383572519,0.016074578277766705,0.0,0.0
42123,Warren County,PA,3/16/2026 21:00,0.012413357384502888,0.015090295998379587,0.0,0.0
42123,Warren County,PA,3/16/2026 22:00,0.013169981655664742,0.012382803717628121,0.0,0.0
42123,Warren County,PA,3/16/2026 23:00,0.012056528241373599,0.01271464147066581,0.0,0.0
42123,Warren County,PA,3/17/2026 0:00,0.017543282127007842,0.014950329810380936,0.0,0.0
42123,Warren County,PA,3/17/2026 1:00,0.018928463105112314,0.013580311561236158,0.0,0.0
42123,Warren County,PA,3/17/2026 2:00,0.017479002941399813,0.013387267792131752,0.0,0.0
42123,Warren County,PA,3/17/2026 3:00,0.015459390124306083,0.014551179215777666,0.0,0.0
42123,Warren County,PA,3/17/2026 4:00,0.015220073284581304,0.015983310341835023,0.0,0.0
42123,Warren County,PA,3/17/2026 5:00,0.01613976270891726,0.015348077565431596,0.0,0.0
42123,Warren County,PA,3/17/2026 6:00,0.01563842804171145,0.013892024639062583,0.0,0.0
42123,Warren County,PA,3/17/2026 7:00,0.015555920545011759,0.010835692507680506,0.0,0.0
42123,Warren County,PA,3/17/2026 8:00,0.01713722152635455,0.010728523414582015,0.0,0.0
42123,Warren County,PA,3/17/2026 9:00,0.017539216671139002,0.008036185754463077,0.0,0.0
42123,Warren County,PA,3/17/2026 10:00,0.01602540456224233,0.007389712089207023,0.0,0.0
42123,Warren County,PA,3/17/2026 11:00,0.014739985228516161,0.005096048221457749,0.0013860152277629823,0.0
42123,Warren County,PA,3/17/2026 12:00,0.011636803043074906,0.0031646975548937917,0.0018927645345684142,0.0
42123,Warren County,PA,3/17/2026 13:00,0.011473161110188812,0.004526918148621916,0.00194388898962643,0.0
42123,Warren County,PA,3/17/2026 14:00,0.009268438094295561,0.0032428152626380324,0.0,0.0
42123,Warren County,PA,3/17/2026 15:00,0.007856494485167786,0.0023984917206689715,0.0,0.0
42123,Warren County,PA,3/17/2026 16:00,0.005425758688943461,0.0023011294892057777,0.0,0.0
42123,Warren County,PA,3/17/2026 17:00,0.003718315507285297,0.0039583892095834015,0.0,0.0
42123,Warren County,PA,3/17/2026 18:00,0.005160840839380398,0.005403130280319602,0.0,0.0
42123,Warren County,PA,3/17/2026 19:00,0.00361244980012998,0.005523870652541518,0.0,0.0
42123,Warren County,PA,3/17/2026 20:00,0.003034246707102284,0.005723252566531301,0.0,0.0
42123,Warren County,PA,3/17/2026 21:00,0.0028465585492085665,0.005659724585711956,0.0,0.0
42123,Warren County,PA,3/17/2026 22:00,0.004468756960704923,0.005276527581736445,0.0,0.0
42123,Warren County,PA,3/17/2026 23:00,0.0059791154926642776,0.004407832818105817,0.0,0.0
42123,Warren County,PA,3/18/2026 0:00,0.005653556290781125,0.00588200653437525,0.0,
42123,Warren County,PA,3/18/2026 1:00,0.005798254191176966,0.006301377376075834,0.0,
42123,Warren County,PA,3/18/2026 2:00,0.005747337214415893,0.0047053626854904,0.0,
42123,Warren County,PA,3/18/2026 3:00,0.005145273375092074,0.004938609921373427,0.0,
42123,Warren County,PA,3/18/2026 4:00,0.004359750426374376,0.004813779017422348,0.0,
42123,Warren County,PA,3/18/2026 5:00,0.0058763243578141555,0.005823428393341601,0.0,
42123,Warren County,PA,3/18/2026 6:00,0.006323426139715593,0.010898839787114412,0.0,
42123,Warren County,PA,3/18/2026 7:00,0.0046124341315589845,0.010123154008761048,0.0,
42123,Warren County,PA,3/18/2026 8:00,0.004954316973453388,0.008588343451265246,0.0,
42123,Warren County,PA,3/18/2026 9:00,0.005146470852196217,0.008671416086144745,0.0,
42123,Warren County,PA,3/18/2026 10:00,0.006164652164443396,0.008826884749578313,0.0,
42123,Warren County,PA,3/18/2026 11:00,0.011244676556088962,0.00781345262657851,0.0,
42123,Warren County,PA,3/18/2026 12:00,0.010476543742697686,0.007562513009179384,0.0,
42123,Warren County,PA,3/18/2026 13:00,0.008830418242723681,0.007187065132893622,0.0,
42123,Warren County,PA,3/18/2026 14:00,0.009015871968585998,0.006571964011527598,0.0,
42123,Warren County,PA,3/18/2026 15:00,0.009142225724644959,0.0074277341016568245,0.0,
42123,Warren County,PA,3/18/2026 16:00,0.008228298422181979,0.007678152504377067,0.0,
42123,Warren County,PA,3/18/2026 17:00,0.00800054584397003,0.006140592659357935,0.0,
42123,Warren County,PA,3/18/2026 18:00,0.007572008282295428,0.0047645919141359626,0.0,
42123,Warren County,PA,3/18/2026 19:00,0.006917882172274403,0.006366026727482677,0.0,
42123,Warren County,PA,3/18/2026 20:00,0.007723164788330905,0.00689598845783621,0.0,
42123,Warren County,PA,3/18/2026 21:00,0.008058890060056001,0.007065839343704283,0.0,
42123,Warren County,PA,3/18/2026 22:00,0.006554342660820112,0.006181418697815388,0.0,
42123,Warren County,PA,3/18/2026 23:00,0.004894836441053485,0.005657360341865569,0.0,
42123,Warren County,PA,3/19/2026 0:00,0.006255503190914169,0.008250586525537073,,
42123,Warren County,PA,3/19/2026 1:00,0.006738290889188647,0.00625900337472558,,
42123,Warren County,PA,3/19/2026 2:00,0.006836594431661069,0.006730549619533122,,
42123,Warren County,PA,3/19/2026 3:00,0.005882566299987957,0.004775450576562435,,
42123,Warren County,PA,3/19/2026 4:00,0.005376356013584882,0.006660091818775982,,
42123,Warren County,PA,3/19/2026 5:00,0.007963974872836843,0.00568023604573682,,
42123,Warren County,PA,3/19/2026 6:00,0.006050656229490414,0.005415960075333714,,
42123,Warren County,PA,3/19/2026 7:00,0.006592998717678711,0.00475747911259532,,
42123,Warren County,PA,3/19/2026 8:00,0.004688566186814569,0.004122678458224982,,
42123,Warren County,PA,3/19/2026 9:00,0.006581269699381664,0.005464356677839533,,
42123,Warren County,PA,3/19/2026 10:00,0.00564593228045851,0.004906638734973967,,
42123,Warren County,PA,3/19/2026 11:00,0.005263842380372807,0.0042967120418325065,,
42123,Warren County,PA,3/19/2026 12:00,0.004662286140955985,0.0030157621775288137,,
42123,Warren County,PA,3/19/2026 13:00,0.004232880219205981,0.004544555221218616,,
42123,Warren County,PA,3/19/2026 14:00,0.005428503034636378,0.00611786128138192,,
42123,Warren County,PA,3/19/2026 15:00,0.004720651573734358,0.006367292517097667,,
42123,Warren County,PA,3/19/2026 16:00,0.004107984699658118,0.008182572307123336,,
42123,Warren County,PA,3/19/2026 17:00,0.0029514970519812778,0.006345578830223531,,
42123,Warren County,PA,3/19/2026 18:00,0.004471321692108177,,,
42123,Warren County,PA,3/19/2026 19:00,0.006047524191671982,,,
42123,Warren County,PA,3/19/2026 20:00,0.00645578571857186,,,
42123,Warren County,PA,3/19/2026 21:00,0.008315273946209345,,,
42123,Warren County,PA,3/19/2026 22:00,0.006695952033624053,,,
42123,Warren County,PA,3/19/2026 23:00,,,,
54001,Barbour County,WV,3/14/2026 0:00,0.02843533846316859,0.01861688494682312,0.0013914481620304286,0.003144831396639347
54001,Barbour County,WV,3/14/2026 1:00,0.02146238333079964,0.01736742155626416,0.0016990468167932705,0.002668049477506429
54001,Barbour County,WV,3/14/2026 2:00,0.018117987434379756,0.01630313480272889,0.001848736358806491,0.0018344738171435894
54001,Barbour County,WV,3/14/2026 3:00,0.016176051751244813,0.015460139606148005,0.0012425767796230502,0.00213882347161416
54001,Barbour County,WV,3/14/2026 4:00,0.015199091169051826,0.01522234589792788,0.0017083169586840086,0.0019830033430480397
54001,Barbour County,WV,3/14/2026 5:00,0.018112757708877325,0.01382559936027974,0.0015147744511523342,0.0019534318475052715
54001,Barbour County,WV,3/14/2026 6:00,0.016631837701424956,0.011397050926461816,0.0014441314269788563,0.002606415975606069
54001,Barbour County,WV,3/14/2026 7:00,0.016169357986655086,0.01048547071404755,0.0019533403887180612,0.002823596337111667
54001,Barbour County,WV,3/14/2026 8:00,0.015523112786468118,0.00882050609216094,0.002128970104968175,0.0034877838217653332
54001,Barbour County,WV,3/14/2026 9:00,0.01547687899437733,0.008045931649394333,0.0014546004065778106,0.0028695581946521997
54001,Barbour County,WV,3/14/2026 10:00,0.014025841242983006,0.00711203869432211,0.0014446061570197344,0.002659320185193792
54001,Barbour County,WV,3/14/2026 11:00,0.01069391833152622,0.005977474921382964,0.0020569341082591563,0.002356800192501396
54001,Barbour County,WV,3/14/2026 12:00,0.009749417658895254,0.004463430284522474,0.002057709079235792,0.0017118406598456205
54001,Barbour County,WV,3/14/2026 13:00,0.008414230600465089,0.002340472862124443,0.002552251680754125,0.0010965188732370735
54001,Barbour County,WV,3/14/2026 14:00,0.007576073403470218,0.0017600581981241704,0.0012411486823111773,0.0
54001,Barbour County,WV,3/14/2026 15:00,0.006954758893698454,0.0014693853445351124,0.0014769598608836533,0.0013244427391327918
54001,Barbour County,WV,3/14/2026 16:00,0.005652913823723793,0.0011550463736057282,0.0022009039064869286,0.0
54001,Barbour County,WV,3/14/2026 17:00,0.004483796044951305,0.001530436454777373,0.002411144506186247,0.0
54001,Barbour County,WV,3/14/2026 18:00,0.0026255434204358608,0.0010934815523796714,0.004048910742858425,0.0
54001,Barbour County,WV,3/14/2026 19:00,0.0023383137740324855,0.0012416675221174956,0.0027039905777201056,0.0017729381390381605
54001,Barbour County,WV,3/14/2026 20:00,0.0017262666588067077,0.0010209965985268354,0.001928664732258767,0.0019710763150214915
54001,Barbour County,WV,3/14/2026 21:00,0.0018183245992986485,0.0,0.0034729057573713363,0.0017699184096272801
54001,Barbour County,WV,3/14/2026 22:00,0.001843735866714269,0.002065460570156574,0.0038668890949338673,0.0016129933341289871
54001,Barbour County,WV,3/14/2026 23:00,0.0013865150685887784,0.0010793658904731274,0.005279831122606993,0.001400772477791179
54001,Barbour County,WV,3/15/2026 0:00,0.0012459518911782652,0.0,0.005335637938696891,0.0017201850016135723
54001,Barbour County,WV,3/15/2026 1:00,0.0010918821499217302,0.0010735493153333664,0.005151374579872936,0.0
54001,Barbour County,WV,3/15/2026 2:00,0.0,0.0016697023063898086,0.006032609101384878,0.0018112021265551449
54001,Barbour County,WV,3/15/2026 3:00,0.001441044034436345,0.0021118196658790112,0.005373782059177756,0.0014542029151925818
54001,Barbour County,WV,3/15/2026 4:00,0.0,0.001608644053339958,0.004936636495403946,0.0014195251947967335
54001,Barbour County,WV,3/15/2026 5:00,0.0,0.0018963077804073692,0.004358681663870811,0.0014568992541171611
54001,Barbour County,WV,3/15/2026 6:00,0.0,0.0017980404663830996,0.005001032701693475,0.001534813648322597
54001,Barbour County,WV,3/15/2026 7:00,0.0,0.0022448936942964792,0.0047164504532702265,0.0017850836156867445
54001,Barbour County,WV,3/15/2026 8:00,0.0012512387474998832,0.002156432019546628,0.0061314823222346606,0.002138612975249998
54001,Barbour County,WV,3/15/2026 9:00,0.001467669673729688,0.002564123139018193,0.006863200175575912,0.0024798964499495924
54001,Barbour County,WV,3/15/2026 10:00,0.001192630734294653,0.0030361101031303405,0.005020323139615357,0.002697480921051465
54001,Barbour County,WV,3/15/2026 11:00,0.0016165769775398076,0.0031940985390974674,0.0044718239922076465,0.002580556173052173
54001,Barbour County,WV,3/15/2026 12:00,0.001852180459536612,0.0036841362656559796,0.005964640469755977,0.002465251009562053
54001,Barbour County,WV,3/15/2026 13:00,0.0,0.00325696476502344,0.0045488521223887805,0.0017702041601296513
54001,Barbour County,WV,3/15/2026 14:00,0.0016154132317751646,0.0027316213527228683,0.00446278442395851,0.001407523505622521
54001,Barbour County,WV,3/15/2026 15:00,0.0016069085104390979,0.003654378990177065,0.004433947708457708,0.0
54001,Barbour County,WV,3/15/2026 16:00,0.0024838029639795423,0.004144158575218171,0.0027751951129175723,0.0
54001,Barbour County,WV,3/15/2026 17:00,0.002795945794787258,0.0047884643485303965,0.002991078677587211,0.0
54001,Barbour County,WV,3/15/2026 18:00,0.002007406554184854,0.00471189480740577,0.0027448916745925088,0.0
54001,Barbour County,WV,3/15/2026 19:00,0.0015232113655656576,0.004110816586762667,0.002265206299239253,0.0
54001,Barbour County,WV,3/15/2026 20:00,0.001150292344391346,0.003976277634501457,0.00237155212489597,0.0
54001,Barbour County,WV,3/15/2026 21:00,0.0015118066221475601,0.004397416603751481,0.0030642091063782574,0.0
54001,Barbour County,WV,3/15/2026 22:00,0.0023640876170247793,0.003588018170557916,0.0028673200838966297,0.0
54001,Barbour County,WV,3/15/2026 23:00,0.0029029956785961986,0.0033412342265364712,0.0021851630241144448,0.0
54001,Barbour County,WV,3/16/2026 0:00,0.003067866782657802,0.004077459164545871,0.0014184651314280926,0.0
54001,Barbour County,WV,3/16/2026 1:00,0.002872423967346549,0.003840049504651688,0.0,0.0
54001,Barbour County,WV,3/16/2026 2:00,0.0036087321350350976,0.004889687080867589,0.0,0.0
54001,Barbour County,WV,3/16/2026 3:00,0.0021823529386892915,0.00525799065362662,0.0011027169806766325,0.0
54001,Barbour County,WV,3/16/2026 4:00,0.0023554533254355192,0.004008170909946785,0.0014460291218711062,0.0
54001,Barbour County,WV,3/16/2026 5:00,0.003223060513846576,0.0032128667226061225,0.001982052606763318,0.0
54001,Barbour County,WV,3/16/2026 6:00,0.0032566259033046663,0.003332754038274288,0.001321356746393576,0.0
54001,Barbour County,WV,3/16/2026 7:00,0.00538208571379073,0.0028026400599628688,0.0,0.0
54001,Barbour County,WV,3/16/2026 8:00,0.005244423839030787,0.002866246970370412,0.0,0.0
54001,Barbour County,WV,3/16/2026 9:00,0.004002063320513116,0.0029001591567066496,0.0014393931385711766,0.0
54001,Barbour County,WV,3/16/2026 10:00,0.0031441750325029716,0.0018874334418796934,0.001233997117378749,0.0
54001,Barbour County,WV,3/16/2026 11:00,0.0028104609809815884,0.0018762113293632865,0.0026406587625388057,0.0
54001,Barbour County,WV,3/16/2026 12:00,0.0018365563591942191,0.0017271993972826749,0.0035241568140918387,0.0
54001,Barbour County,WV,3/16/2026 13:00,0.0018257367191836238,0.002129367319867015,0.0036870293275569565,0.0
54001,Barbour County,WV,3/16/2026 14:00,0.0025748435873538256,0.0016036597080528736,0.0030669907631818206,0.0
54001,Barbour County,WV,3/16/2026 15:00,0.001678924192674458,0.0022093615494668483,0.0017355261283228175,0.0
54001,Barbour County,WV,3/16/2026 16:00,0.0015438117843586951,0.002043258585035801,0.0010845257187611424,0.0
54001,Barbour County,WV,3/16/2026 17:00,0.0015804249378561508,0.0027913859114050863,0.00134763692622073,0.0
54001,Barbour County,WV,3/16/2026 18:00,0.002540391815273324,0.0018354443367570637,0.0,0.0
54001,Barbour County,WV,3/16/2026 19:00,0.0015403780853375793,0.002090278826653957,0.0,0.0
54001,Barbour County,WV,3/16/2026 20:00,0.0018990614917129278,0.001730824215337634,0.0,0.0
54001,Barbour County,WV,3/16/2026 21:00,0.0,0.001153461681678891,0.0,0.0
54001,Barbour County,WV,3/16/2026 22:00,0.0014632688835263252,0.0014445139560848475,0.0,0.0
54001,Barbour County,WV,3/16/2026 23:00,0.0,0.0016963264439254998,0.0,0.0
54001,Barbour County,WV,3/17/2026 0:00,0.0,0.0,0.0,0.0
54001,Barbour County,WV,3/17/2026 1:00,0.0,0.0,0.0,0.0
54001,Barbour County,WV,3/17/2026 2:00,0.0010175193892791867,0.0,0.0,0.0
54001,Barbour County,WV,3/17/2026 3:00,0.0,0.0,0.0,0.0
54001,Barbour County,WV,3/17/2026 4:00,0.0,0.0013317520264536143,0.0,0.0
54001,Barbour County,WV,3/17/2026 5:00,0.0,0.001389022171497345,0.0,0.0
54001,Barbour County,WV,3/17/2026 6:00,0.0,0.002172367740422487,0.0,0.0
54001,Barbour County,WV,3/17/2026 7:00,0.0,0.002144211810082197,0.0,0.0
54001,Barbour County,WV,3/17/2026 8:00,0.0,0.0017575123347342014,0.0,0.0
54001,Barbour County,WV,3/17/2026 9:00,0.0,0.0014756267191842198,0.0,0.0
54001,Barbour County,WV,3/17/2026 10:00,0.0,0.0012916875770315529,0.0,0.0
54001,Barbour County,WV,3/17/2026 11:00,0.0,0.0010489232081454247,0.0,0.0
54001,Barbour County,WV,3/17/2026 12:00,0.0,0.0,0.0,0.0
54001,Barbour County,WV,3/17/2026 13:00,0.0,0.0,0.0,0.0
54001,Barbour County,WV,3/17/2026 14:00,0.0,0.0,0.0,0.0
54001,Barbour County,WV,3/17/2026 15:00,0.0,0.0,0.0,0.0
54001,Barbour County,WV,3/17/2026 16:00,0.0,0.0,0.0,0.0
54001,Barbour County,WV,3/17/2026 17:00,0.0,0.0,0.0,0.0
54001,Barbour County,WV,3/17/2026 18:00,0.0,0.0,0.0,0.0
54001,Barbour County,WV,3/17/2026 19:00,0.0,0.0,0.0,0.0
54001,Barbour County,WV,3/17/2026 20:00,0.0,0.0,0.0,0.0
54001,Barbour County,WV,3/17/2026 21:00,0.0,0.0,0.0,0.0
54001,Barbour County,WV,3/17/2026 22:00,0.0,0.0,0.0,0.0
54001,Barbour County,WV,3/17/2026 23:00,0.0,0.0,0.0,0.0
54001,Barbour County,WV,3/18/2026 0:00,0.0,0.0,0.0,
54001,Barbour County,WV,3/18/2026 1:00,0.0,0.0,0.0,
54001,Barbour County,WV,3/18/2026 2:00,0.0,0.0,0.0,
54001,Barbour County,WV,3/18/2026 3:00,0.0,0.0,0.0,
54001,Barbour County,WV,3/18/2026 4:00,0.0,0.0,0.0,
54001,Barbour County,WV,3/18/2026 5:00,0.0,0.001292620791355148,0.0,
54001,Barbour County,WV,3/18/2026 6:00,0.0,0.0010854748717974872,0.0,
54001,Barbour County,WV,3/18/2026 7:00,0.0,0.0,0.0,
54001,Barbour County,WV,3/18/2026 8:00,0.0,0.0,0.0,
54001,Barbour County,WV,3/18/2026 9:00,0.0,0.0,0.0,
54001,Barbour County,WV,3/18/2026 10:00,0.0012765491374011617,0.0,0.0,
54001,Barbour County,WV,3/18/2026 11:00,0.00116742258251179,0.0,0.0,
54001,Barbour County,WV,3/18/2026 12:00,0.0,0.0,0.0,
54001,Barbour County,WV,3/18/2026 13:00,0.0,0.0,0.0,
54001,Barbour County,WV,3/18/2026 14:00,0.0,0.0,0.0,
54001,Barbour County,WV,3/18/2026 15:00,0.0,0.0,0.0,
54001,Barbour County,WV,3/18/2026 16:00,0.0,0.0,0.0,
54001,Barbour County,WV,3/18/2026 17:00,0.0,0.0,0.0,
54001,Barbour County,WV,3/18/2026 18:00,0.0,0.0,0.0,
54001,Barbour County,WV,3/18/2026 19:00,0.0,0.0,0.0,
54001,Barbour County,WV,3/18/2026 20:00,0.0,0.0,0.0,
54001,Barbour County,WV,3/18/2026 21:00,0.0,0.0,0.0,
54001,Barbour County,WV,3/18/2026 22:00,0.0,0.0,0.0,
54001,Barbour County,WV,3/18/2026 23:00,0.0,0.0,0.0,
54001,Barbour County,WV,3/19/2026 0:00,0.0,0.0,,
54001,Barbour County,WV,3/19/2026 1:00,0.0,0.0,,
54001,Barbour County,WV,3/19/2026 2:00,0.0,0.0,,
54001,Barbour County,WV,3/19/2026 3:00,0.0,0.0,,
54001,Barbour County,WV,3/19/2026 4:00,0.0,0.0,,
54001,Barbour County,WV,3/19/2026 5:00,0.0,0.0,,
54001,Barbour County,WV,3/19/2026 6:00,0.0,0.0,,
54001,Barbour County,WV,3/19/2026 7:00,0.0,0.0,,
54001,Barbour County,WV,3/19/2026 8:00,0.0,0.0,,
54001,Barbour County,WV,3/19/2026 9:00,0.0,0.0,,
54001,Barbour County,WV,3/19/2026 10:00,0.0,0.0,,
54001,Barbour County,WV,3/19/2026 11:00,0.0,0.0,,
54001,Barbour County,WV,3/19/2026 12:00,0.0,0.0,,
54001,Barbour County,WV,3/19/2026 13:00,0.0,0.0,,
54001,Barbour County,WV,3/19/2026 14:00,0.0,0.0,,
54001,Barbour County,WV,3/19/2026 15:00,0.0,0.0,,
54001,Barbour County,WV,3/19/2026 16:00,0.0,0.0,,
54001,Barbour County,WV,3/19/2026 17:00,0.0,0.0,,
54001,Barbour County,WV,3/19/2026 18:00,0.0,,,
54001,Barbour County,WV,3/19/2026 19:00,0.0,,,
54001,Barbour County,WV,3/19/2026 20:00,0.0,,,
54001,Barbour County,WV,3/19/2026 21:00,0.0,,,
54001,Barbour County,WV,3/19/2026 22:00,0.0,,,
54001,Barbour County,WV,3/19/2026 23:00,,,,
54003,Berkeley County,WV,3/14/2026 0:00,0.0,0.0026616818970069287,0.0,0.0
54003,Berkeley County,WV,3/14/2026 1:00,0.0,0.0011140697635710238,0.0,0.0
54003,Berkeley County,WV,3/14/2026 2:00,0.0011388309649191797,0.0,0.0,0.0
54003,Berkeley County,WV,3/14/2026 3:00,0.0,0.0,0.0010115860961377621,0.0
54003,Berkeley County,WV,3/14/2026 4:00,0.0016269745246972889,0.0,0.0,0.0
54003,Berkeley County,WV,3/14/2026 5:00,0.002581124863354489,0.0,0.0,0.0
54003,Berkeley County,WV,3/14/2026 6:00,0.0013714353262912482,0.0,0.0,0.0
54003,Berkeley County,WV,3/14/2026 7:00,0.0010500294956727885,0.0,0.0,0.0
54003,Berkeley County,WV,3/14/2026 8:00,0.0,0.0,0.0,0.0
54003,Berkeley County,WV,3/14/2026 9:00,0.0,0.0,0.0,0.0
54003,Berkeley County,WV,3/14/2026 10:00,0.0,0.0,0.0,0.0
54003,Berkeley County,WV,3/14/2026 11:00,0.0,0.0,0.0,0.0
54003,Berkeley County,WV,3/14/2026 12:00,0.0,0.0,0.0,0.0
54003,Berkeley County,WV,3/14/2026 13:00,0.0,0.0,0.0,0.0
54003,Berkeley County,WV,3/14/2026 14:00,0.0,0.0,0.0,0.0
54003,Berkeley County,WV,3/14/2026 15:00,0.0,0.0,0.0,0.0
54003,Berkeley County,WV,3/14/2026 16:00,0.0,0.0,0.0,0.0
54003,Berkeley County,WV,3/14/2026 17:00,0.0,0.0,0.0,0.0
54003,Berkeley County,WV,3/14/2026 18:00,0.0,0.0,0.0,0.0
54003,Berkeley County,WV,3/14/2026 19:00,0.0,0.0,0.0,0.0010011452017351986
54003,Berkeley County,WV,3/14/2026 20:00,0.0,0.0,0.0,0.0017884226166643203
54003,Berkeley County,WV,3/14/2026 21:00,0.0,0.0,0.0,0.0023818191839382052
54003,Berkeley County,WV,3/14/2026 22:00,0.0,0.0,0.0,0.0019345449283719063
54003,Berkeley County,WV,3/14/2026 23:00,0.0,0.0,0.0,0.0
54003,Berkeley County,WV,3/15/2026 0:00,0.0,0.0,0.0,0.0
54003,Berkeley County,WV,3/15/2026 1:00,0.0,0.0,0.0,0.0
54003,Berkeley County,WV,3/15/2026 2:00,0.0,0.0,0.0,0.0
54003,Berkeley County,WV,3/15/2026 3:00,0.0,0.0,0.0,0.0
54003,Berkeley County,WV,3/15/2026 4:00,0.0,0.0,0.0,0.0
54003,Berkeley County,WV,3/15/2026 5:00,0.0,0.0,0.0,0.0
54003,Berkeley County,WV,3/15/2026 6:00,0.0,0.0,0.0,0.0
54003,Berkeley County,WV,3/15/2026 7:00,0.0,0.0,0.0,0.0
54003,Berkeley County,WV,3/15/2026 8:00,0.0,0.0,0.0,0.0
54003,Berkeley County,WV,3/15/2026 9:00,0.0,0.0,0.0,0.0
54003,Berkeley County,WV,3/15/2026 10:00,0.0,0.0,0.0,0.0
54003,Berkeley County,WV,3/15/2026 11:00,0.0,0.0,0.0,0.0
54003,Berkeley County,WV,3/15/2026 12:00,0.0,0.0,0.0,0.0
54003,Berkeley County,WV,3/15/2026 13:00,0.0,0.0,0.0,0.0
54003,Berkeley County,WV,3/15/2026 14:00,0.0,0.0,0.0,0.0
54003,Berkeley County,WV,3/15/2026 15:00,0.0,0.0,0.0,0.0
54003,Berkeley County,WV,3/15/2026 16:00,0.0,0.0,0.0,0.0
54003,Berkeley County,WV,3/15/2026 17:00,0.0,0.0,0.0,0.0
54003,Berkeley County,WV,3/15/2026 18:00,0.0,0.0,0.0,0.0
54003,Berkeley County,WV,3/15/2026 19:00,0.0,0.0,0.0024390911421505734,0.0
54003,Berkeley County,WV,3/15/2026 20:00,0.0,0.0,0.003157594974618405,0.0
54003,Berkeley County,WV,3/15/2026 21:00,0.0,0.0,0.003497589216567576,0.0
54003,Berkeley County,WV,3/15/2026 22:00,0.0,0.0,0.004172072489745915,0.0
54003,Berkeley County,WV,3/15/2026 23:00,0.0,0.0,0.003433522186242044,0.0
54003,Berkeley County,WV,3/16/2026 0:00,0.0,0.0,0.0025648046168498693,0.0
54003,Berkeley County,WV,3/16/2026 1:00,0.0,0.0,0.0023073119693435727,0.0
54003,Berkeley County,WV,3/16/2026 2:00,0.0,0.0,0.001412337855435908,0.0
54003,Berkeley County,WV,3/16/2026 3:00,0.0,0.0,0.001472568465396762,0.0
54003,Berkeley County,WV,3/16/2026 4:00,0.0,0.0,0.0016914920182898641,0.0
54003,Berkeley County,WV,3/16/2026 5:00,0.0,0.0,0.0013637622236274184,0.0
54003,Berkeley County,WV,3/16/2026 6:00,0.0,0.0,0.0012706993031315506,0.0
54003,Berkeley County,WV,3/16/2026 7:00,0.0,0.0,0.001291781576583162,0.0
54003,Berkeley County,WV,3/16/2026 8:00,0.0,0.0,0.0,0.0
54003,Berkeley County,WV,3/16/2026 9:00,0.0,0.0,0.0,0.0
54003,Berkeley County,WV,3/16/2026 10:00,0.0,0.0,0.0,0.0
54003,Berkeley County,WV,3/16/2026 11:00,0.0,0.0,0.0014872789179207757,0.0
54003,Berkeley County,WV,3/16/2026 12:00,0.0,0.0010088151320815086,0.0,0.0
54003,Berkeley County,WV,3/16/2026 13:00,0.0,0.00251819365657866,0.0,0.0
54003,Berkeley County,WV,3/16/2026 14:00,0.0,0.0033613523235544564,0.0,0.0
54003,Berkeley County,WV,3/16/2026 15:00,0.0,0.0036371971247717736,0.0,0.0
54003,Berkeley County,WV,3/16/2026 16:00,0.0,0.0042228196049109105,0.0,0.0
54003,Berkeley County,WV,3/16/2026 17:00,0.0,0.0035953286802396177,0.0,0.0
54003,Berkeley County,WV,3/16/2026 18:00,0.002735691894486081,0.0022880278062075376,0.0,0.0
54003,Berkeley County,WV,3/16/2026 19:00,0.003677364526083693,0.0016568999737501145,0.0,0.0
54003,Berkeley County,WV,3/16/2026 20:00,0.003784334607189521,0.0018677250016480684,0.0,0.0
54003,Berkeley County,WV,3/16/2026 21:00,0.003352828440256417,0.0,0.0,0.0
54003,Berkeley County,WV,3/16/2026 22:00,0.002851975033991039,0.0011232958873733877,0.0,0.0
54003,Berkeley County,WV,3/16/2026 23:00,0.0,0.0010524215409532189,0.0,0.0
54003,Berkeley County,WV,3/17/2026 0:00,0.0,0.0,0.0,0.0
54003,Berkeley County,WV,3/17/2026 1:00,0.0,0.0,0.0,0.0
54003,Berkeley County,WV,3/17/2026 2:00,0.0,0.0,0.0,0.0
54003,Berkeley County,WV,3/17/2026 3:00,0.0,0.0,0.0,0.0
54003,Berkeley County,WV,3/17/2026 4:00,0.0,0.0,0.0,0.0
54003,Berkeley County,WV,3/17/2026 5:00,0.0,0.0,0.0,0.0
54003,Berkeley County,WV,3/17/2026 6:00,0.0,0.0,0.0,0.0
54003,Berkeley County,WV,3/17/2026 7:00,0.0,0.0,0.0,0.0
54003,Berkeley County,WV,3/17/2026 8:00,0.0,0.0,0.0,0.0
54003,Berkeley County,WV,3/17/2026 9:00,0.0,0.0,0.0,0.0
54003,Berkeley County,WV,3/17/2026 10:00,0.0,0.0,0.0,0.0
54003,Berkeley County,WV,3/17/2026 11:00,0.0,0.0,0.0,0.0
54003,Berkeley County,WV,3/17/2026 12:00,0.0,0.0,0.0,0.0
54003,Berkeley County,WV,3/17/2026 13:00,0.0,0.0,0.0,0.0
54003,Berkeley County,WV,3/17/2026 14:00,0.0,0.0,0.0,0.0
54003,Berkeley County,WV,3/17/2026 15:00,0.0,0.0,0.0,0.0
54003,Berkeley County,WV,3/17/2026 16:00,0.0,0.0,0.0,0.0
54003,Berkeley County,WV,3/17/2026 17:00,0.0,0.0,0.0,0.0
54003,Berkeley County,WV,3/17/2026 18:00,0.0,0.0,0.0,0.0
54003,Berkeley County,WV,3/17/2026 19:00,0.0,0.0,0.0,0.0
54003,Berkeley County,WV,3/17/2026 20:00,0.0,0.0,0.0,0.0
54003,Berkeley County,WV,3/17/2026 21:00,0.0,0.0,0.0,0.0
54003,Berkeley County,WV,3/17/2026 22:00,0.0,0.0,0.0,0.0
54003,Berkeley County,WV,3/17/2026 23:00,0.0,0.0,0.0,0.0
54003,Berkeley County,WV,3/18/2026 0:00,0.0,0.0,0.0,
54003,Berkeley County,WV,3/18/2026 1:00,0.0,0.0,0.0,
54003,Berkeley County,WV,3/18/2026 2:00,0.0,0.0,0.0,
54003,Berkeley County,WV,3/18/2026 3:00,0.0,0.0,0.0,
54003,Berkeley County,WV,3/18/2026 4:00,0.0,0.0,0.0,
54003,Berkeley County,WV,3/18/2026 5:00,0.0,0.0,0.0,
54003,Berkeley County,WV,3/18/2026 6:00,0.0,0.0,0.0,
54003,Berkeley County,WV,3/18/2026 7:00,0.0,0.0,0.0,
54003,Berkeley County,WV,3/18/2026 8:00,0.0,0.0,0.0,
54003,Berkeley County,WV,3/18/2026 9:00,0.0,0.0,0.0,
54003,Berkeley County,WV,3/18/2026 10:00,0.0,0.0,0.0,
54003,Berkeley County,WV,3/18/2026 11:00,0.0,0.0,0.0,
54003,Berkeley County,WV,3/18/2026 12:00,0.0,0.0,0.0,
54003,Berkeley County,WV,3/18/2026 13:00,0.0,0.0,0.0,
54003,Berkeley County,WV,3/18/2026 14:00,0.0,0.0,0.0,
54003,Berkeley County,WV,3/18/2026 15:00,0.0,0.0,0.0,
54003,Berkeley County,WV,3/18/2026 16:00,0.0,0.0,0.0,
54003,Berkeley County,WV,3/18/2026 17:00,0.0,0.0,0.0,
54003,Berkeley County,WV,3/18/2026 18:00,0.0,0.0,0.0,
54003,Berkeley County,WV,3/18/2026 19:00,0.0,0.0,0.0,
54003,Berkeley County,WV,3/18/2026 20:00,0.0,0.0,0.0,
54003,Berkeley County,WV,3/18/2026 21:00,0.0,0.0,0.0,
54003,Berkeley County,WV,3/18/2026 22:00,0.0,0.0,0.0,
54003,Berkeley County,WV,3/18/2026 23:00,0.0,0.0,0.0,
54003,Berkeley County,WV,3/19/2026 0:00,0.0,0.0,,
54003,Berkeley County,WV,3/19/2026 1:00,0.0,0.0,,
54003,Berkeley County,WV,3/19/2026 2:00,0.0,0.0,,
54003,Berkeley County,WV,3/19/2026 3:00,0.0,0.0,,
54003,Berkeley County,WV,3/19/2026 4:00,0.0,0.0,,
54003,Berkeley County,WV,3/19/2026 5:00,0.0,0.0,,
54003,Berkeley County,WV,3/19/2026 6:00,0.0,0.0,,
54003,Berkeley County,WV,3/19/2026 7:00,0.0,0.0,,
54003,Berkeley County,WV,3/19/2026 8:00,0.0,0.0,,
54003,Berkeley County,WV,3/19/2026 9:00,0.0,0.0,,
54003,Berkeley County,WV,3/19/2026 10:00,0.0,0.0,,
54003,Berkeley County,WV,3/19/2026 11:00,0.0,0.0,,
54003,Berkeley County,WV,3/19/2026 12:00,0.0,0.0,,
54003,Berkeley County,WV,3/19/2026 13:00,0.0,0.0,,
54003,Berkeley County,WV,3/19/2026 14:00,0.0,0.0,,
54003,Berkeley County,WV,3/19/2026 15:00,0.0,0.0,,
54003,Berkeley County,WV,3/19/2026 16:00,0.0,0.0,,
54003,Berkeley County,WV,3/19/2026 17:00,0.0,0.0,,
54003,Berkeley County,WV,3/19/2026 18:00,0.0,,,
54003,Berkeley County,WV,3/19/2026 19:00,0.0,,,
54003,Berkeley County,WV,3/19/2026 20:00,0.0,,,
54003,Berkeley County,WV,3/19/2026 21:00,0.0,,,
54003,Berkeley County,WV,3/19/2026 22:00,0.0,,,
54003,Berkeley County,WV,3/19/2026 23:00,,,,
54005,Boone County,WV,3/14/2026 0:00,0.0012249186402186751,0.001266149230650626,0.0,0.0014644925569882617
54005,Boone County,WV,3/14/2026 1:00,0.0,0.0015990423155017198,0.0,0.0014147700334433467
54005,Boone County,WV,3/14/2026 2:00,0.0,0.0020173147204332054,0.0,0.0
54005,Boone County,WV,3/14/2026 3:00,0.0,0.002402883535251021,0.0,0.0
54005,Boone County,WV,3/14/2026 4:00,0.0,0.002298148791305721,0.0,0.001088454267301131
54005,Boone County,WV,3/14/2026 5:00,0.0017922400147654116,0.0025973527692258356,0.0,0.002923286422446836
54005,Boone County,WV,3/14/2026 6:00,0.00199657617486082,0.0025698351295432077,0.0,0.007445348706096411
54005,Boone County,WV,3/14/2026 7:00,0.0024573634145781398,0.002117634314345196,0.0,0.010528962966054677
54005,Boone County,WV,3/14/2026 8:00,0.0026622194855008274,0.0022341203584801406,0.0,0.008258520369417965
54005,Boone County,WV,3/14/2026 9:00,0.002745229983702302,0.00170538971433416,0.0,0.007003861106932163
54005,Boone County,WV,3/14/2026 10:00,0.0030947948689572513,0.00175391910597682,0.0,0.005060745723312721
54005,Boone County,WV,3/14/2026 11:00,0.00280761304020416,0.0018312573491130024,0.0,0.006092193047516048
54005,Boone County,WV,3/14/2026 12:00,0.0024817366211209446,0.001884137693559751,0.0,0.005834217785741202
54005,Boone County,WV,3/14/2026 13:00,0.0025065572990570217,0.0020807560491448384,0.0,0.005311984941363335
54005,Boone County,WV,3/14/2026 14:00,0.0022941380739212036,0.0020509826477791647,0.0018390093304333278,0.00783493013586849
54005,Boone County,WV,3/14/2026 15:00,0.0023958965903148055,0.0015430428252329875,0.0015950432298268424,0.008089827839285135
54005,Boone County,WV,3/14/2026 16:00,0.0022510757262352854,0.0017967460968066006,0.0025462316220000504,0.005544382423977368
54005,Boone County,WV,3/14/2026 17:00,0.0023326118534896523,0.001626118691638112,0.0032821428932948036,0.006852426465775352
54005,Boone County,WV,3/14/2026 18:00,0.0023610166972503066,0.0,0.003327251552400412,0.007684750237967819
54005,Boone County,WV,3/14/2026 19:00,0.0021197398309595883,0.0,0.002340928796911612,0.011018785854685121
54005,Boone County,WV,3/14/2026 20:00,0.001599922208697535,0.0,0.0,0.011526040463650133
54005,Boone County,WV,3/14/2026 21:00,0.001776548640918918,0.0,0.0,0.01265263311797753
54005,Boone County,WV,3/14/2026 22:00,0.0015627116008545272,0.0,0.0,0.014026215602643787
54005,Boone County,WV,3/14/2026 23:00,0.0,0.0,0.0,0.01263570026785601
54005,Boone County,WV,3/15/2026 0:00,0.0,0.0,0.0,0.012028069034568035
54005,Boone County,WV,3/15/2026 1:00,0.0,0.0,0.0,0.012909157283138484
54005,Boone County,WV,3/15/2026 2:00,0.0,0.0,0.0,0.01248760448070243
54005,Boone County,WV,3/15/2026 3:00,0.0,0.0,0.0012579118309076875,0.012466735969064757
54005,Boone County,WV,3/15/2026 4:00,0.0,0.0,0.0018903240212239324,0.012213502964004874
54005,Boone County,WV,3/15/2026 5:00,0.0,0.0,0.004439869045745582,0.01264173174276948
54005,Boone County,WV,3/15/2026 6:00,0.0,0.0,0.005834426177898422,0.01295215594000183
54005,Boone County,WV,3/15/2026 7:00,0.0,0.0011392978485673666,0.007405977498274296,0.013362989772576838
54005,Boone County,WV,3/15/2026 8:00,0.0,0.0015155771165154875,0.011394446983467787,0.014836852694861591
54005,Boone County,WV,3/15/2026 9:00,0.0,0.0015847949194721877,0.010567653390171471,0.013268790463916958
54005,Boone County,WV,3/15/2026 10:00,0.0,0.0025109895621426405,0.008870703019783831,0.012553824321366846
54005,Boone County,WV,3/15/2026 11:00,0.0,0.0030030937166884543,0.00791238997480832,0.011228668072726577
54005,Boone County,WV,3/15/2026 12:00,0.0,0.0025279287016019224,0.006981312090647407,0.010313083324581385
54005,Boone County,WV,3/15/2026 13:00,0.0,0.0024476034566760065,0.006239346525399014,0.007401495114027057
54005,Boone County,WV,3/15/2026 14:00,0.0,0.0014505117665976285,0.007682495914195897,0.006526348758779932
54005,Boone County,WV,3/15/2026 15:00,0.0020120034751016647,0.0010818651906447485,0.006987042044056579,0.0058322323835454885
54005,Boone County,WV,3/15/2026 16:00,0.0023970122274477035,0.0010773592464829562,0.006579263430467108,0.00482408138923347
54005,Boone County,WV,3/15/2026 17:00,0.0019105494138784707,0.00184881009045057,0.006191270385170355,0.003853481920668855
54005,Boone County,WV,3/15/2026 18:00,0.0021137410367373377,0.0012815974442673904,0.010111773596145212,0.0022243889317905994
54005,Boone County,WV,3/15/2026 19:00,0.0011354293528711423,0.0,0.011234187742229552,0.0010826023091794923
54005,Boone County,WV,3/15/2026 20:00,0.001106461371819023,0.0,0.012463072827085853,0.0
54005,Boone County,WV,3/15/2026 21:00,0.0,0.0,0.014762182021513581,0.0
54005,Boone County,WV,3/15/2026 22:00,0.001201240811496973,0.001473462616559118,0.016800128342583775,0.0
54005,Boone County,WV,3/15/2026 23:00,0.0,0.003112074645468965,0.016120353317819535,0.0
54005,Boone County,WV,3/16/2026 0:00,0.0,0.004816561890766025,0.015011046407744288,0.0
54005,Boone County,WV,3/16/2026 1:00,0.0,0.006184830260463059,0.014502937591169029,0.0
54005,Boone County,WV,3/16/2026 2:00,0.0,0.007216644322033972,0.01239501719828695,0.0
54005,Boone County,WV,3/16/2026 3:00,0.0,0.006395984999835491,0.011222172563429922,0.0
54005,Boone County,WV,3/16/2026 4:00,0.0024324597325176,0.005356874479912221,0.010974245867691934,0.0
54005,Boone County,WV,3/16/2026 5:00,0.0043891812092624605,0.006512084323912859,0.015581711218692363,0.0
54005,Boone County,WV,3/16/2026 6:00,0.006730738503392786,0.00699420619639568,0.01556071441154927,0.0
54005,Boone County,WV,3/16/2026 7:00,0.006639952887780964,0.007069405651418492,0.015625940822064876,0.0
54005,Boone County,WV,3/16/2026 8:00,0.006331130920443684,0.007822388133354253,0.01718819551169872,0.0
54005,Boone County,WV,3/16/2026 9:00,0.004746116464957595,0.006098861014470458,0.017435885965824127,0.0
54005,Boone County,WV,3/16/2026 10:00,0.006068296614103019,0.005969390971586108,0.015451945201493799,0.0
54005,Boone County,WV,3/16/2026 11:00,0.0056972416350618005,0.005485419742763042,0.015681978431530297,0.0
54005,Boone County,WV,3/16/2026 12:00,0.006130840629339218,0.008984076138585807,0.01458078296855092,0.0
54005,Boone County,WV,3/16/2026 13:00,0.0066371450666338205,0.011645573331043125,0.010561865952331573,0.0
54005,Boone County,WV,3/16/2026 14:00,0.0054541355348192155,0.01214319420978427,0.010015280882362277,0.0
54005,Boone County,WV,3/16/2026 15:00,0.005811508730403148,0.014472895488142967,0.008130435761995614,0.0
54005,Boone County,WV,3/16/2026 16:00,0.005348917155060917,0.01640478279441595,0.0073460150859318675,0.0
54005,Boone County,WV,3/16/2026 17:00,0.008397941070143133,0.015454033762216568,0.004964272744109622,0.0
54005,Boone County,WV,3/16/2026 18:00,0.010829450562596321,0.013223670981824398,0.002124226145679131,0.0
54005,Boone County,WV,3/16/2026 19:00,0.011785387177951634,0.011219717748463153,0.0,0.0
54005,Boone County,WV,3/16/2026 20:00,0.01395425118971616,0.010781093873083592,0.0,0.0
54005,Boone County,WV,3/16/2026 21:00,0.015950010856613517,0.010631732363253831,0.0,0.0
54005,Boone County,WV,3/16/2026 22:00,0.01584239536896348,0.010152976727113128,0.0,0.0
54005,Boone County,WV,3/16/2026 23:00,0.013652486843056977,0.012527974788099527,0.0,0.0
54005,Boone County,WV,3/17/2026 0:00,0.01033874461427331,0.012111447285860777,0.0,0.0
54005,Boone County,WV,3/17/2026 1:00,0.009790186188183725,0.013296367600560188,0.0,0.0
54005,Boone County,WV,3/17/2026 2:00,0.009832449606619775,0.014242748450487851,0.0,0.0
54005,Boone County,WV,3/17/2026 3:00,0.008886400377377868,0.013875710219144822,0.0,0.0
54005,Boone County,WV,3/17/2026 4:00,0.011393413646146655,0.012147903209552169,0.0,0.0
54005,Boone County,WV,3/17/2026 5:00,0.011430337210185826,0.012792051723226904,0.0,0.0
54005,Boone County,WV,3/17/2026 6:00,0.012617455096915364,0.011260286392644047,0.0,0.0
54005,Boone County,WV,3/17/2026 7:00,0.013572471332736313,0.008614051435142756,0.0,0.0
54005,Boone County,WV,3/17/2026 8:00,0.013134903740137815,0.007997667137533426,0.0,0.0
54005,Boone County,WV,3/17/2026 9:00,0.011650435393676162,0.006165889371186495,0.0,0.0
54005,Boone County,WV,3/17/2026 10:00,0.012249706662259996,0.005038143298588693,0.0,0.0
54005,Boone County,WV,3/17/2026 11:00,0.010518425377085805,0.004240103508345782,0.0,0.0
54005,Boone County,WV,3/17/2026 12:00,0.007813906064257026,0.0023173323716036975,0.0,0.0
54005,Boone County,WV,3/17/2026 13:00,0.006951868534088135,0.0015040512342238798,0.0,0.0
54005,Boone County,WV,3/17/2026 14:00,0.005326141370460391,0.0,0.0,0.0
54005,Boone County,WV,3/17/2026 15:00,0.003921088529750705,0.0,0.0,0.0
54005,Boone County,WV,3/17/2026 16:00,0.0036196084693074226,0.0,0.0,0.0
54005,Boone County,WV,3/17/2026 17:00,0.0018045140895992517,0.0,0.0,0.0
54005,Boone County,WV,3/17/2026 18:00,0.0,0.0,0.0,0.0
54005,Boone County,WV,3/17/2026 19:00,0.0,0.0,0.0,0.0
54005,Boone County,WV,3/17/2026 20:00,0.0,0.0,0.0,0.0
54005,Boone County,WV,3/17/2026 21:00,0.0,0.0,0.0,0.0
54005,Boone County,WV,3/17/2026 22:00,0.0,0.0,0.0,0.0
54005,Boone County,WV,3/17/2026 23:00,0.0,0.0,0.0,0.0
54005,Boone County,WV,3/18/2026 0:00,0.0,0.0,0.0,
54005,Boone County,WV,3/18/2026 1:00,0.0,0.0,0.0,
54005,Boone County,WV,3/18/2026 2:00,0.0,0.0,0.0,
54005,Boone County,WV,3/18/2026 3:00,0.0,0.0,0.0,
54005,Boone County,WV,3/18/2026 4:00,0.0,0.0,0.0,
54005,Boone County,WV,3/18/2026 5:00,0.0,0.00104955987771973,0.0,
54005,Boone County,WV,3/18/2026 6:00,0.0,0.0,0.0,
54005,Boone County,WV,3/18/2026 7:00,0.0,0.0,0.0,
54005,Boone County,WV,3/18/2026 8:00,0.0,0.0,0.0,
54005,Boone County,WV,3/18/2026 9:00,0.0,0.0,0.0,
54005,Boone County,WV,3/18/2026 10:00,0.0,0.0,0.0,
54005,Boone County,WV,3/18/2026 11:00,0.0,0.0,0.0,
54005,Boone County,WV,3/18/2026 12:00,0.0,0.0,0.0,
54005,Boone County,WV,3/18/2026 13:00,0.0,0.0,0.0,
54005,Boone County,WV,3/18/2026 14:00,0.0,0.0,0.0,
54005,Boone County,WV,3/18/2026 15:00,0.0,0.0,0.0,
54005,Boone County,WV,3/18/2026 16:00,0.0,0.0,0.0,
54005,Boone County,WV,3/18/2026 17:00,0.0,0.0,0.0,
54005,Boone County,WV,3/18/2026 18:00,0.0,0.0,0.0,
54005,Boone County,WV,3/18/2026 19:00,0.0,0.0,0.0,
54005,Boone County,WV,3/18/2026 20:00,0.0,0.0,0.0,
54005,Boone County,WV,3/18/2026 21:00,0.0,0.0,0.0,
54005,Boone County,WV,3/18/2026 22:00,0.0,0.0,0.0,
54005,Boone County,WV,3/18/2026 23:00,0.0,0.0,0.0,
54005,Boone County,WV,3/19/2026 0:00,0.0,0.0,,
54005,Boone County,WV,3/19/2026 1:00,0.0,0.0,,
54005,Boone County,WV,3/19/2026 2:00,0.0,0.0,,
54005,Boone County,WV,3/19/2026 3:00,0.0,0.0,,
54005,Boone County,WV,3/19/2026 4:00,0.0,0.0,,
54005,Boone County,WV,3/19/2026 5:00,0.0,0.0,,
54005,Boone County,WV,3/19/2026 6:00,0.0,0.0,,
54005,Boone County,WV,3/19/2026 7:00,0.0,0.0,,
54005,Boone County,WV,3/19/2026 8:00,0.0,0.0,,
54005,Boone County,WV,3/19/2026 9:00,0.0,0.0,,
54005,Boone County,WV,3/19/2026 10:00,0.0,0.0,,
54005,Boone County,WV,3/19/2026 11:00,0.0,0.0,,
54005,Boone County,WV,3/19/2026 12:00,0.0,0.0,,
54005,Boone County,WV,3/19/2026 13:00,0.0,0.0,,
54005,Boone County,WV,3/19/2026 14:00,0.0,0.0,,
54005,Boone County,WV,3/19/2026 15:00,0.0,0.0,,
54005,Boone County,WV,3/19/2026 16:00,0.0,0.0,,
54005,Boone County,WV,3/19/2026 17:00,0.0,0.0,,
54005,Boone County,WV,3/19/2026 18:00,0.0,,,
54005,Boone County,WV,3/19/2026 19:00,0.0,,,
54005,Boone County,WV,3/19/2026 20:00,0.0,,,
54005,Boone County,WV,3/19/2026 21:00,0.0,,,
54005,Boone County,WV,3/19/2026 22:00,0.0,,,
54005,Boone County,WV,3/19/2026 23:00,,,,
54011,Cabell County,WV,3/14/2026 0:00,0.0021317078499123454,0.0,0.0,0.0
54011,Cabell County,WV,3/14/2026 1:00,0.002198362984927371,0.0,0.0,0.0
54011,Cabell County,WV,3/14/2026 2:00,0.0,0.0,0.0,0.0
54011,Cabell County,WV,3/14/2026 3:00,0.0,0.0,0.0,0.0
54011,Cabell County,WV,3/14/2026 4:00,0.0,0.0,0.0,0.0
54011,Cabell County,WV,3/14/2026 5:00,0.0,0.0,0.0,0.0
54011,Cabell County,WV,3/14/2026 6:00,0.0,0.0,0.0,0.0
54011,Cabell County,WV,3/14/2026 7:00,0.0,0.0,0.0,0.0
54011,Cabell County,WV,3/14/2026 8:00,0.0,0.0,0.0,0.0
54011,Cabell County,WV,3/14/2026 9:00,0.0,0.0,0.0,0.001085944118676707
54011,Cabell County,WV,3/14/2026 10:00,0.0,0.0,0.0,0.0011036316267563962
54011,Cabell County,WV,3/14/2026 11:00,0.0,0.0,0.0,0.0011125423217890785
54011,Cabell County,WV,3/14/2026 12:00,0.0,0.0,0.0,0.0
54011,Cabell County,WV,3/14/2026 13:00,0.0,0.0,0.0,0.0
54011,Cabell County,WV,3/14/2026 14:00,0.0,0.0,0.001637920585926622,0.0
54011,Cabell County,WV,3/14/2026 15:00,0.0,0.0,0.0020777714089490473,0.0
54011,Cabell County,WV,3/14/2026 16:00,0.0,0.0,0.0020617178815882653,0.0
54011,Cabell County,WV,3/14/2026 17:00,0.0,0.0,0.0017235945153515786,0.0
54011,Cabell County,WV,3/14/2026 18:00,0.0,0.0,0.0013675332767888904,0.0
54011,Cabell County,WV,3/14/2026 19:00,0.0,0.0,0.001300754936528392,0.0016311395894717863
54011,Cabell County,WV,3/14/2026 20:00,0.0,0.0,0.0,0.0023648700545891186
54011,Cabell County,WV,3/14/2026 21:00,0.0,0.0,0.0,0.0029912621415860486
54011,Cabell County,WV,3/14/2026 22:00,0.0,0.0,0.0,0.0035059751658991444
54011,Cabell County,WV,3/14/2026 23:00,0.0,0.0,0.0,0.0037470049835974352
54011,Cabell County,WV,3/15/2026 0:00,0.0,0.0,0.0,0.003816012674360536
54011,Cabell County,WV,3/15/2026 1:00,0.0,0.0,0.0,0.003135186340659857
54011,Cabell County,WV,3/15/2026 2:00,0.0,0.0,0.0,0.0019364455831237138
54011,Cabell County,WV,3/15/2026 3:00,0.0,0.0,0.0,0.0021781389077659696
54011,Cabell County,WV,3/15/2026 4:00,0.0,0.0,0.0,0.0015049111098051071
54011,Cabell County,WV,3/15/2026 5:00,0.0,0.0,0.0,0.0016009452112484724
54011,Cabell County,WV,3/15/2026 6:00,0.0,0.0013289170572534203,0.001068646987550892,0.0011798696301411836
54011,Cabell County,WV,3/15/2026 7:00,0.0,0.0010630010161548852,0.0,0.0012159737932961434
54011,Cabell County,WV,3/15/2026 8:00,0.0,0.002008832897990942,0.0010979881131788715,0.0012445843196474016
54011,Cabell County,WV,3/15/2026 9:00,0.0,0.0018321684445254504,0.0018314242004635161,0.0
54011,Cabell County,WV,3/15/2026 10:00,0.0,0.0019656407734146343,0.0019169556777342222,0.0
54011,Cabell County,WV,3/15/2026 11:00,0.0014355816238094121,0.001383200753480196,0.00216655186668504,0.0
54011,Cabell County,WV,3/15/2026 12:00,0.0011623785103438422,0.0013582094630692153,0.0,0.0
54011,Cabell County,WV,3/15/2026 13:00,0.0021399211036623456,0.0015145395533181726,0.0,0.0
54011,Cabell County,WV,3/15/2026 14:00,0.0020759881008416414,0.0014593094121664763,0.0,0.0
54011,Cabell County,WV,3/15/2026 15:00,0.002249436016427353,0.0,0.0010411082017526495,0.0
54011,Cabell County,WV,3/15/2026 16:00,0.0017299032188020647,0.0,0.0015696158807259053,0.0
54011,Cabell County,WV,3/15/2026 17:00,0.001452155849619885,0.0,0.0015639601624570787,0.0
54011,Cabell County,WV,3/15/2026 18:00,0.0015852767264732393,0.0,0.0021602772700134664,0.0
54011,Cabell County,WV,3/15/2026 19:00,0.0017520387063996168,0.0,0.002990275672345888,0.0
54011,Cabell County,WV,3/15/2026 20:00,0.0,0.0,0.004026146731234803,0.0
54011,Cabell County,WV,3/15/2026 21:00,0.0,0.0,0.005075012870656792,0.0
54011,Cabell County,WV,3/15/2026 22:00,0.0,0.0,0.005672838215832599,0.0
54011,Cabell County,WV,3/15/2026 23:00,0.0,0.0015990371743100696,0.005524596432223916,0.0
54011,Cabell County,WV,3/16/2026 0:00,0.0,0.0019351780239958317,0.005024667573161423,0.0
54011,Cabell County,WV,3/16/2026 1:00,0.0,0.0010835340159246697,0.004613500822233618,0.0
54011,Cabell County,WV,3/16/2026 2:00,0.0,0.0015381698874989524,0.0026735437801107763,0.0
54011,Cabell County,WV,3/16/2026 3:00,0.0,0.001952380916918628,0.0017569585004821421,0.0
54011,Cabell County,WV,3/16/2026 4:00,0.0,0.0022382761759217828,0.0019310896866954865,0.0
54011,Cabell County,WV,3/16/2026 5:00,0.0014089449541643262,0.0019092803238891065,0.002710516331717372,0.0
54011,Cabell County,WV,3/16/2026 6:00,0.0,0.0,0.001009160012472421,0.0
54011,Cabell County,WV,3/16/2026 7:00,0.0017128603794844821,0.0,0.001426140294643119,0.0
54011,Cabell County,WV,3/16/2026 8:00,0.0020041997340740636,0.0,0.0010315751598682255,0.0
54011,Cabell County,WV,3/16/2026 9:00,0.002167361250030808,0.0,0.0017474005435360596,0.0
54011,Cabell County,WV,3/16/2026 10:00,0.0021916151454206556,0.0,0.0,0.0
54011,Cabell County,WV,3/16/2026 11:00,0.001770661532646045,0.0,0.0,0.0013748372090049087
54011,Cabell County,WV,3/16/2026 12:00,0.0017797108739614487,0.0020410549361258743,0.0017652556736720726,0.0012376344631775283
54011,Cabell County,WV,3/16/2026 13:00,0.0,0.002029357897117734,0.0,0.0
54011,Cabell County,WV,3/16/2026 14:00,0.002007848583161831,0.00212039602920413,0.0,0.0
54011,Cabell County,WV,3/16/2026 15:00,0.0015479942157980986,0.0022122303023934366,0.0,0.0
54011,Cabell County,WV,3/16/2026 16:00,0.0018580423020466696,0.002818027697503567,0.0,0.0
54011,Cabell County,WV,3/16/2026 17:00,0.0025309247503173538,0.00213244236074388,0.0,0.0
54011,Cabell County,WV,3/16/2026 18:00,0.00238885961152846,0.0020938800182193516,0.0,0.0
54011,Cabell County,WV,3/16/2026 19:00,0.002884237554098945,0.0015841787215322256,0.0,0.0
54011,Cabell County,WV,3/16/2026 20:00,0.00375509679724928,0.0,0.0,0.0
54011,Cabell County,WV,3/16/2026 21:00,0.004608565388480201,0.0,0.0,0.0
54011,Cabell County,WV,3/16/2026 22:00,0.003936504501325544,0.0,0.0,0.0
54011,Cabell County,WV,3/16/2026 23:00,0.003877193565131165,0.0011790080927312375,0.0,0.0
54011,Cabell County,WV,3/17/2026 0:00,0.003237356460886076,0.0,0.0,0.0
54011,Cabell County,WV,3/17/2026 1:00,0.002197492343839258,0.0,0.0,0.0
54011,Cabell County,WV,3/17/2026 2:00,0.0018157562444685027,0.0,0.0,0.0
54011,Cabell County,WV,3/17/2026 3:00,0.0019343748499522917,0.0011623854748904704,0.0,0.0
54011,Cabell County,WV,3/17/2026 4:00,0.0023051171219776734,0.0012812987202778458,0.0,0.0
54011,Cabell County,WV,3/17/2026 5:00,0.0015080321882123826,0.0,0.0,0.0
54011,Cabell County,WV,3/17/2026 6:00,0.0013692327556782402,0.0,0.0,0.0
54011,Cabell County,WV,3/17/2026 7:00,0.0013888719986425713,0.0,0.0,0.0
54011,Cabell County,WV,3/17/2026 8:00,0.0015692012966610491,0.0,0.0,0.0
54011,Cabell County,WV,3/17/2026 9:00,0.0015780678513692692,0.0,0.0,0.0
54011,Cabell County,WV,3/17/2026 10:00,0.0,0.0,0.0,0.0
54011,Cabell County,WV,3/17/2026 11:00,0.0010521912918193266,0.0,0.0,0.0
54011,Cabell County,WV,3/17/2026 12:00,0.0,0.0,0.0,0.0
54011,Cabell County,WV,3/17/2026 13:00,0.0,0.0,0.0,0.0
54011,Cabell County,WV,3/17/2026 14:00,0.0,0.0,0.0,0.0
54011,Cabell County,WV,3/17/2026 15:00,0.0,0.0,0.0,0.0
54011,Cabell County,WV,3/17/2026 16:00,0.0,0.0,0.0,0.0
54011,Cabell County,WV,3/17/2026 17:00,0.0,0.0,0.0,0.0
54011,Cabell County,WV,3/17/2026 18:00,0.0,0.0,0.0,0.0
54011,Cabell County,WV,3/17/2026 19:00,0.0,0.0,0.0,0.0
54011,Cabell County,WV,3/17/2026 20:00,0.0,0.0,0.0,0.0
54011,Cabell County,WV,3/17/2026 21:00,0.0,0.0,0.0,0.0
54011,Cabell County,WV,3/17/2026 22:00,0.0,0.0,0.0,0.0
54011,Cabell County,WV,3/17/2026 23:00,0.0,0.0,0.0,0.0
54011,Cabell County,WV,3/18/2026 0:00,0.0,0.0,0.0,
54011,Cabell County,WV,3/18/2026 1:00,0.0,0.0,0.0,
54011,Cabell County,WV,3/18/2026 2:00,0.0,0.0,0.0,
54011,Cabell County,WV,3/18/2026 3:00,0.0,0.0,0.0,
54011,Cabell County,WV,3/18/2026 4:00,0.0,0.0,0.0,
54011,Cabell County,WV,3/18/2026 5:00,0.0,0.0,0.0,
54011,Cabell County,WV,3/18/2026 6:00,0.0,0.0,0.0,
54011,Cabell County,WV,3/18/2026 7:00,0.0,0.0,0.0,
54011,Cabell County,WV,3/18/2026 8:00,0.0,0.0,0.0,
54011,Cabell County,WV,3/18/2026 9:00,0.0,0.0,0.0,
54011,Cabell County,WV,3/18/2026 10:00,0.0,0.0,0.0,
54011,Cabell County,WV,3/18/2026 11:00,0.0,0.0,0.0,
54011,Cabell County,WV,3/18/2026 12:00,0.0,0.0,0.0,
54011,Cabell County,WV,3/18/2026 13:00,0.0,0.0,0.0,
54011,Cabell County,WV,3/18/2026 14:00,0.0,0.0,0.0,
54011,Cabell County,WV,3/18/2026 15:00,0.0,0.0,0.0,
54011,Cabell County,WV,3/18/2026 16:00,0.0,0.0,0.0,
54011,Cabell County,WV,3/18/2026 17:00,0.0,0.0,0.0,
54011,Cabell County,WV,3/18/2026 18:00,0.0,0.0,0.0,
54011,Cabell County,WV,3/18/2026 19:00,0.0,0.0,0.0,
54011,Cabell County,WV,3/18/2026 20:00,0.0,0.0,0.0,
54011,Cabell County,WV,3/18/2026 21:00,0.0,0.0,0.0,
54011,Cabell County,WV,3/18/2026 22:00,0.0,0.0,0.0,
54011,Cabell County,WV,3/18/2026 23:00,0.0,0.0,0.0,
54011,Cabell County,WV,3/19/2026 0:00,0.0,0.0,,
54011,Cabell County,WV,3/19/2026 1:00,0.0,0.0,,
54011,Cabell County,WV,3/19/2026 2:00,0.0,0.0,,
54011,Cabell County,WV,3/19/2026 3:00,0.0,0.0,,
54011,Cabell County,WV,3/19/2026 4:00,0.0,0.0,,
54011,Cabell County,WV,3/19/2026 5:00,0.0,0.0,,
54011,Cabell County,WV,3/19/2026 6:00,0.0,0.0,,
54011,Cabell County,WV,3/19/2026 7:00,0.0,0.0,,
54011,Cabell County,WV,3/19/2026 8:00,0.0,0.0,,
54011,Cabell County,WV,3/19/2026 9:00,0.0,0.0,,
54011,Cabell County,WV,3/19/2026 10:00,0.0,0.0,,
54011,Cabell County,WV,3/19/2026 11:00,0.0,0.0,,
54011,Cabell County,WV,3/19/2026 12:00,0.0,0.0,,
54011,Cabell County,WV,3/19/2026 13:00,0.0,0.0,,
54011,Cabell County,WV,3/19/2026 14:00,0.0,0.0,,
54011,Cabell County,WV,3/19/2026 15:00,0.0,0.0,,
54011,Cabell County,WV,3/19/2026 16:00,0.0,0.0,,
54011,Cabell County,WV,3/19/2026 17:00,0.0,0.0,,
54011,Cabell County,WV,3/19/2026 18:00,0.0,,,
54011,Cabell County,WV,3/19/2026 19:00,0.0,,,
54011,Cabell County,WV,3/19/2026 20:00,0.0,,,
54011,Cabell County,WV,3/19/2026 21:00,0.0,,,
54011,Cabell County,WV,3/19/2026 22:00,0.0,,,
54011,Cabell County,WV,3/19/2026 23:00,,,,
54017,Doddridge County,WV,3/14/2026 0:00,0.03161221509799361,0.027576700504869222,0.0,0.0038051340030506252
54017,Doddridge County,WV,3/14/2026 1:00,0.032524893395020626,0.02897587064653635,0.001170255709439516,0.004275379981845617
54017,Doddridge County,WV,3/14/2026 2:00,0.02672728488687426,0.026957171596586706,0.0,0.002968695235904306
54017,Doddridge County,WV,3/14/2026 3:00,0.03132880094926804,0.021666896156966688,0.0,0.002355851943138987
54017,Doddridge County,WV,3/14/2026 4:00,0.027149378671310842,0.019285455346107483,0.0,0.0025574819766916333
54017,Doddridge County,WV,3/14/2026 5:00,0.021847127471119165,0.015512263774871827,0.0020905340439639985,0.0026626957813277842
54017,Doddridge County,WV,3/14/2026 6:00,0.023632094264030457,0.014536183699965477,0.0,0.0073503472842276095
54017,Doddridge County,WV,3/14/2026 7:00,0.029428879730403423,0.010588094592094421,0.0012464475294109434,0.012993753701448441
54017,Doddridge County,WV,3/14/2026 8:00,0.01948131207609549,0.0075602919794619085,0.0027309051947668195,0.010919119417667388
54017,Doddridge County,WV,3/14/2026 9:00,0.02063022367656231,0.00607548812404275,0.007616463978774845,0.006101873680017888
54017,Doddridge County,WV,3/14/2026 10:00,0.01821467373520136,0.005530758947134018,0.00575894620269537,0.008033608365803958
54017,Doddridge County,WV,3/14/2026 11:00,0.02831949107348919,0.0024022805504500867,0.006899483315646648,0.005964775395113975
54017,Doddridge County,WV,3/14/2026 12:00,0.018333010375499725,0.0,0.004272221674909815,0.004837937443517149
54017,Doddridge County,WV,3/14/2026 13:00,0.010734881740063429,0.0,0.008911877265200019,0.004904713132418692
54017,Doddridge County,WV,3/14/2026 14:00,0.0036407755687832832,0.0,0.008397907577455043,0.005220424151048064
54017,Doddridge County,WV,3/14/2026 15:00,0.0011163055896759033,0.0,0.005131673824507743,0.004873445001430809
54017,Doddridge County,WV,3/14/2026 16:00,0.0,0.0,0.006834505137521774,0.0064386284910142415
54017,Doddridge County,WV,3/14/2026 17:00,0.0,0.0010803793091326952,0.007250068767461926,0.005971929151564836
54017,Doddridge County,WV,3/14/2026 18:00,0.0,0.0,0.006539248867193237,0.007490067090839147
54017,Doddridge County,WV,3/14/2026 19:00,0.0,0.0,0.005284204852068796,0.021887661423534155
54017,Doddridge County,WV,3/14/2026 20:00,0.0021442754223244265,0.0,0.005174268237897195,0.02857569754123688
54017,Doddridge County,WV,3/14/2026 21:00,0.004548626020550728,0.0011917394818738102,0.006393754214514047,0.03220210019499063
54017,Doddridge County,WV,3/14/2026 22:00,0.004075939301401377,0.0014820936368778348,0.005541522341081873,0.037849596701562405
54017,Doddridge County,WV,3/14/2026 23:00,0.0013954017849755473,0.0,0.004742452449863777,0.04053392820060253
54017,Doddridge County,WV,3/15/2026 0:00,0.0,0.0,0.0034209612058475614,0.04824958993121982
54017,Doddridge County,WV,3/15/2026 1:00,0.0,0.0,0.0027055359969381243,0.0515619826503098
54017,Doddridge County,WV,3/15/2026 2:00,0.0,0.0,0.0026085158810019494,0.05261614769697189
54017,Doddridge County,WV,3/15/2026 3:00,0.0,0.0,0.0016418586717918517,0.05324319247156382
54017,Doddridge County,WV,3/15/2026 4:00,0.0,0.001169239031150937,0.003189988620579243,0.05279960138723254
54017,Doddridge County,WV,3/15/2026 5:00,0.0,0.0016273485962301493,0.0038809444988146423,0.049860291089862584
54017,Doddridge County,WV,3/15/2026 6:00,0.0,0.00276977657340467,0.005532319040503353,0.052751101180911066
54017,Doddridge County,WV,3/15/2026 7:00,0.002909845788963139,0.00379724414087832,0.008756354195065796,0.05622072946280241
54017,Doddridge County,WV,3/15/2026 8:00,0.004650102113373578,0.004047061502933502,0.016405764129012824,0.05356129752472043
54017,Doddridge County,WV,3/15/2026 9:00,0.005400400375947356,0.0022053895052522423,0.02161645097658038,0.05434930846095085
54017,Doddridge County,WV,3/15/2026 10:00,0.005222506122663617,0.003132994193583727,0.01296194866299629,0.049971004389226435
54017,Doddridge County,WV,3/15/2026 11:00,0.005290100467391312,0.005316716153174639,0.008612751681357621,0.05531842242926359
54017,Doddridge County,WV,3/15/2026 12:00,0.005498562240973115,0.005817257333546877,0.013910979218780994,0.04940305445343256
54017,Doddridge County,WV,3/15/2026 13:00,0.00813165376894176,0.006496729142963886,0.008943343348801137,0.04661423936486244
54017,Doddridge County,WV,3/15/2026 14:00,0.008350880118086934,0.006395149766467512,0.012231519585475324,0.03966425061225891
54017,Doddridge County,WV,3/15/2026 15:00,0.015013715252280235,0.007129575498402119,0.008002523565664887,0.03009668346494436
54017,Doddridge County,WV,3/15/2026 16:00,0.018806569278240204,0.005796081153675914,0.014788597170263528,0.024711383040994406
54017,Doddridge County,WV,3/15/2026 17:00,0.022829816676676273,0.004861406795680523,0.015355803910642861,0.021776836179196835
54017,Doddridge County,WV,3/15/2026 18:00,0.020667308010160923,0.003331976942718029,0.016463819332420825,0.01768790394999087
54017,Doddridge County,WV,3/15/2026 19:00,0.012177980970591307,0.0027705368120223284,0.02874849084764719,0.014826892502605915
54017,Doddridge County,WV,3/15/2026 20:00,0.005739185638958588,0.0023545227013528347,0.042356332391500474,0.012561843404546379
54017,Doddridge County,WV,3/15/2026 21:00,0.00384335033595562,0.0013647913932800292,0.0547142157331109,0.010052073001861572
54017,Doddridge County,WV,3/15/2026 22:00,0.0028236955404281616,0.00179816666059196,0.06624132096767425,0.010665087820962071
54017,Doddridge County,WV,3/15/2026 23:00,0.0032101451652124524,0.0030496700201183558,0.08385677486658097,0.011667920928448438
54017,Doddridge County,WV,3/16/2026 0:00,0.0037503899657167494,0.0034512200392782686,0.06308596804738045,0.011039846716448665
54017,Doddridge County,WV,3/16/2026 1:00,0.0032824158333824016,0.0041604660451412204,0.06005511209368705,0.008345146849751472
54017,Doddridge County,WV,3/16/2026 2:00,0.0019097421900369227,0.003267430607229471,0.05379205858334899,0.007157683646073565
54017,Doddridge County,WV,3/16/2026 3:00,0.001083295326679945,0.004525284469127654,0.054262063931673765,0.007177197514101863
54017,Doddridge County,WV,3/16/2026 4:00,0.0,0.0026876921765506268,0.049063670355826615,0.007092422075220384
54017,Doddridge County,WV,3/16/2026 5:00,0.0024174947757273912,0.0020588775165379047,0.046990967076271775,0.00761409992701374
54017,Doddridge County,WV,3/16/2026 6:00,0.0042852065525949,0.003957602707669139,0.061742527224123475,0.008415152388624846
54017,Doddridge County,WV,3/16/2026 7:00,0.0014815940521657467,0.007300943601876497,0.06751668080687523,0.008082822524011135
54017,Doddridge County,WV,3/16/2026 8:00,0.004569773329421878,0.007784795388579369,0.0721480369567871,0.00832441309466958
54017,Doddridge County,WV,3/16/2026 9:00,0.004631850752048194,0.006026408448815346,0.07298503704369068,0.006276051746681333
54017,Doddridge County,WV,3/16/2026 10:00,0.006829343969002366,0.005666725616902113,0.07819957286119461,0.009843587642535567
54017,Doddridge County,WV,3/16/2026 11:00,0.009564707987010479,0.0050756404700223355,0.08392871618270874,0.007683243416249752
54017,Doddridge County,WV,3/16/2026 12:00,0.016423461493104696,0.0037124933674931525,0.0783806260675192,0.006242095783818513
54017,Doddridge County,WV,3/16/2026 13:00,0.010280949529260397,0.009979312308132648,0.07359949164092541,0.006403387128375471
54017,Doddridge County,WV,3/16/2026 14:00,0.006719697033986449,0.014633118361234664,0.06723907925188541,0.007014480046927929
54017,Doddridge County,WV,3/16/2026 15:00,0.0060631370870396495,0.02032641675323248,0.044606858119368556,0.006570371706038714
54017,Doddridge County,WV,3/16/2026 16:00,0.009505590423941612,0.027333454275503755,0.036215901095420125,0.006024608481675386
54017,Doddridge County,WV,3/16/2026 17:00,0.014947250485420227,0.033337890170514584,0.03612982016056776,0.006181276449933648
54017,Doddridge County,WV,3/16/2026 18:00,0.02154748048633337,0.03609908926300705,0.028205225802958013,0.005737268156372011
54017,Doddridge County,WV,3/16/2026 19:00,0.037453169003129005,0.0361470952630043,0.022309173084795474,0.0051819137297570705
54017,Doddridge County,WV,3/16/2026 20:00,0.05363229103386402,0.0423047149553895,0.017644194420427084,0.003920030035078526
54017,Doddridge County,WV,3/16/2026 21:00,0.06342143565416336,0.04295508973300457,0.012951545882970095,0.002003024219266081
54017,Doddridge County,WV,3/16/2026 22:00,0.07368918135762215,0.04562696143984794,0.014472614228725433,0.0018587708691484295
54017,Doddridge County,WV,3/16/2026 23:00,0.07797104120254517,0.045603901892900464,0.01886307876557112,0.0
54017,Doddridge County,WV,3/17/2026 0:00,0.07423657923936844,0.05171365439891815,0.017423159070312978,0.0
54017,Doddridge County,WV,3/17/2026 1:00,0.0734635666012764,0.052389129996299744,0.006440683593973517,0.0
54017,Doddridge County,WV,3/17/2026 2:00,0.0676331203430891,0.056137224286794664,0.008271425822749734,0.0
54017,Doddridge County,WV,3/17/2026 3:00,0.0687715895473957,0.05678303614258766,0.009466972155496477,0.0
54017,Doddridge County,WV,3/17/2026 4:00,0.06623192504048347,0.05892181023955345,0.008593901293352246,0.0
54017,Doddridge County,WV,3/17/2026 5:00,0.0659798663109541,0.05684828236699105,0.0066179578658193345,0.0
54017,Doddridge County,WV,3/17/2026 6:00,0.08026006072759628,0.05243332758545875,0.004675494087859988,0.0
54017,Doddridge County,WV,3/17/2026 7:00,0.07727965340018272,0.04614360257983208,0.01037095587234944,0.0
54017,Doddridge County,WV,3/17/2026 8:00,0.08986610174179077,0.044260688871145246,0.006718329153954983,0.0
54017,Doddridge County,WV,3/17/2026 9:00,0.09040676429867744,0.02980347461998463,0.014199139177799225,0.0
54017,Doddridge County,WV,3/17/2026 10:00,0.0883890651166439,0.024596719816327096,0.006040836940519512,0.0
54017,Doddridge County,WV,3/17/2026 11:00,0.08239652961492538,0.017627845145761968,0.008759813150390983,0.0
54017,Doddridge County,WV,3/17/2026 12:00,0.06880830973386765,0.01434398777782917,0.005614178348332643,0.0014589760179660517
54017,Doddridge County,WV,3/17/2026 13:00,0.05201536417007446,0.010502054542303085,0.006251169485040009,0.0
54017,Doddridge County,WV,3/17/2026 14:00,0.04966619424521923,0.010144283808767796,0.004082559590460733,0.0
54017,Doddridge County,WV,3/17/2026 15:00,0.04450725018978119,0.006076780892908573,0.0029791459557600318,0.0
54017,Doddridge County,WV,3/17/2026 16:00,0.033393905498087406,0.006950209010392427,0.0017319956561550496,0.0
54017,Doddridge County,WV,3/17/2026 17:00,0.029789590276777744,0.006198191456496716,0.0,0.0
54017,Doddridge County,WV,3/17/2026 18:00,0.01998629793524742,0.005730532202869653,0.0,0.0
54017,Doddridge County,WV,3/17/2026 19:00,0.01408099103718996,0.003509717481210828,0.0,0.0
54017,Doddridge County,WV,3/17/2026 20:00,0.015399581752717495,0.0035972120240330696,0.0,0.0
54017,Doddridge County,WV,3/17/2026 21:00,0.01217268081381917,0.0041104664094746115,0.0,0.0
54017,Doddridge County,WV,3/17/2026 22:00,0.014374206773936749,0.003650440275669098,0.0,0.0
54017,Doddridge County,WV,3/17/2026 23:00,0.013349310960620642,0.00654448508284986,0.0,0.0
54017,Doddridge County,WV,3/18/2026 0:00,0.012849638471379876,0.007986243627965451,0.0,
54017,Doddridge County,WV,3/18/2026 1:00,0.008517651818692684,0.006880341935902834,0.0,
54017,Doddridge County,WV,3/18/2026 2:00,0.005519002676010132,0.0065502975136041645,0.0,
54017,Doddridge County,WV,3/18/2026 3:00,0.012680304469540715,0.004742010263726115,0.0,
54017,Doddridge County,WV,3/18/2026 4:00,0.01414720225147903,0.006077281292527914,0.0,
54017,Doddridge County,WV,3/18/2026 5:00,0.014667920768260956,0.008032269589602948,0.0,
54017,Doddridge County,WV,3/18/2026 6:00,0.013098499272018671,0.007300426997244358,0.0,
54017,Doddridge County,WV,3/18/2026 7:00,0.01743184868246317,0.006623121630400419,0.0,
54017,Doddridge County,WV,3/18/2026 8:00,0.0181950603146106,0.005330649856477976,0.0016253595716989367,
54017,Doddridge County,WV,3/18/2026 9:00,0.011117495596408844,0.0063819967210292814,0.0,
54017,Doddridge County,WV,3/18/2026 10:00,0.010255864122882485,0.004062620922923088,0.0,
54017,Doddridge County,WV,3/18/2026 11:00,0.008187718456611037,0.003458939888514578,0.0,
54017,Doddridge County,WV,3/18/2026 12:00,0.006704083643853664,0.003181085898540914,0.0020337999798357488,
54017,Doddridge County,WV,3/18/2026 13:00,0.005888155195862055,0.0022245235508307815,0.0,
54017,Doddridge County,WV,3/18/2026 14:00,0.005691011785529554,0.0,0.0,
54017,Doddridge County,WV,3/18/2026 15:00,0.0043879145523533225,0.0,0.001879986394487787,
54017,Doddridge County,WV,3/18/2026 16:00,0.0029876120388507843,0.0013866062043234705,0.0,
54017,Doddridge County,WV,3/18/2026 17:00,0.0024479751009494066,0.0,0.0,
54017,Doddridge County,WV,3/18/2026 18:00,0.001672967686317861,0.0,0.0,
54017,Doddridge County,WV,3/18/2026 19:00,0.0,0.0,0.0,
54017,Doddridge County,WV,3/18/2026 20:00,0.0,0.0,0.0,
54017,Doddridge County,WV,3/18/2026 21:00,0.001169380237115547,0.0,0.0,
54017,Doddridge County,WV,3/18/2026 22:00,0.0,0.0,0.0,
54017,Doddridge County,WV,3/18/2026 23:00,0.0,0.0,0.0,
54017,Doddridge County,WV,3/19/2026 0:00,0.0,0.0,,
54017,Doddridge County,WV,3/19/2026 1:00,0.0,0.0,,
54017,Doddridge County,WV,3/19/2026 2:00,0.0,0.002854818757623434,,
54017,Doddridge County,WV,3/19/2026 3:00,0.0,0.002797494595870376,,
54017,Doddridge County,WV,3/19/2026 4:00,0.0,0.0025971188442781568,,
54017,Doddridge County,WV,3/19/2026 5:00,0.0,0.0027633546851575375,,
54017,Doddridge County,WV,3/19/2026 6:00,0.0,0.0035467826295644046,,
54017,Doddridge County,WV,3/19/2026 7:00,0.001676628293353133,0.0021042038220912217,,
54017,Doddridge County,WV,3/19/2026 8:00,0.001495807446190156,0.0014564646407961845,,
54017,Doddridge County,WV,3/19/2026 9:00,0.0012575797136378242,0.0011431782273575663,,
54017,Doddridge County,WV,3/19/2026 10:00,0.001405775656166952,0.0,,
54017,Doddridge County,WV,3/19/2026 11:00,0.0022013966517988592,0.0,,
54017,Doddridge County,WV,3/19/2026 12:00,0.0013269817645777948,0.0,,
54017,Doddridge County,WV,3/19/2026 13:00,0.0011200351946172304,0.0,,
54017,Doddridge County,WV,3/19/2026 14:00,0.0010684879962354898,0.0,,
54017,Doddridge County,WV,3/19/2026 15:00,0.0,0.0,,
54017,Doddridge County,WV,3/19/2026 16:00,0.0,0.0,,
54017,Doddridge County,WV,3/19/2026 17:00,0.0,0.0,,
54017,Doddridge County,WV,3/19/2026 18:00,0.0,,,
54017,Doddridge County,WV,3/19/2026 19:00,0.0,,,
54017,Doddridge County,WV,3/19/2026 20:00,0.0,,,
54017,Doddridge County,WV,3/19/2026 21:00,0.0,,,
54017,Doddridge County,WV,3/19/2026 22:00,0.0,,,
54017,Doddridge County,WV,3/19/2026 23:00,,,,
54021,Gilmer County,WV,3/14/2026 0:00,0.00614284334005788,0.010183487273752689,0.003209309803787619,0.0037876170710660515
54021,Gilmer County,WV,3/14/2026 1:00,0.007140479632653296,0.013258903939276933,0.0023040470492560416,0.0031021436676383018
54021,Gilmer County,WV,3/14/2026 2:00,0.0077034676796756685,0.010885726613923907,0.0024433537968434394,0.002368608978576958
54021,Gilmer County,WV,3/14/2026 3:00,0.007143219350837171,0.015366752073168755,0.002616300241788849,0.002835526072885841
54021,Gilmer County,WV,3/14/2026 4:00,0.004286088020307943,0.017680914886295796,0.002612158544070553,0.002679397899191827
54021,Gilmer County,WV,3/14/2026 5:00,0.009121201270318124,0.019315913133323193,0.003231211222737329,0.0033434233046136796
54021,Gilmer County,WV,3/14/2026 6:00,0.012639919586945325,0.011878202226944268,0.0019406086962931112,0.005538790562422946
54021,Gilmer County,WV,3/14/2026 7:00,0.01252002059482038,0.009352075168862939,0.0015835833735764026,0.018056876864284276
54021,Gilmer County,WV,3/14/2026 8:00,0.015760736539959908,0.006769861932843924,0.0023777959882863796,0.010203245421871543
54021,Gilmer County,WV,3/14/2026 9:00,0.022023052908480167,0.005594821274280548,0.0,0.005289133521728218
54021,Gilmer County,WV,3/14/2026 10:00,0.018408371368423104,0.006705998117104173,0.0,0.00642469302401878
54021,Gilmer County,WV,3/14/2026 11:00,0.012803134275600314,0.009223636996466666,0.002165751636493951,0.006452232948504388
54021,Gilmer County,WV,3/14/2026 12:00,0.009021306701470166,0.00594652445288375,0.0027392843971028925,0.009565929835662245
54021,Gilmer County,WV,3/14/2026 13:00,0.004917052108794451,0.005203418480232358,0.0016678679035976528,0.012075680075213313
54021,Gilmer County,WV,3/14/2026 14:00,0.004363585903774947,0.007671501650474965,0.00317133127246052,0.01187528045848012
54021,Gilmer County,WV,3/14/2026 15:00,0.005548101093154401,0.007227697549387813,0.0023335863472311756,0.010413151048123837
54021,Gilmer County,WV,3/14/2026 16:00,0.007889956119470298,0.006192392343655229,0.005662559327902272,0.0071784937754273415
54021,Gilmer County,WV,3/14/2026 17:00,0.005372940329834819,0.002226969343610108,0.007084836447029374,0.007928341021761298
54021,Gilmer County,WV,3/14/2026 18:00,0.004593797042616643,0.0019997320836409927,0.006768931579426862,0.012879814789630472
54021,Gilmer County,WV,3/14/2026 19:00,0.007273199786141049,0.0,0.004914409088087268,0.046696642995812
54021,Gilmer County,WV,3/14/2026 20:00,0.006672353527392261,0.0014697990380227565,0.006051975322770886,0.08673990312963724
54021,Gilmer County,WV,3/14/2026 21:00,0.005895938240428222,0.0027282182592898606,0.004763239272870123,0.1164882080629468
54021,Gilmer County,WV,3/14/2026 22:00,0.00199181774223689,0.00304014072753489,0.004356815246865153,0.12714387755841017
54021,Gilmer County,WV,3/14/2026 23:00,0.0018590337422210723,0.0030817157588899136,0.003972977987723425,0.14008988495916128
54021,Gilmer County,WV,3/15/2026 0:00,0.0,0.003324123239144683,0.002557478245580569,0.1496200829744339
54021,Gilmer County,WV,3/15/2026 1:00,0.0013019111938774586,0.004321148572489619,0.0020596131565980614,0.1544673725962639
54021,Gilmer County,WV,3/15/2026 2:00,0.002580610220320523,0.005790702207013965,0.0031761589110828937,0.1526516878977418
54021,Gilmer County,WV,3/15/2026 3:00,0.002765420897048898,0.005068313330411911,0.004041895968839526,0.1560810875147581
54021,Gilmer County,WV,3/15/2026 4:00,0.002837054111296311,0.0060715598054230215,0.002477469953009859,0.14704367853701114
54021,Gilmer County,WV,3/15/2026 5:00,0.002622825813887175,0.006633103080093861,0.0031031465041451156,0.14293157160282136
54021,Gilmer County,WV,3/15/2026 6:00,0.0033193832787219435,0.007676884857937693,0.011714274203404785,0.1472476514056325
54021,Gilmer County,WV,3/15/2026 7:00,0.004015352227725089,0.006757002277299762,0.0167780177667737,0.15191019289195537
54021,Gilmer County,WV,3/15/2026 8:00,0.0014870988670736551,0.004592385026626289,0.02378860097378492,0.1649534173309803
54021,Gilmer County,WV,3/15/2026 9:00,0.0038544011767953634,0.006983079481869936,0.023057999089360237,0.1565036416053772
54021,Gilmer County,WV,3/15/2026 10:00,0.004101367201656103,0.005442724749445915,0.019137848448008296,0.16394648253917693
54021,Gilmer County,WV,3/15/2026 11:00,0.006072739255614579,0.008364840969443321,0.023060364462435243,0.1686344373971224
54021,Gilmer County,WV,3/15/2026 12:00,0.005772575212176889,0.007625909196212888,0.021746887359768152,0.16543247923254967
54021,Gilmer County,WV,3/15/2026 13:00,0.00429789544432424,0.005798085522837937,0.024858931358903647,0.15838751383125782
54021,Gilmer County,WV,3/15/2026 14:00,0.006551612823386677,0.005594288697466254,0.051238198019564155,0.13586079254746436
54021,Gilmer County,WV,3/15/2026 15:00,0.004472086322493851,0.0043423352763056755,0.06469540633261203,0.11750641167163849
54021,Gilmer County,WV,3/15/2026 16:00,0.0073738078062888235,0.003872458206024021,0.07212941385805607,0.11011846289038658
54021,Gilmer County,WV,3/15/2026 17:00,0.006545671232743189,0.0025791580323129893,0.08036628775298596,0.10057604722678662
54021,Gilmer County,WV,3/15/2026 18:00,0.005163275578524917,0.0030786351766437293,0.09179740250110627,0.10059294775128365
54021,Gilmer County,WV,3/15/2026 19:00,0.0051102417473885,0.007121452689170837,0.09541527116671204,0.08718169508501887
54021,Gilmer County,WV,3/15/2026 20:00,0.004539050103630871,0.00559991979971528,0.12697560526430607,0.06364843640476466
54021,Gilmer County,WV,3/15/2026 21:00,0.004178347757260781,0.007748502539470792,0.15059976540505887,0.05263879157137126
54021,Gilmer County,WV,3/15/2026 22:00,0.002918000172940083,0.006067380332387984,0.17279812023043634,0.032571660785470156
54021,Gilmer County,WV,3/15/2026 23:00,0.0033952479134313762,0.0070745066273957494,0.17681800797581673,0.03247749367728829
54021,Gilmer County,WV,3/16/2026 0:00,0.008373644959647208,0.01673669177107513,0.17179464362561703,0.03554799782577902
54021,Gilmer County,WV,3/16/2026 1:00,0.006855532992631197,0.02403198038227856,0.16810999140143396,0.028388897283002736
54021,Gilmer County,WV,3/16/2026 2:00,0.008395037351874635,0.02079158286214806,0.16502006128430366,0.026176278572529556
54021,Gilmer County,WV,3/16/2026 3:00,0.006492231528682169,0.01759241772815585,0.15976831279695033,0.022521624621003867
54021,Gilmer County,WV,3/16/2026 4:00,0.006813859770772979,0.019661196344532072,0.1498652681708336,0.022056819591671228
54021,Gilmer County,WV,3/16/2026 5:00,0.018166706198826432,0.02460976652801037,0.1446246225386858,0.02243099841289222
54021,Gilmer County,WV,3/16/2026 6:00,0.02279239724157378,0.030207777046598494,0.1372868307866156,0.019874516967684032
54021,Gilmer County,WV,3/16/2026 7:00,0.019333831151016057,0.034752985381055625,0.13602418098598718,0.01589541251305491
54021,Gilmer County,WV,3/16/2026 8:00,0.01645275321789086,0.037090566009283066,0.15519454032182695,0.016242902935482563
54021,Gilmer County,WV,3/16/2026 9:00,0.019803783536190167,0.04584053289145231,0.15148273296654224,0.01570758819580078
54021,Gilmer County,WV,3/16/2026 10:00,0.023583828267874196,0.040920958993956445,0.1596364565193653,0.01723827635869384
54021,Gilmer County,WV,3/16/2026 11:00,0.03599969297647476,0.048566197790205476,0.16036610789597033,0.016397762997075915
54021,Gilmer County,WV,3/16/2026 12:00,0.0378484798129648,0.05845314152538776,0.1631877265870571,0.009019113407703117
54021,Gilmer County,WV,3/16/2026 13:00,0.037295415881089866,0.08852068185806275,0.16214021518826485,0.007980866718571632
54021,Gilmer County,WV,3/16/2026 14:00,0.04134571412578225,0.11742142140865326,0.15042578056454659,0.007444043998839333
54021,Gilmer County,WV,3/16/2026 15:00,0.044722212478518486,0.13568733930587767,0.13454832136631012,0.006919246999314055
54021,Gilmer County,WV,3/16/2026 16:00,0.04902297770604491,0.1468266576528549,0.12034874744713306,0.00757152002552175
54021,Gilmer County,WV,3/16/2026 17:00,0.058175235986709595,0.14733901619911194,0.11857055015861988,0.006159283762099221
54021,Gilmer County,WV,3/16/2026 18:00,0.09369853883981705,0.14032582938671112,0.10045236386358739,0.006130540173035115
54021,Gilmer County,WV,3/16/2026 19:00,0.13000917993485928,0.1474516808986664,0.07499544639140368,0.005311007465934381
54021,Gilmer County,WV,3/16/2026 20:00,0.15964053571224213,0.14858069270849228,0.06757223904132843,0.00459480206045555
54021,Gilmer County,WV,3/16/2026 21:00,0.17405414208769798,0.14862365275621414,0.06905008042231202,0.002820788716417155
54021,Gilmer County,WV,3/16/2026 22:00,0.17224635183811188,0.1473939374089241,0.07437793388962746,0.0018116388711860055
54021,Gilmer County,WV,3/16/2026 23:00,0.17433561384677887,0.13770786672830582,0.05590209094807506,0.001660002936478122
54021,Gilmer County,WV,3/17/2026 0:00,0.17789044231176376,0.14663006812334062,0.055456436891108754,0.001512714433192741
54021,Gilmer County,WV,3/17/2026 1:00,0.17285118252038956,0.15129812955856323,0.040349127538502214,0.001455681114748586
54021,Gilmer County,WV,3/17/2026 2:00,0.16898008808493614,0.154994997382164,0.032092463225126266,0.001725410667131655
54021,Gilmer County,WV,3/17/2026 3:00,0.16007518395781517,0.15240629613399506,0.03590814378112554,0.0014535530252032913
54021,Gilmer County,WV,3/17/2026 4:00,0.1508888639509678,0.15741529166698456,0.033459878899157046,0.0013944780046585947
54021,Gilmer County,WV,3/17/2026 5:00,0.15989558026194572,0.15606791377067566,0.03345854943618178,0.0014855020446702838
54021,Gilmer County,WV,3/17/2026 6:00,0.17305172979831696,0.16066847443580629,0.02790848969016224,0.0014388467810931616
54021,Gilmer County,WV,3/17/2026 7:00,0.1707240715622902,0.15223091691732407,0.03170614689588547,0.0014588678925065324
54021,Gilmer County,WV,3/17/2026 8:00,0.1742323450744152,0.13737930059432985,0.029689202643930913,0.001423539485404035
54021,Gilmer County,WV,3/17/2026 9:00,0.183705884963274,0.12091675549745559,0.028357123071327806,0.0014594374631997197
54021,Gilmer County,WV,3/17/2026 10:00,0.18521444126963615,0.10892136096954345,0.01516867068130523,0.002113519397971686
54021,Gilmer County,WV,3/17/2026 11:00,0.18744254112243652,0.10376276522874832,0.015513088833540679,0.0017411981767509132
54021,Gilmer County,WV,3/17/2026 12:00,0.17634660378098488,0.09611726850271225,0.011217512073926628,0.0015489376535697374
54021,Gilmer County,WV,3/17/2026 13:00,0.1553252600133419,0.0787567526102066,0.0105268063780386,0.001481565012363717
54021,Gilmer County,WV,3/17/2026 14:00,0.140366081148386,0.06680960580706596,0.008992187457624822,0.0014708511836943217
54021,Gilmer County,WV,3/17/2026 15:00,0.12105849757790565,0.05623037926852703,0.008304637260152958,0.002049592301773373
54021,Gilmer County,WV,3/17/2026 16:00,0.1116462629288435,0.051544757932424544,0.007925776107003912,0.001934281764260959
54021,Gilmer County,WV,3/17/2026 17:00,0.10652112029492855,0.04647587016224861,0.0036279260384617373,0.0018799855999532156
54021,Gilmer County,WV,3/17/2026 18:00,0.08844370394945145,0.04482637196779251,0.003795357880881056,0.0013470734789734705
54021,Gilmer County,WV,3/17/2026 19:00,0.07603267952799797,0.03256759028881788,0.004183698617271148,0.0014805521670496092
54021,Gilmer County,WV,3/17/2026 20:00,0.06594790518283844,0.03256133012473583,0.0028556295575981492,0.0013798887932352955
54021,Gilmer County,WV,3/17/2026 21:00,0.0609998544678092,0.02976378984749317,0.002388570986295235,0.0013332122027350124
54021,Gilmer County,WV,3/17/2026 22:00,0.055738648399710655,0.03289733827114105,0.0013798979351122397,0.0016286402409605217
54021,Gilmer County,WV,3/17/2026 23:00,0.050600516609847546,0.02886350154876709,0.0013925478642704547,0.0017909769012476318
54021,Gilmer County,WV,3/18/2026 0:00,0.03736348822712898,0.027310838922858238,0.0,
54021,Gilmer County,WV,3/18/2026 1:00,0.03501487150788307,0.02429441623389721,0.0016959851724095642,
54021,Gilmer County,WV,3/18/2026 2:00,0.03022766881622374,0.02381026092916727,0.0018119015607226175,
54021,Gilmer County,WV,3/18/2026 3:00,0.03629934461787343,0.02548464071005583,0.0014625258212618065,
54021,Gilmer County,WV,3/18/2026 4:00,0.03293782752007246,0.013166096527129412,0.0012368999523459934,
54021,Gilmer County,WV,3/18/2026 5:00,0.030860405415296555,0.01366674043238163,0.0,
54021,Gilmer County,WV,3/18/2026 6:00,0.03101751860231161,0.010197670757770538,0.0011293286850559525,
54021,Gilmer County,WV,3/18/2026 7:00,0.03131716139614582,0.008695704583078622,0.0016992293123621494,
54021,Gilmer County,WV,3/18/2026 8:00,0.03502107411623001,0.008016182295978069,0.001385975442826748,
54021,Gilmer County,WV,3/18/2026 9:00,0.01999293640255928,0.0064347723964601755,0.0,
54021,Gilmer County,WV,3/18/2026 10:00,0.015239232452586293,0.0049473218154162165,0.0,
54021,Gilmer County,WV,3/18/2026 11:00,0.010195216629654169,0.0028262809733860194,0.0,
54021,Gilmer County,WV,3/18/2026 12:00,0.009441056055948138,0.002856551131208107,0.0,
54021,Gilmer County,WV,3/18/2026 13:00,0.00812116905581206,0.0032202709509874692,0.0,
54021,Gilmer County,WV,3/18/2026 14:00,0.007635369198396802,0.003271174992551096,0.0,
54021,Gilmer County,WV,3/18/2026 15:00,0.005409117846284062,0.002317582641262561,0.0,
54021,Gilmer County,WV,3/18/2026 16:00,0.003289366781245917,0.0013979918498080225,0.0,
54021,Gilmer County,WV,3/18/2026 17:00,0.0032257784623652697,0.0011647694860585033,0.0,
54021,Gilmer County,WV,3/18/2026 18:00,0.0037574495072476566,0.0,0.0,
54021,Gilmer County,WV,3/18/2026 19:00,0.0032539453386561945,0.002612189104547724,0.0,
54021,Gilmer County,WV,3/18/2026 20:00,0.002452410737532773,0.00271227938355878,0.0,
54021,Gilmer County,WV,3/18/2026 21:00,0.0014234545669751242,0.0022524985659401866,0.0,
54021,Gilmer County,WV,3/18/2026 22:00,0.0011678731025313027,0.0012378160841763019,0.0,
54021,Gilmer County,WV,3/18/2026 23:00,0.0,0.0012354785285424441,0.0,
54021,Gilmer County,WV,3/19/2026 0:00,0.002683012091438286,0.0,,
54021,Gilmer County,WV,3/19/2026 1:00,0.0027973438991466537,0.0019203442704565532,,
54021,Gilmer County,WV,3/19/2026 2:00,0.0023972152994247153,0.0014231659442884848,,
54021,Gilmer County,WV,3/19/2026 3:00,0.0014009949227329344,0.001631335832644254,,
54021,Gilmer County,WV,3/19/2026 4:00,0.0013867486268281937,0.0020765814842889085,,
54021,Gilmer County,WV,3/19/2026 5:00,0.0,0.0035773934796452522,,
54021,Gilmer County,WV,3/19/2026 6:00,0.002002208995691035,0.002142985688988119,,
54021,Gilmer County,WV,3/19/2026 7:00,0.0014934579940018011,0.0024546917411498725,,
54021,Gilmer County,WV,3/19/2026 8:00,0.001601721924089361,0.004652293352410197,,
54021,Gilmer County,WV,3/19/2026 9:00,0.001914895823574625,0.0034024227294139563,,
54021,Gilmer County,WV,3/19/2026 10:00,0.0035478696263453458,0.0014136547455564142,,
54021,Gilmer County,WV,3/19/2026 11:00,0.002240065994556062,0.002722789580002427,,
54021,Gilmer County,WV,3/19/2026 12:00,0.0024174607315217145,0.003916262777056545,,
54021,Gilmer County,WV,3/19/2026 13:00,0.004683558014221489,0.0,,
54021,Gilmer County,WV,3/19/2026 14:00,0.003402098300284706,0.002788498211884871,,
54021,Gilmer County,WV,3/19/2026 15:00,0.0014111472410149872,0.0015537105326075106,,
54021,Gilmer County,WV,3/19/2026 16:00,0.00283871591091156,0.003473092529020505,,
54021,Gilmer County,WV,3/19/2026 17:00,0.003991014513303526,0.0037675996660254895,,
54021,Gilmer County,WV,3/19/2026 18:00,0.0,,,
54021,Gilmer County,WV,3/19/2026 19:00,0.002979915967443958,,,
54021,Gilmer County,WV,3/19/2026 20:00,0.0016719859704608098,,,
54021,Gilmer County,WV,3/19/2026 21:00,0.0036420553806237876,,,
54021,Gilmer County,WV,3/19/2026 22:00,0.003818153632892063,,,
54021,Gilmer County,WV,3/19/2026 23:00,,,,
54049,Marion County,WV,3/14/2026 0:00,0.007415032770950347,0.005808402973343618,0.0,0.0
54049,Marion County,WV,3/14/2026 1:00,0.006971638780669309,0.005802178653539158,0.0,0.0
54049,Marion County,WV,3/14/2026 2:00,0.006165915168821812,0.005386835569515825,0.0,0.0
54049,Marion County,WV,3/14/2026 3:00,0.006242880830541253,0.005143237253651023,0.0,0.0
54049,Marion County,WV,3/14/2026 4:00,0.005744901893194765,0.003979538474231959,0.0,0.0
54049,Marion County,WV,3/14/2026 5:00,0.005775083041953621,0.0036200934555381536,0.0,0.0
54049,Marion County,WV,3/14/2026 6:00,0.006135848263511434,0.003527707769535482,0.0,0.0
54049,Marion County,WV,3/14/2026 7:00,0.0057930655020754784,0.003370281704701483,0.0,0.0010365692898631096
54049,Marion County,WV,3/14/2026 8:00,0.004999632190447301,0.0026809146162122487,0.0,0.0
54049,Marion County,WV,3/14/2026 9:00,0.004480533389141783,0.0025281568290665747,0.0,0.0
54049,Marion County,WV,3/14/2026 10:00,0.004479982279008254,0.002009887690655887,0.0,0.0
54049,Marion County,WV,3/14/2026 11:00,0.003267251013312489,0.0020886674290522935,0.0,0.0
54049,Marion County,WV,3/14/2026 12:00,0.003241899685235694,0.0015652826434234158,0.0,0.0
54049,Marion County,WV,3/14/2026 13:00,0.0023505904246121645,0.0012123303255066275,0.0,0.0
54049,Marion County,WV,3/14/2026 14:00,0.0018152715638279915,0.0,0.0,0.0
54049,Marion County,WV,3/14/2026 15:00,0.001548914413433522,0.0,0.0,0.0
54049,Marion County,WV,3/14/2026 16:00,0.0021962530008750036,0.0,0.0010858758469112217,0.0
54049,Marion County,WV,3/14/2026 17:00,0.0010362513130530715,0.0,0.002250510562589625,0.0
54049,Marion County,WV,3/14/2026 18:00,0.0,0.0,0.001988928974606097,0.0
54049,Marion County,WV,3/14/2026 19:00,0.0,0.0,0.0018351595994317905,0.00146640989696607
54049,Marion County,WV,3/14/2026 20:00,0.0,0.0,0.0,0.00264035050640814
54049,Marion County,WV,3/14/2026 21:00,0.0,0.0,0.0,0.0034858220489695666
54049,Marion County,WV,3/14/2026 22:00,0.0,0.0,0.0,0.003341986332088709
54049,Marion County,WV,3/14/2026 23:00,0.0,0.0,0.0,0.0024655126937432213
54049,Marion County,WV,3/15/2026 0:00,0.0,0.0,0.0,0.0026236801204504445
54049,Marion County,WV,3/15/2026 1:00,0.0,0.0,0.0,0.003650197957176715
54049,Marion County,WV,3/15/2026 2:00,0.0,0.0,0.0,0.003339037112891674
54049,Marion County,WV,3/15/2026 3:00,0.0,0.0,0.0,0.002494715989450924
54049,Marion County,WV,3/15/2026 4:00,0.0,0.0,0.0,0.0026484539499506353
54049,Marion County,WV,3/15/2026 5:00,0.0,0.0,0.0,0.0023198927141493187
54049,Marion County,WV,3/15/2026 6:00,0.0,0.0,0.0,0.002886317076627165
54049,Marion County,WV,3/15/2026 7:00,0.0,0.0017378849850501865,0.0014391200384125113,0.0032734200125560165
54049,Marion County,WV,3/15/2026 8:00,0.0,0.0014423986563087965,0.0021092166425660253,0.0035320927621796724
54049,Marion County,WV,3/15/2026 9:00,0.0,0.0012714543903712184,0.002025708882138133,0.003973501338623464
54049,Marion County,WV,3/15/2026 10:00,0.0,0.0016641221998725086,0.0,0.003784444846678525
54049,Marion County,WV,3/15/2026 11:00,0.0,0.0018520148150855675,0.0,0.003996084304526448
54049,Marion County,WV,3/15/2026 12:00,0.0,0.002016248123254627,0.0,0.003627403132850304
54049,Marion County,WV,3/15/2026 13:00,0.0,0.0015417808666825295,0.0,0.0032723041193094106
54049,Marion County,WV,3/15/2026 14:00,0.0,0.0013021303704590537,0.0,0.0030993744847364725
54049,Marion County,WV,3/15/2026 15:00,0.0010828148806467652,0.0014603271847590804,0.0,0.003134485275950283
54049,Marion County,WV,3/15/2026 16:00,0.0018276992801702363,0.001674181455746293,0.0,0.002589211132726632
54049,Marion County,WV,3/15/2026 17:00,0.0018893307351390831,0.0013556980004068464,0.0,0.0020747039627167395
54049,Marion County,WV,3/15/2026 18:00,0.001953168917680159,0.0011983273347141222,0.0,0.0017286841430177446
54049,Marion County,WV,3/15/2026 19:00,0.0015013555384939536,0.0,0.0,0.0012476608571887482
54049,Marion County,WV,3/15/2026 20:00,0.001195243967231363,0.0011082620709203183,0.0014478334691375495,0.0
54049,Marion County,WV,3/15/2026 21:00,0.0016074096638476476,0.0,0.0018052495201118291,0.0
54049,Marion County,WV,3/15/2026 22:00,0.001201345592562575,0.0012244054931215941,0.0020222321385517717,0.0
54049,Marion County,WV,3/15/2026 23:00,0.0,0.0014136680561932734,0.0029915747116319837,0.0
54049,Marion County,WV,3/16/2026 0:00,0.0,0.0018145433103200048,0.0027348572155460717,0.0
54049,Marion County,WV,3/16/2026 1:00,0.002527005970478058,0.003260211693122983,0.0038383846927899866,0.0
54049,Marion County,WV,3/16/2026 2:00,0.0,0.004161896812729537,0.005533730157185346,0.0
54049,Marion County,WV,3/16/2026 3:00,0.0,0.0031095573678612707,0.005453889514319599,0.0
54049,Marion County,WV,3/16/2026 4:00,0.0013233361460152082,0.0013229922042228281,0.004157552581818891,0.0
54049,Marion County,WV,3/16/2026 5:00,0.0022333883680403233,0.0012966874055564404,0.003667284530820325,0.0
54049,Marion County,WV,3/16/2026 6:00,0.004865634371526539,0.0018511763191781938,0.0035574757188442164,0.0
54049,Marion County,WV,3/16/2026 7:00,0.0035031369188800454,0.0013433160143904387,0.004769932443741709,0.0
54049,Marion County,WV,3/16/2026 8:00,0.0024294687318615615,0.001143027364742011,0.003191118559334427,0.0
54049,Marion County,WV,3/16/2026 9:00,0.0027417297242209315,0.0,0.0037792895760503597,0.0
54049,Marion County,WV,3/16/2026 10:00,0.001868182298494503,0.0,0.004726047971053049,0.0
54049,Marion County,WV,3/16/2026 11:00,0.0018292772147106007,0.0,0.005551968212239444,0.0
54049,Marion County,WV,3/16/2026 12:00,0.0,0.0,0.004701296062557958,0.0
54049,Marion County,WV,3/16/2026 13:00,0.0,0.0023826291086152195,0.0052112943609245125,0.0
54049,Marion County,WV,3/16/2026 14:00,0.0,0.002571298973634839,0.0036954363691620528,0.0
54049,Marion County,WV,3/16/2026 15:00,0.0,0.003112500719726086,0.0021019553998485206,0.0
54049,Marion County,WV,3/16/2026 16:00,0.0,0.0031823748722672462,0.0030468144512269648,0.0
54049,Marion County,WV,3/16/2026 17:00,0.0,0.0030039513017982244,0.0015443742508068682,0.0
54049,Marion County,WV,3/16/2026 18:00,0.002518606692319736,0.002921938523650169,0.0010762145277112723,0.0
54049,Marion County,WV,3/16/2026 19:00,0.002266725292429328,0.002627313463017344,0.0,0.0
54049,Marion County,WV,3/16/2026 20:00,0.0031813171808607876,0.002902502892538905,0.0,0.0
54049,Marion County,WV,3/16/2026 21:00,0.002118517644703388,0.0026326085440814494,0.0,0.0
54049,Marion County,WV,3/16/2026 22:00,0.002433240879327059,0.0025941448286175726,0.0,0.0
54049,Marion County,WV,3/16/2026 23:00,0.0013631589245051146,0.003779659792780876,0.0,0.0
54049,Marion County,WV,3/17/2026 0:00,0.0030273841111920774,0.002863661479204893,0.0,0.0
54049,Marion County,WV,3/17/2026 1:00,0.003080712689552456,0.002454847190529108,0.0,0.0
54049,Marion County,WV,3/17/2026 2:00,0.003425954950216692,0.002540948335081339,0.0,0.0
54049,Marion County,WV,3/17/2026 3:00,0.0026052494649775326,0.0033968213945627214,0.0,0.0
54049,Marion County,WV,3/17/2026 4:00,0.0029304065683390945,0.005353065999224782,0.0,0.0
54049,Marion County,WV,3/17/2026 5:00,0.0027033148799091578,0.003455118462443352,0.0,0.0
54049,Marion County,WV,3/17/2026 6:00,0.0024109696387313306,0.003171287104487419,0.0,0.0
54049,Marion County,WV,3/17/2026 7:00,0.002321118372492492,0.002953219274058938,0.0,0.0
54049,Marion County,WV,3/17/2026 8:00,0.003062774776481092,0.0025781338568776845,0.0,0.0
54049,Marion County,WV,3/17/2026 9:00,0.0042902708519250154,0.0023074184311553834,0.0,0.0
54049,Marion County,WV,3/17/2026 10:00,0.003785559121752158,0.00270339704293292,0.0,0.0
54049,Marion County,WV,3/17/2026 11:00,0.002124146674759686,0.002260243764612824,0.0,0.0
54049,Marion County,WV,3/17/2026 12:00,0.0015861887950450182,0.0013620145269669592,0.0,0.0
54049,Marion County,WV,3/17/2026 13:00,0.0021113641560077667,0.0011212870231247507,0.0,0.0
54049,Marion County,WV,3/17/2026 14:00,0.0019029114046134055,0.0,0.0,0.0
54049,Marion County,WV,3/17/2026 15:00,0.002009551855735481,0.0,0.0,0.0
54049,Marion County,WV,3/17/2026 16:00,0.0018675084575079381,0.0,0.0,0.0
54049,Marion County,WV,3/17/2026 17:00,0.0015878110498306341,0.0,0.0,0.0
54049,Marion County,WV,3/17/2026 18:00,0.0017094173817895353,0.0,0.0,0.0
54049,Marion County,WV,3/17/2026 19:00,0.0,0.0,0.0,0.0
54049,Marion County,WV,3/17/2026 20:00,0.0,0.0,0.0,0.0
54049,Marion County,WV,3/17/2026 21:00,0.0,0.0,0.0,0.0
54049,Marion County,WV,3/17/2026 22:00,0.0,0.0,0.0,0.0
54049,Marion County,WV,3/17/2026 23:00,0.0,0.0,0.0,0.0
54049,Marion County,WV,3/18/2026 0:00,0.0,0.0,0.0,
54049,Marion County,WV,3/18/2026 1:00,0.0,0.0,0.0,
54049,Marion County,WV,3/18/2026 2:00,0.0,0.0,0.0,
54049,Marion County,WV,3/18/2026 3:00,0.0,0.0,0.0,
54049,Marion County,WV,3/18/2026 4:00,0.0,0.0,0.0,
54049,Marion County,WV,3/18/2026 5:00,0.0,0.0,0.0,
54049,Marion County,WV,3/18/2026 6:00,0.0,0.0,0.0,
54049,Marion County,WV,3/18/2026 7:00,0.0,0.0,0.0,
54049,Marion County,WV,3/18/2026 8:00,0.0,0.0,0.0,
54049,Marion County,WV,3/18/2026 9:00,0.0,0.0,0.0,
54049,Marion County,WV,3/18/2026 10:00,0.0,0.0,0.0,
54049,Marion County,WV,3/18/2026 11:00,0.0,0.0,0.0,
54049,Marion County,WV,3/18/2026 12:00,0.0,0.0,0.0,
54049,Marion County,WV,3/18/2026 13:00,0.0,0.0,0.0,
54049,Marion County,WV,3/18/2026 14:00,0.0,0.0,0.0,
54049,Marion County,WV,3/18/2026 15:00,0.0,0.0,0.0,
54049,Marion County,WV,3/18/2026 16:00,0.0,0.0,0.0,
54049,Marion County,WV,3/18/2026 17:00,0.0,0.0,0.0,
54049,Marion County,WV,3/18/2026 18:00,0.0,0.0,0.0,
54049,Marion County,WV,3/18/2026 19:00,0.0,0.0,0.0,
54049,Marion County,WV,3/18/2026 20:00,0.0,0.0,0.0,
54049,Marion County,WV,3/18/2026 21:00,0.0,0.0,0.0,
54049,Marion County,WV,3/18/2026 22:00,0.0,0.0,0.0,
54049,Marion County,WV,3/18/2026 23:00,0.0,0.0,0.0,
54049,Marion County,WV,3/19/2026 0:00,0.0,0.0,,
54049,Marion County,WV,3/19/2026 1:00,0.0,0.0,,
54049,Marion County,WV,3/19/2026 2:00,0.0,0.0,,
54049,Marion County,WV,3/19/2026 3:00,0.0,0.0,,
54049,Marion County,WV,3/19/2026 4:00,0.0,0.0,,
54049,Marion County,WV,3/19/2026 5:00,0.0,0.0,,
54049,Marion County,WV,3/19/2026 6:00,0.0,0.0,,
54049,Marion County,WV,3/19/2026 7:00,0.0,0.0,,
54049,Marion County,WV,3/19/2026 8:00,0.0,0.0,,
54049,Marion County,WV,3/19/2026 9:00,0.0,0.0,,
54049,Marion County,WV,3/19/2026 10:00,0.0,0.0,,
54049,Marion County,WV,3/19/2026 11:00,0.0,0.0,,
54049,Marion County,WV,3/19/2026 12:00,0.0,0.0,,
54049,Marion County,WV,3/19/2026 13:00,0.0,0.0,,
54049,Marion County,WV,3/19/2026 14:00,0.0,0.0,,
54049,Marion County,WV,3/19/2026 15:00,0.0,0.0,,
54049,Marion County,WV,3/19/2026 16:00,0.0,0.0,,
54049,Marion County,WV,3/19/2026 17:00,0.0,0.0,,
54049,Marion County,WV,3/19/2026 18:00,0.0,,,
54049,Marion County,WV,3/19/2026 19:00,0.0,,,
54049,Marion County,WV,3/19/2026 20:00,0.0,,,
54049,Marion County,WV,3/19/2026 21:00,0.0,,,
54049,Marion County,WV,3/19/2026 22:00,0.0,,,
54049,Marion County,WV,3/19/2026 23:00,,,,
54051,Marshall County,WV,3/14/2026 0:00,0.05423816401162185,0.0476653216406703,0.005294992728158832,0.002313540276372805
54051,Marshall County,WV,3/14/2026 1:00,0.05423472065012902,0.04673847714439035,0.006035923957824707,0.0017366991844028235
54051,Marshall County,WV,3/14/2026 2:00,0.052302172232884914,0.0445178565569222,0.006076629646122456,0.001634202420245856
54051,Marshall County,WV,3/14/2026 3:00,0.04904915850784164,0.04141480326652527,0.0056252863723784685,0.0019310802454128861
54051,Marshall County,WV,3/14/2026 4:00,0.049802494497271255,0.038169520115479826,0.005574724916368724,0.0014134219149127603
54051,Marshall County,WV,3/14/2026 5:00,0.04921869526151568,0.03675531754270196,0.005268563237041235,0.0014748820569366217
54051,Marshall County,WV,3/14/2026 6:00,0.04750286391572445,0.03725769850425422,0.007113546750042587,0.0020380319328978658
54051,Marshall County,WV,3/14/2026 7:00,0.0457089024130255,0.03676007711328566,0.0060811991104856135,0.0026631109649315476
54051,Marshall County,WV,3/14/2026 8:00,0.0431625748751685,0.03401665227302146,0.006090236082673073,0.002166705369018018
54051,Marshall County,WV,3/14/2026 9:00,0.03953857644228265,0.030871700937859715,0.005085785151459276,0.002210461639333516
54051,Marshall County,WV,3/14/2026 10:00,0.03748522559180856,0.028145847423002125,0.005392282735556364,0.0025489094550721347
54051,Marshall County,WV,3/14/2026 11:00,0.03868755465373397,0.026923504006117583,0.0037792021175846457,0.0019130888860672713
54051,Marshall County,WV,3/14/2026 12:00,0.03683567879488692,0.023345527052879334,0.0038915665820240977,0.002070814959006384
54051,Marshall County,WV,3/14/2026 13:00,0.03473091119667515,0.02050283011049032,0.0028738467022776603,0.001984735653968528
54051,Marshall County,WV,3/14/2026 14:00,0.03106279531493783,0.015664900140836834,0.00283361217007041,0.0012172121321782471
54051,Marshall County,WV,3/14/2026 15:00,0.028675430927251,0.013365650828927756,0.002536519826389849,0.0013048428227193654
54051,Marshall County,WV,3/14/2026 16:00,0.027753665708587505,0.011112564243376255,0.004327153135091066,0.0012129956216085703
54051,Marshall County,WV,3/14/2026 17:00,0.023305498179979622,0.00970373759046197,0.004676453024148941,0.0010630827629938722
54051,Marshall County,WV,3/14/2026 18:00,0.02036462543765083,0.007835309207439422,0.005125511926598847,0.001903922122437507
54051,Marshall County,WV,3/14/2026 19:00,0.01572730328189209,0.007742159068584442,0.006033871392719448,0.004302268888568506
54051,Marshall County,WV,3/14/2026 20:00,0.013792696787277237,0.007736358605325222,0.0032375164330005644,0.006413483002688736
54051,Marshall County,WV,3/14/2026 21:00,0.01184584184375126,0.007538164407014847,0.002089831721968949,0.007287878985516727
54051,Marshall County,WV,3/14/2026 22:00,0.010829563019797206,0.007238877657800913,0.0012784315273165704,0.007959868805482984
54051,Marshall County,WV,3/14/2026 23:00,0.009169969940558076,0.006967165786772966,0.0010467288782820107,0.008323983378068079
54051,Marshall County,WV,3/15/2026 0:00,0.008756214185268618,0.007761585153639316,0.0,0.007368610976845958
54051,Marshall County,WV,3/15/2026 1:00,0.008537931804312393,0.007757877418771386,0.0,0.006931154333869927
54051,Marshall County,WV,3/15/2026 2:00,0.007941608491819352,0.0078793631400913,0.0,0.005441819492261857
54051,Marshall County,WV,3/15/2026 3:00,0.00754068698734045,0.0070721218828111885,0.0,0.005015821882989257
54051,Marshall County,WV,3/15/2026 4:00,0.007023431651759893,0.0062598281539976595,0.0,0.005695458920672536
54051,Marshall County,WV,3/15/2026 5:00,0.007640113064553589,0.006095654238015414,0.0,0.005465397238731384
54051,Marshall County,WV,3/15/2026 6:00,0.007211049785837531,0.0052546744234859945,0.0,0.00442197282682173
54051,Marshall County,WV,3/15/2026 7:00,0.007578834367450327,0.004667190276086331,0.0010454738512635233,0.004691373856621795
54051,Marshall County,WV,3/15/2026 8:00,0.006079008337110281,0.004661048110574484,0.0014878102811053395,0.004928292962722481
54051,Marshall County,WV,3/15/2026 9:00,0.00537658657412976,0.00526415160857141,0.0018382654758170248,0.004902750410838053
54051,Marshall County,WV,3/15/2026 10:00,0.005315107060596347,0.00538561288267374,0.0015511187724769116,0.00497928864788264
54051,Marshall County,WV,3/15/2026 11:00,0.004099160549230874,0.004961563972756267,0.0011666485806927085,0.004807574086589739
54051,Marshall County,WV,3/15/2026 12:00,0.0021710090804845095,0.005715879239141941,0.0012817128910683096,0.003960760514019057
54051,Marshall County,WV,3/15/2026 13:00,0.003962044487707317,0.005994947999715805,0.0,0.004560626207967289
54051,Marshall County,WV,3/15/2026 14:00,0.0037015853449702263,0.004405501391738653,0.0,0.004186180091346614
54051,Marshall County,WV,3/15/2026 15:00,0.004122666548937559,0.003053921554237604,0.0,0.0030941475692088717
54051,Marshall County,WV,3/15/2026 16:00,0.003642311436124146,0.002225425373762846,0.0,0.0029717736921156756
54051,Marshall County,WV,3/15/2026 17:00,0.005345087964087725,0.002348162978887558,0.0,0.002206065459176898
54051,Marshall County,WV,3/15/2026 18:00,0.005287948530167341,0.0026527689769864082,0.0,0.0012003317242488265
54051,Marshall County,WV,3/15/2026 19:00,0.0037373073864728212,0.002157817129045725,0.001221421966329217,0.0011263895605225116
54051,Marshall County,WV,3/15/2026 20:00,0.0028002369217574596,0.0014722704887390136,0.004423269192920997,0.0
54051,Marshall County,WV,3/15/2026 21:00,0.001992734265513718,0.0,0.005535733222495764,0.0
54051,Marshall County,WV,3/15/2026 22:00,0.0018177344463765621,0.0,0.0057386059022974225,0.0
54051,Marshall County,WV,3/15/2026 23:00,0.0016953202430158854,0.0,0.006032404350116849,0.0
54051,Marshall County,WV,3/16/2026 0:00,0.0,0.001902384776622057,0.003990049590356648,0.0
54051,Marshall County,WV,3/16/2026 1:00,0.0,0.0017477171029895544,0.004087117803283036,0.0
54051,Marshall County,WV,3/16/2026 2:00,0.0,0.0022158537060022352,0.0026089926599524916,0.0
54051,Marshall County,WV,3/16/2026 3:00,0.0,0.0019387171138077973,0.002532323799096048,0.0
54051,Marshall County,WV,3/16/2026 4:00,0.0,0.0017468142323195934,0.0021599939675070344,0.0
54051,Marshall County,WV,3/16/2026 5:00,0.0,0.003047925513237715,0.0,0.0
54051,Marshall County,WV,3/16/2026 6:00,0.0,0.0021820726804435255,0.0,0.0
54051,Marshall County,WV,3/16/2026 7:00,0.002290033269673586,0.0021543250302784147,0.0011635535047389567,0.0
54051,Marshall County,WV,3/16/2026 8:00,0.0016737772384658456,0.0016847091668751092,0.0,0.0
54051,Marshall County,WV,3/16/2026 9:00,0.0,0.0015219508204609156,0.0,0.0
54051,Marshall County,WV,3/16/2026 10:00,0.0,0.0011444406583905218,0.001250533782877028,0.0
54051,Marshall County,WV,3/16/2026 11:00,0.001865837606601417,0.0013067708350718021,0.0014411953277885916,0.0
54051,Marshall County,WV,3/16/2026 12:00,0.0014771065907552838,0.0012015763670206068,0.0012605060823261739,0.0
54051,Marshall County,WV,3/16/2026 13:00,0.0,0.0020868696738034487,0.0,0.0
54051,Marshall County,WV,3/16/2026 14:00,0.0015259154461091384,0.0036767503246665,0.0010012632003054023,0.0
54051,Marshall County,WV,3/16/2026 15:00,0.001973235863260925,0.004068272281438112,0.0,0.0
54051,Marshall County,WV,3/16/2026 16:00,0.0016139968574861996,0.005411581601947546,0.0,0.0
54051,Marshall County,WV,3/16/2026 17:00,0.0014954135986045003,0.005693352082744241,0.0,0.0
54051,Marshall County,WV,3/16/2026 18:00,0.0014349917182698846,0.004621499078348279,0.0,0.0
54051,Marshall County,WV,3/16/2026 19:00,0.004365667642559856,0.004345683241263032,0.0,0.0
54051,Marshall County,WV,3/16/2026 20:00,0.004929505505060661,0.00398857737891376,0.0,0.0
54051,Marshall County,WV,3/16/2026 21:00,0.006674967939034104,0.003890945063903928,0.0,0.0
54051,Marshall County,WV,3/16/2026 22:00,0.005658550740918145,0.003525337786413729,0.0,0.0
54051,Marshall County,WV,3/16/2026 23:00,0.003932001243811101,0.002996331313624978,0.0,0.0
54051,Marshall County,WV,3/17/2026 0:00,0.005743891291785985,0.002588025014847517,0.0,0.0
54051,Marshall County,WV,3/17/2026 1:00,0.004820100934011862,0.0027161582140251992,0.0,0.0
54051,Marshall County,WV,3/17/2026 2:00,0.0036701835924759507,0.002710082056000829,0.0,0.0
54051,Marshall County,WV,3/17/2026 3:00,0.0038959095254540443,0.0025679278187453747,0.0,0.0
54051,Marshall County,WV,3/17/2026 4:00,0.0030102396849542856,0.0033847190672531722,0.0,0.0
54051,Marshall County,WV,3/17/2026 5:00,0.004002791130915284,0.003247593343257904,0.0,0.0
54051,Marshall County,WV,3/17/2026 6:00,0.0038360055768862367,0.003158957650884986,0.0,0.0
54051,Marshall County,WV,3/17/2026 7:00,0.004522955976426601,0.002784373459871858,0.0,0.0
54051,Marshall County,WV,3/17/2026 8:00,0.0033187709923367947,0.0026656082598492505,0.0,0.0
54051,Marshall County,WV,3/17/2026 9:00,0.00496984482742846,0.001901326674851589,0.0,0.0
54051,Marshall County,WV,3/17/2026 10:00,0.003960303321946412,0.0015191974118351937,0.0,0.0
54051,Marshall County,WV,3/17/2026 11:00,0.0034205462725367397,0.0012281488394364714,0.0,0.0
54051,Marshall County,WV,3/17/2026 12:00,0.003230508358683437,0.0,0.0,0.0
54051,Marshall County,WV,3/17/2026 13:00,0.003504439489915967,0.0012065410963259637,0.0,0.0
54051,Marshall County,WV,3/17/2026 14:00,0.001959313152838149,0.0,0.0,0.0
54051,Marshall County,WV,3/17/2026 15:00,0.001751888219587272,0.0,0.0,0.0
54051,Marshall County,WV,3/17/2026 16:00,0.0022329934290610254,0.0,0.0,0.0
54051,Marshall County,WV,3/17/2026 17:00,0.0017152592772617936,0.0,0.0,0.0
54051,Marshall County,WV,3/17/2026 18:00,0.0023297948646359146,0.0,0.0,0.0
54051,Marshall County,WV,3/17/2026 19:00,0.0012569909449666739,0.0,0.0,0.0
54051,Marshall County,WV,3/17/2026 20:00,0.0,0.0,0.0,0.0
54051,Marshall County,WV,3/17/2026 21:00,0.0,0.0,0.0,0.0
54051,Marshall County,WV,3/17/2026 22:00,0.0,0.0,0.0,0.0
54051,Marshall County,WV,3/17/2026 23:00,0.0,0.0,0.0,0.0
54051,Marshall County,WV,3/18/2026 0:00,0.0,0.0,0.0,
54051,Marshall County,WV,3/18/2026 1:00,0.0,0.0,0.0,
54051,Marshall County,WV,3/18/2026 2:00,0.0,0.0,0.0,
54051,Marshall County,WV,3/18/2026 3:00,0.0,0.0,0.0,
54051,Marshall County,WV,3/18/2026 4:00,0.0,0.0,0.0,
54051,Marshall County,WV,3/18/2026 5:00,0.0,0.0013031242415308952,0.0,
54051,Marshall County,WV,3/18/2026 6:00,0.0,0.001448399992659688,0.0,
54051,Marshall County,WV,3/18/2026 7:00,0.001077790278941393,0.0014769030502066016,0.0,
54051,Marshall County,WV,3/18/2026 8:00,0.001503278617747128,0.0016248535015620292,0.0,
54051,Marshall County,WV,3/18/2026 9:00,0.0016343037132173777,0.0014199983867001719,0.0,
54051,Marshall County,WV,3/18/2026 10:00,0.0024048882769420743,0.0010749676264822483,0.0,
54051,Marshall County,WV,3/18/2026 11:00,0.0018351014878135175,0.0010064780166430865,0.0,
54051,Marshall County,WV,3/18/2026 12:00,0.0027329259319230914,0.0,0.0,
54051,Marshall County,WV,3/18/2026 13:00,0.0022846044157631695,0.0,0.0,
54051,Marshall County,WV,3/18/2026 14:00,0.002622807980515063,0.0,0.0,
54051,Marshall County,WV,3/18/2026 15:00,0.0022143996320664883,0.0,0.0,
54051,Marshall County,WV,3/18/2026 16:00,0.0021047110203653574,0.0,0.0,
54051,Marshall County,WV,3/18/2026 17:00,0.0,0.0,0.0,
54051,Marshall County,WV,3/18/2026 18:00,0.0,0.0,0.0,
54051,Marshall County,WV,3/18/2026 19:00,0.0,0.0,0.0,
54051,Marshall County,WV,3/18/2026 20:00,0.0,0.0,0.0,
54051,Marshall County,WV,3/18/2026 21:00,0.0,0.0,0.0,
54051,Marshall County,WV,3/18/2026 22:00,0.0,0.0,0.0,
54051,Marshall County,WV,3/18/2026 23:00,0.0,0.0,0.0,
54051,Marshall County,WV,3/19/2026 0:00,0.0,0.0,,
54051,Marshall County,WV,3/19/2026 1:00,0.0,0.0,,
54051,Marshall County,WV,3/19/2026 2:00,0.0,0.0,,
54051,Marshall County,WV,3/19/2026 3:00,0.0,0.0,,
54051,Marshall County,WV,3/19/2026 4:00,0.0,0.0,,
54051,Marshall County,WV,3/19/2026 5:00,0.0,0.0,,
54051,Marshall County,WV,3/19/2026 6:00,0.0,0.0,,
54051,Marshall County,WV,3/19/2026 7:00,0.0,0.0,,
54051,Marshall County,WV,3/19/2026 8:00,0.0,0.0,,
54051,Marshall County,WV,3/19/2026 9:00,0.0,0.0,,
54051,Marshall County,WV,3/19/2026 10:00,0.0,0.0,,
54051,Marshall County,WV,3/19/2026 11:00,0.0,0.0,,
54051,Marshall County,WV,3/19/2026 12:00,0.0,0.0,,
54051,Marshall County,WV,3/19/2026 13:00,0.0,0.0,,
54051,Marshall County,WV,3/19/2026 14:00,0.0,0.0,,
54051,Marshall County,WV,3/19/2026 15:00,0.0,0.0,,
54051,Marshall County,WV,3/19/2026 16:00,0.0,0.0,,
54051,Marshall County,WV,3/19/2026 17:00,0.0,0.0,,
54051,Marshall County,WV,3/19/2026 18:00,0.0,,,
54051,Marshall County,WV,3/19/2026 19:00,0.0,,,
54051,Marshall County,WV,3/19/2026 20:00,0.0,,,
54051,Marshall County,WV,3/19/2026 21:00,0.0,,,
54051,Marshall County,WV,3/19/2026 22:00,0.0,,,
54051,Marshall County,WV,3/19/2026 23:00,,,,
54061,Monongalia County,WV,3/14/2026 0:00,0.0015607456443831325,0.0019249118398875,0.0,0.0
54061,Monongalia County,WV,3/14/2026 1:00,0.00222013978054747,0.001849111053161323,0.0,0.0
54061,Monongalia County,WV,3/14/2026 2:00,0.0,0.00201257411390543,0.0,0.0
54061,Monongalia County,WV,3/14/2026 3:00,0.0,0.0024988870369270443,0.0,0.0
54061,Monongalia County,WV,3/14/2026 4:00,0.0,0.002071414585225284,0.0,0.0
54061,Monongalia County,WV,3/14/2026 5:00,0.0,0.0019638716010376813,0.0,0.0
54061,Monongalia County,WV,3/14/2026 6:00,0.0014346390089485794,0.001799558335915208,0.0,0.0
54061,Monongalia County,WV,3/14/2026 7:00,0.0,0.0019172803265973925,0.0,0.0
54061,Monongalia County,WV,3/14/2026 8:00,0.0012738205841742456,0.0018041157512925566,0.0,0.0
54061,Monongalia County,WV,3/14/2026 9:00,0.0011589446803554893,0.0016153064207173884,0.0,0.0
54061,Monongalia County,WV,3/14/2026 10:00,0.0016352002276107669,0.0016682851011864841,0.0,0.0
54061,Monongalia County,WV,3/14/2026 11:00,0.0,0.0017952813184820115,0.0,0.0
54061,Monongalia County,WV,3/14/2026 12:00,0.0,0.0016010326013201847,0.0013662251469213516,0.0
54061,Monongalia County,WV,3/14/2026 13:00,0.0,0.0011780882079619915,0.002054544448037632,0.0
54061,Monongalia County,WV,3/14/2026 14:00,0.0010491010325495154,0.0,0.002083467600414224,0.0
54061,Monongalia County,WV,3/14/2026 15:00,0.0,0.0,0.001820193177627516,0.0
54061,Monongalia County,WV,3/14/2026 16:00,0.0019245060248067603,0.0,0.0020416961808223276,0.0
54061,Monongalia County,WV,3/14/2026 17:00,0.0,0.0,0.002581267151981592,0.0
54061,Monongalia County,WV,3/14/2026 18:00,0.0,0.0,0.0035906415025237946,0.0
54061,Monongalia County,WV,3/14/2026 19:00,0.0,0.0,0.002748350816546008,0.0
54061,Monongalia County,WV,3/14/2026 20:00,0.0,0.0,0.0,0.002712864428758621
54061,Monongalia County,WV,3/14/2026 21:00,0.0,0.0,0.0,0.0036698259413242337
54061,Monongalia County,WV,3/14/2026 22:00,0.0,0.0,0.0,0.0030458288616500794
54061,Monongalia County,WV,3/14/2026 23:00,0.0,0.0,0.0,0.0023131867230404167
54061,Monongalia County,WV,3/15/2026 0:00,0.0,0.0,0.0,0.0021902541600866245
54061,Monongalia County,WV,3/15/2026 1:00,0.0,0.0,0.0,0.0033794635091908276
54061,Monongalia County,WV,3/15/2026 2:00,0.0,0.0,0.0,0.0033404746907763185
54061,Monongalia County,WV,3/15/2026 3:00,0.0,0.0,0.0,0.0019928934867493807
54061,Monongalia County,WV,3/15/2026 4:00,0.0,0.0,0.0,0.0027410761162173004
54061,Monongalia County,WV,3/15/2026 5:00,0.0,0.0,0.0,0.0020768628193764014
54061,Monongalia County,WV,3/15/2026 6:00,0.0,0.001176224503433332,0.0,0.0027239032031502576
54061,Monongalia County,WV,3/15/2026 7:00,0.0,0.0020623570308089256,0.0,0.0028966241923626514
54061,Monongalia County,WV,3/15/2026 8:00,0.0,0.0018269479740411043,0.0021633526950608937,0.0034460569731891155
54061,Monongalia County,WV,3/15/2026 9:00,0.0,0.0017063335282728076,0.0012397069483995437,0.0036261317785829302
54061,Monongalia County,WV,3/15/2026 10:00,0.0,0.0019664240535348654,0.0,0.0033939156855922192
54061,Monongalia County,WV,3/15/2026 11:00,0.0,0.0019005576148629188,0.0,0.0037724808556959034
54061,Monongalia County,WV,3/15/2026 12:00,0.001988170035474468,0.0028679116629064085,0.0,0.0038432941073551774
54061,Monongalia County,WV,3/15/2026 13:00,0.0018202136707259342,0.0022544738138094546,0.0,0.0035307594342157246
54061,Monongalia County,WV,3/15/2026 14:00,0.002102346217725426,0.002094738814048469,0.0,0.0038791274884715675
54061,Monongalia County,WV,3/15/2026 15:00,0.0018740580708254129,0.0018360333051532507,0.0,0.003397069894708693
54061,Monongalia County,WV,3/15/2026 16:00,0.00238498963881284,0.0,0.0,0.002667299564927816
54061,Monongalia County,WV,3/15/2026 17:00,0.0019670457986649126,0.0012725304171908648,0.0,0.001440254529006779
54061,Monongalia County,WV,3/15/2026 18:00,0.0016530541906831786,0.0,0.0,0.0
54061,Monongalia County,WV,3/15/2026 19:00,0.0014486969739664346,0.0,0.0015429897321155295,0.0
54061,Monongalia County,WV,3/15/2026 20:00,0.0015666587860323489,0.0010952018070383928,0.0028483932113886113,0.0
54061,Monongalia County,WV,3/15/2026 21:00,0.001599972485564649,0.0013963955803774296,0.003091090619273018,0.0
54061,Monongalia County,WV,3/15/2026 22:00,0.0019052596180699766,0.0,0.0029831708685378543,0.0
54061,Monongalia County,WV,3/15/2026 23:00,0.0,0.0012796285096555947,0.0035237402087659577,0.0
54061,Monongalia County,WV,3/16/2026 0:00,0.0,0.001639603334479034,0.0028671889856923373,0.0
54061,Monongalia County,WV,3/16/2026 1:00,0.0017017864156514406,0.0019771713064983486,0.003571929237659788,0.0
54061,Monongalia County,WV,3/16/2026 2:00,0.001494867552537471,0.002776482002809644,0.005835348647087813,0.0
54061,Monongalia County,WV,3/16/2026 3:00,0.0,0.0018416439066641032,0.005428085080347955,0.0
54061,Monongalia County,WV,3/16/2026 4:00,0.0010284065465384629,0.001117510354379192,0.004592968802899122,0.0
54061,Monongalia County,WV,3/16/2026 5:00,0.0019613911281339824,0.0,0.004529655136866495,0.0
54061,Monongalia County,WV,3/16/2026 6:00,0.00261075102025643,0.0013773745886282995,0.0039022270764689894,0.0
54061,Monongalia County,WV,3/16/2026 7:00,0.002987268235301599,0.0,0.0044516536523588005,0.0
54061,Monongalia County,WV,3/16/2026 8:00,0.005518687656149268,0.0,0.004113718925509602,0.0
54061,Monongalia County,WV,3/16/2026 9:00,0.0014323577925097197,0.0,0.004016635718289763,0.0
54061,Monongalia County,WV,3/16/2026 10:00,0.0,0.0,0.00426498994929716,0.0
54061,Monongalia County,WV,3/16/2026 11:00,0.0011163394374307245,0.0,0.005231102905236184,0.0
54061,Monongalia County,WV,3/16/2026 12:00,0.0,0.0,0.004654583457158879,0.0
54061,Monongalia County,WV,3/16/2026 13:00,0.0,0.0021940643084235488,0.004744163114810363,0.0
54061,Monongalia County,WV,3/16/2026 14:00,0.0,0.0030714770196937024,0.004598523178719916,0.0
54061,Monongalia County,WV,3/16/2026 15:00,0.0,0.0035043202035012653,0.0036828351207077504,0.0
54061,Monongalia County,WV,3/16/2026 16:00,0.0,0.0026725817237092998,0.003691506476025097,0.0
54061,Monongalia County,WV,3/16/2026 17:00,0.001073180348612368,0.003181914915330708,0.0028568739726324566,0.0
54061,Monongalia County,WV,3/16/2026 18:00,0.002458707895129919,0.0028040970442816614,0.0021773940505227076,0.0
54061,Monongalia County,WV,3/16/2026 19:00,0.004201113129965961,0.0025623554596677423,0.0015749463796964846,0.0
54061,Monongalia County,WV,3/16/2026 20:00,0.0047808613162487745,0.002621187665499747,0.0,0.0
54061,Monongalia County,WV,3/16/2026 21:00,0.004049326642416418,0.001894938840996474,0.0,0.0
54061,Monongalia County,WV,3/16/2026 22:00,0.004570213379338384,0.00200950171565637,0.0,0.0
54061,Monongalia County,WV,3/16/2026 23:00,0.005088633392006159,0.0023628354072570803,0.0,0.0
54061,Monongalia County,WV,3/17/2026 0:00,0.006007433868944645,0.0021596063394099473,0.0,0.0
54061,Monongalia County,WV,3/17/2026 1:00,0.0048483978025615215,0.002045495709171519,0.0,0.0
54061,Monongalia County,WV,3/17/2026 2:00,0.004963650717400014,0.0024175775004550816,0.0,0.0
54061,Monongalia County,WV,3/17/2026 3:00,0.005439338739961386,0.0032926261657848952,0.0,0.0
54061,Monongalia County,WV,3/17/2026 4:00,0.005072765285149217,0.004058150562923401,0.0,0.0
54061,Monongalia County,WV,3/17/2026 5:00,0.004896615515463054,0.0037779833655804396,0.0,0.0
54061,Monongalia County,WV,3/17/2026 6:00,0.0034919449826702476,0.0023712162859737874,0.0,0.0
54061,Monongalia County,WV,3/17/2026 7:00,0.004128160886466503,0.0024016225012019276,0.0,0.0
54061,Monongalia County,WV,3/17/2026 8:00,0.005552582675591111,0.0024256687378510834,0.0,0.0
54061,Monongalia County,WV,3/17/2026 9:00,0.005825343891046941,0.001996492873877287,0.0,0.0
54061,Monongalia County,WV,3/17/2026 10:00,0.005573156988248229,0.002214980311691761,0.0,0.0
54061,Monongalia County,WV,3/17/2026 11:00,0.0034628722351044416,0.0017973444890230894,0.0,0.0
54061,Monongalia County,WV,3/17/2026 12:00,0.004390018992125988,0.0,0.0,0.0
54061,Monongalia County,WV,3/17/2026 13:00,0.005098688183352351,0.0,0.0,0.0
54061,Monongalia County,WV,3/17/2026 14:00,0.004545988398604095,0.0,0.0,0.0
54061,Monongalia County,WV,3/17/2026 15:00,0.005750311771407723,0.0,0.0,0.0
54061,Monongalia County,WV,3/17/2026 16:00,0.004951913142576814,0.0,0.0,0.0
54061,Monongalia County,WV,3/17/2026 17:00,0.0023037008941173553,0.0,0.0,0.0
54061,Monongalia County,WV,3/17/2026 18:00,0.0016402602195739746,0.0,0.0,0.0
54061,Monongalia County,WV,3/17/2026 19:00,0.0,0.0,0.0,0.0
54061,Monongalia County,WV,3/17/2026 20:00,0.0,0.0,0.0,0.0
54061,Monongalia County,WV,3/17/2026 21:00,0.0,0.0,0.0,0.0
54061,Monongalia County,WV,3/17/2026 22:00,0.0,0.0,0.0,0.0
54061,Monongalia County,WV,3/17/2026 23:00,0.0,0.0,0.0,0.0
54061,Monongalia County,WV,3/18/2026 0:00,0.0,0.0,0.0,
54061,Monongalia County,WV,3/18/2026 1:00,0.0,0.0,0.0,
54061,Monongalia County,WV,3/18/2026 2:00,0.0,0.0,0.0,
54061,Monongalia County,WV,3/18/2026 3:00,0.0,0.0,0.0,
54061,Monongalia County,WV,3/18/2026 4:00,0.0,0.0,0.0,
54061,Monongalia County,WV,3/18/2026 5:00,0.0,0.0,0.0,
54061,Monongalia County,WV,3/18/2026 6:00,0.0,0.0,0.0,
54061,Monongalia County,WV,3/18/2026 7:00,0.0,0.0,0.0,
54061,Monongalia County,WV,3/18/2026 8:00,0.0,0.0,0.0,
54061,Monongalia County,WV,3/18/2026 9:00,0.0,0.0,0.0,
54061,Monongalia County,WV,3/18/2026 10:00,0.0,0.0,0.0,
54061,Monongalia County,WV,3/18/2026 11:00,0.0,0.0,0.0,
54061,Monongalia County,WV,3/18/2026 12:00,0.0,0.0,0.0,
54061,Monongalia County,WV,3/18/2026 13:00,0.0,0.0,0.0,
54061,Monongalia County,WV,3/18/2026 14:00,0.0,0.0,0.0,
54061,Monongalia County,WV,3/18/2026 15:00,0.0,0.0,0.0,
54061,Monongalia County,WV,3/18/2026 16:00,0.0,0.0,0.0,
54061,Monongalia County,WV,3/18/2026 17:00,0.0,0.0,0.0,
54061,Monongalia County,WV,3/18/2026 18:00,0.0,0.0,0.0,
54061,Monongalia County,WV,3/18/2026 19:00,0.0,0.0,0.0,
54061,Monongalia County,WV,3/18/2026 20:00,0.0,0.0,0.0,
54061,Monongalia County,WV,3/18/2026 21:00,0.0,0.0,0.0,
54061,Monongalia County,WV,3/18/2026 22:00,0.0,0.0,0.0,
54061,Monongalia County,WV,3/18/2026 23:00,0.0,0.0,0.0,
54061,Monongalia County,WV,3/19/2026 0:00,0.0,0.0,,
54061,Monongalia County,WV,3/19/2026 1:00,0.0,0.0,,
54061,Monongalia County,WV,3/19/2026 2:00,0.0,0.0,,
54061,Monongalia County,WV,3/19/2026 3:00,0.0,0.0,,
54061,Monongalia County,WV,3/19/2026 4:00,0.0,0.0,,
54061,Monongalia County,WV,3/19/2026 5:00,0.0,0.0,,
54061,Monongalia County,WV,3/19/2026 6:00,0.0,0.0,,
54061,Monongalia County,WV,3/19/2026 7:00,0.0,0.0,,
54061,Monongalia County,WV,3/19/2026 8:00,0.0,0.0,,
54061,Monongalia County,WV,3/19/2026 9:00,0.0,0.0,,
54061,Monongalia County,WV,3/19/2026 10:00,0.0,0.0,,
54061,Monongalia County,WV,3/19/2026 11:00,0.0,0.0,,
54061,Monongalia County,WV,3/19/2026 12:00,0.0,0.0,,
54061,Monongalia County,WV,3/19/2026 13:00,0.0,0.0,,
54061,Monongalia County,WV,3/19/2026 14:00,0.0,0.0,,
54061,Monongalia County,WV,3/19/2026 15:00,0.0,0.0,,
54061,Monongalia County,WV,3/19/2026 16:00,0.0,0.0,,
54061,Monongalia County,WV,3/19/2026 17:00,0.0,0.0,,
54061,Monongalia County,WV,3/19/2026 18:00,0.0,,,
54061,Monongalia County,WV,3/19/2026 19:00,0.0,,,
54061,Monongalia County,WV,3/19/2026 20:00,0.0,,,
54061,Monongalia County,WV,3/19/2026 21:00,0.0,,,
54061,Monongalia County,WV,3/19/2026 22:00,0.0,,,
54061,Monongalia County,WV,3/19/2026 23:00,,,,
54065,Morgan County,WV,3/14/2026 0:00,0.0,0.004618081077933311,0.0,0.0
54065,Morgan County,WV,3/14/2026 1:00,0.0,0.001982254069298506,0.0,0.0
54065,Morgan County,WV,3/14/2026 2:00,0.0010983587708324194,0.0019925065571442246,0.0,0.0
54065,Morgan County,WV,3/14/2026 3:00,0.0,0.002508941758424044,0.0,0.0
54065,Morgan County,WV,3/14/2026 4:00,0.0017951573827303946,0.0015639770310372115,0.0,0.0
54065,Morgan County,WV,3/14/2026 5:00,0.0027822724368888885,0.0,0.0,0.0
54065,Morgan County,WV,3/14/2026 6:00,0.0010695206583477557,0.0012064752576407046,0.0,0.0
54065,Morgan County,WV,3/14/2026 7:00,0.001453988632420078,0.00102420806651935,0.0,0.0
54065,Morgan County,WV,3/14/2026 8:00,0.0015538281440967694,0.0,0.0,0.0
54065,Morgan County,WV,3/14/2026 9:00,0.001488402413087897,0.0,0.0,0.0
54065,Morgan County,WV,3/14/2026 10:00,0.0,0.0,0.0,0.0
54065,Morgan County,WV,3/14/2026 11:00,0.0,0.0,0.0,0.0
54065,Morgan County,WV,3/14/2026 12:00,0.0,0.0,0.0,0.0
54065,Morgan County,WV,3/14/2026 13:00,0.0,0.0,0.0,0.0
54065,Morgan County,WV,3/14/2026 14:00,0.0,0.0,0.0,0.0
54065,Morgan County,WV,3/14/2026 15:00,0.0,0.0,0.0,0.0
54065,Morgan County,WV,3/14/2026 16:00,0.0,0.0,0.0,0.0
54065,Morgan County,WV,3/14/2026 17:00,0.0,0.0,0.0,0.0
54065,Morgan County,WV,3/14/2026 18:00,0.0,0.0,0.0,0.0
54065,Morgan County,WV,3/14/2026 19:00,0.0,0.0,0.0,0.0
54065,Morgan County,WV,3/14/2026 20:00,0.0,0.0,0.0,0.0011401510389987379
54065,Morgan County,WV,3/14/2026 21:00,0.0,0.0,0.0,0.001976458404533332
54065,Morgan County,WV,3/14/2026 22:00,0.0,0.0,0.0,0.00145398972381372
54065,Morgan County,WV,3/14/2026 23:00,0.0,0.0,0.0,0.0
54065,Morgan County,WV,3/15/2026 0:00,0.0,0.0,0.0,0.0
54065,Morgan County,WV,3/15/2026 1:00,0.0,0.0,0.0,0.0
54065,Morgan County,WV,3/15/2026 2:00,0.0,0.0,0.0,0.0
54065,Morgan County,WV,3/15/2026 3:00,0.0,0.0,0.0,0.0
54065,Morgan County,WV,3/15/2026 4:00,0.0,0.0,0.0,0.0
54065,Morgan County,WV,3/15/2026 5:00,0.0,0.0,0.0,0.0
54065,Morgan County,WV,3/15/2026 6:00,0.0,0.0,0.0,0.0
54065,Morgan County,WV,3/15/2026 7:00,0.0,0.0,0.0,0.0
54065,Morgan County,WV,3/15/2026 8:00,0.0,0.0,0.0,0.0
54065,Morgan County,WV,3/15/2026 9:00,0.0,0.0,0.0,0.0
54065,Morgan County,WV,3/15/2026 10:00,0.0,0.0,0.0,0.0
54065,Morgan County,WV,3/15/2026 11:00,0.0,0.0,0.0,0.0
54065,Morgan County,WV,3/15/2026 12:00,0.0,0.0,0.0,0.0
54065,Morgan County,WV,3/15/2026 13:00,0.0,0.0,0.0,0.0
54065,Morgan County,WV,3/15/2026 14:00,0.0,0.0,0.0,0.0
54065,Morgan County,WV,3/15/2026 15:00,0.0,0.0,0.0,0.0
54065,Morgan County,WV,3/15/2026 16:00,0.0,0.0,0.0,0.0
54065,Morgan County,WV,3/15/2026 17:00,0.0,0.0,0.0,0.0
54065,Morgan County,WV,3/15/2026 18:00,0.0,0.0,0.0,0.0
54065,Morgan County,WV,3/15/2026 19:00,0.0,0.0,0.0,0.0
54065,Morgan County,WV,3/15/2026 20:00,0.0,0.0,0.0,0.0
54065,Morgan County,WV,3/15/2026 21:00,0.0,0.0,0.0012313780840486287,0.0
54065,Morgan County,WV,3/15/2026 22:00,0.0,0.0,0.0010789428954012692,0.0
54065,Morgan County,WV,3/15/2026 23:00,0.0,0.0,0.0017335222684778274,0.0
54065,Morgan County,WV,3/16/2026 0:00,0.0,0.0,0.0019424453319516035,0.0
54065,Morgan County,WV,3/16/2026 1:00,0.0,0.0,0.0014074360253289342,0.0
54065,Morgan County,WV,3/16/2026 2:00,0.0,0.0,0.0015897701494395735,0.0
54065,Morgan County,WV,3/16/2026 3:00,0.0,0.0,0.0,0.0
54065,Morgan County,WV,3/16/2026 4:00,0.0,0.0,0.0011554284719750285,0.0
54065,Morgan County,WV,3/16/2026 5:00,0.0,0.0,0.0011219198815524579,0.0
54065,Morgan County,WV,3/16/2026 6:00,0.0,0.0,0.0010599819594062864,0.0
54065,Morgan County,WV,3/16/2026 7:00,0.0,0.0,0.0011451697675511241,0.0
54065,Morgan County,WV,3/16/2026 8:00,0.0,0.0,0.0,0.0
54065,Morgan County,WV,3/16/2026 9:00,0.0,0.0,0.0,0.0
54065,Morgan County,WV,3/16/2026 10:00,0.0,0.0,0.0,0.0
54065,Morgan County,WV,3/16/2026 11:00,0.0,0.0,0.0,0.0
54065,Morgan County,WV,3/16/2026 12:00,0.0,0.0,0.0,0.0
54065,Morgan County,WV,3/16/2026 13:00,0.0,0.0,0.0,0.0
54065,Morgan County,WV,3/16/2026 14:00,0.0,0.0012494125636294483,0.0,0.0
54065,Morgan County,WV,3/16/2026 15:00,0.0,0.002074231533333659,0.0,0.0
54065,Morgan County,WV,3/16/2026 16:00,0.0,0.0023197720292955637,0.0,0.0
54065,Morgan County,WV,3/16/2026 17:00,0.0,0.0020371518796309827,0.0,0.0
54065,Morgan County,WV,3/16/2026 18:00,0.0,0.002264232258312404,0.0,0.0
54065,Morgan County,WV,3/16/2026 19:00,0.0,0.001334069692529738,0.0,0.0
54065,Morgan County,WV,3/16/2026 20:00,0.001457297708839178,0.0011239507002756,0.0,0.0
54065,Morgan County,WV,3/16/2026 21:00,0.001440434018149972,0.0,0.0,0.0
54065,Morgan County,WV,3/16/2026 22:00,0.0,0.0013126575388014317,0.0,0.0
54065,Morgan County,WV,3/16/2026 23:00,0.0,0.0019130906090140342,0.0,0.0
54065,Morgan County,WV,3/17/2026 0:00,0.0,0.0,0.0,0.0
54065,Morgan County,WV,3/17/2026 1:00,0.0,0.0,0.0,0.0
54065,Morgan County,WV,3/17/2026 2:00,0.0,0.0,0.0,0.0
54065,Morgan County,WV,3/17/2026 3:00,0.0,0.0,0.0,0.0
54065,Morgan County,WV,3/17/2026 4:00,0.0,0.0,0.0,0.0
54065,Morgan County,WV,3/17/2026 5:00,0.0,0.0,0.0,0.0
54065,Morgan County,WV,3/17/2026 6:00,0.0,0.0,0.0,0.0
54065,Morgan County,WV,3/17/2026 7:00,0.0,0.0,0.0,0.0
54065,Morgan County,WV,3/17/2026 8:00,0.0,0.0,0.0,0.0
54065,Morgan County,WV,3/17/2026 9:00,0.0,0.0,0.0,0.0
54065,Morgan County,WV,3/17/2026 10:00,0.0,0.0,0.0,0.0
54065,Morgan County,WV,3/17/2026 11:00,0.0,0.0,0.0,0.0
54065,Morgan County,WV,3/17/2026 12:00,0.0,0.0,0.0,0.0
54065,Morgan County,WV,3/17/2026 13:00,0.0,0.0,0.0,0.0
54065,Morgan County,WV,3/17/2026 14:00,0.0,0.0,0.0,0.0
54065,Morgan County,WV,3/17/2026 15:00,0.0,0.0,0.0,0.0
54065,Morgan County,WV,3/17/2026 16:00,0.0,0.0,0.0,0.0
54065,Morgan County,WV,3/17/2026 17:00,0.0,0.0,0.0,0.0
54065,Morgan County,WV,3/17/2026 18:00,0.0,0.0,0.0,0.0
54065,Morgan County,WV,3/17/2026 19:00,0.0,0.0,0.0,0.0
54065,Morgan County,WV,3/17/2026 20:00,0.0,0.0,0.0,0.0
54065,Morgan County,WV,3/17/2026 21:00,0.0,0.0,0.0,0.0
54065,Morgan County,WV,3/17/2026 22:00,0.0,0.0,0.0,0.0
54065,Morgan County,WV,3/17/2026 23:00,0.0,0.0,0.0,0.0
54065,Morgan County,WV,3/18/2026 0:00,0.0,0.0,0.0,
54065,Morgan County,WV,3/18/2026 1:00,0.0,0.0,0.0,
54065,Morgan County,WV,3/18/2026 2:00,0.0,0.0,0.0,
54065,Morgan County,WV,3/18/2026 3:00,0.0,0.0,0.0,
54065,Morgan County,WV,3/18/2026 4:00,0.0,0.0,0.0,
54065,Morgan County,WV,3/18/2026 5:00,0.0,0.0,0.0,
54065,Morgan County,WV,3/18/2026 6:00,0.0,0.0,0.0,
54065,Morgan County,WV,3/18/2026 7:00,0.0,0.0,0.0,
54065,Morgan County,WV,3/18/2026 8:00,0.0,0.0,0.0,
54065,Morgan County,WV,3/18/2026 9:00,0.0,0.0,0.0,
54065,Morgan County,WV,3/18/2026 10:00,0.0,0.0,0.0,
54065,Morgan County,WV,3/18/2026 11:00,0.0,0.0,0.0,
54065,Morgan County,WV,3/18/2026 12:00,0.0,0.0,0.0,
54065,Morgan County,WV,3/18/2026 13:00,0.0,0.0,0.0,
54065,Morgan County,WV,3/18/2026 14:00,0.0,0.0,0.0,
54065,Morgan County,WV,3/18/2026 15:00,0.0,0.0,0.0,
54065,Morgan County,WV,3/18/2026 16:00,0.0,0.0,0.0,
54065,Morgan County,WV,3/18/2026 17:00,0.0,0.0,0.0,
54065,Morgan County,WV,3/18/2026 18:00,0.0,0.0,0.0,
54065,Morgan County,WV,3/18/2026 19:00,0.0,0.0,0.0,
54065,Morgan County,WV,3/18/2026 20:00,0.0,0.0,0.0,
54065,Morgan County,WV,3/18/2026 21:00,0.0,0.0,0.0,
54065,Morgan County,WV,3/18/2026 22:00,0.0,0.0,0.0,
54065,Morgan County,WV,3/18/2026 23:00,0.0,0.0,0.0,
54065,Morgan County,WV,3/19/2026 0:00,0.0,0.0,,
54065,Morgan County,WV,3/19/2026 1:00,0.0,0.0,,
54065,Morgan County,WV,3/19/2026 2:00,0.0,0.0,,
54065,Morgan County,WV,3/19/2026 3:00,0.0,0.0,,
54065,Morgan County,WV,3/19/2026 4:00,0.0,0.0,,
54065,Morgan County,WV,3/19/2026 5:00,0.0,0.0,,
54065,Morgan County,WV,3/19/2026 6:00,0.0,0.0,,
54065,Morgan County,WV,3/19/2026 7:00,0.0,0.0,,
54065,Morgan County,WV,3/19/2026 8:00,0.0,0.0,,
54065,Morgan County,WV,3/19/2026 9:00,0.0,0.0,,
54065,Morgan County,WV,3/19/2026 10:00,0.0,0.0,,
54065,Morgan County,WV,3/19/2026 11:00,0.0,0.0,,
54065,Morgan County,WV,3/19/2026 12:00,0.0,0.0,,
54065,Morgan County,WV,3/19/2026 13:00,0.0,0.0,,
54065,Morgan County,WV,3/19/2026 14:00,0.0,0.0,,
54065,Morgan County,WV,3/19/2026 15:00,0.0,0.0,,
54065,Morgan County,WV,3/19/2026 16:00,0.0,0.0,,
54065,Morgan County,WV,3/19/2026 17:00,0.0,0.0,,
54065,Morgan County,WV,3/19/2026 18:00,0.0,,,
54065,Morgan County,WV,3/19/2026 19:00,0.0,,,
54065,Morgan County,WV,3/19/2026 20:00,0.0,,,
54065,Morgan County,WV,3/19/2026 21:00,0.0,,,
54065,Morgan County,WV,3/19/2026 22:00,0.0,,,
54065,Morgan County,WV,3/19/2026 23:00,,,,
