horizon,model,rmse,mae,n,fipsCode
osi_target_t01h,v1.12,0.006423160936726885,0.003654681472668231,143,18009
osi_target_t01h,weighted_alignment,0.0063136909843102855,0.0035499684147081794,143,18009
osi_target_t01h,weighted_alignment_plus_tail,0.0063136909843102855,0.0035499684147081794,143,18009
osi_target_t01h,v1.12,0.02968268551958135,0.013822389651887194,143,18013
osi_target_t01h,weighted_alignment,0.03022371036247303,0.014276624328703616,143,18013
osi_target_t01h,weighted_alignment_plus_tail,0.03022371036247303,0.014276624328703616,143,18013
osi_target_t01h,v1.12,0.0016363039960650702,0.0007306372337483934,143,18023
osi_target_t01h,weighted_alignment,0.0015935915796825104,0.0008231268626752128,143,18023
osi_target_t01h,weighted_alignment_plus_tail,0.0015935915796825104,0.0008231268626752128,143,18023
osi_target_t01h,v1.12,0.011980142895370948,0.002160708280293888,143,18025
osi_target_t01h,weighted_alignment,0.012031020612443856,0.002179396199106863,143,18025
osi_target_t01h,weighted_alignment_plus_tail,0.012031020612443856,0.002179396199106863,143,18025
osi_target_t01h,v1.12,0.0032104120777484216,0.0012785406803098244,143,18027
osi_target_t01h,weighted_alignment,0.0031294126014613176,0.0012426913543435538,143,18027
osi_target_t01h,weighted_alignment_plus_tail,0.0031294126014613176,0.0012426913543435538,143,18027
osi_target_t01h,v1.12,0.0016949005838364716,0.0009156654578061941,143,18029
osi_target_t01h,weighted_alignment,0.0020040217547059418,0.0014762817284867035,143,18029
osi_target_t01h,weighted_alignment_plus_tail,0.0020040217547059418,0.0014762817284867035,143,18029
osi_target_t01h,v1.12,0.003185070436265886,0.0013173914892495244,143,18033
osi_target_t01h,weighted_alignment,0.0033026363978561814,0.001665949886967718,143,18033
osi_target_t01h,weighted_alignment_plus_tail,0.0033026363978561814,0.001665949886967718,143,18033
osi_target_t01h,v1.12,0.0021506864566633484,0.001263056891516061,143,18035
osi_target_t01h,weighted_alignment,0.002392439808145292,0.0017780470312102905,143,18035
osi_target_t01h,weighted_alignment_plus_tail,0.002392439808145292,0.0017780470312102905,143,18035
osi_target_t01h,v1.12,0.0028047970558023297,0.0011892401881683267,143,18037
osi_target_t01h,weighted_alignment,0.0026882723498070984,0.0011684543766939072,143,18037
osi_target_t01h,weighted_alignment_plus_tail,0.0026882723498070984,0.0011684543766939072,143,18037
osi_target_t01h,v1.12,0.0021143529131854473,0.001611954302498564,143,18039
osi_target_t01h,weighted_alignment,0.002043647665864731,0.0015066883524801453,143,18039
osi_target_t01h,weighted_alignment_plus_tail,0.002043647665864731,0.0015066883524801453,143,18039
osi_target_t01h,v1.12,0.005170684999334257,0.0020739991525561665,143,18041
osi_target_t01h,weighted_alignment,0.005249928619159754,0.0020717389708163705,143,18041
osi_target_t01h,weighted_alignment_plus_tail,0.005249928619159754,0.0020717389708163705,143,18041
osi_target_t01h,v1.12,0.002086815302590899,0.0008812290598355806,143,18043
osi_target_t01h,weighted_alignment,0.0022881703141938384,0.000967596603613366,143,18043
osi_target_t01h,weighted_alignment_plus_tail,0.0022881703141938384,0.000967596603613366,143,18043
osi_target_t01h,v1.12,0.002003561084968036,0.0008105828053118236,143,18045
osi_target_t01h,weighted_alignment,0.0022423197828655757,0.0009366927611721888,143,18045
osi_target_t01h,weighted_alignment_plus_tail,0.0022423197828655757,0.0009366927611721888,143,18045
osi_target_t01h,v1.12,0.0031219754274265364,0.0013415685778660465,143,18047
osi_target_t01h,weighted_alignment,0.003048382944844283,0.001210111174903543,143,18047
osi_target_t01h,weighted_alignment_plus_tail,0.003048382944844283,0.001210111174903543,143,18047
osi_target_t01h,v1.12,0.001591388191045934,0.0008765010444269012,143,18051
osi_target_t01h,weighted_alignment,0.0019439564882444802,0.0014130722918977514,143,18051
osi_target_t01h,weighted_alignment_plus_tail,0.0019439564882444802,0.0014130722918977514,143,18051
osi_target_t01h,v1.12,0.0012541190201709597,0.0004325859049687198,143,18059
osi_target_t01h,weighted_alignment,0.00124364663585799,0.00044996972570201117,143,18059
osi_target_t01h,weighted_alignment_plus_tail,0.00124364663585799,0.00044996972570201117,143,18059
osi_target_t01h,v1.12,0.003966269821228861,0.0016125523338364187,143,18061
osi_target_t01h,weighted_alignment,0.003994963781330389,0.0016163507273384157,143,18061
osi_target_t01h,weighted_alignment_plus_tail,0.003994963781330389,0.0016163507273384157,143,18061
osi_target_t01h,v1.12,0.0021753774966153864,0.0009257754830668504,143,18065
osi_target_t01h,weighted_alignment,0.0021962589263687963,0.0008737001263340073,143,18065
osi_target_t01h,weighted_alignment_plus_tail,0.0021962589263687963,0.0008737001263340073,143,18065
osi_target_t01h,v1.12,0.0017115662839249676,0.0005212130956050757,143,18067
osi_target_t01h,weighted_alignment,0.0017569871683069701,0.0005374721163765786,143,18067
osi_target_t01h,weighted_alignment_plus_tail,0.0017569871683069701,0.0005374721163765786,143,18067
osi_target_t01h,v1.12,0.001023049361312369,0.0005242800924774474,143,18069
osi_target_t01h,weighted_alignment,0.0010595584035250575,0.0005335775830283962,143,18069
osi_target_t01h,weighted_alignment_plus_tail,0.0010595584035250575,0.0005335775830283962,143,18069
osi_target_t01h,v1.12,0.0038879578638369265,0.0015674088078421714,143,18071
osi_target_t01h,weighted_alignment,0.00452185934491665,0.001832586365753053,143,18071
osi_target_t01h,weighted_alignment_plus_tail,0.00452185934491665,0.001832586365753053,143,18071
osi_target_t01h,v1.12,0.0038453592997056475,0.0022962742464135923,143,18073
osi_target_t01h,weighted_alignment,0.004099943534278577,0.0024472607064847302,143,18073
osi_target_t01h,weighted_alignment_plus_tail,0.004099943534278577,0.0024472607064847302,143,18073
osi_target_t01h,v1.12,0.004929562191929267,0.0014831180534448493,143,18077
osi_target_t01h,weighted_alignment,0.004936197333215847,0.0014861563054374461,143,18077
osi_target_t01h,weighted_alignment_plus_tail,0.004936197333215847,0.0014861563054374461,143,18077
osi_target_t01h,v1.12,0.0034568296485317208,0.0016421378148241575,143,18083
osi_target_t01h,weighted_alignment,0.0033909348433665974,0.0016149673040810417,143,18083
osi_target_t01h,weighted_alignment_plus_tail,0.0033909348433665974,0.0016149673040810417,143,18083
osi_target_t01h,v1.12,0.005056687402420574,0.004204315260127714,143,18085
osi_target_t01h,weighted_alignment,0.004382662956049549,0.0035733427764605584,143,18085
osi_target_t01h,weighted_alignment_plus_tail,0.004382662956049549,0.0035733427764605584,143,18085
osi_target_t01h,v1.12,0.0021615899449078362,0.0018853369478732376,143,18087
osi_target_t01h,weighted_alignment,0.0021269834377281665,0.001853546945140136,143,18087
osi_target_t01h,weighted_alignment_plus_tail,0.0021269834377281665,0.001853546945140136,143,18087
osi_target_t01h,v1.12,0.0026712293624575147,0.0018339929669580531,143,18089
osi_target_t01h,weighted_alignment,0.0026788793440431415,0.0017667258142576548,143,18089
osi_target_t01h,weighted_alignment_plus_tail,0.0026788793440431415,0.0017667258142576548,143,18089
osi_target_t01h,v1.12,0.0013944006555708939,0.0007375877262966362,143,18091
osi_target_t01h,weighted_alignment,0.001352381635211585,0.000712923159250952,143,18091
osi_target_t01h,weighted_alignment_plus_tail,0.001352381635211585,0.000712923159250952,143,18091
osi_target_t01h,v1.12,0.008223329131699986,0.002994469619469941,143,18093
osi_target_t01h,weighted_alignment,0.008812805187698947,0.0035085264523722287,143,18093
osi_target_t01h,weighted_alignment_plus_tail,0.008812805187698947,0.0035085264523722287,143,18093
osi_target_t01h,v1.12,0.001412298415633452,0.0006169881587107985,143,18095
osi_target_t01h,weighted_alignment,0.0014313336081135406,0.0006208538065674169,143,18095
osi_target_t01h,weighted_alignment_plus_tail,0.0014313336081135406,0.0006208538065674169,143,18095
osi_target_t01h,v1.12,0.001080180835511008,0.0007810509126245942,143,18097
osi_target_t01h,weighted_alignment,0.0014373696448478073,0.0013393991359994823,143,18097
osi_target_t01h,weighted_alignment_plus_tail,0.0014373696448478073,0.0013393991359994823,143,18097
osi_target_t01h,v1.12,0.008840949437548191,0.0029107584026109154,143,18099
osi_target_t01h,weighted_alignment,0.008798480944780966,0.0028171828737541178,143,18099
osi_target_t01h,weighted_alignment_plus_tail,0.008798480944780966,0.0028171828737541178,143,18099
osi_target_t01h,v1.12,0.003646040799733803,0.002034911924773349,143,18101
osi_target_t01h,weighted_alignment,0.0038229704638883203,0.001960888247282749,143,18101
osi_target_t01h,weighted_alignment_plus_tail,0.0038229704638883203,0.001960888247282749,143,18101
osi_target_t01h,v1.12,0.0027643022924597896,0.0014686671602694454,143,18103
osi_target_t01h,weighted_alignment,0.002664739922119751,0.0013266250740832583,143,18103
osi_target_t01h,weighted_alignment_plus_tail,0.002664739922119751,0.0013266250740832583,143,18103
osi_target_t01h,v1.12,0.0023654030760844134,0.0007808166058306349,143,18105
osi_target_t01h,weighted_alignment,0.0026642967525822864,0.0009061296299420603,143,18105
osi_target_t01h,weighted_alignment_plus_tail,0.0026642967525822864,0.0009061296299420603,143,18105
osi_target_t01h,v1.12,0.0012366470520467777,0.0009406749869157291,143,18107
osi_target_t01h,weighted_alignment,0.001498658218865126,0.0013627740108222012,143,18107
osi_target_t01h,weighted_alignment_plus_tail,0.001498658218865126,0.0013627740108222012,143,18107
osi_target_t01h,v1.12,0.003056950827239221,0.0012226539763625021,143,18109
osi_target_t01h,weighted_alignment,0.003180196733373778,0.0012740847871048082,143,18109
osi_target_t01h,weighted_alignment_plus_tail,0.003180196733373778,0.0012740847871048082,143,18109
osi_target_t01h,v1.12,0.004517947818473106,0.0029154339216381996,143,18111
osi_target_t01h,weighted_alignment,0.004373924590124463,0.0028742108807895787,143,18111
osi_target_t01h,weighted_alignment_plus_tail,0.004373924590124463,0.0028742108807895787,143,18111
osi_target_t01h,v1.12,0.0013066662521584727,0.001017379574501859,143,18113
osi_target_t01h,weighted_alignment,0.001517378495483404,0.0013720203912890954,143,18113
osi_target_t01h,weighted_alignment_plus_tail,0.001517378495483404,0.0013720203912890954,143,18113
osi_target_t01h,v1.12,0.013171857021286705,0.0037108006861820133,143,18117
osi_target_t01h,weighted_alignment,0.013215228457145798,0.0036734891091091994,143,18117
osi_target_t01h,weighted_alignment_plus_tail,0.013215228457145798,0.0036734891091091994,143,18117
osi_target_t01h,v1.12,0.025091486309344924,0.00951951730480912,143,18121
osi_target_t01h,weighted_alignment,0.025453916742299094,0.009712674335611704,143,18121
osi_target_t01h,weighted_alignment_plus_tail,0.025453916742299094,0.009712674335611704,143,18121
osi_target_t01h,v1.12,0.00396455876130211,0.0016919338245123695,143,18123
osi_target_t01h,weighted_alignment,0.0031989613988373175,0.0014643452666566813,143,18123
osi_target_t01h,weighted_alignment_plus_tail,0.0031989613988373175,0.0014643452666566813,143,18123
osi_target_t01h,v1.12,0.002780910693090914,0.0009495308693191059,143,18125
osi_target_t01h,weighted_alignment,0.002788589731656312,0.0009885432765880968,143,18125
osi_target_t01h,weighted_alignment_plus_tail,0.002788589731656312,0.0009885432765880968,143,18125
osi_target_t01h,v1.12,0.002912829814470308,0.0021478994810550755,143,18127
osi_target_t01h,weighted_alignment,0.0028984152109941697,0.002100093021018927,143,18127
osi_target_t01h,weighted_alignment_plus_tail,0.0028984152109941697,0.002100093021018927,143,18127
osi_target_t01h,v1.12,0.0011392681061092559,0.0005998871857202642,143,18129
osi_target_t01h,weighted_alignment,0.0011893050574909541,0.0006780942610188924,143,18129
osi_target_t01h,weighted_alignment_plus_tail,0.0011893050574909541,0.0006780942610188924,143,18129
osi_target_t01h,v1.12,0.017599587092767436,0.00450212584665313,143,18131
osi_target_t01h,weighted_alignment,0.017693344060994848,0.004474963281029779,143,18131
osi_target_t01h,weighted_alignment_plus_tail,0.017693344060994848,0.004474963281029779,143,18131
osi_target_t01h,v1.12,0.0010625637078691462,0.00040797278426209335,143,18133
osi_target_t01h,weighted_alignment,0.001181859503642843,0.0004586745905565136,143,18133
osi_target_t01h,weighted_alignment_plus_tail,0.001181859503642843,0.0004586745905565136,143,18133
osi_target_t01h,v1.12,0.003915990485263119,0.002416299567370395,143,18135
osi_target_t01h,weighted_alignment,0.003684384147488422,0.0022096050444602843,143,18135
osi_target_t01h,weighted_alignment_plus_tail,0.003684384147488422,0.0022096050444602843,143,18135
osi_target_t01h,v1.12,0.0037845143782342626,0.001297546312846153,143,18137
osi_target_t01h,weighted_alignment,0.0037938788759694147,0.001309172307031509,143,18137
osi_target_t01h,weighted_alignment_plus_tail,0.0037938788759694147,0.001309172307031509,143,18137
osi_target_t01h,v1.12,0.0028035685594260105,0.0008403715321471193,143,18139
osi_target_t01h,weighted_alignment,0.0028265006487884457,0.0008461538131350452,143,18139
osi_target_t01h,weighted_alignment_plus_tail,0.0028265006487884457,0.0008461538131350452,143,18139
osi_target_t01h,v1.12,0.00161882811202002,0.0011288384592286302,143,18141
osi_target_t01h,weighted_alignment,0.0016294331170487945,0.0011552849652144749,143,18141
osi_target_t01h,weighted_alignment_plus_tail,0.0016294331170487945,0.0011552849652144749,143,18141
osi_target_t01h,v1.12,0.004078352944882333,0.0017795352936192772,143,18143
osi_target_t01h,weighted_alignment,0.0041239327177676095,0.0018097299240494248,143,18143
osi_target_t01h,weighted_alignment_plus_tail,0.0041239327177676095,0.0018097299240494248,143,18143
osi_target_t01h,v1.12,0.0013327706692319158,0.0005051724109051634,143,18145
osi_target_t01h,weighted_alignment,0.0012551620209837987,0.0004602527383140317,143,18145
osi_target_t01h,weighted_alignment_plus_tail,0.0012551620209837987,0.0004602527383140317,143,18145
osi_target_t01h,v1.12,0.0017027449221392627,0.0006698373119051164,143,18147
osi_target_t01h,weighted_alignment,0.0017001473873254234,0.0006783591156166469,143,18147
osi_target_t01h,weighted_alignment_plus_tail,0.0017001473873254234,0.0006783591156166469,143,18147
osi_target_t01h,v1.12,0.004907751730950143,0.003338184873551238,143,18149
osi_target_t01h,weighted_alignment,0.004751008388905244,0.003108585108695204,143,18149
osi_target_t01h,weighted_alignment_plus_tail,0.004751008388905244,0.003108585108695204,143,18149
osi_target_t01h,v1.12,0.01100735480446527,0.008071632380250032,143,18151
osi_target_t01h,weighted_alignment,0.011132539553889969,0.008048205134295817,143,18151
osi_target_t01h,weighted_alignment_plus_tail,0.011132539553889969,0.008048205134295817,143,18151
osi_target_t01h,v1.12,0.002012163667856393,0.0008460987647061242,143,18153
osi_target_t01h,weighted_alignment,0.0018348882962030283,0.0007758325147753336,143,18153
osi_target_t01h,weighted_alignment_plus_tail,0.0018348882962030283,0.0007758325147753336,143,18153
osi_target_t01h,v1.12,0.0032450800881141926,0.0011311311380380214,143,18155
osi_target_t01h,weighted_alignment,0.0030018597341587906,0.0010577844063409218,143,18155
osi_target_t01h,weighted_alignment_plus_tail,0.0030018597341587906,0.0010577844063409218,143,18155
osi_target_t01h,v1.12,0.0012922851781812105,0.000833438325206005,143,18157
osi_target_t01h,weighted_alignment,0.0015885618370020994,0.0014144939008580194,143,18157
osi_target_t01h,weighted_alignment_plus_tail,0.0015885618370020994,0.0014144939008580194,143,18157
osi_target_t01h,v1.12,0.0042763012025929205,0.0018951529670703043,143,18159
osi_target_t01h,weighted_alignment,0.0043776966482895726,0.002067017954265215,143,18159
osi_target_t01h,weighted_alignment_plus_tail,0.0043776966482895726,0.002067017954265215,143,18159
osi_target_t01h,v1.12,0.002863130750576706,0.001562087239006645,143,18161
osi_target_t01h,weighted_alignment,0.003021158494492004,0.0016916738988970578,143,18161
osi_target_t01h,weighted_alignment_plus_tail,0.003021158494492004,0.0016916738988970578,143,18161
osi_target_t01h,v1.12,0.0006144460522542631,0.0002734091829233315,143,18163
osi_target_t01h,weighted_alignment,0.0006389755013420971,0.00028600623297569207,143,18163
osi_target_t01h,weighted_alignment_plus_tail,0.0006389755013420971,0.00028600623297569207,143,18163
osi_target_t01h,v1.12,0.013889058111313957,0.0034782188765200847,143,18165
osi_target_t01h,weighted_alignment,0.013820615819865654,0.0034851902367862794,143,18165
osi_target_t01h,weighted_alignment_plus_tail,0.013820615819865654,0.0034851902367862794,143,18165
osi_target_t01h,v1.12,0.001486135355470897,0.000653889499415397,143,18167
osi_target_t01h,weighted_alignment,0.001547849115654873,0.00065923269911767,143,18167
osi_target_t01h,weighted_alignment_plus_tail,0.001547849115654873,0.00065923269911767,143,18167
osi_target_t01h,v1.12,0.0017185341951137527,0.0007190402526986886,143,18169
osi_target_t01h,weighted_alignment,0.0016696438010444705,0.000766230665747813,143,18169
osi_target_t01h,weighted_alignment_plus_tail,0.0016696438010444705,0.000766230665747813,143,18169
osi_target_t01h,v1.12,0.0043341495045980975,0.002162128178009489,143,18171
osi_target_t01h,weighted_alignment,0.004457588540532814,0.0022651342287393337,143,18171
osi_target_t01h,weighted_alignment_plus_tail,0.004457588540532814,0.0022651342287393337,143,18171
osi_target_t01h,v1.12,0.001448087701444249,0.0006410709633000296,143,18173
osi_target_t01h,weighted_alignment,0.0014599297398209,0.000671627078671623,143,18173
osi_target_t01h,weighted_alignment_plus_tail,0.0014599297398209,0.000671627078671623,143,18173
osi_target_t01h,v1.12,0.003976711589286268,0.0012358828788453246,143,18175
osi_target_t01h,weighted_alignment,0.0038898550475703147,0.001338814693198725,143,18175
osi_target_t01h,weighted_alignment_plus_tail,0.0038898550475703147,0.001338814693198725,143,18175
osi_target_t01h,v1.12,0.0018204596161224614,0.0013826368421765332,143,18177
osi_target_t01h,weighted_alignment,0.0018376045931626874,0.0016447796124232593,143,18177
osi_target_t01h,weighted_alignment_plus_tail,0.0018376045931626874,0.0016447796124232593,143,18177
osi_target_t01h,v1.12,0.004639505154912043,0.0014189881265014982,143,18179
osi_target_t01h,weighted_alignment,0.004598812422119336,0.0014086811991945874,143,18179
osi_target_t01h,weighted_alignment_plus_tail,0.004598812422119336,0.0014086811991945874,143,18179
osi_target_t01h,v1.12,0.0019401356662664298,0.0007723712452171543,143,18181
osi_target_t01h,weighted_alignment,0.0019387988493992394,0.0007682798596746838,143,18181
osi_target_t01h,weighted_alignment_plus_tail,0.0019387988493992394,0.0007682798596746838,143,18181
osi_target_t01h,v1.12,0.0029359601820681974,0.0014478739868220459,143,18183
osi_target_t01h,weighted_alignment,0.003097667424851031,0.0018745351738170572,143,18183
osi_target_t01h,weighted_alignment_plus_tail,0.003097667424851031,0.0018745351738170572,143,18183
osi_target_t01h,v1.12,0.0010751986751068754,0.0006698519987562229,143,39017
osi_target_t01h,weighted_alignment,0.0014529562870165614,0.0012569115104506792,143,39017
osi_target_t01h,weighted_alignment_plus_tail,0.0014529562870165614,0.0012569115104506792,143,39017
osi_target_t01h,v1.12,0.0028762476359316786,0.0018120959062758503,143,39023
osi_target_t01h,weighted_alignment,0.0026242698443553823,0.00179007906447301,143,39023
osi_target_t01h,weighted_alignment_plus_tail,0.0026242698443553823,0.00179007906447301,143,39023
osi_target_t01h,v1.12,0.0018724044324782616,0.0008770886432585652,143,39025
osi_target_t01h,weighted_alignment,0.0020876688397423056,0.001411204432723486,143,39025
osi_target_t01h,weighted_alignment_plus_tail,0.0020876688397423056,0.001411204432723486,143,39025
osi_target_t01h,v1.12,0.0010837896424504242,0.00054971758485499,143,39027
osi_target_t01h,weighted_alignment,0.0011217034323163456,0.0005640274293662482,143,39027
osi_target_t01h,weighted_alignment_plus_tail,0.0011217034323163456,0.0005640274293662482,143,39027
osi_target_t01h,v1.12,0.009928270177380844,0.005268906823875956,143,39029
osi_target_t01h,weighted_alignment,0.010356347056524759,0.005297834750012661,143,39029
osi_target_t01h,weighted_alignment_plus_tail,0.010356347056524759,0.005297834750012661,143,39029
osi_target_t01h,v1.12,0.01196850100180065,0.007955733619877342,143,39031
osi_target_t01h,weighted_alignment,0.012447221948717163,0.008155290395296111,143,39031
osi_target_t01h,weighted_alignment_plus_tail,0.012447221948717163,0.008155290395296111,143,39031
osi_target_t01h,v1.12,0.0055252728955513565,0.0029019041697358407,143,39033
osi_target_t01h,weighted_alignment,0.0057249653931669975,0.003011495609046588,143,39033
osi_target_t01h,weighted_alignment_plus_tail,0.0057249653931669975,0.003011495609046588,143,39033
osi_target_t01h,v1.12,0.0060028610834841805,0.004104009035693567,143,39035
osi_target_t01h,weighted_alignment,0.006019859667774741,0.004105205235431419,143,39035
osi_target_t01h,weighted_alignment_plus_tail,0.006019859667774741,0.004105205235431419,143,39035
osi_target_t01h,v1.12,0.001781957674733235,0.000987417660971029,143,39037
osi_target_t01h,weighted_alignment,0.001737885733305575,0.0009596125221102012,143,39037
osi_target_t01h,weighted_alignment_plus_tail,0.001737885733305575,0.0009596125221102012,143,39037
osi_target_t01h,v1.12,0.009384391169582446,0.0052663078925903935,143,39039
osi_target_t01h,weighted_alignment,0.009414369380867852,0.005506784850722209,143,39039
osi_target_t01h,weighted_alignment_plus_tail,0.009414369380867852,0.005506784850722209,143,39039
osi_target_t01h,v1.12,0.004335544438868095,0.0025807942429899476,143,39045
osi_target_t01h,weighted_alignment,0.004343743574992283,0.0026073380258747874,143,39045
osi_target_t01h,weighted_alignment_plus_tail,0.004343743574992283,0.0026073380258747874,143,39045
osi_target_t01h,v1.12,0.005913283290361808,0.0034366035798351715,143,39049
osi_target_t01h,weighted_alignment,0.006039252773773641,0.0034692248873182114,143,39049
osi_target_t01h,weighted_alignment_plus_tail,0.006039252773773641,0.0034692248873182114,143,39049
osi_target_t01h,v1.12,0.003547140139858353,0.002012689426023015,143,39051
osi_target_t01h,weighted_alignment,0.003504060085203221,0.002091421165333878,143,39051
osi_target_t01h,weighted_alignment_plus_tail,0.003504060085203221,0.002091421165333878,143,39051
osi_target_t01h,v1.12,0.0027161226941741063,0.0009788671432755663,143,39053
osi_target_t01h,weighted_alignment,0.0027317170609480195,0.0010295899106036537,143,39053
osi_target_t01h,weighted_alignment_plus_tail,0.0027317170609480195,0.0010295899106036537,143,39053
osi_target_t01h,v1.12,0.012929989077363126,0.005469547447017557,143,39055
osi_target_t01h,weighted_alignment,0.012882873692066267,0.005515794766666249,143,39055
osi_target_t01h,weighted_alignment_plus_tail,0.012882873692066267,0.005515794766666249,143,39055
osi_target_t01h,v1.12,0.014833962957813206,0.008682828798698044,143,39059
osi_target_t01h,weighted_alignment,0.01477928136637966,0.00873732793674785,143,39059
osi_target_t01h,weighted_alignment_plus_tail,0.01477928136637966,0.00873732793674785,143,39059
osi_target_t01h,v1.12,0.0013034312741725352,0.0006408020318103956,143,39061
osi_target_t01h,weighted_alignment,0.0014483273416647446,0.0006940397374612448,143,39061
osi_target_t01h,weighted_alignment_plus_tail,0.0014483273416647446,0.0006940397374612448,143,39061
osi_target_t01h,v1.12,0.002398872552815485,0.0015100747983395112,143,39063
osi_target_t01h,weighted_alignment,0.00252863192435556,0.0015739381316611603,143,39063
osi_target_t01h,weighted_alignment_plus_tail,0.00252863192435556,0.0015739381316611603,143,39063
osi_target_t01h,v1.12,0.0031514651081357313,0.001806059019425358,143,39065
osi_target_t01h,weighted_alignment,0.0032008574851853234,0.0018682941997621174,143,39065
osi_target_t01h,weighted_alignment_plus_tail,0.0032008574851853234,0.0018682941997621174,143,39065
osi_target_t01h,v1.12,0.002573835979059186,0.0011801771877574501,143,39069
osi_target_t01h,weighted_alignment,0.0026435804968083123,0.0012154262807232484,143,39069
osi_target_t01h,weighted_alignment_plus_tail,0.0026435804968083123,0.0012154262807232484,143,39069
osi_target_t01h,v1.12,0.0045413668514537086,0.003220274504122414,143,39073
osi_target_t01h,weighted_alignment,0.004373217160397567,0.003068968115030827,143,39073
osi_target_t01h,weighted_alignment_plus_tail,0.004373217160397567,0.003068968115030827,143,39073
osi_target_t01h,v1.12,0.014806957931773154,0.0074048965914274255,143,39075
osi_target_t01h,weighted_alignment,0.016631390740462326,0.008562582283976791,143,39075
osi_target_t01h,weighted_alignment_plus_tail,0.016631390740462326,0.008562582283976791,143,39075
osi_target_t01h,v1.12,0.004120983940060237,0.002881478775928158,143,39077
osi_target_t01h,weighted_alignment,0.0037180590391431827,0.0026046388745020726,143,39077
osi_target_t01h,weighted_alignment_plus_tail,0.0037180590391431827,0.0026046388745020726,143,39077
osi_target_t01h,v1.12,0.011918215662348642,0.006709655947839182,143,39081
osi_target_t01h,weighted_alignment,0.011829161037913354,0.0066111263753052705,143,39081
osi_target_t01h,weighted_alignment_plus_tail,0.011829161037913354,0.0066111263753052705,143,39081
osi_target_t01h,v1.12,0.002214541631304371,0.0011730001724847227,143,39085
osi_target_t01h,weighted_alignment,0.002233956703805577,0.0012155146809818072,143,39085
osi_target_t01h,weighted_alignment_plus_tail,0.002233956703805577,0.0012155146809818072,143,39085
osi_target_t01h,v1.12,0.003498665344986917,0.0011786641831783614,143,39087
osi_target_t01h,weighted_alignment,0.003439338544351947,0.0011558022161121497,143,39087
osi_target_t01h,weighted_alignment_plus_tail,0.003439338544351947,0.0011558022161121497,143,39087
osi_target_t01h,v1.12,0.026492637610218212,0.012742087645859912,143,39089
osi_target_t01h,weighted_alignment,0.02716003645212496,0.013627379265549695,143,39089
osi_target_t01h,weighted_alignment_plus_tail,0.02716003645212496,0.013627379265549695,143,39089
osi_target_t01h,v1.12,0.013479259719567926,0.009661907340212154,143,39091
osi_target_t01h,weighted_alignment,0.013365255549008437,0.009435349810065392,143,39091
osi_target_t01h,weighted_alignment_plus_tail,0.013365255549008437,0.009435349810065392,143,39091
osi_target_t01h,v1.12,0.00365282914228467,0.0017754937746137318,143,39093
osi_target_t01h,weighted_alignment,0.003860015171533389,0.001855027952770436,143,39093
osi_target_t01h,weighted_alignment_plus_tail,0.003860015171533389,0.001855027952770436,143,39093
osi_target_t01h,v1.12,0.0023762854260529847,0.001553539506934569,143,39095
osi_target_t01h,weighted_alignment,0.00252626427815852,0.0019112405218825925,143,39095
osi_target_t01h,weighted_alignment_plus_tail,0.00252626427815852,0.0019112405218825925,143,39095
osi_target_t01h,v1.12,0.009483779545951889,0.003515673710480119,143,39097
osi_target_t01h,weighted_alignment,0.009527941768303344,0.00355130497402659,143,39097
osi_target_t01h,weighted_alignment_plus_tail,0.009527941768303344,0.00355130497402659,143,39097
osi_target_t01h,v1.12,0.002097440705484275,0.0011793083220279297,143,39099
osi_target_t01h,weighted_alignment,0.0020313356007359423,0.0011136914628347365,143,39099
osi_target_t01h,weighted_alignment_plus_tail,0.0020313356007359423,0.0011136914628347365,143,39099
osi_target_t01h,v1.12,0.006377659067472511,0.00479021185623341,143,39101
osi_target_t01h,weighted_alignment,0.006436636918985557,0.004829967249184952,143,39101
osi_target_t01h,weighted_alignment_plus_tail,0.006436636918985557,0.004829967249184952,143,39101
osi_target_t01h,v1.12,0.005946446139253051,0.004063465958482773,143,39103
osi_target_t01h,weighted_alignment,0.0060739661635434575,0.004142692118317645,143,39103
osi_target_t01h,weighted_alignment_plus_tail,0.0060739661635434575,0.004142692118317645,143,39103
osi_target_t01h,v1.12,0.0037302776971913595,0.002278066479857745,143,39105
osi_target_t01h,weighted_alignment,0.0038117366773629878,0.0024148176538457185,143,39105
osi_target_t01h,weighted_alignment_plus_tail,0.0038117366773629878,0.0024148176538457185,143,39105
osi_target_t01h,v1.12,0.02352602893586208,0.011847913366438952,143,39107
osi_target_t01h,weighted_alignment,0.023055342734457265,0.011665468893313475,143,39107
osi_target_t01h,weighted_alignment_plus_tail,0.023055342734457265,0.011665468893313475,143,39107
osi_target_t01h,v1.12,0.0018006647203775799,0.0013654132086929455,143,39109
osi_target_t01h,weighted_alignment,0.0018785808235899713,0.0016248204147353152,143,39109
osi_target_t01h,weighted_alignment_plus_tail,0.0018785808235899713,0.0016248204147353152,143,39109
osi_target_t01h,v1.12,0.02505423952356628,0.013126412172519029,143,39111
osi_target_t01h,weighted_alignment,0.024539717700631174,0.01291089450533193,143,39111
osi_target_t01h,weighted_alignment_plus_tail,0.024539717700631174,0.01291089450533193,143,39111
osi_target_t01h,v1.12,0.0013127499165248092,0.0006544154258872902,143,39113
osi_target_t01h,weighted_alignment,0.0013581439784562596,0.0007312436867484252,143,39113
osi_target_t01h,weighted_alignment_plus_tail,0.0013581439784562596,0.0007312436867484252,143,39113
osi_target_t01h,v1.12,0.03168684025156255,0.006629793565960998,143,39115
osi_target_t01h,weighted_alignment,0.03169157302097617,0.006735899901907446,143,39115
osi_target_t01h,weighted_alignment_plus_tail,0.03169157302097617,0.006735899901907446,143,39115
osi_target_t01h,v1.12,0.05078652163979435,0.020267863984460368,143,39117
osi_target_t01h,weighted_alignment,0.05116312455900153,0.020784156145509547,143,39117
osi_target_t01h,weighted_alignment_plus_tail,0.05116312455900153,0.020784156145509547,143,39117
osi_target_t01h,v1.12,0.021590813707840207,0.015082645259081255,143,39119
osi_target_t01h,weighted_alignment,0.018499537058396055,0.012785225755782633,143,39119
osi_target_t01h,weighted_alignment_plus_tail,0.018499537058396055,0.012785225755782633,143,39119
osi_target_t01h,v1.12,0.008335389622596808,0.00495278078419186,143,39121
osi_target_t01h,weighted_alignment,0.00889534361779097,0.005145002297561283,143,39121
osi_target_t01h,weighted_alignment_plus_tail,0.00889534361779097,0.005145002297561283,143,39121
osi_target_t01h,v1.12,0.0016153477972332218,0.000709377385923058,143,39123
osi_target_t01h,weighted_alignment,0.0016776996912077828,0.0007171278440301738,143,39123
osi_target_t01h,weighted_alignment_plus_tail,0.0016776996912077828,0.0007171278440301738,143,39123
osi_target_t01h,v1.12,0.02113374996606608,0.011950751874810433,143,39125
osi_target_t01h,weighted_alignment,0.020926740840402133,0.011344450268901332,143,39125
osi_target_t01h,weighted_alignment_plus_tail,0.020926740840402133,0.011344450268901332,143,39125
osi_target_t01h,v1.12,0.01060371928135849,0.006582898904932215,143,39127
osi_target_t01h,weighted_alignment,0.010430478893604113,0.006455069176009545,143,39127
osi_target_t01h,weighted_alignment_plus_tail,0.010430478893604113,0.006455069176009545,143,39127
osi_target_t01h,v1.12,0.0011859445366313988,0.0005478227280283057,143,39129
osi_target_t01h,weighted_alignment,0.001243950177608243,0.0005850368435425994,143,39129
osi_target_t01h,weighted_alignment_plus_tail,0.001243950177608243,0.0005850368435425994,143,39129
osi_target_t01h,v1.12,0.005462987456397232,0.0021166723283407374,143,39131
osi_target_t01h,weighted_alignment,0.005440635616447485,0.0021214574654549066,143,39131
osi_target_t01h,weighted_alignment_plus_tail,0.005440635616447485,0.0021214574654549066,143,39131
osi_target_t01h,v1.12,0.005864138944718011,0.0034979746937643407,143,39133
osi_target_t01h,weighted_alignment,0.005872272695304568,0.0034834514971130047,143,39133
osi_target_t01h,weighted_alignment_plus_tail,0.005872272695304568,0.0034834514971130047,143,39133
osi_target_t01h,v1.12,0.005440118682319237,0.0027315269963120005,143,39135
osi_target_t01h,weighted_alignment,0.005497683345052097,0.0027602965485794932,143,39135
osi_target_t01h,weighted_alignment_plus_tail,0.005497683345052097,0.0027602965485794932,143,39135
osi_target_t01h,v1.12,0.011988067523719727,0.005507971772357263,143,39137
osi_target_t01h,weighted_alignment,0.012018873546474951,0.0055784240460543385,143,39137
osi_target_t01h,weighted_alignment_plus_tail,0.012018873546474951,0.0055784240460543385,143,39137
osi_target_t01h,v1.12,0.012966977093862924,0.009524098146450114,143,39139
osi_target_t01h,weighted_alignment,0.01343300280584932,0.00975101962496731,143,39139
osi_target_t01h,weighted_alignment_plus_tail,0.01343300280584932,0.00975101962496731,143,39139
osi_target_t01h,v1.12,0.0018528291393484903,0.0012222187196242757,143,39141
osi_target_t01h,weighted_alignment,0.0017636607957130354,0.0011974461350432542,143,39141
osi_target_t01h,weighted_alignment_plus_tail,0.0017636607957130354,0.0011974461350432542,143,39141
osi_target_t01h,v1.12,0.0016890050991165842,0.0010625456394782952,143,39143
osi_target_t01h,weighted_alignment,0.0015941770048314762,0.0009976966387192528,143,39143
osi_target_t01h,weighted_alignment_plus_tail,0.0015941770048314762,0.0009976966387192528,143,39143
osi_target_t01h,v1.12,0.0012257974491277574,0.0006613498842199403,143,39145
osi_target_t01h,weighted_alignment,0.0010163913667617724,0.0005597846846801509,143,39145
osi_target_t01h,weighted_alignment_plus_tail,0.0010163913667617724,0.0005597846846801509,143,39145
osi_target_t01h,v1.12,0.0018870128794698442,0.0011589565747323713,143,39147
osi_target_t01h,weighted_alignment,0.001750408092972802,0.0011010591623083904,143,39147
osi_target_t01h,weighted_alignment_plus_tail,0.001750408092972802,0.0011010591623083904,143,39147
osi_target_t01h,v1.12,0.016532844807633198,0.009839353256316538,143,39149
osi_target_t01h,weighted_alignment,0.017290664520503932,0.010417234368463925,143,39149
osi_target_t01h,weighted_alignment_plus_tail,0.017290664520503932,0.010417234368463925,143,39149
osi_target_t01h,v1.12,0.002852273977955281,0.0015162843729687515,143,39151
osi_target_t01h,weighted_alignment,0.0029208801413550508,0.0015469410733115051,143,39151
osi_target_t01h,weighted_alignment_plus_tail,0.0029208801413550508,0.0015469410733115051,143,39151
osi_target_t01h,v1.12,0.005917780240942419,0.0024180574709899215,143,39153
osi_target_t01h,weighted_alignment,0.005874182190632051,0.002367043101504793,143,39153
osi_target_t01h,weighted_alignment_plus_tail,0.005874182190632051,0.002367043101504793,143,39153
osi_target_t01h,v1.12,0.004321308215217529,0.001975979101986505,143,39155
osi_target_t01h,weighted_alignment,0.004367144109242132,0.0020562175817674887,143,39155
osi_target_t01h,weighted_alignment_plus_tail,0.004367144109242132,0.0020562175817674887,143,39155
osi_target_t01h,v1.12,0.02381306829632982,0.016939470501761672,143,39157
osi_target_t01h,weighted_alignment,0.024937918729238603,0.017697261816959898,143,39157
osi_target_t01h,weighted_alignment_plus_tail,0.024937918729238603,0.017697261816959898,143,39157
osi_target_t01h,v1.12,0.00698473509782779,0.004195566393816981,143,39159
osi_target_t01h,weighted_alignment,0.007321193384329538,0.004104328214093954,143,39159
osi_target_t01h,weighted_alignment_plus_tail,0.007321193384329538,0.004104328214093954,143,39159
osi_target_t01h,v1.12,0.0068472792396434175,0.0037926958832115204,143,39161
osi_target_t01h,weighted_alignment,0.007232292015895147,0.003979084170099261,143,39161
osi_target_t01h,weighted_alignment_plus_tail,0.007232292015895147,0.003979084170099261,143,39161
osi_target_t01h,v1.12,0.003142958792201719,0.0019873992990040467,143,39163
osi_target_t01h,weighted_alignment,0.0032158886608504352,0.002040257953006244,143,39163
osi_target_t01h,weighted_alignment_plus_tail,0.0032158886608504352,0.002040257953006244,143,39163
osi_target_t01h,v1.12,0.0009749984334828684,0.00052567048477588,143,39165
osi_target_t01h,weighted_alignment,0.0010116942125001824,0.0005348688765880503,143,39165
osi_target_t01h,weighted_alignment_plus_tail,0.0010116942125001824,0.0005348688765880503,143,39165
osi_target_t01h,v1.12,0.0029241026592472645,0.0011841226828266565,143,39167
osi_target_t01h,weighted_alignment,0.0030448970483235305,0.0013389492123866004,143,39167
osi_target_t01h,weighted_alignment_plus_tail,0.0030448970483235305,0.0013389492123866004,143,39167
osi_target_t01h,v1.12,0.010673841909038128,0.0054248486536778,143,39169
osi_target_t01h,weighted_alignment,0.010931630842150795,0.0056596344088457005,143,39169
osi_target_t01h,weighted_alignment_plus_tail,0.010931630842150795,0.0056596344088457005,143,39169
osi_target_t01h,v1.12,0.013803438869675623,0.007802188946098588,143,39171
osi_target_t01h,weighted_alignment,0.014362618338007104,0.007725900901330379,143,39171
osi_target_t01h,weighted_alignment_plus_tail,0.014362618338007104,0.007725900901330379,143,39171
osi_target_t01h,v1.12,0.006149784034254268,0.004255272114882817,143,39173
osi_target_t01h,weighted_alignment,0.005617430043922508,0.0037233106252332338,143,39173
osi_target_t01h,weighted_alignment_plus_tail,0.005617430043922508,0.0037233106252332338,143,39173
osi_target_t01h,v1.12,0.0030836640964516876,0.0019200204877366427,143,39175
osi_target_t01h,weighted_alignment,0.0034439910768807895,0.002105145493295766,143,39175
osi_target_t01h,weighted_alignment_plus_tail,0.0034439910768807895,0.002105145493295766,143,39175
osi_target_t01h,v1.12,0.016706357992268314,0.01011330920291482,143,42005
osi_target_t01h,weighted_alignment,0.01682195677053794,0.01033453527666422,143,42005
osi_target_t01h,weighted_alignment_plus_tail,0.01682195677053794,0.01033453527666422,143,42005
osi_target_t01h,v1.12,0.007212628648569366,0.004409697830409851,143,42007
osi_target_t01h,weighted_alignment,0.007205738387443685,0.004370753798332145,143,42007
osi_target_t01h,weighted_alignment_plus_tail,0.007205738387443685,0.004370753798332145,143,42007
osi_target_t01h,v1.12,0.007961532934805966,0.004989749257325581,143,42009
osi_target_t01h,weighted_alignment,0.007877299594448621,0.004871978396865464,143,42009
osi_target_t01h,weighted_alignment_plus_tail,0.007877299594448621,0.004871978396865464,143,42009
osi_target_t01h,v1.12,0.0015142880257298225,0.0009160882099279145,143,42013
osi_target_t01h,weighted_alignment,0.0015216135885790768,0.0009158081461748582,143,42013
osi_target_t01h,weighted_alignment_plus_tail,0.0015216135885790768,0.0009158081461748582,143,42013
osi_target_t01h,v1.12,0.00370683475842201,0.002344293238625524,143,42015
osi_target_t01h,weighted_alignment,0.0037319521423666057,0.002355738852408889,143,42015
osi_target_t01h,weighted_alignment_plus_tail,0.0037319521423666057,0.002355738852408889,143,42015
osi_target_t01h,v1.12,0.00461489326967098,0.0032526900782655897,143,42019
osi_target_t01h,weighted_alignment,0.005449392246480271,0.003832497236053919,143,42019
osi_target_t01h,weighted_alignment_plus_tail,0.005449392246480271,0.003832497236053919,143,42019
osi_target_t01h,v1.12,0.014269547606785192,0.005721391985766146,143,42021
osi_target_t01h,weighted_alignment,0.013867467608102991,0.005585060376135982,143,42021
osi_target_t01h,weighted_alignment_plus_tail,0.013867467608102991,0.005585060376135982,143,42021
osi_target_t01h,v1.12,0.008808848338569883,0.004390942710573692,143,42023
osi_target_t01h,weighted_alignment,0.008856121477066532,0.004638560806451947,143,42023
osi_target_t01h,weighted_alignment_plus_tail,0.008856121477066532,0.004638560806451947,143,42023
osi_target_t01h,v1.12,0.0012084292110398998,0.0009993679311629676,143,42025
osi_target_t01h,weighted_alignment,0.0015499139539515037,0.0014476604189640368,143,42025
osi_target_t01h,weighted_alignment_plus_tail,0.0015499139539515037,0.0014476604189640368,143,42025
osi_target_t01h,v1.12,0.001310336710097676,0.000921215724769741,143,42027
osi_target_t01h,weighted_alignment,0.001325311998069339,0.0009155863681430517,143,42027
osi_target_t01h,weighted_alignment_plus_tail,0.001325311998069339,0.0009155863681430517,143,42027
osi_target_t01h,v1.12,0.010714796984158208,0.00495733876167821,143,42029
osi_target_t01h,weighted_alignment,0.010886561750179654,0.0051559818690428555,143,42029
osi_target_t01h,weighted_alignment_plus_tail,0.010886561750179654,0.0051559818690428555,143,42029
osi_target_t01h,v1.12,0.012208631715921608,0.006901318509015863,143,42031
osi_target_t01h,weighted_alignment,0.012040750850008193,0.006571714292714606,143,42031
osi_target_t01h,weighted_alignment_plus_tail,0.012040750850008193,0.006571714292714606,143,42031
osi_target_t01h,v1.12,0.004935681186963747,0.0034169837491354674,143,42033
osi_target_t01h,weighted_alignment,0.004712537857478316,0.003187777936966774,143,42033
osi_target_t01h,weighted_alignment_plus_tail,0.004712537857478316,0.003187777936966774,143,42033
osi_target_t01h,v1.12,0.004943433059457396,0.0031616454885325202,143,42035
osi_target_t01h,weighted_alignment,0.0050880403292447975,0.003504401086381341,143,42035
osi_target_t01h,weighted_alignment_plus_tail,0.0050880403292447975,0.003504401086381341,143,42035
osi_target_t01h,v1.12,0.01511472749981028,0.00795917438585957,143,42039
osi_target_t01h,weighted_alignment,0.01552927763836234,0.008306198352555139,143,42039
osi_target_t01h,weighted_alignment_plus_tail,0.01552927763836234,0.008306198352555139,143,42039
osi_target_t01h,v1.12,0.0019896991254258227,0.001003174255353607,143,42041
osi_target_t01h,weighted_alignment,0.0016413877359737377,0.000862892302838419,143,42041
osi_target_t01h,weighted_alignment_plus_tail,0.0016413877359737377,0.000862892302838419,143,42041
osi_target_t01h,v1.12,0.001626922624075964,0.0012087242969530524,143,42043
osi_target_t01h,weighted_alignment,0.0016618443006370825,0.0012690757190962972,143,42043
osi_target_t01h,weighted_alignment_plus_tail,0.0016618443006370825,0.0012690757190962972,143,42043
osi_target_t01h,v1.12,0.0019158798337611154,0.0008226625061825957,143,42045
osi_target_t01h,weighted_alignment,0.0019821013207822038,0.00084804125807343,143,42045
osi_target_t01h,weighted_alignment_plus_tail,0.0019821013207822038,0.00084804125807343,143,42045
osi_target_t01h,v1.12,0.013437466730005674,0.005107231075858972,143,42047
osi_target_t01h,weighted_alignment,0.013462956427819315,0.005321634851428421,143,42047
osi_target_t01h,weighted_alignment_plus_tail,0.013462956427819315,0.005321634851428421,143,42047
osi_target_t01h,v1.12,0.008063746632366652,0.004343409532414046,143,42049
osi_target_t01h,weighted_alignment,0.007577649470219755,0.004117808795422973,143,42049
osi_target_t01h,weighted_alignment_plus_tail,0.007577649470219755,0.004117808795422973,143,42049
osi_target_t01h,v1.12,0.0032691827173304258,0.0023962362138187964,143,42051
osi_target_t01h,weighted_alignment,0.0032883879692758833,0.002412426727915412,143,42051
osi_target_t01h,weighted_alignment_plus_tail,0.0032883879692758833,0.002412426727915412,143,42051
osi_target_t01h,v1.12,0.0950846932543506,0.03435268068369148,143,42053
osi_target_t01h,weighted_alignment,0.09479794470382033,0.033980678390567697,143,42053
osi_target_t01h,weighted_alignment_plus_tail,0.09479794470382033,0.033980678390567697,143,42053
osi_target_t01h,v1.12,0.001206291886973683,0.0009125183125379239,143,42055
osi_target_t01h,weighted_alignment,0.0015043058134160722,0.0014300023405293732,143,42055
osi_target_t01h,weighted_alignment_plus_tail,0.0015043058134160722,0.0014300023405293732,143,42055
osi_target_t01h,v1.12,0.003055794311877091,0.001920827312947796,143,42057
osi_target_t01h,weighted_alignment,0.00309260850341252,0.0019587580169735013,143,42057
osi_target_t01h,weighted_alignment_plus_tail,0.00309260850341252,0.0019587580169735013,143,42057
osi_target_t01h,v1.12,0.011380147749862667,0.005668208889344069,143,42059
osi_target_t01h,weighted_alignment,0.011343195892698714,0.00564438540450796,143,42059
osi_target_t01h,weighted_alignment_plus_tail,0.011343195892698714,0.00564438540450796,143,42059
osi_target_t01h,v1.12,0.001990779470213702,0.0010334006231405171,143,42061
osi_target_t01h,weighted_alignment,0.0020690958614255936,0.001021961406455581,143,42061
osi_target_t01h,weighted_alignment_plus_tail,0.0020690958614255936,0.001021961406455581,143,42061
osi_target_t01h,v1.12,0.008347226071306366,0.005019751821184655,143,42063
osi_target_t01h,weighted_alignment,0.008513130709815537,0.005103654305575721,143,42063
osi_target_t01h,weighted_alignment_plus_tail,0.008513130709815537,0.005103654305575721,143,42063
osi_target_t01h,v1.12,0.010139338286647722,0.004942059453003307,143,42065
osi_target_t01h,weighted_alignment,0.010151642589024776,0.004945474762325753,143,42065
osi_target_t01h,weighted_alignment_plus_tail,0.010151642589024776,0.004945474762325753,143,42065
osi_target_t01h,v1.12,0.002293387164843057,0.001137068034371501,143,42067
osi_target_t01h,weighted_alignment,0.0023097079861521246,0.001118158605607839,143,42067
osi_target_t01h,weighted_alignment_plus_tail,0.0023097079861521246,0.001118158605607839,143,42067
osi_target_t01h,v1.12,0.0019861679578980205,0.0008121736242569683,143,42069
osi_target_t01h,weighted_alignment,0.002129558343426371,0.0008120752781215359,143,42069
osi_target_t01h,weighted_alignment_plus_tail,0.002129558343426371,0.0008120752781215359,143,42069
osi_target_t01h,v1.12,0.006183112748604818,0.0026597371255975112,143,42075
osi_target_t01h,weighted_alignment,0.006318393773664755,0.003179666337138631,143,42075
osi_target_t01h,weighted_alignment_plus_tail,0.006318393773664755,0.003179666337138631,143,42075
osi_target_t01h,v1.12,0.003617498679038683,0.0018320448062461802,143,42077
osi_target_t01h,weighted_alignment,0.0036013749159702706,0.0018242169313164556,143,42077
osi_target_t01h,weighted_alignment_plus_tail,0.0036013749159702706,0.0018242169313164556,143,42077
osi_target_t01h,v1.12,0.0014217298445623945,0.0012524406958152473,143,42079
osi_target_t01h,weighted_alignment,0.0017250911117831357,0.0016184604774839711,143,42079
osi_target_t01h,weighted_alignment_plus_tail,0.0017250911117831357,0.0016184604774839711,143,42079
osi_target_t01h,v1.12,0.002625858606471125,0.001574146998538777,143,42081
osi_target_t01h,weighted_alignment,0.002673276947430497,0.0016156539535253636,143,42081
osi_target_t01h,weighted_alignment_plus_tail,0.002673276947430497,0.0016156539535253636,143,42081
osi_target_t01h,v1.12,0.0044373526668280185,0.0033145933087486805,143,42083
osi_target_t01h,weighted_alignment,0.004724784067197863,0.003508809373590843,143,42083
osi_target_t01h,weighted_alignment_plus_tail,0.004724784067197863,0.003508809373590843,143,42083
osi_target_t01h,v1.12,0.005488796807828814,0.0033818617201352976,143,42085
osi_target_t01h,weighted_alignment,0.005482095384577212,0.003271767606705968,143,42085
osi_target_t01h,weighted_alignment_plus_tail,0.005482095384577212,0.003271767606705968,143,42085
osi_target_t01h,v1.12,0.005599136138502879,0.002869146785473344,143,42089
osi_target_t01h,weighted_alignment,0.0057197847427449084,0.0030972860157183852,143,42089
osi_target_t01h,weighted_alignment_plus_tail,0.0057197847427449084,0.0030972860157183852,143,42089
osi_target_t01h,v1.12,0.0037921440674920045,0.001891288941946745,143,42091
osi_target_t01h,weighted_alignment,0.003998532971720791,0.002223637369476048,143,42091
osi_target_t01h,weighted_alignment_plus_tail,0.003998532971720791,0.002223637369476048,143,42091
osi_target_t01h,v1.12,0.0035662071511652145,0.0017220105820951158,143,42095
osi_target_t01h,weighted_alignment,0.00355616977213832,0.0016843157892280098,143,42095
osi_target_t01h,weighted_alignment_plus_tail,0.00355616977213832,0.0016843157892280098,143,42095
osi_target_t01h,v1.12,0.0022623877179155077,0.001087858864675524,143,42097
osi_target_t01h,weighted_alignment,0.0022545055020219374,0.0011330766014655987,143,42097
osi_target_t01h,weighted_alignment_plus_tail,0.0022545055020219374,0.0011330766014655987,143,42097
osi_target_t01h,v1.12,0.00416363520669695,0.0020181417951511274,143,42101
osi_target_t01h,weighted_alignment,0.004293916111024361,0.0021359551240348017,143,42101
osi_target_t01h,weighted_alignment_plus_tail,0.004293916111024361,0.0021359551240348017,143,42101
osi_target_t01h,v1.12,0.0029570760960929035,0.0015081812045126958,143,42103
osi_target_t01h,weighted_alignment,0.0029357258117975204,0.0014586336573745148,143,42103
osi_target_t01h,weighted_alignment_plus_tail,0.0029357258117975204,0.0014586336573745148,143,42103
osi_target_t01h,v1.12,0.0060583345595841675,0.0013505787549353675,143,42109
osi_target_t01h,weighted_alignment,0.006047791561200408,0.0013169439589655238,143,42109
osi_target_t01h,weighted_alignment_plus_tail,0.006047791561200408,0.0013169439589655238,143,42109
osi_target_t01h,v1.12,0.004859694509571875,0.0033978988022838356,143,42113
osi_target_t01h,weighted_alignment,0.004858191840104354,0.0033556423376901626,143,42113
osi_target_t01h,weighted_alignment_plus_tail,0.004858191840104354,0.0033556423376901626,143,42113
osi_target_t01h,v1.12,0.004194612078415709,0.001966554899252375,143,42115
osi_target_t01h,weighted_alignment,0.0042040562040922096,0.0019525238289075646,143,42115
osi_target_t01h,weighted_alignment_plus_tail,0.0042040562040922096,0.0019525238289075646,143,42115
osi_target_t01h,v1.12,0.003224100744707783,0.0015111588939596356,143,42119
osi_target_t01h,weighted_alignment,0.0033162815766491784,0.0015694997422113764,143,42119
osi_target_t01h,weighted_alignment_plus_tail,0.0033162815766491784,0.0015694997422113764,143,42119
osi_target_t01h,v1.12,0.021708827001190308,0.00904911343581741,143,42121
osi_target_t01h,weighted_alignment,0.021890980035538046,0.009148227180140201,143,42121
osi_target_t01h,weighted_alignment_plus_tail,0.021890980035538046,0.009148227180140201,143,42121
osi_target_t01h,v1.12,0.015547440903336944,0.008079281864299315,143,42125
osi_target_t01h,weighted_alignment,0.014675356686803262,0.007787314109491357,143,42125
osi_target_t01h,weighted_alignment_plus_tail,0.014675356686803262,0.007787314109491357,143,42125
osi_target_t01h,v1.12,0.002882995009477928,0.0013949351050400846,143,42127
osi_target_t01h,weighted_alignment,0.003234052542755428,0.0014772262044662782,143,42127
osi_target_t01h,weighted_alignment_plus_tail,0.003234052542755428,0.0014772262044662782,143,42127
osi_target_t01h,v1.12,0.005858923240059032,0.003064705195797458,143,42129
osi_target_t01h,weighted_alignment,0.006309733604344247,0.003245408300563622,143,42129
osi_target_t01h,weighted_alignment_plus_tail,0.006309733604344247,0.003245408300563622,143,42129
osi_target_t01h,v1.12,0.015763083652766532,0.0035510032752804847,143,42131
osi_target_t01h,weighted_alignment,0.01572517808665203,0.003634429540633111,143,42131
osi_target_t01h,weighted_alignment_plus_tail,0.01572517808665203,0.003634429540633111,143,42131
osi_target_t01h,v1.12,0.001982296615131666,0.0008601886902339655,143,42133
osi_target_t01h,weighted_alignment,0.001607605306350407,0.0007331936858107873,143,42133
osi_target_t01h,weighted_alignment_plus_tail,0.001607605306350407,0.0007331936858107873,143,42133
osi_target_t01h,v1.12,0.023567839733687427,0.012105305428316032,143,54007
osi_target_t01h,weighted_alignment,0.0235432242343363,0.011899111312003828,143,54007
osi_target_t01h,weighted_alignment_plus_tail,0.0235432242343363,0.011899111312003828,143,54007
osi_target_t01h,v1.12,0.02244640069410758,0.010933371773917164,143,54009
osi_target_t01h,weighted_alignment,0.022341322041516693,0.01051622738099223,143,54009
osi_target_t01h,weighted_alignment_plus_tail,0.022341322041516693,0.01051622738099223,143,54009
osi_target_t01h,v1.12,0.04285627114256615,0.02156169746984008,143,54013
osi_target_t01h,weighted_alignment,0.04240203330662581,0.021387500985148057,143,54013
osi_target_t01h,weighted_alignment_plus_tail,0.04240203330662581,0.021387500985148057,143,54013
osi_target_t01h,v1.12,0.04982400708975069,0.026398622484488883,143,54015
osi_target_t01h,weighted_alignment,0.04917139965033387,0.026258955181475484,143,54015
osi_target_t01h,weighted_alignment_plus_tail,0.04917139965033387,0.026258955181475484,143,54015
osi_target_t01h,v1.12,0.005675499545503853,0.0029098368920219414,143,54019
osi_target_t01h,weighted_alignment,0.005763697496263752,0.003009671619607505,143,54019
osi_target_t01h,weighted_alignment_plus_tail,0.005763697496263752,0.003009671619607505,143,54019
osi_target_t01h,v1.12,0.001677415772862894,0.00115680164628798,143,54023
osi_target_t01h,weighted_alignment,0.0014924979916968973,0.0009037833632044475,143,54023
osi_target_t01h,weighted_alignment_plus_tail,0.0014924979916968973,0.0009037833632044475,143,54023
osi_target_t01h,v1.12,0.00165503206935565,0.000887391601904466,143,54025
osi_target_t01h,weighted_alignment,0.0015792265757133745,0.0008451351563515962,143,54025
osi_target_t01h,weighted_alignment_plus_tail,0.0015792265757133745,0.0008451351563515962,143,54025
osi_target_t01h,v1.12,0.0022223679096358777,0.0014484179939881034,143,54027
osi_target_t01h,weighted_alignment,0.0023301397951369933,0.0016066862920178606,143,54027
osi_target_t01h,weighted_alignment_plus_tail,0.0023301397951369933,0.0016066862920178606,143,54027
osi_target_t01h,v1.12,0.011749529217250464,0.006233278885193731,143,54029
osi_target_t01h,weighted_alignment,0.011219390922726924,0.006062690844351976,143,54029
osi_target_t01h,weighted_alignment_plus_tail,0.011219390922726924,0.006062690844351976,143,54029
osi_target_t01h,v1.12,0.0020141355691283918,0.0013042983436313482,143,54031
osi_target_t01h,weighted_alignment,0.0022768238502133813,0.0013994744632399535,143,54031
osi_target_t01h,weighted_alignment_plus_tail,0.0022768238502133813,0.0013994744632399535,143,54031
osi_target_t01h,v1.12,0.00348428462462581,0.002031802443574235,143,54033
osi_target_t01h,weighted_alignment,0.004117990841685619,0.0024081608161837446,143,54033
osi_target_t01h,weighted_alignment_plus_tail,0.004117990841685619,0.0024081608161837446,143,54033
osi_target_t01h,v1.12,0.0026908566684565607,0.0015433994806718944,143,54035
osi_target_t01h,weighted_alignment,0.002663750901826608,0.0015114968593960285,143,54035
osi_target_t01h,weighted_alignment_plus_tail,0.002663750901826608,0.0015114968593960285,143,54035
osi_target_t01h,v1.12,0.0029893386848751083,0.001868994185276689,143,54037
osi_target_t01h,weighted_alignment,0.0030401241295559033,0.002086914524518945,143,54037
osi_target_t01h,weighted_alignment_plus_tail,0.0030401241295559033,0.002086914524518945,143,54037
osi_target_t01h,v1.12,0.0023130053400389765,0.0013269184754784442,143,54039
osi_target_t01h,weighted_alignment,0.0024644976564601575,0.0014242512052782864,143,54039
osi_target_t01h,weighted_alignment_plus_tail,0.0024644976564601575,0.0014242512052782864,143,54039
osi_target_t01h,v1.12,0.014301891493637751,0.0033377723635032146,143,54041
osi_target_t01h,weighted_alignment,0.014333469742394946,0.003263600905612445,143,54041
osi_target_t01h,weighted_alignment_plus_tail,0.014333469742394946,0.003263600905612445,143,54041
osi_target_t01h,v1.12,0.008308880522415763,0.0037056713686127525,143,54043
osi_target_t01h,weighted_alignment,0.008326149597856687,0.0037076865876608024,143,54043
osi_target_t01h,weighted_alignment_plus_tail,0.008326149597856687,0.0037076865876608024,143,54043
osi_target_t01h,v1.12,0.008946765702529568,0.004455434526217931,143,54045
osi_target_t01h,weighted_alignment,0.009266658040599215,0.0047806797525909725,143,54045
osi_target_t01h,weighted_alignment_plus_tail,0.009266658040599215,0.0047806797525909725,143,54045
osi_target_t01h,v1.12,0.004507490629695454,0.003005173872732631,143,54047
osi_target_t01h,weighted_alignment,0.004854986210206883,0.0033684457884806222,143,54047
osi_target_t01h,weighted_alignment_plus_tail,0.004854986210206883,0.0033684457884806222,143,54047
osi_target_t01h,v1.12,0.0016059451097281726,0.0013974266646980366,143,54053
osi_target_t01h,weighted_alignment,0.0018047950570662112,0.0016700025134974096,143,54053
osi_target_t01h,weighted_alignment_plus_tail,0.0018047950570662112,0.0016700025134974096,143,54053
osi_target_t01h,v1.12,0.0021600785158040056,0.0011056064127437572,143,54055
osi_target_t01h,weighted_alignment,0.0021897671248234563,0.0011411409438820685,143,54055
osi_target_t01h,weighted_alignment_plus_tail,0.0021897671248234563,0.0011411409438820685,143,54055
osi_target_t01h,v1.12,0.0016764032506278634,0.0010347034731149533,143,54057
osi_target_t01h,weighted_alignment,0.0016269252965522645,0.0009380719899321548,143,54057
osi_target_t01h,weighted_alignment_plus_tail,0.0016269252965522645,0.0009380719899321548,143,54057
osi_target_t01h,v1.12,0.014545851933750796,0.008733811525340305,143,54059
osi_target_t01h,weighted_alignment,0.014968279820513073,0.00870850094105054,143,54059
osi_target_t01h,weighted_alignment_plus_tail,0.014968279820513073,0.00870850094105054,143,54059
osi_target_t01h,v1.12,0.0018549610119771248,0.001102579865192139,143,54063
osi_target_t01h,weighted_alignment,0.0016729652320089873,0.0010022062504790171,143,54063
osi_target_t01h,weighted_alignment_plus_tail,0.0016729652320089873,0.0010022062504790171,143,54063
osi_target_t01h,v1.12,0.0051224060118179185,0.002127437471264386,143,54067
osi_target_t01h,weighted_alignment,0.005220547554358031,0.002215240510357532,143,54067
osi_target_t01h,weighted_alignment_plus_tail,0.005220547554358031,0.002215240510357532,143,54067
osi_target_t01h,v1.12,0.0075988460015492774,0.005036741685447549,143,54069
osi_target_t01h,weighted_alignment,0.007262641029718354,0.004720109306223582,143,54069
osi_target_t01h,weighted_alignment_plus_tail,0.007262641029718354,0.004720109306223582,143,54069
osi_target_t01h,v1.12,0.006441289806474202,0.004383314849926145,143,54071
osi_target_t01h,weighted_alignment,0.006981853615895662,0.0047877821342724395,143,54071
osi_target_t01h,weighted_alignment_plus_tail,0.006981853615895662,0.0047877821342724395,143,54071
osi_target_t01h,v1.12,0.0057645328143133895,0.0036068205529418344,143,54073
osi_target_t01h,weighted_alignment,0.005590076488608246,0.003515436560052561,143,54073
osi_target_t01h,weighted_alignment_plus_tail,0.005590076488608246,0.003515436560052561,143,54073
osi_target_t01h,v1.12,0.003367806141071421,0.002185327673351564,143,54075
osi_target_t01h,weighted_alignment,0.003336964354330558,0.0021523748287240047,143,54075
osi_target_t01h,weighted_alignment_plus_tail,0.003336964354330558,0.0021523748287240047,143,54075
osi_target_t01h,v1.12,0.004207247452094612,0.0019486742499203542,143,54077
osi_target_t01h,weighted_alignment,0.004150524050635998,0.0017953450265639373,143,54077
osi_target_t01h,weighted_alignment_plus_tail,0.004150524050635998,0.0017953450265639373,143,54077
osi_target_t01h,v1.12,0.001147501352113847,0.0006451975722606664,143,54079
osi_target_t01h,weighted_alignment,0.001156695205012649,0.000646482139884249,143,54079
osi_target_t01h,weighted_alignment_plus_tail,0.001156695205012649,0.000646482139884249,143,54079
osi_target_t01h,v1.12,0.0013607101809492968,0.0010219935958112403,143,54081
osi_target_t01h,weighted_alignment,0.0014587754311641064,0.0012738887650839492,143,54081
osi_target_t01h,weighted_alignment_plus_tail,0.0014587754311641064,0.0012738887650839492,143,54081
osi_target_t01h,v1.12,0.00831172479707276,0.005820904973491332,143,54083
osi_target_t01h,weighted_alignment,0.008173547060865649,0.005638085428205757,143,54083
osi_target_t01h,weighted_alignment_plus_tail,0.008173547060865649,0.005638085428205757,143,54083
osi_target_t01h,v1.12,0.011098245900409344,0.006283092636152236,143,54085
osi_target_t01h,weighted_alignment,0.011935142619694129,0.0069877477128546675,143,54085
osi_target_t01h,weighted_alignment_plus_tail,0.011935142619694129,0.0069877477128546675,143,54085
osi_target_t01h,v1.12,0.009263983718979008,0.004119098029547832,143,54087
osi_target_t01h,weighted_alignment,0.009464036153287947,0.004321487410929141,143,54087
osi_target_t01h,weighted_alignment_plus_tail,0.009464036153287947,0.004321487410929141,143,54087
osi_target_t01h,v1.12,0.002140116369354023,0.0019273539833935636,143,54089
osi_target_t01h,weighted_alignment,0.0021764359167129993,0.0020252005553849507,143,54089
osi_target_t01h,weighted_alignment_plus_tail,0.0021764359167129993,0.0020252005553849507,143,54089
osi_target_t01h,v1.12,0.007075918145052209,0.00469799640727359,143,54091
osi_target_t01h,weighted_alignment,0.006519493731341677,0.00421181348813147,143,54091
osi_target_t01h,weighted_alignment_plus_tail,0.006519493731341677,0.00421181348813147,143,54091
osi_target_t01h,v1.12,0.0052070514722377895,0.003863257374227879,143,54093
osi_target_t01h,weighted_alignment,0.005267746849664113,0.003897462157191895,143,54093
osi_target_t01h,weighted_alignment_plus_tail,0.005267746849664113,0.003897462157191895,143,54093
osi_target_t01h,v1.12,0.011432691675921374,0.00478571553001616,143,54095
osi_target_t01h,weighted_alignment,0.0120357462029804,0.005049111900357706,143,54095
osi_target_t01h,weighted_alignment_plus_tail,0.0120357462029804,0.005049111900357706,143,54095
osi_target_t01h,v1.12,0.0019406360488073285,0.0011135419332499368,143,54097
osi_target_t01h,weighted_alignment,0.002166432151771439,0.0011726989953971872,143,54097
osi_target_t01h,weighted_alignment_plus_tail,0.002166432151771439,0.0011726989953971872,143,54097
osi_target_t01h,v1.12,0.008068930743000097,0.0061139456910812625,143,54099
osi_target_t01h,weighted_alignment,0.007513910875119926,0.0053678966129940995,143,54099
osi_target_t01h,weighted_alignment_plus_tail,0.007513910875119926,0.0053678966129940995,143,54099
osi_target_t01h,v1.12,0.005201645916154345,0.003566405266190859,143,54101
osi_target_t01h,weighted_alignment,0.005219955325580861,0.003698803703031899,143,54101
osi_target_t01h,weighted_alignment_plus_tail,0.005219955325580861,0.003698803703031899,143,54101
osi_target_t01h,v1.12,0.009617001244479596,0.007101890832623784,143,54103
osi_target_t01h,weighted_alignment,0.008719544570243903,0.006501363357186049,143,54103
osi_target_t01h,weighted_alignment_plus_tail,0.008719544570243903,0.006501363357186049,143,54103
osi_target_t01h,v1.12,0.006353139618641998,0.0030224899478006545,143,54105
osi_target_t01h,weighted_alignment,0.00646436265053926,0.0030566368234500817,143,54105
osi_target_t01h,weighted_alignment_plus_tail,0.00646436265053926,0.0030566368234500817,143,54105
osi_target_t01h,v1.12,0.00129326121999224,0.0008071610576568167,143,54107
osi_target_t01h,weighted_alignment,0.0013619452561999493,0.0008881605326158022,143,54107
osi_target_t01h,weighted_alignment_plus_tail,0.0013619452561999493,0.0008881605326158022,143,54107
osi_target_t01h,v1.12,0.008381690779238398,0.005696982354003714,143,54109
osi_target_t01h,weighted_alignment,0.007111287207515702,0.005238674244667198,143,54109
osi_target_t01h,weighted_alignment_plus_tail,0.007111287207515702,0.005238674244667198,143,54109
osi_target_t06h,v1.12,0.005780751286193526,0.0032135690396850316,138,18009
osi_target_t06h,weighted_alignment,0.005654402236302407,0.0031050620303496165,138,18009
osi_target_t06h,weighted_alignment_plus_tail,0.005654402236302407,0.0031050620303496165,138,18009
osi_target_t06h,v1.12,0.030112552391632488,0.013865666450800833,138,18013
osi_target_t06h,weighted_alignment,0.03066514252471838,0.01433635890576278,138,18013
osi_target_t06h,weighted_alignment_plus_tail,0.03066514252471838,0.01433635890576278,138,18013
osi_target_t06h,v1.12,0.0015856614992349586,0.0006653286020010474,138,18023
osi_target_t06h,weighted_alignment,0.0015399244514899472,0.000761169304439708,138,18023
osi_target_t06h,weighted_alignment_plus_tail,0.0015399244514899472,0.000761169304439708,138,18023
osi_target_t06h,v1.12,0.012195240459826201,0.002238270174507434,138,18025
osi_target_t06h,weighted_alignment,0.012247031686428808,0.002257635191828126,138,18025
osi_target_t06h,weighted_alignment_plus_tail,0.012247031686428808,0.002257635191828126,138,18025
osi_target_t06h,v1.12,0.0032680542413636143,0.0013248646180022096,138,18027
osi_target_t06h,weighted_alignment,0.003185600439291591,0.0012877164034139725,138,18027
osi_target_t06h,weighted_alignment_plus_tail,0.003185600439291591,0.0012877164034139725,138,18027
osi_target_t06h,v1.12,0.0017253321092603065,0.0009488417425093171,138,18029
osi_target_t06h,weighted_alignment,0.0020400034751442047,0.0015297701969101349,138,18029
osi_target_t06h,weighted_alignment_plus_tail,0.0020400034751442047,0.0015297701969101349,138,18029
osi_target_t06h,v1.12,0.00323368349733597,0.0013232455628427139,138,18033
osi_target_t06h,weighted_alignment,0.0033536663109019612,0.001684432888014465,138,18033
osi_target_t06h,weighted_alignment_plus_tail,0.0033536663109019612,0.001684432888014465,138,18033
osi_target_t06h,v1.12,0.0021027450370375627,0.0011945606278222565,138,18035
osi_target_t06h,weighted_alignment,0.002357890317531002,0.0017282098305488856,138,18035
osi_target_t06h,weighted_alignment_plus_tail,0.002357890317531002,0.0017282098305488856,138,18035
osi_target_t06h,v1.12,0.002855156500908628,0.0012323286007831212,138,18037
osi_target_t06h,weighted_alignment,0.0027365396223182513,0.0012107896801973096,138,18037
osi_target_t06h,weighted_alignment_plus_tail,0.0027365396223182513,0.0012107896801973096,138,18037
osi_target_t06h,v1.12,0.002077836675776462,0.0015640975364232528,138,18039
osi_target_t06h,weighted_alignment,0.002003187682470374,0.0014550176027085147,138,18039
osi_target_t06h,weighted_alignment_plus_tail,0.002003187682470374,0.0014550176027085147,138,18039
osi_target_t06h,v1.12,0.0052543520225477565,0.002106533686674986,138,18041
osi_target_t06h,weighted_alignment,0.0053351571129819485,0.0021041916142924438,138,18041
osi_target_t06h,weighted_alignment_plus_tail,0.0053351571129819485,0.0021041916142924438,138,18041
osi_target_t06h,v1.12,0.0021242835609308055,0.0009131576489600582,138,18043
osi_target_t06h,weighted_alignment,0.0023292538525172715,0.001002654451570372,138,18043
osi_target_t06h,weighted_alignment_plus_tail,0.0023292538525172715,0.001002654451570372,138,18043
osi_target_t06h,v1.12,0.0020395167693356016,0.0008392271098521071,138,18045
osi_target_t06h,weighted_alignment,0.0022825642128436628,0.000969906267011761,138,18045
osi_target_t06h,weighted_alignment_plus_tail,0.0022825642128436628,0.000969906267011761,138,18045
osi_target_t06h,v1.12,0.0031652612152812303,0.0013426456927736977,138,18047
osi_target_t06h,weighted_alignment,0.0030900378576249,0.001206425340428495,138,18047
osi_target_t06h,weighted_alignment_plus_tail,0.0030900378576249,0.001206425340428495,138,18047
osi_target_t06h,v1.12,0.0016199611767755075,0.0009082583286452671,138,18051
osi_target_t06h,weighted_alignment,0.001978859751514905,0.0014642705633433218,138,18051
osi_target_t06h,weighted_alignment_plus_tail,0.001978859751514905,0.0014642705633433218,138,18051
osi_target_t06h,v1.12,0.0012669782225911998,0.0004247815482301899,138,18059
osi_target_t06h,weighted_alignment,0.0012562358524169086,0.00044279521754077446,138,18059
osi_target_t06h,weighted_alignment_plus_tail,0.0012562358524169086,0.00044279521754077446,138,18059
osi_target_t06h,v1.12,0.004037483225751566,0.0016709781430333903,138,18061
osi_target_t06h,weighted_alignment,0.004066692378888408,0.001674914159488358,138,18061
osi_target_t06h,weighted_alignment_plus_tail,0.004066692378888408,0.001674914159488358,138,18061
osi_target_t06h,v1.12,0.002182199640088141,0.0008909602627209953,138,18065
osi_target_t06h,weighted_alignment,0.002203766946055495,0.0008369981177007303,138,18065
osi_target_t06h,weighted_alignment_plus_tail,0.002203766946055495,0.0008369981177007303,138,18065
osi_target_t06h,v1.12,0.0017171861632158403,0.0004918747739474746,138,18067
osi_target_t06h,weighted_alignment,0.0017640808451252494,0.0005087228896744669,138,18067
osi_target_t06h,weighted_alignment_plus_tail,0.0017640808451252494,0.0005087228896744669,138,18067
osi_target_t06h,v1.12,0.0010133744122584063,0.0005004856568497363,138,18069
osi_target_t06h,weighted_alignment,0.001051530584351996,0.0005101200130003571,138,18069
osi_target_t06h,weighted_alignment_plus_tail,0.001051530584351996,0.0005101200130003571,138,18069
osi_target_t06h,v1.12,0.00395776519631913,0.0016241989820393516,138,18071
osi_target_t06h,weighted_alignment,0.004603048223444475,0.0018989844224832366,138,18071
osi_target_t06h,weighted_alignment_plus_tail,0.004603048223444475,0.0018989844224832366,138,18071
osi_target_t06h,v1.12,0.003885230767800922,0.0022901904891222073,138,18073
osi_target_t06h,weighted_alignment,0.004146209710201856,0.0024466474731089658,138,18073
osi_target_t06h,weighted_alignment_plus_tail,0.004146209710201856,0.0024466474731089658,138,18073
osi_target_t06h,v1.12,0.005018071275354389,0.001536854214801547,138,18077
osi_target_t06h,weighted_alignment,0.005024825548979869,0.0015400025483880782,138,18077
osi_target_t06h,weighted_alignment_plus_tail,0.005024825548979869,0.0015400025483880782,138,18077
osi_target_t06h,v1.12,0.003518896179358587,0.0017016355617380764,138,18083
osi_target_t06h,weighted_alignment,0.0034518182490840587,0.00167348061219992,138,18083
osi_target_t06h,weighted_alignment_plus_tail,0.0034518182490840587,0.00167348061219992,138,18083
osi_target_t06h,v1.12,0.005111302903431235,0.004241825580774874,138,18085
osi_target_t06h,weighted_alignment,0.004419563828995472,0.00358799177523572,138,18085
osi_target_t06h,weighted_alignment_plus_tail,0.004419563828995472,0.00358799177523572,138,18085
osi_target_t06h,v1.12,0.002157146899973758,0.0018754266944513197,138,18087
osi_target_t06h,weighted_alignment,0.0021212008241480343,0.0018424848800249899,138,18087
osi_target_t06h,weighted_alignment_plus_tail,0.0021212008241480343,0.0018424848800249899,138,18087
osi_target_t06h,v1.12,0.002346742080146016,0.0016423627492864936,138,18089
osi_target_t06h,weighted_alignment,0.0023557609239499974,0.0015726583809085445,138,18089
osi_target_t06h,weighted_alignment_plus_tail,0.0023557609239499974,0.0015726583809085445,138,18089
osi_target_t06h,v1.12,0.0014151114715709747,0.0007439313504786666,138,18091
osi_target_t06h,weighted_alignment,0.0013722031908398587,0.000718373139699443,138,18091
osi_target_t06h,weighted_alignment_plus_tail,0.0013722031908398587,0.000718373139699443,138,18091
osi_target_t06h,v1.12,0.008370976994899988,0.0031029648955376928,138,18093
osi_target_t06h,weighted_alignment,0.008971036949303344,0.0036356469760089037,138,18093
osi_target_t06h,weighted_alignment_plus_tail,0.008971036949303344,0.0036356469760089037,138,18093
osi_target_t06h,v1.12,0.0014320934629763714,0.0006184119569511216,138,18095
osi_target_t06h,weighted_alignment,0.0014515446835252953,0.0006224176645126899,138,18095
osi_target_t06h,weighted_alignment_plus_tail,0.0014515446835252953,0.0006224176645126899,138,18095
osi_target_t06h,v1.12,0.0010907750905575413,0.0007832629022124418,138,18097
osi_target_t06h,weighted_alignment,0.0014565755549341478,0.0013618411336806233,138,18097
osi_target_t06h,weighted_alignment_plus_tail,0.0014565755549341478,0.0013618411336806233,138,18097
osi_target_t06h,v1.12,0.00899760244504451,0.00297994603765743,138,18099
osi_target_t06h,weighted_alignment,0.008954361379109767,0.002882980091088429,138,18099
osi_target_t06h,weighted_alignment_plus_tail,0.008954361379109767,0.002882980091088429,138,18099
osi_target_t06h,v1.12,0.0036883657296985987,0.0020301577631532865,138,18101
osi_target_t06h,weighted_alignment,0.0038695492593320844,0.001953452068362302,138,18101
osi_target_t06h,weighted_alignment_plus_tail,0.0038695492593320844,0.001953452068362302,138,18101
osi_target_t06h,v1.12,0.0027929576927430886,0.0014672557140841744,138,18103
osi_target_t06h,weighted_alignment,0.002690817720095258,0.0013200671754999367,138,18103
osi_target_t06h,weighted_alignment_plus_tail,0.002690817720095258,0.0013200671754999367,138,18103
osi_target_t06h,v1.12,0.0024078733097570837,0.0008091070625636291,138,18105
osi_target_t06h,weighted_alignment,0.0027121335491095046,0.0009389604136356133,138,18105
osi_target_t06h,weighted_alignment_plus_tail,0.0027121335491095046,0.0009389604136356133,138,18105
osi_target_t06h,v1.12,0.0012328095349325287,0.0009530736100323181,138,18107
osi_target_t06h,weighted_alignment,0.0015041497800312353,0.0013904660768339517,138,18107
osi_target_t06h,weighted_alignment_plus_tail,0.0015041497800312353,0.0013904660768339517,138,18107
osi_target_t06h,v1.12,0.0031118376316368996,0.0012669530334770856,138,18109
osi_target_t06h,weighted_alignment,0.0032372963878711525,0.0013202472793912142,138,18109
osi_target_t06h,weighted_alignment_plus_tail,0.0032372963878711525,0.0013202472793912142,138,18109
osi_target_t06h,v1.12,0.004585591519698298,0.002957993783796013,138,18111
osi_target_t06h,weighted_alignment,0.0044385373214533095,0.0029152771545108472,138,18111
osi_target_t06h,weighted_alignment_plus_tail,0.0044385373214533095,0.0029152771545108472,138,18111
osi_target_t06h,v1.12,0.0013186360174387492,0.0010282323492981577,138,18113
osi_target_t06h,weighted_alignment,0.0015347383896192972,0.0013957224710414533,138,18113
osi_target_t06h,weighted_alignment_plus_tail,0.0015347383896192972,0.0013957224710414533,138,18113
osi_target_t06h,v1.12,0.013408354492374415,0.0038452499864059992,138,18117
osi_target_t06h,weighted_alignment,0.013452504651756052,0.0038065865405986633,138,18117
osi_target_t06h,weighted_alignment_plus_tail,0.013452504651756052,0.0038065865405986633,138,18117
osi_target_t06h,v1.12,0.02548868454140287,0.009554579590308712,138,18121
osi_target_t06h,weighted_alignment,0.025858382989175456,0.009754735064256316,138,18121
osi_target_t06h,weighted_alignment_plus_tail,0.025858382989175456,0.009754735064256316,138,18121
osi_target_t06h,v1.12,0.004035741444162341,0.0017532357746758611,138,18123
osi_target_t06h,weighted_alignment,0.003256397968313405,0.0015174012545790248,138,18123
osi_target_t06h,weighted_alignment_plus_tail,0.003256397968313405,0.0015174012545790248,138,18123
osi_target_t06h,v1.12,0.0028308412643971398,0.0009839341616857402,138,18125
osi_target_t06h,weighted_alignment,0.002838658178221749,0.0010243600619717233,138,18125
osi_target_t06h,weighted_alignment_plus_tail,0.002838658178221749,0.0010243600619717233,138,18125
osi_target_t06h,v1.12,0.002895306296946521,0.002113530751107967,138,18127
osi_target_t06h,weighted_alignment,0.0028802771970195488,0.002063992172954567,138,18127
osi_target_t06h,weighted_alignment_plus_tail,0.0028802771970195488,0.002063992172954567,138,18127
osi_target_t06h,v1.12,0.0011597233862987004,0.0006216222286811433,138,18129
osi_target_t06h,weighted_alignment,0.0012106587389038243,0.0007026628936645043,138,18129
osi_target_t06h,weighted_alignment_plus_tail,0.0012106587389038243,0.0007026628936645043,138,18129
osi_target_t06h,v1.12,0.017911887966369663,0.004599620522818196,138,18131
osi_target_t06h,weighted_alignment,0.01800734790399099,0.004571473806266463,138,18131
osi_target_t06h,weighted_alignment_plus_tail,0.01800734790399099,0.004571473806266463,138,18131
osi_target_t06h,v1.12,0.0010816417793494638,0.00042275440688028506,138,18133
osi_target_t06h,weighted_alignment,0.0012030795019574926,0.0004752932351418945,138,18133
osi_target_t06h,weighted_alignment_plus_tail,0.0012030795019574926,0.0004752932351418945,138,18133
osi_target_t06h,v1.12,0.0038419606030575906,0.0023033468105302765,138,18135
osi_target_t06h,weighted_alignment,0.003596746799410278,0.0020891633556306697,138,18135
osi_target_t06h,weighted_alignment_plus_tail,0.003596746799410278,0.0020891633556306697,138,18135
osi_target_t06h,v1.12,0.0038514465334652578,0.0013370207367433197,138,18137
osi_target_t06h,weighted_alignment,0.003860981681566438,0.0013490679626020584,138,18137
osi_target_t06h,weighted_alignment_plus_tail,0.003860981681566438,0.0013490679626020584,138,18137
osi_target_t06h,v1.12,0.002846440850636162,0.0008532596022562559,138,18139
osi_target_t06h,weighted_alignment,0.0028698454031103877,0.0008592513861785271,138,18139
osi_target_t06h,weighted_alignment_plus_tail,0.0028698454031103877,0.0008592513861785271,138,18139
osi_target_t06h,v1.12,0.0015235258009900388,0.0010503630799762534,138,18141
osi_target_t06h,weighted_alignment,0.0015351960143946796,0.0010777677927007155,138,18141
osi_target_t06h,weighted_alignment_plus_tail,0.0015351960143946796,0.0010777677927007155,138,18141
osi_target_t06h,v1.12,0.0041515787744756125,0.0018440112100547583,138,18143
osi_target_t06h,weighted_alignment,0.004197976921034601,0.0018752998488338237,138,18143
osi_target_t06h,weighted_alignment_plus_tail,0.004197976921034601,0.0018752998488338237,138,18143
osi_target_t06h,v1.12,0.00132745628174423,0.0004706748161788124,138,18145
osi_target_t06h,weighted_alignment,0.0012466022600008868,0.00042412761921843667,138,18145
osi_target_t06h,weighted_alignment_plus_tail,0.0012466022600008868,0.00042412761921843667,138,18145
osi_target_t06h,v1.12,0.001733317290738663,0.0006941067797277655,138,18147
osi_target_t06h,weighted_alignment,0.0017306731178225768,0.000702937344443337,138,18147
osi_target_t06h,weighted_alignment_plus_tail,0.0017306731178225768,0.000702937344443337,138,18147
osi_target_t06h,v1.12,0.00494819665233085,0.003334582206080686,138,18149
osi_target_t06h,weighted_alignment,0.004787050306883968,0.0030966636091646514,138,18149
osi_target_t06h,weighted_alignment_plus_tail,0.004787050306883968,0.0030966636091646514,138,18149
osi_target_t06h,v1.12,0.011199898209461248,0.008303719216666616,138,18151
osi_target_t06h,weighted_alignment,0.011327387893551455,0.008279443157453192,138,18151
osi_target_t06h,weighted_alignment_plus_tail,0.011327387893551455,0.008279443157453192,138,18151
osi_target_t06h,v1.12,0.002048291574353826,0.000876754517050549,138,18153
osi_target_t06h,weighted_alignment,0.001867833266762545,0.0008039423884990776,138,18153
osi_target_t06h,weighted_alignment_plus_tail,0.001867833266762545,0.0008039423884990776,138,18153
osi_target_t06h,v1.12,0.0033033447073759887,0.001172114150285776,138,18155
osi_target_t06h,weighted_alignment,0.0030557573914550447,0.0010961099283097958,138,18155
osi_target_t06h,weighted_alignment_plus_tail,0.0030557573914550447,0.0010961099283097958,138,18155
osi_target_t06h,v1.12,0.0013111302607753843,0.0008538324698231361,138,18157
osi_target_t06h,weighted_alignment,0.0016135412007888604,0.001455940783723412,138,18157
osi_target_t06h,weighted_alignment_plus_tail,0.0016135412007888604,0.001455940783723412,138,18157
osi_target_t06h,v1.12,0.004338635448712709,0.001905607592390719,138,18159
osi_target_t06h,weighted_alignment,0.004442187088985836,0.0020836995718752998,138,18159
osi_target_t06h,weighted_alignment_plus_tail,0.004442187088985836,0.0020836995718752998,138,18159
osi_target_t06h,v1.12,0.002909323025949839,0.001592892527183043,138,18161
osi_target_t06h,weighted_alignment,0.0030704613272562443,0.0017271743559100648,138,18161
osi_target_t06h,weighted_alignment_plus_tail,0.0030704613272562443,0.0017271743559100648,138,18161
osi_target_t06h,v1.12,0.0006254782808339629,0.00028331531273939414,138,18163
osi_target_t06h,weighted_alignment,0.0006504481501804646,0.0002963687776487244,138,18163
osi_target_t06h,weighted_alignment_plus_tail,0.0006504481501804646,0.0002963687776487244,138,18163
osi_target_t06h,v1.12,0.01413843275255153,0.0036042412995824073,138,18165
osi_target_t06h,weighted_alignment,0.014068761596500704,0.003611465245365492,138,18165
osi_target_t06h,weighted_alignment_plus_tail,0.014068761596500704,0.003611465245365492,138,18165
osi_target_t06h,v1.12,0.0015128185522817112,0.0006775811479449403,138,18167
osi_target_t06h,weighted_alignment,0.001575640367935105,0.0006831179418393246,138,18167
osi_target_t06h,weighted_alignment_plus_tail,0.001575640367935105,0.0006831179418393246,138,18167
osi_target_t06h,v1.12,0.0016952546283910087,0.0006676067915245801,138,18169
osi_target_t06h,weighted_alignment,0.001643848262267588,0.0007165070021479482,138,18169
osi_target_t06h,weighted_alignment_plus_tail,0.001643848262267588,0.0007165070021479482,138,18169
osi_target_t06h,v1.12,0.004410966343778801,0.002232463248679412,138,18171
osi_target_t06h,weighted_alignment,0.00453664944394009,0.0023392014026965696,138,18171
osi_target_t06h,weighted_alignment_plus_tail,0.00453664944394009,0.0023392014026965696,138,18171
osi_target_t06h,v1.12,0.001474063182537643,0.0006635735344340885,138,18173
osi_target_t06h,weighted_alignment,0.0014861180411928718,0.0006952367554350875,138,18173
osi_target_t06h,weighted_alignment_plus_tail,0.0014861180411928718,0.0006952367554350875,138,18173
osi_target_t06h,v1.12,0.004048112473200471,0.00128066124402088,138,18175
osi_target_t06h,weighted_alignment,0.0039596964435224145,0.001387322471937809,138,18175
osi_target_t06h,weighted_alignment_plus_tail,0.0039596964435224145,0.001387322471937809,138,18175
osi_target_t06h,v1.12,0.001801147468153377,0.0013597381222394387,138,18177
osi_target_t06h,weighted_alignment,0.0018190992274898894,0.0016313788189443795,138,18177
osi_target_t06h,weighted_alignment_plus_tail,0.0018190992274898894,0.0016313788189443795,138,18177
osi_target_t06h,v1.12,0.0047033935322183034,0.0014000163895648307,138,18179
osi_target_t06h,weighted_alignment,0.004661797678104303,0.0013893360228627422,138,18179
osi_target_t06h,weighted_alignment_plus_tail,0.004661797678104303,0.0013893360228627422,138,18179
osi_target_t06h,v1.12,0.0017909576636291286,0.0006480368404896859,138,18181
osi_target_t06h,weighted_alignment,0.0017894569148498897,0.0006437972163406043,138,18181
osi_target_t06h,weighted_alignment_plus_tail,0.0017894569148498897,0.0006437972163406043,138,18181
osi_target_t06h,v1.12,0.0029367460130332815,0.0013991861475347459,138,18183
osi_target_t06h,weighted_alignment,0.003104111660448157,0.0018413060731889961,138,18183
osi_target_t06h,weighted_alignment_plus_tail,0.003104111660448157,0.0018413060731889961,138,18183
osi_target_t06h,v1.12,0.0010944373953602233,0.0006926727233488397,138,39017
osi_target_t06h,weighted_alignment,0.001478994767296493,0.0013010025072061385,138,39017
osi_target_t06h,weighted_alignment_plus_tail,0.001478994767296493,0.0013010025072061385,138,39017
osi_target_t06h,v1.12,0.002635885462440826,0.0016591578095035756,138,39023
osi_target_t06h,weighted_alignment,0.002347693811761034,0.0016363432560412118,138,39023
osi_target_t06h,weighted_alignment_plus_tail,0.002347693811761034,0.0016363432560412118,138,39023
osi_target_t06h,v1.12,0.0019060229960884568,0.0009088672172896724,138,39025
osi_target_t06h,weighted_alignment,0.0021251524231329973,0.001462335028112018,138,39025
osi_target_t06h,weighted_alignment_plus_tail,0.0021251524231329973,0.001462335028112018,138,39025
osi_target_t06h,v1.12,0.0010783063149368921,0.0005325874129393276,138,39027
osi_target_t06h,weighted_alignment,0.0011177623939264995,0.0005474157300778055,138,39027
osi_target_t06h,weighted_alignment_plus_tail,0.0011177623939264995,0.0005474157300778055,138,39027
osi_target_t06h,v1.12,0.008474489862898078,0.004414638488558915,138,39029
osi_target_t06h,weighted_alignment,0.008989714630393227,0.004444614527961445,138,39029
osi_target_t06h,weighted_alignment_plus_tail,0.008989714630393227,0.004444614527961445,138,39029
osi_target_t06h,v1.12,0.011349430270078512,0.007404671021134456,138,39031
osi_target_t06h,weighted_alignment,0.011871030926119581,0.00761145811450318,138,39031
osi_target_t06h,weighted_alignment_plus_tail,0.011871030926119581,0.00761145811450318,138,39031
osi_target_t06h,v1.12,0.005516937099890557,0.0028068312206961975,138,39033
osi_target_t06h,weighted_alignment,0.005724035400777472,0.0029203933643297984,138,39033
osi_target_t06h,weighted_alignment_plus_tail,0.005724035400777472,0.0029203933643297984,138,39033
osi_target_t06h,v1.12,0.0060308840157891315,0.0040801622105492265,138,39035
osi_target_t06h,weighted_alignment,0.006048415984893496,0.0040814017508572905,138,39035
osi_target_t06h,weighted_alignment_plus_tail,0.006048415984893496,0.0040814017508572905,138,39035
osi_target_t06h,v1.12,0.0016426086125473473,0.0008771207749228942,138,39037
osi_target_t06h,weighted_alignment,0.0015929269293370387,0.0008483082034946448,138,39037
osi_target_t06h,weighted_alignment_plus_tail,0.0015929269293370387,0.0008483082034946448,138,39037
osi_target_t06h,v1.12,0.00921443284312962,0.005044816135029168,138,39039
osi_target_t06h,weighted_alignment,0.009246066430163812,0.005294006026426629,138,39039
osi_target_t06h,weighted_alignment_plus_tail,0.009246066430163812,0.005294006026426629,138,39039
osi_target_t06h,v1.12,0.004391971732241822,0.002600726236141804,138,39045
osi_target_t06h,weighted_alignment,0.004400358703342842,0.002628231750290586,138,39045
osi_target_t06h,weighted_alignment_plus_tail,0.004400358703342842,0.002628231750290586,138,39045
osi_target_t06h,v1.12,0.0052510238369622006,0.003001322362447482,138,39049
osi_target_t06h,weighted_alignment,0.005397541925702262,0.0030351256013610673,138,39049
osi_target_t06h,weighted_alignment_plus_tail,0.005397541925702262,0.0030351256013610673,138,39049
osi_target_t06h,v1.12,0.003502012011172915,0.001919718196145152,138,39051
osi_target_t06h,weighted_alignment,0.0034567782713860436,0.002001302534706409,138,39051
osi_target_t06h,weighted_alignment_plus_tail,0.0034567782713860436,0.002001302534706409,138,39051
osi_target_t06h,v1.12,0.0027648375952023137,0.0010128840687565652,138,39053
osi_target_t06h,weighted_alignment,0.002780712254255821,0.001065444617509583,138,39053
osi_target_t06h,weighted_alignment_plus_tail,0.002780712254255821,0.001065444617509583,138,39053
osi_target_t06h,v1.12,0.012328740817014565,0.0047952909248107625,138,39055
osi_target_t06h,weighted_alignment,0.012277524284544546,0.004843213871982958,138,39055
osi_target_t06h,weighted_alignment_plus_tail,0.012277524284544546,0.004843213871982958,138,39055
osi_target_t06h,v1.12,0.014751162172269943,0.008383359479066942,138,39059
osi_target_t06h,weighted_alignment,0.014694176255917638,0.008439833223567832,138,39059
osi_target_t06h,weighted_alignment_plus_tail,0.014694176255917638,0.008439833223567832,138,39059
osi_target_t06h,v1.12,0.0013267248313160378,0.0006611209460064243,138,39061
osi_target_t06h,weighted_alignment,0.001474233401063011,0.0007162875540359274,138,39061
osi_target_t06h,weighted_alignment_plus_tail,0.001474233401063011,0.0007162875540359274,138,39061
osi_target_t06h,v1.12,0.0023665654802583922,0.0014661621476013257,138,39063
osi_target_t06h,weighted_alignment,0.0025026362813485507,0.0015323393698114403,138,39063
osi_target_t06h,weighted_alignment_plus_tail,0.0025026362813485507,0.0015323393698114403,138,39063
osi_target_t06h,v1.12,0.002865037491462516,0.00162263118456417,138,39065
osi_target_t06h,weighted_alignment,0.0029212264757287987,0.001687121262739218,138,39065
osi_target_t06h,weighted_alignment_plus_tail,0.0029212264757287987,0.001687121262739218,138,39065
osi_target_t06h,v1.12,0.002548735228970626,0.0011169070124464047,138,39069
osi_target_t06h,weighted_alignment,0.002621663926949,0.0011534332464616884,138,39069
osi_target_t06h,weighted_alignment_plus_tail,0.002621663926949,0.0011534332464616884,138,39069
osi_target_t06h,v1.12,0.00401521334617208,0.002903196168210185,138,39073
osi_target_t06h,weighted_alignment,0.0038168891303602677,0.002746407663571802,138,39073
osi_target_t06h,weighted_alignment_plus_tail,0.0038168891303602677,0.002746407663571802,138,39073
osi_target_t06h,v1.12,0.011709071565160637,0.005897607501660069,138,39075
osi_target_t06h,weighted_alignment,0.014019189329920675,0.007097238327997455,138,39075
osi_target_t06h,weighted_alignment_plus_tail,0.014019189329920675,0.007097238327997455,138,39075
osi_target_t06h,v1.12,0.003970432484284343,0.002745424243047753,138,39077
osi_target_t06h,weighted_alignment,0.0035343101785272235,0.0024585539104105777,138,39077
osi_target_t06h,weighted_alignment_plus_tail,0.0035343101785272235,0.0024585539104105777,138,39077
osi_target_t06h,v1.12,0.01095917994483358,0.005963812074083568,138,39081
osi_target_t06h,weighted_alignment,0.01085873784859965,0.005861712589501327,138,39081
osi_target_t06h,weighted_alignment_plus_tail,0.01085873784859965,0.005861712589501327,138,39081
osi_target_t06h,v1.12,0.002178435264179435,0.0011119048331663921,138,39085
osi_target_t06h,weighted_alignment,0.002198880940455514,0.0011559597224061245,138,39085
osi_target_t06h,weighted_alignment_plus_tail,0.002198880940455514,0.0011559597224061245,138,39085
osi_target_t06h,v1.12,0.0035614423322483076,0.001218470856481925,138,39087
osi_target_t06h,weighted_alignment,0.003501049631472951,0.0011947805572756335,138,39087
osi_target_t06h,weighted_alignment_plus_tail,0.003501049631472951,0.0011947805572756335,138,39087
osi_target_t06h,v1.12,0.025429250819886152,0.011495550404673873,138,39089
osi_target_t06h,weighted_alignment,0.026148650278908357,0.01241291780768575,138,39089
osi_target_t06h,weighted_alignment_plus_tail,0.026148650278908357,0.01241291780768575,138,39089
osi_target_t06h,v1.12,0.012509397934194436,0.009059196628851855,138,39091
osi_target_t06h,weighted_alignment,0.012381993636033518,0.008824430492540357,138,39091
osi_target_t06h,weighted_alignment_plus_tail,0.012381993636033518,0.008824430492540357,138,39091
osi_target_t06h,v1.12,0.0027899532322727388,0.0013839168836347708,138,39093
osi_target_t06h,weighted_alignment,0.0030654187952653253,0.0014663327349130947,138,39093
osi_target_t06h,weighted_alignment_plus_tail,0.0030654187952653253,0.0014663327349130947,138,39093
osi_target_t06h,v1.12,0.0023590192270688073,0.0015087222712337686,138,39095
osi_target_t06h,weighted_alignment,0.002515331196106757,0.0018793834678828072,138,39095
osi_target_t06h,weighted_alignment_plus_tail,0.002515331196106757,0.0018793834678828072,138,39095
osi_target_t06h,v1.12,0.005462396660273507,0.002171289271678824,138,39097
osi_target_t06h,weighted_alignment,0.005541461668464146,0.00220821152303495,138,39097
osi_target_t06h,weighted_alignment_plus_tail,0.005541461668464146,0.00220821152303495,138,39097
osi_target_t06h,v1.12,0.001492070810198963,0.0009859125898904074,138,39099
osi_target_t06h,weighted_alignment,0.001394077913439411,0.0009179183082626783,138,39099
osi_target_t06h,weighted_alignment_plus_tail,0.001394077913439411,0.0009179183082626783,138,39099
osi_target_t06h,v1.12,0.006347801838740503,0.004752224640147731,138,39101
osi_target_t06h,weighted_alignment,0.006409191089811414,0.004793420445887371,138,39101
osi_target_t06h,weighted_alignment_plus_tail,0.006409191089811414,0.004793420445887371,138,39101
osi_target_t06h,v1.12,0.005642342775310231,0.0038210157437886774,138,39103
osi_target_t06h,weighted_alignment,0.005781385047073432,0.003903112416661044,138,39103
osi_target_t06h,weighted_alignment_plus_tail,0.005781385047073432,0.003903112416661044,138,39103
osi_target_t06h,v1.12,0.0037766274487454478,0.002302485889860164,138,39105
osi_target_t06h,weighted_alignment,0.003859992134731539,0.002444191816528861,138,39105
osi_target_t06h,weighted_alignment_plus_tail,0.003859992134731539,0.002444191816528861,138,39105
osi_target_t06h,v1.12,0.02013315262803197,0.009879294557108507,138,39107
osi_target_t06h,weighted_alignment,0.01956078306790235,0.009690239776985729,138,39107
osi_target_t06h,weighted_alignment_plus_tail,0.01956078306790235,0.009690239776985729,138,39107
osi_target_t06h,v1.12,0.0017914118556792758,0.0013566398674570864,138,39109
osi_target_t06h,weighted_alignment,0.0018724891444578317,0.0016254458853125857,138,39109
osi_target_t06h,weighted_alignment_plus_tail,0.0018724891444578317,0.0016254458853125857,138,39109
osi_target_t06h,v1.12,0.02158668754782226,0.011021417451072511,138,39111
osi_target_t06h,weighted_alignment,0.020965289665207706,0.010798091172755441,138,39111
osi_target_t06h,weighted_alignment_plus_tail,0.020965289665207706,0.010798091172755441,138,39111
osi_target_t06h,v1.12,0.0012941212471014416,0.0006241261474552798,138,39113
osi_target_t06h,weighted_alignment,0.0013417844004752757,0.0007037380409563109,138,39113
osi_target_t06h,weighted_alignment_plus_tail,0.0013417844004752757,0.0007037380409563109,138,39113
osi_target_t06h,v1.12,0.03222096347124369,0.006604478717998244,138,39115
osi_target_t06h,weighted_alignment,0.032225786419898095,0.00671442948640652,138,39115
osi_target_t06h,weighted_alignment_plus_tail,0.032225786419898095,0.00671442948640652,138,39115
osi_target_t06h,v1.12,0.02789400540954822,0.01282683373208691,138,39117
osi_target_t06h,weighted_alignment,0.028598272298799573,0.013361832130855258,138,39117
osi_target_t06h,weighted_alignment_plus_tail,0.028598272298799573,0.013361832130855258,138,39117
osi_target_t06h,v1.12,0.02154152332274023,0.014806760446190803,138,39119
osi_target_t06h,weighted_alignment,0.01831984255526183,0.012426101105816146,138,39119
osi_target_t06h,weighted_alignment_plus_tail,0.01831984255526183,0.012426101105816146,138,39119
osi_target_t06h,v1.12,0.008292563569980264,0.004814663875905284,138,39121
osi_target_t06h,weighted_alignment,0.008874942751341808,0.005013849936860557,138,39121
osi_target_t06h,weighted_alignment_plus_tail,0.008874942751341808,0.005013849936860557,138,39121
osi_target_t06h,v1.12,0.00149880193822691,0.0006327864307565038,138,39123
osi_target_t06h,weighted_alignment,0.001568175503264633,0.0006408177025631526,138,39123
osi_target_t06h,weighted_alignment_plus_tail,0.001568175503264633,0.0006408177025631526,138,39123
osi_target_t06h,v1.12,0.020097095560644575,0.010927295778904028,138,39125
osi_target_t06h,weighted_alignment,0.019871358206194845,0.010299026723505467,138,39125
osi_target_t06h,weighted_alignment_plus_tail,0.019871358206194845,0.010299026723505467,138,39125
osi_target_t06h,v1.12,0.010741863924415144,0.006632379645055909,138,39127
osi_target_t06h,weighted_alignment,0.010564641022213116,0.006499918404215751,138,39127
osi_target_t06h,weighted_alignment_plus_tail,0.010564641022213116,0.006499918404215751,138,39127
osi_target_t06h,v1.12,0.0011322901197321144,0.0004904848072060999,138,39129
osi_target_t06h,weighted_alignment,0.0011950461550772132,0.0005290472602390274,138,39129
osi_target_t06h,weighted_alignment_plus_tail,0.0011950461550772132,0.0005290472602390274,138,39129
osi_target_t06h,v1.12,0.005544816803528592,0.0021139682755385116,138,39131
osi_target_t06h,weighted_alignment,0.005521996654804485,0.0021189267871858032,138,39131
osi_target_t06h,weighted_alignment_plus_tail,0.005521996654804485,0.0021189267871858032,138,39131
osi_target_t06h,v1.12,0.005771537448778718,0.0033438377564540185,138,39133
osi_target_t06h,weighted_alignment,0.005780100717222233,0.00332878835702546,138,39133
osi_target_t06h,weighted_alignment_plus_tail,0.005780100717222233,0.00332878835702546,138,39133
osi_target_t06h,v1.12,0.005512938829610663,0.002747983155759644,138,39135
osi_target_t06h,weighted_alignment,0.005571798465216487,0.0027777950831092925,138,39135
osi_target_t06h,weighted_alignment_plus_tail,0.005571798465216487,0.0027777950831092925,138,39135
osi_target_t06h,v1.12,0.010572379105836308,0.004549130895538509,138,39137
osi_target_t06h,weighted_alignment,0.010608560407691356,0.004622135787847799,138,39137
osi_target_t06h,weighted_alignment_plus_tail,0.010608560407691356,0.004622135787847799,138,39137
osi_target_t06h,v1.12,0.013133065256470643,0.009642783102241021,138,39139
osi_target_t06h,weighted_alignment,0.01360978456277034,0.009877926373458117,138,39139
osi_target_t06h,weighted_alignment_plus_tail,0.01360978456277034,0.009877926373458117,138,39139
osi_target_t06h,v1.12,0.0018753509846861892,0.0012395455522848122,138,39141
osi_target_t06h,weighted_alignment,0.0017840350249693179,0.0012138754102914348,138,39141
osi_target_t06h,weighted_alignment_plus_tail,0.0017840350249693179,0.0012138754102914348,138,39141
osi_target_t06h,v1.12,0.0016688499411078677,0.001038127844949719,138,39143
osi_target_t06h,weighted_alignment,0.001569216959204598,0.0009709292427138995,138,39143
osi_target_t06h,weighted_alignment_plus_tail,0.001569216959204598,0.0009709292427138995,138,39143
osi_target_t06h,v1.12,0.0012439093710847541,0.0006679205321989235,138,39145
osi_target_t06h,weighted_alignment,0.0010299372138285292,0.0005626754341250839,138,39145
osi_target_t06h,weighted_alignment_plus_tail,0.0010299372138285292,0.0005626754341250839,138,39145
osi_target_t06h,v1.12,0.0018785170982232352,0.0011346207110808936,138,39147
osi_target_t06h,weighted_alignment,0.0017360685885528754,0.0010746255663227106,138,39147
osi_target_t06h,weighted_alignment_plus_tail,0.0017360685885528754,0.0010746255663227106,138,39147
osi_target_t06h,v1.12,0.013725646079825871,0.008350559973409215,138,39149
osi_target_t06h,weighted_alignment,0.014661315852032036,0.008949378807011214,138,39149
osi_target_t06h,weighted_alignment_plus_tail,0.014661315852032036,0.008949378807011214,138,39149
osi_target_t06h,v1.12,0.0028729773925278246,0.0015027803623713413,138,39151
osi_target_t06h,weighted_alignment,0.0029435392911302603,0.0015345478127265137,138,39151
osi_target_t06h,weighted_alignment_plus_tail,0.0029435392911302603,0.0015345478127265137,138,39151
osi_target_t06h,v1.12,0.0038884101135777194,0.0016339245837377395,138,39153
osi_target_t06h,weighted_alignment,0.003819293074685047,0.0015810618675321352,138,39153
osi_target_t06h,weighted_alignment_plus_tail,0.003819293074685047,0.0015810618675321352,138,39153
osi_target_t06h,v1.12,0.004323050695613969,0.0018972038905513608,138,39155
osi_target_t06h,weighted_alignment,0.004370519350181139,0.001980349561628757,138,39155
osi_target_t06h,weighted_alignment_plus_tail,0.004370519350181139,0.001980349561628757,138,39155
osi_target_t06h,v1.12,0.02393747562689472,0.016827816359828284,138,39157
osi_target_t06h,weighted_alignment,0.0250963578370566,0.01761306388209891,138,39157
osi_target_t06h,weighted_alignment_plus_tail,0.0250963578370566,0.01761306388209891,138,39157
osi_target_t06h,v1.12,0.0061425773125865606,0.0036676573870505734,138,39159
osi_target_t06h,weighted_alignment,0.006535977424865917,0.003573113476178161,138,39159
osi_target_t06h,weighted_alignment_plus_tail,0.006535977424865917,0.003573113476178161,138,39159
osi_target_t06h,v1.12,0.006403070899855127,0.0034137663495305425,138,39161
osi_target_t06h,weighted_alignment,0.006827630489420831,0.0036069078352185626,138,39161
osi_target_t06h,weighted_alignment_plus_tail,0.006827630489420831,0.0036069078352185626,138,39161
osi_target_t06h,v1.12,0.003146869315607893,0.0019544595121471138,138,39163
osi_target_t06h,weighted_alignment,0.00322231887496815,0.002009233334772579,138,39163
osi_target_t06h,weighted_alignment_plus_tail,0.00322231887496815,0.002009233334772579,138,39163
osi_target_t06h,v1.12,0.0009867405025275086,0.0005259459396916404,138,39165
osi_target_t06h,weighted_alignment,0.0010243053622692852,0.0005354776065694689,138,39165
osi_target_t06h,weighted_alignment_plus_tail,0.0010243053622692852,0.0005354776065694689,138,39165
osi_target_t06h,v1.12,0.0029530631542355437,0.0011578447762686144,138,39167
osi_target_t06h,weighted_alignment,0.0030769672795852177,0.001318280962696672,138,39167
osi_target_t06h,weighted_alignment_plus_tail,0.0030769672795852177,0.001318280962696672,138,39167
osi_target_t06h,v1.12,0.010372047110297275,0.005008156774401659,138,39169
osi_target_t06h,weighted_alignment,0.01064663383447186,0.0052514492598292675,138,39169
osi_target_t06h,weighted_alignment_plus_tail,0.01064663383447186,0.0052514492598292675,138,39169
osi_target_t06h,v1.12,0.012430602477101883,0.006842582687146388,138,39171
osi_target_t06h,weighted_alignment,0.013070593203700043,0.00676353058278513,138,39171
osi_target_t06h,weighted_alignment_plus_tail,0.013070593203700043,0.00676353058278513,138,39171
osi_target_t06h,v1.12,0.005453420391375694,0.0038312185055641855,138,39173
osi_target_t06h,weighted_alignment,0.0048216700796962,0.0032799830488983136,138,39173
osi_target_t06h,weighted_alignment_plus_tail,0.0048216700796962,0.0032799830488983136,138,39173
osi_target_t06h,v1.12,0.003042632335574082,0.0018938012333259955,138,39175
osi_target_t06h,weighted_alignment,0.003419783979963158,0.002085633666622768,138,39175
osi_target_t06h,weighted_alignment_plus_tail,0.003419783979963158,0.002085633666622768,138,39175
osi_target_t06h,v1.12,0.01671950819406965,0.009893372231470203,138,42005
osi_target_t06h,weighted_alignment,0.01683918689187073,0.010122613742674293,138,42005
osi_target_t06h,weighted_alignment_plus_tail,0.01683918689187073,0.010122613742674293,138,42005
osi_target_t06h,v1.12,0.007195245388707008,0.004307604256151737,138,42007
osi_target_t06h,weighted_alignment,0.007188088089728671,0.004267249208419041,138,42007
osi_target_t06h,weighted_alignment_plus_tail,0.007188088089728671,0.004267249208419041,138,42007
osi_target_t06h,v1.12,0.007973159500357143,0.0049075272850544055,138,42009
osi_target_t06h,weighted_alignment,0.007885986025675607,0.00478548936443269,138,42009
osi_target_t06h,weighted_alignment_plus_tail,0.007885986025675607,0.00478548936443269,138,42009
osi_target_t06h,v1.12,0.0013661854538268988,0.0008197278826079179,138,42013
osi_target_t06h,weighted_alignment,0.0013745938193255394,0.0008194376716174319,138,42013
osi_target_t06h,weighted_alignment_plus_tail,0.0013745938193255394,0.0008194376716174319,138,42013
osi_target_t06h,v1.12,0.0036853399218833823,0.0022770301239462003,138,42015
osi_target_t06h,weighted_alignment,0.003711514903052225,0.0022888904338811368,138,42015
osi_target_t06h,weighted_alignment_plus_tail,0.003711514903052225,0.0022888904338811368,138,42015
osi_target_t06h,v1.12,0.004559211476014111,0.0031793948121220036,138,42019
osi_target_t06h,weighted_alignment,0.005430409160745834,0.0037802094756273024,138,42019
osi_target_t06h,weighted_alignment_plus_tail,0.005430409160745834,0.0037802094756273024,138,42019
osi_target_t06h,v1.12,0.011395063425321298,0.004223431086301635,138,42021
osi_target_t06h,weighted_alignment,0.010868497418134773,0.004082159925597914,138,42021
osi_target_t06h,weighted_alignment_plus_tail,0.010868497418134773,0.004082159925597914,138,42021
osi_target_t06h,v1.12,0.008898716891400248,0.004378803590654856,138,42023
osi_target_t06h,weighted_alignment,0.008947206119658744,0.004635393356673628,138,42023
osi_target_t06h,weighted_alignment_plus_tail,0.008947206119658744,0.004635393356673628,138,42023
osi_target_t06h,v1.12,0.0012258572444657214,0.0010268605142847158,138,42025
osi_target_t06h,weighted_alignment,0.001574416102954835,0.0014913954835278527,138,42025
osi_target_t06h,weighted_alignment_plus_tail,0.001574416102954835,0.0014913954835278527,138,42025
osi_target_t06h,v1.12,0.0012649858386107986,0.0008766259372411255,138,42027
osi_target_t06h,weighted_alignment,0.0012810498929377184,0.0008707926184178171,138,42027
osi_target_t06h,weighted_alignment_plus_tail,0.0012810498929377184,0.0008707926184178171,138,42027
osi_target_t06h,v1.12,0.01090671347597127,0.005118111905217276,138,42029
osi_target_t06h,weighted_alignment,0.011081569574346029,0.0053239522266168736,138,42029
osi_target_t06h,weighted_alignment_plus_tail,0.011081569574346029,0.0053239522266168736,138,42029
osi_target_t06h,v1.12,0.008170362413703945,0.0055087138365627255,138,42031
osi_target_t06h,weighted_alignment,0.007907990538827188,0.005167167438511422,138,42031
osi_target_t06h,weighted_alignment_plus_tail,0.007907990538827188,0.005167167438511422,138,42031
osi_target_t06h,v1.12,0.004780471187744032,0.0032644538948026183,138,42033
osi_target_t06h,weighted_alignment,0.004541141281466055,0.0030269435242220154,138,42033
osi_target_t06h,weighted_alignment_plus_tail,0.004541141281466055,0.0030269435242220154,138,42033
osi_target_t06h,v1.12,0.005005623601067487,0.0031807266335780646,138,42035
osi_target_t06h,weighted_alignment,0.005153586174117637,0.0035359009125083643,138,42035
osi_target_t06h,weighted_alignment_plus_tail,0.005153586174117637,0.0035359009125083643,138,42035
osi_target_t06h,v1.12,0.01408834258382528,0.007111226525677632,138,42039
osi_target_t06h,weighted_alignment,0.014548028877668361,0.007470823824499851,138,42039
osi_target_t06h,weighted_alignment_plus_tail,0.014548028877668361,0.007470823824499851,138,42039
osi_target_t06h,v1.12,0.002014528918082456,0.0010024841862912388,138,42041
osi_target_t06h,weighted_alignment,0.0016576349465454337,0.0008571195543370945,138,42041
osi_target_t06h,weighted_alignment_plus_tail,0.0016576349465454337,0.0008571195543370945,138,42041
osi_target_t06h,v1.12,0.001626669841696128,0.001207883281213014,138,42043
osi_target_t06h,weighted_alignment,0.0016628485299625385,0.0012704213490860859,138,42043
osi_target_t06h,weighted_alignment_plus_tail,0.0016628485299625385,0.0012704213490860859,138,42043
osi_target_t06h,v1.12,0.0019502604096837016,0.0008517444810442839,138,42045
osi_target_t06h,weighted_alignment,0.002017671507994879,0.0008780427529311629,138,42045
osi_target_t06h,weighted_alignment_plus_tail,0.002017671507994879,0.0008780427529311629,138,42045
osi_target_t06h,v1.12,0.013555693330451639,0.004971257205162106,138,42047
osi_target_t06h,weighted_alignment,0.013581875751801616,0.005193429233469576,138,42047
osi_target_t06h,weighted_alignment_plus_tail,0.013581875751801616,0.005193429233469576,138,42047
osi_target_t06h,v1.12,0.00813875565418752,0.004325640301925213,138,42049
osi_target_t06h,weighted_alignment,0.007639412653736953,0.004091865625188086,138,42049
osi_target_t06h,weighted_alignment_plus_tail,0.007639412653736953,0.004091865625188086,138,42049
osi_target_t06h,v1.12,0.003312596955979606,0.0024306292430873195,138,42051
osi_target_t06h,weighted_alignment,0.003332236700188285,0.002447406370013523,138,42051
osi_target_t06h,weighted_alignment_plus_tail,0.003332236700188285,0.002447406370013523,138,42051
osi_target_t06h,v1.12,0.06946280598652918,0.02391907719382083,138,42053
osi_target_t06h,weighted_alignment,0.06905548544466103,0.02353359655674328,138,42053
osi_target_t06h,weighted_alignment_plus_tail,0.06905548544466103,0.02353359655674328,138,42053
osi_target_t06h,v1.12,0.001185556301485001,0.0008934066571950952,138,42055
osi_target_t06h,weighted_alignment,0.0014975338305913833,0.0014296401064905824,138,42055
osi_target_t06h,weighted_alignment_plus_tail,0.0014975338305913833,0.0014296401064905824,138,42055
osi_target_t06h,v1.12,0.003077619728255101,0.0019157022298489674,138,42057
osi_target_t06h,weighted_alignment,0.003115492369187812,0.001955007234745169,138,42057
osi_target_t06h,weighted_alignment_plus_tail,0.003115492369187812,0.001955007234745169,138,42057
osi_target_t06h,v1.12,0.011560389807888335,0.0057448687080085955,138,42059
osi_target_t06h,weighted_alignment,0.011522695862721711,0.005720182053432049,138,42059
osi_target_t06h,weighted_alignment_plus_tail,0.011522695862721711,0.005720182053432049,138,42059
osi_target_t06h,v1.12,0.001662088482521206,0.0008793167610029099,138,42061
osi_target_t06h,weighted_alignment,0.0017584120704119232,0.0008674630799453316,138,42061
osi_target_t06h,weighted_alignment_plus_tail,0.0017584120704119232,0.0008674630799453316,138,42061
osi_target_t06h,v1.12,0.007281592237956827,0.004419352000615179,138,42063
osi_target_t06h,weighted_alignment,0.007477977343894482,0.004506294430092876,138,42063
osi_target_t06h,weighted_alignment_plus_tail,0.007477977343894482,0.004506294430092876,138,42063
osi_target_t06h,v1.12,0.008462365022428824,0.004012503973160536,138,42065
osi_target_t06h,weighted_alignment,0.008477637289941681,0.004016043025574376,138,42065
osi_target_t06h,weighted_alignment_plus_tail,0.008477637289941681,0.004016043025574376,138,42065
osi_target_t06h,v1.12,0.0022255196680572562,0.0010630493926279973,138,42067
osi_target_t06h,weighted_alignment,0.002242941384319014,0.0010434548396337675,138,42067
osi_target_t06h,weighted_alignment_plus_tail,0.002242941384319014,0.0010434548396337675,138,42067
osi_target_t06h,v1.12,0.0020195667912516367,0.000833460591039563,138,42069
osi_target_t06h,weighted_alignment,0.002165684199968273,0.0008333586816383539,138,42069
osi_target_t06h,weighted_alignment_plus_tail,0.002165684199968273,0.0008333586816383539,138,42069
osi_target_t06h,v1.12,0.006294129025666741,0.0027561044127568414,138,42075
osi_target_t06h,weighted_alignment,0.006431838988442988,0.003294871639208871,138,42075
osi_target_t06h,weighted_alignment_plus_tail,0.006431838988442988,0.003294871639208871,138,42075
osi_target_t06h,v1.12,0.003681308473935402,0.001881031936907274,138,42077
osi_target_t06h,weighted_alignment,0.0036648901003841355,0.0018729204433206754,138,42077
osi_target_t06h,weighted_alignment_plus_tail,0.0036648901003841355,0.0018729204433206754,138,42077
osi_target_t06h,v1.12,0.0014439004998086928,0.0012894337051578436,138,42079
osi_target_t06h,weighted_alignment,0.0017532997626542248,0.001668715073118912,138,42079
osi_target_t06h,weighted_alignment_plus_tail,0.0017532997626542248,0.001668715073118912,138,42079
osi_target_t06h,v1.12,0.002644254517806701,0.0015774683418000566,138,42081
osi_target_t06h,weighted_alignment,0.0026930396176380682,0.0016204791719673164,138,42081
osi_target_t06h,weighted_alignment_plus_tail,0.0026930396176380682,0.0016204791719673164,138,42081
osi_target_t06h,v1.12,0.0044534894063253455,0.0033071769609239812,138,42083
osi_target_t06h,weighted_alignment,0.004749996824838036,0.0035084298397097006,138,42083
osi_target_t06h,weighted_alignment_plus_tail,0.004749996824838036,0.0035084298397097006,138,42083
osi_target_t06h,v1.12,0.004498363904592072,0.0029096607411887242,138,42085
osi_target_t06h,weighted_alignment,0.004489887909128864,0.0027955777106061586,138,42085
osi_target_t06h,weighted_alignment_plus_tail,0.004489887909128864,0.0027955777106061586,138,42085
osi_target_t06h,v1.12,0.005698475836886153,0.0029631814122706387,138,42089
osi_target_t06h,weighted_alignment,0.005821315793296901,0.003199586556654992,138,42089
osi_target_t06h,weighted_alignment_plus_tail,0.005821315793296901,0.003199586556654992,138,42089
osi_target_t06h,v1.12,0.0038570828301986186,0.00193547193728675,138,42091
osi_target_t06h,weighted_alignment,0.004067340020157257,0.002279861974509143,138,42091
osi_target_t06h,weighted_alignment_plus_tail,0.004067340020157257,0.002279861974509143,138,42091
osi_target_t06h,v1.12,0.0036302375282990145,0.0017844022698521853,138,42095
osi_target_t06h,weighted_alignment,0.0036200199305867534,0.001745341723620329,138,42095
osi_target_t06h,weighted_alignment_plus_tail,0.0036200199305867534,0.001745341723620329,138,42095
osi_target_t06h,v1.12,0.0023000681210006077,0.0011139350398511776,138,42097
osi_target_t06h,weighted_alignment,0.0022920340890411795,0.001160791100437994,138,42097
osi_target_t06h,weighted_alignment_plus_tail,0.0022920340890411795,0.001160791100437994,138,42097
osi_target_t06h,v1.12,0.00423839225844176,0.0020912628746855887,138,42101
osi_target_t06h,weighted_alignment,0.004371012324540716,0.0022133448024418603,138,42101
osi_target_t06h,weighted_alignment_plus_tail,0.004371012324540716,0.0022133448024418603,138,42101
osi_target_t06h,v1.12,0.0030101696741214,0.0015628254510530106,138,42103
osi_target_t06h,weighted_alignment,0.0029884360506935996,0.0015114827029315623,138,42103
osi_target_t06h,weighted_alignment_plus_tail,0.0029884360506935996,0.0015114827029315623,138,42103
osi_target_t06h,v1.12,0.006162299327645303,0.0013705713464303329,138,42109
osi_target_t06h,weighted_alignment,0.0061515586385589354,0.0013357178984325965,138,42109
osi_target_t06h,weighted_alignment_plus_tail,0.0061515586385589354,0.0013357178984325965,138,42109
osi_target_t06h,v1.12,0.004902661395587574,0.0034056893736305223,138,42113
osi_target_t06h,weighted_alignment,0.0049011179237770375,0.003361901877710992,138,42113
osi_target_t06h,weighted_alignment_plus_tail,0.0049011179237770375,0.003361901877710992,138,42113
osi_target_t06h,v1.12,0.004269925312315539,0.002037806888355722,138,42115
osi_target_t06h,weighted_alignment,0.004279539004958604,0.002023267445896969,138,42115
osi_target_t06h,weighted_alignment_plus_tail,0.004279539004958604,0.002023267445896969,138,42115
osi_target_t06h,v1.12,0.003227277648050517,0.001454191102988366,138,42119
osi_target_t06h,weighted_alignment,0.0033226590296660374,0.0015146457500898076,138,42119
osi_target_t06h,weighted_alignment_plus_tail,0.0033226590296660374,0.0015146457500898076,138,42119
osi_target_t06h,v1.12,0.013613518788088133,0.0062629862370790984,138,42121
osi_target_t06h,weighted_alignment,0.013912493617792758,0.006365691059094746,138,42121
osi_target_t06h,weighted_alignment_plus_tail,0.013912493617792758,0.006365691059094746,138,42121
osi_target_t06h,v1.12,0.014546304123283295,0.007241392025979512,138,42125
osi_target_t06h,weighted_alignment,0.013575094160647004,0.006938845729330686,138,42125
osi_target_t06h,weighted_alignment_plus_tail,0.013575094160647004,0.006938845729330686,138,42125
osi_target_t06h,v1.12,0.0029332148511914033,0.001430258840729943,138,42127
osi_target_t06h,weighted_alignment,0.003290743172362666,0.001515531501729549,138,42127
osi_target_t06h,weighted_alignment_plus_tail,0.003290743172362666,0.001515531501729549,138,42127
osi_target_t06h,v1.12,0.005947479033030763,0.0031044014053123042,138,42129
osi_target_t06h,weighted_alignment,0.006407575420643204,0.0032916517240192712,138,42129
osi_target_t06h,weighted_alignment_plus_tail,0.006407575420643204,0.0032916517240192712,138,42129
osi_target_t06h,v1.12,0.016046103706243174,0.003678938176558763,138,42131
osi_target_t06h,weighted_alignment,0.0160075175495176,0.0037653871326850355,138,42131
osi_target_t06h,weighted_alignment_plus_tail,0.0160075175495176,0.0037653871326850355,138,42131
osi_target_t06h,v1.12,0.002007537393774915,0.0008529491500250514,138,42133
osi_target_t06h,weighted_alignment,0.0016236889011919829,0.0007213528773256711,138,42133
osi_target_t06h,weighted_alignment_plus_tail,0.0016236889011919829,0.0007213528773256711,138,42133
osi_target_t06h,v1.12,0.023990979429313247,0.012539555624994151,138,54007
osi_target_t06h,weighted_alignment,0.023965921948901892,0.012325890707366286,138,54007
osi_target_t06h,weighted_alignment_plus_tail,0.023965921948901892,0.012325890707366286,138,54007
osi_target_t06h,v1.12,0.022836090077219828,0.011208410041545314,138,54009
osi_target_t06h,weighted_alignment,0.022729062029670583,0.010776151721340489,138,54009
osi_target_t06h,weighted_alignment_plus_tail,0.022729062029670583,0.010776151721340489,138,54009
osi_target_t06h,v1.12,0.043625392808682224,0.02231070075642945,138,54013
osi_target_t06h,weighted_alignment,0.043162995470477236,0.022130192804900764,138,54013
osi_target_t06h,weighted_alignment_plus_tail,0.043162995470477236,0.022130192804900764,138,54013
osi_target_t06h,v1.12,0.05070429896464084,0.02712974199272733,138,54015
osi_target_t06h,weighted_alignment,0.050039784458834245,0.026985014280184464,138,54015
osi_target_t06h,weighted_alignment_plus_tail,0.050039784458834245,0.026985014280184464,138,54015
osi_target_t06h,v1.12,0.005777401751662175,0.003015265764921287,138,54019
osi_target_t06h,weighted_alignment,0.005867183275055465,0.0031187176927816897,138,54019
osi_target_t06h,weighted_alignment_plus_tail,0.005867183275055465,0.0031187176927816897,138,54019
osi_target_t06h,v1.12,0.0015180883812574613,0.0010625321408385753,138,54023
osi_target_t06h,weighted_alignment,0.0013027588979138882,0.0008003465286578134,138,54023
osi_target_t06h,weighted_alignment_plus_tail,0.0013027588979138882,0.0008003465286578134,138,54023
osi_target_t06h,v1.12,0.0016023990926867027,0.000826235569375946,138,54025
osi_target_t06h,weighted_alignment,0.0015210605321217014,0.0007824480931871027,138,54025
osi_target_t06h,weighted_alignment_plus_tail,0.0015210605321217014,0.0007824480931871027,138,54025
osi_target_t06h,v1.12,0.002051812983904706,0.0013285759411851721,138,54027
osi_target_t06h,weighted_alignment,0.002172175267801171,0.001492578597839196,138,54027
osi_target_t06h,weighted_alignment_plus_tail,0.002172175267801171,0.001492578597839196,138,54027
osi_target_t06h,v1.12,0.01187941631045806,0.006211986276623475,138,54029
osi_target_t06h,weighted_alignment,0.011335900616808042,0.006035217509664265,138,54029
osi_target_t06h,weighted_alignment_plus_tail,0.011335900616808042,0.006035217509664265,138,54029
osi_target_t06h,v1.12,0.002001301701974054,0.0012728128363222058,138,54031
osi_target_t06h,weighted_alignment,0.002274474287328402,0.001371437366061558,138,54031
osi_target_t06h,weighted_alignment_plus_tail,0.002274474287328402,0.001371437366061558,138,54031
osi_target_t06h,v1.12,0.0035393089147454215,0.002074895313782249,138,54033
osi_target_t06h,weighted_alignment,0.004185554668110471,0.002464889859312393,138,54033
osi_target_t06h,weighted_alignment_plus_tail,0.004185554668110471,0.002464889859312393,138,54033
osi_target_t06h,v1.12,0.002726177368560515,0.0015568185653430336,138,54035
osi_target_t06h,weighted_alignment,0.002698452070924539,0.0015237600519919555,138,54035
osi_target_t06h,weighted_alignment_plus_tail,0.002698452070924539,0.0015237600519919555,138,54035
osi_target_t06h,v1.12,0.0030171502323729673,0.0018705626525897748,138,54037
osi_target_t06h,weighted_alignment,0.0030692831414040685,0.0020963786562973293,138,54037
osi_target_t06h,weighted_alignment_plus_tail,0.0030692831414040685,0.0020963786562973293,138,54037
osi_target_t06h,v1.12,0.002354427065812774,0.0013713720434305617,138,54039
osi_target_t06h,weighted_alignment,0.0025086460114909117,0.0014722313214115576,138,54039
osi_target_t06h,weighted_alignment_plus_tail,0.0025086460114909117,0.0014722313214115576,138,54039
osi_target_t06h,v1.12,0.014558178926256805,0.0034395345913446037,138,54041
osi_target_t06h,weighted_alignment,0.014590325255307412,0.0033626757617911257,138,54041
osi_target_t06h,weighted_alignment_plus_tail,0.014590325255307412,0.0033626757617911257,138,54041
osi_target_t06h,v1.12,0.008458064439910892,0.003839934823997273,138,54043
osi_target_t06h,weighted_alignment,0.00847564357737748,0.003842023058228222,138,54043
osi_target_t06h,weighted_alignment_plus_tail,0.00847564357737748,0.003842023058228222,138,54043
osi_target_t06h,v1.12,0.009106874115852993,0.0046085107386158635,138,54045
osi_target_t06h,weighted_alignment,0.009432528290493831,0.004945540212321263,138,54045
osi_target_t06h,weighted_alignment_plus_tail,0.009432528290493831,0.004945540212321263,138,54045
osi_target_t06h,v1.12,0.004588421521455952,0.003114056984063524,138,54047
osi_target_t06h,weighted_alignment,0.004942156300120861,0.003490490925744413,138,54047
osi_target_t06h,weighted_alignment_plus_tail,0.004942156300120861,0.003490490925744413,138,54047
osi_target_t06h,v1.12,0.0015994691410288438,0.0013882906376081832,138,54053
osi_target_t06h,weighted_alignment,0.0018058517168992375,0.0016707424229582587,138,54053
osi_target_t06h,weighted_alignment_plus_tail,0.0018058517168992375,0.0016707424229582587,138,54053
osi_target_t06h,v1.12,0.002198845719595702,0.001144939978422879,138,54055
osi_target_t06h,weighted_alignment,0.0022290676037318327,0.0011817619925734476,138,54055
osi_target_t06h,weighted_alignment_plus_tail,0.0022290676037318327,0.0011817619925734476,138,54055
osi_target_t06h,v1.12,0.0016370608660847363,0.0010020049672180308,138,54057
osi_target_t06h,weighted_alignment,0.0015844887288203437,0.0009018723433402037,138,54057
osi_target_t06h,weighted_alignment_plus_tail,0.0015844887288203437,0.0009018723433402037,138,54057
osi_target_t06h,v1.12,0.014400306753445976,0.008517229910042286,138,54059
osi_target_t06h,weighted_alignment,0.014842107372568521,0.008491002275597095,138,54059
osi_target_t06h,weighted_alignment_plus_tail,0.014842107372568521,0.008491002275597095,138,54059
osi_target_t06h,v1.12,0.0018882663832387413,0.001142528411032434,138,54063
osi_target_t06h,weighted_alignment,0.001703002913555969,0.001038518071148547,138,54063
osi_target_t06h,weighted_alignment_plus_tail,0.001703002913555969,0.001038518071148547,138,54063
osi_target_t06h,v1.12,0.0052084981492336105,0.0021742001596310803,138,54067
osi_target_t06h,weighted_alignment,0.005308512447978715,0.002265184468256587,138,54067
osi_target_t06h,weighted_alignment_plus_tail,0.005308512447978715,0.002265184468256587,138,54067
osi_target_t06h,v1.12,0.007087893409457727,0.004645344358069141,138,54069
osi_target_t06h,weighted_alignment,0.006712726296762024,0.0043172397911921305,138,54069
osi_target_t06h,weighted_alignment_plus_tail,0.006712726296762024,0.0043172397911921305,138,54069
osi_target_t06h,v1.12,0.0065408722892574,0.004455505136032184,138,54071
osi_target_t06h,weighted_alignment,0.007092388650704798,0.0048746270321301565,138,54071
osi_target_t06h,weighted_alignment_plus_tail,0.007092388650704798,0.0048746270321301565,138,54071
osi_target_t06h,v1.12,0.005867331368181871,0.0037220160168584234,138,54073
osi_target_t06h,weighted_alignment,0.0056897208039484075,0.0036273210097340315,138,54073
osi_target_t06h,weighted_alignment_plus_tail,0.0056897208039484075,0.0036273210097340315,138,54073
osi_target_t06h,v1.12,0.003025233389298515,0.00196879203565784,138,54075
osi_target_t06h,weighted_alignment,0.002989608280638971,0.0019346452473843543,138,54075
osi_target_t06h,weighted_alignment_plus_tail,0.002989608280638971,0.0019346452473843543,138,54075
osi_target_t06h,v1.12,0.004246525083617795,0.0019164271644722232,138,54077
osi_target_t06h,weighted_alignment,0.004188283323922871,0.0017575425344724574,138,54077
osi_target_t06h,weighted_alignment_plus_tail,0.004188283323922871,0.0017575425344724574,138,54077
osi_target_t06h,v1.12,0.0011680734401350252,0.0006678496582121398,138,54079
osi_target_t06h,weighted_alignment,0.0011774326129638866,0.0006691807681409247,138,54079
osi_target_t06h,weighted_alignment_plus_tail,0.0011774326129638866,0.0006691807681409247,138,54079
osi_target_t06h,v1.12,0.0013786655123845784,0.001046932356921305,138,54081
osi_target_t06h,weighted_alignment,0.0014789286797373962,0.0013079541627618652,138,54081
osi_target_t06h,weighted_alignment_plus_tail,0.0014789286797373962,0.0013079541627618652,138,54081
osi_target_t06h,v1.12,0.00759046274853679,0.005376429141847926,138,54083
osi_target_t06h,weighted_alignment,0.0074333501647003124,0.005186985699994033,138,54083
osi_target_t06h,weighted_alignment_plus_tail,0.0074333501647003124,0.005186985699994033,138,54083
osi_target_t06h,v1.12,0.011057320247453895,0.006099221766564051,138,54085
osi_target_t06h,weighted_alignment,0.01192641290129601,0.006829407824306426,138,54085
osi_target_t06h,weighted_alignment_plus_tail,0.01192641290129601,0.006829407824306426,138,54085
osi_target_t06h,v1.12,0.009429860933295038,0.004257416516003561,138,54087
osi_target_t06h,weighted_alignment,0.009633514885794425,0.004467138845985642,138,54087
osi_target_t06h,weighted_alignment_plus_tail,0.009633514885794425,0.004467138845985642,138,54087
osi_target_t06h,v1.12,0.0020130838658156455,0.0018645411912727656,138,54089
osi_target_t06h,weighted_alignment,0.0020530372957573138,0.0019659329289160145,138,54089
osi_target_t06h,weighted_alignment_plus_tail,0.0020530372957573138,0.0019659329289160145,138,54089
osi_target_t06h,v1.12,0.006684307210944149,0.004375653977080919,138,54091
osi_target_t06h,weighted_alignment,0.0060696833657027365,0.003871855734781476,138,54091
osi_target_t06h,weighted_alignment_plus_tail,0.0060696833657027365,0.003871855734781476,138,54091
osi_target_t06h,v1.12,0.005124848991931677,0.0037478868881550237,138,54093
osi_target_t06h,weighted_alignment,0.005188726649113757,0.003783330974849619,138,54093
osi_target_t06h,weighted_alignment_plus_tail,0.005188726649113757,0.003783330974849619,138,54093
osi_target_t06h,v1.12,0.011636972205223795,0.004937808062657471,138,54095
osi_target_t06h,weighted_alignment,0.012250904069700624,0.005210747779750523,138,54095
osi_target_t06h,weighted_alignment_plus_tail,0.012250904069700624,0.005210747779750523,138,54095
osi_target_t06h,v1.12,0.0019609499685806007,0.0011145860142437603,138,54097
osi_target_t06h,weighted_alignment,0.002192324057562702,0.00117588644820794,138,54097
osi_target_t06h,weighted_alignment_plus_tail,0.002192324057562702,0.00117588644820794,138,54097
osi_target_t06h,v1.12,0.007407758185675696,0.005805382148044982,138,54099
osi_target_t06h,weighted_alignment,0.006775893505991953,0.005032302306259008,138,54099
osi_target_t06h,weighted_alignment_plus_tail,0.006775893505991953,0.005032302306259008,138,54099
osi_target_t06h,v1.12,0.005287962989905673,0.0036553548749300264,138,54101
osi_target_t06h,weighted_alignment,0.005306625997214113,0.0037925503565841463,138,54101
osi_target_t06h,weighted_alignment_plus_tail,0.005306625997214113,0.0037925503565841463,138,54101
osi_target_t06h,v1.12,0.00925735929393897,0.0067834756421713055,138,54103
osi_target_t06h,weighted_alignment,0.008285300509618265,0.0061611899248698865,138,54103
osi_target_t06h,weighted_alignment_plus_tail,0.008285300509618265,0.0061611899248698865,138,54103
osi_target_t06h,v1.12,0.0064670966376157895,0.0031247540763441567,138,54105
osi_target_t06h,weighted_alignment,0.006580318579744943,0.0031601381576330557,138,54105
osi_target_t06h,weighted_alignment_plus_tail,0.006580318579744943,0.0031601381576330557,138,54105
osi_target_t06h,v1.12,0.0013087856255489417,0.0008107466016362963,138,54107
osi_target_t06h,weighted_alignment,0.0013790930827456682,0.0008946808401807522,138,54107
osi_target_t06h,weighted_alignment_plus_tail,0.0013790930827456682,0.0008946808401807522,138,54107
osi_target_t06h,v1.12,0.008531066191075848,0.005886893971640269,138,54109
osi_target_t06h,weighted_alignment,0.00723765346789672,0.005411980496023444,138,54109
osi_target_t06h,weighted_alignment_plus_tail,0.00723765346789672,0.005411980496023444,138,54109
osi_target_t24h,v1.12,0.002353608262439342,0.0013860089970777942,120,18009
osi_target_t24h,weighted_alignment,0.0030187031650698638,0.0017027530077128622,120,18009
osi_target_t24h,weighted_alignment_plus_tail,0.002353608262439342,0.0013860089970777942,120,18009
osi_target_t24h,v1.12,0.03242683168859347,0.014755866671806674,120,18013
osi_target_t24h,weighted_alignment,0.032845517339076175,0.015913350862711555,120,18013
osi_target_t24h,weighted_alignment_plus_tail,0.03242683168859347,0.014755866671806674,120,18013
osi_target_t24h,v1.12,0.001263181751950949,0.0005803381212467931,120,18023
osi_target_t24h,weighted_alignment,0.0016396249434499066,0.0008443223329092775,120,18023
osi_target_t24h,weighted_alignment_plus_tail,0.001263181751950949,0.0005803381212467931,120,18023
osi_target_t24h,v1.12,0.013503400788462322,0.002761273696524238,120,18025
osi_target_t24h,weighted_alignment,0.013133402182894195,0.0025846138039356775,120,18025
osi_target_t24h,weighted_alignment_plus_tail,0.013503400788462322,0.002761273696524238,120,18025
osi_target_t24h,v1.12,0.0036374049270948305,0.001452149455235708,120,18027
osi_target_t24h,weighted_alignment,0.003416175885787644,0.0014808738639260682,120,18027
osi_target_t24h,weighted_alignment_plus_tail,0.0036374049270948305,0.001452149455235708,120,18027
osi_target_t24h,v1.12,0.001688052088721397,0.000620129319992128,120,18029
osi_target_t24h,weighted_alignment,0.0021876028673848682,0.0017567357264466552,120,18029
osi_target_t24h,weighted_alignment_plus_tail,0.001688052088721397,0.000620129319992128,120,18029
osi_target_t24h,v1.12,0.0036031102256720775,0.0013287608404420259,120,18033
osi_target_t24h,weighted_alignment,0.003566777496253218,0.0017737631900613918,120,18033
osi_target_t24h,weighted_alignment_plus_tail,0.0036031102256720775,0.0013287608404420259,120,18033
osi_target_t24h,v1.12,0.001990791264310525,0.0007406643583554649,120,18035
osi_target_t24h,weighted_alignment,0.002316899334120105,0.0016346813853678496,120,18035
osi_target_t24h,weighted_alignment_plus_tail,0.001990791264310525,0.0007406643583554649,120,18035
osi_target_t24h,v1.12,0.0026467893041546282,0.0012131521050963072,120,18037
osi_target_t24h,weighted_alignment,0.002934597610723153,0.0013915747988935726,120,18037
osi_target_t24h,weighted_alignment_plus_tail,0.0026467893041546282,0.0012131521050963072,120,18037
osi_target_t24h,v1.12,0.0015399027137713698,0.0008478635559563586,120,18039
osi_target_t24h,weighted_alignment,0.0018034949578760915,0.001227262003914452,120,18039
osi_target_t24h,weighted_alignment_plus_tail,0.0015399027137713698,0.0008478635559563586,120,18039
osi_target_t24h,v1.12,0.005928093357614986,0.0023284461574646646,120,18041
osi_target_t24h,weighted_alignment,0.005714569336213212,0.0023644177972957084,120,18041
osi_target_t24h,weighted_alignment_plus_tail,0.005928093357614986,0.0023284461574646646,120,18041
osi_target_t24h,v1.12,0.0023386357023633493,0.001063721610020556,120,18043
osi_target_t24h,weighted_alignment,0.002496111049056084,0.0011363859526392615,120,18043
osi_target_t24h,weighted_alignment_plus_tail,0.0023386357023633493,0.001063721610020556,120,18043
osi_target_t24h,v1.12,0.0024998501838807714,0.0010063995112982753,120,18045
osi_target_t24h,weighted_alignment,0.0024477774191330797,0.0011153922070635252,120,18045
osi_target_t24h,weighted_alignment_plus_tail,0.0024998501838807714,0.0010063995112982753,120,18045
osi_target_t24h,v1.12,0.003382206038767147,0.0014602691639959743,120,18047
osi_target_t24h,weighted_alignment,0.0033108607020310658,0.0013724608580450899,120,18047
osi_target_t24h,weighted_alignment_plus_tail,0.003382206038767147,0.0014602691639959743,120,18047
osi_target_t24h,v1.12,0.0014684496017504482,0.0005027196405277078,120,18051
osi_target_t24h,weighted_alignment,0.0021220710332731894,0.0016830778145114872,120,18051
osi_target_t24h,weighted_alignment_plus_tail,0.0014684496017504482,0.0005027196405277078,120,18051
osi_target_t24h,v1.12,0.001198116377387095,0.00037734131029683294,120,18059
osi_target_t24h,weighted_alignment,0.0013470700777733439,0.0005067145001718906,120,18059
osi_target_t24h,weighted_alignment_plus_tail,0.001198116377387095,0.00037734131029683294,120,18059
osi_target_t24h,v1.12,0.0043804269229276134,0.0017991146724487689,120,18061
osi_target_t24h,weighted_alignment,0.004360860191160922,0.0019203179500782786,120,18061
osi_target_t24h,weighted_alignment_plus_tail,0.0043804269229276134,0.0017991146724487689,120,18061
osi_target_t24h,v1.12,0.0024817027934637653,0.0008433326987751892,120,18065
osi_target_t24h,weighted_alignment,0.0023134832384705006,0.0007929969439031501,120,18065
osi_target_t24h,weighted_alignment_plus_tail,0.0024817027934637653,0.0008433326987751892,120,18065
osi_target_t24h,v1.12,0.0019573236776787833,0.0005509409820968978,120,18067
osi_target_t24h,weighted_alignment,0.0018738194861439722,0.0005336023417994723,120,18067
osi_target_t24h,weighted_alignment_plus_tail,0.0019573236776787833,0.0005509409820968978,120,18067
osi_target_t24h,v1.12,0.0008526373806754464,0.00037056123958924974,120,18069
osi_target_t24h,weighted_alignment,0.0010329263511043754,0.00042705354897284027,120,18069
osi_target_t24h,weighted_alignment_plus_tail,0.0008526373806754464,0.00037056123958924974,120,18069
osi_target_t24h,v1.12,0.006404613750936566,0.0027981669482870556,120,18071
osi_target_t24h,weighted_alignment,0.004936168644754617,0.0021804987525223885,120,18071
osi_target_t24h,weighted_alignment_plus_tail,0.006404613750936566,0.0027981669482870556,120,18071
osi_target_t24h,v1.12,0.004313025687076095,0.002485410829964021,120,18073
osi_target_t24h,weighted_alignment,0.0044067807172272115,0.002616516152159328,120,18073
osi_target_t24h,weighted_alignment_plus_tail,0.004313025687076095,0.002485410829964021,120,18073
osi_target_t24h,v1.12,0.005329801068162962,0.0018055585063364878,120,18077
osi_target_t24h,weighted_alignment,0.005388525082741376,0.0017710029306462899,120,18077
osi_target_t24h,weighted_alignment_plus_tail,0.005329801068162962,0.0018055585063364878,120,18077
osi_target_t24h,v1.12,0.0034193381669326826,0.0017747783304512164,120,18083
osi_target_t24h,weighted_alignment,0.0037016626816089282,0.0019245027040299082,120,18083
osi_target_t24h,weighted_alignment_plus_tail,0.0034193381669326826,0.0017747783304512164,120,18083
osi_target_t24h,v1.12,0.0014220220176209724,0.000910691309546507,120,18085
osi_target_t24h,weighted_alignment,0.0038962698592506714,0.003180687361578236,120,18085
osi_target_t24h,weighted_alignment_plus_tail,0.0014220220176209724,0.000910691309546507,120,18085
osi_target_t24h,v1.12,0.002805232306482898,0.0021218163779627005,120,18087
osi_target_t24h,weighted_alignment,0.0019534957174001137,0.0017061160467084426,120,18087
osi_target_t24h,weighted_alignment_plus_tail,0.002805232306482898,0.0021218163779627005,120,18087
osi_target_t24h,v1.12,0.0015663761600079387,0.0009034789781856536,120,18089
osi_target_t24h,weighted_alignment,0.0019708162650475163,0.0013786869010487131,120,18089
osi_target_t24h,weighted_alignment_plus_tail,0.0015663761600079387,0.0009034789781856536,120,18089
osi_target_t24h,v1.12,0.0015272712746366383,0.0007684557109306483,120,18091
osi_target_t24h,weighted_alignment,0.0014586117756896669,0.0007587014778844341,120,18091
osi_target_t24h,weighted_alignment_plus_tail,0.0015272712746366383,0.0007684557109306483,120,18091
osi_target_t24h,v1.12,0.009344857334033695,0.003214092408253409,120,18093
osi_target_t24h,weighted_alignment,0.009620365353645917,0.004180994022410239,120,18093
osi_target_t24h,weighted_alignment_plus_tail,0.009344857334033695,0.003214092408253409,120,18093
osi_target_t24h,v1.12,0.0015003388464026857,0.0005554687026095739,120,18095
osi_target_t24h,weighted_alignment,0.0015294194662807642,0.0006170467631478389,120,18095
osi_target_t24h,weighted_alignment_plus_tail,0.0015003388464026857,0.0005554687026095739,120,18095
osi_target_t24h,v1.12,0.0007567865685004869,0.00032756941813681727,120,18097
osi_target_t24h,weighted_alignment,0.001550035228093122,0.0015075641745786544,120,18097
osi_target_t24h,weighted_alignment_plus_tail,0.0007567865685004869,0.00032756941813681727,120,18097
osi_target_t24h,v1.12,0.009552560563225393,0.0030472964780636678,120,18099
osi_target_t24h,weighted_alignment,0.009595771953558865,0.0031775300716239663,120,18099
osi_target_t24h,weighted_alignment_plus_tail,0.009552560563225393,0.0030472964780636678,120,18099
osi_target_t24h,v1.12,0.003977904865682319,0.0018538084773500687,120,18101
osi_target_t24h,weighted_alignment,0.0038791261796421147,0.0016818378315382478,120,18101
osi_target_t24h,weighted_alignment_plus_tail,0.003977904865682319,0.0018538084773500687,120,18101
osi_target_t24h,v1.12,0.0014518449782654462,0.0006041125299608613,120,18103
osi_target_t24h,weighted_alignment,0.0027701643348712075,0.0012179988170457421,120,18103
osi_target_t24h,weighted_alignment_plus_tail,0.0014518449782654462,0.0006041125299608613,120,18103
osi_target_t24h,v1.12,0.0028922373706763674,0.0010925801337275836,120,18105
osi_target_t24h,weighted_alignment,0.002908439211404652,0.0010798044756809553,120,18105
osi_target_t24h,weighted_alignment_plus_tail,0.0028922373706763674,0.0010925801337275836,120,18105
osi_target_t24h,v1.12,0.0012961011753553522,0.0007112955007824406,120,18107
osi_target_t24h,weighted_alignment,0.0015886548647550108,0.0015195921171770638,120,18107
osi_target_t24h,weighted_alignment_plus_tail,0.0012961011753553522,0.0007112955007824406,120,18107
osi_target_t24h,v1.12,0.0034894055419791435,0.0017032017796362296,120,18109
osi_target_t24h,weighted_alignment,0.003471613614497177,0.0015182843712998964,120,18109
osi_target_t24h,weighted_alignment_plus_tail,0.0034894055419791435,0.0017032017796362296,120,18109
osi_target_t24h,v1.12,0.0036895591638023586,0.0025480672422936524,120,18111
osi_target_t24h,weighted_alignment,0.004628406913710458,0.002993972292057832,120,18111
osi_target_t24h,weighted_alignment_plus_tail,0.0036895591638023586,0.0025480672422936524,120,18111
osi_target_t24h,v1.12,0.0009824428153672328,0.0005466429017040825,120,18113
osi_target_t24h,weighted_alignment,0.0015958649899892059,0.0014689799014243666,120,18113
osi_target_t24h,weighted_alignment_plus_tail,0.0009824428153672328,0.0005466429017040825,120,18113
osi_target_t24h,v1.12,0.014699568309781212,0.004635949707900344,120,18117
osi_target_t24h,weighted_alignment,0.01442619539644275,0.004375074521688462,120,18117
osi_target_t24h,weighted_alignment_plus_tail,0.014699568309781212,0.004635949707900344,120,18117
osi_target_t24h,v1.12,0.027186437451490332,0.009486191545502983,120,18121
osi_target_t24h,weighted_alignment,0.027686503761111307,0.01063979369306735,120,18121
osi_target_t24h,weighted_alignment_plus_tail,0.027186437451490332,0.009486191545502983,120,18121
osi_target_t24h,v1.12,0.0024125033259916576,0.0012950889713377923,120,18123
osi_target_t24h,weighted_alignment,0.0034920023225327845,0.001741678109432545,120,18123
osi_target_t24h,weighted_alignment_plus_tail,0.0024125033259916576,0.0012950889713377923,120,18123
osi_target_t24h,v1.12,0.003282080084651905,0.0013382808911369785,120,18125
osi_target_t24h,weighted_alignment,0.003041520007721414,0.0011596807379341484,120,18125
osi_target_t24h,weighted_alignment_plus_tail,0.003282080084651905,0.0013382808911369785,120,18125
osi_target_t24h,v1.12,0.0019660254547924547,0.001246773678723306,120,18127
osi_target_t24h,weighted_alignment,0.002790730678209359,0.0018839508372330658,120,18127
osi_target_t24h,weighted_alignment_plus_tail,0.0019660254547924547,0.001246773678723306,120,18127
osi_target_t24h,v1.12,0.0013962918735360636,0.0007136058256750129,120,18129
osi_target_t24h,weighted_alignment,0.0012980300854487778,0.0008047289943808466,120,18129
osi_target_t24h,weighted_alignment_plus_tail,0.0013962918735360636,0.0007136058256750129,120,18129
osi_target_t24h,v1.12,0.019645766540244504,0.005170221145769618,120,18131
osi_target_t24h,weighted_alignment,0.01930813141068802,0.0051799656611490885,120,18131
osi_target_t24h,weighted_alignment_plus_tail,0.019645766540244504,0.005170221145769618,120,18131
osi_target_t24h,v1.12,0.0011332384905685625,0.000500387498565236,120,18133
osi_target_t24h,weighted_alignment,0.0012901590333113323,0.0005465872204131787,120,18133
osi_target_t24h,weighted_alignment_plus_tail,0.0011332384905685625,0.000500387498565236,120,18133
osi_target_t24h,v1.12,0.0017334007108998671,0.0009900499836049965,120,18135
osi_target_t24h,weighted_alignment,0.002150933025782618,0.001224570689692958,120,18135
osi_target_t24h,weighted_alignment_plus_tail,0.0017334007108998671,0.0009900499836049965,120,18135
osi_target_t24h,v1.12,0.0038407036370845574,0.001448885072842847,120,18137
osi_target_t24h,weighted_alignment,0.004140441579976747,0.001551428156992367,120,18137
osi_target_t24h,weighted_alignment_plus_tail,0.0038407036370845574,0.001448885072842847,120,18137
osi_target_t24h,v1.12,0.00323411667272544,0.0010276404434183357,120,18139
osi_target_t24h,weighted_alignment,0.003067865995905024,0.0009658506881905387,120,18139
osi_target_t24h,weighted_alignment_plus_tail,0.00323411667272544,0.0010276404434183357,120,18139
osi_target_t24h,v1.12,0.001441077939553492,0.0008356331248023743,120,18141
osi_target_t24h,weighted_alignment,0.0015146431550014676,0.0010052436583782875,120,18141
osi_target_t24h,weighted_alignment_plus_tail,0.001441077939553492,0.0008356331248023743,120,18141
osi_target_t24h,v1.12,0.0044159711555173025,0.0021424701462898405,120,18143
osi_target_t24h,weighted_alignment,0.004500449107974475,0.0021416983100062707,120,18143
osi_target_t24h,weighted_alignment_plus_tail,0.0044159711555173025,0.0021424701462898405,120,18143
osi_target_t24h,v1.12,0.0014231810258699996,0.0005458933663394748,120,18145
osi_target_t24h,weighted_alignment,0.0013318045182686782,0.0004698030326517624,120,18145
osi_target_t24h,weighted_alignment_plus_tail,0.0014231810258699996,0.0005458933663394748,120,18145
osi_target_t24h,v1.12,0.001457002100407611,0.0006007961368538063,120,18147
osi_target_t24h,weighted_alignment,0.0018559401544410792,0.0008083779461098376,120,18147
osi_target_t24h,weighted_alignment_plus_tail,0.001457002100407611,0.0006007961368538063,120,18147
osi_target_t24h,v1.12,0.003046456266626271,0.0019179180741397109,120,18149
osi_target_t24h,weighted_alignment,0.003665554235330322,0.0023486513506350633,120,18149
osi_target_t24h,weighted_alignment_plus_tail,0.003046456266626271,0.0019179180741397109,120,18149
osi_target_t24h,v1.12,0.01168760940710926,0.008572373373602381,120,18151
osi_target_t24h,weighted_alignment,0.010990288419337888,0.00767252549151455,120,18151
osi_target_t24h,weighted_alignment_plus_tail,0.01168760940710926,0.008572373373602381,120,18151
osi_target_t24h,v1.12,0.002040431820026826,0.0009331076678119109,120,18153
osi_target_t24h,weighted_alignment,0.0020030072256373,0.0009237004134406059,120,18153
osi_target_t24h,weighted_alignment_plus_tail,0.002040431820026826,0.0009331076678119109,120,18153
osi_target_t24h,v1.12,0.002375157672671219,0.0008001864048755284,120,18155
osi_target_t24h,weighted_alignment,0.003276782144230367,0.0012538597508895987,120,18155
osi_target_t24h,weighted_alignment_plus_tail,0.002375157672671219,0.0008001864048755284,120,18155
osi_target_t24h,v1.12,0.0010168517605905355,0.0004666222841416068,120,18157
osi_target_t24h,weighted_alignment,0.001715592385083717,0.0016283836024280887,120,18157
osi_target_t24h,weighted_alignment_plus_tail,0.0010168517605905355,0.0004666222841416068,120,18157
osi_target_t24h,v1.12,0.004127509460089772,0.0013208817066148453,120,18159
osi_target_t24h,weighted_alignment,0.0047440670618579955,0.0023052876096916228,120,18159
osi_target_t24h,weighted_alignment_plus_tail,0.004127509460089772,0.0013208817066148453,120,18159
osi_target_t24h,v1.12,0.002131262183633563,0.0009895831388761875,120,18161
osi_target_t24h,weighted_alignment,0.003290640099735075,0.0019708100389535053,120,18161
osi_target_t24h,weighted_alignment_plus_tail,0.002131262183633563,0.0009895831388761875,120,18161
osi_target_t24h,v1.12,0.0005758808850221324,0.00021913628597003808,120,18163
osi_target_t24h,weighted_alignment,0.0006942347457098594,0.0003283240942960331,120,18163
osi_target_t24h,weighted_alignment_plus_tail,0.0005758808850221324,0.00021913628597003808,120,18163
osi_target_t24h,v1.12,0.014712709374086055,0.003868607962858632,120,18165
osi_target_t24h,weighted_alignment,0.01507451416977395,0.004027351698836983,120,18165
osi_target_t24h,weighted_alignment_plus_tail,0.014712709374086055,0.003868607962858632,120,18165
osi_target_t24h,v1.12,0.0016807356788868673,0.0006953708910010322,120,18167
osi_target_t24h,weighted_alignment,0.0016896860520305757,0.0007855856331152234,120,18167
osi_target_t24h,weighted_alignment_plus_tail,0.0016807356788868673,0.0006953708910010322,120,18167
osi_target_t24h,v1.12,0.0014827531130727643,0.000537514741848049,120,18169
osi_target_t24h,weighted_alignment,0.0017198547152701747,0.0007403066383095027,120,18169
osi_target_t24h,weighted_alignment_plus_tail,0.0014827531130727643,0.000537514741848049,120,18169
osi_target_t24h,v1.12,0.004512436155652538,0.0018443012751460275,120,18171
osi_target_t24h,weighted_alignment,0.00485751260708791,0.0026256418171837644,120,18171
osi_target_t24h,weighted_alignment_plus_tail,0.004512436155652538,0.0018443012751460275,120,18171
osi_target_t24h,v1.12,0.0016475873962374932,0.0007513664119986506,120,18173
osi_target_t24h,weighted_alignment,0.0015910670024905475,0.0007911882767104559,120,18173
osi_target_t24h,weighted_alignment_plus_tail,0.0016475873962374932,0.0007513664119986506,120,18173
osi_target_t24h,v1.12,0.004593339486998584,0.0019040329063527918,120,18175
osi_target_t24h,weighted_alignment,0.0042462817437028365,0.0015937541760618137,120,18175
osi_target_t24h,weighted_alignment_plus_tail,0.004593339486998584,0.0019040329063527918,120,18175
osi_target_t24h,v1.12,0.0016429079325318856,0.0008766969454819149,120,18177
osi_target_t24h,weighted_alignment,0.0018444427719333306,0.0016711828149356582,120,18177
osi_target_t24h,weighted_alignment_plus_tail,0.0016429079325318856,0.0008766969454819149,120,18177
osi_target_t24h,v1.12,0.004944395665274879,0.001481177716875757,120,18179
osi_target_t24h,weighted_alignment,0.004976114925174451,0.0014552307542916186,120,18179
osi_target_t24h,weighted_alignment_plus_tail,0.004944395665274879,0.001481177716875757,120,18179
osi_target_t24h,v1.12,0.001821061535325833,0.0007644629660840763,120,18181
osi_target_t24h,weighted_alignment,0.0019086590731766892,0.0007037001321250282,120,18181
osi_target_t24h,weighted_alignment_plus_tail,0.001821061535325833,0.0007644629660840763,120,18181
osi_target_t24h,v1.12,0.0031131596375259377,0.0008069656447503716,120,18183
osi_target_t24h,weighted_alignment,0.0033021462748361943,0.001980479427534321,120,18183
osi_target_t24h,weighted_alignment_plus_tail,0.0031131596375259377,0.0008069656447503716,120,18183
osi_target_t24h,v1.12,0.0007866527080549752,0.0003111018906882013,120,39017
osi_target_t24h,weighted_alignment,0.0015827871829354847,0.0014789263174397164,120,39017
osi_target_t24h,weighted_alignment_plus_tail,0.0007866527080549752,0.0003111018906882013,120,39017
osi_target_t24h,v1.12,0.000969904483906558,0.0006712577875169073,120,39023
osi_target_t24h,weighted_alignment,0.001260870973040055,0.0011197911841021003,120,39023
osi_target_t24h,weighted_alignment_plus_tail,0.000969904483906558,0.0006712577875169073,120,39023
osi_target_t24h,v1.12,0.0018142627252951116,0.0007097305399032722,120,39025
osi_target_t24h,weighted_alignment,0.0022789720807373346,0.0016816852823288207,120,39025
osi_target_t24h,weighted_alignment_plus_tail,0.0018142627252951116,0.0007097305399032722,120,39025
osi_target_t24h,v1.12,0.0012823006122481412,0.0005794334870776387,120,39027
osi_target_t24h,weighted_alignment,0.0011706049659849533,0.0005380320478948258,120,39027
osi_target_t24h,weighted_alignment_plus_tail,0.0012823006122481412,0.0005794334870776387,120,39027
osi_target_t24h,v1.12,0.0034284501605387828,0.001983877005776643,120,39029
osi_target_t24h,weighted_alignment,0.0034009185242172796,0.0020132463565336305,120,39029
osi_target_t24h,weighted_alignment_plus_tail,0.0034284501605387828,0.001983877005776643,120,39029
osi_target_t24h,v1.12,0.011450339704887819,0.006875998534079448,120,39031
osi_target_t24h,weighted_alignment,0.009681043903767091,0.0063103709412886105,120,39031
osi_target_t24h,weighted_alignment_plus_tail,0.011450339704887819,0.006875998534079448,120,39031
osi_target_t24h,v1.12,0.0023540173479370346,0.001309162713071998,120,39033
osi_target_t24h,weighted_alignment,0.002486774175051089,0.0016756489620769653,120,39033
osi_target_t24h,weighted_alignment_plus_tail,0.0023540173479370346,0.001309162713071998,120,39033
osi_target_t24h,v1.12,0.006120153240558258,0.0038050695872490926,120,39035
osi_target_t24h,weighted_alignment,0.006152405787281567,0.003950767435819641,120,39035
osi_target_t24h,weighted_alignment_plus_tail,0.006120153240558258,0.0038050695872490926,120,39035
osi_target_t24h,v1.12,0.0012350764631969603,0.0005920690359854357,120,39037
osi_target_t24h,weighted_alignment,0.0012714545894293799,0.0005986233775082307,120,39037
osi_target_t24h,weighted_alignment_plus_tail,0.0012350764631969603,0.0005920690359854357,120,39037
osi_target_t24h,v1.12,0.004913980289912956,0.0022903047074182403,120,39039
osi_target_t24h,weighted_alignment,0.004759228392475294,0.002802422481468304,120,39039
osi_target_t24h,weighted_alignment_plus_tail,0.004913980289912956,0.0022903047074182403,120,39039
osi_target_t24h,v1.12,0.0027041738112550803,0.0015809238483662392,120,39045
osi_target_t24h,weighted_alignment,0.0026090144713610776,0.0015782483014579508,120,39045
osi_target_t24h,weighted_alignment_plus_tail,0.0027041738112550803,0.0015809238483662392,120,39045
osi_target_t24h,v1.12,0.0015742583953072102,0.0009883403268300464,120,39049
osi_target_t24h,weighted_alignment,0.0019262572885611635,0.0017030008044495398,120,39049
osi_target_t24h,weighted_alignment_plus_tail,0.0015742583953072102,0.0009883403268300464,120,39049
osi_target_t24h,v1.12,0.0020606721417666934,0.0011122148039824818,120,39051
osi_target_t24h,weighted_alignment,0.002164974614574302,0.0011813736853011686,120,39051
osi_target_t24h,weighted_alignment_plus_tail,0.0020606721417666934,0.0011122148039824818,120,39051
osi_target_t24h,v1.12,0.0030556848898034275,0.0012155895917255557,120,39053
osi_target_t24h,weighted_alignment,0.002981981679540262,0.0012252613101360204,120,39053
osi_target_t24h,weighted_alignment_plus_tail,0.0030556848898034275,0.0012155895917255557,120,39053
osi_target_t24h,v1.12,0.0037041475976479395,0.0022708617399892863,120,39055
osi_target_t24h,weighted_alignment,0.00344888111623971,0.001961380372554846,120,39055
osi_target_t24h,weighted_alignment_plus_tail,0.0037041475976479395,0.0022708617399892863,120,39055
osi_target_t24h,v1.12,0.012702342842446677,0.006440149976912818,120,39059
osi_target_t24h,weighted_alignment,0.01284894970786501,0.006698221934131677,120,39059
osi_target_t24h,weighted_alignment_plus_tail,0.012702342842446677,0.006440149976912818,120,39059
osi_target_t24h,v1.12,0.0017630606489031375,0.0008456805049386095,120,39061
osi_target_t24h,weighted_alignment,0.0015750614786363885,0.0008047560493667002,120,39061
osi_target_t24h,weighted_alignment_plus_tail,0.0017630606489031375,0.0008456805049386095,120,39061
osi_target_t24h,v1.12,0.0016961575850080184,0.0008038301874786652,120,39063
osi_target_t24h,weighted_alignment,0.00196087750900815,0.0010619278376822864,120,39063
osi_target_t24h,weighted_alignment_plus_tail,0.0016961575850080184,0.0008038301874786652,120,39063
osi_target_t24h,v1.12,0.0015827560415087125,0.0009692423120178469,120,39065
osi_target_t24h,weighted_alignment,0.0018794542076760537,0.0012697397100223564,120,39065
osi_target_t24h,weighted_alignment_plus_tail,0.0015827560415087125,0.0009692423120178469,120,39065
osi_target_t24h,v1.12,0.003038127109539465,0.0012846368466675083,120,39069
osi_target_t24h,weighted_alignment,0.0027062896408279595,0.0010749290010840047,120,39069
osi_target_t24h,weighted_alignment_plus_tail,0.003038127109539465,0.0012846368466675083,120,39069
osi_target_t24h,v1.12,0.0029451981223145582,0.0020581965702901133,120,39073
osi_target_t24h,weighted_alignment,0.0036585872529081597,0.0025880835234188947,120,39073
osi_target_t24h,weighted_alignment_plus_tail,0.0029451981223145582,0.0020581965702901133,120,39073
osi_target_t24h,v1.12,0.014501461954065507,0.006657722103440178,120,39075
osi_target_t24h,weighted_alignment,0.011272670858556752,0.005290592964723471,120,39075
osi_target_t24h,weighted_alignment_plus_tail,0.014501461954065507,0.006657722103440178,120,39075
osi_target_t24h,v1.12,0.0024388962171326732,0.0015255652520456667,120,39077
osi_target_t24h,weighted_alignment,0.0019915357597246265,0.001757264971138939,120,39077
osi_target_t24h,weighted_alignment_plus_tail,0.0024388962171326732,0.0015255652520456667,120,39077
osi_target_t24h,v1.12,0.007262271124978694,0.003637161296773227,120,39081
osi_target_t24h,weighted_alignment,0.008200633529234174,0.0038402306461920712,120,39081
osi_target_t24h,weighted_alignment_plus_tail,0.007262271124978694,0.003637161296773227,120,39081
osi_target_t24h,v1.12,0.002111030177831482,0.0011824620855599827,120,39085
osi_target_t24h,weighted_alignment,0.0023080413655374456,0.0011811005866517639,120,39085
osi_target_t24h,weighted_alignment_plus_tail,0.002111030177831482,0.0011824620855599827,120,39085
osi_target_t24h,v1.12,0.0039196905862838695,0.0013883865108972702,120,39087
osi_target_t24h,weighted_alignment,0.0037544241636158293,0.0013714976408669788,120,39087
osi_target_t24h,weighted_alignment_plus_tail,0.0039196905862838695,0.0013883865108972702,120,39087
osi_target_t24h,v1.12,0.007888079886977992,0.003787330323677563,120,39089
osi_target_t24h,weighted_alignment,0.00879343831573824,0.00463009881272029,120,39089
osi_target_t24h,weighted_alignment_plus_tail,0.007888079886977992,0.003787330323677563,120,39089
osi_target_t24h,v1.12,0.010392864669063561,0.007025337342995786,120,39091
osi_target_t24h,weighted_alignment,0.009599643117372223,0.006728240298516752,120,39091
osi_target_t24h,weighted_alignment_plus_tail,0.010392864669063561,0.007025337342995786,120,39091
osi_target_t24h,v1.12,0.0014892108890226972,0.0009137795428451107,120,39093
osi_target_t24h,weighted_alignment,0.001457229625787764,0.0008447325375755238,120,39093
osi_target_t24h,weighted_alignment_plus_tail,0.0014892108890226972,0.0009137795428451107,120,39093
osi_target_t24h,v1.12,0.00125984610108397,0.0006985415438681389,120,39095
osi_target_t24h,weighted_alignment,0.0014333581088076066,0.0012844693380428289,120,39095
osi_target_t24h,weighted_alignment_plus_tail,0.00125984610108397,0.0006985415438681389,120,39095
osi_target_t24h,v1.12,0.0023147497272587247,0.001020215724353262,120,39097
osi_target_t24h,weighted_alignment,0.0024525899163494774,0.0011369391382785232,120,39097
osi_target_t24h,weighted_alignment_plus_tail,0.0023147497272587247,0.001020215724353262,120,39097
osi_target_t24h,v1.12,0.0009613237652012331,0.0005156762532467965,120,39099
osi_target_t24h,weighted_alignment,0.001344693586383872,0.0008308489225891437,120,39099
osi_target_t24h,weighted_alignment_plus_tail,0.0009613237652012331,0.0005156762532467965,120,39099
osi_target_t24h,v1.12,0.007114314040069992,0.005030612319324287,120,39101
osi_target_t24h,weighted_alignment,0.006503523659026379,0.004758662080997111,120,39101
osi_target_t24h,weighted_alignment_plus_tail,0.007114314040069992,0.005030612319324287,120,39101
osi_target_t24h,v1.12,0.004041090237642508,0.0025213464189176213,120,39103
osi_target_t24h,weighted_alignment,0.0038576213116835946,0.0026859301820165043,120,39103
osi_target_t24h,weighted_alignment_plus_tail,0.004041090237642508,0.0025213464189176213,120,39103
osi_target_t24h,v1.12,0.00367593450844849,0.0016201220089106206,120,39105
osi_target_t24h,weighted_alignment,0.004092555724942342,0.0025745686573141746,120,39105
osi_target_t24h,weighted_alignment_plus_tail,0.00367593450844849,0.0016201220089106206,120,39105
osi_target_t24h,v1.12,0.009279716882538876,0.006287867625313728,120,39107
osi_target_t24h,weighted_alignment,0.007688978126860592,0.005120911323161404,120,39107
osi_target_t24h,weighted_alignment_plus_tail,0.009279716882538876,0.006287867625313728,120,39107
osi_target_t24h,v1.12,0.0017188073932516068,0.0010407642213886281,120,39109
osi_target_t24h,weighted_alignment,0.0017411790714888097,0.0015721440213124248,120,39109
osi_target_t24h,weighted_alignment_plus_tail,0.0017188073932516068,0.0010407642213886281,120,39109
osi_target_t24h,v1.12,0.008481771697391949,0.004651718564282803,120,39111
osi_target_t24h,weighted_alignment,0.008082920087348032,0.00458238716341826,120,39111
osi_target_t24h,weighted_alignment_plus_tail,0.008481771697391949,0.004651718564282803,120,39111
osi_target_t24h,v1.12,0.00137474769620708,0.0006656386710645075,120,39113
osi_target_t24h,weighted_alignment,0.0013468936472990634,0.0006445669880852724,120,39113
osi_target_t24h,weighted_alignment_plus_tail,0.00137474769620708,0.0006656386710645075,120,39113
osi_target_t24h,v1.12,0.03452840670951879,0.007303248970683833,120,39115
osi_target_t24h,weighted_alignment,0.034509583697886814,0.00708156126160618,120,39115
osi_target_t24h,weighted_alignment_plus_tail,0.03452840670951879,0.007303248970683833,120,39115
osi_target_t24h,v1.12,0.01046376478667987,0.006774781038764938,120,39117
osi_target_t24h,weighted_alignment,0.010460750494184688,0.006551627693636323,120,39117
osi_target_t24h,weighted_alignment_plus_tail,0.01046376478667987,0.006774781038764938,120,39117
osi_target_t24h,v1.12,0.008451126818190421,0.0054642731070388955,120,39119
osi_target_t24h,weighted_alignment,0.013688756505421128,0.009102933796344796,120,39119
osi_target_t24h,weighted_alignment_plus_tail,0.008451126818190421,0.0054642731070388955,120,39119
osi_target_t24h,v1.12,0.007859388530693304,0.0038635905888438756,120,39121
osi_target_t24h,weighted_alignment,0.008701631228630201,0.00458677992767111,120,39121
osi_target_t24h,weighted_alignment_plus_tail,0.007859388530693304,0.0038635905888438756,120,39121
osi_target_t24h,v1.12,0.0015309669125710146,0.0004845905202927778,120,39123
osi_target_t24h,weighted_alignment,0.0016072787312042872,0.0005947095171005436,120,39123
osi_target_t24h,weighted_alignment_plus_tail,0.0015309669125710146,0.0004845905202927778,120,39123
osi_target_t24h,v1.12,0.012657708899161858,0.005161648140568698,120,39125
osi_target_t24h,weighted_alignment,0.012969596052906152,0.005950008512439267,120,39125
osi_target_t24h,weighted_alignment_plus_tail,0.012657708899161858,0.005161648140568698,120,39125
osi_target_t24h,v1.12,0.008818310129579766,0.004934483668134569,120,39127
osi_target_t24h,weighted_alignment,0.00900620996571142,0.005064753999465401,120,39127
osi_target_t24h,weighted_alignment_plus_tail,0.008818310129579766,0.004934483668134569,120,39127
osi_target_t24h,v1.12,0.000540666526994151,0.00025815418566217066,120,39129
osi_target_t24h,weighted_alignment,0.0005168248929196967,0.0002503977429882878,120,39129
osi_target_t24h,weighted_alignment_plus_tail,0.000540666526994151,0.00025815418566217066,120,39129
osi_target_t24h,v1.12,0.00593037752016155,0.0021275739947973263,120,39131
osi_target_t24h,weighted_alignment,0.005878376690308177,0.0022077381112035163,120,39131
osi_target_t24h,weighted_alignment_plus_tail,0.00593037752016155,0.0021275739947973263,120,39131
osi_target_t24h,v1.12,0.004429362276721095,0.002313432411944527,120,39133
osi_target_t24h,weighted_alignment,0.004272698066870374,0.002260550488216694,120,39133
osi_target_t24h,weighted_alignment_plus_tail,0.004429362276721095,0.002313432411944527,120,39133
osi_target_t24h,v1.12,0.006043496799701455,0.0030094550080042182,120,39135
osi_target_t24h,weighted_alignment,0.005934184691493976,0.0029562027433226792,120,39135
osi_target_t24h,weighted_alignment_plus_tail,0.006043496799701455,0.0030094550080042182,120,39135
osi_target_t24h,v1.12,0.00312618002669806,0.0020132377962724414,120,39137
osi_target_t24h,weighted_alignment,0.003554813352181891,0.001989705368328643,120,39137
osi_target_t24h,weighted_alignment_plus_tail,0.00312618002669806,0.0020132377962724414,120,39137
osi_target_t24h,v1.12,0.012850535206956637,0.008754187630095393,120,39139
osi_target_t24h,weighted_alignment,0.012596670333689702,0.008769229752528702,120,39139
osi_target_t24h,weighted_alignment_plus_tail,0.012850535206956637,0.008754187630095393,120,39139
osi_target_t24h,v1.12,0.0013631797883247563,0.0008294156292521402,120,39141
osi_target_t24h,weighted_alignment,0.0017772865635187934,0.0011409427808867733,120,39141
osi_target_t24h,weighted_alignment_plus_tail,0.0013631797883247563,0.0008294156292521402,120,39141
osi_target_t24h,v1.12,0.001092454656191144,0.0006729720713534223,120,39143
osi_target_t24h,weighted_alignment,0.0010761013370033466,0.0006418923394887075,120,39143
osi_target_t24h,weighted_alignment_plus_tail,0.001092454656191144,0.0006729720713534223,120,39143
osi_target_t24h,v1.12,0.0012581687696925849,0.0006995466061869156,120,39145
osi_target_t24h,weighted_alignment,0.0011032767546842169,0.0006304100825771796,120,39145
osi_target_t24h,weighted_alignment_plus_tail,0.0012581687696925849,0.0006995466061869156,120,39145
osi_target_t24h,v1.12,0.0026696186975976514,0.001477991397324189,120,39147
osi_target_t24h,weighted_alignment,0.0017419575468015855,0.0010449907149329475,120,39147
osi_target_t24h,weighted_alignment_plus_tail,0.0026696186975976514,0.001477991397324189,120,39147
osi_target_t24h,v1.12,0.011682960549716981,0.007704910377737457,120,39149
osi_target_t24h,weighted_alignment,0.010556681977333254,0.007080487697454665,120,39149
osi_target_t24h,weighted_alignment_plus_tail,0.011682960549716981,0.007704910377737457,120,39149
osi_target_t24h,v1.12,0.001699944464312284,0.0010319000075864992,120,39151
osi_target_t24h,weighted_alignment,0.0016137766424241045,0.0009362911030295297,120,39151
osi_target_t24h,weighted_alignment_plus_tail,0.001699944464312284,0.0010319000075864992,120,39151
osi_target_t24h,v1.12,0.0015469400876366116,0.0010116076930477287,120,39153
osi_target_t24h,weighted_alignment,0.0015729569361995115,0.0009439865309615349,120,39153
osi_target_t24h,weighted_alignment_plus_tail,0.0015469400876366116,0.0010116076930477287,120,39153
osi_target_t24h,v1.12,0.004501003564869407,0.0012136289752047958,120,39155
osi_target_t24h,weighted_alignment,0.004648060367611405,0.0020672426740111893,120,39155
osi_target_t24h,weighted_alignment_plus_tail,0.004501003564869407,0.0012136289752047958,120,39155
osi_target_t24h,v1.12,0.024353280352544547,0.015978447097774812,120,39157
osi_target_t24h,weighted_alignment,0.024976413287035034,0.01663125903602531,120,39157
osi_target_t24h,weighted_alignment_plus_tail,0.024353280352544547,0.015978447097774812,120,39157
osi_target_t24h,v1.12,0.0016479227767433684,0.0011398688458580616,120,39159
osi_target_t24h,weighted_alignment,0.0027907425445546593,0.0018986260359632814,120,39159
osi_target_t24h,weighted_alignment_plus_tail,0.0016479227767433684,0.0011398688458580616,120,39159
osi_target_t24h,v1.12,0.003928913280038289,0.0020015726357737688,120,39161
osi_target_t24h,weighted_alignment,0.003994710360950137,0.0020658255345857098,120,39161
osi_target_t24h,weighted_alignment_plus_tail,0.003928913280038289,0.0020015726357737688,120,39161
osi_target_t24h,v1.12,0.003463863589241059,0.0021466866545965125,120,39163
osi_target_t24h,weighted_alignment,0.003379229582244899,0.00207262627185287,120,39163
osi_target_t24h,weighted_alignment_plus_tail,0.003463863589241059,0.0021466866545965125,120,39163
osi_target_t24h,v1.12,0.0010870310872660147,0.0005629920338911079,120,39165
osi_target_t24h,weighted_alignment,0.001093388477676768,0.0005849659142215559,120,39165
osi_target_t24h,weighted_alignment_plus_tail,0.0010870310872660147,0.0005629920338911079,120,39165
osi_target_t24h,v1.12,0.00328728737502856,0.0012815204087986713,120,39167
osi_target_t24h,weighted_alignment,0.003250593806614496,0.0013184677706399054,120,39167
osi_target_t24h,weighted_alignment_plus_tail,0.00328728737502856,0.0012815204087986713,120,39167
osi_target_t24h,v1.12,0.0028748298833891806,0.0017358058687593548,120,39169
osi_target_t24h,weighted_alignment,0.0035356394974804003,0.0020148479662307163,120,39169
osi_target_t24h,weighted_alignment_plus_tail,0.0028748298833891806,0.0017358058687593548,120,39169
osi_target_t24h,v1.12,0.004143118734679593,0.002651403902154163,120,39171
osi_target_t24h,weighted_alignment,0.004719265798367451,0.0030229944019464095,120,39171
osi_target_t24h,weighted_alignment_plus_tail,0.004143118734679593,0.002651403902154163,120,39171
osi_target_t24h,v1.12,0.002210399275038328,0.0014794607538926774,120,39173
osi_target_t24h,weighted_alignment,0.0022717448749733685,0.0020728645002997836,120,39173
osi_target_t24h,weighted_alignment_plus_tail,0.002210399275038328,0.0014794607538926774,120,39173
osi_target_t24h,v1.12,0.003832002785000059,0.00212406492970107,120,39175
osi_target_t24h,weighted_alignment,0.0034240630925022777,0.001921133374910584,120,39175
osi_target_t24h,weighted_alignment_plus_tail,0.003832002785000059,0.00212406492970107,120,39175
osi_target_t24h,v1.12,0.009849255758478923,0.00597241180039676,120,42005
osi_target_t24h,weighted_alignment,0.009915148393707458,0.005989653598082649,120,42005
osi_target_t24h,weighted_alignment_plus_tail,0.009849255758478923,0.00597241180039676,120,42005
osi_target_t24h,v1.12,0.0047464604831282085,0.0026217662966730366,120,42007
osi_target_t24h,weighted_alignment,0.004748022021361276,0.0027335779706776225,120,42007
osi_target_t24h,weighted_alignment_plus_tail,0.0047464604831282085,0.0026217662966730366,120,42007
osi_target_t24h,v1.12,0.003973840486747605,0.0027568616975521014,120,42009
osi_target_t24h,weighted_alignment,0.0043898611982271405,0.0031357075512272185,120,42009
osi_target_t24h,weighted_alignment_plus_tail,0.003973840486747605,0.0027568616975521014,120,42009
osi_target_t24h,v1.12,0.0010277538581818578,0.0006083124156571369,120,42013
osi_target_t24h,weighted_alignment,0.001080328791118124,0.0006546581280279244,120,42013
osi_target_t24h,weighted_alignment_plus_tail,0.0010277538581818578,0.0006083124156571369,120,42013
osi_target_t24h,v1.12,0.0036700583344262947,0.00227592228958927,120,42015
osi_target_t24h,weighted_alignment,0.0035718677897787457,0.002095785651151921,120,42015
osi_target_t24h,weighted_alignment_plus_tail,0.0036700583344262947,0.00227592228958927,120,42015
osi_target_t24h,v1.12,0.004127160167419621,0.0023676397097422974,120,42019
osi_target_t24h,weighted_alignment,0.005120940776317018,0.0034385843865720263,120,42019
osi_target_t24h,weighted_alignment_plus_tail,0.004127160167419621,0.0023676397097422974,120,42019
osi_target_t24h,v1.12,0.0038212332559569373,0.0013069547508548145,120,42021
osi_target_t24h,weighted_alignment,0.00396791183840043,0.0013393924117264153,120,42021
osi_target_t24h,weighted_alignment_plus_tail,0.0038212332559569373,0.0013069547508548145,120,42021
osi_target_t24h,v1.12,0.009785367120814936,0.004842646042048602,120,42023
osi_target_t24h,weighted_alignment,0.009470612768318301,0.004937297346626827,120,42023
osi_target_t24h,weighted_alignment_plus_tail,0.009785367120814936,0.004842646042048602,120,42023
osi_target_t24h,v1.12,0.0009622667596871693,0.0005134954566206371,120,42025
osi_target_t24h,weighted_alignment,0.001566736713085756,0.0014856336694543313,120,42025
osi_target_t24h,weighted_alignment_plus_tail,0.0009622667596871693,0.0005134954566206371,120,42025
osi_target_t24h,v1.12,0.0013203259152701281,0.0007578438002688541,120,42027
osi_target_t24h,weighted_alignment,0.0012387467375967233,0.0007922247224212517,120,42027
osi_target_t24h,weighted_alignment_plus_tail,0.0013203259152701281,0.0007578438002688541,120,42027
osi_target_t24h,v1.12,0.011818613878641143,0.0054088169760047565,120,42029
osi_target_t24h,weighted_alignment,0.011849397048020946,0.005821977236881606,120,42029
osi_target_t24h,weighted_alignment_plus_tail,0.011818613878641143,0.0054088169760047565,120,42029
osi_target_t24h,v1.12,0.004048337327987681,0.0027838318046188855,120,42031
osi_target_t24h,weighted_alignment,0.00576307902582313,0.004064553190373826,120,42031
osi_target_t24h,weighted_alignment_plus_tail,0.004048337327987681,0.0027838318046188855,120,42031
osi_target_t24h,v1.12,0.003204689804453916,0.0019985013130380622,120,42033
osi_target_t24h,weighted_alignment,0.0037994849246593496,0.00253006774277558,120,42033
osi_target_t24h,weighted_alignment_plus_tail,0.003204689804453916,0.0019985013130380622,120,42033
osi_target_t24h,v1.12,0.005231499492256021,0.003314605670860793,120,42035
osi_target_t24h,weighted_alignment,0.003974684683283655,0.0028224565248355224,120,42035
osi_target_t24h,weighted_alignment_plus_tail,0.005231499492256021,0.003314605670860793,120,42035
osi_target_t24h,v1.12,0.012496044501939455,0.005349342081981236,120,42039
osi_target_t24h,weighted_alignment,0.012866677191519856,0.005987304546579949,120,42039
osi_target_t24h,weighted_alignment_plus_tail,0.012496044501939455,0.005349342081981236,120,42039
osi_target_t24h,v1.12,0.001669503544144829,0.0007634043219999162,120,42041
osi_target_t24h,weighted_alignment,0.0017537680851029609,0.0009013454961540254,120,42041
osi_target_t24h,weighted_alignment_plus_tail,0.001669503544144829,0.0007634043219999162,120,42041
osi_target_t24h,v1.12,0.0013451158011900484,0.0007194370453730436,120,42043
osi_target_t24h,weighted_alignment,0.0016632211641334194,0.001243808158212863,120,42043
osi_target_t24h,weighted_alignment_plus_tail,0.0013451158011900484,0.0007194370453730436,120,42043
osi_target_t24h,v1.12,0.0031986636499784053,0.0014455613706638429,120,42045
osi_target_t24h,weighted_alignment,0.0021482698878832187,0.0009399322947031936,120,42045
osi_target_t24h,weighted_alignment_plus_tail,0.0031986636499784053,0.0014455613706638429,120,42045
osi_target_t24h,v1.12,0.014222615828445804,0.004874427677550613,120,42047
osi_target_t24h,weighted_alignment,0.014248191839551316,0.005165156401828614,120,42047
osi_target_t24h,weighted_alignment_plus_tail,0.014222615828445804,0.004874427677550613,120,42047
osi_target_t24h,v1.12,0.007784735591774014,0.004224778122962911,120,42049
osi_target_t24h,weighted_alignment,0.008105309391690962,0.004282623214410366,120,42049
osi_target_t24h,weighted_alignment_plus_tail,0.007784735591774014,0.004224778122962911,120,42049
osi_target_t24h,v1.12,0.0032589211825408385,0.0023062459693585762,120,42051
osi_target_t24h,weighted_alignment,0.0032777589549410234,0.0023172231076504838,120,42051
osi_target_t24h,weighted_alignment_plus_tail,0.0032589211825408385,0.0023062459693585762,120,42051
osi_target_t24h,v1.12,0.009623600812877409,0.005625411116887051,120,42053
osi_target_t24h,weighted_alignment,0.009861127877373354,0.006495357256083686,120,42053
osi_target_t24h,weighted_alignment_plus_tail,0.009623600812877409,0.005625411116887051,120,42053
osi_target_t24h,v1.12,0.0006942647016146571,0.0003529930031818555,120,42055
osi_target_t24h,weighted_alignment,0.0015415135625320958,0.0014976806908880763,120,42055
osi_target_t24h,weighted_alignment_plus_tail,0.0006942647016146571,0.0003529930031818555,120,42055
osi_target_t24h,v1.12,0.0026176530427848067,0.0015460714064896432,120,42057
osi_target_t24h,weighted_alignment,0.003237955311943462,0.0019653104068364604,120,42057
osi_target_t24h,weighted_alignment_plus_tail,0.0026176530427848067,0.0015460714064896432,120,42057
osi_target_t24h,v1.12,0.012527034181256575,0.006143601091551755,120,42059
osi_target_t24h,weighted_alignment,0.012305858978944246,0.006212089580512679,120,42059
osi_target_t24h,weighted_alignment_plus_tail,0.012527034181256575,0.006143601091551755,120,42059
osi_target_t24h,v1.12,0.0008322299584872117,0.00046681403331024797,120,42061
osi_target_t24h,weighted_alignment,0.000961140528195569,0.0005741839285730358,120,42061
osi_target_t24h,weighted_alignment_plus_tail,0.0008322299584872117,0.00046681403331024797,120,42061
osi_target_t24h,v1.12,0.0052377530198020284,0.003264623139386677,120,42063
osi_target_t24h,weighted_alignment,0.005420449148611332,0.0031536915801132696,120,42063
osi_target_t24h,weighted_alignment_plus_tail,0.0052377530198020284,0.003264623139386677,120,42063
osi_target_t24h,v1.12,0.0036775936193722283,0.0017780611731163418,120,42065
osi_target_t24h,weighted_alignment,0.0037503066557729643,0.0019597887103256707,120,42065
osi_target_t24h,weighted_alignment_plus_tail,0.0036775936193722283,0.0017780611731163418,120,42065
osi_target_t24h,v1.12,0.0019781325359786326,0.0008280363804704493,120,42067
osi_target_t24h,weighted_alignment,0.0020656867636790637,0.0008411191359331265,120,42067
osi_target_t24h,weighted_alignment_plus_tail,0.0019781325359786326,0.0008280363804704493,120,42067
osi_target_t24h,v1.12,0.0005601521380210459,0.0002730167679875769,120,42069
osi_target_t24h,weighted_alignment,0.0005937989396866621,0.00028744744547978736,120,42069
osi_target_t24h,weighted_alignment_plus_tail,0.0005601521380210459,0.0002730167679875769,120,42069
osi_target_t24h,v1.12,0.006985204221173513,0.0027068099794994157,120,42075
osi_target_t24h,weighted_alignment,0.006873977170131416,0.0035840098530521103,120,42075
osi_target_t24h,weighted_alignment_plus_tail,0.006985204221173513,0.0027068099794994157,120,42075
osi_target_t24h,v1.12,0.0037641955711093496,0.0017983695926131148,120,42077
osi_target_t24h,weighted_alignment,0.0038531454200052056,0.001964339682509936,120,42077
osi_target_t24h,weighted_alignment_plus_tail,0.0037641955711093496,0.0017983695926131148,120,42077
osi_target_t24h,v1.12,0.001941035125915189,0.0011657605826445204,120,42079
osi_target_t24h,weighted_alignment,0.001692965831891697,0.0016276773983479394,120,42079
osi_target_t24h,weighted_alignment_plus_tail,0.001941035125915189,0.0011657605826445204,120,42079
osi_target_t24h,v1.12,0.0019260962977656697,0.0011625452644211105,120,42081
osi_target_t24h,weighted_alignment,0.0018113233082028648,0.0011301174895335844,120,42081
osi_target_t24h,weighted_alignment_plus_tail,0.0019260962977656697,0.0011625452644211105,120,42081
osi_target_t24h,v1.12,0.0046539973761944905,0.0032955806849122296,120,42083
osi_target_t24h,weighted_alignment,0.004966359847001069,0.0036989064178170657,120,42083
osi_target_t24h,weighted_alignment_plus_tail,0.0046539973761944905,0.0032955806849122296,120,42083
osi_target_t24h,v1.12,0.0020655422024383687,0.0010768099589326143,120,42085
osi_target_t24h,weighted_alignment,0.0025901167428376564,0.00171908850277197,120,42085
osi_target_t24h,weighted_alignment_plus_tail,0.0020655422024383687,0.0010768099589326143,120,42085
osi_target_t24h,v1.12,0.00607186507752237,0.00282703731582881,120,42089
osi_target_t24h,weighted_alignment,0.006214964505440643,0.0034751319351853287,120,42089
osi_target_t24h,weighted_alignment_plus_tail,0.00607186507752237,0.00282703731582881,120,42089
osi_target_t24h,v1.12,0.003219569483692222,0.0014072879292447566,120,42091
osi_target_t24h,weighted_alignment,0.0043265055153610095,0.002446028206188252,120,42091
osi_target_t24h,weighted_alignment_plus_tail,0.003219569483692222,0.0014072879292447566,120,42091
osi_target_t24h,v1.12,0.004344395660311317,0.001983201462750252,120,42095
osi_target_t24h,weighted_alignment,0.0038589698475033616,0.0018918397488171047,120,42095
osi_target_t24h,weighted_alignment_plus_tail,0.004344395660311317,0.001983201462750252,120,42095
osi_target_t24h,v1.12,0.002099852959161531,0.0010950646571117784,120,42097
osi_target_t24h,weighted_alignment,0.002428470475869242,0.001214300500686163,120,42097
osi_target_t24h,weighted_alignment_plus_tail,0.002099852959161531,0.0010950646571117784,120,42097
osi_target_t24h,v1.12,0.005229995928700151,0.002684262842357535,120,42101
osi_target_t24h,weighted_alignment,0.0046704159151161224,0.002453241611879857,120,42101
osi_target_t24h,weighted_alignment_plus_tail,0.005229995928700151,0.002684262842357535,120,42101
osi_target_t24h,v1.12,0.0035147018445986604,0.001667716086236237,120,42103
osi_target_t24h,weighted_alignment,0.003103171991530741,0.0014875368163819894,120,42103
osi_target_t24h,weighted_alignment_plus_tail,0.0035147018445986604,0.001667716086236237,120,42103
osi_target_t24h,v1.12,0.006701731447742539,0.0015823199235106328,120,42109
osi_target_t24h,weighted_alignment,0.006588214585796934,0.001452140435181512,120,42109
osi_target_t24h,weighted_alignment_plus_tail,0.006701731447742539,0.0015823199235106328,120,42109
osi_target_t24h,v1.12,0.004759032091959827,0.002904603622971404,120,42113
osi_target_t24h,weighted_alignment,0.00488752928250683,0.0031673764572399,120,42113
osi_target_t24h,weighted_alignment_plus_tail,0.004759032091959827,0.002904603622971404,120,42113
osi_target_t24h,v1.12,0.004605432937692557,0.0021749830837279197,120,42115
osi_target_t24h,weighted_alignment,0.004550922074370712,0.002139025046220255,120,42115
osi_target_t24h,weighted_alignment_plus_tail,0.004605432937692557,0.0021749830837279197,120,42115
osi_target_t24h,v1.12,0.003907697706445256,0.00156621521366168,120,42119
osi_target_t24h,weighted_alignment,0.0032997178947732557,0.0013608888828931453,120,42119
osi_target_t24h,weighted_alignment_plus_tail,0.003907697706445256,0.00156621521366168,120,42119
osi_target_t24h,v1.12,0.003844788278732354,0.0020156230401453096,120,42121
osi_target_t24h,weighted_alignment,0.004390912877616851,0.0030353595668825774,120,42121
osi_target_t24h,weighted_alignment_plus_tail,0.003844788278732354,0.0020156230401453096,120,42121
osi_target_t24h,v1.12,0.005338851051608283,0.0030093627213824536,120,42125
osi_target_t24h,weighted_alignment,0.004574086372607316,0.00279703681734948,120,42125
osi_target_t24h,weighted_alignment_plus_tail,0.005338851051608283,0.0030093627213824536,120,42125
osi_target_t24h,v1.12,0.0036889944280464404,0.0014327713649514864,120,42127
osi_target_t24h,weighted_alignment,0.003489923334796592,0.0015855295657566945,120,42127
osi_target_t24h,weighted_alignment_plus_tail,0.0036889944280464404,0.0014327713649514864,120,42127
osi_target_t24h,v1.12,0.001925345520674562,0.0010929990830155782,120,42129
osi_target_t24h,weighted_alignment,0.0026068042255446983,0.0014333200768982606,120,42129
osi_target_t24h,weighted_alignment_plus_tail,0.001925345520674562,0.0010929990830155782,120,42129
osi_target_t24h,v1.12,0.002938247592568852,0.0014239393713317945,120,42131
osi_target_t24h,weighted_alignment,0.0025668619703772566,0.001314978740851799,120,42131
osi_target_t24h,weighted_alignment_plus_tail,0.002938247592568852,0.0014239393713317945,120,42131
osi_target_t24h,v1.12,0.0013108179773035124,0.0006397732934846048,120,42133
osi_target_t24h,weighted_alignment,0.0017129858420407722,0.0007462224755911882,120,42133
osi_target_t24h,weighted_alignment_plus_tail,0.0013108179773035124,0.0006397732934846048,120,42133
osi_target_t24h,v1.12,0.024142064059151883,0.013397437194662425,120,54007
osi_target_t24h,weighted_alignment,0.025699925451869898,0.014124493099469391,120,54007
osi_target_t24h,weighted_alignment_plus_tail,0.024142064059151883,0.013397437194662425,120,54007
osi_target_t24h,v1.12,0.005726458918590187,0.003636001375519777,120,54009
osi_target_t24h,weighted_alignment,0.005946196685705838,0.004201791102589894,120,54009
osi_target_t24h,weighted_alignment_plus_tail,0.005726458918590187,0.003636001375519777,120,54009
osi_target_t24h,v1.12,0.046077439783804484,0.025399785852775143,120,54013
osi_target_t24h,weighted_alignment,0.046286650521403815,0.025386727049182243,120,54013
osi_target_t24h,weighted_alignment_plus_tail,0.046077439783804484,0.025399785852775143,120,54013
osi_target_t24h,v1.12,0.05019906122141272,0.0276865063206767,120,54015
osi_target_t24h,weighted_alignment,0.05219382453821485,0.028370255743869848,120,54015
osi_target_t24h,weighted_alignment_plus_tail,0.05019906122141272,0.0276865063206767,120,54015
osi_target_t24h,v1.12,0.006173531306715456,0.003429018251707885,120,54019
osi_target_t24h,weighted_alignment,0.006288196523690569,0.003551525346698944,120,54019
osi_target_t24h,weighted_alignment_plus_tail,0.006173531306715456,0.003429018251707885,120,54019
osi_target_t24h,v1.12,0.001039171389186044,0.0005768322703820917,120,54023
osi_target_t24h,weighted_alignment,0.0010096279686694814,0.0006422979760749344,120,54023
osi_target_t24h,weighted_alignment_plus_tail,0.001039171389186044,0.0005768322703820917,120,54023
osi_target_t24h,v1.12,0.0014914808777358418,0.0007032826730841041,120,54025
osi_target_t24h,weighted_alignment,0.0016279705431852223,0.0008897184742577964,120,54025
osi_target_t24h,weighted_alignment_plus_tail,0.0014914808777358418,0.0007032826730841041,120,54025
osi_target_t24h,v1.12,0.0013440057518371966,0.0007430263003987872,120,54027
osi_target_t24h,weighted_alignment,0.0015228771483524308,0.0010773123780359645,120,54027
osi_target_t24h,weighted_alignment_plus_tail,0.0013440057518371966,0.0007430263003987872,120,54027
osi_target_t24h,v1.12,0.004781502009230031,0.0030304238618956048,120,54029
osi_target_t24h,weighted_alignment,0.003777450996035276,0.002675346231186618,120,54029
osi_target_t24h,weighted_alignment_plus_tail,0.004781502009230031,0.0030304238618956048,120,54029
osi_target_t24h,v1.12,0.002692656831491702,0.0015166591604076085,120,54031
osi_target_t24h,weighted_alignment,0.00213152882562495,0.0012108072036084087,120,54031
osi_target_t24h,weighted_alignment_plus_tail,0.002692656831491702,0.0015166591604076085,120,54031
osi_target_t24h,v1.12,0.0033432876101131734,0.0018492955765555825,120,54033
osi_target_t24h,weighted_alignment,0.00445949119159812,0.002649516642517935,120,54033
osi_target_t24h,weighted_alignment_plus_tail,0.0033432876101131734,0.0018492955765555825,120,54033
osi_target_t24h,v1.12,0.0035311846754173776,0.0020444076500479333,120,54035
osi_target_t24h,weighted_alignment,0.0028651685898401216,0.0016323934215838397,120,54035
osi_target_t24h,weighted_alignment_plus_tail,0.0035311846754173776,0.0020444076500479333,120,54035
osi_target_t24h,v1.12,0.003538320403802488,0.0016898987557861002,120,54037
osi_target_t24h,weighted_alignment,0.003233275130828654,0.0021829350956443765,120,54037
osi_target_t24h,weighted_alignment_plus_tail,0.003538320403802488,0.0016898987557861002,120,54037
osi_target_t24h,v1.12,0.003214531880320235,0.0018969991765843523,120,54039
osi_target_t24h,weighted_alignment,0.0026899598260843936,0.0016822326862899579,120,54039
osi_target_t24h,weighted_alignment_plus_tail,0.003214531880320235,0.0018969991765843523,120,54039
osi_target_t24h,v1.12,0.015948437816134146,0.004125820375606753,120,54041
osi_target_t24h,weighted_alignment,0.015636778170317743,0.0037239646602753324,120,54041
osi_target_t24h,weighted_alignment_plus_tail,0.015948437816134146,0.004125820375606753,120,54041
osi_target_t24h,v1.12,0.008811871635321168,0.004035055111230038,120,54043
osi_target_t24h,weighted_alignment,0.009089096810190649,0.004416659850295789,120,54043
osi_target_t24h,weighted_alignment_plus_tail,0.008811871635321168,0.004035055111230038,120,54043
osi_target_t24h,v1.12,0.009007243930040501,0.004643928954013841,120,54045
osi_target_t24h,weighted_alignment,0.010115230848096256,0.005683204577502785,120,54045
osi_target_t24h,weighted_alignment_plus_tail,0.009007243930040501,0.004643928954013841,120,54045
osi_target_t24h,v1.12,0.004001249004973203,0.002909160281755143,120,54047
osi_target_t24h,weighted_alignment,0.005295806066663944,0.003971564564606076,120,54047
osi_target_t24h,weighted_alignment_plus_tail,0.004001249004973203,0.002909160281755143,120,54047
osi_target_t24h,v1.12,0.0013955137177609368,0.0008031328241608747,120,54053
osi_target_t24h,weighted_alignment,0.0018221228669141676,0.0017112970305046653,120,54053
osi_target_t24h,weighted_alignment_plus_tail,0.0013955137177609368,0.0008031328241608747,120,54053
osi_target_t24h,v1.12,0.001520811910512772,0.0008460854351997352,120,54055
osi_target_t24h,weighted_alignment,0.0013976064321931947,0.0008665262914594649,120,54055
osi_target_t24h,weighted_alignment_plus_tail,0.001520811910512772,0.0008460854351997352,120,54055
osi_target_t24h,v1.12,0.001627762995089773,0.0007920540987627761,120,54057
osi_target_t24h,weighted_alignment,0.0013969602197885212,0.0007698582438104077,120,54057
osi_target_t24h,weighted_alignment_plus_tail,0.001627762995089773,0.0007920540987627761,120,54057
osi_target_t24h,v1.12,0.014003257702869951,0.006954811828370762,120,54059
osi_target_t24h,weighted_alignment,0.014874093869239305,0.007812832121984444,120,54059
osi_target_t24h,weighted_alignment_plus_tail,0.014003257702869951,0.006954811828370762,120,54059
osi_target_t24h,v1.12,0.0016092493919971022,0.0010057100578480277,120,54063
osi_target_t24h,weighted_alignment,0.001818143308031206,0.0011604234520604592,120,54063
osi_target_t24h,weighted_alignment_plus_tail,0.0016092493919971022,0.0010057100578480277,120,54063
osi_target_t24h,v1.12,0.005453846225232137,0.0020426679843328858,120,54067
osi_target_t24h,weighted_alignment,0.005678322822092516,0.0025149621384950747,120,54067
osi_target_t24h,weighted_alignment_plus_tail,0.005453846225232137,0.0020426679843328858,120,54067
osi_target_t24h,v1.12,0.007700157869898506,0.00441622580601629,120,54069
osi_target_t24h,weighted_alignment,0.006441882002359263,0.004006374608824008,120,54069
osi_target_t24h,weighted_alignment_plus_tail,0.007700157869898506,0.00441622580601629,120,54069
osi_target_t24h,v1.12,0.008335521968047639,0.0055257391675837516,120,54071
osi_target_t24h,weighted_alignment,0.007586541660632685,0.005454171869724222,120,54071
osi_target_t24h,weighted_alignment_plus_tail,0.008335521968047639,0.0055257391675837516,120,54071
osi_target_t24h,v1.12,0.0050512212731425605,0.002839250917389158,120,54073
osi_target_t24h,weighted_alignment,0.00596081056474695,0.00368162988375935,120,54073
osi_target_t24h,weighted_alignment_plus_tail,0.0050512212731425605,0.002839250917389158,120,54073
osi_target_t24h,v1.12,0.0037327254461666567,0.002356870293916208,120,54075
osi_target_t24h,weighted_alignment,0.0028802815540453866,0.0018736149551706123,120,54075
osi_target_t24h,weighted_alignment_plus_tail,0.0037327254461666567,0.002356870293916208,120,54075
osi_target_t24h,v1.12,0.0008587473635107641,0.00046047798978787134,120,54077
osi_target_t24h,weighted_alignment,0.0011851280728307656,0.0007726661885028199,120,54077
osi_target_t24h,weighted_alignment_plus_tail,0.0008587473635107641,0.00046047798978787134,120,54077
osi_target_t24h,v1.12,0.0014299821686892206,0.0008051318059202814,120,54079
osi_target_t24h,weighted_alignment,0.0012624908019922142,0.0007653912166953966,120,54079
osi_target_t24h,weighted_alignment_plus_tail,0.0014299821686892206,0.0008051318059202814,120,54079
osi_target_t24h,v1.12,0.0013705431020793754,0.0008476682453450869,120,54081
osi_target_t24h,weighted_alignment,0.0015602209927806036,0.001432343308172659,120,54081
osi_target_t24h,weighted_alignment_plus_tail,0.0013705431020793754,0.0008476682453450869,120,54081
osi_target_t24h,v1.12,0.003973468754033608,0.0023706596083039023,120,54083
osi_target_t24h,weighted_alignment,0.005566557676262415,0.004011993555155579,120,54083
osi_target_t24h,weighted_alignment_plus_tail,0.003973468754033608,0.0023706596083039023,120,54083
osi_target_t24h,v1.12,0.011066854782671056,0.005935726764247247,120,54085
osi_target_t24h,weighted_alignment,0.012281252489930445,0.006745588653326975,120,54085
osi_target_t24h,weighted_alignment_plus_tail,0.011066854782671056,0.005935726764247247,120,54085
osi_target_t24h,v1.12,0.011547469150901461,0.005227839312068148,120,54087
osi_target_t24h,weighted_alignment,0.010324844885658782,0.005041188963295821,120,54087
osi_target_t24h,weighted_alignment_plus_tail,0.011547469150901461,0.005227839312068148,120,54087
osi_target_t24h,v1.12,0.0015097693921208384,0.0009742328606959252,120,54089
osi_target_t24h,weighted_alignment,0.0021296572301698876,0.0020634982640471574,120,54089
osi_target_t24h,weighted_alignment_plus_tail,0.0015097693921208384,0.0009742328606959252,120,54089
osi_target_t24h,v1.12,0.0028234680311656126,0.002024605529015809,120,54091
osi_target_t24h,weighted_alignment,0.002668623752502417,0.002336630520647595,120,54091
osi_target_t24h,weighted_alignment_plus_tail,0.0028234680311656126,0.002024605529015809,120,54091
osi_target_t24h,v1.12,0.004150666654582565,0.0028935440917573353,120,54093
osi_target_t24h,weighted_alignment,0.005165322350929866,0.0035852795422044535,120,54093
osi_target_t24h,weighted_alignment_plus_tail,0.004150666654582565,0.0028935440917573353,120,54093
osi_target_t24h,v1.12,0.011446313715543208,0.004656165800523941,120,54095
osi_target_t24h,weighted_alignment,0.013127542685758824,0.005815798241276391,120,54095
osi_target_t24h,weighted_alignment_plus_tail,0.011446313715543208,0.004656165800523941,120,54095
osi_target_t24h,v1.12,0.002464081913959649,0.0014882095070478637,120,54097
osi_target_t24h,weighted_alignment,0.002335975522206259,0.001306595793246886,120,54097
osi_target_t24h,weighted_alignment_plus_tail,0.002464081913959649,0.0014882095070478637,120,54097
osi_target_t24h,v1.12,0.0061554538106534905,0.0046289910343363305,120,54099
osi_target_t24h,weighted_alignment,0.003987316282828927,0.003659817878242506,120,54099
osi_target_t24h,weighted_alignment_plus_tail,0.0061554538106534905,0.0046289910343363305,120,54099
osi_target_t24h,v1.12,0.005499895190002927,0.003886033150621795,120,54101
osi_target_t24h,weighted_alignment,0.0056308056563729525,0.004049057326879631,120,54101
osi_target_t24h,weighted_alignment_plus_tail,0.005499895190002927,0.003886033150621795,120,54101
osi_target_t24h,v1.12,0.008136079765281662,0.0059074202615343515,120,54103
osi_target_t24h,weighted_alignment,0.008689240933391348,0.006441955259326335,120,54103
osi_target_t24h,weighted_alignment_plus_tail,0.008136079765281662,0.0059074202615343515,120,54103
osi_target_t24h,v1.12,0.007437486207061041,0.0036669579835388777,120,54105
osi_target_t24h,weighted_alignment,0.00705644609577491,0.0036216588812780144,120,54105
osi_target_t24h,weighted_alignment_plus_tail,0.007437486207061041,0.0036669579835388777,120,54105
osi_target_t24h,v1.12,0.0010974138092630485,0.0006597240121343056,120,54107
osi_target_t24h,weighted_alignment,0.0014303579348415073,0.0009218168104783471,120,54107
osi_target_t24h,weighted_alignment_plus_tail,0.0010974138092630485,0.0006597240121343056,120,54107
osi_target_t24h,v1.12,0.008953288230055628,0.006702689325946639,120,54109
osi_target_t24h,weighted_alignment,0.007751175095298254,0.006122625718370039,120,54109
osi_target_t24h,weighted_alignment_plus_tail,0.008953288230055628,0.006702689325946639,120,54109
osi_target_t48h,v1.12,0.001372237150051891,0.0006255868922146953,96,18009
osi_target_t48h,weighted_alignment,0.0017573266625710532,0.0008411590750643867,96,18009
osi_target_t48h,weighted_alignment_plus_tail,0.001372237150051891,0.0006255868922146953,96,18009
osi_target_t48h,v1.12,0.01747583983586428,0.007802916182388725,96,18013
osi_target_t48h,weighted_alignment,0.01732073781464159,0.00842417224729132,96,18013
osi_target_t48h,weighted_alignment_plus_tail,0.01747583983586428,0.007802916182388725,96,18013
osi_target_t48h,v1.12,0.000974602448236569,0.00035146058073767323,96,18023
osi_target_t48h,weighted_alignment,0.0013559712912514636,0.000608836597639917,96,18023
osi_target_t48h,weighted_alignment_plus_tail,0.000974602448236569,0.00035146058073767323,96,18023
osi_target_t48h,v1.12,0.0014600709251837171,0.00087102999229013,96,18025
osi_target_t48h,weighted_alignment,0.0014873131191823065,0.000905420153314977,96,18025
osi_target_t48h,weighted_alignment_plus_tail,0.0014600709251837171,0.00087102999229013,96,18025
osi_target_t48h,v1.12,0.000572043432348335,0.00020501361488500105,96,18027
osi_target_t48h,weighted_alignment,0.0015967406261072916,0.0007086501860842383,96,18027
osi_target_t48h,weighted_alignment_plus_tail,0.000572043432348335,0.00020501361488500105,96,18027
osi_target_t48h,v1.12,0.0005686982361516071,0.00022391213875103542,96,18029
osi_target_t48h,weighted_alignment,0.0015391207682957583,0.0015128877045310057,96,18029
osi_target_t48h,weighted_alignment_plus_tail,0.0005686982361516071,0.00022391213875103542,96,18029
osi_target_t48h,v1.12,0.00391885766071218,0.0013431363522847055,96,18033
osi_target_t48h,weighted_alignment,0.0038959539045343512,0.0018983978524697261,96,18033
osi_target_t48h,weighted_alignment_plus_tail,0.00391885766071218,0.0013431363522847055,96,18033
osi_target_t48h,v1.12,0.0008339231342849161,0.0002811509755987422,96,18035
osi_target_t48h,weighted_alignment,0.0013507379916105119,0.0012495508362019832,96,18035
osi_target_t48h,weighted_alignment_plus_tail,0.0008339231342849161,0.0002811509755987422,96,18035
osi_target_t48h,v1.12,0.0016610808530375589,0.00047774984781845235,96,18037
osi_target_t48h,weighted_alignment,0.0018834386255350902,0.0007337588317338391,96,18037
osi_target_t48h,weighted_alignment_plus_tail,0.0016610808530375589,0.00047774984781845235,96,18037
osi_target_t48h,v1.12,0.000655135480875775,0.0002778329984431743,96,18039
osi_target_t48h,weighted_alignment,0.001149159273245315,0.0007606189439472848,96,18039
osi_target_t48h,weighted_alignment_plus_tail,0.000655135480875775,0.0002778329984431743,96,18039
osi_target_t48h,v1.12,0.003087051975428131,0.0010867505696781578,96,18041
osi_target_t48h,weighted_alignment,0.003282728873879328,0.0013014493742790553,96,18041
osi_target_t48h,weighted_alignment_plus_tail,0.003087051975428131,0.0010867505696781578,96,18041
osi_target_t48h,v1.12,0.0017431074931240332,0.0007411092550789148,96,18043
osi_target_t48h,weighted_alignment,0.002026102094688177,0.0008139410623103568,96,18043
osi_target_t48h,weighted_alignment_plus_tail,0.0017431074931240332,0.0007411092550789148,96,18043
osi_target_t48h,v1.12,0.001002490121657728,0.00033912721836360844,96,18045
osi_target_t48h,weighted_alignment,0.001521849235425709,0.0006398573218186469,96,18045
osi_target_t48h,weighted_alignment_plus_tail,0.001002490121657728,0.00033912721836360844,96,18045
osi_target_t48h,v1.12,0.0014004406107753214,0.0005282029421916585,96,18047
osi_target_t48h,weighted_alignment,0.0015584632125714374,0.0006270421686892048,96,18047
osi_target_t48h,weighted_alignment_plus_tail,0.0014004406107753214,0.0005282029421916585,96,18047
osi_target_t48h,v1.12,0.0005170688866156755,0.00020329995358506778,96,18051
osi_target_t48h,weighted_alignment,0.0014999264606804477,0.001476490884521009,96,18051
osi_target_t48h,weighted_alignment_plus_tail,0.0005170688866156755,0.00020329995358506778,96,18051
osi_target_t48h,v1.12,0.0005960778887566687,0.00019055681036345574,96,18059
osi_target_t48h,weighted_alignment,0.0007404073742108008,0.0002567409637603077,96,18059
osi_target_t48h,weighted_alignment_plus_tail,0.0005960778887566687,0.00019055681036345574,96,18059
osi_target_t48h,v1.12,0.003786118295099968,0.0013778270493152685,96,18061
osi_target_t48h,weighted_alignment,0.0035716325363335604,0.0013389357849982895,96,18061
osi_target_t48h,weighted_alignment_plus_tail,0.003786118295099968,0.0013778270493152685,96,18061
osi_target_t48h,v1.12,0.00265219318253311,0.0007901149623443978,96,18065
osi_target_t48h,weighted_alignment,0.0024552548168960786,0.0006874204430260639,96,18065
osi_target_t48h,weighted_alignment_plus_tail,0.00265219318253311,0.0007901149623443978,96,18065
osi_target_t48h,v1.12,0.002090326034094926,0.00040176217314430115,96,18067
osi_target_t48h,weighted_alignment,0.0019045840696072342,0.00037088820721501727,96,18067
osi_target_t48h,weighted_alignment_plus_tail,0.002090326034094926,0.00040176217314430115,96,18067
osi_target_t48h,v1.12,0.0007559293947179756,0.00027117542227539886,96,18069
osi_target_t48h,weighted_alignment,0.0008327398055940357,0.00027363073053263105,96,18069
osi_target_t48h,weighted_alignment_plus_tail,0.0007559293947179756,0.00027117542227539886,96,18069
osi_target_t48h,v1.12,0.0024968758123231996,0.0009747098298962002,96,18071
osi_target_t48h,weighted_alignment,0.002991059344534641,0.0010458296765292838,96,18071
osi_target_t48h,weighted_alignment_plus_tail,0.0024968758123231996,0.0009747098298962002,96,18071
osi_target_t48h,v1.12,0.0048171924478927165,0.0024253526964838246,96,18073
osi_target_t48h,weighted_alignment,0.0037947200898829666,0.002151125613537823,96,18073
osi_target_t48h,weighted_alignment_plus_tail,0.0048171924478927165,0.0024253526964838246,96,18073
osi_target_t48h,v1.12,0.0009404695250640133,0.0003866826495145467,96,18077
osi_target_t48h,weighted_alignment,0.0006865441686475265,0.00027663274269344756,96,18077
osi_target_t48h,weighted_alignment_plus_tail,0.0009404695250640133,0.0003866826495145467,96,18077
osi_target_t48h,v1.12,0.0011664899096929496,0.00045982264163733243,96,18083
osi_target_t48h,weighted_alignment,0.002357243619169011,0.0011257443763001433,96,18083
osi_target_t48h,weighted_alignment_plus_tail,0.0011664899096929496,0.00045982264163733243,96,18083
osi_target_t48h,v1.12,0.0013777076230361079,0.0007044323900411122,96,18085
osi_target_t48h,weighted_alignment,0.002558708305112146,0.002218204792796918,96,18085
osi_target_t48h,weighted_alignment_plus_tail,0.0013777076230361079,0.0007044323900411122,96,18085
osi_target_t48h,v1.12,0.0019799123740030567,0.001481522875734267,96,18087
osi_target_t48h,weighted_alignment,0.001710628785922334,0.0014982364033468264,96,18087
osi_target_t48h,weighted_alignment_plus_tail,0.0019799123740030567,0.001481522875734267,96,18087
osi_target_t48h,v1.12,0.0012941422353775897,0.0008087887401681614,96,18089
osi_target_t48h,weighted_alignment,0.0017409672087045534,0.0012010214680683163,96,18089
osi_target_t48h,weighted_alignment_plus_tail,0.0012941422353775897,0.0008087887401681614,96,18089
osi_target_t48h,v1.12,0.0017479766905582061,0.0008903306351255108,96,18091
osi_target_t48h,weighted_alignment,0.0015199957253175926,0.0007796628650339402,96,18091
osi_target_t48h,weighted_alignment_plus_tail,0.0017479766905582061,0.0008903306351255108,96,18091
osi_target_t48h,v1.12,0.00557842757960724,0.0017286229923788338,96,18093
osi_target_t48h,weighted_alignment,0.005518942437472449,0.0025955315858811113,96,18093
osi_target_t48h,weighted_alignment_plus_tail,0.00557842757960724,0.0017286229923788338,96,18093
osi_target_t48h,v1.12,0.0009723786336831558,0.000443172649825483,96,18095
osi_target_t48h,weighted_alignment,0.0009225531076202647,0.00040263623699067134,96,18095
osi_target_t48h,weighted_alignment_plus_tail,0.0009723786336831558,0.000443172649825483,96,18095
osi_target_t48h,v1.12,0.0006132544173542116,0.0002414606287099293,96,18097
osi_target_t48h,weighted_alignment,0.0014903905328568778,0.0014666121262707167,96,18097
osi_target_t48h,weighted_alignment_plus_tail,0.0006132544173542116,0.0002414606287099293,96,18097
osi_target_t48h,v1.12,0.009849971131022298,0.0027215933149107824,96,18099
osi_target_t48h,weighted_alignment,0.009868678511064346,0.0027959785310254955,96,18099
osi_target_t48h,weighted_alignment_plus_tail,0.009849971131022298,0.0027215933149107824,96,18099
osi_target_t48h,v1.12,0.001731361736460242,0.0005155585462899584,96,18101
osi_target_t48h,weighted_alignment,0.0015980215279014808,0.000745859249053542,96,18101
osi_target_t48h,weighted_alignment_plus_tail,0.001731361736460242,0.0005155585462899584,96,18101
osi_target_t48h,v1.12,0.0017851907741093553,0.0006696258827175658,96,18103
osi_target_t48h,weighted_alignment,0.002543884907015827,0.0009300620054982266,96,18103
osi_target_t48h,weighted_alignment_plus_tail,0.0017851907741093553,0.0006696258827175658,96,18103
osi_target_t48h,v1.12,0.002519090677217927,0.0008390055833499389,96,18105
osi_target_t48h,weighted_alignment,0.002300376624428041,0.0007399498476082558,96,18105
osi_target_t48h,weighted_alignment_plus_tail,0.002519090677217927,0.0008390055833499389,96,18105
osi_target_t48h,v1.12,0.0006070140422224736,0.0002374778656574235,96,18107
osi_target_t48h,weighted_alignment,0.0014623380663936559,0.0014099660709502781,96,18107
osi_target_t48h,weighted_alignment_plus_tail,0.0006070140422224736,0.0002374778656574235,96,18107
osi_target_t48h,v1.12,0.0017898308099870317,0.0007756364949798453,96,18109
osi_target_t48h,weighted_alignment,0.0015494044985273642,0.0006350592190252623,96,18109
osi_target_t48h,weighted_alignment_plus_tail,0.0017898308099870317,0.0007756364949798453,96,18109
osi_target_t48h,v1.12,0.002778168868291813,0.001551795217393749,96,18111
osi_target_t48h,weighted_alignment,0.002731686685793059,0.0016861704865846628,96,18111
osi_target_t48h,weighted_alignment_plus_tail,0.002778168868291813,0.001551795217393749,96,18111
osi_target_t48h,v1.12,0.0006357591618839401,0.0002627227671772293,96,18113
osi_target_t48h,weighted_alignment,0.0015693202619499898,0.001531466070420172,96,18113
osi_target_t48h,weighted_alignment_plus_tail,0.0006357591618839401,0.0002627227671772293,96,18113
osi_target_t48h,v1.12,0.004776067620528838,0.002397546350991028,96,18117
osi_target_t48h,weighted_alignment,0.004531840468737249,0.0022964127781681123,96,18117
osi_target_t48h,weighted_alignment_plus_tail,0.004776067620528838,0.002397546350991028,96,18117
osi_target_t48h,v1.12,0.006300325891483529,0.0015141003139716735,96,18121
osi_target_t48h,weighted_alignment,0.006227931910445893,0.002695979693610582,96,18121
osi_target_t48h,weighted_alignment_plus_tail,0.006300325891483529,0.0015141003139716735,96,18121
osi_target_t48h,v1.12,0.0016916416223895453,0.0006622107200155635,96,18123
osi_target_t48h,weighted_alignment,0.0019814910459424106,0.0009029087069692436,96,18123
osi_target_t48h,weighted_alignment_plus_tail,0.0016916416223895453,0.0006622107200155635,96,18123
osi_target_t48h,v1.12,0.001677331181761633,0.0007654708980981388,96,18125
osi_target_t48h,weighted_alignment,0.0016179742763434944,0.0005462319446477425,96,18125
osi_target_t48h,weighted_alignment_plus_tail,0.001677331181761633,0.0007654708980981388,96,18125
osi_target_t48h,v1.12,0.0011243563600998414,0.0006152758456705055,96,18127
osi_target_t48h,weighted_alignment,0.0019505747743168193,0.00120643651818854,96,18127
osi_target_t48h,weighted_alignment_plus_tail,0.0011243563600998414,0.0006152758456705055,96,18127
osi_target_t48h,v1.12,0.0006497548638775139,0.00038474917261105613,96,18129
osi_target_t48h,weighted_alignment,0.0009650342122256861,0.0006428022145043774,96,18129
osi_target_t48h,weighted_alignment_plus_tail,0.0006497548638775139,0.00038474917261105613,96,18129
osi_target_t48h,v1.12,0.01616082091868775,0.0034672015711525264,96,18131
osi_target_t48h,weighted_alignment,0.015815837968387796,0.0038254743588057925,96,18131
osi_target_t48h,weighted_alignment_plus_tail,0.01616082091868775,0.0034672015711525264,96,18131
osi_target_t48h,v1.12,0.000807344562928533,0.00026393605518163394,96,18133
osi_target_t48h,weighted_alignment,0.0007392377762094386,0.0002624614354357243,96,18133
osi_target_t48h,weighted_alignment_plus_tail,0.000807344562928533,0.00026393605518163394,96,18133
osi_target_t48h,v1.12,0.0009820978288572868,0.00038350752094519605,96,18135
osi_target_t48h,weighted_alignment,0.0011672620647986023,0.0005221287125084246,96,18135
osi_target_t48h,weighted_alignment_plus_tail,0.0009820978288572868,0.00038350752094519605,96,18135
osi_target_t48h,v1.12,0.002434447088588109,0.0009294112516151592,96,18137
osi_target_t48h,weighted_alignment,0.002017439292119302,0.0008070106127663366,96,18137
osi_target_t48h,weighted_alignment_plus_tail,0.002434447088588109,0.0009294112516151592,96,18137
osi_target_t48h,v1.12,0.0010692528571720104,0.0004215208893418488,96,18139
osi_target_t48h,weighted_alignment,0.001056247342977411,0.0005209069307222284,96,18139
osi_target_t48h,weighted_alignment_plus_tail,0.0010692528571720104,0.0004215208893418488,96,18139
osi_target_t48h,v1.12,0.0007017679613915255,0.00033954529446818607,96,18141
osi_target_t48h,weighted_alignment,0.0010650501820026856,0.0006814613741671485,96,18141
osi_target_t48h,weighted_alignment_plus_tail,0.0007017679613915255,0.00033954529446818607,96,18141
osi_target_t48h,v1.12,0.002496596150347553,0.0010617791312008218,96,18143
osi_target_t48h,weighted_alignment,0.002631516050873098,0.0011442891952772626,96,18143
osi_target_t48h,weighted_alignment_plus_tail,0.002496596150347553,0.0010617791312008218,96,18143
osi_target_t48h,v1.12,0.001449792834608911,0.00047765120082011916,96,18145
osi_target_t48h,weighted_alignment,0.0014475567058635154,0.00047652896189584763,96,18145
osi_target_t48h,weighted_alignment_plus_tail,0.001449792834608911,0.00047765120082011916,96,18145
osi_target_t48h,v1.12,0.0015938627042009516,0.000471123314944624,96,18147
osi_target_t48h,weighted_alignment,0.001445520882879007,0.00046575728552365547,96,18147
osi_target_t48h,weighted_alignment_plus_tail,0.0015938627042009516,0.000471123314944624,96,18147
osi_target_t48h,v1.12,0.0021706173896444856,0.0010698583105177052,96,18149
osi_target_t48h,weighted_alignment,0.0029576774641842693,0.0015546541722653198,96,18149
osi_target_t48h,weighted_alignment_plus_tail,0.0021706173896444856,0.0010698583105177052,96,18149
osi_target_t48h,v1.12,0.008787482259822952,0.006089777630688645,96,18151
osi_target_t48h,weighted_alignment,0.008028162743927631,0.005145471955966183,96,18151
osi_target_t48h,weighted_alignment_plus_tail,0.008787482259822952,0.006089777630688645,96,18151
osi_target_t48h,v1.12,0.000874750909629548,0.0003569572581184114,96,18153
osi_target_t48h,weighted_alignment,0.0011939348539453255,0.0005800342029126808,96,18153
osi_target_t48h,weighted_alignment_plus_tail,0.000874750909629548,0.0003569572581184114,96,18153
osi_target_t48h,v1.12,0.0008043697718845453,0.0002940665424972097,96,18155
osi_target_t48h,weighted_alignment,0.0007758887791253926,0.0003008112755318292,96,18155
osi_target_t48h,weighted_alignment_plus_tail,0.0008043697718845453,0.0002940665424972097,96,18155
osi_target_t48h,v1.12,0.0005460784317664727,0.0002185823457219779,96,18157
osi_target_t48h,weighted_alignment,0.0015431697518654673,0.0014962214759764567,96,18157
osi_target_t48h,weighted_alignment_plus_tail,0.0005460784317664727,0.0002185823457219779,96,18157
osi_target_t48h,v1.12,0.004559003203820296,0.002004545321459283,96,18159
osi_target_t48h,weighted_alignment,0.004871299702934554,0.0021642663845635375,96,18159
osi_target_t48h,weighted_alignment_plus_tail,0.004559003203820296,0.002004545321459283,96,18159
osi_target_t48h,v1.12,0.00227114328199704,0.0013132584726125616,96,18161
osi_target_t48h,weighted_alignment,0.0023869215123127536,0.0015206117818978976,96,18161
osi_target_t48h,weighted_alignment_plus_tail,0.00227114328199704,0.0013132584726125616,96,18161
osi_target_t48h,v1.12,0.00030681269808721195,0.0001496504981404519,96,18163
osi_target_t48h,weighted_alignment,0.00044772684934910647,0.0002294913817892565,96,18163
osi_target_t48h,weighted_alignment_plus_tail,0.00030681269808721195,0.0001496504981404519,96,18163
osi_target_t48h,v1.12,0.011639567740041417,0.0021230377958687385,96,18165
osi_target_t48h,weighted_alignment,0.011662844593717954,0.002151149609128074,96,18165
osi_target_t48h,weighted_alignment_plus_tail,0.011639567740041417,0.0021230377958687385,96,18165
osi_target_t48h,v1.12,0.00039660110228255277,0.000265710090605929,96,18167
osi_target_t48h,weighted_alignment,0.0006804176808231528,0.0004728525276086913,96,18167
osi_target_t48h,weighted_alignment_plus_tail,0.00039660110228255277,0.000265710090605929,96,18167
osi_target_t48h,v1.12,0.0006744871614696951,0.00026198837376178807,96,18169
osi_target_t48h,weighted_alignment,0.000879452611324386,0.00037724830714582223,96,18169
osi_target_t48h,weighted_alignment_plus_tail,0.0006744871614696951,0.00026198837376178807,96,18169
osi_target_t48h,v1.12,0.004205696492993879,0.0020380697893338565,96,18171
osi_target_t48h,weighted_alignment,0.00441710726485,0.0022450016361114226,96,18171
osi_target_t48h,weighted_alignment_plus_tail,0.004205696492993879,0.0020380697893338565,96,18171
osi_target_t48h,v1.12,0.0006449676688600753,0.00026067437034640374,96,18173
osi_target_t48h,weighted_alignment,0.0009545407042070516,0.0004984989752680253,96,18173
osi_target_t48h,weighted_alignment_plus_tail,0.0006449676688600753,0.00026067437034640374,96,18173
osi_target_t48h,v1.12,0.0016544106483742664,0.0006573362199698797,96,18175
osi_target_t48h,weighted_alignment,0.001809493787487354,0.000685222344550996,96,18175
osi_target_t48h,weighted_alignment_plus_tail,0.0016544106483742664,0.0006573362199698797,96,18175
osi_target_t48h,v1.12,0.000884782869262944,0.0004920120597606115,96,18177
osi_target_t48h,weighted_alignment,0.0014614186398861978,0.0014135862084713295,96,18177
osi_target_t48h,weighted_alignment_plus_tail,0.000884782869262944,0.0004920120597606115,96,18177
osi_target_t48h,v1.12,0.005298409503354551,0.0014350566834732722,96,18179
osi_target_t48h,weighted_alignment,0.005513744641871085,0.001558730175918532,96,18179
osi_target_t48h,weighted_alignment_plus_tail,0.005298409503354551,0.0014350566834732722,96,18179
osi_target_t48h,v1.12,0.0009499732610343176,0.0003401928257529394,96,18181
osi_target_t48h,weighted_alignment,0.0013977821431502165,0.0004369279017425889,96,18181
osi_target_t48h,weighted_alignment_plus_tail,0.0009499732610343176,0.0003401928257529394,96,18181
osi_target_t48h,v1.12,0.0024179961943827993,0.0004385406839665594,96,18183
osi_target_t48h,weighted_alignment,0.0027145748935231352,0.001692473313502611,96,18183
osi_target_t48h,weighted_alignment_plus_tail,0.0024179961943827993,0.0004385406839665594,96,18183
osi_target_t48h,v1.12,0.000817287686081624,0.00026164383605020627,96,39017
osi_target_t48h,weighted_alignment,0.0014860254642456842,0.0014198103761165627,96,39017
osi_target_t48h,weighted_alignment_plus_tail,0.000817287686081624,0.00026164383605020627,96,39017
osi_target_t48h,v1.12,0.0011969842305467335,0.0008036812875669283,96,39023
osi_target_t48h,weighted_alignment,0.0011820122378187012,0.0010721289995619864,96,39023
osi_target_t48h,weighted_alignment_plus_tail,0.0011969842305467335,0.0008036812875669283,96,39023
osi_target_t48h,v1.12,0.0012144852739720087,0.0004305951008832252,96,39025
osi_target_t48h,weighted_alignment,0.0016536143882240957,0.001415616947024411,96,39025
osi_target_t48h,weighted_alignment_plus_tail,0.0012144852739720087,0.0004305951008832252,96,39025
osi_target_t48h,v1.12,0.001036964566927999,0.00041051100272822906,96,39027
osi_target_t48h,weighted_alignment,0.0009998181998189034,0.00038359813691069564,96,39027
osi_target_t48h,weighted_alignment_plus_tail,0.001036964566927999,0.00041051100272822906,96,39027
osi_target_t48h,v1.12,0.0026254592266818978,0.0013397162204873282,96,39029
osi_target_t48h,weighted_alignment,0.00260730739724335,0.0013795105316959518,96,39029
osi_target_t48h,weighted_alignment_plus_tail,0.0026254592266818978,0.0013397162204873282,96,39029
osi_target_t48h,v1.12,0.005927143629307527,0.0035988879622054354,96,39031
osi_target_t48h,weighted_alignment,0.004946380725303365,0.0033126623533675822,96,39031
osi_target_t48h,weighted_alignment_plus_tail,0.005927143629307527,0.0035988879622054354,96,39031
osi_target_t48h,v1.12,0.0008812763221698008,0.00044119684584168124,96,39033
osi_target_t48h,weighted_alignment,0.0022279905354939743,0.001361572913848031,96,39033
osi_target_t48h,weighted_alignment_plus_tail,0.0008812763221698008,0.00044119684584168124,96,39033
osi_target_t48h,v1.12,0.005351128308239427,0.002763490754124815,96,39035
osi_target_t48h,weighted_alignment,0.0054964424401447295,0.002901877992383225,96,39035
osi_target_t48h,weighted_alignment_plus_tail,0.005351128308239427,0.002763490754124815,96,39035
osi_target_t48h,v1.12,0.0005978319414504754,0.000247079337791215,96,39037
osi_target_t48h,weighted_alignment,0.0008262348815954876,0.00035609976620219736,96,39037
osi_target_t48h,weighted_alignment_plus_tail,0.0005978319414504754,0.000247079337791215,96,39037
osi_target_t48h,v1.12,0.0004409332840147426,0.00028702354644911607,96,39039
osi_target_t48h,weighted_alignment,0.0011479971431756658,0.0010956785427510822,96,39039
osi_target_t48h,weighted_alignment_plus_tail,0.0004409332840147426,0.00028702354644911607,96,39039
osi_target_t48h,v1.12,0.0011599964785782863,0.0005823731072354962,96,39045
osi_target_t48h,weighted_alignment,0.0012505545339200888,0.0006822864277044875,96,39045
osi_target_t48h,weighted_alignment_plus_tail,0.0011599964785782863,0.0005823731072354962,96,39045
osi_target_t48h,v1.12,0.0008466124988831481,0.00048398352501949094,96,39049
osi_target_t48h,weighted_alignment,0.0017590699300452269,0.0016488971384728678,96,39049
osi_target_t48h,weighted_alignment_plus_tail,0.0008466124988831481,0.00048398352501949094,96,39049
osi_target_t48h,v1.12,0.0007917060842595342,0.0003633092798590646,96,39051
osi_target_t48h,weighted_alignment,0.001367853836650438,0.0006487106871146932,96,39051
osi_target_t48h,weighted_alignment_plus_tail,0.0007917060842595342,0.0003633092798590646,96,39051
osi_target_t48h,v1.12,0.0032501801136072357,0.0013198737629475366,96,39053
osi_target_t48h,weighted_alignment,0.0032922733262677347,0.0013586945077899042,96,39053
osi_target_t48h,weighted_alignment_plus_tail,0.0032501801136072357,0.0013198737629475366,96,39053
osi_target_t48h,v1.12,0.0024836811488558397,0.0013823590644395564,96,39055
osi_target_t48h,weighted_alignment,0.0021971847689729205,0.0011854029461576823,96,39055
osi_target_t48h,weighted_alignment_plus_tail,0.0024836811488558397,0.0013823590644395564,96,39055
osi_target_t48h,v1.12,0.004155892279594868,0.002384454802324871,96,39059
osi_target_t48h,weighted_alignment,0.0036973791213672606,0.002082402450228692,96,39059
osi_target_t48h,weighted_alignment_plus_tail,0.004155892279594868,0.002384454802324871,96,39059
osi_target_t48h,v1.12,0.0011885245172319567,0.000530118121564332,96,39061
osi_target_t48h,weighted_alignment,0.0010209691851867703,0.0005104388145332358,96,39061
osi_target_t48h,weighted_alignment_plus_tail,0.0011885245172319567,0.000530118121564332,96,39061
osi_target_t48h,v1.12,0.00139228974850176,0.0005380882310416658,96,39063
osi_target_t48h,weighted_alignment,0.0016997796383309977,0.0007043092886877821,96,39063
osi_target_t48h,weighted_alignment_plus_tail,0.00139228974850176,0.0005380882310416658,96,39063
osi_target_t48h,v1.12,0.0013646975108285544,0.0007010352496815987,96,39065
osi_target_t48h,weighted_alignment,0.0016312522549617279,0.0009896356349070141,96,39065
osi_target_t48h,weighted_alignment_plus_tail,0.0013646975108285544,0.0007010352496815987,96,39065
osi_target_t48h,v1.12,0.0005906699965126966,0.0002876592201960294,96,39069
osi_target_t48h,weighted_alignment,0.0004529739136480089,0.00022238516837101173,96,39069
osi_target_t48h,weighted_alignment_plus_tail,0.0005906699965126966,0.0002876592201960294,96,39069
osi_target_t48h,v1.12,0.001874877781614083,0.0010436716416065926,96,39073
osi_target_t48h,weighted_alignment,0.0026119574010726567,0.0017019206746848984,96,39073
osi_target_t48h,weighted_alignment_plus_tail,0.001874877781614083,0.0010436716416065926,96,39073
osi_target_t48h,v1.12,0.003333628916174787,0.0016735534155111777,96,39075
osi_target_t48h,weighted_alignment,0.0015283802778836865,0.001244904862034584,96,39075
osi_target_t48h,weighted_alignment_plus_tail,0.003333628916174787,0.0016735534155111777,96,39075
osi_target_t48h,v1.12,0.0011779670192986905,0.0005871224206293908,96,39077
osi_target_t48h,weighted_alignment,0.0016810208971358269,0.0015464221430342739,96,39077
osi_target_t48h,weighted_alignment_plus_tail,0.0011779670192986905,0.0005871224206293908,96,39077
osi_target_t48h,v1.12,0.002003439449307327,0.0013673882684356365,96,39081
osi_target_t48h,weighted_alignment,0.0014024633066336816,0.0009363145323874779,96,39081
osi_target_t48h,weighted_alignment_plus_tail,0.002003439449307327,0.0013673882684356365,96,39081
osi_target_t48h,v1.12,0.0019457937582450509,0.0009887755565023222,96,39085
osi_target_t48h,weighted_alignment,0.002308128518162593,0.0010673218813899495,96,39085
osi_target_t48h,weighted_alignment_plus_tail,0.0019457937582450509,0.0009887755565023222,96,39085
osi_target_t48h,v1.12,0.0013336444357074202,0.0008352459123245733,96,39087
osi_target_t48h,weighted_alignment,0.001435353843747768,0.0009368841653149277,96,39087
osi_target_t48h,weighted_alignment_plus_tail,0.0013336444357074202,0.0008352459123245733,96,39087
osi_target_t48h,v1.12,0.0015822063401869457,0.0008688975845371497,96,39089
osi_target_t48h,weighted_alignment,0.0015577912967031215,0.0013747844053807919,96,39089
osi_target_t48h,weighted_alignment_plus_tail,0.0015822063401869457,0.0008688975845371497,96,39089
osi_target_t48h,v1.12,0.006812801687585365,0.004373268060819314,96,39091
osi_target_t48h,weighted_alignment,0.005655980819412818,0.003969741271820502,96,39091
osi_target_t48h,weighted_alignment_plus_tail,0.006812801687585365,0.004373268060819314,96,39091
osi_target_t48h,v1.12,0.0009220342614166806,0.0005829846617166418,96,39093
osi_target_t48h,weighted_alignment,0.0008190607746139975,0.0004813268581181384,96,39093
osi_target_t48h,weighted_alignment_plus_tail,0.0009220342614166806,0.0005829846617166418,96,39093
osi_target_t48h,v1.12,0.000526748443604714,0.00030845621198517234,96,39095
osi_target_t48h,weighted_alignment,0.001189754773338368,0.001132494561790801,96,39095
osi_target_t48h,weighted_alignment_plus_tail,0.000526748443604714,0.00030845621198517234,96,39095
osi_target_t48h,v1.12,0.0023482208545878625,0.0007667414373728857,96,39097
osi_target_t48h,weighted_alignment,0.002272851776395466,0.0007379178094177225,96,39097
osi_target_t48h,weighted_alignment_plus_tail,0.0023482208545878625,0.0007667414373728857,96,39097
osi_target_t48h,v1.12,0.001254169126029322,0.0005133282790883467,96,39099
osi_target_t48h,weighted_alignment,0.0011984316962125444,0.0005938599085494641,96,39099
osi_target_t48h,weighted_alignment_plus_tail,0.001254169126029322,0.0005133282790883467,96,39099
osi_target_t48h,v1.12,0.006253650776750414,0.003995116577024071,96,39101
osi_target_t48h,weighted_alignment,0.005763601615182379,0.003826602673975627,96,39101
osi_target_t48h,weighted_alignment_plus_tail,0.006253650776750414,0.003995116577024071,96,39101
osi_target_t48h,v1.12,0.0025771520898544404,0.0014092331107630497,96,39103
osi_target_t48h,weighted_alignment,0.002988995029895095,0.001899279817477594,96,39103
osi_target_t48h,weighted_alignment_plus_tail,0.0025771520898544404,0.0014092331107630497,96,39103
osi_target_t48h,v1.12,0.004287747844217529,0.002062527752447078,96,39105
osi_target_t48h,weighted_alignment,0.004439264466244176,0.0026807197038417135,96,39105
osi_target_t48h,weighted_alignment_plus_tail,0.004287747844217529,0.002062527752447078,96,39105
osi_target_t48h,v1.12,0.005803849004249622,0.003460007435164579,96,39107
osi_target_t48h,weighted_alignment,0.005930710773607698,0.003402034131079746,96,39107
osi_target_t48h,weighted_alignment_plus_tail,0.005803849004249622,0.003460007435164579,96,39107
osi_target_t48h,v1.12,0.0012024936098867262,0.0006462449146599445,96,39109
osi_target_t48h,weighted_alignment,0.0017172327367188647,0.0016356083354687166,96,39109
osi_target_t48h,weighted_alignment_plus_tail,0.0012024936098867262,0.0006462449146599445,96,39109
osi_target_t48h,v1.12,0.0035515797238585985,0.0021352217398047336,96,39111
osi_target_t48h,weighted_alignment,0.0031054779621343363,0.0017022366165233983,96,39111
osi_target_t48h,weighted_alignment_plus_tail,0.0035515797238585985,0.0021352217398047336,96,39111
osi_target_t48h,v1.12,0.0014074478034427301,0.0006039312726321628,96,39113
osi_target_t48h,weighted_alignment,0.00135893501389909,0.0005230857081800037,96,39113
osi_target_t48h,weighted_alignment_plus_tail,0.0014074478034427301,0.0006039312726321628,96,39113
osi_target_t48h,v1.12,0.038580593801009366,0.008543447014187243,96,39115
osi_target_t48h,weighted_alignment,0.03856379338909632,0.008292303126453284,96,39115
osi_target_t48h,weighted_alignment_plus_tail,0.038580593801009366,0.008543447014187243,96,39115
osi_target_t48h,v1.12,0.006504254894764333,0.005003944216354351,96,39117
osi_target_t48h,weighted_alignment,0.006102069798175923,0.004685113275014744,96,39117
osi_target_t48h,weighted_alignment_plus_tail,0.006504254894764333,0.005003944216354351,96,39117
osi_target_t48h,v1.12,0.004658834271466322,0.00276863814230744,96,39119
osi_target_t48h,weighted_alignment,0.006088766235002559,0.004417789976724999,96,39119
osi_target_t48h,weighted_alignment_plus_tail,0.004658834271466322,0.00276863814230744,96,39119
osi_target_t48h,v1.12,0.0019126673152501412,0.0011859098961388658,96,39121
osi_target_t48h,weighted_alignment,0.0020021319603305103,0.001778089054086356,96,39121
osi_target_t48h,weighted_alignment_plus_tail,0.0019126673152501412,0.0011859098961388658,96,39121
osi_target_t48h,v1.12,0.0007202637452408276,0.0002961456645568898,96,39123
osi_target_t48h,weighted_alignment,0.0007029552349661188,0.00029713389892258084,96,39123
osi_target_t48h,weighted_alignment_plus_tail,0.0007202637452408276,0.0002961456645568898,96,39123
osi_target_t48h,v1.12,0.012412348199634063,0.0029761256343325427,96,39125
osi_target_t48h,weighted_alignment,0.012760435352566532,0.004492502562773421,96,39125
osi_target_t48h,weighted_alignment_plus_tail,0.012412348199634063,0.0029761256343325427,96,39125
osi_target_t48h,v1.12,0.004142274041288955,0.0020105185221651837,96,39127
osi_target_t48h,weighted_alignment,0.003299032764119196,0.001753934893602205,96,39127
osi_target_t48h,weighted_alignment_plus_tail,0.004142274041288955,0.0020105185221651837,96,39127
osi_target_t48h,v1.12,0.00034212510250675887,0.00015736888897336472,96,39129
osi_target_t48h,weighted_alignment,0.0003135160062388842,0.0001489794061121229,96,39129
osi_target_t48h,weighted_alignment_plus_tail,0.00034212510250675887,0.00015736888897336472,96,39129
osi_target_t48h,v1.12,0.0015884439921053826,0.0008846173949901209,96,39131
osi_target_t48h,weighted_alignment,0.001693880830850476,0.0010118578364568176,96,39131
osi_target_t48h,weighted_alignment_plus_tail,0.0015884439921053826,0.0008846173949901209,96,39131
osi_target_t48h,v1.12,0.0014779214066654224,0.0007577187145114006,96,39133
osi_target_t48h,weighted_alignment,0.0013747337544782368,0.0007360863238621802,96,39133
osi_target_t48h,weighted_alignment_plus_tail,0.0014779214066654224,0.0007577187145114006,96,39133
osi_target_t48h,v1.12,0.005083702013743169,0.0023575645407004245,96,39135
osi_target_t48h,weighted_alignment,0.005257839528395909,0.002453037016986808,96,39135
osi_target_t48h,weighted_alignment_plus_tail,0.005083702013743169,0.0023575645407004245,96,39135
osi_target_t48h,v1.12,0.00386920799179067,0.0015887456120254266,96,39137
osi_target_t48h,weighted_alignment,0.003463949350661121,0.0017039556396711286,96,39137
osi_target_t48h,weighted_alignment_plus_tail,0.00386920799179067,0.0015887456120254266,96,39137
osi_target_t48h,v1.12,0.008599471259327807,0.005478360126889618,96,39139
osi_target_t48h,weighted_alignment,0.00909356234030426,0.005801303302971475,96,39139
osi_target_t48h,weighted_alignment_plus_tail,0.008599471259327807,0.005478360126889618,96,39139
osi_target_t48h,v1.12,0.0013451405652849275,0.0008037943075930538,96,39141
osi_target_t48h,weighted_alignment,0.0013257752017044892,0.000874426177777333,96,39141
osi_target_t48h,weighted_alignment_plus_tail,0.0013451405652849275,0.0008037943075930538,96,39141
osi_target_t48h,v1.12,0.0004894329075012797,0.00025747256422493914,96,39143
osi_target_t48h,weighted_alignment,0.0004934312487550687,0.000268452310907676,96,39143
osi_target_t48h,weighted_alignment_plus_tail,0.0004894329075012797,0.00025747256422493914,96,39143
osi_target_t48h,v1.12,0.001031012571011563,0.0006083385382618511,96,39145
osi_target_t48h,weighted_alignment,0.0011651996940807655,0.0006681405412906796,96,39145
osi_target_t48h,weighted_alignment_plus_tail,0.001031012571011563,0.0006083385382618511,96,39145
osi_target_t48h,v1.12,0.0009987341111723708,0.00046316697888095225,96,39147
osi_target_t48h,weighted_alignment,0.0011377463365451227,0.0006491697472792798,96,39147
osi_target_t48h,weighted_alignment_plus_tail,0.0009987341111723708,0.00046316697888095225,96,39147
osi_target_t48h,v1.12,0.009538262110943333,0.0057463098381155195,96,39149
osi_target_t48h,weighted_alignment,0.00931551450240144,0.005420127142472028,96,39149
osi_target_t48h,weighted_alignment_plus_tail,0.009538262110943333,0.0057463098381155195,96,39149
osi_target_t48h,v1.12,0.0007834895681796271,0.00038327355900108197,96,39151
osi_target_t48h,weighted_alignment,0.0009189158573364124,0.00045639815472518953,96,39151
osi_target_t48h,weighted_alignment_plus_tail,0.0007834895681796271,0.00038327355900108197,96,39151
osi_target_t48h,v1.12,0.0011342804959506242,0.0006764016158599782,96,39153
osi_target_t48h,weighted_alignment,0.0013996140715206416,0.0007608947714399212,96,39153
osi_target_t48h,weighted_alignment_plus_tail,0.0011342804959506242,0.0006764016158599782,96,39153
osi_target_t48h,v1.12,0.001410769786255405,0.0004327298940897649,96,39155
osi_target_t48h,weighted_alignment,0.0019128418801088014,0.0015518749677149637,96,39155
osi_target_t48h,weighted_alignment_plus_tail,0.001410769786255405,0.0004327298940897649,96,39155
osi_target_t48h,v1.12,0.017421410356837284,0.009404948303400346,96,39157
osi_target_t48h,weighted_alignment,0.01904161070292332,0.010613996002820881,96,39157
osi_target_t48h,weighted_alignment_plus_tail,0.017421410356837284,0.009404948303400346,96,39157
osi_target_t48h,v1.12,0.001059130432335787,0.0006995492461360875,96,39159
osi_target_t48h,weighted_alignment,0.0017193517751807829,0.001124886913177605,96,39159
osi_target_t48h,weighted_alignment_plus_tail,0.001059130432335787,0.0006995492461360875,96,39159
osi_target_t48h,v1.12,0.00345499055984362,0.0011216632796410277,96,39161
osi_target_t48h,weighted_alignment,0.0033891668974903874,0.0011982954825233906,96,39161
osi_target_t48h,weighted_alignment_plus_tail,0.00345499055984362,0.0011216632796410277,96,39161
osi_target_t48h,v1.12,0.003431470231906536,0.0020684978207613346,96,39163
osi_target_t48h,weighted_alignment,0.0035224863603410344,0.002028976842526451,96,39163
osi_target_t48h,weighted_alignment_plus_tail,0.003431470231906536,0.0020684978207613346,96,39163
osi_target_t48h,v1.12,0.0011583837323030516,0.0005714137432574843,96,39165
osi_target_t48h,weighted_alignment,0.0010813564118588733,0.0005538562705603076,96,39165
osi_target_t48h,weighted_alignment_plus_tail,0.0011583837323030516,0.0005714137432574843,96,39165
osi_target_t48h,v1.12,0.003786461444418456,0.0015758803438127896,96,39167
osi_target_t48h,weighted_alignment,0.0036104759653163314,0.0015003901674448226,96,39167
osi_target_t48h,weighted_alignment_plus_tail,0.003786461444418456,0.0015758803438127896,96,39167
osi_target_t48h,v1.12,0.0017729803034046052,0.0009674310323793015,96,39169
osi_target_t48h,weighted_alignment,0.0017949041304271976,0.0009779433974323867,96,39169
osi_target_t48h,weighted_alignment_plus_tail,0.0017729803034046052,0.0009674310323793015,96,39169
osi_target_t48h,v1.12,0.0018531170366198402,0.001004464843493978,96,39171
osi_target_t48h,weighted_alignment,0.003304823136690679,0.0017562042255329072,96,39171
osi_target_t48h,weighted_alignment_plus_tail,0.0018531170366198402,0.001004464843493978,96,39171
osi_target_t48h,v1.12,0.0008548446795081826,0.0005129586039099885,96,39173
osi_target_t48h,weighted_alignment,0.001693818877424437,0.0016568112848462711,96,39173
osi_target_t48h,weighted_alignment_plus_tail,0.0008548446795081826,0.0005129586039099885,96,39173
osi_target_t48h,v1.12,0.0020164251751875603,0.0012540097423880893,96,39175
osi_target_t48h,weighted_alignment,0.001955028553198706,0.001044483662837308,96,39175
osi_target_t48h,weighted_alignment_plus_tail,0.0020164251751875603,0.0012540097423880893,96,39175
osi_target_t48h,v1.12,0.006302374731881999,0.0035394311801855978,96,42005
osi_target_t48h,weighted_alignment,0.005459224794067214,0.0028781708242117316,96,42005
osi_target_t48h,weighted_alignment_plus_tail,0.006302374731881999,0.0035394311801855978,96,42005
osi_target_t48h,v1.12,0.003024682545942591,0.001701861643742297,96,42007
osi_target_t48h,weighted_alignment,0.002634498043782479,0.0013802428105371054,96,42007
osi_target_t48h,weighted_alignment_plus_tail,0.003024682545942591,0.001701861643742297,96,42007
osi_target_t48h,v1.12,0.0012107557258641127,0.0008086894389361422,96,42009
osi_target_t48h,weighted_alignment,0.002464491444466511,0.0018075877437038635,96,42009
osi_target_t48h,weighted_alignment_plus_tail,0.0012107557258641127,0.0008086894389361422,96,42009
osi_target_t48h,v1.12,0.001406657693664491,0.0008190064933699587,96,42013
osi_target_t48h,weighted_alignment,0.0011317599368886773,0.0006401465724809062,96,42013
osi_target_t48h,weighted_alignment_plus_tail,0.001406657693664491,0.0008190064933699587,96,42013
osi_target_t48h,v1.12,0.0036022451002756745,0.0020941279944145306,96,42015
osi_target_t48h,weighted_alignment,0.00360213121800385,0.002218529871708104,96,42015
osi_target_t48h,weighted_alignment_plus_tail,0.0036022451002756745,0.0020941279944145306,96,42015
osi_target_t48h,v1.12,0.002508206425514397,0.0012089474297027833,96,42019
osi_target_t48h,weighted_alignment,0.0027122952906412554,0.0018448843917724545,96,42019
osi_target_t48h,weighted_alignment_plus_tail,0.002508206425514397,0.0012089474297027833,96,42019
osi_target_t48h,v1.12,0.001393392993064063,0.0005628446943801332,96,42021
osi_target_t48h,weighted_alignment,0.0017009813197537494,0.0008677916036066409,96,42021
osi_target_t48h,weighted_alignment_plus_tail,0.001393392993064063,0.0005628446943801332,96,42021
osi_target_t48h,v1.12,0.008210047574366894,0.0053067366296659785,96,42023
osi_target_t48h,weighted_alignment,0.006397832596647725,0.004308725665660999,96,42023
osi_target_t48h,weighted_alignment_plus_tail,0.008210047574366894,0.0053067366296659785,96,42023
osi_target_t48h,v1.12,0.001110716875969616,0.000655823233692363,96,42025
osi_target_t48h,weighted_alignment,0.0015429945538626558,0.0014433595468587562,96,42025
osi_target_t48h,weighted_alignment_plus_tail,0.001110716875969616,0.000655823233692363,96,42025
osi_target_t48h,v1.12,0.0016499155319266833,0.0008940523058923725,96,42027
osi_target_t48h,weighted_alignment,0.0013065778378386946,0.0008061911970410713,96,42027
osi_target_t48h,weighted_alignment_plus_tail,0.0016499155319266833,0.0008940523058923725,96,42027
osi_target_t48h,v1.12,0.013690039053585476,0.007136614737962022,96,42029
osi_target_t48h,weighted_alignment,0.013227066685199039,0.006906573762751645,96,42029
osi_target_t48h,weighted_alignment_plus_tail,0.013690039053585476,0.007136614737962022,96,42029
osi_target_t48h,v1.12,0.0047850723537139666,0.002747578134963601,96,42031
osi_target_t48h,weighted_alignment,0.005374874840468007,0.003427453539608933,96,42031
osi_target_t48h,weighted_alignment_plus_tail,0.0047850723537139666,0.002747578134963601,96,42031
osi_target_t48h,v1.12,0.003167335528982554,0.0019215494922983477,96,42033
osi_target_t48h,weighted_alignment,0.003188159277884536,0.0019243788555933217,96,42033
osi_target_t48h,weighted_alignment_plus_tail,0.003167335528982554,0.0019215494922983477,96,42033
osi_target_t48h,v1.12,0.0029374851607446156,0.0017726408203027654,96,42035
osi_target_t48h,weighted_alignment,0.004166527647170708,0.0027707467663427173,96,42035
osi_target_t48h,weighted_alignment_plus_tail,0.0029374851607446156,0.0017726408203027654,96,42035
osi_target_t48h,v1.12,0.009611512554143279,0.0038731238940895745,96,42039
osi_target_t48h,weighted_alignment,0.009742614493614552,0.004476798952911181,96,42039
osi_target_t48h,weighted_alignment_plus_tail,0.009611512554143279,0.0038731238940895745,96,42039
osi_target_t48h,v1.12,0.0014984214146208257,0.0006980646325399075,96,42041
osi_target_t48h,weighted_alignment,0.001960745764687627,0.0011256402035258652,96,42041
osi_target_t48h,weighted_alignment_plus_tail,0.0014984214146208257,0.0006980646325399075,96,42041
osi_target_t48h,v1.12,0.0011217487233133065,0.00044802056473868863,96,42043
osi_target_t48h,weighted_alignment,0.0016440411659300223,0.0011379351591249557,96,42043
osi_target_t48h,weighted_alignment_plus_tail,0.0011217487233133065,0.00044802056473868863,96,42043
osi_target_t48h,v1.12,0.0037363930350079217,0.0018964155017280257,96,42045
osi_target_t48h,weighted_alignment,0.00240160020728865,0.0011697070350456587,96,42045
osi_target_t48h,weighted_alignment_plus_tail,0.0037363930350079217,0.0018964155017280257,96,42045
osi_target_t48h,v1.12,0.0023547521037628073,0.001465394311075996,96,42047
osi_target_t48h,weighted_alignment,0.002044462825025991,0.0012537597431839392,96,42047
osi_target_t48h,weighted_alignment_plus_tail,0.0023547521037628073,0.001465394311075996,96,42047
osi_target_t48h,v1.12,0.0063989636627636085,0.0033005947021889606,96,42049
osi_target_t48h,weighted_alignment,0.00714012648452952,0.0035925175863268433,96,42049
osi_target_t48h,weighted_alignment_plus_tail,0.0063989636627636085,0.0033005947021889606,96,42049
osi_target_t48h,v1.12,0.0024817084275368306,0.0016150525617814352,96,42051
osi_target_t48h,weighted_alignment,0.0026027381804129557,0.0017484878737464799,96,42051
osi_target_t48h,weighted_alignment_plus_tail,0.0024817084275368306,0.0016150525617814352,96,42051
osi_target_t48h,v1.12,0.006568717704172714,0.0039033942394805896,96,42053
osi_target_t48h,weighted_alignment,0.00642899771483008,0.004555368779986083,96,42053
osi_target_t48h,weighted_alignment_plus_tail,0.006568717704172714,0.0039033942394805896,96,42053
osi_target_t48h,v1.12,0.0006692376566004192,0.00018638435967620925,96,42055
osi_target_t48h,weighted_alignment,0.001541890690067638,0.0014877644822496117,96,42055
osi_target_t48h,weighted_alignment_plus_tail,0.0006692376566004192,0.00018638435967620925,96,42055
osi_target_t48h,v1.12,0.002151369442242199,0.0011837967824306196,96,42057
osi_target_t48h,weighted_alignment,0.0033052093694801808,0.0018955224450007135,96,42057
osi_target_t48h,weighted_alignment_plus_tail,0.002151369442242199,0.0011837967824306196,96,42057
osi_target_t48h,v1.12,0.014181203983713305,0.0074674032224766205,96,42059
osi_target_t48h,weighted_alignment,0.013717888450181672,0.007381025465905611,96,42059
osi_target_t48h,weighted_alignment_plus_tail,0.014181203983713305,0.0074674032224766205,96,42059
osi_target_t48h,v1.12,0.0010568021795780837,0.0006050104018157443,96,42061
osi_target_t48h,weighted_alignment,0.0010198719344593594,0.0006007232555788554,96,42061
osi_target_t48h,weighted_alignment_plus_tail,0.0010568021795780837,0.0006050104018157443,96,42061
osi_target_t48h,v1.12,0.002371916070048824,0.0014114258643367246,96,42063
osi_target_t48h,weighted_alignment,0.002534526618186637,0.001616785678362308,96,42063
osi_target_t48h,weighted_alignment_plus_tail,0.002371916070048824,0.0014114258643367246,96,42063
osi_target_t48h,v1.12,0.0017094253864708305,0.0008460492635628747,96,42065
osi_target_t48h,weighted_alignment,0.0019162368930642243,0.0010997714133110386,96,42065
osi_target_t48h,weighted_alignment_plus_tail,0.0017094253864708305,0.0008460492635628747,96,42065
osi_target_t48h,v1.12,0.0018770845364437607,0.0008293344645410383,96,42067
osi_target_t48h,weighted_alignment,0.002309508011903965,0.001051398919916408,96,42067
osi_target_t48h,weighted_alignment_plus_tail,0.0018770845364437607,0.0008293344645410383,96,42067
osi_target_t48h,v1.12,0.0013633779619228637,0.0007020380431110363,96,42069
osi_target_t48h,weighted_alignment,0.000655089830032953,0.0003327525662305127,96,42069
osi_target_t48h,weighted_alignment_plus_tail,0.0013633779619228637,0.0007020380431110363,96,42069
osi_target_t48h,v1.12,0.0076807668941378335,0.003433010769167267,96,42075
osi_target_t48h,weighted_alignment,0.0076459697696803,0.004092686660664935,96,42075
osi_target_t48h,weighted_alignment_plus_tail,0.0076807668941378335,0.003433010769167267,96,42075
osi_target_t48h,v1.12,0.0041735361663723805,0.0023331020461542077,96,42077
osi_target_t48h,weighted_alignment,0.004307947543161808,0.00245542460313742,96,42077
osi_target_t48h,weighted_alignment_plus_tail,0.0041735361663723805,0.0023331020461542077,96,42077
osi_target_t48h,v1.12,0.0010090827378172978,0.0006439521077467478,96,42079
osi_target_t48h,weighted_alignment,0.0016945790052425632,0.0016171260204752042,96,42079
osi_target_t48h,weighted_alignment_plus_tail,0.0010090827378172978,0.0006439521077467478,96,42079
osi_target_t48h,v1.12,0.001871351826309177,0.00117204095586382,96,42081
osi_target_t48h,weighted_alignment,0.0017931244177894826,0.00108599621060631,96,42081
osi_target_t48h,weighted_alignment_plus_tail,0.001871351826309177,0.00117204095586382,96,42081
osi_target_t48h,v1.12,0.004513026238068633,0.003278459032788113,96,42083
osi_target_t48h,weighted_alignment,0.003922063024285462,0.0029241370406829386,96,42083
osi_target_t48h,weighted_alignment_plus_tail,0.004513026238068633,0.003278459032788113,96,42083
osi_target_t48h,v1.12,0.0023938630030074506,0.0011567115635563894,96,42085
osi_target_t48h,weighted_alignment,0.0024852229060365705,0.0015254267510887338,96,42085
osi_target_t48h,weighted_alignment_plus_tail,0.0023938630030074506,0.0011567115635563894,96,42085
osi_target_t48h,v1.12,0.00664117703381159,0.003443638988342756,96,42089
osi_target_t48h,weighted_alignment,0.006898725638649222,0.0039299737277138725,96,42089
osi_target_t48h,weighted_alignment_plus_tail,0.00664117703381159,0.003443638988342756,96,42089
osi_target_t48h,v1.12,0.004566031452227566,0.002212235282418509,96,42091
osi_target_t48h,weighted_alignment,0.004770579694810739,0.0026585950237582325,96,42091
osi_target_t48h,weighted_alignment_plus_tail,0.004566031452227566,0.002212235282418509,96,42091
osi_target_t48h,v1.12,0.0034639991989549525,0.0018253502768565567,96,42095
osi_target_t48h,weighted_alignment,0.004313244200041998,0.002346439569598551,96,42095
osi_target_t48h,weighted_alignment_plus_tail,0.0034639991989549525,0.0018253502768565567,96,42095
osi_target_t48h,v1.12,0.002256982517488716,0.0010266733516885995,96,42097
osi_target_t48h,weighted_alignment,0.0026023295453234422,0.0013631369940675809,96,42097
osi_target_t48h,weighted_alignment_plus_tail,0.002256982517488716,0.0010266733516885995,96,42097
osi_target_t48h,v1.12,0.005588974032768186,0.003523514903366601,96,42101
osi_target_t48h,weighted_alignment,0.005219448589347182,0.003035236828879797,96,42101
osi_target_t48h,weighted_alignment_plus_tail,0.005588974032768186,0.003523514903366601,96,42101
osi_target_t48h,v1.12,0.0028876414440432282,0.0014694346465473085,96,42103
osi_target_t48h,weighted_alignment,0.0034645655592506867,0.0018161840266573842,96,42103
osi_target_t48h,weighted_alignment_plus_tail,0.0028876414440432282,0.0014694346465473085,96,42103
osi_target_t48h,v1.12,0.00692813679978837,0.0018113397220469501,96,42109
osi_target_t48h,weighted_alignment,0.007365847832098782,0.0018151755439768898,96,42109
osi_target_t48h,weighted_alignment_plus_tail,0.00692813679978837,0.0018113397220469501,96,42109
osi_target_t48h,v1.12,0.00439399239256252,0.0028913265425127427,96,42113
osi_target_t48h,weighted_alignment,0.004045977488231453,0.0025078445540208404,96,42113
osi_target_t48h,weighted_alignment_plus_tail,0.00439399239256252,0.0028913265425127427,96,42113
osi_target_t48h,v1.12,0.005416514054386146,0.0026050899308941093,96,42115
osi_target_t48h,weighted_alignment,0.0049985618672169696,0.0023921825746416434,96,42115
osi_target_t48h,weighted_alignment_plus_tail,0.005416514054386146,0.0026050899308941093,96,42115
osi_target_t48h,v1.12,0.003347277149984889,0.0015407568004375078,96,42119
osi_target_t48h,weighted_alignment,0.0036884484404726635,0.0016834027702830982,96,42119
osi_target_t48h,weighted_alignment_plus_tail,0.003347277149984889,0.0015407568004375078,96,42119
osi_target_t48h,v1.12,0.003947533030761853,0.001911304925692853,96,42121
osi_target_t48h,weighted_alignment,0.004193771313312409,0.0029704200289386146,96,42121
osi_target_t48h,weighted_alignment_plus_tail,0.003947533030761853,0.001911304925692853,96,42121
osi_target_t48h,v1.12,0.002607376406011436,0.0016423175867764552,96,42125
osi_target_t48h,weighted_alignment,0.0023117196476526757,0.0014778167710972105,96,42125
osi_target_t48h,weighted_alignment_plus_tail,0.002607376406011436,0.0016423175867764552,96,42125
osi_target_t48h,v1.12,0.004024321088012037,0.0019938742063940543,96,42127
osi_target_t48h,weighted_alignment,0.0038872632855629654,0.001884771853939931,96,42127
osi_target_t48h,weighted_alignment_plus_tail,0.004024321088012037,0.0019938742063940543,96,42127
osi_target_t48h,v1.12,0.0011202538961637355,0.000701212804511007,96,42129
osi_target_t48h,weighted_alignment,0.0007861825336486116,0.000506648827229933,96,42129
osi_target_t48h,weighted_alignment_plus_tail,0.0011202538961637355,0.000701212804511007,96,42129
osi_target_t48h,v1.12,0.0028389099243847004,0.0013168463209614226,96,42131
osi_target_t48h,weighted_alignment,0.002787039277503492,0.001400119962063166,96,42131
osi_target_t48h,weighted_alignment_plus_tail,0.0028389099243847004,0.0013168463209614226,96,42131
osi_target_t48h,v1.12,0.001289444537979369,0.0006724854386211754,96,42133
osi_target_t48h,weighted_alignment,0.0019137072970520246,0.0009223614278223187,96,42133
osi_target_t48h,weighted_alignment_plus_tail,0.001289444537979369,0.0006724854386211754,96,42133
osi_target_t48h,v1.12,0.029136875002200815,0.017046906333658563,96,54007
osi_target_t48h,weighted_alignment,0.028670402099367737,0.016982968570783873,96,54007
osi_target_t48h,weighted_alignment_plus_tail,0.029136875002200815,0.017046906333658563,96,54007
osi_target_t48h,v1.12,0.004279144022973056,0.002707999677151976,96,54009
osi_target_t48h,weighted_alignment,0.004837993835344594,0.0034620543342251905,96,54009
osi_target_t48h,weighted_alignment_plus_tail,0.004279144022973056,0.002707999677151976,96,54009
osi_target_t48h,v1.12,0.0489543174872842,0.03015619808784818,96,54013
osi_target_t48h,weighted_alignment,0.05174650849368658,0.03152903156164829,96,54013
osi_target_t48h,weighted_alignment_plus_tail,0.0489543174872842,0.03015619808784818,96,54013
osi_target_t48h,v1.12,0.05685161672902959,0.033485883163331905,96,54015
osi_target_t48h,weighted_alignment,0.05826158279106265,0.034585334670951456,96,54015
osi_target_t48h,weighted_alignment_plus_tail,0.05685161672902959,0.033485883163331905,96,54015
osi_target_t48h,v1.12,0.006916035074953332,0.0040000526434125884,96,54019
osi_target_t48h,weighted_alignment,0.006937988182944535,0.003996165626006704,96,54019
osi_target_t48h,weighted_alignment_plus_tail,0.006916035074953332,0.0040000526434125884,96,54019
osi_target_t48h,v1.12,0.0007788313612471447,0.00035479293830618035,96,54023
osi_target_t48h,weighted_alignment,0.0007862541106280755,0.00041376983649560637,96,54023
osi_target_t48h,weighted_alignment_plus_tail,0.0007788313612471447,0.00035479293830618035,96,54023
osi_target_t48h,v1.12,0.0008898977753052298,0.0004967738416854774,96,54025
osi_target_t48h,weighted_alignment,0.001796821234009204,0.0010504712151151892,96,54025
osi_target_t48h,weighted_alignment_plus_tail,0.0008898977753052298,0.0004967738416854774,96,54025
osi_target_t48h,v1.12,0.0009758735114330185,0.0005403999279194603,96,54027
osi_target_t48h,weighted_alignment,0.0014836184585295725,0.0010297421765852344,96,54027
osi_target_t48h,weighted_alignment_plus_tail,0.0009758735114330185,0.0005403999279194603,96,54027
osi_target_t48h,v1.12,0.003028056680183352,0.0019087778858110636,96,54029
osi_target_t48h,weighted_alignment,0.0031819663984246635,0.00226972609976654,96,54029
osi_target_t48h,weighted_alignment_plus_tail,0.003028056680183352,0.0019087778858110636,96,54029
osi_target_t48h,v1.12,0.002106965527238514,0.0013989238312332754,96,54031
osi_target_t48h,weighted_alignment,0.0023671724262089005,0.00143455259586738,96,54031
osi_target_t48h,weighted_alignment_plus_tail,0.002106965527238514,0.0013989238312332754,96,54031
osi_target_t48h,v1.12,0.004974727871917981,0.0027777756728397233,96,54033
osi_target_t48h,weighted_alignment,0.0045281873581318,0.0027630421194933114,96,54033
osi_target_t48h,weighted_alignment_plus_tail,0.004974727871917981,0.0027777756728397233,96,54033
osi_target_t48h,v1.12,0.003165978942774089,0.0018700447503252158,96,54035
osi_target_t48h,weighted_alignment,0.003118386336687868,0.0017723112589654482,96,54035
osi_target_t48h,weighted_alignment_plus_tail,0.003165978942774089,0.0018700447503252158,96,54035
osi_target_t48h,v1.12,0.0035112413762732044,0.001517541381489137,96,54037
osi_target_t48h,weighted_alignment,0.003506612817204426,0.00228979010056388,96,54037
osi_target_t48h,weighted_alignment_plus_tail,0.0035112413762732044,0.001517541381489137,96,54037
osi_target_t48h,v1.12,0.003437084753789351,0.0021919677202915425,96,54039
osi_target_t48h,weighted_alignment,0.0029420381308885753,0.0019190726750465913,96,54039
osi_target_t48h,weighted_alignment_plus_tail,0.003437084753789351,0.0021919677202915425,96,54039
osi_target_t48h,v1.12,0.0173994307851473,0.004722068906233342,96,54041
osi_target_t48h,weighted_alignment,0.017432914849099417,0.004295351699057655,96,54041
osi_target_t48h,weighted_alignment_plus_tail,0.0173994307851473,0.004722068906233342,96,54041
osi_target_t48h,v1.12,0.009316532354422013,0.004522929932438163,96,54043
osi_target_t48h,weighted_alignment,0.009525465636997353,0.004667014814805516,96,54043
osi_target_t48h,weighted_alignment_plus_tail,0.009316532354422013,0.004522929932438163,96,54043
osi_target_t48h,v1.12,0.012367330824578792,0.007556901110952512,96,54045
osi_target_t48h,weighted_alignment,0.01129684332353649,0.006950760209684277,96,54045
osi_target_t48h,weighted_alignment_plus_tail,0.012367330824578792,0.007556901110952512,96,54045
osi_target_t48h,v1.12,0.006732602575821308,0.0041872207581362085,96,54047
osi_target_t48h,weighted_alignment,0.00578360024789564,0.004348764840830238,96,54047
osi_target_t48h,weighted_alignment_plus_tail,0.006732602575821308,0.0041872207581362085,96,54047
osi_target_t48h,v1.12,0.0015568372527974266,0.0009674110979455082,96,54053
osi_target_t48h,weighted_alignment,0.0017102924254025276,0.0016049050569108235,96,54053
osi_target_t48h,weighted_alignment_plus_tail,0.0015568372527974266,0.0009674110979455082,96,54053
osi_target_t48h,v1.12,0.0013151862157536477,0.0006760513669234735,96,54055
osi_target_t48h,weighted_alignment,0.0014699337248987338,0.0009087029278390979,96,54055
osi_target_t48h,weighted_alignment_plus_tail,0.0013151862157536477,0.0006760513669234735,96,54055
osi_target_t48h,v1.12,0.0009181023885346082,0.0003070237127044957,96,54057
osi_target_t48h,weighted_alignment,0.0014651664476985295,0.0007467665368113926,96,54057
osi_target_t48h,weighted_alignment_plus_tail,0.0009181023885346082,0.0003070237127044957,96,54057
osi_target_t48h,v1.12,0.016916736969574055,0.008752668122754562,96,54059
osi_target_t48h,weighted_alignment,0.016545186478426673,0.008958826175789686,96,54059
osi_target_t48h,weighted_alignment_plus_tail,0.016916736969574055,0.008752668122754562,96,54059
osi_target_t48h,v1.12,0.001915512226587026,0.001160883094128756,96,54063
osi_target_t48h,weighted_alignment,0.001681258970908261,0.0010313106058744204,96,54063
osi_target_t48h,weighted_alignment_plus_tail,0.001915512226587026,0.001160883094128756,96,54063
osi_target_t48h,v1.12,0.0058036604556942345,0.002493331711417876,96,54067
osi_target_t48h,weighted_alignment,0.005556502940712827,0.002270982516780025,96,54067
osi_target_t48h,weighted_alignment_plus_tail,0.0058036604556942345,0.002493331711417876,96,54067
osi_target_t48h,v1.12,0.0040623358737777214,0.002029844136762844,96,54069
osi_target_t48h,weighted_alignment,0.00410480051322291,0.002404677585483171,96,54069
osi_target_t48h,weighted_alignment_plus_tail,0.0040623358737777214,0.002029844136762844,96,54069
osi_target_t48h,v1.12,0.010188841087479753,0.007261697349222049,96,54071
osi_target_t48h,weighted_alignment,0.008457427209183061,0.006618896673580811,96,54071
osi_target_t48h,weighted_alignment_plus_tail,0.010188841087479753,0.007261697349222049,96,54071
osi_target_t48h,v1.12,0.0053295889023726286,0.0031642661719270813,96,54073
osi_target_t48h,weighted_alignment,0.006140412022411866,0.0037233411835624224,96,54073
osi_target_t48h,weighted_alignment_plus_tail,0.0053295889023726286,0.0031642661719270813,96,54073
osi_target_t48h,v1.12,0.0025556262943890783,0.0015791825400733761,96,54075
osi_target_t48h,weighted_alignment,0.0030334544050926227,0.0018687452510762707,96,54075
osi_target_t48h,weighted_alignment_plus_tail,0.0025556262943890783,0.0015791825400733761,96,54075
osi_target_t48h,v1.12,0.0002542145869361572,8.441279121899324e-05,96,54077
osi_target_t48h,weighted_alignment,0.0009538089323988404,0.0005543803676406239,96,54077
osi_target_t48h,weighted_alignment_plus_tail,0.0002542145869361572,8.441279121899324e-05,96,54077
osi_target_t48h,v1.12,0.001306082037208186,0.0007955306872832335,96,54079
osi_target_t48h,weighted_alignment,0.0012365041839002594,0.0007080488108093429,96,54079
osi_target_t48h,weighted_alignment_plus_tail,0.001306082037208186,0.0007955306872832335,96,54079
osi_target_t48h,v1.12,0.001157828222922469,0.0007700345423142128,96,54081
osi_target_t48h,weighted_alignment,0.0015178151285549807,0.0013927887702386871,96,54081
osi_target_t48h,weighted_alignment_plus_tail,0.001157828222922469,0.0007700345423142128,96,54081
osi_target_t48h,v1.12,0.0036744892223600258,0.0028306214941871597,96,54083
osi_target_t48h,weighted_alignment,0.0038455438134578582,0.0030691937321099655,96,54083
osi_target_t48h,weighted_alignment_plus_tail,0.0036744892223600258,0.0028306214941871597,96,54083
osi_target_t48h,v1.12,0.015791596695641875,0.008653171731369846,96,54085
osi_target_t48h,weighted_alignment,0.013691168993486342,0.007926370092513318,96,54085
osi_target_t48h,weighted_alignment_plus_tail,0.015791596695641875,0.008653171731369846,96,54085
osi_target_t48h,v1.12,0.010343035889839588,0.005601988830353435,96,54087
osi_target_t48h,weighted_alignment,0.011443512994521232,0.005760710447198052,96,54087
osi_target_t48h,weighted_alignment_plus_tail,0.010343035889839588,0.005601988830353435,96,54087
osi_target_t48h,v1.12,0.0009544433815548301,0.0006369042052788479,96,54089
osi_target_t48h,weighted_alignment,0.002026212458032449,0.0019589030195534037,96,54089
osi_target_t48h,weighted_alignment_plus_tail,0.0009544433815548301,0.0006369042052788479,96,54089
osi_target_t48h,v1.12,0.000966957239251303,0.0006142372965069316,96,54091
osi_target_t48h,weighted_alignment,0.0020068309050813174,0.001839592880897238,96,54091
osi_target_t48h,weighted_alignment_plus_tail,0.000966957239251303,0.0006142372965069316,96,54091
osi_target_t48h,v1.12,0.003769183247759281,0.0026074313597517183,96,54093
osi_target_t48h,weighted_alignment,0.0038236407761515837,0.002421066646793758,96,54093
osi_target_t48h,weighted_alignment_plus_tail,0.003769183247759281,0.0026074313597517183,96,54093
osi_target_t48h,v1.12,0.015984846663693358,0.007346716691087873,96,54095
osi_target_t48h,weighted_alignment,0.014653734258335814,0.006895508374975386,96,54095
osi_target_t48h,weighted_alignment_plus_tail,0.015984846663693358,0.007346716691087873,96,54095
osi_target_t48h,v1.12,0.0011112315566497617,0.0006612273843752942,96,54097
osi_target_t48h,weighted_alignment,0.0018246032799928457,0.0009236462599260797,96,54097
osi_target_t48h,weighted_alignment_plus_tail,0.0011112315566497617,0.0006612273843752942,96,54097
osi_target_t48h,v1.12,0.003405854333160057,0.0027147423820225204,96,54099
osi_target_t48h,weighted_alignment,0.004083681718273201,0.003692532373773018,96,54099
osi_target_t48h,weighted_alignment_plus_tail,0.003405854333160057,0.0027147423820225204,96,54099
osi_target_t48h,v1.12,0.007890818473946369,0.005492135032381368,96,54101
osi_target_t48h,weighted_alignment,0.005982000024443386,0.004100872205021966,96,54101
osi_target_t48h,weighted_alignment_plus_tail,0.007890818473946369,0.005492135032381368,96,54101
osi_target_t48h,v1.12,0.009518955099921166,0.00672180220144266,96,54103
osi_target_t48h,weighted_alignment,0.009401792328612692,0.006879253956345608,96,54103
osi_target_t48h,weighted_alignment_plus_tail,0.009518955099921166,0.00672180220144266,96,54103
osi_target_t48h,v1.12,0.007523480434028195,0.0043509959692027995,96,54105
osi_target_t48h,weighted_alignment,0.007881094807933179,0.004415941625922146,96,54105
osi_target_t48h,weighted_alignment_plus_tail,0.007523480434028195,0.0043509959692027995,96,54105
osi_target_t48h,v1.12,0.0011860239997557778,0.0007056635240297496,96,54107
osi_target_t48h,weighted_alignment,0.001408006292324683,0.0008908721145910145,96,54107
osi_target_t48h,weighted_alignment_plus_tail,0.0011860239997557778,0.0007056635240297496,96,54107
osi_target_t48h,v1.12,0.006358258150229034,0.004662352776412009,96,54109
osi_target_t48h,weighted_alignment,0.008532185200712548,0.006911581814927827,96,54109
osi_target_t48h,weighted_alignment_plus_tail,0.006358258150229034,0.004662352776412009,96,54109
