tree
version=v4
num_class=1
num_tree_per_iteration=1
label_index=0
max_feature_idx=162
objective=huber
feature_names=last_osi last_P_t last_N_t last_D_t last_R_t last_outage_pct osi_mean_72h osi_max_72h osi_std_72h outage_pct_mean_72h outage_pct_max_72h N_t_mean_72h N_t_max_72h R_t_mean_72h R_t_max_72h pre_event_mean_osi pre_event_max_outage_pct storm_onset_max_osi storm_onset_mean_osi osi_trend_last6h is_worsening frac_zero_72h hours_since_peak gust_mean_obs gust_max_obs gust_gt30_obs gust_gt40_obs cumul_gust_obs gust_last_obs gust_max_last6h_obs gust_trend_last6h_obs gust_t wind_speed_t wind_sin_t wind_cos_t t2m_t d2m_t tp_t rain_t csnow_t sdwe_t r2_t vpd_t soil_moist_t blh_t tcc_t lcc_t mcc_t hcc_t sp_t mslma_t sdswrf_t direct_rad_t diffuse_rad_t et0_t temp_c_t dewpoint_c_t icing_risk_t gust_exceed_30 soil_moist_x_gust is_snowing gust_x_hso gust_x_phase soil_gust_x_phase gust_exceed30_x_hso gust_max_next_1h gust_mean_next_1h wind_speed_max_next_1h total_tp_next_1h min_t2m_next_1h gust_gt30_next_1h gust_gt40_next_1h gust_peak4h_mean_next_1h gust_max_next_6h gust_mean_next_6h wind_speed_max_next_6h total_tp_next_6h min_t2m_next_6h gust_gt30_next_6h gust_gt40_next_6h gust_peak4h_mean_next_6h gust_max_next_24h gust_mean_next_24h wind_speed_max_next_24h total_tp_next_24h min_t2m_next_24h gust_gt30_next_24h gust_gt40_next_24h gust_peak4h_mean_next_24h gust_max_next_48h gust_mean_next_48h wind_speed_max_next_48h total_tp_next_48h min_t2m_next_48h gust_gt30_next_48h gust_gt40_next_48h gust_peak4h_mean_next_48h gust_change_1h gust_change_3h pressure_change_3h pressure_change_6h temp_change_6h wind_change_1h cumul_gust_since_onset cumul_tp_since_onset gust_gt30_since_onset gust_at_t1h wind_speed_at_t1h t2m_at_t1h tp_at_t1h gust_at_t6h wind_speed_at_t6h t2m_at_t6h tp_at_t6h gust_at_t24h wind_speed_at_t24h t2m_at_t24h tp_at_t24h gust_at_t48h wind_speed_at_t48h t2m_at_t48h tp_at_t48h hour_of_day hour_sin hour_cos days_since_onset hours_since_obs storm_phase log_customers rural_urban_code is_metro pop_density n_utilities pct_forest pct_developed pct_agriculture pct_water pct_wetland pct_unmapped pct_forest_classified tree_canopy_pct tree_canopy_std forest_x_customers window_len_next_1h is_full_next_1h tp_rate_next_1h gust_gt30_frac_next_1h has_weather_at_t1h window_len_next_6h is_full_next_6h tp_rate_next_6h gust_gt30_frac_next_6h has_weather_at_t6h window_len_next_24h is_full_next_24h tp_rate_next_24h gust_gt30_frac_next_24h has_weather_at_t24h window_len_next_48h is_full_next_48h tp_rate_next_48h gust_gt30_frac_next_48h has_weather_at_t48h
feature_infos=[0:0.55230000000000001] [0:0.82424180700000005] [0:0.065400654000000003] [0:0.90465771100000003] [0:0.058582058999999999] [0:82.420000000000002] [4.1666666666666669e-06:0.26529999999999998] [0.0001:0.65049999999999997] [1.9982631347136334e-05:0.22470370552747407] [0.00083333333333333328:39.644861111111112] [0.02:100] [3.1208333333333337e-06:0.018623942125000001] [7.4900000000000005e-05:0.37916412199999999] [3.1208333333333337e-06:0.017093115180555556] [7.4900000000000005e-05:0.18675781699999999] [0:0.38653749999999998] [0:100] [0:0.59799999999999998] [0:0.20940416666666664] [-0.055854285714285697:0.019237142857142855] [0:1] [0:0.95833333333333337] [0:71] [13.03611111111111:31.258333333333326] [29.100000000000001:70] [0:35] [0:18] [938.59999999999991:2250.5999999999995] [3.5:47.5] [15.6:62.399999999999999] [-5.5599999999999996:2.9057142857142817] [0.59999999999999998:58.299999999999997] [0:38] [-0.99999999953664132:0.99999999987412524] [-0.99999998754592778:1] [259.42265909999998:298.4303941] [257.33913039999999:289.8677619] [0:11.300000000000001] [0:11.300000000000001] [0:2.6600000000000001] [0:0.089999999999999997] [15:100] [0:2.5] [0.16700000000000001:0.52300000000000002] [10:3090] [0:100] [0:100] [0:100] [0:100] [884.60000000000002:1027.2] [986.70000000000005:1031.8] [0:863] [0:737] [0:463] [0:0.60999999999999999] [-13.727340900000002:25.280394100000024] [-15.81086959999999:16.717761900000028] [0:1] [0:28.299999999999997] [0.19259999999999999:23.550000000000001] [0:1] [0.80000000000000004:3819.7999999999997] [0:107.59999999999999] [0:47.100000000000001] [0:1689.7999999999997] [1.2:58.299999999999997] [0.89999999999999991:54.5] [0:38] [0:14.4] [259.42265909999998:298.21776599999998] [0:2] [0:2] [0.89999999999999991:54.5] [2.2000000000000002:58.299999999999997] [2.0571428571428569:49.328571428571429] [0.40000000000000002:38] [0:26.699999999999999] [259.42265909999998:296.40927479999999] [0:7] [0:7] [2.1500000000000004:52.550000000000004] [2.2000000000000002:58.299999999999997] [2.1500000000000004:43.052] [0.5:38] [0:51.199999999999996] [259.42265909999998:288.11321839999999] [0:25] [0:18] [2.1500000000000004:52.550000000000004] [2.2000000000000002:58.299999999999997] [2.1500000000000004:37.897959183673471] [0.5:38] [0:52.900000000000006] [259.42265909999998:288.11321839999999] [0:40] [0:20] [2.1500000000000004:52.550000000000004] [-24.299999999999997:28.199999999999999] [-32:32.699999999999996] [-6.1999999999999318:10.599999999999909] [-10.899999999999977:14.599999999999909] [-19.418857099999968:21.091773399999965] [-14.400000000000002:28.000000000000004] [347.09999999999997:4409.7999999999993] [0:53.200000000000003] [0:60] [0.59999999999999998:58.299999999999997] [0:38] [259.42265909999998:298.4303941] [0:11.300000000000001] [0.90000000000000002:58.299999999999997] [0:38] [259.42265909999998:298.4303941] [0:11.300000000000001] [0.90000000000000002:58.299999999999997] [0:38] [259.42265909999998:298.4303941] [0:11.300000000000001] [0.90000000000000002:53.799999999999997] [0:34.299999999999997] [259.42265909999998:296.58327589999999] [0:11.300000000000001] [0:23] [-1:1] [-1:1] [1:6] [1:143] [0:3] [7.1180162044653335:13.453719692845613] [1:9] [0:1] [8.3691524328166658:11939.655837338518] [1:14] [0.96999999999999997:88.719999999999999] [2.21:86.629999999999995] [0.040000000000000001:87.469999999999999] [0.01:5.5099999999999998] [0:19.780000000000001] [1.8899999999999999:18.32] [0.98868616858628067:95.815074496056084] [2.2000000000000002:81.680000000000007] [12.65:40.140000000000001] [8.0679963363985543:931.74929212165569] none none [0:7.2000000000000002] [0:1] none [2:7] [0:1] [0:3.8142857142857141] [0:1] [0:1] [2:25] [0:1] [0:2.048] [0:1] [0:1] [2:49] [0:1] [0:1.0795918367346939] [0:0.81632653061224492] [0:1]
tree_sizes=2906 2942 2998 2951 2965 2979 2941 2968 2957 2997 2971 2907 2956 2995 2998 2984 2935 2938 2908 2961 3033 2906 2989 2950 2977 2971 3022 2966 2987 2940 2964 2967 3014 3030 3004 2922 2977 2937 2904 2908 2949 3048 2908 3013 2943 2920 2965 2987 2903 2980 2955 2999 2948 3001 2941 2965 2950 2933 2922 2928 3009 2957 2895 2987 2957 2970 3036 2975 2971 3006 2979 2954 2949 3003 3042 3003 2863 3003 2958 2967 3036 3010 2926 2862 2922 3101 3016 2988 2986 2884 3023 2988 2908 2995 2929 2990 2949 2979 2950 2999 3005 3006 2924 2884 2872 2921 2903 3025 2915 2895 2951 2988 2977 2916 2928 2998 2885 2990 2945 2924 2992 2876 2901 2925 2929 2922 3020 2942 2898 2988 2901 2840 2805 2863 3033 2922 2999 2966 2865 2904 2898 2903 2861 2902 2970 2871 2965 2966 2968 2913 2928 2875 2863 2904 2892 2971 2910 2879 2909 2835 2936 2930 2978 2962 2910 2839 2832 2955 2986 2883 2841 2959 2917 2783 2867 2921 2913 2880 2814 2839 2886 2947 2841 2839 2881 2910 2854 2823 2803 2913 2814 2789 2963 2846 2872 2872 2861 2933 2852 2820 2911 2926 2865 2924 2854 2836 2961 2945 2870 2787 2890 2902 2879 2795 2819 2820 2975 2861 2875 2964 2871 2954 2807 2812 2847 2877 2885 2836 2792 2875 2934 2882 2832 2807 2840 2832 2856 2903 2808 2852 2914 2913 2850 2848 2870 2904 2780 2863 2864 2867 2816 2830 2845 2845 2864 2804 2857 2811 2827 2862 2833 2917 2861 2785 2916 2845 2857 2804 2792 2835 2946 2829 2837 2771 2866 2808 2929 2775 2843 2789 2758 2762 2766 2807 2819 2749 2872 2803 2802 2866 2786 2884 2924 2868 2790 2731 2781 2796 2722 2735 2700 2807 2821 2781

Tree=0
num_leaves=31
num_cat=0
split_feature=0 126 1 126 2 126 126 105 0 126 0 1 139 93 49 131 50 2 46 107 103 120 85 137 81 96 29 90 40 11
split_gain=3.44509 5.41114 1.03408 4.36439 0.928396 0.49466 0.490433 0.256034 0.190619 0.892613 0.148692 0.148227 0.120955 0.386965 0.754828 0.118016 0.0506682 0.0700185 0.0489912 0.0461586 0.0451591 0.0347132 0.0318399 0.0289832 0.0269769 0.0241338 0.0189788 0.0156014 0.0149173 0.0334622
threshold=0.21365000000000003 33.500000000000007 0.13543613500000004 19.500000000000004 0.0028720645000000007 63.500000000000007 18.500000000000004 20.500000000000004 0.028450000000000003 19.500000000000004 0.054350000000000009 0.20970769550000004 91.048068522959113 262.98831115000002 966.85000000000002 100.2802120376448 1005.2500000000001 0.0035617145000000003 3.5000000000000004 9.6500000000000004 2699.1500000000001 273.25867570000008 268.31835405000004 1.7400000000000002 39.550000000000004 38.937500000000007 24.550000000000004 14.398979591836737 0.03500000000000001 0.0023811128958333336
decision_type=2 2 2 2 2 2 2 2 2 2 2 2 2 2 2 2 2 2 2 2 2 8 2 2 2 2 2 2 2 2
left_child=2 6 8 4 11 22 -2 15 12 10 18 25 16 14 -14 -5 17 26 -10 -17 28 23 -3 -9 -12 -4 -1 -7 -11 -30
right_child=1 5 3 7 -6 27 -8 21 9 20 24 -13 13 -15 -16 19 -18 -19 -20 -21 -22 -23 -24 -25 -26 -27 -28 -29 29 -31
leaf_value=0.0083793733977080564 0.024800331310172456 0.011089997537882246 0.013203656501369947 0.0084253918118402521 0.020767203156353151 0.0079118883521814148 0.017501456313423834 0.0082166501996183781 0.0089867120643996184 0.0082203791054107685 0.011693637652910857 0.015480814340360555 0.0080660978601388867 0.0080728979528443615 0.015142899776584869 0.011591421864827502 0.0078986452792266758 0.0094905131028863183 0.010854555590605219 0.0097479310825062167 0.0078751449168440683 0.0078987174343924417 0.013389544043913359 0.009321271968716148 0.010144443055418213 0.011127671769517705 0.0080283039349278579 0.008732537636494158 0.0097614459963071588 0.008122159469233366
leaf_weight=450 66 51 51 125 64 167 50 192 164 1355 177 70 95 768 60 66 12525 91 50 111 1475 1019 50 80 59 54 2150 86 51 65
leaf_count=450 66 51 51 125 64 167 50 192 164 1355 177 70 95 768 60 66 12525 91 50 111 1475 1019 50 80 59 54 2150 86 51 65
internal_value=0.00824649 0.0124766 0.00815349 0.00928858 0.0155746 0.00937676 0.021803 0.00833834 0.00804673 0.00838623 0.0104585 0.0135867 0.00797498 0.00852775 0.0108001 0.00964854 0.00794111 0.00814065 0.0094565 0.0104784 0.00807074 0.00803486 0.0123167 0.00852599 0.0113371 0.0122205 0.00809102 0.00821136 0.00826359 0.00880697
internal_weight=21837 470 21367 1832 239 354 116 1593 19535 3396 450 175 16139 923 155 302 15216 2691 214 177 2946 1291 101 272 236 105 2600 253 1471 116
internal_count=21837 470 21367 1832 239 354 116 1593 19535 3396 450 175 16139 923 155 302 15216 2691 214 177 2946 1291 101 272 236 105 2600 253 1471 116
is_linear=0
shrinkage=1


Tree=1
num_leaves=31
num_cat=0
split_feature=3 126 5 126 2 93 126 133 112 103 4 5 126 5 131 3 103 59 2 36 69 67 120 137 126 40 11 36 90 3
split_gain=3.11675 4.895 0.935684 3.94846 0.837059 0.583984 0.359301 0.324005 0.825594 0.228877 0.195876 0.188964 0.802536 0.14286 0.110869 0.0580071 0.045336 0.044874 0.0616146 0.0452389 0.0398022 0.0395278 0.0383988 0.0232202 0.0153473 0.0155221 0.0293533 0.0145952 0.0141039 0.014024
threshold=0.34168884800000004 36.500000000000007 13.545000000000002 19.500000000000004 0.0028720645000000007 270.30000425000009 63.500000000000007 88.200000000000003 271.03900870000001 1534.0500000000004 0.0112925035 3.8250000000000006 18.500000000000004 10.240000000000002 100.2802120376448 0.052576056500000003 2699.1500000000001 8.7235000000000031 0.0035617145000000003 274.84866320000009 274.02300885000005 9.6500000000000004 273.25867570000008 1.7400000000000002 23.500000000000004 0.03500000000000001 0.0023811128958333336 268.10532785000004 14.602210884353743 0.10097021400000002
decision_type=2 2 2 2 2 2 2 2 8 2 2 2 2 2 2 2 2 2 2 2 2 2 8 2 2 2 2 2 2 2
left_child=2 5 7 4 10 -2 -3 11 -9 14 -4 17 13 15 -5 -13 24 -1 -19 -20 -17 -16 23 -11 29 -26 -27 -15 -8 -14
right_child=1 6 3 9 -6 -7 28 8 -10 22 -12 12 16 27 21 20 -18 18 19 -21 -22 -23 -24 -25 25 26 -28 -29 -30 -31
leaf_value=-0.00033988293064535278 0.0078862959103515509 0.0035872425791877577 0.006632947744385876 0.00015389151489377578 0.011908589810419541 0.015408539023001988 -0.00030680069083214141 0.0068381738658103266 -4.6675092746120167e-05 9.8823245539404156e-06 0.0030363011647776012 0.0002738673316997103 0 0.0039237660384210558 0.0033456576023189752 0.0029017671991190684 -0.00035146882936924246 -0.0001875168467621829 0.00016332429067050314 0.0020532115333823158 0.0013302375665431789 0.0015245256537921947 -0.00032612307583634208 0.0010055962024942051 -6.9686625868797648e-05 0.0014095234684838324 -0.00011392709388129526 0.0023742256492928224 0.00048013292465579332 0.0011484442641293364
leaf_weight=10844 51 92 97 112 64 74 170 57 169 217 78 87 66 91 60 72 1594 4690 102 50 150 100 1019 85 1338 52 65 53 83 55
leaf_count=10844 51 92 97 112 64 74 170 57 169 217 78 87 66 91 60 72 1594 4690 102 50 150 100 1019 85 1338 52 65 53 83 55
internal_value=4.5894e-06 0.00402805 -8.38631e-05 0.000995852 0.00697481 0.0124661 0.000929138 -0.000185421 0.00169022 9.18708e-05 0.00508464 -0.000207719 0.000116742 0.00208368 0.00141191 0.00144127 -0.000163329 -0.000282982 -0.000154471 0.000827034 0.00187307 0.00225504 -0.000177012 0.000309028 2.3891e-05 -1.79429e-05 0.000526996 0.00340824 -2.80778e-05 0.000563942
internal_weight=21837 470 21367 1832 239 125 345 19535 226 1593 175 19309 3623 453 272 309 3170 15686 4842 152 222 160 1321 302 1576 1455 117 144 253 121
internal_count=21837 470 21367 1832 239 125 345 19535 226 1593 175 19309 3623 453 272 309 3170 15686 4842 152 222 160 1321 302 1576 1455 117 144 253 121
is_linear=0
shrinkage=0.05


Tree=2
num_leaves=31
num_cat=0
split_feature=3 126 126 5 4 3 81 120 133 120 5 120 5 84 5 4 136 69 5 4 141 140 126 49 15 90 59 141 90 160
split_gain=2.81815 4.42759 0.847507 3.86335 0.789148 0.499592 0.419156 0.404317 0.321341 0.754508 0.168484 0.124002 0.20854 0.124516 0.0710381 0.0643701 0.0630686 0.0364351 0.0298086 0.0281706 0.0251071 0.0207454 0.0482559 0.020556 0.020104 0.0216079 0.0189594 0.0158634 0.0146838 0.0137768
threshold=0.34168884800000004 33.500000000000007 18.500000000000004 11.565000000000001 0.0011328545000000004 0.052576056500000003 35.050000000000004 273.73564815000003 88.200000000000003 273.18097490000008 22.160000000000004 273.08764030000003 13.545000000000002 1.0000000180025095e-35 4.1150000000000011 0.016550226000000005 0.70500000000000007 274.29913230000005 0.57000000000000017 0.0024749575000000005 37.625000000000007 72.420000000000002 88.500000000000014 977.75000000000011 0.00035104166666666666 25.83775510204082 8.317400000000001 33.720000000000006 14.934013605442178 0.29897959183673478
decision_type=2 2 2 2 2 2 2 8 2 10 2 8 2 2 2 2 2 2 2 2 2 2 2 2 2 2 2 2 2 2
left_child=2 6 3 5 -5 18 -2 -3 11 -10 15 12 19 16 -7 -6 -14 -16 -1 26 -21 -13 23 -23 -15 -26 -4 -28 -9 -29
right_child=1 7 8 4 10 14 -8 28 9 -11 -12 21 13 24 17 -17 -18 -19 -20 20 -22 22 -24 -25 25 -27 27 29 -30 -31
leaf_value=-0.0003108948143905296 0.015886938501722538 0.0037387666911488839 -0.00030644597871918905 0.011361575825597908 0.0046867862004226291 0.00013840579504977864 0.0091538957980546089 -0.00026735987568467316 -7.7593263704329736e-05 0.0067797021074432213 0.0073307287593239127 -0.00033673384615643515 0.00086336645976510182 8.1769290998103905e-05 0.0029503257029237008 0.002356836526932817 0.0034251524481805976 0.0016452148796675067 0.00012791427759487585 2.9815065907601525e-06 0.0008365706183343204 0.0001765264732111939 -0.00032470117648051585 0.0012002886410785625 0.00025816002112025253 0.0012275219552835485 -0.00017926313301563308 0.00022991089291183556 0.00055849429484193319 -0.00023769259132813689
leaf_weight=1564 51 98 2035 60 112 58 65 181 143 54 55 10947 50 204 108 60 63 185 495 1179 98 265 754 65 129 134 1798 539 75 213
leaf_count=1564 51 98 2035 60 112 58 65 181 143 54 55 10947 50 204 108 60 63 185 495 1179 98 265 754 65 129 134 1798 539 75 213
internal_value=4.69225e-06 0.00383058 -7.94053e-05 0.000748557 0.00622205 9.23503e-05 0.0122673 0.00102514 -0.000199311 0.00180157 0.00479778 -0.000221016 -4.30721e-05 0.000859347 0.00183455 0.00392124 0.002353 0.00215169 -0.000202964 -0.000133344 7.147e-05 -0.000315869 -0.000100437 0.000396299 0.000482989 0.000773774 -0.000191481 -9.76906e-05 -4.72347e-06 9.06848e-05
internal_weight=21837 470 21367 2697 287 2410 116 354 18670 197 227 18473 6442 580 351 172 113 293 2059 5862 1277 12031 1084 330 467 263 4585 2550 256 752
internal_count=21837 470 21367 2697 287 2410 116 354 18670 197 227 18473 6442 580 351 172 113 293 2059 5862 1277 12031 1084 330 467 263 4585 2550 256 752
is_linear=0
shrinkage=0.05


Tree=3
num_leaves=31
num_cat=0
split_feature=0 126 5 126 2 120 133 112 105 123 0 126 0 116 131 50 2 46 67 103 120 83 90 141 100 105 11 92 13 40
split_gain=2.54872 4.02385 0.767757 3.23381 0.716361 0.613224 0.265323 0.678998 0.191089 0.169462 0.16416 0.660288 0.112828 0.0990815 0.0895261 0.0387207 0.0561798 0.0382268 0.037035 0.0341974 0.0254271 0.0230184 0.017567 0.0163984 0.0154402 0.0128626 0.0127357 0.0126274 0.0121864 0.027588
threshold=0.21365000000000003 25.500000000000004 13.545000000000002 19.500000000000004 0.0028720645000000007 272.93862500000006 88.200000000000003 271.03900870000001 20.500000000000004 0.25881904510252091 0.028450000000000003 19.500000000000004 0.054350000000000009 270.88333060000008 100.2802120376448 1005.2500000000001 0.0035617145000000003 3.5000000000000004 9.6500000000000004 2699.1500000000001 273.73564815000003 19.050000000000004 16.060204081632659 38.660000000000004 7.400000000000035 8.5000000000000018 0.0062045532291666672 11.050000000000002 0.001647769125 0.03500000000000001
decision_type=2 2 2 2 2 8 2 8 2 2 2 2 2 10 2 2 2 2 2 2 8 2 2 2 2 2 2 2 2 2
left_child=2 -2 6 4 9 13 10 -8 14 -4 15 12 17 -3 -5 16 23 27 -16 28 26 -14 -7 -1 -17 -25 -10 -12 29 -13
right_child=1 5 3 8 -6 22 7 -9 20 -11 11 19 21 -15 18 24 -18 -19 -20 -21 -22 -23 -24 25 -26 -27 -28 -29 -30 -31
leaf_value=-0.00016028313880339878 0.013159371683581007 0.0027296980854589494 0.0027594085070969804 0.00014595887500427632 0.010879010974071348 -0.00020524023029044175 0.0061985769837789627 -4.2542006243499655e-05 2.8338550009606915e-05 0.0060900279919626904 0.00091446224067892341 6.4828249614903125e-05 0.0031268667966454621 0.0059158258088703817 0.0029906520129196227 -0.00029920334852450293 0.0011265684511264503 0.002269050773431766 0.0013088579944225535 -0.00031423051039003127 -0.00030119186514086094 0.0018501568831917313 0.0007737680208885064 0.00096611605801577246 5.4184437321902576e-05 3.6716128606349208e-06 0.0008589413504218569 0 -0.00014563015430773979 0.0012144864994109396
leaf_weight=2520 89 63 83 125 64 203 57 169 238 92 111 815 147 57 62 12832 91 50 115 1475 992 89 58 54 292 124 61 53 600 56
leaf_count=2520 89 63 83 125 64 203 57 169 238 92 111 815 147 57 62 12832 91 50 115 1475 992 89 58 54 292 124 61 53 600 56
internal_value=4.785e-06 0.0036432 -7.51802e-05 0.000902821 0.00631374 0.00137854 -0.000167195 0.00152989 8.44248e-05 0.00456343 -0.000187396 0.000127179 0.0019096 0.00432081 0.0012166 -0.000254847 -8.30947e-05 0.00103227 0.00193954 -0.000143944 -0.000177288 0.00267633 0 -0.00012615 -0.000290956 0.000327348 0.000216758 0.000613438 2.35067e-05 0.000145786
internal_weight=21837 470 21367 1832 239 381 19535 226 1593 175 19309 3396 450 120 302 15913 2789 214 177 2946 1291 236 261 2698 13124 178 299 164 1471 871
internal_count=21837 470 21367 1832 239 381 19535 226 1593 175 19309 3396 450 120 302 15913 2789 214 177 2946 1291 236 261 2698 13124 178 299 164 1471 871
is_linear=0
shrinkage=0.05


Tree=4
num_leaves=31
num_cat=0
split_feature=0 126 126 5 4 104 0 133 100 4 161 0 50 83 161 4 141 50 5 35 49 83 132 2 93 112 142 142 126 22
split_gain=2.30436 3.63437 0.702608 3.10523 0.688269 0.554195 0.422769 0.257903 0.601882 0.13712 0.106042 0.246096 0.145919 0.101406 0.0713507 0.053547 0.0469473 0.0349373 0.0339938 0.0296642 0.0294055 0.0267296 0.0264986 0.025961 0.0190036 0.0157214 0.0134891 0.0130873 0.0124466 0.0122748
threshold=0.21365000000000003 25.500000000000004 16.500000000000004 11.565000000000001 0.0011328545000000004 10.350000000000003 0.033800000000000004 88.200000000000003 2.049999999999955 0.016550226000000005 0.21428571428571433 0.12360000000000002 1022.5500000000001 17.350000000000005 0.33673469387755106 0.0024749575000000005 37.595000000000006 1015.2500000000001 0.57000000000000017 275.26959770000002 969.6500000000002 29.250000000000004 5.5000000000000009 0.0031384280000000004 269.72292830000009 285.09961550000008 325.96598140156283 350.13606135248921 69.500000000000014 5.5000000000000009
decision_type=2 2 2 2 2 2 2 2 2 2 2 2 2 2 2 2 2 2 2 2 2 2 2 2 2 10 2 2 2 2
left_child=2 -2 3 6 -5 14 18 10 -9 13 17 15 21 -6 -3 23 24 26 -1 22 -7 -13 -8 -12 -17 -18 -4 28 -28 -25
right_child=1 5 7 4 9 20 19 8 -10 -11 11 12 -14 -15 -16 16 25 -19 -20 -21 -22 -23 -24 29 -26 -27 27 -29 -30 -31
leaf_value=-0.00027821270798145375 0.012508714210242034 0.0026876162329934681 -0.00026670557004338674 0.011030817914762778 0.0064360279257419288 0.0011757491540857683 0.0034484596996278063 -9.2828808776900784e-05 0.0059559093762532279 0.0021662328639961612 -0.00023083541514755699 0.0011635406600172165 0.00381930839986092 0.0033759728650931786 0.0056266767435289673 2.9850616131226138e-05 0.0019038506227490655 -0.00030632293159151767 0.00019958673079934375 0.0013955906628071307 -0.00014695791396629034 -2.9799029968368509e-05 0.0016572822731048349 -7.451371082307531e-05 0.00076444469452708295 0.00049195953604662054 0 -8.8710323415258939e-05 0.0010335765366771203 0.00063520726384453925
leaf_weight=1399 89 52 1241 53 92 50 60 142 56 55 2730 175 53 57 57 901 50 10476 494 145 222 53 61 92 99 54 65 2583 50 131
leaf_count=1399 89 52 1241 53 92 50 60 142 56 55 2730 175 53 57 57 901 50 10476 494 145 222 53 61 92 99 54 65 2583 50 131
internal_value=4.86116e-06 0.00346447 -7.11629e-05 0.000731275 0.00591601 0.00131147 0.000109334 -0.00017376 0.00161413 0.00451544 -0.000192989 2.26888e-05 0.00145183 0.00532905 0.00430719 -7.53992e-05 0.000219479 -0.000258238 -0.000150846 0.00197327 8.12879e-05 0.000865389 0.00260744 -0.000187371 0.000108261 0.00123004 -0.000129039 -6.37887e-05 0.000448808 0.000321061
internal_weight=21837 470 21367 2416 257 381 2159 18951 198 204 18753 4338 281 149 109 4057 1104 14415 1893 266 272 228 121 2953 1000 104 3939 2698 115 223
internal_count=21837 470 21367 2416 257 381 2159 18951 198 204 18753 4338 281 149 109 4057 1104 14415 1893 266 272 228 121 2953 1000 104 3939 2698 115 223
is_linear=0
shrinkage=0.05


Tree=5
num_leaves=31
num_cat=0
split_feature=0 126 126 1 0 120 19 120 4 126 139 91 0 50 123 90 18 43 90 1 0 93 8 0 0 29 91 2 96 50
split_gain=1.85505 3.10637 0.640686 2.74172 0.394808 0.393195 0.383234 0.278818 0.13423 0.107502 0.136964 0.536818 0.0995452 0.17423 0.0946188 0.0559087 0.0530307 0.0492691 0.0401175 0.0360498 0.0354109 0.0356189 0.0228853 0.0222129 0.0200255 0.0191454 0.019856 0.0191354 0.0172539 0.0146063
threshold=0.21365000000000003 34.500000000000007 17.500000000000004 0.11566167400000001 0.033800000000000004 270.81799995000006 0.014581428571428573 274.35188920000007 0.015602646500000003 89.500000000000014 91.048068522959113 11.350000000000003 0.12360000000000002 1022.5500000000001 0.25881904510252091 16.802535559678422 0.0039416666666666671 0.37250000000000005 24.958163265306126 0.022884034500000004 0.018250000000000006 269.05265865000007 0.053811235769425307 0.051750000000000011 0.054350000000000009 27.950000000000006 11.15 0.0031384280000000004 38.237500000000004 1003.7500000000001
decision_type=2 2 2 2 2 10 2 8 2 2 2 2 2 2 2 2 2 2 2 2 2 2 2 2 2 2 2 2 2 2
left_child=2 5 3 4 19 -2 8 -3 14 10 12 -12 20 18 -5 16 -13 23 -14 -1 27 25 -20 -6 -23 -22 -27 29 -29 -4
right_child=1 7 9 6 17 -7 -8 -9 -10 -11 11 15 13 -15 -16 -17 -18 -19 22 -21 21 24 -24 -25 -26 26 -28 28 -30 -31
leaf_value=-0.0002149621340786403 0.0066835614532794602 0.0030867046305987369 -0.00010021215159700876 0.0033700949353933857 0.00070281799870972918 0.013136719919500812 0.0092337178765681763 -4.9862614072760792e-05 0.0023066369923046572 -0.00030669878657914876 0.0055331299130753353 2.7345652406312283e-05 -0.00012469091395150126 0.0030625016314786723 0.0063820530441072252 -0.00010475655994282146 0.0020564890621822354 0.0033574172528232356 0.0012140704489283962 0.00044575352497707609 0.00085793745409893361 8.4657993302056464e-05 6.8372475664706572e-05 0.0018707731181695577 0.0011599070153199135 0.00081684686353508402 -9.1114556399013772e-05 -0.00011344327009032111 0.0010497857929664875 -0.00026400447271876726
leaf_weight=1754 52 95 2055 56 80 61 56 259 64 8118 51 71 311 60 89 386 67 50 119 229 56 96 84 154 99 60 2283 57 56 4841
leaf_count=1754 52 95 2055 56 80 61 56 259 64 8118 51 71 311 60 89 386 67 50 119 229 56 96 84 154 99 60 2283 57 56 4841
internal_value=-4.46162e-07 0.00311339 -6.87671e-05 0.000677507 0.000111724 0.0102957 0.0054802 0.000784111 0.00441148 -0.000169199 -6.48991e-05 0.000684014 -0.000107767 0.000529407 0.00528411 0.000192894 0.00105619 0.00185307 0.000218634 -0.000135955 -0.000146424 9.56723e-06 0.000767157 0.00149744 0.000659197 -4.14065e-05 -6.53916e-05 -0.000204863 0.000423316 -0.000215941
internal_weight=21869 467 21402 2532 2267 113 265 354 209 18870 10752 575 10177 574 145 524 138 284 514 1983 9603 2594 203 234 195 2399 2343 7009 113 6896
internal_count=21869 467 21402 2532 2267 113 265 354 209 18870 10752 575 10177 574 145 524 138 284 514 1983 9603 2594 203 234 195 2399 2343 7009 113 6896
is_linear=0
shrinkage=0.05


Tree=6
num_leaves=31
num_cat=0
split_feature=0 126 126 1 0 93 135 133 120 120 83 120 1 50 1 43 1 3 61 2 0 36 85 131 0 89 28 141 24 135
split_gain=1.67721 2.80986 0.57971 2.48055 0.357341 0.354019 0.302308 0.265267 0.586429 0.252054 0.105774 0.0865718 0.12415 0.120358 0.0764441 0.0442025 0.0326769 0.023643 0.0359078 0.0255547 0.0267979 0.0381948 0.0231547 0.0230024 0.0197677 0.0141082 0.0250602 0.0133186 0.0128245 0.00991149
threshold=0.21365000000000003 34.500000000000007 17.500000000000004 0.11566167400000001 0.033800000000000004 271.37797935000003 16.445000000000004 88.200000000000003 273.18097490000008 274.35188920000007 18.850000000000005 275.03817425000005 0.13543613500000004 1022.5500000000001 0.20970769550000004 0.37250000000000005 0.010255007000000002 0.10097021400000002 338.15000000000003 0.0031384280000000004 0.023900000000000001 272.31626555000008 275.54921895000001 93.410858925704943 0.051750000000000011 32.150000000000013 7.0500000000000007 36.930000000000007 54.850000000000001 7.3400000000000007
decision_type=2 2 2 2 2 2 2 2 10 8 2 8 2 2 2 2 2 2 2 2 2 2 2 2 2 2 2 2 2 2
left_child=2 5 3 4 16 -2 -5 11 -9 -3 14 12 17 22 -8 24 -1 19 -19 25 21 -21 28 -24 -6 26 -4 -18 -14 -28
right_child=1 9 7 6 15 -7 10 8 -10 -11 -12 -13 13 -15 -16 -17 27 18 -20 20 -22 -23 23 -25 -26 -27 29 -29 -30 -31
leaf_value=-0.00023369341500168665 0.0065220597878630675 0.0029339770483784379 0.00092683679468297795 0.0086863090444563168 0.00066811094205700052 0.012644505255808264 0.0038358699599390523 -0.0001167032458691472 0.0055968252393358859 -4.7379073689696199e-05 0.0023950492727542014 -0.00027070167453322386 0.00055007684806771657 0.0021968328026589008 0.0065387277584522969 0.0031928380162828357 0.00013475086339724868 0.0013699445824277702 4.4220379142228585e-05 0 -0.00010401950647763443 0.0014493929974052535 0 0.0012955266390127515 0.0017778379261519973 -0.00020351691089234036 0.00034696646125917927 0.0010038948225026781 -4.2112248317113934e-05 -0.00015161206359295493
leaf_weight=1577 55 95 69 53 80 58 84 145 63 259 65 10998 120 99 63 50 352 56 595 102 249 85 58 98 154 5101 115 54 325 592
leaf_count=1577 55 95 69 53 80 58 84 145 63 259 65 10998 120 99 63 50 352 56 595 102 249 85 58 98 154 5101 115 54 325 592
internal_value=-1.14898e-07 0.00296069 -6.50898e-05 0.000644766 0.000106495 0.00979176 0.00521301 -0.000160633 0.00160841 0.000744629 0.00428451 -0.000180703 -5.08831e-05 0.000582201 0.00506438 0.00176322 -0.000129026 -0.000115311 0.000167856 -0.000145325 0.000218623 0.000673103 0.000304717 0.000831906 0.00142418 -0.000173209 1.95891e-05 0.000264819 0.000107244 -6.30761e-05
internal_weight=21869 467 21402 2532 2267 113 265 18870 208 354 212 18662 7664 700 147 284 1983 6964 651 6313 436 187 601 156 234 5877 776 406 445 707
internal_count=21869 467 21402 2532 2267 113 265 18870 208 354 212 18662 7664 700 147 284 1983 6964 651 6313 436 187 601 156 234 5877 776 406 445 707
is_linear=0
shrinkage=0.05


Tree=7
num_leaves=31
num_cat=0
split_feature=0 105 126 5 93 4 0 126 4 123 126 139 91 0 67 90 18 42 90 5 0 93 132 91 3 8 0 36 2 96
split_gain=1.51647 2.55802 0.524767 2.24447 0.394965 0.339976 0.323408 0.162984 0.118939 0.0903788 0.0901359 0.117686 0.409856 0.0818066 0.15281 0.0491001 0.0456069 0.038473 0.03159 0.0301245 0.0294893 0.0298057 0.0283814 0.0213845 0.0190898 0.0176024 0.0169988 0.0349256 0.0151172 0.0154937
threshold=0.21365000000000003 18.500000000000004 17.500000000000004 11.565000000000001 270.63272685000004 0.0011328545000000004 0.033800000000000004 65.500000000000014 0.015602646500000003 0.25881904510252091 90.500000000000014 91.048068522959113 11.350000000000003 0.12360000000000002 8.9500000000000011 16.802535559678422 0.0039416666666666671 0.28500000000000009 24.958163265306126 2.2900000000000005 0.018250000000000006 269.05265865000007 5.5000000000000009 11.050000000000002 0.10097021400000002 0.053811235769425307 0.019550000000000001 271.58139110000008 0.0031384280000000004 38.237500000000004
decision_type=2 2 2 2 2 2 2 2 2 2 2 2 2 2 2 2 2 2 2 2 2 2 2 2 2 2 2 2 2 2
left_child=2 4 3 6 -2 -5 19 -3 9 -7 11 13 -13 20 -15 16 -14 22 -16 -1 28 23 -8 -22 -23 -20 27 -25 -4 -30
right_child=1 7 10 5 -6 8 17 -9 -10 -11 -12 12 15 14 18 -17 -18 -19 25 -21 21 24 -24 26 -26 -27 -28 -29 29 -31
leaf_value=-0.00019469725149890224 0.0057120774674319459 0.0024116247011856605 -0.00019572570387406748 0.0085324361409792413 0.011743437118828297 0.0029758374300248667 0.0033203466734930613 -6.6477952095738154e-05 0.0019827381311960592 0.0058638468372185582 -0.00028058036162937347 0.0045484698248631807 2.9076604694462926e-05 0.0026538045849637984 -0.00013107016329632533 -0.00010650431804235025 0.0019096382812559193 0.0011517918186919735 0.0010543697144224761 0.00040891883963258409 0.00093165975651936608 8.4607680788308036e-05 0.001411066534239109 -0.00019431575723934829 0.0011336008509944962 1.6641534984265037e-05 -9.3555906206898917e-05 0.0015126235392966135 -0.00012800182089025232 0.00096666990632289333
leaf_weight=1754 61 87 6993 55 64 58 56 255 64 88 7961 59 72 70 318 386 67 175 117 229 54 104 53 62 91 78 2273 50 59 56
leaf_count=1754 61 87 6993 55 64 58 56 255 64 88 7961 59 72 70 318 386 67 175 117 229 54 104 53 62 91 78 2273 50 59 56
internal_value=0 0.00281555 -6.15897e-05 0.000613771 0.00890851 0.00495921 0.000101645 0.000554532 0.00396367 0.00477862 -0.000152503 -5.85614e-05 0.000630203 -9.80607e-05 0.000474896 0.000172549 0.000978414 0.0016778 0.000163266 -0.0001223 -0.000132907 8.18677e-06 0.0024587 -3.75422e-05 0.000602934 0.000666991 -6.19632e-05 0.000530105 -0.000185889 0.00036569
internal_weight=21869 467 21402 2532 125 265 2267 342 210 146 18870 10909 584 10325 583 525 139 284 513 1983 9742 2634 109 2439 195 195 2385 112 7108 115
internal_count=21869 467 21402 2532 125 265 2267 342 210 146 18870 10909 584 10325 583 525 139 284 513 1983 9742 2634 109 2439 195 195 2385 112 7108 115
is_linear=0
shrinkage=0.05


Tree=8
num_leaves=31
num_cat=0
split_feature=0 105 126 1 120 19 0 133 120 104 4 83 120 1 61 43 1 93 134 3 50 2 1 86 0 119 29 77 141 141
split_gain=1.37104 2.31351 0.474904 2.03088 0.356701 0.312175 0.292803 0.227925 0.503595 0.14792 0.106669 0.0800741 0.0729709 0.0976028 0.106493 0.0382519 0.0275341 0.026535 0.0302291 0.0190166 0.0300934 0.0200738 0.021685 0.0300267 0.0169624 0.0125634 0.0129967 0.0122633 0.013784 0.0118018
threshold=0.21365000000000003 18.500000000000004 17.500000000000004 0.11566167400000001 270.81799995000006 0.014581428571428573 0.033800000000000004 88.200000000000003 273.18097490000008 12.950000000000003 0.016550226000000005 17.450000000000003 275.47657900000007 0.13543613500000004 313.05000000000001 0.37250000000000005 0.010255007000000002 266.14032615000008 9.4850000000000012 0.089082107000000008 1021.9500000000002 0.0031384280000000004 0.024989248000000002 11.500000000000002 0.051750000000000011 6.9500000000000011 28.450000000000003 272.7879183500001 38.660000000000004 36.930000000000007
decision_type=2 2 2 2 10 2 2 2 10 2 2 2 8 2 2 2 2 2 2 2 2 2 2 2 2 10 2 2 2 2
left_child=2 4 3 6 -2 10 16 12 -9 -3 11 -5 13 19 -15 24 -1 -16 -19 21 -21 25 23 -23 -8 26 27 -4 -29 -18
right_child=1 9 7 5 -6 -7 15 8 -10 -11 -12 -13 -14 14 17 -17 29 18 -20 20 -22 22 -24 -25 -26 -27 -28 28 -30 -31
leaf_value=-0.00021228745577156474 0.0055619474082038954 0.0022436490877652949 0.0004795349034757868 0.005373867955438945 0.011305560824731666 0.0081050714611467962 0.00057503826398996036 -0.00010126740935024143 0.0051909717255330182 -8.2754250027984022e-05 0.0015641600362365491 0.0027410792852770689 -0.00024862358137147836 0.0023519010283708786 5.2302236060470408e-05 0.00292884110480515 0.00012175156198235537 -3.0393518479481966e-06 0.0011491852240016064 3.4106292095004004e-06 0.00096645841926882442 0 -3.1152437787125402e-05 0.0014677600026193228 0.0016071563811462014 -0.00021442837907176217 -0.00014195822413545762 -0.00012469994342059106 0.00054602099788470329 0.00094112342713527711
leaf_weight=1577 64 91 172 97 61 56 80 145 63 251 51 61 10718 70 434 50 352 78 149 672 93 71 311 66 154 3712 1592 432 92 54
leaf_count=1577 64 91 172 97 61 56 80 145 63 251 51 61 10718 70 434 50 352 78 149 672 93 71 311 66 154 3712 1592 432 92 54
internal_value=3.1861e-08 0.00267742 -5.82786e-05 0.000584177 0.00847199 0.00471771 9.69174e-05 -0.000144775 0.00149491 0.000526419 0.00375201 0.00441249 -0.000163398 -4.77655e-05 0.000501194 0.0015967 -0.000116053 0.000294394 0.00073306 -0.000104155 0.000128123 -0.000132503 0.000184975 0.000708502 0.00127952 -0.000157068 -6.17715e-05 0.000114411 0 0.000245062
internal_weight=21869 467 21402 2532 125 265 2267 18870 208 342 209 158 18662 7944 731 284 1983 661 227 7213 765 6448 448 137 234 6000 2288 696 524 406
internal_count=21869 467 21402 2532 125 265 2267 18870 208 342 209 158 18662 7944 731 284 1983 661 227 7213 765 6448 448 137 234 6000 2288 696 524 406
is_linear=0
shrinkage=0.05


Tree=9
num_leaves=31
num_cat=0
split_feature=1 62 126 1 126 4 3 133 120 1 120 1 50 50 123 22 4 3 50 2 128 29 136 119 85 116 29 27 1 1
split_gain=1.23961 2.09916 0.429962 1.83752 0.363398 0.292254 0.262506 0.205721 0.455514 0.0972534 0.0663441 0.113086 0.107022 0.057219 0.035159 0.0401879 0.0294305 0.026885 0.0302879 0.0262575 0.0287005 0.0211885 0.0145218 0.0247928 0.0143514 0.0122426 0.017401 0.0119951 0.0118364 0.0090592
threshold=0.32127834050000009 1.0000000180025095e-35 17.500000000000004 0.11566167400000001 46.500000000000007 0.0011328545000000004 0.052576056500000003 88.200000000000003 273.18097490000008 0.20970769550000004 273.89796860000007 0.18566585150000003 1022.5500000000001 1003.9500000000002 0.25881904510252091 4.5000000000000009 0.016550226000000005 0.10097021400000002 1020.9500000000002 0.0031384280000000004 8.922191521710662 43.250000000000007 0.015000000000000001 6.7500000000000009 276.99181270000003 271.30325810000005 30.650000000000002 1235.7500000000002 0.024989248000000002 0.06266922950000002
decision_type=2 2 2 2 2 2 2 2 10 2 8 2 2 2 2 2 2 2 2 2 2 2 2 8 2 10 2 2 2 2
left_child=2 -2 3 6 -3 -5 21 10 -9 16 11 17 24 -6 -8 -16 -7 19 -19 25 -21 -1 23 -12 -13 26 27 -4 -23 -17
right_child=1 4 7 5 13 9 14 8 -10 -11 22 12 -14 -15 15 29 -18 18 -20 20 -22 28 -24 -25 -26 -27 -28 -29 -30 -31
leaf_value=-0.00019474553952228074 0.0098733516631900903 0.0041801370792601215 0.0008291522065831848 0.007802589295565019 0.0015087524346475091 0.0032944985372903809 0.00070499740751783432 -9.6238717330740905e-05 0.004935478621955554 0.0051569711601930773 0.00092926994020821785 0.00021047408605633203 0.0028314910409155125 -9.6847635750641858e-05 0.0028436416738097455 0.00053355124802108994 0.0014874560424113252 4.2920454938795216e-05 0.00088003703453856056 0.001139129053708166 5.2942689442003483e-05 8.0522484587211367e-05 -0.00023532019029594067 -0.00022050972051996119 0.0010492164643763223 -0.00022480944441273526 -0.00017054381172938417 4.4770036978713419e-05 0.00093674291369877339 0.001614770969146327
leaf_weight=1674 80 72 52 55 69 88 135 145 63 71 72 232 56 246 71 52 51 640 133 74 387 208 11511 119 75 2707 1656 948 55 72
leaf_count=1674 80 72 52 55 69 88 135 145 63 71 72 232 56 246 71 52 51 640 133 74 387 208 11511 119 75 2707 1656 948 55 72
internal_value=2.78443e-07 0.00254612 -5.51555e-05 0.000556128 0.000997014 0.00448799 9.25337e-05 -0.000137468 0.00142019 0.00356332 -0.000155173 -3.20865e-05 0.000824659 0.000242694 0.0013951 0.00184132 0.00268256 -8.01046e-05 0.000194363 -0.000117419 0.000240209 -0.000127406 -0.000227944 0.000189456 0.000434354 -0.000149132 -7.00637e-05 9.13405e-05 0.000281389 0.00120925
internal_weight=21869 467 21402 2532 387 265 2267 18870 208 210 18662 6960 363 315 330 195 139 6597 773 5824 461 1937 11702 191 307 5363 2656 1000 263 124
internal_count=21869 467 21402 2532 387 265 2267 18870 208 210 18662 6960 363 315 330 195 139 6597 773 5824 461 1937 11702 191 307 5363 2656 1000 263 124
is_linear=0
shrinkage=0.05


Tree=10
num_leaves=31
num_cat=0
split_feature=1 126 96 126 1 91 133 100 0 1 103 0 93 96 123 1 128 104 2 73 104 128 116 114 21 28 140 32 50 136
split_gain=0.968672 2.27333 0.347753 0.310562 1.34366 0.355094 0.193635 0.420264 0.137876 0.076934 0.0516189 0.0860994 0.0719345 0.0346147 0.0261734 0.0247921 0.0247568 0.0243217 0.0238585 0.0254708 0.0208509 0.0197625 0.0147723 0.0127059 0.0126142 0.0109992 0.00990499 0.0104884 0.00834278 0.00751213
threshold=0.29207440000000007 22.500000000000004 34.76250000000001 16.500000000000004 0.10242116400000002 19.550000000000004 88.200000000000003 2.7500000000000004 0.033800000000000004 0.20970769550000004 2219.5000000000005 0.054350000000000009 269.33018915000008 38.937500000000007 0.25881904510252091 0.0057307125000000013 10.428241251524872 1.0500000000000003 0.0031384280000000004 39.550000000000004 14.550000000000004 10.660888056700539 271.30325810000005 20.450000000000003 0.46527777777777785 7.0500000000000007 35.630000000000003 10.65 1008.4500000000002 0.015000000000000001
decision_type=2 2 2 2 2 2 2 2 2 2 2 2 2 2 2 2 2 2 2 2 2 2 10 8 2 2 2 2 2 2
left_child=3 -2 20 4 8 -6 10 23 15 14 11 18 16 -4 -7 -1 -13 -10 22 -20 -3 28 25 -8 -14 26 -5 -28 -18 -12
right_child=1 2 13 6 5 9 7 -9 17 -11 29 12 24 -15 -16 -17 21 -19 19 -21 -22 -23 -24 -25 -26 -27 27 -29 -30 -31
leaf_value=-0.00021342306485481268 0.0089516457889622699 0.00057532953296775627 0.0020805249504936749 -0.00010389619075495726 0.0073852679969018536 0.0012074223229736911 0.00065201506778248593 0.0052255843230962478 0.00085664386386485869 0.0043717617031634 8.3231774544319812e-05 -2.9090661997134723e-05 0.0019510310801450867 0.0041353073266317264 0.0026821966013988213 0.00019502799686800263 0.00048407076288034057 0.0022389857190428302 1.6378791361755421e-05 0.00096773717704376103 -0.00018880129999138953 0.00027339214251433845 -0.00021155087815507266 -0.00025704852805592788 0.000753758108617745 -8.3766313369586991e-05 0 0.00095572050693098804 0.0016189030185341836 -0.00022496723781566301
leaf_weight=1364 96 121 67 78 53 67 59 52 117 62 177 489 73 52 109 498 50 59 316 94 329 331 3426 100 60 2673 57 73 50 10719
leaf_count=1364 96 121 67 78 53 67 59 52 117 62 177 489 73 52 109 498 50 59 316 94 329 331 3426 100 60 2673 57 73 50 10719
internal_value=-5.23065e-06 0.00187214 0.000655321 -6.44243e-05 0.000479739 0.00365196 -0.000131849 0.00136847 2.27659e-05 0.00277225 -0.000149148 -4.98417e-05 0.000369183 0.00304706 0.00215902 -0.000101451 0.000204955 0.00135832 -0.00011632 0.000248484 6.39861e-06 0.000481523 -0.000140863 5.09938e-05 0.00145788 -5.50247e-05 0.000289043 0.000561967 0.0011114 -0.000219495
internal_weight=21871 665 569 21206 2329 291 18877 211 2038 238 18666 7770 1053 119 176 1862 920 176 6717 410 450 431 6307 159 133 2881 208 130 100 10896
internal_count=21871 665 569 21206 2329 291 18877 211 2038 238 18666 7770 1053 119 176 1862 920 176 6717 410 450 431 6307 159 133 2881 208 130 100 10896
is_linear=0
shrinkage=0.05


Tree=11
num_leaves=31
num_cat=0
split_feature=1 126 88 126 1 11 61 133 112 3 94 1 75 2 1 2 61 50 119 4 104 29 93 15 28 134 24 99 138 1
split_gain=0.87584 2.0532 0.322116 0.281375 1.20249 0.255922 0.265933 0.174001 0.389754 0.126975 0.0500668 0.0794809 0.0806571 0.032051 0.0266518 0.0257111 0.0229437 0.018687 0.0175451 0.0328508 0.0175063 0.0142597 0.0134991 0.0134385 0.0128435 0.0115685 0.0111694 0.0103959 0.0089879 0.00880887
threshold=0.29207440000000007 22.500000000000004 34.612500000000004 15.500000000000002 0.10242116400000002 0.0035726223333333337 107.05000000000003 88.200000000000003 270.58185610000004 0.049513091500000002 10.500000000000002 0.07713479500000002 10.65 0.0055886015000000009 0.36432711350000008 0.00064742850000000008 96.500000000000014 1016.2500000000001 6.9500000000000011 0.00049847950000000008 14.550000000000004 43.250000000000007 266.11166700000007 0.0006895833333333335 7.0500000000000007 8.7900000000000009 57.550000000000004 2.7500000000000004 4.8150000000000004 0.041127531000000009
decision_type=2 2 2 2 2 2 2 2 8 2 2 2 2 2 2 2 2 2 10 2 2 2 2 2 2 2 2 2 2 2
left_child=3 -2 20 4 9 16 -7 10 -9 21 17 15 23 29 -4 -12 -6 24 19 -17 -3 -1 -14 -13 27 -24 -27 -5 -23 -11
right_child=1 2 14 7 5 6 -8 8 -10 13 11 12 22 -15 -16 18 -18 -19 -20 -21 -22 28 25 -25 -26 26 -28 -29 -30 -31
leaf_value=-0.00018245623353830296 0.0085086775960919164 0.00052123906023374079 0.0017741292501416276 0 0.0012617491572643757 0.0028469177949397516 0.0079022719390821044 0.0046345982453485412 -3.7430438977061582e-05 0.00013083363047535683 -0.00016169482827606055 0.00087028533159927641 1.2884389353348523e-05 0.0021878596295228868 0.0036509018481842115 0 0.0027416489505711454 -0.00022131874249679704 4.3436234483211496e-05 0.001561236351501334 -0.0001793898409261987 0.00071529126373259691 -8.5206998118250442e-05 0.0022088788519613444 -0.00011803939911565151 0.0010822771359431328 0.00036089094814657037 0.00067261799125803965 0 0.00098037245534873742
leaf_weight=1445 96 121 50 201 63 59 56 61 152 60 2939 53 399 56 69 63 94 10206 437 60 329 68 72 63 3886 85 261 88 153 126
leaf_count=1445 96 121 50 201 63 59 56 61 152 60 2939 53 399 56 69 63 94 10206 437 60 329 68 72 63 3886 85 261 88 153 126
internal_value=-4.68509e-06 0.00178045 0.000623572 -6.09822e-05 0.000476476 0.00358041 0.00539866 -0.000122849 0.00129261 2.97228e-05 -0.000139208 6.63566e-06 0.00041748 0.00109957 0.00292536 -0.000101574 0.00219119 -0.0001845 0.000204763 0.000732637 0 -0.000123249 0.000234184 0.00165268 -9.32658e-05 0.000432957 0.000555128 0.000221866 0.000240434 0.000735231
internal_weight=21871 665 569 21206 2180 272 115 19026 213 1908 18813 4432 933 242 119 3499 157 14381 560 123 450 1666 817 116 4175 418 346 289 221 186
internal_count=21871 665 569 21206 2180 272 115 19026 213 1908 18813 4432 933 242 119 3499 157 14381 560 123 450 1666 817 116 4175 418 346 289 221 186
is_linear=0
shrinkage=0.05


Tree=12
num_leaves=31
num_cat=0
split_feature=1 126 88 126 1 91 133 112 0 1 126 0 75 0 96 35 77 1 69 138 90 2 100 88 13 90 138 0 10 35
split_gain=0.791894 1.85437 0.291614 0.255106 1.10223 0.308718 0.15796 0.35212 0.113007 0.0604408 0.042973 0.0456078 0.0611301 0.0330316 0.0285584 0.0224704 0.0212558 0.020987 0.018965 0.0180719 0.0180207 0.0179991 0.0281285 0.0325225 0.0171748 0.0165577 0.0156466 0.011599 0.0107648 0.00961451
threshold=0.29207440000000007 22.500000000000004 34.612500000000004 16.500000000000004 0.10242116400000002 19.550000000000004 88.200000000000003 270.58185610000004 0.033800000000000004 0.20970769550000004 88.500000000000014 0.028450000000000003 11.750000000000002 0.12360000000000002 38.937500000000007 275.68725035000006 278.05937140000009 0.0057307125000000013 273.3048525000001 4.6950000000000012 25.49897959183674 0.0031384280000000004 -3.2499999999999996 42.812500000000007 0.0012156346736111113 15.660204081632656 6.9450000000000012 0.21365000000000003 16.980000000000004 293.41581895000007
decision_type=2 2 2 2 2 2 2 8 2 2 2 2 2 2 2 2 2 2 2 2 2 2 2 2 2 2 2 2 2 2
left_child=3 -2 25 4 8 -6 10 -8 17 15 11 21 13 16 -4 -7 19 -1 -10 -13 -14 29 23 -23 -21 -3 -22 -27 -28 -5
right_child=1 2 14 6 5 9 7 -9 18 -11 -12 12 20 -15 -16 -17 -18 -19 -20 24 26 22 -24 -25 -26 27 28 -29 -30 -31
leaf_value=-0.00019408777153661599 0.0080876296672240371 -0.00019335080431588745 0.0018909444783211634 -0.00015606297397217193 0.0067901914513290489 0.0025417653041380542 0.0044066060526717103 -4.0888172264366229e-05 0.0021069698085865152 0.0039153134088874579 -0.00022184198759755817 3.515053833971314e-05 -9.8229503729234158e-05 0.001909817826235667 0.0037816710063730778 0.0012084322118692419 -0.00016321388380556649 0.00018152202427984434 0.00081948924657245653 0.0018538753964217768 3.9623069312908748e-05 0.0018177208766642517 -8.8118500203097203e-05 0 0.00056963163155936787 -5.1825393087570909e-05 0.00019443281276156099 0.00081135231735030434 0.00087109201454093504 6.4749380420034828e-05
leaf_weight=1364 96 311 67 7271 53 91 61 150 51 62 8054 71 1313 53 52 85 76 498 125 52 608 50 194 56 88 51 165 88 120 495
leaf_count=1364 96 311 67 7271 53 91 61 150 51 62 8054 71 1313 53 52 85 76 498 125 52 608 50 194 56 88 51 165 88 120 495
internal_value=-4.17012e-06 0.00169325 0.000593338 -5.77126e-05 0.000435438 0.00330857 -0.000118841 0.00123602 2.13182e-05 0.00248716 -0.00013449 -6.77076e-05 0.000115737 0.000739138 0.00278344 0.00193654 0.000499708 -9.09019e-05 0.00123061 0.000761714 1.70978e-05 -0.000126238 0.000247219 0.000902765 0.00109186 0 0.000192179 0.000460825 0.000498874 -0.000141338
internal_weight=21871 665 569 21206 2329 291 18877 211 2038 238 18666 10612 2546 340 119 176 287 1862 176 211 2206 8066 300 106 140 450 893 139 285 7766
internal_count=21871 665 569 21206 2329 291 18877 211 2038 238 18666 10612 2546 340 119 176 287 1862 176 211 2206 8066 300 106 140 450 893 139 285 7766
is_linear=0
shrinkage=0.05


Tree=13
num_leaves=31
num_cat=0
split_feature=1 126 88 126 1 11 61 133 85 0 94 0 126 138 96 104 128 128 2 61 1 116 119 4 69 104 128 140 88 137
split_gain=0.715755 1.67496 0.264171 0.231549 0.987158 0.242447 0.221995 0.142371 0.318521 0.104647 0.043883 0.0757306 0.0740427 0.0272897 0.0253238 0.022481 0.0202484 0.0226608 0.0199599 0.019918 0.0189554 0.0184142 0.0170051 0.0346111 0.0150772 0.0150033 0.0131835 0.0119715 0.0170779 0.0111356
threshold=0.29207440000000007 22.500000000000004 34.612500000000004 14.500000000000002 0.10242116400000002 0.0035726223333333337 107.05000000000003 88.200000000000003 267.43892140000008 0.033800000000000004 10.500000000000002 0.054350000000000009 22.500000000000004 5.4700000000000015 38.937500000000007 1.0500000000000003 10.428241251524872 10.654924369919948 0.00064742850000000008 91.250000000000014 0.024117256000000004 272.06296420000007 6.9500000000000011 0.00049847950000000008 292.93499730000002 13.550000000000002 10.770903114643311 72.420000000000002 27.562500000000004 0.015000000000000001
decision_type=2 2 2 2 2 2 2 2 2 2 2 2 2 2 2 2 2 2 2 2 2 8 10 2 2 2 2 2 2 2
left_child=3 -2 25 4 9 19 -7 10 -9 20 21 18 13 -13 -4 -11 -14 -18 -12 -6 -1 24 23 -20 27 -3 -15 -5 29 -29
right_child=1 2 14 7 5 6 -8 8 -10 15 11 12 16 26 -16 -17 17 -19 22 -21 -22 -23 -24 -25 -26 -27 -28 28 -30 -31
leaf_value=-0.00014327208718278701 0.0076874171304948564 0.00063883986692720406 0.0017977876623626798 -0.0001281340249975243 0.0010395596151909303 0.0026976415920674942 0.0075409083227040603 0.0038016645729697001 -0.00020008408162385411 0.00074955940629829103 -0.00014710065764733996 0.00043124407695634571 -1.7742157600344915e-05 0.0024929670554331759 0.0035961549690450138 0.0021555449723651959 0.0013233066144713842 0.00026282657395357691 -1.6907947501749727e-05 0.0024811393241448657 0.00039062866908510765 -0.00020553508727746392 1.7831356844623538e-05 0.0016174558845237438 0.00045670469321499338 -0.00012318373232352939 0.0010635720253384744 0.00079890950784490197 -9.8424836900385084e-05 3.7058737602226571e-06
leaf_weight=1458 96 77 67 4002 56 53 53 74 141 103 2993 65 456 54 52 53 66 297 63 91 183 9783 414 55 122 373 51 117 312 91
leaf_count=1458 96 77 67 4002 56 53 53 74 141 103 2993 65 456 54 52 53 66 297 63 91 183 9783 414 55 122 373 51 117 312 91
internal_value=-3.70654e-06 0.00161004 0.000564219 -5.46213e-05 0.000449828 0.00336772 0.00521385 -0.000108887 0.00116534 3.45914e-05 -0.000123676 1.13472e-05 0.000398744 0.00135018 0.00264871 0.00126977 0.000193751 0.000472483 -9.60079e-05 0.00197648 -8.04862e-05 -0.000166267 0.000181793 0.000710046 -8.24415e-05 0 0.00186244 -9.81904e-05 0.000122467 0.000476614
internal_weight=21871 665 569 21206 2050 253 106 19156 215 1797 18941 4514 989 170 119 156 819 363 3525 147 1641 14427 532 118 4644 450 105 4522 520 208
internal_count=21871 665 569 21206 2050 253 106 19156 215 1797 18941 4514 989 170 119 156 819 363 3525 147 1641 14427 532 118 4644 450 105 4522 520 208
is_linear=0
shrinkage=0.05


Tree=14
num_leaves=31
num_cat=0
split_feature=0 126 126 1 4 61 133 34 3 84 123 0 120 1 2 52 15 92 141 50 90 29 85 92 140 88 142 28 1 0
split_gain=0.649248 1.20844 0.259662 1.19742 0.366163 0.183699 0.136243 0.304552 0.0995743 0.0699128 0.0686167 0.0379534 0.0330687 0.0408374 0.0278933 0.0273371 0.0237113 0.0149229 0.0148127 0.030299 0.0184191 0.0134959 0.0133479 0.0116993 0.0114879 0.025391 0.0161889 0.00977402 0.00809862 0.00730165
threshold=0.21365000000000003 38.500000000000007 20.500000000000004 0.10242116400000002 0.00080378950000000013 204.65000000000006 88.200000000000003 0.051223035824632439 0.049513091500000002 4.7500000000000009 0.60355339059327384 0.1072 273.08764030000003 0.13543613500000004 0.0060638020000000009 105.50000000000001 0.0006895833333333335 15.350000000000003 38.660000000000004 1003.1500000000002 21.351020408163272 43.250000000000007 273.46274345000006 1.0000000180025095e-35 72.420000000000002 20.537500000000005 781.13244693432364 33.750000000000007 0.041127531000000009 0.017000000000000005
decision_type=2 2 2 2 2 2 2 2 2 2 2 2 8 2 2 2 2 2 2 2 2 2 2 2 2 2 2 2 2 2
left_child=2 5 3 8 -5 -2 12 -8 21 -3 15 -12 13 17 28 27 -15 18 23 20 -20 -1 -18 -4 -14 -26 -27 -6 -10 -23
right_child=1 9 6 4 10 -7 7 -9 14 -11 11 -13 24 16 -16 -17 22 -19 19 -21 -22 29 -24 -25 25 26 -28 -29 -30 -31
leaf_value=-0.0001742022054969914 0.008453690955608056 -1.5098768176340577e-05 0.00070922130011204709 0.0065019397579488304 0.00062132004706654702 0.0039893311766738245 -1.3472979809521841e-05 0.0042358286049345448 7.4051397144406418e-05 0.0016749648339091203 0.0022852280257148264 0.0044529292240337122 -0.00019093577157381915 9.7521329379340185e-05 0.0018113999316739836 0.0024227981178829559 0.00038182564517166796 -0.00017460243117324437 0.00028522641214050371 -0.00015784466622041212 0.0016617289998069986 3.6466985542295281e-05 0.0012820498781714023 -4.9253449000359466e-05 -0.00017966609023770146 0.00093185192807345373 0.00010827555474926276 0.0016867838460893837 0.00074343770242774835 0.00069060542727286179
leaf_weight=1924 57 258 50 62 75 54 146 57 83 77 68 50 10968 321 60 84 117 2199 66 118 52 240 91 3224 745 88 238 55 187 57
leaf_count=1924 57 258 50 62 75 54 146 57 83 77 68 50 10968 321 60 84 117 2199 66 118 52 240 91 3224 745 88 238 55 187 57
internal_value=-3.26526e-06 0.00188247 -4.28396e-05 0.000392738 0.00295448 0.00638149 -0.000112542 0.00117009 -1.96457e-06 0.000362312 0.00225945 0.00327546 -0.000127125 -3.26965e-05 0.000805082 0.00166334 0.000385671 -7.23991e-05 -6.91364e-06 0.000372989 0.000942704 -0.000124435 0.000803847 -3.59304e-05 -0.000175631 -1.41961e-05 0.000348051 0.0011197 0.000557146 0.000180683
internal_weight=21871 446 21425 2945 394 111 18480 203 2551 335 332 118 18277 6238 330 214 529 5709 3510 236 118 2221 208 3274 12039 1071 326 130 270 297
internal_count=21871 446 21425 2945 394 111 18480 203 2551 335 332 118 18277 6238 330 214 529 5709 3510 236 118 2221 208 3274 12039 1071 326 130 270 297
is_linear=0
shrinkage=0.05


Tree=15
num_leaves=31
num_cat=0
split_feature=1 105 126 1 2 126 3 133 120 84 123 94 1 86 22 1 93 41 2 1 116 105 3 142 21 1 84 126 92 29
split_gain=0.738096 1.28642 0.27025 1.09194 0.448025 0.250788 0.227054 0.0939164 0.255998 0.0778258 0.0540614 0.0422603 0.0794093 0.0362265 0.0343798 0.0273563 0.0266779 0.0222822 0.0170922 0.0182072 0.0160859 0.0143328 0.013181 0.0105906 0.0104255 0.00995279 0.00887116 0.00786883 0.0076654 0.00694655
threshold=0.32127834050000009 17.500000000000004 15.500000000000002 0.13543613500000004 0.0028720645000000007 16.500000000000004 0.052576056500000003 88.200000000000003 273.18097490000008 4.7500000000000009 0.60355339059327384 13.500000000000002 0.22162306700000003 10.500000000000002 4.5000000000000009 0.07713479500000002 269.23296060000001 58.500000000000007 0.0031384280000000004 0.024989248000000002 272.06296420000007 5.5000000000000009 0.0068413155000000012 316.73213322060656 0.57638888888888895 0.06266922950000002 17.850000000000005 52.500000000000007 10.350000000000003 44.250000000000007
decision_type=2 2 2 2 2 2 2 2 10 2 2 2 2 2 2 2 2 2 2 2 8 2 2 2 2 2 2 2 2 2
left_child=2 5 3 6 10 -2 22 11 -9 -3 -5 20 15 -14 17 18 28 -8 -13 -20 21 -4 -1 -23 26 -16 27 -25 -17 -24
right_child=1 9 7 4 -6 -7 14 8 -10 -11 -12 12 13 -15 25 16 -18 -19 19 -21 -22 23 29 24 -26 -27 -28 -29 -30 -31
leaf_value=-0.00018867922709745605 0.0091298701954432415 -3.9822091231371815e-05 0.00049418902614659294 0.001464443528620413 0.0081293860652770569 0.0042124241290407054 0.0013491979459197157 -0.0001375366403714894 0.0037151504872405595 0.0016820051678088168 0.0036590908731707786 -0.00011530441339112712 0.0022511251983590996 0.00054392482356739819 0.00029984095484044369 -6.1044001404918832e-05 0.00098971415396220371 0.0028961647105797267 0.00089266751368995752 0 -0.00018194734922606941 -0.00018115564188210783 0 0.00036690234488031078 -0.00014672909104807667 0.0011567249746982824 -0.00019947936048174595 4.017149680676852e-05 0.00030209045071730639 0.00039984817338850474
leaf_weight=1109 51 255 106 73 51 71 89 145 59 85 64 2537 51 109 75 248 112 51 87 165 10153 1836 454 219 1196 117 319 1515 296 144
leaf_count=1109 51 255 106 73 51 71 89 145 59 85 64 2537 51 109 75 248 112 51 87 165 10153 1836 454 219 1196 117 319 1515 296 144
internal_value=6.38328e-06 0.00198165 -3.61571e-05 0.000484667 0.00412136 0.00636624 0.000145049 -9.69987e-05 0.000965018 0.000379642 0.002545 -0.000108746 4.42335e-05 0.00112975 0.00134027 -5.04478e-06 0.000283651 0.00196474 -7.48183e-05 0.000311856 -0.000145015 -7.1794e-05 -8.51348e-05 -8.46702e-05 -2.85691e-05 0.000851199 3.78701e-05 8.45063e-05 0.000127561 9.8537e-05
internal_weight=21842 462 21380 2227 188 122 2039 19153 204 340 137 18949 3605 160 332 3445 656 140 2789 252 15344 5191 1707 5085 3249 192 2053 1734 544 598
internal_count=21842 462 21380 2227 188 122 2039 19153 204 340 137 18949 3605 160 332 3445 656 140 2789 252 15344 5191 1707 5085 3249 192 2053 1734 544 598
is_linear=0
shrinkage=0.05


Tree=16
num_leaves=31
num_cat=0
split_feature=0 105 126 19 0 126 133 85 61 0 90 103 0 93 81 22 116 55 85 1 2 136 134 22 103 75 30 45 108 83
split_gain=0.667506 1.16391 0.244847 1.01109 0.463874 0.240433 0.0847115 0.240154 0.0748478 0.0765959 0.0604459 0.0388019 0.067163 0.0825741 0.0272535 0.022677 0.0181076 0.017847 0.0178209 0.0170895 0.0165724 0.0155645 0.0127504 0.0126138 0.012244 0.011975 0.00990223 0.00975106 0.00900317 0.00832168
threshold=0.21365000000000003 19.500000000000004 15.500000000000002 0.014581428571428573 0.034600000000000006 16.500000000000004 88.200000000000003 267.36374800000004 71.450000000000017 0.12360000000000002 18.817346938775515 2473.8500000000008 0.054350000000000009 269.33018915000008 47.550000000000004 4.5000000000000009 271.30325810000005 1.4390025000000153 275.54921895000001 0.024117256000000004 0.0035617145000000003 0.59000000000000008 9.4850000000000012 3.5000000000000004 1955.7000000000005 10.65 0.74857142857142944 49.500000000000007 294.74334735000008 22.350000000000005
decision_type=2 2 2 2 2 2 2 2 2 2 2 2 2 2 2 2 8 2 2 2 2 2 2 2 2 2 2 2 2 2
left_child=2 5 3 4 19 -2 11 -8 25 15 -3 12 16 18 21 17 20 -10 26 -1 27 -15 -20 -22 -25 -6 -14 -4 -29 -24
right_child=1 10 6 -5 8 -7 7 -9 9 -11 -12 -13 13 14 -16 -17 -18 -19 22 -21 23 -23 29 24 -26 -27 -28 28 -30 -31
leaf_value=-0.00011928542244504862 0.0086821554493732179 -6.7742553066253957e-05 0.00032511345856159443 0.0072239188029844734 0.0011037308307221302 0.0039505543075985727 0.0035498442758851857 -0.0001632714984207896 0.0030591280250718781 0.0036427260269901087 0.0014299706600399481 -0.00017564298014171483 -3.1802231121740308e-05 0.0008836681129357134 0.00024265542972606681 0.0010724262331985349 -0.00015553345567579843 0.0015192611275993493 0 0.00036082512607362409 -6.8380822727627215e-05 0.0022944151070238886 0.00092600100059026967 0.0011392036478297853 0.00012116096302010452 0 0.0006131778214285078 -6.7970501804119729e-05 0.00038247024583532561 0.0002525097498190527
leaf_weight=1555 51 246 177 53 51 76 60 144 50 75 89 9379 784 51 52 112 4383 72 97 206 70 68 131 75 69 53 63 3328 111 111
leaf_count=1555 51 246 177 53 51 76 60 144 50 75 89 9379 784 51 52 112 4383 72 97 206 70 68 131 75 69 53 63 3328 111 111
internal_value=6.27955e-06 0.00188473 -3.41642e-05 0.00046156 0.000291156 0.00594269 -9.20863e-05 0.00091642 0.00179754 0.0021934 0.000318348 -0.000103255 -3.1779e-05 0.000293125 0.0013205 0.00169407 -8.60993e-05 0.00221074 0.000139796 -6.0112e-05 -5.31486e-06 0.00174388 0.000446055 0.000419561 0.000690074 0.000564084 1.09418e-05 -3.1951e-05 -5.18713e-05 0.000639972
internal_weight=21842 462 21380 2227 2174 127 19153 204 413 309 335 18949 9570 1357 171 234 8213 122 1186 1761 3830 119 339 214 144 104 847 3616 3439 242
internal_count=21842 462 21380 2227 2174 127 19153 204 413 309 335 18949 9570 1357 171 234 8213 122 1186 1761 3830 119 339 214 144 104 847 3616 3439 242
is_linear=0
shrinkage=0.05


Tree=17
num_leaves=31
num_cat=0
split_feature=3 103 126 5 2 3 133 99 103 61 94 5 100 43 5 93 128 5 50 2 2 46 142 28 33 21 81 131 137 3
split_gain=0.60794 1.18438 0.233014 0.947359 0.37837 0.184864 0.0758229 0.222889 0.0656599 0.0569349 0.0387842 0.090531 0.0358839 0.0277745 0.0233118 0.0216061 0.0197976 0.0167717 0.0137547 0.0137245 0.0130008 0.0119176 0.00953614 0.012597 0.0162723 0.00985702 0.00857106 0.0106034 0.00882628 0.00782614
threshold=0.38912885600000008 1403.4500000000005 15.500000000000002 13.545000000000002 0.0028720645000000007 0.052576056500000003 88.200000000000003 1.2500000000000002 2047.6500000000005 91.250000000000014 12.500000000000002 22.160000000000004 -1.149999999999977 0.38250000000000006 7.7150000000000007 269.23296060000001 10.428241251524872 10.240000000000002 1015.2500000000001 0.0031384280000000004 0.0047217085000000004 82.500000000000014 325.96598140156283 7.0500000000000007 -0.12295135915155249 0.57638888888888895 27.550000000000004 65.285309445892523 0.75500000000000012 0.0063316405000000001
decision_type=2 2 2 2 2 2 2 2 2 2 2 2 2 2 2 2 2 2 2 2 2 2 2 2 2 2 2 2 2 2
left_child=2 -2 3 5 9 21 10 -8 -3 -5 18 14 16 17 19 -16 -13 -7 22 -12 -21 29 -4 24 -24 26 27 -25 -28 -1
right_child=1 8 6 4 -6 13 7 -9 -10 -11 11 12 -14 -15 15 -17 -18 -19 -20 20 -22 -23 23 25 -26 -27 28 -29 -30 -31
leaf_value=-0.00019419292982009254 0.0071304450826398264 0.0019721620286516145 -0.00015959753957338319 0.0010220284344347114 0.0074661315468927993 0.00066077018901369931 -5.8538062051399732e-05 0.0037001349493584711 0 0.0032043276833784253 -0.00010500031447679931 0 0.0022054537349945999 0.0022999777409027696 0.0001153181631592067 0.00087792143222436094 0.0011687145075081169 0.001605524389902019 -0.00016128895765490169 0.00073274429856004042 0 0.00044814403069221031 0.00071076367883234981 0.00095217100736706261 -0.00014279164463315704 -0.00016690731695842372 -6.7514310160839494e-05 0 0.00017964741133010128 2.9701758986855626e-05
leaf_weight=1043 86 52 1452 59 51 194 153 51 217 89 2718 65 55 55 575 116 73 83 10755 95 169 97 133 54 81 915 1224 55 510 567
leaf_count=1043 86 52 1452 59 51 194 153 51 217 89 2718 65 55 55 575 116 73 83 10755 95 169 97 133 54 81 915 1224 55 510 567
internal_value=6.19427e-06 0.00205569 -2.75281e-05 0.000454897 0.00373975 0.000130179 -8.38981e-05 0.000870206 0.000394357 0.00238061 -9.44256e-05 4.59945e-05 0.00109887 0.00120875 -8.25256e-06 0.000251647 0.000609175 0.000966598 -0.00013052 -7.02179e-05 0.00026806 -7.72533e-05 -5.45688e-05 -1.53781e-06 0.000365272 -3.19338e-05 3.24196e-05 0.000460791 2.36011e-06 -0.00011227
internal_weight=21842 355 21487 2238 199 2039 19249 204 269 148 19045 3866 193 332 3673 691 138 277 15179 2982 264 1707 4424 2972 214 2758 1843 109 1734 1610
internal_count=21842 355 21487 2238 199 2039 19249 204 269 148 19045 3866 193 332 3673 691 138 277 15179 2982 264 1707 4424 2972 214 2758 1843 109 1734 1610
is_linear=0
shrinkage=0.05


Tree=18
num_leaves=31
num_cat=0
split_feature=0 62 1 61 69 94 133 85 138 124 0 62 123 90 22 2 104 66 2 85 95 104 31 136 128 77 50 90 103 0
split_gain=0.549824 1.0775 0.209541 0.818549 0.370119 0.162926 0.072991 0.199593 0.0621209 0.0595335 0.0455192 0.15839 0.0392987 0.032031 0.0255247 0.0225152 0.020297 0.017152 0.0165648 0.0228664 0.0236 0.0162553 0.0216367 0.0154458 0.0132905 0.0122072 0.0115656 0.0093411 0.0073561 0.0072999
threshold=0.24405000000000002 1.0000000180025095e-35 0.13543613500000004 338.15000000000003 273.69958760000003 15.500000000000002 88.200000000000003 267.36374800000004 4.3100000000000014 0.60355339059327384 0.025450000000000004 6.3500000000000014 0.25881904510252091 25.49897959183674 4.5000000000000009 0.0024100695000000005 14.450000000000005 24.325000000000006 0.0031384280000000004 265.60320865000006 4.5000000000000009 25.650000000000009 12.850000000000003 0.46000000000000002 9.4851651395396477 273.65469290000004 1021.4500000000002 28.68367346938776 1971.45 0.047800000000000002
decision_type=2 2 2 2 2 2 2 2 2 2 2 2 2 2 2 2 2 2 2 2 2 2 2 2 2 2 2 2 2 2
left_child=2 -2 6 4 -4 16 10 -8 -6 15 17 12 24 -5 25 -10 -3 -1 -19 -20 -21 28 -23 -15 -12 -14 -26 -25 -13 -16
right_child=1 5 3 13 8 -7 7 -9 9 -11 11 21 14 23 29 -17 -18 18 19 20 -22 22 -24 27 26 -27 -28 -29 -30 -31
leaf_value=-0.00015902038746629698 0.0080734623267004896 0.00084361247756090509 0.0060732141443794333 -8.6913974246477708e-05 0.0003064369309918377 0.0032725482244117588 0.0032610672290177378 -5.2818727351786082e-05 0.0021628514634445309 0.00079762111343110792 -0.00013654566229356882 3.5181636376869306e-05 0.0026222701792550439 0 0.00031944227196457659 0.0039205516611828519 -0.00013045041337669507 -6.6951382316998077e-05 -0.00015095102045204972 0.0013328741754127277 0 -5.9268051310505529e-05 0.0012788009383902866 0.00096251523411668757 0 0.0011729170578331047 0.00076136563432800111 0.00017932364078054286 -0.0001422986813738988 0.0011728560997397398
leaf_weight=10758 59 73 69 1304 57 50 60 167 74 55 64 739 50 133 67 50 173 4656 112 80 61 58 50 140 56 50 226 77 2194 80
leaf_count=10758 59 73 69 1304 57 50 60 167 74 55 64 739 50 133 67 50 173 4656 112 80 61 58 50 140 56 50 226 77 2194 80
internal_value=6.07816e-06 0.00195516 -2.59806e-05 0.000466508 0.00284225 0.00069572 -7.56632e-05 0.00081163 0.00185486 0.00231572 -8.63992e-05 7.21521e-05 0.000819633 2.39445e-05 0.0013116 0.0029373 0.000140603 -0.000123497 -4.46132e-05 0.000345441 0.000773235 -7.21858e-05 0.000520386 0.000450287 0.000451251 0.00196589 0.00060233 0.000709642 -9.58798e-05 0.000822456
internal_weight=21842 355 21487 1959 305 296 19528 227 236 179 19301 3634 593 1654 247 124 246 15667 4909 253 141 3041 108 350 346 100 282 217 2933 147
internal_count=21842 355 21487 1959 305 296 19528 227 236 179 19301 3634 593 1654 247 124 246 15667 4909 253 141 3041 108 350 346 100 282 217 2933 147
is_linear=0
shrinkage=0.05


Tree=19
num_leaves=31
num_cat=0
split_feature=0 126 2 44 126 126 0 5 41 133 33 43 104 103 5 85 124 136 123 28 141 141 161 13 44 131 40 89 2 81
split_gain=0.498226 0.878258 0.198868 0.260438 0.176447 0.120578 0.481506 0.119602 0.0783013 0.0658621 0.192608 0.0396947 0.0235951 0.0232286 0.0243145 0.019713 0.0182011 0.0212119 0.0154096 0.01535 0.0109821 0.0109085 0.0279621 0.0134983 0.00972123 0.00913643 0.00904733 0.00876029 0.00745761 0.0121149
threshold=0.21365000000000003 21.500000000000004 0.048280649000000009 1042.5000000000002 45.500000000000007 20.500000000000004 0.034600000000000006 22.160000000000004 49.500000000000007 88.200000000000003 -0.8799280761088718 0.39350000000000007 14.450000000000005 2531.5500000000006 1.5650000000000002 277.26350070000007 0.78656609248549303 0.28000000000000008 0.37940952255126054 32.150000000000006 36.635000000000005 35.775000000000013 0.27551020408163268 0.00071010991666666684 812.50000000000011 100.2802120376448 0.03500000000000001 46.250000000000007 0.0006863590000000001 38.350000000000001
decision_type=2 2 2 2 2 2 2 2 2 2 2 2 2 2 2 2 2 2 2 2 2 2 2 2 2 2 2 2 2 2
left_child=2 -2 5 -4 -3 6 19 11 -9 13 -11 15 -6 14 24 16 17 -8 -13 -1 -21 26 -23 -24 -7 -25 -16 -19 -26 -30
right_child=1 4 3 -5 12 9 7 8 -10 10 -12 18 -14 -15 21 -17 -18 27 -20 20 -22 22 23 25 28 -27 -28 -29 29 -31
leaf_value=-0.00012973707889069223 0.0067975338519151718 0.0027936562468530613 0 0.0046628643661125145 0.00086101337204522947 -0.00017251707931011334 0.001857085971860215 0.0015452667269735309 0.0044273382404988468 0.0032136567052694479 -0.00016895425084506401 0.0012599020313687757 -0.00010103888768419016 -0.00015667053014200495 -9.2880131510575404e-06 0 0.00014285608151597747 0.0013213518795057915 0.0027945756187260735 8.1991183982168538e-05 0.00084572558088762823 2.4526823922699379e-06 0.0012941132953781034 -2.5289601530468121e-05 -5.98924342052382e-05 0.00057438328689891048 0.00065909063840361066 0.00047031138716292016 -0.00016742643163191864 0.00065103350722827455
leaf_weight=1915 69 79 74 51 84 2492 97 57 54 58 138 55 230 8903 1654 56 59 68 50 351 58 567 61 69 3959 208 51 109 70 96
leaf_count=1915 69 79 74 51 84 2492 97 57 54 58 138 55 230 8903 1654 56 59 68 50 351 58 567 61 69 3959 208 51 109 70 96
internal_value=5.96969e-06 0.00162887 -2.89402e-05 0.00195079 0.000693753 -4.09094e-05 0.000256483 0.00151207 0.00301901 -8.87251e-05 0.000817874 0.00115795 0.000142369 -9.88465e-05 -4.25001e-05 0.000897705 0.00104333 0.00121783 0.00205734 -6.87387e-05 0.00020429 8.57162e-05 0.000226163 0.000585578 -9.38344e-05 0.000407467 8.14833e-06 0.000830941 -4.50584e-05 0.000277024
internal_weight=21842 462 21380 125 393 21255 2929 605 111 18326 196 494 314 18130 9227 389 333 274 105 2324 409 2610 905 338 6617 277 1705 177 4125 166
internal_count=21842 462 21380 125 393 21255 2929 605 111 18326 196 494 314 18130 9227 389 333 274 105 2324 409 2610 905 338 6617 277 1705 177 4125 166
is_linear=0
shrinkage=0.05


Tree=20
num_leaves=31
num_cat=0
split_feature=0 103 126 19 0 133 120 123 0 120 0 67 126 73 82 21 3 30 160 142 28 33 1 93 119 14 128 126 126 21
split_gain=0.444752 0.921829 0.170814 0.797076 0.308947 0.0858255 0.234874 0.0704065 0.0500018 0.0298619 0.0503367 0.0469213 0.0271802 0.0208234 0.0194334 0.0178123 0.0132265 0.0131125 0.0125434 0.0172614 0.0105514 0.019337 0.012045 0.0135571 0.0121693 0.0233394 0.00890748 0.00873827 0.0123262 0.0108635
threshold=0.24405000000000002 1483.4500000000003 16.500000000000004 0.014581428571428573 0.034600000000000006 88.200000000000003 273.18097490000008 0.37940952255126054 0.12360000000000002 275.98275000000007 0.12360000000000002 8.9500000000000011 66.500000000000014 26.950000000000003 16.274000000000004 0.49305555555555564 0.0073478165000000007 -1.3700000000000008 0.31326530612244907 135.82898045752839 7.0500000000000007 -0.072813602196327584 0.015639679500000003 263.70833310000006 6.0500000000000007 0.015602906500000001 10.299188477856278 35.500000000000007 52.500000000000007 0.64583333333333337
decision_type=2 2 2 2 2 2 10 2 2 8 2 2 2 2 2 2 2 2 2 2 2 2 2 2 10 2 2 2 2 2
left_child=2 -2 3 4 16 9 -7 13 14 10 18 -12 -3 15 -9 -6 -1 -13 19 -4 21 -21 27 -24 25 -25 -26 -22 29 -29
right_child=1 12 5 -5 7 6 -8 8 -10 -11 11 17 -14 -15 -16 -17 -18 -19 -20 20 22 -23 23 24 26 -27 -28 28 -30 -31
leaf_value=-0.00015017808543392754 0.0061748515132270506 0.0010789797941485988 -0.00010830198220540268 0.0063843765835864125 0.0014505649369538707 -0.00016219754238091543 0.0034591904758417519 0.0011288851674103382 0.0032482787402021516 -0.00014015231627828662 0.001570217945476676 9.5064833337864057e-05 -6.4617803135977572e-05 -8.5602859193198221e-05 0.0024398540508221178 0.00022473733250080843 0.00012316494600022638 0.00081022222744992595 -0.00013641211972967413 0.00088002969498086686 -0.00020129781690391446 -0.00011656934738760658 -5.5030113778171184e-05 0.0015931228430193956 -5.4706630364325274e-05 0.00021582446497912038 0.0003354203925325837 0.00010674927760449533 -6.0424728759499052e-05 0.00073841884984579608
leaf_weight=1201 88 68 2223 53 84 141 63 150 62 10464 81 361 183 57 50 63 683 84 2550 107 522 74 371 51 207 103 375 324 913 96
leaf_count=1201 88 68 2223 53 84 141 63 150 62 10464 81 361 183 57 50 63 683 84 2550 107 522 74 371 51 207 103 375 324 913 96
internal_value=5.92056e-06 0.00180036 -2.2206e-05 0.000374683 0.000234361 -7.23918e-05 0.000943201 0.00138598 0.0019374 -8.3664e-05 -1.30452e-05 0.000459279 0.000228412 0.000647396 0.00149201 0.000964062 -4.84187e-05 0.000242786 -4.51157e-05 -7.81424e-07 7.36863e-05 0.000446706 4.90615e-05 0.000180105 0.000305329 0.000711536 0.000188232 -2.65015e-05 3.82998e-05 0.000264418
internal_weight=21852 339 21513 2403 2350 19110 204 466 262 18906 8442 526 251 204 200 147 1884 445 7916 5366 3143 181 2962 1107 736 154 582 1855 1333 420
internal_count=21852 339 21513 2403 2350 19110 204 466 262 18906 8442 526 251 204 200 147 1884 445 7916 5366 3143 181 2962 1107 736 154 582 1855 1333 420
is_linear=0
shrinkage=0.05


Tree=21
num_leaves=31
num_cat=0
split_feature=0 61 2 120 126 126 0 0 133 120 69 103 0 84 2 128 122 13 138 46 160 14 104 0 0 61 104 134 119 33
split_gain=0.401818 0.85254 0.157418 0.225187 0.131138 0.101417 0.391525 0.11249 0.0810032 0.209775 0.0341122 0.0230029 0.0388812 0.021232 0.019417 0.0186272 0.0224283 0.0195567 0.0145013 0.0134545 0.0124902 0.0113286 0.0103179 0.0101359 0.00959855 0.00942439 0.00898924 0.0128231 0.0293915 0.00773487
threshold=0.24405000000000002 224.05000000000004 0.048280649000000009 270.22535110000007 45.500000000000007 19.500000000000004 0.034600000000000006 0.16045000000000001 88.200000000000003 273.18097490000008 273.52864750000009 2508.6000000000004 0.12360000000000002 1.0000000180025095e-35 0.00015051900000000003 9.535534966078524 1.5000000000000002 0.0012156346736111113 8.5650000000000013 79.500000000000014 0.130690737833595 0.0020423485000000004 14.450000000000005 0.016250000000000004 0.0024000000000000007 934.6500000000002 0.35000000000000009 6.205000000000001 6.0500000000000007 0.25833271292211568
decision_type=2 2 2 10 2 2 2 2 2 10 2 2 2 2 2 2 2 2 2 2 2 2 2 2 2 2 2 2 8 2
left_child=2 -2 5 -4 -3 6 19 10 11 -10 14 12 23 -14 -8 -12 -17 -18 -15 24 -19 -21 -6 25 -1 -7 -25 28 -28 -29
right_child=1 4 3 -5 22 8 7 -9 9 -11 15 -13 13 18 -16 16 17 20 -20 21 -22 -23 -24 26 -26 -27 27 29 -30 -31
leaf_value=-0.00016920191319573963 0.0074821793746755088 0.0028773868712596595 0 0.0043038992169906632 0.00061996415638008561 -0.0001698716948671581 0.00088904993821023372 0.0030683296366689986 -0.00015026805144020895 0.00328893333369706 0 -0.00014184443277586272 0.0011644489941264932 8.4620866070704505e-05 0.0024158814227310558 0 0.0016201247648153828 0 0.00093690463843813625 0 0.0010339387150443877 0.001015024634096055 -0.00010353426846859561 -0.00021888892786473265 4.5635769987913794e-05 -4.0872565005775955e-05 0.0011433157424914821 -4.3801156688860159e-05 -0.0001699491091270306 0.00017566209498060767
leaf_weight=1315 53 51 74 50 65 2161 50 87 136 63 66 9117 81 315 72 52 134 51 63 51 86 51 170 275 809 4553 86 995 72 648
leaf_count=1315 53 51 74 50 65 2161 50 87 136 63 66 9117 81 315 72 52 134 51 63 51 86 51 170 275 809 4553 86 995 72 648
internal_value=5.76346e-06 0.0017114 -2.09597e-05 0.00174753 0.000602221 -3.15272e-05 0.000247167 0.00138222 -7.42009e-05 0.000924525 0.00107996 -8.53443e-05 -2.91007e-05 0.000417798 0.0018431 0.000823685 0.000979994 0.00116195 0.000241958 -5.59966e-05 0.00066909 0.000495148 7.71749e-05 -5.30507e-05 -8.50375e-05 -8.31566e-05 4.19006e-05 8.45954e-05 0.000516114 3.97681e-05
internal_weight=21852 339 21513 124 286 21389 2824 598 18565 199 511 18366 9249 459 122 389 323 271 378 2226 137 102 235 8790 2124 6714 2076 1801 158 1643
internal_count=21852 339 21513 124 286 21389 2824 598 18565 199 511 18366 9249 459 122 389 323 271 378 2226 137 102 235 8790 2124 6714 2076 1801 158 1643
is_linear=0
shrinkage=0.05


Tree=22
num_leaves=31
num_cat=0
split_feature=0 61 126 19 0 126 133 120 123 0 103 3 36 121 43 50 119 2 137 128 128 28 104 104 69 142 21 69 141 18
split_gain=0.363611 0.77059 0.143198 0.686797 0.254149 0.118576 0.0698129 0.19231 0.0600407 0.0434253 0.0247441 0.0482383 0.0450334 0.0177428 0.0168439 0.0160613 0.014323 0.015187 0.0268837 0.012023 0.0130013 0.0111894 0.00948999 0.00874285 0.0107999 0.0087254 0.00743311 0.00686637 0.00650465 0.00591957
threshold=0.24405000000000002 224.05000000000004 16.500000000000004 0.014581428571428573 0.034600000000000006 45.500000000000007 88.200000000000003 273.18097490000008 0.25881904510252091 0.11455000000000001 2259.0500000000006 0.10097021400000002 268.36300870000008 0.15000000000000005 0.38450000000000006 1016.5500000000001 7.0500000000000007 0.0035617145000000003 0.75500000000000012 10.428241251524872 10.660888056700539 32.150000000000006 14.550000000000004 19.350000000000012 292.30014215000006 802.31384976664242 0.49305555555555564 272.97588085000007 38.520000000000003 0.026408333333333336
decision_type=2 2 2 2 2 2 2 10 2 2 2 2 2 10 2 2 8 2 2 2 2 2 2 2 2 2 2 2 2 2
left_child=2 -2 3 4 21 -3 10 -8 15 14 11 16 13 -13 29 -6 17 23 -19 -14 -21 -1 -7 24 -4 -25 -17 -23 -26 -10
right_child=1 5 6 -5 8 22 7 -9 9 -11 -12 12 19 -15 -16 26 -18 18 -20 20 -22 27 -24 25 28 -27 -28 -29 -30 -31
leaf_value=-0.00010285009416191075 0.0071149985457736042 0.0027362842234567955 -8.2997220566920595e-05 0.0059222652564791074 -0.00014547179382134347 0.00050508621680248414 -0.00014702918832715025 0.0031270562211193468 0.00037865772578960004 0.0027194599980036455 -0.00012523257026407145 0.00049371179636793848 -6.6020917599099793e-05 0.0014091181549855381 0.0021271013244292519 0.0011575160888406409 -0.00011528713631989141 0 0.00130809920737409 0.00076612718355965881 0.00011159610952438284 0.00058059515302568581 -0.00014145021382541958 9.2630646639575178e-05 8.6772419558006489e-05 0.00076000334791388019 0.00020731919141504549 5.0635663174900756e-05 0.00078435129425526151 0.0011992223849028021
leaf_weight=1540 53 51 1853 53 55 85 141 63 58 84 10854 170 435 101 51 72 4294 125 62 113 304 93 150 333 146 63 50 251 53 96
leaf_count=1540 53 51 1853 53 55 85 141 63 58 84 10854 170 435 101 51 72 4294 125 62 113 304 93 150 333 146 63 50 251 53 96
internal_value=5.63702e-06 0.00162816 -1.97727e-05 0.000343594 0.000213185 0.000572701 -6.57417e-05 0.000850017 0.00125772 0.00170837 -7.59318e-05 -8.84687e-06 0.000294257 0.000857187 0.00125861 0.000488346 -5.87285e-05 3.15514e-05 0.000464664 0.000108547 0.000302333 -4.30535e-05 7.23662e-05 0 -4.32374e-05 0.000213045 0.000813593 0.00020967 0.000300553 0.000926873
internal_weight=21852 339 21513 2403 2350 286 19110 204 466 289 18906 8052 1123 271 205 177 6929 2635 187 852 417 1884 235 2448 2052 396 122 344 199 154
internal_count=21852 339 21513 2403 2350 286 19110 204 466 289 18906 8052 1123 271 205 177 6929 2635 187 852 417 1884 235 2448 2052 396 122 344 199 154
is_linear=0
shrinkage=0.05


Tree=23
num_leaves=31
num_cat=0
split_feature=0 126 2 90 126 126 0 0 123 133 34 129 22 11 103 0 91 2 46 14 59 0 133 92 126 131 141 100 28 98
split_gain=0.329009 0.697041 0.135679 0.206575 0.0873004 0.0827545 0.33155 0.0942982 0.0947716 0.0685095 0.175114 0.0289695 0.026986 0.0251517 0.0174353 0.0248265 0.0176864 0.0145786 0.011875 0.00989248 0.00895861 0.00864801 0.00791943 0.0106127 0.0157672 0.0198025 0.0107933 0.0115068 0.0105852 0.00761335
threshold=0.24405000000000002 22.500000000000004 0.048280649000000009 21.945918367346945 47.500000000000007 21.500000000000004 0.034600000000000006 0.15305000000000002 0.25881904510252091 88.200000000000003 0.083400105935151944 6.5000000000000009 4.5000000000000009 0.0028712009375000003 2508.6000000000004 0.12360000000000002 19.550000000000004 0.00015051900000000003 79.500000000000014 0.0020423485000000004 7.0675000000000008 0.0024000000000000007 14.030000000000003 15.350000000000003 52.500000000000007 41.157541858735875 28.635000000000002 3.7500000000000004 7.0500000000000007 0.099999999999999881
decision_type=2 2 2 2 2 2 2 2 2 2 2 2 2 2 2 2 2 2 2 2 2 2 2 2 2 2 2 2 2 2
left_child=2 -2 5 -4 -3 6 18 11 -9 14 -11 12 13 29 15 20 -17 -18 21 -20 -7 -1 -22 24 25 -24 27 -26 -28 -8
right_child=1 4 3 -5 -6 9 7 8 -10 10 -12 -13 -14 -15 -16 16 17 -19 19 -21 22 -23 23 -25 26 -27 28 -29 -30 -31
leaf_value=-0.0001576419477043097 0.0064971153676446729 0.0023432939927666807 0 0.0040723987058000231 4.9679740130718272e-05 -0.00011941537860216672 0.0012683673555229326 0.0010193166320429747 0.0040639701454730877 -5.2784651172636381e-06 0.003345968178562963 0 0.00057559583448229602 0.0021734072990957864 -0.00012849204705578393 -2.9283288752915063e-05 5.0137303964348955e-05 0.00087619017254073484 0 0.00094727849782290071 -0.00010322073769666847 3.5267663513896102e-05 0.0010678027325329215 -9.2214607825093041e-05 0 0.00018507653913257618 0.00033981695153734165 0.00058722228026454105 -8.8554916079303309e-05 0.0004351488340409671
leaf_weight=1458 58 51 74 50 230 2950 124 60 54 144 51 71 209 83 9117 175 98 168 51 51 1642 905 74 1233 192 648 156 152 1458 65
leaf_count=1458 58 51 74 50 230 2950 124 60 54 144 51 71 209 83 9117 175 98 168 51 51 1642 905 74 1233 192 648 156 152 1458 65
internal_value=5.59006e-06 0.00154899 -1.85692e-05 0.00162325 0.000490522 -2.83966e-05 0.000208661 0.00119797 0.0025278 -6.93318e-05 0.000858291 0.000910216 0.00104918 0.00139133 -7.96698e-05 -2.93467e-05 0.000334583 0.000591909 -5.6983e-05 0.000461428 -4.88421e-05 -8.16612e-05 -1.04492e-05 2.72192e-05 8.40465e-05 0.000283817 7.72277e-06 0.000263708 -4.38702e-05 0.00101192
internal_weight=21852 339 21513 124 281 21389 3131 666 114 18258 195 552 481 272 18063 8946 441 266 2465 102 8505 2363 5555 3913 2680 722 1958 344 1614 189
internal_count=21852 339 21513 124 281 21389 3131 666 114 18258 195 552 481 272 18063 8946 441 266 2465 102 8505 2363 5555 3913 2680 722 1958 344 1614 189
is_linear=0
shrinkage=0.05


Tree=24
num_leaves=31
num_cat=0
split_feature=0 61 2 120 94 3 61 1 123 133 76 160 59 2 61 81 122 30 128 128 73 75 142 104 136 90 140 120 116 14
split_gain=0.297988 0.632747 0.12239 0.196288 0.0912565 0.071859 0.309929 0.0688083 0.0845355 0.0619452 0.158668 0.0255436 0.015598 0.0188114 0.0340925 0.013071 0.0155351 0.0103185 0.00987971 0.01179 0.00950763 0.0203668 0.00909903 0.00908525 0.00727542 0.00655062 0.00581455 0.00824747 0.0116847 0.00827607
threshold=0.24405000000000002 224.05000000000004 0.048280649000000009 270.22535110000007 13.500000000000002 0.10097021400000002 338.15000000000003 0.22162306700000003 0.25881904510252091 88.200000000000003 1.0000000180025095e-35 0.19387755102040821 7.0675000000000008 0.0031384280000000004 264.7000000000001 47.550000000000004 2.5000000000000004 -1.915714285714285 10.428241251524872 10.660888056700539 39.550000000000004 23.550000000000004 325.96598140156283 14.450000000000005 0.015000000000000001 9.8989795918367367 40.960000000000008 273.08764030000003 271.40262350000006 0.004418240500000001
decision_type=2 2 2 10 2 2 2 2 2 2 2 2 2 2 2 2 2 2 2 2 2 2 2 2 2 2 2 8 10 2
left_child=2 -2 5 -4 23 9 7 15 -9 12 25 -8 -1 22 -15 16 -7 -18 -13 -20 -16 -22 -14 -3 -24 -11 27 28 29 -26
right_child=1 4 3 -5 -6 6 11 8 -10 10 -12 18 13 14 20 -17 17 -19 19 -21 21 -23 24 -25 26 -27 -28 -29 -30 -31
leaf_value=-0.00011974021928478113 0.0064469964916955827 0.00058462251343119613 -3.6188103534126029e-05 0.0039301901430493077 0.0023928546477197058 0.00016367309763226285 -9.7235693417856744e-05 0.0011070733840962679 0.0036719715542670702 -0.00050252898679128998 0.0027135265870413313 0 -0.00010813125150714326 0.0014816584054558636 0 0.00014679361676599002 0.0016348393801930467 0.00086960219926395053 0.00081203256045770929 0.00020055290923068881 0.0012079119459407854 -3.6281808020753992e-05 0.00045472395456851123 -9.7607053884482748e-05 0.00077541001745030512 0.00012349578147590596 -3.907250440269908e-05 -1.4621326300802426e-05 -4.6685231691299126e-05 6.6407431419172687e-05
leaf_weight=10033 53 64 74 50 52 56 2349 86 61 65 70 220 3246 51 393 63 109 168 128 294 55 62 87 170 132 93 2890 467 127 84
leaf_count=10033 53 64 74 50 52 56 2349 86 61 65 70 220 3246 51 393 63 109 168 128 294 55 62 87 170 132 93 2890 467 127 84
internal_value=5.47408e-06 0.00147432 -1.75069e-05 0.0015418 0.000516136 -2.68522e-05 0.000178726 0.00127665 0.00222282 -6.78295e-05 0.000747171 -1.92854e-05 -7.86968e-05 -2.38042e-05 0.000253196 0.000908109 0.0010363 0.00119351 0.000257857 0.000399327 0.000117906 0.000511503 -4.66434e-05 6.94028e-05 4.75522e-06 -0.00010414 -4.59415e-06 0.000112152 0.000298833 0.000524305
internal_weight=21852 339 21513 124 286 21389 3534 543 147 17855 228 2991 17627 7594 561 396 333 277 642 422 510 117 7033 234 3787 158 3700 810 343 216
internal_count=21852 339 21513 124 286 21389 3534 543 147 17855 228 2991 17627 7594 561 396 333 277 642 422 510 117 7033 234 3787 158 3700 810 343 216
is_linear=0
shrinkage=0.05


Tree=25
num_leaves=31
num_cat=0
split_feature=1 126 126 1 35 3 103 61 126 91 131 1 75 136 108 85 122 28 90 92 139 18 35 139 142 4 84 3 131 104
split_gain=0.288635 0.470032 0.120206 0.464718 0.208095 0.0869902 0.0847425 0.0611433 0.0208041 0.02649 0.158114 0.0229245 0.045494 0.023514 0.0174665 0.0101391 0.00824128 0.00701479 0.00666273 0.00664597 0.00985394 0.0117461 0.00956772 0.0122037 0.00955526 0.00578121 0.00711847 0.00765984 0.00523812 0.00512308
threshold=0.32127834050000009 22.500000000000004 14.500000000000002 0.13543613500000004 273.65513400000003 0.052576056500000003 2205.8500000000008 91.250000000000014 90.500000000000014 11.350000000000003 28.122751250102521 0.13543613500000004 10.950000000000001 0.70500000000000007 273.23821500000003 275.80581355000004 2.5000000000000004 32.550000000000004 27.041836734693881 18.350000000000009 93.65491565332664 0.0039416666666666671 292.01624035000003 38.955119356172581 453.4712181965337 0.00029107750000000005 1.0000000180025095e-35 0.10097021400000002 100.2802120376448 19.45000000000001
decision_type=2 2 2 2 2 2 2 2 2 2 2 2 2 2 2 2 2 2 2 2 2 2 2 2 2 2 2 2 2 2
left_child=2 -2 3 5 -5 17 18 -6 9 10 -4 19 13 -13 -7 -14 -16 -1 -3 20 22 -22 25 -24 -25 29 27 -27 -17 -11
right_child=1 6 8 4 7 14 -8 -9 -10 11 -12 12 15 -15 16 28 -18 -19 -20 -21 21 -23 23 24 -26 26 -28 -29 -30 -31
leaf_value=-9.5399393583501347e-05 0.0048179959772342166 0.0010560600298853008 0.0028202403237504001 0.0055031527453427457 0.00013235518003199887 0.0015675248508380413 0 0.0024568266113887413 -0.00012378430584588688 -0.00012363010820148567 -1.3040126297774811e-05 0.00031193433576607015 -1.7702041267685528e-05 0.0018496191059831149 4.0081403333743131e-05 0 0.00078411217154271862 0.00018338527731226047 0.0021243258326181344 -0.00013546380384376903 1.2930739038210957e-05 0.00081798235182658466 0 0.0009764945718153074 0.00017409133092357264 2.7485908654897847e-05 -4.0390256455596374e-05 0.0005173912622111126 0.00061723121429968833 3.6799301656690828e-05
leaf_weight=1327 76 66 56 50 50 74 259 83 7941 3479 337 60 654 58 65 56 185 262 55 2077 159 71 512 64 138 304 2597 121 108 527
leaf_count=1327 76 66 56 50 50 74 259 83 7941 3479 337 60 654 58 65 56 185 262 55 2077 159 71 512 64 138 304 2597 121 108 527
internal_value=3.97225e-06 0.00124754 -2.23311e-05 0.000336852 0.00273796 0.000103236 0.000509552 0.00162779 -6.15747e-05 -1.77105e-05 0.000384127 -3.25754e-05 0.000202831 0.00111895 0.000849399 6.3366e-05 0.000611515 -4.62013e-05 0.00159605 -5.50175e-05 -3.34168e-05 0.000285557 -4.35743e-05 0.000128442 0.000456507 -6.17772e-05 -7.75023e-06 0.000179589 0.000415101 -0.000101273
internal_weight=21871 456 21415 2096 183 1913 380 133 19319 11378 393 10985 936 118 324 818 250 1589 121 10049 7972 230 7742 714 202 7028 3022 425 164 4006
internal_count=21871 456 21415 2096 183 1913 380 133 19319 11378 393 10985 936 118 324 818 250 1589 121 10049 7972 230 7742 714 202 7028 3022 425 164 4006
is_linear=0
shrinkage=0.05


Tree=26
num_leaves=31
num_cat=0
split_feature=0 62 2 47 103 62 0 123 129 1 0 133 76 101 49 104 29 93 36 142 84 35 138 17 81 136 28 99 7 134
split_gain=0.261239 0.418879 0.1379 0.205033 0.0696529 0.0555259 0.241155 0.0689899 0.0391948 0.0421757 0.0342273 0.0328631 0.0944274 0.026837 0.0133867 0.0106206 0.0105665 0.0105273 0.0101983 0.00918174 0.010755 0.00865579 0.0146723 0.00714933 0.00908845 0.0112268 0.00858076 0.00839454 0.00646042 0.00638184
threshold=0.21365000000000003 1.0000000180025095e-35 0.048280649000000009 25.500000000000004 2205.8500000000008 1.0000000180025095e-35 0.034600000000000006 0.60355339059327384 6.5000000000000009 0.11566167400000001 0.12360000000000002 88.200000000000003 1.0000000180025095e-35 -2.6338755499999986 975.6500000000002 0.65000000000000024 43.250000000000007 267.93890145000006 264.45621055000009 135.82898045752839 13.250000000000005 292.01624035000003 3.9650000000000003 0.028950000000000004 27.550000000000004 0.34500000000000003 7.0500000000000007 3.8000000000000118 0.026350000000000002 8.2600000000000016
decision_type=2 2 2 2 2 2 2 2 2 2 2 2 2 2 2 2 2 2 2 2 2 2 2 2 2 2 2 2 2 2
left_child=2 -2 5 -4 -3 6 16 8 9 -8 14 17 -13 -11 -9 -15 -1 18 -7 -20 21 23 -23 26 25 -25 27 -21 -18 -26
right_child=1 4 3 -5 -6 11 7 10 -10 13 -12 12 -14 15 -16 -17 28 -19 19 20 -22 22 -24 24 29 -27 -28 -29 -30 -31
leaf_value=-0.00010316549069018185 0.0043842380775493536 0.0014764580707997085 0.0040725960491873403 -0.00013193924937652247 0 -0.00011264939397217545 0.00034284867120059698 0.0020409426044480984 -0.00039587767707804846 0.00021112660812921643 0.0028780591141601853 -0.00016441853347684825 0.0022285959779207282 0.0011230767554328608 0.00087674097944864511 0.0022090960483721377 -1.046326865913053e-05 -0.00012133793636446601 -9.2953744464785692e-05 3.8090141806147401e-05 -9.775580421464807e-05 0.00095851212079574441 0.00013878414793501467 0.00088929731012253534 -6.2315200470927797e-05 3.7740721692410305e-07 -5.0819993807555126e-05 0.00084900146156971197 0.00035710995546836517 0.00017045369485229153
leaf_weight=2401 83 114 50 62 259 3392 256 50 74 50 54 121 59 82 112 72 212 7124 2148 118 1193 70 346 84 445 81 1744 52 215 748
leaf_count=2401 83 114 50 62 259 3392 256 50 74 50 54 121 59 82 112 72 212 7124 2148 118 1193 70 346 84 445 81 1744 52 215 748
internal_value=3.98185e-06 0.00118707 -2.10309e-05 0.00172027 0.000452443 -3.05008e-05 0.000148708 0.000945567 0.000623679 0.000799043 0.00171177 -6.69646e-05 0.000600313 0.00134267 0.00127705 0.00167406 -6.11157e-05 -7.41292e-05 -4.1368e-05 -6.24725e-06 3.08971e-05 7.38845e-05 0.000290677 4.47135e-05 0.000132817 0.00048567 -1.52225e-05 0.000318888 0.000163334 7.94617e-05
internal_weight=21871 456 21415 112 373 21303 3578 750 534 460 216 17725 180 204 162 154 2828 17545 10421 7029 4881 3688 416 3272 1358 165 1914 170 427 1193
internal_count=21871 456 21415 112 373 21303 3578 750 534 460 216 17725 180 204 162 154 2828 17545 10421 7029 4881 3688 416 3272 1358 165 1914 170 427 1193
is_linear=0
shrinkage=0.05


Tree=27
num_leaves=31
num_cat=0
split_feature=0 126 2 33 103 126 0 0 133 76 122 43 94 29 82 4 141 23 2 33 0 128 96 90 13 119 69 104 136 7
split_gain=0.236181 0.385697 0.124371 0.184435 0.0688151 0.058774 0.199507 0.0591334 0.0257654 0.0886363 0.0244624 0.0230623 0.0153103 0.038203 0.0283437 0.0161481 0.0232037 0.012767 0.00844356 0.00759645 0.0107034 0.00683568 0.00678881 0.00617715 0.00593575 0.0054839 0.00857932 0.00832523 0.0145276 0.00798125
threshold=0.21365000000000003 22.500000000000004 0.048280649000000009 -0.680572476464954 2205.8500000000008 14.500000000000002 0.034600000000000006 0.16045000000000001 88.200000000000003 1.0000000180025095e-35 2.5000000000000004 0.37550000000000006 10.500000000000002 52.20000000000001 26.138000000000005 0.0024749575000000005 35.775000000000013 28.072916666666671 0.00022591100000000003 -0.12295135915155249 0.060150000000000009 9.1911065815618631 43.662500000000009 27.041836734693881 0.00073290316666666671 7.3500000000000005 292.93499730000002 20.050000000000008 0.055000000000000007 0.028750000000000001
decision_type=2 2 2 2 2 2 2 2 2 2 2 2 2 2 2 2 2 2 2 2 2 2 2 2 2 8 2 2 2 2
left_child=2 -2 5 -4 23 6 18 10 12 -10 -8 17 25 15 -15 -14 21 22 -1 -18 -21 -17 -12 -3 -20 26 27 -7 29 -29
right_child=1 4 3 -5 -6 8 7 -9 9 -11 11 -13 13 14 -16 16 19 -19 24 20 -22 -23 -24 -25 -26 -27 -28 28 -30 -31
leaf_value=-7.4854041475177864e-05 0.0043638596553718309 0.00092264414031697963 0.0038649306514793461 -0.00011894778325407219 0 -9.2517269377502016e-05 7.4962367803824172e-05 0.0027232373600801162 -0.00015470157400139596 0.0021190233063728861 0.00074224356520322284 0.0018870325907898535 -7.7677218042469519e-05 0.0015987197227077558 0.00027812479453608155 -0.00036067267578957147 0.0011327198158662588 0.0014159860623310253 -2.5315761407622796e-06 -0.00010311310546846167 0.00065774626225193367 7.42122774694485e-05 0 0.0019397129438584672 0.0004684005794782783 -0.00011050091871093648 0.00035813096697287017 0.00010408796326430547 0 0.0010391533826477825
leaf_weight=1419 76 66 50 62 259 3763 80 56 138 59 97 83 3059 59 171 98 57 69 94 59 117 872 53 55 132 9430 125 63 1096 54
leaf_count=1419 76 66 50 62 259 3763 80 56 138 59 97 83 3059 59 171 98 57 69 94 59 117 872 53 55 132 9430 125 63 1096 54
internal_value=3.91608e-06 0.00112884 -1.98556e-05 0.00163379 0.000458956 -2.88605e-05 0.000222867 0.00117014 -5.64122e-05 0.000508272 0.00092289 0.00113002 -6.25493e-05 1.71988e-05 0.000643985 -1.55962e-05 0.000138045 0.00081311 -2.68748e-05 0.000586004 0.000375295 2.47999e-05 0.000495133 0.00143804 0.000251351 -8.75455e-05 -4.41156e-05 -5.52948e-05 5.60402e-05 0.000583179
internal_weight=21871 456 21415 112 380 21303 2083 438 19220 197 382 302 19023 4492 230 4262 1203 219 1645 233 176 970 150 121 226 14531 5101 4976 1213 117
internal_count=21871 456 21415 112 380 21303 2083 438 19220 197 382 302 19023 4492 230 4262 1203 219 1645 233 176 970 150 121 226 14531 5101 4976 1213 117
is_linear=0
shrinkage=0.05


Tree=28
num_leaves=31
num_cat=0
split_feature=0 126 2 47 126 126 0 0 122 43 126 104 131 3 85 131 140 90 23 2 24 24 96 104 35 141 101 28 8 142
split_gain=0.213813 0.348803 0.112151 0.182579 0.0900021 0.0532544 0.181135 0.053107 0.0220257 0.0205423 0.0148025 0.0202323 0.124867 0.01865 0.0395488 0.0168745 0.019117 0.0128761 0.0113664 0.00757771 0.00683403 0.00668152 0.00620327 0.00619541 0.00608773 0.0207588 0.00617803 0.00718884 0.00735841 0.0095681
threshold=0.21365000000000003 15.500000000000002 0.048280649000000009 25.500000000000004 45.500000000000007 14.500000000000002 0.034600000000000006 0.16045000000000001 2.5000000000000004 0.37550000000000006 91.500000000000014 20.850000000000005 28.122751250102521 0.10097021400000002 275.54921895000001 93.410858925704943 49.590000000000011 14.201020408163268 28.072916666666671 0.00022591100000000003 54.850000000000001 61.750000000000007 38.937500000000007 6.7500000000000018 292.01624035000003 38.660000000000004 -5.3883074499999841 17.500000000000004 0.00093810516419616378 189.82356041294662
decision_type=2 2 2 2 2 2 2 2 2 2 2 2 2 2 2 2 2 2 2 2 2 2 2 2 2 2 2 2 2 2
left_child=2 -2 5 -4 -3 6 19 8 -8 18 11 13 -13 24 20 -16 21 -6 22 -1 23 -17 -10 -15 26 -26 27 28 -7 -30
right_child=1 4 3 -5 17 10 7 -9 9 -11 -12 12 -14 14 15 16 -18 -19 -20 -21 -22 -23 -24 -25 25 -27 -28 -29 29 -31
leaf_value=-7.1113974982852233e-05 0.0048606043477559951 0.0018664635845337702 0.0037733342628994519 -0.00019231560954173643 -0.00017480675155874688 -1.2596033637237268e-05 7.1260525212970993e-05 0.0025894643067614089 0.00080999616497334694 0.0017938041929820821 -0.00010703705191834081 0.0020278454771079637 2.7086458218333182e-05 0.00061154978833502342 -3.2864525995146055e-05 0.0006239130123419902 0.0013335970451589674 0.00046195752356665063 0.0013461981778049709 0.00023778516018079757 -8.20566849603399e-05 7.9843697943336644e-05 7.981410587560206e-05 0 -1.7334614516117873e-05 0.00084438520287987654 -0.00010209584221551351 -5.3415646497902836e-05 0 0.0007196087773582296
leaf_weight=1419 53 98 50 62 161 139 80 56 73 83 7748 84 1017 70 102 181 85 144 69 226 1114 116 77 95 762 75 6659 796 65 112
leaf_count=1419 53 98 50 62 161 139 80 56 73 83 7748 84 1017 70 102 181 85 144 69 226 1114 116 77 95 762 75 6659 796 65 112
internal_value=3.88106e-06 0.00107422 -1.87258e-05 0.00155154 0.000553082 -2.72885e-05 0.000212306 0.00111492 0.000879506 0.00107617 -5.35248e-05 -1.69416e-05 0.000185972 -3.89811e-05 0.000108029 0.000493192 0.000646431 0.000110017 0.000774541 -2.55192e-05 -3.40902e-05 0.000429174 0.000471293 0.000258179 -6.96799e-05 5.48293e-05 -8.37392e-05 2.16864e-05 0.000226212 0.000440858
internal_weight=21871 456 21415 112 403 21303 2083 438 382 302 19220 11472 1101 10371 1763 484 382 305 219 1645 1279 297 150 165 8608 837 7771 1112 316 177
internal_count=21871 456 21415 112 403 21303 2083 438 382 302 19220 11472 1101 10371 1763 484 382 305 219 1645 1279 297 150 165 8608 837 7771 1112 316 177
is_linear=0
shrinkage=0.05


Tree=29
num_leaves=31
num_cat=0
split_feature=0 126 2 90 126 0 0 133 76 122 104 29 103 2 82 46 17 59 23 128 142 142 116 15 0 75 23 91 22 67
split_gain=0.195753 0.369527 0.100709 0.176622 0.0508227 0.172717 0.0463144 0.0215511 0.0762493 0.0198773 0.0240975 0.0150953 0.0378469 0.0149085 0.0141219 0.0076771 0.0078256 0.00763747 0.00718465 0.0103459 0.00636363 0.00879301 0.0161484 0.00724637 0.00509253 0.0049383 0.00472832 0.00456158 0.00444565 0.00497931
threshold=0.24405000000000002 36.500000000000007 0.048280649000000009 21.351020408163272 14.500000000000002 0.034600000000000006 0.16045000000000001 88.200000000000003 1.0000000180025095e-35 1.5000000000000002 2.0500000000000007 50.050000000000004 1386.3500000000006 0.0024100695000000005 23.382000000000001 75.500000000000014 0.0032500000000000003 7.3003000000000009 28.072916666666671 9.7282867427397601 325.96598140156283 350.13606135248921 270.23670135000003 0.00086145833333333354 0.0024000000000000007 5.9500000000000011 26.703472222222228 24.650000000000002 61.500000000000007 15.350000000000003
decision_type=2 2 2 2 2 2 2 2 2 2 2 2 2 2 2 2 2 2 2 2 2 2 8 2 2 2 2 2 2 2
left_child=2 -2 4 -4 5 15 9 11 25 -7 18 17 13 -13 -3 24 -17 -6 19 -11 -19 22 -22 28 -1 -9 -21 -25 -23 -30
right_child=1 14 3 -5 7 6 -8 8 -10 10 -12 12 -14 -15 -16 16 -18 20 -20 26 21 23 -24 27 -26 -27 -28 -29 29 -31
leaf_value=-0.00012711437806478993 0.0038633783004262756 -6.7281275911311195e-05 -0.00024087554394518811 0.0036600425054533776 -9.3581432836876256e-05 0 0.0023162285119727039 -0.00053974070443823282 0.0019624913604930042 0 0.0020512252218345657 0.00041116752675796823 -2.6912923756349093e-08 0.0014814641243167991 0.0007383511350427226 0 0.00079808939411900196 -7.4298677109111116e-05 0.0012437290799510725 0.0010300136155162293 0.00087392654034297861 -8.0734626741655065e-05 0 6.3996176455425441e-05 5.6289293257598526e-05 3.3826910131954886e-05 0.0002834867986863266 0.00048045129341965854 7.7159321659792105e-06 0.00057236019253739917
leaf_weight=963 93 173 62 50 10332 54 68 51 59 54 50 125 952 57 73 50 54 3674 76 90 82 2105 124 1298 578 87 58 74 255 50
leaf_count=963 93 173 62 50 10332 54 68 51 59 54 50 125 952 57 73 50 54 3674 76 90 82 2105 124 1298 578 87 58 74 255 50
internal_value=3.82396e-06 0.00119438 -1.47425e-05 0.00147334 -2.28252e-05 0.000210585 0.00107768 -4.83972e-05 0.000467978 0.000838677 0.00098482 -5.4001e-05 0.000121327 0.000779956 0.000153567 -2.40863e-05 0.000383816 -6.53343e-05 0.000768435 0.000559735 -2.65841e-05 1.61277e-05 0.000333479 0 -5.50887e-05 -0.000144531 0.000774879 9.04333e-05 -5.34473e-05 0.000118188
internal_weight=21871 339 21532 112 21420 2095 450 19325 197 382 328 19128 1134 182 246 1645 104 17994 278 202 7662 3988 206 3782 1541 138 148 1372 2410 305
internal_count=21871 339 21532 112 21420 2095 450 19325 197 382 328 19128 1134 182 246 1645 104 17994 278 202 7662 3988 206 3782 1541 138 148 1372 2410 305
is_linear=0
shrinkage=0.05


Tree=30
num_leaves=31
num_cat=0
split_feature=1 126 19 93 0 62 81 133 35 0 126 128 129 69 83 126 128 82 82 137 43 50 141 126 134 33 89 30 90 128
split_gain=0.175972 0.360192 0.1019 0.203851 0.0525385 0.168146 0.0739899 0.0248865 0.0853565 0.0213874 0.069279 0.0242745 0.0227973 0.0212117 0.0188441 0.0157786 0.0109233 0.00990704 0.00796905 0.00698246 0.00679783 0.00671097 0.0124801 0.00974165 0.00597555 0.0182856 0.00508898 0.00477895 0.00434301 0.00387437
threshold=0.41087726350000003 33.500000000000007 0.018424285714285716 268.70078030000008 0.12360000000000002 1.0000000180025095e-35 36.050000000000004 88.200000000000003 271.6104166500001 0.025450000000000004 21.500000000000004 9.535534966078524 3.5000000000000004 273.05575370000003 13.550000000000002 63.500000000000007 9.9864316118613505 25.210000000000004 23.050000000000008 18.300000000000004 0.34750000000000003 1002.9500000000002 38.660000000000004 51.500000000000007 4.5900000000000007 -0.89481696942447275 39.250000000000007 -3.7114285714285713 26.825510204081638 10.654924369919948
decision_type=2 2 2 2 2 2 2 2 2 2 2 2 2 2 2 2 2 2 2 2 2 2 2 2 2 2 2 2 2 2
left_child=2 -2 4 -4 7 6 14 9 -9 19 11 -11 -13 -14 -6 16 -7 -3 -10 21 -16 22 -1 -24 25 -12 -15 -18 -26 -30
right_child=1 17 3 -5 5 15 -8 8 18 10 24 12 13 26 20 -17 27 -19 -20 -21 -22 -23 23 -25 28 -27 -28 -29 29 -31
leaf_value=-2.5525683907417386e-05 0.0048754727278511774 0 -0.00029891450833807243 0.0038440783497265098 0.0030304338774966222 0 0.00011584934809701129 0.0020829839641266488 0.00017793855598899835 -2.2696073334056724e-05 0.00094227188242791541 0.00036273114074678644 0.0020454101196910237 0.00026005175523125933 0.0010215976273854419 -9.7375321363722683e-05 4.9947130917972258e-05 0.00079286162741482263 -0.00050894425072224949 0.00028555632309703818 0.0021509637698124838 -8.8110409640037354e-05 0.00084512154359560408 0 -7.5352071172714592e-05 -6.4179109649284562e-05 0.00098084516720424778 0.00067918257190448901 -3.6787942942606902e-05 0.00019892613322965321
leaf_weight=2022 55 119 66 50 51 156 74 60 93 137 62 280 50 60 59 776 60 51 69 129 50 13350 75 72 2719 132 115 155 347 302
leaf_count=2022 55 119 66 50 51 156 74 60 93 137 62 280 50 60 59 776 60 51 69 129 50 13350 75 72 2719 132 115 155 347 302
internal_value=4.95231e-06 0.00139305 -9.35865e-06 0.00146172 -1.7613e-05 0.000280147 0.00149901 -3.83596e-05 0.000485032 -4.44885e-05 5.49571e-05 0.000533052 0.000693448 0.00107946 0.00210297 2.60428e-05 0.000297198 0.000215226 -8.52753e-05 -7.1527e-05 0.00159995 -7.48356e-05 4.56875e-06 0.00044968 -2.99349e-05 0.000235012 0.000765007 0.000527774 -4.67454e-05 6.53422e-05
internal_weight=21796 225 21571 116 21455 1381 234 20074 222 19852 4204 642 505 225 160 1147 371 170 162 15648 109 15519 2169 147 3562 194 175 215 3368 649
internal_count=21796 225 21571 116 21455 1381 234 20074 222 19852 4204 642 505 225 160 1147 371 170 162 15648 109 15519 2169 147 3562 194 175 215 3368 649
is_linear=0
shrinkage=0.05


Tree=31
num_leaves=31
num_cat=0
split_feature=1 105 2 105 0 121 126 81 133 55 93 0 126 85 92 122 49 9 114 137 50 141 126 23 15 52 105 120 105 137
split_gain=0.159112 0.326043 0.0918671 0.194938 0.0476622 0.154794 0.034181 0.0259048 0.0224968 0.0771519 0.0217036 0.0193383 0.0628751 0.0220997 0.0147344 0.0130102 0.0154749 0.0100662 0.00747138 0.00631875 0.00607202 0.010548 0.00832878 0.00602074 0.00583818 0.00565689 0.00556513 0.00950358 0.0224993 0.00579458
threshold=0.41087726350000003 17.500000000000004 0.048280649000000009 30.500000000000004 0.12360000000000002 0.25000000000000006 45.500000000000007 32.350000000000001 88.200000000000003 -1.538835949999992 272.22241165000008 0.025450000000000004 20.500000000000004 278.1752831500001 8.8500000000000032 1.5000000000000002 969.6500000000002 1.8077083333333335 19.350000000000005 18.300000000000004 1003.7500000000001 38.660000000000004 51.500000000000007 27.607638888888893 0.0015666666666666669 1.0000000180025095e-35 30.500000000000004 274.78249145000001 27.500000000000004 0.14500000000000005
decision_type=2 2 2 2 2 10 2 2 2 2 2 2 2 2 2 2 2 2 10 2 2 2 2 2 2 2 2 10 2 2
left_child=2 -2 4 -4 8 6 7 -6 11 -10 -7 19 13 15 -9 -13 -17 23 -3 20 21 -1 -23 24 -18 -11 27 29 -29 -14
right_child=1 18 3 -5 5 10 -8 14 9 25 -12 12 26 -15 -16 16 17 -19 -20 -21 -22 22 -24 -25 -26 -27 -28 28 -30 -31
leaf_value=-2.5553281836739013e-05 0.0045608311940530518 -2.409209291415807e-05 0.0037189273465043577 -0.0003323633646554055 0.001550960301631546 0.0011461255672733268 -4.6110885515616058e-05 -0.00031849902279824823 0.0019805420798699939 -0.00038314261547673278 0.0027487908810440265 0 -0.00012087224899515046 -0.00031768132794125466 0.00052962320317176523 0.0016006458921394512 0.00067218557673331817 0.0010449940987706545 0.00063638733602987242 0.00027138833442866321 -8.4280596628251238e-05 0.00074257344749990384 0 0 1.0965517654161275e-05 0.00018475560685549716 -8.4236889553019419e-05 1.6975880196451054e-05 0.0012597072630188241 8.0957550481645121e-05
leaf_weight=2184 57 110 50 66 55 61 946 60 60 84 58 60 620 62 201 50 199 109 58 129 13176 82 77 72 59 78 1945 151 51 826
leaf_count=2184 57 110 50 66 55 61 946 60 60 84 58 60 620 62 201 50 199 109 58 129 13176 82 77 72 59 78 1945 151 51 826
internal_value=4.84917e-06 0.00132478 -8.74762e-06 0.00138801 -1.65968e-05 0.00026699 9.95584e-05 0.000550187 -3.63677e-05 0.000461173 0.00198532 -4.22064e-05 5.23233e-05 0.000521191 0.000315097 0.000625424 0.000710936 0.000594831 0.000176761 -6.7924e-05 -7.10839e-05 9.9944e-07 0.000394854 0.000428327 0.000540908 -7.95793e-05 -2.61407e-05 3.94029e-05 0.000360025 -2.14912e-06
internal_weight=21796 225 21571 116 21455 1381 1262 316 20074 222 119 19852 4204 611 261 549 489 439 168 15648 15519 2343 159 330 258 162 3593 1648 202 1446
internal_count=21796 225 21571 116 21455 1381 1262 316 20074 222 119 19852 4204 611 261 549 489 439 168 15648 15519 2343 159 330 258 162 3593 1648 202 1446
is_linear=0
shrinkage=0.05


Tree=32
num_leaves=31
num_cat=0
split_feature=1 103 2 93 126 3 1 108 133 129 1 133 35 129 82 118 1 2 103 112 93 104 136 4 4 25 28 92 3 105
split_gain=0.143831 0.306434 0.0828108 0.185441 0.0434977 0.160895 0.0614571 0.0264187 0.0270374 0.0220678 0.0196164 0.0181124 0.0740329 0.0100103 0.00915531 0.00846436 0.0125974 0.00507339 0.0131705 0.0167488 0.0116993 0.00601551 0.0217108 0.00608271 0.00875957 0.00600441 0.00489637 0.00457794 0.0043483 0.00426727
threshold=0.41087726350000003 1355.8000000000002 0.048280649000000009 268.70078030000008 21.500000000000004 0.052576056500000003 0.29207440000000007 274.07262020000002 43.770000000000003 6.5000000000000009 0.16549124350000002 88.200000000000003 271.6104166500001 2.5000000000000004 24.172000000000004 7.3500000000000005 0.32127834050000009 0.0024100695000000005 1955.7000000000005 282.21617155000007 266.26511550000004 20.050000000000008 0.03500000000000001 0.0024749575000000005 0.0028697850000000001 2.5000000000000004 32.550000000000004 9.5500000000000025 0.10236673250000002 13.500000000000002
decision_type=2 2 2 2 2 2 2 2 2 2 2 2 2 2 2 10 2 2 2 10 2 2 2 2 2 2 2 2 2 2
left_child=2 -2 4 -4 5 26 7 8 13 10 -9 15 -13 -7 -3 -6 17 21 19 20 -19 23 -23 -17 -25 -24 -1 -26 -29 -21
right_child=1 14 3 -5 11 6 -8 9 -10 -11 -12 12 -14 -15 -16 16 -18 18 -20 29 -22 22 25 24 27 -27 -28 28 -30 -31
leaf_value=-8.2093513639868934e-05 0.0045910190409576557 0 -0.00035852224991305857 0.0035924984341688167 -8.6651356202799496e-05 8.9739123105337735e-05 0.0023030600045615482 0.00040315474176342832 0.0022156945525385512 -0.00022952596908322044 0.0012428692096816095 0.0018831383641885564 -0.00019390268678083644 0.0011306639421738184 0.0007378606176955925 -8.0668502944480328e-05 0.00051498932216268139 0.0012755593284773717 -8.0233475744897486e-05 -0.00023680082252429291 0.00028495973222031053 0.001025047423860534 0.00034131291921517736 0.00049389788062672853 -6.9318475688704562e-05 -2.9911653350802807e-05 0.00010912327888237935 -1.3417515281625772e-05 0.00021096529023464537 0.00017989897341754026
leaf_weight=1987 52 118 66 50 8671 53 62 374 50 89 98 60 133 66 55 5395 108 60 511 83 95 56 123 92 1099 822 382 411 380 195
leaf_count=1987 52 118 66 50 8671 53 62 374 50 89 98 60 133 66 55 5395 108 60 511 83 95 56 123 92 1099 822 382 411 380 195
internal_value=4.73257e-06 0.00125969 -8.18346e-06 0.00131792 -1.56474e-05 0.000155236 0.000772085 0.000632244 0.00119765 0.000451192 0.000590332 -4.54543e-05 0.000432415 0.000713337 0.000208997 -5.08493e-05 -1.7393e-05 -2.41518e-05 8.4079e-05 0.000289249 0.000706188 -3.69522e-05 7.59813e-05 -5.29622e-05 1.99354e-05 1.34308e-05 -4.91172e-05 -7.40647e-07 8.81941e-05 3.71646e-05
internal_weight=21796 225 21571 116 21455 3161 792 730 169 561 472 18294 193 119 173 18101 9430 9322 944 433 155 8378 1001 7377 1982 945 2369 1890 791 278
internal_count=21796 225 21571 116 21455 3161 792 730 169 561 472 18294 193 119 173 18101 9430 9322 944 433 155 8378 1001 7377 1982 945 2369 1890 791 278
is_linear=0
shrinkage=0.05


Tree=33
num_leaves=31
num_cat=0
split_feature=1 105 2 44 1 121 119 75 120 133 100 93 94 1 81 49 75 133 123 84 82 82 2 90 117 93 95 92 59 137
split_gain=0.130039 0.267206 0.0746358 0.188913 0.038988 0.130642 0.0277202 0.0244543 0.0203565 0.018592 0.0735534 0.0184159 0.0151523 0.0275556 0.0356661 0.0166092 0.00983129 0.0121402 0.00751065 0.00972323 0.00737186 0.0107652 0.00725483 0.00641011 0.00639671 0.00600758 0.00472424 0.00730464 0.00386508 0.00790983
threshold=0.41087726350000003 17.500000000000004 0.048280649000000009 1097.5000000000002 0.18566585150000003 0.25000000000000006 8.3500000000000032 13.050000000000002 274.21274785000008 88.200000000000003 3.6999999999999891 272.22241165000008 11.500000000000002 0.022067102000000002 31.050000000000004 975.6500000000002 21.350000000000005 74.155000000000015 0.25881904510252091 1.8500000000000005 23.050000000000008 10.002000000000002 0.0006863590000000001 15.660204081632656 0.25000000000000006 271.68381995000004 4.5000000000000009 11.350000000000003 6.522800000000001 0.045000000000000005
decision_type=2 2 2 2 2 10 10 2 10 2 2 2 2 2 2 2 2 2 2 2 2 2 2 2 10 2 2 2 2 2
left_child=2 -2 4 -4 9 6 -6 8 -8 12 20 -7 28 22 15 -15 17 25 19 -9 21 -11 -14 -3 -24 26 27 -16 -1 -30
right_child=1 23 3 -5 5 11 7 18 -10 10 -12 -13 13 14 16 -17 -18 -19 -20 -21 -22 -23 24 -25 -26 -27 -28 -29 29 -31
leaf_value=-8.7296579732407546e-05 0.0041277366414152351 -6.4864143718370207e-05 -0.00044184633391672996 0.0035490589613304934 -6.3107577674975594e-05 0.0010371809205483465 0.00034022219208642272 -0.00062042908492283182 0.0017922151047753652 -0.00024838348890831566 0.0020899063794344078 0.0025278037481830788 -7.2209101602992051e-05 0.001611568088127944 0.00077275459248291251 0.00050525709377510861 -5.0560550796239188e-05 -0.00019496401357594175 0.00048504474116968011 0.00019814095481899489 -0.00046506969414518353 0.00072464838226061644 4.7336318484123435e-05 0.00052321733197459254 0.00067493401037739076 0.00053862738709039128 1.4192797306887841e-05 0.00016508765990991823 0.00010567350578492203 -5.579813379917047e-05
leaf_weight=8134 57 97 66 50 876 61 64 51 53 52 50 58 3035 50 74 195 597 146 106 112 69 51 233 71 55 195 268 257 855 5758
leaf_count=8134 57 97 66 50 876 61 64 51 53 52 50 58 3035 50 74 195 597 146 106 112 69 51 233 71 55 195 268 257 855 5758
internal_value=4.61341e-06 0.00119789 -7.65646e-06 0.00125127 -1.47541e-05 0.000241694 8.75504e-05 0.000441658 0.00104995 -3.26568e-05 0.000419497 0.00182038 -3.79858e-05 3.56266e-05 0.000194764 0.000756993 0.000101458 0.000203271 0.000155657 -2.97097e-05 -4.64595e-05 0.000187667 -4.82412e-05 0.00015571 0.000186412 0.000282941 0.000190612 0.000317919 -6.38082e-05 -3.41525e-05
internal_weight=21796 225 21571 116 21455 1381 1262 386 117 20074 222 119 19852 5105 1782 245 1537 940 269 163 172 103 3323 168 288 794 599 331 14747 6613
internal_count=21796 225 21571 116 21455 1381 1262 386 117 20074 222 119 19852 5105 1782 245 1537 940 269 163 172 103 3323 168 288 794 599 331 14747 6613
is_linear=0
shrinkage=0.05


Tree=34
num_leaves=31
num_cat=0
split_feature=1 103 2 114 126 1 89 46 16 123 3 9 13 103 40 19 0 138 118 2 137 122 103 104 116 140 84 138 103 4
split_gain=0.117542 0.252501 0.0672544 0.181158 0.0355078 0.133927 0.0442608 0.023035 0.0166878 0.0153765 0.0150978 0.0123679 0.0104915 0.0102916 0.0207577 0.111856 0.0128625 0.00763243 0.00758216 0.00569266 0.00617455 0.00884736 0.0113944 0.00504792 0.00638183 0.0131041 0.00455352 0.00444345 0.00591116 0.00431082
threshold=0.41087726350000003 1355.8000000000002 0.048280649000000009 19.550000000000004 21.500000000000004 0.10242116400000002 36.250000000000007 82.500000000000014 1.1150000000000002 0.78656609248549325 0.24488469250000003 0.82229166666666675 0.00089356056250000009 2587.7500000000005 0.03500000000000001 -0.0023528571428571413 0.18590000000000004 6.7200000000000015 13.450000000000001 0.00064742850000000008 1.4200000000000002 17.500000000000004 1890.7 20.850000000000005 266.81572055000009 65.14500000000001 12.750000000000005 6.9450000000000012 1637.8500000000004 0.0032419345000000003
decision_type=2 2 2 10 2 2 2 2 2 2 2 2 2 2 2 2 2 2 10 2 2 2 2 2 8 2 2 2 2 2
left_child=2 -2 4 -4 5 7 -7 11 -9 10 12 -1 17 14 16 -16 19 -8 -3 23 27 26 -23 29 25 -25 -22 -21 -29 -6
right_child=1 18 3 -5 13 6 9 8 -10 -11 -12 -13 -14 -15 15 -17 -18 -19 -20 20 21 22 -24 24 -26 -27 -28 28 -30 -31
leaf_value=-8.3425895631235403e-05 0.0041633065311976209 -1.5266653514750625e-05 -0.00052803602488711479 0.0033642659673054336 -8.0006472034717635e-05 0.0019989576225911843 -9.3835166062821045e-05 9.5962639866734712e-05 0.0013653848479533246 0.0012897541675258915 -0.00024024540773937659 0.00018616924223994113 0.0010317987675243275 -8.0684208675530403e-05 0.0024824774750279929 3.6148390512943726e-05 0.00040652635455080597 0.00060743852651801633 0.000641953742462268 -8.2034838058144292e-05 -6.8046495191647341e-06 0.0010784959024555672 0 4.4783385573909479e-05 -6.2960388128582656e-06 0.00099841549512767898 0.00043298912920864243 0.00049409468743944905 -6.221828250070264e-06 2.3544732471653836e-05
leaf_weight=2048 52 114 64 52 5744 83 54 71 51 87 51 530 106 8601 52 435 169 80 59 629 270 59 55 160 659 51 68 88 121 1133
leaf_count=2048 52 114 64 52 5744 83 54 71 51 87 51 530 106 8601 52 435 169 80 59 629 270 59 55 160 659 51 68 88 121 1133
internal_value=4.51915e-06 0.00113901 -7.13485e-06 0.0011879 -1.38841e-05 0.000140477 0.000927191 4.00797e-06 0.00067406 0.00067401 0.000469011 -2.60116e-05 0.000640847 -4.08354e-05 -4.95551e-06 0.000312156 -2.23059e-05 0.000289197 0.000182538 -3.09228e-05 6.46669e-05 0.000214021 0.000599298 -4.74916e-05 6.31141e-05 0.000302489 6.79416e-05 -1.00913e-05 0.000181978 -6.22183e-05
internal_weight=21796 225 21571 116 21455 3161 461 2700 122 378 291 2578 240 18294 9693 487 9206 134 173 9037 1290 452 114 7747 870 211 338 838 209 6877
internal_count=21796 225 21571 116 21455 3161 461 2700 122 378 291 2578 240 18294 9693 487 9206 134 173 9037 1290 452 114 7747 870 211 338 838 209 6877
is_linear=0
shrinkage=0.05


Tree=35
num_leaves=31
num_cat=0
split_feature=1 91 126 19 1 44 1 46 21 103 1 85 75 3 84 15 1 116 83 140 9 61 2 119 67 2 1 29 23 23
split_gain=0.10903 0.137396 0.0630689 0.280657 0.0853256 0.0449954 0.0469251 0.017147 0.0181048 0.0138735 0.0321858 0.0165486 0.0591725 0.0145205 0.0220325 0.0161256 0.0156653 0.00955362 0.00890271 0.0153428 0.00785008 0.00618972 0.00602612 0.00589979 0.00507417 0.00773395 0.0132524 0.00479222 0.00415204 0.00378223
threshold=0.61966513750000007 25.650000000000002 14.500000000000002 0.012788571428571425 0.10242116400000002 1352.5000000000002 0.24205677550000002 79.500000000000014 0.52083333333333337 2531.5500000000006 0.32127834050000009 263.75733265000002 12.15 0.10097021400000002 0.15000000000000005 0.0006895833333333335 0.18566585150000003 266.8941885000001 13.550000000000002 72.420000000000002 0.82229166666666675 91.250000000000014 0.00015051900000000003 8.0500000000000025 14.850000000000003 0.0031384280000000004 0.04283675750000001 47.050000000000004 18.846527777777784 17.979166666666668
decision_type=2 2 2 2 2 2 2 2 2 2 2 2 2 2 2 2 2 8 2 2 2 2 2 10 2 2 2 2 2 2
left_child=2 -2 3 4 7 6 22 20 -9 10 11 12 -4 17 15 27 -17 18 19 -13 -1 -22 -6 -12 -19 29 -27 -15 -20 -26
right_child=1 -3 9 -5 5 -7 -8 8 -10 -11 23 13 -14 14 -16 16 -18 24 28 -21 21 -23 -24 -25 25 26 -28 -29 -30 -31
leaf_value=-7.3788440277345322e-05 3.901148247103648e-05 0.0034735422937299909 0.0019166739124186422 0.0035431658962578882 0.00038262890711135899 -0.00019618537965439389 0.0026688124679808078 0.0012806073870591786 0 -7.9310678415974275e-05 0.00025779707228667256 0 -1.8020590714924411e-05 -0.00016071103256000505 2.088564408050322e-05 0.00037314518199872557 0.001553992854586492 -8.507172500387429e-05 0.00045468989125015873 0.0010613053504998642 0 0.00040408911733357997 0.0011490404930037375 0.0010601677020500057 0.00023111757681342881 0.0009192234593000813 0 0.00035708020153902431 6.8296206975724848e-06 -3.8784063176399672e-05
leaf_weight=1337 75 50 50 62 73 57 51 53 64 9115 61 74 154 61 1006 83 59 5356 56 61 175 172 90 80 134 60 85 105 890 2105
leaf_count=1337 75 50 50 62 73 57 51 53 64 9115 61 74 154 61 1006 83 59 5356 56 61 175 172 90 80 134 60 85 105 890 2105
internal_value=2.44457e-06 0.00146917 -5.83016e-06 0.000251952 0.000149397 0.000975282 0.00131003 2.1877e-05 0.000605732 -3.41706e-05 4.61676e-06 -5.17106e-06 0.000438816 -1.46434e-05 0.000139545 0.000509612 0.00090618 -3.81918e-05 9.929e-05 0.000481098 -1.60558e-05 0.000191594 0.000840715 0.000752514 -5.80493e-05 5.74207e-07 0.000355122 0.000137044 3.90734e-05 -2.03028e-05
internal_weight=21854 125 21729 2134 2072 271 214 1801 117 19595 10480 10339 204 10135 1314 308 142 8821 1081 135 1684 347 163 141 7740 2384 145 166 946 2239
internal_count=21854 125 21729 2134 2072 271 214 1801 117 19595 10480 10339 204 10135 1314 308 142 8821 1081 135 1684 347 163 141 7740 2384 145 166 946 2239
is_linear=0
shrinkage=0.05


Tree=36
num_leaves=31
num_cat=0
split_feature=0 90 126 19 0 61 1 133 48 29 105 132 28 2 59 112 43 43 28 142 140 2 85 0 126 28 128 92 73 6
split_gain=0.0988523 0.123983 0.0571021 0.253631 0.078719 0.0414612 0.0473154 0.0149226 0.0719313 0.0131113 0.0401432 0.010838 0.00887805 0.00693677 0.00547527 0.00540781 0.00535755 0.00528219 0.0049858 0.00475336 0.00590382 0.00875074 0.0093799 0.0119406 0.00414944 0.00742631 0.00995538 0.00372267 0.00901263 0.00341164
threshold=0.41135000000000005 22.871428571428574 14.500000000000002 0.012788571428571425 0.033800000000000004 65.15000000000002 0.23460493450000003 88.200000000000003 1.0000000180025095e-35 49.95000000000001 17.500000000000004 1.5000000000000002 37.70000000000001 0.048280649000000009 9.2848000000000024 270.58185610000004 0.39850000000000008 0.37350000000000005 32.550000000000004 135.82898045752839 51.245000000000012 9.4850000000000015e-05 271.04652805000006 0.029700000000000001 92.500000000000014 40.000000000000007 10.654924369919948 15.350000000000003 39.050000000000004 0.0092222222222222237
decision_type=2 2 2 2 2 2 2 2 2 2 2 2 2 2 2 10 2 2 2 2 2 2 2 2 2 2 2 2 2 2
left_child=2 -2 3 4 18 -6 16 9 -9 13 11 -11 -13 14 -4 -16 29 -10 -1 -17 21 -21 23 -23 25 26 -12 28 -22 -7
right_child=1 -3 7 -5 5 6 -8 8 17 10 24 12 -14 -15 15 19 -18 -19 -20 20 27 22 -24 -25 -26 -27 -28 -29 -30 -31
leaf_value=-5.5179229465841329e-05 3.7086577153547153e-05 0.0033032705402123008 -6.313642800363694e-05 0.0033688196026173144 -0.00012684060778071594 0.00016773957442357923 0.0022933237873122938 0.0018212288312573828 3.0207551946199801e-06 7.7152198116162509e-05 0.00060462290062311631 0.00032032769218158838 0.0013140718600217014 -0.00046544145428425499 -6.1359525649496457e-05 -4.33201977929117e-05 0.0012053188861644794 -0.00056053939701642026 0.00017481020760897083 7.9703951442603975e-05 0 0.0012167258050370341 3.2043557008247772e-05 0.00020038163297808926 -0.00010145396257408362 -3.9567673971661042e-05 0 -8.2619892910228086e-05 0.00072837454519445463 0.00069579503781366347
leaf_weight=1361 75 50 12982 62 96 77 61 61 86 57 129 51 92 101 2112 938 57 58 280 728 269 65 108 78 550 403 131 544 52 140
leaf_count=1361 75 50 12982 62 96 77 61 61 86 57 129 51 92 101 2112 938 57 58 280 728 269 65 108 78 550 403 131 544 52 140
internal_value=2.49392e-06 0.00139909 -5.37417e-06 0.000239899 0.000142281 0.000743013 0.0010068 -3.23518e-05 0.00038887 -3.70828e-05 0.000108428 0.000762888 0.000999068 -4.88035e-05 -4.61439e-05 -4.37999e-08 0.000694906 -0.000191786 -1.2809e-05 4.47137e-05 9.22038e-05 0.000176256 0.000435027 0.00070232 0 8.41526e-05 0.000294493 0 0.000131717 0.000532985
internal_weight=21854 125 21729 2134 2072 431 335 19595 205 19390 1413 200 143 17977 17876 4894 274 144 1641 2782 1844 979 251 143 1213 663 260 865 321 217
internal_count=21854 125 21729 2134 2072 431 335 19595 205 19390 1413 200 143 17977 17876 4894 274 144 1641 2782 1844 979 251 143 1213 663 260 865 321 217
is_linear=0
shrinkage=0.05


Tree=37
num_leaves=31
num_cat=0
split_feature=0 119 126 19 0 122 0 133 48 29 105 4 100 22 2 46 43 15 0 126 100 103 28 21 101 137 135 138 116 133
split_gain=0.0896415 0.119783 0.0517198 0.229203 0.0713661 0.0353497 0.0490488 0.0134903 0.0649932 0.0118654 0.036547 0.0114924 0.00894026 0.00699161 0.00626014 0.00507608 0.00481136 0.00461538 0.00855703 0.014224 0.00467014 0.00408227 0.00729676 0.00878437 0.00398565 0.0045751 0.00396608 0.00372179 0.00342464 0.00537465
threshold=0.41135000000000005 9.5500000000000025 14.500000000000002 0.012788571428571425 0.033800000000000004 2.5000000000000004 0.15305000000000002 88.200000000000003 1.0000000180025095e-35 49.95000000000001 17.500000000000004 0.0020060205000000005 4.6999999999999895 4.5000000000000009 0.048280649000000009 79.500000000000014 0.37350000000000005 0.00086145833333333354 0.12360000000000002 53.500000000000007 8.6999999999999904 2837.6500000000005 40.000000000000007 0.36805555555555564 -12.723865099999982 1.7650000000000003 30.225000000000005 5.3400000000000007 266.8941885000001 80.995000000000019
decision_type=2 10 2 2 2 2 2 2 2 2 2 2 2 2 2 2 2 2 2 2 2 2 2 2 2 2 2 2 8 2
left_child=2 -2 3 4 15 -6 12 9 -9 14 11 -11 -7 -14 17 -1 -10 20 28 -20 24 22 23 -12 25 -4 -13 -27 29 -19
right_child=1 -3 7 -5 5 6 -8 8 16 10 21 26 13 -15 -16 -17 -18 18 19 -21 -22 -23 -24 -25 -26 27 -28 -29 -30 -31
leaf_value=-3.7302590522018704e-05 0 0.0032028179873447578 -8.0415799775807706e-06 0.003203052304951208 -8.5969281120627295e-05 0 0.0023264002758323363 0.0017316361474795192 2.8714624463698272e-06 0.0013679399321724836 0 0.00015856721560828771 0.0010402856437247937 0.0003556014040687813 -0.00044239754321543116 0.00032833058551768777 -0.0005329874740019184 3.4542710664854068e-05 0.00090126618578591764 0 0.00031137048369244075 -8.9030428997506836e-05 -3.9290354430381472e-05 0.00059933210780378429 -6.9148850513340375e-05 0.00067461493996988971 0.00081099680859971651 0 -3.2926925798782386e-05 0.00057109137608627369
leaf_weight=1542 75 50 220 62 97 52 56 61 86 57 115 92 134 92 101 99 58 527 67 144 78 626 348 124 11757 52 51 56 4921 54
leaf_count=1542 75 50 220 62 97 52 56 61 86 57 115 92 134 92 101 99 58 527 67 144 78 626 348 124 11757 52 51 56 4921 54
internal_value=2.50218e-06 0.00133245 -4.97943e-06 0.000228437 0.000135514 0.00070751 0.000952446 -3.06652e-05 0.000369733 -3.51751e-05 0.000103199 0.000727657 0.000650411 0.000786385 -4.63346e-05 -1.20127e-05 -0.000180665 -4.37925e-05 -5.74615e-06 0.000304643 -6.125e-05 0 9.43634e-05 0.000309159 -6.40942e-05 0.000101548 0.00042999 0.000368683 -1.86113e-05 9.38979e-05
internal_weight=21854 125 21729 2134 2072 431 334 19595 205 19390 1413 200 278 226 17977 1641 144 17876 5713 211 12163 1213 587 239 12085 328 143 108 5502 581
internal_count=21854 125 21729 2134 2072 431 334 19595 205 19390 1413 200 278 226 17977 1641 144 17876 5713 211 12163 1213 587 239 12085 328 143 108 5502 581
is_linear=0
shrinkage=0.05


Tree=38
num_leaves=31
num_cat=0
split_feature=5 118 126 19 5 126 5 46 21 133 85 29 105 4 134 2 9 59 120 142 98 92 98 61 137 131 89 103 29 135
split_gain=0.081276 0.108469 0.046887 0.247047 0.066023 0.0327303 0.0354414 0.014133 0.0153684 0.011736 0.06301 0.00970897 0.0307085 0.00985833 0.00780087 0.00739813 0.00677291 0.00465377 0.00570249 0.00623066 0.00886991 0.00614158 0.00493017 0.00463498 0.00495336 0.00372916 0.00571771 0.00352855 0.00648353 0.00847716
threshold=61.965000000000011 17.350000000000005 15.500000000000002 0.014581428571428573 10.240000000000002 3.5000000000000004 24.205000000000002 82.500000000000014 0.52083333333333337 88.200000000000003 267.43892140000008 49.95000000000001 17.500000000000004 0.0020060205000000005 8.8950000000000014 0.048280649000000009 0.82229166666666675 8.7235000000000031 270.64360145000006 135.82898045752839 -9.0999999999999943 15.350000000000003 5.5499999999999989 91.250000000000014 2.7750000000000004 128.25942861116394 38.95000000000001 2837.6500000000005 54.600000000000001 30.225000000000005
decision_type=2 10 2 2 2 2 2 2 2 2 2 2 2 2 2 2 2 2 8 2 2 2 2 2 2 2 2 2 2 2
left_child=2 -2 3 4 7 -6 14 16 -9 11 -11 15 13 -13 -7 17 -1 -4 19 -19 -21 22 25 -18 -25 26 -22 28 29 -14
right_child=1 -3 9 -5 5 6 -8 8 -10 10 -12 12 27 -15 -16 -17 23 18 -20 20 21 -23 -24 24 -26 -27 -28 -29 -30 -31
leaf_value=-6.7599707988972137e-05 0 0.0030487744902676045 -5.9011258481689531e-05 0.0035543835494253372 -0.00013458427226382242 6.6473237592635641e-05 0.0022992760053488848 0.0011686260971705282 0 0.0015849103140341038 -0.00024979992510720079 0.0012823231578347207 0.00056960523492831274 0.00039015258780122881 0.00091570714518497947 -0.00047594300877259088 0 -4.1869073909834404e-05 -4.701616766991155e-05 0.00060577775535816528 0.00017804427020982479 -2.1053722096381207e-05 0 0.00052738765228801639 0 2.9282893119405372e-05 0.0006796618977337642 -8.4586007315068669e-05 -6.2528713025697034e-05 0
leaf_weight=1445 75 50 12170 53 63 50 50 53 63 68 135 55 124 137 141 100 180 924 3210 91 187 636 262 124 68 136 117 626 301 160
leaf_count=1445 75 50 12170 53 63 50 50 53 63 68 135 55 124 137 141 100 180 924 3210 91 187 636 262 124 68 136 117 626 301 160
internal_value=2.5276e-06 0.0012689 -4.58539e-06 0.000209082 0.000126036 0.000810066 0.00107721 1.55116e-05 0.000549484 -3.0023e-05 0.00034503 -3.42586e-05 9.11817e-05 0.000676949 0.00072094 -4.44125e-05 -1.61112e-05 -4.16703e-05 -2.83171e-06 5.53158e-05 0.000121638 8.45487e-05 0.000187229 0.000170131 0.000340556 0.000289533 0.00038909 0 8.60126e-05 0.000260656
internal_weight=21854 125 21729 2290 2237 304 241 1933 116 19439 203 19236 1403 192 191 17833 1817 17733 5563 2353 1429 1338 702 372 192 440 304 1211 585 284
internal_count=21854 125 21729 2290 2237 304 241 1933 116 19439 203 19236 1403 192 191 17833 1817 17733 5563 2353 1429 1338 702 372 192 440 304 1211 585 284
is_linear=0
shrinkage=0.05


Tree=39
num_leaves=31
num_cat=0
split_feature=0 61 5 125 42 61 81 11 91 128 100 139 135 5 105 2 0 55 129 116 44 141 90 15 2 137 28 100 59 33
split_gain=0.0736989 0.100564 0.0378878 0.16174 0.176375 0.0415624 0.0344152 0.0222479 0.0174368 0.0123005 0.0114138 0.0225734 0.0298158 0.0115524 0.0201136 0.00985751 0.0098234 0.00892315 0.00739825 0.00470285 0.00452648 0.00687211 0.0121392 0.00434978 0.0038321 0.00360174 0.00324079 0.00546841 0.00308102 0.00326191
threshold=0.41135000000000005 1450.2000000000003 13.545000000000002 1.5000000000000002 0.22500000000000003 77.200000000000017 35.750000000000007 0.0044942010138888898 19.350000000000005 10.010209610288253 4.5999999999999668 91.048068522959113 1.4400000000000002 2.5000000000000004 30.500000000000004 8.5250000000000026e-05 0.21365000000000003 1.9173585500000458 3.5000000000000004 277.79834235000004 1617.5000000000002 38.660000000000004 20.738775510204086 0.0006895833333333335 0.048280649000000009 18.300000000000004 7.0500000000000007 7.5499999999999554 13.57615 0.32508561165584055
decision_type=2 2 2 2 2 2 2 2 2 2 2 2 2 2 2 2 2 2 2 10 2 2 2 2 2 2 2 2 2 2
left_child=2 -2 10 4 -4 -6 7 -7 24 -8 20 13 -13 26 15 19 23 18 -17 -15 25 -22 -23 -10 -5 28 27 -12 -1 -30
right_child=1 -3 3 8 5 6 9 -9 16 -11 11 12 -14 14 -16 17 -18 -19 -20 -21 21 22 -24 -25 -26 -27 -28 -29 29 -31
leaf_value=-6.1327266051882189e-05 0.0028936296004954225 0 0.0037834560112625531 -6.9983566524759881e-05 -0.00054064214505531176 0.00069157576345639884 -0.00033446203563453671 0.0020268044306285446 1.2110924864698192e-05 0.00073249167846013599 0 1.8365277394064128e-06 0.0016301849269075319 -7.683404521182974e-05 -6.0926479885426772e-05 0.00023194397125596389 0.00088455233661653958 0.0001711074346991538 0.0010609227512662378 0.00036362736813806321 0 0 0.0009539459508960135 0.00035002101582148947 -0.00041817072814468554 0.00027787469362393542 -4.3776091228159496e-05 0.00053536959035465346 0 0.00029600242205018285
leaf_weight=13577 51 74 54 1192 53 79 50 79 279 50 215 75 51 113 432 58 56 108 119 103 1527 66 53 176 93 75 2437 64 382 113
leaf_count=13577 51 74 54 1192 53 79 50 79 279 50 215 75 51 113 432 58 56 108 119 103 1527 66 53 176 93 75 2437 64 382 113
internal_value=2.50598e-06 0.00120841 -4.25637e-06 0.000194094 0.00115209 0.00066851 0.000937336 0.00139919 0 0.00015148 -2.64256e-05 5.10514e-05 0.000707946 2.68113e-05 0.000179147 0.000395825 0.000245633 0.000593168 0.000820199 0.000110867 -4.52635e-05 3.12892e-05 0.000395735 0.000154265 -9.93767e-05 -5.45254e-05 -2.37255e-05 0.000133086 -5.66719e-05 6.08014e-05
internal_weight=21854 125 21729 2161 365 311 258 158 1796 100 19568 3775 126 3649 933 501 511 285 177 216 15793 1646 119 455 1285 14147 2716 279 14072 495
internal_count=21854 125 21729 2161 365 311 258 158 1796 100 19568 3775 126 3649 933 501 511 285 177 216 15793 1646 119 455 1285 14147 2716 279 14072 495
is_linear=0
shrinkage=0.05


Tree=40
num_leaves=31
num_cat=0
split_feature=1 103 126 19 3 61 1 25 103 133 88 3 84 81 137 119 54 136 110 141 0 101 27 9 81 94 133 136 2 29
split_gain=0.0669013 0.178738 0.037688 0.231272 0.0489235 0.0297974 0.020868 0.0128148 0.0098813 0.0265686 0.0976464 0.0148895 0.0171483 0.0081787 0.0123368 0.00689564 0.00695986 0.0061604 0.00574128 0.00532576 0.00514424 0.00443365 0.00707828 0.00755164 0.00401929 0.00383301 0.00538948 0.00372322 0.00355197 0.00340292
threshold=0.41087726350000003 1325.9500000000005 13.500000000000002 0.012788571428571425 0.052576056500000003 71.450000000000017 0.22162306700000003 15.500000000000002 2587.7500000000005 88.200000000000003 31.812500000000007 0.10097021400000002 0.15000000000000005 47.550000000000004 0.055000000000000007 6.8500000000000005 0.23500000000000001 0.015000000000000001 11.450000000000001 38.365000000000002 0.21365000000000003 -4.3839554000000183 1356.9500000000003 0.042777777777777783 38.150000000000013 14.500000000000002 14.180000000000001 0.70500000000000007 0.00019590900000000002 43.250000000000007
decision_type=2 2 2 2 2 2 2 2 2 2 2 2 2 2 2 8 2 2 10 2 2 2 2 2 2 2 2 2 2 2
left_child=2 -2 3 4 29 18 7 -7 9 11 -11 15 13 14 -13 16 17 -4 -6 -18 -14 22 23 -19 -3 -24 -27 28 -16 -1
right_child=1 24 8 -5 5 6 -8 -9 -10 10 -12 12 20 -15 27 -17 19 21 -20 -21 -22 -23 25 -25 -26 26 -28 -29 -30 -31
leaf_value=-5.7326319414066309e-05 0.0034662667128677461 -3.9451610569471995e-05 0.00044621927647222042 0.0034024588055485356 0.00017209469446870259 0.0013105409411946311 0.0017164851039928241 0.0003829336532443724 -6.6073849128951196e-05 0.0023990214014924485 -0.00039564726532959982 0 8.9119484161854863e-06 0 0.00073405211226963728 -6.0075843996540147e-05 5.8607202676284945e-05 0 -0.00052184393357795975 0.00080019171283507321 0.00041750484431801412 -3.1201471219564963e-05 -2.4693541486205943e-05 0.00074816776218904115 0.00045799965292994444 0 0.00066824738349536205 0.001095958838956488 7.487330637458297e-05 0.00015817143312727867
leaf_weight=1288 50 127 79 54 57 55 58 214 8708 51 72 57 1059 83 79 5886 79 60 50 50 85 2459 523 79 51 79 51 80 53 205
leaf_count=1288 50 127 79 54 57 55 58 214 8708 51 72 57 1059 83 79 5886 79 60 50 50 85 2459 523 79 51 79 51 80 53 205
internal_value=3.64964e-06 0.000853912 -5.11149e-06 0.000202415 0.000108429 0.000575543 0.000814005 0.000595263 -2.62731e-05 4.88526e-06 0.000732797 -2.97915e-06 0.000142895 0.000449185 0.000582684 -2.68794e-05 2.81653e-05 1.25949e-05 -0.000107709 0.000388449 4.39756e-05 3.86275e-07 0.000104681 0.000430127 7.6906e-05 2.72079e-05 0.000272774 0.000758404 0.000509529 -2.43041e-05
internal_weight=21881 228 21653 1981 1927 434 327 269 19672 10964 123 10841 1496 352 269 9345 3459 3330 107 129 1144 3251 792 139 178 653 130 212 132 1493
internal_count=21881 228 21653 1981 1927 434 327 269 19672 10964 123 10841 1496 352 269 9345 3459 3330 107 129 1144 3251 792 139 178 653 130 212 132 1493
is_linear=0
shrinkage=0.05


Tree=41
num_leaves=31
num_cat=0
split_feature=1 61 2 33 0 126 123 0 122 131 96 137 116 91 2 73 29 2 96 119 0 91 81 16 21 128 105 44 29 118
split_gain=0.0604824 0.152199 0.0348813 0.122959 0.0170143 0.0640519 0.0294751 0.0245188 0.0169273 0.0172494 0.0133304 0.0089079 0.00700187 0.0301551 0.00661172 0.0241434 0.00576402 0.00506171 0.00506035 0.00486964 0.00572501 0.00580745 0.0042981 0.00377835 0.00366343 0.00310457 0.00555814 0.0030582 0.00343997 0.00356074
threshold=0.41087726350000003 611.95000000000016 0.048280649000000009 -0.86276480748871787 0.025450000000000004 23.500000000000004 0.78656609248549325 0.11455000000000001 1.5000000000000002 62.20474218226024 43.662500000000009 0.055000000000000007 266.8941885000001 12.350000000000003 0.0031384280000000004 39.550000000000004 52.20000000000001 0.00074144200000000014 47.025000000000006 3.7500000000000004 0.21365000000000003 11.050000000000002 38.150000000000013 1.5650000000000002 0.52083333333333337 9.8644867814012631 28.500000000000004 1527.5000000000002 28.450000000000003 16.050000000000004
decision_type=2 2 2 2 2 2 2 2 2 2 2 2 8 2 2 2 2 2 2 10 2 2 2 2 2 2 2 2 2 8
left_child=2 -2 4 -4 12 6 8 17 -6 -10 11 -11 13 -1 27 23 -13 -8 -12 -7 21 -21 -3 -16 -15 -23 -27 -14 29 -29
right_child=1 22 3 -5 5 19 7 -9 9 10 18 16 14 24 15 -17 -18 -19 -20 20 -22 25 -24 -25 -26 26 -28 28 -30 -31
leaf_value=0.0011162029588586214 0.0032236212673688344 -3.2164917155034982e-05 0.0027339501662850926 -0.0003916736472806465 -0.00042064549472263973 -5.8430807035193713e-05 0.00024012547071427384 0.0018694249222396813 -0.00022270922316078377 0.00015168044688121146 -6.1894004822114266e-05 0.00064363759259583597 -6.2309732766219517e-05 0.00010666652003317209 -0.00013713345586083739 0.00099204012107968862 0.001353779716127974 0.00098788214120927652 0.00040014511265746064 0.00051628942339201618 0.00043993634777078194 -6.3710774158013151e-05 0.00047427449798743954 0.00017040351480471759 -6.5168331737604153e-05 0.0001556925654954648 -4.3283704137084847e-05 0.0002209676160587678 -3.3061308854261652e-05 -3.3791210852705164e-05
leaf_weight=65 50 125 50 76 68 2371 84 61 90 78 103 173 12122 588 245 69 63 53 103 58 88 831 53 165 631 712 634 318 1566 188
leaf_count=65 50 125 50 76 68 2371 84 61 90 78 103 173 12122 588 245 69 63 53 103 58 88 831 53 165 631 712 634 318 1566 188
internal_value=3.61727e-06 0.000812064 -4.70165e-06 0.000821044 -9.80501e-06 6.51048e-05 0.000457429 0.00100332 0.000289403 0.000377298 0.000490971 0.000700373 -3.6269e-05 7.41709e-05 -4.62785e-05 0.000133323 0.000859219 0.000570698 0.000145788 -7.12805e-06 4.30859e-05 2.50346e-05 9.2503e-05 -1.08965e-06 1.36395e-05 9.41978e-06 5.82952e-05 -5.27007e-05 1.10712e-06 0.000116572
internal_weight=21881 228 21653 126 21527 5570 876 198 678 610 520 314 15957 1284 14673 479 236 137 206 4694 2323 2235 178 410 1219 2177 1346 14194 2072 506
internal_count=21881 228 21653 126 21527 5570 876 198 678 610 520 314 15957 1284 14673 479 236 137 206 4694 2323 2235 178 410 1219 2177 1346 14194 2072 506
is_linear=0
shrinkage=0.05


Tree=42
num_leaves=31
num_cat=0
split_feature=0 63 126 19 3 122 141 116 118 133 90 0 7 120 14 17 75 138 30 112 28 36 100 28 13 28 131 35 119 30
split_gain=0.0556941 0.0780004 0.0342222 0.210969 0.0465276 0.033677 0.0338517 0.018025 0.00814735 0.0193267 0.0729842 0.0137303 0.007761 0.00687666 0.00471689 0.00660121 0.0081139 0.0129024 0.00828237 0.00924121 0.00805979 0.00634287 0.00503611 0.00610174 0.00445768 0.00298007 0.0041174 0.00289141 0.00423536 0.00280369
threshold=0.41135000000000005 11.873200000000001 15.500000000000002 0.012788571428571425 0.049513091500000002 1.5000000000000002 38.640000000000008 277.35322155000006 7.3500000000000005 88.200000000000003 17.382653061224492 0.21365000000000003 0.16270000000000004 272.48470305000006 0.03607002950000001 0.028950000000000004 12.950000000000001 5.4700000000000015 -1.4842857142857144 279.28609670000009 17.500000000000004 264.45621055000009 7.900000000000035 7.0500000000000007 0.0029774413125000006 41.850000000000009 70.346590529756341 293.41581895000007 5.9500000000000011 -0.64285714285714468
decision_type=2 2 2 2 2 2 2 10 10 2 2 2 2 10 2 2 2 2 2 10 2 2 2 2 2 2 2 2 10 2
left_child=2 -2 3 4 -1 -6 7 -7 -4 11 -11 14 25 -13 15 22 17 -17 19 21 -18 -19 27 -24 -22 26 -9 -10 -29 -20
right_child=1 -3 8 -5 5 6 -8 12 9 10 -12 13 -14 -15 -16 16 20 18 29 -21 24 -23 23 -25 -26 -27 -28 28 -30 -31
leaf_value=-2.7748716191030434e-05 0.0025606662191977889 0 -5.920794630579401e-05 0.0030598043398159433 -0.00051655141629949376 0.0013500196140375919 0.0019078302809251838 2.1181788054361404e-05 -5.245264873150642e-05 0.0020659593336705049 -0.00035820283472839693 0.00072986926260330766 -0.00014868573721826209 1.9330167345357877e-05 -0.0001085154087800524 -3.4575602512424738e-05 0.00059974953078811898 0.00018588298330573236 0 0 -1.3227458680324705e-05 0.00095911664383107557 0.00066500350322828375 0 0.00031135172070803082 0 0.00061403267427834055 0.00044216812367293257 0 0.00032625060416222344
leaf_weight=1699 50 67 8897 61 65 56 50 55 4944 51 70 94 53 77 1075 350 56 57 165 61 2747 124 54 109 109 51 209 69 244 112
leaf_count=1699 50 67 8897 61 65 56 50 55 4944 51 70 94 53 77 1075 350 56 57 165 61 2747 124 54 109 109 51 209 69 244 112
internal_value=3.51449e-06 0.00108693 -2.12973e-06 0.00018001 9.79525e-05 0.000502756 0.000653854 0.000490074 -2.39072e-05 5.34159e-06 0.000631127 -1.48758e-06 0.000342359 0.000440961 -9.37896e-06 1.67084e-06 5.28827e-05 0.000187261 0.000346256 0.000566674 1.10145e-05 0.000745444 -3.31355e-05 0.000235148 0 0.000441011 0.000509936 -4.2448e-05 9.93208e-05 0.000134357
internal_weight=21881 117 21764 2299 2238 539 474 424 19465 10568 121 10447 368 171 10276 9201 3781 869 519 242 2912 181 5420 163 2856 315 264 5257 313 277
internal_count=21881 117 21764 2299 2238 539 474 424 19465 10568 121 10447 368 171 10276 9201 3781 869 519 242 2912 181 5420 163 2856 315 264 5257 313 277
is_linear=0
shrinkage=0.05


Tree=43
num_leaves=31
num_cat=0
split_feature=0 118 126 2 0 1 103 133 82 3 85 21 133 2 119 128 6 98 141 136 22 100 137 132 125 141 139 0 30 128
split_gain=0.0502618 0.0729702 0.0311639 0.172082 0.0438544 0.0138716 0.00880526 0.0216241 0.0914069 0.0155549 0.0129072 0.0072653 0.0086173 0.00577003 0.0055301 0.00494599 0.0084112 0.00476588 0.00491179 0.00417113 0.0034342 0.00337861 0.00314874 0.00403374 0.00305127 0.00827553 0.00271737 0.00586535 0.00269375 0.00232208
threshold=0.41135000000000005 18.850000000000005 13.500000000000002 0.0067074020000000003 0.16045000000000001 0.024117256000000004 2587.7500000000005 88.200000000000003 22.866000000000003 0.10236673250000002 275.54921895000001 0.49305555555555564 58.125000000000007 0.00015051900000000003 6.8500000000000005 9.9957704271407923 0.021539583333333338 -11.649999999999997 33.720000000000006 0.015000000000000001 6.5000000000000009 8.9000000000000359 0.51500000000000012 6.5000000000000009 2.5000000000000004 38.860000000000007 91.465220253218561 0.0034500000000000004 -1.9928571428571404 9.7517630932962636
decision_type=2 10 2 2 2 2 2 2 2 2 2 2 2 2 8 2 2 2 2 2 2 2 2 2 2 2 2 2 2 2
left_child=2 -2 3 4 5 -1 7 9 -9 14 15 12 22 28 17 -11 -17 18 -4 -19 -15 24 -12 -24 25 -21 -8 -28 -7 -30
right_child=1 -3 6 -5 -6 13 26 8 -10 10 11 -13 -14 20 -16 16 -18 19 -20 21 -22 -23 23 -25 -26 -27 27 -29 29 -31
leaf_value=-4.1625274657876516e-05 0 0.0024585310388048291 0 0.0024755963859703876 0.0012151669247176902 0.00028499541640587405 -5.2863613140920731e-05 0.0023053794556899981 -0.00040723227283534307 -0.00010894871478173418 5.5545803314198253e-05 3.3184777884820332e-05 0.00095215165404469431 0.00063660417698998498 -5.2779848876967333e-05 1.7508695980383997e-05 0.00049806338312618592 0.00038268469937999429 0.00070646792696117287 2.107043768513099e-05 0.00010920270873757544 0.00040369233418739622 0.00062106335035951499 4.4841924119442834e-05 -2.5197541743235208e-05 0.00062781541648671837 -4.992925186814383e-06 -0.00051948920992322858 -0.00030646432335574734 8.9481800961799983e-05
leaf_weight=1368 67 50 70 78 82 106 8493 50 73 352 116 167 81 134 5916 471 120 74 51 487 74 51 123 67 2677 66 165 102 53 97
leaf_count=1368 67 50 70 78 82 106 8493 50 73 352 116 167 81 134 5916 471 120 74 51 487 74 51 123 67 2677 66 165 102 53 97
internal_value=3.45559e-06 0.00103268 -1.89481e-06 0.000186298 8.9149e-05 3.53854e-05 -2.11163e-05 8.24723e-06 0.000664832 3.11076e-07 0.000150389 0.000342723 0.00046298 0.000272788 -2.30911e-05 3.18547e-05 0.000124206 2.60005e-05 0.000334781 1.32778e-05 0.000474315 3.30865e-06 0.000314528 0.000445346 -1.58868e-06 0.000103513 -5.8596e-05 -0.000221404 8.83839e-05 -1.84096e-05
internal_weight=21881 117 21764 1992 1914 1832 19772 11012 123 10889 1497 554 387 464 9392 943 591 3476 121 3355 208 3281 306 190 3230 553 8760 267 256 150
internal_count=21881 117 21764 1992 1914 1832 19772 11012 123 10889 1497 554 387 464 9392 943 591 3476 121 3355 208 3281 306 190 3230 553 8760 267 256 150
is_linear=0
shrinkage=0.05


Tree=44
num_leaves=31
num_cat=0
split_feature=0 63 2 90 3 126 122 1 108 131 24 90 0 133 100 54 3 128 8 100 136 116 2 90 28 141 46 10 49 15
split_gain=0.0453061 0.0673486 0.0304121 0.111993 0.0148392 0.0536494 0.0342561 0.0341103 0.0151359 0.0118417 0.00991134 0.00614707 0.0101159 0.00607032 0.0509826 0.00639016 0.00566148 0.00441512 0.00435446 0.00903456 0.00433951 0.00409223 0.00661718 0.0115968 0.00670342 0.00556093 0.00612626 0.00385877 0.00345569 0.0033816
threshold=0.41135000000000005 11.873200000000001 0.048280649000000009 21.055102040816333 0.049513091500000002 23.500000000000004 1.5000000000000002 0.29207440000000007 272.41417685000005 62.20474218226024 60.000000000000007 25.607142857142865 0.21365000000000003 88.200000000000003 4.0999999999999668 0.10500000000000002 0.1292758105 10.428241251524872 0.012510511052253559 4.6999999999999895 0.26500000000000007 271.30325810000005 0.0035617145000000003 22.76632653061225 7.0500000000000007 34.875000000000007 86.500000000000014 16.980000000000004 985.05000000000007 0.0010302083333333335
decision_type=2 2 2 2 2 2 2 2 2 2 2 2 2 2 2 2 2 2 2 2 2 8 2 2 2 2 2 2 2 2
left_child=2 -2 4 -4 13 6 -6 8 -8 -10 16 18 17 21 15 -15 28 -13 19 -7 -12 22 24 -24 25 -1 -27 -19 -11 -26
right_child=1 -3 3 -5 5 11 7 -9 9 10 20 12 -14 14 -16 -17 -18 27 -20 -21 -22 -23 23 -25 29 26 -28 -29 -30 -31
leaf_value=1.3310847345799511e-07 0.0023507819532167951 0 -0.00038541577941611071 0.0025961790286123244 -0.00059540725541713379 0 0.001205974406578301 0.0015056595613217412 -0.00016560774108585706 0.00049846508290152995 0.00046153315460870569 -3.8174628954867176e-05 0.00077368407378460035 -0.00042263954728976108 0.0016078763306499101 0.00014651356295481883 0.0008546332532027083 3.6791190625299793e-05 -5.3433642889477447e-05 0.00064883249857438621 0 -5.0947288144911277e-05 1.8023804577209351e-05 0.0008997322833290257 -5.3963168023677618e-05 0.00086712443153875692 3.8934671949202006e-05 0.0003532923230228158 0 4.8547270107020465e-05
leaf_weight=154 50 67 76 50 71 332 57 81 93 124 77 470 54 103 51 76 146 288 3302 66 183 11378 150 55 2906 57 59 185 55 1065
leaf_count=154 50 67 76 50 71 332 57 81 93 124 77 470 54 103 51 76 146 288 3302 66 183 11378 150 55 2906 57 59 185 55 1065
internal_value=3.42676e-06 0.000980589 -1.6414e-06 0.000769513 -6.39832e-06 6.35098e-05 0.00041996 0.000515048 0.000397187 0.000320152 0.000406059 -2.81445e-06 0.00010613 -3.10281e-05 0.000220505 -0.000153739 0.000595572 6.18271e-05 -3.35422e-05 0.000118676 0.000148636 -3.50137e-05 4.64065e-06 0.000282071 -7.65432e-06 0.000231181 0.000492558 0.000171614 0.000352918 -2.52063e-05
internal_weight=21881 117 21764 126 21638 5584 887 816 735 678 585 4697 997 16054 230 179 325 943 3700 398 260 15824 4446 205 4241 270 116 473 179 3971
internal_count=21881 117 21764 126 21638 5584 887 816 735 678 585 4697 997 16054 230 179 325 943 3700 398 260 15824 4446 205 4241 270 116 473 179 3971
is_linear=0
shrinkage=0.05


Tree=45
num_leaves=31
num_cat=0
split_feature=5 103 126 19 5 69 131 61 103 133 82 3 85 118 137 161 54 141 0 131 137 22 40 100 17 136 12 101 138 101
split_gain=0.0365344 0.11908 0.0175941 0.0835812 0.0254798 0.0224011 0.0350362 0.0123679 0.00597368 0.0186764 0.0612911 0.009324 0.0100585 0.00603478 0.00601703 0.00671061 0.00534827 0.0073025 0.0052326 0.00481044 0.00434157 0.0113439 0.0048015 0.00462096 0.00413859 0.00676692 0.00407874 0.00294387 0.00291111 0.00296812
threshold=41.090000000000011 1435.9500000000005 13.500000000000002 0.012788571428571425 2.5000000000000004 273.69958760000003 87.498255890197527 91.250000000000014 2587.7500000000005 88.200000000000003 23.560000000000006 0.083086015000000027 275.54921895000001 16.250000000000004 0.055000000000000007 0.35714285714285721 0.23500000000000001 38.520000000000003 0.12360000000000002 62.20474218226024 1.5450000000000002 4.5000000000000009 0.03500000000000001 7.6499999999999782 0.028950000000000004 0.41500000000000004 0.063777484000000009 -6.4763279499999831 12.310000000000002 -5.2943172999999595
decision_type=2 2 2 2 2 2 2 2 2 2 2 2 2 8 2 2 2 2 2 2 2 2 2 2 2 2 2 2 2 2
left_child=2 -2 3 4 -1 6 -6 26 9 11 -11 13 -13 16 -14 18 20 -18 -16 -9 22 -22 28 27 -24 -26 -7 -23 -4 -30
right_child=1 -3 8 -5 5 7 -8 19 -10 10 -12 12 14 -15 15 -17 17 -19 -20 -21 21 23 24 -25 25 -27 -28 -29 29 -31
leaf_value=-3.2703187458569109e-05 0.0027582656816743756 0 -6.8718804241097697e-05 0.0020978575469411103 0.0017647651083982337 0 0.00028923311859853796 0 -5.2422961450667535e-05 0.0019539537379408586 -0.00026711137191038389 7.5770926480450684e-06 -7.1335545835195667e-05 -5.9611776810345441e-05 0.00019777932183569647 0.00020995349387692002 5.5726947901555698e-05 0.00076601930793653353 0.00098069380601526986 0.00055594430240363669 0.00082823065445100999 0.00018590688927256607 0 0.00047277364506073595 0.00074376023697411827 0 -0.00057078086895118901 -2.4263469623568879e-05 0.00044716888500604334 0
leaf_weight=1371 50 170 2182 52 64 105 136 53 8674 50 71 1077 87 5209 59 386 157 55 70 129 50 208 166 61 62 64 50 720 52 127
leaf_count=1371 50 170 2182 52 64 105 136 53 8674 50 71 1077 87 5209 59 386 157 55 70 129 50 208 166 61 62 64 50 720 52 127
internal_value=-1.17775e-07 0.000639245 -6.90723e-06 0.000135537 7.83661e-05 0.000370762 0.00079271 0.00010395 -2.14225e-05 2.76203e-06 0.000618194 -3.73156e-06 0.000103952 -2.41292e-05 0.000267779 0.000334783 2.1937e-05 0.000266206 0.000665354 0.00039223 6.4885e-06 9.41464e-05 -2.59798e-05 5.11844e-05 0.000160912 0.000375772 -0.00020284 1.7611e-05 -5.1269e-05 0.000132865
internal_weight=21767 220 21547 1960 1908 537 200 337 19587 10913 121 10792 1679 9113 602 515 3904 212 129 182 3692 1039 2653 989 292 126 155 928 2361 179
internal_count=21767 220 21547 1960 1908 537 200 337 19587 10913 121 10792 1679 9113 602 515 3904 212 129 182 3692 1039 2653 989 292 126 155 928 2361 179
is_linear=0
shrinkage=0.05


Tree=46
num_leaves=31
num_cat=0
split_feature=1 103 99 2 133 112 0 77 126 2 3 126 128 82 30 94 134 0 137 28 120 24 19 137 59 2 7 93 24 118
split_gain=0.0330403 0.107678 0.0161526 0.063875 0.0203594 0.0115488 0.0313446 0.00881446 0.00871065 0.00677237 0.00572304 0.0182854 0.0108716 0.00772841 0.00616228 0.00479329 0.00533508 0.00414743 0.00351481 0.00335013 0.00451613 0.00306097 0.0033583 0.0029899 0.0029409 0.007449 0.00254259 0.00238295 0.00308311 0.00232521
threshold=0.41087726350000003 1435.9500000000005 2.3500000000000232 0.018264717500000003 87.815000000000012 274.18282710000005 0.15305000000000002 272.93316240000007 1.5000000000000002 9.4850000000000015e-05 0.083086015000000027 44.500000000000007 9.1911065815618631 24.714000000000002 -1.8585714285714297 15.500000000000002 9.2200000000000006 0.092200000000000018 18.300000000000004 7.0500000000000007 273.55659380000003 61.650000000000013 -0.0040257142857142826 0.045000000000000005 13.430050000000003 0.00064742850000000008 0.095150000000000026 263.70833310000006 47.050000000000004 13.450000000000001
decision_type=2 2 2 2 2 10 2 2 2 2 2 2 2 2 2 2 2 2 2 2 8 2 2 2 2 2 2 2 2 8
left_child=2 -2 10 4 5 8 7 9 -4 -7 17 12 -12 14 -14 19 -17 18 24 20 -10 22 -15 27 29 -26 -24 -21 -29 -1
right_child=1 -3 3 -5 -6 6 -8 -9 15 -11 11 -13 13 21 -16 16 -18 -19 -20 23 -22 -23 26 -25 25 -27 -28 28 -30 -31
leaf_value=-4.0674358976124839e-06 0.0026230566027601633 0 -0.00055497451558975239 0.0017967979863277393 0.0010196359050036832 6.1948823489597473e-05 0.0014019293433879143 3.5065455626567552e-05 0.00055163902205750961 0.0007838117533573518 -0.00031980040567464429 -4.1305411564849487e-05 0.00087204248101114255 0 0.00026477006198444839 0.00062137382671194666 0 -0.00036884997815841508 0.00025991785754992265 -8.7090760088954218e-06 0 1.312458304017214e-05 5.1528982297387174e-05 -4.3561988589115367e-05 -8.4807986221363635e-06 0.00043561136019471219 0.00044228628369726757 3.3142889307821572e-07 0.00049587102760474287 -5.6067492339119896e-05
leaf_weight=2956 50 170 69 53 54 82 51 690 60 81 76 2298 93 71 141 65 101 98 93 115 103 251 92 2168 505 110 203 92 73 10703
leaf_count=2956 50 170 69 53 54 82 51 690 60 81 76 2298 93 71 141 65 101 98 93 115 103 251 92 2168 505 110 203 92 73 10703
internal_value=0 0.000608043 -6.43914e-06 8.59523e-05 6.03356e-05 4.49205e-05 0.000200602 0.000121364 -2.82686e-06 0.000453746 -2.68699e-05 3.24989e-05 0.000220693 0.000275149 0.000530082 9.28731e-06 0.000269678 -4.04532e-05 -3.78396e-05 -5.45024e-06 0.000210579 0.000169673 0.000263081 -2.19563e-05 -4.0148e-05 6.34117e-05 0.000337901 0.0001271 0.000251357 -4.51811e-05
internal_weight=21767 220 21547 3857 3804 3750 904 853 2846 163 17690 3225 927 851 234 2777 166 14465 14367 2611 163 617 366 2448 14274 615 295 280 165 13659
internal_count=21767 220 21547 3857 3804 3750 904 853 2846 163 17690 3225 927 851 234 2777 166 14465 14367 2611 163 617 366 2448 14274 615 295 280 165 13659
is_linear=0
shrinkage=0.05


Tree=47
num_leaves=31
num_cat=0
split_feature=1 105 126 19 3 69 131 8 2 131 122 0 74 139 104 81 135 29 0 0 4 4 96 118 28 33 139 112 88 0
split_gain=0.0298803 0.0914596 0.0149879 0.106394 0.0255985 0.0167654 0.0226553 0.0123981 0.009741 0.00582221 0.00553467 0.00620567 0.00435745 0.0102801 0.0627029 0.0104516 0.00408023 0.00396749 0.00339328 0.00323085 0.00322852 0.00502407 0.00470636 0.00684981 0.00396597 0.00670255 0.00735555 0.00487909 0.00353989 0.00319181
threshold=0.41087726350000003 18.500000000000004 20.500000000000004 0.014581428571428573 0.049513091500000002 273.69958760000003 103.69830881467969 0.059251217091006982 0.048280649000000009 62.20474218226024 2.5000000000000004 0.074950000000000003 16.835714285714293 91.048068522959113 21.550000000000008 28.950000000000003 39.980000000000004 43.250000000000007 0.0073000000000000009 0.017000000000000005 0.0024749575000000005 0.0043647795000000007 35.162500000000016 12.15 7.0500000000000007 -0.072813602196327584 22.545201051522437 271.46557590000003 43.162500000000016 0.18590000000000004
decision_type=2 2 2 2 2 2 2 2 2 2 2 2 2 2 2 2 2 2 2 2 2 2 2 10 2 2 2 10 2 2
left_child=2 -2 3 4 17 6 -6 9 12 -7 -11 16 -4 20 15 -15 -12 -1 -17 -19 24 22 -22 -24 25 26 -14 -28 -25 -23
right_child=1 -3 8 -5 5 7 -8 -9 -10 10 11 -13 13 14 -16 18 -18 19 -20 -21 21 29 23 28 -26 -27 27 -29 -30 -31
leaf_value=-5.6602821945087125e-05 0.0023455039581365949 0 -4.7369102061153779e-05 0.0021658504282822833 0.001526920910026612 -0.0001496468160222585 0.00025062592658644031 -0.0005100984454059342 -0.00051728565805133253 0 0.00038701531556623985 0.00066804767237238895 -5.6686134860435481e-05 0.00051137948600527645 0.0018692671941541378 -2.1124667079272856e-05 -1.8864796846842756e-05 3.1239045628090319e-05 -0.0004914771261768315 0.00046725570476140649 1.9805283320940616e-05 -2.4301018020357548e-05 0.00083079949710130078 0.00026143176834354272 -3.8868043637138751e-05 -8.2754985864192041e-05 0.0001083473669855726 0.00070396074704194241 -0.00014391823323859609 0.00017474671523099721
leaf_weight=1944 54 166 8175 60 62 61 106 55 99 83 116 149 87 82 51 243 86 251 52 60 403 1935 53 222 6428 220 88 100 53 223
leaf_count=1944 54 166 8175 60 62 61 106 55 99 83 116 149 87 82 51 243 86 251 52 60 403 1935 53 222 6428 220 88 100 53 223
internal_value=0 0.000578371 -5.99155e-06 9.6703e-05 5.25488e-05 0.000312931 0.000757473 0.000166941 -2.30895e-05 0.000253126 0.000321444 0.000408655 -2.01333e-05 1.12445e-06 0.000241127 3.28516e-06 0.000190343 -2.82436e-05 -0.000122306 0.000132612 -8.85848e-06 3.47712e-05 0.000148077 0.000289942 -2.77899e-05 0.000105778 0.000274473 0.000453666 0.000164955 -1.34484e-06
internal_weight=21767 220 21547 3033 2973 718 168 550 18514 495 434 351 18415 10240 428 377 202 2255 295 311 9812 2889 731 328 6923 495 275 188 275 2158
internal_count=21767 220 21547 3033 2973 718 168 550 18514 495 434 351 18415 10240 428 377 202 2255 295 311 9812 2889 731 328 6923 495 275 188 275 2158
is_linear=0
shrinkage=0.05


Tree=48
num_leaves=31
num_cat=0
split_feature=5 103 99 19 133 94 123 0 2 94 29 86 4 83 15 92 134 30 141 128 25 119 11 94 104 122 138 75 69 116
split_gain=0.0269883 0.0887919 0.0137824 0.0580446 0.0173864 0.00814275 0.00986045 0.0164341 0.00644644 0.00487095 0.0125328 0.0118221 0.00771157 0.00573638 0.00912789 0.00477403 0.00399297 0.00377159 0.0052934 0.00315624 0.00303744 0.00459656 0.00302176 0.00294916 0.00289743 0.00439761 0.0028887 0.00309 0.00273921 0.00511448
threshold=41.090000000000011 1435.9500000000005 2.3500000000000232 0.01497714285714285 87.815000000000012 11.500000000000002 0.60355339059327384 0.11455000000000001 0.00077482300000000011 13.500000000000002 52.20000000000001 8.5000000000000018 0.00089074800000000013 25.050000000000004 0.00010520833333333335 0.15000000000000005 8.8750000000000018 -3.4242857142857139 33.955000000000005 9.1911065815618631 15.500000000000002 10.65 0.0013074835208333334 1.5000000000000002 5.5500000000000016 12.500000000000002 3.4950000000000006 25.650000000000002 293.61832460000005 271.72050760000008
decision_type=2 2 2 2 2 2 2 2 2 2 2 2 2 2 2 2 2 2 2 2 2 8 2 2 2 2 2 2 2 8
left_child=2 -2 9 4 5 17 15 8 -8 28 12 -12 24 14 -14 -7 -16 18 -4 -15 21 23 -18 -20 -11 -26 27 -21 -1 -30
right_child=1 -3 3 -5 -6 6 7 -9 -10 10 11 -13 13 19 16 -17 22 -19 20 26 -22 -23 -24 -25 25 -27 -28 -29 29 -31
leaf_value=-4.2516599948882225e-05 0.0023794997471529369 0 -1.2704999390362359e-05 0.0015756914491976204 0.00093963248727165828 -0.00035911769948096409 7.9257395544857451e-05 0.0011792435726801038 0.00056947246816678378 -7.4884981980757881e-05 0.0010713069298393608 0.00014490996269988856 0.00084573362859793216 -0.00029964937270539474 -6.4883999386018753e-06 7.4716972674628959e-05 0 -2.8883590614176687e-05 0.00024444586439451948 0.00040783027178834316 0 0 0.00029217325226457306 0.00091876195159035418 -7.4629388603040866e-06 0.00044189661143151913 -2.6245411365493739e-05 0 0.00038163831128357824 -3.1856336734542791e-05
leaf_weight=13357 50 170 270 63 54 77 319 52 98 2092 51 157 51 81 259 335 99 2353 67 90 62 57 348 50 167 68 492 92 109 177
leaf_count=13357 50 170 270 63 54 77 319 52 98 2092 51 157 51 81 259 335 99 2353 67 90 62 57 348 50 167 68 492 92 109 177
internal_value=0 0.000549715 -5.64835e-06 7.9676e-05 5.31082e-05 3.87238e-05 0.00017158 0.00032817 0.000207512 -2.45379e-05 2.28573e-05 0.000400018 1.02154e-06 9.01652e-05 0.000187473 0 0.00013172 -5.13281e-07 0.000121349 -9.05229e-07 0.00029522 0.000401776 0.000222797 0.000580332 -5.47668e-05 0.0001027 2.79806e-05 0.000201234 -3.89642e-05 0.000109093
internal_weight=21767 220 21547 3857 3794 3740 881 469 417 17690 4047 208 3839 1512 757 412 706 2859 506 755 236 174 447 117 2327 235 674 182 13643 286
internal_count=21767 220 21547 3857 3794 3740 881 469 417 17690 4047 208 3839 1512 757 412 706 2859 506 755 236 174 447 117 2327 235 674 182 13643 286
is_linear=0
shrinkage=0.05


Tree=49
num_leaves=31
num_cat=0
split_feature=1 103 126 16 9 123 1 44 2 22 2 103 133 82 3 116 21 136 21 118 2 136 69 99 30 140 141 128 8 2
split_gain=0.0244015 0.0802974 0.0127904 0.0757627 0.0185318 0.0250805 0.0211981 0.0112603 0.00895671 0.00599174 0.00506658 0.00428941 0.01509 0.0505661 0.0059628 0.00712809 0.00673689 0.00467458 0.00455819 0.00446245 0.00511247 0.012735 0.00458426 0.00368878 0.00572411 0.00501278 0.00441656 0.00350035 0.00330734 0.00481873
threshold=0.41087726350000003 1435.9500000000005 13.500000000000002 17.135000000000005 0.89083333333333348 0.60355339059327384 0.20970769550000004 1487.5000000000002 0.00015051900000000003 4.5000000000000009 0.048280649000000009 2587.7500000000005 88.200000000000003 23.560000000000006 0.083086015000000027 277.56721895000004 0.49305555555555564 0.47500000000000003 0.36805555555555564 16.250000000000004 0.0040711290000000006 1.0100000000000002 293.24081960000007 2.1999999999999891 -3.5342857142857143 72.420000000000002 33.955000000000005 9.6751438223984643 0.059251217091006982 2.9650000000000002e-05
decision_type=2 2 2 2 2 2 2 2 2 2 2 2 2 2 2 10 2 2 2 8 2 2 2 2 2 2 2 2 2 2
left_child=2 -2 3 4 -1 7 8 -6 -7 -10 11 12 14 -14 19 28 17 -17 -19 20 22 -22 23 -4 26 -26 -25 -18 -16 -30
right_child=1 -3 10 -5 5 6 -8 -9 9 -11 -12 -13 13 -15 15 16 27 18 -20 -21 21 -23 -24 24 25 -27 -28 -29 29 -31
leaf_value=-3.2558997763488519e-05 0.0022628575672769885 0 -3.9156548000511196e-05 0.0019486668944379993 0.00014228277063955315 5.0412782908097135e-05 0.0015754929555685455 -0.00062031958370198489 0.0011465415387976704 0.00023689178383262647 -0.00036622039282450545 -4.1934952204494495e-05 0.0017724990169974226 -0.0002406211537507059 -2.7626990357679758e-05 5.3951391393749163e-05 -0.00033969815867623831 0.00026831068050452259 0.00078758484702540904 -4.809345900504704e-05 0 0.00084428799332370269 0.00024921670164800881 2.5209997589020832e-05 -8.8700194617600282e-06 0.00034577674116541279 0.00076161752466130292 0.00011996449461084479 0 0.00058174274936579338
leaf_weight=1379 50 170 2439 54 186 119 52 63 52 55 104 8626 50 71 924 131 57 172 91 5173 134 64 186 59 842 109 51 142 105 57
leaf_count=1379 50 170 2439 54 186 119 52 63 52 55 104 8626 50 71 924 131 57 172 91 5173 134 64 186 59 842 109 51 142 105 57
internal_value=0 0.000522798 -5.27933e-06 0.000116132 6.05969e-05 0.000313428 0.000640084 -3.23743e-05 0.000396838 0.000731784 -1.76891e-05 -1.55533e-05 4.94861e-06 0.000557973 -8.69959e-07 8.51482e-05 0.000224663 0.000344297 0.000469226 -1.73758e-05 2.22512e-05 0.000269897 7.52272e-06 -3.96094e-06 7.21984e-05 2.68467e-05 0.000415466 0 4.23132e-06 0.000215671
internal_weight=21767 220 21547 1960 1906 527 278 249 226 107 19587 19483 10857 121 10736 1679 593 394 263 9057 3884 198 3686 3500 1061 951 110 199 1086 162
internal_count=21767 220 21547 1960 1906 527 278 249 226 107 19587 19483 10857 121 10736 1679 593 394 263 9057 3884 198 3686 3500 1061 951 110 199 1086 162
is_linear=0
shrinkage=0.05


Tree=50
num_leaves=31
num_cat=0
split_feature=0 120 94 1 108 61 103 28 133 90 1 93 4 36 49 49 2 43 2 129 36 30 7 96 2 30 100 2 59 105
split_gain=0.0292519 0.0554455 0.0145866 0.0349491 0.0851751 0.0294187 0.0368489 0.0131159 0.0119939 0.0417419 0.00739238 0.00934803 0.00556899 0.00564725 0.00524924 0.00462192 0.00379683 0.00789812 0.00357281 0.00347733 0.00386608 0.00332231 0.00254303 0.0127889 0.00200734 0.00182776 0.00264115 0.00229432 0.00215565 0.00274776
threshold=0.41135000000000005 268.60951250000005 10.500000000000002 0.13543613500000004 273.56021315000004 85.550000000000011 995.35000000000002 39.250000000000007 88.200000000000003 10.120016339869283 0.015639679500000003 270.20090185000009 0.00018815900000000003 268.16624420000005 970.35000000000002 972.75000000000011 0.0006863590000000001 0.37350000000000005 0.048280649000000009 6.5000000000000009 273.30105860000009 -1.9928571428571404 0.038450000000000005 43.212500000000006 6.710000000000001e-06 -3.4242857142857139 7.2500000000000009 8.5250000000000026e-05 6.3702500000000013 31.500000000000004
decision_type=2 10 2 2 2 2 2 2 2 2 2 2 2 2 2 2 2 2 2 2 2 2 2 2 2 2 2 2 2 2
left_child=2 -2 8 10 -5 -6 -7 19 18 -10 16 22 -13 14 -14 -9 -4 -18 25 -8 -21 -16 23 -12 -24 26 27 -1 -29 -30
right_child=1 -3 3 4 5 6 7 15 9 -11 11 12 13 -15 21 -17 17 -19 -20 20 -22 -23 24 -25 -26 -27 -28 28 29 -31
leaf_value=-3.2001468790423676e-05 -7.2336302134707301e-05 0.0020368951460170816 -4.1473877912175663e-05 0.0021878653077397219 -0.00080621171095534943 0.0013307658718056498 9.4026653201469528e-05 7.6354280505149606e-05 -0.00037378167552111637 0.0012055826945040126 0.00071340580803771938 0 0.00097116468035825091 4.7309910784781785e-05 0.00060207737188041699 0.00069499736926701176 0.0005186605838040729 -1.2122621300187259e-05 -0.00036985030789219315 -0.00050543224968350846 0 0.0001671598227960723 9.4323480855989356e-05 -8.8440163993605737e-05 -5.5669374224388936e-05 -3.601776058024009e-05 0.00028221967798459848 0 0.00032206075921051438 0
leaf_weight=1466 69 50 3079 60 60 80 227 67 78 81 73 138 53 148 95 120 95 198 79 63 53 174 304 126 767 13314 86 312 158 88
leaf_count=1466 69 50 3079 60 60 80 227 67 78 81 73 138 53 148 95 120 95 198 79 63 53 174 304 126 767 13314 86 312 158 88
internal_value=3.2731e-06 0.000781818 -8.12688e-07 6.53725e-05 0.000389647 0.000218141 0.000328235 0.000165272 -2.6405e-05 0.000402056 1.9265e-05 9.92662e-05 0.000260996 0.000342982 0.000462834 0.000501525 -2.38246e-05 0.000144146 -3.11475e-05 -4.44025e-06 -0.000239022 0.000340935 1.77614e-05 0.000182801 -8.38192e-06 -2.90647e-05 1.24366e-05 0 8.70244e-05 0.000197377
internal_weight=21761 119 21642 5980 730 670 610 530 15662 159 5250 1878 608 470 322 187 3372 293 15503 343 116 269 1270 199 1071 15424 2110 2024 558 246
internal_count=21761 119 21642 5980 730 670 610 530 15662 159 5250 1878 608 470 322 187 3372 293 15503 343 116 269 1270 199 1071 15424 2110 2024 558 246
is_linear=0
shrinkage=0.05


Tree=51
num_leaves=31
num_cat=0
split_feature=1 126 100 133 2 36 3 83 26 1 92 126 58 30 90 2 92 16 126 29 6 23 131 28 116 3 141 91 1 91
split_gain=0.0264499 0.123382 0.0116804 0.0488917 0.0351991 0.00811261 0.0136572 0.0206509 0.0092054 0.0121094 0.00707428 0.00572868 0.00418354 0.0075074 0.0096792 0.00353408 0.00294988 0.00236461 0.00233276 0.00340139 0.00248687 0.0023315 0.00478283 0.00218849 0.0103033 0.00397401 0.0040287 0.00229501 0.00363142 0.00203353
threshold=0.36432711350000008 21.500000000000004 4.0999999999999668 88.200000000000003 0.026435467500000004 265.09447335000004 0.049513091500000002 15.750000000000002 4.5000000000000009 0.26475982950000004 16.350000000000005 2.5000000000000004 5.9500000000000002 0.39714285714285591 25.936734693877554 0.048280649000000009 7.5500000000000016 0.62500000000000011 73.500000000000014 30.450000000000003 0.00030833333333333337 22.489583333333336 41.459656085758581 33.750000000000007 288.51136190000005 0.15259067450000002 37.910000000000004 33.550000000000004 0.022067102000000002 22.650000000000002
decision_type=2 2 2 2 2 2 2 2 2 2 2 2 2 2 2 2 2 2 2 2 2 2 2 2 10 2 2 2 2 2
left_child=2 -2 12 4 5 -4 18 8 -8 17 -3 -9 15 21 -15 23 -13 -10 -7 20 -20 22 -14 27 29 -26 -27 -1 -29 -25
right_child=1 10 3 -5 -6 6 7 11 9 -11 -12 16 13 14 -16 -17 -18 -19 19 -21 -22 -23 -24 24 25 26 -28 28 -30 -31
leaf_value=-3.5949820341172458e-05 0.0026576082686507055 -7.3189105288850358e-05 -4.4696365294719387e-05 0.0015767862406155129 0.0012725734648471377 -2.3523975142891654e-06 0.001199937454110585 -0.00047018393578279456 0.00040030214683148919 0.0011085335019862131 0.00054333569608778435 1.2506139707928693e-05 0.00053797934968673362 0 0.00077442912686589657 -0.00036491554291646997 0.00042388622194392098 3.9214955187792205e-05 0 -7.450679765069183e-06 0.00048624005186907152 -1.7873691639766245e-05 3.9288093735952479e-07 -4.211420578574034e-05 0.00011673037004474755 0.0008434478577380235 0.00012148933659892599 -4.7115065229428926e-05 -0.00053085952352375902 9.3723647551335535e-05
leaf_weight=11690 52 247 2016 52 57 1780 53 50 121 54 55 302 60 76 78 81 57 129 62 120 88 990 191 2407 248 55 60 175 63 292
leaf_count=11690 52 247 2016 52 57 1780 53 50 121 54 55 302 60 76 78 81 57 129 62 120 88 990 191 2407 248 55 60 175 63 292
internal_value=3.17417e-06 0.00043135 -3.69267e-06 6.3445e-05 4.60072e-05 3.02433e-05 8.56651e-05 0.000266097 0.000543857 0.000409522 2.40129e-05 1.07204e-05 -2.41451e-05 5.73941e-05 0.000386727 -3.20276e-05 9.27077e-05 0.0002348 1.57106e-05 0.000152812 0.000313336 1.22217e-05 0.000150366 -2.9871e-05 6.45113e-06 0.000257444 0.000514172 -3.96141e-05 -0.000197771 -2.5537e-05
internal_weight=21761 354 21407 4941 4889 4832 2816 766 357 304 302 409 16466 1395 154 15071 359 250 2050 270 150 1241 251 14990 3062 363 115 11928 238 2699
internal_count=21761 354 21407 4941 4889 4832 2816 766 357 304 302 409 16466 1395 154 15071 359 250 2050 270 150 1241 251 14990 3062 363 115 11928 238 2699
is_linear=0
shrinkage=0.05


Tree=52
num_leaves=31
num_cat=0
split_feature=0 83 161 19 29 110 133 90 105 82 23 131 43 128 19 93 138 93 33 16 61 16 89 2 100 2 112 69 108 93
split_gain=0.0252014 0.0450594 0.0124616 0.0555463 0.019748 0.0117202 0.0100238 0.035816 0.00690205 0.00722951 0.00686861 0.0189267 0.00509118 0.00507851 0.00397712 0.00390419 0.00461981 0.00308804 0.00302986 0.00324931 0.00332075 0.00292578 0.00280518 0.0027115 0.00391828 0.0101975 0.0128989 0.0164949 0.00212823 0.00401617
threshold=0.41135000000000005 20.150000000000002 0.27551020408163268 0.016477142857142857 51.250000000000007 13.250000000000002 88.200000000000003 10.120016339869283 15.500000000000002 14.994000000000002 22.144444444444449 61.795756078694659 0.30650000000000005 9.1911065815618631 0.016477142857142857 266.67805345000005 4.580000000000001 271.31257025000008 -0.2332923344563074 2.4000000000000008 112.35000000000001 1.2050000000000003 48.20000000000001 8.5250000000000026e-05 4.6499999999999782 0.00010814700000000002 274.09733560000006 275.64931820000004 294.74334735000008 266.09113715000007
decision_type=2 2 2 2 2 10 2 2 2 2 2 2 2 2 2 2 2 2 2 2 2 2 2 2 2 2 10 2 2 2
left_child=2 -2 6 4 8 -6 14 -8 18 -10 11 -11 -7 -12 23 -15 17 -17 19 -4 -21 -18 -23 28 -25 -26 -27 -28 -1 -30
right_child=1 -3 3 -5 5 12 7 -9 9 10 13 -13 -14 15 -16 16 21 -19 -20 20 -22 22 -24 24 25 26 27 -29 29 -31
leaf_value=-3.7572904026126818e-05 -3.6955629302099168e-05 0.0018564044410938067 -2.0634806576651053e-05 0.0015600197650834865 0.0011890862843332191 0.00048046670040367471 -0.00035865802412951748 0.001085566108603691 0.00052730310044070297 0.00096489310214804532 -0.00011358736159127149 -2.5366117069249112e-05 0 8.2999523072542328e-06 -0.00026423351111976571 0.00013878667765378918 0 0.00072336143671559376 -7.7965871259064721e-05 0 0.00043967816276677986 0.00038134826355851079 0 -1.2939228135695218e-05 0.00062152420931946327 -4.6043642705358287e-05 0.0011161382970959048 2.5945089711140924e-05 0.00047475946500620428 0
leaf_weight=11916 69 50 251 61 50 122 78 85 89 75 439 107 84 1075 175 80 385 61 1553 55 94 129 55 3496 86 694 58 109 57 123
leaf_count=11916 69 50 251 61 50 122 78 85 89 75 439 107 84 1075 175 80 385 61 1553 55 94 129 55 3496 86 694 58 109 57 123
internal_value=3.11512e-06 0.000725748 -6.60652e-07 7.04951e-05 4.97893e-05 0.000477005 -2.10498e-05 0.000366004 2.39758e-05 7.97978e-05 6.09547e-05 0.000358428 0.000275106 3.42137e-05 -2.51453e-05 7.34065e-05 0.000164801 0.000430212 -4.47835e-05 7.14516e-05 0.000259014 8.96195e-05 0.000253543 -2.22973e-05 1.02453e-05 0.000101032 4.25821e-05 0.000438727 -3.46638e-05 0.000129439
internal_weight=21761 119 21642 4765 4704 256 16877 163 4448 2495 2406 182 206 2224 16714 1785 710 141 1953 400 149 569 184 16539 4443 947 861 167 12096 180
internal_count=21761 119 21642 4765 4704 256 16877 163 4448 2495 2406 182 206 2224 16714 1785 710 141 1953 400 149 569 184 16539 4443 947 861 167 12096 180
is_linear=0
shrinkage=0.05


Tree=53
num_leaves=31
num_cat=0
split_feature=0 120 94 19 29 110 133 90 105 141 160 82 18 43 19 33 16 61 2 2 120 41 43 105 33 131 41 3 69 93
split_gain=0.0226524 0.0484322 0.0113188 0.0501888 0.0178752 0.0105318 0.00898727 0.0324329 0.00628105 0.00755294 0.00671286 0.00509817 0.00528388 0.00462101 0.00358784 0.00271007 0.00292839 0.00302867 0.00247392 0.00245284 0.0054463 0.0081721 0.00294278 0.00612069 0.00567137 0.00237802 0.0021275 0.0033428 0.00196778 0.00393927
threshold=0.41135000000000005 268.60951250000005 13.500000000000002 0.016477142857142857 51.250000000000007 13.250000000000002 88.200000000000003 10.120016339869283 15.500000000000002 35.775000000000013 0.27244897959183684 14.994000000000002 0.0003020833333333334 0.30650000000000005 0.016477142857142857 -0.2332923344563074 2.4000000000000008 112.35000000000001 0.0040711290000000006 8.5250000000000026e-05 285.12690100000003 58.500000000000007 0.41150000000000003 23.500000000000004 -0.76712964302434694 40.688861512415954 50.500000000000007 0.049513091500000002 292.30014215000006 266.09113715000007
decision_type=2 10 2 2 2 10 2 2 2 2 2 2 2 2 2 2 2 2 2 2 10 2 2 2 2 2 2 2 2 2
left_child=2 -2 6 4 8 -6 14 -8 15 11 18 -10 -13 -7 19 16 -4 -18 -11 28 22 26 -21 24 -24 -14 -22 -28 -1 -30
right_child=1 -3 3 -5 5 13 7 -9 9 10 -12 12 25 -15 -16 -17 17 -19 -20 20 21 -23 23 -25 -26 -27 27 -29 29 -31
leaf_value=-3.6790260336920348e-05 -0.00010661939847029447 0.0018635210766860481 -1.9607159239159148e-05 0.0014832769068814213 0.0011307977601958839 0.00045663867927380223 -0.00034095211986627706 0.0010319189585433653 0.00043875838218277417 0.00027595182637182571 9.4257434117322393e-07 0.00052158403298731347 -0.00011944064304899497 0 -0.00025109689923665841 -7.4070086410524868e-05 0 0.0004179256641272284 0.00092657936491714616 -2.552829647199184e-05 -2.1592637952384646e-06 0.00069113514835514843 0.00074224107444561171 -9.4541238586668205e-06 9.4318291202048735e-05 3.7283700990116738e-05 0 0.00044792587775987163 0.00035177128047807768 -3.310538204026496e-06
leaf_weight=11728 69 50 251 61 50 122 78 85 81 64 97 53 268 84 175 1553 55 94 53 3459 232 67 60 361 129 1879 59 76 96 272
leaf_count=11728 69 50 251 61 50 122 78 85 81 64 97 53 268 84 175 1553 55 94 53 3459 232 67 60 361 129 1879 59 76 96 272
internal_value=3.02354e-06 0.000688135 -5.44191e-07 6.72601e-05 4.75236e-05 0.000454034 -1.99869e-05 0.000346401 2.29067e-05 7.61907e-05 0.000363091 4.69358e-05 3.00451e-05 0.000260947 -2.38797e-05 -4.26102e-05 6.69441e-05 0.000245237 0.000618408 -2.11582e-05 9.75217e-06 0.000178278 -7.28484e-06 9.82136e-05 0.000329148 1.53463e-05 6.94393e-05 0.000228359 -3.29251e-05 7.64716e-05
internal_weight=21761 119 21642 4765 4704 256 16877 163 4448 2495 214 2281 2200 206 16714 1953 400 149 117 16539 4443 434 4009 550 189 2147 367 135 12096 368
internal_count=21761 119 21642 4765 4704 256 16877 163 4448 2495 214 2281 2200 206 16714 1953 400 149 117 16539 4443 434 4009 550 189 2147 367 135 12096 368
is_linear=0
shrinkage=0.05


Tree=54
num_leaves=31
num_cat=0
split_feature=0 120 99 16 126 0 112 141 36 91 92 94 1 28 105 18 4 86 138 49 81 2 2 30 2 134 134 105 23 47
split_gain=0.0203554 0.0439272 0.0105125 0.0408425 0.00953496 0.0198351 0.0406348 0.00986409 0.00652934 0.00932397 0.00578514 0.00383625 0.00919369 0.00990907 0.00478984 0.00545636 0.004177 0.00538895 0.00731447 0.00366699 0.00342225 0.0066405 0.00511345 0.00338992 0.00337433 0.00345539 0.00350613 0.00563626 0.00297374 0.00282473
threshold=0.41135000000000005 268.60951250000005 2.3500000000000232 17.135000000000005 2.5000000000000004 0.17210000000000003 271.90024630000011 35.775000000000013 265.09447335000004 11.350000000000003 1.0000000180025095e-35 13.500000000000002 0.22162306700000003 39.250000000000007 14.500000000000002 0.00027500000000000007 0.0024749575000000005 15.500000000000002 3.9650000000000003 974.55000000000007 40.050000000000004 0.0031384280000000004 0.00015051900000000003 -0.64285714285714468 8.5250000000000026e-05 7.3000000000000007 10.195000000000002 29.500000000000004 22.361111111111114 70.500000000000014
decision_type=2 10 2 2 2 2 10 2 2 2 2 2 2 2 2 2 2 2 2 2 2 2 2 2 2 2 2 2 2 2
left_child=2 -2 11 4 7 8 -7 -4 -6 -10 28 -1 14 29 20 -16 -17 18 -18 -15 22 -22 -13 -24 -12 -26 27 -27 -11 -14
right_child=1 -3 3 -5 5 6 -8 -9 9 10 24 12 13 19 15 16 17 -19 -20 -21 21 -23 23 -25 25 26 -28 -29 -30 -31
leaf_value=-2.9827877071143134e-05 -0.00010136458428626481 0.0017721720395139509 -2.7746290797390079e-05 0.001073445321834879 -4.6157938145001562e-05 0 0.0015879299357766286 -0.00089024658391840964 0.00063451180957726356 0.00057708156280055205 0 -3.0483585233529121e-05 0.00023795889078196612 0.00013155363233618476 0.00055179425778359556 -9.798185091351483e-06 0.00075857554818677304 0 0.00014419544929849032 0.00082474358951764972 -6.6687988624252972e-05 -0.00050710748684290553 0 0.00065035433616739136 -4.5986579756976832e-05 0.00058046561266579262 5.8608903037425143e-05 0 3.510605822906227e-05 -0.00026375396102472831
leaf_weight=13681 69 50 129 99 1331 96 63 51 78 84 1373 423 50 50 54 1414 66 386 320 85 958 100 55 50 125 125 212 58 67 59
leaf_count=13681 69 50 129 99 1331 96 63 51 78 84 1373 423 50 50 54 1414 66 386 320 85 958 100 55 50 125 125 212 58 67 59
internal_value=2.93307e-06 0.000652377 -4.36898e-07 7.37447e-05 4.60506e-05 6.49238e-05 0.000611302 -0.000303314 3.81475e-05 9.3379e-05 6.9984e-05 -1.69823e-05 2.49656e-05 0.000322236 4.62163e-06 5.28894e-05 3.80322e-05 0.000132006 0.000263853 0.000607626 -6.03895e-05 -0.000113477 3.65472e-05 0.000351496 4.31247e-05 0.0001515 0.000226581 0.000392621 0.00037131 0
internal_weight=21761 119 21642 3891 3792 3612 159 180 3453 2122 2044 17751 4070 244 3826 2240 2186 772 386 135 1586 1058 528 105 1893 520 395 183 151 109
internal_count=21761 119 21642 3891 3792 3612 159 180 3453 2122 2044 17751 4070 244 3826 2240 2186 772 386 135 1586 1058 528 105 1893 520 395 183 151 109
is_linear=0
shrinkage=0.05


Tree=55
num_leaves=31
num_cat=0
split_feature=126 14 9 122 95 0 77 136 2 29 23 66 118 104 133 136 29 24 119 28 91 75 16 133 19 46 69 29 134 135
split_gain=0.0167559 0.164479 0.0162038 0.025099 0.0204343 0.0145125 0.0111995 0.00677403 0.00591636 0.00570255 0.00506089 0.00423828 0.00282009 0.00831875 0.0366818 0.00781627 0.00451316 0.00396565 0.00319911 0.0029613 0.0028377 0.00304825 0.00250983 0.00247202 0.00354414 0.00220134 0.00216092 0.00671098 0.00506875 0.00253098
threshold=16.500000000000004 0.063300284000000012 0.89083333333333348 2.5000000000000004 1.5000000000000002 0.17210000000000003 272.44644055000003 0.21500000000000002 0.048280649000000009 47.050000000000004 22.361111111111114 9.8250000000000028 7.3500000000000005 20.050000000000008 87.815000000000012 0.055000000000000007 49.95000000000001 31.350000000000005 8.2500000000000018 44.050000000000004 24.650000000000002 20.850000000000005 1.4950000000000003 82.945000000000007 -0.0043414285714285699 82.500000000000014 292.05606125000003 24.850000000000005 7.5850000000000009 0.25000000000000006
decision_type=2 2 2 2 2 2 2 2 2 2 2 2 10 2 2 2 2 2 10 2 2 2 2 2 2 2 2 2 2 2
left_child=1 2 25 6 5 10 -4 9 12 -6 -5 -9 -2 16 15 -15 19 -17 -18 23 -21 -22 -20 26 -25 -1 29 28 -28 -14
right_child=8 -3 3 4 7 -7 -8 11 -10 -11 -12 -13 13 14 -16 17 18 -19 22 20 21 -23 -24 24 -26 -27 27 -29 -30 -31
leaf_value=-5.2580691876008201e-05 -3.2097696139434856e-05 0.0022121909094266318 0 0.00091650829420805995 3.0069237303299162e-06 0.0015199068907991444 -0.00093642471603565302 -0.00034004863049291696 -0.00039681747063561017 0.00080013508996272693 0.00022022407903405619 0.00012620627627185296 0.00029940828673716171 0.0005783087882688658 0.0013098432807924433 0.00032944765394495338 0 -5.7445214620963186e-06 0.00026769291098637703 -2.3131356865283471e-05 0.00051533395594645609 1.4351989783133626e-05 0 -0.00045339279805525225 -6.4707894489644493e-05 0.00019520638863220732 0.00078520330501935227 0 4.8970533409030047e-05 -3.0661512749075021e-05
leaf_weight=1605 8909 90 72 54 59 56 50 74 100 56 106 126 55 68 62 94 357 931 318 103 74 89 80 78 449 87 51 588 73 6888
leaf_count=1605 8909 90 72 54 59 56 50 74 100 56 106 126 55 68 62 94 357 931 318 103 74 89 80 78 449 87 51 588 73 6888
internal_value=1.66064e-06 0.000125455 4.23273e-05 0.000254688 0.000407743 0.000786206 -0.000368724 0.000130736 -1.36515e-05 0.000437829 0.000490509 -2.22659e-05 -1.13828e-05 5.95297e-06 0.00013267 6.01892e-05 -9.41984e-06 2.04129e-05 0.000106576 -2.03896e-05 0.000140585 0.000274035 0.000203877 -2.62505e-05 -0.000132456 -3.67788e-05 -1.82695e-05 6.25369e-05 0.000395635 -2.7284e-05
internal_weight=21802 2435 2345 653 531 216 122 315 19367 115 160 200 19267 10358 1155 1093 9203 1025 755 8448 266 163 398 8182 527 1692 7655 712 124 6943
internal_count=21802 2435 2345 653 531 216 122 315 19367 115 160 200 19267 10358 1155 1093 9203 1025 755 8448 266 163 398 8182 527 1692 7655 712 124 6943
is_linear=0
shrinkage=0.05


Tree=56
num_leaves=31
num_cat=0
split_feature=126 11 2 69 96 103 2 131 134 104 126 89 2 43 3 133 44 126 128 33 24 120 43 30 145 94 136 85 112 6
split_gain=0.0152866 0.206745 0.0137007 0.0126616 0.0226377 0.00583927 0.004546 0.00280884 0.00276888 0.00273328 0.00584439 0.00728081 0.0107078 0.0160756 0.00414811 0.00410144 0.0317566 0.00250787 0.002179 0.00211814 0.00234622 0.00249557 0.00361502 0.00289148 0.00261357 0.00202888 0.00201723 0.00710619 0.00201145 0.00279435
threshold=15.500000000000002 0.0063192529166666679 0.00015051900000000003 274.59340360000004 40.187500000000007 798.30000000000018 0.048280649000000009 70.596941646336688 10.425000000000002 0.35000000000000009 52.500000000000007 44.050000000000004 0.0016429190000000003 0.37650000000000006 0.1292758105 88.200000000000003 982.50000000000011 46.500000000000007 9.1911065815618631 0.50894345134001495 53.400000000000006 269.61090145000009 0.31750000000000006 -2.4542857142857133 0.075000000000000025 16.500000000000004 0.015000000000000001 266.46373065000006 276.49067070000007 0.0096277777777777785
decision_type=2 2 2 2 2 2 2 2 2 2 2 2 2 2 2 2 2 2 2 2 2 10 2 2 2 2 2 2 10 2
left_child=1 2 -1 4 -4 -5 9 -7 -6 -2 11 12 14 -14 19 26 -17 -16 -13 20 21 22 -11 -24 -25 -15 27 -12 -9 -30
right_child=6 -3 3 5 8 7 -8 28 -10 10 15 18 13 25 17 16 -18 -19 -20 -21 -22 -23 23 24 -26 -27 -28 -29 29 -31
leaf_value=-3.1607949943079741e-05 -6.6126605145687206e-05 0.0027811184741759962 0.0013528615016002732 -0.00027910864472939099 0.00038454647889334917 -2.6479366065289533e-05 -0.00034688632256053527 0 0 0 0.00049175751121947539 -0.00012302494164477087 0.00093552728389994686 0.00024119126210946342 0.00031152210509288129 -0.00032178644628018247 0.0011257830688320551 0 6.6817041472907286e-06 -4.0415916401198874e-05 -2.4573563636884398e-05 0 7.7342300981399613e-05 0.00065109109660509005 6.8321733353793841e-05 -0.0001379585322533865 -2.5048724184619513e-05 -6.3847333465393889e-05 4.5434822900193359e-05 0.00069976600059480588
leaf_weight=1667 1986 70 63 93 89 64 101 50 78 118 84 406 96 70 249 89 61 53 1306 527 283 263 114 93 51 56 13377 142 50 53
leaf_count=1667 1986 70 63 93 89 64 101 50 78 118 84 406 96 70 249 89 61 53 1306 527 283 263 114 93 51 56 13377 142 50 53
internal_value=1.64761e-06 0.00012442 3.66704e-05 0.000256359 0.000538265 3.0068e-05 -1.24196e-05 0.000186181 0.000194976 -1.04053e-05 -3.76907e-06 5.17813e-05 0.000117631 0.000448462 7.2601e-05 -1.90195e-05 0.000237336 0.000243678 -2.12132e-05 3.33535e-05 8.09341e-05 0.000135439 0.000218379 0.000322972 0.000481071 3.35507e-05 -2.22312e-05 0.000121891 0.000307198 0.000433698
internal_weight=21802 2277 2207 540 230 310 19525 217 167 19424 17438 3685 1973 222 1751 13753 150 302 1712 1449 922 639 376 258 144 126 13603 226 153 103
internal_count=21802 2277 2207 540 230 310 19525 217 167 19424 17438 3685 1973 222 1751 13753 150 302 1712 1449 922 639 376 258 144 126 13603 226 153 103
is_linear=0
shrinkage=0.05


Tree=57
num_leaves=31
num_cat=0
split_feature=126 14 6 122 95 0 91 136 2 103 2 103 43 103 85 83 104 1 13 87 103 28 43 104 133 2 117 8 6 137
split_gain=0.0138521 0.135782 0.0135039 0.0218083 0.0174536 0.0121634 0.01058 0.00572316 0.00486809 0.00450647 0.00445097 0.00430785 0.00373809 0.00247551 0.008348 0.0261682 0.00364587 0.00362891 0.00469864 0.00363261 0.00686728 0.0156888 0.00355524 0.00279909 0.00310684 0.00309931 0.00753454 0.002713 0.00284519 0.00242926
threshold=16.500000000000004 0.063300284000000012 0.0056006944444444455 2.5000000000000004 1.5000000000000002 0.17210000000000003 23.250000000000004 0.21500000000000002 0.048280649000000009 1066.9000000000003 0.00015051900000000003 931.00000000000011 0.33350000000000007 2531.5500000000006 263.75733265000002 13.750000000000002 0.35000000000000009 0.015639679500000003 0.001647769125 5.5000000000000009 1742.1500000000003 21.800000000000004 0.30850000000000005 19.550000000000008 86.175000000000026 0.0006863590000000001 0.25000000000000006 0.0090637513184724586 0.019577083333333339 1.5750000000000004
decision_type=2 2 2 2 2 2 2 2 2 2 2 2 2 2 2 2 2 2 2 2 2 2 2 2 2 2 10 2 2 2
left_child=1 2 -1 6 5 10 -4 9 13 -6 -5 -12 -9 14 15 -2 -16 23 19 20 21 -19 -23 25 29 -18 -27 -22 -29 -25
right_child=8 -3 3 4 7 -7 -8 12 -10 -11 11 -13 -14 -15 16 -17 17 18 -20 -21 27 22 -24 24 -26 26 -28 28 -30 -31
leaf_value=-3.5756115197869942e-05 0.0013039251826975327 0.0020102454939822582 -0.00088290149959988724 0 0 0.0013978205892674037 0 -0.00034615465881870482 -0.00036000045324159364 0.00071564662180996193 0.00094650080435419986 0.00015857164465789817 0.00010244391581591118 -2.9128150063183457e-05 -6.1675417914161076e-05 0 -3.5344932890105239e-05 0.0010914042826784267 -2.9369078207960666e-05 -5.1472157716176068e-05 0.00032575485047984972 0.00032868058952478498 6.0578149344176045e-05 -1.0566926573829917e-05 0.00035087861805589894 0 0.00062740746863113842 -2.5713041885541679e-05 0.00030679074528423784 0.00016843648547771551
leaf_weight=1664 50 90 52 51 56 56 76 63 100 59 58 51 159 9172 1927 147 4248 54 810 243 73 253 357 648 91 169 60 650 70 245
leaf_count=1664 50 90 52 51 56 56 76 63 100 59 58 51 159 9172 1927 147 4248 54 810 243 73 253 357 648 91 169 60 650 70 245
internal_value=1.5928e-06 0.000114168 3.84402e-05 0.000226854 0.000367335 0.000722357 -0.000339451 0.000123527 -1.23082e-05 0.000409613 0.000447675 0.000628084 -3.42095e-06 -1.02255e-05 6.45477e-06 0.000327915 0 1.49461e-05 6.49026e-05 0.000112751 0.000143586 0.000263457 0.000180314 -7.1073e-06 6.78764e-05 -2.4716e-05 0.00015001 3.67113e-05 5.95737e-08 3.30844e-05
internal_weight=21802 2435 2345 681 553 216 128 337 19367 115 160 109 222 19267 10095 197 9898 7971 2510 1700 1457 664 610 5461 984 4477 229 793 720 893
internal_count=21802 2435 2345 681 553 216 128 337 19367 115 160 109 222 19267 10095 197 9898 7971 2510 1700 1457 664 610 5461 984 4477 229 793 720 893
is_linear=0
shrinkage=0.05


Tree=58
num_leaves=31
num_cat=0
split_feature=2 82 0 110 126 100 133 0 6 155 104 126 2 90 23 28 105 0 86 138 91 30 88 128 2 0 18 0 15 103
split_gain=0.0134923 0.0721577 0.0132519 0.0404586 0.00631696 0.00658512 0.0116209 0.0125464 0.00649263 0.00378388 0.00314291 0.00629555 0.0105507 0.0138831 0.0121909 0.00479635 0.00406389 0.0072052 0.00564105 0.00545197 0.00316314 0.00293423 0.00316686 0.00288607 0.00260046 0.00259012 0.00213276 0.00211882 0.0020583 0.00205386
threshold=0.048280649000000009 20.170000000000005 0.41135000000000005 19.850000000000005 1.5000000000000002 5.8000000000000123 86.175000000000026 0.17210000000000003 0.0053861111111111115 1.0000000180025095e-35 0.35000000000000009 52.500000000000007 0.00015051900000000003 26.162244897959187 22.361111111111114 37.70000000000001 14.500000000000002 0.0060500000000000007 9.5000000000000018 4.6950000000000012 16.050000000000004 -3.4814285714285709 25.762500000000006 11.268069683886246 0.00061999500000000014 0.15060000000000004 0.00013541666666666669 0.029700000000000001 0.00086145833333333354 1483.4500000000003
decision_type=2 2 2 8 2 2 2 2 2 2 2 2 2 2 2 2 2 2 2 2 2 2 2 2 2 2 2 2 2 2
left_child=2 -2 4 -4 8 10 7 9 -1 21 -6 12 15 14 -14 20 28 -18 19 -19 26 22 -7 29 -16 -22 -12 -23 -15 -17
right_child=1 -3 3 -5 5 6 -8 -9 -10 -11 11 -13 13 16 24 23 17 18 -20 -21 25 27 -24 -25 -26 -27 -28 -29 -30 -31
leaf_value=-3.7582858401064829e-05 0.0018032936480976158 -0.00067543668928140383 0.0015849814912899792 -0.00022005300531899969 -6.2217545205736925e-05 0 0.00078040098081223503 0.00066451161160187777 -0.00079454569925277896 -1.6736352098948586e-05 0.00040474016180994208 -2.1672016604132215e-05 0.0010994608176090126 -0.00031792116876091961 0 0.00046240860671307679 0.00069032318266660077 0.00066705289110451722 0 2.1272402246400053e-05 -2.1408040669235692e-05 0 0.00048822032266031658 0 0.00038158612810630898 -0.00032812154638294666 4.8858584575934072e-06 0.00020794693229908741 0 0
leaf_weight=100 57 55 51 67 2611 54 58 82 50 1282 68 12210 68 72 57 109 56 71 482 92 2755 396 101 125 131 73 119 168 131 51
leaf_count=100 57 55 51 67 2611 54 58 82 50 1282 68 12210 68 72 57 109 56 71 482 92 2755 396 101 125 131 73 119 168 131 51
internal_value=1.57795e-06 0.000546607 -1.03096e-06 0.000524836 -4.16345e-06 -1.65711e-06 8.1235e-05 5.90028e-05 -0.000326607 3.13723e-05 -1.11247e-05 -2.81888e-06 4.76672e-05 0.000177338 0.000505418 5.31423e-07 7.84494e-05 0.000138658 8.20275e-05 0.000335403 -1.65014e-05 0.000124 0.00032419 0.000197631 0.000259416 -3.12059e-05 0.000178263 5.96573e-05 -0.000104615 0.000337931
internal_weight=21802 112 21690 118 21572 21422 2141 2083 150 2001 19281 16670 4460 1160 256 3300 904 701 645 163 3015 719 155 285 188 2828 187 564 203 160
internal_count=21802 112 21690 118 21572 21422 2141 2083 150 2001 19281 16670 4460 1160 256 3300 904 701 645 163 3015 719 155 285 188 2828 187 564 203 160
is_linear=0
shrinkage=0.05


Tree=59
num_leaves=31
num_cat=0
split_feature=19 82 0 116 100 133 112 0 69 46 3 58 91 141 103 12 28 50 137 19 89 137 1 94 6 112 132 30 14 51
split_gain=0.0120937 0.0653436 0.0118836 0.0368124 0.00383367 0.0115119 0.00886315 0.0208389 0.00939797 0.00572281 0.002974 0.00254764 0.00638389 0.00307275 0.00265619 0.00253817 0.00233123 0.0031228 0.00249615 0.00423115 0.00218551 0.0015443 0.00144832 0.00459986 0.0051686 0.00529903 0.00554786 0.00329769 0.00464834 0.00650371
threshold=0.018424285714285716 20.170000000000005 0.41135000000000005 274.97020270000007 4.5999999999999668 87.815000000000012 274.18282710000005 0.16045000000000001 277.19072860000006 82.500000000000014 0.097082319000000014 8.3499999999999996 18.450000000000003 33.755000000000003 1467.2500000000002 0.071302525500000005 7.0500000000000007 1015.2500000000001 0.055000000000000007 -0.0010057142857142853 49.550000000000004 18.300000000000004 0.014431197500000001 13.500000000000002 0.027309027777777779 278.96782025000005 6.5000000000000009 -1.7857142857142867 0.010832281500000001 2.5000000000000004
decision_type=2 2 2 10 2 2 10 2 2 2 2 2 2 2 2 2 2 2 2 2 2 2 2 2 2 10 2 2 2 2
left_child=2 -2 4 -4 11 6 8 9 16 10 -8 21 -13 -14 -15 -12 17 -6 19 -18 -20 22 -1 -24 25 26 27 28 -25 -30
right_child=1 -3 3 -5 5 -7 7 -9 -10 -11 15 12 13 14 -16 -17 18 -19 20 -21 -22 -23 23 24 -26 -27 -28 -29 29 -31
leaf_value=-3.1223575557355671e-05 0.0017146834739632422 -0.00064226792321278483 -0.00019802196644614809 0.0015257729753890695 0.00040548719978283372 0.00076781097927812014 0 0.0010337635550173357 -0.00068419881326240014 0.00051169819010118034 0.00035594582387077725 0.00053031323323565359 -1.3313387293231549e-05 0 0.00039859751723635942 0 0.00045209988896572587 0 -3.6687486354120588e-05 0 0.00024700861627052566 0.00019535851566938102 -2.5869816204723304e-05 1.0071397656051256e-05 -0.00020924280018107312 1.8089684602762289e-05 -1.0725305542213847e-05 0.00017225102596314117 0.00015819973882081777 0.0010699764175073905
leaf_weight=10842 57 55 68 50 80 53 648 64 50 76 122 68 749 58 91 50 73 91 2560 230 65 78 4162 50 127 717 130 226 51 61
leaf_count=10842 57 55 68 50 80 53 648 64 50 76 122 68 749 58 91 50 73 91 2560 230 65 78 4162 50 127 717 130 226 51 61
internal_value=1.55701e-06 0.000517563 -9.00708e-07 0.000497066 -3.8793e-06 3.89035e-05 2.81006e-05 0.000161367 -1.09778e-05 9.23956e-05 4.68673e-05 -1.43957e-05 6.3285e-05 2.18076e-05 0.0002306 0.000231086 0 0.000178999 -1.04041e-05 0.000122304 -2.76672e-05 -1.92667e-05 -2.06069e-05 0 7.99559e-05 0.000113886 0.00023656 0.000332081 0.000521954 0.000704114
internal_weight=21802 112 21690 118 21572 4162 4109 960 3149 896 820 17410 966 898 149 172 3099 171 2928 303 2625 16444 16366 5524 1362 1235 518 388 162 112
internal_count=21802 112 21690 118 21572 4162 4109 960 3149 896 820 17410 966 898 149 172 3099 171 2928 303 2625 16444 16366 5524 1362 1235 518 388 162 112
is_linear=0
shrinkage=0.05


Tree=60
num_leaves=31
num_cat=0
split_feature=1 34 120 16 123 1 1 2 46 48 94 29 105 29 49 142 85 116 83 23 14 14 93 95 1 30 19 24 132 25
split_gain=0.0170689 0.0502525 0.00889884 0.113065 0.011974 0.0244733 0.0125025 0.0118789 0.00733894 0.00291891 0.00289132 0.00950403 0.00435065 0.0108674 0.0038808 0.00281833 0.00314466 0.00272452 0.0253426 0.00337871 0.00225826 0.00386394 0.00577723 0.00290154 0.0029839 0.00223937 0.00205949 0.00203237 0.00198427 0.00183316
threshold=0.61966513750000007 -0.16468795593760752 284.74030595000005 17.135000000000005 0.60355339059327384 0.18566585150000003 0.28472060800000004 0.048280649000000009 95.500000000000014 14.500000000000002 13.500000000000002 51.250000000000007 15.500000000000002 26.350000000000005 973.05000000000007 651.48882107058023 264.01827330000009 266.8941885000001 11.350000000000003 18.584722222222226 0.03607002950000001 0.021256709500000002 266.54777490000009 15.500000000000002 0.28472060800000004 -2.9028571428571417 0.0025757142857142806 55.000000000000007 6.5000000000000009 27.500000000000004
decision_type=2 2 10 2 2 2 2 2 2 2 2 2 2 2 2 2 2 8 2 2 2 2 2 2 2 2 2 2 2 2
left_child=2 -2 7 4 6 8 15 10 -6 -9 17 12 26 -14 -13 -4 -17 18 -1 -20 21 23 27 24 29 -16 -12 -23 -24 -15
right_child=1 -3 3 -5 5 -7 -8 9 -10 -11 11 14 13 20 25 16 -18 -19 19 -21 -22 22 28 -25 -26 -27 -28 -29 -30 -31
leaf_value=0.00098016377234328659 -0.00019008937216288336 0.0018030669194687267 -4.0101082184092154e-05 0.0023787704695132561 1.610373268667265e-05 0.001295452480419324 -0.00078779219372476165 -0.00084130592774062497 0.00065685076426928984 -0.00015573480737917375 -5.9948111824290322e-05 0 0.00071187103982083509 3.5097709323868935e-05 6.2469480071054281e-05 0.00044989321003728751 3.8335467568881817e-05 -2.5877941868709419e-05 0.00035688584120685448 -1.762150515919633e-05 -7.1906042104138642e-05 0.0002282686925707861 0.00045659650295699699 -0.00029272912475216675 0.00040674537589759844 0.00059020500369661019 0.00019965290727264398 -4.0214440678915354e-05 3.6558690182359626e-05 -0.00015215983719068997
leaf_weight=68 73 50 1143 52 343 51 51 51 54 55 1793 66 61 1105 52 61 352 13525 62 1360 375 91 168 72 50 119 71 245 67 143
leaf_count=68 73 50 1143 52 343 51 51 51 54 55 1793 66 61 1105 52 61 352 13525 62 1360 375 91 168 72 50 119 71 245 67 143
internal_value=2.83613e-06 0.000587821 -2.75356e-07 9.71014e-05 3.58049e-05 0.0002651 -2.51337e-05 -1.10034e-05 0.000117252 -0.000537094 -7.85872e-06 2.69468e-05 8.47903e-06 5.43061e-05 0.000334987 0 0.00011214 -1.8573e-05 4.43543e-05 0 3.45291e-05 5.76934e-05 0.00016741 8.22891e-06 2.89847e-05 0.00046009 -4.72772e-05 1.81245e-05 0.00035869 9.53327e-06
internal_weight=21829 123 21706 2107 2055 448 1607 19599 397 106 19493 4478 4241 2377 237 1556 413 15015 1490 1422 2316 1941 571 1370 1298 171 1864 336 235 1248
internal_count=21829 123 21706 2107 2055 448 1607 19599 397 106 19493 4478 4241 2377 237 1556 413 15015 1490 1422 2316 1941 571 1370 1298 171 1864 336 235 1248
is_linear=0
shrinkage=0.05


Tree=61
num_leaves=31
num_cat=0
split_feature=126 11 103 0 1 2 9 14 3 101 29 112 133 34 93 69 18 119 93 21 114 22 128 0 29 56 56 136 85 86
split_gain=0.0158763 0.207945 0.00795233 0.0247781 0.0106529 0.00654982 0.00649755 0.00332335 0.00288939 0.00259107 0.00513053 0.00425017 0.00249055 0.0170137 0.00258496 0.00238857 0.00452452 0.00354465 0.00437735 0.00203658 0.00237038 0.00343508 0.00299653 0.00199798 0.00218999 0.00306835 0.00130737 0.00130135 0.00954476 0.00125049
threshold=13.500000000000002 0.0063192529166666679 839.1500000000002 0.16045000000000001 0.12674304500000003 0.048280649000000009 1.098541666666667 0.03607002950000001 0.015024591000000002 -12.723865099999982 28.450000000000003 272.91225770000005 88.200000000000003 0.083400105935151944 265.96625505000003 292.05606125000003 0.064287500000000011 5.8500000000000005 265.09898585000008 0.49305555555555564 32.250000000000007 6.5000000000000009 10.047674471911776 0.12235000000000001 53.70000000000001 -4.5561894499999758 -7.2716990999999771 0.015000000000000001 266.46373065000006 12.500000000000002
decision_type=2 2 2 2 2 2 2 2 2 2 2 10 2 2 2 2 2 8 2 2 10 2 2 2 2 2 2 2 2 2
left_child=1 2 4 7 6 9 -1 8 -4 10 11 -2 15 14 -14 19 17 18 -17 20 27 22 -22 24 -21 -26 -7 28 -11 -24
right_child=5 -3 3 -5 -6 26 -8 -9 -10 12 -12 -13 13 -15 -16 16 -18 -19 -20 23 21 -23 29 -25 25 -27 -28 -29 -30 -31
leaf_value=-4.0362203757862576e-05 0.00060411905102089906 0.002855777148198446 0 0.0011573945163650806 -0.00071503659452948917 -0.00062071242643959039 0.0005371747793590961 -0.00014415582788099111 0.00020066526867577999 0.0006578194215041349 0 0 -0.0003931205754862259 0.00087181675920098797 2.9907323947925522e-06 0.00058013082715705595 0.00050561609665270566 -9.8614424112531459e-06 1.9153523316517125e-05 -3.2128457694408572e-05 0 0 0.00040953753564726945 -0.00013861989838112799 0.0004493427427440654 -6.7016766358089264e-06 -9.5913035400131639e-05 -1.2908042951628542e-05 -8.3904997141265393e-05 3.7513364004553291e-05
leaf_weight=962 78 67 254 57 56 51 50 125 432 58 309 65 50 60 102 60 54 837 130 8244 89 515 144 466 56 50 52 8157 134 65
leaf_count=962 78 67 254 57 56 51 50 125 432 58 309 65 50 60 102 60 54 837 130 8244 89 515 144 466 56 50 52 8157 134 65
internal_value=2.77132e-06 0.00013707 3.8975e-05 0.000152732 -4.88587e-05 -1.05507e-05 -6.38982e-06 7.46251e-05 0.00012192 -8.20467e-06 0.00010898 0.000355575 -1.12182e-05 0.000156994 -9.63471e-05 -1.33597e-05 5.77099e-05 2.88261e-05 0.000224592 -1.79142e-05 -8.41939e-07 7.99815e-05 0.000214795 -3.50872e-05 -2.86946e-05 0.000189446 -0.000407312 -9.31972e-06 0.000116498 0.000318375
internal_weight=21829 2003 1936 868 1068 19826 1012 811 686 19723 452 143 19271 212 152 19059 1081 1027 190 17978 9162 813 298 8816 8350 106 103 8349 192 209
internal_count=21829 2003 1936 868 1068 19826 1012 811 686 19723 452 143 19271 212 152 19059 1081 1027 190 17978 9162 813 298 8816 8350 106 103 8349 192 209
is_linear=0
shrinkage=0.05


Tree=62
num_leaves=31
num_cat=0
split_feature=0 110 2 114 126 6 99 56 0 126 140 2 88 43 27 19 44 141 81 40 17 137 4 94 21 96 15 120 83 21
split_gain=0.0147627 0.0476096 0.00824042 0.0608576 0.00543435 0.00586535 0.00523789 0.00840018 0.0149405 0.00901586 0.0163035 0.00372848 0.00352735 0.00459095 0.00345248 0.00244015 0.00209086 0.00442768 0.0100116 0.00196285 0.003524 0.00179669 0.00174146 0.00304459 0.0039987 0.00367475 0.00294728 0.00397649 0.00245013 0.00366744
threshold=0.41135000000000005 17.550000000000004 0.048280649000000009 19.550000000000004 1.5000000000000002 0.0052993055555555562 2.3500000000000232 -7.1493935499999841 0.17210000000000003 71.500000000000014 72.420000000000002 0.00015051900000000003 29.837500000000006 0.39850000000000008 1338.1000000000001 -0.0026514285714285715 1507.5000000000002 38.640000000000008 36.850000000000001 0.045000000000000005 0.025950000000000004 18.300000000000004 0.0024749575000000005 9.5000000000000018 0.52083333333333337 48.862500000000004 0.00011562500000000002 268.60951250000005 21.050000000000004 0.25694444444444448
decision_type=2 8 2 10 2 2 2 2 2 2 2 2 2 2 2 2 2 2 2 2 2 2 2 2 2 2 2 10 2 2
left_child=2 -2 4 -4 5 -1 16 -8 9 11 14 -9 13 15 -11 -13 21 19 -19 -18 -21 22 -6 -24 28 26 27 -26 29 -25
right_child=1 -3 3 -5 6 -7 7 8 -10 10 -12 12 -14 -15 -16 -17 17 18 -20 20 -22 -23 23 24 25 -27 -28 -29 -30 -31
leaf_value=-2.1062446380989168e-05 0.0017311284376902382 -0.00020944202614938719 -0.00053917157193847322 0.001735964932957751 -3.089532299487509e-05 -0.00074571269997464069 -2.327647567288907e-05 0 0.00076133992128759719 0.00043150705722809745 0.0011170434536500672 0.00039960710744176497 0 0.0007384085141529796 0 0 -8.1099197285650367e-07 0 0.00079111533512391885 0 0.00052070865120257108 0.0002192798153115291 -2.1044240794589119e-05 0 0 -0.0003642623223182138 -5.111107719581441e-05 0.00049133883408558176 5.8387061067104209e-05 0.00040626195426027512
leaf_weight=97 50 73 64 50 11162 50 1794 1222 89 65 57 64 156 51 148 132 2169 151 60 52 50 74 2735 94 84 68 330 68 387 183
leaf_count=97 50 73 64 50 11162 50 1794 1222 89 65 57 64 156 51 148 132 2169 151 60 52 50 74 2735 94 84 68 330 68 387 183
internal_value=2.65189e-06 0.000546684 -2.25642e-07 0.000421635 -2.70394e-06 -0.000304699 -3.8658e-07 5.27982e-05 0.000124083 9.11314e-05 0.000360763 4.30616e-05 0.000174744 0.000292063 0.00013074 0.000147383 -1.20452e-05 2.97107e-05 0.000249042 7.03108e-06 0.000220723 -1.9201e-05 -2.07142e-05 6.79795e-06 7.36041e-05 -1.8141e-05 2.09905e-05 0.000209518 0.00015703 0.000276153
internal_weight=21829 123 21706 114 21592 147 21445 3778 1984 1895 270 1625 403 247 213 196 17667 2482 211 2271 102 15185 15111 3949 1214 550 482 152 664 277
internal_count=21829 123 21706 114 21592 147 21445 3778 1984 1895 270 1625 403 247 213 196 17667 2482 211 2271 102 15185 15111 3949 1214 550 482 152 664 277
is_linear=0
shrinkage=0.05


Tree=63
num_leaves=31
num_cat=0
split_feature=126 11 103 0 1 2 9 14 3 101 29 77 133 33 43 69 18 119 131 14 14 119 96 0 7 21 2 96 21 90
split_gain=0.0138892 0.184219 0.00683769 0.0211886 0.00980502 0.00662877 0.00583286 0.00293498 0.00249996 0.00225397 0.00456009 0.00414145 0.00214825 0.0176838 0.00445524 0.00207029 0.00393774 0.00313222 0.00432284 0.00189955 0.00206507 0.00225173 0.00203078 0.00179715 0.00169988 0.00142541 0.00181867 0.00352838 0.00403149 0.00263039
threshold=13.500000000000002 0.0063192529166666679 839.1500000000002 0.16045000000000001 0.12674304500000003 0.048280649000000009 1.098541666666667 0.03607002950000001 0.015024591000000002 -12.723865099999982 28.450000000000003 272.7879183500001 88.200000000000003 -0.88484690678890965 0.37350000000000005 292.05606125000003 0.064287500000000011 5.8500000000000005 66.097061926189738 0.03607002950000001 0.020547432000000001 15.850000000000003 48.212500000000013 0.019050000000000004 0.070200000000000026 0.52083333333333337 9.4850000000000015e-05 36.412500000000009 0.25694444444444448 27.578571428571433
decision_type=2 2 2 2 2 2 2 2 2 2 2 2 2 2 2 2 2 8 2 2 2 10 2 2 2 2 2 2 2 2
left_child=1 2 4 7 6 9 -1 8 -4 10 11 -2 15 -14 -15 19 17 18 -17 20 22 -22 25 -24 -23 26 -11 -28 -29 -30
right_child=5 -3 3 -5 -6 -7 -8 -9 -10 12 -12 -13 13 14 -16 16 -18 -19 -20 -21 21 24 23 -25 -26 -27 27 28 29 -31
leaf_value=-3.7016047279425755e-05 0.00059374985760853949 0.002687138992238461 0 0.0010708017873674116 -0.00068446387151325648 -0.00040893557020283951 0.00051035772218175929 -0.00013616317288006754 0.00018655874329097879 -1.525712579838413e-05 0 0 0.0008921367843177611 3.7391890252668718e-05 -0.00050033656621178361 0.00052480526156023185 0.0004719349289936707 -9.5954666210170929e-06 0 -6.5641160700505763e-05 1.2508038600241243e-05 0 -2.8283519807571014e-05 -0.00037606643956300485 0.00031771095418913197 -3.3915699602333906e-05 1.1583060374031291e-05 -8.2614247999228526e-06 0.00053151942715858513 6.906765582366996e-06
leaf_weight=962 74 67 254 57 56 103 50 125 432 5476 309 69 58 104 50 69 54 837 121 1816 2413 111 146 76 115 6052 1534 81 100 58
leaf_count=962 74 67 254 57 56 103 50 125 432 5476 309 69 58 104 50 69 54 837 121 1816 2413 111 146 76 115 6052 1534 81 100 58
internal_value=2.56151e-06 0.000128187 3.57049e-05 0.000141304 -4.54936e-05 -9.8839e-06 -4.55894e-06 6.85795e-05 0.000113309 -7.52579e-06 0.000101713 0.000334236 -1.03526e-05 0.000145751 -0.000107039 -1.23589e-05 5.37361e-05 2.64456e-05 0.000210613 -1.6614e-05 -1.07921e-05 2.89181e-05 -1.89128e-05 -0.000170918 0.000181275 -1.59872e-05 -3.26863e-07 4.29501e-05 0.000222556 0.000371641
internal_weight=21829 2003 1936 868 1068 19826 1012 811 686 19723 452 143 19271 212 154 19059 1081 1027 190 17978 16162 2639 13523 222 226 13301 7249 1773 239 158
internal_count=21829 2003 1936 868 1068 19826 1012 811 686 19723 452 143 19271 212 154 19059 1081 1027 190 17978 16162 2639 13523 222 226 13301 7249 1773 239 158
is_linear=0
shrinkage=0.05


Tree=64
num_leaves=31
num_cat=0
split_feature=1 114 2 114 61 11 100 133 61 3 46 30 141 93 49 104 129 104 125 22 56 89 1 112 135 88 13 119 76 56
split_gain=0.0126198 0.045516 0.0075776 0.0542817 0.00403109 0.0294761 0.00569629 0.011064 0.0109523 0.0242039 0.00572019 0.00246489 0.00464078 0.00334808 0.00372411 0.00212765 0.00357702 0.00196951 0.00248687 0.00589592 0.00925637 0.00654124 0.00276472 0.0034784 0.00188026 0.00624235 0.0018035 0.00176232 0.0018809 0.00158321
threshold=0.61966513750000007 22.950000000000003 0.048280649000000009 19.550000000000004 65.15000000000002 0.0043538217083333346 4.6999999999999895 87.745000000000019 243.40000000000006 0.25403659950000007 90.500000000000014 -3.5114285714285698 33.955000000000005 263.87922690000011 992.75000000000011 22.950000000000006 6.5000000000000009 0.35000000000000009 2.5000000000000004 6.5000000000000009 10.581294800000025 47.550000000000004 0.010746629000000002 278.16336690000009 0.25000000000000006 21.187500000000004 0.00073290316666666671 5.7500000000000009 4.8500000000000014 -7.3351579499999664
decision_type=2 10 2 10 2 2 2 2 2 2 2 2 2 2 2 2 2 2 2 2 2 2 2 10 2 2 2 10 2 2
left_child=2 -2 4 -4 5 -1 17 8 9 10 -8 12 -10 -14 -15 -13 -17 -6 19 20 21 22 -19 -24 25 -20 -23 28 -21 -18
right_child=1 -3 3 -5 6 -7 7 -9 11 -11 -12 15 13 14 -16 16 29 18 24 27 -22 26 23 -25 -26 -27 -28 -29 -30 -31
leaf_value=-1.4961705593405524e-05 -0.00023318775142330643 0.0016653820971801977 -0.0004996403228187074 0.0016466315026856118 -5.4132740309917003e-05 -0.0012816050842229742 6.5962446792826657e-05 0.00073664423660860245 -2.3949559120044034e-06 0.0011681916499658236 0.00063573155307398554 -4.0112090158394718e-05 0 0.00065461161467182032 1.857602202228072e-06 0 2.6403421335567528e-05 0 -1.3989244909345148e-05 0.00035392338392465186 0.00078024271294641545 -0.0003112563263555951 0.00040957790375162307 0.00012253274471665774 -1.8587891019318278e-05 0.00056961425472054855 0 -2.7228402190858269e-05 0 0.00051050169783169023
leaf_weight=556 73 50 64 50 2299 50 576 59 282 62 51 2036 51 80 52 303 58 220 140 62 52 87 172 522 11277 58 170 2141 117 59
leaf_count=556 73 50 64 50 2299 50 576 59 282 62 51 2036 51 80 52 303 58 220 140 62 52 87 172 522 11277 58 170 2141 117 59
internal_value=2.47225e-06 0.000505473 -1.70887e-07 0.000404362 -2.5569e-06 -0.000129647 8.80759e-07 5.76834e-05 4.50012e-05 0.000224224 0.000121208 9.53131e-07 0.000107939 0.000304223 0.000437007 -1.73033e-05 8.1221e-05 -1.08681e-05 -3.90894e-06 3.22492e-05 0.00012145 8.72883e-05 0.000152452 0.000201355 -1.55106e-05 0.000133843 -0.000124775 -1.26513e-05 0.000133109 0.000315152
internal_weight=21829 123 21706 114 21592 606 20986 3669 3610 689 627 2921 465 183 132 2456 420 17317 15018 3543 1223 1171 914 694 11475 198 257 2320 179 117
internal_count=21829 123 21706 114 21592 606 20986 3669 3610 689 627 2921 465 183 132 2456 420 17317 15018 3543 1223 1171 914 694 11475 198 257 2320 179 117
is_linear=0
shrinkage=0.05


Tree=65
num_leaves=31
num_cat=0
split_feature=2 46 0 46 126 58 100 56 83 105 123 1 131 94 89 2 105 103 112 4 29 12 126 0 30 89 139 0 76 120
split_gain=0.0256879 0.0892701 0.0100449 0.0384828 0.00485039 0.00540726 0.00360702 0.00707965 0.0121861 0.0261263 0.00432274 0.00827103 0.0122439 0.00169108 0.0050379 0.0114589 0.00728634 0.00871105 0.0136205 0.00223031 0.00168663 0.00166435 0.00159109 0.00236139 0.00483068 0.00155508 0.00489254 0.00332721 0.00250275 0.00572365
threshold=0.048280649000000009 58.500000000000007 0.41135000000000005 1.0000000180025095e-35 1.5000000000000002 1.1500000000000006 4.6999999999999895 -8.0555266499999885 11.350000000000003 13.500000000000002 0.78656609248549325 0.024989248000000002 87.498255890197527 13.500000000000002 46.800000000000004 0.0024100695000000005 14.500000000000002 1776.0500000000004 283.13367725000006 0.0024749575000000005 45.050000000000004 0.09273153100000002 39.500000000000007 0.00015000000000000004 -1.828571428571429 32.150000000000013 87.760506709764101 0.0073000000000000009 0.55000000000000016 282.08312565000006
decision_type=2 2 2 2 2 2 2 2 2 2 2 2 2 2 2 2 2 2 10 2 2 2 2 2 2 2 2 2 2 10
left_child=2 -2 4 -4 5 -1 13 -8 9 -9 21 -12 -13 25 15 19 -17 18 -18 22 -16 -10 -15 24 -24 28 -27 -28 -6 -30
right_child=1 -3 3 -5 6 -7 7 8 10 -11 11 12 -14 14 20 16 17 -19 -20 -21 -22 -23 23 -25 -26 26 27 -29 29 -31
leaf_value=-2.829487638178478e-05 -0.00045836327000400954 0.0023200397324969753 0.0014609924118660813 -0.00029591221921057727 -1.652511037341398e-05 -0.00071138958337399472 -3.885598887572096e-05 0 3.1277587720889526e-05 0.0010649254640743399 1.2173363227044306e-05 0.0011304007069177784 0.00013253180963227805 -4.4671734747486343e-05 -9.1692486092296232e-05 0 0.0013558142708692078 0 0.00012354350327168162 0.0001019199281643174 6.7177732979616851e-06 -0.00018725265814117107 0 0 0.00061379704723257648 -2.7384103300130786e-05 -7.8157181023164426e-05 -0.00043091540182824779 3.272245007140172e-05 0.00058946470661164945
leaf_weight=108 61 50 53 65 8760 50 1539 131 1569 97 278 51 112 1029 982 87 59 51 52 645 624 87 75 358 52 3575 226 134 728 51
leaf_count=108 61 50 53 65 8760 50 1539 131 1569 97 278 51 112 1029 982 87 59 51 52 645 624 87 75 358 52 3575 226 134 728 51
internal_value=2.73211e-06 0.000758067 -9.48147e-07 0.000456835 -3.71302e-06 -0.000279025 -1.42864e-06 4.2013e-05 9.76863e-05 0.000447325 5.70929e-05 0.000197179 0.000480225 -1.13149e-05 1.64943e-05 6.3163e-05 0.00038501 0.000582327 0.000829434 2.35681e-05 -5.03641e-05 1.66733e-05 -6.55658e-06 6.39479e-05 0.000248289 -1.99711e-05 -4.67075e-05 -0.000224142 -8.41401e-06 7.62908e-05
internal_weight=21739 111 21628 118 21510 158 21352 3864 2325 228 2097 441 163 17488 4014 2408 249 162 111 2159 1606 1656 1514 485 127 13474 3935 360 9539 779
internal_count=21739 111 21628 118 21510 158 21352 3864 2325 228 2097 441 163 17488 4014 2408 249 162 111 2159 1606 1656 1514 485 127 13474 3935 360 9539 779
is_linear=0
shrinkage=0.05


Tree=66
num_leaves=31
num_cat=0
split_feature=2 114 1 120 126 8 100 133 112 1 108 101 1 24 104 126 89 2 43 8 105 11 93 28 93 133 32 76 137 19
split_gain=0.0230911 0.08665 0.00899716 0.0362266 0.00443959 0.00483837 0.00327862 0.00999673 0.00651001 0.0219694 0.00228349 0.00205755 0.00186841 0.00186721 0.00159033 0.0028799 0.00694899 0.012108 0.0137939 0.00334821 0.00338621 0.0029329 0.00482434 0.00204565 0.00181502 0.00360756 0.00259552 0.00277363 0.00145839 0.00256443
threshold=0.048280649000000009 19.550000000000004 0.61966513750000007 270.28405370000002 1.5000000000000002 0.011661718032058904 5.0999999999999668 87.745000000000019 273.83715995000006 0.26475982950000004 272.79786360000008 -11.989414850000001 0.29207440000000007 50.300000000000004 0.35000000000000009 51.500000000000007 44.050000000000004 0.0031384280000000004 0.37550000000000006 0.023719596621339743 17.500000000000004 0.0044942010138888898 270.1055417500001 25.000000000000004 265.60320865000006 21.260000000000002 12.750000000000002 0.45000000000000007 0.065000000000000016 -0.0010057142857142853
decision_type=2 10 2 10 2 2 2 2 10 2 2 2 2 2 2 2 2 2 2 2 2 2 2 2 2 2 2 2 2 2
left_child=2 -2 4 -4 5 -1 14 8 11 10 -10 -8 28 -12 -6 16 17 19 -19 24 -21 23 -23 -18 25 -16 -27 -28 29 -13
right_child=1 -3 3 -5 6 -7 7 -9 9 -11 13 12 -14 -15 15 -17 21 18 -20 20 -22 22 -24 -25 -26 26 27 -29 -30 -31
leaf_value=-1.7893611192500066e-05 -0.00047913888737844725 0.0022589809421961217 -0.00025844775341903335 0.0014565953892912041 -4.7282663646605497e-05 -0.00065809300210174933 0.0002647617399943005 0.00069929775007165462 0.0003020705597640528 0.0011194554834011276 -3.0267944775370937e-05 0.00040418955988570816 -0.00028269700637051408 0.0001433565823248562 -4.0491751241983032e-06 -1.6690774797271122e-05 -6.7825888919149479e-05 0.0012219255786604824 0.00010704223196047348 0.00031218751717155012 2.6378548376125807e-06 -1.3973546163068981e-05 -0.00063029397474514016 3.4577636489077011e-05 -1.3298494067130341e-05 0 0.00058960590130723934 1.5859738393503769e-05 -2.2005177666548333e-05 0
leaf_weight=105 61 50 68 50 2470 53 65 57 100 55 367 55 64 235 257 11518 867 50 87 240 193 126 52 1063 956 79 78 55 2079 184
leaf_count=105 61 50 68 50 2470 53 65 57 100 55 367 55 64 235 257 11518 867 50 87 240 193 126 52 1063 956 79 78 55 2079 184
internal_value=2.62206e-06 0.000718763 -8.55238e-07 0.000432382 -3.48433e-06 -0.000266879 -1.2887e-06 4.45776e-05 3.11553e-05 0.000159488 7.56795e-05 -6.552e-06 -1.61618e-05 2.93425e-05 -9.83472e-06 -3.59073e-06 3.19607e-05 9.94134e-05 0.000556072 6.2771e-05 0.000186057 -2.95223e-05 -0.000224471 -8.84633e-06 2.16987e-05 0.000103551 0.000256872 0.000391545 -6.52793e-06 0.000106802
internal_weight=21739 111 21628 118 21510 158 21352 3261 3204 757 702 2447 2382 602 18091 15621 4103 1995 137 1858 433 2108 178 1930 1425 469 212 133 2318 239
internal_count=21739 111 21628 118 21510 158 21352 3261 3204 757 702 2447 2382 602 18091 15621 4103 1995 137 1858 433 2108 178 1930 1425 469 212 133 2318 239
is_linear=0
shrinkage=0.05


Tree=67
num_leaves=31
num_cat=0
split_feature=2 44 1 110 126 3 100 36 91 123 3 49 44 131 119 137 59 33 137 28 116 92 91 134 3 30 145 43 1 66
split_gain=0.0207501 0.0896126 0.00805576 0.0334854 0.00406555 0.00474605 0.00301769 0.00606208 0.0118952 0.00638032 0.019867 0.00369049 0.00143755 0.00294533 0.00428649 0.00161639 0.00139025 0.00205685 0.00202406 0.00133415 0.00423036 0.00258105 0.004604 0.00623156 0.00279246 0.00248923 0.00221337 0.00255172 0.00216359 0.00195792
threshold=0.048280649000000009 1022.5000000000001 0.61966513750000007 19.850000000000005 1.5000000000000002 0.029671091000000004 4.6999999999999895 265.09447335000004 11.350000000000003 0.78656609248549325 0.21051044450000003 963.85000000000002 1642.5000000000002 42.452782277892588 6.7500000000000009 18.300000000000004 13.304650000000002 0.36280541063354138 0.75500000000000012 33.750000000000007 290.35676260000008 3.850000000000001 14.15 4.2550000000000017 0.19269721650000002 -1.8942857142857135 0.17500000000000004 0.38950000000000007 0.13543613500000004 14.775000000000002
decision_type=2 2 2 8 2 2 2 2 2 2 2 2 2 2 8 2 2 2 2 2 10 2 2 2 2 2 2 2 2 2
left_child=2 -2 4 -4 5 -1 12 -8 -9 -10 11 -11 15 14 -14 16 19 -18 -19 21 -21 26 23 -23 28 -22 -6 -28 -24 -26
right_child=1 -3 3 -5 6 -7 7 8 9 10 -12 -13 13 -15 -16 -17 17 18 -20 20 25 22 24 -25 29 -27 27 -29 -30 -31
leaf_value=-1.7902614316372242e-05 -0.0005387306005708994 0.0022493457748992917 0.0013788646556685518 -0.00026485675716043369 -1.4200739356544202e-05 -0.00065969553272046981 -3.6106776814270749e-05 0.00066332096399267183 1.6040541214155759e-05 0.00051631222172313855 0.0011679928138961686 4.1385447958274625e-05 0.00052395423514857008 8.4790327423946174e-06 0 0.00020172287727757244 4.8911817450263853e-07 0 0.00044012317866755411 -9.381240676714578e-06 0.00039124131101520758 -0.00076961763604130188 -4.5128587396597297e-05 0 -0.00051186506409631595 4.9135071034423823e-05 0 0.00034033618735204653 0.00018837429179179612 -5.5534964723397373e-05
leaf_weight=108 61 50 51 67 6852 50 1539 88 1728 50 50 409 71 1553 81 81 539 62 61 2991 105 53 4280 69 57 194 160 94 93 92
leaf_count=108 61 50 51 67 6852 50 1539 88 1728 50 50 409 71 1553 81 81 539 62 61 2991 105 53 4280 69 57 194 160 94 93 92
internal_value=2.51771e-06 0.000681387 -7.66576e-07 0.000409166 -3.26675e-06 -0.00025532 -1.15558e-06 3.85596e-05 9.01278e-05 6.50588e-05 0.000221309 0.000105 -1.02183e-05 3.24659e-05 0.000243205 -1.51479e-05 -1.65979e-05 5.22173e-05 0.000236742 -1.99625e-05 6.98397e-06 -2.7933e-05 -5.71071e-05 -0.000365214 -4.76103e-05 0.000186843 -8.15784e-06 0.000134666 -3.89777e-05 -0.000265686
internal_weight=21739 111 21628 118 21510 158 21352 3864 2325 2237 509 459 17488 1705 152 15783 15702 662 123 15040 3290 11750 4644 122 4522 299 7106 254 4373 149
internal_count=21739 111 21628 118 21510 158 21352 3864 2325 2237 509 459 17488 1705 152 15783 15702 662 123 15040 3290 11750 4644 122 4522 299 7106 254 4373 149
is_linear=0
shrinkage=0.05


Tree=68
num_leaves=31
num_cat=0
split_feature=2 120 0 114 126 58 29 121 82 132 120 28 0 105 116 83 29 4 54 2 126 1 116 2 2 73 91 81 69 103
split_gain=0.0186385 0.0864553 0.00720696 0.03468 0.00372664 0.00447291 0.0028202 0.0107038 0.0105468 0.00246928 0.00219599 0.00228778 0.00213299 0.00206816 0.00204298 0.0209152 0.00347092 0.00255223 0.00314871 0.00248823 0.00458636 0.0031179 0.0024275 0.00232583 0.00245198 0.00978869 0.00309308 0.00191508 0.00188673 0.00182872
threshold=0.048280649000000009 282.31795400000004 0.41135000000000005 22.550000000000004 1.5000000000000002 1.1500000000000006 49.95000000000001 1.0000000180025095e-35 14.994000000000002 1.5000000000000002 289.99598200000008 40.000000000000007 0.21365000000000003 35.500000000000007 266.8941885000001 11.350000000000003 28.600000000000005 0.00044032750000000008 0.03500000000000001 9.4850000000000015e-05 8.5000000000000018 0.024989248000000002 278.4220668000001 0.0055886015000000009 0.0031384280000000004 39.550000000000004 33.850000000000001 31.350000000000005 292.30014215000006 1233.9000000000003
decision_type=2 8 2 10 2 2 2 10 2 2 8 2 2 2 8 2 2 2 2 2 2 2 10 2 2 2 2 2 2 2
left_child=2 -2 4 -4 5 -1 14 10 -9 -10 11 13 -12 27 15 -6 17 18 -17 28 21 -21 -23 24 26 -26 -22 -8 -16 -25
right_child=1 -3 3 -5 6 -7 7 8 9 -11 12 -13 -14 -15 19 16 -18 -19 -20 20 23 22 -24 29 25 -27 -28 -29 -30 -31
leaf_value=-1.2771715005537184e-05 -0.00055181171514108907 0.0021872043643060015 -0.00028863456326307378 0.0013917186831103583 0.00092570728340741386 -0.00063642797773640026 0.00051822732707586196 0.00098937480784823287 -3.1223378184985876e-06 0.00028540009017188612 -7.1285039067494353e-06 -7.1534812262338417e-06 -0.00025634243605964006 0 -2.7041303247416751e-05 0.00051676740761000218 -1.9941423297014856e-05 0 1.899324541125352e-05 0 0 0.00058902574097964458 6.2557155399576227e-05 -0.0002298836522238037 3.0120907316555265e-05 0.00072772065164916394 0.00032196026066278719 0.00011410187488849875 5.3029033148754598e-05 -2.2068454282167039e-05
leaf_weight=108 61 50 68 50 64 50 58 53 80 155 407 447 127 96 12879 83 1398 76 88 101 2910 76 65 152 400 60 75 168 740 594
leaf_count=108 61 50 68 50 64 50 58 53 80 155 407 447 127 96 12879 83 1398 76 88 101 2910 76 65 152 400 60 75 168 740 594
internal_value=2.45037e-06 0.000645849 -6.50242e-07 0.000387075 -3.02757e-06 -0.000244339 -9.96394e-07 6.27387e-05 0.000338048 0.000166396 0 5.57202e-05 -7.61126e-05 0.000158233 -6.38377e-06 4.52637e-05 7.43012e-06 0.000181968 0.000291272 -1.15525e-05 2.0397e-05 0.000232273 0.000383688 6.9175e-06 2.5334e-05 0.000133339 6.97644e-06 0.000241668 -2.23199e-05 -7.1356e-05
internal_weight=21739 111 21628 118 21510 158 21352 1591 288 235 1303 769 534 322 19761 1709 1645 247 171 18052 4433 242 141 4191 3445 460 2985 226 13619 746
internal_count=21739 111 21628 118 21510 158 21352 1591 288 235 1303 769 534 322 19761 1709 1645 247 171 18052 4433 242 141 4191 3445 460 2985 226 13619 746
is_linear=0
shrinkage=0.05


Tree=69
num_leaves=31
num_cat=0
split_feature=2 33 0 120 126 28 0 104 84 34 133 2 105 43 8 90 104 61 93 128 116 7 133 115 81 137 132 92 117 139
split_gain=0.0167378 0.0812541 0.00644589 0.0321263 0.00352178 0.010829 0.00403399 0.0102199 0.00457722 0.00202216 0.00664326 0.00501721 0.00529374 0.00592584 0.00609765 0.00557719 0.00497473 0.00726404 0.00198651 0.0037162 0.00204126 0.00286635 0.0020418 0.00389837 0.0025437 0.00197396 0.00165148 0.00128956 0.00143216 0.00903268
threshold=0.048280649000000009 -0.64705767118106883 0.41135000000000005 270.28405370000002 2.5000000000000004 36.750000000000007 0.21365000000000003 0.8500000000000002 4.1500000000000012 0.069398984127108543 88.200000000000003 8.1450000000000015e-05 30.500000000000004 0.40050000000000008 0.010358649651310019 20.738775510204086 1.1500000000000004 264.7000000000001 263.70833310000006 8.6897550436737365 267.07199495000003 0.059350000000000007 14.180000000000001 12.850000000000003 31.850000000000005 0.03500000000000001 2.5000000000000004 18.850000000000005 1.0000000180025095e-35 88.481842832492205
decision_type=2 2 2 10 2 2 2 2 2 2 2 2 2 2 2 2 2 2 2 2 8 2 2 10 2 2 2 2 10 2
left_child=2 -2 4 -4 5 -1 9 -8 -9 18 11 -11 13 14 -13 -16 -15 -18 19 -6 21 22 -20 24 26 -17 -24 28 -22 -30
right_child=1 -3 3 -5 6 -7 7 8 -10 10 -12 12 -14 16 15 25 17 -19 20 -21 27 -23 23 -25 -26 -27 -28 -29 29 -31
leaf_value=-1.3558271171389264e-05 0.0021075040977174306 -0.0005472999132583819 -0.00028223121075522309 0.0013340761435706643 -0.00041291418324153014 -0.00080907390012593678 0.00064552941912894742 -8.9346238834275973e-05 0.00042475968504462539 -1.4182018821162694e-05 0.00047945473783743821 -4.1537387942917698e-05 -2.1114835761049747e-05 0 0.00062204105420243674 -9.4996269657158185e-05 0.0010221186325612382 0.00021095128309904493 0 -4.5602036974829639e-05 -1.2824354291943446e-05 -4.144182716165279e-05 0.00036860639751606732 0.00060514665969649446 -2.8087492309471903e-05 0.00018209109335507118 0 -5.5666363759630631e-05 1.175608199441109e-05 0.00067628795293448677
leaf_weight=258 50 61 68 50 77 54 84 212 53 3967 78 381 584 52 78 58 57 95 205 1387 9934 316 103 58 119 265 66 1512 1404 53
leaf_count=258 50 61 68 50 77 54 84 212 53 3967 78 381 584 52 78 58 57 95 205 1387 9934 316 103 58 119 265 66 1512 1404 53
internal_value=2.34227e-06 0.000612055 -5.83897e-07 0.000366083 -2.84473e-06 -0.000169363 -1.5012e-07 0.000167932 0 -3.21145e-06 2.21105e-05 1.46796e-05 9.07509e-05 0.000162028 9.08115e-05 0.000228788 0.000408861 0.000552511 -1.28737e-05 -6.86027e-05 -6.58108e-06 6.67837e-05 0.000137872 0.000212012 0.000113717 0.000116764 0.000242558 -1.1903e-05 -5.65073e-06 3.98058e-05
internal_weight=21739 111 21628 118 21510 312 21198 349 265 20849 5615 5537 1570 986 782 401 204 152 15234 1464 13770 867 551 346 288 323 169 12903 11391 1457
internal_count=21739 111 21628 118 21510 312 21198 349 265 20849 5615 5537 1570 986 782 401 204 152 15234 1464 13770 867 551 346 288 323 169 12903 11391 1457
is_linear=0
shrinkage=0.05


Tree=70
num_leaves=31
num_cat=0
split_feature=126 11 2 108 22 41 0 1 0 101 29 77 15 116 83 133 101 124 29 129 131 128 122 89 0 85 108 131 44 104
split_gain=0.00912989 0.123922 0.00605574 0.00548138 0.0104291 0.00281208 0.00702772 0.00542439 0.00198282 0.00191813 0.00288875 0.0044343 0.00146799 0.00219235 0.0195594 0.00167154 0.0135979 0.00370475 0.0013598 0.00189312 0.00260743 0.00370731 0.00220766 0.0012654 0.00224596 0.00139374 0.00243173 0.00192923 0.00104912 0.000990908
threshold=13.500000000000002 0.0063192529166666679 0.048280649000000009 272.50012350000003 6.5000000000000009 42.500000000000007 0.16045000000000001 0.04283675750000001 0.41135000000000005 -12.723865099999982 28.450000000000003 272.71565375000006 0.00023854166666666669 266.43426010000007 11.950000000000001 88.200000000000003 -3.2771963999999794 -0.60355339059327384 31.350000000000005 6.5000000000000009 113.51367412975763 9.6940619704490469 7.5000000000000009 38.050000000000004 0.12360000000000002 264.03867240000005 268.90743735000007 76.013074709213058 902.50000000000011 0.65000000000000024
decision_type=2 2 2 2 2 2 2 2 2 2 2 2 2 8 2 2 2 2 2 2 2 2 2 2 2 2 2 2 2 2
left_child=1 3 8 4 -1 7 18 -5 9 10 11 -2 -11 14 -14 23 -17 -18 -7 20 21 -20 -23 25 29 26 -15 -28 -4 -25
right_child=2 -3 28 5 -6 6 -8 -9 -10 12 -12 -13 13 15 -16 16 17 -19 19 -21 -22 22 -24 24 -26 -27 27 -29 -30 -31
leaf_value=0.00082827476610449001 0.00058420562222388328 0.0022026654291938245 -0.00059061154068045917 -1.8163131018112492e-05 0 -4.8464533799773876e-05 0.00059232699645124162 -0.00061216169792225206 -0.00022173199327233411 -2.3998939614250599e-05 0 0 0.00096047077283077729 5.6461721285833829e-06 9.8036376746963658e-06 -0.0008476486915193304 0.00041609155060988006 -8.3877787728202488e-05 0 -9.9446841249508527e-05 3.0196743457349032e-06 0.00011071971102160938 0.0006912069420569525 -1.8660922306967471e-05 0.0002168180033476335 -1.6584376985512789e-05 0.00049185701740767681 9.2490770704948554e-06 -0.00010511858826870785 4.4541139568249881e-05
leaf_weight=59 65 67 50 228 133 635 52 51 106 7817 301 64 58 636 804 51 54 83 103 139 397 61 53 963 157 7126 53 72 56 1425
leaf_count=59 65 67 50 228 133 635 52 51 106 7817 301 64 58 636 804 51 54 83 103 139 397 61 53 963 157 7126 53 72 56 1425
internal_value=1.60486e-06 0.000104226 -8.32838e-06 2.69256e-05 0.000279615 0 2.6723e-05 -0.000146399 -6.04818e-06 -4.62475e-06 9.89259e-05 0.000296645 -7.19603e-06 3.80913e-06 8.06022e-05 -1.96021e-06 -0.00014941 7.85457e-05 1.52236e-06 5.03157e-05 9.24562e-05 0.000232379 0.000427737 2.3186e-07 3.13369e-05 -9.17403e-06 5.35854e-05 0.000255837 -0.000384233 1.69638e-05
internal_weight=21919 1978 19941 1911 192 1719 1440 279 19835 19729 430 129 19299 11482 862 10620 188 137 1388 753 614 217 114 10432 2545 7887 761 125 106 2388
internal_count=21919 1978 19941 1911 192 1719 1440 279 19835 19729 430 129 19299 11482 862 10620 188 137 1388 753 614 217 114 10432 2545 7887 761 125 106 2388
is_linear=0
shrinkage=0.05


Tree=71
num_leaves=31
num_cat=0
split_feature=126 11 2 108 131 42 0 19 101 29 29 0 104 126 81 2 105 112 3 91 19 137 100 19 88 126 88 138 138 16
split_gain=0.0082906 0.111975 0.00554763 0.00499386 0.00976256 0.00292843 0.00779992 0.00728996 0.00180153 0.00259618 0.00415809 0.00173862 0.00136493 0.00254478 0.00432174 0.00576255 0.00976357 0.00929958 0.00243649 0.00207901 0.00205398 0.00187736 0.0070435 0.0156975 0.0031995 0.00322896 0.00193574 0.00165898 0.00161641 0.00192321
threshold=13.500000000000002 0.0063192529166666679 0.048280649000000009 272.50012350000003 86.399070695009968 0.49500000000000005 0.16045000000000001 0.00032714285714285706 -12.723865099999982 28.450000000000003 23.450000000000003 0.41135000000000005 0.35000000000000009 47.500000000000007 44.050000000000004 0.0024100695000000005 14.500000000000002 283.13367725000006 0.1292758105 16.050000000000004 -1.2857142857142854e-05 0.045000000000000005 3.7500000000000004 -0.0021257142857142846 30.312500000000007 88.500000000000014 32.237500000000011 6.4000000000000012 5.955000000000001 1.1600000000000001
decision_type=2 2 2 2 2 2 2 2 2 2 2 2 2 2 2 2 2 10 2 2 2 2 2 2 2 2 2 2 2 2
left_child=1 3 8 4 -1 6 -5 -7 9 10 -2 12 -10 14 15 18 -17 -18 19 20 -14 22 24 -24 25 -15 -26 -20 -25 -30
right_child=2 -3 -4 5 -6 7 -8 -9 11 -11 -12 -13 13 21 -16 16 17 -19 27 -21 -22 -23 23 28 26 -27 -28 -29 29 -31
leaf_value=0.00076038792245195842 0 0.0020941518050933477 -0.00036768305696934363 3.8577654054992051e-06 0 -1.4393220400224576e-05 0.00063281200763482892 -0.0006686431756477558 -4.4640644837889709e-05 0 0.00056921393530046777 -0.0002107490059619369 0 0.00023268522458786485 -2.0323328403540678e-05 -7.6340481930506384e-05 0.0010247688132136209 5.2294919221132084e-05 0.00030420270616275864 0 0.00041265649024808232 -1.8846028591620623e-05 0.00085799423007045276 -2.4450375617829305e-05 -0.0004766422701359261 -1.6414039806754558e-05 -6.6106135920148177e-05 1.6450790323837444e-05 0.00037993656498577408 0
leaf_weight=65 66 67 106 1326 127 289 51 53 2129 301 63 106 50 145 1549 64 67 57 156 1124 63 12064 77 186 54 1049 148 133 68 116
leaf_count=65 66 67 106 1326 127 289 51 53 2129 301 63 106 50 145 1549 64 67 57 156 1124 63 12064 77 186 54 1049 148 133 68 116
internal_value=1.58004e-06 9.93781e-05 -7.87458e-06 2.57673e-05 0.000266955 0 3.12231e-05 -0.000132014 -5.68123e-06 9.45207e-05 0.00028204 -8.16403e-06 -6.7814e-06 -1.79352e-06 3.7587e-05 9.28193e-05 0.000358493 0.000621739 5.66011e-05 2.13777e-05 0.000224845 -1.13949e-05 3.46512e-05 0.000208091 -1.74143e-05 9.82201e-06 -0.000202291 0.000189532 5.74155e-05 0.000166883
internal_weight=21919 1978 19941 1911 192 1719 1377 342 19835 430 129 19405 19299 17170 3263 1714 188 124 1526 1237 113 13907 1843 447 1396 1194 202 289 370 184
internal_count=21919 1978 19941 1911 192 1719 1377 342 19835 430 129 19405 19299 17170 3263 1714 188 124 1526 1237 113 13907 1843 447 1396 1194 202 289 370 184
is_linear=0
shrinkage=0.05


Tree=72
num_leaves=31
num_cat=0
split_feature=126 11 2 2 138 160 26 3 77 101 137 132 0 49 133 35 112 85 0 84 126 0 22 24 93 42 133 136 137 84
split_gain=0.00751244 0.101191 0.00501168 0.00462072 0.00466355 0.00575483 0.00223512 0.00299505 0.00164544 0.00164491 0.00235483 0.0045266 0.00156982 0.00127695 0.0033382 0.0389499 0.00372276 0.00301941 0.00146934 0.00375041 0.00129803 0.00332381 0.00160154 0.00142872 0.00218187 0.00416603 0.00401164 0.00235592 0.00248438 0.00233456
threshold=13.500000000000002 0.0063192529166666679 0.048280649000000009 0.00015051900000000003 5.0300000000000002 0.10240929705215422 9.5000000000000018 0.036506205000000007 271.24265280000003 -12.723865099999982 1.5450000000000002 3.5000000000000004 0.41135000000000005 986.45000000000016 87.815000000000012 271.16929565000004 281.74158875000006 263.4921137500001 0.21365000000000003 4.950000000000002 23.500000000000004 0.080000000000000002 2.5000000000000004 54.550000000000004 265.85021610000007 1.0650000000000002 23.420000000000005 0.015000000000000001 7.7500000000000009 7.950000000000002
decision_type=2 2 2 2 2 2 2 2 2 2 2 2 2 2 2 2 8 2 2 2 2 2 2 2 2 2 2 2 2 2
left_child=1 3 9 8 5 -5 7 -6 -1 10 -2 -12 13 14 18 -16 -17 -15 20 -20 21 -11 -22 24 25 27 -27 -24 -29 -30
right_child=2 -3 -4 4 6 -7 -8 -9 -10 12 11 -13 -14 17 15 16 -18 -19 19 -21 22 -23 23 -25 -26 26 -28 28 29 -31
leaf_value=0.00020858585408354381 0 0.001990983993617941 -0.00034947072004542525 0.00069022993002727155 -8.9753769060297134e-06 1.987084210246926e-05 -0.00010938112026730857 0.00035784392863206452 -3.1259407858215131e-05 8.6813816912398384e-06 0.00056902737576820079 0 -0.00020031003728435511 -0.00040773048558408989 0.0014033995482924523 -0.00049921821993755943 0 -1.9618298896073789e-05 0 0.0003954114020221407 -5.6706355056734511e-05 0.00033227450577687706 0.00030071945038706631 -2.8126695580099997e-05 -1.5533150951570419e-05 0 0.00051091856164693248 3.7722189099487306e-06 3.3497013436679105e-05 0.0004142696894550075
leaf_weight=71 272 67 106 79 80 81 126 91 1383 573 63 95 106 51 50 58 76 7187 134 82 1413 99 78 3022 3138 89 91 2919 165 74
leaf_count=71 272 67 106 79 80 81 126 91 1383 573 63 95 106 51 50 58 76 7187 134 82 1413 99 78 3022 3138 89 91 2919 165 74
internal_value=1.53684e-06 9.46403e-05 -7.45189e-06 2.45325e-05 0.000164085 0.000384148 2.78632e-05 0.000158108 -1.59758e-05 -5.35452e-06 9.03605e-05 0.000243225 -7.73769e-06 -6.4106e-06 3.19133e-06 0.000213951 -0.000199945 -2.30996e-05 0 0.00012882 -2.49022e-06 6.42059e-05 -7.02926e-06 0 1.34185e-05 4.1474e-05 0.00027798 2.66921e-05 1.82481e-05 0.000173461
internal_weight=21919 1978 19941 1911 457 160 297 171 1454 19835 430 158 19405 19299 12061 184 134 7238 11877 216 11661 672 10989 9576 6554 3416 180 3236 3158 239
internal_count=21919 1978 19941 1911 457 160 297 171 1454 19835 430 158 19405 19299 12061 184 134 7238 11877 216 11661 672 10989 9576 6554 3416 180 3236 3158 239
is_linear=0
shrinkage=0.05


Tree=73
num_leaves=31
num_cat=0
split_feature=0 83 120 11 2 41 133 122 14 61 6 6 103 42 119 77 133 104 142 19 94 3 7 83 16 138 85 10 35 95
split_gain=0.0064691 0.0342807 0.00403546 0.0574517 0.00906556 0.00425893 0.00785495 0.00299715 0.00266806 0.00332061 0.00537701 0.00295141 0.00713997 0.00345672 0.00631481 0.00219777 0.00301187 0.00164707 0.0017903 0.00198172 0.00162802 0.00292262 0.00226571 0.00305625 0.00451364 0.00160107 0.00164298 0.00185166 0.00178328 0.00156627
threshold=0.41135000000000005 19.050000000000004 284.74030595000005 0.0063192529166666679 0.048280649000000009 62.500000000000007 47.940000000000005 11.500000000000002 0.03607002950000001 136.65000000000003 0.022697222222222223 0.020815277777777783 2484.7500000000009 0.36500000000000005 9.0500000000000025 264.41166475000006 88.64500000000001 0.35000000000000009 628.76304011671721 0.0028999999999999955 10.500000000000002 0.18851152100000004 0.010800000000000002 27.150000000000002 0.075000000000000025 6.7200000000000015 272.80039605000007 11.155000000000001 272.69856160000001 1.5000000000000002
decision_type=2 2 10 2 2 2 2 2 2 2 2 2 2 2 10 2 2 2 2 2 2 2 2 2 2 2 2 2 2 2
left_child=2 -2 4 5 8 -4 -7 -6 11 10 -10 17 13 14 -13 -11 -17 18 -1 -20 -19 22 -22 24 -24 26 27 28 -26 -15
right_child=1 -3 3 -5 7 6 -8 -9 9 15 -12 12 -14 29 -16 16 -18 20 19 -21 21 -23 23 -25 25 -27 -28 -29 -30 -31
leaf_value=0 -0.00030900742533263199 0.0013679124394148662 -3.9204241673093118e-07 0.0016917567211203275 -0.00074385667662136266 -1.2709108478366606e-05 0.00056116032541798303 -8.5049339894404904e-05 -9.9654870734866549e-06 -0.00035113471774118876 -0.00069595297981760716 7.0295907794691933e-05 -3.8640582256474917e-05 0.0002803608942477517 0.00093888868376849975 -4.2783308766743862e-05 0.00025033935985928194 -5.8248112645911027e-06 -5.2085294510321133e-05 -0.00025125197553237761 -3.9317988065939617e-05 0.00033880264526844629 0.00045528562859777424 -1.8589329548372577e-05 0 8.1891548295186203e-06 2.4039253808229826e-05 0 0.00031567736745968908 0
leaf_weight=1055 67 50 1865 52 54 110 98 55 95 56 53 59 342 86 51 1685 88 11256 933 173 928 78 85 913 69 743 361 108 240 111
leaf_count=1055 67 50 1865 52 54 110 98 55 95 56 53 59 342 86 51 1685 88 11256 933 173 928 78 85 913 69 743 361 108 240 111
internal_value=1.51462e-06 0.000370771 -2.5458e-07 6.49462e-05 -7.55292e-06 2.09318e-05 0.00023514 -0.000460681 -4.74993e-06 -5.98611e-05 -0.000292202 1.16268e-06 0.000105911 0.00028278 0.000522883 -3.81788e-05 -2.52832e-05 -2.56085e-06 -4.34837e-05 -8.79544e-05 3.08641e-06 3.29532e-05 2.4486e-05 4.99818e-05 9.20627e-05 6.81933e-05 0.000118996 0.000188984 0.000251178 0.000121496
internal_weight=21919 117 21802 2125 19677 2073 208 109 19568 1977 148 17591 649 307 110 1829 1773 16942 2161 1106 14781 3525 3447 2519 1606 1521 778 417 309 197
internal_count=21919 117 21802 2125 19677 2073 208 109 19568 1977 148 17591 649 307 110 1829 1773 16942 2161 1106 14781 3525 3447 2519 1606 1521 778 417 309 197
is_linear=0
shrinkage=0.05


Tree=74
num_leaves=31
num_cat=0
split_feature=126 11 2 2 28 43 19 1 49 133 93 23 49 116 132 19 69 137 138 133 105 92 15 92 3 50 21 12 126 138
split_gain=0.00648724 0.0894203 0.0039909 0.00396369 0.00421523 0.00608266 0.00215379 0.00174395 0.00144608 0.00648492 0.00292922 0.00168199 0.00152021 0.00189664 0.0110887 0.0129809 0.00229845 0.00373824 0.00533467 0.0016649 0.00131935 0.00127028 0.00171146 0.00209867 0.00266075 0.0028763 0.00263701 0.00182645 0.00290245 0.00569922
threshold=13.500000000000002 0.0063192529166666679 0.048280649000000009 0.00015051900000000003 42.250000000000007 0.39950000000000008 -0.0026999999999999997 0.61966513750000007 987.05000000000007 88.64500000000001 263.64979140000008 17.163194444444446 938.25000000000011 266.8941885000001 1.5000000000000002 -0.00043714285714285697 272.33811725000004 1.8100000000000003 4.7700000000000005 88.200000000000003 17.500000000000004 21.350000000000005 0.00021875000000000006 8.6500000000000039 0.10236673250000002 1004.1500000000002 0.39583333333333343 0.024166077500000004 37.500000000000007 10.800000000000002
decision_type=2 2 2 2 2 2 2 2 2 2 2 2 2 8 2 2 2 2 2 2 2 2 2 2 2 2 2 2 2 2
left_child=1 3 7 -1 5 6 -5 8 9 11 -10 -2 -13 14 15 -14 20 -18 -19 21 -16 22 -15 -24 27 -26 -27 28 -25 -30
right_child=2 -3 -4 4 -6 -7 -8 -9 10 -11 -12 12 13 19 16 -17 17 18 -20 -21 -22 -23 23 24 25 26 -28 -29 29 -31
leaf_value=-1.5417978566827052e-05 0.00021325978035670952 0.0018705986965591474 -0.00031224721258236358 0.00033699494232218168 -0.0001236380424540656 0.00069648563094984093 1.2315474611292692e-05 -0.00020721006234826944 -0.00038378628518793241 0.000558490003409734 -1.8516027353413155e-05 -6.8661002039035606e-05 0.0011285057886932775 -2.2097880477251386e-05 0.0001476477664829962 4.5416521337809918e-05 0 0.00071100995971011636 1.418051396285591e-05 -0.00023137110197962897 -5.3118324757051114e-05 -5.4830990568522385e-05 1.9333879981631337e-06 -1.6388931403205155e-05 0 0.00014001990657682456 0.00051961284331492757 -7.12805735095505e-05 7.021775632364043e-05 0.00061303219624502078
leaf_weight=1454 94 67 106 84 88 62 223 106 56 52 6860 720 50 3310 80 84 318 54 87 77 828 938 4301 481 205 240 85 327 422 60
leaf_count=1454 94 67 106 84 88 62 223 106 56 52 6860 720 50 3310 80 84 318 54 87 77 828 938 4301 481 205 240 85 327 422 60
internal_value=1.41512e-06 8.79462e-05 -6.92138e-06 2.18854e-05 0.000151262 0.000230491 0.000118192 -5.02196e-06 -3.67178e-06 5.9677e-06 -2.22516e-05 3.28084e-06 1.31121e-06 5.95204e-06 5.85639e-05 0.000491957 1.2097e-05 0.000105705 0.00031939 -1.1341e-06 -2.97862e-05 1.15624e-07 6.11592e-06 2.21907e-05 6.72894e-05 0.000163308 0.000255925 2.38711e-05 6.14083e-05 0.000149269
internal_weight=21919 1978 19941 1911 457 369 307 19835 19729 12813 6916 12761 12667 11947 1501 134 1367 459 141 10446 908 10369 9431 6121 1820 530 325 1290 963 482
internal_count=21919 1978 19941 1911 457 369 307 19835 19729 12813 6916 12761 12667 11947 1501 134 1367 459 141 10446 908 10369 9431 6121 1820 530 325 1290 963 482
is_linear=0
shrinkage=0.05


Tree=75
num_leaves=31
num_cat=0
split_feature=19 120 121 9 61 7 100 1 36 131 22 123 90 8 69 85 129 140 4 92 84 15 1 103 84 91 137 84 139 131
split_gain=0.0162577 0.0998076 0.00494961 0.0175384 0.00325758 0.0313024 0.00275003 0.0109034 0.00421951 0.00946238 0.00342555 0.00473391 0.00467521 0.00167442 0.00146592 0.00261973 0.00798844 0.00137566 0.00130776 0.00126344 0.00293648 0.00108614 0.00144675 0.00682197 0.00131137 0.00224655 0.00108525 0.00107088 0.00104182 0.00123
threshold=0.018424285714285716 284.52350975000007 2.6500000000000008 1.098541666666667 65.15000000000002 0.15855000000000002 4.5499999999999554 0.36432711350000008 266.47377605000003 24.049750999075389 6.5000000000000009 0.78656609248549325 23.526530612244901 0.018776573640196279 292.05606125000003 271.70023390000006 7.5000000000000009 35.305000000000007 0.034660335500000007 1.8500000000000005 1.0000000180025095e-35 0.00086145833333333354 0.13543613500000004 1222.1500000000001 9.3500000000000032 14.250000000000002 8.2650000000000023 9.8500000000000032 69.837353471430461 86.769874021242742
decision_type=2 8 10 2 2 2 2 2 2 2 2 2 2 2 2 2 2 2 2 2 2 2 2 2 2 2 2 2 2 2
left_child=2 -2 4 -4 5 13 14 8 -8 -10 11 -11 -13 -1 18 16 -16 -12 21 20 -19 24 26 -24 -6 -26 -23 -28 29 -27
right_child=1 -3 3 -5 6 -7 7 -9 9 10 17 12 -14 -15 15 -17 -18 19 -20 -21 -22 22 23 -25 25 28 27 -29 -30 -31
leaf_value=-3.5951345699356885e-05 -0.00059973984131855623 0.002259234604408938 0 0.0010500243146790642 -9.5413575221975066e-06 -0.0012643787840971965 -1.4318457595891642e-05 0.00068093061785585833 0.00070506441818114611 5.9343759716769079e-05 -3.7855443915691359e-05 0.0001179845570146515 0.00082690337169109493 0.00022081883102096934 5.3011595533587692e-05 -1.3246119398930735e-05 0.00072447120315254727 0.0004894513677606517 -0.0001505018884127827 0 3.0338315843805869e-05 -3.2595295198181922e-06 0.00062601849211542122 0 -0.00038917852661581021 5.6056783993307929e-05 2.5554477215020758e-05 0.00031343112287840827 -0.00010431235441522314 -5.3447913534742819e-05
leaf_weight=446 69 51 143 50 9142 53 2223 65 61 352 598 81 51 73 434 602 52 53 168 175 184 4435 53 288 53 370 229 52 523 719
leaf_count=446 69 51 143 50 9142 53 2223 65 61 352 598 81 51 73 434 602 52 53 168 175 184 4435 53 288 53 370 229 52 523 719
internal_value=4.57805e-06 0.000582631 1.12879e-06 0.000252657 -9.04899e-07 -0.000118684 2.07585e-06 4.04708e-05 2.79514e-05 9.15634e-05 6.27149e-05 0.000172417 0.000433637 0 -6.25265e-06 4.90997e-05 0.000136462 5.08078e-06 -1.03238e-05 7.94481e-05 0.000155643 -8.51475e-06 9.98634e-06 0.000109593 -1.76348e-05 -5.90401e-05 1.70238e-06 9.74801e-05 -4.48513e-05 -1.1638e-05
internal_weight=21848 120 21728 193 21535 572 20963 3843 3778 1555 1494 484 132 519 17120 1088 486 1010 16032 412 237 15864 5057 341 10807 1665 4716 281 1612 1089
internal_count=21848 120 21728 193 21535 572 20963 3843 3778 1555 1494 484 132 519 17120 1088 486 1010 16032 412 237 15864 5057 341 10807 1665 4716 281 1612 1089
is_linear=0
shrinkage=0.05


Tree=76
num_leaves=31
num_cat=0
split_feature=19 120 121 9 126 1 34 1 114 133 1 126 131 4 22 142 67 129 90 30 141 74 73 141 91 141 120 91 101 133
split_gain=0.0145966 0.0903579 0.00443227 0.0159037 0.00412464 0.00489922 0.00250641 0.0180078 0.0219405 0.00715621 0.00233103 0.00302168 0.00938655 0.00225454 0.00224887 0.00195768 0.00354157 0.0017119 0.00194494 0.00131587 0.00220614 0.00339604 0.00122417 0.00599916 0.00133056 0.00192489 0.00123364 0.00225023 0.00171104 0.0012891
threshold=0.018424285714285716 284.52350975000007 2.6500000000000008 1.098541666666667 1.5000000000000002 0.022884034500000004 0.15582660458020919 0.29207440000000007 22.550000000000004 88.200000000000003 0.024117256000000004 9.5000000000000018 87.498255890197527 0.034660335500000007 3.5000000000000004 613.4138128671583 7.0500000000000007 5.5000000000000009 19.464285714285719 -3.3871428571428583 33.955000000000005 21.964285714285719 38.250000000000007 38.640000000000008 28.950000000000003 18.710000000000004 269.72470170000003 18.450000000000003 -4.8454763499999833 14.180000000000001
decision_type=2 8 10 2 2 2 2 2 10 2 2 2 2 2 2 2 2 2 2 2 2 2 2 2 2 2 10 2 2 2
left_child=2 -2 4 -4 5 -1 13 9 -9 10 19 12 -12 22 17 -16 -17 -13 -19 20 -8 -22 -6 24 25 -24 27 -27 29 -29
right_child=1 -3 3 -5 6 -7 7 8 -10 -11 11 14 -14 -15 15 16 -18 18 -20 -21 21 -23 23 -25 -26 26 -28 28 -30 -31
leaf_value=0 -0.00057018123291033718 0.0021484450973086773 0 0.00099855252909108842 -1.1026205355230349e-05 -0.0006651274600310489 0 0 0.001425758137330002 0.0005398857056055791 0.00063822488342522995 0 0 -0.00017787615606310936 1.7280339026299395e-05 0 0.00047099843396549725 0 -0.00046636123580322389 -2.6257481271637674e-05 0 0.00055200888813907605 0.00030463976963622405 0.00041073563248371814 -5.6067731826224611e-05 0.00032561054161508058 -5.3535031336043191e-05 1.6859899837913182e-05 -6.4778930755617097e-06 0.00033414106879922981
leaf_weight=90 69 51 143 50 14556 50 318 50 50 64 88 111 160 194 579 78 76 59 53 2769 93 51 65 98 530 71 365 131 716 70
leaf_count=90 69 51 143 50 14556 50 318 50 50 64 88 111 160 194 579 78 76 59 53 2769 93 51 65 98 530 71 365 131 716 70
internal_value=4.38456e-06 0.000552119 1.10413e-06 0.000239125 -8.07884e-07 -0.000270462 7.35487e-07 3.36475e-05 0.000695252 1.76796e-05 8.89668e-06 6.88912e-05 0.000226605 -7.98013e-06 2.25594e-05 6.91198e-05 0.000230396 -0.000107788 -0.000246789 -1.19271e-05 6.30344e-05 0.00022522 -5.68309e-06 2.9874e-05 7.94729e-06 3.54202e-05 1.85783e-05 5.03022e-05 2.32079e-05 0.000153215
internal_weight=21848 120 21728 193 21535 140 21395 4599 100 4499 4435 1204 248 16796 956 733 154 223 112 3231 462 144 16602 2046 1948 1418 1353 988 917 201
internal_count=21848 120 21728 193 21535 140 21395 4599 100 4499 4435 1204 248 16796 956 733 154 223 112 3231 462 144 16602 2046 1948 1418 1353 988 917 201
is_linear=0
shrinkage=0.05


Tree=77
num_leaves=31
num_cat=0
split_feature=99 133 126 126 1 8 13 1 12 4 21 21 96 10 75 138 29 131 85 77 156 75 132 83 44 15 69 27 120 0
split_gain=0.00986591 0.04041 0.00609932 0.00955832 0.0602164 0.00855913 0.00356982 0.00350231 0.00381641 0.00332238 0.00256076 0.00215171 0.0024583 0.00590497 0.00744803 0.00649653 0.00221272 0.00217365 0.00848542 0.0228316 0.00421777 0.00290883 0.00210068 0.00230607 0.00327788 0.001992 0.00149462 0.00142912 0.00124946 0.00345852
threshold=4.3500000000000236 73.925000000000011 1.5000000000000002 7.5000000000000009 0.14216828450000005 0.011542560422161013 0.0040704037152777782 0.010255007000000002 0.03786111100000001 7.5450000000000018e-05 0.53472222222222232 0.52083333333333337 33.737500000000004 16.980000000000004 10.15 6.6400000000000015 60.45000000000001 40.688861512415954 266.04652930000003 266.47103980000003 0.14000000000000004 5.8500000000000005 3.5000000000000004 20.850000000000005 1117.5000000000002 0.00021875000000000006 273.69958760000003 1338.1000000000001 269.61090145000009 0.12235000000000001
decision_type=2 2 2 2 2 2 2 2 2 2 2 2 2 2 2 2 2 2 2 2 2 2 2 2 2 2 2 2 10 2
left_child=2 27 5 4 7 -1 11 -4 10 -8 26 12 17 22 15 -15 25 18 19 21 -20 -5 -14 24 -24 -16 -9 -2 -13 -30
right_child=1 -3 3 6 -6 -7 9 8 -10 -11 -12 28 13 14 16 -17 -18 -19 20 -21 -22 -23 23 -25 -26 -27 -28 -29 29 -31
leaf_value=0 0.00022066524583728674 0.0015544420220262858 -4.797874751278181e-05 -0.0002656986881076392 0.0013597828273548735 -0.00084674547362202949 -0.00037680510820291188 0.00071460315685744366 -2.9257510001782675e-05 -5.907851768838392e-05 0 -1.9224777138168694e-06 -4.1052806843455681e-05 0.00081707218278461368 -1.7977790078926711e-05 8.4535063910438942e-05 -0.00017352223656295489 -1.0685418660888951e-05 1.1754298294280571e-05 0.0009685885354172735 -0.00043346083611611215 0.00015350199711085429 4.917090864496067e-05 1.2133126443721176e-05 0.00041838763911685849 0.00018306957614958925 0.00015069740353977645 -4.961538455677053e-06 -2.888073891110748e-05 -0.00026829875528423916
leaf_weight=98 81 51 554 72 93 50 108 50 100 640 59 5287 987 79 122 77 59 6597 461 87 57 89 266 1162 97 365 54 248 3634 164
leaf_count=98 81 51 554 72 93 50 108 50 100 640 59 5287 987 79 122 77 59 6597 461 87 57 89 266 1162 97 365 54 248 3634 164
internal_value=4.18935e-06 0.000256404 -5.38969e-08 1.94094e-06 0.000160567 -0.00031906 -4.89412e-06 1.64513e-05 0.000170778 -0.000112071 0.000323417 -5.57029e-07 1.45078e-05 5.10176e-05 0.000179716 0.000490188 8.1135e-05 -7.54708e-07 7.81548e-05 0.000319899 -2.83434e-05 -3.58534e-06 1.30049e-05 5.12722e-05 0.000162447 0.000122525 0.000473649 3.59367e-05 -1.86459e-05 -4.0603e-05
internal_weight=21848 380 21468 21320 910 148 20410 817 263 748 163 19662 10577 3214 702 156 546 7363 766 248 518 161 2512 1525 363 487 104 329 9085 3798
internal_count=21848 380 21468 21320 910 148 20410 817 263 748 163 19662 10577 3214 702 156 546 7363 766 248 518 161 2512 1525 363 487 104 329 9085 3798
is_linear=0
shrinkage=0.05


Tree=78
num_leaves=31
num_cat=0
split_feature=2 114 0 110 126 12 0 104 84 21 34 2 93 77 89 104 135 77 94 93 93 43 11 3 94 81 120 135 90 83
split_gain=0.0136532 0.0877623 0.00407923 0.0280351 0.00254788 0.0137312 0.00251578 0.00726494 0.00252416 0.00157402 0.00367137 0.00593973 0.00845862 0.0151995 0.00479423 0.00642429 0.0111717 0.00249753 0.00599737 0.00150686 0.00169108 0.00683952 0.00124149 0.00111592 0.00104782 0.00099715 0.000939037 0.000915627 0.00199756 0.00181559
threshold=0.048280649000000009 19.550000000000004 0.41135000000000005 19.250000000000004 3.5000000000000004 0.072194520500000012 0.21365000000000003 0.8500000000000002 1.5500000000000005 0.52083333333333337 0.110032721960293 9.4850000000000015e-05 263.13616140000005 266.32387360000001 27.150000000000002 1.0500000000000003 15.295000000000002 271.06212695000005 17.500000000000004 263.70833310000006 264.09385950000006 0.33650000000000008 0.0039327827291666681 0.1292758105 18.500000000000004 30.950000000000003 273.65469290000004 16.930000000000003 17.382653061224492 16.850000000000005
decision_type=2 10 2 8 2 2 2 2 2 2 2 2 2 2 2 2 2 2 2 2 2 2 2 2 2 2 10 2 2 2
left_child=2 -2 4 -4 5 -1 9 -8 -9 10 22 12 13 -12 -13 23 -17 -18 -19 25 21 -21 27 -16 -14 -11 -26 28 29 -6
right_child=1 -3 3 -5 6 -7 7 8 -10 19 11 14 24 -15 15 16 17 18 -20 20 -22 -23 -24 -25 26 -27 -28 -29 -30 -31
leaf_value=-7.144284201670818e-06 -0.00059097840194252964 0.0020821340236360348 0.0012039394505714597 -0.00029948955469003978 4.104281945170635e-07 -0.00089252085968231161 0.00054671302840510986 -9.5795795698935506e-05 0.00026620007541637417 -7.6361779896927437e-06 0 0 -2.3305898212158115e-05 0.0010681903204441858 -3.2112153545564609e-05 0.0010396396410531034 3.4243499722097873e-05 0.00070920053278920631 0 0.00047281098257112076 -1.3833148984601656e-05 -2.0959096424352243e-06 -6.024830368581873e-05 0.00019274601011971216 0 -0.00012540929139619932 0.00028528915410928538 1.5747784448971621e-05 -7.0257110997266583e-05 0.00029181215414530277
leaf_weight=400 68 52 50 70 1515 50 81 177 65 433 78 226 1732 51 140 60 130 71 67 90 8167 338 872 73 80 503 51 4931 1171 56
leaf_count=400 68 52 50 70 1515 50 81 177 65 433 78 226 1732 51 140 60 130 71 67 90 8167 338 872 73 80 503 51 4931 1171 56
internal_value=3.96396e-06 0.000533683 7.8388e-07 0.00029039 -6.06424e-07 -0.000118367 1.66734e-06 0.000139963 0 -2.43272e-07 1.21296e-05 6.23696e-05 1.40732e-05 0.00040511 0.000181109 0.000261899 0.000401866 0.00023716 0.000390721 -1.54421e-05 -8.22172e-06 8.6982e-05 -3.51211e-06 2.2128e-05 -1.05238e-05 -7.63291e-05 0.00011949 2.29114e-06 -2.00823e-05 1.41574e-05
internal_weight=21848 120 21728 120 21608 450 21158 323 242 20835 11304 2759 1992 129 767 541 328 268 138 9531 8595 428 8545 213 1863 936 131 7673 2742 1571
internal_count=21848 120 21728 120 21608 450 21158 323 242 20835 11304 2759 1992 129 767 541 328 268 138 9531 8595 428 8545 213 1863 936 131 7673 2742 1571
is_linear=0
shrinkage=0.05


Tree=79
num_leaves=31
num_cat=0
split_feature=99 67 126 11 126 11 16 0 20 4 29 126 138 96 22 91 91 22 91 115 89 96 75 137 120 92 22 93 105 23
split_gain=0.00873345 0.0369824 0.00539643 0.0184958 0.012917 0.0813112 0.00371628 0.00300388 0.00288626 0.00285955 0.00165001 0.00642472 0.00468429 0.00160583 0.00141658 0.00284759 0.00335712 0.00169402 0.00385507 0.00797417 0.00217014 0.00252078 0.00269007 0.00137171 0.00132124 0.0012557 0.00123213 0.00234878 0.00120095 0.00119801
threshold=4.3500000000000236 11.550000000000002 2.5000000000000004 0.0029154279444444449 7.5000000000000009 0.0043538217083333346 18.980000000000004 0.008400000000000003 1.0000000180025095e-35 0.0021886315000000005 49.95000000000001 20.500000000000004 6.7200000000000015 36.587500000000013 3.5000000000000004 31.150000000000002 28.350000000000005 4.5000000000000009 33.95000000000001 19.250000000000004 38.050000000000004 39.987500000000004 16.650000000000002 18.300000000000004 286.96173705000007 16.250000000000007 3.5000000000000004 264.03546560000001 34.500000000000007 18.736805555555559
decision_type=2 2 2 2 2 2 2 2 2 2 2 2 2 2 2 2 2 2 2 10 2 2 2 2 8 2 2 2 2 2
left_child=2 -2 3 -1 5 7 10 -4 -9 -8 14 12 -12 26 15 16 24 18 19 20 -16 22 -22 -19 -6 -15 -13 28 -28 -3
right_child=1 29 4 -5 6 -7 9 8 -10 -11 11 13 -14 25 17 -17 -18 23 -20 -21 21 -23 -24 -25 -26 -27 27 -29 -30 -31
leaf_value=-6.6072600087441557e-06 0.0014968345284190341 0.00021209676584436313 -3.3586467293028843e-05 -0.0010704853343514304 -8.7585056541662827e-05 0.0018299855936638777 -0.00038158640583737868 3.9429714663432001e-05 0.00046214963226795091 -5.6030347902321877e-05 0.0005727438910934755 -4.724648493499643e-05 0 1.8079120045325091e-05 0 -0.00042547593855381239 0.00033922589664342186 -8.1017476922101485e-06 -0.00036621201772861386 0.00054225199421818531 0.00051438898607892431 0 1.5734223334092451e-06 0.00016210308920220934 0 0.00033229318989637813 0.00044037330946182171 -1.7617309086302907e-06 0 -7.0069772994239048e-07
leaf_weight=238 50 73 453 51 964 69 108 179 68 319 94 787 52 144 1179 50 54 14969 50 83 75 148 70 116 726 64 52 252 54 257
leaf_count=238 50 73 453 51 964 69 108 179 68 319 94 787 52 144 1179 50 54 14969 50 83 75 148 70 116 726 64 52 252 54 257
internal_value=3.77591e-06 0.000241084 -2.02763e-07 -0.000214636 2.49723e-06 0.000203684 -4.84764e-06 3.38622e-05 0.000177362 -0.000150754 -1.4723e-06 4.86141e-05 0.000363773 1.06695e-05 -5.80707e-06 -4.80794e-05 -3.41566e-05 -9.6106e-07 4.74944e-05 6.42371e-05 3.35395e-05 0.000155208 0.000302776 -6.45082e-06 -4.92376e-05 0.000139811 -8.52883e-06 6.25521e-05 0.000260765 3.17655e-05
internal_weight=21848 380 21468 289 21179 769 20410 700 247 427 19983 1499 146 1353 18484 1794 1744 16690 1605 1555 1472 293 145 15085 1690 208 1145 358 106 330
internal_count=21848 380 21468 289 21179 769 20410 700 247 427 19983 1499 146 1353 18484 1794 1744 16690 1605 1555 1472 293 145 15085 1690 208 1145 358 106 330
is_linear=0
shrinkage=0.05


Tree=80
num_leaves=31
num_cat=0
split_feature=2 44 0 75 126 6 0 90 85 14 77 133 100 97 138 22 126 11 14 116 0 96 0 11 96 105 22 22 91 75
split_gain=0.0155853 0.0628795 0.00523548 0.0316693 0.00215414 0.00865518 0.00240119 0.00627451 0.00476192 0.00136343 0.00360377 0.00645283 0.00863024 0.00175051 0.00201856 0.00270422 0.00162781 0.00465946 0.00134641 0.00430279 0.00932195 0.00223403 0.00320423 0.00133177 0.0055688 0.00195956 0.00131813 0.00144431 0.0073087 0.00396032
threshold=0.048280649000000009 982.50000000000011 0.41135000000000005 15.250000000000002 3.5000000000000004 0.012547222222222225 0.21365000000000003 18.552040816326535 277.42196260000009 0.03607002950000001 264.26227365000005 88.64500000000001 0.19999999999998866 -7.7999999999999989 4.8150000000000004 6.5000000000000009 17.500000000000004 0.0055372198611111124 0.020747941000000002 290.35676260000008 0.080000000000000002 48.862500000000004 0.019050000000000004 0.0037234360069444443 36.412500000000009 17.500000000000004 2.5000000000000004 4.5000000000000009 21.850000000000005 21.750000000000004
decision_type=2 2 2 2 2 2 2 2 2 2 2 2 2 2 2 2 2 2 2 10 2 2 2 2 2 2 2 2 2 2
left_child=2 -2 4 -4 5 -1 9 -8 -9 13 -11 16 -13 14 15 -6 17 -12 21 -20 -21 23 -23 26 25 -25 -15 28 -28 -30
right_child=1 -3 3 -5 6 -7 7 8 -10 10 11 12 -14 18 -16 -17 -18 -19 19 20 -22 22 -24 24 -26 -27 27 -29 29 -31
leaf_value=-1.9358197007244509e-05 -0.00047108542891159048 0.001878668872344021 0.0013021317834271957 -0.00027473928821947132 0.00051169723797131396 -0.00072647859719604741 -4.4775425520586097e-05 0.0005419031918221164 0 -0.00044123203658922916 -8.2307601169687344e-06 -1.4348737418083752e-06 0.00081329624190612569 -4.9114330066109174e-05 2.9174160931919894e-06 2.7716218334796738e-05 -2.9971905534049988e-05 -0.0005803387611636677 9.0392390019191376e-06 2.9419563769145246e-05 0.00071744896687319639 -1.1799563905524938e-05 -0.00041237668281565877 0.00029916013204404771 0.00053003881364543308 -2.0230310775810198e-05 8.6616198878883928e-06 -6.4815138366302725e-06 0.00067241692149395212 0
leaf_weight=409 57 51 50 75 61 50 186 112 51 55 152 56 51 1567 294 102 1763 55 2548 219 70 203 81 52 59 412 1339 11549 68 53
leaf_count=409 57 51 50 75 61 50 186 112 51 55 152 56 51 1567 294 102 1763 55 2548 219 70 203 81 52 59 412 1339 11549 68 53
internal_value=3.30246e-06 0.000599705 8.25232e-08 0.000321655 -1.56047e-06 -0.000108668 5.31832e-07 0.000130573 0.000360205 -1.41507e-06 -3.94412e-05 -2.61882e-05 0.000344533 2.65984e-06 9.92154e-05 0.000241341 -4.90252e-05 -0.000186338 0 3.18718e-05 0.000215211 -5.60403e-06 -0.000144639 -2.64837e-06 7.50051e-05 5.37714e-06 -5.78261e-06 -1.75391e-07 4.62558e-05 0.000417812
internal_weight=21850 108 21742 125 21617 459 21158 349 163 20809 2132 2077 107 18677 457 163 1970 207 18220 2837 289 15383 284 15099 523 464 14576 13009 1460 121
internal_count=21850 108 21742 125 21617 459 21158 349 163 20809 2132 2077 107 18677 457 163 1970 207 18220 2837 289 15383 284 15099 523 464 14576 13009 1460 121
is_linear=0
shrinkage=0.05


Tree=81
num_leaves=31
num_cat=0
split_feature=2 120 0 110 126 11 29 61 128 119 77 83 85 19 98 65 141 19 2 104 129 0 126 31 28 65 30 34 141 0
split_gain=0.0139844 0.0622028 0.00467635 0.0314501 0.00196826 0.00803528 0.00217198 0.00958577 0.00656753 0.00177689 0.0013002 0.00615402 0.00596642 0.0155612 0.00152767 0.00252059 0.00712701 0.00171515 0.00273161 0.00124075 0.00163031 0.00231748 0.00257527 0.00122069 0.00116341 0.00147671 0.000937619 0.00190286 0.00480851 0.000929458
threshold=0.048280649000000009 277.96053635000004 0.41135000000000005 19.050000000000004 3.5000000000000004 0.0036314933055555556 49.95000000000001 168.10000000000002 10.041791911176277 7.9500000000000011 267.33347680000003 6.3500000000000005 263.75733265000002 -0.0016728571428571424 -3.9999999999999982 24.850000000000005 38.660000000000004 -0.002018571428571429 0.0047217085000000004 1.5500000000000005 6.5000000000000009 0.0069500000000000004 19.500000000000004 12.350000000000003 41.500000000000007 17.650000000000002 -3.4242857142857139 0.096875485598484537 33.955000000000005 0.074950000000000003
decision_type=2 8 2 8 2 2 2 2 2 10 2 2 2 2 2 2 2 2 2 2 2 2 2 2 2 2 2 2 2 2
left_child=2 -2 4 -4 5 -1 10 8 -8 -9 11 -6 13 -12 15 -14 17 -17 -19 20 29 -22 23 -23 25 -11 27 -21 -29 -16
right_child=1 -3 3 -5 6 -7 7 9 -10 24 12 -13 14 -15 19 16 -18 18 -20 26 21 22 -24 -25 -26 -27 -28 28 -30 -31
leaf_value=-1.6538565154570217e-05 -0.00047722749902878622 0.0018642398871209784 0.0012822221730397466 -0.00029065600731930898 -0.000570758490033562 -0.00069251778770684238 0.00083820297812053468 -1.794691495055535e-05 5.6026270088517085e-05 -8.2050660207374527e-06 0.0010176653708381658 -2.2081102140399567e-05 0 0 -2.0441177861611005e-05 -4.5017037377271592e-05 0.00058349745903563284 5.8220978212825678e-05 0.00045166895490629549 9.6486892364696958e-06 -1.5902733871390772e-05 -0.00058937298233630779 -8.6234623156722975e-05 -0.00010118226307707212 0 0.00021250711092360856 -5.684270934709771e-06 0 0.00052957833483431582 7.8908244220898398e-05
leaf_weight=408 58 50 50 75 52 51 63 983 73 50 51 3278 2448 114 2425 278 69 797 52 1014 700 56 377 57 154 244 7391 119 66 247
leaf_count=408 58 50 50 75 52 51 63 983 73 50 51 3278 2448 114 2425 278 69 797 52 1014 700 56 377 57 154 244 7391 119 66 247
internal_value=3.1297e-06 0.000568072 6.74834e-08 0.000303996 -1.47267e-06 -0.000103859 5.16991e-07 5.73449e-05 0.000458328 1.5451e-05 -3.77592e-06 -3.23189e-05 1.76339e-06 0.000300105 -1.00274e-06 2.71136e-05 8.66198e-05 5.12757e-05 8.87045e-05 -9.63382e-06 -3.3194e-05 -8.24579e-05 -0.000167127 -0.000390025 9.97454e-05 0.000158121 3.79281e-07 4.18971e-05 0.000190769 -9.36066e-06
internal_weight=21850 108 21742 125 21617 459 21158 1567 136 1431 19591 3330 16261 165 16096 3644 1196 1127 849 12452 3862 1190 490 113 448 294 8590 1199 185 2672
internal_count=21850 108 21742 125 21617 459 21158 1567 136 1431 19591 3330 16261 165 16096 3644 1196 1127 849 12452 3862 1190 490 113 448 294 8590 1199 185 2672
is_linear=0
shrinkage=0.05


Tree=82
num_leaves=31
num_cat=0
split_feature=19 72 0 83 126 28 0 90 85 49 101 137 18 75 16 133 33 98 90 22 138 137 110 59 47 138 40 19 28 91
split_gain=0.012546 0.061608 0.0041753 0.031931 0.0017976 0.007727 0.00199211 0.00538127 0.00427378 0.00124265 0.00151375 0.00165156 0.00256206 0.00125035 0.00575964 0.00276432 0.00684587 0.00172424 0.00269319 0.00544686 0.00446866 0.0011556 0.001061 0.00096426 0.00198698 0.00286608 0.00104664 0.00354712 0.000961585 0.00147283
threshold=0.018424285714285716 23.325000000000006 0.41135000000000005 20.150000000000002 3.5000000000000004 36.750000000000007 0.21365000000000003 18.552040816326535 277.42196260000009 938.25000000000011 -12.723865099999982 1.7650000000000003 0.00031041666666666669 3.6500000000000008 6.8200000000000012 88.64500000000001 -0.49357382109376896 -6.5999999999999952 22.974489795918373 4.5000000000000009 6.6650000000000009 18.300000000000004 28.850000000000005 12.3695 7.5000000000000009 4.745000000000001 0.03500000000000001 -0.003815714285714283 44.600000000000009 21.650000000000002
decision_type=2 2 2 2 2 2 2 2 2 2 2 2 2 2 2 2 2 2 2 2 2 2 10 2 2 2 2 2 2 2
left_child=2 -2 4 -4 5 -1 9 -8 -9 -6 11 -11 -13 14 -12 17 -17 18 -15 20 -20 22 23 26 25 -25 28 -28 -19 -30
right_child=1 -3 3 -5 6 -7 7 8 -10 10 13 12 -14 15 -16 16 -18 21 19 -21 -22 -23 -24 24 -26 -27 27 -29 29 -31
leaf_value=0 -0.00054274722298590893 0.0017845239155494194 -0.00035562832550567697 0.0012144203760597685 -6.3773883967439531e-05 -0.00057960772703922949 -4.1845734721425684e-05 0.00050448834685406824 0 6.957111112592516e-06 -1.0939422434460477e-05 0 0.00045869233050980796 1.9421265477960238e-07 -0.0005100847011908627 0.00068482435317527429 -4.9946866548842596e-05 -1.1468566448988185e-05 0.00058900048749928834 3.3572375852462234e-05 0 0.00017093818518656515 -3.4552812255582466e-05 0.00052813859978021935 0 2.966319250724325e-05 0.00033397542034709841 1.0984693056665417e-05 0 0.0003037165127146883
leaf_weight=389 56 52 71 54 768 70 186 112 51 258 610 55 67 1514 66 50 55 11406 99 540 70 89 2876 50 466 127 93 1416 74 60
leaf_count=389 56 52 71 54 768 70 186 112 51 258 610 55 67 1514 66 50 55 11406 99 540 70 89 2876 50 466 127 93 1416 74 60
internal_value=2.9142e-06 0.000538011 1.60798e-09 0.000287205 -1.44106e-06 -9.92867e-05 4.49878e-07 0.000118915 0.000331984 -1.30232e-06 8.45267e-07 9.96795e-05 0.000253463 -8.15636e-07 -6.77395e-05 1.30742e-06 0.000255934 0 4.12277e-05 0.000121685 0.000371962 -5.64275e-06 -6.90333e-06 -7.28317e-07 5.85198e-05 0.000200741 -4.03522e-06 3.44099e-05 -9.49819e-06 0.000120025
internal_weight=21850 108 21742 125 21617 459 21158 349 163 20809 20041 380 122 19661 676 18985 105 18880 2223 709 169 16657 16568 13692 643 177 13049 1509 11540 134
internal_count=21850 108 21742 125 21617 459 21158 349 163 20809 20041 380 122 19661 676 18985 105 18880 2223 709 169 16657 16568 13692 643 177 13049 1509 11540 134
is_linear=0
shrinkage=0.05


Tree=83
num_leaves=31
num_cat=0
split_feature=2 120 121 3 126 28 94 3 3 123 2 89 12 43 33 3 141 77 131 22 30 33 141 83 92 119 104 126 131 112
split_gain=0.0112437 0.0585787 0.00380669 0.0123071 0.00226075 0.00830276 0.00199276 0.0183598 0.00282632 0.00188897 0.00336632 0.00960458 0.0018833 0.00296574 0.00254572 0.00305201 0.0022756 0.00232089 0.00177847 0.00136688 0.00141544 0.0021414 0.00403126 0.0029115 0.00346972 0.00136993 0.00114514 0.00459705 0.0314608 0.00301998
threshold=0.048280649000000009 277.96053635000004 2.6500000000000008 0.052576056500000003 2.5000000000000004 36.750000000000007 13.500000000000002 0.38912885600000008 0.66968249400000013 -0.70710678118654735 0.0017822580000000003 45.250000000000007 0.10129067350000001 0.31550000000000006 -0.46039409929692493 0.21173239350000003 33.720000000000006 273.09325690000009 93.410858925704943 3.5000000000000004 -3.4242857142857139 -0.91468654445917663 33.955000000000005 14.65 1.7500000000000004 14.850000000000003 19.95000000000001 88.500000000000014 30.210440651388549 264.16060875000005
decision_type=2 8 10 2 2 2 2 2 2 2 2 2 2 2 2 2 2 2 2 2 2 2 2 2 2 8 2 2 2 8
left_child=2 -2 4 -4 5 -1 8 9 19 10 -8 -12 14 -14 15 16 -11 -18 -16 25 21 22 -21 -24 -25 -6 -22 28 -28 -29
right_child=1 -3 3 -5 6 -7 7 -9 -10 12 11 -13 13 -15 18 -17 17 -19 -20 20 26 -23 23 24 -26 -27 27 29 -30 -31
leaf_value=0 -0.00050401143191019235 0.0017697995814252828 0 0.00087111655929821051 -7.9686518004279101e-05 -0.00072049291332922289 2.9874017157374072e-05 0.00070009773756028152 -0.00030219888330221452 3.7545139987079404e-06 0.00077361479342676661 0 0 -0.0004319222764461302 -7.0589635140661213e-05 0.00043132270165369851 0.00050338244689135956 0 1.2259849245529269e-05 0 -1.5184864775254893e-05 0 3.5846285736208283e-05 0.00063241523117347456 5.4138989507919174e-05 0 0.0011725454339824809 -0.00029949115701008834 1.64700020412295e-05 0
leaf_weight=222 58 50 149 52 1179 50 902 99 81 721 61 85 70 64 1082 59 51 71 1422 302 9619 1286 130 84 68 1048 65 88 638 1994
leaf_count=222 58 50 149 52 1179 50 902 99 81 721 61 85 70 64 1082 59 51 71 1422 302 9619 1286 130 84 68 1048 65 88 638 1994
internal_value=2.81728e-06 0.000509386 4.77036e-08 0.000216303 -1.74802e-06 -0.00014472 0 2.887e-05 -8.0498e-06 1.31473e-05 7.23065e-05 0.000298458 -2.96998e-06 -0.000186822 2.84834e-06 7.60876e-05 4.48196e-05 0.000244854 -2.1558e-05 -6.28467e-06 -2.45594e-07 3.99192e-05 0.000119365 0.000255077 0.000408437 -4.27306e-05 -6.70655e-06 2.07766e-05 0.000131978 -1.44161e-05
internal_weight=21850 108 21742 201 21541 272 21269 4687 16582 4588 1048 146 3540 134 3406 902 843 122 2504 16501 14274 1870 584 282 152 2227 12404 2785 703 2082
internal_count=21850 108 21742 201 21541 272 21269 4687 16582 4588 1048 146 3540 134 3406 902 843 122 2504 16501 14274 1870 584 282 152 2227 12404 2785 703 2082
is_linear=0
shrinkage=0.05


Tree=84
num_leaves=31
num_cat=0
split_feature=2 66 0 110 126 6 0 104 49 126 0 137 77 83 133 100 98 103 2 104 1 93 89 142 59 141 115 112 138 138
split_gain=0.0100727 0.057967 0.00367875 0.0293157 0.00158292 0.0112251 0.00187307 0.00524497 0.00220464 0.00114757 0.00435228 0.00118004 0.00116364 0.00546072 0.00468361 0.00676144 0.00141492 0.0016393 0.00603927 0.00139798 0.00148235 0.00151322 0.00104994 0.00102633 0.00140632 0.00243146 0.00115436 0.00159212 0.00177591 0.00108278
threshold=0.048280649000000009 23.325000000000006 0.41135000000000005 19.050000000000004 4.5000000000000009 0.01447916666666667 0.21365000000000003 0.8500000000000002 974.95000000000016 6.5000000000000009 0.031750000000000007 18.300000000000004 266.97382150000004 6.3500000000000005 88.64500000000001 -0.40000000000003405 -6.6999999999999966 1691.1500000000003 0.0028720645000000007 0.35000000000000009 0.04283675750000001 273.35612550000008 55.250000000000007 135.82898045752839 12.3695 24.465000000000003 17.450000000000003 278.96782025000005 6.4250000000000007 4.745000000000001
decision_type=2 2 2 8 2 2 2 2 2 2 2 2 2 2 2 2 2 2 2 2 2 2 2 2 2 2 10 10 2 2
left_child=2 -2 4 -4 5 -1 9 -8 -9 10 -6 12 13 -11 16 -16 17 18 -14 20 -18 -22 23 -21 26 -26 -25 28 -28 -27
right_child=1 -3 3 -5 6 -7 7 8 -10 11 -12 -13 14 -15 15 -17 19 -19 -20 22 21 -23 -24 24 25 29 27 -29 -30 -31
leaf_value=-5.4062636692663805e-06 -0.00056512662219782277 0.0016938198684881671 0.0012163826536989825 -0.0003033610889638352 0 -0.00077730255576239401 0.00046583248715118008 0.00021601272737106506 -9.0995582629188187e-05 -0.000544066605088329 0.00045800805335210717 0.0001576318371330853 4.6036521351225725e-05 -2.1502328770571103e-05 0 0.00074925558703755235 -2.238109935623547e-05 0 0.00057501597475955292 -1.7825204217880226e-05 -6.990042686097577e-05 -0.00039667407906085451 -0.00019145148864481602 0 0.0003783103632180988 0.00014063506627976229 0.00042974255918975802 0 8.9901996291833743e-06 0
leaf_weight=556 56 52 50 75 231 52 81 85 180 51 64 112 649 3065 50 50 1829 1168 62 4408 268 58 70 7297 64 203 61 252 88 563
leaf_count=556 56 52 50 75 231 52 81 85 180 51 64 112 649 3065 50 50 1829 1168 62 4408 268 58 70 7297 64 203 61 252 88 563
internal_value=2.73362e-06 0.000482204 9.99026e-08 0.000269683 -1.24007e-06 -8.08018e-05 8.28198e-07 0.000116153 0 -8.66469e-07 9.64652e-05 -2.52631e-06 -3.66643e-06 -3.18311e-05 1.16369e-06 0.000340747 -5.55642e-07 4.00246e-05 9.99294e-05 -5.9171e-06 -4.32117e-05 -0.000144364 0 1.31734e-06 1.1799e-05 7.40106e-05 4.43316e-06 8.69208e-05 0.000216294 4.16071e-05
internal_weight=21850 108 21742 125 21617 608 21009 346 265 20663 295 20368 20256 3116 17140 100 17040 1879 711 15161 2155 326 13006 12936 8528 830 7698 401 149 766
internal_count=21850 108 21742 125 21617 608 21009 346 265 20663 295 20368 20256 3116 17140 100 17040 1879 711 15161 2155 326 13006 12936 8528 830 7698 401 149 766
is_linear=0
shrinkage=0.05


Tree=85
num_leaves=31
num_cat=0
split_feature=120 13 2 1 1 7 116 69 118 76 14 121 94 75 128 100 104 125 7 75 119 138 128 128 2 76 19 137 34 101
split_gain=0.00476939 0.0686568 0.0167581 0.00342007 0.00403209 0.00425571 0.00906467 0.00192809 0.00138628 0.00123195 0.00105477 0.00211901 0.00366961 0.00150697 0.00169923 0.00311144 0.00116178 0.00148602 0.00360917 0.00531995 0.00459219 0.0050863 0.00313182 0.00312083 0.00139622 0.0016684 0.00368972 0.00184912 0.00644097 0.00167754
threshold=284.74030595000005 0.0040704037152777782 0.048280649000000009 0.29207440000000007 0.024989248000000002 0.055700000000000006 277.56721895000004 273.22116550000004 24.050000000000004 0.25000000000000006 0.03607002950000001 0.25000000000000006 11.500000000000002 3.6500000000000008 8.6897550436737365 2.1499999999999777 0.35000000000000009 2.5000000000000004 0.069200000000000025 10.550000000000002 5.7500000000000009 4.2600000000000007 9.535534966078524 10.010209610288253 0.018264717500000003 4.5500000000000016 -0.0045171428571428559 1.0000000180025095e-35 0.083400105935151944 -11.989414850000001
decision_type=10 2 2 2 2 2 10 2 8 2 2 10 2 2 2 2 2 2 2 2 10 2 2 2 2 2 2 2 2 2
left_child=2 3 10 4 9 6 -6 -7 -4 -2 16 13 -13 -12 15 -15 -1 18 20 23 21 -18 -21 -20 25 27 -27 28 -19 -29
right_child=1 -3 8 -5 5 7 -8 -9 -10 -11 11 12 -14 14 -16 -17 17 24 19 22 -22 -23 -24 -25 -26 26 -28 29 -30 -31
leaf_value=-3.3540001201569498e-05 -2.0529867550924663e-05 0.0016726823782373685 -0.00028772234465577643 -0.00034646430716304624 0.00085540364095397286 -2.9811983115816277e-05 8.7237105179410298e-06 0.00019016318349148042 -0.00089319681236072661 0.00019133749704217605 -0.00028498280431125603 -4.7446705295511013e-05 0.0004741980464826123 -2.8481562399881489e-06 -5.5309305812286391e-05 0.00042064325219986066 0.00063541962061647392 3.0036100951392848e-07 0.00060862889201520308 -0.00023961982455512044 -1.478652052496764e-05 4.0392492363072915e-05 8.4103151545375957e-05 0.00015386734961882724 0.00023238188863967569 -0.00046037984025858002 -3.6566958625296834e-05 0.00010981430418413065 0.00060725089507546474 -6.7651261278787512e-06
leaf_weight=2176 1399 64 55 59 60 223 92 147 51 69 72 52 53 116 1759 53 57 280 78 79 2479 153 604 163 61 58 838 315 55 10074
leaf_count=2176 1399 64 55 59 60 223 92 147 51 69 72 52 53 116 1759 53 57 280 78 79 2479 153 604 163 61 58 838 315 55 10074
internal_value=3.4078e-07 7.19231e-05 -7.0937e-06 1.86932e-05 3.21994e-05 0.000151926 0.000379026 4.43835e-05 -0.00063139 -7.04438e-06 -3.4256e-06 -3.68825e-05 0.000170679 -5.03581e-05 -3.8861e-05 0.000102244 3.21395e-07 5.46791e-06 3.36007e-05 0.00011895 2.38075e-06 0.000227843 3.90538e-05 0.00032362 -2.80785e-06 -4.49264e-06 -7.00581e-05 5.25233e-07 0.000116341 -2.73891e-06
internal_weight=21794 2113 19681 2049 1990 522 152 370 106 1468 19575 2105 105 2000 1928 169 17470 15294 3613 924 2689 210 683 241 11681 11620 896 10724 335 10389
internal_count=21794 2113 19681 2049 1990 522 152 370 106 1468 19575 2105 105 2000 1928 169 17470 15294 3613 924 2689 210 683 241 11681 11620 896 10724 335 10389
is_linear=0
shrinkage=0.05


Tree=86
num_leaves=31
num_cat=0
split_feature=99 140 126 28 126 1 2 2 14 14 77 93 14 119 91 22 4 73 141 76 19 135 91 85 75 105 66 134 135 138
split_gain=0.00454716 0.0146095 0.00369488 0.00533449 0.00473085 0.0407009 0.00757693 0.00370608 0.00203014 0.000961901 0.00156632 0.00373246 0.00114458 0.00302407 0.00190082 0.00272609 0.00188796 0.0014595 0.00414261 0.00143897 0.00300627 0.00130656 0.00201396 0.0024924 0.00278332 0.00459861 0.00155169 0.00128945 0.0012626 0.00113866
threshold=4.4500000000000464 63.390000000000008 1.5000000000000002 29.450000000000003 8.5000000000000018 0.14216828450000005 0.048280649000000009 0.0047217085000000004 0.050992547000000006 0.03607002950000001 264.26227365000005 263.13616140000005 0.020547432000000001 20.650000000000002 33.550000000000004 4.5000000000000009 0.014797272500000002 38.250000000000007 38.640000000000008 6.4500000000000011 -0.0026585714285714272 67.780000000000015 21.550000000000004 267.23557975000006 11.350000000000003 28.500000000000004 14.775000000000002 3.8550000000000004 3.8850000000000002 4.8150000000000004
decision_type=2 2 2 2 2 2 2 2 2 2 2 2 2 10 2 2 2 2 2 2 2 2 2 2 2 2 2 2 2 2
left_child=2 -2 3 -1 5 7 9 8 -4 12 -11 -12 14 21 17 -16 -15 19 28 27 -21 22 23 24 -14 -26 -24 -6 -19 -30
right_child=1 -3 4 -5 6 -7 -8 -9 -10 10 11 -13 13 16 15 -17 -18 18 -20 20 -22 -23 26 -25 25 -27 -28 -29 29 -31
leaf_value=0 1.1789406835378324e-05 0.00094928829671808441 0 -0.00066672880515897335 -7.4451723648386882e-05 0.0010678178271998399 -0.00042989550876553129 0.00038739670682905674 -0.00032797863754026107 -0.0003072072047824887 0.00036914332899738971 -3.866261460956664e-05 -1.5847777780089838e-05 1.8406254000605975e-05 -0.00046255057653912378 -3.7224911942381054e-05 0.00050351196195432837 0.00024128240352140333 0.00041315775479500492 -0.00043675764412016678 -3.7680475106906479e-05 -1.874304552971741e-05 0.00044949458429879808 -2.9755682705451744e-05 0.00050758615499628087 5.5048002728305489e-05 8.1479640544633499e-05 0 8.8904054431195311e-05 -2.2369208663389954e-05
leaf_weight=90 248 52 864 50 607 98 104 58 50 54 55 2049 204 70 53 250 54 62 74 56 595 1278 52 835 91 229 191 12209 311 801
leaf_count=90 248 52 864 50 607 98 104 58 50 54 55 2049 204 70 53 250 54 62 74 56 595 1278 52 835 91 229 191 12209 311 801
internal_value=3.31829e-07 0.000193514 -2.14076e-06 -0.0002573 -2.21791e-07 0.000101947 -5.86251e-06 0 -2.11865e-05 -3.40826e-06 -3.49619e-05 -2.54567e-05 9.43605e-08 2.85289e-05 -5.26192e-06 -0.000129346 0.000272 -2.35849e-06 4.88275e-05 -7.47647e-06 -8.02956e-05 1.62198e-05 4.7225e-05 1.929e-05 0.000106877 0.000200495 0.000182243 -3.38147e-06 2.12755e-05 4.31084e-06
internal_weight=21794 300 21494 140 21354 1070 20284 972 914 20180 2158 2104 18022 3004 15018 303 124 14715 1248 13467 651 2880 1602 1359 524 320 243 12816 1174 1112
internal_count=21794 300 21494 140 21354 1070 20284 972 914 20180 2158 2104 18022 3004 15018 303 124 14715 1248 13467 651 2880 1602 1359 524 320 243 12816 1174 1112
is_linear=0
shrinkage=0.05


Tree=87
num_leaves=31
num_cat=0
split_feature=99 140 126 3 126 1 2 2 14 52 133 14 49 103 133 137 29 103 131 36 141 16 25 24 2 90 23 116 137 133
split_gain=0.00414839 0.0131754 0.00336291 0.00505873 0.00426418 0.0367818 0.00684429 0.00335286 0.00183388 0.000944645 0.00375611 0.00103819 0.00162653 0.00370668 0.00109246 0.000918099 0.000887688 0.00151828 0.00143576 0.00099042 0.00182257 0.00175732 0.00157253 0.000879088 0.000849567 0.00144843 0.000751881 0.000723326 0.00526209 0.00367326
threshold=4.4500000000000464 63.390000000000008 1.5000000000000002 0.023616197000000002 8.5000000000000018 0.14216828450000005 0.048280649000000009 0.0047217085000000004 0.050992547000000006 30.500000000000004 88.200000000000003 0.045132312000000001 991.75000000000011 2868.7000000000003 88.64500000000001 18.300000000000004 49.95000000000001 2848.7500000000005 118.63798839404522 283.73129480000006 38.660000000000004 0.89000000000000012 16.500000000000004 57.550000000000004 0.0055886015000000009 15.794897959183675 18.584722222222226 266.8941885000001 1.0000000180025095e-35 88.200000000000003
decision_type=2 2 2 2 2 2 2 2 2 2 2 2 2 2 2 2 2 2 2 2 2 2 2 2 2 2 2 8 2 2
left_child=2 26 3 -1 5 7 9 8 23 11 16 15 14 -14 -13 27 19 18 -18 24 21 -21 -23 -4 -11 -26 -2 28 -6 -29
right_child=1 -3 4 -5 6 -7 -8 -9 -10 10 -12 12 13 -15 -16 -17 17 -19 -20 20 -22 22 -24 -25 25 -27 -28 29 -30 -31
leaf_value=0 0.00017494692264380482 0.00090271944580445906 -2.5526067255318555e-05 -0.0006438768540829188 0.00047521354636222488 0.0010149662389112839 -0.00040860544196108268 0.00036835515985839562 -0.00031190125424045086 2.8723411279353292e-07 0.00037748111824475929 -4.6976670789064938e-05 -0.00055969195625306498 0 0.0001566508672756933 0.00016094161936283096 0.00033343019772283421 -2.1377063302360678e-06 4.361450772166234e-05 -5.5876660308906726e-05 0.00035720246731890025 0.00035489520766502887 0 0.00010952168466823133 0 -0.00020660575792884203 -1.5250732968818511e-05 -9.9484339395032899e-06 7.0090033534470004e-07 -0.00042236733002143665
leaf_weight=90 60 52 721 50 61 98 104 58 50 5500 69 1075 50 64 60 78 85 247 195 192 53 61 51 143 158 135 188 10569 1423 54
leaf_count=90 60 52 721 50 61 98 104 58 50 5500 69 1075 50 64 60 78 85 247 195 192 53 61 51 143 158 135 188 10569 1423 54
internal_value=3.02e-07 0.000184829 -2.04938e-06 -0.000245479 -2.07864e-07 9.67777e-05 -5.57495e-06 0 -2.02903e-05 -3.22998e-06 1.16783e-05 -1.10888e-05 -5.50147e-05 -0.000241541 -3.16824e-05 -6.17179e-06 7.09341e-06 6.94949e-05 0.000150261 9.22861e-07 8.2227e-05 1.68798e-05 0.000185244 0 -3.23796e-06 -8.61933e-05 1.12023e-05 -7.67458e-06 2.38797e-05 -1.25551e-05
internal_weight=21794 300 21494 140 21354 1070 20284 972 914 20180 6746 13434 1249 114 1135 12185 6677 527 280 6150 357 304 112 864 5793 293 248 12107 1484 10623
internal_count=21794 300 21494 140 21354 1070 20284 972 914 20180 6746 13434 1249 114 1135 12185 6677 527 280 6150 357 304 112 864 5793 293 248 12107 1484 10623
is_linear=0
shrinkage=0.05


Tree=88
num_leaves=31
num_cat=0
split_feature=120 13 2 11 1 7 116 48 76 105 77 16 85 19 99 0 12 136 104 21 0 14 2 92 15 93 84 119 7 136
split_gain=0.00383221 0.0617649 0.0133559 0.00440084 0.00310732 0.00401611 0.00811267 0.00231111 0.00108302 0.00101023 0.000980937 0.00249246 0.00233242 0.00776592 0.00140417 0.00978097 0.00206876 0.00134123 0.00173148 0.00348664 0.00115297 0.00108995 0.000937829 0.000889628 0.0011681 0.00240278 0.00139273 0.00126608 0.00212027 0.00206593
threshold=284.74030595000005 0.0040704037152777782 0.048280649000000009 0.0057378994097222235 0.024989248000000002 0.055700000000000006 277.56721895000004 54.500000000000007 0.25000000000000006 17.500000000000004 267.33347680000003 17.135000000000005 263.75733265000002 -0.0016728571428571424 2.4000000000000346 0.18590000000000004 0.072194520500000012 0.33500000000000008 14.950000000000005 0.57638888888888895 0.41135000000000005 0.020747941000000002 0.0011228025000000004 22.650000000000006 0.00066354166666666677 262.84702940000005 13.450000000000005 7.1500000000000012 0.046000000000000006 0.41500000000000004
decision_type=10 2 2 2 2 2 10 2 2 2 2 2 2 2 2 2 2 2 2 2 2 2 2 2 2 2 2 8 2 2
left_child=2 3 10 4 8 6 -6 -4 -2 22 11 -1 13 -12 20 16 17 18 21 -20 23 -16 -7 24 25 26 -14 28 29 -26
right_child=1 -3 7 -5 5 9 -8 -9 -10 -11 12 -13 14 -15 15 -17 -18 -19 19 -21 -22 -23 -24 -25 27 -27 -28 -29 -30 -31
leaf_value=-2.074443983634057e-05 -1.920967602750352e-05 0.0015826559897619656 -0.00083771353802014224 -0.00043917077929483435 0.00080218243336335553 0.00021973713252661567 0 -0.0001866247098358279 0.00017929823753573668 -2.0163299214439284e-05 0.00069072164350215634 -0.0003507070668811288 -0.0004391399246553472 0 -3.4050562204242342e-05 0.00062783987192866018 -0.00017280797044113715 0 0.00045171648027628013 0 -0.00020504612665406545 0.00012856216839173161 0 -4.4993083986996842e-05 0.00027095930910696087 -7.3828087498429606e-06 -3.8090915463654057e-05 6.8402064848113199e-06 -8.4249113356563122e-06 2.9703962730103229e-05
leaf_weight=3064 1399 64 53 50 60 105 92 53 69 223 52 60 51 132 222 68 126 912 87 87 72 158 51 1215 203 8273 97 4136 305 255
leaf_count=3064 1399 64 53 50 60 105 92 53 69 223 52 60 51 132 222 68 126 912 87 87 72 158 51 1215 203 8273 97 4136 305 255
internal_value=3.16267e-07 6.45031e-05 -6.32387e-06 1.3896e-05 2.79423e-05 0.000132006 0.000352133 -0.000563685 -6.35988e-06 2.98708e-05 -3.02167e-06 -2.87919e-05 1.56958e-06 0.000178148 -1.31223e-07 4.31059e-05 1.46127e-05 3.42363e-05 9.56021e-05 0.000229777 -5.38976e-06 2.05987e-05 0.000132914 -4.04274e-06 0 -1.15951e-05 -0.000211867 1.9102e-05 7.89292e-05 0.000147887
internal_weight=21794 2113 19681 2049 1999 531 152 106 1468 379 19575 3124 16451 184 16267 1660 1592 1466 554 174 14607 380 156 14535 13320 8421 148 4899 763 458
internal_count=21794 2113 19681 2049 1999 531 152 106 1468 379 19575 3124 16451 184 16267 1660 1592 1466 554 174 14607 380 156 14535 13320 8421 148 4899 763 458
is_linear=0
shrinkage=0.05


Tree=89
num_leaves=31
num_cat=0
split_feature=99 67 126 28 0 93 59 160 112 19 33 101 40 19 43 91 19 0 131 109 98 12 63 126 0 119 1 36 134 104
split_gain=0.00363509 0.0136869 0.003122 0.00466597 0.00399291 0.0238134 0.00156342 0.0112743 0.0110741 0.00532485 0.00173892 0.00333613 0.0010242 0.00447466 0.0054815 0.00233907 0.00225422 0.001945 0.00173573 0.00234122 0.000728102 0.00142131 0.00262814 0.002034 0.0033411 0.00179076 0.00133541 0.0013819 0.00129003 0.00209033
threshold=4.4500000000000464 12.250000000000002 1.5000000000000002 29.450000000000003 0.41135000000000005 268.17125890000005 11.844500000000002 0.0039230769230769241 272.61000255000005 0.018424285714285716 0.28159947263761043 -2.4526432500000221 0.03500000000000001 -0.0043414285714285699 0.36150000000000004 6.2500000000000009 -0.0025171428571428562 0.00095000000000000011 22.648845511130229 0.25000000000000006 -4.0999999999999979 0.10129067350000001 5.5854000000000008 45.500000000000007 0.16045000000000001 5.8500000000000005 0.0097925145000000019 267.34712670000005 13.275000000000002 0.65000000000000024
decision_type=2 2 2 2 2 2 2 2 10 2 2 2 2 2 2 2 2 2 2 2 2 2 2 2 2 10 2 2 2 2
left_child=2 -2 3 -1 6 -6 9 8 -8 12 -9 -12 18 14 -14 17 -17 -15 19 -4 21 23 -23 24 25 -20 -27 28 29 -28
right_child=1 -3 4 -5 5 -7 7 10 -10 -11 11 -13 13 15 -16 16 -18 -19 20 -21 -22 22 -24 -25 -26 26 27 -29 -30 -31
leaf_value=0 0.00091172670506728967 0 -5.0379983872047554e-05 -0.00061915151072610699 -0.0002842007270614536 0.0011218191696075247 0 -3.8700707507843013e-06 0.0010623972700250304 -0.0003914960335565007 0.00040905001112894921 0 0 0 0.00069291310297591162 0.00034810117521116797 1.0462904773541481e-05 -0.00043894999513320409 0.00027462419360274511 -0.00043384312913917288 -1.263323384012078e-05 -0.00042863263188194778 0 -5.9512772512051859e-06 0.000453062764432265 -1.1817928948550799e-05 0 1.2490882194900837e-06 0 0.00040467406839933562
leaf_weight=90 51 249 396 50 64 50 57 2041 51 89 76 206 61 59 54 52 1686 50 85 52 12100 50 95 2688 56 708 55 303 73 97
leaf_count=90 51 249 396 50 64 50 57 2041 51 89 76 206 61 59 54 52 1686 50 85 52 12100 50 95 2688 56 708 55 303 73 97
internal_value=2.40025e-07 0.00017299 -1.94643e-06 -0.000236491 -1.63581e-07 0.000293389 -1.98828e-06 3.53992e-05 0.000533352 -7.08792e-06 9.87752e-06 0.000126707 -4.97244e-06 2.85889e-05 0.000330925 6.89001e-06 2.36344e-05 -0.000212432 -9.20157e-06 -0.000106892 -6.2053e-06 1.10805e-05 -0.000138477 1.76778e-05 6.74026e-05 4.69411e-05 2.70319e-05 8.85017e-05 0.000183353 0.000265964
internal_weight=21794 300 21494 140 21354 114 21240 2431 108 18809 2323 282 18720 1962 115 1847 1738 109 16758 448 16310 4210 145 4065 1377 1321 1236 528 225 152
internal_count=21794 300 21494 140 21354 114 21240 2431 108 18809 2323 282 18720 1962 115 1847 1738 109 16758 448 16310 4210 145 4065 1377 1321 1236 528 225 152
is_linear=0
shrinkage=0.05


Tree=90
num_leaves=31
num_cat=0
split_feature=2 82 120 11 120 17 9 23 17 14 61 126 5 75 98 129 10 118 105 83 136 138 37 120 150 139 137 84 85 136
split_gain=0.00754161 0.0648589 0.00256008 0.0179724 0.00304688 0.0191598 0.00210081 0.0110214 0.00478604 0.00131573 0.00182816 0.00262488 0.00235428 0.0015863 0.00119971 0.00183755 0.00083408 0.00419912 0.00219089 0.00106206 0.00271034 0.000830906 0.00171274 0.00106752 0.00169733 0.00243862 0.00188885 0.0037823 0.00258083 0.00306524
threshold=0.048280649000000009 20.170000000000005 289.99598200000008 0.0040165472500000013 284.74030595000005 0.20450000000000004 0.77756944444444454 24.378472222222225 0.065450000000000022 0.03607002950000001 81.450000000000017 14.500000000000002 61.965000000000011 3.1500000000000008 -11.649999999999997 7.5000000000000009 16.980000000000004 36.650000000000013 15.500000000000002 18.450000000000003 0.95500000000000007 12.310000000000002 1.0500000000000003 270.81799995000006 0.37857142857142867 87.760506709764101 0.065000000000000016 0.65000000000000024 265.80455500000011 0.34500000000000003
decision_type=2 2 10 2 10 2 2 2 2 2 2 2 2 2 2 2 2 10 2 2 2 2 2 10 2 2 2 2 2 2
left_child=2 -2 4 -4 9 6 -6 8 -8 14 -11 -12 13 -13 15 -1 21 18 -18 -20 -21 23 -23 -16 26 -26 27 -25 29 -29
right_child=1 -3 3 -5 5 -7 7 -9 -10 10 11 12 -14 -15 16 -17 17 -19 19 20 -22 22 -24 24 25 -27 -28 28 -30 -31
leaf_value=2.1137234260903723e-05 0.0015402357371696721 -0.00077791369952527546 -1.3191472855646372e-05 -0.0010021758911555963 -5.7883889032996104e-06 0.00097264376395558643 0.00084832605284827865 -3.4903333146354193e-05 0.00016796852473187479 -0.00027558035842444311 0.00027421279947380896 -0.00030570051555782013 -0.00027921596532817523 -1.4465509256891949e-05 0 0.00032572208694961908 0.00020714181902268836 0.00044347354574286632 -2.8953947594703973e-05 0 0.00024281063263471015 1.4701396602028456e-05 0.00030057499684234843 -2.743998058536966e-05 -5.5086726473109995e-05 -0.00037373639746614832 -3.0764842649984016e-05 0.00056758189056745328 0 2.0347975409147665e-05
leaf_weight=341 61 55 587 50 971 56 59 312 90 84 64 50 102 1784 9002 69 135 59 1192 517 142 1442 57 323 455 83 3584 79 70 68
leaf_count=341 61 55 587 50 971 56 59 312 90 84 64 50 102 1784 9002 69 135 59 1192 517 142 1442 57 323 455 83 3584 79 70 68
internal_value=6.15191e-07 0.000401123 -1.30253e-06 -0.000100106 1.43626e-06 7.0567e-05 3.1147e-05 0.00011961 0.000474565 -3.53441e-06 -4.11374e-05 -2.86592e-05 -4.13892e-05 -2.52925e-05 6.3187e-07 8.52299e-05 -1.09806e-06 2.84886e-05 1.34269e-05 0 5.00759e-05 -5.4197e-06 2.90983e-05 -9.57422e-06 -2.89994e-05 -0.000114125 -1.66571e-05 6.76178e-05 0.000231522 0.000350071
internal_weight=21943 116 21827 637 21190 1488 1432 461 149 19702 2084 2000 1936 1834 17618 410 17208 2045 1986 1851 659 15163 1499 13664 4662 538 4124 540 217 147
internal_count=21943 116 21827 637 21190 1488 1432 461 149 19702 2084 2000 1936 1834 17618 410 17208 2045 1986 1851 659 15163 1499 13664 4662 538 4124 540 217 147
is_linear=0
shrinkage=0.05


Tree=91
num_leaves=31
num_cat=0
split_feature=19 114 121 1 120 11 77 91 85 19 99 1 11 43 21 9 6 4 3 75 142 93 139 43 83 98 59 142 96 132
split_gain=0.00674148 0.066881 0.00235019 0.0145028 0.00225777 0.0162108 0.00113168 0.00384766 0.00272498 0.0111108 0.00199752 0.0107948 0.00261067 0.00210006 0.00275686 0.00140811 0.0022631 0.00128733 0.00119138 0.00116344 0.000983277 0.00094347 0.00278596 0.00138482 0.00117977 0.000982014 0.00133823 0.00237853 0.00378459 0.000938588
threshold=0.018424285714285716 20.850000000000005 2.0500000000000003 0.093418596000000007 289.99598200000008 0.0040165472500000013 267.33347680000003 6.6500000000000012 263.75733265000002 -0.0016728571428571424 2.4000000000000346 0.32127834050000009 0.0054437020069444458 0.39850000000000008 0.24305555555555558 0.042777777777777783 0.00051597222222222235 0.034660335500000007 0.10097021400000002 12.250000000000002 475.52976367548638 263.70833310000006 87.389466238151741 0.39850000000000008 16.150000000000002 -5.2999999999999972 8.1676500000000001 331.33182725521624 36.912500000000016 2.5000000000000004
decision_type=2 10 10 2 10 2 2 2 2 2 2 2 2 2 2 2 2 2 2 2 2 2 2 2 2 2 2 2 2 2
left_child=2 -2 4 -4 6 -6 7 -1 9 -8 17 12 13 18 -15 -16 -17 21 -12 -20 -18 22 24 -24 -10 26 -23 -28 -29 -22
right_child=1 -3 3 -5 5 -7 8 -9 10 -11 11 -13 -14 14 15 16 20 -19 19 -21 29 25 23 -25 -26 -27 27 28 -30 -31
leaf_value=-0.00044532520522592349 -0.00064408795624219177 0.0017214851863330827 -9.6425433075636443e-08 0.00090660596308047333 -1.2588763041942594e-05 -0.00095304962098096292 0.00081128310596675815 -1.825492336307719e-05 0.00018003557814356305 -1.3626530001193091e-06 -1.0996903843128984e-05 0.0007705515159314554 -0.00023674375270838074 0.00047864235877271064 -2.9978457372008786e-05 0.00037694083268797844 -6.0313305049654345e-06 -0.0001530998326436222 0.00025472752191878472 0 0 6.8626859278316778e-06 -0.00036578507961470072 0 -3.5126563705595103e-05 -4.5501526433703469e-06 0 6.0721538756464426e-05 0.00059225092650167269 0.00028975641655961228
leaf_weight=54 64 52 249 50 579 50 52 3488 71 148 1183 50 83 54 147 79 170 143 88 122 54 1540 95 50 498 12191 273 146 57 63
leaf_count=54 64 52 249 50 579 50 52 3488 71 148 1183 50 83 54 147 79 170 143 88 122 54 1540 95 50 498 12191 273 146 57 63
internal_value=5.82389e-07 0.000379256 -1.2183e-06 0.000137376 -3.38176e-06 -9.66778e-05 -3.30088e-07 -2.6301e-05 4.68288e-06 0.000188035 2.2433e-06 4.81829e-05 2.76893e-05 4.1552e-05 0.000123084 7.50703e-05 0.000130853 -3.81046e-06 4.71444e-06 0.000116551 4.46794e-05 -2.03446e-06 -5.815e-05 -0.000253504 0 4.37717e-07 3.30662e-05 0.000107168 0.00023665 0.000160161
internal_weight=21943 116 21827 299 21528 629 20899 3542 17357 200 17157 2093 2043 1960 567 513 366 15064 1393 210 287 14921 714 145 569 14207 2016 476 203 117
internal_count=21943 116 21827 299 21528 629 20899 3542 17357 200 17157 2093 2043 1960 567 513 366 15064 1393 210 287 14921 714 145 569 14207 2016 476 203 117
is_linear=0
shrinkage=0.05


Tree=92
num_leaves=31
num_cat=0
split_feature=2 69 120 11 1 103 0 14 49 11 133 100 4 126 3 43 22 96 89 128 135 11 85 69 156 14 88 156 133 91
split_gain=0.00602827 0.0621422 0.00212833 0.014665 0.00283927 0.0393401 0.00144494 0.000974093 0.001783 0.00539214 0.00304739 0.00430095 0.00125017 0.00234677 0.00526668 0.00341332 0.00158284 0.00157387 0.0022337 0.00789802 0.00207568 0.00202019 0.00200448 0.00210554 0.00244152 0.00196747 0.00151489 0.00119853 0.00345642 0.00305865
threshold=0.048280649000000009 272.51801995000005 289.99598200000008 0.0040165472500000013 0.41087726350000003 1483.4500000000003 0.41135000000000005 0.03607002950000001 991.75000000000011 0.0040165472500000013 88.64500000000001 -0.54999999999995441 0.00029107750000000005 11.500000000000002 0.21173239350000003 0.40050000000000008 2.5000000000000004 48.862500000000004 38.050000000000004 9.2517701771369225 30.955000000000002 0.00037444756944444453 276.99181270000003 273.52864750000009 0.46000000000000002 0.020084667500000004 27.837500000000006 0.10000000000000002 88.200000000000003 14.350000000000003
decision_type=2 2 10 2 2 2 2 2 2 2 2 2 2 2 2 2 2 2 2 2 2 2 2 2 2 2 2 2 2 2
left_child=2 -2 4 -4 7 -6 -7 12 10 -10 -9 -12 27 14 15 -14 -15 18 21 -20 22 26 23 -21 -25 -19 -18 28 -1 -29
right_child=1 -3 3 -5 5 6 -8 8 9 -11 11 -13 13 16 -16 -17 17 25 19 20 -22 -23 -24 24 -26 -27 -28 29 -30 -31
leaf_value=0 0.0016976000840333975 -0.00059133418985996954 -1.191315119160431e-05 -0.00090633149538417446 0.0014107425857846643 0 -0.00028423990057567706 -3.0920370353145587e-05 0 -0.00055312941774228919 0 0.00057735016422264061 0 -3.9439518172098328e-05 0.0006143411386537814 0.00036898738175320135 4.6056499865466491e-05 -0.00033565883804188693 0.00065539277636883627 -2.5022984275668587e-05 0 -1.5813589307334506e-06 0 0.00032651077878906304 4.0629851483546581e-05 0 0.00041019303093301407 -0.00039330356455431715 0.0003850047921728759 -2.343751885193888e-05
leaf_weight=7030 50 66 587 50 50 84 93 1766 183 64 51 50 424 1265 50 74 171 66 57 68 978 4037 213 239 174 97 50 58 58 3740
leaf_count=7030 50 66 587 50 50 84 93 1766 183 64 51 50 424 1265 50 74 171 66 57 68 978 4037 213 239 174 97 50 58 58 3740
internal_value=5.23091e-07 0.000358617 -1.16729e-06 -9.12662e-05 1.30944e-06 0.000176861 -0.000149571 -3.61376e-07 -3.27434e-05 -0.000160726 -1.3058e-05 0.00024749 3.00671e-06 1.82509e-05 0.000118886 5.79904e-05 1.01242e-05 2.11367e-05 2.60154e-05 7.41757e-05 5.09929e-05 5.27261e-06 0.000117157 0.000173747 0.000218533 -0.000126636 0.000152439 -7.68562e-06 3.83852e-06 -3.0504e-05
internal_weight=21943 116 21827 637 21190 227 177 20963 2114 247 1867 101 18849 7963 548 498 7415 6150 5987 1729 1672 4258 694 481 413 163 221 10886 7088 3798
internal_count=21943 116 21827 637 21190 227 177 20963 2114 247 1867 101 18849 7963 548 498 7415 6150 5987 1729 1672 4258 694 481 413 163 221 10886 7088 3798
is_linear=0
shrinkage=0.05


Tree=93
num_leaves=31
num_cat=0
split_feature=99 75 61 11 61 11 2 15 0 29 42 19 23 22 9 75 58 26 64 135 33 4 4 21 112 89 115 2 88 133
split_gain=0.00542583 0.029047 0.00243705 0.0286165 0.00338052 0.0523283 0.00689915 0.00601595 0.00316316 0.00135695 0.00289771 0.00149977 0.00104688 0.00101209 0.000819769 0.000807116 0.00199353 0.00195349 0.00291168 0.000804823 0.00141079 0.00103908 0.00123223 0.000842265 0.000799593 0.00110035 0.000778177 0.00223036 0.00102985 0.00205424
threshold=4.3500000000000236 12.950000000000001 65.15000000000002 0.0044942010138888898 224.05000000000004 0.0063192529166666679 0.048280649000000009 0.0055843750000000017 0.41135000000000005 51.250000000000007 0.38500000000000006 0.0028999999999999955 18.584722222222226 1.5000000000000002 1.2295138888888892 27.050000000000004 8.3499999999999996 1.5000000000000002 484.05000000000001 78.865000000000023 0.87158838256284976 0.012674918000000002 0.0032419345000000003 0.46527777777777785 290.71555170000005 38.550000000000004 17.550000000000004 0.0035617145000000003 30.437500000000007 88.200000000000003
decision_type=2 2 2 2 2 2 2 2 2 2 2 2 2 2 2 2 2 2 2 2 2 2 2 2 10 2 10 2 2 2
left_child=2 -2 3 14 5 7 8 9 13 11 -11 19 -3 24 -1 16 26 18 -18 21 -21 22 -4 -24 -6 -26 28 -28 -15 -30
right_child=1 12 4 -5 6 -7 -8 -9 -10 10 -12 -13 -14 15 -16 -17 17 -19 -20 20 -22 -23 23 -25 25 -27 27 -29 29 -31
leaf_value=-2.2731889503208059e-05 0.0012988545290507176 0.00017079195344396999 -2.5728840441294438e-05 -0.0012230251755440454 -5.9720511153488762e-05 0.0014927882816212538 -0.00041887961150525083 0.00041820666238386657 -0.00028185397111112217 0.00043329478544398663 0 -0.00023453136208669782 -3.1626044160830705e-05 4.7498896554334948e-06 0.00014321809498142103 -5.0928268105796547e-05 0.00051496199678305343 3.6251388338582153e-05 0 0.0003037150945361386 0 -0.00017839646470476628 0.00019286235236365228 0 -1.7545824962529765e-05 0.00023687828593080799 1.5762269912776844e-05 0.00030928002068346058 -1.8741895978871427e-05 -0.00031544984309514424
leaf_weight=472 50 80 1213 51 1171 61 100 87 101 53 78 76 255 11085 87 709 62 478 53 55 50 93 117 117 66 55 929 74 4004 61
leaf_count=472 50 80 1213 51 1171 61 100 87 101 53 78 76 255 11085 87 709 62 478 53 55 50 93 117 117 66 55 929 74 4004 61
internal_value=4.84105e-07 0.000186475 -2.61405e-06 -0.000101058 1.86189e-08 6.20595e-05 -6.26898e-06 1.37258e-05 -3.79246e-06 -2.79227e-06 0.000148066 -1.72583e-05 2.19607e-06 -2.01275e-06 0 8.68919e-07 3.3634e-06 9.33231e-05 0.000285082 -4.04612e-06 0.000124333 -1.61189e-05 -2.12013e-06 9.85739e-05 -4.47818e-05 5.81116e-05 0 4.26842e-05 -2.76958e-06 -2.45005e-05
internal_weight=21943 385 21558 610 20948 2000 18948 1939 18848 1852 131 1721 335 18747 559 17455 16746 593 115 1645 105 1540 1447 234 1292 121 16153 1003 15150 4065
internal_count=21943 385 21558 610 20948 2000 18948 1939 18848 1852 131 1721 335 18747 559 17455 16746 593 115 1645 105 1540 1447 234 1292 121 16153 1003 15150 4065
is_linear=0
shrinkage=0.05


Tree=94
num_leaves=31
num_cat=0
split_feature=2 114 121 1 11 121 62 77 33 6 128 49 98 90 2 40 76 13 1 76 83 101 29 131 133 43 19 111 31 142
split_gain=0.00568762 0.0624289 0.0019954 0.0125221 0.00168536 0.00697955 0.0109363 0.0204716 0.00718498 0.00228024 0.00146888 0.000893767 0.000882479 0.00257721 0.00587913 0.000837146 0.00258832 0.00384478 0.00162634 0.000672532 0.000803616 0.000786068 0.00141463 0.000668357 0.000658474 0.000574379 0.000818191 0.000574315 0.00116406 0.00128344
threshold=0.048280649000000009 20.850000000000005 2.0500000000000003 0.093418596000000007 0.0048372518750000012 0.15000000000000005 1.0000000180025095e-35 274.18743095000008 -0.61629719291933138 0.06072777777777779 10.60662219189628 938.25000000000011 -4.8500000000000005 23.839795918367347 0.0040711290000000006 0.045000000000000005 0.25000000000000006 0.00089877095138888902 0.00012807100000000003 8.2500000000000018 14.750000000000002 -12.723865099999982 28.450000000000003 37.757193452824723 88.64500000000001 0.37350000000000005 -0.00042142857142857124 17.250000000000004 38.350000000000001 219.01193893870956
decision_type=2 10 10 2 2 10 2 2 2 2 2 2 2 2 2 2 2 2 2 2 2 2 2 2 2 2 2 10 2 2
left_child=2 -2 4 -4 11 6 7 -6 -7 10 -8 23 13 -13 -15 19 18 -18 -17 21 -21 22 -14 -1 27 26 -20 28 -23 -30
right_child=1 -3 3 -5 5 8 9 -9 -10 -11 -12 12 15 14 -16 16 17 -19 25 20 -22 24 -24 -25 -26 -27 -28 -29 29 -31
leaf_value=-8.1139498696987646e-05 -0.00063891804296480796 0.0016467873847006626 0 0.00084138650285917819 -0.0011926370269112899 0.00074501670661465702 -3.2458165295551667e-05 0 0 -0.00027247320664981902 0.00020703541491485131 1.0029184991499196e-06 0.00023514746584320774 5.081426826899793e-05 0.00051225459614481848 -0.00023567747774583183 0 0.00056047937988854793 0.00026514572154285693 -0.00026580198120567593 -2.6281648444210387e-05 -3.876524541706312e-06 0 1.9483555530838269e-06 0.00016687096353659096 0 0 -3.3448846092292706e-05 0 0.00022287446720777859
leaf_weight=570 64 52 249 50 61 50 1046 79 92 98 64 2923 95 735 81 64 90 56 55 51 378 12309 168 229 53 270 50 1647 95 119
leaf_count=570 64 52 249 50 61 50 1046 79 92 98 64 2923 95 735 81 64 90 56 55 51 378 12309 168 229 53 270 50 1647 95 119
internal_value=4.50888e-07 0.000348291 -1.18452e-06 0.000126481 -3.1957e-06 -5.45112e-05 -9.24674e-05 -0.000512321 0.000268967 -3.92897e-05 -1.39752e-05 3.73077e-07 2.77332e-06 2.4689e-05 0.00010331 -2.19199e-06 5.57763e-05 0.000237531 0 -4.80444e-06 -6.69359e-05 -2.6148e-06 8.192e-05 -5.11032e-05 -4.53511e-06 3.48058e-05 0.000133581 -5.54079e-06 -1.46876e-06 0.000113141
internal_weight=21943 116 21827 299 21528 1490 1348 140 142 1208 1110 20038 19239 3739 816 15500 585 146 439 14915 429 14486 263 799 14223 375 105 14170 12523 214
internal_count=21943 116 21827 299 21528 1490 1348 140 142 1208 1110 20038 19239 3739 816 15500 585 146 439 14915 429 14486 263 799 14223 375 105 14170 12523 214
is_linear=0
shrinkage=0.05


Tree=95
num_leaves=31
num_cat=0
split_feature=2 114 121 19 11 160 34 83 104 137 82 81 134 126 22 96 137 78 116 142 0 47 137 92 114 3 1 77 111 128
split_gain=0.00321114 0.0485385 0.00159081 0.0118501 0.00167053 0.00310389 0.0032595 0.00320391 0.00108836 0.00146549 0.00572446 0.0129434 0.00724662 0.00135153 0.00249177 0.00520235 0.00374394 0.00518901 0.00844584 0.00201439 0.00189192 0.00177465 0.00237317 0.00161677 0.000970375 0.00116956 0.000956843 0.00109044 0.000965747 0.00094621
threshold=0.048280649000000009 19.550000000000004 2.0500000000000003 0.0004214285714285714 0.0064838019652777796 0.0020620748299319731 0.33641179247433789 9.5500000000000025 0.35000000000000009 1.0000000180025095e-35 21.486000000000008 24.750000000000004 4.1050000000000013 52.500000000000007 6.5000000000000009 48.862500000000004 1.6700000000000002 3.5000000000000004 276.92058055000007 582.05261898312324 0.060150000000000009 6.5000000000000009 0.75500000000000012 3.9500000000000011 8.6500000000000004 0.023137828000000003 0.04283675750000001 278.05937140000009 5.5500000000000007 10.158885299192166
decision_type=2 10 10 2 2 2 2 2 2 2 2 2 2 2 2 2 2 2 10 2 2 2 2 2 10 2 2 2 10 2
left_child=2 -2 4 -4 8 7 -7 -6 26 10 11 24 -13 14 15 16 19 18 -18 23 -20 22 -21 -11 -10 -26 -1 -28 -29 -16
right_child=1 -3 3 -5 5 6 -8 -9 9 13 -12 12 -14 -15 29 -17 17 -19 20 21 -22 -23 -24 -25 25 -27 27 28 -30 -31
leaf_value=-1.4366905649475253e-05 -0.00067466423992300416 0.0013940139672332357 -7.5273200667687396e-06 0.0008026425469590603 0 -7.3412737629579143e-05 0.00034181587693847879 -0.00060750972620250351 -4.7861762017968231e-05 -0.00024034130721298024 -0.00027140033422162762 8.5732038440675283e-06 0.00088152673059448724 -6.4612463970553152e-06 2.4135513130781099e-05 -0.00024114048245689408 0.00095962885018511146 0 5.1090252683216196e-05 7.754428947601449e-05 0.00038509966392363522 1.7796544707855969e-05 0.00048410280857343171 6.2477134597638223e-06 0 0.00028115222400811041 0 -0.00037974164037737901 -8.2742754822671518e-05 -3.1461432607462923e-05
leaf_weight=2343 57 52 259 51 64 403 51 53 264 71 89 51 79 12805 1557 114 50 195 156 165 95 324 68 522 92 59 95 52 251 1477
leaf_count=2343 57 52 259 51 64 403 51 53 264 71 89 51 79 12805 1557 114 50 195 156 165 95 324 68 522 92 59 95 52 251 1477
internal_value=9.54856e-07 0.000270475 -1.72895e-07 0.000111834 -2.02168e-06 -8.63432e-05 -1.51304e-05 -0.00031783 3.95329e-08 4.69321e-06 7.95055e-05 0.000146359 0.000579908 1.70966e-06 2.45741e-05 7.19646e-05 9.6819e-05 0.000214162 0.000344145 4.17222e-05 0.000198376 0.000111217 0.000219126 -1.52138e-05 0 0.000109391 -2.90835e-05 -0.000102934 -0.000151242 -1.28398e-06
internal_weight=21964 109 21855 310 21545 571 454 117 20974 18233 634 545 130 17599 4794 1760 1646 496 301 1150 251 557 233 593 415 151 2741 398 303 3034
internal_count=21964 109 21855 310 21545 571 454 117 20974 18233 634 545 130 17599 4794 1760 1646 496 301 1150 251 557 233 593 415 151 2741 398 303 3034
is_linear=0
shrinkage=0.05


Tree=96
num_leaves=31
num_cat=0
split_feature=99 81 34 19 2 0 0 11 103 15 118 6 19 50 103 6 0 126 141 33 135 75 82 92 133 93 136 122 76 139
split_gain=0.00397959 0.00562593 0.00208493 0.0341685 0.0156013 0.0152389 0.00307775 0.0012208 0.00220562 0.00158536 0.00409916 0.00450568 0.00105645 0.00171669 0.000803241 0.00154889 0.00132662 0.0010799 0.00363728 0.00730013 0.00127139 0.00339783 0.000980859 0.00187393 0.00240628 0.00242473 0.00127815 0.00105422 0.000876694 0.000990835
threshold=4.9500000000000464 32.150000000000013 0.15582660458020919 0.01497714285714285 0.048280649000000009 0.24405000000000002 0.41135000000000005 0.0055372198611111124 1145.4500000000003 0.0054489583333333343 9.2500000000000018 0.010089583333333334 0.014581428571428573 1014.35 1166.7500000000002 0.022136805555555559 0.074950000000000003 50.500000000000007 38.640000000000008 0.02128570457745629 0.25000000000000006 10.950000000000001 32.646000000000008 15.350000000000003 32.20000000000001 265.60320865000006 0.21500000000000002 9.5000000000000018 5.950000000000002 87.389466238151741
decision_type=2 2 2 2 2 2 2 2 2 2 10 2 2 2 2 2 2 2 2 2 2 2 2 2 2 2 2 2 2 2
left_child=2 -2 4 5 6 7 12 9 -9 -4 -11 -12 14 -14 15 16 -1 18 22 -20 21 -19 23 24 26 -26 27 -16 -22 -30
right_child=1 -3 3 -5 -6 -7 -8 8 -10 10 11 -13 13 -15 17 -17 -18 20 19 -21 28 -23 -24 -25 25 -27 -28 -29 29 -31
leaf_value=-2.7014808329888494e-05 0.00068641463270942759 0 8.0119330906404663e-07 0.0012799516316779234 -0.00065864628724027522 0.00084099731956269934 -0.00028646133929120793 -0.00037450618889247928 0 -0.00014241843665800503 0.00060020377146215382 0 -0.00027144571577385554 0 0 -0.00023472100719847914 0.00015458043241218402 0 0.00076013809186406436 1.306064297124497e-06 -2.0682455894575317e-06 0.00045123480233087319 -2.3795873767588802e-05 -7.5122676559563673e-06 0.00043505830515641722 7.5670821240073001e-05 -1.4962334611750685e-05 0.0002369574566856264 -2.519291465857047e-05 -0.00021443782987583238
leaf_weight=2322 50 60 4395 53 91 54 96 58 106 63 67 79 95 192 77 90 98 121 50 121 10259 55 938 930 93 190 414 107 539 101
leaf_count=2322 50 60 4395 53 91 54 96 58 106 63 67 79 95 192 77 90 98 121 50 121 10259 55 938 930 93 190 414 107 539 101
internal_value=9.19656e-07 0.000299618 -3.68674e-07 2.82075e-05 -8.86908e-06 1.315e-05 -5.03295e-06 2.55135e-06 -0.000129357 8.36294e-06 0.000142806 0.000300028 -3.10932e-06 -9.82808e-05 -1.14564e-06 -2.7404e-05 -1.75349e-05 3.20817e-06 3.0439e-05 0.000255386 -3.52209e-06 0.000128172 1.45403e-05 3.7158e-05 8.99367e-05 0.000212495 2.33314e-05 0.000136135 -6.11899e-06 -6.31464e-05
internal_weight=21964 110 21854 4875 16979 4822 16888 4768 164 4604 209 146 16792 287 16505 2510 2420 13995 2920 171 11075 176 2749 1811 881 283 598 184 10899 640
internal_count=21964 110 21854 4875 16979 4822 16888 4768 164 4604 209 146 16792 287 16505 2510 2420 13995 2920 171 11075 176 2749 1811 881 283 598 184 10899 640
is_linear=0
shrinkage=0.05


Tree=97
num_leaves=31
num_cat=0
split_feature=120 13 2 28 49 136 91 85 137 141 50 128 91 36 128 76 119 76 138 139 133 155 43 49 21 43 83 136 36 29
split_gain=0.00395925 0.0739714 0.0134342 0.00237718 0.00200645 0.00373048 0.00749881 0.00201751 0.000957959 0.00126425 0.00635301 0.00853965 0.00227312 0.00254112 0.00141014 0.000921984 0.001475 0.000917862 0.00332771 0.00194767 0.00122828 0.009708 0.00376394 0.00134655 0.000985467 0.000881943 0.0010215 0.000811748 0.000757415 0.0031859
threshold=284.74030595000005 0.0040704037152777782 0.048280649000000009 42.70000000000001 978.35000000000002 0.97500000000000009 19.950000000000003 264.03867240000005 1.5750000000000004 33.720000000000006 999.45000000000016 9.8640968164783356 33.850000000000001 271.31579840000006 10.247583401869251 1.0000000180025095e-35 9.3500000000000032 2.6500000000000008 14.455000000000002 87.760506709764101 87.815000000000012 0.031414473684210534 0.37350000000000005 988.6500000000002 0.50694444444444453 0.39850000000000008 14.250000000000002 3.9100000000000006 284.02251895000006 24.550000000000004
decision_type=10 2 2 2 2 2 2 2 2 2 2 2 2 2 2 2 8 2 2 2 2 2 2 2 2 2 2 2 2 2
left_child=2 3 8 4 5 -2 -7 -6 17 12 11 -11 27 -14 -12 16 -16 20 19 24 28 22 23 -22 -19 26 -21 -10 -1 -30
right_child=1 -3 -4 -5 7 6 -8 -9 9 10 14 -13 13 -15 15 -17 -18 18 -20 25 21 -23 -24 -25 -26 -27 -28 -29 29 -31
leaf_value=-1.0546860053928797e-05 1.0897152986130789e-05 0.0017013011557187316 -0.00058132541344741969 -0.00024050160813454446 0.00024210759915492118 0 0.00071383736126295145 -2.2593207653834224e-05 -1.1888542735372439e-05 0.00086191897617903098 -4.1284285442265385e-05 8.4309649098343267e-05 0.00048125718271109573 0 0.00023896554378094472 -6.8781091686570262e-06 3.7146900400776128e-05 0 0.00029841861785098451 -0.00051969769288667063 -4.9502874715933517e-05 0.00054129678431737627 -0.00041364092813784095 0.00025835038705219066 -8.8068502232853732e-05 0 -7.1701535753016939e-05 0.00012613338711699249 0.00042913543205370442 0
leaf_weight=11668 419 66 100 86 74 96 66 1337 4129 53 658 158 50 50 136 312 566 551 59 50 66 86 61 50 559 53 61 104 50 190
leaf_count=11668 419 66 100 86 74 96 66 1337 4129 53 658 158 50 50 136 312 566 551 59 50 66 86 61 50 559 53 61 104 50 190
internal_value=8.51586e-07 6.5576e-05 -5.90058e-06 1.04248e-05 2.3882e-05 0.000102523 0.000307311 -5.00824e-06 -2.69973e-06 1.31922e-05 4.7447e-05 0.000306363 -5.47796e-07 0.00023249 1.16207e-05 5.08845e-05 8.36423e-05 -1.03856e-05 -5.02541e-05 -7.05444e-05 -5.60455e-06 9.96449e-05 -8.86885e-05 4.15314e-05 -4.1133e-05 -0.00023785 -0.000320983 -7.28759e-06 -8.35711e-06 7.69562e-05
internal_weight=21964 2144 19820 2078 1992 581 162 1411 19720 6216 1883 211 4333 100 1672 1014 702 13504 1333 1274 12171 263 177 116 1110 164 111 4233 11908 240
internal_count=21964 2144 19820 2078 1992 581 162 1411 19720 6216 1883 211 4333 100 1672 1014 702 13504 1333 1274 12171 263 177 116 1110 164 111 4233 11908 240
is_linear=0
shrinkage=0.05


Tree=98
num_leaves=31
num_cat=0
split_feature=2 114 121 11 11 160 93 91 22 22 50 137 91 89 0 126 6 94 90 128 29 100 110 49 126 40 126 6 133 90
split_gain=0.00374146 0.0424695 0.00136302 0.00909182 0.00164513 0.00299573 0.0036133 0.00311744 0.000972608 0.00143658 0.0036138 0.0125386 0.00150379 0.00211962 0.00254394 0.00371675 0.00422865 0.0013544 0.00124458 0.00453292 0.00377188 0.000948836 0.000921263 0.000825258 0.000847734 0.000686869 0.00430514 0.0111257 0.00271371 0.00104791
threshold=0.048280649000000009 19.550000000000004 2.0500000000000003 0.0028240980833333334 0.0064838019652777796 0.0020620748299319731 271.37797935000003 9.5500000000000025 2.5000000000000004 4.5000000000000009 999.75000000000011 1.7650000000000003 33.95000000000001 38.050000000000004 0.18590000000000004 21.500000000000004 0.0075847222222222236 7.5000000000000009 15.660204081632656 8.3844366951598737 32.150000000000006 7.400000000000035 16.550000000000004 959.25000000000011 10.500000000000002 0.03500000000000001 89.500000000000014 0.0051986111111111122 87.815000000000012 13.020730397422126
decision_type=2 10 10 2 2 2 2 2 2 2 2 2 2 2 2 2 2 2 2 2 2 2 10 2 2 2 2 2 2 2
left_child=2 -2 4 -4 8 7 22 -6 21 10 11 17 13 18 15 16 -15 -10 19 -12 -20 23 -7 -1 -25 -11 27 29 -28 -27
right_child=1 -3 3 -5 5 6 -8 -9 9 25 12 -13 -14 14 -16 -17 -18 -19 20 -21 -22 -23 -24 24 -26 26 28 -29 -30 -31
leaf_value=-9.0547444112316474e-05 -0.00058726781956120876 0.0013425921793710791 0 0.00070768154527006406 0 -0.00030965971063638936 0.00025993647713106442 -0.00059912716202368892 0.00015184571978323606 -4.5551613663444932e-06 0.00043307054285605777 0.00083809709655695535 -0.00021839410643224259 3.6106585381882388e-06 -0.00013788693045687584 3.6431671383146571e-05 0.00055215028452217736 -0.0001104518161347948 -0.00039265541637119051 0 0 -0.00024934544791971417 -4.2802967653576775e-05 0.00013118555200476709 -1.7074547128001436e-05 0.000130885511923809 0 0.00066932781086507024 -0.00033920563437163766 -5.6734963809448025e-05
leaf_weight=388 57 52 259 51 64 51 86 53 94 15112 63 61 61 83 73 357 101 97 76 1124 419 53 317 98 1602 122 678 87 63 162
leaf_count=388 57 52 259 51 64 51 86 53 94 15112 63 61 61 83 73 357 101 97 76 1124 419 53 317 98 1602 122 678 87 63 162
internal_value=8.25293e-07 0.00029178 -4.10335e-07 0.000103208 -2.13803e-06 -8.58048e-05 -1.56026e-05 -0.0003134 0 3.7743e-06 3.82808e-05 0.000219617 1.66878e-05 2.52026e-05 0.000104815 0.000146984 0.000333095 0 -9.33554e-07 2.37641e-05 -7.01672e-05 -3.17791e-05 -9.40749e-05 -2.37463e-05 -5.51624e-06 -1.46859e-06 3.59517e-05 0.000176753 -2.79484e-05 6.49515e-06
internal_weight=21964 109 21855 310 21545 571 454 117 20974 18833 2609 252 2357 2296 614 541 184 191 1682 1187 495 2141 368 2088 1700 16224 1112 371 741 284
internal_count=21964 109 21855 310 21545 571 454 117 20974 18833 2609 252 2357 2296 614 541 184 191 1682 1187 495 2141 368 2088 1700 16224 1112 371 741 284
is_linear=0
shrinkage=0.05


Tree=99
num_leaves=31
num_cat=0
split_feature=99 81 120 13 2 28 49 136 91 93 112 133 104 139 85 21 69 33 0 80 126 75 73 81 23 17 34 134 120 49
split_gain=0.00351585 0.00497629 0.00221757 0.0356808 0.0126602 0.00213594 0.00186254 0.00328797 0.00663161 0.00181962 0.000780986 0.00238897 0.000958103 0.00213156 0.00586863 0.00775326 0.00579094 0.00287248 0.00160636 0.00136202 0.0012914 0.000983904 0.00176187 0.00446441 0.00802542 0.000798218 0.000762001 0.000646667 0.00146272 0.000753927
threshold=4.9500000000000464 32.150000000000013 284.74030595000005 0.0040704037152777782 0.048280649000000009 42.70000000000001 978.35000000000002 0.97500000000000009 19.950000000000003 263.81418490000004 267.38445695000007 87.315000000000012 0.35000000000000009 90.516136166816025 267.23557975000006 0.39583333333333343 267.83842540000006 -0.9644782556247028 0.023900000000000001 13.237500000000002 17.500000000000004 27.050000000000004 39.050000000000004 40.350000000000001 22.754166666666666 0.18355000000000002 -0.76677488412466388 6.6000000000000005 274.21274785000008 949.35000000000002
decision_type=2 2 10 2 2 2 2 2 2 2 8 2 2 2 2 2 2 2 2 2 2 2 2 2 2 2 2 2 8 2
left_child=2 -2 4 5 10 6 7 -4 -9 -8 11 -1 18 21 15 16 -15 -16 -12 -19 -20 22 27 24 -24 -25 -6 28 -14 -29
right_child=1 -3 3 -5 26 -7 9 8 -10 -11 12 -13 13 14 17 -17 -18 19 20 -21 -22 -23 23 25 -26 -27 -28 29 -30 -31
leaf_value=-1.9353911190883033e-05 0.00064530133837537257 0 1.0189672613056616e-05 0.0012018432406207117 -0.00023765264718117669 -0.00022873480960530375 0.00027043945923849774 0 0.00067274930644971526 -2.0522936142842648e-05 -7.3279391394133702e-06 -0.0003247044969333664 -0.00010101055153343119 3.1081231598310451e-05 -0.00035230826102094771 -3.0184691003005477e-05 0.00084385620168177407 -1.0353399852522111e-05 -0.00033653898283839655 0.00019665763645316473 -6.1329476378669539e-05 -5.4643329787088478e-05 0.00083566527547743901 0 3.9965191315151595e-05 0.00018167421201406608 -0.00078234931174437435 0.00011411916215980712 0 2.2474865311791327e-06
leaf_weight=1863 50 60 411 64 50 86 54 96 66 1356 1986 69 496 50 53 72 75 217 68 99 350 738 50 681 125 62 50 155 1385 11027
leaf_count=1863 50 60 411 64 50 86 54 96 66 1356 1986 69 496 50 53 72 75 217 68 99 350 738 50 681 125 62 50 155 1385 11027
internal_value=7.26412e-07 0.000281508 -4.70909e-07 4.76922e-05 -5.93585e-06 9.01223e-06 2.19532e-05 9.84855e-05 0.000290384 -5.65234e-06 -2.80536e-06 -3.30083e-05 2.12451e-07 5.10707e-06 0.000100351 0.000320781 0.000561256 -4.36736e-06 -2.88185e-05 3.91442e-05 -0.00011873 1.09836e-06 4.40204e-06 7.13283e-05 0.000299174 1.06132e-05 -0.000564555 0 -2.74119e-05 4.25538e-06
internal_weight=21964 110 21854 2133 19721 2069 1983 573 162 1410 19621 1932 17689 15285 566 197 125 369 2404 316 418 14719 13981 918 175 743 100 13063 1881 11182
internal_count=21964 110 21854 2133 19721 2069 1983 573 162 1410 19621 1932 17689 15285 566 197 125 369 2404 316 418 14719 13981 918 175 743 100 13063 1881 11182
is_linear=0
shrinkage=0.05


Tree=100
num_leaves=31
num_cat=0
split_feature=19 114 0 116 126 7 29 103 119 43 96 0 122 120 141 116 89 132 81 19 74 132 61 80 137 140 80 128 49 17
split_gain=0.00394285 0.0384685 0.00260211 0.0202768 0.00146431 0.0120339 0.000937273 0.00495768 0.00122473 0.000852335 0.001388 0.00161407 0.00174079 0.00150864 0.00416033 0.00688039 0.00594033 0.00216255 0.00159462 0.00122618 0.00115049 0.00174669 0.00114469 0.000997374 0.000947771 0.000809391 0.00442134 0.00728009 0.00211699 0.00123736
threshold=0.018424285714285716 19.550000000000004 0.41135000000000005 277.14616530000006 4.5000000000000009 0.15160000000000004 49.95000000000001 1013.3000000000001 7.8500000000000005 0.33050000000000007 45.037500000000016 0.018250000000000006 7.5000000000000009 269.72470170000003 33.720000000000006 272.06296420000007 38.150000000000013 3.5000000000000004 40.350000000000001 0.0028999999999999955 35.535714285714299 3.5000000000000004 233.15000000000001 30.637500000000006 1.0250000000000001 72.420000000000002 12.887500000000001 8.3844366951598737 989.55000000000007 0.028950000000000004
decision_type=2 10 2 8 2 2 2 2 10 2 2 2 2 8 2 10 2 2 2 2 2 2 2 2 2 2 2 2 2 2
left_child=2 -2 4 -4 5 -1 9 -8 -9 19 13 -12 -13 14 20 16 17 -16 -18 -6 -11 -22 -21 25 -14 -15 28 -28 -27 -29
right_child=1 -3 3 -5 6 -7 7 8 -10 10 11 12 24 23 15 -17 18 -19 -20 22 21 -23 -24 -25 -26 26 27 29 -30 -31
leaf_value=-1.0898512975028269e-06 -0.00048055623225764068 0.0013119754285709755 -0.00032948084973722259 0.00099687645952536855 -1.3690416424625725e-05 -0.00081503104476723833 0.00042531784366163473 -1.6323998798865659e-05 7.7742678833532967e-05 -2.510089103314501e-05 -4.5325724175183907e-06 0 0 -6.2132075683309192e-08 -3.8085237525368418e-05 0 0.00088535418274113915 0.00025046966303243225 0.0002707788350764366 -0.00035955301693677173 0.00033289410931702464 0 -5.2588101689432406e-05 -4.1464570053907468e-05 -0.00038070914165827595 -1.0998835539110626e-05 0.00063700907244338225 3.7151187646128738e-06 -0.00032833689597515999 0.00016225512121015396
leaf_weight=535 63 52 58 50 4684 50 78 952 503 1120 455 51 52 9171 72 352 54 141 54 50 58 157 252 1320 94 510 65 421 64 228
leaf_count=535 63 52 58 50 4684 50 78 952 503 1120 455 51 52 9171 72 352 54 141 54 50 58 157 252 1320 94 510 65 421 64 228
internal_value=3.03943e-07 0.000291199 -1.02361e-06 0.000242214 -2.48628e-06 -8.0462e-05 -6.74538e-08 3.73049e-05 1.27923e-05 -3.27599e-06 2.57217e-06 -6.8029e-05 -0.000188667 6.27829e-06 4.6344e-05 0.000147753 0.000314825 0.000129843 0.000629241 -2.12115e-05 -1.10806e-06 0.000100267 -0.000120931 -1.30736e-07 -0.000278478 4.61134e-06 4.17413e-05 0.000126947 -5.55866e-05 6.7268e-05
internal_weight=21766 115 21651 108 21543 585 20958 1533 1455 19425 14439 652 197 13787 2008 673 321 213 108 4986 1335 215 302 11779 146 10459 1288 714 574 649
internal_count=21766 115 21651 108 21543 585 20958 1533 1455 19425 14439 652 197 13787 2008 673 321 213 108 4986 1335 215 302 11779 146 10459 1288 714 574 649
is_linear=0
shrinkage=0.05


Tree=101
num_leaves=31
num_cat=0
split_feature=126 11 126 11 3 2 120 104 1 1 1 15 49 116 83 108 137 119 91 105 43 139 128 61 55 116 50 64 139 83
split_gain=0.00374176 0.0139315 0.00784463 0.121471 0.00293144 0.00286111 0.00319177 0.00204977 0.00149508 0.000917706 0.000746975 0.000726998 0.000659182 0.000855883 0.00561399 0.00126999 0.00226901 0.000800105 0.00230028 0.000698123 0.000667827 0.00205935 0.000911912 0.000939349 0.000754308 0.00117764 0.000849765 0.00168247 0.0010738 0.0010362
threshold=2.5000000000000004 0.003034306194444445 10.500000000000002 0.0060564499583333339 0.21173239350000003 0.048280649000000009 275.18281330000008 2.6500000000000012 0.61966513750000007 0.12674304500000003 0.0013066980000000002 0.00050000000000000012 934.55000000000007 266.43426010000007 11.350000000000003 272.41417685000005 1.8100000000000003 3.0500000000000003 8.1500000000000004 17.500000000000004 0.40650000000000003 90.516136166816025 10.515540806382498 204.65000000000006 21.59334735000002 270.77213015000007 1012.7500000000001 269.65000000000003 87.16903152294654 14.750000000000002
decision_type=2 2 2 2 2 2 8 2 2 2 2 2 2 8 2 2 2 8 2 2 2 2 2 2 2 8 2 2 2 2
left_child=1 -1 3 4 7 8 -7 9 12 10 -2 -12 -4 14 -14 19 -17 18 -15 -16 24 22 23 -22 26 -26 28 -28 -19 -30
right_child=2 -3 5 -5 -6 6 -8 -9 -10 -11 11 -13 13 17 15 16 -18 20 -20 -21 21 -23 -24 -25 25 -27 27 -29 29 -31
leaf_value=0 -4.6862386827151318e-05 -0.00091992182304518515 -5.3892924261979511e-05 0.0025155513121132445 0.00037746286654577558 -0.00054353625924005223 0 0.00023628889547441814 -0.00019592670264246409 -0.000216298298139264 0.00010661775829639615 -4.2376924898235298e-06 0.00054160353299670947 -0.00036656381410174845 0.00010416669486019398 0 0.00031398815661022031 -2.1567274107198187e-05 -2.1783302594904054e-05 -3.5494084814514938e-05 0.00016958153874534567 0.00033237695385326211 6.2450534269830119e-05 -2.2229642649421722e-05 0.00024379632454024671 9.9107317837921016e-06 -7.8370763920780575e-07 0.00024495199217095177 -0.00034537009800128136 0
leaf_weight=244 534 51 581 50 53 51 56 84 99 56 220 223 53 52 89 255 89 2662 1585 755 64 55 699 1084 75 390 11375 69 54 59
leaf_count=244 534 51 581 50 53 51 56 84 99 56 220 223 53 52 89 255 89 2662 1585 755 64 55 699 1084 75 390 11375 69 54 59
internal_value=2.23272e-07 -0.000176074 2.88645e-06 0.000126104 1.76605e-05 -4.29566e-06 -0.00026146 0 -2.66856e-06 -1.91365e-05 -2.51339e-06 3.96696e-05 -1.45493e-06 0 4.02713e-05 1.32635e-05 9.63155e-05 -2.62383e-06 -3.6005e-05 -1.47438e-05 3.71347e-07 2.84982e-05 1.65687e-05 -7.04644e-06 -2.9331e-06 5.8806e-05 -5.30775e-06 2.82323e-07 -3.0154e-05 -0.000186612
internal_weight=21766 295 21471 1220 1170 20251 107 1117 20144 1033 977 443 20045 19464 1241 1188 344 18223 1637 844 16586 1902 1847 1148 14684 465 14219 11444 2775 113
internal_count=21766 295 21471 1220 1170 20251 107 1117 20144 1033 977 443 20045 19464 1241 1188 344 18223 1637 844 16586 1902 1847 1148 14684 465 14219 11444 2775 113
is_linear=0
shrinkage=0.05


Tree=102
num_leaves=31
num_cat=0
split_feature=2 93 0 67 126 7 29 61 90 119 28 116 43 96 0 124 90 2 138 61 30 23 36 93 81 90 137 28 116 136
split_gain=0.00367566 0.0349823 0.002345 0.0182404 0.00130379 0.0112874 0.000822479 0.00425321 0.00336542 0.000878595 0.0012333 0.000796314 0.000774445 0.00130491 0.00152503 0.00240384 0.00133352 0.00356769 0.00509407 0.00141504 0.00249504 0.00348313 0.00412154 0.00192973 0.00163646 0.00124229 0.00101277 0.000940985 0.00187551 0.00179833
threshold=0.048280649000000009 266.87352925000005 0.41135000000000005 13.450000000000001 4.5000000000000009 0.15160000000000004 49.95000000000001 144.10000000000005 23.931632653061225 7.9500000000000011 41.500000000000007 290.14910675000004 0.33050000000000007 45.037500000000016 0.018250000000000006 -0.37940952255126015 23.06428571428572 0.0035617145000000003 6.4350000000000014 1334.4500000000003 -1.828571428571429 26.685416666666672 279.1453616500001 273.22593435000005 33.350000000000001 29.077551020408169 0.045000000000000005 7.0500000000000007 270.32098650000006 1.0550000000000004
decision_type=2 2 2 2 2 2 2 2 2 10 2 10 2 2 2 2 2 2 2 2 2 2 2 2 2 2 2 2 8 2
left_child=2 -2 4 -4 5 -1 12 8 -8 -9 11 -11 26 16 -15 -16 27 19 -19 23 -21 22 -22 -18 -25 -20 -6 28 29 -14
right_child=1 -3 3 -5 6 -7 7 9 -10 10 -12 -13 13 14 15 -17 17 18 25 20 21 -23 -24 24 -26 -27 -28 -29 -30 -31
leaf_value=0 -0.00042578595332363903 0.0012883711640275649 0.00094678942471350012 -0.00030915661306284229 -7.4267249596229466e-05 -0.00078727675005853487 0.00062642617847436584 -1.4518312799936576e-05 0 0.00016858481903607754 -2.0580591037558531e-05 0 0.00037878043511087669 -4.0658139558920011e-06 -0.00034090507580362555 0 -2.4320611518701858e-05 0.00054253796762471511 -4.6902917160202764e-05 -2.5064804195932922e-06 0.00071508643618248898 0 0.00012734820670705935 0 0.0003763846438475109 0.00023521255797534667 -9.3396333871645281e-06 -5.6110125708123095e-06 6.4415160477311397e-06 0
leaf_weight=535 65 50 50 58 764 50 52 963 52 249 160 57 77 455 108 89 1489 83 100 338 52 136 143 77 56 52 4222 10385 718 81
leaf_count=535 65 50 50 58 764 50 52 963 52 249 160 57 77 455 108 89 1489 83 100 338 52 136 143 77 56 52 4222 10385 718 81
internal_value=1.91206e-07 0.000281078 -1.08272e-06 0.00022978 -2.48278e-06 -7.60765e-05 -1.86471e-07 3.47953e-05 0.000343431 8.61239e-06 6.70479e-05 0.000129071 -3.20623e-06 2.3526e-06 -6.60982e-05 -0.000183374 5.95689e-06 3.88409e-05 0.000225857 1.7386e-05 7.90773e-05 0.000177203 0.000312437 -5.01113e-06 0.000172423 1.78371e-05 -2.03039e-05 -9.78274e-07 4.81855e-05 0.000205203
internal_weight=21766 115 21651 108 21543 585 20958 1533 104 1429 466 306 19425 14439 652 197 13787 2526 235 2291 669 331 195 1622 133 152 4986 11261 876 158
internal_count=21766 115 21651 108 21543 585 20958 1533 104 1429 466 306 19425 14439 652 197 13787 2526 235 2291 669 331 195 1622 133 152 4986 11261 876 158
is_linear=0
shrinkage=0.05


Tree=103
num_leaves=31
num_cat=0
split_feature=126 0 2 100 0 120 14 61 13 77 128 100 17 92 103 77 134 136 128 13 105 23 43 23 134 85 77 112 16 49
split_gain=0.00329555 0.0127324 0.00748708 0.0456578 0.00343272 0.020646 0.000831255 0.00185086 0.00198861 0.00120344 0.0011996 0.00347527 0.000867808 0.0017135 0.00225024 0.0043332 0.00540139 0.00416684 0.00279727 0.00263415 0.00235135 0.00194206 0.00193242 0.00146888 0.00111461 0.00662521 0.00867323 0.0012868 0.00104677 0.0020798
threshold=2.5000000000000004 0.060150000000000009 0.048280649000000009 1.350000000000023 0.41135000000000005 267.83977135000003 0.03607002950000001 102.10000000000001 0.0035040081111111115 264.26227365000005 8.6897550436737365 2.1499999999999777 0.025400000000000002 21.350000000000005 1691.1500000000003 271.85298810000006 9.7500000000000018 0.63500000000000012 9.2230095691123797 0.0017277142569444447 13.500000000000002 24.613194444444449 0.34750000000000003 22.238888888888891 4.285000000000001 266.46373065000006 265.59391945000004 274.94868795000008 0.13500000000000004 983.6500000000002
decision_type=2 2 2 2 2 10 2 2 2 2 2 2 2 2 2 2 2 2 2 2 2 2 2 2 2 2 2 8 2 2
left_child=1 -1 4 -4 6 -6 12 8 -8 -9 11 -11 -2 14 15 16 -14 18 19 -17 23 -22 -23 -19 25 26 -16 -27 29 -20
right_child=2 -3 3 -5 5 -7 7 9 -10 10 -12 -13 13 -15 24 17 -18 20 28 -21 21 22 -24 -25 -26 27 -28 -29 -30 -31
leaf_value=0 -6.7420818676200076e-06 -0.00087615690156011498 -0.00045771453937988794 0.0015048599047234879 -0.00030830882279827312 0.0010362322750270502 0 -0.0002555954874641996 -0.00041840439355592173 0 -2.3287244681325774e-05 0.00043252484872435419 0.00069084302649153858 -8.0149366429089065e-05 0 -0.00038070020575579964 0 -0.00017681866970018696 -9.0678431149723855e-06 0 0.00043230801032071521 0.00021623893385321584 0 8.7431183475641063e-05 -1.0646500056310514e-06 -0.00028718484071991866 0.0008537378867106535 0 -4.1303978233025048e-06 0.00024483599387248333
leaf_weight=244 10954 51 61 52 56 50 51 52 62 139 1770 57 60 429 55 91 50 70 116 58 95 257 142 189 5337 50 54 107 873 134
leaf_count=244 10954 51 61 52 56 50 51 52 62 139 1770 57 60 429 55 91 50 70 116 58 95 257 142 189 5337 50 54 107 873 134
internal_value=1.52777e-07 -0.000165288 2.6663e-06 0.000406836 2.74893e-07 0.000282937 -9.12944e-07 -3.06881e-05 -0.00023051 -1.69138e-05 -7.93207e-06 0.000104768 2.1454e-06 1.46773e-05 2.05903e-05 6.43907e-05 0.000375003 4.48732e-05 -6.62542e-06 -0.000212107 0.000138392 0.000202605 0.00013447 0 2.99957e-06 0.000102969 0.000409042 -7.91261e-05 1.63541e-05 0.000107538
internal_weight=21766 295 21471 113 21358 106 21252 2131 113 2018 1966 196 19121 8167 7738 2135 110 2025 1272 149 753 494 399 259 5603 266 109 157 1123 250
internal_count=21766 295 21471 113 21358 106 21252 2131 113 2018 1966 196 19121 8167 7738 2135 110 2025 1272 149 753 494 399 259 5603 266 109 157 1123 250
is_linear=0
shrinkage=0.05


Tree=104
num_leaves=31
num_cat=0
split_feature=126 19 126 11 2 3 120 104 0 19 1 134 2 103 15 22 115 104 73 19 128 141 86 28 85 83 89 35 108 86
split_gain=0.00299854 0.0125099 0.00694819 0.108468 0.00329094 0.00247141 0.00218195 0.00181479 0.00175093 0.000876799 0.000706426 0.00069235 0.000618075 0.000997505 0.000673205 0.000984493 0.0020434 0.00108627 0.00372164 0.00556318 0.00187825 0.00095504 0.00152627 0.000677458 0.00218222 0.00193002 0.000674565 0.00068339 0.00100725 0.000790783
threshold=2.5000000000000004 5.5714285714285702e-05 10.500000000000002 0.0060564499583333339 0.048280649000000009 0.21173239350000003 275.18281330000008 2.6500000000000012 0.41135000000000005 0.0028999999999999955 0.0013066980000000002 9.3050000000000015 0.0055886015000000009 1222.1500000000001 0.00023854166666666669 6.5000000000000009 16.850000000000005 21.450000000000006 23.950000000000003 -0.0021257142857142846 8.8843272925997816 37.910000000000004 11.500000000000002 6.4500000000000011 270.28287580000006 11.450000000000001 38.050000000000004 286.33920940000002 274.30087985000006 13.500000000000002
decision_type=2 2 2 2 2 2 8 2 2 2 2 2 2 2 2 2 10 2 2 2 2 2 2 2 2 2 2 2 2 2
left_child=1 -1 3 5 8 7 -6 9 12 10 -2 -12 14 -14 -4 16 17 20 -19 -20 -16 22 -18 24 25 -17 -22 28 -28 -30
right_child=2 -3 4 -5 6 -7 -8 -9 -10 -11 11 -13 13 -15 15 23 21 18 19 -21 26 -23 -24 -25 -26 -27 27 -29 29 -31
leaf_value=0 -4.3552595770721906e-05 -0.00087042567653150083 -1.0160885451949959e-05 0.00237640044181699 -0.00051741357700218669 0.00034611038408776821 0 0.00022185630389653585 -0.00021157426498866701 -0.0001854537939136601 0.00011552343787898477 0 -0.00016942622112008288 -1.2829912830584787e-05 -0.00022102643485645736 0 0.00031594689080665761 0 0.0006368597152565296 0 -2.1986338107061879e-06 0 4.7597091674799122e-06 -4.0981388465168801e-06 -8.8422042361669997e-06 0.00038941461555600074 -3.0176072586215549e-06 0 0.00019965051006327523 0
leaf_weight=245 534 50 8142 50 51 53 56 84 99 73 185 241 136 813 90 79 137 441 65 76 1600 57 104 7447 267 77 82 152 203 77
leaf_count=245 534 50 8142 50 51 53 56 84 99 73 185 241 136 813 90 79 137 441 65 76 1600 57 104 7447 267 77 82 152 203 77
internal_value=6.55613e-08 -0.00015774 2.47383e-06 0.000118454 -4.27189e-06 1.57438e-05 -0.000279987 0 -2.54533e-06 -1.84833e-05 -4.03937e-07 4.19495e-05 -1.25303e-06 -4.06894e-05 4.47014e-07 8.78838e-06 3.27425e-05 1.73738e-05 7.81093e-05 0.000300949 0 0.000159164 0.000202894 0 6.08229e-05 0.000211202 1.0873e-05 6.1197e-05 0.000100099 0.000147994
internal_weight=21766 295 21471 1220 20251 1170 107 1117 20144 1033 960 426 20045 949 19096 10954 3084 2786 582 141 2204 298 241 7870 423 156 2114 514 362 280
internal_count=21766 295 21471 1220 20251 1170 107 1117 20144 1033 960 426 20045 949 19096 10954 3084 2786 582 141 2204 298 241 7870 423 156 2114 514 362 280
is_linear=0
shrinkage=0.05


Tree=105
num_leaves=31
num_cat=0
split_feature=2 93 121 3 12 61 126 0 1 103 112 131 22 124 23 128 92 150 19 126 96 89 0 58 126 131 112 128 133 35
split_gain=0.00391142 0.0401295 0.00155709 0.00536824 0.000989025 0.00926225 0.00247129 0.00127515 0.000966324 0.00182757 0.00456108 0.00398344 0.004602 0.00367213 0.00417466 0.00195215 0.00180161 0.00106166 0.00293885 0.000826139 0.00266641 0.000823482 0.0011677 0.00143755 0.000987714 0.0012439 0.000786706 0.00305262 0.00174145 0.00917992
threshold=0.048280649000000009 268.70078030000008 2.6500000000000008 0.036506205000000007 0.071302525500000005 81.450000000000017 9.5000000000000018 0.41135000000000005 0.014431197500000001 2002.3500000000001 278.08670635000004 143.55796492543095 2.5000000000000004 0.78656609248549303 23.090972222222224 11.14921871076346 7.8500000000000014 0.88571428571428579 -0.0035285714285714265 19.500000000000004 38.687500000000007 38.150000000000013 0.18590000000000004 3.7500000000000004 43.500000000000007 159.18073677453302 264.16060875000005 9.0129254798794101 88.200000000000003 271.6104166500001
decision_type=2 2 10 2 2 2 2 2 2 2 8 2 2 2 2 2 2 2 2 2 2 2 2 2 2 2 8 2 2 2
left_child=2 -2 4 -4 8 -6 -7 19 17 10 11 12 -10 14 -14 -12 -16 26 -19 20 -8 -21 24 -24 25 -23 27 -1 -28 -30
right_child=1 -3 3 -5 5 6 7 -9 9 -11 15 -13 13 -15 16 -17 -18 18 -20 21 -22 22 23 -25 -26 -27 28 -29 29 -31
leaf_value=-0.00043139360338793377 -0.00045670371274943194 0.001370978990033858 0 0.00056365053687369704 -0.0005210935634006982 0.00025329360197580045 5.0595807314190697e-05 -0.00019445201825840709 0 -2.7671989952175187e-06 -3.5854940187631808e-05 1.9368053954216571e-05 0.00082989408092697895 7.8865785137707054e-06 0.00039699178207029239 0.00010688670661381044 0 -0.00043852471352746609 -3.0255435345857821e-05 -2.2605490736622147e-05 -0.00034236248566134911 0 0 0.00036341582873828271 -8.6282715757714083e-05 0.0002776884468996861 -3.393961911222613e-06 0 0.00072871340349700087 -2.4071352964299343e-05
leaf_weight=51 67 50 145 53 93 81 59 107 102 3389 987 369 70 80 90 315 52 50 735 1542 75 188 52 58 158 56 12397 133 50 144
leaf_count=51 67 50 145 53 93 81 59 107 102 3389 987 369 70 80 90 315 52 50 735 1542 75 188 52 58 158 56 12397 133 50 144
internal_value=0 0.000286984 -1.66502e-06 0.000137005 -3.18213e-06 -3.29805e-05 -1.15604e-05 -2.31922e-05 4.25827e-07 1.84396e-05 5.5648e-05 0.00015264 0.000264433 0.000365422 0.000476197 0 0.00026229 -6.45165e-06 -6.3146e-05 -1.24479e-05 -0.000133213 -2.07523e-06 4.99331e-05 0.00019448 0 7.24379e-05 -2.57186e-06 -0.000105155 -6.67432e-07 0.000147046
internal_weight=21798 117 21681 198 21483 2469 2376 2295 19014 5454 2065 763 394 292 212 1302 142 13560 785 2188 134 2054 512 110 402 244 12775 184 12591 194
internal_count=21798 117 21681 198 21483 2469 2376 2295 19014 5454 2065 763 394 292 212 1302 142 13560 785 2188 134 2054 512 110 402 244 12775 184 12591 194
is_linear=0
shrinkage=0.05


Tree=106
num_leaves=31
num_cat=0
split_feature=19 33 121 3 11 61 121 101 93 91 91 36 133 93 44 93 0 96 43 77 131 22 96 137 93 77 96 35 118 75
split_gain=0.00348551 0.0395557 0.00139189 0.0048731 0.0013104 0.0136939 0.00285967 0.00204484 0.000918357 0.00243695 0.00290329 0.00918021 0.00348976 0.00117188 0.00414343 0.000880769 0.000788532 0.00115613 0.00192704 0.00120706 0.000920825 0.00139867 0.00276944 0.00289622 0.0030236 0.000912732 0.000905701 0.000777328 0.000774122 0.00183842
threshold=0.018424285714285716 -0.76712964302434694 2.6500000000000008 0.037897990000000006 0.0051753101944444456 91.250000000000014 0.15000000000000005 0.15749135000001505 263.70833310000006 7.4500000000000011 12.65 265.2287793000001 87.745000000000019 264.05027640000009 1672.5000000000002 263.29612920000005 0.0034500000000000004 37.537500000000016 0.39650000000000007 273.09325690000009 44.642316367144637 4.5000000000000009 48.862500000000004 1.8100000000000003 272.50538850000004 281.66641005000002 37.187500000000007 294.74334735000008 7.7500000000000009 18.150000000000002
decision_type=2 2 10 2 2 2 10 2 2 2 2 2 2 2 2 2 2 2 2 2 2 2 2 2 2 2 2 2 10 2
left_child=2 -2 4 -4 8 -6 15 -8 9 -1 11 -11 -12 14 -10 -7 27 26 20 -20 25 22 23 24 -22 -19 -18 -15 -29 -30
right_child=1 -3 3 -5 5 6 7 -9 13 10 12 -13 -14 16 -16 -17 17 18 19 -21 21 -23 -24 -25 -26 -27 -28 28 29 -31
leaf_value=-0.00036284129554717639 0.0013481243483621772 -0.000467466983380505 0 0.00055164575866108547 -0.0007227758715938155 0.00010823138510600891 0.00046270601337834938 0 1.1429392067791083e-05 0 -3.7415877484740793e-05 0.00071702866000123322 -0.00044562157352441415 -1.1101145323204763e-05 0.0003761425549555019 -5.0343235882142868e-05 2.737317447937681e-06 -0.0001472957476578568 0.0003788482806299322 2.5107403391982417e-05 0 1.3084888984119105e-05 -0.00016572162355307804 0.00044631726207487249 0.00039200918957043717 3.6587840709905847e-05 -0.00016083873547908893 0 0.00037770589326263301 0
leaf_weight=55 50 67 148 50 71 77 50 55 632 431 1402 50 57 9468 94 1074 5272 140 71 90 245 1557 56 84 61 65 85 76 55 110
leaf_count=55 50 67 148 50 71 77 50 55 632 431 1402 50 57 9468 94 1074 5272 140 71 90 245 1557 56 84 61 65 85 76 55 110
internal_value=0 0.000270903 -1.57693e-06 0.000129499 -3.0237e-06 -5.11348e-05 -8.64532e-06 0.000234054 0 -3.20433e-05 -1.99069e-05 8.23678e-05 -5.70826e-05 3.68375e-06 6.59812e-05 -3.53098e-05 7.99257e-07 1.29767e-05 4.20544e-05 0.000213345 2.72101e-05 3.91522e-05 0.000118735 0.000172687 8.00777e-05 -6.48248e-05 0 -8.37639e-06 7.76115e-05 0.000142968
internal_weight=21798 117 21681 198 21483 1327 1256 105 20156 1995 1940 481 1459 18161 726 1151 17435 7726 2369 161 2208 2003 446 390 306 205 5357 9709 241 165
internal_count=21798 117 21681 198 21483 1327 1256 105 20156 1995 1940 481 1459 18161 726 1151 17435 7726 2369 161 2208 2003 446 390 306 205 5357 9709 241 165
is_linear=0
shrinkage=0.05


Tree=107
num_leaves=31
num_cat=0
split_feature=2 47 94 0 11 105 23 131 82 19 119 2 150 133 138 141 141 63 43 22 61 92 49 16 112 23 15 22 96 32
split_gain=0.00310156 0.0369419 0.000896102 0.0122291 0.00211032 0.00182075 0.00602234 0.0100012 0.00169685 0.00127189 0.00120988 0.00115369 0.00102155 0.00248289 0.00114691 0.000973055 0.0013025 0.00272407 0.00127966 0.000882376 0.00180256 0.000937903 0.000870387 0.00324701 0.00238687 0.00159043 0.00117186 0.00168034 0.00184703 0.000860765
threshold=0.048280649000000009 19.500000000000004 14.500000000000002 0.26885000000000003 0.0064838019652777796 14.500000000000002 22.111111111111114 41.872735591214848 14.658000000000003 0.0033142857142857123 12.550000000000002 0.0031384280000000004 0.88571428571428579 87.575000000000003 14.100000000000003 38.130000000000003 35.815000000000005 7.2156000000000011 0.28950000000000004 3.5000000000000004 102.10000000000001 0.15000000000000005 987.05000000000007 17.135000000000005 264.39428575000005 17.163194444444446 0.0011062500000000002 6.5000000000000009 36.412500000000009 11.950000000000001
decision_type=2 2 2 2 2 2 2 2 2 2 10 2 2 2 2 2 2 2 2 2 2 2 2 2 8 2 2 2 2 2
left_child=2 -2 4 5 12 9 7 -7 -8 11 -6 -4 19 14 -14 16 -10 -18 -17 20 -1 -22 23 25 -24 -21 -27 28 -28 -13
right_child=1 -3 3 -5 10 6 8 -9 15 -11 -12 29 13 -15 -16 18 17 -19 -20 22 21 -23 24 -25 -26 26 27 -29 -30 -31
leaf_value=-0.00029852367231796966 0.0012978589563749218 -0.00045630173021516605 -3.0190835771649856e-05 0.00071100257130825729 -6.7600175958096038e-05 0.00087132905077721393 0.00029365736250636272 0 3.6432655865066657e-06 0.00012326933736562531 -0.00036527476116639777 -0.00032125727361251072 -4.7905723730281708e-05 -0.00038609031186102329 0.00018127948086028202 0 0.00036845389819343557 -7.3063291165453816e-06 -0.00027171721075345499 0.00028284542990679093 1.0122520985139172e-05 -5.4892052372685957e-05 -0.00032784194204696642 0.00039737880262691761 -5.8290330464666976e-06 -2.2710163912807789e-06 6.8203805817802741e-05 1.036814837134819e-05 0.00037017081977359749 0
leaf_weight=63 50 67 1357 62 360 55 53 78 2245 102 53 69 783 55 51 63 77 65 69 54 1000 1015 58 55 6181 5466 498 1567 71 56
leaf_count=63 50 67 1357 62 360 55 53 78 2245 102 53 69 783 55 51 63 77 65 69 54 1000 1015 58 55 6181 5466 498 1567 71 56
internal_value=0 0.000255613 -1.42501e-06 1.85588e-05 -6.73156e-06 7.22017e-06 3.30961e-05 0.000361516 1.40362e-05 -3.38067e-05 -0.000118668 -4.8065e-05 -3.69643e-06 -5.59018e-05 -2.77025e-05 6.05457e-06 1.52596e-05 0.000162638 -0.000121672 -4.85597e-07 -3.11415e-05 -2.01576e-05 3.72443e-06 1.52149e-05 -9.67592e-06 1.17649e-05 9.14476e-06 4.06847e-05 0.000115239 -0.000200644
internal_weight=21798 117 21681 4351 17330 4289 2705 133 2572 1584 413 1482 16917 889 834 2519 2387 142 132 16028 2078 2015 13950 7711 6239 7656 7602 2136 569 125
internal_count=21798 117 21681 4351 17330 4289 2705 133 2572 1584 413 1482 16917 889 834 2519 2387 142 132 16028 2078 2015 13950 7711 6239 7656 7602 2136 569 125
is_linear=0
shrinkage=0.05


Tree=108
num_leaves=31
num_cat=0
split_feature=120 13 2 11 6 140 110 14 101 11 110 137 44 141 33 133 84 96 129 91 21 85 105 64 139 3 122 14 35 15
split_gain=0.00292846 0.0728625 0.010075 0.00222556 0.00170913 0.00455522 0.00646913 0.000924774 0.00123607 0.00177276 0.00161049 0.000730886 0.00103332 0.00317788 0.000885743 0.00126897 0.000820958 0.000790846 0.00190663 0.00164004 0.000962788 0.0011648 0.0017173 0.000707117 0.00225884 0.00114886 0.000674436 0.000600457 0.000589332 0.000579156
threshold=284.74030595000005 0.0040704037152777782 0.048280649000000009 0.0054437020069444458 0.0051986111111111122 50.88000000000001 14.15 0.03607002950000001 -3.4881322500000063 0.0040165472500000013 21.550000000000004 1.5750000000000004 1862.5000000000002 34.875000000000007 -0.98794080021023822 87.575000000000003 12.350000000000003 48.862500000000004 7.5000000000000009 33.550000000000004 0.27083333333333343 271.42241325000003 42.500000000000007 24.950000000000035 89.302131517708077 0.18851152100000004 12.500000000000002 0.015602906500000001 274.36575640000007 0.0054489583333333343
decision_type=10 2 2 2 2 2 10 2 2 2 8 2 2 2 2 2 2 2 2 2 2 2 2 2 2 2 2 2 2 2
left_child=2 3 7 4 -2 28 -7 11 9 -9 -11 14 17 -14 15 27 23 19 -19 20 21 22 -13 -16 25 -25 -4 -1 -6 -22
right_child=1 -3 26 -5 5 6 -8 8 -10 10 -12 12 13 -15 16 -17 -18 18 -20 -21 29 -23 -24 24 -26 -27 -28 -29 -30 -31
leaf_value=-4.985347974169705e-05 -1.0022769314686726e-05 0.0017588612966842523 -0.00067479117255840864 -0.00026418614559812868 -4.3217778515040401e-05 0 0.00061531284536046286 0 -1.2994614027642116e-05 -0.00050001591954081537 -8.8013440747217978e-05 0.00036769721408573617 0 0.00041215557359165951 -1.0731041806368534e-06 -0.00028439393476283091 -4.0578496253883747e-05 0 -0.0003339189597993807 0.00024697770364774012 0 0 0 0 0.00029509776626911345 0.00020479256131837153 -0.00018828242176419332 1.3529189239246974e-05 9.4102658974493572e-05 0.00012039894918522355
leaf_weight=1085 1475 60 55 72 290 100 84 203 1695 50 131 73 215 66 7822 56 1165 111 55 75 4747 141 56 1092 82 75 53 408 104 102
leaf_count=1085 1475 60 55 72 290 100 84 203 1695 50 131 73 215 66 7822 56 1165 111 55 75 4747 141 56 1092 82 75 53 408 104 102
internal_value=0 5.48659e-05 -6.14525e-06 3.59662e-06 1.55462e-05 8.93361e-05 0.000294169 -3.20811e-06 -3.47479e-05 -0.000117498 -0.000231421 2.69591e-07 1.53389e-05 0.000110395 -6.51994e-06 -4.1818e-05 -6.86347e-07 9.40325e-06 -9.40611e-05 1.36899e-05 9.2478e-06 0.000101641 0.000209608 3.88981e-06 3.89466e-05 1.64299e-05 -0.000485831 -2.91884e-05 0 3.05239e-06
internal_weight=21798 2185 19613 2125 2053 578 184 19505 2079 384 181 17426 5641 281 11785 1549 10236 5360 166 5194 5119 270 129 9071 1249 1167 108 1493 394 4849
internal_count=21798 2185 19613 2125 2053 578 184 19505 2079 384 181 17426 5641 281 11785 1549 10236 5360 166 5194 5119 270 129 9071 1249 1167 108 1493 394 4849
is_linear=0
shrinkage=0.05


Tree=109
num_leaves=31
num_cat=0
split_feature=2 33 121 3 11 61 121 101 128 59 47 33 160 1 134 133 101 99 80 17 96 50 128 50 18 3 33 77 116 28
split_gain=0.00307009 0.0344098 0.00120732 0.00425945 0.00122356 0.0124629 0.00259752 0.00187532 0.00131213 0.000694056 0.00156275 0.002025 0.00107952 0.00193106 0.000922533 0.000803302 0.0192791 0.00440141 0.000749053 0.000614379 0.00148087 0.00252496 0.00136645 0.0015898 0.00283401 0.00149069 0.0013679 0.00116466 0.000977196 0.000950405
threshold=0.048280649000000009 -0.76712964302434694 2.6500000000000008 0.036506205000000007 0.0051753101944444456 91.250000000000014 0.15000000000000005 0.15749135000001505 10.60662219189628 12.732800000000003 1.5000000000000002 0.36280541063354138 0.046998799519807934 0.00059309700000000011 10.195000000000002 88.200000000000003 -3.4881322500000063 0.69999999999998874 34.01250000000001 0.025150000000000002 36.412500000000009 997.35000000000002 9.4793363551546506 1022.85 0.014479166666666668 0.18851152100000004 -0.011094971784262501 291.2490818500001 272.34613160000009 22.950000000000003
decision_type=2 2 10 2 2 2 10 2 2 2 2 2 2 2 2 2 2 2 2 2 2 2 2 2 2 2 2 2 8 2
left_child=2 -2 4 -4 9 -6 8 -8 -7 15 11 12 13 -11 -15 18 -17 -18 19 27 -21 -22 23 26 -25 29 -23 -1 -29 -24
right_child=1 -3 3 -5 5 6 7 -9 -10 10 -12 -13 -14 14 -16 16 17 -19 -20 20 21 22 25 24 -26 -27 -28 28 -30 -31
leaf_value=-8.7809909199357775e-06 0.0012606167799208824 -0.00043061863164512836 0 0.00050082547899634215 -0.00069010780524675092 -4.9811540735144494e-05 0.00044129048281391471 0 0.00018424201473603069 0 0 0.00037340857084564049 -3.5844937658433033e-05 0.00045177774441553463 3.60285818732659e-05 -0.00086875952918847763 0 0.00050861794871753644 -3.7172480849256011e-05 0 0.00038905791523073533 0.00021557059999669374 -5.0391522842010219e-05 0 -0.00046259327594837165 0.00033029821083523461 -2.3758266779217205e-05 0.0003139275966660695 0 7.0732570425932183e-05
leaf_weight=9487 50 67 145 53 71 1096 50 55 55 105 1209 69 135 50 61 60 104 58 1340 5753 57 72 145 72 52 58 223 50 50 946
leaf_count=9487 50 67 145 53 71 1096 50 55 55 105 1209 69 135 50 61 60 104 58 1340 5753 57 72 145 72 52 58 223 50 50 946
internal_value=0 0.000254317 -1.41362e-06 0.000120635 -2.77678e-06 -4.92758e-05 -8.55253e-06 0.000222407 -3.41369e-05 3.87949e-08 3.1552e-05 0.000114605 4.86086e-05 0.000124356 0.000270307 -2.46371e-06 -9.70644e-05 0.00016165 -1.03804e-06 1.5234e-06 1.26044e-05 5.47526e-05 3.91729e-05 -3.01235e-05 -0.000184533 6.87949e-05 1.82933e-05 -6.4833e-06 0.000159922 5.00243e-05
internal_weight=21798 117 21681 198 21483 1327 1256 105 1151 20156 1629 420 351 216 111 18527 222 162 18305 16965 7378 1625 1568 419 124 1149 295 9587 100 1091
internal_count=21798 117 21681 198 21483 1327 1256 105 1151 20156 1629 420 351 216 111 18527 222 162 18305 16965 7378 1625 1568 419 124 1149 295 9587 100 1091
is_linear=0
shrinkage=0.05


Tree=110
num_leaves=31
num_cat=0
split_feature=2 47 119 26 126 11 6 0 31 0 104 133 90 133 77 101 0 135 124 103 59 142 11 138 137 2 83 137 44 138
split_gain=0.0039144 0.0561251 0.000971278 0.00915224 0.00152824 0.00651708 0.00134021 0.00232071 0.00236689 0.00101913 0.000641159 0.0022622 0.0152024 0.00109598 0.00258402 0.000907736 0.00210448 0.0014928 0.000763269 0.000904322 0.00144062 0.00166501 0.00232438 0.00262852 0.000582976 0.00109687 0.000621738 0.000560044 0.000945024 0.00179668
threshold=0.048280649000000009 13.500000000000002 17.650000000000002 16.500000000000004 3.5000000000000004 0.0028712009375000003 0.027309027777777779 0.074950000000000003 15.050000000000002 0.41135000000000005 20.850000000000005 88.200000000000003 9.9724202127659591 88.200000000000003 280.50743170000004 -4.8454763499999833 0.18590000000000004 0.43500000000000005 0.25881904510252057 2033.0000000000002 9.5213000000000019 189.82356041294662 0.0001953163888888889 4.785000000000001 0.03500000000000001 0.0011228025000000004 13.450000000000001 0.21000000000000005 1277.5000000000002 6.1350000000000007
decision_type=2 2 10 2 2 2 2 2 2 2 2 2 2 2 2 2 2 2 2 2 2 2 2 2 2 2 2 2 2 2
left_child=2 -2 4 6 5 -1 7 -4 -9 10 13 -12 -13 15 -15 16 17 -6 -19 20 -20 -22 -23 -24 25 26 -17 28 -26 -30
right_child=1 -3 3 -5 9 -7 -8 8 -10 -11 11 12 -14 14 -16 24 -18 18 19 -21 21 22 23 -25 27 -27 -28 -29 29 -31
leaf_value=0 0.0015331778778356518 -0.00066994610480070418 0 0.00068453095428577522 0.00028156971931286325 -0.00063224045452479199 -0.00016188949392555369 0.00042174249343921653 0 -0.00016284498173685868 8.5743339678674323e-06 -0.00021597276184044092 0.00089267457370274675 -0.00043004512916976483 0 2.1827587611035479e-05 0.00027838025429760527 -3.5300993146719659e-05 0 -1.3508589430845392e-05 0 0 0.00059841515128438566 0.00010329526396381646 -1.2471084976851507e-06 -0.00015597604139567516 -5.0217851685690706e-05 -1.0704560848932988e-05 0.00015562549268877352 -2.3389092523240802e-06
leaf_weight=267 51 61 1138 52 50 50 97 70 70 98 3665 64 51 50 52 428 80 709 389 548 136 69 61 107 1459 192 668 10509 307 293
leaf_count=267 51 61 1138 52 50 50 97 70 70 98 3665 64 51 50 52 428 80 709 389 548 136 69 61 107 1459 192 668 10509 307 293
internal_value=0 0.000293704 -1.3286e-06 3.8181e-05 -4.35368e-06 -0.000113457 9.62375e-06 2.66673e-05 0.00021817 -2.36734e-06 -1.31697e-06 1.68776e-05 0.000236042 -5.89808e-06 -0.000169861 -4.53021e-06 2.50722e-05 1.27325e-05 3.46352e-06 2.82685e-05 6.48443e-05 0.000134937 0.000214714 0.000315134 -9.48371e-06 -4.21529e-05 -1.75312e-05 -5.7348e-06 1.71962e-05 7.02912e-05
internal_weight=21841 112 21729 1427 20302 317 1375 1278 140 19985 19887 3780 115 16107 102 16005 2149 2069 2019 1310 762 373 237 168 13856 1288 1096 12568 2059 600
internal_count=21841 112 21729 1427 20302 317 1375 1278 140 19985 19887 3780 115 16107 102 16005 2149 2069 2019 1310 762 373 237 168 13856 1288 1096 12568 2059 600
is_linear=0
shrinkage=0.05


Tree=111
num_leaves=31
num_cat=0
split_feature=2 47 119 0 11 0 31 61 11 0 21 104 133 82 131 19 112 0 99 59 43 119 4 7 138 33 135 35 116 91
split_gain=0.00348685 0.0508053 0.000885968 0.00838726 0.00155763 0.00154786 0.0021216 0.00138246 0.00931678 0.000931474 0.000555721 0.000534739 0.00200259 0.0139149 0.00124263 0.002238 0.000702388 0.000904919 0.00454623 0.0012929 0.000746354 0.00198551 0.00210194 0.00421729 0.00470893 0.00135346 0.00151726 0.00145173 0.00120265 0.000936927
threshold=0.048280649000000009 13.500000000000002 17.650000000000002 0.15305000000000002 0.0048372518750000012 0.074950000000000003 13.050000000000002 91.250000000000014 0.0040165472500000013 0.41135000000000005 0.49305555555555564 20.850000000000005 88.200000000000003 10.149000000000003 22.648845511130229 -0.0047185714285714253 269.42482560000002 0.18590000000000004 1.8000000000000116 7.9701000000000013 0.29450000000000004 6.8500000000000005 0.00027843250000000007 0.035950000000000003 4.745000000000001 -0.093398781172013792 1.4400000000000002 293.41581895000007 271.95558840000007 18.550000000000004
decision_type=2 2 10 2 2 2 2 2 2 2 2 2 2 2 2 2 8 2 2 2 2 8 2 2 2 2 2 2 8 2
left_child=2 -2 7 4 5 10 -7 8 -1 11 -4 14 -13 -14 15 -9 -16 20 19 -19 28 22 25 24 -24 26 -22 -28 -18 -26
right_child=1 -3 3 -5 -6 6 -8 9 -10 -11 -12 12 13 -15 16 -17 17 18 -20 -21 21 -23 23 -25 29 -27 27 -29 -30 -31
leaf_value=-1.0523793044494991e-05 0.0014579931891729268 -0.00063698907726399243 4.9410469775536596e-05 0.00063768278438406669 -0.00018311562126058643 0.00044337802361149126 0 -0.00039807126887336504 -0.00072041427017001522 -0.00015478497096869481 -1.9577175033331313e-05 8.1457345864418603e-06 -0.0001995033834190729 0.00086201694788863234 -2.188761447107312e-05 -3.4891592695087686e-05 -8.3860615781399043e-05 -3.5388963862696919e-05 0.00051476610515797244 0.00021414661215477817 0.00032488180280152253 -3.397693989625958e-06 0.00068961851109413676 4.0324258360740246e-06 0.0002563166179159173 -3.3681351483304408e-05 0 0.00022933455084837211 0 0
leaf_weight=574 51 61 466 55 92 50 70 52 51 98 694 3665 65 50 3442 511 635 273 51 62 57 7986 65 270 51 569 537 83 1087 68
leaf_count=574 51 61 466 55 92 50 70 52 51 98 694 3665 65 50 3442 511 635 273 51 62 57 7986 65 270 51 569 537 83 1087 68
internal_value=0 0.000277189 -1.26778e-06 3.64508e-05 8.26035e-06 2.60509e-05 0.000197543 -4.1669e-06 -7.74964e-05 -1.57983e-06 3.84888e-06 -5.49755e-07 1.60428e-05 0.000222376 -4.83684e-06 -7.79473e-05 -1.80218e-06 3.63707e-06 7.89729e-05 0 6.43065e-07 6.46196e-06 5.56933e-05 0.000149363 0.000334418 1.74613e-05 6.78063e-05 3.56353e-05 -2.91702e-05 9.4604e-05
internal_weight=21841 112 21729 1427 1372 1280 120 20302 625 19677 1160 19579 3780 115 15799 563 15236 11794 386 335 11408 9686 1700 454 184 1246 677 620 1722 119
internal_count=21841 112 21729 1427 1372 1280 120 20302 625 19677 1160 19579 3780 115 15799 563 15236 11794 386 335 11408 9686 1700 454 184 1246 677 620 1722 119
is_linear=0
shrinkage=0.05


Tree=112
num_leaves=31
num_cat=0
split_feature=2 69 22 126 126 22 83 126 91 0 78 50 76 131 19 76 50 89 50 25 9 99 43 19 110 6 114 44 76 120
split_gain=0.00310265 0.0538805 0.00086595 0.00423021 0.0010874 0.000904857 0.00276503 0.0206475 0.00232126 0.00216523 0.00137614 0.00386535 0.00129806 0.00157435 0.0011471 0.00110404 0.00130567 0.000943615 0.00149378 0.00286294 0.00280601 0.00108862 0.000785623 0.00340222 0.00398991 0.00428875 0.0012628 0.00183602 0.000779259 0.00250091
threshold=0.048280649000000009 272.80800540000001 2.5000000000000004 3.5000000000000004 9.5000000000000018 6.5000000000000009 19.350000000000005 11.500000000000002 29.450000000000003 0.41135000000000005 3.5000000000000004 997.35000000000002 4.3500000000000014 24.049750999075389 -0.0026999999999999997 1.0000000180025095e-35 1005.4500000000002 32.150000000000013 1006.9500000000002 6.5000000000000009 0.042777777777777783 0.25000000000000006 0.35150000000000003 -0.0045171428571428559 10.950000000000001 0.005452083333333334 23.050000000000004 1262.5000000000002 0.65000000000000024 278.93507905000007
decision_type=2 2 2 2 2 2 2 2 2 2 2 2 2 2 2 2 2 2 2 2 2 2 2 2 10 2 10 2 2 10
left_child=2 -2 3 -1 -5 6 9 -8 10 12 11 -9 22 -14 -10 16 -12 18 19 20 -7 -22 -4 24 -24 -26 -25 -28 -20 -30
right_child=1 -3 5 4 -6 17 7 8 14 -11 15 -13 13 -15 -16 -17 -18 -19 28 -21 21 -23 23 26 25 -27 27 -29 29 -31
leaf_value=-0.00048010581148166527 0.0014572755743108056 -0.00069980897425175805 -1.307676649605747e-05 0.00013644191119919466 -2.7073372117165464e-05 0 0.0010333135401332666 0.00046682832213027961 0 -0.00027561374860916133 0.00023721520010160305 6.327192246433884e-05 -0.00036485864914521151 0 -0.00022058100387898781 -5.8539521111621685e-05 0 -1.8508111195929373e-05 -2.3559521884391186e-06 -1.3768914959824418e-06 7.2942999897629939e-05 0.00053666096334988348 -3.9499153800859852e-06 -9.58302017231067e-06 0.00064570567756066643 2.4082202547175669e-07 3.101710280943833e-06 0.00035177095338366927 5.4480222427846534e-07 0.0003688984621464139
leaf_weight=51 52 60 1521 98 2157 103 54 76 166 70 90 506 50 131 99 263 151 6443 7090 268 51 71 80 1371 74 64 181 61 330 59
leaf_count=51 52 60 1521 98 2157 103 54 76 166 70 90 506 50 131 99 263 151 6443 7090 268 51 71 80 1371 74 64 181 61 330 59
internal_value=0 0.00026148 -1.18693e-06 -3.02913e-05 -1.76935e-05 2.01246e-06 2.04903e-05 8.00467e-05 3.751e-05 -1.36229e-06 7.2462e-05 0.000125257 2.73313e-06 -0.000125211 -8.66645e-05 1.46852e-06 8.75869e-05 -4.06118e-06 6.98863e-06 9.13201e-05 0.000223374 0.000385631 1.11683e-05 3.40339e-05 0.000219743 0.000384486 5.71648e-06 0.000112651 7.49757e-07 7.00365e-05
internal_weight=21841 112 21729 2306 2255 19423 5008 1405 1351 3603 1086 582 3533 181 265 504 241 14415 7972 493 225 122 3352 1831 218 138 1613 242 7479 389
internal_count=21841 112 21729 2306 2255 19423 5008 1405 1351 3603 1086 582 3533 181 265 504 241 14415 7972 493 225 122 3352 1831 218 138 1613 242 7479 389
is_linear=0
shrinkage=0.05


Tree=113
num_leaves=31
num_cat=0
split_feature=2 116 126 12 126 0 12 1 131 2 103 93 2 155 76 133 75 115 19 13 80 88 135 96 101 136 136 16 22 24
split_gain=0.00275771 0.0468862 0.000794931 0.00599554 0.0013663 0.0115189 0.00087809 0.00169069 0.000946581 0.000635165 0.00129153 0.00109416 0.000661901 0.00301153 0.000947544 0.00129956 0.00796061 0.00853352 0.00126076 0.00105717 0.000898814 0.00080682 0.000995754 0.000801228 0.000762277 0.000836976 0.00145171 0.00101627 0.000740968 0.000539138
threshold=0.048280649000000009 273.75852385000007 3.5000000000000004 0.072194520500000012 7.5000000000000009 0.12235000000000001 0.03786111100000001 0.010255007000000002 93.410858925704943 0.0055886015000000009 1233.9000000000003 272.31247980000006 0.0035617145000000003 0.40200000000000008 3.0500000000000012 88.200000000000003 5.9500000000000011 5.8500000000000005 -0.0062885714285714255 0.0028939894027777782 31.137500000000006 28.537500000000005 22.650000000000002 26.762500000000006 -12.723865099999982 1.0100000000000002 0.26500000000000007 0.28000000000000008 4.5000000000000009 32.300000000000004
decision_type=2 8 2 2 2 2 2 2 2 2 2 2 2 2 2 2 2 8 2 2 2 2 2 2 2 2 2 2 2 2
left_child=2 -2 3 -1 5 6 7 -4 -9 12 11 -11 14 20 15 24 -17 -18 19 -16 23 -20 -23 -14 25 26 -6 -28 -24 -26
right_child=1 -3 4 -5 9 -7 -8 8 -10 10 -12 -13 13 -15 18 16 17 -19 21 -21 -22 22 28 -25 29 -27 27 -29 -30 -31
leaf_value=0 -0.00069701824870145211 0.001308657626608952 -6.3346377422458024e-06 -0.00057739468244036817 0 0.00078620850531688821 -0.00012398549880865919 0.00035836857952745052 0 -2.0929695970852871e-05 -9.1006027413654204e-06 -0.00036621015898422884 0 0.00036942707892045131 -0.00036503888796803291 -0.00028451134472561539 0.0008635261437398786 0 0.00011434407519678898 0 -0.00013680184963959618 -7.3043328863702924e-05 0.00010931367037154963 0.0001331748440375032 3.5510157909824096e-05 -8.6807440015416666e-07 0.00041386000251434989 2.563168545384542e-05 -1.5490962967289197e-05 -3.4216035467766089e-06
leaf_weight=405 57 55 325 50 74 51 102 55 58 103 808 55 236 66 54 61 52 70 85 51 83 786 142 150 932 85 58 69 606 16057
leaf_count=405 57 55 325 50 74 51 102 55 58 103 808 55 236 66 54 61 52 70 85 51 83 786 142 150 932 85 58 69 606 16057
internal_value=0 0.000246529 -1.10475e-06 -6.64542e-05 6.09621e-08 7.51717e-05 0 3.73333e-05 0.00020574 -1.84706e-06 -4.14135e-05 -0.000174116 0 5.4893e-05 -1.43776e-06 1.783e-06 0.000134007 0.000384529 -3.69332e-05 -0.000210256 0 -2.24831e-05 -3.33917e-05 4.17633e-05 8.52018e-08 8.11327e-05 0.000140395 0.000243843 1.64064e-06 -9.8959e-07
internal_weight=21841 112 21729 455 21274 591 540 438 113 20683 966 158 19717 535 19182 17458 183 122 1724 105 469 1619 1534 386 17275 286 201 127 748 16989
internal_count=21841 112 21729 455 21274 591 540 438 113 20683 966 158 19717 535 19182 17458 183 122 1724 105 469 1619 1534 386 17275 286 201 127 748 16989
is_linear=0
shrinkage=0.05


Tree=114
num_leaves=31
num_cat=0
split_feature=2 35 22 100 22 91 86 30 91 129 128 104 128 81 2 15 96 89 73 89 120 29 30 150 135 29 0 1 110 1
split_gain=0.00244848 0.0460228 0.000784566 0.00285239 0.000792076 0.00253539 0.00912187 0.0240028 0.00238875 0.00300836 0.00193543 0.00186475 0.00313294 0.00235112 0.00448041 0.00131121 0.00104386 0.000965694 0.00101737 0.000824142 0.000979934 0.00199527 0.001022 0.000887938 0.00262282 0.00105326 0.000770349 0.000731726 0.00176638 0.000737657
threshold=0.048280649000000009 272.79358500000006 2.5000000000000004 7.2500000000000009 6.5000000000000009 21.350000000000005 1.0000000180025095e-35 -1.4871428571428555 29.450000000000003 7.5000000000000009 9.6940619704490469 21.450000000000006 8.3844366951598737 24.950000000000003 0.00021126900000000001 3.2291666666666675e-05 38.687500000000007 45.750000000000007 38.650000000000013 32.150000000000013 272.66833945000002 28.950000000000003 -1.9042857142857137 0.092857142857142874 1.8 53.70000000000001 0.41135000000000005 0.064678997500000016 9.5500000000000025 0.014431197500000001
decision_type=2 2 2 2 2 2 2 2 2 2 2 2 2 2 2 2 2 2 2 2 8 2 2 2 2 2 2 2 10 2
left_child=2 -2 3 -1 5 11 7 -7 9 16 15 12 -4 -13 -15 -10 -8 18 -18 20 21 22 -6 25 -25 -22 -14 29 -29 -21
right_child=1 -3 4 -5 19 6 8 -9 10 -11 -12 13 26 14 -16 -17 17 -19 -20 27 23 -23 -24 24 -26 -27 -28 28 -30 -31
leaf_value=-1.6375669886361119e-05 0.0013592330276654908 -0.00063604279623588459 -0.00037816695868722323 -0.00034011161166134818 0.00027099469445048549 0 -6.3453425044447711e-06 0.0013290881631580894 0 0.00045793722535474409 2.2509793051863052e-05 1.1850496625196055e-05 -1.7585862660828692e-06 0.00059049799256657336 0 -0.00034257272353897865 0.00024009276572635433 0 0 -2.0291492544648231e-05 -4.3891877359700835e-06 -3.4257351785035517e-05 4.9660409092881153e-06 0.00029630711578938648 0 0.00020338221180222195 -0.00017338950334806874 -0.00037091322752102693 -2.8344690711777689e-05 2.5072447729509531e-05
leaf_weight=2234 51 61 58 72 137 85 366 50 65 50 123 398 3116 59 71 87 155 147 110 5049 7030 147 105 99 394 60 68 50 343 1001
leaf_count=2234 51 61 58 72 137 85 366 50 65 50 123 398 3116 59 71 87 155 147 110 5049 7030 147 105 99 394 60 68 50 343 1001
internal_value=0 0.000232261 -1.08109e-06 -2.8794e-05 1.95304e-06 1.92486e-05 8.13245e-05 0.000470319 2.88023e-05 7.46052e-05 -9.07607e-05 0 -1.5343e-05 8.58457e-05 0.000272397 -0.000214648 4.29947e-05 9.88417e-05 0.000155707 -3.7098e-06 6.58926e-06 8.42399e-05 0.000176641 1.93599e-06 6.70782e-05 -1.89734e-06 -7.04722e-06 -1.72279e-05 -8.54496e-05 -1.19566e-05
internal_weight=21841 112 21729 2306 19423 5008 1238 135 1103 828 275 3770 3242 528 130 152 778 412 265 14415 7972 389 242 7583 493 7090 3184 6443 393 6050
internal_count=21841 112 21729 2306 19423 5008 1238 135 1103 828 275 3770 3242 528 130 152 778 412 265 14415 7972 389 242 7583 493 7090 3184 6443 393 6050
is_linear=0
shrinkage=0.05


Tree=115
num_leaves=31
num_cat=0
split_feature=2 82 0 120 11 126 121 126 28 128 36 97 90 138 14 1 90 104 19 75 112 91 104 131 119 2 29 93 104 33
split_gain=0.00325314 0.0512572 0.00173495 0.013166 0.000837443 0.0110423 0.00103268 0.0019666 0.00150252 0.000826947 0.000524187 0.000573103 0.000688826 0.0017201 0.00193147 0.00209047 0.000443968 0.000436696 0.000612115 0.00124833 0.000494152 0.000735734 0.000901601 0.00178999 0.000520583 0.00235357 0.00130418 0.00274175 0.00214205 0.000726112
threshold=0.048280649000000009 20.746000000000006 0.41135000000000005 267.93518790000007 0.0051753101944444456 6.5000000000000009 0.15000000000000005 16.500000000000004 39.250000000000007 10.60662219189628 285.62648210000003 -3.850000000000001 21.853061224489803 4.8150000000000004 0.016527993000000001 0.0057307125000000013 28.374489795918372 0.35000000000000009 0.0028999999999999955 8.2500000000000018 269.42482560000002 7.3500000000000005 21.050000000000008 28.122751250102521 6.8500000000000005 0.0040711290000000006 28.850000000000005 265.36772100000002 9.7500000000000018 -0.98636993616631286
decision_type=2 2 2 10 2 2 10 2 2 2 2 2 2 2 2 2 2 2 2 2 8 2 2 2 8 2 2 2 2 2
left_child=2 -2 4 -4 10 -6 7 -7 -8 16 11 12 -1 14 15 -14 -9 18 -13 -20 21 -19 -23 -24 25 26 27 28 -22 -28
right_child=1 -3 3 -5 5 6 8 9 -10 -11 -12 17 13 -15 -16 -17 -18 20 19 -21 24 22 23 -25 -26 -27 29 -29 -30 -31
leaf_value=2.9883575495753718e-07 0.0012531990545528336 -0.0008555957960968098 -0.00023110219936666365 0.00081436851732410033 -0.00074885719303120779 -0.00031361842191249153 0 -3.6779770772976607e-05 0.00028667764334650074 0.0001721790801977413 -6.0456507446339626e-05 -9.7729966641092199e-06 6.9780806817420436e-05 0 1.6047726766082805e-06 0.0004819218477406476 5.4441631652803497e-05 -0.0001911189424483054 -0.00028712651811678267 -5.1446453279772605e-06 0 -2.4398506250311995e-05 0.00027814582799068642 4.3014122825983054e-06 2.411586626884672e-06 0.00030490119370508095 -0.00011285539509028097 0 0.00044078307818745096 0
leaf_weight=1637 62 50 62 50 52 56 54 851 68 56 343 2195 118 620 196 72 120 60 66 198 71 2740 69 729 9970 78 162 345 79 662
leaf_count=1637 62 50 62 50 52 56 54 851 68 56 343 2195 118 620 196 72 120 60 66 198 71 2740 69 729 9970 78 162 345 79 662
internal_value=5.88764e-07 0.000268285 -5.70566e-07 0.000194454 -1.81836e-06 -4.14589e-05 -6.19064e-06 -2.56559e-05 0.000124757 -4.80031e-06 3.79945e-07 1.67192e-06 2.34756e-05 5.61866e-05 0.000139019 0.000253844 -2.03178e-05 -1.34963e-06 -2.10255e-05 -9.53255e-05 1.55055e-06 -1.41496e-05 -9.68242e-06 3.4556e-05 6.96075e-06 3.58254e-05 1.59066e-05 8.19826e-05 0.000259751 -1.77779e-05
internal_weight=21891 112 21779 112 21667 1257 1205 1083 122 1027 20410 20067 2643 1006 386 190 971 17424 2459 264 14965 3598 3538 798 11367 1397 1319 495 150 824
internal_count=21891 112 21779 112 21667 1257 1205 1083 122 1027 20410 20067 2643 1006 386 190 971 17424 2459 264 14965 3598 3538 798 11367 1397 1319 495 150 824
is_linear=0
shrinkage=0.05


Tree=116
num_leaves=31
num_cat=0
split_feature=2 59 0 35 11 126 119 128 90 96 126 88 98 90 2 138 160 132 91 30 66 91 9 93 92 3 137 84 19 14
split_gain=0.00288843 0.0448807 0.00153226 0.0120298 0.000757649 0.0099856 0.000939204 0.000635372 0.000784483 0.00137987 0.00434715 0.000738596 0.00061851 0.00129821 0.0036462 0.00783739 0.000853189 0.001887 0.00176232 0.00104709 0.00112405 0.00272039 0.00132636 0.000856954 0.00121926 0.000734643 0.000648943 0.00360529 0.00300883 0.00154093
threshold=0.048280649000000009 9.0526500000000016 0.41135000000000005 274.51635490000007 0.0051753101944444456 6.5000000000000009 20.550000000000004 10.60662219189628 28.68367346938776 38.937500000000007 23.500000000000004 38.812500000000007 -4.0999999999999979 23.839795918367347 0.0040711290000000006 5.4150000000000009 0.058333333333333341 1.5000000000000002 14.250000000000002 -0.64285714285714468 35.525000000000006 21.150000000000002 0.43298611111111118 266.40703705000004 12.650000000000004 0.18851152100000004 0.045000000000000005 0.65000000000000024 -6.5714285714285064e-05 0.016839561500000003
decision_type=2 2 2 2 2 2 10 2 2 2 2 2 2 2 2 2 2 2 2 2 2 2 2 2 2 2 2 2 2 2
left_child=2 -2 4 -4 12 -6 7 8 9 10 -7 -11 13 -1 25 -16 26 18 -18 -19 22 -22 -21 -24 -25 -15 27 -14 29 -29
right_child=1 -3 3 -5 5 6 -8 -9 -10 11 -12 -13 16 14 15 -17 17 19 -20 20 21 -23 23 24 -26 -27 -28 28 -30 -31
leaf_value=1.2276543256177398e-06 -0.00058748243311937485 0.001383953309705248 0.00077660790050311556 -0.00022147861261305121 -0.0007121207983340665 0.0004409053249624916 -0.00021219528124245972 0.00016425603978357937 0.00010359875036257797 -0.00033612521911541434 -3.0863884422413248e-05 0 0 1.2368763170842291e-05 0.000789510655290192 0 -0.00039066426753729157 -1.8564291361002067e-05 -6.2322642752066581e-05 -2.7094348573542282e-05 0.00044016067554236682 0 0 0.00025289882673803279 0 0.00021692588328733111 0 0.00010140474845280147 0 0.00065210847441145845
leaf_weight=3938 62 50 50 62 52 51 52 57 130 51 796 68 1105 924 51 54 51 4349 803 613 55 69 158 127 76 52 7790 53 92 50
leaf_count=3938 62 50 50 62 52 51 52 57 130 51 796 68 1105 924 51 54 51 4349 803 613 55 69 158 127 76 52 7790 53 92 50
internal_value=5.90756e-07 0.000252834 -4.88401e-07 0.000182777 -1.67488e-06 -3.93869e-05 -5.64366e-06 0 -4.63697e-06 -2.44656e-05 0 -0.000183223 4.04557e-07 1.58639e-05 6.45111e-05 0.000347763 -4.31259e-06 -1.86264e-05 -8.82128e-05 -6.78446e-06 3.52984e-05 0.000179968 1.15866e-05 9.09747e-05 0.000158709 2.85959e-05 5.06043e-06 3.77617e-05 0.00023548 0.000420513
internal_weight=21891 112 21779 112 21667 1257 1205 1153 1096 966 847 119 20410 5019 1081 105 15391 6301 854 5447 1098 124 974 361 203 976 9090 1300 195 103
internal_count=21891 112 21779 112 21667 1257 1205 1153 1096 966 847 119 20410 5019 1081 105 15391 6301 854 5447 1098 124 974 361 203 976 9090 1300 195 103
is_linear=0
shrinkage=0.05


Tree=117
num_leaves=31
num_cat=0
split_feature=120 11 19 11 48 49 136 131 103 11 126 0 24 7 0 49 36 136 116 14 93 93 96 59 24 91 112 16 82 44
split_gain=0.00270962 0.101662 0.0182413 0.00242525 0.0013779 0.00136927 0.00185435 0.00442037 0.000491651 0.00364712 0.00250447 0.00107671 0.000752252 0.0017747 0.000547854 0.000509081 0.00053256 0.000570791 0.00155238 0.00399613 0.00162509 0.00301466 0.00121615 0.000908706 0.00393157 0.000952782 0.00116448 0.000720564 0.00578611 0.000726809
threshold=284.74030595000005 0.0063192529166666679 0.018424285714285716 0.0054437020069444458 54.500000000000007 978.35000000000002 0.97500000000000009 100.2802120376448 1066.9000000000003 0.0059095402291666679 9.5000000000000018 0.41135000000000005 57.550000000000004 0.14120000000000002 0.074950000000000003 934.55000000000007 285.33743450000003 0.38500000000000006 265.12360985000004 0.015047212000000003 262.98831115000002 262.76337630000006 48.862500000000004 12.732800000000003 39.600000000000001 33.850000000000001 278.08670635000004 0.085000000000000006 29.658000000000005 1282.5000000000002
decision_type=10 2 2 2 2 2 2 2 2 2 2 2 2 2 2 2 2 2 8 2 2 2 2 2 2 2 10 2 2 2
left_child=2 3 8 5 -4 6 -2 -8 9 12 -10 15 13 -1 -14 -12 17 18 19 -17 21 -20 27 25 -25 -22 -27 28 -19 -29
right_child=1 -3 4 -5 -6 -7 7 -9 10 -11 11 -13 14 -15 -16 16 -18 22 20 -21 23 -23 -24 24 -26 26 -28 29 -30 -31
leaf_value=-1.1055195812157418e-05 2.5751788999107694e-06 0.0021010086771842663 -0.00092250260528844779 -0.00031376162414476242 -0.00029388303379984762 -1.8688402351605549e-05 0.00051286219741368641 0 0.00031385191495758141 -0.00038230848797273057 -4.5156114227273608e-05 -0.00016146442486181774 0 -0.00031262683558032643 0.00017712235135837636 -1.6127194244880759e-05 -5.3084766457197415e-05 0 0 0.00038887159646325319 5.7591756679063318e-06 -0.0004434684437273973 -0.0001647326301641889 0.00047917075855494071 2.1851392263867995e-05 0.00032748078329670951 0 4.3963285642056355e-06 0.00056273158687301982 -2.7566225384881511e-05
leaf_weight=2304 433 58 52 60 50 1414 70 104 63 68 553 101 141 51 81 105 393 431 195 97 5339 53 113 56 459 52 92 6474 50 2379
leaf_count=2304 433 58 52 60 50 1414 70 104 63 68 553 101 141 51 81 105 393 431 195 97 5339 53 113 56 459 52 92 6474 50 2379
internal_value=5.71992e-07 5.42151e-05 -4.9865e-06 -1.41169e-06 -0.000668744 5.53923e-06 7.01388e-05 0.000208724 -1.25274e-06 -2.14436e-05 1.59486e-06 1.20151e-07 -9.83732e-06 -1.98382e-05 7.34449e-05 1.39562e-06 3.28575e-06 4.99729e-06 1.65703e-05 0.000154679 1.12793e-05 -0.000111276 -2.37347e-06 1.71978e-05 8.21015e-05 1.0176e-05 0.000138283 0 5.9121e-05 -3.63015e-06
internal_weight=21891 2139 19752 2081 102 2021 607 174 19650 2645 17005 16942 2577 2355 222 16841 16288 15895 6448 202 6246 248 9447 5998 515 5483 144 9334 481 8853
internal_count=21891 2139 19752 2081 102 2021 607 174 19650 2645 17005 16942 2577 2355 222 16841 16288 15895 6448 202 6246 248 9447 5998 515 5483 144 9334 481 8853
is_linear=0
shrinkage=0.05


Tree=118
num_leaves=31
num_cat=0
split_feature=19 82 0 93 12 61 116 138 14 94 103 30 10 116 77 43 43 75 119 83 92 132 19 137 84 131 126 138 138 89
split_gain=0.00298058 0.0477653 0.00133229 0.0116166 0.000691878 0.00588153 0.000983203 0.00149337 0.00140773 0.00544516 0.00113068 0.00393537 0.000541345 0.00333198 0.00124906 0.0016044 0.00226955 0.00159396 0.000588333 0.0005923 0.00057419 0.00128204 0.00256162 0.000954538 0.00524505 0.00453896 0.000896132 0.00184101 0.00541423 0.000690874
threshold=0.018424285714285716 20.746000000000006 0.41135000000000005 267.61526280000004 0.071302525500000005 65.15000000000002 292.39607665000005 5.4500000000000011 0.010363074500000001 14.500000000000002 1084.9000000000003 -2.1171428571428605 16.980000000000004 291.98375320000008 263.81418490000004 0.38950000000000007 0.44350000000000006 12.950000000000001 11.350000000000003 14.15 1.7500000000000004 1.5000000000000002 -0.0047185714285714253 0.045000000000000005 0.65000000000000024 66.863867284344977 53.500000000000007 4.745000000000001 4.2150000000000007 28.750000000000004
decision_type=2 2 2 2 2 2 10 2 2 2 2 2 2 10 2 2 2 2 8 2 2 2 2 2 2 2 2 2 2 2
left_child=2 -2 4 -4 12 -6 8 -8 9 -7 11 -10 20 14 -14 18 17 -17 19 -16 23 22 -22 24 -1 -26 27 28 -25 -24
right_child=1 -3 3 -5 5 6 7 -9 10 -11 -12 -13 13 -15 15 16 -18 -19 -20 -21 21 -23 29 26 25 -27 -28 -29 -30 -31
leaf_value=5.3684277487533625e-06 0.0012087538917111241 -0.00082622055508716798 -0.00022658220474748681 0.00075514020663332293 -0.00050195667869729738 0 -0.00030315941101998508 0 5.2052225599936717e-05 0.00044131318001263829 -8.9719624740548325e-06 -0.00043954476858229811 -0.00022422711363141585 0.00037576710771859597 -0.00022714544730143981 0.00049675994672097976 0 1.3889449568276912e-05 2.2834757859345539e-05 -1.1638867543165005e-05 -0.00041888186628199825 -2.2750417654782513e-06 9.576367844905083e-05 0 0.00055691209554755588 0 -3.0807438220195931e-06 0 0.0005865921997968345 -5.3179391440360445e-05
leaf_weight=1180 62 50 62 50 63 342 70 62 63 82 1694 68 50 67 50 57 142 58 551 281 50 6852 62 94 87 73 8200 344 58 967
leaf_count=1180 62 50 62 50 63 342 70 62 63 82 1694 68 50 67 50 57 142 58 551 281 50 6852 62 94 87 73 8200 344 58 967
internal_value=5.14683e-07 0.000256763 -5.85253e-07 0.000170243 -1.70686e-06 -2.68575e-05 -1.19821e-05 -0.000144885 -1.89857e-06 7.74893e-05 -2.31132e-05 -0.000166646 1.23192e-06 3.30536e-05 9.24052e-06 2.4063e-05 0.000134471 0.000298548 -2.56149e-06 -5.98391e-05 -7.16048e-07 -1.10185e-05 -6.18588e-05 6.92761e-06 4.62405e-05 0.000314711 2.90203e-07 6.5974e-05 0.000210287 -3.92665e-05
internal_weight=21891 112 21779 112 21667 2444 2381 132 2249 424 1825 131 19223 1256 1189 1139 257 115 882 331 17967 7931 1079 10036 1340 160 8696 496 152 1029
internal_count=21891 112 21779 112 21667 2444 2381 132 2249 424 1825 131 19223 1256 1189 1139 257 115 882 331 17967 7931 1079 10036 1340 160 8696 496 152 1029
is_linear=0
shrinkage=0.05


Tree=119
num_leaves=31
num_cat=0
split_feature=2 114 0 120 11 61 90 96 61 100 128 98 90 138 2 88 160 132 92 138 89 89 28 49 89 6 137 84 19 33
split_gain=0.00264532 0.0490698 0.0011737 0.0110289 0.000687034 0.0113857 0.000695777 0.00138338 0.00352079 0.00106842 0.000701478 0.000554925 0.00110502 0.00313026 0.00731764 0.000738994 0.000716296 0.00154219 0.00159436 0.00200594 0.000715766 0.000899302 0.000605793 0.000628954 0.000988659 0.00203067 0.000542363 0.0029667 0.00246531 0.00123664
threshold=0.048280649000000009 19.550000000000004 0.41135000000000005 267.93518790000007 0.0051753101944444456 91.250000000000014 28.68367346938776 38.937500000000007 243.40000000000006 -1.649999999999977 10.60662219189628 -4.0999999999999979 23.839795918367347 4.8150000000000004 0.0040711290000000006 41.912500000000001 0.058333333333333341 1.5000000000000002 13.850000000000003 5.8700000000000001 40.45000000000001 50.750000000000007 25.400000000000002 990.45000000000016 51.300000000000004 0.0061784722222222232 0.045000000000000005 0.65000000000000024 -6.5714285714285064e-05 -0.9885210253660659
decision_type=2 10 2 10 2 2 2 2 2 2 2 2 2 2 2 2 2 2 2 2 2 2 2 2 2 2 2 2 2 2
left_child=2 -2 4 -4 11 -6 7 8 -7 -9 -10 12 -1 14 15 20 26 18 19 -18 -14 -22 -19 -24 25 -25 27 -13 29 -29
right_child=1 -3 3 -5 5 6 -8 9 10 -11 -12 16 13 -15 -16 -17 17 22 -20 -21 21 -23 23 24 -26 -27 -28 28 -30 -31
leaf_value=1.3893262337634989e-06 -0.0006731784252495673 0.0013848404827121897 -0.00022577346907743805 0.00073089713030354952 -0.00063921915330718412 0.0004019873844320175 0.00010033442400442515 0 -3.3790988001720801e-05 -0.00029684942710850418 0.00014162467980727175 0 0 -7.0353701405699635e-07 0.00073407284480568851 -1.0826193268067704e-05 -0.00047467611930372542 -2.2542881393998753e-05 -3.5382453419924993e-05 -5.4161435570276812e-05 0.00027100029919570134 0 0 7.1614418947969414e-06 -6.5798174031192949e-05 0.00036154907883194809 0 7.8400779862279729e-05 0 0.00058639582195050589
leaf_weight=3938 60 52 62 50 73 52 150 60 798 71 53 1105 124 660 51 85 58 2912 672 124 106 55 2242 174 50 69 7790 52 92 51
leaf_count=3938 60 52 62 50 73 52 150 60 798 71 53 1105 124 660 51 85 58 2912 672 124 106 55 2242 174 50 69 7790 52 92 51
internal_value=4.6571e-07 0.000241882 -5.5727e-07 0.000159752 -1.62402e-06 -3.75344e-05 0 -1.45571e-05 2.16158e-06 -0.000166823 -1.68442e-05 3.44371e-07 1.50008e-05 5.9918e-05 0.000166579 7.3112e-05 -4.1109e-06 -1.72345e-05 -8.02204e-05 -0.000217356 0.000115579 0.00018609 -6.42871e-06 1.01119e-05 7.89319e-05 0.000129351 4.43705e-06 3.43478e-05 0.000213709 0.000381229
internal_weight=21891 112 21779 112 21667 1257 1184 1034 903 131 851 20410 5019 1081 421 370 15391 6301 854 182 285 161 5447 2535 293 243 9090 1300 195 103
internal_count=21891 112 21779 112 21667 1257 1184 1034 903 131 851 20410 5019 1081 421 370 15391 6301 854 182 285 161 5447 2535 293 243 9090 1300 195 103
is_linear=0
shrinkage=0.05


Tree=120
num_leaves=31
num_cat=0
split_feature=0 83 126 11 126 19 19 14 22 85 56 137 120 91 140 120 136 128 94 0 13 84 14 11 91 13 138 9 120 83
split_gain=0.00256695 0.0220282 0.00168869 0.0146124 0.00268722 0.0497635 0.00965927 0.00336496 0.00156892 0.00349335 0.000537952 0.000522377 0.000512461 0.00202131 0.00121824 0.00268137 0.00078082 0.00105544 0.00103055 0.00139325 0.00236838 0.000837167 0.000909192 0.00104465 0.00227427 0.00097046 0.000587212 0.000533153 0.00154915 0.0006758
threshold=0.41135000000000005 20.150000000000002 4.5000000000000009 0.0040165472500000013 11.500000000000002 0.0074985714285714334 0.018424285714285716 0.051988983000000009 4.5000000000000009 272.56460065000005 -7.2716990999999771 18.300000000000004 270.64360145000006 7.7500000000000009 77.430000000000021 276.06291075000007 0.015000000000000001 9.045340223537659 3.5000000000000004 0.0073000000000000009 0.0014273235555555556 1.0000000180025095e-35 0.020747941000000002 0.0026297554444444449 19.450000000000003 0.0018546898680555559 3.1100000000000008 3.3623611111111114 270.07642085000003 28.950000000000003
decision_type=2 2 2 2 2 2 2 2 2 2 2 2 10 2 2 10 2 2 2 2 2 2 2 2 2 2 2 2 8 2
left_child=2 -2 3 -1 5 7 11 8 9 -4 -8 12 27 -14 16 -16 -15 18 26 -20 -21 22 23 -19 -25 -24 -18 -6 29 -29
right_child=1 -3 4 -5 6 -7 10 -9 -10 -11 -12 -13 13 14 15 -17 17 21 19 20 -22 -23 25 24 -26 -27 -28 28 -30 -31
leaf_value=0 -0.00031329561723175703 0.0010385990349316796 0.00047323364449920963 -0.00085248567276721601 2.6350962557649907e-06 0.0015726989477582909 -0.00068245785189883828 -0.00036176499486706843 -1.8278241091336616e-06 0 -0.00018980598950007585 0.00011038380278954142 -0.00032757070265920362 0.00015354029147420078 -2.2307830756893553e-05 0.00030642317901362462 6.3013315710696546e-05 2.7271179329709807e-05 -3.4728312018653262e-05 -0.00051577425882583315 0 -1.7724267159705713e-05 0.00027651027749913104 1.7788559235645654e-06 -0.00031384851099956952 0 -4.7274414951341776e-05 0.0002017594557541584 -7.980118380646477e-06 0
leaf_weight=548 65 50 58 55 12094 52 50 59 772 138 50 106 50 64 106 96 125 1149 206 57 52 4347 72 117 75 126 538 175 348 117
leaf_count=548 65 50 58 55 12094 52 50 59 772 138 50 106 50 64 106 96 125 1149 206 57 52 4347 72 117 75 126 538 175 348 117
internal_value=5.83341e-07 0.000235268 -4.35966e-07 -8.30494e-05 1.68191e-06 7.86492e-05 -2.20092e-06 0 2.40392e-05 0.000150796 -0.000489955 1.00305e-08 -3.31923e-07 -1.12447e-05 -8.27968e-06 0.00011003 -1.24662e-05 -1.47645e-05 -6.34022e-05 -0.000140916 -0.000294007 -5.82434e-06 2.45307e-05 5.75207e-06 -9.65937e-05 0.000125919 -1.88874e-05 5.429e-06 5.03382e-05 0.000136696
internal_weight=21917 115 21802 603 21199 1079 20120 1027 968 196 100 20020 19914 7180 7130 202 6928 6864 978 315 109 5886 1539 1341 192 198 663 12734 640 292
internal_count=21917 115 21802 603 21199 1079 20120 1027 968 196 100 20020 19914 7180 7130 202 6928 6864 978 315 109 5886 1539 1341 192 198 663 12734 640 292
is_linear=0
shrinkage=0.05


Tree=121
num_leaves=31
num_cat=0
split_feature=3 46 99 107 16 103 30 50 128 128 118 103 24 6 67 17 6 101 92 103 85 13 85 62 133 101 140 90 28 85
split_gain=0.00227877 0.0195453 0.00221813 0.00307164 0.00123621 0.0144921 0.00704624 0.0021525 0.00321784 0.000705588 0.000820919 0.000568857 0.0063467 0.00162336 0.00120615 0.000935916 0.000551997 0.00257124 0.00121301 0.00122214 0.00110556 0.000528546 0.000486422 0.000456876 0.00106842 0.0015988 0.00096072 0.00114245 0.000570995 0.000915197
threshold=0.66968249400000013 1.0000000180025095e-35 4.9500000000000464 14.65 10.745000000000003 876.60000000000014 0.9742857142857122 1023.2500000000001 9.1197746952926142 8.8015447209402673 9.2500000000000018 863.80000000000007 58.45000000000001 0.0075847222222222236 12.250000000000002 0.033650000000000006 0.020815277777777783 -5.815169200000013 9.5500000000000025 1166.7500000000002 277.26350070000007 0.0014273235555555556 272.36707240000004 44.750000000000007 83.205000000000013 -6.4763279499999831 72.420000000000002 17.382653061224492 7.0500000000000007 268.59693600000008
decision_type=2 2 2 2 2 2 2 2 2 2 10 2 2 2 2 2 2 2 2 2 2 2 2 2 2 2 2 2 2 2
left_child=2 -2 4 -4 11 -6 7 9 -9 10 -7 12 13 15 -15 -1 23 -18 19 -19 -20 -17 -11 -13 26 -26 28 -28 29 -25
right_child=1 -3 3 -5 5 6 -8 8 -10 22 -12 16 -14 14 -16 21 17 18 20 -21 -22 -23 -24 24 25 -27 27 -29 -30 -31
leaf_value=-4.2249582389103551e-06 0.00093184792754684833 -0.00033127228763811631 0.00049834624744725484 0 0.00067427509742524539 0 -0.00051780654909380243 -0.00049794110192806333 0 -9.8243602427101017e-05 0.00018157622002914212 7.0032569178805922e-06 -0.0005719228667574219 0 0.00034694447180471511 -0.00020692758859351091 0.00029885831010217911 -0.00022223427093782589 0.00024589306591688584 0 0 0 0 0.00014406615662105303 -0.00036622673618414694 -2.6477772934793725e-05 0.00027949671307727188 0 -1.2426261778030509e-05 -3.5477356735155996e-06
leaf_weight=1423 54 61 52 50 60 104 99 63 101 224 86 12027 51 50 52 102 88 64 93 594 56 89 178 155 51 244 63 59 5378 146
leaf_count=1423 54 61 52 50 60 104 99 63 101 224 86 12027 51 50 52 102 88 64 93 594 56 89 178 155 51 244 63 59 5378 146
internal_value=5.35677e-07 0.000221662 -4.11493e-07 0.000230731 -1.73896e-06 -5.8645e-05 -0.000116647 -5.68943e-05 -0.000217756 -3.60752e-06 6.53659e-05 5.28325e-07 -2.62979e-05 -6.84607e-06 0.000180728 -2.19008e-05 3.28495e-06 4.17667e-05 7.20868e-06 -1.53302e-05 0.000139515 -0.00012684 -4.86951e-05 1.10646e-06 -9.70669e-06 -0.000103145 -4.07633e-06 0.00013201 -7.90283e-06 5.61351e-05
internal_weight=21917 115 21802 102 21700 915 855 756 164 592 190 20785 1767 1716 102 1614 19018 895 807 658 149 191 402 18123 6096 295 5801 122 5679 301
internal_count=21917 115 21802 102 21700 915 855 756 164 592 190 20785 1767 1716 102 1614 19018 895 807 658 149 191 402 18123 6096 295 5801 122 5679 301
is_linear=0
shrinkage=0.05


Tree=122
num_leaves=31
num_cat=0
split_feature=94 11 82 2 128 1 101 128 122 104 93 131 22 103 104 29 59 128 3 119 75 14 14 85 43 140 134 85 32 131
split_gain=0.00205222 0.0233465 0.135042 0.0065973 0.00538289 0.00285538 0.000743289 0.00138884 0.000714954 0.00187007 0.00123747 0.00116429 0.000636192 0.00182778 0.00255323 0.000626425 0.00119801 0.000708454 0.00107646 0.000595771 0.000588812 0.00112634 0.00190477 0.000533763 0.000781621 0.000523006 0.00102951 0.00167172 0.00170944 0.00239659
threshold=14.500000000000002 0.0063192529166666679 22.518000000000004 0.048280649000000009 9.4851651395396477 0.61966513750000007 -6.0420421999999965 9.2709178796006242 11.500000000000002 5.5500000000000016 264.05027640000009 66.863867284344977 3.5000000000000004 863.80000000000007 0.15000000000000005 46.000000000000007 6.8788000000000009 10.599043382800442 0.21051044450000003 11.750000000000002 18.350000000000005 0.020747941000000002 0.030814855000000002 278.12477370000005 0.32150000000000006 35.305000000000007 6.6850000000000014 272.04325475000007 10.15 79.817065740786333
decision_type=2 2 2 2 2 2 2 2 2 2 2 2 2 2 2 2 2 2 2 8 2 2 2 2 2 2 2 2 2 2
left_child=3 6 -3 5 -4 12 7 -2 15 10 -10 23 13 14 -1 -8 17 18 -17 -15 21 -13 -23 24 -12 -14 -27 28 -28 -30
right_child=1 2 4 -5 -6 -7 8 -9 9 -11 11 20 25 19 -16 16 -18 -19 -20 -21 -22 22 -24 -25 -26 26 27 -29 29 -31
leaf_value=0 0.00025197083716775104 0.0027810127767460315 -0.00059549193557662276 -0.00048529507921606481 0 -0.00031119956529341599 -4.0880374542187061e-05 0 0.00021762936854293684 0.00023672435996559217 0 0 -9.1339504029190778e-06 -4.2989995430608944e-05 -0.00048377436472667174 5.3008770298087165e-06 -3.8398770536375178e-05 0 0.0003613269495280375 5.5414589032743581e-06 -1.2574282883750047e-05 0.00027806708750539085 0 0 -0.00018230681998352338 -1.1289514394742511e-05 8.2175800619638035e-06 -5.6542783398489003e-06 0.00021956291261141393 4.7599347050863968e-05
leaf_weight=52 85 50 53 71 85 75 1404 263 66 96 75 536 7090 1075 51 88 297 104 54 1177 558 122 142 134 169 3212 1320 2164 311 938
leaf_count=52 85 50 53 71 85 75 1404 263 66 96 75 536 7090 1075 51 88 297 104 54 1177 558 122 142 134 169 3212 1320 2164 311 938
internal_value=4.53918e-07 3.12715e-05 0.000575154 -6.96145e-06 -0.000202356 -4.70294e-06 5.56215e-06 7.54732e-05 0 2.10338e-05 6.64504e-06 0 -3.07576e-06 -2.72758e-05 -0.000235888 -2.20512e-05 1.74287e-05 0.000104956 0.000177236 -1.54147e-05 2.0101e-05 4.91215e-05 0.000133863 -7.89379e-05 -0.000122824 3.8383e-07 9.50668e-06 2.46754e-05 5.21614e-05 9.45595e-05
internal_weight=21917 4381 188 17536 138 17465 4193 348 3845 1898 1802 1736 17390 2355 103 1947 543 246 142 2252 1358 800 264 378 244 15035 7945 4733 2569 1249
internal_count=21917 4381 188 17536 138 17465 4193 348 3845 1898 1802 1736 17390 2355 103 1947 543 246 142 2252 1358 800 264 378 244 15035 7945 4733 2569 1249
is_linear=0
shrinkage=0.05


Tree=123
num_leaves=31
num_cat=0
split_feature=0 83 99 34 126 0 126 104 2 36 0 12 2 126 2 36 6 76 91 137 24 93 75 0 104 103 0 36 93 30
split_gain=0.00204787 0.0184172 0.0019222 0.00297048 0.00140519 0.00968617 0.00199979 0.0235469 0.00523022 0.00220023 0.00192352 0.00125314 0.000566159 0.00112893 0.000635395 0.00262133 0.00107725 0.00069966 0.00108209 0.00137182 0.000636581 0.0027368 0.00175436 0.000596436 0.000950786 0.00116425 0.00263988 0.00255575 0.00153152 0.0028192
threshold=0.41135000000000005 20.150000000000002 4.9500000000000464 0.043479127399199104 4.5000000000000009 0.089450000000000016 8.5000000000000018 2.6500000000000012 0.048280649000000009 265.87830090000006 0.11455000000000001 0.041986284000000006 0.0049793635000000011 19.500000000000004 0.0035617145000000003 279.1453616500001 0.0059791666666666665 3.0500000000000012 15.050000000000002 1.0000000180025095e-35 32.300000000000004 266.40703705000004 9.7500000000000018 0.025450000000000004 0.35000000000000009 2752.1500000000001 0.029700000000000001 267.92718630000007 273.29520880000007 -1.8585714285714297
decision_type=2 2 2 2 2 2 2 2 2 2 2 2 2 2 2 2 2 2 2 2 2 2 2 2 2 2 2 2 2 2
left_child=2 -2 4 -4 5 -1 7 10 12 -10 11 -6 14 -14 17 16 -16 20 19 -19 21 22 -8 -22 -25 26 27 -26 -28 -30
right_child=1 -3 3 -5 6 -7 8 -9 9 -11 -12 -13 13 -15 15 -17 -18 18 -20 -21 23 -23 -24 24 25 -27 28 -29 29 -31
leaf_value=0 -0.00028675517610584695 0.00094698509926007207 0 0.00048385579962296809 0 -0.00065385338594429554 0 0.0010866799102708076 -0.00060494047702591442 -1.5526361401918195e-05 0.00028329345425425764 -0.00021055583566382719 -0.00021008558055321679 -1.4736981584623083e-05 -6.7272930363547611e-05 0.00040062550219362517 9.7918167485483808e-05 -0.00033789234993030105 -1.0222032811092281e-05 -2.6828206872938452e-05 -4.5467145191124791e-06 0 0.00030142530501295014 -6.7824394661507149e-05 0.00055661128240968064 0 1.4446914590169249e-05 2.1480440076256619e-05 0.00047054980119615462 0
leaf_weight=539 65 50 51 51 434 64 70 53 50 51 51 84 89 1009 188 50 191 64 1464 181 12241 736 142 270 52 1996 1411 77 55 88
leaf_count=539 65 50 51 51 434 64 70 53 50 51 51 84 89 1009 188 50 191 64 1464 181 12241 736 142 270 52 1996 1411 77 55 88
internal_value=4.50192e-07 0.00021009 -4.35861e-07 0.000214699 -1.68735e-06 -7.69197e-05 2.29519e-07 8.86847e-05 -2.21763e-06 -0.000359405 0 -3.49931e-05 -1.83992e-07 -3.52976e-05 1.5585e-06 6.16688e-05 2.85712e-06 0 -3.03047e-05 -0.000129454 3.22928e-06 4.31223e-05 0.000201015 5.82025e-07 1.77429e-05 2.53981e-05 5.60181e-05 0.000278276 3.41856e-05 0.000192775
internal_weight=21917 115 21802 102 21700 603 21097 622 20475 101 569 518 20374 1098 19276 429 379 18847 1709 245 17138 948 212 16190 3949 3679 1683 129 1554 143
internal_count=21917 115 21802 102 21700 603 21097 622 20475 101 569 518 20374 1098 19276 429 379 18847 1709 245 17138 948 212 16190 3949 3679 1683 129 1554 143
is_linear=0
shrinkage=0.05


Tree=124
num_leaves=31
num_cat=0
split_feature=120 14 19 28 85 136 136 91 138 34 118 23 1 14 120 89 74 133 14 133 103 85 1 19 103 101 136 44 141 67
split_gain=0.00187161 0.0553579 0.0145273 0.00172557 0.00099687 0.00200662 0.00105661 0.00215248 0.00564836 0.000787669 0.000508538 0.00888204 0.00154029 0.000777464 0.000768392 0.000924483 0.000827183 0.00115983 0.00135938 0.00106936 0.00100938 0.000465094 0.00252234 0.000721291 0.00233981 0.000458377 0.000706699 0.000499945 0.0037246 0.000532403
threshold=284.74030595000005 0.063300284000000012 0.018424285714285716 43.750000000000007 263.93243280000007 0.33500000000000008 0.59000000000000008 19.850000000000005 4.7700000000000005 -0.40955599787011709 34.150000000000013 29.352777777777785 0.61966513750000007 0.049764735000000011 270.64360145000006 16.550000000000004 22.992857142857151 86.175000000000026 0.016839561500000003 83.685000000000016 2123.1000000000008 278.12477370000005 0.038272573500000011 0.0025757142857142806 1637.8500000000004 -13.545119099999992 0.50000000000000011 1832.5000000000002 38.640000000000008 21.150000000000002
decision_type=10 2 2 2 2 2 2 2 2 2 10 2 2 2 10 2 2 2 2 2 2 2 2 2 2 2 2 2 2 2
left_child=2 3 10 4 5 -2 -6 -8 -9 -4 12 13 14 -12 25 -16 17 21 -19 -18 -21 23 -23 -17 -25 26 -1 29 -29 -27
right_child=1 -3 9 -5 6 -7 7 8 -10 -11 11 -13 -14 -15 15 16 19 18 -20 20 -22 22 -24 24 -26 27 -28 28 -30 -31
leaf_value=0 0.00038273739386638159 0.0014487708997130005 -0.00026334795676852013 -0.0002486814043753411 -3.6795983231061608e-05 0 0 0.00058343164355123848 0 -0.00082140884280446568 5.7357552778232259e-06 0.00066375998793173152 -0.00020068411339405767 -0.0001797042975487481 -0.00022198119704977187 -9.8641638236537753e-07 -2.2197022254899832e-05 0 0.00031774845756329359 -0.00032184940908784766 -2.8006220139959045e-06 0 -0.00038069711585515456 0.00027483167094888978 -1.2962677464506242e-05 4.2001570879097446e-06 0.00018374241984375937 0 0.00041608596766228668 -4.2806566948348304e-05
leaf_weight=96 51 67 50 67 1018 96 646 60 138 51 542 52 97 59 56 2290 3122 54 62 64 98 279 50 101 138 11218 91 515 61 628
leaf_count=96 51 67 50 67 1018 96 646 60 138 51 542 52 97 59 56 2290 3122 54 62 64 98 279 50 101 138 11218 91 515 61 628
internal_value=3.78047e-07 4.49552e-05 -4.20217e-06 0 7.35221e-06 0.000132564 0 3.86433e-05 0.000182708 -0.000599451 -8.61746e-07 4.20666e-05 -2.60057e-06 -4.43147e-06 -1.31043e-06 -1.57579e-05 -1.30785e-05 4.59184e-06 0.000159119 -3.05993e-05 -0.000160721 0 -5.73555e-05 5.52219e-06 8.84626e-05 5.52835e-06 8.44031e-05 3.9318e-06 4.96507e-05 1.28271e-06
internal_weight=21917 2143 19774 2076 2009 147 1862 844 198 101 19673 653 19020 601 18923 6314 6258 2974 116 3284 162 2858 329 2529 239 12609 187 12422 576 11846
internal_count=21917 2143 19774 2076 2009 147 1862 844 198 101 19673 653 19020 601 18923 6314 6258 2974 116 3284 162 2858 329 2529 239 12609 187 12422 576 11846
is_linear=0
shrinkage=0.05


Tree=125
num_leaves=31
num_cat=0
split_feature=2 114 0 92 11 61 118 100 120 9 18 48 55 122 61 120 119 28 33 131 43 33 98 30 30 92 93 63 74 84
split_gain=0.00541573 0.0415263 0.00111068 0.0147889 0.000699365 0.00710434 0.000444608 0.000390649 0.000411341 0.00112907 0.00289657 0.00412042 0.00542386 0.00246745 0.00119765 0.000778372 0.000701936 0.00292048 0.00246316 0.00287056 0.000604303 0.000641241 0.000629823 0.000625007 0.000591598 0.000852986 0.00083261 0.000778168 0.000642776 0.00070237
threshold=0.048280649000000009 20.250000000000004 0.41135000000000005 1.7500000000000004 0.0051753101944444456 91.250000000000014 12.750000000000002 -6.6499999999999764 270.64360145000006 0.77756944444444454 0.015237500000000003 1.0000000180025095e-35 -5.1734623499999648 12.500000000000002 102.10000000000001 273.40701760000007 6.2500000000000009 16.850000000000005 -0.093398781172013792 76.013074709213058 0.29750000000000004 0.090924642211531501 -0.90000000000000002 -1.2471428571428571 -1.9285714285714295 1.0000000180025095e-35 268.01679710000008 18.697200000000006 22.992857142857151 0.75000000000000011
decision_type=2 10 2 2 2 2 8 2 10 2 2 2 2 2 2 10 8 2 2 2 2 2 2 2 2 2 2 2 2 2
left_child=2 -2 4 -4 7 -6 -7 -1 16 24 11 12 -11 -14 15 -12 17 18 19 -9 -19 -22 23 -23 25 26 27 -10 29 -26
right_child=1 -3 3 -5 5 6 -8 8 9 10 14 -13 13 -15 -16 -17 -18 20 -20 -21 21 22 -24 -25 28 -27 -28 -29 -30 -31
leaf_value=-3.4782022057265553e-05 -0.00044136774180403271 0.0014322816718748644 -0.00034316341511709788 0.00080504737724109592 -0.00050518912037376431 -6.5109778789242218e-05 6.5209241208748029e-06 0.00052433367576120501 0 0 0 0 0.00082831535733054844 0.00015911594004993436 -2.0915808688163796e-05 0.00014496933721440459 2.7674793588533815e-06 -5.9275673546595929e-05 0 3.3768197209124186e-05 -3.1239391700500443e-06 0 0 0.00024911172612273198 -2.5696985883456415e-05 -1.1447917090725668e-05 0 0.00023413127803907955 -6.2878606979519859e-05 6.6422905786612743e-05
leaf_weight=796 64 50 55 50 76 258 947 82 81 90 80 203 53 50 1598 201 10084 276 78 85 291 52 108 84 1574 2701 83 105 1269 217
leaf_count=796 64 50 55 50 76 258 947 82 81 90 80 203 53 50 1598 201 10084 276 78 85 291 52 108 84 1574 2701 83 105 1269 217
internal_value=0 0.000342239 -1.79483e-06 0.00015887 -2.81833e-06 -3.86749e-05 -4.71111e-06 -3.00253e-07 8.55886e-07 -7.26855e-06 2.17323e-05 0.000144693 0.000309744 0.000556192 -1.58537e-06 9.02975e-05 7.36165e-06 4.6458e-05 0.000197367 0.000306094 0 3.16666e-05 9.34102e-05 0.000164612 -1.90408e-05 -1.34193e-06 8.12792e-05 0.00014377 -3.45797e-05 -1.17146e-05
internal_weight=21741 114 21627 105 21522 1281 1205 20241 19445 8305 2275 396 193 103 1879 281 11140 1056 245 167 811 535 244 136 6030 2970 269 186 3060 1791
internal_count=21741 114 21627 105 21522 1281 1205 20241 19445 8305 2275 396 193 103 1879 281 11140 1056 245 167 811 535 244 136 6030 2970 269 186 3060 1791
is_linear=0
shrinkage=0.05


Tree=126
num_leaves=31
num_cat=0
split_feature=2 93 0 35 11 126 90 90 105 82 75 58 91 6 13 21 49 126 96 3 49 110 29 73 141 92 115 131 110 133
split_gain=0.00483545 0.0379175 0.000975094 0.014807 0.000632252 0.00521545 0.000384167 0.00150873 0.00144653 0.000551292 0.00037204 0.000389048 0.00119659 0.000781119 0.00112673 0.000387819 0.000676313 0.000628773 0.000603927 0.0012084 0.00145191 0.00177684 0.000537275 0.00158235 0.000536892 0.000520005 0.000484204 0.000682966 0.000569249 0.00375163
threshold=0.048280649000000009 266.87352925000005 0.41135000000000005 274.79752780000007 0.0051753101944444456 8.5000000000000018 29.077551020408169 24.407142857142862 24.500000000000004 27.306000000000004 30.150000000000002 8.3499999999999996 18.450000000000003 0.0016520833333333333 0.00063059625000000017 0.52083333333333337 960.45000000000016 91.500000000000014 38.537500000000009 0.013724210500000002 960.45000000000016 9.9500000000000011 53.70000000000001 20.850000000000005 28.840000000000003 14.950000000000005 9.3500000000000032 30.210440651388549 10.850000000000003 88.200000000000003
decision_type=2 2 2 2 2 2 2 2 2 2 2 2 2 2 2 2 2 2 2 2 2 10 2 2 2 2 10 2 10 2
left_child=2 -2 4 -4 10 -6 7 8 -7 -9 11 15 -13 -14 -15 18 17 25 26 -20 -21 24 -18 -24 -22 -17 28 -28 -1 -30
right_child=1 -3 3 -5 5 6 -8 9 -10 -11 -12 12 13 14 -16 16 22 -19 19 20 21 -23 23 -25 -26 -27 27 -29 29 -31
leaf_value=-9.4738881641807533e-06 -0.00042289858818716873 0.0013662263301974986 0.00077415403221648207 -0.00037516327303213382 -0.0004457317919543523 0.00025483308291718879 6.0455503553384913e-05 -0.00026048665558869009 -8.1368137875870166e-06 -3.1976150753900269e-05 -5.6816109402196469e-05 0.00021083648455384144 -6.334090374382595e-05 0.00020697780008089428 1.9058149912828072e-06 -8.6394598037479997e-05 -4.6383230592477072e-06 0 -3.1167524284369362e-06 0.0003497064458524791 0.00029836254332684775 4.1742889151910878e-06 -1.0520810474400786e-07 0.00025908576133186619 0 0 -0.00015496253521594052 -1.0864234998904852e-05 1.1563932165714224e-05 0.00035331022388639956
leaf_weight=2428 64 50 52 53 73 54 145 80 791 138 287 87 225 90 474 699 7204 460 825 52 86 588 107 76 59 355 93 2444 3519 83
leaf_count=2428 64 50 52 53 73 54 145 80 791 138 287 87 225 90 474 699 7204 460 825 52 86 588 107 76 59 355 93 2444 3519 83
internal_value=0 0.000323384 -1.69661e-06 0.000148786 -2.66996e-06 -3.67631e-05 -7.56504e-06 -2.15908e-05 3.03955e-06 -0.000139471 -2.63575e-07 3.02068e-07 3.30431e-05 6.86734e-06 4.3788e-05 -9.4088e-07 -8.78288e-06 -3.94088e-05 5.42682e-06 3.3515e-05 7.83296e-05 5.18156e-05 -1.8247e-06 8.11861e-05 0.000209411 -6.09934e-05 0 -1.81755e-05 7.85459e-06 2.09223e-05
internal_weight=21741 114 21627 105 21522 1281 1208 1063 845 218 20241 19954 876 789 564 19078 8901 1514 10177 1610 785 733 7387 183 145 1054 8567 2537 6030 3602
internal_count=21741 114 21627 105 21522 1281 1208 1063 845 218 20241 19954 876 789 564 19078 8901 1514 10177 1610 785 733 7387 183 145 1054 8567 2537 6030 3602
is_linear=0
shrinkage=0.05


Tree=127
num_leaves=31
num_cat=0
split_feature=126 11 11 21 93 11 12 21 119 7 123 69 126 76 100 15 85 69 91 16 16 112 134 116 7 46 98 43 133 131
split_gain=0.00200777 0.0823866 0.00334805 0.00542226 0.00194892 0.00153624 0.00149195 0.000886036 0.000701496 0.000746458 0.000703342 0.00050702 0.000454209 0.000387086 0.000361506 0.000369415 0.000565302 0.00275961 0.00547249 0.00154932 0.000972899 0.000504568 0.000530786 0.00049229 0.00140629 0.00191824 0.00143622 0.000954717 0.00108643 0.000494821
threshold=11.500000000000002 0.0063192529166666679 0.0063192529166666679 0.40972222222222227 272.38566270000007 0.0054437020069444458 0.081120783000000016 0.17361111111111113 14.050000000000002 0.033700000000000008 0.60355339059327384 276.45408605000006 93.500000000000014 0.35000000000000009 -6.6499999999999764 0.00023854166666666669 264.03867240000005 267.91296945000005 11.350000000000003 8.120000000000001 0.69500000000000017 270.38866505000004 6.9850000000000003 272.66833945000002 0.044550000000000013 92.500000000000014 -1.5000000000000002 0.29750000000000004 14.180000000000001 71.650750253308317
decision_type=2 2 2 2 2 2 2 2 10 2 2 2 2 2 2 2 2 2 2 2 2 8 2 8 2 2 2 2 2 2
left_child=1 5 14 11 -5 6 7 -1 9 -9 -11 12 13 -4 -2 -16 17 19 -19 -17 -20 22 -18 24 25 26 27 -23 -29 -27
right_child=2 -3 3 4 -6 -7 -8 8 -10 10 -12 -13 -14 -15 15 16 21 18 20 -21 -22 23 -24 -25 -26 29 -28 28 -30 -31
leaf_value=0.00017317841303538754 -3.2954090157843231e-05 0.0019562282329954376 -0.0001993012879598283 -0.00042550280570576439 0 -0.00027882224891714836 0.00026337362290108175 -1.1840677167680098e-05 7.8276938754264798e-06 0 -0.00020628963721649096 3.8941302919388716e-05 0 0 -7.3689962263032189e-06 1.0129306183776105e-05 -6.0179322722677169e-05 0.00062583511926147509 0.00021776512271014416 -0.00027311229461167175 0 0 -5.5750722639200772e-08 1.653976301724943e-06 -2.0635190491180685e-05 -8.2097335705861679e-05 3.3498353732066963e-05 0 0.00030016450253021894 2.6884661953579172e-05
leaf_weight=58 824 54 77 149 51 50 51 494 770 71 136 194 111 62 7627 711 559 55 61 50 182 52 1586 6135 603 161 334 52 201 220
leaf_count=58 824 54 77 149 51 50 51 494 770 71 136 194 111 62 7627 711 559 55 61 50 182 52 1586 6135 603 161 334 52 201 220
internal_value=0 5.24378e-05 -4.38764e-06 -0.000116493 -0.000332977 -8.7277e-06 0 -8.96103e-06 -1.96521e-05 -5.69274e-05 -0.000139913 -7.21294e-06 -6.29614e-05 -0.000123361 -4.05332e-07 7.70199e-07 6.88942e-06 4.19456e-05 0.000171167 -2.25284e-06 4.56239e-05 2.6319e-06 -1.8075e-05 9.00313e-06 3.36862e-05 7.06857e-05 0.000124263 0.000206884 0.000246901 -6.17345e-06
internal_weight=21741 1684 20057 644 200 1630 1580 1529 1471 701 207 444 250 139 19413 18589 10962 1059 298 761 243 9903 2145 7758 1623 1020 639 305 253 381
internal_count=21741 1684 20057 644 200 1630 1580 1529 1471 701 207 444 250 139 19413 18589 10962 1059 298 761 243 9903 2145 7758 1623 1020 639 305 253 381
is_linear=0
shrinkage=0.05


Tree=128
num_leaves=31
num_cat=0
split_feature=2 114 0 46 12 61 43 116 119 14 90 47 89 90 43 94 92 75 91 101 29 7 59 111 74 120 133 142 119 134
split_gain=0.00453995 0.0375018 0.000901465 0.013912 0.000593361 0.00348056 0.00401781 0.000671222 0.000671449 0.000788695 0.00300367 0.00200119 0.000516935 0.000874934 0.000472515 0.00049151 0.000389815 0.000388903 0.000656356 0.00222205 0.000771143 0.000540306 0.000813645 0.000396572 0.00158448 0.00239049 0.000503444 0.000757968 0.00175514 0.000408057
threshold=0.048280649000000009 20.250000000000004 0.41135000000000005 4.5000000000000009 0.071302525500000005 81.450000000000017 0.33350000000000007 294.25466615000005 7.2500000000000009 0.010363074500000001 20.633673469387762 34.500000000000007 35.650000000000013 28.080612244897967 0.29150000000000004 10.500000000000002 2.5500000000000012 27.050000000000004 26.050000000000004 -7.4676190500000237 47.050000000000004 0.070200000000000026 5.3534000000000006 15.550000000000002 35.535714285714299 267.53999680000004 41.265000000000008 331.33182725521624 6.8500000000000005 3.8550000000000004
decision_type=2 10 2 2 2 2 2 10 8 2 2 2 2 2 2 2 2 2 2 2 2 2 2 10 2 10 2 2 10 2
left_child=2 -2 4 -4 17 6 -6 8 -7 10 -10 -12 16 14 -14 -16 -11 18 23 -20 -21 -22 -23 24 29 -26 27 -25 -29 -1
right_child=1 -3 3 -5 5 7 -8 -9 9 12 11 -13 13 -15 15 -17 -18 -19 19 20 21 22 -24 26 25 -27 -28 28 -30 -31
leaf_value=-2.949902733254085e-05 -0.00042878170917650169 0.0013510679409327899 0.00077164407267107395 -0.00034279196780127164 -0.00061593289618168412 -4.9832108425935758e-05 0 -0.00017694686320476752 -1.6385677249156681e-05 0 0.00051999479099996049 4.6088971014666732e-06 0 1.8293198560758567e-05 0 -0.00018208010107281596 0.00011128120847861281 -3.7454793210757803e-05 0.00036246776019277824 0 1.1589959256179142e-05 0.00033117187152867085 0 -1.7894445782360676e-05 0.00044223590695764871 0 -5.5457454383589532e-05 0.00027691694723866282 0 2.5488535940798226e-06
leaf_weight=1070 64 50 50 55 52 618 53 60 184 701 53 62 76 194 71 167 99 655 50 1248 230 52 75 1180 50 52 724 76 100 13570
leaf_count=1070 64 50 50 55 52 618 53 60 184 701 53 62 76 194 71 167 99 655 50 1248 230 52 75 1180 50 52 724 76 100 13570
internal_value=0 0.000313336 -1.65492e-06 0.000142995 -2.59955e-06 -2.60997e-05 -0.000308102 -1.08248e-05 -4.02149e-06 1.05064e-05 8.44624e-05 0.000287673 -2.63139e-06 -4.51496e-05 -0.000100153 -0.00013477 1.81481e-05 7.6007e-08 1.679e-06 3.18176e-05 1.81844e-05 8.28763e-05 0.000171816 -9.90632e-07 1.57971e-06 0.000197016 -2.16026e-05 0 9.257e-05 0
internal_weight=21741 114 21627 105 21522 2390 105 2285 2225 1607 299 115 1308 508 314 238 800 19132 18477 1655 1605 357 127 16822 14742 102 2080 1356 176 14640
internal_count=21741 114 21627 105 21522 2390 105 2285 2225 1607 299 115 1308 508 314 238 800 19132 18477 1655 1605 357 127 16822 14742 102 2080 1356 176 14640
is_linear=0
shrinkage=0.05


Tree=129
num_leaves=31
num_cat=0
split_feature=2 66 0 160 11 120 89 80 121 128 100 120 9 18 48 36 82 105 21 112 59 91 43 22 91 91 133 18 98 14
split_gain=0.00404824 0.0354434 0.000788594 0.0131617 0.000584145 0.0036999 0.00100135 0.00339513 0.000855617 0.000380546 0.000314622 0.000364084 0.000965509 0.00253512 0.00363778 0.00489165 0.00381017 0.000814958 0.00133718 0.00133063 0.000710925 0.00158979 0.00160238 0.00121552 0.000812326 0.00182043 0.00220403 0.00069757 0.000609758 0.000569861
threshold=0.048280649000000009 23.325000000000006 0.41135000000000005 0.036700680272108856 0.0051753101944444456 288.2235040000001 44.050000000000004 17.587500000000006 0.25000000000000006 10.60662219189628 -6.6499999999999764 270.64360145000006 0.77756944444444454 0.015237500000000003 1.0000000180025095e-35 264.22431505000003 18.830000000000005 17.500000000000004 0.36805555555555564 278.08670635000004 11.354850000000001 20.050000000000004 0.43750000000000006 38.500000000000007 24.750000000000004 27.150000000000002 14.180000000000001 0.028702083333333333 1.1999999999999997 0.023887960000000003
decision_type=2 2 2 2 2 10 2 2 10 2 2 10 2 2 2 2 2 2 2 10 2 2 2 2 2 2 2 2 2 2
left_child=2 -2 4 -4 10 6 8 -8 9 -6 -1 20 -13 14 15 -14 -17 18 27 -20 -12 22 23 28 -23 26 -26 -15 -22 -19
right_child=1 -3 3 -5 5 -7 7 -9 -10 -11 11 12 13 17 -16 16 -18 29 19 -21 21 24 -24 -25 25 -27 -28 -29 -30 -31
leaf_value=-3.1112947710523545e-05 -0.00042422769893892112 0.0013059389255809662 -0.0003375021391989971 0.00074649383990760612 -1.7163138309318369e-05 -0.00043210143593074598 -0.00045929406657551399 0 0.00017816267719964927 0.00011206892356962532 2.3997619342202447e-06 -1.7652431225972258e-05 0 1.3888287499225149e-05 0 0.0008009096304491415 6.957090685996352e-05 -4.5924692583701513e-05 7.899698514323389e-05 -0.0001527165467666906 0.00020399072356667601 -4.9882427142633893e-05 -1.1269553404648799e-05 0.00038529776405734343 1.9363452024249614e-07 -1.1248296747838209e-05 0.00042920421366198148 0.00028130988115416037 0 1.422784082234557e-05
leaf_weight=796 64 50 55 50 906 56 52 146 66 55 10082 6030 85 101 203 58 50 958 136 105 55 330 62 83 109 272 60 80 87 499
leaf_count=796 64 50 55 50 906 56 52 146 66 55 10082 6030 85 101 203 58 50 958 136 105 55 330 62 83 109 272 60 80 87 499
internal_value=0 0.000295896 -1.54781e-06 0.000133689 -2.44609e-06 -3.52042e-05 -1.26444e-05 -0.000116321 2.57373e-06 -4.46061e-06 -1.24264e-07 8.887e-07 -6.73322e-06 2.00069e-05 0.000135079 0.000290203 0.000511943 -1.64389e-06 5.6353e-05 -1.50978e-06 7.01982e-06 4.62805e-05 0.000147188 0.000212832 2.0996e-06 5.23348e-05 0.000183546 0.000160454 7.50705e-05 -2.18984e-05
internal_weight=21741 114 21627 105 21522 1281 1225 198 1027 961 20241 19445 8305 2275 396 193 108 1879 422 241 11140 1058 287 225 771 441 169 181 142 1457
internal_count=21741 114 21627 105 21522 1281 1225 198 1027 961 20241 19445 8305 2275 396 193 108 1879 422 241 11140 1058 287 225 771 441 169 181 142 1457
is_linear=0
shrinkage=0.05


Tree=130
num_leaves=31
num_cat=0
split_feature=126 12 2 120 16 49 50 126 0 0 98 3 5 91 69 44 129 92 92 137 120 14 14 101 3 96 23 101 93 23
split_gain=0.00213252 0.0117927 0.00481108 0.0449752 0.000918566 0.00263092 0.00306549 0.000788435 0.011231 0.00126577 0.00128699 0.000715574 0.0013762 0.000611298 0.000594264 0.000492088 0.000762925 0.00239311 0.00212647 0.000638499 0.000452979 0.000771082 0.00139983 0.00170023 0.00206923 0.00114368 0.0015043 0.000579754 0.00126369 0.00284796
threshold=2.5000000000000004 0.056588787000000008 0.048280649000000009 268.73109300000004 10.745000000000003 991.75000000000011 1023.2500000000001 7.5000000000000009 0.12360000000000002 0.41135000000000005 -1.1000000000000008 0.076178629500000025 2.4150000000000005 12.450000000000001 273.93826910000007 1712.5000000000002 5.5000000000000009 8.6500000000000039 11.350000000000003 18.300000000000004 270.64360145000006 0.020747941000000002 0.030814855000000002 1.3459858500000055 0.039076134500000005 46.650000000000006 25.868055555555561 -4.7490563999999997 264.36414660000008 22.144444444444449
decision_type=2 2 2 10 2 2 2 2 2 2 2 2 2 2 2 2 2 2 2 2 10 2 2 2 2 2 2 2 2 2
left_child=1 -1 4 -4 7 13 -7 8 11 15 -11 12 -2 14 -6 19 -17 -18 -19 20 27 25 23 -23 -25 -22 -27 28 29 -9
right_child=2 -3 3 -5 5 6 -8 9 -10 10 -12 -13 -14 -15 -16 16 17 18 -20 -21 21 22 -24 24 -26 26 -28 -29 -30 -31
leaf_value=0 -1.628294806881556e-06 -0.00082606547388565431 -0.00047066413792730177 0.0014647254502679239 0.00019749429298380561 0 -0.00055206954429464807 0.00046164587022874258 0.00073950817346022562 0 -0.00031097252237624633 -0.00012740051262917775 0.00022426491956139221 -4.5688980853891218e-05 0 0 0 0.0003795541459803277 2.8588822130753305e-05 0.00012373976897677751 -1.7604170660207953e-05 1.6024027440449999e-05 -2.4597600626387718e-05 0 0.0003899901951735956 0 -0.00034293083564038032 -8.188170278446561e-07 6.5028513352681048e-06 1.5217803479050625e-05
leaf_weight=256 512 50 67 50 52 58 53 54 54 51 65 98 71 478 150 1023 451 98 141 98 5120 424 639 60 84 58 64 10188 1108 182
leaf_count=256 512 50 67 50 52 58 53 54 54 51 65 98 71 478 150 1023 451 98 141 98 5120 424 639 60 84 58 64 10188 1108 182
internal_value=-6.53631e-07 -0.000131639 9.80236e-07 0.000319456 -5.39762e-07 -5.35404e-05 -0.000280217 1.25142e-06 5.21359e-05 -3.78613e-07 -0.000164473 0 1.76571e-05 -8.83951e-06 5.35237e-05 3.38781e-07 2.61476e-05 6.6754e-05 0.000194314 -1.83138e-06 -2.80067e-06 -1.35513e-05 2.03646e-05 7.96887e-05 0.00023126 -2.23167e-05 -0.000177685 2.77847e-06 3.3745e-05 0.000139981
internal_weight=21857 306 21551 117 21434 791 111 20643 735 19908 116 681 583 680 202 19792 1713 690 239 18079 17981 6449 1207 568 144 5242 122 11532 1344 236
internal_count=21857 306 21551 117 21434 791 111 20643 735 19908 116 681 583 680 202 19792 1713 690 239 18079 17981 6449 1207 568 144 5242 122 11532 1344 236
is_linear=0
shrinkage=0.05


Tree=131
num_leaves=31
num_cat=0
split_feature=126 12 19 66 16 49 100 126 0 0 98 3 1 91 110 49 69 141 85 15 36 30 49 59 112 85 19 90 104 89
split_gain=0.00192068 0.0106733 0.00429297 0.0430876 0.000833085 0.00239205 0.00260653 0.000702484 0.010165 0.00113678 0.00117123 0.000643256 0.00124937 0.000554808 0.00073466 0.000389 0.000364775 0.00115876 0.00243439 0.000551202 0.00147759 0.000509121 0.000678803 0.000900621 0.0010105 0.00183888 0.000886533 0.000962074 0.00101526 0.000473742
threshold=2.5000000000000004 0.056588787000000008 0.018424285714285716 23.325000000000006 10.745000000000003 991.75000000000011 1.4500000000000457 7.5000000000000009 0.12360000000000002 0.41135000000000005 -1.1000000000000008 0.076178629500000025 0.024989248000000002 12.450000000000001 16.150000000000002 988.35000000000002 292.05606125000003 38.640000000000008 270.99023455000003 0.00066354166666666677 284.02251895000006 -3.4242857142857139 956.85000000000002 12.3695 271.36443395000009 271.19571290000005 -0.00092999999999999951 11.73042240151875 17.550000000000008 51.300000000000004
decision_type=2 2 2 2 2 2 2 2 2 2 2 2 2 2 8 2 2 2 2 2 2 2 2 2 10 2 2 2 2 2
left_child=1 -1 4 -4 7 13 -7 8 11 16 -11 12 -2 14 -6 -15 21 19 -19 -18 -21 22 -9 26 -25 -26 27 -24 -29 -23
right_child=2 -3 3 -5 5 6 -8 9 -10 10 -12 -13 -14 15 -16 -17 17 18 -20 20 -22 29 23 24 25 -27 -28 28 -30 -31
leaf_value=0 0 -0.00078557206911272293 -0.00049891275369384064 0.0013875281209025075 0 0 -0.00053339401507686236 -5.321400229536634e-05 0.00070320502262753021 0 -0.00029565948302413088 -0.00012109483164731317 0.00023000089330326454 -6.5100652967471078e-05 0.00021324119746798085 3.5922647703382945e-05 -2.2029666864134455e-05 0.00043989197849976551 0 0 0.00024680621828718105 -2.6778346849405979e-06 0 0 0.0003919441148084713 0 1.5441036911371292e-06 3.189635709093801e-05 0.00036541140260197341 -5.1776517388864831e-05
leaf_weight=256 522 50 65 52 151 61 50 247 54 51 65 98 61 425 51 53 555 50 86 289 78 15554 102 95 69 54 1922 109 56 526
leaf_count=256 522 50 65 52 151 61 50 247 54 51 65 98 61 425 51 53 555 50 86 289 78 15554 102 95 69 54 1922 109 56 526
internal_value=-5.93157e-07 -0.000124912 9.45746e-07 0.000301786 -4.77165e-07 -5.09628e-05 -0.000267155 1.21752e-06 4.92462e-05 -3.06929e-07 -0.000155834 0 1.63652e-05 -7.99005e-06 5.09942e-05 -4.34093e-05 3.59824e-07 2.90855e-05 0.000166167 3.28992e-06 5.51225e-05 -9.97039e-07 1.89305e-05 2.84292e-05 0.000128745 0.000222816 1.61016e-05 0.00010184 0.000176729 -4.59797e-06
internal_weight=21857 306 21551 117 21434 791 111 20643 735 19908 116 681 583 680 202 478 19792 1058 136 922 367 18734 2654 2407 218 123 2189 267 165 16080
internal_count=21857 306 21551 117 21434 791 111 20643 735 19908 116 681 583 680 202 478 19792 1058 136 922 367 18734 2654 2407 218 123 2189 267 165 16080
is_linear=0
shrinkage=0.05


Tree=132
num_leaves=31
num_cat=0
split_feature=126 0 19 120 81 96 1 136 0 1 141 30 96 95 73 141 24 47 134 161 84 18 26 11 160 129 1 141 114 3
split_gain=0.00172915 0.00974937 0.00382722 0.044517 0.000550875 0.00136698 0.0127985 0.00160372 0.0010146 0.000758465 0.000741125 0.00107575 0.00072956 0.000683953 0.000609153 0.00256826 0.000785394 0.00194509 0.000516414 0.00144741 0.00265422 0.00206012 0.00266622 0.00200523 0.000593167 0.00152901 0.000710655 0.00165185 0.000588231 0.000791859
threshold=2.5000000000000004 0.064750000000000016 0.018424285714285716 281.82947055000005 46.800000000000004 44.562500000000007 0.11269849750000001 1.7350000000000001 0.41135000000000005 0.04283675750000001 28.175000000000001 -1.8471428571428581 47.025000000000006 4.5000000000000009 39.050000000000004 38.640000000000008 39.000000000000007 3.5000000000000004 6.6850000000000014 0.028991596638655467 0.8500000000000002 0.0035354166666666672 2.5000000000000004 0.0040165472500000013 0.35408163265306131 6.5000000000000009 0.00044484300000000005 24.465000000000003 34.050000000000004 0.015024591000000002
decision_type=2 2 2 8 2 2 2 2 2 2 2 2 2 2 2 2 2 2 2 2 2 2 2 2 2 2 2 2 10 2
left_child=1 -1 4 -4 5 8 7 9 14 -7 -6 -12 -11 -13 18 16 17 -16 19 20 23 -22 -23 -2 25 -21 -27 -28 -20 -30
right_child=2 -3 3 -5 10 6 -8 -9 -10 12 11 13 -14 -15 15 -17 -18 -19 28 24 21 22 -24 -25 -26 26 27 -29 29 -31
leaf_value=0 -2.667981973692257e-06 -0.00074997356602312618 -0.0005017392126362264 0.0014263315042184082 0 0 0.00082563018206341311 0.00018377610548793433 -0.00017003085096348517 -0.00025673820403664235 0 0 0 -0.00020150193816923149 0.00035322124964555512 0.00032695852714217233 0 0 0 0 0 0.00043971138729559362 0 -0.00032296322903586742 -8.6607859762421456e-06 -4.7977748172200231e-05 -0.00038576457416308012 -8.8733361252568636e-05 0 0.00011593387462396601
leaf_weight=256 2317 50 67 50 901 334 51 101 87 64 206 69 54 186 55 71 1021 95 13249 323 154 93 53 50 694 357 87 268 233 261
leaf_count=256 2317 50 67 50 901 334 51 101 87 64 206 69 54 186 55 71 1021 95 13249 323 154 93 53 50 694 357 87 268 233 261
internal_value=-5.4911e-07 -0.000118515 8.99293e-07 0.000284955 -4.31214e-07 1.42005e-06 7.55181e-05 0 -6.25805e-07 -3.52969e-05 -3.1363e-05 -8.31406e-05 -0.000143794 -0.000151592 0 3.40004e-05 1.17077e-05 0.000118605 -2.1766e-06 -1.72326e-05 4.15794e-06 0.000145345 0.000279808 -1.16788e-05 -5.31013e-05 -7.80366e-05 -0.000119204 -0.000176451 2.2765e-06 5.581e-05
internal_weight=21857 306 21551 117 21434 20072 604 553 19468 452 1362 461 118 255 19381 1242 1171 150 18139 4396 2667 300 146 2367 1729 1035 712 355 13743 494
internal_count=21857 306 21551 117 21434 20072 604 553 19468 452 1362 461 118 255 19381 1242 1171 150 18139 4396 2667 300 146 2367 1729 1035 712 355 13743 494
is_linear=0
shrinkage=0.05


Tree=133
num_leaves=31
num_cat=0
split_feature=126 44 126 13 19 0 85 22 98 7 10 19 118 135 142 25 93 134 160 98 160 100 136 21 120 22 89 0 29 22
split_gain=0.0016032 0.00432656 0.00250253 0.0657386 0.00819867 0.00224484 0.000851596 0.00226301 0.000977064 0.00147799 0.000718029 0.00053719 0.000351467 0.000777244 0.00141748 0.000504487 0.00219777 0.00227507 0.000641419 0.000351809 0.00082468 0.00121459 0.00135247 0.000295854 0.000288359 0.000834875 0.00115695 0.00159152 0.00067167 0.000396425
threshold=1.5000000000000002 1547.5000000000002 11.500000000000002 0.0040704037152777782 0.018424285714285716 0.41135000000000005 271.88262115000003 4.5000000000000009 -8.8499999999999996 0.074100000000000013 24.485000000000003 0.0042557142857142898 7.7500000000000009 4.3900000000000015 781.13244693432364 3.5000000000000004 266.40703705000004 7.245000000000001 1.0000000180025095e-35 -6.5999999999999952 0.2275510204081633 -4.9999999999999423 1.0650000000000002 0.49305555555555564 269.78787705000008 3.5000000000000004 40.850000000000001 0.072300000000000017 52.850000000000009 59.500000000000007
decision_type=2 2 2 2 2 2 2 2 2 2 2 2 8 2 2 2 2 2 2 2 2 2 2 2 10 2 2 2 2 2
left_child=1 -1 3 6 5 12 7 -2 9 -8 11 -10 13 14 -4 16 17 -14 -19 20 -17 -22 -23 -9 -21 26 -26 -28 29 -27
right_child=2 -3 4 -5 -6 -7 8 23 10 -11 -12 -13 15 -15 -16 19 -18 18 -20 24 21 22 -24 -25 25 28 27 -29 -30 -31
leaf_value=0 0.00035707934699051916 -0.00053400260135486651 -0.00030454706741978445 0.0017437333299104856 -0.00043668863413811514 -0.00022271716462120441 0 6.784260146946079e-05 0 -0.00030618805204424683 0.00017562418052505192 -0.00016668126070520508 0.00041033402371821082 -6.754702738782779e-06 0 0 0 0.00017632137391988183 0 1.627407153402205e-06 0 5.7991127760407628e-05 0.00041204399015245434 -4.3507544672418837e-05 -2.6094354917167952e-05 0 0 -0.00040744389675507727 0.00015899842450201756 -5.0073197136133921e-05
leaf_weight=105 56 51 66 55 108 113 109 105 883 70 53 52 69 1755 128 1418 1031 74 187 9777 175 169 50 132 660 3766 62 55 60 463
leaf_count=105 56 51 66 55 108 113 109 105 883 70 53 52 69 1755 128 1418 1031 74 187 9777 175 169 50 132 660 3766 62 55 60 463
internal_value=-5.56314e-07 -0.000159854 3.65732e-07 6.25287e-05 -4.05491e-06 -1.45711e-06 0 7.40079e-05 -2.10735e-05 -0.000128265 0 -1.17626e-05 0 -2.03492e-05 -0.000117024 1.98776e-06 3.12751e-05 0.000143612 5.27179e-05 -1.07065e-07 2.03546e-05 8.43868e-05 0.000163058 0 -2.94302e-06 -1.2749e-05 -6.07947e-05 -0.000212287 -2.86729e-06 -6.38288e-06
internal_weight=21857 156 21701 1515 20186 20078 1460 293 1167 179 988 935 19965 1949 194 18016 1361 330 261 16655 1812 394 219 237 14843 5066 777 117 4289 4229
internal_count=21857 156 21701 1515 20186 20078 1460 293 1167 179 988 935 19965 1949 194 18016 1361 330 261 16655 1812 394 219 237 14843 5066 777 117 4289 4229
is_linear=0
shrinkage=0.05


Tree=134
num_leaves=31
num_cat=0
split_feature=99 12 16 120 1 74 120 126 101 48 81 1 2 141 115 2 128 1 1 89 76 83 65 92 91 111 116 10 88 126
split_gain=0.00154181 0.0193131 0.00210245 0.00930729 0.0105425 0.00272732 0.000860747 0.000756861 0.00235968 0.000633368 0.00053714 0.00134283 0.00123345 0.00128759 0.000645307 0.00328516 0.000449041 0.000434958 0.000432625 0.000645555 0.000362894 0.000638404 0.000421625 0.00132147 0.001993 0.000394143 0.000361466 0.0009493 0.00244619 0.000761415
threshold=4.1499999999999782 0.056588787000000008 17.135000000000005 284.74030595000005 0.14216828450000005 8.946428571428573 275.32907655000002 1.5000000000000002 -5.7139109500000123 14.500000000000002 47.050000000000004 0.61966513750000007 0.0010358645000000002 31.950000000000003 19.250000000000004 0.0028720645000000007 9.1911065815618631 0.044182115500000008 0.020162538000000004 48.050000000000004 8.2500000000000018 14.750000000000002 38.350000000000001 9.0500000000000025 21.150000000000002 14.350000000000003 277.03602370000004 40.520000000000003 22.462500000000006 47.500000000000007
decision_type=2 2 2 10 2 2 10 2 2 2 2 2 2 2 10 2 2 2 2 2 2 2 2 2 2 10 8 2 2 2
left_child=2 -2 7 4 5 -4 -7 8 -1 -6 11 14 16 -14 20 -16 17 -12 -18 -20 22 -22 25 -24 -25 26 29 -28 -29 -9
right_child=1 -3 3 -5 9 6 -8 10 -10 -11 12 -13 13 -15 15 -17 18 -19 19 -21 21 -23 23 24 -26 -27 27 28 -30 -31
leaf_value=-0.00038330789810026787 -4.112607276637964e-06 0.0010093459428696637 -0.00030705197981777208 0.00052321559630845698 -0.0008376569182739612 -1.0148035185873555e-05 0.00018996423733551638 6.5704726749941307e-05 0 -0.00030854821580035964 -1.046690123717926e-06 0.00018783208211451503 -1.2939159331044244e-06 -0.00028701532406317951 1.1954034977569841e-05 0.00040996297271139444 -1.3020301260827417e-05 -0.0001843085192834429 -5.1433307810650844e-06 0.00010874505266439798 -0.00017810327074242543 -9.3218764279004509e-06 -9.419208686696665e-07 0.00033770663675279986 0 -1.8614939753373008e-05 -1.3923132794526434e-07 0 -0.00038117411721032117 5.2014821987397326e-06
leaf_weight=52 486 50 77 50 51 268 59 623 79 58 210 97 138 90 865 57 416 61 110 230 76 566 317 81 103 2544 8919 127 58 4939
leaf_count=52 486 50 77 50 51 268 59 623 79 58 210 97 138 90 865 57 416 61 110 230 76 566 317 81 103 2544 8919 127 58 4939
internal_value=-5.54874e-07 8.2819e-05 -2.88914e-06 -9.8157e-05 -0.000169347 -3.77334e-05 1.1183e-05 -5.98157e-08 -0.000119589 -0.000606932 4.62676e-07 2.75489e-06 -3.09128e-05 -0.000136674 1.55442e-06 4.23944e-05 -2.45939e-06 -6.12058e-05 1.20472e-05 5.7329e-05 -2.27036e-07 -3.73242e-05 8.37423e-07 4.60783e-05 0.00015368 -1.91672e-07 2.66422e-06 -3.03338e-06 -0.00011493 1.28878e-05
internal_weight=21857 536 21321 563 513 404 327 20758 131 109 20627 19372 1255 228 19275 922 1027 271 756 340 18353 642 17711 501 184 17210 14666 9104 185 5562
internal_count=21857 536 21321 563 513 404 327 20758 131 109 20627 19372 1255 228 19275 922 1027 271 756 340 18353 642 17711 501 184 17210 14666 9104 185 5562
is_linear=0
shrinkage=0.05


Tree=135
num_leaves=31
num_cat=0
split_feature=34 2 2 26 0 10 34 30 131 105 120 6 134 73 133 84 17 106 92 118 136 4 105 131 30 66 91 89 2 91
split_gain=0.00124289 0.0396308 0.0143452 0.00877304 0.00235305 0.00190603 0.000914122 0.000822017 0.000825708 0.00138759 0.000601784 0.0012288 0.000849656 0.0013459 0.00128228 0.00121331 0.00141638 0.000739109 0.000685709 0.000662808 0.000578633 0.000639267 0.000611368 0.000925718 0.000493914 0.00169288 0.000605274 0.00107284 0.000457899 0.00053547
threshold=0.2113575724534055 0.018264717500000003 0.048280649000000009 16.500000000000004 0.41135000000000005 40.520000000000003 -0.64917812097530803 -2.8557142857142854 70.596941646336688 13.500000000000002 270.81799995000006 0.029239583333333336 6.7950000000000008 28.950000000000003 87.315000000000012 0.75000000000000011 0.025950000000000004 20.450000000000003 1.0000000180025095e-35 11.250000000000002 0.87000000000000011 0.001735072 28.500000000000004 95.37286224885041 0.33142857142857024 34.425000000000011 21.550000000000004 45.750000000000007 9.4850000000000015e-05 18.650000000000002
decision_type=2 2 2 2 2 2 2 2 2 2 10 2 2 2 2 2 2 2 2 10 2 2 2 2 2 2 2 2 2 2
left_child=2 3 4 5 10 7 -4 8 9 -2 24 12 13 15 -15 -12 -17 -13 19 -14 21 -20 23 -23 -1 26 -26 -28 -10 -30
right_child=1 -3 6 -5 -6 -7 -8 -9 28 -11 11 17 18 14 -16 16 -18 -19 20 -21 -22 22 -24 -25 25 -27 27 -29 29 -31
leaf_value=4.0284437705326474e-07 0.0003002199774760535 0.0013953933037812651 -0.00027059150166938451 0.00058612877294194742 -0.00025172489147945795 -0.00023100979159426064 -0.00082519064414287528 -1.1705908141430322e-05 -1.2665476022748657e-06 5.5948582948031441e-06 -4.1771014905150943e-05 -0.00033073363097298409 0 -6.6828621087153487e-05 -0.0003557987351008966 0 0.00029167706401006115 0 -9.4016061462549255e-06 0.00014279553947641103 -3.398984963525152e-05 0.0002370655586685189 6.7950121202290962e-06 0 0 0.00026269952975205426 0.0002123852587305223 0 0.00016829466290720223 0
leaf_weight=11142 78 51 55 63 94 89 50 2906 681 161 500 50 193 510 55 129 66 53 1481 157 1285 95 543 123 968 78 97 57 89 56
leaf_count=11142 78 51 55 63 94 89 50 2906 681 161 500 50 193 510 55 129 66 53 1481 157 1285 95 543 123 968 78 97 57 89 56
internal_value=-9.73042e-07 2.33069e-05 -6.95481e-06 4.78802e-06 -3.19243e-06 -3.14367e-06 -0.000587149 7.61443e-07 3.94498e-05 0.000123432 -1.56507e-06 -1.59636e-05 -1.14767e-05 -4.71292e-05 -0.000104371 0 0.000104957 -0.000189403 0 6.67668e-05 -6.51142e-06 7.0168e-06 4.55011e-05 0.000118609 4.14375e-06 3.46856e-05 1.41622e-05 0.000105904 8.98402e-06 9.10518e-05
internal_weight=21955 4174 17781 4123 17676 4060 105 3971 1065 239 17582 5240 5137 1260 565 695 195 103 3877 350 3527 2242 761 218 12342 1200 1122 154 826 145
internal_count=21955 4174 17781 4123 17676 4060 105 3971 1065 239 17582 5240 5137 1260 565 695 195 103 3877 350 3527 2242 761 218 12342 1200 1122 154 826 145
is_linear=0
shrinkage=0.05


Tree=136
num_leaves=31
num_cat=0
split_feature=120 11 2 1 81 21 2 103 120 98 0 104 0 13 6 43 119 76 128 133 90 91 20 23 116 12 13 4 131 23
split_gain=0.00118853 0.0457302 0.0116769 0.00200167 0.000762117 0.00102553 0.000537406 0.00132757 0.000796847 0.000438476 0.000937615 0.000904614 0.00316422 0.000875978 0.00135118 0.000837354 0.00129427 0.000602252 0.00142871 0.000856975 0.00179441 0.000514355 0.000399878 0.000653164 0.00134206 0.000513068 0.00039786 0.00037025 0.000411313 0.000326382
threshold=285.12690100000003 0.0063192529166666679 0.048280649000000009 0.29207440000000007 35.850000000000001 0.56250000000000011 0.0055886015000000009 1222.1500000000001 273.18097490000008 -3.5999999999999983 0.41135000000000005 4.950000000000002 0.17975000000000005 0.0011774856111111114 0.0017118055555555558 0.29750000000000004 6.6500000000000012 2.7500000000000009 8.5564435634531666 88.200000000000003 10.185960591133009 15.750000000000002 1.0000000180025095e-35 25.202777777777779 278.73206950000002 0.081120783000000016 0.0013319953263888891 0.00024020550000000004 341.30056546473668 21.881250000000001
decision_type=10 2 2 2 2 2 2 2 10 2 2 2 2 2 2 2 10 2 2 2 2 2 2 2 10 2 2 2 2 2
left_child=2 3 6 4 22 -6 9 8 -8 11 17 12 13 14 21 -16 -17 19 -19 -11 -21 -1 25 24 -24 -2 27 -20 29 -29
right_child=1 -3 -4 -5 5 -7 7 -9 -10 10 -12 -13 -14 -15 15 16 -18 18 26 20 -22 -23 23 -25 -26 -27 -28 28 -30 -31
leaf_value=0.00012143515699422313 -2.4696497678333341e-05 0.0014192572995369997 -0.00050959737625497941 -0.00030443884732954358 0.00025646334313505044 0 -1.628705927856465e-05 -6.8845813916203424e-06 -0.00034777114866830583 -1.203993107482224e-06 -0.00018685763043476086 -2.0352425336456378e-07 0.00040388219682218273 -2.0610635918965307e-05 0 0.00036566772530092682 7.6196583249919878e-05 -0.0003015036715749795 -2.9354463191127388e-05 -1.6940505620368633e-05 0.00029654008509163153 -9.4785962893743968e-06 0.00025502436370169736 -1.7669425997155486e-05 0 0.0001140194051946916 -7.6412462077627314e-05 0 -1.7226883720771485e-05 0.00011282328332690465
leaf_weight=83 1436 57 113 53 67 57 84 781 54 12650 70 3317 60 497 82 77 224 51 553 51 74 525 85 107 106 59 252 64 89 177
leaf_count=83 1436 57 113 53 67 57 84 781 54 12650 70 3317 60 497 82 77 224 51 553 51 74 525 85 107 106 59 252 64 89 177
internal_value=-9.20504e-07 3.5255e-05 -4.85262e-06 -2.95267e-06 2.93013e-06 0.000123573 -1.69629e-06 -3.90169e-05 -0.000183538 0 -4.36368e-06 1.30524e-05 4.46664e-05 2.65624e-05 5.52576e-05 0.000129169 0.000167769 -3.07723e-06 -3.71459e-05 0 0.000129838 3.52728e-07 -2.69041e-06 4.62245e-05 0.000107966 -1.58073e-05 -2.06109e-05 0 3.67999e-05 7.74016e-05
internal_weight=21955 2027 19928 1970 1917 124 19815 919 138 18896 14031 4865 1548 1488 991 383 301 13961 1186 12775 125 608 1793 298 191 1495 1135 883 330 241
internal_count=21955 2027 19928 1970 1917 124 19815 919 138 18896 14031 4865 1548 1488 991 383 301 13961 1186 12775 125 608 1793 298 191 1495 1135 883 330 241
is_linear=0
shrinkage=0.05


Tree=137
num_leaves=31
num_cat=0
split_feature=99 128 2 120 54 23 120 6 1 61 128 66 49 30 120 83 128 11 93 91 49 119 96 140 142 139 21 3 1 47
split_gain=0.0017134 0.0130064 0.00221993 0.00620754 0.00387219 0.000783798 0.000698268 0.00599523 0.000967164 0.0208719 0.00208493 0.00119049 0.000385463 0.000374196 0.000552051 0.000968765 0.00120394 0.000800318 0.00265521 0.00160997 0.000551502 0.000551026 0.00124007 0.0018834 0.00223102 0.00131732 0.00199839 0.000790003 0.000770505 0.00117527
threshold=4.4500000000000464 9.3587172494913577 0.026435467500000004 284.52350975000007 0.055000000000000007 18.415277777777785 289.99598200000008 0.013987500000000002 0.32127834050000009 195.15000000000003 9.9957704271407923 20.675000000000004 979.25000000000011 -3.1042857142857136 270.90971010000004 6.6500000000000012 8.2771419658546641 0.0043538217083333346 271.24198795000007 24.650000000000002 956.1500000000002 12.65 30.462500000000006 72.420000000000002 781.13244693432364 87.760506709764101 0.36805555555555564 0.0030458220000000005 0.10242116400000002 95.500000000000014
decision_type=2 2 2 8 2 2 10 2 2 2 2 2 2 2 10 2 2 2 2 2 2 10 2 2 2 2 2 2 2 2
left_child=2 -2 6 4 -4 -3 8 -8 13 -10 12 -12 -11 20 -15 -16 -17 21 -19 -20 -1 22 23 -18 -25 -24 -27 -26 -23 -30
right_child=1 5 3 -5 -6 -7 7 -9 9 10 11 -13 -14 14 15 16 17 18 19 -21 -22 28 25 24 27 26 -28 -29 29 -31
leaf_value=-5.2894443539071816e-05 0.00084745000387021505 0.00011343145049582033 -0.00064973449218502669 0.00012081302269387499 -2.0413066044552987e-05 -7.3497302529194626e-05 0 -0.00056759765107576999 0.001029024067353092 -0.00026409417855545822 -4.6532375863606597e-05 0.00015594196216572865 0 2.110313367418327e-06 -0.00022950776160599726 0.00019943939448283698 -1.5977070128372161e-05 0 -1.0963280672310903e-06 -0.00050789555373276533 1.8401158716411228e-05 0 -3.2359606574289386e-05 0.0003189329847518821 0.00010318018701941007 -0.00044257131567644988 -5.0011066626650194e-05 -6.6413453514707561e-05 0 0.00030585711381585998
leaf_weight=262 50 68 69 90 65 200 577 51 50 92 126 121 50 10233 55 61 2353 274 53 52 3710 1264 1327 94 141 57 167 109 80 54
leaf_count=262 50 68 69 90 65 200 577 51 50 92 126 121 50 10233 55 61 2353 274 53 52 3710 1264 1327 94 141 57 167 109 80 54
internal_value=-9.52085e-07 0.000113711 -2.87354e-06 -0.000159265 -0.000383916 -7.2349e-06 -9.96687e-07 -5.29661e-05 3.35448e-07 7.3848e-05 -3.84285e-05 3.2723e-05 -0.00019652 -1.00853e-06 -4.5738e-06 -1.65244e-05 -1.37408e-05 -1.67617e-05 -8.89838e-05 -0.000301676 1.24278e-05 -1.10133e-05 -2.04777e-05 0 0.000109115 -5.60854e-05 -0.000173649 9.34704e-06 1.41658e-05 0.00012786
internal_weight=21955 318 21637 224 134 268 21413 628 20785 439 389 247 142 20346 16374 6141 6086 6025 379 105 3972 5646 4248 2697 344 1551 224 250 1398 134
internal_count=21955 318 21637 224 134 268 21413 628 20785 439 389 247 142 20346 16374 6141 6086 6025 379 105 3972 5646 4248 2697 344 1551 224 250 1398 134
is_linear=0
shrinkage=0.05


Tree=138
num_leaves=31
num_cat=0
split_feature=99 96 2 32 116 89 23 120 28 0 123 131 90 84 91 115 77 19 98 114 22 138 43 44 19 49 59 26 28 74
split_gain=0.00155237 0.0127013 0.00200467 0.00756026 0.00316984 0.000843482 0.000711221 0.000637923 0.00542248 0.000997545 0.0116603 0.000389342 0.00114077 0.00301393 0.00225655 0.000736641 0.00144703 0.000663731 0.000421541 0.00095862 0.00181216 0.00150149 0.00200691 0.00175159 0.000469825 0.000767846 0.000395484 0.000527562 0.000373236 0.000483418
threshold=4.4500000000000464 39.187500000000007 0.026435467500000004 13.950000000000001 286.10404790000007 35.95000000000001 18.415277777777785 289.99598200000008 34.95000000000001 0.41135000000000005 0.12940952255126045 33.215842738206554 16.802535559678422 1.1500000000000004 14.350000000000003 2.7500000000000004 265.43055565000003 -0.0043414285714285699 -4.2999999999999972 23.350000000000005 4.5000000000000009 6.4250000000000007 0.32450000000000007 1042.5000000000002 0.014581428571428573 967.1500000000002 11.428800000000001 10.500000000000002 25.650000000000002 30.26428571428572
decision_type=2 2 2 2 8 2 2 10 2 2 2 2 2 2 2 8 2 2 2 10 2 2 2 2 2 2 2 2 2 2
left_child=2 6 7 4 5 -4 -2 9 -9 11 -11 12 13 15 -14 16 -1 -17 19 -13 21 22 -21 -24 28 -26 -22 -28 29 -20
right_child=1 -3 3 -5 -6 -7 -8 8 -10 10 -12 18 14 -15 -16 17 -18 -19 24 20 26 -23 23 -25 25 -27 27 -29 -30 -31
leaf_value=-0.00032180005976919384 9.6919077202781208e-05 0.00083374474573407939 -0.00017339935179244584 0.00030359838244820779 0 -0.00067423690720291548 -7.5730864659220466e-05 0 -0.00054540511866256502 -0.00025064938913269474 0.00073679548923631535 0 -0.00038114012083695511 0.00037764743634064059 -3.578055887714982e-05 0.00014142011240126563 0 0 -3.0374077821906811e-06 0 0 0 6.8168174559104952e-05 0.00058232892868605244 -0.0001926227077843471 0 0.00019777114621926254 0 7.8255093898324156e-06 -4.3790484839279909e-05
leaf_weight=51 71 50 51 56 58 59 197 578 50 62 50 3018 54 53 977 86 82 701 6708 63 860 125 59 60 84 166 62 52 6535 877
leaf_count=51 71 50 51 56 58 59 197 578 50 62 50 3018 54 53 977 86 82 701 6708 63 860 125 59 60 84 166 62 52 6535 877
internal_value=-9.52278e-07 0.000108164 -2.79197e-06 -0.000151424 -0.000333583 -0.00049073 -1.12139e-05 -9.96649e-07 -5.0665e-05 2.65856e-07 0.000148546 -3.02776e-07 -2.14366e-05 1.3322e-05 -5.9066e-05 -2.62468e-06 -0.000114843 1.01162e-05 1.69903e-06 1.55814e-05 5.18044e-05 0.000159284 0.000251423 0.000371768 -2.10696e-06 -7.01218e-05 1.26706e-05 9.97929e-05 -5.43764e-07 -8.41366e-06
internal_weight=21955 318 21637 224 168 110 268 21413 628 20785 112 20673 2004 973 1031 920 133 787 18669 4299 1281 307 182 119 14370 250 974 114 14120 7585
internal_count=21955 318 21637 224 168 110 268 21413 628 20785 112 20673 2004 973 1031 920 133 787 18669 4299 1281 307 182 119 14370 250 974 114 14120 7585
is_linear=0
shrinkage=0.05


Tree=139
num_leaves=31
num_cat=0
split_feature=99 141 16 61 62 30 36 110 23 121 11 0 120 34 0 73 81 59 74 59 1 133 105 105 115 137 22 86 128 110
split_gain=0.00140547 0.0122758 0.00159393 0.00359183 0.00634369 0.00379599 0.00144721 0.00129862 0.000705639 0.000630499 0.00562657 0.000916558 0.00708515 0.00395518 0.00100508 0.000865092 0.000499023 0.000480458 0.000438455 0.000410315 0.00049128 0.000463789 0.000523718 0.000487083 0.000428445 0.00070987 0.00177648 0.0020909 0.00090894 0.000655026
threshold=4.4500000000000464 22.200000000000006 10.745000000000003 112.35000000000001 1.0000000180025095e-35 0.9742857142857122 263.8113697500001 15.750000000000002 18.415277777777785 2.0500000000000003 0.0027435850625000002 0.16045000000000001 287.98716165000002 0.352627269297906 0.41135000000000005 36.150000000000013 35.750000000000007 6.2365500000000003 38.335714285714296 14.182900000000002 1.0000000180025095e-35 11.410000000000002 35.500000000000007 13.500000000000002 17.550000000000004 1.5050000000000001 6.5000000000000009 14.500000000000002 10.660888056700539 28.850000000000005
decision_type=2 2 2 2 2 2 2 10 2 10 2 2 10 2 2 2 2 2 2 2 2 2 2 2 10 2 2 2 2 10
left_child=2 -2 9 -4 -5 6 7 -6 -3 11 -11 18 13 14 15 16 -13 -18 19 24 -21 -22 23 -23 29 -26 27 28 -27 -1
right_child=1 8 3 4 5 -7 -8 -9 -10 10 -12 12 -14 -15 -16 -17 17 -19 -20 20 21 22 -24 -25 25 26 -28 -29 -30 -31
leaf_value=2.3086637006831965e-06 0.0008166418095748116 9.2140427805134087e-05 -0.00041585058478157294 0.00038343563387507299 -0.00037049136776018984 -0.00037084932537183313 0 0 -7.8085219655152135e-05 -7.3965302095757563e-06 0.0005532905925122346 -1.2161101517961293e-05 -0.00061234304974243305 0.00037077155667710214 -0.00020137023081588272 0.00012625683598770006 -0.00025000831094075694 0 -4.7112639407642372e-05 -1.1645947542821755e-05 0 0 0 0.00018842098570621602 0 0.00051133593315036581 7.0489362895794004e-06 0 9.486365695971779e-05 -2.7414951316012021e-05
leaf_weight=14482 50 71 70 78 53 101 532 60 197 243 50 612 52 60 95 78 55 61 446 137 133 53 91 169 1080 53 553 65 70 2105
leaf_count=14482 50 71 70 78 53 101 532 60 197 243 50 612 52 60 95 78 55 61 446 137 133 53 91 169 1080 53 553 65 70 2105
internal_value=-9.15129e-07 0.00010289 -2.67652e-06 -6.80111e-05 -3.19328e-05 -8.25114e-05 -2.91167e-05 -0.000191158 -1.42259e-05 0 7.28336e-05 -9.0253e-07 -4.73867e-05 -1.10145e-05 -4.23648e-05 -1.72013e-05 -3.95827e-05 -0.00014018 1.26518e-06 2.66701e-06 4.41716e-05 7.24908e-05 0.000105704 0.000146983 1.07858e-06 2.42344e-05 6.19184e-05 0.00019597 0.000317318 -1.16346e-06
internal_weight=21955 318 21637 894 824 746 645 113 268 20743 293 20450 1013 961 901 806 728 116 19437 18991 583 446 313 222 18408 1821 741 188 123 16587
internal_count=21955 318 21637 894 824 746 645 113 268 20743 293 20450 1013 961 901 806 728 116 19437 18991 583 446 313 222 18408 1821 741 188 123 16587
is_linear=0
shrinkage=0.05


Tree=140
num_leaves=31
num_cat=0
split_feature=2 114 61 11 126 29 8 120 75 77 133 133 120 73 73 23 138 115 85 140 96 76 137 138 93 135 126 28 0 59
split_gain=0.00412736 0.0252401 0.000893703 0.0176106 0.00208449 0.00848515 0.00127564 0.0012755 0.000514951 0.000489664 0.00237431 0.00124107 0.00219982 0.000517586 0.00200739 0.00361702 0.000383036 0.00119688 0.00112858 0.001041 0.00105536 0.000583974 0.000894275 0.000623789 0.00103388 0.00131294 0.00100024 0.00445087 0.00104215 0.000764182
threshold=0.048280649000000009 19.550000000000004 96.500000000000014 0.0054437020069444458 6.5000000000000009 48.550000000000004 0.024583853048430977 273.81835750000005 27.050000000000004 267.33347680000003 87.745000000000019 88.64500000000001 275.98275000000007 39.050000000000004 40.350000000000001 22.111111111111114 12.310000000000002 9.7500000000000018 270.51458660000009 35.630000000000003 21.162500000000005 6.2500000000000018 1.0000000180025095e-35 6.330000000000001 264.56653695000006 5.6100000000000003 12.500000000000002 37.70000000000001 0.24405000000000002 7.9180999999999999
decision_type=2 10 2 2 2 2 2 10 2 2 2 2 8 2 2 2 2 8 2 2 2 2 2 2 2 2 2 2 2 2
left_child=2 -2 3 6 5 -4 -1 -8 9 10 -6 13 -13 16 15 -15 21 18 19 -18 -21 23 -23 24 25 -11 27 -26 -28 -25
right_child=1 -3 4 -5 8 -7 7 -9 -10 11 -12 12 -14 14 -16 -17 17 -19 -20 20 -22 22 -24 29 26 -27 28 -29 -30 -31
leaf_value=-1.3337611286138503e-05 -0.00033022323427333807 0.0011443820535250958 0 -0.00077575844237846425 -9.4970395506496061e-06 0.00071924523078361713 0 0.00026583730103580327 -4.0963158597095628e-05 0.00029963965658322706 -0.00031844889255556227 0 0.00041420262769165952 0.00049711258698915766 0 2.5697054392892017e-05 0 -6.7132994301928063e-06 0 0 0.00030975656103222605 -0.00024605536341799677 -2.1573552318382095e-05 -8.6951652642283582e-08 0 3.6720888863588894e-05 1.0999405947603416e-06 0.00050271396293720947 -0.0001253538057093224 -4.520190988234408e-05
leaf_weight=939 59 50 219 76 3564 50 51 87 791 60 64 50 50 61 886 200 55 748 248 51 123 56 698 3573 261 724 6551 53 165 1395
leaf_count=939 59 50 219 76 3564 50 51 87 791 60 64 50 50 61 886 200 55 748 248 51 123 56 698 3573 261 724 6551 53 165 1395
internal_value=-2.26812e-07 0.000305001 -1.99225e-06 -4.48421e-05 1.5544e-07 0.000138379 2.76957e-06 0.000147647 -1.42672e-06 0 -1.64112e-05 3.92616e-06 0.000179388 2.49768e-06 3.48368e-05 0.000156435 0 2.67445e-05 8.95754e-05 0.000170125 0.000230022 -2.44114e-06 -4.51723e-05 0 8.88957e-06 6.35677e-05 2.07244e-06 8.94388e-05 -1.28062e-06 -1.37679e-05
internal_weight=21958 109 21849 1153 20696 269 1077 138 20427 19636 3628 16008 100 15908 1147 261 14761 1225 477 229 174 13536 754 12782 7814 784 7030 314 6716 4968
internal_count=21958 109 21849 1153 20696 269 1077 138 20427 19636 3628 16008 100 15908 1147 261 14761 1225 477 229 174 13536 754 12782 7814 784 7030 314 6716 4968
is_linear=0
shrinkage=0.05


Tree=141
num_leaves=31
num_cat=0
split_feature=2 69 61 11 126 29 18 120 75 112 133 133 118 11 58 138 35 77 99 97 138 102 30 34 92 74 99 138 54 6
split_gain=0.00367655 0.0259912 0.000812409 0.0159099 0.00188848 0.00767014 0.00121314 0.00104082 0.000464954 0.000485792 0.00287374 0.000715623 0.00328296 0.000441727 0.000406371 0.00100891 0.000762163 0.0017569 0.000368583 0.00027209 0.000375954 0.000585796 0.000250613 0.000829988 0.00107777 0.00293962 0.00048839 0.000698072 0.000737444 0.000337166
threshold=0.048280649000000009 272.80800540000001 96.500000000000014 0.0054437020069444458 6.5000000000000009 48.550000000000004 0.026666666666666668 273.81835750000005 27.050000000000004 267.22509415000007 87.575000000000003 88.64500000000001 9.0500000000000025 0.0064838019652777796 8.3499999999999996 3.8450000000000002 286.51681700000006 279.44105630000007 -3.8500000000000223 -7.7999999999999989 4.8150000000000004 -3.1499999999999999 -3.4242857142857139 0.18419948607653816 1.7500000000000004 19.464285714285719 3.4500000000000459 5.2900000000000009 0.03500000000000001 0.00022222222222222226
decision_type=2 2 2 2 2 2 2 10 2 8 2 2 10 2 2 2 2 2 2 2 2 2 2 2 2 2 2 2 2 2
left_child=2 -2 3 6 5 -4 -1 -8 9 10 13 14 -13 -6 18 -16 17 -17 -11 20 21 -20 23 -21 25 -25 -24 28 -28 -29
right_child=1 -3 4 -5 8 -7 7 -9 -10 11 -12 12 -14 -15 15 16 -18 -19 19 22 -22 -23 26 24 -26 -27 27 29 -30 -31
leaf_value=-1.3406245842003981e-05 0.0010980380779801635 -0.00039703089290190285 0 -0.00073747424722510064 -2.7308421330543876e-06 0.00068398811489768225 0 0.00025078614530235199 -3.8917587122010853e-05 -4.3265983552544314e-05 -0.00036612124034824474 -8.0489876821117769e-05 0.00041726159980109002 -0.00012576052615125865 0.00019956752489654015 0 -3.166249385805031e-05 0.00032413758081052121 0 0 0 0.00021287001966218512 5.0674400370491062e-08 0 0 0.00049416733399154449 0.00012960569928518548 0 -3.1285412722634365e-05 -9.4474957296389122e-05
leaf_weight=938 53 56 219 76 1997 50 53 86 791 468 59 51 55 81 89 137 319 56 59 1824 256 68 12966 85 241 51 98 52 194 430
leaf_count=938 53 56 219 76 1997 50 53 86 791 468 59 51 55 81 89 137 319 56 59 1824 256 68 12966 85 241 51 98 52 194 430
internal_value=-2.11994e-07 0.000287848 -1.89101e-06 -4.27471e-05 1.45511e-07 0.000131719 2.27774e-06 0.00014317 -1.34876e-06 0 -2.23273e-05 2.91464e-06 0.000132534 -9.9897e-06 1.82965e-06 4.22388e-05 4.80836e-06 9.07149e-05 8.31999e-08 1.63485e-06 4.33694e-05 0.000113954 3.15838e-07 1.62301e-05 8.38084e-05 0.000197603 -1.87058e-06 -4.04654e-05 5.90549e-06 -7.88634e-05
internal_weight=21958 109 21849 1153 20696 269 1077 139 20427 19636 2137 17499 106 2078 17393 601 512 193 16792 16324 383 127 15941 2201 377 136 13740 774 292 482
internal_count=21958 109 21849 1153 20696 269 1077 139 20427 19636 2137 17499 106 2078 17393 601 512 193 16792 16324 383 127 15941 2201 377 136 13740 774 292 482
is_linear=0
shrinkage=0.05


Tree=142
num_leaves=31
num_cat=0
split_feature=2 120 126 73 16 49 50 91 110 49 126 1 2 30 7 29 4 103 13 0 126 0 4 89 96 3 50 88 91 56
split_gain=0.00327067 0.0241573 0.000758322 0.00246946 0.000472125 0.00220542 0.0022131 0.00060778 0.00142989 0.000571429 0.00040844 0.0049988 0.00041926 0.000472826 0.000931277 0.000406735 0.00040376 0.00077768 0.0016687 0.00202385 0.00114561 0.00181127 0.000746901 0.0013867 0.00211249 0.00246591 0.00105652 0.000452294 0.00199199 0.0007185
threshold=0.048280649000000009 280.86917030000001 1.5000000000000002 32.550000000000004 10.745000000000003 991.75000000000011 1023.2500000000001 12.450000000000001 15.750000000000002 988.6500000000002 6.5000000000000009 0.20970769550000004 0.00015051900000000003 -1.0785714285714285 0.033700000000000008 47.050000000000004 0.0043647795000000007 1066.9000000000003 0.00083222786805555566 0.041150000000000013 15.500000000000002 0.41135000000000005 0.0024749575000000005 38.050000000000004 50.025000000000013 0.048276782500000011 1021.85 30.437500000000007 14.15 10.990991300000021
decision_type=2 8 2 2 2 2 2 2 8 2 2 2 2 2 2 2 2 2 2 2 2 2 2 2 2 2 2 2 2 2
left_child=2 -2 3 -1 10 7 -7 8 -6 -9 11 12 13 -4 -15 -14 22 18 -18 -20 -19 -22 27 -24 25 -25 -27 29 -29 -12
right_child=1 -3 4 -5 5 6 -8 9 -10 -11 16 -13 15 14 -16 -17 17 20 19 -21 21 -23 23 24 -26 26 -28 28 -30 -31
leaf_value=0 -0.00034975313545631561 0.0010951051795521326 0 -0.00038790880648472618 0 0 -0.00047600603546015923 -6.0650110095857233e-05 0.00029689914622698179 8.7012385358904346e-05 4.1444697843459151e-06 0.0005049481910580927 0.00013683636268060491 0 -0.0002601240393467544 0 4.0740469390106353e-05 0.0002025851667677935 -4.9387608331798265e-06 -0.00032950893545434902 -3.7894308428901515e-06 -0.00021223075417275473 0 0.00041052723495470548 -0.0001481475304029243 0 0.00020233112170199791 -0.00030594070510013468 -7.9336866100958988e-06 0.00014760038940649187
leaf_weight=96 59 50 388 53 149 57 53 441 50 52 9218 52 98 92 54 52 115 61 148 107 3550 109 882 83 50 216 103 57 5373 90
leaf_count=96 59 50 388 53 149 57 53 441 50 52 9218 52 98 92 54 52 115 61 148 107 3550 109 882 83 50 216 103 57 5373 90
internal_value=-1.79735e-07 0.000271502 -1.77629e-06 -0.000114073 -7.69598e-07 -3.84817e-05 -0.000245732 0 6.78559e-05 -3.48091e-05 4.40202e-07 3.7139e-05 0 -1.98731e-05 -9.73582e-05 7.44453e-05 -6.53258e-07 -1.48713e-05 -8.5167e-05 -0.000161417 -6.51475e-06 -1.14212e-05 2.65456e-06 3.85074e-05 0.000109648 0.000154407 7.10685e-05 -2.53795e-07 -1.20383e-05 6.08438e-06
internal_weight=21958 109 21849 149 21700 802 110 692 199 493 20898 736 684 534 146 150 20162 4090 370 255 3720 3659 16072 1334 452 402 319 14738 5430 9308
internal_count=21958 109 21849 149 21700 802 110 692 199 493 20898 736 684 534 146 150 20162 4090 370 255 3720 3659 16072 1334 452 402 319 14738 5430 9308
is_linear=0
shrinkage=0.05


Tree=143
num_leaves=31
num_cat=0
split_feature=2 114 61 11 126 7 18 120 25 118 6 34 97 90 141 138 137 52 133 116 142 59 18 120 14 49 17 77 28 44
split_gain=0.00290773 0.0251573 0.000720282 0.0143346 0.00163556 0.00691934 0.0010463 0.000938156 0.000445691 0.000764017 0.00118439 0.000517208 0.000382132 0.000608937 0.00105623 0.00235521 0.000323905 0.00032094 0.000609247 0.00300499 0.000506819 0.000628555 0.00119305 0.000632538 0.0016315 0.000597765 0.000646914 0.00118314 0.00131904 0.000350078
threshold=0.048280649000000009 19.550000000000004 96.500000000000014 0.0054437020069444458 6.5000000000000009 0.12860000000000002 0.026666666666666668 273.81835750000005 26.500000000000004 30.050000000000004 0.033177083333333336 0.39966483005739289 -4.6999999999999966 21.853061224489803 33.755000000000003 4.6950000000000012 18.300000000000004 30.500000000000004 88.200000000000003 269.56754410000008 613.4138128671583 12.3695 0.00069583333333333346 275.69922785000006 0.024047289000000003 986.45000000000016 0.0032500000000000003 267.33347680000003 25.150000000000002 1167.5000000000002
decision_type=2 10 2 2 2 2 2 10 2 8 2 2 2 2 2 2 2 2 2 10 2 2 2 10 2 2 2 2 2 2
left_child=2 -2 3 6 5 -4 -1 -8 12 10 -10 -11 13 -6 -15 -16 17 18 29 -20 -19 23 -23 -22 25 26 -25 -28 -29 -14
right_child=1 -3 4 -5 8 -7 7 -9 9 11 -12 -13 16 14 15 -17 -18 20 19 -21 21 22 -24 24 -26 -27 27 28 -30 -31
leaf_value=-1.1861701078832806e-05 -0.00038020967130432837 0.0010974856550826956 0 -0.00069964318569377189 0 0.00064718936423328259 0 0.00023574192804872663 -2.7238546708306321e-05 0 -0.00020665816559827248 0.0001560270967349795 0 4.7611214583323687e-06 0.00041378113868859148 1.3170271480404049e-05 9.2880384580373141e-05 -2.4239631475277653e-06 7.9025713517434532e-05 -0.00037338161088015912 0 0.0003131138798367569 0 0 0.00028988120574280877 -6.9455023160152295e-05 0 0.00042021659510318586 1.037637201216057e-05 -2.0534731912198455e-05
leaf_weight=938 59 50 219 76 1064 50 53 86 803 722 125 53 8392 451 63 157 88 3598 55 63 1313 55 50 154 72 102 78 50 79 2840
leaf_count=938 59 50 219 76 1064 50 53 86 803 722 125 53 8392 451 63 157 88 3598 55 63 1313 55 50 154 72 102 78 50 79 2840
internal_value=-1.56903e-07 0.000255993 -1.67527e-06 -4.01572e-05 2.28866e-07 0.000122674 2.34794e-06 0.000133352 -1.14476e-06 -2.57315e-05 -5.69846e-05 5.27362e-06 8.25701e-07 2.3325e-05 6.05877e-05 0.000151868 -1.17899e-06 -1.97002e-06 -7.02016e-06 -0.000121605 7.45471e-06 2.82049e-05 0.000153808 1.82849e-05 6.40594e-05 1.76175e-05 5.61558e-05 0.000115168 0.000209701 -5.36053e-06
internal_weight=21958 109 21849 1153 20696 269 1077 139 20427 1703 928 775 18724 1735 671 220 16989 16901 11350 118 5551 1953 105 1848 535 463 361 207 129 11232
internal_count=21958 109 21849 1153 20696 269 1077 139 20427 1703 928 775 18724 1735 671 220 16989 16901 11350 118 5551 1953 105 1848 535 463 361 207 129 11232
is_linear=0
shrinkage=0.05


Tree=144
num_leaves=31
num_cat=0
split_feature=2 33 126 29 126 17 2 104 39 18 128 12 91 118 0 75 115 112 1 15 103 22 30 141 33 64 99 93 45 15
split_gain=0.00258219 0.024145 0.000688635 0.00892714 0.000828413 0.00695145 0.000531556 0.000890775 0.000506754 0.000496507 0.000480367 0.000382825 0.000750243 0.00112162 0.00141551 0.000437346 0.00057099 0.00123083 0.0014057 0.00131055 0.000385946 0.00148904 0.000373565 0.000681319 0.00181238 0.00145142 0.000370048 0.000472483 0.000730527 0.000388564
threshold=0.048280649000000009 -0.61629719291933138 3.5000000000000004 48.550000000000004 6.5000000000000009 0.14010000000000003 0.0055886015000000009 1.0500000000000003 0.80500000000000005 0.026666666666666668 10.32852641331702 0.071302525500000005 33.550000000000004 34.150000000000013 0.41135000000000005 27.850000000000005 17.450000000000003 278.00118210000011 0.022067102000000002 6.3541666666666675e-05 1066.9000000000003 1.5000000000000002 -3.4242857142857139 33.955000000000005 -0.90303592579561809 36.449999999999989 3.4500000000000459 265.77285665000005 33.500000000000007 0.00011562500000000002
decision_type=2 2 2 2 2 2 2 2 2 2 2 2 2 10 2 2 10 10 2 2 2 2 2 2 2 2 2 2 2 2
left_child=2 -2 3 9 5 -4 8 -8 11 -1 -10 15 13 14 20 16 22 18 -18 -20 21 -13 23 -6 25 -25 -24 28 -28 -29
right_child=1 -3 4 -5 6 -7 7 -9 10 -11 -12 12 -14 -15 -16 -17 17 -19 19 -21 -22 -23 26 24 -26 -27 27 29 -30 -31
leaf_value=-2.558373434055899e-06 0.0010668421660403849 -0.00038119767767542121 0 -0.00067405923222738572 0 0.00061059618090019709 -0.00014732439822444889 -9.8391841726467295e-06 -0.0001507785887002279 0.00015365689587647552 0 4.7012107382985184e-05 -0.0002031042305584139 0.00020459804192333566 -0.00019574290188029413 -4.2056074111792595e-05 9.8912162388210664e-06 2.4758637694482607e-07 0.00044823024785728199 8.2580966793358924e-05 0 -0.00024321794963299585 8.5079808817339338e-07 7.099053394720631e-05 0 0.00041140130820198909 0.00015674907372613235 0 -2.3338386926782971e-05 -9.9562122900512663e-05
leaf_weight=352 50 59 408 52 1438 51 162 832 107 52 65 51 56 54 109 487 287 1121 52 148 1912 78 12257 201 558 57 63 64 465 310
leaf_count=352 50 59 408 52 1438 51 162 832 107 52 65 51 56 54 109 487 287 1121 52 148 1912 78 12257 201 558 57 63 64 465 310
internal_value=-1.2598e-07 0.000241246 -1.56995e-06 -6.23292e-05 -3.82846e-08 6.60767e-05 -1.72985e-06 -3.73969e-05 0 5.53262e-06 -8.51512e-05 7.95525e-07 -1.822e-05 -1.11648e-05 -1.90011e-05 3.53659e-06 5.1372e-06 3.36776e-05 0.000100224 0.000204282 -7.02234e-06 -9.05353e-05 1.83329e-06 2.0759e-05 5.7221e-05 0.000166801 -1.02988e-06 -3.20956e-05 0 -7.50362e-05
internal_weight=21958 109 21849 456 21393 459 20934 994 19940 404 172 19768 2260 2204 2150 17508 17021 1608 487 200 2041 129 15413 2254 816 258 13159 902 528 374
internal_count=21958 109 21849 456 21393 459 20934 994 19940 404 172 19768 2260 2204 2150 17508 17021 1608 487 200 2041 129 15413 2254 816 258 13159 902 528 374
is_linear=0
shrinkage=0.05


Tree=145
num_leaves=31
num_cat=0
split_feature=0 69 11 99 61 43 19 100 94 43 89 22 96 89 137 2 0 95 101 26 80 12 83 110 137 64 21 116 76 88
split_gain=0.0019534 0.0155985 0.00104944 0.0132853 0.00648162 0.00276229 0.000484979 0.00248809 0.000847954 0.00134122 0.00049425 0.000477792 0.00161228 0.00139985 0.00402434 0.00662657 0.00117256 0.00107448 0.00141549 0.00210302 0.000856129 0.00130289 0.000451059 0.000384359 0.000579162 0.000536499 0.000703493 0.000314557 0.000313144 0.000686353
threshold=0.41135000000000005 274.23776995000009 0.0063192529166666679 3.1999999999999891 195.15000000000003 0.35150000000000003 0.0050742857142857135 6.3500000000000236 14.500000000000002 0.29050000000000004 27.750000000000004 4.5000000000000009 48.862500000000004 38.050000000000004 1.7650000000000003 2.9650000000000002e-05 0.019050000000000004 1.5000000000000002 -2.2872806999999962 3.5000000000000004 17.462500000000006 0.055928944500000001 18.650000000000002 29.050000000000004 0.015000000000000001 27.349999999999991 0.39583333333333343 271.06907300000006 4.7500000000000018 28.737500000000008
decision_type=2 2 2 2 2 2 2 2 2 2 2 2 2 2 2 2 2 2 2 2 2 2 2 10 2 2 2 8 2 2
left_child=2 -2 6 4 -4 -6 11 8 10 -10 -8 12 13 23 17 -16 -14 18 19 -15 21 -19 -12 25 -25 -1 -27 -7 -13 -30
right_child=1 -3 3 -5 5 27 7 -9 9 -11 22 28 16 14 15 -17 -18 20 -20 -21 -22 -23 -24 24 -26 26 -28 -29 29 -31
leaf_value=2.3346423970651728e-06 0.00086665665124131092 -0.00027787824151450654 -0.0006817439348696182 0.00067408487682699234 0 -3.6124417483733844e-05 0 -0.00033813883290349626 0.00027018385657501069 0 -0.00011023107590110819 -3.2321735041608257e-07 0 0.00046788803366965763 0 0.00071048926013255766 -0.00031562268876784359 0 0 1.8492832118156981e-05 1.2845836481260604e-05 -0.00032049705474560572 0 -0.00018980283510684566 0 0.00018487346554309735 0 -0.00034532520906957855 0.0001246316977507514 -4.2325277155758602e-05
leaf_weight=2159 51 60 54 51 314 55 513 63 62 105 274 15186 71 53 93 62 58 71 167 103 347 52 142 57 228 100 121 88 52 989
leaf_count=2159 51 60 54 51 314 55 513 63 62 105 274 15186 71 53 93 62 58 71 167 103 347 52 142 57 228 100 121 88 52 989
internal_value=-1.34562e-06 0.000206389 -2.64869e-06 -7.01153e-05 -0.000155327 -8.08546e-05 -6.14221e-07 -3.21855e-05 -9.74872e-06 8.61172e-05 -3.24323e-05 9.69322e-07 1.72489e-05 2.46631e-05 7.71835e-05 0.000312513 -0.000150538 2.4553e-05 9.71973e-05 0.000205027 -1.48553e-05 -0.0001328 -7.28628e-05 4.08307e-06 -4.73623e-05 1.23608e-05 8.73345e-05 -0.000262201 -2.47752e-06 -2.90754e-05
internal_weight=21801 111 21690 562 511 457 21128 1159 1096 167 929 19969 3742 3613 948 155 129 793 323 156 470 123 416 2665 285 2380 221 143 16227 1041
internal_count=21801 111 21690 562 511 457 21128 1159 1096 167 929 19969 3742 3613 948 155 129 793 323 156 470 123 416 2665 285 2380 221 143 16227 1041
is_linear=0
shrinkage=0.05


Tree=146
num_leaves=31
num_cat=0
split_feature=0 35 99 19 82 17 120 6 116 112 96 15 90 104 124 92 30 59 19 126 59 85 137 131 35 26 92 114 12 107
split_gain=0.00172858 0.0138046 0.000920773 0.00353434 0.00851453 0.00238873 0.000541704 0.00257187 0.00444592 0.00459883 0.00120855 0.00107957 0.00199588 0.000805289 0.000699511 0.000650555 0.00103236 0.000925274 0.000692991 0.00111047 0.000639978 0.000743921 0.00134817 0.000561302 0.000556416 0.000511392 0.000599616 0.000907874 0.00129353 0.000580662
threshold=0.41135000000000005 274.51635490000007 4.9500000000000464 0.018424285714285716 20.170000000000005 0.0020500000000000002 269.54671290000005 0.022697222222222223 277.26068690000005 276.83696215000003 14.587500000000004 0.0055843750000000017 23.06428571428572 6.450000000000002 -0.37940952255126015 1.0000000180025095e-35 -1.4371428571428571 11.074200000000003 0.0074985714285714334 16.500000000000004 8.4668500000000027 263.93243280000007 0.045000000000000005 62.20474218226024 269.05265865000007 5.5000000000000009 12.050000000000002 17.850000000000005 0.015900655500000003 8.9500000000000011
decision_type=2 2 2 2 2 2 10 2 10 10 2 2 2 2 2 2 2 2 2 2 2 2 2 2 2 2 2 10 2 2
left_child=2 -2 3 6 -5 -4 -1 10 13 -10 -8 15 14 -9 -13 16 17 -12 20 -20 21 22 -17 25 -16 26 27 29 -29 -22
right_child=1 -3 5 4 -6 -7 7 8 9 -11 11 12 -14 -15 24 18 -18 -19 19 -21 23 -23 -24 -25 -26 -27 -28 28 -30 -31
leaf_value=5.137833954630247e-06 0.0008063967567088769 -0.00026666322535553875 -8.2054950263258392e-07 5.650944971906331e-05 -0.00074688932387087135 0.00039977785388112567 -0.00024421348087138163 0.00016655359784707279 -0.00065858396978212008 -7.406829587524364e-06 3.236433539847427e-05 0.00012052430924259604 0.00030385361665958047 -5.4702692957425822e-05 0 0.00026247772070002445 -1.6602516402392078e-05 0.0002314739281807306 -0.0003103320719450354 -1.4628705951752901e-05 5.8441696402030767e-05 0 0 -7.5335541663167134e-06 -0.00019213487413340913 0 0 -7.180526414376801e-05 -0.00038124020552084619 -6.531916071063446e-05
leaf_weight=11798 52 59 57 59 53 50 52 50 68 72 369 83 79 199 74 76 388 99 51 204 80 3959 179 2440 51 269 135 199 67 430
leaf_count=11798 52 59 57 59 53 50 52 50 68 72 369 83 79 199 74 76 388 99 51 204 80 3959 179 2440 51 269 135 199 67 430
internal_value=-1.27824e-06 0.0001941 -2.51752e-06 -3.47241e-06 -0.000282668 0.000142047 -1.77008e-06 -1.07121e-05 -0.000136998 -0.000361582 -4.86797e-06 -2.952e-06 9.122e-05 0 0 -6.54227e-06 3.34467e-05 8.55484e-05 -1.13957e-05 -9.42818e-05 -8.04784e-06 4.20852e-06 8.6928e-05 -2.36934e-05 -6.47696e-05 -5.28403e-05 -7.08342e-05 -8.84224e-05 -0.000169608 -3.60446e-05
internal_weight=21801 111 21690 21583 112 107 21471 9673 389 140 9284 9232 287 249 208 8945 856 468 8089 255 7834 4214 255 3620 125 1180 911 776 266 510
internal_count=21801 111 21690 21583 112 107 21471 9673 389 140 9284 9232 287 249 208 8945 856 468 8089 255 7834 4214 255 3620 125 1180 911 776 266 510
is_linear=0
shrinkage=0.05


Tree=147
num_leaves=31
num_cat=0
split_feature=0 75 126 19 100 140 2 32 103 23 5 89 94 2 123 93 9 131 132 5 93 30 33 131 96 19 100 92 61 23
split_gain=0.00152784 0.0130747 0.00080997 0.0100183 0.00123937 0.00482133 0.00232006 0.00464369 0.00173832 0.000528476 0.000443764 0.000409477 0.000798479 0.00140926 0.00435348 0.00122871 0.00144665 0.000856054 0.000637586 0.00044848 0.00161953 0.000429081 0.000717864 0.000410747 0.000378479 0.000367459 0.000369199 0.0004044 0.000392771 0.000352038
threshold=0.41135000000000005 16.350000000000005 4.5000000000000009 0.0033142857142857123 7.900000000000035 63.175000000000004 0.026435467500000004 13.950000000000001 3267.9500000000003 18.584722222222226 10.240000000000002 47.050000000000004 13.500000000000002 0.0016429190000000003 -0.78656609248549292 273.18526385000007 0.92277777777777781 162.09210389522545 2.5000000000000004 7.1700000000000008 271.31257025000008 -1.828571428571429 -0.96329260526371141 103.69830881467969 37.187500000000007 0.0050742857142857135 2.9000000000000346 0.15000000000000005 1669.6500000000003 25.729861111111116
decision_type=2 2 2 2 2 2 2 2 2 2 2 2 2 2 2 2 2 2 2 2 2 2 2 2 2 2 2 2 2 2
left_child=2 -2 3 10 6 9 11 8 -8 -6 -1 12 25 15 -15 21 -17 -18 -16 23 -21 29 -23 -13 -20 -4 -27 -28 -29 -14
right_child=1 -3 4 -5 5 -7 7 -9 -10 -11 -12 19 13 14 18 16 17 -19 24 20 -22 22 -24 -25 -26 26 27 28 -30 -31
leaf_value=-1.0045216309559643e-05 0.00079964819754583443 -0.00024762578178671258 -5.8335671219671104e-08 -0.00070959969734960601 9.4959328499375444e-05 0.0005435201802288694 -0.00044679009744431832 0.00019005394536809317 -9.9790743288827929e-06 -7.167510217518809e-05 0.0001414124109345172 -3.3543675076743381e-05 -4.1586731597112167e-05 0.00051997769076016567 -5.22756122950566e-05 0 0.00042426918069466806 3.0844865726136837e-06 0.00018963958175243953 0 -0.00025028413199140335 0.00019569320815692967 8.8139881948728429e-06 1.8154777580532656e-05 0 -3.3014802244637335e-06 0 -0.0001995493577844024 -8.3442373319754767e-06 1.0835462991920715e-05
leaf_weight=490 50 61 15062 53 80 50 99 51 62 114 52 774 761 58 100 91 50 51 64 274 96 59 1178 649 88 653 66 97 126 342
leaf_count=490 50 61 15062 53 80 50 99 51 62 114 52 774 761 58 100 91 50 51 64 274 96 59 1178 649 88 653 66 97 126 342
internal_value=-1.23712e-06 0.000182404 -2.41579e-06 -5.99928e-05 -5.52013e-07 0.000110892 -2.10118e-06 -0.000166314 -0.000310541 0 0 -1.64195e-07 1.7633e-06 2.63302e-05 0.000128583 1.17913e-05 0.000133194 0.000262727 1.70386e-05 -2.32006e-05 -7.39247e-05 0 2.1917e-05 -6.45768e-06 9.53634e-05 -2.28828e-06 -3.26036e-05 -8.1331e-05 -0.000114355 -2.08084e-05
internal_weight=21801 111 21690 595 21095 244 20851 212 161 194 542 20639 18846 2842 310 2532 192 101 252 1793 370 2340 1237 1423 152 16004 942 289 223 1103
internal_count=21801 111 21690 595 21095 244 20851 212 161 194 542 20639 18846 2842 310 2532 192 101 252 1793 370 2340 1237 1423 152 16004 942 289 223 1103
is_linear=0
shrinkage=0.05


Tree=148
num_leaves=31
num_cat=0
split_feature=1 123 99 2 81 137 120 6 116 121 91 15 80 43 35 104 92 30 81 19 123 85 129 59 85 137 3 137 25 12
split_gain=0.00134822 0.0129469 0.000774333 0.00280374 0.00733743 0.00274116 0.00047741 0.00231402 0.00398836 0.00422891 0.0022474 0.00103937 0.00166899 0.00211475 0.00327804 0.000723855 0.000670658 0.000881589 0.000860644 0.000589778 0.000651619 0.000563504 0.000540226 0.000502273 0.000821553 0.00145467 0.00059488 0.000484745 0.00045837 0.000396451
threshold=0.61966513750000007 0.25881904510252091 4.900000000000035 0.048280649000000009 35.45000000000001 1.5750000000000004 269.54671290000005 0.022697222222222223 277.26068690000005 1.0000000180025095e-35 7.7500000000000009 0.0055843750000000017 27.712500000000006 0.34650000000000003 268.90743735000007 6.450000000000002 1.0000000180025095e-35 -1.4371428571428571 28.950000000000003 0.0046685714285714256 -0.78656609248549292 274.68650950000006 2.5000000000000004 8.4668500000000027 264.03867240000005 0.045000000000000005 0.076178629500000025 3.6550000000000007 14.500000000000002 0.071302525500000005
decision_type=2 2 2 2 2 2 10 2 10 10 2 2 2 2 2 2 2 2 2 2 2 2 2 2 2 2 2 2 2 2
left_child=2 -2 3 6 -5 -4 -1 10 15 -10 -8 16 13 -13 -15 -9 17 18 -12 23 -21 -22 -20 24 25 -18 27 28 -25 -26
right_child=1 -3 5 4 -6 -7 7 8 9 -11 11 12 -14 14 -16 -17 19 -19 22 20 21 -23 -24 26 29 -27 -28 -29 -30 -31
leaf_value=4.7995163905761814e-06 -0.00028281421087863779 0.00075687844177014932 -2.3090686069246235e-05 7.7407339591892407e-05 -0.00066456690786269573 0.00041173814566290652 -0.00033297705212205009 0.00015777804715552896 -0.00062695173967174773 -6.3554320523470311e-07 1.3990852806827028e-05 0 -9.9369555439314013e-05 0 0.00049589778290582331 -5.1963825066286515e-05 0.00025859863719233548 -8.8150952048469708e-06 0 0 -3.9647977512177195e-05 -0.00025094003117701508 0.00025829469192030957 -6.2366728744870647e-05 1.668515680586508e-06 0 2.5131194973366683e-05 0 -1.0720159554342177e-05 -6.9089793225421357e-05
leaf_weight=11797 58 53 64 56 56 50 51 50 68 72 300 99 58 50 78 199 85 398 63 90 208 74 99 1278 3683 193 485 720 1061 205
leaf_count=11797 58 53 64 56 56 50 51 50 68 72 300 99 58 50 78 199 85 398 63 90 208 74 99 1278 3683 193 485 720 1061 205
internal_value=-1.17272e-06 0.000171298 -2.29372e-06 -3.20948e-06 -0.00025193 0.000126067 -1.66703e-06 -1.00752e-05 -0.000129877 -0.000342596 -4.49998e-06 -2.10669e-06 9.07505e-05 0.00016148 0.000295078 0 -5.63515e-06 3.5011e-05 8.35027e-05 -1.05827e-05 -7.34728e-05 -0.000113452 0.000180678 -6.89071e-06 3.88835e-06 8.70553e-05 -2.09695e-05 -2.99186e-05 -4.10905e-05 -7.93439e-07
internal_weight=21801 111 21690 21576 112 114 21464 9667 389 140 9278 9227 285 227 128 249 8942 860 462 8082 372 282 162 7710 4166 278 3544 3059 2339 3888
internal_count=21801 111 21690 21576 112 114 21464 9667 389 140 9278 9227 285 227 128 249 8942 860 462 8082 372 282 162 7710 4166 278 3544 3059 2339 3888
is_linear=0
shrinkage=0.05


Tree=149
num_leaves=31
num_cat=0
split_feature=0 69 126 0 100 137 112 16 103 1 36 88 141 104 118 87 98 65 105 6 106 76 133 91 30 103 91 28 18 18
split_gain=0.00118743 0.0125812 0.000737042 0.00515425 0.00107657 0.00421854 0.00670507 0.00121158 0.00326654 0.00363023 0.00140126 0.00149861 0.000651724 0.000527521 0.000598778 0.000431593 0.000367122 0.000826863 0.00158898 0.00332939 0.00241526 0.000383801 0.00105933 0.000431663 0.000346291 0.000521351 0.0015237 0.00217067 0.000472432 0.000472523
threshold=0.41135000000000005 274.23776995000009 4.5000000000000009 0.089450000000000016 7.900000000000035 1.5750000000000004 272.01043765000003 10.745000000000003 911.35000000000014 0.14216828450000005 263.8113697500001 23.912500000000005 37.030000000000008 9.8500000000000032 8.8500000000000032 1.5000000000000002 -2.0999999999999983 27.850000000000005 18.500000000000004 0.0017118055555555558 29.650000000000002 4.5500000000000016 88.200000000000003 15.050000000000002 -1.8371428571428561 1672.95 19.450000000000003 15.900000000000002 0.040410416666666678 0.030343750000000006
decision_type=2 2 2 2 2 2 10 2 2 2 2 2 2 2 10 2 2 2 2 2 2 2 2 2 2 2 2 2 2 2
left_child=2 -2 3 -1 7 12 -7 16 -9 10 11 -10 -6 15 -15 -12 17 24 19 -19 -21 22 -18 -23 25 26 27 -4 29 -28
right_child=1 -3 4 -5 5 6 -8 8 9 -11 13 -13 -14 14 -16 -17 21 18 -20 20 -22 23 -24 -25 -26 -27 28 -29 -30 -31
leaf_value=0 0.00075847237022222001 -0.00026952020267881534 1.2420774158210349e-05 -0.00046024249710067776 -0.00015459301140697613 0 0.00074720449791781897 0.00029515176898249515 -0.00037595614741682467 -0.00036918694165831857 -0.00011631343154134245 0 1.4176590614768329e-05 0 0.00014046735098724602 0 -3.2130786644604872e-06 7.225717717740316e-06 8.476128647407385e-06 0.00063467881288756071 7.6668489255590013e-05 -0.00014879713264343337 0.00021020638708533031 -1.6616875116309945e-05 -1.1033380346181461e-05 0 0 0.00033528891328536036 -0.00013353724953377109 0.00015809051493859301
leaf_weight=526 51 60 190 69 81 55 52 54 59 104 153 59 56 248 91 133 11752 251 1148 50 73 92 57 697 2945 2054 434 97 60 50
leaf_count=526 51 60 190 69 81 55 52 54 59 104 153 59 56 248 91 133 11752 251 1148 50 73 92 57 697 2945 2054 434 97 60 50
internal_value=-1.10823e-06 0.000160713 -2.17424e-06 -5.70824e-05 -3.85876e-07 0.00010348 0.000344641 -1.84602e-06 -5.8583e-05 -8.73529e-05 -4.07401e-05 -0.000199454 -4.97722e-05 -2.51689e-06 3.05976e-05 -5.91595e-05 4.68585e-07 9.56845e-06 4.24176e-05 0.000132968 0.000347114 -4.44544e-06 -1.74186e-06 -3.85275e-05 1.29437e-07 1.32568e-05 4.66494e-05 0.00013969 0 1.38709e-05
internal_weight=21801 111 21690 595 21095 244 107 20851 901 847 743 118 137 625 339 286 19950 7352 1522 374 123 12598 11809 789 5830 2885 831 287 544 484
internal_count=21801 111 21690 595 21095 244 107 20851 901 847 743 118 137 625 339 286 19950 7352 1522 374 123 12598 11809 789 5830 2885 831 287 544 484
is_linear=0
shrinkage=0.05


Tree=150
num_leaves=31
num_cat=0
split_feature=126 11 126 1 2 120 1 126 0 118 19 1 69 14 30 116 43 129 69 118 115 93 58 92 30 21 2 135 116 67
split_gain=0.0012649 0.0141575 0.00135436 0.0112109 0.00107604 0.0034876 0.00235145 0.00108109 0.000518154 0.00169893 0.000512592 0.000410171 0.00025527 0.000887606 0.00057123 0.000667005 0.000835339 0.00144582 0.000402805 0.00043339 0.00080145 0.000393145 0.000363184 0.0019642 0.00179943 0.00034326 0.000549579 0.000457577 0.000702454 0.00240593
threshold=3.5000000000000004 0.0038184861597222223 6.5000000000000009 0.13543613500000004 0.0055886015000000009 286.01128045000007 0.14216828450000005 20.500000000000004 0.41135000000000005 29.350000000000005 -0.0040257142857142826 0.0073679850000000014 292.30014215000006 0.00086026250000000015 -1.8471428571428581 272.25957630000005 0.29250000000000004 5.5000000000000009 285.72899805000003 8.6500000000000004 17.050000000000004 266.50844725000007 8.3499999999999996 8.3500000000000032 -2.3071428571428565 0.57638888888888895 0.0031384280000000004 43.125000000000007 268.53900000000004 7.7500000000000009
decision_type=2 2 2 2 2 10 2 2 2 8 2 2 2 2 2 8 2 2 2 10 10 2 2 2 2 2 2 2 8 2
left_child=1 -1 3 10 8 6 7 -6 12 -10 -2 -12 18 -14 -15 16 -16 -18 22 20 -20 -21 25 -24 -25 27 -27 28 29 -4
right_child=2 -3 4 -5 5 -7 -8 -9 9 -11 11 -13 13 14 15 -17 17 -19 19 21 -22 -23 23 24 -26 26 -28 -29 -30 -31
leaf_value=7.4132129389406938e-07 -0.00014589634773417196 -0.00087109157150182151 0.00038347432815035896 0.00077542276630153482 -0.00021639371426565715 0.0003346416175800722 -0.00030610867427818692 -1.8657220367022506e-05 -0.00029774933635874938 2.824785181991162e-05 0 0.00010452244185916453 0.00021796142738421008 -2.6383483994116182e-05 0 0 0 0.0003398516926795679 -7.3351775840894921e-06 -6.2230386673298814e-05 0.00019170948056853376 0 0 0 0.00044669810984767261 -5.0195861515755339e-06 -9.268441471727339e-05 -7.6327182414192705e-06 6.3738938277536719e-06 2.9131975929952828e-05
leaf_weight=412 54 50 54 51 87 50 106 824 61 50 250 103 58 439 85 256 62 73 1035 778 52 400 330 50 51 5799 195 3391 5609 949
leaf_count=412 54 50 54 51 87 50 106 824 61 50 250 103 58 439 85 256 62 73 1035 778 52 400 330 50 51 5799 195 3391 5609 949
internal_value=-2.63616e-06 -8.44914e-05 -6.22286e-07 8.40077e-05 -2.72565e-06 -5.16121e-05 -7.58237e-05 -4.324e-05 0 -0.00010732 0 1.76889e-05 5.25015e-07 2.56066e-05 7.73046e-06 4.96642e-05 0.000113442 0.000190441 -5.14356e-07 -2.04801e-05 0 -4.15345e-05 1.93514e-06 4.7311e-05 0.000240046 3.9718e-07 -8.72056e-06 6.36084e-06 1.42937e-05 5.35523e-05
internal_weight=21764 462 21302 458 20844 1067 1017 911 19777 111 407 353 19666 973 915 476 220 135 18693 2265 1087 1178 16428 431 101 15997 5994 10003 6612 1003
internal_count=21764 462 21302 458 20844 1067 1017 911 19777 111 407 353 19666 973 915 476 220 135 18693 2265 1087 1178 16428 431 101 15997 5994 10003 6612 1003
is_linear=0
shrinkage=0.05


Tree=151
num_leaves=31
num_cat=0
split_feature=126 11 126 5 2 120 5 126 12 5 0 118 119 8 15 120 29 120 106 119 128 2 92 55 122 105 90 59 105 105
split_gain=0.00112806 0.0128192 0.00121031 0.010153 0.000980965 0.00317206 0.00210389 0.000968844 0.000525974 0.000515269 0.000448476 0.00155577 0.000264974 0.00036767 0.000431681 0.000352946 0.00047309 0.000521405 0.000411823 0.000314625 0.000749353 0.000309256 0.00169126 0.00278519 0.00234446 0.00117531 0.00195949 0.000284515 0.000290012 0.000418588
threshold=3.5000000000000004 0.0038184861597222223 6.5000000000000009 13.545000000000002 0.0055886015000000009 286.01128045000007 14.220000000000001 20.500000000000004 0.039556996000000004 1.0250000000000001 0.41135000000000005 29.350000000000005 3.7500000000000004 0.011542560422161013 0.00049270833333333339 275.69922785000006 31.150000000000002 266.57681870000005 28.050000000000004 4.0500000000000007 8.948520956939932 0.0024100695000000005 12.750000000000002 12.751023350000027 11.500000000000002 13.500000000000002 23.526530612244901 12.3695 25.500000000000004 21.500000000000004
decision_type=2 2 2 2 2 10 2 2 2 2 2 8 8 2 2 10 2 10 2 8 2 2 2 2 2 2 2 2 2 2
left_child=1 -1 3 8 10 6 7 -6 9 -2 12 -12 13 14 -4 16 17 -16 -19 20 -14 -21 25 24 -24 -23 -27 28 29 -15
right_child=2 -3 4 -5 5 -7 -8 -9 -10 -11 11 -13 19 27 15 -17 -18 18 -20 21 -22 22 23 -25 -26 26 -28 -29 -30 -31
leaf_value=7.0434497947930776e-07 0 -0.00082839100025012169 -2.2554688368354889e-05 0.00073739725678863657 -0.00020569698249263722 0.00031823761991879167 -0.00029094628474021512 -1.7725490199259325e-05 -0.00013586312185360328 0.0001256867904190181 -0.00028310198965857949 2.6863151675463401e-05 0.00023254145793508347 0 0 0 0 0.00024687171992012245 0 0 0 -0.00021011322814558754 4.1559569249625085e-05 -4.4443632514366304e-05 0.00056077559094124549 -5.4768119138017685e-06 0.00031298517787446131 6.6923937839450843e-06 -2.1516868813830269e-05 -0.00019068914231491578
leaf_weight=412 255 50 1062 51 87 50 106 824 63 89 61 50 50 84 69 346 176 80 50 16054 250 63 76 66 55 526 50 57 451 101
leaf_count=412 255 50 1062 51 87 50 106 824 63 89 61 50 50 84 69 346 176 80 50 16054 250 63 76 66 55 526 50 57 451 101
internal_value=-2.5125e-06 -7.98208e-05 -5.97456e-07 7.93853e-05 -2.59849e-06 -4.92753e-05 -7.25502e-05 -4.1365e-05 0 1.96766e-05 0 -9.9842e-05 4.90306e-07 -1.44731e-05 0 2.73086e-05 6.14714e-05 0.000114095 0.000172698 2.93716e-06 5.42074e-05 1.72733e-06 3.13674e-05 0.000159726 0.000300027 -5.80129e-07 1.39965e-05 -4.55203e-05 -5.80522e-05 -0.000119643
internal_weight=21764 462 21302 458 20844 1067 1017 911 407 344 19777 111 19666 2476 1783 721 375 199 130 17190 300 16890 836 197 131 639 576 693 636 185
internal_count=21764 462 21302 458 20844 1067 1017 911 407 344 19777 111 19666 2476 1783 721 375 199 130 17190 300 16890 836 197 131 639 576 693 636 185
is_linear=0
shrinkage=0.05


Tree=152
num_leaves=31
num_cat=0
split_feature=126 11 126 1 100 19 137 112 25 44 6 14 19 1 91 94 23 83 7 53 131 36 29 40 17 116 58 1 137 137
split_gain=0.00100545 0.0116081 0.00108093 0.00919522 0.000627175 0.00335154 0.00299422 0.00454685 0.000466449 0.000712577 0.000929878 0.000458361 0.000442918 0.000350632 0.000288248 0.000857361 0.000739225 0.000558651 0.000524305 0.000268657 0.000509226 0.00071171 0.00168361 0.000748529 0.00106524 0.00141282 0.000396722 0.0007863 0.000309237 0.000253295
threshold=3.5000000000000004 0.0038184861597222223 6.5000000000000009 0.13543613500000004 7.900000000000035 0.018424285714285716 1.5750000000000004 272.30478455000008 26.500000000000004 1002.5000000000001 0.033177083333333336 0.0012388845000000004 -0.0040257142857142826 0.0073679850000000014 33.850000000000001 25.500000000000004 28.990277777777784 20.550000000000004 0.070200000000000026 164.50000000000003 70.419982385672299 283.73129480000006 24.050000000000004 0.03500000000000001 0.025950000000000004 277.35322155000006 3.8499999999999983 0.00048387100000000003 18.300000000000004 0.55500000000000016
decision_type=2 2 2 2 2 2 2 10 2 2 2 2 2 2 2 2 2 2 2 2 2 2 2 2 2 10 2 2 2 2
left_child=1 -1 3 12 5 8 11 -8 19 14 -11 -6 -2 -14 15 17 -17 -10 -16 28 21 23 -23 26 -25 -26 -21 -28 -4 -22
right_child=2 -3 4 -5 6 -7 7 -9 9 10 -12 -13 13 -15 18 16 -18 -19 -20 20 29 22 -24 24 25 -27 27 -29 -30 -31
leaf_value=6.6921196032861782e-07 -0.00013638143287971616 -0.00078778361046787223 -3.6791418882216825e-06 0.00070123642402624971 0 -0.00028443320533524285 0 0.00061949177174448365 -3.9490555304363629e-06 -3.4026748229019862e-05 -0.00022804565988053584 -0.00012744973889736381 0 9.6120973099774487e-05 0 0 -0.00026679012811080998 0.00012992678358595108 0.00016695768070764774 -1.1912361406181587e-05 1.9877408387373739e-05 0.00035630036494694651 0 0 0.00034167313607699041 0 0.00023369008684592419 0 8.8515856725941629e-05 -1.1878013004817582e-05
leaf_weight=412 54 50 14629 51 53 105 57 51 642 668 87 89 250 103 71 66 56 82 69 829 975 57 79 104 72 56 51 55 87 1754
leaf_count=412 54 50 14629 51 53 105 57 51 642 668 87 89 250 103 71 66 56 82 69 829 975 57 79 104 72 56 51 55 87 1754
internal_value=-2.38659e-06 -7.53792e-05 -5.65345e-07 7.50025e-05 -2.46916e-06 -3.6584e-06 7.51992e-05 0.000280709 -1.96168e-06 -2.67324e-05 -6.32697e-05 -4.7009e-05 0 1.54317e-05 0 -9.72721e-06 -0.000134013 4.47542e-06 6.73973e-05 7.32346e-08 1.17554e-05 3.74656e-05 0.000151731 1.97499e-05 9.99337e-05 0.000196678 0 9.03795e-05 -2.78837e-06 0
internal_weight=21764 462 21302 458 20844 20594 250 108 20489 1741 755 142 407 353 986 846 122 724 140 18748 4032 1303 136 1167 232 128 935 106 14716 2729
internal_count=21764 462 21302 458 20844 20594 250 108 20489 1741 755 142 407 353 986 846 122 724 140 18748 4032 1303 136 1167 232 128 935 106 14716 2729
is_linear=0
shrinkage=0.05


Tree=153
num_leaves=31
num_cat=0
split_feature=126 11 126 1 2 103 11 43 0 118 2 84 74 160 77 150 128 13 4 30 134 24 93 67 120 133 100 49 91 43
split_gain=0.000921061 0.00913607 0.00192694 0.0085011 0.000826876 0.00275578 0.00115583 0.0015427 0.000342974 0.00134512 0.000307946 0.00236916 0.000799894 0.000423071 0.000526997 0.000358119 0.000996721 0.000412373 0.000375739 0.000521479 0.00036409 0.000357412 0.00192273 0.00127173 0.000579439 0.000359961 0.00233261 0.00139095 0.000882162 0.000908665
threshold=4.5000000000000009 0.0043538217083333346 6.5000000000000009 0.10242116400000002 0.0049793635000000011 876.60000000000014 0.0063192529166666679 0.35150000000000003 0.41135000000000005 29.350000000000005 0.0035617145000000003 10.150000000000004 29.37857142857143 0.026598639455782322 274.26575430000008 0.37857142857142867 8.5564435634531666 0.0013446454027777781 4.1150000000000013e-06 0.8814285714285709 17.455000000000002 32.300000000000004 266.40703705000004 10.65 271.33929135000005 80.995000000000019 6.1999999999999895 990.25000000000011 16.150000000000002 0.37650000000000006
decision_type=2 2 2 2 2 2 2 2 2 8 2 2 2 2 2 2 2 2 2 2 2 2 2 2 10 2 2 2 2 2
left_child=1 -1 3 -2 8 -6 -7 -8 10 -10 15 12 13 -12 -15 21 -17 18 -18 20 -20 22 23 -4 -25 -23 27 28 29 -27
right_child=2 -3 4 -5 5 6 7 -9 9 -11 11 -13 -14 14 -16 16 17 -19 19 -21 -22 25 -24 24 -26 26 -28 -29 -30 -31
leaf_value=0 0 -0.00068385758318106166 0 0.00071340556506423614 0.0002746924365906665 -3.2589331597438218e-05 0 -0.00028399600981562212 -0.0002596129573266221 2.6160057665644365e-05 0 0.00035552454262835698 -0.00014874606003423971 0.00015429013383903153 0 -0.0001969666230636196 -2.7481035704421214e-05 -5.5814056713224684e-05 3.6715959431977838e-05 0.00017970000342624687 -3.5560225528309873e-05 -1.987378839736863e-06 -2.6627579607504926e-07 0.00042938328851331874 6.147832392161945e-05 0.00012456935638355135 0.00030825178029408569 -0.00023866399448724108 -3.7843319171267293e-05 0
leaf_weight=560 257 53 102 50 58 905 84 128 61 50 155 52 73 114 55 80 575 390 485 54 226 15160 755 54 64 288 69 52 328 427
leaf_count=560 257 53 102 50 58 905 84 128 61 50 155 52 73 114 55 80 575 390 485 54 226 15160 755 54 64 288 69 52 328 427
internal_value=-2.2742e-06 -6.26962e-05 -2.83781e-07 0.000123577 -2.35377e-06 -4.30815e-05 -6.42851e-05 -0.000175328 0 -8.71593e-05 5.80879e-07 4.15313e-05 0 3.33954e-05 9.13987e-05 -1.21804e-07 -2.15082e-05 -1.03969e-05 0 2.56596e-05 6.70195e-06 1.82796e-06 3.12207e-05 0.000161415 0.000274052 0 2.68523e-05 4.2932e-06 2.14124e-05 5.55936e-05
internal_weight=21764 613 21151 307 20844 1175 1117 212 19669 111 19558 449 397 324 169 19109 1810 1730 1340 765 711 17299 975 220 118 16324 1164 1095 1043 715
internal_count=21764 613 21151 307 20844 1175 1117 212 19669 111 19558 449 397 324 169 19109 1810 1730 1340 765 711 17299 975 220 118 16324 1164 1095 1043 715
is_linear=0
shrinkage=0.05


Tree=154
num_leaves=31
num_cat=0
split_feature=126 19 126 1 2 120 160 67 95 11 47 114 1 118 51 2 105 103 16 8 23 142 58 92 15 85 19 1 63 155
split_gain=0.000836175 0.00832867 0.00175079 0.00768035 0.000747071 0.00280568 0.000867636 0.00130587 0.000615757 0.000682622 0.000403531 0.000403138 0.000292893 0.00123214 0.000234612 0.000367346 0.000719604 0.000327285 0.000479468 0.000665423 0.000751519 0.00032212 0.000637734 0.00195017 0.000408462 0.00091292 0.00201138 0.000428693 0.00072756 0.000304646
threshold=4.5000000000000009 0.0033142857142857123 6.5000000000000009 0.10242116400000002 0.0055886015000000009 286.01128045000007 0.016302800189843387 4.5500000000000007 6.5000000000000009 0.0028712009375000003 47.500000000000007 31.450000000000003 0.61966513750000007 29.350000000000005 170.50000000000003 0.0035617145000000003 19.500000000000004 1084.9000000000003 0.19500000000000003 0.014514531684984676 24.468055555555562 581.31139197053017 3.6500000000000026 13.850000000000003 0.00038958333333333342 264.03867240000005 -3.5714285714284572e-05 0.10930100050000001 11.945400000000001 0.35000000000000009
decision_type=2 2 2 2 2 10 2 2 2 2 2 8 2 8 2 2 2 2 2 2 2 2 2 2 2 2 2 2 2 2
left_child=1 8 3 -2 12 6 -6 -8 9 -1 11 -9 14 -14 15 17 -17 18 -4 -20 -21 -16 24 -24 -23 26 -26 -27 -29 -19
right_child=2 -3 4 -5 5 -7 7 10 -10 -11 -12 -13 13 -15 21 16 -18 29 19 20 -22 22 23 -25 25 27 -28 28 -30 -31
leaf_value=0 0 -0.00065894871677507063 1.6807701363137324e-05 0.00067843470044488862 0 0.0003024548991047863 -0.00035918320073291071 -0.00014301004200693737 0.00013539759618288373 -0.00018721035566045431 -6.7967344206906787e-06 0 -0.00024684167486538496 2.4877703875722985e-05 0 0.00016775541707950958 0 1.8362285254412456e-06 -2.1317325214515185e-05 -6.1586236497453004e-06 -0.000274119640769121 -8.2179132842140097e-06 0.00035115580729810371 0 0.00039607668950709387 0 0 0.00024324040116505997 0 -2.0000677672101301e-05
leaf_weight=437 257 52 340 50 391 50 54 227 69 55 292 53 61 50 4455 89 278 9051 1093 113 69 923 59 140 53 883 92 50 92 1886
leaf_count=437 257 52 340 50 391 50 54 227 69 55 292 53 61 50 4455 89 278 9051 1093 113 69 923 59 140 53 883 92 50 92 1886
internal_value=-2.17189e-06 -5.97447e-05 -2.64182e-07 0.000117786 -2.24832e-06 -4.29817e-05 -6.51568e-05 -0.000101746 0 -2.27927e-05 -6.81325e-05 -0.000114052 0 -8.06734e-05 4.10516e-07 -3.26374e-06 4.46533e-05 -5.06651e-06 -2.62872e-05 -4.17019e-05 -0.000136013 8.1863e-06 2.34183e-05 0.000112321 1.25282e-05 3.31575e-05 0.000153562 1.11182e-05 9.15508e-05 -1.47374e-06
internal_weight=21764 613 21151 307 20844 1067 1017 626 561 492 572 280 19777 111 19666 12919 367 12552 1615 1275 182 6747 2292 199 2093 1170 145 1025 142 10937
internal_count=21764 613 21151 307 20844 1067 1017 626 561 492 572 280 19777 111 19666 12919 367 12552 1615 1275 182 6747 2292 199 2093 1170 145 1025 142 10937
is_linear=0
shrinkage=0.05


Tree=155
num_leaves=31
num_cat=0
split_feature=2 35 0 83 119 133 103 24 11 44 8 124 75 115 141 136 92 21 43 23 94 47 112 2 136 85 19 93 142 65
split_gain=0.00307363 0.0248682 0.000848684 0.0117717 0.000515495 0.00116798 0.000402412 0.00589396 0.00162765 0.00141505 0.000335212 0.000574992 0.000330419 0.000528766 0.0012591 0.00402693 0.000373965 0.000450256 0.00038339 0.000347706 0.000298302 0.000297168 0.000292556 0.000291704 0.000282557 0.000362968 0.00269009 0.000572438 0.000652224 0.000441078
threshold=0.048280649000000009 272.88172770000006 0.41135000000000005 20.150000000000002 3.4500000000000006 88.200000000000003 876.60000000000014 59.050000000000004 0.0028712009375000003 1117.5000000000002 0.0060749224819468973 0.1294095225512602 26.750000000000004 17.450000000000003 36.930000000000007 1.0650000000000002 3.1500000000000008 0.38194444444444448 0.36050000000000004 28.990277777777784 25.500000000000004 17.500000000000004 277.46189380000004 0.0024100695000000005 0.90000000000000013 263.93243280000007 -0.003815714285714283 262.84702940000005 735.72146879553509 29.250000000000004
decision_type=2 2 2 2 8 2 2 2 2 2 2 2 2 10 2 2 2 2 2 2 2 2 10 2 2 2 2 2 2 2
left_child=2 -2 4 -4 5 23 7 8 10 -10 -6 21 13 24 16 -16 -15 18 -18 20 -19 -12 -22 -1 25 26 -8 28 -27 -29
right_child=1 -3 3 -5 6 -7 12 -9 9 -11 11 -13 -14 14 15 -17 17 19 -20 -21 22 -23 -24 -25 -26 27 -28 29 -30 -31
leaf_value=-7.7454566757620792e-06 0.0010920179179554586 -0.00040530636631989518 -0.00023080466142196763 0.00072876571713445287 -3.651976947365124e-06 -0.00026761151034174966 0.00035312222931224827 -0.00053631237455798939 0 0.00036271452003954136 -0.00020457786884272929 0 -2.6773488969049122e-05 0.00014953482017937439 0 0.00047887007242934491 7.713032220560897e-05 -2.4918784048634422e-05 -9.9547963857776989e-06 -9.8213690622664352e-05 0.00011023988446671258 0 0 -7.6369255395759893e-05 -7.4494552255656267e-06 0 4.8176365490955256e-06 4.215847887263065e-07 -0.00019636357066259294 3.0203637104457653e-05
leaf_weight=2038 50 54 72 51 1426 50 63 53 55 53 83 151 808 51 110 63 339 499 58 98 95 50 292 205 4878 132 688 7658 73 1577
leaf_count=2038 50 54 72 51 1426 50 63 53 55 53 83 151 808 51 110 63 339 499 58 98 95 50 292 205 4878 132 688 7658 73 1577
internal_value=4.93296e-07 0.000270486 -5.7927e-07 0.000129412 -1.55485e-06 -2.40511e-05 8.53336e-07 -2.08131e-05 -2.74941e-06 0.000180892 -1.7369e-05 -6.84459e-05 3.45922e-06 5.22562e-06 3.27178e-05 0.000162752 1.34166e-05 4.66729e-06 5.18517e-05 -9.32669e-06 0 -0.000143845 3.34942e-05 -1.62768e-05 1.96366e-06 6.96019e-06 4.11159e-05 3.70926e-06 -7.70443e-05 6.05135e-06
internal_weight=21873 104 21769 123 21646 2293 19353 1871 1818 108 1710 284 17482 16674 1605 173 1432 1381 397 984 886 133 387 2243 15069 10191 751 9440 205 9235
internal_count=21873 104 21769 123 21646 2293 19353 1871 1818 108 1710 284 17482 16674 1605 173 1432 1381 397 984 886 133 387 2243 15069 10191 751 9440 205 9235
is_linear=0
shrinkage=0.05


Tree=156
num_leaves=31
num_cat=0
split_feature=2 82 99 7 0 93 122 138 49 28 142 36 83 105 42 16 128 112 50 88 85 19 50 69 118 131 35 115 128 49
split_gain=0.00273048 0.0262872 0.000813083 0.00440174 0.00204125 0.011348 0.000713595 0.000519301 0.000564984 0.000549782 0.000465287 0.000455397 0.00123718 0.000336827 0.00074288 0.000365126 0.000309233 0.00114038 0.000975392 0.00184404 0.000795677 0.000327609 0.00197327 0.00035737 0.000985064 0.0019514 0.00040864 0.000450502 0.000472286 0.000380808
threshold=0.048280649000000009 20.170000000000005 3.4500000000000459 0.21005000000000004 0.41135000000000005 270.30000425000009 2.5000000000000004 4.8450000000000006 976.25000000000011 7.0500000000000007 189.82356041294662 266.75132780000007 21.950000000000003 21.500000000000004 0.26500000000000007 0.36500000000000005 8.7493894495934743 264.39428575000005 1005.4500000000002 32.13750000000001 263.64252300000004 0.014581428571428573 1015.2500000000001 292.30014215000006 15.65 69.034437994825737 286.33920940000002 19.250000000000004 8.9429183363977867 978.1500000000002
decision_type=2 2 2 2 2 2 2 2 2 2 2 2 2 2 2 2 2 8 2 2 2 2 2 2 8 2 2 8 2 2
left_child=2 -2 4 6 16 -6 10 8 11 -9 -4 -8 -13 14 15 -11 17 -1 19 -19 -20 23 -23 26 25 -25 29 -28 -29 -18
right_child=1 -3 3 -5 5 -7 7 9 -10 13 -12 12 -14 -15 -16 -17 21 18 20 -21 -22 22 -24 24 -26 -27 27 28 -30 -31
leaf_value=-0.00025846947477529123 0.001042171101347776 -0.00050106008441242226 0 -0.00048775052893791518 -0.00015976493370653229 0.00078994857728057291 0 2.7469005125395575e-05 -5.0575502621733482e-05 0 0.00013637364504379593 0.00026368323807194407 0 -2.4115805285323164e-05 0 -0.00021206820027999722 1.5554058915694159e-05 -0.00033403632412955632 0.00017226089548811989 0 -8.0793497701340076e-07 -0.00023327387834547598 2.1073870551481376e-05 0.00032618961776236872 0 3.0293421523265566e-06 -3.8048072826061051e-05 0.0001423605315987084 0 -6.2390103775310866e-07
leaf_weight=50 54 50 80 52 66 50 107 81 194 57 106 73 64 379 105 162 5252 63 67 160 1091 101 199 78 667 200 1275 58 829 10103
leaf_count=50 54 50 80 52 66 50 107 81 194 57 106 73 64 379 105 162 5252 63 67 160 1091 101 199 78 667 200 1275 58 829 10103
internal_value=4.17986e-07 0.000254908 -5.79804e-07 -3.67748e-05 1.77773e-06 0.000210112 -1.62365e-05 -3.29609e-05 2.26817e-07 -5.7848e-05 6.64913e-05 6.10686e-05 0.000121946 -7.48056e-05 -0.000118459 -0.000170797 3.22997e-07 -2.17606e-05 -9.39166e-06 -0.000106298 5.03147e-06 2.27489e-06 -4.84358e-05 3.37231e-06 3.35728e-05 0.000112466 1.45582e-06 -1.84459e-05 4.11134e-06 4.58463e-06
internal_weight=21873 104 21769 1460 20309 116 1408 1222 438 784 186 244 137 703 324 219 20193 1431 1381 223 1158 18762 300 18462 945 278 17517 2162 887 15355
internal_count=21873 104 21769 1460 20309 116 1408 1222 438 784 186 244 137 703 324 219 20193 1431 1381 223 1158 18762 300 18462 945 278 17517 2162 887 15355
is_linear=0
shrinkage=0.05


Tree=157
num_leaves=31
num_cat=0
split_feature=2 35 99 0 0 101 122 89 91 30 44 52 7 30 119 16 25 22 97 120 141 138 15 15 126 135 15 40 16 103
split_gain=0.00242204 0.0212678 0.000748471 0.00367407 0.0017973 0.0105743 0.000781369 0.000558067 0.000495127 0.00092206 0.000458442 0.000531737 0.000450698 0.000437076 0.000433188 0.00081206 0.000307621 0.000371703 0.000302025 0.000426128 0.00112737 0.00124554 0.000291124 0.00032921 0.000427747 0.000527303 0.000292293 0.000257527 0.000350986 0.000861834
threshold=0.048280649000000009 272.88172770000006 3.3500000000000232 0.17975000000000005 0.41135000000000005 -0.41329809999999151 1.5000000000000002 36.150000000000013 18.350000000000005 -3.4814285714285709 1282.5000000000002 39.500000000000007 0.032000000000000008 -2.1828571428571419 3.4500000000000006 17.135000000000005 14.500000000000002 49.500000000000007 -4.6999999999999966 269.33020880000004 33.755000000000003 5.3400000000000007 0.0004645833333333334 0.002288541666666667 50.500000000000007 15.295000000000002 0.00028958333333333337 0.045000000000000005 0.52000000000000013 2940.0500000000006
decision_type=2 2 2 2 2 2 2 2 2 2 2 2 2 2 8 2 2 2 2 8 2 2 2 2 2 2 2 2 2 2
left_child=2 -2 4 6 14 -6 13 8 16 -10 11 12 -9 -4 15 22 17 -8 19 20 -16 -22 26 24 25 -24 -1 -20 29 -29
right_child=1 -3 3 -5 5 -7 7 10 9 -11 -12 -13 -14 -15 18 -17 -18 -19 27 -21 21 -23 23 -25 -26 -27 -28 28 -30 -31
leaf_value=-9.3598386205832428e-06 0.0010025305381072137 -0.00038045314418956306 0 -0.00044256073088574883 0.00074873385501492661 -0.00016833340127218085 -8.1267734493307192e-05 0 0.00023890085621364871 0 0 0 -0.00021273987614690021 0.00014480334987269144 1.8907343102469115e-06 -0.00019398673793693893 2.7290722732325922e-06 0 -1.2379015148411842e-07 2.9675095811892677e-06 0.00039004262446654212 0 0 -3.3818069366201389e-05 0 0.00019823621530508408 -8.5259976571969577e-05 0.00026837495878154704 5.0489272022400282e-06 0
leaf_weight=767 50 54 67 53 51 64 353 74 50 230 203 62 139 100 329 69 188 144 15720 1133 51 71 53 304 540 72 231 50 542 59
leaf_count=767 50 54 67 53 51 64 353 74 50 230 203 62 139 100 329 69 188 144 15720 1133 51 71 53 304 540 72 231 50 542 59
internal_value=3.35826e-07 0.000240039 -5.90642e-07 -3.29861e-05 1.84168e-06 0.000198211 -1.61332e-05 -3.05496e-05 -3.02868e-06 4.64239e-05 -7.5549e-05 -0.000118567 -0.000156023 7.81131e-05 4.52089e-07 -2.10909e-05 -3.05697e-05 -5.3186e-05 3.17445e-06 2.41513e-05 6.6183e-05 0.000197486 -1.23898e-05 2.66552e-06 2.6877e-05 0.000110929 -3.20007e-05 8.38047e-07 3.16973e-05 0.0001175
internal_weight=21873 104 21769 1663 20106 115 1610 1443 965 280 478 275 213 167 19991 2036 685 497 17955 1584 451 122 1967 969 665 125 998 16371 651 109
internal_count=21873 104 21769 1663 20106 115 1610 1443 965 280 478 275 213 167 19991 2036 685 497 17955 1584 451 122 1967 969 665 125 998 16371 651 109
is_linear=0
shrinkage=0.05


Tree=158
num_leaves=31
num_cat=0
split_feature=2 82 99 7 1 93 124 59 19 135 119 13 30 15 15 36 141 16 7 139 29 135 13 36 81 4 3 93 76 14
split_gain=0.00214583 0.0226388 0.000683189 0.00382525 0.00160246 0.0106212 0.000495234 0.00048031 0.00041436 0.000367645 0.000364907 0.000828776 0.000360151 0.000301388 0.000319292 0.000267286 0.00375155 0.000882256 0.00108149 0.000662996 0.000294207 0.000261835 0.000247878 0.000490861 0.000775685 0.000476696 0.000247189 0.000246438 0.000233676 0.000841211
threshold=0.048280649000000009 20.170000000000005 3.4500000000000459 0.21005000000000004 0.61966513750000007 270.30000425000009 0.91597561503675351 12.3695 -0.0023628571428571427 8.4750000000000032 3.4500000000000006 0.0040352463333333342 -3.1857142857142846 0.0004645833333333334 0.00028958333333333337 283.73129480000006 38.860000000000007 1.1850000000000003 0.04685000000000001 23.997652137861419 26.350000000000005 15.955000000000004 0.0012182783402777781 266.68324050000007 31.450000000000003 0.00010411150000000001 6.605000000000002e-05 264.12323745000009 7.450000000000002 0.016839561500000003
decision_type=2 2 2 2 2 2 2 2 2 2 8 2 2 2 2 2 2 2 2 2 2 2 2 2 2 2 2 2 2 2
left_child=2 -2 4 6 10 -6 7 9 -8 27 11 13 -9 14 -1 28 17 20 19 -19 26 -11 23 -15 -25 -26 -17 -4 -12 -30
right_child=1 -3 3 -5 5 -7 8 12 -10 21 15 -13 -14 22 -16 16 -18 18 -20 -21 -22 -23 -24 24 25 -27 -28 -29 29 -31
leaf_value=-7.0745677745448143e-06 0.00095939648852800012 -0.00047140731645163662 0 -0.00045422953101015599 -0.00017077536000079587 0.00074958731717653755 0.00017175194986966924 0.00012873161835861473 0 1.6963598014681886e-05 2.1541790110567803e-06 -0.00017342299855127669 0 -1.8511039780794074e-06 -8.3505841699964861e-05 -0.00016044793759862697 0.00038385832489913575 0 0 0.00031527310077945008 0 -4.2482032321165436e-05 -1.8779850269875711e-05 0.00024071347951937086 -1.5015978112451252e-05 0.00011401197843477587 0 -0.00016763566990274581 0 -0.00020120889402236433
leaf_weight=783 54 50 63 52 66 50 50 56 173 131 17013 87 251 291 239 75 68 53 91 59 436 566 368 62 156 91 67 118 190 64
leaf_count=783 54 50 63 52 66 50 50 56 173 131 17013 87 251 291 239 75 68 53 91 59 436 566 368 62 156 91 67 118 190 64
internal_value=3.26597e-07 0.000225953 -5.31972e-07 -3.37231e-05 1.60948e-06 0.000186214 -1.43331e-05 -2.98819e-05 4.57348e-05 -5.02052e-05 2.92239e-07 -1.92603e-05 1.19818e-05 -9.92547e-06 -2.99002e-05 2.81086e-06 3.04494e-05 0 8.86339e-05 0.000195216 -3.22721e-05 -2.41377e-05 6.01265e-06 2.95441e-05 7.51501e-05 1.26274e-05 -9.67492e-05 -0.00012243 1.16066e-06 -4.55252e-05
internal_weight=21873 104 21769 1460 20309 116 1408 1185 223 878 20193 2077 307 1990 1022 18116 849 781 203 112 578 697 968 600 309 247 142 181 17267 254
internal_count=21873 104 21769 1460 20309 116 1408 1185 223 878 20193 2077 307 1990 1022 18116 849 781 203 112 578 697 968 600 309 247 142 181 17267 254
is_linear=0
shrinkage=0.05


Tree=159
num_leaves=31
num_cat=0
split_feature=2 47 99 11 0 116 122 138 29 103 9 29 119 128 93 28 103 65 42 2 56 134 135 44 135 86 35 31 120 14
split_gain=0.0018988 0.0216221 0.000617659 0.00398291 0.00125543 0.0101562 0.000479251 0.000596434 0.000599701 0.000923201 0.000434047 0.00069319 0.000357815 0.000912412 0.00167897 0.000333471 0.000248482 0.000262232 0.000486911 0.000236552 0.000235218 0.00225608 0.00281339 0.000378955 0.000267811 0.000258291 0.000220908 0.000380601 0.000886424 0.000561344
threshold=0.048280649000000009 41.500000000000007 3.5999999999999663 0.0055372198611111124 0.41135000000000005 274.7338115500001 4.5000000000000009 4.3850000000000007 30.550000000000004 2312.1500000000001 0.042777777777777783 32.150000000000006 3.4500000000000006 8.5564435634531666 264.12323745000009 7.0500000000000007 2564.6500000000005 29.250000000000004 0.26500000000000007 0.0019878035000000004 10.581294800000025 7.7700000000000005 30.955000000000002 1917.5000000000002 29.415000000000003 17.500000000000004 286.88434220000005 38.150000000000013 269.85687990000002 0.015902186500000002
decision_type=2 2 2 2 2 10 2 2 2 2 2 2 8 2 2 2 2 2 2 2 2 2 2 2 2 2 2 2 10 2
left_child=2 -2 4 6 12 -6 10 8 -8 -10 -4 -12 13 14 -1 -9 17 18 -17 -15 26 22 -22 24 -23 -25 27 -14 29 -29
right_child=1 -3 3 -5 5 -7 7 15 9 -11 11 -13 20 19 -16 16 -18 -19 -20 -21 21 23 -24 25 -26 -27 -28 28 -30 -31
leaf_value=-0.00035327219557585891 0.00098333710987193916 -0.00041521839959419928 -1.3073129139548539e-05 -0.00046628810004641801 -0.00019075766822723708 0.00070208178860858036 -2.8605518646233655e-05 0 0.00027618109455729349 0 0.00025375322447907114 0 1.9263800162474961e-06 0 0 -0.00016027552883109445 0 -1.9440174801569382e-05 0 -6.0199462751094426e-05 0 0 0.00037079121505736155 0.00010237066052818241 -7.4684412617826115e-05 0 -1.4233092978074698e-05 0.00027941678974639219 0 0
leaf_weight=56 50 54 56 51 66 52 102 67 50 75 50 114 15203 1789 65 211 147 254 63 200 154 149 95 77 288 86 1979 59 157 54
leaf_count=56 50 54 56 51 66 52 102 67 50 75 50 114 15203 1789 65 211 147 254 63 200 154 149 95 77 288 86 1979 59 157 54
internal_value=2.43435e-07 0.000212506 -5.50679e-07 -3.49606e-05 1.28582e-06 0.000163274 -1.18816e-05 -3.03001e-05 2.70722e-05 0.000112054 4.63888e-05 9.6952e-05 9.64276e-08 -1.91265e-05 -0.000154608 -5.45942e-05 -6.71505e-05 -8.32858e-05 -0.000124003 -8.29846e-06 2.58684e-06 2.85277e-05 0.000157038 -1.6657e-05 -4.63864e-05 3.23561e-05 1.03683e-06 3.31378e-06 6.26889e-05 0.00016965
internal_weight=21873 104 21769 1240 20529 118 1189 969 227 125 220 164 20411 2110 121 742 675 528 274 1989 18301 849 249 600 437 163 17452 15473 270 113
internal_count=21873 104 21769 1240 20529 118 1189 969 227 125 220 164 20411 2110 121 742 675 528 274 1989 18301 849 249 600 437 163 17452 15473 270 113
is_linear=0
shrinkage=0.05


Tree=160
num_leaves=31
num_cat=0
split_feature=126 11 2 19 0 1 28 85 33 2 44 48 91 76 83 15 2 58 44 43 43 43 103 73 93 21 42 103 85 91
split_gain=0.00150649 0.0404843 0.0046608 0.00233034 0.00177043 0.00144627 0.00167824 0.00117487 0.000958491 0.000366514 0.000407083 0.000307673 0.000278669 0.000468299 0.000362284 0.000276894 0.000488239 0.00086126 0.00130913 0.000766733 0.00165254 0.000989796 0.0010957 0.000650514 0.000712974 0.000809125 0.000571886 0.00154789 0.000492037 0.00158423
threshold=9.5000000000000018 0.0060564499583333339 0.048280649000000009 0.0033142857142857123 0.41135000000000005 0.010255007000000002 32.150000000000006 272.04325475000007 -0.95341654114078145 0.0047217085000000004 1167.5000000000002 54.500000000000007 19.950000000000003 1.4500000000000006 26.650000000000002 0.00023854166666666669 9.4850000000000015e-05 8.3499999999999996 1182.5000000000002 0.42850000000000005 0.44550000000000006 0.38050000000000006 2772.8000000000006 17.450000000000003 263.21299085000004 0.25694444444444448 0.39500000000000007 2633.7500000000005 264.03867240000005 7.4500000000000011
decision_type=2 2 2 2 2 2 2 2 2 2 2 2 2 2 2 2 2 2 2 2 2 2 2 2 2 2 2 2 2 2
left_child=1 3 4 5 9 -1 7 -7 -5 15 12 -4 13 -11 -14 -2 28 19 -19 21 -21 23 -23 -18 -25 -26 27 -27 29 -17
right_child=2 -3 11 8 -6 6 -8 -9 -10 10 -12 -13 14 -15 -16 16 17 18 -20 20 -22 22 -24 24 25 26 -28 -29 -30 -31
leaf_value=-1.8979935032179639e-05 -5.2813316825736642e-06 0.0013675006821930375 -0.00046847721124438317 0 -0.00020343275537959053 0.00039015940257266504 0 4.1320350316891561e-05 -0.00039621147916869977 0 -6.8876433273855835e-05 -9.785094645159351e-05 -9.8952882995331201e-05 0.00015750584600027651 0 -0.00019322597378749589 -1.2999846466031473e-05 0.00034318868131396653 0 0.00026846329474131424 1.4202214508267273e-05 -0.00011466191603272445 6.249384554066251e-06 -4.7915896484926459e-05 0 0.00033401669141528713 2.1540494795182498e-05 2.5175521101759988e-05 -2.1550544827464285e-06 7.7306587212282361e-05
leaf_weight=818 8216 55 54 50 107 68 215 99 50 503 400 57 153 50 93 51 396 54 71 91 390 321 282 81 236 100 191 137 7850 537
leaf_count=818 8216 55 54 50 107 68 215 99 50 503 400 57 153 50 93 51 396 54 71 91 390 321 282 81 236 100 191 137 7850 537
internal_value=0 5.09299e-05 -3.49145e-06 -1.93626e-06 -1.47018e-06 1.3559e-05 9.61591e-05 0.000214601 -0.000235678 -1.43044e-07 -2.71511e-05 -0.000325371 0 1.30581e-05 -4.9377e-05 1.2992e-06 6.77431e-06 2.69945e-05 0.000159488 1.72366e-05 7.31363e-05 0 -4.99215e-05 2.91327e-05 5.82178e-05 7.87362e-05 0.000119687 0.000177353 5.47916e-07 4.50648e-05
internal_weight=21776 1355 20421 1300 20310 1200 382 167 100 20203 1199 111 799 553 246 19004 10788 2350 125 2225 481 1744 603 1141 745 664 428 237 8438 588
internal_count=21776 1355 20421 1300 20310 1200 382 167 100 20203 1199 111 799 553 246 19004 10788 2350 125 2225 481 1744 603 1141 745 664 428 237 8438 588
is_linear=0
shrinkage=0.05


Tree=161
num_leaves=31
num_cat=0
split_feature=98 2 2 42 115 94 119 121 75 7 49 133 15 54 0 81 89 15 3 91 35 19 90 133 100 94 104 36 136 19
split_gain=0.00109825 0.0157916 0.00435709 0.00189425 0.00125656 0.0036109 0.00042283 0.000759011 0.000450174 0.00153459 0.000850759 0.000703612 0.000487266 0.000772617 0.000435124 0.0014587 0.000729245 0.000403795 0.000658986 0.000477317 0.000464799 0.000451214 0.000537591 0.000472872 0.000933481 0.000466665 0.001471 0.00103636 0.000400472 0.000382156
threshold=-6.5999999999999952 0.018264717500000003 0.048280649000000009 0.19500000000000003 18.350000000000005 17.500000000000004 13.950000000000001 2.0500000000000003 5.8500000000000005 0.033700000000000008 983.6500000000002 88.64500000000001 0.0037166666666666672 0.055000000000000007 0.17210000000000003 32.550000000000004 23.450000000000003 0.00036458333333333335 0.10236673250000002 18.450000000000003 292.80505740000007 -0.0024828571428571413 15.794897959183675 36.430000000000007 0.099999999999965908 15.500000000000002 5.5500000000000016 270.54353105000007 0.46000000000000002 0.0028999999999999955
decision_type=2 2 2 2 10 2 8 10 2 2 2 2 2 2 2 2 2 2 2 2 2 2 2 2 2 2 2 2 2 2
left_child=1 4 6 -4 29 -6 8 14 9 -2 -11 12 17 -14 -8 16 -16 21 19 20 -19 22 -10 -24 -25 -23 -27 -28 -20 -1
right_child=2 -3 3 -5 5 -7 7 -9 11 10 -12 -13 13 -15 15 -17 -18 18 28 -21 -22 25 23 24 -26 26 27 -29 -30 -31
leaf_value=6.7928083801821679e-06 0 0.00089356289136608563 -5.1077416439791368e-06 -0.0005581948619196649 0.00041668499057272542 0 6.0118715139706306e-06 0.00018385049341998184 1.3684702322812293e-06 0 -0.00031760149780675419 0.00015950827679747211 0 -8.762620022512617e-05 -2.9906391134403764e-05 -0.00022523305698219764 0.00017788659877517014 6.8667240011911457e-06 0 -2.318658144055852e-05 0.00014415172271381178 -1.4511810028168353e-05 -3.7530839048001726e-05 0 -0.00033982230548885268 -1.1022193558114555e-06 0 0.00026786152230253417 8.0701103883942544e-05 -5.8909497972327166e-05
leaf_weight=2278 258 51 51 50 71 175 8698 59 204 51 74 59 370 479 233 88 50 1684 154 1451 71 3179 521 74 52 469 50 95 433 244
leaf_count=2278 258 51 51 50 71 175 8698 59 204 51 74 59 370 479 233 88 50 1684 154 1451 71 3179 521 74 52 469 50 95 433 244
internal_value=0 2.90091e-05 -4.43275e-06 -0.000330721 1.09571e-05 0.000118592 -2.40243e-06 4.96842e-06 -9.83239e-06 -6.45886e-05 -0.000207755 -7.04658e-06 -8.66026e-06 -4.5427e-05 3.23326e-06 -4.83108e-05 0 -4.36299e-06 6.86439e-06 -5.35567e-07 1.5347e-05 -1.46089e-05 -4.8404e-05 -7.17913e-05 -0.000172675 -5.69799e-06 3.17551e-05 0.000171558 5.57161e-05 0
internal_weight=21776 2819 18957 101 2768 246 18856 9128 9728 383 125 9345 9286 849 9069 371 283 8437 3793 3206 1755 4644 851 647 126 3793 614 145 587 2522
internal_count=21776 2819 18957 101 2768 246 18856 9128 9728 383 125 9345 9286 849 9069 371 283 8437 3793 3206 1755 4644 851 647 126 3793 614 145 587 2522
is_linear=0
shrinkage=0.05


Tree=162
num_leaves=31
num_cat=0
split_feature=126 11 2 19 1 1 131 136 33 61 21 120 104 1 83 62 139 84 36 50 49 134 74 19 26 84 1 76 116 141
split_gain=0.00134193 0.036332 0.00410351 0.00211833 0.00156154 0.00131515 0.00147213 0.0016699 0.000807826 0.000416099 0.000356512 0.000640738 0.000307438 0.000566927 0.000401752 0.000370687 0.000844498 0.0060225 0.00224001 0.00291774 0.00117351 0.000694269 0.000916866 0.000662037 0.00060135 0.000846499 0.000446464 0.0011393 0.000775699 0.00141534
threshold=9.5000000000000018 0.0060564499583333339 0.048280649000000009 0.0033142857142857123 0.61966513750000007 0.010255007000000002 100.2802120376448 0.30500000000000005 -0.95341654114078145 102.10000000000001 0.17361111111111113 275.40237950000005 0.35000000000000009 0.038272573500000011 20.050000000000004 45.050000000000004 86.726525519048977 0.65000000000000024 266.81099135000005 1012.35 989.95000000000016 6.7950000000000008 24.221428571428579 -0.0026585714285714272 4.5000000000000009 12.850000000000003 0.020162538000000004 7.3500000000000014 285.15408105000006 38.130000000000003
decision_type=2 2 2 2 2 2 2 2 2 2 2 10 2 2 2 2 2 2 2 2 2 2 2 2 2 2 2 2 10 2
left_child=1 3 4 5 10 -1 7 -7 -5 -8 11 -2 13 -12 -15 16 26 20 -19 -20 -18 22 23 -17 25 -24 -14 28 -28 -30
right_child=2 -3 -4 8 -6 6 9 -9 -10 -11 12 -13 15 14 -16 21 17 18 19 -21 -22 -23 24 -25 -26 -27 27 -29 29 -31
leaf_value=-1.8033037170141807e-05 -2.8456346465227472e-06 0.0012953027097786878 -0.00030534646726014872 0 -0.00019107283529963215 2.2690422180608643e-05 6.6839313869076293e-05 0.00039386517634290656 -0.00037374417786029921 -7.6735038587450865e-05 -1.5630559867850192e-06 -0.00012156930342326269 -2.3223493483263098e-06 -0.0001031488231010339 0 0.00016840271991768211 5.8895101562526582e-06 1.1217164923436937e-05 8.0398698337376124e-05 0.00067312664489840412 -0.00022480282311448721 1.9873645158032193e-06 -0.00013944081315022313 -8.5518274587939514e-06 0 0 0 0.00024700251775038056 8.8297446907215673e-05 -8.1522446789070581e-05
leaf_weight=818 685 55 111 50 107 112 104 70 50 96 1878 166 6727 280 119 56 688 79 63 66 57 4801 402 527 185 135 2432 56 682 119
leaf_count=818 685 55 111 50 107 112 104 70 50 96 1878 166 6727 280 119 56 688 79 63 66 57 4801 402 527 185 135 2432 56 682 119
internal_value=0 4.80573e-05 -3.30561e-06 -1.82266e-06 -1.39374e-06 1.27679e-05 9.16535e-05 0.000194145 -0.000224807 0 -1.32271e-07 -3.19885e-05 1.01182e-06 -1.5855e-05 -7.04516e-05 3.55466e-06 9.23282e-06 5.46768e-05 0.000292547 0.000424962 -5.33605e-06 -5.82686e-06 -3.83828e-05 1.43134e-07 -7.63645e-05 -0.000103108 4.40475e-06 1.968e-05 1.41212e-05 5.67637e-05
internal_weight=21776 1355 20421 1300 20310 1200 382 182 100 200 20203 851 19352 2277 399 17075 10969 953 208 129 745 6106 1305 583 722 537 10016 3289 3233 801
internal_count=21776 1355 20421 1300 20310 1200 382 182 100 200 20203 851 19352 2277 399 17075 10969 953 208 129 745 6106 1305 583 722 537 10016 3289 3233 801
is_linear=0
shrinkage=0.05


Tree=163
num_leaves=31
num_cat=0
split_feature=126 11 2 19 0 5 28 33 90 21 120 15 49 85 131 120 126 9 84 84 141 104 13 103 12 0 96 92 61 6
split_gain=0.00120784 0.0328576 0.0037061 0.00194656 0.00141052 0.00120566 0.0014629 0.000699887 0.000626063 0.000328126 0.000572568 0.000286817 0.000628291 0.00146092 0.00134822 0.00343221 0.000655657 0.00216516 0.000425649 0.000530651 0.00209459 0.000424505 0.000367063 0.000350245 0.00134497 0.000588583 0.000455291 0.000396464 0.00106227 0.000738989
threshold=9.5000000000000018 0.0060564499583333339 0.048280649000000009 0.0033142857142857123 0.41135000000000005 1.0250000000000001 34.550000000000004 -0.95341654114078145 23.839795918367347 0.17361111111111113 275.40237950000005 0.00086145833333333354 986.6500000000002 264.01827330000009 30.210440651388549 273.73564815000003 23.500000000000004 0.66673611111111131 12.150000000000004 11.050000000000002 38.060000000000009 1.1500000000000004 0.00014356607638888892 1145.4500000000003 0.071302525500000005 0.074950000000000003 38.687500000000007 13.550000000000002 1450.2000000000003 0.01123125
decision_type=2 2 2 2 2 2 2 2 2 2 10 2 2 2 2 8 2 2 2 2 2 2 2 2 2 2 2 2 2 2
left_child=1 3 4 5 9 -1 8 -5 -7 10 -2 18 14 -14 15 -13 17 -16 19 23 -21 -19 -20 24 25 -11 -26 -25 29 -29
right_child=2 -3 -4 7 -6 6 -8 -9 -10 11 -12 12 13 -15 16 -17 -18 21 22 20 -22 -23 -24 27 26 -27 -28 28 -30 -31
leaf_value=-1.7132486297969617e-05 -2.7035601416596375e-06 0.0012316940558438157 -0.00029021546467106418 0 -0.00018160765434677834 7.4514665700894228e-05 0 -0.00035542338368352777 0.00034304256015715395 -1.3022038849632378e-05 -0.00011552723566223823 0 -0.00027749416268859793 -1.3811876895316814e-06 -1.6141768301407097e-05 0.00050379272237620961 8.0659284632665559e-06 3.7113750577959826e-05 0 0 0.00035828868858373556 0.00032778790800898328 -5.0136058143318816e-05 0 -2.140940806129947e-05 0.0001498864764210091 -0.00026696322727484342 -1.0068248339053444e-05 0.00026718801076783044 0.00013824656824899369
leaf_weight=818 685 55 111 50 107 157 164 50 61 1590 166 56 50 1589 151 50 3355 70 513 199 50 80 823 10027 99 54 73 377 50 96
leaf_count=818 685 55 111 50 107 157 164 50 61 1590 166 56 50 1589 151 50 3355 70 513 199 50 80 823 10027 99 54 73 377 50 96
internal_value=0 4.55683e-05 -3.15985e-06 -1.67887e-06 -1.33063e-06 1.21457e-05 8.77766e-05 -0.000215556 0.000173708 -1.19417e-07 -3.06898e-05 9.68066e-07 1.09332e-05 -1.30173e-05 2.26972e-05 0.000201945 1.60792e-05 8.85177e-05 -2.532e-06 0 7.23997e-05 0.000226397 -2.93735e-05 -1.14449e-06 -2.16679e-05 -4.54365e-06 -0.000155469 1.91608e-06 4.43334e-05 9.71333e-06
internal_weight=21776 1355 20421 1300 20310 1200 382 100 218 20203 851 19352 5401 1639 3762 106 3656 301 13951 12615 249 150 1336 12366 1816 1644 172 10550 523 473
internal_count=21776 1355 20421 1300 20310 1200 382 100 218 20203 851 19352 5401 1639 3762 106 3656 301 13951 12615 249 150 1336 12366 1816 1644 172 10550 523 473
is_linear=0
shrinkage=0.05


Tree=164
num_leaves=31
num_cat=0
split_feature=126 13 2 19 0 21 61 12 132 3 48 2 120 68 29 43 98 155 12 161 96 2 0 76 104 23 133 36 131 25
split_gain=0.00108073 0.029919 0.00334631 0.00166029 0.00127356 0.00108013 0.000494293 0.000980974 0.00076466 0.000578196 0.000318725 0.000318171 0.000423536 0.000548647 0.000515434 0.000278804 0.000248852 0.000619056 0.000661868 0.000517813 0.00135671 0.00173972 0.000629131 0.000576811 0.000567693 0.000640464 0.000422336 0.00208539 0.000410895 0.000315655
threshold=9.5000000000000018 0.0040352463333333342 0.048280649000000009 0.0074985714285714334 0.41135000000000005 0.18750000000000003 102.10000000000001 0.033766664000000009 4.5000000000000009 0.054459633500000007 54.500000000000007 0.0047217085000000004 266.17260900000002 0.25000000000000006 49.050000000000004 0.34650000000000003 -2.0999999999999983 0.24800000000000005 0.095322962000000011 0.21428571428571433 38.937500000000007 0.0016429190000000003 0.12235000000000001 0.15000000000000005 0.35000000000000009 23.235416666666669 88.200000000000003 268.44584420000007 71.052266785764871 20.500000000000004
decision_type=2 2 2 2 2 2 2 2 2 2 2 2 10 2 2 2 2 2 2 2 2 2 2 2 2 2 2 2 2 2
left_child=1 3 4 5 11 -1 7 -7 -9 -8 -4 16 -13 14 -14 -11 19 26 29 -2 21 23 28 24 -21 -26 -18 -28 -22 -19
right_child=2 -3 10 -5 -6 6 9 8 -10 15 -12 12 13 -15 -16 -17 17 18 -20 20 22 -23 -24 -25 25 -27 27 -29 -30 -31
leaf_value=0.00022560782018748191 1.1109104795941339e-06 0.0011855698045956987 -0.00040687818872224449 -0.00028097124372344792 -0.00017261134733821061 -3.1482415589109399e-06 0 0.00026597485735361598 0 0 -6.0605778035723826e-05 0 -0.0001076153428554788 1.553656896015856e-05 0 -0.00020933384576138846 7.544795499758571e-07 -4.0539497518951234e-05 0.00011337194600280461 0 -3.7085977965109402e-05 0.00039268106661563486 -0.00015630082268231374 0 0.00029633951643250734 3.9272764969716856e-05 0.00033925450557742605 -4.3497256733561778e-05 3.8239994837322463e-05 0
leaf_weight=53 5460 54 54 51 107 590 305 65 115 53 57 520 384 120 175 69 9619 1920 67 102 242 50 62 231 67 135 53 54 496 446
leaf_count=53 5460 54 54 51 107 590 305 65 115 53 57 520 384 120 175 69 9619 1920 67 102 242 50 62 231 67 135 53 54 496 446
internal_value=0 4.30395e-05 -3.05006e-06 -1.41688e-06 -1.29954e-06 6.20762e-06 0 2.00772e-05 0.000123426 -4.64875e-05 -0.000275834 -1.36256e-07 -2.53126e-05 -5.18441e-05 -7.52392e-05 -0.000138823 1.19033e-06 -2.79367e-06 -2.55368e-05 8.99698e-06 3.6455e-05 9.45054e-05 0 5.66296e-05 0.000101802 0.000150208 2.38362e-06 0.00010118 6.75695e-06 -3.1629e-05
internal_weight=21776 1355 20421 1301 20310 1250 1197 770 180 427 111 20203 1199 679 559 122 19004 12159 2433 6845 1385 585 800 535 304 202 9726 107 738 2366
internal_count=21776 1355 20421 1301 20310 1250 1197 770 180 427 111 20203 1199 679 559 122 19004 12159 2433 6845 1385 585 800 535 304 202 9726 107 738 2366
is_linear=0
shrinkage=0.05


Tree=165
num_leaves=31
num_cat=0
split_feature=2 114 0 123 11 126 88 161 105 30 112 47 126 44 59 160 135 49 78 73 56 131 131 46 26 160 49 99 0 53
split_gain=0.00190322 0.0273234 0.000537881 0.0108366 0.000363743 0.00505878 0.000414548 0.000746306 0.000569293 0.000551031 0.000408661 0.000298759 0.000428475 0.000378699 0.000291285 0.000708302 0.000601676 0.00146319 0.000451516 0.000777242 0.00185966 0.000639306 0.000615805 0.000712775 0.00037438 0.000587586 0.000462126 0.000316297 0.000271409 0.000341538
threshold=0.048280649000000009 20.550000000000004 0.41135000000000005 0.12940952255126045 0.0048372518750000012 9.5000000000000018 38.612500000000004 0.33673469387755106 22.500000000000004 -1.8942857142857135 279.73269355000008 37.500000000000007 60.500000000000007 1237.5000000000002 12.732800000000003 1.0000000180025095e-35 4.9500000000000011 944.75000000000011 2.5000000000000004 37.850000000000001 8.2382610500000357 59.956631411209223 67.443867958799743 11.500000000000002 3.5000000000000004 0.30454081632653068 954.6500000000002 4.5999999999999668 0.080000000000000002 89.500000000000014
decision_type=2 10 2 2 2 2 2 2 2 2 10 2 2 2 2 2 2 2 2 2 2 2 2 2 2 2 2 2 2 2
left_child=2 -2 4 -4 14 -6 7 11 9 -8 -9 13 -13 -7 18 -16 17 -17 19 27 -21 24 23 -23 25 26 -20 -1 -18 -30
right_child=1 -3 3 -5 5 6 8 10 -10 -11 -12 12 -14 -15 15 16 28 -19 21 20 -22 22 -24 -25 -26 -27 -28 -29 29 -31
leaf_value=4.5703747859710548e-07 -0.00041779484359942608 0.001098349649897393 -0.00030818908326684074 0.00065704241968287194 -0.00041793418548411116 0 0 -0.00023115153024880756 -4.3484027183192413e-06 0.00019595093752756049 0 0.00012551461039100981 0 -0.00010088089975543503 0.0001716377611946649 0 -7.7150132025471198e-06 0.0003132299412876213 -6.3914485366606105e-06 0 0.00035638082630682152 0 -1.3705237093334178e-05 0.00024360552534584287 -1.0501706636952579e-05 0 -0.0002542972745126013 -7.6656940859517011e-05 0.00014852217755822385 0
leaf_weight=15898 65 50 57 52 77 298 59 58 66 92 51 86 433 136 77 97 1284 53 81 96 51 54 1717 50 330 125 96 133 65 61
leaf_count=15898 65 50 57 52 77 298 59 58 66 92 51 86 433 136 77 97 1284 53 81 96 51 54 1717 50 330 125 96 133 65 61
internal_value=0 0.000202081 -9.82817e-07 0.000108621 -1.77151e-06 -2.68353e-05 0 -1.57894e-05 5.94839e-05 0.000120124 -0.000139179 0 2.39953e-05 -3.20737e-05 0 2.01192e-05 9.33217e-06 0.00010422 -1.87036e-06 8.65653e-07 0.000114939 -2.19454e-05 -3.90449e-06 0.000108873 -6.594e-05 -0.000109782 -0.000169612 0 0 6.8851e-05
internal_weight=21848 115 21733 109 21624 1356 1279 1062 217 151 109 953 519 434 20268 1637 1560 150 18631 16178 147 2453 1821 104 632 302 177 16031 1410 126
internal_count=21848 115 21733 109 21624 1356 1279 1062 217 151 109 953 519 434 20268 1637 1560 150 18631 16178 147 2453 1821 104 632 302 177 16031 1410 126
is_linear=0
shrinkage=0.05


Tree=166
num_leaves=31
num_cat=0
split_feature=19 114 0 54 11 61 90 90 92 84 88 120 87 98 59 92 135 83 99 18 133 122 35 74 73 141 131 15 91 6
split_gain=0.00168511 0.0247448 0.000466827 0.0108789 0.0003332 0.0043422 0.000500046 0.000975853 0.000858153 0.000788017 0.000745469 0.000457133 0.000361259 0.000282496 0.00046301 0.000768892 0.000714773 0.00086046 0.000282516 0.000384722 0.000303885 0.00246595 0.00263688 0.000359223 0.000321823 0.00134012 0.000311437 0.000285069 0.000407055 0.000551143
threshold=0.018424285714285716 20.550000000000004 0.41135000000000005 0.065000000000000016 0.0048372518750000012 77.200000000000017 28.68367346938776 23.931632653061225 5.6500000000000012 8.9500000000000028 34.612500000000004 284.93618345000004 4.5000000000000009 10.65 12.732800000000003 1.0000000180025095e-35 4.9500000000000011 18.850000000000005 4.2500000000000009 0.0049958333333333339 88.200000000000003 15.500000000000002 274.79752780000007 31.335714285714285 38.050000000000004 38.000000000000007 93.410858925704943 0.0054489583333333343 18.150000000000002 0.011058333333333335
decision_type=2 10 2 2 2 2 2 2 2 2 2 10 2 2 2 2 2 2 2 2 2 2 2 2 2 2 2 2 2 2
left_child=2 -2 4 -4 13 -6 7 8 11 -10 -9 -7 -8 14 18 -16 17 -17 20 -20 23 22 -22 24 27 -26 -25 -1 -29 -30
right_child=1 -3 3 -5 5 6 12 10 9 -11 -12 -13 -14 -15 15 16 -18 -19 19 -21 21 -23 -24 26 25 -27 -28 28 29 -31
leaf_value=0 -0.00039722161576554018 0.0010445089340575184 0.00066054250477184104 -0.00030898137649489668 -0.00046616898019069433 0 0.00017844145113680759 -0.00029559460840783479 0.0002308778416458203 0 -2.8643333456754115e-05 -0.00012015186535851112 0 -3.2051055855160153e-05 0.00020358534479534933 0.00023754136293064224 0 0 -8.9258644371004354e-05 0 0.00031513848264976647 -0.00031163823672120225 -0.00010390073059335755 -5.9097918797295977e-05 0 0.00027799407269445841 0 0 0.00020748626730007709 2.12341490125079e-06
leaf_weight=15623 65 50 51 58 53 707 55 51 73 56 178 90 93 668 65 75 1153 59 210 98 57 69 87 444 292 54 671 406 72 165
leaf_count=15623 65 50 51 58 53 707 55 51 73 56 178 90 93 668 65 75 1153 59 210 98 57 69 87 444 292 54 671 406 72 165
internal_value=0 0.000190115 -9.6186e-07 0.000101076 -1.71206e-06 -2.57015e-05 -3.60718e-06 -1.82996e-05 0 0.000123241 -0.000110861 -1.46336e-05 7.68494e-05 0 9.84423e-07 2.93254e-05 1.64912e-05 0.000125822 -8.42877e-07 -4.82461e-05 0 -5.92519e-05 2.85156e-05 6.88531e-07 2.80665e-06 5.09323e-05 -2.63625e-05 1.47251e-06 3.40794e-05 8.61302e-05
internal_weight=21848 115 21733 109 21624 1356 1303 1155 926 129 229 797 148 20268 19600 1352 1287 134 18248 308 17940 213 144 17727 16612 346 1115 16266 643 237
internal_count=21848 115 21733 109 21624 1356 1303 1155 926 129 229 797 148 20268 19600 1352 1287 134 18248 308 17940 213 144 17727 16612 346 1115 16266 643 237
is_linear=0
shrinkage=0.05


Tree=167
num_leaves=31
num_cat=0
split_feature=2 82 120 6 0 93 138 101 89 99 119 75 65 140 23 119 12 8 101 42 82 131 104 36 138 30 82 2 84 104
split_gain=0.00148917 0.0242897 0.000451804 0.00331051 0.00107744 0.00923475 0.000302658 0.000599847 0.0010598 0.000345961 0.000316099 0.000338042 0.000317272 0.000352578 0.000316479 0.000297554 0.000916883 0.000401291 0.00157992 0.000493573 0.000433465 0.000497226 0.00042494 0.000408356 0.00267957 0.000291396 0.000546207 0.000643593 0.000523049 0.00036702
threshold=0.048280649000000009 20.746000000000006 289.74331870000009 0.020327083333333339 0.41135000000000005 267.61526280000004 12.310000000000002 -5.6044297999999904 32.150000000000013 4.6999999999999895 3.7500000000000004 3.4500000000000006 22.350000000000005 74.050000000000011 22.111111111111114 24.250000000000004 0.050071403000000007 0.059251217091006982 -5.815169200000013 1.0850000000000002 32.646000000000008 96.419912394023555 0.55000000000000016 283.73129480000006 3.7600000000000002 0.33142857142857024 27.614000000000008 0.0006863590000000001 2.0500000000000012 0.65000000000000024
decision_type=2 2 10 2 2 2 2 2 2 2 8 2 2 2 2 10 2 2 2 2 2 2 2 2 2 2 2 2 2 2
left_child=2 -2 4 -4 6 -6 9 8 -8 10 11 -1 13 -13 -14 17 -17 20 -19 -20 23 22 -22 25 -25 28 -27 -28 29 -12
right_child=1 -3 3 -5 5 -7 7 -9 -10 -11 15 12 14 -15 -16 16 -18 18 19 -21 21 -23 -24 24 -26 26 27 -29 -30 -31
leaf_value=-0.00015337475971271622 0.00089901107872958428 -0.00051976157657918521 -1.8209400178278386e-06 -0.00042977997233095927 -0.00021242716510485105 0.00067389040341938613 0.00026586199134224229 6.3957563950895434e-06 0 -7.5399328751279049e-05 -2.0013702089297147e-05 0 -5.9690932838989023e-05 0.00011169971486479709 -3.1566758763736728e-06 0 -0.0002130825071964699 0.0002614539685665066 -1.7894302454961187e-06 0.00015587809638293714 0 0 -0.00010396970510087469 0.00028193246600086261 0 4.9064491736564773e-06 0 0.00020893716677274356 -2.3513940342055392e-05 6.565184596577008e-06
leaf_weight=53 60 55 637 50 57 50 66 1516 93 163 1464 687 543 73 852 182 65 72 527 50 98 577 306 97 447 1364 140 82 2340 9082
leaf_count=53 60 55 637 50 57 50 66 1516 93 163 1464 687 543 73 852 182 65 72 527 50 98 577 306 97 447 1364 140 82 2340 9082
internal_value=0 0.000178733 -8.90812e-07 -4.08147e-05 1.76729e-07 0.000157848 -3.97708e-07 1.96734e-05 0.000114189 -2.40335e-06 -1.51477e-06 -1.93771e-05 -1.36929e-05 7.4148e-06 -2.87711e-05 5.24981e-07 -5.32972e-05 1.62712e-06 4.01402e-05 3.4688e-06 0 -3.21206e-05 -7.46387e-05 2.16675e-06 4.47358e-05 2.18135e-07 2.07257e-05 9.50422e-05 -1.91935e-06 2.39988e-06
internal_weight=21848 115 21733 687 21046 107 20939 1675 159 19264 19101 2208 2155 760 1395 16893 247 16646 649 577 15997 981 404 15016 544 14472 1586 222 12886 10546
internal_count=21848 115 21733 687 21046 107 20939 1675 159 19264 19101 2208 2155 760 1395 16893 247 16646 649 577 15997 981 404 15016 544 14472 1586 222 12886 10546
is_linear=0
shrinkage=0.05


Tree=168
num_leaves=31
num_cat=0
split_feature=2 112 120 6 0 54 75 13 98 22 105 136 140 42 16 90 140 110 142 134 91 53 5 64 19 36 5 120 43 142
split_gain=0.00131293 0.0238032 0.000416034 0.00298629 0.000945305 0.00880593 0.000281158 0.000638577 0.000401945 0.000521048 0.00209423 0.00325336 0.00064921 0.00168478 0.000567107 0.000416093 0.000788804 0.00123298 0.00207098 0.000693473 0.000774488 0.000389753 0.000374844 0.000474447 0.000313206 0.000351292 0.000347098 0.00155645 0.000310305 0.000331153
threshold=0.048280649000000009 273.09653365000003 289.74331870000009 0.020327083333333339 0.41135000000000005 0.065000000000000016 5.3500000000000005 0.0035040081111111115 -3.0999999999999983 4.5000000000000009 17.500000000000004 0.95500000000000007 73.50500000000001 0.28500000000000009 0.20500000000000004 16.352040816326536 72.420000000000002 19.650000000000002 786.98717462504067 7.9150000000000009 14.250000000000002 124.50000000000001 0.060000000000000012 275.60000000000008 0.012788571428571425 281.38826105000004 22.160000000000004 270.55594365000007 0.38450000000000006 781.27217678249428
decision_type=2 10 10 2 2 2 2 2 2 2 2 2 2 2 2 2 2 10 2 2 2 2 2 2 2 2 2 10 2 2
left_child=2 -2 4 -4 6 -6 7 -1 9 10 11 14 -11 -14 -8 16 -10 28 -19 20 -17 -22 23 -23 25 26 -21 -28 29 -18
right_child=1 -3 3 -5 5 -7 8 -9 15 12 -12 -13 13 -15 -16 19 17 18 -20 24 21 22 -24 -25 -26 -27 27 -29 -30 -31
leaf_value=-9.4417542701164241e-06 -0.00052356711875420716 0.00088172291678407025 -1.7300357148520469e-06 -0.00040871232652160173 0.00065306539826326794 -0.00021272429179275762 0.00014792465696647174 -0.00015400645879367405 0 -5.2374343624371136e-08 0 0.00039548883172260089 0.0002567915230267747 -6.1601022403208258e-06 -6.7145531818676162e-06 -0.00018491503735930658 0.00012245101669419172 0.00042370727223771675 0 5.0616545086660278e-06 -3.534594208000102e-05 0 -2.9761785157201562e-05 0.00016246021304167307 -7.7714827300130103e-05 -2.5489887970375072e-05 0.00020785037756395795 -4.5857271279716388e-05 -1.2233141293921668e-05 0
leaf_weight=2034 55 60 637 50 50 57 67 87 5527 3735 920 98 88 91 147 88 108 57 64 3658 2002 312 314 69 123 814 112 78 234 112
leaf_count=2034 55 60 637 50 50 57 67 87 5527 3735 920 98 88 91 147 88 108 57 64 3658 2002 312 314 69 123 814 112 78 234 112
internal_value=0 0.000167805 -8.56992e-07 -3.91687e-05 1.57848e-07 0.000147855 -3.65144e-07 -1.77976e-05 1.33484e-06 1.34228e-05 4.21696e-05 0.000154053 3.08865e-06 9.60429e-05 1.89075e-05 -2.84991e-06 6.35658e-06 6.20625e-05 0.00020715 -1.09313e-05 -3.07735e-05 -2.38242e-05 2.18441e-06 4.16108e-05 0 2.70442e-06 9.97271e-06 7.78239e-05 1.20344e-05 6.04092e-05
internal_weight=21848 115 21733 687 21046 107 20939 2121 18818 5146 1232 312 3914 179 214 13672 6102 575 121 7570 2785 2697 695 381 4785 4662 3848 190 454 220
internal_count=21848 115 21733 687 21046 107 20939 2121 18818 5146 1232 312 3914 179 214 13672 6102 575 121 7570 2785 2697 695 381 4785 4662 3848 190 454 220
is_linear=0
shrinkage=0.05


Tree=169
num_leaves=31
num_cat=0
split_feature=2 69 121 19 12 61 118 66 0 103 30 119 82 131 59 112 132 32 133 138 83 29 141 115 118 0 126 88 76 131
split_gain=0.0011559 0.0242407 0.000398078 0.00504395 0.000585383 0.00367039 0.000974004 0.00315754 0.00217813 0.000683242 0.00116177 0.000479826 0.000329823 0.000624175 0.00039338 0.000853612 0.000673457 0.000644306 0.000831411 0.00107465 0.000774041 0.00118264 0.000718057 0.000317112 0.000765033 0.000646967 0.000811584 0.000540891 0.000933519 0.000527313
threshold=0.048280649000000009 272.33811725000004 2.0500000000000003 0.00067285714285715028 0.071302525500000005 65.15000000000002 32.95000000000001 14.925000000000002 0.41135000000000005 1075.7500000000002 -2.1671428571428568 7.2500000000000009 32.646000000000008 96.419912394023555 12.3695 270.82600185000007 4.5000000000000009 12.850000000000003 21.260000000000002 4.6950000000000012 18.750000000000004 32.650000000000013 33.955000000000005 17.450000000000003 8.5500000000000025 0.074950000000000003 22.500000000000004 28.537500000000005 6.8500000000000014 65.285309445892523
decision_type=2 2 10 2 2 2 10 2 2 2 2 8 2 2 2 10 2 2 2 2 2 2 2 10 10 2 2 2 2 2
left_child=2 -2 4 -4 12 -6 8 -8 9 10 -7 -11 14 -14 23 -16 17 -17 -19 22 21 -21 -20 27 -25 -26 -27 28 -1 -29
right_child=1 -3 3 -5 5 6 7 -9 -10 11 -12 -13 13 -15 15 16 -18 18 19 20 -22 -23 -24 24 25 26 -28 29 -30 -31
leaf_value=2.4390720335190048e-06 0.0010056190852443323 -0.00042464534954695298 -1.7288198221572221e-05 0.00051391846192749586 -0.00039843751827160865 0 -5.6808789670053796e-05 0.00043103888472507935 -0.00025671488962113171 -3.806956240016232e-05 -0.00024299612512594998 1.4783782747261968e-05 -7.2471602621080659e-05 0 -7.7650473179651904e-06 0 0 0 3.3373787177968588e-05 0.0002638484490918927 0 0 0.00045417051634944562 0.000216896161549606 0 0.00025443514813575308 0 -3.9653636791908884e-05 0.00021445759191542407 -1.1671341058976306e-06
leaf_weight=10820 50 65 252 50 64 70 56 50 95 613 80 1416 431 616 702 76 223 75 50 99 213 51 52 52 1121 58 50 1613 52 2633
leaf_count=10820 50 65 252 50 64 70 56 50 95 613 80 1416 431 616 702 76 223 75 50 99 213 51 52 52 1121 58 50 1613 52 2633
internal_value=0 0.000157414 -8.41265e-07 5.55641e-05 -1.87197e-06 -2.49758e-05 -1.26701e-05 0.000128457 -2.14999e-05 -8.83837e-06 -0.000111534 0 8.39786e-07 -2.60006e-05 2.68628e-06 2.68628e-05 6.17634e-05 8.90068e-05 0.000109602 0.00013567 7.54091e-05 0.000162859 0.000298768 1.08056e-07 2.42495e-05 1.18637e-05 0.000128168 -1.60829e-06 3.93263e-06 -1.69709e-05
internal_weight=21848 115 21733 302 21431 2444 2380 106 2274 2179 150 2029 18987 1047 17940 1541 839 616 540 465 363 150 102 16399 1281 1229 108 15118 10872 4246
internal_count=21848 115 21733 302 21431 2444 2380 106 2274 2179 150 2029 18987 1047 17940 1541 839 616 540 465 363 150 102 16399 1281 1229 108 15118 10872 4246
is_linear=0
shrinkage=0.05


Tree=170
num_leaves=31
num_cat=0
split_feature=97 19 67 15 100 18 92 75 75 13 111 23 103 105 77 105 131 120 23 123 81 30 89 88 25 133 135 104 133 133
split_gain=0.00062989 0.00105442 0.0189579 0.000663245 0.000510043 0.00302218 0.000528151 0.000515419 0.00031871 0.00125094 0.000365015 0.000709471 0.0117252 0.000766075 0.000707469 0.000524427 0.000702153 0.000386697 0.00121456 0.00137675 0.00193204 0.00147733 0.000387872 0.000581275 0.000375397 0.000415581 0.000669278 0.000352576 0.00259631 0.000716749
threshold=11.950000000000003 0.018424285714285716 10.550000000000002 0.00066354166666666677 7.3000000000000123 0.034729166666666679 1.0000000180025095e-35 16.350000000000005 5.3500000000000005 0.0040352463333333342 12.550000000000002 29.352777777777785 1313.2 52.500000000000007 291.74589700000007 12.500000000000002 59.559058661895982 269.54671290000005 23.235416666666669 0.25881904510252091 43.250000000000007 -1.8471428571428581 40.45000000000001 40.312500000000007 23.500000000000004 10.345000000000001 25.66 20.950000000000006 88.200000000000003 87.815000000000012
decision_type=2 2 2 2 2 2 2 2 2 2 10 2 2 2 2 2 2 10 2 2 2 2 2 2 2 2 2 2 2 2
left_child=1 4 -3 -2 8 6 7 -6 9 -1 11 14 -13 -14 27 16 -12 18 19 20 21 -17 -20 24 25 -24 -27 29 -29 -10
right_child=3 2 -4 -5 5 -7 -8 -9 10 -11 15 12 13 -15 -16 17 -18 -19 22 -21 -22 -23 23 -25 -26 26 -28 28 -30 -31
leaf_value=-8.8420908798877702e-06 0 -0.00038497659268849082 0.00088606768673344055 -0.00022878639674848772 0 -0.00041242623654677753 -4.0782568889689612e-05 0.00016930285808221149 1.4367942006809824e-06 -0.0002464902845519343 -9.7996204881796887e-05 0.00077677207574215225 -0.00022504446890511022 0 0.00016037214879082362 0 -5.3137724889149303e-06 -1.5954782815478049e-05 -2.6413711512509812e-05 0 0 0.00041852598359789481 0 0 0 0 0.00024475084299026799 9.0285269958246584e-06 0.00029312755352716634 -0.00012001079239647569
leaf_weight=2089 83 61 51 61 71 51 379 68 9858 59 348 50 50 149 74 54 824 2175 977 257 64 87 68 1143 85 55 89 2321 85 122
leaf_count=2089 83 61 51 61 71 51 379 68 9858 59 348 50 50 149 74 54 824 2175 977 257 64 87 68 1143 85 55 89 2321 85 122
internal_value=-7.53558e-07 0 0.000152274 -0.000104623 -8.56525e-07 -4.75798e-05 -1.29928e-06 7.01647e-05 1.6952e-07 -1.7808e-05 2.47378e-06 7.52671e-06 9.22374e-05 -5.77801e-05 5.42534e-06 -7.03725e-06 -3.71565e-05 0 1.19726e-05 8.63107e-05 0.000182898 0.000287303 -1.98792e-07 1.41235e-05 7.64266e-05 0.000112152 0.000160131 4.08309e-06 2.12602e-05 0
internal_weight=21908 21764 112 144 21652 569 518 139 21083 2148 18935 12709 249 199 12460 6226 1172 5054 2879 462 205 141 2417 1440 297 212 144 12386 2406 9980
internal_count=21908 21764 112 144 21652 569 518 139 21083 2148 18935 12709 249 199 12460 6226 1172 5054 2879 462 205 141 2417 1440 297 212 144 12386 2406 9980
is_linear=0
shrinkage=0.05


Tree=171
num_leaves=31
num_cat=0
split_feature=126 81 126 14 2 0 21 98 7 11 98 141 106 19 59 99 120 91 14 133 14 105 12 6 91 38 29 2 84 30
split_gain=0.00111143 0.00366887 0.000945847 0.0344978 0.00437872 0.00144873 0.00138044 0.000837607 0.00146128 0.00106614 0.000274244 0.000612029 0.00195596 0.000229674 0.000217051 0.000197159 0.000169529 0.000784699 0.000843086 0.00112161 0.00119007 0.00184803 0.00188819 0.000696994 0.0037428 0.000442994 0.00117841 0.000425932 0.000373155 0.000673247
threshold=1.5000000000000002 33.750000000000007 11.500000000000002 0.063300284000000012 0.048280649000000009 0.41135000000000005 0.18750000000000003 -9.0999999999999943 0.089400000000000021 0.0035726223333333337 -11.649999999999997 33.755000000000003 24.850000000000005 0.0033142857142857123 7.8261000000000012 -3.8500000000000223 269.78787705000008 7.7500000000000009 0.020747941000000002 87.315000000000012 0.031557605000000009 28.500000000000004 0.037311620000000011 0.011394444444444445 19.450000000000003 0.25000000000000006 27.950000000000006 0.0019878035000000004 1.0000000180025095e-35 -3.1571428571428557
decision_type=2 2 2 2 2 2 2 2 2 2 2 2 2 2 2 2 10 2 2 2 2 2 2 2 2 2 2 2 2 2
left_child=1 -1 3 6 5 10 -2 8 -8 13 11 -4 -13 -9 -7 -12 25 -18 23 20 21 22 -20 27 -25 -17 -27 28 29 -19
right_child=2 -3 4 -5 -6 14 7 9 -10 -11 15 12 -14 -15 -16 16 17 18 19 -21 -22 -23 -24 24 -26 26 -28 -29 -30 -31
leaf_value=0 0.00020429806234552141 -0.00048431745418223306 0 0.0012797601164277661 -0.00032180501931732106 -0.0002660177130537242 0 -5.4074041953409614e-06 -0.00030462105987843742 0.00016564444366734792 -2.8355425105582777e-05 0 0.00036596616787340649 -0.00011900159181973793 0 1.7207651766390703e-06 -0.00020084088466459295 8.7857086963401144e-05 2.897199677986137e-05 0.00022564606377474978 -2.118076119339384e-05 0 0.00036161240455487954 4.3983868288871054e-06 -0.00036086116470106493 0.00025636740060292596 5.9532586495132567e-06 -5.8006407369676274e-05 -1.2282196984557997e-05 0
leaf_weight=96 71 50 297 53 106 58 129 1061 66 86 621 87 52 57 51 10857 51 271 152 71 853 504 92 208 89 63 375 406 3752 1223
leaf_count=96 71 50 297 53 106 58 129 1061 66 86 621 87 52 57 51 10857 51 271 152 71 853 504 92 208 89 63 375 406 3752 1223
internal_value=-7.39434e-07 -0.00013778 0 3.81662e-05 -2.67351e-06 -7.29052e-07 -4.03926e-06 -1.83223e-05 -0.000114375 0 1.55172e-08 3.93999e-05 0.000125597 -1.57683e-05 -0.000181722 -6.07842e-07 3.84887e-08 -5.4216e-06 -3.43167e-06 2.69904e-05 1.49241e-05 6.27461e-05 0.000175766 -1.28254e-05 -8.91216e-05 4.18998e-06 5.38632e-05 -7.91668e-06 -3.07687e-06 1.66894e-05
internal_weight=21908 146 21762 1523 20239 20133 1470 1399 195 1204 20024 436 139 1118 109 19588 18967 7672 7621 1672 1601 748 244 5949 297 11295 438 5652 5246 1494
internal_count=21908 146 21762 1523 20239 20133 1470 1399 195 1204 20024 436 139 1118 109 19588 18967 7672 7621 1672 1601 748 244 5949 297 11295 438 5652 5246 1494
is_linear=0
shrinkage=0.05


Tree=172
num_leaves=31
num_cat=0
split_feature=126 73 2 93 91 91 90 82 0 128 15 22 51 92 115 136 0 89 50 141 138 129 120 22 138 98 36 137 26 31
split_gain=0.000982617 0.00315052 0.000945379 0.0163664 0.000271845 0.000959652 0.00543847 0.000796236 0.00070745 0.000513009 0.00110784 0.000976955 0.00108068 0.000298508 0.000266187 0.000715614 0.0013011 0.000252899 0.000897401 0.00171935 0.00210443 0.000522022 0.000975785 0.000703718 0.000812707 0.00151678 0.00167582 0.00062494 0.00117725 0.000437091
threshold=1.5000000000000002 31.950000000000003 0.048280649000000009 265.52433770000005 30.050000000000004 29.450000000000003 27.809183673469395 13.266000000000002 0.41135000000000005 9.6940619704490469 6.3541666666666675e-05 4.5000000000000009 16.500000000000004 9.5500000000000025 19.250000000000004 1.0650000000000002 0.017000000000000005 32.150000000000013 1006.0500000000001 38.660000000000004 13.875000000000002 6.5000000000000009 275.47657900000007 4.5000000000000009 5.9850000000000003 -3.4999999999999991 267.39728305000006 0.03500000000000001 3.5000000000000004 17.050000000000004
decision_type=2 2 2 2 2 2 2 2 2 2 2 2 2 2 10 2 2 2 2 2 2 2 10 2 2 2 2 2 2 2
left_child=1 -1 4 -4 5 8 -7 -6 14 11 13 12 -9 -11 17 -16 -17 18 19 20 -2 23 -23 24 25 26 -19 28 -24 -27
right_child=2 -3 3 -5 7 6 -8 9 -10 10 -12 -13 -14 -15 15 16 -18 21 -20 -21 -22 22 27 -25 -26 29 -28 -29 -30 -31
leaf_value=0 -1.9760055815533124e-05 -0.000450341593260579 -0.00033580747029191119 0.00084081204764444538 -0.00022338921121480977 0.00054548789076411947 -8.5644927199205592e-05 0 -0.00014250781661737176 0.00024374615068482541 -7.777780248654608e-06 -1.0839861267976668e-06 -0.00034151394399602647 0 0 0 0.00027567688327593111 0.00045812782977278679 2.711365319660848e-07 0.0002772939740290979 0.00028527871766527825 -6.8411964346731415e-06 -0.00030072054762533064 -9.2428462601380074e-06 0 -0.0001003877714381316 2.5130792786962392e-05 -3.0639784195296667e-05 0 4.7890205660993305e-05
leaf_weight=96 360 50 63 50 50 51 71 59 86 60 487 419 54 50 732 109 74 53 11018 85 63 1753 91 4274 815 50 88 350 88 259
leaf_count=96 360 50 63 50 50 51 71 59 86 60 487 419 54 50 732 109 74 53 11018 85 63 1753 91 4274 815 50 88 350 88 259
internal_value=-6.87037e-07 -0.000129544 0 0.00014377 -5.72709e-07 5.34681e-07 0.000139829 -2.40209e-05 -6.15986e-08 -1.05768e-05 1.51797e-05 -4.88353e-05 -0.000180473 0.000161018 3.03248e-07 2.68027e-05 0.000115323 -6.92919e-07 3.72685e-06 6.87068e-05 1.44445e-05 -7.84531e-06 -2.79735e-05 0 3.31839e-05 8.71557e-05 0.00022518 -8.84229e-05 -0.000172831 7.52154e-06
internal_weight=21908 146 21762 113 21649 20470 122 1179 20348 1129 597 532 113 110 20262 915 183 19347 11526 508 423 7821 2282 5539 1265 450 141 529 179 309
internal_count=21908 146 21762 113 21649 20470 122 1179 20348 1129 597 532 113 110 20262 915 183 19347 11526 508 423 7821 2282 5539 1265 450 141 529 179 309
is_linear=0
shrinkage=0.05


Tree=173
num_leaves=31
num_cat=0
split_feature=126 81 126 14 2 1 14 6 141 47 1 45 98 6 32 59 99 26 3 30 2 43 132 85 99 103 24 44 49 103
split_gain=0.000869639 0.00312844 0.000868929 0.0308293 0.00413931 0.00125438 0.000861777 0.00239441 0.0020241 0.000730348 0.00031874 0.000434992 0.000243738 0.000565153 0.000822398 0.000196937 0.000179053 0.000173881 0.000193715 0.000168533 0.000321977 0.000436407 0.000676536 0.00101603 0.00023234 0.000190584 0.000180117 0.000369669 0.000831121 0.000685841
threshold=1.5000000000000002 33.750000000000007 11.500000000000002 0.063300284000000012 0.048280649000000009 0.61966513750000007 0.017110612000000004 0.0071097222222222239 37.595000000000006 14.500000000000002 0.044182115500000008 34.500000000000007 -12.249999999999996 0.0044520833333333339 11.750000000000002 7.8261000000000012 -3.8500000000000223 3.5000000000000004 1.0000000180025095e-35 -3.4242857142857139 8.5250000000000026e-05 0.31750000000000006 5.5000000000000009 271.70023390000006 4.4500000000000464 1971.45 34.45000000000001 1362.5000000000002 984.6500000000002 2424.5500000000006
decision_type=2 2 2 2 2 2 2 2 2 2 2 2 2 2 2 2 2 2 2 2 2 2 2 2 2 2 2 2 2 2
left_child=1 -1 3 6 5 12 7 17 -9 10 -8 -12 13 14 -4 -7 -14 18 -2 20 -18 -22 23 -23 26 -26 27 -21 29 -29
right_child=2 -3 4 -5 -6 15 9 8 -10 -11 11 -13 16 -15 -16 -17 19 -19 -20 24 21 22 -24 -25 25 -27 -28 28 -30 -31
leaf_value=0 0 -0.000442915936381563 0 0.0012102592420436579 -0.0003128740439535811 -0.0002483132443592047 -2.8132893962176709e-05 0.00035308559141572753 0 0 0 -0.00030021312193518197 -2.6960383431759568e-05 -2.7313500058659049e-06 0.00022420423989567584 0 0 1.1829996683878736e-05 -4.8733126035261569e-05 0 0 0.00019513221402626694 0 0 -0.00011135823676092764 0 -2.4167636058977011e-06 0.00020167725487750434 -6.9749852583135568e-07 0
leaf_weight=96 160 50 125 53 106 58 158 90 55 177 50 59 622 163 80 51 1883 335 386 1120 231 170 137 161 87 149 14791 124 121 60
leaf_count=96 160 50 125 53 106 58 158 90 55 177 50 59 622 163 80 51 1883 335 386 1120 231 170 137 161 87 149 14791 124 121 60
internal_value=-6.65881e-07 -0.000121885 0 3.65574e-05 -2.5882e-06 -6.90756e-07 -3.15468e-06 1.83487e-05 0.000207474 -6.40105e-05 -0.000116689 -0.000198178 0 4.04586e-05 9.89183e-05 -0.000169104 -5.20705e-07 -7.30968e-06 -2.81938e-05 8.1997e-08 1.21882e-05 4.12077e-05 6.97188e-05 0.000109366 -1.5147e-06 -5.09322e-05 -4.84087e-07 1.60577e-05 6.49753e-05 0.00013496
internal_weight=21908 146 21762 1523 20239 20133 1470 1026 145 444 267 109 20024 368 205 109 19656 881 546 19034 2582 699 468 331 16452 236 16216 1425 305 184
internal_count=21908 146 21762 1523 20239 20133 1470 1026 145 444 267 109 20024 368 205 109 19656 881 546 19034 2582 699 468 331 16452 236 16216 1425 305 184
is_linear=0
shrinkage=0.05


Tree=174
num_leaves=31
num_cat=0
split_feature=126 81 2 67 91 91 90 82 0 85 14 25 96 22 22 115 29 16 77 93 121 135 81 85 0 116 35 138 69 74
split_gain=0.000764937 0.00285034 0.000968444 0.01663 0.000278035 0.000822898 0.00480161 0.00080988 0.000583704 0.0004072 0.000449304 0.000799769 0.000500353 0.000809849 0.000418526 0.000241893 0.000549553 0.000220798 0.00123479 0.000964547 0.000752692 0.000303567 0.000280097 0.000322558 0.000211283 0.000486571 0.000184837 0.000786343 0.000246818 0.000501295
threshold=1.5000000000000002 33.750000000000007 0.048280649000000009 10.550000000000002 30.050000000000004 29.450000000000003 27.809183673469395 13.266000000000002 0.41135000000000005 270.88183495000004 0.024408868000000004 26.500000000000004 48.212500000000013 4.5000000000000009 8.5000000000000018 19.250000000000004 24.050000000000004 7.5050000000000008 264.41166475000006 263.41746385000005 0.8500000000000002 75.985000000000014 41.750000000000007 264.80492435000002 0.00175 270.67267450000003 294.74334735000008 3.8450000000000002 285.72899805000003 36.192857142857157
decision_type=2 2 2 2 2 2 2 2 2 2 2 2 2 2 2 10 2 2 2 2 8 2 2 2 2 10 2 2 2 2
left_child=1 -1 4 -4 5 8 -7 -6 15 14 12 -12 -11 -14 -9 17 -17 26 -19 -20 21 22 23 -21 -25 -26 28 -28 29 -2
right_child=2 -3 3 -5 7 6 -8 9 -10 10 11 -13 13 -15 -16 16 -18 18 19 20 -22 -23 -24 24 25 -27 27 -29 -30 -31
leaf_value=0 5.5010816972314191e-07 -0.00042120437496444486 -0.00035720090614631777 0.00082503012883809691 -0.00022545850683444786 0.00051171412181877092 -7.897488396944634e-05 -0.00012805084642124388 -0.00012947056141257788 5.9933814751439337e-06 0 0.00017637722537881603 -0.00021269648210727615 0 0 0.0001689045699138443 8.2923882040735381e-06 -0.00026051873698822923 0.00019433352722564518 0 1.940844230837772e-05 0 0 0 -2.5445455855345197e-06 -0.00026465121087147222 0.00021622591696471391 0 -1.594745927467019e-05 7.961939360122362e-05
leaf_weight=96 15335 50 61 52 50 51 71 133 86 286 286 88 79 190 67 66 849 52 52 67 493 220 113 89 76 87 51 307 2200 205
leaf_count=96 15335 50 61 52 50 51 71 133 86 286 286 88 79 190 67 66 849 52 52 67 493 220 113 89 76 87 51 307 2200 205
internal_value=-6.71784e-07 -0.000114352 0 0.00014544 -6.69215e-07 4.52537e-07 0.000129455 -2.43664e-05 -8.15307e-08 -1.08442e-05 0 4.52923e-05 -2.52323e-05 -7.68491e-05 -7.5669e-05 2.27255e-07 2.55078e-05 -7.11198e-07 -2.11383e-05 -6.35677e-06 -1.99957e-05 -5.74316e-05 -8.2018e-05 -0.000106257 -0.000132167 -0.00017369 4.23374e-07 3.60026e-05 -1.47852e-08 1.91996e-06
internal_weight=21908 146 21762 113 21649 20470 122 1179 20348 1129 929 374 555 269 200 20262 915 19347 1249 1197 1145 652 432 319 252 163 18098 358 17740 15540
internal_count=21908 146 21762 113 21649 20470 122 1179 20348 1129 929 374 555 269 200 20262 915 19347 1249 1197 1145 652 432 319 252 163 18098 358 17740 15540
is_linear=0
shrinkage=0.05


Tree=175
num_leaves=31
num_cat=0
split_feature=11 83 119 103 120 134 11 11 80 131 21 43 142 122 43 131 1 91 97 31 50 106 134 49 91 30 43 4 13 25
split_gain=0.0006345 0.00231309 0.003218 0.00257966 0.000999917 0.0237549 0.00770281 0.000633748 0.000894296 0.00147117 0.00238709 0.00299675 0.000389897 0.000329237 0.000311663 0.000281848 0.000251532 0.000216516 0.000176418 0.000272827 0.00122023 0.000251748 0.0002313 0.000703594 0.000341605 0.000207462 0.000185614 0.000494538 0.000451928 0.000182482
threshold=0.0064838019652777796 18.650000000000002 8.7500000000000018 1166.7500000000002 284.74030595000005 2.9900000000000007 0.0063192529166666679 0.0054437020069444458 19.962500000000006 89.619308398579207 0.49305555555555564 0.36050000000000004 193.38585785282802 1.5000000000000002 0.29250000000000004 34.433106106616698 0.0024507410000000006 20.450000000000003 4.8000000000000034 33.850000000000001 1012.9500000000002 25.350000000000005 3.8550000000000004 981.45000000000016 12.65 0.40142857142857297 0.33150000000000007 0.001735072 0.0012156346736111113 19.500000000000004
decision_type=2 2 10 2 10 2 2 2 2 2 2 2 2 2 2 2 2 2 2 2 2 2 2 2 2 2 2 2 2 2
left_child=4 2 12 -3 6 -6 18 8 15 10 11 -10 -2 -11 -5 -7 -12 -17 19 22 26 -20 23 24 -1 -26 -21 -28 -29 -23
right_child=1 3 -4 14 5 7 -8 -9 9 13 16 -13 -14 -15 -16 17 -18 -19 21 20 -22 29 -24 -25 25 -27 27 28 -30 -31
leaf_value=1.6373614653444729e-05 0 0.00036051198822149844 -0.00051559635716750141 3.9027861541937988e-05 0.0010787014300781765 -0.00011363798069054044 -0.00044540177544873517 -0.00014776663507926437 0 9.515676673154171e-05 -2.0338139635984383e-05 0.00047368989348924094 -0.0001201046535949667 -2.071814726717436e-05 -7.8583736239801143e-05 0 7.0677364252736847e-05 -7.6373126237380502e-05 9.827234704976644e-07 -1.2860588764513924e-05 0.00021629734149831203 -4.9851161052000818e-05 3.6012987223888282e-07 -0.00018396460751639955 -6.8534284068240818e-05 0 0 0.00017506537543050691 0 0
leaf_weight=451 165 54 51 53 52 76 97 62 62 68 123 85 128 461 116 881 115 95 616 435 78 614 15332 67 275 177 402 90 139 340
leaf_count=451 165 54 51 53 52 76 97 62 62 68 123 85 128 461 116 881 115 95 616 435 78 614 15332 67 275 177 402 90 139 340
internal_value=-9.86653e-07 -5.31867e-05 -0.00013899 5.68811e-05 1.76441e-07 3.33065e-05 -3.16895e-06 3.51883e-06 1.09044e-05 4.86005e-05 0.000122993 0.000282424 -5.48993e-05 0 -1.22753e-05 -1.71134e-05 2.83115e-06 -4.37085e-06 -6.26913e-07 5.42798e-07 2.43028e-05 -1.67996e-05 -8.19265e-07 -2.45915e-05 -7.04509e-06 -4.14341e-05 5.37881e-06 2.58646e-05 8.49332e-05 -3.35063e-05
internal_weight=21760 567 344 223 21193 2080 19113 2028 1966 914 385 147 293 529 169 1052 238 976 19016 17446 1144 1570 16302 970 903 452 1066 631 229 954
internal_count=21760 567 344 223 21193 2080 19113 2028 1966 914 385 147 293 529 169 1052 238 976 19016 17446 1144 1570 16302 970 903 452 1066 631 229 954
is_linear=0
shrinkage=0.05


Tree=176
num_leaves=31
num_cat=0
split_feature=11 83 119 111 120 2 2 2 96 47 7 142 110 49 142 30 9 43 1 123 17 89 137 47 137 96 87 24 50 120
split_gain=0.000574483 0.00211961 0.00288266 0.00235018 0.000896263 0.0232126 0.00695958 0.000646142 0.000616026 0.000867649 0.000809785 0.000757282 0.0013666 0.00261827 0.000350829 0.000273126 0.000562866 0.000283204 0.000265351 0.000210725 0.000187012 0.000176405 0.000487748 0.000507099 0.000285459 0.00057821 0.000536292 0.000497497 0.00094398 0.00197808
threshold=0.0064838019652777796 18.650000000000002 8.7500000000000018 12.450000000000001 284.74030595000005 0.0099073270000000022 0.048280649000000009 0.0047217085000000004 34.612500000000004 1.0000000180025095e-35 0.10030000000000001 653.80315475003079 15.350000000000003 968.05000000000007 193.38585785282802 -1.915714285714285 0.89083333333333348 0.33450000000000008 0.00095337500000000012 -0.60355339059327362 0.15895000000000001 51.550000000000004 1.7650000000000003 97.500000000000014 1.5750000000000004 47.437500000000007 5.5000000000000009 53.20000000000001 1000.1500000000002 269.72470170000003
decision_type=2 2 10 10 10 2 2 2 2 2 2 2 10 2 2 2 2 2 2 2 2 2 2 2 2 2 2 2 2 10
left_child=4 2 14 -3 6 7 21 8 11 10 -10 20 18 -14 -2 16 -11 -17 -13 -5 -6 24 -23 -24 -1 27 -27 28 29 -26
right_child=1 3 -4 19 5 -7 -8 -9 9 15 -12 12 13 -15 -16 17 -18 -19 -20 -21 -22 22 23 -25 25 26 -28 -29 -30 -31
leaf_value=-3.9740270739534464e-06 0 0.00035070656504996022 -0.00049031230007620674 2.2565696773589088e-05 -1.2007868219193072e-05 0.0010749747798302696 -0.00042335893216659324 0.00016066553621053501 -3.9357099490641653e-05 0 -0.00031787540567879038 -1.8549049932170935e-05 0 0.00048773061166809619 -0.00011414597250822148 -0.00012777314818366922 0.00019441060241101346 0 9.0664981444579969e-05 -6.6075049378566144e-05 7.5883387531543956e-05 0 0 -0.0002158163244028055 0.00022122392408882184 0.00023018591741078882 0 -1.0126475610127778e-05 7.4600667310471743e-06 0
leaf_weight=12570 165 52 51 55 1021 51 97 62 190 56 50 183 61 50 128 50 51 127 72 116 56 431 74 62 170 57 51 2341 3021 239
leaf_count=12570 165 52 51 55 1021 51 97 62 190 56 50 183 61 50 128 50 51 127 72 116 56 431 74 62 170 57 51 2341 3021 239
internal_value=-9.41065e-07 -5.0612e-05 -0.000132951 5.41087e-05 1.54248e-07 3.15322e-05 -3.00038e-06 2.32501e-06 -2.04353e-07 -4.89033e-05 -0.000119207 1.40388e-05 7.68903e-05 0.000223332 -5.22848e-05 0 7.18924e-05 -2.64592e-05 0 -8.52966e-06 -2.73348e-06 -5.71076e-07 -2.80597e-05 -0.000110294 4.2154e-09 9.35974e-06 0.000126071 6.28786e-06 1.89478e-05 9.13791e-05
internal_weight=21760 567 344 223 21193 2080 19113 2029 1967 524 240 1443 366 111 293 284 107 177 255 171 1077 19016 567 136 18449 5879 108 5771 3430 409
internal_count=21760 567 344 223 21193 2080 19113 2029 1967 524 240 1443 366 111 293 284 107 177 255 171 1077 19016 567 136 18449 5879 108 5771 3430 409
is_linear=0
shrinkage=0.05


Tree=177
num_leaves=31
num_cat=0
split_feature=99 128 2 83 107 17 92 126 43 43 90 123 134 23 121 12 82 73 2 15 131 73 43 116 83 21 76 16 92 128
split_gain=0.00052331 0.00946256 0.00181766 0.00297859 0.00227389 0.000317187 0.00427977 0.00219914 0.000316261 0.000300806 0.000254152 0.000211397 0.000433243 0.000425419 0.00038576 0.00064242 0.000280892 0.000451162 0.00164288 0.00305912 0.000347729 0.000329743 0.000462158 0.000297221 0.00124139 0.000327401 0.000240977 0.00077088 0.00122716 0.000606857
threshold=4.4500000000000464 9.1920742312629109 0.026435467500000004 17.250000000000004 10.550000000000002 0.25215000000000004 0.15000000000000005 19.500000000000004 0.40150000000000008 0.28350000000000003 21.945918367346945 0.60355339059327384 3.8550000000000004 22.489583333333336 0.35000000000000003 0.023435599000000005 32.646000000000008 39.050000000000004 0.0011899785000000003 0.00050000000000000012 87.498255890197527 39.750000000000007 0.36950000000000005 266.8941885000001 13.65 0.29861111111111122 3.7500000000000004 0.24500000000000002 13.550000000000002 9.6543528891822543
decision_type=2 2 2 2 2 2 2 2 2 2 2 2 2 2 10 2 2 2 2 2 2 2 2 8 2 2 2 2 2 2
left_child=2 -2 5 4 -4 11 -7 -8 -3 -9 -11 16 13 -13 -14 -16 17 23 21 -20 -18 22 -19 24 -1 -26 -25 28 29 -28
right_child=1 8 3 -5 -6 6 7 9 -10 10 -12 12 14 -15 15 -17 20 18 19 -21 -22 -23 -24 26 25 -27 27 -29 -30 -31
leaf_value=0.00026312117338213222 0.0006928824020645812 -8.8430106037289144e-05 -0.00015839160606695012 -0.00038858582836292046 0.00026110578194835831 -0.00034454547739541777 0.00033371611632972815 4.64303981489944e-05 0 0 -0.00012504921862637274 -0.00015358344976229267 0 -6.6604248552442198e-06 0 -0.00014305588236652512 -7.0760791206794248e-05 0 0.00050357282568046907 0 0 -1.8611998378144696e-06 0.00018885543149605967 3.2569204487801793e-06 9.3427323174298776e-05 -3.9380521358586569e-06 -0.00035359356810139229 0 0 -5.2758953661395894e-06
leaf_weight=56 50 152 87 79 50 94 50 78 117 150 79 101 5475 271 139 127 266 55 51 62 447 561 55 11747 93 424 55 623 107 59
leaf_count=56 50 152 87 79 50 94 50 78 117 150 79 101 5475 271 139 127 266 55 51 62 447 561 55 11747 93 424 55 623 107 59
internal_value=-8.99258e-07 6.2093e-05 -2.0725e-06 -0.000146124 0 -3.64157e-07 -4.19102e-05 2.45486e-05 -3.87675e-05 -1.04907e-05 -5.17353e-05 2.99101e-07 -7.23959e-06 -6.02604e-05 -2.92332e-06 -6.16098e-05 3.7837e-06 5.64543e-06 4.29922e-05 0.000220419 -2.55902e-05 5.3886e-06 8.70913e-05 3.0383e-06 3.85129e-05 4.07046e-06 1.02389e-06 -2.41059e-05 -0.000104369 -0.000218416
internal_weight=21760 319 21441 216 137 21225 451 357 269 307 229 20774 6113 372 5741 266 14661 13948 784 113 713 671 110 13164 573 517 12591 844 221 114
internal_count=21760 319 21441 216 137 21225 451 357 269 307 229 20774 6113 372 5741 266 14661 13948 784 113 713 671 110 13164 573 517 12591 844 221 114
is_linear=0
shrinkage=0.05


Tree=178
num_leaves=31
num_cat=0
split_feature=2 82 11 83 119 75 142 104 75 139 98 138 90 136 67 14 85 46 90 100 140 6 105 135 80 84 90 18 36 111
split_gain=0.000528069 0.0188674 0.000431974 0.00195547 0.00267198 0.00212522 0.00028977 0.000241609 0.000147683 0.00139291 0.00017266 0.000598705 0.00107241 0.00206929 0.00260975 0.000457678 0.000393461 0.000521812 0.000383673 0.000821032 0.000405081 0.000330261 0.000228015 0.000331458 0.00217056 0.00108948 0.000547422 0.00175408 0.0005625 0.000398114
threshold=0.048280649000000009 21.486000000000008 0.0064838019652777796 18.650000000000002 8.7500000000000018 14.450000000000001 131.34391709237141 14.450000000000005 3.4500000000000006 91.048068522959113 -4.2999999999999972 4.8150000000000004 20.633673469387762 1.0100000000000002 11.450000000000001 0.016527993000000001 273.31557335000008 83.500000000000014 20.843877551020412 6.400000000000035 17.960000000000004 0.0017118055555555558 15.500000000000002 4.9500000000000011 36.51250000000001 3.0500000000000012 10.046049896049896 0.0017625 266.81099135000005 11.15
decision_type=2 2 2 2 10 2 2 2 2 2 2 2 2 2 2 2 2 2 2 2 2 2 2 2 2 2 2 2 2 10
left_child=2 -2 8 4 6 -5 -4 -8 9 -1 11 12 -10 15 -15 16 17 21 -13 -20 -21 -14 -12 24 25 26 -24 -28 -29 -27
right_child=1 -3 3 5 -6 -7 7 -9 10 -11 22 18 13 14 -16 -17 -18 -19 19 20 -22 -23 23 -25 -26 29 27 28 -30 -31
leaf_value=0 0.00078026661815848854 -0.00053049846445598335 0 0.00033988708299427978 -0.00046794487770127427 -1.1697388438107848e-06 0 -0.00013326029118219265 0 -0.00023976719562081449 -1.0486670752250835e-05 9.1911365279641852e-06 3.974768844249594e-06 0 0.00052275005520450101 0 0 0 -7.0116815891032874e-06 0 -0.00023273210203857985 0.00029049108109230196 -1.4114099888169885e-05 -8.7213476165318786e-09 0.00030879333960001534 -0.00020637246744666739 0 2.0485115468933349e-05 0.00036549137107104511 0
leaf_weight=535 55 50 113 51 51 172 71 109 1030 66 5429 1846 62 53 56 315 70 75 1056 56 70 57 166 9595 65 68 242 60 58 58
leaf_count=535 55 50 113 51 51 172 71 109 1030 66 5429 1846 62 53 56 315 70 75 1056 56 70 57 166 9595 65 68 242 60 58 58
internal_value=-8.73507e-07 0.000109807 -1.6461e-06 -4.47473e-05 -0.000124314 5.56775e-05 -4.61057e-05 -8.63435e-05 -2.48065e-07 -2.47726e-05 2.28507e-07 8.79697e-06 3.26717e-05 8.09589e-05 0.000286862 3.3148e-05 8.19916e-05 0.000119081 -3.10444e-06 -2.65252e-05 -0.000149354 0.000184157 -2.03771e-06 1.92621e-06 3.47475e-05 0 3.84793e-05 7.65531e-05 0.000233728 -0.000123703
internal_weight=21760 105 21655 567 344 223 293 180 21088 601 20487 4746 1718 688 109 579 264 194 3028 1182 126 119 15741 10312 717 652 526 360 118 126
internal_count=21760 105 21655 567 344 223 293 180 21088 601 20487 4746 1718 688 109 579 264 194 3028 1182 126 119 15741 10312 717 652 526 360 118 126
is_linear=0
shrinkage=0.05


Tree=179
num_leaves=31
num_cat=0
split_feature=99 4 11 34 43 142 99 50 89 85 49 22 91 112 82 131 90 104 3 22 138 86 136 98 86 76 155 89 155 50
split_gain=0.000470235 0.00182533 0.000470681 0.00657505 0.0114848 0.0039713 0.000835568 0.00071708 0.000176964 0.000274048 0.000296106 0.000552844 0.000201822 0.000695986 0.000181172 0.000656524 0.000367696 0.00110516 0.000392919 0.000277066 0.000217973 0.000810488 0.000990457 0.000531502 0.000468323 0.000414107 0.00059217 0.000455253 0.000418889 0.000921252
threshold=4.900000000000035 9.5050000000000013e-06 0.0063192529166666679 0.22457204636902053 0.33650000000000008 732.33955336923111 1.0999999999999661 1020.85 51.550000000000004 275.72461415000004 975.45000000000016 7.5000000000000009 33.550000000000004 278.00118210000011 33.14200000000001 91.929801993785844 28.531632653061227 5.2500000000000018 0.055938125500000012 6.5000000000000009 4.8150000000000004 13.500000000000002 0.50000000000000011 -12.749999999999998 8.5000000000000018 6.2500000000000018 0.50600000000000012 36.250000000000007 0.35741176470588248 1004.9500000000002
decision_type=2 2 2 2 2 2 2 2 2 2 2 2 2 10 2 2 2 2 2 2 2 2 2 2 2 2 2 2 2 2
left_child=2 -2 8 5 -5 6 -4 -8 12 10 -10 -12 14 -14 16 -16 20 18 -18 -20 21 23 -23 -1 -22 28 27 -27 -25 -30
right_child=1 -3 3 4 -6 -7 7 -9 9 -11 11 -13 13 -15 15 -17 17 -19 19 -21 24 22 -24 25 -26 26 -28 -29 29 -31
leaf_value=0.00012186293285340171 0.00033346566223603903 -2.3778161930050161e-05 0 -0.00010579392610791622 0.00086162491217335482 -0.00046702330955692258 0 -0.00028579595461689257 0 0 -0.00017411647027899149 0 0.00015001876772585094 0 -9.0806998907800739e-05 1.2604963391797783e-06 -7.6757645000093394e-07 0.00026023576743922745 0.00011045933851743927 0 -7.2603514732396208e-07 1.5235446732118843e-05 0.00029819868545362047 0 -3.3643529750512333e-05 -0.00025549011554209183 0 0 0.00016331621971318102 0
leaf_weight=91 50 51 347 58 50 74 75 64 180 240 106 102 99 138 251 435 589 52 145 50 10653 195 52 5756 1252 54 139 50 127 235
leaf_count=91 50 51 347 58 50 74 75 64 180 240 106 102 99 138 251 435 589 52 145 50 10653 195 52 5756 1252 54 139 50 127 235
internal_value=-8.45393e-07 0.000105591 -1.57742e-06 -4.28887e-05 0.000300009 -0.000118349 -5.41413e-05 -0.000158485 -2.25964e-08 -2.63394e-05 -5.36938e-05 -9.43819e-05 5.44742e-07 4.63182e-05 0 -2.52311e-05 8.95179e-07 3.339e-05 1.16624e-05 7.45298e-05 -2.97999e-07 6.61884e-06 9.59302e-05 2.41059e-06 -4.61032e-06 0 -6.31021e-05 -0.000152815 3.2262e-06 5.53205e-05
internal_weight=21760 101 21659 668 108 560 486 139 20991 628 388 208 20363 237 20126 686 19440 836 784 195 18604 6699 247 6452 11905 6361 243 104 6118 362
internal_count=21760 101 21659 668 108 560 486 139 20991 628 388 208 20363 237 20126 686 19440 836 784 195 18604 6699 247 6452 11905 6361 243 104 6118 362
is_linear=0
shrinkage=0.05


Tree=180
num_leaves=31
num_cat=0
split_feature=2 114 1 83 126 11 12 119 44 114 12 13 3 99 65 136 15 82 93 42 141 93 66 83 90 131 118 101 29 4
split_gain=0.00491346 0.0288095 0.00156353 0.00775735 0.000359903 0.00613879 0.00138987 0.00038801 0.000601369 0.000616591 0.000423366 0.000467621 0.000359495 0.000241911 0.000537162 0.000252386 0.00020896 0.000176993 0.000170308 0.00087391 0.00226475 0.000628822 0.000694164 0.000446352 0.000524283 0.000984868 0.00257314 0.000455346 0.00140748 0.000527744
threshold=0.048280649000000009 16.950000000000003 0.61966513750000007 20.150000000000002 10.500000000000002 0.0054437020069444458 0.081120783000000016 12.65 1282.5000000000002 14.850000000000003 0.018874784000000002 0.0014273235555555556 0.060440228500000005 4.3000000000000123 27.850000000000005 0.33500000000000008 0.00036875000000000005 16.442000000000004 265.24347685000004 1.0650000000000002 34.220000000000006 264.98910625000002 35.975000000000009 6.8500000000000005 13.730590062111807 24.049750999075389 9.0500000000000025 -8.552854899999998 28.600000000000005 0.0032419345000000003
decision_type=2 10 2 2 2 2 2 10 2 10 2 2 2 2 2 2 2 2 2 2 2 2 2 2 2 2 10 2 2 2
left_child=2 -2 4 -4 5 6 7 10 12 -10 -1 -12 -9 18 -15 -16 -14 -11 19 21 -21 23 -23 -6 25 26 -25 28 -26 -30
right_child=1 -3 3 -5 13 -7 -8 8 9 17 11 -13 16 14 15 -17 -18 -19 -20 20 -22 22 -24 24 27 -27 -28 -29 29 -31
leaf_value=-6.0156430244377685e-07 -0.00037888928512464713 0.0012233824748545884 -0.00010415261729732654 0.00066454109879594088 -0.00013877222129034134 -0.00044262336831433276 0.00025340935300461682 0 0 0 -0.0002112023635448635 0 0 -0.00013474536904375004 6.5390888307872527e-05 -3.6722589646980607e-05 -0.00016826381356133005 0.00022101456813352727 -1.2158983127676097e-06 0 0.0003899364964281968 2.5376672401177925e-05 0.00024553174668564648 0 0.00024183842224010732 8.6016295768131521e-06 0.00042894665848667435 -1.4665966321806336e-05 -2.5498124118155605e-05 9.3795078037071426e-05
leaf_weight=369 55 50 69 50 57 82 51 569 54 50 73 90 59 104 92 172 51 70 13705 183 53 497 50 76 69 936 53 3550 391 120
leaf_count=369 55 50 69 50 57 82 51 569 54 50 73 90 59 104 92 172 51 70 13705 183 53 497 50 76 69 936 53 3550 391 120
internal_value=1.68055e-06 0.000341271 0 0.000180008 -9.73507e-07 -2.45299e-05 0 -9.8849e-06 6.11266e-06 9.20934e-05 -4.48793e-05 -0.000114013 -8.67078e-06 5.57308e-07 -3.90784e-05 0 -9.25057e-05 0.000158132 1.55143e-06 8.66334e-06 0.000103704 3.9162e-06 5.5036e-05 -4.65591e-07 1.16059e-07 3.22695e-05 0.00016415 -6.97076e-06 3.14675e-05 0
internal_weight=21850 105 21745 119 21626 1518 1436 1385 853 174 532 163 679 20108 368 264 110 120 19740 6035 236 5799 547 5252 5195 1065 129 4130 580 511
internal_count=21850 105 21745 119 21626 1518 1436 1385 853 174 532 163 679 20108 368 264 110 120 19740 6035 236 5799 547 5252 5195 1065 129 4130 580 511
is_linear=0
shrinkage=0.05


Tree=181
num_leaves=31
num_cat=0
split_feature=2 114 0 69 126 11 12 1 23 1 24 99 65 136 101 29 30 49 131 112 82 131 137 137 49 53 82 84 10 63
split_gain=0.00438073 0.0261167 0.0013806 0.00782192 0.000330072 0.0055429 0.00125868 0.000363311 0.000244972 0.00069694 0.000330572 0.000219085 0.000485322 0.000227992 0.000196754 0.00029013 0.000244079 0.000167867 0.000458445 0.000403368 0.000380842 0.000388247 0.000382451 0.0009081 0.00418276 0.000465945 0.000446012 0.000758565 0.000544331 0.000435912
threshold=0.048280649000000009 16.950000000000003 0.41135000000000005 274.23776995000009 10.500000000000002 0.0054437020069444458 0.081120783000000016 0.12674304500000003 27.607638888888893 0.0029939965000000007 46.850000000000001 4.3000000000000123 27.850000000000005 0.33500000000000008 -2.0874545999999721 44.800000000000004 -1.5114285714285696 987.05000000000007 348.64816328761918 264.39428575000005 33.14200000000001 91.929801993785844 1.7650000000000003 2.2350000000000008 974.95000000000016 154.50000000000003 21.962000000000003 8.0500000000000025 40.520000000000003 17.171500000000005
decision_type=2 10 2 2 2 2 2 2 2 2 2 2 2 2 2 2 2 2 2 8 2 2 2 2 2 2 2 2 2 2
left_child=2 -2 4 -4 5 6 7 8 9 -1 -11 17 -13 -14 15 16 -12 18 20 -19 22 -22 25 24 -24 26 27 -6 -28 -27
right_child=1 -3 3 -5 11 -7 -8 -9 -10 10 14 12 13 -15 -16 -17 -18 19 -20 -21 21 -23 23 -25 -26 29 28 -29 -30 -31
leaf_value=-2.0412156036258015e-05 -0.00036028311281760192 0.0011634127503174229 0.00062804128445879384 -0.00014005126848739262 7.0940942685344494e-06 -0.00042075883667265263 0.00024098254523358684 -0.0001110123719878348 -7.668862278460795e-05 0 0 -0.00012807226667449695 6.215650080756399e-05 -3.4897072978441895e-05 0 0 0.00019632023864395929 -0.00012615011056424551 -1.9496845272288979e-05 -2.3468882231721612e-06 -5.8291977344853073e-05 8.0097968094800734e-07 0.00049090580060598356 1.980490623960517e-05 -1.5707561948458043e-05 4.9119158456069814e-05 -2.1672828658210977e-05 0.0002050274880401468 7.889174664591514e-05 0
leaf_weight=775 55 50 54 65 3300 82 51 83 101 112 81 104 92 172 51 77 105 68 1528 7074 397 436 57 2274 81 1043 2657 51 123 651
leaf_count=775 55 50 54 65 3300 82 51 83 101 112 81 104 92 172 51 77 105 68 1528 7074 397 436 57 2274 81 1043 2657 51 123 651
internal_value=1.59448e-06 0.000322247 0 0.000169157 -9.07015e-07 -2.34726e-05 0 -9.56924e-06 0 3.23155e-06 5.7902e-05 5.4895e-07 -3.71388e-05 0 8.46657e-05 0.00010206 0.000136323 1.50666e-06 5.16324e-06 -4.24312e-06 9.02017e-06 -2.14031e-05 1.1986e-05 2.99381e-05 0.000159601 5.81035e-06 0 1.16584e-05 -1.53987e-05 2.90363e-05
internal_weight=21850 105 21745 119 21626 1518 1436 1385 1302 1201 426 20108 368 264 314 263 186 19740 12598 7142 11070 833 10237 2412 138 7825 6131 3351 2780 1694
internal_count=21850 105 21745 119 21626 1518 1436 1385 1302 1201 426 20108 368 264 314 263 186 19740 12598 7142 11070 833 10237 2412 138 7825 6131 3351 2780 1694
is_linear=0
shrinkage=0.05


Tree=182
num_leaves=31
num_cat=0
split_feature=2 123 0 93 126 11 12 119 44 114 12 13 3 11 15 138 138 77 105 120 23 43 93 122 90 131 75 75 91 74
split_gain=0.00390308 0.0242686 0.00121726 0.00738287 0.000298797 0.00500805 0.00113856 0.000357287 0.000536771 0.00057353 0.000386661 0.000385233 0.000317017 0.00022394 0.000183008 0.000170107 0.000344886 0.00102616 0.000809585 0.000913917 0.00315519 0.00195894 0.000669106 0.00135766 0.000447927 0.000298025 0.000320277 0.000295858 0.000436189 0.000402513
threshold=0.048280649000000009 1.0000000180025095e-35 0.41135000000000005 268.49068245000007 10.500000000000002 0.0054437020069444458 0.081120783000000016 12.65 1282.5000000000002 14.850000000000003 0.018874784000000002 0.0014273235555555556 0.060440228500000005 0.0022207533611111117 0.00036875000000000005 2.8400000000000003 3.9200000000000004 291.74589700000007 12.500000000000002 275.54755065000006 22.725694444444446 0.39850000000000008 264.05027640000009 13.500000000000002 18.404081632653064 93.410858925704943 27.150000000000002 21.150000000000002 25.650000000000002 36.192857142857157
decision_type=2 2 2 2 2 2 2 10 2 10 2 2 2 2 2 2 2 2 2 8 2 2 2 2 2 2 2 2 2 2
left_child=2 -2 4 -4 5 6 7 10 12 -10 -1 -12 -9 -11 -14 -6 17 18 24 20 21 -20 23 -21 -17 -22 -27 29 -29 -18
right_child=1 -3 3 -5 15 -7 -8 8 9 13 11 -13 14 -15 -16 16 27 -19 19 22 25 -23 -24 -25 -26 26 -28 28 -30 -31
leaf_value=0 -0.00035163143239125413 0.0011163098450896203 -0.0001182794521689305 0.00063407655752277666 -1.6900778401092471e-05 -0.00039997436266100733 0.00022916514124797407 0 0 0 -0.00019820785289318121 0 0 0.00024600282827466142 -0.00015741359966901097 0 2.3589286853250725e-07 0.00018416215973860397 0.00056024025457400764 0 0 9.4187158120567524e-06 1.2812023311843094e-05 -0.00030921600952484268 -6.9901911113290439e-05 9.222845149791036e-05 0 -4.5901175247900155e-05 6.9673023017765267e-07 9.4694167269114153e-05
leaf_weight=369 55 50 69 50 1259 82 51 569 54 66 73 90 59 54 51 316 14322 93 51 55 359 53 1160 50 381 219 79 858 739 114
leaf_count=369 55 50 69 50 1259 82 51 569 54 66 73 90 59 54 51 316 14322 93 51 55 359 53 1160 50 381 219 79 858 739 114
internal_value=1.48835e-06 0.000304155 0 0.00015882 -8.68216e-07 -2.2341e-05 0 -9.13037e-06 6.0543e-06 8.73346e-05 -4.28238e-05 -0.000108878 -7.51938e-06 0.000151265 -8.6524e-05 5.052e-07 1.9339e-06 1.81395e-05 1.05682e-05 2.7932e-05 7.12307e-05 0.000329915 0 -0.000118249 -3.27082e-05 2.22443e-05 5.98394e-05 -6.01535e-07 -2.12225e-05 1.33466e-06
internal_weight=21850 105 21745 119 21626 1518 1436 1385 853 174 532 163 679 120 110 20108 18849 2816 2723 2026 761 104 1265 105 697 657 298 16033 1597 14436
internal_count=21850 105 21745 119 21626 1518 1436 1385 853 174 532 163 679 120 110 20108 18849 2816 2723 2026 761 104 1265 105 697 657 298 16033 1597 14436
is_linear=0
shrinkage=0.05


Tree=183
num_leaves=31
num_cat=0
split_feature=2 114 0 69 126 11 12 1 23 1 101 135 137 99 66 136 100 133 84 4 118 128 112 48 133 36 133 84 28 44
split_gain=0.00347319 0.0236836 0.00107109 0.00727278 0.00027367 0.00452277 0.00103075 0.000317244 0.000220236 0.000639229 0.000306094 0.000288476 0.000269501 0.000197993 0.000420013 0.000153818 0.000153035 0.00149085 0.000267202 0.000416904 0.00052661 0.000184801 0.000874676 0.000314651 0.000758106 0.00142989 0.000399639 0.000588995 0.000550489 0.000902432
threshold=0.048280649000000009 16.950000000000003 0.41135000000000005 274.07577695000003 10.500000000000002 0.0054437020069444458 0.081120783000000016 0.12674304500000003 27.607638888888893 0.0029939965000000007 -2.0429003000000132 11.330000000000002 1.5050000000000001 4.3000000000000123 26.875000000000004 0.33500000000000008 6.1999999999999895 80.995000000000019 1.0000000180025095e-35 1.0000000180025095e-35 11.950000000000001 8.7493894495934743 264.64473070000003 99.500000000000014 88.200000000000003 269.32502540000002 56.785000000000004 11.250000000000002 27.050000000000004 782.50000000000011
decision_type=2 10 2 2 2 2 2 2 2 2 2 2 2 2 2 2 2 2 2 2 10 2 8 2 2 2 2 2 2 2
left_child=2 -2 4 -4 5 6 7 8 9 -1 11 -11 -13 16 -15 -16 21 18 19 20 -18 22 -6 24 -24 -26 -25 28 29 -28
right_child=1 -3 3 -5 13 -7 -8 -9 -10 10 -12 12 -14 14 15 -17 17 -19 -20 -21 -22 -23 23 26 25 -27 27 -29 -30 -31
leaf_value=-1.9175754333984059e-05 -0.00036071090577284592 0.0010905188787728548 0.00060762756999981819 -0.00013710361376070067 -0.00022408862988877268 -0.00038021659811661321 0.0002179272340897744 -0.00010353238258955702 -7.2617213934113263e-05 0 0 0.00015143225644925751 0 -0.00011767239399628669 5.0903300385295051e-05 -2.9146557787644054e-05 0 0.00026747413402361043 -1.0704132211508276e-05 0 0.00019949963018793703 1.7312091072892579e-06 -4.7081226876056799e-06 0 0.00032571464966587465 0 0 0 0 -0.00035654533625617026
leaf_weight=775 55 50 52 67 50 82 51 83 101 73 83 151 119 108 92 168 50 57 722 205 73 17328 677 213 51 67 54 79 61 53
leaf_count=775 55 50 52 67 50 82 51 83 101 73 83 151 119 108 92 168 50 57 722 205 73 17328 677 213 51 67 54 79 61 53
internal_value=1.43598e-06 0.00028695 0 0.00014901 -7.82372e-07 -2.13429e-05 0 -8.79801e-06 0 3.25261e-06 5.57143e-05 7.79587e-05 0.000101862 5.22127e-07 -3.52793e-05 0 1.44458e-06 1.95528e-05 1.09512e-06 4.2219e-05 0.000114606 9.94436e-08 -1.77237e-05 -5.34918e-06 8.8061e-06 0.000127746 -4.06252e-05 -8.42408e-05 -0.0001383 -0.000206574
internal_weight=21850 105 21745 119 21626 1518 1436 1385 1302 1201 426 343 270 20108 368 260 19740 1107 1050 328 123 18633 1305 1255 795 118 460 247 168 107
internal_count=21850 105 21745 119 21626 1518 1436 1385 1302 1201 426 343 270 20108 368 260 19740 1107 1050 328 123 18633 1305 1255 795 118 460 247 168 107
is_linear=0
shrinkage=0.05


Tree=184
num_leaves=31
num_cat=0
split_feature=2 123 0 83 126 11 3 1 135 1 135 45 0 99 66 93 93 77 8 103 85 42 22 42 83 29 101 30 120 118
split_gain=0.00308925 0.0220086 0.000941526 0.00753828 0.00025002 0.00408369 0.00061512 0.000378009 0.000209814 0.000256075 0.000563873 0.000234973 0.000229911 0.000178672 0.00037946 0.000155891 0.000773174 0.00106378 0.00216479 0.000537329 0.000884219 0.000495968 0.001643 0.000410704 0.000433316 0.000510009 0.000994685 0.000567614 0.000844886 0.000404645
threshold=0.048280649000000009 1.0000000180025095e-35 0.41135000000000005 20.150000000000002 10.500000000000002 0.0054437020069444458 0.20234207650000005 0.12674304500000003 11.330000000000002 0.0029939965000000007 33.050000000000004 35.500000000000007 0.0013500000000000003 4.3000000000000123 26.875000000000004 265.24347685000004 264.98910625000002 280.00099675000007 0.0031490520780234057 1924.3500000000004 265.21844600000003 1.0750000000000004 7.5000000000000009 0.51500000000000012 6.8500000000000005 28.600000000000005 -8.9645771999999777 -0.72857142857142854 274.78249145000001 9.3500000000000032
decision_type=2 2 2 2 2 2 2 2 2 2 2 2 2 2 2 2 2 2 2 2 2 2 2 2 2 2 2 2 10 8
left_child=2 -2 4 -4 5 6 7 8 11 -10 -11 -1 -13 15 -15 16 21 19 -19 -18 -21 23 -23 24 -6 26 -26 -28 -29 -17
right_child=1 -3 3 -5 13 -7 -8 -9 9 10 -12 12 -14 14 -16 29 17 18 -20 20 -22 22 -24 -25 25 -27 27 28 -30 -31
leaf_value=0 -0.00035163534761003189 0.0010465468993403621 -0.0001426601731421085 0.00062248808118074174 -0.00012946587302394618 -0.00036143480779579282 0.00015597094332891478 -0.00013169089349487925 -6.1890134097843188e-06 0.00011702223725974777 0 0 -0.00012547156866115556 -0.00011184275263176544 0 -2.8006500620742183e-05 -4.5380553704835877e-05 0.00044833827499293397 0 0 0.00017063983240708089 0.00032095486491016349 0 -4.3677465002823487e-05 0.00024100617745604656 0 -3.2039886344741701e-06 0 0.00022731543351768216 1.1109149107134225e-06
leaf_weight=130 55 50 69 50 57 82 59 58 571 153 289 75 101 108 260 1298 141 50 62 206 116 51 148 515 64 4085 396 74 70 12407
leaf_count=130 55 50 69 50 57 82 59 58 571 153 289 75 101 108 260 1298 141 50 62 206 116 51 148 515 64 4085 396 74 70 12407
internal_value=1.31792e-06 0.000270588 0 0.000139672 -7.69643e-07 -2.04217e-05 0 -7.53242e-06 0 8.93471e-06 3.97289e-05 -3.8012e-05 -7.63215e-05 4.66231e-07 -3.35283e-05 1.35492e-06 8.17488e-06 6.35376e-05 0.000206946 1.76999e-05 6.0857e-05 1.41841e-06 7.90293e-05 -5.81511e-07 3.04985e-06 5.75409e-06 4.86224e-05 1.61759e-05 0.000103608 -1.28383e-06
internal_weight=21850 105 21745 119 21626 1518 1436 1377 1319 1013 442 306 176 20108 368 19740 6035 575 112 463 322 5460 199 5261 4746 4689 604 540 144 13705
internal_count=21850 105 21745 119 21626 1518 1436 1377 1319 1013 442 306 176 20108 368 19740 6035 575 112 463 322 5460 199 5261 4746 4689 604 540 144 13705
is_linear=0
shrinkage=0.05


Tree=185
num_leaves=31
num_cat=0
split_feature=120 13 2 122 100 73 88 3 21 123 6 6 142 98 137 118 142 42 59 128 116 112 108 77 85 126 75 73 101 16
split_gain=0.000728833 0.0192885 0.0081644 0.00207641 0.00103293 0.000818913 0.00166387 0.000745743 0.000499447 0.000723012 0.00111772 0.000446001 0.00154589 0.000296265 0.0002437 0.000336008 0.00102748 0.00200465 0.000378633 0.000339878 0.00100899 0.00033158 0.000469351 0.000322287 0.000489114 0.000296897 0.000293613 0.00109634 0.000932217 0.000498734
threshold=284.74030595000005 0.0040704037152777782 0.048280649000000009 12.500000000000002 8.1999999999999904 35.850000000000001 34.612500000000004 0.25403659950000007 0.17361111111111113 0.60355339059327384 0.0080270833333333357 0.0051986111111111122 637.0754577106693 9.3000000000000043 1.5750000000000004 16.350000000000005 325.96598140156283 0.27500000000000008 8.1676500000000001 9.608896471458312 267.63058570000004 269.32908180000004 285.60260470000009 291.74589700000007 271.42241325000003 52.500000000000007 11.750000000000002 27.750000000000004 -2.941372399999977 17.135000000000005
decision_type=10 2 2 2 2 2 2 2 2 2 2 2 2 2 2 8 2 2 2 2 10 10 2 2 2 2 2 2 2 2
left_child=2 4 13 -4 5 7 -7 8 -2 11 -11 -10 -13 14 23 16 19 21 -17 20 -16 -18 -23 26 -25 -19 27 29 -29 -1
right_child=1 -3 3 -5 -6 6 -8 -9 9 10 -12 12 -14 -15 15 18 17 25 -20 -21 -22 22 -24 24 -26 -27 -28 28 -30 -31
leaf_value=8.9118973810216412e-07 0.00013646414088725579 0.00090379945943361057 -0.00068566366229763144 -8.9103366833955563e-05 -0.00018152473369932649 0.00033980970254263165 0 0.00014212175846510907 -1.2180568568182886e-05 -5.6981552733384504e-06 -0.00023084472637097152 0 0.00027881228272738033 -2.773912691335283e-05 0.00018811985152398635 9.9072615841591071e-06 0 0.00041384154372933139 -2.4734335805322064e-05 -2.3399029700663462e-05 0 0.00011766307146512839 0 0.00016432465836156295 0 5.5411058728734714e-05 -1.2940646509521955e-05 0.00031606792786381758 0 -0.00011142912380746566
leaf_weight=6552 53 60 53 52 73 54 53 88 1078 273 91 261 61 969 84 3337 245 52 1014 664 201 173 106 69 162 52 5827 50 65 99
leaf_count=6552 53 60 53 52 73 54 53 88 1078 273 91 261 61 969 84 3337 245 52 1014 664 201 173 106 69 162 52 5827 50 65 99
internal_value=-7.43776e-08 2.73629e-05 -3.29627e-06 -0.000441022 0 8.45601e-06 0.00014244 0 -6.05632e-06 -1.32461e-05 -7.61617e-05 0 5.43727e-05 -6.89929e-07 4.42605e-07 9.05227e-06 2.89644e-05 7.86668e-05 6.81316e-07 0 4.12055e-05 2.78305e-05 6.64289e-05 -3.14782e-06 5.3635e-05 0.00028448 -4.5906e-06 1.86257e-06 0.00015437 -4.55421e-08
internal_weight=21971 2145 19826 105 2085 2012 107 1905 1817 1764 364 1400 322 19721 18752 5928 1577 628 4351 949 285 524 279 12824 231 104 12593 6766 115 6651
internal_count=21971 2145 19826 105 2085 2012 107 1905 1817 1764 364 1400 322 19721 18752 5928 1577 628 4351 949 285 524 279 12824 231 104 12593 6766 115 6651
is_linear=0
shrinkage=0.05


Tree=186
num_leaves=31
num_cat=0
split_feature=126 11 0 2 120 21 19 0 2 120 103 33 134 62 26 138 134 132 53 96 4 90 2 105 95 90 135 100 36 92
split_gain=0.00068228 0.0129843 0.00133253 0.00123581 0.00200517 0.000589494 0.000833566 0.000678398 0.000296892 0.000782875 0.000233312 0.000200943 0.000509128 0.000734174 0.0004901 0.000307886 0.000251643 0.000420397 0.000389783 0.000226814 0.000928432 0.000660809 0.000376521 0.0020227 0.00033018 0.00069022 0.000221876 0.000395188 0.00118998 0.00275789
threshold=8.5000000000000018 0.0059095402291666679 0.41135000000000005 0.048280649000000009 275.18281330000008 0.18750000000000003 0.0029428571428571394 0.072300000000000017 0.0055886015000000009 284.11939365000006 1233.9000000000003 -0.98794080021023822 6.7950000000000008 46.550000000000004 6.5000000000000009 3.6950000000000007 10.070000000000002 2.5000000000000004 42.500000000000007 48.862500000000004 0.0024749575000000005 34.019387755102052 0.0035617145000000003 19.500000000000004 12.500000000000002 34.019387755102052 42.410000000000004 3.6999999999999891 266.85797920000005 2.1500000000000008
decision_type=2 2 2 2 8 2 2 2 2 10 2 2 2 2 2 2 2 2 2 2 2 2 2 2 2 2 2 2 2 2
left_child=1 5 3 8 -5 -1 7 -7 11 10 -10 12 13 -2 15 -15 17 18 -14 22 -21 -22 24 -24 26 -26 27 -13 -29 -30
right_child=2 -3 -4 4 -6 6 -8 -9 9 -11 -12 19 16 14 -16 -17 -18 -19 -20 20 21 -23 23 -25 25 -27 -28 28 29 -31
leaf_value=0.000153924036890506 0 0.00079399078723293287 -0.00017252061054434469 -0.00039176539499817845 0 -5.005424047511752e-06 -0.00015488163661767649 0.00015241913178518494 -7.134671433002733e-05 -0.00021474177667836817 0 1.2602808957680506e-06 0.00015497059413474974 -0.00027717382958076934 0 -7.0345713358247776e-05 -1.6600196128840308e-05 0 0 8.7592984561443137e-06 -0.00023002831630969105 0 0.00024995640744181761 0 0.00022013092097983679 0 -5.2855351574699745e-06 0 0.0002598404196195082 0
leaf_weight=59 261 53 114 52 54 975 88 71 133 55 785 8158 99 53 91 263 917 733 82 211 82 50 98 366 53 61 6164 1260 166 364
leaf_count=59 261 53 114 52 54 975 88 71 133 55 785 8158 99 53 91 263 917 733 82 211 82 50 98 366 53 61 6164 1260 166 364
internal_value=-5.63398e-08 3.56178e-05 -2.44395e-06 -1.25235e-06 -0.000170802 0 -6.78025e-06 1.04e-06 -1.2375e-07 -2.72645e-05 -1.03701e-05 9.73636e-07 -1.18618e-05 -4.92785e-05 -9.20892e-05 -0.000121573 0 2.02751e-05 8.85516e-05 3.15091e-06 -3.55581e-05 -0.000143526 4.24807e-06 4.92652e-05 2.64967e-06 8.80297e-05 1.72983e-06 6.57937e-06 2.80154e-05 9.08282e-05
internal_weight=21971 1246 20725 20611 106 1193 1134 1046 20505 973 918 19532 2499 668 407 316 1831 914 181 17033 343 132 16690 464 16226 114 16112 9948 1790 530
internal_count=21971 1246 20725 20611 106 1193 1134 1046 20505 973 918 19532 2499 668 407 316 1831 914 181 17033 343 132 16690 464 16226 114 16112 9948 1790 530
is_linear=0
shrinkage=0.05


Tree=187
num_leaves=31
num_cat=0
split_feature=34 19 2 4 12 0 30 141 46 19 82 96 46 103 36 23 133 2 1 120 112 103 138 99 14 29 16 99 14 110
split_gain=0.000754027 0.0210282 0.00812336 0.00493344 0.00188299 0.00140343 0.000543246 0.000852342 0.00152532 0.000377297 0.000632274 0.000422629 0.000212983 0.000451776 0.000342952 0.00117779 0.000712234 0.000323887 0.000429553 0.000399412 0.000369943 0.000294188 0.000289612 0.000352265 0.000268662 0.000210449 0.000208388 0.000387026 0.000469452 0.000544844
threshold=0.2113575724534055 0.014581428571428573 0.048280649000000009 0.027773778500000002 0.098012351500000011 0.41135000000000005 -3.5342857142857143 33.955000000000005 18.500000000000004 0.014581428571428573 15.346000000000002 35.037500000000016 10.500000000000002 2123.1000000000008 266.81099135000005 23.408333333333339 86.175000000000026 0.0011228025000000004 0.0097925145000000019 287.54668240000007 279.08371710000006 1124.7500000000002 5.5000000000000009 3.0999999999999663 0.014873782000000002 46.850000000000001 10.745000000000003 0.34999999999996595 0.061309237500000009 15.750000000000002
decision_type=2 2 2 2 2 2 2 2 2 2 2 2 2 2 2 2 2 2 2 8 8 2 2 2 2 2 2 2 2 10
left_child=2 3 5 4 6 9 7 -2 -9 26 -11 -12 17 22 16 -16 -15 18 -8 25 21 24 -14 -24 -20 -19 -1 -28 -29 -30
right_child=1 -3 -4 -5 -6 -7 12 8 -10 10 11 -13 13 14 15 -17 -18 19 20 -21 -22 -23 23 -25 -26 -27 27 28 29 -31
leaf_value=1.4227462149380842e-06 0 0.00087844910950311069 -0.00045895363058662047 0.00046962585186910086 -0.00023285646528646556 -0.00018893291316198887 0 1.3484304452169071e-05 0.00037284638213979922 0 -0.00018482642047941531 0 -9.778576085842837e-07 0 0.00026809577514344996 0 -0.00018668410543415867 -0.00013479895832112403 0.00021374597861992061 9.2160553027061549e-06 0 0 0 -0.00015947419998610715 3.2038346941745705e-05 0 0 0 -0.00027702446026243993 0
leaf_weight=16655 283 69 97 55 86 99 1063 151 51 130 104 56 276 968 50 122 54 106 80 71 149 87 114 127 151 74 397 145 51 50
leaf_count=16655 283 69 97 55 86 99 1063 151 51 130 104 56 276 968 50 122 54 106 80 71 149 87 114 127 151 74 397 145 51 50
internal_value=-3.14167e-08 1.88209e-05 -4.75188e-06 2.99355e-06 -2.20684e-06 -1.95244e-06 1.58117e-06 5.19623e-05 0.000130235 -6.05004e-07 -5.71255e-05 -0.000125364 -3.99764e-06 -1.74521e-05 0 6.45645e-05 -1.15392e-05 6.1247e-06 1.71601e-05 -4.11025e-05 5.70783e-05 8.76293e-05 -5.64536e-05 -9.90583e-05 0.000117169 -8.85159e-05 5.67713e-08 -2.7508e-05 -7.67475e-05 -0.000160529
internal_weight=21971 4187 17784 4118 4063 17687 3977 485 202 17588 290 160 3492 1711 1194 172 1022 1781 1530 251 467 318 517 241 231 180 17298 643 246 101
internal_count=21971 4187 17784 4118 4063 17687 3977 485 202 17588 290 160 3492 1711 1194 172 1022 1781 1530 251 467 318 517 241 231 180 17298 643 246 101
is_linear=0
shrinkage=0.05


Tree=188
num_leaves=31
num_cat=0
split_feature=34 19 19 26 0 10 30 141 46 19 110 46 5 73 85 137 103 36 23 13 19 44 90 138 100 136 120 6 116 134
split_gain=0.000682787 0.0190065 0.00733769 0.00371421 0.00126752 0.000980883 0.000559399 0.000746479 0.00135509 0.000394684 0.000383135 0.00036658 0.000393004 0.000435592 0.00037368 0.000449082 0.000335062 0.000372513 0.000983307 0.000787211 0.000334856 0.000576452 0.000341372 0.000253125 0.000354551 0.000238007 0.000201829 0.000573572 0.000506475 0.000486302
threshold=0.2113575724534055 0.014581428571428573 0.018424285714285716 16.500000000000004 0.41135000000000005 40.520000000000003 -3.5342857142857143 33.955000000000005 18.500000000000004 0.0012928571428571427 16.650000000000002 10.500000000000002 0.98000000000000009 16.350000000000005 271.10518280000002 0.29000000000000009 2123.1000000000008 266.81099135000005 23.443750000000005 0.0036694028125000004 0.014581428571428573 1217.5000000000002 17.521428571428576 5.5000000000000009 6.5999999999999668 0.6100000000000001 269.66555845000005 0.029239583333333336 275.9071442 6.7950000000000008
decision_type=2 2 2 2 2 2 2 2 2 2 8 2 2 2 2 2 2 2 2 2 2 2 2 2 2 2 10 2 10 2
left_child=2 3 4 5 20 6 7 -2 -9 11 -11 12 -8 -14 -15 -16 23 19 -19 -18 26 -22 -23 -13 -25 -17 -1 29 -29 -28
right_child=1 -3 -4 -5 -6 -7 9 8 -10 10 -12 16 13 14 15 25 17 18 -20 -21 21 22 -24 24 -26 -27 27 28 -30 -31
leaf_value=4.2346147876396509e-06 0 0.00083515412737948018 -0.00043624011336871677 0.00037255297220557381 -0.00017958073330937626 -0.00016208145341419796 0 1.2814525291679799e-05 0.0003545625714776599 -0.00012234198431843545 0 0 0 0 0 3.8109078928174154e-05 0 0.0002452765406097861 0 -0.00019858889472776687 0 0 -0.00024803355739077594 0 -0.00016608414074443528 0.00026502993220482257 -2.9495907354248053e-05 0 -0.00023878999925264178 3.2643558166012264e-06
leaf_weight=11323 258 69 97 66 99 93 1102 151 51 135 59 274 246 55 76 96 937 52 114 54 188 52 50 126 103 70 1450 69 50 4406
leaf_count=11323 258 69 97 66 99 93 1102 151 51 135 59 274 246 55 76 96 937 52 114 54 188 52 50 126 103 70 1450 69 50 4406
internal_value=-4.43757e-08 1.78828e-05 -4.547e-06 2.77555e-06 -1.87227e-06 -2.10426e-06 4.31087e-07 5.32703e-05 0.00012505 -5.10015e-06 -7.43433e-05 0 1.56776e-05 5.04952e-05 9.11532e-05 0.000118465 -1.7555e-05 0 6.61266e-05 -1.42359e-05 -5.7756e-07 -5.38227e-05 -0.000148916 -5.17461e-05 -9.28381e-05 0.000164753 2.91176e-08 -7.10326e-06 -0.000116971 -3.99736e-06
internal_weight=21971 4187 17784 4118 17687 4052 3959 460 202 3499 194 3305 1645 543 297 242 1660 1157 166 991 17588 290 102 503 229 166 17298 5975 119 5856
internal_count=21971 4187 17784 4118 17687 4052 3959 460 202 3499 194 3305 1645 543 297 242 1660 1157 166 991 17588 290 102 503 229 166 17298 5975 119 5856
is_linear=0
shrinkage=0.05


Tree=189
num_leaves=31
num_cat=0
split_feature=34 19 2 4 12 1 30 73 19 82 96 30 44 141 137 103 18 44 136 96 96 30 105 82 4 73 83 83 49 15
split_gain=0.000617004 0.0171809 0.00662748 0.00432889 0.00159169 0.00114452 0.000471103 0.000763045 0.000308789 0.000548731 0.000362545 0.000223158 0.00019949 0.000550029 0.00115796 0.000256123 0.000899621 0.000199095 0.000348328 0.000325223 0.00129198 0.00134042 0.000501754 0.000832843 0.00123811 0.000366885 0.000326686 0.000377268 0.000589233 0.000646685
threshold=0.2113575724534055 0.014581428571428573 0.048280649000000009 0.027773778500000002 0.098012351500000011 0.61966513750000007 -3.5342857142857143 33.45000000000001 0.014581428571428573 15.346000000000002 35.037500000000016 -3.8028571428571429 1797.5000000000002 38.640000000000008 0.69500000000000006 1114.1000000000004 0.029800000000000004 1242.5000000000002 0.36500000000000005 36.712500000000006 37.087500000000013 -2.091428571428573 18.500000000000004 30.502000000000006 0.0024749575000000005 37.45000000000001 19.850000000000005 17.850000000000005 974.25000000000011 0.0010302083333333335
decision_type=2 2 2 2 2 2 2 2 2 2 2 2 2 2 2 2 2 2 2 2 2 2 2 2 2 2 2 2 2 2
left_child=2 3 5 4 6 8 7 11 12 -10 -11 -2 15 -14 -15 16 -1 19 -19 26 21 -21 -22 24 25 -24 27 -17 29 -29
right_child=1 -3 -4 -5 -6 -7 -8 -9 9 10 -12 -13 13 14 -16 17 -18 18 -20 20 22 -23 23 -25 -26 -27 -28 28 -30 -31
leaf_value=-6.6564628578350017e-06 0 0.00079399296398956459 -0.00041465067345950737 0.00043971936163611004 -0.00021429070672983756 -0.00017069148738955848 -3.996238502901875e-06 0.00022445175443554962 0 -0.00017059433083936495 0 6.3456122517725983e-05 4.4017371898665171e-06 0 0.00030445705435875643 0 -0.00014927065473568208 7.9576699896472953e-06 -2.352470280095584e-05 0 -1.1708640185527206e-05 0.00036097121903175754 0 0 0.00026609519156530349 0.00013264101043760246 -3.6822338916938589e-05 8.1884972453487765e-06 0 0.00022202581361305051
leaf_weight=2011 274 69 97 55 86 99 3492 58 130 104 56 153 1051 54 50 7755 125 1291 1942 57 950 56 204 589 89 58 550 164 220 82
leaf_count=2011 274 69 97 55 86 99 3492 58 130 104 56 153 1051 54 50 7755 125 1291 1942 57 950 56 204 589 89 58 550 164 220 82
internal_value=-7.37399e-08 1.69543e-05 -4.36461e-06 2.53094e-06 -2.26362e-06 -1.80851e-06 1.11713e-06 4.8154e-05 -5.63975e-07 -5.16918e-05 -0.000115543 1.20565e-05 7.08538e-09 2.03303e-05 0.000132107 -1.13846e-06 -1.7408e-05 9.86694e-07 -9.40853e-06 4.57065e-06 2.27605e-05 0.00018909 1.00771e-05 3.73972e-05 9.82539e-05 2.14327e-05 0 2.90997e-06 4.65695e-05 0.000100321
internal_weight=21971 4187 17784 4118 4063 17687 3977 485 17588 290 160 427 17298 1155 104 16143 2136 14007 3233 10774 2003 113 1890 940 351 262 8771 8221 466 246
internal_count=21971 4187 17784 4118 4063 17687 3977 485 17588 290 160 427 17298 1155 104 16143 2136 14007 3233 10774 2003 113 1890 940 351 262 8771 8221 466 246
is_linear=0
shrinkage=0.05


Tree=190
num_leaves=31
num_cat=0
split_feature=126 11 126 11 10 9 13 126 1 115 120 8 39 134 101 77 137 137 89 131 1 90 73 131 29 86 43 132 161 11
split_gain=0.000749089 0.00965263 0.00176457 0.0172647 0.000475182 0.0009625 0.000354049 0.00338302 0.00432082 0.000429892 0.000263593 0.000207677 0.000175721 0.000482016 0.000203901 0.000597904 0.00101591 0.00018483 0.000162635 0.000517886 0.000371026 0.000731479 0.000265692 0.00308472 0.00429712 0.000328968 0.000440214 0.000736018 0.000385048 0.00100133
threshold=3.5000000000000004 0.0038184861597222223 7.5000000000000009 0.0043538217083333346 12.650000000000002 0.84444444444444466 0.0040704037152777782 18.500000000000004 0.14216828450000005 6.9500000000000011 281.13886230000008 0.018776573640196279 0.66500000000000015 4.285000000000001 -12.723865099999982 272.93316240000007 1.8100000000000003 1.1100000000000001 47.250000000000007 58.815508921636585 0.012583762000000002 32.26530612244899 39.050000000000004 40.688861512415954 32.500000000000007 9.5000000000000018 0.34750000000000003 2.5000000000000004 0.21428571428571433 0.0037234360069444443
decision_type=2 2 2 2 2 2 2 2 2 8 10 2 2 2 2 2 2 2 2 2 2 2 2 2 2 2 2 2 2 2
left_child=1 11 3 4 5 -2 12 -8 10 -10 -9 -1 14 -14 15 16 -4 -17 22 20 -20 -22 25 24 -24 28 -27 -28 -16 -30
right_child=2 -3 6 -5 -6 -7 7 8 9 -11 -12 -13 13 -15 18 17 -18 -19 19 -21 21 -23 23 -25 -26 26 27 -29 29 -31
leaf_value=0 0 -0.00071316930533309164 0 0.0009478168972308818 -9.2254083863995882e-05 0.00022158805161068978 0.00028552718071243394 2.0711230526427536e-05 -9.8213055921055753e-06 -0.00031619811833905216 -9.6241776906632969e-05 9.5193513659947809e-05 -0.00015566847588500545 0 0 0 0.00024735372291067746 -0.00010302170860704106 0 0 -0.00022901038717030873 0 0.00060143322370524136 0 0 0 -0.00013870711560449162 -5.2981535277389084e-06 7.8958546190248925e-06 0.00015003102775543607
leaf_weight=348 399 50 181 52 104 54 68 434 51 155 50 58 66 160 14048 54 72 52 180 1188 83 68 52 1018 68 771 190 426 1214 153
leaf_count=348 399 50 181 52 104 54 68 434 51 155 50 58 66 160 14048 54 72 52 180 1188 83 68 52 1018 68 771 190 426 1214 153
internal_value=0 -6.31592e-05 1.52375e-06 8.54214e-05 0 2.54613e-05 -6.96078e-07 -3.4302e-05 -7.34248e-05 -0.000264916 0 6.16192e-06 3.26998e-07 -4.29398e-05 1.07483e-06 3.8454e-05 8.70934e-05 -3.06381e-05 1.26338e-07 -1.5271e-05 -7.04799e-05 -0.000130201 1.70952e-06 2.50839e-05 0.000263926 0 -2.31861e-05 -5.47089e-05 2.2238e-06 2.75572e-05
internal_weight=21867 456 21411 609 557 453 20802 758 690 206 484 406 20044 226 19818 359 253 106 19459 1519 331 151 17940 1138 120 16802 1387 616 15415 1367
internal_count=21867 456 21411 609 557 453 20802 758 690 206 484 406 20044 226 19818 359 253 106 19459 1519 331 151 17940 1138 120 16802 1387 616 15415 1367
is_linear=0
shrinkage=0.05


Tree=191
num_leaves=31
num_cat=0
split_feature=61 12 15 61 13 15 43 0 19 63 8 120 104 81 0 12 43 90 21 120 6 118 85 43 77 75 88 96 103 83
split_gain=0.000483108 0.00661641 0.00312875 0.000924224 0.0189683 0.00175951 0.00175426 0.00111867 0.000939983 0.000800936 0.000752457 0.000807199 0.000703403 0.000681252 0.000644274 0.000818208 0.000449095 0.000188245 0.000187821 0.000514052 0.000194389 0.000589029 0.000484146 0.000596224 0.000549872 0.000187056 0.000282159 0.00137009 0.00242538 0.000874953
threshold=85.550000000000011 0.098012351500000011 0.0055281250000000009 214.35000000000005 0.0040704037152777782 0.0045729166666666678 0.34450000000000003 0.41135000000000005 0.014581428571428573 8.3548500000000008 0.016002170038348477 273.40701760000007 19.70000000000001 27.950000000000003 0.17210000000000003 0.070752932000000004 0.34550000000000003 24.489795918367353 0.17361111111111113 285.12690100000003 0.021539583333333338 12.15 274.64185895000008 0.35650000000000004 270.52572750000007 26.750000000000004 36.76250000000001 37.037500000000009 1569.1000000000001 16.650000000000002
decision_type=2 2 2 2 2 2 2 2 2 2 2 10 2 2 2 2 2 2 2 10 2 10 2 2 2 2 2 2 2 2
left_child=1 2 10 4 5 14 -7 8 18 17 -1 -12 16 -13 15 -2 -11 -10 19 -5 25 -22 23 24 -23 26 -20 28 -28 -29
right_child=3 -3 -4 7 -6 6 -8 -9 9 12 11 13 -14 -15 -16 -17 -18 -19 20 -21 21 22 -24 -25 -26 -27 27 29 -30 -31
leaf_value=0 -4.0631852504144913e-06 -0.00057766489162909323 -0.00038315066870007504 -3.9651701014468569e-06 0.00094268385017520415 0 0.00041274422270647597 -0.00016381628819951967 -4.6889853976723447e-08 0 0 0 0 0.0002871582946469668 0.00013459230058586726 -0.00015660449878303608 -0.00022047056587473128 9.6060931806705944e-05 0 -0.00017450663862476817 0 0 0 0 0.00023956735010963534 -2.3002092082485159e-05 0 0.00019906412324417031 0.00043787178660870335 9.3865276643882107e-07
leaf_weight=683 1279 52 50 768 55 51 50 104 60 52 50 55 87 71 66 102 147 50 14031 53 451 68 89 80 106 714 55 58 52 2278
leaf_count=683 1279 52 50 768 55 51 50 104 60 52 50 55 87 71 66 102 147 50 14031 53 451 68 89 80 106 714 55 58 52 2278
internal_value=0 -3.44984e-05 0 1.73394e-06 3.82955e-05 2.34708e-06 0.000205383 -1.04509e-06 0 -7.62848e-05 1.9732e-05 0.000111891 -0.000122583 0.000182588 -8.50377e-06 -1.90529e-05 -0.000174229 0 1.45242e-06 -2.12562e-05 2.76839e-06 2.73072e-05 7.74858e-05 0.000113341 0.000165034 1.34241e-06 2.70235e-06 1.83807e-05 0.000194801 8.08043e-06
internal_weight=21867 961 909 20906 1603 1548 101 19303 19199 396 859 176 286 126 1447 1381 199 110 18803 821 17982 794 343 254 174 17188 16474 2443 107 2336
internal_count=21867 961 909 20906 1603 1548 101 19303 19199 396 859 176 286 126 1447 1381 199 110 18803 821 17982 794 343 254 174 17188 16474 2443 107 2336
is_linear=0
shrinkage=0.05


Tree=192
num_leaves=31
num_cat=0
split_feature=98 2 19 6 13 110 105 2 74 2 19 72 30 115 90 15 2 160 114 34 29 1 118 105 30 160 54 59 2 59
split_gain=0.000480891 0.00319753 0.00202224 0.00113484 0.000712085 0.00306007 0.000375917 0.000804126 0.00376993 0.000392926 0.000311821 0.000801742 0.000254595 0.000509547 0.000792022 0.000892511 0.000373819 0.000390422 0.000491109 0.000229959 0.00193961 0.0012828 0.00078082 0.000322088 0.000326794 0.00041156 0.000449862 0.000411432 0.000411958 0.000324125
threshold=-4.1999999999999966 0.048280649000000009 0.016477142857142857 0.06072777777777779 0.0040352463333333342 14.450000000000001 19.500000000000004 0.0035617145000000003 21.307142857142864 0.0011228025000000004 0.014581428571428573 26.875000000000004 -1.8842857142857132 9.3500000000000032 17.679591836734698 0.00022916666666666672 9.4850000000000015e-05 0.079795918367346966 32.650000000000013 0.54453396319667913 47.050000000000004 0.36432711350000008 21.150000000000002 12.500000000000002 -3.6757142857142839 0.067764378478664219 0.045000000000000005 7.2054500000000017 0.0031384280000000004 15.178000000000003
decision_type=2 2 2 2 2 8 2 2 2 2 2 2 2 8 2 2 2 2 8 2 2 2 10 2 2 2 2 2 2 2
left_child=2 10 3 4 6 -6 7 9 -9 12 19 -12 13 14 -1 -16 17 18 -15 21 -21 23 -23 24 25 26 -2 -26 -29 -25
right_child=1 -3 -4 -5 5 -7 -8 8 -10 -11 11 -13 -14 16 15 -17 -18 -19 -20 20 -22 22 -24 29 27 -27 -28 28 -30 -31
leaf_value=1.4590283198834113e-05 0 -0.00032391678879950916 0.0002846682840585793 0.00023085188198506491 -0.00042207892185793829 2.6349147229391447e-05 -9.6227124010666596e-07 -2.8339164325940195e-06 0.00047489985371728174 -7.7090000472405029e-05 0 -0.00022159935864379056 0 -0.0001952609211835615 0.00033102232400158266 0 0.00013363618203151453 9.4299612986763019e-06 0 0 0.00031742046731590072 -3.0983969664216703e-05 -0.00029633982257580327 1.4246158338591627e-06 -2.5408868499524946e-06 0 0.00020557456585861629 -2.7364795438268781e-05 -0.00014878010380873374 5.2425605814911888e-05
leaf_weight=266 50 77 68 57 50 85 2849 91 54 89 188 57 909 56 62 57 51 410 63 567 52 171 57 11284 2218 179 57 1258 103 332
leaf_count=266 50 77 68 57 50 85 2849 91 54 89 188 57 909 56 62 57 51 410 63 567 52 171 57 11284 2218 179 57 1258 103 332
internal_value=0 -4.05559e-06 1.33384e-05 8.72969e-06 5.21667e-06 -0.000104853 9.24334e-06 2.54011e-05 0.000142868 1.41101e-05 -2.24835e-06 -5.85672e-05 2.11468e-05 3.90753e-05 8.43871e-05 0.000197315 2.9825e-07 -3.35056e-06 -8.87626e-05 -1.09355e-06 2.8142e-05 -2.56554e-06 -0.000120161 -5.03013e-07 -1.32753e-05 3.22002e-05 0.000110825 -1.83139e-05 -4.0327e-05 3.31708e-06
internal_weight=21867 16650 5217 5149 5092 135 4957 2108 145 1963 16573 245 1874 965 385 119 580 529 119 16328 619 15709 228 15481 3865 286 107 3579 1361 11616
internal_count=21867 16650 5217 5149 5092 135 4957 2108 145 1963 16573 245 1874 965 385 119 580 529 119 16328 619 15709 228 15481 3865 286 107 3579 1361 11616
is_linear=0
shrinkage=0.05


Tree=193
num_leaves=31
num_cat=0
split_feature=126 11 126 1 11 6 2 160 126 111 137 114 116 26 105 105 34 91 138 137 58 138 77 139 94 133 115 2 45 133
split_gain=0.000656233 0.00842153 0.00154306 0.0158813 0.00125412 0.000625269 0.000382578 0.000760559 0.00147252 0.0012894 0.000459161 0.000749814 0.000359899 0.000285475 0.000433232 0.000342907 0.00024804 0.000205295 0.000543224 0.000464885 0.000411478 0.000469371 0.000778201 0.000679647 0.00033246 0.000319541 0.000297332 0.000948365 0.000260147 0.00149534
threshold=3.5000000000000004 0.0038184861597222223 7.5000000000000009 0.14216828450000005 0.002946707444444445 0.0071097222222222239 0.0055886015000000009 0.016496598639455788 83.500000000000014 6.7500000000000009 1.7400000000000002 20.750000000000004 286.72818635000004 16.500000000000004 27.500000000000004 44.500000000000007 0.016433184524485108 29.450000000000003 3.8050000000000002 0.72500000000000009 8.3499999999999996 3.8450000000000002 271.75324910000001 84.615015656514629 32.500000000000007 3.7950000000000004 19.250000000000004 0.00077482300000000011 99.500000000000014 88.200000000000003
decision_type=2 2 2 2 2 2 2 2 2 10 2 10 8 2 2 2 2 2 2 2 2 2 2 2 2 2 10 2 2 2
left_child=1 -1 3 4 5 -2 13 8 -8 12 -11 -12 -9 17 -15 -16 -10 20 19 -19 26 22 -22 -23 25 -21 28 -28 -4 -30
right_child=2 -3 6 -5 -6 -7 7 9 16 10 11 -13 -14 14 15 -17 -18 18 -20 24 21 23 -24 -25 -26 -27 27 -29 29 -31
leaf_value=4.7544572428324848e-06 0 -0.00066635727519300707 6.7694488652041735e-06 0.00085954565276151083 -0.00023709603399346146 0.00017346515308340945 0.00026377960659482695 -0.00033875284158747148 0 0 0 -0.00021127560799295557 -2.6130935610038455e-05 0 -0.00016092514335288782 0 -9.4604086433891271e-05 0 1.0373597127412277e-05 0 0 0 0.00021430548423070477 0.00017438406875514595 0 -0.00016160813763330819 6.2678642841169636e-06 0.00021883092115324243 -3.1585418787583698e-06 -0.00020609876804051987
leaf_weight=406 442 50 7525 58 51 58 52 57 344 391 56 72 61 62 100 60 73 155 487 107 60 555 91 57 100 171 639 64 9371 92
leaf_count=406 442 50 7525 58 51 58 52 57 344 391 56 72 61 62 100 60 73 155 487 107 60 555 91 57 100 171 639 64 9371 92
internal_value=0 -5.91885e-05 1.35963e-06 7.98257e-05 0 2.05778e-05 -7.00926e-07 -2.94193e-05 1.01716e-05 -6.63759e-05 -2.13077e-05 -0.000103579 -0.000220738 6.59278e-07 -5.50271e-05 -0.000104505 -1.00471e-05 1.55363e-06 -1.96542e-05 -5.64217e-05 2.99776e-06 3.91498e-05 0.000122468 1.02696e-05 -8.69014e-05 -0.000115055 1.15381e-06 3.30049e-05 0 -5.68143e-06
internal_weight=21867 456 21411 609 551 500 20802 1106 469 637 519 128 118 19696 222 160 417 19474 1020 533 18454 763 151 612 378 278 17691 703 16988 9463
internal_count=21867 456 21411 609 551 500 20802 1106 469 637 519 128 118 19696 222 160 417 19474 1020 533 18454 763 151 612 378 278 17691 703 16988 9463
is_linear=0
shrinkage=0.05


Tree=194
num_leaves=31
num_cat=0
split_feature=126 11 126 1 10 1 29 2 103 1 26 105 105 39 136 120 110 77 93 42 133 126 29 49 136 17 13 90 136 116
split_gain=0.000582504 0.00762703 0.00139519 0.0143583 0.00127037 0.000567711 0.000760187 0.000349074 0.000764329 0.00144979 0.000249848 0.00040183 0.000307545 0.000249205 0.000433133 0.000244036 0.000381236 0.000474077 0.000202633 0.000776247 0.00161179 0.000398279 0.000449515 0.00111745 0.000994571 0.000880757 0.000601849 0.00050374 0.000475376 0.000862785
threshold=3.5000000000000004 0.0038184861597222223 7.5000000000000009 0.14216828450000005 16.980000000000004 0.010255007000000002 40.900000000000006 0.0055886015000000009 876.60000000000014 0.14216828450000005 16.500000000000004 27.500000000000004 44.500000000000007 0.7350000000000001 0.30500000000000005 275.32907655000002 20.050000000000004 266.55201525000007 265.34834820000009 1.0750000000000004 23.420000000000005 40.500000000000007 29.150000000000002 987.05000000000007 0.30500000000000005 0.012300000000000002 0.0005910410972222224 27.685714285714287 0.30500000000000005 266.8941885000001
decision_type=2 2 2 2 2 2 2 2 2 2 2 2 2 2 2 10 10 2 2 2 2 2 2 2 2 2 2 2 2 10
left_child=1 -1 3 4 5 -2 -7 10 -9 15 13 -12 -13 18 -15 -10 17 -17 19 21 -21 -4 23 24 -23 -26 27 -24 29 -28
right_child=2 -3 7 -5 -6 6 -8 8 9 -11 11 12 -14 14 -16 16 -18 -19 -20 20 -22 22 26 -25 25 -27 28 -29 -30 -31
leaf_value=4.5173184334149786e-06 0 -0.00063369269169943085 -3.7293370005995213e-05 0.00081729679889345575 -0.00023845055567107921 0.0002172258048512352 0 0.0001408661657371048 0 -0.00021881577056504927 0 -0.00015295855057947938 0 -0.00014916174286701939 0 0 0 -0.00021069938094861663 -7.3384780427263868e-07 1.3271634306874899e-07 0.00035420541218984146 0 -2.8439200648697195e-05 -6.4189121891360684e-05 6.799012744824566e-05 0.00029498508831779508 0.00012096983266739795 0.00011516491625046071 0 4.7609632221224272e-06
leaf_weight=406 360 50 449 58 51 74 66 50 766 107 62 100 60 73 122 53 64 66 13441 174 50 252 1550 155 442 73 284 51 1759 599
leaf_count=406 360 50 449 58 51 74 66 50 766 107 62 100 60 73 122 53 64 66 13441 174 50 252 1550 155 442 73 284 51 1759 599
internal_value=0 -5.57544e-05 1.29033e-06 7.59058e-05 0 2.09211e-05 0.000107801 -6.57308e-07 -2.80957e-05 -4.09519e-05 6.30957e-07 -5.14189e-05 -9.95071e-05 1.48367e-06 -5.36243e-05 -1.54253e-05 -6.74106e-05 -0.000122107 2.30315e-06 1.01506e-05 0.000102612 5.55324e-06 1.02523e-05 4.22531e-05 7.03295e-05 0.000110365 2.11213e-06 -2.06745e-05 1.78148e-05 4.7888e-05
internal_weight=21867 456 21411 609 551 500 140 20802 1106 1056 19696 222 160 19474 195 949 183 119 19279 5838 224 5614 5165 922 767 515 4243 1601 2642 883
internal_count=21867 456 21411 609 551 500 140 20802 1106 1056 19696 222 160 19474 195 949 183 119 19279 5838 224 5614 5165 922 767 515 4243 1601 2642 883
is_linear=0
shrinkage=0.05


Tree=195
num_leaves=31
num_cat=0
split_feature=118 11 2 43 22 100 4 100 18 94 83 15 105 0 5 105 76 128 110 23 24 120 0 4 105 83 116 19 98 121
split_gain=0.000484754 0.00137901 0.000592025 0.0122739 0.000335969 0.00107137 0.000220293 0.00483663 0.000278309 0.000564204 0.0017578 0.0024534 0.00028572 0.000271036 0.000261814 0.000645031 0.00169265 0.00074311 0.000671089 0.000423665 0.000348058 0.000299198 0.00027946 0.000316095 0.000245853 0.000421941 0.000210678 0.000421772 0.000387984 0.00099972
threshold=38.95000000000001 0.0039327827291666681 0.048280649000000009 0.38750000000000007 2.5000000000000004 7.400000000000035 0.024032938500000003 4.900000000000035 0.029800000000000004 7.5000000000000009 19.850000000000005 0.00036458333333333335 15.500000000000002 0.09605000000000001 1.4450000000000001 22.500000000000004 3.4500000000000006 9.9206887586481773 26.850000000000005 27.462500000000002 50.650000000000013 278.63533375000003 0.017000000000000005 0.0082810900000000031 44.500000000000007 30.450000000000003 278.85645120000009 0.014581428571428573 -4.2999999999999972 3.5500000000000003
decision_type=10 2 2 2 2 2 2 2 2 2 2 2 2 2 2 2 2 2 10 2 2 8 2 2 2 2 8 2 2 8
left_child=2 -2 4 -4 5 26 8 24 14 -10 11 -11 13 -12 -6 16 17 21 19 22 -20 -16 -19 -24 25 -8 27 -1 29 -28
right_child=1 -3 3 -5 6 -7 7 -9 9 10 12 -13 -14 -15 15 -17 -18 18 20 -21 -22 -23 23 -25 -26 -27 28 -29 -30 -31
leaf_value=-8.5785241762537293e-06 0 -0.00030025289132306807 -0.00029290726548369456 0.00070689392036688079 -6.2083486559052236e-07 -0.00024892414328440705 -0.00013439539902000911 0.00047118784693379575 7.0595274546700081e-07 0 0 -0.00036701285114739676 -2.5307183685752325e-05 0.00012862368696092051 -4.5414040471509481e-05 0 0.00026547563330365977 0 -9.5465555248949109e-05 0 3.0088813351363979e-05 2.3270051319715485e-05 0.00016402833878715234 0 0 0 0.00017853826392042122 -0.00010266329573297349 -1.0786259986878436e-05 0
leaf_weight=1021 217 51 65 52 13023 51 104 55 1278 91 62 92 558 62 369 2524 83 57 76 72 185 174 246 90 104 60 105 170 781 123
leaf_count=1021 217 51 65 52 13023 51 104 55 1278 91 62 92 558 62 369 2524 83 57 76 72 185 174 246 90 104 60 105 170 781 123
internal_value=-1.1409e-06 -6.79046e-05 -8.44639e-08 0.000111301 -9.23775e-07 -1.93204e-05 9.5736e-07 4.18876e-05 0 -1.66934e-05 -4.8145e-05 -0.000186405 -3.5066e-06 5.40137e-05 2.41179e-06 1.38883e-05 4.1768e-05 2.30017e-05 5.76933e-05 9.37712e-05 0 -1.42113e-05 0.000114403 0.000131814 -2.90518e-05 -7.14215e-05 -1.16154e-05 -2.62774e-05 7.49771e-07 6.19743e-05
internal_weight=22001 268 21733 117 21616 2251 19365 323 19042 2143 865 183 682 124 16899 3876 1352 1269 726 465 261 543 393 336 268 164 2200 1191 1009 228
internal_count=22001 268 21733 117 21616 2251 19365 323 19042 2143 865 183 682 124 16899 3876 1352 1269 726 465 261 543 393 336 268 164 2200 1191 1009 228
is_linear=0
shrinkage=0.05


Tree=196
num_leaves=31
num_cat=0
split_feature=118 12 126 14 19 11 33 21 0 61 6 5 21 100 15 49 85 36 135 16 4 77 5 24 80 43 103 141 26 155
split_gain=0.000444641 0.00137951 0.000575829 0.0204141 0.00172431 0.00168218 0.000916488 0.000653079 0.000567266 0.000337404 0.000826196 0.000428689 0.00022118 0.000310454 0.00026308 0.000401974 0.000624113 0.00100062 0.0012065 0.000495635 0.000507599 0.000488158 0.000453832 0.000858239 0.0009234 0.00032701 0.00197056 0.000553127 0.000485124 0.000222349
threshold=38.95000000000001 0.06490995350000002 9.5000000000000018 0.060733292500000008 0.018424285714285716 0.0051753101944444456 -0.32230054307774042 0.18750000000000003 0.41135000000000005 96.500000000000014 0.0092222222222222237 4.285000000000001 0.17361111111111113 2.6999999999999891 0.0010062500000000002 986.6500000000002 266.46373065000006 266.81099135000005 2.9250000000000003 2.5650000000000004 0.00032238350000000004 264.73373110000006 0.095000000000000015 50.150000000000013 20.762500000000006 0.40650000000000003 1145.4500000000003 25.415000000000003 4.5000000000000009 0.48600000000000004
decision_type=10 2 2 2 2 2 2 2 2 2 2 2 2 2 2 2 2 2 2 2 2 2 2 2 2 2 2 2 2 2
left_child=2 -2 3 5 8 7 -6 -1 12 10 -9 -11 13 -4 29 16 17 22 -19 20 -20 -17 -16 24 -24 28 -27 -28 -18 -14
right_child=1 -3 4 -5 6 -7 -8 9 -10 11 -12 -13 14 -15 15 21 25 18 19 -21 -22 -23 23 -25 -26 26 27 -29 -30 -31
leaf_value=0.00017267946448753884 0 -0.00028123290174774193 0 0.00099361365346374206 0 -0.0002826691026972906 -0.0003457126423121996 0 -0.00011332729569403456 0 0.0001915967583085387 -0.00012365048695384855 0 -7.2360635469776089e-05 -4.5415613753078475e-05 -0.00015221989415645991 -3.1001946282443927e-05 0.00037106874395043257 0 0 0.00021761131613717366 0 0 0 0.000288964834497107 0.00033689051691694399 0.00014974291327948154 -3.1377747994646685e-05 1.9756995735435547e-05 -2.1250433843979366e-05
leaf_weight=54 211 57 617 52 57 52 55 606 111 320 60 113 13465 251 181 56 860 52 56 155 77 1327 50 318 62 50 50 242 992 1392
leaf_count=54 211 57 617 52 57 52 55 606 111 320 60 113 13465 251 181 56 860 52 56 155 77 1327 50 318 62 50 50 242 992 1392
internal_value=-1.11057e-06 -6.50583e-05 -8.89878e-08 3.24921e-05 -2.33477e-06 -5.6272e-06 -0.000197366 2.76868e-06 -1.00696e-06 -1.18392e-06 1.61412e-05 -3.93283e-05 -1.38942e-07 -2.50052e-05 7.17807e-07 1.14572e-05 2.18291e-05 5.6255e-05 0.000126619 6.40497e-05 0.000134516 -8.51496e-06 8.78727e-06 4.32563e-05 0.00016163 4.61027e-06 5.01269e-05 0 -1.11925e-06 -2.21929e-06
internal_weight=22001 268 21733 1257 20476 1205 112 1153 20364 1099 666 433 20253 868 19385 4528 3145 951 340 288 133 1383 611 430 112 2194 342 292 1852 14857
internal_count=22001 268 21733 1257 20476 1205 112 1153 20364 1099 666 433 20253 868 19385 4528 3145 951 340 288 133 1383 611 430 112 2194 342 292 1852 14857
is_linear=0
shrinkage=0.05


Tree=197
num_leaves=31
num_cat=0
split_feature=119 12 126 13 2 11 12 33 0 1 1 25 30 77 21 120 15 160 33 43 103 134 128 36 133 25 128 120 87 43
split_gain=0.000413112 0.00119981 0.000463021 0.016996 0.00157875 0.00143023 0.000876277 0.000806918 0.000655285 0.000599708 0.000294083 0.000557656 0.000444424 0.000483297 0.000163411 0.00038582 0.000245964 0.000387938 0.000970874 0.000859945 0.0032431 0.000543658 0.000416365 0.000533666 0.000368135 0.000353159 0.00030482 0.000346164 0.000292588 0.000280416
threshold=24.650000000000002 0.050071403000000007 10.500000000000002 0.0040704037152777782 0.048280649000000009 0.0051753101944444456 0.074414993000000026 -0.32230054307774042 0.41135000000000005 0.12674304500000003 0.0014451490000000004 24.500000000000004 -1.5114285714285696 272.03251540000002 0.17361111111111113 284.33330715000005 0.0010062500000000002 0.026598639455782322 -0.011094971784262501 0.40650000000000003 1621.4500000000005 4.0050000000000008 8.7663911666371632 267.62323725000005 41.205000000000005 20.500000000000004 9.6877539620773927 274.92003495 2.5000000000000004 0.29750000000000004
decision_type=10 2 2 2 2 2 2 2 2 2 2 2 2 2 2 10 2 2 2 2 2 2 2 2 2 2 2 10 2 2
left_child=2 -2 3 5 8 6 9 -6 14 10 -1 12 -12 -14 15 -4 -16 22 19 21 -21 -19 23 -18 26 -20 27 -23 29 -27
right_child=1 -3 4 -5 7 -7 -8 -9 -10 -11 11 -13 13 -15 16 -17 17 18 25 20 -22 24 -24 -25 -26 28 -28 -29 -30 -31
leaf_value=-1.2152985499575715e-05 0 -0.00026227208530530088 -5.6137216032041602e-06 0.00092387650739528563 0 -0.00025443726415555419 0.00019206991043908299 -0.00032873568356860366 -0.00012337353185979104 -0.00014155521857434438 0 -5.0510039555387912e-05 0.00026887984942269134 3.241071150809449e-05 -2.2474594681825962e-06 -0.0001470869103744213 -0.00021182936498728353 0.00019231198333870327 -1.9973895622904595e-05 0.00050368024855588546 2.837337511995913e-05 0.00012654458369138841 9.3950010679086262e-07 0 -1.1976734248838368e-05 0 0 0 0 0.00015347606317155592
leaf_weight=694 179 58 800 50 57 54 59 55 108 73 200 86 54 156 14765 61 52 50 904 52 202 158 2168 51 427 55 84 62 145 82
leaf_count=694 179 58 800 50 57 54 59 55 108 73 200 86 54 156 14765 61 52 50 904 52 202 158 2168 51 427 55 84 62 145 82
internal_value=-1.1e-06 -6.67018e-05 -1.52867e-07 2.71173e-05 -2.31199e-06 -2.48458e-06 4.21223e-06 -0.000188953 -1.02199e-06 -7.52699e-07 3.79822e-06 3.61569e-05 6.658e-05 0.0001179 -1.10551e-07 -2.15963e-05 5.91536e-07 1.10345e-05 2.60847e-05 6.16563e-05 0.000146882 2.73927e-05 -1.48872e-06 -0.000100194 9.03436e-06 -7.71482e-07 5.48826e-05 8.72076e-05 4.29704e-05 9.53261e-05
internal_weight=22001 237 21764 1426 20338 1376 1322 112 20226 1263 1190 496 410 210 20118 861 19257 4492 2221 1035 254 781 2271 103 731 1186 304 220 282 137
internal_count=22001 237 21764 1426 20338 1376 1322 112 20226 1263 1190 496 410 210 20118 861 19257 4492 2221 1035 254 781 2271 103 731 1186 304 220 282 137
is_linear=0
shrinkage=0.05


Tree=198
num_leaves=31
num_cat=0
split_feature=61 11 121 126 16 2 33 0 138 96 0 94 43 22 22 23 118 62 85 78 79 141 131 76 98 141 85 94 77 1
split_gain=0.000414029 0.00644242 0.00847571 0.00486644 0.0344512 0.00145114 0.000708769 0.00045894 0.000328527 0.000325005 0.000873012 0.00115115 0.000666532 0.000345112 0.000232289 0.000291853 0.000479328 0.000270537 0.000358015 0.000234657 0.00049633 0.00044005 0.000489177 0.000462103 0.000400665 0.000754626 0.0010866 0.00115141 0.000375815 0.000219571
threshold=136.65000000000003 0.0057378994097222235 1.0000000180025095e-35 9.5000000000000018 2.4000000000000008 0.048280649000000009 -0.32230054307774042 0.41135000000000005 5.6950000000000012 48.212500000000013 0.074950000000000003 12.500000000000002 0.30250000000000005 7.5000000000000009 1.5000000000000002 25.202777777777779 7.2500000000000009 59.750000000000007 277.56758765000006 2.5000000000000004 1.0000000180025095e-35 38.620000000000012 120.04961739150816 0.65000000000000024 0.25000000000000006 33.720000000000006 272.47830850000008 9.5000000000000018 291.74589700000007 0.00048387100000000003
decision_type=2 2 10 2 2 2 2 2 2 2 2 2 2 2 2 2 10 2 2 2 2 2 2 2 2 2 2 2 2 2
left_child=1 9 -3 4 8 7 -7 14 -2 10 -1 -12 -13 -11 15 16 -5 18 -18 20 28 23 -23 24 25 -21 27 -27 29 -16
right_child=3 2 -4 5 -6 6 -8 -9 -10 13 11 12 -14 -15 19 -17 17 -19 -20 21 -22 22 -24 -25 -26 26 -28 -29 -30 -31
leaf_value=-2.834906337358971e-06 1.453318164593186e-05 -0.00083498245286748652 0 0 0.0013869363358261421 0 -0.00031259241168819638 -0.0001045939815011016 -7.7408318126466835e-05 -0.00014512294345255024 0 0 0.00032831354029967197 0 -3.7244163923343566e-06 4.3134916252407457e-07 -0.00011218310820537532 0 0 4.4359115607329263e-06 0.00012777396857357865 -0.00015252771058125552 0 -3.0462656276893673e-05 -6.1934335006073174e-06 0 0 0.00040915247133942146 0.00010463091957737111 8.2394093752248424e-06
leaf_weight=1325 98 54 51 359 50 57 55 105 152 75 53 50 62 83 7009 511 321 55 76 658 82 111 52 1188 1359 55 53 50 92 7700
leaf_count=1325 98 54 51 359 50 57 55 105 152 75 53 50 62 83 7009 511 321 55 76 658 82 111 52 1188 1359 55 53 50 92 7700
internal_value=-1.0749e-06 -2.4472e-05 -0.00040231 7.04919e-07 0.000200429 -2.05801e-06 -0.000180953 -7.86787e-07 -2.15326e-05 0 7.0773e-06 0.000116333 0.000212953 -6.81208e-05 0 -2.04475e-05 -3.9745e-05 -7.40056e-05 -8.90676e-05 1.22387e-06 4.2112e-06 -9.96539e-06 -9.18212e-05 -4.48551e-06 7.41307e-06 3.61737e-05 0.000136042 0.000231059 3.18026e-06 2.19874e-06
internal_weight=22001 1753 105 20248 300 19948 112 19836 250 1648 1490 165 112 158 19731 1322 811 452 397 18409 14883 3526 163 3363 2175 816 158 105 14801 14709
internal_count=22001 1753 105 20248 300 19948 112 19836 250 1648 1490 165 112 158 19731 1322 811 452 397 18409 14883 3526 163 3363 2175 816 158 105 14801 14709
is_linear=0
shrinkage=0.05


Tree=199
num_leaves=31
num_cat=0
split_feature=118 12 2 33 4 34 9 126 115 83 95 103 14 118 13 101 49 34 120 108 47 128 112 104 104 50 84 50 135 108
split_gain=0.000393727 0.00120319 0.000684797 0.0109206 0.000282645 0.00439809 0.000386716 0.00158827 0.000383553 0.00113073 0.0013073 0.000449531 0.000641175 0.00033531 0.0015869 0.000282205 0.0002703 0.000258296 0.000213907 0.000199671 0.000186763 0.000163625 0.00119439 0.000795039 0.00194131 0.000286768 0.000506469 0.000479833 0.000229931 0.000214271
threshold=38.95000000000001 0.06490995350000002 0.048280649000000009 -0.61629719291933138 0.034660335500000007 0.069398984127108543 1.770763888888889 4.5000000000000009 12.550000000000002 19.850000000000005 1.5000000000000002 1222.1500000000001 0.020747941000000002 23.650000000000002 0.0011572103680555555 -1.6140406999999752 979.85000000000002 -0.88847066192469126 286.01128045000007 273.40082855000009 96.500000000000014 8.7493894495934743 264.39428575000005 21.550000000000008 24.550000000000008 1006.0500000000001 12.350000000000003 997.35000000000002 42.795000000000009 295.35372015000002
decision_type=10 2 2 2 2 2 2 2 10 2 2 2 2 10 2 2 2 2 10 2 2 2 8 2 2 2 2 2 2 2
left_child=2 -2 4 -4 6 16 21 -8 13 10 20 12 -11 18 -15 19 17 -6 -9 -13 -10 22 -1 25 -25 26 27 -24 -29 -23
right_child=1 -3 3 -5 5 -7 7 8 9 11 -12 15 -14 14 -16 -17 -18 -19 -20 -21 -22 29 23 24 -26 -27 -28 28 -30 -31
leaf_value=-0.00024993504108592016 0 -0.00026310654925854868 0.00069054337635931855 -0.00025033549214504772 0 0.00046251088912370361 -0.00025960993845386106 0 -7.0052815488036338e-05 0 -0.00034449367349872654 0 0.00016026235094197244 0.00028546362426352755 -3.4052934765246123e-05 0 0 -0.00017266274096354293 -7.8982318912659881e-05 -9.3130580950247691e-05 0 1.2061557655319243e-06 0 0.00031054884188162047 0 -2.0373167521428057e-06 0 -0.00028011792224586114 0 4.7638895757977796e-05
leaf_weight=52 211 57 51 66 50 52 68 1575 175 51 58 51 95 57 55 306 66 54 87 168 64 16939 53 65 95 934 78 53 54 261
leaf_count=52 211 57 51 66 50 52 68 1575 175 51 58 51 95 57 55 306 66 54 87 168 64 16939 53 65 95 934 78 53 54 261
internal_value=-1.01797e-06 -6.11864e-05 -4.31666e-08 0.000119795 -9.28619e-07 5.44247e-05 -1.73922e-06 -1.90904e-05 -1.12104e-05 -3.66784e-05 -0.000117731 0 7.66088e-05 0 8.53976e-05 -2.22797e-05 -4.31367e-05 -9.7294e-05 -2.92158e-06 -6.62849e-05 -4.06609e-05 6.16221e-07 -1.54955e-05 -2.41159e-06 9.69025e-05 -2.03034e-05 -7.07575e-05 -0.00012368 -0.000184148 2.20415e-06
internal_weight=22001 268 21733 117 21616 222 21394 2810 2742 968 297 671 146 1774 112 525 170 104 1662 219 239 18584 1384 1332 160 1172 238 160 107 17200
internal_count=22001 268 21733 117 21616 222 21394 2810 2742 968 297 671 146 1774 112 525 170 104 1662 219 239 18584 1384 1332 160 1172 238 160 107 17200
is_linear=0
shrinkage=0.05


Tree=200
num_leaves=31
num_cat=0
split_feature=2 114 99 1 1 99 65 46 63 111 126 18 126 14 14 77 6 0 115 61 7 93 128 81 35 65 92 30 141 101
split_gain=0.00198692 0.0197734 0.000297024 0.00237153 0.000793847 0.0100823 0.000841846 0.000406103 0.000478207 0.000275918 0.000254658 0.00105224 0.000392464 0.00283157 0.000336794 0.000500499 0.00073866 0.000446373 0.000253054 0.000230935 0.000678465 0.000209684 0.00134883 0.000301576 0.00019731 0.00041308 0.000906291 0.000336639 0.000811436 0.00266518
threshold=0.048280649000000009 16.550000000000004 3.5999999999999663 0.20970769550000004 0.41087726350000003 2.0999999999999663 27.050000000000004 37.500000000000007 22.026600000000006 12.65 2.5000000000000004 0.015237500000000003 12.500000000000002 0.056742897000000007 0.016839561500000003 272.03251540000002 0.0018708333333333335 0.030150000000000003 11.350000000000003 91.250000000000014 0.08790000000000002 262.98831115000002 8.3844366951598737 36.550000000000004 285.90102335000006 38.350000000000001 8.3500000000000032 -1.8585714285714297 38.130000000000003 3.6916908499999583
decision_type=2 10 2 2 2 2 2 2 2 10 2 2 2 2 2 2 2 2 10 2 2 2 2 2 2 2 2 2 2 2
left_child=2 -2 4 7 10 6 -6 8 -4 -9 11 -1 13 14 15 16 -12 -16 -19 20 -14 22 -21 -24 25 -23 -27 -26 -29 -30
right_child=1 -3 3 -5 5 -7 -8 9 -10 -11 12 -13 19 -15 17 -17 -18 18 -20 21 -22 24 23 -25 27 26 -28 28 29 -31
leaf_value=0 -0.00041717710793958622 0.0009161698069052633 0 -0.00035766430782901954 -0.00014124826900813281 0.00072177953264840387 5.2418059825028576e-05 -6.2729528958432951e-05 0.00013030617295266386 0 0 0.00025161039926495187 0 -0.0003658670018000218 0 -3.5509385691176146e-06 0.00024675174420539693 -0.00018797718826857215 0 -0.00022904966232956855 0.00021110907545031905 2.0376123712419798e-06 1.1182677000822312e-05 -4.7470604153411568e-05 -2.6016650337481448e-05 0 0.00020858883404775664 -5.4856350790600491e-06 0.00031224898299776467 -2.8212977050630937e-05
leaf_weight=197 51 53 316 51 128 50 51 359 89 424 55 50 91 59 259 763 50 74 51 73 50 13807 691 296 1672 246 78 1589 87 103
leaf_count=197 51 53 316 51 128 50 51 359 89 424 55 50 91 59 259 763 50 74 51 73 50 13807 691 296 1672 246 78 1589 87 103
internal_value=0 0.000216952 -1.07361e-06 -2.48773e-05 1.18241e-07 9.2676e-05 -5.83072e-05 -6.09699e-06 2.86242e-05 -3.04474e-05 -6.82487e-07 4.91092e-05 -1.54577e-06 -2.80074e-05 -7.81616e-06 4.41575e-06 0.000108964 -4.8392e-05 -0.000126539 3.63839e-08 6.37311e-05 -1.80571e-07 -2.19699e-05 -1.37688e-06 8.49892e-07 3.72544e-06 6.00386e-05 -9.474e-06 3.27056e-06 0.000102323
internal_weight=21913 104 21809 1239 20570 229 179 1188 405 783 20341 247 20094 1311 1252 868 105 384 125 18783 141 18642 1060 987 17582 14131 324 3451 1779 190
internal_count=21913 104 21809 1239 20570 229 179 1188 405 783 20341 247 20094 1311 1252 868 105 384 125 18783 141 18642 1060 987 17582 14131 324 3451 1779 190
is_linear=0
shrinkage=0.05


Tree=201
num_leaves=31
num_cat=0
split_feature=2 112 99 11 1 121 28 136 138 111 46 59 75 13 0 103 126 18 106 133 42 124 133 103 140 85 90 14 141 120
split_gain=0.00175651 0.0225255 0.000269393 0.00215824 0.000718834 0.00986886 0.000353081 0.000502782 0.000360118 0.000285832 0.000249253 0.000440963 0.000243865 0.00133983 0.00025071 0.000618238 0.00022041 0.000940792 0.000266323 0.000678133 0.0016336 0.000660611 0.000593693 0.000294293 0.000578987 0.000364992 0.000284264 0.000391382 0.000225085 0.000624757
threshold=0.048280649000000009 273.09653365000003 3.5999999999999663 0.0054437020069444458 0.41087726350000003 1.0000000180025095e-35 7.0500000000000007 0.72500000000000009 6.6650000000000009 7.9500000000000011 29.500000000000004 9.6928500000000017 5.3500000000000005 0.0039224199861111128 0.028450000000000003 2194.1500000000001 2.5000000000000004 0.015237500000000003 22.450000000000003 87.745000000000019 0.17500000000000002 -0.60355339059327384 88.200000000000003 1188.5500000000004 57.70000000000001 275.6267401500001 24.958163265306126 0.00087429150000000008 33.720000000000006 269.00015630000007
decision_type=2 10 2 2 2 10 2 2 2 10 2 2 2 2 2 2 2 2 2 2 2 2 2 2 2 2 2 2 2 8
left_child=2 -2 4 6 12 9 7 -4 10 -6 11 -8 13 14 -1 -16 17 -14 19 -18 -21 -22 23 24 25 26 27 -20 -25 -30
right_child=1 -3 3 -5 5 -7 8 -9 -10 -11 -12 -13 16 -15 15 -17 18 -19 22 20 21 -23 -24 28 -26 -27 -28 -29 29 -31
leaf_value=0 -0.00043872346058329147 0.00099109221257808085 0.00018533861654605234 -0.00032616286704228916 -0.00013966998548222735 0.00071111725616099328 0 0 -5.3805909469416997e-05 0 -1.1753208647185598e-05 0.00015294083382632638 0 -0.00024306938164842838 -0.00020747145716395267 -2.2684961944758177e-06 2.9108950482612705e-06 0.00023927655477903092 0 0.00029031724214086943 0.00011803691910031108 -8.8945302415411557e-05 -0.00016165999219765583 -7.8538646059256331e-06 2.756627418528115e-06 0 0 -0.00016604178842622889 5.1895945749344694e-05 -4.5278625195053953e-06
leaf_weight=1713 54 50 52 56 70 50 91 72 430 109 468 70 166 64 52 327 10800 50 61 70 67 88 63 4031 381 141 124 179 686 1278
leaf_count=1713 54 50 52 56 70 50 91 72 430 109 468 70 166 64 52 327 10800 50 61 70 67 88 63 4031 381 141 124 179 686 1278
internal_value=0 0.000203961 -1.03278e-06 -2.37014e-05 9.06484e-08 8.81798e-05 -4.89731e-06 6.71485e-05 -1.81056e-05 -6.10313e-05 0 5.87075e-05 -6.59552e-07 -1.66987e-05 -7.27167e-06 -4.40528e-05 9.67915e-07 5.11588e-05 8.35301e-08 5.18443e-06 9.16943e-05 0 -7.29481e-06 -5.13168e-06 -3.2143e-05 -6.8308e-05 -9.47016e-05 -0.000128575 -3.01101e-07 1.26521e-05
internal_weight=21913 104 21809 1239 20570 229 1183 124 1059 179 629 161 20341 2156 2092 379 18185 216 17969 11025 225 155 6944 6881 886 505 364 240 5995 1964
internal_count=21913 104 21809 1239 20570 229 1183 124 1059 179 629 161 20341 2156 2092 379 18185 216 17969 11025 225 155 6944 6881 886 505 364 240 5995 1964
is_linear=0
shrinkage=0.05


Tree=202
num_leaves=31
num_cat=0
split_feature=2 35 99 1 1 99 65 46 63 34 111 75 14 3 120 62 133 139 84 104 36 49 49 120 74 73 33 138 2 23
split_gain=0.00155168 0.0205922 0.000244922 0.00203407 0.000630747 0.00896618 0.000750452 0.000335336 0.000411589 0.000260614 0.000254643 0.000225351 0.00112794 0.000227956 0.000270359 0.000198398 0.000756387 0.0003627 0.0014945 0.00288597 0.00275672 0.00168547 0.000410495 0.000418708 0.000242129 0.000356822 0.00128844 0.00105543 0.000318228 0.000418669
threshold=0.048280649000000009 272.79358500000006 3.5999999999999663 0.20970769550000004 0.41087726350000003 2.0999999999999663 27.050000000000004 37.500000000000007 22.026600000000006 -0.91063493799591411 12.65 5.3500000000000005 0.056742897000000007 0.023137828000000003 287.10060625000006 45.050000000000004 87.815000000000012 89.302131517708077 0.55000000000000016 5.5500000000000016 266.85797920000005 988.35000000000002 982.05000000000007 270.15433360000003 31.335714285714285 38.250000000000007 -0.064207243323196786 5.3600000000000003 3.5300000000000011e-05 25.202777777777779
decision_type=2 2 2 2 2 2 2 2 2 2 10 2 2 2 8 2 2 2 2 2 2 2 2 10 2 2 2 2 2 2
left_child=2 -2 4 7 11 6 9 8 -4 -6 -9 12 13 -1 -15 17 -17 24 21 -20 -21 22 -19 -24 25 -13 27 -27 -26 -30
right_child=1 -3 3 -5 5 -7 -8 10 -10 -11 -12 15 -14 14 -16 16 -18 18 19 20 -22 -23 23 -25 28 26 -28 -29 29 -31
leaf_value=4.5073447019996518e-07 0.00094581889057664353 -0.00042025507338323885 0 -0.00033083124044284122 0 0.00067689910530152348 4.0274830244015899e-05 -5.8346163818315399e-05 0.00012051961189798831 -0.00019804367376006365 0 2.6395983949528468e-06 -0.00019805960745933202 -0.00010420966310373873 -2.4147982631645695e-06 -3.7648052287795022e-06 -0.00019474431758975764 -2.6068819655927326e-06 0 0 0.00048694228041222239 0.00022657551990945768 0 -0.00024493196126594043 0 0.0003683768430497973 0 0 -0.00010028123625602348 0
leaf_weight=1536 50 54 316 51 51 50 51 359 89 77 424 10116 83 121 416 5679 53 347 160 54 79 62 70 50 702 50 214 50 223 276
leaf_count=1536 50 54 316 51 51 50 51 359 89 77 424 10116 83 121 416 5679 53 347 160 54 79 62 70 50 702 50 214 50 223 276
internal_value=0 0.000191645 -1.02186e-06 -2.26305e-05 3.76697e-08 8.25756e-05 -5.8497e-05 -4.92728e-06 2.61802e-05 -0.000136618 -2.74078e-05 -6.49764e-07 -1.60708e-05 -6.28147e-06 -3.47966e-05 9.04393e-07 -6.43647e-06 4.68505e-06 3.71445e-05 0.000128602 0.000300214 -4.22454e-06 -4.59685e-05 -0.000128976 1.95819e-06 4.79219e-06 5.80398e-05 0.000205908 -1.84773e-05 -4.9111e-05
internal_weight=21913 104 21809 1239 20570 229 179 1188 405 128 783 20341 2156 2073 537 18185 5732 12453 822 293 133 529 467 120 11631 10430 314 100 1201 499
internal_count=21913 104 21809 1239 20570 229 179 1188 405 128 783 20341 2156 2073 537 18185 5732 12453 822 293 133 529 467 120 11631 10430 314 100 1201 499
is_linear=0
shrinkage=0.05


Tree=203
num_leaves=31
num_cat=0
split_feature=2 112 95 161 0 107 9 41 85 34 0 116 15 98 31 85 13 110 134 12 84 18 3 138 141 0 103 104 3 137
split_gain=0.00136867 0.0214209 0.000222745 0.00553113 0.000908615 0.000341019 0.000702715 0.00227727 0.000371124 0.000268041 0.00222147 0.00591693 0.000233422 0.00016852 0.000261896 0.000728683 0.00101378 0.00017731 0.000466839 0.000500004 0.000668973 0.000460439 0.000388083 0.000270643 0.000459084 0.00018978 0.000300681 0.000873544 0.00138754 0.000826472
threshold=0.048280649000000009 273.09653365000003 6.5000000000000009 0.31632653061224497 0.41135000000000005 3.0500000000000003 4.6291666666666673 47.500000000000007 272.87424075000007 0.39171563209314991 0.089450000000000016 278.96739795000002 6.3541666666666675e-05 9.3000000000000043 33.850000000000001 271.04652805000006 0.00016948186111111113 28.850000000000005 8.6650000000000009 0.013321443500000002 11.150000000000004 0.013506250000000001 0.027446766500000001 4.8450000000000006 28.840000000000003 0.0042500000000000012 2363.2000000000003 21.250000000000011 0.031477756500000009 0.045000000000000005
decision_type=2 10 2 2 2 2 2 2 2 2 2 8 2 2 2 2 2 10 2 2 2 2 2 2 2 2 2 2 2 2
left_child=2 -2 4 -4 9 -5 8 -8 -7 13 -11 -12 -10 14 17 -16 -17 25 19 -19 21 22 -21 24 -20 -1 27 29 -29 -27
right_child=1 -3 3 5 -6 6 7 -9 12 10 11 -13 -14 -15 15 16 -18 18 23 20 -22 -23 -24 -25 -26 26 -28 28 -30 -31
leaf_value=-3.1614505644849822e-06 -0.00044623084247789603 0.00094971712753427794 0.00051912862322013717 -0.00011662692192335416 -0.00016243630251471148 -5.3960573605326762e-05 -2.2230632095224275e-05 0.00037736716883929295 8.6938067045754419e-05 -7.6338383041285388e-07 -0.00064263438951528255 0 0 -2.1437665440662552e-05 0 0.00027928670684673312 1.5713404626283244e-05 0 0 -6.012067112607156e-05 0 0 -0.00030025491291025934 -3.4573030293254358e-06 0.0001618980764854184 -3.7877105952264476e-05 5.2157976016532227e-07 0.00028054327594353323 0 3.694552350945211e-05
leaf_weight=7816 54 50 52 61 88 307 52 51 84 1771 50 100 601 844 952 63 209 486 169 127 170 117 67 869 69 490 4829 83 68 1164
leaf_count=7816 54 50 52 61 88 307 52 51 84 1771 50 100 601 844 952 63 209 486 169 127 170 117 67 869 69 490 4829 83 68 1164
internal_value=0 0.000179932 -1.00953e-06 1.94079e-05 -2.45034e-06 0 2.9026e-06 0.000129278 -5.30073e-06 -1.51239e-06 -1.93139e-05 -0.000203766 9.26564e-06 5.89613e-08 1.36408e-06 2.36948e-05 9.58761e-05 0 -1.39373e-05 -4.00066e-05 -7.62084e-05 -0.000119719 -0.000169809 4.33798e-06 5.36164e-05 1.66805e-06 8.11123e-06 2.56361e-05 0.000143782 1.17486e-05
internal_weight=21913 104 21809 1208 20601 1156 1095 103 992 20513 1921 150 685 18592 17748 1224 272 16524 2074 967 481 311 194 1107 238 14450 6634 1805 151 1654
internal_count=21913 104 21809 1208 20601 1156 1095 103 992 20513 1921 150 685 18592 17748 1224 272 16524 2074 967 481 311 194 1107 238 14450 6634 1805 151 1654
is_linear=0
shrinkage=0.05


Tree=204
num_leaves=31
num_cat=0
split_feature=19 35 99 12 0 47 122 133 101 45 28 24 21 93 105 77 137 119 93 13 126 17 126 14 12 19 35 17 58 103
split_gain=0.00120512 0.0196483 0.000224231 0.00146307 0.000675142 0.0055676 0.000356884 0.000330943 0.00568477 0.00118377 0.000290622 0.000283046 0.00023484 0.000208952 0.000236608 0.000219957 0.000217993 0.0002345 0.000194444 0.00019012 0.000164801 0.000427743 0.000214 0.00297971 0.000481922 0.00118387 0.000122299 0.000327508 0.000277373 0.000843443
threshold=0.018424285714285716 272.79358500000006 3.4500000000000459 0.095322962000000011 0.41135000000000005 31.500000000000004 1.5000000000000002 88.200000000000003 -3.432418600000005 98.500000000000014 7.0500000000000007 33.900000000000006 0.56250000000000011 263.21299085000004 36.500000000000007 275.18526870000005 6.7000000000000011 1.6500000000000001 262.49580065000004 0.0019123930069444444 2.5000000000000004 0.054050000000000008 12.500000000000002 0.056742897000000007 0.087418585000000007 0.0025757142857142806 286.33920940000002 0.22425000000000003 8.3499999999999996 2108.6000000000008
decision_type=2 2 2 2 2 2 2 2 2 2 2 2 2 2 2 2 2 10 2 2 2 2 2 2 2 2 2 2 2 2
left_child=2 -2 4 6 7 -6 12 20 -9 -10 11 -8 -4 18 15 16 17 -15 -12 -19 21 -1 23 24 25 -22 28 -28 -24 -30
right_child=1 -3 3 -5 5 -7 10 8 9 -11 13 -13 -14 14 -16 -17 -18 19 -20 -21 22 -23 26 -25 -26 -27 27 -29 29 -31
leaf_value=0 0.00090764350747443094 -0.00042848024234726017 0.00012449729995663903 -0.00027573114293309947 0.00052604753883665235 -0.00014116848362838758 0 -0.00047953660521025384 0.00021167259487284981 -1.7589654051288302e-05 0 0.00011802005709404722 0 0 0 0 0 -8.9982155195553328e-05 9.4236034013275375e-05 0 0 0.00016878435398281837 1.7106200246295128e-06 -0.00039523360008994739 0.00014301695854625833 -0.00020470761833437154 -1.1212630631025694e-05 8.0151341305711435e-05 0.00015310299141696481 0
leaf_weight=182 50 54 72 54 51 60 62 61 82 77 84 64 66 58 212 93 50 518 54 76 1081 51 14816 50 51 73 3258 90 123 240
leaf_count=182 50 54 72 54 51 60 62 61 82 77 84 64 66 58 212 93 50 518 54 76 1081 51 14816 50 51 73 3258 90 123 240
internal_value=0 0.000168794 -9.85839e-07 -1.99285e-05 1.3143e-07 0.000122707 -6.39017e-06 -2.9991e-07 -6.12418e-05 6.99802e-05 -1.78529e-05 3.94601e-05 6.25805e-05 -2.85517e-05 -3.79835e-05 -5.06962e-05 -6.07644e-05 -6.93514e-05 4.07975e-06 -7.91439e-05 1.23174e-07 4.19619e-05 -1.18972e-07 -2.02987e-05 -2.80424e-07 -1.10607e-05 9.79139e-07 -7.24043e-06 3.12185e-06 4.68226e-05
internal_weight=21913 104 21809 1463 20346 111 1409 20235 220 159 1271 126 138 1145 1007 795 702 652 138 594 20015 233 19782 1255 1205 1154 18527 3348 15179 363
internal_count=21913 104 21809 1463 20346 111 1409 20235 220 159 1271 126 138 1145 1007 795 702 652 138 594 20015 233 19782 1255 1205 1154 18527 3348 15179 363
is_linear=0
shrinkage=0.05


Tree=205
num_leaves=31
num_cat=0
split_feature=120 13 2 155 28 6 23 116 104 110 12 116 75 13 91 12 98 138 104 19 65 93 30 91 93 84 74 75 138 78
split_gain=0.000663439 0.0186969 0.00464391 0.0013934 0.000449895 0.00042256 0.000912131 0.00145623 0.000263578 0.000233993 0.000882927 0.000542601 0.000200646 0.00110517 0.000234209 0.000352108 0.000211063 0.000385901 0.00103446 0.000200223 0.000298186 0.000340285 0.000166676 0.000144055 0.000250821 0.00022197 0.00018309 0.00129871 0.00042154 0.000174379
threshold=284.74030595000005 0.0040704037152777782 0.048280649000000009 0.028285714285714292 43.750000000000007 0.0044520833333333339 24.378472222222225 277.03602370000004 21.750000000000011 13.050000000000002 0.076501914000000018 278.11471995000005 5.3500000000000005 0.0040352463333333342 16.950000000000003 0.020828725500000003 -7.0999999999999979 3.8050000000000002 1.3500000000000005 0.012788571428571425 15.450000000000001 267.4894802500001 -4.0214285714285696 29.450000000000003 265.52433770000005 10.550000000000002 35.535714285714299 18.750000000000004 3.1950000000000007 2.5000000000000004
decision_type=10 2 2 2 2 2 2 10 2 10 2 10 2 2 2 2 2 2 2 2 2 2 2 2 2 2 2 2 2 2
left_child=2 4 12 -4 5 8 7 -7 22 10 -8 -11 13 14 -1 -16 17 18 -14 23 -21 -22 -2 26 25 -25 29 -28 -29 -18
right_child=1 -3 3 -5 -6 6 9 -9 -10 11 -12 -13 16 -15 15 -17 19 -19 -20 20 21 -23 -24 24 -26 -27 27 28 -30 -31
leaf_value=0 7.8563032686302436e-05 0.00091991951738651682 -0.00049506953312204369 -2.9656474141339799e-05 -0.00013026288198929133 0.00029908796194481863 0 0 -8.7295564963293755e-05 0 0.00021620685291706633 -0.00016418410545582213 0.00020179027600142948 -0.00023012784463742267 0 -0.00017459990696093599 2.7230152444592607e-06 2.2206800562555336e-06 0 0 0 -0.00015128706702813839 -5.3806285139706144e-06 -7.8435508272489625e-05 0 0 0.00022614031096291254 0.00011591471759459982 -1.413357746162319e-05 -1.2233467008899132e-05
leaf_weight=1826 61 56 61 57 61 77 186 146 95 164 52 61 99 59 111 50 11523 1334 211 99 146 91 1174 245 799 72 72 70 499 2341
leaf_count=1826 61 56 61 57 61 77 186 146 95 164 52 61 99 59 111 50 11523 1334 211 99 146 91 1174 245 799 72 72 70 499 2341
internal_value=0 2.64611e-05 -2.8839e-06 -0.000314407 0 6.00342e-06 3.92149e-05 0.000122051 -7.38671e-06 0 3.36229e-05 -3.73215e-05 -7.4251e-07 -1.56841e-05 -6.68901e-06 -6.45244e-05 7.11089e-07 1.79092e-05 6.91191e-05 -7.48468e-07 -3.88827e-05 -7.26151e-05 0 0 -1.72258e-05 -5.49013e-05 1.40636e-06 2.75255e-05 0 0
internal_weight=21898 2133 19765 118 2077 2016 686 223 1330 463 238 225 19647 2046 1987 161 17601 1644 310 15957 336 237 1235 15621 1116 317 14505 641 569 13864
internal_count=21898 2133 19765 118 2077 2016 686 223 1330 463 238 225 19647 2046 1987 161 17601 1644 310 15957 336 237 1235 15621 1116 317 14505 641 569 13864
is_linear=0
shrinkage=0.05


Tree=206
num_leaves=31
num_cat=0
split_feature=120 11 2 48 2 50 89 110 91 6 89 142 142 21 80 133 44 103 10 91 107 61 112 2 1 6 50 19 6 100
split_gain=0.000598621 0.017191 0.00425604 0.00124231 0.000289927 0.0020866 0.000259691 0.000449675 0.00056862 0.00072028 0.000424763 0.000380749 0.00109939 0.00154048 0.00262695 0.000221924 0.00120124 0.000218331 0.00146571 0.00173804 0.00117445 0.00033881 0.00115271 0.000310904 0.000236414 0.00042833 0.000646865 0.000750254 0.000223232 0.000686238
threshold=284.74030595000005 0.0063192529166666679 0.048280649000000009 54.500000000000007 0.0047217085000000004 1019.0500000000001 36.150000000000013 12.850000000000003 22.350000000000005 0.0080270833333333357 43.550000000000004 653.80315475003079 733.73784477364404 0.60416666666666685 18.237500000000004 88.64500000000001 882.50000000000011 1075.7500000000002 23.165000000000003 19.450000000000003 4.9500000000000011 144.10000000000005 277.28677420000002 0.0031384280000000004 0.61966513750000007 0.022136805555555559 999.95000000000016 -0.0019928571428571525 0.016732638888888894 -2.8000000000000109
decision_type=10 2 2 2 2 2 2 10 2 2 2 2 2 2 2 2 2 2 2 2 2 2 10 2 2 2 2 2 2 2
left_child=2 4 15 -4 6 -6 11 10 9 -9 -8 -2 13 14 -13 17 -17 18 23 -20 -21 22 -19 -1 25 28 27 -27 -23 -30
right_child=1 -3 3 -5 5 -7 7 8 -10 -11 -12 12 -14 -15 -16 16 -18 21 19 20 -22 24 -24 -25 -26 26 -28 -29 29 -31
leaf_value=2.6433849941959217e-07 -4.017985269188437e-06 0.00091447631539645136 -0.00048748660089994051 -4.1059349858832932e-05 0.00032889799400505105 -5.7812650386040327e-05 -2.3732767217372582e-05 -2.4665065679866343e-05 0 -0.00028181958989229256 0.00010764078409227381 0 -1.3682899276619866e-05 0 0.00052642726102289199 -0.00025126142093930481 2.4953436099727131e-05 0 1.7454398359645115e-05 -0.00042466552849397153 -2.7110518422483029e-05 7.0744761346195951e-07 0.00024678390541662192 -8.2509203349653284e-05 -7.7936064686015327e-05 0 1.0810666132039677e-05 0.00026352540809714882 -0.00011684263212143368 0
leaf_weight=2433 1058 52 57 61 52 59 157 155 108 60 83 50 168 81 50 55 51 156 52 62 71 15128 61 114 92 52 714 64 165 377
leaf_count=2433 1058 52 57 61 52 59 157 155 108 60 83 50 168 81 50 55 51 156 52 62 71 15128 61 114 92 52 714 64 165 377
internal_value=0 2.51019e-05 -2.7722e-06 -0.000301008 4.81812e-08 8.00253e-05 -1.95968e-06 -3.24415e-05 -7.28056e-05 -0.00012055 1.21182e-06 6.70061e-06 5.33986e-05 0.000142868 0.000273699 -7.11286e-07 -7.26454e-05 -6.15236e-08 -1.34014e-05 -0.000149359 -0.000251536 1.80986e-06 6.40445e-05 -1.50909e-06 6.90772e-07 1.43688e-06 3.6461e-05 0.000150166 -1.01399e-07 -3.18453e-05
internal_weight=21898 2133 19765 118 2081 111 1970 563 323 215 240 1407 349 181 100 19647 106 19541 2732 185 133 16809 217 2547 16592 16500 830 116 15670 542
internal_count=21898 2133 19765 118 2081 111 1970 563 323 215 240 1407 349 181 100 19647 106 19541 2732 185 133 16809 217 2547 16592 16500 830 116 15670 542
is_linear=0
shrinkage=0.05


Tree=207
num_leaves=31
num_cat=0
split_feature=120 13 2 48 28 6 23 116 3 110 11 116 75 13 138 33 116 23 23 83 114 33 76 22 43 22 50 137 96 61
split_gain=0.00052892 0.0156858 0.00390431 0.00106679 0.00044452 0.000382415 0.000802087 0.0012178 0.000297141 0.000192048 0.000865385 0.000467339 0.000181699 0.000941637 0.000208328 0.000394152 0.00066529 0.000746726 0.000205883 0.000456418 0.000419203 0.000391197 0.000358471 0.000324062 0.000305756 0.000297935 0.00183694 0.0029206 0.000592213 0.00120178
threshold=284.74030595000005 0.0040704037152777782 0.048280649000000009 54.500000000000007 43.750000000000007 0.0044520833333333339 24.378472222222225 277.03602370000004 0.028829380000000005 13.050000000000002 0.0039327827291666681 278.11471995000005 5.3500000000000005 0.0040352463333333342 12.310000000000002 -0.093398781172013792 267.42716360000003 19.341666666666669 21.801388888888891 15.950000000000001 23.250000000000004 0.53666964460179745 4.2500000000000009 34.000000000000007 0.38250000000000006 4.5000000000000009 998.75000000000011 1.7650000000000003 48.212500000000013 96.500000000000014
decision_type=10 2 2 2 2 2 2 10 2 10 2 10 2 2 2 2 10 2 2 2 10 2 2 2 2 2 2 2 2 2
left_child=2 4 12 -4 5 8 7 -7 -2 10 -8 -11 13 -1 18 16 -16 -18 19 20 22 24 -14 -21 -22 26 27 -20 29 -28
right_child=1 -3 3 -5 -6 6 9 -9 -10 11 -12 -13 14 -15 15 -17 17 -19 25 23 21 -23 -24 -25 -26 -27 28 -29 -30 -31
leaf_value=-6.3738467953128299e-06 0 0.00084188371364832997 -0.00046353253053705982 -3.9039495546134153e-05 -0.00013060909622459625 0.00027700543231614391 0 0 -0.00011043857480312434 0 0.0002064446665943771 -0.00015161716435188518 0 -0.00021317579693034836 -2.6892063545183651e-06 -1.6507881402675621e-06 0.00020392267749489346 2.7664472205631e-05 2.9180315685022965e-05 -5.1876307566629238e-05 0.00015449115338712766 0 -8.9224684116618008e-05 -3.8597268350095923e-06 0 -1.4105237489335839e-06 0.00025146388358110683 0.00045287719511686534 -8.6568758745338289e-05 2.693483770846268e-06
leaf_weight=1987 1264 56 57 61 61 77 183 146 66 164 55 61 2495 59 233 610 114 333 223 876 115 130 115 1015 51 8559 50 60 166 2456
leaf_count=1987 1264 56 57 61 61 77 183 146 66 164 55 61 2495 59 233 610 114 333 223 876 115 130 115 1015 51 8559 50 60 166 2456
internal_value=0 2.35675e-05 -2.63293e-06 -0.00028828 0 5.15783e-06 3.68989e-05 0.000114576 -7.47272e-06 0 3.05613e-05 -3.3715e-05 -6.48265e-07 -1.48812e-05 7.22909e-07 2.01806e-05 4.70804e-05 8.41318e-05 -5.10575e-07 -9.46267e-06 1.38119e-06 5.87825e-05 -3.23374e-06 -2.87616e-05 0.000109551 2.78536e-06 1.66263e-05 0.000137894 1.86516e-06 9.74972e-06
internal_weight=21898 2133 19765 118 2077 2016 686 223 1330 463 238 225 19647 2046 17601 1290 680 447 16311 4797 2906 296 2610 1891 166 11514 2955 283 2672 2506
internal_count=21898 2133 19765 118 2077 2016 686 223 1330 463 238 225 19647 2046 17601 1290 680 447 16311 4797 2906 296 2610 1891 166 11514 2955 283 2672 2506
is_linear=0
shrinkage=0.05


Tree=208
num_leaves=31
num_cat=0
split_feature=120 134 2 96 134 6 155 2 96 94 123 49 133 44 105 85 59 24 94 27 137 75 1 91 2 94 138 142 129 24
split_gain=0.000474205 0.0142927 0.0035829 0.00222322 0.00370214 0.00253218 0.00126561 0.000338732 0.00044515 0.000436735 0.000367703 0.000341713 0.000176558 0.00107059 0.000193343 0.000381049 0.000328668 0.00036381 0.000315283 0.00171863 0.00382424 0.000560051 0.00131951 0.00173484 0.000430648 0.000359411 0.00041301 0.000351598 0.000448858 0.00101097
threshold=284.74030595000005 3.2500000000000004 0.048280649000000009 44.76250000000001 8.8950000000000014 0.021539583333333338 0.028285714285714292 0.0049793635000000011 34.612500000000004 7.5000000000000009 0.25881904510252091 988.6500000000002 88.64500000000001 882.50000000000011 14.500000000000002 265.34393465000005 10.650900000000002 34.750000000000007 14.500000000000002 1592.0000000000002 0.7350000000000001 10.550000000000002 0.10242116400000002 21.650000000000002 6.6250000000000011e-05 27.500000000000004 6.9450000000000012 37.223981655325552 5.5000000000000009 60.20000000000001
decision_type=10 2 2 2 2 2 2 2 2 2 2 2 2 2 2 2 2 2 2 2 2 2 2 2 2 2 2 2 2 2
left_child=2 -2 12 5 -5 7 -4 8 9 -3 -10 -12 14 -14 15 -1 -17 -18 -16 20 -20 22 -21 -24 27 26 -26 -23 -29 -30
right_child=1 3 6 4 -6 -7 -8 -9 10 -11 11 -13 13 -15 18 16 17 -19 19 21 -22 24 23 -25 25 -27 -28 28 29 -31
leaf_value=5.4605861096316731e-05 0.00081787124812300052 0 -0.00044429958711618623 0.00053388742676664463 0 -0.00027246320740845621 -5.4934835184369484e-06 0.0001024987761122294 0 0.00013813641639474859 -0.00011589038229080893 0 -0.00023513318526868592 2.3769078862432459e-05 -3.0895051638181227e-07 -5.7675891435479801e-06 0 -7.3437145342669197e-05 -2.1752239037382154e-05 0 0.00043569612068648745 -3.112745170515197e-05 0 0.00035887414445542296 -8.6275268052120549e-05 0 0 3.825589838397524e-07 1.475603948692666e-05 0.00026564973393648804
leaf_weight=205 54 1340 61 50 75 88 57 77 119 59 212 59 55 51 11375 4730 201 422 67 229 76 213 53 70 360 368 186 666 256 64
leaf_count=205 54 1340 61 50 75 88 57 77 119 59 212 59 55 51 11375 4730 201 422 67 229 76 213 53 70 360 368 186 666 256 64
internal_value=0 2.22712e-05 -2.53516e-06 0 0.000204735 -1.1894e-05 -0.000276178 0 -3.90978e-06 6.15649e-06 -5.27304e-05 -8.58871e-05 -6.23207e-07 -6.47801e-05 -1.60326e-08 -8.14793e-06 -1.14948e-05 -4.68857e-05 2.85905e-06 1.85878e-05 0.000187982 6.66107e-06 6.53658e-05 0.000196892 -7.7953e-07 -2.87446e-05 -5.49979e-05 1.63779e-05 3.17272e-05 8.11824e-05
internal_weight=21898 2133 19765 2079 125 1954 118 1866 1789 1399 390 271 19647 106 19541 5558 5353 623 13983 2608 143 2465 352 123 2113 914 546 1199 986 320
internal_count=21898 2133 19765 2079 125 1954 118 1866 1789 1399 390 271 19647 106 19541 5558 5353 623 13983 2608 143 2465 352 123 2113 914 546 1199 986 320
is_linear=0
shrinkage=0.05


Tree=209
num_leaves=31
num_cat=0
split_feature=120 13 2 155 28 6 49 131 85 139 139 74 136 39 43 120 75 133 45 88 6 66 135 128 142 34 49 81 13 101
split_gain=0.000435819 0.0142838 0.00329073 0.00109228 0.000388549 0.000385363 0.000762405 0.000400271 0.000608911 0.000312672 0.00035863 0.000212338 0.000570029 0.000167689 0.000303503 0.000181432 0.000477735 0.00032698 0.00150039 0.00245392 0.000382838 0.000289345 0.000344991 0.000188991 0.000200406 0.000161566 0.000159664 0.000158587 0.000152606 0.000148271
threshold=284.74030595000005 0.0040704037152777782 0.048280649000000009 0.028285714285714292 43.750000000000007 0.0044520833333333339 970.6500000000002 93.410858925704943 264.56653695000006 89.302131517708077 94.163035462894698 19.150000000000002 0.6100000000000001 0.80500000000000005 0.41250000000000003 277.69192130000005 3.4500000000000006 87.745000000000019 92.500000000000014 13.512500000000001 0.0080270833333333357 21.275000000000002 1.8 10.558088792148371 331.33182725521624 0.39171563209314991 941.05000000000007 27.750000000000004 6.5153812500000024e-05 -8.1046719499999806
decision_type=10 2 2 2 2 2 2 2 2 2 2 2 2 2 2 10 2 2 2 2 2 2 2 2 2 2 2 2 2 2
left_child=2 4 13 -4 5 9 -7 8 -8 -2 -11 12 -10 15 -15 17 -17 29 19 -19 27 22 -18 24 -23 -9 -26 -20 -28 -1
right_child=1 -3 3 -5 -6 6 7 25 11 10 -12 -13 -14 14 -16 16 21 18 20 -21 -22 23 -24 -25 26 -27 28 -29 -30 -31
leaf_value=1.9478541971056137e-05 0 0.00080223725652837875 -0.00042244292078624226 -5.2235462373636363e-06 -0.00012334516377332847 0.00022352736072476817 0.00020981182324437118 0 0 -0.00016097374143746624 0 -5.8636296252741738e-05 0.00015948884506730924 -9.934327166411094e-05 0 -0.0001341807822804292 0.00013009341812600421 0 7.2772947485929477e-05 0.00038888408090584359 -0.00012588700668129604 0 0 0 0 -7.0210850818957043e-05 0 0 -9.4961201398859898e-05 -6.163412318691892e-07
leaf_weight=962 1197 56 61 57 61 53 57 257 107 68 65 50 69 119 77 84 56 52 76 70 59 282 814 308 82 93 60 107 271 16168
leaf_count=962 1197 56 61 57 61 53 57 257 107 68 65 50 69 119 77 84 56 52 76 70 59 282 814 308 82 93 60 107 271 16168
internal_value=0 2.13725e-05 -2.40968e-06 -0.000264659 0 3.73267e-06 3.58267e-05 1.18966e-05 6.02501e-05 -9.07898e-06 -8.15608e-05 0 4.48158e-05 -5.66738e-07 -4.64765e-05 0 -1.45325e-05 1.5133e-06 4.84464e-05 0.000193441 -4.56903e-06 -6.42968e-06 1.08326e-05 -2.63789e-05 -4.10198e-05 -1.3016e-05 -6.35527e-05 7.8421e-06 -7.89861e-05 2.21366e-07
internal_weight=21898 2133 19765 118 2077 2016 686 633 283 1330 133 226 176 19647 196 19451 1957 17494 364 122 242 1873 870 1003 695 350 413 183 331 17130
internal_count=21898 2133 19765 118 2077 2016 686 633 283 1330 133 226 176 19647 196 19451 1957 17494 364 122 242 1873 870 1003 695 350 413 183 331 17130
is_linear=0
shrinkage=0.05


Tree=210
num_leaves=31
num_cat=0
split_feature=2 69 100 29 89 83 3 89 55 0 91 114 30 160 100 131 85 43 9 89 16 49 50 150 141 120 137 14 105 135
split_gain=0.000637442 0.0182876 0.000264262 0.00145176 0.000237836 0.000448328 0.00125062 0.000378014 0.00336756 0.000301452 0.000235248 0.000513248 0.000224862 0.000191899 0.000300446 0.000226045 0.000255016 0.000297405 0.00017094 0.000164177 0.000157445 0.00128333 0.0013302 0.0002152 0.000378323 0.000566927 0.00104581 0.000658764 0.000315951 0.000260398
threshold=0.048280649000000009 272.33811725000004 7.6499999999999782 48.100000000000001 48.550000000000004 25.850000000000005 0.13177609650000002 47.800000000000004 2.1209460000000324 0.41135000000000005 18.350000000000005 18.250000000000004 -1.9928571428571404 0.15000000000000005 -3.0999999999999654 75.131285334062767 275.89372605000005 0.32250000000000006 0.042777777777777783 48.050000000000004 10.745000000000003 991.75000000000011 1023.2500000000001 0.015476190476190478 37.285000000000004 269.54671290000005 1.7650000000000003 0.020547432000000001 38.500000000000007 1.1150000000000004
decision_type=2 2 2 2 2 2 2 2 2 2 2 10 2 2 2 2 2 2 2 2 2 2 2 2 2 8 2 2 2 2
left_child=2 -2 4 10 7 6 12 9 -9 20 18 -12 -6 14 -7 16 17 -15 -4 -10 23 -22 -23 -1 28 26 -26 -27 29 -25
right_child=1 -3 3 -5 5 13 -8 8 19 -11 11 -13 -14 15 -16 -17 -18 -19 -20 -21 21 22 -24 24 25 27 -28 -29 -30 -31
leaf_value=3.7333837662691378e-06 0.00082061856196510646 -0.00038427575922021106 -9.1994196122578491e-05 -0.00028772200591668416 0 0 -0.00028963055696989282 0.00042783848417029201 -7.6092756530349911e-05 -9.446367598339466e-05 0.00016531369169768534 0 -4.8689041039425426e-05 0 0.000110238287832658 2.7077695020852834e-06 0 -0.00019845262843577361 0 1.770588562652395e-08 0 0 -0.00035830828487329807 1.9041288401050829e-05 5.2605601301954309e-06 -2.236032760462562e-05 0.0002758648226441246 0.00013210936690627838 2.0554920651853185e-06 -2.8379564765814007e-05
leaf_weight=13490 54 68 93 52 243 140 54 50 70 86 54 111 359 60 95 249 82 50 88 173 615 57 53 191 220 640 56 75 1363 2916
leaf_count=13490 54 68 93 52 243 140 54 50 70 86 54 111 359 60 95 249 82 50 88 173 615 57 53 191 220 640 56 75 1363 2916
internal_value=-1.85139e-06 0.000110724 -2.71639e-06 -4.35901e-05 -1.71997e-06 -2.22113e-05 -5.20281e-05 -1.08649e-07 5.58512e-05 -1.19412e-06 0 3.6401e-05 -2.1978e-05 0 4.19606e-05 -1.20542e-05 -5.70203e-05 -0.000106756 -4.49765e-05 -1.63732e-06 -5.27569e-07 -2.34417e-05 -0.000180272 8.64146e-08 -8.00611e-06 1.77361e-05 7.9014e-05 0 -1.48342e-05 -2.38505e-05
internal_weight=21907 122 21785 398 21387 1332 656 20055 293 19762 346 165 602 676 235 441 192 110 181 243 19676 725 110 18951 5461 991 276 715 4470 3107
internal_count=21907 122 21785 398 21387 1332 656 20055 293 19762 346 165 602 676 235 441 192 110 181 243 19676 725 110 18951 5461 991 276 715 4470 3107
is_linear=0
shrinkage=0.05


Tree=211
num_leaves=31
num_cat=0
split_feature=126 11 2 120 139 120 21 92 65 80 134 112 103 134 23 126 29 14 0 6 98 80 93 29 49 21 128 19 43 14
split_gain=0.00061321 0.00745104 0.00250662 0.0182491 0.00026045 0.0012039 0.00141236 0.00087995 0.0014424 0.000501704 0.000591576 0.000862261 0.000693545 0.000605269 0.000320004 0.00022724 0.00139547 0.000560358 0.000370089 0.000341944 0.000203726 0.000158584 0.000281619 0.000444256 0.000912011 0.000961007 0.00037122 0.000514838 0.000489834 0.000599014
threshold=4.5000000000000009 0.0046774578125000008 0.048280649000000009 280.03469790000003 88.481842832492205 275.40237950000005 0.36805555555555564 0.45000000000000007 21.550000000000004 36.287500000000016 3.8550000000000004 272.40131805000004 2794.5500000000006 3.5450000000000004 21.545138888888893 7.5000000000000009 48.550000000000004 0.030018785500000002 0.41135000000000005 0.0061784722222222232 -0.80000000000000016 35.412500000000009 264.36414660000008 27.950000000000006 974.95000000000016 0.61805555555555569 10.654924369919948 -6.8571428571427944e-05 0.38450000000000006 0.026079233500000003
decision_type=2 2 2 8 2 10 2 2 2 2 2 8 2 2 2 2 2 2 2 2 2 2 2 2 2 2 2 2 2 2
left_child=1 -1 4 -4 15 9 14 -8 -9 10 12 -12 13 -6 -7 16 17 19 21 -2 -20 22 23 24 25 -17 27 28 29 -25
right_child=2 -3 3 -5 5 6 7 8 -10 -11 11 -13 -14 -15 -16 18 -18 -19 20 -21 -22 -23 -24 26 -26 -27 -28 -29 -30 -31
leaf_value=0 0 -0.00062366914933171267 -0.0002475864277917224 0.00096615052901838415 -1.1200606050197038e-05 -8.5499601845456937e-05 -0.00015376709662362104 0.0002630927174341823 -2.0917307750431445e-05 0.00011540855599575836 0.00017731052266895718 0 0 -0.00023072492001745108 -0.00035263643471525628 4.3692939355943441e-05 0.00026402844754870629 -0.00014240893764508656 0 0.00013195169391110539 -0.0001516072051535524 -1.4519142413504777e-05 -1.3481627890673328e-06 0.00013976280349434393 -2.3662620961298682e-06 0.00033464976439400172 -1.820896112894013e-05 0 0 0
leaf_weight=560 262 51 68 50 143 113 73 57 94 91 76 562 222 83 57 195 57 57 50 61 62 1771 14471 241 148 53 848 876 323 132
leaf_count=560 262 51 68 50 143 113 73 57 94 91 76 562 222 83 57 195 57 57 50 61 62 1771 14471 241 148 53 848 876 323 132
internal_value=-1.7302e-06 -5.11068e-05 -7.64407e-08 0.000228489 -1.59678e-06 -2.11791e-05 -9.69782e-05 0 5.44226e-05 1.09306e-08 -5.15613e-06 2.03703e-05 -5.26087e-05 -0.00011451 -0.000205847 0 3.55827e-05 0 -8.40324e-07 2.63311e-05 -9.11444e-05 -4.25279e-08 1.15209e-06 1.57714e-05 6.62023e-05 0.000127048 5.42985e-06 2.13637e-05 5.36344e-05 9.29264e-05
internal_weight=21907 611 21296 118 21178 1571 394 224 151 1177 1086 638 448 226 170 19607 437 380 19170 323 112 19058 17287 2816 396 248 2420 1572 696 373
internal_count=21907 611 21296 118 21178 1571 394 224 151 1177 1086 638 448 226 170 19607 437 380 19170 323 112 19058 17287 2816 396 248 2420 1572 696 373
is_linear=0
shrinkage=0.05


Tree=212
num_leaves=31
num_cat=0
split_feature=126 19 19 66 95 15 139 120 101 133 76 74 96 126 126 56 131 0 13 92 43 161 101 128 128 141 103 118 99 83
split_gain=0.000551285 0.0062152 0.00222599 0.0166819 0.000284885 0.000656119 0.000241161 0.00111896 0.00159493 0.00247158 0.000635732 0.000547713 0.000515614 0.000865224 0.000206083 0.00127632 0.00217823 0.000336946 0.00033196 0.000204324 0.000233486 0.000201861 0.000188893 0.000391811 0.00165924 0.000347355 0.000256815 0.000199647 0.000180623 0.000219483
threshold=4.5000000000000009 0.0033142857142857123 0.018424285714285716 24.175000000000004 6.5000000000000009 0.0033187500000000005 88.481842832492205 275.69922785000006 -0.14583079999997037 87.815000000000012 0.55000000000000016 34.707142857142863 28.487500000000004 77.500000000000014 7.5000000000000009 -5.6422458999999767 86.769874021242742 0.41135000000000005 0.0015622657083333336 15.150000000000004 0.38650000000000007 0.091836734693877556 -8.1046719499999806 9.2517701771369225 9.0316322626687189 38.660000000000004 1793.6500000000003 11.550000000000002 4.3500000000000236 17.750000000000004
decision_type=2 2 2 2 2 2 2 10 2 2 2 2 2 2 2 2 2 2 2 2 2 2 2 2 2 2 2 8 2 2
left_child=1 4 6 -4 5 -1 14 11 9 -9 21 12 13 -8 15 16 -2 22 -17 20 -14 -10 23 24 -16 26 -25 -28 -24 -30
right_child=2 -3 3 -5 -6 -7 7 8 10 -11 -12 -13 19 -15 17 18 -18 -19 -20 -21 -22 -23 28 25 -26 -27 27 -29 29 -31
leaf_value=0 0.00035980078070705149 -0.00057697756020763126 -0.00023753622113187138 0.0009216986078479073 9.2408929679853216e-05 -0.00017308925486774789 0.00021086855497237089 -5.0066809986839711e-05 -0.00010824870463015248 -0.00048557374214786773 0.00016116655640534763 0.00012920420922137054 -0.00016432272801603179 0 0 0 0 -8.6985232477415433e-05 -0.00012504061475283377 -7.46428347429107e-06 0 0 -6.0530505814758986e-07 -7.150747911425221e-05 0.00032703082173856485 0.00012107066845632728 7.4771906801099372e-05 -2.0838403053255658e-06 -9.3136938050841265e-05 0
leaf_weight=433 69 50 68 50 71 57 53 164 58 55 53 79 79 562 158 216 95 112 57 342 76 50 17846 128 51 57 88 499 118 113
leaf_count=433 69 50 68 50 71 57 53 164 58 55 53 79 79 562 158 216 95 112 57 342 76 50 17846 128 51 57 88 499 118 113
internal_value=-1.68328e-06 -4.85082e-05 -1.02848e-07 0.000215266 0 -1.40827e-05 -1.54903e-06 -2.03925e-05 -9.51739e-05 -0.000183878 0 0 -5.50949e-06 1.96594e-05 0 3.38725e-05 0.000148046 -8.13006e-07 -1.6757e-05 -4.66712e-05 -0.000100526 -4.13862e-05 -3.97085e-08 2.10161e-05 8.20352e-05 0 -5.04425e-06 1.04214e-06 -1.46004e-06 -4.5654e-05
internal_weight=21907 611 21296 118 561 490 21178 1571 380 219 161 1191 1112 615 19607 437 164 19170 273 497 155 108 19058 981 209 772 715 587 18077 231
internal_count=21907 611 21296 118 561 490 21178 1571 380 219 161 1191 1112 615 19607 437 164 19170 273 497 155 108 19058 981 209 772 715 587 18077 231
is_linear=0
shrinkage=0.05


Tree=213
num_leaves=31
num_cat=0
split_feature=126 19 126 1 2 12 36 0 9 16 95 15 2 120 109 25 108 33 34 117 61 30 75 120 94 90 2 3 65 16
split_gain=0.000492145 0.00562641 0.0020218 0.0291859 0.00155568 0.000867847 0.000814896 0.000650733 0.000569128 0.000488107 0.000255872 0.000594848 0.000250159 0.000319273 0.000196353 0.000311365 0.00024165 0.00033904 0.000195322 0.000183919 0.000412099 0.000878928 0.000682148 0.000268083 0.000224521 0.000526681 0.000950297 0.000521491 0.0016227 0.000498468
threshold=4.5000000000000009 0.0033142857142857123 9.5000000000000018 0.14216828450000005 0.048280649000000009 0.03786111100000001 265.87830090000006 0.41135000000000005 0.84444444444444466 0.74500000000000011 6.5000000000000009 0.0033187500000000005 0.0049793635000000011 266.2525263500001 0.15000000000000005 30.500000000000004 267.00473350000004 0.46804700014076039 -0.76677488412466388 0.25000000000000006 1437.0000000000002 -0.50428571428571423 18.450000000000003 266.87233680000003 13.500000000000002 25.171428571428574 0.00077482300000000011 0.24488469250000003 20.450000000000003 0.18500000000000003
decision_type=2 2 2 2 2 2 2 2 2 2 2 2 2 10 2 2 2 2 2 10 2 2 2 8 2 2 2 2 2 2
left_child=1 10 3 5 7 8 -6 12 -2 -7 11 -1 19 -14 15 16 -15 -18 -9 23 -21 -22 -23 -4 -25 26 29 -27 -29 -26
right_child=2 -3 4 -5 6 9 -8 18 -10 -11 -12 -13 13 14 -16 -17 17 -19 -20 20 21 22 -24 24 25 27 -28 28 -30 -31
leaf_value=0 -4.6853233331641072e-06 -0.00054869434820241576 -2.252588156323679e-05 0.0010174779238334548 -0.00034497739994834528 0 0 0 0.0001456641418808974 -0.00020729098875762715 8.7852651438677441e-05 -0.0001645840081471698 0 0 0 0 -0.00013353081481717221 0 -0.00018733276994064527 0 0 0.00030949309693856518 0 -1.9250382189248572e-06 0.00010047102283990811 8.313010592814967e-06 0.00025674542679432006 -0.00032034777433913336 7.0896416414493218e-06 0
leaf_weight=433 506 50 1375 74 50 50 63 50 66 81 71 57 482 60 93 123 233 88 61 1174 213 55 53 13916 147 1795 59 50 51 328
leaf_count=433 506 50 1375 74 50 50 63 50 66 81 71 57 482 60 93 123 233 88 61 1174 213 55 53 13916 147 1795 59 50 51 328
internal_value=-1.63103e-06 -4.58812e-05 -1.24584e-07 7.87384e-05 -3.35827e-06 -1.42789e-05 -0.000188071 -2.08123e-06 4.16063e-06 -0.000132094 0 -1.3078e-05 -1.1689e-06 -2.45916e-05 -4.9264e-05 -6.20155e-05 -8.4392e-05 -0.000101613 -0.000122747 0 1.69751e-05 6.73667e-05 0.000183209 -1.27298e-06 2.10178e-07 1.44906e-05 5.84401e-05 0 -0.00010754 2.28166e-05
internal_weight=21907 611 21296 777 20519 703 113 20406 572 131 561 490 20295 1079 597 504 381 321 111 19216 1495 321 108 17721 16346 2430 534 1896 101 475
internal_count=21907 611 21296 777 20519 703 113 20406 572 131 561 490 20295 1079 597 504 381 321 111 19216 1495 321 108 17721 16346 2430 534 1896 101 475
is_linear=0
shrinkage=0.05


Tree=214
num_leaves=31
num_cat=0
split_feature=19 101 134 34 136 114 75 65 76 122 101 128 128 101 44 21 138 139 131 135 74 135 111 99 134 105 85 32 104 105
split_gain=0.000389247 0.0176453 0.00018833 0.000498349 0.00047109 0.00052535 0.000382927 0.000691145 0.000560286 0.000332108 0.000238957 0.00104955 0.00111443 0.000418439 0.00185997 0.000236199 0.00025879 0.000281733 0.000230098 0.000277231 0.00036548 0.000212322 0.000455706 0.000319418 0.000190186 0.000337207 0.000885774 0.00120065 0.000465452 0.000462007
threshold=0.018424285714285716 -0.29410644999998675 6.6000000000000005 -0.37239535435181703 0.015000000000000001 15.850000000000003 3.4500000000000006 22.550000000000004 0.95000000000000029 1.5000000000000002 -6.4763279499999831 9.1920742312629109 9.045340223537659 -5.6044297999999904 1487.5000000000002 0.76388888888888895 13.820000000000002 91.048068522959113 91.467890746291033 47.720000000000006 23.37857142857143 28.975000000000005 17.350000000000005 2.2500000000000004 7.3350000000000009 16.500000000000004 271.96422020000006 11.750000000000002 5.5500000000000016 10.500000000000002
decision_type=2 2 2 2 2 8 2 2 2 2 2 2 2 2 2 2 2 2 2 2 2 2 8 2 2 2 2 2 2 2
left_child=2 -2 3 -1 5 -5 -6 8 -8 -9 11 12 -4 14 -12 16 17 -11 19 -13 -21 -20 23 -23 25 26 27 29 -29 -15
right_child=1 -3 10 4 6 -7 7 9 -10 15 13 18 -14 24 -16 -17 -18 -19 21 20 -22 22 -24 -25 -26 -27 -28 28 -30 -31
leaf_value=2.0664792789735467e-06 0.00083084422573401575 -0.00036678710659369447 0 0.00017192874260997217 -0.0001819183715453368 0 -9.0835772163901358e-06 0 0.00015799882504479511 -6.6406607207950994e-05 0 0 0.00032651399378616074 -1.0986971508342928e-05 -0.00031439891237761039 0 0 -0.00022228864127002356 -3.9314257260428452e-06 0 -0.00014830604649647246 3.09154483448442e-06 0 0.0001959344084222851 -2.2142092621674206e-06 0 0 0.00037794319910440299 1.3250527596991395e-05 0.00011693226569505719
leaf_weight=2494 50 72 112 55 57 50 940 93 52 574 426 145 55 149 57 134 85 73 297 52 88 123 323 69 13461 1087 546 52 50 86
leaf_count=2494 50 72 112 55 57 50 940 93 52 574 426 145 55 149 57 134 85 73 297 52 88 123 323 69 13461 1087 546 52 50 86
internal_value=-1.54846e-06 8.61593e-05 -2.27308e-06 -1.12518e-05 -2.93303e-05 5.6798e-05 -3.63489e-05 -2.94435e-05 0 -5.96874e-05 0 2.10458e-05 0.000137671 -1.5266e-06 -4.73074e-05 -7.00169e-05 -8.1266e-05 -9.20265e-05 0 -3.50199e-05 -8.60408e-05 1.66173e-05 3.81423e-05 9.89573e-05 0 1.44133e-05 3.76409e-05 0.000101278 0.00024958 1.49367e-05
internal_weight=21907 122 21785 4607 2113 105 2008 1951 992 959 17178 1264 167 15914 483 866 732 647 1097 285 140 812 515 192 15431 1970 883 337 102 235
internal_count=21907 122 21785 4607 2113 105 2008 1951 992 959 17178 1264 167 15914 483 866 732 647 1097 285 140 812 515 192 15431 1970 883 337 102 235
is_linear=0
shrinkage=0.05


Tree=215
num_leaves=31
num_cat=0
split_feature=99 10 19 41 19 44 161 22 75 91 137 16 56 110 126 15 69 119 81 161 8 160 101 14 131 17 43 103 28 19
split_gain=0.000568666 0.00951365 0.00222966 0.00350883 0.000292492 0.000813713 0.000633157 0.000162812 0.000278588 0.000259778 0.000225572 0.00015953 0.000807772 0.00118949 0.00078884 0.000351613 0.000354836 0.000341912 0.00114592 0.000162473 0.000488099 0.00187174 0.000481008 0.00125349 0.000924539 0.000978425 0.00040523 0.000377474 0.00037081 0.000989005
threshold=4.1499999999999782 18.345000000000002 0.018424285714285716 68.500000000000014 0.014581428571428573 1227.5000000000002 0.091836734693877556 7.5000000000000009 16.350000000000005 20.150000000000002 1.6200000000000003 10.745000000000003 -9.3386302499999641 15.950000000000001 11.500000000000002 0.0089989583333333362 285.90130985000008 2.1500000000000008 34.250000000000007 0.31632653061224497 0.06819525246056711 0.002198067632850242 -5.0254400499999852 0.018157382500000003 158.47307163772192 0.011500000000000002 0.37350000000000005 2219.5000000000005 30.450000000000006 -0.0011699999999999998
decision_type=2 2 2 2 2 2 2 2 2 2 2 2 2 10 2 2 2 10 2 2 2 2 2 2 2 2 2 2 2 2
left_child=2 7 4 -4 11 -6 -7 9 10 -2 -9 19 13 -13 -14 -16 17 -17 -19 20 -1 -22 23 24 25 -21 28 -23 -24 -30
right_child=1 -3 3 -5 5 6 -8 8 -10 -11 -12 12 14 -15 15 16 -18 18 -20 22 21 27 26 -25 -26 -27 -28 -29 29 -31
leaf_value=-1.4496885630158072e-07 8.0566316719341563e-05 0.00068052574810129355 -0.00049536228856225737 0 0 0 -0.00028777113113495227 -0.00012908174765718147 0 -1.9481581288166864e-05 0 -0.00030768031906949262 -0.00016476648807645577 0 -1.1587171017882301e-05 0 0 0.00030132831116310219 0 0 -0.00026768624189177234 0.00012271311333380357 -3.7663225397106746e-06 -9.040972858435839e-06 0 0.0003432616091176897 -4.015788400439272e-05 -2.5233004919042706e-05 0 9.4632174101118326e-05
leaf_weight=16034 97 53 58 54 216 71 52 102 149 70 64 56 65 71 271 126 74 61 78 54 82 53 1509 201 94 79 451 204 882 409
leaf_count=16034 97 53 58 54 216 71 52 102 149 70 64 56 65 71 271 126 74 61 78 54 82 53 1509 201 94 79 451 204 882 409
internal_value=-1.37741e-06 4.89914e-05 -2.87916e-06 -0.000224704 -1.46041e-06 -4.76467e-05 -0.000150434 -1.13644e-05 -3.79788e-05 9.00183e-06 -8.3065e-05 -4.67609e-07 -2.23986e-05 -0.000137565 0 1.71798e-05 5.48486e-05 8.47361e-05 0.000140527 1.61279e-07 -1.71545e-06 -6.10712e-05 9.87036e-06 6.01409e-05 0.0001431 0.000228235 1.69818e-06 0 1.0237e-05 3.04652e-05
internal_weight=21840 535 21305 112 21193 339 123 482 315 167 166 20854 802 127 675 610 339 265 139 20052 16373 339 3679 428 227 133 3251 257 2800 1291
internal_count=21840 535 21305 112 21193 339 123 482 315 167 166 20854 802 127 675 610 339 265 139 20052 16373 339 3679 428 227 133 3251 257 2800 1291
is_linear=0
shrinkage=0.05


Tree=216
num_leaves=31
num_cat=0
split_feature=33 11 2 33 30 106 26 30 82 30 54 18 19 103 22 31 78 6 90 116 50 118 85 89 94 91 34 6 18 30
split_gain=0.000376035 0.00273449 0.00252132 0.0134898 0.000285957 0.000469494 0.000521071 0.000340968 0.000317584 0.000618591 0.000410565 0.000305443 0.000261662 0.00136192 0.000340292 0.000686396 0.00134486 0.00142928 0.00174971 0.000443996 0.000350695 0.000330057 0.000317619 0.000796991 0.000819825 0.000470803 0.000410747 0.000268619 0.000529658 0.000240517
threshold=-0.99078808157412945 0.0063192529166666679 0.048280649000000009 -0.32230054307774042 -1.2885714285714291 21.750000000000004 1.5000000000000002 -2.3785714285714277 19.458000000000002 -1.7557142857142856 0.03500000000000001 0.0041645833333333335 0.0033142857142857123 876.60000000000014 4.5000000000000009 26.450000000000003 3.5000000000000004 0.0018708333333333335 23.931632653061225 294.50643490000004 998.45000000000016 36.95000000000001 272.13263930000005 38.550000000000004 23.500000000000004 22.050000000000004 0.26840374438016085 0.0048687500000000007 0.0048833333333333341 -1.1971428571428586
decision_type=2 2 2 2 2 2 2 2 2 2 2 2 2 2 2 2 2 2 2 10 2 10 2 2 2 2 2 2 2 2
left_child=1 4 12 -4 7 -6 11 -1 -9 10 -10 -7 14 -14 15 19 17 -17 29 21 27 -2 -15 25 -25 26 -24 28 -16 -19
right_child=2 -3 3 -5 5 6 -8 8 9 -11 -12 -13 13 22 20 16 -18 18 -20 -21 -22 -23 23 24 -26 -27 -28 -29 -30 -31
leaf_value=-1.5630492169451743e-05 7.0725158561849733e-07 -0.00028430812357155928 0.00084846079257070372 -0.00025528840205201874 1.1977066725220771e-05 -4.4729639824797031e-05 -7.8150521479054724e-06 0 0.00021553171477767878 0 1.2497427445316769e-05 -0.00026444251825901208 -0.0002004169873209321 -3.4272618746342689e-05 -3.5933008955436297e-05 0 0 0 0.00047214936109242961 -0.00013500969582310064 3.961665639998161e-07 0.00012774601295851491 -1.2219517989139724e-06 0.00022079194931200836 0 -0.00011391450773732252 0.00014088297527765602 -5.7913773259432179e-05 5.0108552511870676e-05 0.00015578418895866318
leaf_weight=868 1995 94 50 50 234 154 375 405 85 140 125 52 99 587 535 134 383 79 58 55 13681 55 467 84 79 91 51 470 252 53
leaf_count=868 1995 94 50 50 234 154 375 405 85 140 125 52 99 587 535 134 383 79 58 55 13681 55 467 84 79 91 51 470 252 53
internal_value=-1.35509e-06 -1.95552e-05 7.73574e-07 0.000250018 -7.18498e-06 -3.19515e-05 -5.82251e-05 2.18487e-06 2.9274e-05 6.40919e-05 0.000119007 -0.000125355 -2.76686e-07 -2.0828e-05 1.13082e-06 1.7246e-05 6.00396e-05 0.0001349 0.000222874 4.77164e-07 -1.56903e-06 6.61407e-06 -3.9312e-06 1.26855e-05 0.000113 -6.10835e-06 3.37966e-06 -2.69158e-05 -2.00841e-06 7.30237e-05
internal_weight=21840 2532 19308 100 2438 815 581 1623 755 350 210 206 19208 1458 17750 2812 707 324 190 2105 14938 2050 1359 772 163 609 518 1257 787 132
internal_count=21840 2532 19308 100 2438 815 581 1623 755 350 210 206 19208 1458 17750 2812 707 324 190 2105 14938 2050 1359 772 163 609 518 1257 787 132
is_linear=0
shrinkage=0.05


Tree=217
num_leaves=31
num_cat=0
split_feature=99 12 2 41 19 44 90 28 138 16 49 110 83 74 120 99 0 126 0 23 1 2 160 160 160 62 2 107 133 116
split_gain=0.000501926 0.00922143 0.00215148 0.00316959 0.000259903 0.000742061 0.000562633 0.000159314 0.000417578 0.000139338 0.000736296 0.000753926 0.000263573 0.000564708 0.000296717 0.000147349 0.0010296 0.000346771 0.00257797 0.000250603 0.000640464 0.000141771 0.000158702 0.000345834 0.00016227 0.000150964 0.000646721 0.00155155 0.000330141 0.000956374
threshold=4.1499999999999782 0.055071705000000006 0.048280649000000009 68.500000000000014 0.014581428571428573 1227.5000000000002 19.694897959183674 7.0500000000000007 5.2900000000000009 10.745000000000003 992.1500000000002 14.450000000000001 14.850000000000003 20.992857142857147 276.06291075000007 3.5999999999999663 0.10225000000000002 6.5000000000000009 0.12235000000000001 26.703472222222228 0.04283675750000001 0.0047217085000000004 0.03465463108320252 0.16941609977324265 0.2704081632653062 41.95000000000001 0.0024100695000000005 13.350000000000003 83.205000000000013 282.48663990000006
decision_type=2 2 2 2 2 2 2 2 2 2 2 10 2 2 10 2 2 2 2 2 2 2 2 2 2 2 2 2 2 8
left_child=2 7 4 -4 9 -6 -7 -2 -9 15 12 -12 14 -14 -11 17 -17 18 19 20 -1 25 -23 -24 -25 26 28 -28 -19 -30
right_child=1 -3 3 -5 5 6 -8 8 -10 10 11 -13 13 -15 -16 16 -18 21 -20 -21 -22 22 23 24 -26 -27 27 -29 29 -31
leaf_value=0 3.4166235972489546e-05 0.00068781064163583026 -0.00047697676483085939 0 0 0 -0.00027030228515556061 7.6683641178240799e-07 -7.9954169991386636e-05 0 -0.00027473449830992013 0 -0.00014460638955190303 0 0.00011053796810986581 0 -0.00023895924816315527 0 0.00036868981198899249 -6.1734152821170732e-05 0.00017287528370234801 0 -0.00010926516124982302 4.4976952808022305e-05 -3.1536957181394446e-05 -5.0069558244578166e-06 6.4696900048974863e-06 0.00030268736740019392 0.00011222746536578923 -5.3994726186730728e-06
leaf_weight=555 65 50 58 54 216 70 53 198 222 281 53 54 85 247 82 650 50 10518 53 98 61 559 133 84 234 6123 303 61 257 313
leaf_count=555 65 50 58 54 216 70 53 198 222 281 53 54 85 247 82 650 50 10518 53 98 61 559 133 84 234 6123 303 61 257 313
internal_value=-1.29001e-06 4.60003e-05 -2.71432e-06 -0.000220597 -1.31659e-06 -4.48423e-05 -0.000143089 -1.11568e-05 -3.01121e-05 -3.67175e-07 -2.08867e-05 -0.000142434 0 -3.40718e-05 2.73538e-05 2.05186e-07 -2.19639e-05 1.26654e-06 3.41941e-05 1.89065e-06 2.02002e-05 0 -1.82971e-05 -4.03311e-05 0 9.52927e-07 4.5762e-06 7.05025e-05 1.9549e-06 3.89829e-05
internal_weight=21840 535 21305 112 21193 339 123 485 420 20854 802 107 695 332 363 20052 700 19352 767 714 616 18585 1010 451 318 17575 11452 364 11088 570
internal_count=21840 535 21305 112 21193 339 123 485 420 20854 802 107 695 332 363 20052 700 19352 767 714 616 18585 1010 451 318 17575 11452 364 11088 570
is_linear=0
shrinkage=0.05


Tree=218
num_leaves=31
num_cat=0
split_feature=99 12 2 41 19 44 90 22 75 91 137 115 42 133 124 137 19 140 0 138 80 22 120 99 89 36 137 89 106 46
split_gain=0.00046392 0.00832638 0.00191824 0.00289208 0.000235808 0.000686813 0.00049188 0.000135871 0.000248804 0.000235144 0.000196587 0.000133924 0.000558541 0.000350325 0.000336981 0.000924772 0.00118186 0.000566949 0.00100322 0.000378484 0.000514138 0.000293607 0.000615815 0.000463709 0.00114212 0.000431565 0.00107607 0.00024301 0.000298535 0.000217325
threshold=4.1499999999999782 0.055071705000000006 0.048280649000000009 68.500000000000014 0.014581428571428573 1227.5000000000002 19.694897959183674 7.5000000000000009 16.350000000000005 20.150000000000002 1.6200000000000003 8.5500000000000025 0.92500000000000016 88.200000000000003 -0.60355339059327384 0.045000000000000005 -0.0021257142857142846 77.280000000000015 0.0034500000000000004 6.0850000000000009 20.912500000000005 4.5000000000000009 289.99598200000008 2.6999999999999891 43.250000000000007 283.73129480000006 0.76500000000000012 47.550000000000004 11.350000000000003 50.500000000000007
decision_type=2 2 2 2 2 2 2 2 2 2 2 8 2 2 2 2 2 2 2 2 2 2 10 2 2 2 2 2 2 2
left_child=2 7 4 -4 11 -6 -7 9 10 -2 -9 12 14 21 15 16 -1 29 -19 -18 -21 22 23 25 -25 27 -27 -13 -29 -16
right_child=1 -3 3 -5 5 6 -8 8 -10 -11 -12 13 -14 -15 17 -17 19 18 -20 20 -22 -23 -24 24 -26 26 -28 28 -30 -31
leaf_value=0.0003212335168255346 7.8101862314246026e-05 0.00065409444475959648 -0.00045353215630018252 0 0 0 -0.00025703745162011869 -0.00012020452320656952 0 -1.5413661110505925e-05 0 8.8877260086266248e-06 0.00014085533701697721 -9.929569429134843e-05 8.7829052065490864e-06 6.1085741522231031e-07 0 0 -0.00021183042341611083 0 0.00019257658173837088 -6.7012742475924377e-06 -0.00012700607896372926 0 0.00027015529523071439 0 0.0002359151030441994 -0.00014034452211132299 0 -1.0964418012151273e-05
leaf_weight=56 94 50 58 54 216 70 53 102 151 74 64 1929 75 97 3627 1274 118 189 87 67 66 10304 69 140 62 122 70 60 241 2201
leaf_count=56 94 50 58 54 216 70 53 102 151 74 64 1929 75 97 3627 1274 118 189 87 67 66 10304 69 140 62 122 70 60 241 2201
internal_value=-1.22158e-06 4.42266e-05 -2.59955e-06 -0.000208356 -1.26648e-06 -4.27356e-05 -0.000137312 -9.57479e-06 -3.43302e-05 7.47723e-06 -7.72581e-05 -3.50596e-07 4.57747e-06 -3.65311e-06 2.57881e-06 2.34367e-05 0.000101617 -2.00756e-06 -7.21187e-05 3.16974e-05 9.46084e-05 -2.54704e-06 1.14886e-05 1.70821e-05 9.26534e-05 8.68013e-06 8.08437e-05 1.92351e-07 -3.88218e-05 4.66758e-07
internal_weight=21840 535 21305 112 21193 339 123 485 317 168 166 20854 7760 13094 7685 1581 307 6104 276 251 133 12997 2693 2624 202 2422 192 2230 301 5828
internal_count=21840 535 21305 112 21193 339 123 485 317 168 166 20854 7760 13094 7685 1581 307 6104 276 251 133 12997 2693 2624 202 2422 192 2230 301 5828
is_linear=0
shrinkage=0.05


Tree=219
num_leaves=31
num_cat=0
split_feature=33 11 30 103 1 15 25 15 103 133 107 118 16 133 101 100 103 100 36 141 16 105 141 100 91 94 75 92 1 94
split_gain=0.000336515 0.00239736 0.000658708 0.0196026 0.00115059 0.000271491 0.000367259 0.000299601 0.00052377 0.000674003 0.000202692 0.000204446 0.000234622 0.000217636 0.00107944 0.00194647 0.000238826 0.00037633 0.000221246 0.0020752 0.000391187 0.000875233 0.000204144 0.000990998 0.000229454 0.000300482 0.000736429 0.000272198 0.000264105 0.000196449
threshold=-0.99078808157412945 0.0063192529166666679 0.8814285714285709 876.60000000000014 0.14216828450000005 0.00036041666666666671 3.5000000000000004 0.00019895833333333335 2165.5500000000006 58.125000000000007 20.650000000000002 7.7500000000000009 6.8200000000000012 87.745000000000019 -4.0148101999999701 3.3500000000000232 2741.8500000000004 -0.54999999999995441 283.73129480000006 38.720000000000006 1.1850000000000003 17.500000000000004 38.060000000000009 6.8000000000000123 21.050000000000004 10.500000000000002 9.8500000000000032 16.550000000000008 0.022067102000000002 10.500000000000002
decision_type=2 2 2 2 2 2 2 2 2 2 2 8 2 2 2 2 2 2 2 2 2 2 2 2 2 2 2 2 2 2
left_child=1 5 10 -4 -5 7 -7 -1 9 -9 11 12 -2 18 -15 16 -16 -18 22 20 -20 -22 29 24 25 -24 -27 -28 -26 -13
right_child=2 -3 3 4 -6 6 -8 8 -10 -11 -12 13 -14 14 15 -17 17 -19 19 -21 21 -23 23 -25 28 26 27 -29 -30 -31
leaf_value=-2.6034275660775892e-06 -7.039204786674337e-06 -0.00026639131788282325 0.00096791330693829665 5.1472673948272242e-06 -0.00017601156626466385 0.00010869232739900681 0 0 0 -0.00027083913586063664 -2.1686400582598236e-05 -1.6553330622871687e-06 -8.4644606632408082e-05 -0.00010154977544663929 -8.5730855657382199e-06 0.0003599985995178781 0 0.00017224243354681116 -2.5850103683465705e-05 0.00032335509051865138 0.00023405514683100541 0 -6.5477813037436668e-06 -0.00023029292949003222 0 0.00020730535032271289 -9.495413125967808e-05 5.5789510084543821e-05 -0.00011301929554144754 1.1741271602084071e-05
leaf_weight=835 1448 94 53 827 93 81 1192 67 203 60 1117 9091 133 73 133 56 55 51 392 54 52 115 1322 53 224 58 51 67 102 3688
leaf_count=835 1448 94 53 827 93 81 1192 67 203 60 1117 9091 133 73 133 56 55 51 392 54 52 115 1322 53 224 58 51 67 102 3688
internal_value=-1.15884e-06 -1.83927e-05 8.43054e-07 4.10515e-05 -7.90787e-06 -6.67553e-06 6.30235e-06 -2.51379e-05 -6.68712e-05 -0.000147626 -1.02016e-06 3.13466e-08 -1.67776e-05 2.05154e-06 4.03293e-05 9.25547e-05 7.81777e-06 7.50005e-05 7.98981e-07 3.02737e-05 0 6.52538e-05 -9.46742e-08 -1.57886e-05 -6.6932e-06 0 6.26389e-05 0 -4.4769e-05 1.82029e-06
internal_weight=21840 2532 19308 973 920 2438 1273 1165 330 127 18335 17218 1581 15637 368 295 239 106 15269 613 559 167 14656 1877 1824 1498 176 118 326 12779
internal_count=21840 2532 19308 973 920 2438 1273 1165 330 127 18335 17218 1581 15637 368 295 239 106 15269 613 559 167 14656 1877 1824 1498 176 118 326 12779
is_linear=0
shrinkage=0.05


Tree=220
num_leaves=31
num_cat=0
split_feature=19 108 120 11 82 120 136 94 138 89 122 42 138 112 21 101 41 105 66 92 21 24 82 117 18 54 94 139 138 116
split_gain=0.00208855 0.0192301 0.000184402 0.00148639 0.00312772 0.000966115 0.000321192 0.000616518 0.00126494 0.000321393 0.000431534 0.000213363 0.000196534 0.000433472 0.000526254 0.000927321 0.000259819 0.000175488 0.000442259 0.000340094 0.000348811 0.000338215 0.000450529 0.000191186 0.000438057 0.00016639 0.000162849 0.000261077 0.000478237 0.000162302
threshold=0.018424285714285716 272.13830045000003 285.56767235000007 0.0054437020069444458 15.702000000000004 285.37785410000009 0.59000000000000008 5.5000000000000009 5.5000000000000009 35.45000000000001 1.5000000000000002 0.45500000000000007 12.310000000000002 281.42937500000005 0.35416666666666669 -5.1157518500000085 69.500000000000014 10.500000000000002 26.425000000000004 13.650000000000004 0.65972222222222232 32.600000000000009 13.031217391304351 0.25000000000000006 0.00018125000000000001 0.25500000000000006 19.500000000000004 65.403081428415007 4.8150000000000004 294.25466615000005
decision_type=2 2 10 2 2 10 2 2 2 2 2 2 2 8 2 2 2 2 2 2 2 2 2 10 2 2 2 2 2 8
left_child=2 -2 5 6 -5 12 9 -8 -9 -4 -11 -12 17 14 15 -14 -17 18 25 20 -20 22 -19 -23 -25 -1 27 28 -26 -27
right_child=1 -3 3 4 -6 -7 7 8 -10 10 11 -13 13 -15 -16 16 -18 21 19 -21 -22 23 -24 24 26 29 -28 -29 -30 -31
leaf_value=-8.0553776662813116e-06 0.0009562524816954885 -0.00029089645175297527 0 0 -0.00046662087775687484 0.00020302706063745772 -4.1974122744441884e-06 0.00025747745374877319 0 0 -0.00013923248807450842 0 0.0002835145871608802 -1.4024076445666339e-05 9.4711707938972051e-07 6.4576957079950868e-05 0 0 -0.00011499365332977711 0 0 -1.822145673695516e-06 0.00013175775623893603 0.0001624368862056664 0.00016907203605650111 8.4277325762010039e-05 -1.1300838012628978e-05 0 2.0244919412535459e-06 0
leaf_weight=2105 51 67 687 51 54 58 530 74 196 67 151 102 57 509 653 256 95 152 247 212 54 14015 113 55 78 96 352 277 256 184
leaf_count=2105 51 67 687 51 54 58 530 74 196 67 151 102 57 509 653 256 95 152 247 212 54 14015 113 55 78 96 352 277 256 184
internal_value=6.39336e-07 0.000209615 -2.74715e-07 -1.52669e-05 -0.000198012 9.19748e-07 -1.77887e-06 1.8623e-05 8.17191e-05 -2.29496e-05 -6.44745e-05 -9.74723e-05 6.35106e-08 1.72512e-05 3.69622e-05 8.22358e-05 3.46324e-05 -1.14558e-06 -1.25336e-05 -5.50411e-05 -8.92836e-05 6.85588e-07 5.66193e-05 0 2.05763e-05 -1.27572e-06 7.12737e-06 2.5915e-05 5.63492e-05 3.17465e-05
internal_weight=21854 118 21736 1912 105 19824 1807 800 270 1007 320 253 19766 1570 1061 408 351 18196 2898 513 301 15298 265 15033 1018 2385 963 611 334 280
internal_count=21854 118 21736 1912 105 19824 1807 800 270 1007 320 253 19766 1570 1061 408 351 18196 2898 513 301 15298 265 15033 1018 2385 963 611 334 280
is_linear=0
shrinkage=0.05


Tree=221
num_leaves=31
num_cat=0
split_feature=2 116 0 83 126 13 24 18 12 12 1 61 98 14 77 16 133 55 135 138 114 21 116 99 141 85 15 16 132 120
split_gain=0.00185027 0.0192981 0.000186479 0.003987 0.000245958 0.00235974 0.000331659 0.000830157 0.00031745 0.000155873 0.000223363 0.000197802 0.000194417 0.00032006 0.000118555 0.00104455 0.000962494 0.000212363 0.000215375 0.000188276 0.000702921 0.000746588 0.000928557 0.000224797 0.000212776 0.000192153 0.000588657 0.000925684 0.000202074 0.000626874
threshold=0.048280649000000009 273.65469290000004 0.41135000000000005 18.950000000000003 9.5000000000000018 0.0039224199861111128 60.45000000000001 0.025133333333333337 0.076501914000000018 0.037167518000000004 0.0073679850000000014 96.500000000000014 -4.1999999999999966 0.011224909500000001 267.33347680000003 17.135000000000005 88.64500000000001 -5.5432669999999566 6.5050000000000017 12.310000000000002 18.650000000000002 0.35416666666666669 270.67267450000003 4.5999999999999668 36.845000000000006 264.03867240000005 0.00025937500000000006 0.69500000000000017 1.5000000000000002 275.32907655000002
decision_type=2 10 2 2 2 2 2 2 2 2 2 2 2 2 2 2 2 2 2 2 8 2 10 2 2 2 2 2 2 10
left_child=2 -2 4 -4 5 6 8 -8 9 10 -1 -11 13 -12 15 17 19 -6 -19 23 21 22 -21 25 -25 26 -16 -28 29 -27
right_child=1 -3 3 -5 14 -7 7 -9 -10 11 12 -13 -14 -15 16 -17 -18 18 -20 20 -22 -23 -24 24 -26 28 27 -29 -30 -31
leaf_value=-5.7392426607855394e-06 -0.00029564287083263955 0.00095842329394323392 -0.00016443566658920847 0.0004042835718374355 4.8434025533310835e-06 -0.00034386607884979726 0 -0.00018329666155452666 9.9743097083774041e-05 0 0 -0.00010646428010204544 0 0.00017140176663580801 -1.9838373084071678e-05 -0.00019197621346225599 0.00015821206470461379 -8.0801395175491804e-05 -6.6468951682372557e-06 0.00033339415087539241 -8.4366019889727121e-07 0 3.6933436942842578e-05 -8.967948723078307e-05 0 0 0.00026102686978469314 0 1.5375931078181254e-06 -8.5111561512858582e-05
leaf_weight=735 68 50 58 53 2345 54 91 86 79 50 52 77 82 61 104 75 98 150 1014 55 933 242 154 135 50 1475 61 125 12961 281
leaf_count=735 68 50 58 53 2345 54 91 86 79 50 52 77 82 61 104 75 98 150 1014 55 933 242 154 135 50 1475 61 125 12961 281
internal_value=6.19712e-07 0.000197313 -2.27097e-07 6.36572e-05 -7.89144e-07 -2.13884e-05 -4.06899e-06 -6.9006e-05 1.70309e-06 -9.85858e-07 1.09422e-06 -5.51699e-05 5.22592e-05 9.46518e-05 3.55065e-07 -7.58025e-06 2.36093e-06 -2.16096e-06 -2.05559e-05 1.1284e-06 1.88366e-05 7.05237e-05 0.000139975 -1.56867e-07 -5.49598e-05 1.89183e-07 4.06073e-05 0.000101068 -2.70244e-07 -1.64529e-05
internal_weight=21854 118 21736 111 21625 1367 1313 177 1136 1057 930 127 195 113 20258 3584 16674 3509 1164 16576 1384 451 209 15192 185 15007 290 186 14717 1756
internal_count=21854 118 21736 111 21625 1367 1313 177 1136 1057 930 127 195 113 20258 3584 16674 3509 1164 16576 1384 451 209 15192 185 15007 290 186 14717 1756
is_linear=0
shrinkage=0.05


Tree=222
num_leaves=31
num_cat=0
split_feature=2 69 44 0 13 120 136 43 116 77 133 21 120 16 30 83 51 63 16 90 119 118 3 83 24 116 41 137 137 13
split_gain=0.00163782 0.019043 0.000166462 0.00175669 0.000492111 0.0026404 0.000323128 0.000401799 0.000669691 0.000900122 0.00102272 0.00145338 0.00180118 0.000759616 0.000504451 0.000470077 0.000349561 0.00032519 0.000615522 0.00105401 0.000307613 0.000348438 0.000860907 0.000272077 0.000231253 0.00025144 0.000273216 0.000301347 0.000233912 0.000210367
threshold=0.048280649000000009 272.33811725000004 1032.5000000000002 0.41135000000000005 0.005645266708333335 283.09610755000006 0.38500000000000006 0.29450000000000004 271.61339225 267.33347680000003 14.180000000000001 0.34027777777777785 275.61676305000009 2.0400000000000005 -0.58857142857142841 15.65 179.50000000000003 10.651350000000003 0.20500000000000004 20.947959183673472 15.250000000000002 25.150000000000002 0.073562897500000016 16.050000000000004 60.000000000000007 271.61339225 80.500000000000014 3.7550000000000003 0.065000000000000016 0.0010926004305555558
decision_type=2 2 2 2 2 10 2 2 8 2 2 2 10 2 2 2 2 2 2 2 10 10 2 2 2 8 2 2 2 2
left_child=2 -2 3 -1 6 -6 7 23 9 -9 -11 12 13 -12 15 -13 20 18 19 -18 21 24 -23 -4 25 26 27 28 -8 -10
right_child=1 -3 4 -5 5 -7 16 8 29 10 11 14 -14 -15 -16 -17 17 -19 -20 -21 -22 22 -24 -25 -26 -27 -28 -29 -30 -31
leaf_value=1.4693162323943346e-06 0.00089583282631991272 -0.00034125306556681892 0 0.00026097979527548891 0 -0.00039668363661108107 0 -4.0406524741757266e-06 -2.2324371301966524e-05 0 0.00049680440328330204 0 0 8.1075437161703842e-05 0 0.00016339605174243846 0 -9.2338008585074091e-06 0 0.0002374829125332601 4.8526533238898955e-05 0 -0.00027278476548469016 -5.5521831658141672e-05 3.4717057195745105e-06 0 0 0 -6.8756337235009005e-05 1.4155132928374401e-05
leaf_weight=12689 54 64 174 65 158 50 260 581 958 409 64 107 70 56 213 119 72 1615 532 85 92 76 52 371 412 365 277 361 936 517
leaf_count=12689 54 64 174 65 158 50 260 581 958 409 64 107 70 56 213 119 72 1615 532 85 92 76 52 371 412 365 277 361 936 517
internal_value=5.60457e-07 0.000185625 -2.22688e-07 3.20426e-06 -5.6452e-06 -8.25509e-05 -3.24305e-06 7.33255e-06 1.53962e-05 3.81036e-05 6.64865e-05 0.00010653 0.000228993 0.000346393 4.17642e-05 9.45334e-05 -1.17111e-05 7.2974e-07 3.131e-05 0.000118408 -2.35983e-05 -2.78625e-05 -0.000117847 -2.9232e-05 -2.14935e-05 -2.84431e-05 -3.62283e-05 -4.45449e-05 -5.6675e-05 -6.14953e-06
internal_weight=21854 118 21736 12754 8982 208 8774 3639 3094 1619 1038 629 190 120 439 226 5135 2304 689 157 2831 2739 128 545 2611 2199 1834 1557 1196 1475
internal_count=21854 118 21736 12754 8982 208 8774 3639 3094 1619 1038 629 190 120 439 226 5135 2304 689 157 2831 2739 128 545 2611 2199 1834 1557 1196 1475
is_linear=0
shrinkage=0.05


Tree=223
num_leaves=31
num_cat=0
split_feature=2 116 107 0 98 43 93 133 138 128 126 11 12 7 112 78 15 54 126 94 59 137 140 67 40 86 24 25 73 37
split_gain=0.00144633 0.0176166 0.000157828 0.000667304 0.000281447 0.000228054 0.000207336 0.000323394 0.000572782 0.000303357 0.000193021 0.00352931 0.000964877 0.000473417 0.000495615 0.000195148 0.000537487 0.00017131 0.000164211 0.000167573 0.000120119 0.000115373 0.000248736 0.000493946 0.000463608 0.000482563 0.000478732 0.000223891 0.000445537 0.000596231
threshold=0.048280649000000009 273.65469290000004 17.450000000000003 0.41135000000000005 0.099999999999999881 0.40550000000000008 265.51987875000003 14.180000000000001 4.785000000000001 9.8282789691267798 9.5000000000000018 0.0054437020069444458 0.076501914000000018 0.08135000000000002 274.94868795000008 6.5000000000000009 0.0004645833333333334 0.39500000000000007 63.500000000000007 25.500000000000004 15.960800000000001 1.5450000000000002 34.345000000000006 14.450000000000001 1.0000000180025095e-35 9.5000000000000018 33.900000000000006 10.500000000000002 29.750000000000004 0.95000000000000007
decision_type=2 10 2 2 2 2 2 2 2 2 2 2 2 2 10 2 2 2 2 2 2 2 2 2 2 2 2 2 2 2
left_child=2 -2 3 10 6 17 7 -4 -9 -8 11 12 13 -1 -15 21 -17 18 19 20 -6 27 -23 -24 25 26 -25 28 29 -12
right_child=1 -3 4 -5 5 -7 9 8 -10 -11 15 -13 -14 14 -16 16 -18 -19 -20 -21 -22 22 23 24 -26 -27 -28 -29 -30 -31
leaf_value=0 -0.00029473852691834501 0.00090391326621494386 0 0.00014111151129134883 -7.2413723594949529e-05 4.9312107533723411e-06 -9.9271477695621902e-05 0.00017679651413619657 0 0 -7.5305768348996269e-06 -0.00037145713705217875 0.00020591389089399441 0 -0.00016864236843585706 0.00014433463326764064 0 0 0 0 0 0 7.3349347144309214e-06 0 0 0 0.00025111999335644561 1.931609724166735e-06 -5.2824491951843331e-05 0.00016083345939306421
leaf_weight=998 68 50 535 84 606 195 94 82 128 220 2172 66 54 70 87 89 98 144 248 196 61 3297 1745 53 125 50 88 9507 592 52
leaf_count=998 68 50 535 84 606 195 94 82 128 220 2172 66 54 70 87 89 98 144 248 196 61 3297 1745 53 125 50 88 9507 592 52
internal_value=5.74868e-07 0.000174476 -1.47163e-07 1.15701e-06 -1.21298e-05 -2.70226e-05 3.55098e-06 2.17804e-05 7.42219e-05 -2.37591e-05 2.74364e-07 -1.8173e-05 0 -8.32735e-06 -8.94323e-05 1.87146e-06 5.31561e-05 -3.59684e-05 -4.29698e-05 -5.33998e-05 -6.56914e-05 1.04331e-06 7.32353e-06 2.09991e-05 8.04207e-05 0.000129285 0.00017634 -1.28197e-06 -1.3903e-05 -1.2763e-06
internal_weight=21854 118 21736 19227 2509 1450 1059 745 210 314 19143 1275 1209 1155 157 17868 187 1255 1111 863 667 17681 5358 2061 316 191 141 12323 2816 2224
internal_count=21854 118 21736 19227 2509 1450 1059 745 210 314 19143 1275 1209 1155 157 17868 187 1255 1111 863 667 17681 5358 2061 316 191 141 12323 2816 2224
is_linear=0
shrinkage=0.05


Tree=224
num_leaves=31
num_cat=0
split_feature=2 114 44 1 9 47 34 7 126 16 137 133 90 92 90 93 50 137 138 94 85 77 50 140 84 22 59 105 115 118
split_gain=0.00127593 0.0180998 0.000142799 0.0015033 0.00063333 0.000675702 0.00124627 0.000345984 0.000799929 0.000334438 0.000293053 0.000560693 0.00138487 0.000469474 0.000408801 0.000400013 0.000409434 0.000333254 0.000336392 0.00165737 0.000296801 0.000958975 0.0002778 0.000274656 0.000363342 0.00030832 0.000219223 0.000215842 0.000208406 0.000188215
threshold=0.048280649000000009 20.850000000000005 1032.5000000000002 0.61966513750000007 1.770763888888889 2.5000000000000004 0.37071111889607705 0.17975000000000005 46.500000000000007 1.0650000000000002 0.21000000000000005 59.185000000000009 20.633673469387762 1.0000000180025095e-35 24.229591836734695 268.01679710000008 1017.1500000000002 3.6550000000000007 4.6100000000000003 8.5000000000000018 263.93243280000007 267.33347680000003 1020.7500000000001 11.840000000000002 10.350000000000003 4.5000000000000009 11.929800000000002 24.500000000000004 0.75000000000000011 7.1500000000000012
decision_type=2 10 2 2 2 2 2 2 2 2 2 2 2 2 2 2 2 2 2 2 2 2 2 2 2 2 2 2 8 10
left_child=2 -2 3 -1 10 6 9 26 -9 -6 11 12 -4 15 -14 16 27 22 19 -19 21 -13 23 -15 -25 -26 29 -12 -22 -7
right_child=1 -3 4 -5 5 7 -8 8 -10 -11 13 20 14 17 -16 -17 -18 18 -20 -21 28 -23 -24 24 25 -27 -28 -29 -30 -31
leaf_value=1.4417759498820715e-06 -0.00033093185778364101 0.00088070527017270308 0 0.00024160450546663597 0 0 -0.00034615748842685103 0.00014342945332937234 -8.9158182747181309e-06 -0.00011034652734255954 0.00017124329434779984 0 0.00026740536233712728 0 2.5165338084551986e-05 0 0 0 -1.8955931930396387e-06 0.0002785682442526405 8.2269962120055712e-05 0.00023070561233029809 2.0578339109517987e-07 -5.0831181294899613e-05 8.2191538123688106e-05 -2.1780247925629311e-05 0 0 -1.2066200339030809e-05 -7.2891850051174691e-05
leaf_weight=12689 66 52 329 65 170 62 50 99 351 100 107 186 88 865 90 463 148 189 883 64 51 57 721 1480 94 271 121 63 1520 360
leaf_count=12689 66 52 329 65 170 62 50 99 351 100 107 186 88 865 90 463 148 189 883 64 51 57 721 1480 94 271 121 63 1520 360
internal_value=5.79385e-07 0.000163907 -8.47623e-08 3.0766e-06 -5.13019e-06 -3.72141e-05 -0.000102752 -1.09818e-05 1.37574e-05 -3.8116e-05 0 1.51893e-05 6.17566e-05 -6.06741e-06 0.000173682 2.77871e-05 7.09061e-05 -1.29562e-05 7.43071e-06 5.9545e-05 0 5.3163e-05 -2.11634e-05 -2.8691e-05 -3.976e-05 0 -4.06627e-05 0.000123956 -5.77268e-06 -5.84985e-05
internal_weight=21854 118 21736 12754 8982 1313 320 993 450 270 7669 2321 507 5348 178 781 318 4567 1136 253 1814 243 3431 2710 1845 365 543 170 1571 422
internal_count=21854 118 21736 12754 8982 1313 320 993 450 270 7669 2321 507 5348 178 781 318 4567 1136 253 1814 243 3431 2710 1845 365 543 170 1571 422
is_linear=0
shrinkage=0.05


Tree=225
num_leaves=31
num_cat=0
split_feature=4 100 2 82 116 49 121 136 12 12 61 6 18 59 44 124 119 43 30 160 103 22 61 21 136 100 33 15 49 29
split_gain=0.000596349 0.00767944 0.000368554 0.013148 0.000259937 0.000439646 0.000221774 0.00052255 0.000581334 0.000188313 0.000804093 0.00276088 0.000169871 0.00063294 0.000404697 0.000387477 0.000643087 0.000476178 0.000165093 0.000322036 0.000943061 0.000881232 0.000671157 0.000628431 0.000169886 0.000164925 0.000181123 0.000378198 0.000435161 0.000616659
threshold=0.034660335500000007 4.5999999999999668 0.048280649000000009 19.606000000000005 272.88588735000008 979.85000000000002 1.1500000000000001 0.43000000000000005 0.018874784000000002 0.075782581500000015 124.25000000000001 0.022136805555555559 0.064287500000000011 5.8722500000000011 1237.5000000000002 0.60355339059327384 13.450000000000001 0.32850000000000007 -3.4242857142857139 0.096396683673469416 2484.7500000000009 39.500000000000007 243.40000000000006 0.67361111111111127 0.74500000000000011 -6.3500000000000218 -0.63132396541088176 0.0013937500000000002 986.05000000000007 28.250000000000004
decision_type=2 2 2 2 8 2 10 2 2 2 2 2 2 2 2 2 8 2 2 2 2 2 2 2 2 2 2 2 2 2
left_child=2 4 6 -4 -2 -6 9 8 -8 18 11 -11 14 -14 -12 16 17 -15 19 20 21 22 -1 -24 -21 -20 27 -27 29 -29
right_child=1 -3 3 -5 5 -7 7 -9 -10 10 12 -13 13 15 -16 -17 -18 -19 25 24 -22 -23 23 -25 -26 26 -28 28 -30 -31
leaf_value=0 0 0.00062503777034250501 0.00069664250678198305 -0.00036595170989312469 -0.00017612155046730122 0 0 0 -0.00016528005276507808 4.3115926332762177e-06 0 -0.00040497794779009402 -2.5727537297947788e-05 0.00026230190708241493 -5.963232017194969e-05 0 0 0 -2.2973891553061166e-05 -2.6853801579231822e-05 1.4336107296407537e-06 0 0.0002984344540343973 0 1.0294965195738003e-05 -1.2147134435150294e-05 5.0734687901371027e-06 -2.9195850028288176e-05 -2.0290371338096337e-05 5.8940762141840172e-05
leaf_weight=63 55 51 52 59 67 73 167 344 122 72 799 56 267 76 374 67 54 65 797 571 1241 175 100 53 436 5444 8899 182 390 770
leaf_count=63 55 51 52 59 67 73 167 344 122 72 799 56 267 76 374 67 54 65 797 571 1241 175 100 53 436 5444 8899 182 390 770
internal_value=0 7.73207e-05 -8.08622e-07 8.89728e-05 -4.28763e-05 -8.46421e-05 -1.50608e-06 -3.07719e-05 -8.10857e-05 -3.81797e-07 -1.58569e-05 -0.000137744 -3.67884e-06 1.54165e-05 -1.65552e-05 7.62954e-05 0.00011293 0.000170073 8.38544e-07 1.25713e-05 2.69747e-05 9.50741e-05 0.00016273 0.000219567 -5.81496e-06 -7.37335e-07 7.52057e-08 -5.74248e-06 1.65055e-05 3.68316e-05
internal_weight=21941 246 21695 111 195 140 21584 633 289 20951 1830 128 1702 529 1173 262 195 141 19121 2639 1632 391 216 153 1007 16482 15685 6786 1342 952
internal_count=21941 246 21695 111 195 140 21584 633 289 20951 1830 128 1702 529 1173 262 195 141 19121 2639 1632 391 216 153 1007 16482 15685 6786 1342 952
is_linear=0
shrinkage=0.05


Tree=226
num_leaves=31
num_cat=0
split_feature=126 11 21 99 116 3 0 19 33 34 89 1 85 119 128 32 15 116 50 54 155 6 15 44 62 134 15 129 93 17
split_gain=0.000587386 0.0123637 0.000480632 0.000424952 0.000891793 0.000466027 0.000343577 0.000343979 0.000560983 0.00031076 0.000144816 0.000449897 0.000165611 0.000153751 0.000333697 0.00141067 0.000187187 0.000882654 0.000990854 0.000352467 0.000442578 0.000678109 0.000187769 0.00021394 0.000389437 0.00255428 0.000447786 0.000365679 0.000510548 0.000299375
threshold=8.5000000000000018 0.0060564499583333339 0.18750000000000003 3.3500000000000232 277.35322155000006 0.15259067450000002 0.41135000000000005 0.018424285714285716 -0.27562575855012134 -0.86648595621014368 50.150000000000013 0.11269849750000001 273.61032190000003 3.4500000000000006 8.5564435634531666 9.0500000000000025 0.0054489583333333343 290.14910675000004 1022.7500000000001 0.065000000000000016 0.02041666666666667 0.010089583333333334 0.0038979166666666672 1527.5000000000002 28.250000000000004 6.9450000000000012 0.00021875000000000006 5.5000000000000009 264.56653695000006 0.03425000000000001
decision_type=2 2 2 2 10 2 2 2 2 2 2 2 2 8 2 2 2 10 2 2 2 2 2 2 2 2 2 2 2 2
left_child=1 2 -1 5 -5 -4 7 10 -9 -8 13 12 -12 14 15 -2 22 19 -19 20 -18 -22 23 -15 25 -25 -26 -28 29 -29
right_child=6 -3 3 4 -6 -7 9 8 -10 -11 11 -13 -14 16 -16 -17 17 18 -20 -21 21 -23 -24 24 26 -27 27 28 -30 -31
leaf_value=0.00013961746484083363 -0.00027334343320710046 0.00077343839620071882 -3.0425877923150239e-06 0 -0.00020375415661773235 0.00014638070535578731 0 0 -0.00021170349937735819 -0.00015288417881998209 -3.9474210169408673e-05 -0.00014988716890946196 5.7899953960189188e-06 -4.5045123929871999e-07 -4.4673382862615466e-06 0 0 0 0.00031984037997972341 -2.479619263140006e-05 0.00018710964847207264 0 -2.8691450395818176e-05 0.00031204793533106572 -1.5807971738278737e-05 0 0 1.5914146078284828e-05 0 0.00023562765066542299
leaf_weight=57 61 53 870 94 80 53 50 53 50 71 259 65 493 13443 2160 73 323 70 50 471 96 160 523 80 983 234 619 99 180 68
leaf_count=57 61 53 870 94 80 53 50 53 50 71 259 65 493 13443 2160 73 323 70 50 471 96 160 523 80 983 234 619 99 180 68
internal_value=0 3.39695e-05 0 -8.04042e-06 -8.04734e-05 2.75394e-07 -1.89583e-06 -1.15439e-06 -9.21579e-05 -8.61754e-05 -4.49137e-07 -2.11438e-05 -3.19128e-06 1.56562e-07 -1.17088e-05 -9.05028e-05 2.00892e-06 2.14089e-05 0.000150483 1.77111e-06 3.2009e-05 8.13481e-05 3.01003e-07 1.58653e-06 1.58902e-05 6.90432e-05 4.73172e-06 3.07982e-05 7.25446e-05 0.00013601
internal_weight=21941 1207 1154 1097 174 923 20734 20613 103 121 20510 817 752 19693 2294 134 17399 1170 120 1050 579 256 16229 15706 2263 314 1949 966 347 167
internal_count=21941 1207 1154 1097 174 923 20734 20613 103 121 20510 817 752 19693 2294 134 17399 1170 120 1050 579 256 16229 15706 2263 314 1949 966 347 167
is_linear=0
shrinkage=0.05


Tree=227
num_leaves=31
num_cat=0
split_feature=0 93 61 11 49 126 2 0 55 2 33 0 101 8 19 19 49 112 26 119 119 82 43 84 19 155 120 83 43 83
split_gain=0.000554552 0.00527237 0.000341785 0.00572553 0.00667679 0.00241914 0.0135992 0.000651224 0.000883569 0.000313299 0.000511486 0.000203418 0.000348595 0.000223863 0.000141985 0.000176142 0.000638687 0.000659071 0.00101843 0.00235969 0.00217454 0.000500337 0.000212858 0.000252004 0.000199231 0.000447572 0.000406299 0.000177875 0.000720968 0.000254532
threshold=0.41135000000000005 270.30000425000009 136.65000000000003 0.0057378994097222235 983.6500000000002 8.5000000000000018 0.0016429190000000003 0.074950000000000003 4.336489900000033 0.048280649000000009 -0.27562575855012134 0.034600000000000006 -5.214144150000009 0.020304143084631066 -0.013334285714285713 -0.0023628571428571427 966.45000000000016 264.39428575000005 2.5000000000000004 7.0500000000000007 3.5500000000000003 24.714000000000002 0.28750000000000003 2.2500000000000004 -0.0019185714285714361 0.036181818181818197 267.53999680000004 26.050000000000004 0.39650000000000007 20.850000000000005
decision_type=2 2 2 2 2 2 2 2 2 2 2 2 2 2 2 2 2 8 2 8 10 2 2 2 2 2 8 2 2 2
left_child=2 -2 3 7 -5 6 -4 11 -9 14 -11 -1 -13 -14 -7 16 21 -18 19 20 -19 -16 23 -20 25 -17 -27 29 -29 -26
right_child=1 -3 5 4 -6 9 -8 8 -10 10 -12 12 13 -15 15 24 17 18 22 -21 -22 -23 -24 -25 27 26 -28 28 -30 -31
leaf_value=0 -0.00010273599004869561 0.0005188077657458409 -2.1347150901536842e-05 -0.00079018151985627482 0 2.9132522575604657e-05 0.00088545981856227363 0 0.0002162845671639993 0 -0.00020132588012618764 0 -0.00019631465261260963 0 -0.00023350931816465021 0 -0.00017034715673122392 0 0 0 0.00043325668542322141 -3.2790820518060088e-05 -1.5231556302885683e-06 -8.609222445314421e-05 9.1429379940147364e-07 0 0.00012754640627005715 2.2776207297560143e-06 0.0001607569077738612 -2.0000221432833642e-05
leaf_weight=1306 78 50 169 50 50 407 50 82 78 53 50 50 53 59 50 385 56 63 118 215 72 440 2899 179 11970 96 163 951 85 1614
leaf_count=1306 78 50 169 50 50 407 50 82 78 53 50 50 53 59 50 385 56 63 118 215 72 440 2899 179 11970 96 163 951 85 1614
internal_value=0 0.000103435 -5.35169e-07 -2.20144e-05 -0.000387321 1.06486e-06 0.000166043 0 9.6092e-05 -5.10429e-07 -8.70689e-05 -9.81235e-06 -6.31477e-05 -0.000116036 0 -6.70124e-07 -1.00552e-05 -1.32845e-06 0 8.21255e-05 0.000246543 -6.38895e-05 -7.47659e-06 -4.86091e-05 1.5188e-06 2.87542e-05 7.97163e-05 0 2.02443e-05 -1.20393e-06
internal_weight=21941 128 21813 1728 100 20085 219 1628 160 19866 103 1468 162 112 19763 19356 4092 3602 3546 350 135 490 3196 297 15264 644 259 14620 1036 13584
internal_count=21941 128 21813 1728 100 20085 219 1628 160 19866 103 1468 162 112 19763 19356 4092 3602 3546 350 135 490 3196 297 15264 644 259 14620 1036 13584
is_linear=0
shrinkage=0.05


Tree=228
num_leaves=31
num_cat=0
split_feature=126 11 4 9 28 94 0 2 36 2 108 138 89 32 34 138 160 120 14 98 77 134 118 25 66 43 80 138 84 122
split_gain=0.000509511 0.0114748 0.000425571 0.000567967 0.00129451 0.0015817 0.000356509 0.000330088 0.000404328 0.00129162 0.000737561 0.000310423 0.000381851 0.000341526 0.000264289 0.000247711 0.000547205 0.00141735 0.00254281 0.000174407 0.000409438 0.000287543 0.000296777 0.000281545 0.00028807 0.0002463 0.000212143 0.000404109 0.00077639 0.000209207
threshold=8.5000000000000018 0.0060564499583333339 0.012822474000000002 1.098541666666667 34.550000000000004 10.500000000000002 0.41135000000000005 0.0049793635000000011 265.87830090000006 0.026435467500000004 272.50012350000003 6.7500000000000009 29.350000000000005 13.950000000000001 -0.86648595621014368 2.8900000000000001 0.072077922077922102 271.42527555000009 0.0087279100000000019 -2.0999999999999983 291.74589700000007 6.6850000000000014 20.650000000000002 16.500000000000004 19.375000000000004 0.33750000000000008 29.212500000000006 4.6100000000000003 10.750000000000002 20.500000000000004
decision_type=2 2 2 2 2 2 2 2 2 2 2 2 2 2 2 2 2 10 2 2 2 2 8 2 2 2 2 2 2 2
left_child=1 2 3 -1 5 -5 7 15 9 -9 -10 -12 -13 -14 -8 16 -2 -18 -19 20 26 22 23 24 -21 -26 -17 28 -28 -27
right_child=6 -3 -4 4 -6 -7 14 8 10 -11 11 12 13 -15 -16 19 17 18 -20 21 -22 -23 -24 -25 25 29 27 -29 -30 -31
leaf_value=-6.4108001082871853e-06 0 0.00074402871884457359 -0.00012194883716248391 0 -2.2607453248361351e-05 0.00036593302559595036 0 -1.0586230733796193e-05 0.00013246602008515511 -0.0002611674780593996 0 0 -0.0001725954664066287 0 -0.00014891323593398435 1.0990107780492261e-06 0 0 -0.00047659577043025194 0 0.00012130613111388384 2.5664199105968369e-06 0 0 0 -0.00010390012385852088 2.0939085328587556e-05 1.2193234259077439e-06 0.0002636638713374851 0
leaf_weight=882 905 53 68 60 81 63 50 349 85 73 397 107 97 89 71 5257 349 67 51 112 84 8872 1589 387 124 368 289 859 51 52
leaf_count=882 905 53 68 60 81 63 50 349 85 73 397 107 97 89 71 5257 349 67 51 112 84 8872 1589 387 124 368 289 859 51 52
internal_value=0 3.15998e-05 0 5.89645e-06 8.32692e-05 0.000192935 -1.80473e-06 -1.05441e-06 -2.65864e-05 -6.62685e-05 0 -2.2013e-05 -6.147e-05 -0.000105098 -8.75855e-05 2.6342e-07 -1.98873e-05 -6.39016e-05 -0.000214092 2.07371e-06 8.7022e-06 -1.26041e-06 -1.6055e-05 -3.68885e-05 -5.68651e-05 -7.22467e-05 6.44418e-06 2.56929e-05 7.2677e-05 -9.06616e-05
internal_weight=21941 1207 1154 1086 204 123 20734 20613 1197 422 775 690 293 186 121 19416 1372 467 118 18044 6540 11504 2632 1043 656 544 6456 1199 340 420
internal_count=21941 1207 1154 1086 204 123 20734 20613 1197 422 775 690 293 186 121 19416 1372 467 118 18044 6540 11504 2632 1043 656 544 6456 1199 340 420
is_linear=0
shrinkage=0.05


Tree=229
num_leaves=31
num_cat=0
split_feature=0 90 2 82 34 12 19 42 134 33 106 26 18 84 17 145 29 76 134 103 93 134 7 77 17 118 94 126 22 94
split_gain=0.000504028 0.00498608 0.000389423 0.0117412 0.000218271 0.00119279 0.000209833 0.000456981 0.000140171 0.000391744 0.000630059 0.000923357 0.00100613 0.000413085 0.000904444 0.000373087 0.000802403 0.00028257 0.000232099 0.000893228 0.000219889 0.000442687 0.000694493 0.000689283 0.00114588 0.000760292 0.000272891 0.000219727 0.000707256 0.000237559
threshold=0.41135000000000005 24.119387755102043 0.048280649000000009 19.606000000000005 0.41034278170877886 0.095322962000000011 0.0028999999999999955 0.46500000000000002 6.6850000000000014 -0.96033808182271763 22.950000000000003 1.5000000000000002 0.0042979166666666678 0.8500000000000002 0.025950000000000004 0.12500000000000003 29.350000000000005 6.1500000000000012 6.8250000000000011 978.05000000000018 264.58174785000006 9.7500000000000018 0.052000000000000011 266.39550575000004 0.012300000000000002 18.750000000000004 2.5000000000000004 7.5000000000000009 5.5000000000000009 22.500000000000004
decision_type=2 2 2 2 2 2 2 2 2 2 2 2 2 2 2 2 2 2 2 2 2 2 2 2 2 10 2 2 2 2
left_child=2 -2 4 -4 8 6 -6 -8 9 10 13 12 -12 -1 -15 -11 -17 18 19 -10 21 22 23 -20 26 -26 -25 28 -22 -29
right_child=1 -3 3 -5 5 -7 7 -9 17 15 11 -13 -14 14 -16 16 -18 -19 20 -21 27 -23 -24 24 25 -27 -28 29 -30 -31
leaf_value=-1.3827177901012286e-05 -0.00010066389710210629 0.00050328204092996512 0.00066711991196190777 -0.00033444042068246443 -5.544889419104222e-07 -0.00024601852610143594 -0.00017219020197759013 0 0.00019989332345867299 -3.6005434374850636e-06 -5.7975509390474266e-05 0 -0.0003189516232336106 0 0.00024870684348360768 0.00018800187466739573 0 -2.5056886232857461e-05 0 2.9541221863444367e-06 0.00014452970581359381 0 0 8.7735613492820157e-05 0.00029519211200670074 0 0 -4.4234234643706356e-06 0 1.8091344692801798e-05
leaf_weight=404 78 50 52 59 1773 56 59 56 74 3120 300 314 64 70 51 81 204 817 201 530 109 1293 406 95 113 53 129 9746 293 1291
leaf_count=404 78 50 52 59 1773 56 59 56 74 3120 300 314 64 70 51 81 204 817 201 530 109 1293 406 95 113 53 129 9746 293 1291
internal_value=0 9.85654e-05 -5.59057e-07 9.18833e-05 -1.26647e-06 -1.72748e-05 -7.71649e-06 -7.40757e-05 5.63444e-08 -7.30593e-06 -3.19022e-05 -6.42213e-05 -0.000118308 3.72569e-07 8.84916e-05 0 5.5855e-05 2.62599e-06 4.55441e-06 3.56374e-05 2.82026e-06 1.69593e-05 4.20617e-05 7.69112e-05 0.0001156 0.000219322 1.58796e-05 0 3.62522e-05 -1.33549e-06
internal_weight=21941 128 21813 111 21702 1944 1888 115 19758 4608 1203 678 364 525 121 3405 285 15150 14333 604 13729 2290 997 591 390 166 224 11439 402 11037
internal_count=21941 128 21813 111 21702 1944 1888 115 19758 4608 1203 678 364 525 121 3405 285 15150 14333 604 13729 2290 997 591 390 166 224 11439 402 11037
is_linear=0
shrinkage=0.05


Tree=230
num_leaves=31
num_cat=0
split_feature=2 82 118 102 3 115 88 136 3 122 13 61 96 36 110 81 84 122 33 12 102 12 42 123 135 92 12 14 30 22
split_gain=0.00147141 0.0182662 0.000234881 0.000196615 0.000418589 0.000188355 0.0010314 0.000419704 0.000526268 0.000769717 0.000255048 0.00152589 0.00177137 0.00119973 0.00202536 0.000239949 0.000466378 0.00101153 0.000628364 0.00030364 0.00140904 0.000478095 0.000409477 0.00025125 0.000302881 0.000307205 0.00030002 0.000501713 0.000427516 0.000577206
threshold=0.048280649000000009 20.170000000000005 39.650000000000013 -0.79999999999999927 0.060440228500000005 18.350000000000005 27.987500000000004 1.0650000000000002 0.029671091000000004 12.500000000000002 0.0040352463333333342 136.65000000000003 42.162500000000009 263.51216740000001 15.750000000000002 30.750000000000004 6.950000000000002 16.500000000000004 0.02128570457745629 0.075782581500000015 -3.2999999999999989 0.055071705000000006 0.71500000000000008 1.0000000180025095e-35 4.3900000000000015 15.350000000000003 0.035578912500000011 0.015237965500000002 -4.0214285714285696 39.500000000000007
decision_type=2 2 10 2 2 10 2 2 2 2 2 2 2 2 10 2 2 2 2 2 2 2 2 2 2 2 2 2 2 2
left_child=2 -2 5 -4 -5 10 -7 -8 -9 -10 15 -12 13 14 -13 16 -1 18 -18 21 -21 23 -23 -17 25 -25 27 28 29 -26
right_child=1 -3 3 4 -6 6 7 8 9 -11 11 12 -14 -15 -16 19 17 -19 -20 20 -22 22 -24 24 26 -27 -28 -29 -30 -31
leaf_value=2.1035619773171136e-06 0.00082734539463829085 -0.00042235633265658254 0 0 -0.0001952755856096441 0.00023100937937455126 -2.8442484434157359e-06 0 0 0.0002195742600464049 -0.00029707592287712606 -0.00039296836284879728 0.00026142803480592259 0 0 1.3241697189641091e-07 0.00032148487883135277 -7.575095097964829e-06 0 -0.00029696688716844972 -7.5857071225184573e-06 7.4802838702986083e-05 -7.4921684237779095e-06 -0.00012486474661347198 0.00014355891796390832 -7.6272529832636284e-07 -5.2480498770613799e-05 4.7503170164303271e-05 -2.4126387300961277e-05 0
leaf_weight=11797 57 53 81 87 55 54 1523 212 69 89 50 56 53 421 69 3009 51 60 53 51 480 337 99 146 92 216 375 390 1666 77
leaf_count=11797 57 53 81 87 55 54 1523 212 69 89 50 56 53 421 69 3009 51 60 53 51 480 337 99 146 92 216 375 390 1666 77
internal_value=1.31291e-08 0.000181791 -6.85676e-07 -5.16433e-05 -8.72642e-05 0 1.46637e-05 5.73361e-06 5.44315e-05 0.000123239 -1.63124e-06 -3.25315e-05 -1.65764e-06 -3.67673e-05 -0.000172258 -3.03895e-07 3.70671e-06 8.80115e-05 0.000190324 -7.93822e-06 -4.52838e-05 -4.05623e-06 4.47006e-05 -8.46056e-06 -1.88745e-05 -6.47951e-05 -1.05361e-05 -1.20025e-06 -1.42949e-05 5.27835e-05
internal_weight=21828 110 21718 223 142 21495 1947 1893 370 158 19548 649 599 546 125 18899 11961 164 104 6938 531 6407 436 5971 2962 362 2600 2225 1835 169
internal_count=21828 110 21718 223 142 21495 1947 1893 370 158 19548 649 599 546 125 18899 11961 164 104 6938 531 6407 436 5971 2962 362 2600 2225 1835 169
is_linear=0
shrinkage=0.05


Tree=231
num_leaves=31
num_cat=0
split_feature=2 82 119 12 19 106 126 119 1 51 35 10 0 126 141 85 120 138 43 25 30 34 31 36 132 10 99 106 140 90
split_gain=0.00129664 0.0165496 0.000212301 0.00100956 0.00019159 0.000341075 0.000510776 0.000178014 0.00138553 0.0035068 0.000237774 0.000861094 0.000350616 0.000711804 0.00015689 0.00051408 0.000860207 0.00192385 0.0009009 0.000774017 0.000657029 0.000659897 0.00089434 0.000603513 0.000576515 0.0005039 0.000391202 0.000288702 0.000422496 0.000203716
threshold=0.048280649000000009 20.170000000000005 24.650000000000002 0.066590718000000007 0.012788571428571425 15.450000000000001 29.500000000000004 14.950000000000001 0.22162306700000003 30.500000000000004 274.22252855000005 24.715000000000003 0.074950000000000003 23.500000000000004 33.50500000000001 271.19571290000005 269.61090145000009 4.0050000000000008 0.29250000000000004 9.5000000000000018 -3.5342857142857143 0.083400105935151944 25.050000000000004 282.33083020000009 2.5000000000000004 5.8250000000000002 3.5999999999999663 23.150000000000002 12.265000000000002 15.660204081632656
decision_type=2 2 10 2 2 2 2 10 2 2 2 2 2 2 2 2 8 2 2 2 2 2 2 2 2 2 2 2 2 2
left_child=2 -2 4 -4 7 -6 -7 14 10 -10 11 -9 -12 -14 27 16 17 -16 -19 -20 21 -18 -23 25 -25 -21 -17 -1 -29 -30
right_child=1 -3 3 -5 5 6 -8 8 9 -11 12 -13 13 -15 15 26 20 18 19 23 -22 22 -24 24 -26 -27 -28 28 29 -31
leaf_value=9.1380479906833574e-07 0.0007866913494694143 -0.00040162958621160088 0 -0.00024275957586514081 0 -0.00021669674286253706 -9.4878728151518446e-06 0 0.00049813880278117158 0 1.8908858575091668e-06 -0.00021953512906489493 0.00017923295561618233 0 0.00037493802805749096 -3.3582352367179907e-06 0 -3.9650935761608623e-05 0 0.00034927226020461271 -2.0115726612319983e-06 0 0.00032181742418928213 -4.6884725170297828e-05 0.00010505906494093106 3.3769884780836156e-06 -0.00011119806817710607 2.6934725025991086e-06 0 -3.24672805412434e-05
leaf_weight=7066 57 53 198 51 173 54 217 401 50 57 1472 50 91 91 51 3728 241 181 115 58 2551 68 53 56 144 53 91 1617 351 2389
leaf_count=7066 57 53 198 51 173 54 217 401 50 57 1472 50 91 91 51 3728 241 181 115 58 2551 68 53 56 144 53 91 1617 351 2389
internal_value=0 0.000170632 -6.72416e-07 -4.65004e-05 0 -3.25907e-05 -6.9804e-05 5.48072e-07 1.4099e-05 0.000189743 2.71072e-06 -2.59869e-05 1.35679e-05 8.01617e-05 -7.80123e-07 4.56413e-06 1.86133e-05 7.09067e-05 3.65637e-05 8.06727e-05 5.06487e-06 6.85746e-05 0.000165874 0.000122918 3.76176e-05 0.000230263 -7.2652e-06 -4.67531e-06 -1.48849e-05 -2.70801e-05
internal_weight=21828 110 21718 249 21469 444 271 21025 2212 107 2105 451 1654 182 18813 7390 3571 658 607 426 2913 362 121 311 200 111 3819 11423 4357 2740
internal_count=21828 110 21718 249 21469 444 271 21025 2212 107 2105 451 1654 182 18813 7390 3571 658 607 426 2913 362 121 311 200 111 3819 11423 4357 2740
is_linear=0
shrinkage=0.05


Tree=232
num_leaves=31
num_cat=0
split_feature=2 123 118 119 0 19 106 126 134 36 103 43 29 36 23 116 85 132 110 131 101 121 131 12 99 83 110 0 62 101
split_gain=0.00114021 0.0151907 0.000206978 0.000243766 0.000260564 0.00016839 0.000315373 0.000437433 0.000153211 0.000412071 0.000909705 0.000753714 0.000689373 0.000380614 0.000751742 0.00166654 0.000187057 0.00094508 0.00175944 0.000214213 0.000959185 0.00023153 0.00178087 0.000286011 0.000631444 0.00145299 0.00245664 0.000296114 0.00027545 0.000237922
threshold=0.048280649000000009 0.25881904510252091 39.650000000000013 24.650000000000002 0.026950000000000005 0.012788571428571425 15.450000000000001 29.500000000000004 3.8550000000000004 266.81099135000005 2794.5500000000006 0.37950000000000006 32.150000000000006 276.81381815000003 22.489583333333336 284.40122930000001 264.03867240000005 1.5000000000000002 12.65 23.067876114224372 -3.8817878999999773 2.8500000000000001 86.769874021242742 0.088921609000000013 1.0999999999999661 13.850000000000003 17.350000000000005 0.16045000000000001 18.650000000000002 -4.5652888999999837
decision_type=2 2 10 10 2 2 2 2 2 2 2 2 2 2 2 8 2 2 10 2 2 10 2 2 2 2 10 2 2 2
left_child=2 -2 5 -4 -5 8 -7 -8 9 10 11 -1 -13 14 15 -11 17 18 -10 20 -18 23 -23 29 27 -26 -27 -25 -29 -21
right_child=1 -3 3 4 -6 6 7 -9 16 13 -12 12 -14 -15 -16 -17 19 -19 -20 21 -22 22 -24 24 25 26 -28 28 -30 -31
leaf_value=0 -0.00033554930274445823 0.00080301429520093163 0 0 -0.00017860763504326575 0 -0.00020545383964552593 -9.0156557154357768e-06 0 0.0003482442818812243 0 -0.00033012411893651011 -4.5985667505778171e-05 -3.8693531333085484e-05 0 0 -0.00023896094110015983 2.0605364080360425e-06 0.00034285280501916856 1.6370073769664237e-05 0 0.00029859408478533366 -2.5342888787794554e-05 4.2095429269019368e-05 4.3072025641959046e-05 -0.00039385893005505518 -1.0117191125895294e-05 -9.8663717497705266e-05 0 0
leaf_weight=69 58 52 114 54 55 173 53 217 50 54 319 63 117 225 305 74 50 1086 61 2511 137 55 91 278 99 75 160 95 314 14764
leaf_count=69 58 52 114 54 55 173 53 217 50 54 319 63 117 225 305 74 50 1086 61 2511 137 55 91 278 99 75 160 95 314 14764
internal_value=0 0.000160021 -6.13254e-07 -4.84405e-05 -0.00010158 0 -3.05768e-05 -6.66418e-05 5.27597e-07 -1.62353e-05 -4.85718e-05 -0.000120277 -0.000174333 4.12234e-06 3.79294e-05 0.000139315 1.81713e-06 2.10593e-05 0.000160618 3.11285e-07 -5.23011e-05 1.11868e-06 6.38757e-05 3.41156e-07 -2.50009e-05 -8.1358e-05 -0.000154924 0 -2.44894e-05 2.12972e-06
internal_weight=21828 110 21718 223 109 21495 443 270 21052 1226 568 249 180 658 433 128 19826 1197 111 18629 187 18442 146 18296 1021 334 235 687 409 17275
internal_count=21828 110 21718 223 109 21495 443 270 21052 1226 568 249 180 658 433 128 19826 1197 111 18629 187 18442 146 18296 1021 334 235 687 409 17275
is_linear=0
shrinkage=0.05


Tree=233
num_leaves=31
num_cat=0
split_feature=2 115 118 119 3 115 88 136 3 120 11 115 160 3 115 126 119 47 1 160 19 83 111 30 65 132 129 120 85 99
split_gain=0.00100206 0.0150168 0.000188298 0.000223332 0.000232977 0.000162685 0.000929682 0.000375672 0.00046183 0.000677582 0.000234716 0.000643681 0.00234716 0.000995133 0.000985966 0.000974888 0.000424636 0.000292022 0.000196502 0.000146915 0.000384276 0.00105242 0.000265042 0.000262534 0.000399686 0.000814215 0.0014284 0.00122219 0.000578121 0.000671774
threshold=0.048280649000000009 6.1500000000000012 39.650000000000013 24.650000000000002 0.060440228500000005 18.350000000000005 27.987500000000004 1.0650000000000002 0.029671091000000004 267.78627620000003 0.0046774578125000008 8.4500000000000011 0.0023532668881506096 0.34168884800000004 13.050000000000002 12.500000000000002 8.1500000000000004 11.500000000000002 0.23460493450000003 0.044948979591836739 -0.0062885714285714255 15.050000000000002 14.450000000000001 -0.65142857142857136 28.750000000000004 2.5000000000000004 2.5000000000000004 275.98275000000007 270.08340810000004 2.6999999999999891
decision_type=2 10 10 10 2 10 2 2 2 10 2 10 2 2 10 2 10 2 2 2 2 2 10 2 2 2 2 10 2 2
left_child=2 -2 5 -4 -5 10 -7 18 -9 -10 19 16 -13 15 -15 -14 -12 -17 -8 23 21 -21 -22 24 -1 26 -26 -28 -27 -30
right_child=1 -3 3 4 -6 6 7 8 9 -11 11 12 13 14 -16 17 -18 -19 -20 20 22 -23 -24 -25 25 28 27 -29 29 -31
leaf_value=2.7107716804654295e-06 -0.00039310090374244656 0.00073922503799559347 0 0 -0.00017482479657255167 0.00021901763819716344 0 0 0 0.00019648490120610895 0 -0.00039154359031076018 -0.00028337932788697522 0.00022057841011972879 0 -0.00010169453098002437 0.00013381648576372146 0 -8.8106375236888057e-05 -0.00025298939680412288 2.912035574242616e-06 0 -1.8834655424021151e-05 -9.7400106446317993e-06 0 0 0.00035662562662258136 0 0 0.00025152852649126529
leaf_weight=7617 53 57 114 57 52 54 1459 212 60 98 693 50 51 66 94 92 59 286 64 58 4501 185 1896 2599 90 961 78 70 52 50
leaf_count=7617 53 57 114 57 52 54 1459 212 60 98 693 50 51 66 94 92 59 286 64 58 4501 185 1896 2599 90 961 78 70 52 50
internal_value=0 0.000149978 -6.20421e-07 -4.62478e-05 -9.71145e-05 0 1.36266e-05 5.01511e-06 5.12247e-05 0.00011569 -1.51721e-06 -2.13043e-05 -5.90044e-05 -2.16849e-05 7.02683e-05 -6.76913e-05 4.1265e-06 -2.4727e-05 -2.95654e-06 0 -5.92308e-06 -6.85073e-05 -2.75389e-06 3.41472e-06 7.8097e-06 3.37973e-05 0.000119639 0.000216623 9.78426e-06 0.00012256
internal_weight=21828 110 21718 223 109 21495 1947 1893 370 158 19548 1391 639 589 160 429 752 378 1523 18157 6640 243 6397 11517 8918 1301 238 148 1063 102
internal_count=21828 110 21718 223 109 21495 1947 1893 370 158 19548 1391 639 589 160 429 752 378 1523 18157 6640 243 6397 11517 8918 1301 238 148 1063 102
is_linear=0
shrinkage=0.05


Tree=234
num_leaves=31
num_cat=0
split_feature=2 82 107 5 22 115 93 129 74 3 47 14 77 103 94 101 101 110 17 104 136 84 3 82 131 90 23 36 54 18
split_gain=0.000878204 0.0154075 0.000169779 0.000409675 0.000170124 0.000481288 0.000544395 0.00138616 0.000310912 0.00144724 0.00227591 0.00119507 0.00347222 0.00125734 0.000283543 0.000969163 0.000464343 0.00124775 0.000254353 0.000791473 0.00223216 0.00238686 0.000794003 0.000519878 0.000692529 0.000464615 0.00132995 0.00103624 0.000343426 0.000607827
threshold=0.048280649000000009 20.170000000000005 17.450000000000003 29.205000000000002 3.5000000000000004 13.350000000000003 269.55986425000009 5.5000000000000009 16.692857142857147 0.30062420300000009 57.500000000000007 0.056742897000000007 272.52934275000007 2688.9500000000003 15.500000000000002 -1.8200105499999777 -5.4981179500000215 17.050000000000004 0.025150000000000002 17.550000000000008 0.38500000000000006 1.7500000000000007 0.028829380000000005 25.580000000000005 33.845472724088289 25.724489795918373 22.489583333333336 280.8488992500001 0.26500000000000007 0.00041666666666666669
decision_type=2 2 2 2 2 10 2 2 2 2 2 2 2 2 2 2 2 8 2 2 2 2 2 2 2 2 2 2 2 2
left_child=2 -2 4 -4 5 14 -7 -8 11 18 -11 -6 13 -13 16 -16 17 -1 28 23 21 22 -21 24 -20 26 27 -25 -10 -30
right_child=1 -3 3 -5 8 6 7 -9 9 10 -12 12 -14 -15 15 -17 -18 -19 19 20 -22 -23 -24 25 -26 -27 -28 -29 29 -31
leaf_value=-0.00026699138837833091 0.00073779392493728176 -0.00041128734299996321 -7.7444987804594031e-06 -0.00015347926769490269 5.8364952001495688e-07 0 0 -0.00026966252281924649 -4.4785109541815286e-06 0.00043382466748321006 0 -0.00053121236560971241 0 -8.2072162566308528e-05 0.00024509458531004686 0 8.3813166719168828e-08 0 -0.00015028797686080062 0.00011376832010682847 0 0 0.00054798855448517805 0 -9.2612860305336107e-07 3.5363141277692584e-06 0 0.00036897659353174586 0.0001523461421030251 0
leaf_weight=60 57 53 2498 54 8413 334 100 86 4009 51 78 50 316 73 50 147 1756 168 87 63 359 51 51 50 1391 889 270 59 98 107
leaf_count=60 57 53 2498 54 8413 334 100 86 4009 51 78 50 316 73 50 147 1756 168 87 63 359 51 51 50 1391 889 270 59 98 107
internal_value=0 0.000140383 -6.06311e-07 -1.28456e-05 7.63103e-07 -1.04816e-05 -5.36583e-05 -0.000123692 2.91192e-06 1.04763e-05 0.000177522 -3.02935e-06 -8.34765e-05 -0.000307784 0 5.6886e-05 -5.85831e-06 -7.32577e-05 6.90564e-06 1.74217e-05 7.44628e-05 0.00022617 0.000354579 4.6937e-06 -1.31944e-05 2.94784e-05 7.7002e-05 0.000225187 -7.06638e-08 6.14611e-05
internal_weight=21828 110 21718 2552 19166 2701 520 186 16465 7613 129 8852 439 123 2181 197 1984 228 7484 3270 524 165 114 2746 1478 1268 379 109 4214 205
internal_count=21828 110 21718 2552 19166 2701 520 186 16465 7613 129 8852 439 123 2181 197 1984 228 7484 3270 524 165 114 2746 1478 1268 379 109 4214 205
is_linear=0
shrinkage=0.05


Tree=235
num_leaves=31
num_cat=0
split_feature=2 66 0 121 19 31 103 121 14 99 48 100 128 102 85 138 34 133 101 115 0 119 6 93 64 6 61 138 14 84
split_gain=0.000783435 0.0183838 0.000637938 0.0043513 0.00015662 0.000422508 0.000419799 0.000169522 0.000421454 0.00019679 0.000279007 0.000192943 0.000847064 0.000324671 0.000651118 0.000907427 0.000555791 0.000310982 0.00237526 0.00054984 0.000290639 0.000161834 0.000160282 0.00015096 0.000199011 0.000251814 0.00101965 0.000208012 0.000231963 0.000196149
threshold=0.048280649000000009 24.175000000000004 0.41135000000000005 0.15000000000000005 0.012788571428571425 15.450000000000001 1269.6500000000001 1.1500000000000001 0.017110612000000004 4.400000000000035 21.500000000000004 5.9500000000000464 8.451898608804397 -3.0999999999999983 271.04652805000006 4.580000000000001 0.34372527197767272 88.200000000000003 -3.432418600000005 3.5500000000000003 0.060150000000000009 13.950000000000001 0.0052993055555555562 265.24347685000004 40.100000000000072 0.022136805555555559 288.35000000000008 5.0300000000000002 0.029223326000000004 13.750000000000004
decision_type=2 2 2 8 2 2 2 10 2 2 2 2 2 2 2 2 2 2 2 10 2 10 2 2 2 2 2 2 2 2
left_child=2 -2 4 -4 7 -6 -7 9 -9 11 -11 17 -13 16 -15 -16 -14 23 -19 -20 -17 22 -10 -1 25 -25 -27 28 29 -26
right_child=1 -3 3 -5 5 6 -8 8 21 10 -12 12 13 14 15 20 -18 18 19 -21 -22 -23 -24 24 27 26 -28 -29 -30 -31
leaf_value=8.4291398629878601e-06 -0.00036189948834151544 0.00085660291225034399 -0.00010786100459722548 0.00047565310988130271 9.8310769151815513e-06 -0.00019895083968754816 -1.289364696281728e-05 0 0 -7.8623496438110614e-05 0 0.00021932743799725528 0 0 0.00028057244536251313 0 -0.00015933274435376784 -0.00034537987350631745 -4.7719382871090438e-05 0.00012310607507881686 0.00010520417441579479 0 -0.00019301382712418687 1.9098531257884681e-06 -9.4856635763543469e-05 -0.00017799155297380464 0 0 0 0
leaf_weight=4986 68 52 59 51 171 61 221 442 51 185 146 52 137 981 53 209 69 55 67 81 80 52 60 11581 235 98 470 828 104 69
leaf_count=4986 68 52 59 51 171 61 221 442 51 185 146 52 137 981 53 209 69 55 67 81 80 52 60 11581 235 98 470 828 104 69
internal_value=6.34722e-07 0.000127511 0 0.00011948 -6.90188e-07 -2.97498e-05 -7.13687e-05 0 -2.61245e-05 7.06191e-07 -3.69088e-05 1.5738e-06 1.83428e-05 8.10067e-06 1.99029e-05 7.92138e-05 -4.32724e-05 0 -6.12328e-05 1.24146e-05 2.42049e-05 -9.45859e-05 -0.000129277 8.2705e-07 -1.63167e-06 0 -3.21269e-05 -2.07609e-05 -5.0745e-05 -7.3174e-05
internal_weight=21774 120 21654 110 21544 453 282 21091 605 20486 331 20155 1581 1529 1323 342 206 18574 203 148 289 163 111 18371 13385 12149 568 1236 408 304
internal_count=21774 120 21654 110 21544 453 282 21091 605 20486 331 20155 1581 1529 1323 342 206 18574 203 148 289 163 111 18371 13385 12149 568 1236 408 304
is_linear=0
shrinkage=0.05


Tree=236
num_leaves=31
num_cat=0
split_feature=126 14 2 36 1 102 12 3 118 3 44 1 19 12 61 2 19 44 138 119 13 131 73 73 22 140 93 150 138 88
split_gain=0.0011116 0.0311765 0.00323034 0.0012744 0.000507741 0.000360182 0.0012889 0.000722019 0.000154622 0.000328287 0.00019565 0.000407753 9.6993e-05 0.000148818 0.000618176 0.00150204 0.000832604 0.000187829 0.000210411 0.000200173 0.000453142 0.000171868 0.000165023 0.000992965 0.000204016 0.000223724 0.000264207 0.000119526 0.000898926 0.000755025
threshold=11.500000000000002 0.063300284000000012 0.048280649000000009 266.91256585000008 0.61966513750000007 -3.1499999999999999 0.051906151000000005 0.25403659950000007 23.550000000000004 0.013724210500000002 1252.5000000000002 0.04283675750000001 -0.013334285714285713 0.071302525500000005 423.10000000000008 0.0024100695000000005 -0.0019928571428571525 1062.5000000000002 8.0200000000000014 13.250000000000002 0.0013446454027777781 86.769874021242742 40.350000000000001 39.95000000000001 55.500000000000007 14.250000000000002 266.33957190000007 0.88571428571428579 4.4400000000000004 33.212500000000013
decision_type=2 2 2 2 2 2 2 2 10 2 2 2 2 2 2 2 2 2 2 8 2 2 2 2 2 2 2 2 2 2
left_child=1 5 4 -4 12 6 -1 8 9 -7 -10 -12 -2 22 15 16 -15 19 21 20 -16 -19 23 27 25 -24 -27 -14 29 -29
right_child=2 -3 3 -5 -6 7 -8 -9 10 -11 11 -13 13 14 17 -17 -18 18 -20 -21 -22 -23 24 -25 -26 26 -28 28 -30 -31
leaf_value=0 2.3760871646300496e-05 0.0011495042335052141 -0.00045475016447149265 -4.721605595289564e-06 -0.00011202580514495197 0 -0.00028184521835118731 0.00018305405985302061 0 -0.00012324522284698844 0 0.00016859537397067472 2.2568959858674343e-06 0 0.00011926323654027855 5.4200205695315845e-05 -0.00028211945986205187 0 1.5716643548330464e-05 0 0 -5.2807460115986237e-05 0 0.00017937482960405762 1.7556297961479443e-05 -6.8702782690874549e-05 0 -0.00020370367171874805 4.6266965699010032e-06 0
leaf_weight=158 413 60 54 57 101 229 50 55 849 73 158 55 15353 62 122 66 94 174 119 698 97 458 589 78 198 425 99 104 636 90
leaf_count=158 413 60 54 57 101 229 50 55 849 73 158 55 15353 62 122 66 94 174 119 698 97 458 589 78 198 425 99 104 636 90
internal_value=5.55995e-07 3.97091e-05 -2.48518e-06 -0.000270403 -7.32699e-07 0 -6.29807e-05 7.09313e-06 0 -3.16382e-05 8.85005e-06 5.17174e-05 0 -6.70374e-07 -1.41112e-05 -9.28233e-05 -0.000186822 -5.89985e-07 -2.16943e-05 1.12521e-05 5.29434e-05 -3.66511e-05 4.91481e-07 2.14157e-06 -1.61505e-05 -2.66455e-05 -5.07136e-05 9.67349e-07 -1.68433e-05 -0.000112533
internal_weight=21774 1687 20087 111 19976 1627 208 1419 1364 302 1062 213 19875 19462 1890 222 156 1668 751 917 219 632 17572 16261 1311 1113 524 16183 830 194
internal_count=21774 1687 20087 111 19976 1627 208 1419 1364 302 1062 213 19875 19462 1890 222 156 1668 751 917 219 632 17572 16261 1311 1113 524 16183 830 194
is_linear=0
shrinkage=0.05


Tree=237
num_leaves=31
num_cat=0
split_feature=126 11 2 36 0 118 0 2 15 100 0 110 91 114 104 65 116 0 61 73 73 79 141 134 74 68 140 90 140 19
split_gain=0.00100573 0.030536 0.00297162 0.00110164 0.000459064 0.000197799 0.000451382 0.000361808 0.000212767 0.000389068 0.000497724 0.000206572 0.000238171 0.000293817 0.000224356 9.09212e-05 0.00033073 0.000122748 0.000485446 0.000247067 0.000177263 0.00188767 0.000126986 0.000117415 0.000409695 0.00117932 0.00123649 0.000450285 0.000608666 0.000213318
threshold=11.500000000000002 0.0063192529166666679 0.048280649000000009 266.91256585000008 0.41135000000000005 23.550000000000004 0.026950000000000005 0.0047217085000000004 0.00030000000000000008 5.0999999999999668 0.074950000000000003 12.450000000000001 23.550000000000004 16.050000000000004 0.65000000000000024 5.2500000000000009 289.21438720000009 0.16045000000000001 423.10000000000008 36.150000000000013 40.350000000000001 1.0000000180025095e-35 37.625000000000007 6.6850000000000014 24.107142857142858 0.35000000000000009 77.075000000000017 19.082653061224494 76.270000000000024 -0.0043414285714285699
decision_type=2 2 2 2 2 10 2 2 2 2 2 10 2 10 2 2 10 2 2 2 2 2 2 2 2 2 2 2 2 2
left_child=1 5 4 -4 15 6 -1 8 9 -7 -11 -10 13 -13 -15 16 -2 20 -19 -20 21 23 -22 24 25 29 -27 28 -26 -17
right_child=2 -3 3 -5 -6 7 -8 -9 11 10 -12 12 -14 14 -16 17 -18 18 19 -21 22 -23 -24 -25 27 26 -28 -29 -30 -31
leaf_value=0 0 0.0012306114438531671 -0.00043242606366667054 -4.489597385741188e-06 -0.00010647942867602551 0 -0.00014838589276895738 0.00011296942205090205 0 1.1324296550127399e-06 0.00018955840375831903 0 0 0 -0.00017822760133862089 3.5585821145803601e-05 0.00014184753790547031 -0.00012819400083405712 -1.5017582827156287e-05 8.1200770265996638e-05 -8.1557343225424792e-06 0.00030555992231444076 -7.7797880434295579e-05 3.0960900984307448e-06 -2.9707863051810823e-05 0 0.00031686386026073409 -5.305238027344759e-06 -0.00024129984777737564 -8.9063888402399925e-06
leaf_weight=285 399 51 54 57 101 304 68 78 357 196 70 66 75 56 81 275 51 92 662 70 1374 50 102 12808 292 70 59 864 60 2647
leaf_count=285 399 51 54 57 101 304 68 78 357 196 70 66 75 56 81 275 51 92 662 70 1374 50 102 12808 292 70 59 864 60 2647
internal_value=5.26458e-07 3.77772e-05 -2.35485e-06 -0.00025932 -6.63788e-07 0 -3.32263e-05 8.98619e-06 0 2.42026e-05 6.9969e-05 -1.76195e-05 -5.05835e-05 -8.01134e-05 -0.000121698 0 2.20589e-05 -6.3565e-07 -1.95314e-05 0 0 1.63451e-06 -1.64031e-05 4.33887e-07 -6.38443e-06 1.88859e-06 0.000150203 -3.12348e-05 -8.05204e-05 -2.99775e-06
internal_weight=21774 1687 20087 111 19976 1636 353 1283 1205 570 266 635 278 203 137 19875 450 19425 824 732 18601 17125 1476 17075 4267 3051 129 1216 352 2922
internal_count=21774 1687 20087 111 19976 1636 353 1283 1205 570 266 635 278 203 137 19875 450 19425 824 732 18601 17125 1476 17075 4267 3051 129 1216 352 2922
is_linear=0
shrinkage=0.05


Tree=238
num_leaves=31
num_cat=0
split_feature=126 11 2 36 0 118 0 2 102 3 11 35 115 136 98 128 53 14 126 0 22 82 19 93 76 4 92 52 134 36
split_gain=0.000914224 0.0276117 0.00273435 0.000947501 0.000414566 0.000181896 0.000406091 0.000325752 0.000210687 0.000533861 0.000489364 0.000419142 9.14866e-05 0.000372686 0.000571944 0.000197335 0.000312344 0.000187812 0.000509987 0.000416932 0.000157119 0.000136346 0.000617685 0.000994601 0.000460377 0.000368157 0.000540747 0.000425899 0.000387167 0.000285115
threshold=11.500000000000002 0.0063192529166666679 0.048280649000000009 266.91256585000008 0.41135000000000005 23.550000000000004 0.026950000000000005 0.0047217085000000004 -3.0999999999999983 0.083086015000000027 0.0034698472291666668 274.22252855000005 19.250000000000004 1.0650000000000002 -4.0000000000000009 9.4851651395396477 128.50000000000003 0.020747941000000002 21.500000000000004 0.057500000000000009 8.5000000000000018 22.170000000000005 -0.0024828571428571413 263.29612920000005 5.2500000000000018 0.0032419345000000003 13.850000000000003 20.500000000000004 17.080000000000002 267.34712670000005
decision_type=2 2 2 2 2 10 2 2 2 2 2 2 10 2 2 2 2 2 2 2 2 2 2 2 2 2 2 2 2 2
left_child=1 5 4 -4 12 6 -1 8 9 -7 -10 -12 21 15 -15 16 -14 -17 19 -19 -18 24 23 -23 -2 -24 27 28 29 -27
right_child=2 -3 3 -5 -6 7 -8 -9 10 -11 11 -13 13 14 -16 17 20 18 -20 -21 -22 22 25 -25 -26 26 -28 -29 -30 -31
leaf_value=0 5.1543401527175507e-07 0.0011702641672141348 -0.00041119787162593145 -4.2689901250735646e-06 -0.00010120765568114852 0 -0.00014107412519017773 0.00010739245029935197 0 -0.0001798456876093513 0 0.00019941719149937855 0 0.00021767893303250376 5.8104750892430775e-06 0 -0.00013928397962258596 0 0 0.00024012331714616536 0 -0.0002667805422471229 -5.2657843759459836e-06 -2.4973732714097152e-05 0.00014907106019683921 0 -3.9929563244029261e-06 0 0 0.0001411342847418419
leaf_weight=285 12180 51 54 57 101 112 68 78 931 53 50 59 211 53 235 576 77 54 228 50 121 50 4066 1178 52 65 306 55 73 245
leaf_count=285 12180 51 54 57 101 112 68 78 931 53 50 59 211 53 235 576 77 54 228 50 121 50 4066 1178 52 65 306 55 73 245
internal_value=4.56838e-07 3.59841e-05 -2.27964e-06 -0.000248781 -6.47242e-07 0 -3.18011e-05 8.67987e-06 0 -4.98159e-05 1.04999e-05 0.000110296 0 1.13018e-05 6.27195e-05 0 -2.87778e-05 1.30072e-05 4.32647e-05 0.000134458 -7.50345e-05 -1.13609e-06 -7.44108e-06 -3.90967e-05 1.56783e-06 0 3.2925e-05 7.00568e-05 9.15625e-05 0.000116034
internal_weight=21774 1687 20087 111 19976 1636 353 1283 1205 165 1040 109 19875 1605 288 1317 409 908 332 104 198 18270 6038 1228 12232 4810 744 438 383 310
internal_count=21774 1687 20087 111 19976 1636 353 1283 1205 165 1040 109 19875 1605 288 1317 409 908 332 104 198 18270 6038 1228 12232 4810 744 438 383 310
is_linear=0
shrinkage=0.05


Tree=239
num_leaves=31
num_cat=0
split_feature=2 46 0 121 12 61 43 95 112 43 98 119 42 128 43 83 0 119 120 10 116 100 111 92 133 92 133 138 21 49
split_gain=0.000885551 0.0161329 0.000560058 0.00371895 0.0002293 0.00122836 0.00200975 0.0046705 0.000598441 0.000775069 0.00034337 0.000189022 0.000194898 0.000166107 0.00013103 0.000286676 0.000520035 0.000256337 0.000195606 0.000127117 0.0010349 0.00108758 0.000306402 0.000205726 0.00058539 0.000319913 0.000976989 0.00150517 0.000283063 0.000522782
threshold=0.048280649000000009 58.500000000000007 0.41135000000000005 0.15000000000000005 0.071302525500000005 264.7000000000001 0.33350000000000007 1.5000000000000002 278.25604040000002 0.36150000000000004 -4.0000000000000009 8.2500000000000018 0.14500000000000005 10.019623956808632 0.35650000000000004 19.350000000000005 0.13935000000000003 13.550000000000002 273.18097490000008 16.810000000000006 286.55474285000008 -0.74999999999999989 2.5500000000000003 1.7500000000000004 88.200000000000003 0.95000000000000029 64.825000000000003 4.7550000000000008 0.64583333333333337 975.95000000000016
decision_type=2 2 2 8 2 2 2 2 10 2 2 8 2 2 2 2 2 10 8 2 10 2 8 2 2 2 2 2 2 2
left_child=2 -2 4 -4 19 6 7 10 9 -8 -6 12 -7 -14 15 -13 -17 -18 -16 23 22 -22 -21 25 -25 -1 28 -28 -27 -30
right_child=1 -3 3 -5 5 11 8 -9 -10 -11 -12 14 13 -15 18 16 17 -19 -20 20 21 -23 -24 24 -26 26 27 -29 29 -31
leaf_value=2.6250210657670592e-07 -0.00030274491822740565 0.0008406554529296153 -9.3288776926783615e-05 0.00044195734028925509 7.7934531343415518e-05 0 0.0001988381252928829 -0.00053544376710153586 -0.00011748011462731046 0 -9.7018079595408483e-05 0 -7.0636874878458449e-05 0 -8.1448966802781791e-05 0 0.00021716753966316132 0 0 -0.00010514199840198511 0 0.00025296062898632954 3.6356344545748908e-06 -4.7554124015322575e-06 -0.00017661651783922795 -5.6980956961701132e-06 0.0003508716447820383 1.5260456235795951e-05 0.00018696285746588266 0
leaf_weight=8727 70 50 59 51 52 300 67 70 53 57 56 674 246 142 75 188 65 56 282 67 112 87 1079 7775 51 828 57 171 56 151
leaf_count=8727 70 50 59 51 52 300 67 70 53 57 56 674 246 142 75 188 65 56 282 67 112 87 1079 7775 51 828 57 171 56 151
internal_value=3.98442e-07 0.00013536 -1.24796e-07 0.000111572 -9.32324e-07 -1.56537e-05 -0.000101326 -0.000220201 0 7.75018e-05 0 0 -2.18821e-05 -4.58329e-05 1.03136e-05 2.15047e-05 6.14802e-05 0.000142341 -6.50849e-06 6.3832e-07 1.5535e-05 0.000120667 0 -2.0647e-07 -6.53662e-06 4.25217e-06 2.78421e-05 0.000122163 2.13997e-06 5.74073e-05
internal_weight=21774 120 21654 110 21544 2383 355 178 177 124 108 2028 688 388 1340 983 309 121 357 19161 1345 199 1146 17816 7826 9990 1263 228 1035 207
internal_count=21774 120 21654 110 21544 2383 355 178 177 124 108 2028 688 388 1340 983 309 121 357 19161 1345 199 1146 17816 7826 9990 1263 228 1035 207
is_linear=0
shrinkage=0.05


Tree=240
num_leaves=31
num_cat=0
split_feature=2 114 119 0 120 11 49 120 126 11 89 19 69 53 138 155 138 137 83 83 1 2 141 74 94 104 2 74 23 76
split_gain=0.000686715 0.015925 0.000342841 0.000975746 0.000244764 0.00162667 0.00135546 0.000860994 0.00026744 0.000473234 0.00033783 0.000421178 0.000465544 0.000167615 0.000254307 0.000969498 0.00224865 0.0001728 0.000246699 0.000426584 0.00158194 0.000411343 0.000740517 0.000203345 0.000198367 0.000691751 0.000650235 0.000208152 0.000463506 0.000321095
threshold=0.048280649000000009 20.050000000000004 24.650000000000002 0.069950000000000012 285.56767235000007 0.0054437020069444458 981.45000000000016 285.37785410000009 2.5000000000000004 0.0019846850833333336 36.150000000000013 -1.0000000180025095e-35 275.24598900000007 167.50000000000003 4.0050000000000008 0.3020000000000001 3.5100000000000002 1.8100000000000003 22.350000000000005 20.450000000000003 0.23460493450000003 0.0010358645000000002 31.950000000000003 34.707142857142863 14.500000000000002 0.65000000000000024 2.4200000000000002e-05 22.864285714285721 21.545138888888893 1.3500000000000005
decision_type=2 10 10 2 10 2 2 10 2 2 2 2 2 2 2 2 2 2 2 2 2 2 2 2 2 2 2 2 2 2
left_child=2 -2 4 -4 7 8 -7 13 9 -6 -10 -12 -13 17 15 -15 -17 18 19 23 -21 -20 -23 24 27 -26 -27 29 -29 -1
right_child=1 -3 3 -5 5 6 -8 -9 10 -11 11 12 -14 14 -16 16 -18 -19 21 20 -22 22 -24 -25 25 26 -28 28 -30 -31
leaf_value=-1.5191380959511594e-07 -0.00034622167078599052 0.00081308409846136726 0 -0.00023714707925830874 0 -0.00039634130406079302 0 0.00018912530157247037 0 0.00017520262496267 0 -0.0002119000595699269 0 2.4340710991638683e-06 1.4968193266835556e-06 0 0.00038865348153679712 6.4470223334346243e-06 -7.8384299592116195e-06 9.2929865484032628e-07 0.00027109529924046276 0 -0.00019756337744803069 7.6393276900964098e-05 0 -2.2534511201861976e-06 -0.00020366320842686968 -4.8461706997818656e-05 0 7.0592498748311183e-05
leaf_weight=6243 64 50 185 58 68 50 50 60 1238 53 266 72 73 623 2703 71 59 4509 1380 545 65 176 93 68 359 165 97 746 1530 161
leaf_count=6243 64 50 185 58 68 50 50 60 1238 53 266 72 73 623 2703 71 59 4509 1380 545 65 176 93 68 359 165 97 746 1530 161
internal_value=-1.29679e-07 0.000121416 -1.00153e-06 -6.00109e-05 -1.00247e-07 -1.75826e-05 -0.000213939 1.30963e-06 -3.55125e-06 6.23643e-05 -1.14532e-05 -5.07472e-05 -0.000120329 4.69671e-07 1.06448e-05 3.6806e-05 0.000162083 -1.4002e-06 -4.87337e-06 -1.37218e-06 3.82974e-05 -2.3017e-05 -8.2049e-05 -4.49243e-06 -5.62945e-06 -3.38046e-05 -9.63234e-05 -3.03406e-06 -1.61731e-05 8.56742e-07
internal_weight=21880 114 21766 243 21523 1870 100 19653 1770 121 1649 411 145 19593 3456 753 130 16137 11628 9979 610 1649 269 9369 9301 621 262 8680 2276 6404
internal_count=21880 114 21766 243 21523 1870 100 19653 1770 121 1649 411 145 19593 3456 753 130 16137 11628 9979 610 1649 269 9369 9301 621 262 8680 2276 6404
is_linear=0
shrinkage=0.05


Tree=241
num_leaves=31
num_cat=0
split_feature=2 69 120 13 120 28 120 1 21 105 112 15 94 53 24 93 14 17 100 98 104 137 83 83 1 2 25 91 28 104
split_gain=0.000599008 0.0159345 0.000296119 0.00242891 0.000786091 0.000256076 0.00018194 0.000234188 0.000256484 0.000189006 0.000342572 0.000319302 0.000186417 0.000163617 0.000233945 0.000676172 0.000205868 0.000221758 0.000404166 0.000181717 0.000337366 0.00015521 0.000239522 0.000422031 0.00144574 0.000388435 0.000626068 0.000226065 0.000878834 0.000182145
threshold=0.048280649000000009 272.33811725000004 285.56767235000007 0.0045514940694444455 285.37785410000009 43.750000000000007 286.42911530000009 0.0022451200000000002 0.4513888888888889 30.500000000000004 279.50889050000006 0.00014062500000000004 7.5000000000000009 167.50000000000003 32.300000000000004 267.07747075000003 0.010047267000000002 0.0016500000000000002 -4.8500000000000218 -7.0999999999999979 1.2500000000000004 1.8100000000000003 22.350000000000005 20.450000000000003 0.23460493450000003 0.0010358645000000002 27.500000000000004 29.250000000000004 29.550000000000004 24.550000000000008
decision_type=2 2 10 2 10 2 10 2 2 2 10 2 2 2 2 2 2 2 2 2 2 2 2 2 2 2 2 2 2 2
left_child=2 -2 4 5 13 6 12 -8 -9 10 11 -10 -4 21 15 -15 17 18 -16 20 -18 22 23 27 -25 -24 -27 29 -29 -1
right_child=1 -3 3 -5 -6 -7 7 8 9 -11 -12 -13 -14 14 16 -17 19 -19 -20 -21 -22 -23 25 24 -26 26 -28 28 -30 -31
leaf_value=-1.4711730686904025e-08 0.0008059698316569934 -0.00035486740156864897 0 -0.00036285826591683518 0.00017982405967888524 -0.00011440251370163821 -1.0651079972250695e-05 0 0 0 0 0.00017482653790321933 -8.1669371260843554e-05 0.00020880259834955034 0.00013154135059742102 0 0.00017966389077488342 -2.0276815149242455e-05 0 1.0184832920736872e-05 0 5.2324023349808551e-06 -8.4210462031086908e-06 1.2688980015768302e-06 0.00025837985016910828 -0.00016460710318166481 0 0 -0.00019788276471395828 -2.2531953796491557e-05
leaf_weight=8143 50 64 173 50 60 56 834 290 52 118 76 106 136 57 66 132 51 1108 420 1638 51 4563 1411 549 66 122 150 133 73 1082
leaf_count=8143 50 64 173 50 60 56 834 290 52 118 76 106 136 57 66 132 51 1108 420 1638 51 4563 1411 549 66 122 150 133 73 1082
internal_value=-1.20842e-07 0.000113375 -9.50165e-07 -1.9945e-05 6.06441e-07 -7.72535e-06 -1.51688e-06 2.75698e-06 2.79405e-05 5.69076e-05 8.29174e-05 0.000124691 -3.80039e-05 0 9.82297e-06 6.6423e-05 5.09618e-06 -5.62483e-06 1.74854e-05 1.77871e-05 9.00431e-05 -2.05805e-06 -5.32076e-06 -1.84682e-06 3.73528e-05 -2.30745e-05 -8.04651e-05 -4.93684e-06 -5.81759e-05 -3.19986e-06
internal_weight=21880 114 21766 1891 19875 1841 1785 1476 642 352 234 158 309 19815 3523 189 3334 1594 486 1740 102 16292 11729 10046 615 1683 272 9431 206 9225
internal_count=21880 114 21766 1891 19875 1841 1785 1476 642 352 234 158 309 19815 3523 189 3334 1594 486 1740 102 16292 11729 10046 615 1683 272 9431 206 9225
is_linear=0
shrinkage=0.05


Tree=242
num_leaves=31
num_cat=0
split_feature=2 114 119 0 120 11 49 120 120 114 3 135 104 41 98 104 0 89 2 135 0 43 88 77 13 36 92 1 103 18
split_gain=0.000521193 0.0151162 0.000302438 0.000866248 0.000208012 0.00135079 0.00122784 0.000702866 0.000238551 0.00026881 0.000217891 0.000253098 0.000208704 0.000205921 0.000145069 0.000651516 0.00295092 0.000451142 0.00056342 0.00113219 0.000375966 0.000381159 0.00084727 0.000319489 0.000184094 0.000348649 0.000545399 0.000634728 0.000209118 0.000149749
threshold=0.048280649000000009 20.050000000000004 24.650000000000002 0.069950000000000012 285.56767235000007 0.0054437020069444458 981.45000000000016 285.37785410000009 286.42911530000009 13.250000000000002 0.037897990000000006 21.810000000000006 21.750000000000011 54.500000000000007 -3.800000000000002 4.950000000000002 0.17210000000000003 43.550000000000004 0.00015051900000000003 24.160000000000004 0.24405000000000002 0.28350000000000003 34.162500000000016 291.74589700000007 0.0029774413125000006 267.39728305000006 1.2500000000000004 0.0042704430000000014 1048.3500000000001 0.041750000000000002
decision_type=2 10 10 2 10 2 2 10 10 10 2 2 2 2 2 2 2 2 2 2 2 2 2 2 2 2 2 2 2 2
left_child=2 -2 4 -4 7 8 -7 14 9 -6 12 -12 -10 -11 15 16 17 18 23 -20 24 -22 -23 -1 -16 26 -26 -28 -27 -19
right_child=1 -3 3 -5 5 6 -8 -9 10 13 11 -13 -14 -15 20 -17 -18 29 19 -21 21 22 -24 -25 25 28 27 -29 -30 -31
leaf_value=0 -0.00034921047952061953 0.00078151790806241846 0 -0.00022320567370331712 0 -0.00036833041997834148 0 0.00017098025242465485 0 0 9.0474650086960068e-05 0 -7.0310702756118688e-05 -0.00012655160771438598 -2.3034511635948323e-06 -2.7097020929310108e-06 0.00038124636755053906 0 3.9095050468369222e-06 0.00033221897722778883 0 0 -0.00026431342730136065 0.00011705001809256525 0 -8.9592110051171401e-05 0.00028191953379784951 0 7.6059904279749813e-06 -9.0722556873246236e-05
leaf_weight=618 64 50 185 58 96 50 50 60 1024 103 141 186 109 111 13516 3279 60 484 129 50 59 111 57 65 206 59 52 84 711 53
leaf_count=618 64 50 185 58 96 50 50 60 1024 103 141 186 109 111 13516 3279 60 484 129 50 59 111 57 65 206 59 52 84 711 53
internal_value=-1.14095e-07 0.000105728 -9.02983e-07 -5.63146e-05 -4.24865e-08 -1.6181e-05 -0.000195226 1.23945e-06 -3.13773e-06 -4.41746e-05 2.17755e-06 4.01833e-05 -4.40804e-06 -7.7126e-05 4.55775e-07 8.26655e-06 3.63445e-05 1.77193e-05 4.16538e-05 0.00012473 -1.6993e-06 -6.55911e-05 -0.00010697 1.24208e-05 -3.61608e-07 1.87294e-05 6.06584e-05 0.000138436 0 -1.14131e-05
internal_weight=21880 114 21766 243 21523 1870 100 19653 1770 310 1460 327 1133 214 19593 4738 1459 1399 862 179 14855 227 168 683 14628 1112 342 136 770 537
internal_count=21880 114 21766 243 21523 1870 100 19653 1770 310 1460 327 1133 214 19593 4738 1459 1399 862 179 14855 227 168 683 14628 1112 342 136 770 537
is_linear=0
shrinkage=0.05


Tree=243
num_leaves=31
num_cat=0
split_feature=2 69 119 134 119 0 17 43 118 126 1 100 19 128 97 160 138 129 0 1 17 104 30 29 34 105 23 12 67 95
split_gain=0.000451971 0.0151065 0.000274909 0.000839773 0.000209821 0.00281188 0.000269524 0.0006743 0.00057532 0.000138702 0.000596518 0.000544706 0.000199388 0.000284427 0.000158653 0.000157574 0.00016024 0.000323763 0.000226613 0.000140841 0.000135169 0.000177357 0.000140561 0.000130824 0.000129257 0.000128303 0.000130821 0.000128264 0.000461118 0.000206902
threshold=0.048280649000000009 272.33811725000004 24.650000000000002 8.6650000000000009 17.750000000000004 0.15305000000000002 0.25215000000000004 0.28350000000000003 20.750000000000004 15.500000000000002 0.12230235450000003 6.7500000000000009 -0.005918571428571425 8.5564435634531666 4.8000000000000034 1.0000000180025095e-35 5.5550000000000006 3.5000000000000004 0.00095000000000000011 0.0024507410000000006 0.039450000000000006 0.45000000000000007 -3.1757142857142848 31.350000000000005 0.28953179575330307 30.500000000000004 18.970833333333335 0.050071403000000007 10.050000000000002 5.5000000000000009
decision_type=2 2 10 2 10 2 2 2 10 2 2 2 2 2 2 2 2 2 2 2 2 2 2 2 2 2 2 2 2 2
left_child=2 -2 4 -4 6 27 9 -8 -9 10 12 -12 -1 -14 -11 19 23 -18 -19 -15 21 -16 -23 -17 -25 26 -24 -6 29 -29
right_child=1 -3 3 -5 5 -7 7 8 -10 14 11 -13 13 15 20 16 17 18 -20 -21 -22 22 25 24 -26 -27 -28 28 -30 -31
leaf_value=-9.0404284935369214e-05 0.00077471121773580278 -0.00035673633251840682 -0.00022779333906496676 0 1.1774638510174054e-05 0.00038381324076908646 5.1005438877627264e-05 -1.9817181552140868e-05 -0.00020529816137186357 2.2336789975583949e-06 -0.00017362169067588562 0 0.00010609323039095634 0 0 -7.5526185906663653e-06 0 0 -0.00011117678566757278 8.3760697541840598e-05 0 0 0 0 7.8360756772746006e-05 0 -7.7776528378780069e-05 0 7.0217409676323356e-06 -0.00017753045289220794
leaf_weight=60 50 64 53 190 908 50 90 259 82 16950 105 52 62 63 184 310 315 84 155 84 612 149 83 70 102 134 346 52 104 58
leaf_count=60 50 64 53 190 908 50 90 259 82 16950 105 52 62 63 184 310 315 84 155 84 612 149 83 70 102 134 346 52 104 58
internal_value=-8.93151e-08 9.84557e-05 -8.39652e-07 -5.36617e-05 -8.51375e-09 2.02973e-05 -1.42453e-06 -4.06267e-05 -7.95094e-05 -3.23342e-07 -1.52974e-05 -0.000107725 -2.7522e-07 1.24578e-07 5.92597e-07 -1.29109e-06 -1.20935e-05 -3.15448e-05 -7.53235e-05 4.06239e-05 -1.4529e-05 -2.70526e-05 -3.92756e-05 0 4.22845e-05 -5.07263e-05 -6.41947e-05 0 -3.00877e-05 -0.000109965
internal_weight=21880 114 21766 243 21523 1172 20351 431 341 19920 1462 157 1305 1245 18458 1183 1036 554 239 147 1508 896 712 482 172 563 429 1122 214 110
internal_count=21880 114 21766 243 21523 1172 20351 431 341 19920 1462 157 1305 1245 18458 1183 1036 554 239 147 1508 896 712 482 172 563 429 1122 214 110
is_linear=0
shrinkage=0.05


Tree=244
num_leaves=31
num_cat=0
split_feature=98 19 2 115 161 17 99 98 19 138 53 105 108 131 1 126 77 133 139 73 139 112 135 86 126 136 92 141 111 136
split_gain=0.000427517 0.00850188 0.000911449 0.000445569 0.00141923 0.000468639 0.000192582 0.000142682 0.000195591 0.000136303 0.000277146 0.000358381 0.000964601 0.00011905 0.000168525 0.000255928 0.000109909 0.000579715 0.000254352 0.000445385 0.000793062 0.000158634 0.000233425 0.000153698 0.000137726 0.000137037 0.000198549 0.000163991 0.000127703 0.000183066
threshold=-6.5999999999999952 0.01497714285714285 0.048280649000000009 18.550000000000004 0.35714285714285721 0.25215000000000004 4.3000000000000123 -2.9999999999999982 -0.0019185714285714361 2.8900000000000001 26.500000000000004 31.500000000000004 277.34794080000006 47.941443957701061 0.00059309700000000011 73.500000000000014 268.26800075000006 88.64500000000001 93.65491565332664 24.350000000000005 94.305272953832102 273.28438520000003 1.1150000000000004 16.500000000000004 91.500000000000014 0.47500000000000003 1.8500000000000005 24.065000000000001 13.15 0.20500000000000004
decision_type=2 2 2 10 2 2 2 2 2 2 2 2 2 2 2 2 2 2 2 2 2 8 2 2 2 2 2 2 10 2
left_child=1 3 6 5 -5 -1 9 -8 -9 10 13 12 -12 14 -2 -16 18 21 24 20 -20 22 -18 28 25 -11 27 -27 -24 -30
right_child=2 -3 -4 4 -6 -7 7 8 -10 16 11 -13 -14 -15 15 -17 17 -19 19 -21 -22 -23 23 -25 -26 26 -28 -29 29 -31
leaf_value=9.3558204819918116e-07 0 0.00062291702069622963 -0.00015577890475284149 0.00025717371332780527 0 -0.00012931996528381466 0 0 -8.1266310645815906e-05 0 -0.00025130924862357948 0 -2.9388701305284509e-06 -1.4080179746788242e-05 0.00015578142831591837 0 0.00010055993551607873 0.00013536453726928591 -0.0002663563206991636 0 0 -1.0527171564284672e-06 1.2912989469455881e-05 7.6352542007075401e-05 7.5613196644787702e-06 0 0 -4.4548750690641242e-05 2.8960529185381361e-05 -2.6093078412305175e-05
leaf_weight=2459 221 56 97 70 169 69 72 50 208 1104 68 312 201 365 52 50 83 81 54 53 54 11101 1496 85 1316 123 261 782 125 643
leaf_count=2459 221 56 97 70 169 69 72 50 208 1104 68 312 201 365 52 50 83 81 54 53 54 11101 1496 85 1316 123 261 782 125 643
internal_value=-8.04005e-08 1.78301e-05 -2.99672e-06 3.55708e-06 6.91536e-05 -6.92315e-07 -1.94321e-06 -4.01883e-05 -5.86628e-05 -9.95269e-07 -1.6818e-05 -4.2517e-05 -8.49407e-05 0 2.63561e-05 7.92181e-05 0 2.24765e-06 -7.41351e-06 -7.05313e-05 -0.000132698 1.07152e-06 1.28192e-05 7.54985e-06 -3.16693e-06 -1.15887e-05 -2.35566e-05 -3.55337e-05 2.72664e-06 -1.06046e-05
internal_weight=21880 2823 19057 2767 239 2528 18960 330 258 18630 1269 581 269 688 323 102 17361 13614 3747 161 108 13533 2432 2349 3586 2270 1166 905 2264 768
internal_count=21880 2823 19057 2767 239 2528 18960 330 258 18630 1269 581 269 688 323 102 17361 13614 3747 161 108 13533 2432 2349 3586 2270 1166 905 2264 768
is_linear=0
shrinkage=0.05


Tree=245
num_leaves=31
num_cat=0
split_feature=11 112 33 100 1 121 111 78 21 122 100 129 129 49 33 133 134 136 76 160 81 105 107 31 8 81 83 16 4 14
split_gain=0.000432356 0.00436229 0.0155778 0.00381634 0.00425822 0.00170465 0.000700254 0.00017325 0.000227723 0.000156295 0.000384763 0.000614394 0.000218326 0.000330137 0.000147935 0.000597704 0.000207982 0.000223309 0.000360283 0.000287508 0.000263086 0.000187322 0.00017881 0.000591804 0.00109617 0.000248214 0.000151191 0.000149185 0.000441838 0.000435165
threshold=0.0063192529166666679 273.19660825000005 -0.77810416873201926 4.8000000000000123 0.14216828450000005 1.0000000180025095e-35 9.2500000000000018 4.5000000000000009 0.40972222222222227 1.5000000000000002 6.5999999999999668 6.5000000000000009 3.5000000000000004 982.05000000000007 -0.957016939228022 87.815000000000012 6.7950000000000008 0.045000000000000005 1.1500000000000006 1.0000000180025095e-35 27.550000000000004 38.500000000000007 17.450000000000003 33.650000000000013 0.0006699808592100302 39.850000000000001 30.450000000000003 0.55000000000000016 0.00029107750000000005 0.013484065500000001
decision_type=2 8 2 2 2 10 10 2 2 2 2 2 2 2 2 2 2 2 2 2 2 2 2 2 2 2 2 2 2 2
left_child=9 3 -3 6 -5 7 -2 8 -4 10 -1 12 13 -12 15 16 17 20 19 -19 -11 -21 23 -16 -25 -24 27 28 -27 -30
right_child=1 2 5 4 -6 -7 -8 -9 -10 14 11 -13 -14 -15 22 -17 -18 18 -20 21 -22 -23 25 24 -26 26 -28 -29 29 -31
leaf_value=8.3568153206747912e-07 -0.00014601023235156325 0.00083596738689655989 0 -1.6176707965074554e-05 -0.00076331569453838522 -0.00024804907511912291 2.8768079328533576e-05 8.6339790112914563e-05 -0.00010169996550381445 9.3061577525730129e-05 0.00014225896653985741 0.00023345209193569017 -1.7981658831963106e-05 0 6.750234386064831e-07 -0.0001544085319938572 0 0 7.829040619450702e-06 -7.6799233605049849e-05 -4.7517011070350202e-06 0 -4.2784645831248644e-05 0.00027430701572213144 9.8942872577137338e-06 0 -3.0978821553768341e-05 0 0.00019854212734250781 0
leaf_weight=1533 82 55 165 53 52 85 98 53 57 77 66 51 89 65 13120 72 3268 152 191 557 90 112 529 56 295 137 273 368 67 76
leaf_count=1533 82 55 165 53 52 85 98 53 57 77 66 51 89 65 13120 72 3268 152 191 557 90 112 529 56 295 137 273 368 67 76
internal_value=-1.39788e-06 -4.00387e-05 5.41657e-05 -0.000194406 -0.000437069 -5.34106e-05 -2.35956e-05 0 -1.17101e-05 0 1.39456e-05 6.94483e-05 7.92046e-06 6.33998e-05 -1.429e-06 -9.44209e-06 -5.9367e-06 -2.39477e-05 -3.46345e-05 -5.05935e-05 1.08714e-05 -6.49092e-05 6.63257e-07 2.7777e-06 6.69438e-05 -1.55231e-05 0 1.33128e-05 4.16725e-05 0.000105165
internal_weight=21944 700 415 285 105 360 180 275 222 21244 1804 271 220 131 19440 4519 4447 1179 1012 821 167 669 14921 13471 351 1450 921 648 280 143
internal_count=21944 700 415 285 105 360 180 275 222 21244 1804 271 220 131 19440 4519 4447 1179 1012 821 167 669 14921 13471 351 1450 921 648 280 143
is_linear=0
shrinkage=0.05


Tree=246
num_leaves=31
num_cat=0
split_feature=11 61 61 21 75 93 44 111 61 4 92 4 61 30 116 3 12 50 30 43 90 139 83 81 131 44 43 139 116 90
split_gain=0.000393869 0.00692849 0.0117932 0.00173928 0.00171678 0.00114711 0.000161911 0.000203434 0.000110024 0.000343969 0.000328315 0.000110695 0.00035555 0.00089101 0.000519137 0.000781265 0.000153693 0.000204663 0.000147568 0.000140351 0.000577993 0.000315548 0.000313411 0.00124603 0.00027087 0.000424613 0.000265769 0.000538359 0.000977329 0.000225087
threshold=0.0063192529166666679 112.35000000000001 300.15000000000003 0.40972222222222227 15.050000000000002 265.52433770000005 1182.5000000000002 12.050000000000002 57.500000000000007 0.0018303560000000002 3.350000000000001 0.006263948000000001 338.15000000000003 -2.8742857142857132 277.45942545000008 0.073562897500000016 0.050071403000000007 1008.1500000000002 0.64571428571428613 0.37550000000000006 26.490816326530624 42.963505444602305 6.2500000000000009 13.15 42.452782277892588 1787.5000000000002 0.36450000000000005 87.389466238151741 272.06296420000007 22.974489795918373
decision_type=2 2 2 2 2 2 2 10 2 2 2 2 2 2 8 2 2 2 2 2 2 2 2 2 2 2 2 2 10 2
left_child=8 -2 -3 6 5 -5 -4 -8 9 -1 -11 19 13 -13 -15 -16 17 18 -14 24 22 -22 23 -21 25 26 -10 -28 -29 -24
right_child=1 2 3 4 -6 -7 7 -9 11 10 -12 12 16 14 15 -17 -18 -19 -20 20 21 -23 29 -25 -26 -27 27 28 -30 -31
leaf_value=0 -0.00059393056455659321 0.00072084950870737654 2.7566980231129871e-05 -0.00047191991621609009 0 -3.8056172079599427e-05 -0.00011555805183888879 0 0 0.0001848242517716196 0 5.9776896882491802e-05 -5.7795575016487169e-05 0 0 -0.00017603504409991874 9.1016316146631132e-06 0 0 0 0 -8.844791872380469e-05 -9.3250626251913318e-07 -0.00027329608359370755 8.2531408429725246e-07 0.00017639415118047999 0 0 0.00022183483143072816 3.0181082485815603e-05
leaf_weight=390 51 52 252 59 80 60 53 93 1034 56 54 89 344 52 104 203 1377 1039 53 305 54 304 5005 51 9753 51 151 50 96 629
leaf_count=390 51 52 252 59 80 60 53 93 1034 56 54 89 344 52 104 203 1377 1039 53 305 54 304 5005 51 9753 51 151 50 96 629
internal_value=-1.30363e-06 -3.81821e-05 0 -5.70004e-05 -0.000177357 -0.000296972 0 -3.80218e-05 0 2.30599e-05 0.000100733 -6.45719e-07 -9.22445e-06 -5.09309e-05 -9.23552e-05 -0.000119094 -7.89697e-07 -1.37538e-05 -4.43686e-05 6.68882e-07 -4.90893e-06 -6.67001e-05 -3.70799e-07 -4.64073e-05 4.29791e-06 2.51709e-05 1.54947e-05 5.74695e-05 0.000125901 1.65855e-06
internal_weight=21944 700 649 597 199 119 398 146 21244 500 110 20744 3261 448 359 307 2813 1436 397 17483 6348 358 5990 356 11135 1382 1331 297 146 5634
internal_count=21944 700 649 597 199 119 398 146 21244 500 110 20744 3261 448 359 307 2813 1436 397 17483 6348 358 5990 356 11135 1382 1331 297 146 5634
is_linear=0
shrinkage=0.05


Tree=247
num_leaves=31
num_cat=0
split_feature=2 34 100 115 83 111 99 1 100 3 133 133 43 34 92 44 137 140 124 0 73 117 66 36 91 64 138 62 35 77
split_gain=0.000340378 0.00651773 0.00434353 0.000374656 0.000534509 0.00033984 0.000178803 0.00125175 0.000411316 0.00215896 0.000641366 0.000358184 0.00245583 0.000166507 0.00016601 0.000215066 0.000165235 0.000305219 0.000213134 0.00024229 0.000401765 0.000158761 0.000147386 0.000145309 0.000114577 0.000229092 0.000454242 0.000579568 0.000399896 0.000836547
threshold=0.018264717500000003 0.22457204636902053 3.8000000000000118 7.2500000000000009 17.350000000000005 7.0500000000000007 3.549999999999955 0.20970769550000004 6.1499999999999782 0.26542267650000007 80.670000000000002 88.200000000000003 0.38750000000000007 -0.28440719553229071 1.0000000180025095e-35 1487.5000000000002 3.1100000000000008 34.790000000000006 0.78656609248549303 0.0010500000000000004 32.95000000000001 1.0000000180025095e-35 28.925000000000004 263.44689625000007 29.450000000000003 261.14999999999992 3.8700000000000006 60.70000000000001 286.04034900000005 278.81201485000003
decision_type=2 2 2 10 2 8 2 2 2 2 2 2 2 2 2 2 2 2 2 2 2 8 2 2 2 2 2 2 2 2
left_child=6 2 3 5 -5 -2 8 16 11 10 14 24 13 21 15 -10 18 -18 22 -20 -21 -13 23 -8 25 -1 27 -27 29 -28
right_child=1 -3 -4 4 -6 -7 7 -9 9 -11 -12 12 -14 -15 -16 -17 17 -19 19 20 -22 -23 -24 -25 -26 26 28 -29 -30 -31
leaf_value=-2.1220675092230507e-07 -4.7547177326016349e-05 0.00044271668157867122 -0.00057843283662193181 -0.00021285522396768407 0 0.00011137537105516355 0 -0.00025179673557951384 0 0.00034939244552683354 0.00018168263551356803 0.00011834311821618477 -0.00035776810201191856 -1.8592640374733419e-05 -1.0512190480038745e-05 0.00011406984566054967 0 9.7363427269797555e-05 -1.3979439695537163e-05 0.00014710377431485441 0 0 0 -6.7856527859675182e-05 -1.4625804606270135e-05 0.00018380267099154425 0 0 -2.2857628889843672e-05 0.00017557401874180689
leaf_weight=16558 84 51 51 59 50 52 87 55 82 51 50 56 54 51 731 66 154 97 136 73 66 54 275 327 1237 93 428 175 551 90
leaf_count=16558 84 51 51 59 50 52 87 55 82 51 50 56 54 51 731 66 154 97 136 73 66 54 275 327 1237 93 428 175 551 90
internal_value=-1.21775e-06 -5.03628e-05 -0.000153359 -4.25569e-05 -0.000112094 0 -1.94333e-07 -1.85561e-05 7.07772e-07 3.2411e-05 9.27613e-06 -6.41287e-07 -6.46722e-05 4.37074e-06 0 4.73551e-05 -3.68763e-06 2.56624e-05 -1.65296e-05 8.06649e-06 6.52967e-05 6.0134e-05 -3.35905e-05 -5.25725e-05 0 1.09903e-06 2.1063e-05 8.01189e-05 1.52359e-06 3.7086e-05
internal_weight=21944 347 296 245 109 136 21597 1270 20327 980 929 19347 215 161 879 148 1215 251 964 275 139 110 689 414 19132 17895 1337 268 1069 518
internal_count=21944 347 296 245 109 136 21597 1270 20327 980 929 19347 215 161 879 148 1215 251 964 275 139 110 689 414 19132 17895 1337 268 1069 518
is_linear=0
shrinkage=0.05


Tree=248
num_leaves=31
num_cat=0
split_feature=11 61 126 6 36 120 122 100 13 77 140 33 134 105 43 43 119 21 107 31 18 81 13 0 43 132 24 42 138 105
split_gain=0.000338959 0.00623966 0.0152841 0.0021658 0.0011151 0.000580724 0.000129222 0.000313235 0.000738249 0.000698847 0.000245487 0.000128183 0.000423151 0.000369948 0.000420303 0.000632276 0.000436542 0.000178729 0.000167924 0.00052617 0.000926385 0.000218846 0.00015078 0.000161403 0.000143 0.00031984 0.000502139 0.00026298 0.000243134 0.000202896
threshold=0.0063192529166666679 112.35000000000001 21.500000000000004 0.022697222222222223 266.13780440000005 282.31795400000004 1.5000000000000002 6.5999999999999668 0.00071010991666666684 267.33347680000003 16.685000000000002 -0.957016939228022 6.7500000000000009 28.500000000000004 0.41150000000000003 0.39150000000000007 6.7500000000000009 0.46527777777777785 17.450000000000003 33.650000000000013 0.00060208333333333349 39.850000000000001 0.0028292562638888891 0.00015000000000000004 0.38750000000000007 2.5000000000000004 47.400000000000006 0.18500000000000003 3.8950000000000005 27.500000000000004
decision_type=2 2 2 2 2 10 2 2 2 2 2 2 2 2 2 2 8 2 2 2 2 2 2 2 2 2 2 2 2 2
left_child=6 -2 -3 4 -4 -5 7 -1 -9 -10 -11 12 13 14 15 22 -17 -15 19 -13 -21 -20 23 -8 29 26 27 -26 -27 -14
right_child=1 2 3 5 -6 -7 11 8 9 10 -12 18 24 17 -16 16 -18 -19 21 20 -22 -23 -24 -25 25 28 -28 -29 -30 -31
leaf_value=6.0191780830175202e-07 -0.00056289559767509886 0.0008203338540817023 -0.00045778448101961718 0 -1.0768060362482039e-05 -0.00017170499678125935 0 0 0 1.0689463546545611e-05 0.00031855393753245993 7.5845830332564908e-07 -2.8272775088575888e-05 6.0314994684252572e-05 0 -0.00031765845667442512 -3.9169519942094523e-05 -1.5390170810108648e-05 -4.0549366405358813e-05 0.00022141907455845383 1.6487226185328389e-06 0 0 -6.5997345103754084e-05 0.00022608452788925459 6.4856850328419389e-05 0 0 -1.158178408669545e-05 1.1452671946366895e-06
leaf_weight=1533 51 52 50 442 55 50 77 114 53 53 51 13120 763 95 167 54 94 411 529 75 276 921 65 259 57 120 180 62 736 1379
leaf_count=1533 51 52 50 442 55 50 77 114 53 53 51 13120 763 95 167 54 94 411 529 75 276 921 65 259 57 120 180 62 736 1379
internal_value=-1.16389e-06 -3.5373e-05 0 -6.52234e-05 -0.000273113 -1.02506e-05 0 1.27617e-05 6.29103e-05 0.000135994 0.000210877 -1.22319e-06 -8.69972e-06 -3.38335e-05 -5.69426e-05 -7.83419e-05 -0.000175787 0 7.06515e-07 2.76398e-06 6.33084e-05 -1.49508e-05 -2.95914e-05 -4.65091e-05 0 1.47713e-05 5.92123e-05 0.000138659 0 -7.00883e-06
internal_weight=21944 700 649 597 105 492 21244 1804 271 157 104 19440 4519 1222 716 549 148 506 14921 13471 351 1450 401 336 3297 1155 299 119 856 2142
internal_count=21944 700 649 597 105 492 21244 1804 271 157 104 19440 4519 1222 716 549 148 506 14921 13471 351 1450 401 336 3297 1155 299 119 856 2142
is_linear=0
shrinkage=0.05


Tree=249
num_leaves=31
num_cat=0
split_feature=11 61 126 21 75 34 99 23 23 100 133 42 25 43 93 80 133 46 43 116 93 126 94 24 69 8 28 15 16 105
split_gain=0.000315633 0.0056343 0.0138367 0.00200227 0.00202888 0.000895425 0.000112135 0.000261195 0.00015531 0.000130736 0.000865889 0.000372572 0.000307491 0.000381046 0.000276003 0.000403216 0.000259116 0.00215791 0.000242165 0.000126842 0.000147058 0.000197566 0.000288051 0.00198994 0.000563174 0.000207616 0.00016998 0.000164833 0.000182821 0.000321016
threshold=0.0063192529166666679 112.35000000000001 21.500000000000004 0.40972222222222227 15.050000000000002 -0.73803339401868806 4.400000000000035 18.584722222222226 22.924305555555559 6.1999999999999895 80.995000000000019 0.27500000000000008 9.5000000000000018 0.33350000000000007 265.37900170000006 20.612500000000004 88.200000000000003 23.500000000000004 0.34750000000000003 264.46023740000004 265.24347685000004 37.500000000000007 15.500000000000002 42.900000000000006 276.69482655000007 0.0026923199440391518 29.350000000000005 0.00036458333333333335 2.4000000000000008 27.500000000000004
decision_type=2 2 2 2 2 2 2 2 2 2 2 2 2 2 2 2 2 2 2 8 2 2 2 2 2 2 2 2 2 2
left_child=6 -2 -3 -4 5 -5 9 -8 -9 16 11 -11 -13 -14 -15 -16 19 18 -18 -1 21 -21 27 -24 -25 -26 -27 -23 29 -29
right_child=1 2 3 4 -6 -7 7 8 -10 10 -12 12 13 14 15 -17 17 -19 -20 20 -22 22 23 24 25 26 -28 28 -30 -31
leaf_value=-3.1783339908293099e-05 -0.00053529204323222773 0.00078009106345663633 0 -6.8056946897070058e-05 0 -0.00048540971408403465 6.4017417559022917e-06 -9.8999491881216671e-05 0 -9.6669177393853634e-06 0.00020153696639890322 0 0 0 0 0.0001864245710269798 0 -0.00028313688505157778 9.9878123755337976e-05 -2.1502823609124242e-05 -1.5468063469673753e-06 -4.0667592533568339e-06 0.00033283212655370732 0.00012558185690497256 -6.8328296578062592e-05 5.1682666075344563e-05 -1.5353686419251046e-05 0 -9.6746221441047999e-07 4.4948366826869475e-05
leaf_weight=302 51 52 397 60 80 60 85 133 113 985 60 104 106 51 52 122 73 73 71 389 14016 1640 55 88 115 143 170 773 647 878
leaf_count=302 51 52 397 60 80 60 85 133 113 985 60 104 106 51 52 122 73 73 71 389 14016 1640 55 88 115 143 170 773 647 878
internal_value=-1.07004e-06 -3.40808e-05 0 -6.25422e-05 -0.000191157 -0.000320343 0 -2.88108e-05 -6.11974e-05 4.76894e-07 1.49047e-05 3.36389e-06 4.42928e-05 6.99418e-05 0.000106777 0.000136627 -3.65343e-07 -5.46206e-05 2.78955e-05 0 7.63287e-07 8.39338e-06 1.20854e-05 4.6689e-05 5.93332e-06 -7.24769e-06 0 5.78805e-06 1.49946e-05 2.42734e-05
internal_weight=21944 700 649 597 200 120 21244 331 246 20913 1480 1420 435 331 225 174 19433 217 144 19216 18914 4898 4509 571 516 428 313 3938 2298 1651
internal_count=21944 700 649 597 200 120 21244 331 246 20913 1480 1420 435 331 225 174 19433 217 144 19216 18914 4898 4509 571 516 428 313 3938 2298 1651
is_linear=0
shrinkage=0.05


Tree=250
num_leaves=31
num_cat=0
split_feature=2 48 22 99 78 75 161 140 103 31 44 105 6 83 105 126 150 111 44 90 132 132 31 134 99 23 96 108 89 92
split_gain=0.00371673 0.00271741 0.000206875 0.000675673 0.000158763 0.000281173 0.000234855 0.000227784 0.000176598 0.000177318 0.000239308 0.000139565 0.00115725 0.00293277 0.000963255 0.00214561 0.000673657 0.000369887 0.000537452 0.000787276 0.00122401 0.00233041 0.000311826 0.00019401 0.000184361 0.000175572 0.000463835 0.000453258 0.000434787 0.00178531
threshold=0.048280649000000009 7.5000000000000009 1.5000000000000002 3.549999999999955 2.5000000000000004 9.8500000000000032 0.23469387755102042 51.245000000000012 2772.8000000000006 28.850000000000005 377.50000000000006 16.500000000000004 0.022136805555555559 21.050000000000004 17.500000000000004 10.500000000000002 0.13095238095238099 14.450000000000001 1402.5000000000002 21.150000000000002 3.5000000000000004 4.5000000000000009 27.350000000000005 7.4400000000000004 3.6999999999999891 27.138194444444448 38.687500000000007 286.89129080000004 45.750000000000007 12.550000000000004
decision_type=2 2 2 2 2 2 2 2 2 2 2 2 2 2 2 2 2 10 2 2 2 2 2 2 2 2 2 2 2 2
left_child=2 -2 3 4 5 6 -1 -6 9 10 -7 12 17 -14 15 -13 -17 18 24 -20 -21 -22 -19 -24 -4 26 -16 28 29 -28
right_child=1 -3 11 -5 7 8 -8 -9 -10 -11 -12 14 13 -15 25 16 -18 22 19 20 21 -23 23 -25 -26 -27 27 -29 -30 -31
leaf_value=-8.8467692372344247e-06 -0.00055305306179194165 0 0 -0.00018952547087345444 6.4335100249288959e-05 0 7.4341828534891125e-05 -2.3742928184577449e-06 0 0 -9.628076269083458e-05 0.00037759273394773055 -0.00045125993423211829 0 0 0 0.00018409565621384485 0 0 0 0.0003933493540912596 0 -0.00011138869119233267 -1.5719613442194109e-05 -5.0659321508401788e-05 -1.1413302295726748e-05 6.4800455678737115e-06 0 1.4216179524783002e-05 0.00034859992109704765
leaf_weight=510 52 65 4921 58 157 55 98 121 135 71 279 53 50 102 8883 389 56 797 676 190 78 77 165 332 192 2289 176 361 399 64
leaf_count=510 52 65 4921 58 157 55 98 121 135 71 279 53 50 102 8883 389 56 797 676 190 78 77 165 332 192 2289 176 361 399 64
internal_value=-2.51689e-06 -0.000282505 -7.66666e-07 -1.88558e-05 -8.28231e-06 -1.88809e-05 0 1.74741e-05 -4.5348e-05 -6.18681e-05 -7.72151e-05 3.12942e-07 -4.77273e-06 -0.000141271 3.75025e-06 7.19434e-05 2.35644e-05 -1.28788e-06 3.11966e-06 3.65987e-05 9.82082e-05 0.000202503 -2.60284e-05 -5.7681e-05 -2.5938e-06 5.43801e-07 3.81993e-06 3.60903e-05 6.17069e-05 0.000119527
internal_weight=21851 117 21734 1484 1426 1148 608 278 540 405 334 20250 7580 152 12670 498 445 7428 6134 1021 345 155 1294 497 5113 12172 9883 1000 639 240
internal_count=21851 117 21734 1484 1426 1148 608 278 540 405 334 20250 7580 152 12670 498 445 7428 6134 1021 345 155 1294 497 5113 12172 9883 1000 639 240
is_linear=0
shrinkage=0.05


Tree=251
num_leaves=31
num_cat=0
split_feature=2 102 100 128 141 141 30 84 21 1 35 121 4 35 120 93 128 64 141 141 28 29 42 47 24 93 137 76 14 138
split_gain=0.00340277 0.00209095 0.00016738 0.000998177 0.00162358 0.000236781 9.64976e-05 0.000152293 0.000683472 0.000103174 0.0021385 0.00024155 0.000552334 0.000117069 0.000294605 0.000374593 0.000608978 0.000242628 0.000500379 0.00163784 0.000378496 0.000563784 0.00111209 0.00095464 0.000339911 0.000354481 0.000208362 0.000204105 0.000323873 0.000292014
threshold=0.048280649000000009 -0.49999999999999983 7.6499999999999782 10.31157296044138 31.185000000000006 36.235000000000007 0.8814285714285709 11.350000000000003 0.5902777777777779 0.61966513750000007 274.00083455000009 1.5500000000000003 0.0055734105000000006 286.51681700000006 267.78627620000003 264.05027640000009 9.8644867814012631 27.349999999999991 33.720000000000006 34.875000000000007 24.650000000000002 36.050000000000004 0.12500000000000003 31.500000000000004 50.150000000000013 263.21299085000004 0.33000000000000007 2.5500000000000012 0.00067710550000000017 4.8700000000000001
decision_type=2 2 2 2 2 2 2 2 2 2 2 10 2 2 8 2 2 2 2 2 2 2 2 2 2 2 2 2 2 2
left_child=2 -2 6 4 -4 -5 9 -8 -9 11 -11 13 -13 17 26 16 -16 -1 20 -20 -19 22 -22 -24 -21 -26 -15 28 -17 -29
right_child=1 -3 3 5 -6 -7 7 8 -10 10 -12 12 -14 14 15 27 -18 18 19 24 21 -23 23 -25 25 -27 -28 29 -30 -31
leaf_value=-8.8356862156972293e-07 0 -0.00045809092319828017 0 0 -0.000322096994877124 9.0113944663019761e-05 6.1579677003090943e-07 0.00020899249581919513 0 0.00031352200766447756 -7.9619480541598915e-05 -1.188191375628021e-06 -0.00018353163453745461 0 0.00018713345573419447 0.00010162612282189142 0 -2.8923816890630556e-05 0.00024859472210674011 -1.7721801061306191e-05 0 0 0.00035112011559632316 0 0 0.00010664005444270418 -4.972765544174206e-05 -8.7644735200762469e-05 -1.6501698707738485e-06 0
leaf_weight=14571 52 65 83 166 66 76 837 52 92 51 73 362 59 392 68 77 84 591 95 254 77 724 56 68 67 147 619 166 1541 220
leaf_count=14571 52 65 83 166 66 76 837 52 92 51 73 362 59 392 68 77 84 591 95 254 77 724 56 68 67 147 619 166 1541 220
internal_value=-2.41183e-06 -0.000270319 -7.27203e-07 -3.31179e-05 -0.000138854 1.17114e-05 0 1.51648e-05 6.46607e-05 -8.69979e-07 4.32904e-05 -1.38973e-06 -3.8965e-05 -3.37243e-07 -9.32952e-06 0 7.64345e-05 1.07336e-06 1.71864e-05 5.75092e-05 0 2.20686e-05 9.59693e-05 0.000192679 7.6122e-06 6.08799e-05 -3.16268e-05 -4.61053e-06 2.36118e-07 -3.77943e-05
internal_weight=21851 117 21734 391 149 242 21343 981 144 20362 124 20238 421 19817 3167 2156 152 16650 2079 563 1516 925 201 124 468 214 1011 2004 1618 386
internal_count=21851 117 21734 391 149 242 21343 981 144 20362 124 20238 421 19817 3167 2156 152 16650 2079 563 1516 925 201 124 468 214 1011 2004 1618 386
is_linear=0
shrinkage=0.05


Tree=252
num_leaves=31
num_cat=0
split_feature=2 48 22 61 61 126 126 92 92 105 6 83 105 2 111 44 96 18 137 90 133 59 49 7 137 28 110 136 90 81
split_gain=0.0030916 0.00245309 0.000189167 0.00063457 0.000152604 0.0002862 0.000137063 0.00034414 0.000176934 0.000125993 0.00103107 0.00265118 0.000880357 0.00202905 0.000338062 0.000492746 0.000889961 0.000872139 0.00145573 0.00116895 0.00153956 0.000258429 0.00018646 0.000256771 0.000271976 0.000249513 0.000290961 0.000164346 0.000349306 0.00101534
threshold=0.048280649000000009 7.5000000000000009 1.5000000000000002 91.250000000000014 168.10000000000002 22.500000000000004 40.500000000000007 20.850000000000005 17.650000000000009 16.500000000000004 0.022136805555555559 21.050000000000004 17.500000000000004 0.00085279300000000013 14.450000000000001 1317.5000000000002 33.212500000000013 0.0003020833333333334 0.075000000000000025 24.862244897959183 55.360000000000007 8.8877500000000023 989.75000000000011 0.10705000000000002 0.48500000000000004 25.400000000000002 10.050000000000002 0.38500000000000006 28.230612244897959 44.050000000000004
decision_type=2 2 2 2 2 2 2 2 2 2 2 2 2 2 10 2 2 2 2 2 2 2 2 2 2 2 10 2 2 2
left_child=2 -2 3 -1 -5 -6 7 8 -7 10 14 -12 13 -11 15 22 -17 -18 -19 20 -20 -16 23 -4 -25 -24 -27 28 -14 -30
right_child=1 -3 9 4 5 6 -8 -9 -10 12 11 -13 27 -15 21 16 17 18 19 -21 -22 -23 25 24 -26 26 -28 -29 29 -31
leaf_value=-0.00017909965372265077 -0.00051338946442383365 0 -6.4431990059274893e-06 4.6311575176212022e-05 -0.00011376031390585316 0 -1.4690988574569761e-05 -1.9813602677395302e-05 0.00015904833060371209 9.9235668653049824e-06 -0.00042815636538708697 0 2.287958500701933e-06 0.00029319223594431482 0 0 0 0 3.1006340328365859e-05 0 0.00053450264400713165 -4.9677126606046636e-05 0 -0.000117788896321817 0 0.00014213026394891516 0 -4.2836754383606736e-06 0.00017081451295441173 0
leaf_weight=61 52 65 2536 82 74 71 1085 56 55 413 50 102 4981 85 709 887 98 99 54 55 55 585 1954 118 54 70 154 6708 125 358
leaf_count=61 52 65 2536 82 74 71 1085 56 55 413 50 102 4981 85 709 887 98 99 54 55 55 585 1954 118 54 70 154 6708 125 358
internal_value=-2.32781e-06 -0.000257702 -7.11226e-07 -1.80153e-05 -7.47787e-06 -1.45249e-05 -4.70058e-06 2.72901e-05 8.75863e-05 3.10808e-07 -4.50565e-06 -0.000133364 3.58705e-06 6.87833e-05 -1.17817e-06 3.005e-06 3.14558e-05 9.77756e-05 0.000146177 0.00023716 0.000333068 -2.48558e-05 -3.24382e-06 -1.26644e-05 -7.49217e-05 6.17498e-06 5.60503e-05 5.03462e-07 7.29512e-06 4.84901e-05
internal_weight=21851 117 21734 1484 1423 1341 1267 182 126 20250 7580 152 12670 498 7428 6134 1248 361 263 164 109 1294 4886 2708 172 2178 224 12172 5464 483
internal_count=21851 117 21734 1484 1423 1341 1267 182 126 20250 7580 152 12670 498 7428 6134 1248 361 263 164 109 1294 4886 2708 172 2178 224 12172 5464 483
is_linear=0
shrinkage=0.05


Tree=253
num_leaves=31
num_cat=0
split_feature=2 48 22 100 74 84 92 44 53 75 36 85 0 35 116 0 61 135 142 124 30 126 49 18 123 103 16 61 2 32
split_gain=0.00282681 0.00218746 0.000173275 0.00061374 0.000149453 0.000234802 0.00022791 0.000412708 0.000297597 0.00018046 8.6397e-05 0.000631853 0.00053699 0.00546227 0.000981311 0.000319969 0.000610455 0.00034613 0.000686554 0.00061638 0.00124363 0.000268961 0.000256586 0.000178157 0.000646001 0.00099885 0.000800209 0.000251527 0.000181776 0.000600711
threshold=0.048280649000000009 7.5000000000000009 1.5000000000000002 6.6499999999999782 27.37857142857143 12.150000000000004 1.1500000000000004 772.50000000000011 174.50000000000003 24.150000000000002 266.85797920000005 263.75733265000002 0.18590000000000004 274.51635490000007 272.98728480000005 0.18590000000000004 1437.0000000000002 3.8850000000000002 789.6392375142425 -0.9159756150367534 -0.39714285714285813 91.500000000000014 979.05000000000007 0.030343750000000006 0.37940952255126054 1134.1500000000003 0.62500000000000011 91.250000000000014 0.0006863590000000001 12.65
decision_type=2 2 2 2 2 2 2 2 2 2 2 2 2 2 8 2 2 2 2 2 2 2 2 2 2 2 2 2 2 2
left_child=2 -2 3 4 6 9 -1 -8 -9 -6 15 -12 23 -14 -15 17 -17 18 19 -4 21 -21 -16 28 27 26 -26 -25 -13 -30
right_child=1 -3 10 -5 5 -7 7 8 -10 -11 11 12 13 14 22 16 -18 -19 -20 20 -22 -23 -24 24 25 -27 -28 -29 29 -31
leaf_value=0 -0.0004882043239689116 0 7.2636281602435532e-06 -0.00017410300557948796 8.9494271641335951e-05 -9.0032354754868945e-06 0 -0.00012176915651022913 0 0 0.00017646023688974071 1.6208464909974785e-08 0.00054033551542684733 0.00010414885865779631 -0.00020171589675803923 -0.00020744800246331712 0 1.1606511509458243e-06 2.0784934896422396e-05 -8.9810590963324292e-05 -0.00035123862738076315 0 0 0.00010952697762520446 0 -8.661696207765118e-06 -0.00032208566967446752 0 0 7.1500256821304881e-05
leaf_weight=709 52 65 68 62 138 123 162 181 55 54 52 10069 50 51 65 55 89 6623 206 173 51 141 52 53 60 387 61 821 726 397
leaf_count=709 52 65 68 62 138 123 162 181 55 54 52 10069 50 51 65 55 89 6623 206 173 51 141 52 53 60 387 61 821 726 397
internal_value=-2.19694e-06 -0.00024639 -6.4106e-07 -1.72123e-05 -6.74056e-06 1.6418e-05 -1.78519e-05 -4.80936e-05 -9.08157e-05 5.85725e-05 3.27237e-07 3.02803e-06 1.91845e-06 7.96456e-05 -3.02647e-05 -3.68141e-06 -7.80718e-05 -1.50734e-06 -3.69312e-05 -7.5895e-05 -0.000105026 -4.81753e-05 -0.000131614 1.67022e-07 -1.62959e-05 -6.2106e-05 -0.000190584 4.65678e-06 2.64787e-06 2.17743e-05
internal_weight=21851 117 21734 1484 1422 315 1107 398 236 192 20250 12844 12792 218 168 7406 144 7262 639 433 365 314 117 12574 1382 508 121 874 11192 1123
internal_count=21851 117 21734 1484 1422 315 1107 398 236 192 20250 12844 12792 218 168 7406 144 7262 639 433 365 314 117 12574 1382 508 121 874 11192 1123
is_linear=0
shrinkage=0.05


Tree=254
num_leaves=31
num_cat=0
split_feature=19 35 22 99 78 75 94 140 103 31 44 105 6 83 105 34 122 30 111 44 136 132 31 49 8 115 134 99 23 96
split_gain=0.00258512 0.00161911 0.000158986 0.000573229 0.000112805 0.000239724 0.000229093 0.000199208 0.000148472 0.000158793 0.000200672 0.000105469 0.00087747 0.00232413 0.000805606 0.001881 0.000590019 0.000804799 0.000312812 0.000456654 0.000670624 0.00107952 0.000262333 0.000247274 0.000276018 0.000385957 0.000187228 0.000165148 0.000164458 0.000399783
threshold=0.018424285714285716 272.79358500000006 1.5000000000000002 3.549999999999955 2.5000000000000004 9.8500000000000032 11.500000000000002 51.245000000000012 2772.8000000000006 28.850000000000005 377.50000000000006 16.500000000000004 0.022136805555555559 21.050000000000004 17.500000000000004 0.45288892245302542 15.500000000000002 -1.7857142857142867 14.450000000000001 1402.5000000000002 1.2750000000000001 3.5000000000000004 27.350000000000005 979.6500000000002 0.0011367257296540556 5.7500000000000009 7.4400000000000004 4.3500000000000236 27.138194444444448 38.687500000000007
decision_type=2 2 2 2 2 2 2 2 2 2 2 2 2 2 2 2 2 2 10 2 2 2 2 2 2 10 2 2 2 2
left_child=2 -2 3 4 5 6 -1 -6 9 10 -7 12 18 -14 15 16 -13 -18 19 27 23 -22 -20 24 -21 -26 -24 -4 29 -16
right_child=1 -3 11 -5 7 8 -8 -9 -10 -11 -12 14 13 -15 28 -17 17 -19 22 20 21 -23 26 -25 25 -27 -28 -29 -30 -31
leaf_value=-7.0843932897792627e-06 0 -0.00041347229840686206 -2.6565520688471871e-08 -0.00017353688052411354 5.9081352514849755e-05 0 7.4337883295701233e-05 -3.4403961667596327e-06 0 0 -8.7751291493077594e-05 -6.8575056116060285e-06 -0.00039908989814256194 0 0 0.00034873941716002515 0.00025959501102247655 0 0 0 0 0.00030220045454249585 -0.00010437303948426883 -7.0322125433625424e-06 0 0.00011232337668329624 -1.1889401050444581e-05 -7.5267897720385181e-05 -1.1222964202660357e-05 3.3505111555495932e-05
leaf_weight=510 56 61 5037 58 157 55 98 121 135 71 279 295 50 102 8883 54 53 96 797 153 112 59 165 464 50 183 332 76 2289 1000
leaf_count=510 56 61 5037 58 157 55 98 121 135 71 279 295 50 102 8883 54 53 96 797 153 112 59 165 464 50 183 332 76 2289 1000
internal_value=-2.10626e-06 -0.000235633 -6.08297e-07 -1.64853e-05 -6.47655e-06 -1.58026e-05 0 1.40327e-05 -4.04741e-05 -5.56515e-05 -7.02745e-05 3.0909e-07 -4.07049e-06 -0.000122943 3.32395e-06 6.56776e-05 1.93089e-05 0.000104149 -9.48727e-07 3.05308e-06 3.3914e-05 0.000127149 -2.37674e-05 9.15449e-06 4.14999e-05 7.61395e-05 -5.27813e-05 -2.13717e-06 3.56908e-07 3.54565e-06
internal_weight=21851 117 21734 1484 1426 1148 608 278 540 405 334 20250 7580 152 12670 498 444 149 7428 6134 1021 171 1294 850 386 233 497 5113 12172 9883
internal_count=21851 117 21734 1484 1426 1148 608 278 540 405 334 20250 7580 152 12670 498 444 149 7428 6134 1021 171 1294 850 386 233 497 5113 12172 9883
is_linear=0
shrinkage=0.05


Tree=255
num_leaves=31
num_cat=0
split_feature=126 11 126 1 2 36 11 6 0 75 133 133 36 65 6 99 68 19 62 25 93 75 33 24 50 105 25 74 81 42
split_gain=0.000344708 0.00324828 0.00135406 0.0159961 0.000661643 0.000877784 0.000535799 0.000277563 0.000178003 0.0001124 0.0013971 0.000940717 0.00332172 0.000195803 0.000490339 0.000163646 0.000209773 0.000153608 0.000268304 0.000122752 0.000300406 0.000368299 0.000624648 0.000566161 0.000653319 0.000460669 0.000201215 0.000252491 0.000255697 0.000262298
threshold=4.5000000000000009 0.0046774578125000008 8.5000000000000018 0.14216828450000005 0.048280649000000009 265.87830090000006 0.0029757055138888893 0.0061784722222222232 0.41135000000000005 5.9500000000000011 88.200000000000003 88.200000000000003 269.47142150000008 5.2500000000000009 0.0059791666666666665 4.4500000000000464 0.25000000000000006 0.0028999999999999955 13.65 4.5000000000000009 266.40703705000004 9.7500000000000018 1.0000000180025095e-35 34.350000000000001 999.95000000000016 11.500000000000002 10.500000000000002 34.978571428571435 29.650000000000002 1.2550000000000001
decision_type=2 2 2 2 2 2 2 2 2 2 2 2 2 2 2 2 2 2 2 2 2 2 2 2 2 2 2 2 2 2
left_child=1 -1 3 6 8 -6 7 -2 9 10 17 13 -13 14 -11 19 -17 -4 -19 20 21 -15 23 24 -23 -26 27 28 -21 -30
right_child=2 -3 4 -5 5 -7 -8 -9 -10 11 -12 12 -14 15 -16 16 -18 18 -20 26 -22 22 -24 -25 25 -27 -28 -29 29 -31
leaf_value=0 0 -0.00041816003235141462 1.4977563693571801e-06 0.00085093884668701019 -0.00027199343209548927 0 -0.00015629685326290304 9.5701000780256716e-05 -6.3178260726864995e-05 0 -0.00023408513919243143 0.00039955445997062522 -2.3969369158494172e-05 0 0.0001845571803164157 -6.1827398920992325e-05 0 -0.00014077988976460577 0 0 0 0 0 0 0.00030060337581913746 0 2.4970235560936059e-06 7.8164049395127222e-05 -4.1607809105736467e-05 2.5093474344607276e-05
leaf_weight=570 417 50 2449 59 51 53 53 77 107 94 66 66 90 105 50 236 59 52 233 1188 985 52 116 88 85 50 13027 54 1135 71
leaf_count=570 417 50 2449 59 51 53 53 77 107 94 66 66 90 105 50 236 59 52 233 1188 985 52 116 88 85 50 13027 54 1135 71
internal_value=5.25309e-07 -3.5826e-05 1.82786e-06 7.54521e-05 -1.02391e-07 -0.000125452 -4.68854e-07 6.4305e-06 2.96546e-07 8.79043e-07 -8.00939e-06 2.5823e-06 0.00012477 1.19198e-06 5.93808e-05 4.13021e-07 -3.5902e-05 -6.4007e-07 -3.64339e-05 1.34177e-06 1.50888e-05 4.67973e-05 7.15922e-05 0.000113744 0.000162857 0.000220619 0 -1.31239e-05 -1.73025e-05 -3.35209e-05
internal_weight=21788 620 21168 606 20562 104 547 494 20458 20351 2800 17551 156 17395 144 17251 295 2734 285 16956 1481 496 391 275 187 135 15475 2448 2394 1206
internal_count=21788 620 21168 606 20562 104 547 494 20458 20351 2800 17551 156 17395 144 17251 295 2734 285 16956 1481 496 391 275 187 135 15475 2448 2394 1206
is_linear=0
shrinkage=0.05


Tree=256
num_leaves=31
num_cat=0
split_feature=59 133 2 93 89 30 83 83 133 128 124 22 54 7 36 75 133 133 115 90 121 18 0 92 28 66 14 9 139 25
split_gain=0.000336077 0.00142693 0.000879229 0.00920924 0.000142644 0.000371437 0.000260447 0.000268154 0.000277333 0.000158663 0.000312666 0.000323646 0.000303823 0.000484965 0.000358246 0.000130904 0.00125711 0.00048699 0.00288277 0.000465392 0.000222424 0.00242014 0.000563994 0.0010123 0.0002725 0.000619602 0.00024514 0.00020594 0.000153749 0.000138579
threshold=16.586050000000004 59.185000000000009 0.048280649000000009 266.20781325000007 48.550000000000004 -1.1228571428571426 25.850000000000005 17.750000000000004 69.175000000000011 9.1911065815618631 -0.37940952255126015 8.5000000000000018 0.065000000000000016 0.070200000000000026 269.85886380000005 5.8500000000000005 88.200000000000003 88.200000000000003 5.6500000000000012 24.407142857142862 1.0000000180025095e-35 0.069356250000000022 0.26885000000000003 0.25000000000000006 33.750000000000007 15.875000000000002 0.0063472415000000006 1.7949305555555557 43.673337786495942 4.5000000000000009
decision_type=2 2 2 2 2 2 2 2 2 2 2 2 2 2 2 2 2 2 8 2 10 2 2 2 2 2 2 2 2 2
left_child=2 -2 4 -4 15 9 7 -7 -9 10 11 -6 -11 -14 -15 16 -1 20 -19 -20 22 24 29 -24 -22 27 -27 -26 -28 -17
right_child=1 -3 3 -5 5 6 -8 8 -10 12 -12 -13 13 14 -16 17 -18 18 19 -21 21 -23 23 -25 25 26 28 -29 -30 -31
leaf_value=-8.4849591610578035e-07 0 -0.00028741351573838953 -0.00021469831759621559 0.000663348390554151 -0.00018618296300701334 0 0 -0.00019132618417973973 -1.5083085544681715e-05 -4.6269281150425873e-06 0 0 0 0.00020982171280359451 0 1.5987499890151803e-05 -0.0002225555782988251 0.0003759140740706547 -0.00014292553364411706 1.7157937174900166e-05 -2.0529254800755371e-06 0.00027643229602635362 -0.00026714885406809943 0 0 7.8313241317957432e-05 0 0.00019526421334301459 -5.8576984132135603e-05 -1.9273594191596699e-07
leaf_weight=2708 123 52 60 50 50 112 123 87 135 251 190 74 178 69 56 1413 66 59 58 52 1818 86 54 119 89 76 115 72 152 13241
leaf_count=2708 123 52 60 50 50 112 123 87 135 251 190 74 178 69 56 1413 66 59 58 52 1818 86 54 119 89 76 115 72 152 13241
internal_value=4.69418e-07 -6.78747e-05 1.25725e-06 0.000141749 2.99476e-07 -1.52608e-05 -5.19785e-05 -7.50825e-05 -0.000107121 0 -2.37104e-05 -8.75787e-05 1.98903e-05 5.65957e-05 0.000131721 1.56974e-06 -8.00353e-06 3.38326e-06 8.84212e-05 -2.27319e-05 2.25423e-06 1.63458e-05 0 -8.95237e-05 4.4457e-06 3.77458e-05 0 0.000118335 -2.29056e-05 1.02723e-06
internal_weight=21788 175 21613 110 21503 1325 457 334 222 868 314 124 554 303 125 20178 2774 17404 169 110 17235 2408 14827 173 2322 504 343 161 267 14654
internal_count=21788 175 21613 110 21503 1325 457 334 222 868 314 124 554 303 125 20178 2774 17404 169 110 17235 2408 14827 173 2322 504 343 161 267 14654
is_linear=0
shrinkage=0.05


Tree=257
num_leaves=31
num_cat=0
split_feature=126 11 126 1 19 36 12 6 0 138 120 92 98 138 138 77 134 133 49 126 104 89 118 43 22 36 11 86 26 22
split_gain=0.000307511 0.00294482 0.00120652 0.0143118 0.000673599 0.000825006 0.000531128 0.000364943 0.00014397 0.00011523 0.000231159 0.000343349 0.000225474 0.00023536 0.000109675 0.000366575 0.00113874 0.000488243 0.000211372 0.000441396 0.00105706 0.00242174 0.000382102 0.00036167 0.000570745 0.00126567 0.00144287 0.000275541 0.00123144 0.000254094
threshold=4.5000000000000009 0.0046774578125000008 8.5000000000000018 0.14216828450000005 0.018424285714285716 265.87830090000006 0.051906151000000005 0.0061784722222222232 0.41135000000000005 2.8400000000000003 273.40701760000007 8.7500000000000018 4.6499999999999995 2.1550000000000007 6.6400000000000015 264.12377235000002 4.5900000000000007 88.64500000000001 986.1500000000002 21.500000000000004 1.1500000000000004 38.850000000000001 10.450000000000001 0.33050000000000007 6.5000000000000009 266.91256585000008 0.0016814337083333336 16.500000000000004 7.5000000000000009 16.500000000000004
decision_type=2 2 2 2 2 2 2 2 2 2 8 2 2 2 2 2 2 2 2 2 2 2 8 2 2 2 2 2 2 2
left_child=1 -1 3 6 8 -6 7 -2 9 10 11 12 13 -4 15 16 -11 18 19 20 -17 -22 23 -21 25 -25 -27 -24 -29 -26
right_child=2 -3 4 -5 5 -7 -8 -9 -10 14 -12 -13 -14 -15 -16 17 -18 -19 -20 22 21 -23 27 24 29 26 -28 28 -30 -31
leaf_value=0 -2.1796179043443678e-07 -0.00039794908956323257 0 0.00080470779685159273 -0.00026838943643199927 0 -0.00015257319721505221 0.00010957789409274437 -5.6782300280583845e-05 -0.00026253035829772582 0 0 0 -0.00014596067057744111 -2.1351928172938226e-06 0 0 0.00011975814955276293 -2.0155809515675267e-06 0 0.00042609931928286408 0 -3.0483115230525119e-06 0 -5.6520179324561066e-06 0.00036754920488642028 0 0.00025567074787479789 0 4.9047930384380025e-05
leaf_weight=570 415 50 58 59 51 53 55 77 107 50 815 219 81 131 7722 281 245 99 4300 332 56 87 4466 120 320 75 82 56 454 302
leaf_count=570 415 50 58 59 51 53 55 77 107 50 815 219 81 131 7722 281 245 99 4300 332 56 87 4466 120 320 75 82 56 454 302
internal_value=4.11542e-07 -3.39199e-05 1.65484e-06 7.11611e-05 -1.53841e-07 -0.000126611 -1.60028e-07 7.01096e-06 2.50783e-07 7.99099e-07 -1.30968e-05 -4.045e-05 -7.8268e-05 -0.000108186 2.01357e-06 5.28383e-06 -4.75121e-05 7.15332e-06 5.66524e-06 1.13995e-05 6.23457e-05 0.000172695 7.10446e-06 3.2089e-05 4.91344e-05 0.000112136 0.000205307 0 3.55924e-05 1.29169e-05
internal_weight=21788 620 21168 606 20562 104 547 492 20458 20351 1304 489 270 189 19047 11325 295 11030 10931 6631 424 143 6207 1231 899 277 157 4976 510 622
internal_count=21788 620 21168 606 20562 104 547 492 20458 20351 1304 489 270 189 19047 11325 295 11030 10931 6631 424 143 6207 1231 899 277 157 4976 510 622
is_linear=0
shrinkage=0.05


Tree=258
num_leaves=31
num_cat=0
split_feature=59 140 2 93 89 30 96 120 28 3 160 161 44 1 128 124 103 85 7 36 123 141 74 141 99 120 138 156 49 104
split_gain=0.000291106 0.0012806 0.000831507 0.00833665 0.000130931 0.000333793 0.000274153 0.00256279 0.000582801 0.000238972 0.000962831 0.00020618 0.000189738 0.00034331 0.000139141 0.000283487 0.000290336 0.000280325 0.000413323 0.000213121 9.72737e-05 0.00013057 0.000726811 0.00142795 0.00153385 0.000341392 0.000901 0.000449081 0.000300259 0.000189504
threshold=16.586050000000004 51.245000000000012 0.048280649000000009 266.20781325000007 48.550000000000004 -1.1228571428571426 44.562500000000007 276.21678085000008 34.550000000000004 0.41986690150000006 0.0023532668881506096 0.62244897959183687 1157.5000000000002 0.0057307125000000013 9.1911065815618631 -0.37940952255126015 1004.1500000000002 273.39113465000008 0.070200000000000026 268.67267410000005 0.91597561503675362 33.720000000000006 25.250000000000004 34.875000000000007 2.549999999999955 269.2700210000001 4.2600000000000007 0.18000000000000002 971.45000000000016 15.550000000000004
decision_type=2 2 2 2 2 2 2 10 2 2 2 2 2 2 2 2 2 2 2 2 2 2 2 2 2 10 2 2 2 2
left_child=2 -2 4 -4 6 14 9 8 -8 20 -11 12 13 -7 15 16 -6 -16 -19 -20 21 -1 -23 24 28 26 -25 -28 -24 -27
right_child=1 -3 3 -5 5 11 7 -9 -10 10 -12 -13 -14 -15 17 -17 -18 18 19 -21 -22 22 23 25 -26 29 27 -29 -30 -31
leaf_value=-5.0813691152942716e-07 0 -0.00027146871460127791 -0.00019819961794487206 0.00063477095585731875 0 0 2.7042200469538128e-05 0.0003739126057645955 -0.00012087735387556278 -0.00024190853644968764 0 0 0 -0.0001472748580030663 -1.1693236832724867e-05 0 -0.00014581294327666304 0 0.00017755605727162022 0 -7.8676856893924686e-06 -5.1957730066965863e-07 0.00010670670140457275 0.00023660613688995607 0.00038391436017498626 -1.6611044349670072e-05 0.00012083626556319788 0 0 3.6357329737912489e-05
leaf_weight=10308 123 52 60 50 50 144 353 50 81 50 155 95 82 136 198 190 74 221 76 59 2416 5056 78 59 61 686 84 462 65 214
leaf_count=10308 123 52 60 50 50 144 353 50 81 50 155 95 82 136 198 190 74 221 76 59 2416 5056 78 59 61 686 84 462 65 214
internal_value=3.48755e-07 -6.32615e-05 1.09804e-06 0.000137686 1.60431e-07 -1.47621e-05 1.38879e-06 3.86197e-05 0 2.18018e-07 -5.29439e-05 -4.95271e-05 -6.71927e-05 -8.67204e-05 0 -2.2541e-05 -8.33675e-05 1.83952e-05 4.91213e-05 0.000118033 1.03644e-06 2.5897e-06 8.04831e-06 3.63055e-05 0.000163087 1.57036e-05 4.49581e-05 1.47134e-05 3.21531e-05 0
internal_weight=21788 175 21613 110 21503 1325 20178 484 434 19694 205 457 362 280 868 314 124 554 356 135 19489 17073 6765 1709 204 1505 605 546 143 900
internal_count=21788 175 21613 110 21503 1325 20178 484 434 19694 205 457 362 280 868 314 124 554 356 135 19489 17073 6765 1709 204 1505 605 546 143 900
is_linear=0
shrinkage=0.05


Tree=259
num_leaves=31
num_cat=0
split_feature=126 19 126 1 2 36 12 6 47 8 115 99 23 19 75 133 133 36 65 6 19 61 91 138 131 0 33 83 139 86
split_gain=0.000291989 0.00273555 0.00107075 0.0128446 0.000685507 0.000772483 0.000469091 0.000325461 0.000123983 0.000477306 0.000187109 0.000108217 0.000143226 0.000133175 9.23579e-05 0.00112208 0.000477087 0.00232891 0.000165964 0.00041941 0.000141117 0.000242564 0.000130858 0.000343499 0.000325291 0.000337818 0.000164651 0.000149836 0.000306315 0.000654467
threshold=4.5000000000000009 0.0029428571428571394 8.5000000000000018 0.14216828450000005 0.048280649000000009 265.87830090000006 0.051906151000000005 0.0061784722222222232 3.5000000000000004 0.02136034776946515 9.3500000000000032 4.4500000000000464 18.584722222222226 -0.0019185714285714361 5.9500000000000011 88.200000000000003 88.200000000000003 269.47142150000008 5.2500000000000009 0.0059791666666666665 0.0028999999999999955 600.30000000000007 29.450000000000003 3.8050000000000002 86.399070695009968 0.0018500000000000003 0.98707755813531839 25.850000000000005 9.1940545882763249 16.500000000000004
decision_type=2 2 2 2 2 2 2 2 2 2 10 2 2 2 2 2 2 2 2 2 2 2 2 2 2 2 2 2 2 2
left_child=1 8 3 6 11 -6 7 -2 10 -10 -1 14 -13 -14 15 20 18 -18 19 -16 -4 -22 27 24 25 -24 -27 -20 -29 -30
right_child=2 -3 4 -5 5 -7 -8 -9 9 -11 -12 12 13 -15 16 -17 17 -19 22 -21 21 -23 23 -25 -26 26 -28 28 29 -31
leaf_value=0 -1.4070011587673705e-07 -0.00038032441648493451 1.7295058995945818e-06 0.00076198186963544385 -0.00026473102600833116 0 -0.00014358404746937073 0.00010327070649416268 0 0.00015424222243642103 -8.9353202660277025e-05 0 0 -7.4789877290215874e-05 0 -0.00020962934313257706 0.0003288204529783868 -2.5934541421580372e-05 3.9353703976268119e-07 0.00016931011108401716 -0.00013156776759172894 0 0 5.3954521245412479e-06 0 -0.00013250706116803949 0 -5.2469196828456259e-08 0 0.0001020651896314264
leaf_weight=211 415 51 2449 59 51 53 55 77 224 55 79 73 58 168 94 66 64 90 14836 51 54 231 126 525 194 180 51 520 356 272
leaf_count=211 415 51 2449 59 51 53 55 77 224 55 79 73 58 168 94 66 64 90 14836 51 54 231 126 525 194 180 51 520 356 272
internal_value=3.07889e-07 -3.31579e-05 1.5258e-06 6.70095e-05 -1.64137e-07 -0.00012773 -8.05161e-08 6.07826e-06 0 2.22816e-05 -2.42372e-05 2.46178e-07 -2.91149e-05 -5.1939e-05 9.31103e-07 -7.05121e-06 2.507e-06 9.04083e-05 1.4244e-06 5.50281e-05 -2.57867e-07 -3.47642e-05 6.72532e-07 -1.56915e-05 -4.48148e-05 -7.32686e-05 -0.000109198 2.08782e-06 1.96127e-05 4.38192e-05
internal_weight=21788 620 21168 606 20562 104 547 492 569 279 290 20458 299 226 20159 2800 17359 154 17205 145 2734 285 17060 1076 551 357 231 15984 1148 628
internal_count=21788 620 21168 606 20562 104 547 492 569 279 290 20458 299 226 20159 2800 17359 154 17205 145 2734 285 17060 1076 551 357 231 15984 1148 628
is_linear=0
shrinkage=0.05


Tree=260
num_leaves=31
num_cat=0
split_feature=81 90 128 11 33 116 50 30 30 131 61 82 11 56 96 11 81 81 94 112 0 43 136 15 92 132 96 50 82 10
split_gain=0.000252484 0.00210803 0.0122008 0.000900487 0.000698921 0.000636368 0.00062114 0.000819232 0.00156805 0.000456386 0.00165089 0.000537764 0.00247358 0.000666377 0.000898101 0.0013058 0.00050729 0.000662609 0.00104213 0.00124571 0.000459382 0.000415291 0.00037541 0.000319657 0.000811006 0.000539668 0.000342093 0.000290697 0.000378347 0.00102842
threshold=30.750000000000004 24.407142857142862 9.2641487521873049 0.0063192529166666679 -0.51139406422597944 271.72050760000008 1007.7500000000001 -1.8371428571428561 -2.4542857142857133 91.467890746291033 57.500000000000007 20.006000000000004 0.0035726223333333337 -4.1518504499999542 34.687500000000007 0.0040165472500000013 37.850000000000001 40.850000000000001 15.500000000000002 282.38427315000007 0.18590000000000004 0.37850000000000006 0.38500000000000006 0.0016302083333333336 13.850000000000003 3.5000000000000004 33.287500000000016 1004.4500000000002 17.882000000000001 24.165000000000003
decision_type=2 2 2 2 2 10 2 2 2 2 2 2 2 2 2 2 2 2 2 10 2 2 2 2 2 2 2 2 2 2
left_child=1 3 -3 6 5 -5 7 8 -1 10 -2 12 -12 14 -13 21 23 18 -18 -20 -19 -16 -11 24 25 26 -15 -24 29 -29
right_child=9 2 -4 4 -6 -7 -8 -9 -10 22 11 13 -14 16 15 -17 17 20 19 -21 -22 -23 27 -25 -26 -27 -28 28 -30 -31
leaf_value=0 -0.00029884971693886826 0.00080835948161653835 0 0 0 -0.0002542141275103752 6.003062300350328e-07 0 0.00030470338868060319 2.293257991596107e-05 0 0 0.00036058745839160543 -0.00027848409131906864 0 -0.00027166264281477199 5.0800343769422653e-07 -1.726072944638173e-05 0.00035313168576855486 0 0.00012542747509327123 -9.4386647633590962e-05 -2.4334123984701467e-05 0 0 -2.5591721392532108e-05 0 0 1.4577223219601775e-05 -0.00024473971317418995
leaf_weight=88 53 54 245 96 192 84 11637 122 81 1602 468 418 50 78 289 99 308 1091 59 51 54 282 1376 405 381 195 53 209 1765 52
leaf_count=88 53 54 245 96 192 84 11637 122 81 1602 468 418 50 78 289 99 308 1091 59 51 54 282 1376 405 381 195 53 209 1765 52
internal_value=-7.13526e-07 3.64612e-06 0.00013463 4.48923e-08 -7.60077e-05 -0.00014683 2.84207e-06 7.50573e-05 0.000147391 -7.13079e-06 -1.91502e-05 -1.44508e-05 2.93555e-05 -2.18155e-05 -5.54907e-05 -9.13431e-05 -6.23476e-06 9.73507e-06 6.48589e-05 0.000198368 -6.06475e-06 -5.09177e-05 2.28203e-06 -3.31625e-05 -5.34563e-05 -0.000111299 -0.000199839 -5.97689e-06 4.02996e-06 -4.79949e-05
internal_weight=21937 12599 299 12300 372 180 11928 291 169 9338 4334 4281 518 3763 1088 670 2675 1563 418 110 1145 571 5004 1112 707 326 131 3402 2026 261
internal_count=21937 12599 299 12300 372 180 11928 291 169 9338 4334 4281 518 3763 1088 670 2675 1563 418 110 1145 571 5004 1112 707 326 131 3402 2026 261
is_linear=0
shrinkage=0.05


Tree=261
num_leaves=31
num_cat=0
split_feature=126 19 126 15 2 36 24 8 43 8 4 16 120 43 120 88 136 69 15 47 3 120 108 128 77 160 63 118 92 92
split_gain=0.000504887 0.00387951 0.000918901 0.011005 0.000536641 0.00144169 0.000413411 0.000686574 0.000283002 0.000441814 0.000121437 0.000218604 0.000362633 0.000193322 0.000244849 0.000272503 0.000256878 0.000173903 0.000141564 0.000389861 0.0002982 0.000404311 0.00151615 0.00187272 0.000323618 0.000251081 0.00038556 0.000375305 0.00119444 0.00029918
threshold=4.5000000000000009 0.003965714285714292 8.5000000000000018 0.0037166666666666672 0.048280649000000009 265.87830090000006 60.550000000000004 0.020897425447869253 0.31250000000000006 0.020526570371951398 0.006263948000000001 1.405 284.33330715000005 0.30150000000000005 269.85687990000002 42.112500000000011 0.46000000000000002 285.90130985000008 0.00090416666666666673 1.5000000000000002 0.0090628800000000023 276.49285790000005 269.29310860000004 9.4851651395396477 291.74589700000007 0.034738243123336301 10.202400000000001 10.250000000000002 12.050000000000002 0.8500000000000002
decision_type=2 2 2 2 2 2 2 2 2 2 2 2 10 2 8 2 2 2 2 2 2 10 2 2 2 2 2 8 2 2
left_child=1 6 3 8 10 -6 7 -1 -2 -10 18 13 -13 -12 16 -16 -15 -18 25 -20 24 -22 -23 -24 -21 29 27 28 -27 -4
right_child=2 -3 4 -5 5 -7 -8 -9 9 -11 11 12 -14 14 15 -17 17 -19 19 20 21 22 23 -25 -26 26 -28 -29 -30 -31
leaf_value=-2.8402292732547377e-06 6.7485322342904778e-05 -0.0004637733254268967 0 0.00068213728908574469 -0.00030628897578077713 0 -0.00011260859560853891 0.0001691125955988012 0 -0.00014187009579421704 -3.0332361049547881e-05 -1.5475842519421572e-05 -0.00016437181948796413 0 8.6965154894328724e-07 -0.00011119614715707113 0.00012079574995156389 0 -1.3768028732807409e-05 -6.5964201489566643e-06 1.5293483875908099e-05 0 0.00041704597266875831 1.8905561783735446e-05 0.00012134495320245988 0.00026418669673733224 -2.5726479666708534e-05 -2.3540724004385406e-06 0 3.0377137724451541e-05
leaf_weight=451 84 50 5771 63 52 58 78 60 390 70 457 935 55 189 1592 54 119 67 1263 1334 2082 216 61 116 50 55 2247 2866 101 951
leaf_count=451 84 50 5771 63 52 58 78 60 390 70 457 935 55 189 1592 54 119 67 1263 1334 2082 216 61 116 50 55 2247 2866 101 951
internal_value=-7.16079e-07 -4.45569e-05 3.66547e-07 6.11223e-05 -1.17704e-06 -0.00011101 0 7.87517e-06 -2.74209e-06 -2.65308e-05 -3.41716e-07 -9.0496e-06 -2.89508e-05 0 5.53381e-06 0 4.23399e-05 8.3897e-05 1.13123e-06 8.25394e-06 1.67585e-05 2.71831e-05 7.72817e-05 0.00018578 0 -1.49475e-06 -9.9712e-06 9.42364e-08 7.66497e-05 4.40625e-06
internal_weight=21937 639 21298 607 20691 110 589 511 544 460 20581 3468 990 2478 2021 1646 375 186 17113 5122 3859 2475 393 177 1384 11991 5269 3022 156 6722
internal_count=21937 639 21298 607 20691 110 589 511 544 460 20581 3468 990 2478 2021 1646 375 186 17113 5122 3859 2475 393 177 1384 11991 5269 3022 156 6722
is_linear=0
shrinkage=0.05


Tree=262
num_leaves=31
num_cat=0
split_feature=126 11 126 11 2 56 7 6 19 2 2 89 19 43 104 92 43 30 74 76 82 28 120 76 91 138 15 75 29 24
split_gain=0.000464626 0.00635838 0.000825745 0.0110926 0.000469241 0.00131978 0.000336345 0.000262061 0.000137105 0.000168979 0.000121221 0.000375649 0.000541552 0.0003729 0.000338362 0.000326713 0.000861212 0.00031225 0.000390465 0.000283628 0.000248978 0.00023755 0.000170172 0.000122 0.000464374 0.000893137 0.000255434 0.000566614 0.000902321 0.000164513
threshold=4.5000000000000009 0.0048372518750000012 8.5000000000000018 0.0043538217083333346 0.048280649000000009 -7.2716990999999771 0.08135000000000002 0.0061784722222222232 5.5714285714285702e-05 0.00017059350000000001 0.0010358645000000002 35.45000000000001 -0.0019185714285714361 0.29050000000000004 15.550000000000004 1.9500000000000006 0.37450000000000006 0.49285714285714199 35.221428571428582 0.95000000000000029 23.220000000000002 29.350000000000005 275.54755065000006 2.6500000000000008 15.050000000000002 4.4600000000000009 0.0004645833333333334 15.950000000000001 29.350000000000005 32.300000000000004
decision_type=2 2 2 2 2 2 2 2 2 2 2 2 2 2 2 2 2 2 2 2 2 2 10 2 2 2 2 2 2 2
left_child=1 8 3 6 10 -6 7 -2 -1 -10 23 15 19 -14 17 22 -17 18 -15 21 -18 -13 -12 29 25 -25 -26 28 -28 -4
right_child=2 -3 4 -5 5 -7 -8 -9 9 -11 11 12 13 14 -16 16 20 -19 -20 -21 -22 -23 -24 24 26 -27 27 -29 -30 -31
leaf_value=-6.6772654288031354e-06 0 -0.00057287544604220722 2.3216503321111534e-05 0.00071642345010206618 -0.00029126347588454287 0 -0.0001009668778775316 0.00011186856103793033 0 0.00012073375746909091 1.7471346736380903e-06 -8.8064292366551761e-05 0 -0.00012387320713900629 0 -3.8980264716089512e-06 0.0002614119811075328 0 0 0.00010525004707586104 1.5574471346926327e-05 1.4003134827171429e-05 -3.5012478139014008e-05 -0.00024327609678262801 -1.7472612152019536e-05 0 0.00026404648583781544 0 0 9.513025319061879e-07
leaf_weight=488 417 51 931 57 52 58 81 52 50 50 1070 71 119 395 76 125 51 159 57 66 82 180 363 60 874 183 57 409 101 15152
leaf_count=488 417 51 931 57 52 58 81 52 50 50 1070 71 119 395 76 125 51 159 57 66 82 180 363 60 874 183 57 409 101 15152
internal_value=-6.93923e-07 -4.27517e-05 3.35126e-07 5.79387e-05 -1.11584e-06 -0.000103835 -2.40624e-06 4.15627e-06 0 5.63722e-05 -3.18879e-07 -1.01317e-05 -3.29557e-05 -5.61189e-05 -7.10568e-05 2.08132e-06 5.5579e-05 -8.40135e-05 -0.000106108 1.02066e-05 0.000148404 0 -4.09579e-06 9.54382e-07 -1.13326e-05 -7.5132e-05 0 2.55728e-05 0.000106043 2.5524e-06
internal_weight=21937 639 21298 607 20691 110 550 469 588 100 20581 2814 1123 806 687 1691 258 611 452 317 133 251 1433 17767 1684 243 1441 567 158 16083
internal_count=21937 639 21298 607 20691 110 550 469 588 100 20581 2814 1123 806 687 1691 258 611 452 317 133 251 1433 17767 1684 243 1441 567 158 16083
is_linear=0
shrinkage=0.05


Tree=263
num_leaves=31
num_cat=0
split_feature=126 0 126 2 102 13 2 36 4 103 13 136 120 92 92 83 128 103 136 84 142 155 96 91 91 137 98 142 18 140
split_gain=0.000421126 0.00311274 0.000765349 0.00445798 0.000288037 0.00186583 0.000453697 0.00114824 0.000130761 0.000235842 0.00041766 0.000554828 0.00055445 0.000128133 0.000468248 0.000703177 0.000749181 0.000200069 0.000251322 0.000236718 0.000149803 0.000120752 0.000376565 0.000355814 0.000309967 0.000184902 0.00016644 0.000200616 0.000149317 0.000125315
threshold=4.5000000000000009 0.086200000000000013 6.5000000000000009 0.0006863590000000001 -3.6999999999999997 0.0040352463333333342 0.048280649000000009 265.87830090000006 0.0043120615000000013 1075.7500000000002 0.0008805914375 0.28000000000000008 272.76517920000009 8.3500000000000032 11.850000000000003 25.450000000000003 11.57378019341979 2376.2500000000005 0.23500000000000001 2.850000000000001 565.22938373403611 0.24000000000000005 29.387500000000006 14.15 16.450000000000003 5.8000000000000007 0.8999999999999998 783.7920895319993 0.00060208333333333349 11.840000000000002
decision_type=2 2 2 2 2 2 2 2 2 2 2 2 10 2 2 2 2 2 2 2 2 2 2 2 2 2 2 2 2 2
left_child=1 -1 3 -2 5 -4 8 -8 21 10 -10 -12 -13 17 15 16 -15 18 -11 20 -20 -6 -23 -24 26 29 27 28 -25 -26
right_child=2 -3 4 -5 6 -7 7 -9 9 13 11 12 -14 14 -16 -17 -18 -19 19 -21 -22 22 23 24 25 -27 -28 -29 -30 -31
leaf_value=0 0 -0.00033453724972234712 3.0740357222643813e-06 0.00050101955521873048 2.7335679611916638e-06 0.00027862276678340155 -0.00027697507756869842 0 0 0 0 0 -0.00023547328844570611 0.00029671077933876821 -9.0665285426013442e-06 0 0 -1.1541803481825468e-06 -0.0001123540813617101 0 0 8.1526918864775722e-05 -0.00013887170590515168 0.00014533843396570951 0 9.3794801076418677e-06 0 0 0 -2.7794037305874093e-05
leaf_weight=561 266 78 1137 51 12686 67 52 57 140 141 83 73 84 54 567 184 53 2209 188 165 60 97 60 76 343 330 139 59 69 1808
leaf_count=561 266 78 1137 51 12686 67 52 57 140 141 83 73 84 54 567 184 53 2209 188 165 60 97 60 76 343 330 139 59 69 1808
internal_value=-6.38468e-07 -4.06862e-05 3.30179e-07 7.74623e-05 -6.0054e-07 2.27756e-05 -2.27754e-06 -0.000104242 -1.45297e-06 -9.57609e-06 -4.84865e-05 -8.97174e-05 -0.000145109 -4.09999e-06 1.00768e-05 6.44034e-05 0.000165806 -1.03134e-05 -3.77575e-05 -5.85561e-05 -8.98755e-05 3.02849e-07 -8.36208e-06 -1.31457e-05 -8.65635e-06 -1.61959e-05 3.12324e-05 6.05527e-05 9.26475e-05 -2.24455e-05
internal_weight=21937 639 21298 317 20981 1204 19777 109 19668 4001 380 240 157 3621 858 291 107 2763 554 413 248 15667 2981 2884 2824 2481 343 204 145 2151
internal_count=21937 639 21298 317 20981 1204 19777 109 19668 4001 380 240 157 3621 858 291 107 2763 554 413 248 15667 2981 2884 2824 2481 343 204 145 2151
is_linear=0
shrinkage=0.05


Tree=264
num_leaves=31
num_cat=0
split_feature=126 11 126 11 2 36 8 6 19 2 1 2 120 46 11 84 138 92 100 92 107 103 50 92 115 2 83 94 112 134
split_gain=0.0003804 0.00550266 0.0006877 0.0099631 0.000357552 0.00110585 0.000319192 0.00018536 0.000142194 0.000162063 0.000115343 0.000108833 0.000251116 0.000197216 0.000243313 0.000132599 0.00010706 0.000399623 0.00104369 0.000174838 0.000497155 0.000216531 0.000238814 0.000141501 0.000123033 0.000766771 0.000175094 0.000586597 0.00134756 0.000254337
threshold=4.5000000000000009 0.0048372518750000012 8.5000000000000018 0.0043538217083333346 0.048280649000000009 265.87830090000006 0.020526570371951398 0.0061784722222222232 5.5714285714285702e-05 0.00017059350000000001 0.61966513750000007 0.0047217085000000004 266.2525263500001 72.500000000000014 0.0028712009375000003 7.6500000000000021 2.8900000000000001 4.8500000000000014 1.8000000000000116 0.95000000000000029 10.550000000000002 2741.8500000000004 1026.3500000000001 9.5500000000000025 18.050000000000004 0.0028720645000000007 16.650000000000002 17.500000000000004 280.0556175000001 3.7600000000000002
decision_type=2 2 2 2 2 2 2 2 2 2 2 2 10 2 2 2 2 2 2 2 2 2 2 2 10 2 2 2 10 2
left_child=1 8 3 6 10 -6 7 -2 -1 -10 11 16 -13 14 15 -14 17 19 23 21 -21 -4 -23 -19 26 -26 27 -18 -29 -28
right_child=2 -3 4 -5 5 -7 -8 -9 9 -11 -12 12 13 -15 -16 -17 24 18 -20 20 -22 22 -24 -25 25 -27 29 28 -30 -31
leaf_value=-5.9678157927331447e-06 0 -0.00053191570587492046 -7.5901343438257451e-05 0.00067723807786462895 -0.00026338762591001557 0 -0.00010431780210048011 9.1867274756375332e-05 0 0.00012071903620951573 -5.1308451385921219e-05 3.6475660891678143e-06 -0.00010690273629338079 0 0 0 2.8352709077217625e-06 -4.6358976275438e-05 -0.00021786756650635656 0.00017537032860003718 0 -4.1521242810479335e-06 0.00010437445735575508 6.2394515010156374e-06 5.7354835504234964e-06 0.00019887019127501143 -6.2401329504498842e-05 0 0.00030362898413942383 -3.1495022815324625e-06
leaf_weight=488 423 51 97 57 52 58 73 54 50 50 109 526 201 233 199 51 10429 161 79 53 228 507 53 224 1632 56 204 74 53 5412
leaf_count=488 423 51 97 57 52 58 73 54 50 50 109 526 201 233 199 51 10429 161 79 53 228 507 53 224 1632 56 204 74 53 5412
internal_value=-5.76456e-07 -3.86477e-05 3.32796e-07 5.29107e-05 -9.70495e-07 -9.06506e-05 -3.82962e-06 1.27489e-06 0 5.78552e-05 -2.43866e-07 0 -1.45081e-05 -3.57542e-05 -5.50285e-05 -8.83981e-05 9.44506e-07 -1.18259e-05 -5.06144e-05 2.07026e-06 3.84942e-05 -5.94436e-06 0 -2.866e-06 2.22752e-06 1.52171e-05 5.61681e-07 4.63433e-06 0.000112131 -6.20269e-06
internal_weight=21937 639 21298 607 20691 110 550 477 588 100 20581 20472 1210 684 451 252 19262 1402 464 938 281 657 560 385 17860 1688 16172 10556 127 5616
internal_count=21937 639 21298 607 20691 110 550 477 588 100 20581 20472 1210 684 451 252 19262 1402 464 938 281 657 560 385 17860 1688 16172 10556 127 5616
is_linear=0
shrinkage=0.05


Tree=265
num_leaves=31
num_cat=0
split_feature=126 56 2 118 98 0 14 126 122 8 110 142 22 107 33 84 85 0 137 118 90 116 120 21 76 106 155 12 132 50
split_gain=0.000306776 0.00233713 0.000959141 0.00694096 8.39651e-05 0.000638223 0.000311668 0.000476877 0.000507744 0.000374106 0.000257295 0.000451711 0.000527235 0.000598329 0.000527778 0.000683 0.000734505 0.000245754 0.000159473 0.000515174 0.000198901 0.000290331 0.000134478 0.000607756 0.000191628 0.000371149 0.000145653 0.000250538 0.000188117 0.000957019
threshold=1.5000000000000002 -4.3598041999999841 0.048280649000000009 14.350000000000003 -2.0999999999999983 0.26885000000000003 0.017110612000000004 9.5000000000000018 4.5000000000000009 0.018014152908063796 25.350000000000005 325.96598140156283 3.5000000000000004 10.65 -0.97146577539922563 17.050000000000004 271.10518280000002 0.41135000000000005 0.03500000000000001 9.2500000000000018 17.679591836734698 275.20245995000005 277.69192130000005 0.22916666666666669 0.55000000000000016 21.350000000000005 0.17200000000000004 0.095322962000000011 2.5000000000000004 1016.5500000000001
decision_type=2 2 2 10 2 2 2 2 2 2 10 2 2 2 2 2 2 2 2 8 2 8 10 2 2 2 2 2 2 2
left_child=1 -1 4 -4 5 6 10 8 -8 -10 -2 -12 -13 -14 -15 16 -16 22 19 -9 21 -21 26 -24 -25 -26 28 -28 29 -6
right_child=2 -3 3 -5 17 -7 7 18 9 -11 11 12 13 14 15 -17 -18 -19 -20 20 -22 -23 23 24 25 -27 27 -29 -30 -31
leaf_value=-0.00035371978451481629 1.7832852549756901e-06 3.3479509628301056e-05 -0.00016052721593086226 0.0005802365858121279 8.7822575898665426e-05 0.00013751579846878106 0 -0.00014678978977849798 0 -0.00024213786460222767 0 0 0 0 0.00028087829740121382 0 0 -9.5204917551372276e-05 3.3354264932782746e-07 0.00012967568376585735 -5.3292675532724219e-05 0 -0.000110777309863889 -1.1307006541754032e-05 0.0001532298501292163 0 -1.3567841090180889e-05 6.0778395151772909e-05 -5.7463035051845421e-07 0
leaf_weight=51 4169 89 60 53 383 88 127 78 64 63 473 198 138 129 124 64 50 73 1990 54 104 95 153 1572 51 146 2865 97 6047 2136
leaf_count=51 4169 89 60 53 383 88 127 78 64 63 473 198 138 129 124 64 50 73 1990 54 104 95 153 1572 51 146 2865 97 6047 2136
internal_value=0 -7.3619e-05 3.56714e-07 0.000145093 -1.77389e-07 3.61919e-06 1.48305e-06 -1.20071e-05 -7.79075e-05 -0.000148353 8.91837e-06 2.99416e-05 5.57039e-05 8.31987e-05 0.000116544 0.000162586 0.000214147 -2.79545e-06 -2.61153e-06 -3.53254e-05 0 3.64272e-05 -1.91514e-06 -1.41592e-05 -2.92005e-06 3.84718e-05 0 -9.42597e-06 3.43141e-06 1.50287e-05
internal_weight=21784 140 21644 113 21531 8008 7920 2575 254 127 5345 1176 703 505 367 238 174 13523 2321 331 253 149 13450 1922 1769 197 11528 2962 8566 2519
internal_count=21784 140 21644 113 21531 8008 7920 2575 254 127 5345 1176 703 505 367 238 174 13523 2321 331 253 149 13450 1922 1769 197 11528 2962 8566 2519
is_linear=0
shrinkage=0.05


Tree=266
num_leaves=31
num_cat=0
split_feature=126 36 2 93 115 33 99 23 100 3 133 133 34 96 44 82 0 55 131 103 10 91 107 98 74 85 44 16 116 93
split_gain=0.000263842 0.00199943 0.000840621 0.00674105 0.000101022 0.000234233 9.3333e-05 0.000232859 0.000135842 0.00063801 0.000551648 0.000329096 0.00170239 0.000464338 0.000282224 0.000251061 0.000235496 0.000225087 0.000288983 0.000120993 0.000634225 0.00062248 0.000541124 0.000134562 0.000212798 0.000126047 0.000152617 0.000213549 0.000118571 0.000111465
threshold=1.5000000000000002 268.80572010000009 0.048280649000000009 266.20781325000007 0.45000000000000007 -0.91079080085095065 4.400000000000035 18.584722222222226 6.1499999999999782 0.24488469250000003 80.995000000000019 88.200000000000003 -0.15642669004700457 14.062500000000002 1517.5000000000002 16.734000000000005 0.034600000000000006 -0.74014284999995528 264.24245423185289 1066.9000000000003 23.165000000000003 19.450000000000003 5.2500000000000009 -4.2999999999999972 23.235714285714291 275.4870792000001 472.50000000000006 2.2800000000000007 264.46023740000004 264.58174785000006
decision_type=2 2 2 2 8 2 2 2 2 2 2 2 2 2 2 2 2 2 2 2 2 2 2 2 2 2 2 2 8 2
left_child=1 -1 4 -4 5 -2 8 -8 11 10 14 19 13 -13 15 16 -10 -16 -19 20 23 -22 -23 24 -6 26 -25 -28 -21 -30
right_child=2 -3 3 -5 6 -7 7 -9 9 -11 -12 12 -14 -15 17 -17 -18 18 -20 28 21 22 -24 25 -26 -27 27 -29 29 -31
leaf_value=-0.00032451875035795246 0.00012753014780387541 2.8901378485913349e-05 -0.00014755385775970354 0.00058682388130132596 0 0 2.3656701905121883e-06 -5.8973476127755528e-05 -6.3486778233832504e-08 0.00015554425356617102 0.0001485815326177833 -2.9747299868465648e-05 -0.00024148794532025597 0.00012512657595573117 0 0 -0.00010210088827168682 0.00014560128390476626 0 -2.9660899559119523e-05 0 -0.00030577146618823324 0 0 9.436846665793334e-05 0 -6.3816799780518451e-05 0 9.9191057973624321e-06 0
leaf_weight=52 50 88 63 50 549 77 81 236 278 77 62 62 86 72 229 537 146 78 70 291 59 50 56 334 75 1376 352 79 3399 12770
leaf_count=52 50 88 63 50 549 77 81 236 278 77 62 62 86 72 229 537 146 78 70 291 59 50 56 334 75 1376 352 79 3399 12770
internal_value=0 -6.82785e-05 3.2384e-07 0.00013583 -1.61391e-07 4.36496e-05 -6.56959e-07 -2.76186e-05 -1.32534e-08 1.43387e-05 2.89803e-06 -1.34986e-06 -6.2214e-05 1.67419e-05 -2.24415e-07 -1.81247e-05 -4.71213e-05 3.21045e-05 7.99463e-05 -3.98267e-07 -9.93382e-06 -0.000105833 -0.000178663 -2.36724e-06 1.52219e-05 -9.83262e-06 -2.611e-05 -4.57385e-05 9.95884e-07 1.85864e-06
internal_weight=21784 140 21644 113 21531 127 21404 317 21087 1477 1400 19610 220 134 1338 961 424 377 148 19390 2930 165 106 2765 624 2141 765 431 16460 16169
internal_count=21784 140 21644 113 21531 127 21404 317 21087 1477 1400 19610 220 134 1338 961 424 377 148 19390 2930 165 106 2765 624 2141 765 431 16460 16169
is_linear=0
shrinkage=0.05


Tree=267
num_leaves=31
num_cat=0
split_feature=126 56 2 118 115 104 98 0 14 126 61 8 110 142 22 46 67 85 100 24 0 137 116 36 59 24 81 141 91 50
split_gain=0.000226019 0.00194449 0.000735321 0.00638279 8.98691e-05 0.00022797 8.3363e-05 0.000573917 0.000280799 0.000414551 0.000474322 0.000487282 0.000235832 0.000415447 0.000486885 0.000505241 0.000500069 0.000439848 0.000704203 0.000526843 0.000219209 0.000152221 0.000484474 0.000651271 0.000146251 0.000220187 0.000200872 0.000324535 0.000144342 0.000239475
threshold=1.5000000000000002 -4.3598041999999841 0.048280649000000009 14.350000000000003 0.45000000000000007 17.650000000000009 -2.0999999999999983 0.26885000000000003 0.017110612000000004 9.5000000000000018 71.450000000000017 0.018014152908063796 25.350000000000005 325.96598140156283 3.5000000000000004 99.500000000000014 10.65 266.23306420000006 -5.2499999999999991 45.400000000000013 0.41135000000000005 0.03500000000000001 275.20245995000005 265.68578005000006 7.8686500000000015 59.050000000000004 36.150000000000013 22.715000000000003 20.650000000000002 999.95000000000016
decision_type=2 2 2 10 8 2 2 2 2 2 2 2 10 2 2 2 2 2 2 2 2 2 10 2 2 2 2 2 2 2
left_child=1 -1 4 -4 5 -2 7 8 12 10 -10 -12 -6 -14 -15 16 -16 -18 -19 -20 24 22 -11 -24 -8 28 -27 -28 -26 -30
right_child=2 -3 3 -5 6 -7 20 -9 9 21 11 -13 13 14 15 -17 17 18 19 -21 -22 -23 23 -25 25 26 27 -29 29 -31
leaf_value=-0.00032046001159939739 0 3.0591465790065642e-05 -0.00016463805785160284 0.00054676346435089565 1.2618836535443439e-06 0.00011646832287718505 1.3719704972027701e-06 0.0001299941209848778 0 0 0 -0.00020376834719682338 0 0 0 0 0 0 0.00035564877223898811 1.8124106028868219e-05 -9.0994639571904013e-05 5.6631747485167058e-09 -0.00023038419290611785 0 -5.5963576114461424e-06 -7.0797757007288057e-06 0 6.7521005416802538e-05 0 -4.2746006030140661e-05
leaf_weight=51 70 89 60 53 4139 57 8062 88 96 190 68 90 473 197 59 173 55 86 77 55 73 1967 60 75 2876 462 248 301 473 961
leaf_count=51 70 89 60 53 4139 57 8062 88 96 190 68 90 473 197 59 173 55 86 77 55 73 1967 60 75 2876 462 248 301 473 961
internal_value=0 -6.31964e-05 2.98145e-07 0.000127038 -1.40672e-07 4.11588e-05 -6.21224e-07 3.13252e-06 1.05978e-06 -1.182e-05 -7.34166e-05 -0.000126895 8.17242e-06 2.82417e-05 5.30249e-05 7.94472e-05 0.00011569 0.000144322 0.000176297 0.000253801 -3.21005e-06 -2.78423e-06 -3.49552e-05 -0.000108787 -2.35087e-06 -8.93016e-06 9.24712e-06 3.20655e-05 -1.4355e-05 -2.84207e-05
internal_weight=21784 140 21644 113 21531 127 21404 7948 7860 2546 254 158 5314 1175 702 505 332 273 218 132 13456 2292 325 135 13383 5321 1011 549 4310 1434
internal_count=21784 140 21644 113 21531 127 21404 7948 7860 2546 254 158 5314 1175 702 505 332 273 218 132 13456 2292 325 135 13383 5321 1011 549 4310 1434
is_linear=0
shrinkage=0.05


Tree=268
num_leaves=31
num_cat=0
split_feature=98 2 2 1 119 77 138 133 138 62 15 122 36 1 137 22 116 78 91 84 133 105 101 126 7 2 7 88 99 141
split_gain=0.000210531 0.00243432 0.000739451 0.000401476 0.00088547 0.000276254 0.00058307 0.000329324 0.000156924 0.000290741 0.000274307 0.000209846 0.000176768 0.00104864 0.000306345 0.000377329 0.000685833 0.000574587 0.000352734 0.00026117 0.000162139 0.000203951 0.000157711 0.000114457 0.000530896 0.000276788 0.000168369 0.00041952 0.000113535 0.00012821
threshold=-2.9999999999999996 0.026435467500000004 0.048280649000000009 0.36432711350000008 12.450000000000001 288.72019385000004 3.9650000000000003 88.200000000000003 12.310000000000002 36.550000000000004 0.00023854166666666669 9.5000000000000018 267.98369725000003 0.36432711350000008 0.75500000000000012 4.5000000000000009 277.68422050000004 2.5000000000000004 29.850000000000005 3.0500000000000012 80.995000000000019 30.500000000000004 -3.2282106499999936 13.500000000000002 0.15855000000000002 0.0035617145000000003 0.075750000000000012 25.662500000000005 -2.3500000000000223 32.135000000000012
decision_type=2 2 2 2 10 2 2 2 2 2 2 2 2 2 2 2 8 2 2 2 2 2 2 2 2 2 2 2 2 2
left_child=1 5 3 23 -5 7 -7 8 12 -10 -11 -12 13 20 18 16 17 -16 19 -14 -1 22 -22 24 25 26 -2 -28 29 -25
right_child=2 -3 -4 4 -6 6 -8 -9 9 10 11 -13 14 -15 15 -17 -18 -19 -20 -21 21 -23 -24 28 -26 -27 27 -29 -30 -31
leaf_value=0 -5.1646961877894454e-06 0.0002787854725463659 -0.00016429470422037992 0 -0.00025125931349556104 0.00019703050589509586 0 -0.00011558476838448985 0 0 0.0001908141244113302 0 0 0.00019423210813353462 0.00025955027186548671 -3.0851890867224189e-06 0 0 -0.00014724559116000431 -4.3972191196350072e-05 0 0 0.00012552564186708401 0 -0.00017607768009139153 -0.00011222825724481871 0 0.00016076212254899605 2.3978195733271757e-06 -2.2472741587592042e-05
leaf_weight=2766 840 81 71 178 51 56 149 58 323 50 64 57 806 74 60 1251 127 53 68 515 52 80 83 1274 51 55 65 55 11304 1067
leaf_count=2766 840 81 71 178 51 56 149 58 323 50 64 57 806 74 60 1251 127 53 68 515 52 80 83 1274 51 55 65 55 11304 1067
internal_value=0 7.22762e-06 -3.38947e-06 -2.27919e-06 -6.81798e-05 3.15247e-06 6.05446e-05 5.5908e-07 2.4023e-06 2.94535e-05 8.19909e-05 0.000122877 0 8.52179e-06 -8.73838e-06 4.24556e-06 6.30582e-05 0.000153122 -2.62659e-05 -1.61495e-05 2.17142e-06 4.40647e-05 8.26618e-05 -9.08925e-07 -1.67202e-05 -3.62641e-06 0 5.73872e-05 0 -9.66651e-06
internal_weight=21784 6773 15011 14940 229 6692 205 6487 6429 494 171 121 5935 3055 2880 1491 240 113 1389 1321 2981 215 135 14711 1066 1015 960 120 13645 2341
internal_count=21784 6773 15011 14940 229 6692 205 6487 6429 494 171 121 5935 3055 2880 1491 240 113 1389 1321 2981 215 135 14711 1066 1015 960 120 13645 2341
is_linear=0
shrinkage=0.05


Tree=269
num_leaves=31
num_cat=0
split_feature=98 2 2 0 61 77 4 133 0 92 8 1 90 44 114 161 61 69 101 0 21 132 43 33 69 18 126 7 2 11
split_gain=0.000194111 0.00219836 0.000667126 0.0003688 0.00059284 0.000255814 0.00032378 0.000223633 0.000155308 0.00260021 0.000126905 0.000353695 0.000625966 0.000782516 0.00015579 0.000150749 0.000277481 0.000268415 0.000216461 0.000298604 0.000113433 0.000145828 0.000320272 0.000237599 0.000172057 0.000188748 0.000107711 0.000475976 0.000249998 0.000187729
threshold=-2.9999999999999996 0.026435467500000004 0.048280649000000009 0.24405000000000002 801.45000000000016 290.86231680000009 9.7700000000000003e-05 88.200000000000003 0.24405000000000002 4.8500000000000014 0.012024172761565432 0.010746629000000002 23.162244897959187 1242.5000000000002 17.550000000000004 0.15306122448979595 91.250000000000014 274.23776995000009 0.6151653999999952 0.09605000000000001 0.54861111111111127 3.5000000000000004 0.36950000000000005 -0.99373191206335287 266.55201525000007 0.00069583333333333346 13.500000000000002 0.15855000000000002 0.0035617145000000003 0.0019584585902777782
decision_type=2 2 2 2 2 2 2 2 2 2 2 2 2 2 8 2 2 2 2 2 2 2 2 2 2 2 2 2 2 2
left_child=1 5 3 26 -5 7 -7 8 10 -10 11 14 -13 -14 20 -12 17 -17 19 -18 21 22 -1 -24 -25 -26 27 28 29 -2
right_child=2 -3 -4 4 -6 6 -8 -9 9 -11 15 12 13 -15 -16 16 18 -19 -20 -21 -22 -23 23 24 25 -27 -28 -29 -30 -31
leaf_value=0 -8.8822891598747951e-06 0.00026501618011424424 -0.00015619407212701239 -0.00019942127211364886 0 0.00015450776575894523 0 -9.2543715172872852e-05 -8.6318592539232601e-05 0.0003546213867900638 0 2.8788854716059818e-07 7.6531113323596837e-06 0.00028815025312095799 -9.4294936887350282e-06 -1.659882167676883e-05 -1.7607345110814305e-05 8.2410656966147857e-05 0 -0.00014129910037748538 0 0 0 0 0 0.00020657218746064984 0 -0.00016744310434800214 -0.00010671704973252157 4.4910473648826895e-05
leaf_weight=276 758 81 71 61 168 62 59 60 68 50 1271 509 127 54 1985 80 312 97 179 119 732 421 50 56 52 73 13645 51 55 202
leaf_count=276 758 81 71 61 168 62 59 60 68 50 1271 509 127 54 1985 80 312 97 179 119 732 421 50 56 52 73 13645 51 55 202
internal_value=0 6.91045e-06 -3.28288e-06 -2.21114e-06 -6.53941e-05 3.00016e-06 7.54509e-05 8.93951e-07 2.53689e-06 5.99135e-05 6.8666e-07 6.23898e-06 3.90372e-05 0.000119933 0 -8.57781e-06 -2.58944e-05 9.72888e-06 -4.44134e-05 -6.3581e-05 1.13212e-05 2.31174e-05 4.117e-05 8.46321e-05 0.000111329 0.000146001 -8.83359e-07 -1.62212e-05 -3.54428e-06 0
internal_weight=21784 6773 15011 14940 229 6692 121 6571 6511 118 6393 4335 690 181 3645 2058 787 177 610 431 1660 928 507 231 181 125 14711 1066 1015 960
internal_count=21784 6773 15011 14940 229 6692 121 6571 6511 118 6393 4335 690 181 3645 2058 787 177 610 431 1660 928 507 231 181 125 14711 1066 1015 960
is_linear=0
shrinkage=0.05


Tree=270
num_leaves=31
num_cat=0
split_feature=97 15 75 11 2 133 120 11 0 120 155 120 139 123 128 120 105 3 92 92 31 89 43 10 2 103 105 85 137 108
split_gain=0.000212695 0.000325145 0.000207464 0.00177783 0.0010631 0.000512287 0.000195994 0.00175518 0.000258065 0.00333772 0.000586692 0.000255833 0.000222755 0.000213113 0.000374495 0.00134087 0.000246886 0.000332937 0.00102401 0.000592502 0.000570223 0.000325821 0.000381128 0.000311521 0.000487971 0.0021988 0.000221212 0.000237792 0.00022527 0.000232142
threshold=11.950000000000003 0.00062187500000000014 5.8500000000000005 0.0059095402291666679 0.048280649000000009 88.200000000000003 287.75057360000005 0.0054437020069444458 0.21365000000000003 276.71922220000005 0.1604347826086957 267.59057105000005 88.481842832492205 0.60355339059327384 8.2771419658546641 274.78249145000001 23.500000000000004 0.083086015000000027 6.8500000000000023 8.6500000000000039 14.450000000000001 41.750000000000007 0.42950000000000005 8.1950000000000021 0.0031384280000000004 1450.6000000000001 27.500000000000004 269.77168090000004 0.045000000000000005 270.28779110000005
decision_type=2 2 2 2 2 2 10 2 2 10 2 10 2 2 2 10 2 2 2 2 2 2 2 2 2 2 2 2 2 2
left_child=2 -2 3 5 6 -1 8 12 13 10 -10 -12 -8 14 15 -4 17 23 -19 -20 -21 22 -22 24 -16 -26 27 -18 29 -28
right_child=1 -3 4 -5 -6 -7 7 -9 9 -11 11 -13 -14 -15 16 -17 26 18 19 20 21 -23 -24 -25 25 -27 28 -29 -30 -31
leaf_value=0 0 -0.00014764397576336999 0 -0.00023012576689246129 0.00017535265908174386 -0.00014452982035147705 2.6306813488974697e-06 -0.00028066196950289927 -6.1395152447383036e-05 0.00040947634483961377 0 0.00014861392632857978 -9.0651361068880967e-05 -6.8521616261374783e-06 6.4273478247066179e-06 0.00029508909308235308 -4.5473366848230568e-05 0.00015525880970117606 -0.00010723954398246646 0.00011074702749087748 -8.7970315996137622e-05 5.4646381900149245e-05 1.5543315452270927e-05 -1.9531237014681993e-05 0 0.0003120062719115171 0.00010031970103763601 0 -1.9968183528359023e-06 0
leaf_weight=2635 83 61 118 91 87 62 910 60 224 53 55 56 66 5482 4288 50 588 162 84 157 169 146 52 920 125 72 111 464 4139 251
leaf_count=2635 83 61 118 91 87 62 910 60 224 53 55 56 66 5482 4288 50 588 162 84 157 169 146 52 920 125 72 111 464 4139 251
internal_value=-5.63225e-07 -6.09499e-05 0 -1.28821e-05 1.71917e-06 -3.61622e-06 6.40544e-07 -2.00554e-05 2.12988e-06 4.27412e-05 -1.44458e-06 7.43619e-05 0 9.33038e-07 4.94122e-06 8.02653e-05 3.42918e-06 1.05281e-05 4.2272e-05 3.75128e-06 3.12379e-05 0 -4.11313e-05 5.07393e-06 1.12389e-05 9.01567e-05 -3.56509e-06 -2.43329e-05 1.82586e-07 3.88122e-05
internal_weight=21821 144 21677 2788 18889 2697 18802 1036 17766 388 335 111 976 17378 11896 168 11728 6175 770 608 524 367 221 5405 4485 197 5553 1052 4501 362
internal_count=21821 144 21677 2788 18889 2697 18802 1036 17766 388 335 111 976 17378 11896 168 11728 6175 770 608 524 367 221 5405 4485 197 5553 1052 4501 362
is_linear=0
shrinkage=0.05


Tree=271
num_leaves=31
num_cat=0
split_feature=97 21 75 11 133 14 43 121 47 120 69 92 110 108 12 11 99 0 61 11 92 91 25 56 105 105 33 131 136 11
split_gain=0.000191624 0.000431955 0.000190761 0.00160365 0.000463023 0.000368798 0.00494229 0.001267 0.000788175 0.000455076 0.000190799 0.000452695 0.000243379 0.000284991 0.000214544 0.000162461 0.000144592 0.000438565 0.000195137 0.000412925 0.000130084 0.000210464 0.000157402 0.000247628 0.000109235 0.000275951 0.000244878 0.000279279 0.000230051 0.000349015
threshold=11.950000000000003 0.4513888888888889 5.8500000000000005 0.0059095402291666679 88.200000000000003 0.056742897000000007 0.39350000000000007 0.25000000000000006 1.0000000180025095e-35 268.90538845000009 290.70052035000009 11.550000000000002 16.150000000000002 273.15462210000004 0.081120783000000016 0.0063192529166666679 3.5999999999999663 0.11455000000000001 65.15000000000002 0.0020338314236111113 1.0000000180025095e-35 18.350000000000005 14.500000000000002 -4.2178078999999675 23.500000000000004 27.500000000000004 -0.98273517223748497 67.443867958799743 0.63500000000000012 0.002701735930555556
decision_type=2 2 2 2 2 2 2 10 2 10 2 2 10 2 2 2 2 2 2 2 2 2 2 2 2 2 2 2 2 2
left_child=2 -2 3 4 -1 16 7 8 9 -7 11 12 13 -10 -14 -13 18 20 19 -4 21 -18 23 -22 28 26 27 -26 -20 -30
right_child=1 -3 5 -5 -6 6 -8 -9 10 -11 -12 15 14 -15 -16 -17 17 -19 24 -21 22 -23 -24 -25 25 -27 -28 -29 29 -31
leaf_value=0 -0.00016868757481411608 0 0 -0.00021874454644118846 -0.00013741803626688789 0 0.00050629693659944822 0.00021887138767439753 -0.00010497512752676008 -0.00024369831358651736 9.425327719832745e-05 0 9.3245189713565759e-05 0 0 -0.00015225563154466903 0 -0.00014718064098773398 -2.2466003021040506e-06 0.00012618548088905355 -6.2341421636227104e-05 0.00010062835741683513 0 0 -0.000148765282635625 0 -9.4383702444258926e-06 0 5.7882351836758859e-06 5.2627957832092364e-05
leaf_weight=2635 54 90 297 91 62 67 51 63 67 53 53 61 138 152 216 61 122 64 4725 96 321 62 473 129 90 6377 1175 147 3300 529
leaf_count=2635 54 90 297 91 62 67 51 63 67 53 53 61 138 152 216 61 122 64 4725 96 321 62 473 129 90 6377 1175 147 3300 529
internal_value=-5.28903e-07 -5.78443e-05 0 -1.2346e-05 -3.45016e-06 1.65584e-06 3.14743e-05 0 -1.08124e-05 -0.000130774 1.90599e-06 0 1.32399e-05 -1.29453e-05 4.35145e-05 -9.15591e-05 0 -1.69587e-05 1.20781e-06 3.60554e-05 -4.79137e-06 2.4581e-05 -1.60783e-05 -3.74453e-05 6.17524e-08 -3.89898e-06 -2.39175e-05 -7.43525e-05 4.25276e-06 1.3577e-05
internal_weight=21821 144 21677 2788 2697 18889 982 931 868 120 748 695 573 219 354 122 17907 1171 16736 393 1107 184 923 450 16343 7789 1412 237 8554 3829
internal_count=21821 144 21677 2788 2697 18889 982 931 868 120 748 695 573 219 354 122 17907 1171 16736 393 1107 184 923 450 16343 7789 1412 237 8554 3829
is_linear=0
shrinkage=0.05


Tree=272
num_leaves=31
num_cat=0
split_feature=98 13 94 19 0 0 99 2 35 19 110 9 111 41 21 90 15 136 8 123 131 43 104 15 51 128 141 63 15 30
split_gain=0.000186669 0.00123178 0.000279264 0.00505265 0.00218831 0.000614277 0.000548478 0.000508952 0.000433231 0.00047936 0.000279783 0.000395514 0.000251768 0.000343343 0.000540412 0.000308622 0.00062487 0.000200937 0.000159753 0.000598908 0.000216772 0.00017278 0.000203679 0.000378629 0.000175395 0.000154086 0.000140116 0.000131892 0.000188555 0.000242057
threshold=8.3000000000000043 0.0040352463333333342 14.500000000000002 0.016477142857142857 0.26885000000000003 0.26885000000000003 0.95000000000004559 0.048280649000000009 273.90810415000004 -0.0049971428571428554 8.7500000000000018 0.39895833333333336 6.8500000000000005 42.500000000000007 0.43750000000000006 25.284693877551025 5.1041666666666676e-05 0.6100000000000001 0.00070937736665727667 -0.60355339059327362 93.410858925704943 0.32750000000000007 0.65000000000000024 0.00044479166666666669 4.5000000000000009 10.014782921806821 23.475000000000005 7.9384000000000015 0.00067395833333333338 -1.8014285714285716
decision_type=2 2 2 2 2 2 2 2 2 2 10 2 10 2 2 2 2 2 2 2 2 2 2 2 2 2 2 2 2 2
left_child=2 -2 5 4 8 7 -7 -1 9 -4 11 -10 13 14 -12 16 -14 26 19 -17 21 -20 -23 24 -24 -22 -11 28 -27 -30
right_child=1 -3 3 -5 -6 6 -8 -9 10 17 12 -13 15 -15 -16 18 -18 -19 20 -21 25 22 23 -25 -26 27 -28 -29 29 -31
leaf_value=-7.0513583026973481e-09 -4.0363757386555856e-06 -0.00024049297340245743 -0.00017013533256721072 0.00050820551465685464 0.0003269049029824181 0 -0.00020595641566917172 -0.00013647463615558557 0 0 -0.00019990927799745577 0.00014145305552959214 0.00021738953991789803 0 0 0.00018732148815413691 2.835862582439089e-07 2.5313962600258305e-05 0 0 3.5603952308122047e-05 0 0 0 -0.00017568333895734431 0 -6.7490768036661226e-05 -2.1457669048359501e-05 0 0.00011015908763952072
leaf_weight=16472 1237 60 72 50 51 88 69 68 56 88 66 90 52 160 57 53 239 112 373 93 400 310 53 164 88 398 176 444 84 98
leaf_count=16472 1237 60 72 50 51 88 69 68 56 88 66 90 52 160 57 53 239 112 373 93 400 310 53 164 88 398 176 444 84 98
internal_value=-5.0936e-07 -1.90039e-05 4.16656e-07 1.27938e-05 4.77935e-06 -2.12139e-06 -0.00010057 -8.78599e-07 0 -4.57716e-05 6.59005e-06 7.52335e-05 1.77129e-06 -4.0602e-05 -0.000103431 7.74752e-06 5.68141e-05 -8.30659e-06 1.91759e-07 5.20043e-05 -8.92631e-07 -2.06258e-05 -3.72054e-05 -6.6713e-05 -0.000127502 9.29473e-06 -4.14795e-05 0 1.46583e-05 5.70794e-05
internal_weight=21821 1297 20524 3827 3777 16697 157 16540 3726 448 3278 146 3132 283 123 2849 291 376 2558 146 2412 988 615 305 141 1424 264 1024 580 182
internal_count=21821 1297 20524 3827 3777 16697 157 16540 3726 448 3278 146 3132 283 123 2849 291 376 2558 146 2412 988 615 305 141 1424 264 1024 580 182
is_linear=0
shrinkage=0.05


Tree=273
num_leaves=31
num_cat=0
split_feature=93 91 104 120 139 43 93 61 11 112 19 61 0 28 83 100 19 92 59 29 81 91 29 18 69 19 138 25 96 75
split_gain=0.000199748 0.00122719 0.00100422 0.00101602 0.000444836 0.000815719 0.00116436 0.000215029 0.0051354 0.00433873 0.00197252 0.000938956 0.000429926 0.000741091 0.00057976 0.000104439 0.000288666 0.000295223 0.000501715 0.000523879 0.000200957 0.000254804 0.000169315 0.000167064 0.000145169 0.000197234 0.000179787 0.000291602 0.000294483 0.000143891
threshold=262.98831115000002 8.8500000000000032 20.950000000000006 273.73564815000003 89.302131517708077 0.40350000000000008 262.49580065000004 136.65000000000003 0.0057378994097222235 276.67343520000003 0.018424285714285716 144.10000000000005 0.074950000000000003 33.400000000000006 18.150000000000002 4.8000000000000123 5.7142857142857154e-06 1.0000000180025095e-35 9.3444500000000001 26.850000000000005 31.650000000000002 11.350000000000003 49.95000000000001 0.012739583333333335 271.57024865000005 -6.8571428571427944e-05 5.5950000000000006 9.5000000000000018 33.737500000000004 13.050000000000002
decision_type=2 2 2 10 2 2 2 2 2 10 2 2 2 2 2 2 2 2 2 2 2 2 2 2 2 2 2 2 2 2
left_child=1 -1 4 -4 -3 6 -6 8 12 -10 11 -9 -2 -14 -15 -13 17 18 -17 -20 21 -18 23 24 25 -19 27 -26 -29 -25
right_child=7 2 3 -5 5 -7 -8 10 9 -11 -12 15 13 14 -16 16 20 22 19 -21 -22 -23 -24 29 26 -27 -28 28 -30 -31
leaf_value=-0.00023380730290325751 -2.3780197559155326e-06 0 0 0.00021054736972637707 -1.8919105351503786e-05 0 -0.00036122271716242099 0.00016211762321614113 -0.00068772143200405099 0 0.00027746748352029291 1.7761593710166028e-06 0 0 0.00029032543768642846 0 0 0 0 0.00024526916952417421 0 -9.3305149032900077e-05 5.2540629385042674e-05 -9.7281295260404687e-05 0 -5.0675884815535753e-05 0 0 0.00016053871338774544 -1.1430780193663679e-05
leaf_weight=64 1471 682 82 96 122 97 51 89 50 57 64 15903 54 59 51 131 61 614 51 52 174 237 83 106 115 265 272 54 80 534
leaf_count=64 1471 682 82 96 122 97 51 89 50 57 64 15903 54 59 51 131 61 614 51 52 174 237 83 106 115 265 272 54 80 534
internal_value=-5.06258e-07 -2.04861e-05 -3.78723e-06 9.91579e-05 -2.83658e-05 -8.32657e-05 -0.000150061 4.08827e-07 -1.60693e-05 -0.000350584 2.19433e-06 9.77936e-07 2.96713e-06 8.09374e-05 0.00016257 0 -8.63318e-06 0 5.15435e-05 0.000134401 -4.44033e-05 -6.92768e-05 -7.31728e-06 -1.2227e-05 0 -1.46945e-05 1.82e-05 4.98949e-05 0.000100051 -3.35797e-05
internal_weight=21821 1194 1130 178 952 270 173 20627 1742 107 18885 18821 1635 164 110 18732 2829 2357 234 103 472 298 2123 2040 1400 879 521 249 134 640
internal_count=21821 1194 1130 178 952 270 173 20627 1742 107 18885 18821 1635 164 110 18732 2829 2357 234 103 472 298 2123 2040 1400 879 521 249 134 640
is_linear=0
shrinkage=0.05


Tree=274
num_leaves=31
num_cat=0
split_feature=93 83 104 103 4 43 28 61 11 49 2 61 0 28 83 99 140 140 136 75 19 18 126 101 96 26 23 85 25 105
split_gain=0.000187025 0.00054646 0.000913547 0.00100635 0.000369598 0.000605735 0.000880185 0.000197446 0.0046774 0.00395201 0.00178279 0.000848491 0.000384257 0.000693389 0.000506336 0.000136918 0.000142823 0.000122646 0.000111174 0.000107322 9.63199e-05 0.000200795 0.000398237 0.000180044 0.000331797 0.000922322 0.000306968 0.00056915 0.000198873 0.000154788
threshold=262.98831115000002 8.5500000000000025 20.950000000000006 2564.6500000000005 9.6250000000000022e-05 0.39850000000000008 31.350000000000005 136.65000000000003 0.0057378994097222235 982.25000000000011 0.048280649000000009 144.10000000000005 0.074950000000000003 33.400000000000006 18.150000000000002 4.2500000000000009 48.150000000000013 35.305000000000007 0.21500000000000002 14.550000000000002 -0.013334285714285713 0.026733333333333335 15.500000000000002 -4.5652888999999837 36.837500000000013 2.5000000000000004 19.625000000000004 267.57911380000002 10.500000000000002 15.500000000000002
decision_type=2 2 2 2 2 2 2 2 2 2 2 2 2 2 2 2 2 2 2 2 2 2 2 2 2 2 2 2 2 2
left_child=1 -1 4 -4 5 6 -3 8 12 -10 11 -9 -2 -14 -15 20 17 18 -17 -18 -13 23 -23 24 26 -26 27 -22 -28 -24
right_child=7 2 3 -5 -6 -7 -8 10 9 -11 -12 15 13 14 -16 16 19 -19 -20 -21 21 22 29 -25 25 -27 28 -29 -30 -31
leaf_value=-0.00013725937331628303 -2.2591995639556129e-06 -0.00031131888804877779 0.00022550552325265017 0 0 0 -3.0311747713155285e-05 0.00015410181235003825 -0.00064392753883884385 0 0.00026380754436831926 2.4962575884833451e-05 0 0 0.00027608831922687108 0 -0.00011212465414581329 4.8702603521569087e-05 -5.6148031603146537e-05 0 0.00017890047901400705 -0.0001156953787767634 3.550792198509882e-05 2.228317762230674e-07 0.00020332213084166755 2.0911763223059664e-06 -5.7681024313779281e-05 0 0 -1.0917834952190511e-05
leaf_weight=95 1471 53 79 87 507 195 178 89 52 55 64 405 54 59 51 56 75 70 131 64 66 95 153 13403 88 322 163 200 867 2574
leaf_count=95 1471 53 79 87 507 195 178 89 52 55 64 405 54 59 51 56 75 70 131 64 66 95 153 13403 88 322 163 200 867 2574
internal_value=-5.05967e-07 -1.98383e-05 -5.02714e-06 9.64132e-05 -2.85127e-05 -6.27868e-05 -0.000117401 3.71608e-07 -1.54073e-05 -0.000334664 2.09258e-06 9.23015e-07 2.62152e-06 7.64506e-05 0.0001559 0 -2.88357e-05 0 -2.71136e-05 -7.00592e-05 8.15379e-07 0 -1.19561e-05 2.55253e-06 1.79156e-05 5.78373e-05 1.39615e-06 5.19826e-05 -6.85601e-06 -6.46818e-06
internal_weight=21821 1194 1099 166 933 426 231 20627 1742 107 18885 18821 1635 164 110 18732 396 257 187 139 18336 17931 2822 15109 1706 410 1296 266 1030 2727
internal_count=21821 1194 1099 166 933 426 231 20627 1742 107 18885 18821 1635 164 110 18732 396 257 187 139 18336 17931 2822 15109 1706 410 1296 266 1030 2727
is_linear=0
shrinkage=0.05


Tree=275
num_leaves=31
num_cat=0
split_feature=120 19 2 83 11 11 48 22 13 50 29 14 83 74 14 73 67 36 65 116 120 12 116 24 122 128 136 103 36 88
split_gain=0.000515226 0.0194589 0.00427161 0.00111552 0.00359817 0.00214937 0.000783044 0.000111363 0.00017737 0.000417224 0.000717158 0.000114479 0.000183507 0.000108158 0.000102706 0.000106837 0.000150036 9.87656e-05 0.000101276 0.000331985 0.000149935 0.00048139 0.00152966 0.000199569 0.000248905 0.000368425 0.000341678 0.000238398 0.000924782 0.00176136
threshold=284.74030595000005 0.014581428571428573 0.048280649000000009 19.050000000000004 0.0062045532291666672 0.0023508758819444447 54.500000000000007 45.500000000000007 0.0016090432986111114 1021.1500000000002 40.70000000000001 0.017110612000000004 11.350000000000003 11.892857142857148 0.010828305000000002 21.550000000000004 13.450000000000001 263.01061680000004 5.2500000000000009 289.90870525000008 270.81799995000006 0.087418585000000007 278.31782970000006 51.050000000000004 15.500000000000002 8.5564435634531666 0.87000000000000011 2002.3500000000001 266.85797920000005 31.562500000000007
decision_type=10 2 2 2 2 2 2 2 2 2 2 2 2 2 2 2 2 2 2 10 10 2 10 2 2 2 2 2 2 2
left_child=2 3 17 4 7 -5 -4 8 11 10 -10 14 -13 -9 -2 -16 -17 -1 19 -19 -20 23 -23 24 26 -26 27 -22 -29 -30
right_child=1 -3 6 5 -6 -7 -8 13 9 -11 -12 12 -14 -15 15 16 -18 18 20 -21 21 22 -24 -25 25 -27 -28 28 29 -31
leaf_value=9.5953564075208825e-06 0 0.00097892824061178679 -0.00049571744198271747 0 -0.00040610070419721265 0.00039412961443304086 -6.1145090524488213e-05 0 0.00025168532323046098 0 0 -9.4240020520373953e-05 0 -4.6798384186373837e-05 0 0.00012796786071767361 0 0 1.1923886628405103e-07 0.00014138116229029643 0 0 -0.00023994837571158416 7.258011031250508e-06 -0.00017890874989194238 -2.0310957241055478e-05 -2.7822276663680815e-05 0 0.00034006511440664048 0
leaf_weight=2086 672 51 50 124 55 50 54 222 52 176 76 79 150 214 120 56 56 362 11676 50 851 241 93 1756 50 1035 838 404 64 87
leaf_count=2086 672 51 50 124 55 50 54 222 52 176 76 79 150 214 120 56 56 362 11676 50 851 241 93 1756 50 1035 838 404 64 87
internal_value=1.42904e-08 2.34488e-05 -2.29447e-06 0 -1.11536e-05 0.000120684 -0.000320424 0 7.36174e-06 4.13445e-05 0.000110124 0 -3.30828e-05 -2.14185e-05 6.17144e-06 3.53544e-05 7.0292e-05 -3.34382e-07 -1.8036e-06 2.14181e-05 -2.65694e-06 -9.56004e-06 -6.8848e-05 -4.66995e-06 -1.24636e-05 -3.23817e-05 -5.95621e-07 1.20865e-05 3.79685e-05 0.000143121
internal_weight=21850 2153 19697 2102 1928 174 104 1873 1437 304 128 1133 229 436 904 232 112 19593 17507 412 17095 5419 334 5085 3329 1085 2244 1406 555 151
internal_count=21850 2153 19697 2102 1928 174 104 1873 1437 304 128 1133 229 436 904 232 112 19593 17507 412 17095 5419 334 5085 3329 1085 2244 1406 555 151
is_linear=0
shrinkage=0.05


Tree=276
num_leaves=31
num_cat=0
split_feature=2 69 135 118 104 142 115 19 93 64 84 43 121 131 1 62 126 10 80 24 81 50 141 91 11 49 9 101 28 18
split_gain=0.00051119 0.0161982 8.22559e-05 0.000553732 0.0012836 0.000980703 0.000322043 0.00088129 0.000348839 0.000267275 0.000253173 0.000162571 0.000149028 0.00139357 0.000416794 0.000511785 0.000175979 0.000548218 0.000131829 0.000245472 0.000200289 0.00048079 0.0010511 0.000344838 0.000847222 0.00042947 0.000331059 0.000379278 0.000200892 0.000302399
threshold=0.048280649000000009 272.33811725000004 4.3900000000000015 9.7500000000000018 21.950000000000006 781.13244693432364 5.2500000000000009 -0.0021257142857142846 262.84702940000005 269.65000000000003 1.7500000000000007 0.40750000000000003 2.7500000000000004 86.769874021242742 0.41087726350000003 31.150000000000006 2.5000000000000004 13.420000000000002 34.937500000000007 59.050000000000004 37.850000000000001 1001.85 38.000000000000007 21.750000000000004 0.0055372198611111124 981.25000000000011 0.6775000000000001 -7.4676190500000237 31.350000000000005 0.010354166666666668
decision_type=2 2 2 8 2 2 8 2 2 2 2 2 10 2 2 2 2 2 2 2 2 2 2 2 2 2 2 2 2 2
left_child=2 -2 3 4 10 -6 7 -5 -8 11 -1 -10 14 -14 16 -16 17 -4 20 -20 23 22 26 -18 25 -25 27 -22 -23 -30
right_child=1 -3 12 6 5 -7 8 -9 9 -11 -12 -13 13 -15 15 -17 18 -19 19 -21 21 28 -24 24 -26 -27 -28 -29 29 -31
leaf_value=6.5541354010798542e-05 0.00080270926852701429 -0.00037311426506676077 0 0.00022670421305519999 -0.00035979962223791522 0 -0.00010553156055033873 0 -1.6942012355489795e-05 0.0001083202637483719 -3.721070424100456e-05 4.5771517288812899e-05 0.00025178571978540281 -2.373374692474499e-05 -0.00017907975165952749 0 1.7710710928041204e-06 0.00017287020667310093 -2.7188521722340424e-05 5.0792266562761418e-06 0.00015372702871324772 -6.6955865509441872e-06 0.00025298466559296219 -4.9342322866047391e-05 -0.00021279723732016572 6.251023350696318e-06 -1.8456720341876521e-05 0 -1.1387539009475452e-05 4.6816089759874399e-05
leaf_weight=88 50 63 184 55 55 63 89 373 1045 50 180 83 59 99 71 141 13122 60 1185 754 78 1428 65 501 60 761 162 202 189 535
leaf_count=88 50 63 184 55 55 63 89 373 1045 50 180 83 59 99 71 141 13122 60 1185 754 78 1428 65 501 60 761 162 202 189 535
internal_value=0 0.000105779 -3.31961e-07 -9.90913e-06 -6.40728e-05 -0.000200792 0 3.9663e-05 -1.01341e-05 0 0 -7.8623e-06 4.28073e-07 4.86401e-05 0 -6.95237e-05 8.03101e-07 4.29706e-05 0 -1.20674e-05 1.65882e-06 1.433e-05 5.85748e-05 -3.28517e-07 -2.49336e-05 -1.18817e-05 1.81919e-05 5.71796e-05 1.56145e-06 2.47307e-05
internal_weight=21850 113 21737 2081 386 118 1695 428 1267 1178 268 1128 19656 158 19498 212 19286 244 19042 1939 17103 2659 507 14444 1322 1262 442 280 2152 724
internal_count=21850 113 21737 2081 386 118 1695 428 1267 1178 268 1128 19656 158 19498 212 19286 244 19042 1939 17103 2659 507 14444 1322 1262 442 280 2152 724
is_linear=0
shrinkage=0.05


Tree=277
num_leaves=31
num_cat=0
split_feature=19 35 65 8 16 110 108 12 91 121 131 8 61 126 10 103 50 19 100 105 108 36 29 43 103 61 50 134 108 105
split_gain=0.000443065 0.0141971 7.91095e-05 0.00026095 9.83126e-05 0.000600642 0.00144136 0.00103862 0.000559439 0.000128565 0.00102328 0.000481535 0.00218331 0.000351586 0.00107841 0.000124827 0.000101138 9.80905e-05 0.000251723 0.000281622 0.000294214 0.000160792 9.33403e-05 0.000152231 0.000372461 0.000561039 0.000706831 0.000126647 0.000122875 0.000112898
threshold=0.018424285714285716 272.79358500000006 5.2500000000000009 0.040099195814430312 10.745000000000003 17.050000000000004 272.70418720000004 0.057609038500000008 13.350000000000003 2.7500000000000004 86.769874021242742 0.06819525246056711 313.05000000000001 2.5000000000000004 13.420000000000002 2018.3500000000001 1025.3500000000001 5.7142857142857154e-06 4.3000000000000123 28.500000000000004 276.00256925000002 264.89631360000004 46.45000000000001 0.36650000000000005 2002.3500000000001 1218.1500000000003 1001.5500000000001 6.7950000000000008 281.21306950000002 15.500000000000002
decision_type=2 2 2 2 2 8 2 2 2 10 2 2 2 2 2 2 2 2 2 2 2 2 2 2 2 2 2 2 2 2
left_child=2 -2 3 -1 9 6 7 -6 -7 11 -11 13 -13 14 -4 -14 17 -15 22 20 21 -20 23 27 25 -25 -27 28 -19 -24
right_child=1 -3 4 -5 5 8 -8 -9 -10 10 -12 12 15 16 -16 -17 -18 18 19 -21 -22 -23 29 24 -26 26 -28 -29 -30 -31
leaf_value=0 0.00074231075087132371 -0.00035512321281463044 0 0.00011972397055019272 0 0.00015752198211351964 0 -0.00035757521473457144 0 0.00020454888223010883 -1.5456759838256262e-05 -0.00034210800322430346 3.7706947147550332e-05 0 0.00026472065563818131 -2.4951900063763577e-05 8.1708749393975674e-06 0 0 0 0 -0.00012541316960212984 1.3977194931359596e-05 0 0 0 0.00027452884216957806 0 -8.8144510079983746e-05 -2.2864454902252914e-05
leaf_weight=447 51 62 197 57 51 57 204 61 381 67 103 56 95 14019 50 281 2797 51 72 261 142 176 96 107 389 50 59 484 81 846
leaf_count=447 51 62 197 57 51 57 204 61 381 67 103 56 95 14019 50 281 2797 51 72 261 142 176 96 107 389 50 59 484 81 846
internal_value=0 9.84859e-05 -2.97296e-07 1.88263e-05 -9.87561e-07 -1.87819e-05 -7.38182e-05 -0.000217198 9.6128e-06 -8.73793e-08 4.27007e-05 -6.93813e-07 -5.29255e-05 1.92443e-07 5.94976e-05 0 -3.02074e-07 -2.00737e-06 -1.05457e-05 -3.80177e-05 -6.48907e-05 -9.78064e-05 0 6.63821e-06 2.63618e-05 7.89414e-05 0.000158254 -4.64078e-06 -4.98046e-05 -1.37968e-05
internal_weight=21850 113 21737 504 21233 754 316 112 438 20479 170 20309 432 19877 247 376 19630 16833 2814 651 390 248 2163 1221 605 216 109 616 132 942
internal_count=21850 113 21737 504 21233 754 316 112 438 20479 170 20309 432 19877 247 376 19630 16833 2814 651 390 248 2163 1221 605 216 109 616 132 942
is_linear=0
shrinkage=0.05


Tree=278
num_leaves=31
num_cat=0
split_feature=2 35 115 90 94 115 11 131 92 22 135 1 34 90 11 83 32 92 43 82 128 104 91 7 83 126 64 43 137 53
split_gain=0.000382734 0.0128557 7.88959e-05 0.000374316 0.00157409 0.000178433 0.000974488 0.00017561 0.00016558 0.000210958 0.000148887 0.000151386 0.000228374 0.000142574 0.000251506 0.000352618 0.000142465 0.000127085 0.000119557 0.00013966 0.000116194 0.000150777 0.000107652 0.000551532 0.000156246 0.000260867 0.000195292 0.000418891 0.000916917 0.00113802
threshold=0.048280649000000009 272.79358500000006 18.250000000000004 24.766326530612254 14.500000000000002 13.750000000000002 0.0066259160416666683 66.863867284344977 9.5500000000000025 8.5000000000000018 27.540000000000003 0.012396619500000003 -0.49018008004549934 28.531632653061227 0.0038184861597222223 19.350000000000005 3.6500000000000008 1.9500000000000006 0.33850000000000008 30.810000000000006 10.29405894749061 1.0000000180025095e-35 26.050000000000004 0.16935000000000003 20.650000000000002 61.500000000000007 19.850000000000026 0.37050000000000005 0.75500000000000012 13.500000000000002
decision_type=2 2 10 2 2 10 2 2 2 2 2 2 2 2 2 2 2 2 2 2 2 2 2 2 2 2 2 2 2 2
left_child=2 -2 5 4 -4 22 10 8 9 -5 13 -12 -13 14 20 -16 -9 -14 -10 -20 21 -7 24 -24 26 -26 -1 28 -28 -30
right_child=1 -3 3 7 -6 6 -8 16 18 -11 11 12 17 -15 15 -17 -18 -19 19 -21 -22 -23 23 -25 25 -27 27 -29 29 -31
leaf_value=-6.5365712717530194e-07 0.00070590895865349859 -0.0003376488955478953 0 -0.00013991411099746422 0.00025552766497403593 0 -0.00017610826374428665 9.3073226181451967e-05 3.7412751398269208e-05 0 -8.6921514835830838e-06 -3.5660040868534882e-06 0 9.5196933778543276e-08 -0.00020659923854777042 0 1.8747276128298757e-06 6.0657869629378889e-05 0 -9.8178712483649235e-05 0 -5.8199272611286047e-05 0 0.00017472094933812816 -3.767560270523283e-05 2.4879688066256527e-06 0 0 0 0.00025972963793269679
leaf_weight=13488 51 62 160 64 76 188 90 52 97 71 1010 241 175 181 50 50 1415 322 64 52 433 244 517 53 724 456 426 848 92 98
leaf_count=13488 51 62 160 64 76 188 90 52 97 71 1010 241 175 181 50 50 1415 322 64 52 433 244 517 53 724 456 426 848 92 98
internal_value=0 9.15385e-05 -2.7105e-07 8.73714e-06 6.78928e-05 -1.46395e-06 -1.27751e-05 0 -3.08008e-05 -7.40152e-05 -5.90944e-06 6.70574e-07 2.02444e-05 -2.0297e-05 -2.9294e-05 -0.000113246 8.57459e-06 4.18144e-05 0 -3.71782e-05 -1.36953e-05 -3.23417e-05 2.58216e-07 2.17311e-05 -1.91874e-07 -1.79321e-05 8.74896e-07 1.83614e-05 4.9978e-05 0.00014167
internal_weight=21850 113 21737 2051 236 19686 2984 1815 348 135 2894 1748 738 1146 965 100 1467 497 213 116 865 432 16702 570 16132 1180 14952 1464 616 190
internal_count=21850 113 21737 2051 236 19686 2984 1815 348 135 2894 1748 738 1146 965 100 1467 497 213 116 865 432 16702 570 16132 1180 14952 1464 616 190
is_linear=0
shrinkage=0.05


Tree=279
num_leaves=31
num_cat=0
split_feature=120 131 139 0 48 83 11 11 69 136 114 43 11 107 104 20 26 0 56 140 90 69 100 81 45 76 141 155 131 119
split_gain=0.000446944 0.0140461 0.00103974 0.0033689 0.00143017 0.000948946 0.00303294 0.00169451 0.000518609 0.00155193 0.00032432 0.000357158 0.000121519 0.000652571 0.000175812 0.000180576 0.000262322 0.000167817 0.000121277 0.000117901 9.84649e-05 0.000109503 9.48078e-05 9.26539e-05 0.000102261 9.23119e-05 0.000405517 0.000420423 0.000446051 0.00044599
threshold=284.74030595000005 20.493498600386317 91.465220253218561 0.092200000000000018 54.500000000000007 19.050000000000004 0.0062045532291666672 0.0023508758819444447 268.12579385000009 0.14500000000000005 8.9500000000000011 0.40450000000000008 0.0039327827291666681 10.250000000000002 21.550000000000008 1.0000000180025095e-35 8.5000000000000018 0.0024000000000000007 -10.080830099999984 62.035000000000004 21.351020408163272 274.29913230000005 -2.8000000000000109 22.650000000000002 50.500000000000007 6.1500000000000012 39.02000000000001 0.45800000000000002 65.285309445892523 6.5500000000000007
decision_type=10 2 2 2 2 2 2 2 2 2 8 2 2 2 2 2 2 2 2 2 2 2 2 2 2 2 2 2 2 10
left_child=2 -2 18 8 -5 6 12 -7 9 -4 -10 22 14 -14 15 20 17 -17 -1 -16 -3 -22 -12 -24 -25 -20 27 28 29 -27
right_child=1 5 3 4 -6 7 -8 -9 10 -11 11 -13 13 -15 19 16 -18 -19 25 -21 21 -23 23 24 -26 26 -28 -29 -30 -31
leaf_value=1.1660244787494226e-05 0.00068959237523239078 0 0 -0.00053298053095133201 -3.1886738849359304e-05 0 -0.00037543611592679685 0.00034471074383890369 0.00010034229415605997 -0.00031391848940100117 0 9.3408374770660886e-05 0.00014216221450264491 -2.5020202220228163e-05 0 0 0 0.00012453565466301447 0 -9.5749469954403878e-05 -7.4533058362952572e-05 0 0 0 -8.6090395806067389e-05 -0.00023076797385519971 9.4350090168190341e-05 0 -5.1822724861589837e-06 0
leaf_weight=2101 75 1083 99 50 54 121 55 52 77 53 163 59 90 66 81 53 66 93 15586 85 105 128 164 53 150 74 60 666 236 52
leaf_count=2101 75 1083 99 50 54 121 55 52 77 53 163 59 90 66 81 53 66 93 15586 85 105 128 164 53 150 74 60 666 236 52
internal_value=0 2.18212e-05 -2.15764e-06 -5.3993e-05 -0.000323198 -1.9538e-07 -1.27731e-05 0.000108847 -1.33086e-05 -9.70675e-05 0 -6.56802e-06 0 3.98752e-05 -5.65279e-06 0 4.23772e-05 8.40439e-05 1.24325e-07 -5.43713e-05 -7.23447e-06 -3.66952e-05 -2.72686e-05 -4.14368e-05 -6.50601e-05 -1.03002e-06 -1.51051e-05 -2.64381e-05 -6.98345e-05 -0.000150565
internal_weight=21850 2153 19697 922 104 2078 1905 173 818 152 666 589 1850 156 1694 1528 212 146 18775 166 1316 233 530 367 203 16674 1088 1028 362 126
internal_count=21850 2153 19697 922 104 2078 1905 173 818 152 666 589 1850 156 1694 1528 212 146 18775 166 1316 233 530 367 203 16674 1088 1028 362 126
is_linear=0
shrinkage=0.05


Tree=280
num_leaves=31
num_cat=0
split_feature=2 114 3 92 61 4 5 61 14 3 131 6 3 43 12 75 14 30 35 30 43 120 103 49 23 67 103 138 75 82
split_gain=0.000733751 0.0123629 0.00031495 0.00367691 0.000136234 0.000567621 0.000397001 0.000170403 0.000643559 0.000831738 0.000292858 0.000360258 0.000306324 0.000364473 0.000254173 0.000243012 0.000146777 0.000351665 0.000100125 0.000167984 0.000291751 0.000412834 0.000323817 0.000317814 0.000732974 0.000474371 0.000214887 0.000186446 0.000168552 0.000241724
threshold=0.048280649000000009 20.550000000000004 0.66968249400000013 1.7500000000000004 65.15000000000002 0.0029936860000000002 10.240000000000002 195.15000000000003 0.030018785500000002 0.13707818250000001 57.257815097269223 0.011408333333333335 0.023137828000000003 0.33450000000000008 0.041986284000000006 9.8500000000000032 0.012253739000000001 -1.4842857142857144 285.90102335000006 -2.091428571428573 0.34550000000000003 267.53999680000004 1655.8000000000004 976.45000000000016 23.235416666666669 15.250000000000002 931.00000000000011 5.955000000000001 15.550000000000002 30.326000000000004
decision_type=2 10 2 2 2 2 2 2 2 2 2 2 2 2 2 2 2 2 2 2 2 10 2 2 2 2 2 2 2 2
left_child=2 -2 4 -4 5 -1 -7 8 10 -10 12 14 -6 -14 16 -13 -12 -18 -9 28 21 -21 26 24 25 -23 -22 -28 -20 -30
right_child=1 -3 3 -5 7 6 -8 18 9 -11 11 15 13 -15 -16 -17 17 -19 19 20 22 23 -24 -25 -26 -27 27 -29 29 -31
leaf_value=0 -0.00027756051297407028 0.00073760765186949256 -0.00011205374532437419 0.00041546827814701562 0 0 0.0002166476303299815 1.8558883977806591e-06 -1.0147630680555319e-05 -0.00026446715693563718 0 0.00013195808275718213 -0.00019245062337768827 0 -7.4666416499490475e-05 0 0 0.00010076809765930902 0 -4.1094673309550213e-06 0 0 0 0 6.2533614944376446e-06 0.00026785314447604633 -0.00014404512408581693 0 -6.3597886570560192e-05 0
leaf_weight=481 64 50 65 52 233 74 57 15624 186 58 637 90 62 65 107 56 148 125 665 692 65 55 503 225 267 71 105 118 405 413
leaf_count=481 64 50 65 52 233 74 57 15624 186 58 637 90 62 65 107 56 148 125 665 692 65 55 503 225 267 71 105 118 405 413
internal_value=7.78947e-07 0.000126753 0 8.15616e-05 -3.33749e-07 2.2515e-05 0.000114475 -1.23983e-06 -1.60994e-05 -9.18415e-05 -6.31646e-07 8.10166e-06 -4.26398e-05 -0.000105407 0 8.15265e-05 6.0482e-06 3.82208e-05 0 -7.40338e-06 0 1.61718e-05 -2.20913e-05 4.6929e-05 7.4004e-05 0.000177021 -6.43321e-05 -8.79651e-05 -2.03814e-05 -3.55977e-05
internal_weight=21818 114 21704 117 21587 612 131 20975 1767 244 1523 1163 360 127 1017 146 910 273 19208 3584 2101 1310 791 618 393 126 288 223 1483 818
internal_count=21818 114 21704 117 21587 612 131 20975 1767 244 1523 1163 360 127 1017 146 910 273 19208 3584 2101 1310 791 618 393 126 288 223 1483 818
is_linear=0
shrinkage=0.05


Tree=281
num_leaves=31
num_cat=0
split_feature=126 13 2 36 3 1 90 1 34 35 90 105 92 16 87 128 81 81 83 83 119 21 58 43 74 67 22 49 29 92
split_gain=0.000647958 0.0137714 0.00090509 0.000712879 0.000278324 0.000565948 0.000640213 0.000177745 0.000306027 0.000115258 0.000150903 0.000544751 0.000698011 0.000632389 0.00054122 0.000773398 0.000122906 0.000503969 0.000137769 0.000116202 0.000213582 0.000201979 0.000212304 0.00016769 0.000283697 0.000152951 0.000190427 0.000117776 0.000435248 0.000110638
threshold=11.500000000000002 0.0040704037152777782 0.048280649000000009 266.91256585000008 0.25403659950000007 0.12674304500000003 21.668367346938783 0.41087726350000003 -0.97585650807874835 285.90102335000006 28.230612244897959 18.500000000000004 15.150000000000004 1.2600000000000002 5.5000000000000009 11.53249223041597 39.750000000000007 39.250000000000007 24.750000000000004 16.750000000000004 5.3500000000000005 0.35416666666666669 9.7500000000000018 0.34450000000000003 31.678571428571434 12.750000000000002 36.500000000000007 973.35000000000002 30.650000000000002 1.0000000180025095e-35
decision_type=2 2 2 2 2 2 2 2 2 2 2 2 2 2 2 2 2 2 2 2 10 2 2 2 2 2 2 2 2 2
left_child=1 4 7 -4 5 29 -7 9 -9 10 16 -12 13 14 15 -13 17 -2 -18 25 21 -21 -23 27 -25 -11 -27 28 -22 -1
right_child=2 -3 3 -5 -6 6 -8 8 -10 19 11 12 -14 -15 -16 -17 18 -19 -20 20 23 22 -24 24 -26 26 -28 -29 -30 -31
leaf_value=3.629419381065727e-05 4.8330535208462561e-07 0.00074429757577868612 -0.00027775245426521413 0 9.8424707932896175e-05 -0.00024305386633671994 0 0 -8.6899919789452145e-05 -3.5365560640613159e-06 0 0.000383906895256491 0 0 0 0 -3.0539754092704689e-05 0.00012190547695479772 0 0 0.00013182483044057549 -6.9243702311756915e-05 0 0 -7.0537890609102762e-05 0 8.8443085170958387e-05 -4.9545444772406023e-06 0 0
leaf_weight=217 13434 64 52 51 70 50 59 52 160 1106 944 56 141 131 57 51 659 86 561 217 80 436 74 279 219 133 107 504 529 1239
leaf_count=217 13434 64 52 51 70 50 59 52 160 1106 944 56 141 131 57 51 659 86 561 217 80 436 74 279 219 133 107 504 529 1239
internal_value=6.89418e-07 3.04868e-05 -1.57978e-06 -0.000148924 0 -2.26054e-06 -0.00011331 -5.64367e-07 -4.60016e-05 0 1.74758e-06 1.75735e-05 6.39717e-05 0.000109257 0.000176057 0.000244711 0 1.63442e-06 -1.4902e-05 -8.05191e-06 -1.50419e-05 -3.81505e-05 -5.53325e-05 -1.49474e-06 -2.77906e-05 3.79932e-07 3.91151e-05 5.79714e-06 2.28853e-05 2.69326e-06
internal_weight=21818 1699 20119 103 1635 1565 109 20016 212 19804 16120 1380 436 295 164 107 14740 13520 1220 3684 2338 727 510 1611 498 1346 240 1113 609 1456
internal_count=21818 1699 20119 103 1635 1565 109 20016 212 19804 16120 1380 436 295 164 107 14740 13520 1220 3684 2338 727 510 1611 498 1346 240 1113 609 1456
is_linear=0
shrinkage=0.05


Tree=282
num_leaves=31
num_cat=0
split_feature=2 42 3 35 126 4 126 14 3 6 35 30 43 103 141 122 103 103 138 83 141 21 61 59 14 90 105 92 136 138
split_gain=0.000671356 0.0113411 0.00026824 0.00357414 0.000107542 0.000451365 0.000159052 0.00113016 0.00106074 0.000967155 8.21154e-05 0.000154059 0.000259394 0.00035554 0.000370315 0.000647281 0.000264265 0.000211627 0.000161492 0.00015072 0.000200504 0.000303617 0.000251513 0.000142283 0.00016983 0.000129311 0.000604555 0.000715583 0.000679743 0.000174564
threshold=0.048280649000000009 0.18500000000000003 0.66968249400000013 274.06254615000006 2.5000000000000004 0.0018303560000000002 8.5000000000000018 0.016527993000000001 0.13177609650000002 0.0071097222222222239 285.90102335000006 -2.091428571428573 0.34550000000000003 1691.1500000000003 37.490000000000002 13.500000000000002 1655.8000000000004 931.00000000000011 5.955000000000001 16.750000000000004 27.980000000000004 0.35416666666666669 1053.7500000000002 9.9423000000000012 0.020612574500000005 28.230612244897959 18.500000000000004 15.150000000000004 0.21500000000000002 6.4750000000000005
decision_type=2 2 2 2 2 2 2 2 2 2 2 2 2 2 2 2 2 2 2 2 2 2 2 2 2 2 2 2 2 2
left_child=2 -2 4 -4 5 -1 7 9 -9 -6 25 19 13 14 23 -16 17 -14 -19 -12 -21 -22 -23 -13 -25 -8 -27 28 -28 -30
right_child=1 -3 3 -5 6 -7 10 8 -10 -11 11 12 16 -15 15 -17 -18 18 -20 20 21 22 -24 24 -26 26 27 -29 29 -31
leaf_value=0 0.00067084075923247097 -0.00029447078735130597 0.00041063340009714019 -0.0001116111450283458 -5.6972442941930661e-06 0.00012584980243717702 0 -2.7089579887626816e-05 -0.00028619864858742599 0.00016950253094851072 0 0 0 -8.0752014342161307e-06 0 0.00022560278234803785 0 -0.00013485055041183961 0 0 0 0 -9.937246582527619e-05 0 0.00010386472322479253 -1.3407898256181418e-06 0.00024284385127900572 0 0 7.0931352533190996e-05
leaf_weight=215 54 60 51 66 528 86 15263 238 68 85 583 429 103 566 50 69 504 105 118 398 176 87 285 145 85 963 86 141 81 130
leaf_count=215 54 60 51 66 528 86 15263 238 68 85 583 429 103 566 50 69 504 105 118 398 176 87 285 145 85 963 86 141 81 130
internal_value=6.70597e-07 0.000121161 0 7.52118e-05 -3.78764e-07 2.87435e-05 -1.02679e-06 -2.13682e-05 -0.000101701 1.06895e-05 0 -6.83791e-06 0 1.52883e-05 3.86925e-05 0.000127298 -2.00515e-05 -5.51555e-05 -8.24796e-05 -1.9103e-05 -3.1424e-05 -5.11506e-05 -7.67195e-05 1.49481e-05 4.6672e-05 1.38788e-06 1.5921e-05 6.51795e-05 0.000110733 3.24099e-05
internal_weight=21818 114 21704 117 21587 301 21286 919 306 613 20367 3703 2174 1344 778 119 830 326 223 1529 946 548 372 659 230 16664 1401 438 297 211
internal_count=21818 114 21704 117 21587 301 21286 919 306 613 20367 3703 2174 1344 778 119 830 326 223 1529 946 548 372 659 230 16664 1401 438 297 211
is_linear=0
shrinkage=0.05


Tree=283
num_leaves=31
num_cat=0
split_feature=126 14 2 98 3 5 5 34 115 5 137 119 101 65 116 35 30 43 120 49 25 120 2 103 84 117 88 138 116 50
split_gain=0.000589797 0.0139063 0.000799156 0.000624333 0.000292036 0.000792691 0.000146664 0.000268261 0.000106826 0.000105831 0.000269693 0.0002333 0.000163607 9.74272e-05 0.000484397 8.18654e-05 0.000137685 0.000225504 0.000305493 0.000418318 0.000467312 0.000219629 0.000155919 0.000134934 0.000121807 0.000119327 0.0001174 9.92167e-05 0.000207624 0.000534204
threshold=10.500000000000002 0.063300284000000012 0.048280649000000009 -0.99999999999999967 0.25403659950000007 12.675000000000002 41.090000000000011 -0.97585650807874835 11.850000000000003 0.14500000000000005 0.78000000000000014 10.750000000000002 -3.7197254000000153 5.2500000000000009 289.21438720000009 285.90102335000006 -1.8471428571428581 0.34550000000000003 267.53999680000004 974.75000000000011 16.500000000000004 265.43303845000008 2.4300000000000005e-06 931.00000000000011 14.350000000000003 1.3500000000000003 47.13750000000001 10.875000000000002 267.42716360000003 1016.5500000000001
decision_type=2 2 2 2 2 2 2 2 8 2 2 10 2 2 10 2 2 2 10 2 2 10 2 2 2 8 2 2 8 2
left_child=1 4 6 -4 5 9 13 -8 -9 -1 11 -11 -13 14 -2 27 22 18 -18 20 -20 -19 -17 -23 -25 26 -24 -15 -29 -30
right_child=2 -3 3 -5 -6 -7 7 8 -10 10 -12 12 -14 15 -16 16 17 21 19 -21 -22 23 25 24 -26 -27 -28 28 29 -31
leaf_value=-6.2057894437036395e-06 0 0.00077041069110073005 -0.00026049661929889383 0 0.00010464962781099985 -0.00014307004634061667 0 0 -0.00011800921997185449 0 0 0.00011240985820011895 0 -3.9197887556943515e-07 0.00016852125297637209 -1.1514906919783668e-06 -2.167645352108003e-06 0 0.00018523442298935171 0 1.2708627546529069e-05 0 -5.9390533625012287e-05 -8.1584499467018306e-05 0 0 0 -2.4299340095934127e-05 7.9197041222521742e-05 1.8058491791109854e-06
leaf_weight=726 388 60 52 52 63 97 52 69 93 80 322 150 51 14013 50 1107 588 352 93 270 206 96 432 220 57 173 51 227 313 1315
leaf_count=726 388 60 52 52 63 97 52 69 93 80 322 150 51 14013 50 1107 588 352 93 270 206 96 432 220 57 173 51 227 313 1315
internal_value=5.91295e-07 3.04765e-05 -1.44731e-06 -0.000139238 0 -4.52286e-06 -4.81851e-07 -4.15593e-05 -7.99538e-05 1.92988e-06 1.99973e-05 5.69859e-05 8.61445e-05 0 2.32535e-05 -5.63188e-07 -7.4605e-06 0 1.56522e-05 4.28106e-05 8.34757e-05 -1.96407e-05 -1.76117e-05 -4.70843e-05 -6.47759e-05 -3.7734e-05 -5.04892e-05 7.06467e-07 1.1694e-05 1.9794e-05
internal_weight=21818 1549 20269 104 1489 1426 20165 214 162 1329 603 281 201 19951 438 19513 3645 1882 1157 569 299 725 1763 373 277 656 483 15868 1855 1628
internal_count=21818 1549 20269 104 1489 1426 20165 214 162 1329 603 281 201 19951 438 19513 3645 1882 1157 569 299 725 1763 373 277 656 483 15868 1855 1628
is_linear=0
shrinkage=0.05


Tree=284
num_leaves=31
num_cat=0
split_feature=19 101 0 83 123 14 118 111 15 32 61 1 44 11 138 77 0 92 91 91 43 43 0 92 84 51 120 56 133 85
split_gain=0.000612574 0.010686 0.000228937 0.0033099 0.000101608 0.000166138 0.000349338 0.000260519 0.000162376 0.000348615 0.0001377 0.000310279 0.000127158 0.000150173 0.000117115 0.000146807 0.00012104 0.000160899 7.53536e-05 0.000232693 0.000538272 0.000148101 0.000291047 0.000208687 0.000146779 0.000116797 0.000195903 8.26688e-05 0.000650926 0.000379374
threshold=0.018424285714285716 -0.33211214999997191 0.41135000000000005 18.950000000000003 0.91597561503675362 0.034794985500000007 5.8500000000000005 12.050000000000002 0.0045729166666666678 9.1500000000000004 65.15000000000002 0.051499178000000007 572.50000000000011 0.0038184861597222223 12.310000000000002 267.19515085000006 0.019050000000000004 9.5500000000000025 27.750000000000004 26.050000000000004 0.39050000000000007 0.31950000000000006 0.019050000000000004 9.8500000000000032 1.9500000000000006 224.50000000000003 269.78787705000008 -6.398672199999992 87.815000000000012 263.93243280000007
decision_type=2 2 2 2 2 2 10 10 2 2 2 2 2 2 2 2 2 2 2 2 2 2 2 2 2 2 10 2 2 2
left_child=2 -2 4 -4 10 8 -7 -8 12 -10 11 -1 -6 14 15 -14 -17 -18 19 27 -21 24 -23 25 -20 26 -24 28 -12 -29
right_child=1 -3 3 -5 5 6 7 -9 9 -11 18 -13 13 -15 -16 16 17 -19 21 20 -22 22 23 -25 -26 -27 -28 29 -30 -31
leaf_value=0 0.00068566259225561095 -0.00025647754324689654 -0.00011238046779963593 0.0003887347942975983 0 0 -0.00017596810535006367 0 0 0.00014483081860188659 -2.1522223086870347e-06 0.00010833713724518171 0 2.5796149329478645e-05 0 -1.8114113716898372e-05 -0.00012600658602029337 0 4.8776750043497229e-05 4.8429733525293125e-06 0.00019456873170936746 0 0 0 -1.6858962738518784e-06 0 -0.00017493703172779838 0.00013037469649874366 -0.00016830504651002006 1.502814642682716e-06
leaf_weight=415 50 64 65 52 1262 115 69 98 66 54 6454 95 257 50 81 473 126 67 155 437 50 736 66 127 457 50 83 58 60 9626
leaf_count=415 50 64 65 52 1262 115 69 98 66 54 6454 95 257 50 81 473 126 67 155 437 50 736 66 127 457 50 83 58 60 9626
internal_value=5.339e-07 0.000115633 0 6.93715e-05 -4.5555e-07 -9.6214e-06 -4.76624e-05 -9.50011e-05 -3.14819e-06 4.82881e-05 6.00221e-07 2.62103e-05 -7.99093e-06 -2.10134e-05 -2.8343e-05 -3.45053e-05 -4.69001e-05 -9.12179e-05 0 9.01638e-07 3.49267e-05 -1.02161e-05 -2.25297e-05 -6.22509e-05 2.99679e-06 -9.45754e-05 -0.000117782 0 -4.4757e-06 2.80431e-06
internal_weight=21818 114 21704 117 21587 2718 282 167 2436 120 18869 510 2316 1054 1004 923 666 193 18359 16685 487 1674 1062 326 612 199 149 16198 6514 9684
internal_count=21818 114 21704 117 21587 2718 282 167 2436 120 18869 510 2316 1054 1004 923 666 193 18359 16685 487 1674 1062 326 612 199 149 16198 6514 9684
is_linear=0
shrinkage=0.05


Tree=285
num_leaves=31
num_cat=0
split_feature=99 128 1 42 2 42 126 11 134 9 44 112 9 99 13 35 77 140 119 13 13 54 138 91 69 141 120 120 24 44
split_gain=0.000335044 0.00445965 0.00032502 0.00253606 0.000316902 0.00338798 0.000148212 0.00254757 0.000219062 0.000206673 0.000501131 0.000128026 0.000146695 0.000105884 0.00013418 0.000104664 0.000150633 0.000176902 7.26081e-05 0.000160525 0.000145404 0.000148529 0.000123533 0.000199035 0.000229738 8.90348e-05 0.000169399 8.73564e-05 8.22347e-05 0.000223856
threshold=4.1499999999999782 9.002885603650439 0.61966513750000007 0.23500000000000001 0.048280649000000009 0.18500000000000003 10.500000000000002 0.0054437020069444458 6.8250000000000011 0.84444444444444466 1247.5000000000002 274.57387335000004 0.037638888888888895 1.4500000000000457 0.0014273235555555556 271.6104166500001 272.21754090000007 35.630000000000003 2.7500000000000004 0.0040352463333333342 0.0029774413125000006 0.025000000000000005 4.6250000000000009 7.2500000000000009 274.51665775000009 22.965000000000003 275.25081700000004 280.23447000000004 32.850000000000009 1347.5000000000002
decision_type=2 2 2 2 2 2 2 2 2 2 2 10 2 2 2 2 2 2 8 2 2 2 2 2 2 2 10 10 2 2
left_child=2 -2 4 -4 6 -6 7 8 11 -10 -11 -1 -13 -14 -15 -3 17 -17 19 -8 28 22 -22 -24 -25 26 -23 -27 29 -20
right_child=1 15 3 -5 5 -7 18 -9 9 10 -12 12 13 14 -16 16 -18 -19 20 -21 21 25 23 24 -26 27 -28 -29 -30 -31
leaf_value=0 0.00047978292110201443 -3.3922866136140103e-05 0.00034239012708942604 -8.5842858815478892e-05 0.00013692037846546023 -0.00038169210940842491 -3.3149579961262919e-06 -0.00028530918172538195 0 0 0.0001600780122622382 0 0 -0.00011081177163660426 0 0 0 0.00012272514442234489 0 -9.509084783864334e-05 0 0 0 0.00012231507378429514 0 0 9.0750661655814241e-05 -6.9564334325168244e-05 -1.0508873104179365e-06 5.5944161282967957e-05
leaf_weight=63 51 205 56 58 52 56 1498 82 699 221 74 72 60 136 64 80 118 55 864 59 141 324 52 142 78 467 74 50 15589 238
leaf_count=63 51 205 56 58 52 56 1498 82 699 221 74 72 60 136 64 80 118 55 864 59 141 324 52 142 78 467 74 50 15589 238
internal_value=0 4.01186e-05 -8.87765e-07 8.2187e-05 -1.57564e-06 -8.71529e-05 -8.9484e-07 -1.62225e-05 0 1.23745e-05 4.75425e-05 -3.15945e-05 -4.63489e-05 -6.43892e-05 -8.18568e-05 0 9.84208e-06 5.4313e-05 2.29113e-09 -1.00607e-05 1.1498e-06 1.70718e-05 4.28077e-05 6.25317e-05 8.41533e-05 0 2.20605e-05 -7.40551e-06 0 1.30683e-05
internal_weight=21778 509 21269 114 21155 108 21047 1471 1389 994 295 395 332 260 200 458 253 135 19576 1557 18019 1328 413 272 220 915 398 517 16691 1102
internal_count=21778 509 21269 114 21155 108 21047 1471 1389 994 295 395 332 260 200 458 253 135 19576 1557 18019 1328 413 272 220 915 398 517 16691 1102
is_linear=0
shrinkage=0.05


Tree=286
num_leaves=31
num_cat=0
split_feature=2 123 0 54 103 6 112 129 22 115 126 90 128 91 51 124 0 129 103 141 82 123 160 141 13 116 11 30 36 15
split_gain=0.000311215 0.0125252 0.000214357 0.00268238 0.000119195 0.000689971 0.00111162 0.000289469 0.000262664 0.000332063 0.000319505 0.000365621 0.000746817 0.000228998 0.000236737 0.000183224 0.000634184 0.000145061 0.000335046 0.000513784 0.000561534 0.000401611 0.00027475 0.000339066 0.000284333 0.000515612 0.00125399 0.000544889 0.000225041 0.000270212
threshold=0.048280649000000009 0.25881904510252091 0.41135000000000005 0.045000000000000005 1166.7500000000002 0.020815277777777783 276.83696215000003 4.5000000000000009 4.5000000000000009 8.8500000000000032 21.500000000000004 22.974489795918373 11.126016926949577 15.750000000000002 351.50000000000006 -0.12940952255126037 0.037550000000000007 5.5000000000000009 1691.1500000000003 38.640000000000008 20.514000000000006 0.25881904510252091 0.044948979591836739 24.465000000000003 0.00089877095138888902 275.27390410000004 0.0011620118055555558 -3.3042857142857134 283.73129480000006 3.2291666666666675e-05
decision_type=2 2 2 2 2 2 10 2 2 10 2 2 2 2 2 2 2 2 2 2 2 2 2 2 2 8 2 2 2 2
left_child=2 -2 4 -4 5 7 -7 8 9 -1 11 -11 -13 14 -9 16 -15 -6 19 20 -19 -21 24 28 -20 26 -26 -28 29 -24
right_child=1 -3 3 -5 17 6 -8 13 -10 10 -12 12 -14 15 -16 -17 -18 18 22 21 -22 -23 23 -25 25 -27 27 -29 -30 -31
leaf_value=-2.6326244751344244e-07 -0.00032815021279888109 0.00070138171509218723 0.00036305521380948936 -8.7251316559338715e-05 -3.1010776569241562e-06 -0.00023039774146551889 0 0 0 0 0 0.00025059885462077691 0 -2.217640255846734e-05 0.00011515489995400895 -3.9396119937071591e-06 -0.00020243242937388489 0.0001466022002551582 -2.9054021095296803e-06 0.00020709946296060605 4.5297450178414047e-07 0 0 0 0.00029773972758843198 0 0.00016023271331954068 6.2009052602502578e-06 0 -0.00013196701596984438
leaf_weight=90 64 50 50 65 9539 89 102 101 1773 90 97 82 73 784 53 1045 65 75 2942 73 1131 59 51 759 52 1411 74 697 94 148
leaf_count=90 64 50 50 65 9539 89 102 101 1773 90 97 82 73 784 53 1045 65 75 2942 73 1131 59 51 759 52 1411 74 697 94 148
internal_value=0 8.20931e-05 -3.73429e-07 6.68727e-05 -9.67404e-07 -8.36017e-06 -0.000102022 -2.95549e-06 8.12738e-06 4.30472e-05 6.89895e-05 9.94147e-05 0.000146439 -1.73263e-05 2.83108e-05 -2.36886e-05 -4.20812e-05 6.6137e-07 6.06551e-06 2.88592e-05 1.37983e-05 0.000127729 3.62052e-07 -2.19877e-05 5.87372e-06 1.96684e-05 5.11237e-05 2.76499e-05 -6.79322e-05 -9.7963e-05
internal_weight=21778 114 21664 115 21549 4444 191 4253 2205 432 342 245 155 2048 154 1894 849 17105 7566 1338 1206 132 6228 1052 5176 2234 823 771 293 199
internal_count=21778 114 21664 115 21549 4444 191 4253 2205 432 342 245 155 2048 154 1894 849 17105 7566 1338 1206 132 6228 1052 5176 2234 823 771 293 199
is_linear=0
shrinkage=0.05


Tree=287
num_leaves=31
num_cat=0
split_feature=98 2 2 61 6 61 2 0 56 119 22 142 21 34 30 136 59 142 135 103 49 49 119 85 136 142 136 85 77 90
split_gain=0.000338327 0.00496281 0.000665724 0.000153529 0.00136541 0.000852405 0.0001773 0.000163264 0.000147909 0.000389122 0.0010132 0.000148539 0.000252765 0.000131914 0.000261815 0.000270453 8.77423e-05 0.00013749 0.000354614 0.000310044 0.000286088 0.000262092 0.000384835 0.000466182 0.000182548 0.000301844 0.000271082 0.000220854 0.000144403 0.000397968
threshold=-6.5999999999999952 0.018264717500000003 0.048280649000000009 136.65000000000003 0.022136805555555559 144.10000000000005 0.0028720645000000007 0.074950000000000003 -5.3481163499999687 15.850000000000003 6.5000000000000009 735.72146879553509 0.39583333333333343 -0.23351571650707595 -1.6557142857142841 0.48500000000000004 7.2054500000000017 603.31303514627041 16.930000000000003 1284.4500000000003 982.45000000000016 960.95000000000016 11.050000000000002 263.83999545000006 0.32500000000000007 287.06281940685307 1.8450000000000002 275.09064380000007 267.76936050000006 16.352040816326536
decision_type=2 2 2 2 2 2 2 2 2 10 2 2 2 2 2 2 2 2 2 2 2 2 8 2 2 2 2 2 2 2
left_child=1 8 3 4 6 -5 7 -2 9 11 -11 -1 -13 -10 -15 -16 -7 19 28 24 21 -20 23 -23 -18 -26 27 -27 -19 -30
right_child=2 -3 -4 5 -6 16 -8 -9 13 10 -12 12 -14 14 15 -17 17 18 20 -21 -22 22 -24 -25 25 26 -28 -29 29 -31
leaf_value=0 -8.2131460442616717e-07 0.00049675530828711283 -0.00013355501754012573 0.00017917076692121941 -0.00022603582927840764 2.0089574680246152e-06 -7.500359472539423e-05 7.2743277275324762e-05 2.4335644381506057e-06 0.00026022982688777245 0 0.00013438853257477084 0 0 -0.00014170530820976354 0 0 -2.7885573183083568e-05 0 -4.4876442916456092e-06 0 0 0 0.00015192373346291702 0 -0.00016111439052708324 0 0 5.7996024045722463e-05 -8.3911974931147877e-06
leaf_weight=927 1047 52 96 65 74 9652 78 76 1041 57 110 55 111 243 82 87 151 522 102 4706 135 75 91 188 143 139 60 66 268 1279
leaf_count=927 1047 52 96 65 74 9652 78 76 1041 57 110 55 111 243 82 87 151 522 102 4706 135 75 91 188 143 139 60 66 268 1279
internal_value=0 1.6403e-05 -2.31158e-06 -1.37422e-06 -1.81328e-05 0 -9.85682e-07 0 5.17418e-06 1.84671e-05 9.11153e-05 2.72363e-06 4.76679e-05 -2.91904e-06 -2.85231e-05 -7.63329e-05 -8.35434e-07 -4.93032e-06 2.96725e-06 -9.86965e-06 3.82092e-05 5.87898e-05 7.93412e-05 0.000110042 -4.61612e-05 -6.35088e-05 -9.50714e-05 -0.000122315 -4.69756e-06 0
internal_weight=21778 2765 19013 18917 1275 17642 1201 1123 2713 1260 167 1093 166 1453 412 169 17577 7925 2660 5265 591 456 354 263 559 408 265 205 2069 1547
internal_count=21778 2765 19013 18917 1275 17642 1201 1123 2713 1260 167 1093 166 1453 412 169 17577 7925 2660 5265 591 456 354 263 559 408 265 205 2069 1547
is_linear=0
shrinkage=0.05


Tree=288
num_leaves=31
num_cat=0
split_feature=98 2 2 138 114 142 111 61 11 112 61 0 0 24 100 0 106 134 35 105 77 15 105 43 61 43 16 137 101 128
split_gain=0.000311083 0.00448449 0.00060052 0.000173645 0.000750433 0.000920396 0.00157634 0.00014142 0.00124298 0.0014324 0.000770818 0.000298644 0.000304092 8.70241e-05 0.000352623 0.000237521 7.97089e-05 0.000165367 0.000320419 0.000247334 0.000494669 0.000563083 0.000207203 0.000208596 0.000186655 0.000169489 0.000158898 0.000172176 0.000204058 0.000502467
threshold=-6.5999999999999952 0.018264717500000003 0.048280649000000009 4.8150000000000004 23.950000000000003 193.38585785282802 7.9500000000000011 136.65000000000003 0.0040165472500000013 276.83696215000003 144.10000000000005 0.074950000000000003 0.028450000000000003 60.550000000000004 6.5499999999999554 0.086200000000000013 23.150000000000002 6.6000000000000005 280.08453685000006 13.500000000000002 280.38150855000009 0.00051458333333333358 28.500000000000004 0.36150000000000004 1199.3500000000001 0.41650000000000004 1.7500000000000002 0.25500000000000006 -12.723865099999982 9.6208261879912076
decision_type=2 2 2 2 10 2 10 2 2 10 2 2 2 2 2 2 2 2 2 2 2 2 2 2 2 2 2 2 2 2
left_child=1 3 7 4 13 -6 -7 8 11 -10 -9 12 -2 14 -1 -15 -12 18 22 24 21 -21 23 -18 -20 -25 27 -19 29 -29
right_child=2 -3 -4 -5 5 6 -8 10 9 -11 16 -13 -14 15 -16 -17 17 26 19 20 -22 -23 -24 25 -26 -27 -28 28 -30 -31
leaf_value=-1.3935041725467259e-06 0 0.00047238617794168676 -0.00012694611215292097 -2.2098060650466214e-06 0 0 0.00035323927683867111 0.00017034797420626891 -0.00035868839019994171 0 1.3728735087656594e-06 9.9778969644750539e-05 -8.5318890942927966e-05 0 0.00012453314061962087 -0.00011604223203062247 0 2.7905144349588683e-05 0 0.00024042723847673205 0 0 0 -0.0001157491166734353 -7.9058690263773319e-05 0 -1.8406679274410869e-05 0.0001777610289691775 -4.3329815735512633e-06 0
leaf_weight=508 978 52 96 1714 165 59 68 65 54 63 11203 67 113 84 56 59 69 604 127 50 307 50 269 213 124 106 1053 53 3193 156
leaf_count=508 978 52 96 1714 165 59 68 65 54 63 11203 67 113 84 56 59 69 604 127 50 307 50 269 213 124 106 1053 53 3193 156
internal_value=0 1.56986e-05 -2.24744e-06 4.93214e-06 2.21757e-05 8.98964e-05 0.000190985 -1.34364e-06 -1.74311e-05 -0.000172104 0 0 -7.98419e-06 0 2.45858e-06 -3.85632e-05 -8.20338e-07 -5.45907e-06 -2.14035e-05 0 2.72825e-05 0.000123495 -4.61911e-05 -7.029e-05 -3.53355e-05 -8.73824e-05 -3.23031e-07 3.18595e-06 0 4.63002e-05
internal_weight=21778 2765 19013 2713 999 292 127 18917 1275 117 17642 1158 1091 707 564 143 17577 6374 1315 658 407 100 657 388 251 319 5059 4006 3402 209
internal_count=21778 2765 19013 2713 999 292 127 18917 1275 117 17642 1158 1091 707 564 143 17577 6374 1315 658 407 100 657 388 251 319 5059 4006 3402 209
is_linear=0
shrinkage=0.05


Tree=289
num_leaves=31
num_cat=0
split_feature=120 2 2 155 41 138 10 15 11 61 49 104 136 94 74 73 128 23 74 105 88 83 123 25 47 93 49 142 18 50
split_gain=0.000296048 0.0127072 0.00365594 0.00175093 0.000572158 0.00374713 0.00135608 0.000200726 0.000240062 0.000451737 9.78892e-05 8.79789e-05 8.25212e-05 0.000294194 0.000288011 0.000252101 0.00018209 0.000136759 0.000376536 0.000687828 0.000128568 0.000421384 0.000245136 0.000351944 0.000265972 0.000462746 0.000405592 0.000839053 0.000240436 0.000238938
threshold=284.74030595000005 0.012603033500000001 0.048280649000000009 0.031414473684210534 62.500000000000007 5.5950000000000006 40.520000000000003 0.0045729166666666678 0.0022207533611111117 96.500000000000014 968.35000000000002 3.850000000000001 0.97500000000000009 24.500000000000004 32.550000000000004 39.250000000000007 10.914440816849369 18.415277777777785 25.978571428571435 16.500000000000004 27.987500000000004 20.350000000000005 -0.5 16.500000000000004 58.500000000000007 265.60320865000006 944.75000000000011 444.84827165248538 0.087452083333333347 1008.6500000000002
decision_type=10 2 2 2 2 2 2 2 2 2 2 2 2 2 2 2 2 2 2 2 2 2 2 2 2 2 2 2 2 2
left_child=2 4 12 -4 6 -6 7 8 11 -10 -7 -2 17 14 15 -14 -16 18 -1 -20 21 29 24 -24 25 26 -22 -28 -25 -19
right_child=1 -3 3 -5 5 10 -8 -9 9 -11 -12 -13 13 -15 16 -17 -18 20 19 -21 22 -23 23 28 -26 -27 27 -29 -30 -31
leaf_value=0 -2.2207650004302379e-05 0.00076796868937096662 -0.00051117460201986927 0 0.00039589645610579866 0 -0.00024733665652308711 -7.2620161986330795e-05 0.00014410906560240416 0 -7.5527329945110808e-05 0 -7.5232497436947499e-06 4.0362423642651976e-05 -7.9941073764953698e-05 7.069563311404181e-05 0 6.9270424952052448e-05 0 0.00024192014347905715 0 0.00014902568819280759 -3.1916354743344885e-05 2.2108133262327722e-06 -4.5015006679299007e-06 0 2.423044429476395e-05 0.00030750134803873575 -8.0967010390142806e-05 1.0612404750075401e-06
leaf_weight=820 543 54 51 53 65 50 58 94 80 291 83 790 4747 291 231 95 80 136 151 51 68 51 1511 2266 1287 625 161 51 89 6855
leaf_count=820 543 54 51 53 65 50 58 94 80 291 83 790 4747 291 231 95 80 136 151 51 68 51 1511 2266 1287 625 161 51 89 6855
internal_value=0 1.78192e-05 -1.89264e-06 -0.00029617 0 7.80111e-05 -1.0868e-05 -3.27384e-07 7.683e-07 3.85496e-05 -4.18281e-05 -6.01986e-06 -5.78639e-08 -5.51911e-06 -9.08758e-06 -4.9419e-06 -5.73839e-05 1.69364e-06 1.93342e-05 8.07523e-05 0 4.90065e-06 -5.01317e-06 -1.30677e-05 6.91193e-06 2.86488e-05 8.22389e-05 0.000116974 0 3.11297e-06
internal_weight=21778 2108 19670 104 2054 198 1856 1798 1704 371 133 1333 19566 5444 5153 4842 311 14122 1022 202 13100 7042 6058 3866 2192 905 280 212 2355 6991
internal_count=21778 2108 19670 104 2054 198 1856 1798 1704 371 133 1333 19566 5444 5153 4842 311 14122 1022 202 13100 7042 6058 3866 2192 905 280 212 2355 6991
is_linear=0
shrinkage=0.05


Tree=290
num_leaves=31
num_cat=0
split_feature=2 120 99 4 95 105 99 61 6 121 4 61 8 118 6 89 90 102 28 132 81 83 73 94 43 93 94 138 68 137
split_gain=0.000244415 0.00293811 0.0018798 0.000136952 0.00251972 0.000226755 0.000231956 0.000182496 0.000895498 0.000181355 0.000192562 0.000131455 0.000476829 8.62721e-05 0.000193395 0.000365554 0.000310971 0.000338979 0.000305976 0.000170114 0.000482881 0.000103963 0.000684793 0.000102598 0.0001928 0.000100096 9.541e-05 9.12055e-05 0.000253327 0.0010037
threshold=0.026435467500000004 284.52350975000007 1.0999999999999661 0.034660335500000007 6.5000000000000009 44.500000000000007 0.75000000000000011 168.10000000000002 0.022136805555555559 1.4500000000000002 0.0055734105000000006 77.200000000000017 0.018776573640196279 20.650000000000002 0.0059791666666666665 41.750000000000007 32.26530612244899 -1.7000000000000002 25.850000000000005 5.5000000000000009 45.750000000000007 19.150000000000002 35.95000000000001 17.500000000000004 0.42850000000000005 268.24224785000007 20.500000000000004 12.310000000000002 0.35000000000000009 0.33000000000000007
decision_type=2 8 2 2 2 2 2 2 2 10 2 2 2 10 2 2 2 2 2 2 2 2 2 2 2 2 2 2 2 2
left_child=3 2 -2 7 5 6 -5 8 9 11 -11 12 -1 27 21 23 17 -17 -19 20 -20 22 -15 24 25 -16 -25 -9 -29 -30
right_child=1 -3 -4 4 -6 -7 -8 13 -10 10 -12 -13 -14 14 15 16 -18 18 19 -21 -22 -23 -24 26 -26 -27 -28 28 29 -31
leaf_value=0 0 0.00013140603934327073 -0.0004281814705203336 0 0.00033665502812302869 0 -0.00016134430902585496 -1.7230034916154606e-06 -0.00016899919689501039 -8.9464600304012161e-07 -0.00013722542233433787 -8.952737985597535e-06 0.0001153380449684644 0 0 0 0 0 0.00020457510947849021 7.9266946945569761e-06 0 -8.817267640229998e-06 0.00013639952348894441 -7.8089694436893762e-05 8.9769408555487957e-05 -5.5582193448639442e-05 0 0 0.00024604770424246626 0
leaf_weight=516 79 95 59 58 56 57 50 14157 91 255 51 1047 107 1152 170 82 279 69 134 116 61 1432 99 80 59 80 66 1067 54 122
leaf_count=516 79 95 59 58 56 57 50 14157 91 255 51 1047 107 1152 170 82 279 69 134 116 61 1432 99 80 59 80 66 1067 54 122
internal_value=-3.19247e-07 -5.11935e-05 -0.000212908 8.98321e-10 3.92348e-05 -3.30072e-05 -8.28252e-05 -1.72894e-07 -1.44777e-05 -4.75058e-06 -4.02761e-05 0 1.98002e-05 1.10213e-06 7.83179e-06 2.45507e-05 4.69405e-05 7.21822e-05 9.24982e-05 0.000113577 0.000150555 0 1.08908e-05 -9.70773e-07 2.20898e-06 0 -4.16834e-05 -2.68703e-07 1.22637e-05 6.80815e-05
internal_weight=21800 233 138 21567 221 165 108 21346 2067 1976 306 1670 623 19279 3879 1196 741 462 380 311 195 2683 1251 455 309 250 146 15400 1243 176
internal_count=21800 233 138 21567 221 165 108 21346 2067 1976 306 1670 623 19279 3879 1196 741 462 380 311 195 2683 1251 455 309 250 146 15400 1243 176
is_linear=0
shrinkage=0.05


Tree=291
num_leaves=31
num_cat=0
split_feature=126 19 0 126 142 115 75 13 91 2 14 120 9 15 6 116 15 138 33 116 23 92 133 36 43 14 59 134 100 116
split_gain=0.000220627 0.00194226 0.000340088 0.00405788 0.000240877 0.000309617 0.000194262 0.00140491 0.0001828 0.000164501 0.000160004 0.000140093 0.000574364 0.000361431 0.000206407 0.000514021 0.000157718 0.000141451 0.00030005 0.000438621 0.000364605 0.000232131 0.000153319 0.00218067 0.000424462 0.00013597 0.000135191 0.000114456 0.000113601 0.000110912
threshold=2.5000000000000004 0.00014714285714285705 0.21365000000000003 21.500000000000004 514.75078376520605 8.1500000000000004 5.2500000000000009 0.0040352463333333342 16.650000000000002 0.048280649000000009 0.025037356000000004 285.56767235000007 1.2295138888888892 0.00036875000000000005 0.0051381944444444461 277.45942545000008 0.00019895833333333335 12.310000000000002 -0.093398781172013792 267.76074860000006 19.341666666666669 5.3500000000000014 88.200000000000003 269.47142150000008 0.34250000000000008 0.014366110000000001 7.1102000000000007 7.410000000000001 6.0999999999999668 270.39503420000005
decision_type=2 2 2 2 2 10 2 2 2 2 2 10 2 2 2 10 2 2 2 10 2 2 2 2 2 2 2 2 2 8
left_child=1 10 6 -4 -5 -6 7 8 -2 11 -1 17 14 -14 16 -16 28 22 19 -19 -21 -22 29 -24 -25 -10 -18 -28 -13 -8
right_child=2 -3 3 4 5 -7 9 -9 25 -11 -12 12 13 -15 15 -17 26 18 -20 20 21 -23 23 24 -26 -27 27 -29 -30 -31
leaf_value=-5.0288797470888069e-06 0 -0.00032566811053388227 0.00045967118057048476 -5.8020408175164658e-05 -1.6501207801764006e-06 8.9343160290010474e-05 -6.6390147022335054e-06 -0.00022818696708303547 0 6.5830302376188106e-05 8.7119869301528307e-05 0 0 -0.00010490708332438696 0.00015169363045462487 0 0 0 -4.8089294053352163e-07 0.00015565128215002473 0 0.00010138093030675648 0.00030180083812008323 0 -0.00016051839028547805 -0.0001200472285184113 -8.0862255007204358e-05 0 6.6016759038932293e-05 2.3490908066737486e-06
leaf_weight=210 1740 50 51 154 128 106 4925 75 107 96 51 345 122 239 76 77 328 247 624 122 255 73 60 54 51 57 150 203 78 10946
leaf_count=210 1740 50 51 154 128 106 4925 75 107 96 51 345 122 239 76 77 328 247 624 122 255 73 60 54 51 57 150 203 78 10946
internal_value=-2.98777e-07 -4.21152e-05 7.56769e-08 4.3765e-05 0 1.84972e-05 -5.99985e-07 -1.56335e-05 -4.52079e-06 6.98617e-07 0 1.02154e-07 -1.3654e-05 -6.92848e-05 0 5.62225e-05 -5.14292e-06 1.67325e-06 1.74416e-05 4.0628e-05 7.06118e-05 2.34067e-05 6.15098e-08 4.80405e-05 -5.12748e-05 -5.48239e-05 -2.30779e-05 -4.45062e-05 1.1925e-05 -1.2527e-07
internal_weight=21800 311 21489 439 388 234 21050 1979 1904 19071 261 18975 1618 361 1257 153 1104 17357 1321 697 450 328 16036 165 105 164 681 353 423 15871
internal_count=21800 311 21489 439 388 234 21050 1979 1904 19071 261 18975 1618 361 1257 153 1104 17357 1321 697 450 328 16036 165 105 164 681 353 423 15871
is_linear=0
shrinkage=0.05


Tree=292
num_leaves=31
num_cat=0
split_feature=2 120 54 119 4 100 134 121 4 52 5 44 139 73 8 49 44 128 120 19 43 100 23 91 101 128 28 73 11 73
split_gain=0.000217182 0.00271577 0.00166747 0.000123123 0.00043655 0.00299086 0.000341646 0.00012636 0.000212285 8.06523e-05 0.00019838 0.00127293 0.000129295 0.000449356 0.000583191 0.00105555 0.000352923 0.000135576 0.000157393 0.000117629 0.000439456 0.000620242 0.00105699 0.000304904 0.000510041 0.000878596 0.000288743 0.000247036 0.000170887 0.000236426
threshold=0.026435467500000004 284.52350975000007 0.055000000000000007 25.550000000000004 0.034660335500000007 3.8000000000000118 8.8750000000000018 1.0500000000000003 0.0055734105000000006 17.500000000000004 29.205000000000002 1427.5000000000002 87.760506709764101 13.950000000000001 0.0090637513184724586 980.05000000000007 1002.5000000000001 9.4838347729937542 268.90538845000009 -0.0023628571428571427 0.38650000000000007 5.5499999999999554 23.443750000000005 24.650000000000002 -7.4676190500000237 9.7218150291155272 34.000000000000007 40.350000000000001 0.0025848098958333337 26.950000000000003
decision_type=2 8 2 10 2 2 2 10 2 2 2 2 2 2 2 2 2 2 10 2 2 2 2 2 2 2 2 2 2 2
left_child=3 2 -2 4 7 -6 -5 9 -9 10 19 -12 17 -14 16 -16 -15 18 -11 20 -1 22 -22 28 25 -25 -26 -28 -21 -30
right_child=1 -3 -4 6 5 -7 -8 8 -10 12 11 -13 13 14 15 -17 -18 -19 -20 23 21 -23 -24 24 26 -27 27 -29 29 -31
leaf_value=-6.4529610991135637e-07 -0.00037747707713112639 0.00012619584305298304 0 -0.00013436652342690536 -4.2793771828418462e-06 0.00040997434439073101 0 -8.5291038533656685e-07 -9.5582942194596412e-05 1.2284607312498069e-06 0 -0.0002696045946789787 -2.1048488491654129e-05 0.00010414145533352122 0 0.00027926707573088709 -1.1438202207431939e-05 7.0997022724397869e-06 -2.4858738848026477e-05 -3.909826449415296e-06 -0.00031388881722655662 1.1917493894815104e-05 -2.3400877139198777e-05 0.00023782290157583165 0 0 9.8314754465128658e-05 0 0 4.333984268533579e-05
leaf_weight=2793 69 95 69 63 160 50 101 565 91 876 310 50 167 78 53 71 211 4764 842 7580 54 76 195 73 989 84 147 80 562 482
leaf_count=2793 69 95 69 63 160 50 101 565 91 876 310 50 167 78 53 71 211 4764 842 7580 54 76 195 73 989 84 147 80 562 482
internal_value=-3.02762e-07 -4.82583e-05 -0.000204369 0 5.4866e-07 7.21313e-05 -4.2737e-05 0 -2.17296e-05 5.25864e-07 -1.46231e-06 -3.81243e-05 5.02709e-06 2.84936e-05 6.06062e-05 0.000154309 2.76647e-06 2.15202e-06 -8.65536e-06 -7.19185e-08 -8.89252e-06 -6.42111e-05 -0.000107402 2.17968e-06 2.42037e-05 0.000112197 8.65145e-06 5.97123e-05 -7.49386e-07 1.73942e-05
internal_weight=21800 233 138 21567 21403 210 164 21193 656 20537 13475 360 7062 580 413 124 289 6482 1718 13115 3118 325 249 9997 1373 157 1216 227 8624 1044
internal_count=21800 233 138 21567 21403 210 164 21193 656 20537 13475 360 7062 580 413 124 289 6482 1718 13115 3118 325 249 9997 1373 157 1216 227 8624 1044
is_linear=0
shrinkage=0.05


Tree=293
num_leaves=31
num_cat=0
split_feature=126 65 0 61 61 6 126 108 2 19 22 142 120 8 98 0 23 46 133 36 83 133 88 73 84 93 15 10 128 135
split_gain=0.000196087 0.00181919 0.000292836 0.00382287 0.000276169 0.00103883 0.000634983 0.00377883 0.00129454 0.000268259 0.000445699 0.000231246 0.000206445 0.000120361 0.000106296 9.68064e-05 0.000184651 8.90948e-05 0.000305899 0.0012228 0.000821601 0.000237212 0.000414437 0.000940001 0.000121254 0.000201573 0.000135162 0.000151891 0.000125691 0.00014874
threshold=2.5000000000000004 34.95000000000001 0.21365000000000003 243.40000000000006 168.10000000000002 0.022697222222222223 10.500000000000002 272.70418720000004 0.048280649000000009 0.0025757142857142806 1.0000000180025095e-35 514.75078376520605 274.50743420000009 0.018776573640196279 -0.80000000000000016 0.074950000000000003 27.509722222222226 13.500000000000002 87.745000000000019 267.02190340000004 12.550000000000002 87.575000000000003 13.512500000000001 18.050000000000004 1.0000000180025095e-35 264.03546560000001 0.00021145833333333338 11.750000000000002 10.158885299192166 6.3150000000000013
decision_type=2 2 2 2 2 2 2 2 2 2 2 2 8 2 2 2 2 2 2 2 2 2 2 2 2 2 2 2 2 2
left_child=1 13 4 -4 5 9 7 -6 17 15 -11 -5 -13 -1 -10 16 -2 21 24 -20 -21 -8 -23 -24 25 26 -19 -28 -26 -30
right_child=2 -3 3 11 6 -7 8 -9 14 10 -12 12 -14 -15 -16 -17 -18 18 19 20 -22 22 23 -25 28 -27 27 -29 29 -31
leaf_value=0 0 -0.00027212517399889566 0.00044900085165611972 -5.7598142018128607e-05 0.00046546564520195168 -0.00021070237667463775 2.4411130710151969e-06 0 -0.00025413877745450014 0 -0.00014341581724703023 8.0727965091427091e-05 0 7.7448415713482905e-05 -1.8052035624063279e-06 5.088276086518398e-05 -5.9231518896769712e-05 0 -0.00027548194433406673 0.00015215414843247534 -0.00011371815618688494 0 0.00026842416582471823 0 7.7581077138638038e-07 0 0.00010391772217127527 0 1.9397022471770874e-05 -1.5681460371750851e-05
leaf_weight=194 1318 67 50 154 50 70 9665 185 53 59 92 88 147 50 56 77 142 80 50 57 54 93 56 136 3985 1457 130 62 215 2908
leaf_count=194 1318 67 50 154 50 70 9665 185 53 59 92 88 147 50 56 77 142 80 50 57 54 93 56 136 3985 1457 130 62 215 2908
internal_value=-3.2863e-07 -3.97335e-05 1.08138e-08 4.05789e-05 -5.99607e-07 -1.97042e-05 8.83089e-07 8.24031e-05 0 -8.70332e-06 -7.24835e-05 -1.13644e-07 1.6455e-05 4.52108e-06 -0.000171149 0 -5.23701e-06 8.66362e-07 -2.39331e-06 -7.08589e-05 0 4.31656e-06 5.02039e-05 9.54112e-05 -5.72333e-07 1.05647e-05 5.05292e-05 7.32279e-05 -3.98582e-06 -1.16606e-05
internal_weight=21800 311 21489 439 21050 1758 19292 235 19057 1688 151 389 235 244 109 1537 1460 18948 8998 161 111 9950 285 192 8837 1729 272 192 7108 3123
internal_count=21800 311 21489 439 21050 1758 19292 235 19057 1688 151 389 235 244 109 1537 1460 18948 8998 161 111 9950 285 192 8837 1729 272 192 7108 3123
is_linear=0
shrinkage=0.05


Tree=294
num_leaves=31
num_cat=0
split_feature=75 13 81 126 19 2 17 126 28 124 119 133 45 19 160 15 83 28 28 11 89 81 69 105 35 77 43 82 49 134
split_gain=0.000186547 0.00146327 0.00348874 0.000252535 0.00288962 0.000600574 0.000265464 0.00281545 0.000226011 0.000249037 0.000335334 0.000217265 0.00212005 0.000141483 0.000505869 0.000106957 0.000164689 0.000377664 0.000150175 9.1474e-05 0.000260037 0.000381991 0.00014249 0.000185337 9.67245e-05 0.000194605 0.000686394 0.000404947 0.000986697 0.000199755
threshold=5.9500000000000011 0.0040352463333333342 13.15 4.5000000000000009 0.0029428571428571394 0.048280649000000009 0.22425000000000003 18.500000000000004 41.500000000000007 1.0000000180025095e-35 13.550000000000002 88.200000000000003 98.500000000000014 0.0028999999999999955 0.013100686498855837 0.00030000000000000008 18.650000000000002 28.700000000000006 29.350000000000005 0.0044942010138888898 35.45000000000001 35.550000000000004 274.66190845000006 16.500000000000004 271.6104166500001 272.7879183500001 0.39950000000000008 20.514000000000006 971.1500000000002 8.6500000000000021
decision_type=2 2 2 2 2 2 2 2 2 2 8 2 2 2 2 2 2 2 2 2 2 2 2 2 2 2 2 2 2 2
left_child=1 13 -3 4 15 6 11 -8 9 10 -9 19 -13 -1 -15 18 17 -17 -2 24 -21 -22 -23 -24 -5 26 -26 28 -28 -29
right_child=3 2 -4 5 -6 -7 7 8 -10 -11 -12 12 -14 14 -16 16 -18 -19 -20 20 21 22 23 -25 25 -27 27 29 -30 -31
leaf_value=0 0 0 -0.00049585086361800615 -4.7328906833375251e-06 -0.00038650558934652795 0.00013071449566585058 0.00038980029754491307 0.00013101007387339238 -4.4788543387527274e-05 0 0 0.00026172582192907903 -7.0130906548125828e-05 0 -0.00017989110878760604 0 1.0671023008013212e-05 -0.00013625335991635345 8.0745182835772957e-05 0 -0.00015378715137841654 2.8168785362241676e-05 0 -7.2639959602483568e-05 0 0 0.0003212795334464038 0 0 5.9111633162046932e-05
leaf_weight=2518 142 59 51 5206 51 91 50 96 179 165 85 78 87 240 50 131 65 75 88 491 76 71 95 145 1283 9474 51 269 69 269
leaf_count=2518 142 59 51 5206 51 91 50 96 179 165 85 78 87 240 50 131 65 75 88 491 76 71 95 145 1283 9474 51 269 69 269
internal_value=-2.96849e-07 -1.22376e-05 -0.000191328 1.28422e-06 -3.13656e-05 2.54188e-06 1.62113e-06 3.51221e-05 0 2.42433e-05 6.739e-05 2.45632e-07 5.7258e-05 -3.37637e-06 -3.64079e-05 0 -1.5167e-05 -4.74865e-05 2.97772e-05 -9.46999e-09 -1.59621e-05 -4.74627e-05 -5.04459e-06 -3.56932e-05 5.33326e-07 3.37326e-06 1.78161e-05 5.9492e-05 0.000154832 2.87024e-05
internal_weight=21800 2918 110 18882 552 18330 18239 575 525 346 181 17664 165 2808 290 501 271 206 230 17499 878 387 311 240 16621 11415 1941 658 120 538
internal_count=21800 2918 110 18882 552 18330 18239 575 525 346 181 17664 165 2808 290 501 271 206 230 17499 878 387 311 240 16621 11415 1941 658 120 538
is_linear=0
shrinkage=0.05


Tree=295
num_leaves=31
num_cat=0
split_feature=99 1 19 61 89 28 19 104 100 95 1 12 128 133 112 135 135 44 99 99 93 27 85 93 118 4 49 17 131 0
split_gain=0.000255291 0.00092303 0.000287218 0.00163661 0.00235483 0.00218567 0.000467236 0.000823537 0.000126242 0.0013406 0.00376135 0.000827952 0.000506633 0.000249263 0.00172913 0.00021154 0.000476527 0.000896981 0.00029503 0.000150649 0.000133584 0.000238288 0.000107158 9.96917e-05 9.77677e-05 0.000199549 0.000206892 0.000330376 0.000163755 8.70195e-05
threshold=4.900000000000035 0.00020410250000000004 0.008150000000000001 204.65000000000006 40.750000000000007 40.000000000000007 0.01497714285714285 18.750000000000011 5.3500000000000236 6.5000000000000009 0.093418596000000007 0.13106182650000003 8.3844366951598737 88.200000000000003 271.90024630000011 13.790000000000001 21.640000000000004 1282.5000000000002 2.9500000000000459 2.5999999999999663 265.24347685000004 1257.2000000000005 273.61032190000003 265.40095535000006 8.5500000000000025 0.00012611850000000002 978.6500000000002 0.035200000000000002 102.46576542186035 0.16045000000000001
decision_type=2 2 2 2 2 2 2 2 2 2 2 2 2 2 8 2 2 2 2 2 2 2 2 2 8 2 2 2 2 2
left_child=2 -2 8 5 6 -4 -5 -8 13 11 -11 12 -10 20 -15 19 17 -17 -19 -14 21 -1 -16 -22 25 -23 27 28 -27 -25
right_child=1 -3 3 4 -6 -7 7 -9 9 10 -12 -13 15 14 22 16 -18 18 -20 -21 23 24 -24 29 -26 26 -28 -29 -30 -31
leaf_value=0.00010981980951626492 0 0.00024018244627679416 -0.00044877002772124145 0 0.00023814355462006159 0 -0.00021107940279277199 0 0.00014116044402475963 0 0.00050128540429096363 -0.00019234723826916451 0 -0.00030868819399284598 6.855596874773158e-05 0 0 0 0.00020002558760196822 -3.7330121781706433e-05 -3.2646596281097901e-05 0 0 -4.2742928932335501e-07 0 0.0001874333637386224 0 0 0 -2.5145151753775233e-05
leaf_weight=60 66 50 50 483 89 63 89 133 68 89 51 52 135 51 56 152 1523 68 109 485 288 474 97 12637 3519 73 213 147 52 389
leaf_count=60 66 50 50 483 89 63 89 133 68 89 51 52 135 51 56 152 1523 68 109 485 288 474 97 12637 3519 73 213 147 52 389
internal_value=0 7.36411e-05 -4.14962e-07 -2.807e-05 0 -0.000205344 -3.3302e-05 -9.3537e-05 5.52434e-07 1.07005e-05 0.000161191 5.84889e-07 6.57655e-06 -7.06651e-07 -5.55317e-05 7.96988e-07 1.11358e-05 6.56229e-05 0.000143463 -2.20027e-05 0 7.32922e-06 0 -2.60183e-06 4.81543e-06 1.90471e-05 4.17506e-05 7.06947e-05 0.000131847 -1.55128e-06
internal_weight=21811 116 21695 907 794 113 705 222 20788 2732 140 2592 2540 18056 204 2472 1852 329 177 620 17852 4538 153 13314 4478 959 485 272 125 13026
internal_count=21811 116 21695 907 794 113 705 222 20788 2732 140 2592 2540 18056 204 2472 1852 329 177 620 17852 4538 153 13314 4478 959 485 272 125 13026
is_linear=0
shrinkage=0.05


Tree=296
num_leaves=31
num_cat=0
split_feature=97 114 126 13 2 0 119 124 73 136 116 22 11 93 116 1 119 17 123 115 77 140 49 85 133 91 15 81 135 43
split_gain=0.000175191 0.000378434 0.000214625 0.005905 0.000858476 0.000232542 0.000618296 0.000191809 0.000208701 0.00012986 0.000382625 0.00212147 0.00036613 0.000756929 0.000193633 0.000428968 9.29137e-05 9.24233e-05 9.93557e-05 8.37003e-05 8.36492e-05 0.000378276 0.00151991 0.000184785 0.000357272 0.000614168 0.000472535 0.00035298 0.000402501 0.000431099
threshold=11.950000000000003 24.650000000000002 12.500000000000002 0.0040704037152777782 0.048280649000000009 0.16045000000000001 14.350000000000003 0.25881904510252057 36.150000000000013 0.59000000000000008 278.11471995000005 5.5000000000000009 0.002613818597222223 273.75400500000006 277.56721895000004 0.071696963500000016 9.4500000000000011 0.15895000000000001 0.37940952255126054 6.8500000000000005 268.36217935000008 77.075000000000017 979.25000000000011 266.87352925000005 14.030000000000003 24.550000000000004 0.00038020833333333336 32.150000000000013 18.615000000000006 0.35250000000000004
decision_type=2 10 2 2 2 2 10 2 2 2 10 2 2 2 10 2 8 2 2 8 2 2 2 2 2 2 2 2 2 2
left_child=2 -2 3 9 5 17 7 8 -7 14 11 -11 -12 -14 15 -1 -9 20 19 -19 21 -4 -23 24 -22 26 -26 28 29 -28
right_child=1 -3 4 -5 -6 6 -8 16 -10 10 12 -13 13 -15 -16 -17 -18 18 -20 -21 23 22 -24 -25 25 -27 27 -29 -30 -31
leaf_value=0 -0.00015708104726318848 0 -7.5557924066478141e-07 0.0004607279339769674 -0.00014784974735724093 0 -0.0001555964445660086 -6.0804413196961329e-05 0.00010149750467256659 0.00034435582450155554 8.8508029943960638e-06 0 -0.00020710922922500269 0 0 -0.00017266156797067478 0 0 0 5.6687904467770009e-05 -6.1395230041744899e-06 0 -0.00028506747305558143 0 -7.4647886122618254e-06 0.0002167800233235959 0 0 0 0.00019006352345996903
leaf_weight=209 55 79 4154 71 98 450 85 192 52 53 362 237 64 53 726 57 171 58 139 219 612 178 59 12304 445 51 57 294 100 127
leaf_count=209 55 79 4154 71 98 450 85 192 52 53 362 237 64 53 726 57 171 58 139 219 612 178 59 12304 445 51 57 294 100 127
internal_value=0 -5.68092e-05 3.25266e-07 1.68584e-05 -9.49832e-07 0 -2.43167e-05 -5.47793e-06 6.94188e-06 0 1.40526e-05 6.1474e-05 -4.30923e-06 -8.71294e-05 -1.31837e-05 -4.9593e-05 -3.63617e-05 1.00606e-06 2.44525e-05 4.23128e-05 2.02114e-07 -5.4969e-06 -6.72393e-05 2.34848e-06 1.78768e-05 3.62062e-05 2.21182e-05 5.35032e-05 9.44029e-05 0.00013845
internal_weight=21811 134 21677 1832 19845 19747 950 865 502 1761 769 290 479 117 992 266 363 18797 416 277 18381 4391 237 13990 1686 1074 1023 578 284 184
internal_count=21811 134 21677 1832 19845 19747 950 865 502 1761 769 290 479 117 992 266 363 18797 416 277 18381 4391 237 13990 1686 1074 1023 578 284 184
is_linear=0
shrinkage=0.05


Tree=297
num_leaves=31
num_cat=0
split_feature=99 137 16 50 99 126 93 110 35 128 65 6 22 103 32 91 121 42 128 0 111 31 140 49 43 90 138 120 24 133
split_gain=0.000216497 0.000859821 0.00018049 0.00153047 0.00139985 0.00237622 0.000139461 0.000265344 0.000217544 0.000276798 0.000149284 0.00021816 0.00011516 0.000283906 0.000318664 0.000118505 0.000772902 0.000367247 0.00173409 0.000444653 0.000151038 0.000227589 0.000292435 0.00128322 0.00228792 0.00025492 0.000183831 0.000308898 0.000212048 0.000178844
threshold=4.900000000000035 1.5750000000000004 10.745000000000003 1025.6500000000003 2.8499999999999663 11.500000000000002 272.50538850000004 16.150000000000002 274.43839170000007 9.1197746952926142 37.350000000000001 0.022697222222222223 1.5000000000000002 931.00000000000011 10.250000000000002 26.050000000000004 1.4500000000000002 0.18500000000000003 9.4017455261924869 0.18590000000000004 15.550000000000002 29.250000000000004 58.280000000000008 971.1500000000002 0.34650000000000003 28.080612244897967 3.8950000000000005 269.05457785000004 59.050000000000004 79.440000000000012
decision_type=2 2 2 2 2 2 2 10 2 2 2 2 2 2 2 2 8 2 2 2 10 2 2 2 2 2 2 8 2 2
left_child=2 -2 12 4 5 -4 7 -7 9 -9 11 -10 13 14 -1 20 17 18 -17 -19 21 -14 -23 25 -25 29 27 -22 -28 -24
right_child=1 -3 3 -5 -6 6 -8 8 10 -11 -12 -13 15 -15 -16 16 -18 19 -20 -21 26 22 23 24 -26 -27 28 -29 -30 -31
leaf_value=0 0 0.00022953785277387203 -0.00034111416528784591 -0.00023574336754661224 0.0001858776698639469 -9.9939688326384233e-05 3.308064601331328e-05 0.0001193297182996773 -9.4217323314788092e-05 0 0 0 0 -3.039240973799699e-06 -0.00018452143656117294 0.00027390558237537396 0.00020578933177603176 3.3788760888209982e-06 0 -0.00011314897786895231 9.8877442570055252e-05 0 5.9107169768078557e-06 0 0.00041738229988669008 0.00010674280312278741 -2.8871042835085324e-05 0 8.9137289772267535e-06 -4.9717262252831273e-05
leaf_weight=50 66 50 54 76 87 76 221 73 123 74 50 67 13254 1374 50 70 51 2049 185 84 84 860 295 99 58 54 1484 258 255 180
leaf_count=50 66 50 54 76 87 76 221 73 123 74 50 67 13254 1374 50 70 51 2049 185 84 84 860 295 99 58 54 1484 258 255 180
internal_value=0 6.77802e-05 -4.14497e-07 -2.24124e-05 0 -2.49269e-05 0 -1.5094e-05 0 4.94383e-05 -2.74902e-05 -5.39215e-05 2.99258e-07 -1.28282e-05 -9.64619e-05 1.5602e-06 1.18615e-05 5.54246e-06 6.2234e-05 0 0 1.84475e-06 2.00088e-05 4.43361e-05 0.000169856 0 -1.25367e-05 1.30908e-05 -2.04549e-05 -4.72532e-06
internal_weight=21811 116 21695 901 825 738 684 463 387 147 240 190 20794 1474 100 19320 2439 2388 255 2133 16881 14800 1546 686 157 529 2081 342 1739 475
internal_count=21811 116 21695 901 825 738 684 463 387 147 240 190 20794 1474 100 19320 2439 2388 255 2133 16881 14800 1546 686 157 529 2081 342 1739 475
is_linear=0
shrinkage=0.05


Tree=298
num_leaves=31
num_cat=0
split_feature=99 13 90 19 15 19 67 49 121 69 135 139 31 138 132 45 82 77 136 100 7 36 3 11 126 31 94 119 128 24
split_gain=0.00019126 0.00335728 0.0189422 0.00188723 0.000449106 0.000236974 0.000311102 0.000536612 0.000214592 0.000278453 0.0004054 0.000479847 0.00060871 0.000938444 0.000308114 0.000364651 0.000741034 0.000200196 0.000189209 0.000177829 0.000264488 0.000145832 0.000143114 0.000130685 0.000527525 0.000714673 0.000690901 0.000247644 0.000159567 0.000125013
threshold=2.2500000000000004 0.0040352463333333342 24.119387755102043 0.018424285714285716 0.0089989583333333362 0.003965714285714292 10.15 972.45000000000016 0.15000000000000005 271.46043795000008 10.625000000000002 22.268858183044618 26.250000000000004 4.745000000000001 2.5000000000000004 70.500000000000014 19.606000000000005 272.13093910000003 0.44500000000000006 5.0999999999999668 0.08790000000000002 263.64125755000003 0.0026691160000000005 0.0040165472500000013 22.500000000000004 6.4500000000000011 18.500000000000004 5.0500000000000007 9.8197526199467209 53.20000000000001
decision_type=2 2 2 2 2 2 2 2 10 2 2 2 2 2 2 2 2 2 2 2 2 2 2 2 2 2 2 8 2 2
left_child=3 5 4 23 -3 8 -7 -8 9 14 -11 19 -13 -14 15 16 -2 -15 22 -12 -21 -16 -10 -1 25 -25 -27 28 -26 -23
right_child=1 2 -4 -5 -6 6 7 -9 18 10 11 12 13 17 21 -17 -18 -19 -20 20 -22 29 -24 24 27 26 -28 -29 -30 -31
leaf_value=2.3211547054391754e-07 0 -0.00015811801368140405 0.0010451135844758419 -0.00022965958791426423 0 0 0 -0.00022030758160028862 0 -2.6396760140756417e-05 -2.8745577481089949e-05 0 0.00026867620196539105 0.00010066239630219517 0 0 0.000243833988516363 0 0 0 0.00010588776042856029 -5.0341665228033091e-05 -8.0178827918999393e-05 0 -7.984837060972402e-05 -0.00030942168709804756 0 4.46997924884306e-06 0 0
leaf_weight=15906 128 61 50 90 76 97 157 54 73 172 211 206 88 100 604 421 53 175 312 168 82 394 173 53 155 53 73 1226 76 324
leaf_count=15906 128 61 50 90 76 97 157 54 73 172 211 206 88 100 604 421 53 175 312 168 82 394 173 53 155 53 73 1226 76 324
internal_value=0 9.58475e-06 0.000216072 -2.31065e-06 -5.56461e-05 0 -4.21955e-05 -7.91439e-05 3.38698e-06 9.64642e-06 2.86451e-05 4.27029e-05 7.35048e-05 0.000112434 0 2.72071e-05 8.63798e-05 4.3528e-05 -2.26893e-05 0 3.2761e-05 -1.56475e-05 -5.54991e-05 -8.46187e-07 -1.43781e-05 -9.59201e-05 -0.000164647 -8.71952e-07 -5.06723e-05 -3.0945e-05
internal_weight=21811 4179 187 17632 137 3992 308 211 3684 3126 1202 1030 569 363 1924 602 181 275 558 461 250 1322 246 17542 1636 179 126 1457 231 718
internal_count=21811 4179 187 17632 137 3992 308 211 3684 3126 1202 1030 569 363 1924 602 181 275 558 461 250 1322 246 17542 1636 179 126 1457 231 718
is_linear=0
shrinkage=0.05


Tree=299
num_leaves=31
num_cat=0
split_feature=97 100 100 13 75 13 50 100 43 62 123 89 135 135 65 75 19 6 107 36 115 101 105 75 44 85 137 90 4 77
split_gain=0.000158555 0.000348194 0.000227792 0.00439138 0.00960522 0.000342941 0.00146417 0.00035304 0.000493549 0.000844059 0.000331174 0.000535787 0.000180158 0.000427502 0.000984845 0.000324986 0.000606166 0.00045028 0.000160692 0.000153296 0.000151339 0.000134916 0.000229708 0.00011657 0.000110505 0.0001098 0.000120186 9.23685e-05 0.000105538 8.16981e-05
threshold=11.950000000000003 -3.6999999999999882 5.3500000000000236 0.0040352463333333342 16.450000000000003 0.0040352463333333342 1025.6500000000003 4.8000000000000123 0.38150000000000006 45.050000000000004 0.60355339059327384 31.050000000000004 13.790000000000001 21.640000000000004 31.850000000000005 10.250000000000002 0.003965714285714292 0.01447916666666667 7.5500000000000007 267.56906490000006 1.1500000000000001 7.0337856999999824 27.500000000000004 11.250000000000002 1262.5000000000002 273.74197060000006 4.660000000000001 22.974489795918373 0.0028697850000000001 291.74589700000007
decision_type=2 2 2 2 2 2 2 2 2 2 2 2 2 2 2 2 2 2 2 2 10 2 2 2 2 2 2 2 2 2
left_child=2 -2 5 12 -5 29 7 8 10 -10 19 -12 18 14 23 17 -17 -15 -4 -7 -20 22 -21 -14 -25 26 27 28 -22 -1
right_child=1 -3 3 4 -6 6 -8 -9 9 -11 11 -13 13 15 -16 16 -18 -19 20 21 25 -23 -24 24 -26 -27 -28 -29 -30 -31
leaf_value=-6.054561394463565e-07 0 -0.00015165121389013208 9.9698606571724029e-07 0.00083438183373301398 -1.5395421764189834e-05 -4.2353651999601816e-05 -0.00025116389389672302 -0.00012455651695024149 0.00022462279774117635 0 0 -0.0001689036595544167 -8.0727967352345313e-06 0 0.00024534930301625972 0 -0.00014668811633310739 0.00018021109451419088 0 9.167513680369613e-05 -9.0677142787657538e-05 0 0 0 6.6381511522592974e-05 0 0 0 0 2.1203673387607194e-05
leaf_weight=17521 80 54 150 50 65 93 71 57 63 56 70 79 127 211 60 1401 78 53 52 133 261 81 83 54 127 70 61 59 52 439
leaf_count=17521 80 54 150 50 65 93 71 57 63 56 70 79 127 211 60 1401 78 53 52 133 261 81 83 54 127 70 61 59 52 439
internal_value=0 -5.40515e-05 3.0193e-07 1.3445e-05 0.000314977 -1.48692e-06 -3.37944e-05 -4.90555e-06 0 9.6566e-05 -1.45852e-05 -7.92805e-05 0 8.30856e-06 5.73713e-05 0 -1.1164e-05 4.86809e-05 -2.07712e-05 0 -3.56385e-05 2.68366e-05 5.04317e-05 3.89545e-06 3.97638e-05 -4.63879e-05 -5.59589e-05 -6.67011e-05 -7.75913e-05 0
internal_weight=21811 134 21677 2931 115 18746 786 715 658 119 539 149 2816 2111 368 1743 1479 264 705 390 555 297 216 308 181 503 433 372 313 17960
internal_count=21811 134 21677 2931 115 18746 786 715 658 119 539 149 2816 2111 368 1743 1479 264 705 390 555 297 216 308 181 503 433 372 313 17960
is_linear=0
shrinkage=0.05


Tree=300
num_leaves=31
num_cat=0
split_feature=120 13 2 155 50 19 128 13 131 116 56 91 91 99 61 106 91 133 136 114 16 120 137 105 21 43 93 41 90 85
split_gain=0.000563741 0.0143304 0.00313692 0.00133433 0.000144744 0.000239947 0.000325737 0.000126441 0.00024716 0.000498589 0.000624575 0.000163986 0.000504873 0.000733072 0.000188623 0.000125338 0.000180899 0.000222561 0.000123219 0.000282431 0.000150582 0.000649184 0.000131855 0.000202975 0.000173577 0.000175965 0.000208047 0.000258419 0.000161069 0.000193777
threshold=284.74030595000005 0.0040704037152777782 0.048280649000000009 0.031414473684210534 1025.2500000000002 -0.0064871428571428537 9.6975697800000056 0.0016090432986111114 95.37286224885041 277.35322155000006 -9.7712637999999838 20.650000000000002 19.550000000000004 3.049999999999955 96.500000000000014 23.350000000000005 17.650000000000002 52.515000000000008 0.97500000000000009 27.450000000000003 17.135000000000005 274.50743420000009 4.035000000000001 33.500000000000007 0.67361111111111127 0.31550000000000006 272.86120145000007 86.500000000000014 12.816472868217057 279.57705010000006
decision_type=10 2 2 2 2 2 2 2 2 10 2 2 2 2 2 2 2 2 2 8 2 10 2 2 2 2 2 2 2 2
left_child=2 7 4 -4 18 6 -6 11 9 10 -9 12 15 -14 -13 -2 -17 -18 20 22 -1 -22 23 24 25 -20 27 28 -27 -30
right_child=1 -3 3 -5 5 -7 -8 8 -10 -11 -12 14 13 -15 -16 16 17 -19 19 -21 21 -23 -24 -25 -26 26 -28 -29 29 -31
leaf_value=-1.2849952215784451e-06 0 0.00081367887979078143 -0.00043424032631749778 0 0.00015499699626025855 3.4369965480258058e-06 0 0 0 0 0.00026279992808465777 0 0 0.00024515595866878535 -7.2906967704533432e-05 0 0 -0.00014004127202948781 0 1.9514581990647006e-06 0 0.00019513126809215465 0 0 0 0 0 0 -8.513350993836653e-05 0
leaf_weight=11780 904 55 59 51 66 2666 89 51 136 138 53 127 81 50 167 240 58 68 160 2041 259 51 759 333 162 139 241 151 679 60
leaf_count=11780 904 55 59 51 66 2666 89 51 136 138 53 127 81 50 167 240 58 68 160 2041 259 51 759 333 162 139 241 151 679 60
internal_value=0 2.42371e-05 -2.8349e-06 -0.000268094 -1.08073e-06 8.96697e-06 7.13994e-05 4.98914e-07 2.83045e-05 6.15818e-05 0.000143693 -2.7669e-06 1.03949e-06 9.66286e-05 -3.77967e-05 -4.95484e-06 -3.06403e-05 -7.92085e-05 -3.06417e-06 -9.92923e-06 0 3.38809e-05 -2.08233e-05 -2.78502e-05 -3.54446e-05 -4.12527e-05 -4.75618e-05 -5.74142e-05 -6.7806e-05 -7.74946e-05
internal_weight=21874 2128 19746 110 19636 2821 155 2073 378 242 104 1695 1401 131 294 1270 366 126 16815 4725 12090 310 2684 1925 1592 1430 1270 1029 878 739
internal_count=21874 2128 19746 110 19636 2821 155 2073 378 242 104 1695 1401 131 294 1270 366 126 16815 4725 12090 310 2684 1925 1592 1430 1270 1029 878 739
is_linear=0
shrinkage=0.05


Tree=301
num_leaves=31
num_cat=0
split_feature=120 11 19 155 136 131 91 85 14 50 19 111 44 136 44 86 22 23 103 142 34 126 45 120 131 107 18 66 134 137
split_gain=0.00050996 0.0141827 0.00287364 0.00116909 0.000136972 0.000416331 0.000647598 0.00134756 0.000188251 0.000132528 0.000216996 0.000154129 0.000119693 0.00010948 0.000272755 0.000175225 0.000167364 0.000321334 0.000245901 0.000693744 0.000236874 0.000192002 0.000157627 0.000242117 0.000325336 0.000779778 0.0011973 0.00107667 0.000176744 0.000394147
threshold=284.74030595000005 0.0063192529166666679 0.018424285714285716 0.031414473684210534 0.28000000000000008 92.440180613852547 19.550000000000004 272.13263930000005 0.024952107500000004 1025.2500000000002 -0.0064871428571428537 10.050000000000002 1712.5000000000002 0.97500000000000009 1062.5000000000002 16.500000000000004 56.500000000000007 24.202083333333338 1386.3500000000006 613.4138128671583 -0.97460135201274289 41.500000000000007 99.500000000000014 272.85398440000006 108.12075725154088 7.5500000000000007 0.0042979166666666678 12.825000000000003 6.4250000000000016 0.16500000000000004
decision_type=10 2 2 2 2 2 2 2 2 2 2 10 2 2 2 2 2 2 2 2 2 2 2 10 2 2 2 2 2 2
left_child=2 4 9 -4 12 6 8 -8 -6 13 11 -11 -2 22 15 -15 17 18 19 -16 -20 -18 23 -1 25 26 -25 -28 -27 -30
right_child=1 -3 3 -5 5 -7 7 -9 -10 10 -12 -13 -14 14 16 -17 21 -19 20 -21 -22 -23 -24 24 -26 28 27 -29 29 -31
leaf_value=0 -3.2418666646013491e-05 0.00082317048206513631 -0.00041289018014019048 0 0 -6.6670119269722093e-06 0.00033363787193957254 0 7.6944344436599617e-05 0.0001122713578924752 3.2652112315585406e-06 0 0 -1.8461156712823787e-06 -0.00020227608767545464 6.6484506783548499e-05 9.6153553042277771e-05 0 1.8973378685104649e-05 0 -4.2291216968284158e-05 -5.6795715186593313e-06 -4.9640073646933916e-06 0 0 -1.6872462111126607e-05 0 0.00035135615726079178 0.00015741715066674674 0
leaf_weight=3180 458 53 59 51 393 877 54 57 83 87 2666 68 153 2729 99 96 50 702 82 70 635 262 7313 128 742 253 52 74 54 294
leaf_count=3180 458 53 59 51 393 877 54 57 83 87 2666 68 153 2729 99 96 50 702 82 70 635 262 7313 128 742 253 52 74 54 294
internal_value=0 2.30807e-05 -2.66972e-06 -0.000256553 0 1.04267e-05 4.44365e-05 0.000156792 7.48006e-06 -9.79863e-07 8.62337e-06 6.81207e-05 -1.72998e-05 -2.88872e-06 -9.3598e-06 0 -2.40103e-05 -3.08708e-05 -5.11167e-05 -0.000117754 -2.83042e-05 0 0 6.68993e-06 2.26406e-05 4.36703e-05 0.000118387 0.000227398 3.64313e-06 3.28905e-05
internal_weight=21874 2128 19746 110 2075 1464 587 111 476 19636 2821 155 611 16815 4725 2825 1900 1588 886 169 717 312 12090 4777 1597 855 254 126 601 348
internal_count=21874 2128 19746 110 2075 1464 587 111 476 19636 2821 155 611 16815 4725 2825 1900 1588 886 169 717 312 12090 4777 1597 855 254 126 601 348
is_linear=0
shrinkage=0.05


Tree=302
num_leaves=31
num_cat=0
split_feature=120 11 19 120 50 19 73 91 91 49 103 15 45 136 44 53 15 13 89 86 160 138 45 133 121 89 12 131 100 136
split_gain=0.000461832 0.0129342 0.0026334 0.00116576 0.000122075 0.000196265 0.000162421 0.000108848 0.00041335 0.000637961 0.000227032 0.000163824 0.000125489 9.9877e-05 0.000248215 0.0001766 0.000190944 0.000237036 0.000280159 0.000158309 0.000151289 0.000166457 0.0001427 0.000644487 0.000174091 0.000266783 0.000382164 0.00018753 0.000351651 0.000116448
threshold=284.74030595000005 0.0060564499583333339 0.018424285714285716 265.91091950000003 1025.2500000000002 -0.0062885714285714255 14.250000000000002 20.650000000000002 19.550000000000004 981.25000000000011 824.75000000000011 0.00054791666666666671 11.500000000000002 0.97500000000000009 1062.5000000000002 167.50000000000003 0.00034479166666666669 0.00071760456250000019 28.150000000000002 16.500000000000004 0.24897959183673476 4.8700000000000001 99.500000000000014 88.200000000000003 0.35000000000000003 37.750000000000007 0.051906151000000005 22.648845511130229 1.4500000000000457 1.0650000000000002
decision_type=10 2 2 10 2 2 2 2 2 2 2 2 2 2 2 2 2 2 2 2 2 2 2 2 10 2 2 2 2 2
left_child=2 7 4 -4 13 6 -6 8 -2 -10 11 -9 -12 22 19 16 17 18 -16 -15 21 -20 23 -1 27 -26 -27 28 -24 -17
right_child=1 -3 3 -5 5 -7 -8 10 9 -11 12 -13 -14 14 15 29 -18 -19 20 -21 -22 -23 24 -25 25 26 -28 -29 -30 -31
leaf_value=2.871592696051768e-06 -1.5399301235821289e-07 0.00069037277613616822 0 -0.00040702411787135826 0.00013141740599621697 2.7653557143744761e-06 0 -4.714351369689264e-06 0.00016654494546363219 0 0 8.7712944856183694e-05 -8.0421305523463159e-05 -1.7538437629678391e-06 0 -4.449393016311289e-05 -7.8319199646792784e-06 0 -0.00021082243347044063 6.319455165312355e-05 0 -2.79056942697561e-05 0 0.00014768049241091057 0 0 -0.00018893036239548609 0 -0.00012099697171422458 1.596482907498189e-05
leaf_weight=4697 1547 69 53 57 61 2636 124 80 95 60 53 52 172 2729 191 97 807 163 86 96 65 111 261 80 93 110 60 6695 94 380
leaf_count=4697 1547 69 53 57 61 2636 124 80 95 60 53 52 172 2729 191 97 807 163 86 96 65 111 261 80 93 110 60 6695 94 380
internal_value=0 2.1969e-05 -2.53649e-06 -0.00024558 -9.07913e-07 8.29607e-06 5.9781e-05 0 4.50294e-06 8.27364e-05 -2.57616e-05 0 -5.96884e-05 -2.74977e-06 -8.92962e-06 -2.29055e-05 -3.17876e-05 -5.50037e-05 -7.35995e-05 0 -0.000109608 -0.000133672 0 6.37356e-06 -4.71584e-06 -4.58509e-05 -8.4534e-05 -2.46589e-06 -3.79125e-05 0
internal_weight=21874 2128 19746 110 19636 2821 185 2059 1702 155 357 132 225 16815 4725 1900 1423 616 453 2825 262 197 12090 4777 7313 263 170 7050 355 477
internal_count=21874 2128 19746 110 19636 2821 185 2059 1702 155 357 132 225 16815 4725 1900 1423 616 453 2825 262 197 12090 4777 7313 263 170 7050 355 477
is_linear=0
shrinkage=0.05


Tree=303
num_leaves=31
num_cat=0
split_feature=120 11 2 155 50 14 42 21 2 89 53 82 81 43 137 145 16 120 76 14 81 93 24 30 107 140 134 6 161 96
split_gain=0.000413124 0.0117489 0.00241309 0.00107378 0.000114934 0.000132856 0.000296668 0.000141382 0.000118083 0.000272424 0.000281144 0.000217418 0.00018383 0.000147453 0.000210372 0.000311597 0.000138915 0.000558879 0.000115311 0.000378122 0.000379738 0.000117767 0.000495612 0.000251014 0.000308019 0.00100716 0.000241186 0.000264241 0.000533479 0.000731845
threshold=284.74030595000005 0.0063192529166666679 0.048280649000000009 0.031414473684210534 1025.2500000000002 0.018659123000000003 0.23500000000000001 0.46527777777777785 0.0027178630000000005 35.45000000000001 138.50000000000003 34.230000000000011 34.250000000000007 0.31350000000000006 8.3900000000000023 1.0000000180025095e-35 17.135000000000005 274.50743420000009 5.950000000000002 0.016839561500000003 33.45000000000001 265.34834820000009 32.600000000000009 -2.3785714285714277 7.5500000000000007 71.745000000000019 6.6250000000000009 0.0043520833333333337 0.19387755102040818 40.837500000000013
decision_type=10 2 2 2 2 2 2 2 2 2 2 2 2 2 2 2 2 10 2 2 2 2 2 2 2 2 2 2 2 2
left_child=2 -2 4 -4 8 -6 -7 -8 16 12 11 13 -10 -11 15 -15 18 -18 21 -20 -21 22 -1 -24 25 -25 -26 28 -28 -30
right_child=1 -3 3 -5 5 6 7 -9 9 10 -12 -13 -14 14 -16 -17 17 -19 19 20 -22 -23 23 24 26 -27 27 -29 29 -31
leaf_value=9.946201192559276e-05 0 0.00074889475385404066 -0.00038343170169537194 0 0 1.3121788813958247e-06 0.00016651219857710109 0 -5.312511076145596e-06 0 0 0 7.1382518711521519e-05 -0.0001474670224945879 0 0 0 0.00018076124116655243 0 -0.00020836329706784741 -1.1742716349920101e-05 -3.5964176048149803e-06 -1.1097336723551972e-05 0 -1.5701701219099738e-05 0.00026223168343487903 0 0 0.00020086245382487877 0
leaf_weight=140 2075 53 59 51 2196 506 57 62 756 67 175 73 85 183 63 91 259 51 825 50 199 10101 1662 89 592 52 372 740 107 83
leaf_count=140 2075 53 59 51 2196 506 57 62 756 67 175 73 85 183 63 91 259 51 825 50 199 10101 1662 89 592 52 372 740 107 83
internal_value=0 2.07109e-05 -2.46099e-06 -0.00023513 -8.91061e-07 8.02488e-06 2.86511e-05 0.000102253 -2.68458e-06 -1.63696e-05 -4.06945e-05 -6.10963e-05 0 -7.58133e-05 -8.93175e-05 -0.000108248 -1.0238e-06 3.11558e-05 -2.02339e-06 -1.79691e-05 -7.19003e-05 -4.34779e-07 6.58432e-06 1.68915e-06 1.45881e-05 8.90748e-05 6.36028e-06 2.02332e-05 4.60525e-05 0.00011504
internal_weight=21874 2128 19746 110 19636 2821 625 119 16815 1493 652 477 841 404 337 274 15322 310 15012 1074 249 13938 3837 3697 2035 141 1894 1302 562 190
internal_count=21874 2128 19746 110 19636 2821 625 119 16815 1493 652 477 841 404 337 274 15322 310 15012 1074 249 13938 3837 3697 2035 141 1894 1302 562 190
is_linear=0
shrinkage=0.05


end of trees

feature_importances:
last_N_t=389
last_osi=366
hours_since_obs=345
last_P_t=236
t2m_at_t48h=219
osi_trend_last6h=191
pct_forest=183
N_t_mean_72h=174
soil_moist_t=146
cumul_gust_since_onset=146
wind_speed_max_next_48h=137
min_t2m_next_48h=131
pct_unmapped=128
gust_mean_next_48h=123
log_customers=123
last_D_t=121
gust_x_hso=120
pct_wetland=119
gust_gt30_since_onset=113
pop_density=110
wind_speed_max_next_24h=107
cumul_tp_since_onset=105
min_t2m_next_24h=104
t2m_at_t24h=104
tree_canopy_std=104
gust_trend_last6h_obs=103
total_tp_next_48h=101
sp_t=100
R_t_max_72h=98
pct_water=98
pressure_change_3h=97
hours_since_peak=96
wind_speed_at_t48h=96
pressure_change_6h=94
gust_max_last6h_obs=91
pre_event_mean_osi=90
osi_mean_72h=89
gust_last_obs=89
d2m_t=86
wind_speed_max_next_6h=84
R_t_mean_72h=82
N_t_max_72h=79
frac_zero_72h=79
last_R_t=78
gust_peak4h_mean_next_48h=78
gust_max_next_48h=77
gust_mean_obs=75
blh_t=73
mslma_t=71
wind_sin_t=70
min_t2m_next_6h=70
t2m_at_t6h=70
pct_developed=70
gust_gt30_next_48h=69
temp_change_6h=69
gust_max_next_24h=67
gust_mean_next_24h=67
gust_at_t48h=66
pre_event_max_outage_pct=64
min_t2m_next_1h=62
total_tp_next_24h=62
gust_change_3h=61
pct_agriculture=58
forest_x_customers=58
soil_moist_x_gust=56
t2m_t=54
gust_at_t24h=52
wind_cos_t=50
wind_speed_at_t24h=50
gust_max_obs=49
total_tp_next_6h=49
hour_sin=49
storm_onset_mean_osi=48
last_outage_pct=47
gust_max_next_6h=47
gust_at_t6h=47
tree_canopy_pct=47
tp_at_t48h=45
osi_max_72h=44
hour_of_day=44
pct_forest_classified=43
gust_peak4h_mean_next_24h=40
tp_rate_next_48h=40
osi_std_72h=38
outage_pct_mean_72h=36
n_utilities=36
lcc_t=35
gust_mean_next_6h=35
storm_onset_max_osi=34
gust_gt30_obs=32
vpd_t=32
mcc_t=29
rural_urban_code=29
t2m_at_t1h=27
gust_max_next_1h=26
wind_speed_at_t6h=26
outage_pct_max_72h=25
wind_speed_max_next_1h=25
gust_gt40_obs=24
gust_t=22
gust_mean_next_1h=22
tp_rate_next_24h=22
dewpoint_c_t=21
gust_x_phase=21
gust_gt30_next_24h=20
hcc_t=19
et0_t=19
wind_speed_at_t1h=19
hour_cos=19
gust_peak4h_mean_next_6h=18
gust_gt40_next_48h=18
gust_gt30_frac_next_48h=18
r2_t=16
wind_speed_t=15
gust_exceed_30=15
gust_at_t1h=15
sdwe_t=14
tcc_t=13
diffuse_rad_t=13
soil_gust_x_phase=13
gust_change_1h=12
gust_exceed30_x_hso=11
gust_gt30_next_6h=11
temp_c_t=10
wind_change_1h=9
sdswrf_t=8
tp_rate_next_6h=8
direct_rad_t=7
tp_at_t24h=7
cumul_gust_obs=6
gust_gt40_next_24h=6
csnow_t=4
total_tp_next_1h=4
days_since_onset=4
tp_rate_next_1h=4
gust_gt30_frac_next_24h=4
is_worsening=3
tp_t=2
gust_peak4h_mean_next_1h=2
gust_gt40_next_6h=2
tp_at_t1h=2
rain_t=1

parameters:
[boosting: gbdt]
[objective: huber]
[metric: rmse]
[tree_learner: serial]
[device_type: cpu]
[data_sample_strategy: bagging]
[data: ]
[valid: ]
[num_iterations: 304]
[learning_rate: 0.05]
[num_leaves: 31]
[num_threads: 1]
[seed: 42]
[deterministic: 1]
[force_col_wise: 1]
[force_row_wise: 0]
[histogram_pool_size: -1]
[max_depth: -1]
[min_data_in_leaf: 50]
[min_sum_hessian_in_leaf: 0.001]
[bagging_fraction: 0.8]
[pos_bagging_fraction: 1]
[neg_bagging_fraction: 1]
[bagging_freq: 5]
[bagging_seed: 42]
[bagging_by_query: 0]
[feature_fraction: 0.8]
[feature_fraction_bynode: 1]
[feature_fraction_seed: 42]
[extra_trees: 0]
[extra_seed: 12879]
[early_stopping_round: 0]
[early_stopping_min_delta: 0]
[first_metric_only: 0]
[max_delta_step: 0]
[lambda_l1: 0.1]
[lambda_l2: 1]
[linear_lambda: 0]
[min_gain_to_split: 0]
[drop_rate: 0.1]
[max_drop: 50]
[skip_drop: 0.5]
[xgboost_dart_mode: 0]
[uniform_drop: 0]
[drop_seed: 42]
[top_rate: 0.2]
[other_rate: 0.1]
[min_data_per_group: 100]
[max_cat_threshold: 32]
[cat_l2: 10]
[cat_smooth: 10]
[max_cat_to_onehot: 4]
[top_k: 20]
[monotone_constraints: ]
[monotone_constraints_method: basic]
[monotone_penalty: 0]
[feature_contri: ]
[forcedsplits_filename: ]
[refit_decay_rate: 0.9]
[cegb_tradeoff: 1]
[cegb_penalty_split: 0]
[cegb_penalty_feature_lazy: ]
[cegb_penalty_feature_coupled: ]
[path_smooth: 0]
[interaction_constraints: ]
[verbosity: -1]
[saved_feature_importance_type: 0]
[use_quantized_grad: 0]
[num_grad_quant_bins: 4]
[quant_train_renew_leaf: 0]
[stochastic_rounding: 1]
[linear_tree: 0]
[max_bin: 255]
[max_bin_by_feature: ]
[min_data_in_bin: 3]
[bin_construct_sample_cnt: 200000]
[data_random_seed: 42]
[is_enable_sparse: 1]
[enable_bundle: 1]
[use_missing: 1]
[zero_as_missing: 0]
[feature_pre_filter: 1]
[pre_partition: 0]
[two_round: 0]
[header: 0]
[label_column: ]
[weight_column: ]
[group_column: ]
[ignore_column: ]
[categorical_feature: ]
[forcedbins_filename: ]
[precise_float_parser: 0]
[parser_config_file: ]
[objective_seed: 16083]
[num_class: 1]
[is_unbalance: 0]
[scale_pos_weight: 1]
[sigmoid: 1]
[boost_from_average: 1]
[reg_sqrt: 0]
[alpha: 0.9]
[fair_c: 1]
[poisson_max_delta_step: 0.7]
[tweedie_variance_power: 1.5]
[lambdarank_truncation_level: 30]
[lambdarank_norm: 1]
[label_gain: ]
[lambdarank_position_bias_regularization: 0]
[eval_at: ]
[multi_error_top_k: 1]
[auc_mu_weights: ]
[num_machines: 1]
[local_listen_port: 12400]
[time_out: 120]
[machine_list_filename: ]
[machines: ]
[gpu_platform_id: -1]
[gpu_device_id: -1]
[gpu_device_id_list: ]
[gpu_use_dp: 0]
[num_gpu: 1]

end of parameters

pandas_categorical:[]
