tree
version=v4
num_class=1
num_tree_per_iteration=1
label_index=0
max_feature_idx=162
objective=huber
feature_names=last_osi last_P_t last_N_t last_D_t last_R_t last_outage_pct osi_mean_72h osi_max_72h osi_std_72h outage_pct_mean_72h outage_pct_max_72h N_t_mean_72h N_t_max_72h R_t_mean_72h R_t_max_72h pre_event_mean_osi pre_event_max_outage_pct storm_onset_max_osi storm_onset_mean_osi osi_trend_last6h is_worsening frac_zero_72h hours_since_peak gust_mean_obs gust_max_obs gust_gt30_obs gust_gt40_obs cumul_gust_obs gust_last_obs gust_max_last6h_obs gust_trend_last6h_obs gust_t wind_speed_t wind_sin_t wind_cos_t t2m_t d2m_t tp_t rain_t csnow_t sdwe_t r2_t vpd_t soil_moist_t blh_t tcc_t lcc_t mcc_t hcc_t sp_t mslma_t sdswrf_t direct_rad_t diffuse_rad_t et0_t temp_c_t dewpoint_c_t icing_risk_t gust_exceed_30 soil_moist_x_gust is_snowing gust_x_hso gust_x_phase soil_gust_x_phase gust_exceed30_x_hso gust_max_next_1h gust_mean_next_1h wind_speed_max_next_1h total_tp_next_1h min_t2m_next_1h gust_gt30_next_1h gust_gt40_next_1h gust_peak4h_mean_next_1h gust_max_next_6h gust_mean_next_6h wind_speed_max_next_6h total_tp_next_6h min_t2m_next_6h gust_gt30_next_6h gust_gt40_next_6h gust_peak4h_mean_next_6h gust_max_next_24h gust_mean_next_24h wind_speed_max_next_24h total_tp_next_24h min_t2m_next_24h gust_gt30_next_24h gust_gt40_next_24h gust_peak4h_mean_next_24h gust_max_next_48h gust_mean_next_48h wind_speed_max_next_48h total_tp_next_48h min_t2m_next_48h gust_gt30_next_48h gust_gt40_next_48h gust_peak4h_mean_next_48h gust_change_1h gust_change_3h pressure_change_3h pressure_change_6h temp_change_6h wind_change_1h cumul_gust_since_onset cumul_tp_since_onset gust_gt30_since_onset gust_at_t1h wind_speed_at_t1h t2m_at_t1h tp_at_t1h gust_at_t6h wind_speed_at_t6h t2m_at_t6h tp_at_t6h gust_at_t24h wind_speed_at_t24h t2m_at_t24h tp_at_t24h gust_at_t48h wind_speed_at_t48h t2m_at_t48h tp_at_t48h hour_of_day hour_sin hour_cos days_since_onset hours_since_obs storm_phase log_customers rural_urban_code is_metro pop_density n_utilities pct_forest pct_developed pct_agriculture pct_water pct_wetland pct_unmapped pct_forest_classified tree_canopy_pct tree_canopy_std forest_x_customers window_len_next_1h is_full_next_1h tp_rate_next_1h gust_gt30_frac_next_1h has_weather_at_t1h window_len_next_6h is_full_next_6h tp_rate_next_6h gust_gt30_frac_next_6h has_weather_at_t6h window_len_next_24h is_full_next_24h tp_rate_next_24h gust_gt30_frac_next_24h has_weather_at_t24h window_len_next_48h is_full_next_48h tp_rate_next_48h gust_gt30_frac_next_48h has_weather_at_t48h
feature_infos=[0:0.33700000000000002] [0:0.52010631900000004] [0:0.031160644000000001] [0:0.51677670099999995] [0:0.058582058999999999] [0:52.009999999999998] [4.1666666666666669e-06:0.26529999999999998] [0.0001:0.65049999999999997] [1.9982631347136334e-05:0.22470370552747407] [0.00083333333333333328:39.644861111111112] [0.02:100] [3.1208333333333337e-06:0.014902686125] [7.4900000000000005e-05:0.30001265999999999] [3.1208333333333337e-06:0.017093115180555556] [7.4900000000000005e-05:0.18675781699999999] [0:0.38653749999999998] [0:100] [0:0.52000000000000002] [0:0.13546666666666665] [-0.055854285714285697:0.017611428571428573] [0:1] [0:0.95833333333333337] [0:71] [13.03611111111111:31.258333333333326] [29.100000000000001:69.400000000000006] [0:35] [0:17] [938.59999999999991:2250.5999999999995] [3.5:45.399999999999999] [15.4:64.5] [-6.477142857142856:3.3114285714285714] [0.90000000000000002:58.299999999999997] [0:36.899999999999999] [-0.99999999953664132:0.99999999987412524] [-0.99999999369183823:1] [259.42265909999998:298.4303941] [257.50145359999999:289.8677619] [0:11.300000000000001] [0:11.300000000000001] [0:2.52] [0:0.089999999999999997] [15:100] [0:2.4500000000000002] [0.17399999999999999:0.52300000000000002] [10:3015] [0:100] [0:100] [0:100] [0:100] [895.29999999999995:1022.4] [986.79999999999995:1031.3] [0:861] [0:737] [0:437] [0:0.60999999999999999] [-13.727340900000002:25.280394100000024] [-15.648546399999987:16.717761900000028] [0:1] [0:28.299999999999997] [0.24840000000000004:23.550000000000001] [0:1] [1.6000000000000001:3663.5999999999999] [0:105.8] [0:47.100000000000001] [0:1533.6000000000001] [1.3999999999999999:58.299999999999997] [1.2999999999999998:54.5] [0:36.899999999999999] [0:14.699999999999999] [259.42265909999998:298.21776599999998] [0:2] [0:2] [1.2999999999999998:54.5] [2.7999999999999998:58.299999999999997] [2.0571428571428569:49.214285714285715] [0.90000000000000002:36.899999999999999] [0:22.700000000000003] [259.42265909999998:296.34512319999999] [0:7] [0:7] [2.5999999999999996:52.550000000000004] [8.5:58.299999999999997] [4.7479999999999993:43.052] [5:36.899999999999999] [0:34.399999999999999] [259.42265909999998:286.57337899999999] [0:25] [0:19] [8.0750000000000011:52.550000000000004] [10.1:58.299999999999997] [5.3392857142857135:37.897959183673471] [5.2000000000000002:36.899999999999999] [0:35.800000000000004] [259.42265909999998:282.77648069999998] [0:42] [0:22] [9.375:52.550000000000004] [-24.299999999999997:25.699999999999999] [-27.399999999999999:35.700000000000003] [-6.1999999999999318:8.9000000000000909] [-10.600000000000023:13.5] [-20.027499999999975:21.845291299999985] [-15.300000000000001:28.000000000000004] [347.09999999999997:4155.3000000000002] [0:38.300000000000004] [0:61] [0.90000000000000002:58.299999999999997] [0:36.899999999999999] [259.42265909999998:298.4303941] [0:11.300000000000001] [0.90000000000000002:58.299999999999997] [0:36.899999999999999] [259.42265909999998:298.4303941] [0:11.300000000000001] [0.90000000000000002:58.299999999999997] [0:36.899999999999999] [259.42265909999998:298.4303941] [0:11.300000000000001] [0.90000000000000002:52.899999999999999] [0:34.299999999999997] [259.42265909999998:296.58327589999999] [0:11.300000000000001] [0:23] [-1:1] [-1:1] [1:5] [1:120] [0:3] [7.1180162044653335:13.272327018090158] [1:9] [0:1] [8.3691524328166658:3138.2235042681623] [1:14] [2.21:87.829999999999998] [2.21:77.180000000000007] [0.080000000000000002:85.170000000000002] [0.01:5.5099999999999998] [0:9.4100000000000001] [2.0800000000000001:18.32] [2.269926047658176:95.299005138296707] [3.04:81.680000000000007] [14.09:40.350000000000001] [21.422650442923519:851.59337963521523] none none [0:7.3499999999999996] [0:1] none none none [0:3.2428571428571433] [0:1] none none none [0:1.3759999999999999] [0:1] none [25:49] [0:1] [0:0.73061224489795928] [0:0.8571428571428571] [0:1]
tree_sizes=3067 2675 2710 2703 2623 2741 2717 2673 2634 2717 2654 2651 2706 2650 2678 2633 2737 2767 2697 2709 2675 2632 2718 2670 2664 2644 2706 2672 2669 2667 2664 2674 2652 2660 2692 2700 2693 2707 2682 2672 2624 2624 2674 2702 2660 2699 2671 2671 2718 2673 2676 2652 2668 2697 2717 2634 2669 2710 2692 2643 2708 2669 2674 2658 2711 2688 2693 2674 2697 2645 2667 2638 2675 2604 2642 2655 2643 2582 2633 2639 2677 2680 2690 2657 2643 2700 2631 2690 2659 2650 2709 2712 2615 2610 2664 2673

Tree=0
num_leaves=31
num_cat=0
split_feature=85 138 114 117 32 155 115 19 123 114 114 140 23 43 13 43 85 14 118 77 99 74 69 14 85 7 16 114 101 131
split_gain=0.00299549 0.00451466 0.00119841 0.000760085 0.00057111 0.000416981 0.000341382 0.000338795 0.000344212 0.000251537 0.000679057 0.00136552 0.000185348 0.000189571 0.000155118 0.000236334 0.000148956 0.000195989 0.000132996 9.65788e-05 8.80593e-05 0.000167243 0.00032406 6.35575e-05 6.48762e-05 5.56745e-05 7.09407e-05 5.45057e-05 2.60319e-05 7.95252e-05
threshold=280.18200350000001 4.0300000000000011 34.150000000000013 0.15000000000000005 13.050000000000002 0.65600000000000014 18.850000000000005 -6.5714285714285687e-05 -0.70710678118654735 16.550000000000004 16.950000000000003 47.610000000000007 29.731250000000006 0.29250000000000004 0.0028166693472222223 0.37050000000000005 276.14923485000003 0.016852259000000005 16.950000000000003 279.56948945000005 1.5999999999999661 15.550000000000002 280.54696180000008 0.035222639000000007 276.22906010000003 0.013350000000000002 0.77500000000000013 28.850000000000005 -1.8824448500000128 94.227198244092591
decision_type=2 2 2 2 2 2 2 2 2 2 2 2 2 2 2 2 2 2 10 2 2 2 2 2 2 2 2 2 2 2
left_child=2 -2 3 9 12 16 25 8 -7 -1 11 -11 13 -4 19 -16 -5 -18 -17 27 21 22 -15 24 -23 26 -3 -12 29 -21
right_child=1 6 4 5 -6 7 -8 -9 -10 10 14 -13 -14 20 15 18 17 -19 -20 28 -22 23 -24 -25 -26 -27 -28 -29 -30 -31
leaf_value=0.0005367999006424401 0.0010089717822084352 0.00055998191499442873 0.00055998191499442873 0.00055690886103993103 0.00055998191499442873 0.00079113966952790865 0.00070644629497734258 0.00055998191499442873 0.00055998191499442873 0.00055998191499442873 0.00054021328774349234 0.00086683161989074809 0.00055998191499442873 0.00072047932818632924 0.00055998191499442873 0.00055998191499442873 0.00055998191499442873 0.00066956114250185173 0.0006867880095818618 0.00061643982398650661 0.00055998191499442873 0.00063770637831560794 0.00055998191499442873 0.00055998191499442873 0.00055998191499442873 0.00055998191499442873 0.00061752050150059668 0.00055998191499442873 0.00055646732328607049 0.00055998191499442873
leaf_weight=5681 86 99 88 550 452 65 73 105 52 81 3037 50 72 206 256 53 226 72 62 78 75 125 57 57 135 209 103 535 977 85
leaf_count=5681 86 99 88 550 452 65 73 105 52 81 3037 50 72 206 256 53 226 72 62 78 75 125 57 57 135 209 103 535 977 85
internal_value=0.000559123 0.000670811 0.000553926 0.000548702 0.000599286 0.000587245 0.000599613 0.000650301 0.000710295 0.000544456 0.000553758 0.000662532 0.000624404 0.000631917 0.000549952 0.00057551 0.000564762 0.000595939 0.000636576 0.000546876 0.000641169 0.000648419 0.00069086 0.000597183 0.000607888 0.000568192 0.000588661 0.000542831 0.000559982 0.000577959
internal_weight=13802 570 13232 11965 1267 1070 484 222 117 10895 5214 131 815 743 5083 371 848 298 115 4712 655 580 263 317 260 411 202 3572 1140 163
internal_count=13802 570 13232 11965 1267 1070 484 222 117 10895 5214 131 815 743 5083 371 848 298 115 4712 655 580 263 317 260 411 202 3572 1140 163
is_linear=0
shrinkage=1


Tree=1
num_leaves=31
num_cat=0
split_feature=85 138 90 75 123 84 128 83 23 123 2 128 84 16 21 83 91 101 100 88 23 33 116 22 103 105 73 10 74 81
split_gain=0.0027332 0.00405205 0.00102593 0.000497087 0.000844722 0.000446979 0.000885742 0.000317247 0.000255424 0.000448552 0.000249453 0.00145655 0.000224917 0.000164259 0.000148221 0.0001374 0.00025961 0.000122038 0.000119558 0.00012753 0.000188892 7.88405e-05 6.02984e-05 5.73992e-05 9.50218e-05 0.000149529 0.000185197 4.45416e-05 4.11217e-05 3.86866e-05
threshold=280.18200350000001 4.0300000000000011 22.741836734693884 16.650000000000002 0.12940952255126045 0.15000000000000005 9.0494084161360799 19.450000000000003 22.528472222222227 -0.70710678118654735 0.0059917800000000012 9.0640421076593753 4.7500000000000009 0.24500000000000002 0.19444444444444448 24.350000000000005 17.750000000000004 -1.0916013499999904 -2.3000000000000109 35.237500000000004 29.470138888888894 0.25617446809663574 295.38185640000006 7.5000000000000009 1540.6000000000001 14.500000000000002 39.550000000000004 31.840000000000007 28.592857142857149 39.95000000000001
decision_type=2 2 2 2 2 2 2 2 2 2 2 2 2 2 2 2 2 2 2 2 2 2 2 2 2 2 2 2 2 2
left_child=2 -2 10 4 5 17 -7 -3 9 -9 12 -12 22 -8 -14 16 -15 -4 -19 -20 -21 27 -1 24 25 -23 -27 28 -5 -6
right_child=1 7 3 21 29 6 13 8 -10 -11 11 -13 14 15 -16 -17 -18 18 19 20 -22 23 -24 -25 -26 26 -28 -29 -30 -31
leaf_value=-2.2020613565655341e-05 0.0004267984140429251 0 0 0 -8.4817958761796512e-06 0.00024907601376080775 0 0 0 0.00017035600778301941 0.00026506490328893911 -6.7217383176729858e-06 8.2837784906991555e-05 0 0 0 0.00014008170159199619 0 0 9.6340945952265021e-05 0 0 0 0 0 0 0.0001366839666297892 0 -1.6683217821080772e-05 1.1092258684749885e-05
leaf_weight=7170 86 238 256 142 779 96 111 72 63 111 52 375 53 73 882 119 125 91 127 186 51 109 74 303 155 85 67 105 1317 329
leaf_count=7170 86 238 256 142 779 96 111 72 63 111 52 375 53 73 882 119 125 91 127 186 51 109 74 303 155 85 67 105 1317 329
internal_value=-6.83861e-07 0.000105992 -5.6647e-06 1.27272e-05 2.90939e-05 5.75659e-05 9.63399e-05 3.79179e-05 7.76797e-05 0.000107567 -1.61322e-05 1.52361e-05 -1.83828e-05 4.99256e-05 0 6.82199e-05 9.57241e-05 2.18721e-05 3.76301e-05 5.08719e-05 7.28595e-05 -1.88579e-06 -2.14277e-05 8.54263e-06 2.16823e-05 4.0681e-05 7.26447e-05 -9.87722e-06 -1.34479e-05 0
internal_weight=13802 570 13232 4626 2343 1235 524 484 246 183 8606 427 8179 428 935 317 198 711 455 364 237 2283 7244 719 416 261 152 1564 1459 1108
internal_count=13802 570 13232 4626 2343 1235 524 484 246 183 8606 427 8179 428 935 317 198 711 455 364 237 2283 7244 719 416 261 152 1564 1459 1108
is_linear=0
shrinkage=0.05


Tree=2
num_leaves=31
num_cat=0
split_feature=114 103 120 133 43 49 120 116 95 117 44 14 124 2 31 114 120 15 21 50 133 77 43 128 15 114 43 44 81 137
split_gain=0.00240626 0.00331211 0.000747603 0.000694891 0.000617185 0.000580087 0.000637374 0.000512175 0.000393457 0.00030106 0.000251053 0.000225228 0.00020917 0.000754718 0.000136311 9.46478e-05 8.56049e-05 7.55449e-05 6.30892e-05 5.84389e-05 5.70884e-05 7.40807e-05 6.6757e-05 3.8217e-05 0.000110001 2.63454e-05 2.3448e-05 2.25727e-05 1.24122e-05 3.32706e-05
threshold=33.050000000000004 787.55000000000007 270.62643205000006 79.485000000000014 0.35450000000000004 963.35000000000002 267.91831200000007 278.16911585000008 6.5000000000000009 0.8500000000000002 402.50000000000006 0.018475221000000003 -0.78656609248549325 0.0059917800000000012 17.650000000000002 25.550000000000004 274.38332920000005 7.3958333333333347e-05 0.12500000000000003 1010.6500000000002 58.910000000000004 275.73959065000003 0.33950000000000008 9.8349787513369957 0.00027916666666666671 29.250000000000004 0.22950000000000004 682.50000000000011 45.45000000000001 1.4400000000000002
decision_type=2 2 8 2 2 2 10 2 2 2 2 2 2 2 2 2 8 2 2 2 2 2 2 2 2 2 2 2 2 2
left_child=2 -2 3 9 14 -5 -7 -6 10 18 -9 -11 13 16 17 -14 23 -3 -1 26 21 -19 -23 24 -4 -18 -20 -8 -21 -30
right_child=1 4 12 5 7 6 27 8 -10 11 -12 -13 15 -15 -16 -17 25 20 19 28 -22 22 -24 -25 -26 -27 -28 -29 29 -31
leaf_value=3.2250390334399532e-05 0.00037959781569676314 0 0 0 0 0.00024740905583894352 0 0 0 2.6514695875687507e-06 0.00020056762280103451 0.00012396043379296663 -2.1453605420428132e-05 0.00013215264717218817 0 0 -1.6891576780409405e-05 0 0 0 0 9.1118742154838023e-05 0 0 7.5613321731749026e-05 0 -1.4616772521066648e-05 3.1106823431836229e-05 0 3.9553513243309647e-05
leaf_weight=76 78 103 104 171 80 84 50 71 65 273 155 83 6651 99 706 457 1448 60 65 578 62 147 74 219 65 73 1446 70 117 72
leaf_count=76 78 103 104 171 80 84 50 71 65 273 155 83 6651 99 706 457 1448 60 65 578 62 147 74 219 65 73 1446 70 117 72
internal_value=-5.27911e-07 5.66893e-05 -8.44969e-06 1.1915e-05 3.66326e-05 7.59965e-05 0.000132918 9.53736e-05 0.000126385 1.17854e-06 0.000157735 4.52078e-05 -1.58904e-05 0 1.33123e-05 -1.99345e-05 -8.57252e-06 3.49212e-05 -3.37332e-06 -6.76939e-06 4.61914e-05 5.5757e-05 6.91615e-05 4.18153e-06 2.45362e-05 -1.51118e-05 -1.28723e-05 1.00701e-05 0 1.27796e-05
internal_weight=13802 1601 12201 3085 1523 375 204 371 291 2710 226 356 9116 2008 1152 7108 1909 446 2354 2278 343 281 221 388 169 1521 1511 120 767 189
internal_count=13802 1601 12201 3085 1523 375 204 371 291 2710 226 356 9116 2008 1152 7108 1909 446 2354 2278 343 281 221 388 169 1521 1511 120 767 189
is_linear=0
shrinkage=0.05


Tree=3
num_leaves=31
num_cat=0
split_feature=114 29 111 120 133 119 41 32 117 124 2 136 142 141 50 23 4 124 131 74 126 114 120 21 110 16 116 50 114 24
split_gain=0.00219978 0.00299644 0.00318688 0.000689579 0.000635272 0.000464462 0.000884986 0.000393151 0.000279219 0.000190619 0.000680769 0.000148906 0.000242101 0.000121542 0.000119504 0.000115191 0.000130668 0.000161835 0.000107069 0.000120283 9.88209e-05 8.77253e-05 7.70537e-05 5.72306e-05 6.03886e-05 3.59895e-05 3.03884e-05 2.73734e-05 2.44834e-05 1.97105e-05
threshold=33.050000000000004 25.700000000000006 7.2500000000000009 270.62643205000006 79.485000000000014 7.3500000000000005 61.500000000000007 13.050000000000002 0.8500000000000002 -0.78656609248549325 0.0059917800000000012 0.8650000000000001 678.80179071918894 37.265000000000008 1020.1500000000002 29.731250000000006 1.0365000000000002e-05 0.25881904510252057 439.99105755053989 8.264285714285716 31.500000000000004 29.450000000000003 274.30409090000006 0.12500000000000003 23.150000000000002 1.8600000000000003 294.70511875000005 1011.2500000000001 29.250000000000004 31.150000000000002
decision_type=2 2 2 8 2 10 2 2 2 2 2 2 2 2 2 2 2 2 2 2 2 2 8 2 2 2 2 2 2 2
left_child=3 2 -2 4 8 6 -6 15 23 10 22 12 13 -10 -4 16 -3 18 19 -18 -21 26 25 -1 -25 -5 29 -26 -24 -11
right_child=1 7 14 9 5 -7 -8 -9 11 21 -12 -13 -14 -15 -16 -17 17 -19 -20 20 -22 -23 28 24 27 -27 -28 -29 -30 -31
leaf_value=3.0658813858670849e-05 0.00060594144402891881 0 0 0 0.00023299132706781187 0 0 0 0.00014447457773674114 0 0.00012561108506924942 0 0 0 0.00011471716911318272 0 0 2.9973196464820532e-06 0 0.00012689579706265822 0 0 -1.5971280253686255e-05 2.2116153018468547e-06 -1.5037164511753077e-05 3.9568427035520157e-05 0 0 0 -2.086755170403494e-05
leaf_weight=76 50 205 60 317 98 169 108 540 93 231 99 138 73 52 50 72 50 221 56 242 55 152 1459 510 1367 60 84 401 73 6641
leaf_count=76 50 205 60 317 98 169 108 540 93 231 99 138 73 52 50 72 50 221 56 242 55 152 1459 510 1367 60 84 401 73 6641
internal_value=-3.21715e-07 5.43769e-05 0.000262934 -7.91283e-06 1.16212e-05 7.29433e-05 0.000123589 2.75863e-05 1.26752e-06 -1.50724e-05 0 4.36654e-05 6.93395e-05 0.000106572 5.7922e-05 4.80235e-05 5.34161e-05 6.56645e-05 8.75617e-05 9.83361e-05 0.000110912 -1.8931e-05 -8.06089e-06 -3.03707e-06 -6.36816e-06 3.82539e-06 -1.99433e-05 -1.16694e-05 -1.42481e-05 -2.03384e-05
internal_weight=13802 1601 160 12201 3085 375 206 1441 2710 9116 2008 356 218 145 110 901 829 624 403 347 297 7108 1909 2354 2278 377 6956 1768 1532 6872
internal_count=13802 1601 160 12201 3085 375 206 1441 2710 9116 2008 356 218 145 110 901 829 624 403 347 297 7108 1909 2354 2278 377 6956 1768 1532 6872
is_linear=0
shrinkage=0.05


Tree=4
num_leaves=31
num_cat=0
split_feature=85 138 114 117 32 122 103 6 28 123 43 114 114 138 23 43 21 30 118 122 122 85 132 82 114 80 30 137 103 35
split_gain=0.00216489 0.00353945 0.00084724 0.000573855 0.000436844 0.000365247 0.000564478 0.00052378 0.000211086 0.00022894 0.00028429 0.000177447 0.000615022 0.00135198 0.000147389 0.000157288 0.000145041 0.000122225 0.000155152 0.000186703 0.000118691 6.74196e-05 0.000139934 0.000101884 4.07431e-05 1.99576e-05 1.94724e-05 1.73614e-05 1.63641e-05 1.52166e-05
threshold=280.18200350000001 4.0300000000000011 34.150000000000013 0.15000000000000005 13.050000000000002 17.500000000000004 1540.6000000000001 0.0010576388888888892 20.650000000000002 -0.70710678118654735 0.32450000000000007 16.550000000000004 16.950000000000003 5.0300000000000002 29.731250000000006 0.29250000000000004 0.28472222222222227 -1.0785714285714285 20.050000000000004 7.5000000000000009 2.5000000000000004 278.36236620000005 6.5000000000000009 19.198000000000004 26.750000000000004 29.587500000000006 -1.5971428571428572 0.025000000000000005 2119.2500000000005 294.98750895000006
decision_type=2 2 2 2 2 2 2 2 2 2 2 2 2 2 2 2 2 2 10 2 2 2 2 2 2 2 2 2 2 2
left_child=2 -2 3 11 14 26 7 -7 9 -3 -11 -1 13 -13 15 -4 17 -14 -19 -20 -17 22 23 -22 27 -26 -5 -18 29 -28
right_child=1 8 4 5 -6 6 -8 -9 -10 10 -12 12 16 -15 -16 20 24 18 19 -21 21 -23 -24 -25 25 -27 28 -29 -30 -31
leaf_value=-1.9226990410430353e-05 0.00039435163621910971 0 0 0 0 0 0 0.00024016322495569784 0 0 0.00015049669094760248 0.00030272633330633995 0 0 0 0 0 0 0 0.0001261546845030113 0 0 0 0.00011669521586353765 0 -8.8398731342380874e-06 2.5782809928619108e-05 -1.7494596546009356e-05 0 0
leaf_weight=5681 86 101 88 471 452 75 152 73 228 56 99 50 482 81 72 79 217 150 54 75 64 98 96 318 769 663 191 2673 54 54
leaf_count=5681 86 101 88 471 452 75 152 73 228 56 99 50 482 81 72 79 217 150 54 75 64 98 96 318 769 663 191 2673 54 54
internal_value=-1.02566e-07 9.48329e-05 -4.57684e-06 -9.02599e-06 3.34698e-05 2.43388e-05 7.17034e-05 0.000140916 3.06e-05 6.18096e-05 9.98139e-05 -1.27636e-05 -4.76013e-06 9.90043e-05 5.54898e-05 6.22282e-05 -8.43679e-06 8.04677e-06 3.56021e-05 7.55891e-05 7.06487e-05 7.86693e-05 8.83569e-05 0.00010333 -1.24969e-05 -1.17935e-06 0 -1.6373e-05 1.27385e-05 1.90838e-05
internal_weight=13802 570 13232 11965 1267 1070 300 148 484 256 155 10895 5214 131 815 743 5083 761 279 129 655 576 478 382 4322 1432 770 2890 299 245
internal_count=13802 570 13232 11965 1267 1070 300 148 484 256 155 10895 5214 131 815 743 5083 761 279 129 655 576 478 382 4322 1432 770 2890 299 245
is_linear=0
shrinkage=0.05


Tree=5
num_leaves=31
num_cat=0
split_feature=33 124 133 92 139 155 123 77 120 115 116 88 104 33 2 55 81 90 124 10 109 73 19 9 46 21 92 122 4 82
split_gain=0.00156046 0.00155209 0.00315112 0.000634966 0.000800918 0.000581668 0.000968 0.000580508 0.00174397 0.000266637 0.000288497 0.000205088 0.000213023 0.000176617 0.00133844 9.3027e-05 7.58614e-05 6.7189e-05 6.23752e-05 8.19226e-05 5.84017e-05 5.64896e-05 4.82929e-05 3.77587e-05 3.14081e-05 2.53471e-05 2.27235e-05 1.70352e-05 3.13342e-05 3.76743e-05
threshold=0.89770934402968861 -0.78656609248549325 23.815000000000001 17.450000000000006 83.560079890267147 0.11600000000000002 0.12940952255126045 286.12307275000006 267.91831200000007 15.15 274.65975850000007 31.762500000000006 1.8500000000000005 -0.99769824092409354 0.0059917800000000012 7.12639335000003 43.550000000000004 31.125510204081639 0.1294095225512602 4.330000000000001 0.55000000000000016 30.550000000000004 -0.019698571428571423 0.22659722222222226 99.500000000000014 0.22916666666666669 13.050000000000002 15.500000000000002 0.00014936700000000005 27.366000000000003
decision_type=2 2 2 2 2 2 2 2 10 2 2 2 2 2 2 2 2 2 2 2 2 2 2 2 2 2 2 2 2 2
left_child=3 2 -2 9 27 16 15 18 -9 13 24 -12 21 14 25 -7 -3 23 19 -6 22 26 -15 -18 -11 -1 -13 -5 -29 -30
right_child=1 5 -4 4 7 6 -8 8 -10 10 11 12 -14 20 -16 -17 17 -19 -20 -21 -22 -23 -24 -25 -26 -27 -28 28 29 -31
leaf_value=0 2.0558647876391155e-05 -4.566270370038261e-06 0.00053123241572714452 -3.949860129711482e-06 7.5492388281581138e-05 0.00027303028404444032 0 0.00035319841726985933 0 -1.2418241521997643e-05 0 4.4248418280160529e-05 0.00014903511099784199 0 0.00023438624076516139 7.5498862730245648e-06 0 0 0 0 0 0 -1.8263469953171614e-05 5.8694988754268704e-05 0 -1.2601900846592223e-05 0 0 4.3210349511088157e-05 0
leaf_weight=52 134 574 50 742 66 64 161 68 109 912 239 186 70 118 59 51 75 210 129 57 392 148 7694 127 240 752 59 176 108 58
leaf_count=52 134 574 50 742 66 64 161 68 109 912 239 186 70 118 59 51 75 210 129 57 392 148 7694 127 240 752 59 176 108 58
internal_value=-5.05711e-08 4.87173e-05 0.000188477 -6.12754e-06 2.32057e-05 2.42484e-05 8.90353e-05 8.09477e-05 0.000154479 -1.06509e-05 4.69379e-06 3.15515e-05 5.11201e-05 -1.43401e-05 2.70388e-06 0.000199479 9.75638e-07 2.07955e-05 9.13125e-06 3.77847e-05 -1.67425e-05 2.06554e-05 -1.76936e-05 4.13192e-05 -7.3493e-06 -8.35655e-06 3.546e-05 0 9.50621e-06 2.55867e-05
internal_weight=13880 1446 184 12434 1513 1262 276 429 177 10921 1854 702 463 9067 863 115 986 412 252 123 8204 393 7812 202 1152 804 245 1084 342 166
internal_count=13880 1446 184 12434 1513 1262 276 429 177 10921 1854 702 463 9067 863 115 986 412 252 123 8204 393 7812 202 1152 804 245 1084 342 166
is_linear=0
shrinkage=0.05


Tree=6
num_leaves=31
num_cat=0
split_feature=114 29 67 117 14 12 137 74 74 139 33 100 85 83 67 23 101 47 83 20 82 122 13 90 88 88 100 77 24 35
split_gain=0.00158474 0.00285135 0.00313923 0.000736583 0.000379481 0.000556026 0.000294138 0.000764046 0.00144151 0.00042731 0.000413389 0.000200361 0.000164015 0.000140371 0.000150568 0.000283987 0.000128998 0.000147812 0.000156022 0.000172528 0.000112337 0.000148469 8.89448e-05 4.44538e-05 6.73158e-05 4.22718e-05 8.03355e-05 0.000159529 3.47324e-05 2.42434e-05
threshold=33.050000000000004 26.550000000000004 8.2500000000000018 0.8500000000000002 0.018475221000000003 0.046490160500000009 0.055000000000000007 23.507142857142863 24.078571428571436 83.560079890267147 0.17648889983607988 -5.3000000000000105 276.05114680000003 18.050000000000004 6.4500000000000011 23.032638888888894 -2.1944459499999875 19.500000000000004 31.150000000000002 1.0000000180025095e-35 19.970000000000002 8.5000000000000018 0.003046225513888889 26.182653061224496 31.662500000000005 27.712500000000006 3.4500000000000459 269.17335385000007 31.650000000000002 286.37105405000005
decision_type=2 2 2 2 2 2 2 2 2 2 2 2 2 2 2 2 2 2 2 2 2 2 2 2 2 2 2 2 2 2
left_child=3 2 -2 6 23 -6 7 29 -9 -10 -11 -3 22 -14 15 -15 -13 -18 19 20 -19 -22 28 24 -5 -24 -27 -28 -8 -1
right_child=1 11 -4 4 5 -7 12 8 9 10 -12 16 13 14 -16 -17 17 18 -20 -21 21 -23 25 -25 -26 26 27 -29 -30 -31
leaf_value=-1.4021841151543746e-05 0.00054466016986407342 0 9.354016602931851e-06 0 0.00022186908925293325 0 0 0.00029472832619832921 -6.0637898241111466e-07 1.4682905720321505e-06 0.00020916613850864831 0 -1.0637175086939952e-05 0.00015515856895434443 0 0 0 0 0 0 0 0.00011581940341728349 -7.6930955409084272e-06 0 5.7650090595098384e-05 0 0 0.0001103775016664648 -1.7635843170660062e-05 0
leaf_weight=1228 59 431 89 86 72 52 467 59 359 154 52 187 589 56 450 54 193 79 156 74 52 246 389 229 102 159 50 55 7601 51
leaf_count=1228 59 431 89 86 72 52 467 59 359 154 52 187 589 56 450 54 193 79 156 74 52 246 389 229 102 159 50 55 7601 51
internal_value=0 4.71097e-05 0.000258533 -6.27029e-06 4.93056e-05 0.000132768 -9.25278e-06 7.12006e-06 5.40461e-05 1.96026e-05 7.88086e-05 2.13526e-05 -1.29165e-05 1.20634e-06 2.25726e-05 7.72419e-05 3.40854e-05 4.28447e-05 5.50105e-05 7.02391e-05 8.39072e-05 9.91961e-05 -1.53504e-05 1.2267e-05 3.0345e-05 0 1.76547e-05 5.17101e-05 -1.68006e-05 -1.18923e-05
internal_weight=13880 1566 148 12314 541 124 11773 1903 624 565 206 1418 9870 1149 560 110 987 800 607 451 377 298 8721 417 188 653 264 105 8068 1279
internal_count=13880 1566 148 12314 541 124 11773 1903 624 565 206 1418 9870 1149 560 110 987 800 607 451 377 298 8721 417 188 653 264 105 8068 1279
is_linear=0
shrinkage=0.05


Tree=7
num_leaves=31
num_cat=0
split_feature=114 29 67 120 133 77 124 82 93 124 2 81 128 101 20 122 94 116 104 114 21 136 84 104 13 33 19 0 84 15
split_gain=0.0014481 0.00260736 0.00278966 0.000560751 0.0004715 0.000572522 0.0013316 0.000187819 0.000182946 0.000163595 0.00121667 0.000155457 0.000259169 0.000136075 0.000107818 0.000100646 0.000139922 0.000106969 0.000158602 9.24076e-05 5.04568e-05 4.2238e-05 2.99068e-05 3.7034e-05 4.78681e-05 4.78333e-05 3.26736e-05 3.05559e-05 2.77582e-05 2.49431e-05
threshold=33.050000000000004 26.550000000000004 8.2500000000000018 270.62643205000006 80.210000000000022 286.12307275000006 -0.5 31.242000000000001 266.04242460000006 -0.9159756150367534 0.0059917800000000012 45.45000000000001 9.4017455261924869 -2.1944459499999875 1.0000000180025095e-35 11.500000000000002 28.500000000000004 294.91587265000004 0.35000000000000009 26.650000000000002 0.12500000000000003 0.64500000000000013 1.4500000000000004 1.0500000000000003 0.00014674011111111114 0.25617446809663574 1.0000000180025095e-35 0.0090500000000000008 10.750000000000002 0.0013427083333333336
decision_type=2 2 2 8 2 2 2 2 2 2 2 2 2 2 2 2 2 2 2 2 2 2 2 2 2 2 2 2 2 2
left_child=3 2 -2 4 8 21 -7 13 20 10 29 22 -13 -3 15 -15 17 18 -17 28 -1 -6 -10 24 -24 -26 27 -27 -11 -5
right_child=1 7 -4 9 5 6 -8 -9 11 19 -12 12 -14 14 -16 16 -18 -19 -20 -21 -22 -23 23 -25 25 26 -28 -29 -30 -31
leaf_value=1.2154634866405214e-05 0.00051788104774338236 0 8.8915112864924565e-06 -1.0526349009380275e-05 0 0 0.00030316435347745225 0 0 -1.6978873689664814e-05 0.00022562046176201461 0.0001447708478270429 2.9856478735606686e-07 0 0 0 0 0 0.00012658167369135714 0 -1.1913000292932412e-05 4.1606057641386497e-05 0 0 0 7.0289921125016734e-05 0 0 0 0
leaf_weight=62 59 163 89 923 177 61 68 580 352 7333 58 67 218 128 132 50 87 96 182 448 1379 60 98 194 144 115 60 67 179 251
leaf_count=62 59 163 89 923 177 61 68 580 352 7333 58 67 218 128 132 50 87 96 182 448 1379 60 98 194 144 115 60 67 179 251
internal_value=0 4.51486e-05 0.00024747 -5.88199e-06 1.16158e-05 6.56429e-05 0.000152232 2.03487e-05 2.60618e-06 -1.23695e-05 1.17908e-06 1.73704e-05 5.21322e-05 3.5496e-05 4.54644e-05 5.53539e-05 6.79094e-05 8.30327e-05 0.000104321 -1.50944e-05 -7.40236e-06 0 2.86095e-06 1.10698e-05 1.90383e-05 2.76309e-05 4.1328e-05 5.20995e-05 -1.64978e-05 -5.83643e-06
internal_weight=13880 1566 148 12314 3122 366 129 1418 2756 9192 1232 1315 285 838 675 543 415 328 232 7960 1441 237 1030 678 484 386 242 182 7512 1174
internal_count=13880 1566 148 12314 3122 366 129 1418 2756 9192 1232 1315 285 838 675 543 415 328 232 7960 1441 237 1030 678 484 386 242 182 7512 1174
is_linear=0
shrinkage=0.05


Tree=8
num_leaves=31
num_cat=0
split_feature=114 29 19 120 139 24 119 120 120 116 126 93 131 33 101 83 55 88 122 49 114 89 19 11 84 94 24 94 41 81
split_gain=0.00132996 0.00238161 0.00255862 0.000512674 0.000416089 0.000459068 0.000457399 0.000609056 0.000937107 0.00017886 0.000168615 0.00052751 0.000155771 0.00117372 0.000123643 0.000130666 0.000174489 0.000106257 0.000164417 0.000182742 9.69335e-05 5.67817e-05 0.000107888 5.26949e-05 2.8631e-05 2.61868e-05 1.71497e-05 1.67014e-05 1.51866e-05 1.25098e-05
threshold=33.050000000000004 26.550000000000004 -7.5714285714285686e-05 270.62643205000006 83.560079890267147 39.800000000000004 8.1500000000000004 265.02781525000006 267.91831200000007 280.55395980000009 25.500000000000004 268.04700510000004 33.205449859187688 -0.99794424474338117 -2.1601862999999919 31.150000000000002 7.4847252500000261 33.487500000000004 8.5000000000000018 990.75000000000011 26.650000000000002 35.750000000000007 -0.0016314285714285712 0.01171224859027778 9.0500000000000025 32.500000000000007 31.150000000000002 8.5000000000000018 33.500000000000007 55.250000000000007
decision_type=2 2 2 8 2 2 10 10 10 2 2 2 2 2 2 2 2 2 2 2 2 2 2 2 2 2 2 2 2 2
left_child=3 2 -2 4 10 -6 7 -7 -9 -3 11 -1 13 -5 -11 16 17 -16 -19 -20 23 22 -12 26 -15 27 -14 -23 -28 -29
right_child=1 9 -4 12 5 6 -8 8 -10 14 21 -13 20 24 15 -17 -18 18 19 -21 -22 25 -24 -25 -26 -27 28 29 -30 -31
leaf_value=0.00018487514509972386 0.00051744868900013082 0 1.9432683202658631e-05 0.00019821351277641956 0 0 0 0.00035550045245478644 0 0 7.9705197030517197e-05 0 0 -1.2032598420755353e-05 0 0 0 0 0.00015051462014087277 0 0 0 0 0 0 0 0 -1.2267879775008134e-05 -1.7031938144545511e-05 0
leaf_weight=50 54 656 94 73 186 59 99 59 65 118 51 292 296 785 70 154 129 71 140 80 546 305 339 57 50 79 182 1484 7203 54
leaf_count=50 54 656 94 73 186 59 99 59 65 118 51 292 296 785 70 154 129 71 140 80 546 305 339 57 50 79 182 1484 7203 54
internal_value=0 4.34133e-05 0.000236952 -5.49283e-06 1.1211e-05 5.51458e-05 9.53685e-05 0.000142139 0.000204745 1.9537e-05 1.56254e-06 3.51732e-05 -1.17107e-05 4.09968e-06 3.59986e-05 4.48577e-05 5.75208e-05 7.54501e-05 8.92589e-05 0.000111295 -1.40474e-05 -1.26064e-06 1.24526e-05 -1.55745e-05 -7.10669e-06 -6.64838e-06 -1.61714e-05 -9.03313e-06 -1.66673e-05 -1.11758e-05
internal_weight=13880 1566 148 12314 3122 468 282 183 124 1418 2654 342 9192 908 762 644 490 361 291 220 8284 2312 390 7738 835 1922 7681 1843 7385 1538
internal_count=13880 1566 148 12314 3122 468 282 183 124 1418 2654 342 9192 908 762 644 490 361 291 220 8284 2312 390 7738 835 1922 7681 1843 7385 1538
is_linear=0
shrinkage=0.05


Tree=9
num_leaves=31
num_cat=0
split_feature=114 28 117 100 14 12 99 131 33 138 77 74 80 67 86 8 28 138 131 121 118 82 19 84 133 104 93 39 115 120
split_gain=0.00122185 0.00214936 0.00060815 0.000335376 0.000323618 0.000472398 0.000259383 0.000210333 0.000887426 0.00019141 0.000185049 0.000135059 0.000140692 0.000100514 0.000162839 0.000265086 7.29142e-05 0.00011419 0.0001236 6.94859e-05 4.53608e-05 3.97837e-05 3.84132e-05 2.95115e-05 2.53634e-05 2.41448e-05 1.3937e-05 1.63851e-05 1.19908e-05 1.31522e-05
threshold=33.050000000000004 10.250000000000002 0.8500000000000002 -0.35000000000002268 0.018475221000000003 0.046490160500000009 1.350000000000023 33.205449859187688 -0.99794424474338117 2.6900000000000004 279.56948945000005 8.8500000000000032 18.787500000000005 6.6500000000000012 1.5000000000000002 0.0018963249764458346 29.050000000000001 4.6950000000000012 79.487866682123368 1.0000000180025095e-35 19.450000000000003 28.102000000000004 -0.019698571428571423 7.7500000000000018 80.210000000000022 0.25000000000000006 262.68921020000005 0.66500000000000015 13.350000000000003 269.86887835000005
decision_type=2 2 2 2 2 2 2 2 2 2 2 2 2 2 2 2 2 2 2 10 8 2 2 2 2 2 2 2 2 10
left_child=2 -2 7 16 20 -6 11 8 -1 -10 19 -5 -13 14 -12 -16 17 18 21 22 25 -3 -9 -11 -15 -4 -24 -28 29 -21
right_child=1 3 4 6 5 -7 -8 10 9 23 13 12 -14 24 15 -17 -18 -19 -20 28 -22 -23 26 -25 -26 -27 27 -29 -30 -31
leaf_value=0.00016989183368782565 0.00028454941625790932 0 5.9677345576108295e-05 0 0.00020484880857410436 0 0 0 7.7103818753635606e-05 -1.2076846509435754e-05 0 0.00014010633801490258 0 -3.8086612755516246e-06 0 0.00016030101395857015 -1.5457128342992595e-07 0 0 0 0 0.00012090992188695666 0 0 2.1566596973120934e-05 0 -1.6195417780779173e-05 0 5.8405778347593484e-06 -8.9338340214203744e-06
leaf_weight=80 89 51 60 62 72 52 130 127 71 851 90 151 60 1260 74 51 648 208 107 54 302 60 391 205 96 55 7323 98 377 625
leaf_count=80 89 51 60 62 72 52 130 127 71 851 90 151 60 1260 74 51 648 208 107 54 302 60 391 205 96 55 7323 98 377 625
internal_value=0 4.17911e-05 -5.0804e-06 2.35976e-05 4.53917e-05 0.000122713 6.38278e-05 -7.82805e-06 9.94014e-06 0 -1.03317e-05 9.1507e-05 0.000111423 3.10111e-06 3.5119e-05 7.31111e-05 3.80538e-06 2.15248e-05 4.69777e-05 -1.32337e-05 1.0199e-05 8.41084e-05 -1.48425e-05 -6.91109e-06 0 3.67755e-05 -1.53679e-05 -1.59157e-05 0 -5.01213e-06
internal_weight=13880 1566 12314 1477 541 124 403 11773 1207 1127 10566 273 211 1571 215 125 1074 426 218 8995 417 111 7939 1056 1356 115 7812 7421 1056 679
internal_count=13880 1566 12314 1477 541 124 403 11773 1207 1127 10566 273 211 1571 215 125 1074 426 218 8995 417 111 7939 1056 1356 115 7812 7421 1056 679
is_linear=0
shrinkage=0.05


Tree=10
num_leaves=31
num_cat=0
split_feature=92 128 33 19 49 77 3 43 118 91 99 50 82 105 115 141 91 117 119 90 13 9 44 43 24 96 56 116 115 118
split_gain=0.001235 0.00123694 0.00130603 0.00192064 0.00147736 0.0016247 0.0012512 0.00106688 0.000150663 0.000611783 0.00106465 0.000133781 0.000189627 0.000226392 0.000111684 0.000200616 0.000106533 8.53926e-05 5.31581e-05 8.48876e-05 4.66697e-05 3.88569e-05 6.34911e-05 3.65994e-05 2.67582e-05 2.44689e-05 1.86441e-05 1.36515e-05 1.26804e-05 1.48027e-05
threshold=7.450000000000002 9.293439940087163 0.267654485111471 -0.00013999999999999996 963.35000000000002 279.56948945000005 0.037111369500000012 0.35550000000000004 12.950000000000001 12.850000000000003 1.7500000000000002 1021.0500000000001 19.058000000000003 17.500000000000004 20.550000000000004 33.775000000000013 14.15 0.8500000000000002 11.350000000000003 26.947959183673472 0.003046225513888889 0.037638888888888895 322.50000000000006 0.28950000000000004 31.150000000000002 35.412500000000009 -5.3235898499999612 293.82436455000004 14.050000000000002 12.750000000000002
decision_type=2 2 2 2 2 2 2 2 10 2 2 2 2 2 2 2 2 2 10 2 2 2 2 2 2 2 2 2 2 10
left_child=8 2 16 4 -4 6 -6 -7 24 10 -10 20 -13 -14 17 -16 -2 25 19 -19 -11 -5 -23 -24 -1 28 -27 -28 -3 -30
right_child=1 14 3 21 5 7 -8 -9 9 11 -12 12 13 -15 15 -17 -18 18 -20 -21 -22 22 23 -25 -26 26 27 -29 29 -31
leaf_value=0 6.9603363095500922e-05 0 0 0 0 0.00016068529465883331 0.00028239208666370059 0.0005838113796098383 0 -1.4429217138470856e-05 0.00028317297525348961 0 9.9020905277385563e-05 0 0 9.3915666648553171e-05 0 6.0504640256819779e-05 0 0 0 0 0 5.8199340477723079e-05 -1.5816689039316939e-05 0 -1.1333813995367099e-05 0 0 1.6544979020203668e-05
leaf_weight=153 54 720 81 138 137 87 59 57 71 2233 50 298 114 113 345 93 612 146 198 65 199 75 51 105 5451 398 1263 69 112 250
leaf_count=153 54 720 81 138 137 87 59 57 71 2233 50 298 114 113 345 93 612 146 198 65 199 75 51 105 5451 398 1263 69 112 250
internal_value=8.05718e-07 2.0624e-05 5.98562e-05 0.000103571 0.000177362 0.000223071 9.17045e-05 0.000365527 -1.02954e-05 0 0.000108186 -5.85895e-06 1.29009e-05 4.96307e-05 3.63438e-06 2.73155e-05 4.28474e-07 0 2.16978e-05 3.92092e-05 -1.19674e-05 5.61629e-06 2.16569e-05 4.12805e-05 -1.5212e-05 -2.69668e-06 -6.86709e-06 -9.80832e-06 0 9.34509e-06
internal_weight=13797 5115 1456 790 421 340 196 144 8682 3078 121 2957 525 227 3659 438 666 3221 409 211 2432 369 231 156 5604 2812 1730 1332 1082 362
internal_count=13797 5115 1456 790 421 340 196 144 8682 3078 121 2957 525 227 3659 438 666 3221 409 211 2432 369 231 156 5604 2812 1730 1332 1082 362
is_linear=0
shrinkage=0.05


Tree=11
num_leaves=31
num_cat=0
split_feature=114 29 35 117 122 128 128 13 137 32 67 35 21 74 35 85 112 118 112 34 83 67 23 1 111 19 88 21 114 63
split_gain=0.00116427 0.00132943 0.00222666 0.000670531 0.00048542 0.000450758 0.000228013 0.00029431 0.000204693 0.000531497 0.00238744 0.000159488 0.000188024 0.000131524 0.000120427 0.000100125 8.70087e-05 0.00012661 7.83371e-05 8.69831e-05 7.48064e-05 0.000189299 0.00028846 7.28306e-05 5.13848e-05 4.20966e-05 3.35322e-05 2.88955e-05 1.73473e-05 1.57964e-05
threshold=33.050000000000004 25.700000000000006 283.7905487000001 0.15000000000000005 18.500000000000004 9.327159571594974 9.1912085183614014 0.00073988670833333354 0.055000000000000007 12.15 12.850000000000003 285.67351030000003 0.36805555555555564 14.100000000000003 278.91444690000009 276.05114680000003 278.04260355000002 31.950000000000003 283.95389570000003 -0.96695894377701852 18.050000000000004 6.7500000000000009 23.032638888888894 0.0089810045000000022 14.350000000000003 -0.019698571428571423 35.487500000000004 0.12500000000000003 30.750000000000004 5.431750000000001
decision_type=2 2 2 2 2 2 2 2 2 2 2 2 2 2 2 2 2 10 2 2 2 2 2 2 2 2 2 2 2 2
left_child=3 2 -2 8 18 -6 7 14 9 11 -11 -1 -13 16 -3 25 17 -8 -5 -20 -17 22 -22 29 26 -10 -7 -27 -29 -21
right_child=1 6 -4 4 5 24 13 -9 15 10 -12 12 -14 -15 -16 20 -18 -19 19 23 21 -23 -24 -25 -26 27 -28 28 -30 -31
leaf_value=-1.2963755989578284e-05 0.00038684871743237031 0.00017605247583257251 0 0 0.00020801004087182018 6.3411617841178453e-05 0.00011961175461720603 0 0 0.00036817127862175569 0 0.00010917105123026935 0 0 0 -8.4107657187269071e-06 0 0 0 0 0.00014502384340630669 0 0 0 0 0 0 -1.4877353201450963e-05 0 8.1398000955925371e-05
leaf_weight=1307 72 71 86 523 76 68 64 130 128 53 282 56 79 892 53 499 130 73 156 56 63 340 59 137 60 220 60 7606 294 104
leaf_count=1307 72 71 86 523 76 68 64 130 128 53 282 56 79 892 53 499 130 73 156 56 63 340 59 137 60 220 60 7606 294 104
internal_value=8.48525e-07 4.1644e-05 0.00018357 -3.9876e-06 3.00038e-05 9.25511e-05 2.21194e-05 6.84495e-05 -8.28171e-06 5.4472e-06 6.34127e-05 -4.58874e-06 3.92283e-05 7.60533e-06 0.000124275 -1.14741e-05 3.84351e-05 6.66718e-05 7.89019e-06 2.3777e-05 0 1.80977e-05 7.12772e-05 3.98876e-05 1.85676e-05 -1.33168e-05 3.87419e-05 -1.38957e-05 -1.44087e-05 6.38418e-05
internal_weight=13797 1571 158 12226 1240 264 1413 254 10986 1777 335 1442 135 1159 124 9209 267 137 976 453 961 462 122 297 188 8248 128 8120 7900 160
internal_count=13797 1571 158 12226 1240 264 1413 254 10986 1777 335 1442 135 1159 124 9209 267 137 976 453 961 462 122 297 188 8248 128 8120 7900 160
is_linear=0
shrinkage=0.05


Tree=12
num_leaves=31
num_cat=0
split_feature=92 128 33 19 49 77 6 43 2 2 133 49 15 82 88 49 15 44 129 91 100 90 88 134 16 122 24 52 133 134
split_gain=0.00104895 0.00115979 0.00109115 0.00176142 0.00133374 0.00142328 0.00104894 0.000876209 0.00014523 0.00125076 0.000124353 0.000112596 0.000100094 0.000118147 0.000327113 0.000162976 0.000186548 0.000145142 0.000198015 0.000109078 0.000116022 6.32103e-05 2.9452e-05 8.6321e-05 2.76922e-05 8.00431e-05 2.19673e-05 1.77286e-05 4.39539e-05 3.7719e-05
threshold=5.7500000000000018 9.293439940087163 0.267654485111471 -0.00013999999999999996 963.35000000000002 279.56948945000005 0.0053625000000000001 0.35550000000000004 0.0059917800000000012 0.0060912370000000002 86.075000000000017 955.55000000000007 0.0003927083333333334 27.062000000000001 29.762500000000006 962.45000000000016 0.0018010416666666667 362.50000000000006 1.5000000000000002 25.050000000000004 -4.9500000000000446 22.741836734693884 45.675000000000011 10.800000000000002 0.25500000000000006 11.500000000000002 31.650000000000002 3.5000000000000004 8.9700000000000024 10.980000000000002
decision_type=2 2 2 2 2 2 2 2 2 2 2 2 2 2 2 2 2 2 2 2 2 2 2 2 2 2 2 2 2 2
left_child=8 2 10 4 -4 6 -6 -7 21 -10 -2 -12 -3 14 -14 -16 17 -17 -19 20 -20 26 -15 -24 -5 -26 -1 -23 -29 -30
right_child=1 12 3 24 5 7 -8 -9 9 -11 11 -13 13 22 15 16 -18 18 19 -21 -22 27 23 -25 25 -27 -28 28 29 -31
leaf_value=0 0 -2.8779376410784197e-06 0 0 0 0.00014981164531821959 0.00027153314222430879 0.00054871053959780925 0.00024275069682820085 -5.8845033063599891e-06 0 0.00010241068317594781 -1.6255225654121666e-06 -5.530411144032229e-06 0 0 0 0 0 0 0.00018033617067813207 -5.1592362203870239e-06 0 5.5954437068601905e-05 0 5.3749143562527023e-05 -1.4435387229118704e-05 0 5.6709352933871238e-05 0
leaf_weight=308 591 2115 81 168 142 87 54 57 53 411 53 56 392 761 105 88 172 52 55 58 112 636 127 84 108 93 6434 214 71 59
leaf_count=308 591 2115 81 168 142 87 54 57 53 411 53 56 392 761 105 88 172 52 55 58 112 636 127 84 108 93 6434 214 71 59
internal_value=9.31655e-07 1.79091e-05 5.59284e-05 9.66328e-05 0.000167131 0.000210585 8.52831e-05 0.000344887 -1.00954e-05 1.22239e-05 2.78571e-06 5.36252e-05 2.93948e-06 1.15627e-05 2.33373e-05 4.63343e-05 5.76471e-05 7.84802e-05 9.70259e-05 0.000117348 0.000141943 -1.20853e-05 0 1.54071e-05 2.45224e-06 1.8808e-05 -1.38101e-05 0 8.90629e-06 3.23685e-05
internal_weight=13797 5611 1490 790 421 340 196 144 8186 464 700 109 4121 2006 1034 642 537 365 277 225 167 7722 972 211 369 201 6742 980 344 130
internal_count=13797 5611 1490 790 421 340 196 144 8186 464 700 109 4121 2006 1034 642 537 365 277 225 167 7722 972 211 369 201 6742 980 344 130
is_linear=0
shrinkage=0.05


Tree=13
num_leaves=31
num_cat=0
split_feature=114 128 29 117 122 131 14 42 55 50 137 74 74 42 133 133 12 80 99 85 116 81 67 50 0 49 92 119 13 55
split_gain=0.00102219 0.00115093 0.00124685 0.000587657 0.000432243 0.000661958 0.000686663 0.000214467 0.00060576 0.000205975 0.0001755 0.000476398 0.00172955 0.000127737 0.000191956 9.46351e-05 9.29786e-05 0.00013573 0.000101528 8.05533e-05 7.8341e-05 6.90702e-05 0.000125834 4.38674e-05 5.95738e-05 6.98295e-05 5.14734e-05 9.81991e-05 3.40784e-05 3.18878e-05
threshold=33.050000000000004 9.293439940087163 25.700000000000006 0.15000000000000005 18.500000000000004 66.8244980939822 0.0073567035000000006 0.40500000000000008 5.727829650000019 1021.0500000000001 0.055000000000000007 23.507142857142863 24.078571428571436 0.6150000000000001 79.485000000000014 6.2700000000000005 0.054206488000000004 18.787500000000005 1.0499999999999547 276.05114680000003 295.38185640000006 45.45000000000001 8.9500000000000011 1019.4500000000002 0.0096000000000000026 947.45000000000016 11.550000000000002 11.450000000000001 0.003046225513888889 12.798420450000011
decision_type=2 2 2 2 2 2 2 2 2 2 2 2 2 2 2 2 2 2 2 2 2 2 2 2 2 2 2 10 2 2
left_child=3 2 -2 10 23 6 -6 -4 -9 -3 11 29 -13 -14 -15 -11 17 18 20 28 -17 -21 -23 24 25 -5 -27 -28 -12 -1
right_child=1 9 7 4 5 -7 -8 8 -10 15 19 12 13 14 -16 16 -18 -19 -20 21 -22 22 -24 -25 -26 26 27 -29 -30 -31
leaf_value=-1.2053766909880827e-05 0.00033689479188027551 -1.1264831547381825e-07 0 0 0 0 0.00028365596906897102 0.00022462698625092567 0 0 -1.3137480191519162e-05 0.00032678330921900108 0 0 0.00012660652914158111 0.00013226825832151175 0 0 0 -1.8423926349346304e-06 0 9.7464646079221414e-05 0 0 0 0 7.3355583630724808e-05 0 0 0
leaf_weight=1195 64 692 93 73 50 148 66 57 145 94 7652 50 377 54 50 109 99 110 57 822 51 50 89 259 353 68 158 65 596 51
leaf_count=1195 64 692 93 73 50 148 66 57 145 94 7652 50 377 54 50 109 99 110 57 822 51 50 89 259 353 68 158 65 596 51
internal_value=9.24455e-07 3.91575e-05 0.000119446 -3.58223e-06 2.82006e-05 8.72929e-05 0.00017721 5.43996e-05 8.34043e-05 1.11749e-05 -7.62691e-06 4.95097e-06 4.63017e-05 6.15468e-06 5.67031e-05 3.57643e-05 4.59863e-05 5.88363e-05 8.22495e-05 -1.05971e-05 0.000103617 0 3.48345e-05 7.02589e-06 1.48294e-05 2.89937e-05 4.06035e-05 5.21882e-05 -1.22391e-05 -8.68458e-06
internal_weight=13797 1571 359 12226 1240 264 116 295 202 1212 10986 1777 531 481 104 520 426 327 217 9209 160 961 139 976 717 364 291 223 8248 1246
internal_count=13797 1571 359 12226 1240 264 116 295 202 1212 10986 1777 531 481 104 520 426 327 217 9209 160 961 139 976 717 364 291 223 8248 1246
is_linear=0
shrinkage=0.05


Tree=14
num_leaves=31
num_cat=0
split_feature=114 103 120 133 55 107 125 128 96 50 93 155 110 128 124 2 133 15 8 99 116 83 59 113 82 27 34 50 11 128
split_gain=0.000938925 0.00114342 0.000448768 0.000559314 0.000610201 0.00092457 0.000882496 0.000425467 0.000562943 0.000144152 0.000143479 0.000163464 0.000254789 0.00050975 0.000128123 0.00103302 6.77321e-05 6.66509e-05 6.55081e-05 8.49645e-05 5.45999e-05 4.76928e-05 4.25177e-05 3.17696e-05 2.39938e-05 2.14793e-05 3.47557e-05 2.21276e-05 2.27447e-05 4.63694e-05
threshold=33.050000000000004 776.60000000000002 270.17083710000003 79.485000000000014 12.204172450000046 12.850000000000003 2.5000000000000004 9.1912085183614014 49.462500000000013 1021.0500000000001 266.04242460000006 0.054000000000000013 23.150000000000002 9.5358599736102736 -0.9159756150367534 0.0059917800000000012 6.4900000000000011 0.00021875000000000006 0.034614244500268891 1.0499999999999547 294.1231884500001 29.350000000000005 5.743100000000001 0.45000000000000007 25.344000000000005 1546.0500000000004 -0.96695894377701852 1004.7500000000001 0.0030155558402777784 10.399783124401978
decision_type=2 2 8 2 2 2 2 2 2 2 2 2 2 2 2 2 2 2 2 2 2 2 2 2 2 2 2 2 2 2
left_child=2 -2 3 10 -5 6 -6 8 21 -9 24 -12 13 -13 15 -4 -11 -18 19 -19 23 22 -3 -16 -1 -14 -27 -28 29 -29
right_child=1 7 14 4 5 -7 -8 9 -10 16 11 12 25 -15 20 -17 17 18 -20 -21 -22 -23 -24 -25 -26 26 27 28 -30 -31
leaf_value=0 0.0002440523199340013 0 -3.2178306083931169e-06 0 0.00035457638585256296 0 0 -1.1560682493067218e-06 0.00022079163975438103 0 0 0.00020308213193970918 0 0 -1.296671614176687e-05 0.00020575020271906873 0 8.2465684604575955e-05 0 0 0 0 6.2237279396918491e-05 0 -9.03547377592159e-06 0 0 6.5890109277120252e-05 0 0
leaf_weight=123 69 83 1163 157 62 89 61 714 66 94 378 63 177 133 7644 60 138 166 59 51 185 60 71 239 1275 140 50 87 61 79
leaf_count=123 69 83 1163 157 62 89 61 714 66 94 378 63 177 133 7644 60 138 166 59 51 185 60 71 239 1275 140 50 87 61 79
internal_value=9.60287e-07 3.76084e-05 -3.34263e-06 1.30177e-05 7.12338e-05 0.000126398 0.000214672 2.46419e-05 8.2492e-05 7.24158e-06 2.67375e-06 1.68743e-05 3.06178e-05 8.32443e-05 -9.04976e-06 3.10883e-06 2.88468e-05 3.77975e-05 5.23635e-05 6.50789e-05 -1.15126e-05 1.57545e-05 3.33695e-05 -1.23679e-05 -5.62008e-06 4.73873e-06 1.2666e-05 2.35323e-05 3.02959e-05 3.99198e-05
internal_weight=13797 1571 12226 2935 369 212 123 1502 280 1222 2566 1168 790 196 9291 1223 508 414 276 217 8068 214 154 7883 1398 594 417 277 227 166
internal_count=13797 1571 12226 2935 369 212 123 1502 280 1222 2566 1168 790 196 9291 1223 508 414 276 217 8068 214 154 7883 1398 594 417 277 227 166
is_linear=0
shrinkage=0.05


Tree=15
num_leaves=31
num_cat=0
split_feature=33 131 101 14 131 33 35 101 56 123 129 125 88 73 23 9 7 30 118 105 93 54 24 114 92 11 29 116 76 39
split_gain=0.001072 0.00106206 0.00199263 0.00229707 0.000533273 0.00199962 0.000520221 0.000976814 0.00019978 0.000200379 0.000365123 0.000140528 7.58287e-05 0.000172601 0.00014971 8.56836e-05 0.000126264 0.000142212 0.000176677 0.000183142 0.000284316 0.00019468 3.68134e-05 2.81059e-05 2.36948e-05 1.98304e-05 1.80207e-05 1.54147e-05 1.49739e-05 1.48532e-05
threshold=0.89770934402968861 49.756391747410937 -0.46183170000000467 0.0084215285000000025 33.205449859187688 -0.99794424474338117 286.53282025000004 -1.2789084999999998 -2.1345030999999604 -0.60355339059327362 3.5000000000000004 2.5000000000000004 29.762500000000006 35.050000000000004 21.47291666666667 1.7949305555555557 0.010750000000000001 -2.367142857142857 27.850000000000005 9.5000000000000018 265.54938525000006 0.17500000000000002 31.650000000000002 34.95000000000001 17.750000000000007 0.01171224859027778 52.250000000000007 275.67419850000005 6.950000000000002 0.17500000000000002
decision_type=2 2 2 2 2 2 2 2 2 2 2 2 2 2 2 2 2 2 10 2 2 2 2 2 2 2 2 2 2 2
left_child=4 2 -2 -4 5 -1 23 -8 -3 -10 -11 12 27 14 -14 16 -16 -18 19 -19 -21 -22 -13 28 26 29 -15 -6 -7 -24
right_child=1 8 3 -5 11 6 7 -9 9 10 -12 22 13 24 15 -17 17 18 -20 20 21 -23 25 -25 -26 -27 -28 -29 -30 -31
leaf_value=0.00025655850072703952 0 0 0 0.00043199842769570839 0 -1.1559494477597085e-05 0.00027151566124766584 0 0 0.00014931063603268872 0 0 0 -1.070497531487545e-05 0 0 0 0 0 0 0.00022078225956095052 0 -1.2921654660948121e-05 1.2011549095866409e-06 0 0 0 -1.1461724682144226e-05 0 0
leaf_weight=88 161 877 56 83 52 925 50 131 131 97 63 319 403 1060 142 157 118 68 88 53 78 62 6596 66 218 61 76 1127 51 345
leaf_count=88 161 877 56 83 52 925 50 131 131 97 63 319 403 1060 142 157 118 68 88 53 78 62 6596 66 218 61 76 1127 51 345
internal_value=1.17906e-06 4.18146e-05 0.000128265 0.000266373 -3.25505e-06 2.6081e-05 5.2161e-06 8.50896e-05 1.52419e-05 5.13858e-05 8.88844e-05 -7.19968e-06 0 5.62715e-06 2.05507e-05 3.36482e-05 4.2128e-05 5.46604e-05 7.07874e-05 9.15409e-05 0.000116949 0.000154464 -1.12261e-05 -3.9327e-06 -3.57298e-06 -1.20377e-05 -8.20447e-06 -9.63969e-06 -9.39845e-06 -1.23823e-05
internal_weight=13802 1468 300 139 12334 1311 1223 181 1168 291 160 11023 3702 2523 1169 766 609 467 349 261 193 140 7321 1042 1354 7002 1136 1179 976 6941
internal_count=13802 1468 300 139 12334 1311 1223 181 1168 291 160 11023 3702 2523 1169 766 609 467 349 261 193 140 7321 1042 1354 7002 1136 1179 976 6941
is_linear=0
shrinkage=0.05


Tree=16
num_leaves=31
num_cat=0
split_feature=33 124 29 84 128 131 0 35 138 81 131 125 86 111 14 49 30 14 24 92 119 83 114 19 24 32 150 97 39 116
split_gain=0.000980404 0.00102888 0.00128306 0.000727259 0.000615646 0.000489653 0.00196598 0.000540906 0.000456589 0.00014733 0.000266488 0.000129049 6.2504e-05 0.000141516 0.00013349 0.000154142 0.000111169 5.08394e-05 3.40914e-05 3.39029e-05 4.92548e-05 2.67401e-05 2.66668e-05 2.44045e-05 2.37535e-05 2.00996e-05 2.00462e-05 1.34821e-05 1.34599e-05 1.3143e-05
threshold=0.89770934402968861 -0.9159756150367534 26.550000000000004 7.1500000000000012 9.5017903776270458 33.205449859187688 0.043350000000000007 286.53282025000004 3.5950000000000002 43.550000000000004 53.449377895595291 2.5000000000000004 1.5000000000000002 9.2500000000000018 0.0025864760000000003 992.35000000000002 -1.8585714285714297 0.0025127995000000006 31.650000000000002 17.750000000000007 7.6500000000000012 30.850000000000005 34.95000000000001 -0.019698571428571423 60.20000000000001 14.350000000000003 0.66428571428571426 -0.29999999999999799 0.17500000000000002 275.67419850000005
decision_type=2 2 2 2 2 2 2 2 2 2 2 2 2 2 2 2 2 2 2 2 10 2 2 2 2 2 2 2 2 2
left_child=5 2 -2 9 -5 6 7 22 -9 -3 -11 12 29 14 -14 16 -16 -6 -13 24 25 27 26 -20 -15 -21 -1 -12 -25 -7
right_child=1 3 -4 4 17 11 -8 8 -10 10 21 18 13 19 15 -17 -18 -19 23 20 -22 -23 -24 28 -26 -27 -28 -29 -30 -31
leaf_value=-1.1949035979016191e-05 0.00037679333645288497 -4.8376852270805801e-06 0 0.0002823721483554098 4.6826149742683451e-05 0 0.00026077703756505975 0.00020978215713719756 0 0.00011919627681854271 0 0 0 -8.8336538268483685e-06 0 0 0.00011162186141167729 0 0 5.4136974950675786e-05 0 0 7.0637776154784464e-07 -1.2422772544939042e-05 0 0 0 2.3205054844862737e-05 0 -1.0340230769014493e-05
leaf_weight=921 51 650 62 50 65 56 83 56 108 73 74 319 154 1101 135 68 113 55 117 78 393 201 65 6540 432 55 78 187 345 1117
leaf_count=921 51 650 62 50 65 56 83 56 108 73 74 319 154 1101 135 68 113 55 117 78 393 201 65 6540 432 55 78 187 345 1117
internal_value=1.23845e-06 4.01012e-05 0.00019137 2.3667e-05 0.000121995 -2.98454e-06 2.51076e-05 4.91127e-06 9.10216e-05 5.25412e-06 2.68297e-05 -6.78116e-06 0 5.24426e-06 2.99813e-05 4.88704e-05 6.7736e-05 1.20669e-05 -1.06441e-05 0 1.05042e-05 1.20992e-06 -3.73955e-06 -1.14292e-05 -4.16488e-06 3.67814e-05 -9.02924e-06 1.60543e-05 -1.19041e-05 -8.59259e-06
internal_weight=13802 1468 113 1355 170 12334 1311 1228 164 1185 535 11023 3702 2529 470 316 248 120 7321 2059 526 462 1064 7002 1533 133 999 261 6885 1173
internal_count=13802 1468 113 1355 170 12334 1311 1228 164 1185 535 11023 3702 2529 470 316 248 120 7321 2059 526 462 1064 7002 1533 133 999 261 6885 1173
is_linear=0
shrinkage=0.05


Tree=17
num_leaves=31
num_cat=0
split_feature=33 124 140 84 128 131 33 35 101 81 131 125 88 80 12 43 131 19 84 82 14 24 114 83 19 81 76 136 116 39
split_gain=0.000899546 0.00093271 0.00122866 0.000668311 0.00054072 0.000452158 0.00179433 0.000427156 0.000872162 0.000135056 0.000239533 0.000117936 6.44173e-05 0.000154038 0.000124268 0.000179469 0.00015436 9.33025e-05 5.62348e-05 6.65098e-05 4.66714e-05 3.15808e-05 2.63747e-05 2.41947e-05 2.28774e-05 2.12983e-05 1.41051e-05 1.4e-05 1.36629e-05 1.18247e-05
threshold=0.89770934402968861 -0.9159756150367534 19.995000000000005 7.1500000000000012 9.5017903776270458 33.205449859187688 -0.99794424474338117 286.53282025000004 -1.2789084999999998 43.550000000000004 53.449377895595291 2.5000000000000004 29.762500000000006 30.212500000000009 0.0068397465000000013 0.30550000000000005 96.228824229034771 -1.9999999999999988e-05 16.850000000000005 27.826000000000008 0.0025127995000000006 31.650000000000002 34.95000000000001 30.850000000000005 -0.019698571428571423 52.150000000000013 6.950000000000002 0.95500000000000007 275.67419850000005 0.17500000000000002
decision_type=2 2 2 2 2 2 2 2 2 2 2 2 2 2 2 2 2 2 2 2 2 2 2 2 2 2 2 2 2 2
left_child=5 2 -2 9 -5 6 -1 22 -9 -3 -11 12 28 14 -14 -16 17 -17 25 -20 -6 -13 26 27 -23 -15 -8 -12 -7 -26
right_child=1 3 -4 4 20 11 7 8 -10 10 23 21 13 18 15 16 -18 -19 19 -21 -22 24 -24 -25 29 -27 -28 -29 -30 -31
leaf_value=0.00024253246270929823 0 -4.5961725863093691e-06 0.00036392514590960885 0.0002685303784314516 4.452031506265154e-05 0 -1.1131961957346571e-05 0.00025271439301101129 0 0.00011331699870080794 2.3457132959464062e-05 0 0 -9.653621737308983e-06 0 0.00012400367652806368 4.1022215787518963e-06 0 5.8794804055545736e-05 0 0 0 7.1903775183747657e-07 0 -1.1801728965362429e-05 0 0 0 -1.0402410360479444e-05 0
leaf_weight=88 62 650 51 50 65 52 925 50 131 73 173 319 315 1330 164 118 262 68 68 71 55 117 66 201 6540 127 51 88 1127 345
leaf_count=88 62 650 51 50 65 52 925 50 131 73 173 319 315 1330 164 118 262 68 68 71 55 117 66 201 6540 127 51 88 1127 345
internal_value=1.29995e-06 3.85261e-05 0.000182942 2.26693e-05 0.000116976 -2.72815e-06 2.42527e-05 4.27629e-06 7.69147e-05 4.83691e-06 2.56132e-05 -6.39253e-06 0 5.38308e-06 2.21618e-05 3.536e-05 5.2022e-05 9.2401e-05 -1.23934e-06 2.27167e-05 1.08092e-05 -1.00893e-05 -3.6091e-06 7.41311e-07 -1.08491e-05 -6.96815e-06 -9.01992e-06 1.52262e-05 -8.63104e-06 -1.13141e-05
internal_weight=13802 1468 113 1355 170 12334 1311 1223 181 1185 535 11023 3702 2523 927 612 448 186 1596 139 120 7321 1042 462 7002 1457 976 261 1179 6885
internal_count=13802 1468 113 1355 170 12334 1311 1223 181 1185 535 11023 3702 2523 927 612 448 186 1596 139 120 7321 1042 462 7002 1457 976 261 1179 6885
is_linear=0
shrinkage=0.05


Tree=18
num_leaves=31
num_cat=0
split_feature=33 131 101 19 131 0 35 101 108 84 125 88 80 17 43 131 132 74 24 114 25 49 84 85 113 119 81 116 39 98
split_gain=0.000825892 0.000866402 0.00171848 0.00285635 0.000415287 0.00174616 0.000465009 0.000694895 0.000154877 0.000236871 0.000107968 5.90266e-05 0.000141848 0.000108599 0.000124145 0.000244721 5.20928e-05 5.84333e-05 2.92719e-05 2.60701e-05 2.48707e-05 8.23581e-05 2.4705e-05 3.17066e-05 2.3103e-05 2.15656e-05 2.11589e-05 1.28376e-05 9.8811e-06 9.87508e-06
threshold=0.89770934402968861 49.756391747410937 -0.46183170000000467 -0.00013999999999999996 33.205449859187688 0.043350000000000007 286.53282025000004 -0.64553769999997701 278.27160925000004 9.2500000000000018 2.5000000000000004 29.762500000000006 31.162500000000009 0.004850000000000001 0.30550000000000005 70.346590529756341 3.5000000000000004 17.178571428571434 31.650000000000002 34.95000000000001 18.500000000000004 981.25000000000011 16.850000000000005 272.37621710000008 0.45000000000000007 13.65 52.150000000000013 275.67419850000005 0.66500000000000015 -0.19999999999999971
decision_type=2 2 2 2 2 2 2 2 2 2 2 2 2 2 2 2 2 2 2 2 2 2 2 2 2 10 2 2 2 2
left_child=4 2 -2 -4 5 6 19 -8 -3 16 11 27 13 -13 -15 -16 -10 29 -12 24 -17 -22 26 -24 -1 28 -14 -6 -20 -18
right_child=1 8 3 -5 10 -7 7 -9 9 -11 18 12 22 14 15 20 17 -19 25 -21 21 -23 23 -25 -26 -27 -28 -29 -30 -31
leaf_value=-1.2014809334406931e-05 0 0 0.00047290798094025752 0 0 0.00024543850729969564 0.00023416494341668196 0 0 0.00012269896268997781 0 0 -9.6629047394370501e-06 0 0.0001127165075449375 0 0 0 -1.1085662792733371e-05 4.5299517241249742e-07 6.1139774151319545e-05 0 3.7520284276099351e-05 0 0 0 0 -9.8827508526900799e-06 0 4.5528633581970128e-05
leaf_weight=948 161 643 68 71 52 83 52 112 159 75 319 393 1207 201 124 202 51 86 6682 65 77 80 61 52 51 195 126 1127 125 154
leaf_count=948 161 643 68 71 52 83 52 112 159 75 319 393 1207 201 124 202 51 86 6682 65 77 80 61 52 51 195 126 1127 125 154
internal_value=1.35099e-06 3.70209e-05 0.000115195 0.000243346 -2.49178e-06 2.33484e-05 4.0816e-06 8.41688e-05 1.25834e-05 3.2985e-05 -6.02043e-06 0 5.24707e-06 1.96906e-05 3.17255e-05 4.54505e-05 6.70733e-06 2.27043e-05 -9.56219e-06 -3.63527e-06 8.07907e-06 2.32861e-05 -2.06139e-06 8.38517e-06 -8.90146e-06 -1.02981e-05 -6.7007e-06 -8.13428e-06 -1.0817e-05 3.79451e-05
internal_weight=13802 1468 300 139 12334 1311 1228 164 1168 525 11023 3702 2523 1077 684 483 450 291 7321 1064 359 157 1446 113 999 7002 1333 1179 6807 205
internal_count=13802 1468 300 139 12334 1311 1228 164 1168 525 11023 3702 2523 1077 684 483 450 291 7321 1064 359 157 1446 113 999 7002 1333 1179 6807 205
is_linear=0
shrinkage=0.05


Tree=19
num_leaves=31
num_cat=0
split_feature=33 124 112 84 128 137 61 50 64 33 115 116 104 81 81 90 138 13 21 88 81 14 19 24 30 112 39 32 6 104
split_gain=0.000750298 0.000827016 0.00122458 0.000587808 0.000479498 0.000386962 0.000959276 0.00349635 0.000601052 0.000890829 0.000135789 0.000184846 0.000163158 0.000254135 0.000114009 0.000100121 0.000103539 0.000154764 4.80695e-05 0.000115855 0.00018562 3.52525e-05 2.15834e-05 1.59381e-05 1.49274e-05 1.37088e-05 1.17362e-05 1.09014e-05 1.80303e-05 1.77921e-05
threshold=0.89770934402968861 -0.9159756150367534 281.61843690000006 7.1500000000000012 9.5017903776270458 0.055000000000000007 2064.3000000000006 1019.85 57.300000000000018 0.21541980801212277 15.15 275.45020360000007 1.8500000000000005 39.95000000000001 43.550000000000004 31.125510204081639 5.4500000000000011 0.0005910410972222224 0.39583333333333343 31.762500000000006 36.650000000000013 0.0025127995000000006 -0.019698571428571423 31.650000000000002 -2.907142857142857 291.13393185000007 0.17500000000000002 14.550000000000002 0.01366527777777778 0.15000000000000005
decision_type=2 2 2 2 2 2 2 2 2 2 2 2 2 2 2 2 2 2 2 2 2 2 2 2 2 2 2 2 2 2
left_child=5 2 -2 14 -5 6 8 -8 18 -10 22 -12 27 -14 -3 16 17 -16 19 -1 -21 -6 -7 -24 -20 26 -25 28 29 -13
right_child=1 3 -4 4 21 10 7 -9 9 -11 11 12 13 -15 15 -17 -18 -19 24 20 -22 -23 23 25 -26 -27 -28 -29 -30 -31
leaf_value=-1.4833606741592951e-06 0 -5.1918511337118218e-06 0.00033840001683399485 0.00025069569962843342 3.7518403432014482e-05 0 0 0.00047892932613916966 0 0.00020050617053032034 -4.8191113267820511e-06 0 0 0.00016908476972345783 0 0 0 0.00010533791985269416 0 9.4170916785301146e-05 0 0 0 -1.1329528275821977e-05 -1.3988587325835582e-05 0 0 0 0 2.0263414991829751e-05
leaf_weight=537 58 650 55 50 65 142 118 50 118 92 1325 100 82 51 63 256 111 105 74 84 72 55 451 7159 894 205 294 94 85 307
leaf_count=537 58 650 55 50 65 142 118 50 118 92 1325 100 82 51 63 256 111 105 74 84 72 55 451 7159 894 205 294 94 85 307
internal_value=1.37396e-06 3.53745e-05 0.000171458 2.02204e-05 0.000108452 -2.26999e-06 1.69637e-05 0.00013228 3.87321e-06 8.46453e-05 -6.56627e-06 3.26233e-06 2.50856e-05 7.97067e-05 3.26607e-06 2.28609e-05 4.35245e-05 6.83394e-05 -3.37516e-06 1.36394e-06 4.29594e-05 6.28013e-06 -9.60709e-06 -1.00282e-05 -1.19258e-05 -1.05683e-05 -1.09252e-05 4.05606e-06 8.65271e-06 1.41756e-05
internal_weight=13802 1468 113 1355 170 12334 2039 168 1871 210 10295 2044 719 133 1185 535 279 168 1661 693 156 120 8251 8109 968 7658 7453 586 492 407
internal_count=13802 1468 113 1355 170 12334 2039 168 1871 210 10295 2044 719 133 1185 535 279 168 1661 693 156 120 8251 8109 968 7658 7453 586 492 407
is_linear=0
shrinkage=0.05


Tree=20
num_leaves=31
num_cat=0
split_feature=114 131 92 23 117 122 131 41 74 124 33 17 15 142 25 77 134 33 115 120 54 86 13 26 55 116 119 92 137 101
split_gain=0.000756191 0.00112878 0.00135103 0.00113527 0.000362094 0.000482736 0.000773012 0.000879847 0.000146851 0.000111317 0.000677049 0.00135346 8.90002e-05 7.92374e-05 0.000146826 7.65648e-05 8.61683e-05 0.000204594 2.88599e-05 6.20601e-05 2.31268e-05 2.21985e-05 4.50243e-05 0.000104451 2.16487e-05 1.77457e-05 1.66853e-05 1.42893e-05 9.54903e-06 9.14617e-06
threshold=33.050000000000004 49.756391747410937 11.150000000000004 22.724305555555556 0.15000000000000005 18.500000000000004 66.8244980939822 57.500000000000007 15.678571428571432 -0.78656609248549325 -0.99877331930568747 0.033050000000000003 0.00017916666666666669 553.02400293402422 22.500000000000004 279.56948945000005 5.4450000000000012 0.31030329540717544 9.0500000000000025 269.80065020000001 0.085000000000000006 1.5000000000000002 0.0013927936111111114 9.5000000000000018 11.805078650000015 292.58386080000008 12.65 11.850000000000003 6.0000000000000009 -2.3850988000000082
decision_type=2 2 2 2 2 2 2 2 2 2 2 2 2 2 2 2 2 2 2 8 2 2 2 2 2 2 10 2 2 2
left_child=4 2 3 -2 9 18 7 -7 12 10 11 -1 -3 14 -14 25 17 -17 19 24 -4 28 -23 -24 -6 -11 29 -28 -12 -18
right_child=1 8 20 -5 5 6 -8 -9 -10 15 21 -13 13 -15 -16 16 26 -19 -20 -21 -22 22 23 -25 -26 -27 27 -29 -30 -31
leaf_value=0 0.0004356013373373052 0 0 4.3900423179587872e-05 0 0.00031782977106343163 0 0 0 -1.0563793648748499e-05 -8.1183131308094262e-06 0.00031583250115492029 0.00010417279935269187 0 0 0 0 8.88809222045023e-05 0 0 2.7749752325330754e-05 0 7.0628576821885262e-05 0 6.8526734750776078e-05 0 2.6466102529358227e-05 0 0 -1.0583070992160676e-05
leaf_weight=76 55 149 110 81 50 58 151 54 880 7672 1291 50 114 75 61 90 137 91 749 98 75 560 74 62 59 163 50 71 69 580
leaf_count=76 55 149 110 81 50 58 151 54 880 7672 1291 50 114 75 61 90 137 91 749 98 75 560 74 62 59 163 50 71 69 580
internal_value=1.35635e-06 3.39024e-05 0.000119118 0.000240829 -2.48729e-06 2.25664e-05 8.32071e-05 0.00018242 8.53254e-06 -5.70945e-06 2.80856e-06 0.00011582 3.39233e-05 5.21573e-05 7.07473e-05 -8.37338e-06 6.03854e-07 3.43942e-05 5.89675e-07 1.86675e-05 1.94938e-06 -1.73947e-06 7.95314e-07 2.87199e-05 4.54906e-05 -1.01789e-05 -7.67354e-07 0 -6.71008e-06 -7.66712e-06
internal_weight=13855 1600 321 136 12255 1219 263 112 1279 11036 2182 126 399 250 175 8854 1019 181 956 207 185 2056 696 136 109 7835 838 121 1360 717
internal_count=13855 1600 321 136 12255 1219 263 112 1279 11036 2182 126 399 250 175 8854 1019 181 956 207 185 2056 696 136 109 7835 838 121 1360 717
is_linear=0
shrinkage=0.05


Tree=21
num_leaves=31
num_cat=0
split_feature=114 131 92 8 117 122 131 19 80 124 33 16 85 136 83 119 142 43 77 115 88 54 88 13 142 115 55 51 19 90
split_gain=0.000696558 0.00104171 0.00122966 0.00108126 0.000331563 0.000442466 0.000701576 0.000840204 0.000126652 9.97637e-05 0.000606634 0.00134484 7.95563e-05 7.74318e-05 0.000125307 6.999e-05 0.000142816 0.000307051 2.88825e-05 2.59978e-05 6.02113e-05 2.10126e-05 2.09553e-05 4.6762e-05 7.19417e-05 1.98876e-05 1.5717e-05 1.17202e-05 9.41368e-06 7.42386e-06
threshold=33.050000000000004 49.756391747410937 11.150000000000004 0.0037767816372335354 0.15000000000000005 18.500000000000004 66.8244980939822 -0.00020571428571428582 17.712500000000002 -0.78656609248549325 -0.99877331930568747 0.94500000000000006 278.36236620000005 0.89500000000000013 18.750000000000004 19.750000000000004 553.02400293402422 0.35450000000000004 286.93956360000004 9.0500000000000025 32.687500000000007 0.085000000000000006 27.087500000000006 0.0013927936111111114 82.143588242535216 19.350000000000005 10.590799750000004 347.50000000000006 -0.019698571428571423 31.517346938775514
decision_type=2 2 2 2 2 2 2 2 2 2 2 2 2 2 2 10 2 2 2 2 2 2 2 2 2 2 2 2 2 2
left_child=4 2 3 -2 9 19 7 -7 15 10 11 -1 18 14 -14 16 17 -3 25 20 -6 -4 -12 -24 -25 28 -16 -26 -11 -30
right_child=1 8 21 -5 5 6 -8 -9 -10 12 22 -13 13 -15 26 -17 -18 -19 -20 -21 -22 -23 23 24 27 -27 -28 -29 29 -31
leaf_value=0 0 0 0 0.00037268019936972355 0 0.00032935066211010449 0 0 0 0 -7.0822289855995428e-06 0.00030957681172973637 0 0 0 0 0 0.0001825530098879016 0 0 4.764562500388006e-05 2.6380518294995689e-05 0 0 7.3717919020661315e-05 0 0.00010548508068985449 0 -1.0540871008614498e-05 0
leaf_weight=76 65 85 110 71 113 50 151 62 886 118 1150 50 98 130 53 156 102 50 204 749 94 75 735 62 59 152 51 50 7990 58
leaf_count=76 65 85 110 71 113 50 151 62 886 118 1150 50 98 130 53 156 102 50 204 749 94 75 735 62 59 152 51 50 7990 58
internal_value=1.36821e-06 3.26072e-05 0.000114523 0.000230787 -2.30469e-06 2.16452e-05 7.97158e-05 0.000174263 8.06865e-06 -5.40486e-06 2.56721e-06 0.000109603 -7.93423e-06 9.87472e-06 3.33699e-05 3.18611e-05 4.91498e-05 8.27815e-05 -9.21576e-06 3.78438e-07 1.76956e-05 1.38991e-06 -1.61175e-06 0 2.60707e-05 -9.78226e-06 7.16683e-05 5.19405e-05 -1.01765e-05 -1.03925e-05
internal_weight=13855 1600 321 136 12255 1219 263 112 1279 11036 2182 126 8854 332 202 393 237 135 8522 956 207 185 2056 906 171 8318 104 109 8166 8048
internal_count=13855 1600 321 136 12255 1219 263 112 1279 11036 2182 126 8854 332 202 393 237 135 8522 956 207 185 2056 906 171 8318 104 109 8166 8048
is_linear=0
shrinkage=0.05


Tree=22
num_leaves=31
num_cat=0
split_feature=114 131 92 23 117 84 13 83 74 121 119 15 142 93 92 19 81 115 113 36 36 114 80 118 104 119 16 112 115 39
split_gain=0.000643878 0.000959182 0.00111818 0.000959982 0.000303762 0.000334477 0.000270348 0.000137807 0.000126277 9.30737e-05 0.000396665 7.82053e-05 6.57252e-05 0.000127724 7.49657e-05 5.19261e-05 8.56837e-05 4.26106e-05 2.80718e-05 3.1509e-05 0.000225432 2.71905e-05 1.85105e-05 5.36558e-05 1.39329e-05 9.19431e-05 1.0677e-05 7.17671e-06 6.85392e-06 5.82122e-06
threshold=33.050000000000004 49.756391747410937 11.150000000000004 22.724305555555556 0.15000000000000005 16.450000000000006 0.00078792376388888894 29.750000000000004 15.678571428571432 0.15000000000000005 6.4500000000000011 0.00017916666666666669 553.02400293402422 272.90665510000002 9.0500000000000025 -0.019698571428571423 31.050000000000004 18.350000000000005 1.5500000000000003 262.36490320000001 262.31980395000011 29.950000000000003 29.237500000000008 27.850000000000005 1.0000000180025095e-35 9.0500000000000025 0.77500000000000013 293.28974730000004 8.2500000000000018 0.66500000000000015
decision_type=2 2 2 2 2 2 2 2 2 10 10 2 2 2 2 2 2 2 2 2 2 2 2 10 2 10 2 2 2 2
left_child=4 2 3 -2 9 7 -7 24 11 15 -11 -3 13 14 -13 16 -1 18 19 20 -17 27 23 -19 25 -6 -4 29 -26 -21
right_child=1 8 26 -5 5 6 -8 -9 -10 10 -12 12 -14 -15 -16 17 -18 22 -20 21 -22 -23 -24 -25 28 -27 -28 -29 -30 -31
leaf_value=0 0.00040090019824544609 0 0 3.4687605124994792e-05 5.9059126911115905e-05 0 0.00015550270267838297 8.0796426299019472e-05 0 0.00014059745079375373 0 0 0 0 0.00013504553519785566 -5.9231747275463267e-06 6.4522570965141706e-05 5.1896807144929431e-05 0 -1.1293321596022792e-05 9.5055262919917721e-05 0 0 0 0 0 1.7362463434264089e-05 0 -7.2907058057165307e-06 0
leaf_weight=98 55 149 97 81 70 143 83 53 880 52 871 56 75 51 68 1383 56 66 268 7263 56 296 242 81 81 147 88 134 642 170
leaf_count=98 55 149 97 81 70 143 83 53 880 52 871 56 75 51 68 1383 56 66 268 7263 56 296 242 81 81 147 88 134 642 170
internal_value=1.39941e-06 3.1434e-05 0.000110107 0.00022113 -2.11616e-06 2.07867e-05 7.72701e-05 2.83652e-06 7.7121e-06 -5.10062e-06 7.78651e-06 3.12979e-05 4.83734e-05 6.53509e-05 9.25617e-05 -6.77183e-06 1.22055e-05 -7.56849e-06 -8.41051e-06 -8.96204e-06 0 -1.02485e-05 2.94604e-07 1.76892e-05 0 9.03328e-06 8.58048e-07 -1.08684e-05 -4.85188e-06 -1.10754e-05
internal_weight=13855 1600 321 136 12255 1219 226 993 1279 11036 923 399 250 175 124 10113 154 9959 9570 9302 1439 7863 389 147 940 217 185 7567 723 7433
internal_count=13855 1600 321 136 12255 1219 226 993 1279 11036 923 399 250 175 124 10113 154 9959 9570 9302 1439 7863 389 147 940 217 185 7567 723 7433
is_linear=0
shrinkage=0.05


Tree=23
num_leaves=31
num_cat=0
split_feature=81 75 137 112 50 131 92 84 126 43 96 18 50 124 131 141 141 110 136 117 114 137 92 5 145 43 41 75 28 112
split_gain=0.000604657 0.00202145 0.000566439 0.00134175 0.000286086 0.000300738 0.000493016 0.00015762 0.00016299 0.000330824 0.000166916 0.000134725 0.000302872 8.84672e-05 0.000444226 0.00183079 7.9516e-05 5.04026e-05 8.06498e-05 3.42535e-05 3.26755e-05 2.51689e-05 1.86843e-05 1.71866e-05 1.21129e-05 1.17444e-05 9.61021e-06 9.25819e-06 7.79891e-06 6.69441e-06
threshold=39.150000000000013 7.1500000000000012 1.0000000180025095e-35 290.20120405000006 1016.5500000000001 49.756391747410937 11.150000000000004 16.350000000000005 49.500000000000007 0.29850000000000004 33.912500000000009 0.063537500000000011 1002.2500000000001 -0.78656609248549325 34.954889260841185 35.085000000000008 33.775000000000013 23.550000000000004 0.46000000000000002 0.95000000000000007 29.050000000000004 1.0650000000000002 8.1500000000000039 14.345000000000001 0.4250000000000001 0.25350000000000006 30.500000000000004 34.45000000000001 7.6500000000000012 293.61413070000009
decision_type=2 2 2 2 2 2 2 2 2 2 2 2 2 2 2 2 2 2 2 2 2 2 2 2 2 2 2 2 2 2
left_child=7 -2 3 -3 11 6 -6 13 9 -9 -11 19 -13 14 15 -1 -7 18 -18 23 24 -21 -16 25 26 -4 -15 28 -27 -28
right_child=1 2 4 -5 5 16 -8 8 -10 10 -12 12 -14 20 22 -17 17 -19 -20 21 -22 -23 -24 -25 -26 27 29 -29 -30 -31
leaf_value=0 0.00030926078284500979 0 0 0.00030937689366207152 0.00018003134001394331 0 0 0 0 0.00018421621100754817 0 0 0.00013725838680031963 0 -8.3824219422921448e-06 0.00028801938802430147 9.5653131568374536e-05 0 0 2.267488694793428e-05 0 0 0 0 0 0 -1.0359416579901312e-05 0 -1.2799887135602303e-05 0
leaf_weight=209 60 63 101 53 86 549 102 134 362 54 51 74 54 137 1377 67 64 91 79 124 476 60 411 141 394 59 6746 56 1568 53
leaf_count=209 60 63 101 53 86 549 102 134 362 54 51 74 54 137 1377 67 64 91 79 124 476 60 411 141 394 59 6746 56 1568 53
internal_value=1.46555e-06 2.00967e-05 1.32819e-05 0.000124522 7.66385e-06 3.04914e-05 9.16412e-05 -4.07951e-06 1.88821e-05 5.09129e-05 0.000116925 -1.98221e-08 4.65068e-05 -5.98599e-06 1.30696e-06 6.19764e-05 9.33351e-06 3.37127e-05 5.22477e-05 -5.234e-06 -8.5547e-06 2.69786e-06 -5.29268e-06 -8.58922e-06 -9.43809e-06 -1.0182e-05 -9.92483e-06 -1.12839e-05 -1.20799e-05 -1.0199e-05
internal_weight=13855 3384 3324 116 3208 971 188 10471 601 239 105 2237 128 9870 2064 276 783 234 143 2109 7806 184 1788 1925 7330 1784 6936 1683 1627 6799
internal_count=13855 3384 3324 116 3208 971 188 10471 601 239 105 2237 128 9870 2064 276 783 234 143 2109 7806 184 1788 1925 7330 1784 6936 1683 1627 6799
is_linear=0
shrinkage=0.05


Tree=24
num_leaves=31
num_cat=0
split_feature=81 75 137 120 50 131 4 92 155 126 43 89 18 50 15 124 47 141 137 115 47 96 36 50 69 21 39 52 1 100
split_gain=0.000559175 0.00181973 0.000498223 0.00130693 0.000263777 0.000268885 0.000527678 0.000715284 0.000144041 0.000150493 0.000305078 0.000146709 0.000117891 0.000276539 8.44887e-05 0.000188038 0.0013803 7.36579e-05 4.62532e-05 2.8525e-05 2.81936e-05 2.39221e-05 1.81315e-05 1.62468e-05 1.12312e-05 1.18771e-05 1.22807e-05 9.80629e-06 9.0909e-06 8.97204e-06
threshold=39.150000000000013 7.1500000000000012 1.0000000180025095e-35 268.47645680000011 1016.5500000000001 49.756391747410937 3.2750000000000003e-05 11.050000000000002 0.65400000000000003 49.500000000000007 0.29850000000000004 36.350000000000001 0.063537500000000011 1002.2500000000001 0.00084062500000000001 -0.78656609248549325 1.0000000180025095e-35 33.775000000000013 0.18500000000000003 16.250000000000004 19.500000000000004 37.912500000000009 271.28762125000009 999.75000000000011 290.21736140000007 0.30555555555555564 0.66500000000000015 157.50000000000003 0.13543613500000004 8.5499999999999563
decision_type=2 2 2 10 2 2 2 2 2 2 2 2 2 2 2 2 2 2 2 2 2 2 2 2 2 2 2 2 2 2
left_child=8 -2 3 -3 12 6 -6 -8 14 10 -10 -12 21 -14 24 16 -16 -7 -19 23 -20 -4 -23 -17 25 -1 29 28 -25 -27
right_child=1 2 4 -5 5 17 7 -9 9 -11 11 -13 13 -15 15 19 -18 18 20 -21 -22 22 -24 27 -26 26 -28 -29 -30 -31
leaf_value=0 0.0002940512260871312 0.0003035352265029566 0 0 0 0 0.00028522963056405265 0 0 0 0.00017753248734084923 0 0 0.00013052024815591391 0.00020783568754737143 0 0 0 0 1.3129703634773472e-06 6.0318844423650376e-05 0 -1.1323718412169401e-05 -1.0721499586305862e-05 0 -1.0302501382959607e-05 0 0 0 0
leaf_weight=165 60 52 477 64 83 549 55 50 134 362 53 52 74 54 88 125 637 65 51 101 118 430 1202 2047 188 6025 65 201 149 79
leaf_count=165 60 52 477 64 83 549 55 50 134 362 53 52 74 54 88 125 637 65 51 101 118 430 1202 2047 188 6025 65 201 149 79
internal_value=1.4853e-06 1.94067e-05 1.28585e-05 0.000117515 7.48065e-06 2.93801e-05 8.75452e-05 0.000161588 -3.83036e-06 1.80559e-05 4.88404e-05 0.000112232 0 4.36339e-05 -5.67128e-06 0 2.32863e-05 8.94309e-06 3.24102e-05 -5.39669e-06 4.61762e-05 -4.82503e-06 -8.16726e-06 -7.64758e-06 -9.00292e-06 -9.37498e-06 -9.74951e-06 -8.85844e-06 -9.83921e-06 -1.00546e-05
internal_weight=13855 3384 3324 116 3208 971 188 105 10471 601 239 105 2237 128 9870 3348 725 783 234 2623 169 2109 1632 2522 6522 6334 6169 2397 2196 6104
internal_count=13855 3384 3324 116 3208 971 188 105 10471 601 239 105 2237 128 9870 3348 725 783 234 2623 169 2109 1632 2522 6522 6334 6169 2397 2196 6104
is_linear=0
shrinkage=0.05


Tree=25
num_leaves=31
num_cat=0
split_feature=114 43 129 41 75 137 74 56 33 74 81 75 92 48 59 16 25 133 115 21 30 135 101 93 25 92 36 104 140 118
split_gain=0.000555403 0.00129185 0.000244949 0.000472518 0.000861098 0.000240121 0.000907544 0.00351145 0.000693901 0.00149703 0.000103297 0.000278684 0.000260942 0.000386748 8.51758e-05 0.000116475 6.97727e-05 4.06871e-05 3.92004e-05 2.1945e-05 5.61272e-05 2.48405e-05 1.84733e-05 1.26481e-05 1.59731e-05 2.51573e-05 1.26021e-05 1.23361e-05 1.12804e-05 1.09837e-05
threshold=33.050000000000004 0.43450000000000005 7.5000000000000009 50.500000000000007 12.65 0.055000000000000007 23.507142857142863 -9.7584287499999771 0.33421494640842114 27.764285714285723 45.45000000000001 15.65 11.850000000000003 78.500000000000014 4.7207000000000008 0.27500000000000008 22.500000000000004 86.075000000000017 13.350000000000003 0.19444444444444448 -1.0785714285714285 32.930000000000007 -3.8245996999999927 269.79386785000003 14.500000000000002 11.350000000000003 275.05500815000005 25.250000000000011 4.0750000000000002 27.050000000000004
decision_type=2 2 2 2 2 2 2 2 2 2 2 2 2 2 2 2 2 2 2 2 2 2 2 2 2 2 2 2 2 10
left_child=5 2 14 4 -4 6 26 -8 17 -10 18 12 13 -12 15 -2 29 22 27 20 -20 23 -9 -21 25 -25 -1 -7 -23 -17
right_child=1 -3 3 -5 -6 10 7 8 9 -11 11 -13 -14 -15 -16 16 -18 -19 19 21 -22 28 -24 24 -26 -27 -28 -29 -30 -31
leaf_value=-9.7439550226694499e-06 0 0.00024317082064246481 0 0 0.00027419611515644399 -8.3359939596968711e-06 0.00046473948153802401 0 0 0.0003320206183542603 0 0 0 0.00020411547915187087 0 0.00011844088309562021 0 3.5087901062618343e-05 0 0 5.4876699100532274e-05 0 -1.3529543514362899e-05 0 0 4.6389050924062756e-05 0 0 -8.9942514218539671e-06 0
leaf_weight=1234 169 71 86 84 57 6838 50 215 73 52 71 505 72 57 871 51 98 72 70 417 63 81 316 55 84 63 62 653 1105 105
leaf_count=1234 169 71 86 84 57 6838 50 215 73 52 71 505 72 57 871 51 98 72 70 417 63 81 316 55 84 63 62 653 1105 105
internal_value=2.46815e-06 3.03316e-05 1.69579e-05 6.71017e-05 0.000123825 -7.58064e-07 1.42041e-05 5.77916e-05 2.2384e-05 0.0001291 -4.31463e-06 1.19326e-05 6.29789e-05 0.000106005 4.25534e-06 2.36119e-05 4.54855e-05 0 -6.06078e-06 0 1.97777e-05 -1.16414e-06 -4.71819e-06 2.29944e-06 1.31116e-05 2.50766e-05 -8.13113e-06 -7.70167e-06 -7.18457e-06 6.68685e-05
internal_weight=13800 1592 1521 227 143 12208 2074 778 728 125 10134 705 200 128 1294 423 254 603 9429 1938 133 1805 531 619 202 118 1296 7491 1186 156
internal_count=13800 1592 1521 227 143 12208 2074 778 728 125 10134 705 200 128 1294 423 254 603 9429 1938 133 1805 531 619 202 118 1296 7491 1186 156
is_linear=0
shrinkage=0.05


Tree=26
num_leaves=31
num_cat=0
split_feature=114 25 131 19 131 33 88 33 112 117 124 22 22 15 36 100 107 121 15 19 93 116 88 39 43 114 129 123 101 131
split_gain=0.000510116 0.00127481 0.000289391 0.000780844 0.000234753 0.00191249 0.000302662 0.000494632 0.000120029 0.000116395 0.000108459 0.000142302 0.000220649 5.74829e-05 5.99767e-05 5.06689e-05 5.24625e-05 2.92893e-05 1.89708e-05 1.56953e-05 1.19353e-05 9.84027e-06 9.73315e-06 8.44784e-06 7.39869e-06 2.55304e-05 1.88959e-05 7.19999e-06 1.37481e-05 9.65005e-06
threshold=33.050000000000004 6.5000000000000009 50.315893384814146 -0.0013485714285714253 33.205449859187688 -0.99794424474338117 40.187500000000007 0.22608070857007964 281.30972745000003 1.0000000180025095e-35 -0.5 7.5000000000000009 40.500000000000007 0.0011052083333333337 281.24786040000009 -0.35000000000002268 3.5500000000000003 1.0000000180025095e-35 0.00010416666666666667 -0.019698571428571423 263.13510275000004 293.26528890000003 14.962500000000004 0.66500000000000015 0.35250000000000004 20.450000000000003 3.5000000000000004 1.0000000180025095e-35 7.4100026999999793 46.610964843084439
decision_type=2 2 2 2 2 2 2 2 2 2 2 2 2 2 2 2 2 10 2 2 2 2 2 2 2 2 2 2 2 2
left_child=4 -2 3 -3 5 -1 13 -8 17 27 -11 -12 -13 -7 -15 -4 -17 19 -18 -6 -21 22 -22 -24 -19 -26 -27 29 -29 -10
right_child=1 2 15 -5 8 6 7 -9 9 10 11 12 -14 14 -16 16 18 24 -20 20 21 -23 23 -25 25 26 -28 28 -30 -31
leaf_value=0.00025764730264936706 0.00026582087644532419 0.00019589189199096941 0 0 0 -1.5108658630469891e-05 0 0.00019115670746369117 0 0 0 0.00012681151242683578 0 0 5.0379914705748286e-05 0 0 -1.7427819648498873e-06 3.9639737829249979e-05 0 0 0 -9.4970373696474824e-06 0 0 0 3.3936103121926825e-05 -7.3971283770131999e-06 0 8.4967784801141423e-06
leaf_weight=78 57 80 932 207 111 706 51 53 74 274 285 95 144 342 59 54 65 568 197 502 537 118 6291 95 207 134 110 955 85 334
leaf_count=78 57 80 932 207 111 706 51 53 74 274 285 95 144 342 59 54 65 568 197 502 537 118 6291 95 207 134 110 955 85 334
internal_value=2.40751e-06 2.91095e-05 1.6897e-05 6.33595e-05 -6.67161e-07 1.89443e-05 0 8.37586e-05 -3.44172e-06 5.74947e-06 2.13811e-05 3.48169e-05 6.42964e-05 -4.25146e-06 2.41593e-06 2.16675e-06 2.04474e-05 -6.39873e-06 3.16644e-05 -7.4806e-06 -7.87299e-06 -8.40475e-06 -8.68312e-06 -9.24908e-06 0 6.09085e-06 1.81372e-05 0 -4.15128e-06 3.83921e-07
internal_weight=13800 1592 1535 287 12208 1289 1211 104 10919 2246 798 524 239 1107 401 1248 316 8673 262 7654 7543 7041 6923 6386 1019 451 244 1448 1040 408
internal_count=13800 1592 1535 287 12208 1289 1211 104 10919 2246 798 524 239 1107 401 1248 316 8673 262 7654 7543 7041 6923 6386 1019 451 244 1448 1040 408
is_linear=0
shrinkage=0.05


Tree=27
num_leaves=31
num_cat=0
split_feature=85 138 99 131 33 117 115 107 14 84 126 82 92 135 48 136 104 121 43 115 41 59 14 85 116 117 91 28 140 28
split_gain=0.000644075 0.0022592 0.00247168 0.000234794 0.00163975 0.000411877 0.000128047 0.000168088 0.000208206 8.60831e-05 0.000182227 0.000192358 0.000165085 7.45365e-05 0.000108094 0.000142671 0.000170643 4.94747e-05 8.58676e-05 0.000163518 1.61964e-05 1.61463e-05 1.26072e-05 1.22711e-05 9.28582e-06 8.81859e-06 9.21212e-06 8.52463e-06 9.21457e-06 5.27843e-06
threshold=280.18200350000001 4.4450000000000012 -1.649999999999977 33.205449859187688 -0.99794424474338117 0.8500000000000002 23.550000000000004 12.050000000000002 0.013134346000000002 16.850000000000005 49.500000000000007 27.366000000000003 22.150000000000006 9.0750000000000011 90.500000000000014 0.14500000000000005 5.7500000000000018 1.0000000180025095e-35 0.36850000000000005 15.15 37.500000000000007 11.679100000000002 0.060733292500000008 263.13510275000004 285.72193900000008 2.0500000000000003 35.800000000000004 16.600000000000005 23.030000000000005 43.750000000000007
decision_type=2 2 2 2 2 2 2 2 2 2 2 2 2 2 2 2 2 10 2 2 2 2 2 2 2 2 2 2 2 2
left_child=3 2 -2 4 -1 13 9 8 -8 17 11 12 -11 14 -6 -16 -17 20 24 -20 -5 -15 23 -22 -19 26 29 28 -3 -25
right_child=1 27 -4 6 5 -7 7 -9 -10 10 -12 -13 -14 21 15 16 -18 18 19 -21 22 -23 -24 25 -26 -27 -28 -29 -30 -31
leaf_value=0.00024048151754323046 0 0 0.0004525105370141154 0 0 0.00012077885723556393 0.00011140772566695307 0 0 0.00016662572063209013 0 0 0 -1.9317759137854264e-05 0 0.00013197298923005879 0 -6.0782573541551764e-06 0 6.9860488884077073e-05 0 0 0 -8.567969531140248e-06 0 0 0 -4.0444006196532255e-06 1.8905240799540477e-05 0
leaf_weight=79 57 61 65 372 386 70 93 249 169 51 362 105 109 537 125 61 62 871 290 125 325 58 281 7524 386 117 50 263 111 386
leaf_count=79 57 61 65 372 386 70 93 249 169 51 362 105 109 537 125 61 62 871 290 125 325 58 281 7524 386 117 50 263 111 386
internal_value=2.36409e-06 5.49898e-05 0.000244207 0 1.96699e-05 2.22023e-06 -2.12222e-06 2.1008e-05 4.95679e-05 -3.60531e-06 1.22708e-05 4.54769e-05 8.00242e-05 -5.60168e-07 6.43862e-06 3.45109e-05 7.25813e-05 -5.00041e-06 5.3519e-07 2.22608e-05 -6.57462e-06 -1.64052e-05 -7.05266e-06 -7.42658e-06 -2.67499e-06 -7.82118e-06 -8.05228e-06 0 9.91096e-06 -8.25592e-06
internal_weight=13800 557 122 13243 1378 1299 11865 511 262 11354 627 265 160 1229 634 248 123 10727 1672 415 9055 595 8683 8402 1257 8077 7960 435 172 7910
internal_count=13800 557 122 13243 1378 1299 11865 511 262 11354 627 265 160 1229 634 248 123 10727 1672 415 9055 595 8683 8402 1257 8077 7960 435 172 7910
is_linear=0
shrinkage=0.05


Tree=28
num_leaves=31
num_cat=0
split_feature=85 138 100 117 14 14 121 104 30 122 137 100 36 47 91 29 114 133 30 34 21 49 84 90 107 124 77 128 84 41
split_gain=0.000580019 0.00204423 0.00278727 0.000192534 0.000305053 0.000544469 0.00011956 0.000380685 0.000609558 7.66973e-05 0.000135348 0.000609739 0.000370899 6.43023e-05 0.000110335 9.35949e-05 4.84852e-05 0.000128484 2.60451e-05 2.38166e-05 2.3934e-05 2.93887e-05 2.1751e-05 3.04826e-05 1.54525e-05 1.46166e-05 9.56592e-06 8.78678e-06 8.18999e-06 6.69261e-06
threshold=280.18200350000001 4.4450000000000012 -2.6999999999999882 0.8500000000000002 0.018475221000000003 0.028951210500000001 0.15000000000000005 4.7500000000000009 -1.762857142857144 8.5000000000000018 0.055000000000000007 5.2500000000000009 282.53547020000008 97.500000000000014 22.350000000000005 44.100000000000009 34.350000000000001 23.815000000000001 -3.5914285714285694 0.5139440801329912 0.19444444444444448 968.95000000000016 15.450000000000005 25.811224489795922 1.8500000000000003 -0.37940952255126015 284.80743560000002 13.073962040602678 9.4500000000000011 33.500000000000007
decision_type=2 2 2 2 2 2 10 2 2 2 2 2 2 2 2 2 2 2 2 2 2 2 2 2 2 2 2 2 2 2
left_child=3 2 -2 6 22 -6 9 13 -9 18 11 12 28 -8 -15 -16 19 -18 -1 20 21 -12 -5 -24 -20 -21 29 -26 -11 -22
right_child=1 -3 -4 4 5 -7 7 8 -10 10 16 -13 -14 14 15 -17 17 -19 24 25 26 -23 23 -25 27 -27 -28 -29 -30 -31
leaf_value=0 0 0 0.00050190030837526413 0 0.00022546290995153104 0 -2.6808664208697722e-06 0 0.00022960262238555908 -7.6489505422851506e-06 3.4705287420604048e-05 0.00014161772030742476 0.00010646754186745966 0 0 0.00010992693795362191 0 6.0235677238961209e-05 0 0 0 0 4.4480845143687362e-05 0 -1.0652582240631711e-05 2.6157410036291735e-05 0 0 0 -7.8984384763700991e-06
leaf_weight=485 69 435 53 263 50 69 829 72 50 698 60 90 79 149 51 54 540 99 210 114 62 236 65 63 3665 53 511 62 127 4437
leaf_count=485 69 435 53 263 50 69 829 72 50 698 60 90 79 149 51 54 540 99 210 114 62 236 65 63 3665 53 511 62 127 4437
internal_value=2.31551e-06 5.22614e-05 0.00023225 0 3.02858e-05 0.000101297 -9.95879e-07 1.3289e-05 9.73089e-05 -2.92376e-06 0 1.73845e-05 0 0 2.46378e-05 6.3738e-05 -2.48207e-06 8.06458e-06 -8.10146e-06 -4.6281e-06 -5.76509e-06 0 0 2.05312e-05 -9.50008e-06 1.55428e-06 -6.86588e-06 -1.02809e-05 -4.9722e-06 -7.60314e-06
internal_weight=13800 557 122 13243 510 119 12733 1205 122 11528 7106 994 904 1083 254 105 6112 639 4422 5473 5306 296 391 128 3937 167 5010 3727 825 4499
internal_count=13800 557 122 13243 510 119 12733 1205 122 11528 7106 994 904 1083 254 105 6112 639 4422 5473 5306 296 391 128 3937 167 5010 3727 825 4499
is_linear=0
shrinkage=0.05


Tree=29
num_leaves=31
num_cat=0
split_feature=85 126 119 131 0 88 6 115 13 55 160 36 83 15 160 111 118 83 121 43 115 85 31 19 85 75 99 88 135 85
split_gain=0.000526335 0.00126209 0.000488642 0.000204186 0.00115142 0.000202577 0.000495319 0.000112095 0.000165772 0.000294286 5.85873e-05 5.41295e-05 0.00010335 4.57849e-05 0.000150041 0.000143865 0.000102591 2.94603e-05 2.58111e-05 3.74634e-05 8.86866e-05 2.05325e-05 1.69568e-05 1.33018e-05 1.16955e-05 1.15988e-05 9.11714e-06 9.00781e-06 9.32319e-06 5.76385e-06
threshold=280.18200350000001 15.500000000000002 6.8500000000000005 33.205449859187688 0.043350000000000007 37.662500000000001 0.0035847222222222226 23.550000000000004 0.00063152712500000015 6.8748026000000104 0.35612244897959194 281.24786040000009 16.150000000000002 0.0003927083333333334 0.4520408163265307 11.65 22.350000000000005 20.250000000000004 1.0000000180025095e-35 0.36850000000000005 15.15 276.22906010000003 18.850000000000005 -0.019698571428571423 263.13510275000004 16.450000000000003 -1.1999999999999884 14.962500000000004 85.145000000000024 277.99500290000009
decision_type=2 2 10 2 2 2 2 2 2 2 2 2 2 2 2 2 10 2 10 2 2 2 2 2 2 2 2 2 2 2
left_child=3 -2 -3 4 5 11 -7 10 9 -9 18 -1 -13 -12 15 16 -15 25 21 29 -21 23 -22 -5 -25 -4 -10 -26 -29 -20
right_child=1 2 17 7 -6 6 -8 8 26 -11 13 12 -14 14 -16 -17 -18 -19 19 20 22 -23 -24 24 27 -27 -28 28 -30 -31
leaf_value=-1.1030181100367107e-05 0.0002207527857371456 0.00015243408959886095 -2.2645970623402484e-05 0 0.0001856876609187013 0 0.00017617808880978763 0.00014197830621327087 0 0 0 7.5539281189740718e-05 0 0.00014011852581963217 0 0 0 0 -5.1868356257930592e-06 0 0 0 7.9543062739751552e-05 0 0 0 1.4139920275690535e-05 -8.0801434073958172e-06 0 0
leaf_weight=936 92 52 202 119 96 182 55 66 282 50 748 50 59 57 319 115 62 148 898 264 50 706 54 325 465 63 113 7001 68 103
leaf_count=936 92 52 202 119 96 182 55 66 282 50 748 50 59 57 319 115 62 148 898 264 50 706 54 325 465 63 113 7001 68 103
internal_value=2.28971e-06 4.98779e-05 4.93957e-06 0 1.84761e-05 1.92272e-06 4.5829e-05 -1.8296e-06 1.97856e-05 7.24929e-05 -3.24441e-06 -3.28914e-06 1.72258e-05 5.0361e-06 1.63161e-05 4.71569e-05 8.57442e-05 -1.87721e-06 -4.81373e-06 0 1.50772e-05 -5.85272e-06 5.39487e-05 -6.612e-06 -6.97218e-06 -1.68038e-05 0 -7.3884e-06 -7.83352e-06 -3.1236e-06
internal_weight=13800 557 465 13243 1378 1282 237 11865 511 116 11354 1045 109 1301 553 234 119 413 10053 1369 368 8684 104 7978 7859 265 395 7534 7069 1001
internal_count=13800 557 465 13243 1378 1282 237 11865 511 116 11354 1045 109 1301 553 234 119 413 10053 1369 368 8684 104 7978 7859 265 395 7534 7069 1001
is_linear=0
shrinkage=0.05


Tree=30
num_leaves=31
num_cat=0
split_feature=33 48 129 96 114 30 137 75 83 28 120 84 115 111 43 88 116 81 137 122 117 136 81 80 55 101 24 24 109 91
split_gain=0.00035016 0.000377549 0.000754804 0.000123221 0.000108077 9.52246e-05 8.73602e-05 0.000305364 0.00137242 0.000315689 0.000315297 0.000119772 8.72694e-05 0.000208633 7.62125e-05 0.000456555 2.62241e-05 3.60589e-05 4.70399e-05 2.83989e-05 2.3533e-05 2.22795e-05 1.89017e-05 2.39967e-05 1.45344e-05 1.15673e-05 1.08654e-05 1.08929e-05 9.67147e-06 1.09156e-05
threshold=0.93225943159770508 99.500000000000014 7.5000000000000009 44.225000000000009 24.750000000000004 -2.3899999999999997 0.055000000000000007 12.450000000000001 13.250000000000002 24.800000000000001 268.62574165000007 20.550000000000004 15.15 3.0500000000000003 0.35450000000000004 41.537500000000009 280.71043945000002 39.750000000000007 0.83500000000000008 15.500000000000002 2.0500000000000003 1.2750000000000001 39.750000000000007 45.062500000000007 12.969117300000024 -7.6467340499999912 35.300000000000004 60.45000000000001 0.55000000000000016 10.050000000000002
decision_type=2 2 2 2 2 2 2 2 2 2 10 2 2 2 2 2 2 2 2 2 2 2 2 2 2 2 2 2 2 2
left_child=6 14 3 4 -3 -6 7 21 -9 10 -10 25 20 -14 26 -16 22 -18 -19 -20 28 24 -15 -24 -1 -11 -2 -28 29 -8
right_child=1 2 -4 -5 5 -7 12 8 9 11 -12 -13 13 16 15 -17 17 18 19 -21 -22 -23 23 -25 -26 -27 27 -29 -30 -31
leaf_value=-1.1699926152913796e-05 0 0 0.00023225988066238087 0 0.00012312784083020015 0 0 0.00028668828665460896 0.00014347566219407782 0 0 4.5088229850722093e-05 9.060229946900268e-05 0 0 0.00015508619956513444 0 0 5.4846723753659139e-05 0 0 0 -1.0777660715431768e-05 0 0 -1.7498510161368453e-05 -1.3168630710951434e-05 0 0 -7.9126255333380522e-06
leaf_weight=988 53 67 64 185 65 70 1073 50 79 76 100 84 67 517 150 54 224 89 112 56 89 143 960 148 52 507 365 146 427 6764
leaf_count=988 53 67 64 185 65 70 1073 50 79 76 100 84 67 517 150 54 224 89 112 56 89 143 960 148 52 507 365 146 427 6764
internal_value=7.43249e-07 2.65473e-05 6.31699e-05 2.17936e-05 4.92474e-05 7.48788e-05 -1.35747e-06 7.27e-06 3.04188e-05 9.04906e-06 6.90644e-05 0 -3.53699e-06 4.10395e-06 0 2.97516e-05 0 1.12661e-05 2.42184e-05 3.98908e-05 -6.12352e-06 -6.05072e-06 -1.64161e-06 -6.82355e-06 -9.75426e-06 -1.47252e-05 -4.00739e-06 -8.4128e-06 -6.70966e-06 -7.11034e-06
internal_weight=13824 1219 451 387 202 135 12605 2079 896 846 179 667 10526 2173 768 204 2106 481 257 168 8353 1183 1625 1108 1040 583 564 511 8264 7837
internal_count=13824 1219 451 387 202 135 12605 2079 896 846 179 667 10526 2173 768 204 2106 481 257 168 8353 1183 1625 1108 1040 583 564 511 8264 7837
is_linear=0
shrinkage=0.05


Tree=31
num_leaves=31
num_cat=0
split_feature=114 131 14 43 120 122 131 100 116 50 1 46 2 55 59 140 118 116 56 13 120 104 36 22 56 138 114 99 137 129
split_gain=0.000322558 0.00063868 0.000831743 0.00118895 8.28114e-05 0.000232036 0.00037435 0.00031527 6.87795e-05 8.25172e-05 0.000114685 5.70064e-05 0.000402869 0.000997309 5.07662e-05 7.94077e-05 0.000197135 2.69508e-05 2.84572e-05 1.99716e-05 4.20276e-05 1.35633e-05 1.35462e-05 2.69169e-05 1.34558e-05 1.10572e-05 1.58125e-05 1.08139e-05 9.59228e-06 9.13848e-06
threshold=33.050000000000004 49.756391747410937 0.008095823000000002 0.35150000000000003 268.33383655000006 16.500000000000004 66.057692735826961 -4.8500000000000218 276.05544655000006 1017.0500000000001 0.0079811380000000005 99.500000000000014 0.0059917800000000012 -4.164868299999994 4.1876500000000005 47.610000000000007 31.950000000000003 293.26528890000003 6.6573773000000367 0.0028166693472222223 275.14928790000005 26.650000000000006 272.36116855000006 6.5000000000000009 3.4655260500000229 5.54 38.350000000000001 -1.3000000000000111 6.0000000000000009 2.5000000000000004
decision_type=2 2 2 2 8 2 2 2 2 2 2 2 2 2 2 2 10 2 2 2 8 2 2 2 2 2 2 2 2 2
left_child=4 2 -2 -4 5 8 7 -7 -1 10 -10 17 19 -14 15 16 -3 18 21 24 -21 28 23 -19 -13 29 -27 -20 -6 -16
right_child=1 14 3 -5 11 6 -8 -9 9 -11 -12 12 13 -15 25 -17 -18 22 27 20 -22 -23 -24 -25 -26 26 -28 -29 -30 -31
leaf_value=-8.7169859868543855e-06 0 9.1335273311892939e-05 9.8740756008434471e-06 0.00037765240483657601 -8.5924425546821437e-06 0 0 0.00017335195138366545 8.1154355774017183e-05 0 0 -5.9116056374257174e-06 0.00026216618222236983 0 0 0 0 0 0 4.7214120778583246e-05 0 0 0 2.9788409387867688e-05 0 0 1.8871629465695706e-05 1.7730164356344386e-05 0 -1.0736480901009412e-05
leaf_weight=1036 166 98 95 51 6364 67 253 79 88 221 86 1937 50 67 88 91 173 107 384 54 87 456 137 113 204 285 110 85 355 437
leaf_count=1036 166 98 95 51 6364 67 253 79 88 221 86 1937 50 67 88 91 173 107 384 54 87 456 137 113 204 285 110 85 355 437
internal_value=8.01813e-07 2.21825e-05 8.70889e-05 0.000174053 -1.57763e-06 7.38761e-06 4.12317e-05 0.000104845 0 1.53372e-05 4.13656e-05 -3.63645e-06 1.65036e-06 9.26088e-05 2.43355e-06 1.925e-05 3.49912e-05 -5.84649e-06 -6.67763e-06 -8.61573e-07 1.11126e-05 -7.57754e-06 0 1.23789e-05 -3.98925e-06 0 0 0 -8.14624e-06 -7.24935e-06
internal_weight=13824 1594 312 146 12230 1830 399 146 1431 395 174 10400 2399 117 1282 362 271 8001 7644 2282 141 7175 357 220 2141 920 395 469 6719 525
internal_count=13824 1594 312 146 12230 1830 399 146 1431 395 174 10400 2399 117 1282 362 271 8001 7644 2282 141 7175 357 220 2141 920 395 469 6719 525
is_linear=0
shrinkage=0.05


Tree=32
num_leaves=31
num_cat=0
split_feature=33 48 131 118 119 4 32 128 54 50 83 43 88 140 84 85 90 118 33 160 129 117 133 24 115 122 29 24 24 24
split_gain=0.000302517 0.000346195 0.000781456 7.89312e-05 0.000741097 9.54762e-05 0.000110168 0.000218284 0.000569001 0.00127294 7.17521e-05 5.91474e-05 0.000398846 5.88091e-05 5.82749e-05 6.07667e-05 7.46979e-05 0.000126737 0.000124223 3.94484e-05 3.7464e-05 3.03722e-05 2.31911e-05 1.74094e-05 1.48657e-05 1.19738e-05 1.07547e-05 3.13765e-05 1.04533e-05 1.03447e-05
threshold=0.93225943159770508 99.500000000000014 49.756391747410937 12.750000000000002 3.2500000000000004 7.2100000000000018e-05 14.950000000000001 9.2230589055375027 0.065000000000000016 1016.7500000000001 17.750000000000004 0.35450000000000004 41.537500000000009 12.710000000000003 9.4500000000000011 277.99500290000009 20.394897959183677 27.650000000000002 0.39170303473766815 0.22142857142857145 3.5000000000000004 0.25000000000000006 86.075000000000017 31.150000000000002 20.550000000000004 9.5000000000000018 32.20000000000001 36.750000000000007 35.300000000000004 60.45000000000001
decision_type=2 2 2 10 10 2 2 2 2 2 2 2 2 2 2 2 2 10 2 2 2 2 2 2 2 2 2 2 2 2
left_child=3 11 -3 22 -5 21 7 8 -7 -10 -9 28 -13 -12 15 16 -15 18 -18 -4 25 24 23 -1 -6 -21 27 -23 -2 -30
right_child=1 2 19 4 5 6 -8 10 9 -11 13 12 -14 14 -16 -17 17 -19 -20 20 -22 26 -24 -25 -26 -27 -28 -29 29 -31
leaf_value=0 0 0.00020428610069194252 0 0.00017462227171094011 -1.0671262123987622e-05 0 -1.8550981052927715e-06 -6.1310432584769334e-07 0 0.0002642905117120134 0 0 0.00014378135800176427 0 0 0 0.00012494463157402587 0 0 0 0 0 0 -6.6987199112536523e-06 0 6.1797850201643698e-05 0 3.1672114699003507e-05 -1.2799277028286064e-05 0
leaf_weight=184 53 83 183 61 1976 131 1414 977 83 78 206 150 54 61 165 111 93 96 57 51 60 62 245 6153 152 74 196 104 365 146
leaf_count=184 53 83 183 61 1976 131 1414 977 83 78 206 150 54 61 165 111 93 96 57 51 60 62 245 6153 152 74 196 104 365 146
internal_value=8.28082e-07 2.48047e-05 5.97954e-05 -1.09579e-06 2.50558e-06 0 6.03885e-06 1.38892e-05 5.58291e-05 0.000120076 4.09732e-06 0 2.6124e-05 1.62526e-05 2.46794e-05 3.45923e-05 4.60556e-05 5.83181e-05 8.75302e-05 1.31911e-05 2.95875e-05 -6.7065e-06 -5.15072e-06 -6.0583e-06 -9.39625e-06 4.51179e-05 0 1.26885e-05 -3.7543e-06 -8.16061e-06
internal_weight=13824 1219 451 12605 6023 5962 3472 2058 292 161 1766 768 204 789 583 418 307 246 150 368 185 2490 6582 6337 2128 125 362 166 564 511
internal_count=13824 1219 451 12605 6023 5962 3472 2058 292 161 1766 768 204 789 583 418 307 246 150 368 185 2490 6582 6337 2128 125 362 166 564 511
is_linear=0
shrinkage=0.05


Tree=33
num_leaves=31
num_cat=0
split_feature=33 48 131 137 74 91 33 74 107 81 50 43 81 83 133 114 16 126 81 47 116 23 156 92 21 138 34 24 24 102
split_gain=0.000277939 0.00031966 0.000694437 7.41234e-05 0.000276826 0.00125994 0.00021058 0.000434445 0.000504056 5.5766e-05 0.000118285 5.06653e-05 0.000326981 3.68737e-05 6.86246e-05 5.8257e-05 3.34422e-05 2.27755e-05 4.38804e-05 0.00010452 0.000101505 0.000101674 1.7255e-05 1.47195e-05 1.54737e-05 1.45089e-05 1.28976e-05 9.63394e-06 9.49488e-06 7.87392e-06
threshold=0.93225943159770508 99.500000000000014 49.756391747410937 0.055000000000000007 23.507142857142863 13.250000000000002 0.20619124762328919 27.335714285714285 14.750000000000002 52.150000000000013 1008.5500000000001 0.35450000000000004 45.250000000000007 28.650000000000002 41.265000000000008 24.750000000000004 1.8600000000000003 30.500000000000004 39.45000000000001 18.500000000000004 280.27464855000005 25.298611111111114 0.10000000000000002 22.450000000000006 0.12500000000000003 7.5000000000000009 0.5139440801329912 35.300000000000004 60.45000000000001 -4.4499999999999993
decision_type=2 2 2 2 2 2 2 2 2 2 2 2 2 2 2 2 2 2 2 2 2 2 2 2 2 2 2 2 2 2
left_child=3 11 -3 4 22 -6 16 -8 -9 17 -11 27 -13 14 15 -4 -7 18 25 -20 -21 -22 -1 24 -19 -5 29 -2 -29 -26
right_child=1 2 13 9 5 6 7 8 -10 10 -12 12 -14 -15 -16 -17 -18 23 19 20 21 -23 -24 -25 26 -27 -28 28 -30 -31
leaf_value=-7.6512211785359e-06 0 0.00019419339610197184 0 -7.2225858649737284e-06 0.00025677644503271739 -1.580561311939203e-05 0 0.00018335641059651566 0 0 7.4151956910902624e-05 0 0.00013178328728557704 0 0 6.3497552553850133e-05 0 0 0 0 9.7409832644069079e-05 0 0 0 0 0 0 -1.2161061659934395e-05 0 -6.8745778047482805e-06
leaf_weight=1121 53 83 50 991 58 375 114 85 58 88 67 151 53 153 50 115 107 203 182 81 90 137 161 426 383 425 168 365 146 7285
leaf_count=1121 53 83 50 991 58 375 114 85 58 88 67 151 53 153 50 115 107 203 182 81 90 137 161 426 383 425 168 365 146 7285
internal_value=8.09001e-07 2.37957e-05 5.74139e-05 -1.01906e-06 6.92141e-06 3.10461e-05 6.25002e-06 4.59622e-05 0.00010643 -3.06287e-06 2.23873e-05 0 2.42303e-05 1.25714e-05 2.63963e-05 4.4047e-05 -4.62368e-06 -3.92742e-06 0 1.38529e-05 3.39199e-05 5.16943e-05 -4.19197e-06 -5.0619e-06 -5.6176e-06 -3.30482e-06 -6.10827e-06 -3.34088e-06 -7.70439e-06 -6.50637e-06
internal_weight=13824 1219 451 12605 2079 797 739 257 143 10526 155 768 204 368 215 165 482 10371 1906 490 308 227 1282 8465 8039 1416 7836 564 511 7668
internal_count=13824 1219 451 12605 2079 797 739 257 143 10526 155 768 204 368 215 165 482 10371 1906 490 308 227 1282 8465 8039 1416 7836 564 511 7668
is_linear=0
shrinkage=0.05


Tree=34
num_leaves=31
num_cat=0
split_feature=114 25 128 4 123 77 33 137 74 81 93 47 12 104 104 113 17 100 74 101 128 28 21 41 138 96 93 123 100 121
split_gain=0.000252914 0.00057086 0.000133112 0.000550133 0.000629282 7.37392e-05 0.000222745 0.000239187 0.000134953 6.32347e-05 0.000191209 0.000213759 0.000393457 5.41396e-05 0.000517003 3.4821e-05 1.68826e-05 1.63634e-05 2.8143e-05 4.04917e-05 3.75176e-05 2.06712e-05 1.38848e-05 1.25028e-05 1.04001e-05 9.81062e-06 7.03748e-06 8.11126e-06 6.34891e-06 6.68585e-06
threshold=33.050000000000004 6.5000000000000009 9.2926574102243773 0.00017942400000000002 -0.5 286.93956360000004 0.267654485111471 0.13500000000000004 28.221428571428579 45.45000000000001 266.04242460000006 24.500000000000004 0.022153696000000004 20.450000000000006 20.850000000000005 0.15000000000000005 0.17770000000000002 -0.35000000000002268 8.8500000000000032 -1.9651926499999772 11.164279812573554 43.150000000000013 0.12500000000000003 27.500000000000004 14.740000000000002 45.187500000000007 268.74677595000009 1.0000000180025095e-35 8.3500000000000245 0.65000000000000002
decision_type=2 2 2 2 2 2 2 2 2 2 2 2 2 2 2 2 2 2 2 2 2 2 2 2 2 2 2 2 2 8
left_child=5 -2 3 26 -5 9 -7 8 -8 13 -11 -12 -13 15 -15 16 22 21 -19 -20 25 -4 -1 -24 28 -21 27 -3 29 -25
right_child=1 2 17 4 -6 6 7 -9 -10 10 11 12 -14 14 -16 -17 -18 18 19 20 -22 -23 23 24 -26 -27 -28 -29 -30 -31
leaf_value=0 0.00018629625900185031 1.8232629380258536e-05 -7.4317596301551756e-06 0 0.0002271427046907232 0 0 0 0.00015313171892373341 -2.4797499716654264e-06 0 0.00018576779665211991 0 0.0001222766886097941 -8.3604282822616537e-07 0 0 0 0 6.7304588879429897e-05 0 9.863481629995665e-06 0 -1.0448120568851692e-05 0 0 -1.3006542319544677e-05 0 0 -2.0264044902105827e-06
leaf_weight=155 53 60 812 53 66 539 51 76 68 316 152 59 74 86 1748 1047 564 84 50 72 51 70 143 4860 242 61 103 59 54 1996
leaf_count=155 53 60 812 53 66 539 51 76 68 316 152 59 74 86 1748 1047 564 84 50 72 51 70 143 4860 242 61 103 59 54 1996
internal_value=8.14656e-07 1.97549e-05 1.06673e-05 3.855e-05 0.000125286 -1.24654e-06 1.30822e-05 5.90163e-05 0.000103305 -2.59736e-06 1.12704e-05 4.39541e-05 9.00638e-05 -3.82219e-06 2.27566e-06 -5.6083e-06 -6.81344e-06 0 1.1306e-05 2.17465e-05 3.38808e-05 -3.86991e-07 -7.45664e-06 -7.84477e-06 -8.19393e-06 4.77991e-05 0 0 -8.55883e-06 -8.72613e-06
internal_weight=13824 1594 1541 341 119 12230 734 195 119 11496 601 285 133 10895 1834 9061 8014 1200 318 234 184 882 7450 7295 7152 133 222 119 6910 6856
internal_count=13824 1594 1541 341 119 12230 734 195 119 11496 601 285 133 10895 1834 9061 8014 1200 318 234 184 882 7450 7295 7152 133 222 119 6910 6856
is_linear=0
shrinkage=0.05


Tree=35
num_leaves=31
num_cat=0
split_feature=85 138 49 132 137 33 88 84 122 15 114 18 118 28 51 132 21 76 51 24 138 34 19 75 115 36 113 133 93 133
split_gain=0.000315821 0.00112875 0.0029662 0.000533899 0.000159784 0.000942222 0.0031114 0.000165216 0.000313459 0.000375467 5.701e-05 0.000236493 5.42138e-05 0.000124887 0.000210035 2.2728e-05 2.02524e-05 1.54141e-05 4.94597e-05 1.46375e-05 1.82734e-05 1.3954e-05 1.20748e-05 1.114e-05 1.056e-05 1.40629e-05 1.05038e-05 1.01994e-05 1.08728e-05 9.09914e-06
threshold=277.26564690000004 3.8900000000000001 994.05000000000007 5.5000000000000009 0.055000000000000007 -0.99794424474338117 26.012500000000006 16.150000000000006 6.5000000000000009 0.0011052083333333337 38.150000000000013 0.063537500000000011 23.650000000000002 20.650000000000002 10.500000000000002 3.5000000000000004 0.12500000000000003 0.25000000000000006 7.5000000000000009 32.150000000000006 7.3800000000000008 0.58387074974275499 -0.019698571428571423 33.70000000000001 16.350000000000005 271.82237785000001 0.45000000000000007 24.405000000000005 268.09540680000003 26.125000000000004
decision_type=2 2 2 2 2 2 2 2 2 2 2 2 8 2 2 2 2 2 2 2 2 2 2 2 2 2 2 2 2 2
left_child=4 2 3 24 5 6 -1 -7 -9 -10 16 27 13 14 -3 21 17 -6 -19 -18 22 -14 -21 26 25 -2 -24 -12 -29 -22
right_child=1 12 -4 -5 10 7 -8 8 9 -11 11 -13 15 -15 -16 -17 19 18 -20 20 29 -23 23 -25 -26 -27 -28 28 -30 -31
leaf_value=0.00045207710734561553 0 0.00010704792079693671 0.00045535953769258248 0.00014991072944602431 0 -6.8217887904366843e-06 0 0 0 0.00016640002140920842 -6.280084135703222e-06 0.00010739056473669605 -1.4808212713007613e-05 0 0 0 0 0 5.639225697379123e-05 0 -4.0970876506538713e-06 0 -8.6523712197999721e-06 0 0 -2.9239697020418335e-05 0 0 2.4223885043551594e-05 1.2492148783648167e-07
leaf_weight=50 50 83 52 62 170 1260 109 125 101 74 323 55 464 282 63 467 603 55 50 160 1356 51 5606 62 75 71 367 53 67 1413
leaf_count=50 50 83 52 62 170 1260 109 125 101 74 323 55 464 282 63 467 603 55 50 160 1356 51 5606 62 75 71 367 53 67 1413
internal_value=1.86713e-06 2.20053e-05 0.000108412 1.76917e-05 -5.92201e-07 1.29625e-05 0.000128563 0 3.43114e-05 8.04111e-05 -3.33019e-06 1.04604e-05 0 1.70883e-05 5.45539e-05 -3.23097e-06 -4.53696e-06 0 1.90667e-05 -5.14464e-06 -5.68589e-06 -1.14019e-05 -7.35812e-06 -7.7832e-06 0 -1.47103e-05 -8.11596e-06 0 1.02531e-05 -1.38306e-07
internal_weight=13779 1720 310 258 12059 1719 159 1560 300 175 10340 498 1410 428 146 982 9842 275 105 9567 8964 515 6195 6035 196 121 5973 443 120 2769
internal_count=13779 1720 310 258 12059 1719 159 1560 300 175 10340 498 1410 428 146 982 9842 275 105 9567 8964 515 6195 6035 196 121 5973 443 120 2769
is_linear=0
shrinkage=0.05


Tree=36
num_leaves=31
num_cat=0
split_feature=85 138 49 133 137 61 46 84 101 15 114 18 85 131 135 135 83 94 123 21 55 24 138 150 51 19 150 75 113 140
split_gain=0.000288064 0.00102618 0.00267149 0.000245094 0.000141096 0.000848758 0.00324244 0.000158044 0.000352168 0.000356928 5.16354e-05 0.000213985 2.72102e-05 4.71248e-05 3.46379e-05 5.24655e-05 8.47041e-05 5.67028e-05 8.87556e-05 1.84695e-05 1.68085e-05 1.34913e-05 1.62889e-05 1.33387e-05 4.53308e-05 1.12601e-05 1.11775e-05 1.04984e-05 9.48879e-06 9.06086e-06
threshold=277.26564690000004 3.8900000000000001 994.05000000000007 8.4250000000000025 0.055000000000000007 2064.3000000000006 91.500000000000014 16.150000000000006 -3.0164173999999941 0.0011052083333333337 38.150000000000013 0.063537500000000011 285.12611890000005 61.344168628556481 13.790000000000001 41.82500000000001 18.850000000000005 19.500000000000004 -1.0000000180025095e-35 0.12500000000000003 15.021290400000028 32.150000000000006 7.3800000000000008 0.035714285714285726 7.5000000000000009 -0.019698571428571423 0.65000000000000024 33.70000000000001 0.45000000000000007 19.995000000000005
decision_type=2 2 2 2 2 2 2 2 2 2 2 2 2 2 2 2 2 2 2 2 2 2 2 2 2 2 2 2 2 2
left_child=4 2 3 -2 5 7 -7 26 9 -9 19 29 13 20 -15 16 -16 18 -18 23 -3 -21 25 -6 -25 -23 -1 28 -27 -12
right_child=1 12 -4 -5 10 6 -8 8 -10 -11 11 -13 -14 14 15 -17 17 -19 -20 21 -22 22 -24 24 -26 27 -28 -29 -30 -31
leaf_value=-8.9423138536190855e-06 9.5968268691575689e-05 -1.9032480566115121e-05 0.00043302115346173286 0 0 0 0.00045339441128175277 0 0 0.00019931930393383637 -6.0156112355024615e-06 0.00010211692058127093 3.2350372218598541e-05 0 0 0 0.0001161054516163252 0 0 0 0 0 -4.1210150813514111e-08 0 5.362793685658378e-05 -8.2198298056104372e-06 0 0 0 9.4566839126071673e-06
leaf_weight=1127 73 397 52 185 170 116 50 57 185 52 321 55 64 202 204 311 59 66 53 603 54 160 2769 55 50 5606 132 62 367 122
leaf_count=1127 73 397 52 185 170 116 50 57 185 52 321 55 64 202 204 311 59 66 53 603 54 160 2769 55 50 5606 132 62 367 122
internal_value=1.81753e-06 2.10491e-05 0.000103445 1.62981e-05 -5.12426e-07 1.21974e-05 0.000119324 0 3.35904e-05 0.000105023 -3.10989e-06 9.9092e-06 0 0 4.18114e-06 1.21386e-05 2.46872e-05 4.98704e-05 7.20705e-05 -4.27756e-06 -1.5033e-05 -4.86305e-06 -5.38537e-06 0 1.77367e-05 -6.9667e-06 -7.02924e-06 -7.3814e-06 -7.70999e-06 0
internal_weight=13779 1720 310 258 12059 1719 166 1553 294 109 10340 498 1410 1346 895 693 382 178 112 9842 451 9567 8964 275 105 6195 1259 6035 5973 443
internal_count=13779 1720 310 258 12059 1719 166 1553 294 109 10340 498 1410 1346 895 693 382 178 112 9842 451 9567 8964 275 105 6195 1259 6035 5973 443
is_linear=0
shrinkage=0.05


Tree=37
num_leaves=31
num_cat=0
split_feature=124 131 136 84 19 117 94 131 121 96 137 84 122 15 138 14 105 141 138 44 116 135 156 83 18 131 53 91 28 138
split_gain=0.000257268 0.000950043 0.00419848 0.00660039 0.000303436 0.000156484 0.000225288 0.000451816 7.0076e-05 0.000148516 0.000310441 5.83933e-05 0.00012253 0.000204132 4.42171e-05 2.66339e-05 7.86482e-05 0.000169367 2.30637e-05 2.09474e-05 6.50166e-05 0.000125969 0.000284258 1.71755e-05 1.56361e-05 1.54872e-05 2.258e-05 1.12804e-05 1.00343e-05 9.50631e-06
threshold=-0.78656609248549325 36.483127832155724 0.72500000000000009 0.25000000000000006 -0.013955714285714281 0.8500000000000002 15.500000000000002 44.072938538781621 1.0000000180025095e-35 49.462500000000013 1.0650000000000002 16.850000000000005 7.5000000000000009 0.0003927083333333334 6.4150000000000009 0.032327929500000005 22.500000000000004 28.565000000000001 6.6100000000000003 622.50000000000011 280.27464855000005 17.420000000000005 0.14000000000000004 16.950000000000003 0.00050000000000000012 46.610964843084439 94.500000000000014 9.0500000000000025 37.050000000000004 9.8850000000000016
decision_type=2 2 2 2 2 2 2 2 10 2 2 2 2 2 2 2 2 2 2 2 2 2 2 2 2 2 2 2 2 2
left_child=1 2 -1 -4 -3 8 7 -7 11 19 -11 25 -13 -14 -15 24 17 -17 -9 28 -21 22 -22 -20 -6 26 27 -2 -10 -27
right_child=5 4 3 -5 15 6 -8 18 9 10 -12 12 13 14 -16 16 -18 -19 23 20 21 -23 -24 -25 -26 29 -28 -29 -30 -31
leaf_value=0 0 0.00011353551788488403 0.0007259298876676456 0 0 0.00018095474834525273 0 0 -8.3984532176802244e-06 0 0.00015244141664451865 -3.3256593702424875e-07 0 0.00013151193480007351 0 0 0 0.00010563479009961465 0 0 0 0 0.00013810685495656118 4.2517243387808036e-05 -6.62384866553138e-06 -5.0361965797305572e-06 0 -1.7864269450877765e-05 0 0
leaf_weight=316 262 58 56 64 562 60 251 159 635 55 50 312 117 54 58 61 141 58 50 513 83 183 63 56 1534 5347 328 1170 108 1015
leaf_count=316 262 58 56 64 562 60 251 159 635 55 50 312 117 54 58 61 141 58 50 513 83 183 63 56 1534 5347 328 1170 108 1015
internal_value=1.76249e-06 1.52978e-05 8.34108e-05 0.000334473 8.95845e-07 -1.31078e-06 2.30704e-05 5.16692e-05 -3.15226e-06 4.72567e-06 6.21209e-05 -5.26657e-06 6.66586e-06 3.78999e-05 8.62546e-05 0 1.21179e-05 4.42481e-05 3.02979e-06 0 6.21813e-06 2.43171e-05 5.89049e-05 2.37001e-05 -3.67092e-06 -6.67764e-06 -1.28118e-05 -1.55275e-05 -5.15536e-06 -4.19314e-06
internal_weight=13779 2850 436 120 2414 10929 576 325 10353 1690 105 8663 541 229 112 2356 260 119 265 1585 842 329 146 106 2096 8122 1760 1432 743 6362
internal_count=13779 2850 436 120 2414 10929 576 325 10353 1690 105 8663 541 229 112 2356 260 119 265 1585 842 329 146 106 2096 8122 1760 1432 743 6362
is_linear=0
shrinkage=0.05


Tree=38
num_leaves=31
num_cat=0
split_feature=114 43 18 122 129 2 120 141 49 24 34 21 118 76 126 35 47 117 141 52 139 94 91 107 118 1 142 30 136 30
split_gain=0.00025238 0.000931165 0.000183226 0.000105793 0.00024988 0.00153501 0.000489564 0.000728229 0.0010943 8.15149e-05 0.000228715 3.13532e-05 3.07922e-05 6.40097e-05 0.000118412 2.74485e-05 0.000103276 2.05459e-05 1.96591e-05 4.12159e-05 3.48769e-05 4.17384e-05 7.13615e-05 1.68833e-05 1.3745e-05 2.32645e-05 1.15716e-05 2.1307e-05 1.28727e-05 1.10683e-05
threshold=38.150000000000013 0.38150000000000006 0.063537500000000011 6.5000000000000009 7.5000000000000009 0.0059917800000000012 268.12557980000003 31.935000000000006 962.45000000000016 33.95000000000001 0.072281031435931883 0.38194444444444448 15.050000000000002 1.3500000000000005 60.500000000000007 282.71645395000002 3.5000000000000004 0.95000000000000007 37.265000000000008 180.50000000000003 47.583635000542806 15.500000000000002 19.450000000000003 5.7500000000000009 30.850000000000005 0.016009472000000004 633.06327940775464 -1.0785714285714285 0.115 -3.5914285714285694
decision_type=2 2 2 2 2 2 8 2 2 2 2 2 10 2 2 2 2 2 2 2 2 2 2 2 10 2 2 2 2 2
left_child=3 2 24 17 12 6 7 8 -6 10 -8 15 -5 18 -15 -11 -17 29 26 20 -20 22 -22 -13 -2 -26 27 28 -14 -1
right_child=1 -3 -4 4 5 -7 9 -9 -10 11 -12 23 13 14 -16 16 -18 -19 19 -21 21 -23 -24 -25 25 -27 -28 -29 -30 -31
leaf_value=0 -9.8652502493052017e-06 0.0002211307860399429 8.9475399112092489e-05 -4.2215412556148159e-06 0 0.00024769006540130553 0 0 0.00033068347387867379 0 0.00012176919161420837 0 0 7.5476366722042009e-05 0 0 8.0143231657084284e-05 0 0 0 0 0 9.9081411786895702e-05 -1.1756955749375613e-05 0 2.1711932301583986e-05 0 0 -1.0342893317290083e-05 -8.8151126571792781e-06
leaf_weight=421 320 60 58 3986 56 71 75 107 53 303 50 325 143 81 164 57 50 152 164 189 77 51 51 1006 122 129 618 336 1177 3327
leaf_count=421 320 60 58 3986 56 71 75 107 53 303 50 325 143 81 164 57 50 152 164 189 77 51 51 1006 122 129 618 336 1177 3327
internal_value=1.66598e-06 3.11424e-05 4.76074e-06 0 3.03949e-06 1.80845e-05 7.73901e-06 7.88356e-05 0.000169739 0 3.82583e-05 -3.33381e-06 -8.55082e-07 1.90472e-06 2.63726e-05 1.35873e-06 2.53457e-05 -6.78469e-06 0 8.38887e-06 2.02131e-05 3.557e-05 5.07377e-05 -8.53299e-06 0 3.5197e-06 -2.26185e-06 -4.948e-06 -8.42814e-06 -7.84852e-06
internal_weight=13779 689 629 13090 9190 2153 2082 216 109 1866 125 1741 7037 3051 245 410 107 3900 2806 532 343 179 128 1331 571 251 2274 1656 1320 3748
internal_count=13779 689 629 13090 9190 2153 2082 216 109 1866 125 1741 7037 3051 245 410 107 3900 2806 532 343 179 128 1331 571 251 2274 1656 1320 3748
is_linear=0
shrinkage=0.05


Tree=39
num_leaves=31
num_cat=0
split_feature=85 43 48 89 4 137 33 46 84 101 15 85 134 16 121 115 119 34 61 41 13 117 41 132 113 99 99 89 19 76
split_gain=0.000235465 0.000696495 0.00189396 0.000223073 0.000393322 0.000111455 0.000832703 0.00337837 0.000116917 0.000307712 0.000276163 5.76738e-05 5.98294e-05 5.05943e-05 3.70827e-05 8.77176e-05 0.000178342 0.000250026 0.000263052 2.62436e-05 1.79918e-05 1.35445e-05 1.35339e-05 1.18319e-05 1.28575e-05 1.15321e-05 9.92655e-06 9.12986e-06 1.32107e-05 8.43661e-06
threshold=277.26564690000004 0.42850000000000005 99.500000000000014 45.45000000000001 0.004290368000000001 0.055000000000000007 -0.99794424474338117 97.500000000000014 16.150000000000006 -3.0164173999999941 0.0011052083333333337 285.12611890000005 6.9250000000000007 0.83000000000000018 1.0000000180025095e-35 15.15 14.15 -0.29081601222059628 283.65000000000003 26.500000000000004 0.00016063940972222226 2.0500000000000003 39.500000000000007 10.000000000000002 1.1500000000000001 -2.4000000000000337 3.3000000000000118 35.45000000000001 -0.010854285714285712 4.5500000000000016
decision_type=2 2 2 2 2 2 2 2 2 2 2 2 2 2 10 2 10 2 2 2 2 2 2 2 2 2 2 2 2 2
left_child=5 3 -3 11 13 6 7 -1 29 10 -10 12 19 -5 21 26 17 -17 -19 -2 -21 22 -7 24 27 -15 -16 -24 -29 -8
right_child=1 2 -4 4 -6 14 8 -9 9 -11 -12 -13 -14 25 15 16 -18 18 -20 20 -22 -23 23 -25 -26 -27 -28 28 -30 -31
leaf_value=0 0 0 0.00036088319748361962 0 0.00017543725676659959 0 -8.4511479716070718e-06 0.00045866551855236628 0 0 0.00017691548012913297 4.1042821776830928e-05 0 0 -6.4144282764625694e-06 0 0 0 0.00017596912660381003 0 -2.8097596544480614e-05 0 -3.0781895061626611e-06 0 0 4.2577141950864138e-05 0 0 -1.0618861611302969e-05 0
leaf_weight=109 54 78 53 207 51 461 1160 50 55 192 53 54 639 50 780 139 339 72 62 51 394 62 4958 147 384 89 180 96 2660 100
leaf_count=109 54 78 53 207 51 461 1160 50 55 192 53 54 639 50 780 139 339 72 62 51 394 62 4958 147 384 89 180 96 2660 100
internal_value=1.6503e-06 1.9043e-05 0.00013194 6.51376e-06 3.96277e-05 -4.17226e-07 1.08209e-05 0.000119456 0 2.76706e-05 9.57703e-05 -3.47822e-07 -6.736e-06 4.75242e-06 -2.76991e-06 2.55584e-06 1.90411e-05 4.93796e-05 9.78726e-05 -2.00626e-05 -2.44612e-05 -4.29513e-06 -4.74009e-06 -5.2752e-06 -5.65554e-06 3.0975e-05 -2.75948e-06 -6.14358e-06 -9.84147e-06 -7.00228e-06
internal_weight=13779 1720 131 1589 397 12059 1719 159 1560 300 108 1192 1138 346 10340 1572 612 273 134 499 445 8768 8706 8245 8098 139 960 7714 2756 1260
internal_count=13779 1720 131 1589 397 12059 1719 159 1560 300 108 1192 1138 346 10340 1572 612 273 134 499 445 8768 8706 8245 8098 139 960 7714 2756 1260
is_linear=0
shrinkage=0.05


Tree=40
num_leaves=31
num_cat=0
split_feature=85 122 131 33 114 92 36 139 155 33 61 81 83 96 141 30 111 94 141 47 94 91 6 41 45 3 36 140 25 34
split_gain=0.000194399 0.000152002 0.000425584 0.00177811 0.000931883 0.00178439 0.00018626 0.000453304 6.51915e-05 0.000108859 7.09577e-05 0.000162344 7.20973e-05 2.90362e-05 2.5867e-05 2.58431e-05 1.56989e-05 1.55404e-05 3.46047e-05 3.41805e-05 1.14276e-05 1.111e-05 9.79506e-06 1.15484e-05 1.21093e-05 1.32394e-05 9.46998e-06 9.36166e-06 7.13088e-06 7.49545e-06
threshold=285.12611890000005 8.5000000000000018 36.483127832155724 -0.99794424474338117 33.050000000000004 11.150000000000004 281.24786040000009 84.467414954242443 0.67400000000000015 0.36999593717436347 153.75000000000003 43.650000000000013 29.250000000000004 42.562500000000007 35.180000000000007 -2.2814285714285698 2.7500000000000004 18.500000000000004 37.625000000000007 18.500000000000004 7.5000000000000009 9.0500000000000025 0.042731250000000005 72.500000000000014 41.500000000000007 1.0000000180025095e-35 261.57231545000008 4.0750000000000002 1.5000000000000002 -0.99640818324442559
decision_type=2 2 2 2 2 2 2 2 2 2 2 2 2 2 2 2 2 2 2 2 2 2 2 2 2 2 2 2 2 2
left_child=1 13 3 -3 6 -6 15 -8 10 -10 11 -4 -13 26 16 -5 -12 -16 19 -19 -11 -17 23 24 -18 -26 -1 -27 -28 -30
right_child=-2 2 8 4 5 -7 7 -9 9 20 14 12 -14 -15 17 21 22 18 -20 -21 -22 -23 -24 -25 25 27 28 -29 29 -31
leaf_value=0 8.6175159604349384e-05 0.00027697921210107662 0 0 0.00037069365108276117 0 0 0.00017021184215186972 0 9.1606013287673699e-05 0 0.00010284992798982357 0 0 0 0 0 0 0 5.9775563702529882e-05 0 -1.8885185034397397e-05 0 0 0 0 0 -1.0700786576904877e-05 0 -9.0180601578652944e-06
leaf_weight=407 68 71 396 271 50 87 90 51 216 54 326 67 71 922 2214 189 292 52 65 58 55 517 53 460 234 190 139 2535 125 3568
leaf_count=407 68 71 396 271 50 87 90 51 216 54 326 67 71 922 2214 189 292 52 65 58 55 517 53 460 234 190 139 2535 125 3568
internal_value=1.60222e-06 8.18399e-07 5.17268e-06 3.12489e-05 1.31567e-05 0.000135858 0 5.12718e-05 0 2.2211e-05 -5.54146e-07 1.57793e-05 6.22751e-05 -5.5223e-06 -2.67418e-06 -9.718e-06 -5.20909e-06 0 1.48574e-05 3.36064e-05 6.27384e-05 -1.49004e-05 -6.3173e-06 -6.86112e-06 -7.91276e-06 -8.88908e-06 -7.36529e-06 -9.89648e-06 -8.13538e-06 -8.57326e-06
internal_weight=13893 13825 8664 1326 1255 137 1118 141 7338 325 7013 534 138 5161 6479 977 4090 2389 175 110 109 706 3764 3711 3251 2959 4239 2725 3832 3693
internal_count=13893 13825 8664 1326 1255 137 1118 141 7338 325 7013 534 138 5161 6479 977 4090 2389 175 110 109 706 3764 3711 3251 2959 4239 2725 3832 3693
is_linear=0
shrinkage=0.05


Tree=41
num_leaves=31
num_cat=0
split_feature=85 122 131 33 114 92 36 137 84 33 61 81 83 96 13 53 49 75 15 36 114 25 34 30 128 140 90 61 2 120
split_gain=0.000174861 0.000139706 0.000385387 0.00160201 0.00084259 0.00161454 0.00016529 0.000433374 6.05401e-05 0.000100987 6.45843e-05 0.000149781 6.12701e-05 2.67078e-05 2.46756e-05 1.69334e-05 1.99899e-05 1.02706e-05 8.95684e-06 8.50476e-06 6.58397e-06 6.57747e-06 6.93278e-06 6.36676e-06 1.68805e-05 2.20643e-05 2.74591e-05 3.07212e-05 9.99614e-06 4.25761e-05
threshold=285.12611890000005 8.5000000000000018 36.483127832155724 -0.99794424474338117 33.050000000000004 11.150000000000004 281.24786040000009 0.045000000000000005 16.850000000000005 0.36999593717436347 153.75000000000003 43.650000000000013 29.250000000000004 42.562500000000007 0.00084064691666666674 120.50000000000001 966.45000000000016 6.1500000000000012 0.0003927083333333334 261.57231545000008 14.050000000000002 1.5000000000000002 -0.99640818324442559 -3.0985714285714274 11.16192013255079 11.06 12.504479840716776 1879.3500000000001 6.605000000000002e-05 278.66204250000004
decision_type=2 2 2 2 2 2 2 2 2 2 2 2 2 2 2 2 2 2 2 2 2 2 2 2 2 2 2 2 2 8
left_child=1 13 3 -3 6 -6 14 -8 10 -10 11 -4 -13 19 -5 23 -17 -18 -11 -1 -19 -21 -23 24 25 -12 -27 28 29 -28
right_child=-2 2 8 4 5 -7 7 -9 9 18 15 12 -14 -15 -16 16 17 20 -20 21 -22 22 -24 -25 -26 26 27 -29 -30 -31
leaf_value=0 8.1928846944271977e-05 0.0002633226104171627 0 -1.5952820143201181e-05 0.00035252239037528822 0 0.0001664828022835001 0 0 0 0 9.7783056056976114e-05 0 0 0 0 0 0 8.4861371095153656e-05 0 -1.0089161206801144e-05 0 -8.5672835161634283e-06 -1.2355996599412533e-06 0 0 6.4767088794091558e-05 0 0 0
leaf_weight=407 68 71 396 568 50 87 50 91 216 51 85 67 71 922 409 485 69 696 58 139 1715 125 3568 2777 323 79 91 51 56 52
leaf_count=407 68 71 396 568 50 87 50 91 216 51 85 67 71 922 409 485 69 696 58 139 1715 125 3568 2777 323 79 91 51 56 52
internal_value=1.6059e-06 8.43283e-07 5.02672e-06 2.98503e-05 1.24619e-05 0.000129142 0 4.82151e-05 0 2.14523e-05 -4.34609e-07 1.51353e-05 5.97963e-05 -5.21063e-06 -9.21884e-06 -2.49163e-06 -5.27601e-06 -7.30896e-06 6.04899e-05 -6.98585e-06 -8.09904e-06 -7.71565e-06 -8.13773e-06 0 3.97753e-06 1.1394e-05 1.81774e-05 2.66066e-05 3.56713e-05 4.40548e-05
internal_weight=13893 13825 8664 1326 1255 137 1118 141 7338 325 7013 534 138 5161 977 6479 2965 2480 109 4239 2411 3832 3693 3514 737 414 329 250 199 143
internal_count=13893 13825 8664 1326 1255 137 1118 141 7338 325 7013 534 138 5161 977 6479 2965 2480 109 4239 2411 3832 3693 3514 737 414 329 250 199 143
is_linear=0
shrinkage=0.05


Tree=42
num_leaves=31
num_cat=0
split_feature=85 122 131 33 112 61 81 119 84 33 84 80 103 133 96 141 115 44 113 19 104 43 135 121 119 25 43 160 126 34
split_gain=0.000157458 0.000127213 0.000353301 0.00231705 0.000802164 9.05352e-05 0.000294998 0.000236758 7.70544e-05 7.83091e-05 4.78839e-05 0.000229642 3.75859e-05 3.38728e-05 2.45765e-05 2.20248e-05 4.04322e-05 0.000117769 1.02011e-05 1.04623e-05 9.20956e-06 9.21109e-06 8.88646e-06 9.83752e-06 8.55817e-06 8.00135e-06 6.25926e-06 5.78882e-06 5.13351e-06 4.91228e-06
threshold=285.12611890000005 8.5000000000000018 34.954889260841185 -0.99794424474338117 289.50242425000005 160.70000000000002 43.650000000000013 21.150000000000002 16.850000000000005 0.36999593717436347 2.2500000000000004 27.012500000000006 1512.5500000000004 84.075000000000017 42.562500000000007 33.720000000000006 19.150000000000002 772.50000000000011 0.15000000000000005 -0.019698571428571423 23.450000000000006 0.45150000000000007 84.930000000000021 0.45000000000000007 1.0000000180025095e-35 1.5000000000000002 0.46950000000000003 0.0037749287749287755 17.500000000000004 -0.9973521957763003
decision_type=2 2 2 2 2 2 2 10 2 2 2 2 2 2 2 2 2 2 2 2 2 2 2 8 10 2 2 2 2 2
left_child=1 14 3 -3 10 6 -4 -8 15 -10 13 -12 -11 20 24 18 -17 -18 19 -7 21 27 23 28 -1 -26 29 -5 -21 -27
right_child=-2 2 5 4 -6 8 7 -9 9 12 11 -13 -14 -15 -16 16 17 -19 -20 22 -22 -23 -24 -25 25 26 -28 -29 -30 -31
leaf_value=0 7.7891773784674861e-05 0.00035755631783790452 0 0 0.00015302340179757976 0 0.00014118352475121264 0 0 8.0966090428024901e-05 0.0001073699988733602 0 0 0 0 -4.2239443233716591e-07 8.7154168196110942e-05 0 0 0 0 0 0 0 0 0 0 -2.896752878629649e-05 -9.855553473882551e-06 -9.4129701964351185e-06
leaf_weight=1048 68 52 430 114 89 108 77 79 223 67 53 193 51 153 922 2911 51 78 341 96 97 67 101 867 122 55 132 257 2109 2882
leaf_count=1048 68 52 430 114 89 108 77 79 223 67 53 193 51 153 922 2911 51 78 341 96 97 67 101 867 122 55 132 257 2109 2882
internal_value=1.57991e-06 8.37316e-07 4.84081e-06 3.1759e-05 9.9826e-06 3.6534e-07 1.95941e-05 7.83127e-05 -5.32381e-07 2.136e-05 0 1.40016e-05 5.43726e-05 -1.01717e-05 -4.91454e-06 -2.40641e-06 0 2.78127e-05 -5.08406e-06 -6.02526e-06 -1.70583e-05 -2.01923e-05 -6.76607e-06 -7.38334e-06 -6.62538e-06 -8.0629e-06 -8.60869e-06 -2.33038e-05 -9.33206e-06 -9.09755e-06
internal_weight=13893 13825 8664 1075 1023 7589 586 156 7003 341 934 246 118 688 5161 6662 3040 129 3622 3281 535 438 3173 3072 4239 3191 3069 371 2205 2937
internal_count=13893 13825 8664 1075 1023 7589 586 156 7003 341 934 246 118 688 5161 6662 3040 129 3622 3281 535 438 3173 3072 4239 3191 3069 371 2205 2937
is_linear=0
shrinkage=0.05


Tree=43
num_leaves=31
num_cat=0
split_feature=85 122 103 84 139 2 104 81 111 98 115 19 48 56 82 21 117 128 96 113 121 136 101 101 19 90 61 92 49 110
split_gain=0.000141754 0.000116539 0.000260134 0.000196832 0.000295349 0.0001813 0.00292314 6.77506e-05 0.000220069 0.000235191 5.7139e-05 3.61846e-05 0.000100226 0.000275624 3.3897e-05 5.33173e-05 6.59061e-05 2.68226e-05 2.2751e-05 1.62231e-05 1.42721e-05 1.00665e-05 8.89887e-06 2.142e-05 4.56939e-05 4.58002e-05 8.87496e-06 1.09966e-05 8.29639e-06 7.36136e-06
threshold=285.12611890000005 8.5000000000000018 584.00000000000011 16.050000000000008 86.716077848590643 0.0036478425000000003 20.450000000000006 39.150000000000013 6.4500000000000011 1.0000000180025095e-35 22.350000000000005 -0.0067885714285714216 99.500000000000014 4.8565827500000305 27.366000000000003 0.5902777777777779 1.0000000180025095e-35 9.3670449298201355 42.562500000000007 0.25000000000000006 1.6500000000000001 0.49500000000000005 5.4698486000000068 -2.1601862999999919 -0.0015471428571428565 27.120408163265314 141.95000000000002 18.050000000000008 999.85000000000002 4.9500000000000011
decision_type=2 2 2 2 2 2 2 2 2 2 2 2 2 2 2 2 2 2 2 2 8 2 2 2 2 2 2 2 2 2
left_child=1 18 -3 5 14 7 10 17 9 -9 -7 12 -10 -14 15 16 -5 19 29 20 28 22 23 -13 -25 -26 -23 -28 -4 -1
right_child=-2 2 3 4 -6 6 -8 8 11 -11 -12 21 13 -15 -16 -17 -18 -19 -20 -21 -22 26 -24 24 25 -27 27 -29 -30 -31
leaf_value=0 7.4053629313298661e-05 0.0001171226404565257 -1.5390858155411895e-05 0 0.00012527702660182036 -1.4184178293807134e-05 0.00037575938270443165 0.00014314801590929467 0 0 2.7534356017565805e-05 0 0.00014211844717162118 0 0 0 6.9997034129934218e-05 -1.2509614002569657e-07 0 0 0 0 0 0 0 6.2484069970732665e-05 -1.0900171189208533e-05 0 0 -6.6978524448910581e-06
leaf_weight=72 68 53 1029 57 83 449 54 59 98 51 68 231 50 60 207 59 78 4049 922 108 519 67 205 114 56 77 629 63 91 4167
leaf_count=72 68 53 1029 57 83 449 54 59 98 51 68 231 50 60 207 59 78 4049 922 108 519 67 205 114 56 77 629 63 91 4167
internal_value=1.55345e-06 8.29882e-07 4.67241e-06 3.38618e-06 3.4707e-05 9.01688e-07 2.82933e-05 -5.10101e-07 7.20157e-06 7.60218e-05 0 0 2.08037e-05 5.54279e-05 3.25772e-06 2.13648e-05 4.04299e-05 -3.71516e-06 -4.65178e-06 -9.17058e-06 -1.06943e-05 -7.23615e-08 0 6.81506e-06 1.74824e-05 3.76583e-05 -5.75529e-06 -8.26694e-06 -1.41119e-05 -6.30547e-06
internal_weight=13893 13825 8664 8611 484 8127 571 7556 1760 110 517 1650 208 110 401 194 135 5796 5161 1747 1639 1442 683 478 247 133 759 692 1120 4239
internal_count=13893 13825 8664 8611 484 8127 571 7556 1760 110 517 1650 208 110 401 194 135 5796 5161 1747 1639 1442 683 478 247 133 759 692 1120 4239
is_linear=0
shrinkage=0.05


Tree=44
num_leaves=31
num_cat=0
split_feature=138 85 41 84 33 49 84 100 115 25 47 85 3 77 122 132 133 137 122 118 128 86 4 142 86 4 132 142 105 90
split_gain=0.000137059 0.000728918 0.00144747 0.00302648 0.000387423 0.00327849 0.000109445 0.000374204 6.46996e-05 8.69307e-05 0.000256474 0.000233514 0.000411465 3.13392e-05 5.54876e-05 4.67153e-05 3.30795e-05 2.75675e-05 8.96481e-05 2.32957e-05 2.01876e-05 1.84017e-05 1.53883e-05 2.27962e-05 2.70572e-05 3.51171e-05 1.16795e-05 1.15055e-05 1.3474e-05 9.97683e-06
threshold=4.4450000000000012 278.86118355000002 40.500000000000007 0.95000000000000029 -0.99794424474338117 984.95000000000016 15.650000000000004 -5.1499999999999764 15.15 14.500000000000002 35.500000000000007 272.82809405000006 0.0083636115000000014 286.93956360000004 16.500000000000004 1.5000000000000002 62.45000000000001 1.9600000000000002 18.500000000000004 3.3500000000000001 9.168058974278372 15.500000000000002 0.0019396380000000003 288.87616261566131 5.5000000000000009 0.011090308000000002 1.5000000000000002 30.608387518807302 31.500000000000004 10.552040816326533
decision_type=2 2 2 2 2 2 2 2 2 2 2 2 2 2 2 2 2 2 2 10 2 2 2 2 2 2 2 2 2 2
left_child=1 4 -3 -4 5 -1 17 -8 13 10 -10 -12 -13 16 -15 -16 -2 20 -19 -18 21 26 -11 -24 -25 -26 -6 -28 29 -29
right_child=8 2 3 -5 6 -7 7 -9 9 22 11 12 -14 14 15 -17 19 18 -20 -21 -22 -23 23 24 25 -27 27 28 -30 -31
leaf_value=0 -1.1651478864879119e-06 -2.619237514279247e-06 0.00049185597710046838 0 0 0.0004210439918902974 0 0.00015285013774272931 0 -6.0201009677499926e-06 0 0.00020380011460429905 0 0 6.8754086154569901e-05 0 0 0 5.1286666165511774e-05 -1.2785766754463323e-05 0 0 0 0 4.0708160743061281e-05 0 0 0 0 -2.2925724812388624e-05
leaf_weight=235 4475 76 54 54 120 51 116 50 321 749 158 60 54 219 55 63 659 325 90 1985 2159 129 284 55 134 52 83 157 331 540
leaf_count=235 4475 76 54 54 120 51 116 50 321 749 158 60 54 219 55 63 659 325 90 1985 2159 129 284 55 134 52 83 157 331 540
internal_value=1.50973e-06 8.78478e-06 0.000107084 0.000229469 3.49778e-06 5.96807e-05 0 3.91537e-05 -1.5207e-06 5.79105e-06 2.17102e-05 5.80879e-05 0.000114396 -4.02262e-06 5.22051e-06 3.52578e-05 -5.16309e-06 -2.11493e-06 6.05247e-06 -1.00363e-05 -4.50002e-06 -9.45813e-06 0 4.63284e-06 1.67973e-05 2.69604e-05 -1.16689e-05 -1.33085e-05 -1.48106e-05 -1.92778e-05
internal_weight=13893 4570 184 108 4386 286 4100 166 9323 1867 593 272 114 7456 337 118 7119 3934 415 2644 3519 1360 1274 525 241 186 1231 1111 1028 697
internal_count=13893 4570 184 108 4386 286 4100 166 9323 1867 593 272 114 7456 337 118 7119 3934 415 2644 3519 1360 1274 525 241 186 1231 1111 1028 697
is_linear=0
shrinkage=0.05


Tree=45
num_leaves=31
num_cat=0
split_feature=114 43 121 119 1 77 116 4 84 29 29 124 98 134 92 113 119 81 6 141 126 120 92 83 66 92 9 118 128 4
split_gain=0.00019695 0.000812002 0.000140912 0.00096457 8.48292e-05 9.7854e-05 0.000178927 0.00024424 5.26603e-05 0.000135813 0.000135139 2.94146e-05 0.00014142 6.40625e-05 4.41138e-05 3.70043e-05 4.40599e-05 2.15163e-05 2.67042e-05 2.08674e-05 2.4212e-05 9.33721e-05 0.000157204 2.00791e-05 4.75927e-05 5.99303e-05 7.47845e-05 7.34183e-05 9.1864e-05 7.46e-05
threshold=38.550000000000004 0.38150000000000006 0.15000000000000005 6.4500000000000011 0.016009472000000004 275.87558245000008 273.97756355000007 0.011993662 15.650000000000004 30.450000000000003 29.750000000000004 -0.98296291314453399 -5.2999999999999972 6.5300000000000002 23.850000000000009 0.25000000000000006 2.6500000000000008 23.550000000000004 0.0054604166666666672 33.720000000000006 25.500000000000004 272.7438846500001 11.850000000000003 17.050000000000004 25.475000000000005 20.450000000000006 1.7949305555555557 31.050000000000004 11.164279812573554 1.0365000000000002e-05
decision_type=2 2 10 10 2 2 2 2 2 2 2 2 2 2 2 2 10 2 2 2 2 10 2 2 2 2 2 10 2 2
left_child=2 4 8 -4 -2 -6 -7 -8 11 10 -10 12 -1 14 15 16 -13 -18 -19 -15 21 22 -21 -5 25 26 27 28 29 -25
right_child=1 -3 3 23 5 6 7 -9 9 -11 -12 13 -14 19 -16 -17 17 18 -20 20 -22 -23 -24 24 -26 -27 -28 -29 -30 -31
leaf_value=8.2752215072654303e-05 -6.3825499180017715e-06 0.00022032093242404908 0.00019495974549756003 -7.6172360211712932e-07 0 0 0.00012724071143145588 0 0 0 0.0001068562369378867 -2.6839403264933858e-07 0 -4.0251091449237647e-06 0 0 0 -2.6714123566231224e-05 0 0.00010202024999505903 -1.0702934479555345e-07 0 0 0 0 0 0 0 0 9.8903602886668402e-05
leaf_weight=52 269 51 70 564 80 70 92 57 222 589 63 881 398 4508 58 131 186 1094 53 65 3182 317 103 50 177 83 78 66 51 112
leaf_count=52 269 51 70 564 80 70 92 57 222 589 63 881 398 4508 58 131 186 1094 53 65 3182 317 103 50 177 83 78 66 51 112
internal_value=6.10248e-07 2.82901e-05 -3.14346e-07 1.5147e-05 1.90363e-06 2.60215e-05 4.51145e-05 7.7248e-05 -2.36066e-06 7.81135e-06 3.70655e-05 -3.6208e-06 4.56326e-06 -4.442e-06 -1.20317e-05 -1.39768e-05 -1.57693e-05 -2.2258e-05 -2.49508e-05 -1.59829e-06 2.22399e-08 1.11569e-05 4.17038e-05 1.03105e-07 8.98421e-06 1.95681e-05 2.98362e-05 4.24959e-05 5.67499e-05 7.5081e-05
internal_weight=13772 619 13153 1251 568 299 219 149 11902 874 285 11028 450 10578 2403 2345 2214 1333 1147 8175 3667 485 168 1181 617 440 357 279 213 162
internal_count=13772 619 13153 1251 568 299 219 149 11902 874 285 11028 450 10578 2403 2345 2214 1333 1147 8175 3667 485 168 1181 617 440 357 279 213 162
is_linear=0
shrinkage=0.05


Tree=46
num_leaves=31
num_cat=0
split_feature=114 43 1 77 116 4 120 93 128 141 133 47 126 118 133 76 128 93 89 135 73 140 118 41 81 110 15 128 138 50
split_gain=0.00017394 0.000738113 7.32593e-05 8.90799e-05 0.000164171 0.000221391 6.83627e-05 0.000375676 0.00117008 4.14659e-05 0.000188874 3.67728e-05 2.70791e-05 9.47358e-05 9.4213e-05 0.000133265 0.000127905 2.32334e-05 2.21624e-05 1.76854e-05 8.41592e-05 1.39169e-05 1.64679e-05 2.00147e-05 1.18757e-05 4.97788e-05 1.45864e-05 1.10668e-05 1.0976e-05 8.53558e-06
threshold=38.550000000000004 0.38150000000000006 0.016009472000000004 275.87558245000008 273.97756355000007 0.011993662 268.33383655000006 266.77719450000006 9.2222195235203923 35.440000000000005 67.530000000000015 83.500000000000014 63.500000000000007 26.050000000000004 8.5400000000000009 8.9500000000000011 9.5241855175685135 265.52007865000002 35.050000000000004 18.615000000000006 31.550000000000004 5.580000000000001 6.0500000000000007 26.500000000000004 39.550000000000004 20.050000000000004 0.00024687500000000008 9.168058974278372 12.330000000000002 1017.7500000000001
decision_type=2 2 2 2 2 2 8 2 2 2 2 2 2 10 2 2 2 2 2 2 2 2 10 2 2 2 2 2 2 2
left_child=6 2 27 -4 -5 -6 7 17 -9 11 24 21 13 14 -13 16 -16 18 -1 20 -19 -8 -23 -24 26 29 -11 -2 -25 -26
right_child=1 -3 3 4 5 -7 9 8 -10 10 -12 12 -14 -15 15 -17 -18 19 -20 -21 -22 22 23 28 25 -27 -28 -29 -30 -31
leaf_value=0 -2.3342851129490408e-05 0.00020951673309564986 0 0 0.00012094708724078531 0 0 0.00020795266751520104 0 -5.4563928927594303e-06 7.5700610372201401e-05 0 -3.3197017917474079e-06 0 0.00011163440810983952 0 0 0 -1.0017026718475028e-05 0 5.4643442711275041e-05 0 0 -1.2623878763154569e-05 0 0 0 0 0 4.6840586503190258e-05
leaf_weight=123 68 51 80 70 92 57 398 91 388 1517 82 110 1954 381 93 73 141 62 1090 399 86 1112 82 2524 60 216 1815 201 281 75
leaf_count=123 68 51 80 70 92 57 398 91 388 1517 82 110 1954 381 93 73 141 62 1090 399 86 1112 82 2524 60 216 1815 201 281 75
internal_value=5.54925e-07 2.65783e-05 1.02585e-06 2.40705e-05 4.24541e-05 7.33459e-05 -2.91591e-07 7.17194e-06 4.68434e-05 -2.28133e-06 9.57459e-07 -4.68623e-06 0 7.60021e-06 2.60195e-05 4.10307e-05 6.02014e-05 -8.06168e-07 -6.67347e-06 3.06922e-06 1.82039e-05 -7.52367e-06 -8.42234e-06 -1.06068e-05 0 7.71675e-06 -1.61826e-06 -6.0646e-06 -1.15596e-05 3.26983e-05
internal_weight=13772 619 568 299 219 149 13153 2239 479 10914 3765 7149 2752 798 417 307 234 1760 1213 547 148 4397 3999 2887 3683 351 3332 269 2805 135
internal_count=13772 619 568 299 219 149 13153 2239 479 10914 3765 7149 2752 798 417 307 234 1760 1213 547 148 4397 3999 2887 3683 351 3332 269 2805 135
is_linear=0
shrinkage=0.05


Tree=47
num_leaves=31
num_cat=0
split_feature=121 61 131 124 133 128 2 117 111 56 94 18 21 88 142 128 115 104 9 101 121 31 13 21 92 97 128 82 55 35
split_gain=0.000142694 0.000469832 0.00216839 7.55371e-05 0.00035829 0.000606796 7.88684e-05 6.30217e-05 0.000121052 7.21311e-05 0.000103997 0.000162496 3.84393e-05 6.54474e-05 0.000291437 3.37492e-05 3.07218e-05 4.91799e-05 5.86525e-05 9.77316e-05 2.63904e-05 2.45208e-05 1.81563e-05 2.01845e-05 2.28591e-05 3.22851e-05 1.65005e-05 1.41756e-05 9.05623e-06 8.15265e-06
threshold=0.15000000000000005 554.00000000000011 51.951731884366289 -0.98296291314453399 67.530000000000015 9.2762685509947076 0.0026685835000000006 0.15000000000000005 5.6500000000000012 7.6392561000000123 13.500000000000002 0.0031604166666666668 0.3263888888888889 29.762500000000006 771.96327740845766 9.829221875277435 14.750000000000002 0.35000000000000009 1.7949305555555557 -0.81724669999999822 1.0000000180025095e-35 7.2500000000000009 6.8716194444444457e-05 0.46527777777777785 7.450000000000002 -5.2000000000000002 10.685835378292937 20.124000000000002 2.0859189000000247 283.32856400000009
decision_type=10 2 2 2 2 2 2 2 2 2 2 2 2 2 2 2 2 2 2 2 10 2 2 2 2 2 2 2 2 2
left_child=3 16 -3 4 -1 -6 7 12 -9 29 11 -11 13 -5 -15 21 -2 -18 19 -19 26 -14 -23 -24 -25 -26 -8 -21 -27 -10
right_child=1 2 -4 6 5 -7 20 8 9 10 -12 -13 15 14 -16 -17 17 18 -20 27 -22 22 23 24 25 28 -28 -29 -30 -31
leaf_value=0 -3.5699808424496791e-06 0.00036912120381862672 0 0 0.00021988750792259899 0 -2.1911056089009536e-05 8.0855060544422487e-05 0 0 0 0.00010858709517985214 0 0 0.00012127745404981279 0 0 0 0 0 0 0 0 -4.7224837046846384e-06 0 0 0 8.0611746949695148e-05 -3.1073597485941953e-05 -8.4271062620144676e-06
leaf_weight=420 691 50 184 1081 52 55 728 63 614 60 86 71 289 564 61 4457 136 88 63 52 81 558 605 1475 65 56 185 94 502 286
leaf_count=420 691 50 184 1081 52 55 728 63 614 60 86 71 289 564 61 4457 136 88 63 52 81 558 605 1475 65 56 185 94 502 286
internal_value=5.31672e-07 1.61219e-05 8.06307e-05 -7.72208e-07 1.68472e-05 9.83939e-05 -1.97529e-06 -2.69917e-07 1.00032e-05 1.46607e-06 2.89519e-05 5.79134e-05 -2.03359e-06 3.39713e-06 1.71126e-05 -3.81533e-06 0 1.25159e-05 2.53125e-05 3.79005e-05 -1.56199e-05 -7.52249e-06 -8.96628e-06 -1.06663e-05 -1.30615e-05 -2.47529e-05 -1.8379e-05 6.29164e-05 -2.87808e-05 0
internal_weight=13772 1358 234 12414 527 107 11887 10893 1180 1117 217 131 9713 1706 625 8007 1124 433 297 234 994 3550 3261 2703 2098 623 913 146 558 900
internal_count=13772 1358 234 12414 527 107 11887 10893 1180 1117 217 131 9713 1706 625 8007 1124 433 297 234 994 3550 3261 2703 2098 623 913 146 558 900
is_linear=0
shrinkage=0.05


Tree=48
num_leaves=31
num_cat=0
split_feature=85 114 103 117 122 46 22 111 134 56 101 133 141 77 8 121 141 88 111 100 122 19 118 28 90 138 35 91 47 120
split_gain=0.000292193 0.000163401 0.000596396 5.50692e-05 9.00021e-05 3.98455e-05 0.000294757 0.000960287 4.22867e-05 7.01443e-05 0.000120046 0.000361074 2.69364e-05 3.30877e-05 2.03468e-05 1.91489e-05 1.63725e-05 1.68503e-05 6.02354e-05 3.82436e-05 3.9689e-05 5.48269e-05 7.48553e-05 1.40517e-05 1.1309e-05 1.2251e-05 1.0686e-05 8.74764e-06 2.26299e-05 5.59779e-05
threshold=285.12611890000005 38.550000000000004 839.6500000000002 2.6500000000000008 18.500000000000004 99.500000000000014 1.0000000180025095e-35 10.050000000000002 6.8550000000000013 8.1333197500000285 -1.9239366999999843 80.530000000000015 22.780000000000005 281.39292425000002 0.051539640582159249 0.25000000000000006 33.720000000000006 33.037500000000016 13.950000000000001 -4.599999999999965 8.5000000000000018 0.0039700000000000056 27.650000000000002 12.250000000000002 10.552040816326533 11.945000000000002 283.57527510000006 18.050000000000004 74.500000000000014 274.30409090000006
decision_type=2 2 2 2 2 2 2 2 2 2 2 2 2 2 2 10 2 2 2 2 2 2 10 2 2 2 2 2 2 10
left_child=1 3 -3 5 -5 8 7 -7 9 12 11 -11 -1 23 -4 -15 -10 -18 19 -19 -21 22 -22 -14 -25 26 -26 -8 -29 -30
right_child=-2 2 14 4 -6 6 27 -9 16 10 -12 -13 13 15 -16 -17 17 18 -20 20 21 -23 -24 24 25 -27 -28 28 29 -31
leaf_value=0 0.00010094371910418607 0.00018486008045279464 0 0 7.9238619701360257e-05 0.00024862577654394225 -3.5470180738186522e-06 0 -3.4499902118937703e-06 0 -2.567198594216153e-06 0.00014678386791079642 0 -4.0913665632495072e-05 3.0734224551620334e-05 0 0 0 0 0 7.4414423499350005e-05 0 0 0 -1.4661305675272401e-05 0 0 0 2.716476948274636e-05 0
leaf_weight=380 71 54 506 114 52 50 1521 85 3395 107 231 55 340 271 53 51 2366 143 556 87 128 54 57 412 1262 150 55 605 269 292
leaf_count=380 71 54 506 114 52 50 1521 85 3395 107 231 55 340 271 53 51 2366 143 556 87 128 54 57 412 1262 150 55 605 269 292
internal_value=4.79845e-07 0 2.51601e-05 -1.2306e-06 2.54032e-05 -1.96159e-06 2.30076e-06 7.43519e-05 -3.64763e-06 -8.47383e-06 3.66029e-06 4.31764e-05 -1.18182e-05 -1.36763e-05 5.01779e-07 -3.55164e-05 -5.53112e-07 8.73288e-07 6.60149e-06 2.03847e-05 2.98267e-05 4.03182e-05 5.32392e-05 -8.24027e-06 -9.94324e-06 -1.20779e-05 -1.36277e-05 0 1.52677e-06 1.02717e-05
internal_weight=13772 13701 613 13088 166 12922 2822 135 10100 3314 393 162 2921 2541 559 322 6786 3391 1025 469 326 239 185 2219 1879 1467 1317 2687 1166 561
internal_count=13772 13701 613 13088 166 12922 2822 135 10100 3314 393 162 2921 2541 559 322 6786 3391 1025 469 326 239 185 2219 1879 1467 1317 2687 1166 561
is_linear=0
shrinkage=0.05


Tree=49
num_leaves=31
num_cat=0
split_feature=85 114 111 117 122 21 131 36 36 128 115 0 122 116 2 69 75 30 114 128 94 120 124 34 40 33 44 96 7 2
split_gain=0.000264204 0.00015165 0.00050844 5.04952e-05 8.13478e-05 3.78702e-05 0.000104521 0.00112041 0.000193639 5.35705e-05 2.82857e-05 2.60407e-05 5.10536e-05 7.62402e-05 0.000108716 2.55692e-05 3.53932e-05 2.40217e-05 4.30366e-05 6.1825e-05 0.000109972 0.000123837 0.000110115 1.91164e-05 1.79237e-05 1.64218e-05 1.55551e-05 1.292e-05 1.08614e-05 9.52168e-06
threshold=285.12611890000005 38.550000000000004 7.0500000000000007 2.6500000000000008 18.500000000000004 0.46527777777777785 33.845472724088289 263.44441465000006 281.00489950000002 9.829221875277435 22.050000000000004 0.017550000000000003 18.500000000000004 273.97756355000007 0.0051385905000000008 278.55407365000002 6.1500000000000012 -1.4799999999999986 19.750000000000004 9.6850806486745231 14.500000000000002 274.86953935000003 1.0000000180025095e-35 -0.26988385972673296 0.03500000000000001 0.98473788809209506 1737.5000000000002 33.712500000000013 0.051100000000000007 0.00022182550000000002
decision_type=2 2 2 2 2 2 2 2 2 2 2 2 2 2 2 2 2 2 2 2 2 10 2 2 2 2 2 2 2 2
left_child=1 3 -3 5 -5 6 7 -1 24 10 15 -4 13 -13 -15 23 -17 25 -19 20 21 22 -20 -7 28 29 27 -18 -9 -8
right_child=-2 2 11 4 -6 9 17 8 -10 -11 -12 12 -14 14 -16 16 26 18 19 -21 -22 -23 -24 -25 -26 -27 -28 -29 -30 -31
leaf_value=0.00024025273467109316 9.5966628728597745e-05 0.00015375094220423534 0 0 7.5351444404832531e-05 0 -6.5441507293836266e-06 -3.7666485038489104e-05 7.5173178495514017e-05 0 0 0 0 8.1761656045050674e-05 0 0 0 -7.1330164996065317e-07 0.00012123165307043977 0 0 0 0 -7.6994109535272794e-06 0 0 0 -2.8856291523836615e-05 0 0
leaf_weight=52 71 68 286 114 52 950 2757 140 62 3244 105 51 55 97 56 74 150 1064 76 620 72 59 66 1577 116 146 171 629 85 707
leaf_count=52 71 68 286 114 52 950 2757 140 62 3244 105 51 55 97 56 74 150 1064 76 620 72 59 66 1577 116 146 171 629 85 707
internal_value=4.32852e-07 0 2.42145e-05 -1.20832e-06 2.41696e-05 -1.92308e-06 2.43131e-07 2.37957e-05 0 -4.53794e-06 -8.68804e-06 0 1.58238e-05 3.06623e-05 4.98918e-05 -9.88037e-06 -1.88685e-05 -7.87795e-07 2.28853e-06 1.14548e-05 3.14994e-05 5.2028e-05 7.73869e-05 -4.25429e-06 -1.93523e-05 -3.84032e-06 -2.1835e-05 -2.51226e-05 -2.76588e-05 -5.21707e-06
internal_weight=13772 13701 613 13088 166 12922 6022 455 403 6900 3656 545 259 204 153 3551 1024 5567 1957 893 273 201 142 2527 341 3610 950 779 225 3464
internal_count=13772 13701 613 13088 166 12922 6022 455 403 6900 3656 545 259 204 153 3551 1024 5567 1957 893 273 201 142 2527 341 3610 950 779 225 3464
is_linear=0
shrinkage=0.05


Tree=50
num_leaves=31
num_cat=0
split_feature=19 119 83 66 121 61 138 155 122 19 136 92 85 131 89 36 110 41 113 128 23 102 115 0 86 96 120 28 3 138
split_gain=0.000174355 0.000729002 8.03097e-05 0.000347201 6.14904e-05 0.000245007 0.00124213 4.43823e-05 0.00014954 0.000124148 8.21799e-05 2.56577e-05 5.81218e-05 0.000196698 2.01414e-05 1.85642e-05 0.000145828 2.19669e-05 2.42366e-05 1.94198e-05 1.75834e-05 2.14898e-05 1.27971e-05 1.37471e-05 1.27637e-05 1.12223e-05 8.3807e-06 1.2038e-05 6.63206e-06 7.10816e-06
threshold=-0.019698571428571423 10.450000000000001 35.20000000000001 18.375000000000004 0.15000000000000005 582.9000000000002 4.4450000000000012 0.64200000000000024 15.500000000000002 -1.4285714285714284e-05 0.75500000000000012 12.750000000000002 277.32348360000009 36.483127832155724 33.750000000000007 262.36490320000001 25.650000000000002 38.500000000000007 0.15000000000000005 10.110034132736219 18.03680555555556 3.2500000000000004 23.550000000000004 0.093650000000000025 20.500000000000004 32.962500000000013 280.80287305000007 27.750000000000004 5.1000000000000006e-05 9.8850000000000016
decision_type=2 10 2 2 10 2 2 2 2 2 2 2 2 2 2 2 2 2 2 2 2 2 2 2 2 2 10 2 2 2
left_child=1 -1 4 -4 7 -6 -7 11 25 10 -10 12 15 -14 -13 16 -2 26 19 28 -16 22 23 24 -22 -9 27 -17 -19 -30
right_child=2 -3 3 -5 5 6 -8 8 9 -11 -12 14 13 -15 20 17 -18 18 -20 -21 21 -23 -24 -25 -26 -27 -28 -29 29 -31
leaf_value=0 0 0.00020692571427097613 0.00014334573902697928 0 0 0.00026915033374811997 0 0 9.764504236495622e-05 0 0 0 0.00010440492866623404 0 0 0 8.4548348456925902e-05 0 0 -2.3782240476834044e-07 -1.8769713970976178e-05 0 0 0 0 -8.7196143942299947e-06 0 2.195336113248966e-05 -1.0095680309094902e-05 0
leaf_weight=142 1431 52 51 68 1118 52 191 215 98 124 57 146 53 508 119 62 50 677 693 2603 1097 136 51 142 50 368 169 107 2990 156
leaf_count=142 1431 52 51 68 1118 52 191 215 98 124 57 146 53 508 119 62 50 677 693 2603 1097 136 51 142 50 368 169 107 2990 156
internal_value=8.92593e-07 4.78707e-05 0 4.08752e-05 -1.44279e-07 9.44802e-06 5.48506e-05 -1.63685e-06 7.92867e-06 3.91015e-05 6.88025e-05 -2.81587e-06 -1.15868e-06 1.31293e-05 -8.98147e-06 -2.61619e-06 0 -3.79823e-06 -4.76272e-06 -5.87852e-06 -1.0936e-05 -1.26093e-05 -1.46691e-05 -1.57635e-05 -1.7583e-05 0 1.72086e-06 1.13645e-05 -8.41056e-06 -9.5511e-06
internal_weight=13776 194 13582 119 13463 1361 243 12102 862 279 155 11240 9499 561 1741 8938 1481 7457 7119 6426 1595 1476 1340 1289 1147 583 338 169 3823 3146
internal_count=13776 194 13582 119 13463 1361 243 12102 862 279 155 11240 9499 561 1741 8938 1481 7457 7119 6426 1595 1476 1340 1289 1147 583 338 169 3823 3146
is_linear=0
shrinkage=0.05


Tree=51
num_leaves=31
num_cat=0
split_feature=19 119 120 49 133 112 141 114 33 36 110 134 85 141 126 41 114 76 126 141 128 82 92 90 92 119 128 34 110 49
split_gain=0.000154314 0.000662134 7.77967e-05 0.000472151 8.12593e-05 0.000462265 7.84505e-05 0.000171406 0.00038022 0.000145856 0.00141965 5.10583e-05 3.58394e-05 4.78261e-05 2.75222e-05 2.68923e-05 0.000136521 2.11404e-05 2.25737e-05 7.25725e-05 0.000114487 1.95898e-05 4.03979e-05 8.68763e-05 1.42989e-05 1.39293e-05 1.37104e-05 1.14502e-05 8.92191e-06 7.50583e-06
threshold=-0.019698571428571423 10.450000000000001 267.91831200000007 989.85000000000002 78.070000000000007 290.20120405000006 33.775000000000013 33.650000000000013 0.92586276615415819 262.36490320000001 18.150000000000002 6.6850000000000014 276.34564385000004 22.965000000000003 45.500000000000007 37.500000000000007 29.650000000000002 1.2500000000000007 60.500000000000007 25.640000000000004 9.5241855175685135 34.458000000000013 8.6500000000000039 33.011224489795929 7.0500000000000016 22.650000000000002 9.8639407858950765 0.58387074974275499 5.2500000000000009 1002.6500000000002
decision_type=2 10 8 2 2 2 2 2 2 2 2 2 2 2 2 2 2 2 2 2 2 2 2 2 2 8 2 2 2 2
left_child=1 -1 3 4 21 -6 12 9 -9 10 -8 -11 15 -14 24 16 -4 25 19 -19 -21 26 -23 -24 -15 28 -2 29 -17 -26
right_child=2 -3 6 -5 5 -7 7 8 -10 11 -12 -13 13 14 -16 17 -18 18 -20 20 -22 22 23 -25 27 -27 -28 -29 -30 -31
leaf_value=0 -1.0955376675207987e-05 0.0001967746374869438 0 0.00013667694219028211 0 0.00015914517036334373 0 0 0.00012151506967105283 -1.2999403372740971e-05 0.00027331941668815214 0 0 0 0 0 7.5301302432697934e-05 0 0 9.0491935667387223e-05 0 0 0 7.9724214507600739e-05 -3.465258493682295e-05 0 0 0 -8.1094736165243456e-06 0
leaf_weight=142 537 52 242 71 234 53 514 158 95 927 51 3165 221 110 66 81 62 77 344 63 79 266 92 52 417 1668 792 56 3027 62
leaf_count=142 537 52 242 71 234 53 514 158 95 927 51 3165 221 110 66 81 62 77 344 63 79 266 92 52 417 1668 792 56 3027 62
internal_value=8.95709e-07 4.51117e-05 0 9.09336e-06 2.09034e-06 2.71317e-05 -1.35247e-06 2.79849e-06 4.28776e-05 0 2.43454e-05 -2.66969e-06 -5.21257e-06 -1.57154e-05 -2.21712e-05 -2.58954e-06 7.22577e-06 -4.086e-06 0 1.60162e-05 4.07847e-05 0 6.74162e-06 2.87288e-05 -2.54616e-05 -5.45221e-06 -4.77264e-06 -2.9121e-05 -7.54161e-06 -3.1727e-05
internal_weight=13776 194 13582 2097 2026 287 11485 4910 253 4657 565 4092 6575 932 711 5643 304 5339 563 219 142 1739 410 144 645 4776 1329 535 3108 479
internal_count=13776 194 13582 2097 2026 287 11485 4910 253 4657 565 4092 6575 932 711 5643 304 5339 563 219 142 1739 410 144 645 4776 1329 535 3108 479
is_linear=0
shrinkage=0.05


Tree=52
num_leaves=31
num_cat=0
split_feature=19 119 120 49 14 93 66 131 14 50 74 2 105 114 137 113 138 128 31 88 128 49 112 34 89 67 92 138 11 92
split_gain=0.000136787 0.000601498 7.17405e-05 0.00024577 0.000615276 8.32764e-05 0.000104629 0.000359833 0.000523598 6.27769e-05 0.00029324 0.00152076 9.43041e-05 0.000324824 0.000493491 2.68622e-05 2.5571e-05 2.05158e-05 1.73672e-05 4.26413e-05 1.65296e-05 1.85268e-05 7.39769e-05 1.36232e-05 1.24555e-05 1.25967e-05 1.23301e-05 1.1363e-05 6.64834e-06 6.12302e-06
threshold=-0.019698571428571423 10.450000000000001 268.27954055000004 989.6500000000002 0.0073567035000000006 265.45583375000007 19.925000000000004 46.914709146432635 0.008095823000000002 1019.0500000000001 23.992857142857151 0.00015399500000000003 9.5000000000000018 31.950000000000003 0.16000000000000003 0.15000000000000005 7.9350000000000014 9.7832328462547498 7.6500000000000012 30.287500000000005 9.8639407858950765 966.45000000000016 286.18584785000007 0.07864919068642573 35.050000000000004 11.15 7.450000000000002 10.600000000000001 6.2455638888888907e-05 15.350000000000003
decision_type=2 10 8 2 2 2 2 2 2 2 2 2 2 2 2 2 2 2 2 2 2 2 2 2 2 2 2 2 2 2
left_child=1 -1 3 5 -5 24 -7 8 -8 15 12 -12 13 -11 -15 17 18 23 -14 28 -9 22 -22 27 -2 -26 -27 -4 -20 -21
right_child=2 -3 9 4 -6 6 7 20 -10 10 11 -13 16 14 -16 -17 -18 -19 19 29 21 -23 -24 -25 25 26 -28 -29 -30 -31
leaf_value=0 0 0.0001871215508820243 -1.8537704746772664e-05 0 0.00020821365509103964 0 0 0 0.00022429742453205796 0 0 0.00029563381471730898 0 0 0.00015723678476529639 0 0 -1.4038188921946913e-06 0 -2.7355701357360221e-05 0 0 6.7459855812647548e-05 0 0 0 -1.2523384584541247e-05 0 -3.7360101914399274e-06 0
leaf_weight=142 118 52 1006 58 52 314 57 201 52 569 211 51 644 55 89 839 1291 2209 197 352 116 298 60 758 129 219 714 79 2746 98
leaf_count=142 118 52 1006 58 52 314 57 201 52 569 211 51 644 55 89 839 1291 2209 197 352 116 298 60 758 129 219 714 79 2746 98
internal_value=8.54196e-07 4.24881e-05 0 8.10259e-06 8.27193e-05 2.27084e-06 1.35326e-05 2.42817e-05 0.000111086 -1.41796e-06 1.25658e-06 5.3147e-05 -1.74806e-07 1.58476e-05 8.26867e-05 -5.88624e-06 -3.25978e-06 -7.6413e-06 -5.46397e-06 -6.95071e-06 2.7244e-06 9.8773e-06 2.288e-05 -1.24012e-05 -3.97722e-06 -6.84599e-06 -9.33048e-06 -1.71024e-05 -2.71627e-06 -2.34901e-05
internal_weight=13776 194 13582 2388 110 2278 1098 784 109 11194 6303 262 6041 713 144 4891 5328 4052 4037 3393 675 474 176 1843 1180 1062 933 1085 2943 450
internal_count=13776 194 13582 2388 110 2278 1098 784 109 11194 6303 262 6041 713 144 4891 5328 4052 4037 3393 675 474 176 1843 1180 1062 933 1085 2943 450
is_linear=0
shrinkage=0.05


Tree=53
num_leaves=31
num_cat=0
split_feature=81 67 129 59 49 131 33 114 36 100 128 3 51 128 59 90 94 120 122 34 92 43 115 86 3 43 135 59 118 90
split_gain=0.000142408 0.00137271 7.25556e-05 0.000367477 3.76014e-05 0.000111349 0.000573924 0.000303689 6.12006e-05 0.0001907 2.71317e-05 1.92982e-05 1.88078e-05 1.85563e-05 1.64947e-05 1.42393e-05 6.68366e-05 7.04836e-05 0.000123753 0.000121469 8.12563e-05 1.19341e-05 2.60534e-05 6.26838e-05 1.12998e-05 1.233e-05 1.10859e-05 9.80853e-06 9.59931e-06 1.14311e-05
threshold=46.550000000000004 6.2500000000000009 7.5000000000000009 7.3380000000000001 955.55000000000007 34.954889260841185 -0.99816499076760401 33.250000000000007 281.00489950000002 -5.0499999999999536 10.888660483062997 0.0012286560000000001 362.50000000000006 9.8644867814012631 3.0620000000000007 20.782653061224494 7.5000000000000009 272.23356625000008 7.5000000000000009 -0.95489942923377424 22.150000000000006 0.36850000000000005 15.350000000000003 12.500000000000002 5.5450000000000006e-05 0.27550000000000008 0.33500000000000008 4.6836000000000011 12.750000000000002 10.552040816326533
decision_type=2 2 2 2 2 2 2 2 2 2 2 2 2 2 2 2 2 10 2 2 2 2 2 2 2 2 2 2 8 2
left_child=4 -2 10 -4 13 6 -6 8 11 -10 24 -8 15 26 -14 -7 17 18 -17 -20 -21 -18 -23 -24 -3 -26 -1 -27 -13 -30
right_child=1 2 3 -5 5 12 7 -9 9 -11 -12 28 14 -15 -16 16 21 -19 19 20 -22 22 23 -25 25 27 -28 -29 29 -31
leaf_value=0 0.00020420068973740296 0 0.00014521461229798243 0 0.00017704721626311465 -1.7637873452429004e-06 0 9.5645389500575778e-05 0 0.0001038394742919571 2.2984786354906335e-06 0 0 0 -7.7598248408449943e-06 0 -2.8051170306902473e-06 0 0 0.00011205115163599483 0 0 4.9883795371801844e-05 0 0 0 -1.4832218378719775e-05 -1.6997297244141932e-05 0 -2.1813853592497821e-05
leaf_weight=98 90 115 51 63 53 4783 258 83 70 51 239 179 173 697 1659 172 1941 189 59 93 71 488 94 67 64 84 771 531 134 356
leaf_count=98 90 115 51 63 53 4783 258 83 70 51 239 179 173 697 1659 172 1941 189 59 93 71 488 94 67 64 84 771 531 134 356
internal_value=8.00628e-07 1.71171e-05 0 3.93255e-05 -4.11537e-07 1.90192e-07 1.50125e-05 2.85271e-06 0 2.62314e-05 -1.85084e-06 -8.62627e-06 -1.09322e-06 -7.8161e-06 -5.65994e-06 0 2.55432e-06 1.79175e-05 3.03188e-05 5.48292e-05 7.69523e-05 0 4.73193e-06 2.21788e-05 -9.39044e-06 -1.20265e-05 -1.27811e-05 -1.44812e-05 -1.32316e-05 -1.6964e-05
internal_weight=13776 1237 1147 114 12539 10973 1184 1131 1048 121 1033 927 9789 1566 1832 7957 3174 584 395 223 164 2590 649 161 794 679 869 615 669 490
internal_count=13776 1237 1147 114 12539 10973 1184 1131 1048 121 1033 927 9789 1566 1832 7957 3174 584 395 223 164 2590 649 161 794 679 869 615 669 490
is_linear=0
shrinkage=0.05


Tree=54
num_leaves=31
num_cat=0
split_feature=81 107 121 49 131 33 114 36 100 96 50 128 4 92 66 3 51 93 65 43 114 88 15 128 106 141 141 122 118 55
split_gain=0.000130954 0.00126142 0.000149589 3.42161e-05 0.000102145 0.000517237 0.000274666 5.32592e-05 0.00017457 2.20053e-05 0.000190328 2.90842e-05 2.05877e-05 2.36005e-05 1.81777e-05 1.78927e-05 1.64791e-05 1.46601e-05 1.44362e-05 1.38974e-05 1.10011e-05 3.20993e-05 6.01148e-05 0.000104734 0.000187941 0.000454041 1.65832e-05 3.14926e-05 4.65351e-05 2.82666e-05
threshold=46.550000000000004 5.0500000000000007 0.25000000000000006 955.55000000000007 34.954889260841185 -0.99816499076760401 33.250000000000007 281.00489950000002 -5.0499999999999536 44.287500000000009 1016.2500000000001 10.888660483062997 0.00012611850000000002 23.150000000000006 10.925000000000002 0.0012286560000000001 362.50000000000006 264.92704110000005 9.5500000000000025 0.27950000000000008 19.750000000000004 38.237500000000004 0.00024687500000000008 9.5496300637758775 25.450000000000003 31.935000000000006 37.265000000000008 7.5000000000000009 15.550000000000002 5.8185554500000203
decision_type=2 2 10 2 2 2 2 2 2 2 2 2 2 2 2 2 2 2 2 2 2 2 2 2 2 2 2 2 10 2
left_child=3 -2 9 12 5 -5 7 15 -9 10 -3 14 13 -1 -11 -7 20 -16 -18 -19 -6 22 -22 24 -24 -26 -25 -28 -29 -30
right_child=1 2 -4 4 16 6 -8 8 -10 11 -12 -13 -14 -15 17 -17 18 19 -20 -21 21 -23 23 26 25 -27 27 28 29 -31
leaf_value=-1.4595268741191503e-05 0.00025885521741656706 0 8.5136038452709244e-05 0.00016835878598444484 -1.5879018235516239e-06 0 9.0920050569409449e-05 0 9.8747348439736423e-05 0 9.8348143930287232e-05 0 0 0 0 -1.2652060110801711e-05 0 0 -7.2422960598211242e-06 -2.1623286664473727e-05 0 -3.5761814484293337e-06 0 0 0.00020107592988455715 0 0 0 0 6.3693046234842955e-05
leaf_weight=926 51 174 51 53 4720 258 83 70 51 58 51 168 586 54 167 669 160 53 1672 464 1157 731 176 749 51 51 125 67 55 75
leaf_count=926 51 174 51 53 4720 258 83 70 51 58 51 168 586 54 167 669 160 53 1672 464 1157 731 176 749 51 51 125 67 55 75
internal_value=7.67676e-07 1.6418e-05 1.57124e-06 -3.78729e-07 1.75577e-07 1.43858e-05 2.61116e-06 0 2.4061e-05 0 1.09592e-05 -5.53105e-06 -7.45121e-06 -1.18807e-05 -1.16349e-05 -8.20785e-06 -1.03375e-06 -1.46005e-05 -5.30878e-06 -1.87791e-05 0 2.19489e-06 5.87348e-06 1.32434e-05 4.22267e-05 9.69104e-05 1.02361e-06 1.14817e-05 2.47526e-05 4.25926e-05
internal_weight=13776 1237 1186 12539 10973 1184 1131 1048 121 1135 225 910 1566 980 742 927 9789 684 1832 517 7957 3237 2506 1349 278 102 1071 322 197 130
internal_count=13776 1237 1186 12539 10973 1184 1131 1048 121 1135 225 910 1566 980 742 927 9789 684 1832 517 7957 3237 2506 1349 278 102 1071 322 197 130
is_linear=0
shrinkage=0.05


Tree=55
num_leaves=31
num_cat=0
split_feature=85 138 100 117 47 5 19 46 2 101 2 85 85 134 32 15 84 128 133 119 105 13 50 43 50 142 126 135 50 137
split_gain=0.000117413 0.000762764 0.00193679 4.67599e-05 0.00011424 0.000134668 0.000331455 3.79428e-05 0.000240823 0.000987265 3.29648e-05 2.37014e-05 6.60428e-05 2.0663e-05 2.62945e-05 1.97653e-05 2.18938e-05 0.000115034 1.83816e-05 1.29909e-05 1.23547e-05 1.1768e-05 4.50833e-05 1.12867e-05 1.08091e-05 8.39511e-06 6.26016e-06 5.90307e-06 4.49746e-06 7.15533e-06
threshold=280.18200350000001 4.4450000000000012 -2.6999999999999882 0.8500000000000002 6.5000000000000009 0.095000000000000015 -0.00011285714285714282 99.500000000000014 0.0059917800000000012 -0.54953040000000886 0.0028720645000000007 276.34564385000004 276.14923485000003 18.850000000000005 1.6500000000000001 0.00024687500000000008 16.350000000000005 9.5712377189349187 5.4250000000000016 20.050000000000004 26.500000000000004 0.0028166693472222223 1003.35 0.47350000000000003 1022.4500000000002 67.468436082346287 47.500000000000007 83.845000000000013 1012.4500000000002 4.035000000000001
decision_type=2 2 2 2 2 2 2 2 2 2 2 2 2 2 2 2 2 2 2 10 2 2 2 2 2 2 2 2 2 2
left_child=3 2 -2 7 -5 6 -6 10 21 -10 11 12 15 14 -13 24 -17 -18 -16 23 28 26 -23 25 27 -12 -9 -1 -20 -30
right_child=1 -3 -4 4 5 -7 -8 8 9 -11 19 13 -14 -15 18 16 17 -19 20 -21 -22 22 -24 -25 -26 -27 -28 -29 29 -31
leaf_value=-6.7405500779253729e-06 0 0 0.00036788862425824994 0 0.00016307002582521065 0 0 0 0 0.00024620670086875968 0 0 4.207266481258061e-05 0 0 0 5.9752787409858385e-05 0 0 0 0 4.4883809929588631e-05 0 0 0 -2.0448452839306531e-05 -2.9992588855537106e-06 0 -1.7591507863477982e-05 0
leaf_weight=2202 69 437 51 202 57 158 83 122 82 50 98 57 87 145 60 3688 95 160 65 67 59 67 108 58 1419 573 2310 129 1002 62
leaf_count=2202 69 437 51 202 57 158 83 122 82 50 98 57 87 145 60 3688 95 160 65 67 59 67 108 58 1419 573 2310 129 1002 62
internal_value=0 2.27539e-05 0.000134711 -5.9096e-07 1.35082e-05 3.55096e-05 7.1145e-05 -1.5359e-06 2.78712e-06 6.84601e-05 -3.21572e-06 -1.73444e-06 0 -7.74432e-06 -1.03047e-05 -1.10163e-06 3.33069e-07 1.46805e-05 -1.27931e-05 -1.40946e-05 -1.45111e-05 0 1.17458e-05 -1.61673e-05 -3.94284e-06 -1.80535e-05 -1.45325e-06 -6.04924e-06 -1.57766e-05 -1.65725e-05
internal_weight=13822 557 120 13265 500 298 140 12765 2739 132 10026 9230 7780 1450 1305 7693 3943 255 1248 796 1188 2607 175 729 3750 671 2432 2331 1129 1064
internal_count=13822 557 120 13265 500 298 140 12765 2739 132 10026 9230 7780 1450 1305 7693 3943 255 1248 796 1188 2607 175 729 3750 671 2432 2331 1129 1064
is_linear=0
shrinkage=0.05


Tree=56
num_leaves=31
num_cat=0
split_feature=116 139 22 49 131 61 155 111 14 83 101 49 121 48 136 4 52 42 121 155 118 81 14 59 14 104 131 81 116 141
split_gain=6.49583e-05 0.000461016 0.000721244 4.76485e-05 0.000122336 0.000688804 0.000182502 0.000330238 0.000343241 3.44736e-05 2.64819e-05 2.31051e-05 3.72382e-05 0.000195485 2.20835e-05 1.63714e-05 1.59908e-05 1.50431e-05 1.24087e-05 1.38783e-05 1.07791e-05 8.8659e-06 2.66092e-05 4.27267e-05 7.27562e-06 6.28863e-06 5.88213e-06 6.9633e-06 1.24562e-05 1.09678e-05
threshold=292.82802535000002 72.20470462705407 7.5000000000000009 955.55000000000007 33.205449859187688 2064.3000000000006 0.11600000000000002 13.250000000000002 0.020602420000000007 35.800000000000004 5.899034599999994 970.6500000000002 1.0000000180025095e-35 33.500000000000007 0.41500000000000004 0.00012611850000000002 102.50000000000001 0.21500000000000002 0.25000000000000006 0.89400000000000002 38.750000000000007 44.95000000000001 0.013134346000000002 3.7073500000000004 0.014366110000000001 20.850000000000005 1124.6283136554737 33.250000000000007 269.82875665000006 39.345000000000006
decision_type=2 2 2 2 2 2 2 2 2 2 2 2 10 2 2 2 2 2 8 2 8 2 2 2 2 2 2 2 2 2
left_child=3 21 -3 14 5 6 10 8 -8 11 16 12 -6 -14 15 20 25 -13 19 26 -1 24 23 -23 -2 -5 27 -19 -29 -30
right_child=1 2 -4 4 9 -7 7 -9 -10 -11 -12 17 13 -15 -16 -17 -18 18 -20 -21 -22 22 -24 -25 -26 -27 -28 28 29 -31
leaf_value=-1.8049099128407122e-05 -1.0664641999855801e-05 0 0.00022976419373631966 -2.2740694107738994e-05 0 0.00017241371382825118 0 0 0.00018503951923955103 3.6035046251964996e-05 0 0 8.049563332101421e-05 0 0 0 0 -3.8472978763454631e-07 0 0 0 5.8630452030623896e-05 0 0 0 0 0 0 -1.3750812282299207e-05 0
leaf_weight=751 276 53 58 334 1816 67 63 113 60 53 50 3416 90 237 421 311 55 1431 1371 94 156 52 152 84 137 126 239 296 1410 50
leaf_count=751 276 53 58 334 1816 67 63 113 60 53 50 3416 90 237 421 311 55 1431 1371 94 156 52 152 84 137 126 239 296 1410 50
internal_value=0 1.39871e-05 0.000108216 -5.06827e-07 2.23752e-07 1.85614e-05 0 4.13342e-05 9.96167e-05 -8.17338e-07 -9.52387e-06 -1.4861e-06 1.91124e-06 1.75415e-05 -8.62124e-06 -1.20534e-05 -1.50929e-05 -2.96448e-06 -4.75524e-06 -6.34252e-06 -1.54959e-05 0 5.53358e-06 2.34556e-05 -5.67123e-06 -1.84849e-05 -7.17323e-06 -7.74116e-06 -1.08867e-05 -1.28002e-05
internal_weight=13822 812 111 13010 11371 868 801 236 123 10503 565 10450 2143 327 1639 1218 515 8307 4891 3520 907 701 288 136 413 460 3426 3187 1756 1460
internal_count=13822 812 111 13010 11371 868 801 236 123 10503 565 10450 2143 327 1639 1218 515 8307 4891 3520 907 701 288 136 413 460 3426 3187 1756 1460
is_linear=0
shrinkage=0.05


Tree=57
num_leaves=31
num_cat=0
split_feature=85 138 117 83 85 85 131 124 22 155 73 33 131 45 49 105 124 61 47 88 43 29 116 126 136 83 30 160 69 66
split_gain=9.62906e-05 0.000677957 4.31099e-05 0.000151768 4.63628e-05 5.75723e-05 3.91996e-05 3.80922e-05 0.000543851 2.91436e-05 6.46018e-05 2.45741e-05 3.26907e-05 1.49492e-05 1.17933e-05 2.90736e-05 5.18121e-05 0.000103591 0.000140796 0.000188134 0.000105092 9.41897e-06 9.61478e-06 8.06359e-06 7.05253e-06 8.4727e-05 7.0137e-06 5.85891e-06 6.60052e-06 1.10401e-05
threshold=280.18200350000001 4.0300000000000011 0.25000000000000006 29.750000000000004 276.34564385000004 276.14923485000003 257.1604598582673 -0.9159756150367534 1.0000000180025095e-35 0.79000000000000015 32.850000000000001 -0.99794424474338117 36.194106249939516 81.500000000000014 972.1500000000002 24.500000000000004 1.0000000180025095e-35 1582.1000000000001 15.500000000000002 30.162500000000005 0.33450000000000008 31.950000000000003 285.14323195000003 26.500000000000004 0.67500000000000016 19.450000000000003 -3.5914285714285694 0.0065942028985507264 272.49811510000006 8.9250000000000025
decision_type=2 2 2 2 2 2 2 2 2 2 2 2 2 2 2 2 2 2 2 2 2 2 2 2 2 2 2 2 2 2
left_child=2 -2 4 9 5 7 13 8 -1 21 -11 12 -9 -6 15 16 17 18 -13 -20 -21 -4 -23 -15 25 -3 -16 -28 -29 -30
right_child=1 24 3 -5 6 -7 -8 11 -10 10 -12 14 -14 23 26 -17 -18 -19 19 20 -22 22 -24 -25 -26 -27 27 28 29 -31
leaf_value=0.00012519194051831541 0.00014901963424437847 0 0 7.0077596854741479e-05 0 3.9370651582595948e-05 0 -4.7477437463779766e-05 0 0 6.0849240591547667e-05 0 0 -2.2852856593881314e-05 0 -1.9705190934619465e-06 0 0 0 0 0.00014146535594461188 -1.1018267896020858e-05 0 0 -8.6896934350573043e-06 5.7202141929267857e-05 0 0 0 -8.9653302673033379e-06
leaf_weight=89 86 186 246 92 354 87 318 82 1205 58 62 119 657 584 555 1533 806 186 70 53 76 400 90 234 221 64 2025 1642 237 1405
leaf_count=89 86 186 246 92 354 87 318 82 1205 58 62 119 657 584 555 1533 806 186 70 53 76 400 90 234 221 64 2025 1642 237 1405
internal_value=0 2.06135e-05 -5.22593e-07 9.02465e-06 -1.664e-06 -5.01322e-08 -1.00297e-05 -8.38604e-07 6.27211e-06 0 2.4353e-05 -2.34252e-06 -1.19325e-05 -1.454e-05 -9.53124e-07 4.8414e-07 7.16985e-06 1.97471e-05 3.78042e-05 6.35567e-05 9.91591e-05 -1.22054e-06 -7.08478e-06 -1.86661e-05 0 1.85953e-06 -2.50242e-06 -3.19668e-06 -4.58004e-06 -7.21001e-06
internal_weight=13822 557 13265 948 12317 10827 1490 10740 1294 856 120 9446 739 1172 8707 2843 1310 504 318 199 129 736 490 818 471 250 5864 5309 3284 1642
internal_count=13822 557 13265 948 12317 10827 1490 10740 1294 856 120 9446 739 1172 8707 2843 1310 504 318 199 129 736 490 818 471 250 5864 5309 3284 1642
is_linear=0
shrinkage=0.05


Tree=58
num_leaves=31
num_cat=0
split_feature=85 138 19 101 53 1 117 128 131 33 7 92 155 138 50 128 74 111 9 92 88 30 56 34 118 10 141 73 118 93
split_gain=8.46323e-05 0.000618202 0.00130577 4.19433e-05 0.000296991 0.00162496 9.46851e-05 0.000401971 3.11248e-05 2.60622e-05 2.22975e-05 2.48156e-05 1.91601e-05 7.91273e-05 0.000195147 1.16428e-05 8.73591e-06 1.52954e-05 3.40695e-05 2.96734e-05 1.26115e-05 8.77534e-06 7.65484e-06 5.33774e-06 3.05402e-05 8.20416e-06 4.51151e-06 4.52279e-06 3.75262e-06 3.1384e-06
threshold=280.18200350000001 4.4450000000000012 -0.00011571428571428566 0.76028819999999098 219.50000000000003 0.072925425000000016 0.25000000000000006 9.0494084161360799 60.631396245768578 -0.99794424474338117 0.0030500000000000002 8.6500000000000039 0.19 3.2750000000000004 997.55000000000007 9.986477217735418 14.100000000000003 6.2500000000000009 1.3355555555555558 8.4500000000000046 47.32500000000001 -0.78857142857142926 -1.7342684500000016 -0.23691889214810938 16.750000000000004 2.1900000000000008 37.170000000000009 19.650000000000002 23.050000000000004 273.78255155000005
decision_type=2 2 2 2 2 2 2 2 2 2 2 2 2 2 2 2 2 2 2 2 2 2 2 2 10 2 2 2 10 2
left_child=3 2 -2 4 6 -6 9 -8 10 -1 -5 28 15 14 -14 22 17 -10 19 -19 21 26 -11 25 -25 -15 27 -18 -12 -29
right_child=1 -3 -4 8 5 -7 7 -9 16 12 11 -13 13 23 -16 -17 20 18 -20 -21 -22 -23 -24 24 -26 -27 -28 29 -30 -31
leaf_value=-1.2197638944747099e-05 0.00028449112892333013 0 0 0 0 0.00027647389015934707 0.00011437925973481194 0 0 -5.4857084556869654e-06 -3.7668385501007753e-06 -2.5838994020074157e-05 0 0 0.00010832388850637168 0 0 0 0 5.1625913042031847e-05 0 0 0 0 3.6785156773417362e-05 -6.9226758440243249e-06 0 -9.0984009984445039e-06 0 0
leaf_weight=680 61 437 59 316 265 62 91 512 556 2651 661 438 77 254 59 2716 103 161 108 74 165 303 360 205 61 548 358 1249 69 163
leaf_count=680 61 437 59 316 265 62 91 512 556 2651 661 438 77 254 59 2716 103 161 108 74 165 303 360 205 61 548 358 1249 69 163
internal_value=0 1.93092e-05 0.000120383 -5.16091e-07 1.12653e-06 4.79192e-05 -1.33256e-07 1.81364e-05 -4.54376e-06 -2.23976e-06 -1.08658e-05 -1.40594e-05 -5.39884e-07 3.90321e-06 3.97232e-05 -2.34739e-06 -1.02898e-07 1.59752e-06 1.08552e-05 2.30796e-05 -2.89123e-06 -4.84515e-06 -4.48805e-06 0 5.31578e-06 -2.68745e-06 -6.24322e-06 -7.45803e-06 -1.26029e-07 -8.22671e-06
internal_weight=13822 557 120 13265 8541 327 8214 603 4724 7611 1484 1168 6931 1204 136 5727 3240 899 343 235 2341 2176 3011 1068 266 802 1873 1515 730 1412
internal_count=13822 557 120 13265 8541 327 8214 603 4724 7611 1484 1168 6931 1204 136 5727 3240 899 343 235 2341 2176 3011 1068 266 802 1873 1515 730 1412
is_linear=0
shrinkage=0.05


Tree=59
num_leaves=31
num_cat=0
split_feature=85 138 100 101 53 1 117 28 138 22 134 138 50 33 84 138 50 100 101 101 141 133 141 67 121 59 67 103 16 36
split_gain=7.15354e-05 0.000549989 0.0016995 3.79724e-05 0.000265417 0.00147202 8.57773e-05 0.00020864 0.0003177 0.000263269 3.02994e-05 3.15967e-05 3.33632e-05 2.34901e-05 1.72911e-05 7.00069e-05 0.000177992 1.29702e-05 2.00231e-05 3.10019e-05 3.86815e-05 1.14964e-05 1.00856e-05 7.90999e-06 8.77025e-06 6.52867e-06 1.18022e-05 2.12924e-05 1.52534e-05 2.81003e-05
threshold=280.18200350000001 4.4450000000000012 -2.6999999999999882 0.76028819999999098 219.50000000000003 0.072925425000000016 0.25000000000000006 27.450000000000006 4.745000000000001 8.5000000000000018 6.9250000000000007 7.7750000000000012 1026.6500000000003 -0.99794424474338117 4.7500000000000009 3.2750000000000004 997.55000000000007 -4.3000000000000105 -8.5364654999999896 -3.2054281000000056 33.775000000000013 6.8150000000000013 33.775000000000013 19.750000000000004 2.5500000000000003 3.0620000000000007 4.3500000000000005 1203.0000000000002 0.26500000000000007 267.92733640000006
decision_type=2 2 2 2 2 2 2 2 2 2 2 2 2 2 2 2 2 2 2 2 2 2 2 2 8 2 2 2 2 2
left_child=3 2 -2 4 6 -6 13 8 9 -8 11 12 21 -1 22 16 -16 -17 -19 20 -20 -5 -15 24 -23 26 -12 28 -28 -30
right_child=1 -3 -4 10 5 -7 7 -9 -10 -11 25 -13 -14 14 15 17 -18 18 19 -21 -22 23 -24 -25 -26 -27 27 -29 29 -31
leaf_value=-1.1588652566770736e-05 0 0 0.00033396228176290894 0 0 0.00026286961520767484 0.0002055249442049649 0 0 0 0 0 0 -3.9351383396439704e-06 0 -4.6525785528449233e-06 0.00010299796314211561 0 6.0978060525520466e-05 0 0 -2.4332266900912535e-05 0 0 0 -2.0998140997664333e-06 0 0 6.1158443614448723e-05 0
leaf_weight=680 69 437 51 64 265 62 50 266 237 50 126 273 147 3451 77 692 59 173 64 79 60 669 2276 53 228 2935 51 72 51 55
leaf_count=680 69 437 51 64 265 62 50 266 237 50 126 273 147 3451 77 692 59 173 64 79 60 669 2276 53 228 2935 51 72 51 55
internal_value=0 1.77542e-05 0.000113212 -4.71629e-07 1.0706e-06 4.53062e-05 -8.70775e-08 1.72747e-05 4.55682e-05 0.000121708 -4.31783e-06 -1.06852e-05 -1.4456e-05 -2.12156e-06 -4.6991e-07 3.70232e-06 3.73906e-05 0 6.79845e-06 1.81878e-05 3.40573e-05 -1.79281e-05 -2.22045e-06 -1.93202e-05 -2.04284e-05 -2.0814e-08 3.08021e-06 1.1957e-05 2.33458e-05 3.40763e-05
internal_weight=13822 557 120 13265 8541 327 8214 603 337 100 4724 1434 1161 7611 6931 1204 136 1068 376 203 124 1014 5727 950 897 3290 355 229 157 106
internal_count=13822 557 120 13265 8541 327 8214 603 337 100 4724 1434 1161 7611 6931 1204 136 1068 376 203 124 1014 5727 950 897 3290 355 229 157 106
is_linear=0
shrinkage=0.05


Tree=60
num_leaves=31
num_cat=0
split_feature=121 119 137 88 49 2 43 81 67 28 128 77 122 137 55 81 161 74 41 103 138 161 135 81 62 29 108 133 122 120
split_gain=0.00011606 0.000776912 0.000129232 0.000200099 4.78103e-05 0.000245023 0.00079354 0.000205062 0.00123863 4.68821e-05 4.35452e-05 3.61306e-05 0.000169352 0.000218416 1.8096e-05 2.01029e-05 0.000109657 0.000255653 1.76062e-05 1.59394e-05 1.49116e-05 3.48043e-05 1.19366e-05 1.08603e-05 1.37246e-05 1.43598e-05 1.01452e-05 8.82927e-06 6.16943e-06 5.43003e-06
threshold=0.15000000000000005 6.4500000000000011 1.7550000000000001 41.687500000000007 986.55000000000007 0.0059917800000000012 0.31650000000000006 46.45000000000001 6.5500000000000007 29.550000000000004 10.746143052962692 284.98259795000007 16.500000000000004 0.13500000000000004 12.433080650000024 32.350000000000001 0.15306122448979595 16.592857142857145 34.500000000000007 1016.9500000000002 3.6700000000000004 0.43877551020408168 83.845000000000013 23.550000000000004 74.90000000000002 53.300000000000004 280.77117115000004 7.3500000000000005 7.5000000000000009 285.75463640000004
decision_type=10 10 2 2 2 2 2 2 2 2 2 2 2 2 2 2 2 2 2 2 2 2 2 2 2 2 2 2 2 10
left_child=4 -2 18 -4 9 7 -7 14 -9 11 19 28 -13 -14 15 -6 17 -17 26 -11 -10 -22 23 -21 25 -25 -3 -20 -1 -29
right_child=1 2 3 -5 5 6 -8 8 20 10 -12 12 13 -15 -16 16 -18 -19 27 22 21 -23 -24 24 -26 -27 -28 29 -30 -31
leaf_value=-3.8259709238599832e-06 0.00017900038153561583 1.7480793658798944e-05 0 0.00012615713506350474 -1.6448081831722226e-06 0 0.00022584509865597425 0.00024724874700349562 -1.8944285312125644e-05 0 0 0 0.00010600065849409495 0 -1.4485578534138111e-05 0.0001367659543133164 0 0 0 0 3.6176039792559066e-05 0 0 -1.7419849855055924e-05 0 0 0 -1.3344623529049837e-05 0 0
leaf_weight=1295 69 82 231 51 3540 50 51 58 101 197 963 481 93 69 238 50 412 76 75 453 66 105 111 1496 191 299 241 461 2049 159
leaf_count=1295 69 82 231 51 3540 50 51 58 101 197 963 481 93 69 238 50 412 76 75 453 66 105 111 1496 191 299 241 461 2049 159
internal_value=1.12046e-06 1.49816e-05 2.30187e-06 3.40113e-05 -3.75905e-09 3.50651e-06 8.0954e-05 7.29851e-07 3.92613e-05 -2.81836e-06 -6.93255e-06 0 1.16082e-05 5.59446e-05 -1.06646e-06 0 8.68726e-06 4.97885e-05 -1.60005e-06 -1.02234e-05 0 1.97758e-06 -1.1323e-05 -1.20943e-05 -1.39027e-05 -1.52625e-05 0 -8.18467e-06 -1.0298e-06 -1.05178e-05
internal_weight=13813 1369 1300 282 12444 4747 101 4646 330 7697 3710 3987 643 162 4316 4078 538 126 1018 2747 272 171 2550 2439 1986 1795 323 695 3344 620
internal_count=13813 1369 1300 282 12444 4747 101 4646 330 7697 3710 3987 643 162 4316 4078 538 126 1018 2747 272 171 2550 2439 1986 1795 323 695 3344 620
is_linear=0
shrinkage=0.05


Tree=61
num_leaves=31
num_cat=0
split_feature=121 61 107 49 33 74 81 67 2 77 140 84 100 135 128 126 55 104 81 94 41 141 0 50 102 97 43 9 82 4
split_gain=0.000108509 0.000493526 0.00195543 4.22503e-05 0.000323197 0.00105934 0.000185611 0.00120574 4.31521e-05 2.58709e-05 0.000115009 2.406e-05 2.77652e-05 1.40019e-05 1.60708e-05 1.57905e-05 1.26682e-05 2.10651e-05 5.46974e-05 0.000170744 1.22615e-05 1.16573e-05 1.06161e-05 1.15127e-05 1.40843e-05 8.64563e-06 7.3143e-06 4.05071e-05 8.79416e-05 8.6857e-05
threshold=0.15000000000000005 582.9000000000002 12.850000000000003 986.55000000000007 -0.99794424474338117 20.26428571428572 46.45000000000001 6.5500000000000007 2.1850000000000003e-05 284.98259795000007 71.575000000000017 21.050000000000008 6.3500000000000236 83.845000000000013 11.094583837058611 91.500000000000014 12.433080650000024 0.95000000000000018 32.350000000000001 7.5000000000000009 96.500000000000014 34.050000000000004 0.010100000000000003 1022.0500000000001 -4.4499999999999993 7.2000000000000011 0.33950000000000008 0.22659722222222226 18.086000000000002 0.0043647795000000007
decision_type=10 2 2 2 2 2 2 2 2 2 2 2 2 2 2 2 2 2 2 2 2 2 2 2 2 2 2 2 2 2
left_child=3 26 -3 8 5 -5 16 -8 9 21 -11 12 13 14 15 20 17 18 -6 -20 -10 22 23 24 -1 -26 -2 -28 -29 -30
right_child=1 2 -4 4 6 -7 7 -9 11 10 -12 -13 -14 -15 -16 -17 -18 -19 19 -21 -22 -23 -24 -25 25 -27 27 28 29 -31
leaf_value=0 -3.6321221811677928e-06 0.00034136527619458239 0 0 0 0.00026221713333892267 0.00024656140803958889 0 -1.5583336681963843e-05 0 6.0321568567853017e-05 0 0 0 0 0 -1.3702716776617808e-05 -2.6517553418536045e-06 9.3373416658751557e-05 0 0 4.9033986037708875e-07 0 0 -1.1635004382227348e-05 0 0 0 7.9948366748667894e-05 0
leaf_weight=74 519 54 184 82 401 50 56 278 1803 566 95 111 287 177 522 520 238 3327 67 248 58 1140 810 400 1062 72 309 149 85 69
leaf_count=74 519 54 184 82 401 50 56 278 1803 566 95 111 287 177 522 520 238 3327 67 248 58 1140 810 400 1062 72 309 149 85 69
internal_value=1.05961e-06 1.44682e-05 7.97642e-05 -1.47844e-08 3.25482e-06 8.03326e-05 0 3.66843e-05 -2.68094e-06 0 9.66126e-06 -6.84928e-06 -8.14359e-06 -9.74808e-06 -1.06241e-05 -1.24287e-05 -1.75609e-06 0 6.38829e-06 2.29201e-05 -1.47923e-05 -9.00529e-07 -3.62318e-06 -6.0192e-06 -8.4867e-06 -1.03799e-05 0 4.3173e-06 1.92536e-05 4.63192e-05
internal_weight=13813 1369 238 12444 4747 132 4615 334 7697 4219 661 3478 3367 3080 2903 2381 4281 4043 716 315 1861 3558 2418 1608 1208 1134 1131 612 303 154
internal_count=13813 1369 238 12444 4747 132 4615 334 7697 4219 661 3478 3367 3080 2903 2381 4281 4043 716 315 1861 3558 2418 1608 1208 1134 1131 612 303 154
is_linear=0
shrinkage=0.05


Tree=62
num_leaves=31
num_cat=0
split_feature=128 4 104 126 112 87 30 90 19 84 49 51 34 114 128 141 83 50 134 100 122 48 100 118 128 92 131 19 81 66
split_gain=9.05842e-05 0.000472379 0.00141078 0.000628338 0.00105226 0.000117809 0.000355797 4.66838e-05 4.10206e-05 2.19241e-05 7.03519e-05 9.63909e-05 4.27251e-05 3.68469e-05 1.99749e-05 1.8741e-05 2.56001e-05 5.04776e-05 6.42667e-05 8.7432e-05 5.97459e-05 3.26027e-05 1.85766e-05 1.436e-05 1.16041e-05 9.98453e-06 8.7899e-06 6.73855e-06 6.5967e-06 5.96686e-06
threshold=9.293439940087163 0.00017942400000000002 19.050000000000008 33.500000000000007 283.04547085000007 3.5000000000000004 -1.828571428571429 26.858163265306128 -0.0026385714285714268 8.7500000000000018 969.25000000000011 22.500000000000004 0.34506615165886334 28.850000000000005 9.168058974278372 33.775000000000013 20.550000000000004 1010.2500000000001 8.3250000000000011 2.5999999999999663 8.5000000000000018 98.500000000000014 6.0499999999999554 5.6500000000000012 9.608896471458312 23.350000000000005 79.487866682123368 2.7142857142857141e-05 23.450000000000003 8.9250000000000025
decision_type=2 2 2 2 2 2 2 2 2 2 2 2 2 2 2 2 2 2 2 2 2 2 2 10 2 2 2 2 2 2
left_child=1 5 3 4 8 7 -7 9 -3 12 -11 -12 23 -14 -9 22 27 -18 -19 20 -20 -22 25 -1 -24 -2 28 -17 -25 -30
right_child=15 2 -4 -5 -6 6 -8 14 -10 10 11 -13 13 -15 -16 16 17 18 19 -21 21 -23 24 26 -26 -27 -28 -29 29 -31
leaf_value=0 -5.2066515785768421e-06 3.8005091421542651e-05 0.00026160741321765949 -4.6952280496563531e-06 0.00024554469493099756 0 0.00014634757478723678 -3.509940863572523e-05 0 0 8.4157302588407415e-05 0 0 4.3032667584664243e-05 0 0 0 0 0 0 0 0.00010858567914350287 2.2174334936777486e-05 0 0 0 0 -3.6507294783720466e-06 0 -1.8176498999165519e-05
leaf_weight=613 4653 70 68 630 72 87 51 193 126 187 60 65 299 51 53 2585 431 126 84 51 70 67 58 106 522 295 113 1263 60 704
leaf_count=613 4653 70 68 630 72 87 51 193 126 187 60 65 299 51 53 2585 431 126 84 51 70 67 58 106 522 295 113 1263 60 704
internal_value=1.02243e-06 8.0095e-06 3.81725e-05 1.54192e-05 8.11321e-05 -1.13753e-06 4.01636e-05 -5.42484e-06 0 -7.77142e-07 6.96241e-06 3.89395e-05 -4.58901e-06 3.44962e-06 -2.76666e-05 -9.58496e-07 5.59718e-07 8.88112e-06 2.19169e-05 3.59245e-05 5.07114e-05 7.22451e-05 -3.14718e-06 -9.48379e-06 0 -4.52212e-06 -1.35077e-05 0 -1.52104e-05 -1.68811e-05
internal_weight=13813 3608 966 898 268 2642 138 2504 196 2258 312 125 1946 350 246 10205 4677 829 398 272 221 137 5528 1596 580 4948 983 3848 870 764
internal_count=13813 3608 966 898 268 2642 138 2504 196 2258 312 125 1946 350 246 10205 4677 829 398 272 221 137 5528 1596 580 4948 983 3848 870 764
is_linear=0
shrinkage=0.05


Tree=63
num_leaves=31
num_cat=0
split_feature=121 61 131 124 2 30 2 117 155 14 114 120 93 131 155 131 7 118 99 160 34 128 106 160 25 131 43 9 99 67
split_gain=9.30514e-05 0.000446076 0.00191134 5.86657e-05 0.000460687 0.00103512 6.38961e-05 9.7062e-05 5.40993e-05 5.14881e-05 0.000160987 3.79718e-05 0.000123275 0.000166246 2.13987e-05 2.37392e-05 1.49579e-05 1.39351e-05 1.17445e-05 1.14175e-05 8.87353e-06 2.25089e-05 2.35842e-05 5.05783e-05 5.76465e-06 2.56468e-05 5.6958e-06 3.5429e-05 0.000106932 3.30852e-05
threshold=0.15000000000000005 582.9000000000002 46.743987891117847 -0.9159756150367534 0.0036478425000000003 -1.4371428571428584 2.1850000000000003e-05 2.2500000000000004 0.28600000000000009 0.032327929500000005 29.350000000000005 267.08337820000003 265.45583375000007 61.344168628556481 0.84200000000000019 33.205449859187688 0.024050000000000005 34.350000000000001 3.3500000000000232 0.23571428571428574 0.33865888577091385 9.2714825058123012 29.050000000000004 0.17142857142857149 6.5000000000000009 51.951731884366289 0.33950000000000008 0.22659722222222226 1.350000000000023 5.3500000000000005
decision_type=10 2 2 2 2 2 2 2 2 2 2 8 2 2 2 2 2 8 2 2 2 2 2 2 2 2 2 2 2 2
left_child=3 26 -3 4 9 -6 7 11 -9 19 -11 12 -5 -14 15 16 -8 18 -17 -1 21 22 23 -13 25 -22 -2 -28 29 -29
right_child=1 2 -4 6 5 -7 14 8 -10 10 -12 20 13 -15 -16 17 -18 -19 -20 -21 24 -23 -24 -25 -26 -27 27 28 -30 -31
leaf_value=-5.9935580664268527e-06 -3.5513359384248344e-06 0.00034361207646165545 0 0 0.00027495734642116079 0 0 0 6.1747758322962913e-05 0 0.00010149416212404021 0 9.3021282057546362e-05 0 0 -7.8651137643638623e-06 -2.9425836563508662e-05 0 0 0 3.924001258495786e-05 0 0 -3.3746313258940643e-05 0 0 0 0 0 7.3328598145853472e-05
leaf_weight=956 519 51 187 422 50 54 60 51 99 127 50 898 92 215 113 2371 293 1047 302 326 50 3634 260 243 616 115 309 50 171 82
leaf_count=956 519 51 187 422 50 54 60 51 99 127 50 898 92 215 113 2371 293 1047 302 326 50 3634 260 243 616 115 309 50 171 82
internal_value=9.8612e-07 1.34018e-05 7.54693e-05 0 8.61834e-06 0.000109887 -1.67407e-06 7.0998e-07 4.03651e-05 0 2.62749e-05 0 1.05286e-05 3.55435e-05 -6.6805e-06 -7.68103e-06 -2.47686e-05 -4.7096e-06 -6.6252e-06 -2.13246e-06 -1.55182e-06 -2.6808e-06 -8.12107e-06 -1.1515e-05 0 9.31756e-06 0 3.53986e-06 1.77939e-05 5.2285e-05
internal_weight=13813 1369 238 12444 1563 104 10881 6695 150 1459 177 6545 729 307 4186 4073 353 3720 2673 1282 5816 5035 1401 1141 781 165 1131 612 303 132
internal_count=13813 1369 238 12444 1563 104 10881 6695 150 1459 177 6545 729 307 4186 4073 353 3720 2673 1282 5816 5035 1401 1141 781 165 1131 612 303 132
is_linear=0
shrinkage=0.05


Tree=64
num_leaves=31
num_cat=0
split_feature=121 119 137 88 124 33 3 103 2 84 111 21 50 103 34 123 120 116 114 74 74 12 33 19 138 131 131 19 44 43
split_gain=8.23761e-05 0.000654339 0.000107741 0.00016136 5.3033e-05 0.000410472 0.000869066 0.000101102 5.82083e-05 5.3554e-05 0.000333917 5.18239e-05 8.33237e-05 0.000118204 0.000276156 1.96679e-05 1.54816e-05 4.76326e-05 2.77287e-05 6.35951e-05 5.64457e-05 2.39401e-05 1.41569e-05 1.39061e-05 1.35775e-05 1.28543e-05 9.93984e-06 9.52847e-06 9.33288e-06 4.75543e-05
threshold=0.15000000000000005 6.4500000000000011 1.7550000000000001 41.687500000000007 -0.9159756150367534 -0.99794424474338117 0.010516495000000002 860.1500000000002 0.0021993310000000001 7.1500000000000012 5.8500000000000005 0.43750000000000006 1003.5500000000001 1320.9500000000005 -0.87796627916572145 -0.78656609248549292 271.11842755000004 286.59327150000007 26.750000000000004 14.100000000000003 10.00714285714286 0.054206488000000004 0.9991547000665838 -0.0017514285714285711 10.600000000000001 62.018480269608808 207.26291390054311 -0.0019357142857142848 987.50000000000011 0.33950000000000008
decision_type=10 10 2 2 2 2 2 2 2 2 2 2 2 2 2 2 8 2 2 2 2 2 2 2 2 2 2 2 2 2
left_child=4 -2 15 -4 5 6 -1 -7 9 16 -11 12 -12 -14 -15 28 17 -6 -18 20 -20 22 24 -13 -19 -25 -10 -9 -3 -30
right_child=1 2 3 -5 8 7 -8 27 26 10 11 23 13 14 -16 -17 18 21 19 -21 -22 -23 -24 25 -26 -27 -28 -29 29 -31
leaf_value=0 0.00016270439939190901 0 0 0.00011317278764181537 0 5.0549286041909153e-05 0.00025452776759908271 0 -1.6228856442023987e-05 0.00013091277380293897 0 0 0 0.00013927553493725583 0 -8.6859022853293957e-06 -1.6967314489642999e-06 -2.6367321331329329e-05 0 0 7.0973240346315183e-05 0 0 -1.2305864529193593e-05 0 0 0 -5.6177309993221359e-06 0 4.9950481931629933e-05
leaf_weight=59 69 148 231 51 933 95 50 369 750 53 382 197 222 67 63 748 6023 471 50 102 69 77 50 482 57 604 229 990 66 56
leaf_count=59 69 148 231 51 933 95 50 369 750 53 382 197 222 67 63 748 6023 471 50 102 69 77 50 482 57 604 229 990 66 56
internal_value=9.28391e-07 1.261e-05 6.81318e-07 3.04628e-05 0 8.19978e-06 0.000101414 0 -1.58752e-06 0 6.67166e-06 8.66061e-07 1.30322e-05 3.07204e-05 6.92738e-05 -2.68359e-06 -2.30737e-06 -7.09034e-06 -2.89367e-07 1.53784e-05 4.19811e-05 -1.74155e-05 -2.11425e-05 -2.20481e-06 -2.3583e-05 -6.14207e-06 -1.32844e-05 -2.34108e-06 0 1.37729e-05
internal_weight=13813 1369 1300 282 12444 1563 109 1454 10881 9902 2070 2017 734 352 130 1018 7832 1588 6244 221 119 655 578 1283 528 1086 979 1359 270 122
internal_count=13813 1369 1300 282 12444 1563 109 1454 10881 9902 2070 2017 734 352 130 1018 7832 1588 6244 221 119 655 578 1283 528 1086 979 1359 270 122
is_linear=0
shrinkage=0.05


Tree=65
num_leaves=31
num_cat=0
split_feature=33 139 54 138 83 131 33 33 43 2 94 112 27 136 80 115 43 94 43 65 96 136 137 120 120 73 41 83 136 15
split_gain=8.66225e-05 0.000197243 0.000699629 0.000605924 0.00011886 0.000644814 4.10726e-05 0.000129645 0.00123465 3.62177e-05 3.26261e-05 0.000151787 3.42332e-05 2.09623e-05 1.41137e-05 6.30713e-05 9.05014e-05 0.000128467 1.30896e-05 1.262e-05 1.18557e-05 1.2734e-05 1.0516e-05 9.68661e-05 0.000123479 8.09217e-06 7.40659e-06 6.80668e-06 5.91464e-06 1.27328e-05
threshold=0.33421494640842114 83.560079890267147 0.085000000000000006 6.7500000000000009 31.000000000000004 61.566851497295069 -0.998965351490534 -0.99706197751250258 0.33950000000000008 0.0028720645000000007 8.5000000000000018 290.20120405000006 1765.6500000000003 0.23500000000000001 29.837500000000006 15.15 0.36750000000000005 13.500000000000002 0.47350000000000003 33.95000000000001 34.062500000000007 3.2300000000000004 0.64500000000000013 272.23356625000008 269.36379535000009 12.850000000000003 65.500000000000014 13.550000000000002 0.40500000000000008 0.00024687500000000008
decision_type=2 2 2 2 2 2 2 2 2 2 2 2 2 2 2 2 2 2 2 2 2 2 2 8 10 2 2 2 2 2
left_child=6 4 -3 -4 10 -6 -1 8 -8 14 11 22 13 -12 15 26 -17 -18 -11 -16 -15 25 -2 24 -24 -22 -9 -27 -28 -30
right_child=1 2 3 -5 5 -7 7 9 -10 18 12 -13 -14 20 19 16 17 -19 -20 -21 21 -23 23 -25 -26 27 28 -29 29 -31
leaf_value=-1.4291219280244345e-05 -4.6537384532645687e-06 0 0.00023277330940090163 0 0.00014683013975004186 0 0.00025265537019541232 -2.2205138561428437e-06 0 -1.4822869350900485e-05 0 8.5388815911507915e-05 0 0 -7.6848160481131724e-06 0 0 0.00010191984028899562 0 0 0 0 0 0 9.3264986995983729e-05 0 0 -2.1352172076376522e-05 0 8.7265741474003374e-06
leaf_weight=579 542 280 72 66 88 310 52 3363 390 684 236 54 622 76 1113 298 58 67 56 1364 68 57 71 354 64 56 946 650 488 637
leaf_count=579 542 280 72 66 88 310 52 3363 390 684 236 54 622 76 1113 298 58 67 56 1364 68 57 71 354 64 56 946 650 488 637
internal_value=7.26629e-07 7.53223e-06 4.06248e-05 0.000132507 1.72327e-06 2.7726e-05 -1.25008e-06 0 2.58761e-05 -1.7405e-06 -1.62662e-07 4.4546e-06 -5.83321e-06 -1.12844e-05 -1.74306e-07 4.70846e-07 1.93612e-05 5.52909e-05 -1.26076e-05 -3.71713e-06 -1.47699e-05 -1.65439e-05 0 5.4455e-06 4.3445e-05 -1.83005e-05 -8.29707e-08 -1.98931e-05 9.74355e-07 3.85732e-06
internal_weight=13761 3666 418 138 3248 398 10095 9516 442 9074 2850 1085 1765 1143 8334 5857 423 125 740 2477 907 831 1031 489 135 774 5434 706 2071 1125
internal_count=13761 3666 418 138 3248 398 10095 9516 442 9074 2850 1085 1765 1143 8334 5857 423 125 740 2477 907 831 1031 489 135 774 5434 706 2071 1125
is_linear=0
shrinkage=0.05


Tree=66
num_leaves=31
num_cat=0
split_feature=81 111 112 84 122 19 36 131 100 2 120 2 85 28 21 41 88 85 113 111 16 88 81 96 128 3 131 75 114 133
split_gain=8.27355e-05 0.00106922 5.86455e-05 0.000495629 0.000120463 7.6596e-05 5.49794e-05 0.000368988 4.17658e-05 0.000325888 0.00110769 4.27021e-05 2.60133e-05 2.36014e-05 1.71678e-05 1.70736e-05 5.90235e-05 0.000113652 1.54998e-05 2.30162e-05 5.41384e-05 6.69785e-05 0.000104899 1.42322e-05 1.3658e-05 1.53225e-05 1.12788e-05 9.77283e-06 7.75701e-06 6.39207e-06
threshold=45.45000000000001 6.4500000000000011 290.20120405000006 0.55000000000000016 17.500000000000004 -0.0006500000000000003 271.08615325000005 53.449377895595291 5.2500000000000009 0.0059917800000000012 281.77134635000004 0.0059917800000000012 278.66475380000003 8.2500000000000018 0.30555555555555564 37.500000000000007 35.662500000000016 277.80445465000008 0.15000000000000005 11.250000000000002 0.51500000000000012 29.762500000000006 36.350000000000001 35.087500000000013 10.888660483062997 5.5450000000000006e-05 60.631396245768578 34.45000000000001 9.3500000000000032 3.0600000000000005
decision_type=2 2 2 2 2 2 2 2 2 2 10 2 2 2 2 2 2 2 2 2 2 2 2 2 2 2 2 2 2 2
left_child=2 -2 8 -4 23 -6 7 -3 11 -10 -11 12 15 -14 -15 16 -1 -18 26 20 -20 -22 -23 -5 25 -8 28 29 -17 -27
right_child=1 6 3 4 5 -7 24 -9 9 10 -12 -13 13 14 -16 18 17 -19 19 -21 21 22 -24 -25 -26 27 -28 -29 -30 -31
leaf_value=0 0.00021232460555211221 0.00011251006856538169 0.00013370602761106535 0 9.1889578658223267e-05 0 0 0 0 0 0.00026613563974989371 -1.9929660177258098e-05 0 0 -2.3903054962025888e-05 0 8.7604910003068718e-05 0 0 0 0 9.0662209187556932e-05 0 -1.4728250740548958e-05 0 0 -2.1502478760517116e-07 0 -8.0512217226281722e-06 -1.7704608143397963e-05
leaf_weight=460 63 81 75 185 51 54 133 498 2155 90 50 446 57 58 343 653 58 56 176 645 57 75 51 410 145 51 4420 52 1684 429
leaf_count=460 63 81 75 185 51 54 133 498 2155 90 50 446 57 58 343 653 58 56 176 645 57 75 51 410 145 51 4420 52 1684 429
internal_value=6.7231e-07 1.2084e-05 -2.68539e-07 1.24147e-05 0 4.83289e-05 0 1.41133e-05 -1.55523e-06 3.51106e-06 7.73233e-05 -3.35508e-06 -1.94364e-06 -1.4358e-05 -1.95488e-05 -6.60038e-07 6.05963e-06 3.82977e-05 -1.8019e-06 1.4494e-06 1.28724e-05 3.25541e-05 5.34218e-05 -9.48101e-06 -5.19905e-06 -9.17518e-06 -3.02501e-06 -1.33064e-05 -6.19862e-06 -1.57161e-05
internal_weight=13761 1452 12309 775 700 105 1389 579 11534 2295 140 9239 8793 458 401 8335 574 114 7761 1004 359 183 126 595 810 665 6757 532 2337 480
internal_count=13761 1452 12309 775 700 105 1389 579 11534 2295 140 9239 8793 458 401 8335 574 114 7761 1004 359 183 126 595 810 665 6757 532 2337 480
is_linear=0
shrinkage=0.05


Tree=67
num_leaves=31
num_cat=0
split_feature=120 128 93 88 116 133 114 42 53 101 138 90 128 33 120 34 122 67 104 65 131 114 116 30 136 100 92 2 88 123
split_gain=7.85577e-05 0.000375361 0.00159277 0.00149301 9.64841e-05 0.000373427 0.000613737 7.38351e-05 0.000163231 0.00112761 4.18802e-05 3.88809e-05 5.79775e-05 1.85932e-05 1.81783e-05 3.4102e-05 0.00010325 1.66806e-05 1.63139e-05 1.44371e-05 1.4082e-05 1.21011e-05 8.52674e-05 7.39888e-05 1.1359e-05 9.56968e-06 8.09306e-06 7.5231e-06 6.652e-06 7.74583e-06
threshold=267.91831200000007 9.327159571594974 265.51034455000007 38.062500000000007 292.82802535000002 69.405000000000015 29.450000000000003 0.20500000000000004 221.50000000000003 0.76028819999999098 4.6950000000000012 24.893877551020413 9.6874126969011147 -0.99794424474338117 270.46146980000003 -0.25810984587465952 7.5000000000000009 10.750000000000002 0.35000000000000009 35.850000000000001 65.098110623250292 34.95000000000001 280.27464855000005 -3.5342857142857143 0.8650000000000001 -5.1499999999999764 14.250000000000002 1.4900000000000003e-06 47.675000000000011 -0.78656609248549292
decision_type=8 2 2 2 2 2 2 2 2 2 2 2 2 2 8 2 2 2 2 2 2 2 2 2 2 2 2 2 2 2
left_child=1 2 17 -4 7 -6 -7 8 13 -10 11 26 19 -2 15 -15 -17 -1 25 20 -13 -20 -23 -24 -19 -12 -9 -3 29 -29
right_child=4 27 3 -5 5 6 -8 10 9 -11 18 12 -14 14 -16 16 -18 24 21 -21 -22 22 23 -25 -26 -27 -28 28 -30 -31
leaf_value=0 -9.7380229131317875e-06 3.3883295737535815e-07 0 0.0002987907403549991 0 0 0.00021595842649842602 -5.8411248774302913e-06 0.00025202226987465682 0 0 -5.731619175210396e-05 0 0 0 0 8.4960921528355116e-05 -1.9928149078195135e-05 -3.1135438753299132e-07 0 0 0 0 8.1790034917901268e-05 0 -8.824104593678276e-06 0 0 0 -8.3867605982191887e-06
leaf_weight=68 479 692 94 98 689 51 56 1567 50 203 93 183 203 189 3740 80 53 205 2661 70 55 67 54 63 59 932 91 84 55 777
leaf_count=68 479 692 94 98 689 51 56 1567 50 203 93 183 203 189 3740 80 53 205 2661 70 55 67 54 63 59 932 91 84 55 777
internal_value=6.09958e-07 9.61431e-06 4.65079e-05 0.000162649 -6.11615e-07 1.54586e-05 0.000102018 -2.25527e-06 1.5928e-06 4.06755e-05 -6.13759e-06 -1.22246e-05 -2.75364e-05 0 4.87368e-07 1.19869e-05 3.13461e-05 -5.93e-06 -1.43208e-06 -4.15387e-05 -4.88042e-05 0 1.27331e-05 4.5395e-05 -1.41969e-05 -6.89122e-06 -4.4779e-06 0 -4.51922e-06 -6.40459e-06
internal_weight=13761 2132 524 192 11629 796 107 10833 4794 253 6039 2169 511 4541 4062 322 133 332 3870 308 238 2845 184 117 264 1025 1658 1608 916 861
internal_count=13761 2132 524 192 11629 796 107 10833 4794 253 6039 2169 511 4541 4062 322 133 332 3870 308 238 2845 184 117 264 1025 1658 1608 916 861
is_linear=0
shrinkage=0.05


Tree=68
num_leaves=31
num_cat=0
split_feature=120 128 85 135 63 116 133 119 85 128 90 33 33 2 116 62 92 0 28 103 124 30 30 128 116 2 88 123 89 128
split_gain=7.19328e-05 0.000336803 0.0014751 0.00013061 0.000366086 8.81751e-05 0.000332725 0.000803182 6.05541e-05 5.2149e-05 3.32991e-05 3.04735e-05 0.000122416 0.000975273 2.9993e-05 2.14089e-05 1.27162e-05 1.06467e-05 1.41474e-05 4.27081e-05 6.58318e-05 7.80862e-05 0.000148952 1.15091e-05 9.02488e-06 6.38833e-06 6.16352e-06 7.23448e-06 4.64354e-06 4.2133e-05
threshold=267.91831200000007 9.327159571594974 276.22906010000003 9.0750000000000011 12.650500000000003 292.82802535000002 69.405000000000015 10.950000000000001 276.34564385000004 9.8639407858950765 23.668367346938783 -0.998965351490534 -0.99706197751250258 0.0014421295000000003 292.16108360000004 18.550000000000004 23.650000000000006 0.0077500000000000008 22.350000000000005 1896.5000000000002 1.0000000180025095e-35 -0.40142857142857152 -1.4799999999999986 10.089184871895336 269.05766825000006 1.4900000000000003e-06 47.675000000000011 -0.78656609248549292 43.650000000000013 10.062625765691157
decision_type=8 2 2 2 2 2 2 10 2 2 2 2 2 2 2 2 2 2 2 2 2 2 2 2 2 2 2 2 2 2
left_child=1 2 3 4 -1 8 28 -8 11 10 -10 -2 13 -13 16 -5 -12 18 -14 20 21 22 -20 24 -19 -3 27 -27 -7 -30
right_child=5 25 -4 15 -6 6 7 -9 9 -11 14 12 17 -15 -16 -17 -18 23 19 -21 -22 -23 -24 -25 -26 26 -28 -29 29 -31
leaf_value=0.00014810732033220119 -1.1749254798676358e-05 3.2191582005217187e-07 0.00023537573550471712 0 0 -1.9107028891008121e-06 0 0.00023617276976336954 0 0 -4.0709688516552534e-05 0 -1.1265168212499908e-06 0.00022311622353994275 0 -1.8808717588998991e-05 0 0 0 0 0 0 0.00011313827396085852 0 -7.4834502520102813e-06 0 0 -7.9679615192201045e-06 2.5570645862940363e-05 0
leaf_weight=54 556 692 84 50 86 330 54 53 280 587 315 369 3068 54 50 250 71 490 59 1274 183 109 67 1798 1503 84 55 777 176 183
leaf_count=54 556 692 84 50 86 330 54 53 280 587 315 369 3068 54 50 250 71 490 59 1274 183 109 67 1798 1503 84 55 777 176 183
internal_value=5.37637e-07 9.17094e-06 4.41082e-05 0 4.54491e-05 -6.15878e-07 1.46999e-05 9.64189e-05 -2.20403e-06 -1.24864e-05 -2.15727e-05 -2.72393e-07 0 2.65893e-05 -3.0888e-05 -1.08253e-05 -3.56523e-05 -8.56608e-07 0 4.31168e-06 1.81642e-05 3.58211e-05 6.26224e-05 -2.94517e-06 -5.56104e-06 0 -4.1639e-06 -6.0266e-06 0 5.37496e-06
internal_weight=13761 2132 524 440 140 11629 796 107 10833 1303 716 9530 8974 423 436 300 386 8551 4760 1692 418 235 126 3791 1993 1608 916 861 689 359
internal_count=13761 2132 524 440 140 11629 796 107 10833 1303 716 9530 8974 423 436 300 386 8551 4760 1692 418 235 126 3791 1993 1608 916 861 689 359
is_linear=0
shrinkage=0.05


Tree=69
num_leaves=31
num_cat=0
split_feature=81 111 36 131 33 33 43 2 133 35 99 118 15 114 94 55 55 43 131 101 92 44 43 114 54 52 73 43 101 105
split_gain=6.86512e-05 0.000871869 5.61113e-05 0.000424474 3.46108e-05 9.78913e-05 0.00113503 6.30829e-05 2.56768e-05 7.02357e-05 1.8973e-05 1.74575e-05 1.62092e-05 7.09073e-05 0.000464384 1.90849e-05 1.49333e-05 1.48187e-05 1.31761e-05 2.39086e-05 2.95142e-05 1.11572e-05 1.02011e-05 9.7614e-06 2.1866e-05 2.83224e-05 4.5342e-05 8.63124e-05 8.20174e-05 7.27211e-06
threshold=46.550000000000004 6.7500000000000009 270.49136060000006 53.449377895595291 -0.998965351490534 -0.99706197751250258 0.33950000000000008 0.0028720645000000007 86.075000000000017 286.37105405000005 -1.649999999999977 18.150000000000002 0.00021875000000000006 31.750000000000004 8.5000000000000018 6.2302606500000488 19.667564650000006 0.47350000000000003 43.993537203986527 -2.4258360999999975 8.1500000000000039 322.50000000000006 0.28450000000000003 24.650000000000002 0.075000000000000025 166.50000000000003 35.050000000000004 0.32550000000000007 1.8748678999999984 31.500000000000004
decision_type=2 2 2 2 2 2 2 2 2 2 2 10 2 2 2 2 2 2 2 2 2 2 2 2 2 2 2 2 2 2
left_child=4 -2 3 -3 -1 6 -6 8 12 -10 11 -4 15 18 -15 -7 -17 29 19 -14 -21 -13 -23 -20 -25 26 27 -26 -29 -9
right_child=1 2 10 -5 5 7 -8 17 9 -11 -12 21 13 14 -16 16 -18 -19 23 20 -22 22 -24 24 25 -27 -28 28 -30 -31
leaf_value=-1.235094823833115e-05 0.00021481581690393654 0.00014960192328973516 0 0 0.00024331896563265992 0 0 -2.5581851938849387e-05 0 5.4404138374795566e-05 0 0 0 0.00015639414174603932 0 -1.1096787855501459e-05 0 0 0 0 -2.6911501823101252e-05 0 -2.2811880777990509e-05 0 0 0 0 0 0.00011260408744082842 0
leaf_weight=572 50 52 209 370 51 3223 385 330 340 80 152 65 335 54 549 962 170 60 3420 462 228 50 306 437 67 176 130 52 53 371
leaf_count=572 50 52 209 370 51 3223 385 330 340 80 152 65 335 54 549 962 170 60 3420 462 228 50 306 437 67 176 130 52 53 371
internal_value=4.68408e-07 1.17668e-05 0 1.71899e-05 -2.65523e-07 0 2.3486e-05 -5.65865e-07 0 1.23445e-05 -4.4183e-06 -9.96967e-06 -5.95914e-08 1.08513e-06 1.74676e-05 -2.77471e-06 -8.46828e-06 -1.45533e-05 0 -5.61009e-06 -1.15426e-05 -1.58758e-05 -1.93923e-05 3.86819e-07 5.22969e-06 1.29006e-05 2.22885e-05 3.90552e-05 6.72688e-05 -1.68129e-05
internal_weight=13761 1254 1204 422 12507 11935 436 11499 10738 420 782 630 10318 5963 603 4355 1132 761 5360 1025 690 421 356 4335 915 478 302 172 105 701
internal_count=13761 1254 1204 422 12507 11935 436 11499 10738 420 782 630 10318 5963 603 4355 1132 761 5360 1025 690 421 356 4335 915 478 302 172 105 701
is_linear=0
shrinkage=0.05


Tree=70
num_leaves=31
num_cat=0
split_feature=45 124 134 84 117 19 123 56 85 22 34 13 115 107 30 28 105 101 81 123 120 120 138 50 29 12 55 119 40 104
split_gain=7.85929e-05 0.000206919 0.00121716 0.00612918 3.53018e-05 0.000169351 2.86444e-05 4.39343e-05 3.23785e-05 3.28627e-05 2.57017e-05 1.95822e-05 0.000108993 6.53073e-05 2.80232e-05 2.07257e-05 2.83405e-05 2.24625e-05 1.89425e-05 1.87034e-05 1.62679e-05 4.28455e-05 5.63534e-05 1.31691e-05 9.3775e-06 7.9182e-06 7.28437e-06 7.78967e-06 9.01512e-06 6.5229e-06
threshold=99.500000000000014 -0.78656609248549325 6.4400000000000004 1.0000000180025095e-35 0.35000000000000003 -0.0045171428571428559 0.78656609248549325 1.3936535500000107 278.66475380000003 54.000000000000007 -0.11012394762503065 0.00060847548611111125 19.850000000000005 12.050000000000002 -0.83285714285714263 36.300000000000004 31.500000000000004 -6.539776700000032 35.850000000000001 -0.78656609248549292 270.38880875000001 265.50417965000003 8.5350000000000019 1022.6500000000002 31.150000000000002 0.00075778150000000018 20.512376850000042 20.550000000000004 0.03500000000000001 25.850000000000005
decision_type=2 2 2 2 2 2 2 2 2 2 2 2 2 2 2 2 2 2 2 2 8 10 2 2 2 2 2 10 2 2
left_child=6 2 3 -2 11 -6 8 -8 19 10 18 12 -3 -14 15 16 17 -13 -10 -1 21 -16 -23 25 -7 -21 27 28 29 -19
right_child=1 4 -4 -5 5 24 7 -9 9 -11 -12 14 13 -15 20 -17 -18 26 -20 23 -22 22 -24 -25 -26 -27 -28 -29 -30 -31
leaf_value=0 0.00050331918830391566 -2.5618316026078904e-07 0 0 9.5995618390184577e-05 1.3075786259593624e-05 0 4.4287154281944043e-05 0 0 0 0 7.4272674293429709e-05 0 0 0 0 -2.0733516411101374e-05 -5.123825373884756e-05 0 0 6.2883561211069032e-05 0 0 -1.3811776552682834e-06 -8.4618554596605872e-06 0 0 0 0
leaf_weight=883 74 2297 1469 260 53 132 1153 55 50 166 62 198 78 66 61 452 1047 902 149 149 354 72 59 1027 368 1864 88 120 78 68
leaf_count=883 74 2297 1469 260 53 132 1153 55 50 166 62 198 78 66 61 452 1047 902 149 149 354 72 59 1027 368 1864 88 120 78 68
internal_value=3.47506e-07 3.74899e-06 1.87455e-05 0.000104764 0 1.15762e-05 -3.82994e-06 0 -5.93292e-06 -2.16189e-05 -3.28188e-05 -1.53588e-06 2.8564e-07 4.33534e-05 -4.23491e-06 -6.70565e-06 -8.59058e-06 -1.32513e-05 -4.16202e-05 -2.94629e-06 0 1.45163e-05 3.346e-05 -5.15531e-06 0 -7.5151e-06 -1.57459e-05 -1.6798e-05 -1.82488e-05 -1.95699e-05
internal_weight=13854 8296 1803 334 6493 553 5558 1208 4350 427 261 5940 2441 144 3499 2953 2501 1454 199 3923 546 192 131 3040 500 2013 1256 1168 1048 970
internal_count=13854 8296 1803 334 6493 553 5558 1208 4350 427 261 5940 2441 144 3499 2953 2501 1454 199 3923 546 192 131 3040 500 2013 1256 1168 1048 970
is_linear=0
shrinkage=0.05


Tree=71
num_leaves=31
num_cat=0
split_feature=45 131 33 33 19 51 119 21 131 129 92 35 161 112 33 84 15 45 81 74 29 98 92 121 39 33 92 93 36 116
split_gain=7.05933e-05 0.000195308 0.00184475 0.000173746 6.56189e-05 0.000232611 4.28067e-05 0.000175444 2.9563e-05 2.56143e-05 3.72304e-05 0.000112678 2.52557e-05 2.46029e-05 0.000173683 0.000305587 2.1157e-05 2.45831e-05 3.02683e-05 2.34756e-05 2.42161e-05 1.3698e-05 1.58369e-05 1.15664e-05 1.19471e-05 8.03375e-06 8.05408e-06 7.62977e-06 8.74832e-06 8.45568e-06
threshold=99.500000000000014 34.954889260841185 -0.99794424474338117 0.9173642187680936 -0.019698571428571423 147.50000000000003 3.2500000000000004 0.39583333333333343 36.483127832155724 5.5000000000000009 17.250000000000004 285.4504745000001 0.39795918367346944 281.44187445000006 0.95655020844560024 7.450000000000002 2.5000000000000005e-05 8.5000000000000018 26.050000000000004 32.264285714285727 49.250000000000007 -1.3500000000000012 5.5500000000000016 0.15000000000000005 0.38500000000000006 -0.99155592897629441 0.15000000000000005 264.24658685000003 265.28780565000005 295.16759135000007
decision_type=2 2 2 2 2 2 8 2 2 2 2 2 2 2 2 2 2 2 2 2 2 2 2 8 2 2 2 2 2 2
left_child=8 2 -2 6 5 -3 7 -4 16 21 -11 -12 25 23 -15 -16 -1 -18 -19 20 -20 -10 -23 24 27 -8 -27 -6 -29 -30
right_child=1 4 3 -5 13 -7 12 -9 9 10 11 -13 -14 14 15 -17 17 18 19 -21 -22 22 -24 -25 -26 26 -28 28 29 -31
leaf_value=0 0.0003074677262391726 0 9.473555316741371e-05 7.8631585250367998e-05 0 0.00012091145669817741 0 0 0 0 0 8.0777975580515924e-05 0 0 0 0.00015243885340169072 0 0 -3.9171221107871e-05 0 0 0 -1.5847990203760874e-05 0 0 0 -1.978124553445969e-05 0 -8.9060488558366371e-06 0
leaf_weight=190 54 89 53 70 632 50 53 124 1314 1576 107 58 70 1682 115 52 86 266 295 53 57 1038 518 1544 163 126 419 1041 1877 82
leaf_count=190 54 89 53 70 632 50 53 124 1314 1576 107 58 70 1682 115 52 86 266 295 53 57 1038 518 1544 163 126 419 1041 1877 82
internal_value=2.98389e-07 3.54059e-06 2.47098e-05 2.2465e-06 5.56404e-08 3.42334e-05 0 1.6081e-05 -3.64131e-06 -7.63369e-07 2.42088e-06 2.4944e-05 -9.54778e-06 0 4.25007e-06 5.27587e-05 -1.23644e-05 -1.61548e-05 -1.96426e-05 -2.87228e-05 -3.33934e-05 -4.43672e-06 -7.63486e-06 -2.29355e-06 -3.87524e-06 -1.43952e-05 -1.62518e-05 -4.89004e-06 -5.94175e-06 -8.07552e-06
internal_weight=13854 8296 969 915 7327 139 845 177 5558 4611 1741 165 668 7188 1849 167 947 757 671 405 352 2870 1556 5339 3795 598 545 3632 3000 1959
internal_count=13854 8296 969 915 7327 139 845 177 5558 4611 1741 165 668 7188 1849 167 947 757 671 405 352 2870 1556 5339 3795 598 545 3632 3000 1959
is_linear=0
shrinkage=0.05


Tree=72
num_leaves=31
num_cat=0
split_feature=45 124 85 9 103 117 19 128 129 88 116 124 13 15 119 22 81 67 13 115 98 75 30 120 120 93 19 63 98 92
split_gain=6.62016e-05 0.000184729 0.0012036 0.00384857 0.000713599 3.18289e-05 0.000153468 2.74622e-05 2.02072e-05 2.56275e-05 5.69755e-05 0.000101247 0.00021187 1.9259e-05 2.39678e-05 4.03169e-05 4.48117e-05 5.27889e-05 1.81593e-05 7.62525e-05 0.000168799 9.99439e-05 2.95346e-05 1.8457e-05 6.12493e-05 1.51435e-05 1.83339e-05 1.4261e-05 1.22951e-05 1.07026e-05
threshold=99.500000000000014 -0.78656609248549325 264.94295890000006 0.81826388888888901 787.55000000000007 0.35000000000000003 -0.0045171428571428559 9.1160562586389258 5.5000000000000009 31.912500000000005 284.28240670000008 0.60355339059327384 0.00051929306944444454 2.5000000000000005e-05 2.0500000000000003 54.000000000000007 30.650000000000002 16.650000000000002 0.00082424851388888888 19.850000000000005 2.9000000000000017 22.850000000000005 -0.83285714285714263 269.06429210000005 265.50417965000003 264.05027640000009 -0.0019357142857142848 18.960900000000006 -1.9999999999999993 5.5500000000000016
decision_type=2 2 2 2 2 2 2 2 2 2 2 2 2 2 10 2 2 2 2 2 2 2 2 8 8 2 2 2 2 2
left_child=7 2 3 -2 -4 18 -7 13 28 -10 -11 12 -12 -1 -15 16 -16 -18 19 -3 21 -21 27 24 -24 -6 -27 -20 -9 -30
right_child=1 5 4 -5 25 6 -8 8 9 10 11 -13 -14 14 15 -17 17 -19 22 20 -22 -23 23 -25 -26 26 -28 -29 29 -31
leaf_value=0 0 -8.3775931876050606e-07 0.00015268628810549432 0.00048529238336722568 0 9.1175543590604015e-05 0 0 0 0 0 0 0.0001322091494716516 0 0 0 -5.7631332167525444e-05 0 -9.8843108566834785e-06 0.00010436577485322659 0 0 0 0 5.0872630117383222e-05 0 -1.013285802784525e-05 0 0 -1.3631687435346832e-05
leaf_weight=213 118 2852 75 55 180 53 500 1200 1250 254 55 84 56 233 196 104 176 56 1731 78 78 52 52 276 76 421 954 745 1128 553
leaf_count=213 118 2852 75 55 180 53 500 1200 1250 254 55 84 56 233 196 104 176 56 1731 78 78 52 52 276 76 421 954 745 1128 553
internal_value=2.94722e-07 3.44359e-06 1.76221e-05 0.000143179 1.15086e-06 0 1.08511e-05 -3.50568e-06 -6.52882e-07 2.03195e-06 1.25687e-05 3.30064e-05 6.45481e-05 -1.17439e-05 -1.54636e-05 -2.13559e-05 -2.83123e-05 -4.42346e-05 -1.55366e-06 0 3.00421e-05 6.82734e-05 -4.55363e-06 1.72618e-07 1.89153e-05 -3.03799e-06 -6.16038e-06 -7.34312e-06 -3.97126e-06 -6.7303e-06
internal_weight=13854 8296 1803 173 1630 6493 553 5558 4580 1699 449 195 111 978 765 532 428 232 5940 3060 208 130 2880 404 128 1555 1375 2476 2881 1681
internal_count=13854 8296 1803 173 1630 6493 553 5558 4580 1699 449 195 111 978 765 532 428 232 5940 3060 208 130 2880 404 128 1555 1375 2476 2881 1681
is_linear=0
shrinkage=0.05


Tree=73
num_leaves=31
num_cat=0
split_feature=138 104 118 85 44 141 92 107 73 93 131 118 47 115 1 69 44 4 32 83 4 119 36 141 34 88 140 31 83 135
split_gain=6.20438e-05 0.000566851 0.00326793 0.000196767 0.000899745 5.16674e-05 0.000135152 0.000205505 0.000603457 0.000629806 2.27939e-05 2.27729e-05 1.69012e-05 2.08545e-05 6.1452e-05 9.01474e-05 9.45739e-05 0.000128516 0.00016421 0.00025416 1.65521e-05 1.94914e-05 1.40601e-05 1.05105e-05 9.27422e-06 1.05718e-05 7.90687e-06 9.33487e-06 7.03267e-06 8.38053e-06
threshold=4.4450000000000012 20.450000000000006 12.950000000000001 279.33195870000003 702.50000000000011 28.030000000000005 8.1500000000000039 14.950000000000001 28.450000000000003 264.90973085000002 44.072938538781621 8.7500000000000018 54.500000000000007 12.050000000000002 0.006641450000000001 280.69330435000006 382.50000000000006 0.0014471120000000002 15.15 17.350000000000005 0.0020803535000000002 1.1500000000000001 283.42826805000004 39.270000000000003 0.6882873946369229 24.487500000000004 12.015000000000002 37.550000000000004 14.250000000000002 0.33500000000000008
decision_type=2 2 10 2 2 2 2 2 2 2 2 10 2 2 2 2 2 2 2 2 2 10 2 2 2 2 2 2 2 2
left_child=1 3 -3 5 -5 6 -1 8 -8 -10 11 -7 20 -14 15 16 -15 18 19 -18 21 -2 -13 24 25 -23 -27 28 -28 -30
right_child=12 2 -4 4 -6 10 7 -9 9 -11 -12 22 13 14 -16 -17 17 -19 -20 -21 -22 23 -24 -25 -26 26 27 -29 29 -31
leaf_value=-1.1261415845818053e-06 0 0 0.00043646338434936142 0.0001810200881344627 -3.065443940233143e-05 0 0 0 0 0.00027033305896650376 0 -2.4030908754820362e-05 -1.9573331814433361e-06 0 0 0 0 0 0 0.00015085555419236803 0 0 0 0 0 0 0 0 0 -1.4315066193012674e-05
leaf_weight=1986 789 192 50 81 54 317 194 170 76 53 880 461 2446 93 851 327 51 68 50 88 1371 720 54 152 129 196 228 130 50 1547
leaf_count=1986 789 192 50 81 54 317 194 170 76 53 880 461 2446 93 851 327 51 68 50 88 1371 720 54 152 129 196 228 130 50 1547
internal_value=2.38648e-07 5.30471e-06 7.97553e-05 0 5.99827e-05 -7.87447e-07 2.3791e-06 2.65948e-05 5.16147e-05 0.000135073 -8.29022e-06 -1.44825e-05 -1.71538e-06 0 5.28837e-06 1.70195e-05 3.4664e-05 5.05088e-05 7.17996e-05 9.96425e-05 -3.61887e-06 -5.30549e-06 -2.1188e-05 -7.11665e-06 -7.87196e-06 -8.53371e-06 -1.04628e-05 -1.14257e-05 -1.2354e-05 -1.36161e-05
internal_weight=13854 4568 242 4326 135 4191 2479 493 323 129 1712 832 9286 3974 1528 677 350 257 189 139 5312 3941 515 3152 3000 2871 2151 1955 1825 1597
internal_count=13854 4568 242 4326 135 4191 2479 493 323 129 1712 832 9286 3974 1528 677 350 257 189 139 5312 3941 515 3152 3000 2871 2151 1955 1825 1597
is_linear=0
shrinkage=0.05


Tree=74
num_leaves=31
num_cat=0
split_feature=45 124 134 84 117 19 128 138 119 81 67 129 88 124 21 43 19 42 47 118 141 74 133 98 119 138 92 14 30 92
split_gain=6.03612e-05 0.000167514 0.0010697 0.00542719 2.78514e-05 0.000134047 2.62759e-05 2.47454e-05 3.06551e-05 2.52248e-05 3.78156e-05 1.79786e-05 2.30312e-05 5.16538e-05 0.000107152 0.000203809 1.52857e-05 2.27908e-05 9.04928e-05 8.3738e-05 0.00012671 0.00022 1.68165e-05 1.15191e-05 1.00425e-05 9.65368e-06 8.59832e-06 8.44465e-06 4.81943e-05 1.3571e-05
threshold=99.500000000000014 -0.78656609248549325 6.4400000000000004 1.0000000180025095e-35 0.35000000000000003 -0.0045171428571428559 9.1160562586389258 4.955000000000001 2.0500000000000003 26.050000000000004 17.250000000000004 5.5000000000000009 31.912500000000005 0.60355339059327384 0.47916666666666669 0.31850000000000006 -0.0034657142857142825 0.41500000000000004 97.500000000000014 25.550000000000004 33.900000000000006 29.192857142857147 60.625000000000007 -1.9999999999999993 1.2500000000000002 8.7550000000000008 5.5500000000000016 0.033577331500000009 -1.0785714285714285 11.550000000000002
decision_type=2 2 2 2 2 2 2 2 10 2 2 2 2 2 2 2 2 2 2 8 2 2 2 2 10 2 2 2 2 2
left_child=6 2 3 -2 16 -6 7 8 -1 -10 -11 23 -13 14 15 -14 24 22 -19 20 21 -20 -18 -8 -3 -24 -25 29 -29 -4
right_child=1 4 27 -5 5 -7 11 -9 9 10 -12 12 13 -15 -16 -17 17 18 19 -21 -22 -23 25 26 -26 -27 -28 28 -30 -31
leaf_value=0 0.00047251742321920273 0 -7.0125326994586331e-06 0 8.5037917683452929e-05 0 0 0 0 -4.2164527167381984e-05 0 0 0 0 0 0.0001327584371098386 0 0 0.00016058898506134239 0 0 0 -9.5312638958497127e-06 0 -9.2223797701884336e-06 0 -1.2880439791978846e-05 0 4.8188169653907866e-05 0
leaf_weight=189 74 255 924 260 53 500 1200 373 109 239 68 1250 50 184 161 54 2511 773 51 204 97 50 929 1128 911 159 553 135 55 355
leaf_count=189 74 255 924 260 53 500 1200 373 109 239 68 1250 50 184 161 54 2511 773 51 204 97 50 929 1128 911 159 553 135 55 355
internal_value=1.58584e-07 3.19018e-06 1.67018e-05 9.7391e-05 0 9.99831e-06 -3.46677e-06 -1.15491e-05 -1.78204e-05 -2.54024e-05 -3.28389e-05 -6.47275e-07 1.7569e-06 1.18157e-05 2.68636e-05 6.61773e-05 -1.54859e-06 0 5.73409e-06 2.56382e-05 4.88173e-05 8.8063e-05 -2.25527e-06 -3.8001e-06 -6.70479e-06 -7.44442e-06 -6.47027e-06 0 7.07173e-06 -3.00518e-06
internal_weight=13854 8296 1803 334 6493 553 5558 978 605 416 307 4580 1699 449 265 104 5940 4774 1175 402 198 101 3599 2881 1166 1088 1681 1469 190 1279
internal_count=13854 8296 1803 334 6493 553 5558 978 605 416 307 4580 1699 449 265 104 5940 4774 1175 402 198 101 3599 2881 1166 1088 1681 1469 190 1279
is_linear=0
shrinkage=0.05


Tree=75
num_leaves=31
num_cat=0
split_feature=52 124 131 141 13 104 77 142 34 134 101 131 85 49 49 81 44 6 50 75 138 119 128 85 28 126 99 34 24 3
split_gain=0.000101983 0.000238242 0.0016049 0.00589627 0.000108738 0.000248208 0.000101736 0.00040977 0.000300273 6.50341e-05 5.1412e-05 2.80289e-05 0.000110099 0.000374739 0.000339396 2.54377e-05 4.34109e-05 3.19226e-05 3.05556e-05 3.20562e-05 2.46562e-05 2.60258e-05 1.39567e-05 1.30341e-05 7.82485e-06 1.03787e-05 7.75109e-06 8.73466e-06 6.1293e-06 7.33938e-06
threshold=208.50000000000003 -0.78656609248549325 34.954889260841185 35.085000000000008 0.0023272837500000003 7.0500000000000016 286.93956360000004 640.00813109452349 -0.93160694217499163 6.6250000000000009 2.4931927000000091 65.098110623250292 276.22906010000003 992.1500000000002 982.35000000000002 32.250000000000007 1337.5000000000002 0.0054604166666666672 997.25000000000011 17.750000000000004 7.0200000000000005 17.250000000000004 11.354459901348553 278.39787170000005 42.20000000000001 40.500000000000007 0.30000000000001142 0.066888746811047714 60.350000000000001 1.0000000180025095e-35
decision_type=2 2 2 2 2 2 2 2 2 2 2 2 2 2 2 2 2 2 2 2 2 8 2 2 2 2 2 2 2 2
left_child=1 2 3 -1 26 -6 9 -8 -9 10 15 12 -11 14 -14 -3 17 18 -17 -20 21 22 -2 -12 25 28 -4 -28 29 -13
right_child=20 6 4 -5 5 -7 7 8 -10 11 23 24 13 -15 -16 16 -18 -19 19 -21 -22 -23 -24 -25 -26 -27 27 -29 -30 -31
leaf_value=0 -2.1334961152280103e-05 -2.4005998042495991e-06 0 0.000616693267763242 0.00010266695734257848 0 0 0 0.00018229640293187307 0 0 0 0 0 0.00019304596378644516 0 0 0 -3.9514038737005765e-05 0 0 0 0 2.5038444376220394e-05 1.073259351629942e-06 0 -1.1002070707693024e-05 0 0 -8.463173058121944e-06
leaf_weight=125 807 1281 549 50 83 116 326 80 59 1116 133 71 50 78 56 76 211 72 466 92 695 424 54 51 533 3776 397 361 454 1186
leaf_count=125 807 1281 549 50 83 116 326 80 59 1116 133 71 50 78 56 76 211 72 466 92 695 424 54 51 533 3776 397 361 454 1186
internal_value=0 2.02874e-06 1.95508e-05 0.000162634 0 3.63925e-05 -3.78232e-07 2.16691e-05 9.42351e-05 -1.95235e-06 -9.15136e-06 0 6.99283e-06 4.27985e-05 0.00010919 -1.22146e-05 -2.04602e-05 -2.64018e-05 -3.00295e-05 -3.40738e-05 -1.02021e-05 -1.44314e-05 -1.96517e-05 2.82731e-07 -1.03532e-06 -2.15138e-06 -2.30704e-06 -5.89091e-06 -5.47656e-06 -7.27993e-06
internal_weight=13828 11848 1681 175 1506 199 10167 465 139 9702 2382 7320 1300 184 106 2198 917 706 634 558 1980 1285 861 184 6020 5487 1307 758 1711 1257
internal_count=13828 11848 1681 175 1506 199 10167 465 139 9702 2382 7320 1300 184 106 2198 917 706 634 558 1980 1285 861 184 6020 5487 1307 758 1711 1257
is_linear=0
shrinkage=0.05


Tree=76
num_leaves=31
num_cat=0
split_feature=51 124 131 84 19 77 142 120 134 101 142 138 131 117 141 88 44 3 136 101 119 141 128 75 19 49 118 111 118 28
split_gain=9.5364e-05 0.000196155 0.00137347 0.00573991 0.000169493 9.50947e-05 0.000383801 0.000285774 5.08856e-05 5.94933e-05 5.81423e-05 3.96094e-05 2.74291e-05 0.00011292 2.50415e-05 1.89547e-05 3.27854e-05 3.5366e-05 2.55234e-05 1.90145e-05 1.83753e-05 2.07835e-05 2.08039e-05 1.67086e-05 1.15346e-05 1.14648e-05 1.32176e-05 1.08702e-05 9.85359e-06 8.39584e-06
threshold=457.50000000000006 -0.78656609248549325 34.954889260841185 1.0000000180025095e-35 -0.0090271428571428516 286.93956360000004 640.00813109452349 268.18470065000002 6.6250000000000009 2.4931927000000091 737.56509152187925 6.995000000000001 65.098110623250292 0.25000000000000006 37.265000000000008 24.787500000000005 1292.5000000000002 0.079872226500000018 1.2750000000000001 -10.313599149999986 25.050000000000004 22.435000000000002 11.245261682810849 17.750000000000004 -0.0014714285714285721 925.70000000000016 31.050000000000004 6.4500000000000011 10.950000000000001 42.20000000000001
decision_type=2 2 2 2 2 2 2 10 2 2 2 2 2 2 2 2 2 2 2 2 8 2 2 2 2 2 10 2 10 2
left_child=1 2 3 -1 -4 8 -7 -8 9 15 -11 14 13 -10 20 -3 17 18 19 -17 21 -2 -23 25 -6 -21 -27 -26 -29 -14
right_child=11 5 4 -5 24 6 7 -9 12 10 -12 -13 29 -15 -16 16 -18 -19 -20 23 -22 22 -24 -25 27 26 -28 28 -30 -31
leaf_value=0.00059349459117723972 0 0 6.7026220974150753e-05 0 0 0 0.00014221992746492088 0 0 0 5.4813232102199383e-05 0 -2.2608856013612011e-06 6.0415755626231558e-05 0 0 0 0 0 0 0 -3.0750150519926129e-05 0 0 0 -4.0020749295363372e-05 0 0 -1.2356761994709337e-05 1.1032730681368875e-06
leaf_weight=51 149 953 92 132 458 320 92 51 1208 139 50 672 5498 93 255 93 366 61 75 51 247 535 53 89 156 456 66 269 566 532
leaf_count=51 149 953 92 132 458 320 92 51 1208 139 50 672 5498 93 255 93 366 61 75 51 247 535 53 89 156 456 66 269 566 532
internal_value=0 1.90206e-06 1.7575e-05 0.000146823 0 -2.59766e-07 2.11281e-05 9.00089e-05 -1.79339e-06 -8.12689e-06 6.43724e-06 -1.01065e-05 0 6.83382e-06 -1.54062e-05 -1.16362e-05 -1.66025e-05 -2.19233e-05 -2.49461e-05 -2.77209e-05 -1.90356e-05 -2.3364e-05 -2.77882e-05 -3.07886e-05 -2.02213e-06 -3.41714e-05 -3.65562e-05 -5.91997e-06 -8.60768e-06 -1.1349e-06
internal_weight=13828 11917 1724 183 1541 10193 463 143 9730 2399 189 1911 7331 1301 1239 2210 1257 891 830 755 984 737 588 662 1449 573 522 991 835 6030
internal_count=13828 11917 1724 183 1541 10193 463 143 9730 2399 189 1911 7331 1301 1239 2210 1257 891 830 755 984 737 588 662 1449 573 522 991 835 6030
is_linear=0
shrinkage=0.05


Tree=77
num_leaves=31
num_cat=0
split_feature=52 124 133 84 77 133 94 133 30 82 138 119 85 47 137 19 104 139 131 92 92 43 116 118 103 118 93 118 104 29
split_gain=8.87486e-05 0.000198232 0.00140017 0.00826133 8.2333e-05 0.000474116 0.000426754 5.66824e-05 2.92723e-05 2.53765e-05 2.07296e-05 1.99508e-05 1.30339e-05 6.25638e-05 0.000150662 1.18364e-05 3.66226e-05 0.00012585 0.000140478 1.04723e-05 1.2382e-05 8.82158e-06 7.27388e-06 8.7447e-06 6.17624e-06 7.02047e-06 6.73068e-06 7.32183e-06 9.48516e-06 8.68999e-06
threshold=208.50000000000003 -0.78656609248549325 67.530000000000015 1.0000000180025095e-35 285.71771960000007 78.070000000000007 8.5000000000000018 66.77000000000001 -1.548571428571426 10.862000000000002 6.995000000000001 17.250000000000004 277.26564690000004 53.500000000000007 1.4400000000000002 -0.0014714285714285721 6.450000000000002 9.0273104052038207 269.34781910070893 11.750000000000002 1.2500000000000004 0.46650000000000008 272.55070810000001 10.850000000000003 3132.3500000000008 7.0500000000000007 275.39891730000005 32.350000000000001 21.050000000000008 46.45000000000001
decision_type=2 2 2 2 2 2 2 2 2 2 2 8 2 2 2 2 2 2 2 2 2 2 2 10 2 8 2 10 2 2
left_child=1 2 15 -4 7 -6 -7 12 -9 -10 11 22 -3 -14 -15 16 17 -1 -19 20 -17 24 -2 -24 25 -11 27 28 29 -27
right_child=10 4 3 -5 5 6 -8 8 9 21 -12 -13 13 14 -16 19 -18 18 -20 -21 -22 -23 23 -25 -26 26 -28 -29 -30 -31
leaf_value=0 0 -6.063957292222067e-07 0.00068252461216375968 0 0 0 0.00021582149938554861 0 0 0 0 0 0 0 0.00010028452598914684 0 0 0.00011268396328766055 0 0 -1.6394024696335081e-05 0 0 -2.2485408036066373e-05 0 -3.0484436587236769e-05 0 0 0 0
leaf_weight=130 128 6681 52 219 554 70 51 718 259 109 714 418 405 264 55 367 301 59 51 197 305 103 83 637 51 484 95 69 114 85
leaf_count=130 128 6681 52 219 554 70 51 718 259 109 714 418 405 264 55 367 301 59 51 197 305 103 83 637 51 484 95 69 114 85
internal_value=0 1.8613e-06 1.78474e-05 0.000121815 -2.91577e-07 1.58548e-05 0.000105396 -1.96804e-06 -9.24533e-06 -1.35532e-05 -9.55395e-06 -1.35506e-05 0 6.44634e-06 2.41439e-05 0 2.8766e-06 1.99628e-05 6.08251e-05 -5.37192e-06 -8.72962e-06 -1.68409e-05 -1.8242e-05 -2.04223e-05 -1.82886e-05 -1.91946e-05 -2.08923e-05 -2.26694e-05 -2.43414e-05 -2.74337e-05
internal_weight=13828 11848 1681 271 10167 675 121 9492 2087 1369 1980 1266 7405 724 319 1410 541 240 110 869 672 1110 848 720 1007 956 847 752 683 569
internal_count=13828 11848 1681 271 10167 675 121 9492 2087 1369 1980 1266 7405 724 319 1410 541 240 110 869 672 1110 848 720 1007 956 847 752 683 569
is_linear=0
shrinkage=0.05


Tree=78
num_leaves=31
num_cat=0
split_feature=52 124 2 103 77 133 90 134 128 14 133 138 85 47 7 128 119 138 129 124 81 128 32 44 43 21 30 106 115 89
split_gain=8.11858e-05 0.000180543 0.00147871 0.000722767 7.5051e-05 0.000435181 0.000463424 7.44376e-05 3.09444e-05 2.69577e-05 7.17401e-05 2.47765e-05 2.35846e-05 4.43605e-05 8.67185e-05 0.000152042 1.65043e-05 1.50349e-05 1.48977e-05 2.03323e-05 2.15194e-05 1.24956e-05 9.32649e-06 7.92567e-06 6.6946e-06 6.04545e-06 8.0339e-06 6.45067e-06 2.76174e-05 5.65655e-06
threshold=202.50000000000003 -0.78656609248549325 0.0059917800000000012 818.85000000000002 285.71771960000007 78.070000000000007 24.263265306122452 6.5650000000000004 9.4851651395396477 0.032327929500000005 8.5400000000000009 7.0200000000000005 277.26564690000004 56.500000000000007 0.084850000000000009 10.270523633424574 18.150000000000002 2.6550000000000007 6.5000000000000009 -0.37940952255126015 25.550000000000004 11.354459901348553 16.850000000000005 1587.5000000000002 0.46650000000000008 0.50694444444444453 -1.5971428571428572 19.450000000000003 22.550000000000004 26.050000000000004
decision_type=2 2 2 2 2 2 2 2 2 2 2 2 2 2 2 2 8 2 2 2 2 2 2 2 2 2 2 2 2 2
left_child=1 2 3 -1 7 -6 -7 18 17 -10 -11 16 25 -14 15 -15 21 -5 -3 -20 -21 29 23 24 -22 26 -9 28 -27 -2
right_child=11 4 -4 8 5 6 -8 12 9 10 -12 -13 13 14 -16 -17 -18 -19 19 20 22 -23 -24 -25 -26 27 -28 -29 -30 -31
leaf_value=0.00015395638736261791 0 0 0.00023253067768812553 0 0 0 0.00021694182314283407 -3.9697023328987891e-06 0 0 6.4128054269303901e-05 0 0 0.00010854135166580538 0 0 0 -1.693046246859248e-05 0 0 -2.706273854852379e-05 0 0 0 0 0 0 0 3.2033639904018699e-05 -2.070851611759576e-05
leaf_weight=76 100 634 76 75 552 71 50 2295 907 67 59 708 399 64 133 107 415 404 235 554 576 56 89 50 51 1287 1281 1639 82 736
leaf_count=76 100 634 76 75 552 71 50 2295 907 67 59 708 399 64 133 107 415 404 235 554 576 56 89 50 51 1287 1281 1639 82 736
internal_value=0 1.73322e-06 1.70844e-05 3.48694e-06 -2.9255e-07 1.5103e-05 0.000100885 -1.91504e-06 -8.68408e-07 0 2.30361e-05 -9.11443e-06 0 9.07494e-06 2.35309e-05 4.73529e-05 -1.32437e-05 -1.27885e-05 -1.00421e-05 -1.28791e-05 -1.52924e-05 -1.741e-05 -2.17465e-05 -2.38617e-05 -2.54217e-05 -3.8653e-07 -2.12134e-06 1.42066e-08 3.431e-06 -1.89924e-05
internal_weight=13828 11813 1664 1588 10149 673 121 9476 1512 1033 126 2015 7287 703 304 171 1307 479 2189 1555 1320 892 766 677 627 6584 3576 3008 1369 836
internal_count=13828 11813 1664 1588 10149 673 121 9476 1512 1033 126 2015 7287 703 304 171 1307 479 2189 1555 1320 892 766 677 627 6584 3576 3008 1369 836
is_linear=0
shrinkage=0.05


Tree=79
num_leaves=31
num_cat=0
split_feature=51 124 22 115 73 93 77 142 34 134 101 142 134 136 32 131 117 17 118 30 82 45 118 43 104 75 129 105 118 49
split_gain=7.53297e-05 0.000143608 0.00116626 0.00201736 0.00030801 0.000907039 6.78145e-05 0.000302443 0.000272482 4.15866e-05 5.07918e-05 4.96134e-05 2.98334e-05 2.51096e-05 2.52954e-05 2.48472e-05 9.91156e-05 1.84005e-05 1.6703e-05 1.56314e-05 1.52112e-05 1.13807e-05 1.05215e-05 9.62057e-06 1.19613e-05 1.03437e-05 1.06563e-05 1.23569e-05 1.10463e-05 8.13739e-06
threshold=457.50000000000006 -0.78656609248549325 1.0000000180025095e-35 11.250000000000002 14.050000000000002 272.90665510000002 286.93956360000004 640.00813109452349 -0.93160694217499163 6.6250000000000009 2.4931927000000091 737.56509152187925 7.2700000000000005 1.0500000000000003 12.350000000000003 65.098110623250292 0.25000000000000006 0.0020000000000000005 30.350000000000005 -1.9257142857142837 10.862000000000002 36.500000000000007 3.3500000000000001 0.46650000000000008 21.050000000000008 17.750000000000004 5.5000000000000009 31.500000000000004 31.050000000000004 967.05000000000007
decision_type=2 2 2 2 2 2 2 2 2 2 2 2 2 2 2 2 2 2 8 2 2 2 10 2 2 2 2 2 10 2
left_child=1 2 3 -1 5 -4 9 -8 -9 10 19 -12 13 14 -6 16 -11 -2 21 -3 -21 -19 -22 24 25 26 -24 28 -28 -14
right_child=17 6 4 -5 12 -7 7 8 -10 15 11 -13 29 -15 -16 -17 -18 18 -20 20 22 -23 23 -25 -26 -27 27 -29 -30 -31
leaf_value=0.00040449333719455664 0 0 0.00023718858432167277 0 -2.847471225894737e-05 0 0 0 0.00016247634575726504 0 0 5.0333255521942263e-05 1.1206115555037538e-05 0 0 -1.0119070135918617e-06 5.6843522991372043e-05 0 0 0 0 -1.6916151255295946e-05 0 0 0 0 -3.4527694921327429e-05 0 0 0
leaf_weight=50 397 840 53 51 251 74 320 84 59 1208 139 50 161 76 152 6030 93 79 479 222 122 956 97 95 129 114 433 81 77 856
leaf_count=50 397 840 53 51 251 74 320 84 59 1208 139 50 161 76 152 6030 93 79 479 222 122 956 97 95 129 114 433 81 77 856
internal_value=0 1.60453e-06 1.50244e-05 0.000179896 1.58109e-06 7.75784e-05 -1.76007e-07 1.7775e-05 7.91758e-05 -1.54576e-06 -7.28061e-06 5.2173e-06 -1.57805e-06 -1.2773e-05 -1.86875e-05 0 6.55489e-06 -9.0801e-06 -1.15938e-05 -1.06127e-05 -1.44962e-05 -1.53907e-05 -1.68475e-05 -1.85248e-05 -2.00987e-05 -2.24964e-05 -2.50471e-05 -2.78416e-05 -3.09593e-05 0
internal_weight=13828 11917 1724 101 1623 127 10193 463 143 9730 2399 189 1496 479 403 7331 1301 1911 1514 2210 1370 1035 1148 1026 931 802 688 591 510 1017
internal_count=13828 11917 1724 101 1623 127 10193 463 143 9730 2399 189 1496 479 403 7331 1301 1911 1514 2210 1370 1035 1148 1026 931 802 688 591 510 1017
is_linear=0
shrinkage=0.05


Tree=80
num_leaves=31
num_cat=0
split_feature=33 33 138 20 115 43 15 111 82 131 75 74 2 128 131 44 102 36 4 105 96 69 41 112 61 83 58 51 105 120
split_gain=8.25418e-05 7.41787e-05 0.00014853 7.69509e-05 9.80442e-05 0.000380748 0.00170062 7.04953e-05 0.000346137 6.37551e-05 5.38256e-05 8.19016e-05 0.000222376 0.000387459 6.00193e-05 3.09209e-05 2.90342e-05 0.000110242 2.33991e-05 2.29916e-05 1.37104e-05 8.92257e-06 8.16167e-06 9.18376e-06 1.19868e-05 7.05202e-06 8.04999e-06 6.87097e-06 8.78835e-06 1.75728e-05
threshold=-0.99816499076760401 -0.99769824092409354 5.54 1.0000000180025095e-35 13.250000000000002 0.42850000000000005 0.00088437500000000007 4.6500000000000012 19.198000000000004 36.194106249939516 13.65 28.592857142857149 3.2200000000000003e-05 9.5183763896332803 61.344168628556481 1042.5000000000002 -4.1499999999999986 276.24776610000004 0.0050513260000000009 8.5000000000000018 32.837500000000013 273.51987010000005 82.500000000000014 293.61413070000009 112.60000000000002 33.45000000000001 7.7500000000000009 162.50000000000003 18.500000000000004 267.86381925000006
decision_type=2 2 2 2 2 2 2 2 2 2 2 2 2 2 2 2 2 2 2 2 2 2 2 2 2 2 2 2 2 8
left_child=9 2 -2 4 16 7 -7 8 -6 -1 14 12 -12 -14 15 -9 17 -3 20 22 -5 -22 23 24 -18 26 -23 28 29 -21
right_child=1 3 -4 18 5 6 -8 10 -10 -11 11 -13 13 -15 -16 -17 19 -19 -20 27 21 25 -24 -25 -26 -27 -28 -29 -30 -31
leaf_value=-5.6458683556972134e-05 0.00010572525614405799 0 0 0 0 0 0.0003272429534462943 -3.7489914432474064e-05 0.00011886130095723723 -2.2236760848126125e-06 0 0 0.00014662633117344133 0 0 0 0 7.2375998325846942e-05 -2.658472913321038e-05 1.7028524247902881e-05 0 -1.2468259617637626e-05 0 0 -1.7506719363141796e-05 0 0 -3.011429115751629e-06 0 0
leaf_weight=108 50 295 59 792 168 140 50 202 76 748 579 1218 83 172 729 61 208 62 254 229 101 684 66 56 487 73 103 1806 2832 1335
leaf_count=108 50 295 59 792 168 140 50 202 76 748 579 1218 83 172 729 61 208 62 254 229 101 684 66 56 487 73 103 1806 2832 1335
internal_value=0 1.06065e-06 4.2506e-05 3.17376e-07 2.3471e-06 9.35293e-06 7.95908e-05 3.75099e-06 3.01367e-05 -1.49586e-05 0 6.10827e-06 1.83562e-05 5.71898e-05 -7.64024e-06 -2.80701e-05 -2.79391e-07 1.23277e-05 -8.16519e-06 -1.63453e-06 -2.63203e-06 -6.947e-06 -9.6538e-06 -1.13362e-05 -1.31086e-05 -8.93475e-06 -1.04689e-05 0 4.23943e-07 3.81364e-06
internal_weight=13826 12970 109 12861 10854 3478 190 3288 244 856 3044 2052 834 255 992 263 7376 357 2007 7019 1753 961 817 751 695 860 787 6202 4396 1564
internal_count=13826 12970 109 12861 10854 3478 190 3288 244 856 3044 2052 834 255 992 263 7376 357 2007 7019 1753 961 817 751 695 860 787 6202 4396 1564
is_linear=0
shrinkage=0.05


Tree=81
num_leaves=31
num_cat=0
split_feature=33 33 136 20 85 43 2 131 88 137 128 122 105 131 14 47 50 120 33 43 33 13 73 122 54 84 15 83 43 30
split_gain=7.73727e-05 6.59311e-05 0.000136697 6.99486e-05 9.17648e-05 0.000333618 0.000125136 5.4755e-05 2.70432e-05 0.000170377 2.09147e-05 1.62807e-05 3.75152e-05 6.88267e-05 2.24385e-05 3.06805e-05 5.66314e-05 6.31657e-05 8.39862e-05 3.52513e-05 1.86417e-05 1.93973e-05 4.93572e-05 5.03832e-05 1.60599e-05 1.73989e-05 1.80366e-05 1.89875e-05 1.39172e-05 1.32173e-05
threshold=-0.99816499076760401 -0.99769824092409354 0.62500000000000011 1.0000000180025095e-35 278.03739875000002 0.43450000000000005 0.00026125850000000006 36.194106249939516 47.32500000000001 1.4700000000000002 9.0449256543696972 14.500000000000002 18.500000000000004 29.116437666821316 0.0075767445000000004 8.5000000000000018 1003.7500000000001 279.6565480000001 0.50993851113470789 0.35250000000000004 -0.97222745096141983 0.0013927936111111114 30.050000000000004 7.5000000000000009 0.045000000000000005 22.250000000000004 0.00037500000000000001 31.250000000000004 0.38850000000000007 -3.6285714285714268
decision_type=2 2 2 2 2 2 2 2 2 2 2 2 2 2 2 2 2 10 2 2 2 2 2 2 2 2 2 2 2 2
left_child=7 2 -2 4 8 6 10 -1 11 -10 -6 20 13 -13 15 -15 -17 18 19 -18 21 -3 -23 -24 -5 26 -26 28 -28 -22
right_child=1 3 -4 24 5 -7 -8 -9 9 -11 -12 12 -14 14 -16 16 17 -19 -20 -21 29 22 23 -25 25 -27 27 -29 -30 -31
leaf_value=-5.3661647770399495e-05 0 0 0.00010084458195322832 0 -2.0702195852209114e-05 0.00011127555957621857 5.7311731570734988e-05 -2.1126407398542492e-06 0 7.2134899847457612e-05 0 6.8167196070135103e-05 0 0 0 0 0 0 0 9.6167889569983352e-05 0 0 0 7.678111834914435e-05 0 0 -2.6409449654881062e-05 0 0 -4.716603509158871e-06
leaf_weight=108 59 904 50 804 121 89 95 748 164 94 655 59 2269 218 582 176 52 108 94 79 545 176 50 50 520 55 476 66 86 4274
leaf_count=108 59 904 50 804 121 89 95 748 164 94 655 59 2269 218 582 176 52 108 94 79 545 176 50 50 520 55 476 66 86 4274
internal_value=0 1.00507e-06 4.01031e-05 2.81867e-07 2.23464e-06 1.71558e-05 1.68796e-06 -1.45058e-05 2.79973e-07 1.6249e-05 0 0 2.48292e-06 9.21364e-06 2.68965e-06 9.49068e-06 1.67024e-05 2.91523e-05 4.42122e-05 7.02664e-05 -1.74517e-06 1.54472e-06 1.36103e-05 4.15902e-05 -7.78469e-06 -1.15938e-05 -1.33681e-05 -1.99533e-05 -2.30026e-05 -3.58824e-06
internal_weight=13826 12970 109 12861 10854 960 871 856 9894 258 776 9636 3637 1368 1309 727 509 333 225 131 5999 1180 276 100 2007 1203 1148 628 562 4819
internal_count=13826 12970 109 12861 10854 960 871 856 9894 258 776 9636 3637 1368 1309 727 509 333 225 131 5999 1180 276 100 2007 1203 1148 628 562 4819
is_linear=0
shrinkage=0.05


Tree=82
num_leaves=31
num_cat=0
split_feature=33 33 77 2 115 43 15 111 94 131 118 33 42 1 75 105 51 77 131 59 100 54 49 49 69 102 30 115 119 75
split_gain=7.28635e-05 5.83409e-05 0.000142193 6.512e-05 6.09436e-05 0.000400835 0.00137348 6.47535e-05 0.000304564 4.67093e-05 4.55553e-05 0.000113451 0.000110563 2.97611e-05 2.99001e-05 2.47922e-05 1.7295e-05 0.000137055 1.70841e-05 1.14893e-05 1.04672e-05 9.56317e-06 5.36041e-05 0.00012738 0.000132261 9.40015e-06 9.42892e-06 1.08091e-05 9.93734e-06 1.06114e-05
threshold=-0.99816499076760401 -0.99769824092409354 268.60415945000005 0.0059917800000000012 13.250000000000002 0.42850000000000005 0.0013937500000000002 4.4500000000000011 18.500000000000004 36.194106249939516 25.850000000000005 0.95122188378076789 0.47500000000000003 0.0041998020000000007 15.350000000000003 8.5000000000000018 162.50000000000003 288.01451780000008 160.17159596027054 11.341350000000002 3.8500000000000232 0.10500000000000002 966.45000000000016 962.95000000000016 291.76138060000011 -1.8 -3.4285714285714284 6.5500000000000007 13.550000000000002 18.450000000000003
decision_type=2 2 2 2 2 2 2 2 2 2 10 2 2 2 2 2 2 2 2 2 2 2 2 2 2 2 2 2 10 2
left_child=9 2 -2 4 15 7 -7 8 -6 -1 11 21 -13 14 20 25 17 -17 19 -5 -12 -9 23 -23 -25 -3 -27 -28 29 -29
right_child=1 3 -4 18 5 6 -8 10 -10 -11 13 12 -14 -15 -16 16 -18 -19 -20 -21 -22 22 -24 24 -26 26 27 28 -30 -31
leaf_value=-5.10031813216276e-05 0 0 0.00010026907628147742 -2.3154831577497453e-05 0 0 0.00028923839809100502 -2.2461067267175115e-06 0.00013168198700357067 -2.0071497067214928e-06 -2.9564387197723262e-05 7.8141107171214404e-05 0 0 0 1.7872608802620726e-07 -3.0356476691998649e-06 7.0768819637684314e-05 0 0 0 0 0 0.00012299319013093412 0 0 0 -2.7183893444160669e-05 0 0
leaf_weight=108 59 144 50 387 191 117 54 1044 53 748 286 97 64 670 61 5260 2181 72 176 122 68 154 836 52 57 75 195 254 119 72
leaf_count=108 59 144 50 387 191 117 54 1044 53 748 286 97 64 670 61 5260 2181 72 176 122 68 154 836 52 57 75 195 254 119 72
internal_value=0 9.76563e-07 3.78112e-05 2.72723e-07 1.49361e-06 6.84993e-06 8.23898e-05 1.89679e-06 2.67229e-05 -1.40755e-05 0 4.07928e-06 4.4582e-05 -8.3397e-06 -1.89847e-05 -3.43515e-07 0 2.08258e-06 -1.41107e-05 -1.87502e-05 -2.51578e-05 0 4.11603e-06 2.40459e-05 6.54422e-05 -8.55683e-06 -1.09894e-05 -1.31023e-05 -1.75305e-05 -2.22515e-05
internal_weight=13826 12970 109 12861 12176 3804 171 3633 244 856 3389 2304 161 1085 415 8372 7513 5332 685 509 354 2143 1099 263 109 859 715 640 445 326
internal_count=13826 12970 109 12861 12176 3804 171 3633 244 856 3389 2304 161 1085 415 8372 7513 5332 685 509 354 2143 1099 263 109 859 715 640 445 326
is_linear=0
shrinkage=0.05


Tree=83
num_leaves=31
num_cat=0
split_feature=19 119 120 93 131 19 88 161 114 36 52 42 96 131 46 126 92 89 115 104 104 135 84 131 95 66 83 92 66 120
split_gain=4.34108e-05 0.000228392 4.80825e-05 0.000184289 0.000404556 0.00127564 0.00225486 6.02353e-05 0.00040347 5.06087e-05 4.82217e-05 4.45569e-05 2.67157e-05 3.00505e-05 4.82055e-05 4.21659e-05 2.39707e-05 1.66255e-05 1.55854e-05 9.5476e-05 0.000276687 1.48622e-05 1.92245e-05 1.23135e-05 1.10497e-05 1.03576e-05 1.00884e-05 9.8364e-06 7.78193e-06 7.06143e-06
threshold=-0.019698571428571423 11.050000000000002 268.33383655000006 265.45583375000007 62.530080527030343 -0.00044428571428571401 38.062500000000007 0.17346938775510207 31.950000000000003 264.32515700000005 83.500000000000014 0.25500000000000006 50.725000000000009 62.018480269608808 59.500000000000007 9.5000000000000018 23.350000000000005 35.45000000000001 9.4500000000000011 17.500000000000007 21.150000000000009 23.240000000000006 10.150000000000004 35.942420820543425 5.5000000000000009 7.1750000000000016 8.5500000000000025 7.9500000000000011 40.475000000000009 286.33023930000007
decision_type=2 10 8 2 2 2 2 2 2 2 2 2 2 2 2 2 2 2 2 2 2 2 2 2 2 2 2 2 2 10
left_child=1 -1 3 17 5 6 -5 8 18 10 -9 -11 13 14 15 -13 24 -2 21 -20 -21 22 23 26 -17 -15 -4 -19 -29 -27
right_child=2 -3 7 4 -6 -7 -8 9 -10 11 -12 12 -14 25 -16 16 -18 27 19 20 -22 -23 -24 -25 -26 29 -28 28 -30 -31
leaf_value=0 0 0.00011530612149691281 0 0 0 0 0.00042970381460301208 0 0.0001377635175097412 0 4.5389776069131337e-05 0 0 0 0 -4.5285411133972716e-05 0 0 0 0.00011930396023120864 0 0 0 -1.1845478471576513e-06 0 -8.4901682441061485e-06 -1.8249341009459431e-05 -1.3018839833805425e-05 0 0
leaf_weight=152 151 50 284 92 882 189 55 63 52 794 62 148 58 147 90 407 108 238 1777 65 127 3021 85 1997 55 1222 513 700 105 137
leaf_count=152 151 50 284 92 882 189 55 63 52 794 62 148 58 147 90 407 108 238 1777 65 127 3021 85 1997 55 1222 513 700 105 137
internal_value=0 2.29682e-05 -3.24737e-07 5.57422e-06 2.03032e-05 6.70242e-05 0.000178261 -2.04006e-06 0 -7.74077e-06 8.5637e-06 -9.96578e-06 -1.33974e-05 -1.45889e-05 -2.54316e-05 -2.99222e-05 -3.62218e-05 -5.27115e-06 -5.96443e-07 2.13736e-06 3.58241e-05 -2.35631e-06 -4.92722e-06 -6.49702e-06 -4.1803e-05 -5.44075e-06 -1.35244e-05 -8.46261e-06 -1.11028e-05 -7.20008e-06
internal_weight=13826 202 13624 2412 1218 336 147 11212 7921 3291 125 3166 2372 2314 808 718 570 1194 7869 1969 192 5900 2879 2794 462 1506 797 1043 805 1359
internal_count=13826 202 13624 2412 1218 336 147 11212 7921 3291 125 3166 2372 2314 808 718 570 1194 7869 1969 192 5900 2879 2794 462 1506 797 1043 805 1359
is_linear=0
shrinkage=0.05


Tree=84
num_leaves=31
num_cat=0
split_feature=33 33 4 43 114 128 27 90 78 128 103 33 21 84 114 99 107 136 112 50 15 99 44 13 105 44 104 63 136 91
split_gain=6.82516e-05 5.12404e-05 0.000137067 4.92958e-05 0.000360539 0.000967709 0.00173478 4.94813e-05 0.000348354 3.57406e-05 5.28169e-05 5.17333e-05 4.165e-05 0.000111069 4.11085e-05 2.78226e-05 2.0446e-05 1.69604e-05 4.37362e-05 4.71712e-05 9.07836e-05 9.33102e-05 0.000136112 1.58798e-05 2.07322e-05 1.53156e-05 1.42215e-05 1.40661e-05 1.35244e-05 8.59386e-06
threshold=-0.99816499076760401 -0.99769824092409354 0.00017942400000000002 0.35550000000000004 33.050000000000004 9.327159571594974 1636.1500000000003 27.468367346938781 1.5000000000000002 9.6206935136069749 1167.7500000000002 0.95122188378076789 0.35416666666666669 15.650000000000004 22.450000000000003 -2.5999999999999654 14.550000000000002 0.77000000000000013 280.33083100000005 1006.6500000000002 0.0003927083333333334 -0.69999999999998852 372.50000000000006 7.2055819444444456e-05 32.500000000000007 957.50000000000011 0.35000000000000009 4.6910000000000007 0.025000000000000005 24.750000000000004
decision_type=2 2 2 2 2 2 2 2 2 2 2 2 2 2 2 2 2 2 2 2 2 2 2 2 2 2 2 2 2 2
left_child=16 2 -2 9 7 6 -6 26 -9 10 14 12 13 -12 -3 -16 -1 18 -11 -20 -21 22 -22 -14 27 -17 29 -25 -29 -5
right_child=1 3 -4 4 5 -7 -8 8 -10 17 11 -13 23 -15 15 25 -18 -19 19 20 21 -23 -24 24 -26 -27 -28 28 -30 -31
leaf_value=-1.9856433996356499e-05 0 0 9.7135021343787873e-05 -1.3503962786436269e-05 0.00038591141057063051 0 0 0.00011513377278752159 0 0 0 3.8826688414196217e-05 0 6.2321280371785781e-05 0 -3.7046071360202399e-05 0 -4.4493130570818854e-06 0 0 0 0 8.6042052859290459e-05 0 0 0 0 0 -2.2681088779916475e-05 0
leaf_weight=533 59 232 50 314 51 282 54 74 178 1870 249 71 74 71 86 341 323 1329 370 444 65 63 140 53 220 102 5379 87 550 112
leaf_count=533 59 232 50 314 51 282 54 74 178 1870 249 71 74 71 86 341 323 1329 370 444 65 63 140 53 220 102 5379 87 550 112
internal_value=0 9.29203e-07 3.54874e-05 2.44835e-07 3.66681e-06 5.04619e-05 0.000179288 0 2.2076e-05 -2.41252e-06 -7.70009e-06 0 -3.9916e-06 2.47843e-06 -1.84273e-05 -2.61173e-05 -1.36394e-05 0 2.33293e-06 1.07611e-05 1.84741e-05 4.1813e-05 5.84415e-05 -1.11722e-05 -1.33617e-05 -3.11591e-05 -2.63835e-07 -1.76177e-05 -1.9781e-05 -9.17662e-06
internal_weight=13826 12970 109 12861 6444 387 105 6057 252 6417 2136 1375 1304 320 761 529 856 4281 2952 1082 712 268 205 984 910 443 5805 690 637 426
internal_count=13826 12970 109 12861 6444 387 105 6057 252 6417 2136 1375 1304 320 761 529 856 4281 2952 1082 712 268 205 984 910 443 5805 690 637 426
is_linear=0
shrinkage=0.05


Tree=85
num_leaves=31
num_cat=0
split_feature=15 124 15 35 103 134 50 120 54 43 119 120 128 115 69 96 128 15 83 46 29 138 136 128 48 108 107 32 122 15
split_gain=5.87956e-05 0.000320423 0.00127208 0.0025496 0.000848899 4.64457e-05 4.09389e-05 3.62841e-05 6.29764e-05 9.76754e-05 0.000288162 3.23668e-05 0.000486935 2.76767e-05 3.40121e-05 2.99676e-05 2.41624e-05 1.98603e-05 1.80599e-05 1.9172e-05 1.49626e-05 1.48714e-05 1.45405e-05 1.4071e-05 1.18245e-05 9.1167e-06 7.94207e-06 6.97799e-06 6.39451e-06 6.09196e-06
threshold=0.00084062500000000001 -0.78656609248549325 0.00093958333333333339 274.35050805000009 787.55000000000007 6.7500000000000009 1003.1500000000002 269.26229820000003 0.095000000000000015 0.30350000000000005 4.0500000000000007 267.39560680000005 9.1912085183614014 19.350000000000005 277.93694865000003 33.712500000000013 9.7486157790243144 0.0011052083333333337 29.900000000000002 1.0000000180025095e-35 46.45000000000001 8.7550000000000008 0.64500000000000013 9.168058974278372 1.5000000000000002 275.12766855000007 12.15 16.250000000000004 5.5000000000000009 0.00024687500000000008
decision_type=2 2 2 2 2 2 2 10 2 2 8 8 2 2 2 2 2 2 2 2 2 2 2 2 2 2 2 2 2 2
left_child=5 2 3 -2 -4 13 16 8 26 -10 -11 12 -7 14 25 -16 -6 -8 29 -20 21 27 -9 -12 -25 -1 -3 -17 -24 -13
right_child=1 7 4 -5 6 11 17 22 9 10 23 18 -14 -15 15 20 -18 -19 19 -21 -22 -23 28 24 -26 -27 -28 -29 -30 -31
leaf_value=-4.7508279936989857e-06 0.00044842283058318792 0 0.00020100241960979064 0 3.3573672783845784e-05 0.00013046277942925443 0 0 0 0.00013910584569202912 0 -1.4170914385977215e-06 0 0 0 -3.8066992658606875e-05 0 -1.5572740212391672e-05 -2.0058930571527608e-05 0 0 0 0 0 1.9807949608079841e-05 0 -7.3653996484119259e-06 0 -1.3238847172219226e-05 1.9455542625095385e-06
leaf_weight=1030 51 949 52 51 66 75 102 955 150 58 70 3604 708 93 205 318 65 573 242 136 115 77 274 57 164 276 365 64 704 2110
leaf_count=1030 51 949 52 51 66 75 102 955 150 58 70 3604 708 93 205 318 65 573 242 136 115 77 274 57 164 276 365 64 704 2110
internal_value=2.79224e-07 5.10371e-06 3.09998e-05 0.000199083 4.98858e-06 -1.67672e-06 -1.6951e-06 -2.04854e-07 3.29059e-06 1.88193e-05 3.46934e-05 0 9.86018e-06 -8.06037e-06 -1.00516e-05 -1.94578e-05 1.07011e-05 -1.15096e-05 -8.77712e-07 -1.14679e-05 -2.53748e-05 -2.97686e-05 -6.06862e-06 0 1.2588e-05 -6.04945e-07 0 -3.40793e-05 -1.04826e-05 0
internal_weight=13759 4706 960 102 858 9053 806 3746 1813 499 349 6875 783 2178 2085 779 131 675 6092 378 574 459 1933 291 221 1306 1314 382 978 5714
internal_count=13759 4706 960 102 858 9053 806 3746 1813 499 349 6875 783 2178 2085 779 131 675 6092 378 574 459 1933 291 221 1306 1314 382 978 5714
is_linear=0
shrinkage=0.05


Tree=86
num_leaves=31
num_cat=0
split_feature=98 19 88 98 33 128 33 119 118 137 131 135 113 50 128 49 128 86 118 126 112 123 75 29 32 59 30 112 81 30
split_gain=5.39431e-05 0.000141693 0.00045155 0.0001169 0.00036567 0.000378001 7.22501e-05 6.43633e-05 0.00052985 0.00156646 7.18134e-05 5.23004e-05 2.71014e-05 2.41258e-05 2.72648e-05 4.14803e-05 2.53782e-05 2.95419e-05 2.22054e-05 2.22828e-05 1.62695e-05 3.60842e-05 8.80893e-05 1.4854e-05 1.57324e-05 1.47131e-05 9.82082e-06 7.2036e-06 1.05036e-05 7.68399e-06
threshold=2.3000000000000029 -0.019698571428571423 29.962500000000006 0.99999999999999967 0.94579910313615867 9.5712377189349187 -0.99877331930568747 4.9500000000000011 12.750000000000002 0.055000000000000007 44.642316367144637 4.830000000000001 0.15000000000000005 1022.7500000000001 9.5303564648652301 974.1500000000002 8.3420385673956172 1.0000000180025095e-35 10.15 9.5000000000000018 281.61843690000006 1.0000000180025095e-35 8.3500000000000032 46.800000000000004 15.65 12.178400000000002 1.2457142857142847 276.35578780000009 30.050000000000004 -1.031428571428572
decision_type=2 2 2 2 2 2 2 8 10 2 2 2 2 2 2 2 2 2 10 2 2 2 2 2 2 2 2 2 2 2
left_child=1 2 -1 7 6 -6 -5 8 -3 -10 11 -9 13 14 15 -2 -17 -18 -13 -20 27 22 -22 24 26 -19 -21 -12 -29 -30
right_child=12 3 -4 4 5 -7 -8 10 9 -11 20 18 -14 -15 -16 16 17 25 19 23 21 -23 -24 -25 -26 -27 -28 28 29 -31
leaf_value=0 0 0 0.00016540604254974562 5.9240998241945744e-05 0.00019844109251888851 0 0 0 0.0003171432364656797 0 0 0 1.4622864469682842e-06 0 -1.4293468319083276e-06 0 0 -4.6353927200931229e-05 0 -4.1142680514706388e-05 7.5828384225164414e-05 0 0 0 0 0 0 0 -1.413245993161309e-05 0
leaf_weight=84 347 1894 55 51 54 95 1095 145 52 115 2937 353 407 1167 1702 67 136 250 138 350 57 503 410 69 88 65 51 551 405 66
leaf_count=84 347 1894 55 51 54 95 1095 145 52 115 2937 353 407 1167 1702 67 136 250 138 350 57 503 410 69 88 65 51 551 405 66
internal_value=2.32523e-07 2.61831e-06 5.36682e-05 1.33671e-06 1.54293e-05 9.02159e-05 1.27633e-06 -2.83978e-07 6.60462e-06 9.17609e-05 -3.41984e-06 -1.44973e-05 -4.10092e-06 -6.04622e-06 -8.75537e-06 -1.73783e-05 -2.6528e-05 -3.07963e-05 -1.90715e-05 -2.50514e-05 0 4.87356e-06 1.55575e-05 -2.97012e-05 -3.28963e-05 -3.98787e-05 -3.76417e-05 -2.10885e-06 -5.90078e-06 -1.14499e-05
internal_weight=13759 9618 139 9479 1295 149 1146 8184 2061 167 6123 1194 4141 3734 2567 865 518 451 1049 696 4929 970 467 558 489 315 401 3959 1022 471
internal_count=13759 9618 139 9479 1295 149 1146 8184 2061 167 6123 1194 4141 3734 2567 865 518 451 1049 696 4929 970 467 558 489 315 401 3959 1022 471
is_linear=0
shrinkage=0.05


Tree=87
num_leaves=31
num_cat=0
split_feature=49 33 31 81 67 118 42 2 118 123 105 28 44 42 86 89 86 128 103 28 134 69 141 36 133 49 55 11 49 50
split_gain=5.12694e-05 0.000769085 0.00273863 0.00017313 0.000871707 9.19899e-05 0.000206338 3.06439e-05 2.66832e-05 2.42876e-05 6.32452e-05 6.52369e-05 0.000145207 0.000172805 0.000194299 2.49028e-05 5.82459e-05 2.31e-05 2.2618e-05 0.000159719 2.51027e-05 2.06074e-05 2.1489e-05 1.62115e-05 7.46778e-05 0.000119773 4.6538e-05 1.62799e-05 1.39145e-05 1.36854e-05
threshold=985.75000000000011 -0.99794424474338117 24.250000000000004 45.45000000000001 6.5500000000000007 25.750000000000004 0.45500000000000007 0.0026685835000000006 35.95000000000001 -0.70710678118654735 20.500000000000004 20.650000000000002 1157.5000000000002 1.2150000000000001 4.5000000000000009 40.45000000000001 17.500000000000004 10.110034132736219 558.0500000000003 9.9500000000000011 6.4400000000000004 276.18614980000007 37.395000000000003 274.33974405000009 79.485000000000014 956.25000000000011 16.180564200000024 0.0030155558402777784 968.95000000000016 1008.5500000000001
decision_type=2 2 2 2 2 10 2 2 10 2 2 2 2 2 2 2 2 2 2 2 2 2 2 2 2 2 2 2 2 2
left_child=7 2 -2 18 -5 6 -6 9 -7 10 11 -1 -13 14 -14 23 17 21 19 -3 -20 -17 -23 27 -25 -26 -27 -11 -29 -18
right_child=1 3 -4 4 5 8 -8 -9 -10 15 -12 12 13 -15 -16 16 29 -19 20 -21 -22 22 -24 24 25 26 -28 28 -30 -31
leaf_value=0 0 0 0.00041700045108632812 0.00018125711525453307 0.00010870827380067407 -2.431454454930877e-05 0 -1.1287182609101853e-05 0 -4.7367421046470139e-06 0 0 0 0 0.00016212045974410308 0 0 0 -1.2657696993445103e-05 9.0679246663788872e-05 -4.2104083200789743e-07 -2.8490367599663864e-05 0 0 0 0.00010800095382465871 0 2.4339412681248344e-05 0 1.536084472260474e-05
leaf_weight=355 107 109 50 78 56 234 81 831 51 2391 1139 225 56 96 61 228 333 426 718 50 3960 497 66 828 73 53 51 58 354 144
leaf_count=355 107 109 50 78 56 234 81 831 51 2391 1139 225 56 96 61 228 333 426 718 50 3960 497 66 828 73 53 51 58 354 144
internal_value=1.95828e-07 4.24679e-06 0.00011312 8.67705e-08 2.88228e-05 0 3.38101e-05 -1.89227e-06 -1.58912e-05 -1.68199e-07 3.77627e-06 1.52922e-05 2.81863e-05 5.76725e-05 9.84542e-05 -2.46231e-06 -7.51091e-06 -1.40734e-05 -1.85553e-06 1.11973e-05 -3.37008e-06 -1.94296e-05 -2.49291e-05 0 5.21832e-06 3.46806e-05 6.99334e-05 -2.1643e-06 6.33359e-07 0
internal_weight=13759 5494 157 5337 500 422 137 8265 285 7434 1932 793 438 213 117 5502 1694 1217 4837 159 4678 791 563 3808 1005 177 104 2803 412 477
internal_count=13759 5494 157 5337 500 422 137 8265 285 7434 1932 793 438 213 117 5502 1694 1217 4837 159 4678 791 563 3808 1005 177 104 2803 412 477
is_linear=0
shrinkage=0.05


Tree=88
num_leaves=31
num_cat=0
split_feature=15 124 131 155 13 134 30 69 3 155 83 115 69 96 114 24 116 30 155 114 0 119 91 14 119 82 133 104 108 30
split_gain=5.19367e-05 0.00029076 0.00120365 0.00349403 0.000136977 3.81662e-05 3.69963e-05 0.000193981 0.000192807 2.98653e-05 0.000253759 2.5812e-05 3.2027e-05 2.75413e-05 1.64244e-05 1.61901e-05 2.34925e-05 1.42098e-05 1.64339e-05 1.32651e-05 1.01344e-05 8.90458e-06 8.78738e-06 7.76339e-06 7.73601e-06 7.61036e-06 1.38864e-05 9.60955e-06 7.59898e-06 7.59384e-06
threshold=0.00084062500000000001 -0.78656609248549325 36.483127832155724 1.0000000180025095e-35 0.003046225513888889 6.7500000000000009 -0.83285714285714263 286.57153925000006 0.0099759955000000011 0.28600000000000009 33.550000000000004 19.350000000000005 277.93694865000003 33.712500000000013 33.050000000000004 62.300000000000004 295.16759135000007 -1.548571428571426 0.91000000000000025 19.750000000000004 0.071000000000000021 11.350000000000003 16.650000000000002 0.032327929500000005 9.8500000000000032 10.862000000000002 67.530000000000015 21.150000000000009 275.12766855000007 2.2357142857142853
decision_type=2 2 2 2 2 2 2 2 2 2 2 2 2 2 2 2 2 2 2 2 2 10 2 2 8 2 2 2 2 2
left_child=5 2 3 -2 23 11 17 24 -9 14 -11 12 28 -14 -7 16 21 -3 25 -15 22 -16 -21 -4 -8 -19 -27 -28 -1 -24
right_child=1 6 4 -5 -6 9 7 8 -10 10 -12 -13 13 19 15 -17 -18 18 -20 20 -22 -23 29 -25 -26 26 27 -29 -30 -31
leaf_value=-4.2992362186917931e-06 0.00046167519736134302 0 -6.9254371657190495e-06 0 6.0808072743990727e-05 0 -6.8212502829114423e-06 0.00013930042845878725 0 0 9.8470902543997205e-05 0 0 0 0 0 0 0 0 0 0 -2.3030399277069386e-05 -3.7709478484475024e-05 0 2.3488744611635312e-06 0 -2.8249809390402611e-05 0 0 0
leaf_weight=1030 58 1671 605 109 89 5010 369 51 59 1168 71 93 205 58 51 167 82 172 58 106 56 326 304 99 384 655 256 71 276 50
leaf_count=1030 58 1671 605 109 89 5010 369 51 59 1168 71 93 205 58 51 167 82 172 58 106 56 326 304 99 384 655 256 71 276 50
internal_value=1.46639e-07 4.71597e-06 2.94112e-05 0.000151194 0 -1.67664e-06 -2.84513e-07 6.97794e-06 6.89053e-05 0 7.17025e-06 -7.44777e-06 -9.42746e-06 -1.84463e-05 -1.3913e-06 -9.10445e-06 -1.41765e-05 -4.19383e-06 -8.4323e-06 -2.41106e-05 -2.66586e-05 -1.99986e-05 -2.91885e-05 -3.70093e-06 0 -1.04998e-05 -1.22021e-05 -2.34959e-05 -2.124e-07 -3.41796e-05
internal_weight=13759 4706 960 167 793 9053 3746 863 110 6875 1239 2178 2085 779 5636 626 459 2883 1212 574 516 377 460 704 753 1154 982 327 1306 354
internal_count=13759 4706 960 167 793 9053 3746 863 110 6875 1239 2178 2085 779 5636 626 459 2883 1212 574 516 377 460 704 753 1154 982 327 1306 354
is_linear=0
shrinkage=0.05


Tree=89
num_leaves=31
num_cat=0
split_feature=51 124 133 52 115 97 131 93 131 10 32 131 120 43 132 138 6 133 83 128 104 128 83 111 161 90 133 16 128 85
split_gain=5.33251e-05 0.000139591 0.00107037 0.00294947 3.7593e-05 2.20431e-05 0.000238883 0.000330507 3.93292e-05 4.25111e-05 2.44061e-05 2.41052e-05 0.000135983 2.35473e-05 2.61278e-05 1.87333e-05 1.77469e-05 1.72928e-05 7.33556e-06 6.0569e-06 1.03963e-05 2.15403e-05 4.01345e-06 4.46563e-05 1.53518e-05 4.40232e-05 4.50408e-05 3.62198e-05 1.80749e-05 2.41548e-05
threshold=461.50000000000006 -0.9159756150367534 67.530000000000015 61.500000000000007 16.950000000000003 -4.5999999999999979 33.205449859187688 264.73903520000005 43.993537203986527 4.2950000000000008 14.850000000000003 49.756391747410937 267.64290890000001 0.35250000000000004 1.5000000000000002 4.5050000000000008 0.0092583333333333354 39.970000000000006 8.8500000000000032 8.9220581172274809 6.450000000000002 9.5496300637758775 18.850000000000005 5.2500000000000009 0.15306122448979595 20.782653061224494 8.5400000000000009 0.51500000000000012 10.888660483062997 273.42398220000001
decision_type=2 2 2 2 2 2 2 2 2 2 2 2 8 2 2 2 2 2 2 2 2 2 2 2 2 2 2 2 2 2
left_child=1 2 19 -4 15 6 7 -3 9 -7 13 12 -10 14 -11 17 -16 -2 -19 -1 21 -21 -13 -24 25 -25 -27 -28 29 -26
right_child=4 5 3 -5 -6 8 -8 -9 11 10 -12 22 -14 -15 16 -17 -18 18 -20 20 -22 -23 23 24 28 26 27 -29 -30 -31
leaf_value=-1.1840866158123657e-05 0 0 0 0.00044791400381987285 0 0 0 0.00016368499700994025 7.5657617451205234e-05 0 0 -1.3397365380896168e-06 0 0 -4.2842765937479966e-05 -2.3017313325711129e-06 0 0 -3.8098137885696161e-05 3.8100674993942939e-05 0 0 4.7181546757986089e-05 0 0 0 0 7.0989902890366511e-05 0 -1.2778862070631599e-05
leaf_weight=107 107 70 95 51 407 815 1224 54 69 104 170 4536 469 447 238 1086 84 54 203 54 390 227 50 387 702 66 61 67 665 700
leaf_count=107 107 70 95 51 407 815 1224 54 69 104 170 4536 469 447 238 1086 84 54 203 54 390 227 50 387 702 66 61 67 665 700
internal_value=1.10854e-07 1.69034e-06 2.0348e-05 0.000144253 -7.3169e-06 0 6.09587e-06 7.19631e-05 -7.19037e-07 -7.43764e-06 -1.41528e-05 2.44633e-07 1.06145e-05 -1.75805e-05 -2.77577e-05 -1.15466e-05 -3.49399e-05 -2.53485e-05 -3.28115e-05 0 0 9.6003e-06 0 8.36859e-07 0 7.11721e-06 2.67504e-05 4.42107e-05 -2.07437e-06 -6.20887e-06
internal_weight=13759 11902 924 146 1857 10978 1348 124 9630 1858 1043 7772 538 873 426 1450 322 364 257 778 671 281 7234 2698 2648 581 194 128 2067 1402
internal_count=13759 11902 924 146 1857 10978 1348 124 9630 1858 1043 7772 538 873 426 1450 322 364 257 778 671 281 7234 2698 2648 581 194 128 2067 1402
is_linear=0
shrinkage=0.05


Tree=90
num_leaves=31
num_cat=0
split_feature=33 138 112 137 51 51 28 42 137 64 138 36 118 137 112 112 100 61 33 77 134 120 98 128 77 89 28 74 160 28
split_gain=4.98772e-05 0.000215279 0.000848853 0.000151994 4.76708e-05 0.000175916 4.06124e-05 3.07585e-05 0.00014468 0.000316942 2.68744e-05 2.05679e-05 0.000122523 2.02045e-05 1.71694e-05 2.56937e-05 0.00010306 1.69039e-05 1.30324e-05 1.70317e-05 1.27124e-05 1.21855e-05 8.34698e-06 7.69407e-06 4.76332e-06 3.64054e-06 3.60366e-06 3.41634e-06 2.74192e-06 2.40813e-06
threshold=0.87886495315889712 3.7550000000000003 285.17130185000008 1.6950000000000001 358.50000000000006 350.50000000000006 24.650000000000002 0.6150000000000001 0.015000000000000001 57.300000000000018 7.3800000000000008 262.36490320000001 13.250000000000002 2.1000000000000005 283.25962880000003 280.45862385000004 -2.950000000000045 611.95000000000016 -0.99742179571368739 278.39392785000007 14.840000000000002 267.33725715000008 3.5000000000000018 10.475102485556947 286.93956360000004 25.850000000000005 27.750000000000004 13.27857142857143 0.47244897959183679 29.050000000000001
decision_type=2 2 2 2 2 2 2 2 2 2 2 2 10 2 2 2 2 2 2 2 2 10 2 2 2 2 2 2 2 2
left_child=4 2 3 6 5 7 -2 11 9 22 13 12 -1 21 15 -3 -17 26 -13 29 24 -6 -9 25 27 -23 -16 -21 -27 -20
right_child=1 14 -4 -5 10 -7 -8 8 -10 -11 -12 18 -14 -15 17 16 -18 -19 19 20 -22 23 -24 -25 -26 28 -28 -29 -30 -31
leaf_value=0 -3.4607519493319058e-05 0 0.00019466998637554219 7.7258855164503892e-05 0 8.5577792677061858e-05 0 1.1403319848260445e-05 0 0.00012766141293173565 0 -1.103362775367266e-05 7.6187841900045224e-05 0 -2.242027535610633e-05 6.0844421459060172e-05 0 0 3.9277792757487401e-07 0 0 0 -1.0505951697903956e-05 0 0 -2.3019388916816762e-05 0 -1.2868777950491865e-05 0 -1.5529993040738412e-06
leaf_weight=1155 107 660 72 58 373 59 161 106 944 73 731 722 53 327 186 86 102 68 3410 70 210 141 62 210 62 605 50 657 52 2277
leaf_count=1155 107 660 72 58 373 59 161 106 944 73 731 722 53 327 186 86 102 68 3410 70 210 141 62 210 62 605 50 657 52 2277
internal_value=0 8.27119e-06 4.01846e-05 0 -1.22923e-06 0 -1.01693e-05 -1.95882e-07 6.61876e-06 4.13439e-05 -7.51398e-06 -1.71404e-06 2.43001e-06 -1.09509e-05 0 4.77092e-07 1.84631e-05 -1.18363e-05 -3.06489e-06 -1.45513e-06 -7.53248e-06 -1.35959e-05 0 -1.68337e-05 -1.05854e-05 -1.95429e-05 -1.89369e-05 -1.17452e-05 -2.1854e-05 0
internal_weight=13849 1550 398 326 12299 9860 268 9801 1185 241 2439 8616 1208 1708 1152 848 188 304 7408 6686 999 1381 168 1008 789 798 236 727 657 5687
internal_count=13849 1550 398 326 12299 9860 268 9801 1185 241 2439 8616 1208 1708 1152 848 188 304 7408 6686 999 1381 168 1008 789 798 236 727 657 5687
is_linear=0
shrinkage=0.05


Tree=91
num_leaves=31
num_cat=0
split_feature=33 124 138 85 85 122 117 47 90 92 120 67 122 141 36 118 128 33 133 98 28 92 2 100 84 14 14 138 99 77
split_gain=4.64648e-05 0.000129599 0.000714188 6.89746e-05 4.61754e-05 3.59014e-05 0.000125013 0.000311489 3.92729e-05 5.44652e-05 5.00822e-05 4.36988e-05 4.22715e-05 3.62785e-05 2.76014e-05 0.000272279 0.00116646 3.00792e-05 2.69231e-05 2.34165e-05 2.8212e-05 3.86581e-05 1.58406e-05 7.28372e-06 2.79846e-05 8.75386e-05 8.80343e-05 0.000122198 0.000149086 6.31605e-06
threshold=0.31030329540717544 -0.9159756150367534 3.7250000000000005 285.12611890000005 278.03739875000002 18.500000000000004 0.8500000000000002 36.500000000000007 33.375510204081642 6.5500000000000025 271.03687715000007 13.550000000000002 1.0000000180025095e-35 37.055000000000007 263.21663600000005 12.950000000000001 9.2309758884199038 -0.99769824092409354 66.185000000000016 -5.6999999999999966 25.450000000000003 23.950000000000006 0.0051385905000000008 -5.1499999999999764 4.7500000000000009 0.014366110000000001 0.038399248500000004 6.4150000000000009 -1.9000000000000339 279.56948945000005
decision_type=2 2 2 2 2 2 2 2 2 2 8 2 2 2 2 10 2 2 2 2 2 2 2 2 2 2 2 2 2 2
left_child=4 2 -2 5 14 8 -7 -8 10 -10 12 -11 -3 19 15 -1 -17 -16 -6 -14 21 -21 23 -19 -25 -26 27 28 -27 -12
right_child=1 3 -4 -5 18 6 7 -9 9 11 29 -13 13 -15 17 16 -18 22 -20 20 -22 -23 -24 24 25 26 -28 -29 -30 -31
leaf_value=-8.9708460797580442e-07 0.00019250880702495154 0 0 5.7259940299016583e-05 0 0 0 0.00014202159647666441 0 7.0099447126368531e-05 0 0 0 0 -1.2942973405875112e-05 0.000254167170930454 0 -3.9642489898128033e-06 -3.6287242160907273e-05 -4.5664344545439049e-05 0 0 -9.8211676338994794e-06 -4.9622459931935252e-09 0 0 0 0 0.00011622377275216422 1.2263034923480949e-05
leaf_weight=1890 58 117 189 52 94 853 132 56 77 53 829 54 50 328 741 55 209 1056 161 314 338 140 459 4553 564 51 63 122 87 104
leaf_count=1890 58 117 189 52 94 853 132 56 77 53 829 54 50 328 741 55 209 1056 161 314 338 140 459 4553 564 51 63 122 87 104
internal_value=0 4.57508e-06 4.02136e-05 6.17691e-07 -1.93334e-06 0 7.48911e-06 4.43039e-05 -3.60821e-06 1.03825e-05 -7.02319e-06 3.80187e-05 -1.35005e-05 -1.70506e-05 -8.55199e-07 3.21956e-06 5.14511e-05 -2.64554e-06 -2.38819e-05 -2.26147e-05 -2.48494e-05 -3.50887e-05 -8.27923e-07 0 5.4198e-07 8.97693e-06 2.99385e-05 4.42256e-05 7.66186e-05 0
internal_weight=13849 3744 247 3497 10105 3445 1041 188 2404 184 2220 107 1287 1170 9850 2154 264 7696 255 842 792 454 6955 6496 5440 887 323 260 138 933
internal_count=13849 3744 247 3497 10105 3445 1041 188 2404 184 2220 107 1287 1170 9850 2154 264 7696 255 842 792 454 6955 6496 5440 887 323 260 138 933
is_linear=0
shrinkage=0.05


Tree=92
num_leaves=31
num_cat=0
split_feature=33 131 41 4 19 112 101 51 131 43 137 96 91 133 44 8 138 22 50 94 120 93 44 131 75 115 59 74 36 112
split_gain=4.40398e-05 0.000140494 0.000477904 0.000870065 0.000599846 0.000153839 4.40579e-05 4.97323e-05 0.000433967 0.00185983 4.78957e-05 3.74006e-05 2.2524e-05 2.38648e-05 2.20665e-05 1.87713e-05 1.3102e-05 1.09593e-05 1.96399e-05 1.04958e-05 3.46607e-05 9.6034e-05 0.000125716 2.38912e-05 3.89457e-05 1.88095e-05 2.25959e-05 1.51914e-05 1.34691e-05 1.27977e-05
threshold=0.31030329540717544 49.756391747410937 51.500000000000007 0.00017942400000000002 -0.0011757142857142849 289.50242425000005 0.81041510000000028 7.5000000000000009 33.205449859187688 0.34050000000000008 0.16000000000000003 34.63750000000001 9.1500000000000004 67.530000000000015 227.50000000000003 0.0021097881973082028 4.785000000000001 55.500000000000007 1024.2500000000002 8.5000000000000018 272.23356625000008 266.77719450000006 392.50000000000006 239.67369928973005 6.8500000000000005 7.6500000000000012 2.8531000000000004 31.635714285714293 278.59568435000006 276.43295125000003
decision_type=2 2 2 2 2 2 2 2 2 2 2 2 2 2 2 2 2 2 2 2 8 2 2 2 2 2 2 2 2 2
left_child=6 2 3 5 -5 17 7 -1 9 -9 12 -4 -8 -14 -13 -15 -12 18 -2 20 21 -3 -23 24 -21 -26 -27 29 -24 -28
right_child=1 19 11 4 -6 -7 10 8 -10 -11 16 14 13 15 -16 -17 -18 -19 -20 23 -22 22 28 -25 25 26 27 -29 -30 -31
leaf_value=-2.5167413103857114e-06 -2.354428025083125e-05 0 0 0.00031891186361742894 0 7.8956868250491924e-05 0 0.00033814265114664988 0 0 -5.6185756118615863e-06 0 0 0 -2.6126259918508547e-05 -3.7418772322228909e-05 0 0 0 0 0 0 0.00010649922821539805 0 0 0 0 0 0 -2.0855083680654226e-05
leaf_weight=4336 137 101 264 51 62 61 169 50 1947 175 1137 53 288 101 221 304 1598 72 53 55 643 64 59 590 50 138 65 147 52 806
leaf_count=4336 137 101 264 51 62 61 169 50 1947 175 1137 53 288 101 221 304 1598 72 53 55 643 64 59 590 50 138 65 147 52 806
internal_value=0 4.40487e-06 2.08511e-05 6.08068e-05 0.000182311 2.43571e-06 -1.92466e-06 0 6.67641e-06 7.23126e-05 -6.40448e-06 -2.30567e-06 -1.74952e-05 -2.14886e-05 -1.87196e-05 -3.05984e-05 -1.07636e-06 0 -1.19769e-05 0 2.51643e-06 1.82717e-05 4.34691e-05 -3.32002e-06 -7.96893e-06 -1.2127e-05 -1.39306e-05 -1.66066e-05 7.59965e-05 -1.91265e-05
internal_weight=13849 3744 974 436 113 323 10105 6508 2172 225 3597 538 862 693 274 405 2735 262 190 2770 919 276 175 1851 1261 1206 1156 1018 111 871
internal_count=13849 3744 974 436 113 323 10105 6508 2172 225 3597 538 862 693 274 405 2735 262 190 2770 919 276 175 1851 1261 1206 1156 1018 111 871
is_linear=0
shrinkage=0.05


Tree=93
num_leaves=31
num_cat=0
split_feature=33 131 112 54 111 83 32 101 53 131 43 137 81 83 141 138 115 131 4 30 8 134 94 83 129 47 35 115 116 59
split_gain=4.2874e-05 0.000130841 0.000459304 0.00127814 0.000127421 0.000239084 8.65188e-05 4.04873e-05 4.44125e-05 0.000397331 0.00168034 4.42879e-05 3.79771e-05 2.17125e-05 1.91242e-05 1.19623e-05 9.76814e-06 3.02755e-05 7.0157e-05 3.12712e-05 9.0532e-06 1.23158e-05 7.82657e-06 3.12091e-05 2.79581e-05 1.85936e-05 7.9311e-05 4.83118e-05 1.79218e-05 1.65629e-05
threshold=0.31030329540717544 49.756391747410937 285.85308100000003 0.095000000000000015 12.550000000000002 21.750000000000004 5.6500000000000012 0.81041510000000028 6.5000000000000009 33.205449859187688 0.34650000000000003 0.16000000000000003 32.95000000000001 9.4500000000000011 37.265000000000008 4.785000000000001 15.15 257.1604598582673 7.2100000000000018e-05 -1.7457142857142858 0.0021097881973082028 7.1000000000000005 8.5000000000000018 18.850000000000005 3.5000000000000004 79.500000000000014 279.29748605000003 19.350000000000005 276.05544655000006 3.7891499999999998
decision_type=2 2 2 2 2 2 2 2 2 2 2 2 2 2 2 2 2 2 2 2 2 2 2 2 2 2 2 2 2 2
left_child=7 2 4 -4 6 -6 -2 8 -1 10 -10 13 -8 -9 20 -13 -17 18 -18 -20 -15 -22 23 -3 25 -24 -27 -28 -25 -26
right_child=1 22 3 -5 5 -7 12 11 9 -11 -12 15 -14 14 -16 16 17 -19 19 -21 21 -23 24 28 29 26 27 -29 -30 -31
leaf_value=-2.3954102499431417e-06 0 0 0 0.00023348200903390684 0 0.00011525057462222321 0 0 0.0003127039517068153 0 0 -5.3378937593435016e-06 -4.516696113425398e-05 0 0 0 0 0 0 7.0579063530985109e-05 -3.7339096146136553e-05 0 -1.99116966263429e-06 0 0 0 0 8.3597959472591851e-05 4.4233477141600673e-05 -1.3962147522596708e-05
leaf_weight=4336 302 805 162 86 91 63 86 218 53 1950 169 1137 184 153 113 1169 122 184 53 70 286 92 537 50 229 336 50 51 64 648
leaf_count=4336 302 805 162 86 91 63 86 218 53 1950 169 1137 184 153 113 1169 122 184 53 70 286 92 537 50 229 336 50 51 64 648
internal_value=0 4.3841e-06 2.02315e-05 7.88304e-05 0 4.03519e-05 -1.07462e-05 -1.86643e-06 0 6.29632e-06 6.95751e-05 -6.15763e-06 -3.22849e-05 -1.68362e-05 -2.15271e-05 -9.59619e-07 0 7.53601e-06 2.0173e-05 4.71358e-05 -2.55288e-05 -3.12175e-05 0 2.17494e-06 -2.86621e-06 0 1.00627e-05 4.8772e-05 2.67638e-05 -9.84561e-06
internal_weight=13849 3744 974 248 726 154 572 10105 6508 2172 222 3597 270 862 644 2735 1598 429 245 123 531 378 2770 919 1851 974 437 101 114 877
internal_count=13849 3744 974 248 726 154 572 10105 6508 2172 222 3597 270 862 644 2735 1598 429 245 123 531 378 2770 919 1851 974 437 101 114 877
is_linear=0
shrinkage=0.05


Tree=94
num_leaves=31
num_cat=0
split_feature=128 128 33 33 112 49 100 134 101 56 118 54 105 28 116 101 105 134 40 116 126 43 15 45 96 44 84 54 106 30
split_gain=4.1115e-05 0.000232296 0.000538392 0.000687012 0.000973076 5.37726e-05 8.02591e-05 0.000182626 5.15823e-05 6.01401e-05 4.68395e-05 4.64877e-05 2.99495e-05 2.44506e-05 4.09351e-05 0.000113559 0.000263834 2.58673e-05 2.02655e-05 2.12305e-05 2.92515e-05 1.91723e-05 1.04475e-05 1.05539e-05 9.22138e-06 1.20269e-05 7.75606e-06 7.08738e-06 6.96758e-06 3.13295e-05
threshold=8.9220581172274809 9.1912085183614014 -0.99769824092409354 0.92586276615415819 280.33083100000005 974.1500000000002 -4.9500000000000446 6.3850000000000007 0.81041510000000028 -6.016142949999959 18.950000000000003 0.27500000000000008 31.500000000000004 29.300000000000001 293.82436455000004 5.899034599999994 9.5000000000000018 12.005000000000001 0.045000000000000005 272.44230035000004 9.5000000000000018 0.25950000000000006 3.2291666666666675e-05 46.500000000000007 35.162500000000009 1857.5000000000002 9.9500000000000046 1.0000000180025095e-35 27.450000000000003 -2.367142857142857
decision_type=2 2 2 2 2 2 2 2 2 2 10 2 2 2 2 2 2 2 2 2 2 2 2 2 2 2 2 2 2 2
left_child=8 2 -2 5 -5 6 -4 -8 21 -10 -11 -12 18 14 28 16 -16 22 19 -7 -21 -1 -15 -24 -25 27 -23 -26 -3 -30
right_child=1 13 3 4 -6 12 7 -9 9 10 11 -13 -14 17 15 -17 -18 -19 -20 20 -22 26 23 24 25 -27 -28 -29 29 -31
leaf_value=2.8316895799965393e-05 0.00018887976618117363 -1.0669699136985088e-06 0 0 0.00027961077714011215 0 0.00011478620845831328 0 0 0 -6.5821892381823742e-05 0 0 0 0 0 0.00014209081986756735 0 0 0 -4.8427585137432061e-05 -4.8986972904450696e-06 0 0 0 0 0 -1.5720517848285498e-05 0 1.1788701191707922e-05
leaf_weight=53 51 4385 67 65 53 65 50 51 277 230 139 56 194 276 52 162 51 1935 71 59 159 1000 328 1153 54 153 117 1011 880 652
leaf_count=53 51 4385 67 65 53 65 50 51 277 230 139 56 194 276 52 162 51 1935 71 59 159 1000 328 1153 54 153 117 1011 880 652
internal_value=0 8.59979e-07 2.56866e-05 9.5049e-06 0.000122617 -2.30794e-06 9.34428e-06 4.59544e-05 -7.08159e-06 -1.78058e-05 -2.95996e-05 -5.0017e-05 -1.49981e-05 -6.72272e-07 8.09391e-07 1.99989e-05 6.12596e-05 -3.55569e-06 -2.36386e-05 -2.9612e-05 -3.71415e-05 0 -6.52635e-06 -7.52468e-06 -8.69332e-06 -1.28828e-05 -2.03526e-06 -1.47646e-05 0 2.84703e-06
internal_weight=13849 11977 885 834 118 716 168 101 1872 702 425 195 548 11092 6182 265 103 4910 354 283 218 1170 2975 2699 2371 1218 1117 1065 5917 1532
internal_count=13849 11977 885 834 118 716 168 101 1872 702 425 195 548 11092 6182 265 103 4910 354 283 218 1170 2975 2699 2371 1218 1117 1065 5917 1532
is_linear=0
shrinkage=0.05


Tree=95
num_leaves=31
num_cat=0
split_feature=121 119 137 97 138 49 139 81 92 120 33 126 61 49 80 56 99 24 7 131 3 35 42 15 19 123 128 66 44 142
split_gain=8.0095e-05 0.000459857 8.31273e-05 0.000173701 0.000236581 3.83223e-05 0.000358803 0.00215551 0.00345298 8.1817e-05 2.69007e-05 2.17403e-05 3.3137e-05 2.56601e-05 2.13492e-05 2.19161e-05 2.00779e-05 1.74501e-05 1.63324e-05 1.51443e-05 1.39815e-05 2.45903e-05 4.77744e-05 7.53376e-05 5.62393e-05 1.0226e-05 1.28685e-05 1.4434e-05 9.43634e-06 1.14392e-05
threshold=0.15000000000000005 6.4500000000000011 1.7550000000000001 -0.59999999999999865 5.1150000000000011 987.35000000000002 70.926061883346662 26.050000000000004 14.350000000000003 267.33725715000008 -0.99769824092409354 45.500000000000007 153.75000000000003 988.45000000000016 25.012500000000006 -5.7926728499999731 -2.2499999999999996 60.45000000000001 0.012050000000000002 36.194106249939516 0.0012286560000000001 278.81787040000006 0.96500000000000008 0.0007052083333333334 -1.9999999999999988e-05 0.98296291314453421 9.5017903776270458 40.775000000000006 987.50000000000011 576.73970023542154
decision_type=10 10 2 2 2 2 2 2 2 8 2 2 2 2 2 2 2 2 2 2 2 2 2 2 2 2 2 2 2 2
left_child=5 -2 28 -4 -5 10 9 -8 -9 -7 19 12 -11 -14 15 -15 18 -17 -12 -1 21 -18 23 -23 -25 26 27 -20 29 -3
right_child=1 2 3 4 -6 6 7 8 -10 11 16 -13 13 14 -16 17 20 -19 25 -21 -22 22 -24 24 -26 -27 -28 -29 -30 -31
leaf_value=-3.6446240431157801e-05 0.00013945980954200164 0 0 0.00013594876850349274 0 4.7011123164249911e-05 -5.2407012095888684e-07 0.00053660400228671703 0 0 0 0 0 0 0 -3.1075507515757077e-05 0 0 -2.2122339803966174e-05 0 -1.0602285461471348e-07 0 0 8.8235083179694941e-05 0 0 0 0 0 -1.225569360628114e-05
leaf_weight=107 69 271 145 66 75 81 380 51 62 549 580 2703 52 92 149 389 882 54 381 647 4058 135 65 69 51 66 894 55 405 347
leaf_count=107 69 271 145 66 75 81 380 51 62 549 580 2703 52 92 149 389 882 54 381 647 4058 135 65 69 51 66 894 55 405 347
internal_value=1.08529e-06 1.25341e-05 1.92546e-06 2.72166e-05 6.74926e-05 0 3.47616e-06 4.38986e-05 0.000235838 -2.02493e-07 -2.25592e-06 -2.42644e-06 -7.77984e-06 -1.47654e-05 -1.81168e-05 -2.27823e-05 -5.66267e-07 -2.73858e-05 -5.14326e-06 -1.18265e-05 2.03411e-07 5.40357e-06 1.73476e-05 2.90499e-05 5.781e-05 -8.16477e-06 -9.44332e-06 -1.85803e-05 -2.82043e-07 -6.18408e-06
internal_weight=13930 1378 1309 286 141 12552 4562 493 113 4069 7990 3988 1285 736 684 535 7236 443 1976 754 5260 1202 320 255 120 1396 1330 436 1023 618
internal_count=13930 1378 1309 286 141 12552 4562 493 113 4069 7990 3988 1285 736 684 535 7236 443 1976 754 5260 1202 320 255 120 1396 1330 436 1023 618
is_linear=0
shrinkage=0.05


end of trees

feature_importances:
pop_density=94
wind_sin_t=85
log_customers=82
gust_at_t24h=72
soil_moist_t=61
pct_unmapped=58
min_t2m_next_24h=57
osi_trend_last6h=53
total_tp_next_48h=53
gust_max_next_24h=52
t2m_at_t48h=52
gust_at_t48h=48
total_tp_next_24h=47
pct_forest=46
wind_speed_at_t24h=44
wind_speed_at_t48h=42
hour_of_day=42
sp_t=41
gust_peak4h_mean_next_24h=41
t2m_at_t24h=41
hour_cos=41
wind_speed_max_next_24h=40
temp_change_6h=39
pct_wetland=39
mslma_t=37
tp_at_t24h=37
last_N_t=36
gust_trend_last6h_obs=36
pre_event_mean_osi=35
tree_canopy_std=35
cumul_tp_since_onset=31
d2m_t=30
R_t_max_72h=29
gust_mean_next_6h=29
min_t2m_next_6h=28
pressure_change_6h=28
frac_zero_72h=27
gust_max_obs=26
gust_last_obs=26
min_t2m_next_48h=26
t2m_at_t6h=26
tp_at_t48h=26
wind_cos_t=24
pct_developed=24
R_t_mean_72h=23
gust_mean_next_48h=23
pct_water=23
blh_t=22
wind_speed_max_next_6h=22
gust_peak4h_mean_next_48h=22
wind_speed_at_t6h=22
hours_since_obs=22
last_R_t=21
r2_t=21
mcc_t=20
gust_max_last6h_obs=19
temp_c_t=19
wind_speed_max_next_1h=19
gust_gt30_next_48h=19
cumul_gust_since_onset=19
gust_gt30_since_onset=19
gust_mean_next_24h=18
pressure_change_3h=18
hour_sin=18
t2m_t=17
gust_x_hso=17
sdswrf_t=16
pct_agriculture=16
forest_x_customers=16
wind_speed_t=15
wind_speed_max_next_48h=15
rural_urban_code=15
tp_rate_next_24h=15
tp_at_t6h=14
last_D_t=13
soil_moist_x_gust=13
pre_event_max_outage_pct=12
hours_since_peak=12
gust_mean_obs=12
et0_t=12
dewpoint_c_t=12
gust_max_next_48h=12
wind_speed_at_t1h=12
tree_canopy_pct=12
gust_gt30_obs=11
vpd_t=11
min_t2m_next_1h=11
gust_max_next_6h=11
gust_peak4h_mean_next_6h=11
gust_change_3h=11
last_osi=10
last_P_t=10
csnow_t=10
hcc_t=10
direct_rad_t=10
gust_gt30_next_24h=10
pct_forest_classified=10
outage_pct_mean_72h=9
tcc_t=9
gust_mean_next_1h=9
osi_mean_72h=8
lcc_t=8
gust_at_t6h=8
n_utilities=8
tp_rate_next_48h=8
osi_max_72h=7
N_t_max_72h=7
storm_onset_mean_osi=7
total_tp_next_6h=7
osi_std_72h=6
gust_t=6
diffuse_rad_t=6
N_t_mean_72h=5
gust_change_1h=5
wind_change_1h=5
days_since_onset=5
gust_gt30_frac_next_48h=5
outage_pct_max_72h=4
storm_onset_max_osi=4
is_worsening=4
soil_gust_x_phase=4
gust_at_t1h=4
t2m_at_t1h=4
cumul_gust_obs=3
sdwe_t=3
gust_max_next_1h=3
tp_rate_next_6h=3
last_outage_pct=2
gust_x_phase=2
gust_exceed30_x_hso=2
gust_gt40_next_48h=2
tp_at_t1h=2
gust_gt30_frac_next_24h=2
gust_gt40_obs=1
gust_exceed_30=1
gust_gt30_next_6h=1
gust_gt40_next_24h=1
tp_rate_next_1h=1

parameters:
[boosting: gbdt]
[objective: huber]
[metric: rmse]
[tree_learner: serial]
[device_type: cpu]
[data_sample_strategy: bagging]
[data: ]
[valid: ]
[num_iterations: 96]
[learning_rate: 0.05]
[num_leaves: 31]
[num_threads: 1]
[seed: 42]
[deterministic: 1]
[force_col_wise: 1]
[force_row_wise: 0]
[histogram_pool_size: -1]
[max_depth: -1]
[min_data_in_leaf: 50]
[min_sum_hessian_in_leaf: 0.001]
[bagging_fraction: 0.8]
[pos_bagging_fraction: 1]
[neg_bagging_fraction: 1]
[bagging_freq: 5]
[bagging_seed: 42]
[bagging_by_query: 0]
[feature_fraction: 0.8]
[feature_fraction_bynode: 1]
[feature_fraction_seed: 42]
[extra_trees: 0]
[extra_seed: 12879]
[early_stopping_round: 0]
[early_stopping_min_delta: 0]
[first_metric_only: 0]
[max_delta_step: 0]
[lambda_l1: 0.1]
[lambda_l2: 1]
[linear_lambda: 0]
[min_gain_to_split: 0]
[drop_rate: 0.1]
[max_drop: 50]
[skip_drop: 0.5]
[xgboost_dart_mode: 0]
[uniform_drop: 0]
[drop_seed: 42]
[top_rate: 0.2]
[other_rate: 0.1]
[min_data_per_group: 100]
[max_cat_threshold: 32]
[cat_l2: 10]
[cat_smooth: 10]
[max_cat_to_onehot: 4]
[top_k: 20]
[monotone_constraints: ]
[monotone_constraints_method: basic]
[monotone_penalty: 0]
[feature_contri: ]
[forcedsplits_filename: ]
[refit_decay_rate: 0.9]
[cegb_tradeoff: 1]
[cegb_penalty_split: 0]
[cegb_penalty_feature_lazy: ]
[cegb_penalty_feature_coupled: ]
[path_smooth: 0]
[interaction_constraints: ]
[verbosity: -1]
[saved_feature_importance_type: 0]
[use_quantized_grad: 0]
[num_grad_quant_bins: 4]
[quant_train_renew_leaf: 0]
[stochastic_rounding: 1]
[linear_tree: 0]
[max_bin: 255]
[max_bin_by_feature: ]
[min_data_in_bin: 3]
[bin_construct_sample_cnt: 200000]
[data_random_seed: 42]
[is_enable_sparse: 1]
[enable_bundle: 1]
[use_missing: 1]
[zero_as_missing: 0]
[feature_pre_filter: 1]
[pre_partition: 0]
[two_round: 0]
[header: 0]
[label_column: ]
[weight_column: ]
[group_column: ]
[ignore_column: ]
[categorical_feature: ]
[forcedbins_filename: ]
[precise_float_parser: 0]
[parser_config_file: ]
[objective_seed: 16083]
[num_class: 1]
[is_unbalance: 0]
[scale_pos_weight: 1]
[sigmoid: 1]
[boost_from_average: 1]
[reg_sqrt: 0]
[alpha: 0.9]
[fair_c: 1]
[poisson_max_delta_step: 0.7]
[tweedie_variance_power: 1.5]
[lambdarank_truncation_level: 30]
[lambdarank_norm: 1]
[label_gain: ]
[lambdarank_position_bias_regularization: 0]
[eval_at: ]
[multi_error_top_k: 1]
[auc_mu_weights: ]
[num_machines: 1]
[local_listen_port: 12400]
[time_out: 120]
[machine_list_filename: ]
[machines: ]
[gpu_platform_id: -1]
[gpu_device_id: -1]
[gpu_device_id_list: ]
[gpu_use_dp: 0]
[num_gpu: 1]

end of parameters

pandas_categorical:[]
