split_seed,horizon,space,group_type,group,n,rmse,mae,sse,bias,truth_q00,truth_q50,truth_q90,truth_q95,truth_q99,truth_q100,truth_mean,truth_variance,truth_zero_fraction,prediction_q00,prediction_q50,prediction_q90,prediction_q95,prediction_q99,prediction_q100,prediction_mean,prediction_variance,prediction_zero_fraction,negative_fraction,above_one_fraction,underestimated_sse,overestimated_sse,tp,fp,fn,tn,precision,recall,sse_fraction_of_full
20260918,1,model_raw,all,all,34177,0.004306895534776805,0.000933939107082506,0.633961105813437,1.9978636456247603e-05,0.0,0.0,0.000574911,0.002088187,0.011858698559999919,0.243055556,0.0005961351439272024,2.0356924792160774e-05,0.6062849284606607,-0.0021907191122067966,0.00012474908651891753,0.0018233672350738636,0.0031204477877225492,0.007035178012903149,0.028275301947700452,0.0006161137803834501,2.2049828892342945e-06,0.0,0.29075108991426984,0.0,0.5830145091692859,0.050946596644151104,1442.0,4555.0,1165.0,27015.0,0.24045356011339003,0.5531261986958189,1.0
20260918,1,model_raw,common_target,120_215,22944,0.003450178527347144,0.0007435381180110162,0.27311922403829636,5.038789942555889e-05,0.0,0.0,0.000321247,0.001331103,0.008993226079999996,0.20429983,0.0004309970198308926,1.2856811809483623e-05,0.6221670153417015,-0.0021907191122067966,9.086186133379297e-05,0.0014344371876401506,0.002538265838659377,0.005831181531230983,0.022606086171475134,0.0004813849192564515,1.4631099923690589e-06,0.0,0.3195606694560669,0.0,0.24998192565539826,0.023137298382898158,633.0,2544.0,691.0,19076.0,0.19924457034938622,0.4780966767371601,0.43081384888408325
20260918,1,model_raw,target_window,73_76,956,0.013118032094600156,0.0023570182542572374,0.16451112432942153,-0.00032342579639825123,0.0,0.0,0.0008750405,0.004604131,0.037974659650000686,0.243055556,0.001765481563807531,0.0002023379895844553,0.6370292887029289,-0.001497661303895259,0.00032617024607656687,0.0036598028225957747,0.006905415940044379,0.01668110868892282,0.028275301947700452,0.00144205576740928,1.0776989931558021e-05,0.0,0.25418410041841005,0.0,0.15884353350816877,0.005667590821252786,68.0,237.0,25.0,626.0,0.22295081967213115,0.7311827956989247,0.2594971881095717
20260918,1,model_raw,target_window,77_95,4541,0.0035544483636880233,0.0008144330340132376,0.0573714624955352,1.5523323018972614e-05,0.0,0.0,0.000571204,0.001477741,0.007828341,0.101808033,0.00047322181259634434,1.1968761536880923e-05,0.6009689495705791,-0.0013353354920570767,0.00014635837903659345,0.0013222859726602734,0.002111162080089457,0.0048196454418740625,0.015837451701899086,0.0004887451356153171,1.13689300169788e-06,0.0,0.2283637965205902,0.0,0.05226395524984355,0.005107507245691644,100.0,591.0,213.0,3637.0,0.1447178002894356,0.3194888178913738,0.09049681750100701
20260918,1,model_raw,target_window,96_143,11472,0.004666439659862229,0.0015829917468689976,0.249810361185278,2.8204562887870896e-05,0.0,0.0,0.0021381336999999993,0.0052649688499999785,0.020622357989999753,0.106233062,0.0011250934055962345,2.452094413705301e-05,0.5043584379358438,-0.001954538277324837,0.0004545207967106106,0.003258921161909574,0.004759142425014476,0.009311587057842867,0.022606086171475134,0.0011532979684841052,3.834048115473595e-06,0.0,0.17503486750348676,0.0,0.21786997849310125,0.03194038269217682,1143.0,2590.0,576.0,7163.0,0.3061880525046879,0.6649214659685864,0.3940468254195906
20260918,1,model_raw,target_window,144_215,17208,0.003070799450195259,0.00045371371944175043,0.16226815780320197,3.474841726191846e-05,0.0,0.0,0.000127093,0.000429744,0.003361723,0.20429983,0.000210968075255695,9.269559113454903e-06,0.673930729893073,-0.0021907191122067966,3.79329505279093e-05,0.0007437887248558923,0.0014153747539019806,0.0036779453102992366,0.014972004468599113,0.00024571649251761343,5.52821885814444e-07,0.0,0.3863900511390051,0.0,0.1540370419181722,0.008231115885029857,131.0,1137.0,351.0,15589.0,0.10331230283911672,0.2717842323651452,0.2559591689698303
20260918,1,model_raw,candidate_count,1,1195,0.011872154095827116,0.002146645626207957,0.16843291123570214,-0.00025401517336151423,0.0,0.0,0.0008819450000000094,0.00426377429999999,0.0314907141399997,0.243055556,0.0015661241163179918,0.00016528741509141338,0.6234309623430963,-0.001497661303895259,0.0003139733093818318,0.003360485982718473,0.006328824442424679,0.016009374690617962,0.028275301947700452,0.0013121089429564776,9.161823833043275e-06,0.0,0.24769874476987447,0.0,0.1622365027604387,0.006196408475263477,79.0,280.0,38.0,798.0,0.2200557103064067,0.6752136752136753,0.2656833513778191
20260918,1,model_raw,candidate_count,2,4302,0.003524823163388494,0.0007871706962355935,0.053449675589254626,1.5073101031946985e-05,0.0,0.0,0.00055871,0.001455474,0.007652376,0.101808033,0.00045680667294281733,1.172355920499535e-05,0.602742910274291,-0.0013353354920570767,0.00014256528360775318,0.0012845256398660895,0.0020431334063165532,0.00459608102454668,0.015837451701899086,0.00047187977397476424,1.0633473617903103e-06,0.0,0.22873082287308227,0.0,0.04887098599757366,0.004578689591680953,89.0,548.0,200.0,3465.0,0.13971742543171115,0.3079584775086505,0.08431065423275963
20260918,1,model_raw,candidate_count,3,5736,0.004921973029787903,0.0015529721800191815,0.13895929495018375,-4.0897220140738346e-05,0.0,0.0,0.002130512,0.005372811,0.020808116,0.096087999,0.0011591029576359835,2.600195791468683e-05,0.5418410041841004,-0.001954538277324837,0.0003355014013106118,0.0032442340660412163,0.004821689737741096,0.00982493627339914,0.021831108978413345,0.001118205737495245,4.138134277901444e-06,0.0,0.23099721059972106,0.0,0.12192509475587522,0.01703420019430852,641.0,1183.0,236.0,3676.0,0.3514254385964912,0.7309007981755986,0.2191921455053378
20260918,1,model_raw,candidate_count,4,22944,0.003450178527347144,0.0007435381180110162,0.27311922403829636,5.038789942555889e-05,0.0,0.0,0.000321247,0.001331103,0.008993226079999996,0.20429983,0.0004309970198308926,1.2856811809483623e-05,0.6221670153417015,-0.0021907191122067966,9.086186133379297e-05,0.0014344371876401506,0.002538265838659377,0.005831181531230983,0.022606086171475134,0.0004813849192564515,1.4631099923690589e-06,0.0,0.3195606694560669,0.0,0.24998192565539826,0.023137298382898158,633.0,2544.0,691.0,19076.0,0.19924457034938622,0.4780966767371601,0.43081384888408325
20260918,1,model_raw,truth_N,N=0,20721,0.0010177494276355575,0.00044908472444575614,0.02146309976911336,0.0003643823193663758,0.0,0.0,0.0,0.0,0.0,0.0,0.0,0.0,1.0,-0.0021907191122067966,6.622884930946427e-05,0.0011441730118384008,0.002004193912116618,0.004563118253826803,0.020718399163941508,0.0003643823193663758,9.030394227856856e-07,0.0,0.3557260749963805,0.0,0.0003352035426599755,0.021127896226453384,0.0,2360.0,0.0,18361.0,0.0,,0.03385554661365858
20260918,1,model_raw,truth_N,0<N<=1e-4,6747,0.0011726983249541433,0.0005260020487332587,0.00927861852503016,0.0004549498553079066,4.79e-07,2.63e-05,7.63e-05,8.61e-05,9.59e-05,0.0001,3.32849119608715e-05,6.775262433498896e-10,0.0,-0.001955559849289326,0.00012067531675456678,0.0014018274062180223,0.0023781930286459136,0.005528762659306758,0.01176494871585158,0.000488234767268778,1.175722521354486e-06,0.0,0.25033348154735435,0.0,8.277713842797869e-05,0.009195841386602182,0.0,978.0,0.0,5769.0,0.0,,0.014635942867701235
20260918,1,model_raw,truth_N,1e-4<N<=1e-3,4102,0.0017363098615941232,0.0009264017907579989,0.012366594479293851,0.0006260114455262719,0.00010005,0.000271387,0.000750642,0.000861475,0.00096412366,0.000999965,0.0003547329246708923,5.808711429595556e-08,0.0,-0.0015978990927219044,0.00037893125825218363,0.0027691745299892674,0.004130472944219768,0.007489210311598343,0.01583488850206731,0.0009807443701971641,2.6738217522218005e-06,0.0,0.16089712335446124,0.0,0.00034857922431930354,0.012018015254974547,0.0,1217.0,0.0,2885.0,0.0,,0.019506866219223724
20260918,1,model_raw,truth_N,1e-3<N<=1e-2,2181,0.0034080659747171838,0.002481508082843888,0.025332126753582502,-0.001222068943651627,0.00100025,0.002501764,0.006751813,0.008114989,0.009689443,0.00996318,0.0032567292911508485,4.736750444628219e-06,0.0,-0.0009212227099339178,0.001136549360183958,0.005040076518468075,0.007383373390147843,0.012534083178182847,0.028275301947700452,0.0020346603474992214,7.360479116173255e-06,0.0,0.08757450710683173,0.0,0.01673899246380036,0.008593134289782133,1151.0,0.0,1030.0,0.0,1.0,0.5277395690050436,0.03995848723413212
20260918,1,model_raw,truth_N,N>1e-2,426,0.036435055937130444,0.02312804504775392,0.5655206662864171,-0.023097815583644394,0.010016373,0.0178746805,0.0514161375,0.07051154100000001,0.19941366500000002,0.243055556,0.02721008561502347,0.000840960263835791,0.0,-0.0009572144910750877,0.0023644655488996714,0.010638997987009204,0.01515752368792428,0.021812935179243806,0.025111274988958186,0.004112270031379079,2.3777942139407474e-05,0.0,0.06103286384976526,0.0,0.5655089568000782,1.1709486338863227e-05,291.0,0.0,135.0,0.0,1.0,0.6830985915492958,0.8920431570652843
20260918,1,model_raw,P71,p=0,7579,0.004464817303190965,0.0010402316240330312,0.15108428452206973,-6.204545541838273e-06,0.0,0.0,0.000431067,0.00233397,0.017240658020000084,0.101808033,0.000701266208074944,2.259565234517092e-05,0.699960416941549,-0.0016177562276565977,7.609130054033794e-05,0.002074693210168779,0.003927773269440145,0.009173544383243757,0.021831108978413345,0.0006950616625331057,3.4042068504533143e-06,0.0,0.3489906320094999,0.0,0.13554783103775042,0.015536453484319373,363.0,917.0,196.0,6103.0,0.28359375,0.6493738819320215,0.23831790804928502
20260918,1,model_raw,P71,0<p<.01,12441,0.0029115613089768628,0.0007733029577110775,0.10546471153303837,5.096125340128101e-05,0.0,0.0,0.000443131,0.001807618,0.009865176800000054,0.106233062,0.00047239663917691504,9.441641994166966e-06,0.6027650510409132,-0.0018649326194667727,9.021457018003574e-05,0.0015164538418459912,0.002737170872823963,0.006300391054022831,0.022606086171475134,0.000523357892578196,1.7188483362544946e-06,0.0,0.3137207619966241,0.0,0.09088793456713208,0.014576776965906276,439.0,1442.0,407.0,10153.0,0.23338649654439128,0.5189125295508275,0.1663583310804475
20260918,1,model_raw,P71,.01<=p<.1,8723,0.004499272915932477,0.0009157327690716055,0.1765836734225357,5.612478721690037e-05,0.0,0.0,0.0005624334000000008,0.001936235,0.010807831400000044,0.20429983,0.0005515138015590967,2.1448100367746563e-05,0.5767511177347243,-0.0021907191122067966,0.00015844682716852887,0.0018992646576641537,0.00294291477596466,0.005741505532162421,0.028275301947700452,0.000607638588775997,1.914659299760064e-06,0.0,0.27937636134357446,0.0,0.1653440424746488,0.011239630947886966,346.0,1314.0,304.0,6759.0,0.20843373493975903,0.5323076923076923,0.27854023189003174
20260918,1,model_raw,P71,.1<=p<.5,5148,0.006166176628076175,0.0011734802945972628,0.19573588770604203,-8.089527271768873e-05,0.0,0.0,0.0010040731000000014,0.003059386,0.012903628,0.243055556,0.0007967901956099456,4.146338491101088e-05,0.5275835275835276,-0.0014011241781013027,0.00025503920660816914,0.0019525470931596907,0.003070034078985307,0.007032767770235267,0.020718399163941508,0.0007158949228922569,2.0642195154654487e-06,0.0,0.18065268065268064,0.0,0.1867339488637701,0.009001938842271956,262.0,823.0,254.0,3809.0,0.24147465437788018,0.5077519379844961,0.30875062509535633
20260918,1,model_raw,P71,.5<=p<=1,286,0.004219729148895515,0.0013484118396175928,0.005092548629751002,7.936188922751606e-05,0.0,0.0,0.001615003,0.003324513,0.01631725344999946,0.044948775,0.0009419469125874126,2.07843415314264e-05,0.5944055944055944,-0.00023410832600216443,0.00038257257496085537,0.0031509528096798703,0.004250154831809654,0.0065528654911333785,0.007947787694839021,0.0010213088018149288,2.075997082163248e-06,0.0,0.07692307692307693,0.0,0.004500752225984462,0.0005917964037665395,32.0,59.0,4.0,191.0,0.3516483516483517,0.8888888888888888,0.00803290388487909
20260918,1,model_raw,N71,n=0,18876,0.0035114218961690307,0.0008516344899643715,0.23274266054213194,1.4155852339324004e-05,0.0,0.0,0.0004598295,0.002007412,0.011440882500000001,0.106233062,0.0005536188035600764,1.4032940916340155e-05,0.63917143462598,-0.0016770776035438517,9.110633481907281e-05,0.0016281918866211335,0.0030377050068893423,0.0071733550667448685,0.022606086171475134,0.0005677746558994003,2.193294073649925e-06,0.0,0.31887052341597794,0.0,0.20667348619180903,0.02606917435032285,727.0,2148.0,607.0,15394.0,0.2528695652173913,0.5449775112443778,0.367124510333326
20260918,1,model_raw,N71,0<n<=.001,10439,0.0023702952224382867,0.0007082455951239756,0.05864942786996224,0.00010863108124108571,0.0,0.0,0.000498902,0.001605136,0.00898039950000003,0.070544801,0.0004050513653606667,5.506670953873102e-06,0.5633681387106044,-0.0018649326194667727,0.00012588423018161275,0.0014499524134729933,0.0023643057775938553,0.005634712350473726,0.015837451701899086,0.0005136824466017524,1.2851476477024784e-06,0.0,0.26870389884088514,0.0,0.047851408324879594,0.010798019545082626,360.0,1252.0,351.0,8476.0,0.22332506203473945,0.5063291139240507,0.09251265942365505
20260918,1,model_raw,N71,n>.001,4862,0.008393953591153863,0.0017380519256874033,0.34256901740134266,-0.00014775727430431905,0.0,0.0,0.0014469254000000075,0.0042829188999999835,0.02034494527000011,0.243055556,0.0011714666958041959,7.637681085838955e-05,0.5707527766351296,-0.0021907191122067966,0.00035337736078897334,0.0029899529983660592,0.0042911879663138615,0.008491838573425958,0.028275301947700452,0.0010237094214998767,4.027570056651916e-06,0.0,0.22891814068284658,0.0,0.32848961465259713,0.014079402748745631,355.0,1155.0,207.0,3145.0,0.23509933774834438,0.6316725978647687,0.5403628302430187
20260918,1,model_raw,fold,0,6864,0.003140236870238597,0.0009806631938579897,0.06768650529467732,5.7788938011144096e-05,0.0,0.0,0.0007179405999999997,0.0023379429499999944,0.012761246739999977,0.106233062,0.0005806644337121212,1.0718334699355875e-05,0.5961538461538461,-0.0021907191122067966,0.00010457809400437957,0.001942605679069237,0.003374874243462395,0.007535211378170026,0.028275301947700452,0.0006384533717232653,2.77838198250357e-06,0.0,0.3522727272727273,0.0,0.054559968413563524,0.013126536881113796,308.0,1014.0,273.0,5269.0,0.2329803328290469,0.5301204819277109,0.10676759926435644
20260918,1,model_raw,fold,1,6721,0.003137861173435599,0.0009197143260234121,0.0661761270107749,0.00018023692692845593,0.0,0.0,0.000511169,0.002253236,0.009880909,0.101808033,0.0005155196493081387,1.0165917861313911e-05,0.6159797649159351,-0.0018649326194667727,0.000128597040055942,0.00230396151433813,0.0035446886148118363,0.007684582304019151,0.021831108978413345,0.0006957565762365945,2.690332552045159e-06,0.0,0.3481624758220503,0.0,0.05381880457139089,0.012357322439383991,324.0,1013.0,187.0,5197.0,0.2423335826477188,0.6340508806262231,0.10438515297537718
20260918,1,model_raw,fold,2,6864,0.007334258795382434,0.0010477769346771168,0.36922384066095243,-0.000283579239789506,0.0,0.0,0.000467354,0.00194031,0.013843938179999998,0.243055556,0.0008015955925116551,5.868683215800538e-05,0.6166958041958042,-0.0016177562276565977,0.00011330899014082847,0.00147418650222683,0.0025397649357019416,0.0061030204020116885,0.020661357180819562,0.0005180163527221491,1.5795193720624666e-06,0.0,0.19434731934731936,0.0,0.3625606127471528,0.006663227913799764,260.0,720.0,215.0,5669.0,0.2653061224489796,0.5473684210526316,0.582407717563683
20260918,1,model_raw,fold,3,6864,0.003819513256243784,0.0009245683256334877,0.10013670991636536,-8.286179530055092e-05,0.0,0.0,0.000701554,0.0023912584999999935,0.014870778169999998,0.094843939,0.0006751503943764569,1.6929242808700704e-05,0.597027972027972,-0.0006336769157178817,0.00015047949414163613,0.0016816979334792058,0.0027623655932393597,0.00648751485340223,0.0244265017133127,0.0005922885990759059,1.8880662690134065e-06,0.0,0.2925407925407925,0.0,0.09207316519110655,0.00806354472525882,327.0,799.0,246.0,5492.0,0.29040852575488457,0.5706806282722513,0.1579540274602173
20260918,1,model_raw,fold,4,6864,0.0021161605858481397,0.0007966764056151266,0.03073792293066678,0.00023164706681653259,0.0,0.0,0.0005540561999999976,0.0017101780999999798,0.008897254569999997,0.054550048,0.00040606616025641026,4.980797356772797e-06,0.6057692307692307,-0.0014011241781013027,0.0001365992721504376,0.0018114902965276564,0.0031184795684114012,0.006967228720741477,0.025111274988958186,0.0006377132270729428,2.0813585542185695e-06,0.0,0.2676282051282051,0.0,0.02000195824607205,0.010735964684594736,223.0,1009.0,244.0,5388.0,0.1810064935064935,0.47751605995717344,0.04848550273636563
20260918,1,component_clipped,all,all,34177,0.004303162160095523,0.0008992467098105186,0.6328625007966168,5.467103372823518e-05,0.0,0.0,0.000574911,0.002088187,0.011858698559999919,0.243055556,0.0005961351439272024,2.0356924792160774e-05,0.6062849284606607,0.0,0.00012474908651891753,0.0018233672350738636,0.0031204477877225492,0.007035178012903149,0.028275301947700452,0.0006508061776554376,2.147525895381633e-06,0.29075108991426984,0.0,0.0,0.5819159041524656,0.050946596644151104,1442.0,4555.0,1165.0,27015.0,0.24045356011339003,0.5531261986958189,1.0
20260918,1,component_clipped,common_target,120_215,22944,0.003446424799779193,0.0007073902249683278,0.2725252504538302,8.65357924682471e-05,0.0,0.0,0.000321247,0.001331103,0.008993226079999996,0.20429983,0.0004309970198308926,1.2856811809483623e-05,0.6221670153417015,0.0,9.086186133379297e-05,0.0014344371876401506,0.002538265838659377,0.005831181531230983,0.022606086171475134,0.0005175328122991398,1.413375999683121e-06,0.3195606694560669,0.0,0.0,0.24938795207093215,0.023137298382898158,633.0,2544.0,691.0,19076.0,0.19924457034938622,0.4780966767371601,0.4306231608142188
20260918,1,component_clipped,target_window,73_76,956,0.013116839170408153,0.0023035207369575023,0.1644812051501701,-0.0002699282790985156,0.0,0.0,0.0008750405,0.004604131,0.037974659650000686,0.243055556,0.001765481563807531,0.0002023379895844553,0.6370292887029289,0.0,0.00032617024607656687,0.0036598028225957747,0.006905415940044379,0.01668110868892282,0.028275301947700452,0.0014955532847090159,1.0591440614036102e-05,0.25418410041841005,0.0,0.0,0.1588136143289173,0.005667590821252786,68.0,237.0,25.0,626.0,0.22295081967213115,0.7311827956989247,0.2599003811145851
20260918,1,component_clipped,target_window,77_95,4541,0.003546898137057129,0.0007889224505446432,0.057127988718148025,4.103390648756705e-05,0.0,0.0,0.000571204,0.001477741,0.007828341,0.101808033,0.00047322181259634434,1.1968761536880923e-05,0.6009689495705791,0.0,0.00014635837903659345,0.0013222859726602734,0.002111162080089457,0.0048196454418740625,0.015837451701899086,0.0005142557190839115,1.1022839318187798e-06,0.2283637965205902,0.0,0.0,0.05202048147245637,0.005107507245691644,100.0,591.0,213.0,3637.0,0.1447178002894356,0.3194888178913738,0.09026919535639744
20260918,1,component_clipped,target_window,96_143,11472,0.004662214216819745,0.001552985122448767,0.2493581613811372,5.821118730810123e-05,0.0,0.0,0.0021381336999999993,0.0052649688499999785,0.020622357989999753,0.106233062,0.0011250934055962345,2.452094413705301e-05,0.5043584379358438,0.0,0.0004545207967106106,0.003258921161909574,0.004759142425014476,0.009311587057842867,0.022606086171475134,0.0011833045929043355,3.7502035013892874e-06,0.17503486750348676,0.0,0.0,0.21741777868896034,0.03194038269217682,1143.0,2590.0,576.0,7163.0,0.3061880525046879,0.6649214659685864,0.3940163322479325
20260918,1,component_clipped,target_window,144_215,17208,0.0030672679352190084,0.000414519223849793,0.16189514554716142,7.394291285387585e-05,0.0,0.0,0.000127093,0.000429744,0.003361723,0.20429983,0.000210968075255695,9.269559113454903e-06,0.673930729893073,0.0,3.79329505279093e-05,0.0007437887248558923,0.0014153747539019806,0.0036779453102992366,0.014972004468599113,0.00028491098810957087,5.183150657957351e-07,0.3863900511390051,0.0,0.0,0.1536640296621316,0.008231115885029857,131.0,1137.0,351.0,15589.0,0.10331230283911672,0.2717842323651452,0.25581409128108495
20260918,1,component_clipped,candidate_count,1,1195,0.011870765101369252,0.0020954448916860194,0.16839350158980393,-0.00020281443883957636,0.0,0.0,0.0008819450000000094,0.00426377429999999,0.0314907141399997,0.243055556,0.0015661241163179918,0.00016528741509141338,0.6234309623430963,0.0,0.0003139733093818318,0.003360485982718473,0.006328824442424679,0.016009374690617962,0.028275301947700452,0.0013633096774784154,8.998158197291058e-06,0.24769874476987447,0.0,0.0,0.16219709311454045,0.006196408475263477,79.0,280.0,38.0,798.0,0.2200557103064067,0.6752136752136753,0.2660822870336579
20260918,1,component_clipped,candidate_count,2,4302,0.0035170995020242916,0.0007625769472082298,0.05321569227851423,3.9666850059310725e-05,0.0,0.0,0.00055871,0.001455474,0.007652376,0.101808033,0.00045680667294281733,1.172355920499535e-05,0.602742910274291,0.0,0.00014256528360775318,0.0012845256398660895,0.0020431334063165532,0.00459608102454668,0.015837451701899086,0.0004964735230021279,1.0311106102872913e-06,0.22873082287308227,0.0,0.0,0.048637002686833256,0.004578689591680953,89.0,548.0,200.0,3465.0,0.13971742543171115,0.3079584775086505,0.08408728943732467
20260918,1,component_clipped,candidate_count,3,5736,0.004917876062302517,0.0015199670165736015,0.13872805647446834,-7.892056695158376e-06,0.0,0.0,0.002130512,0.005372811,0.020808116,0.096087999,0.0011591029576359835,2.600195791468683e-05,0.5418410041841004,0.0,0.0003355014013106118,0.0032442340660412163,0.004821689737741096,0.00982493627339914,0.021831108978413345,0.001151210900940825,4.049143148376992e-06,0.23099721059972106,0.0,0.0,0.1216938562801598,0.01703420019430852,641.0,1183.0,236.0,3676.0,0.3514254385964912,0.7309007981755986,0.21920726271479848
20260918,1,component_clipped,candidate_count,4,22944,0.003446424799779193,0.0007073902249683278,0.2725252504538302,8.65357924682471e-05,0.0,0.0,0.000321247,0.001331103,0.008993226079999996,0.20429983,0.0004309970198308926,1.2856811809483623e-05,0.6221670153417015,0.0,9.086186133379297e-05,0.0014344371876401506,0.002538265838659377,0.005831181531230983,0.022606086171475134,0.0005175328122991398,1.413375999683121e-06,0.3195606694560669,0.0,0.0,0.24938795207093215,0.023137298382898158,633.0,2544.0,691.0,19076.0,0.19924457034938622,0.4780966767371601,0.4306231608142188
20260918,1,component_clipped,truth_N,N=0,20721,0.001009770717064112,0.000406733521906066,0.02112789622645338,0.000406733521906066,0.0,0.0,0.0,0.0,0.0,0.0,0.0,0.0,1.0,0.0,6.622884930946427e-05,0.0011441730118384008,0.002004193912116618,0.004563118253826803,0.020718399163941508,0.000406733521906066,8.542047431980586e-07,0.3557260749963805,0.0,0.0,0.0,0.021127896226453384,0.0,2360.0,0.0,18361.0,0.0,,0.03338465496037228
20260918,1,component_clipped,truth_N,0<N<=1e-4,6747,0.0011676512565666221,0.0004998111303518072,0.009198923606119996,0.0004811407736893581,4.79e-07,2.63e-05,7.63e-05,8.61e-05,9.59e-05,0.0001,3.32849119608715e-05,6.775262433498896e-10,0.0,0.0,0.00012067531675456678,0.0014018274062180223,0.0023781930286459136,0.005528762659306758,0.01176494871585158,0.0005144256856502295,1.139522060768569e-06,0.25033348154735435,0.0,0.0,3.082219517813899e-06,0.009195841386602182,0.0,978.0,0.0,5769.0,0.0,,0.01453542214073489
20260918,1,component_clipped,truth_N,1e-4<N<=1e-3,4102,0.001728568714620466,0.0009027901903500609,0.012256570084377392,0.0006496230459342098,0.00010005,0.000271387,0.000750642,0.000861475,0.00096412366,0.000999965,0.0003547329246708923,5.808711429595556e-08,0.0,0.0,0.00037893125825218363,0.0027691745299892674,0.004130472944219768,0.007489210311598343,0.01583488850206731,0.001004355970605102,2.6156808909062174e-06,0.16089712335446124,0.0,0.0,0.00023855482940284792,0.012018015254974547,0.0,1217.0,0.0,2885.0,0.0,,0.019366876800172884
20260918,1,component_clipped,truth_N,1e-3<N<=1e-2,2181,0.0033956808985456115,0.0024685031815819326,0.025148344955914368,-0.001209064042389672,0.00100025,0.002501764,0.006751813,0.008114989,0.009689443,0.00996318,0.0032567292911508485,4.736750444628219e-06,0.0,0.0,0.001136549360183958,0.005040076518468075,0.007383373390147843,0.012534083178182847,0.028275301947700452,0.002047665248761176,7.302889011995086e-06,0.08757450710683173,0.0,0.0,0.016555210666132233,0.008593134289782133,1151.0,0.0,1030.0,0.0,1.0,0.5277395690050436,0.039737454698704454
20260918,1,component_clipped,truth_N,N>1e-2,426,0.03642249362790163,0.023113504688846737,0.5651307659237518,-0.023083275224737212,0.010016373,0.0178746805,0.0514161375,0.07051154100000001,0.19941366500000002,0.243055556,0.02721008561502347,0.000840960263835791,0.0,0.0,0.0023644655488996714,0.010638997987009204,0.01515752368792428,0.021812935179243806,0.025111274988958186,0.004126810390286263,2.365055124249805e-05,0.06103286384976526,0.0,0.0,0.5651190564374128,1.1709486338863227e-05,291.0,0.0,135.0,0.0,1.0,0.6830985915492958,0.8929755914000157
20260918,1,component_clipped,P71,p=0,7579,0.004459390821491395,0.0010020322273729034,0.15071725589441803,3.1994851118289507e-05,0.0,0.0,0.000431067,0.00233397,0.017240658020000084,0.101808033,0.000701266208074944,2.259565234517092e-05,0.699960416941549,0.0,7.609130054033794e-05,0.002074693210168779,0.003927773269440145,0.009173544383243757,0.021831108978413345,0.0007332610591932335,3.3376511050259398e-06,0.3489906320094999,0.0,0.0,0.13518080241009867,0.015536453484319373,363.0,917.0,196.0,6103.0,0.28359375,0.6493738819320215,0.2381516612292598
20260918,1,component_clipped,P71,0<p<.01,12441,0.0029068241400701505,0.0007406112015945017,0.10512180429788576,8.365300951785679e-05,0.0,0.0,0.000443131,0.001807618,0.009865176800000054,0.106233062,0.00047239663917691504,9.441641994166966e-06,0.6027650510409132,0.0,9.021457018003574e-05,0.0015164538418459912,0.002737170872823963,0.006300391054022831,0.022606086171475134,0.0005560496486947719,1.6735554481749137e-06,0.3137207619966241,0.0,0.0,0.0905450273319795,0.014576776965906276,439.0,1442.0,407.0,10153.0,0.23338649654439128,0.5189125295508275,0.1661052822146414
20260918,1,component_clipped,P71,.01<=p<.1,8723,0.004495385955950175,0.0008744787572245578,0.17627870095123838,9.737879906394788e-05,0.0,0.0,0.0005624334000000008,0.001936235,0.010807831400000044,0.20429983,0.0005515138015590967,2.1448100367746563e-05,0.5767511177347243,0.0,0.00015844682716852887,0.0018992646576641537,0.00294291477596466,0.005741505532162421,0.028275301947700452,0.0006488926006230446,1.8400874378638057e-06,0.27937636134357446,0.0,0.0,0.16503907000335144,0.011239630947886966,346.0,1314.0,304.0,6759.0,0.20843373493975903,0.5323076923076923,0.27854186451140217
20260918,1,component_clipped,P71,.1<=p<.5,5148,0.006164865560582651,0.0011487573923821249,0.19565266087253877,-5.617237050255074e-05,0.0,0.0,0.0010040731000000014,0.003059386,0.012903628,0.243055556,0.0007967901956099456,4.146338491101088e-05,0.5275835275835276,0.0,0.00025503920660816914,0.0019525470931596907,0.003070034078985307,0.007032767770235267,0.020718399163941508,0.0007406178251073949,2.0189903861584207e-06,0.18065268065268064,0.0,0.0,0.18665072203026684,0.009001938842271956,262.0,823.0,254.0,3809.0,0.24147465437788018,0.5077519379844961,0.30915508601988684
20260918,1,component_clipped,P71,.5<=p<=1,286,0.0042195344838755295,0.0013403053693869448,0.005092078780535812,8.746835945816421e-05,0.0,0.0,0.001615003,0.003324513,0.01631725344999946,0.044948775,0.0009419469125874126,2.07843415314264e-05,0.5944055944055944,0.0,0.00038257257496085537,0.0031509528096798703,0.004250154831809654,0.0065528654911333785,0.007947787694839021,0.001029415272045577,2.058041317802842e-06,0.07692307692307693,0.0,0.0,0.0045002823767692724,0.0005917964037665395,32.0,59.0,4.0,191.0,0.3516483516483517,0.8888888888888888,0.008046106024809731
20260918,1,component_clipped,N71,n=0,18876,0.0035066493596601542,0.000819554140371732,0.23211042777377547,4.623620193196347e-05,0.0,0.0,0.0004598295,0.002007412,0.011440882500000001,0.106233062,0.0005536188035600764,1.4032940916340155e-05,0.63917143462598,0.0,9.110633481907281e-05,0.0016281918866211335,0.0030377050068893423,0.0071733550667448685,0.022606086171475134,0.0005998550054920398,2.146401596602568e-06,0.31887052341597794,0.0,0.0,0.2060412534234526,0.02606917435032285,727.0,2148.0,607.0,15394.0,0.2528695652173913,0.5449775112443778,0.3667628078478438
20260918,1,component_clipped,N71,0<n<=.001,10439,0.0023672159035961816,0.0006831801956405597,0.05849714053031765,0.00013369648072450167,0.0,0.0,0.000498902,0.001605136,0.00898039950000003,0.070544801,0.0004050513653606667,5.506670953873102e-06,0.5633681387106044,0.0,0.00012588423018161275,0.0014499524134729933,0.0023643057775938553,0.005634712350473726,0.015837451701899086,0.0005387478460851684,1.2524234999393988e-06,0.26870389884088514,0.0,0.0,0.04769912098523502,0.010798019545082626,360.0,1252.0,351.0,8476.0,0.22332506203473945,0.5063291139240507,0.09243262234163704
20260918,1,component_clipped,N71,n>.001,4862,0.008390104704372523,0.0016725489068789544,0.34225493249252364,-8.225425549587035e-05,0.0,0.0,0.0014469254000000075,0.0042829188999999835,0.02034494527000011,0.243055556,0.0011714666958041959,7.637681085838955e-05,0.5707527766351296,0.0,0.00035337736078897334,0.0029899529983660592,0.0042911879663138615,0.008491838573425958,0.028275301947700452,0.0010892124403083254,3.844488824341833e-06,0.22891814068284658,0.0,0.0,0.328175529743778,0.014079402748745631,355.0,1155.0,207.0,3145.0,0.23509933774834438,0.6316725978647687,0.5408045698105192
20260918,1,component_clipped,fold,0,6864,0.0031310967032432257,0.0009202687508609718,0.06729305370257595,0.00011818338100816187,0.0,0.0,0.0007179405999999997,0.0023379429499999944,0.012761246739999977,0.106233062,0.0005806644337121212,1.0718334699355875e-05,0.5961538461538461,0.0,0.00010457809400437957,0.001942605679069237,0.003374874243462395,0.007535211378170026,0.028275301947700452,0.000698847814720283,2.662612391513356e-06,0.3522727272727273,0.0,0.0,0.05416651682146214,0.013126536881113796,308.0,1014.0,273.0,5269.0,0.2329803328290469,0.5301204819277109,0.10633123880443335
20260918,1,component_clipped,fold,1,6721,0.0031299347117722805,0.0008708274708308393,0.0658422180270112,0.00022912378212102877,0.0,0.0,0.000511169,0.002253236,0.009880909,0.101808033,0.0005155196493081387,1.0165917861313911e-05,0.6159797649159351,0.0,0.000128597040055942,0.00230396151433813,0.0035446886148118363,0.007684582304019151,0.021831108978413345,0.0007446434314291675,2.60512663372706e-06,0.3481624758220503,0.0,0.0,0.053484895587627194,0.012357322439383991,324.0,1013.0,187.0,5197.0,0.2423335826477188,0.6340508806262231,0.10403874134449774
20260918,1,component_clipped,fold,2,6864,0.007331781281122665,0.0010252933588597289,0.3689744350009708,-0.0002610956639721182,0.0,0.0,0.000467354,0.00194031,0.013843938179999998,0.243055556,0.0008015955925116551,5.868683215800538e-05,0.6166958041958042,0.0,0.00011330899014082847,0.00147418650222683,0.0025397649357019416,0.0061030204020116885,0.020661357180819562,0.0005404999285395368,1.5471269010269126e-06,0.19434731934731936,0.0,0.0,0.3623112070871711,0.006663227913799764,260.0,720.0,215.0,5669.0,0.2653061224489796,0.5473684210526316,0.5830246452215507
20260918,1,component_clipped,fold,3,6864,0.003818491358184286,0.000904633774343259,0.1000831345973527,-6.292724401032206e-05,0.0,0.0,0.000701554,0.0023912584999999935,0.014870778169999998,0.094843939,0.0006751503943764569,1.6929242808700704e-05,0.597027972027972,0.0,0.00015047949414163613,0.0016816979334792058,0.0027623655932393597,0.00648751485340223,0.0244265017133127,0.0006122231503661348,1.86122846819646e-06,0.2925407925407925,0.0,0.0,0.09201958987209387,0.00806354472525882,327.0,799.0,246.0,5492.0,0.29040852575488457,0.5706806282722513,0.1581435690554787
20260918,1,component_clipped,fold,4,6864,0.002113809471555463,0.0007746181266790503,0.030669659468705982,0.00025370534575260874,0.0,0.0,0.0005540561999999976,0.0017101780999999798,0.008897254569999997,0.054550048,0.00040606616025641026,4.980797356772797e-06,0.6057692307692307,0.0,0.0001365992721504376,0.0018114902965276564,0.0031184795684114012,0.006967228720741477,0.025111274988958186,0.0006597715060090189,2.04640195283334e-06,0.2676282051282051,0.0,0.0,0.019933694784111253,0.010735964684594736,223.0,1009.0,244.0,5388.0,0.1810064935064935,0.47751605995717344,0.048461805574039375
20260918,1,aligned,all,all,34177,0.0042759134995518176,0.000867116495147889,0.6248730009093317,2.1293954239393558e-05,0.0,0.0,0.000574911,0.002088187,0.011858698559999919,0.243055556,0.0005961351439272024,2.0356924792160774e-05,0.6062849284606607,0.0,0.00019705054823256212,0.0016015822165020596,0.002603525097439011,0.005632020083162123,0.028275301947700452,0.000617429098166596,1.5150620653665756e-06,0.02188606372706791,0.0,0.0,0.5901029788623688,0.03477002204696299,1522.0,4224.0,1085.0,27346.0,0.26487991646362685,0.5838128116609129,1.0
20260918,1,aligned,common_target,120_215,22944,0.003423885992754219,0.0006713701642757159,0.26897240396538935,4.8912497949321576e-05,0.0,0.0,0.000321247,0.001331103,0.008993226079999996,0.20429983,0.0004309970198308926,1.2856811809483623e-05,0.6221670153417015,0.0,0.00016630821578831652,0.0012104260985852271,0.0020228016909018182,0.004545336128348486,0.018200190708884623,0.00047990951778021415,8.725172212171678e-07,0.008193863319386332,0.0,0.0,0.2550420484119803,0.013930355553409015,670.0,2170.0,654.0,19450.0,0.23591549295774647,0.5060422960725075,0.4304433117993154
20260918,1,aligned,target_window,73_76,956,0.013116839170408153,0.0023035207369575023,0.1644812051501701,-0.0002699282790985156,0.0,0.0,0.0008750405,0.004604131,0.037974659650000686,0.243055556,0.001765481563807531,0.0002023379895844553,0.6370292887029289,0.0,0.00032617024607656687,0.0036598028225957747,0.006905415940044379,0.01668110868892282,0.028275301947700452,0.0014955532847090159,1.0591440614036102e-05,0.25418410041841005,0.0,0.0,0.1588136143289173,0.005667590821252786,68.0,237.0,25.0,626.0,0.22295081967213115,0.7311827956989247,0.2632234148551989
20260918,1,aligned,target_window,77_95,4541,0.0034875631211090056,0.0007582472011437796,0.05523262131421065,1.6754193828723345e-05,0.0,0.0,0.000571204,0.001477741,0.007828341,0.101808033,0.00047322181259634434,1.1968761536880923e-05,0.6009689495705791,0.0,0.00019743571981955963,0.001195206444286587,0.0018039246877437475,0.004059170149647913,0.011490099151736391,0.0004899760064250679,6.893533971168742e-07,0.040299493503633564,0.0,0.0,0.051921186412153555,0.0033114349020570972,94.0,519.0,219.0,3709.0,0.1533442088091354,0.3003194888178914,0.08839015485360174
20260918,1,aligned,target_window,96_143,11472,0.004634325830210776,0.001504640276827857,0.2463838675312105,-2.9181234736889834e-06,0.0,0.0,0.0021381336999999993,0.0052649688499999785,0.020622357989999753,0.106233062,0.0011250934055962345,2.452094413705301e-05,0.5043584379358438,0.0,0.0005813432673682074,0.0027347485162486744,0.004000398311741861,0.0076227482701270565,0.019500817261062432,0.0011221752821225452,2.4279404941792794e-06,0.012203626220362623,0.0,0.0,0.22516920672341192,0.02121466080779856,1238.0,2705.0,481.0,7048.0,0.3139741313720517,0.7201861547411286,0.39429430807966764
20260918,1,aligned,target_window,144_215,17208,0.0030375699079540283,0.0003910298020673495,0.1587753069137405,5.48123446752593e-05,0.0,0.0,0.000127093,0.000429744,0.003361723,0.20429983,0.000210968075255695,9.269559113454903e-06,0.673930729893073,0.0,0.00010077459614934715,0.0006376091026201002,0.0010302077950386473,0.002748007171335933,0.008651074912762978,0.00026578041993095434,2.7950024411905966e-07,0.010576476057647605,0.0,0.0,0.15419897139788602,0.004576335515854544,122.0,763.0,360.0,15963.0,0.13785310734463277,0.25311203319502074,0.25409212221153177
20260918,1,aligned,candidate_count,1,1195,0.011870765101369252,0.0020954448916860194,0.16839350158980393,-0.00020281443883957636,0.0,0.0,0.0008819450000000094,0.00426377429999999,0.0314907141399997,0.243055556,0.0015661241163179918,0.00016528741509141338,0.6234309623430963,0.0,0.0003139733093818318,0.003360485982718473,0.006328824442424679,0.016009374690617962,0.028275301947700452,0.0013633096774784154,8.998158197291058e-06,0.24769874476987447,0.0,0.0,0.16219709311454045,0.006196408475263477,79.0,280.0,38.0,798.0,0.2200557103064067,0.6752136752136753,0.26948436137383636
20260918,1,aligned,candidate_count,2,4302,0.003453897900928234,0.0007301975172850958,0.05132032487457684,1.4038264474975682e-05,0.0,0.0,0.00055871,0.001455474,0.007652376,0.101808033,0.00045680667294281733,1.172355920499535e-05,0.602742910274291,0.0,0.0001952883757052004,0.001165882936964341,0.0017159231608285595,0.003420147018804371,0.011490099151736391,0.000470844937417793,5.942934555506367e-07,0.030218503021850304,0.0,0.0,0.048537707626530445,0.0027826172480464066,83.0,476.0,206.0,3537.0,0.148479427549195,0.28719723183391005,0.0821292083349643
20260918,1,aligned,candidate_count,3,5736,0.004872623879669653,0.0014968893027548986,0.13618677047956176,-3.704920471888636e-05,0.0,0.0,0.002130512,0.005372811,0.020808116,0.096087999,0.0011591029576359835,2.600195791468683e-05,0.5418410041841004,0.0,0.0004813802403792226,0.002916353617947769,0.004138781438912467,0.007974690730523967,0.019500817261062432,0.001122053752917097,2.7545280528572263e-06,0.023361227336122732,0.0,0.0,0.12432612970931761,0.011860640770244086,690.0,1298.0,187.0,3561.0,0.3470824949698189,0.7867730900798175,0.21794311849188422
20260918,1,aligned,candidate_count,4,22944,0.003423885992754219,0.0006713701642757159,0.26897240396538935,4.8912497949321576e-05,0.0,0.0,0.000321247,0.001331103,0.008993226079999996,0.20429983,0.0004309970198308926,1.2856811809483623e-05,0.6221670153417015,0.0,0.00016630821578831652,0.0012104260985852271,0.0020228016909018182,0.004545336128348486,0.018200190708884623,0.00047990951778021415,8.725172212171678e-07,0.008193863319386332,0.0,0.0,0.2550420484119803,0.013930355553409015,670.0,2170.0,654.0,19450.0,0.23591549295774647,0.5060422960725075,0.4304433117993154
20260918,1,aligned,truth_N,N=0,20721,0.0008361219223989753,0.0003964610143279338,0.014486048387955912,0.0003964610143279338,0.0,0.0,0.0,0.0,0.0,0.0,0.0,0.0,1.0,0.0,0.00013872615672900522,0.001029098061448542,0.0016914055632916661,0.003522339322380848,0.020718399163941508,0.0003964610143279338,5.41918533234224e-07,0.030355677814777278,0.0,0.0,0.0,0.014486048387955912,0.0,2134.0,0.0,18587.0,0.0,,0.023182388048252095
20260918,1,aligned,truth_N,0<N<=1e-4,6747,0.0009393494947093941,0.00045720093267973195,0.005953400811753229,0.0004524235103867629,4.79e-07,2.63e-05,7.63e-05,8.61e-05,9.59e-05,0.0001,3.32849119608715e-05,6.775262433498896e-10,0.0,0.0,0.00019192307542540077,0.0012267724285745356,0.0019260557356390582,0.004293643201510407,0.010354380534358332,0.00048570842234763446,6.847316378785506e-07,0.011412479620572106,0.0,0.0,6.602609711748021e-07,0.005952740550782054,0.0,864.0,0.0,5883.0,0.0,,0.009527377248000285
20260918,1,aligned,truth_N,1e-4<N<=1e-3,4102,0.001453055857413938,0.0007883970319981474,0.008660845174185843,0.0005931528254419098,0.00010005,0.000271387,0.000750642,0.000861475,0.00096412366,0.000999965,0.0003547329246708923,5.808711429595556e-08,0.0,0.0,0.00047116145845823405,0.0024390190413933668,0.0034558523232092286,0.006554052587281888,0.01572126059505196,0.0009478857501128021,1.791692535355527e-06,0.007557289127254997,0.0,0.0,0.00017427049853044031,0.008486574675655402,0.0,1226.0,0.0,2876.0,0.0,,0.013860168644800386
20260918,1,aligned,truth_N,1e-3<N<=1e-2,2181,0.0031913046857714213,0.0023263458950101945,0.022212232227987475,-0.0013557418295823177,0.00100025,0.002501764,0.006751813,0.008114989,0.009689443,0.00996318,0.0032567292911508485,4.736750444628219e-06,0.0,0.0,0.0012333185013327715,0.004321879602076577,0.006208052224318791,0.01044824901529786,0.028275301947700452,0.0019009874615685308,5.392967808972509e-06,0.004585052728106373,0.0,0.0,0.016395045182942,0.005817187045045478,1215.0,0.0,966.0,0.0,1.0,0.5570839064649243,0.03554679462172897
20260918,1,aligned,truth_N,N>1e-2,426,0.036693134097860736,0.023539605778677225,0.5735604743074494,-0.02351184645087449,0.010016373,0.0178746805,0.0514161375,0.07051154100000001,0.19941366500000002,0.243055556,0.02721008561502347,0.000840960263835791,0.0,0.0,0.002038442186091831,0.009455826712813649,0.013220846872786232,0.019281537787615363,0.025111274988958186,0.003698239164148988,1.7855362761523404e-05,0.002347417840375587,0.0,0.0,0.5735330029199253,2.747138752414038e-05,307.0,0.0,119.0,0.0,1.0,0.7206572769953051,0.9178832714372185
20260918,1,aligned,P71,p=0,7579,0.004435940188932379,0.0009832807774720648,0.14913626786181378,4.7934961016808545e-06,0.0,0.0,0.000431067,0.00233397,0.017240658020000084,0.101808033,0.000701266208074944,2.259565234517092e-05,0.699960416941549,0.0,0.00016695680980613527,0.0019223769677027,0.0034778496453146657,0.007847439478714784,0.019500817261062432,0.0007060597041766249,2.4196531694746613e-06,0.03377754321150547,0.0,0.0,0.13812940616274516,0.011006861699068605,376.0,886.0,183.0,6134.0,0.2979397781299525,0.6726296958855098,0.23866652526959356
20260918,1,aligned,P71,0<p<.01,12441,0.0029032640935091566,0.0007134196071869462,0.10486447235684138,5.388608278584532e-05,0.0,0.0,0.000443131,0.001807618,0.009865176800000054,0.106233062,0.00047239663917691504,9.441641994166966e-06,0.6027650510409132,0.0,0.000159603748196793,0.0014127013677417127,0.0023096122657886176,0.005317519275649212,0.016006825734094447,0.0005262827219627604,1.0909137752597116e-06,0.027168234064785787,0.0,0.0,0.09521841092664146,0.009646061430199922,482.0,1270.0,364.0,10325.0,0.2751141552511416,0.5697399527186762,0.16781725599320152
20260918,1,aligned,P71,.01<=p<.1,8723,0.004453364205689896,0.0008434519774265678,0.17299848532533987,7.751497065226685e-05,0.0,0.0,0.0005624334000000008,0.001936235,0.010807831400000044,0.20429983,0.0005515138015590967,2.1448100367746563e-05,0.5767511177347243,0.0,0.00023697857484966163,0.0016260185462993635,0.0024864251461213017,0.004682018317111027,0.028275301947700452,0.0006290287722113635,1.4104212058790682e-06,0.01238106156138943,0.0,0.0,0.16511570733660585,0.007882777988734041,377.0,1257.0,273.0,6816.0,0.2307221542227662,0.58,0.27685383281656895
20260918,1,aligned,P71,.1<=p<.5,5148,0.006114432561209539,0.0010821720874516977,0.192464597988643,-0.00012560784724057058,0.0,0.0,0.0010040731000000014,0.003059386,0.012903628,0.243055556,0.0007967901956099456,4.146338491101088e-05,0.5275835275835276,0.0,0.00031074051904106143,0.0016358659928308221,0.0024478549205718303,0.004794023238620135,0.020718399163941508,0.0006711823483693751,1.3493818963483539e-06,0.008935508935508936,0.0,0.0,0.186708158069968,0.00575643991867506,258.0,758.0,258.0,3874.0,0.25393700787401574,0.5,0.30800594314134777
20260918,1,aligned,P71,.5<=p<=1,286,0.004348931778128628,0.0013253447688899678,0.005409177376693668,-2.9710070835151945e-05,0.0,0.0,0.001615003,0.003324513,0.01631725344999946,0.044948775,0.0009419469125874126,2.07843415314264e-05,0.5944055944055944,2.42163748503405e-05,0.0003719398705388604,0.00252624683151621,0.0033964558595826963,0.00609633172343244,0.007179068348785171,0.0009122368417522605,1.4550618365182655e-06,0.0,0.0,0.0,0.00493129636640831,0.0004778810102853599,29.0,53.0,7.0,197.0,0.35365853658536583,0.8055555555555556,0.008656442779288094
20260918,1,aligned,N71,n=0,18876,0.0034970653860530933,0.0007998004313687963,0.2308434061493058,2.173245391798884e-05,0.0,0.0,0.0004598295,0.002007412,0.011440882500000001,0.106233062,0.0005536188035600764,1.4032940916340155e-05,0.63917143462598,0.0,0.0001618322079405819,0.0015050922752591054,0.0025529677801439782,0.006082247112948693,0.019500817261062432,0.0005753512574780651,1.4860507928992308e-06,0.02866073320618775,0.0,0.0,0.21283453000111385,0.018008876148191917,783.0,2036.0,551.0,15506.0,0.27775807023767296,0.5869565217391305,0.3694245163631272
20260918,1,aligned,N71,0<n<=.001,10439,0.002312003505250229,0.0006509525026495703,0.05580021521433248,0.00010695069040998002,0.0,0.0,0.000498902,0.001605136,0.00898039950000003,0.070544801,0.0004050513653606667,5.506670953873102e-06,0.5633681387106044,0.0,0.00018428897171248238,0.0013446518985979206,0.0020693062091793695,0.004500997653278774,0.01572126059505196,0.0005120020557706467,8.452324859350169e-07,0.01676405785994827,0.0,0.0,0.04859316136699522,0.007207053847337265,374.0,1101.0,337.0,8627.0,0.2535593220338983,0.5260196905766527,0.08929848966610901
20260918,1,aligned,N71,n>.001,4862,0.008340617159425405,0.0015925780207719322,0.3382293795456936,-0.00016431850746729434,0.0,0.0,0.0014469254000000075,0.0042829188999999835,0.02034494527000011,0.243055556,0.0011714666958041959,7.637681085838955e-05,0.5707527766351296,0.0,0.0005134606181008388,0.002441312972054241,0.0034911784215835282,0.006426799542205786,0.028275301947700452,0.0010071481883369014,2.8832384636009907e-06,0.00658165364047717,0.0,0.0,0.3286752874942598,0.009554092051433807,365.0,1087.0,197.0,3213.0,0.2513774104683196,0.6494661921708185,0.541276993970764
20260918,1,aligned,fold,0,6864,0.003092964931365724,0.0008600194541704758,0.06566398970554169,4.4964776357772745e-05,0.0,0.0,0.0007179405999999997,0.0023379429499999944,0.012761246739999977,0.106233062,0.0005806644337121212,1.0718334699355875e-05,0.5961538461538461,0.0,0.0002077506345848302,0.0016210649498788262,0.002604217239196889,0.005456494021315797,0.028275301947700452,0.000625629210069894,1.5857805472039911e-06,0.009761072261072262,0.0,0.0,0.05794831257306092,0.007715677132480791,319.0,831.0,262.0,5452.0,0.2773913043478261,0.5490533562822719,0.10508373639121184
20260918,1,aligned,fold,1,6721,0.003055915509922797,0.0008153482003009178,0.06276486235705046,0.0001631517514403887,0.0,0.0,0.000511169,0.002253236,0.009880909,0.101808033,0.0005155196493081387,1.0165917861313911e-05,0.6159797649159351,0.0,0.00023552449954135327,0.0018066858907200359,0.0029145562977710804,0.00586531392071372,0.020718399163941508,0.0006786714007485273,1.6724052207216828e-06,0.04344591578634132,0.0,0.0,0.054943105220797026,0.00782175713625343,330.0,888.0,181.0,5322.0,0.270935960591133,0.6457925636007827,0.10044418988452593
20260918,1,aligned,fold,2,6864,0.0073364143969025675,0.0010204143318632971,0.3694409086579361,-0.00025406268467004364,0.0,0.0,0.000467354,0.00194031,0.013843938179999998,0.243055556,0.0008015955925116551,5.868683215800538e-05,0.6166958041958042,0.0,0.0001541458062655697,0.0014620407030514143,0.0024195162490532685,0.0054210279144990435,0.018200190708884623,0.0005475329078416114,1.2830623670875807e-06,0.021707459207459208,0.0,0.0,0.3639638451353001,0.00547706352263603,297.0,739.0,178.0,5650.0,0.28667953667953666,0.6252631578947369,0.5912255900324
20260918,1,aligned,fold,3,6864,0.0038041894046189086,0.0009059682568234532,0.09933482662793813,-5.8032229201332395e-05,0.0,0.0,0.000701554,0.0023912584999999935,0.014870778169999998,0.094843939,0.0006751503943764569,1.6929242808700704e-05,0.597027972027972,0.0,0.00020321226760071042,0.0015728379753797723,0.002607027781473859,0.0062613488177649486,0.0244265017133127,0.0006171181651751246,1.6359634141906785e-06,0.017628205128205128,0.0,0.0,0.09253415371192308,0.006800672916015059,338.0,754.0,235.0,5537.0,0.30952380952380953,0.5898778359511344,0.15896802467602772
20260918,1,aligned,fold,4,6864,0.0020077216021138484,0.0007327537264386552,0.02766841356086533,0.0002134035280452031,0.0,0.0,0.0005540561999999976,0.0017101780999999798,0.008897254569999997,0.054550048,0.00040606616025641026,4.980797356772797e-06,0.6057692307692307,0.0,0.0001994311915086203,0.0015897161811762935,0.002498024664308041,0.005351386685824548,0.025111274988958186,0.0006194696883016135,1.392747298370906e-06,0.017336829836829836,0.0,0.0,0.020713562221287646,0.006954851339577676,238.0,1012.0,229.0,5385.0,0.1904,0.5096359743040685,0.04427845901583445
20260918,6,model_raw,all,all,32982,0.0037628889159101553,0.000834393571289362,0.46700312079094103,9.265409640138466e-06,0.0,0.0,0.0005676629000000033,0.002041931,0.011604914339999996,0.20429983,0.0005609906159420291,1.5070495128740562e-05,0.6056636953489782,-0.0007241030610518419,0.00015976689275425815,0.0015685926289872147,0.002506302344886794,0.005191149544598915,0.017620326269079837,0.0005702560255821676,1.166778888443623e-06,0.0,0.05651567521678491,0.0,0.43777839624620124,0.029224724544739757,1349.0,4134.0,1141.0,26358.0,0.2460331935072041,0.5417670682730924,1.0
20260918,6,model_raw,common_target,120_215,22944,0.0034692360048661584,0.0006855162685489547,0.2761447710079554,3.848908667916434e-05,0.0,0.0,0.000321247,0.001331103,0.008993226079999996,0.20429983,0.0004309970198308926,1.2856811809483623e-05,0.6221670153417015,-0.0004923628159635969,0.0001254560954622174,0.001218629360009977,0.002113678218769121,0.004749583950730741,0.01604996022147845,0.00046948610651005693,9.213933977067804e-07,0.0,0.051865411436541144,0.0,0.26015129857378905,0.015993472434166406,601.0,2287.0,723.0,19333.0,0.20810249307479226,0.45392749244712993,0.5913124746152919
20260918,6,model_raw,target_window,73_76,0,,,0.0,,,,,,,,,,,,,,,,,,,,,,,,,,,,,,0.0
20260918,6,model_raw,target_window,77_95,4302,0.003431066778533967,0.0007152332341442832,0.05064408716514316,-1.428441821842999e-05,0.0,0.0,0.00055871,0.001455474,0.007652376,0.101808033,0.00045680667294281733,1.172355920499535e-05,0.602742910274291,-0.00030273060955828874,0.00017874393214345575,0.0011478275602208182,0.0017072343666684467,0.003075958391071579,0.008118248730143681,0.00044252225472438724,4.416597653425121e-07,0.0,0.05230125523012552,0.0,0.04852255958991958,0.002121527575223594,81.0,478.0,208.0,3535.0,0.1449016100178891,0.28027681660899656,0.10844485809724284
20260918,6,model_raw,target_window,96_143,11472,0.004723704784856681,0.00153481065798404,0.2559791744534505,-4.343138787699074e-05,0.0,0.0,0.0021381336999999993,0.0052649688499999785,0.020622357989999753,0.106233062,0.0011250934055962345,2.452094413705301e-05,0.5043584379358438,-0.0007241030610518419,0.000566730634282241,0.0026533383444672155,0.003899452261956531,0.007258553178096887,0.017620326269079837,0.0010816620177192436,2.261713828525188e-06,0.0,0.045240585774058574,0.0,0.23457501502066805,0.021404159432782417,1150.0,2730.0,569.0,7023.0,0.2963917525773196,0.6689936009307738,0.5481316142382746
20260918,6,model_raw,target_window,144_215,17208,0.0030528798695920855,0.0003972389311125129,0.1603798591723474,5.028406494953337e-05,0.0,0.0,0.000127093,0.000429744,0.003361723,0.20429983,0.000210968075255695,9.269559113454903e-06,0.673930729893073,-0.00043947850762211056,8.585736631735705e-05,0.0005980634821360247,0.001164127229943669,0.0030308199456750263,0.00898030274602987,0.0002612521402052284,3.4418226973628786e-07,0.0,0.06508600650860065,0.0,0.1546808216356137,0.005699037536733749,118.0,926.0,364.0,15800.0,0.11302681992337164,0.24481327800829875,0.3434235276644825
20260918,6,model_raw,candidate_count,1,0,,,0.0,,,,,,,,,,,,,,,,,,,,,,,,,,,,,,0.0
20260918,6,model_raw,candidate_count,2,4302,0.003431066778533967,0.0007152332341442832,0.05064408716514316,-1.428441821842999e-05,0.0,0.0,0.00055871,0.001455474,0.007652376,0.101808033,0.00045680667294281733,1.172355920499535e-05,0.602742910274291,-0.00030273060955828874,0.00017874393214345575,0.0011478275602208182,0.0017072343666684467,0.003075958391071579,0.008118248730143681,0.00044252225472438724,4.416597653425121e-07,0.0,0.05230125523012552,0.0,0.04852255958991958,0.002121527575223594,81.0,478.0,208.0,3535.0,0.1449016100178891,0.28027681660899656,0.10844485809724284
20260918,6,model_raw,candidate_count,3,5736,0.004944148708685727,0.0015192730351097994,0.14021426261784234,-8.996692762203871e-05,0.0,0.0,0.002130512,0.005372811,0.020808116,0.096087999,0.0011591029576359835,2.600195791468683e-05,0.5418410041841004,-0.0007241030610518419,0.0005049779921868613,0.0027542208598202392,0.003906298486807954,0.007382101359953183,0.017620326269079837,0.0010691360300139447,2.3904236913726167e-06,0.0,0.07827754532775454,0.0,0.12910453808249261,0.011109724535349762,667.0,1369.0,210.0,3490.0,0.3276031434184676,0.7605473204104903,0.300242667287465
20260918,6,model_raw,candidate_count,4,22944,0.0034692360048661584,0.0006855162685489547,0.2761447710079554,3.848908667916434e-05,0.0,0.0,0.000321247,0.001331103,0.008993226079999996,0.20429983,0.0004309970198308926,1.2856811809483623e-05,0.6221670153417015,-0.0004923628159635969,0.0001254560954622174,0.001218629360009977,0.002113678218769121,0.004749583950730741,0.01604996022147845,0.00046948610651005693,9.213933977067804e-07,0.0,0.051865411436541144,0.0,0.26015129857378905,0.015993472434166406,601.0,2287.0,723.0,19333.0,0.20810249307479226,0.45392749244712993,0.5913124746152919
20260918,6,model_raw,truth_N,N=0,19976,0.0008221135043533565,0.0003902270873383408,0.013501191386066157,0.00038217550906461333,0.0,0.0,0.0,0.0,0.0,0.0,0.0,0.0,1.0,-0.0004615450592903114,0.0001098729366982939,0.0010559266174202638,0.0017405760559485058,0.0037255546195344,0.013337592818932542,0.00038217550906461333,5.298124943113598e-07,0.0,0.07288746495794954,0.0,1.1256415885071171e-05,0.013489934970181087,0.0,2131.0,0.0,17845.0,0.0,,0.028910280863219565
20260918,6,model_raw,truth_N,0<N<=1e-4,6531,0.0008717930067132506,0.0004352443938081931,0.004963710517045023,0.0004252561618643828,4.79e-07,2.58e-05,7.63e-05,8.6e-05,9.59e-05,0.0001,3.319455535140101e-05,6.785662591368458e-10,0.0,-0.000257499795294853,0.00015986503753426647,0.0012246491943094936,0.0019234616724602656,0.003781295956555255,0.010601933382773595,0.0004584507172157838,5.854947307501053e-07,0.0,0.04088194763435921,0.0,2.82549654620108e-06,0.004960885020498821,0.0,865.0,0.0,5666.0,0.0,,0.010628859414554279
20260918,6,model_raw,truth_N,1e-4<N<=1e-3,3985,0.0013438237268849254,0.0007460783568407919,0.007196360902621478,0.0005352935129976576,0.00010005,0.000269469,0.000750044,0.0008622146,0.0009652403599999996,0.000999965,0.0003538448735257214,5.8140623389971454e-08,0.0,-0.0007241030610518419,0.0004304166495369309,0.002276737041103483,0.0032863196366720005,0.006048731319257423,0.012840975439857072,0.0008891383865233791,1.540804941504941e-06,0.0,0.026348808030112924,0.0,0.00018496722171964164,0.007011393680901837,0.0,1138.0,0.0,2847.0,0.0,,0.015409663409600654
20260918,6,model_raw,truth_N,1e-3<N<=1e-2,2092,0.003152938909026683,0.002355737498491355,0.02079662171440175,-0.0015662438572399196,0.00100025,0.002494512,0.006746644100000002,0.008121780399999997,0.009689443,0.00996318,0.003231420052581262,4.692482974131305e-06,0.0,-0.0004923628159635969,0.0010537988935357865,0.003909797969007629,0.005717359721798828,0.009246741317509959,0.017620326269079837,0.001665176195341342,3.843421085783844e-06,0.0,0.017208413001912046,0.0,0.017068089690986596,0.0037285320234151475,1084.0,0.0,1008.0,0.0,1.0,0.5181644359464627,0.044532082953063566
20260918,6,model_raw,truth_N,N>1e-2,398,0.032506096694135074,0.022565040795927787,0.42054523627080664,-0.022519237993491724,0.010016373,0.01784266,0.0464807827,0.0674694553,0.10194078386999988,0.20429983,0.025416071062814072,0.0005475687827269309,0.0,1.574154060982776e-05,0.001722839656995556,0.007215861763154127,0.010437494829272637,0.01446071280588037,0.01604996022147845,0.002896833069322345,1.0148009558307256e-05,0.0,0.0,0.0,0.42051125742106377,3.397884974286473e-05,265.0,0.0,133.0,0.0,1.0,0.6658291457286433,0.900519113359562
20260918,6,model_raw,P71,p=0,7314,0.004563025261113253,0.0009849724706002523,0.15228625338844076,-6.600497705225384e-05,0.0,0.0,0.0004687793999999997,0.0023726668499999986,0.01780507687999998,0.101808033,0.0007241127180749248,2.3387981341476608e-05,0.6922340716434235,-0.0007241030610518419,0.00011389895782396497,0.001903513139988597,0.0033242102395816243,0.007489656741275523,0.017620326269079837,0.000658107741022671,2.182429412229864e-06,0.0,0.0700027344818157,0.0,0.14280534257903027,0.009480910809410494,373.0,889.0,183.0,5869.0,0.29556259904912835,0.670863309352518,0.3260925818451079
20260918,6,model_raw,P71,0<p<.01,12006,0.0029763002729797975,0.0007225865080833422,0.10635350995916505,1.973052371254234e-05,0.0,0.0,0.000453642,0.0018061405,0.01018584635000013,0.106233062,0.00047867285507246376,9.728083228738458e-06,0.598783941362652,-0.00043947850762211056,0.00013051855936522267,0.0013551571222758594,0.002236748677939893,0.005048226669352532,0.01604996022147845,0.0004984033787850061,9.61654952324737e-07,0.0,0.06371814092953523,0.0,0.09747710107011465,0.008876408889050412,424.0,1304.0,394.0,9884.0,0.24537037037037038,0.5183374083129584,0.22773618681399635
20260918,6,model_raw,P71,.01<=p<.1,8418,0.0044012784051444724,0.0008209241735494966,0.16306719596535776,8.186118649386441e-05,0.0,0.0,0.000522648,0.001818718,0.00916533605,0.20429983,0.0004974611676170112,1.933864159757997e-05,0.5827987645521502,-0.00042013760378395253,0.00020371594920488414,0.0016726121192882097,0.002480415686918694,0.004417007171191248,0.013777623077519268,0.0005793223541108756,9.033816685209987e-07,0.0,0.05226894749346638,0.0,0.15566882002775204,0.007398375937605611,307.0,1177.0,302.0,6632.0,0.2068733153638814,0.5041050903119869,0.3491779577172388
20260918,6,model_raw,P71,.1<=p<.5,4968,0.0028256965642967356,0.0008775127623332591,0.039667299413040584,-1.9908872495922082e-05,0.0,0.0,0.0009372639000000014,0.0028428800499999724,0.012043512,0.051444105,0.0006065174857085346,8.075302234081825e-06,0.533816425120773,-0.00022181779935487344,0.0003063968909094601,0.001509590653676467,0.0021555020995688463,0.0036835667178022114,0.006845835804651708,0.0005866086132126125,6.02587852871571e-07,0.0,0.02918679549114332,0.0,0.03651298285967011,0.0031543165533704674,223.0,709.0,252.0,3784.0,0.23927038626609443,0.4694736842105263,0.08494011634410058
20260918,6,model_raw,P71,.5<=p<=1,276,0.004516019018063445,0.0013423311812883673,0.005628862064936961,-0.00014033592075058556,0.0,0.0,0.0014956855,0.0036213445,0.01869190575,0.044948775,0.0009372420253623189,2.1485162543544784e-05,0.6014492753623188,-8.901845047364921e-05,0.0003534135508507524,0.002398444752844883,0.0030251572708488573,0.0036387672498011505,0.0041084398458312915,0.0007969061046117333,8.761875345904528e-07,0.0,0.007246376811594203,0.0,0.005314149709634185,0.0003147123553027746,22.0,55.0,10.0,189.0,0.2857142857142857,0.6875,0.012053157279556559
20260918,6,model_raw,N71,n=0,18216,0.0035809905165429096,0.0007986368393844489,0.2335927499374517,-2.4323301730667528e-05,0.0,0.0,0.00047619,0.002041931,0.011623620099999971,0.106233062,0.0005651180614295126,1.4433352309423855e-05,0.63510101010101,-0.0007241030610518419,0.00012758013370292706,0.0014501153202739854,0.002451082311997704,0.005720709156403192,0.017620326269079837,0.000540794759698845,1.343366457330296e-06,0.0,0.06302151954325867,0.0,0.21788321442858874,0.015709535508862983,726.0,2001.0,582.0,14907.0,0.2662266226622662,0.555045871559633,0.5001952653802971
20260918,6,model_raw,N71,0<n<=.001,10074,0.0023408810726208078,0.0006580085280453985,0.05520274155205887,9.206231480025147e-05,0.0,0.0,0.0004892456000000012,0.001594723,0.008886576,0.070544801,0.0004017641046257693,5.56291192191409e-06,0.5652173913043478,-0.0003761194893989794,0.0001570083925169372,0.0012993463915839422,0.0020274307932987012,0.004568267374366919,0.013777623077519268,0.0004938264194260208,7.810837519360117e-07,0.0,0.05310700813976573,0.0,0.04841336731278806,0.0067893742392708,341.0,1097.0,343.0,8293.0,0.23713490959666203,0.49853801169590645,0.1182063654276327
20260918,6,model_raw,N71,n>.001,4692,0.006162886147355514,0.0013519228880028281,0.17820762930143044,-3.8101183764033836e-05,0.0,0.0,0.001155911,0.00364163,0.0160848,0.20429983,0.0008868351018755328,3.7796773515685486e-05,0.5782182438192668,-0.00043947850762211056,0.000427236059855707,0.0023891689640544904,0.003120354113407778,0.004942463420772685,0.00898030274602987,0.0008487339181114989,1.215852068062436e-06,0.0,0.038576300085251494,0.0,0.17148181450482447,0.006725814796605977,282.0,1036.0,216.0,3158.0,0.21396054628224584,0.5662650602409639,0.38159836919207013
20260918,6,model_raw,fold,0,6624,0.0031165312541807386,0.0008369058773153153,0.0643373689940823,-1.506263463065963e-05,0.0,0.0,0.000683735,0.002267045999999993,0.012851647539999893,0.106233062,0.0005736749627113526,1.0907435035975147e-05,0.5957125603864735,4.4355030538395216e-06,0.00019200239874210225,0.001353809668912659,0.002063673638933162,0.004456464186212599,0.013337592818932542,0.0005586123280806929,9.016265359766925e-07,0.0,0.0,0.0,0.05953655489834996,0.004800814095732315,262.0,808.0,284.0,5270.0,0.24485981308411214,0.47985347985347987,0.1377664647831842
20260918,6,model_raw,fold,1,6486,0.003107347950966973,0.0008188915565381819,0.06262629481642389,0.00011288409330535517,0.0,0.0,0.000514331,0.00224008875,0.009791392099999961,0.101808033,0.0005141641646623497,1.0343990126023341e-05,0.616558741905643,-0.0007241030610518419,0.00017423878070914643,0.0019030630197404187,0.0028439493591643538,0.00563572965589714,0.01544801472073123,0.0006270482579677048,1.4012420730347123e-06,0.0,0.1419981498612396,0.0,0.055936432940845646,0.0066898618755782575,309.0,918.0,185.0,5074.0,0.25183374083129584,0.6255060728744939,0.1341025188661624
20260918,6,model_raw,fold,2,6624,0.005798324775247897,0.0009260885405774665,0.22270265699985575,-0.00016023403548545627,0.0,0.0,0.0004590003999999996,0.001871629299999997,0.0130244911199999,0.20429983,0.000686823002415459,3.498005551846741e-05,0.6153381642512077,-0.0004923628159635969,0.00014082158095786557,0.001478895174726933,0.0023729067033485553,0.00509708409047724,0.01604996022147845,0.0005265889669300027,1.1196321878789115e-06,0.0,0.04710144927536232,0.0,0.2174181367915761,0.005284520208279558,264.0,753.0,187.0,5420.0,0.25958702064896755,0.5853658536585366,0.4768761643876701
20260918,6,model_raw,fold,3,6624,0.003724310319134744,0.0008619425806829742,0.09187810822768645,-0.00010055278247097673,0.0,0.0,0.0006988570999999999,0.0023494473999999695,0.014021061,0.094843939,0.000646280974486715,1.5177454808729906e-05,0.5948067632850241,-0.00016781033461703347,0.00014106498010970527,0.001474181164365527,0.0024042026292792422,0.005660365289855401,0.017620326269079837,0.0005457281920157383,1.2249516658944418e-06,0.0,0.04015700483091787,0.0,0.08660251024462698,0.005275597983059506,292.0,697.0,257.0,5378.0,0.29524772497472196,0.5318761384335154,0.1967398163679867
20260918,6,model_raw,fold,4,6624,0.001960459520812268,0.0007278163426922219,0.025458691752892736,0.00021145113005878853,0.0,0.0,0.000557922,0.0016776995999999973,0.008882512569999994,0.049544141,0.00038303442436594205,3.7879867318193526e-06,0.6061292270531401,-0.00017951359805126434,0.00014980759380566372,0.0016873882567589394,0.002696741556185072,0.005288941551359531,0.013777623077519268,0.0005944855544247306,1.1849373940140089e-06,0.0,0.05510265700483092,0.0,0.01828476137080261,0.007173930382090123,222.0,958.0,228.0,5216.0,0.188135593220339,0.49333333333333335,0.05451503559499679
20260918,6,component_clipped,all,all,32982,0.0037627616157314384,0.0008313212400561807,0.46697152348553866,1.2337740873319724e-05,0.0,0.0,0.0005676629000000033,0.002041931,0.011604914339999996,0.20429983,0.0005609906159420291,1.5070495128740562e-05,0.6056636953489782,0.0,0.00015976689275425815,0.0015685926289872147,0.002506302344886794,0.005191149544598915,0.017620326269079837,0.0005733283568153487,1.1628352214165343e-06,0.05651567521678491,0.0,0.0,0.4377467989407989,0.029224724544739757,1349.0,4134.0,1141.0,26358.0,0.2460331935072041,0.5417670682730924,1.0
20260918,6,component_clipped,common_target,120_215,22944,0.00346909781064722,0.0006827963990472278,0.2761227714375478,4.1208956180891303e-05,0.0,0.0,0.000321247,0.001331103,0.008993226079999996,0.20429983,0.0004309970198308926,1.2856811809483623e-05,0.6221670153417015,0.0,0.0001254560954622174,0.001218629360009977,0.002113678218769121,0.004749583950730741,0.01604996022147845,0.00047220597601178394,9.184662732353795e-07,0.051865411436541144,0.0,0.0,0.26012929900338133,0.015993472434166406,601.0,2287.0,723.0,19333.0,0.20810249307479226,0.45392749244712993,0.591305374204684
20260918,6,component_clipped,target_window,73_76,0,,,0.0,,,,,,,,,,,,,,,,,,,,,,,,,,,,,,0.0
20260918,6,component_clipped,target_window,77_95,4302,0.0034309853034041908,0.0007125391370352125,0.05064168197465919,-1.159032110935933e-05,0.0,0.0,0.00055871,0.001455474,0.007652376,0.101808033,0.00045680667294281733,1.172355920499535e-05,0.602742910274291,0.0,0.00017874393214345575,0.0011478275602208182,0.0017072343666684467,0.003075958391071579,0.008118248730143681,0.00044521635183345794,4.389902912580224e-07,0.05230125523012552,0.0,0.0,0.048520154399435605,0.002121527575223594,81.0,478.0,208.0,3535.0,0.1449016100178891,0.28027681660899656,0.1084470453287233
20260918,6,component_clipped,target_window,96_143,11472,0.004723568949373259,0.0015314970341906884,0.2559644527227111,-4.0117764083639325e-05,0.0,0.0,0.0021381336999999993,0.0052649688499999785,0.020622357989999753,0.106233062,0.0011250934055962345,2.452094413705301e-05,0.5043584379358438,0.0,0.000566730634282241,0.0026533383444672155,0.003899452261956531,0.007258553178096887,0.017620326269079837,0.001084975641512595,2.253891377001908e-06,0.045240585774058574,0.0,0.0,0.23456029328992872,0.021404159432782417,1150.0,2730.0,569.0,7023.0,0.2963917525773196,0.6689936009307738,0.5481371772140575
20260918,6,component_clipped,target_window,144_215,17208,0.003052742142382139,0.00039423290305508406,0.16036538878816836,5.3290093006962185e-05,0.0,0.0,0.000127093,0.000429744,0.003361723,0.20429983,0.000210968075255695,9.269559113454903e-06,0.673930729893073,0.0,8.585736631735705e-05,0.0005980634821360247,0.001164127229943669,0.0030308199456750263,0.00898030274602987,0.00026425816826265724,3.422761680334199e-07,0.06508600650860065,0.0,0.0,0.1546663512514346,0.005699037536733749,118.0,926.0,364.0,15800.0,0.11302681992337164,0.24481327800829875,0.34341577745721924
20260918,6,component_clipped,candidate_count,1,0,,,0.0,,,,,,,,,,,,,,,,,,,,,,,,,,,,,,0.0
20260918,6,component_clipped,candidate_count,2,4302,0.0034309853034041908,0.0007125391370352125,0.05064168197465919,-1.159032110935933e-05,0.0,0.0,0.00055871,0.001455474,0.007652376,0.101808033,0.00045680667294281733,1.172355920499535e-05,0.602742910274291,0.0,0.00017874393214345575,0.0011478275602208182,0.0017072343666684467,0.003075958391071579,0.008118248730143681,0.00044521635183345794,4.389902912580224e-07,0.05230125523012552,0.0,0.0,0.048520154399435605,0.002121527575223594,81.0,478.0,208.0,3535.0,0.1449016100178891,0.28027681660899656,0.1084470453287233
20260918,6,component_clipped,candidate_count,3,5736,0.004944021897528845,0.0015145071813577183,0.1402070700733317,-8.520107386995728e-05,0.0,0.0,0.002130512,0.005372811,0.020808116,0.096087999,0.0011591029576359835,2.600195791468683e-05,0.5418410041841004,0.0,0.0005049779921868613,0.0027542208598202392,0.003906298486807954,0.007382101359953183,0.017620326269079837,0.001073901883766026,2.379408397913311e-06,0.07827754532775454,0.0,0.0,0.12909734553798197,0.011109724535349762,667.0,1369.0,210.0,3490.0,0.3276031434184676,0.7605473204104903,0.3002475804665928
20260918,6,component_clipped,candidate_count,4,22944,0.00346909781064722,0.0006827963990472278,0.2761227714375478,4.1208956180891303e-05,0.0,0.0,0.000321247,0.001331103,0.008993226079999996,0.20429983,0.0004309970198308926,1.2856811809483623e-05,0.6221670153417015,0.0,0.0001254560954622174,0.001218629360009977,0.002113678218769121,0.004749583950730741,0.01604996022147845,0.00047220597601178394,9.184662732353795e-07,0.051865411436541144,0.0,0.0,0.26012929900338133,0.015993472434166406,601.0,2287.0,723.0,19333.0,0.20810249307479226,0.45392749244712993,0.591305374204684
20260918,6,component_clipped,truth_N,N=0,19976,0.0008217707204868726,0.00038620129820147715,0.013489934970181089,0.00038620129820147715,0.0,0.0,0.0,0.0,0.0,0.0,0.0,0.0,1.0,0.0,0.0001098729366982939,0.0010559266174202638,0.0017405760559485058,0.0037255546195344,0.013337592818932542,0.00038620129820147715,5.261556743170077e-07,0.07288746495794954,0.0,0.0,0.0,0.013489934970181087,0.0,2131.0,0.0,17845.0,0.0,,0.028888131913248988
20260918,6,component_clipped,truth_N,0<N<=1e-4,6531,0.0008716210654763169,0.00043336036439734887,0.004961752753318699,0.00042714019127522695,4.79e-07,2.58e-05,7.63e-05,8.6e-05,9.59e-05,0.0001,3.319455535140101e-05,6.785662591368458e-10,0.0,0.0,0.00015986503753426647,0.0012246491943094936,0.0019234616724602656,0.003781295956555255,0.010601933382773595,0.000460334746626628,5.835864982573708e-07,0.04088194763435921,0.0,0.0,8.677328198770953e-07,0.004960885020498821,0.0,865.0,0.0,5666.0,0.0,,0.010625386139787507
20260918,6,component_clipped,truth_N,1e-4<N<=1e-3,3985,0.00134342121632647,0.0007445662149827554,0.007192050549437223,0.0005368056548556942,0.00010005,0.000269469,0.000750044,0.0008622146,0.0009652403599999996,0.000999965,0.0003538448735257214,5.8140623389971454e-08,0.0,0.0,0.0004304166495369309,0.002276737041103483,0.0032863196366720005,0.006048731319257423,0.012840975439857072,0.0008906505283814155,1.537814215043318e-06,0.026348808030112924,0.0,0.0,0.00018065686853538772,0.007011393680901837,0.0,1138.0,0.0,2847.0,0.0,,0.01540147565263677
20260918,6,component_clipped,truth_N,1e-3<N<=1e-2,2092,0.0031518719544584377,0.002354503280734043,0.020782548941795067,-0.0015650096394826084,0.00100025,0.002494512,0.006746644100000002,0.008121780399999997,0.009689443,0.00996318,0.003231420052581262,4.692482974131305e-06,0.0,0.0,0.0010537988935357865,0.003909797969007629,0.005717359721798828,0.009246741317509959,0.017620326269079837,0.0016664104130986537,3.839031114330883e-06,0.017208413001912046,0.0,0.0,0.017054016918379912,0.0037285320234151475,1084.0,0.0,1008.0,0.0,1.0,0.5181644359464627,0.04450495993132795
20260918,6,component_clipped,truth_N,N>1e-2,398,0.032506096694135074,0.022565040795927787,0.42054523627080664,-0.022519237993491724,0.010016373,0.01784266,0.0464807827,0.0674694553,0.10194078386999988,0.20429983,0.025416071062814072,0.0005475687827269309,0.0,1.574154060982776e-05,0.001722839656995556,0.007215861763154127,0.010437494829272637,0.01446071280588037,0.01604996022147845,0.002896833069322345,1.0148009558307256e-05,0.0,0.0,0.0,0.42051125742106377,3.397884974286473e-05,265.0,0.0,133.0,0.0,1.0,0.6658291457286433,0.9005800463629989
20260918,6,component_clipped,P71,p=0,7314,0.004562845747582761,0.0009809152739044113,0.1522742714669361,-6.194778035641265e-05,0.0,0.0,0.0004687793999999997,0.0023726668499999986,0.01780507687999998,0.101808033,0.0007241127180749248,2.3387981341476608e-05,0.6922340716434235,0.0,0.00011389895782396497,0.001903513139988597,0.0033242102395816243,0.007489656741275523,0.017620326269079837,0.000662164937718512,2.176360666402623e-06,0.0700027344818157,0.0,0.0,0.14279336065752557,0.009480910809410494,373.0,889.0,183.0,5869.0,0.29556259904912835,0.670863309352518,0.3260889878901829
20260918,6,component_clipped,P71,0<p<.01,12006,0.0029761895893410575,0.0007191900749345339,0.10634559988725538,2.3126956861350715e-05,0.0,0.0,0.000453642,0.0018061405,0.01018584635000013,0.106233062,0.00047867285507246376,9.728083228738458e-06,0.598783941362652,0.0,0.00013051855936522267,0.0013551571222758594,0.002236748677939893,0.005048226669352532,0.01604996022147845,0.0005017998119338145,9.57816479464675e-07,0.06371814092953523,0.0,0.0,0.09746919099820493,0.008876408889050412,424.0,1304.0,394.0,9884.0,0.24537037037037038,0.5183374083129584,0.22773465733729847
20260918,6,component_clipped,P71,.01<=p<.1,8418,0.004401196112654773,0.0008181498629857396,0.16306109815519584,8.463549705762125e-05,0.0,0.0,0.000522648,0.001818718,0.00916533605,0.20429983,0.0004974611676170112,1.933864159757997e-05,0.5827987645521502,0.0,0.00020371594920488414,0.0016726121192882097,0.002480415686918694,0.004417007171191248,0.013777623077519268,0.0005820966646746324,8.997924968304158e-07,0.05226894749346638,0.0,0.0,0.15566272221759014,0.007398375937605611,307.0,1177.0,302.0,6632.0,0.2068733153638814,0.5041050903119869,0.3491885263968255
20260918,6,component_clipped,P71,.1<=p<.5,4968,0.0028254971294363095,0.0008760199866793576,0.03966170025335363,-1.8416096842020773e-05,0.0,0.0,0.0009372639000000014,0.0028428800499999724,0.012043512,0.051444105,0.0006065174857085346,8.075302234081825e-06,0.533816425120773,0.0,0.0003063968909094601,0.001509590653676467,0.0021555020995688463,0.0036835667178022114,0.006845835804651708,0.0005881013888665138,6.007168661889156e-07,0.02918679549114332,0.0,0.0,0.03650738369998316,0.0031543165533704674,223.0,709.0,252.0,3784.0,0.23927038626609443,0.4694736842105263,0.08493387339192192
20260918,6,component_clipped,P71,.5<=p<=1,276,0.004516015671625739,0.0013419345873009701,0.005628853722797922,-0.00013993932676318832,0.0,0.0,0.0014956855,0.0036213445,0.01869190575,0.044948775,0.0009372420253623189,2.1485162543544784e-05,0.6014492753623188,0.0,0.0003534135508507524,0.002398444752844883,0.0030251572708488573,0.0036387672498011505,0.0041084398458312915,0.0007973026985991305,8.755250558229939e-07,0.007246376811594203,0.0,0.0,0.005314141367495147,0.0003147123553027746,22.0,55.0,10.0,189.0,0.2857142857142857,0.6875,0.012053954983771592
20260918,6,component_clipped,N71,n=0,18216,0.0035808307357067227,0.0007955458305093887,0.23357190497175598,-2.1232292855607314e-05,0.0,0.0,0.00047619,0.002041931,0.011623620099999971,0.106233062,0.0005651180614295126,1.4433352309423855e-05,0.63510101010101,0.0,0.00012758013370292706,0.0014501153202739854,0.002451082311997704,0.005720709156403192,0.017620326269079837,0.0005438857685739053,1.3395622109210098e-06,0.06302151954325867,0.0,0.0,0.217862369462893,0.015709535508862983,726.0,2001.0,582.0,14907.0,0.2662266226622662,0.555045871559633,0.5001844721244321
20260918,6,component_clipped,N71,0<n<=.001,10074,0.002340710087104792,0.0006547748500510405,0.05519467747341991,9.529599279460934e-05,0.0,0.0,0.0004892456000000012,0.001594723,0.008886576,0.070544801,0.0004017641046257693,5.56291192191409e-06,0.5652173913043478,0.0,0.0001570083925169372,0.0012993463915839422,0.0020274307932987012,0.004568267374366919,0.013777623077519268,0.0004970600974203786,7.774630296320765e-07,0.05310700813976573,0.0,0.0,0.048405303234149114,0.0067893742392708,341.0,1097.0,343.0,8293.0,0.23713490959666203,0.49853801169590645,0.1181970948922953
20260918,6,component_clipped,N71,n>.001,4692,0.00616283966362909,0.001349269490954762,0.17820494104036283,-3.544778671596777e-05,0.0,0.0,0.001155911,0.00364163,0.0160848,0.20429983,0.0008868351018755328,3.7796773515685486e-05,0.5782182438192668,0.0,0.000427236059855707,0.0023891689640544904,0.003120354113407778,0.004942463420772685,0.00898030274602987,0.0008513873151595652,1.2109640610366703e-06,0.038576300085251494,0.0,0.0,0.1714791262437568,0.006725814796605977,282.0,1036.0,216.0,3158.0,0.21396054628224584,0.5662650602409639,0.3816184329832728
20260918,6,component_clipped,fold,0,6624,0.0031165312541807386,0.0008369058773153153,0.0643373689940823,-1.506263463065963e-05,0.0,0.0,0.000683735,0.002267045999999993,0.012851647539999893,0.106233062,0.0005736749627113526,1.0907435035975147e-05,0.5957125603864735,4.4355030538395216e-06,0.00019200239874210225,0.001353809668912659,0.002063673638933162,0.004456464186212599,0.013337592818932542,0.0005586123280806929,9.016265359766925e-07,0.0,0.0,0.0,0.05953655489834996,0.004800814095732315,262.0,808.0,284.0,5270.0,0.24485981308411214,0.47985347985347987,0.13777578665581033
20260918,6,component_clipped,fold,1,6486,0.0031069688625266958,0.0008090792585260181,0.06261101525543979,0.0001226963913175189,0.0,0.0,0.000514331,0.00224008875,0.009791392099999961,0.101808033,0.0005141641646623497,1.0343990126023341e-05,0.616558741905643,0.0,0.00017423878070914643,0.0019030630197404187,0.0028439493591643538,0.00563572965589714,0.01544801472073123,0.0006368605559798686,1.3873138880986525e-06,0.1419981498612396,0.0,0.0,0.05592115337986157,0.0066898618755782575,309.0,918.0,185.0,5074.0,0.25183374083129584,0.6255060728744939,0.13407887227919743
20260918,6,component_clipped,fold,2,6624,0.005798238286733002,0.0009236345844383491,0.2226960133297744,-0.0001577800793463388,0.0,0.0,0.0004590003999999996,0.001871629299999997,0.0130244911199999,0.20429983,0.000686823002415459,3.498005551846741e-05,0.6153381642512077,0.0,0.00014082158095786557,0.001478895174726933,0.0023729067033485553,0.00509708409047724,0.01604996022147845,0.0005290429230691201,1.116636720269639e-06,0.04710144927536232,0.0,0.0,0.21741149312149466,0.005284520208279558,264.0,753.0,187.0,5420.0,0.25958702064896755,0.5853658536585366,0.47689420474195343
20260918,6,component_clipped,fold,3,6624,0.0037242745665185288,0.0008606578123511099,0.09187634421411431,-9.926801413911234e-05,0.0,0.0,0.0006988570999999999,0.0023494473999999695,0.014021061,0.094843939,0.000646280974486715,1.5177454808729906e-05,0.5948067632850241,0.0,0.00014106498010970527,0.001474181164365527,0.0024042026292792422,0.005660365289855401,0.017620326269079837,0.0005470129603476027,1.223457281923647e-06,0.04015700483091787,0.0,0.0,0.08660074623105483,0.005275597983059506,292.0,697.0,257.0,5378.0,0.29524772497472196,0.5318761384335154,0.19674935107035402
20260918,6,component_clipped,fold,4,6624,0.0019601549380235147,0.0007258652930348992,0.02545078169212798,0.00021340217971611128,0.0,0.0,0.000557922,0.0016776995999999973,0.008882512569999994,0.049544141,0.00038303442436594205,3.7879867318193526e-06,0.6061292270531401,0.0,0.00014980759380566372,0.0016873882567589394,0.002696741556185072,0.005288941551359531,0.013777623077519268,0.0005964366040820533,1.1824618174693213e-06,0.05510265700483092,0.0,0.0,0.018276851310037857,0.007173930382090123,222.0,958.0,228.0,5216.0,0.188135593220339,0.49333333333333335,0.054501785252685
20260918,6,aligned,all,all,32982,0.003720250170895324,0.0008226118430994059,0.4564794993195279,2.9413823553849005e-05,0.0,0.0,0.0005676629000000033,0.002041931,0.011604914339999996,0.20429983,0.0005609906159420291,1.5070495128740562e-05,0.6056636953489782,0.0,0.00019500420274611154,0.0015495479500821675,0.002510324514329696,0.005364728318365871,0.019500817261062432,0.0005904044394958779,1.2230478936787478e-06,0.013704444848705354,0.0,0.0,0.42790588574782834,0.028573613571699512,1443.0,3944.0,1047.0,26548.0,0.2678670874327084,0.5795180722891566,1.0
20260918,6,aligned,common_target,120_215,22944,0.003423885992754219,0.0006713701642757159,0.26897240396538935,4.8912497949321576e-05,0.0,0.0,0.000321247,0.001331103,0.008993226079999996,0.20429983,0.0004309970198308926,1.2856811809483623e-05,0.6221670153417015,0.0,0.00016630821578831652,0.0012104260985852271,0.0020228016909018182,0.004545336128348486,0.018200190708884623,0.00047990951778021415,8.725172212171678e-07,0.008193863319386332,0.0,0.0,0.2550420484119803,0.013930355553409015,670.0,2170.0,654.0,19450.0,0.23591549295774647,0.5060422960725075,0.5892321656642749
20260918,6,aligned,target_window,73_76,0,,,0.0,,,,,,,,,,,,,,,,,,,,,,,,,,,,,,0.0
20260918,6,aligned,target_window,77_95,4302,0.003453897900928234,0.0007301975172850958,0.05132032487457684,1.4038264474975682e-05,0.0,0.0,0.00055871,0.001455474,0.007652376,0.101808033,0.00045680667294281733,1.172355920499535e-05,0.602742910274291,0.0,0.0001952883757052004,0.001165882936964341,0.0017159231608285595,0.003420147018804371,0.011490099151736391,0.000470844937417793,5.942934555506367e-07,0.030218503021850304,0.0,0.0,0.048537707626530445,0.0027826172480464066,83.0,476.0,206.0,3537.0,0.148479427549195,0.28719723183391005,0.11242635200722012
20260918,6,aligned,target_window,96_143,11472,0.004634325830210776,0.001504640276827857,0.2463838675312105,-2.9181234736889834e-06,0.0,0.0,0.0021381336999999993,0.0052649688499999785,0.020622357989999753,0.106233062,0.0011250934055962345,2.452094413705301e-05,0.5043584379358438,0.0,0.0005813432673682074,0.0027347485162486744,0.004000398311741861,0.0076227482701270565,0.019500817261062432,0.0011221752821225452,2.4279404941792794e-06,0.012203626220362623,0.0,0.0,0.22516920672341192,0.02121466080779856,1238.0,2705.0,481.0,7048.0,0.3139741313720517,0.7201861547411286,0.5397479358842925
20260918,6,aligned,target_window,144_215,17208,0.0030375699079540283,0.0003910298020673495,0.1587753069137405,5.48123446752593e-05,0.0,0.0,0.000127093,0.000429744,0.003361723,0.20429983,0.000210968075255695,9.269559113454903e-06,0.673930729893073,0.0,0.00010077459614934715,0.0006376091026201002,0.0010302077950386473,0.002748007171335933,0.008651074912762978,0.00026578041993095434,2.7950024411905966e-07,0.010576476057647605,0.0,0.0,0.15419897139788602,0.004576335515854544,122.0,763.0,360.0,15963.0,0.13785310734463277,0.25311203319502074,0.34782571210848723
20260918,6,aligned,candidate_count,1,0,,,0.0,,,,,,,,,,,,,,,,,,,,,,,,,,,,,,0.0
20260918,6,aligned,candidate_count,2,4302,0.003453897900928234,0.0007301975172850958,0.05132032487457684,1.4038264474975682e-05,0.0,0.0,0.00055871,0.001455474,0.007652376,0.101808033,0.00045680667294281733,1.172355920499535e-05,0.602742910274291,0.0,0.0001952883757052004,0.001165882936964341,0.0017159231608285595,0.003420147018804371,0.011490099151736391,0.000470844937417793,5.942934555506367e-07,0.030218503021850304,0.0,0.0,0.048537707626530445,0.0027826172480464066,83.0,476.0,206.0,3537.0,0.148479427549195,0.28719723183391005,0.11242635200722012
20260918,6,aligned,candidate_count,3,5736,0.004872623879669653,0.0014968893027548986,0.13618677047956176,-3.704920471888636e-05,0.0,0.0,0.002130512,0.005372811,0.020808116,0.096087999,0.0011591029576359835,2.600195791468683e-05,0.5418410041841004,0.0,0.0004813802403792226,0.002916353617947769,0.004138781438912467,0.007974690730523967,0.019500817261062432,0.001122053752917097,2.7545280528572263e-06,0.023361227336122732,0.0,0.0,0.12432612970931761,0.011860640770244086,690.0,1298.0,187.0,3561.0,0.3470824949698189,0.7867730900798175,0.29834148232850505
20260918,6,aligned,candidate_count,4,22944,0.003423885992754219,0.0006713701642757159,0.26897240396538935,4.8912497949321576e-05,0.0,0.0,0.000321247,0.001331103,0.008993226079999996,0.20429983,0.0004309970198308926,1.2856811809483623e-05,0.6221670153417015,0.0,0.00016630821578831652,0.0012104260985852271,0.0020228016909018182,0.004545336128348486,0.018200190708884623,0.00047990951778021415,8.725172212171678e-07,0.008193863319386332,0.0,0.0,0.2550420484119803,0.013930355553409015,670.0,2170.0,654.0,19450.0,0.23591549295774647,0.5060422960725075,0.5892321656642749
20260918,6,aligned,truth_N,N=0,19976,0.000777120328440913,0.0003831829820576724,0.012063826113405224,0.0003831829820576724,0.0,0.0,0.0,0.0,0.0,0.0,0.0,0.0,1.0,0.0,0.00013872248434820442,0.0009879714372136453,0.0016138681784858572,0.0033422167175042134,0.012652424832495228,0.0003831829820576724,4.57086807137502e-07,0.018522226672006408,0.0,0.0,0.0,0.012063826113405222,0.0,1974.0,0.0,18002.0,0.0,,0.02642796912323274
20260918,6,aligned,truth_N,0<N<=1e-4,6531,0.000888281361596645,0.00043758803608533994,0.005153244909938091,0.0004330291639561861,4.79e-07,2.58e-05,7.63e-05,8.6e-05,9.59e-05,0.0001,3.319455535140101e-05,6.785662591368458e-10,0.0,0.0,0.0001890019796480741,0.0011690754593613806,0.0018295399186344335,0.004014732773374433,0.00994159872299763,0.00046622371930758706,6.085845984152525e-07,0.007043331802174246,0.0,0.0,6.000965336951139e-07,0.005152644813404397,0.0,798.0,0.0,5733.0,0.0,,0.011289104806721906
20260918,6,aligned,truth_N,1e-4<N<=1e-3,3985,0.0013584165811690936,0.0007602891443720987,0.00735350299786059,0.0005635836530125888,0.00010005,0.000269469,0.000750044,0.0008622146,0.0009652403599999996,0.000999965,0.0003538448735257214,5.8140623389971454e-08,0.0,0.0,0.00045562737028535653,0.0023688450541990763,0.00334910722646762,0.0056252338557302595,0.014616868733447341,0.0009174285265383101,1.5556622449445743e-06,0.007277289836888331,0.0,0.0,0.00017041232423501088,0.007183090673625578,0.0,1172.0,0.0,2813.0,0.0,,0.016109163738617892
20260918,6,aligned,truth_N,1e-3<N<=1e-2,2092,0.0030866503713422424,0.002282884780040848,0.01993134279718587,-0.0014133223834364623,0.00100025,0.002494512,0.006746644100000002,0.008121780399999997,0.009689443,0.00996318,0.003231420052581262,4.692482974131305e-06,0.0,0.0,0.0012175540700536185,0.004142510594743126,0.00593628788803863,0.00966182290243952,0.019500817261062432,0.0018180976691447995,4.185506946219719e-06,0.0033460803059273425,0.0,0.0,0.0157847622134457,0.004146580583740172,1160.0,0.0,932.0,0.0,1.0,0.5544933078393881,0.04366317178952711
20260918,6,aligned,truth_N,N>1e-2,398,0.03217327390899099,0.02214443692381638,0.4119775825011381,-0.022114724678479785,0.010016373,0.01784266,0.0464807827,0.0674694553,0.10194078386999988,0.20429983,0.025416071062814072,0.0005475687827269309,0.0,1.197538220671833e-05,0.0019417559565293443,0.007990601495113204,0.011274736479801676,0.015503508679524634,0.018200190708884623,0.0033013463843342846,1.2097879031344065e-05,0.0,0.0,0.0,0.41195011111361396,2.747138752414038e-05,283.0,0.0,115.0,0.0,1.0,0.7110552763819096,0.9025105905419002
20260918,6,aligned,P71,p=0,7314,0.00450530986355009,0.0009957455015413101,0.14845823329372507,-1.7328709846231136e-05,0.0,0.0,0.0004687793999999997,0.0023726668499999986,0.01780507687999998,0.101808033,0.0007241127180749248,2.3387981341476608e-05,0.6922340716434235,0.0,0.00017027191261144507,0.0019043461751392962,0.003472555184064016,0.007834147177382195,0.019500817261062432,0.0007067840082286936,2.4179691845019945e-06,0.016817063166529943,0.0,0.0,0.13812467859144073,0.010333554702284328,373.0,843.0,183.0,5915.0,0.3067434210526316,0.670863309352518,0.3252243167875691
20260918,6,aligned,P71,0<p<.01,12006,0.002936494358527605,0.0007112900307048875,0.1035277274066794,3.808801716294433e-05,0.0,0.0,0.000453642,0.0018061405,0.01018584635000013,0.106233062,0.00047867285507246376,9.728083228738458e-06,0.598783941362652,0.0,0.0001610994369705606,0.0013938300498822455,0.002259856305102037,0.005161927422508103,0.016006825734094447,0.0005167608722354081,9.932059797543509e-07,0.016408462435448943,0.0,0.0,0.09493681189190095,0.00859091551477846,466.0,1199.0,352.0,9989.0,0.2798798798798799,0.5696821515892421,0.22679600630698146
20260918,6,aligned,P71,.01<=p<.1,8418,0.004357827539272042,0.000788137393804245,0.15986338313663434,8.300725243845751e-05,0.0,0.0,0.000522648,0.001818718,0.00916533605,0.20429983,0.0004974611676170112,1.933864159757997e-05,0.5827987645521502,0.0,0.00022497341010513307,0.0015507402936976982,0.002332263632858958,0.004369743170352081,0.011856172465262393,0.0005804684200554687,8.160683081810148e-07,0.011047754811119031,0.0,0.0,0.15390398052950077,0.005959402607133582,345.0,1165.0,264.0,6644.0,0.22847682119205298,0.5665024630541872,0.35020933771383383
20260918,6,aligned,P71,.1<=p<.5,4968,0.0028140175539228054,0.000869532780943285,0.03934007573552731,-6.420953086047735e-06,0.0,0.0,0.0009372639000000014,0.0028428800499999724,0.012043512,0.051444105,0.0006065174857085346,8.075302234081825e-06,0.533816425120773,0.0,0.0002949593297659173,0.0015407104320494978,0.0022595504129546886,0.0038991258915373026,0.008145320491584078,0.000600096532622487,6.752774501905243e-07,0.00785024154589372,0.0,0.0,0.036011360282994745,0.003328715452532561,234.0,689.0,241.0,3804.0,0.2535211267605634,0.4926315789473684,0.0861814731968717
20260918,6,aligned,P71,.5<=p<=1,276,0.0043780081778057355,0.0012839625558630744,0.005290079746961755,-9.881006480209385e-05,0.0,0.0,0.0014956855,0.0036213445,0.01869190575,0.044948775,0.0009372420253623189,2.1485162543544784e-05,0.6014492753623188,2.42163748503405e-05,0.00035714129160382345,0.0023563532694647147,0.003128445785586604,0.00440682503288854,0.00613851558033094,0.0008384319605602249,1.1674444561432175e-06,0.0,0.0,0.0,0.004929054451991177,0.00036102529497057873,25.0,48.0,7.0,196.0,0.3424657534246575,0.78125,0.011588865994743805
20260918,6,aligned,N71,n=0,18216,0.0035356041074169403,0.0007993246109374936,0.22770904250225052,5.286867382253101e-06,0.0,0.0,0.00047619,0.002041931,0.011623620099999971,0.106233062,0.0005651180614295126,1.4433352309423855e-05,0.63510101010101,0.0,0.00016280729123664233,0.0014856162052926593,0.0025200881955925597,0.00598678077980091,0.019500817261062432,0.0005704049288117656,1.4662551435280101e-06,0.017347386912604304,0.0,0.0,0.21119207455331712,0.01651696794893339,772.0,1912.0,536.0,14996.0,0.28763040238450077,0.5902140672782875,0.4988373910366083
20260918,6,aligned,N71,0<n<=.001,10074,0.0023079324616206228,0.0006325918307537501,0.05365968734033002,8.91112632391779e-05,0.0,0.0,0.0004892456000000012,0.001594723,0.008886576,0.070544801,0.0004017641046257693,5.56291192191409e-06,0.5652173913043478,0.0,0.00018019199592384362,0.0012830312718327649,0.001981038204460753,0.004342308418834388,0.011856172465262393,0.0004908753678649472,7.487721892520431e-07,0.011117728806829461,0.0,0.0,0.04764893307648953,0.0060107542638404895,355.0,1009.0,329.0,8381.0,0.2602639296187683,0.5190058479532164,0.11755114396225962
20260918,6,aligned,N71,n>.001,4692,0.006109102705361241,0.0013210052415289731,0.1751107694769474,-5.090731810220196e-06,0.0,0.0,0.001155911,0.00364163,0.0160848,0.20429983,0.0008868351018755328,3.7796773515685486e-05,0.5782182438192668,0.0,0.0004927025801006752,0.0022465090104538707,0.003184986967196286,0.005164274348920718,0.009804509565593846,0.0008817443700653127,1.1894286853381906e-06,0.005115089514066497,0.0,0.0,0.16906487811802168,0.006045891358925628,316.0,1023.0,182.0,3171.0,0.2359970126960418,0.6345381526104418,0.38361146500113213
20260918,6,aligned,fold,0,6624,0.003083882858023218,0.0008366985274033616,0.06299644898483059,1.9689074583517555e-05,0.0,0.0,0.000683735,0.002267045999999993,0.012851647539999893,0.106233062,0.0005736749627113526,1.0907435035975147e-05,0.5957125603864735,2.043898455594636e-06,0.000207449663145344,0.0015526832311867746,0.0024734284162178724,0.004963221038614254,0.01716413451508149,0.0005933640372948702,1.1826091535128202e-06,0.0,0.0,0.0,0.057107834758669325,0.005888614226161276,297.0,783.0,249.0,5295.0,0.275,0.5439560439560439,0.13800499053898177
20260918,6,aligned,fold,1,6486,0.0030617360630687818,0.0008001178064622499,0.06080124099124497,0.00013937844013274135,0.0,0.0,0.000514331,0.00224008875,0.009791392099999961,0.101808033,0.0005141641646623497,1.0343990126023341e-05,0.616558741905643,0.0,0.00023353650652818464,0.0017590352143440173,0.002775341993175473,0.005690493653045635,0.01679758401945453,0.0006535426047950911,1.3958365949926038e-06,0.03345667591736047,0.0,0.0,0.05463546776919003,0.006165773222054938,316.0,833.0,178.0,5159.0,0.2750217580504787,0.6396761133603239,0.13319599474211027
20260918,6,aligned,fold,2,6624,0.005760331314793808,0.0009075117116954134,0.2197937052554302,-0.00015667023995853143,0.0,0.0,0.0004590003999999996,0.001871629299999997,0.0130244911199999,0.20429983,0.000686823002415459,3.498005551846741e-05,0.6153381642512077,0.0,0.0001531782433167724,0.0014219857661480117,0.0023715911104818716,0.00503401216943503,0.018200190708884623,0.0005301527624569274,1.1224217085638034e-06,0.013888888888888888,0.0,0.0,0.21482085694746617,0.0049728483079639774,279.0,701.0,172.0,5472.0,0.28469387755102044,0.6186252771618626,0.48149742887265645
20260918,6,aligned,fold,3,6624,0.0036821274364930785,0.0008731726393848582,0.08980860572560141,-5.3554579167735014e-05,0.0,0.0,0.0006988570999999999,0.0023494473999999695,0.014021061,0.094843939,0.000646280974486715,1.5177454808729906e-05,0.5948067632850241,0.0,0.00020182383267215346,0.0014999838546888172,0.002524210083679371,0.005554322178578719,0.019500817261062432,0.00059272639531898,1.3892908004781309e-06,0.009963768115942028,0.0,0.0,0.0839388150356466,0.005869790689954801,324.0,695.0,225.0,5380.0,0.3179587831207066,0.5901639344262295,0.1967418161373703
20260918,6,aligned,fold,4,6624,0.0018666075609504382,0.0006950899047878725,0.0230794983624208,0.00020051735169131276,0.0,0.0,0.000557922,0.0016776995999999973,0.008882512569999994,0.049544141,0.00038303442436594205,3.7879867318193526e-06,0.6061292270531401,0.0,0.00019608782920475405,0.00153359889670458,0.0023472488873552623,0.005087959858142483,0.0123980071524461,0.0005835517760572548,1.0210862238411623e-06,0.0116243961352657,0.0,0.0,0.017402911236856288,0.005676587125564517,227.0,932.0,223.0,5242.0,0.19585849870578084,0.5044444444444445,0.05055976970888136
20260918,24,model_raw,all,all,28680,0.0037766221202272625,0.0008650676193690107,0.4090592446462292,1.420718932930454e-05,0.0,0.0,0.000567889,0.002144380549999996,0.012058430399999938,0.20429983,0.0005766182073919107,1.557066315159099e-05,0.6061018131101813,-0.002187973846326294,0.00012697405037951604,0.0017421771330895864,0.002797797228455718,0.005902603912706894,0.023760844606211633,0.0005908253967212152,1.6392030232274438e-06,0.0,0.19062064156206415,0.0,0.3778984871580364,0.031160757488192838,1329.0,3737.0,872.0,22742.0,0.26233714962495064,0.6038164470695139,1.0
20260918,24,model_raw,common_target,120_215,22944,0.0034422830874040102,0.0006977484200256685,0.2718706341182223,2.7587751354337283e-05,0.0,0.0,0.000321247,0.001331103,0.008993226079999996,0.20429983,0.0004309970198308926,1.2856811809483623e-05,0.6221670153417015,-0.002187973846326294,9.725518183082552e-05,0.001304857194064457,0.002173013230512447,0.004964599351123958,0.023636264880168824,0.0004585847711852299,1.1638604457762288e-06,0.0,0.19560669456066945,0.0,0.2539361730100703,0.01793446110815209,653.0,2417.0,671.0,19203.0,0.21270358306188925,0.493202416918429,0.6646241043967773
20260918,24,model_raw,target_window,73_76,0,,,0.0,,,,,,,,,,,,,,,,,,,,,,,,,,,,,,0.0
20260918,24,model_raw,target_window,77_95,0,,,0.0,,,,,,,,,,,,,,,,,,,,,,,,,,,,,,0.0
20260918,24,model_raw,target_window,96_143,11472,0.004651903555741937,0.0015441709292469137,0.24825645116975753,-1.704694084698876e-06,0.0,0.0,0.0021381336999999993,0.0052649688499999785,0.020622357989999753,0.106233062,0.0011250934055962345,2.452094413705301e-05,0.5043584379358438,-0.002187973846326294,0.0005428684644163183,0.0029170064253122873,0.004286301692883957,0.008423571133252697,0.023760844606211633,0.0011233887115115354,3.0660262847328965e-06,0.0,0.12090306834030684,0.0,0.22301467809750042,0.025241773072257143,1196.0,2740.0,523.0,7013.0,0.30386178861788615,0.6957533449680047,0.6068960778149864
20260918,24,model_raw,target_window,144_215,17208,0.0030569025614773505,0.0004123320794504085,0.16080279347647172,2.481511160530684e-05,0.0,0.0,0.000127093,0.000429744,0.003361723,0.20429983,0.000210968075255695,9.269559113454903e-06,0.673930729893073,-0.0016200321291020409,5.770719928198945e-05,0.0006507501554925965,0.0012135522673610618,0.002897671166331793,0.00971096375993708,0.00023578318686100187,3.72850088601083e-07,0.0,0.23709902370990238,0.0,0.15488380906053595,0.005918984415935698,133.0,997.0,349.0,15729.0,0.11769911504424779,0.27593360995850624,0.39310392218501355
20260918,24,model_raw,candidate_count,1,0,,,0.0,,,,,,,,,,,,,,,,,,,,,,,,,,,,,,0.0
20260918,24,model_raw,candidate_count,2,0,,,0.0,,,,,,,,,,,,,,,,,,,,,,,,,,,,,,0.0
20260918,24,model_raw,candidate_count,3,5736,0.0048905134474448156,0.001534344416742379,0.1371886105280069,-3.9315058770826387e-05,0.0,0.0,0.002130512,0.005372811,0.020808116,0.096087999,0.0011591029576359835,2.600195791468683e-05,0.5418410041841004,-0.0011964058959548268,0.0004842299106308928,0.003050045618799702,0.0044651431494718025,0.008405947333417627,0.023760844606211633,0.001119787898865157,3.1908216721893304e-06,0.0,0.17067642956764295,0.0,0.12396231414796607,0.013226296380040744,676.0,1320.0,201.0,3539.0,0.33867735470941884,0.7708095781071835,0.3353758956032227
20260918,24,model_raw,candidate_count,4,22944,0.0034422830874040102,0.0006977484200256685,0.2718706341182223,2.7587751354337283e-05,0.0,0.0,0.000321247,0.001331103,0.008993226079999996,0.20429983,0.0004309970198308926,1.2856811809483623e-05,0.6221670153417015,-0.002187973846326294,9.725518183082552e-05,0.001304857194064457,0.002173013230512447,0.004964599351123958,0.023636264880168824,0.0004585847711852299,1.1638604457762288e-06,0.0,0.19560669456066945,0.0,0.2539361730100703,0.01793446110815209,653.0,2417.0,671.0,19203.0,0.21270358306188925,0.493202416918429,0.6646241043967773
20260918,24,model_raw,truth_N,N=0,17383,0.0008626709065671351,0.0004048763460781078,0.012936447600268478,0.0003570493060842377,0.0,0.0,0.0,0.0,0.0,0.0,0.0,0.0,1.0,-0.002187973846326294,7.862912289535674e-05,0.0010938880205273865,0.0018421298921592782,0.0037851836328403827,0.009793763609780126,0.0003570493060842377,6.167168860621272e-07,0.0,0.23028245987459012,0.0,0.00014269647051087022,0.012793751129757606,0.0,1916.0,0.0,15467.0,0.0,,0.03162487529515788
20260918,24,model_raw,truth_N,0<N<=1e-4,5741,0.0009713220125528516,0.00046521819911961337,0.005416440901332275,0.00042545306315955474,4.79e-07,2.44e-05,7.49e-05,8.55e-05,9.59e-05,0.0001,3.246462236544156e-05,6.66997663111529e-10,0.0,-0.0016200321291020409,0.00012938382178504873,0.0013344051135295138,0.0020357906669539716,0.004369222968393808,0.009288692736922899,0.0004579176855249963,7.70042842945956e-07,0.0,0.170353596934332,0.0,2.8453128747087725e-05,0.005387987772585187,0.0,791.0,0.0,4950.0,0.0,,0.013241213766031934
20260918,24,model_raw,truth_N,1e-4<N<=1e-3,3355,0.0015437271767614962,0.000854186727720938,0.007995279015492627,0.0005747264658214807,0.00010005,0.000267255,0.000745712,0.0008622257999999999,0.00096410564,0.000999177,0.00035182071028315947,5.7545827386840654e-08,0.0,-0.0011964058959548268,0.0004144880529602465,0.002475188892131321,0.003679062299792813,0.0065485790315982706,0.01695053162630144,0.0009265471761046401,2.0796060225441395e-06,0.0,0.11177347242921014,0.0,0.0002570331319274628,0.007738245883565162,0.0,1030.0,0.0,2325.0,0.0,,0.019545528233709187
20260918,24,model_raw,truth_N,1e-3<N<=1e-2,1835,0.003231550234023894,0.00239882108223064,0.019162752539061495,-0.0012901184873714293,0.00100025,0.002507612,0.006814929400000002,0.008300341099999999,0.009698628880000002,0.00996318,0.0032800513542234335,4.795364285403891e-06,0.0,-0.0014633726831487159,0.0012970408478212875,0.004765474406931048,0.006650188543941536,0.010685545409142313,0.023760844606211633,0.001989932866852004,5.617829405871875e-06,0.0,0.05449591280653951,0.0,0.014052368123137106,0.005110384415924384,1061.0,0.0,774.0,0.0,1.0,0.5782016348773842,0.04684590995036479
20260918,24,model_raw,truth_N,N>1e-2,366,0.03151668499868306,0.021403614647772694,0.3635483245900744,-0.021318283611479093,0.010016373,0.01784266,0.045064489,0.0662647875,0.09963877105000023,0.20429983,0.02500485812295082,0.0005412663450431728,0.0,-0.0007185633698783153,0.00246192591019678,0.007704094110487874,0.013133809395597527,0.01898802007576288,0.023636264880168824,0.003686574511471728,1.654686393691524e-05,0.0,0.030054644808743168,0.0,0.36341793630371383,0.0001303882863604961,268.0,0.0,98.0,0.0,1.0,0.73224043715847,0.8887424727547364
20260918,24,model_raw,P71,p=0,6360,0.004223742565852908,0.001065680653986227,0.11346240803012136,1.539596291297395e-05,0.0,0.0,0.0006145598000000025,0.002646767649999995,0.01784266,0.096087999,0.0007438741507861634,2.136483888002385e-05,0.685062893081761,-0.0018027108782302636,0.00012671336688725216,0.002320359870267768,0.003951626841395701,0.008963492534830515,0.023760844606211633,0.0007592701136991375,3.1940050517466346e-06,0.0,0.19213836477987423,0.0,0.1018356948345634,0.011626713195557994,350.0,841.0,175.0,4994.0,0.2938706968933669,0.6666666666666666,0.2773740222599007
20260918,24,model_raw,P71,0<p<.01,10440,0.0031615220473006156,0.0007845118383158756,0.10435011408412861,-1.689861360046041e-05,0.0,0.0,0.00050652,0.0020288057499999977,0.011632388400000047,0.106233062,0.0005308354890804597,1.1106206854650074e-05,0.5985632183908046,-0.002187973846326294,0.00010047310633322072,0.0015655290353615986,0.0024278866556191377,0.005369026358801454,0.021868121265875215,0.0005139368754799995,1.256844504532195e-06,0.0,0.20660919540229886,0.0,0.09546053721121267,0.008889576872915948,439.0,1239.0,323.0,8439.0,0.26162097735399287,0.5761154855643045,0.2550978017239893
20260918,24,model_raw,P71,.01<=p<.1,7320,0.00467021480563663,0.0008564125016150277,0.15965583434136513,6.777715829950466e-05,0.0,0.0,0.0005046298000000001,0.0018520225999999953,0.010833438979999993,0.20429983,0.0005279018013661202,2.207727446719795e-05,0.5845628415300547,-0.0012493104605819719,0.0001548009451670552,0.001770159214018035,0.0026791401700399673,0.005272328016337301,0.014679133696255472,0.000595678959665625,1.2884939009554846e-06,0.0,0.17486338797814208,0.0,0.15240500165259008,0.007250832688775109,335.0,1090.0,204.0,5691.0,0.23508771929824562,0.62152133580705,0.39030002727219104
20260918,24,model_raw,P71,.1<=p<.5,4320,0.0024734347549871063,0.0007640427867155634,0.026429239384609508,2.571814499648273e-06,0.0,0.0,0.0007649872999999998,0.002394829,0.010008633960000023,0.051444105,0.0005147943081018518,6.350791238826382e-06,0.5423611111111111,-0.0008940999182522066,0.00016759761216022763,0.0015764549601106142,0.0023598266113864447,0.00413867407009418,0.00968549112592152,0.0005173661226015001,8.009620383867027e-07,0.0,0.18101851851851852,0.0,0.023481465517527767,0.002947773867081737,197.0,536.0,165.0,3422.0,0.26875852660300137,0.5441988950276243,0.06460980831142582
20260918,24,model_raw,P71,.5<=p<=1,240,0.004637550002427883,0.0011354267570826643,0.005161648806004526,-8.864018985044909e-05,0.0,0.0,0.000400126,0.0014027997499999958,0.026314539749999616,0.044948775,0.0007345645250000001,2.2736268654248838e-05,0.6458333333333334,-0.00015363551637772425,0.00010285949820314646,0.002118060799262348,0.003076570221839085,0.006276726814087262,0.00961614015395437,0.000645924335149551,1.7445573888618744e-06,0.0,0.10833333333333334,0.0,0.004715787942142474,0.0004458608638620513,8.0,31.0,5.0,196.0,0.20512820512820512,0.6153846153846154,0.012618340432492917
20260918,24,model_raw,N71,n=0,15840,0.0034743335572743517,0.0008604942280787207,0.1912045396884899,-9.477771141937572e-07,0.0,0.0,0.000533133,0.0023873851499999978,0.012878502,0.106233062,0.0005940687678030303,1.4164726295826914e-05,0.633270202020202,-0.0018027108782302636,0.00010696081974468735,0.0017289980035296473,0.0028456669914521757,0.006669292879012468,0.023760844606211633,0.0005931209906888366,1.959909863660506e-06,0.0,0.19116161616161617,0.0,0.17243426067649176,0.01877027901199822,739.0,1866.0,471.0,12764.0,0.2836852207293666,0.6107438016528925,0.46742505441687604
20260918,24,model_raw,N71,0<n<=.001,8760,0.0023850734935410923,0.0006470177003908688,0.049831921989628616,5.7027482433375984e-05,0.0,0.0,0.000472797,0.001642075,0.008574791799999995,0.070544801,0.0004034472973744292,5.890922768680343e-06,0.5668949771689498,-0.002187973846326294,0.00010541821595486675,0.001393728384139118,0.0021849947410435638,0.004599825641848019,0.014679133696255472,0.00046047477980780513,9.209964827823527e-07,0.0,0.21426940639269407,0.0,0.04418662929517876,0.005645292694449862,324.0,961.0,271.0,7204.0,0.25214007782101167,0.5445378151260504,0.1218207940336986
20260918,24,model_raw,N71,n>.001,4080,0.006417324570959982,0.0013509891410079112,0.1680227829681106,-1.889357026056124e-05,0.0,0.0,0.0008969676999999984,0.0034476231499999998,0.017003203,0.20429983,0.0008806771031862746,4.1653957810774144e-05,0.5848039215686275,-0.0012161501454663966,0.00037039941356846603,0.002464401703312339,0.00357527711579637,0.006115718289393231,0.012123766647061902,0.0008617835329257132,1.826217512388476e-06,0.0,0.1377450980392157,0.0,0.1612775971863659,0.0067451857817447565,266.0,910.0,130.0,2774.0,0.2261904761904762,0.6717171717171717,0.41075415154942513
20260918,24,model_raw,fold,0,5760,0.0032299439043794132,0.0008635774787944972,0.0600914167225213,2.4367883768343316e-06,0.0,0.0,0.0005897880000000012,0.002149654,0.013487161079999975,0.106233062,0.0005842918699652778,1.200353164331515e-05,0.5996527777777778,-0.000644582964025285,0.00012177466725496401,0.0018272577553590757,0.002687410571775527,0.005606443483583923,0.01676550604497337,0.0005867286583421121,1.4271989809519985e-06,0.0,0.21371527777777777,0.0,0.0543140788554303,0.005777337867091005,275.0,804.0,174.0,4507.0,0.2548656163113994,0.6124721603563474,0.14690150023254153
20260918,24,model_raw,fold,1,5640,0.0022851750502525716,0.0007713318281054159,0.0294522210580742,0.00018440390336084926,0.0,0.0,0.0004822266000000002,0.0021985373000000027,0.009756814159999985,0.044948775,0.00046743691719858157,6.150175884968658e-06,0.6159574468085106,-0.0007364237953933671,0.0002029572670455286,0.0018196138523594112,0.00292743262278738,0.0058834630230787536,0.018376244874084225,0.0006518408205594308,1.6365855517303867e-06,0.0,0.15425531914893617,0.0,0.023411988505727604,0.006040232552346597,281.0,772.0,143.0,4444.0,0.2668566001899335,0.6627358490566038,0.07199989107579186
20260918,24,model_raw,fold,2,5760,0.006121696792499122,0.0010010482687071041,0.2158569885271336,-0.00020827026896242778,0.0,0.0,0.0005001355000000028,0.0021370692500000204,0.014756865,0.20429983,0.0007518935484375,3.936768263625226e-05,0.615625,-0.002187973846326294,9.677198291007982e-05,0.001669076341791001,0.002622776660360653,0.0059211477395532605,0.023636264880168824,0.0005436232794750722,1.6535009955871546e-06,0.0,0.13576388888888888,0.0,0.20997009537714456,0.005886893149989129,269.0,676.0,156.0,4659.0,0.28465608465608466,0.6329411764705882,0.5276912607458983
20260918,24,model_raw,fold,3,5760,0.003747774366144636,0.0009862345746581142,0.08090388114929757,-4.712077094273563e-05,0.0,0.0,0.000798244,0.0024615446500000013,0.014755634359999973,0.094843939,0.0006675870718750001,1.5764509821393307e-05,0.5899305555555555,-0.0012493104605819719,0.00010997126444097291,0.001921790537408502,0.003204472735744533,0.007108058305209927,0.023760844606211633,0.0006204663009322644,2.3263690281947737e-06,0.0,0.36163194444444446,0.0,0.07272081179604217,0.008183069353255395,306.0,749.0,198.0,4507.0,0.2900473933649289,0.6071428571428571,0.19778035139938344
20260918,24,model_raw,fold,4,5760,0.001987580238998858,0.0007011931175952631,0.02275473718920245,0.00014313205968965976,0.0,0.0,0.000534136,0.001823154,0.009709467809999994,0.049544141,0.00040960701927083334,4.2925350098481225e-06,0.6095486111111111,-0.0002600013560815173,0.00014261395361417248,0.0015386610385595802,0.0024697874487283303,0.005121610617321659,0.011510271504155022,0.0005527390789604931,1.1440867331702206e-06,0.0,0.08697916666666666,0.0,0.017481512623691735,0.005273224565510715,198.0,736.0,201.0,4625.0,0.21199143468950749,0.49624060150375937,0.05562699654638451
20260918,24,component_clipped,all,all,28680,0.003774665008451409,0.0008454606613108937,0.408635391158468,3.381414738742153e-05,0.0,0.0,0.000567889,0.002144380549999996,0.012058430399999938,0.20429983,0.0005766182073919107,1.557066315159099e-05,0.6061018131101813,0.0,0.00012697405037951604,0.0017421771330895864,0.002797797228455718,0.005902603912706894,0.023760844606211633,0.0006104323547793323,1.6088210692892906e-06,0.19062064156206415,0.0,0.0,0.37747463367027506,0.031160757488192838,1329.0,3737.0,872.0,22742.0,0.26233714962495064,0.6038164470695139,1.0
20260918,24,component_clipped,common_target,120_215,22944,0.0034401322733824424,0.000678554866247843,0.27153099877918274,4.678130513216276e-05,0.0,0.0,0.000321247,0.001331103,0.008993226079999996,0.20429983,0.0004309970198308926,1.2856811809483623e-05,0.6221670153417015,0.0,9.725518183082552e-05,0.001304857194064457,0.002173013230512447,0.004964599351123958,0.023636264880168824,0.00047777832496305537,1.1391884942374613e-06,0.19560669456066945,0.0,0.0,0.2535965376710307,0.01793446110815209,653.0,2417.0,671.0,19203.0,0.21270358306188925,0.493202416918429,0.6644823347517728
20260918,24,component_clipped,target_window,73_76,0,,,0.0,,,,,,,,,,,,,,,,,,,,,,,,,,,,,,0.0
20260918,24,component_clipped,target_window,77_95,0,,,0.0,,,,,,,,,,,,,,,,,,,,,,,,,,,,,,0.0
20260918,24,component_clipped,target_window,96_143,11472,0.004649893327589766,0.001525925352441278,0.24804193929376092,1.6540882720937175e-05,0.0,0.0,0.0021381336999999993,0.0052649688499999785,0.020622357989999753,0.106233062,0.0011250934055962345,2.452094413705301e-05,0.5043584379358438,0.0,0.0005428684644163183,0.0029170064253122873,0.004286301692883957,0.008423571133252697,0.023760844606211633,0.0011416342883171712,3.0165139761197875e-06,0.12090306834030684,0.0,0.0,0.22280016622150378,0.025241773072257143,1196.0,2740.0,523.0,7013.0,0.30386178861788615,0.6957533449680047,0.6070006285813133
20260918,24,component_clipped,target_window,144_215,17208,0.003054912094436856,0.0003918175338906376,0.160593451864707,4.532965716507777e-05,0.0,0.0,0.000127093,0.000429744,0.003361723,0.20429983,0.000210968075255695,9.269559113454903e-06,0.673930729893073,0.0,5.770719928198945e-05,0.0006507501554925965,0.0012135522673610618,0.002897671166331793,0.00971096375993708,0.00025629773242077274,3.5683080451969384e-07,0.23709902370990238,0.0,0.0,0.1546744674487713,0.005918984415935698,133.0,997.0,349.0,15729.0,0.11769911504424779,0.27593360995850624,0.3929993714186865
20260918,24,component_clipped,candidate_count,1,0,,,0.0,,,,,,,,,,,,,,,,,,,,,,,,,,,,,,0.0
20260918,24,component_clipped,candidate_count,2,0,,,0.0,,,,,,,,,,,,,,,,,,,,,,,,,,,,,,0.0
20260918,24,component_clipped,candidate_count,3,5736,0.004889012108459906,0.0015130838415630958,0.13710439237928526,-1.8054483591543448e-05,0.0,0.0,0.002130512,0.005372811,0.020808116,0.096087999,0.0011591029576359835,2.600195791468683e-05,0.5418410041841004,0.0,0.0004842299106308928,0.003050045618799702,0.0044651431494718025,0.008405947333417627,0.023760844606211633,0.0011410484740444397,3.1354095369666547e-06,0.17067642956764295,0.0,0.0,0.12387809599924446,0.013226296380040744,676.0,1320.0,201.0,3539.0,0.33867735470941884,0.7708095781071835,0.33551766524822724
20260918,24,component_clipped,candidate_count,4,22944,0.0034401322733824424,0.000678554866247843,0.27153099877918274,4.678130513216276e-05,0.0,0.0,0.000321247,0.001331103,0.008993226079999996,0.20429983,0.0004309970198308926,1.2856811809483623e-05,0.6221670153417015,0.0,9.725518183082552e-05,0.001304857194064457,0.002173013230512447,0.004964599351123958,0.023636264880168824,0.00047777832496305537,1.1391884942374613e-06,0.19560669456066945,0.0,0.0,0.2535965376710307,0.01793446110815209,653.0,2417.0,671.0,19203.0,0.21270358306188925,0.493202416918429,0.6644823347517728
20260918,24,component_clipped,truth_N,N=0,17383,0.0008578998345968622,0.0003809628260811727,0.012793751129757606,0.0003809628260811727,0.0,0.0,0.0,0.0,0.0,0.0,0.0,0.0,1.0,0.0,7.862912289535674e-05,0.0010938880205273865,0.0018421298921592782,0.0037851836328403827,0.009793763609780126,0.0003809628260811727,5.908594513455698e-07,0.23028245987459012,0.0,0.0,0.0,0.012793751129757606,0.0,1916.0,0.0,15467.0,0.0,,0.031308475493245315
20260918,24,component_clipped,truth_N,0<N<=1e-4,5741,0.0009689350072703931,0.00045216570740975494,0.005389852012371116,0.0004385055548694131,4.79e-07,2.44e-05,7.49e-05,8.55e-05,9.59e-05,0.0001,3.246462236544156e-05,6.66997663111529e-10,0.0,0.0,0.00012938382178504873,0.0013344051135295138,0.0020357906669539716,0.004369222968393808,0.009288692736922899,0.0004709701772348547,7.542474623655262e-07,0.170353596934332,0.0,0.0,1.8642397859278883e-06,0.005387987772585187,0.0,791.0,0.0,4950.0,0.0,,0.013189880585455562
20260918,24,component_clipped,truth_N,1e-4<N<=1e-3,3355,0.001537547908573268,0.0008378987067256856,0.007931399731235194,0.0005910144868167332,0.00010005,0.000267255,0.000745712,0.0008622257999999999,0.00096410564,0.000999177,0.00035182071028315947,5.7545827386840654e-08,0.0,0.0,0.0004144880529602465,0.002475188892131321,0.003679062299792813,0.0065485790315982706,0.01695053162630144,0.0009428351970998927,2.0421104998080444e-06,0.11177347242921014,0.0,0.0,0.0001931538476700306,0.007738245883565162,0.0,1030.0,0.0,2325.0,0.0,,0.01940947823620939
20260918,24,component_clipped,truth_N,1e-3<N<=1e-2,1835,0.0032225938320083664,0.00239054163607054,0.0190566786961905,-0.0012818390412113294,0.00100025,0.002507612,0.006814929400000002,0.008300341099999999,0.009698628880000002,0.00996318,0.0032800513542234335,4.795364285403891e-06,0.0,0.0,0.0012970408478212875,0.004765474406931048,0.006650188543941536,0.010685545409142313,0.023760844606211633,0.0019982123130121037,5.580610602242663e-06,0.05449591280653951,0.0,0.0,0.013946294280266117,0.005110384415924384,1061.0,0.0,774.0,0.0,1.0,0.5782016348773842,0.04663491980507474
20260918,24,component_clipped,truth_N,N>1e-2,366,0.03151301706879956,0.02139851795391772,0.36346370958891355,-0.021313186917624124,0.010016373,0.01784266,0.045064489,0.0662647875,0.09963877105000023,0.20429983,0.02500485812295082,0.0005412663450431728,0.0,0.0,0.00246192591019678,0.007704094110487874,0.013133809395597527,0.01898802007576288,0.023636264880168824,0.003691671205326701,1.6507254201912025e-05,0.030054644808743168,0.0,0.0,0.363333321302553,0.0001303882863604961,268.0,0.0,98.0,0.0,1.0,0.73224043715847,0.889457245880015
20260918,24,component_clipped,P71,p=0,6360,0.004221888570126057,0.0010474327856681473,0.11336282210684819,3.36438312310535e-05,0.0,0.0,0.0006145598000000025,0.002646767649999995,0.01784266,0.096087999,0.0007438741507861634,2.136483888002385e-05,0.685062893081761,0.0,0.00012671336688725216,0.002320359870267768,0.003951626841395701,0.008963492534830515,0.023760844606211633,0.000777517982017217,3.159062247318804e-06,0.19213836477987423,0.0,0.0,0.10173610891129022,0.011626713195557994,350.0,841.0,175.0,4994.0,0.2938706968933669,0.6666666666666666,0.2774180224220626
20260918,24,component_clipped,P71,0<p<.01,10440,0.003158994739239453,0.0007639200313903896,0.10418334664094411,3.6931933250258094e-06,0.0,0.0,0.00050652,0.0020288057499999977,0.011632388400000047,0.106233062,0.0005308354890804597,1.1106206854650074e-05,0.5985632183908046,0.0,0.00010047310633322072,0.0015655290353615986,0.0024278866556191377,0.005369026358801454,0.021868121265875215,0.0005345286824054856,1.2289402724454457e-06,0.20660919540229886,0.0,0.0,0.09529376976802817,0.008889576872915948,439.0,1239.0,323.0,8439.0,0.26162097735399287,0.5761154855643045,0.2549542915154454
20260918,24,component_clipped,P71,.01<=p<.1,7320,0.004668293523934075,0.0008348770709102137,0.15952449959542728,8.931258900431859e-05,0.0,0.0,0.0005046298000000001,0.0018520225999999953,0.010833438979999993,0.20429983,0.0005279018013661202,2.207727446719795e-05,0.5845628415300547,0.0,0.0001548009451670552,0.001770159214018035,0.0026791401700399673,0.005272328016337301,0.014679133696255472,0.0006172143903704387,1.2529145526484664e-06,0.17486338797814208,0.0,0.0,0.15227366690665223,0.007250832688775109,335.0,1090.0,204.0,5691.0,0.23508771929824562,0.62152133580705,0.39038346420064235
20260918,24,component_clipped,P71,.1<=p<.5,4320,0.0024722137671351688,0.0007471622073861459,0.026403152732982705,1.9452393829065814e-05,0.0,0.0,0.0007649872999999998,0.002394829,0.010008633960000023,0.051444105,0.0005147943081018518,6.350791238826382e-06,0.5423611111111111,0.0,0.00016759761216022763,0.0015764549601106142,0.0023598266113864447,0.00413867407009418,0.00968549112592152,0.0005342467019309176,7.79333855378639e-07,0.18101851851851852,0.0,0.0,0.023455378865900964,0.002947773867081737,197.0,536.0,165.0,3422.0,0.26875852660300137,0.5441988950276243,0.06461298581635484
20260918,24,component_clipped,P71,.5<=p<=1,240,0.0046375146371132854,0.0011323884452517825,0.005161570082265591,-8.560187801956754e-05,0.0,0.0,0.000400126,0.0014027997499999958,0.026314539749999616,0.044948775,0.0007345645250000001,2.2736268654248838e-05,0.6458333333333334,0.0,0.00010285949820314646,0.002118060799262348,0.003076570221839085,0.006276726814087262,0.00961614015395437,0.0006489626469804326,1.740363027575115e-06,0.10833333333333334,0.0,0.0,0.00471570921840354,0.0004458608638620513,8.0,31.0,5.0,196.0,0.20512820512820512,0.6153846153846154,0.012631236045494513
20260918,24,component_clipped,N71,n=0,15840,0.0034726671746619425,0.0008439741248735983,0.19102117012663697,1.557232609092855e-05,0.0,0.0,0.000533133,0.0023873851499999978,0.012878502,0.106233062,0.0005940687678030303,1.4164726295826914e-05,0.633270202020202,0.0,0.00010696081974468735,0.0017289980035296473,0.0028456669914521757,0.006669292879012468,0.023760844606211633,0.0006096410938939589,1.935301613093155e-06,0.19116161616161617,0.0,0.0,0.1722508911146388,0.01877027901199822,739.0,1866.0,471.0,12764.0,0.2836852207293666,0.6107438016528925,0.46746115059955573
20260918,24,component_clipped,N71,0<n<=.001,8760,0.002380769753992767,0.0006257587093233848,0.04965224608457461,7.828647350085992e-05,0.0,0.0,0.000472797,0.001642075,0.008574791799999995,0.070544801,0.0004034472973744292,5.890922768680343e-06,0.5668949771689498,0.0,0.00010541821595486675,0.001393728384139118,0.0021849947410435638,0.004599825641848019,0.014679133696255472,0.00048173377087528914,8.930990618672199e-07,0.21426940639269407,0.0,0.0,0.044006953390124746,0.005645292694449862,324.0,961.0,271.0,7204.0,0.25214007782101167,0.5445378151260504,0.12150745422175038
20260918,24,component_clipped,N71,n>.001,4080,0.006416163240003075,0.001322944934981809,0.16796197494725634,9.150635765541255e-06,0.0,0.0,0.0008969676999999984,0.0034476231499999998,0.017003203,0.20429983,0.0008806771031862746,4.1653957810774144e-05,0.5848039215686275,0.0,0.00037039941356846603,0.002464401703312339,0.00357527711579637,0.006115718289393231,0.012123766647061902,0.0008898277389518158,1.764378975471835e-06,0.1377450980392157,0.0,0.0,0.16121678916551158,0.0067451857817447565,266.0,910.0,130.0,2774.0,0.2261904761904762,0.6717171717171717,0.41103139517869375
20260918,24,component_clipped,fold,0,5760,0.003228833710711885,0.0008456886683483369,0.06005011467703381,2.0325598822994798e-05,0.0,0.0,0.0005897880000000012,0.002149654,0.013487161079999975,0.106233062,0.0005842918699652778,1.200353164331515e-05,0.5996527777777778,0.0,0.00012177466725496401,0.0018272577553590757,0.002687410571775527,0.005606443483583923,0.01676550604497337,0.0006046174687882725,1.4021570261023689e-06,0.21371527777777777,0.0,0.0,0.05427277680994281,0.005777337867091005,275.0,804.0,174.0,4507.0,0.2548656163113994,0.6124721603563474,0.14695279943030315
20260918,24,component_clipped,fold,1,5640,0.0022840998166605395,0.0007618154783065024,0.029424511524723532,0.00019392025315976283,0.0,0.0,0.0004822266000000002,0.0021985373000000027,0.009756814159999985,0.044948775,0.00046743691719858157,6.150175884968658e-06,0.6159574468085106,0.0,0.0002029572670455286,0.0018196138523594112,0.00292743262278738,0.0058834630230787536,0.018376244874084225,0.0006613571703583444,1.6225307664413492e-06,0.15425531914893617,0.0,0.0,0.023384278972376937,0.006040232552346597,281.0,772.0,143.0,4444.0,0.2668566001899335,0.6627358490566038,0.07200676241307931
20260918,24,component_clipped,fold,2,5760,0.006119811844535554,0.000982154444074019,0.21572407879210162,-0.0001893764443293425,0.0,0.0,0.0005001355000000028,0.0021370692500000204,0.014756865,0.20429983,0.0007518935484375,3.936768263625226e-05,0.615625,0.0,9.677198291007982e-05,0.001669076341791001,0.002622776660360653,0.0059211477395532605,0.023636264880168824,0.0005625171041081574,1.6217694283184147e-06,0.13576388888888888,0.0,0.0,0.20983718564211254,0.005886893149989129,269.0,676.0,156.0,4659.0,0.28465608465608466,0.6329411764705882,0.5279133512653686
20260918,24,component_clipped,fold,3,5760,0.0037427232060391084,0.000938102380300809,0.08068594750285629,1.0114234145698118e-06,0.0,0.0,0.000798244,0.0024615446500000013,0.014755634359999973,0.094843939,0.0006675870718750001,1.5764509821393307e-05,0.5899305555555555,0.0,0.00010997126444097291,0.001921790537408502,0.003204472735744533,0.007108058305209927,0.023760844606211633,0.0006685984952895698,2.2467227337290584e-06,0.36163194444444446,0.0,0.0,0.07250287814960091,0.008183069353255395,306.0,749.0,198.0,4507.0,0.2900473933649289,0.6071428571428571,0.19745217680268531
20260918,24,component_clipped,fold,4,5760,0.0019874055996865316,0.0006977997275455432,0.022750738661752604,0.00014652544973937977,0.0,0.0,0.000534136,0.001823154,0.009709467809999994,0.049544141,0.00040960701927083334,4.2925350098481225e-06,0.6095486111111111,0.0,0.00014261395361417248,0.0015386610385595802,0.0024697874487283303,0.005121610617321659,0.011510271504155022,0.0005561324690102131,1.1400102399126757e-06,0.08697916666666666,0.0,0.0,0.01747751409624189,0.005273224565510715,198.0,736.0,201.0,4625.0,0.21199143468950749,0.49624060150375937,0.05567491008856331
20260918,24,aligned,all,all,28680,0.003758575385388488,0.0008364739919715524,0.40515917444495103,3.1720157415679986e-05,0.0,0.0,0.000567889,0.002144380549999996,0.012058430399999938,0.20429983,0.0005766182073919107,1.557066315159099e-05,0.6061018131101813,0.0,0.00019490887309130375,0.001622647456887398,0.002611871435668727,0.005455553457276381,0.019500817261062432,0.0006083383648075906,1.3148952625403048e-06,0.011227336122733612,0.0,0.0,0.37936817812129797,0.025790996323653108,1360.0,3468.0,841.0,23011.0,0.28169014084507044,0.6179009541117674,1.0
20260918,24,aligned,common_target,120_215,22944,0.003423885992754219,0.0006713701642757159,0.26897240396538935,4.8912497949321576e-05,0.0,0.0,0.000321247,0.001331103,0.008993226079999996,0.20429983,0.0004309970198308926,1.2856811809483623e-05,0.6221670153417015,0.0,0.00016630821578831652,0.0012104260985852271,0.0020228016909018182,0.004545336128348486,0.018200190708884623,0.00047990951778021415,8.725172212171678e-07,0.008193863319386332,0.0,0.0,0.2550420484119803,0.013930355553409015,670.0,2170.0,654.0,19450.0,0.23591549295774647,0.5060422960725075,0.6638684767137975
20260918,24,aligned,target_window,73_76,0,,,0.0,,,,,,,,,,,,,,,,,,,,,,,,,,,,,,0.0
20260918,24,aligned,target_window,77_95,0,,,0.0,,,,,,,,,,,,,,,,,,,,,,,,,,,,,,0.0
20260918,24,aligned,target_window,96_143,11472,0.004634325830210776,0.001504640276827857,0.2463838675312105,-2.9181234736889834e-06,0.0,0.0,0.0021381336999999993,0.0052649688499999785,0.020622357989999753,0.106233062,0.0011250934055962345,2.452094413705301e-05,0.5043584379358438,0.0,0.0005813432673682074,0.0027347485162486744,0.004000398311741861,0.0076227482701270565,0.019500817261062432,0.0011221752821225452,2.4279404941792794e-06,0.012203626220362623,0.0,0.0,0.22516920672341192,0.02121466080779856,1238.0,2705.0,481.0,7048.0,0.3139741313720517,0.7201861547411286,0.6081162246140539
20260918,24,aligned,target_window,144_215,17208,0.0030375699079540283,0.0003910298020673495,0.1587753069137405,5.48123446752593e-05,0.0,0.0,0.000127093,0.000429744,0.003361723,0.20429983,0.000210968075255695,9.269559113454903e-06,0.673930729893073,0.0,0.00010077459614934715,0.0006376091026201002,0.0010302077950386473,0.002748007171335933,0.008651074912762978,0.00026578041993095434,2.7950024411905966e-07,0.010576476057647605,0.0,0.0,0.15419897139788602,0.004576335515854544,122.0,763.0,360.0,15963.0,0.13785310734463277,0.25311203319502074,0.391883775385946
20260918,24,aligned,candidate_count,1,0,,,0.0,,,,,,,,,,,,,,,,,,,,,,,,,,,,,,0.0
20260918,24,aligned,candidate_count,2,0,,,0.0,,,,,,,,,,,,,,,,,,,,,,,,,,,,,,0.0
20260918,24,aligned,candidate_count,3,5736,0.004872623879669653,0.0014968893027548986,0.13618677047956176,-3.704920471888636e-05,0.0,0.0,0.002130512,0.005372811,0.020808116,0.096087999,0.0011591029576359835,2.600195791468683e-05,0.5418410041841004,0.0,0.0004813802403792226,0.002916353617947769,0.004138781438912467,0.007974690730523967,0.019500817261062432,0.001122053752917097,2.7545280528572263e-06,0.023361227336122732,0.0,0.0,0.12432612970931761,0.011860640770244086,690.0,1298.0,187.0,3561.0,0.3470824949698189,0.7867730900798175,0.3361315232862028
20260918,24,aligned,candidate_count,4,22944,0.003423885992754219,0.0006713701642757159,0.26897240396538935,4.8912497949321576e-05,0.0,0.0,0.000321247,0.001331103,0.008993226079999996,0.20429983,0.0004309970198308926,1.2856811809483623e-05,0.6221670153417015,0.0,0.00016630821578831652,0.0012104260985852271,0.0020228016909018182,0.004545336128348486,0.018200190708884623,0.00047990951778021415,8.725172212171678e-07,0.008193863319386332,0.0,0.0,0.2550420484119803,0.013930355553409015,670.0,2170.0,654.0,19450.0,0.23591549295774647,0.5060422960725075,0.6638684767137975
20260918,24,aligned,truth_N,N=0,17383,0.0007872746618411739,0.0003864697870937589,0.010774007617598131,0.0003864697870937589,0.0,0.0,0.0,0.0,0.0,0.0,0.0,0.0,1.0,0.0,0.00013781755747466234,0.000996519216189897,0.0016707875915053635,0.00344394939729874,0.012652424832495228,0.0003864697870937589,4.704424968408393e-07,0.015129724443421734,0.0,0.0,0.0,0.010774007617598131,0.0,1734.0,0.0,15649.0,0.0,,0.026592036654132328
20260918,24,aligned,truth_N,0<N<=1e-4,5741,0.0008602077581623589,0.00043632081772949834,0.004248095359930766,0.00043203214705180297,4.79e-07,2.44e-05,7.49e-05,8.55e-05,9.59e-05,0.0001,3.246462236544156e-05,6.66997663111529e-10,0.0,0.0,0.00019031744954262745,0.0011857532032922861,0.0018522357361419155,0.0038037428226653574,0.007770736450803189,0.00046449676941724444,5.609124097190822e-07,0.006270684549730012,0.0,0.0,4.842904571101494e-07,0.004247611069473655,0.0,715.0,0.0,5026.0,0.0,,0.010485003494615312
20260918,24,aligned,truth_N,1e-4<N<=1e-3,3355,0.001422293033668059,0.0007971189910670884,0.006786888123997418,0.0006013067941107455,0.00010005,0.000267255,0.000745712,0.0008622257999999999,0.00096410564,0.000999177,0.00035182071028315947,5.7545827386840654e-08,0.0,0.0,0.00046539334790722444,0.002481752730658427,0.003532464540338067,0.005959681861546151,0.014616868733447341,0.0009531275043939049,1.6935403653207989e-06,0.005365126676602086,0.0,0.0,0.00014569379443882838,0.00664119432955859,0.0,1019.0,0.0,2336.0,0.0,,0.01675116485587457
20260918,24,aligned,truth_N,1e-3<N<=1e-2,1835,0.0031076350405060058,0.0022975283411815787,0.017721320825039702,-0.0013302034187842168,0.00100025,0.002507612,0.006814929400000002,0.008300341099999999,0.009698628880000002,0.00996318,0.0032800513542234335,4.795364285403891e-06,0.0,0.0,0.0013296183807674552,0.00441041842479124,0.006157173865289168,0.009799370249265674,0.019500817261062432,0.0019498479354392163,4.508945559289063e-06,0.0027247956403269754,0.0,0.0,0.013620608905541115,0.004100711919498587,1083.0,0.0,752.0,0.0,1.0,0.5901907356948229,0.043739157207329876
20260918,24,aligned,truth_N,N>1e-2,366,0.031606739204875056,0.021521456953579196,0.365628862518385,-0.021489146916300605,0.010016373,0.01784266,0.045064489,0.0662647875,0.09963877105000023,0.20429983,0.02500485812295082,0.0005412663450431728,0.0,1.197538220671833e-05,0.0021889972259123616,0.009009215060276748,0.011464538689542034,0.01566955141917655,0.018200190708884623,0.003515711206650215,1.253593953614837e-05,0.0,0.0,0.0,0.3656013911308609,2.747138752414038e-05,277.0,0.0,89.0,0.0,1.0,0.7568306010928961,0.9024326377880478
20260918,24,aligned,P71,p=0,6360,0.00421890874733063,0.0010176339571552825,0.11320285487640647,1.4070631989978814e-05,0.0,0.0,0.0006145598000000025,0.002646767649999995,0.01784266,0.096087999,0.0007438741507861634,2.136483888002385e-05,0.685062893081761,0.0,0.00018231996411987786,0.0021146519173771247,0.0037137959758900625,0.008242405316295229,0.019500817261062432,0.0007579447827761424,2.6457637912835356e-06,0.00880503144654088,0.0,0.0,0.10357665811061118,0.009626196765795313,364.0,772.0,161.0,5063.0,0.3204225352112676,0.6933333333333334,0.27940340986104795
20260918,24,aligned,P71,0<p<.01,10440,0.003123705424670505,0.0007551574690009377,0.10186867145641039,4.3136766182963315e-06,0.0,0.0,0.00050652,0.0020288057499999977,0.011632388400000047,0.106233062,0.0005308354890804597,1.1106206854650074e-05,0.5985632183908046,0.0,0.00016778282063414487,0.0014710712876335353,0.002310878188421629,0.005210877275116603,0.016006825734094447,0.0005351491656987561,1.0404464648648147e-06,0.014559386973180077,0.0,0.0,0.09440214028152205,0.007466531174888356,455.0,1069.0,307.0,8609.0,0.29855643044619423,0.5971128608923885,0.25142876647422746
20260918,24,aligned,P71,.01<=p<.1,7320,0.0046512400328042845,0.0008193869724671313,0.15836112772901204,6.786028825430113e-05,0.0,0.0,0.0005046298000000001,0.0018520225999999953,0.010833438979999993,0.20429983,0.0005279018013661202,2.207727446719795e-05,0.5845628415300547,0.0,0.00021860787282027523,0.0016287939500642548,0.0024395455729577468,0.004465527413012795,0.011856172465262393,0.0005957620896204214,8.770938355301749e-07,0.010245901639344262,0.0,0.0,0.1529501567482483,0.005410970980763688,326.0,1038.0,213.0,5743.0,0.23900293255131966,0.6048237476808905,0.39086151250544754
20260918,24,aligned,P71,.1<=p<.5,4320,0.002488954887578171,0.0007740531800369612,0.026761952587964818,6.119496813701592e-05,0.0,0.0,0.0007649872999999998,0.002394829,0.010008633960000023,0.051444105,0.0005147943081018518,6.350791238826382e-06,0.5423611111111111,0.0,0.00024940830246647093,0.0015263375280887706,0.0023145082329696647,0.004003817473444885,0.008145320491584078,0.0005759892762388678,7.147711805463698e-07,0.009027777777777777,0.0,0.0,0.023826980136319374,0.0029349724516454447,205.0,542.0,157.0,3416.0,0.2744310575635877,0.5662983425414365,0.0660529349350843
20260918,24,aligned,P71,.5<=p<=1,240,0.004548153377634561,0.0012177323735319346,0.004964567795157279,5.879391232095817e-05,0.0,0.0,0.000400126,0.0014027997499999958,0.026314539749999616,0.044948775,0.0007345645250000001,2.2736268654248838e-05,0.6458333333333334,2.42163748503405e-05,0.00028113231937434405,0.002399880870323096,0.0032654091878814833,0.00470386994131947,0.00613851558033094,0.0007933584373209582,1.2565464277970514e-06,0.0,0.0,0.0,0.0046122428445969765,0.00035232495056030397,10.0,47.0,3.0,180.0,0.17543859649122806,0.7692307692307693,0.012253376224192635
20260918,24,aligned,N71,n=0,15840,0.0034550201108110566,0.0008271985103158337,0.18908467722316408,5.709706782856521e-06,0.0,0.0,0.000533133,0.0023873851499999978,0.012878502,0.106233062,0.0005940687678030303,1.4164726295826914e-05,0.633270202020202,0.0,0.00016643233844395772,0.0015896883711806191,0.0026345474088665614,0.006264047767153061,0.019500817261062432,0.0005997784745858868,1.6092749518081822e-06,0.013636363636363636,0.0,0.0,0.1736987061629361,0.015385971060227991,746.0,1721.0,464.0,12909.0,0.3023915687069315,0.6165289256198347,0.46669232526253707
20260918,24,aligned,N71,0<n<=.001,8760,0.0023518394844036744,0.0006263810791951419,0.04845286489310525,9.196760613613962e-05,0.0,0.0,0.000472797,0.001642075,0.008574791799999995,0.070544801,0.0004034472973744292,5.890922768680343e-06,0.5668949771689498,0.0,0.00017788155069439575,0.0013450855878576965,0.002042878762710233,0.004347838268043187,0.011856172465262393,0.0004954149035105689,7.562942962627585e-07,0.010730593607305937,0.0,0.0,0.04348004013840101,0.004972824754704224,341.0,885.0,254.0,7280.0,0.27814029363784665,0.573109243697479,0.11958970189798464
20260918,24,aligned,N71,n>.001,4080,0.006409659383609443,0.0013235665275960478,0.16762163232868169,3.3470905609488448e-06,0.0,0.0,0.0008969676999999984,0.0034476231499999998,0.017003203,0.20429983,0.0008806771031862746,4.1653957810774144e-05,0.5848039215686275,0.0,0.00046806359550941935,0.002320698490935771,0.0033841573596550293,0.005263113599620648,0.009804509565593846,0.0008840241937472234,1.2676927331932285e-06,0.0029411764705882353,0.0,0.0,0.16218943181996082,0.0054322005087208865,273.0,862.0,123.0,2822.0,0.24052863436123348,0.6893939393939394,0.41371797283947825
20260918,24,aligned,fold,0,5760,0.0032134012723269256,0.0008476870657919451,0.05947745896507568,2.818951070761762e-05,0.0,0.0,0.0005897880000000012,0.002149654,0.013487161079999975,0.106233062,0.0005842918699652778,1.200353164331515e-05,0.5996527777777778,2.043898455594636e-06,0.00020646051535693865,0.001637208987407673,0.002556468117488598,0.005146521768040292,0.01716413451508149,0.0006124813806728954,1.2720868336654575e-06,0.0,0.0,0.0,0.05413460678307517,0.005342852182000505,284.0,704.0,165.0,4607.0,0.2874493927125506,0.6325167037861915,0.14680022745765783
20260918,24,aligned,fold,1,5640,0.0022560004747832155,0.0007654094516964209,0.02870499512213262,0.0002148910258557501,0.0,0.0,0.0004822266000000002,0.0021985373000000027,0.009756814159999985,0.044948775,0.00046743691719858157,6.150175884968658e-06,0.6159574468085106,0.0,0.00023479991071271067,0.001875104194405636,0.0029886091215777662,0.00584647245706926,0.01679758401945453,0.0006823279430543315,1.5408698697815624e-06,0.0299645390070922,0.0,0.0,0.02287789201039021,0.005827103111742407,287.0,749.0,137.0,4467.0,0.27702702702702703,0.6768867924528302,0.07084868597991668
20260918,24,aligned,fold,2,5760,0.00610607777304887,0.0009613090139117169,0.2147569100382036,-0.00021045032913067093,0.0,0.0,0.0005001355000000028,0.0021370692500000204,0.014756865,0.20429983,0.0007518935484375,3.936768263625226e-05,0.615625,0.0,0.00015138812207956767,0.0014868137734342535,0.0024456609003308083,0.005235091856982247,0.018200190708884623,0.0005414432193068292,1.167394576660727e-06,0.008159722222222223,0.0,0.0,0.210555986492713,0.004200923545490565,266.0,618.0,159.0,4717.0,0.3009049773755656,0.6258823529411764,0.5300556511707045
20260918,24,aligned,fold,3,5760,0.003731043848073738,0.0008967832822893147,0.08018316401039358,-4.122996826096176e-05,0.0,0.0,0.000798244,0.0024615446500000013,0.014755634359999973,0.094843939,0.0006675870718750001,1.5764509821393307e-05,0.5899305555555555,0.0,0.0002103871914138507,0.0016325555347639778,0.002750623069306926,0.006057322153924182,0.019500817261062432,0.0006263571036140383,1.5414593865977334e-06,0.010243055555555556,0.0,0.0,0.07460023239652043,0.005582931613873143,312.0,626.0,192.0,4630.0,0.3326226012793177,0.6190476190476191,0.1979053395995308
20260918,24,aligned,fold,4,5760,0.0019559669350204595,0.0007097006349126328,0.02203664630914559,0.00017101660766583303,0.0,0.0,0.000534136,0.001823154,0.009709467809999994,0.049544141,0.00040960701927083334,4.2925350098481225e-06,0.6095486111111111,0.0,0.00019007834121083757,0.001547083457417917,0.0024058220276140063,0.005001986802553571,0.0123980071524461,0.0005806236269366664,1.0464281371108374e-06,0.008159722222222223,0.0,0.0,0.0171994604385991,0.004837185870546484,211.0,771.0,188.0,4590.0,0.21486761710794297,0.5288220551378446,0.05439009579219021
20260918,48,model_raw,all,all,22944,0.0034728023576741846,0.0006862680878748046,0.2767128130076834,3.1613321924655967e-06,0.0,0.0,0.000321247,0.001331103,0.008993226079999996,0.20429983,0.0004309970198308926,1.2856811809483623e-05,0.6221670153417015,-0.0030396015295916343,0.00011003465700519107,0.0012784857884537502,0.002191733694627169,0.004752003332785663,0.01677436383238745,0.00043415835202335824,9.407185582255593e-07,0.0,0.18793584379358438,0.0,0.2606823181857793,0.01603049482190414,608.0,2283.0,716.0,19337.0,0.21030785195434107,0.459214501510574,1.0
20260918,48,model_raw,common_target,120_215,22944,0.0034728023576741846,0.0006862680878748046,0.2767128130076834,3.1613321924655967e-06,0.0,0.0,0.000321247,0.001331103,0.008993226079999996,0.20429983,0.0004309970198308926,1.2856811809483623e-05,0.6221670153417015,-0.0030396015295916343,0.00011003465700519107,0.0012784857884537502,0.002191733694627169,0.004752003332785663,0.01677436383238745,0.00043415835202335824,9.407185582255593e-07,0.0,0.18793584379358438,0.0,0.2606823181857793,0.01603049482190414,608.0,2283.0,716.0,19337.0,0.21030785195434107,0.459214501510574,1.0
20260918,48,model_raw,target_window,73_76,0,,,0.0,,,,,,,,,,,,,,,,,,,,,,,,,,,,,,0.0
20260918,48,model_raw,target_window,77_95,0,,,0.0,,,,,,,,,,,,,,,,,,,,,,,,,,,,,,0.0
20260918,48,model_raw,target_window,96_143,5736,0.004494919262894727,0.001503287072084649,0.11589186009614776,-6.481567300270461e-05,0.0,1.12e-05,0.002149654,0.005133655,0.02007135604999996,0.106233062,0.0010910838535564853,2.3037617060159296e-05,0.46687587168758715,-0.0016734604091567214,0.0005091303073723052,0.0026102314243251637,0.004011725740941339,0.0068715790223355805,0.01677436383238745,0.0010262681805537808,2.0920902807301053e-06,0.0,0.04445606694560669,0.0,0.10602828989805435,0.009863570198093396,484.0,1263.0,358.0,3631.0,0.2770463651974814,0.5748218527315915,0.41881638524967696
20260918,48,model_raw,target_window,144_215,17208,0.0030570751643756613,0.00041392842647152307,0.1608209529115356,2.5820333924188986e-05,0.0,0.0,0.000127093,0.000429744,0.003361723,0.20429983,0.000210968075255695,9.269559113454903e-06,0.673930729893073,-0.0030396015295916343,5.654442691150705e-05,0.0006129652665641855,0.0013077901009348242,0.003081930904995122,0.009107150354427461,0.000236788409179884,4.0110840670523197e-07,0.0,0.23576243607624361,0.0,0.15465402828772493,0.0061669246238107486,124.0,1020.0,358.0,15706.0,0.10839160839160839,0.2572614107883817,0.5811836147503228
20260918,48,model_raw,candidate_count,1,0,,,0.0,,,,,,,,,,,,,,,,,,,,,,,,,,,,,,0.0
20260918,48,model_raw,candidate_count,2,0,,,0.0,,,,,,,,,,,,,,,,,,,,,,,,,,,,,,0.0
20260918,48,model_raw,candidate_count,3,0,,,0.0,,,,,,,,,,,,,,,,,,,,,,,,,,,,,,0.0
20260918,48,model_raw,candidate_count,4,22944,0.0034728023576741846,0.0006862680878748046,0.2767128130076834,3.1613321924655967e-06,0.0,0.0,0.000321247,0.001331103,0.008993226079999996,0.20429983,0.0004309970198308926,1.2856811809483623e-05,0.6221670153417015,-0.0030396015295916343,0.00011003465700519107,0.0012784857884537502,0.002191733694627169,0.004752003332785663,0.01677436383238745,0.00043415835202335824,9.407185582255593e-07,0.0,0.18793584379358438,0.0,0.2606823181857793,0.01603049482190414,608.0,2283.0,716.0,19337.0,0.21030785195434107,0.459214501510574,1.0
20260918,48,model_raw,truth_N,N=0,14275,0.0007472798660599208,0.0003402518859942426,0.00797154825456956,0.00030023800955272095,0.0,0.0,0.0,0.0,0.0,0.0,0.0,0.0,1.0,-0.0016734604091567214,7.564908012497849e-05,0.000875832034362696,0.0015901449307927941,0.0033024662315485763,0.01034653178969051,0.00030023800955272095,4.6828433583835336e-07,0.0,0.21905429071803853,0.0,8.32003840114449e-05,0.007888347870558116,0.0,1281.0,0.0,12994.0,0.0,,0.028808020011520812
20260918,48,model_raw,truth_N,0<N<=1e-4,4856,0.0008032923685759526,0.000362703988839328,0.0031334730244264395,0.0003199489896640501,5.74e-07,2.43e-05,7.43e-05,8.5225e-05,9.59e-05,0.0001,3.2138133237232285e-05,6.482308020932445e-10,0.0,-0.0030396015295916343,0.00011959615134359466,0.0009657930310346991,0.001648448134337817,0.0033727049191908387,0.009994200623736836,0.00035208712290128236,5.489496369355221e-07,0.0,0.1595963756177924,0.0,3.739765602302357e-05,0.003096075368403416,0.0,466.0,0.0,4390.0,0.0,,0.011323917350872485
20260918,48,model_raw,truth_N,1e-4<N<=1e-3,2489,0.001302523974802274,0.0006980963912300478,0.0042227595065825055,0.0003696394377708147,0.000100064,0.000249902,0.000735102,0.0008614815999999999,0.00096420332,0.000999177,0.0003393526030534351,5.6267053118465165e-08,0.0,-0.0015208708471571937,0.0002328154689389136,0.0021355735700032703,0.0031481791801894845,0.0058024184227745655,0.011621932857717487,0.0007089920408242498,1.530903099646954e-06,0.0,0.12896745680996385,0.0,0.00022073013158596178,0.004002029374996543,0.0,536.0,0.0,1953.0,0.0,,0.015260440818348564
20260918,48,model_raw,truth_N,1e-3<N<=1e-2,1122,0.003176545462774492,0.002441642952825767,0.011321474888476145,-0.0018191360626520353,0.00100025,0.002501764,0.006579143,0.008264453900000005,0.0097541015,0.00996318,0.0032402888279857395,4.69335156683585e-06,0.0,-0.0018187698482939137,0.0007542043622422551,0.0041362596795289155,0.0052726725961249644,0.007225185015639348,0.010176690841231122,0.0014211527653337046,3.0672337505639565e-06,0.0,0.07754010695187166,0.0,0.01028198083884754,0.0010394940496286057,474.0,0.0,648.0,0.0,1.0,0.42245989304812837,0.04091416933469497
20260918,48,model_raw,truth_N,N>1e-2,202,0.03518434883071913,0.023021106212801123,0.2500635573336288,-0.022999990953790905,0.010016373,0.018384992,0.044119675500000004,0.06315932439999998,0.19968900953000085,0.20429983,0.026002377000000004,0.000718765192954195,0.0,-0.0003741298002413428,0.001670167724533413,0.00780056116022634,0.010043400264889877,0.01294133813266749,0.01677436383238745,0.0030023860462090957,1.0294306411685314e-05,0.0,0.009900990099009901,0.0,0.2500590091753113,4.548158317462439e-06,134.0,0.0,68.0,0.0,1.0,0.6633663366336634,0.9036934524845632
20260918,48,model_raw,P71,p=0,5088,0.003214008759661428,0.0007884879149817543,0.05255828853893382,1.796858218281844e-05,0.0,0.0,0.00026709630000000013,0.001435791,0.011325255550000038,0.094843939,0.0004995170699685535,1.2595705307674837e-05,0.702437106918239,-0.0030396015295916343,0.00012517774157386403,0.0015408722918704137,0.0027022321969744053,0.005761276857202122,0.01677436383238745,0.0005174856521513719,1.4245738498280763e-06,0.0,0.15978773584905662,0.0,0.047644506180169466,0.0049137823587643605,165.0,561.0,138.0,4224.0,0.22727272727272727,0.5445544554455446,0.1899380370849486
20260918,48,model_raw,P71,0<p<.01,8352,0.002781094889176777,0.0006453890354049791,0.06459845031231856,-1.962987409616872e-05,0.0,0.0,0.000369511,0.001628002,0.009453953,0.106233062,0.00042935238852969353,8.647112714187202e-06,0.60727969348659,-0.001123904286614262,0.0001030300823560966,0.0011475897016909671,0.0021784273137391355,0.004690006242422946,0.012948019160031955,0.0004097225144335247,8.877701534061594e-07,0.0,0.19276819923371646,0.0,0.05942471588443049,0.005173734427888059,242.0,727.0,269.0,7114.0,0.24974200206398348,0.4735812133072407,0.23344943665664256
20260918,48,model_raw,P71,.01<=p<.1,5856,0.004952307046769372,0.0006838995814740413,0.14362042082058016,-3.6100810000309117e-06,0.0,0.0,0.000278881,0.001064417,0.007293492099999986,0.20429983,0.00041729974829234973,2.4527039731053375e-05,0.6101434426229508,-0.0008047526111880299,9.797174765614633e-05,0.0012452174329199667,0.0020789965230410368,0.004383224750941125,0.012279916423584818,0.0004136896672923188,8.056188993566528e-07,0.0,0.2071379781420765,0.0,0.13989666440052945,0.0037237564200507064,128.0,595.0,183.0,4950.0,0.17704011065006917,0.4115755627009646,0.5190233847848321
20260918,48,model_raw,P71,.1<=p<.5,3456,0.0021288840990043374,0.0006408480887261743,0.015663101784169572,2.0076054003492134e-05,0.0,0.0,0.000392066,0.00121203525,0.009167742799999932,0.051444105,0.0003730479945023148,4.317935353748296e-06,0.5598958333333334,-0.0013370815884568904,0.00012092351200593738,0.0012415637558631052,0.0019069524687194556,0.0037764585692204814,0.006529268450894976,0.0003931240485058069,5.675606498813076e-07,0.0,0.19386574074074073,0.0,0.013679628069434749,0.0019834737147348203,68.0,361.0,126.0,2901.0,0.1585081585081585,0.35051546391752575,0.05660417966888529
20260918,48,model_raw,P71,.5<=p<=1,192,0.001191444220966176,0.0006454808818766693,0.00027255155168135,0.0005042497907763734,0.0,0.0,0.00019675720000000038,0.000678472,0.004721487230000001,0.004783228,0.00014760639062499998,3.8485613573337333e-07,0.6302083333333334,-0.00013828989783491258,0.00018154752481028437,0.0020472014118141646,0.0028404064578086033,0.0039240258452358885,0.005081136044042564,0.0006518561814013733,9.587359688563627e-07,0.0,0.03125,0.0,3.68036512151525e-05,0.00023574790046619753,5.0,39.0,0.0,148.0,0.11363636363636363,1.0,0.0009849618046916468
20260918,48,model_raw,N71,n=0,12672,0.002751862864576456,0.0006734759944990947,0.09596187818471152,-5.849749331642187e-06,0.0,0.0,0.000324281,0.001508883899999993,0.009710343619999978,0.106233062,0.00043696662965593433,8.98199397032536e-06,0.6470170454545454,-0.0030396015295916343,0.00010761653623474295,0.0012095574831628246,0.0021969046343438985,0.004993147087220196,0.01677436383238745,0.0004311168803242922,1.029692716795944e-06,0.0,0.1755050505050505,0.0,0.08697402240240906,0.008987855782302451,345.0,1161.0,409.0,10757.0,0.2290836653386454,0.45755968169761274,0.34679231923404635
20260918,48,model_raw,N71,0<n<=.001,7008,0.0024565616768130127,0.000557830644572037,0.04229114446608043,1.7157734453340422e-05,0.0,0.0,0.00027499110000000034,0.001045296,0.007337304,0.070544801,0.00034230693921232874,6.257801505553589e-06,0.5803367579908676,-0.0007634618275209607,8.595284727457578e-05,0.0010351253327980294,0.0018543223475507658,0.004274663718671619,0.012279916423584818,0.0003594646736656692,7.065073064929943e-07,0.0,0.2146118721461187,0.0,0.03865258554756791,0.0036385589185125057,157.0,572.0,201.0,6078.0,0.21536351165980797,0.43854748603351956,0.15283406650528372
20260918,48,model_raw,N71,n>.001,3264,0.006513085206594596,0.001011694255130561,0.1384597903568915,8.094432078888042e-06,0.0,0.0,0.0004500657000000005,0.0016418880999999998,0.011009369809999997,0.20429983,0.0005982437077205882,4.202368712112948e-05,0.6155024509803921,-0.0013370815884568904,0.00021730697389912802,0.001883505460558418,0.002652948255488979,0.00474221310384721,0.008702408245136753,0.0006063381397994764,1.0564942596349242e-06,0.0,0.17892156862745098,0.0,0.1350557102358023,0.003404080121089185,106.0,550.0,106.0,2502.0,0.16158536585365854,0.5,0.50037361426067
20260918,48,model_raw,fold,0,4608,0.003134056535582403,0.0007317456266069331,0.045261206176788985,-8.935579487532363e-05,0.0,0.0,0.00040188020000000014,0.0016345921499999988,0.012126719190000003,0.106233062,0.0005101956571180555,1.1086824661934631e-05,0.6091579861111112,-0.00041178342575444525,0.0001028801419184797,0.0012196811314218446,0.0022183045632390205,0.004567903385853218,0.010752076559928492,0.00042083986224273197,8.900426445069302e-07,0.0,0.1703559027777778,0.0,0.0422738005574336,0.002987405619355373,131.0,410.0,166.0,3901.0,0.24214417744916822,0.44107744107744107,0.16356743905289353
20260918,48,model_raw,fold,1,4512,0.0019898585909928004,0.0006298847512944787,0.017865431901211117,0.00011886348382315183,0.0,0.0,0.0002667973000000001,0.0012018020499999973,0.007337304,0.039501824,0.0003395964745124113,4.390228993958458e-06,0.632313829787234,-0.0010015658235846578,0.00013322031290888243,0.0013653418075713676,0.0022593039714068858,0.0049983507339029475,0.009806567468729946,0.0004584599583355632,9.462031153416643e-07,0.0,0.20234929078014185,0.0,0.014431962585564076,0.003433469315647039,116.0,496.0,119.0,3781.0,0.1895424836601307,0.49361702127659574,0.06456308151048666
20260918,48,model_raw,fold,2,4608,0.005496692696939756,0.0007185568793286035,0.1392244098259546,-6.043690559950375e-05,0.0,0.0,0.00025953490000000005,0.001396801,0.008293997840000043,0.20429983,0.00047543741775173614,3.0682003074211e-05,0.6315104166666666,-0.0030396015295916343,0.00010015920325899961,0.0011927212558385815,0.0021361364981425913,0.0048697720934875845,0.01677436383238745,0.0004150005121522323,1.0883775017228414e-06,0.0,0.1605902777777778,0.0,0.13581649505588336,0.0034079147700712747,125.0,413.0,135.0,3935.0,0.23234200743494424,0.4807692307692308,0.5031368381994252
20260918,48,model_raw,fold,3,4608,0.0037303677024936306,0.0007992078875112452,0.06412328384628146,-7.112696243322271e-05,0.0,0.0,0.00037008530000000024,0.0015185952499999964,0.010930041480000303,0.094843939,0.0005546991375868056,1.5676455273963298e-05,0.6139322916666666,-0.00029215580315965754,0.00011705824810499053,0.0013947437157890217,0.0022670247551083147,0.005147868225837362,0.012279916423584818,0.0004835721751535828,1.0598977073076973e-06,0.0,0.16927083333333334,0.0,0.060699579343967525,0.0034237045023139488,145.0,506.0,151.0,3806.0,0.2227342549923195,0.48986486486486486,0.2317322539180756
20260918,48,model_raw,fold,4,4608,0.001490601433648388,0.0005507706417873389,0.010238481257447255,0.00012027330153953208,0.0,0.0,0.00030874110000000043,0.0010499074999999903,0.006256084930000001,0.032049953,0.0002731522341579861,2.2155153211692713e-06,0.6241319444444444,-0.0009454456450455519,0.00010760343833755859,0.0011655358281172734,0.0020409109863977317,0.004196407015140273,0.007977769963322107,0.00039342553569751817,7.139625260465959e-07,0.0,0.23741319444444445,0.0,0.007460480642930745,0.002778000614516508,91.0,458.0,145.0,3914.0,0.1657559198542805,0.3855932203389831,0.03700038731911907
20260918,48,component_clipped,all,all,22944,0.0034708583677592105,0.0006683054820512851,0.27640310557070846,2.112393801598514e-05,0.0,0.0,0.000321247,0.001331103,0.008993226079999996,0.20429983,0.0004309970198308926,1.2856811809483623e-05,0.6221670153417015,0.0,0.00011003465700519107,0.0012784857884537502,0.002191733694627169,0.004752003332785663,0.01677436383238745,0.00045212095784687774,9.18656737088264e-07,0.18793584379358438,0.0,0.0,0.26037261074880436,0.01603049482190414,608.0,2283.0,716.0,19337.0,0.21030785195434107,0.459214501510574,1.0
20260918,48,component_clipped,common_target,120_215,22944,0.0034708583677592105,0.0006683054820512851,0.27640310557070846,2.112393801598514e-05,0.0,0.0,0.000321247,0.001331103,0.008993226079999996,0.20429983,0.0004309970198308926,1.2856811809483623e-05,0.6221670153417015,0.0,0.00011003465700519107,0.0012784857884537502,0.002191733694627169,0.004752003332785663,0.01677436383238745,0.00045212095784687774,9.18656737088264e-07,0.18793584379358438,0.0,0.0,0.26037261074880436,0.01603049482190414,608.0,2283.0,716.0,19337.0,0.21030785195434107,0.459214501510574,1.0
20260918,48,component_clipped,target_window,73_76,0,,,0.0,,,,,,,,,,,,,,,,,,,,,,,,,,,,,,0.0
20260918,48,component_clipped,target_window,77_95,0,,,0.0,,,,,,,,,,,,,,,,,,,,,,,,,,,,,,0.0
20260918,48,component_clipped,target_window,96_143,5736,0.0044935685383392186,0.0014940357940433683,0.11582221948540182,-5.556439496142364e-05,0.0,1.12e-05,0.002149654,0.005133655,0.02007135604999996,0.106233062,0.0010910838535564853,2.3037617060159296e-05,0.46687587168758715,0.0,0.0005091303073723052,0.0026102314243251637,0.004011725740941339,0.0068715790223355805,0.01677436383238745,0.0010355194585950618,2.0677908663289127e-06,0.04445606694560669,0.0,0.0,0.1059586492873084,0.009863570198093396,484.0,1263.0,358.0,3631.0,0.2770463651974814,0.5748218527315915,0.41903371254188965
20260918,48,component_clipped,target_window,144_215,17208,0.0030547925749235664,0.00039306204472059063,0.1605808860853067,4.66867156751214e-05,0.0,0.0,0.000127093,0.000429744,0.003361723,0.20429983,0.000210968075255695,9.269559113454903e-06,0.673930729893073,0.0,5.654442691150705e-05,0.0006129652665641855,0.0013077901009348242,0.003081930904995122,0.009107150354427461,0.00025765479093081646,3.843436670412794e-07,0.23576243607624361,0.0,0.0,0.15441396146149597,0.0061669246238107486,124.0,1020.0,358.0,15706.0,0.10839160839160839,0.2572614107883817,0.5809662874581106
20260918,48,component_clipped,candidate_count,1,0,,,0.0,,,,,,,,,,,,,,,,,,,,,,,,,,,,,,0.0
20260918,48,component_clipped,candidate_count,2,0,,,0.0,,,,,,,,,,,,,,,,,,,,,,,,,,,,,,0.0
20260918,48,component_clipped,candidate_count,3,0,,,0.0,,,,,,,,,,,,,,,,,,,,,,,,,,,,,,0.0
20260918,48,component_clipped,candidate_count,4,22944,0.0034708583677592105,0.0006683054820512851,0.27640310557070846,2.112393801598514e-05,0.0,0.0,0.000321247,0.001331103,0.008993226079999996,0.20429983,0.0004309970198308926,1.2856811809483623e-05,0.6221670153417015,0.0,0.00011003465700519107,0.0012784857884537502,0.002191733694627169,0.004752003332785663,0.01677436383238745,0.00045212095784687774,9.18656737088264e-07,0.18793584379358438,0.0,0.0,0.26037261074880436,0.01603049482190414,608.0,2283.0,716.0,19337.0,0.21030785195434107,0.459214501510574,1.0
20260918,48,component_clipped,truth_N,N=0,14275,0.000743369894493379,0.00032024494777348173,0.007888347870558116,0.00032024494777348173,0.0,0.0,0.0,0.0,0.0,0.0,0.0,0.0,1.0,0.0,7.564908012497849e-05,0.000875832034362696,0.0015901449307927941,0.0033024662315485763,0.01034653178969051,0.00032024494777348173,4.5004197346465727e-07,0.21905429071803853,0.0,0.0,0.0,0.007888347870558116,0.0,1281.0,0.0,12994.0,0.0,,0.028539288132347507
20260918,48,component_clipped,truth_N,0<N<=1e-4,4856,0.000798686137877755,0.00034829308352718973,0.0030976401994457356,0.0003343598949761885,5.74e-07,2.43e-05,7.43e-05,8.5225e-05,9.59e-05,0.0001,3.2138133237232285e-05,6.482308020932445e-10,0.0,0.0,0.00011959615134359466,0.0009657930310346991,0.001648448134337817,0.0033727049191908387,0.009994200623736836,0.00036649802821342074,5.322184779282902e-07,0.1595963756177924,0.0,0.0,1.5648310423200332e-06,0.003096075368403416,0.0,466.0,0.0,4390.0,0.0,,0.011206965974748458
20260918,48,component_clipped,truth_N,1e-4<N<=1e-3,2489,0.0012954887834102987,0.0006824305157290057,0.004177266766787377,0.0003853053132718567,0.000100064,0.000249902,0.000735102,0.0008614815999999999,0.00096420332,0.000999177,0.0003393526030534351,5.6267053118465165e-08,0.0,0.0,0.0002328154689389136,0.0021355735700032703,0.0031481791801894845,0.0058024184227745655,0.011621932857717487,0.0007246579163252919,1.5019056487679503e-06,0.12896745680996385,0.0,0.0,0.0001752373917908347,0.004002029374996543,0.0,536.0,0.0,1953.0,0.0,,0.015112951636930012
20260918,48,component_clipped,truth_N,1e-3<N<=1e-2,1122,0.0031581941898209255,0.002426356230332066,0.011191041786574128,-0.0018038493401583344,0.00100025,0.002501764,0.006579143,0.008264453900000005,0.0097541015,0.00996318,0.0032402888279857395,4.69335156683585e-06,0.0,0.0,0.0007542043622422551,0.0041362596795289155,0.0052726725961249644,0.007225185015639348,0.010176690841231122,0.0014364394878274057,3.014330238464903e-06,0.07754010695187166,0.0,0.0,0.010151547736945522,0.0010394940496286057,474.0,0.0,648.0,0.0,1.0,0.42245989304812837,0.040488118841744615
20260918,48,component_clipped,truth_N,N>1e-2,202,0.035183311254463126,0.023019068777366952,0.25004880894734316,-0.022997953518356738,0.010016373,0.018384992,0.044119675500000004,0.06315932439999998,0.19968900953000085,0.20429983,0.026002377000000004,0.000718765192954195,0.0,0.0,0.001670167724533413,0.00780056116022634,0.010043400264889877,0.01294133813266749,0.01677436383238745,0.003004423481643264,1.028136805246419e-05,0.009900990099009901,0.0,0.0,0.2500442607890257,4.548158317462439e-06,134.0,0.0,68.0,0.0,1.0,0.6633663366336634,0.9046526754142296
20260918,48,component_clipped,P71,p=0,5088,0.003209990509947757,0.0007679479798978269,0.0524269508082813,3.8508517266745826e-05,0.0,0.0,0.00026709630000000013,0.001435791,0.011325255550000038,0.094843939,0.0004995170699685535,1.2595705307674837e-05,0.702437106918239,0.0,0.00012517774157386403,0.0015408722918704137,0.0027022321969744053,0.005761276857202122,0.01677436383238745,0.0005380255872352993,1.3891425998315985e-06,0.15978773584905662,0.0,0.0,0.047513168449516946,0.0049137823587643605,165.0,561.0,138.0,4224.0,0.22727272727272727,0.5445544554455446,0.1896756937662903
20260918,48,component_clipped,P71,0<p<.01,8352,0.002779391715013915,0.0006294860128190369,0.06451935288743568,-3.7268515102266126e-06,0.0,0.0,0.000369511,0.001628002,0.009453953,0.106233062,0.00042935238852969353,8.647112714187202e-06,0.60727969348659,0.0,0.0001030300823560966,0.0011475897016909671,0.0021784273137391355,0.004690006242422946,0.012948019160031955,0.0004256255370194668,8.70784909375049e-07,0.19276819923371646,0.0,0.0,0.05934561845954762,0.005173734427888059,242.0,727.0,269.0,7114.0,0.24974200206398348,0.4735812133072407,0.2334248479380076
20260918,48,component_clipped,P71,.01<=p<.1,5856,0.004951296266590618,0.0006644744930247645,0.14356180011770933,1.5815007449245885e-05,0.0,0.0,0.000278881,0.001064417,0.007293492099999986,0.20429983,0.00041729974829234973,2.4527039731053375e-05,0.6101434426229508,0.0,9.797174765614633e-05,0.0012452174329199667,0.0020789965230410368,0.004383224750941125,0.012279916423584818,0.0004331147557415956,7.847301668769052e-07,0.2071379781420765,0.0,0.0,0.13983804369765862,0.0037237564200507064,128.0,595.0,183.0,4950.0,0.17704011065006917,0.4115755627009646,0.5193928621796323
20260918,48,component_clipped,P71,.1<=p<.5,3456,0.0021261231839757315,0.0006232467053645452,0.01562250168612554,3.76774373651213e-05,0.0,0.0,0.000392066,0.00121203525,0.009167742799999932,0.051444105,0.0003730479945023148,4.317935353748296e-06,0.5598958333333334,0.0,0.00012092351200593738,0.0012415637558631052,0.0019069524687194556,0.0037764585692204814,0.006529268450894976,0.00041072543186743615,5.493527286548314e-07,0.19386574074074073,0.0,0.0,0.01363902797139072,0.0019834737147348203,68.0,361.0,126.0,2901.0,0.1585081585081585,0.35051546391752575,0.0565207169212831
20260918,48,component_clipped,P71,.5<=p<=1,192,0.001191331693501372,0.0006443293463909075,0.0002725000711566426,0.0005054013262621352,0.0,0.0,0.00019675720000000038,0.000678472,0.004721487230000001,0.004783228,0.00014760639062499998,3.8485613573337333e-07,0.6302083333333334,0.0,0.00018154752481028437,0.0020472014118141646,0.0028404064578086033,0.0039240258452358885,0.005081136044042564,0.0006530077168871352,9.571237710976467e-07,0.03125,0.0,0.0,3.6752170690445065e-05,0.00023574790046619753,5.0,39.0,0.0,148.0,0.11363636363636363,1.0,0.0009858791947868783
20260918,48,component_clipped,N71,n=0,12672,0.0027488996870457328,0.0006567634470906475,0.09575532793018526,1.0862798076805107e-05,0.0,0.0,0.000324281,0.001508883899999993,0.009710343619999978,0.106233062,0.00043696662965593433,8.98199397032536e-06,0.6470170454545454,0.0,0.00010761653623474295,0.0012095574831628246,0.0021969046343438985,0.004993147087220196,0.01677436383238745,0.00044782942773273943,1.0076253564122969e-06,0.1755050505050505,0.0,0.0,0.08676747214788282,0.008987855782302451,345.0,1161.0,409.0,10757.0,0.2290836653386454,0.45755968169761274,0.34643361814793167
20260918,48,component_clipped,N71,0<n<=.001,7008,0.0024550922549472012,0.0005396483931838923,0.04224056568595455,3.5339985841485074e-05,0.0,0.0,0.00027499110000000034,0.001045296,0.007337304,0.070544801,0.00034230693921232874,6.257801505553589e-06,0.5803367579908676,0.0,8.595284727457578e-05,0.0010351253327980294,0.0018543223475507658,0.004274663718671619,0.012279916423584818,0.00037764692505381386,6.894974106953919e-07,0.2146118721461187,0.0,0.0,0.03860200676744205,0.0036385589185125057,157.0,572.0,201.0,6078.0,0.21536351165980797,0.43854748603351956,0.15282232664766032
20260918,48,component_clipped,N71,n>.001,3264,0.006511848457175454,0.0009893500732902208,0.1384072119545687,3.0438613919228275e-05,0.0,0.0,0.0004500657000000005,0.0016418880999999998,0.011009369809999997,0.20429983,0.0005982437077205882,4.202368712112948e-05,0.6155024509803921,0.0,0.00021730697389912802,0.001883505460558418,0.002652948255488979,0.00474221310384721,0.008702408245136753,0.0006286823216398165,1.0221138850667375e-06,0.17892156862745098,0.0,0.0,0.1350031318334795,0.003404080121089185,106.0,550.0,106.0,2502.0,0.16158536585365854,0.5,0.5007440552044082
20260918,48,component_clipped,fold,0,4608,0.003133294804296837,0.0007155888077592418,0.04523920741155943,-7.319897602763258e-05,0.0,0.0,0.00040188020000000014,0.0016345921499999988,0.012126719190000003,0.106233062,0.0005101956571180555,1.1086824661934631e-05,0.6091579861111112,0.0,0.0001028801419184797,0.0012196811314218446,0.0022183045632390205,0.004567903385853218,0.010752076559928492,0.0004369966810904229,8.733695298642361e-07,0.1703559027777778,0.0,0.0,0.042251801792204044,0.002987405619355373,131.0,410.0,166.0,3901.0,0.24214417744916822,0.44107744107744107,0.16367112561253946
20260918,48,component_clipped,fold,1,4512,0.001988078737959475,0.0006127878421158589,0.017833486292289348,0.00013596039300177163,0.0,0.0,0.0002667973000000001,0.0012018020499999973,0.007337304,0.039501824,0.0003395964745124113,4.390228993958458e-06,0.632313829787234,0.0,0.00013322031290888243,0.0013653418075713676,0.0022593039714068858,0.0049983507339029475,0.009806567468729946,0.0004755568675141829,9.258152645048055e-07,0.20234929078014185,0.0,0.0,0.014400016976642303,0.003433469315647039,116.0,496.0,119.0,3781.0,0.1895424836601307,0.49361702127659574,0.06451984776172223
20260918,48,component_clipped,fold,2,4608,0.0054932608571417645,0.0006965326165730584,0.13905061560394386,-3.841264284395861e-05,0.0,0.0,0.00025953490000000005,0.001396801,0.008293997840000043,0.20429983,0.00047543741775173614,3.0682003074211e-05,0.6315104166666666,0.0,0.00010015920325899961,0.0011927212558385815,0.0021361364981425913,0.0048697720934875845,0.01677436383238745,0.0004370247749077776,1.0539365697003099e-06,0.1605902777777778,0.0,0.0,0.13564270083387261,0.0034079147700712747,125.0,413.0,135.0,3935.0,0.23234200743494424,0.4807692307692308,0.5030718280709492
20260918,48,component_clipped,fold,3,4608,0.003729952413141447,0.0007904921069754711,0.06410900737981304,-6.241118189744853e-05,0.0,0.0,0.00037008530000000024,0.0015185952499999964,0.010930041480000303,0.094843939,0.0005546991375868056,1.5676455273963298e-05,0.6139322916666666,0.0,0.00011705824810499053,0.0013947437157890217,0.0022670247551083147,0.005147868225837362,0.012279916423584818,0.0004922879556893571,1.050433823308223e-06,0.16927083333333334,0.0,0.0,0.060685302877499084,0.0034237045023139488,145.0,506.0,151.0,3806.0,0.2227342549923195,0.48986486486486486,0.23194025713800417
20260918,48,component_clipped,fold,4,4608,0.0014856656584137725,0.00052496941933414,0.010170788883102851,0.00014607452399273098,0.0,0.0,0.00030874110000000043,0.0010499074999999903,0.006256084930000001,0.032049953,0.0002731522341579861,2.2155153211692713e-06,0.6241319444444444,0.0,0.00010760343833755859,0.0011655358281172734,0.0020409109863977317,0.004196407015140273,0.007977769963322107,0.00041922675815071704,6.861877801523813e-07,0.23741319444444445,0.0,0.0,0.007392788268586342,0.002778000614516508,91.0,458.0,145.0,3914.0,0.1657559198542805,0.3855932203389831,0.03679694141678519
20260918,48,aligned,all,all,22944,0.003423885992754219,0.0006713701642757159,0.26897240396538935,4.8912497949321576e-05,0.0,0.0,0.000321247,0.001331103,0.008993226079999996,0.20429983,0.0004309970198308926,1.2856811809483623e-05,0.6221670153417015,0.0,0.00016630821578831652,0.0012104260985852271,0.0020228016909018182,0.004545336128348486,0.018200190708884623,0.00047990951778021415,8.725172212171678e-07,0.008193863319386332,0.0,0.0,0.2550420484119803,0.013930355553409015,670.0,2170.0,654.0,19450.0,0.23591549295774647,0.5060422960725075,1.0
20260918,48,aligned,common_target,120_215,22944,0.003423885992754219,0.0006713701642757159,0.26897240396538935,4.8912497949321576e-05,0.0,0.0,0.000321247,0.001331103,0.008993226079999996,0.20429983,0.0004309970198308926,1.2856811809483623e-05,0.6221670153417015,0.0,0.00016630821578831652,0.0012104260985852271,0.0020228016909018182,0.004545336128348486,0.018200190708884623,0.00047990951778021415,8.725172212171678e-07,0.008193863319386332,0.0,0.0,0.2550420484119803,0.013930355553409015,670.0,2170.0,654.0,19450.0,0.23591549295774647,0.5060422960725075,1.0
20260918,48,aligned,target_window,73_76,0,,,0.0,,,,,,,,,,,,,,,,,,,,,,,,,,,,,,0.0
20260918,48,aligned,target_window,77_95,0,,,0.0,,,,,,,,,,,,,,,,,,,,,,,,,,,,,,0.0
20260918,48,aligned,target_window,96_143,5736,0.004383091184129147,0.001512391250900815,0.11019709705164879,3.12129577715084e-05,0.0,1.12e-05,0.002149654,0.005133655,0.02007135604999996,0.106233062,0.0010910838535564853,2.3037617060159296e-05,0.46687587168758715,0.0,0.0006442720725983918,0.0025325313481903092,0.003796645399357278,0.007117044456600416,0.018200190708884623,0.0011222968113279936,2.1013529059626373e-06,0.0010460251046025104,0.0,0.0,0.10084307701409431,0.009354020037554473,548.0,1407.0,294.0,3487.0,0.280306905370844,0.6508313539192399,0.40969666563202023
20260918,48,aligned,target_window,144_215,17208,0.0030375699079540283,0.0003910298020673495,0.1587753069137405,5.48123446752593e-05,0.0,0.0,0.000127093,0.000429744,0.003361723,0.20429983,0.000210968075255695,9.269559113454903e-06,0.673930729893073,0.0,0.00010077459614934715,0.0006376091026201002,0.0010302077950386473,0.002748007171335933,0.008651074912762978,0.00026578041993095434,2.7950024411905966e-07,0.010576476057647605,0.0,0.0,0.15419897139788602,0.004576335515854544,122.0,763.0,360.0,15963.0,0.13785310734463277,0.25311203319502074,0.5903033343679795
20260918,48,aligned,candidate_count,1,0,,,0.0,,,,,,,,,,,,,,,,,,,,,,,,,,,,,,0.0
20260918,48,aligned,candidate_count,2,0,,,0.0,,,,,,,,,,,,,,,,,,,,,,,,,,,,,,0.0
20260918,48,aligned,candidate_count,3,0,,,0.0,,,,,,,,,,,,,,,,,,,,,,,,,,,,,,0.0
20260918,48,aligned,candidate_count,4,22944,0.003423885992754219,0.0006713701642757159,0.26897240396538935,4.8912497949321576e-05,0.0,0.0,0.000321247,0.001331103,0.008993226079999996,0.20429983,0.0004309970198308926,1.2856811809483623e-05,0.6221670153417015,0.0,0.00016630821578831652,0.0012104260985852271,0.0020228016909018182,0.004545336128348486,0.018200190708884623,0.00047990951778021415,8.725172212171678e-07,0.008193863319386332,0.0,0.0,0.2550420484119803,0.013930355553409015,670.0,2170.0,654.0,19450.0,0.23591549295774647,0.5060422960725075,1.0
20260918,48,aligned,truth_N,N=0,14275,0.000672202604416314,0.00033267388014009017,0.006450249273257677,0.00033267388014009017,0.0,0.0,0.0,0.0,0.0,0.0,0.0,0.0,1.0,0.0,0.00012443588841419865,0.0008409069218412731,0.001364032429724955,0.0029507560600337598,0.00813721004634146,0.00033267388014009017,3.411844308566123e-07,0.010928196147110332,0.0,0.0,0.0,0.006450249273257676,0.0,1121.0,0.0,13154.0,0.0,,0.023981081992663
20260918,48,aligned,truth_N,0<N<=1e-4,4856,0.000746298685403974,0.0003782474143945417,0.0027046061503701578,0.00037399299407095074,5.74e-07,2.43e-05,7.43e-05,8.5225e-05,9.59e-05,0.0001,3.2138133237232285e-05,6.482308020932445e-10,0.0,0.0,0.00017570790101065854,0.001012277498014668,0.0015744080860153526,0.003205995970829121,0.007522851639499704,0.000406131127308183,4.231853882335425e-07,0.0037067545304777594,0.0,0.0,3.833272587157228e-07,0.002704222823111442,0.0,492.0,0.0,4364.0,0.0,,0.01005532950777426
20260918,48,aligned,truth_N,1e-4<N<=1e-3,2489,0.0012239582688560772,0.0006485706719547346,0.0037287057974700016,0.0004216250524573845,0.000100064,0.000249902,0.000735102,0.0008614815999999999,0.00096420332,0.000999177,0.0003393526030534351,5.6267053118465165e-08,0.0,0.0,0.00034846158394489455,0.001926689907965907,0.0030250270335294704,0.005346452452466998,0.013158566949588908,0.0007609776555108197,1.3052369919264095e-06,0.0044194455604660505,0.0,0.0,0.0001279741528503794,0.0036007316446196227,0.0,557.0,0.0,1932.0,0.0,,0.013862781989894404
20260918,48,aligned,truth_N,1e-3<N<=1e-2,1122,0.003083974626968259,0.002347542299149805,0.01067122923875766,-0.0017224561609561313,0.00100025,0.002501764,0.006579143,0.008264453900000005,0.0097541015,0.00996318,0.0032402888279857395,4.69335156683585e-06,0.0,0.0,0.000933040604489181,0.003795385065157988,0.0052404613075730565,0.007957940901961275,0.010759070780359927,0.0015178326670296086,3.0167999722539815e-06,0.00267379679144385,0.0,0.0,0.00952302855591322,0.0011482006828444425,530.0,0.0,592.0,0.0,1.0,0.47237076648841353,0.039674067233048955
20260918,48,aligned,truth_N,N>1e-2,202,0.03485597051755215,0.022623728236143212,0.24541761350553384,-0.022572327763528417,0.010016373,0.018384992,0.044119675500000004,0.06315932439999998,0.19968900953000085,0.20429983,0.026002377000000004,0.000718765192954195,0.0,1.197538220671833e-05,0.001878525623696693,0.009186968157155572,0.012397778198315456,0.01600163689848033,0.018200190708884623,0.0034300492364715838,1.465717878427666e-05,0.0,0.0,0.0,0.24539066237595802,2.6951129575834366e-05,140.0,0.0,62.0,0.0,1.0,0.693069306930693,0.9124267392766193
20260918,48,aligned,P71,p=0,5088,0.0031174721293821157,0.000742826392749862,0.04944840204538904,3.935378753652653e-05,0.0,0.0,0.00026709630000000013,0.001435791,0.011325255550000038,0.094843939,0.0004995170699685535,1.2595705307674837e-05,0.702437106918239,0.0,0.00015569152287965593,0.0013169308180669725,0.0026586114599490354,0.005547880949438213,0.018200190708884623,0.0005388708575050801,1.38047711754264e-06,0.00550314465408805,0.0,0.0,0.04540648082128135,0.004041921224107698,170.0,485.0,133.0,4300.0,0.2595419847328244,0.5610561056105611,0.18384191581137793
20260918,48,aligned,P71,0<p<.01,8352,0.0027042866398004667,0.0006241498485860907,0.06107956435465794,1.833133813420315e-05,0.0,0.0,0.000369511,0.001628002,0.009453953,0.106233062,0.00042935238852969353,8.647112714187202e-06,0.60727969348659,0.0,0.00014750464086679422,0.0011201388104826564,0.001862620947027936,0.004688649782417673,0.016006825734094447,0.00044768372666389663,8.722230145725613e-07,0.01053639846743295,0.0,0.0,0.05643248088270987,0.004647083471948087,274.0,649.0,237.0,7192.0,0.29685807150595883,0.5362035225048923,0.22708487359364007
20260918,48,aligned,P71,.01<=p<.1,5856,0.004949264507192032,0.0007051328975160819,0.14344400341355495,7.45598127650488e-05,0.0,0.0,0.000278881,0.001064417,0.007293492099999986,0.20429983,0.00041729974829234973,2.4527039731053375e-05,0.6101434426229508,0.0,0.00018483122163132507,0.0012937205692500529,0.0019563317127294696,0.004141819208168381,0.011856172465262393,0.0004918595610573984,7.086227343267799e-07,0.00665983606557377,0.0,0.0,0.13992165554846228,0.0035223478650927304,145.0,672.0,166.0,4873.0,0.17747858017135862,0.4662379421221865,0.5333037936189653
20260918,48,aligned,P71,.1<=p<.5,3456,0.0020681636967529353,0.0006279076578142,0.01478235252061475,7.168612922198106e-05,0.0,0.0,0.000392066,0.00121203525,0.009167742799999932,0.051444105,0.0003730479945023148,4.317935353748296e-06,0.5598958333333334,0.0,0.00020652844262399059,0.0011209757266786135,0.0016766467101810363,0.003095758733691153,0.007046000847362068,0.00044473412372429585,4.040100923169181e-07,0.009548611111111112,0.0,0.0,0.01323578953124463,0.001546562989370124,79.0,334.0,115.0,2928.0,0.19128329297820823,0.4072164948453608,0.054958621414994316
20260918,48,aligned,P71,.5<=p<=1,192,0.0010657588043378654,0.0005844255946856624,0.00021808163117254588,0.0004403303110584904,0.0,0.0,0.00019675720000000038,0.000678472,0.004721487230000001,0.004783228,0.00014760639062499998,3.8485613573337333e-07,0.6302083333333334,2.42163748503405e-05,0.00023223106115066974,0.0019102971839764762,0.0027085680852737513,0.0032796772084252024,0.003915553884694734,0.0005879367016834903,6.80690728393379e-07,0.0,0.0,0.0,4.5641628282167705e-05,0.00017244000289037817,2.0,30.0,3.0,157.0,0.0625,0.4,0.0008107955610219703
20260918,48,aligned,N71,n=0,12672,0.002658624827836145,0.0006398402714281001,0.08956931987756679,2.157015401578718e-05,0.0,0.0,0.000324281,0.001508883899999993,0.009710343619999978,0.106233062,0.00043696662965593433,8.98199397032536e-06,0.6470170454545454,0.0,0.00014278633938150318,0.0011065127604482476,0.001965410623397149,0.004902689966086048,0.018200190708884623,0.0004585367836717216,1.0186788102482578e-06,0.009785353535353536,0.0,0.0,0.08187120207096961,0.007698117806597168,379.0,1026.0,375.0,10892.0,0.2697508896797153,0.5026525198938993,0.3330056115685843
20260918,48,aligned,N71,0<n<=.001,7008,0.0024243527194746364,0.0005511053454861093,0.04118942264783584,6.696920227265766e-05,0.0,0.0,0.00027499110000000034,0.001045296,0.007337304,0.070544801,0.00034230693921232874,6.257801505553589e-06,0.5803367579908676,0.0,0.00015199404661438463,0.0010158712712548788,0.0016642885569161858,0.00393865621321714,0.011856172465262393,0.00040927614148498646,5.923306032404611e-07,0.008276255707762557,0.0,0.0,0.03812927232475165,0.003060150323084191,171.0,544.0,187.0,6106.0,0.23916083916083916,0.4776536312849162,0.15313624015174426
20260918,48,aligned,N71,n>.001,3264,0.006507293735855314,0.0010519959768500267,0.1382136614399866,0.00011629632099705705,0.0,0.0,0.0004500657000000005,0.0016418880999999998,0.011009369809999997,0.20429983,0.0005982437077205882,4.202368712112948e-05,0.6155024509803921,0.0,0.0003901235307582308,0.0018268957106934661,0.0026177636486953643,0.004363430345207438,0.009804509565593846,0.0007145400287176453,8.391067502197828e-07,0.001838235294117647,0.0,0.0,0.13504157401625905,0.003172087423727659,120.0,600.0,92.0,2452.0,0.16666666666666666,0.5660377358490566,0.5138581482796709
20260918,48,aligned,fold,0,4608,0.003034200299399405,0.0007261185721737341,0.04242295967328201,-2.3919234701648787e-05,0.0,0.0,0.00040188020000000014,0.0016345921499999988,0.012126719190000003,0.106233062,0.0005101956571180555,1.1086824661934631e-05,0.6091579861111112,2.043898455594636e-06,0.00017374067222752573,0.0012432318773810643,0.0019468648394574618,0.004298442555823053,0.015487942172682283,0.0004862764224164067,8.855527417733769e-07,0.0,0.0,0.0,0.03976567384431823,0.002657285828963789,165.0,419.0,132.0,3892.0,0.2825342465753425,0.5555555555555556,0.1577223501290522
20260918,48,aligned,fold,1,4512,0.001923309085410695,0.0006318784579514168,0.016690419685161235,0.00018403731932794228,0.0,0.0,0.0002667973000000001,0.0012018020499999973,0.007337304,0.039501824,0.0003395964745124113,4.390228993958458e-06,0.632313829787234,0.0,0.0001953596198518196,0.001334139945031,0.0022079646876699624,0.004787967159581425,0.014229134154878276,0.0005236337938403536,9.347244864003731e-07,0.027039007092198582,0.0,0.0,0.0135218482704093,0.0031685714147519405,130.0,486.0,105.0,3791.0,0.21103896103896103,0.5531914893617021,0.06205253564714733
20260918,48,aligned,fold,2,4608,0.0054662184684474355,0.0006873976733698126,0.13768494034081918,-2.414188971431969e-05,0.0,0.0,0.00025953490000000005,0.001396801,0.008293997840000043,0.20429983,0.00047543741775173614,3.0682003074211e-05,0.6315104166666666,0.0,0.00013121443562153688,0.0011932558381463926,0.0020123707663501403,0.0044309704953943785,0.018200190708884623,0.00045129552803741636,9.75381512786051e-07,0.005208333333333333,0.0,0.0,0.13487928612335534,0.002805654217463828,134.0,410.0,126.0,3938.0,0.24632352941176472,0.5153846153846153,0.5118924406778032
20260918,48,aligned,fold,3,4608,0.003678262886032115,0.0007517505787970433,0.062344479093172096,-8.261403755027988e-05,0.0,0.0,0.00037008530000000024,0.0015185952499999964,0.010930041480000303,0.094843939,0.0005546991375868056,1.5676455273963298e-05,0.6139322916666666,0.0,0.0001752553332330433,0.0010629538787997842,0.0018482214196407559,0.0049094651825892675,0.013554878822447929,0.00047208510003652574,9.300185067080795e-07,0.008029513888888888,0.0,0.0,0.05976188927802957,0.0025825898151425304,145.0,347.0,151.0,3965.0,0.29471544715447157,0.48986486486486486,0.23178764131205973
20260918,48,aligned,fold,4,4608,0.0014605344380826024,0.0005588827952048166,0.009829605172954812,0.00019401543283030195,0.0,0.0,0.00030874110000000043,0.0010499074999999903,0.006256084930000001,0.032049953,0.0002731522341579861,2.2155153211692713e-06,0.6241319444444444,0.0,0.00016384240562139583,0.001240592191673669,0.001984914071167275,0.004119168261347188,0.009577061033310932,0.000467167666988288,6.352499860572837e-07,0.0010850694444444445,0.0,0.0,0.0071133508958678825,0.002716254277086931,96.0,508.0,140.0,3864.0,0.15894039735099338,0.4067796610169492,0.0365450322339375
