fipsCode,timestamp_et,hour_idx,fold,actual_osi_target_t01h,pred_F0_v18_rule_osi_target_t01h,pred_F1_v18_rule_osi_target_t01h,pred_F2_v18_rule_osi_target_t01h,official_P,p71,F0_pred_P,F0_a_P_contribution,F0_b_P_contribution,F1_pred_P,F1_a_P_contribution,F1_b_P_contribution,F2_pred_P,F2_a_P_contribution,F2_b_P_contribution
18013,2026-03-14 00:00:00,72,1,0.0079,0.010342502953505375,0.009609840310286815,0.011842294375910903,0.0,0.000187248,0.005279862159985013,0.0001161278658975626,0.00516373429408745,0.0034482055519386113,0.00011932669315137319,0.0033288788587872383,0.009029340715998832,0.00011324477643947965,0.008916095939559353
18013,2026-03-14 01:00:00,73,1,0.0001,0.00283625866082163,0.002108028696953502,0.004168293500318981,0.0,0.000187248,0.005250152665082329,0.00011788887968395448,0.0051322637853983746,0.0034295777554120095,9.506839494069825e-05,0.003334509360471311,0.008580239763825704,0.00010435842729042988,0.008475881336535275
18013,2026-03-14 02:00:00,74,1,0.0,0.0027454669758372467,0.0016788677257928632,0.004118413944156081,0.0,0.000187248,0.005328036185165543,0.0001113732934647706,0.005216662891700773,0.0026615380600545856,8.70770787247864e-05,0.0025744609813297993,0.008760403605962629,9.664184212960794e-05,0.008663761763833022
18013,2026-03-14 03:00:00,75,1,0.0,0.003501104865015312,0.002524810829415328,0.004860840901066212,0.0,0.000187248,0.005118378931702741,0.0001059421719528496,0.005012436759749891,0.0026776438427027808,8.789863712425662e-05,0.0025897452055785243,0.008517719021829993,9.991181870401624e-05,0.008417807203125977
18013,2026-03-14 04:00:00,76,1,0.0,0.006819924638173212,0.005897548950769271,0.008385607607425983,0.0,0.000187248,0.004897059636201525,0.00010692802682529489,0.0047901316093762305,0.002591120417691671,8.735372832953185e-05,0.002503766689362139,0.008811267059333449,9.465687300511284e-05,0.008716610186328336
18013,2026-03-14 05:00:00,77,1,0.0,0.008726043870667576,0.00828029501868688,0.009490497617348256,0.0,0.000187248,0.004878130455117404,9.925217954609519e-05,0.004778878275571309,0.0026493861952139233,7.56822878826035e-05,0.0025737039073313196,0.008700399188520799,9.322306358158252e-05,0.008607176124939216
18013,2026-03-14 06:00:00,78,1,0.0,0.009291471596832062,0.008810434490912816,0.009995069800095796,0.0,0.000187248,0.004873586862806683,0.00010093439138669453,0.004772652471419989,0.002468401333210457,6.677799360574585e-05,0.002401623339604711,0.00839157787912535,8.304549609506165e-05,0.008308532383030288
18013,2026-03-14 07:00:00,79,1,0.0001,0.00924932439805025,0.008753827926012842,0.010174824528849049,9.36e-05,0.000187248,0.005070912969119642,8.901095820394215e-05,0.0049819020109157,0.002593430608932594,6.689952857329682e-05,0.002526531080359297,0.009698413623113631,7.905387467133475e-05,0.009619359748442297
18013,2026-03-14 08:00:00,80,1,0.0001,0.008031163559206186,0.007659061208150555,0.007888567703045638,9.36e-05,0.000187248,0.0026398018128154592,8.451568990394377e-05,0.0025552861229115155,0.0007792900575373076,5.8847386539637755e-05,0.0007204426709976698,0.00192682253201272,6.81754192992118e-05,0.0018586471127135082
18013,2026-03-14 09:00:00,81,1,0.0001,0.004235893158398361,0.00440248010461186,0.004405689204260405,0.000187266,0.000187248,6.759517217518902e-05,6.759517217518902e-05,0.0,0.0009005299032426826,3.991215879341275e-05,0.0008606177444492699,0.000916575401485408,5.6419461305106645e-05,0.0008601559401803013
18013,2026-03-14 10:00:00,82,1,0.0001,0.004223091058497373,0.004200105808380861,0.004031962416112165,9.36e-05,0.000187248,0.00100286161642651,6.37386571930663e-05,0.0009391229592334436,0.0008879353658439526,3.6376177425159226e-05,0.0008515591884187934,4.721840450046853e-05,4.721840450046853e-05,0.0
18013,2026-03-14 11:00:00,83,1,0.0,0.0035743358006950147,0.003468232474739496,0.003467695239886008,0.0,0.000187248,0.0005604345529808758,3.537315501753098e-05,0.0005250613979633448,2.9917923203281104e-05,2.9917923203281104e-05,0.0,2.7231748935841404e-05,2.7231748935841404e-05,0.0
18013,2026-03-14 12:00:00,84,1,0.0,0.0031618471544290192,0.0031701394192730228,0.003082157517413545,0.0,0.000187248,0.00042718387395894697,3.639368978991276e-05,0.0003907901841690342,0.0004686451981789641,3.308332060646628e-05,0.0004355618775724978,2.8735688881573372e-05,2.8735688881573372e-05,0.0
18013,2026-03-14 13:00:00,85,1,0.0,0.0033948653727994983,0.003400748674855008,0.0033152104367523486,0.0,0.000187248,0.00042479674414554436,3.400655997651013e-05,0.0003907901841690342,0.0004542132544230927,3.0389033852826382e-05,0.0004238242205702663,2.6522063909796872e-05,2.6522063909796872e-05,0.0
18013,2026-03-14 14:00:00,86,1,0.0,0.002973888773696835,0.002979678291536416,0.00289375417685361,0.0,0.000187248,0.00042642035386625027,3.563016969721608e-05,0.0003907901841690342,0.00045536794306415664,3.15437224938903e-05,0.0004238242205702663,2.574736965012631e-05,2.574736965012631e-05,0.0
18013,2026-03-14 15:00:00,87,1,0.0,0.0031154475921234665,0.003110553655701887,0.00305347468335139,0.0,0.000187248,0.00034795971515359304,4.589277509934175e-05,0.00030206694005425127,0.00032349003304569537,3.0204054914087736e-05,0.0002932859781316076,3.8095171293207666e-05,3.8095171293207666e-05,0.0
18013,2026-03-14 16:00:00,88,1,0.0,0.003315964843972348,0.003260415961777525,0.0034734620183790397,0.0,0.000187248,0.00044439558995451795,4.149110452726945e-05,0.0004029044854272485,0.00016665117898040287,3.453833235478094e-05,0.00013211284662562194,0.001231881461987976,4.5273342726531906e-05,0.0011866081192614443
18013,2026-03-14 17:00:00,89,1,0.0,0.003058587958153128,0.002975248918603463,0.0031694720910396598,0.0,0.000187248,0.0004506268341750594,3.9080475105596004e-05,0.0004115463590694634,3.393163642673763e-05,3.393163642673763e-05,0.0,0.0010050474986077196,4.543121331985448e-05,0.000959616285287865
18013,2026-03-14 18:00:00,90,1,0.0,0.0023743179969182193,0.0023480594187563035,0.002499605105670436,0.0,0.000187248,0.00044817581012064807,3.662945105118469e-05,0.0004115463590694634,0.0003168829193110684,3.60598577687643e-05,0.0002808230615423041,0.001074611353881731,3.74714186510995e-05,0.0010371399352306315
18013,2026-03-14 19:00:00,91,1,0.0,0.0016833700498229325,0.0016835660591319036,0.0016821993455188855,0.0,0.000187248,2.6810658588897613e-05,2.6810658588897613e-05,0.0,2.7790705133754717e-05,2.7790705133754717e-05,0.0,2.0957137068663006e-05,2.0957137068663006e-05,0.0
18013,2026-03-14 20:00:00,92,1,0.0,0.0016586355105540278,0.0016577914256392014,0.0016571621731354157,0.0,0.000187248,2.4888209497867004e-05,2.4888209497867004e-05,0.0,2.0667784923734717e-05,2.0667784923734717e-05,0.0,1.7521522404806825e-05,1.7521522404806825e-05,0.0
18013,2026-03-14 21:00:00,93,1,0.0,0.0012801781192508296,0.0012806545167046593,0.0012790301040046343,0.0,0.000187248,2.030894696659017e-05,2.030894696659017e-05,0.0,2.2690934235738346e-05,2.2690934235738346e-05,0.0,1.4568870735614442e-05,1.4568870735614442e-05,0.0
18013,2026-03-14 22:00:00,94,1,0.0,0.0011868657010469757,0.0011877170096582566,0.0011855865257574113,0.0,0.000187248,1.7516041652313268e-05,1.7516041652313268e-05,0.0,2.1772584708717585e-05,2.1772584708717585e-05,0.0,1.1120165204490862e-05,1.1120165204490862e-05,0.0
18013,2026-03-14 23:00:00,95,1,0.0,0.0013536908778103694,0.0013318177421921663,0.0015416949815988588,0.0,0.000187248,0.00026330165827563557,1.6954593072791958e-05,0.0002463470652028436,9.925314113911436e-05,2.0187097338267026e-05,7.906604380084733e-05,0.001673332436689307,9.246585342033137e-06,0.0016640858513472738
18013,2026-03-15 00:00:00,96,1,0.0,0.0012753534492917205,0.0012755948044907205,0.0012741216596138171,0.0,0.000187248,1.9028875313303892e-05,1.9028875313303892e-05,0.0,2.08390393058048e-05,2.08390393058048e-05,0.0,9.790452729030056e-06,9.790452729030056e-06,0.0
18013,2026-03-15 01:00:00,97,1,0.0,0.0013121895410403554,0.0013119289909224363,0.0013107848469757857,0.0,0.000187248,2.0693183392621916e-05,2.0693183392621916e-05,0.0,1.8739057508228456e-05,1.8739057508228456e-05,0.0,1.0157977908350423e-05,1.0157977908350423e-05,0.0
18013,2026-03-15 02:00:00,98,1,0.0,0.0,0.0,0.0,0.0,0.000187248,2.1299475950317478e-05,2.1299475950317478e-05,0.0,1.786095542827707e-05,1.786095542827707e-05,0.0,8.764158751699421e-06,8.764158751699421e-06,0.0
18013,2026-03-15 03:00:00,99,1,0.0,0.0,0.0,0.0,0.0,0.000187248,1.95665859864324e-05,1.95665859864324e-05,0.0,1.8403901752256887e-05,1.8403901752256887e-05,0.0,9.007131078988796e-06,9.007131078988796e-06,0.0
18013,2026-03-15 04:00:00,100,1,0.0,0.0,0.0,0.0,0.0,0.000187248,2.0735361056809807e-05,2.0735361056809807e-05,0.0,1.780205982207127e-05,1.780205982207127e-05,0.0,6.133669286156384e-06,6.133669286156384e-06,0.0
18013,2026-03-15 05:00:00,101,1,0.0,0.0,0.0,0.0,0.0,0.000187248,0.00014855467443084962,1.774275379832236e-05,0.00013081192063252726,2.1911985987474925e-05,2.1911985987474925e-05,0.0,9.778285883159163e-06,9.778285883159163e-06,0.0
18013,2026-03-15 06:00:00,102,1,0.0,0.0,0.0,0.0,0.0,0.000187248,4.8387642474712194e-05,2.0064137981808287e-05,2.8323504492903907e-05,2.2583766569419395e-05,2.2583766569419395e-05,0.0,9.83436688725804e-06,9.83436688725804e-06,0.0
18013,2026-03-15 07:00:00,103,1,0.0003,0.001064608588361693,0.0,0.0,0.0,0.000187248,0.000591732555784383,2.2236176639434598e-05,0.0005694963791449485,2.5234943167074547e-05,2.5234943167074547e-05,0.0,5.928872063695491e-06,5.928872063695491e-06,0.0
18013,2026-03-15 08:00:00,104,1,0.0015,0.0013551751978965977,0.0012767332076720574,0.0015630141155166897,0.002902894,0.000187248,0.0006152681594946569,1.974966447114853e-05,0.0005955184950235084,2.6953232810604993e-05,2.6953232810604993e-05,0.0,0.0021740600416453484,6.345183051174342e-06,0.002167714858594174
18013,2026-03-15 09:00:00,105,1,0.0083,0.004183186927967167,0.004021614341549094,0.004021838827253194,0.0,0.000187248,0.008570918189131865,1.5409720782624383e-05,0.008555508468349241,0.007359123790996321,2.1018344442321034e-05,0.007338105446554,0.007360807433777061,4.95872350847797e-06,0.0073558487102685826
18013,2026-03-15 10:00:00,106,1,0.0539,0.009917611718719362,0.009677811514301348,0.009733765335450126,0.068171177,0.000187248,0.01641737360198489,2.1894473989456148e-05,0.016395479127995435,0.014618872068849783,2.504962878428548e-05,0.014593822440065497,0.01503852572746562,1.1932980508508965e-05,0.01502659274695711
18013,2026-03-15 11:00:00,107,1,0.1214,0.013105451664736312,0.012317809306678732,0.01220550886259034,0.204045323,0.000187248,0.028376678330920616,2.2896147572727535e-05,0.02835378218334789,0.022469360645488757,2.643374277639002e-05,0.02244292690271237,0.02162710731482581,1.3901387513879797e-05,0.021613205927311932
18013,2026-03-15 12:00:00,108,1,0.1379,0.014957923819623745,0.014510264683136407,0.014636342634157966,0.242625714,0.000187248,0.034145535994726604,2.6339739329746858e-05,0.03411919625539686,0.030788092471071567,2.8231373892479218e-05,0.030759861097179087,0.03173367710373326,1.581683145864781e-05,0.03171786027227461
18013,2026-03-15 13:00:00,109,1,0.1182,0.012926596159862021,0.012543157039786021,0.012496854089070794,0.211817586,0.000187248,0.017026540441175426,3.0515021772901548e-05,0.016996025419402525,0.014150747040605429,3.0328885833641207e-05,0.014120418154771788,0.013803474910241226,1.6391685154021415e-05,0.013787083225087204
18013,2026-03-15 14:00:00,110,1,0.1161,0.013100634329616612,0.012385416373513165,0.012445078779882511,0.199925087,0.000187248,0.021732120451683976,3.1971252304587056e-05,0.02170014919937939,0.01636798578090811,3.312435268869736e-05,0.016334861428219414,0.0168154538286782,2.165180969562248e-05,0.016793802018982576
18013,2026-03-15 15:00:00,111,1,0.1087,0.01172874812369554,0.011381650576997863,0.011121301790400598,0.166963199,0.000187248,0.019273300894021992,3.236292904986454e-05,0.019240937964972126,0.016670069293789405,2.734565471367707e-05,0.016642723639075728,0.014717453394309908,1.9306403510890247e-05,0.014698146990799018
18013,2026-03-15 16:00:00,112,1,0.0835,0.009471225424302381,0.009579617532116733,0.009562114003556813,0.101039423,0.000187248,0.010851217597030715,3.840896312848449e-05,0.01081280863390223,0.011664158405638354,3.62948306491289e-05,0.011627863574989225,0.011532881941438942,2.2169619569591602e-05,0.011510712321869352
18013,2026-03-15 17:00:00,113,1,0.0834,0.009149158182149592,0.009120396400521003,0.009495468421294227,0.083434779,0.000187248,0.011044155747954544,3.242016533003552e-05,0.011011735582624508,0.010828442385740124,2.520231541789445e-05,0.01080324007032223,0.013641482541539312,2.057478328158725e-05,0.013620907758257724
18013,2026-03-15 18:00:00,114,1,0.1168,0.007918187920573605,0.00794945859151244,0.007774872052151709,0.177170147,0.000187248,0.009876676274938987,1.411058853327867e-05,0.009862565686405709,0.010111206306980237,9.939596902234318e-06,0.010101266710078003,0.00880180726177476,6.613930686392397e-06,0.008795193331088368
18013,2026-03-15 19:00:00,115,1,0.0684,0.006485745953697434,0.006424408449460068,0.006339567845080529,0.069575803,0.000187248,0.008337431310970277,1.5767036694917334e-05,0.008321664274275359,0.007877400029190029,1.2298912916396492e-05,0.007865101116273632,0.007241095496343484,5.714570662106645e-06,0.0072353809256813775
18013,2026-03-15 20:00:00,116,1,0.0515,0.006045573456515516,0.005822227790464865,0.005769103135396071,0.069482161,0.000187248,0.009713964489445115,1.8382216412653946e-05,0.00969558227303246,0.008038871994065229,1.3844845895357027e-05,0.008025027148169873,0.007640437081049275,8.172770046914855e-06,0.00763226431100236
18013,2026-03-15 21:00:00,117,1,0.0457,0.005812018132021657,0.005667544858434221,0.005742189036813392,0.052439367,0.000187248,0.00906763789149967,1.1743196050041972e-05,0.009055894695449627,0.007984088339593902,1.0516036778774315e-05,0.007973572302815127,0.008543919677437674,5.378326663264078e-06,0.00853854135077441
18013,2026-03-15 22:00:00,118,1,0.0523,0.00603892641813013,0.00605398034988915,0.0060187165858345175,0.071542279,0.000187248,0.008820536281267905,2.2891305681818235e-05,0.008797644975586086,0.008933440769460555,1.664690405854274e-05,0.008916793865402013,0.008668962539050813,9.663045502847726e-06,0.008659299493547965
18013,2026-03-15 23:00:00,119,1,0.0532,0.008449013082039894,0.008143512846542947,0.008470500529306499,0.073415114,0.000187248,0.019633748308929663,2.202401482869184e-05,0.01961172429410097,0.016578745953960205,1.686698197186225e-05,0.016561878971988343,0.01984862278159571,1.099387617991942e-05,0.01983762890541579
18013,2026-03-16 00:00:00,120,1,0.0459,0.009360137396182234,0.008764328022989331,0.009170228769077533,0.072197771,0.000187248,0.019442598306701687,1.8090464970737773e-05,0.01942450784173095,0.01348450457477267,1.2835938381451538e-05,0.013471668636391218,0.01754351203565469,5.062832281249449e-06,0.01753844920337344
18013,2026-03-16 01:00:00,121,1,0.0498,0.00779837842465546,0.007330604449353462,0.0080162845687416,0.067422043,0.000187248,0.017247139418869784,2.3735635090356585e-05,0.01722340378377943,0.012569399665849808,1.3785246621976251e-05,0.012555614419227831,0.019426200859731187,9.07016366813734e-06,0.01941713069606305
18013,2026-03-16 02:00:00,122,1,0.0733,0.007714779152584696,0.007327928572337732,0.007835062407804218,0.11986141,0.000187248,0.013480023844500014,1.663498792836081e-05,0.013463388856571654,0.009611518042030363,1.1512581622585266e-05,0.009600005460407778,0.014682856396695237,5.09761177861547e-06,0.014677758784916622
18013,2026-03-16 03:00:00,123,1,0.0774,0.007197521427913328,0.006974177597571921,0.007251594071865432,0.12257702,0.000187248,0.012897277388512296,1.5623065288744313e-05,0.012881654323223551,0.010663839085098215,1.1819839745814873e-05,0.0106520192453524,0.013438003828033335,6.166848719652757e-06,0.013431836979313683
18013,2026-03-16 04:00:00,124,1,0.0715,0.0075359904943171595,0.007488229956464626,0.007786242170073154,0.12257702,0.000187248,0.012189943998702567,1.5401193717088113e-05,0.01217454280498548,0.011712338620177237,1.1728707964387173e-05,0.01170060991221285,0.01469246075626251,8.83512115157071e-06,0.01468362563511094
18013,2026-03-16 05:00:00,125,1,0.0474,0.006246254381802579,0.006359774150320097,0.006200353550180357,0.064425508,0.000187248,0.0042989571385313105,1.7403162937988127e-05,0.004281553975593323,0.005434154823706493,1.0289340137763269e-05,0.005423865483568729,0.0038399488223090808,8.966382293558126e-06,0.003830982440015523
18013,2026-03-16 06:00:00,126,1,0.0451,0.006902150274220206,0.006999992256693053,0.007100528194696428,0.060679839,0.000187248,0.004632576767737324,1.4304524761823034e-05,0.0046182722429755005,0.005610996592465793,1.0271021182401289e-05,0.005600725571283391,0.006616355972499542,8.83512115157071e-06,0.006607520851347971
18013,2026-03-16 07:00:00,127,1,0.042,0.008560658419960045,0.008565390615349546,0.008591306587172203,0.049625468,0.000187248,0.005498781455464569,1.4121359700401994e-05,0.005484660095764167,0.005546103409359588,1.0703131061026861e-05,0.0055354002782985615,0.005805263127586167,7.123794598624027e-06,0.005798139332987543
18013,2026-03-16 08:00:00,128,1,0.0394,0.009938671050756437,0.010214719398148445,0.010196592321292872,0.051123596,0.000187248,0.004783798768316035,1.4139224400383501e-05,0.004769659543915651,0.007544282242236111,1.1343628159433674e-05,0.007532938614076677,0.007363011473680391,7.431947942756216e-06,0.007355579525737635
18013,2026-03-16 09:00:00,129,1,0.0302,0.009367967562350197,0.009595412031830794,0.009491608894700949,0.036985019,0.000187248,0.004912211027465117,1.624405720775355e-05,0.004895966970257363,0.0071866557222710886,1.121835288316701e-05,0.007175437369387922,0.0061486243509726365,7.255321304514196e-06,0.006141369029668122
18013,2026-03-16 10:00:00,130,1,0.0227,0.009510476905383529,0.009684208376896538,0.009152540349290385,0.026310861,0.000187248,0.006903392361054657,1.3820680143764e-05,0.006889571680910893,0.008640707076184743,8.01117697392779e-06,0.008632695899210816,0.0033240268001232297,9.584130326483024e-06,0.0033144426697967466
18013,2026-03-16 11:00:00,131,1,0.0248,0.01047067668264238,0.010561652673254011,0.010455963508375904,0.034453703,0.000187248,0.006163545028692099,1.5691186256483208e-05,0.006147853842435616,0.007073304934808426,9.210516914806045e-06,0.00706409441789362,0.006016413286027349,8.158313967726689e-06,0.006008254972059622
18013,2026-03-16 12:00:00,132,1,0.0194,0.010783296785271596,0.011028572510959787,0.010604469422864683,0.024529538,0.000187248,0.006511855130318395,1.612483002546347e-05,0.006495730300292932,0.008964612387200319,1.173007543617592e-05,0.008952882311764143,0.004723581506249266,8.971055627918805e-06,0.004714610450621347
18013,2026-03-16 13:00:00,133,1,0.0126,0.00951567096893788,0.009790121421567202,0.00945029605400241,0.014137253,0.000187248,0.004486519787378948,1.754828241474597e-05,0.004468971504964202,0.007231024313672141,1.279054175572012e-05,0.007218233771916421,0.0038327706380242455,8.800553957642114e-06,0.0038239700840666034
18013,2026-03-16 14:00:00,134,1,0.0081,0.00938143157093476,0.009557222911221476,0.009295565728138845,0.007115439,0.000187248,0.004458336149567371,1.5975941793304458e-05,0.004442360207774066,0.006216249552434528,1.280299129618738e-05,0.00620344656113834,0.0035996777216082167,8.93312260482213e-06,0.0035907445990033945
18013,2026-03-16 15:00:00,135,1,0.0055,0.009913130378975376,0.01023442290904748,0.010260652421692815,0.001872484,0.000187248,0.002507601929340065,2.0145310407087157e-05,0.0024874566189329777,0.0057205272300611095,1.4775687940012041e-05,0.005705751542121097,0.005982822356514449,9.178063164994518e-06,0.005973644293349454
18013,2026-03-16 16:00:00,136,1,0.0069,0.010226675200752697,0.010423035548761589,0.010098027950854613,0.007396311,0.000187248,0.003055998739512014,1.714617161914269e-05,0.0030388525678928715,0.005019602219600937,1.569132258414258e-05,0.0050039108970167945,0.00176952624053117,1.0175507895598066e-05,0.001759350732635572
18013,2026-03-16 17:00:00,137,1,0.0027,0.009772188765200111,0.00977702711741177,0.009528844609139503,0.0,0.000187248,0.005018647879759629,2.015706362003225e-05,0.004998490816139596,0.005067031401876219,1.604181721617599e-05,0.005050989584660043,0.0025852063191535387,1.0214215067863035e-05,0.0025749921040856757
18013,2026-03-16 18:00:00,138,1,0.001,0.010529657022302233,0.010504709023652489,0.010191343458935494,0.0,0.000187248,0.005894427213637887,1.5680971043593278e-05,0.005878746242594293,0.005644947227140456,1.3341016298151442e-05,0.0056316062108423045,0.0025112915799704945,1.1942064570941393e-05,0.002499349515399553
18013,2026-03-16 19:00:00,139,1,0.0015,0.012163034688643258,0.012224975200766274,0.011844379457095766,0.000187248,0.000187248,0.010649831247178389,1.97591808383312e-05,0.010630072066340058,0.01126923636840854,1.0893968986059782e-05,0.01125834239942248,0.00746327893170347,1.1738179112071535e-05,0.0074515407525913985
18013,2026-03-16 20:00:00,140,1,0.0037,0.012178500625817596,0.012347061575548867,0.01206628951596284,0.005898324,0.000187248,0.016141133418579735,1.8378352069683255e-05,0.016122755066510053,0.017826742915892438,1.1709488459654368e-05,0.017815033427432785,0.015019022320032169,1.2446129872300874e-05,0.015006576190159868
18013,2026-03-16 21:00:00,141,1,0.0036,0.01399392018827986,0.014144884662812524,0.013998797266642854,0.005898324,0.000187248,0.01527097218471479,1.8175717460654158e-05,0.015252796467254135,0.016780616930041434,1.0953341076698336e-05,0.016769663588964735,0.015319742968344735,1.229421941554798e-05,0.015307448748929187
18013,2026-03-16 22:00:00,142,1,0.0004,0.014583026281172614,0.01501918330160957,0.014971728052912482,0.000187248,0.000187248,0.01996816079824306,1.9493041963457805e-05,0.0199486677562796,0.024329731002612643,1.041047406456607e-05,0.024319320528548075,0.02385517851564173,1.2158597033385852e-05,0.023843019918608342
18013,2026-03-16 23:00:00,143,1,0.001,0.012155277002578976,0.012787373288639818,0.012822191738216393,9.36e-05,0.000187248,0.008470499490710166,2.1270292261688447e-05,0.008449229198448477,0.014791462351318601,1.1267465410599886e-05,0.014780194885908001,0.015139646847084354,1.2044457445392735e-05,0.01512760238963896
18013,2026-03-17 00:00:00,144,1,0.0035,0.011705874371989729,0.012360196981377428,0.012375836788707455,0.005711076,0.000187248,0.008059579124575318,1.2234358695194027e-05,0.008047344765880125,0.01460280521845229,9.171071294655091e-06,0.014593634147157634,0.014759203291752556,7.039680022162019e-06,0.014752163611730394
18013,2026-03-17 01:00:00,145,1,0.0012,0.010295651007590525,0.010572771173734563,0.010679898817406379,0.0,0.000187248,0.005910845968437483,1.1175932776208149e-05,0.005899670035661274,0.008682047629877851,9.171071294655091e-06,0.008672876558583197,0.009753324066596014,5.727684914005697e-06,0.009747596381682008
18013,2026-03-17 02:00:00,146,1,0.0028,0.010239292472037717,0.010579835647031277,0.010700737536392058,0.0,0.000187248,0.005435177628937656,1.2923444346825822e-05,0.00542225418459083,0.008840609378873255,9.171071294655091e-06,0.0088314383075786,0.01004962827248106,5.776080054308903e-06,0.01004385219242675
18013,2026-03-17 03:00:00,147,1,0.0123,0.011859078955616553,0.01200736091679468,0.012016257193130028,0.021627188,0.000187248,0.006779360825073035,1.0090778442670789e-05,0.0067692700466303645,0.008262180436854302,9.354067258158121e-06,0.008252826369596143,0.008351143200207778,5.776080054308903e-06,0.008345367120153468
18013,2026-03-17 04:00:00,148,1,0.0133,0.011027194731347542,0.011096324722690138,0.01123223849297414,0.021720813,0.000187248,0.0069409843979048955,1.016362079137488e-05,0.006930820777113521,0.00763228431133085,1.1231985706999147e-05,0.0076210523256238505,0.008991422014170877,5.776080054308903e-06,0.008985645934116568
18013,2026-03-17 05:00:00,149,1,0.011,0.011099410027838891,0.011161303942397253,0.011228285696961219,0.021908061,0.000187248,0.007654754899062391,1.0183893866236546e-05,0.0076445710051961544,0.008273694044646004,1.1231985706999147e-05,0.008262462058939005,0.008943511590285672,5.776080054308903e-06,0.008937735510231363
18013,2026-03-17 06:00:00,150,1,0.002,0.010999391883102096,0.011080158388358293,0.011123827864784316,0.0,0.000187248,0.006673439385358579,1.0088128655918114e-05,0.0066633512567026605,0.007481104437920566,1.1231985706999147e-05,0.007469872452213567,0.007917799202180791,5.776080054308903e-06,0.007912023122126481
18013,2026-03-17 07:00:00,151,1,0.002,0.01003121852632792,0.010242684591180207,0.010148505660378927,9.36e-05,0.000187248,0.007012766397765887,1.0083989162462138e-05,0.007002682408603425,0.009127427046288761,1.1231985706999147e-05,0.009116195060581762,0.008185637738275974,5.646745277204569e-06,0.00817999099299877
18013,2026-03-17 08:00:00,152,1,0.0028,0.009546797196683676,0.009793678211535603,0.009689347122294164,9.36e-05,0.000187248,0.006720252998904234,1.0060742656374123e-05,0.00671019225624786,0.009189063147423517,1.0959083917747146e-05,0.00917810406350577,0.008145752255009114,5.668766478469263e-06,0.008140083488530644
18013,2026-03-17 09:00:00,153,1,0.0019,0.009751828599596139,0.009815968093433644,0.009608916130866977,9.36e-05,0.000187248,0.00970963824131303,9.503219751253814e-06,0.009700135021561775,0.010351033179688088,5.664665989159695e-06,0.010345368513698928,0.008280513554021427,5.396619821696698e-06,0.00827511693419973
18013,2026-03-17 10:00:00,154,1,0.001,0.010592993862725648,0.010602252118681028,0.010551354821818069,9.36e-05,0.000187248,0.009673564165926156,9.657448031441566e-06,0.009663906717894714,0.009766146725479959,5.791399807889822e-06,0.00976035532567207,0.009257173756850366,5.419709910423808e-06,0.009251754046939942
18013,2026-03-17 11:00:00,155,1,0.0001,0.009786514396366283,0.00988442087972912,0.009583870725067748,0.0,0.000187248,0.008547927775707538,9.402455737282558e-06,0.008538525319970255,0.009526992609335915,5.7020708712838915e-06,0.00952129053846463,0.006521491062722202,2.003593527671489e-06,0.0065194874691945305
18013,2026-03-17 12:00:00,156,1,0.0008,0.009589643781080884,0.00970012190653494,0.009402232678002321,0.00112349,0.000187248,0.008559370945125747,9.025728801442761e-06,0.008550345216324305,0.009664152199666294,5.908365908186693e-06,0.009658243833758108,0.0066852599143401225,2.003593527671489e-06,0.006683256320812451
18013,2026-03-17 13:00:00,157,1,0.0015,0.008234197071950663,0.008061460198627734,0.007895969033099696,0.002715102,0.000187248,0.010110258895350508,9.074625240665045e-06,0.010101184270109843,0.008382890162121216,6.062130679046719e-06,0.00837682803144217,0.0067279785068408435,2.003593527671489e-06,0.006725974913313172
18013,2026-03-17 14:00:00,158,1,0.0004,0.005208947128594543,0.005085740047476033,0.0049833529051601325,9.36e-05,0.000187248,0.009276396437029478,8.652337264429256e-06,0.009267744099765048,0.008044325625844373,5.465970484889644e-06,0.008038859655359483,0.007020454202685373,1.995385994714317e-06,0.007018458816690659
18013,2026-03-17 15:00:00,159,1,0.0003,0.004505094387223551,0.004444879853849237,0.0043865197412110025,0.000468165,0.000187248,0.008379220843293508,8.331437413618234e-06,0.00837088940587989,0.007777075509550359,5.131149349061929e-06,0.007771944360201297,0.007193474383168022,1.4737981200224753e-06,0.007192000585047999
18013,2026-03-17 16:00:00,160,1,0.0004,0.003254599220680767,0.0032977334480801305,0.0032195538501271948,0.000468165,0.000187248,0.00735021714778685,7.849551517397898e-06,0.007342367596269452,0.007781559421780484,3.9845598951138275e-06,0.00777757486188537,0.006999763442251123,1.38864396513715e-06,0.006998374798285986
18013,2026-03-17 17:00:00,161,1,0.0004,0.0023233317947234963,0.0023073138102502532,0.0022893962930124615,0.000468165,0.000187248,0.007359946826964055,8.331437413618234e-06,0.007351615389550437,0.007199766982231626,5.131149349061929e-06,0.007194635832882564,0.007020591809853709,1.4737981200224753e-06,0.0070191180117336865
18013,2026-03-17 18:00:00,162,1,0.0003,0.001242120631452347,0.0012868022792730113,0.0011947563076617454,0.000374532,0.000187248,0.007277736023337129,9.122128394523066e-06,0.007268613894942606,0.007724552501543773,4.222540322652658e-06,0.00772032996122112,0.006804092785431114,1.4737981200224753e-06,0.006802618987311091
18013,2026-03-17 19:00:00,163,1,0.0002,0.0013977669069826421,0.0014283809766532582,0.0018001776932466448,0.000374532,0.000187248,0.011850137080413384,9.118634164327643e-06,0.011841018446249057,0.012156277777119546,4.222540322652658e-06,0.012152055236796893,0.015874244943053412,1.4254029797192682e-06,0.015872819540073694
18013,2026-03-17 20:00:00,164,1,0.0003,0.001316579919698179,0.001347278082872991,0.0017159615817048336,0.000374532,0.000187248,0.011849689675893447,8.67122964439006e-06,0.011841018446249057,0.012156671307641568,4.450212775955024e-06,0.012152221094865613,0.015843506295959993,1.344463342918142e-06,0.015842161832617076
18013,2026-03-17 21:00:00,165,1,0.0003,0.0014095961688011557,0.0014708360558485917,0.0018063189769931644,0.000374532,0.000187248,0.011849297492993257,8.279046744200526e-06,0.011841018446249057,0.012461696363467617,4.450212775955024e-06,0.012457246150691662,0.015816525574913344,1.344463342918142e-06,0.015815181111570428
18013,2026-03-17 22:00:00,166,1,0.0002,0.0016324989527549013,0.0016691818572068687,0.002005940869465841,0.000374532,0.000187248,0.011862029509876113,1.1699391873659632e-05,0.011850330118002454,0.012228858554395788,4.539541712560957e-06,0.012224319012683227,0.015596448676985508,1.344463342918142e-06,0.01559510421364259
18013,2026-03-17 23:00:00,167,1,0.0002,0.0014733062945412767,0.001511004347471946,0.0018718021697549964,0.000374532,0.000187248,0.011846424614698647,8.225557695586104e-06,0.011838199057003061,0.01222340514400534,4.779141177786248e-06,0.012218626002827554,0.015831383366835844,1.3242549154614862e-06,0.015830059111920383
18013,2026-03-18 00:00:00,168,1,0.0001,0.0,0.0,0.0,0.0,0.000187248,0.0005532580466881121,8.219485532915936e-06,0.0005450385611551962,0.0021267803175767587,4.645846077062745e-06,0.002122134471499696,0.0031557040474976704,1.2645010797785284e-06,0.003154439546417892
18013,2026-03-18 01:00:00,169,1,0.0,0.0,0.0,0.0,0.0,0.000187248,0.0005609147333215448,8.45834771315397e-06,0.0005524563856083908,0.0019736601224870994,4.645846077062745e-06,0.0019690142764100366,0.0037210533827898087,1.2645010797785284e-06,0.0037197888817100304
18013,2026-03-18 02:00:00,170,1,0.0,0.0,0.0,0.0,0.0,0.000187248,0.00053220056880364,8.454208219697991e-06,0.000523746360583942,0.001441696955122293,4.645846077062745e-06,0.0014370511090452303,0.003087698871456756,1.2645010797785284e-06,0.0030864343703769777
18013,2026-03-18 03:00:00,171,1,0.0,0.0,0.0,0.0,0.0,0.000187248,0.0005680443562721352,8.706875174351144e-06,0.0005593374810977841,0.0015006836291773767,7.263723642414629e-06,0.001493419905534962,0.003217700731814485,4.907563500797497e-06,0.0032127931683136875
18013,2026-03-18 04:00:00,172,1,0.0,0.0,0.0,0.0,0.0,0.000187248,0.0005684371699491188,9.09968885133458e-06,0.0005593374810977841,0.0015023837332795004,8.963827744538414e-06,0.001493419905534962,0.0031720126393593494,5.052834735985106e-06,0.0031669598046233645
18013,2026-03-18 05:00:00,173,1,0.0,0.0,0.0,0.0,0.0,0.000187248,0.0005669999818305005,9.48480252244463e-06,0.0005575151793080559,0.0013223254458446633,9.80947733170109e-06,0.0013125159685129623,0.004150576012808508,5.07920867502362e-06,0.004145496804133485
18013,2026-03-18 06:00:00,174,1,0.0,0.0,0.0,0.0,0.0,0.000187248,0.001819167423640299,9.09968885133458e-06,0.0018100677347889645,0.0004952494823827038,8.963827744538414e-06,0.0004862856546381654,5.052834735985106e-06,5.052834735985106e-06,0.0
18013,2026-03-18 07:00:00,175,1,0.0,0.0,0.0,0.0,0.0,0.000187248,0.0001098314843459058,9.103091988768742e-06,0.00010072839235713706,0.0014923941315848801,8.963827744538414e-06,0.0014834303038403418,0.002824997575861743,5.153652778771469e-06,0.0028198439230829714
18013,2026-03-18 08:00:00,176,1,0.0001,0.0,0.0,0.0,9.36e-05,0.000187248,0.00011924183145378082,9.26564581565945e-06,0.00010997618563812136,0.0015114921980022625,8.963827744538414e-06,0.0015025283702577242,0.002794156077186863,2.412925836244217e-06,0.002791743151350619
18013,2026-03-18 09:00:00,177,1,0.0001,0.0,0.0,0.0,0.000187266,0.000187248,0.0010964753334612094,1.294608567691832e-05,0.001083529247784291,0.0008298135518664299,9.775334921752557e-06,0.0008200382169446773,0.0012366103040640185,6.044321402295047e-06,0.0012305659826617236
18013,2026-03-18 10:00:00,178,1,0.0001,0.0,0.0,0.0011222541867657882,0.000187266,0.000187248,0.001322609304526724,9.488205659878792e-06,0.001313121098866845,0.0017286566617636986,8.971045008873259e-06,0.0017196856167548253,0.0031493276087773033,2.439299775282732e-06,0.0031468883090020206
18013,2026-03-18 11:00:00,179,1,0.0001,0.0,0.001106334352142219,0.00122194419756174,9.36e-05,0.000187248,0.001323274073153846,1.0152974287000873e-05,0.001313121098866845,0.0028974676180665107,8.971045008873259e-06,0.0028884965730576373,0.00405356607226172,2.439299775282732e-06,0.004051126772486437
18013,2026-03-18 12:00:00,180,1,0.0001,0.0,0.0,0.0010014998326720768,9.36e-05,0.000187248,0.0012992781003385967,4.83660737566158e-06,0.0012944414929629351,0.002099219154901908,7.590819359748948e-06,0.002091628335542159,0.003734928244063645,1.8493091418160612e-06,0.0037330789349218287
18013,2026-03-18 13:00:00,181,1,0.0001,0.0,0.0,0.0,9.36e-05,0.000187248,0.0013459035196938729,4.832467882205602e-06,0.0013410710518116673,0.0029665267827487054,7.549481038142344e-06,0.002958977301710563,0.0037043899476382402,1.8493091418160612e-06,0.003702540638496424
18013,2026-03-18 14:00:00,182,1,0.0001,0.0,0.0,0.0,0.000187266,0.000187248,0.0012804257034568119,4.523236200475944e-06,0.0012759024672563358,0.000884110169170273,5.61704172006132e-06,0.0008784931274502117,7.13883927845738e-05,1.603219863842089e-06,6.978517292073171e-05
18013,2026-03-18 15:00:00,183,1,0.0001,0.0,0.0,0.0,9.36e-05,0.000187248,5.212723274634028e-06,5.212723274634028e-06,0.0,5.320589856045625e-06,5.320589856045625e-06,0.0,7.008843853503728e-07,7.008843853503728e-07,0.0
18013,2026-03-18 16:00:00,184,1,0.0,0.0,0.0,0.0,0.0,0.000187248,0.0011514994581131954,5.2085837811780505e-06,0.0011462908743320175,0.0011705294445395517,3.4021994719015773e-06,0.00116712724506765,7.008843853503728e-07,7.008843853503728e-07,0.0
18013,2026-03-18 17:00:00,185,1,0.0,0.0,0.0,0.0,0.0,0.000187248,5.008946798573045e-06,5.008946798573045e-06,0.0,0.00010245495942535079,3.002870296545693e-06,9.94520891288051e-05,6.74510446311858e-07,6.74510446311858e-07,0.0
18013,2026-03-18 18:00:00,186,1,0.0,0.0,0.0,0.0,0.0,0.000187248,4.850532465138315e-06,4.850532465138315e-06,0.0,1.3281474710895715e-05,3.169714392649216e-06,1.0111760318246498e-05,6.74510446311858e-07,6.74510446311858e-07,0.0
18013,2026-03-18 19:00:00,187,1,0.0,0.0,0.0,0.0,0.0,0.000187248,2.521819261069418e-05,4.227872299563748e-06,2.0990320311130434e-05,0.0017884073313004893,2.866417183398547e-06,0.0017855409141170908,0.0032627880033957598,6.74510446311858e-07,0.003262113492949448
18013,2026-03-18 20:00:00,188,1,0.0,0.0,0.0,0.0,0.0,0.000187248,4.261137357215402e-06,4.261137357215402e-06,0.0,0.0016264745150570458,2.73074167745499e-06,0.0016237437733795908,0.003226238696160845,6.74510446311858e-07,0.003225564185714533
18013,2026-03-18 21:00:00,189,1,0.0,0.0,0.0,0.0,0.0,0.000187248,4.203695454221045e-06,4.203695454221045e-06,0.0,0.0016138088387365182,1.8110705797894468e-06,0.0016119977681567288,0.0029724876504735446,1.7538979331005623e-07,0.0029723122606802347
18013,2026-03-18 22:00:00,190,1,0.0,0.0,0.0,0.0,0.0,0.000187248,4.203695454221045e-06,4.203695454221045e-06,0.0,0.0016134558850057806,1.4581168490518878e-06,0.0016119977681567288,0.0030781948578791117,0.0,0.0030781948578791117
18013,2026-03-18 23:00:00,191,1,0.0,0.0,0.0,0.0,0.0,0.000187248,4.2940151062634716e-06,4.2940151062634716e-06,0.0,0.0016492309661317204,2.391697429406765e-06,0.0016468392687023136,0.0030962074879116075,6.74510446311858e-07,0.0030955329774652956
18013,2026-03-19 00:00:00,192,1,0.0,0.0,0.0,0.0,0.0,0.000187248,4.2618506017715145e-06,4.2618506017715145e-06,0.0,2.4025024934951957e-06,2.4025024934951957e-06,0.0,6.543020188552024e-07,6.543020188552024e-07,0.0
18013,2026-03-19 01:00:00,193,1,0.0,0.0,0.0,0.0,0.0,0.000187248,4.296369643151531e-06,4.296369643151531e-06,0.0,1.9519070909033102e-06,1.9519070909033102e-06,0.0,6.74510446311858e-07,6.74510446311858e-07,0.0
18013,2026-03-19 02:00:00,194,1,0.0,0.0,0.0,0.0,0.0,0.000187248,4.239781718726527e-06,4.239781718726527e-06,0.0,1.9519070909033102e-06,1.9519070909033102e-06,0.0,6.543020188552024e-07,6.543020188552024e-07,0.0
18013,2026-03-19 03:00:00,195,1,0.0,0.0,0.0,0.0,0.0,0.000187248,4.274300760106544e-06,4.274300760106544e-06,0.0,1.8667525041180873e-06,1.8667525041180873e-06,0.0,6.74510446311858e-07,6.74510446311858e-07,0.0
18013,2026-03-19 04:00:00,196,1,0.0,0.0,0.0,0.0,0.0,0.000187248,4.274300760106544e-06,4.274300760106544e-06,0.0,1.8667525041180873e-06,1.8667525041180873e-06,0.0,6.74510446311858e-07,6.74510446311858e-07,0.0
18013,2026-03-19 05:00:00,197,1,0.0,0.0,0.0,0.0,0.0,0.000187248,4.239781718726527e-06,4.239781718726527e-06,0.0,1.6538734138788233e-06,1.6538734138788233e-06,0.0,6.543020188552024e-07,6.543020188552024e-07,0.0
18013,2026-03-19 06:00:00,198,1,0.0,0.0,0.0,0.0,0.0,0.000187248,4.2618506017715145e-06,4.2618506017715145e-06,0.0,1.7390280006640464e-06,1.7390280006640464e-06,0.0,6.543020188552024e-07,6.543020188552024e-07,0.0
18013,2026-03-19 07:00:00,199,1,0.0,0.0,0.0,0.0,0.0,0.000187248,4.239781718726527e-06,4.239781718726527e-06,0.0,1.6538734138788233e-06,1.6538734138788233e-06,0.0,6.543020188552024e-07,6.543020188552024e-07,0.0
18013,2026-03-19 08:00:00,200,1,0.0,0.0,0.0,0.0,0.0,0.000187248,3.9932140815777306e-06,3.9932140815777306e-06,0.0,1.6538734138788233e-06,1.6538734138788233e-06,0.0,6.543020188552024e-07,6.543020188552024e-07,0.0
18013,2026-03-19 09:00:00,201,1,0.0001,0.0,0.0,0.0,0.000187248,0.000187248,2.7891703498502273e-06,2.7891703498502273e-06,0.0,1.7952447771089101e-06,1.7952447771089101e-06,0.0,6.74510446311858e-07,6.74510446311858e-07,0.0
18013,2026-03-19 10:00:00,202,1,0.0001,0.0,0.0,0.0,0.000187248,0.000187248,2.7891703498502273e-06,2.7891703498502273e-06,0.0,1.7503679168687006e-06,1.7503679168687006e-06,0.0,6.74510446311858e-07,6.74510446311858e-07,0.0
18013,2026-03-19 11:00:00,203,1,0.0,0.0,0.0,0.0,0.0,0.000187248,2.96465900766154e-06,2.96465900766154e-06,0.0,1.713655837852348e-06,1.713655837852348e-06,0.0,3.485841601071804e-05,6.543020188552024e-07,3.420411399186284e-05
18013,2026-03-19 12:00:00,204,1,0.0,0.0,0.0,0.0,0.0,0.000187248,2.9500272751659863e-06,2.9500272751659863e-06,0.0,1.780666096713641e-06,1.780666096713641e-06,0.0,6.74510446311858e-07,6.74510446311858e-07,0.0
18013,2026-03-19 13:00:00,205,1,0.0,0.0,0.0,0.0,0.0,0.000187248,0.0009293983157400628,2.815674063313261e-06,0.0009265826416767495,0.0002899280964452419,1.5743710598108397e-06,0.00028835372538543107,0.004787018669138143,6.74510446311858e-07,0.004786344158691831
18013,2026-03-19 14:00:00,206,1,0.0,0.0,0.0,0.0,0.0,0.000187248,2.815674063313261e-06,2.815674063313261e-06,0.0,0.000434649367423666,1.206978255333091e-06,0.0004334423891683329,7.229055866150652e-07,7.229055866150652e-07,0.0
18013,2026-03-19 15:00:00,207,1,0.0,0.0,0.0,0.0,0.0,0.000187248,2.815674063313261e-06,2.815674063313261e-06,0.0,0.0003841247902622489,1.65489043276544e-06,0.0003824698998294834,7.229055866150652e-07,7.229055866150652e-07,0.0
18013,2026-03-19 16:00:00,208,1,0.0,0.0,0.0,0.0,0.0,0.000187248,2.815674063313261e-06,2.815674063313261e-06,0.0,0.0004604115757261204,1.5314049992785452e-06,0.00045888017072684184,5.610459200829565e-07,5.610459200829565e-07,0.0
18013,2026-03-19 17:00:00,209,1,0.0,0.0,0.0,0.0,0.0,0.000187248,2.815674063313261e-06,2.815674063313261e-06,0.0,0.00041317883253834896,1.5314049992785452e-06,0.0004116474275390704,5.610459200829565e-07,5.610459200829565e-07,0.0
18013,2026-03-19 18:00:00,210,1,0.0,0.0,0.0,0.0,0.0,0.000187248,2.842755954143845e-06,2.842755954143845e-06,0.0,0.00040902497412422374,1.368999443249043e-06,0.0004076559746809747,5.610459200829565e-07,5.610459200829565e-07,0.0
18013,2026-03-19 19:00:00,211,1,0.0,0.0,0.0,0.0,0.0,0.000187248,2.661494009759053e-06,2.661494009759053e-06,0.0,1.2757360560981563e-06,1.2757360560981563e-06,0.0,6.74510446311858e-07,6.74510446311858e-07,0.0
18013,2026-03-19 20:00:00,212,1,0.0,0.0,0.0,0.0,0.0,0.000187248,2.790024328419579e-06,2.790024328419579e-06,0.0,1.7324470079224514e-06,1.7324470079224514e-06,0.0,6.74510446311858e-07,6.74510446311858e-07,0.0
18013,2026-03-19 21:00:00,213,1,0.0,0.0,0.0,0.0,0.0,0.000187248,2.732582425425223e-06,2.732582425425223e-06,0.0,2.2681969972995597e-06,2.2681969972995597e-06,0.0,4.2246600332854735e-07,4.2246600332854735e-07,0.0
18013,2026-03-19 22:00:00,214,1,0.0,0.0,0.0,0.0,0.0,0.000187248,3.0270729787967626e-06,3.0270729787967626e-06,0.0,2.2681969972995597e-06,2.2681969972995597e-06,0.0,6.74510446311858e-07,6.74510446311858e-07,0.0
39115,2026-03-14 00:00:00,72,2,0.0388,0.04388632551065666,0.046253915698121796,0.044316523875506705,0.05903461,0.074082648,0.06454740550195913,0.060595432610052166,0.003951972891906958,0.07046638097062198,0.062442813277813605,0.008023567692808377,0.06562290141408425,0.06454361788786084,0.0010792835262234128
39115,2026-03-14 01:00:00,73,2,0.0403,0.04262790151348673,0.045713606875137446,0.04499130234845671,0.059266119,0.074082648,0.059194118808018475,0.05776100992917918,0.0014331088788392967,0.06690838221214526,0.06119612899727255,0.005712253214872709,0.06510262089544344,0.06328943584236862,0.0018131850530748214
39115,2026-03-14 02:00:00,74,2,0.0452,0.04322746373917064,0.04656577556878363,0.04588882485028469,0.070957287,0.074082648,0.05772607905695528,0.05632543921988778,0.0014006398370675,0.06607185863098776,0.06071738805149595,0.005354470579491806,0.0643794818347404,0.06042860835109868,0.0039508734836417305
39115,2026-03-14 03:00:00,75,2,0.0403,0.043845784036080665,0.04800210114853685,0.04427186516781373,0.058687348,0.074082648,0.05785457401977081,0.05613101806850054,0.0017235559512702669,0.06824536680091127,0.06254208303608226,0.005703283764829011,0.05891977684910346,0.05598887852071047,0.0029308983283929915
39115,2026-03-14 04:00:00,76,2,0.0381,0.04086689326227928,0.044568112704185904,0.04112834222730177,0.058340086,0.074082648,0.056854454783105274,0.05446087218684697,0.002393582596258306,0.06610750338787183,0.060706544796349717,0.005400958591522118,0.0575080771956615,0.05517155629609922,0.002336520899562278
39115,2026-03-14 05:00:00,77,2,0.0382,0.034033045149842095,0.036304921985488514,0.03613490645987589,0.057645561,0.074082648,0.04677185688324735,0.04677185688324735,0.0,0.05813124106147945,0.052841578014912384,0.005289663046567066,0.05728116343341633,0.053949291330642246,0.003331872102774079
39115,2026-03-14 06:00:00,78,2,0.0381,0.03384292506442901,0.034798165031654414,0.03512516741858855,0.057645561,0.074082648,0.04599211572747886,0.04411810478891819,0.0018740109385606666,0.05076831556360589,0.04702001837543043,0.003748297188175463,0.05240332749827656,0.050975292487647345,0.0014280350106292109
39115,2026-03-14 07:00:00,79,2,0.0363,0.03288459453337296,0.03313183329613412,0.03412049548169416,0.05567774,0.074082648,0.04474352746754963,0.04311809450938979,0.0016254329581598358,0.0459797212813554,0.04340074585701736,0.0025789754243380415,0.05092303220915563,0.05092303220915563,0.0
39115,2026-03-14 08:00:00,80,2,0.0241,0.03016850040058924,0.030867185695809877,0.031914176589437494,0.029748814,0.074082648,0.041471118556123926,0.04135214853272598,0.00011897002339794833,0.04496454503222709,0.04410761239597372,0.0008569326362533703,0.05019949950036519,0.04914504503126026,0.0010544544691049314
39115,2026-03-14 09:00:00,81,2,0.0222,0.028690345351831417,0.02939042894733042,0.029290832290391672,0.027780993,0.074082648,0.04263772570975264,0.04145789807425052,0.001179827635502118,0.04613814368724764,0.04613814368724764,0.0,0.0456401604025539,0.04489698342395489,0.0007431769785990078
39115,2026-03-14 10:00:00,82,2,0.0219,0.025588762559267845,0.025932329571321966,0.026429776742305525,0.02824401,0.074082648,0.03776717821101226,0.03658171392260893,0.0011854642884033336,0.03948501327128288,0.039436095676208066,4.89175950748089e-05,0.041972249126200664,0.04188793514330256,8.431398289810353e-05
39115,2026-03-14 11:00:00,83,2,0.0202,0.024023970172015473,0.02450815778659277,0.025625841999938292,0.027086468,0.074082648,0.033680817587014966,0.03269180590044801,0.0009890116865669551,0.03610175565990143,0.03610175565990143,0.0,0.041690176726629044,0.04150433725133326,0.00018583947529577987
39115,2026-03-14 12:00:00,84,2,0.0178,0.019510188877186516,0.020311920918049686,0.021365128484937844,0.024655631,0.074082648,0.025741652802813,0.025741652802813,0.0,0.029750313007128843,0.029750313007128843,0.0,0.035016350841569635,0.03482735667420054,0.00018899416736909582
39115,2026-03-14 13:00:00,85,2,0.0166,0.018007949475543402,0.018337223416831205,0.019257621289926304,0.024771386,0.074082648,0.026592991933725222,0.026592991933725222,0.0,0.028239361640164225,0.028239361640164225,0.0,0.03284135100563972,0.03284135100563972,0.0
39115,2026-03-14 14:00:00,86,2,0.0165,0.015324020205877581,0.015098154270747705,0.01600127046585031,0.024771386,0.074082648,0.024978342195115636,0.024978342195115636,0.0,0.02384901251946624,0.02384901251946624,0.0,0.028364593494979287,0.02831983217214345,4.476132283583722e-05
39115,2026-03-14 15:00:00,87,2,0.0163,0.013790886661929853,0.013327955622507513,0.013928523580538003,0.024771386,0.074082648,0.022648975572285387,0.022648975572285387,0.0,0.020334320375173687,0.020334320375173687,0.0,0.02333716016532613,0.02333716016532613,0.0
39115,2026-03-14 16:00:00,88,2,0.0162,0.012392568761115389,0.011800439505853695,0.012489984518352258,0.024771386,0.074082648,0.023624676409403775,0.023624676409403775,0.0,0.020664030133095306,0.020664030133095306,0.0,0.024111755195588124,0.024111755195588124,0.0
39115,2026-03-14 17:00:00,89,2,0.0161,0.011375335508096492,0.010335033774103258,0.011309927020671191,0.024771386,0.074082648,0.02223158103644577,0.02223158103644577,0.0,0.017030072366479597,0.017030072366479597,0.0,0.021904538599319272,0.021754425022139035,0.00015011357718023647
39115,2026-03-14 18:00:00,90,2,0.0158,0.009007999304616248,0.007904860981656348,0.009570914203238943,0.024771386,0.074082648,0.015015809747938437,0.015015809747938437,0.0,0.009500118133138936,0.009500118133138936,0.0,0.017830384241051912,0.017830384241051912,0.0
39115,2026-03-14 19:00:00,91,2,0.0112,0.006740687808977549,0.006017687932042185,0.007163988463401451,0.014469267,0.074082648,0.009352389614308787,0.009352389614308787,0.0,0.005737390229631959,0.005737390229631959,0.0,0.011468892886428293,0.011441750389951925,2.7142496476368628e-05
39115,2026-03-14 20:00:00,92,2,0.0107,0.0060944231137940365,0.005768930695519684,0.006724076253447656,0.014353513,0.074082648,0.006411178503430377,0.006411178503430377,0.0,0.0047837164120586115,0.0047837164120586115,0.0,0.009559444201698469,0.009399414324636252,0.00016002987706221767
39115,2026-03-14 21:00:00,93,2,0.0105,0.006197349124347642,0.005920671372317201,0.006472731015963618,0.014122005,0.074082648,0.006743344862406607,0.006743344862406607,0.0,0.005359956102254405,0.005359956102254405,0.0,0.008120254320486488,0.007943740737603585,0.0001765135828829035
39115,2026-03-14 22:00:00,94,2,0.0101,0.0054194958795101555,0.005458765493712317,0.006029877118574279,0.014122005,0.074082648,0.005475370758809553,0.005475370758809553,0.0,0.005671718829820355,0.005671718829820355,0.0,0.00852727695413017,0.008191137609988521,0.0003361393441416481
39115,2026-03-14 23:00:00,95,2,0.0098,0.006033668894614836,0.006056740431092051,0.006457132328069092,0.014353513,0.074082648,0.00528643643725519,0.00528643643725519,0.0,0.005459472960834295,0.005459472960834295,0.0,0.008462412188162098,0.008462412188162098,0.0
39115,2026-03-15 00:00:00,96,2,0.0093,0.006023816363597963,0.006007974818423289,0.006318869414463828,0.014353513,0.074082648,0.005719974718874784,0.005719974718874784,0.0,0.005601163130064729,0.005601163130064729,0.0,0.007932872600368774,0.007932872600368774,0.0
39115,2026-03-15 01:00:00,97,2,0.0093,0.005690228888517832,0.005726915018951479,0.006081651881576124,0.014353513,0.074082648,0.005321047611982702,0.005321047611982702,0.0,0.005596193590235054,0.005596193590235054,0.0,0.008256720059919889,0.008256720059919889,0.0
39115,2026-03-15 02:00:00,98,2,0.0093,0.0056753911297469616,0.005776438370341181,0.006007750263756,0.014353513,0.074082648,0.005321005269836335,0.005321005269836335,0.0,0.006078859574292986,0.0053980010763885295,0.0006808584979044569,0.007813698774904121,0.007813698774904121,0.0
39115,2026-03-15 03:00:00,99,2,0.0093,0.005661391770149579,0.005671610869405312,0.005949626618880424,0.014353513,0.074082648,0.005446985003009719,0.005446985003009719,0.0,0.005523628247427716,0.005523628247427716,0.0,0.0076087463684910575,0.0076087463684910575,0.0
39115,2026-03-15 04:00:00,100,2,0.0094,0.005630199932942778,0.0057346862741235365,0.005878927227102358,0.014469267,0.074082648,0.005367074140875632,0.005367074140875632,0.0,0.006150721699731314,0.006150721699731314,0.0,0.007232528847072476,0.007232528847072476,0.0
39115,2026-03-15 05:00:00,101,2,0.0094,0.00640320901804401,0.006509696692257515,0.006590895903188129,0.014469267,0.074082648,0.006114448500770685,0.006114448500770685,0.0,0.00691310605737197,0.00691310605737197,0.0,0.0075221001393515775,0.0074847125359473405,3.738760340423722e-05
39115,2026-03-15 06:00:00,102,2,0.0094,0.006680006931586224,0.006780706062682841,0.006745335476636605,0.014469267,0.074082648,0.006120165126918022,0.006120165126918022,0.0,0.006875408610142644,0.006875408610142644,0.0,0.006610129214795886,0.0063987652299579345,0.00021136398483795162
39115,2026-03-15 07:00:00,103,2,0.0092,0.006195745822566302,0.0061446607022258735,0.006198175346725476,0.014122005,0.074082648,0.006262857304554821,0.006262857304554821,0.0,0.0058797189020016,0.0058797189020016,0.0,0.006281078735748618,0.005520246608072409,0.0007608321276762094
39115,2026-03-15 08:00:00,104,2,0.0093,0.005911303814676612,0.005801342546782508,0.005893426334860545,0.014237759,0.074082648,0.006524699833853619,0.005647161769764099,0.0008775380640895198,0.005699990324647836,0.005699990324647836,0.0,0.00639061873523311,0.004203032121257654,0.0021875866139754565
39115,2026-03-15 09:00:00,105,2,0.0093,0.005953835574510311,0.005772239160181149,0.005602866208803815,0.014237759,0.074082648,0.007667435361188477,0.005263241159730531,0.0024041942014579464,0.00630546225371975,0.00630546225371975,0.0,0.005035165118389757,0.005035165118389757,0.0
39115,2026-03-15 10:00:00,106,2,0.0092,0.007523727073519105,0.0070652994650605185,0.007424510296703553,0.014122005,0.074082648,0.011446556645864518,0.004692193904917413,0.006754362740947105,0.008008349582425118,0.006054703881794268,0.001953645700630851,0.01070243081974788,0.004671321170040744,0.006031109649707135
39115,2026-03-15 11:00:00,107,2,0.0092,0.007620851115246812,0.0073357020139708535,0.006833762175003234,0.014122005,0.074082648,0.013977228010799148,0.004840650173544403,0.009136577837254745,0.011838609751229464,0.00585174462267142,0.005986865128558043,0.008074060958972321,0.004579515944895222,0.0034945450140770992
39115,2026-03-15 12:00:00,108,2,0.0092,0.007808407390914956,0.007856997412684908,0.007038149873109229,0.014122005,0.074082648,0.0130151266550304,0.004719810591557349,0.008295316063473052,0.013379551818305052,0.006930810311862207,0.006448741506442845,0.0072381952714874465,0.004059093421278401,0.0031791018502090457
39115,2026-03-15 13:00:00,109,2,0.0092,0.007783987098322902,0.007641799292418064,0.006798959916718586,0.014125275,0.074082648,0.012751069610092428,0.005285040993753728,0.007466028616338701,0.011684661065806144,0.006226366161574613,0.005458294904231532,0.005363365748060062,0.0037243004549952666,0.0016390652930647954
39115,2026-03-15 14:00:00,110,2,0.0096,0.009308796418898176,0.008999972013340433,0.007848428944265986,0.014125275,0.074082648,0.014195518669157803,0.005349771359654607,0.008845747309503195,0.011879335627474733,0.005407855909324488,0.006471479718150245,0.003242762609416372,0.002347893080427068,0.0008948695289893044
39115,2026-03-15 15:00:00,111,2,0.011,0.009171449421673597,0.009343396427662189,0.00896783669534616,0.017367141,0.074082648,0.006812814078685992,0.006163308118647652,0.00064950596003834,0.008102416623600428,0.004765669396602648,0.0033367472269977797,0.005285718631230229,0.003993383463858981,0.0012923351673712476
39115,2026-03-15 16:00:00,112,2,0.0111,0.008893322613674773,0.009410151180640364,0.008655426229720245,0.017367141,0.074082648,0.009061165995604168,0.0057486075209991425,0.0033125584746050256,0.012937380247846096,0.005305336988944985,0.00763204325890111,0.007276943115945204,0.0050817667582813445,0.002195176357663859
39115,2026-03-15 17:00:00,113,2,0.0103,0.009704925691115168,0.009295002714940655,0.008638891983905552,0.016093551,0.074082648,0.014262710285696758,0.009297853099655256,0.004964857186041501,0.011188287964387908,0.006628039146312871,0.004560248818075036,0.006267457481624629,0.004333244183723181,0.0019342132979014482
39115,2026-03-15 18:00:00,114,2,0.0103,0.008626446462444424,0.008812800876575086,0.007846621718587575,0.01597777,0.074082648,0.013750421233277875,0.011273288648294437,0.0024771325849834384,0.015148079339257832,0.00827775739948308,0.0068703219397747515,0.007901735654351502,0.004911762704819652,0.002989972949531849
39115,2026-03-15 19:00:00,115,2,0.0103,0.009927205831256494,0.009867141231895664,0.008857819200485057,0.01597777,0.074082648,0.013174246354581712,0.009183077469119989,0.003991168885461724,0.012723761859375491,0.006122428150932135,0.006601333708443356,0.005153846623795937,0.0034571770802481,0.0016966695435478372
39115,2026-03-15 20:00:00,116,2,0.0094,0.00961453110922602,0.009543654232314668,0.008331268140997269,0.013662151,0.074082648,0.013776841659409572,0.008433406530546634,0.005343435128862938,0.013245265082574433,0.0056018418617936605,0.007643423220780773,0.004152369397693935,0.0030918415079757094,0.0010605278897182257
39115,2026-03-15 21:00:00,117,2,0.0093,0.007971820901780108,0.00805059948779419,0.0072834074439968805,0.013662151,0.074082648,0.010569996036153662,0.006341136858803195,0.0042288591773504665,0.011160835431259277,0.005095553998181818,0.00606528143307746,0.005406895102779445,0.00221425971931835,0.003192635383461095
39115,2026-03-15 22:00:00,118,2,0.0092,0.00687897513266266,0.007249028568457866,0.006463426092584612,0.013662151,0.074082648,0.006978666626818544,0.006859147312512086,0.00011951931430645786,0.009754067395282588,0.005689009664278887,0.004065057731003701,0.003862048826233186,0.0022308626865187296,0.0016311861397144563
39115,2026-03-15 23:00:00,119,2,0.0091,0.007639516002549365,0.007655697640218797,0.0071864680539334355,0.013662151,0.074082648,0.00791960056043746,0.004739080449951613,0.0031805201104858466,0.008081416937131788,0.004540749929977324,0.0035406670071544645,0.00338912107427817,0.0023057239725027615,0.0010833971017754087
39115,2026-03-16 00:00:00,120,2,0.009,0.007260283363290604,0.007172626998151361,0.006830454759152939,0.013662151,0.074082648,0.008735489077428871,0.004140025147114801,0.00459546393031407,0.007858925426036438,0.0025183143754902155,0.005340611050546223,0.004437203036052224,0.0011787105872387424,0.0032584924488134816
39115,2026-03-16 01:00:00,121,2,0.0089,0.0066364113372424215,0.00679407254318075,0.0066576067673109595,0.013662151,0.074082648,0.006395031535344059,0.005225918075812771,0.0011691134595312874,0.00797164359472735,0.005057987023610858,0.0029136565711164915,0.006606985836029445,0.002051074914364764,0.00455591092166468
39115,2026-03-16 02:00:00,122,2,0.0089,0.006292741857147122,0.006482071892550401,0.0061053520092799185,0.013662151,0.074082648,0.007248533572958235,0.005123795771018862,0.0021247378019393732,0.009141833926991026,0.005062514566884316,0.00407931936010671,0.0053746350942862,0.0011046341760656735,0.004270000918220527
39115,2026-03-16 03:00:00,123,2,0.0089,0.00609660852377249,0.0061704391468806906,0.005698436424964668,0.013662151,0.074082648,0.009132762450517848,0.005225918075812771,0.003906844374705077,0.009871068681599864,0.004553917696047994,0.00531715098555187,0.005151041462439638,0.0012039453219880956,0.0039470961404515425
39115,2026-03-16 04:00:00,124,2,0.0089,0.007127826444840663,0.007072436381911276,0.00714165248500161,0.013662151,0.074082648,0.009351977990573123,0.005108264854109765,0.004243713136463358,0.008798077361279258,0.004580643951348905,0.004217433409930353,0.0094902383921826,0.003495246226694042,0.005994992165488558
39115,2026-03-16 05:00:00,125,2,0.0089,0.00823162748201136,0.00796796288529201,0.007724431735791356,0.013662151,0.074082648,0.013218961884170675,0.0058812997679278355,0.00733766211624284,0.01058231591697719,0.005159402592814152,0.005422913324163037,0.008147004421970631,0.003311757869705203,0.0048352465522654275
39115,2026-03-16 06:00:00,126,2,0.0089,0.007071401423919884,0.006691415357706146,0.0070218994275981,0.013662151,0.074082648,0.008795465025371128,0.005432410863605826,0.0033630541617653024,0.004995604363233742,0.004995604363233742,0.0,0.00830044506215329,0.005320377705365361,0.0029800673567879285
39115,2026-03-16 07:00:00,127,2,0.0089,0.008095945492645513,0.008198123808232758,0.008240097157813818,0.013777932,0.074082648,0.010609274310281108,0.005750093851302408,0.004859180458978699,0.011631057466153553,0.007949578681463459,0.0036814787846900948,0.012050790961964148,0.005594629723128638,0.00645616123883551
39115,2026-03-16 08:00:00,128,2,0.0085,0.006830513677868705,0.0066722475199117205,0.0072430508226824135,0.013662151,0.074082648,0.015281563133380822,0.0076365720291864505,0.007644991104194372,0.013698901553810986,0.008423584610042301,0.005275316943768685,0.019406934581517914,0.007146986569471316,0.0122599480120466
39115,2026-03-16 09:00:00,129,2,0.0037,0.0047477249478458106,0.005141773866517329,0.004543288520027819,0.002662962,0.074082648,0.0073846242120499395,0.007264860426295197,0.00011976378575474303,0.01132511339876513,0.009253005352158887,0.0020721080466062436,0.005340259933870023,0.005129797440580131,0.00021046249328989238
39115,2026-03-16 10:00:00,130,2,0.0032,0.004763527303431239,0.005070322445765846,0.004382926970381525,0.002662962,0.074082648,0.007539592942899515,0.007238855885580576,0.0003007370573189393,0.010607544366245576,0.009184351761208286,0.00142319260503729,0.00373358961240237,0.00373358961240237,0.0
39115,2026-03-16 11:00:00,131,2,0.0033,0.0035829470254328303,0.0038415713883475267,0.003179178050196274,0.002662962,0.074082648,0.007575030450209462,0.0069337915354316425,0.0006412389147778193,0.010161274079356433,0.008906164078602494,0.001255110000753939,0.003537340697843901,0.003537340697843901,0.0
39115,2026-03-16 12:00:00,132,2,0.0036,0.003607813950124949,0.0037118346862665156,0.0033567161268665685,0.004283895,0.074082648,0.006743197779429373,0.006203971092604342,0.0005392266868250315,0.007783405140845045,0.006659088258480221,0.001124316882364824,0.004232219546845571,0.004232219546845571,0.0
39115,2026-03-16 13:00:00,133,2,0.0032,0.0034733863711595542,0.003144390628665903,0.0030486917346589514,0.004283895,0.074082648,0.00828181096293388,0.006293000982842191,0.0019888099800916895,0.004991853537997369,0.004991853537997369,0.0,0.004034864597927852,0.004034864597927852,0.0
39115,2026-03-16 14:00:00,134,2,0.0026,0.002782927270284217,0.00265510745023618,0.0025074753950608203,0.004283895,0.074082648,0.006203971092604342,0.006203971092604342,0.0,0.004925772892123973,0.004901176963435613,2.4595928688359813e-05,0.003449452340370379,0.003449452340370379,0.0
39115,2026-03-16 15:00:00,135,2,0.0026,0.0031249832245683565,0.0030250248335463113,0.0027210898454622925,0.004283895,0.074082648,0.005900760873656067,0.005246908222111846,0.0006538526515442213,0.004901176963435613,0.004901176963435613,0.0,0.0018618270825954224,0.0018618270825954224,0.0
39115,2026-03-16 16:00:00,136,2,0.0037,0.0036316881234504145,0.0035829970898988424,0.0034984657046343614,0.004283895,0.074082648,0.0054549632398287985,0.005333266813483825,0.00012169642634497362,0.004968052904313075,0.004011167787122424,0.0009568851171906502,0.004122739051668269,0.0017991841177436465,0.002323554933924622
39115,2026-03-16 17:00:00,137,2,0.0076,0.004512707677863716,0.004608378854063111,0.004326190695992315,0.012851685,0.074082648,0.0059148923363067435,0.005637821835476995,0.00027707050082974815,0.006871604098300696,0.006627073812855395,0.00024453028544530044,0.00404972251759273,0.0026228659382085497,0.0014268565793841806
39115,2026-03-16 18:00:00,138,2,0.0079,0.005240385663529031,0.0052451306705952805,0.00485680019543622,0.012851685,0.074082648,0.007946618305985927,0.005554337881438809,0.002392280424547117,0.007994068376648424,0.006717750387417151,0.0012763179892312728,0.004110763625057818,0.0022287539591178554,0.001882009665939962
39115,2026-03-16 19:00:00,139,2,0.0073,0.006493391576354739,0.006446713092768583,0.006834137344710036,0.012851685,0.074082648,0.00982195256570096,0.00620518072552821,0.0036167718401727508,0.009355167729839402,0.006561378268569456,0.002793789461269945,0.013229410249253932,0.003703400233919,0.009526010015334933
39115,2026-03-16 20:00:00,140,2,0.0076,0.0063639858362822925,0.006374067495335779,0.006501854720273134,0.012851685,0.074082648,0.0062061418781993345,0.006196943259815429,9.198618383905892e-06,0.006306958468734202,0.005514802957570607,0.0007921555111635952,0.007584830718107751,0.0045082664798422045,0.003076564238265547
39115,2026-03-16 21:00:00,141,2,0.008,0.006657161979224806,0.006731365900415399,0.007380430728422439,0.012851685,0.074082648,0.009269772672266904,0.006205641437479883,0.003064131234787022,0.010011811884172828,0.005514802957570607,0.0044970089266022206,0.016502460164243227,0.01072508071903619,0.005777379445207038
39115,2026-03-16 22:00:00,142,2,0.0084,0.007098186658379364,0.007199168684730003,0.008195729850198966,0.012851685,0.074082648,0.00880756591607741,0.005042976540080289,0.0037645893759971206,0.009817386179583798,0.005514802957570607,0.004302583222013191,0.019782997834273407,0.009726460363505232,0.010056537470768175
39115,2026-03-16 23:00:00,143,2,0.0084,0.007184015159269883,0.00704968593307489,0.007648144158395308,0.012851685,0.074082648,0.009529651405646107,0.006359136033310931,0.0031705153723351753,0.00818635914369617,0.005085346933757238,0.003101012209938932,0.014170941396900352,0.009070943956419409,0.005099997440480944
39115,2026-03-17 00:00:00,144,2,0.0084,0.006595018622115645,0.006673131797107691,0.006962150209181849,0.012851685,0.074082648,0.007345369840127216,0.006359136033310931,0.0009862338068162852,0.00812650159004768,0.005085346933757238,0.0030411546562904425,0.011016685710789243,0.007468827843476499,0.0035478578673127452
39115,2026-03-17 01:00:00,145,2,0.0084,0.006615014843742632,0.00668712519078543,0.00701122050265147,0.012851685,0.074082648,0.00777984743141708,0.006324436691168255,0.001455410740248826,0.008500950901845068,0.0054603677012854835,0.003040583200559585,0.011741904020505468,0.008291668242832067,0.003450235777673401
39115,2026-03-17 02:00:00,146,2,0.0084,0.006292055823009655,0.006346299137565426,0.007090280394505517,0.012851685,0.074082648,0.008519808793755355,0.006382260288132891,0.0021375485056224644,0.00906224193931306,0.005572829118494753,0.003489412820818307,0.016502054508713972,0.009748925091814813,0.006753129416899159
39115,2026-03-17 03:00:00,147,2,0.0084,0.006043319733290075,0.006031818097420434,0.006542393953073541,0.012851685,0.074082648,0.007642098455003601,0.005566728812033909,0.0020753696429696923,0.007527082096307193,0.004085889420540512,0.0034411926757666814,0.012632840652838262,0.009143652414762674,0.003489188238075587
39115,2026-03-17 04:00:00,148,2,0.0084,0.006482570095903949,0.006533684834824723,0.0070201758292377965,0.012851685,0.074082648,0.006015550494581027,0.005505776336027743,0.0005097741585532837,0.006526697883788768,0.00410807130032335,0.002418626583465418,0.011391607827919495,0.009158224960072127,0.002233382867847368
39115,2026-03-17 05:00:00,149,2,0.008,0.005693171562316359,0.005775325448887023,0.006242018908069824,0.012851685,0.074082648,0.005703531054977139,0.005484871396128018,0.00021865965884912048,0.006525069920683775,0.004008836137278657,0.0025162337834051182,0.011192004512511794,0.008856805581835199,0.002335198930676595
39115,2026-03-17 06:00:00,150,2,0.0035,0.005690198963833529,0.005759398195325329,0.00623255123532849,0.002662962,0.074082648,0.005828999334805326,0.005519570738270693,0.0003094285965346331,0.006520991649723319,0.004046857514079997,0.0024741341356433215,0.011252522049754934,0.009058719996265912,0.0021938020534890226
39115,2026-03-17 07:00:00,151,2,0.0031,0.005465677520229642,0.005398204225018345,0.005858322203006544,0.002662962,0.074082648,0.0060181744178815205,0.005459938349038919,0.0005582360688426013,0.005343441465768555,0.0036810292441001244,0.0016624122216684308,0.009944621245650539,0.008548392248700404,0.0013962289969501349
39115,2026-03-17 08:00:00,152,2,0.003,0.005251539503259829,0.005124415356849283,0.005632263806492168,0.002662962,0.074082648,0.005762265754090283,0.005472768541456993,0.0002894972126332902,0.004491024289984817,0.003458947126959395,0.0010320771630254223,0.009569508786413664,0.00823339407821454,0.0013361147081991237
39115,2026-03-17 09:00:00,153,2,0.0025,0.004413609217447514,0.0042837435685140765,0.004781418498820295,0.002662962,0.074082648,0.005139495011227029,0.00399166248139429,0.0011478325298327388,0.0038408385218926576,0.003434106067056022,0.0004067324548366357,0.008817587824954846,0.007021512618262833,0.0017960752066920119
39115,2026-03-17 10:00:00,154,2,0.0013,0.004141264346696201,0.004017189350355496,0.004342671012172508,0.000926248,0.074082648,0.00478025794877458,0.00399166248139429,0.0007885954673802906,0.003539507985367536,0.003539507985367536,0.0,0.006794324603537652,0.00532492145414207,0.0014694031493955818
39115,2026-03-17 11:00:00,155,2,0.0008,0.004030981383780804,0.0038990592838549876,0.004458691684670318,0.000926248,0.074082648,0.00475332706631419,0.003954380951335636,0.0007989461149785546,0.003434106067056022,0.003434106067056022,0.0,0.009030430075209319,0.007483558820183032,0.001546871255026287
39115,2026-03-17 12:00:00,156,2,0.0008,0.003420255570001094,0.0033260440630991915,0.003782059503363054,0.000926248,0.074082648,0.004255029157068464,0.003954380951335636,0.0003006482057328277,0.003312914088049439,0.003312914088049439,0.0,0.007873068490688057,0.0063855517579454795,0.0014875167327425764
39115,2026-03-17 13:00:00,157,2,0.0008,0.0029589103731462963,0.0028756677135664335,0.003255293395003989,0.000926248,0.074082648,0.0038505083836267947,0.0038505083836267947,0.0,0.0030180817878281666,0.0030180817878281666,0.0,0.006814338602203722,0.0059266766167420295,0.0008876619854616924
39115,2026-03-17 14:00:00,158,2,0.001,0.0023212597949785487,0.0021474692439877644,0.002616137375619485,0.001621121,0.074082648,0.0037700294276333942,0.0037700294276333942,0.0,0.0020321239177255503,0.0020321239177255503,0.0,0.006718805234042755,0.006239423549145172,0.0004793816848975835
39115,2026-03-17 15:00:00,159,2,0.0008,0.0020663240610708676,0.00201716810206652,0.002306772018283044,0.001157943,0.074082648,0.0024325073617122157,0.0024325073617122157,0.0,0.001940947771668734,0.001940947771668734,0.0,0.004836986933833972,0.0036219193729655846,0.001215067560868387
39115,2026-03-17 16:00:00,160,2,0.0006,0.0017750619996503797,0.001796406530600986,0.0020195690281655694,0.000926355,0.074082648,0.0013844678208314682,0.0013844678208314682,0.0,0.0015979131303375347,0.0015294844127471598,6.842871759037478e-05,0.003829538105983363,0.003414809450749827,0.00041472865523353573
39115,2026-03-17 17:00:00,161,2,0.0006,0.0015296146500215898,0.0014589270710746974,0.0016032653900576975,0.000926355,0.074082648,0.001443080521256576,0.001443080521256576,0.0,0.0007362047317876504,0.0006848597878104073,5.13449439772431e-05,0.00217958792161765,0.0017375995768062486,0.0004419883448114014
39115,2026-03-17 18:00:00,162,2,0.0002,0.0012693026879418466,0.0012664695337986445,0.0012937891264596683,0.0,0.074082648,0.0003817613661505486,0.0003817613661505486,0.0,0.00035342982471852735,0.00035342982471852735,0.0,0.0006266257513287651,0.0006266257513287651,0.0
39115,2026-03-17 19:00:00,163,2,0.0002,0.0010505002585850327,0.0010372476236700883,0.0010951039024619147,0.0,0.074082648,0.00048595617386797124,0.0003906421646349248,9.531400923304646e-05,0.00035342982471852735,0.00035342982471852735,0.0,0.0009319926126367901,0.0009319926126367901,0.0
39115,2026-03-17 20:00:00,164,2,0.0001,0.0011072625733372253,0.0010437945368442037,0.0011411309814176203,0.0,0.074082648,0.0009881101896487428,0.0003906421646349248,0.0005974680250138179,0.00035342982471852735,0.00035342982471852735,0.0,0.0013267942704526946,0.0008059550685617278,0.0005208392018909668
39115,2026-03-17 21:00:00,165,2,0.0001,0.0010441080316463004,0.0010341985250715009,0.001144353450458823,0.0,0.074082648,0.00045252489046652375,0.0003906421646349248,6.188272583159894e-05,0.00035342982471852735,0.00035342982471852735,0.0,0.0014549790785917509,0.0013607729366629901,9.42061419287608e-05
39115,2026-03-17 22:00:00,166,2,0.0,0.0,0.0,0.0,0.0,0.074082648,0.0003906421646349248,0.0003906421646349248,0.0,0.00035342982471852735,0.00035342982471852735,0.0,0.0012996680691176891,0.0012996680691176891,0.0
39115,2026-03-17 23:00:00,167,2,0.0,0.0,0.0,0.0,0.0,0.074082648,0.0003906421646349248,0.0003906421646349248,0.0,0.00035342982471852735,0.00035342982471852735,0.0,0.0007819562115991196,0.0007819562115991196,0.0
39115,2026-03-18 00:00:00,168,2,0.0,0.0,0.0,0.0,0.0,0.074082648,0.0003906421646349248,0.0003906421646349248,0.0,0.00029822708226847017,0.00029822708226847017,0.0,0.00021191509143644015,0.00021191509143644015,0.0
39115,2026-03-18 01:00:00,169,2,0.0,0.0,0.0,0.0,0.0,0.074082648,0.0003906421646349248,0.0003906421646349248,0.0,0.00029822708226847017,0.00029822708226847017,0.0,0.00021191509143644015,0.00021191509143644015,0.0
39115,2026-03-18 02:00:00,170,2,0.0,0.0,0.0,0.0,0.0,0.074082648,0.0004139597747901374,0.0004139597747901374,0.0,0.00029822708226847017,0.00029822708226847017,0.0,0.00022975973507641614,0.00022975973507641614,0.0
39115,2026-03-18 03:00:00,171,2,0.0,0.0,0.0,0.0,0.0,0.074082648,0.0004466002906210548,0.0004466002906210548,0.0,0.00029822708226847017,0.00029822708226847017,0.0,0.0002522323928456354,0.0002522323928456354,0.0
39115,2026-03-18 04:00:00,172,2,0.0,0.0,0.0,0.0,0.0,0.074082648,0.0004466002906210548,0.0004466002906210548,0.0,0.00029822708226847017,0.00029822708226847017,0.0,0.00025595107432184835,0.00025595107432184835,0.0
39115,2026-03-18 05:00:00,173,2,0.0,0.0,0.0,0.0,0.0,0.074082648,0.00015581318135685969,0.00015581318135685969,0.0,0.00018280718420121426,0.00018280718420121426,0.0,0.0007950862739016751,0.0007950862739016751,0.0
39115,2026-03-18 06:00:00,174,2,0.0,0.0,0.0,0.0,0.0,0.074082648,0.00015581318135685969,0.00015581318135685969,0.0,0.00018280718420121426,0.00018280718420121426,0.0,0.0007950862739016751,0.0007950862739016751,0.0
39115,2026-03-18 07:00:00,175,2,0.0001,0.0,0.0,0.0,0.0,0.074082648,0.00015581318135685969,0.00015581318135685969,0.0,0.00018280718420121426,0.00018280718420121426,0.0,0.0008530023833070647,0.0008530023833070647,0.0
39115,2026-03-18 08:00:00,176,2,0.0015,0.0,0.0,0.0,0.000463177,0.074082648,0.00015581318135685969,0.00015581318135685969,0.0,0.00018280718420121426,0.00018280718420121426,0.0,0.000852453836754598,0.000852453836754598,0.0
39115,2026-03-18 09:00:00,177,2,0.0764,0.0,0.0,0.0,0.011000463,0.074082648,0.0011132597687540462,0.0011132597687540462,0.0,0.00018280718420121426,0.00018280718420121426,0.0,0.00015778647953337957,0.00015778647953337957,0.0
39115,2026-03-18 10:00:00,178,2,0.3277,0.0,0.0,0.0,0.612899491,0.074082648,0.0013548505849482432,0.0011075990486159276,0.0002472515363323156,0.0001832224659479947,0.0001832224659479947,0.0,0.0001449084371365964,0.0001449084371365964,0.0
39115,2026-03-18 11:00:00,179,2,0.152,0.0,0.0,0.0,0.165701714,0.074082648,0.0011132597687540462,0.0011132597687540462,0.0,0.00018280718420121426,0.00018280718420121426,0.0,0.00015778647953337957,0.00015778647953337957,0.0
39115,2026-03-18 12:00:00,180,2,0.0522,0.0,0.0,0.0,0.089972209,0.074082648,0.0011132597687540462,0.0011132597687540462,0.0,0.00018280718420121426,0.00018280718420121426,0.0,0.0002441169900583299,0.0002441169900583299,0.0
39115,2026-03-18 13:00:00,181,2,0.0314,0.0,0.0,0.0,0.000463124,0.074082648,0.00013249557120164712,0.00013249557120164712,0.0,0.00018280718420121426,0.00018280718420121426,0.0,0.0001420883612857029,0.0001420883612857029,0.0
39115,2026-03-18 14:00:00,182,2,0.0339,0.0,0.0,0.0,0.000463124,0.074082648,0.00013249557120164712,0.00013249557120164712,0.0,0.00018280718420121426,0.00018280718420121426,0.0,2.3540490952852298e-05,2.3540490952852298e-05,0.0
39115,2026-03-18 15:00:00,183,2,0.0362,0.0,0.0,0.0,0.0,0.074082648,0.00013249557120164712,0.00013249557120164712,0.0,0.00018280718420121426,0.00018280718420121426,0.0,2.7377678606563987e-05,2.7377678606563987e-05,0.0
39115,2026-03-18 16:00:00,184,2,0.0107,0.0,0.0,0.0,0.0,0.074082648,0.00013249557120164712,0.00013249557120164712,0.0,0.00018280718420121426,0.00018280718420121426,0.0,2.7377678606563987e-05,2.7377678606563987e-05,0.0
39115,2026-03-18 17:00:00,185,2,0.0038,0.0,0.0,0.0,0.0,0.074082648,0.00013249557120164712,0.00013249557120164712,0.0,0.00018280718420121426,0.00018280718420121426,0.0,2.7377678606563987e-05,2.7377678606563987e-05,0.0
39115,2026-03-18 18:00:00,186,2,0.0,0.0,0.0,0.0,0.0,0.074082648,0.00013249557120164712,0.00013249557120164712,0.0,0.00018280718420121426,0.00018280718420121426,0.0,0.00011274949234417417,0.00011274949234417417,0.0
39115,2026-03-18 19:00:00,187,2,0.0,0.0,0.0,0.0,0.0,0.074082648,0.00013249557120164712,0.00013249557120164712,0.0,0.00018280718420121426,0.00018280718420121426,0.0,8.343946949907456e-05,8.343946949907456e-05,0.0
39115,2026-03-18 20:00:00,188,2,0.0,0.0,0.0,0.0,0.0,0.074082648,0.00013249557120164712,0.00013249557120164712,0.0,0.00018280718420121426,0.00018280718420121426,0.0,1.8939649171128436e-05,1.8939649171128436e-05,0.0
39115,2026-03-18 21:00:00,189,2,0.0,0.0,0.0,0.0,0.0,0.074082648,0.00013249557120164712,0.00013249557120164712,0.0,0.00018280718420121426,0.00018280718420121426,0.0,1.8939649171128436e-05,1.8939649171128436e-05,0.0
39115,2026-03-18 22:00:00,190,2,0.0,0.0,0.0,0.0,0.0,0.074082648,0.00013249557120164712,0.00013249557120164712,0.0,0.00018280718420121426,0.00018280718420121426,0.0,2.265833064734138e-05,2.265833064734138e-05,0.0
39115,2026-03-18 23:00:00,191,2,0.0,0.0,0.0,0.0,0.0,0.074082648,0.00013249557120164712,0.00013249557120164712,0.0,0.00018280718420121426,0.00018280718420121426,0.0,8.357461747489967e-05,8.357461747489967e-05,0.0
39115,2026-03-19 00:00:00,192,2,0.0,0.0,0.0,0.0,0.0,0.074082648,0.00013249557120164712,0.00013249557120164712,0.0,0.00018280718420121426,0.00018280718420121426,0.0,7.362382369594204e-05,7.362382369594204e-05,0.0
39115,2026-03-19 01:00:00,193,2,0.0,0.0,0.0,0.0,0.0,0.074082648,0.00013249557120164712,0.00013249557120164712,0.0,0.00018280718420121426,0.00018280718420121426,0.0,7.662400111811073e-05,7.662400111811073e-05,0.0
39115,2026-03-19 02:00:00,194,2,0.0,0.0,0.0,0.0,0.0,0.074082648,0.00015581318135685969,0.00015581318135685969,0.0,0.00018280718420121426,0.00018280718420121426,0.0,5.674351975379196e-05,5.674351975379196e-05,0.0
39115,2026-03-19 03:00:00,195,2,0.0,0.0,0.0,0.0,0.0,0.074082648,0.00015581318135685969,0.00015581318135685969,0.0,0.00018280718420121426,0.00018280718420121426,0.0,0.0006665876097898668,0.0006665876097898668,0.0
39115,2026-03-19 04:00:00,196,2,0.0,0.0,0.0,0.0,0.0,0.074082648,0.00015581318135685969,0.00015581318135685969,0.0,0.0009566485441555471,0.00018280718420121426,0.0007738413599543328,0.0006864295974318076,0.0006864295974318076,0.0
39115,2026-03-19 05:00:00,197,2,0.0,0.0,0.0,0.0,0.0,0.074082648,0.00015581318135685969,0.00015581318135685969,0.0,0.0009537010531247275,0.00018280718420121426,0.0007708938689235133,0.0,0.0,0.0
39115,2026-03-19 06:00:00,198,2,0.0,0.0,0.0,0.0,0.0,0.074082648,0.00015581318135685969,0.00015581318135685969,0.0,0.0009737323177686785,0.00018280718420121426,0.0007909251335674642,0.0006635874323676981,0.0006635874323676981,0.0
39115,2026-03-19 07:00:00,199,2,0.0001,0.0,0.0,0.0,0.000115781,0.074082648,0.00013249557120164712,0.00013249557120164712,0.0,0.0009566485441555471,0.00018280718420121426,0.0007738413599543328,0.0007005930497484556,0.0007005930497484556,0.0
39115,2026-03-19 08:00:00,200,2,0.0,0.0,0.0,0.0,0.0,0.074082648,0.00013249557120164712,0.00013249557120164712,0.0,0.0009597223864608478,0.00018280718420121426,0.0007769152022596335,2.066640409325003e-05,2.066640409325003e-05,0.0
39115,2026-03-19 09:00:00,201,2,0.0001,0.0,0.0,0.0,0.0,0.074082648,0.001267838342431727,0.00015581318135685969,0.0011120251610748672,0.0013261467335019706,0.00018280718420121426,0.0011433395493007563,0.001015363413955947,0.0007245037191952563,0.0002908596947606907
39115,2026-03-19 10:00:00,202,2,0.0002,0.0,0.0,0.0,0.000463124,0.074082648,0.0011711477145083496,0.00013249557120164712,0.0010386521433067024,0.0013530492830442999,0.00018280718420121426,0.0011702420988430856,0.0026739720409121853,0.00194974490942367,0.000724227131488515
39115,2026-03-19 11:00:00,203,2,0.0001,0.0,0.0,0.0,0.0,0.074082648,0.00015581318135685969,0.00015581318135685969,0.0,0.00018280718420121426,0.00018280718420121426,0.0,1.7694935463463233e-05,1.7694935463463233e-05,0.0
39115,2026-03-19 12:00:00,204,2,0.0,0.0,0.0,0.0,0.0,0.074082648,0.00013249557120164712,0.00013249557120164712,0.0,0.00018280718420121426,0.00018280718420121426,0.0,0.0020799636647392396,0.0020799636647392396,0.0
39115,2026-03-19 13:00:00,205,2,0.0,0.0,0.0,0.0,0.0,0.074082648,0.00013249557120164712,0.00013249557120164712,0.0,0.00018280718420121426,0.00018280718420121426,0.0,0.00018863698552578931,0.00018863698552578931,0.0
39115,2026-03-19 14:00:00,206,2,0.0,0.0,0.0,0.0,0.0,0.074082648,0.00013249557120164712,0.00013249557120164712,0.0,0.00018280718420121426,0.00018280718420121426,0.0,0.00018863698552578931,0.00018863698552578931,0.0
39115,2026-03-19 15:00:00,207,2,0.0,0.0,0.0,0.0,0.0,0.074082648,0.00013249557120164712,0.00013249557120164712,0.0,0.00018280718420121426,0.00018280718420121426,0.0,0.00018863698552578931,0.00018863698552578931,0.0
39115,2026-03-19 16:00:00,208,2,0.0,0.0,0.0,0.0,0.0,0.074082648,0.00013249557120164712,0.00013249557120164712,0.0,0.00018280718420121426,0.00018280718420121426,0.0,0.00018874109829470116,0.00018874109829470116,0.0
39115,2026-03-19 17:00:00,209,2,0.0,0.0,0.0,0.0,0.0,0.074082648,0.00013249557120164712,0.00013249557120164712,0.0,0.00018280718420121426,0.00018280718420121426,0.0,0.00017434560201907452,0.00017434560201907452,0.0
39115,2026-03-19 18:00:00,210,2,0.0,0.0,0.0,0.0,0.0,0.074082648,0.00013249557120164712,0.00013249557120164712,0.0,0.00018280718420121426,0.00018280718420121426,0.0,3.108554521093979e-06,3.108554521093979e-06,0.0
39115,2026-03-19 19:00:00,211,2,0.0,0.0,0.0,0.0,0.0,0.074082648,0.00013249557120164712,0.00013249557120164712,0.0,0.00018280718420121426,0.00018280718420121426,0.0,0.0,0.0,0.0
39115,2026-03-19 20:00:00,212,2,0.0,0.0,0.0,0.0,0.0,0.074082648,0.00013249557120164712,0.00013249557120164712,0.0,0.00018280718420121426,0.00018280718420121426,0.0,0.0,0.0,0.0
39115,2026-03-19 21:00:00,213,2,0.0,0.0,0.0,0.0,0.0,0.074082648,0.00013249557120164712,0.00013249557120164712,0.0,0.00018280718420121426,0.00018280718420121426,0.0,0.0,0.0,0.0
39115,2026-03-19 22:00:00,214,2,0.0,0.0,0.0,0.0,0.0,0.074082648,0.00013249557120164712,0.00013249557120164712,0.0,0.00018280718420121426,0.00018280718420121426,0.0,4.1456689392219056e-05,0.0,4.1456689392219056e-05
39117,2026-03-14 00:00:00,72,4,0.5087,0.48382227487172297,0.5006613316046764,0.48650874922825244,0.7618563,0.824241807,0.7137955976413298,0.7131880938904973,0.0006075037508324854,0.7558932394737135,0.7551657334952804,0.0007275059784330903,0.7205117835326535,0.720356861700291,0.00015492183236258077
39117,2026-03-14 01:00:00,73,4,0.5023,0.4546495619677217,0.478485910839689,0.46874564175092465,0.751068594,0.824241807,0.7048189447100356,0.7040194066788795,0.0007995380311560973,0.7644098168899537,0.7635010974547278,0.0009087194352259035,0.7400591441680429,0.7387714190169912,0.0012877251510516486
39117,2026-03-14 02:00:00,74,4,0.4922,0.42498395970216635,0.4392110395770107,0.43264692875565686,0.751068594,0.824241807,0.6997511965854717,0.6997511965854717,0.0,0.7353188962725826,0.7352345102396952,8.438603288735856e-05,0.718908619219198,0.7187772954820718,0.0001313237371261566
39117,2026-03-14 03:00:00,75,4,0.4232,0.39047337183749536,0.3966200984642547,0.39613793326559654,0.606248728,0.824241807,0.6869206714905784,0.6869206714905784,0.0,0.7022874880574768,0.7022874880574768,0.0,0.7010820750608313,0.7006843153822893,0.00039775967854201324
39117,2026-03-14 04:00:00,76,4,0.4137,0.3650094900167815,0.3767615583587409,0.36838562118761065,0.603297374,0.824241807,0.6697788142222759,0.6697788142222759,0.0,0.6991589850771742,0.6991589850771742,0.0,0.6782191421493488,0.6781392660513017,7.987609804705201e-05
39117,2026-03-14 05:00:00,77,4,0.4088,0.28885972947641725,0.29527128010815107,0.29006718967060874,0.610726644,0.824241807,0.6496567977952389,0.6496567977952389,0.0,0.6817145509539078,0.6817053354985837,9.215455324041326e-06,0.6556940987661964,0.6556940987661964,0.0
39117,2026-03-14 06:00:00,78,4,0.3191,0.289702955150221,0.29080634430013136,0.29176680157540186,0.418176267,0.824241807,0.6600265505415109,0.6600265505415109,0.0,0.665543496291063,0.665543496291063,0.0,0.6703457826674153,0.6703457826674153,0.0
39117,2026-03-14 07:00:00,79,4,0.3131,0.25882193586004304,0.2637390084219358,0.26285877970915605,0.431406473,0.824241807,0.5282320453522856,0.5280662839443325,0.00016576140795312373,0.5528174081617495,0.5527059364581139,0.00011147170363553527,0.5484162645978506,0.5484124922860495,3.7723118012025965e-06
39117,2026-03-14 08:00:00,80,4,0.3163,0.2726427733075173,0.27060543009317317,0.2693649811633885,0.456442092,0.824241807,0.6184113368470889,0.6182854107797464,0.00012592606734248887,0.6082246207753684,0.6081511543062663,7.3466469102149e-05,0.6020223761264449,0.6019226150464061,9.976108003886552e-05
39117,2026-03-14 09:00:00,81,4,0.2951,0.2592802274653527,0.25987261188670346,0.26102988160734525,0.427437411,0.824241807,0.5610201009018022,0.5610201009018022,0.0,0.5639820230085565,0.5639820230085565,0.0,0.5697683716117651,0.5697683716117651,0.0
39117,2026-03-14 10:00:00,82,4,0.2774,0.25588743932932595,0.255170233106793,0.25518114112450163,0.407083249,0.824241807,0.5730941620532334,0.5730941620532334,0.0,0.5695081309405685,0.5695081309405685,0.0,0.5695626710291116,0.5695626710291116,0.0
39117,2026-03-14 11:00:00,83,4,0.2744,0.24222012666807635,0.24862864075894864,0.2499550089508309,0.420618767,0.824241807,0.5195646825795098,0.5195646825795098,0.0,0.5516072530338713,0.5516072530338713,0.0,0.5582390939932826,0.5582009526370658,3.8141356216855695e-05
39117,2026-03-14 12:00:00,84,4,0.2568,0.23100770930210188,0.23545667286550276,0.236903114604598,0.377060859,0.824241807,0.4916310522558783,0.4914693164523594,0.00016173580351886764,0.5138758700728826,0.5138758700728826,0.0,0.5211080787683589,0.5210447857154267,6.329305293212924e-05
39117,2026-03-14 13:00:00,85,4,0.2555,0.21918989418002907,0.22001915801197386,0.22190355179428325,0.384388357,0.824241807,0.4211674322096818,0.4210597982204721,0.000107633989209642,0.42531375136940575,0.42531375136940575,0.0,0.4347357202809528,0.4347357202809528,0.0
39117,2026-03-14 14:00:00,86,4,0.2439,0.21214882841571714,0.21857202160168587,0.2156462604176947,0.364848361,0.824241807,0.389924296862704,0.3897689414788045,0.00015535538389956793,0.4220402627925475,0.4220402627925475,0.0,0.4074114568725916,0.4074114568725916,0.0
39117,2026-03-14 15:00:00,87,4,0.2209,0.20813000103847581,0.21344804780064003,0.20922139428563527,0.3207816,0.824241807,0.3714439993390196,0.37131362087740744,0.00013037846161217582,0.39803423314984065,0.3980332213409843,1.0118088563455506e-06,0.3769009655748168,0.3769009655748168,0.0
39117,2026-03-14 16:00:00,88,4,0.2173,0.2087139886675235,0.212901817970145,0.2059644099798752,0.317117851,0.824241807,0.3776131686017624,0.3775258844389634,8.728416279903002e-05,0.3985523151148699,0.39854760473017536,4.7103846945007985e-06,0.3638652751635208,0.3638652751635208,0.0
39117,2026-03-14 17:00:00,89,4,0.2163,0.2018218290415789,0.2011502042117079,0.19558911265033804,0.32576837,0.824241807,0.37161709267845316,0.37149304877868766,0.00012404389976547855,0.3682589685290983,0.3682589685290983,0.0,0.34045351072224894,0.34045351072224894,0.0
39117,2026-03-14 18:00:00,90,4,0.1875,0.20146113600428664,0.19838286013356102,0.18712038373029277,0.265418278,0.824241807,0.37273563763598344,0.3726122198493954,0.00012341778658803482,0.3573442582823554,0.35734340513959234,8.531427630311339e-07,0.3010318762660141,0.3010318762660141,0.0
39117,2026-03-14 19:00:00,91,4,0.1782,0.19528661979633402,0.19412807795237716,0.18365460539886458,0.261143904,0.824241807,0.37862675513346694,0.37853002471471553,9.673041875142755e-05,0.3728340459136825,0.3728340459136825,0.0,0.3204666831461196,0.3204666831461196,0.0
39117,2026-03-14 20:00:00,92,4,0.1575,0.17954369810642845,0.17663124036064626,0.16852095275329299,0.2193161,0.824241807,0.3562683310246039,0.3562101617484362,5.8169276167677626e-05,0.34170604229569296,0.34170604229569296,0.0,0.3011546042589268,0.3011546042589268,0.0
39117,2026-03-14 21:00:00,93,4,0.1531,0.16971153878373618,0.1702967336363715,0.16037433139416982,0.219621413,0.824241807,0.33824016556015984,0.3381852209439289,5.494461623092919e-05,0.34116613982333643,0.34116613982333643,0.0,0.29155412861232805,0.29155412861232805,0.0
39117,2026-03-14 22:00:00,94,4,0.1441,0.16772004655129688,0.16810338025020702,0.15626420280069384,0.206187665,0.824241807,0.33123431331159314,0.3309666181911557,0.00026769512043744206,0.33315098180614394,0.3330445691327306,0.0001064126734133294,0.27395509455857797,0.2738392350699924,0.00011585948858553954
39117,2026-03-14 23:00:00,95,4,0.1341,0.13788432025455669,0.14315124260647294,0.135183197358984,0.194992876,0.824241807,0.2804921944003307,0.2804921944003307,0.0,0.3199941120397024,0.3199941120397024,0.0,0.2602337726835352,0.2602337726835352,0.0
39117,2026-03-15 00:00:00,96,4,0.131,0.1307114469402762,0.13457107224630666,0.12759115523864215,0.19417871,0.824241807,0.2706688230451983,0.27057887572298883,8.994732220944067e-05,0.2996160128404267,0.2996160128404267,0.0,0.24726663528294282,0.24726663528294282,0.0
39117,2026-03-15 01:00:00,97,4,0.1252,0.129641996726198,0.13349790116211088,0.1264121324030795,0.186952982,0.824241807,0.2678342538364656,0.2677353621560908,9.889168037478924e-05,0.2967535371058121,0.2967535371058121,0.0,0.24361027141307678,0.24361027141307678,0.0
39117,2026-03-15 02:00:00,98,4,0.1215,0.12778953648071648,0.13063422910052186,0.1243926178493517,0.1816609,0.824241807,0.2612686487450986,0.26118549969394844,8.314905115014312e-05,0.28260384339363886,0.28260384339363886,0.0,0.23579175900986285,0.23579175900986285,0.0
39117,2026-03-15 03:00:00,99,4,0.1194,0.12341301982292585,0.12804945759877298,0.12360100441853028,0.180032567,0.824241807,0.23261207601818068,0.23249926508674598,0.00011281093143468767,0.26738535933703406,0.26738535933703406,0.0,0.23402196048521387,0.23402196048521387,0.0
39117,2026-03-15 04:00:00,100,4,0.1179,0.12020393553005727,0.12528412232887245,0.12100351700390062,0.179116629,0.824241807,0.22233562564918435,0.22221495726002705,0.00012066838915730166,0.26043702664029833,0.2604218411830526,1.5185457245700691e-05,0.2283324867030096,0.2283324867030096,0.0
39117,2026-03-15 05:00:00,101,4,0.1139,0.1189455832040028,0.12354413531802362,0.11912545798983072,0.172297985,0.824241807,0.22478693180328788,0.22472612067308576,6.0811130202114875e-05,0.2592760726584441,0.2592760726584441,0.0,0.22613599269699727,0.22613599269699727,0.0
39117,2026-03-15 06:00:00,102,4,0.1075,0.11728038125520475,0.12139372732873638,0.11734539093513931,0.160187258,0.824241807,0.2168426795027811,0.21676658813896377,7.609136381735068e-05,0.24769277505426815,0.24769277505426815,0.0,0.21733025210229026,0.21733025210229026,0.0
39117,2026-03-15 07:00:00,103,4,0.1048,0.11292123534373508,0.11658342629570417,0.11279661230799165,0.157541217,0.824241807,0.21660251622603588,0.2164537357900701,0.00014878043596578053,0.2440689483658041,0.2440689483658041,0.0,0.21566784345796022,0.21566784345796022,0.0
39117,2026-03-15 08:00:00,104,4,0.0954,0.10870355416786608,0.11462055945925521,0.11007175075296834,0.138001221,0.824241807,0.2013111460615637,0.20124942252829514,6.172353326854181e-05,0.2456886857469823,0.2456886857469823,0.0,0.21157262044983058,0.21157262044983058,0.0
39117,2026-03-15 09:00:00,105,4,0.0902,0.10611274471278534,0.11030970800208312,0.10748620627985059,0.131691431,0.824241807,0.1929518826741577,0.19270564457539135,0.0002462380987663284,0.22442910734389102,0.22442910734389102,0.0,0.20325284442714708,0.20325284442714708,0.0
39117,2026-03-15 10:00:00,106,4,0.0777,0.10077808204881059,0.10618858907634662,0.1013293729403478,0.108691227,0.824241807,0.17310139045183304,0.17310139045183304,0.0,0.21368019315835332,0.21368019315835332,0.0,0.1772360721383622,0.1772360721383622,0.0
39117,2026-03-15 11:00:00,107,4,0.0634,0.09660557935299416,0.1010733365758152,0.09843689389167931,0.080602483,0.824241807,0.1702133491778089,0.1702133491778089,0.0,0.20372152834896656,0.20372152834896656,0.0,0.18394820821794744,0.18369761957750677,0.00025058864044066295
39117,2026-03-15 12:00:00,108,4,0.0634,0.09331844026760695,0.09834484275492779,0.09340014087920477,0.084775087,0.824241807,0.16701145794449454,0.16657185057198165,0.0004396073725129012,0.20470947659940086,0.20448788935825563,0.00022158724114522684,0.16762421253147813,0.16711096152190036,0.0005132510095777877
39117,2026-03-15 13:00:00,109,4,0.0637,0.09141295122455018,0.09701729202023637,0.09230346208058733,0.090576023,0.824241807,0.1700434403187767,0.16926561548756935,0.0007778248312073436,0.21207599628642315,0.21207599628642315,0.0,0.17672227173905536,0.17567437011837722,0.00104790162067815
39117,2026-03-15 14:00:00,110,4,0.0722,0.08707907512327019,0.09115310646348208,0.08519919058679924,0.087828211,0.824241807,0.16385564261967736,0.16378537773054844,7.026488912891877e-05,0.1944108776712666,0.1944108776712666,0.0,0.14975650859614523,0.1492307877436107,0.0005257208525345331
39117,2026-03-15 15:00:00,111,4,0.1191,0.08356008319403611,0.08570808786547932,0.08116136547485676,0.191532668,0.824241807,0.1647842812341169,0.16269800029669548,0.0020862809374214085,0.18089431626994087,0.178422368645021,0.0024719476249198654,0.14679389834027168,0.14475306231935425,0.002040836020917425
39117,2026-03-15 16:00:00,112,4,0.1347,0.08132815316214971,0.0830736122896537,0.07737899724984572,0.222674537,0.824241807,0.16276048369204096,0.16240665081027603,0.0003538328817649327,0.17585142714832083,0.17578858724558583,6.28399027350082e-05,0.133141814349761,0.13278969576310812,0.00035211858665287434
39117,2026-03-15 17:00:00,113,4,0.1022,0.07649022489071985,0.0798440814228476,0.0744354196826203,0.170873194,0.824241807,0.15636453952842191,0.15612666808977585,0.0002378714386460666,0.18151846351937997,0.18151846351937997,0.0,0.14095350046767516,0.14073173329507063,0.00022176717260453068
39117,2026-03-15 18:00:00,114,4,0.0574,0.066296388027347,0.06977793084237649,0.06646551307848839,0.069916548,0.824241807,0.10778368829737651,0.10767578571929437,0.00010790257808214664,0.13389525941009775,0.13389525941009775,0.0,0.10905212618093701,0.10858799803460996,0.00046412814632705086
39117,2026-03-15 19:00:00,115,4,0.0555,0.05735413609111744,0.059165444642097824,0.05842575271544649,0.06391207,0.824241807,0.06435974165409607,0.06351713234022031,0.0008426093138757464,0.07794455578644897,0.07761068376459641,0.0003338720218525616,0.07239686633656393,0.07239686633656393,0.0
39117,2026-03-15 20:00:00,116,4,0.0571,0.053984613978057296,0.055247161376027566,0.05599394481624461,0.061978425,0.824241807,0.06332600982600652,0.06304868624299655,0.0002773235830099663,0.07279511531078359,0.07279511531078359,0.0,0.0783959911124114,0.0783959911124114,0.0
39117,2026-03-15 21:00:00,117,4,0.052,0.05309526028191753,0.05437734205798124,0.05463987066245156,0.062283737,0.824241807,0.06761468878652113,0.06751572014307923,9.896864344190243e-05,0.07723030210699894,0.07723030210699894,0.0,0.07919926664052634,0.07919926664052634,0.0
39117,2026-03-15 22:00:00,118,4,0.0452,0.05120487503519055,0.05200025982454756,0.05230006805736459,0.061876654,0.824241807,0.06506090147365833,0.06506090147365833,0.0,0.07102628739383597,0.0709689294960571,5.7357897778874503e-05,0.07327484913996363,0.07327484913996363,0.0
39117,2026-03-15 23:00:00,119,4,0.0406,0.04604607853266549,0.04617953255082616,0.04690967374716353,0.061876654,0.824241807,0.06806749388711195,0.06758110814251653,0.0004863857445954207,0.06940203406871859,0.06932551454337477,7.651952534381755e-05,0.0767034460320923,0.07636788152449045,0.00033556450760184245
39117,2026-03-16 00:00:00,120,4,0.0402,0.04437943157378903,0.04470688590390158,0.04559578860847653,0.061571341,0.824241807,0.06183958943412995,0.06183958943412995,0.0,0.06511413273525556,0.06511413273525556,0.0,0.07400315978100501,0.07361913415664664,0.0003840256243583641
39117,2026-03-16 01:00:00,121,4,0.0399,0.04390850292010568,0.04455642713102813,0.0455767008108827,0.0613678,0.824241807,0.06165273437160121,0.061138494633803886,0.0005142397377973243,0.06813197648082575,0.06813197648082575,0.0,0.0783347132793714,0.07790608106156023,0.000428632217811168
39117,2026-03-16 02:00:00,122,4,0.0386,0.042489835863330994,0.043474921187942994,0.04355000310336984,0.058518217,0.824241807,0.06616386337947681,0.06499359872372884,0.0011702646557479803,0.0760147166255968,0.07426315212333051,0.0017515645022662901,0.07676553577986528,0.07592107208182007,0.0008444636980452104
39117,2026-03-16 03:00:00,123,4,0.0384,0.0410530127893766,0.0425324758316489,0.041569032230012196,0.058416446,0.824241807,0.05931769306318952,0.058735740057798136,0.000581953005391386,0.07411232348591258,0.07360177518170521,0.0005105483042073614,0.06447788746954551,0.06437681714115642,0.00010107032838909461
39117,2026-03-16 04:00:00,124,4,0.0386,0.0417095931902596,0.04263573809687249,0.04182587873378428,0.058314675,0.824241807,0.06299285406248324,0.06267812323993008,0.0003147308225531572,0.07225430312861218,0.07225430312861218,0.0,0.06415570949773006,0.0640375985265026,0.00011811097122744795
39117,2026-03-16 05:00:00,125,4,0.0393,0.038489074512781885,0.039620843104840694,0.039398930790988225,0.060350092,0.824241807,0.04382361953321983,0.0434212451449309,0.0004023743882889335,0.05514130545380798,0.055066186885868784,7.511856793919632e-05,0.052922182315283235,0.05288750483095569,3.4677484327547143e-05
39117,2026-03-16 06:00:00,126,4,0.0387,0.038775137145249654,0.04000993578451629,0.03958309560138653,0.059128842,0.824241807,0.04490648677555199,0.04384404415145913,0.0010624426240928644,0.05725447316821833,0.05588532458822798,0.001369148579990347,0.052986071336920765,0.05195659323926238,0.0010294780976583835
39117,2026-03-16 07:00:00,127,4,0.0383,0.03850521817528892,0.039162755384318626,0.03977673549729299,0.059230613,0.824241807,0.05450770387921608,0.05212224685632465,0.002385457022891436,0.06108307596951313,0.05955613969029626,0.001526936279216872,0.06722287709925678,0.0650047749410606,0.002218102158196178
39117,2026-03-16 08:00:00,128,4,0.0369,0.03731035359240511,0.03855804644950927,0.03741705816170577,0.055872176,0.824241807,0.055497628374021675,0.05446709453099334,0.0010305338430283328,0.06797455694506323,0.06677949932560957,0.0011950576194536583,0.05656467406702829,0.05546438240390918,0.0011002916631191074
39117,2026-03-16 09:00:00,129,4,0.0364,0.039201853665586865,0.04018681718280114,0.0396480261294151,0.055363322,0.824241807,0.061962014156075475,0.05978351260988405,0.002178501546191428,0.07181164932821822,0.06966570369744442,0.0021459456307737993,0.06642373879435785,0.0642165179085233,0.002207220885834552
39117,2026-03-16 10:00:00,130,4,0.0353,0.03272854858694969,0.0342915369506403,0.03381920220948703,0.052920822,0.824241807,0.044830535063932635,0.04274972068727086,0.0020808143766617698,0.060460418700838646,0.05879444679793746,0.0016659719029011861,0.055737071289306064,0.05386587473878378,0.0018711965505222837
39117,2026-03-16 11:00:00,131,4,0.0349,0.029396345051446227,0.03052998753744085,0.030508023438413287,0.05261551,0.824241807,0.0380812693134509,0.036295931520192753,0.0017853377932581457,0.04941769417339714,0.04796843029209186,0.0014492638813052852,0.04919805318312154,0.047650937675427565,0.001547115507693972
39117,2026-03-16 12:00:00,132,4,0.0345,0.029237762894969304,0.029929439016483768,0.029952716794575427,0.052106656,0.824241807,0.03928276609428071,0.03793826803089211,0.001344498063388602,0.04619952730942534,0.044347968326264336,0.001851558983161,0.046432305090341935,0.045236950611443845,0.00119535447889809
39117,2026-03-16 13:00:00,133,4,0.0338,0.02559230698253415,0.026422386913073456,0.026154838396703253,0.051699573,0.824241807,0.03298222017264425,0.03298222017264425,0.0,0.0412830194780373,0.0412830194780373,0.0,0.03860753431433528,0.03860753431433528,0.0
39117,2026-03-16 14:00:00,134,4,0.0312,0.022696002384806523,0.022849178061005997,0.02353926978063441,0.046814574,0.824241807,0.026403565506774942,0.025994725904969696,0.0004088396018052463,0.027935322268769686,0.027935322268769686,0.0,0.03483623946505383,0.03470762993643596,0.0001286095286178657
39117,2026-03-16 15:00:00,135,4,0.0268,0.021605739980823407,0.021763221623960775,0.02221193554157607,0.037960513,0.824241807,0.029862187650905092,0.029604012807926582,0.0002581748429785083,0.03143700408227877,0.03143700408227877,0.0,0.035924143258431726,0.03585468179252594,6.946146590578572e-05
39117,2026-03-16 16:00:00,136,4,0.0236,0.02047666977998571,0.02095744603987629,0.020616827661037763,0.031854264,0.824241807,0.028276189739360982,0.027202384257974683,0.001073805481386299,0.0330839523382668,0.031985466285577704,0.0010984860526890964,0.029677768549881543,0.02947085670457793,0.00020691184530361364
39117,2026-03-16 17:00:00,137,4,0.0222,0.017615699677406706,0.01774095275754021,0.017414304495554696,0.030327702,0.824241807,0.02836398986009743,0.02793366301868042,0.00043032684141701194,0.02961652066143247,0.02961652066143247,0.0,0.02635003804157736,0.02635003804157736,0.0
39117,2026-03-16 18:00:00,138,4,0.0202,0.014709243353547676,0.015646824647368718,0.015015510935160193,0.027478119,0.824241807,0.01903453284668217,0.01898998433624685,4.454851043531876e-05,0.028410345784892547,0.028410345784892547,0.0,0.022097208662807347,0.022097208662807347,0.0
39117,2026-03-16 19:00:00,139,4,0.0183,0.01236040212654208,0.012845898847427829,0.012804973197126887,0.025442703,0.824241807,0.014783054916593798,0.014745146881541216,3.790803505258123e-05,0.01963802212545129,0.01963802212545129,0.0,0.019228765622441867,0.019228765622441867,0.0
39117,2026-03-16 20:00:00,140,4,0.0174,0.01168378086247418,0.012581505184199938,0.012270569728587779,0.025239161,0.824241807,0.01462602116483536,0.01462602116483536,0.0,0.02360326438209294,0.02360326438209294,0.0,0.020493909825971348,0.020493909825971348,0.0
39117,2026-03-16 21:00:00,141,4,0.0169,0.011371117717496283,0.012012522160744537,0.011889972377012897,0.02503562,0.824241807,0.01603915233969911,0.01603915233969911,0.0,0.02245319677218164,0.02245319677218164,0.0,0.02122769893486524,0.02122769893486524,0.0
39117,2026-03-16 22:00:00,142,4,0.0167,0.010519803197153989,0.011154444394231812,0.011006501871212307,0.025137391,0.824241807,0.014520646028486567,0.014520646028486567,0.0,0.020867057999264797,0.020867057999264797,0.0,0.01938763276906976,0.01938763276906976,0.0
39117,2026-03-16 23:00:00,143,4,0.0162,0.009504864810553357,0.010032257160507693,0.010140901223897082,0.024526766,0.824241807,0.013226640570328674,0.013226640570328674,0.0,0.018500564069872036,0.018500564069872036,0.0,0.019587004703765915,0.019587004703765915,0.0
39117,2026-03-17 00:00:00,144,4,0.0159,0.009452098834264594,0.010094177251619749,0.009892121380836581,0.024526766,0.824241807,0.013922184639946378,0.013922184639946378,0.0,0.020342968813497925,0.020342968813497925,0.0,0.018322410105666244,0.018322410105666244,0.0
39117,2026-03-17 01:00:00,145,4,0.0145,0.009433258649960807,0.010081770720476571,0.009769059395061046,0.0212701,0.824241807,0.013922184639946378,0.013922184639946378,0.0,0.020407305345104012,0.020407305345104012,0.0,0.017280192090948793,0.017280192090948793,0.0
39117,2026-03-17 02:00:00,146,4,0.0141,0.007996647147182134,0.008903433982486634,0.008406903852975014,0.020761246,0.824241807,0.01325649626769396,0.01325649626769396,0.0,0.022324364620738977,0.022324364620738977,0.0,0.01735906332562277,0.01735906332562277,0.0
39117,2026-03-17 03:00:00,147,4,0.0139,0.00752731027914679,0.008442345303428685,0.007800605467591633,0.020455933,0.824241807,0.013502245530701812,0.013502245530701812,0.0,0.022652595773520755,0.022652595773520755,0.0,0.016235197415150265,0.016157170727487548,7.80266876627153e-05
39117,2026-03-17 04:00:00,148,4,0.0137,0.008632218273849525,0.010340050214644939,0.008613371806269483,0.020455933,0.824241807,0.01607911482970784,0.01607911482970784,0.0,0.03315743423766197,0.03315743423766197,0.0,0.015890650153907407,0.015890650153907407,0.0
39117,2026-03-17 05:00:00,149,4,0.0136,0.008088822175282888,0.0091020185873089,0.008304902685866221,0.020557704,0.824241807,0.01398980731903453,0.01398980731903453,0.0,0.02412177143929465,0.02412177143929465,0.0,0.01615061242486784,0.01615061242486784,0.0
39117,2026-03-17 06:00:00,150,4,0.0137,0.007704720005333753,0.008365321445610134,0.007750585838276797,0.021168329,0.824241807,0.0132471734305962,0.0132471734305962,0.0,0.01985318783336,0.01985318783336,0.0,0.013705831760026647,0.013705831760026647,0.0
39117,2026-03-17 07:00:00,151,4,0.0137,0.008228115555851267,0.009058794751369571,0.008251794004693117,0.021168329,0.824241807,0.014565759650989012,0.014565759650989012,0.0,0.02287255160617206,0.02287255160617206,0.0,0.01480254413940752,0.01480254413940752,0.0
39117,2026-03-17 08:00:00,152,4,0.0137,0.00789928707579034,0.009525159925640752,0.0077008928552776395,0.021168329,0.824241807,0.01767697398911404,0.01767697398911404,0.0,0.033935702487618145,0.033935702487618145,0.0,0.015693031783987024,0.015693031783987024,0.0
39117,2026-03-17 09:00:00,153,4,0.0155,0.006472941802425208,0.007032558839400092,0.006457024712034615,0.021371871,0.824241807,0.014351064319665072,0.014351064319665072,0.0,0.019947234689413913,0.019947234689413913,0.0,0.014191893415759141,0.014191893415759141,0.0
39117,2026-03-17 10:00:00,154,4,0.0215,0.005978831158139563,0.0061209088343291765,0.006087140095291311,0.035518013,0.824241807,0.013390710901800605,0.013390710901800605,0.0,0.014811487663696742,0.014811487663696742,0.0,0.014473800273318082,0.014473800273318082,0.0
39117,2026-03-17 11:00:00,155,4,0.0187,0.0047654389970181645,0.004863971501029425,0.0046999765150079476,0.027885203,0.824241807,0.010493575363714812,0.010493575363714812,0.0,0.011478900403827421,0.011478900403827421,0.0,0.00983895054361264,0.00983895054361264,0.0
39117,2026-03-17 12:00:00,156,4,0.0173,0.004813989994058435,0.004890706477655735,0.004441816801590916,0.027783432,0.824241807,0.011366741309320257,0.011366741309320257,0.0,0.012133906145293263,0.012133906145293263,0.0,0.00764500938464507,0.00764500938464507,0.0
39117,2026-03-17 13:00:00,157,4,0.018,0.004636854619112571,0.004730617503893911,0.004327974499686459,0.028088744,0.824241807,0.00879509343137259,0.00879509343137259,0.0,0.009732722279185991,0.009732722279185991,0.0,0.005706292237111472,0.005706292237111472,0.0
39117,2026-03-17 14:00:00,158,4,0.0178,0.0038131192276225573,0.00400323141237761,0.0035508715325788995,0.027783432,0.824241807,0.006880049186897152,0.006880049186897152,0.0,0.008781171034447682,0.008719433677001842,6.173735744584e-05,0.0042575722364605805,0.0042575722364605805,0.0
39117,2026-03-17 15:00:00,159,4,0.0137,0.003921999782026038,0.004032868846920671,0.003706080048478648,0.017809892,0.824241807,0.005995780529217154,0.005995780529217154,0.0,0.007104471178163482,0.007104471178163482,0.0,0.0038365831937432434,0.0038365831937432434,0.0
39117,2026-03-17 16:00:00,160,4,0.013,0.004098210740770632,0.004917616290340941,0.003874550854777135,0.017911663,0.824241807,0.004829429364455597,0.004829429364455597,0.0,0.013023484860158693,0.012977562653060314,4.592220709837866e-05,0.0025928305045206297,0.0025928305045206297,0.0
39117,2026-03-17 17:00:00,161,4,0.0126,0.0036616997495966474,0.0037587164229783603,0.003415310484409032,0.017301038,0.824241807,0.0046929481422844895,0.004638820320343992,5.412782194049721e-05,0.005663114876101616,0.005613771390876554,4.934348522506222e-05,0.0022290554904083352,0.0022290554904083352,0.0
39117,2026-03-17 18:00:00,162,4,0.0121,0.0023875458386128138,0.0026085156294334243,0.0023663929278163608,0.017301038,0.824241807,0.002831302459985071,0.0027411858159488095,9.011664403626127e-05,0.005041000368191178,0.004913135436270003,0.00012786493192117537,0.00261977335202054,0.00261977335202054,0.0
39117,2026-03-17 19:00:00,163,4,0.0115,0.0024746769576320543,0.002767676543552719,0.002588376599027294,0.016893955,0.824241807,0.0027411858159488095,0.0027411858159488095,0.0,0.005671181675155457,0.005461148375650334,0.0002100332995051228,0.003878182229901201,0.003878182229901201,0.0
39117,2026-03-17 20:00:00,164,4,0.011,0.0018281502716168505,0.002012865818014525,0.001999991680264004,0.016690413,0.824241807,0.0020980191791521645,0.0020980191791521645,0.0,0.003945174643128915,0.003945174643128915,0.0,0.003816433265623705,0.003816433265623705,0.0
39117,2026-03-17 21:00:00,165,4,0.0108,0.0017301347973808624,0.0019195257508415472,0.0019019762060280166,0.016690413,0.824241807,0.0020980191791521645,0.0020980191791521645,0.0,0.003991928713759012,0.003991928713759012,0.0,0.003816433265623705,0.003816433265623705,0.0
39117,2026-03-17 22:00:00,166,4,0.0087,0.0018026908134597963,0.0019785928001332053,0.0018940034911531674,0.012008956,0.824241807,0.0020980191791521645,0.0020980191791521645,0.0,0.003857039045886253,0.003857039045886253,0.0,0.0030111459560858756,0.0030111459560858756,0.0
39117,2026-03-17 23:00:00,167,4,0.0085,0.0017628068677455182,0.0019341321387820742,0.0018541195454388894,0.012008956,0.824241807,0.0020980191791521645,0.0020980191791521645,0.0,0.0038112718895177244,0.0038112718895177244,0.0,0.0030111459560858756,0.0030111459560858756,0.0
39117,2026-03-18 00:00:00,168,4,0.0084,0.0016723027800463477,0.001750347401463556,0.0017532217877898055,0.012008956,0.824241807,0.0013257305710753196,0.0012976780302157097,2.8052540859609807e-05,0.002106176785247403,0.002106176785247403,0.0,0.002134920648509896,0.002134920648509896,0.0
39117,2026-03-18 01:00:00,169,4,0.0077,0.0015525162089694987,0.001635111484628549,0.0016151936431599392,0.010889477,0.824241807,0.0013259911850254282,0.0012976780302157097,2.8313154809718574e-05,0.0021519439416159314,0.0021519439416159314,0.0,0.0019527655269298333,0.0019527655269298333,0.0
39117,2026-03-18 02:00:00,170,4,0.0074,0.0013305549919986415,0.0014992430352193582,0.0013759161120136488,0.010889477,0.824241807,0.0013260187007256563,0.0012976780302157097,2.834067050994663e-05,0.003012899132932822,0.003012899132932822,0.0,0.0017796299008757306,0.0017796299008757306,0.0
39117,2026-03-18 03:00:00,171,4,0.0072,0.0015956522576026572,0.0017801807330286694,0.0016366344193429621,0.010787706,0.824241807,0.001369808283472681,0.0012976780302157097,7.213025325697137e-05,0.0032150930377328043,0.003183456524348379,3.1636513384425425e-05,0.0017796299008757306,0.0017796299008757306,0.0
39117,2026-03-18 04:00:00,172,4,0.0068,0.0011055113755614786,0.0010925257273249756,0.0010937298273762414,0.010278852,0.824241807,0.0020467048614396834,0.0020227596278063077,2.3945233633375804e-05,0.001916848379074653,0.001916848379074653,0.0,0.001928889379587312,0.001928889379587312,0.0
39117,2026-03-18 05:00:00,173,4,0.0063,0.0,0.0011553592796778767,0.0010439437415532206,0.009261144,0.824241807,0.0013686586271734252,0.0012976780302157097,7.098059695771547e-05,0.0031376893679798505,0.0031376893679798505,0.0,0.0020235339867332902,0.0020235339867332902,0.0
39117,2026-03-18 06:00:00,174,4,0.0062,0.0010692240191071587,0.001247237969680559,0.0011382745708854297,0.009261144,0.824241807,0.0013575498622458479,0.0012976780302157097,5.987183203013809e-05,0.0031376893679798505,0.0031376893679798505,0.0,0.0020480553800285594,0.0020235339867332902,2.452139329526904e-05
39117,2026-03-18 07:00:00,175,4,0.0062,0.0014214315063083886,0.0014858758538351783,0.0014818031829933154,0.009159373,0.824241807,0.0014198172198840212,0.0012976780302157097,0.00012213918966831147,0.0020642606951519183,0.0020642606951519183,0.0,0.0020235339867332902,0.0020235339867332902,0.0
39117,2026-03-18 08:00:00,176,4,0.0062,0.0027299134436306795,0.0026269294404325278,0.002515698618571303,0.009464686,0.824241807,0.0043149417160386365,0.004166221775512976,0.0001487199405256605,0.003285101684057116,0.003285101684057116,0.0,0.0021727934654448716,0.0021727934654448716,0.0
39117,2026-03-18 09:00:00,177,4,0.006,0.0025431781624408027,0.002614204472385141,0.0026101318015432783,0.009464686,0.824241807,0.001353997595708532,0.0012976780302157097,5.631956549282215e-05,0.0020642606951519183,0.0020642606951519183,0.0,0.0020235339867332902,0.0020235339867332902,0.0
39117,2026-03-18 10:00:00,178,4,0.004,0.0017183085373524798,0.0018408102286618336,0.0017800474582538486,0.005088541,0.824241807,0.001406144777719603,0.0012976780302157097,0.00010846674750389314,0.00263116169081314,0.00263116169081314,0.0,0.0020235339867332902,0.0020235339867332902,0.0
39117,2026-03-18 11:00:00,179,4,0.0036,0.0018684274480222976,0.001974781234958929,0.0019729475931131043,0.004681457,0.824241807,0.0012976780302157097,0.0012976780302157097,0.0,0.002361215899582026,0.002361215899582026,0.0,0.0023428794811237736,0.0023428794811237736,0.0
39117,2026-03-18 12:00:00,180,4,0.0033,0.0015168529154359358,0.0016232067023725675,0.0016370496807680637,0.003561978,0.824241807,0.0012976780302157097,0.0012976780302157097,0.0,0.002361215899582026,0.002361215899582026,0.0,0.002499645683536991,0.002499645683536991,0.0
39117,2026-03-18 13:00:00,181,4,0.0038,0.0017762406935566456,0.0019673429149963044,0.002019808572267017,0.005393853,0.824241807,0.0017219564349150054,0.0012976780302157097,0.00042427840469929566,0.0036329786493115904,0.0036329786493115904,0.0,0.004157635222018715,0.004157635222018715,0.0
39117,2026-03-18 14:00:00,182,4,0.0029,0.0015455408993732727,0.001625618689988124,0.0016589609328189587,0.003663749,0.824241807,0.001410893315385553,0.0012976780302157097,0.00011321528516984323,0.0022116712215340703,0.0021787338315633945,3.293738997067558e-05,0.0025450936498424143,0.002499645683536991,4.544796630542351e-05
39117,2026-03-18 15:00:00,183,4,0.0025,0.0015395507399174166,0.0015433431791795757,0.0015593570759547557,0.003561978,0.824241807,0.002301582323163599,0.0019408446670123524,0.0003607376561512469,0.002339506715785192,0.002339506715785192,0.0,0.002499645683536991,0.002499645683536991,0.0
39117,2026-03-18 16:00:00,184,4,0.0025,0.0013854371192994646,0.0014112038274470178,0.0014485392631181202,0.003663749,0.824241807,0.0020120519748191893,0.0019408446670123524,7.120730780683708e-05,0.002269719056294722,0.002269719056294722,0.0,0.0026430734130057473,0.0026430734130057473,0.0
39117,2026-03-18 17:00:00,185,4,0.0024,0.0013796650202516326,0.0013979089897458723,0.0014352444254169749,0.003460208,0.824241807,0.002087279361352325,0.0019408446670123524,0.00014643469433997245,0.002269719056294722,0.002269719056294722,0.0,0.0026430734130057473,0.0026430734130057473,0.0
39117,2026-03-18 18:00:00,186,4,0.0023,0.0011992755786195883,0.0012203619637926298,0.0012042363893230087,0.003460208,0.824241807,0.0019408446670123524,0.0019408446670123524,0.0,0.002151708518742768,0.0020991616648791656,5.254685386360215e-05,0.0019904527740465566,0.001871554861048061,0.00011889791299849561
39117,2026-03-18 19:00:00,187,4,0.0023,0.001150750201124657,0.001226443479856924,0.0011562311124819634,0.003460208,0.824241807,0.0019408446670123524,0.0019408446670123524,0.0,0.002697777454335021,0.002641123521844609,5.665393249041199e-05,0.0019956537805854158,0.001871554861048061,0.00012409891953735455
39117,2026-03-18 20:00:00,188,4,0.0021,0.0013402084971951744,0.0014102363826784,0.0013308944382156196,0.003256666,0.824241807,0.0019408446670123524,0.0019408446670123524,0.0,0.002641123521844609,0.002641123521844609,0.0,0.0018477040772168028,0.0018098058967705645,3.7898180446238174e-05
39117,2026-03-18 21:00:00,189,4,0.0018,0.0011716774005938705,0.0012258283619280413,0.0011487081695987452,0.002646041,0.824241807,0.002053846752134373,0.0019408446670123524,0.00011300208512202037,0.0025953563654760813,0.0025953563654760813,0.0,0.0018241544421831188,0.0018098058967705645,1.4348545412554281e-05
39117,2026-03-18 22:00:00,190,4,0.0015,0.0013390542182076253,0.001304053743941887,0.00132737269843218,0.001933645,0.824241807,0.0019408446670123524,0.0019408446670123524,0.0,0.0015908399243549681,0.0015908399243549681,0.0,0.0018240294692578988,0.0018098058967705645,1.4223572487334366e-05
39117,2026-03-18 23:00:00,191,4,0.0014,0.0011195413564015486,0.0010805446466052929,0.001104580793968493,0.001933645,0.824241807,0.001980807022317526,0.0019408446670123524,3.996235530517354e-05,0.0015908399243549681,0.0015908399243549681,0.0,0.0018312013979869684,0.0018098058967705645,2.1395501216403818e-05
39117,2026-03-19 00:00:00,192,4,0.0014,0.0011988297529000513,0.0011704503766253131,0.0011934354937496127,0.001933645,0.824241807,0.0019408446670123524,0.0019408446670123524,0.0,0.0016570509042649723,0.0016570509042649723,0.0,0.0018869020755079675,0.0018754449763070666,1.1457099200900826e-05
39117,2026-03-19 01:00:00,193,4,0.0013,0.0012561103933346584,0.0012277310170599202,0.0012507771795466057,0.001933645,0.824241807,0.0019408446670123524,0.0019408446670123524,0.0,0.0016570509042649723,0.0016570509042649723,0.0,0.0018875125291318272,0.0018754449763070666,1.2067552824760536e-05
39117,2026-03-19 02:00:00,194,4,0.0012,0.0011156356277631828,0.0010872562514884449,0.001152829502802826,0.001730104,0.824241807,0.0019408446670123524,0.0019408446670123524,0.0,0.0016570509042649723,0.0016570509042649723,0.0,0.0023127834174087843,0.0023011930387899543,1.1590378618829906e-05
39117,2026-03-19 03:00:00,195,4,0.0012,0.0010816192611600313,0.0010532398848852934,0.0011188138625983102,0.001730104,0.824241807,0.0019408446670123524,0.0019408446670123524,0.0,0.0016570509042649723,0.0016570509042649723,0.0,0.002312790681395142,0.0023011930387899543,1.1597642605187589e-05
39117,2026-03-19 04:00:00,196,4,0.0012,0.0011014056935985425,0.0010730263173238043,0.0011374405307763027,0.001730104,0.824241807,0.0019408446670123524,0.0019408446670123524,0.0,0.0016570509042649723,0.0016570509042649723,0.0,0.0023011930387899543,0.0023011930387899543,0.0
39117,2026-03-19 05:00:00,197,4,0.0012,0.0012905383195107476,0.0013671873029849739,0.0013341027388360778,0.001831875,0.824241807,0.0019408446670123524,0.0019408446670123524,0.0,0.0027073345017546136,0.0027073345017546136,0.0,0.0023764888602656525,0.0023629420030674506,1.3546857198201791e-05
39117,2026-03-19 06:00:00,198,4,0.0012,0.0012715700525447488,0.001346067230690443,0.0013130216475057584,0.001831875,0.824241807,0.0019623627202976696,0.0019408446670123524,2.1518053285317266e-05,0.0027073345017546136,0.0027073345017546136,0.0,0.0023768786699077653,0.0023629420030674506,1.393666684031457e-05
39117,2026-03-19 07:00:00,199,4,0.0013,0.0012440560232455681,0.0012055934232565427,0.0012245428064564818,0.002035416,0.824241807,0.0021472677594925925,0.002131464213043509,1.580354644908341e-05,0.0017626417596023384,0.0017626417596023384,0.0,0.0019521355916017294,0.0019371939405845632,1.4941651017166285e-05
39117,2026-03-19 08:00:00,200,4,0.001,0.0015441291390685453,0.0014020050117264896,0.0012895548667126338,0.001323021,0.824241807,0.00448293666414368,0.00448293666414368,0.0,0.0030616953907231224,0.002983482748507536,7.821264221558665e-05,0.0019371939405845632,0.0019371939405845632,0.0
39117,2026-03-19 09:00:00,201,4,0.0009,0.0012970061015422502,0.0013765124235418434,0.001293893576272822,0.00122125,0.824241807,0.0019736423337601643,0.0019408446670123524,3.279766674781209e-05,0.002768705553756098,0.002768705553756098,0.0,0.0019425170810658792,0.0019371939405845632,5.323140481316039e-06
39117,2026-03-19 10:00:00,202,4,0.0008,0.0011937933228958447,0.0011597445944660652,0.0011721848152832519,0.001017708,0.824241807,0.00216450009590162,0.002131464213043509,3.303588285811128e-05,0.0018240128116038235,0.0018240128116038235,0.0,0.001948415019775692,0.0019371939405845632,1.1221079191128791e-05
39117,2026-03-19 11:00:00,203,4,0.0008,0.0013158735775855616,0.0012785264252160218,0.0012789856339861588,0.001017708,0.824241807,0.0020080625842950543,0.0019408446670123524,6.721791728270181e-05,0.0016345910605996563,0.0015585619692780612,7.602909132159507e-05,0.0016391831483010275,0.0015459720099992417,9.321113830178573e-05
39117,2026-03-19 12:00:00,204,4,0.0008,0.0013045770776903473,0.0012565631590326356,0.0012564585862467424,0.001119479,0.824241807,0.0020280037514280183,0.0019408446670123524,8.715908441566593e-05,0.0015478645648509006,0.0015478645648509006,0.0,0.0015468188369919676,0.0015459720099992417,8.468269927260174e-07
39117,2026-03-19 13:00:00,205,4,0.0005,0.0012155193273738806,0.001174716652227258,0.0011774996250695276,0.000508854,0.824241807,0.0019558913163171252,0.0019408446670123524,1.5046649304772609e-05,0.0015478645648509006,0.0015478645648509006,0.0,0.0015756942932735945,0.0015459720099992417,2.9722283274352767e-05
39117,2026-03-19 14:00:00,206,4,0.0004,0.001169853794897121,0.0011248377373907935,0.001142863994063634,0.000508854,0.824241807,0.0019980251399141762,0.0019408446670123524,5.718047290182398e-05,0.0015478645648509006,0.0015478645648509006,0.0,0.0017281271315793046,0.0017281271315793046,0.0
39117,2026-03-19 15:00:00,207,4,0.0003,0.0012065266981228263,0.0011672286879066812,0.0011852549445795215,0.000305312,0.824241807,0.0019408446670123524,0.0019408446670123524,0.0,0.0015478645648509006,0.0015478645648509006,0.0,0.0017281271315793046,0.0017281271315793046,0.0
39117,2026-03-19 16:00:00,208,4,0.0003,0.0012925908041285094,0.0012381422781806305,0.0012540783078471322,0.000407083,0.824241807,0.002092349824329691,0.0019408446670123524,0.00015150515731733873,0.0015478645648509006,0.0015478645648509006,0.0,0.001707224861515918,0.0016624880520428025,4.473680947311547e-05
39117,2026-03-19 17:00:00,209,4,0.0004,0.0012616482710223259,0.0012206070655055013,0.0012320694142246916,0.000508854,0.824241807,0.001958276620019146,0.0019408446670123524,1.7431953006793353e-05,0.0015478645648509006,0.0015478645648509006,0.0,0.0016624880520428025,0.0016624880520428025,0.0
39117,2026-03-19 18:00:00,210,4,0.0001,0.0014671556650516925,0.0014311899358791748,0.001423326232791297,0.000101771,0.824241807,0.001995232879936771,0.0019408446670123524,5.4388212924418604e-05,0.0016355755882115938,0.0015398442116943746,9.573137651721933e-05,0.0015569385573328187,0.0014803329304627396,7.660562687007911e-05
39117,2026-03-19 19:00:00,211,4,0.0002,0.0013722890558724437,0.0013147581772095483,0.0013431430630756213,0.000203542,0.824241807,0.00201119521520132,0.0019408446670123524,7.035054818896766e-05,0.0014358864285723685,0.0014358864285723685,0.0,0.001719735287233099,0.001689399739467998,3.0335547765101042e-05
39117,2026-03-19 20:00:00,212,4,0.0003,0.0013980664707023637,0.0013400233812826097,0.0013628775520870963,0.000508854,0.824241807,0.0020163173227699077,0.0019408446670123524,7.547265575755546e-05,0.0014358864285723685,0.0014358864285723685,0.0,0.001664428136617235,0.0016276507751905012,3.6777361426733726e-05
39117,2026-03-19 21:00:00,213,4,0.0003,0.0015783457126800177,0.0016449052760719532,0.0014793726502725097,0.000508854,0.824241807,0.0029321625861862136,0.0029026654309359592,2.94971552502542e-05,0.0035977582201055665,0.0035977582201055665,0.0,0.0019424319621111333,0.0019298094750237885,1.2622487087344715e-05
39117,2026-03-19 22:00:00,214,4,0.0003,0.001506755485018182,0.0016962280050747177,0.0013940160228740875,0.000508854,0.824241807,0.0029600970331271907,0.0029026654309359592,5.74316021912313e-05,0.004854822233692547,0.004854822233692547,0.0,0.001832702411686246,0.001832702411686246,0.0
39119,2026-03-14 00:00:00,72,1,0.191,0.212692245853643,0.21243796167470136,0.21058870265352958,0.288963643,0.320568513,0.3193827127884149,0.3168773484766812,0.0025053643117337065,0.3187470023410608,0.3142236820454059,0.004523320295654892,0.3141238547881313,0.31221438627417625,0.0019094685139550876
39119,2026-03-14 01:00:00,73,1,0.1909,0.20424266005474917,0.2036827448060087,0.20364589414975795,0.288919088,0.320568513,0.31981394953080083,0.3175376247863769,0.002276324744423899,0.3184141614089497,0.31392051003480725,0.004493651374142419,0.31832203476832277,0.3164755854784883,0.0018464492898344583
39119,2026-03-14 02:00:00,74,1,0.1868,0.20073871105559074,0.19958677541531647,0.19865700122511895,0.281612012,0.320568513,0.31855426459578157,0.3168019670832205,0.0017522975125610755,0.3156744254950959,0.31181613053105095,0.0038582949640449124,0.3133499900196021,0.311733149945002,0.0016168400746001106
39119,2026-03-14 03:00:00,75,1,0.1835,0.20379979940403453,0.2015206133089401,0.20175313631695319,0.278493138,0.320568513,0.3196862574133236,0.31790491265062265,0.0017813447627009601,0.3139882921755876,0.3099758743222433,0.004012417853344268,0.3145695996956203,0.31259644685520116,0.0019731528404191407
39119,2026-03-14 04:00:00,76,1,0.1772,0.20840486986726828,0.2074153026870494,0.20676692975677557,0.267666191,0.320568513,0.31669238310301745,0.31669238310301745,0.0,0.31421846515247026,0.3136733403857599,0.0005451247667103766,0.3125975328267857,0.3125975328267857,0.0
39119,2026-03-14 05:00:00,77,1,0.1758,0.20841868274728004,0.20904758762862596,0.20864700225886615,0.267532525,0.320568513,0.30332542966273573,0.30312415655712444,0.00020127310561132125,0.3064699540694653,0.3056719179312729,0.000798036138192418,0.3044670272206664,0.3044670272206664,0.0
39119,2026-03-14 06:00:00,78,1,0.1679,0.2097023342596553,0.20968393237869687,0.20867856380634675,0.251136161,0.320568513,0.3122139650223021,0.3122139650223021,0.0,0.31212195561751005,0.31212195561751005,0.0,0.30709511275575957,0.30709511275575957,0.0
39119,2026-03-14 07:00:00,79,1,0.1642,0.20404584839577972,0.2045609143562536,0.2031675691195767,0.246279629,0.320568513,0.29741552238730606,0.29741552238730606,0.0,0.29999085218967547,0.29999085218967547,0.0,0.293024126006291,0.293024126006291,0.0
39119,2026-03-14 08:00:00,80,1,0.162,0.19551245619046617,0.19505759251540486,0.19230901440532078,0.246034575,0.320568513,0.27071331571611723,0.27071331571611723,0.0,0.2684389973408108,0.2684389973408108,0.0,0.2546961067903903,0.2546961067903903,0.0
39119,2026-03-14 09:00:00,81,1,0.1453,0.1882925527141238,0.18886980689892435,0.18733034051813974,0.211036357,0.320568513,0.26368665375153894,0.26368665375153894,0.0,0.2665729246755418,0.2665729246755418,0.0,0.25887559277161876,0.25887559277161876,0.0
39119,2026-03-14 10:00:00,82,1,0.1424,0.18133336406415027,0.1833547404525491,0.1812514793372699,0.211058635,0.320568513,0.252862839333086,0.252862839333086,0.0,0.26296972127508017,0.26296972127508017,0.0,0.25245341569868424,0.25245341569868424,0.0
39119,2026-03-14 11:00:00,83,1,0.1324,0.1729768660787505,0.17484713998152512,0.17446123484842763,0.193058278,0.320568513,0.22522433891627028,0.22522433891627028,0.0,0.23457570843014322,0.23457570843014322,0.0,0.23264618276465587,0.23264618276465587,0.0
39119,2026-03-14 12:00:00,84,1,0.1199,0.16417716785645564,0.1645986389335664,0.16559837231509494,0.169109784,0.320568513,0.19638443843399342,0.19638443843399342,0.0,0.1984917938195472,0.1984917938195472,0.0,0.20349046072718985,0.20349046072718985,0.0
39119,2026-03-14 13:00:00,85,1,0.1193,0.15623250774557523,0.16003226169384208,0.16021280008140795,0.173476207,0.320568513,0.1773215196344595,0.1773215196344595,0.0,0.19632028937579374,0.1963120727679008,8.216607892924765e-06,0.19722298131362317,0.19722298131362317,0.0
39119,2026-03-14 14:00:00,86,1,0.1166,0.1485559035343358,0.1505900409075278,0.1525132907789879,0.173476207,0.320568513,0.17190900041121804,0.1715538128727509,0.00035518753846715,0.18207968727717808,0.18206251588771777,1.7171389460301515e-05,0.1916959366344786,0.1916959366344786,0.0
39119,2026-03-14 15:00:00,87,1,0.1091,0.14599096765556552,0.14388502152110194,0.14758376726790556,0.161201212,0.320568513,0.16885957107696778,0.16798074710296043,0.0008788239740073595,0.15832984040464995,0.15807355817921265,0.000256282225437299,0.176823569138668,0.176823569138668,0.0
39119,2026-03-14 16:00:00,88,1,0.1066,0.14266621413274957,0.1407733716191456,0.14340693547148686,0.160978435,0.320568513,0.1694266085711328,0.1694266085711328,0.0,0.15996239600311285,0.15996239600311285,0.0,0.1731302152648193,0.1731302152648193,0.0
39119,2026-03-14 17:00:00,89,1,0.1012,0.13421773101170442,0.13170733985032987,0.13562567335440343,0.151042595,0.320568513,0.15834737589644055,0.15834737589644055,0.0,0.14579542008956775,0.14579542008956775,0.0,0.16538708760993545,0.16538708760993545,0.0
39119,2026-03-14 18:00:00,90,1,0.0961,0.11162612764763132,0.11148545855722523,0.11324647369076192,0.14678756,0.320568513,0.14202367129907773,0.14202367129907773,0.0,0.14132032584704743,0.14132032584704743,0.0,0.15012540151473075,0.15012540151473075,0.0
39119,2026-03-14 19:00:00,91,1,0.0621,0.10410037490165071,0.10307174249723015,0.10523504473015814,0.072446979,0.320568513,0.11817846274893977,0.11817846274893977,0.0,0.11303530072683698,0.11303530072683698,0.0,0.12385181189147698,0.12385181189147698,0.0
39119,2026-03-14 20:00:00,92,1,0.054,0.09758726119945203,0.09811638231457032,0.1015974118343737,0.063513634,0.320568513,0.10369872705351504,0.10369872705351504,0.0,0.10634433262910645,0.10634433262910645,0.0,0.12374948022812338,0.12374948022812338,0.0
39119,2026-03-14 21:00:00,93,1,0.05,0.09476516451407206,0.09538631594662193,0.09848419654750386,0.058166993,0.320568513,0.10233269418141329,0.10233269418141329,0.0,0.10543845134416263,0.10543845134416263,0.0,0.12092785434857219,0.12092785434857219,0.0
39119,2026-03-14 22:00:00,94,1,0.0453,0.09007051370636174,0.09075669782717594,0.09365952192020244,0.056852611,0.320568513,0.10083031225842583,0.10083031225842583,0.0,0.1042612328624968,0.1042612328624968,0.0,0.1187753533276293,0.1187753533276293,0.0
39119,2026-03-14 23:00:00,95,1,0.0411,0.09230968637556411,0.09276940457206659,0.09448748871949014,0.05571645,0.320568513,0.10131785464416648,0.10131785464416648,0.0,0.10476574111793495,0.10476574111793495,0.0,0.11765137222361158,0.11765137222361158,0.0
39119,2026-03-15 00:00:00,96,1,0.0372,0.08981362190351729,0.0909695734000893,0.091987208044137,0.055827838,0.320568513,0.10086791654471902,0.10086791654471902,0.0,0.10953755276900927,0.10953755276900927,0.0,0.11716981259936694,0.11716981259936694,0.0
39119,2026-03-15 01:00:00,97,1,0.0339,0.089391913202337,0.09065103232003431,0.09154746045980329,0.04979059,0.320568513,0.10122526124194814,0.10122526124194814,0.0,0.11066865462467793,0.11066865462467793,0.0,0.11739186567294535,0.11739186567294535,0.0
39119,2026-03-15 02:00:00,98,1,0.0332,0.08852085268401225,0.0899078075703389,0.09117672421608576,0.049656924,0.320568513,0.09821167389201452,0.09821167389201452,0.0,0.10861383553946445,0.10861383553946445,0.0,0.11813071038256592,0.11813071038256592,0.0
39119,2026-03-15 03:00:00,99,1,0.0331,0.08873717753863586,0.08989220651929447,0.09113367658191916,0.049656924,0.320568513,0.10037902063151967,0.10037902063151967,0.0,0.10904173798645922,0.10904173798645922,0.0,0.11835276345614434,0.11835276345614434,0.0
39119,2026-03-15 04:00:00,100,1,0.0328,0.08787093690383331,0.08917084329700646,0.09070175405507795,0.049634646,0.320568513,0.09582561496406215,0.09582561496406215,0.0,0.10557491291286093,0.10557491291286093,0.0,0.117056743598397,0.117056743598397,0.0
39119,2026-03-15 05:00:00,101,1,0.0324,0.08807508044428246,0.0889131083133254,0.0902165810532003,0.049367314,0.320568513,0.10259371638323392,0.10065620057986263,0.0019375158033712913,0.10887892540105598,0.107914633262974,0.0009642921380819811,0.11865497095011768,0.11742719645409662,0.0012277744960210628
39119,2026-03-15 06:00:00,102,1,0.0322,0.08841502816025576,0.08948277438708263,0.09073888317963288,0.049434147,0.320568513,0.10116677806687807,0.09969466206195736,0.0014721160049207095,0.10917487476807963,0.10826892091511808,0.0009059538529615432,0.11859569071220652,0.117858378067524,0.0007373126446825203
39119,2026-03-15 07:00:00,103,1,0.032,0.08606279401284568,0.08778402312907017,0.08858533507491746,0.049189093,0.320568513,0.09258399415684088,0.09111187815192016,0.0014721160049207095,0.1054932125285246,0.10459501457028658,0.0008981979582380155,0.11150305212237918,0.11078311257126125,0.0007199395511179322
39119,2026-03-15 08:00:00,104,1,0.0312,0.08515504748558064,0.08598354372813656,0.08631861267506104,0.047741044,0.320568513,0.08923334504652976,0.08784315314652304,0.0013901919000067228,0.09544706686569915,0.09460576797585223,0.0008412988898469287,0.0979600839676327,0.096643949326849,0.001316134640783704
39119,2026-03-15 09:00:00,105,1,0.0294,0.08192489256482569,0.08254194086228715,0.08209481817021337,0.043998396,0.320568513,0.0813114959316265,0.07979425924103811,0.001517236690588382,0.08593935816258753,0.08439322560994866,0.0015461325526388659,0.0825859379720342,0.0825859379720342,0.0
39119,2026-03-15 10:00:00,106,1,0.0279,0.0800897615404103,0.08040685729396461,0.08040335588286307,0.041391909,0.320568513,0.07507871642006655,0.07318919471382379,0.0018895217062427645,0.07745693457172395,0.07534785988515248,0.0021090746865714675,0.07743067398846232,0.07743067398846232,0.0
39119,2026-03-15 11:00:00,107,1,0.0277,0.0746369614729842,0.0750343620935368,0.0753374480246662,0.037582427,0.320568513,0.0720659485378736,0.07076328574844512,0.0013026627894284744,0.07504645319201818,0.07419238462825972,0.000854068563758457,0.0773195976754886,0.0773195976754886,0.0
39119,2026-03-15 12:00:00,108,1,0.0336,0.07170016469739018,0.07248149953804009,0.07290049231914039,0.05208519,0.320568513,0.06651537409255527,0.06544754127658842,0.0010678328159668597,0.07237538539742946,0.07138481007589711,0.0009905753215323488,0.07551783125568173,0.07551783125568173,0.0
39119,2026-03-15 13:00:00,109,1,0.0311,0.06883487984683347,0.06869489638297792,0.07005986995385717,0.04732634,0.320568513,0.06583817031672173,0.06470071079533488,0.0011374595213868542,0.0647882943378052,0.06386965721967124,0.0009186371181339548,0.07502559611939955,0.07502559611939955,0.0
39119,2026-03-15 14:00:00,110,1,0.0204,0.0659301289209376,0.06570772599315304,0.06659923298182055,0.027326786,0.320568513,0.06625201599981005,0.06511876026034359,0.001133255739466461,0.06458399404142592,0.06255126659559675,0.0020327274458291815,0.07127029645643222,0.0706331259182727,0.0006371705381595166
39119,2026-03-15 15:00:00,111,1,0.0177,0.06305673869417971,0.0632988887311115,0.06242643923256199,0.022917084,0.320568513,0.06524793569569677,0.0635692144540568,0.0016787212416399617,0.0670640609726852,0.06522613017337255,0.0018379307993126636,0.060520689733563844,0.05950373299239163,0.0010169567411722165
39119,2026-03-15 16:00:00,112,1,0.0155,0.061528657909975304,0.06094104184528716,0.06009791039232211,0.0182624,0.320568513,0.06783504457640054,0.06629524773052063,0.001539796845879907,0.06342792409123951,0.061400657040696485,0.0020272670505430226,0.057104438194001524,0.05591071129253542,0.001193726901466105
39119,2026-03-15 17:00:00,113,1,0.0133,0.059413555640330296,0.05821490763229352,0.05792448612314462,0.015211243,0.320568513,0.07037900356411464,0.06886437130748872,0.0015146322566259131,0.0613891435038389,0.060059057949112135,0.001330085554726763,0.05921098218522212,0.05798415614870873,0.001226826036513388
39119,2026-03-15 18:00:00,114,1,0.01,0.04969186907342654,0.04975967562752405,0.04890777754877365,0.010890626,0.320568513,0.03926480132503185,0.03785161592056008,0.0014131854044717761,0.03977335048076318,0.0384144442556253,0.001358906225137879,0.033384114890135166,0.031616609070826106,0.001767505819309062
39119,2026-03-15 19:00:00,115,1,0.0082,0.04293197900449005,0.04228097950213524,0.04141932710792331,0.010022049,0.320568513,0.03379802012230615,0.03349992911587421,0.0002980910064319366,0.02891552385464509,0.02763303304501294,0.001282490809632149,0.022453130898055597,0.020973905402451472,0.0014792254956041246
39119,2026-03-15 20:00:00,116,1,0.0074,0.03925447912245052,0.03827773515871419,0.03768081625492498,0.009576624,0.320568513,0.031195439880533044,0.031195439880533044,0.0,0.023869860152510563,0.023388720104115485,0.00048114004839507833,0.01939296837409153,0.01939296837409153,0.0
39119,2026-03-15 21:00:00,117,1,0.0071,0.03734348252935812,0.036517358740827344,0.035617019370796046,0.009576624,0.320568513,0.02991922522770004,0.02991922522770004,0.0,0.02372329681371929,0.02326680863651118,0.0004564881772081106,0.01697075153848455,0.01697075153848455,0.0
39119,2026-03-15 22:00:00,118,1,0.0075,0.034787149019701466,0.03398942955393181,0.03311803597133391,0.011202423,0.320568513,0.030191909110784357,0.030191909110784357,0.0,0.024209013117511963,0.02364509089227762,0.0005639222252343425,0.01767356124802774,0.01767356124802774,0.0
39119,2026-03-15 23:00:00,119,1,0.0074,0.03548610134334679,0.03513605275575592,0.034395166364816473,0.011491949,0.320568513,0.028091780281208466,0.028079760075698276,1.2020205510189277e-05,0.02459129440529974,0.024101665542749926,0.0004896288625498156,0.017182430495905305,0.01697075153848455,0.0002116789574207552
39119,2026-03-16 00:00:00,120,1,0.0072,0.03447782445996167,0.033897686810468175,0.03324002949891254,0.011402864,0.320568513,0.02615923180868413,0.02615923180868413,0.0,0.02035785531374918,0.020154001211155737,0.0002038541025934426,0.013781282198192775,0.013781282198192775,0.0
39119,2026-03-16 01:00:00,121,1,0.0072,0.034659154417602846,0.033952950181046514,0.03343175166459371,0.011402864,0.320568513,0.026055309728284123,0.026055309728284123,0.0,0.01899326736272085,0.01899326736272085,0.0,0.013781282198192775,0.013781282198192775,0.0
39119,2026-03-16 02:00:00,122,1,0.0073,0.034807680687560544,0.03420998297363328,0.03352158818347788,0.01133605,0.320568513,0.027687288219228005,0.027687288219228005,0.0,0.02171031107995535,0.02171031107995535,0.0,0.01482636317840132,0.01482636317840132,0.0
39119,2026-03-16 03:00:00,123,1,0.0074,0.034917648639657135,0.03430131462464212,0.03354498306657074,0.011313779,0.320568513,0.02823230992628561,0.02823230992628561,0.0,0.022068969776135493,0.022068969776135493,0.0,0.014505654195421703,0.014505654195421703,0.0
39119,2026-03-16 04:00:00,124,1,0.0092,0.03589036732598119,0.03539024880191086,0.034725332379843606,0.011380593,0.320568513,0.028416292522717268,0.028416292522717268,0.0,0.023415107282013993,0.023415107282013993,0.0,0.016765943061341416,0.016765943061341416,0.0
39119,2026-03-16 05:00:00,125,1,0.016,0.03647405307689418,0.03581794811792975,0.03507424693732375,0.026770005,0.320568513,0.031110746531795668,0.03102066247674403,9.008405505163893e-05,0.024549696942151394,0.024549696942151394,0.0,0.017112685136091394,0.017112685136091394,0.0
39119,2026-03-16 06:00:00,126,1,0.0168,0.03725429068517549,0.03644584552358286,0.035963657386628364,0.02703726,0.320568513,0.03511919252616744,0.03381392768810137,0.0013052648380660781,0.027034740910241172,0.026159116418667954,0.0008756244915732191,0.022212859540696184,0.019965656844850577,0.0022472026958456053
39119,2026-03-16 07:00:00,127,1,0.0152,0.0369199301177762,0.03596412290611358,0.035787372865925704,0.027148616,0.320568513,0.03405854263705673,0.03405854263705673,0.0,0.024500470520430438,0.02434262827607004,0.00015784224436039672,0.0227329701185517,0.0227329701185517,0.0
39119,2026-03-16 08:00:00,128,1,0.0088,0.03738768059571046,0.03647450476422892,0.03630759183317351,0.011447407,0.320568513,0.033001258494571147,0.033001258494571147,0.0,0.023869500179755726,0.023869500179755726,0.0,0.022200370869201597,0.022200370869201597,0.0
39119,2026-03-16 09:00:00,129,1,0.0072,0.03756060481187165,0.036801577205331,0.036392978187238086,0.008062181,0.320568513,0.030098975877342074,0.030098975877342074,0.0,0.022508699811935557,0.022508699811935557,0.0,0.018422709631006437,0.018422709631006437,0.0
39119,2026-03-16 10:00:00,130,1,0.0077,0.03438372069100792,0.03395208477259589,0.03354025100202704,0.007705842,0.320568513,0.025008643387559183,0.024736710905967758,0.00027193248159142615,0.020692284203438955,0.020692284203438955,0.0,0.01657394649775041,0.01657394649775041,0.0
39119,2026-03-16 11:00:00,131,1,0.0079,0.030882951263890665,0.0301272055379445,0.03001032770768382,0.009955235,0.320568513,0.020529276373004512,0.020529276373004512,0.0,0.012971819113542853,0.012971819113542853,0.0,0.011803040810936073,0.011803040810936073,0.0
39119,2026-03-16 12:00:00,132,1,0.0059,0.02688776014728323,0.02658181261846089,0.02666889243508546,0.007215875,0.320568513,0.011354585507607602,0.011060135574163642,0.00029444993344395924,0.008295110219384155,0.008295110219384155,0.0,0.009165908385629867,0.009165908385629867,0.0
39119,2026-03-16 13:00:00,133,1,0.0033,0.024672941059192804,0.024295840398943117,0.024478333445038164,0.003719294,0.320568513,0.011058564385183833,0.010693921573107567,0.0003646428120762657,0.007287557782686968,0.007287557782686968,0.0,0.009112488243637432,0.009086338735959322,2.6149507678108753e-05
39119,2026-03-16 14:00:00,134,1,0.0026,0.022070915662340748,0.021719041156254334,0.02155990021397693,0.00273936,0.320568513,0.013483912926441546,0.013297755266662015,0.0001861576597795307,0.009965167865577376,0.009965167865577376,0.0,0.008373758442803391,0.008370975773651437,2.782669151954906e-06
39119,2026-03-16 15:00:00,135,1,0.0024,0.0181229139035098,0.017667406758210387,0.017883167904760376,0.002650275,0.320568513,0.012811106635456407,0.012386151610617718,0.00042495502483868945,0.008256035182462288,0.007701705861480954,0.0005543293209813342,0.010413646647962203,0.008892317903741303,0.0015213287442209001
39119,2026-03-16 16:00:00,136,1,0.0022,0.01662008581971043,0.016267549445816095,0.016218305426873754,0.002516648,0.320568513,0.012960969734735945,0.012552375619583021,0.0004085941151529231,0.009435605995792571,0.009435605995792571,0.0,0.008943165806369157,0.008600337728889752,0.00034282807747940537
39119,2026-03-16 17:00:00,137,1,0.0017,0.01468380641089634,0.014357391489594631,0.014376125951576639,0.002093495,0.320568513,0.012704439318479348,0.012704439318479348,0.0,0.009440290105462247,0.009440290105462247,0.0,0.00962763472528232,0.00962763472528232,0.0
39119,2026-03-16 18:00:00,138,1,0.0012,0.011544430919983355,0.011224986267129625,0.011163628511252514,0.001492172,0.320568513,0.012442663652604484,0.012442663652604484,0.0,0.009248217124067173,0.009248217124067173,0.0,0.008634639565296063,0.008069264604343259,0.0005653749609528043
39119,2026-03-16 19:00:00,139,1,0.001,0.010354957768937013,0.010185246295410575,0.010038408105708217,0.001269459,0.320568513,0.011275158958094457,0.010201528930995433,0.001073630027099023,0.009578044222830082,0.00908679072514775,0.0004912534976823317,0.008109662325806512,0.007707397914989691,0.000402264410816821
39119,2026-03-16 20:00:00,140,1,0.0011,0.009534242073521796,0.009327392377429427,0.009328212863544691,0.001558985,0.320568513,0.010633156291309424,0.010275742783870948,0.0003574135074384751,0.008564659330385756,0.008564659330385756,0.0,0.0085728641915384,0.0085728641915384,0.0
39119,2026-03-16 21:00:00,141,1,0.0009,0.008340241825821684,0.008171803176088748,0.008345220359765,0.001046747,0.320568513,0.007035414963990968,0.006728631838672554,0.00030678312531841415,0.005351028466661622,0.005346576532966667,4.451933694955718e-06,0.007085200303424125,0.007085200303424125,0.0
39119,2026-03-16 22:00:00,142,1,0.0008,0.007617170066814124,0.0074415519432047715,0.007616248072119899,0.001046747,0.320568513,0.0077092908442053226,0.006515100370754848,0.001194190473450475,0.005953109608111802,0.005073688898865226,0.0008794207092465758,0.007700070897263079,0.0068119077082185115,0.0008881631890445676
39119,2026-03-16 23:00:00,143,1,0.0008,0.006863509213848172,0.006736897521680196,0.006855371974103723,0.001158103,0.320568513,0.006577352643626713,0.006577352643626713,0.0,0.005311235721946949,0.005311235721946949,0.0,0.00649598024618221,0.00649598024618221,0.0
39119,2026-03-17 00:00:00,144,1,0.0007,0.006717970171675133,0.0066110994285833065,0.006692459017625696,0.001046747,0.320568513,0.0065627354041058565,0.006560522305088093,2.2130990177632374e-06,0.005494027973187591,0.005494027973187591,0.0,0.0063076238636114975,0.0063076238636114975,0.0
39119,2026-03-17 01:00:00,145,1,0.0007,0.006519012517703535,0.006432301620913174,0.006510220093310014,0.001046747,0.320568513,0.006395548107546701,0.006395548107546701,0.0,0.0055284391396430935,0.0055284391396430935,0.0,0.0063076238636114975,0.0063076238636114975,0.0
39119,2026-03-17 02:00:00,146,1,0.0007,0.00650323765974152,0.006331499179898043,0.006422165728629858,0.001046747,0.320568513,0.007177209786227773,0.007000850606997833,0.00017635917922993987,0.0054598249877930065,0.0054598249877930065,0.0,0.006366490475111158,0.006366490475111158,0.0
39119,2026-03-17 03:00:00,147,1,0.0007,0.0063100265637770206,0.006274009823519582,0.006286411889691094,0.001046747,0.320568513,0.004270151588887409,0.004270151588887409,0.0,0.003909984186313023,0.003909984186313023,0.0,0.004034004848028144,0.004034004848028144,0.0
39119,2026-03-17 04:00:00,148,1,0.0007,0.00641576567305864,0.006373279566606473,0.006377341484463271,0.001046747,0.320568513,0.004418246733981837,0.004418246733981837,0.0,0.003993385669460155,0.003993385669460155,0.0,0.004034004848028144,0.004034004848028144,0.0
39119,2026-03-17 05:00:00,149,1,0.0007,0.006325491616628225,0.006289868757420476,0.006271825776607705,0.001046747,0.320568513,0.003971886382242709,0.003971886382242709,0.0,0.0036156577901652128,0.0036156577901652128,0.0,0.003435227982037518,0.003435227982037518,0.0
39119,2026-03-17 06:00:00,150,1,0.0007,0.005994171587017867,0.005962443815190325,0.005941193211372234,0.001158103,0.320568513,0.0036331377332559545,0.0036331377332559545,0.0,0.0033158600149805345,0.0033158600149805345,0.0,0.003103353976799624,0.003103353976799624,0.0
39119,2026-03-17 07:00:00,151,1,0.0007,0.005653726793343031,0.005630880778903042,0.005635776232691913,0.001158103,0.320568513,0.003139175989150106,0.003139175989150106,0.0,0.002910715844750226,0.002910715844750226,0.0,0.002959670382638926,0.002959670382638926,0.0
39119,2026-03-17 08:00:00,152,1,0.0008,0.005100539179793009,0.005049915426827369,0.005056224716167537,0.001180375,0.320568513,0.0031316061724064896,0.0031316061724064896,0.0,0.002625368642750084,0.002625368642750084,0.0,0.002688461536151773,0.002688461536151773,0.0
39119,2026-03-17 09:00:00,153,1,0.0008,0.0046522563980253865,0.004594579942201926,0.004607142074091211,0.001314002,0.320568513,0.003327961158064246,0.003327961158064246,0.0,0.002751196599829641,0.002751196599829641,0.0,0.002876817918722486,0.002876817918722486,0.0
39119,2026-03-17 10:00:00,154,1,0.0009,0.004592908672256159,0.0045704873286433285,0.004555586787255803,0.001269459,0.320568513,0.0022554506611903763,0.0022554506611903763,0.0,0.002031237225062063,0.002031237225062063,0.0,0.0018822318111868068,0.0018822318111868068,0.0
39119,2026-03-17 11:00:00,155,1,0.0012,0.004409647727672243,0.0043958572712840815,0.004387717558143664,0.002071223,0.320568513,0.0021794327377772193,0.0021794327377772193,0.0,0.0020415281738956157,0.0020415281738956157,0.0,0.0019601310424914344,0.0019601310424914344,0.0
39119,2026-03-17 12:00:00,156,1,0.0008,0.0037692678863444572,0.0037774922179802466,0.0037539365292632216,0.00109129,0.320568513,0.00211344461330379,0.00211344461330379,0.0,0.0021956879296616866,0.0021956879296616866,0.0,0.0019601310424914344,0.0019601310424914344,0.0
39119,2026-03-17 13:00:00,157,1,0.0006,0.0038033312930794497,0.003830892371843149,0.003795976917564285,0.000890849,0.320568513,0.0020336747976430775,0.0020045395370572473,2.91352605858303e-05,0.0023092855852800713,0.0021956879296616866,0.0001135976556183848,0.0019601310424914344,0.0019601310424914344,0.0
39119,2026-03-17 14:00:00,158,1,0.0006,0.0029750593960207296,0.0029789167849719215,0.0029699799562149,0.000802175,0.320568513,0.00201092544054973,0.0020045395370572473,6.38590349248271e-06,0.002049499330061654,0.0019215311647495204,0.00012796816531213337,0.0019601310424914344,0.0019601310424914344,0.0
39119,2026-03-17 15:00:00,159,1,0.0006,0.0027525182360990034,0.0026862204215031943,0.0027354484132357626,0.000824457,0.320568513,0.0011806652148930196,0.000996122499124071,0.00018454271576894864,0.0005176870689349273,0.0005176870689349273,0.0,0.0010099669862606152,0.0010099669862606152,0.0
39119,2026-03-17 16:00:00,160,1,0.0005,0.002464514731436003,0.002421773982398825,0.002471345644673456,0.000623914,0.320568513,0.0011120672474224283,0.0007618176659734608,0.0003502495814489675,0.0006846597570506468,0.0006846597570506468,0.0,0.0011803763797969544,0.0011803763797969544,0.0
39119,2026-03-17 17:00:00,161,1,0.0003,0.0017751295039682732,0.0017410444041533976,0.0017833370670000694,0.000267392,0.320568513,0.0009099443669082816,0.0007618176659734608,0.00014812670093482087,0.0005690933687595239,0.0005690933687595239,0.0,0.0009920199972262426,0.0009920199972262426,0.0
39119,2026-03-17 18:00:00,162,1,0.0002,0.001411651225042305,0.0013987012797128297,0.0014480747174052612,0.000222826,0.320568513,0.0006277850735966817,0.0006277850735966817,0.0,0.0004982856203019284,0.0004982856203019284,0.0,0.0009920199972262426,0.0009920199972262426,0.0
39119,2026-03-17 19:00:00,163,1,0.0002,0.0012625305690000376,0.0012680901266846152,0.0012989540613629938,0.000133696,0.320568513,0.0006277850735966817,0.0006277850735966817,0.0,0.0006833806504424576,0.0006833806504424576,0.0,0.0009920199972262426,0.0009920199972262426,0.0
39119,2026-03-17 20:00:00,164,1,0.0001,0.001233787711981535,0.0012356181317447353,0.0012617724033392491,0.000133696,0.320568513,0.0007121730836491009,0.0006099079147930556,0.00010226516885604527,0.0007304772812811046,0.000723292420106759,7.184861174345626e-06,0.0009920199972262426,0.0009920199972262426,0.0
39119,2026-03-17 21:00:00,165,1,0.0001,0.0011422111424290876,0.0011435139549356612,0.0011660926432223958,4.46e-05,0.320568513,0.0006703525253767193,0.0006703525253767193,0.0,0.0006833806504424576,0.0006833806504424576,0.0,0.0009091675333098026,0.0009091675333098026,0.0
39119,2026-03-17 22:00:00,166,1,0.0001,0.0012582244710431325,0.0012595272835497066,0.00126824910873932,4.46e-05,0.320568513,0.0006703525253767193,0.0006703525253767193,0.0,0.0006833806504424576,0.0006833806504424576,0.0,0.0007705989023385925,0.0007705989023385925,0.0
39119,2026-03-17 23:00:00,167,1,0.0,0.0014187700903676589,0.0014200729028742327,0.0014287947280638463,4.46e-05,0.320568513,0.0006703525253767193,0.0006703525253767193,0.0,0.0006833806504424576,0.0006833806504424576,0.0,0.0007705989023385925,0.0007705989023385925,0.0
39119,2026-03-18 00:00:00,168,1,0.0,0.0014592927683546991,0.0014554558967729196,0.0014849194920257879,4.46e-05,0.320568513,0.0006254079786014218,0.0006254079786014218,0.0,0.0005870392627836268,0.0005870392627836268,0.0,0.0008816752153123079,0.0008816752153123079,0.0
39119,2026-03-18 01:00:00,169,1,0.0,0.0014041515977235904,0.0013577635096102471,0.0013906767160009705,4.46e-05,0.320568513,0.0010509201439170609,0.0005907004812591752,0.0004602196626578857,0.0005870392627836268,0.0005870392627836268,0.0,0.0009161713266908607,0.0008816752153123079,3.449611137855284e-05
39119,2026-03-18 02:00:00,170,1,0.0,0.0013346668600711595,0.001343022429417422,0.0013637643334764725,4.46e-05,0.320568513,0.0005907004812591752,0.0005907004812591752,0.0,0.0006742561747218009,0.0006742561747218009,0.0,0.0008816752153123079,0.0008816752153123079,0.0
39119,2026-03-18 03:00:00,171,1,0.0,0.001591888844043364,0.0016214966626746773,0.0016209863174486772,4.46e-05,0.320568513,0.0005907004812591752,0.0005907004812591752,0.0,0.0008867786675723121,0.0006742561747218009,0.00021252249285051117,0.0008816752153123079,0.0008816752153123079,0.0
39119,2026-03-18 04:00:00,172,1,0.0,0.0011550409333871358,0.0011633965027333982,0.001184138406792449,4.46e-05,0.320568513,0.0005907004812591752,0.0005907004812591752,0.0,0.0006742561747218009,0.0006742561747218009,0.0,0.0008816752153123079,0.0008816752153123079,0.0
39119,2026-03-18 05:00:00,173,1,0.0,0.0013270576471774054,0.0013209192062078974,0.0013458843451295177,4.46e-05,0.320568513,0.00065881141478456,0.00065881141478456,0.0,0.0005974270050894798,0.0005974270050894798,0.0,0.0008470783943056831,0.0008470783943056831,0.0
39119,2026-03-18 06:00:00,174,1,0.0,0.0015987049248034403,0.0015965914977035481,0.0016278023982087535,4.46e-05,0.320568513,0.0005907004812591752,0.0005907004812591752,0.0,0.0005695662102602521,0.0005695662102602521,0.0,0.0008816752153123079,0.0008816752153123079,0.0
39119,2026-03-18 07:00:00,175,1,0.0001,0.002103823759074146,0.0020940274150110212,0.0021291817354600635,0.000133696,0.320568513,0.0005907004812591752,0.0005907004812591752,0.0,0.0004927370406279311,0.0004927370406279311,0.0,0.0008442802451183513,0.0008442802451183513,0.0
39119,2026-03-18 08:00:00,176,1,0.0004,0.0025117263490405622,0.002486383351962937,0.0025212119518682884,0.000690762,0.320568513,0.0006537523198168443,0.0005043827612398952,0.00014936955857694913,0.00040032234904059514,0.00040032234904059514,0.0,0.0007486083480941091,0.0007486083480941091,0.0
39119,2026-03-18 09:00:00,177,1,0.0003,0.0041276137437674,0.003954788272430765,0.003984239041260463,0.000334239,0.320568513,0.0028069696346378,0.0005043827612398952,0.002302586873397905,0.0010787149212714523,0.00040032234904059514,0.0006783925722308572,0.0013732226095684258,0.0007486083480941091,0.0006246142614743167
39119,2026-03-18 10:00:00,178,1,0.0007,0.0056623933950234,0.005657713032930352,0.005568368018951564,0.001225545,0.320568513,0.0024953586257982266,0.0005043827612398952,0.0019909758645583315,0.0024485550048677423,0.00047715151867291623,0.001971403486194826,0.0015551048650798709,0.0007486083480941091,0.0008064965169857617
39119,2026-03-18 11:00:00,179,1,0.0003,0.004856498995539216,0.0049187431770449375,0.004855066950976899,0.000245109,0.320568513,0.0008424477422802916,0.0005043827612398952,0.00033806498104039633,0.0014648895573375045,0.000418699724328313,0.0010461898330091915,0.0008281272966571146,0.0007486083480941091,7.95189485630055e-05
39119,2026-03-18 12:00:00,180,1,0.0002,0.004231609499604369,0.0043553939301280275,0.004283564287811148,0.000155978,0.320568513,0.00070398589177336,0.0004696752638976487,0.00023431062787571127,0.001941830197009946,0.000418699724328313,0.001523130472681633,0.0012235337738411506,0.0007486083480941091,0.00047492542574704164
39119,2026-03-18 13:00:00,181,1,0.0003,0.0025878349896489823,0.0026904832822122957,0.0026204783212746413,0.000311832,0.320568513,0.0004696752638976487,0.0004696752638976487,0.0,0.0014961581895307767,0.000418699724328313,0.0010774584652024637,0.000796108580154239,0.0007486083480941091,4.750023206012988e-05
39119,2026-03-18 14:00:00,182,1,0.0002,0.002101663677890415,0.002191871332511105,0.002131719789290069,0.000289558,0.320568513,0.0005043827612398952,0.0005043827612398952,0.0,0.0014064593074468016,0.0003714363406507361,0.0010350229667960655,0.0008049438752364355,0.0007486083480941091,5.6335527142326435e-05
39119,2026-03-18 15:00:00,183,1,0.0002,0.002147962409628186,0.0020811281580015197,0.002085863659655318,0.000200463,0.320568513,0.001369595847822789,0.0005043827612398952,0.0008652130865828938,0.0007012533315561215,0.0003714363406507361,0.0003298169909053855,0.0007486083480941091,0.0007486083480941091,0.0
39119,2026-03-18 16:00:00,184,1,0.0001,0.0014405735630900899,0.0013962987710580143,0.0014340159718023516,0.000222737,0.320568513,0.0008141842609714917,0.0005043827612398952,0.0003098014997315965,0.0003714363406507361,0.0003714363406507361,0.0,0.0007486083480941091,0.0007486083480941091,0.0
39119,2026-03-18 17:00:00,185,1,0.0001,0.0013063193626205447,0.0012930247205616286,0.001330741921305966,0.000155916,0.320568513,0.0005043827612398952,0.0005043827612398952,0.0,0.0003714363406507361,0.0003714363406507361,0.0,0.0007486083480941091,0.0007486083480941091,0.0
39119,2026-03-18 18:00:00,186,1,0.0001,0.0011693080809302221,0.0011594841886055308,0.001197201389349868,0.000200463,0.320568513,0.0004696752638976487,0.0004696752638976487,0.0,0.0003714363406507361,0.0003714363406507361,0.0,0.0007486083480941091,0.0007486083480941091,0.0
39119,2026-03-18 19:00:00,187,1,0.0001,0.0010782931961632566,0.0010684693038385653,0.0011061865045829025,0.000133642,0.320568513,0.0004696752638976487,0.0004696752638976487,0.0,0.0003714363406507361,0.0003714363406507361,0.0,0.0007486083480941091,0.0007486083480941091,0.0
39119,2026-03-18 20:00:00,188,1,0.0001,0.0,0.0,0.0,0.000133642,0.320568513,0.0004696752638976487,0.0004696752638976487,0.0,0.0003714363406507361,0.0003714363406507361,0.0,0.0007486083480941091,0.0007486083480941091,0.0
39119,2026-03-18 21:00:00,189,1,0.0001,0.0,0.0,0.0,8.91e-05,0.320568513,0.0004105786766690662,0.0004105786766690662,0.0,0.0003714363406507361,0.0003714363406507361,0.0,0.0007140115270874843,0.0007140115270874843,0.0
39119,2026-03-18 22:00:00,190,1,0.0,0.0,0.0,0.0,0.0,0.320568513,0.0004696752638976487,0.0004696752638976487,0.0,0.0003714363406507361,0.0003714363406507361,0.0,0.0007486083480941091,0.0007486083480941091,0.0
39119,2026-03-18 23:00:00,191,1,0.0,0.0,0.0,0.0,0.0,0.320568513,0.0004696752638976487,0.0004696752638976487,0.0,0.0003714363406507361,0.0003714363406507361,0.0,0.0007486083480941091,0.0007486083480941091,0.0
39119,2026-03-19 00:00:00,192,1,0.0001,0.0,0.0,0.0,8.91e-05,0.320568513,0.0004696752638976487,0.0004696752638976487,0.0,0.00038993460673474213,0.00038993460673474213,0.0,0.0007486083480941091,0.0007486083480941091,0.0
39119,2026-03-19 01:00:00,193,1,0.0001,0.0,0.0,0.0,8.91e-05,0.320568513,0.0004696752638976487,0.0004696752638976487,0.0,0.00031310543710242104,0.00031310543710242104,0.0,0.0007486083480941091,0.0007486083480941091,0.0
39119,2026-03-19 02:00:00,194,1,0.0,0.0,0.0,0.0,0.0,0.320568513,0.0004696752638976487,0.0004696752638976487,0.0,0.00038993460673474213,0.00038993460673474213,0.0,0.0007486083480941091,0.0007486083480941091,0.0
39119,2026-03-19 03:00:00,195,1,0.0,0.0,0.0,0.0,0.0,0.320568513,0.0003879040697340798,0.0003879040697340798,0.0,0.00047715151867291623,0.00047715151867291623,0.0,0.0007140115270874843,0.0007140115270874843,0.0
39119,2026-03-19 04:00:00,196,1,0.0,0.0,0.0,0.0,0.0,0.320568513,0.00044700065696266235,0.00044700065696266235,0.0,0.00047715151867291623,0.00047715151867291623,0.0,0.0007486083480941091,0.0007486083480941091,0.0
39119,2026-03-19 05:00:00,197,1,0.0,0.0,0.0,0.0,0.0,0.320568513,0.00044700065696266235,0.00044700065696266235,0.0,0.00038993460673474213,0.00038993460673474213,0.0,0.0007486083480941091,0.0007486083480941091,0.0
39119,2026-03-19 06:00:00,198,1,0.0,0.0,0.0,0.0,0.0,0.320568513,0.00039005088945513224,0.00039005088945513224,0.0,0.00038993460673474213,0.00038993460673474213,0.0,0.0007486083480941091,0.0007486083480941091,0.0
39119,2026-03-19 07:00:00,199,1,0.0001,0.0,0.0,0.0,8.91e-05,0.320568513,0.00044700065696266235,0.00044700065696266235,0.0,0.00038993460673474213,0.00038993460673474213,0.0,0.0007486083480941091,0.0007486083480941091,0.0
39119,2026-03-19 08:00:00,200,1,0.0002,0.0,0.0,0.0,0.000245022,0.320568513,0.00044700065696266235,0.00044700065696266235,0.0,0.00047715151867291623,0.00047715151867291623,0.0,0.0007486083480941091,0.0007486083480941091,0.0
39119,2026-03-19 09:00:00,201,1,0.0002,0.0,0.0,0.0,0.000378661,0.320568513,0.00044700065696266235,0.00044700065696266235,0.0,0.00047715151867291623,0.00047715151867291623,0.0,0.0007486083480941091,0.0007486083480941091,0.0
39119,2026-03-19 10:00:00,202,1,0.0003,0.0010967810781844103,0.0010997961643554358,0.001126941847297555,0.00026729,0.320568513,0.00044700065696266235,0.00044700065696266235,0.0,0.00047715151867291623,0.00047715151867291623,0.0,0.0007486083480941091,0.0007486083480941091,0.0
39119,2026-03-19 11:00:00,203,1,0.0006,0.001312313241246296,0.0012815218293132818,0.001308667512255401,0.001091436,0.320568513,0.0007850656380030587,0.00044700065696266235,0.00033806498104039633,0.00047715151867291623,0.00047715151867291623,0.0,0.0007486083480941091,0.0007486083480941091,0.0
39119,2026-03-19 12:00:00,204,1,0.0007,0.0014442243723710693,0.001435275046975252,0.0014405786433801743,0.00111371,0.320568513,0.0007850656380030587,0.00044700065696266235,0.00033806498104039633,0.000695572384044886,0.00038993460673474213,0.0003056377773101439,0.0007486083480941091,0.0007486083480941091,0.0
39119,2026-03-19 13:00:00,205,1,0.0006,0.001162284741825231,0.0012175673924541865,0.0011528955369258507,0.001135984,0.320568513,0.0008425003970879122,0.00044700065696266235,0.0003954997401252498,0.0013953269033774684,0.00031310543710242104,0.0010822214662750474,0.0007486083480941091,0.0007486083480941091,0.0
39119,2026-03-19 14:00:00,206,1,0.0002,0.0,0.0010353768492018355,0.0,8.91e-05,0.320568513,0.0007554434627029569,0.00044700065696266235,0.00030844280574029444,0.001353450145001335,0.000294607171018415,0.0010588429739829199,0.0007486083480941091,0.0007486083480941091,0.0
39119,2026-03-19 15:00:00,207,1,0.0002,0.0,0.0,0.0,8.91e-05,0.320568513,0.0007568021566942589,0.00044700065696266235,0.0003098014997315965,0.001363003997281636,0.000294607171018415,0.001068396826263221,0.0007486083480941091,0.0007486083480941091,0.0
39119,2026-03-19 16:00:00,208,1,0.0002,0.0,0.0,0.0,0.000155843,0.320568513,0.0007568021566942589,0.00044700065696266235,0.0003098014997315965,0.0013668302538722954,0.000294607171018415,0.0010722230828538804,0.0007486083480941091,0.0007486083480941091,0.0
39119,2026-03-19 17:00:00,209,1,0.0002,0.0,0.0,0.0,0.000155843,0.320568513,0.0007632116273303162,0.00044700065696266235,0.0003162109703676539,0.001360791383823589,0.000294607171018415,0.001066184212805174,0.0007486083480941091,0.0007486083480941091,0.0
39119,2026-03-19 18:00:00,210,1,0.0001,0.0,0.0,0.0,8.91e-05,0.320568513,0.0007650940241694737,0.00044700065696266235,0.00031809336720681143,0.0005798057870737812,0.0002824248470159721,0.0002973809400578092,0.0007486083480941091,0.0007486083480941091,0.0
39119,2026-03-19 19:00:00,211,1,0.0001,0.0,0.0,0.0,8.91e-05,0.320568513,0.00044700065696266235,0.00044700065696266235,0.0,0.00020559567738365097,0.00020559567738365097,0.0,0.0007486083480941091,0.0007486083480941091,0.0
39119,2026-03-19 20:00:00,212,1,0.0,0.0,0.0,0.0,0.0,0.320568513,0.0003879040697340798,0.0003879040697340798,0.0,0.0002824248470159721,0.0002824248470159721,0.0,0.0007140115270874843,0.0007140115270874843,0.0
39119,2026-03-19 21:00:00,213,1,0.0,0.0,0.0,0.0,0.0,0.320568513,0.0003879040697340798,0.0003879040697340798,0.0,0.00020559567738365097,0.00020559567738365097,0.0,0.0007140115270874843,0.0007140115270874843,0.0
39119,2026-03-19 22:00:00,214,1,0.0,0.0,0.0,0.0,0.0,0.320568513,0.0003879040697340798,0.0003879040697340798,0.0,0.0002824248470159721,0.0002824248470159721,0.0,0.0007140115270874843,0.0007140115270874843,0.0
42053,2026-03-14 00:00:00,72,3,0.1337,0.08160378220318942,0.09445845994554734,0.08329814753759393,0.10708042,0.14316924,0.12905733762334143,0.10577986747733872,0.02327747014600269,0.16119403197923626,0.14316924,0.018024791979236253,0.13329325095935268,0.12085937071422935,0.012433880245123341
42053,2026-03-14 01:00:00,73,3,0.3865,0.0900751106333258,0.10168766074321899,0.09494003537700708,0.633012821,0.14316924,0.1389231175581523,0.10139804546475313,0.03752507209339915,0.16795449283288527,0.12512974647271582,0.042824746360169454,0.15108542941735553,0.11402562574525618,0.03705980367209935
42053,2026-03-14 02:00:00,74,3,0.5049,0.09442053391639102,0.10508218556036697,0.10204416385264245,0.834498834,0.14316924,0.1393896068798463,0.10135330518473393,0.038036301695112386,0.16604373598978617,0.12488830428258961,0.041155431707196544,0.15844868172047488,0.11876238488690607,0.03968629683356879
42053,2026-03-14 03:00:00,75,3,0.4887,0.09081740381598465,0.10076502732824781,0.09481582248711297,0.836247086,0.14316924,0.13613680249399515,0.09970492232609975,0.036431880167895406,0.1610058612746531,0.12095254519533327,0.04005331607931985,0.14613284917181596,0.11832342650235562,0.027809422669460324
42053,2026-03-14 04:00:00,76,3,0.5447,0.0861663458183378,0.09729342055580627,0.09177143317079407,0.969405594,0.14316924,0.12729732206772335,0.09837963856912912,0.02891768349859422,0.15511500891139454,0.12033413961430145,0.034780869297093085,0.141310040448864,0.11854489489748891,0.022765145551375092
42053,2026-03-14 05:00:00,77,3,0.4677,0.08930298844114103,0.0940103158740907,0.09180608675581647,0.723921911,0.14316924,0.13110261363250203,0.0964490580861315,0.03465355554637055,0.15463925079725044,0.12055162585511557,0.03408762494213486,0.14361810520587923,0.11853663904123844,0.025081466164640784
42053,2026-03-14 06:00:00,78,3,0.4704,0.08715541979385034,0.09082329280022994,0.08952687580895223,0.717074592,0.14316924,0.12952355365780918,0.10777732518922012,0.021746228468589056,0.14786291868970713,0.1285321094346318,0.01933080925507534,0.14138083373331858,0.1265852080798229,0.014795625653495672
42053,2026-03-14 07:00:00,79,3,0.4185,0.08190772613869217,0.08886005859575276,0.08560003566562739,0.583479021,0.14316924,0.11159998111277199,0.10298247666125579,0.008617504451516194,0.14636164339807495,0.13451266527346953,0.01184897812460543,0.13006152874744809,0.12256791662951144,0.00749361211793664
42053,2026-03-14 08:00:00,80,3,0.3444,0.08038057507581711,0.08613337772033483,0.0836343041387417,0.445804196,0.14316924,0.10714323530380086,0.10128696541628007,0.005856269887520794,0.13590724852638944,0.12676344768001666,0.009143800846372797,0.1234118806184239,0.12072578975190594,0.0026860908665179636
42053,2026-03-14 09:00:00,81,3,0.2916,0.07865954617760165,0.08227368383119285,0.08082238777553628,0.354020979,0.14316924,0.10511180537107817,0.09965200790253885,0.005459797468539318,0.12318249363903418,0.11449568207353883,0.008686811565495351,0.11592601336075133,0.11257255909559463,0.003353454265156692
42053,2026-03-14 10:00:00,82,3,0.2639,0.07201096030798937,0.07709322397037176,0.074768479831364,0.339597902,0.14316924,0.09136414421960876,0.08232218735144557,0.009041956868163177,0.11677546253152067,0.10182057625165934,0.014954886279861326,0.10515174183648195,0.09578366845700181,0.009368073379480138
42053,2026-03-14 11:00:00,83,3,0.2475,0.06750691968701854,0.07067860611826506,0.06911263974507545,0.332022145,0.14316924,0.0803762901784702,0.07846890174142165,0.0019073884370485435,0.09623472233470272,0.09401845373635231,0.002216268598350411,0.08840489046875472,0.0841258773975342,0.004279013071220515
42053,2026-03-14 12:00:00,84,3,0.2309,0.06691430432211033,0.06904479012297006,0.06825718119937811,0.330710956,0.14316924,0.07787923800402818,0.07287019248756159,0.005009045516466594,0.08853166700832678,0.08800504203826144,0.000526624970065333,0.08459362239036704,0.08178036947383578,0.0028132529165312533
42053,2026-03-14 13:00:00,85,3,0.2138,0.06450352948726026,0.06675948291631613,0.06743054433857713,0.316579254,0.14316924,0.07288276730469997,0.07083468054514987,0.002048086759550104,0.08416253444997925,0.08293765964226625,0.0012248748077129986,0.08751784156128427,0.08444455172592467,0.003073289835359589
42053,2026-03-14 14:00:00,86,3,0.1917,0.05134642780105076,0.0543823750462332,0.055310079370176804,0.299825175,0.14316924,0.06186488438204156,0.06161965368499192,0.0002452306970496421,0.07704462060795374,0.07580492233798046,0.0012396982699732705,0.08168314222767177,0.07685998123151577,0.004823160996155999
42053,2026-03-14 15:00:00,87,3,0.0656,0.04601059621713304,0.049393975793944514,0.049058479889549624,0.018502331,0.14316924,0.05266995991955188,0.04826930864059966,0.004400651278952221,0.06958685780360925,0.06642150043147435,0.003165357372134901,0.0679093782816348,0.06287576601552707,0.0050336122661077355
42053,2026-03-14 16:00:00,88,3,0.0515,0.04035459708648061,0.04476808057625456,0.04360670066621623,0.016171329,0.14316924,0.04410915718840623,0.041338900481066684,0.0027702567073395455,0.06617657463727597,0.06395070461924908,0.00222587001802689,0.060369675087084324,0.055844697540593284,0.004524977546491042
42053,2026-03-14 17:00:00,89,3,0.0439,0.03585193762183441,0.03859088530591959,0.03795115267263821,0.007867133,0.14316924,0.045968638520546515,0.04459359611895898,0.0013750424015875307,0.05966337694097238,0.05628633077730894,0.0033770461636634403,0.0564647137745655,0.052853082884795066,0.0036116308897704385
42053,2026-03-14 18:00:00,90,3,0.0287,0.030159444268846678,0.03126433194409622,0.03229028757350799,0.003496503,0.14316924,0.03862279984691655,0.03769705355590674,0.0009257462910098144,0.044147238223164256,0.04070689593859384,0.003440342284570414,0.049277016370223116,0.04789868301591905,0.0013783333543040666
42053,2026-03-14 19:00:00,91,3,0.0165,0.02518425680537297,0.02568236484742419,0.029570038115570445,0.004662005,0.14316924,0.029832430286213428,0.029035897111761907,0.0007965331744515225,0.03232297049646954,0.03217958530902528,0.00014338518744425792,0.0517613368372008,0.04913725565103473,0.0026240811861660664
42053,2026-03-14 20:00:00,92,3,0.0042,0.023866827143725473,0.024434589498511596,0.027508421875192857,0.004516317,0.14316924,0.029738828964860523,0.028384619305463526,0.001354209659396996,0.03257764073879113,0.03257764073879113,0.0,0.04794680262219746,0.0468430839729985,0.0011037186491989523
42053,2026-03-14 21:00:00,93,3,0.0035,0.021703529552622863,0.021778017617177195,0.025146157906367834,0.004516317,0.14316924,0.030344227135080615,0.030344227135080615,0.0,0.03071666745785226,0.03071666745785226,0.0,0.04755736890380548,0.04668191945258668,0.0008754494512188005
42053,2026-03-14 22:00:00,94,3,0.0031,0.02010049225963287,0.021063047974679065,0.02194313479655223,0.004370629,0.14316924,0.02887705974963104,0.02887705974963104,0.0,0.03368983832486203,0.033422496155533936,0.0002673421693280988,0.038090272434227856,0.03734741097084344,0.0007428614633844216
42053,2026-03-14 23:00:00,95,3,0.0034,0.019117742458234114,0.019867724170524927,0.0208859237572679,0.005536131,0.14316924,0.032713448511159676,0.032713448511159676,0.0,0.03833831135334078,0.03833831135334078,0.0,0.045974808253913056,0.04371408447555577,0.00226072377835729
42053,2026-03-15 00:00:00,96,3,0.0029,0.01731792977377936,0.018304124651492157,0.019031229099732525,0.004224942,0.14316924,0.03286111371003413,0.03286111371003413,0.0,0.04025757529288012,0.04025757529288012,0.0,0.04571085865468288,0.045452821444394526,0.0002580372102883507
42053,2026-03-15 01:00:00,97,3,0.0028,0.01642958148999689,0.016977142149784942,0.01726830054143371,0.004224942,0.14316924,0.030059068102344943,0.030059068102344943,0.0,0.03416577305075535,0.03416577305075535,0.0,0.036349460988121106,0.03562514503594656,0.0007243159521745453
42053,2026-03-15 02:00:00,98,3,0.0028,0.016354397924051443,0.016581299128554192,0.01668760924757404,0.004224942,0.14316924,0.031218664866980227,0.031218664866980227,0.0,0.03292042390075085,0.03292042390075085,0.0,0.03371774979339971,0.03333734973024666,0.0003804000631530558
42053,2026-03-15 03:00:00,99,3,0.0028,0.01601064641135375,0.01630494414248656,0.01612464328481109,0.004224942,0.14316924,0.030657806138732754,0.029224505175232684,0.0014333009635000686,0.03286503912222884,0.03286503912222884,0.0,0.0315127826896628,0.0315127826896628,0.0
42053,2026-03-15 04:00:00,100,3,0.0027,0.015200011948190066,0.015144487374327829,0.015470052330089235,0.004224942,0.14316924,0.03343398752115991,0.028404592340353408,0.005029395180806503,0.03301755321719315,0.03301755321719315,0.0,0.03545929038540372,0.030761792411346894,0.004697497974056824
42053,2026-03-15 05:00:00,101,3,0.0016,0.013756737064559686,0.014243193119217339,0.01477740009965324,0.001748252,0.14316924,0.026336579160611714,0.026336579160611714,0.0,0.029984999570544124,0.029984999570544124,0.0,0.033991551923813375,0.03132752937052079,0.002664022553292589
42053,2026-03-15 06:00:00,102,3,0.0015,0.012780651535126393,0.013006663030594863,0.013324709734211725,0.001748252,0.14316924,0.027221735231331784,0.02640487175548017,0.0008168634758516122,0.028916821447345305,0.028916821447345305,0.0,0.031302171724471764,0.031302171724471764,0.0
42053,2026-03-15 07:00:00,103,3,0.0016,0.013701059945069162,0.013831460700027443,0.014000673437744268,0.001893939,0.14316924,0.029527309473974164,0.027608047502533324,0.0019192619714408384,0.03050531513616127,0.03050531513616127,0.0,0.03177441066903745,0.031620928220886885,0.00015348244815057156
42053,2026-03-15 08:00:00,104,3,0.0018,0.015140411065614274,0.015040297178415506,0.01574324738972402,0.002331002,0.14316924,0.03217808407326805,0.02741566552112063,0.004762418552147415,0.031427229919277294,0.031427229919277294,0.0,0.03669935650409113,0.03138353387355637,0.00531582263053476
42053,2026-03-15 09:00:00,105,3,0.0024,0.0173769361736678,0.017539943290366355,0.017830193382554517,0.003787879,0.14316924,0.03040520121041734,0.027551127467743693,0.0028540737426736473,0.031627754585656476,0.031627754585656476,0.0,0.033804630277067704,0.03187068991155474,0.001933940365512959
42053,2026-03-15 10:00:00,106,3,0.0019,0.01883678054807305,0.018240527487832385,0.018879356268538414,0.002622378,0.14316924,0.039663172954453034,0.025871750463805833,0.013791422490647201,0.03519127500264807,0.031144293666742474,0.0040469813359055975,0.03998249085794328,0.03098706351108335,0.008995427346859933
42053,2026-03-15 11:00:00,107,3,0.0184,0.018600682021443153,0.018499799578568926,0.018925590819156304,0.003642191,0.14316924,0.03135587161665988,0.024972617775266232,0.00638325384139365,0.03059925329510315,0.025455454832086288,0.005143798463016864,0.033792687599508514,0.029018536514863483,0.004774151084645033
42053,2026-03-15 12:00:00,108,3,0.075,0.017980926095011698,0.017922587655079297,0.017655460495621902,0.142191142,0.14316924,0.04090117599070203,0.025118269289131644,0.015782906701570384,0.04046363769120903,0.028146150856823173,0.012317486834385858,0.03846018399527858,0.028289331805950575,0.010170852189327999
42053,2026-03-15 13:00:00,109,3,0.0191,0.018595519579611752,0.018827542424814835,0.01888024039811287,0.002622378,0.14316924,0.03935395663807069,0.025170431206136865,0.014183525431933826,0.04109412797709383,0.03089712741371219,0.01019700056338164,0.04148936277682906,0.02849530830126611,0.012994054475562953
42053,2026-03-15 14:00:00,110,3,0.0034,0.019397887215924562,0.0203774974098128,0.020037035800395016,0.00247669,0.14316924,0.038387878948121096,0.0251347805682197,0.013253098379901396,0.045734955402282874,0.03057743236283477,0.015157523039448102,0.04318149333164949,0.028001347759316814,0.01518014557233267
42053,2026-03-15 15:00:00,111,3,0.0109,0.02442944678766501,0.024594956487184676,0.024015030292217198,0.006993007,0.14316924,0.04711790503147425,0.025919731673266416,0.021198173358207832,0.04835922777787174,0.03186698622865671,0.016492241549215025,0.04400978131561566,0.03072110773550755,0.013288673580108112
42053,2026-03-15 16:00:00,112,3,0.0186,0.029961713799877266,0.03037026223199769,0.029715770589249898,0.01486014,0.14316924,0.05810066220385574,0.027764904371547463,0.03033575783230828,0.06116477544475892,0.03639878089680217,0.02476599454795675,0.05625608812415049,0.035129959772914734,0.021126128351235757
42053,2026-03-15 17:00:00,113,3,0.0365,0.03041393389733653,0.03199419124507764,0.029954235538683024,0.049096737,0.14316924,0.05621274364588619,0.029248207778858927,0.026964535867027257,0.06806467375394448,0.041315296223448233,0.026749377530496252,0.052765005955984906,0.037643460098775956,0.015121545857208946
42053,2026-03-15 18:00:00,114,3,0.0429,0.028278708515002797,0.02955211493285175,0.028925075689747455,0.073426573,0.14316924,0.04799047740098321,0.02580451805983624,0.02218595934114697,0.05754102553485039,0.036071387439450264,0.021469638095400125,0.05283823121156817,0.03497579015453122,0.01786244105703695
42053,2026-03-15 19:00:00,115,3,0.0429,0.024077414125643598,0.02722781339505747,0.025230178361175824,0.077651515,0.14316924,0.03508921263192689,0.027873305305610083,0.007215907326316803,0.0587172071525309,0.0433661596045077,0.015351047548023196,0.04373494439841859,0.03723053055779807,0.006504413840620519
42053,2026-03-15 20:00:00,116,3,0.0318,0.022467284260757146,0.023582300094703364,0.023482352046179104,0.051719114,0.14316924,0.02907273962852238,0.023471104436828857,0.0056016351916935245,0.03743535838311902,0.029849253603754858,0.007586104779364158,0.036685748019187045,0.029556544200073434,0.00712920381911361
42053,2026-03-15 21:00:00,117,3,0.0339,0.021186323241463766,0.02135930991124759,0.021764232180126603,0.05259324,0.14316924,0.033156824026024774,0.023705103520315022,0.00945172050570975,0.03445422404940343,0.03043468948116513,0.004019534568238304,0.037491141065996034,0.028246476877566807,0.009244664188429223
42053,2026-03-15 22:00:00,118,3,0.0367,0.02049837660947066,0.021435975384882414,0.021060042791116076,0.055215618,0.14316924,0.02986462055618469,0.024397981405735535,0.005466639150449157,0.03689661137177285,0.033927754080563664,0.0029688572912091892,0.034077116918525316,0.027630675160304756,0.006446441758220557
42053,2026-03-15 23:00:00,119,3,0.026,0.015685848696378107,0.016083439000663675,0.015764026128211216,0.030740093,0.14316924,0.030640687220203792,0.026225990367929598,0.004414696852274193,0.03461659026305948,0.0316217367415226,0.0029948535215368823,0.0314224615385349,0.02837929948374511,0.0030431620547897945
42053,2026-03-16 00:00:00,120,3,0.0239,0.01580195956396477,0.016239492665828737,0.015460679271944269,0.030740093,0.14316924,0.031669756296608294,0.02563920602776844,0.00603055026883985,0.03604508731524793,0.030332250289043898,0.0057128370262040295,0.02825695337640329,0.027083708489442856,0.001173244886960434
42053,2026-03-16 01:00:00,121,3,0.0228,0.015541571833004275,0.0156301929916905,0.015463190021520896,0.030740093,0.14316924,0.030709171577720924,0.0243765751464262,0.006332596431294724,0.03159538316458315,0.029220673337548974,0.0023747098270341755,0.029925353462887126,0.026534451918284855,0.003390901544602272
42053,2026-03-16 02:00:00,122,3,0.0219,0.015114374490752503,0.015472393185196191,0.014777046237319803,0.030740093,0.14316924,0.03322943814301374,0.024292466674750303,0.008936971468263437,0.036809625087450615,0.027640600184863192,0.009169024902587425,0.029856155608686763,0.028672270437289187,0.001183885171397574
42053,2026-03-16 03:00:00,123,3,0.0206,0.01252803579493162,0.012628712898176941,0.012317317077498722,0.030740093,0.14316924,0.030135367715071342,0.020059913705061876,0.010075454010009467,0.03114213874752455,0.02402730815192682,0.007114830595597728,0.02802818054074236,0.02158232632865439,0.00644585421208797
42053,2026-03-16 04:00:00,124,3,0.0141,0.013632454000675275,0.013712738443290271,0.013319042696364553,0.018356643,0.14316924,0.030209566228312848,0.020000479671521063,0.010209086556791785,0.03101241065446281,0.024459934554524252,0.006552476099938558,0.02707545318520563,0.02158232632865439,0.0054931268565512415
42053,2026-03-16 05:00:00,125,3,0.0134,0.013467287246768725,0.01329645329291863,0.012905386257703929,0.01791958,0.14316924,0.03106680520381784,0.020023231919511712,0.01104357328430613,0.0293584656653169,0.02395591666378101,0.005402549001535889,0.02544779531316986,0.02181050032401259,0.0036372949891572675
42053,2026-03-16 06:00:00,126,3,0.0133,0.014418450261345259,0.014763103539129076,0.013798380233019674,0.01791958,0.14316924,0.028079455806669342,0.020248806626377288,0.007830649180292054,0.031525988584507496,0.02642688491823356,0.005099103666273936,0.021878755523413486,0.021878755523413486,0.0
42053,2026-03-16 07:00:00,127,3,0.0126,0.013642131974720159,0.014538856583456878,0.013101586125512809,0.01791958,0.14316924,0.02785679959327883,0.02040244450035044,0.007454355092928388,0.03682404568064601,0.03164818256035539,0.005175863120290619,0.02245134110120531,0.02245134110120531,0.0
42053,2026-03-16 08:00:00,128,3,0.01,0.013260912088709453,0.01487389720732295,0.013302754103733922,0.013548951,0.14316924,0.026853504832250352,0.020584624379619384,0.006268880452630968,0.04298335601838533,0.03469761108168887,0.008285744936696463,0.02727192498249505,0.022883829057665134,0.004388095924829915
42053,2026-03-16 09:00:00,129,3,0.007,0.014436938848943549,0.015237186106503946,0.01432586124982548,0.008595571,0.14316924,0.035479035789932695,0.02371498892069742,0.011764046869235278,0.04348150836553665,0.03199631617658495,0.011485192188951701,0.034368259798751986,0.024045766545056815,0.010322493253695173
42053,2026-03-16 10:00:00,130,3,0.0057,0.014425101047672242,0.015191574883929476,0.01458368341318962,0.006701632,0.14316924,0.02655919495904245,0.020015046922543252,0.006544148036499199,0.034223933321614775,0.029921127285112065,0.00430280603650271,0.02814501861421623,0.023994466855850927,0.004150551758365303
42053,2026-03-16 11:00:00,131,3,0.0025,0.013998890530468402,0.015101580152598552,0.014583184092086891,0.000145688,0.14316924,0.027758967748513597,0.019752538399685896,0.008006429348827702,0.03878586396981509,0.030396223131644553,0.00838964083817054,0.03360190336469848,0.02244234946333721,0.011159553901361276
42053,2026-03-16 12:00:00,132,3,0.0017,0.013765263645133294,0.014543870219006359,0.014341726555628181,0.0,0.14316924,0.02594739629733447,0.018313163756637447,0.007634232540697024,0.03373346203606511,0.02642821906754567,0.007305242968519438,0.031712025402283336,0.02039407118826474,0.011317954214018594
42053,2026-03-16 13:00:00,133,3,0.0041,0.013143202763056284,0.013254593729369792,0.013634346869126478,0.0,0.14316924,0.027974082282593245,0.018750768848891212,0.009223313433702031,0.02908799194572833,0.024228360118505706,0.0048596318272226225,0.03288552334329518,0.022012293437572796,0.010873229905722382
42053,2026-03-16 14:00:00,134,3,0.0144,0.013800502724853524,0.01429542153007752,0.01346825420482388,0.024475524,0.14316924,0.03679451082141365,0.019386959353246747,0.017407551468166905,0.0417436988736536,0.030871439423702705,0.010872259449950893,0.03347202562111723,0.017786347217967124,0.0156856784031501
42053,2026-03-16 15:00:00,135,3,0.0152,0.013749183000625472,0.014539122662572972,0.013361643214488041,0.024912587,0.14316924,0.03147587189491074,0.013617866824989505,0.017858005069921235,0.03937526851438574,0.028491239067542494,0.010884029446843245,0.027600474033536417,0.012346808974827907,0.015253665058708508
42053,2026-03-16 16:00:00,136,3,0.0147,0.01297386703346338,0.01368613355592675,0.013121127709183255,0.024912587,0.14316924,0.02866799498433812,0.013684759445034417,0.014983235539303705,0.03579066020897181,0.027693563562603978,0.00809709664636783,0.030140601741536863,0.013925946018154523,0.016214655723382338
42053,2026-03-16 17:00:00,137,3,0.0217,0.012668718911112877,0.014033029095273868,0.012798330936245937,0.038461538,0.14316924,0.027414979313085355,0.013659671668898582,0.013755307644186773,0.04105808115469526,0.03449603123545097,0.006562049919244291,0.02871109956441594,0.013723663346838883,0.014987436217577059
42053,2026-03-16 18:00:00,138,3,0.0232,0.014100083621375539,0.015360285686828417,0.013940123877411547,0.038315851,0.14316924,0.027432823627861376,0.013146169659058491,0.014286653968802887,0.04003484428239015,0.03184660794070569,0.008188236341684463,0.02583322618822146,0.011665572278661144,0.014167653909560318
42053,2026-03-16 19:00:00,139,3,0.0228,0.01604029420437892,0.015745747681473864,0.015388358691954289,0.038315851,0.14316924,0.022744399006792614,0.009744318480806929,0.013000080525985684,0.019798933777742046,0.017282638424290415,0.002516295353451631,0.016225043882546267,0.009152107703956053,0.007072936178590212
42053,2026-03-16 20:00:00,140,3,0.0172,0.016846645726712243,0.016899180906464775,0.016631669537236965,0.024475524,0.14316924,0.027593828099313805,0.007507133995160471,0.020086694104153334,0.02811917989683914,0.01249728595748728,0.015621893939351858,0.02544406620456104,0.007741106249533666,0.017702959955027374
42053,2026-03-16 21:00:00,141,3,0.0172,0.02013409505837885,0.02031070947988694,0.019241982681578427,0.024475524,0.14316924,0.029121855729955792,0.007051646301874772,0.02207020942808102,0.030887999945036656,0.016531006700082618,0.014356993244954038,0.020200731961951515,0.007315055937355572,0.012885676024595944
42053,2026-03-16 22:00:00,142,3,0.0177,0.020138153906348048,0.020423851432621168,0.020485083190721034,0.024475524,0.14316924,0.021143894844342932,0.006674672568582367,0.014469222275760564,0.024000870107074145,0.009370277934735115,0.01463059217233903,0.024613187688072823,0.006856164501004312,0.01775702318706851
42053,2026-03-16 23:00:00,143,3,0.0171,0.020430516031854234,0.02022135071804188,0.01994354956023815,0.024621212,0.14316924,0.034277635635138165,0.006109380037157454,0.02816825559798071,0.03218598249701459,0.010423776444802387,0.021762206052212206,0.029407970918977316,0.006884912259460748,0.02252305865951657
42053,2026-03-17 00:00:00,144,3,0.0158,0.01777038548234836,0.017003900472886756,0.017142582441531867,0.024621212,0.14316924,0.020778736543419052,0.007220912118892312,0.013557824424526741,0.013113886448803019,0.008666423592415434,0.004447462856387585,0.01450070613525415,0.0066528431404526255,0.007847862994801525
42053,2026-03-17 01:00:00,145,3,0.0078,0.01793246432472111,0.01763737450283072,0.017402402646389373,0.000145688,0.14316924,0.025030782690986297,0.006399274466754331,0.018631508224231964,0.02207988447208238,0.011743081882411542,0.01033680258967084,0.019730165907668944,0.006988448030799049,0.012741717876869896
42053,2026-03-17 02:00:00,146,3,0.02,0.018216864808648703,0.01871812299531612,0.01830629132812672,0.030011655,0.14316924,0.028132294972975886,0.0047164025232977365,0.02341589244967815,0.03314487683965007,0.012367752072069898,0.02077712476758017,0.029026560167756055,0.006263088651727633,0.022763471516028422
42053,2026-03-17 03:00:00,147,3,0.0209,0.016874544706667553,0.01697990982678668,0.01639937816553596,0.030011655,0.14316924,0.02202896133083012,0.004819881411244316,0.017209079919585805,0.023082612532021374,0.013002706247401258,0.010079906284620117,0.017277295919514168,0.0055142857850341955,0.011763010134479973
42053,2026-03-17 04:00:00,148,3,0.0152,0.014925201655119224,0.01446694339528652,0.01486699149804814,0.024475524,0.14316924,0.015772479668317324,0.006469136761663586,0.009303342906653737,0.011189897069990292,0.01013048785919643,0.001059409210793863,0.015190378097606481,0.005543218593399589,0.009647159504206892
42053,2026-03-17 05:00:00,149,3,0.0153,0.012486966490481258,0.012479477557466936,0.012305811077578103,0.024621212,0.14316924,0.012910458964532155,0.006469136761663586,0.006441322202868569,0.012835569634388914,0.011822109702878307,0.0010134599315106076,0.011098904835500599,0.005543218593399589,0.005555686242101011
42053,2026-03-17 06:00:00,150,3,0.0154,0.011266023676082312,0.011499546311468382,0.011282785793593063,0.024621212,0.14316924,0.016344012118347292,0.006469136761663586,0.009874875356683705,0.018679238472208013,0.01570704611528266,0.0029721923569253524,0.01651163329345482,0.005561993002952683,0.010949640290502138
42053,2026-03-17 07:00:00,151,3,0.0165,0.011273215565688935,0.012133948774501416,0.011842498579598721,0.024621212,0.14316924,0.011803784654183115,0.006469136761663586,0.00533464789251953,0.020411116742307948,0.016772250908028266,0.003638865834279681,0.017496614793280997,0.005561993002952683,0.011934621790328314
42053,2026-03-17 08:00:00,152,3,0.0207,0.01157399698042383,0.011410712647442913,0.011757675613517189,0.025203963,0.14316924,0.012812129443543636,0.0036042770653061927,0.009207852378237444,0.011179286113734477,0.006294716872412145,0.004884569241322331,0.014648915774477219,0.004821483863126034,0.009827431911351185
42053,2026-03-17 09:00:00,153,3,0.0362,0.012634881588768467,0.012751224601129823,0.012679878979236042,0.060751748,0.14316924,0.01938849838772646,0.0035559437192801144,0.015832554668446346,0.020551928511340023,0.00992895661835404,0.01062297189298598,0.0198384722924022,0.004731453954079077,0.015107018338323123
42053,2026-03-17 10:00:00,154,3,0.0376,0.012437484032398579,0.011807015135730054,0.01189267110802823,0.060751748,0.14316924,0.017920268890339368,0.003211046880074468,0.0147092220102649,0.011615579923654125,0.010120387737583482,0.0014951921860706433,0.012472139646635877,0.003523696998951464,0.008948442647684414
42053,2026-03-17 11:00:00,155,3,0.033,0.014261694987520066,0.013552194135100717,0.013608593993210313,0.060751748,0.14316924,0.017320409715882223,0.002645969109418741,0.01467444060646348,0.010225401191688738,0.010225401191688738,0.0,0.010789399772784706,0.003224931516983371,0.007564468255801335
42053,2026-03-17 12:00:00,156,3,0.0076,0.01490655980810395,0.013978917140702209,0.01426903295477784,0.0,0.14316924,0.01496950130626165,0.002645969109418741,0.012323532196842908,0.005693074632244253,0.005693074632244253,0.0,0.00859423277300056,0.003224931516983371,0.005369301256017188
42053,2026-03-17 13:00:00,157,3,0.0092,0.012291983140751686,0.012181687879627331,0.012007272227901666,0.0,0.14316924,0.0059581132244323,0.0026230979039501413,0.003335015320482159,0.004855160613188761,0.004855160613188761,0.0,0.0031110040959320905,0.0031110040959320905,0.0
42053,2026-03-17 14:00:00,158,3,0.0199,0.009438723675926226,0.009479158429957902,0.009416105987018484,0.021998834,0.14316924,0.0032605034512131906,0.002538061299934944,0.0007224421512782467,0.003664850991529941,0.003664850991529941,0.0,0.003034326562135756,0.003034326562135756,0.0
42053,2026-03-17 15:00:00,159,3,0.0175,0.009469503887218051,0.009550304723239983,0.009391461691400168,0.021998834,0.14316924,0.0025293925714431876,0.0025293925714431876,0.0,0.0033374009316624975,0.0033374009316624975,0.0,0.0017489706132643446,0.0017489706132643446,0.0
42053,2026-03-17 16:00:00,160,3,0.0036,0.00808893844037023,0.008165158687182223,0.008040634609296968,0.0,0.14316924,0.002210416909113097,0.002210416909113097,0.0,0.0029726193772330323,0.0029726193772330323,0.0,0.001727378598380485,0.001727378598380485,0.0
42053,2026-03-17 17:00:00,161,3,0.0011,0.006439079562223099,0.006336697180323925,0.006282415366439288,0.0,0.14316924,0.003248298651481986,0.003248298651481986,0.0,0.0022244748324902457,0.0022244748324902457,0.0,0.0016816566936438727,0.0016816566936438727,0.0
42053,2026-03-17 18:00:00,162,3,0.0018,0.0057615421503421,0.005624781396700223,0.00552574957700293,0.0,0.14316924,0.0038124597302626744,0.003694574703339752,0.00011788502692292237,0.002444852193843904,0.002444852193843904,0.0,0.0014545339968709764,0.0014545339968709764,0.0
42053,2026-03-17 19:00:00,163,3,0.0018,0.006034089910253977,0.006156567440629914,0.005967462074490368,0.0,0.14316924,0.0022999321038675337,0.0022999321038675337,0.0,0.0035247074076268916,0.0035247074076268916,0.0,0.001633653746231441,0.001633653746231441,0.0
42053,2026-03-17 20:00:00,164,3,0.0009,0.0045305747113176306,0.004513011759053728,0.004538302145616118,0.0,0.14316924,0.0009497269563531726,0.0009497269563531726,0.0,0.0007740974337141404,0.0007740974337141404,0.0,0.001027001299338042,0.001027001299338042,0.0
42053,2026-03-17 21:00:00,165,3,0.0,0.0045360866097563,0.004441541780646162,0.004617585730329424,0.0,0.14316924,0.0009454482911013867,0.0009454482911013867,0.0,0.0,0.0,0.0,0.0017604394968326292,0.0017604394968326292,0.0
42053,2026-03-17 22:00:00,166,3,0.0,0.003943021693109756,0.0038671998513640196,0.004023079383790717,0.0,0.14316924,0.0008662719481805798,0.0008662719481805798,0.0,0.00010805353072321368,0.00010805353072321368,0.0,0.0016668488549901894,0.0016668488549901894,0.0
42053,2026-03-17 23:00:00,167,3,0.0,0.0032932373129523447,0.0032042785944609567,0.003472945252168313,0.0,0.14316924,0.0010825681903063958,0.0010825681903063958,0.0,0.00019298100539251714,0.00019298100539251714,0.0,0.0028796475824660827,0.0028796475824660827,0.0
42053,2026-03-18 00:00:00,168,3,0.0,0.0033105458569489903,0.0032243944611941087,0.0033851455470331293,0.0,0.14316924,0.0008615139575488161,0.0008615139575488161,0.0,0.0,0.0,0.0,0.001607510858390208,0.001607510858390208,0.0
42053,2026-03-18 01:00:00,169,3,0.0,0.004430478151917953,0.004346226933761101,0.004421019188563632,0.0,0.14316924,0.0008425121815685153,0.0008425121815685153,0.0,0.0,0.0,0.0,0.0007479225480253049,0.0007479225480253049,0.0
42053,2026-03-18 02:00:00,170,3,0.0,0.004486968543699176,0.004329199953045299,0.00440399220784783,0.0,0.14316924,0.0015776859065387736,0.0015776859065387736,0.0,0.0,0.0,0.0,0.0007479225480253049,0.0007479225480253049,0.0
42053,2026-03-18 03:00:00,171,3,0.0,0.003944109798548119,0.0038778146442509094,0.0039619659632376845,0.0,0.14316924,0.0006629515429720889,0.0006629515429720889,0.0,0.0,0.0,0.0,0.0008415131898677444,0.0008415131898677444,0.0
42053,2026-03-18 04:00:00,172,3,0.0,0.003851402482134482,0.004152844402153169,0.003869258646824047,0.0,0.14316924,0.0006629515429720889,0.0006629515429720889,0.0,0.0036773707431589707,0.0036773707431589707,0.0,0.0008415131898677444,0.0008415131898677444,0.0
42053,2026-03-18 05:00:00,173,3,0.0,0.003914590708267618,0.0038761911320514516,0.00392308780877294,0.0,0.14316924,0.0006629515429720889,0.0006629515429720889,0.0,0.00027895578081042386,0.00027895578081042386,0.0,0.0007479225480253049,0.0007479225480253049,0.0
42053,2026-03-18 06:00:00,174,3,0.0,0.004170432865687003,0.0041459697566917884,0.004103848849750425,0.0,0.14316924,0.0015073533492335252,0.0015073533492335252,0.0,0.0012627222592813767,0.0012627222592813767,0.0,0.0008415131898677444,0.0008415131898677444,0.0
42053,2026-03-18 07:00:00,175,3,0.0,0.00487351146746003,0.005296343881699163,0.004790535131608683,0.0,0.14316924,0.0015776859065387736,0.0015776859065387736,0.0,0.005806010048930105,0.005806010048930105,0.0,0.0007479225480253049,0.0007479225480253049,0.0
42053,2026-03-18 08:00:00,176,3,0.0002,0.005471952691444816,0.005705488646879031,0.005395442138941174,0.000291375,0.14316924,0.0015776859065387736,0.0015776859065387736,0.0,0.003913045460880925,0.003913045460880925,0.0,0.000812580381502351,0.000812580381502351,0.0
42053,2026-03-18 09:00:00,177,3,0.0006,0.00582214810329229,0.0058824879701990206,0.005675929475488291,0.000728438,0.14316924,0.0020688368185396468,0.0020688368185396468,0.0,0.002672235487606955,0.002672235487606955,0.0,0.0006066505404996631,0.0006066505404996631,0.0
42053,2026-03-18 10:00:00,178,3,0.0014,0.007262857014669879,0.007432267069926271,0.007262250306002544,0.002185315,0.14316924,0.005187045299592882,0.0019109927544261162,0.0032760525451667657,0.006881145852156808,0.006881145852156808,0.0,0.005180978212919548,0.00062399961764681,0.004556978595272738
42053,2026-03-18 11:00:00,179,3,0.0022,0.007976455099008422,0.008263485494454081,0.007784848829694038,0.003933566,0.14316924,0.0061629224409188756,0.0032611979019404763,0.0029017245389783993,0.009033226395375477,0.009033226395375477,0.0,0.004246859747775037,0.0006529324260122033,0.003593927321762833
42053,2026-03-18 12:00:00,180,3,0.0022,0.01048869487595547,0.010505247610456575,0.009785284751585245,0.003933566,0.14316924,0.012287390210113564,0.005061474845017908,0.007225915365095656,0.012452917555124619,0.009085855372919375,0.003367062182205244,0.0052532889664113356,0.0006529324260122033,0.0046003565403991325
42053,2026-03-18 13:00:00,181,3,0.0022,0.009134317200102155,0.00925494097309728,0.009097579146922885,0.003933566,0.14316924,0.0039371404737405385,0.0023464635383737926,0.0015906769353667457,0.005143378203691776,0.005143378203691776,0.0,0.0035697599419478388,0.0006529324260122033,0.0029168275159356352
42053,2026-03-18 14:00:00,182,3,0.0022,0.009053699000792434,0.00882822141959559,0.009013408037364045,0.003642191,0.14316924,0.008143657810919368,0.004991142287712659,0.0031525155232067096,0.005888881998950934,0.00499360479242367,0.0008952772065272639,0.007740748176635481,0.0006529324260122033,0.007087815750623278
42053,2026-03-18 15:00:00,183,3,0.0023,0.007788175437581393,0.008059463289670426,0.00796332053288301,0.003642191,0.14316924,0.004063938197066182,0.003190865344635228,0.0008730728524309543,0.006776816717956514,0.006113060247997758,0.0006637564699587567,0.005815389150082366,0.0005645735905329484,0.005250815559549417
42053,2026-03-18 16:00:00,184,3,0.0024,0.006429269131458721,0.0062770814378902634,0.006793686916543547,0.003642191,0.14316924,0.0034883610101283592,0.0019109927544261162,0.001577368255702243,0.0019664840744437863,0.0013278252482752818,0.0006386588261685047,0.00713253886097662,0.0005645735905329484,0.006567965270443671
42053,2026-03-18 17:00:00,185,3,0.0024,0.006338789741599832,0.00678454001312568,0.00650433351139176,0.003642191,0.14316924,0.011847059323799617,0.003273506023910373,0.008573553299889245,0.016304562039058102,0.008210705772810665,0.008093856266247437,0.013502497021718903,0.000535640782167555,0.012966856239551348
42053,2026-03-18 18:00:00,186,3,0.0024,0.004236239023685322,0.0050481172459746464,0.004465855155588236,0.003642191,0.14316924,0.00398229280130165,0.0032611979019404763,0.0007210948993611742,0.012101075024194892,0.007954311265803562,0.004146763758391329,0.006278454120330788,0.0005645735905329484,0.0057138805297978395
42053,2026-03-18 19:00:00,187,3,0.0024,0.0037304984542942043,0.004394471304558486,0.0039315816599605835,0.003642191,0.14316924,0.004281456049718371,0.0032611979019404763,0.0010202581477778952,0.010921184552361183,0.007665785090322277,0.0032553994620389067,0.006292288106382171,0.000535640782167555,0.005756647324214616
42053,2026-03-18 20:00:00,188,3,0.0022,0.003313585494676418,0.004063156984286853,0.00359950011747161,0.003642191,0.14316924,0.0035879204765003232,0.00202175367912355,0.001566166797376773,0.01108363537260467,0.007489006953574053,0.0035946284190306174,0.0064470667044522435,0.000535640782167555,0.005911425922284688
42053,2026-03-18 21:00:00,189,3,0.0006,0.0027919338057443717,0.0035050580458238357,0.003082830177998978,0.0,0.14316924,0.0034562000038008637,0.001951421121818302,0.0015047788819825619,0.010587442404595507,0.00867161331575013,0.0019158290888453757,0.006365163726346925,0.000535640782167555,0.00582952294417937
42053,2026-03-18 22:00:00,190,3,0.0005,0.0029143032672564605,0.0036641169644078195,0.003370146426730524,0.0,0.14316924,0.005117773742845248,0.0017877222184544568,0.003330051524390791,0.012615910714358837,0.00847246182237032,0.004143448891988517,0.009676205337585881,0.000535640782167555,0.009140564555418326
42053,2026-03-18 23:00:00,191,3,0.0005,0.003001256573783825,0.0033186500115933585,0.003138305822042637,0.0,0.14316924,0.004711509743805761,0.0017877222184544568,0.0029237875253513043,0.007885444121901092,0.005919144445744226,0.0019662996761568665,0.006082002226393878,0.000535640782167555,0.005546361444226323
42053,2026-03-19 00:00:00,192,3,0.0003,0.003024834340459322,0.0033803583229684345,0.003411754484634424,0.0,0.14316924,0.0021036629701178906,0.000601215974303942,0.0015024469958139488,0.005658902795209019,0.00011549246425293709,0.0055434103309560815,0.0059728644118689144,0.0005645735905329484,0.005408290821335966
42053,2026-03-19 01:00:00,193,3,0.0002,0.0028198280126009016,0.0029998051173268855,0.0030103650221061794,0.0,0.14316924,0.002601199258384118,0.00043751707094009696,0.0021636821874440213,0.004400970305643959,0.0,0.004400970305643959,0.0045065693534368945,0.0005645735905329484,0.003941995762903946
42053,2026-03-19 02:00:00,194,3,0.0,0.002560110418307344,0.002702246173526567,0.0028553248751674288,0.0,0.14316924,0.001319600112713629,0.000601215974303942,0.000718384138409687,0.0027409576649058613,0.0,0.0027409576649058613,0.004271744681314482,0.0005645735905329484,0.0037071710907815338
42053,2026-03-19 03:00:00,195,3,0.0,0.0023601653353048676,0.0023432748225758263,0.0024742836276278536,0.0,0.14316924,0.0009544468752277999,0.0006054946395557279,0.00034895223567207206,0.0007855417479373878,0.0,0.0007855417479373878,0.0020956297984576627,0.0005645735905329484,0.0015310562079247144
42053,2026-03-19 04:00:00,196,3,0.0,0.002987355352821912,0.0031444225640884296,0.003107612187918743,0.0,0.14316924,0.0038982263056596676,0.000441795736191883,0.0034564305694677845,0.005468898418324839,0.0022281737245818047,0.0032407246937430343,0.005100794656627973,0.0004115784739054426,0.00468921618272253
42053,2026-03-19 05:00:00,197,3,0.0,0.0025951295542851463,0.00280423149529718,0.002606440338834651,0.0,0.14316924,0.003962781236865114,0.0006054946395557279,0.0033572865973093857,0.006053800646985449,0.0026629023617207163,0.003390898285264733,0.004075889082360164,0.0004115784739054426,0.003664310608454721
42053,2026-03-19 06:00:00,198,3,0.0,0.002120246728521893,0.0021082524325682812,0.0023517204611964507,0.0,0.14316924,0.0014080664484867307,0.0006054946395557279,0.0008025718089310029,0.001288123488950613,0.0004183642943677609,0.000869759194582852,0.0037228037752323052,0.0005051691157478823,0.003217634659484423
42053,2026-03-19 07:00:00,199,3,0.0001,0.0019740217856720472,0.0020368632177090924,0.0019911572519196773,0.0,0.14316924,0.0013412557200724667,0.0006758271968609764,0.0006654285232114903,0.0019696700404429205,0.0015691318770606397,0.00040053816338228056,0.0015126103825487684,0.0004115784739054426,0.0011010319086433259
42053,2026-03-19 08:00:00,200,3,0.0002,0.002255228740548915,0.0024406977489624315,0.002451150639175378,0.000437382,0.14316924,0.001221976007274739,0.0006758271968609764,0.0005461488104137627,0.0030766660914099083,0.0028823320076910527,0.0001943340837188557,0.0031811949935393715,0.0005645735905329484,0.0026166214030064233
42053,2026-03-19 09:00:00,201,3,0.0001,0.002711022183931914,0.003049320710143985,0.0027909845823537336,0.0,0.14316924,0.0010167979654652,0.0006758271968609764,0.0003409707686042237,0.004399783227585911,0.0029656744824384574,0.0014341087451474534,0.0018164219496833967,0.0005645735905329484,0.0012518483591504484
42053,2026-03-19 10:00:00,202,3,0.0,0.003199806428351405,0.003652250045222327,0.0031373640343796308,0.0,0.14316924,0.002607701936279125,0.00202175367912355,0.0005859482571555746,0.007132138104988346,0.0064153230838525244,0.0007168150211358212,0.001983277996561385,0.0006529324260122033,0.0013303455705491818
42053,2026-03-19 11:00:00,203,3,0.0,0.004005386938836949,0.004613753201169844,0.004078419125966317,0.0,0.14316924,0.002608101943723257,0.001951421121818302,0.0006566808219049548,0.008691764567052214,0.006885981775464615,0.001805782791587599,0.0033384238150169407,0.001999659804507426,0.0013387640105095148
42053,2026-03-19 12:00:00,204,3,0.0,0.0040979938477786375,0.004694725600963495,0.0038902135841663494,0.0,0.14316924,0.003564223363489264,0.0017920008837062427,0.001772222479783021,0.00953154089533785,0.007200836822979393,0.0023307040723584563,0.0014864207273663924,0.0005645735905329484,0.0009218471368334442
42053,2026-03-19 13:00:00,205,3,0.0,0.0035255772533701888,0.00366497916345528,0.003505267143907323,0.0,0.14316924,0.0023939920589323266,0.000441795736191883,0.0019521963227404438,0.003788011159783244,0.0009396752136231768,0.002848335946160067,0.002190890964303668,0.0005645735905329484,0.00162631737377072
42053,2026-03-19 14:00:00,206,3,0.0,0.003059812655361351,0.0032024426490698957,0.0031755293788595924,0.0,0.14316924,0.001418121037488987,0.000441795736191883,0.000976325301297104,0.002844420974574431,0.0005013840807639085,0.0023430368938105227,0.0025752882724714033,0.0005645735905329484,0.0020107146819384547
42053,2026-03-19 15:00:00,207,3,0.0,0.0025941826007902296,0.0030321734653069327,0.0025800236390101693,0.0,0.14316924,0.002156621039030687,0.000441795736191883,0.001714825302838804,0.006536529684197717,0.0027905071090333095,0.0037460225751644073,0.0020150314212300834,0.0005051691157478823,0.0015098623054822012
42053,2026-03-19 16:00:00,208,3,0.0,0.002351916168038826,0.002841558280127078,0.0025007345322857573,0.0,0.14316924,0.0018094160513248778,0.000441795736191883,0.0013676203151329947,0.0067058371722074,0.002659227926672881,0.004046609245534519,0.0032975996937941953,0.0005051691157478823,0.002792430578046313
42053,2026-03-19 17:00:00,209,3,0.0,0.001848233099157114,0.00245734427963066,0.0019832966689629413,0.0,0.14316924,0.0024504317758512954,0.000441795736191883,0.0020086360396594123,0.008541543580586754,0.0033101435421616513,0.005231400038425102,0.0038010674739095687,0.0005051691157478823,0.0032958983581616863
42053,2026-03-19 18:00:00,210,3,0.0,0.0016001075198416156,0.0016037382329773726,0.0021783518998816135,0.0,0.14316924,0.0032094841275423763,0.000441795736191883,0.002767688391350493,0.003245791258899947,0.0,0.003245791258899947,0.008991927927942353,0.0005051691157478823,0.008486758812194472
42053,2026-03-19 19:00:00,211,3,0.0,0.0015019717336981486,0.0015408059753660342,0.0019640629293464413,0.0,0.14316924,0.0010803670518188843,0.000441795736191883,0.0006385713156270013,0.0014687094684977377,0.0,0.0014687094684977377,0.005701279008301809,0.0005051691157478823,0.005196109892553927
42053,2026-03-19 20:00:00,212,3,0.0,0.0017665970044008475,0.0019758629625544703,0.002406990740591695,0.0,0.14316924,0.0008464322717033157,0.000441795736191883,0.0004046365355114327,0.0029390918532395433,0.0,0.0029390918532395433,0.00725036963361179,0.0004115784739054426,0.006838791159706347
42053,2026-03-19 21:00:00,213,3,0.0,0.002095618466684358,0.002136436026947619,0.002529475475817197,0.0,0.14316924,0.000441795736191883,0.000441795736191883,0.0,0.0008499713388244915,0.0,0.0008499713388244915,0.004780365827520274,0.00047098294869050864,0.004309382878829765
42053,2026-03-19 22:00:00,214,3,0.0,0.0017092930657480448,0.0016651134921288565,0.0020730306789999214,0.0,0.14316924,0.000441795736191883,0.000441795736191883,0.0,0.0,0.0,0.0,0.004079171868710648,0.00047098294869050864,0.003608188920020139
54013,2026-03-14 00:00:00,72,2,0.0027,0.004251689741239907,0.0030200987614774307,0.0030301679303506605,0.000465116,0.000697674,0.0035729734348812292,0.0005077690586496307,0.0030652043762315986,0.0004939959854750383,0.0004939959854750383,0.0,0.0005191689076581128,0.0005191689076581128,0.0
54013,2026-03-14 01:00:00,73,2,0.0003,0.0025959801077114434,0.0015336951467791588,0.0015475388874981461,0.000465116,0.000697674,0.0031541754431088143,0.0005097128521510705,0.002644462590957744,0.0004984630407781036,0.0004984630407781036,0.0,0.0005330723925755722,0.0005330723925755722,0.0
54013,2026-03-14 02:00:00,74,2,0.0003,0.0020731123618657594,0.00219922067002515,0.0014337194277463878,0.000465116,0.000697674,0.0021059338648318905,0.000496223210724896,0.0016097106541069944,0.0024212046352303667,0.0005097301027748959,0.0019114745324554708,0.0005074515295334616,0.0005074515295334616,0.0
54013,2026-03-14 03:00:00,75,2,0.0005,0.002219200016614636,0.0018156498418143612,0.0015339172954060554,0.000697674,0.000697674,0.002558301844742311,0.0004771256454454545,0.0020811761992968565,0.001549426407741625,0.00047756559984166424,0.0010718608078999607,0.0008450950417208606,0.00043998012497185255,0.0004051149167490081
54013,2026-03-14 04:00:00,76,2,0.0006,0.001012860129353598,0.0,0.0,0.000930233,0.000697674,0.0005673291704410813,0.0003739060706610756,0.00019342309978000565,0.0003619106935765596,0.0003619106935765596,0.0,0.0003974481008710373,0.0003974481008710373,0.0
54013,2026-03-14 05:00:00,77,2,0.0006,0.0012167899734726259,0.0012025204400340258,0.0012009337254159928,0.000929152,0.000697674,0.00033800176006915566,0.00033800176006915566,0.0,0.0002666540928761562,0.0002666540928761562,0.0,0.00025872051978599055,0.00025872051978599055,0.0
54013,2026-03-14 06:00:00,78,2,0.0004,0.0012794103922950998,0.0012790371815262819,0.0014536419242113386,0.000696864,0.000697674,0.0002907177703645424,0.0002907177703645424,0.0,0.0002888517165204524,0.0002888517165204524,0.0,0.001161875429945737,0.0002573446941060191,0.0009045307358397178
54013,2026-03-14 07:00:00,79,2,0.0005,0.0010780150881748842,0.0010956269660172661,0.001179430968623249,0.000696864,0.000697674,0.0003598697388882675,0.0002695631858033049,9.030655308496263e-05,0.0004479291281001761,0.00023899331949217556,0.00020893580860800054,0.0008669491411300921,0.00020565640180303453,0.0006612927393270575
54013,2026-03-14 08:00:00,80,2,0.0006,0.0,0.0,0.0,0.000696864,0.000697674,0.0002388307238284153,0.0002388307238284153,0.0,0.0005403079055651999,0.0002541356353237829,0.0002861722702414171,0.0010016425831286138,0.0002354056571389354,0.0007662369259896785
54013,2026-03-14 09:00:00,81,2,0.001,0.0014622486316770292,0.0011366324276287675,0.0014820475593338666,0.001626016,0.000697674,0.002280699831889131,0.0002625049774634195,0.0020181948544257117,0.0006526188116478216,0.00025328788761086604,0.00039933092403695566,0.0023796944701733177,0.00024473593390704723,0.0021349585362662703
54013,2026-03-14 10:00:00,82,2,0.0014,0.0010362488492617853,0.0,0.0011405694179464747,0.001858304,0.000697674,0.0012611347001899654,0.0002475350782541019,0.0010135996219358635,0.0005581651055644499,0.00024399372559021014,0.0003141713799742397,0.001782737543613413,0.00017686423422099613,0.0016058733093924167
54013,2026-03-14 11:00:00,83,2,0.002,0.0018861992496024289,0.0018262922851080242,0.0018756612102926074,0.003716609,0.000697674,0.001225678115419634,0.0002158172565263065,0.0010098608588933273,0.0009261432929476114,0.000228624245458569,0.0006975190474890424,0.001172987918870526,0.00016099372149543356,0.0010119941973750924
54013,2026-03-14 12:00:00,84,2,0.0006,0.0,0.0,0.00101074587642251,0.000232288,0.000697674,0.0010001933192631718,0.0001621180504951694,0.0008380752687680025,0.0008449175220259247,0.000175111891502725,0.0006698056305231997,0.002161713258196462,0.00013149132543418835,0.0020302219327622737
54013,2026-03-14 13:00:00,85,2,0.0003,0.0,0.0,0.0,0.000232288,0.000697674,0.0001405205526889041,0.0001405205526889041,0.0,0.0003809800179530786,0.0001531639253784259,0.00022781609257465268,7.65384803062707e-05,7.65384803062707e-05,0.0
54013,2026-03-14 14:00:00,86,2,0.0004,0.0,0.0,0.0,0.000232288,0.000697674,8.650536554214278e-05,8.650536554214278e-05,0.0,0.00017963681895861707,5.1188277363221114e-05,0.00012844854159539595,1.9245287850767535e-06,1.9245287850767535e-06,0.0
54013,2026-03-14 15:00:00,87,2,0.0004,0.0,0.0,0.0,0.000232288,0.000697674,7.83834469270681e-05,6.082203128993945e-05,1.756141563712865e-05,0.00022182789477676268,2.2047529743453948e-05,0.00019978036503330874,0.0,0.0,0.0
54013,2026-03-14 16:00:00,88,2,0.0003,0.0,0.0,0.0,0.000232288,0.000697674,3.752598395536816e-05,3.752598395536816e-05,0.0,7.50631933335878e-05,2.5765687411992107e-05,4.9297505921595686e-05,0.0003659829329271396,0.0,0.0003659829329271396
54013,2026-03-14 17:00:00,89,2,0.0001,0.0,0.0,0.0,0.000232288,0.000697674,5.896662349480165e-05,4.6130875449112373e-05,1.2835748045689278e-05,0.0002577128630230465,1.2527662837562604e-05,0.0002451852001854839,0.0006333911832246355,0.0,0.0006333911832246355
54013,2026-03-14 18:00:00,90,2,0.0,0.0,0.0,0.0,0.0,0.000697674,0.0014695387653157262,8.232144062648296e-06,0.001461306621253078,0.0003487583885010918,0.0,0.0003487583885010918,0.00012075468331153014,0.0,0.00012075468331153014
54013,2026-03-14 19:00:00,91,2,0.0,0.0,0.0,0.0,0.0,0.000697674,0.0,0.0,0.0,0.0,0.0,0.0,0.0,0.0,0.0
54013,2026-03-14 20:00:00,92,2,0.0,0.0,0.0,0.0,0.0,0.000697674,0.0008867415428886841,0.0,0.0008867415428886841,0.0,0.0,0.0,1.3490320573137815e-06,1.3490320573137815e-06,0.0
54013,2026-03-14 21:00:00,93,2,0.0,0.0,0.0,0.0,0.0,0.000697674,0.0,0.0,0.0,0.0,0.0,0.0,0.0,0.0,0.0
54013,2026-03-14 22:00:00,94,2,0.0,0.0,0.0,0.0,0.0,0.000697674,9.895187253458964e-06,9.895187253458964e-06,0.0,0.0001572752405902725,0.0,0.0001572752405902725,0.0,0.0,0.0
54013,2026-03-14 23:00:00,95,2,0.0,0.0,0.0,0.0,0.0,0.000697674,5.879711646132633e-06,5.879711646132633e-06,0.0,1.473517294753008e-06,1.473517294753008e-06,0.0,0.0,0.0,0.0
54013,2026-03-15 00:00:00,96,2,0.0,0.0,0.0,0.0,0.0,0.000697674,9.416242543826866e-06,9.416242543826866e-06,0.0,0.0,0.0,0.0,0.0,0.0,0.0
54013,2026-03-15 01:00:00,97,2,0.0,0.0,0.0,0.0,0.0,0.000697674,1.7598303191750514e-05,1.7598303191750514e-05,0.0,0.0,0.0,0.0,0.0,0.0,0.0
54013,2026-03-15 02:00:00,98,2,0.0,0.0,0.0,0.0,0.0,0.000697674,8.566864345003606e-06,8.566864345003606e-06,0.0,0.0,0.0,0.0,0.00041235971703281485,0.0,0.00041235971703281485
54013,2026-03-15 03:00:00,99,2,0.0,0.0,0.0,0.0,0.0,0.000697674,5.698589479533301e-06,5.698589479533301e-06,0.0,0.0,0.0,0.0,0.0,0.0,0.0
54013,2026-03-15 04:00:00,100,2,0.0,0.0,0.0,0.0,0.0,0.000697674,2.4316692554926516e-06,2.4316692554926516e-06,0.0,0.0,0.0,0.0,0.0,0.0,0.0
54013,2026-03-15 05:00:00,101,2,0.0,0.0,0.0,0.0,0.0,0.000697674,6.447500462846522e-06,6.447500462846522e-06,0.0,0.0,0.0,0.0,0.00014989964715252235,0.0,0.00014989964715252235
54013,2026-03-15 06:00:00,102,2,0.0,0.0,0.0,0.0,0.0,0.000697674,1.2250359424671391e-05,1.2250359424671391e-05,0.0,0.0011547665428927446,0.0,0.0011547665428927446,0.0,0.0,0.0
54013,2026-03-15 07:00:00,103,2,0.0,0.0,0.0,0.0,0.0,0.000697674,4.810327127507913e-06,4.810327127507913e-06,0.0,0.0,0.0,0.0,0.0,0.0,0.0
54013,2026-03-15 08:00:00,104,2,0.0,0.0,0.0,0.0,0.0,0.000697674,2.9503449242978808e-05,2.9503449242978808e-05,0.0,0.0007290554496550697,2.4504184054776415e-06,0.0007266050312495921,0.0,0.0,0.0
54013,2026-03-15 09:00:00,105,2,0.0,0.0010322387010040844,0.0010285938995211348,0.0010285938995211348,0.0,0.000697674,2.7336011122121277e-05,2.7336011122121277e-05,0.0,0.0,0.0,0.0,0.0,0.0,0.0
54013,2026-03-15 10:00:00,106,2,0.0,0.0032234527093139027,0.002699160184892484,0.0021862480113123764,0.0,0.000697674,0.013671414374307031,1.4385484907078528e-05,0.013657028889399953,0.009739220441146397,0.0,0.009739220441146397,0.005892379139295587,0.0,0.005892379139295587
54013,2026-03-15 11:00:00,107,2,0.0,0.0022214925703026556,0.002343276997314027,0.0019953112398033413,0.0,0.000697674,0.0016963599787448564,1.4381647048400979e-05,0.0016819783316964554,0.002609743181330144,7.77342591739577e-06,0.002601969755412748,0.0,0.0,0.0
54013,2026-03-15 12:00:00,108,2,0.0,0.001604672340573909,0.0018750954578442853,0.001422222634422437,0.0,0.000697674,0.0013683727961360422,1.4575735651344117e-05,0.001353797060484698,0.003396546175663862,2.290300926480132e-05,0.0033736431663990607,0.0,0.0,0.0
54013,2026-03-15 13:00:00,109,2,0.0,0.0016070569340540474,0.0016164726686245365,0.0015768727072405892,0.0,0.000697674,0.00022638170110093778,2.9058107762845988e-05,0.0001973235933380918,0.0002969997103796062,1.0867047372287116e-05,0.0002861326630073191,0.0,0.0,0.0
54013,2026-03-15 14:00:00,110,2,0.0003,0.0028179516303711593,0.0026788304190630704,0.00291440047313788,0.0,0.000697674,0.004737374295595139,2.6767932282005372e-05,0.004710606363313133,0.0036939652107844745,1.4432101155638004e-05,0.0036795331096288364,0.005460740616345544,0.0,0.005460740616345544
54013,2026-03-15 15:00:00,111,2,0.0015,0.0032174102531735073,0.002919994755423024,0.00322522038278915,0.002555168,0.000697674,0.004251095891385497,4.467820133333687e-05,0.004206417690052161,0.0020204796582568695,3.647495448061116e-05,0.0019840047037762583,0.004309671863502815,3.1110148706929344e-05,0.004278561714795886
54013,2026-03-15 16:00:00,112,2,0.0022,0.003282995550100458,0.0028459611040666383,0.003314584470976463,0.003252033,0.000697674,0.006179217709498208,5.0197311176236526e-05,0.0061290203983219715,0.002901459364244556,4.193552574127571e-05,0.00285952383850328,0.006416134616068241,5.6964670891277224e-05,0.006359169945176964
54013,2026-03-15 17:00:00,113,2,0.0029,0.0030618681264474954,0.002576289212121447,0.003911207443533613,0.005342625,0.000697674,0.0057498066444641414,5.178171038882216e-05,0.005698024934075319,0.0021079647870187773,5.937062903558109e-05,0.0020485941579831963,0.012119851522610015,6.556368174040986e-05,0.012054287840869605
54013,2026-03-15 18:00:00,114,2,0.003,0.002398116307546663,0.002030823350090324,0.002642583156633262,0.005342625,0.000697674,0.003531117299988232,6.603800646574934e-05,0.0034650792935224826,0.0007764201190656897,7.5883814304358e-05,0.0007005363047613317,0.005364618668137724,7.529935899311674e-05,0.005289319309144607
54013,2026-03-15 19:00:00,115,2,0.0013,0.0026732728503053287,0.0027850181619232185,0.002777774861843087,0.001858304,0.000697674,0.003348128246430637,5.665897559050757e-05,0.0032914692708401294,0.004186218083564812,6.464481456052492e-05,0.0041215732690042875,0.004131893332963827,7.058894230987937e-05,0.0040613043906539475
54013,2026-03-15 20:00:00,116,2,0.0006,0.0020534597070884894,0.001796092430365305,0.0026841389392821395,0.0,0.000697674,0.001997925749759673,5.0635962679616686e-05,0.0019472897870800563,6.76711743357925e-05,6.76711743357925e-05,0.0,0.0067280199912120526,5.9907921287878344e-05,0.0066681120699241744
54013,2026-03-15 21:00:00,117,2,0.0006,0.0018492221769777913,0.0018623654742502846,0.0015531912079785697,0.0,0.000697674,0.0022670754114903465,7.447574931592868e-05,0.0021925996621744177,0.0023656501410340446,6.007675172395049e-05,0.002305573389310094,4.6843143996183486e-05,4.6843143996183486e-05,0.0
54013,2026-03-15 22:00:00,118,2,0.0005,0.0020752988030534516,0.0019436453035207343,0.0022053121015100374,0.0,0.000697674,0.001533154995455863,6.414270077937946e-05,0.0014690122946764835,0.0005457537489604826,6.342275131644523e-05,0.0004823309976440373,0.002508254733880257,8.473703362247034e-05,0.0024235177002577867
54013,2026-03-15 23:00:00,119,2,0.0003,0.0015806977423168615,0.0013549181625113539,0.0013015588242863679,0.0,0.000697674,0.0034713359131949032,6.427460294824162e-05,0.0034070613102466616,0.0012135401151398273,8.911158932114846e-05,0.0011244285258186788,0.000679946732889965,9.010502402568601e-05,0.000589841708864279
54013,2026-03-16 00:00:00,120,2,0.0001,0.0014775221792050165,0.0016540642398127979,0.001334274638795584,0.0,0.000697674,0.0015601062297039773,5.1845583560466926e-05,0.0015082606461435104,0.0033255268357817915,8.846092097211634e-05,0.003237065914809675,0.00012763082560965437,9.350540945247604e-05,3.412541615717834e-05
54013,2026-03-16 01:00:00,121,2,0.0,0.002206166245955031,0.002357332140961316,0.002206751713995658,0.0,0.000697674,0.005350727879597237,5.0800571127567285e-05,0.005299927308469669,0.006862386829660091,9.286892773658034e-05,0.006769517901923511,0.005356582560003507,9.041833551607619e-05,0.005266164224487431
54013,2026-03-16 02:00:00,122,2,0.0,0.0021874920549862517,0.0024342888099794444,0.0021013826344447838,0.0,0.000697674,0.0015972862690713822,4.4499001947796574e-05,0.0015527872671235855,0.004065253819003311,7.129750337691382e-05,0.003993956315626397,0.0007361920636567037,5.711312692239477e-05,0.0006790789367343089
54013,2026-03-16 03:00:00,123,2,0.0,0.0028994074346568614,0.0028593517971156612,0.0026214846165477407,0.0,0.000697674,0.0029491625259661157,4.473753728565505e-05,0.0029044249886804605,0.002548606150554114,7.853457039196668e-05,0.0024700715801621474,0.00016993434487491013,6.0771787338222564e-05,0.00010916255753668756
54013,2026-03-16 04:00:00,124,2,0.0001,0.003939889931438148,0.003812763832013471,0.003792453432354534,0.0,0.000697674,0.005123329519219227,5.175924037381102e-05,0.005071570278845416,0.0038520685249724485,6.645756256525789e-05,0.0037856109624071904,0.0036489645283830827,6.1018570013596156e-05,0.0035879459583694866
54013,2026-03-16 05:00:00,125,2,0.0013,0.009772099754241356,0.009368032144129713,0.010081037835117691,0.000929152,0.000697674,0.011021345381563994,5.325088549358276e-05,0.010968094496070412,0.006980669280447563,7.726049022191893e-05,0.006903408790225644,0.01411072619032737,7.88924592165797e-05,0.01403183373111079
54013,2026-03-16 06:00:00,126,2,0.0048,0.014729480188032674,0.014627805648782551,0.014401454369220704,0.007200929,0.000697674,0.02578475450300241,7.333403645932968e-05,0.02571142046654308,0.024768009110501164,7.965940110647124e-05,0.024688349709394694,0.022504496314882702,6.062696195144464e-05,0.02244386935293126
54013,2026-03-16 07:00:00,127,2,0.0073,0.014513684077461857,0.014752140944118893,0.01462755916853607,0.013472706,0.000697674,0.022048745386888377,7.700723423490503e-05,0.02197173815265347,0.024433314053458735,0.0001025667822515759,0.02433074727120716,0.023187496297630523,7.980347092551687e-05,0.023107692826705006
54013,2026-03-16 08:00:00,128,2,0.0012,0.009423197553805194,0.008646850414338044,0.009127363227042273,0.0,0.000697674,0.017629687140588657,7.31022995546233e-05,0.017556584841034034,0.009866215745917162,8.194431686795057e-05,0.009784271429049212,0.014671343872959465,8.399429073951739e-05,0.014587349582219947
54013,2026-03-16 09:00:00,129,2,0.0014,0.009408539243275008,0.00908519788651598,0.008816004749678532,0.0,0.000697674,0.013113378300783537,6.99321259416091e-05,0.013043446174841928,0.009879964733193263,8.477286438479557e-05,0.009795191868808468,0.007188033364818766,4.9612530097358335e-05,0.007138420834721408
54013,2026-03-16 10:00:00,130,2,0.0059,0.0069618927611204045,0.006636346550348053,0.006714260200820963,0.008362369,0.000697674,0.007784117482055901,6.391853703355709e-05,0.007720198945022344,0.00452865537433239,7.474955069091585e-05,0.004453905823641475,0.00530779187906149,6.846150953729691e-05,0.005239330369524194
54013,2026-03-16 11:00:00,131,2,0.0074,0.00701008654263459,0.007183074606646509,0.006593053989232449,0.011149826,0.000697674,0.006937605554522126,9.173394530027302e-05,0.0068458716092218526,0.008667486194641328,0.0001250243435238719,0.008542461851117455,0.0027672800205007274,0.00010682588262838658,0.0026604541378723407
54013,2026-03-16 12:00:00,132,2,0.0061,0.00716440492718766,0.006925605363959852,0.006867131449070454,0.009988386,0.000697674,0.010693141674887639,0.00010959584355046079,0.010583545831337178,0.008305146042609558,0.00012633726413303597,0.008178808778476522,0.0077204068937155755,0.0001119446427158485,0.007608462250999727
54013,2026-03-16 13:00:00,133,2,0.0053,0.006576711361531267,0.00669846088468169,0.006655850585340074,0.009988386,0.000697674,0.006993250740267928,0.00012057610129739852,0.00687267463897053,0.00821074597177217,0.0001346274717612669,0.008076118500010903,0.007784642978356011,0.00010279517979021167,0.0076818477985658
54013,2026-03-16 14:00:00,134,2,0.0023,0.005633965685081782,0.005621875100543862,0.00567857647504955,0.002090592,0.000697674,0.005174640892229366,0.00014178804918559408,0.005032852843043772,0.0050537350468501585,0.0001321670883522656,0.004921567958497893,0.005620748791907046,0.00015007619544175029,0.005470672596465296
54013,2026-03-16 15:00:00,135,2,0.0024,0.005724862771564175,0.005720049316736667,0.0056766450640508845,0.002090592,0.000697674,0.00559266484212056,0.00022990593870351607,0.005362758903417044,0.0055445302938454755,0.0001759541221718728,0.005368576171673602,0.005110487766987648,0.00020235046369249232,0.004908137303295156
54013,2026-03-16 16:00:00,136,2,0.0122,0.010864215518450028,0.010452284374890987,0.010151188747251556,0.002090592,0.000697674,0.01212790758312847,0.00022911037329761226,0.011898797209830857,0.00800859614753807,0.00018631529368725474,0.007822280853850816,0.004997639871143774,0.00022121129753717694,0.004776428573606597
54013,2026-03-16 17:00:00,137,2,0.055,0.01817209123199499,0.017178311568891002,0.017027665659870645,0.08641115,0.000697674,0.0228415845182786,0.00021178004897045425,0.022629804469308144,0.012903787887238716,0.00019685502102307007,0.012706932866215647,0.01139732879703514,0.00019950942587681336,0.011197819371158326
54013,2026-03-16 18:00:00,138,2,0.1019,0.023863197215921134,0.023444986427308207,0.023429135259453487,0.136817654,0.000697674,0.02423465413576561,0.0002619405849126836,0.023972713550852925,0.020052546249636337,0.0002472658312490569,0.01980528041838728,0.019894034571089136,0.0002448187132700793,0.019649215857819056
54013,2026-03-16 19:00:00,139,2,0.1795,0.035192499410552545,0.034236405506713787,0.0358170670280093,0.320789779,0.000697674,0.0488277336010873,0.00026873791945244177,0.04855899568163486,0.03926679456269975,0.00031297920670581513,0.03895381535599393,0.05507340977565483,0.00022347172400908084,0.05484993805164575
54013,2026-03-16 20:00:00,140,2,0.191,0.03923419373259226,0.03901784852643026,0.0402426947697861,0.328919861,0.000697674,0.05811224353837491,0.0002779658578481391,0.05783427768052677,0.05594879147675496,0.0003178179258668137,0.05563097355088815,0.0681972539103133,0.0002724854528486736,0.06792476845746462
54013,2026-03-16 21:00:00,141,2,0.182,0.042611430849518066,0.04223125390244682,0.043345684275424325,0.332868757,0.000697674,0.05732178923468055,0.00028932294038958885,0.057032466294290964,0.05352001976396812,0.0003178199304039962,0.053202199833564126,0.06466432349374311,0.00021797394070705944,0.06444634955303605
54013,2026-03-16 22:00:00,142,2,0.157,0.0462785386343352,0.045846175955710104,0.04689964779327413,0.247154472,0.000697674,0.06218792243881356,0.0002925621399134339,0.06189536029890013,0.05786429565256256,0.000314041228109599,0.05755025442445296,0.06839901402820282,0.00023513607700157267,0.06816387795120125
54013,2026-03-16 23:00:00,143,2,0.163,0.04936423557709415,0.04871146202364071,0.04990281819982778,0.246689895,0.000697674,0.0664066920484625,0.00029074697676617324,0.06611594507169632,0.05987895651392808,0.0003279549570046823,0.059551001556923396,0.0717925182757987,0.00026415039319178913,0.07152836788260691
54013,2026-03-17 00:00:00,144,2,0.1696,0.04799187559373496,0.04731276818391495,0.04796029358548028,0.246689895,0.000697674,0.05980484041460416,0.0002799482260768745,0.05952489218852729,0.05301376631640396,0.00030898262147407307,0.05270478369492989,0.05948902033205733,0.000246393462156034,0.059242626869901296
54013,2026-03-17 01:00:00,145,2,0.1549,0.04743973155148569,0.046193524024176605,0.04691573878749131,0.220441347,0.000697674,0.06620178029368674,0.00025051362203258685,0.06595126667165416,0.053739705020595926,0.0002674730790239971,0.05347223194157193,0.06096185265374301,0.00017902873171507627,0.06078282392202793
54013,2026-03-17 02:00:00,146,2,0.1505,0.046452026257930074,0.045286856092235935,0.046080408510446993,0.220673635,0.000697674,0.06633939382851678,0.0002693572910607291,0.06607003653745605,0.05468769217157533,0.00027255213054288083,0.054415140041032456,0.06262321635368595,0.00021657491569764296,0.062406641437988304
54013,2026-03-17 03:00:00,147,2,0.1467,0.044346713318284055,0.04335235935143951,0.04404123823466302,0.220673635,0.000697674,0.059730357864302856,0.00023911998251952796,0.05949123788178333,0.0497868181958574,0.00026777014300369067,0.04951904805285371,0.05667560702809247,0.0002394822523268827,0.05643612477576559
54013,2026-03-17 04:00:00,148,2,0.1457,0.046221347628668356,0.04471899658058579,0.04511890179083525,0.220673635,0.000697674,0.06393979962651561,0.00024860307760647227,0.06369119654890913,0.048916289145689976,0.0002730052097169557,0.04864328393597302,0.05291534124818453,0.00019826284996622438,0.052717078398218306
54013,2026-03-17 05:00:00,149,2,0.1448,0.04716348897477128,0.045874449987996384,0.04672697773323071,0.221138211,0.000697674,0.06713598653720022,0.0002293912523203267,0.0669065952848799,0.05424559666945126,0.00025696250729389397,0.053988634162157365,0.06277087412179447,0.000218097380940427,0.06255277674085404
54013,2026-03-17 06:00:00,150,2,0.1439,0.04767563639712982,0.046495096069448405,0.0470827058778035,0.221370499,0.000697674,0.06918269266306347,0.0002092653372559257,0.06897342732580754,0.057377289386249225,0.0002459448046181653,0.057131344581631056,0.0632533874698002,0.00022403435317876628,0.06302935311662144
54013,2026-03-17 07:00:00,151,2,0.1441,0.04937481858103002,0.04836524352273604,0.048759091846061954,0.221835075,0.000697674,0.06749623819704012,0.00022917929932675783,0.06726705889771337,0.05740048761410039,0.00026914303246933387,0.057131344581631056,0.061338970847359536,0.0002125718786050588,0.06112639896875448
54013,2026-03-17 08:00:00,152,2,0.1429,0.05020360759560383,0.04937039634822624,0.05060761017991155,0.222299652,0.000697674,0.05352900330668495,0.00025426460803044997,0.0532747386986545,0.04519689083290913,0.00028800887778853074,0.0449088819551206,0.0575690291497622,0.000259490734311077,0.057309538415451125
54013,2026-03-17 09:00:00,153,2,0.1297,0.052048451113426944,0.04999652411958485,0.05121125445851264,0.179790941,0.000697674,0.0698612269502407,0.0002414656238277187,0.06961976132641298,0.049341957011819725,0.00026592611336678204,0.049076030898452944,0.061489260401097576,0.00022009663831462872,0.06126916376278295
54013,2026-03-17 10:00:00,154,2,0.1546,0.051533927642559485,0.04967600283415176,0.05089432228605344,0.226945412,0.000697674,0.06499202452508561,0.0002343419385193823,0.06475768258656622,0.04641277644100842,0.00026771695641477017,0.04614505948459365,0.058595970960025126,0.00022941938562213922,0.058366551574402986
54013,2026-03-17 11:00:00,155,2,0.1752,0.04939336702739543,0.04757799040813901,0.04905546621962503,0.277119628,0.000697674,0.06456869930980873,0.00021814054203461944,0.06435055876777411,0.04641493311724448,0.00024086582237545004,0.04617406729486903,0.06118969123210477,0.000216026385397237,0.060973664846707534
54013,2026-03-17 12:00:00,156,2,0.1278,0.046069931868892425,0.044074282285030415,0.044958951016759514,0.180487805,0.000697674,0.06280043329987856,0.00021062132497850597,0.06258981197490004,0.042843937461258516,0.00024587702081419805,0.04259806044044432,0.05169062477854945,0.00021107805201291797,0.05147954672653653
54013,2026-03-17 13:00:00,157,2,0.0981,0.040712866555249576,0.039220481988384244,0.039742235407834656,0.132636469,0.000697674,0.0540922957750291,0.0002087538409151164,0.05388354193411399,0.039168450106375874,0.00023547468529235132,0.038932975421083524,0.044385984300879935,0.00018667355673509877,0.044199310744144835
54013,2026-03-17 14:00:00,158,2,0.0852,0.03212599790302351,0.03164448971952721,0.03183836701691865,0.1029036,0.000697674,0.037310482264151054,0.00018898776192642215,0.037121494502224635,0.03249540042918809,0.0002238406589368493,0.032271559770251236,0.03443417340310246,0.00017044823120884002,0.03426372517189362
54013,2026-03-17 15:00:00,159,2,0.0866,0.029008960824653166,0.02859953065197791,0.028557439235931625,0.109407666,0.000697674,0.039360609860747776,0.00015770687946212975,0.03920290298128565,0.03526630813399518,0.0002087230688703285,0.03505758506512485,0.03484539397353237,0.00011579306036498595,0.03472960091316738
54013,2026-03-17 16:00:00,160,2,0.083,0.025953427316546204,0.025517179450519723,0.025457039727826352,0.11126597,0.000697674,0.0305103588852867,0.0001254922156803681,0.030384866669606332,0.026147880225021878,0.0001396329736604941,0.026008247251361385,0.02554648299808818,8.830703128182398e-05,0.025458175966806357
54013,2026-03-17 17:00:00,161,2,0.0683,0.019920997268618762,0.0196010408225988,0.01909533892541417,0.095934959,0.000697674,0.03010894835249297,8.808233778305871e-05,0.03002086601470991,0.026909383892293408,0.00010089941684119766,0.02680848447545221,0.02185236492044705,7.003554906561444e-05,0.021782329371381436
54013,2026-03-17 18:00:00,162,2,0.0604,0.017051404414953366,0.017160664315857006,0.016206956527384228,0.08757259,0.000697674,0.03019656499493835,7.14696724211349e-05,0.030125095322517215,0.03128916400397478,8.471853987835621e-05,0.031204445464096422,0.02175208611924698,6.391743973709682e-05,0.021688168679509883
54013,2026-03-17 19:00:00,163,2,0.0526,0.013724126072082938,0.013616838326688849,0.013017746385555655,0.072938444,0.000697674,0.02840333023094615,2.2452167962623815e-05,0.028380878062983526,0.027330452777005274,4.243296041552417e-05,0.02728801981658975,0.021339533365673336,4.796926955835549e-05,0.02129156409611498
54013,2026-03-17 20:00:00,164,2,0.0519,0.01082583756462205,0.010774919249635416,0.01014787908438789,0.07340302,0.000697674,0.026602972367437406,2.3711617905352617e-05,0.026579260749532055,0.026093789217571044,4.243296041552417e-05,0.02605135625715552,0.019823387565095798,3.7658388537620776e-05,0.019785729176558176
54013,2026-03-17 21:00:00,165,2,0.0509,0.009336881166429879,0.009249104410921796,0.00859875662336459,0.07340302,0.000697674,0.026571697776815867,2.2598760329532342e-05,0.026549099016486336,0.025693930221735033,4.248842999386626e-05,0.025651441791741166,0.019190452346162977,2.946351281450399e-05,0.019160988833348474
54013,2026-03-17 22:00:00,166,2,0.0492,0.009393026038367638,0.009275544598062494,0.008630026478831161,0.07340302,0.000697674,0.026441559221264288,2.2598760329532342e-05,0.026418960460934757,0.025266744818212852,4.1539538920586695e-05,0.025225205279292267,0.018811563625899527,2.954714785678678e-05,0.01878201647804274
54013,2026-03-17 23:00:00,167,2,0.0473,0.008148742708909978,0.008081776555833033,0.007262429611999205,0.07340302,0.000697674,0.02376912893158622,2.3711617905352617e-05,0.023745417313680867,0.02309946740081677,4.1539538920586695e-05,0.023057927861896185,0.014905997962478486,3.2089347482730995e-05,0.014873908614995756
54013,2026-03-18 00:00:00,168,2,0.0334,0.004965378685695527,0.004550065457153988,0.004683963339385162,0.043205575,0.000697674,0.014242222591058692,2.3532727990093857e-05,0.014218689863068599,0.010089090305643303,4.330087916379763e-05,0.010045789426479506,0.01142806912795504,3.2135136063411667e-05,0.011395933991891628
54013,2026-03-18 01:00:00,169,2,0.0322,0.004768644043640229,0.004352025022918754,0.004520549897446469,0.043437863,0.000697674,0.014234918329992973,2.1559300891937452e-05,0.014213359029101036,0.010068728122778226,2.2938696298719806e-05,0.010045789426479506,0.011753976868055375,3.191319684292061e-05,0.011722063671212455
54013,2026-03-18 02:00:00,170,2,0.0332,0.004935948426002258,0.004447384081439514,0.004661492540650096,0.043205575,0.000697674,0.014540021892722374,2.4085163317305667e-05,0.014515936729405068,0.009654378447094948,2.2938696298719806e-05,0.009631439750796228,0.011795463039200755,3.210802020205578e-05,0.011763355018998698
54013,2026-03-18 03:00:00,171,2,0.0371,0.0049623250438065895,0.004489391359642313,0.004772721185590182,0.054819977,0.000697674,0.015183739843625596,2.4085163317305667e-05,0.01515965468030829,0.010454403001982835,2.2842263096662487e-05,0.010431560738886172,0.013287701261461522,3.4572716664901435e-05,0.01325312854479662
54013,2026-03-18 04:00:00,172,2,0.0364,0.004408124936044057,0.004038114361603617,0.004278396188735911,0.054819977,0.000697674,0.01610048422473672,2.3065220992980917e-05,0.01607741900374374,0.012400378480332321,2.2842263096662487e-05,0.012377536217235658,0.014803196751655258,1.5237854585993145e-05,0.014787958897069265
54013,2026-03-18 05:00:00,173,2,0.036,0.0036009332223569364,0.003230922647916497,0.0034328395925087287,0.055284553,0.000697674,0.01610048422473672,2.3065220992980917e-05,0.01607741900374374,0.012400378480332321,2.2842263096662487e-05,0.012377536217235658,0.014419547926254642,1.5237854585993145e-05,0.014404310071668648
54013,2026-03-18 06:00:00,174,2,0.0424,0.003783183658339465,0.0034175408260620137,0.0036206959721106513,0.068989547,0.000697674,0.016056806803106827,2.3065220992980917e-05,0.016033741582113847,0.012400378480332321,2.2842263096662487e-05,0.012377536217235658,0.014431929940818693,8.918383119138158e-06,0.014423011557699554
54013,2026-03-18 07:00:00,175,2,0.0402,0.0020915107289730967,0.002060336520903373,0.0019654918347010645,0.061788618,0.000697674,0.002378345587735139,2.3944022108479008e-05,0.00235440156562666,0.0020666035070378993,3.338266541588738e-05,0.0020332208416220117,0.001118156645014817,1.2180401310397892e-05,0.0011059762437044191
54013,2026-03-18 08:00:00,176,2,0.0386,0.0018524559965827918,0.001900042942393652,0.0019628390041342577,0.062253194,0.000697674,0.0001224176202278191,1.5548630707283124e-05,0.00010686898952053598,0.0005982870783364216,3.264478569885311e-05,0.0005656422926375686,0.0012262476957424766,2.0942099317986317e-05,0.0012053055964244904
54013,2026-03-18 09:00:00,177,2,0.0255,0.0020257618620929787,0.002140998140010436,0.0021241610662352927,0.031823461,0.000697674,0.0011041465421856697,2.1761716452473754e-05,0.001082384825733196,0.00225650932136024,3.842735533222578e-05,0.0022180819660280143,0.0020881385836088095,5.287160528740763e-05,0.0020352669783214017
54013,2026-03-18 10:00:00,178,2,0.0211,0.0021445512726681487,0.00213480355111142,0.0021927320272804567,0.02485482,0.000697674,0.00015507474020490475,2.096655033611593e-05,0.00013410818986878882,5.759752463762028e-05,3.1482100015502866e-05,2.6115424622117415e-05,0.0006368822863279875,4.701623532628094e-05,0.0005898660510017066
54013,2026-03-18 11:00:00,179,2,0.0162,0.0020163903843325114,0.002216569506999428,0.002097623450249982,0.014634146,0.000697674,0.001127623322123135,2.096655033611593e-05,0.001106656771787019,0.0031294145487923003,2.7942422591342973e-05,0.0031014721262009573,0.0019399539812978417,5.177588373033772e-05,0.001888178097567504
54013,2026-03-18 12:00:00,180,2,0.0134,0.0018079719396472851,0.0018809183078508348,0.0018631081553021835,0.013240418,0.000697674,0.0002106541648040382,2.1761716452473754e-05,0.00018889244835156445,0.0009401178468395366,2.743116317361004e-05,0.0009126866836659266,0.0007620163213530249,5.388129221578385e-05,0.000708135029137241
54013,2026-03-18 13:00:00,181,2,0.0095,0.0016296968533215737,0.0016658456621910516,0.0016401957876674722,0.008362369,0.000697674,0.0006078655497537781,2.096655033611593e-05,0.0005868989994176621,0.0009693536384485559,1.694623043272723e-05,0.0009524074080158286,0.0007128548932127632,1.8435799348509264e-05,0.0006944190938642539
54013,2026-03-18 14:00:00,182,2,0.0053,0.0013916075373804305,0.0014277563462499082,0.001364183249870134,0.003948897,0.000697674,0.0006078655497537781,2.096655033611593e-05,0.0005868989994176621,0.0009693536384485559,1.694623043272723e-05,0.0009524074080158286,0.00033362267465081395,8.975731189074494e-06,0.00032464694346173945
54013,2026-03-18 15:00:00,183,2,0.0039,0.001097020608282514,0.0011335705371477685,0.0010838778856636264,0.003252033,0.000697674,0.0006038543497960103,1.6955350378348174e-05,0.0005868989994176621,0.0009693536384485559,1.694623043272723e-05,0.0009524074080158286,0.00047242712360713574,2.0087198649099553e-05,0.00045233992495803617
54013,2026-03-18 16:00:00,184,2,0.0025,0.0,0.0,0.0,0.001858304,0.000697674,0.0006038543497960103,1.6955350378348174e-05,0.0005868989994176621,8.596347827561233e-05,1.694623043272723e-05,6.90172478428851e-05,0.00044375282576592743,7.633987734903511e-06,0.0004361188380310239
54013,2026-03-18 17:00:00,185,2,0.0016,0.001034169875409205,0.0,0.0010350695129342224,0.000929152,0.000697674,0.0006044811965277248,1.5639854943501435e-05,0.0005888413415842234,0.00010024059086163238,1.694623043272723e-05,8.329436042890515e-05,0.0006134775717779031,7.050344691137863e-06,0.0006064272270867653
54013,2026-03-18 18:00:00,186,2,0.0007,0.0010212927919479146,0.001220041759321318,0.001014093932072897,0.0,0.000697674,0.0011309286828996533,2.096655033611593e-05,0.0011099621325635373,0.0031184183566336844,1.694623043272723e-05,0.0031014721262009573,0.0010589400841494766,8.058062204965749e-06,0.0010508820219445108
54013,2026-03-18 19:00:00,187,2,0.0005,0.0,0.0,0.0,0.000232288,0.000697674,0.0010820507932158049,1.4526997367681161e-05,0.0010675237958481236,0.002223525269919929,1.694623043272723e-05,0.002206579039487202,0.0010160932654697354,8.024179825255909e-06,0.0010080690856444795
54013,2026-03-18 20:00:00,188,2,0.0004,0.0,0.0,0.0,0.000232288,0.000697674,0.0008795571286016287,1.4526997367681161e-05,0.0008650301312339476,0.002223525269919929,1.694623043272723e-05,0.002206579039487202,0.0010391028489854738,8.058062204965749e-06,0.001031044786780508
54013,2026-03-18 21:00:00,189,2,0.0001,0.0,0.0,0.0,0.0,0.000697674,0.0008795571286016287,1.4526997367681161e-05,0.0008650301312339476,0.002223525269919929,1.694623043272723e-05,0.002206579039487202,0.0010213756555464807,8.023041488910412e-06,0.0010133526140575703
54013,2026-03-18 22:00:00,190,2,0.0001,0.0,0.0010137722337617758,0.0,0.0,0.000697674,0.0008795571286016287,1.4526997367681161e-05,0.0008650301312339476,0.0022223338475133854,1.694623043272723e-05,0.0022053876170806583,0.0010138273549150075,8.058062204965749e-06,0.0010057692927100416
54013,2026-03-18 23:00:00,191,2,0.0,0.0,0.001112135148866506,0.0,0.0,0.000697674,0.0008859966815700635,2.096655033611593e-05,0.0008650301312339476,0.0022223338475133854,1.694623043272723e-05,0.0022053876170806583,0.0010148202126284726,9.050919918430996e-06,0.0010057692927100416
54013,2026-03-19 00:00:00,192,2,0.0,0.0,0.0,0.0,0.0,0.000697674,6.73145627886755e-05,1.3731254148852323e-05,5.358330863982318e-05,3.473982738489781e-05,1.694623043272723e-05,1.779359695217058e-05,0.00010348234048809845,2.4696456843450705e-05,7.878588364464774e-05
54013,2026-03-19 01:00:00,193,2,0.0,0.0,0.0,0.0,0.0,0.000697674,0.00012209882127145116,1.3731254148852323e-05,0.00010836756712259884,3.473982738489781e-05,1.694623043272723e-05,1.779359695217058e-05,2.3558019902297997e-05,2.3558019902297997e-05,0.0
54013,2026-03-19 02:00:00,194,2,0.0,0.0,0.0,0.0,0.0,0.000697674,0.000122893987387809,1.4526420265210144e-05,0.00010836756712259884,4.2043661254915086e-05,2.743116317361004e-05,1.461249808130505e-05,3.030153852177772e-05,3.030153852177772e-05,0.0
54013,2026-03-19 03:00:00,195,2,0.0,0.0,0.0,0.0,0.0,0.000697674,0.00012209882127145116,1.3731254148852323e-05,0.00010836756712259884,3.155872851403228e-05,1.694623043272723e-05,1.461249808130505e-05,8.86752183505185e-06,8.86752183505185e-06,0.0
54013,2026-03-19 04:00:00,196,2,0.0,0.0010105954099911085,0.0,0.0,0.0,0.000697674,0.0001987241238165541,1.4428339846469244e-05,0.00018429578397008485,3.155872851403228e-05,1.694623043272723e-05,1.461249808130505e-05,8.959290420157134e-06,8.959290420157134e-06,0.0
54013,2026-03-19 05:00:00,197,2,0.0002,0.0,0.0,0.0,0.000232288,0.000697674,0.00017440816999380498,1.3731254148852323e-05,0.00016067691584495264,3.473982738489781e-05,1.694623043272723e-05,1.779359695217058e-05,8.959290420157134e-06,8.959290420157134e-06,0.0
54013,2026-03-19 06:00:00,198,2,0.0003,0.0,0.0,0.0,0.000464576,0.000697674,0.00012944684483041412,1.3731254148852323e-05,0.0001157155906815618,3.473982738489781e-05,1.694623043272723e-05,1.779359695217058e-05,1.619592969077765e-05,1.619592969077765e-05,0.0
54013,2026-03-19 07:00:00,199,2,0.0003,0.0011463175521931723,0.0011359332790917705,0.0011355032848339576,0.000464576,0.000697674,0.00013858255839891632,1.3731254148852323e-05,0.000124851304250064,3.473982738489781e-05,1.694623043272723e-05,1.779359695217058e-05,3.043988480676889e-05,3.043988480676889e-05,0.0
54013,2026-03-19 08:00:00,200,2,0.0004,0.001148575785151295,0.001216252781561649,0.00112977269433585,0.000696864,0.000697674,0.0002104514428988681,1.3731254148852323e-05,0.00019672018875001575,0.0008872214070024065,1.694623043272723e-05,0.0008702751765696792,2.242053474441568e-05,2.242053474441568e-05,0.0
54013,2026-03-19 09:00:00,201,2,0.0005,0.001517255139191858,0.001587052286231647,0.001503480210642248,0.000929152,0.000697674,0.0002427574574159196,1.4428339846469244e-05,0.00022832911756945034,0.0009407289278138083,1.694623043272723e-05,0.000923782697381081,0.00010500817191981727,4.455964695646212e-05,6.044852496335514e-05
54013,2026-03-19 10:00:00,202,2,0.0003,0.0014874279534133653,0.0014809671084013763,0.0013894275895282543,0.000464576,0.000697674,0.00099200915642096,1.3523208497411882e-05,0.000978485947923548,0.0009274007063010679,1.7895121506006798e-05,0.000909505584795061,1.200551756984788e-05,1.200551756984788e-05,0.0
54013,2026-03-19 11:00:00,203,2,0.0002,0.001323992349486292,0.0013068241771766026,0.0013043517595451714,0.000232288,0.000697674,0.0002179244770226049,1.4220294195028803e-05,0.0002037041828275761,4.6242753925710174e-05,1.694623043272723e-05,2.9296523492982946e-05,2.1518577611398005e-05,2.1518577611398005e-05,0.0
54013,2026-03-19 12:00:00,204,2,0.0002,0.00131262790685386,0.0013841916000802564,0.0012923266820525085,0.000232288,0.000697674,0.00022538013745308766,1.3584661781943795e-05,0.00021179547567114386,0.0009410170697170525,1.694623043272723e-05,0.0009240708392843252,2.2367889439575442e-05,2.2367889439575442e-05,0.0
54013,2026-03-19 13:00:00,205,2,0.0002,0.001144009746904634,0.001219899462927271,0.0011254407101978193,0.000232288,0.000697674,0.0001936932128918619,1.3584661781943795e-05,0.0001801085511099181,0.000952590373118233,1.694623043272723e-05,0.0009356441426855058,8.00284582371712e-06,8.00284582371712e-06,0.0
54013,2026-03-19 14:00:00,206,2,0.0002,0.0011064746322893815,0.0011830934624703071,0.0010893994135394006,0.000232288,0.000697674,0.0001895831701798425,1.3584661781943795e-05,0.0001759985083978987,0.0009557714719890985,1.694623043272723e-05,0.0009388252415563713,1.8830982680034185e-05,1.8830982680034185e-05,0.0
54013,2026-03-19 15:00:00,207,2,0.0002,0.0012192189216196333,0.0013010529454313613,0.001200698077410251,0.000232288,0.000697674,0.0001895831701798425,1.3584661781943795e-05,0.0001759985083978987,0.001007923408297126,1.694623043272723e-05,0.0009909771778643986,4.374728086021796e-06,4.374728086021796e-06,0.0
54013,2026-03-19 16:00:00,208,2,0.0003,0.0,0.0,0.0,0.000464576,0.000697674,0.00016531122412601944,1.3584661781943795e-05,0.00015172656234407563,0.00012453324812418246,1.694623043272723e-05,0.00010758701769145523,5.4540692363553665e-06,5.4540692363553665e-06,0.0
54013,2026-03-19 17:00:00,209,2,0.0002,0.0,0.0,0.0,0.000232288,0.000697674,0.0001754788040295072,1.3584661781943795e-05,0.00016189414224756338,0.00012453324812418246,1.694623043272723e-05,0.00010758701769145523,5.260906909568226e-06,5.260906909568226e-06,0.0
54013,2026-03-19 18:00:00,210,2,0.0002,0.0,0.0,0.0,0.000232288,0.000697674,0.0008792771012926522,1.4281747479560716e-05,0.0008649953538130916,0.00017083030098563216,1.694623043272723e-05,0.00015388407055290493,9.51187911596425e-05,5.179860310861499e-06,8.9938930848781e-05
54013,2026-03-19 19:00:00,211,2,0.0002,0.0,0.0,0.0,0.000232288,0.000697674,0.00011221969950965736,1.3584661781943795e-05,9.863503772771357e-05,9.72032678271943e-05,1.694623043272723e-05,8.025703739446707e-05,4.9129313705883024e-05,4.979264111121231e-06,4.415004959476179e-05
54013,2026-03-19 20:00:00,212,2,0.0002,0.0,0.0,0.0,0.000232288,0.000697674,0.0001287099062036105,1.4000382138790714e-05,0.00011470952406481978,3.0367306107488826e-05,1.694623043272723e-05,1.3421075674761595e-05,0.0001685728551207093,5.040028473010083e-06,0.00016353282664769922
54013,2026-03-19 21:00:00,213,2,0.0002,0.0,0.0,0.0,0.000232288,0.000697674,0.00012829418584676359,1.3584661781943795e-05,0.00011470952406481978,3.0367306107488826e-05,1.694623043272723e-05,1.3421075674761595e-05,4.880081171333603e-06,4.880081171333603e-06,0.0
54013,2026-03-19 22:00:00,214,2,0.0002,0.0,0.0,0.0,0.000232288,0.000697674,0.00013269580130635414,1.798627724153437e-05,0.00011470952406481978,3.354840497835436e-05,1.694623043272723e-05,1.6602174545627126e-05,4.880081171333603e-06,4.880081171333603e-06,0.0
54015,2026-03-14 00:00:00,72,2,0.0,0.010815407804853735,0.011197448196881683,0.006412105686309739,0.0,0.0,0.016416234617236382,0.0,0.016416234617236382,0.017371335597306248,0.0,0.017371335597306248,0.005407979320876391,0.0,0.005407979320876391
54015,2026-03-14 01:00:00,73,2,0.0,0.010378871484503433,0.011353521513032231,0.005993382505556935,0.0,0.0,0.01541370865406738,0.0,0.01541370865406738,0.01785033372538937,0.0,0.01785033372538937,0.0044499862067011306,0.0,0.0044499862067011306
54015,2026-03-14 02:00:00,74,2,0.0,0.006956907970412515,0.011533082795749999,0.004631087844008774,0.0,0.0,0.009365592399067283,0.0,0.009365592399067283,0.02080602946241099,0.0,0.02080602946241099,0.0035510420830579307,0.0,0.0035510420830579307
54015,2026-03-14 03:00:00,75,2,0.0,0.008213307613279423,0.011492997601398573,0.006942520005381606,0.0,0.0,0.011140247228804122,0.0,0.011140247228804122,0.019339472199102,0.0,0.019339472199102,0.007963278209059583,0.0,0.007963278209059583
54015,2026-03-14 04:00:00,76,2,0.0,0.0071423156758260616,0.01005322121856779,0.006822682381541555,0.0,0.0,0.010872704635907797,0.0,0.010872704635907797,0.018149968492762115,0.0,0.018149968492762115,0.01007362140019653,0.0,0.01007362140019653
54015,2026-03-14 05:00:00,77,2,0.0,0.007856216627635077,0.009396261077443346,0.00660698075837074,0.0,0.0,0.010374145443317826,0.0,0.010374145443317826,0.018074367692359174,0.0,0.018074367692359174,0.00412796609699614,0.0,0.00412796609699614
54015,2026-03-14 06:00:00,78,2,0.0,0.0077952699084062275,0.009074157153070252,0.006927923704325185,0.0,0.0,0.011882519772097975,0.0,0.011882519772097975,0.018276955995418103,0.0,0.018276955995418103,0.007545788751692767,0.0,0.007545788751692767
54015,2026-03-14 07:00:00,79,2,0.017,0.006376338906241666,0.007570182105729287,0.005615242441310108,0.0,0.0,0.011906206267085424,0.0,0.011906206267085424,0.017875422264523533,0.0,0.017875422264523533,0.008100723942427631,0.0,0.008100723942427631
54015,2026-03-14 08:00:00,80,2,0.0822,0.006492756789458743,0.0071273748914889605,0.005964407859858366,0.145369891,0.0,0.0138198379635302,0.0,0.0138198379635302,0.01699292847368129,0.0,0.01699292847368129,0.011178093315528312,0.0,0.011178093315528312
54015,2026-03-14 09:00:00,81,2,0.0921,0.004476598725909568,0.0045643826167893085,0.004348606067274261,0.154164511,0.0,0.00779593844753061,0.0,0.00779593844753061,0.008234857901929316,0.0,0.008234857901929316,0.0071559751543540835,0.0,0.0071559751543540835
54015,2026-03-14 10:00:00,82,2,0.0765,0.004207195699279911,0.004369391768016882,0.0037807985949306843,0.154164511,0.0,0.007579337049446545,0.0,0.007579337049446545,0.008390317393131395,0.0,0.008390317393131395,0.005447351527700409,0.0,0.005447351527700409
54015,2026-03-14 11:00:00,83,2,0.0138,0.003534275681909328,0.004488365654029413,0.004336347507981555,0.0,0.0,0.001433982829149542,0.0,0.001433982829149542,0.006204432689749969,0.0,0.006204432689749969,0.005444341959510675,0.0,0.005444341959510675
54015,2026-03-14 12:00:00,84,2,0.0138,0.002314595592805646,0.0030255097883648556,0.0032132951647291827,0.0,0.0,0.0020647721042174575,0.0,0.0020647721042174575,0.005619343082013506,0.0,0.005619343082013506,0.006558269963835139,0.0,0.006558269963835139
54015,2026-03-14 13:00:00,85,2,0.0189,0.001753603948114883,0.0028765684969431636,0.0029227624147181355,0.0,0.0,0.0,0.0,0.0,0.0056148227441414,0.0,0.0056148227441414,0.00584579233301626,0.0,0.00584579233301626
54015,2026-03-14 14:00:00,86,2,0.0129,0.001549057000598412,0.0025919507614209046,0.001559979778331307,0.0,0.0,0.0003060928259161553,0.0,0.0003060928259161553,0.005520561630028618,0.0,0.005520561630028618,0.00036070671458063037,0.0,0.00036070671458063037
54015,2026-03-14 15:00:00,87,2,0.0066,0.0012055682970714778,0.0022164359539156636,0.00132154736818942,0.000258665,0.0,0.00035196602352254193,0.0,0.00035196602352254193,0.00540630430774347,0.0,0.00540630430774347,0.0009318613791122526,0.0,0.0009318613791122526
54015,2026-03-14 16:00:00,88,2,0.0002,0.0016826900177100857,0.0023546698869063905,0.0012950652719919981,0.000258665,0.0,0.0022731312399797295,0.0,0.0022731312399797295,0.005633030585961252,0.0,0.005633030585961252,0.0003350075113892915,0.0,0.0003350075113892915
54015,2026-03-14 17:00:00,89,2,0.0003,0.0016367603819932052,0.002385079160705246,0.0012427200627222145,0.000517331,0.0,0.0030919650538933532,0.0,0.0030919650538933532,0.0068335589474535574,0.0,0.0068335589474535574,0.0011217634575383995,0.0,0.0011217634575383995
54015,2026-03-14 18:00:00,90,2,0.0003,0.001306451267860016,0.0019235677499703687,0.0,0.000517331,0.0,0.0024323516833956917,0.0,0.0024323516833956917,0.005517934093947454,0.0,0.005517934093947454,0.0,0.0,0.0
54015,2026-03-14 19:00:00,91,2,0.0002,0.0010502268125164584,0.0021533476482868004,0.0010252111515492047,0.000258665,0.0,0.00012507830483626827,0.0,0.00012507830483626827,0.00564068248368798,0.0,0.00564068248368798,0.0,0.0,0.0
54015,2026-03-14 20:00:00,92,2,0.0001,0.0012421930538102908,0.001974078735687786,0.0,0.0,0.0,0.001785769712971923,0.0,0.001785769712971923,0.005445198122359398,0.0,0.005445198122359398,0.0,0.0,0.0
54015,2026-03-14 21:00:00,93,2,0.0001,0.0,0.0,0.0,0.0,0.0,0.0,0.0,0.0,0.0027711358921327003,0.0,0.0027711358921327003,0.0,0.0,0.0
54015,2026-03-14 22:00:00,94,2,0.0001,0.0,0.0,0.0,0.0,0.0,0.0,0.0,0.0,0.0028926563987611903,0.0,0.0028926563987611903,0.0,0.0,0.0
54015,2026-03-14 23:00:00,95,2,0.0,0.0,0.0,0.0,0.0,0.0,0.0,0.0,0.0,0.0028388200627166376,0.0,0.0028388200627166376,0.0,0.0,0.0
54015,2026-03-15 00:00:00,96,2,0.0,0.0,0.0,0.0,0.0,0.0,0.0,0.0,0.0,0.0,0.0,0.0,0.0,0.0,0.0
54015,2026-03-15 01:00:00,97,2,0.0,0.0,0.0,0.0,0.0,0.0,0.0,0.0,0.0,0.0,0.0,0.0,0.0,0.0,0.0
54015,2026-03-15 02:00:00,98,2,0.0,0.0,0.0,0.0,0.0,0.0,0.0,0.0,0.0,0.0,0.0,0.0,0.0,0.0,0.0
54015,2026-03-15 03:00:00,99,2,0.0,0.0,0.0,0.0,0.0,0.0,0.0,0.0,0.0,0.0004355928916001003,0.0,0.0004355928916001003,0.0,0.0,0.0
54015,2026-03-15 04:00:00,100,2,0.0,0.0,0.0,0.0,0.0,0.0,0.0,0.0,0.0,0.0,0.0,0.0,0.0,0.0,0.0
54015,2026-03-15 05:00:00,101,2,0.0,0.0,0.0,0.0,0.0,0.0,0.0,0.0,0.0,0.0032462999374490917,0.0,0.0032462999374490917,0.0,0.0,0.0
54015,2026-03-15 06:00:00,102,2,0.0,0.0,0.0,0.0,0.0,0.0,0.0,0.0,0.0,0.0016191223135500056,0.0,0.0016191223135500056,0.0,0.0,0.0
54015,2026-03-15 07:00:00,103,2,0.0,0.0,0.0,0.0,0.0,0.0,0.0,0.0,0.0,0.0044002835068276845,0.0,0.0044002835068276845,0.0,0.0,0.0
54015,2026-03-15 08:00:00,104,2,0.0,0.0,0.0,0.0,0.0,0.0,0.0,0.0,0.0,0.0029598268001575783,0.0,0.0029598268001575783,0.0,0.0,0.0
54015,2026-03-15 09:00:00,105,2,0.0,0.0,0.0012660718358805927,0.0,0.0,0.0,0.0,0.0,0.0,0.002776380876365269,0.0,0.002776380876365269,0.0,0.0,0.0
54015,2026-03-15 10:00:00,106,2,0.0002,0.0014921190287110414,0.0018279556753388816,0.0,0.000258665,0.0,0.005370157893617273,0.0,0.005370157893617273,0.007888932743326076,0.0,0.007888932743326076,0.0016467538314507788,0.0,0.0016467538314507788
54015,2026-03-15 11:00:00,107,2,0.0008,0.0019818911898356393,0.0031678468115724735,0.001995089139835008,0.001034661,0.0,0.003933733101927463,0.0,0.003933733101927463,0.01282840026495372,0.0,0.01282840026495372,0.004032717726922727,0.0,0.004032717726922727
54015,2026-03-15 12:00:00,108,2,0.0018,0.0029576095413067867,0.0031941969750487863,0.0022892954756043903,0.002586653,0.0,0.005212763870000284,0.0,0.005212763870000284,0.006987169623065285,0.0,0.006987169623065285,0.0002004083772323132,0.0,0.0002004083772323132
54015,2026-03-15 13:00:00,109,2,0.0037,0.002782557316367694,0.0035885155108156632,0.002772238097583349,0.005173306,0.0,0.0012778399754407779,0.0,0.0012778399754407779,0.007322526433800548,0.0,0.007322526433800548,0.0012004458345581928,0.0,0.0012004458345581928
54015,2026-03-15 14:00:00,110,2,0.0067,0.0036120336194517956,0.004352205662670153,0.003108123298819988,0.012157268,0.0,0.0037793274047385568,0.0,0.0037793274047385568,0.009330617728876231,0.0,0.009330617728876231,0.0,0.0,0.0
54015,2026-03-15 15:00:00,111,2,0.0087,0.004944596155935019,0.005374467537012064,0.004284583258941313,0.008277289,0.0,0.009127666967720638,0.0,0.009127666967720638,0.012351702325798474,0.0,0.012351702325798474,0.004177570240267834,0.0,0.004177570240267834
54015,2026-03-15 16:00:00,112,2,0.0215,0.004863890997620115,0.005820509931864626,0.0036160960289380096,0.038282462,0.0,0.014904401515041172,0.0,0.014904401515041172,0.02207904352187501,0.0,0.02207904352187501,0.005545939249925381,0.0,0.005545939249925381
54015,2026-03-15 17:00:00,113,2,0.0227,0.006352369289009932,0.007441586057641701,0.006457152607528608,0.038541128,0.0,0.019209346545726386,0.0,0.019209346545726386,0.02737847231046466,0.0,0.02737847231046466,0.019995221434616458,0.0,0.019995221434616458
54015,2026-03-15 18:00:00,114,2,0.013,0.005218571350558204,0.006713315742745101,0.005979887676268762,0.020951888,0.0,0.017125395886949193,0.0,0.017125395886949193,0.028335978828350917,0.0,0.028335978828350917,0.022835268329778377,0.0,0.022835268329778377
54015,2026-03-15 19:00:00,115,2,0.0135,0.005467572158276348,0.006779270814438988,0.005562316333443235,0.020951888,0.0,0.015142015264207451,0.0,0.015142015264207451,0.02497975518542725,0.0,0.02497975518542725,0.0158525965779591,0.0,0.0158525965779591
54015,2026-03-15 20:00:00,116,2,0.0129,0.004665330430296962,0.006431720590844032,0.005417629622083848,0.01758924,0.0,0.01285367355702853,0.0,0.01285367355702853,0.02610159976113155,0.0,0.02610159976113155,0.018495917495430177,0.0,0.018495917495430177
54015,2026-03-15 21:00:00,117,2,0.0129,0.0055917813365644175,0.006272341731491558,0.006014955797056845,0.01758924,0.0,0.008537234390813185,0.0,0.008537234390813185,0.013641437352766746,0.0,0.013641437352766746,0.011711042844506398,0.0,0.011711042844506398
54015,2026-03-15 22:00:00,118,2,0.0062,0.008105867824320365,0.009304909885702657,0.008260970935862939,0.004138645,0.0,0.02151335743685063,0.0,0.02151335743685063,0.030506172897217826,0.0,0.030506172897217826,0.022676630773419935,0.0,0.022676630773419935
54015,2026-03-15 23:00:00,119,2,0.0048,0.007946849444840995,0.00898278511487796,0.008133138458742842,0.004138645,0.0,0.011506589437286252,0.0,0.011506589437286252,0.021865946137655905,0.0,0.021865946137655905,0.013369479576304742,0.0,0.013369479576304742
54015,2026-03-16 00:00:00,120,2,0.0044,0.00820321826599173,0.008682564941389845,0.0076418807984975,0.003879979,0.0,0.020770816765537325,0.0,0.020770816765537325,0.025564283519518467,0.0,0.025564283519518467,0.01515744209059502,0.0,0.01515744209059502
54015,2026-03-16 01:00:00,121,2,0.0037,0.007761060553655341,0.00835993711861762,0.00773227987696357,0.003879979,0.0,0.015418217161152515,0.0,0.015418217161152515,0.02140698281077531,0.0,0.02140698281077531,0.015130410394234803,0.0,0.015130410394234803
54015,2026-03-16 02:00:00,122,2,0.0031,0.0060696358609768596,0.006971338474375996,0.005984129009873229,0.003879979,0.0,0.0019316288109604252,0.0,0.0019316288109604252,0.010948654944951784,0.0,0.010948654944951784,0.001076560299924124,0.0,0.001076560299924124
54015,2026-03-16 03:00:00,123,2,0.0025,0.006513817241502409,0.007251582736139828,0.006437979128684614,0.003879979,0.0,0.001691446151393033,0.0,0.001691446151393033,0.00906910109776723,0.0,0.00906910109776723,0.0009330650232150826,0.0,0.0009330650232150826
54015,2026-03-16 04:00:00,124,2,0.0027,0.008418629831949749,0.009001401550671811,0.008246419230026763,0.003879979,0.0,0.006691490923242235,0.0,0.006691490923242235,0.012519208110462848,0.0,0.012519208110462848,0.004969384904012373,0.0,0.004969384904012373
54015,2026-03-16 05:00:00,125,2,0.0036,0.013516615248940943,0.01379598726717468,0.012257238667214013,0.005690636,0.0,0.013875208725251656,0.0,0.013875208725251656,0.016668928907589017,0.0,0.016668928907589017,0.0012814429079823497,0.0,0.0012814429079823497
54015,2026-03-16 06:00:00,126,2,0.0037,0.01653171124471591,0.01734821774089262,0.016714817827336234,0.005949302,0.0,0.01515421280165724,0.0,0.01515421280165724,0.02331927776342437,0.0,0.02331927776342437,0.016985278627860527,0.0,0.016985278627860527
54015,2026-03-16 07:00:00,127,2,0.0036,0.015074889883591059,0.01584910616606952,0.015033930267398913,0.005690636,0.0,0.014743182920575401,0.0,0.014743182920575401,0.02248534574536,0.0,0.02248534574536,0.014333586758653935,0.0,0.014333586758653935
54015,2026-03-16 08:00:00,128,2,0.0042,0.012957056046725266,0.013328959136721137,0.012733754019409287,0.006466632,0.0,0.008319225807169001,0.0,0.008319225807169001,0.012038256707127708,0.0,0.012038256707127708,0.006086205534009204,0.0,0.006086205534009204
54015,2026-03-16 09:00:00,129,2,0.0194,0.011095618117398993,0.011566387868178386,0.011109210405752053,0.008535954,0.0,0.003951559644172975,0.0,0.003951559644172975,0.008659257151966918,0.0,0.008659257151966918,0.004087482527703582,0.0,0.004087482527703582
54015,2026-03-16 10:00:00,130,2,0.08,0.009851974074136115,0.010451375602201407,0.009772287201224306,0.130108639,0.0,0.00477521279101588,0.0,0.00477521279101588,0.010769228071668828,0.0,0.010769228071668828,0.003978344061897795,0.0,0.003978344061897795
54015,2026-03-16 11:00:00,131,2,0.1106,0.010352492332472861,0.010447523565619935,0.009673265308600692,0.188308329,0.0,0.012647254813188959,0.0,0.012647254813188959,0.013597567144659676,0.0,0.013597567144659676,0.005854984574467269,0.0,0.005854984574467269
54015,2026-03-16 12:00:00,132,2,0.1037,0.010041932658821171,0.010420884220423308,0.010175032403391142,0.187273668,0.0,0.009837125182864816,0.0,0.009837125182864816,0.013626640798886182,0.0,0.013626640798886182,0.011168122628564538,0.0,0.011168122628564538
54015,2026-03-16 13:00:00,133,2,0.1043,0.009509851854546598,0.00995055654832141,0.00944405823805817,0.188049664,0.0,0.008259652864140573,0.0,0.008259652864140573,0.01266669980188869,0.0,0.01266669980188869,0.007601716699256303,0.0,0.007601716699256303
54015,2026-03-16 14:00:00,134,2,0.1039,0.009327166128754444,0.009614706320098898,0.009339733617042678,0.173564408,0.0,0.005035420332357496,0.0,0.005035420332357496,0.007910822245802016,0.0,0.007910822245802016,0.005161095215239832,0.0,0.005161095215239832
54015,2026-03-16 15:00:00,135,2,0.0849,0.010287037305624037,0.010682425464006304,0.0099018804830017,0.124418003,0.0,0.00761088749474291,0.0,0.00761088749474291,0.011564769078565596,0.0,0.011564769078565596,0.0037593192685195253,0.0,0.0037593192685195253
54015,2026-03-16 16:00:00,136,2,0.0429,0.011965284372977003,0.012406178634473037,0.01155308604931653,0.003621314,0.0,0.006061976204801578,0.0,0.006061976204801578,0.010470918819761922,0.0,0.010470918819761922,0.0019399929681968315,0.0,0.0019399929681968315
54015,2026-03-16 17:00:00,137,2,0.0863,0.016369508735963562,0.01659611246119286,0.016791545467326325,0.098292809,0.0,0.01272098841676133,0.0,0.01272098841676133,0.014987025669054337,0.0,0.014987025669054337,0.016941355730388973,0.0,0.016941355730388973
54015,2026-03-16 18:00:00,138,2,0.1301,0.023960965699121956,0.024189335291721386,0.024231893384723906,0.163993792,0.0,0.022215685195945092,0.0,0.022215685195945092,0.024499381121939393,0.0,0.024499381121939393,0.02492496205196459,0.0,0.02492496205196459
54015,2026-03-16 19:00:00,139,2,0.1724,0.031660722086504604,0.0318927935786943,0.0328738989680808,0.28815313,0.0,0.0363305824889304,0.0,0.0363305824889304,0.03865129741082745,0.0,0.03865129741082745,0.04846235130469242,0.0,0.04846235130469242
54015,2026-03-16 20:00:00,140,2,0.1645,0.03164224778787276,0.03173619575911767,0.032128068142724925,0.273667874,0.0,0.03707897128615658,0.0,0.03707897128615658,0.0380184509986057,0.0,0.0380184509986057,0.04193717483467827,0.0,0.04193717483467827
54015,2026-03-16 21:00:00,141,2,0.1607,0.03467738813586356,0.034236445319100396,0.03568845004951346,0.285049146,0.0,0.04863778196102594,0.0,0.04863778196102594,0.04422835379339424,0.0,0.04422835379339424,0.058748401097524904,0.0,0.058748401097524904
54015,2026-03-16 22:00:00,142,2,0.1654,0.036871231329885394,0.036317499961353146,0.03757686846403327,0.267977237,0.0,0.052841081916424996,0.0,0.052841081916424996,0.04730376823110258,0.0,0.04730376823110258,0.05989745325790379,0.0,0.05989745325790379
54015,2026-03-16 23:00:00,143,2,0.1721,0.03930478949615277,0.03953141274493024,0.04102077108077717,0.268235903,0.0,0.04588370176294942,0.0,0.04588370176294942,0.04814993425072411,0.0,0.04814993425072411,0.06304351760919341,0.0,0.06304351760919341
54015,2026-03-17 00:00:00,144,2,0.1764,0.03898890825170821,0.03914363229182143,0.04011161060857493,0.275737196,0.0,0.04456305064009921,0.0,0.04456305064009921,0.0461102910412314,0.0,0.0461102910412314,0.05579007420876643,0.0,0.05579007420876643
54015,2026-03-17 01:00:00,145,2,0.1241,0.03697386155993665,0.03721110402645251,0.037567069327344944,0.158561821,0.0,0.04220724215450198,0.0,0.04220724215450198,0.04457966681966058,0.0,0.04457966681966058,0.04813931982858492,0.0,0.04813931982858492
54015,2026-03-17 02:00:00,146,2,0.1185,0.036716422143548394,0.03773046937311965,0.03803181067642316,0.158561821,0.0,0.03709492143369107,0.0,0.03709492143369107,0.04723539372940355,0.0,0.04723539372940355,0.050248806762438696,0.0,0.050248806762438696
54015,2026-03-17 03:00:00,147,2,0.1173,0.03570166096286271,0.036615890849751385,0.03647872764690669,0.158820486,0.0,0.036339329142065474,0.0,0.036339329142065474,0.04548162801095226,0.0,0.04548162801095226,0.04410999598250533,0.0,0.04410999598250533
54015,2026-03-17 04:00:00,148,2,0.1139,0.03566804062772157,0.03620098454182037,0.03632727054838036,0.159079152,0.0,0.037334539841200505,0.0,0.037334539841200505,0.04266397898218856,0.0,0.04266397898218856,0.04392683904778844,0.0,0.04392683904778844
54015,2026-03-17 05:00:00,149,2,0.1277,0.03551143925746082,0.03630833479968107,0.03639636741228495,0.168391102,0.0,0.03616081543317238,0.0,0.03616081543317238,0.044129770855374804,0.0,0.044129770855374804,0.04501009698141363,0.0,0.04501009698141363
54015,2026-03-17 06:00:00,150,2,0.1772,0.03695816225785367,0.03721363224720245,0.037682918556443346,0.290481117,0.0,0.0365486060847474,0.0,0.0365486060847474,0.03910330597823517,0.0,0.03910330597823517,0.043796169070644105,0.0,0.043796169070644105
54015,2026-03-17 07:00:00,151,2,0.1817,0.03780427229447813,0.03823279365129124,0.03877215648292992,0.291515779,0.0,0.03650699465737593,0.0,0.03650699465737593,0.04079220822550703,0.0,0.04079220822550703,0.04618583654189388,0.0,0.04618583654189388
54015,2026-03-17 08:00:00,152,2,0.1674,0.03956893280076798,0.039861056980944505,0.040522562523548196,0.281169167,0.0,0.03966627301402888,0.0,0.03966627301402888,0.04258751481579408,0.0,0.04258751481579408,0.049202570241831015,0.0,0.049202570241831015
54015,2026-03-17 09:00:00,153,2,0.1584,0.04015487815880161,0.040401039051108846,0.040772702398376694,0.249353337,0.0,0.038570960333290466,0.0,0.038570960333290466,0.041032569256362825,0.0,0.041032569256362825,0.0447492027290413,0.0,0.0447492027290413
54015,2026-03-17 10:00:00,154,2,0.1627,0.03736539443195399,0.03780701597590832,0.03887591119964274,0.249870667,0.0,0.02963602151379036,0.0,0.02963602151379036,0.03405223695333359,0.0,0.03405223695333359,0.044741189190677835,0.0,0.044741189190677835
54015,2026-03-17 11:00:00,155,2,0.167,0.03806052422502759,0.038287716529550264,0.03922093715450508,0.249870667,0.0,0.03306845103108169,0.0,0.03306845103108169,0.035340374076308495,0.0,0.035340374076308495,0.04467258032585659,0.0,0.04467258032585659
54015,2026-03-17 12:00:00,156,2,0.1578,0.03573100345725952,0.035722392787286256,0.03665331864171911,0.242886705,0.0,0.033903273954890414,0.0,0.033903273954890414,0.03381716725515774,0.0,0.03381716725515774,0.04312642579948636,0.0,0.04312642579948636
54015,2026-03-17 13:00:00,157,2,0.0979,0.033346492550355065,0.03362519326896959,0.03423678384297232,0.112260735,0.0,0.024490390013170438,0.0,0.024490390013170438,0.027277397199315642,0.0,0.027277397199315642,0.03339330293934294,0.0,0.03339330293934294
54015,2026-03-17 14:00:00,158,2,0.0904,0.027235836118316092,0.02807533953973004,0.028222822949778893,0.106570098,0.0,0.02372209431072288,0.0,0.02372209431072288,0.03211712852486232,0.0,0.03211712852486232,0.033591962625350885,0.0,0.033591962625350885
54015,2026-03-17 15:00:00,159,2,0.0958,0.023286068566969766,0.0239480889635601,0.023954751757652694,0.122607346,0.0,0.02195659635195572,0.0,0.02195659635195572,0.028576800317859027,0.0,0.028576800317859027,0.028643428258785006,0.0,0.028643428258785006
54015,2026-03-17 16:00:00,160,2,0.0883,0.0195964305779643,0.0200961689305605,0.02020113179147237,0.120538024,0.0,0.015720611203573955,0.0,0.015720611203573955,0.020717994729535952,0.0,0.020717994729535952,0.021767623338654677,0.0,0.021767623338654677
54015,2026-03-17 17:00:00,161,2,0.061,0.01748292500389067,0.017776916966489704,0.017619255582150016,0.075271599,0.0,0.01524169541706985,0.0,0.01524169541706985,0.0181816150430602,0.0,0.0181816150430602,0.016605001199663294,0.0,0.016605001199663294
54015,2026-03-17 18:00:00,162,2,0.0527,0.01316152508951648,0.013248531150796822,0.013128251459566129,0.075012933,0.0,0.015455574761120978,0.0,0.015455574761120978,0.016325635373924403,0.0,0.016325635373924403,0.015122838461617473,0.0,0.015122838461617473
54015,2026-03-17 19:00:00,163,2,0.0349,0.01032447032916515,0.01017693252345772,0.010375457261945848,0.037247801,0.0,0.014602309352254842,0.0,0.014602309352254842,0.013126931295180536,0.0,0.013126931295180536,0.015112178680061811,0.0,0.015112178680061811
54015,2026-03-17 20:00:00,164,2,0.0166,0.009176369653758827,0.009471492006019029,0.009465888820710021,0.002327988,0.0,0.010675239917566985,0.0,0.010675239917566985,0.013626463440169009,0.0,0.013626463440169009,0.013570431587078942,0.0,0.013570431587078942
54015,2026-03-17 21:00:00,165,2,0.0129,0.007614419969077827,0.0077592233442046405,0.007942638330698863,0.002586653,0.0,0.010229248976001156,0.0,0.010229248976001156,0.011677282727269296,0.0,0.011677282727269296,0.013511432592211528,0.0,0.013511432592211528
54015,2026-03-17 22:00:00,166,2,0.0092,0.006697119403180579,0.006814076591629918,0.006977818922868508,0.002586653,0.0,0.010093517586098581,0.0,0.010093517586098581,0.011263089470591984,0.0,0.011263089470591984,0.012900512782977866,0.0,0.012900512782977866
54015,2026-03-17 23:00:00,167,2,0.0061,0.0057381891652878055,0.005850197619539547,0.005736648205701287,0.002586653,0.0,0.010123770296314625,0.0,0.010123770296314625,0.011243854838832047,0.0,0.011243854838832047,0.010108360700449452,0.0,0.010108360700449452
54015,2026-03-18 00:00:00,168,2,0.0031,0.0035755264416904215,0.0038693598469509267,0.0035755264416904215,0.002586653,0.0,0.0,0.0,0.0,0.0029383340526050513,0.0,0.0029383340526050513,0.0,0.0,0.0
54015,2026-03-18 01:00:00,169,2,0.0012,0.003093152049550457,0.0033869854548109627,0.003093152049550457,0.001551992,0.0,0.0,0.0,0.0,0.0029383340526050513,0.0,0.0029383340526050513,0.0,0.0,0.0
54015,2026-03-18 02:00:00,170,2,0.0011,0.0032833431067871197,0.0037073186834617896,0.003190555852984335,0.001551992,0.0,0.0009278725380278451,0.0,0.0009278725380278451,0.005167628304774548,0.0,0.005167628304774548,0.0,0.0,0.0
54015,2026-03-18 03:00:00,171,2,0.0011,0.0035494285229261653,0.003954690997217975,0.0034174190639020075,0.001551992,0.0,0.0016070618669539762,0.0,0.0016070618669539762,0.005659686609872077,0.0,0.005659686609872077,0.0002869672767123997,0.0,0.0002869672767123997
54015,2026-03-18 04:00:00,172,2,0.0011,0.0034610244670400248,0.0038574365187345394,0.0033756198020803716,0.001551992,0.0,0.0016955660929269332,0.0,0.0016955660929269332,0.005659686609872077,0.0,0.005659686609872077,0.000841519443330405,0.0,0.000841519443330405
54015,2026-03-18 05:00:00,173,2,0.0011,0.002553809848216628,0.002809425848980279,0.0024580824556677187,0.001551992,0.0,0.0016955660929269332,0.0,0.0016955660929269332,0.004251726100563438,0.0,0.004251726100563438,0.0007382921674378397,0.0,0.0007382921674378397
54015,2026-03-18 06:00:00,174,2,0.001,0.0022095133583250374,0.002465129359088688,0.0021164216490013052,0.001551992,0.0,0.0016955660929269332,0.0,0.0016955660929269332,0.004251726100563438,0.0,0.004251726100563438,0.0007646489996896149,0.0,0.0007646489996896149
54015,2026-03-18 07:00:00,175,2,0.001,0.002376719563162752,0.0024274732085321615,0.002272912165769178,0.001551992,0.0,0.001038073973935737,0.0,0.001038073973935737,0.0015456104276298356,0.0,0.0015456104276298356,0.0,0.0,0.0
54015,2026-03-18 08:00:00,176,2,0.0009,0.002586292815982702,0.0027393332556403757,0.0025809828689949137,0.001293326,0.0,0.0003860932371691071,0.0,0.0003860932371691071,0.0019164976337458426,0.0,0.0019164976337458426,0.00033299376729122466,0.0,0.00033299376729122466
54015,2026-03-18 09:00:00,177,2,0.0009,0.0025530884536459375,0.0027673270389455148,0.0026280639056554546,0.001293326,0.0,0.0,0.0,0.0,0.00214238585299577,0.0,0.00214238585299577,0.0007497545200951714,0.0,0.0007497545200951714
54015,2026-03-18 10:00:00,178,2,0.0009,0.002546540881101443,0.002546540881101443,0.002546540881101443,0.001293326,0.0,0.0,0.0,0.0,0.0,0.0,0.0,0.0,0.0,0.0
54015,2026-03-18 11:00:00,179,2,0.0008,0.0024697653144249055,0.0024697653144249055,0.0024697653144249055,0.001034661,0.0,0.0,0.0,0.0,0.0,0.0,0.0,0.0,0.0,0.0
54015,2026-03-18 12:00:00,180,2,0.0016,0.0022311243400923077,0.002448473333931679,0.0023046489305405837,0.001293326,0.0,0.0,0.0,0.0,0.0021734899383937124,0.0,0.0021734899383937124,0.0007352459044827567,0.0,0.0007352459044827567
54015,2026-03-18 13:00:00,181,2,0.0042,0.0020998752326122972,0.0020998752326122972,0.0020998752326122972,0.007242628,0.0,0.0,0.0,0.0,0.0,0.0,0.0,0.0,0.0,0.0
54015,2026-03-18 14:00:00,182,2,0.0043,0.0020587596929702964,0.0020587596929702964,0.0020587596929702964,0.006983963,0.0,0.0,0.0,0.0,0.0,0.0,0.0,0.0,0.0,0.0
54015,2026-03-18 15:00:00,183,2,0.0037,0.0018662493400844191,0.0018662493400844191,0.0018662493400844191,0.006725297,0.0,0.0,0.0,0.0,0.0,0.0,0.0,0.0,0.0,0.0
54015,2026-03-18 16:00:00,184,2,0.0035,0.0016568058361355242,0.0016568058361355242,0.0016568058361355242,0.006207967,0.0,0.0,0.0,0.0,0.0,0.0,0.0,0.0,0.0,0.0
54015,2026-03-18 17:00:00,185,2,0.0019,0.001748940601878798,0.001748940601878798,0.0017729013046137436,0.002069322,0.0,0.0,0.0,0.0,0.0,0.0,0.0,0.0002396070273494558,0.0,0.0002396070273494558
54015,2026-03-18 18:00:00,186,2,0.002,0.001658532531047671,0.001865089258796894,0.0017219955711370726,0.002069322,0.0,0.0,0.0,0.0,0.002065567277492229,0.0,0.002065567277492229,0.0006346304008940159,0.0,0.0006346304008940159
54015,2026-03-18 19:00:00,187,2,0.0018,0.0014070093004865632,0.0016112428417782577,0.0014842847287162154,0.002069322,0.0,0.0,0.0,0.0,0.002042335412916945,0.0,0.002042335412916945,0.0007727542822965223,0.0,0.0007727542822965223
54015,2026-03-18 20:00:00,188,2,0.0007,0.0013866657384587436,0.001589748184006785,0.0014773712187352386,0.0,0.0,0.0,0.0,0.0,0.0020308244554804143,0.0,0.0020308244554804143,0.0009070548027649501,0.0,0.0009070548027649501
54015,2026-03-18 21:00:00,189,2,0.0004,0.001345897798618653,0.0015489802441666944,0.001389751669792015,0.0,0.0,0.0,0.0,0.0,0.0020308244554804143,0.0,0.0020308244554804143,0.00043853871173361923,0.0,0.00043853871173361923
54015,2026-03-18 22:00:00,190,2,0.0003,0.0012367394816956928,0.0014397027018226037,0.0012789774536621844,0.0,0.0,0.0,0.0,0.0,0.0020296322012691064,0.0,0.0020296322012691064,0.00042237971966491746,0.0,0.00042237971966491746
54015,2026-03-18 23:00:00,191,2,0.0002,0.001413070331650897,0.0016191439603176019,0.0014561653412515168,0.0,0.0,0.0,0.0,0.0,0.0020607362866670487,0.0,0.0020607362866670487,0.0004309500960062013,0.0,0.0004309500960062013
54015,2026-03-19 00:00:00,192,2,0.0001,0.0013346679963951505,0.0013346679963951505,0.0013346679963951505,0.0,0.0,0.0,0.0,0.0,0.0,0.0,0.0,0.0,0.0,0.0
54015,2026-03-19 01:00:00,193,2,0.0,0.001435092671439353,0.001435092671439353,0.001435092671439353,0.0,0.0,0.0,0.0,0.0,0.0,0.0,0.0,0.0,0.0,0.0
54015,2026-03-19 02:00:00,194,2,0.0,0.0015368467833175594,0.0015368467833175594,0.0015368467833175594,0.0,0.0,0.0,0.0,0.0,0.0,0.0,0.0,0.0,0.0,0.0
54015,2026-03-19 03:00:00,195,2,0.0,0.001500086869052775,0.001500086869052775,0.001500086869052775,0.0,0.0,0.0,0.0,0.0,0.0,0.0,0.0,0.0,0.0,0.0
54015,2026-03-19 04:00:00,196,2,0.0,0.0015947775144467306,0.0015947775144467306,0.0015947775144467306,0.0,0.0,0.0,0.0,0.0,0.0,0.0,0.0,0.0,0.0,0.0
54015,2026-03-19 05:00:00,197,2,0.0,0.0014573072291479713,0.0014573072291479713,0.0014573072291479713,0.0,0.0,0.0,0.0,0.0,0.0,0.0,0.0,0.0,0.0,0.0
54015,2026-03-19 06:00:00,198,2,0.0001,0.0016301678894727926,0.0016301678894727926,0.0016301678894727926,0.0,0.0,0.0,0.0,0.0,0.0,0.0,0.0,0.0,0.0,0.0
54015,2026-03-19 07:00:00,199,2,0.0006,0.0018428913369042405,0.0018428913369042405,0.0018428913369042405,0.001034661,0.0,0.0,0.0,0.0,0.0,0.0,0.0,0.0,0.0,0.0
54015,2026-03-19 08:00:00,200,2,0.0006,0.0017570151610293665,0.0017570151610293665,0.0017570151610293665,0.001034661,0.0,0.0,0.0,0.0,0.0,0.0,0.0,0.0,0.0,0.0
54015,2026-03-19 09:00:00,201,2,0.0001,0.0019274837671068826,0.0019274837671068826,0.0019274837671068826,0.0,0.0,0.0,0.0,0.0,0.0,0.0,0.0,0.0,0.0,0.0
54015,2026-03-19 10:00:00,202,2,0.0001,0.0019022171582157392,0.0019022171582157392,0.0019022171582157392,0.0,0.0,0.0,0.0,0.0,0.0,0.0,0.0,0.0,0.0,0.0
54015,2026-03-19 11:00:00,203,2,0.0001,0.002018866544950238,0.002018866544950238,0.002018866544950238,0.0,0.0,0.0,0.0,0.0,0.0,0.0,0.0,0.0,0.0,0.0
54015,2026-03-19 12:00:00,204,2,0.0001,0.00164276576865968,0.00164276576865968,0.00164276576865968,0.0,0.0,0.0,0.0,0.0,0.0,0.0,0.0,0.0,0.0,0.0
54015,2026-03-19 13:00:00,205,2,0.0,0.001472715879660196,0.001472715879660196,0.001472715879660196,0.0,0.0,0.0,0.0,0.0,0.0,0.0,0.0,0.0,0.0,0.0
54015,2026-03-19 14:00:00,206,2,0.0,0.0014556173550179924,0.0014556173550179924,0.0014556173550179924,0.0,0.0,0.0,0.0,0.0,0.0,0.0,0.0,0.0,0.0,0.0
54015,2026-03-19 15:00:00,207,2,0.0,0.001431514101404313,0.001431514101404313,0.001431514101404313,0.0,0.0,0.0,0.0,0.0,0.0,0.0,0.0,0.0,0.0,0.0
54015,2026-03-19 16:00:00,208,2,0.0,0.0014107175445604659,0.0014107175445604659,0.0014107175445604659,0.0,0.0,0.0,0.0,0.0,0.0,0.0,0.0,0.0,0.0,0.0
54015,2026-03-19 17:00:00,209,2,0.0,0.0016138874756300957,0.0016138874756300957,0.0016138874756300957,0.0,0.0,0.0,0.0,0.0,0.0,0.0,0.0,0.0,0.0,0.0
54015,2026-03-19 18:00:00,210,2,0.0,0.0013470262753435501,0.0013470262753435501,0.0013567836805956893,0.0,0.0,0.0,0.0,0.0,0.0,0.0,0.0,9.757405252139135e-05,0.0,9.757405252139135e-05
54015,2026-03-19 19:00:00,211,2,0.0,0.001228207197288476,0.001228207197288476,0.001228207197288476,0.0,0.0,0.0,0.0,0.0,0.0,0.0,0.0,0.0,0.0,0.0
54015,2026-03-19 20:00:00,212,2,0.0,0.0012151908088257016,0.0012151908088257016,0.0012151908088257016,0.0,0.0,0.0,0.0,0.0,0.0,0.0,0.0,0.0,0.0,0.0
54015,2026-03-19 21:00:00,213,2,0.0,0.001331786654560786,0.001331786654560786,0.001331786654560786,0.0,0.0,0.0,0.0,0.0,0.0,0.0,0.0,0.0,0.0,0.0
54015,2026-03-19 22:00:00,214,2,0.0,0.0016502144502214698,0.0016502144502214698,0.0016502144502214698,0.0,0.0,0.0,0.0,0.0,0.0,0.0,0.0,0.0,0.0,0.0
