tree
version=v4
num_class=1
num_tree_per_iteration=1
label_index=0
max_feature_idx=114
objective=huber
feature_names=last_osi last_N_t last_R_t osi_mean_72h osi_max_72h N_t_mean_72h R_t_mean_72h R_t_max_72h pre_event_mean_osi pre_event_max_outage_pct storm_onset_max_osi osi_trend_last6h is_worsening frac_zero_72h hours_since_peak gust_mean_obs gust_max_obs gust_gt30_obs gust_gt40_obs gust_last_obs gust_max_last6h_obs gust_trend_last6h_obs gust_t wind_speed_t wind_sin_t wind_cos_t t2m_t d2m_t tp_t rain_t csnow_t sdwe_t r2_t vpd_t soil_moist_t blh_t tcc_t lcc_t mcc_t hcc_t sp_t mslma_t sdswrf_t direct_rad_t diffuse_rad_t et0_t icing_risk_t gust_exceed_30 soil_moist_x_gust is_snowing gust_x_hso gust_max_next_1h wind_speed_max_next_1h min_t2m_next_1h gust_gt30_next_1h gust_gt40_next_1h gust_max_next_6h wind_speed_max_next_6h total_tp_next_6h min_t2m_next_6h gust_gt30_next_6h gust_gt40_next_6h gust_max_next_24h gust_mean_next_24h wind_speed_max_next_24h total_tp_next_24h min_t2m_next_24h gust_gt30_next_24h gust_gt40_next_24h gust_peak4h_mean_next_24h gust_max_next_48h gust_mean_next_48h wind_speed_max_next_48h total_tp_next_48h min_t2m_next_48h gust_gt30_next_48h gust_gt40_next_48h gust_peak4h_mean_next_48h gust_change_1h gust_change_3h pressure_change_6h temp_change_6h wind_change_1h cumul_tp_since_onset gust_gt30_since_onset gust_at_t1h wind_speed_at_t1h t2m_at_t1h tp_at_t1h gust_at_t6h wind_speed_at_t6h t2m_at_t6h tp_at_t6h gust_at_t24h wind_speed_at_t24h t2m_at_t24h tp_at_t24h gust_at_t48h wind_speed_at_t48h t2m_at_t48h tp_at_t48h hour_of_day hour_sin hour_cos hours_since_obs log_customers rural_urban_code pop_density n_utilities pct_forest pct_developed pct_agriculture pct_water pct_wetland tree_canopy_std
feature_infos=[0:0.55230000000000001] [0:0.065400654000000003] [0:0.058582058999999999] [4.1666666666666669e-06:0.26529999999999998] [0.0001:0.65049999999999997] [3.1208333333333337e-06:0.018623942125000001] [3.1208333333333337e-06:0.017093115180555556] [7.4900000000000005e-05:0.18675781699999999] [0:0.38653749999999998] [0:100] [0:0.59799999999999998] [-0.055854285714285697:0.019237142857142855] [0:1] [0:0.95833333333333337] [0:71] [13.03611111111111:31.258333333333326] [29.100000000000001:70] [0:35] [0:18] [3.5:47.5] [15.4:64.5] [-6.477142857142856:3.3114285714285714] [0.59999999999999998:58.299999999999997] [0:38] [-0.99999999953664132:0.99999999987412524] [-0.99999999369183823:1] [261.05202270000001:298.4303941] [257.33913039999999:289.8677619] [0:11.300000000000001] [0:11.300000000000001] [0:2.6600000000000001] [0:0.089999999999999997] [15:100] [0:2.5] [0.16700000000000001:0.52300000000000002] [10:3090] [0:100] [0:100] [0:100] [0:100] [884.60000000000002:1027] [986.70000000000005:1031.8] [0:840] [0:731] [0:463] [0:0.60999999999999999] [0:1] [0:28.299999999999997] [0.19259999999999999:23.550000000000001] [0:1] [0.80000000000000004:3819.7999999999997] [1.2:58.299999999999997] [0:38] [260.0631818:298.21776599999998] [0:2] [0:2] [5.0999999999999996:58.299999999999997] [0.40000000000000002:38] [0:26.699999999999999] [259.42265909999998:296.40927479999999] [0:7] [0:7] [12.800000000000001:58.299999999999997] [8.2360000000000007:43.052] [5.7999999999999998:38] [0:51.199999999999996] [259.42265909999998:286.57337899999999] [0:25] [0:19] [12.25:52.550000000000004] [12.800000000000001:58.299999999999997] [7.8571428571428568:37.897959183673471] [5.7999999999999998:38] [0:52.900000000000006] [259.42265909999998:282.77648069999998] [0:42] [0:22] [12.625:52.550000000000004] [-24.299999999999997:28.199999999999999] [-32:35.700000000000003] [-10.899999999999977:14.599999999999909] [-20.027499999999975:21.845291299999985] [-15.300000000000001:28.000000000000004] [0:53.200000000000003] [0:61] [0.59999999999999998:58.299999999999997] [0:38] [260.0631818:298.4303941] [0:11.300000000000001] [1.3999999999999999:58.299999999999997] [0:38] [259.42265909999998:298.4303941] [0:11.300000000000001] [0.90000000000000002:58.299999999999997] [0:38] [259.42265909999998:298.4303941] [0:11.300000000000001] [0.90000000000000002:53.799999999999997] [0:34.299999999999997] [259.42265909999998:296.58327589999999] [0:11.300000000000001] [0:23] [-1:1] [-1:1] [1:96] [7.1180162044653335:13.453719692845613] [1:9] [8.3691524328166658:11939.655837338518] [1:20] [0.96999999999999997:88.719999999999999] [2.21:86.629999999999995] [0.040000000000000001:87.469999999999999] [0.01:5.5099999999999998] [0:19.780000000000001] [12.65:40.350000000000001]
tree_sizes=2955 2931 2932 2975 2910 2965 2971 2892 2933 2973 2920 2875 2837 2814 2873 2969 2862 2966 2976 2850 2902 2887 2908 2921 2883 2759 2852 2848 2773 2816 2887 2889 2924 2856 2894 2861 2839 2799 2909 2844 2779 2938 2847 2904 2873 2838 2762 2778 2778 2930 2757 2888 2862 2828 2746 2839 2842 2779 2875 2801 2862 2855 2827 2796 2814 2868 2893 2839 2784 2871 2864 2812 2759 2870 2862 2804 2833 2888 2842 2745 2827 2824 2723 2725 2730 2741 2859 2774 2818 2805 2827 2766 2736 2737 2720 2757 2791 2720 2760 2749 2761 2739 2774 2712 2747 2812 2751 2748 2754 2755 2775 2832 2801 2709 2663 2787 2780 2724 2767 2673 2802 2682 2786 2853 2798 2706 2742 2715 2681 2605 2681 2631 2672 2676 2671

Tree=0
num_leaves=31
num_cat=0
split_feature=109 71 66 0 109 99 62 113 107 62 19 109 107 19 80 41 77 113 21 77 50 99 1 10 6 6 1 92 73 41
split_gain=0.254359 0.420935 0.049449 0.054062 0.0583973 0.0343464 0.0327268 0.0492067 0.011163 0.0103892 0.00831986 0.00794994 0.00613401 0.00465368 0.00448336 0.00406265 0.00406106 0.00307647 0.00338858 0.00238692 0.0019706 0.00170539 0.00145723 0.00142939 0.00132089 0.00121209 0.00111855 0.00452674 0.00109095 0.00100932
threshold=88.200000000000003 24.597959183673474 271.02330720000003 0.21365000000000003 79.980000000000004 271.61339225 37.550000000000004 1.0000000180025095e-35 43.993537203986527 28.950000000000003 7.0500000000000007 83.105000000000004 71.650750253308317 44.050000000000004 4.3000000000000123 1025.8500000000001 47.525000000000006 0.085000000000000006 -3.4814285714285709 31.575000000000003 252.10000000000002 272.07016745000004 0.0016532625000000003 0.025400000000000002 0.0011158282222222223 0.0022827776666666673 0.0059917800000000012 0.75000000000000011 19.550000000000008 1017.7500000000001
decision_type=2 2 2 2 2 2 2 2 2 2 2 2 2 2 2 2 2 2 2 2 2 2 2 2 2 2 2 2 2 2
left_child=2 19 20 4 9 -5 8 -8 -6 10 15 -9 -10 17 -15 -4 23 18 -11 -2 -1 -19 -23 -12 -18 -25 -22 -28 -20 -30
right_child=1 -3 3 5 6 -7 7 11 12 13 16 -13 -14 14 -16 -17 24 21 28 -21 26 22 -24 25 -26 -27 27 -29 29 -31
leaf_value=0.0022756819853010546 0.0021958376941398645 0.0079361398536952447 0.0023005825447974097 0.0025212775070618948 0.0022047692293602362 0.0040413368534698187 0.0040414045068793321 0.0029729268455533876 0.0030160962584724503 0.002538254151329908 0.0021958376941398645 0.0022063067772136583 0.0023314047425597754 0.0022279678187585189 0.0027325645417252699 0.002893885729607006 0.002762228727797752 0.0021317077952169743 0.0021698448589714168 0.0026003554448284761 0.0020995353072985183 0.002182508896366868 0.0023580139296986236 0.0023545439076830856 0.0022811256766045707 0.0021958376941398645 0.0021226939489110792 0.0025716774180280294 0.0021958376941398645 0.0024231355232837448
leaf_weight=137 55 50 75 106 289 67 96 68 94 94 656 94 82 194 68 94 58 3390 428 50 9635 1007 131 372 59 133 460 62 136 97
leaf_count=137 55 50 75 106 289 67 96 68 94 94 656 94 82 194 68 94 58 3390 428 50 9635 1007 131 372 59 133 460 62 136 97
internal_value=0.00219584 0.0042063 0.00217868 0.00227253 0.00225218 0.00314593 0.00267982 0.00313651 0.00241422 0.00220718 0.00232689 0.00256157 0.00272791 0.00217683 0.00237949 0.00266216 0.00227831 0.0021658 0.00225636 0.00234562 0.00210628 0.00214958 0.00219845 0.00224485 0.00256477 0.00230799 0.0021035 0.0021862 0.00220827 0.00230002
internal_weight=18337 155 18182 7888 7715 173 723 258 465 6992 1447 162 176 5545 262 169 1278 5283 755 105 10294 4528 1138 1161 117 505 10157 522 661 233
internal_count=18337 155 18182 7888 7715 173 723 258 465 6992 1447 162 176 5545 262 169 1278 5283 755 105 10294 4528 1138 1161 117 505 10157 522 661 233
is_linear=0
shrinkage=1


Tree=1
num_leaves=31
num_cat=0
split_feature=109 64 104 0 109 80 62 113 59 107 109 105 114 77 15 99 73 7 3 62 41 41 20 113 97 107 7 1 27 27
split_gain=0.22999 0.345363 0.047155 0.0507201 0.0512593 0.0289001 0.0282714 0.0440609 0.0136074 0.0107809 0.00811508 0.00585407 0.00579301 0.00694829 0.00367542 0.00359749 0.00281462 0.0026782 0.00293904 0.00198281 0.00272905 0.00168972 0.00148553 0.00136691 0.00350888 0.0045864 0.001784 0.00135114 0.00131237 0.000908857
threshold=88.200000000000003 14.450000000000001 40.500000000000007 0.21365000000000003 79.980000000000004 1.2500000000000002 37.550000000000004 1.0000000180025095e-35 275.56874625000006 43.993537203986527 83.105000000000004 9.7407955827182331 33.720000000000006 41.562500000000007 17.163194444444446 272.64937150000009 17.450000000000006 0.024952107500000004 0.010089583333333334 28.950000000000003 1025.8500000000001 1022.35 24.550000000000004 0.055000000000000007 14.450000000000001 35.942420820543425 0.017110612000000004 0.00093457300000000007 268.40932690000005 266.23191415000008
decision_type=2 2 2 2 2 2 2 2 2 2 2 2 2 2 2 2 2 2 2 2 2 2 2 2 2 2 2 2 2 2
left_child=2 28 3 4 8 -5 9 -8 12 -6 -9 -11 19 14 -14 -15 21 22 -19 20 -1 -10 -18 24 -4 26 -26 -21 -2 -29
right_child=1 -3 23 5 6 -7 7 10 16 11 -12 -13 13 15 -16 -17 17 18 -20 27 -22 -23 -24 -25 25 -27 -28 29 -30 -31
leaf_value=7.9058855000846477e-05 0 0.0050580598841718583 -7.3226161390830191e-05 0.00036811926077112174 1.0450808386203656e-05 0.0018247407197111076 0.001849660030723659 0.00081567572862993858 -7.0491316010984402e-05 0.00083308064692563452 8.6702018597861716e-06 0.0001393357103232212 0.0005511076689819509 7.670512160191058e-05 9.0846619028468476e-05 0.00069945418197516623 0.00025515056952523692 0.00054137202824980097 0 -3.063318807542902e-05 0.0004933342606162507 3.6404101530577958e-06 -6.445106794668371e-06 -9.2112871034685665e-05 0.00062109356568030584 -6.7160296006787253e-06 5.3102907236190687e-05 0 0.00028951486846969654 0.00023593093142723205
leaf_weight=555 50 55 1270 103 275 61 84 60 2797 88 91 78 54 54 543 113 56 53 59 622 50 888 745 9060 50 181 50 52 50 90
leaf_count=555 50 55 1270 103 275 61 84 60 2797 88 91 78 54 54 543 113 56 53 59 622 50 888 745 9060 50 181 50 52 50 90
internal_value=7.37762e-08 0.00191199 -1.60544e-05 7.89258e-05 5.88833e-05 0.00094799 0.000473872 0.000922775 1.63988e-05 0.000221801 0.000365486 0.000539831 0.000121231 0.000233579 0.000141691 0.000529503 -3.1161e-05 4.45175e-05 0.000273924 5.47577e-05 0.000122305 -5.12747e-05 5.90465e-06 -8.42955e-05 -3.53793e-05 0.000117595 0.000389941 0 9.91966e-05 0.000139761
internal_weight=18337 155 18182 7571 7407 164 676 235 6731 441 151 166 2133 764 597 167 4598 913 112 1369 605 3685 801 10611 1551 281 100 764 100 142
internal_count=18337 155 18182 7571 7407 164 676 235 6731 441 151 166 2133 764 597 167 4598 913 112 1369 605 3685 801 10611 1551 281 100 764 100 142
is_linear=0
shrinkage=0.05


Tree=2
num_leaves=31
num_cat=0
split_feature=104 113 105 62 2 10 74 59 40 20 106 1 40 64 7 15 62 15 13 21 113 53 95 34 84 1 13 110 41 66
split_gain=0.0594011 0.096412 0.178064 0.0366894 0.0622852 0.0332887 0.0307469 0.0124002 0.00823934 0.00747448 0.0073816 0.0066222 0.00618146 0.00314165 0.00394176 0.00387261 0.00313615 0.00297183 0.00268985 0.00254114 0.00242018 0.00534534 0.00237344 0.00226677 0.00191284 0.00190991 0.00134661 0.00148214 0.000929878 0.000883562
threshold=42.500000000000007 0.025000000000000005 8.6325845804055827 37.550000000000004 3.0850000000000011e-05 0.22520000000000004 271.47531805000006 275.56874625000006 1005.9500000000002 30.450000000000003 8.5000000000000018 0.0006863590000000001 979.1500000000002 21.050000000000004 0.024047289000000003 23.725000000000005 28.950000000000003 22.322222222222226 0.52083333333333337 0.31428571428571334 1.0000000180025095e-35 290.24706720000006 284.29604950000004 0.36550000000000005 11.500000000000002 4.3350000000000003e-05 0.47916666666666669 5.79 1021.1500000000002 267.1857344500001
decision_type=2 2 2 2 2 2 2 2 2 2 2 2 2 2 2 2 2 2 2 2 2 2 2 2 2 2 2 2 2 2
left_child=1 2 -1 9 -5 7 25 8 11 12 -6 16 -4 14 26 17 23 -16 19 -13 21 29 -21 -3 -25 -7 27 -9 -29 -2
right_child=20 5 3 4 10 6 -8 13 -10 -11 -12 18 -14 -15 15 -17 -18 -19 -20 22 -22 -23 -24 24 -26 -27 -28 28 -30 -31
leaf_value=0.0026081899143581707 -7.5851251034893925e-05 6.5286459093044489e-05 4.3505796329728109e-05 0.0022828978733547656 4.2528111905008599e-05 0 0.0014232816255326602 0.00026189722551498562 0.00071425383222403836 0 0.00081676305968060407 0.00020424166615685822 0.0006531609825721923 -6.4671585115379235e-05 0 -5.70219642039326e-07 -9.1598481342728804e-06 0.00052407158527348655 3.5672113296809753e-05 0.00086750386484881067 -8.4501772939115039e-05 0.00045962902037577049 0.00023300950495467991 0.00040649398933521852 0 0.00033708434645675535 -4.6325231164980957e-05 -3.3858397221958146e-05 7.0284849093718777e-05 6.9696277893132813e-05
leaf_weight=97 359 593 104 59 106 73 80 69 58 393 54 209 100 2516 55 93 909 99 134 52 9785 61 63 118 58 83 1039 408 395 115
leaf_count=97 359 593 104 59 106 73 80 69 58 393 54 209 100 2516 55 93 909 99 134 52 9785 61 63 118 58 83 1039 408 395 115
internal_value=3.02136e-07 0.000102669 0.000586444 0.000337095 0.000892938 3.97171e-05 0.000623 1.88585e-05 0.000117314 0.00012368 0.000338338 9.84388e-05 0.000368475 -2.63028e-05 1.61245e-05 0.000204328 4.86997e-05 0.000359529 0.000269274 0.000350096 -7.87384e-05 1.73047e-05 0.00056802 0.00012351 0.000289956 0.000174301 -5.68029e-06 3.70189e-05 1.1175e-05 -2.99404e-05
internal_weight=18337 8017 913 816 219 7104 236 6868 2194 597 160 2136 204 4674 2158 247 1678 154 458 324 10320 535 115 769 176 156 1911 872 803 474
internal_count=18337 8017 913 816 219 7104 236 6868 2194 597 160 2136 204 4674 2158 247 1678 154 458 324 10320 535 115 769 176 156 1911 872 803 474
is_linear=0
shrinkage=0.05


Tree=3
num_leaves=31
num_cat=0
split_feature=109 71 104 0 109 91 105 80 59 9 35 40 80 83 0 73 7 3 108 7 70 27 83 64 3 0 95 6 0 48
split_gain=0.195414 0.337363 0.0388499 0.0426922 0.0416383 0.0241823 0.0373739 0.0232759 0.0111165 0.00865266 0.00853311 0.00747172 0.00380555 0.00333127 0.00429092 0.00234462 0.00222375 0.00233518 0.00217076 0.00210203 0.00205317 0.00173539 0.00149282 0.0014692 0.00125615 0.00110815 0.000973072 0.000713026 0.000721506 0.000638771
threshold=88.200000000000003 24.597959183673474 39.500000000000007 0.21365000000000003 79.980000000000004 286.55815415000006 9.2083290871281154 1.2500000000000002 275.56874625000006 1.5400000000000003 337.50000000000006 1005.9500000000002 4.2500000000000009 1.2500000000000004 0.071900000000000006 17.450000000000006 0.024952107500000004 0.010089583333333334 1.5000000000000002 0.020693614500000002 49.550000000000004 268.40932690000005 1.0000000180025095e-35 13.850000000000003 0.0035847222222222226 0.051850000000000007 285.70130815000005 0.0010833123541666668 0.010800000000000002 3.6566000000000005
decision_type=2 2 2 2 2 2 2 2 2 2 2 2 2 2 2 2 2 2 2 2 2 2 2 2 2 2 2 2 2 2
left_child=2 21 3 4 8 9 -7 -5 11 26 -11 12 23 27 20 25 -17 -18 -8 -12 -15 -2 24 -1 -4 -10 -6 28 29 -14
right_child=1 -3 22 7 5 6 18 -9 15 10 19 -13 13 14 -16 16 17 -19 -20 -21 -22 -23 -24 -25 -26 -27 -28 -29 -30 -31
leaf_value=0.0001452552940831357 -2.9432048301466483e-05 0.0051014986047612544 -2.5598523137250066e-05 0.00033628651734325107 -5.9705953833865541e-05 0.0019567995294775876 0.0006679260303706358 0.0016649590051102062 -6.0732040696222461e-05 0.00091574890011947383 0 0.00067914644406192898 0.00018053946249263109 9.2821397145093732e-05 0.00070239357489970374 5.7689547492221109e-06 0.0005043217769422221 0 0.00014607315593755368 0.00034660468153931482 0.00045374020207365154 0.00031629262451763056 -7.8847379423252554e-05 -6.1789413407286676e-06 0.00017942543503502771 2.3526425155884269e-06 0.00014081345800935342 5.2561893713089572e-06 0.00019950829396147153 -8.6472985842394333e-07
leaf_weight=185 54 50 343 99 153 60 58 61 2849 71 60 58 51 247 60 753 50 57 82 80 67 51 10369 825 90 724 94 298 204 134
leaf_count=185 54 50 343 99 153 60 58 61 2849 71 60 58 51 247 60 753 50 57 82 80 67 51 10369 825 90 724 94 298 204 134
internal_value=4.93015e-07 0.00176285 -1.43521e-05 7.37246e-05 5.50208e-05 0.000434195 0.000899982 0.000881094 1.61772e-05 0.000218384 0.000453092 0.000110538 9.18802e-05 0.000158627 0.000284587 -2.80277e-05 4.30964e-05 0.000257002 0.000400934 0.000178167 0.000186902 9.27213e-05 -7.49908e-05 1.67297e-05 5.81065e-06 -4.65531e-05 0 8.2474e-05 0.000128642 2.29641e-05
internal_weight=18337 155 18182 7380 7220 658 200 160 6562 458 211 2129 2071 1061 374 4433 860 107 140 140 314 105 10802 1010 433 3573 247 687 389 185
internal_count=18337 155 18182 7380 7220 658 200 160 6562 458 211 2129 2071 1061 374 4433 860 107 140 140 314 105 10802 1010 433 3573 247 687 389 185
is_linear=0
shrinkage=0.05


Tree=4
num_leaves=31
num_cat=0
split_feature=109 71 104 0 109 62 3 80 73 59 107 105 114 109 80 76 73 7 4 41 65 62 41 3 41 20 107 13 63 1
split_gain=0.176675 0.305082 0.0353413 0.0383237 0.0387444 0.021681 0.0333917 0.0214463 0.0204998 0.0103608 0.0089233 0.00470662 0.00469205 0.00556003 0.00285475 0.00341315 0.00215783 0.00222055 0.00268472 0.0016961 0.00163044 0.00158565 0.00220895 0.00141707 0.00138029 0.00127892 0.00112734 0.00459548 0.0114788 0.00109493
threshold=88.200000000000003 24.597959183673474 40.500000000000007 0.21365000000000003 79.980000000000004 37.550000000000004 0.0022361111111111115 1.2500000000000002 17.650000000000009 275.56874625000006 43.993537203986527 9.7407955827182331 33.720000000000006 54.935000000000009 3.1999999999999891 3.5000000000000004 17.450000000000006 0.024952107500000004 0.059350000000000007 1023.6500000000002 1.7500000000000007 28.950000000000003 1025.8500000000001 0.001522916666666667 1022.35 24.550000000000004 33.15434016127945 0.40972222222222227 25.744000000000007 0.00038067000000000005
decision_type=2 2 2 2 2 2 2 2 2 2 2 2 2 2 2 2 2 2 2 2 2 2 2 2 2 2 2 2 2 2
left_child=2 20 3 4 9 10 23 -5 -8 12 -6 -12 21 14 -14 19 24 25 -19 -16 -2 22 -1 -7 -11 -18 27 28 -4 -23
right_child=1 -3 26 7 5 6 8 -9 -10 16 11 -13 13 -15 15 -17 17 18 -20 -21 -22 29 -24 -25 -26 -27 -28 -29 -30 -31
leaf_value=6.6098342047180201e-05 -2.7982788169538249e-05 0.0048514253221105278 0 0.00031624525430183549 0 0 0.00057109950129718837 0.0015830537601704562 0.0020726511353296377 -6.2273499210168258e-05 0.00074174261913540656 0.00011197106309702599 0.00011216417317873899 3.9331443077446762e-05 0.00013699757620792889 0.00076425488359769568 0.00023534819451079037 0.000468823515519973 0 0.00056750089522478555 0.00030722372909533046 -3.9940162575206255e-05 0.00044055797691530023 0.00034386284455519803 4.3827978767128978e-06 -7.9915298098891877e-06 -7.8046759799428253e-05 -7.7187452809660987e-05 0.00080531277485318832 9.2620346842296533e-05
leaf_weight=555 55 50 176 103 275 63 56 61 61 2797 88 78 156 341 141 76 56 61 51 50 50 548 50 55 888 745 9577 804 54 216
leaf_count=555 55 50 176 103 275 63 56 61 61 2797 88 78 156 341 141 76 56 61 51 50 50 548 50 55 888 745 9577 804 54 216
internal_value=6.96211e-07 0.00167644 -1.34058e-05 6.8777e-05 5.12609e-05 0.000412086 0.000805925 0.000824478 0.00140726 1.42243e-05 0.000189557 0.000478208 0.000105762 0.000206935 0.000329843 0.000437477 -2.71662e-05 3.87392e-05 0.000247385 0.000278105 8.5862e-05 4.55406e-05 0.000105972 0.00016085 -4.48576e-05 3.05881e-06 -7.25157e-05 -1.64296e-05 0.000173729 0
internal_weight=18337 155 18182 7571 7407 676 235 164 117 6731 441 166 2133 764 423 267 4598 913 112 191 105 1369 605 118 3685 801 10611 1034 230 764
internal_count=18337 155 18182 7571 7407 676 235 164 117 6731 441 166 2133 764 423 267 4598 913 112 191 105 1369 605 118 3685 801 10611 1034 230 764
is_linear=0
shrinkage=0.05


Tree=5
num_leaves=31
num_cat=0
split_feature=74 107 13 73 0 73 110 13 41 75 0 83 10 6 62 80 19 34 66 107 34 14 107 13 13 62 0 50 57 19
split_gain=0.0439944 0.0894296 0.237895 0.156847 0.0323366 0.0155896 0.00711981 0.0132775 0.00784522 0.00699172 0.0055594 0.00475198 0.00529021 0.00662433 0.00424795 0.00423324 0.00359313 0.00320675 0.0021242 0.00197022 0.00238835 0.00183337 0.00189477 0.00160606 0.00143193 0.00140692 0.00121787 0.00111407 0.0013153 0.00126884
threshold=267.16649315000006 24.463098825772978 0.40972222222222227 17.650000000000009 0.21365000000000003 12.250000000000004 5.535000000000001 0.36805555555555564 1027.3500000000001 12.500000000000002 0.0045500000000000011 1.0000000180025095e-35 0.028950000000000004 0.0013319953263888891 28.950000000000003 4.3500000000000236 44.050000000000004 0.31450000000000006 280.51713690000003 46.914709146432635 0.36650000000000005 3.5000000000000004 118.63798839404522 0.47916666666666669 0.56250000000000011 32.850000000000001 0.44465000000000005 123.35000000000002 7.2500000000000009 14.450000000000001
decision_type=2 2 2 2 2 2 2 2 2 2 2 2 2 2 2 2 2 2 2 2 2 2 2 2 2 2 2 2 2 2
left_child=11 2 3 -2 6 -6 7 9 10 18 27 12 -1 -14 17 -12 19 -10 -3 -17 -21 -22 -23 -4 25 -9 -13 28 29 -8
right_child=1 4 23 -5 5 -7 8 24 14 -11 15 26 13 -15 -16 16 -18 -19 -20 20 21 22 -24 -25 -26 -27 -28 -29 -30 -31
leaf_value=-5.1790514775650973e-06 0.00070885659631754862 6.7684563342481846e-05 0.0002340756284855375 0.0047328221015632164 0.0014012478998360724 0.00021179388354565683 0.00021034254443530584 0 3.9884023113562808e-05 0.0009887488319806066 1.0751860795331112e-05 -6.9698370863024815e-05 0.00076381945797298354 3.2656491251562277e-05 9.6274652696592947e-06 0.00042533000254347419 0.00048469185429162397 0.00065064659106913803 0.00053520139768079391 2.3076892265760444e-05 7.7857612606635467e-06 0.00059743965279490674 7.1130678492380191e-05 -4.2411978009838836e-05 -4.9231027701323742e-05 0.00028699734820202141 0.0001345510046475714 -5.327933547054837e-05 -2.8921793473178902e-05 0
leaf_weight=475 50 94 67 54 64 69 137 65 52 64 1558 10768 55 106 111 54 81 95 59 602 95 56 62 182 232 79 56 2271 529 145
leaf_count=475 50 94 67 54 64 69 137 65 52 64 1558 10768 55 106 111 54 81 95 59 602 95 56 62 182 232 79 56 2271 529 145
internal_value=0 9.94734e-05 0.000874612 0.00287102 5.69641e-05 0.000827662 4.01478e-05 0.000206138 2.24288e-05 0.000517481 9.03812e-06 -6.01265e-05 6.87644e-05 0.00031647 0.000292101 6.50052e-05 0.000148618 0.000470108 0.000282741 0.000111024 8.35761e-05 0.000230293 0.000365843 1.2623e-05 1.22943e-05 0.000145557 -6.81674e-05 -3.489e-05 1.04491e-05 0.000101813
internal_weight=18387 6927 353 104 6574 133 6441 593 5848 217 5590 11460 636 161 258 2508 950 147 153 869 815 213 118 249 376 144 10824 3082 811 282
internal_count=18387 6927 353 104 6574 133 6441 593 5848 217 5590 11460 636 161 258 2508 950 147 153 869 815 213 118 249 376 144 10824 3082 811 282
is_linear=0
shrinkage=0.05


Tree=6
num_leaves=31
num_cat=0
split_feature=109 71 104 0 109 91 107 99 59 40 13 35 114 1 57 13 21 37 0 8 83 69 113 66 21 1 92 40 67 83
split_gain=0.155298 0.257515 0.0288645 0.0276938 0.0261905 0.0197124 0.0237811 0.0151636 0.00904397 0.00814374 0.0073413 0.00643624 0.00928476 0.00411554 0.00357123 0.00263489 0.00197386 0.00195084 0.0015974 0.00155254 0.00149429 0.00132157 0.00114574 0.000993629 0.000873734 0.000768995 0.00355192 0.000753902 0.000935713 0.000800891
threshold=88.200000000000003 25.194897959183681 39.500000000000007 0.21365000000000003 79.980000000000004 289.87382485000006 39.184882750482181 271.50958945000008 275.49080840000005 1006.35 0.47916666666666669 482.50000000000006 25.640000000000004 0.0006863590000000001 5.9500000000000011 0.52083333333333337 -1.764285714285714 1.5000000000000002 0.024400000000000002 0.0025010416666666675 0.15000000000000005 26.787500000000005 0.99500000000000011 271.50247865000006 -2.9328571428571419 0.0035617145000000003 1.3500000000000003 985.35000000000002 5.5000000000000009 1.5500000000000005
decision_type=2 2 2 2 2 2 2 2 2 2 2 2 2 2 2 2 2 2 2 2 2 2 2 2 2 2 2 2 2 2
left_child=2 21 3 4 8 10 -7 -5 9 13 11 12 -6 14 16 17 24 -15 -10 -13 -20 -2 -19 25 -1 -4 -27 28 29 -16
right_child=1 -3 23 7 5 6 -8 -9 18 -11 -12 19 -14 15 27 -17 -18 22 20 -21 -22 -23 -24 -25 -26 26 -28 -29 -30 -31
leaf_value=9.3755056680261165e-05 -1.4123592677956014e-05 0.0044900420939951559 -7.3575053593682917e-05 0.00023042542050389291 0.00023467000340341985 0.0017163401406935673 0.00029073343342629832 0.0013396033155731856 -4.0133440230823512e-05 0.00072176172471329297 -6.4199347349436174e-05 0 0.0011361204405460189 0.00016257976825114867 3.4758893508782006e-05 1.6312125429047867e-06 0 0.00020889343582830124 0.00029226241743974526 0.00029738282231846826 9.1028774757191795e-06 0.0002786607269193225 0.0007236198742908461 -1.3376255566315389e-06 0.00056579246099046723 -4.8132083570042988e-05 0.0003718613537840045 -1.4036938377264956e-05 -1.769228387473576e-05 0.00021505284983404426
leaf_weight=50 51 50 9320 87 108 54 87 63 3357 53 160 138 52 195 312 140 63 63 51 67 1085 51 53 725 56 728 52 808 182 126
leaf_count=50 51 50 9320 87 108 54 87 63 3357 53 160 138 52 195 312 140 63 63 51 67 1085 51 53 725 56 728 52 808 182 126
internal_value=0 0.00158659 -1.3048e-05 6.26368e-05 4.79533e-05 0.000346925 0.000880164 0.000735179 1.69507e-05 0.000102985 0.000192806 0.000318995 0.000563934 8.41872e-05 4.25277e-05 0.000220222 0.000260951 0.000302277 -2.21817e-05 0.000101741 2.64585e-05 8.5009e-05 0.00049098 -6.5319e-05 0.000392819 -6.94162e-05 -1.32902e-05 1.30145e-05 5.62859e-05 9.83855e-05
internal_weight=18387 152 18235 7410 7260 666 141 150 6594 2101 525 365 160 2048 1597 451 169 311 4493 205 1136 102 116 10825 106 10100 780 1428 620 438
internal_count=18387 152 18235 7410 7260 666 141 150 6594 2101 525 365 160 2048 1597 451 169 311 4493 205 1136 102 116 10825 106 10100 780 1428 620 438
is_linear=0
shrinkage=0.05


Tree=7
num_leaves=31
num_cat=0
split_feature=109 64 104 109 10 91 107 80 59 40 13 35 111 1 57 72 13 73 37 21 7 8 83 9 73 41 21 66 109 34
split_gain=0.140406 0.196162 0.0262818 0.0214018 0.0182709 0.0178234 0.021343 0.0152757 0.00836958 0.00729571 0.00672258 0.0057987 0.00829389 0.0037171 0.00364494 0.00252631 0.00237055 0.00184281 0.00174478 0.00164007 0.0015281 0.00143914 0.00260048 0.00263548 0.00112672 0.00106406 0.000983274 0.000884295 0.000770032 0.000698301
threshold=88.200000000000003 14.450000000000001 39.500000000000007 79.980000000000004 0.22520000000000004 289.87382485000006 39.184882750482181 5.3000000000000123 275.49080840000005 1006.35 0.47916666666666669 482.50000000000006 5.1500000000000012 0.0006863590000000001 5.9500000000000011 30.450000000000003 0.52083333333333337 17.450000000000006 1.5000000000000002 -1.764285714285714 0.020693614500000002 0.0003927083333333334 0.35000000000000009 1.6700000000000002 14.850000000000003 1022.35 -2.9328571428571419 271.50247865000006 52.635000000000005 0.39150000000000007
decision_type=2 2 2 2 2 2 2 2 2 2 2 2 2 2 2 2 2 2 2 2 2 2 2 2 2 2 2 2 2 2
left_child=2 -2 3 4 8 10 -7 15 9 13 11 12 -5 14 19 24 18 25 29 26 -13 -19 23 -23 -6 -10 -1 -4 -20 -15
right_child=1 -3 27 5 7 6 -8 -9 17 -11 -12 20 -14 16 -16 -17 -18 21 28 -21 -22 22 -24 -25 -26 -27 -28 -29 -30 -31
leaf_value=8.915922189272333e-05 9.4286945916662393e-05 0.0038680050111309229 -6.5944121488578804e-05 0.00022304415171207656 0.00053075082680403168 0.0016320834205200134 0.00027636194673339728 0.0012542545767232347 -5.3618535528373919e-05 0.00068634191398612336 -6.1009318060935796e-05 0 0.0010803862434003572 0.00021269318063146583 1.2166991480815458e-05 0 1.5502295024061996e-06 -1.1954174803718666e-05 0.00067537446271374152 0 0.00024742700238501595 0.00049767940935390939 0 1.5335922913901984e-05 5.4315783044540482e-05 5.2198376419929522e-06 0.00057906746435998325 -1.2708365179342528e-06 0.00020195953186928473 0
leaf_weight=50 97 55 10100 108 57 54 87 51 2698 53 160 112 52 141 1420 57 140 449 54 58 93 72 272 85 51 868 52 725 62 54
leaf_count=50 97 55 10100 108 57 54 87 51 2698 53 160 112 52 141 1420 57 140 449 54 58 93 72 272 85 51 868 52 725 62 54
internal_value=1.97172e-07 0.00150881 -1.21859e-05 6.00191e-05 3.24692e-05 0.000331029 0.000838623 0.000484669 1.6669e-05 9.97462e-05 0.000183863 0.000304739 0.000537716 8.16479e-05 4.1455e-05 0.000210553 0.000210991 -2.11787e-05 0.000288941 0.00026864 9.69047e-05 4.10025e-05 0.000107955 0.000269933 0.000354202 -3.78975e-05 0.000390657 -6.2075e-05 0.000468966 0.000154492
internal_weight=18387 152 18235 7410 6744 666 141 216 6528 2084 525 365 160 2031 1580 165 451 4444 311 160 205 878 429 157 108 3566 102 10825 116 195
internal_count=18387 152 18235 7410 6744 666 141 216 6528 2084 525 365 160 2031 1580 165 451 4444 311 160 205 878 429 157 108 3566 102 10825 116 195
is_linear=0
shrinkage=0.05


Tree=8
num_leaves=31
num_cat=0
split_feature=109 71 104 0 109 91 108 73 13 35 111 62 41 34 0 67 105 0 9 87 9 9 65 40 84 113 97 105 13 64
split_gain=0.127191 0.214775 0.0239597 0.0230777 0.0215906 0.0161779 0.0174101 0.0127501 0.00627585 0.00556864 0.00703892 0.00555489 0.00676666 0.00288559 0.00280545 0.00199072 0.00223403 0.00189029 0.00149492 0.00239397 0.00237799 0.00123718 0.00117511 0.00117084 0.00206685 0.000866576 0.00214492 0.00304489 0.0062017 0.000863785
threshold=88.200000000000003 25.194897959183681 39.500000000000007 0.21365000000000003 79.980000000000004 290.14910675000004 1.5000000000000002 12.150000000000004 0.47916666666666669 482.50000000000006 5.1500000000000012 28.850000000000005 1027.2500000000002 0.31450000000000006 0.026950000000000005 9.5000000000000018 9.8644867814012631 0.0096000000000000026 1.2050000000000003 274.05710650000009 1.2200000000000002 4.0200000000000005 1.2500000000000004 978.55000000000007 15.500000000000002 0.055000000000000007 14.450000000000001 9.2083290871281154 0.5902777777777779 15.850000000000003
decision_type=2 2 2 2 2 2 2 2 2 2 2 2 2 2 2 2 2 2 2 2 2 2 2 2 2 2 2 2 2 2
left_child=2 22 3 4 11 8 -7 -5 9 10 -6 12 17 -14 18 16 -16 -1 -13 -20 -21 -11 -2 24 -18 26 -4 28 -28 -19
right_child=1 -3 25 7 5 6 -8 -9 -10 21 -12 14 13 -15 15 -17 23 29 19 20 -22 -23 -24 -25 -26 -27 27 -29 -30 -31
leaf_value=6.6543543241953234e-06 -3.0843139206551298e-05 0.0040877333409426852 -5.1322831579713368e-05 0.0012434008505736148 0.00022993584832030529 0.0014489262352881563 0.00021030197921112026 0.00021490740209573133 -5.7977799865596511e-05 0 0.0010273861563500932 -5.0836269589554754e-05 1.9669155482444219e-05 0.0005932073314687266 0 -5.9490684969344209e-06 0.00012172165527394824 0.00017208193111889957 0.00030576694087575389 0.00032220799501511417 -2.1711222946004949e-05 0.00026259069528896366 0.00025322320237565319 6.6144644989800131e-05 0.00051358459062202479 -6.5136415977637408e-05 0.00066070419364762736 -2.4388362110918773e-06 0 0
leaf_weight=801 52 50 1273 61 111 61 74 89 160 139 52 2715 53 97 246 627 170 395 66 52 938 69 50 256 70 9241 58 198 55 108
leaf_count=801 52 50 1273 61 111 61 74 89 160 139 52 2715 53 97 246 627 170 395 66 52 938 69 50 256 70 9241 58 198 55 108
internal_value=4.23757e-07 0.0014363 -1.13491e-05 5.75785e-05 4.41099e-05 0.00031561 0.00081328 0.000671739 0.000178394 0.000293657 0.000519538 1.58863e-05 0.000102386 0.000425142 -7.6254e-06 5.23303e-05 0.000108248 6.11307e-05 -3.0725e-05 1.62503e-05 0 9.10811e-05 6.09679e-05 0.000169574 0.000258419 -5.89947e-05 -1.99909e-05 9.19862e-05 0.000299869 0.000137775
internal_weight=18387 152 18235 7410 7260 666 135 150 531 371 163 6594 1454 150 5140 1369 742 1304 3771 1056 990 208 102 496 240 10825 1584 311 113 503
internal_count=18387 152 18235 7410 7260 666 135 150 531 371 163 6594 1454 150 5140 1369 742 1304 3771 1056 990 208 102 496 240 10825 1584 311 113 503
is_linear=0
shrinkage=0.05


Tree=9
num_leaves=31
num_cat=0
split_feature=104 107 13 0 73 0 64 8 73 2 9 105 105 59 83 107 3 8 7 41 112 9 1 32 63 20 2 0 1 81
split_gain=0.0308186 0.0475343 0.167051 0.0216158 0.0114561 0.0090635 0.00775619 0.00417832 0.00482924 0.0055933 0.00303146 0.00277227 0.00250954 0.00248909 0.00246578 0.00483042 0.00244572 0.00315356 0.00219121 0.00204929 0.00215489 0.00171181 0.00157877 0.00156666 0.00112812 0.00130287 0.000916156 0.000778826 0.000767889 0.0033393
threshold=39.500000000000007 24.463098825772978 0.40972222222222227 0.21365000000000003 12.250000000000004 0.029250000000000002 21.050000000000004 0.0003927083333333334 17.250000000000007 7.8200000000000017e-05 2.2800000000000007 9.2537812750240267 9.0381850233546981 272.99297450000006 1.0000000180025095e-35 24.463098825772978 0.012175694444444446 0.0055093750000000013 0.021360750500000001 1026.8500000000001 0.39500000000000007 1.2050000000000003 0.0006863590000000001 47.500000000000007 19.126000000000001 47.050000000000004 0.00011533350000000001 0.052550000000000006 0.0035617145000000003 -8.3203462499999983
decision_type=2 2 2 2 2 2 2 2 2 2 2 2 2 2 2 2 2 2 2 2 2 2 2 2 2 2 2 2 2 2
left_child=1 2 -1 6 -5 -4 7 11 16 10 21 12 26 -8 15 -2 22 -18 -11 -13 -21 -10 -9 -14 25 -24 -3 -15 -16 -30
right_child=14 3 5 4 -6 -7 13 8 9 18 -12 19 23 27 28 -17 17 -19 -20 20 -22 -23 24 -25 -26 -27 -28 -29 29 -31
leaf_value=0.0024807166470956245 0.00038861134951117355 -3.5054667358467926e-05 -4.05372735733168e-05 0.001160269303390613 0.0001869690259267916 0.00058805667285291162 0.00022161908040330654 1.466283479279276e-05 0.00033898974148415971 9.6762836459534947e-06 0.00010415645156083374 -2.1217128945963201e-05 4.2832777013673451e-06 -5.6425279475849367e-05 -6.1893153372043092e-05 -1.1428516143338208e-05 0.00046121416001625127 0 0.00034130473093828186 0.00042792813541897015 2.2905152551712407e-05 0.00084085727113980188 0.00036503129754540475 0.00048894189835807901 0 0 0.00013647286049154692 5.5838568820096266e-06 0.00028319439129750949 -4.5222399047796924e-05
leaf_weight=91 88 122 281 64 86 68 86 1042 100 259 81 1582 50 2101 9661 367 88 53 74 52 175 66 95 75 111 59 129 482 85 714
leaf_count=91 88 122 281 64 86 68 86 1042 100 259 81 1582 50 2101 9661 367 88 53 74 52 175 66 95 75 111 59 129 482 85 714
internal_value=5.51516e-07 7.90515e-05 0.000583606 4.66915e-05 0.00064029 6.8984e-05 3.29358e-05 7.554e-05 0.000127843 0.000253408 0.000439985 2.46718e-05 0.000148031 -3.2445e-05 -5.27309e-05 5.56595e-05 7.39565e-05 0.000278932 9.91428e-05 0 0.000139086 0.000572308 4.78246e-05 0.000336334 0.000158877 0.00024802 3.34514e-05 -4.29214e-05 -5.79286e-05 -3.72412e-06
internal_weight=18387 7472 440 7032 150 349 6882 4213 2028 580 247 2185 376 2669 10915 455 1448 141 333 1809 227 166 1307 125 265 154 251 2583 10460 799
internal_count=18387 7472 440 7032 150 349 6882 4213 2028 580 247 2185 376 2669 10915 455 1448 141 333 1809 227 166 1307 125 265 154 251 2583 10460 799
is_linear=0
shrinkage=0.05


Tree=10
num_leaves=31
num_cat=0
split_feature=109 71 104 0 109 40 69 34 24 14 59 40 35 34 110 14 102 0 40 71 73 8 17 70 109 53 0 64 105 27
split_gain=0.0996582 0.195029 0.0226071 0.0235842 0.0237321 0.0141268 0.0178627 0.0224168 0.0127523 0.00726731 0.00682276 0.00629636 0.00444699 0.00309483 0.00278403 0.00198585 0.00273187 0.00185133 0.00176748 0.0015202 0.00144647 0.00097452 0.00173682 0.00290498 0.000947649 0.00179366 0.000831276 0.000758148 0.00104601 0.000693411
threshold=88.200000000000003 25.063265306122453 39.500000000000007 0.21365000000000003 79.980000000000004 965.85000000000002 36.112500000000004 0.34250000000000008 -0.45292520358310351 7.5000000000000009 275.56874625000006 1006.35 742.50000000000011 0.37150000000000005 6.8100000000000014 3.5000000000000004 -0.37940952255126059 0.071900000000000006 977.95000000000016 24.982653061224493 17.450000000000006 0.0003927083333333334 15.500000000000002 39.150000000000013 84.075000000000017 290.24706720000006 0.051850000000000007 16.450000000000003 9.3949291280218734 273.40422000000007
decision_type=2 2 2 2 2 2 2 2 2 2 2 2 2 2 2 2 2 2 2 2 2 2 2 2 2 2 2 2 2 2
left_child=2 18 3 4 10 29 9 -8 -5 -7 11 13 -11 17 -15 -16 -17 27 -2 -19 26 -22 23 -23 -4 -26 -12 28 -1 -6
right_child=1 -3 24 8 5 6 7 -9 -10 12 20 -13 -14 14 15 16 -18 19 -20 -21 21 22 -24 -25 25 -27 -28 -29 -30 -31
leaf_value=0.00015811736702844373 0.00025986801455705886 0.0037985270535664667 -5.7285878486402971e-05 0.0012027901928149051 -1.7593067767620595e-05 0 0.001763284553107324 0.00030535639591423961 0.00022810926767562298 0.00073120587562524187 -4.5956675392653417e-05 0.00063534850237408178 0.00010016314039321643 0 7.8688439260748712e-06 0 0.00039383415862097006 3.6397110562049903e-05 -0.00012765881196052456 0.00037989461823171417 -5.6205911760337418e-06 1.5688625104443278e-05 0 0.0005294963659037388 -1.8578682522053076e-05 0.00027669713463534179 8.9727848099856704e-06 -2.4631056247090609e-05 0 0.00017635481800728787
leaf_weight=165 50 50 10296 66 191 136 57 68 102 93 2870 53 70 118 110 73 230 141 59 67 452 103 277 53 409 56 719 692 459 53
leaf_count=165 50 50 10296 66 191 136 57 68 102 93 2870 53 70 118 110 73 230 141 59 67 452 103 277 53 409 56 719 692 459 53
internal_value=3.14377e-06 0.00124574 -7.51733e-06 5.93143e-05 4.49553e-05 0.000329061 0.000503521 0.00101857 0.000645457 0.000268854 1.53166e-05 8.98742e-05 0.000492957 7.30719e-05 0.000179189 0.000240982 0.000308859 3.27261e-05 5.39764e-06 0.000172255 -1.87074e-05 3.5853e-05 9.05804e-05 0.000224359 -5.4053e-05 6.76926e-06 -3.35602e-05 6.7624e-06 4.95606e-05 4.67466e-06
internal_weight=18338 159 18179 7418 7250 668 424 125 168 299 6582 2108 163 2055 531 413 303 1524 109 208 4474 885 433 156 10761 465 3589 1316 624 244
internal_count=18338 159 18179 7418 7250 668 424 125 168 299 6582 2108 163 2055 531 413 303 1524 109 208 4474 885 433 156 10761 465 3589 1316 624 244
is_linear=0
shrinkage=0.05


Tree=11
num_leaves=31
num_cat=0
split_feature=109 71 104 109 98 3 99 114 34 6 62 41 34 13 99 1 37 109 19 107 65 8 111 27 73 100 71 108 3 50
split_gain=0.0900979 0.176375 0.0205787 0.0193222 0.0161723 0.016047 0.016316 0.0136795 0.00616047 0.00576291 0.00475098 0.00545444 0.00338702 0.00300042 0.00342138 0.00225564 0.00277712 0.00193395 0.00184396 0.00174748 0.00170621 0.0013683 0.00136813 0.00123721 0.00129961 0.00111662 0.00104327 0.000954486 0.000933892 0.000930758
threshold=88.200000000000003 25.063265306122453 39.500000000000007 79.980000000000004 9.0500000000000025 0.021504166666666668 273.79796620000008 25.640000000000004 0.34350000000000008 0.002396360541666667 28.950000000000003 1027.2500000000002 0.31450000000000006 0.47916666666666669 287.38378850000004 8.5250000000000026e-05 6.5000000000000009 84.635000000000005 37.400000000000013 74.21506061840644 1.3500000000000005 0.0003927083333333334 6.5050000000000017 267.04452425000005 10.150000000000004 0.15000000000000005 25.696938775510208 3.5000000000000004 0.011378472222222222 42.350000000000001
decision_type=2 2 2 2 2 2 2 2 2 2 2 2 2 2 2 2 2 2 2 2 2 2 2 2 2 2 2 2 2 2
left_child=2 20 3 5 7 10 18 -5 -9 -8 11 23 -13 14 17 22 21 25 -7 -18 -2 -17 26 -1 29 -6 -12 -23 -29 -25
right_child=1 -3 -4 4 13 6 9 8 -10 -11 15 12 -14 -15 -16 16 19 -19 -20 -21 -22 27 -24 24 -26 -27 -28 28 -30 -31
leaf_value=-2.0917334109705007e-05 -0.00012733191356528552 0.0036123247649155407 -5.1349401447811123e-05 0.000266626051251554 0.00063253758813787973 0 0.0012114939237419034 0.00156762818184421 0.00053732513163525333 0.00033214341584645251 0 0 0.00055785475065040738 -4.6295145678957053e-05 -3.9446144537710029e-05 -2.7612146652724496e-05 0 6.0686359942807149e-05 0.00023745663545309199 0.00040969626416225297 0.00025412897959005719 0 -4.1915344569825032e-05 0.00027666141738382839 0 0.0001753803743111868 0.00028018037982242692 0.00015931586267950196 0 8.0650300930439688e-05
leaf_weight=315 59 50 10761 134 66 144 61 50 51 57 75 55 97 138 68 747 54 92 144 78 50 193 3343 117 358 69 54 306 99 453
leaf_count=315 59 50 10761 134 66 144 61 50 51 57 75 55 97 138 68 747 54 92 144 78 50 193 3343 117 358 69 54 306 99 453
internal_value=3.18511e-06 0.00118468 -6.93826e-06 5.68115e-05 0.000313943 3.05816e-05 0.000335331 0.000652053 0.00110676 0.0008351 1.02407e-05 9.21269e-05 0.000379458 0.000117843 0.000211415 -1.18449e-05 3.83124e-05 0.000308335 0.000111082 0.000258561 2.91512e-06 1.28062e-05 -3.46265e-05 5.26946e-05 8.30592e-05 0.000438652 0.000114669 7.16044e-05 0.000115939 0.000130055
internal_weight=18338 159 18179 7418 668 6750 406 235 101 118 6344 1395 152 433 295 4949 1477 227 288 132 109 1345 3472 1243 928 135 129 598 405 570
internal_count=18338 159 18179 7418 668 6750 406 235 101 118 6344 1395 152 433 295 4949 1477 227 288 132 109 1345 3472 1243 928 135 129 598 405 570
is_linear=0
shrinkage=0.05


Tree=12
num_leaves=31
num_cat=0
split_feature=109 71 104 0 109 40 69 113 80 14 21 62 41 3 19 2 83 104 64 65 109 13 107 112 35 70 73 23 21 108
split_gain=0.0814604 0.159506 0.018704 0.0193154 0.020732 0.0121375 0.0158162 0.0279978 0.0111362 0.00598936 0.00603212 0.00485069 0.00467522 0.003173 0.00251944 0.00264682 0.00197218 0.00169711 0.00162365 0.00154325 0.00148779 0.00149331 0.00138128 0.00113475 0.0010253 0.00101263 0.000930488 0.00083563 0.00118246 0.000771118
threshold=88.200000000000003 25.063265306122453 41.500000000000007 0.21365000000000003 79.980000000000004 965.85000000000002 36.112500000000004 1.0000000180025095e-35 4.1999999999999895 7.5000000000000009 -1.9257142857142837 28.850000000000005 1027.2500000000002 0.00030833333333333337 43.20000000000001 0.0022618450000000006 1.2500000000000004 19.500000000000004 15.15 1.3500000000000005 47.610000000000007 0.5902777777777779 86.769874021242742 0.50000000000000011 712.50000000000011 38.850000000000001 17.550000000000008 3.6500000000000008 -1.764285714285714 7.5000000000000009
decision_type=2 2 2 2 2 2 2 2 2 2 2 2 2 2 2 2 2 2 2 2 2 2 2 2 2 2 2 2 2 2
left_child=2 19 3 4 11 -6 9 -8 -5 -7 -11 12 16 -14 20 -16 27 -17 23 -2 -13 22 25 -18 -12 -22 -27 28 29 -1
right_child=1 -3 -4 8 5 6 7 -9 -10 10 24 14 13 -15 15 17 18 -19 -20 -21 21 -23 -24 -25 -26 26 -28 -29 -30 -31
leaf_value=0.00029485835169587842 -0.00012107142555760218 0.0034352499999416373 -5.0675379479172971e-05 0.00023162451065988953 6.2950211945096905e-06 0 0.0018379002814796173 0.00025479329208701528 0.0011573694722127107 0.0008748140749575815 0.00032766408259843821 -4.0275960885202565e-05 1.3608505089486822e-06 0.00056002983873451053 0 0.00054068649670592061 2.8389606570058005e-05 5.641567658105333e-05 0 0.00024167168549348727 1.2796336937709764e-05 -3.1995162619203322e-05 0 0.00048843145381340493 0 8.3859591278114088e-05 0.00034423260043868578 0 0 0
leaf_weight=90 59 50 10373 117 260 144 52 79 58 58 51 3039 62 88 150 53 50 70 60 50 246 931 704 63 60 204 83 810 156 68
leaf_count=90 59 50 10373 117 260 144 52 79 58 58 51 3039 62 88 150 53 50 70 60 50 246 931 704 63 60 204 83 810 156 68
internal_value=3.17514e-06 0.00112662 -6.43728e-06 5.1707e-05 3.9054e-05 0.000297677 0.000456673 0.000930244 0.000571685 0.000240214 0.000441202 1.20089e-05 9.37052e-05 0.000363764 -8.66401e-06 0.000137132 5.83643e-05 0.000308085 0.000219891 5.54277e-07 -1.72929e-05 1.26221e-05 5.02398e-05 0.000330767 0.000164199 0.000110988 0.000177454 2.88851e-05 9.80398e-05 0.000193996
internal_weight=18338 159 18179 7806 7631 704 444 131 175 313 169 6927 1447 150 5480 273 1297 123 173 109 5207 2168 1237 113 111 533 287 1124 314 158
internal_count=18338 159 18179 7806 7631 704 444 131 175 313 169 6927 1447 150 5480 273 1297 123 173 109 5207 2168 1237 113 111 533 287 1124 314 158
is_linear=0
shrinkage=0.05


Tree=13
num_leaves=31
num_cat=0
split_feature=109 71 104 0 109 98 114 80 59 40 34 34 73 110 16 102 14 80 0 84 40 112 73 112 40 66 8 17 40 109
split_gain=0.0736368 0.144251 0.0170924 0.0176792 0.0178877 0.0138836 0.0112849 0.00958023 0.00550596 0.00510747 0.00454257 0.00254395 0.00219181 0.00211222 0.00275773 0.00161896 0.00203337 0.00209249 0.00150392 0.00157272 0.00139975 0.00128954 0.00119584 0.000983843 0.000955752 0.000832366 0.000813941 0.00149922 0.00207141 0.000730192
threshold=88.200000000000003 25.063265306122453 39.500000000000007 0.21365000000000003 79.980000000000004 9.0500000000000025 25.640000000000004 4.1999999999999895 275.56874625000006 1006.35 0.34350000000000008 0.36550000000000005 20.050000000000008 6.8100000000000014 53.20000000000001 -0.5 3.5000000000000004 3.3000000000000118 0.051850000000000007 16.500000000000004 977.95000000000016 0.15500000000000003 17.450000000000006 0.6100000000000001 979.35000000000002 271.59804450000007 0.0003927083333333334 15.500000000000002 977.35000000000002 80.390000000000015
decision_type=2 2 2 2 2 2 2 2 2 2 2 2 2 2 2 2 2 2 2 2 2 2 2 2 2 2 2 2 2 2
left_child=2 20 3 4 8 6 24 -5 9 11 -8 18 21 -13 15 -15 -17 -18 -1 -20 -2 -7 -10 -23 -6 -4 -24 28 -28 -27
right_child=1 -3 25 7 5 12 10 -9 22 -11 -12 13 -14 14 -16 16 17 -19 19 -21 -22 23 26 -25 -26 29 27 -29 -30 -31
leaf_value=0 0.00023012154627198757 0.0032668554668963028 -5.0075919767953976e-05 0.00022269388195520547 3.870815978759007e-05 -3.4837678990022531e-05 0.0014249343564905063 0.0011004818197718617 -3.0207338096339934e-05 0.00057331661329684455 0.00049675017063176622 0 0.00031818349304984974 0 0 0 0.00013276888622375962 0.00054380270197315324 0 0.00025963096160790887 -0.00011537078940697635 0.00030491475445040904 -4.2378571415771691e-06 0 0.00041231647211000075 -8.1899989492865096e-06 0.00048149544462349327 0 2.7472084343529123e-05 0.00017997702191794153
leaf_weight=1117 50 50 10053 110 74 201 50 58 3589 53 51 148 97 74 157 55 92 132 156 124 59 60 452 75 60 654 50 277 106 54
leaf_count=1117 50 50 10053 110 74 201 50 58 3589 53 51 148 97 74 157 55 92 132 156 124 59 60 452 75 60 654 50 277 106 54
internal_value=3.26402e-06 0.0010714 -5.86164e-06 5.22125e-05 3.96796e-05 0.0002864 0.000599818 0.000560044 1.3841e-05 8.08578e-05 0.00101473 6.54524e-05 0.000103789 0.000147993 0.000196416 0.000274162 0.000330884 0.000398548 2.29204e-05 0.000126466 0 2.62982e-05 -1.66288e-05 0.000153674 0.000244848 -4.63602e-05 3.27658e-05 8.28346e-05 0.000206979 0
internal_weight=18338 159 18179 7418 7250 668 235 168 6582 2108 101 2055 433 658 510 353 279 224 1397 280 109 336 4474 135 134 10761 885 433 156 708
internal_count=18338 159 18179 7418 7250 668 235 168 6582 2108 101 2055 433 658 510 353 279 224 1397 280 109 336 4474 135 134 10761 885 433 156 708
is_linear=0
shrinkage=0.05


Tree=14
num_leaves=31
num_cat=0
split_feature=109 71 74 0 109 63 2 74 35 41 2 19 20 3 1 40 66 1 86 94 50 11 70 62 8 107 63 108 19 24
split_gain=0.0665693 0.130454 0.0153945 0.0168725 0.0169841 0.0133038 0.0173037 0.00760825 0.00483195 0.00381974 0.00302337 0.0042029 0.00290023 0.00266629 0.00261146 0.0018204 0.00164655 0.00136515 0.00131011 0.00127638 0.000892581 0.000846332 0.000838169 0.000972992 0.000822992 0.0021311 0.00591376 0.000796861 0.000777389 0.000769948
threshold=88.200000000000003 25.063265306122453 267.16649315000006 0.21365000000000003 79.980000000000004 24.662000000000003 3.0850000000000011e-05 270.87989455000007 457.50000000000006 1027.3500000000001 0.0022618450000000006 44.050000000000004 30.650000000000002 0.00030833333333333337 0.0035617145000000003 981.1500000000002 280.90927595000011 1.1650000000000002e-05 7.2500000000000009 15.15 595.10000000000014 -0.0044257142857142863 38.250000000000007 22.150000000000002 0.00084479166666666676 33.845472724088289 26.458000000000009 11.500000000000002 25.150000000000002 -0.75993404150491861
decision_type=2 2 2 2 2 2 2 2 2 2 2 2 2 2 2 2 2 2 2 2 2 2 2 2 2 2 2 2 2 2
left_child=2 18 16 4 9 8 -7 -5 15 10 14 17 13 -11 22 -6 24 -12 -2 20 21 -19 -4 -24 -1 26 -26 -23 -18 -13
right_child=1 -3 3 7 5 6 -8 -9 -10 12 11 29 -14 -15 -16 -17 28 19 -20 -21 -22 27 23 -25 25 -27 -28 -29 -30 -31
leaf_value=-5.4942045306851122e-05 -0.00011248258510507489 0.0031067154813996132 -4.6407293494357233e-05 0.00011681165091790142 9.0295118979632951e-05 0.0011781860479262748 0.00012181717294840373 0.00093673485253627101 0 5.0559501247034949e-05 0 0.0005674119126599502 -5.8752331767065756e-06 0.0004919557494526593 0.00022596340893920642 0.00060969853530147458 0.00024164022979144092 0 0.00022211660495753783 2.9567750140471793e-06 0 0.00029375492190421244 8.5702172842957232e-05 -1.3232176801793561e-05 0 -3.6268942554966198e-05 0.00054205186340550431 0 0 9.7137141195822085e-05
leaf_weight=7249 59 50 1876 70 62 86 92 77 293 96 769 50 75 100 106 60 64 72 50 313 51 177 279 2146 293 3460 59 51 103 50
leaf_count=7249 59 50 1876 70 62 86 92 77 293 96 769 50 75 100 106 60 64 72 50 313 51 177 279 2146 293 3460 59 51 103 50
internal_value=3.29976e-06 0.00101888 -5.36343e-06 5.27937e-05 4.05088e-05 0.000296405 0.000663861 0.000583506 0.000125561 1.52283e-05 5.96751e-06 6.70106e-05 0.000199064 0.000302496 -1.41428e-05 0.00038927 -4.18139e-05 4.10755e-05 0 9.36505e-05 0.000160083 0.000193344 -2.12737e-05 0 -4.44917e-05 -2.32986e-05 8.97717e-05 0.000241609 0.000104991 0.000385069
internal_weight=18338 159 18179 6951 6804 593 178 147 415 6211 5940 1533 271 196 4407 122 11228 1433 109 664 351 300 4301 2425 11061 3812 352 228 167 100
internal_count=18338 159 18179 6951 6804 593 178 147 415 6211 5940 1533 271 196 4407 122 11228 1433 109 664 351 300 4301 2425 11061 3812 352 228 167 100
is_linear=0
shrinkage=0.05


Tree=15
num_leaves=31
num_cat=0
split_feature=109 71 104 113 67 3 24 62 21 40 20 1 6 13 105 14 66 91 19 3 84 113 114 73 21 105 113 98 105 95
split_gain=0.0708765 0.139799 0.0134147 0.0149249 0.0263467 0.00876986 0.0085316 0.0035761 0.005502 0.00472496 0.00331326 0.00284667 0.00284636 0.00267543 0.00267757 0.00236067 0.00215374 0.00204073 0.00255576 0.00178681 0.00154927 0.00117194 0.00157157 0.00129085 0.00115995 0.00134178 0.000903196 0.00223173 0.00447251 0.000859692
threshold=88.200000000000003 25.194897959183681 39.500000000000007 1.0000000180025095e-35 9.5000000000000018 0.021504166666666668 -0.68443701688240344 28.850000000000005 -3.551428571428572 994.25000000000011 35.600000000000001 8.5250000000000026e-05 0.002396360541666667 0.5902777777777779 8.8843272925997816 39.500000000000007 271.84152235000005 275.78302230000003 20.900000000000002 0.00038611111111111116 15.500000000000002 0.19500000000000003 28.365000000000006 16.250000000000007 -2.672857142857143 10.650483037778512 0.055000000000000007 7.3500000000000005 9.2083290871281154 269.97623825000005
decision_type=2 2 2 2 2 2 2 2 2 2 2 2 2 2 2 2 2 2 2 2 2 2 2 2 2 2 2 2 2 2
left_child=2 29 3 4 10 7 12 8 9 -5 15 21 -7 14 -13 -1 -16 18 19 -10 -8 22 23 -9 25 -18 27 -4 -29 -2
right_child=1 -3 26 5 -6 6 20 11 17 -11 -12 13 -14 -15 16 -17 24 -19 -20 -21 -22 -23 -24 -25 -26 -27 -28 28 -30 -31
leaf_value=0.0004541977501846235 0.00017259304039066148 0.0032127627760272326 -3.1419134735377767e-05 7.7156647954123195e-05 0.0013847244758772748 0.00094805258504030386 -1.0998050164354415e-05 0 4.5630091597558926e-05 0.00073073861505988929 -1.9297371024136241e-05 0.00043511473104657734 0.00023444259172153903 -3.5596409157357344e-05 0.00033229017341363946 1.4265612728308949e-05 0.00032550182625066859 4.8722936295291385e-06 1.773826725980143e-05 0.00052773695536837014 0.00019199554778148587 -4.2632159377532467e-05 -6.9953207564426502e-06 0.00032492124692907971 1.3238135542493539e-05 0 -4.7111088686722669e-05 0.00045666188375213785 0 -0.00010513352946841144
leaf_weight=103 50 50 1360 89 54 54 111 91 64 60 109 61 52 502 79 79 74 964 207 66 177 2945 526 71 775 69 9202 73 180 56
leaf_count=103 50 50 1360 89 54 54 111 91 64 60 109 61 52 502 79 79 74 964 207 66 177 2945 526 71 775 69 9202 73 180 56
internal_value=3.56431e-06 0.00106153 -5.28856e-06 4.63531e-05 0.000368251 2.98111e-05 0.000259523 1.53971e-05 8.4931e-05 0.000376794 0.000158408 -3.06823e-06 0.000650171 5.23015e-05 9.87229e-05 0.000291682 7.27159e-05 4.74007e-05 0.000153887 0.00033072 9.66901e-05 -2.82276e-05 2.61471e-05 0.000163815 4.45998e-05 0.000178573 -4.1001e-05 -3.03781e-06 0.000129364 0
internal_weight=18353 156 18197 7382 345 7037 394 6643 1450 149 291 5193 106 1560 1058 182 997 1301 337 130 288 3633 688 162 918 143 10815 1613 253 106
internal_count=18353 156 18197 7382 345 7037 394 6643 1450 149 291 5193 106 1560 1058 182 997 1301 337 130 288 3633 688 162 918 143 10815 1613 253 106
is_linear=0
shrinkage=0.05


Tree=16
num_leaves=31
num_cat=0
split_feature=109 71 104 109 0 98 114 80 75 59 13 74 57 105 1 41 62 103 104 73 107 107 9 107 107 59 65 21 18 109
split_gain=0.0640752 0.126429 0.012239 0.012587 0.0125289 0.0114313 0.0085799 0.00577537 0.00542749 0.00382764 0.00227335 0.00390477 0.00223102 0.0041213 0.00166158 0.00134763 0.00203043 0.00132677 0.00125749 0.00105129 0.000955749 0.00171351 0.00169302 0.000954213 0.00499299 0.00208612 0.00073535 0.00073451 0.000711275 0.00132245
threshold=88.200000000000003 25.194897959183681 38.500000000000007 79.980000000000004 0.21365000000000003 9.0500000000000025 25.640000000000004 3.4500000000000459 16.500000000000004 275.56874625000006 0.47916666666666669 272.58622380000003 6.7500000000000009 9.2309758884199038 0.0006863590000000001 1027.3500000000001 30.150000000000002 0.78656609248549303 11.500000000000002 17.050000000000008 105.94356717996091 60.631396245768578 0.43500000000000005 33.15434016127945 32.789184554052362 288.84601160000005 1.1500000000000004 -2.2814285714285698 14.500000000000002 54.935000000000009
decision_type=2 2 2 2 2 2 2 2 2 2 2 2 2 2 2 2 2 2 2 2 2 2 2 2 2 2 2 2 2 2
left_child=2 26 3 4 9 6 -5 -6 -8 12 11 27 13 -1 15 -14 -17 -15 28 -11 21 -21 -23 24 25 -4 -2 -7 29 -16
right_child=1 -3 23 5 7 10 8 -9 -10 19 -12 -13 14 17 18 16 -18 -19 -20 20 -22 22 -24 -25 -26 -27 -28 -29 -30 -31
leaf_value=0.00053374594606056406 -9.8694742056457989e-05 0.003055274526037358 -3.8054983737641706e-05 0.00020957814405341601 0.00018260892830148807 7.4667782195879568e-05 0.00037872964549229819 0.00093209761553085773 0.0013155061290756119 -2.6854714472759707e-05 -5.500443154830404e-05 0 0 0 0.00042826053661114497 0.00036227509927619291 0 0.00022393870786974269 0 1.065911072340747e-05 -9.7056448704754288e-06 0 0.00047601464497767248 -4.3173770556695845e-05 0.00048873722299878658 0.00027507776105081848 0.0001576813632555758 0.00048710413641122409 0 6.9084261415557893e-05
leaf_weight=73 55 50 989 125 99 51 52 51 51 3432 136 148 1258 164 80 65 68 93 162 317 426 62 51 9909 50 53 51 82 50 100
leaf_count=73 55 50 989 125 99 51 52 51 51 3432 136 148 1258 164 80 65 68 93 162 317 426 62 51 9909 50 53 51 82 50 100
internal_value=3.5721e-06 0.0010095 -4.8318e-06 4.55492e-05 2.39377e-05 0.000256931 0.000545353 0.000475033 0.000898836 1.25133e-05 8.63439e-05 0.000172437 6.79844e-05 0.00019179 4.2173e-05 1.24829e-05 0.000163588 7.35859e-05 0.000134505 -1.3665e-05 3.33527e-05 8.75349e-05 0.00025735 -3.82427e-05 1.92622e-06 -1.70856e-05 0 0.000368003 0.000210685 0.000257827
internal_weight=18353 156 18197 7196 6551 645 228 150 103 6401 417 281 2113 330 1783 1391 133 257 392 4288 856 430 113 11001 1092 1042 106 133 230 180
internal_count=18353 156 18197 7196 6551 645 228 150 103 6401 417 281 2113 330 1783 1391 133 257 392 4288 856 430 113 11001 1092 1042 106 133 230 180
is_linear=0
shrinkage=0.05


Tree=17
num_leaves=31
num_cat=0
split_feature=109 71 104 113 69 0 73 62 21 59 112 8 110 41 91 57 1 66 20 6 113 113 98 107 95 66 8 107 91 11
split_gain=0.057926 0.114338 0.0111655 0.0125899 0.022134 0.0109702 0.00549953 0.00348252 0.00446999 0.00410495 0.00346019 0.00274102 0.00319023 0.00249186 0.00220477 0.00441527 0.00168906 0.00205699 0.0010459 0.00106827 0.000781191 0.000764157 0.00198254 0.00439854 0.000721872 0.000534675 0.000533713 0.000581567 0.000439495 0.000434176
threshold=88.200000000000003 25.194897959183681 39.500000000000007 1.0000000180025095e-35 36.162500000000009 0.21365000000000003 13.950000000000005 28.850000000000005 -3.551428571428572 274.7409866000001 0.15500000000000003 0.00084479166666666676 4.7450000000000001 1019.9500000000002 275.68747885000005 6.7500000000000009 0.00015051900000000003 271.92391890000005 51.350000000000009 0.0010634272638888891 0.10000000000000002 0.055000000000000007 7.3500000000000005 35.942420820543425 269.97623825000005 275.42766900000009 0.001954166666666667 42.452782277892588 268.86060095000005 -0.00025000000000000006
decision_type=2 2 2 2 2 2 2 2 2 2 2 2 2 2 2 2 2 2 2 2 2 2 2 2 2 2 2 2 2 2
left_child=2 24 3 4 10 7 -7 8 9 -5 -1 18 13 -13 15 -10 20 -18 -9 -20 -14 22 26 -24 -2 -16 -4 28 -28 -17
right_child=1 -3 21 5 -6 6 -8 11 14 -11 -12 12 16 -15 25 29 17 -19 19 -21 -22 -23 23 -25 -26 -27 27 -29 -30 -31
leaf_value=6.0927117804702118e-06 0.00015791120410807815 0.002905506164602497 -4.801457534653338e-05 0.00010138945609692457 0.0011967026955902666 0.00071406893935268634 2.6268014149483885e-05 -3.4666962297743887e-05 0.00044456009344066844 0.00072223446780007405 0.00044047602197995581 0.00050645078841411945 0.00011616032481487354 2.4797081397543304e-06 4.7100127633948034e-05 0 0.00039617232133329301 5.2943954599080451e-05 0 0.0002184682183388549 -2.449868996668704e-05 -4.2622895114383391e-05 0.00045068710771698688 0 -9.6695150564380782e-05 -2.3674748280568503e-05 0 -1.6370086339653737e-05 0.00019491896433651969 0.00015931421053691714
leaf_weight=215 50 50 1031 105 62 86 68 3376 99 52 68 67 104 72 496 212 57 480 188 77 952 9202 72 181 56 496 58 204 67 50
leaf_count=215 50 50 1031 105 62 86 68 3376 99 52 68 67 104 72 496 212 57 480 188 77 952 9202 72 181 56 496 58 204 67 50
internal_value=3.57298e-06 0.000960017 -4.40401e-06 4.26856e-05 0.000338443 2.74292e-05 0.000444752 1.73025e-05 8.44063e-05 0.000341935 0.000129257 -6.37857e-07 5.01519e-05 0.000282998 5.05999e-05 0.000157099 2.6533e-05 9.93384e-05 -2.61782e-05 6.28917e-05 -5.81875e-06 -3.70092e-05 -1.87946e-06 0.000122817 0 6.68924e-06 -2.88236e-05 1.61275e-05 0.000108555 2.81894e-05
internal_weight=18353 156 18197 7382 345 7037 154 6883 1510 157 283 5373 1732 139 1353 361 1593 537 3641 265 1056 10815 1613 253 106 992 1360 329 125 262
internal_count=18353 156 18197 7382 345 7037 154 6883 1510 157 283 5373 1732 139 1353 361 1593 537 3641 265 1056 10815 1613 253 106 992 1360 329 125 262
is_linear=0
shrinkage=0.05


Tree=18
num_leaves=31
num_cat=0
split_feature=66 104 113 67 5 20 0 73 84 0 113 59 73 113 21 0 62 104 50 101 71 52 5 107 66 13 66 41 81 73
split_gain=0.0159229 0.0129786 0.0182738 0.053276 0.0136526 0.0205053 0.00606269 0.00514006 0.00399347 0.00257392 0.00236969 0.00226171 0.00221921 0.00240068 0.00233769 0.00198083 0.00185068 0.0030053 0.00163303 0.00130495 0.00118396 0.0011161 0.00095267 0.000858052 0.00376596 0.00825724 0.00528046 0.000709028 0.000517044 0.000391875
threshold=285.59911635000009 41.500000000000007 1.0000000180025095e-35 9.5000000000000018 0.0040165472500000013 33.20000000000001 0.21365000000000003 13.950000000000005 9.5000000000000018 0.0041500000000000009 1.4700000000000002 275.56874625000006 17.450000000000006 0.075000000000000025 -2.1585714285714288 0.093500000000000014 28.850000000000005 23.500000000000004 21.050000000000004 17.500000000000004 30.362244897959187 15.350000000000003 0.0006869070694444445 33.15434016127945 267.53159060000007 0.40972222222222227 268.15299920000007 1023.2500000000001 -4.8608447999999944 10.550000000000002
decision_type=2 2 2 2 2 2 2 2 2 2 2 2 2 2 2 2 2 2 2 2 2 2 2 2 2 2 2 2 2 2
left_child=1 2 3 8 11 -6 10 -8 9 -1 -7 16 27 14 -14 -12 17 18 -4 -16 -17 -18 -23 24 -3 26 -26 -13 -24 -20
right_child=-2 23 4 -5 5 6 7 -9 -10 -11 15 12 13 -15 19 20 21 -19 29 -21 -22 22 28 -25 25 -27 -28 -29 -30 -31
leaf_value=6.9733767300838228e-05 0.00079092930734987017 -4.4728267226373092e-05 0.00030530243233240786 0.0017369792316798513 0.0010586455368362033 -1.1273686893471475e-05 0.00067923613035501069 2.6312400800198289e-05 -7.7168020809970816e-05 0.00053168424901907038 0 -4.0925190013524045e-05 0.00047723133991860113 -3.5112728885567959e-06 1.6175655246664998e-05 0.0004472880745858052 -1.4052090552785685e-05 0.00038919958049010223 6.0385857645847785e-05 0.00027262294845744006 1.4228644682858695e-05 0 0 -4.0326458081614368e-05 0.00087437667297746418 -2.7241709199718407e-05 5.0672440235454508e-05 1.4354982569912273e-05 0.00027140651678072848 -5.2411989650967475e-06
leaf_weight=116 63 858 71 61 69 359 87 72 128 65 58 2959 52 623 297 75 927 92 517 76 53 100 68 9402 53 162 53 569 85 183
leaf_count=116 63 858 71 61 69 359 87 72 128 65 58 2959 52 623 297 75 927 92 517 76 53 100 68 9402 53 162 53 569 85 183
internal_value=3.57486e-06 5.46363e-07 4.98638e-05 0.000393499 3.19362e-05 0.000230876 0.000141266 0.000416835 0.000107404 0.00026511 5.10969e-05 7.91644e-06 -1.07148e-05 5.13961e-05 0.00014344 0.000197633 5.20785e-05 0.000108209 6.77426e-05 8.23859e-05 0.000308234 6.7364e-06 0.000102347 -3.53404e-05 1.85508e-06 0.000169191 0.000513576 -3.05912e-05 0.000180948 3.61134e-05
internal_weight=18353 18290 7762 370 7392 773 704 159 309 181 545 6619 4576 1048 425 186 2043 863 771 373 128 1180 253 10528 1126 268 106 3528 153 700
internal_count=18353 18290 7762 370 7392 773 704 159 309 181 545 6619 4576 1048 425 186 2043 863 771 373 128 1180 253 10528 1126 268 106 3528 153 700
is_linear=0
shrinkage=0.05


Tree=19
num_leaves=31
num_cat=0
split_feature=109 67 66 113 67 3 24 20 8 111 6 14 6 73 83 21 77 57 50 82 21 80 109 1 3 1 99 3 110 63
split_gain=0.0497366 0.0928916 0.00923469 0.0111604 0.017803 0.00666326 0.00600792 0.00258074 0.00232003 0.00271914 0.00226554 0.00200559 0.00194458 0.00173626 0.00305701 0.00399131 0.00326914 0.00134852 0.00261404 0.00132746 0.00108157 0.00104506 0.00171613 0.000929507 0.00134886 0.00091612 0.000757413 0.000656061 0.00062763 0.00061622
threshold=88.200000000000003 7.5000000000000009 270.86733870000006 1.0000000180025095e-35 9.5000000000000018 0.021504166666666668 -0.66032099412366263 35.600000000000001 0.00023854166666666669 37.250000000000007 0.0040704037152777782 39.500000000000007 0.002396360541666667 15.850000000000003 0.35000000000000009 -1.4914285714285695 36.112500000000004 7.1500000000000012 42.350000000000001 -0.19999999999999982 -1.5699999999999987 4.2500000000000009 59.215000000000011 0.0035617145000000003 0.0089229166666666675 4.4800000000000005e-05 288.71998425000004 0.0063881944444444455 6.0450000000000008 16.862000000000005
decision_type=2 2 2 2 2 2 2 2 2 2 2 2 2 2 2 2 2 2 2 2 2 2 2 2 2 2 2 2 2 2
left_child=2 29 -1 4 7 8 12 11 17 10 13 19 -7 21 15 16 27 18 -5 -4 -8 -10 26 -11 -25 28 -23 -15 -17 -2
right_child=1 -3 3 5 -6 6 20 -9 9 23 -12 -13 -14 14 -16 25 -18 -19 -20 -21 -22 22 -24 24 -26 -27 -28 -29 -30 -31
leaf_value=-3.5669522689129487e-05 -5.9727737618806325e-05 0.0026440211219996143 5.6397220138095167e-05 0.00037435837436740327 0.0010376435160245477 0.00080215894466858703 0 -2.1949653633900226e-05 -8.5955886096009606e-06 -2.5464516504604517e-05 0.00036659038938233754 0 0.0001921714701165911 0.00027104188798009144 0 0.00027889316497645009 0.00071796808832064543 -3.5071022871656795e-05 0 0.00055468897935093597 0.00020463391116402267 0.00023194987355033616 0 0.00026275868547267063 0 0 0 0 2.4990999608264479e-05 0.00016192521714472998
leaf_weight=10185 56 50 50 56 68 54 187 123 894 1531 68 84 55 84 400 69 60 2722 332 62 112 171 291 70 89 152 55 50 123 50
leaf_count=10185 56 50 50 56 68 54 187 123 894 1531 68 84 55 84 400 69 60 2722 332 62 112 171 291 70 89 152 55 50 123 50
internal_value=3.53961e-06 0.000889801 -3.83189e-06 3.60161e-05 0.00029865 2.19933e-05 0.000218939 0.000122746 1.01379e-05 3.52722e-05 6.95883e-05 0.000238581 0.000544367 5.87105e-05 0.000112658 0.000190498 0.00037809 -2.14475e-05 6.11189e-05 0.000378953 8.22184e-05 1.92523e-05 7.69831e-05 -1.08613e-05 9.77829e-05 6.94235e-05 0.000180066 0.000184677 0.000143116 0
internal_weight=18353 156 18197 8012 387 7625 408 319 7217 4107 2417 196 109 2349 938 538 194 3110 388 112 299 1411 517 1690 159 344 226 134 192 106
internal_count=18353 156 18197 8012 387 7625 408 319 7217 4107 2417 196 109 2349 938 538 194 3110 388 112 299 1411 517 1690 159 344 226 134 192 106
is_linear=0
shrinkage=0.05


Tree=20
num_leaves=31
num_cat=0
split_feature=109 63 50 0 83 109 114 8 110 35 111 62 103 57 19 99 14 27 6 27 99 0 13 95 13 0 11 2 1 81
split_gain=0.0469848 0.0836671 0.0088136 0.0115195 0.00320081 0.005155 0.0108017 0.00292449 0.00413198 0.0103203 0.00367168 0.00230692 0.00228871 0.00429526 0.00218462 0.00211278 0.000793963 0.000737303 0.000747455 0.0010526 0.000966084 0.000709738 0.000708771 0.0011592 0.000979397 0.00069408 0.000651116 0.000621355 0.00058566 0.000864065
threshold=88.200000000000003 24.750000000000004 415.50000000000006 0.21365000000000003 0.25000000000000006 82.945000000000007 25.640000000000004 0.00090416666666666673 5.79 377.50000000000006 5.1500000000000012 28.850000000000005 0.91597561503675351 7.1500000000000012 44.050000000000004 275.14928790000005 6.5000000000000009 266.30466390000004 0.001133737090277778 268.53745370000007 286.80096170000007 0.016250000000000004 0.57638888888888895 285.51235725000009 0.34027777777777785 0.44465000000000005 -0.0062885714285714255 0.0060991955000000006 0.0035617145000000003 -8.3203462499999983
decision_type=2 2 2 2 2 2 2 2 2 2 2 2 2 2 2 2 2 2 2 2 2 2 2 2 2 2 2 2 2 2
left_child=2 -2 3 7 5 22 -7 11 9 10 -9 12 17 -14 16 -5 26 -1 19 20 -19 -13 23 -4 -25 28 -10 -28 -6 -30
right_child=1 -3 4 15 25 6 -8 8 14 -11 -12 21 13 -15 -16 -17 -18 18 -20 -21 -22 -23 -24 24 -26 -27 27 -29 29 -31
leaf_value=-3.1545777707588762e-05 -3.6386683376589685e-05 0.002331530761419951 -3.8017489837321651e-07 0.00020409591942999132 -3.9248473028066743e-05 1.9164174799408392e-05 0.00079054406770463911 0.0002240306844444907 0 1.3703372891486099e-05 0.00094590791470060753 -3.4658260415862444e-05 0.00055499422773209529 0 0.00027299153700559623 0.00084276408304126491 -2.2809573607042251e-07 0.00023497162955921211 0 7.8831986441246213e-06 0 2.5749215154917429e-05 -5.4332327403894531e-05 0 0.00023649744618438182 0.00011638036677322816 0.00016423304952704079 0 0.0001520418247458309 -1.3287214199083048e-05
leaf_weight=207 88 59 562 54 10917 181 67 59 83 197 59 1603 67 85 104 52 719 174 176 264 53 605 402 92 105 59 214 82 86 843
leaf_count=207 88 59 562 54 10917 181 67 59 83 197 59 1603 67 85 104 52 719 174 176 264 53 605 402 92 105 59 214 82 86 843
internal_value=2.09035e-06 0.00088955 -4.86244e-06 5.24441e-05 -2.6146e-05 4.35356e-05 0.000249979 3.97478e-05 9.74638e-05 0.000262372 0.000631902 1.11071e-05 7.39234e-05 0.000258289 4.99089e-05 0.000569082 2.40003e-05 3.58871e-05 6.43154e-05 9.7027e-05 0.000178282 -1.58388e-05 0 2.76793e-05 0.000132577 -3.4816e-05 8.30014e-05 0.000119563 -3.60008e-05 0
internal_weight=18318 147 18171 4857 13314 1409 248 4751 1517 315 118 3234 1026 152 1202 106 1098 874 667 491 227 2208 1161 759 197 11905 379 296 11846 929
internal_count=18318 147 18171 4857 13314 1409 248 4751 1517 315 118 3234 1026 152 1202 106 1098 874 667 491 227 2208 1161 759 197 11905 379 296 11846 929
is_linear=0
shrinkage=0.05


Tree=21
num_leaves=31
num_cat=0
split_feature=74 107 13 71 0 74 101 107 11 66 59 21 41 20 71 40 81 7 113 53 10 7 114 72 13 0 113 7 56 21
split_gain=0.0126641 0.0222372 0.0657807 0.0690027 0.0090157 0.00389053 0.00237788 0.00212686 0.00737857 0.00141896 0.00137096 0.00170772 0.00131831 0.00150467 0.0011001 0.00216038 0.000903937 0.000764806 0.000763066 0.00137157 0.00158617 0.000577263 0.00116485 0.0010438 0.00054631 0.000537164 0.00052058 0.000533062 0.000457704 0.000366207
threshold=267.35687350000006 24.463098825772978 0.40972222222222227 26.496938775510213 0.21365000000000003 270.87989455000007 10.500000000000002 49.891498158895921 -0.0020657142857142875 280.90927595000011 275.56874625000006 0.31428571428571334 1025.0500000000002 30.650000000000002 24.468367346938781 982.1500000000002 -5.0069910500000097 0.015047212000000003 1.0000000180025095e-35 286.14739710000003 0.023850000000000007 0.0071583360000000004 31.185000000000006 23.350000000000005 0.4513888888888889 0.026950000000000005 18.300000000000004 0.10078971700000001 10.050000000000002 -3.4814285714285709
decision_type=2 2 2 2 2 2 2 2 2 2 2 2 2 2 2 2 2 2 2 2 2 2 2 2 2 2 2 2 2 2
left_child=9 2 3 -2 6 -6 7 8 -3 18 11 12 21 -14 -10 -16 24 -11 19 -1 -21 -9 -23 -24 -8 -18 27 -20 -12 -30
right_child=1 4 -4 -5 5 -7 16 10 14 17 28 -13 13 -15 15 -17 25 -19 26 20 -22 22 23 -25 -26 -27 -28 -29 29 -31
leaf_value=-1.8241079143585379e-05 4.636187609881185e-05 0.00065801830091114628 0 0.0026946466229856017 3.7940465713365447e-05 0.00067913603664447478 0.00025594349071490378 -1.0171622008422409e-05 0 0 0.00012395902102485835 0.00028881181964572497 0.00032304996955387355 0 0 0.00042069390342428387 -1.9667590568455473e-05 0.0002183909553736434 -3.7394794788023293e-05 0 0.00030242105646033368 0 4.3059103434690116e-05 0.00031010742850556106 0 3.0486184014050585e-05 8.9303408030751651e-05 5.7508311322285116e-05 5.688984055377659e-05 -3.2518773002565037e-05
leaf_weight=385 51 65 244 55 60 77 51 442 278 129 56 91 89 57 95 56 2603 78 10732 71 81 431 194 75 62 613 60 108 99 830
leaf_count=385 51 65 244 55 60 77 51 442 278 129 56 91 89 57 95 56 2603 78 10732 71 81 431 194 75 62 613 60 108 99 830
internal_value=2.09739e-06 5.72591e-05 0.000445862 0.00147954 3.48944e-05 0.000436862 2.51164e-05 5.86443e-05 0.000156138 -2.90925e-05 3.60996e-05 6.85827e-05 4.89321e-05 0.000195717 6.71143e-05 0.000175603 -2.1753e-06 9.44585e-05 -3.17739e-05 2.08411e-05 0.000151984 2.5637e-05 5.53625e-05 0.000136906 0.000133791 -8.54706e-06 -3.48264e-05 -3.59828e-05 -4.32906e-06 -1.75636e-05
internal_weight=18318 6674 350 106 6324 137 6187 2858 494 11644 2364 1379 1288 146 429 151 3329 207 11437 537 152 1142 700 269 113 3216 10900 10840 985 929
internal_count=18318 6674 350 106 6324 137 6187 2858 494 11644 2364 1379 1288 146 429 151 3329 207 11437 537 152 1142 700 269 113 3216 10900 10840 985 929
is_linear=0
shrinkage=0.05


Tree=22
num_leaves=31
num_cat=0
split_feature=104 105 18 0 113 75 104 64 91 8 17 73 2 4 72 108 7 73 113 56 13 70 21 111 41 9 112 57 8 112
split_gain=0.0111476 0.0167409 0.0595679 0.00799191 0.00556329 0.0126568 0.00390137 0.00204127 0.00185162 0.00160893 0.00160742 0.00147071 0.00266618 0.00175203 0.00142562 0.00286203 0.00121966 0.00201002 0.000961772 0.0021443 0.000849178 0.000809411 0.000699782 0.000831659 0.00101478 0.00086062 0.000505235 0.000427455 0.000423973 0.000505061
threshold=38.500000000000007 8.3844366951598737 2.5000000000000004 0.21365000000000003 1.0000000180025095e-35 16.500000000000004 13.500000000000002 21.050000000000004 273.41442405000004 0.0003927083333333334 9.5000000000000018 17.450000000000006 7.8200000000000017e-05 0.10030000000000001 33.550000000000004 10.500000000000002 0.06649418650000001 8.3500000000000032 1.0000000180025095e-35 37.550000000000004 0.46527777777777785 38.95000000000001 -1.8757142857142848 12.170000000000002 1026.5500000000002 0.20500000000000004 0.6100000000000001 9.6500000000000004 0.0010062500000000002 0.56000000000000016
decision_type=2 2 2 2 2 2 2 2 2 2 2 2 2 2 2 2 2 2 2 2 2 2 2 2 2 2 2 2 2 2
left_child=1 2 -1 4 5 10 -5 9 -9 14 -3 13 -13 21 22 -16 17 26 19 -2 -14 -11 23 -6 -25 -26 -15 -4 -23 -30
right_child=18 3 27 6 7 -7 -8 8 -10 11 -12 12 20 16 15 -17 -18 -19 -20 -21 -22 28 -24 24 25 -27 -28 -29 29 -31
leaf_value=0.0018000521811923282 0 0.00023485275767598071 0.00014006795877191636 0.00075976302482929367 -5.1062320980991454e-05 0.00085919122472338262 0.00015028562380393852 0.000223838241999172 -2.785523057646649e-05 -5.1707342116033174e-05 -1.1508797290045634e-05 0.00035211031842465631 0 7.6210599965598514e-05 0.00044259503553092315 0 0 5.1873966029075804e-06 -3.2616757204274943e-05 0.00027833989665515746 0.000224314892653358 0 -3.6602745743172753e-05 2.0176503372094053e-05 0 0.00034078747031956238 0.00047320691072880964 -1.8930061696954411e-06 0.00014650061885837718 0
leaf_weight=61 474 83 55 53 235 64 111 71 2469 334 171 132 267 50 54 66 56 114 10539 75 64 421 911 740 51 54 69 156 162 156
leaf_count=61 474 83 55 53 235 64 111 71 2469 334 171 132 267 50 54 66 56 114 10539 75 64 421 911 740 51 54 69 156 162 156
internal_value=2.19427e-06 5.07467e-05 0.000436446 3.489e-05 2.57454e-05 0.000230707 0.000380965 1.48749e-05 -1.87667e-05 3.78539e-05 4.99926e-05 7.25064e-05 0.000153773 4.11197e-05 5.50849e-06 0.00017294 0.000151279 0.000203452 -2.90154e-05 3.09606e-05 5.87949e-05 6.68086e-06 -2.15451e-06 2.22848e-05 4.86296e-05 0.000199904 0.000350094 1.20123e-05 3.98611e-05 8.3717e-05
internal_weight=18318 7230 272 6958 6794 318 164 6476 2540 3936 254 1825 463 1362 2111 120 289 233 11088 549 331 1073 1991 1080 845 105 119 211 739 318
internal_count=18318 7230 272 6958 6794 318 164 6476 2540 3936 254 1825 463 1362 2111 120 289 233 11088 549 331 1073 1991 1080 845 105 119 211 739 318
is_linear=0
shrinkage=0.05


Tree=23
num_leaves=31
num_cat=0
split_feature=109 71 50 3 11 83 109 105 24 73 113 1 63 77 105 93 2 21 2 2 34 104 99 113 19 10 11 1 92 112
split_gain=0.0351695 0.0707196 0.00681991 0.00623862 0.00566436 0.00245423 0.00397623 0.00511166 0.00240288 0.00233826 0.00345586 0.0021464 0.00153541 0.00322746 0.00619351 0.00148534 0.00153605 0.00127426 0.00110216 0.00101057 0.000973918 0.00079825 0.000726173 0.000654354 0.00150725 0.00057874 0.000562048 0.000513402 0.000745422 0.000334061
threshold=88.200000000000003 25.33775510204082 415.50000000000006 0.021504166666666668 -0.0096742857142857099 0.25000000000000006 82.945000000000007 9.1980520126980121 -0.25527195489123267 19.750000000000007 0.015000000000000001 0.0035617145000000003 14.250000000000002 42.612500000000004 9.7519085613840293 27.850000000000005 0.0050513260000000009 -3.4814285714285709 0.0022618450000000006 0.0043647795000000007 0.36350000000000005 19.500000000000004 286.80096170000007 0.48500000000000004 16.850000000000005 0.55900000000000005 5.7142857142857154e-06 0.0035617145000000003 1.2500000000000002 1.0000000000000002
decision_type=2 2 2 2 2 2 2 2 2 2 2 2 2 2 2 2 2 2 2 2 2 2 2 2 2 2 2 2 2 2
left_child=2 -2 3 9 -5 6 17 -8 -6 11 -11 12 13 22 -15 16 -13 -4 -14 20 -20 -12 23 24 -1 27 29 -7 -29 -23
right_child=1 -3 5 4 8 25 7 -9 -10 10 21 15 18 14 -16 -17 -18 -19 19 -21 -22 26 -24 -25 -26 -27 -28 28 -30 -31
leaf_value=0.00033804108903558671 0 0.0022775901614816166 0.00019072583604914451 -8.5421837343929824e-06 0.00062246462441040563 -3.4303228535291846e-05 0.00052162901597482261 1.398373477974282e-05 0.00013129805124778311 0.00048364726422597186 -6.1231165803468002e-06 0.00044148543812677112 -2.741065078372057e-05 0.00066802476573684549 0 1.7610536941313459e-05 0 -1.4867683039029476e-05 1.8967562908450229e-05 0 0.00029762347372681175 0.00021195854352611294 -5.697266393557409e-05 0 1.6404856999109475e-05 0.00010721344687711584 0 -6.1037052948120814e-06 0.00018763754471155363 1.5464722348224309e-05
leaf_weight=57 97 50 80 77 103 10917 90 158 74 66 118 71 2247 60 91 169 55 1081 144 517 69 142 196 202 213 59 87 878 51 99
leaf_count=57 97 50 80 77 103 10917 90 158 74 66 118 71 2247 60 91 169 55 1081 144 517 69 142 196 202 213 59 87 878 51 99
internal_value=2.22932e-06 0.000770044 -3.74904e-06 4.66276e-05 0.000289872 -2.25043e-05 3.83359e-05 0.000219645 0.000447099 3.20589e-05 0.000134277 1.80144e-05 6.51603e-06 6.78467e-05 0.00027789 0.00014856 0.000283306 0 -8.69473e-06 4.20331e-05 0.00013357 7.04247e-05 1.25485e-05 5.20476e-05 0.000103753 -3.01275e-05 0.000113096 -3.12426e-05 0 0.0001523
internal_weight=18318 147 18171 4857 254 13314 1409 248 177 4603 512 4091 3796 819 151 295 126 1161 2977 730 213 446 668 472 270 11905 328 11846 929 241
internal_count=18318 147 18171 4857 254 13314 1409 248 177 4603 512 4091 3796 819 151 295 126 1161 2977 730 213 446 668 472 270 11905 328 11846 929 241
is_linear=0
shrinkage=0.05


Tree=24
num_leaves=31
num_cat=0
split_feature=74 107 73 112 98 3 20 104 41 1 20 3 69 77 113 66 40 13 113 114 33 105 69 108 39 40 3 113 66 10
split_gain=0.0097647 0.0169257 0.0513176 0.00913747 0.00850813 0.00505399 0.00516347 0.00380072 0.00166939 0.00181672 0.00167655 0.00152588 0.00121688 0.00256945 0.00116014 0.00113585 0.00100605 0.000847802 0.00075343 0.000644081 0.000695702 0.00080047 0.000607583 0.000587817 0.000609615 0.000590059 0.000794707 0.000556793 0.00107318 0.00106811
threshold=267.35687350000006 29.116437666821316 20.650000000000006 0.59000000000000008 8.6500000000000004 0.021504166666666668 46.000000000000007 12.500000000000002 1027.3500000000001 0.00038067000000000005 30.650000000000002 0.00030833333333333337 19.162500000000005 41.662500000000016 8.2650000000000023 280.90927595000011 988.35000000000002 0.4513888888888889 0.19500000000000003 28.995000000000005 1.0150000000000003 9.8197526199467209 36.162500000000009 10.500000000000002 99.500000000000014 982.1500000000002 0.011576388888888891 1.0000000180025095e-35 267.1857344500001 0.023850000000000007
decision_type=2 2 2 2 2 2 2 2 2 2 2 2 2 2 2 2 2 2 2 2 2 2 2 2 2 2 2 2 2 2
left_child=15 2 3 16 -4 8 -7 -8 9 12 11 -10 13 -3 17 27 -2 23 19 20 21 -14 -17 24 25 -11 -27 28 -1 -30
right_child=1 5 4 -5 -6 6 7 -9 10 14 -12 -13 18 -15 -16 22 -18 -19 -20 -21 -22 -23 -24 -25 -26 26 -28 -29 29 -31
leaf_value=-2.7095449730013708e-05 -8.9349259132802687e-05 1.2622477599126724e-05 0.0018448805873653466 0.00065575233497127728 0.00066891179461141725 -1.155802819994276e-06 0.00067100962110400154 0.00014655425423150579 3.3651072027848902e-05 3.7850836726257906e-05 -6.4788549170771111e-06 0.00039011012791211958 0.00031050868437770048 0.00039413467286514086 0.00029435907784318264 0 0.00010514590113921763 0 -2.3595518865799003e-05 0 0 0 0.00018028968151034491 0 0 0.00036560521170906669 2.6755999116825735e-05 -3.0137715812475232e-05 0 0.00020667472419858303
leaf_weight=334 255 353 52 54 50 117 78 123 102 139 69 85 61 56 63 115 71 439 3317 707 50 61 92 147 77 79 69 10900 81 122
leaf_count=334 255 353 52 54 50 117 78 123 102 139 69 85 61 56 63 115 71 439 3317 707 50 61 92 147 77 79 69 10900 81 122
internal_value=2.27861e-06 5.07424e-05 0.000336763 5.44973e-05 0.00132906 2.76197e-05 0.000222715 0.000377141 1.61707e-05 9.51073e-06 0.000142265 0.000223487 -2.79282e-06 7.78879e-05 7.03201e-05 -2.5072e-05 -3.15074e-05 4.99112e-05 -1.18651e-05 2.66956e-05 0.000113722 0.000179806 8.50325e-05 9.36308e-05 0.000127764 0.000161182 0.000242425 -2.75092e-05 1.65069e-05 0.000112538
internal_weight=18318 6674 482 380 102 6192 318 201 5874 5618 256 187 4605 409 1013 11644 326 950 4196 879 172 122 207 511 364 287 148 11437 537 203
internal_count=18318 6674 482 380 102 6192 318 201 5874 5618 256 187 4605 409 1013 11644 326 950 4196 879 172 122 207 511 364 287 148 11437 537 203
is_linear=0
shrinkage=0.05


Tree=25
num_leaves=31
num_cat=0
split_feature=109 71 66 109 8 69 34 3 20 24 80 107 107 59 20 1 2 15 70 18 95 21 107 91 71 95 72 69 83 62
split_gain=0.0278218 0.0683533 0.00592659 0.00500578 0.00577553 0.01089 0.00563453 0.00471672 0.00435693 0.0045218 0.00226713 0.00191574 0.00169282 0.00153402 0.00256177 0.00134968 0.00109291 0.000848647 0.000824684 0.0014688 0.000815067 0.0010428 0.00104682 0.000805719 0.000861973 0.000627466 0.000560272 0.000457979 0.00155135 0.00057228
threshold=88.200000000000003 25.480612244897966 270.78493250000002 79.980000000000004 0.0011052083333333337 36.112500000000004 0.34250000000000008 0.021504166666666668 46.000000000000007 -0.41918051196378181 4.1499999999999782 46.743987891117847 76.798334784831567 275.56874625000006 26.350000000000005 0.0006863590000000001 0.010930737000000001 17.759722222222226 41.850000000000001 12.500000000000002 279.52869080000005 -1.2785714285714287 1541.5863498350084 282.57435570000007 25.696938775510208 270.19101805000008 20.950000000000003 35.187500000000007 1.0000000180025095e-35 39.150000000000013
decision_type=2 2 2 2 2 2 2 2 2 2 2 2 2 2 2 2 2 2 2 2 2 2 2 2 2 2 2 2 2 2
left_child=2 25 -1 7 23 11 -7 10 -9 -10 17 -6 -13 14 -12 -16 -11 20 -17 -20 -4 22 -22 -5 -25 -2 27 -19 29 -29
right_child=1 -3 3 4 5 6 -8 8 9 16 13 12 -14 -15 15 18 -18 26 19 -21 21 -23 -24 24 -26 -27 -28 28 -30 -31
leaf_value=-2.9309373497103457e-05 6.2508841636978703e-05 0.0021706606570503439 0 -8.1197915675236415e-05 -5.1410860546120163e-06 0.0010745666719218395 0.00024464497383451094 0 0.00058794618097251551 0 0.00044881336820523123 0.00037273877859115602 0 0 2.6345626675712543e-05 0 0.00027191582037630727 -1.2351689503451328e-05 0.00037264830963613352 0 0.00024508494135364777 0 0 0.00019770714707445663 0 -0.00015866329736418953 -2.9955799070785431e-05 0 0 0.00032423724396600544
leaf_weight=10082 59 50 233 163 148 57 64 164 96 108 53 79 50 625 705 86 63 1084 94 56 140 64 54 78 78 52 3214 52 468 59
leaf_count=10082 59 50 233 163 148 57 64 164 96 108 53 79 50 625 705 86 63 1084 94 56 140 64 54 78 78 52 3214 52 468 59
internal_value=2.07849e-06 0.000654599 -3.44958e-06 2.79845e-05 0.000154819 0.000281637 0.000682187 1.5032e-05 0.000175686 0.00030066 4.3826e-06 8.68574e-05 0.000230095 5.67233e-05 9.53567e-05 6.96857e-05 0.000107827 -1.04798e-05 0.000177401 0.000251095 4.95443e-05 0.000111939 0.00017324 0 7.70899e-05 0 -1.75568e-05 3.40508e-06 4.14959e-05 0.000208675
internal_weight=18378 161 18217 8135 717 398 121 7418 431 267 6987 277 129 1619 994 941 171 5368 236 150 491 258 194 319 156 111 4877 1663 579 111
internal_count=18378 161 18217 8135 717 398 121 7418 431 267 6987 277 129 1619 994 941 171 5368 236 150 491 258 194 319 156 111 4877 1663 579 111
is_linear=0
shrinkage=0.05


Tree=26
num_leaves=31
num_cat=0
split_feature=104 107 73 112 3 20 67 64 73 108 110 70 99 34 75 14 20 112 7 18 111 112 2 80 77 34 34 34 62 9
split_gain=0.00816676 0.0124078 0.0525061 0.00701053 0.00344219 0.00429476 0.00392689 0.00251373 0.00165 0.00426137 0.00431052 0.00161193 0.00136197 0.00134297 0.00124339 0.00256694 0.000953743 0.000859087 0.0011213 0.00144105 0.000848177 0.000818258 0.000787417 0.000784567 0.000725803 0.000715457 0.000567185 0.000506925 0.000488124 0.000416011
threshold=39.500000000000007 24.463098825772978 20.650000000000006 0.59000000000000008 0.021504166666666668 46.000000000000007 6.5000000000000009 21.050000000000004 20.050000000000008 2.5000000000000004 5.245000000000001 38.050000000000004 272.32040745000006 0.37150000000000005 13.500000000000002 8.5000000000000018 27.750000000000004 0.29500000000000004 0.024801701000000006 9.5000000000000018 0.43500000000000005 1.7850000000000004 0.010930737000000001 4.4500000000000464 42.312500000000007 0.34650000000000003 0.29050000000000004 0.34150000000000008 34.850000000000001 0.53500000000000014
decision_type=2 2 2 2 2 2 2 2 2 2 2 2 2 2 2 2 2 2 2 2 2 2 2 2 2 2 2 2 2 2
left_child=1 2 3 25 7 -6 -7 8 11 10 -10 20 -13 17 15 -15 27 18 19 -14 -3 26 -8 -9 -16 -1 -12 -11 -18 -25
right_child=-2 4 -4 -5 5 6 22 23 9 16 21 12 13 14 24 -17 28 -19 -20 -21 -22 -23 -24 29 -26 -27 -28 -29 -30 -31
leaf_value=-0.00016742322246427648 -2.5314746817270364e-05 0.00014252420687504733 0.0014268354825132216 0.00053241325802292087 -1.9796109398738767e-06 0.00052626612284828586 0 -2.9887371478348062e-05 0.00059917103278040275 0 0 0 2.067951497254001e-05 0.00059413929336677449 0 6.1406453957550344e-05 -5.656547022444739e-05 2.6217283607101581e-06 0 0.00034859062561436616 -3.8465463721815984e-05 0 0.00022541821222855815 0 0.00016467247362773684 0 0.00029172246218345563 0.0002317207977224219 4.3891346124983666e-05 0.00018018029293671135
leaf_weight=99 10886 59 83 58 168 112 86 2411 78 52 50 783 118 51 120 87 266 687 131 84 1037 70 53 58 95 206 64 71 192 63
leaf_count=99 10886 59 83 58 168 112 86 2411 78 52 50 783 118 51 120 87 266 687 131 84 1037 70 53 58 95 206 64 71 192 63
internal_value=2.04859e-06 4.24733e-05 0.000298989 2.41592e-05 2.54867e-05 0.000165601 0.00029717 1.58498e-05 4.05002e-05 0.000104518 0.000273362 2.23411e-05 4.82388e-05 7.83019e-05 0.000167659 0.000297115 1.94485e-05 4.23461e-05 0.000109077 0.000182715 -2.40435e-05 0.000105728 7.44206e-05 -2.20436e-05 6.04277e-05 -5.75766e-05 0.000189132 0.000144766 -3.55545e-06 9.22278e-05
internal_weight=18378 7492 446 363 7046 419 251 6627 4095 843 262 3252 2156 1373 353 138 581 1020 333 202 1096 184 139 2532 215 305 114 123 458 121
internal_count=18378 7492 446 363 7046 419 251 6627 4095 843 262 3252 2156 1373 353 138 581 1020 333 202 1096 184 139 2532 215 305 114 123 458 121
is_linear=0
shrinkage=0.05


Tree=27
num_leaves=31
num_cat=0
split_feature=109 71 66 0 113 75 73 91 80 113 70 20 112 8 111 73 83 21 4 34 7 44 13 58 112 33 114 7 113 13
split_gain=0.0241155 0.0589487 0.00489572 0.00455507 0.00485708 0.0095741 0.00271941 0.00204489 0.00202139 0.00194874 0.00182141 0.004228 0.00172888 0.0015033 0.00134399 0.00131932 0.00181879 0.00345705 0.00127031 0.00113333 0.000669543 0.000527969 0.00039454 0.000375325 0.00037134 0.000444523 0.00034085 0.000323637 0.000334664 0.000302502
threshold=88.200000000000003 25.480612244897966 270.78493250000002 0.21365000000000003 1.0000000180025095e-35 16.500000000000004 13.950000000000005 282.57435570000007 4.5999999999999668 1.4400000000000002 47.550000000000004 47.050000000000004 0.15500000000000003 0.00023854166666666669 37.250000000000007 15.550000000000002 0.35000000000000009 -3.4814285714285709 0.016500000000000004 0.32950000000000007 0.062282603999999998 46.500000000000007 0.54861111111111127 0.45000000000000007 1.6650000000000003 0.51500000000000012 37.080000000000005 0.024047289000000003 0.38500000000000006 0.39583333333333343
decision_type=2 2 2 2 2 2 2 2 2 2 2 2 2 2 2 2 2 2 2 2 2 2 2 2 2 2 2 2 2 2
left_child=2 23 -1 4 5 7 -5 -4 13 22 -11 -12 29 26 15 20 17 -17 19 -19 -15 -21 24 -2 25 27 -6 28 -10 -9
right_child=1 -3 3 6 8 -7 -8 12 9 10 11 -13 -14 14 -16 16 -18 18 -20 21 -22 -23 -24 -25 -26 -27 -28 -29 -30 -31
leaf_value=-2.6593305277559028e-05 -0.00011644547372085626 0.0020174103414448085 -0.00010620821385430191 0.00045934140996211785 -4.1784406660653643e-05 0.00073010088943868006 0 9.7510990103587909e-05 3.1980454227856814e-05 5.668666618951848e-05 0.00054588954413037122 0 0.00040513071080113151 -4.1349165538279588e-06 -1.349764063371153e-05 0.00050804013676525133 0 0 0 0.00041358905194101682 0.00016230948801580419 3.4598070800283865e-05 -1.2437891048171194e-05 5.0607432979935161e-05 -2.0516431069700044e-05 0 0 0 0.00019643879767753506 0
leaf_weight=10082 58 50 95 96 1991 69 69 96 172 322 81 81 55 935 1595 65 415 93 255 63 62 50 403 53 74 165 554 96 121 62
leaf_count=10082 58 50 95 96 1991 69 69 96 172 322 81 81 55 935 1595 65 415 93 255 63 62 50 403 53 74 165 554 96 121 62
internal_value=2.06063e-06 0.000609571 -3.06719e-06 2.54747e-05 1.9399e-05 0.000195071 0.000286944 5.70542e-05 9.99376e-06 6.17744e-05 0.000146083 0.000291659 0.000153391 -2.09859e-06 1.81115e-05 4.66984e-05 8.93769e-05 0.00015135 8.92441e-05 0.000181983 1.35793e-06 0.000291528 1.72478e-05 0 4.42362e-05 6.19159e-05 -3.21144e-05 9.11317e-05 0.000117341 3.23171e-05
internal_weight=18378 161 18217 8135 7970 377 165 308 7593 1515 484 162 213 6078 3533 1938 941 526 461 206 997 113 1031 111 628 554 2545 389 293 158
internal_count=18378 161 18217 8135 7970 377 165 308 7593 1515 484 162 213 6078 3533 1938 941 526 461 206 997 113 1031 111 628 554 2545 389 293 158
is_linear=0
shrinkage=0.05


Tree=28
num_leaves=31
num_cat=0
split_feature=109 71 66 0 113 67 24 57 105 77 8 1 71 70 13 111 2 2 71 111 15 26 34 95 16 16 41 74 57 50
split_gain=0.0218002 0.0533107 0.00446654 0.00413311 0.0043817 0.0105881 0.00178557 0.00178001 0.00225191 0.00687665 0.00165989 0.00170401 0.00140987 0.00180846 0.00152302 0.00136114 0.00123457 0.00230208 0.00255531 0.000726392 0.000714654 0.000870785 0.000571995 0.00052157 0.000480185 0.000617152 0.000651118 0.000536344 0.000367921 0.000330931
threshold=88.200000000000003 25.480612244897966 270.78493250000002 0.21365000000000003 1.0000000180025095e-35 10.500000000000002 -0.051906523029866543 7.2500000000000009 9.3599662456761248 42.837500000000013 0.00023854166666666669 8.5250000000000026e-05 27.535714285714288 37.550000000000004 0.14583333333333337 0.115 1.1520000000000002e-05 0.0034356390000000003 24.533673469387757 6.5050000000000017 18.550694444444449 277.91827630000006 0.34050000000000008 270.19101805000008 58.550000000000004 33.050000000000004 1021.4500000000002 271.04786565000006 12.65 144.10000000000005
decision_type=2 2 2 2 2 2 2 2 2 2 2 2 2 2 2 2 2 2 2 2 2 2 2 2 2 2 2 2 2 2
left_child=2 23 -1 4 5 15 -5 8 9 -6 -9 19 13 -13 -15 -4 -16 18 -18 29 21 -10 -17 -2 25 26 -21 -26 -20 -12
right_child=1 -3 3 6 7 -7 -8 10 20 -11 11 12 -14 14 16 22 17 -19 28 24 -22 -23 -24 -25 27 -27 -28 -29 -30 -31
leaf_value=-2.5263771648069185e-05 6.0697727487422528e-05 0.001918517655510953 0.00025688993195344806 0.00048495673988613173 4.6710996684021033e-05 0.00080814214886986986 6.6813941898216566e-05 -2.9565280361297538e-05 0.00027193565536825712 0.00066844267042575137 0 0 0 0 0 -5.3985280943690179e-05 0 5.7847935490358657e-05 0.00021821459941730729 0 0 0 0.00010172552395152192 -0.00014293892839528129 0 -3.2082358337016502e-05 0.00018665203207190366 0.00011403076401820599 0.0006705219386397706 0.00012253580613863355
leaf_weight=10082 59 50 65 69 251 58 96 2758 55 60 52 188 526 90 85 163 53 135 52 87 644 53 91 52 299 1772 64 140 68 161
leaf_count=10082 59 50 65 69 251 58 96 2758 55 60 52 188 526 90 85 163 53 135 52 87 644 53 91 52 299 1772 64 140 68 161
internal_value=2.08184e-06 0.000579694 -2.78013e-06 2.44698e-05 1.86499e-05 0.000185556 0.000273662 9.68106e-06 6.96511e-05 0.000184443 0 2.1463e-05 7.07584e-05 0.000119041 0.000170342 5.45622e-05 0.000212858 0.000260308 0.000388321 0 1.53554e-05 0.000134239 0 0 -9.44664e-06 -2.18525e-05 6.4723e-05 3.34585e-05 0.000519268 8.66054e-05
internal_weight=18378 161 18217 8135 7970 377 165 7593 1063 311 6530 3772 1197 671 483 319 393 308 173 2575 752 108 254 111 2362 1923 151 439 120 213
internal_count=18378 161 18217 8135 7970 377 165 7593 1063 311 6530 3772 1197 671 483 319 393 308 173 2575 752 108 254 111 2362 1923 151 439 120 213
is_linear=0
shrinkage=0.05


Tree=29
num_leaves=31
num_cat=0
split_feature=109 71 104 0 113 75 73 57 105 77 59 34 17 73 8 83 21 15 102 0 4 8 99 95 110 83 8 53 21 74
split_gain=0.0197045 0.0482124 0.00410779 0.0037176 0.00380322 0.00909777 0.00220617 0.00181391 0.00168628 0.00546768 0.0014635 0.0014423 0.00142946 0.000954447 0.000946445 0.001596 0.00212658 0.000827466 0.00112183 0.000754176 0.000707752 0.000592572 0.000501406 0.000471633 0.000449403 0.000688093 0.00033498 0.000366893 0.000308911 0.00029594
threshold=88.200000000000003 25.480612244897966 41.500000000000007 0.21365000000000003 1.0000000180025095e-35 16.500000000000004 14.150000000000004 7.6500000000000012 9.3777043229101 42.837500000000013 272.99297450000006 0.39650000000000007 9.5000000000000018 15.850000000000003 0.00023854166666666669 0.35000000000000009 -3.4814285714285709 18.664583333333336 -0.60355339059327362 0.052550000000000006 0.012350000000000002 0.00063125000000000008 269.69268700000003 270.19101805000008 10.070000000000002 1.5500000000000005 9.7916666666666684e-05 281.21418690000002 -1.8014285714285716 269.94203220000003
decision_type=2 2 2 2 2 2 2 2 2 2 2 2 2 2 2 2 2 2 2 2 2 2 2 2 2 2 2 2 2 2
left_child=2 23 3 4 5 12 -5 8 9 26 11 24 -1 19 29 16 -16 18 -10 -12 22 -21 -18 -2 -9 -26 -6 -28 -23 -15
right_child=1 -3 -4 6 7 -7 -8 10 17 -11 13 -13 -14 14 15 -17 20 -19 -20 21 -22 28 -24 -25 25 -27 27 -29 -30 -31
leaf_value=0.00019972683759023112 5.771342085790821e-05 0.0018244726845067834 -2.323860182142825e-05 0.00041428249275724037 0 0.00071009309246524506 0 0 0 0.00056306639900763659 -3.4547120602994971e-05 0.00028201159927011284 -1.9972896678038831e-05 -5.0962175621008171e-05 0.00043528718644202775 0 0.00023372145171776339 0 0.00026270320724288467 -1.3362253948371472e-05 0 0 0 -0.00013592682496857617 5.0662876827996576e-06 0.00019707884710664484 0.00012553720303333702 0 0.0001076259217440954 2.0719404597171145e-05
leaf_weight=97 59 50 10431 97 62 66 64 293 52 69 3130 76 187 392 54 510 86 700 74 446 232 152 65 52 231 89 156 94 205 107
leaf_count=97 59 50 10431 97 62 66 64 293 52 69 3130 76 187 392 54 510 86 700 74 446 232 152 65 52 231 89 156 94 205 107
internal_value=2.13065e-06 0.000551276 -2.47818e-06 2.46921e-05 1.89462e-05 0.000180611 0.000264159 1.04576e-05 6.64278e-05 0.000155555 0 6.78438e-05 3.7959e-05 -9.47354e-06 2.35905e-05 5.47741e-05 0.000124913 1.91325e-05 0.000136647 -2.29037e-05 6.7112e-05 1.62487e-05 0.000151721 0 3.27318e-05 7.44937e-05 4.79474e-05 7.87609e-05 6.71422e-05 -2.55809e-05
internal_weight=18378 161 18217 7786 7625 350 161 7275 1207 381 6068 689 284 5379 1446 947 437 826 126 3933 383 803 151 111 613 320 312 250 357 499
internal_count=18378 161 18217 7786 7625 350 161 7275 1207 381 6068 689 284 5379 1446 947 437 826 126 3933 383 803 151 111 613 320 312 250 357 499
is_linear=0
shrinkage=0.05


Tree=30
num_leaves=31
num_cat=0
split_feature=109 73 74 0 113 98 112 80 41 62 0 109 32 2 8 8 107 33 94 77 80 11 73 83 0 8 34 73 11 109
split_gain=0.0134402 0.0314579 0.00346528 0.00402579 0.00340015 0.0051265 0.00337109 0.00321104 0.00151064 0.00185215 0.00124417 0.00113058 0.000826217 0.000975564 0.000717812 0.00343386 0.000530892 0.000888232 0.00046733 0.000460121 0.00102119 0.000446625 0.000616593 0.000978691 0.000592884 0.00063827 0.000417105 0.000382161 0.000378241 0.00032851
threshold=88.200000000000003 19.950000000000006 266.90046995000006 0.18590000000000004 1.0000000180025095e-35 9.8500000000000032 0.15500000000000003 4.6999999999999895 1027.2500000000002 28.050000000000004 0.009300000000000001 13.645000000000001 60.500000000000007 0.0040377470000000004 0.00092500000000000015 0.00094270833333333348 29.116437666821316 0.32500000000000007 12.450000000000001 46.51250000000001 4.3000000000000123 0.0037314285714285722 16.950000000000006 0.25000000000000006 0.11600000000000001 0.0003062500000000001 0.33850000000000008 5.5500000000000016 -3.8571428571427147e-05 4.415
decision_type=2 2 2 2 2 2 2 2 2 2 2 2 2 2 2 2 2 2 2 2 2 2 2 2 2 2 2 2 2 2
left_child=2 -2 14 4 5 6 -4 -5 10 26 19 28 21 18 -1 -16 17 -17 -14 -6 -21 22 24 -24 -13 -26 -10 -7 -12 -18
right_child=1 -3 3 7 8 27 -8 -9 9 -11 11 12 13 -15 15 16 29 -19 -20 20 -22 -23 23 -25 25 -27 -28 -29 -30 -31
leaf_value=-2.8091411037483454e-05 -5.6324994590668638e-05 0.0014272717101054943 0.00010451125312230193 3.850487139862935e-05 -1.6949967001156276e-05 -8.9391734845658118e-05 0.00068004880580260904 0.00050875660566350402 3.2689399797841444e-05 0 -2.6362617760955132e-05 0 0.00035711334076706772 0 0.00029750264572167584 0 8.6894995271949652e-05 0.00024406381784221879 1.3089812449628911e-05 0 0.00023409992214573294 0 0.00027189681450610724 3.2743899775537519e-06 0 0.00024162341825818926 0.00039107749451739858 5.7743879332537841e-05 6.5579444157297154e-05 -1.8481427611687461e-05
leaf_weight=7413 85 54 84 119 3835 76 65 77 50 170 736 624 70 99 93 138 60 51 51 159 57 374 88 123 56 61 64 101 113 3149
leaf_count=7413 85 54 84 119 3835 76 65 77 50 170 736 624 70 99 93 138 60 51 51 159 57 374 88 123 56 61 64 101 113 3149
internal_value=2.27755e-06 0.0004904 -1.21088e-06 2.5276e-05 1.8283e-05 0.000176677 0.000391778 0.000250272 9.84246e-06 0.000123154 4.05625e-06 3.31884e-05 5.9129e-05 0.000157128 -1.92859e-05 0 -8.82849e-06 6.79362e-05 0.000254391 -1.1937e-05 5.36927e-05 3.89958e-05 5.73505e-05 0.000139645 2.70218e-05 0.000130968 0.000279019 0 -8.18023e-06 -1.49271e-05
internal_weight=18295 139 18156 7252 7056 326 149 196 6730 284 6446 2395 1546 220 10904 3491 3398 189 121 4051 216 1326 952 211 741 117 114 177 849 3209
internal_count=18295 139 18156 7252 7056 326 149 196 6730 284 6446 2395 1546 220 10904 3491 3398 189 121 4051 216 1326 952 211 741 117 114 177 849 3209
is_linear=0
shrinkage=0.05


Tree=31
num_leaves=31
num_cat=0
split_feature=109 63 66 113 67 0 73 11 103 13 109 40 91 35 73 113 3 105 10 59 62 21 108 72 113 112 112 6 24 108
split_gain=0.0120531 0.0331138 0.0030413 0.00337911 0.00792975 0.00366324 0.00238124 0.00162843 0.00217685 0.00114903 0.00145708 0.00229022 0.00123708 0.000806759 0.0007224 0.00135526 0.00122296 0.00196494 0.00088608 0.000992598 0.000600976 0.000731672 0.000698765 0.00124358 0.000521613 0.000489938 0.000440076 0.000439992 0.000681013 0.000425099
threshold=88.200000000000003 24.462 271.05412255000005 1.0000000180025095e-35 10.500000000000002 0.21365000000000003 13.950000000000005 -0.00055428571428571408 0.37940952255126048 0.57638888888888895 26.335000000000004 1006.9500000000002 273.99125585000007 932.50000000000011 17.450000000000006 0.075000000000000025 0.0052736111111111126 10.282506010043578 0.093750000000000014 276.90161905000008 28.850000000000005 -1.7457142857142858 6.5000000000000009 31.000000000000004 18.300000000000004 0.6100000000000001 0.33500000000000008 0.0016980622152777782 -0.45292520358310351 3.5000000000000004
decision_type=2 2 2 2 2 2 2 2 2 2 2 2 2 2 2 2 2 2 2 2 2 2 2 2 2 2 2 2 2 2
left_child=2 -2 24 4 7 9 -7 -4 13 10 26 12 -12 -9 18 16 17 -16 -14 25 21 22 23 -11 -1 -20 27 28 -5 -27
right_child=1 -3 3 5 -6 6 -8 8 -10 20 11 -13 14 -15 15 -17 -18 -19 19 -21 -22 -23 -24 -25 -26 29 -28 -29 -30 -31
leaf_value=-2.0184219615583144e-05 -9.0002267897525815e-05 0.0014420729375787132 -2.7714480074353629e-05 0.00021028007301327414 0.00073339575320080096 0.00040992557362566612 0 0.00048715781517295491 0 0 0.00019261846755614024 0.00037707936630414972 -1.0366965989263489e-05 5.4757122580089014e-05 0.0003673815710590134 5.9088458609524657e-08 4.2286733314896952e-07 0 0 0 -3.1552516687336341e-05 -2.037458004913102e-05 0 0.00035360286367027918 0.00011991634726591495 0 -2.7178577128202124e-05 -9.0594263857628746e-06 8.0375609718921221e-06 0.00030597815425386911
leaf_weight=10315 86 53 165 68 54 95 76 51 56 66 134 54 1317 54 111 456 152 86 53 265 2014 275 155 54 56 51 1259 314 277 73
leaf_count=10315 86 53 165 68 54 95 76 51 56 66 134 54 1317 54 111 456 152 86 53 265 2014 275 155 54 56 51 1259 314 277 73
internal_value=2.3467e-06 0.000464584 -9.42144e-07 2.23836e-05 0.000168843 1.41709e-05 0.000243266 5.80807e-05 0.0001765 8.03149e-06 2.32694e-05 4.68748e-05 3.8276e-05 0.000314565 2.81885e-05 6.8289e-05 0.000142897 0.000227016 6.96737e-06 6.98109e-05 -1.77714e-05 2.35839e-05 8.5573e-05 0.000176466 -1.89342e-05 0.000161462 -8.00154e-06 2.10455e-05 6.28433e-05 0.000216616
internal_weight=18295 139 18156 7785 380 7405 171 326 161 7234 4670 2752 2698 105 2564 805 349 197 1759 442 2564 550 275 120 10371 177 1918 659 345 124
internal_count=18295 139 18156 7785 380 7405 171 326 161 7234 4670 2752 2698 105 2564 805 349 197 1759 442 2564 550 275 120 10371 177 1918 659 345 124
is_linear=0
shrinkage=0.05


Tree=32
num_leaves=31
num_cat=0
split_feature=109 63 74 0 113 63 91 23 99 72 94 34 97 11 73 34 70 4 113 1 44 74 63 11 16 74 0 113 27 5
split_gain=0.0108072 0.0300535 0.00295146 0.00338097 0.00275977 0.00509995 0.0020585 0.00278265 0.00178748 0.000918422 0.00121728 0.000977141 0.00226179 0.00159055 0.000766447 0.0014517 0.00157293 0.000523912 0.000522277 0.00172339 0.00429738 0.000756601 0.000577025 0.000502486 0.000437264 0.000464879 0.000402795 0.000341292 0.00032095 0.000318461
threshold=88.200000000000003 24.750000000000004 266.90046995000006 0.21365000000000003 1.0000000180025095e-35 24.918000000000003 282.77478775000003 4.0500000000000007 276.74530245000005 16.650000000000002 12.250000000000002 0.37250000000000005 25.550000000000004 -0.00042142857142857124 17.450000000000006 0.32650000000000007 37.850000000000001 0.036650000000000009 0.065000000000000016 0.0059917800000000012 10.500000000000002 266.33361280000003 26.802000000000003 -1.0000000180025095e-35 59.050000000000004 271.23777615000006 0.051850000000000007 18.300000000000004 268.47646380000003 0.01171224859027778
decision_type=2 2 2 2 2 2 2 2 2 2 2 2 2 2 2 2 2 2 2 2 2 2 2 2 2 2 2 2 2 2
left_child=2 -2 18 4 5 6 -4 -8 -5 -6 11 14 -13 -14 24 17 -17 -16 19 21 -21 -1 -23 -15 -11 -26 -12 29 -28 -20
right_child=1 -3 3 8 9 -7 7 -9 -10 10 26 12 13 23 15 16 -18 -19 27 20 -22 22 -24 -25 25 -27 28 -29 -30 -31
leaf_value=-1.706819072492856e-05 -7.7453301288518228e-05 0.0013853424160416186 -0.00011387275689908579 6.8132172399941739e-05 -2.8778495258123237e-05 0.00049557952237676577 0.00044681857711802208 0 0.00052326837098427435 -1.1611966988543054e-05 -8.5017692894541676e-06 0 0.00040153317679284835 0 -2.0570775261639649e-05 0.00031364446161894204 0 0.00010976960782973038 -2.5063589131478228e-05 -9.2231211728294506e-07 0.00054325954626798271 0 0.00022253277075108956 0.00014415473790663504 0 0.00013198901525729377 5.525382929661196e-05 7.8050211379943849e-05 -4.7621449416582623e-07 4.7544842402084359e-05
leaf_weight=1568 87 52 109 95 1142 85 53 79 51 963 2687 255 88 62 251 106 63 99 8937 68 50 57 58 146 81 121 528 60 188 106
leaf_count=1568 87 52 109 95 1142 85 53 79 51 963 2687 255 88 62 251 106 63 99 8937 68 50 57 58 146 81 121 528 60 188 106
internal_value=2.36278e-06 0.000440052 -7.36783e-07 2.3691e-05 1.80217e-05 0.000160999 2.07721e-05 0.00016957 0.00026361 1.03869e-05 1.92103e-05 4.78715e-05 0.000108657 0.000202439 2.49627e-05 7.55251e-05 0.000196941 2.25962e-06 -1.74423e-05 4.97313e-06 0.000190274 -5.15499e-06 0.000112922 9.27653e-05 0 6.88819e-05 0 -2.24264e-05 3.3667e-05 -2.36545e-05
internal_weight=18295 139 18156 7252 7106 326 241 132 146 6780 5638 2235 551 296 1684 519 169 350 10904 1801 118 1683 115 208 1165 202 3403 9103 716 9043
internal_count=18295 139 18156 7252 7106 326 241 132 146 6780 5638 2235 551 296 1684 519 169 350 10904 1801 118 1683 115 208 1165 202 3403 9103 716 9043
is_linear=0
shrinkage=0.05


Tree=33
num_leaves=31
num_cat=0
split_feature=109 63 66 0 113 67 73 8 111 40 107 101 21 35 15 32 73 107 1 8 99 18 93 15 62 91 108 0 73 113
split_gain=0.00968944 0.0272742 0.00252734 0.00282309 0.00297471 0.00682914 0.00195355 0.00139511 0.00151385 0.0024762 0.00133069 0.00129653 0.00206856 0.00108528 0.000791649 0.000766283 0.00111084 0.0010591 0.00108142 0.00136265 0.00123259 0.000852696 0.00089005 0.000734836 0.000657364 0.000728534 0.000934016 0.000513535 0.000534754 0.000459296
threshold=88.200000000000003 24.462 271.19571290000005 0.21365000000000003 1.0000000180025095e-35 10.500000000000002 11.050000000000002 0.00023854166666666669 37.675000000000004 1005.9500000000002 28.932590165984791 4.5000000000000009 -2.367142857142857 772.50000000000011 29.267361111111118 60.500000000000007 17.450000000000006 76.798334784831567 0.00091637800000000014 0.0026250000000000006 269.30294090000001 4.5000000000000009 25.950000000000003 29.738194444444449 28.850000000000005 275.9108989500001 7.5000000000000009 0.091900000000000023 13.150000000000004 18.300000000000004
decision_type=2 2 2 2 2 2 2 2 2 2 2 2 2 2 2 2 2 2 2 2 2 2 2 2 2 2 2 2 2 2
left_child=2 -2 29 4 5 10 -5 24 9 15 -4 -12 -13 -14 -10 16 27 18 19 20 -18 -17 -23 -16 25 26 -6 -9 -29 -1
right_child=1 -3 3 6 7 -7 -8 8 14 -11 11 12 13 -15 23 21 17 -19 -20 -21 -22 22 -24 -25 -26 -27 -28 28 -30 -31
leaf_value=-1.7985406268993685e-05 -8.1725728847733734e-05 0.0013046745810532702 -6.4705533312679783e-05 0.0004884546902877363 0.00023728573695543789 0.000676406358426241 5.4629003301795762e-05 -1.4843451134613641e-05 -2.0147644832270082e-05 0.0004093985590061137 -8.4604564499049577e-06 0 0.00051577606841535521 4.7590215349974069e-05 0.00022604151870837089 3.5411204032515591e-05 0.0004436422000123828 0 0 1.3072815819685142e-05 2.1317595858598559e-05 0.0003315783909219147 0 0 -2.9697408207655301e-05 0 0 0.00012648762420823132 0 0.00011224332813008944
leaf_weight=10457 86 53 110 54 80 54 115 1074 1537 50 53 56 54 52 63 273 80 314 90 111 57 80 53 83 2425 406 80 148 90 57
leaf_count=10457 86 53 110 54 80 54 115 1074 1537 50 53 56 54 52 63 273 80 314 90 111 57 80 53 83 2425 406 80 148 90 57
internal_value=2.29632e-06 0.000416731 -6.23939e-07 2.09672e-05 1.5661e-05 0.000152682 0.000224717 7.61542e-06 2.70314e-05 5.26271e-05 4.85174e-05 0.000129625 0.000205251 0.00033542 -6.81317e-06 4.2822e-05 2.64167e-05 7.97044e-05 0.000141589 0.000195324 0.00030559 0.000109636 0.000223279 9.87326e-05 -1.73481e-05 2.67028e-05 0.000117575 0 6.61868e-05 -1.67933e-05
internal_weight=18295 139 18156 7642 7473 379 169 7094 4103 2420 325 215 162 106 1683 2370 1964 652 338 248 137 406 133 146 2991 566 160 1312 238 10514
internal_count=18295 139 18156 7642 7473 379 169 7094 4103 2420 325 215 162 106 1683 2370 1964 652 338 248 137 406 133 146 2991 566 160 1312 238 10514
is_linear=0
shrinkage=0.05


Tree=34
num_leaves=31
num_cat=0
split_feature=66 107 73 69 50 0 34 70 94 11 111 73 107 36 8 8 35 41 66 107 81 19 111 41 15 95 2 14 1 20
split_gain=0.0036427 0.0120921 0.019262 0.00258234 0.00242107 0.00416787 0.00167383 0.00173727 0.001579 0.00161083 0.00139897 0.000781708 0.00180073 0.000710973 0.000496498 0.00255243 0.00390343 0.000536299 0.000535221 0.000731425 0.00045342 0.000407041 0.000485478 0.000664172 0.000337416 0.000321715 0.000249757 0.000576738 0.000210277 0.000197916
threshold=277.78414505000006 24.463098825772978 20.850000000000005 38.162500000000009 230.70000000000002 0.18590000000000004 0.37350000000000005 37.550000000000004 11.850000000000003 -0.00042142857142857124 0.25000000000000006 19.450000000000006 33.215842738206554 92.500000000000014 0.00092500000000000015 0.00094270833333333348 1337.5000000000002 1028.0500000000002 272.76027370000003 33.845472724088289 -2.7526933499999866 44.050000000000004 13.790000000000001 1026.9500000000003 17.979166666666668 286.01792820000009 0.00029107750000000005 9.5000000000000018 0.00015051900000000003 40.900000000000006
decision_type=2 2 2 2 2 2 2 2 2 2 2 2 2 2 2 2 2 2 2 2 2 2 2 2 2 2 2 2 2 2
left_child=4 2 3 -2 5 6 21 -8 9 -9 -3 26 -13 -7 17 16 -16 -6 29 -20 -14 22 25 -24 -19 -1 -12 -28 -21 -17
right_child=1 10 -4 -5 14 13 7 8 -10 -11 11 12 20 -15 15 18 -18 24 19 28 -22 -23 23 -25 -26 -27 27 -29 -30 -31
leaf_value=-8.369342924329366e-05 -8.2841844397730071e-05 0.00023386203271365963 0.0012343063695672233 0.00033905254496187956 -2.2553451885750257e-05 0.0005022232577801078 -1.7927912207764528e-05 0.0004929737564111058 1.8160767375246069e-05 0.00010982015714726797 -2.153660583839642e-05 0.00033847011255821948 0.00015769765496610061 6.9826465766639631e-05 0.00055960544979647168 -2.267889938544951e-05 0 0.00016674230746205221 0.00021355909917672927 -3.3841638997661381e-06 0 0.00014104846241774367 0 0.00018161332440457662 0 0 0 0.00016827764408366944 5.2853395369125294e-05 0
leaf_weight=275 69 79 55 56 9240 56 140 65 176 137 859 57 50 51 50 2507 59 54 54 366 338 50 1628 52 60 64 502 58 197 891
leaf_count=275 69 79 55 56 9240 56 140 65 176 137 859 57 50 51 50 2507 59 54 54 366 338 50 1628 52 60 64 502 58 197 891
internal_value=2.29569e-06 6.40482e-05 0.00045662 6.76751e-05 -5.50525e-06 3.72461e-05 2.24577e-05 0.000102848 0.000160702 0.000259564 2.4892e-05 1.32339e-05 7.14601e-05 0.000344979 -1.44235e-05 0 0.000237649 -2.0795e-05 -6.47887e-06 3.393e-05 1.86117e-05 0 -1.21337e-06 7.22257e-06 7.72137e-05 -5.7624e-05 -1.54228e-06 2.01986e-05 7.48756e-06 -1.5295e-05
internal_weight=18295 2123 180 125 16172 2694 2587 518 378 202 1943 1864 445 107 13478 4124 109 9354 4015 617 388 2069 2019 1680 114 339 1419 560 563 3398
internal_count=18295 2123 180 125 16172 2694 2587 518 378 202 1943 1864 445 107 13478 4124 109 9354 4015 617 388 2069 2019 1680 114 339 1419 560 563 3398
is_linear=0
shrinkage=0.05


Tree=35
num_leaves=31
num_cat=0
split_feature=109 64 50 0 113 97 8 107 57 19 0 63 73 37 69 70 1 72 108 75 14 2 109 56 0 83 21 2 113 0
split_gain=0.00846894 0.0292498 0.00236365 0.00265483 0.00123459 0.00312849 0.00540821 0.011333 0.00105187 0.00135746 0.00328765 0.0037632 0.00115071 0.00125873 0.00123029 0.00159605 0.000997524 0.000884708 0.00118963 0.000874838 0.000868587 0.000647307 0.00069801 0.000520759 0.000503276 0.000358998 0.000303107 0.000285302 0.000269283 0.0002521
threshold=88.200000000000003 14.450000000000001 415.50000000000006 0.21365000000000003 0.055000000000000007 14.450000000000001 0.00092500000000000015 39.184882750482181 8.3500000000000032 22.850000000000005 0.0044500000000000008 17.122000000000003 17.250000000000007 1.5000000000000002 35.63750000000001 42.45000000000001 0.00015051900000000003 16.650000000000002 2.5000000000000004 7.5000000000000009 9.5000000000000018 0.0063052925000000011 58.910000000000004 12.550000000000002 0.051850000000000007 0.95000000000000018 -1.9042857142857137 0.0029936860000000002 18.300000000000004 0.44465000000000005
decision_type=2 2 2 2 2 2 2 2 2 2 2 2 2 2 2 2 2 2 2 2 2 2 2 2 2 2 2 2 2 2
left_child=2 -2 3 8 5 -4 20 -8 9 10 17 -12 13 27 -14 -16 -15 -1 -19 23 -7 22 -18 26 -11 -26 -20 -10 29 -6
right_child=1 -3 4 -5 28 6 7 -9 12 24 11 -13 14 16 15 -17 21 18 19 -21 -22 -23 -24 -25 25 -27 -28 -29 -30 -31
leaf_value=-5.4085226871811913e-05 -6.9080738781249063e-05 0.0013572260544306653 -1.6078497636136208e-05 0.00030016494975627765 -1.9574383550895118e-05 -4.1355718572964633e-05 0.00074823833462303601 2.5858641810363006e-05 -3.4650768639457226e-05 -1.1862488379403746e-05 0.00055952653632863447 0 2.5804219307597992e-06 0 0.00034333615012569467 0 0.00027954239190439693 0.00026781090901971681 0.00023960538594533428 -3.9920777222768948e-06 0.00017292644104137172 0 0 0 0 0.00016918765789129906 0 0 7.2240445245218624e-05 6.9432823084493325e-05
leaf_weight=112 102 50 1310 91 11282 307 89 177 1665 619 77 50 284 292 83 59 99 81 85 282 54 75 51 75 158 72 50 524 59 55
leaf_count=112 102 50 1310 91 11282 307 89 177 1665 619 77 50 284 292 83 59 99 81 85 282 54 75 51 75 158 72 50 524 59 55
internal_value=2.76089e-06 0.000373224 -7.60612e-08 2.93983e-05 -1.12492e-05 2.45814e-05 0.000117385 0.000288181 2.3153e-05 5.56164e-05 0.000102331 0.000342457 4.32846e-06 -6.00289e-06 8.15243e-05 0.000203325 6.147e-05 5.00878e-05 7.92193e-05 3.75484e-05 0 0.000140339 0.000200486 0.000116783 4.98779e-06 7.18371e-05 0.000175306 -2.42426e-05 -1.77797e-05 -1.86955e-05
internal_weight=18369 152 18217 4884 13333 1937 627 266 4793 1661 812 127 3132 2706 426 142 517 685 573 492 361 225 150 210 849 230 135 2189 11396 11337
internal_count=18369 152 18217 4884 13333 1937 627 266 4793 1661 812 127 3132 2706 426 142 517 685 573 492 361 225 150 210 849 230 135 2189 11396 11337
is_linear=0
shrinkage=0.05


Tree=36
num_leaves=31
num_cat=0
split_feature=109 63 74 113 40 98 0 64 8 111 27 41 69 50 71 50 71 65 1 9 1 73 8 8 98 107 64 3 15 77
split_gain=0.00758562 0.0266775 0.00233658 0.00212114 0.00544951 0.00632268 0.00229466 0.000940279 0.000923258 0.00129836 0.00114537 0.00116422 0.00123046 0.000859053 0.000816886 0.000816744 0.000803669 0.000934286 0.000944036 0.00100248 0.000778825 0.00061567 0.000538564 0.00245789 0.00443527 0.000554793 0.000999165 0.000453816 0.000433287 0.000422929
threshold=88.200000000000003 24.462 266.97076265000004 1.0000000180025095e-35 964.95000000000016 9.8500000000000032 0.21365000000000003 18.050000000000004 0.00023854166666666669 37.250000000000007 266.12678720000002 1026.7500000000002 27.037500000000005 223.40000000000003 22.709183673469393 21.050000000000004 27.535714285714288 14.050000000000002 8.5250000000000026e-05 2.4550000000000005 0.0016532625000000003 21.050000000000008 0.00092500000000000015 0.00094270833333333348 7.1500000000000012 29.116437666821316 15.550000000000002 0.010344444444444446 29.267361111111118 49.26250000000001
decision_type=2 2 2 2 2 2 2 2 2 2 2 2 2 2 2 2 2 2 2 2 2 2 2 2 2 2 2 2 2 2
left_child=2 -2 22 4 -4 7 8 -6 15 10 -10 14 -13 -8 27 -5 17 18 21 20 -20 -16 -1 24 -24 26 -25 -12 -11 -30
right_child=1 -3 3 6 5 -7 13 -9 9 28 11 12 -14 -15 16 -17 -18 -19 19 -21 -22 -23 23 25 -26 -27 -28 -29 29 -31
leaf_value=-2.2369149968644476e-05 -0.00010052658087223957 0.0012306082706657305 -8.0678738813122174e-05 0.00015765475693941964 0.00081758598488401431 0 0.00034390625768857132 0.00026631763939197602 -1.8580188616017559e-06 -1.3149173671844022e-05 -8.9485241250590426e-06 0.00039040199554151377 0 0 0 -1.5534505822728826e-05 0 0 0.0003891268205883502 2.6687319787015442e-05 6.2136181961151932e-05 0.00017703395359677492 0 0 0.00057934114779830759 -1.192295763141593e-05 0.000256085951700487 0.00013083046222163829 0.00018702623070027957 0
leaf_weight=7460 97 55 126 65 50 98 73 56 550 1583 487 65 69 63 226 2835 200 167 110 105 73 73 52 125 50 3228 53 63 53 59
leaf_count=7460 97 55 126 65 50 98 73 56 550 1583 487 65 69 63 226 2835 200 167 110 105 73 73 52 125 50 3228 53 63 53 59
internal_value=2.74965e-06 0.000353349 0 2.18286e-05 0.000147271 0.000312161 1.51027e-05 0.00057829 1.02345e-05 2.654e-05 5.21773e-05 7.33617e-05 0.000227436 0.000219563 5.61701e-05 -9.87613e-06 8.43243e-05 0.00010796 0.000137615 0.000209758 0.000286908 5.09922e-05 -1.47515e-05 2.48836e-08 0.000241943 -5.8212e-06 7.63485e-05 0 -3.61723e-06 8.57829e-05
internal_weight=18369 152 18217 7249 330 204 6919 106 6783 3883 2188 1638 134 136 1504 2900 954 754 587 288 183 299 10968 3508 102 3406 178 550 1695 112
internal_count=18369 152 18217 7249 330 204 6919 106 6783 3883 2188 1638 134 136 1504 2900 954 754 587 288 183 299 10968 3508 102 3406 178 550 1695 112
is_linear=0
shrinkage=0.05


Tree=37
num_leaves=31
num_cat=0
split_feature=73 105 75 50 0 112 27 1 108 2 57 19 14 20 87 8 107 63 112 2 13 113 11 20 13 38 36 73 26 21
split_gain=0.0035891 0.0108423 0.0237958 0.0017454 0.0029646 0.00154976 0.00210447 0.00131591 0.00161114 0.00120766 0.00105604 0.00171207 0.00452499 0.000924615 0.00130515 0.000824816 0.00262862 0.00978543 0.000732538 0.000598041 0.000624396 0.000564847 0.000763905 0.000342963 0.00045351 0.000315943 0.000307907 0.000282927 0.000281086 0.000253231
threshold=20.050000000000008 8.7493894495934743 15.500000000000002 210.65000000000003 0.18590000000000004 0.03500000000000001 279.71806145000005 0.0035617145000000003 1.5000000000000002 0.0099214645000000028 8.3500000000000032 20.650000000000002 8.5000000000000018 30.450000000000003 279.3701992500001 0.00092500000000000015 33.845472724088289 25.744000000000007 1.0650000000000002 0.0021886315000000005 0.4513888888888889 0.8600000000000001 -6.5714285714285064e-05 43.250000000000007 0.46527777777777785 83.500000000000014 97.500000000000014 25.250000000000007 277.4511784500001 -3.5342857142857143
decision_type=2 2 2 2 2 2 2 2 2 2 2 2 2 2 2 2 2 2 2 2 2 2 2 2 2 2 2 2 2 2
left_child=3 2 -2 4 7 6 -3 8 28 25 11 12 -10 14 18 29 17 -17 -7 -12 -21 22 -14 -18 -25 -9 -6 -15 -1 -5
right_child=1 5 -4 15 26 13 -8 9 10 -11 19 -13 21 27 -16 16 23 -19 -20 20 -22 -23 -24 24 -26 -27 -28 -29 -30 -31
leaf_value=0 -6.4525309316632525e-05 0.00036403227208187876 0.0011619760719865249 0 0.00042648129020202554 0.00021915373195712027 0 0.00027322299119232244 0.00054051468975283956 0 -2.8418143608424467e-05 0 0 6.0047260588268758e-06 0 0 -1.737571322359483e-05 0.00055645552202913679 0 0.00010708225370064905 0 0 0.00022542363305910843 0 0.0001068903136168475 0 5.9229408311344179e-05 -4.0210678531517272e-05 -0.00015739955319274087 -2.4224599522632931e-05
leaf_weight=60 76 79 68 1262 52 158 79 105 62 58 1003 586 86 572 433 311 2625 99 112 197 235 149 79 795 120 50 51 505 156 8146
leaf_count=60 76 79 68 1262 52 158 79 105 62 58 1003 586 86 572 433 311 2625 99 112 197 235 149 79 795 120 50 51 505 156 8146
internal_value=2.71575e-06 6.46891e-05 0.000484192 -4.90293e-06 2.95355e-05 3.07063e-05 0.000183269 1.79893e-05 6.20518e-06 0.000138483 1.98156e-05 6.07719e-05 0.000144178 1.42615e-05 6.00932e-05 -1.28302e-05 5.35421e-06 0.000125765 0.00014636 -4.18215e-06 4.04763e-05 4.85794e-05 0.000113952 -7.21119e-06 1.6478e-05 0.000213685 0.000295033 -1.10444e-05 -0.000121187 -2.09961e-05
internal_weight=18369 2082 144 16287 2929 1938 158 2826 2613 213 2397 962 376 1780 703 13358 3950 410 270 1435 432 314 165 3540 915 155 103 1077 216 9408
internal_count=18369 2082 144 16287 2929 1938 158 2826 2613 213 2397 962 376 1780 703 13358 3950 410 270 1435 432 314 165 3540 915 155 103 1077 216 9408
is_linear=0
shrinkage=0.05


Tree=38
num_leaves=31
num_cat=0
split_feature=109 64 74 113 40 98 112 0 8 111 27 41 69 70 50 99 94 77 21 95 8 8 98 107 33 15 105 77 113 111
split_gain=0.00638084 0.0236747 0.00196121 0.00182928 0.00477491 0.00560823 0.00249916 0.00197047 0.00080175 0.00111576 0.00103881 0.00102539 0.00104583 0.000960769 0.000718353 0.000681996 0.00067987 0.000761349 0.0006759 0.000451325 0.000441751 0.00209917 0.00405967 0.000429997 0.00081224 0.00038407 0.000381966 0.000371041 0.000349926 0.000268717
threshold=88.200000000000003 14.450000000000001 266.97076265000004 1.0000000180025095e-35 964.95000000000016 9.8500000000000032 0.15500000000000003 0.21365000000000003 0.00023854166666666669 37.675000000000004 266.12678720000002 1026.7500000000002 27.037500000000005 37.550000000000004 21.050000000000004 275.14928790000005 11.850000000000003 42.112500000000011 -2.1171428571428605 286.33950875000005 0.00092500000000000015 0.00094270833333333348 7.1500000000000012 29.116437666821316 0.35500000000000004 29.267361111111118 10.498536897469874 49.26250000000001 0.19500000000000003 13.790000000000001
decision_type=2 2 2 2 2 2 2 2 2 2 2 2 2 2 2 2 2 2 2 2 2 2 2 2 2 2 2 2 2 2
left_child=2 -2 20 4 -4 6 -6 8 14 10 -10 13 -13 19 -5 -9 17 18 26 -12 -1 22 -22 24 -23 28 -15 -27 -11 -16
right_child=1 -3 3 7 5 -7 -8 15 9 25 11 12 -14 16 29 -17 -18 -19 -20 -21 21 23 -24 -25 -26 27 -28 -29 -30 -31
leaf_value=-2.0271719026392357e-05 -6.940129561715949e-05 0.001210843787880103 -7.4739857497955052e-05 0.00014723318708340894 0.00016793352944279667 0 0.00082570059861952695 4.2310306406416834e-05 -2.7881771990516366e-06 0.00010118766538011292 -2.666066557632315e-05 0.00036428033143844616 0 0.00028073385325600011 -4.9109355037597913e-05 0.00037619258952783607 3.553611853753712e-05 0.0003240614966478981 0 6.2535576134820566e-05 0 0 0.00054766880714119987 -1.0946347225401618e-05 0.00023509664259358496 0.00017457972828264313 7.1016897048620166e-07 0 -2.0303805259342577e-05 -5.1078899244768856e-06
leaf_weight=7460 102 50 126 65 54 98 52 86 562 50 409 65 69 59 510 50 537 69 172 213 52 128 50 3228 50 53 67 59 1499 2325
leaf_count=7460 102 50 126 65 54 98 52 86 562 50 409 65 69 59 510 50 537 69 172 213 52 128 50 3228 50 53 67 59 1499 2325
internal_value=2.66448e-06 0.000324214 0 2.01421e-05 0.000136742 0.000291481 0.000542042 1.38394e-05 9.27207e-06 2.45006e-05 4.78842e-05 6.80411e-05 0.000213327 5.18776e-05 -9.39622e-06 0.000203407 8.48236e-05 0.000143062 8.34871e-05 0 -1.3373e-05 0 0.00022356 -5.42054e-06 6.63574e-05 -3.7824e-06 0.00017238 7.97238e-05 -1.30936e-05 -1.48011e-05
internal_weight=18369 152 18217 7249 330 204 106 6919 6783 3883 2222 1660 134 1526 2900 136 904 367 298 622 10968 3508 102 3406 178 1661 126 112 1549 2835
internal_count=18369 152 18217 7249 330 204 106 6919 6783 3883 2222 1660 134 1526 2900 136 904 367 298 622 10968 3508 102 3406 178 1661 126 112 1549 2835
is_linear=0
shrinkage=0.05


Tree=39
num_leaves=31
num_cat=0
split_feature=109 75 74 0 109 98 40 113 35 41 20 2 2 108 57 107 1 1 112 74 40 80 8 8 97 107 64 74 3 66
split_gain=0.00570726 0.022104 0.00180192 0.00166323 0.00182704 0.00327837 0.00365019 0.00418871 0.00108106 0.000869237 0.00113265 0.00111752 0.000781318 0.00081278 0.000764486 0.000902669 0.000743483 0.000714724 0.000602241 0.000575608 0.000525339 0.000410368 0.00039907 0.00185663 0.0037555 0.000389433 0.000749173 0.00037407 0.000320941 0.00031565
threshold=88.200000000000003 15.500000000000002 266.97076265000004 0.21365000000000003 79.980000000000004 9.8500000000000032 965.85000000000002 1.0000000180025095e-35 992.50000000000011 1027.3500000000001 30.650000000000002 0.0022618450000000006 0.0043647795000000007 11.500000000000002 8.3500000000000032 50.315893384814146 0.0035617145000000003 1.9650000000000003e-05 1.0650000000000002 270.08340810000004 994.05000000000007 4.1499999999999782 0.00092500000000000015 0.00094270833333333348 14.15 29.116437666821316 15.550000000000002 274.95754105000009 0.0015680555555555558 275.72751060000002
decision_type=2 2 2 2 2 2 2 2 2 2 2 2 2 2 2 2 2 2 2 2 2 2 2 2 2 2 2 2 2 2
left_child=2 -2 22 4 9 6 -6 -8 -9 11 18 16 13 17 15 -14 -4 -13 29 -5 -19 -18 -1 24 -24 26 -25 28 -7 -11
right_child=1 -3 3 19 5 27 7 8 -10 10 -12 12 14 -15 -16 -17 21 20 -20 -21 -22 -23 23 25 -26 -27 -28 -29 -30 -31
leaf_value=-1.925826885768396e-05 -8.4301509177208526e-05 0.0011404903645996214 -1.3353660656836731e-05 0 -7.6555287131033659e-05 0 0.00058008838157510363 0.00022406059107764299 -1.2316611341865215e-05 0.00030714129933494413 -2.0701103152775127e-05 0 0.0002576070042319211 0 -4.6178169088889094e-06 1.0086182537720777e-05 0 0.00021433472817366484 0 0.00029799145927148255 0 0.00020472407587522731 -1.5988962023017653e-07 0 0.00052286167045417201 -1.0399200106785171e-05 0.00021879516020514226 -7.2432686291377704e-05 9.8118614516554069e-05 3.5288614302631772e-06
leaf_weight=7460 100 52 4548 62 52 75 96 68 55 79 74 95 64 83 893 209 51 202 71 74 50 58 52 125 50 3228 53 132 107 51
leaf_count=7460 100 52 4548 62 52 75 96 68 55 79 74 95 64 83 893 209 51 202 71 74 50 58 52 125 50 3228 53 132 107 51
internal_value=2.63676e-06 0.000306742 0 1.94239e-05 1.5333e-05 0.000100579 0.000227874 0.000322905 7.8794e-05 6.91369e-06 9.42803e-05 2.25746e-06 3.89782e-05 9.86403e-05 1.26257e-05 8.70896e-05 -9.25935e-06 0.000133752 0.000161257 0.000195215 0.000177959 0.000114689 -1.2701e-05 0 0.000210267 -5.07449e-06 6.30739e-05 0 3.6017e-05 0.000227136
internal_weight=18369 152 18217 7249 7113 585 271 219 123 6528 275 6253 1596 430 1166 273 4657 347 201 136 252 109 10968 3508 102 3406 178 314 182 130
internal_count=18369 152 18217 7249 7113 585 271 219 123 6528 275 6253 1596 430 1166 273 4657 347 201 136 252 109 10968 3508 102 3406 178 314 182 130
is_linear=0
shrinkage=0.05


Tree=40
num_leaves=31
num_cat=0
split_feature=109 66 95 109 98 40 102 114 0 50 19 19 112 99 87 1 92 65 50 13 109 107 9 74 80 48 62 99 16 109
split_gain=0.00780289 0.0215284 0.00163002 0.00205097 0.00329623 0.00304854 0.00387563 0.0059135 0.00191353 0.000778497 0.000602816 0.000578823 0.00101493 0.00144172 0.00064256 0.000577952 0.00133321 0.0021797 0.000672729 0.00046481 0.000482846 0.000459282 0.000488162 0.000605726 0.000366638 0.000337851 0.00024173 0.000228381 0.000208665 0.000205674
threshold=88.200000000000003 276.71126995000003 277.89224415000007 79.980000000000004 9.9500000000000011 965.85000000000002 -0.37940952255126059 25.640000000000004 0.21365000000000003 21.050000000000004 42.650000000000013 7.0500000000000007 1.0550000000000004 283.70745385000004 279.70915935000005 0.00097368600000000008 1.3500000000000003 12.350000000000003 223.40000000000003 0.5902777777777779 64.670000000000002 74.21506061840644 1.8600000000000003 274.74423830000006 4.900000000000035 9.032250000000003 37.050000000000004 287.77594820000007 54.850000000000001 84.075000000000017
decision_type=2 2 2 2 2 2 2 2 2 2 2 2 2 2 2 2 2 2 2 2 2 2 2 2 2 2 2 2 2 2
left_child=2 25 15 8 5 -5 -7 -8 9 -4 -10 12 13 14 -11 29 18 -18 -17 20 24 22 23 -22 -13 -2 -6 -26 -21 -1
right_child=1 -3 3 4 26 6 7 -9 10 11 -12 19 -14 -15 -16 16 17 -19 -20 28 21 -23 -24 -25 27 -27 -28 -29 -30 -31
leaf_value=-1.6310908937861214e-05 0 0.0011560676394834774 0.0001526591863144409 0 -3.8063562121837899e-05 0 9.6981173377398157e-05 0.00080174503426549146 0.00029679804730044636 0.00030306525562191387 0 -9.9761392589768941e-06 -6.8594387745823099e-06 0 0 0.00012432003910192258 0.00042445013561518861 0 -4.3620274893268505e-06 -3.5158234586426677e-05 0.00017949599806831054 0 0 0 6.1814799742845598e-05 -0.00013267755559844284 5.4385986720327043e-05 0 0 1.4891868360301976e-05
leaf_weight=9982 52 54 88 80 214 91 83 72 76 99 53 2199 160 66 53 106 50 59 1550 1219 163 276 142 53 331 51 98 95 364 389
leaf_count=9982 52 54 88 80 214 91 83 72 76 99 53 2199 160 66 53 106 50 59 1550 1219 163 276 142 53 331 51 98 95 364 389
internal_value=3.70821e-06 0.000353615 3.97807e-07 2.17993e-05 0.000107463 0.000218557 0.000306748 0.000459447 1.08098e-05 5.19772e-06 0.000201453 1.72534e-06 6.17339e-05 0.00013471 0.000222559 -9.90422e-06 1.51849e-05 0.000184361 9.27423e-07 -1.9387e-06 7.71117e-06 4.69706e-05 8.42659e-05 0.0001318 0 -2.60815e-05 0 4.04206e-05 -2.49543e-05 -1.46572e-05
internal_weight=18368 157 18211 6075 638 326 246 155 5437 5308 129 5220 378 218 152 12136 1765 109 1656 4842 3259 634 358 216 2625 103 312 426 1583 10371
internal_count=18368 157 18211 6075 638 326 246 155 5437 5308 129 5220 378 218 152 12136 1765 109 1656 4842 3259 634 358 216 2625 103 312 426 1583 10371
is_linear=0
shrinkage=0.05


Tree=41
num_leaves=31
num_cat=0
split_feature=109 71 50 3 20 109 91 99 109 81 98 80 103 57 91 109 84 63 1 66 66 1 70 8 66 106 16 70 7 73
split_gain=0.00704118 0.0202733 0.00151644 0.00126201 0.0015864 0.0011167 0.00320794 0.000787291 0.00164542 0.00282218 0.00380866 0.00110276 0.000906771 0.00119824 0.000708779 0.00087495 0.000568705 0.000493703 0.000478344 0.000732829 0.00436358 0.000558357 0.00145456 0.000344069 0.000304851 0.000531783 0.000299333 0.00029445 0.000292833 0.000250397
threshold=88.200000000000003 25.33775510204082 415.50000000000006 0.021504166666666668 46.000000000000007 86.075000000000017 290.14910675000004 286.80096170000007 79.980000000000004 -3.7104530500000119 9.9500000000000011 4.4500000000000464 0.91597561503675351 7.1500000000000012 281.82986455000008 83.685000000000016 24.500000000000004 15.465999999999999 8.5250000000000026e-05 267.53159060000007 267.63936715000006 0.00010814700000000002 38.45000000000001 0.0011052083333333337 273.73412245000003 6.5000000000000009 31.950000000000006 43.250000000000007 0.024408868000000004 20.050000000000008
decision_type=2 2 2 2 2 2 2 2 2 2 2 2 2 2 2 2 2 2 2 2 2 2 2 2 2 2 2 2 2 2
left_child=2 16 3 7 -5 18 -7 8 11 10 -10 29 28 -14 -11 -16 -2 -6 26 -20 -21 22 -22 -23 -25 -26 -4 -9 -13 -1
right_child=1 -3 5 4 17 6 -8 27 9 14 -12 12 13 -15 15 -17 -18 -19 19 20 21 23 -24 24 25 -27 -28 -29 -30 -31
leaf_value=-7.3257379127074092e-06 -0.00016231854734559973 0.0011590333382471227 1.3762902811767783e-05 0 0.0004163183116347332 1.1488999032660841e-06 0.00041762536428748345 -4.6529272297952057e-05 0.00064855561752160111 -5.6004225912831513e-05 0 4.9011987101919018e-05 0.00036986965729245304 3.0118786796889205e-05 0.00024186164060665765 0 3.8891917539440955e-05 9.2950823689079694e-05 -1.423650567410204e-05 0.00045740489133346153 0 -1.4346576917890252e-05 0.00029930483398794459 0 2.9784070439707558e-07 0.00021386413084837844 -2.00010130498746e-05 1.6539864979975611e-05 -5.2031065305931797e-06 3.6844825018920966e-05
leaf_weight=2304 50 50 532 83 51 361 57 573 53 112 66 580 58 120 61 67 57 95 2303 57 56 1007 57 225 166 59 8430 130 179 369
leaf_count=2304 50 50 532 83 51 361 57 573 53 112 66 580 58 120 61 67 57 95 2303 57 56 1007 57 225 166 59 8430 130 179 369
internal_value=3.6019e-06 0.000336001 4.43393e-07 2.44741e-05 0.000142063 -8.03073e-06 7.07355e-05 1.76113e-05 2.69115e-05 0.000130794 0.000331563 1.51628e-05 6.18402e-05 0.000170205 9.53639e-06 0.000105634 -9.46773e-06 0.000241985 -1.09777e-05 2.48223e-06 2.92129e-05 1.02031e-05 0.000116958 0 3.80425e-05 7.91221e-05 -1.74376e-05 -2.77572e-05 2.96571e-05 0
internal_weight=18368 157 18211 4901 229 13310 418 4672 3969 359 119 3610 937 178 240 128 107 146 12892 3930 1627 1570 113 1457 450 225 8962 703 759 2673
internal_count=18368 157 18211 4901 229 13310 418 4672 3969 359 119 3610 937 178 240 128 107 146 12892 3930 1627 1570 113 1457 450 225 8962 703 759 2673
is_linear=0
shrinkage=0.05


Tree=42
num_leaves=31
num_cat=0
split_feature=109 63 50 4 94 109 6 66 14 74 105 110 99 113 40 53 19 62 1 66 66 1 70 8 13 34 65 70 113 63
split_gain=0.00636238 0.01846 0.00138212 0.00119538 0.00149606 0.00102435 0.0028933 0.000933178 0.000869097 0.00140337 0.000652838 0.000735942 0.000585883 0.00146892 0.00229178 0.00256905 0.000544739 0.00099832 0.000433168 0.000668186 0.00393946 0.000487183 0.00133259 0.000317065 0.000540408 0.00052618 0.000511811 0.000299562 0.000282837 0.000476366
threshold=88.200000000000003 24.750000000000004 415.50000000000006 0.10030000000000001 8.5500000000000025 86.075000000000017 0.0017604038750000004 272.01566545000009 6.5000000000000009 271.37797935000003 10.515540806382498 8.7900000000000009 286.80096170000007 1.0000000180025095e-35 965.85000000000002 281.63967665000001 7.0500000000000007 30.150000000000002 8.5250000000000026e-05 267.53159060000007 267.63936715000006 0.00010814700000000002 38.45000000000001 0.0011052083333333337 0.31250000000000006 0.38550000000000006 12.750000000000005 40.850000000000001 0.26500000000000007 21.738000000000003
decision_type=2 2 2 2 2 2 2 2 2 2 2 2 2 2 2 2 2 2 2 2 2 2 2 2 2 2 2 2 2 2
left_child=2 -2 3 7 -5 18 -7 8 9 -1 11 27 13 14 -9 -16 17 -15 -4 -20 -21 22 -22 -23 -25 26 -26 -6 29 -18
right_child=1 -3 5 4 10 6 -8 12 -10 -11 -12 -13 -14 16 15 -17 28 -19 19 20 21 23 -24 24 25 -27 -28 -29 -30 -31
leaf_value=0 -8.3069122351166986e-05 0.00097375471599829881 -1.6537830916202303e-05 0.00027744621443040143 0 0 0.00037543631082172192 -1.7267685814632398e-05 2.1877824008024866e-05 0.00031333221781225059 0.00011703984965888066 -5.1202223327601335e-05 -4.9102795780042419e-05 0.00020094570323858247 0.00053150272040766787 0 -2.8905362478928168e-06 0 -1.3524989154972567e-05 0.000434928958856572 0 -1.3629959642697841e-05 0.00028459761177585061 0 0.00021661402023607116 0 0 0.00011630351850986925 -1.6935972960017885e-05 6.9821910487651535e-05
leaf_weight=57 93 64 8962 96 72 354 64 68 437 84 222 228 483 93 56 55 528 115 2303 57 56 1007 57 230 96 63 61 146 1871 290
leaf_count=57 93 64 8962 96 72 354 64 68 437 84 222 228 483 93 56 55 528 115 2303 57 56 1007 57 230 96 63 61 146 1871 290
internal_value=3.54409e-06 0.000319529 5.27995e-07 2.34777e-05 8.20426e-05 -7.54804e-06 6.78454e-05 1.14368e-05 7.0448e-05 0.000184556 4.6114e-05 0 4.3144e-07 9.8478e-06 0.000148525 0.000293981 0 7.88628e-05 -1.03854e-05 2.37328e-06 2.79428e-05 9.71677e-06 0.000109476 0 3.66381e-05 9.40882e-05 0.000143903 7.52315e-05 -4.80114e-06 1.68365e-05
internal_weight=18368 157 18211 4901 764 13310 418 4137 578 141 668 446 3559 3076 179 111 2897 208 12892 3930 1627 1570 113 1457 450 220 157 218 2689 818
internal_count=18368 157 18211 4901 764 13310 418 4137 578 141 668 446 3559 3076 179 111 2897 208 12892 3930 1627 1570 113 1457 450 220 157 218 2689 818
is_linear=0
shrinkage=0.05


Tree=43
num_leaves=31
num_cat=0
split_feature=109 75 50 0 109 91 104 73 109 70 94 2 19 90 1 57 1 107 81 84 72 70 34 114 73 24 72 1 0 82
split_gain=0.00569071 0.0170233 0.00125472 0.00174307 0.000938844 0.00283839 0.00089533 0.000671517 0.00105736 0.000719643 0.00103352 0.00112469 0.00238106 0.000746144 0.000609224 0.000469673 0.000389238 0.000589649 0.0038933 0.00124805 0.000324565 0.000859694 0.000264908 0.000254738 0.0003389 0.000281204 0.000221859 0.000413085 0.000327953 0.000218967
threshold=88.200000000000003 15.500000000000002 415.50000000000006 0.18590000000000004 86.075000000000017 290.14910675000004 12.500000000000002 19.750000000000007 80.660000000000011 37.95000000000001 13.15 0.00017288850000000004 20.900000000000002 9.4500000000000011 8.5250000000000026e-05 6.4500000000000011 8.5250000000000026e-05 33.215842738206554 -6.2239314000000254 18.500000000000004 18.050000000000004 33.150000000000013 0.37150000000000005 29.910000000000004 26.050000000000008 0.75161836866703557 19.550000000000004 0.00011660550000000001 0.21365000000000003 -0.20000000000000059
decision_type=2 2 2 2 2 2 2 2 2 2 2 2 2 2 2 2 2 2 2 2 2 2 2 2 2 2 2 2 2 2
left_child=2 -2 3 7 16 -6 -5 9 22 20 11 15 -13 -14 -15 29 -4 18 -18 -20 -1 -22 23 -9 25 -25 -19 -28 -29 -11
right_child=1 -3 4 6 5 -7 -8 8 -10 10 -12 12 13 14 -16 -17 17 26 19 -21 21 -23 -24 24 -26 -27 27 28 -30 -31
leaf_value=-5.0725539013211865e-05 -3.0612094062514814e-05 0.0010170813206244599 -1.5711031908601709e-05 0.0003338054227569956 0 0.00039095472728588689 0 -6.1625007549625835e-05 0.00025655625923694041 0 -6.7401733764693806e-07 0.00035011604057295725 0 0 0.00022840362777383743 -7.2567851141829775e-06 0.00044698808735769757 -1.6461716530566255e-05 0.00022175890499595512 -3.8281887067230639e-05 0.00016947737353963449 -2.1737797655428534e-05 0.00013184594346620586 0 -9.2417910343664549e-06 0.00010216693879174374 0.00013021335251405211 -2.5377622505447961e-06 9.5393178271887744e-05 0.0001455454182831562
leaf_weight=582 103 54 8962 69 361 57 65 76 73 73 1833 92 344 62 89 575 55 1801 53 316 67 414 62 61 104 180 66 1551 88 80
leaf_count=582 103 54 8962 69 361 57 65 76 73 73 1833 92 344 62 89 575 55 1801 53 316 67 414 62 61 104 180 66 1551 88 80
internal_value=3.40324e-06 0.000302252 5.35817e-07 2.24129e-05 -7.14518e-06 6.49781e-05 0.000202969 1.62473e-05 6.91551e-05 8.05975e-06 2.09646e-05 5.49039e-05 0.000107176 5.13275e-05 0.000144461 5.80834e-06 -9.87632e-06 2.15788e-06 5.85199e-05 0 -2.54415e-05 0 3.00294e-05 2.90981e-06 3.17141e-05 7.00143e-05 -3.24731e-06 7.78176e-06 0 8.71051e-05
internal_weight=18368 157 18211 4901 13310 418 134 4767 556 4211 3148 1315 587 495 151 728 12892 3930 424 369 1063 481 483 421 345 241 3506 1705 1639 153
internal_count=18368 157 18211 4901 13310 418 134 4767 556 4211 3148 1315 587 495 151 728 12892 3930 424 369 1063 481 483 421 345 241 3506 1705 1639 153
is_linear=0
shrinkage=0.05


Tree=44
num_leaves=31
num_cat=0
split_feature=109 66 95 109 87 99 81 114 0 50 19 58 15 72 1 81 91 95 2 93 74 71 7 73 40 83 20 73 111 2
split_gain=0.00508687 0.0163728 0.00119195 0.00146705 0.00280488 0.00146292 0.00296526 0.0023645 0.00143562 0.000628176 0.000557851 0.000487478 0.00047565 0.00140753 0.000461182 0.00241083 0.000448331 0.000378385 0.000354462 0.000351887 0.000350066 0.00027913 0.000362964 0.000372854 0.000272245 0.00022296 0.000217728 0.000526434 0.000227495 0.0001887
threshold=88.200000000000003 276.71126995000003 277.89224415000007 79.980000000000004 290.14910675000004 286.80096170000007 -1.749512050000021 25.640000000000004 0.21365000000000003 21.050000000000004 42.650000000000013 0.55000000000000016 17.759722222222226 20.950000000000003 0.0035617145000000003 -8.3203462499999983 284.38066020000002 285.51235725000009 0.0020139710000000003 26.050000000000004 270.87989455000007 27.778571428571436 0.015212125500000001 6.3500000000000023 995.05000000000007 0.45000000000000007 29.150000000000002 20.250000000000007 76.260000000000019 1.0000000180025095e-35
decision_type=2 2 2 2 2 2 2 2 2 2 2 2 2 2 2 2 2 2 2 2 2 2 2 2 2 2 2 2 2 2
left_child=2 11 14 8 5 6 7 17 9 -4 -10 -2 13 29 -1 -16 -8 -5 26 -18 -17 22 -20 -24 25 -25 27 -14 -28 -11
right_child=1 -3 3 4 -6 -7 16 -9 10 12 -12 -13 18 -15 15 20 19 -19 21 -21 -22 -23 23 24 -26 -27 28 -29 -30 -31
leaf_value=-1.1287189279170153e-05 -0.00016324023669907407 0.00098789876049638469 0.00013690427616954747 0 0.00044947664886691477 -8.1843819059131427e-05 -5.9430771983491128e-05 0.00051556832128419325 0.00026393627085214235 4.7148945772322901e-05 0 0 -3.3103921689836912e-06 0.00023933024109283 0.00027311455324128143 -1.0838946497435643e-05 0.00015750598353499022 0.00015335712216997142 0 0 0.00011724384611928449 -3.0651045268308468e-06 0 0.00019275838536114386 0 3.8877201119983976e-05 -2.9309335812317393e-05 0.00012009411850758025 3.8001724280562404e-06 -3.1674681606091327e-05
leaf_weight=11214 51 54 88 50 53 124 151 64 76 139 53 52 968 81 87 779 58 53 473 85 56 614 128 104 51 187 1850 90 376 159
leaf_count=11214 51 54 88 50 53 124 151 64 76 139 53 52 968 81 87 779 58 53 473 85 56 614 128 104 51 187 1850 90 376 159
internal_value=3.30747e-06 0.000285869 5.81347e-07 1.89122e-05 9.15413e-05 4.98689e-05 9.622e-05 0.000263792 9.45491e-06 4.46407e-06 0.000174739 -4.00681e-05 1.2479e-06 5.56789e-05 -8.18351e-06 2.41198e-05 0 5.58182e-05 -1.99147e-06 6.36811e-05 0 1.63385e-05 3.4259e-05 6.54133e-05 9.27e-05 0.000111468 -1.22064e-05 2.56921e-06 -2.14723e-05 0
internal_weight=18368 157 18211 6075 638 585 461 167 5437 5308 129 103 5220 379 12136 922 294 103 4841 143 835 1557 943 470 342 291 3284 1058 2226 298
internal_count=18368 157 18211 6075 638 585 461 167 5437 5308 129 103 5220 379 12136 922 294 103 4841 143 835 1557 943 470 342 291 3284 1058 2226 298
is_linear=0
shrinkage=0.05


Tree=45
num_leaves=31
num_cat=0
split_feature=109 66 74 72 113 97 8 107 74 0 57 21 83 107 97 20 21 95 14 104 109 107 80 6 6 33 40 20 26 16
split_gain=0.00350639 0.015968 0.00139739 0.00152142 0.0012834 0.0025356 0.00339808 0.0102905 0.0048811 0.00118864 0.000756237 0.00307375 0.000753879 0.000759428 0.000743279 0.000915341 0.00139739 0.000666655 0.000572432 0.000426764 0.000486323 0.000295764 0.000377633 0.00024795 0.000833833 0.000643377 0.000938198 0.000322973 0.000225244 0.000217321
threshold=88.200000000000003 276.71126995000003 270.87989455000007 17.650000000000002 0.065000000000000016 14.450000000000001 0.00092500000000000015 39.184882750482181 267.53095850000005 0.18590000000000004 6.7500000000000009 -2.907142857142857 1.5500000000000005 100.2802120376448 27.650000000000002 29.050000000000004 -1.7085714285714271 269.97623825000005 9.5000000000000018 20.500000000000004 26.335000000000004 71.650750253308317 -3.3500000000000223 0.0010833123541666668 0.00050831590972222243 0.42500000000000004 985.55000000000007 45.350000000000001 277.91827630000006 32.300000000000004
decision_type=2 2 2 2 2 2 2 2 2 2 2 2 2 2 2 2 2 2 2 2 2 2 2 2 2 2 2 2 2 2
left_child=2 17 4 28 5 -1 18 8 -8 10 11 -5 19 -14 15 16 -13 -2 -7 23 -21 22 -9 24 -12 26 27 -26 -4 -6
right_child=1 -3 3 9 29 6 7 21 -10 -11 12 14 13 -15 -16 -17 -18 -19 -20 20 -22 -23 -24 -25 25 -27 -28 -29 -30 -31
leaf_value=-1.215140476864451e-05 0 0.00092627731680944888 0 0.00039369921933053758 1.1063289572141822e-05 -1.7699627447670234e-05 0.00094784069003974857 0 0.00017168990931370193 0.00022789650035018877 -1.7384790573373722e-05 0.00037200407265807942 0 0.00014841129492380639 -8.4955041331510275e-06 0 0 -0.0002164057453914071 0.0001398107111295262 0 0.00017435749724947866 0 0.00013571618784566301 -2.9924889932952299e-05 0.00036349547495346466 0 0 2.3368098473786987e-05 -5.7511272461354014e-05 -1.4718291178421086e-05
leaf_weight=1452 54 55 222 76 654 449 57 63 62 97 671 57 227 217 246 74 51 51 65 55 75 159 106 552 50 177 117 52 419 11600
leaf_count=1452 54 55 222 76 654 449 57 63 62 97 671 57 227 217 246 74 51 51 65 55 75 159 106 552 50 177 117 52 419 11600
internal_value=2.69189e-06 0.000235064 3.48922e-07 2.93063e-05 -6.09353e-06 2.6562e-05 9.02043e-05 0.000190879 0.000589927 4.60556e-05 3.75802e-05 9.60075e-05 2.18358e-05 8.07699e-05 3.06968e-05 0.00011075 0.000203929 -8.51524e-05 0 3.98004e-06 9.1411e-05 2.95522e-05 7.77151e-05 -6.0265e-09 1.0804e-05 7.10863e-05 0.000128179 0.000240551 -3.58706e-05 -1.29335e-05
internal_weight=18262 160 18102 3435 14667 2413 961 447 119 2794 2697 504 2193 444 428 182 108 105 514 1749 130 328 169 1619 1067 396 219 102 641 12254
internal_count=18262 160 18102 3435 14667 2413 961 447 119 2794 2697 504 2193 444 428 182 108 105 514 1749 130 328 169 1619 1067 396 219 102 641 12254
is_linear=0
shrinkage=0.05


Tree=46
num_leaves=31
num_cat=0
split_feature=95 105 73 40 13 110 99 32 64 41 40 19 40 74 21 20 15 26 1 81 74 104 40 63 72 73 11 84 21 36
split_gain=0.00188277 0.00432768 0.0187276 0.0015472 0.00102487 0.00194366 0.00246192 0.00213916 0.00158579 0.00296563 0.00433143 0.00101663 0.000938824 0.000614258 0.000550291 0.000467457 0.000459503 0.000942004 0.000444552 0.00107387 0.00409912 0.000557752 0.000361093 0.000324238 0.000598132 0.000334681 0.000560963 0.000268451 0.000254517 0.000217061
threshold=278.03120380000001 8.3844366951598737 21.150000000000006 988.95000000000016 0.52083333333333337 5.79 286.80096170000007 30.500000000000004 19.350000000000005 1021.85 965.85000000000002 34.600000000000009 994.45000000000016 269.10850695000005 -1.7457142857142858 57.550000000000004 17.857638888888889 277.02380430000005 0.00097368600000000008 -8.3203462499999983 264.73261560000003 5.5000000000000009 990.05000000000007 14.250000000000002 21.550000000000004 16.750000000000007 -1.0000000180025095e-35 11.500000000000002 -2.892857142857141 71.500000000000014
decision_type=2 2 2 2 2 2 2 2 2 2 2 2 2 2 2 2 2 2 2 2 2 2 2 2 2 2 2 2 2 2
left_child=18 2 3 -2 5 6 7 -3 9 10 -9 16 -5 -13 23 22 17 -7 -1 20 -20 -21 -15 24 -6 -25 -27 28 -18 -10
right_child=1 4 -4 12 14 11 -8 8 29 -11 -12 13 -14 15 -16 -17 27 -19 19 21 -22 -23 -24 25 -26 26 -28 -29 -30 -31
leaf_value=-1.2481228215404139e-05 -0.00016688145993833955 0 0.0010550318724051101 0.00027764442336845999 0 0.00025612076783055763 -5.864112519187949e-05 1.9366962372403479e-05 0 2.9665699523066386e-05 0.00068928676130164456 0 0 0.00017570918311701276 -3.4456061390326853e-05 0 7.0932411939533528e-05 0 0 0.00011935037059648746 0.00050485450194313528 -5.9762793878996089e-06 0 -1.4964046106984591e-05 0.00016759824551484324 0.00017905611453443272 0 -2.5938930160141857e-05 0 0.00010667993660842745
leaf_weight=10469 81 84 53 50 129 51 105 56 54 92 86 243 51 221 1086 55 139 132 111 93 51 1550 79 835 88 63 233 1033 839 50
leaf_count=10469 81 84 53 50 129 51 105 56 54 92 86 243 51 221 1086 55 139 132 111 93 51 1550 79 835 88 63 233 1033 839 50
internal_value=2.63029e-06 2.58191e-05 0.000237287 0 1.62723e-05 3.46105e-05 0.000124093 0.000181412 0.000238413 0.000314174 0.000462041 1.58917e-05 0.000124631 7.36248e-05 -6.68417e-06 0.000115906 0 7.57598e-05 -8.27648e-06 1.33359e-05 0.000135797 0 0.000140611 1.19924e-05 6.78844e-05 0 4.67641e-05 -6.78701e-06 8.34053e-06 1.8963e-05
internal_weight=18262 5988 235 182 5753 3319 527 422 338 234 142 2792 101 598 2434 355 2194 183 12274 1805 162 1643 300 1348 217 1131 296 2011 978 104
internal_count=18262 5988 235 182 5753 3319 527 422 338 234 142 2792 101 598 2434 355 2194 183 12274 1805 162 1643 300 1348 217 1131 296 2011 978 104
is_linear=0
shrinkage=0.05


Tree=47
num_leaves=31
num_cat=0
split_feature=109 66 74 72 109 34 57 21 19 5 48 13 19 20 113 76 84 0 43 51 8 8 75 109 16 73 11 83 34 1
split_gain=0.00291069 0.0136587 0.00121528 0.00137469 0.00110097 0.00354947 0.0010126 0.0036497 0.000854948 0.00200668 0.000618976 0.00061522 0.000854539 0.000615036 0.000787839 0.0004498 0.000389692 0.00082418 0.00072314 0.00120736 0.000363569 0.00219619 0.00088303 0.00292091 0.000295017 0.00028478 0.000267725 0.000299421 0.000214054 0.000143179
threshold=88.200000000000003 276.71126995000003 271.01637660000006 17.650000000000002 86.075000000000017 0.33550000000000008 6.7500000000000009 -2.8557142857142854 19.750000000000004 0.00032724536111111116 9.032250000000003 0.54861111111111127 34.600000000000009 44.100000000000009 0.38500000000000006 8.5000000000000018 11.500000000000002 0.0016000000000000001 8.5000000000000018 23.350000000000005 0.00092500000000000015 0.00093958333333333339 15.500000000000002 80.660000000000011 32.300000000000004 15.550000000000002 -1.0000000180025095e-35 1.1500000000000004 0.37150000000000005 2.4750000000000004e-06
decision_type=2 2 2 2 2 2 2 2 2 2 2 2 2 2 2 2 2 2 2 2 2 2 2 2 2 2 2 2 2 2
left_child=2 10 4 28 20 -6 7 -5 9 -9 -2 12 16 -14 -15 -16 17 -8 19 -19 24 -22 -23 26 25 -1 -24 -28 -4 -13
right_child=1 -3 3 6 5 -7 11 8 -10 -11 -12 29 13 14 15 -17 -18 18 -20 -21 21 22 23 -25 -26 -27 27 -29 -30 -31
leaf_value=0 0 0.00085443057144792489 -5.4598109754352838e-05 0.00041095628920733031 0.00036605286351295294 0 0 0 0 0.00035991518215450929 -0.00020206034994097773 5.7035002998099905e-06 0 0 0.00023099264162697235 0 -1.2403309063820153e-05 0.00039802417199597613 0 0 0.00029384969348484453 -1.4373079709907445e-05 0 0.0003654844766357341 -1.6022650010563031e-05 6.4326555719034951e-05 0.00010463053319724099 0 0 -3.2993277984370427e-05
leaf_weight=388 52 55 420 87 82 340 433 75 299 59 53 396 76 80 177 53 415 50 68 73 63 3290 781 64 9306 211 142 122 218 334
leaf_count=388 52 55 420 87 82 340 433 75 299 59 53 396 76 80 177 53 415 50 68 73 63 3290 781 64 9306 211 142 122 218 334
internal_value=2.55762e-06 0.000214292 3.9821e-07 2.80173e-05 -5.45237e-06 7.28981e-05 4.45802e-05 0.000110451 3.77439e-05 0.000142871 -7.87456e-05 2.63226e-05 4.59607e-05 0.000112132 0.000143493 0.000190388 1.64855e-05 4.36875e-05 0.000130171 0.00020203 -8.10665e-06 2.84291e-06 -2.54201e-07 3.71021e-05 -1.35437e-05 1.65975e-05 1.18803e-05 5.55232e-05 -3.35637e-05 -5.18257e-06
internal_weight=18262 160 18102 3313 14789 422 2675 520 433 134 105 2155 1425 386 310 230 1039 624 191 123 14367 4462 4399 1109 9905 599 1045 264 638 730
internal_count=18262 160 18102 3313 14789 422 2675 520 433 134 105 2155 1425 386 310 230 1039 624 191 123 14367 4462 4399 1109 9905 599 1045 264 638 730
is_linear=0
shrinkage=0.05


Tree=48
num_leaves=31
num_cat=0
split_feature=109 63 74 72 113 69 72 114 2 64 21 16 100 19 5 72 107 13 1 19 13 11 14 107 36 107 22 32 16 73
split_gain=0.00261024 0.0133459 0.00110746 0.00122323 0.0010051 0.00232084 0.00365191 0.0033008 0.00367206 0.000866409 0.00152298 0.00129507 0.000787334 0.00164828 0.00260924 0.000603367 0.000563155 0.000733853 0.000503299 0.00048168 0.000393705 0.000467029 0.000480141 0.000353921 0.000314238 0.000274422 0.000548569 0.000221869 0.000172862 0.000225804
threshold=88.200000000000003 24.462 270.87989455000007 17.650000000000002 0.065000000000000016 32.987500000000004 15.15 28.365000000000006 3.0850000000000011e-05 16.450000000000003 -3.551428571428572 51.050000000000004 1.0000000180025095e-35 20.650000000000002 0.00031898926388888898 19.550000000000004 66.863867284344977 0.5902777777777779 0.00049126100000000011 36.850000000000001 0.52083333333333337 -0.0033928571428571393 3.5000000000000004 252.82482637764227 99.500000000000014 45.854750180135262 18.350000000000005 51.500000000000007 32.300000000000004 15.550000000000002
decision_type=2 2 2 2 2 2 2 2 2 2 2 2 2 2 2 2 2 2 2 2 2 2 2 2 2 2 2 2 2 2
left_child=2 -2 4 27 5 -1 -7 8 -8 10 11 -5 25 14 -14 -9 17 -17 -11 -15 21 -20 -23 -21 -24 26 -12 -4 29 -6
right_child=1 -3 3 9 28 6 7 15 -10 18 12 -13 13 19 -16 16 -18 -19 20 23 -22 22 24 -25 -26 -27 -28 -29 -30 -31
leaf_value=-1.5950796716620403e-05 -0.00012220402657736224 0.00077598202367880733 -4.8688958919162383e-05 0.00042096390567166971 0 0.00050614336225051238 0.00045042726790707097 -3.278383497369457e-05 0 -2.5794720684872887e-06 0.00018177709787719763 1.2778170797465576e-05 6.1838705005357004e-06 0 0.00051412134143455455 0.00023276502646130896 0 0 0 0.00018662029258131288 0 0 0.00027164777548168789 0 0 -4.5747784337795361e-06 0 0 -1.2964193034013431e-05 5.5918150023421734e-05
leaf_weight=1378 97 63 506 61 455 50 99 437 114 1083 61 70 85 309 56 78 175 82 71 70 102 53 74 59 54 536 50 135 11600 199
leaf_count=1378 97 63 506 61 455 50 99 437 114 1083 61 70 85 309 56 78 175 82 71 70 102 53 74 59 54 536 50 135 11600 199
internal_value=2.49965e-06 0.000203024 4.39939e-07 2.62403e-05 -5.26298e-06 2.35653e-05 8.09678e-05 5.38229e-05 0.000227833 4.13403e-05 7.07477e-05 0.000242477 4.81404e-05 9.10616e-05 0.000245329 0 5.55723e-05 0.000123247 1.00631e-05 2.9565e-05 6.27235e-05 9.7009e-05 0.000139632 0.000110521 0.000191866 1.93299e-06 7.7761e-05 -3.17513e-05 -1.13492e-05 9.63912e-06
internal_weight=18262 160 18102 3435 14667 2413 1035 985 213 2794 1357 131 1226 579 141 772 335 160 1437 438 354 252 181 129 128 647 111 641 12254 654
internal_count=18262 160 18102 3435 14667 2413 1035 985 213 2794 1357 131 1226 579 141 772 335 160 1437 438 354 252 181 129 128 647 111 641 12254 654
is_linear=0
shrinkage=0.05


Tree=49
num_leaves=31
num_cat=0
split_feature=109 35 74 72 109 6 0 19 109 11 113 105 20 76 109 64 108 1 113 81 75 113 0 62 1 19 77 27 108 113
split_gain=0.00232029 0.0134698 0.00101749 0.00113904 0.000946408 0.00206655 0.000883931 0.000714411 0.00311009 0.000968033 0.00301253 0.000660177 0.00044706 0.000376314 0.000341455 0.000556532 0.000618757 0.000328158 0.000551253 0.00298437 0.00117721 0.000297118 0.00033809 0.000296571 0.00026155 0.000244191 0.00035021 0.000298934 0.000399642 0.000220085
threshold=88.200000000000003 942.50000000000011 271.01637660000006 17.650000000000002 86.075000000000017 0.0017604038750000004 0.18590000000000004 20.650000000000002 79.980000000000004 -0.00045714285714285675 1.7650000000000003 10.515540806382498 44.100000000000009 8.5000000000000018 26.335000000000004 17.250000000000004 2.5000000000000004 8.5250000000000026e-05 0.055000000000000007 -8.3203462499999983 15.500000000000002 18.300000000000004 0.21365000000000003 37.650000000000013 0.00010124050000000002 31.350000000000005 40.337500000000013 268.34415640000003 10.500000000000002 0.025000000000000005
decision_type=2 2 2 2 2 2 2 2 2 2 2 2 2 2 2 2 2 2 2 2 2 2 2 2 2 2 2 2 2 2
left_child=2 -2 4 29 17 -6 7 8 9 10 -5 25 -13 -14 -11 16 -16 -1 19 -19 24 22 -20 -24 -21 26 -9 -28 -29 -4
right_child=1 -3 3 6 5 -7 -8 11 -10 14 -12 12 13 -15 15 -17 -18 18 21 20 -22 -23 23 -25 -26 -27 27 28 -30 -31
leaf_value=-1.2399057267315374e-05 0.00076118860144589037 -0.00014063977443471494 -8.9224446546203197e-05 0 1.0220443272690161e-05 0.0003553050149535661 0.00020010289429484552 -1.7419441979331803e-05 0.00043386018352285994 -3.1482220804882599e-05 0.00044705194832114824 0 0.0001330242882798535 0 0.00025805749135851899 0 1.7555413403778265e-05 0.00038246725860093043 -1.2963468276967571e-05 8.0438401550054551e-05 0.00017902091564673872 8.6330744477663756e-05 0 0.00013496202905999795 -2.2921439535328509e-05 -3.7070854635600756e-05 0 0.00017378024468468669 0 -3.1645226001296576e-06
leaf_weight=10043 64 96 139 88 367 55 96 348 57 238 55 304 214 63 52 219 182 59 3206 54 91 79 122 68 645 488 117 83 71 499
leaf_count=10043 64 96 139 88 367 55 96 348 57 238 55 304 214 63 52 219 182 59 3206 54 91 79 122 68 645 488 117 83 71 499
internal_value=2.44548e-06 0.000191523 4.87576e-07 2.57741e-05 -4.84035e-06 6.77499e-05 4.09152e-05 3.29764e-05 7.03431e-05 3.90206e-05 0.000159439 1.02623e-05 5.47736e-05 0.000101495 6.68067e-06 3.77693e-05 9.31476e-05 -7.3251e-06 3.30384e-06 4.0041e-05 7.69505e-06 -4.24215e-06 -7.8458e-06 5.1946e-05 -7.6902e-06 -8.61482e-06 5.77811e-06 5.39037e-05 9.96011e-05 -2.98493e-05
internal_weight=18262 160 18102 3313 14789 422 2675 2579 891 834 143 1688 581 277 691 453 234 14367 4324 849 790 3475 3396 190 699 1107 619 271 154 638
internal_count=18262 160 18102 3313 14789 422 2675 2579 891 834 143 1688 581 277 691 453 234 14367 4324 849 790 3475 3396 190 699 1107 619 271 154 638
is_linear=0
shrinkage=0.05


Tree=50
num_leaves=31
num_cat=0
split_feature=95 109 13 107 74 113 0 102 83 0 109 41 81 19 17 15 83 19 113 109 40 63 20 11 114 113 41 56 74 112
split_gain=0.00136183 0.00369956 0.00105989 0.00168011 0.00203874 0.00232985 0.000994284 0.000533625 0.000543362 0.000531935 0.000474184 0.000767676 0.000875835 0.00132917 0.00061919 0.000468115 0.000437662 0.000391805 0.000277623 0.000265406 0.000299214 0.000524924 0.000234708 0.000227856 0.000210255 0.00023552 0.000266869 0.000250707 0.000310479 0.000199308
threshold=277.89224415000007 88.200000000000003 0.5902777777777779 39.184882750482181 272.04482950000005 0.03500000000000001 0.21365000000000003 -1.0000000180025095e-35 0.35000000000000009 0.26885000000000003 26.335000000000004 1018.85 -3.966155400000019 20.900000000000002 6.5000000000000009 22.157638888888894 1.4500000000000006 7.0500000000000007 18.300000000000004 56.030000000000008 994.05000000000007 14.630000000000003 30.250000000000004 0.0061357142857142912 37.910000000000004 0.025000000000000005 1025.4500000000003 27.650000000000002 275.57231775000008 0.36500000000000005
decision_type=2 2 2 2 2 2 2 2 2 2 2 2 2 2 2 2 2 2 2 2 2 2 2 2 2 2 2 2 2 2
left_child=18 2 3 4 5 -2 10 -7 -9 -8 29 -12 13 -13 16 22 -14 -4 -1 20 21 -19 -16 24 25 -17 27 28 -27 -5
right_child=1 -3 17 6 -6 7 9 8 -10 -11 11 12 14 -15 15 23 -18 19 -20 -21 -22 -23 -24 -25 -26 26 -28 -29 -30 -31
leaf_value=-9.2278362818602845e-06 0.00043629932342412956 0.00040821291179576468 5.3139069244625828e-05 9.4905923454439205e-06 0 0 0.0002863495105888102 0 0.00027607098498693263 0 -1.5327267045590347e-05 0.00029426196954995658 0.0001765906357863376 0 0 0 0 0.00015807175161722682 8.8578324103423263e-05 -4.3081799868071425e-05 -3.0364937223436306e-05 0 -5.8285871082721323e-05 0 0 0.00014827157434204447 0 0 0 -2.4417681632889286e-05
leaf_weight=12150 86 61 152 557 165 97 54 52 50 73 601 89 114 101 223 82 87 65 63 852 445 303 249 92 118 215 59 62 60 918
leaf_count=12150 86 61 152 557 165 97 54 52 50 73 601 89 114 101 223 82 87 65 63 852 445 303 249 92 118 215 59 62 60 918
internal_value=1.03013e-06 2.05993e-05 1.57749e-05 2.99666e-05 0.000123098 0.000204246 1.74413e-05 7.72822e-05 0.000156682 0.000157618 1.11128e-05 2.66889e-05 4.61909e-05 0.000152984 2.75097e-05 8.64073e-06 0.000111071 -1.43086e-05 -8.30673e-06 -2.34954e-05 0 3.0212e-05 -2.35596e-05 3.79907e-05 5.11848e-05 6.60503e-05 8.21393e-05 9.9491e-05 0.000119971 -8.22771e-06
internal_weight=18295 6082 6021 4204 450 285 3754 199 102 127 3627 2152 1551 190 1361 1160 201 1817 12213 1665 813 368 472 688 596 478 396 337 275 1475
internal_count=18295 6082 6021 4204 450 285 3754 199 102 127 3627 2152 1551 190 1361 1160 201 1817 12213 1665 813 368 472 688 596 478 396 337 275 1475
is_linear=0
shrinkage=0.05


Tree=51
num_leaves=31
num_cat=0
split_feature=95 73 105 110 40 20 107 73 74 3 72 113 91 65 20 113 113 73 13 40 66 7 17 99 72 69 8 8 73 114
split_gain=0.00124846 0.0025686 0.00977744 0.0014408 0.00136644 0.00133623 0.00129969 0.00126232 0.000779744 0.00127617 0.00157229 0.00123788 0.000649097 0.000434094 0.00043116 0.00028987 0.000252457 0.000247267 0.00022835 0.000185068 0.00036968 0.000466946 0.00046113 0.000517649 0.000179467 0.000145827 0.000141368 0.000376339 0.000371365 0.000139225
threshold=277.89224415000007 20.050000000000008 8.7493894495934743 4.2550000000000017 980.75000000000011 30.450000000000003 29.116437666821316 21.550000000000004 271.47531805000006 0.014288194444444445 21.650000000000002 1.0000000180025095e-35 279.46688835000003 0.55000000000000016 40.550000000000004 0.085000000000000006 18.300000000000004 24.450000000000006 0.46527777777777785 972.45000000000016 271.02330720000003 0.020547432000000001 22.500000000000004 267.7831443500001 34.350000000000001 29.712500000000006 0.00035729166666666673 0.00041041666666666673 15.050000000000004 36.930000000000007
decision_type=2 2 2 2 2 2 2 2 2 2 2 2 2 2 2 2 2 2 2 2 2 2 2 2 2 2 2 2 2 2
left_child=16 3 -3 4 18 7 -5 -4 26 11 -11 -10 -9 24 -15 17 19 -7 25 20 -1 -22 23 -23 29 -2 -8 28 -28 -13
right_child=1 2 5 6 -6 15 8 12 9 10 -12 13 -14 14 -16 -17 -18 -19 -20 -21 21 22 -24 -25 -26 -27 27 -29 -30 -31
leaf_value=-6.9343775289301013e-06 0 0.00063917354662360645 0.0002875003889391792 0.00020967617930668791 -0.00026245195125189049 0 -2.0332533074251365e-05 0.00011813280210078332 0.00024919335857511647 0.00034013971947914753 0 -1.6609170752305188e-05 -9.3076203425029905e-07 0.00020732079390234923 0 -3.5110666056698647e-05 8.4218607075854375e-05 9.1675697399464464e-05 -4.8628306775095435e-05 -1.4784884912443734e-05 0 0 0 0.00023052754705318361 6.6449663645607639e-05 8.5835906214140099e-05 0 -4.9154343721848846e-06 0.00016706503279265511 1.3155723631161264e-05
leaf_weight=5080 50 76 91 85 85 83 1212 158 56 75 113 1050 153 51 51 352 63 107 347 6340 494 53 103 80 95 50 68 1131 65 478
leaf_count=5080 50 76 91 85 85 83 1212 158 56 75 113 1050 153 51 51 352 63 107 347 6340 494 53 103 80 95 50 68 1131 65 478
internal_value=1.05573e-06 1.98006e-05 9.24077e-05 4.16729e-06 -7.21021e-05 4.24676e-05 1.42418e-05 0.000111885 9.33361e-06 3.33299e-05 0.000160391 1.70291e-05 4.37172e-05 6.45529e-06 0.000105993 0 -7.8706e-06 3.89328e-05 -2.424e-05 -8.76648e-06 -1.33722e-06 3.07291e-05 8.85331e-05 0.000149887 0 1.05258e-05 -7.73621e-06 3.95869e-07 8.2575e-05 -4.02528e-06
internal_weight=18295 6082 1020 5062 532 944 4530 402 4445 1969 188 1781 311 1725 102 542 12213 190 447 12150 5810 730 236 133 1623 100 2476 1264 133 1528
internal_count=18295 6082 1020 5062 532 944 4530 402 4445 1969 188 1781 311 1725 102 542 12213 190 447 12150 5810 730 236 133 1623 100 2476 1264 133 1528
is_linear=0
shrinkage=0.05


Tree=52
num_leaves=31
num_cat=0
split_feature=104 109 57 5 64 112 102 19 0 73 8 19 94 71 110 71 15 109 20 57 73 110 109 99 17 34 114 108 108 13
split_gain=0.00110411 0.00392343 0.00102696 0.00143842 0.00271808 0.000829845 0.00101595 0.00124276 0.00284104 0.000775622 0.000614482 0.000597019 0.000544436 0.0010206 0.000613747 0.000510015 0.000459613 0.000336727 0.000277057 0.000373605 0.000224162 0.000219056 0.000221261 0.000337942 0.000210133 0.000203123 0.000181004 0.000145619 0.000207999 0.000129768
threshold=38.500000000000007 88.200000000000003 9.0500000000000025 0.0044062812152777788 14.950000000000001 0.33500000000000008 -0.78656609248549292 20.750000000000004 0.0010500000000000004 18.350000000000009 0.00036458333333333335 19.350000000000005 12.250000000000002 23.471428571428575 4.7450000000000001 27.179591836734694 23.519444444444446 34.520000000000003 25.050000000000004 7.1500000000000012 20.650000000000006 3.6600000000000006 86.075000000000017 269.75262400000003 4.5000000000000009 0.34050000000000008 37.390000000000008 3.5000000000000004 10.500000000000002 0.5902777777777779
decision_type=2 2 2 2 2 2 2 2 2 2 2 2 2 2 2 2 2 2 2 2 2 2 2 2 2 2 2 2 2 2
left_child=1 2 3 5 -5 6 -1 8 26 27 -4 20 13 -13 -15 16 -16 -7 19 -19 -12 25 -23 -24 -22 -2 -8 -9 -29 -14
right_child=21 -3 10 4 -6 17 7 9 -10 -11 11 12 29 14 15 -17 -18 18 -20 -21 24 22 23 -25 -26 -27 -28 28 -30 -31
leaf_value=-1.6258771699966342e-05 -0.00015805665582705003 0.0004183976631707009 -1.7003254445478694e-05 0.00047578651644796221 0 -3.4077055191284024e-05 9.7315719821349851e-05 -4.0111031978499665e-05 0.00051444163741307114 0.00021246484867659538 -4.0294027299163178e-05 -8.8954946451180334e-07 1.8361258383118259e-05 0.00025811491170715784 0 0 0.00019781747925507977 0.00013059636273596723 0 0 0.00010437007693754448 -8.0910070621337987e-06 0.00013180240370274987 0 0 -1.6650761001924167e-05 0 8.3069074797308796e-05 0 -2.1648386279686247e-05
leaf_weight=157 51 60 2545 55 103 421 57 111 58 52 487 173 1245 90 87 133 93 115 561 102 50 10416 67 167 77 367 58 101 99 137
leaf_count=157 51 60 2545 55 103 421 57 111 58 52 487 173 1245 90 87 133 93 115 561 102 50 10416 67 167 77 367 58 101 99 137
internal_value=1.07135e-06 1.65108e-05 1.23909e-05 4.22891e-05 0.000192332 2.70228e-05 7.05775e-05 0.000105307 0.000222428 3.52944e-05 0 1.76344e-05 3.2195e-05 7.48344e-05 0.000119639 6.32031e-05 0.000118213 0 2.12502e-05 6.92163e-05 -2.06453e-05 -8.55893e-06 -6.60899e-06 3.78369e-05 1.53643e-05 -4.61729e-05 2.88831e-05 0 3.02437e-05 1.07669e-05
internal_weight=18295 7227 7167 2050 158 1892 693 536 173 363 5117 2572 1958 576 403 313 180 1199 778 217 614 11068 10650 234 127 418 115 311 200 1382
internal_count=18295 7227 7167 2050 158 1892 693 536 173 363 5117 2572 1958 576 403 313 180 1199 778 217 614 11068 10650 234 127 418 115 311 200 1382
is_linear=0
shrinkage=0.05


Tree=53
num_leaves=31
num_cat=0
split_feature=66 50 73 21 0 57 19 11 0 0 8 8 8 66 113 6 62 70 15 99 2 89 0 113 17 19 13 3 83 74
split_gain=0.00105111 0.000862885 0.00135305 0.0063186 0.00150303 0.00101543 0.004685 0.000996866 0.000675281 0.000387522 0.000333794 0.000319776 0.000333043 0.000309005 0.000729698 0.00160222 0.00161493 0.000245498 0.000891723 0.000315304 0.000639199 0.000739378 0.00026597 0.000272015 0.00022793 0.000296609 0.00036032 0.000227587 0.000186918 0.000290464
threshold=285.59911635000009 404.90000000000003 20.850000000000005 -0.68428571428571416 0.0096000000000000026 6.7500000000000009 22.950000000000003 -0.0037128571428571414 0.21365000000000003 0.12160000000000001 0.00021875000000000006 0.0026250000000000006 0.0016145833333333335 276.64098385000005 0.045000000000000005 0.00089877095138888902 37.650000000000013 38.250000000000007 17.759722222222226 278.43373015000003 0.00024020550000000004 14.050000000000002 0.00095000000000000011 0.54000000000000015 4.5000000000000009 24.050000000000004 0.38194444444444448 0.00030833333333333337 0.55000000000000016 271.01637660000006
decision_type=2 2 2 2 2 2 2 2 2 2 2 2 2 2 2 2 2 2 2 2 2 2 2 2 2 2 2 2 2 2
left_child=1 2 4 24 7 6 -6 -1 10 -8 -7 12 28 -3 15 -15 -17 -9 -19 22 -21 -22 23 -20 27 -26 -27 -4 -12 -30
right_child=-2 13 3 -5 5 8 9 17 -10 -11 11 -13 -14 14 -16 16 -18 18 19 20 21 -23 -24 -25 25 26 -28 -29 29 -31
leaf_value=-0.00017607251992050903 0.00020338090334519169 -8.9766654892830111e-06 0 0.00057825643776237992 0.00056383348135705959 -1.424932392055744e-05 0 -2.949205797040846e-05 0.00016817364359733157 0.00013468595720821344 0 0 0.0001646606586305447 0 0 0 0.00038409586854960668 0.00020324506370175016 4.3747534364700803e-05 0 0 0.00024722434164232255 -5.2735767344796952e-05 -1.8290930134966179e-05 -5.115280562857307e-05 0.00014462788931770523 0 0.00015365527377723067 0 7.9871238696522463e-05
leaf_weight=94 63 12084 54 60 52 506 173 816 82 55 226 244 77 133 1083 53 68 53 240 215 55 63 356 653 163 57 83 52 124 258
leaf_count=94 63 12084 54 60 52 506 173 816 82 55 226 244 77 133 1083 53 68 53 240 215 55 63 356 653 163 57 83 52 124 258
internal_value=1.03354e-06 4.8992e-08 1.8481e-05 0.000100141 8.48826e-06 4.42111e-05 0.000135821 -1.47789e-05 2.39301e-05 1.4334e-05 1.20943e-05 3.18192e-05 5.0378e-05 -6.18667e-06 1.52807e-05 9.15374e-05 0.000224379 -6.48456e-06 1.95286e-06 -1.75638e-06 3.73216e-05 0.000131674 -1.61966e-05 0 1.65672e-05 0 4.70701e-05 7.98573e-05 2.74479e-05 4.91736e-05
internal_weight=18295 18232 4811 469 4342 1797 280 2545 1517 228 1435 929 685 13421 1337 254 121 2451 1635 1582 333 118 1249 893 409 303 140 106 608 382
internal_count=18295 18232 4811 469 4342 1797 280 2545 1517 228 1435 929 685 13421 1337 254 121 2451 1635 1582 333 118 1249 893 409 303 140 106 608 382
is_linear=0
shrinkage=0.05


Tree=54
num_leaves=31
num_cat=0
split_feature=66 50 0 64 81 95 21 86 6 0 32 48 84 113 109 99 35 113 62 66 40 2 50 66 109 114 2 21 83 114
split_gain=0.000950051 0.000781894 0.00109595 0.00135913 0.000686841 0.00335827 0.000907671 0.00131787 0.00223305 0.000551293 0.000601499 0.000606296 0.000447387 0.000282129 0.000890716 0.00220874 0.00017216 0.000880645 0.00118622 0.000225479 0.00019557 0.000249581 0.000146458 0.000134182 0.000288142 0.000243092 0.00045513 0.00013194 0.000170156 0.00012873
threshold=285.59911635000009 404.90000000000003 0.18590000000000004 15.850000000000003 -5.0069910500000097 290.26543320000007 -2.1957142857142848 4.0500000000000007 0.00019589217361111114 0.034600000000000006 24.500000000000004 3.1682000000000006 10.500000000000002 1.0000000180025095e-35 86.075000000000017 269.75262400000003 277.50000000000006 0.045000000000000005 37.350000000000001 272.01566545000009 982.55000000000007 0.00049989300000000006 196.85000000000002 276.55542930000007 87.815000000000012 22.420000000000005 2.5500000000000003e-05 -1.7457142857142858 0.8500000000000002 38.660000000000004
decision_type=2 2 2 2 2 2 2 2 2 2 2 2 2 2 2 2 2 2 2 2 2 2 2 2 2 2 2 2 2 2
left_child=1 2 4 -4 5 6 7 8 -1 10 11 -6 22 14 -3 -16 17 18 -12 20 21 -18 -11 24 -15 26 -25 -14 -29 -21
right_child=-2 13 3 -5 9 -7 -8 -9 -10 12 16 -13 27 23 15 -17 19 -19 -20 29 -22 -23 -24 25 -26 -27 -28 28 -30 -31
leaf_value=0 0.0001933707484840852 0 0.00036137143036851413 0 -0.00020066215648209133 0.00045178339930762557 -1.1561970678852511e-05 0 0.00044875243314635831 0.00022500101000974502 0 0 0 -8.4693938419884e-06 0.00037795994982732007 0 0 0 0.00032041031956155943 -2.2028217119425205e-05 0 0.00014943854429490738 0 0.0001799340951388744 -0.0001024570211525462 0 0 0 7.2077883407902773e-05 8.5950894143113075e-06
leaf_weight=59 63 465 52 87 77 50 512 214 56 50 50 67 301 11427 56 103 92 659 52 1699 136 58 51 54 92 1129 95 146 177 166
leaf_count=59 63 465 52 87 77 50 512 214 56 50 50 67 301 11427 56 103 92 659 52 1699 136 58 51 54 92 1129 95 146 177 166
internal_value=9.92127e-07 4.25726e-08 1.7601e-05 0.000158642 1.23017e-05 5.20274e-05 2.18141e-05 8.87842e-05 0.000225449 1.60697e-06 -6.29666e-06 -0.000105861 4.1772e-05 -5.87987e-06 2.51087e-05 0.000127985 0 1.89615e-05 0.000155032 -8.52589e-06 2.67069e-05 6.77759e-05 0.000147387 -7.78345e-06 -9.66291e-06 5.24168e-06 6.5466e-05 1.64687e-05 3.92586e-05 -1.66198e-05
internal_weight=18295 18232 4811 139 4672 891 841 329 115 3781 3056 144 725 13421 624 159 2912 761 102 2151 286 150 101 12797 11519 1278 149 624 323 1865
internal_count=18295 18232 4811 139 4672 891 841 329 115 3781 3056 144 725 13421 624 159 2912 761 102 2151 286 150 101 12797 11519 1278 149 624 323 1865
is_linear=0
shrinkage=0.05


Tree=55
num_leaves=31
num_cat=0
split_feature=109 35 0 77 73 64 73 77 98 57 20 112 114 21 34 41 62 3 3 58 71 94 73 79 99 20 105 17 34 77
split_gain=0.00150295 0.011089 0.000545931 0.00121633 0.000436912 0.000972042 0.00250553 0.00180204 0.00182732 0.00148381 0.000528708 0.000465934 0.000470256 0.000358669 0.000445663 0.000584025 0.000691004 0.000259561 0.000713628 0.00061611 0.00113587 0.00126584 0.000196247 0.000148401 0.000144767 0.000233278 0.000116674 0.000111564 0.000110454 0.000236547
threshold=88.200000000000003 942.50000000000011 0.21365000000000003 36.937500000000007 6.1500000000000021 17.350000000000005 6.450000000000002 41.38750000000001 8.8500000000000032 6.7500000000000009 30.350000000000005 0.31500000000000006 25.350000000000005 -1.8842857142857132 0.32650000000000007 1025.8500000000001 27.950000000000003 0.0050833333333333347 0.0062951388888888892 1.0000000180025095e-35 27.250000000000004 15.050000000000002 13.250000000000005 -3.350000000000001 269.03776070000009 29.750000000000004 9.8349787513369957 6.5000000000000009 0.34850000000000003 42.312500000000007
decision_type=2 2 2 2 2 2 2 2 2 2 2 2 2 2 2 2 2 2 2 2 2 2 2 2 2 2 2 2 2 2
left_child=2 -2 4 -4 28 6 -6 10 -9 -10 13 12 -11 14 -8 23 -17 -7 19 20 21 -19 -12 -16 25 -15 -20 -25 -1 -30
right_child=1 -3 3 -5 5 17 7 8 9 11 22 -13 -14 24 15 16 -18 18 26 -21 -22 -23 -24 27 -26 -27 -28 -29 29 -31
leaf_value=-2.0680315315189332e-05 0.0006464847286648972 -0.00017406759448766192 0 0.00019748875515948128 0.00037582787829542903 -1.4109355809599679e-05 0 0.00038972613283508041 0.00025037374207835566 0 2.4407113611262074e-07 -2.7601167024719571e-05 0.00020632131925131213 0 0 0.00030506284984913962 0 0.00035331563559787662 -2.1853717172969685e-05 0 0 0 -3.2649434427366895e-05 7.1312942269055111e-05 -2.4614184043305012e-05 0.00011316429408154739 3.510052360477123e-07 0 -8.1864609995197783e-06 3.4569416629877794e-05
leaf_weight=2103 68 87 276 111 52 3586 219 57 84 95 367 224 50 144 117 61 60 74 729 244 140 51 883 187 333 57 1211 73 6252 305
leaf_count=2103 68 87 276 111 52 3586 219 57 84 95 367 224 50 144 117 61 60 74 729 244 140 51 883 187 333 57 1211 73 6252 305
internal_value=1.15825e-06 0.000155702 0 5.84901e-05 -1.45203e-06 5.8618e-06 2.90556e-05 2.1284e-05 0.000107105 5.97499e-05 1.74936e-06 2.2829e-06 8.25681e-05 2.6477e-05 4.97118e-05 7.6083e-05 0.000182029 -5.08446e-06 6.08997e-06 5.97024e-05 0.000112359 0.000221785 -1.90026e-05 2.846e-05 0 2.81053e-05 -5.4239e-06 5.09365e-05 -9.71286e-06 -5.43027e-06
internal_weight=18300 155 18145 387 17758 9098 3063 3011 510 453 2501 369 145 1251 717 498 121 6035 2449 509 265 125 1250 377 534 201 1940 260 8660 6557
internal_count=18300 155 18145 387 17758 9098 3063 3011 510 453 2501 369 145 1251 717 498 121 6035 2449 509 265 125 1250 377 534 201 1940 260 8660 6557
is_linear=0
shrinkage=0.05


Tree=56
num_leaves=31
num_cat=0
split_feature=109 35 0 77 73 80 106 41 109 15 8 21 64 8 21 71 14 35 69 73 63 114 91 114 90 74 6 0 110 56
split_gain=0.00132856 0.0100515 0.000492822 0.0010975 0.000408426 0.00211165 0.00362253 0.00804959 0.00056548 0.0015115 0.00031973 0.000443102 0.000907166 0.000506124 0.000602414 0.000572593 0.000311254 0.000246735 0.000186831 0.00139196 0.00101084 0.000795344 0.00018078 0.00013029 0.000109592 0.000106355 0.000140652 0.000104354 9.86929e-05 0.000206223
threshold=88.200000000000003 942.50000000000011 0.21365000000000003 36.937500000000007 6.3500000000000023 4.5999999999999668 6.5000000000000009 1021.4500000000002 86.075000000000017 21.351388888888891 0.00023854166666666669 -2.9028571428571417 13.750000000000002 0.00047187500000000013 -3.5657142857142858 24.227551020408164 9.5000000000000018 592.50000000000011 35.63750000000001 20.250000000000007 28.874000000000006 30.660000000000004 278.38189045000007 37.080000000000005 4.6500000000000012 269.94203220000003 8.340215972222225e-05 0.052550000000000006 4.9050000000000002 32.050000000000004
decision_type=2 2 2 2 2 2 2 2 2 2 2 2 2 2 2 2 2 2 2 2 2 2 2 2 2 2 2 2 2 2
left_child=2 -2 4 -4 -1 8 16 -8 10 -10 23 12 -12 14 -14 -16 17 -7 22 27 21 -21 -13 -6 -24 -25 -27 -20 29 -26
right_child=1 -3 3 -5 5 6 7 -9 9 -11 11 18 13 -15 15 -17 -18 -19 19 20 -22 -23 24 25 28 26 -28 -29 -30 -31
leaf_value=-9.2234523613623236e-06 0.00061462896727143611 -0.00016546311449427655 0 0.00018770248211467336 -2.2961134911369622e-05 0.00013358219280254415 0.00079895860445049053 0 0.00024587176897728657 0 0.00020197864982970392 0 0 -8.3389362088379091e-07 0 0.0002800611478492751 -3.1141882049010209e-06 5.406980117048949e-06 -1.4984933763745442e-05 0.00038443909187577141 0 3.8812670106782991e-05 0 -9.3797158424485766e-06 -0.00011629029372534208 8.0730778008101283e-05 0 8.7835473927685492e-06 -1.8760245045310561e-05 0
leaf_weight=8741 68 87 276 111 2268 93 53 92 83 213 77 660 116 746 88 55 252 239 1400 52 85 85 92 573 119 86 92 407 941 50
leaf_count=8741 68 87 276 111 2268 93 53 92 83 213 77 660 116 746 88 55 252 239 1400 52 85 85 92 573 119 86 92 407 941 50
internal_value=1.17182e-06 0.000146466 0 5.56652e-05 -1.29519e-06 5.83612e-06 8.74419e-05 0.000313466 -7.48276e-07 6.61419e-05 -3.8592e-06 3.10152e-06 3.19298e-05 1.37432e-05 7.48023e-05 0.000143392 2.23359e-05 5.66198e-05 -3.63645e-06 5.08151e-06 0.00012433 0.000208066 -1.58178e-05 -1.6978e-05 -2.76253e-05 0 3.46884e-05 -6.86405e-06 -3.2756e-05 -8.07048e-05
internal_weight=18300 155 18145 387 17758 9017 729 145 8288 296 7992 4973 1082 1005 259 143 584 332 3891 2029 222 137 1862 3019 1202 751 178 1807 1110 169
internal_count=18300 155 18145 387 17758 9017 729 145 8288 296 7992 4973 1082 1005 259 143 584 332 3891 2029 222 137 1862 3019 1202 751 178 1807 1110 169
is_linear=0
shrinkage=0.05


Tree=57
num_leaves=31
num_cat=0
split_feature=73 73 7 111 71 1 40 25 14 35 114 0 15 72 65 90 105 4 71 40 71 16 74 25 74 111 15 77 59 65
split_gain=0.000716802 0.00153506 0.00128298 0.0017683 0.00895343 0.0113812 0.00140594 0.00119499 0.00114898 0.00137805 0.000891193 0.000427528 0.000300098 0.00099806 0.000624993 0.000255786 0.000243288 0.000419806 0.000561802 0.000557463 0.000198164 0.000185652 0.000169483 0.0002445 0.000203479 0.000288995 0.000380882 0.000304231 0.000198562 0.000147352
threshold=6.3500000000000023 6.450000000000002 0.018475221000000003 5.6100000000000003 26.205102040816332 4.1050000000000008e-05 968.45000000000016 0.33373098143910568 8.5000000000000018 692.50000000000011 22.165000000000003 0.21365000000000003 17.857638888888889 20.950000000000003 6.3500000000000023 1.8500000000000003 9.4813564059261051 0.059350000000000007 25.33775510204082 977.55000000000007 25.556122448979597 31.350000000000005 274.74423830000006 0.58555083661831409 271.01637660000006 32.560000000000009 22.247916666666672 36.437500000000007 273.68101135000006 1.0000000180025095e-35
decision_type=2 2 2 2 2 2 2 2 2 2 2 2 2 2 2 2 2 2 2 2 2 2 2 2 2 2 2 2 2 2
left_child=22 -2 12 4 6 -6 10 11 9 -9 -4 16 13 -3 -15 -14 20 18 -18 -20 -5 -17 24 -24 -1 26 -26 -28 -29 -23
right_child=1 2 3 7 5 -7 -8 8 -10 -11 -12 -13 15 14 -16 21 17 -19 19 -21 -22 29 23 -25 25 -27 27 28 -30 -31
leaf_value=-9.109437643468105e-06 0.00024712169937785283 0 -2.3576212530789906e-05 0 0.00099232111141969595 0 -0.00022695410501910376 0.00031781541152181808 0 0 0.00019388695828785141 0.00012257588625137335 7.4810686048208271e-05 0.00029688423968484416 1.2673740229469589e-05 5.4718600879093898e-05 0 0 0.00024062787746801669 0 -4.1480808452980941e-05 0 -5.1931225884062948e-05 0 0 -6.8963928805658266e-06 0 0.00014940150266156446 0 -1.513718190901553e-05
leaf_weight=7481 69 465 91 322 58 67 67 100 127 97 61 71 83 51 104 90 72 837 69 66 521 1614 517 94 195 399 72 138 72 4230
leaf_count=7481 69 465 91 322 58 67 67 100 127 97 61 71 83 51 104 90 72 837 69 66 521 1614 517 94 195 399 72 138 72 4230
internal_value=1.17861e-06 1.11163e-05 8.79209e-06 3.84868e-05 0.000146479 0.000485049 -2.53677e-05 1.99604e-05 0.000109321 0.000184727 3.17123e-05 2.57289e-06 -2.20773e-06 2.95573e-05 0.000139543 -6.31605e-06 0 1.40214e-05 7.76754e-05 0.000139839 -2.18454e-05 -8.30566e-06 -8.60506e-06 -3.58309e-05 -6.01223e-06 1.47167e-05 4.32325e-05 8.07564e-05 0.000111138 -1.01409e-05
internal_weight=18300 9332 9263 2626 344 125 219 2282 324 197 152 1958 6637 620 155 6017 1887 1044 207 135 843 5934 8968 611 8357 876 477 282 210 5844
internal_count=18300 9332 9263 2626 344 125 219 2282 324 197 152 1958 6637 620 155 6017 1887 1044 207 135 843 5934 8968 611 8357 876 477 282 210 5844
is_linear=0
shrinkage=0.05


Tree=58
num_leaves=31
num_cat=0
split_feature=109 63 0 77 73 80 1 2 109 15 103 20 8 62 109 69 113 63 11 11 3 2 83 5 9 77 72 81 2 83
split_gain=0.000987596 0.00904388 0.000421375 0.000944795 0.000346316 0.00184597 0.00407822 0.00103375 0.00046289 0.00123565 0.000297377 0.000999494 0.000290478 0.000325826 0.000296351 0.000133315 0.00073293 0.00118487 0.00119084 0.000250125 0.00020543 0.000168858 0.000126775 0.000152857 0.000130588 0.000103597 9.78657e-05 9.71106e-05 9.37957e-05 0.000177825
threshold=88.200000000000003 24.080000000000005 0.21365000000000003 36.937500000000007 6.3500000000000023 4.5999999999999668 0.0035617145000000003 0.0085976625000000022 86.075000000000017 21.351388888888891 0.78656609248549303 30.650000000000002 0.00023854166666666669 28.050000000000004 45.00500000000001 35.38750000000001 0.075000000000000025 28.874000000000006 -0.00069857142857142882 -1.0000000180025095e-35 0.00067569444444444458 0.0028697850000000001 0.8500000000000002 0.0030176637500000008 9.9250000000000025 32.212500000000013 18.850000000000005 -0.18049535000000103 0.00013323500000000002 2.4500000000000011
decision_type=2 2 2 2 2 2 2 2 2 2 2 2 2 2 2 2 2 2 2 2 2 2 2 2 2 2 2 2 2 2
left_child=2 -2 4 -4 28 8 7 10 12 -10 -7 -12 25 14 -14 20 17 18 -17 -20 -15 -22 -18 -24 27 -6 -16 -25 29 -1
right_child=1 -3 3 -5 5 6 -8 -9 9 -11 11 -13 13 15 26 16 22 -19 19 -21 21 -23 23 24 -26 -27 -28 -29 -30 -31
leaf_value=-3.9835975437569049e-05 -0.00015960720083078037 0.00058351086803586853 0 0.00017417334241924567 2.479734355542209e-06 -7.3135400668850408e-06 0.00045460216463982144 0.0002062737502583332 0.00022238946992729329 0 0.00022272857718612967 0 0 1.2585959652852058e-05 0 0.00033424745492031466 -1.673047606038589e-05 -1.5399146297625967e-05 0 0.00011562900619445196 -3.2101456026627833e-05 0 0 0 0 -1.9129714317326141e-05 0.00018861691155717172 8.4135098064686817e-05 -2.00988909526432e-06 -7.6975305114436968e-06
leaf_weight=666 89 66 276 111 209 442 68 79 83 213 64 76 235 492 63 68 950 125 97 58 1025 528 898 100 142 2810 51 141 4563 3512
leaf_count=666 89 66 276 111 209 442 68 79 83 213 64 76 235 492 63 68 950 125 97 58 1025 528 898 100 142 2810 51 141 4563 3512
internal_value=1.20322e-06 0.000126478 0 5.16651e-05 -9.99859e-07 5.54764e-06 8.18434e-05 3.53144e-05 -5.69069e-07 5.98896e-05 3.21821e-06 7.17455e-05 -3.44104e-06 3.1662e-06 4.96971e-05 0 7.19643e-06 7.49956e-05 0.000147829 3.23762e-05 -9.87883e-06 -2.02168e-05 -1.16787e-06 6.47738e-06 3.36933e-05 -1.59778e-05 0.000118149 5.61286e-05 -8.32592e-06 -1.40254e-05
internal_weight=18300 155 18145 387 17758 9017 729 661 8288 296 582 140 7992 4973 349 4624 2579 348 223 155 2045 1553 2231 1281 383 3019 114 241 8741 4178
internal_count=18300 155 18145 387 17758 9017 729 661 8288 296 582 140 7992 4973 349 4624 2579 348 223 155 2045 1553 2231 1281 383 3019 114 241 8741 4178
is_linear=0
shrinkage=0.05


Tree=59
num_leaves=31
num_cat=0
split_feature=35 107 73 21 2 25 112 95 21 94 26 32 44 75 112 19 112 95 77 40 110 96 110 50 32 20 8 21 53 80
split_gain=0.000630625 0.00200781 0.00545774 0.0100272 0.00250871 0.000470908 0.000502027 0.000446144 0.000532171 0.00078582 0.00120429 0.000397866 0.000329149 0.000310065 0.000552326 0.000220578 0.000325885 0.000582779 0.000168411 0.000174349 0.000167184 0.00039537 0.00027836 0.000185248 0.000337406 0.000424437 0.000164226 0.000159679 0.000151496 0.000146324
threshold=1047.5000000000002 33.15434016127945 20.450000000000006 -0.68428571428571416 0.0050513260000000009 0.31090260215186433 1.0000000000000002 279.70262070000007 -1.2928571428571429 10.250000000000002 276.37202360000009 27.500000000000004 151.50000000000003 18.500000000000004 0.29500000000000004 7.0500000000000007 1.0550000000000004 278.03120380000001 35.01250000000001 980.75000000000011 4.580000000000001 0.45000000000000007 4.9050000000000002 292.30000000000001 64.500000000000014 43.250000000000007 0.00025937500000000006 -2.1957142857142848 290.63127570000006 0.80000000000001148
decision_type=2 2 2 2 2 2 2 2 2 2 2 2 2 2 2 2 2 2 2 2 2 2 2 2 2 2 2 2 2 2
left_child=1 2 4 -4 13 15 7 -7 9 10 -9 12 -2 18 -15 16 17 -3 -1 -20 21 28 -22 24 -24 -26 -17 -11 -13 -19
right_child=11 5 3 -5 -6 6 -8 8 -10 27 -12 20 -14 14 -16 26 -18 29 19 -21 22 -23 23 -25 25 -27 -28 -29 -30 -31
leaf_value=0 0 0 0 0.00086940117254833511 0.00025824065326408651 0 -1.1596784457566566e-05 1.7043066712553473e-05 0 0 0.00039578296706704505 -1.7976477208287767e-05 -0.00014692913219505499 0 0.00015875969157091717 -1.652697989735579e-05 0 0 -1.5112323684455609e-05 -0.00016900773332543815 8.6570444759456145e-05 -0.000124000968753262 0 -5.9614696090292775e-06 0 0.00020102106108862685 0 6.8080688733699831e-05 5.3568167438373028e-05 0.00021699273880130935
leaf_weight=206 145 140 103 58 95 396 341 81 204 105 60 869 95 106 61 2318 207 61 211 51 83 99 545 8044 51 53 3261 133 55 63
leaf_count=206 145 140 103 58 95 396 341 81 204 105 60 869 95 106 61 2318 207 61 211 51 83 99 545 8044 51 53 3261 133 55 63
internal_value=1.17387e-06 1.16357e-05 8.26759e-05 0.00034719 1.71028e-05 2.35886e-06 2.97715e-05 4.92798e-05 7.73633e-05 0.000112691 0.000215072 -6.93736e-06 -7.20071e-05 -1.14606e-05 3.29025e-05 -2.79969e-06 2.82252e-05 6.70324e-05 -3.79885e-05 -6.46092e-05 -4.82627e-06 -2.44529e-05 -1.96623e-06 -3.39654e-06 2.06623e-05 0.000103327 -6.31958e-06 3.04697e-05 -8.25915e-06 0.000145539
internal_weight=18300 8261 891 161 730 7370 1320 979 583 379 141 10039 240 635 167 6050 471 264 468 262 9799 1023 8776 8693 649 104 5579 238 924 124
internal_count=18300 8261 891 161 730 7370 1320 979 583 379 141 10039 240 635 167 6050 471 264 468 262 9799 1023 8776 8693 649 104 5579 238 924 124
is_linear=0
shrinkage=0.05


Tree=60
num_leaves=31
num_cat=0
split_feature=66 109 69 110 107 92 75 50 75 105 109 70 3 73 84 64 15 0 14 4 3 73 64 73 71 40 114 14 99 62
split_gain=0.000679334 0.00407176 0.00411527 0.000545498 0.000703628 0.00348774 0.00284675 0.000597917 0.000581548 0.00139569 0.000571568 0.00107828 0.00133295 0.000521462 0.000382675 0.00068947 0.00131011 0.000356978 0.00083223 0.000331128 0.00069417 0.00026278 0.000894211 0.000236368 0.000198842 0.000185721 0.000169445 0.000152154 0.000144093 0.000398768
threshold=279.46601305000007 86.075000000000017 37.412500000000009 4.1000000000000005 33.15434016127945 1.3500000000000003 16.500000000000004 252.10000000000002 10.500000000000002 8.9399741687033139 14.030000000000003 39.95000000000001 0.014288194444444445 9.2500000000000018 8.5000000000000018 14.050000000000002 22.132638888888895 0.028450000000000003 4.5000000000000009 0.0096000000000000026 0.0008881944444444446 5.450000000000002 15.15 24.150000000000006 24.982653061224493 986.1500000000002 32.135000000000012 5.5000000000000009 286.32123815000006 28.450000000000003
decision_type=2 2 2 2 2 2 2 2 2 2 2 2 2 2 2 2 2 2 2 2 2 2 2 2 2 2 2 2 2 2
left_child=3 17 -3 23 5 6 8 10 21 -10 24 28 14 -14 -13 16 -16 19 -19 20 -2 -5 -23 -1 25 -6 -21 -26 29 -12
right_child=1 2 -4 4 7 -7 -8 -9 9 -11 11 12 13 -15 15 -17 -18 18 -20 26 -22 22 -24 -25 27 -27 -28 -29 -30 -31
leaf_value=-2.0611592692096038e-05 0 0 0.00065365889213213596 -1.270172319250971e-05 0 0.00044664015874821839 0.00028545525527988506 -5.4069003078777559e-06 -0.00024207662870034003 0 7.0644607860840272e-05 0 0.00038349144169712551 1.2698941401835966e-05 0.00038060204200127037 1.1781389362664839e-05 2.9622714931368442e-05 0 0.00022734602836033195 -0.00011237571885545836 0.00017699163470563783 0.00017682823268602319 0 -0.00012136309374545817 6.5636417817063858e-05 -5.5193362658999224e-05 -2.5520433604357091e-06 0 -3.1571399768454288e-05 -3.1367388782220151e-06
leaf_weight=1181 420 62 51 344 123 51 87 12281 85 78 220 191 55 50 50 370 143 114 56 94 57 90 129 94 93 321 247 436 249 510
leaf_count=1181 420 62 51 344 123 51 87 12281 85 78 220 191 55 50 50 370 143 114 56 94 57 90 129 94 93 321 247 436 249 510
internal_value=1.79068e-06 3.99061e-05 0.000323493 -3.5677e-07 1.86404e-06 4.5781e-05 1.39745e-05 -3.2174e-07 -1.20286e-05 -9.7232e-05 2.01108e-05 3.70333e-05 7.78925e-05 0.000255879 4.6178e-05 6.74597e-05 0.000147816 2.12157e-06 7.11452e-05 -6.18755e-06 1.30565e-05 3.90292e-06 5.26516e-05 -3.20473e-05 -6.7277e-06 -3.40723e-05 -4.7686e-05 6.81015e-06 0 1.2325e-05
internal_weight=18332 1101 113 17231 15956 864 813 15092 726 163 2811 1838 859 105 754 563 193 988 170 818 477 563 219 1275 973 444 341 529 979 730
internal_count=18332 1101 113 17231 15956 864 813 15092 726 163 2811 1838 859 105 754 563 193 988 170 818 477 563 219 1275 973 444 341 529 979 730
is_linear=0
shrinkage=0.05


Tree=61
num_leaves=31
num_cat=0
split_feature=66 107 13 110 107 92 75 74 70 70 34 75 105 73 34 4 114 41 108 98 2 73 64 113 73 9 9 69 32 14
split_gain=0.000610909 0.00337788 0.00640543 0.000499753 0.000635616 0.00315117 0.00257449 0.000569135 0.000593557 0.00172102 0.000535696 0.000506769 0.00127882 0.00044553 0.000422291 0.00037922 0.000542382 0.000540603 0.000269686 0.000592734 0.000253025 0.000229816 0.000816794 0.000221523 0.000142018 0.000135539 0.000191841 0.000123931 9.80049e-05 9.47367e-05
threshold=279.46601305000007 24.463098825772978 0.46527777777777785 4.1000000000000005 33.15434016127945 1.3500000000000003 16.500000000000004 271.04786565000006 40.250000000000007 41.050000000000004 0.34150000000000008 10.500000000000002 8.9399741687033139 11.050000000000002 0.30650000000000005 0.012350000000000002 23.475000000000005 1020.6500000000002 1.5000000000000002 10.250000000000002 0.0051473125000000008 5.450000000000002 15.15 18.300000000000004 7.450000000000002 1.3100000000000003 1.0650000000000002 25.537500000000005 45.500000000000007 8.5000000000000018
decision_type=2 2 2 2 2 2 2 2 2 2 2 2 2 2 2 2 2 2 2 2 2 2 2 2 2 2 2 2 2 2
left_child=3 2 -2 10 5 6 11 23 -9 -10 14 21 -13 15 -1 -11 24 20 19 -3 -18 -5 -23 28 -17 26 -20 -15 -6 -19
right_child=1 18 -4 4 7 -7 -8 8 9 13 -12 12 -14 27 -16 16 17 29 25 -21 -22 22 -24 -25 -26 -27 -28 -29 -30 -31
leaf_value=0 0.00071427601863237507 0.00020450246059156669 0 -1.2068478160221855e-05 2.3495407949519622e-06 0.00042473761221222401 0.00027134467709732815 -2.3178270291940436e-06 0.00032235028194268779 0 -1.1326111166915767e-05 -0.00023011354028333933 0 -4.2845046642105448e-05 -0.00017723214953068898 -7.1631179132964456e-06 0.00019524467140089236 4.0090293184331471e-05 0 0 7.0206261014472926e-06 0.00016808397901413731 0 7.4888823141623404e-05 5.5672215539909134e-05 -3.3454346976698697e-05 9.1797251335548459e-05 0 -8.1086078860709439e-06 0
leaf_weight=90 50 51 54 344 1995 51 87 1195 55 182 1076 85 78 199 109 274 163 240 555 60 88 90 129 76 109 271 60 135 10322 59
leaf_count=90 50 51 54 344 1995 51 87 1195 55 182 1076 85 78 199 109 274 163 240 555 60 88 90 129 76 109 271 60 135 10322 59
internal_value=1.72192e-06 3.7866e-05 0.000308701 -2.99463e-07 1.81391e-06 4.35508e-05 1.30038e-05 -2.4693e-07 2.01934e-05 4.13915e-05 -3.06465e-05 -1.14075e-05 -9.09587e-05 2.70639e-05 -0.000109533 4.35702e-05 5.73003e-05 8.95905e-05 4.32335e-06 7.86533e-05 0.000149385 2.87942e-06 4.90346e-05 -5.1032e-06 0 0 7.47585e-06 -1.30798e-05 -6.00873e-06 2.2398e-05
internal_weight=18332 1101 104 17231 15956 864 813 15092 2699 1504 1275 726 163 1449 199 1115 933 550 997 111 251 563 219 12393 383 886 615 334 12317 299
internal_count=18332 1101 104 17231 15956 864 813 15092 2699 1504 1275 726 163 1449 199 1115 933 550 997 111 251 563 219 12393 383 886 615 334 12317 299
is_linear=0
shrinkage=0.05


Tree=62
num_leaves=31
num_cat=0
split_feature=66 109 7 110 107 63 65 8 83 74 0 105 34 77 18 34 66 34 109 0 0 14 4 3 50 113 34 112 71 6
split_gain=0.000549705 0.00338815 0.00374043 0.00046094 0.000574232 0.00294166 0.00783425 0.00982186 0.000771319 0.000513412 0.000528184 0.00100584 0.000520129 0.000666394 0.000888 0.000485382 0.000411189 0.000371505 0.000368149 0.000323923 0.000303083 0.000693848 0.000293984 0.000597867 0.000238867 0.000201447 0.000178454 0.000176679 0.000208255 0.000246136
threshold=279.46601305000007 86.075000000000017 0.018659123000000003 4.1000000000000005 33.15434016127945 24.080000000000005 6.8500000000000023 0.00030000000000000008 0.25000000000000006 271.01637660000006 0.11130000000000001 9.986477217735418 0.36550000000000005 41.562500000000007 9.5000000000000018 0.34150000000000008 276.86858395000007 0.30650000000000005 84.075000000000017 0.0073000000000000009 0.028450000000000003 4.5000000000000009 0.0096000000000000026 0.0008881944444444446 108.15000000000002 18.300000000000004 0.29550000000000004 0.29500000000000004 22.014285714285716 0.0013716010277777782
decision_type=2 2 2 2 2 2 2 2 2 2 2 2 2 2 2 2 2 2 2 2 2 2 2 2 2 2 2 2 2 2
left_child=3 20 -3 15 5 8 7 -7 19 25 12 -12 27 -14 24 17 -13 -1 -8 -5 22 -22 23 -2 -15 -6 -10 28 -11 -30
right_child=1 2 -4 4 9 6 18 -9 26 10 11 16 13 14 -16 -17 -18 -19 -20 -21 21 -23 -24 -25 -26 -27 -28 -29 29 -31
leaf_value=0 0 0 0.00060256286037090262 0 -5.7480219754735173e-06 0 -3.4176525843652902e-05 0.0010058129887864616 7.6254737292068793e-05 0 0 0.00022369917017410034 3.012747461179621e-06 0.00033987354349080187 0 -1.0760331470800623e-05 0 -0.00016845109809166431 0.00011250137183973989 -0.00024697989509276985 0 0.0002077974858050431 -4.543147294493022e-05 0.00016378373628397422 3.6857946068353374e-05 7.1193010556776422e-05 -9.9827516446920715e-06 -1.4226857174964452e-05 8.8488790077882685e-05 0
leaf_weight=90 420 61 52 59 12260 56 191 51 70 255 131 112 417 50 62 1076 54 109 54 50 114 56 341 57 62 76 333 1273 168 172
leaf_count=90 420 61 52 59 12260 56 191 51 70 255 131 112 417 50 62 1076 54 109 54 50 114 56 341 57 62 76 333 1273 168 172
internal_value=1.64815e-06 3.59338e-05 0.000294575 -2.54386e-07 1.76387e-06 4.14303e-05 0.000154865 0.000509645 -2.69592e-05 -1.78306e-07 1.89712e-05 8.41877e-05 9.0307e-06 5.02938e-05 0.000134369 -2.94119e-05 0.000166447 -0.000104704 0 -0.000144636 1.02888e-06 6.51866e-05 -6.26294e-06 1.13143e-05 0.000218191 -4.86298e-06 0 -1.36886e-06 1.77292e-05 4.5565e-05
internal_weight=18332 1101 113 17231 15956 864 352 107 512 15092 2756 297 2459 591 174 1275 166 199 245 109 988 170 818 477 112 12336 403 1868 595 340
internal_count=18332 1101 113 17231 15956 864 352 107 512 15092 2756 297 2459 591 174 1275 166 199 245 109 988 170 818 477 112 12336 403 1868 595 340
is_linear=0
shrinkage=0.05


Tree=63
num_leaves=31
num_cat=0
split_feature=13 107 67 21 92 33 74 19 34 35 20 20 69 50 72 50 66 3 105 21 101 40 110 113 21 62 75 33 105 17
split_gain=0.000508807 0.00156549 0.008003 0.0086181 0.00341396 0.0016525 0.000661352 0.000818503 0.000751293 0.000957297 0.00058515 0.000638955 0.000523139 0.000520533 0.000325413 0.000280615 0.000256325 0.000238328 0.000394258 0.000369856 0.000388712 0.000434944 0.000208502 0.00016955 0.000124208 0.000288271 0.000193229 0.000186763 0.000263055 0.000346707
threshold=0.52083333333333337 33.845472724088289 10.500000000000002 -0.23428571428571482 1.2500000000000002 1.0050000000000001 271.04786565000006 34.600000000000009 0.37050000000000005 457.50000000000006 55.350000000000001 44.100000000000009 35.76250000000001 21.050000000000004 17.550000000000004 189.40000000000003 276.45586155000007 0.0046180555555555567 10.282506010043578 -1.0942857142857141 4.5000000000000009 988.35000000000002 6.5650000000000004 18.300000000000004 -1.5699999999999987 40.850000000000001 12.500000000000002 0.42500000000000004 11.227589623188519 13.500000000000002
decision_type=2 2 2 2 2 2 2 2 2 2 2 2 2 2 2 2 2 2 2 2 2 2 2 2 2 2 2 2 2 2
left_child=1 2 4 -4 5 12 23 8 14 -10 11 -9 15 -2 -8 16 -1 18 19 20 -16 -22 -15 24 26 -26 -3 -27 29 -29
right_child=13 6 3 -5 -6 -7 7 10 9 -11 -12 -13 -14 22 17 -17 -18 -19 -20 -21 21 -23 -24 -25 25 27 -28 28 -30 -31
leaf_value=0 0.00013767462388306994 -1.0674600180004773e-06 0.00075564294447331905 0 0.00036743340834060261 -0.00030329800940375276 -7.8365133181021712e-05 0 0.00024721266822741878 7.6452738826917305e-06 0 0.00017672673117036293 0.00012586515529465495 -2.3067654066532632e-05 0 0 -0.00017214735319581013 -3.5240537368857733e-05 0 0 0.00028849970335916931 0 -3.2812867865765723e-06 6.7679589789462061e-05 -4.7198608607270747e-06 0 -2.498829364563557e-05 0 0 9.6137947759855505e-05
leaf_weight=58 56 3255 80 88 56 53 138 54 70 231 84 212 58 2141 59 389 57 257 412 69 50 69 5750 76 2274 248 1444 83 172 289
leaf_count=58 56 3255 80 88 56 53 138 54 70 231 84 212 58 2141 59 389 57 257 412 69 50 69 5750 76 2274 248 1444 83 172 289
internal_value=1.58087e-06 9.09072e-06 7.4785e-05 0.000382343 0 -3.6916e-05 2.78589e-06 3.12614e-05 9.45667e-06 8.0549e-05 0.000101165 0.000137597 -2.41946e-06 -7.60369e-06 -6.16356e-06 -2.73034e-05 -9.64008e-05 0 2.04277e-05 7.13085e-05 0.000110502 0.000162211 -9.28555e-06 -2.77163e-06 -4.11363e-06 2.49015e-06 -9.4859e-06 2.94766e-05 4.60538e-05 6.97287e-05
internal_weight=18332 10385 839 168 671 615 9546 1705 1355 301 350 266 562 7947 1054 504 115 916 659 247 178 119 7891 7841 7765 3066 4699 792 544 372
internal_count=18332 10385 839 168 671 615 9546 1705 1355 301 350 266 562 7947 1054 504 115 916 659 247 178 119 7891 7841 7765 3066 4699 792 544 372
is_linear=0
shrinkage=0.05


Tree=64
num_leaves=31
num_cat=0
split_feature=66 109 73 110 107 81 34 67 50 34 108 50 34 0 70 64 84 34 0 14 24 11 8 109 35 73 8 16 15 8
split_gain=0.000466144 0.00288991 0.00360828 0.000413728 0.000487658 0.00274657 0.00565453 0.00100856 0.000542518 0.000435154 0.000424316 0.000421758 0.000548334 0.000622025 0.000545211 0.000677738 0.00198766 0.000331164 0.000261355 0.000589417 0.000171702 0.000169952 0.00025698 0.000195148 0.000166821 0.000338224 0.000128776 0.000195824 0.000244168 0.00034267
threshold=279.46601305000007 86.075000000000017 19.550000000000008 4.1000000000000005 33.15434016127945 -5.1479034999999831 0.35950000000000004 10.500000000000002 203.25000000000003 0.34150000000000008 1.5000000000000002 285.10000000000008 0.36950000000000005 0.21365000000000003 37.550000000000004 13.750000000000002 8.5000000000000018 0.31150000000000005 0.028450000000000003 4.5000000000000009 -0.45292520358310351 -1.0000000180025095e-35 0.0011052083333333337 75.50500000000001 1247.5000000000002 15.450000000000005 0.0030770833333333336 59.050000000000004 29.738194444444449 0.00093958333333333339
decision_type=2 2 2 2 2 2 2 2 2 2 2 2 2 2 2 2 2 2 2 2 2 2 2 2 2 2 2 2 2 2
left_child=3 18 -3 9 5 6 -5 8 10 17 -7 12 13 26 -14 16 -16 -1 21 -20 -17 23 -23 -2 25 -10 27 -6 29 -29
right_child=1 2 -4 4 11 7 -8 -9 24 -11 -12 -13 14 -15 15 20 -18 -19 19 -21 -22 22 -24 -25 -26 -27 -28 28 -30 -31
leaf_value=0 0 0 0.0005684604371156268 0.00059926291125931685 -3.5962544069982899e-06 -0.00022851404969025259 0 0.00018081157874749967 0 -9.9442099324609854e-06 0 -4.6117484859676604e-06 0 0.00013422609223859831 0 5.6951450163583307e-05 0.00042704472087616861 -0.00016411685379947674 0 0.00019184499179473598 0 0 8.784795364363162e-05 -8.7585695365345121e-05 -2.6537805642185431e-05 0.00010428647151142323 -3.867049353066075e-05 1.0901801904859393e-05 -1.2490527902301458e-05 0.00014750977649395931
leaf_weight=96 396 60 53 61 1621 51 86 67 160 1076 78 12081 143 87 67 229 53 103 114 56 94 218 90 114 263 98 207 347 77 86
leaf_count=96 396 60 53 61 1621 51 86 67 160 1076 78 12081 143 87 67 229 53 103 114 56 94 218 90 114 263 98 207 347 77 86
internal_value=1.48372e-06 3.30632e-05 0.000271921 -2.45744e-07 1.65076e-06 3.82029e-05 0.00023436 0 -2.14056e-05 -2.78807e-05 -0.000112816 -1.12926e-07 1.62732e-05 3.54008e-06 6.03518e-05 8.87993e-05 0.000200798 -9.93293e-05 4.41548e-07 6.04232e-05 3.12666e-05 -5.97763e-06 1.39138e-05 -2.7779e-05 0 2.9873e-05 0 2.26069e-06 3.06319e-05 4.98322e-05
internal_weight=18332 1101 113 17231 15956 864 147 717 650 1275 129 15092 3011 2425 586 443 120 199 988 170 323 818 308 510 521 258 2338 2131 510 433
internal_count=18332 1101 113 17231 15956 864 147 717 650 1275 129 15092 3011 2425 586 443 120 199 988 170 323 818 308 510 521 258 2338 2131 510 433
is_linear=0
shrinkage=0.05


Tree=65
num_leaves=31
num_cat=0
split_feature=32 109 66 13 74 109 110 34 74 70 70 73 57 105 13 24 1 69 69 1 4 73 104 13 41 44 71 17 5 91
split_gain=0.00042323 0.000842295 0.00586465 0.00504386 0.00072541 0.000656918 0.000475927 0.000538521 0.00047336 0.000623608 0.00120454 0.000558687 0.000676635 0.00315687 0.000312941 0.000279225 0.000182109 0.000362874 0.00227363 0.000472896 0.000210372 0.000179511 0.00036076 0.000640725 0.00015376 0.000147549 0.000133987 0.000123725 0.000113793 0.000147876
threshold=29.500000000000004 86.075000000000017 277.84482285000007 0.39583333333333343 267.41096705000001 80.660000000000011 4.2100000000000017 0.38050000000000006 271.04786565000006 40.250000000000007 41.050000000000004 11.050000000000002 7.2500000000000009 9.3621587602593763 0.49305555555555564 -0.77317908466149554 8.5250000000000026e-05 32.987500000000004 33.212500000000013 0.00011660550000000001 0.22520000000000004 20.450000000000006 36.500000000000007 0.39583333333333343 1027.3500000000001 137.50000000000003 24.597959183673474 3.5000000000000004 0.002701735930555556 284.58106805000006
decision_type=2 2 2 2 2 2 2 2 2 2 2 2 2 2 2 2 2 2 2 2 2 2 2 2 2 2 2 2 2 2
left_child=5 8 4 -4 6 -1 -3 -8 16 24 -11 12 13 -12 15 26 27 -18 -19 -20 21 -21 23 -23 28 -7 -14 -2 29 -10
right_child=1 2 3 -5 -6 25 7 -9 9 10 11 -13 14 -15 -16 -17 17 18 19 20 -22 22 -24 -25 -26 -27 -28 -29 -30 -31
leaf_value=0 7.9560045925246296e-06 -1.3346321734542507e-05 0.0006032381814014869 0 -0.00013825189240958781 0 0.00020164074216213082 0 -3.2882622470537356e-05 0.00022980403121532303 0.00038869587003826788 -2.0061650255204062e-05 0 0 -1.6036449922830794e-06 0 -8.7713018487881533e-06 0.00033685125226384121 0.00012426441555941315 -7.3629201874782118e-06 6.5684514828453458e-05 0.00023665864865881088 0 0 5.7539560535091866e-05 -0.00024102514629667699 0.0001203977438673745 -8.9472393628756719e-06 5.1455038297717685e-06 0
leaf_weight=340 915 280 80 51 94 52 61 72 780 85 76 359 106 205 499 191 2036 55 87 1772 123 50 137 58 65 50 142 9113 199 123
leaf_count=340 915 280 80 51 94 52 61 72 780 85 76 359 106 205 499 191 2036 55 87 1772 123 50 137 58 65 50 142 9113 199 123
internal_value=1.32073e-06 2.78666e-06 5.92254e-05 0.000357453 -8.54078e-06 -4.63469e-05 9.16719e-06 9.36234e-05 3.95836e-07 1.9329e-05 3.94295e-05 2.58693e-05 4.34998e-05 0.000115183 1.66008e-05 4.86136e-05 -2.99164e-06 4.94013e-06 1.9362e-05 9.12921e-06 2.05727e-06 0 3.78626e-05 0.000107283 -5.04319e-06 -0.000158692 8.35436e-05 -6.90572e-06 -1.33165e-05 -2.29172e-05
internal_weight=18256 17814 638 131 507 442 413 133 17176 2830 1663 1578 1219 281 938 439 14346 4318 2282 2227 2140 2017 245 108 1167 102 248 10028 1102 903
internal_count=18256 17814 638 131 507 442 413 133 17176 2830 1663 1578 1219 281 938 439 14346 4318 2282 2227 2140 2017 245 108 1167 102 248 10028 1102 903
is_linear=0
shrinkage=0.05


Tree=66
num_leaves=31
num_cat=0
split_feature=32 109 67 24 105 74 4 74 70 70 0 107 109 44 77 109 8 97 113 9 105 40 40 99 16 110 34 74 104 110
split_gain=0.000404839 0.0008785 0.00423556 0.00117822 0.000761558 0.000589426 0.000665319 0.000487 0.000546196 0.00123706 0.000629611 0.00138538 0.000353649 0.000326449 0.000279345 0.00026189 0.000213845 0.000327168 0.00127776 0.00237467 0.00271537 0.002126 0.000410438 0.000194503 0.000152995 0.000135783 0.000183463 0.000123167 0.000122416 0.000175646
threshold=31.500000000000004 86.075000000000017 12.500000000000002 0.47594339352778009 9.3621587602593763 266.76643500000006 0.028750000000000001 271.04786565000006 40.250000000000007 41.050000000000004 0.0096000000000000026 50.315893384814146 80.210000000000022 139.50000000000003 46.975000000000009 11.410000000000002 0.00036458333333333335 14.450000000000001 0.065000000000000016 1.4950000000000003 10.282506010043578 973.25000000000011 979.55000000000007 278.29704755000006 32.300000000000004 4.2100000000000017 0.38250000000000006 274.48650910000009 42.500000000000007 5.1750000000000016
decision_type=2 2 2 2 2 2 2 2 2 2 2 2 2 2 2 2 2 2 2 2 2 2 2 2 2 2 2 2 2 2
left_child=4 7 3 5 12 25 -7 16 23 -10 14 -12 -1 -14 -11 -13 24 -18 19 20 21 -19 -21 -9 -2 -3 -27 -17 29 -26
right_child=1 2 -4 -5 -6 6 -8 8 9 10 11 15 13 -15 -16 27 17 18 -20 22 -22 -23 -24 -25 28 26 -28 -29 -30 -31
leaf_value=0 1.7184399234093481e-05 -3.3543919030018994e-06 0.00037699983496977544 0.00023033083275669991 0 0 -0.00023152219834851988 2.2954978201663284e-05 0.00023470753993221359 -1.8715293724362767e-05 0.00025118683379663376 0 0 -0.00029396332230484964 7.3103632302859453e-05 7.1767877878604249e-05 -7.0784992440983933e-06 0.00065318926922319569 4.1904668485044276e-07 -2.9831370563055382e-05 0 5.4511676596750754e-05 8.9976986217028826e-05 -2.0338674851080644e-05 -7.9187400575297907e-05 0.00012494344780398202 0 0 -5.5385396122617295e-06 -1.4808373984955115e-05
leaf_weight=108 363 251 90 52 405 55 60 326 82 671 87 351 54 51 86 275 3687 50 3136 215 65 51 102 784 172 50 71 89 4577 1840
leaf_count=108 363 251 90 52 405 55 60 326 82 671 87 351 54 51 86 275 3687 50 3136 215 65 51 102 784 172 50 71 89 4577 1840
internal_value=1.28473e-06 2.94342e-06 6.10079e-05 0 -3.79058e-05 -1.65564e-05 -0.000117681 4.98764e-07 1.99986e-05 3.86697e-05 2.50096e-05 5.63283e-05 -0.000114249 -0.00018626 -1.60509e-06 2.53173e-05 -2.9141e-06 2.53316e-06 1.37059e-05 8.94644e-05 0.000242375 0.000403405 0 -3.11394e-06 -9.35739e-06 1.53203e-06 5.25963e-05 5.52369e-05 -1.15807e-05 -2.28324e-05
internal_weight=18256 17638 629 539 618 487 115 17009 2751 1641 1559 802 213 105 757 715 14258 7306 3619 483 166 101 317 1110 6952 372 121 364 6589 2012
internal_count=18256 17638 629 539 618 487 115 17009 2751 1641 1559 802 213 105 757 715 14258 7306 3619 483 166 101 317 1110 6952 372 121 364 6589 2012
is_linear=0
shrinkage=0.05


Tree=67
num_leaves=31
num_cat=0
split_feature=32 109 50 105 8 97 107 103 13 75 0 41 111 20 79 11 62 89 94 34 109 44 57 72 22 114 51 112 111 13
split_gain=0.000379299 0.000809699 0.00466265 0.000716463 0.000339652 0.000609349 0.000880986 0.00387296 0.00102378 0.00106606 0.000497842 0.000400983 0.000731291 0.000711715 0.00045455 0.000449821 0.000392982 0.000494545 0.000387739 0.000405138 0.000311535 0.000264062 0.000246601 0.00146803 0.000236954 0.000232763 0.000151518 0.000132145 0.000136297 0.000111042
threshold=31.500000000000004 88.200000000000003 1216.3000000000004 9.3621587602593763 0.00023854166666666669 14.450000000000001 33.15434016127945 -0.9159756150367534 0.4513888888888889 16.500000000000004 0.21365000000000003 1018.85 37.675000000000004 29.050000000000004 -4.5999999999999979 -0.00054857142857142832 39.45000000000001 14.850000000000003 14.750000000000002 0.33450000000000008 80.210000000000022 139.50000000000003 7.1500000000000012 31.000000000000004 10.65 38.640000000000008 20.850000000000005 0.15500000000000003 81.910000000000011 0.50694444444444453
decision_type=2 2 2 2 2 2 2 2 2 2 2 2 2 2 2 2 2 2 2 2 2 2 2 2 2 2 2 2 2 2
left_child=3 4 -3 20 22 -6 7 -7 9 -9 11 26 13 14 -13 16 17 -15 19 -16 -1 -22 23 25 -21 -2 29 28 -14 -8
right_child=1 2 -4 -5 5 6 10 8 -10 -11 -12 12 27 15 18 -17 -18 -19 -20 24 21 -23 -24 -25 -26 -27 -28 -29 -30 -31
leaf_value=0 -2.1399470794353917e-05 0.00050029888314721003 -5.4938970495996549e-05 0 -5.3485418092664258e-06 0.00046578727034890717 -4.0640793652102707e-05 0 -3.5430141687026083e-05 0.00028290213982386166 0.00012074902220594844 0 6.1248839760066911e-05 1.1221072865122122e-05 0 -2.9561445814709124e-06 0 0.00023536871126690623 0 0.00031373506465934048 0 -0.00027954781271406461 -9.8831544292968887e-06 0.00025255551214579632 7.3713587493294102e-05 6.105973385344371e-05 2.290814697505076e-06 -1.5875189504402814e-05 0 0
leaf_weight=108 423 53 86 405 4560 59 390 100 230 62 109 59 128 135 50 468 122 64 62 79 54 51 6463 61 100 103 2675 754 65 178
leaf_count=108 423 53 86 405 4560 59 390 100 230 62 109 59 128 135 50 468 122 64 62 79 54 51 6463 61 100 103 2675 754 65 178
internal_value=1.22456e-06 2.83864e-06 0.000123117 -3.66948e-05 1.59054e-06 7.53912e-06 1.83665e-05 8.7271e-05 1.65376e-05 0.000120758 1.17176e-05 8.52713e-06 2.57756e-05 5.3078e-05 0.000115867 1.87843e-05 6.59194e-05 0.000109125 0.000141525 0.000172172 -0.000110746 -0.000179188 -6.51673e-06 2.19988e-05 0.000208577 0 -1.03085e-06 -1.80929e-06 2.71678e-05 -2.54381e-05
internal_weight=18256 17638 139 618 17499 10449 5889 451 392 162 5438 5329 2086 1139 350 789 321 199 291 229 213 105 7050 587 179 526 3243 947 193 568
internal_count=18256 17638 139 618 17499 10449 5889 451 392 162 5438 5329 2086 1139 350 789 321 199 291 229 213 105 7050 587 179 526 3243 947 193 568
is_linear=0
shrinkage=0.05


Tree=68
num_leaves=31
num_cat=0
split_feature=32 109 66 2 105 74 74 99 80 19 25 0 110 34 108 5 107 109 44 21 64 8 11 81 75 8 73 69 108 105
split_gain=0.000356121 0.000735112 0.00533969 0.00355241 0.000674855 0.000549415 0.000416204 0.000456156 0.000521853 0.0010914 0.00227681 0.000596894 0.000414712 0.000445419 0.000277346 0.00032076 0.00050405 0.000273472 0.000208821 0.000203421 0.00046847 0.000180137 0.000280957 0.00115395 0.000271281 0.000589575 0.00024922 0.000328354 0.000386294 0.000590676
threshold=31.500000000000004 86.075000000000017 277.84482285000007 0.00012611850000000002 9.3621587602593763 267.41096705000001 271.04786565000006 286.80096170000007 4.5999999999999668 20.650000000000002 0.39891641141343898 0.051850000000000007 4.2100000000000017 0.38050000000000006 11.500000000000002 0.0060564499583333339 252.82482637764227 80.210000000000022 139.50000000000003 -3.551428571428572 15.850000000000003 0.00036458333333333335 0.00022285714285714351 -8.3203462499999983 15.500000000000002 0.0011052083333333337 14.950000000000005 35.38750000000001 7.5000000000000009 10.282506010043578
decision_type=2 2 2 2 2 2 2 2 2 2 2 2 2 2 2 2 2 2 2 2 2 2 2 2 2 2 2 2 2 2
left_child=4 6 5 -4 17 12 21 8 19 10 -10 -11 -3 -14 15 16 -13 -1 -19 20 -8 -2 26 -24 -25 -26 -23 -28 -29 -30
right_child=1 2 3 -5 -6 -7 7 -9 9 11 -12 14 13 -15 -16 -17 -18 18 -20 -21 -22 22 23 24 25 -27 27 28 29 -31
leaf_value=0 -8.5673854014712733e-06 -1.4095925553499981e-05 0.00057940138977250583 0 0 -0.00012265698504803447 0.00018005190196146152 -1.4335080387437017e-05 0 0 0.00043392871507992023 0.00021246413529795219 0.00018451374120672881 0 0 0 0 0 -0.00026583921524713964 0 0 -7.5166851776583643e-06 0.0001940000810642998 -1.931926810420217e-06 0 0.00013916963077471203 -1.3025198044611799e-06 3.8585350384329912e-06 0.0002006417627017072 0
leaf_weight=108 6952 280 71 54 405 91 52 611 87 439 58 105 61 72 52 54 67 54 51 1085 141 4718 94 900 143 112 676 452 89 122
leaf_count=108 6952 280 71 54 405 91 52 611 87 439 58 105 61 72 52 54 67 54 51 1085 141 4718 94 900 143 112 676 452 89 122
internal_value=1.18225e-06 2.75444e-06 5.58836e-05 0.00034835 -3.55432e-05 -7.29784e-06 4.9259e-07 1.85341e-05 3.02564e-05 6.11416e-05 0.000192627 2.73561e-05 6.27785e-06 8.62686e-05 8.52901e-05 0.000109523 0.00014274 -0.000107415 -0.000172463 5.48376e-06 5.31005e-05 -2.63882e-06 2.31862e-06 2.41723e-05 5.86973e-06 5.28362e-05 -1.36568e-06 1.65656e-05 4.22888e-05 0.000100622
internal_weight=18256 17638 629 125 618 504 17009 2751 2140 862 145 717 413 133 278 226 172 213 105 1278 193 14258 7306 1249 1155 255 6057 1339 663 211
internal_count=18256 17638 629 125 618 504 17009 2751 2140 862 145 717 413 133 278 226 172 213 105 1278 193 14258 7306 1249 1155 255 6057 1339 663 211
is_linear=0
shrinkage=0.05


Tree=69
num_leaves=31
num_cat=0
split_feature=32 109 66 2 109 74 74 70 70 14 66 113 110 94 109 72 99 44 114 94 113 32 7 113 92 80 66 109 6 21
split_gain=0.000333969 0.000658337 0.00485996 0.00318228 0.000557386 0.000495395 0.000376944 0.000470553 0.00104711 0.000514336 0.000855943 0.000611692 0.000376355 0.00041496 0.000320365 0.000566703 0.000166154 0.00014621 0.000145609 0.000239112 0.000140533 0.000143375 0.000193899 0.000467872 0.000150051 0.00224524 0.000118119 0.000179077 0.000116505 0.000108614
threshold=31.500000000000004 86.075000000000017 277.84482285000007 0.00012611850000000002 80.660000000000011 267.41096705000001 271.04786565000006 40.250000000000007 41.050000000000004 6.5000000000000009 272.01566545000009 1.8100000000000003 4.2100000000000017 3.6500000000000008 13.645000000000001 29.750000000000004 278.29704755000006 137.50000000000003 28.475000000000005 11.950000000000001 18.300000000000004 44.500000000000007 0.020547432000000001 0.045000000000000005 1.3500000000000003 1.3000000000000116 276.55542930000007 61.395000000000003 0.0013446454027777781 -1.5699999999999987
decision_type=2 2 2 2 2 2 2 2 2 2 2 2 2 2 2 2 2 2 2 2 2 2 2 2 2 2 2 2 2 2
left_child=4 6 5 -4 -1 12 20 16 -9 10 11 -10 -3 -14 -11 18 26 -6 19 -16 21 22 -2 -24 -23 -26 27 -8 -18 -25
right_child=1 2 3 -5 17 -7 7 8 9 14 -12 -13 13 -15 15 -17 28 -19 -20 -21 -22 24 23 29 25 -27 -28 -29 -30 -31
leaf_value=0 0 -1.3393638285531104e-05 0.00055083367619166291 0 0 -0.00011659079881897212 9.2329993957023624e-05 0.00021585068179440469 0 -2.5220380341742614e-05 1.1692611553653852e-05 0.00028069280749630509 0 0.00015670370458827142 0.00012566605076426641 0.00017415951750609243 -3.3450191097409801e-06 -0.00020218222826188736 -6.6505191522848785e-06 0 6.5110696479418292e-05 -7.2197974496499608e-06 0.000155500841170728 -1.2638554677482251e-06 -3.2528605969973479e-06 0.00033280824469592029 0 0 -7.1754443632559282e-05 3.3340674647735852e-05
leaf_weight=492 1519 280 71 54 66 91 101 82 56 529 388 71 55 78 59 61 671 60 322 73 69 11356 72 297 633 51 171 54 113 261
leaf_count=492 1519 280 71 54 66 91 101 82 56 529 388 71 55 78 59 61 671 60 322 73 69 11356 72 297 633 51 171 54 113 261
internal_value=1.1067e-06 2.63781e-06 5.29246e-05 0.000332026 -3.44481e-05 -6.91633e-06 4.8124e-07 1.76605e-05 3.50774e-05 2.22317e-05 6.31362e-05 0.000179921 5.39519e-06 8.20688e-05 0 2.99805e-05 -3.59603e-06 -0.000129445 0 5.12796e-05 -2.48376e-06 -3.16939e-06 7.80365e-06 3.12364e-05 -5.54369e-06 1.49543e-05 1.96718e-05 5.2001e-05 -1.96533e-05 6.00828e-06
internal_weight=18256 17638 629 125 618 504 17009 2751 1641 1559 515 127 413 133 1044 515 1110 126 454 132 14258 14189 2149 630 12040 684 326 155 784 558
internal_count=18256 17638 629 125 618 504 17009 2751 1641 1559 515 127 413 133 1044 515 1110 126 454 132 14258 14189 2149 630 12040 684 326 155 784 558
is_linear=0
shrinkage=0.05


Tree=70
num_leaves=31
num_cat=0
split_feature=13 66 109 32 95 81 110 103 107 109 72 90 101 70 1 11 98 114 64 114 105 25 107 93 110 66 66 114 67 16
split_gain=0.000290742 0.000593127 0.00192866 0.000569938 0.000425992 0.00208882 0.00288668 0.000396961 0.00396083 0.000630749 0.00148005 0.000270156 0.00123465 0.000194294 0.000533543 0.000687802 0.000335744 0.000184242 0.000301794 0.000716793 0.000181823 0.000238834 0.000197973 0.000158563 0.00015434 0.000180272 0.000154327 0.000207121 0.000186055 9.71652e-05
threshold=0.52083333333333337 283.05446680000006 80.390000000000015 23.500000000000004 286.01792820000009 -4.0885855500000039 5.79 -0.9159756150367534 33.845472724088289 87.815000000000012 14.050000000000002 3.2500000000000004 6.5000000000000009 40.750000000000007 9.4850000000000015e-05 -0.0033928571428571393 12.550000000000002 25.640000000000004 17.150000000000002 27.610000000000003 9.5017903776270458 0.27991982791262843 39.184882750482181 29.250000000000004 6.5650000000000004 270.21631265000002 277.57509990000005 32.995000000000012 6.5000000000000009 34.100000000000009
decision_type=2 2 2 2 2 2 2 2 2 2 2 2 2 2 2 2 2 2 2 2 2 2 2 2 2 2 2 2 2 2
left_child=1 3 -3 -1 7 6 -6 8 -5 13 -11 12 -2 -9 17 -16 -17 -15 19 -19 21 22 -7 -18 25 -13 27 -22 -29 -26
right_child=11 2 -4 4 5 20 -8 9 -10 10 -12 24 -14 14 15 16 23 18 -20 -21 26 -23 -24 -25 29 -27 -28 28 -30 -31
leaf_value=-0.00013055142900363231 0.00019246886483229627 0 0.00030958852860321178 0.00035492019940478673 0.00051238908806191413 7.9675941933355477e-05 0 -5.7511309255455139e-06 0 0 -0.00028442713729225837 -2.2610082285552346e-06 0 -2.8244203693029236e-05 -4.4442667047774787e-07 2.3423548652329361e-05 0.00019798712176652135 0.00019690730670818225 -4.3387727081673495e-06 0 0 -7.9541822673856178e-05 -1.0436780259655854e-05 0 2.1476340647686473e-05 -3.8814664435297815e-05 0 0.00010010050016623525 0 -6.1947968955040115e-06
leaf_weight=74 92 85 67 85 51 73 65 5370 878 83 65 1046 386 500 206 230 113 66 613 219 332 102 230 54 273 930 618 193 92 5218
leaf_count=74 92 85 67 85 51 73 65 5370 878 83 65 1046 386 500 206 230 113 66 613 219 332 102 230 54 273 930 618 193 92 5218
internal_value=3.88364e-07 6.11522e-06 0.000105279 4.15864e-06 5.6333e-06 2.8113e-05 0.00023453 3.87216e-07 3.108e-05 -2.88249e-06 -0.000104887 -6.52479e-06 2.73568e-05 -1.42177e-07 1.24082e-05 5.21108e-05 9.18767e-05 -1.16779e-06 8.36108e-06 5.30791e-05 1.03319e-05 -1.15953e-05 0 0.000155691 -9.36661e-06 -2.20049e-05 2.15714e-05 3.94329e-05 7.19062e-05 -3.90498e-06
internal_weight=18409 10464 152 10312 10238 1756 116 8482 963 7519 148 7945 478 7371 2001 603 397 1398 898 285 1640 405 303 167 7467 1976 1235 617 285 5491
internal_count=18409 10464 152 10312 10238 1756 116 8482 963 7519 148 7945 478 7371 2001 603 397 1398 898 285 1640 405 303 167 7467 1976 1235 617 285 5491
is_linear=0
shrinkage=0.05


Tree=71
num_leaves=31
num_cat=0
split_feature=13 66 109 19 81 74 113 35 110 13 109 84 84 90 104 11 71 113 1 72 83 114 110 66 107 37 7 16 104 16
split_gain=0.00026532 0.000516282 0.00176266 0.000465689 0.00161226 0.000735439 0.000462353 0.000434959 0.00171664 0.00266584 0.000752074 0.0015196 0.000251289 0.000239716 0.00128461 0.000179432 0.000307819 0.000734906 0.000237057 0.000398031 0.000147876 0.000145824 0.000140988 0.0001587 0.000125458 0.000103549 0.000139747 8.84502e-05 0.000137997 8.39367e-05
threshold=0.52083333333333337 283.05446680000006 80.390000000000015 36.050000000000004 -8.3203462499999983 271.04786565000006 0.38500000000000006 277.50000000000006 5.79 0.39583333333333343 88.200000000000003 22.500000000000004 17.500000000000004 3.2500000000000004 7.5000000000000009 -0.0025728571428571419 22.201020408163266 1.0000000180025095e-35 9.4850000000000015e-05 22.950000000000003 0.8500000000000002 25.930000000000003 6.5650000000000004 269.92768790000008 84.484492496050322 1.5000000000000002 0.025037356000000004 34.100000000000009 32.500000000000007 54.850000000000001
decision_type=2 2 2 2 2 2 2 2 2 2 2 2 2 2 2 2 2 2 2 2 2 2 2 2 2 2 2 2 2 2
left_child=1 3 -3 7 -5 24 -7 8 9 -1 15 -12 -8 14 -2 25 20 -18 -19 -20 21 -17 23 -15 -6 26 -9 28 -24 -25
right_child=13 2 -4 4 5 6 12 10 -10 -11 11 -13 -14 22 -16 16 17 18 19 -21 -22 -23 27 29 -26 -27 -28 -29 -30 -31
leaf_value=0.00038134168543520658 0.00020479973551421917 0 0.00029433673485768585 0.00024320969204995365 -3.5503507119851383e-05 0 0.00016921902081468729 0 0 0 -0.00030798516816413798 0 0 -1.8072075026187126e-06 0 -6.5763918373303417e-05 0.00015743508604955229 0 0 9.6094112427257044e-05 -5.8219999473180529e-09 0 7.2228469165235186e-05 -4.0909361622100975e-05 3.5424025840599591e-06 -6.2362234889556657e-07 -5.0599805750585178e-05 -5.8851164179035516e-06 0 0
leaf_weight=81 83 85 67 85 238 75 135 351 537 63 60 70 94 1026 395 203 92 1970 343 191 2814 382 87 882 986 1138 404 5218 186 68
leaf_count=81 83 85 67 85 238 75 135 351 537 63 60 70 94 1026 395 203 92 1970 343 191 2814 382 87 882 986 1138 404 5218 186 68
internal_value=3.63111e-07 5.8452e-06 9.85007e-05 3.9852e-06 2.86846e-05 1.33296e-05 8.31799e-05 -2.27046e-08 3.76814e-05 0.000190462 -3.85288e-06 -0.000123163 0.000119166 -6.22768e-06 2.55084e-05 -1.23741e-06 2.29279e-06 1.58575e-05 8.59895e-06 3.81308e-05 -6.59832e-06 -2.97234e-05 -8.93193e-06 -2.10322e-05 0 -1.50525e-05 -3.01576e-05 -3.66407e-06 2.04064e-05 -3.65138e-05
internal_weight=18409 10464 152 10312 1613 1528 304 8699 681 144 8018 130 229 7945 478 7888 5995 2596 2504 534 3399 585 7467 1976 1224 1893 755 5491 273 950
internal_count=18409 10464 152 10312 1613 1528 304 8699 681 144 8018 130 229 7945 478 7888 5995 2596 2504 534 3399 585 7467 1976 1224 1893 755 5491 273 950
is_linear=0
shrinkage=0.05


Tree=72
num_leaves=31
num_cat=0
split_feature=13 66 109 32 19 81 74 73 66 107 113 8 50 91 112 71 64 111 101 83 109 74 23 74 11 73 106 56 7 3
split_gain=0.000238912 0.000449182 0.00161136 0.000498415 0.000379539 0.00145011 0.000670469 0.000490849 0.00103089 0.00357052 0.000430027 0.000393005 0.000363911 0.000275578 0.000421595 0.000350235 0.000468453 0.000239652 0.000183038 0.000178178 0.000339128 0.000555991 0.00100197 0.000173712 0.000305117 0.000172248 0.000200597 0.00026459 0.000498691 0.000130897
threshold=0.52083333333333337 283.05446680000006 80.390000000000015 23.500000000000004 36.050000000000004 -8.3203462499999983 271.04786565000006 15.350000000000003 274.74688055000007 28.932590165984791 0.38500000000000006 0.0089989583333333362 21.050000000000004 285.12897100000004 0.97500000000000009 22.068367346938782 20.150000000000002 50.205000000000005 12.500000000000002 0.8500000000000002 84.635000000000005 276.12065655000004 4.8500000000000005 271.04786565000006 -1.0000000180025095e-35 21.550000000000004 5.5000000000000009 29.750000000000004 0.018659123000000003 0.0011222222222222226
decision_type=2 2 2 2 2 2 2 2 2 2 2 2 2 2 2 2 2 2 2 2 2 2 2 2 2 2 2 2 2 2
left_child=1 3 -3 -1 7 -6 -7 19 11 -10 -8 25 -2 14 15 -11 -17 18 -12 20 21 -5 -23 -21 -25 26 -9 -28 -29 -27
right_child=12 2 -4 4 5 6 10 8 9 13 17 -13 -14 -15 -16 16 -18 -19 -20 23 -22 22 -24 24 -26 29 27 28 -30 -31
leaf_value=-0.00012212331552133643 0.00010457334113572656 0 0.00027983632912657739 -2.3938212774376399e-05 0.00023119061780202768 0 0 0 0.00044722818333820354 0 0.0001838549248624683 -0.00011305912476624751 -7.529887579410648e-06 0 0 0.00016406032679441127 0 0 0 -3.7251482570881983e-06 -0.00010946987709307382 0.00025421684048399358 0 0 0.00011221485699449357 0 0 0 0.00021111159186908542 -3.5711284893758172e-05
leaf_weight=74 67 85 67 1307 85 1224 75 331 58 94 119 77 7878 272 193 166 58 60 50 4595 112 50 114 305 89 233 59 101 60 351
leaf_count=74 67 85 67 1307 85 1224 75 331 58 94 119 77 7878 272 193 166 58 60 50 4595 112 50 114 305 89 233 59 101 60 351
internal_value=2.98887e-07 5.51548e-06 9.20561e-05 3.74624e-06 5.15618e-06 2.749e-05 1.27446e-05 3.97086e-07 2.2252e-05 6.52033e-05 7.94349e-05 -3.45891e-06 -5.94223e-06 2.99933e-05 5.21834e-05 8.76052e-05 0.000121542 0.0001142 0.000145496 -5.67173e-06 -2.03642e-05 -1.01134e-05 6.92383e-05 -4.67509e-09 3.06265e-05 0 2.36581e-05 6.05574e-05 9.53203e-05 -1.44211e-05
internal_weight=18409 10464 152 10312 10238 1613 1528 8625 2053 841 304 1212 7945 783 511 318 224 229 169 6572 1583 1471 164 4989 394 1135 551 220 161 584
internal_count=18409 10464 152 10312 10238 1613 1528 8625 2053 841 304 1212 7945 783 511 318 224 229 169 6572 1583 1471 164 4989 394 1135 551 220 161 584
is_linear=0
shrinkage=0.05


Tree=73
num_leaves=31
num_cat=0
split_feature=110 113 67 71 103 84 84 73 22 34 77 80 65 56 2 40 70 104 83 109 1 1 11 75 6 16 73 108 59 112
split_gain=0.000235786 0.000479753 0.00250849 0.00085704 0.00149676 0.00210615 0.000304917 0.00178238 0.000445675 0.000307456 0.000228304 0.000215945 0.00232559 0.000458275 0.000943157 0.000117036 9.23919e-05 0.000198629 0.000429144 0.000279668 0.000195311 0.000311045 0.000183541 0.00047439 0.000162305 0.000129509 0.000309216 7.24111e-05 6.86956e-05 6.72431e-05
threshold=4.2100000000000017 1.0000000180025095e-35 9.5000000000000018 23.023469387755107 -0.12940952255126037 9.5000000000000018 9.5000000000000018 21.050000000000008 13.850000000000003 0.34850000000000003 38.162500000000009 5.5499999999999554 4.950000000000002 17.150000000000002 0.0075369395000000009 966.35000000000002 37.550000000000004 6.5000000000000009 0.75000000000000011 39.565000000000005 8.5250000000000026e-05 0.00011660550000000001 0.00037857142857142836 15.500000000000002 0.00053564423611111118 31.950000000000006 17.250000000000007 8.5000000000000018 278.36109770000007 0.8650000000000001
decision_type=2 2 2 2 2 2 2 2 2 2 2 2 2 2 2 2 2 2 2 2 2 2 2 2 2 2 2 2 2 2
left_child=6 2 3 4 5 -2 7 8 -1 10 -8 16 13 14 -13 -6 25 18 -18 -20 29 -22 27 -24 -25 26 -3 -23 -28 -19
right_child=1 11 -4 -5 15 -7 9 -9 -10 -11 -12 12 -14 -15 -16 -17 17 20 19 -21 21 22 23 24 -26 -27 28 -29 -30 -31
leaf_value=-0.00010210777995837873 0.00041772945112488412 -3.4352498724133349e-06 0.00037415820605524972 -0.00014471769273894904 0 0 -8.0483450500166876e-06 0.00029384425730313531 9.6787691792988007e-06 -1.2082497394948272e-05 -0.00015163501694596474 0 0.00034307652627728016 0 0.00026513530256873792 -6.6130130879981961e-05 0 0 0 0.00016917840842006629 0.00012569721737124313 6.0412832562463819e-06 0 0 0.00014501192332732398 -8.8294181409486183e-06 9.4011393281332283e-05 -1.7243975771755616e-05 0 -1.3905118536613974e-05
leaf_weight=110 53 289 53 71 65 110 165 51 200 1150 100 187 52 2642 50 116 254 2763 70 79 64 975 212 63 100 5950 118 488 84 1725
leaf_count=110 53 289 53 71 65 110 165 51 200 1150 100 187 52 2642 50 116 254 2763 70 79 64 975 212 63 100 5950 118 488 84 1725
internal_value=2.83785e-07 2.39817e-06 5.24145e-05 0 4.28914e-05 0.000159219 -1.66948e-05 1.62745e-05 -1.4111e-05 -2.86427e-05 -8.13953e-05 6.37684e-07 1.31339e-05 5.32138e-06 7.18086e-05 -3.46943e-05 -1.75291e-06 1.76253e-06 3.57964e-05 0.000102974 0 1.30212e-05 6.31271e-06 3.76199e-05 0.000102354 -6.23633e-06 1.49785e-05 0 6.58405e-05 -6.07406e-06
internal_weight=18409 16633 468 415 344 163 1776 361 310 1415 265 16165 2931 2879 237 181 13234 6793 403 149 6390 1902 1838 375 163 6441 491 1463 202 4488
internal_count=18409 16633 468 415 344 163 1776 361 310 1415 265 16165 2931 2879 237 181 13234 6793 403 149 6390 1902 1838 375 163 6441 491 1463 202 4488
is_linear=0
shrinkage=0.05


Tree=74
num_leaves=31
num_cat=0
split_feature=110 106 1 103 75 13 32 104 94 84 73 22 34 34 7 70 109 3 104 34 83 73 73 112 62 83 21 84 8 73
split_gain=0.000217518 0.000366557 0.000703303 0.0058114 0.000994901 0.00392059 0.000345811 0.000310184 0.00138151 0.00028329 0.00160921 0.000405176 0.000282399 0.000205402 0.000168818 0.000148585 0.000393626 0.000575336 0.000430854 0.000607468 0.000798592 0.000247963 0.000210181 0.000286405 0.000478023 0.000183857 0.000136301 0.000192312 0.000259518 0.00010443
threshold=4.2100000000000017 7.5000000000000009 0.0059917800000000012 -0.37940952255126015 16.500000000000004 0.38194444444444448 29.500000000000004 9.5000000000000018 8.1500000000000004 9.5000000000000018 21.050000000000008 13.850000000000003 0.34850000000000003 0.30650000000000005 0.019791132500000006 38.95000000000001 14.030000000000003 0.021504166666666668 6.5000000000000009 0.36250000000000004 0.55000000000000016 16.350000000000005 15.550000000000002 1.0750000000000004 39.850000000000001 0.8500000000000002 -1.4371428571428584 21.500000000000004 0.00084479166666666676 17.850000000000009
decision_type=2 2 2 2 2 2 2 2 2 2 2 2 2 2 2 2 2 2 2 2 2 2 2 2 2 2 2 2 2 2
left_child=9 15 4 -4 6 -6 -3 8 -8 10 11 -1 13 -11 -15 -2 25 18 19 -18 -21 -19 -20 24 -24 -17 -27 28 -28 -9
right_child=1 2 3 -5 5 -7 7 29 -10 12 -12 -13 -14 14 -16 16 17 21 22 20 -22 -23 23 -25 -26 26 27 -29 -30 -31
leaf_value=-9.7048384400828209e-05 -5.1238746116209443e-06 -0.00011071350321955314 0.00050790221549050333 -7.1785786962623612e-05 0.00049126189596651018 0 0 -1.0373685991685247e-05 0.00027727579590017823 0 0.00027943458912397129 9.1972379263509304e-06 -1.1478897362618508e-05 0 -0.0001601928826159565 -2.3114487361988656e-05 0 0.00012703563637264016 -5.2703089089313143e-06 0 0.00025668373493366797 0 0.00013455780362261124 0 0 -3.746529057835628e-06 0 0 0.00011376609700911496 1.8744753342423093e-05
leaf_weight=110 8174 69 63 100 51 248 134 1418 54 102 51 200 1150 64 99 1088 168 172 1813 54 73 50 131 235 282 1509 111 197 111 328
leaf_count=110 8174 69 63 100 51 248 134 1418 54 102 51 200 1150 64 99 1088 168 172 1813 54 73 50 131 235 282 1509 111 197 111 328
internal_value=2.90874e-07 2.33179e-06 2.01808e-05 0.000123508 1.06428e-05 9.57098e-05 0 1.83328e-06 6.40245e-05 -1.6e-05 1.54886e-05 -1.26165e-05 -2.75698e-05 -7.82954e-05 -0.000114341 -4.21968e-07 5.15576e-06 1.85111e-05 1.02055e-05 6.77947e-05 0.000149977 9.86904e-05 1.24664e-06 2.71642e-05 5.37238e-05 -6.37575e-06 4.85245e-07 2.76031e-05 5.99248e-05 -2.03391e-06
internal_weight=18409 16633 2465 163 2302 299 2003 1934 188 1776 361 310 1415 265 163 14168 5994 2978 2756 295 127 222 2461 648 413 3016 1928 419 222 1746
internal_count=18409 16633 2465 163 2302 299 2003 1934 188 1776 361 310 1415 265 163 14168 5994 2978 2756 295 127 222 2461 648 413 3016 1928 419 222 1746
is_linear=0
shrinkage=0.05


Tree=75
num_leaves=31
num_cat=0
split_feature=109 63 80 65 50 76 109 111 1 79 32 8 71 107 111 21 40 83 14 73 21 84 33 11 106 62 105 105 12 40
split_gain=0.000279683 0.0064878 0.000247127 0.00237478 0.000897574 0.000293141 0.000569989 0.000875038 0.000531018 0.000257174 0.000140799 0.000254816 0.000412741 0.00144894 0.000110263 9.8222e-05 0.000144909 0.000407202 9.64687e-05 0.000200417 0.000364257 9.38278e-05 9.48173e-05 8.41488e-05 0.000112728 0.000104827 8.1836e-05 6.37199e-05 5.80075e-05 8.29946e-05
threshold=88.200000000000003 24.750000000000004 4.6999999999999895 5.8500000000000023 21.050000000000004 1.0000000180025095e-35 26.470000000000002 22.880000000000006 4.3350000000000003e-05 -7.0999999999999979 43.500000000000007 0.001175 26.423469387755105 39.184882750482181 14.860000000000001 -3.4242857142857139 995.85000000000002 0.95000000000000018 3.5000000000000004 15.850000000000003 -2.8185714285714263 13.500000000000002 0.56500000000000006 -0.0024828571428571413 3.5000000000000004 29.850000000000005 10.031523034871725 10.650483037778512 1.0000000180025095e-35 986.55000000000007
decision_type=2 2 2 2 2 2 2 2 2 2 2 2 2 2 2 2 2 2 2 2 2 2 2 2 2 2 2 2 2 2
left_child=2 -2 10 4 -4 -6 23 9 -9 -8 11 14 -13 -14 21 16 -12 -18 -16 -20 -21 22 -1 27 -25 -26 -24 -7 29 -17
right_child=1 -3 3 -5 5 6 7 8 -10 -11 15 12 13 -15 18 28 17 -19 19 20 -22 -23 26 24 25 -27 -28 -29 -30 -31
leaf_value=0 -0.00014141848088213306 0.00050374163200257943 0.00018855672337808962 0.00034505493423994443 -3.1278936889716837e-06 -3.9847493648781181e-05 0.00010213829587570445 0 0.00030899670548239822 0 0 0 0.00030290731484039837 1.4422802658545415e-06 -1.2015864070017108e-05 -1.1243695129673929e-07 0.00013420776628500345 0 0 0.00017103362435459118 0 0 -0.00010495366415553315 0 8.7725727152677512e-05 0 0 0 -1.8193734146707775e-05 -1.2481355385790767e-05
leaf_weight=58 98 58 66 52 3771 206 63 58 58 246 1484 458 58 242 413 4898 77 72 871 54 201 233 84 161 75 85 58 66 1518 2509
leaf_count=58 98 58 66 52 3771 206 63 58 58 246 1484 458 58 242 413 4898 77 72 871 54 201 233 84 161 75 85 58 66 1518 2509
internal_value=1.47347e-06 6.82823e-05 6.22156e-07 1.04257e-05 5.74164e-06 2.13948e-06 2.65422e-05 7.09236e-05 0.000191836 8.93118e-06 -2.62236e-06 6.70882e-06 3.16377e-05 7.71495e-05 -3.50326e-07 -5.50908e-06 3.88307e-06 5.07878e-05 3.20349e-06 1.3228e-05 5.22256e-05 -2.44806e-05 -4.96087e-05 0 1.1283e-05 4.47778e-05 -7.15321e-05 -2.49086e-05 -7.78796e-06 -4.97827e-06
internal_weight=18351 156 18195 4907 4855 4789 1018 425 116 309 13288 2730 758 300 1972 10558 1633 149 1539 1126 255 433 200 593 321 160 142 272 8925 7407
internal_count=18351 156 18195 4907 4855 4789 1018 425 116 309 13288 2730 758 300 1972 10558 1633 149 1539 1126 255 433 200 593 321 160 142 272 8925 7407
is_linear=0
shrinkage=0.05


Tree=76
num_leaves=31
num_cat=0
split_feature=32 109 69 109 74 11 57 84 64 113 110 23 14 52 113 69 69 14 11 40 34 107 71 70 113 27 110 11 9 74
split_gain=0.00025333 0.0011218 0.00465637 0.000449468 0.000283894 0.000605797 0.000630367 0.0002965 0.000395271 0.000801192 0.000306197 0.00020393 0.00018622 0.000245562 0.000179873 0.000868669 0.00291201 0.00128823 0.00212971 0.000211764 0.000327865 0.000127066 0.000116223 0.000131013 0.000111593 9.5745e-05 0.000164329 0.000231735 9.12227e-05 0.000223218
threshold=31.500000000000004 88.200000000000003 32.112500000000011 86.075000000000017 271.62047620000004 -0.0075142857142857051 8.0500000000000025 8.5000000000000018 13.850000000000003 0.76500000000000012 11.885000000000002 4.0500000000000007 54.000000000000007 3.7500000000000004 0.065000000000000016 32.987500000000004 33.212500000000013 9.5000000000000018 -0.00026142857142857136 980.55000000000007 0.31750000000000006 62.530080527030343 22.760204081632661 34.050000000000004 18.300000000000004 265.95597895000009 12.085000000000003 -0.0026385714285714268 0.77500000000000013 265.00129940000005
decision_type=2 2 2 2 2 2 2 2 2 2 2 2 2 2 2 2 2 2 2 2 2 2 2 2 2 2 2 2 2 2
left_child=3 4 -3 -1 14 6 -6 12 9 11 -11 -9 22 -14 15 -2 -17 19 -19 28 -21 -10 23 -7 -16 -23 27 -27 -18 -30
right_child=1 2 -4 -5 5 7 -8 8 21 10 -12 -13 13 -15 24 16 17 18 -20 20 -22 25 -24 -25 -26 26 -28 -29 29 -31
leaf_value=-5.527677627123366e-06 -1.1222795506642319e-05 -4.0830773795764687e-05 0.00049838053877465432 -0.00016266578650937582 0.0002584766652930908 0 0 8.2095730994515643e-05 -2.8397619943591833e-05 0.00028185207659446051 2.5065117874285478e-05 0 9.8936530389015249e-05 0 -4.2282344933210654e-06 0.00042255609099954079 0 0.00039072218812781121 2.9579376343513281e-06 0 0.00014306494419810513 0 0 -5.901693645406084e-05 5.3120775428151078e-05 0 0 8.3419358019078463e-05 0 -8.6809824774406976e-05
leaf_weight=556 1397 85 57 61 53 125 53 78 209 56 84 310 67 124 12743 50 270 58 162 99 50 185 112 326 73 64 353 197 149 145
leaf_count=556 1397 85 57 61 53 125 53 78 209 56 84 310 67 124 12743 50 270 58 162 99 50 185 112 326 73 64 353 197 149 145
internal_value=1.41652e-06 2.77193e-06 0.00014262 -2.93919e-05 1.35085e-06 1.74582e-05 0.000137801 9.64758e-06 2.34815e-05 5.89071e-05 0.000164511 7.624e-06 -1.19053e-05 1.6411e-05 -8.60811e-07 1.1286e-05 4.83348e-05 2.24958e-05 0.000129117 -3.53461e-06 3.86595e-05 0 -3.03891e-05 -4.23692e-05 -3.50735e-06 1.3616e-05 2.51072e-05 5.52061e-05 -2.35799e-05 -4.28716e-05
internal_weight=18351 17734 142 617 17592 2396 106 2290 1536 528 140 388 754 191 15196 2380 983 933 220 713 149 1008 563 451 12816 799 614 261 564 294
internal_count=18351 17734 142 617 17592 2396 106 2290 1536 528 140 388 754 191 15196 2380 983 933 220 713 149 1008 563 451 12816 799 614 261 564 294
is_linear=0
shrinkage=0.05


Tree=77
num_leaves=31
num_cat=0
split_feature=32 109 67 109 74 2 70 19 81 17 90 19 16 110 110 63 113 69 69 14 11 56 7 74 16 108 5 113 5 5
split_gain=0.000235787 0.000987111 0.00552925 0.000400836 0.000258982 0.000576832 0.000708884 0.00151539 0.00170628 0.000391276 0.000380267 0.000604675 0.000357929 0.000251916 0.000369554 0.000585767 0.000163702 0.000798485 0.00262161 0.00118601 0.00190128 0.000194411 0.000163775 0.00021877 0.000119031 0.000115728 0.000120541 0.000112355 9.8065e-05 0.000118626
threshold=31.500000000000004 88.200000000000003 4.5000000000000009 86.075000000000017 271.62047620000004 0.00017288850000000004 40.250000000000007 20.900000000000002 -3.8434637999999945 18.500000000000004 2.4500000000000006 17.500000000000004 63.750000000000007 8.3850000000000016 16.450000000000006 16.926000000000005 0.065000000000000016 32.987500000000004 33.212500000000013 9.5000000000000018 -0.00026142857142857136 22.150000000000002 0.0063472415000000006 265.05794200000008 32.300000000000004 9.5000000000000018 0.00016358077083333336 18.300000000000004 0.002701735930555556 0.0043609413958333341
decision_type=2 2 2 2 2 2 2 2 2 2 2 2 2 2 2 2 2 2 2 2 2 2 2 2 2 2 2 2 2 2
left_child=3 4 -3 -1 16 10 28 8 -8 -9 11 -6 13 -11 15 -15 17 -2 -19 21 -21 -20 -23 -24 -18 26 -12 -26 -7 -30
right_child=1 2 -4 -5 5 6 7 9 -10 12 25 -13 -14 14 -16 -17 24 18 19 20 -22 22 23 -25 27 -27 -28 -29 29 -31
leaf_value=-5.2517893952640583e-06 -1.0662057031051643e-05 -6.2409256865720729e-05 0.00054003990517759864 -0.00015466368256907557 0.00020666446943377035 -2.6460716529575721e-05 0.00046296473332124439 -4.6328796084615007e-06 0 0 0 0 0 0.00027176475243322789 1.145316341959792e-06 2.0548685327613131e-05 1.5184415263068876e-05 0.000401842536572504 5.6251026307152292e-05 0.00037151719172686439 2.8109484666878893e-06 0 0 -7.5437833982575222e-05 -5.5406218967270234e-06 0 -4.1540600085818898e-05 5.0500629076581748e-05 5.8341350676289821e-05 0
leaf_weight=556 1397 88 54 61 50 272 51 194 51 60 241 57 68 75 149 110 695 50 83 58 162 207 216 207 12048 344 517 73 102 55
leaf_count=556 1397 88 54 61 50 272 51 194 51 60 241 57 68 75 149 110 695 50 83 58 162 207 216 207 12048 344 517 73 102 55
internal_value=1.35938e-06 2.67616e-06 0.0001339 -2.83404e-05 1.32518e-06 1.67098e-05 4.19666e-05 7.13553e-05 0.000258445 3.43056e-05 -3.9694e-06 7.85596e-05 6.14303e-05 8.17845e-05 9.88263e-05 0.000150188 -7.72484e-07 1.07997e-05 4.63614e-05 2.15479e-05 0.000123881 -3.15407e-06 -1.89811e-05 -3.87534e-05 -3.31228e-06 -1.65797e-05 -2.79403e-05 -4.7865e-06 0 1.84899e-05
internal_weight=18351 17734 142 617 17592 2396 1187 758 102 656 1209 107 462 394 334 185 15196 2380 983 933 220 713 630 423 12816 1102 758 12121 429 157
internal_count=18351 17734 142 617 17592 2396 1187 758 102 656 1209 107 462 394 334 185 15196 2380 983 933 220 713 630 423 12816 1102 758 12121 429 157
is_linear=0
shrinkage=0.05


Tree=78
num_leaves=31
num_cat=0
split_feature=32 109 67 109 74 2 76 69 8 108 52 90 20 34 8 8 32 107 113 44 111 17 5 5 112 112 81 83 65 81
split_gain=0.000220295 0.000866593 0.00502425 0.000357065 0.000236092 0.000524176 0.000654354 0.000818752 0.00158197 0.00161519 0.000430197 0.000336627 0.000537813 0.00019619 0.000156104 0.00121901 0.000356344 0.000850376 0.000181686 0.00016452 0.000143207 0.000119378 8.64598e-05 0.00010926 7.56435e-05 7.13432e-05 7.0229e-05 7.46866e-05 0.000150936 6.48447e-05
threshold=31.500000000000004 88.200000000000003 4.5000000000000009 86.075000000000017 271.62047620000004 0.00017288850000000004 1.0000000180025095e-35 26.312500000000007 0.00042708333333333341 8.5000000000000018 6.7500000000000009 2.4500000000000006 29.600000000000005 0.36150000000000004 0.00092500000000000015 0.00093958333333333339 43.500000000000007 33.845472724088289 8.2650000000000023 4.5000000000000009 13.790000000000001 3.5000000000000004 0.002701735930555556 0.0043609413958333341 0.87500000000000011 0.97500000000000009 -3.0652350999999949 9.4500000000000028 21.650000000000006 -0.78807614999999476
decision_type=2 2 2 2 2 2 2 2 2 2 2 2 2 2 2 2 2 2 2 2 2 2 2 2 2 2 2 2 2 2
left_child=3 4 -3 -1 14 11 22 8 9 10 -8 12 -6 -10 21 -16 17 -17 24 -20 -13 25 -7 -24 -18 26 -2 28 -28 -19
right_child=1 2 -4 -5 5 6 7 -9 13 -11 -12 20 -14 -15 15 16 18 29 19 -21 -22 -23 23 -25 -26 -27 27 -29 -30 -31
leaf_value=-4.9896716362848232e-06 0 -5.9323855688428542e-05 0.00051352886978367517 -0.00014705522371470227 0.00019465201111469309 -2.5142526853578137e-05 0.00052570004345433717 9.8776771015999341e-06 -1.425215973121458e-05 0 0.00010147143517065605 -3.9580797403050386e-05 0 9.5703307119501734e-05 0.00022785069718624543 0.00018906080268260713 0 3.632383210829239e-05 0.00010100535945346229 0 0 -6.2312611539382651e-06 5.5452603671600308e-05 0 -1.5207816164180053e-05 0 9.1826015728819463e-05 0 0 0
leaf_weight=556 100 88 54 61 50 272 50 432 114 62 50 399 57 50 61 83 2531 141 75 57 703 9692 102 55 1282 450 122 94 53 455
leaf_count=556 100 88 54 61 50 272 50 432 114 62 50 399 57 50 61 83 2531 141 75 57 703 9692 102 55 1282 450 122 94 53 455
internal_value=1.33706e-06 2.61823e-06 0.000125624 -2.73409e-05 1.33406e-06 1.60186e-05 4.0103e-05 6.83562e-05 0.000130292 0.000241494 0.000366195 -3.50893e-06 7.37757e-05 0 -6.53185e-07 6.52766e-06 2.47824e-06 3.64167e-05 -2.10377e-06 5.2319e-05 -1.56061e-05 -4.32982e-06 0 1.66067e-05 -5.31199e-06 1.20543e-05 2.83563e-05 4.18588e-05 6.12279e-05 6.50294e-06
internal_weight=18351 17734 142 617 17592 2396 1187 758 326 162 100 1209 107 164 15196 4685 4624 679 3945 132 1102 10511 429 157 3813 819 369 269 175 596
internal_count=18351 17734 142 617 17592 2396 1187 758 326 162 100 1209 107 164 15196 4685 4624 679 3945 132 1102 10511 429 157 3813 819 369 269 175 596
is_linear=0
shrinkage=0.05


Tree=79
num_leaves=31
num_cat=0
split_feature=32 109 67 109 100 99 13 69 8 64 11 107 107 92 83 11 83 107 97 109 72 64 38 50 83 110 70 111 62 8
split_gain=0.000205658 0.000759604 0.0045661 0.000317678 0.000223906 0.000283748 0.000313542 0.000295479 0.000666859 0.000406433 0.000208165 0.000117447 0.000391744 0.00181935 0.000448401 0.000678616 0.000121066 0.000106406 0.000163479 7.68393e-05 0.000389987 0.0003627 0.000226325 0.000123554 0.000369432 0.00034772 0.000331016 0.000375316 0.000125574 8.48948e-05
threshold=31.500000000000004 88.200000000000003 4.5000000000000009 86.075000000000017 0.35000000000000003 286.63208640000011 0.5902777777777779 26.312500000000007 0.0011052083333333337 10.550000000000002 -0.0024828571428571413 23.067876114224372 33.15434016127945 1.1500000000000001 0.45000000000000007 -0.00069857142857142882 1.2500000000000004 71.650750253308317 27.050000000000004 20.835000000000004 29.750000000000004 30.250000000000004 87.500000000000014 170.90000000000001 0.35000000000000009 12.430000000000001 38.050000000000004 43.035000000000004 25.250000000000004 0.0040145833333333344
decision_type=2 2 2 2 2 2 2 2 2 2 2 2 2 2 2 2 2 2 2 2 2 2 2 2 2 2 2 2 2 2
left_child=3 4 -3 -1 11 6 7 8 9 -6 -11 16 13 14 15 -13 -2 18 -9 -14 23 22 -22 24 28 26 -26 -28 -21 -25
right_child=1 2 -4 -5 5 -7 -8 17 -10 10 -12 12 19 -15 -16 -17 -18 -19 -20 20 21 -23 -24 29 25 -27 27 -29 -30 -31
leaf_value=-4.7406361411679426e-06 -5.1417177241175457e-05 -5.6390991211107544e-05 0.0004883192616451363 -0.00013982105903602543 0 -1.7373009022999302e-05 0 0.00011658247245577513 0 0 0.00023118070896826625 0.00020526830733357587 -5.48705121278301e-06 0.00032405595933404099 -1.0222400862615947e-05 0 0 0 0 -4.542782759663056e-05 0.00022011387886010982 0 0 0 0 0 0.00015503798014398866 0 0 -2.410261464865693e-05
leaf_weight=556 222 88 54 61 52 203 248 51 120 55 110 66 6014 51 534 205 435 309 55 161 50 86 53 7494 73 136 158 57 186 408
leaf_count=556 222 88 54 61 52 203 248 51 120 55 110 66 6014 51 534 205 435 309 55 161 50 86 53 7494 73 136 158 57 186 408
internal_value=1.29371e-06 2.54027e-06 0.000117754 -2.63907e-05 1.31944e-06 2.21441e-05 3.51704e-05 5.18201e-05 8.98503e-05 0.000142002 0.00018056 0 6.5409e-07 3.37066e-05 8.72905e-06 6.43551e-05 -2.08805e-05 8.77674e-06 5.27788e-05 -9.13876e-07 1.62573e-06 7.24893e-05 0.000135347 0 1.91639e-05 5.2842e-05 8.4346e-05 0.000115541 -7.65324e-06 -1.79155e-06
internal_weight=18351 17734 142 617 17592 1203 1000 752 337 217 165 16389 15732 856 805 271 657 415 106 14876 8862 189 103 8673 771 424 288 215 347 7902
internal_count=18351 17734 142 617 17592 1203 1000 752 337 217 165 16389 15732 856 805 271 657 415 106 14876 8862 189 103 8673 771 424 288 215 347 7902
is_linear=0
shrinkage=0.05


Tree=80
num_leaves=31
num_cat=0
split_feature=99 74 57 105 20 0 71 105 105 110 109 62 57 74 21 74 32 1 77 77 0 3 5 71 71 39 59 84 4 74
split_gain=0.000239738 0.000465266 0.000360992 0.000760948 0.000451946 0.000693364 0.00044104 0.00125063 0.000365604 0.000203554 0.000610219 0.00109489 0.000190065 0.000200948 0.000176452 0.000315255 0.000244064 0.000148657 0.000231811 0.00155772 0.000192955 0.000202972 0.000319195 0.0003203 0.000548889 0.000147939 0.000139551 0.000137639 0.000158947 0.00022001
threshold=286.80096170000007 277.23787835000002 8.3500000000000032 8.3676485473930722 29.050000000000004 0.019050000000000004 25.911224489795924 9.1920742312629109 8.7663911666371632 3.8550000000000004 86.075000000000017 37.650000000000013 8.0500000000000025 270.47798050000006 -1.7085714285714271 272.58622380000003 57.500000000000007 8.5250000000000026e-05 32.987500000000004 33.287500000000016 0.21365000000000003 0.0077256944444444456 0.0021053922986111113 24.227551020408164 26.911224489795924 19.500000000000004 273.47976245000007 11.500000000000002 0.072250000000000023 262.80894550000005
decision_type=2 2 2 2 2 2 2 2 2 2 2 2 2 2 2 2 2 2 2 2 2 2 2 2 2 2 2 2 2 2
left_child=2 -2 3 -1 5 14 8 -8 -6 27 17 -12 25 -14 15 -5 -17 -11 -19 -20 21 22 -21 -24 -25 26 -10 -4 -29 -30
right_child=1 -3 9 4 6 -7 7 -9 12 10 11 -13 13 -15 -16 16 -18 18 19 20 -22 -23 23 24 -26 -27 -28 28 29 -31
leaf_value=0.00021875229125096387 -8.1396826187020823e-06 -0.00016193013211657096 0 0 -0.00013360204329162159 0.00022311289518438574 0.00025985027032743351 0 0 -3.1224774318288105e-06 0 0.0002553075781223456 0 0.00012780673958760042 0 0.00016391608923341423 0 -5.5876015918103158e-06 0.00028731247752838735 2.0077162059707757e-06 7.4914700476181705e-05 -8.1618319625341026e-06 0 0.00022208963925576041 0 -2.5870470288554466e-05 7.6013283279251245e-05 -1.0850966130479441e-05 0 -0.00015795620649120847
leaf_weight=51 1776 56 76 258 60 59 59 154 293 9385 170 65 54 50 227 81 75 1360 53 1039 121 1096 52 69 130 758 61 547 73 67
leaf_count=51 1776 56 76 258 60 59 59 154 293 9385 170 65 54 50 227 81 75 1360 53 1039 121 1096 52 69 130 758 61 547 73 67
internal_value=1.05883e-06 -1.56542e-05 3.21272e-06 2.1884e-05 1.49164e-05 4.80303e-05 0 6.57367e-05 -1.1801e-05 0 1.70234e-06 8.14277e-05 -1.57776e-06 5.61201e-05 2.38044e-05 4.40405e-05 0.000100732 0 8.45245e-06 1.78629e-05 1.00606e-05 4.64696e-06 1.94003e-05 7.12611e-05 0.000101991 -1.15119e-05 5.13505e-06 -2.47935e-05 -3.43913e-05 -9.01766e-05
internal_weight=18375 1832 16543 2240 2189 700 1489 213 1276 14303 13540 235 1216 104 641 414 156 13305 3920 2560 2507 2386 1290 251 199 1112 354 763 687 140
internal_count=18375 1832 16543 2240 2189 700 1489 213 1276 14303 13540 235 1216 104 641 414 156 13305 3920 2560 2507 2386 1290 251 199 1112 354 763 687 140
is_linear=0
shrinkage=0.05


Tree=81
num_leaves=31
num_cat=0
split_feature=99 66 57 81 107 56 40 111 113 74 5 109 80 19 110 109 62 34 8 19 92 1 74 107 66 96 17 1 40 34
split_gain=0.000221593 0.000427891 0.000333862 0.000903714 0.00222516 0.0037548 0.000532544 0.000336183 0.000408498 0.000325104 0.000390727 0.000232841 0.000289696 0.000351019 0.000186693 0.000558171 0.000982472 0.000320731 0.000144543 0.000289897 0.0011517 0.000235493 0.000298456 0.000247788 0.000147574 0.000114902 0.000261706 0.000116328 0.000241149 0.000451145
threshold=286.80096170000007 277.19275935000002 8.3500000000000032 -4.0885855500000039 49.891498158895921 16.750000000000004 989.45000000000016 1.8 0.015000000000000001 269.94203220000003 0.0010725689236111113 17.005000000000003 4.6999999999999895 15.250000000000002 3.8550000000000004 86.075000000000017 37.650000000000013 0.34250000000000008 0.00023854166666666669 36.050000000000004 1.3500000000000003 0.0026251665000000001 265.43667820000002 189.71052005291051 272.56501370000007 0.15000000000000005 4.5000000000000009 9.4850000000000015e-05 972.25000000000011 0.32750000000000007
decision_type=2 2 2 2 2 2 2 2 2 2 2 2 2 2 2 2 2 2 2 2 2 2 2 2 2 2 2 2 2 2
left_child=2 -2 3 4 5 6 -1 -5 9 -9 -11 -6 -13 -14 17 18 -17 -4 24 25 21 22 -21 -24 -16 -20 -27 -28 -29 -30
right_child=1 -3 14 7 11 -7 -8 8 -10 10 -12 12 13 -15 15 16 -18 -19 19 20 -22 -23 23 -25 -26 26 27 28 29 -31
leaf_value=0 -7.6021824743331546e-06 -0.00015295172045245244 -0.00011068436807836407 9.0578309665238058e-05 -4.0638513785815636e-05 0.00056353174410145464 0.00016608418616250185 0 5.1540932848663211e-07 -0.00023176465688557759 0 0 0.00018516618512206295 0 0 0 0.00024273560502368846 -3.0795003986652845e-06 -2.7115739251503087e-06 0 0.00024677088188967657 -8.5867012788637966e-06 0.00014626271796934758 1.8740114425327557e-05 -1.7506331217982933e-05 9.0455721932647235e-05 -3.7684282184260828e-06 0 0 0.00017737585635259736
leaf_weight=81 1774 58 99 97 138 56 51 56 1340 52 53 200 56 60 3640 170 65 664 5413 416 58 485 92 311 1829 109 678 157 54 63
leaf_count=81 1774 58 99 97 138 56 51 56 1340 52 53 200 56 60 3640 170 65 664 5413 416 58 485 92 311 1829 109 678 157 54 63
internal_value=1.03506e-06 -1.50126e-05 3.11523e-06 2.10735e-05 7.11437e-05 0.000215993 2.78294e-05 0 -4.92437e-06 -8.07875e-05 -0.000132824 0 3.33486e-05 9.59337e-05 0 1.65638e-06 7.79118e-05 -2.37124e-05 0 4.64992e-06 2.56134e-05 1.17637e-05 2.99082e-05 6.05182e-05 -5.92315e-06 0 1.52644e-05 1.32284e-06 3.20706e-05 8.66376e-05
internal_weight=18375 1832 16543 2240 642 188 132 1598 1501 161 105 454 316 116 14303 13540 235 763 13305 7836 1362 1304 819 403 5469 6474 1061 952 274 117
internal_count=18375 1832 16543 2240 642 188 132 1598 1501 161 105 454 316 116 14303 13540 235 763 13305 7836 1362 1304 819 403 5469 6474 1061 952 274 117
is_linear=0
shrinkage=0.05


Tree=82
num_leaves=31
num_cat=0
split_feature=77 93 107 84 100 114 7 64 73 11 34 84 21 111 13 97 109 70 92 73 27 74 40 105 111 83 84 20 0 70
split_gain=0.000174206 0.000586312 0.00113173 0.000389011 0.00101575 0.000157901 0.000154019 0.00035528 0.000145218 0.00112194 0.000272292 0.000404671 0.000355288 0.000303318 0.000271478 0.000273094 0.000269807 0.000554306 0.000160315 0.00178276 0.000150272 0.000106881 0.000142862 9.92737e-05 9.50313e-05 0.000139523 0.000123284 9.15045e-05 9.13241e-05 0.00021408
threshold=41.38750000000001 19.650000000000002 66.863867284344977 9.5000000000000018 1.0000000180025095e-35 31.050000000000004 0.031557605000000009 22.850000000000005 19.950000000000006 -0.0058414285714285677 0.32650000000000007 14.500000000000002 -3.035714285714286 1.8 0.5902777777777779 19.750000000000004 87.815000000000012 31.050000000000004 1.3500000000000003 8.9500000000000046 265.84290255000002 271.37797935000003 992.6500000000002 10.914440816849369 27.540000000000003 0.55000000000000016 13.500000000000002 26.700000000000006 0.21365000000000003 37.650000000000013
decision_type=2 2 2 2 2 2 2 2 2 2 2 2 2 2 2 2 2 2 2 2 2 2 2 2 2 2 2 2 2 2
left_child=8 2 -2 4 -3 6 -5 -8 16 -10 20 12 -12 -14 15 -15 18 -18 28 -20 -11 -4 -23 -17 -7 -26 -27 -22 -1 -30
right_child=1 3 21 5 -6 24 7 -9 9 10 11 -13 13 14 -16 23 17 -19 19 -21 27 22 -24 -25 25 26 -28 -29 29 -31
leaf_value=-4.8665757741099869e-06 0.00024054561615174201 0 -1.2249123864347796e-06 0 0.00021426672200493174 0 -9.9520767334726977e-05 0 0.00017878264404288006 1.8949420768828865e-05 0 -5.984813712496327e-06 0 0 0 0.00027860552701167764 0 -0.00019934348834255985 0.0002994595376265112 0 0 6.787138828212519e-05 0 1.6466664667205529e-05 0 0 6.1752004282468071e-05 -3.4971448771177826e-05 0 8.1158267503451503e-05
leaf_weight=11708 80 113 110 1886 76 351 143 377 94 94 234 404 57 50 61 59 75 53 52 395 144 138 51 56 134 72 297 679 233 99
leaf_count=11708 80 113 110 1886 76 351 143 377 94 94 234 404 57 50 61 59 75 53 52 395 144 138 51 56 134 72 297 679 233 99
internal_value=9.70175e-07 1.061e-05 7.02184e-05 2.59206e-06 7.23918e-05 0 -7.97231e-06 -3.21355e-05 -1.22338e-06 1.09472e-05 0 2.13284e-05 5.22946e-05 9.00862e-05 0.000116163 0.000150136 -3.48435e-06 -7.67599e-05 -2.32676e-06 2.57012e-05 -1.68717e-05 7.32934e-06 3.8604e-05 0.000195301 1.68158e-05 3.08397e-05 4.73102e-05 -2.7049e-05 -3.78462e-06 1.92555e-05
internal_weight=18375 3828 379 3449 189 3260 2406 520 14547 1932 1838 921 517 283 226 165 12615 128 12487 447 917 299 189 115 854 503 369 823 12040 332
internal_count=18375 3828 379 3449 189 3260 2406 520 14547 1932 1838 921 517 283 226 165 12615 128 12487 447 917 299 189 115 854 503 369 823 12040 332
is_linear=0
shrinkage=0.05


Tree=83
num_leaves=31
num_cat=0
split_feature=103 107 52 110 73 73 70 64 105 11 52 111 111 106 112 32 73 8 15 40 50 52 73 73 13 112 74 104 105 41
split_gain=0.000162961 0.00116056 0.00348793 0.000177387 0.000291947 0.00023317 0.000173095 0.000424346 0.000796614 0.00184177 0.00285605 0.000236942 0.000365293 0.000448535 0.000147254 0.000126438 0.00021116 0.00034829 0.000571105 0.000135399 0.000124981 0.000341293 0.000113818 0.00115224 0.00129281 0.000172117 0.000354102 0.000145878 0.000280497 0.000143654
threshold=-0.9159756150367534 33.15434016127945 14.850000000000003 3.9550000000000005 24.150000000000006 19.950000000000006 38.95000000000001 16.450000000000003 9.3621587602593763 -0.00045714285714285675 6.7500000000000009 41.82500000000001 25.66 2.5000000000000004 0.29500000000000004 43.500000000000007 16.650000000000006 0.00036458333333333335 23.581944444444449 974.45000000000016 1032.8500000000001 17.850000000000005 20.850000000000005 21.850000000000005 0.35416666666666669 0.17500000000000002 266.55121020000007 41.500000000000007 8.6733184569131865 1018.9500000000002
decision_type=2 2 2 2 2 2 2 2 2 2 2 2 2 2 2 2 2 2 2 2 2 2 2 2 2 2 2 2 2 2
left_child=1 2 -1 4 5 -2 22 8 9 10 -8 12 -10 -14 -13 16 -9 -18 -19 20 21 -17 27 24 -24 26 -25 28 -5 -30
right_child=3 -3 -4 6 -6 -7 7 15 11 -11 -12 14 13 -15 -16 19 17 18 -20 -21 -22 -23 23 25 -26 -27 -28 -29 29 -31
leaf_value=0 -2.1279239480769875e-05 0 0.00048117639259290766 -0.00012892910677478274 -0.0001362015597323989 5.7037810474011e-05 0.00044001481600272922 0 0 0 0 0 0 0.00018527147575770036 -4.2018967977076589e-05 0 0 0.00021663206949817712 0 -1.290493102912297e-05 0 0.00011215609860139845 0.00032976878850389003 0 0 0 -0.00012124940092629973 -1.90749812262297e-06 -2.7828428973632913e-05 0
leaf_weight=179 813 2064 51 67 59 84 77 776 272 131 79 133 128 73 267 250 140 65 63 2051 1361 95 56 74 88 820 90 6539 722 708
leaf_count=179 813 2064 51 67 59 84 77 776 272 131 79 133 128 73 267 250 140 65 63 2051 1361 95 56 74 88 820 90 6539 722 708
internal_value=9.30137e-07 1.35019e-05 0.00011988 -5.53081e-07 -2.15728e-05 -8.32192e-06 4.46286e-07 7.36119e-06 3.45256e-05 0.000107968 0.000225192 4.56446e-06 3.26573e-05 8.38065e-05 -1.6185e-05 0 1.61025e-05 5.44952e-05 0.000113765 -3.46564e-06 4.95433e-06 3.20021e-05 -3.50648e-06 9.79223e-06 0.000143035 -4.75604e-06 -5.23724e-05 -5.99631e-06 -2.05055e-05 -1.18449e-05
internal_weight=18375 2294 230 16081 956 897 15125 5961 1160 287 156 873 473 201 400 4801 1044 268 128 3757 1706 345 9164 1128 144 984 164 8036 1497 1430
internal_count=18375 2294 230 16081 956 897 15125 5961 1160 287 156 873 473 201 400 4801 1044 268 128 3757 1706 345 9164 1128 144 984 164 8036 1497 1430
is_linear=0
shrinkage=0.05


Tree=84
num_leaves=31
num_cat=0
split_feature=99 74 57 81 107 41 11 111 113 104 5 19 10 110 34 107 103 13 35 73 70 13 8 97 9 110 105 14 58 14
split_gain=0.000195043 0.000380404 0.000285828 0.000775609 0.00191851 0.00348601 0.00640589 0.000298369 0.000371214 0.000299281 0.000296866 0.000175389 0.000650714 0.000168323 0.000279523 0.00027856 0.00187501 0.000345109 0.000664009 0.00146009 0.000108656 8.75807e-05 0.000141892 0.000184324 0.000207841 0.000197764 0.000184208 0.000112304 0.000129513 0.000132748
threshold=286.80096170000007 277.23787835000002 8.3500000000000032 -4.0885855500000039 49.891498158895921 1021.85 -0.0002757142857142856 1.8 0.015000000000000001 23.500000000000004 0.0010725689236111113 14.450000000000001 0.00125 3.8550000000000004 0.34250000000000008 33.15434016127945 -0.9159756150367534 0.39583333333333343 1307.5000000000002 17.650000000000009 44.150000000000013 0.25694444444444448 0.00025937500000000006 24.850000000000005 1.6850000000000003 16.550000000000004 9.5328200594442709 3.5000000000000004 1.0000000180025095e-35 61.500000000000007
decision_type=2 2 2 2 2 2 2 2 2 2 2 2 2 2 2 2 2 2 2 2 2 2 2 2 2 2 2 2 2 2
left_child=2 -2 3 4 5 6 -1 -5 9 10 -9 12 -6 14 -4 16 -15 18 19 -18 -13 -17 -23 -24 25 26 -25 -28 29 -29
right_child=1 -3 13 7 11 -7 -8 8 -10 -11 -12 20 -14 15 -16 21 17 -19 -20 -21 -22 22 23 24 -26 -27 27 28 -30 -31
leaf_value=0.00075966812524971578 -7.0406316638845618e-06 -0.00014679500809060094 -0.00010399063831387139 8.5302332522494881e-05 0 0 0 -0.00020921088239317346 3.3824803962122654e-07 0 0 0 0.00018877142795342176 0.00023632098519696813 -2.7177006631733858e-06 -1.0859952624829747e-05 0 -2.427922160733499e-05 -2.0572419789163096e-05 0.00028784476560938117 -4.7239329989851999e-05 -3.8111180606703615e-06 1.0709210190153043e-06 0 0 0 0 0.0001168210180424796 0 0
leaf_weight=55 1776 56 99 97 91 80 53 55 1340 53 53 171 56 96 664 1661 67 442 68 70 136 5384 4416 111 525 256 74 231 68 71
leaf_count=55 1776 56 99 97 91 80 53 55 1340 53 53 171 56 96 664 1661 67 442 68 70 136 5384 4416 111 525 256 74 231 68 71
internal_value=9.17073e-07 -1.41181e-05 2.88507e-06 1.95016e-05 6.58867e-05 0.000200365 0.000386737 0 -4.67494e-06 -7.70084e-05 -0.000125212 0 5.2272e-05 0 -2.25214e-05 1.56812e-06 3.13173e-05 0 5.40421e-05 0.00012719 -1.05195e-05 0 1.43514e-06 7.21467e-06 2.37664e-05 3.96226e-05 5.64095e-05 7.07857e-05 8.22606e-05 9.67162e-05
internal_weight=18375 1832 16543 2240 642 188 108 1598 1501 161 108 454 147 14303 763 13540 743 647 205 137 307 12797 11136 5752 1336 811 555 444 370 302
internal_count=18375 1832 16543 2240 642 188 108 1598 1501 161 108 454 147 14303 763 13540 743 647 205 137 307 12797 11136 5752 1336 811 555 444 370 302
is_linear=0
shrinkage=0.05


Tree=85
num_leaves=31
num_cat=0
split_feature=99 83 8 0 65 109 72 107 40 92 2 84 94 74 110 98 19 91 41 90 113 83 57 114 2 114 9 41 84 1
split_gain=0.000167645 0.000217222 0.000209036 0.000351522 0.000305883 0.000823344 0.000275921 0.000267683 0.000412697 0.000249813 0.00242291 0.000211899 0.000252303 0.000393425 0.000613692 0.000852244 0.000454479 0.000329102 0.000345731 0.0001882 0.000668156 0.000154581 0.000154175 0.000200843 0.000234529 0.00015297 9.59346e-05 8.20032e-05 8.13874e-05 5.74963e-05
threshold=286.80096170000007 0.55000000000000016 0.00023854166666666669 0.21365000000000003 18.350000000000005 88.64500000000001 21.050000000000004 57.257815097269223 966.6500000000002 1.3500000000000003 0.0042451315000000015 17.500000000000004 12.450000000000001 266.97076265000004 5.4450000000000012 9.8500000000000032 24.050000000000004 279.96022725000006 1020.9500000000002 3.2500000000000004 1.7650000000000003 0.95000000000000018 10.750000000000002 31.795000000000005 5.4650000000000007e-05 26.135000000000002 1.2200000000000002 1013.2500000000001 14.500000000000002 9.4850000000000015e-05
decision_type=2 2 2 2 2 2 2 2 2 2 2 2 2 2 2 2 2 2 2 2 2 2 2 2 2 2 2 2 2 2
left_child=2 25 19 4 5 9 -5 8 -6 11 -11 12 13 -4 15 16 -15 18 -16 20 -1 -20 23 24 -14 -2 27 -24 -26 -29
right_child=1 -3 3 6 7 -7 -8 -9 -10 10 -12 -13 22 14 17 -17 -18 -19 21 -21 -22 -23 26 -25 28 -27 -28 29 -30 -31
leaf_value=0 -0.00010548775375405098 0 0 0 0 0.00020450383285060527 0.00015319387528240657 0 -0.00014736733735176412 0 0.0003680141846865916 -1.9527078997393352e-06 0 0.00033930807953483653 0 0 2.4275267889823955e-05 -2.1720288925918261e-06 0.0001488062387194704 -6.4264384327381016e-06 0.00018491686922696569 0 0 0 -0.00010320318354216569 -1.0278578071889074e-05 0 5.3045274762966575e-05 0 0
leaf_weight=230 108 1309 1015 59 110 54 75 457 97 251 50 4621 136 57 319 96 66 421 110 6302 57 85 229 454 142 362 601 263 66 58
leaf_count=230 108 1309 1015 59 110 54 75 457 97 251 50 4621 136 57 319 96 66 421 110 6302 57 85 229 454 142 362 601 263 66 58
internal_value=6.39505e-07 -1.35287e-05 2.47295e-06 7.25487e-06 5.59696e-06 8.40882e-06 9.00121e-05 -2.53495e-05 -7.26072e-05 6.66193e-06 5.30488e-05 4.48624e-06 1.29243e-05 2.46523e-05 4.46472e-05 0.000125231 0.000212148 2.0317e-05 4.84142e-05 -3.94739e-06 3.29602e-05 0.000102804 0 -1.70099e-05 -4.61028e-05 -4.29497e-05 1.15717e-05 2.67439e-05 -7.94602e-05 4.31343e-05
internal_weight=18260 1779 16481 9892 9758 9094 134 664 207 9040 301 8739 4118 2169 1154 219 123 935 514 6589 287 195 1949 798 344 470 1151 550 208 321
internal_count=18260 1779 16481 9892 9758 9094 134 664 207 9040 301 8739 4118 2169 1154 219 123 935 514 6589 287 195 1949 798 344 470 1151 550 208 321
is_linear=0
shrinkage=0.05


Tree=86
num_leaves=31
num_cat=0
split_feature=103 113 62 95 66 15 74 34 111 87 0 64 0 77 24 20 73 65 24 75 24 74 109 95 91 66 83 19 66 107
split_gain=0.000175711 0.000485828 0.00220344 0.00133695 0.00209818 0.000390484 0.000224699 0.000279017 0.000214608 0.000486683 0.000766119 0.000233492 0.000108318 0.000240272 0.000123667 0.00012121 0.000535374 0.000435838 0.000200191 0.000109334 0.000144236 0.000168605 0.000465709 0.000180205 9.26746e-05 0.000406419 0.000264332 8.75453e-05 7.86978e-05 0.000245448
threshold=-0.37940952255126015 0.055000000000000007 42.050000000000004 268.93721175000007 267.02555255000004 19.703472222222228 267.53095850000005 0.33350000000000007 1.8 281.33249385000005 0.0034500000000000004 17.850000000000005 0.18590000000000004 36.437500000000007 0.33201782234242055 30.650000000000002 18.050000000000008 0.95000000000000029 0.79540832971888265 16.500000000000004 -0.75993404150491861 267.48557675000001 75.50500000000001 289.1956661000001 277.36757005000004 274.66626910000008 0.55000000000000016 36.300000000000004 277.26611030000009 39.184882750482181
decision_type=2 2 2 2 2 2 2 2 2 2 2 2 2 2 2 2 2 2 2 2 2 2 2 2 2 2 2 2 2 2
left_child=1 2 3 4 -1 -5 -7 27 9 11 -11 -2 15 -14 -15 16 24 18 -18 20 -17 -22 23 -23 25 -10 -27 -8 -21 -30
right_child=8 -3 -4 5 -6 6 7 -9 12 10 -12 -13 13 14 -16 19 17 -19 -20 28 21 22 -24 -25 -26 26 -28 -29 29 -31
leaf_value=0 -1.7303916081781007e-05 5.2652415614819839e-07 0.00033474866453139308 0.00012005643697557389 0.00041600534037142473 0 -0.00010457609057611033 0 -1.5158385250782977e-07 0 -0.00025890692144465841 8.8458012731891251e-05 0 0.00012755120298113201 0 -2.1913042333882703e-06 0 1.1186874165843761e-05 0.00021313793674478527 -9.8338042381458693e-07 -2.6203631055321796e-06 -3.5279045350537337e-05 -0.00016287882585714556 7.5057570706914505e-06 -1.4093525102852639e-05 0 0.00018234811307932022 0 0.00012041150115172579 0
leaf_weight=76 276 5730 60 54 50 484 151 146 1784 144 55 63 193 69 59 3144 51 361 64 1727 995 570 82 155 1105 72 50 50 55 385
leaf_count=76 276 5730 60 54 50 484 151 146 1784 144 55 63 193 69 59 3144 51 361 64 1727 995 570 82 155 1105 72 50 50 55 385
internal_value=6.16955e-07 7.20189e-06 3.8218e-05 1.53657e-05 0.00016791 -8.74221e-07 -1.4877e-05 -4.62965e-05 -2.85524e-06 -3.39658e-05 -9.58785e-05 0 -8.6188e-07 2.66683e-05 8.01977e-05 -2.16967e-06 4.68481e-06 5.4331e-05 0.000145399 -6.23296e-06 -1.05102e-05 -2.2242e-05 -4.02133e-05 -1.92472e-05 -1.51902e-06 3.15268e-06 9.17296e-05 -8.45323e-05 1.22355e-06 2.12062e-05
internal_weight=18260 6801 1071 1011 126 885 831 347 11459 538 199 339 10921 321 128 10600 3487 476 115 7113 4946 1802 807 725 3011 1906 122 201 2167 440
internal_count=18260 6801 1071 1011 126 885 831 347 11459 538 199 339 10921 321 128 10600 3487 476 115 7113 4946 1802 807 725 3011 1906 122 201 2167 440
is_linear=0
shrinkage=0.05


Tree=87
num_leaves=31
num_cat=0
split_feature=99 80 58 74 9 105 8 48 66 109 80 110 34 34 83 11 8 100 109 73 109 16 97 66 65 84 15 73 113 83
split_gain=0.000156197 0.000205297 0.00213816 0.000434377 0.000575346 0.00104473 0.00027332 0.000238683 0.000215023 0.0014723 0.00138761 0.000224476 0.00026568 0.000447752 0.000193604 0.000112342 0.000249192 0.000400391 0.000143923 0.000105347 0.000406181 0.000157384 0.00014295 0.000312999 0.000124999 0.00011911 0.000102944 0.000180279 0.000135314 0.000109414
threshold=286.80096170000007 5.0999999999999668 2.9500000000000006 271.23777615000006 1.0650000000000002 9.363747914926563 0.00021875000000000006 5.7513000000000014 279.65964215000002 86.075000000000017 -1.2499999999999998 4.1000000000000005 0.34150000000000008 0.31350000000000006 0.55000000000000016 -1.0000000180025095e-35 0.0011052083333333337 1.0000000180025095e-35 75.50500000000001 17.250000000000007 86.075000000000017 32.300000000000004 28.250000000000004 277.71813870000005 21.850000000000005 5.5000000000000009 26.121527777777782 9.0500000000000025 1.6700000000000002 2.0500000000000012
decision_type=2 2 2 2 2 2 2 2 2 2 2 2 2 2 2 2 2 2 2 2 2 2 2 2 2 2 2 2 2 2
left_child=1 8 3 -3 5 -5 -7 -8 11 15 -11 12 13 -1 -2 18 -17 -18 -10 26 21 24 -23 -24 25 -21 29 -28 -29 -13
right_child=14 2 -4 4 -6 6 7 -9 9 10 -12 19 -14 -15 -16 16 17 -19 -20 20 -22 22 23 -25 -26 -27 27 28 -30 -31
leaf_value=0 -4.0888975786392062e-05 -2.8061141483457625e-08 0.00032759036311054613 0.00026973483202735748 0 0 0.00014143629311473815 0 0 0 0.00038655713499596747 -1.3911583290973071e-05 -5.9050154503331399e-06 -0.00019153037902217945 0 0 0 0.00015400475521681455 -6.1797835145069655e-05 0 0.00012773677926965668 -7.3615300266743772e-06 0 0.00013023515211194359 0 9.2716785087255065e-05 -1.4311107104001117e-06 4.1697425511661155e-05 0 0
leaf_weight=109 470 2769 53 69 266 176 73 56 404 54 50 2789 776 64 1309 251 53 75 120 51 72 1628 207 61 67 118 1653 485 247 3685
leaf_count=109 470 2769 53 69 266 176 73 56 404 54 50 2789 776 64 1309 251 53 75 120 51 72 1628 207 61 67 118 1653 485 247 3685
internal_value=6.05917e-07 2.38478e-06 1.32372e-05 6.789e-06 4.40378e-05 8.45612e-05 2.5585e-05 8.24437e-05 -1.17851e-07 2.16154e-05 0.000198847 -2.35767e-06 -2.57102e-05 -8.52674e-05 -1.30569e-05 0 2.16775e-05 7.88261e-05 -1.39583e-05 0 9.40171e-06 3.00328e-06 0 3.16284e-05 4.17294e-05 6.53136e-05 -2.77977e-06 4.9896e-06 2.62923e-05 -6.41451e-06
internal_weight=18260 16481 3462 3409 640 374 305 129 13019 1007 104 12012 949 173 1779 903 379 128 524 11063 2204 2132 1896 268 236 169 8859 2385 732 6474
internal_count=18260 16481 3462 3409 640 374 305 129 13019 1007 104 12012 949 173 1779 903 379 128 524 11063 2204 2132 1896 268 236 169 8859 2385 732 6474
is_linear=0
shrinkage=0.05


Tree=88
num_leaves=31
num_cat=0
split_feature=0 4 38 77 0 8 1 66 109 111 34 59 11 11 16 99 27 75 113 66 113 90 21 67 35 26 107 111 21 83
split_gain=0.000145468 0.000714235 0.00256227 0.00022536 0.000337418 0.00029746 0.000334738 0.000145788 0.00124968 0.000250848 0.000423671 0.000249679 0.000215928 0.000196742 0.000144723 0.000138545 9.87122e-05 0.000342213 0.000317508 0.00143741 0.000286649 0.000171925 0.000128042 0.000214997 0.000113471 0.000221159 8.90392e-05 8.30388e-05 8.0713e-05 7.73487e-05
threshold=0.046600000000000009 0.067300000000000013 88.500000000000014 36.437500000000007 0.11130000000000001 0.00036458333333333335 0.0026251665000000001 279.65964215000002 87.815000000000012 2.9250000000000003 0.34150000000000008 287.44651515000004 -9.8571428571428538e-05 -0.00052285714285714251 32.300000000000004 276.22822265000008 267.92491020000006 8.5000000000000018 1.0000000180025095e-35 276.64098385000005 1.0000000180025095e-35 2.2500000000000004 -3.4242857142857139 1.0000000180025095e-35 1292.5000000000002 286.27203235000007 257.1604598582673 10.215000000000002 -1.4257142857142873 10.750000000000004
decision_type=2 2 2 2 2 2 2 2 2 2 2 2 2 2 2 2 2 2 2 2 2 2 2 2 2 2 2 2 2 2
left_child=7 2 -2 -3 -5 -6 -7 9 11 10 12 13 -1 27 15 28 17 -16 19 24 -19 -20 23 -23 25 -18 -22 -9 29 -11
right_child=1 3 -4 4 5 6 -8 8 -10 14 -12 -13 -14 -15 16 -17 18 20 21 -21 26 22 -24 -25 -26 -27 -28 -29 -30 -31
leaf_value=-0.00020108733888784107 0 -6.511485132340343e-06 0.00038245507331245384 0 3.4829521417608087e-06 0.00013015068543044717 0 -0.00010813687360026843 0.00025053460693689653 6.6692830623884159e-05 0 8.7606925259397258e-05 -2.1849819569722777e-05 0 0 0 0 -0.00013513959061528169 7.5044437266319936e-05 0.0002640170868234857 -2.6366974758173254e-05 8.3211190742258631e-05 -6.2870804749873639e-06 0 -7.1851376194400447e-05 9.3199288843276337e-05 0 0 0 0
leaf_weight=55 97 1904 57 1109 374 173 75 61 53 231 530 77 162 651 4538 251 96 79 70 62 948 99 4988 910 50 65 223 99 68 105
leaf_count=55 97 1904 57 1109 374 173 75 61 53 231 530 77 162 651 4538 251 96 79 70 62 948 99 4988 910 50 65 223 99 68 105
internal_value=5.27112e-07 9.44105e-06 0.000115789 3.52978e-06 1.74588e-05 4.69191e-05 9.20663e-05 -1.46186e-06 1.67806e-05 -3.10127e-06 -3.15221e-05 0 -9.09285e-05 -5.60944e-06 -1.047e-06 2.10402e-05 -2.65374e-06 -7.50452e-06 9.86671e-07 5.39631e-05 -3.07326e-05 -5.81641e-07 -2.31036e-06 1.23848e-05 0 1.12174e-05 -1.93134e-05 -5.66895e-05 3.96518e-05 4.98826e-05
internal_weight=18260 3789 154 3635 1731 622 248 14471 941 13530 747 888 217 811 12783 655 12128 5788 6340 273 1250 6067 5997 1009 211 161 1171 160 404 336
internal_count=18260 3789 154 3635 1731 622 248 14471 941 13530 747 888 217 811 12783 655 12128 5788 6340 273 1250 6067 5997 1009 211 161 1171 160 404 336
is_linear=0
shrinkage=0.05


Tree=89
num_leaves=31
num_cat=0
split_feature=103 107 13 0 104 24 109 109 83 104 98 70 40 110 44 40 90 52 89 113 113 112 19 112 41 27 20 9 108 19
split_gain=0.000158903 0.000977255 0.00367432 0.000143577 0.000348001 0.000144752 0.00114932 0.000303873 0.000182655 0.000247503 0.000262445 0.000353376 0.000178175 0.000247008 0.000558575 0.000173434 0.000314931 0.000150099 0.000241688 0.000291646 0.000229296 0.000196353 0.00014649 0.000207251 0.000293725 0.000128494 9.2371e-05 6.25895e-05 9.13318e-05 8.01968e-05
threshold=-0.9159756150367534 33.15434016127945 0.40972222222222227 0.18590000000000004 14.500000000000002 0.83295684712691431 84.075000000000017 88.64500000000001 0.8500000000000002 5.5000000000000009 20.050000000000004 38.95000000000001 967.55000000000007 4.2550000000000017 3.5000000000000004 965.55000000000007 12.950000000000001 3.9500000000000006 31.150000000000002 0.045000000000000005 1.0000000180025095e-35 0.20500000000000004 7.0500000000000007 1.0550000000000004 1024.6500000000003 267.87249090000006 49.250000000000007 0.91000000000000014 5.5000000000000009 21.750000000000004
decision_type=2 2 2 2 2 2 2 2 2 2 2 2 2 2 2 2 2 2 2 2 2 2 2 2 2 2 2 2 2 2
left_child=1 2 -1 5 -5 7 22 8 12 10 11 -10 15 14 -14 -2 -17 21 20 -20 -19 -15 23 24 -7 -13 -22 -24 29 -29
right_child=3 -3 -4 4 -6 6 -8 -9 9 -11 -12 25 13 17 -16 16 -18 18 19 -21 26 -23 27 -25 -26 -27 -28 28 -30 -31
leaf_value=0.00042348126051854084 -3.6289548796371621e-06 0 0 0.00014003496700024697 0 0 0.00021801768703426209 -0.0001194540946307825 0 -1.3295300793935068e-06 0 0 0 9.7872863981238983e-05 -0.00019203601493565761 0.00015379642376822579 0 -0.00013368227797076393 0.00010827426565458976 -2.5243788382759612e-06 -2.6837700316988161e-05 0 -9.9415777278841567e-06 0 0.00015533754455550957 0.0001554135896231838 0 0 -3.9506849272339519e-07 3.8433763009853375e-05
leaf_weight=66 1107 2013 174 59 398 91 63 59 66 8994 86 55 77 53 70 50 75 72 61 453 1266 235 1305 88 66 101 143 114 490 310
leaf_count=66 1107 2013 174 59 398 91 63 59 66 8994 86 55 77 53 70 50 75 72 61 453 1266 235 1305 88 66 101 143 114 490 310
internal_value=4.92205e-07 1.30967e-05 0.000108359 -9.70249e-07 2.58728e-05 -2.08228e-06 8.20064e-06 -4.46197e-06 -3.54381e-06 0 4.41701e-05 7.51373e-05 -1.30043e-05 -2.09296e-05 -9.08625e-05 0 5.76658e-05 -1.41998e-05 -2.01372e-05 1.10085e-06 -3.08777e-05 9.55554e-06 7.21334e-07 3.848e-05 7.47308e-05 0.000116816 -2.19872e-05 -1.2108e-06 5.78767e-06 2.46816e-05
internal_weight=18260 2253 240 16007 457 15550 2527 13023 12964 9302 308 222 3662 2430 147 1232 125 2283 1995 514 1481 288 2464 245 157 156 1409 2219 914 424
internal_count=18260 2253 240 16007 457 15550 2527 13023 12964 9302 308 222 3662 2430 147 1232 125 2283 1995 514 1481 288 2464 245 157 156 1409 2219 914 424
is_linear=0
shrinkage=0.05


Tree=90
num_leaves=31
num_cat=0
split_feature=74 6 42 13 107 103 35 11 33 74 8 0 8 110 93 99 8 103 110 41 113 91 70 104 13 107 104 113 97 13
split_gain=0.000142827 0.000306355 0.000495752 0.000147177 0.000818021 0.00359876 0.00299682 0.00285511 0.000860613 0.000257516 0.00033918 0.000337645 0.000421628 0.000364124 0.000334524 0.000373517 0.000173852 0.0002662 0.000140691 0.000135315 0.000216619 0.000133175 9.15386e-05 8.92831e-05 8.29666e-05 7.67899e-05 0.000405366 7.29026e-05 0.000270388 7.27274e-05
threshold=276.39813550000002 0.00089877095138888902 470.50000000000006 0.52083333333333337 33.845472724088289 -0.9159756150367534 612.50000000000011 -0.0031385714285714285 1.0850000000000002 271.04786565000006 0.0043291666666666678 0.0045500000000000011 0.00021875000000000006 16.450000000000006 33.650000000000013 286.32123815000006 0.00051458333333333358 -0.5 6.5650000000000004 1025.8500000000001 1.5750000000000004 275.25924560000004 34.050000000000004 44.500000000000007 0.4513888888888889 66.057692735826961 6.5000000000000009 0.58000000000000007 17.650000000000002 0.50694444444444453
decision_type=2 2 2 2 2 2 2 2 2 2 2 2 2 2 2 2 2 2 2 2 2 2 2 2 2 2 2 2 2 2
left_child=3 -2 -3 4 5 -1 7 -7 16 29 11 19 -13 14 15 -14 -8 22 23 24 -21 -19 -18 -5 -11 26 -20 28 -28 -6
right_child=1 2 -4 18 9 6 8 -9 -10 10 -12 12 13 -15 -16 -17 17 21 25 20 -22 -23 -24 -25 -26 -27 27 -29 -30 -31
leaf_value=0.00036892365936653805 0 -0.00014575525863286229 0 -2.6916785184561956e-05 -3.2256072314727136e-06 0.00051037857532652126 4.542754812318044e-05 0 -0.00022176287359335431 -2.1627003239187e-05 -3.5225104100598261e-05 0 0.00017255862755763735 0 0 0 0 0 0.00013780239479115514 0 0.00011693265863527814 -8.922493008692703e-05 6.9752277353579887e-05 -4.5895528035579773e-07 1.1811786898235336e-05 -1.4181084988180281e-06 0 -1.7609614324930225e-06 0.0001090350333813856 2.1345355783218756e-05
leaf_weight=82 281 108 56 882 7611 53 85 99 56 401 157 116 196 114 98 105 58 164 62 50 63 155 50 1178 172 4750 130 723 71 276
leaf_count=82 281 108 56 882 7611 53 85 99 56 401 157 116 196 114 98 105 58 164 62 50 63 155 50 1178 172 4750 130 723 71 276
internal_value=8.92207e-07 -2.63809e-05 -8.07645e-05 1.84793e-06 5.98253e-06 5.45956e-05 1.14003e-05 0.000212801 -3.39875e-05 1.27716e-06 2.07704e-05 3.12769e-05 5.81662e-05 7.87247e-05 0.000101191 0.000127796 -3.31071e-06 -2.47784e-05 -2.89975e-06 0 5.40906e-05 -5.32973e-05 1.33024e-05 -1.42206e-05 -2.87564e-06 2.96199e-07 1.36137e-05 0 2.98521e-05 -1.72929e-06
internal_weight=18402 445 164 17957 10161 802 720 152 568 9359 1472 1315 629 513 399 301 512 427 7796 686 113 319 108 2060 573 5736 986 924 201 7887
internal_count=18402 445 164 17957 10161 802 720 152 568 9359 1472 1315 629 513 399 301 512 427 7796 686 113 319 108 2060 573 5736 986 924 201 7887
is_linear=0
shrinkage=0.05


Tree=91
num_leaves=31
num_cat=0
split_feature=73 75 109 105 105 41 109 83 80 58 76 7 45 51 56 98 77 106 106 90 107 8 32 13 87 20 53 13 104 80
split_gain=0.00018194 0.00145416 0.00276269 0.0029128 0.000316691 0.000358793 0.000295392 0.000649903 0.000198876 0.00204993 0.000336428 0.000535235 0.000435794 0.000601853 0.000724543 0.000122469 0.00019645 0.000135421 9.73963e-05 0.000134242 8.41787e-05 0.000222378 0.000213886 8.8132e-05 0.000226896 7.34227e-05 0.000175704 0.000154153 0.000195016 0.00013641
threshold=19.950000000000006 15.500000000000002 80.660000000000011 8.7663911666371632 9.0336008865803255 1006.4500000000002 87.815000000000012 8.8500000000000032 4.6999999999999895 3.5500000000000012 1.0000000180025095e-35 0.024047289000000003 0.075000000000000025 18.450000000000003 15.950000000000001 21.750000000000004 41.862500000000004 3.5000000000000004 3.5000000000000004 8.4500000000000011 46.610964843084439 0.001175 38.500000000000007 0.47916666666666669 277.6612245500001 30.450000000000003 282.88821735000005 0.65972222222222232 29.500000000000004 -0.30000000000001131
decision_type=2 2 2 2 2 2 2 2 2 2 2 2 2 2 2 2 2 2 2 2 2 2 2 2 2 2 2 2 2 2
left_child=6 4 -3 -4 5 -2 8 -8 20 10 -10 12 13 14 -12 16 -15 -18 -13 -20 21 23 -23 24 -1 26 27 28 -6 -27
right_child=1 2 3 -5 25 -7 7 -9 9 -11 11 18 -14 15 -16 -17 17 -19 19 -21 -22 22 -24 -25 -26 29 -28 -29 -30 -31
leaf_value=0 0 0 0.00059166926241372353 3.0200077006422983e-05 0.00013131294675013333 -0.00014353152647955298 -0.00021558622239550176 0 -1.6686154957650122e-06 0.00032522215791116246 1.7177399744985358e-05 0 0 0 0.00035152841665537799 0 0 0.00016514638798560975 -6.1659988920016596e-05 0 -9.0284308726005667e-07 7.8513147577310017e-05 0 -1.3956547354341417e-05 -0.00011031793890591267 0 0 0 4.0330921165389681e-06 -4.7488546526921392e-05
leaf_weight=101 82 252 51 81 85 81 50 101 3738 50 80 79 243 135 50 71 74 51 163 83 9106 87 726 1167 119 656 352 123 208 157
leaf_count=101 82 252 51 81 85 81 50 101 3738 50 80 79 243 135 50 71 74 51 163 83 9106 87 726 1167 119 656 352 123 208 157
internal_value=8.45982e-07 1.47137e-05 0.000103068 0.000287543 -1.92305e-06 -6.95072e-05 -6.60941e-07 -7.00372e-05 0 8.49961e-06 4.0614e-06 2.97124e-05 5.58997e-05 8.44188e-05 0.000185644 2.91631e-05 4.7486e-05 9.25674e-05 -1.16736e-05 -3.41416e-05 -3.63158e-06 -1.26488e-05 3.08442e-06 -2.54689e-05 -6.35726e-05 1.92381e-06 1.50474e-05 3.83528e-05 5.82851e-05 -4.33416e-06
internal_weight=18402 2128 384 132 1744 163 16274 151 16123 4817 4767 1029 704 461 130 331 260 125 325 246 11306 2200 813 1387 220 1581 768 416 293 813
internal_count=18402 2128 384 132 1744 163 16274 151 16123 4817 4767 1029 704 461 130 331 260 125 325 246 11306 2200 813 1387 220 1581 768 416 293 813
is_linear=0
shrinkage=0.05


Tree=92
num_leaves=31
num_cat=0
split_feature=73 109 73 35 109 72 80 65 70 7 45 51 11 98 97 114 77 15 8 45 114 107 77 95 109 108 109 56 57 107
split_gain=0.000167227 0.00115736 0.000330255 0.000528027 0.000266323 0.000692733 0.000185342 0.00193446 0.000330834 0.000509503 0.000405772 0.000535394 0.000838105 0.000127362 0.000135039 0.000117798 9.46612e-05 9.57789e-05 7.84519e-05 0.00028964 0.000492996 0.000189292 9.93543e-05 0.000107228 9.96269e-05 7.18269e-05 6.97043e-05 6.65588e-05 0.000196343 0.000160765
threshold=19.950000000000006 88.200000000000003 21.750000000000007 387.50000000000006 87.815000000000012 14.050000000000002 4.6999999999999895 5.950000000000002 40.250000000000007 0.024047289000000003 0.075000000000000025 17.250000000000004 -0.00045714285714285675 21.550000000000004 22.850000000000005 25.930000000000003 41.062500000000007 26.686805555555559 0.0010062500000000002 0.35500000000000004 25.930000000000003 46.610964843084439 34.13750000000001 269.42796755000006 66.730000000000004 13.500000000000002 23.815000000000001 18.550000000000004 6.9500000000000011 128.25942861116394
decision_type=2 2 2 2 2 2 2 2 2 2 2 2 2 2 2 2 2 2 2 2 2 2 2 2 2 2 2 2 2 2
left_child=4 2 3 -2 6 -6 18 8 -8 10 11 12 -10 14 -13 25 -16 -18 21 -20 -21 22 -1 -24 -25 -4 -11 28 -17 -30
right_child=1 -3 15 -5 5 -7 7 -9 9 26 -12 13 -14 -15 16 27 17 -19 19 20 -22 -23 23 24 -26 -27 -28 -29 29 -31
leaf_value=0 0.00016119922242892031 0.00022243189934119021 -4.6452558831262856e-05 3.1233055873970876e-06 0 -0.00021098701150010498 -1.817171050149832e-06 0.00030711871090076149 0.00031925510381444815 -2.9519112182704112e-05 0 0 0 0 0 0 0.00013984115555403103 0 0 0.0001843837426431178 0 -2.0389656898620668e-06 0 0 -5.9288637416426647e-05 0 0 -6.6536040281562428e-07 0.00013283464851338066 0
leaf_weight=482 83 65 224 363 98 53 3757 53 60 237 233 62 53 78 68 84 75 54 2883 57 105 6898 248 199 434 70 87 1112 59 68
leaf_count=482 83 65 224 363 98 53 3757 53 60 237 233 62 53 78 68 84 75 54 2883 57 105 6898 248 199 434 70 87 1112 59 68
internal_value=8.15277e-07 1.41139e-05 5.02321e-06 4.40215e-05 -6.17197e-07 -6.64913e-05 0 8.21581e-06 3.77741e-06 2.95916e-05 5.57157e-05 8.34102e-05 0.000190154 3.23681e-05 5.0859e-05 -2.6636e-06 7.14257e-05 9.79315e-05 -3.49535e-06 2.23807e-06 6.73493e-05 -6.21389e-06 -2.36601e-05 -3.38724e-05 -4.49328e-05 -3.22042e-05 -1.0096e-05 1.43897e-07 2.79767e-05 7.16321e-05
internal_weight=18402 2128 2063 446 16274 151 16123 4817 4764 1007 683 450 113 337 259 1617 197 129 11306 3045 162 8261 1363 881 633 294 324 1323 211 127
internal_count=18402 2128 2063 446 16274 151 16123 4817 4764 1007 683 450 113 337 259 1617 197 129 11306 3045 162 8261 1363 881 633 294 324 1323 211 127
is_linear=0
shrinkage=0.05


Tree=93
num_leaves=31
num_cat=0
split_feature=73 75 40 109 105 40 109 72 80 92 70 7 18 45 71 51 11 40 10 16 69 105 27 38 70 65 106 90 14 11
split_gain=0.000153393 0.00130648 0.0028442 0.0042499 0.000301692 0.000365036 0.000237607 0.000629594 0.000170989 0.00177752 0.000301456 0.00046321 0.000390292 0.000522331 0.000599646 0.00100387 0.000116218 0.000109416 9.47372e-05 9.16893e-05 9.95867e-05 0.000154793 0.000261853 0.000115375 9.6736e-05 0.000142976 8.42964e-05 0.000121797 7.45767e-05 8.48552e-05
threshold=19.950000000000006 15.500000000000002 978.95000000000016 80.660000000000011 9.0336008865803255 969.25000000000011 87.815000000000012 14.050000000000002 4.6999999999999895 0.55000000000000016 40.250000000000007 0.024047289000000003 13.500000000000002 0.075000000000000025 20.872448979591841 17.250000000000004 -0.00026142857142857136 955.05000000000007 0.011500000000000002 32.300000000000004 30.637500000000006 9.5356433201801512 279.31953660000005 99.500000000000014 39.050000000000004 21.950000000000006 3.5000000000000004 8.4500000000000011 3.5000000000000004 0.0007614285714285788
decision_type=2 2 2 2 2 2 2 2 2 2 2 2 2 2 2 2 2 2 2 2 2 2 2 2 2 2 2 2 2 2
left_child=6 4 17 16 5 -2 8 -8 28 10 -10 12 13 14 -12 -16 -4 -3 -17 24 23 22 -22 -21 25 -6 -13 -28 -1 -30
right_child=1 2 3 -5 19 -7 7 -9 9 -11 11 26 -14 -15 15 18 -18 -19 -20 20 21 -23 -24 -25 -26 -27 27 -29 29 -31
leaf_value=-1.3069280588220333e-05 0 0 0 0.00053017901687493773 7.5499547934693877e-05 -0.00012991484233073911 0 -0.00020063301819121717 -1.6748948822094966e-06 0.00029718470224151877 0 0 0 0 0.00032490437982604322 0 7.4040541899794679e-05 -5.0036393796371834e-05 7.5284214168724469e-05 -4.4942709286696086e-05 0.00012195213235263767 0 0 0 0 0 -5.7470821820388438e-05 0 -2.4302008063546008e-06 2.2188435668961832e-05
leaf_weight=1782 65 85 56 75 145 98 98 53 3756 52 65 79 137 193 70 50 52 116 170 258 70 811 99 88 50 60 163 82 9184 340
leaf_count=1782 65 85 56 75 145 98 98 53 3756 52 65 79 137 193 70 50 52 116 170 258 70 811 99 88 50 60 163 82 9184 340
internal_value=7.68294e-07 1.35112e-05 9.73275e-05 0.000241576 -2.1237e-06 -6.79992e-05 -5.91479e-07 -6.28129e-05 0 7.88271e-06 3.6148e-06 2.82383e-05 5.31372e-05 7.28385e-05 0.000108857 0.000140172 0 -9.79672e-06 5.75651e-05 1.54615e-06 -2.0824e-07 3.82079e-06 4.8586e-05 -2.60073e-05 3.01654e-05 4.80083e-05 -9.01972e-06 -3.10508e-05 -3.36585e-06 -1.02416e-06
internal_weight=18402 2128 384 183 1744 163 16274 151 16123 4817 4765 1009 685 548 355 290 108 201 220 1581 1326 980 169 346 255 205 324 245 11306 9524
internal_count=18402 2128 384 183 1744 163 16274 151 16123 4817 4765 1009 685 548 355 290 108 201 220 1581 1326 980 169 346 255 205 324 245 11306 9524
is_linear=0
shrinkage=0.05


Tree=94
num_leaves=31
num_cat=0
split_feature=103 113 63 65 24 113 13 113 74 87 5 24 110 104 110 103 74 4 59 0 91 77 19 19 83 83 16 5 74 71
split_gain=0.00012466 0.000599707 0.00224412 0.00429286 0.000132202 0.000929038 0.00195025 0.000370519 0.000423404 0.000396267 0.000313789 0.000256202 0.000267355 0.00024147 0.000234364 0.000202901 0.000422945 0.000167959 0.000151148 0.000138767 0.00021767 0.000136147 0.000134714 0.000261633 0.000129124 5.1472e-05 4.3338e-05 5.3082e-05 0.000148167 0.000181346
threshold=-0.78656609248549325 0.055000000000000007 25.970000000000002 9.2500000000000018 0.84429318420855159 0.065000000000000016 0.39583333333333343 0.055000000000000007 267.53095850000005 279.18472445000003 0.00061927345138888899 0.62403869981606463 6.0450000000000008 1.5000000000000002 9.1950000000000021 -0.12940952255126037 266.61424825000006 0.035150000000000008 277.18253760000005 0.18590000000000004 273.55372095000007 36.437500000000007 7.0500000000000007 5.9500000000000002 1.0000000180025095e-35 0.8500000000000002 53.20000000000001 0.0030514102222222229 264.78596525000006 26.571428571428577
decision_type=2 2 2 2 2 2 2 2 2 2 2 2 2 2 2 2 2 2 2 2 2 2 2 2 2 2 2 2 2 2
left_child=1 2 -1 -4 7 6 -6 8 15 18 -11 12 -12 14 -9 16 -2 -17 -10 26 -21 -22 23 -7 -19 -24 27 -15 -29 -30
right_child=4 -3 3 -5 5 22 -8 13 9 10 11 -13 -14 19 -16 17 -18 24 -20 20 21 -23 25 -25 -26 -27 -28 28 29 -31
leaf_value=0 0 0 0.00050553526417913841 0 0.00027901587189377384 0 0 0.0001210369714816032 -2.7193297874459743e-05 0 -0.0001854635477962766 0 0 -4.869543373220161e-07 0 0 0.00012765131932819467 -0.00010114482119180529 7.0377836450890479e-05 0 0 0.00011256347070902269 -1.3731769472323056e-05 0.00010782175408075999 -1.1408663120479719e-05 0 -6.3152669908458795e-06 0 0.00010926897973968153 0
leaf_weight=437 390 3237 70 102 94 145 148 80 155 115 150 52 86 5528 72 465 73 104 52 167 67 93 1004 79 405 930 3803 152 79 68
leaf_count=437 390 3237 70 102 94 145 148 80 155 115 150 52 86 5528 72 465 73 104 52 167 67 93 1004 79 405 930 3803 152 79 68
internal_value=7.15028e-07 8.88149e-06 5.43625e-05 0.000207002 -1.09971e-06 9.07021e-06 0.000101837 -3.51945e-06 -2.29308e-05 -5.87635e-05 -8.76048e-05 -0.000115944 -0.000138185 0 6.26608e-05 -4.21263e-06 1.78871e-05 -1.98537e-05 0 -5.4337e-07 3.05682e-05 7.26885e-05 0 3.50213e-05 -3.971e-05 -5.60658e-06 -2.12203e-06 0 2.0928e-05 5.8229e-05
internal_weight=18402 3846 609 172 14556 2400 242 12156 2047 610 403 288 236 10109 152 1437 463 974 207 9957 327 160 2158 224 509 1934 9630 5827 299 147
internal_count=18402 3846 609 172 14556 2400 242 12156 2047 610 403 288 236 10109 152 1437 463 974 207 9957 327 160 2158 224 509 1934 9630 5827 299 147
is_linear=0
shrinkage=0.05


Tree=95
num_leaves=31
num_cat=0
split_feature=112 66 73 114 32 110 11 23 113 113 112 92 73 42 111 32 83 83 24 0 38 77 41 19 99 74 21 72 21 11
split_gain=0.000143278 0.000265672 0.00174955 0.00358523 0.000395714 0.000374903 0.000530945 0.000403789 0.000794639 0.000399621 0.000261568 0.0027999 0.00022672 0.000182939 0.000134809 0.000144335 9.88915e-05 0.000144413 0.000222087 8.52708e-05 0.0001446 0.000236877 7.36898e-05 6.65849e-05 0.000210612 0.000441458 5.61935e-05 5.97942e-05 5.06823e-05 5.17758e-05
threshold=0.88500000000000012 276.64098385000005 20.650000000000006 24.465000000000003 35.500000000000007 4.2550000000000017 -0.00069857142857142882 4.2500000000000009 1.0000000180025095e-35 1.0000000180025095e-35 0.71500000000000008 0.65000000000000002 24.550000000000008 441.50000000000006 33.70000000000001 76.500000000000014 2.0500000000000012 2.1500000000000008 0.58758234194130532 0.16960000000000003 33.500000000000007 36.937500000000007 1018.6500000000002 7.0500000000000007 279.41885340000005 268.87498295000006 -1.3400000000000001 19.850000000000005 -3.5657142857142858 -0.0036014285714285692
decision_type=2 2 2 2 2 2 2 2 2 2 2 2 2 2 2 2 2 2 2 2 2 2 2 2 2 2 2 2 2 2
left_child=1 10 5 -4 -5 6 13 8 -7 -9 12 -12 19 -3 15 -14 -2 18 -18 23 21 -21 -6 24 25 -1 27 -11 -29 -30
right_child=16 2 3 4 22 7 -8 9 -10 26 11 -13 14 -15 -16 -17 17 -19 -20 20 -22 -23 -24 -25 -26 -27 -28 28 29 -31
leaf_value=0 -1.3149189571150545e-05 -0.00020196458793179776 0.00042648315727718288 0.00014084630727164292 -4.9153586420481695e-05 0.00023988790199466707 0 -0.0001157698752789133 0 0 0 0.00038281601779614836 -8.8688703895307061e-05 0 0 0 0.00010166307171640706 -2.3685447507676585e-06 0 0 0 0.00013717123982043305 1.1416396445670934e-05 -2.7814308355331373e-06 -5.348127983454883e-06 0.00018495601355942771 -2.9213867222254332e-06 0 0 3.487544005838278e-05
leaf_weight=167 2560 63 76 57 65 53 162 72 190 99 664 51 164 54 81 62 86 3042 69 109 224 60 189 8774 111 50 424 119 128 462
leaf_count=167 2560 63 76 57 65 53 162 72 190 99 664 51 164 54 81 62 86 3042 69 109 224 60 189 8774 111 50 424 119 128 462
internal_value=3.97598e-07 3.60602e-06 1.93588e-05 0.000115807 2.27374e-05 0 -5.43083e-05 8.48415e-06 6.77779e-05 0 0 2.94442e-05 -1.83967e-06 -0.000135083 -4.41359e-05 -6.42476e-05 -5.82796e-06 0 4.69562e-05 0 2.21943e-05 5.71675e-05 0 -1.44842e-06 1.89121e-05 5.42252e-05 4.09315e-06 1.39536e-05 2.07941e-05 2.70897e-05
internal_weight=18487 12730 2213 387 311 1826 279 1547 243 1304 10517 715 9802 117 307 226 5757 3197 155 9495 393 169 254 9102 328 217 1232 808 709 590
internal_count=18487 12730 2213 387 311 1826 279 1547 243 1304 10517 715 9802 117 307 226 5757 3197 155 9495 393 169 254 9102 328 217 1232 808 709 590
is_linear=0
shrinkage=0.05


Tree=96
num_leaves=31
num_cat=0
split_feature=112 112 58 66 66 73 109 109 104 52 98 109 62 34 113 1 7 11 78 34 14 74 95 73 88 108 0 104 62 19
split_gain=0.00013003 0.000239384 0.00126237 0.00214835 0.000251046 0.00140051 0.00398826 0.000714772 0.000299357 0.000293315 0.000507949 0.000262017 0.000241264 0.000176098 0.000266116 0.000130025 0.000128799 0.000286026 0.000106813 9.34229e-05 9.51821e-05 0.000234425 0.000557196 8.90736e-05 0.000130859 0.000153788 8.50397e-05 0.000177932 8.20652e-05 6.50018e-05
threshold=0.88500000000000012 0.71500000000000008 3.6500000000000008 268.89850310000003 276.64098385000005 20.650000000000006 87.745000000000019 87.575000000000003 26.500000000000004 4.0500000000000007 9.9500000000000011 88.64500000000001 37.150000000000013 0.37050000000000005 1.0000000180025095e-35 8.6800000000000016e-06 0.014115316000000001 -0.0012257142857142848 -1.0000000180025095e-35 0.36050000000000004 3.5000000000000004 272.72264705000003 284.02143540000003 15.250000000000005 1.0000000180025095e-35 4.5000000000000009 0.16960000000000003 10.500000000000002 43.750000000000007 7.0500000000000007
decision_type=2 2 2 2 2 2 2 2 2 2 2 2 2 2 2 2 2 2 2 2 2 2 2 2 2 2 2 2 2 2
left_child=1 4 -3 -4 11 7 8 9 -7 10 -6 26 13 14 -11 -10 -14 -18 -19 -2 -21 23 -23 -22 25 -25 29 -28 -20 -1
right_child=19 2 3 -5 5 6 -8 -9 15 12 -12 -13 16 -15 -16 -17 17 18 28 20 21 22 -24 24 -26 -27 27 -29 -30 -31
leaf_value=1.7596914842193369e-05 -1.2582745585307533e-05 0 0.00042609374733573019 0 0.0001985102222310021 0.00012138041505235344 0.00048397711772122423 -0.0001732529366864614 -3.9328084603048891e-05 -0.00012965473743851587 0 -0.0001155162606400885 0 0 -3.1297519207563299e-06 3.5596636154788396e-05 0 0 0.00016193331164079914 -1.9861742648760117e-05 -3.3423410433496858e-06 0.00018666528465912744 0 0 0 9.7352210487808104e-05 0.00010724432777216727 0 0 -3.3394738960471964e-06
leaf_weight=328 2594 741 50 52 51 52 59 57 151 92 114 50 573 122 262 70 301 69 62 496 2189 57 97 77 152 95 53 340 50 9031
leaf_count=328 2594 741 50 52 51 52 59 57 151 92 114 50 573 122 262 70 301 69 62 496 2189 57 97 77 152 95 53 340 50 9031
internal_value=3.67127e-07 3.4356e-06 2.94607e-05 0.000194299 1.16704e-06 1.71643e-05 0.000111175 0 1.08856e-05 5.20458e-06 6.85151e-05 -1.72713e-06 0 -3.10678e-05 -5.03691e-05 0 1.16269e-05 3.10197e-05 8.0514e-05 -5.54901e-06 0 3.96264e-06 6.36501e-05 0 2.46962e-05 5.51071e-05 -6.19265e-07 2.11499e-05 0.000113155 -2.06974e-06
internal_weight=18487 12730 843 102 11887 2085 332 1753 273 1696 165 9802 1531 476 354 221 1055 482 181 5757 3163 2667 154 2513 324 172 9752 393 112 9359
internal_count=18487 12730 843 102 11887 2085 332 1753 273 1696 165 9802 1531 476 354 221 1055 482 181 5757 3163 2667 154 2513 324 172 9752 393 112 9359
is_linear=0
shrinkage=0.05


Tree=97
num_leaves=31
num_cat=0
split_feature=112 66 73 114 65 107 34 73 112 92 23 91 62 113 66 65 83 33 50 64 0 91 38 34 107 37 64 108 34 73
split_gain=0.000119991 0.000219815 0.00148986 0.00297111 0.00046039 0.000337066 0.000525274 0.000231674 0.000226104 0.00250649 0.000225822 0.000597238 0.000225397 0.000131199 0.000102909 0.000109087 8.77543e-05 0.000121999 0.000236639 7.49102e-05 7.1106e-05 0.000137593 0.000228816 0.000188415 6.41291e-05 7.03155e-05 6.04476e-05 6.46698e-05 5.80548e-05 9.0898e-05
threshold=0.88500000000000012 276.64098385000005 20.650000000000006 24.465000000000003 1.0000000180025095e-35 23.957431459553316 0.34750000000000003 24.550000000000008 0.71500000000000008 0.55000000000000016 4.2500000000000009 283.5728122000001 35.350000000000001 1.0000000180025095e-35 273.73412245000003 25.850000000000005 2.0500000000000012 0.44500000000000006 969.25000000000011 10.950000000000001 0.16960000000000003 273.02626440000006 65.500000000000014 0.28350000000000003 36.483127832155724 4.5000000000000009 21.950000000000003 13.500000000000002 0.33350000000000007 9.5500000000000025
decision_type=2 2 2 2 2 2 2 2 2 2 2 2 2 2 2 2 2 2 2 2 2 2 2 2 2 2 2 2 2 2
left_child=1 7 5 -4 -5 6 -3 8 20 -10 11 -7 13 -12 15 -9 19 -18 -19 -2 -1 -22 23 -23 -21 26 27 -26 29 -14
right_child=16 2 3 4 -6 10 -8 14 9 -11 12 -13 28 -15 -16 -17 17 18 -20 24 21 22 -24 -25 25 -27 -28 -29 -30 -31
leaf_value=-1.2104911311615002e-06 3.8912277220874872e-06 -0.00020395638222729689 0.00039003653915613122 0.00014145406253646798 0 0 0 -7.6213812510828309e-05 0 0.00035642945474036327 -0.00011173990864390091 0.00014463472967572673 0 -1.9557524889994654e-06 0 0 -2.3167131325338052e-06 0.00010362482825080294 0 0 0 0 0 0.00015818973158099155 -3.549023321402621e-05 0 0 0 0 3.2896368556999174e-05
leaf_weight=9102 160 50 76 63 248 181 71 185 625 53 66 99 170 265 80 79 2993 81 123 186 215 51 66 61 963 495 583 173 531 393
leaf_count=9102 160 50 76 63 248 181 71 185 625 53 66 99 170 265 80 79 2993 81 123 186 215 51 66 61 963 495 583 173 531 393
internal_value=3.78305e-07 3.33433e-06 1.76675e-05 0.000106681 2.03823e-05 0 -8.13978e-05 0 1.68208e-06 2.95785e-05 4.48665e-06 4.61633e-05 -2.22775e-07 -3.91771e-05 -3.99419e-05 -5.5207e-05 -5.2892e-06 0 3.7542e-05 -1.21886e-05 0 2.04286e-05 5.32942e-05 9.77829e-05 -1.53443e-05 -1.80997e-05 -2.28928e-05 -3.04256e-05 7.02203e-06 1.87901e-05
internal_weight=18487 12730 2213 387 311 1826 121 10517 10173 678 1705 280 1425 331 344 264 5757 3197 204 2560 9495 393 178 112 2400 2214 1719 1136 1094 563
internal_count=18487 12730 2213 387 311 1826 121 10517 10173 678 1705 280 1425 331 344 264 5757 3197 204 2560 9495 393 178 112 2400 2214 1719 1136 1094 563
is_linear=0
shrinkage=0.05


Tree=98
num_leaves=31
num_cat=0
split_feature=73 73 105 105 35 63 102 109 72 80 92 50 7 70 102 57 107 14 90 32 66 20 64 15 59 99 97 50 6 75
split_gain=0.000106086 0.000702955 0.00341519 0.000412741 0.000358349 0.000502761 0.000646033 0.000182262 0.000587209 0.000160089 0.00150507 0.000421479 0.000140452 0.000325204 0.000405793 0.000728169 0.000131395 0.000170571 0.000123435 8.66717e-05 0.000111488 0.000100724 7.59367e-05 7.53014e-05 9.80177e-05 8.11294e-05 6.79523e-05 6.13763e-05 8.97859e-05 0.000106231
threshold=24.150000000000006 20.050000000000008 8.6325845804055827 8.7663911666371632 622.50000000000011 24.662000000000003 0.91597561503675362 87.815000000000012 14.050000000000002 4.5999999999999668 0.55000000000000016 21.050000000000004 0.024801701000000006 40.250000000000007 0.78656609248549325 9.3500000000000032 46.610964843084439 30.000000000000004 7.1500000000000012 35.500000000000007 276.55542930000007 30.650000000000002 18.050000000000004 26.263194444444448 275.89372605000005 275.58143480000007 28.150000000000002 1840.45 0.00051929306944444454 5.5000000000000009
decision_type=2 2 2 2 2 2 2 2 2 2 2 2 2 2 2 2 2 2 2 2 2 2 2 2 2 2 2 2 2 2
left_child=1 7 -3 -2 5 22 -7 9 -9 16 11 -11 13 -13 23 -16 17 27 -14 20 -5 -21 -4 24 25 -15 -27 28 -1 -30
right_child=3 2 4 19 -6 6 -8 8 -10 10 -12 12 18 14 15 -17 -18 -19 -20 21 -22 -23 -24 -25 -26 26 -28 -29 29 -31
leaf_value=0 -0.00013393738262259701 0.00042180155816471635 2.0635050148815603e-05 0 -2.6623355887990504e-07 0.0001989085617071396 0 0 -0.00019267972284323011 0.00012961984361688586 0.00027116709206421986 0 -4.1525563500615953e-05 0 0.0002598201934545484 0 -2.4921918896725987e-07 0 0 0 7.916615092037847e-05 -2.6357216462526758e-05 -5.1460735730533651e-05 -3.8427085345439683e-06 0 0 9.0454004850937629e-05 0 0 -6.5796242866167503e-05
leaf_weight=409 69 56 109 55 631 99 55 98 51 65 53 3183 302 57 55 126 9042 920 735 399 61 518 53 208 99 55 98 222 251 353
leaf_count=409 69 56 109 55 631 99 55 98 51 65 53 3183 302 57 55 126 9042 920 735 399 61 518 53 208 99 55 98 222 251 353
internal_value=3.26816e-07 1.54284e-06 4.22467e-05 -1.4308e-05 1.41066e-05 5.84898e-05 0.000122905 -6.46512e-07 -5.5528e-05 0 7.26074e-06 3.39674e-06 6.85997e-07 5.9956e-06 3.69153e-05 0.000103773 -3.46803e-06 -1.46481e-05 -1.4355e-05 -1.35987e-06 3.06415e-05 -1.08836e-05 0 3.70089e-06 2.49038e-05 4.55252e-05 6.44724e-05 -2.68195e-05 -3.20637e-05 -4.57615e-05
internal_weight=18487 17385 1003 1102 947 316 154 16382 149 16233 5036 4983 4918 3881 698 181 11197 2155 1037 1033 116 917 162 517 309 210 153 1235 1013 604
internal_count=18487 17385 1003 1102 947 316 154 16382 149 16233 5036 4983 4918 3881 698 181 11197 2155 1037 1033 116 917 162 517 309 210 153 1235 1013 604
is_linear=0
shrinkage=0.05


Tree=99
num_leaves=31
num_cat=0
split_feature=112 112 92 75 109 109 84 8 94 71 70 72 107 70 70 74 8 48 94 34 14 74 95 80 20 52 6 97 84 20
split_gain=0.000107739 0.0002 0.00217655 0.000202453 0.00183526 0.000483735 0.00149495 0.000234636 0.000223336 0.00013714 9.30607e-05 0.000199349 7.9616e-05 8.65503e-05 0.000202116 0.000384797 0.000396855 0.000162865 0.000377214 7.80801e-05 8.80253e-05 0.000153364 0.000417165 7.75715e-05 9.33524e-05 9.14674e-05 7.48605e-05 0.000125022 7.08148e-05 0.000104152
threshold=0.88500000000000012 0.71500000000000008 0.65000000000000002 16.500000000000004 87.745000000000019 88.200000000000003 24.500000000000004 0.001113541666666667 12.250000000000002 26.350000000000005 48.350000000000001 30.700000000000006 51.02667285239221 38.95000000000001 44.250000000000007 266.33361280000003 0.00023854166666666669 7.378400000000001 12.250000000000002 0.36050000000000004 1.5000000000000002 272.72264705000003 284.02143540000003 4.900000000000035 33.20000000000001 7.0500000000000007 0.0016980622152777782 25.050000000000004 15.500000000000002 45.500000000000007
decision_type=2 2 2 2 2 2 2 2 2 2 2 2 2 2 2 2 2 2 2 2 2 2 2 2 2 2 2 2 2 2
left_child=1 3 -3 5 7 10 -7 -5 9 -9 11 12 23 -14 15 -15 -17 18 -18 -2 -21 -22 -23 24 -1 -25 27 -10 29 -26
right_child=19 2 -4 4 -6 6 -8 8 26 -11 -12 -13 13 14 -16 16 17 -19 -20 20 21 22 -24 25 28 -27 -28 -29 -30 -31
leaf_value=0 -1.1524635056766634e-05 0 0.00034113122525013755 -4.9949308056949216e-07 0.00028516619668779208 -0.00030437654842292738 0 0 0 0.00013420548393504065 -3.2398866300435559e-05 7.2981912186952937e-05 -2.4277187636129902e-07 0 -6.1428678636620453e-06 0 0.00021520195859837303 0 0 -2.3163170182600774e-05 0 0.00014844169382203373 0 5.5968253560696545e-05 -0.00011201743264246033 0 0 6.379966483540269e-05 -9.0910906226554283e-06 0
leaf_weight=917 2594 792 51 2501 60 53 62 53 128 84 224 92 4773 421 372 85 86 97 80 357 2637 65 104 72 79 500 391 132 549 76
leaf_count=917 2594 792 51 2501 60 53 62 53 128 84 224 92 4773 421 372 85 86 97 80 357 2637 65 104 72 79 500 391 132 549 76
internal_value=2.6757e-07 3.08559e-06 2.68818e-05 9.75305e-07 1.169e-05 -2.64283e-06 -0.000104446 5.09617e-06 2.91713e-05 9.27867e-05 -6.47118e-07 0 -6.10372e-07 1.72002e-06 1.4302e-05 3.06808e-05 6.95215e-05 0.000100735 0.00013594 -5.0948e-06 0 3.15746e-06 4.91932e-05 -9.17175e-06 -1.52757e-05 0 7.9932e-06 2.96084e-05 -2.94602e-05 -6.90342e-05
internal_weight=18487 12730 843 11887 3349 8538 115 3289 788 137 8423 8199 8107 5914 1141 769 348 263 166 5757 3163 2806 169 2193 1621 572 651 260 704 155
internal_count=18487 12730 843 11887 3349 8538 115 3289 788 137 8423 8199 8107 5914 1141 769 348 263 166 5757 3163 2806 169 2193 1621 572 651 260 704 155
is_linear=0
shrinkage=0.05


Tree=100
num_leaves=31
num_cat=0
split_feature=95 81 109 109 33 77 73 73 109 105 77 34 34 19 113 65 105 24 114 72 27 104 34 6 6 23 107 83 59 64
split_gain=0.000107052 0.00143208 0.00250558 0.000351887 0.0002794 9.69377e-05 0.000200507 8.30416e-05 0.000163376 0.000110653 0.000842156 0.000106471 0.000104404 9.73068e-05 7.5889e-05 6.55955e-05 6.21007e-05 7.7105e-05 5.77251e-05 0.000123697 0.000226043 8.75911e-05 0.000137797 0.000124771 0.000125008 0.000137872 9.14713e-05 9.44177e-05 7.2041e-05 6.98583e-05
threshold=288.38729640000003 -4.0885855500000039 80.210000000000022 82.945000000000007 0.81500000000000006 32.562500000000007 18.850000000000009 24.150000000000006 84.635000000000005 8.3421844997515411 42.787500000000009 0.32550000000000007 0.34750000000000003 8.3500000000000032 18.300000000000004 16.850000000000005 9.5017903776270458 0.78176550240842246 33.720000000000006 29.750000000000004 271.18974410000004 32.500000000000007 0.39450000000000007 0.001133737090277778 0.00030538856944444453 3.9500000000000006 423.61323398557823 2.4500000000000011 277.56582760000009 25.850000000000005
decision_type=2 2 2 2 2 2 2 2 2 2 2 2 2 2 2 2 2 2 2 2 2 2 2 2 2 2 2 2 2 2
left_child=7 2 -2 5 -5 6 -3 9 11 10 -1 15 13 -13 18 -9 17 -7 21 -20 -21 22 23 24 -11 -26 27 29 -24 -25
right_child=1 3 -4 4 -6 16 -8 8 -10 14 -12 12 -14 -15 -16 -17 -18 -19 19 20 -22 -23 28 26 25 -27 -28 -29 -30 -31
leaf_value=0 0 0.00012654128140674598 0.0004354654521162991 0 -0.0001435441871267171 -4.2528929990520991e-05 0 -6.5120625301330747e-05 -0.0001087720053513873 -2.6791165966273217e-05 0.00018567634853431682 0 0 9.5227372860985537e-05 4.6704559485924229e-05 0 8.1828559546179522e-06 0 0 0.00013114538719973472 0 -1.4616572125756579e-06 4.4060174665901285e-05 -6.3107114724052108e-05 7.2025148558326613e-05 0 0 0 0 0
leaf_weight=311 59 50 52 74 72 137 73 104 54 435 67 56 316 55 70 255 1484 434 5920 50 64 6531 109 420 68 554 71 86 62 154
leaf_count=311 59 50 52 74 72 137 73 104 54 435 67 56 316 55 70 255 1484 434 5920 50 64 6531 109 420 68 554 71 86 62 154
internal_value=-2.172e-07 9.20104e-06 0.000183868 0 -7.40317e-05 5.82981e-06 5.04319e-05 -1.98427e-06 -1.76144e-05 -7.7229e-07 2.51097e-05 -4.86816e-06 2.87775e-06 4.86014e-05 -1.78692e-06 -2.79526e-05 7.05054e-07 -9.96844e-06 -2.36806e-06 6.81736e-07 5.20908e-05 -5.12429e-06 -1.4777e-05 -2.03248e-05 -3.59743e-06 4.61455e-06 -3.76435e-05 -4.3763e-05 1.39435e-05 -5.11093e-05
internal_weight=18247 2435 111 2324 146 2178 123 15812 840 14972 378 786 427 111 14594 359 2055 571 14524 6034 114 8490 1959 1788 1057 622 731 660 171 574
internal_count=18247 2435 111 2324 146 2178 123 15812 840 14972 378 786 427 111 14594 359 2055 571 14524 6034 114 8490 1959 1788 1057 622 731 660 171 574
is_linear=0
shrinkage=0.05


Tree=101
num_leaves=31
num_cat=0
split_feature=95 81 105 109 35 27 8 105 73 109 34 105 100 34 112 112 50 99 74 10 41 76 34 64 41 10 83 20 99 66
split_gain=9.63044e-05 0.00127905 0.00235139 0.000319134 0.000196494 8.4641e-05 0.000121901 0.000307803 7.92205e-05 0.000143307 9.87832e-05 9.70759e-05 0.000799716 9.5006e-05 0.000145476 8.45944e-05 6.24938e-05 6.03624e-05 0.000109598 0.000232808 0.000237945 0.000300181 0.000333599 0.000379373 0.000144779 0.000110016 0.000106088 0.000121753 5.81985e-05 7.67085e-05
threshold=288.38729640000003 -4.0885855500000039 9.3643053193519865 82.945000000000007 622.50000000000011 267.30740855000005 0.00093958333333333339 9.4407235578988118 24.150000000000006 84.635000000000005 0.32550000000000007 8.3421844997515411 1.0000000180025095e-35 0.34750000000000003 1.0650000000000002 0.055000000000000007 1269.9500000000003 286.80096170000007 271.23777615000006 0.011500000000000002 1021.5500000000001 1.0000000180025095e-35 0.34850000000000003 14.050000000000002 1024.6500000000003 0.0028500000000000005 2.5500000000000012 48.550000000000004 286.63208640000011 274.42903385000005
decision_type=2 2 2 2 2 2 2 2 2 2 2 2 2 2 2 2 2 2 2 2 2 2 2 2 2 2 2 2 2 2
left_child=8 2 -2 5 -5 6 -3 -8 11 10 -10 12 -1 14 -12 16 28 18 -17 24 21 -21 -23 -24 25 -20 27 -19 29 -13
right_child=1 3 -4 4 -6 -7 7 -9 9 -11 13 15 -14 -15 -16 17 -18 26 19 20 -22 22 23 -25 -26 -27 -28 -29 -30 -31
leaf_value=0 0.00042610898100618077 0 0 0 -0.00011224968110666654 0 0 9.4649270654522823e-05 -2.7011927279343377e-05 -0.00010343228939613751 0.00010474236926000397 0 0.00019681826901975447 0 0 -8.1195781976668489e-07 0 -3.8188225983522179e-05 0 0 0 0 0.00025895952800795893 1.4281063526910072e-05 5.3591695085515312e-05 -4.8049716820914082e-05 0 0 0 -7.2375311670122095e-05
leaf_weight=322 50 469 61 50 96 1489 70 150 359 54 54 90 56 316 57 11042 430 494 293 111 310 115 58 96 63 196 987 117 51 141
leaf_count=322 50 469 61 50 96 1489 70 150 359 54 54 90 56 316 57 11042 430 494 293 111 310 115 58 96 63 196 987 117 51 141
internal_value=-2.22149e-07 8.68887e-06 0.000173759 0 -7.05163e-05 5.53968e-06 2.00894e-05 5.13714e-05 -1.91108e-06 -1.71739e-05 -4.77064e-06 -7.19735e-07 2.34685e-05 2.2659e-06 4.62633e-05 -1.69038e-06 -1.87371e-05 -4.54626e-07 3.49413e-07 1.46895e-05 3.50435e-05 6.15513e-05 9.01418e-05 0.000139767 -1.72889e-06 -1.9155e-05 -9.75867e-06 -2.61186e-05 -3.79024e-05 -4.87804e-05
internal_weight=18247 2435 111 2324 146 2178 689 220 15812 840 786 14972 378 427 111 14594 712 13882 12284 1242 690 380 269 154 552 489 1598 611 282 231
internal_count=18247 2435 111 2324 146 2178 689 220 15812 840 786 14972 378 427 111 14594 712 13882 12284 1242 690 380 269 154 552 489 1598 611 282 231
is_linear=0
shrinkage=0.05


Tree=102
num_leaves=31
num_cat=0
split_feature=75 109 109 97 71 113 77 52 107 80 74 105 113 74 77 73 52 99 74 113 84 20 23 72 62 114 74 111 83 83
split_gain=8.7965e-05 0.00134102 0.000258197 0.000553453 0.000109826 0.000591788 0.000204653 0.000302609 0.000111012 7.22651e-05 0.000333317 7.61445e-05 6.4416e-05 7.08294e-05 8.92804e-05 5.60469e-05 6.3279e-05 4.48903e-05 0.000120881 0.000808347 0.000172672 0.000920522 0.00011457 0.000166019 9.75375e-05 8.64232e-05 7.47287e-05 0.000134117 7.34029e-05 6.03449e-05
threshold=16.500000000000004 87.745000000000019 88.200000000000003 11.050000000000002 28.045918367346943 0.015000000000000001 47.525000000000006 7.9500000000000011 34.954889260841185 7.8000000000000123 271.47531805000006 8.8843272925997816 2.4050000000000007 267.55854900000003 36.112500000000004 13.350000000000003 16.750000000000004 286.80096170000007 272.44144150000005 1.0000000180025095e-35 10.500000000000002 30.950000000000003 5.6500000000000012 19.350000000000005 40.850000000000001 36.905000000000008 268.9688390500001 32.940000000000005 0.55000000000000016 0.55000000000000016
decision_type=2 2 2 2 2 2 2 2 2 2 2 2 2 2 2 2 2 2 2 2 2 2 2 2 2 2 2 2 2 2
left_child=2 4 9 -4 5 -2 -7 -8 15 11 -11 12 13 -1 -15 -6 -17 18 22 -20 25 -22 23 -13 -25 -21 -24 29 -19 -28
right_child=1 -3 3 -5 8 6 7 -9 -10 10 -12 17 -14 14 -16 16 -18 28 19 20 21 -23 26 24 -26 -27 27 -29 -30 -31
leaf_value=-2.3788268903833776e-06 0.00014837392910451924 0.00024094393317561 0 -0.00020206660343426524 0 -8.6672730114480551e-08 0.00014124322904180531 0 0 0 0.00012581857136023035 0 0 0 -7.1635241874162139e-05 -6.4898531870343952e-05 0 -2.8377231975211765e-05 0.00019138754648064072 -2.9102333844694677e-05 0.00022614609131358941 0 -7.30590050100068e-07 -6.4912738244695333e-05 0 0 5.9177949200631167e-05 0 0 0
leaf_weight=654 77 59 54 50 63 1443 63 86 2520 307 60 726 437 155 159 144 55 373 62 341 51 317 7718 227 68 238 190 365 1061 124
leaf_count=654 77 59 54 50 63 1443 63 86 2520 307 60 726 437 155 159 144 55 373 62 341 51 317 7718 227 68 238 190 365 1061 124
internal_value=-2.17863e-07 5.51711e-06 -2.46493e-06 -8.15764e-05 1.21991e-06 1.21449e-05 2.32817e-06 5.88928e-05 -3.53967e-06 -1.48876e-06 1.89648e-05 -2.43286e-06 -1.36885e-05 -2.09301e-05 -4.35655e-05 -3.44649e-05 -4.75666e-05 -6.77014e-07 0 1.68503e-05 0 3.11514e-05 -1.27991e-06 -1.71851e-05 -4.92124e-05 -1.12646e-05 6.04529e-08 1.63928e-05 -9.0551e-06 4.05527e-05
internal_weight=18247 4510 13737 104 4451 1669 1592 149 2782 13633 367 13266 1405 968 314 262 199 11861 10427 1009 947 368 9418 1021 295 579 8397 679 1434 314
internal_count=18247 4510 13737 104 4451 1669 1592 149 2782 13633 367 13266 1405 968 314 262 199 11861 10427 1009 947 368 9418 1021 295 579 8397 679 1434 314
is_linear=0
shrinkage=0.05


Tree=103
num_leaves=31
num_cat=0
split_feature=95 81 109 109 105 108 112 74 111 73 109 105 66 34 34 112 112 113 65 50 99 66 112 73 104 82 0 74 112 81
split_gain=7.98629e-05 0.000995865 0.00282222 0.000605891 9.05674e-05 0.000171069 0.000201474 0.000273373 9.62087e-05 7.12858e-05 0.000142572 8.71369e-05 0.000698045 8.6635e-05 8.62849e-05 0.000134513 7.47236e-05 6.08003e-05 5.69896e-05 5.30006e-05 5.31519e-05 6.91739e-05 4.76876e-05 6.10428e-05 0.000300454 0.00035312 6.27865e-05 0.000215547 0.000228073 0.00010484
threshold=288.13052690000001 -3.2712791000000148 82.945000000000007 86.075000000000017 9.4407235578988118 2.5000000000000004 0.77000000000000013 269.74405015000008 14.185 24.150000000000006 84.635000000000005 8.3421844997515411 271.92391890000005 0.32550000000000007 0.34750000000000003 1.0650000000000002 0.055000000000000007 18.300000000000004 16.850000000000005 1269.9500000000003 286.63208640000011 274.42903385000005 1.6650000000000003 19.950000000000006 37.500000000000007 0.59999999999999987 0.071450000000000014 271.08087380000006 0.46000000000000002 -5.6920555499999912
decision_type=2 2 2 2 2 2 2 2 2 2 2 2 2 2 2 2 2 2 2 2 2 2 2 2 2 2 2 2 2 2
left_child=9 2 -2 4 8 6 7 -6 -3 11 13 12 -1 18 15 -15 19 22 -11 20 21 -13 23 26 25 -25 -18 -28 -29 -30
right_child=1 3 -4 -5 5 -7 -8 -9 -10 10 -12 16 -14 14 -16 -17 17 -19 -20 -21 -22 -23 -24 24 -26 -27 27 28 29 -31
leaf_value=0 0 -4.265000771092785e-05 0.00043598534535989282 -0.00013579016260786218 0 0 0 0.0001243175524044083 0 -6.0158073253000578e-05 -0.00010251735640159259 0 0.00016158591142959416 0.00010129208585432799 0 0 -2.737247543547207e-06 4.4453892978580508e-05 0 0 0 -6.9412624475229223e-05 -9.5527354102348225e-06 0 0 0.00013985545358781776 0 0 0 0.0001334798948482785
leaf_weight=305 158 161 50 80 54 1348 89 116 454 101 53 90 73 53 311 55 9843 70 255 430 51 136 1460 97 349 90 1662 117 55 81
leaf_count=305 158 161 50 80 54 1348 89 116 454 101 53 90 73 53 311 55 9843 70 255 430 51 136 1460 97 349 90 1662 117 55 81
internal_value=-2.26985e-07 7.70406e-06 0.000112363 0 3.08597e-06 1.09677e-05 4.88758e-05 8.1103e-05 -9.37667e-06 -1.81007e-06 -1.64095e-05 -6.62873e-07 2.22143e-05 -3.95302e-06 2.2094e-06 4.4697e-05 -1.60354e-06 -4.17525e-07 -2.51975e-05 -1.76983e-05 -3.56979e-05 -4.63252e-05 -1.01261e-06 0 1.64878e-05 6.9079e-05 -7.50568e-07 6.84736e-06 4.97514e-05 9.35467e-05
internal_weight=18247 2510 208 2302 2222 1607 259 170 615 15737 828 14909 378 775 419 108 14531 13824 356 707 277 226 13754 12294 536 187 11758 1915 253 136
internal_count=18247 2510 208 2302 2222 1607 259 170 615 15737 828 14909 378 775 419 108 14531 13824 356 707 277 226 13754 12294 536 187 11758 1915 253 136
is_linear=0
shrinkage=0.05


Tree=104
num_leaves=31
num_cat=0
split_feature=75 73 11 107 84 34 0 21 21 110 41 41 114 104 100 72 111 66 110 41 66 41 111 75 67 57 110 91 114 107
split_gain=7.71241e-05 0.000983316 0.00325768 0.00022011 0.000705902 0.000598059 9.87271e-05 0.0001997 0.000218704 6.91124e-05 9.48429e-05 9.0608e-05 5.06149e-05 0.000146989 0.000108327 0.000578526 0.000281777 7.65459e-05 0.000169997 0.000183468 7.58493e-05 0.000153836 7.45634e-05 8.95463e-05 0.000101165 0.000176313 0.000182937 6.5848e-05 5.58495e-05 5.02184e-05
threshold=16.500000000000004 21.150000000000006 -0.0020657142857142875 23.957431459553316 23.500000000000004 0.34150000000000008 0.052550000000000006 -1.5699999999999987 -1.2928571428571429 3.7600000000000002 1017.2500000000001 1022.85 22.150000000000002 22.500000000000004 1.0000000180025095e-35 30.700000000000006 0.63000000000000012 276.98057740000007 5.5950000000000015 1019.4500000000002 276.37884665000007 1019.6500000000002 15.710000000000003 9.5000000000000018 7.5000000000000009 8.6500000000000004 12.925000000000002 282.16859210000007 29.910000000000004 91.929801993785844
decision_type=2 2 2 2 2 2 2 2 2 2 2 2 2 2 2 2 2 2 2 2 2 2 2 2 2 2 2 2 2 2
left_child=3 6 -3 4 5 -1 9 -8 -9 10 -2 -12 13 29 17 16 -16 20 19 -19 -14 -22 27 -24 25 -25 -27 28 -18 -5
right_child=1 2 -4 12 -6 -7 7 8 -10 -11 11 -13 14 -15 15 -17 22 18 -20 -21 21 -23 23 24 -26 26 -28 -29 -30 -31
leaf_value=-0.0002021450831912501 0 0.00041922252461339018 0 -7.2682197099666008e-05 0 0 -1.3879788271082212e-06 8.4993881996798531e-05 1.6287386216252907e-06 -1.3022285762360843e-06 -8.6780932014534078e-05 0 -9.6110162453542918e-07 0 0.00010853956733626546 0.00016381108731439457 0 -0.00014702033897532707 -5.1438202511100146e-07 0 0 7.5243817862155995e-05 0 0 0 9.7797671159609306e-05 0 0 -3.6572710904613539e-05 0
leaf_weight=94 81 60 196 117 484 71 645 165 435 2765 95 68 8715 1130 61 61 117 50 732 52 69 99 726 135 187 150 59 241 314 73
leaf_count=94 81 60 196 117 484 71 645 165 435 2765 95 68 8715 1130 61 61 117 50 732 52 69 99 726 135 187 150 59 241 314 73
internal_value=-2.27878e-07 5.11667e-06 0.000100124 -2.34675e-06 -3.09353e-05 -0.00011991 0 1.11737e-05 3.29769e-05 -5.50601e-06 -3.25352e-05 -5.50194e-05 -5.4486e-07 -9.93315e-06 8.41211e-08 1.08904e-05 3.61165e-06 -1.68317e-06 -1.61911e-05 -7.90536e-05 0 3.27779e-05 0 7.42314e-06 2.34755e-05 3.97856e-05 6.85523e-05 -1.31902e-05 -2.55363e-05 -5.10524e-05
internal_weight=18247 4510 256 13737 649 165 4254 1245 600 3009 244 163 13088 1320 11768 2051 1990 9717 834 102 8883 168 1929 1257 531 344 209 672 431 190
internal_count=18247 4510 256 13737 649 165 4254 1245 600 3009 244 163 13088 1320 11768 2051 1990 9717 834 102 8883 168 1929 1257 531 344 209 672 431 190
is_linear=0
shrinkage=0.05


Tree=105
num_leaves=31
num_cat=0
split_feature=75 109 109 95 8 107 102 80 27 19 112 107 57 98 20 80 20 74 19 72 69 83 107 73 73 105 40 95 57 114
split_gain=0.000120227 0.00114823 0.000384322 0.000811728 0.000362183 0.000858917 0.000461408 0.000161235 0.00182664 0.000141797 0.000125136 0.000113223 0.000108955 0.000729247 8.78613e-05 0.000109037 0.000120282 0.000139792 6.63177e-05 0.000182045 4.96625e-05 0.000109688 9.38096e-05 0.000189646 8.95038e-05 0.000277977 0.000374612 7.9147e-05 8.59181e-05 8.71288e-05
threshold=16.500000000000004 87.745000000000019 88.200000000000003 270.40812140000008 0.0011052083333333337 40.688861512415954 0.37940952255126054 5.5499999999999554 271.96157370000009 34.600000000000009 0.26500000000000007 46.610964843084439 6.7500000000000009 14.450000000000001 33.20000000000001 4.7500000000000009 45.500000000000007 264.48803370000007 7.0500000000000007 25.250000000000004 35.38750000000001 0.75000000000000011 49.891498158895921 8.0500000000000025 17.550000000000008 10.019690642740223 976.1500000000002 291.71116940000007 20.150000000000002 25.245000000000005
decision_type=2 2 2 2 2 2 2 2 2 2 2 2 2 2 2 2 2 2 2 2 2 2 2 2 2 2 2 2 2 2
left_child=2 4 7 -4 -2 6 -6 11 12 -7 -11 14 13 -9 -1 16 17 -16 19 -13 21 27 23 -23 -22 26 -26 28 29 -20
right_child=1 -3 3 -5 5 9 -8 8 -10 10 -12 18 -14 -15 15 -17 -18 -19 20 -21 24 22 -24 -25 25 -27 -28 -29 -30 -31
leaf_value=-1.8223604406011943e-06 -3.4328704510509569e-06 0.00022432393011170417 0 -0.00023924610893821943 0.00023435975141613823 -3.1595613825629807e-08 0 0 0.00030089253488012964 5.8489722327032133e-05 0 0 0 0.00020321484341633656 -1.5444051878006336e-06 0 0 -8.7535939976077139e-05 -6.223511606962844e-05 7.6752870215583701e-05 0 0 -2.568217073311306e-06 0.00010547425073589872 0.00017124289275784578 0 0 0 0 -1.283570836949321e-05
leaf_weight=1351 3366 60 59 52 75 617 57 101 52 206 110 650 2676 50 239 122 313 206 230 96 1112 118 4566 60 63 312 68 232 57 1010
leaf_count=1351 3366 60 59 52 75 617 57 101 52 206 110 650 2676 50 239 122 313 206 230 96 1112 118 4566 60 63 312 68 232 57 1010
internal_value=6.93127e-08 7.423e-06 -1.96264e-06 -9.46956e-05 3.30784e-06 2.92859e-05 0.000150706 -8.38193e-07 9.17487e-06 6.61124e-06 3.53136e-05 -3.96949e-06 1.93646e-06 4.31484e-05 -1.41797e-05 -2.74522e-05 -3.5127e-05 -5.26695e-05 -7.28291e-07 1.24784e-05 -2.62696e-06 -4.99714e-06 -1.43061e-07 3.38001e-05 3.71827e-06 2.35035e-05 8.43969e-05 -1.67799e-05 -2.20075e-05 -2.60703e-05
internal_weight=18286 4491 13795 111 4431 1065 132 13684 2879 933 316 10805 2827 151 2231 880 758 445 8574 746 7828 6273 4744 178 1555 443 131 1529 1297 1240
internal_count=18286 4491 13795 111 4431 1065 132 13684 2879 933 316 10805 2827 151 2231 880 758 445 8574 746 7828 6273 4744 178 1555 443 131 1529 1297 1240
is_linear=0
shrinkage=0.05


Tree=106
num_leaves=31
num_cat=0
split_feature=103 107 57 9 64 83 9 1 80 109 94 32 42 97 105 103 109 80 99 11 93 4 11 19 70 16 107 16 71 83
split_gain=0.000113929 0.000827601 0.00255646 0.000124328 0.000272288 0.000448235 0.000131031 0.000106674 8.34864e-05 0.000637849 0.000131292 8.24055e-05 8.02408e-05 7.66257e-05 0.000183604 0.00077541 0.000190355 0.000200256 0.000490675 0.000287559 0.000286973 0.000329757 0.000629847 0.000144944 0.00020339 0.000159355 0.000132685 0.00013826 9.52246e-05 0.000148856
threshold=-0.9159756150367534 33.15434016127945 15.050000000000002 6.8400000000000007 16.550000000000004 1.5500000000000005 6.3550000000000013 0.0049793635000000011 -1.9500000000000453 75.13000000000001 12.750000000000002 22.500000000000004 1.0000000180025095e-35 22.550000000000004 8.3844366951598737 0.37940952255126048 13.645000000000001 4.5999999999999668 286.80096170000007 -0.006675714285714284 26.550000000000004 0.039000000000000007 -0.0002757142857142856 7.0500000000000007 38.350000000000001 51.250000000000007 111.69009300119471 58.050000000000004 25.623469387755105 1.5500000000000005
decision_type=2 2 2 2 2 2 2 2 2 2 2 2 2 2 2 2 2 2 2 2 2 2 2 2 2 2 2 2 2 2
left_child=1 2 -1 6 5 -5 7 11 10 -10 -6 -2 -8 -13 15 -15 28 19 20 -18 21 22 -19 24 -21 -25 27 -27 29 -16
right_child=3 -3 -4 4 8 -7 12 -9 9 -11 -12 13 -14 14 16 -17 17 18 -20 23 -22 -23 -24 25 -26 26 -28 -29 -30 -31
leaf_value=0 -4.6529586544541718e-05 0 0.00032419422009703145 -0.00012088919334903589 -6.4298454276422943e-05 0 8.3809535379502148e-05 -2.0053175975819765e-05 0 0.00015537352769915999 0 -1.2270887159786563e-06 0 0 -4.4084548509547495e-05 0.00020710444960706688 9.9910566967780257e-05 0.00032004372749127599 0 0 0 0 5.8318722542480802e-06 -1.3998032073575491e-05 9.6617281154302354e-05 8.2374692994901936e-05 0 0 0 0
leaf_weight=170 89 2004 82 145 100 319 74 663 346 70 300 9304 56 65 385 58 72 50 375 55 81 116 79 1607 88 117 364 66 861 125
leaf_count=170 89 2004 82 145 100 319 74 663 346 70 300 9304 56 65 385 58 72 50 375 55 81 116 79 1607 88 117 364 66 861 125
internal_value=4.33543e-08 1.08011e-05 9.60137e-05 -1.15934e-06 -1.61077e-05 -4.66763e-05 0 -3.0698e-07 0 1.69201e-05 -1.49256e-05 2.74177e-07 4.99007e-05 9.38396e-07 6.44747e-06 6.91025e-05 3.57136e-06 1.13063e-05 3.54744e-05 2.03321e-06 8.03301e-05 0.00010721 0.000167606 0 4.73118e-05 -4.30982e-06 1.50021e-05 4.97302e-05 -1.01004e-05 -2.7199e-05
internal_weight=18286 2256 252 16030 1280 464 14750 14620 816 416 400 13957 130 13868 4564 123 4441 3070 701 2369 326 245 129 2297 143 2154 547 183 1371 510
internal_count=18286 2256 252 16030 1280 464 14750 14620 816 416 400 13957 130 13868 4564 123 4441 3070 701 2369 326 245 129 2297 143 2154 547 183 1371 510
is_linear=0
shrinkage=0.05


Tree=107
num_leaves=31
num_cat=0
split_feature=75 113 84 50 109 95 80 27 77 113 104 71 107 20 63 20 74 70 109 40 21 91 40 35 90 66 73 107 13 10
split_gain=0.000102822 0.00124429 0.00146821 0.00264617 0.000337804 0.000744981 0.00014426 0.00164133 0.000121633 0.000787051 0.000113687 0.000221417 0.000107791 8.58669e-05 0.000106614 9.36704e-05 7.3804e-05 5.26268e-05 0.000146356 0.000461667 0.000642876 0.000349626 8.58522e-05 8.39675e-05 8.4571e-05 7.91556e-05 4.97395e-05 0.000121892 0.000157344 6.64678e-05
threshold=16.500000000000004 0.03500000000000001 14.500000000000002 252.10000000000002 88.200000000000003 270.40812140000008 5.5499999999999554 271.96157370000009 43.312500000000007 2.1000000000000005 6.5000000000000009 25.623469387755105 46.610964843084439 33.20000000000001 17.886000000000006 45.500000000000007 264.48803370000007 38.350000000000001 27.450000000000003 994.85000000000002 -2.091428571428573 280.71043945000002 981.1500000000002 547.50000000000011 5.4500000000000011 271.43449075000007 14.650000000000004 66.863867284344977 0.5902777777777779 0.0082500000000000021
decision_type=2 2 2 2 2 2 2 2 2 2 2 2 2 2 2 2 2 2 2 2 2 2 2 2 2 2 2 2 2 2
left_child=4 2 3 -2 6 -6 12 8 -8 -10 11 -3 13 -1 -15 16 -16 23 22 26 21 -21 -19 24 -14 -26 29 28 -28 -20
right_child=1 10 -4 -5 5 -7 7 -9 9 -11 -12 -13 17 14 15 -17 -18 18 19 20 -22 -23 -24 -25 25 -27 27 -29 -30 -31
leaf_value=-1.4637709024406562e-06 0 0 0 0.00039548552437349569 0 -0.00022759636653749764 0 0.00028525130031136186 0 0.00020361676765324693 -8.928182011031034e-07 9.2278570092665702e-05 0 0 -4.4930943681105566e-07 0 -8.8450490833825578e-05 0 0 0.00025388138786271863 0 1.197264372252163e-05 -2.3316618823237917e-05 -3.5848282776427095e-07 0 -4.3098446638230157e-05 0.00011698372622604592 0 0 -2.2433993444243092e-05
leaf_weight=1351 50 87 86 86 59 52 2682 52 91 54 4085 97 266 274 184 255 167 433 337 61 85 90 486 5403 120 373 58 439 64 359
leaf_count=1351 50 87 86 86 59 52 2682 52 91 54 4085 97 266 274 184 255 167 433 337 61 85 90 486 5403 120 373 58 439 64 359
internal_value=2.91605e-08 6.85166e-06 0.000122045 0.000225915 -1.82983e-06 -8.87891e-05 -7.5265e-07 8.69585e-06 1.74177e-06 4.62765e-05 0 3.89706e-05 -3.73349e-06 -1.36749e-05 -2.67235e-05 -3.84137e-05 -5.66557e-05 -5.62289e-07 4.90789e-06 1.58194e-05 8.0296e-05 0.000143619 -7.38199e-06 -3.51523e-06 -1.93778e-05 -3.17125e-05 0 1.39481e-05 5.80206e-05 -4.64102e-06
internal_weight=18286 4491 222 136 13795 111 13684 2879 2827 145 4269 184 10805 2231 880 606 351 8574 2412 1493 236 151 919 6162 759 493 1257 561 122 696
internal_count=18286 4491 222 136 13795 111 13684 2879 2827 145 4269 184 10805 2231 880 606 351 8574 2412 1493 236 151 919 6162 759 493 1257 561 122 696
is_linear=0
shrinkage=0.05


Tree=108
num_leaves=31
num_cat=0
split_feature=103 107 52 113 24 73 74 109 52 81 6 104 78 3 93 73 105 105 88 13 8 0 104 105 66 2 2 16 70 99
split_gain=0.000100215 0.000729239 0.00249999 0.000121393 0.000794978 0.0012868 0.000730795 0.000577636 0.000235372 0.000221585 0.000167142 0.000145816 0.000242714 9.72911e-05 0.000103573 9.43611e-05 0.000164204 0.000156973 8.41354e-05 0.000129214 4.49304e-05 8.36083e-05 0.000126822 0.000120226 6.14612e-05 5.08006e-05 8.86198e-05 0.000103172 0.000219959 0.000500579
threshold=-0.9159756150367534 33.15434016127945 13.850000000000003 0.055000000000000007 0.80894657351724431 21.050000000000008 267.53095850000005 87.815000000000012 4.0500000000000007 4.1495060999999973 0.00040675122916666672 1.5000000000000002 -2.350000000000001 0.0037263888888888898 19.350000000000005 22.650000000000006 8.9457198291655953 10.404992583147141 0.8500000000000002 0.54861111111111127 0.0055093750000000013 0.071900000000000006 20.500000000000004 9.986477217735418 276.86858395000007 0.0048272930000000007 0.00029107750000000005 53.400000000000006 40.750000000000007 273.07660785000007
decision_type=2 2 2 2 2 2 2 2 2 2 2 2 2 2 2 2 2 2 2 2 2 2 2 2 2 2 2 2 2 2
left_child=1 2 -1 4 6 -6 9 8 -8 13 -10 12 -5 -2 -15 16 -12 -18 19 -16 21 25 23 -23 -25 26 -13 28 -28 -30
right_child=3 -3 -4 11 5 -7 7 -9 10 -11 15 20 -14 14 18 -17 17 -19 -20 -21 -22 22 -24 24 -26 -27 27 -29 29 -31
leaf_value=0 0 0 0.00031820034457468425 0 0 0.00021258928514913521 0 -0.00022802920183466721 0 7.135014360962735e-05 0 -2.246970738247507e-06 0.00010016099258013429 0 -9.5993953351177381e-05 0 -0.00012490296594815968 0 0 0 -1.1228213240437337e-05 0 6.2839218774640874e-07 7.5207927955468122e-05 0 -8.9052784167726725e-06 2.6240553204530797e-07 0 1.440999965441233e-06 0.00017793569446772562
leaf_weight=171 803 2004 81 66 156 96 77 65 139 87 65 6524 96 392 123 59 193 57 92 75 860 111 1436 172 53 1655 882 1372 254 70
leaf_count=171 803 2004 81 66 156 96 77 65 139 87 65 6524 96 392 123 59 193 57 92 75 860 111 1436 172 53 1655 882 1372 254 70
internal_value=0 1.00846e-05 9.00732e-05 -1.14461e-06 -1.14068e-05 6.79116e-05 -2.26528e-05 -6.72766e-05 -4.07505e-05 -8.49959e-07 -5.52646e-05 3.64495e-07 4.74077e-05 -8.48977e-06 -2.2648e-05 -7.28048e-05 -8.38852e-05 -0.000102443 -4.5757e-05 -6.41765e-05 0 5.49056e-07 1.08266e-05 3.94438e-05 6.04143e-05 -6.80043e-07 2.67081e-07 8.56639e-06 1.92482e-05 5.53874e-05
internal_weight=18286 2256 252 16030 2479 252 2227 655 590 1572 513 13551 162 1485 682 374 315 250 290 198 13389 12529 1772 336 225 10757 9102 2578 1206 324
internal_count=18286 2256 252 16030 2479 252 2227 655 590 1572 513 13551 162 1485 682 374 315 250 290 198 13389 12529 1772 336 225 10757 9102 2578 1206 324
is_linear=0
shrinkage=0.05


Tree=109
num_leaves=31
num_cat=0
split_feature=103 1 98 109 113 24 73 74 109 91 79 5 33 66 4 104 78 10 34 8 5 74 73 9 73 76 83 84 45 35
split_gain=8.89363e-05 0.000697881 0.00154505 0.0003844 0.000111836 0.000712498 0.00117134 0.000667634 0.000509909 0.000188056 0.000487617 0.000150884 0.000180694 0.000220213 0.000134979 0.000128112 0.00022281 9.88842e-05 0.000153671 4.07573e-05 8.06238e-05 0.000276732 0.00020667 0.000100723 7.08294e-05 6.5071e-05 6.26582e-05 9.1028e-05 9.04366e-05 5.2466e-05
threshold=-0.9159756150367534 0.0059917800000000012 10.15 86.075000000000017 0.055000000000000007 0.80894657351724431 21.050000000000008 267.53095850000005 87.815000000000012 290.90341490000009 4.2000000000000028 0.000625169888888889 0.37500000000000006 276.64098385000005 0.047700000000000006 1.5000000000000002 -2.350000000000001 0.050050000000000004 0.37750000000000006 0.0055093750000000013 0.0030176637500000008 272.23693475000005 8.6500000000000039 6.3550000000000013 1.7500000000000004 6.5000000000000009 0.8500000000000002 17.500000000000004 0.065000000000000016 672.50000000000011
decision_type=2 2 2 2 2 2 2 2 2 2 2 2 2 2 2 2 2 2 2 2 2 2 2 2 2 2 2 2 2 2
left_child=1 3 -3 -1 5 7 -7 9 11 14 -11 -9 -13 -14 -2 16 -6 18 -16 20 29 23 -23 26 -25 -26 -22 28 -28 -17
right_child=4 2 -4 -5 15 6 -8 8 -10 10 -12 12 13 -15 17 19 -18 -19 -20 -21 21 22 -24 24 25 -27 27 -29 -30 -31
leaf_value=-1.486961841392916e-06 0 0.00032803074987694145 0 0.00010092323898401871 0 0 0.0002020694030200962 0 -0.00021680048894433474 0 0.00017593495657338817 0 0 -0.00010777744955386227 -0.00012736250619844102 -6.4964756969710279e-06 9.5204568511296218e-05 -4.5697711473193326e-06 0 -1.0667454610583951e-05 -1.9225505987348876e-05 0.00010778030366054737 0 0 8.6201933023858149e-05 0 0 0 8.493744675661219e-05 9.712095641933847e-07
leaf_weight=2048 880 53 62 93 66 156 96 178 65 72 50 70 148 194 65 3068 96 455 50 860 401 120 51 56 79 52 53 1049 63 7537
leaf_count=2048 880 53 62 93 66 156 96 178 65 72 50 70 148 194 65 3068 96 455 50 860 401 120 51 56 79 52 53 1049 63 7537
internal_value=0 9.51364e-06 0.000129589 6.72269e-07 -1.06143e-06 -1.09205e-05 6.38783e-05 -2.16535e-05 -6.43095e-05 -6.71961e-07 5.40675e-05 -3.8711e-05 -5.52969e-05 -7.07021e-05 -8.75761e-06 3.73893e-07 4.44582e-05 -2.80334e-05 -7.69248e-05 0 5.59057e-07 1.01931e-05 7.18903e-05 1.28653e-06 3.68082e-05 5.71935e-05 0 2.62888e-06 4.48767e-05 -7.18151e-07
internal_weight=18286 2256 115 2141 16030 2479 252 2227 655 1572 122 590 412 342 1450 13551 162 570 115 13389 12529 1924 171 1753 187 131 1566 1165 116 10605
internal_count=18286 2256 115 2141 16030 2479 252 2227 655 1572 122 590 412 342 1450 13551 162 570 115 13389 12529 1924 171 1753 187 131 1566 1165 116 10605
is_linear=0
shrinkage=0.05


Tree=110
num_leaves=31
num_cat=0
split_feature=103 1 105 109 71 110 33 109 109 106 90 91 21 11 50 57 13 112 70 66 62 13 27 109 84 48 110 113 109 35
split_gain=9.32888e-05 0.000558431 0.00286725 0.000173664 0.00114428 0.000146276 0.000406518 0.00105011 0.000675623 0.000121407 0.000582329 0.000807421 0.000129336 8.07917e-05 9.00402e-05 7.43828e-05 7.35613e-05 7.32845e-05 0.000158652 0.000132015 0.000168771 0.000194907 0.000177899 0.000150866 0.000204836 7.31666e-05 7.06962e-05 6.73689e-05 0.000106084 0.000106654
threshold=-0.60355339059327384 0.0059917800000000012 9.5982079090713466 86.075000000000017 25.33775510204082 6.6850000000000014 0.80500000000000016 86.820000000000007 88.200000000000003 6.5000000000000009 3.2500000000000004 272.05426265000006 -2.9328571428571419 -0.0033928571428571393 244.85000000000005 9.0500000000000025 0.46527777777777785 0.51500000000000012 38.650000000000013 271.43449075000007 44.550000000000004 0.22916666666666669 266.12678720000002 5.5300000000000011 10.500000000000002 8.3492000000000015 15.485000000000001 0.075000000000000025 23.815000000000001 1037.5000000000002
decision_type=2 2 2 2 2 2 2 2 2 2 2 2 2 2 2 2 2 2 2 2 2 2 2 2 2 2 2 2 2 2
left_child=1 3 -3 15 -5 6 8 25 -2 13 11 -11 16 14 26 27 -12 18 -15 -20 21 -21 -23 -24 -25 -8 -7 -1 -29 -30
right_child=5 2 -4 4 -6 9 7 -9 -10 10 12 -13 -14 17 -16 -17 -18 -19 19 20 -22 22 23 24 -26 -27 -28 28 29 -31
leaf_value=0 -8.999189457408676e-06 0.00036701291493843134 0 0 0.00025458394267308695 -5.2106751512286489e-05 -3.3919163702343976e-05 -0.0002741874762970392 0.00012799183452293769 0 0 0.00027227483515242272 -5.4915369017187824e-07 -3.0442055017356119e-07 -1.240909215258782e-06 -2.768502201827672e-06 7.204368251668526e-05 -2.5315944499790334e-06 0 0 0 0 0 0 0.00011083038175127281 0 0 0 6.7034391747687277e-05 0
leaf_weight=140 2715 64 198 138 50 220 181 52 90 53 53 50 1040 1607 1210 4231 97 4133 423 54 396 52 51 110 254 128 50 176 189 128
leaf_count=140 2715 64 198 138 50 220 181 52 90 53 53 50 1040 1607 1210 4231 97 4133 423 54 396 52 51 110 254 128 50 176 189 128
internal_value=3.67535e-07 6.1617e-06 7.76869e-05 1.4482e-06 4.85099e-05 -1.61375e-06 -1.11119e-05 -6.18697e-05 -2.77781e-06 9.31635e-07 1.54319e-05 0.000130172 1.20146e-06 -6.76151e-07 -1.16227e-05 0 4.63749e-05 9.07314e-07 7.42547e-06 2.04175e-05 3.11204e-05 5.01146e-05 6.19874e-05 7.34292e-05 8.47263e-05 -9.2416e-06 -3.9522e-05 1.5561e-05 2.55285e-05 4.29696e-05
internal_weight=18333 5314 262 5052 188 13019 3166 361 2805 9853 1293 103 1190 8560 1480 4864 150 7080 2947 1340 917 521 467 415 364 309 270 633 493 317
internal_count=18333 5314 262 5052 188 13019 3166 361 2805 9853 1293 103 1190 8560 1480 4864 150 7080 2947 1340 917 521 467 415 364 309 270 633 493 317
is_linear=0
shrinkage=0.05


Tree=111
num_leaves=31
num_cat=0
split_feature=103 1 105 76 83 110 33 105 95 21 18 106 90 91 21 11 97 34 94 99 91 73 107 40 74 16 89 59 34 4
split_gain=8.41794e-05 0.000495684 0.0026018 0.000180234 0.000974806 0.000131553 0.000370268 0.000759675 0.000425139 0.00214106 0.000185827 0.000110314 0.000525007 0.000731891 0.000116958 7.41787e-05 9.01999e-05 0.000183711 0.000224741 0.000315259 0.000267406 0.000257351 7.97201e-05 0.000104417 7.84565e-05 7.39079e-05 0.000102144 7.10263e-05 0.000116135 0.000127071
threshold=-0.60355339059327384 0.0059917800000000012 9.5982079090713466 3.5000000000000004 1.0000000180025095e-35 6.6850000000000014 0.80500000000000016 8.6733184569131865 290.26543320000007 -1.0485714285714269 5.5000000000000009 6.5000000000000009 3.2500000000000004 272.05426265000006 -2.9328571428571419 -0.0033928571428571393 22.950000000000003 0.36550000000000005 11.65 286.98605575000005 278.65902305000003 1.8500000000000005 164.41889861749161 986.75000000000011 269.44291225000001 52.500000000000007 21.150000000000002 286.07536685000008 0.37350000000000005 0.035150000000000008
decision_type=2 2 2 2 2 2 2 2 2 2 2 2 2 2 2 2 2 2 2 2 2 2 2 2 2 2 2 2 2 2
left_child=1 3 -3 -1 -5 6 8 -8 27 10 -10 15 13 -13 -14 24 -17 22 19 20 21 -19 23 25 -7 -18 -27 28 29 -2
right_child=5 2 -4 4 -6 11 7 -9 9 -11 -12 12 14 -15 -16 16 17 18 -20 -21 -22 -23 -24 -25 -26 26 -28 -29 -30 -31
leaf_value=-1.8460800292187813e-06 -1.871988085278173e-07 0.00034894458867179665 0 0.00018200568151842584 0 -6.5359708585667355e-07 -0.00021682909973378631 -6.2480678586534593e-06 -9.0459135504109638e-05 0.00032941551595605127 0 0 4.4060923290583604e-05 0.0002589280287119276 -5.2172213492635298e-07 -2.2139341617748482e-06 0 0 0 0 0 0.00021959035266421703 -7.4668655134483966e-06 0 -3.5282132853413131e-05 7.494951726217575e-05 0 1.2878278978262205e-05 0 -4.4329102858091214e-05
leaf_weight=4207 618 64 198 86 759 1175 66 295 59 56 53 53 150 50 1040 4869 149 52 210 50 70 68 936 405 305 150 121 126 1392 501
leaf_count=4207 618 64 198 86 759 1175 66 295 59 56 53 53 150 50 1040 4869 149 52 210 50 70 68 936 405 305 150 121 126 1392 501
internal_value=2.90825e-07 5.81199e-06 7.32213e-05 1.31279e-06 2.29336e-05 -1.57901e-06 -1.0586e-05 -5.90524e-05 -2.54771e-06 7.12978e-05 -1.52863e-05 8.08515e-07 1.46579e-05 0.000123627 9.32063e-07 -7.00877e-07 7.85871e-07 9.65037e-06 3.84073e-05 7.13571e-05 0.000102719 0.00014893 0 1.33431e-05 -1.1185e-05 3.11346e-05 4.6687e-05 -9.17293e-06 -1.22746e-05 -2.44367e-05
internal_weight=18333 5314 262 5052 845 13019 3166 361 2805 168 112 9853 1293 103 1190 8560 7080 2211 450 240 190 120 1761 825 1480 420 271 2637 2511 1119
internal_count=18333 5314 262 5052 845 13019 3166 361 2805 168 112 9853 1293 103 1190 8560 7080 2211 450 240 190 120 1761 825 1480 420 271 2637 2511 1119
is_linear=0
shrinkage=0.05


Tree=112
num_leaves=31
num_cat=0
split_feature=8 67 21 59 9 87 41 34 109 2 92 25 56 73 90 73 73 104 71 109 66 20 107 36 34 66 59 15 83 50
split_gain=8.32599e-05 0.000293602 0.000504123 0.000244796 0.000139762 0.000750225 0.000884559 0.000130896 0.000388734 0.000102187 0.000530622 0.00163919 0.000292699 0.000333837 0.000579743 0.000142227 0.000616717 0.00137898 0.00114438 0.000170852 0.000347995 0.000249097 8.20419e-05 7.79804e-05 0.00017077 7.68337e-05 0.000112155 8.23986e-05 6.74374e-05 7.90531e-05
threshold=0.0038979166666666672 13.500000000000002 -1.0785714285714285 276.69221430000005 3.7450000000000006 290.14910675000004 1008.6500000000002 0.33150000000000007 83.105000000000004 0.0022618450000000006 1.3500000000000003 -0.90950149800058477 19.550000000000004 6.450000000000002 3.3500000000000001 20.050000000000008 21.750000000000007 35.500000000000007 25.194897959183681 80.210000000000022 276.81309350000009 30.250000000000004 61.344168628556481 99.500000000000014 0.33350000000000007 274.42903385000005 271.45603270000004 23.350000000000005 0.45000000000000007 140.35000000000002
decision_type=2 2 2 2 2 2 2 2 2 2 2 2 2 2 2 2 2 2 2 2 2 2 2 2 2 2 2 2 2 2
left_child=4 3 -3 25 9 28 -7 -5 -9 15 12 -12 13 -11 -15 19 17 18 -17 -1 -21 -22 -14 24 -18 26 -2 -27 -6 -30
right_child=1 2 -4 7 5 6 -8 8 -10 10 11 -13 22 14 -16 16 23 -19 -20 20 21 -23 -24 -25 -26 27 -28 -29 29 -31
leaf_value=-2.1327464838854786e-06 0 0 0.00016950507402279467 0 -2.4102195666468017e-05 0 0.00029346548319993489 -7.6438991259202266e-06 -0.00020552946917814553 0 0 0.00033150703366688919 -2.421824378587032e-05 0.00019503539786290444 1.6547447307480755e-05 0 -5.2919386058498252e-05 0 0.00039310083599747704 -2.6836401664778327e-06 0 -0.00014614947088078652 0 2.008194305259617e-06 0 7.3745928368122618e-05 -4.4057212605620787e-05 0 6.3442282190635517e-05 0
leaf_weight=8844 738 230 52 219 186 94 51 159 59 323 83 50 381 76 343 52 220 216 51 642 61 97 2996 969 117 52 203 55 63 651
leaf_count=8844 738 230 52 219 186 94 51 159 59 323 83 50 381 76 343 52 220 216 51 642 61 97 2996 969 117 52 203 55 63 651
internal_value=2.29838e-07 -9.72037e-06 3.04552e-05 -2.07298e-05 1.5935e-06 1.93435e-05 0.000124608 -5.33108e-05 -8.47251e-05 7.51282e-08 6.97043e-06 0.00010604 2.53298e-06 3.15425e-05 6.12144e-05 -2.08333e-06 1.0702e-05 7.34652e-05 0.000223058 -4.75693e-06 -2.74862e-05 -9.61689e-05 -2.36833e-06 -8.4727e-07 -2.38323e-05 -2.33965e-06 -1.10771e-05 2.75953e-05 0 9.15769e-06
internal_weight=18333 1767 282 1485 16566 1045 145 437 218 15521 4252 133 4119 742 419 11269 1625 319 103 9644 800 158 3377 1306 337 1048 941 107 900 714
internal_count=18333 1767 282 1485 16566 1045 145 437 218 15521 4252 133 4119 742 419 11269 1625 319 103 9644 800 158 3377 1306 337 1048 941 107 900 714
is_linear=0
shrinkage=0.05


Tree=113
num_leaves=31
num_cat=0
split_feature=73 73 75 40 109 114 70 32 109 9 32 0 4 103 70 21 113 73 104 101 83 73 95 113 95 64 59 109 111 50
split_gain=7.9599e-05 0.000395244 0.00161843 0.00303215 0.000245283 0.000206924 0.000190894 0.000141704 0.000273678 0.000120064 0.000129847 9.48883e-05 0.000591703 0.00292073 0.000132168 0.000166777 0.000269243 0.000175494 0.000143496 8.72511e-05 8.33666e-05 8.4005e-05 9.23449e-05 7.92505e-05 8.37858e-05 6.66737e-05 0.000360301 0.000294909 0.000108149 0.000103031
threshold=24.150000000000006 20.050000000000008 15.500000000000002 980.1500000000002 88.200000000000003 25.930000000000003 35.750000000000007 47.500000000000007 78.555000000000021 0.75500000000000012 73.500000000000014 0.033800000000000004 0.052000000000000011 -0.70710678118654757 40.95000000000001 -1.5699999999999987 2.2650000000000006 6.7500000000000018 41.500000000000007 10.500000000000002 1.0500000000000003 26.850000000000005 274.37824815000005 1.5750000000000004 281.02686540000008 17.150000000000002 289.27054290000007 79.980000000000004 6.7300000000000013 21.050000000000004
decision_type=2 2 2 2 2 2 2 2 2 2 2 2 2 2 2 2 2 2 2 2 2 2 2 2 2 2 2 2 2 2
left_child=1 4 7 -4 11 6 -2 8 -3 10 -9 25 13 -13 -14 -16 17 -17 -19 23 21 22 -21 24 -7 26 29 -27 -29 -1
right_child=5 2 3 -5 -6 19 -8 9 -10 -11 -12 12 14 -15 15 16 -18 18 -20 20 -22 -23 -24 -25 -26 27 -28 28 -30 -31
leaf_value=4.732952173039199e-05 0 0 0 0.00036673826125402137 -8.2615563337147554e-05 0 -0.0001006547132824578 6.4864269509993147e-05 -0.00011342008266753206 0 0 0.00039316636795084722 -4.7828381027411823e-06 0 0 0 0 8.8514552278246667e-05 0 0 0 0 9.2578671623200272e-05 0 -6.1604185248900951e-05 -2.9355794055120874e-06 0.0001284304055414974 0 -0.00013302572857576181 -1.079071375509556e-06
leaf_weight=111 83 173 132 93 89 159 114 165 74 190 156 57 2512 186 673 104 276 275 96 61 209 90 84 148 143 5880 54 139 65 5742
leaf_count=111 83 173 132 93 89 159 114 165 74 190 156 57 2512 186 673 104 276 275 96 61 209 90 84 148 143 5880 54 139 65 5742
internal_value=2.07253e-07 1.30182e-06 3.2137e-05 0.000149665 -2.56795e-07 -1.24977e-05 -5.89415e-05 0 -3.36379e-05 1.19934e-05 3.40719e-05 0 6.67971e-06 8.25766e-05 7.04216e-07 1.3889e-05 3.03313e-05 5.35492e-05 6.96317e-05 0 1.33431e-05 3.49118e-05 5.83833e-05 -1.75494e-05 -3.33511e-05 -2.05648e-06 1.04392e-06 -5.88804e-06 -6.61688e-05 0
internal_weight=18333 17242 983 225 16259 1091 197 758 247 511 321 16170 4179 243 3936 1424 751 475 371 894 444 235 145 450 302 11991 5907 6084 204 5853
internal_count=18333 17242 983 225 16259 1091 197 758 247 511 321 16170 4179 243 3936 1424 751 475 371 894 444 235 145 450 302 11991 5907 6084 204 5853
is_linear=0
shrinkage=0.05


Tree=114
num_leaves=31
num_cat=0
split_feature=99 25 92 24 97 81 107 114 114 11 13 18 113 67 72 107 74 71 77 34 20 83 19 9 11 71 48 81 21 89
split_gain=7.48682e-05 0.000112762 0.000483935 0.00165912 0.000203377 0.000805166 0.00132973 0.00021222 0.00020155 0.000182938 0.000168032 0.000301506 0.000132781 0.000117096 0.000982784 0.000171529 0.000388639 9.61911e-05 0.000128415 0.000193737 0.000148165 9.61146e-05 0.000100277 6.88258e-05 7.77584e-05 7.44657e-05 6.88594e-05 6.42047e-05 7.24214e-05 6.69922e-05
threshold=286.80096170000007 -0.16566517394935101 1.3500000000000003 -0.99403765757334261 22.550000000000004 -5.0069910500000097 49.891498158895921 31.185000000000006 33.775000000000013 -0.0004528571428571426 0.49305555555555564 5.5000000000000009 0.81000000000000016 12.500000000000002 18.150000000000002 23.957431459553316 266.76643500000006 25.063265306122453 32.212500000000013 0.37650000000000006 44.850000000000009 2.5500000000000012 35.250000000000007 1.2550000000000001 0.00032714285714285706 21.350000000000005 10.888650000000002 2.3433238499999907 -0.23428571428571482 17.250000000000004
decision_type=2 2 2 2 2 2 2 2 2 2 2 2 2 2 2 2 2 2 2 2 2 2 2 2 2 2 2 2 2 2
left_child=1 13 4 -4 -3 6 -6 -8 17 10 11 -10 -9 15 -15 16 -1 18 -7 20 -20 22 27 -17 25 -25 -27 28 29 -2
right_child=21 2 3 -5 5 8 7 12 9 -11 -12 -13 -14 14 -16 23 -18 -19 19 -21 -22 -23 -24 24 -26 26 -28 -29 -30 -31
leaf_value=0 -6.7246886047417091e-05 -1.4013859706998444e-06 0 0.00032903855207856475 0.00026660438981352639 0 0 0 0 0 0 0.00013607689230158015 0.00013510494992243486 0.00016063556351731011 0 0 -0.00017170176062690089 0 -6.2866933014143393e-05 0 0 0 0 0 0 -3.5401397261296635e-05 0 0 0 0
leaf_weight=234 254 5388 73 50 81 79 189 88 101 607 118 111 52 97 2552 3496 53 968 375 152 58 1056 208 405 412 637 160 134 55 90
leaf_count=234 254 5388 73 50 81 79 189 88 101 607 118 111 52 97 2552 3496 53 968 375 152 58 1056 208 405 412 637 160 134 55 90
internal_value=1.21679e-07 1.44061e-06 5.64703e-06 0.000105257 3.57279e-06 1.42447e-05 7.96736e-05 1.78312e-05 1.83007e-06 2.17248e-05 5.21458e-05 7.87261e-05 6.71335e-05 -2.37672e-06 5.2056e-06 -7.02489e-06 -4.64131e-05 -6.53679e-06 -2.15997e-05 -3.28221e-05 -5.07009e-05 -9.22834e-06 -2.30261e-05 -3.82574e-06 -1.23637e-05 -1.91522e-05 -2.80402e-05 -3.47301e-05 -4.48501e-05 -5.34509e-05
internal_weight=18333 16536 8490 123 8367 2979 410 329 2569 937 330 212 140 8046 2649 5397 287 1632 664 585 433 1797 741 5110 1614 1202 797 533 399 344
internal_count=18333 16536 8490 123 8367 2979 410 329 2569 937 330 212 140 8046 2649 5397 287 1632 664 585 433 1797 741 5110 1614 1202 797 533 399 344
is_linear=0
shrinkage=0.05


Tree=115
num_leaves=31
num_cat=0
split_feature=74 109 109 34 69 80 40 103 0 110 34 57 56 64 13 98 105 38 95 111 73 114 74 83 27 107 112 73 112 74
split_gain=0.000140666 0.000256592 7.98793e-05 0.000603965 0.00136369 0.000288166 0.000195425 0.000114569 0.000201781 0.000101144 8.00284e-05 0.000164453 0.000178325 0.000224411 0.000125732 0.000641629 0.000285889 0.000141298 0.000112056 9.7664e-05 6.74843e-05 5.16101e-05 0.000173738 0.000194454 0.000180367 0.000185148 0.000360984 9.74426e-05 7.72038e-05 0.000197603
threshold=276.64810505000008 80.210000000000022 86.075000000000017 0.33650000000000008 35.287500000000016 -1.4500000000000453 941.1500000000002 -0.12940952255126037 0.0034500000000000004 6.5650000000000004 0.34050000000000008 19.150000000000002 17.350000000000005 18.750000000000004 0.46527777777777785 7.4500000000000011 8.9399741687033139 12.500000000000002 276.83871595000005 13.190000000000001 15.750000000000005 33.720000000000006 270.08340810000004 0.35000000000000009 265.31963320000006 164.41889861749161 0.46000000000000002 15.750000000000005 0.38500000000000006 271.47531805000006
decision_type=2 2 2 2 2 2 2 2 2 2 2 2 2 2 2 2 2 2 2 2 2 2 2 2 2 2 2 2 2 2
left_child=2 -2 9 4 -4 6 -5 8 -7 10 11 12 -1 -14 15 20 -17 -18 -16 -15 -12 28 -23 27 -25 26 -26 -24 29 -11
right_child=1 -3 3 5 -6 7 -8 -9 -10 21 14 -13 13 19 18 16 17 -19 -20 -21 -22 22 23 24 25 -27 -28 -29 -30 -31
leaf_value=0 0 -9.9078427661359968e-05 0 0 0.00029855702892905758 0 -0.0001278195077414542 0 0.00012134201141926886 -3.6386791328799685e-07 -2.3329370924206341e-05 8.6806958968760499e-06 -1.757296904187174e-05 -0.00016047963638114894 0 0 0 0.00023221215701409271 -2.9447293260533026e-05 0 0 0 -1.6757729051380466e-05 0 0 2.4056891991416959e-06 0.00012139899155240219 3.2407152681807928e-05 -6.7228093726306075e-06 3.6493125658125796e-05
leaf_weight=142 216 104 95 52 56 115 71 199 55 2801 381 94 520 76 1103 75 62 50 562 62 63 4763 399 150 169 349 190 124 4898 385
leaf_count=142 216 104 95 52 56 115 71 199 55 2801 381 94 520 76 1103 75 62 50 562 62 63 4763 399 150 169 349 190 124 4898 385
internal_value=-1.60719e-06 -3.48229e-05 -7.39959e-07 1.58914e-05 0.000104866 -1.43133e-06 -7.44746e-05 9.53839e-06 4.32648e-05 -1.64184e-06 -9.69313e-06 -2.33734e-05 -3.33881e-05 -4.50718e-05 -2.18179e-06 1.36178e-05 9.45897e-05 0.000145639 -1.11753e-05 -0.000111848 -9.3852e-06 0 3.61267e-06 1.92956e-05 3.41312e-05 4.52481e-05 7.28858e-05 0 -2.45742e-06 2.53115e-06
internal_weight=18381 320 18061 643 151 492 123 369 170 17418 3190 894 800 658 2296 631 187 112 1665 138 444 14228 6144 1381 858 708 359 523 8084 3186
internal_count=18381 320 18061 643 151 492 123 369 170 17418 3190 894 800 658 2296 631 187 112 1665 138 444 14228 6144 1381 858 708 359 523 8084 3186
is_linear=0
shrinkage=0.05


Tree=116
num_leaves=31
num_cat=0
split_feature=74 10 43 104 78 76 100 105 32 35 98 73 73 105 108 83 59 53 20 74 9 6 71 77 35 74 11 73 64 98
split_gain=0.000127928 0.000168608 0.000171717 7.44047e-05 0.00018152 7.72975e-05 7.40417e-05 0.00047566 9.17161e-05 0.000260081 0.000789238 9.35742e-05 0.000218478 0.00162185 0.000185794 0.000136495 0.000104546 7.64464e-05 0.000101738 7.21211e-05 8.4514e-05 6.49918e-05 7.63786e-05 6.06161e-05 5.80836e-05 7.34974e-05 0.000260449 0.000177292 7.06592e-05 0.000128799
threshold=276.64810505000008 0.0049500000000000004 293.50000000000006 1.5000000000000002 -2.4000000000000004 1.5000000000000002 1.5500000000000003 9.4407235578988118 34.500000000000007 1107.5000000000002 9.6500000000000004 23.950000000000006 19.950000000000006 8.7172845149725635 9.5000000000000018 0.35000000000000009 290.52507750000007 281.82986455000008 31.050000000000004 267.25576975000007 0.75500000000000012 0.0010634272638888891 25.556122448979597 32.312500000000007 1157.5000000000002 271.62047620000004 -0.0075142857142857051 7.7500000000000018 20.750000000000004 6.8500000000000005
decision_type=2 2 2 2 2 2 2 2 2 2 2 2 2 2 2 2 2 2 2 2 2 2 2 2 2 2 2 2 2 2
left_child=3 -2 -3 4 -1 -6 8 -8 9 10 -5 12 24 -14 15 16 -13 18 -15 -19 -21 23 -23 -11 25 28 27 -27 29 -10
right_child=1 2 -4 6 5 -7 7 -9 11 21 -12 14 13 17 -16 -17 -18 19 -20 20 -22 22 -24 -25 -26 26 -28 -29 -30 -31
leaf_value=0 0 -9.2775219813306993e-05 0 0.00019513237377060939 0 0.00012382249873381918 -0.00010756062271190058 0 -1.4173607497708313e-06 0 0 -9.9162986867776839e-05 0.00029560752256097309 6.5527282839706027e-05 1.5623289957953865e-06 -6.4646583075679286e-06 0 0 0 0 -7.4972958319564681e-05 0 5.8590766833871243e-05 -3.6633909776658888e-05 4.8668796378699345e-07 0 0 0.00014739041399854401 0 -2.4999131745084523e-05
leaf_weight=70 91 139 90 73 50 52 120 364 1882 102 250 133 51 101 342 476 50 401 171 60 70 110 64 209 7609 54 1100 50 2662 1385
leaf_count=70 91 139 90 73 50 52 120 364 1882 102 250 133 51 101 342 476 50 401 171 60 70 110 64 209 7609 54 1100 50 2662 1385
internal_value=-1.52833e-06 -3.32179e-05 -5.80749e-05 -6.88226e-07 3.09348e-05 7.75444e-05 -1.27347e-06 -2.08448e-05 -4.4081e-07 1.55005e-05 5.1056e-05 -1.51902e-06 -2.38738e-07 2.39233e-05 -1.64561e-05 -3.3371e-05 -7.57677e-05 1.03047e-07 2.59349e-05 -3.75449e-06 -3.7863e-05 0 1.35627e-05 -2.04351e-05 -1.97911e-06 -5.31003e-06 3.35559e-06 7.95637e-05 -7.91319e-06 -1.29491e-05
internal_weight=18381 320 229 18061 172 102 17889 484 17405 808 323 16597 15596 854 1001 659 183 803 272 531 130 485 174 311 14742 7133 1204 104 5929 3267
internal_count=18381 320 229 18061 172 102 17889 484 17405 808 323 16597 15596 854 1001 659 183 803 272 531 130 485 174 311 14742 7133 1204 104 5929 3267
is_linear=0
shrinkage=0.05


Tree=117
num_leaves=31
num_cat=0
split_feature=74 109 77 57 107 113 21 8 111 56 94 83 8 41 105 100 77 107 83 67 95 109 66 90 77 99 6 94 50 109
split_gain=0.000112788 0.000219636 7.03224e-05 0.000297767 0.0015269 0.000273419 0.000107115 0.000154959 0.000175939 0.00013667 0.00013354 9.77603e-05 0.000110315 7.51994e-05 6.46601e-05 0.000178476 0.00018155 8.26847e-05 0.000164001 0.000218536 7.69149e-05 0.000483918 0.000159002 0.000136913 8.73364e-05 7.82166e-05 8.14116e-05 0.000123172 6.94799e-05 0.000101389
threshold=276.64810505000008 80.210000000000022 41.38750000000001 6.7500000000000009 53.280281257982935 0.03500000000000001 -1.828571428571429 0.00093958333333333339 77.345000000000013 23.650000000000002 16.750000000000004 2.5500000000000012 0.0038979166666666672 1024.2500000000002 9.8243293427936482 1.5500000000000003 36.112500000000004 104.99432709394061 1.0000000180025095e-35 4.5000000000000009 290.47739010000004 80.660000000000011 271.43449075000007 16.550000000000004 36.237500000000004 286.80096170000007 0.00051929306944444454 14.050000000000002 230.70000000000002 68.860000000000014
decision_type=2 2 2 2 2 2 2 2 2 2 2 2 2 2 2 2 2 2 2 2 2 2 2 2 2 2 2 2 2 2
left_child=2 -2 14 4 -4 -5 9 -8 11 10 13 12 -9 -7 15 20 -17 18 19 -16 22 -22 -1 24 -24 26 -26 -28 29 -20
right_child=1 -3 3 5 -6 6 7 8 -10 -11 -12 -13 -14 -15 17 16 -18 -19 28 -21 21 -23 23 -25 25 -27 27 -29 -30 -31
leaf_value=-7.0935648387566599e-07 0 -9.0593213974941693e-05 0.00030215840080214263 0.00010107987674358023 0 -5.6534119284229695e-05 0 7.7888587794423835e-05 0 0 0 0 0 0 0 0 -0.00011668707599864167 -2.7203736599424678e-06 4.986432749850839e-05 0.00010553127915336517 0 0.00015128839020755029 -4.071316985321928e-06 0 -2.8232382051931789e-06 0 -0.00010689278708369097 0 0 0
leaf_weight=4309 216 104 50 66 123 319 931 239 208 1239 375 104 56 56 118 72 76 5931 173 99 355 55 504 175 207 51 163 55 1901 51
leaf_count=4309 216 104 50 66 123 319 931 239 208 1239 375 104 56 56 118 72 76 5931 173 99 355 55 504 175 207 51 163 55 1901 51
internal_value=-1.4344e-06 -3.12092e-05 -6.28337e-07 5.03848e-06 6.94414e-05 5.2787e-07 0 8.39868e-06 2.85608e-05 -8.9451e-06 -2.5826e-05 4.83684e-05 6.31441e-05 -4.71179e-05 -2.47125e-06 -6.42918e-06 -6.31685e-05 0 8.336e-06 5.10147e-05 -4.13802e-06 1.32303e-05 -6.35838e-06 -2.30893e-05 -3.12591e-05 -4.9495e-05 -5.65867e-05 -8.45603e-05 1.60397e-06 2.82189e-05
internal_weight=18381 320 18061 3766 173 3593 3527 1538 607 1989 750 399 295 375 14295 6022 148 8273 2342 217 5874 410 5464 1155 980 476 425 218 2125 224
internal_count=18381 320 18061 3766 173 3593 3527 1538 607 1989 750 399 295 375 14295 6022 148 8273 2342 217 5874 410 5464 1155 980 476 425 218 2125 224
is_linear=0
shrinkage=0.05


Tree=118
num_leaves=31
num_cat=0
split_feature=74 109 104 77 109 34 81 113 34 84 91 40 24 71 112 83 109 63 72 72 26 6 3 70 27 99 40 83 3 21
split_gain=0.000101787 0.000197825 6.6851e-05 0.000160485 6.88637e-05 0.00049782 0.00114815 7.68952e-05 0.000113372 0.00011408 0.000366318 0.000100687 6.79045e-05 0.000195521 4.76181e-05 8.87814e-05 6.59888e-05 9.4557e-05 8.35137e-05 8.09347e-05 5.46307e-05 4.79557e-05 4.61667e-05 0.000142196 0.000153781 4.2204e-05 5.13846e-05 3.82199e-05 0.000106265 0.000226473
threshold=276.64810505000008 80.210000000000022 1.5000000000000002 41.937500000000007 86.075000000000017 0.33650000000000008 -2.0547397999999926 0.025000000000000005 0.30150000000000005 12.500000000000002 285.12897100000004 977.75000000000011 -0.015531527230322537 27.858163265306125 0.88500000000000012 2.0500000000000012 54.765000000000008 18.562000000000005 16.650000000000002 21.150000000000002 277.7583783500001 0.0012182783402777781 0.021504166666666668 40.95000000000001 267.82311465000004 270.70759650000008 976.95000000000016 1.0000000180025095e-35 0.00050000000000000012 1.0000000180025095e-35
decision_type=2 2 2 2 2 2 2 2 2 2 2 2 2 2 2 2 2 2 2 2 2 2 2 2 2 2 2 2 2 2
left_child=2 -2 3 -1 7 6 -6 8 11 10 -10 -4 -7 -14 22 16 20 18 -18 -20 -16 -19 27 -24 -25 26 -11 28 -9 -30
right_child=1 -3 4 -5 5 12 -8 14 9 25 -12 -13 13 -15 15 -17 17 21 19 -21 -22 -23 23 24 -26 -27 -28 -29 29 -31
leaf_value=0 0 -8.6106694092450201e-05 0 8.7993039588056977e-05 0.00027515050819472111 0 0 -1.2416083125451248e-06 0 0 -0.0001188981769918741 5.3318644571441435e-05 -9.7730979690875734e-05 0 -3.5911702078163878e-05 0 0 0 6.6088251879528094e-05 0 -4.2180790872578796e-06 -3.8307272849817844e-05 0 0.00010519713125072135 0 -1.4226138788733887e-05 5.0188160278005801e-05 -9.6411772169443025e-07 4.7859107683114951e-05 0
leaf_weight=102 216 104 180 70 55 350 96 360 250 225 121 89 68 69 485 3023 53 469 128 51 860 138 344 77 172 586 50 8983 400 207
leaf_count=102 216 104 180 70 55 350 96 360 250 225 121 89 68 69 485 3023 53 469 128 51 860 138 344 77 172 586 50 8983 400 207
internal_value=-1.41322e-06 -2.97417e-05 -6.32865e-07 2.93005e-05 -1.20178e-06 1.39964e-05 9.49117e-05 -2.05446e-06 -1.30983e-05 -2.08688e-05 -4.66309e-05 3.9169e-06 -9.89484e-07 -3.51229e-05 -6.83758e-07 -4.77181e-06 -1.24841e-05 0 2.55671e-05 4.47891e-05 -1.93795e-05 -1.17601e-05 8.61315e-07 1.44039e-05 4.37598e-05 -3.92636e-06 0 0 9.49113e-06 2.40718e-05
internal_weight=18381 320 18061 172 17889 638 151 17251 1501 1232 371 269 487 137 15750 5207 2184 839 232 179 1345 607 10543 593 249 861 275 9950 967 607
internal_count=18381 320 18061 172 17889 638 151 17251 1501 1232 371 269 487 137 15750 5207 2184 839 232 179 1345 607 10543 593 249 861 275 9950 967 607
is_linear=0
shrinkage=0.05


Tree=119
num_leaves=31
num_cat=0
split_feature=74 109 57 57 109 34 69 80 81 16 40 110 48 21 57 27 64 64 34 84 16 9 2 112 27 45 94 57 100 34
split_gain=9.1902e-05 0.000178149 6.43736e-05 0.000785763 0.000117471 0.000568496 0.00120498 0.000206946 0.000162163 0.000267682 0.000141296 9.93824e-05 8.77663e-05 9.59563e-05 9.5119e-05 9.89673e-05 8.82628e-05 0.000330461 4.14388e-05 0.000128854 0.000127892 0.00012409 0.000100379 8.95264e-05 8.17579e-05 9.79862e-05 0.000102491 0.000123392 5.3573e-05 0.000115774
threshold=276.64810505000008 80.210000000000022 5.7500000000000009 5.8500000000000005 86.075000000000017 0.33650000000000008 35.287500000000016 -1.4500000000000453 -0.48013025000000192 42.300000000000004 941.1500000000002 6.5650000000000004 9.5685500000000037 -1.031428571428572 19.150000000000002 266.00774565000006 20.650000000000002 18.850000000000005 0.36250000000000004 14.500000000000002 50.300000000000004 0.25500000000000006 0.0082810900000000031 1.0350000000000004 266.17691965000006 0.015000000000000001 14.050000000000002 15.850000000000003 0.35000000000000003 0.33250000000000007
decision_type=2 2 2 2 2 2 2 2 2 2 2 2 2 2 2 2 2 2 2 2 2 2 2 2 2 2 2 2 2 2
left_child=2 -2 -1 -4 11 6 -6 10 -9 -10 -7 12 13 14 15 -5 17 -17 23 20 21 24 -22 28 -20 -26 27 -27 -13 -30
right_child=1 -3 3 4 5 7 -8 8 9 -11 -12 18 -14 -15 -16 16 -18 -19 19 -21 22 -23 -24 -25 25 26 -28 -29 29 -31
leaf_value=-1.5249554236983421e-05 0 -8.1842361530843409e-05 0.0001748508938646154 0 0 0 0.00029456520254758227 0 0 0.00014881939339901173 -0.00010794899738383331 -8.1016737570996937e-07 0 0 0 -1.7528781806212609e-05 0 -0.00012752871843166975 0 0 9.3527370325038932e-05 0 0 -1.2459546243704661e-05 0 0.00016231221194255925 0 0 3.9716989472996373e-05 0
leaf_weight=722 216 104 63 351 89 52 53 207 70 50 69 5740 1218 631 51 516 77 130 95 4306 103 976 87 1705 54 51 61 58 265 211
leaf_count=722 216 104 63 351 89 52 53 207 70 50 69 5740 1218 631 51 516 77 130 95 4306 103 976 87 1705 54 51 61 58 265 211
internal_value=-1.38735e-06 -2.83468e-05 -6.31324e-07 0 -6.6956e-07 2.06423e-05 0.000108166 0 1.2937e-05 6.16779e-05 -6.15689e-05 -1.72395e-06 -1.00092e-05 -1.71615e-05 -2.59347e-05 -3.04257e-05 -4.14278e-05 -4.75559e-05 0 3.28685e-06 1.609e-05 5.9356e-06 5.8729e-05 -2.27563e-06 3.33488e-05 4.99012e-05 6.86224e-05 9.82331e-05 0 1.65191e-05
internal_weight=18381 320 18061 17339 17276 590 142 448 327 120 121 16686 2974 1756 1125 1074 723 646 13712 5791 1485 1295 190 7921 319 224 170 109 6216 476
internal_count=18381 320 18061 17339 17276 590 142 448 327 120 121 16686 2974 1756 1125 1074 723 646 13712 5791 1485 1295 190 7921 319 224 170 109 6216 476
is_linear=0
shrinkage=0.05


Tree=120
num_leaves=31
num_cat=0
split_feature=73 73 105 105 105 50 98 105 92 25 38 71 35 111 90 113 2 83 113 34 84 50 98 80 70 15 14 69 69 113
split_gain=6.04183e-05 0.000302488 0.0022942 0.000159078 0.000147232 0.000314525 0.000364396 0.00014191 0.000816128 0.000282154 0.00105481 0.000126053 0.000367487 9.6155e-05 0.000412427 0.000111521 9.48098e-05 5.86215e-05 0.000126698 0.000161154 0.000208274 0.000118708 0.000177456 0.000187755 0.000226229 0.000128564 0.000100835 0.000189001 0.000119917 8.24501e-05
threshold=24.150000000000006 19.950000000000006 8.6325845804055827 8.7663911666371632 8.7756807975297022 135.40000000000003 11.350000000000003 9.2173545129383765 1.3500000000000003 0.54112391848627839 1.5000000000000002 25.480612244897966 427.50000000000006 6.0600000000000014 10.15 0.055000000000000007 0.0012481850000000004 0.8500000000000002 0.45500000000000007 0.43350000000000005 10.500000000000002 170.90000000000001 20.950000000000003 4.4500000000000464 38.95000000000001 26.730555555555561 9.5000000000000018 35.187500000000007 38.437500000000007 0.18500000000000003
decision_type=2 2 2 2 2 2 2 2 2 2 2 2 2 2 2 2 2 2 2 2 2 2 2 2 2 2 2 2 2 2
left_child=1 4 -3 -2 5 6 -1 8 9 13 -11 -4 -13 14 -6 16 -15 18 26 -20 -21 22 23 -19 -25 -26 29 -28 -29 -9
right_child=3 2 11 -5 7 -7 -8 17 -10 10 -12 12 -14 15 -16 -17 -18 21 19 20 -22 -23 -24 24 25 -27 27 28 -30 -31
leaf_value=-0.0001879454308800632 -8.3752346403586365e-05 0.0003347566688296803 -2.3711443496316493e-06 -6.9704963854701178e-07 0 -2.1165320982624758e-06 0 -1.5840526991294164e-05 0.00016000751708339107 0.00024805381022270016 0 0.0001271192403481865 0 0 0.00013435499218336403 0 -5.4708933422508129e-05 0 -2.2584022074425149e-05 0 9.8887305502395995e-05 -2.6815487216892332e-07 0 0 0.00014952319599073469 0 0 0.00013217631773308126 0 5.1899231944856007e-06
leaf_weight=57 74 57 638 1044 103 1150 123 792 91 54 112 76 241 183 68 1678 180 246 1596 68 58 8304 213 63 93 51 247 57 52 677
leaf_count=57 74 57 638 1044 103 1150 123 792 91 54 112 76 241 183 68 1678 180 246 1596 68 58 8304 213 63 93 51 247 57 52 677
internal_value=1.49803e-07 1.14105e-06 2.77151e-05 -1.07327e-05 -2.02375e-07 -1.63686e-05 -7.92845e-05 8.99745e-07 1.20202e-05 4.19047e-06 6.68881e-05 3.82795e-06 3.19959e-05 0 3.53118e-05 -3.56259e-06 -2.89335e-05 -8.95139e-07 -6.52787e-06 -1.64792e-05 2.10472e-05 7.75335e-07 2.12632e-05 4.05145e-05 7.64159e-05 0.000110802 1.27496e-07 2.5982e-05 8.0538e-05 -2.75018e-06
internal_weight=18446 17328 1012 1118 16316 1330 180 14986 2469 2378 166 955 317 2212 171 2041 363 12517 3547 1722 126 8970 666 453 207 144 1825 356 109 1469
internal_count=18446 17328 1012 1118 16316 1330 180 14986 2469 2378 166 955 317 2212 171 2041 363 12517 3547 1722 126 8970 666 453 207 144 1825 356 109 1469
is_linear=0
shrinkage=0.05


Tree=121
num_leaves=31
num_cat=0
split_feature=8 103 107 57 35 109 109 107 64 112 16 66 13 1 50 26 112 72 95 77 16 83 7 8 82 66 57 107 74 101
split_gain=8.67506e-05 0.000151725 0.000501889 0.00359567 0.000195001 0.00115501 0.000618667 0.000104164 9.95648e-05 0.000227042 0.000197518 8.71382e-05 8.49958e-05 0.000160934 0.000373939 0.000454719 6.8853e-05 6.04336e-05 6.83889e-05 6.91509e-05 7.20248e-05 5.92414e-05 0.00022977 0.000278468 0.000128104 6.63138e-05 5.65228e-05 0.000132598 0.000167756 5.38242e-05
threshold=0.00023854166666666669 -0.60355339059327384 33.15434016127945 15.050000000000002 277.50000000000006 83.105000000000004 88.200000000000003 37.757193452824723 14.15 0.51500000000000012 39.600000000000001 272.56501370000007 0.25694444444444448 8.5250000000000026e-05 135.40000000000003 278.09042750000009 0.29500000000000004 33.850000000000001 291.22340030000004 32.212500000000013 60.000000000000007 2.1500000000000008 0.020515498000000004 0.0040145833333333344 2.4000000000000017 277.99500290000009 18.250000000000004 159.18073677453302 264.74690030000005 15.500000000000002
decision_type=2 2 2 2 2 2 2 2 2 2 2 2 2 2 2 2 2 2 2 2 2 2 2 2 2 2 2 2 2 2
left_child=11 2 3 -2 5 8 7 -6 9 10 -3 -1 -9 -14 15 -15 -10 18 19 -13 29 22 -4 24 25 -24 -16 28 -28 -21
right_child=1 4 21 -5 6 -7 -8 12 16 -11 -12 17 13 14 26 -17 -18 -19 -20 20 -22 -23 23 -25 -26 -27 27 -29 -30 -31
leaf_value=0 -5.5302505233896159e-07 0.00013987846516300807 0 0.00036334188285157629 -1.7797853444376014e-05 0.00018814877865889852 -0.00013003463365275061 -9.0857145919559413e-06 -4.0124156530128327e-05 0 0 0 0 0.0001841234712279402 0 0 0 0 0 -3.1840766934930859e-05 0 0 0.00012947126610626962 0 0 0 0 0 0.00011308975072501602 0
leaf_weight=4661 265 63 921 80 835 92 95 1417 142 144 52 192 3507 74 650 51 394 203 551 1118 281 1658 115 138 55 52 52 220 71 297
leaf_count=4661 265 63 921 80 835 92 95 1417 142 144 52 192 3507 74 650 51 394 203 551 1118 281 1658 115 138 55 52 52 220 71 297
internal_value=1.11115e-07 3.14213e-06 1.2205e-05 7.01838e-05 -9.84367e-09 2.13472e-05 -3.44668e-06 -9.52369e-07 0 2.70912e-05 8.08589e-05 -3.82889e-06 5.50821e-07 4.58542e-06 2.11299e-05 0.000105628 -1.04007e-05 -1.10877e-05 -1.39673e-05 -1.85067e-05 -2.198e-05 3.67678e-06 1.21049e-05 4.59517e-05 8.08709e-05 0.000102896 5.36745e-06 2.22266e-05 6.35914e-05 -2.65736e-05
internal_weight=18446 11143 3284 345 7859 887 6972 6877 795 259 115 7303 6042 4625 1118 125 536 2642 2439 1888 1696 2939 1281 360 222 167 993 343 123 1415
internal_count=18446 11143 3284 345 7859 887 6972 6877 795 259 115 7303 6042 4625 1118 125 536 2642 2439 1888 1696 2939 1281 360 222 167 993 343 123 1415
is_linear=0
shrinkage=0.05


Tree=122
num_leaves=31
num_cat=0
split_feature=8 9 92 72 95 59 106 112 51 59 105 73 73 35 34 21 99 64 70 106 21 74 8 83 43 74 112 66 5 72
split_gain=7.59436e-05 0.000150245 0.000291148 0.00228387 0.000231145 0.000341926 0.000647487 0.000250758 0.000309694 0.000175446 0.000486556 0.00014362 0.000168606 0.000855704 0.000139284 0.000121771 0.000113129 0.000134527 0.000168229 0.000107105 0.000139815 0.000110696 0.000198937 0.000101783 7.82345e-05 0.000160465 0.000321522 7.71082e-05 7.06115e-05 5.63732e-05
threshold=0.00023854166666666669 1.2850000000000004 1.1500000000000001 15.750000000000002 279.52869080000005 278.16189720000006 7.5000000000000009 0.21500000000000002 18.050000000000004 290.29005650000005 9.0336008865803255 23.150000000000006 21.050000000000008 622.50000000000011 0.28950000000000004 -1.3057142857142858 285.60272885000001 14.550000000000002 41.45000000000001 1.5000000000000002 -2.6542857142857144 272.44144150000005 0.001501041666666667 18.600000000000009 510.50000000000006 271.75407475000003 0.15500000000000003 272.56501370000007 0.0012133985277777779 33.850000000000001
decision_type=2 2 2 2 2 2 2 2 2 2 2 2 2 2 2 2 2 2 2 2 2 2 2 2 2 2 2 2 2 2
left_child=27 2 4 -4 -2 6 15 8 -7 11 -11 12 19 -14 -13 16 17 18 -6 21 23 -3 -23 -21 25 -22 -27 -1 -28 -29
right_child=1 9 3 -5 5 7 -8 -9 -10 10 -12 14 13 -15 -16 -17 -18 -19 -20 20 24 22 -24 -25 -26 26 28 29 -30 -31
leaf_value=0 -3.2822849815304353e-07 0 0.00035662083146955828 0 0.00014273782492341252 -0.00015840310956196778 0.00018327975939384835 9.6888569676053507e-06 0 0.00013866912028697698 0 0 0.00017518239067976541 -1.5392119511755914e-05 -5.7596772508820783e-05 0 0 8.9289060061777822e-06 0 0 -9.0243966891463382e-06 0 0.00011858284160427563 6.2228547985796471e-05 6.3603753141905199e-06 0 0 -1.3237838314149136e-05 -8.9907381398853599e-05 0
leaf_weight=4661 3615 1089 52 229 82 53 83 491 95 79 276 88 79 91 249 244 109 340 61 417 2548 84 57 77 88 120 101 2439 246 203
leaf_count=4661 3615 1089 52 229 82 53 83 491 95 79 276 88 79 91 249 244 109 340 61 417 2548 84 57 77 88 120 101 2439 246 203
internal_value=8.34633e-08 2.93664e-06 9.05924e-06 6.04589e-05 5.28967e-06 2.15238e-05 4.14029e-05 0 -6.24289e-05 -2.05488e-06 3.0072e-05 -5.1355e-06 -1.92986e-06 4.44358e-05 -3.7729e-05 2.11411e-05 3.38263e-05 4.45674e-05 9.39295e-05 -4.60728e-06 -9.55865e-06 5.80671e-06 4.7341e-05 9.80496e-06 -1.42543e-05 -1.65158e-05 -4.65991e-05 -3.5852e-06 -7.2319e-05 -1.04143e-05
internal_weight=18446 11143 5454 281 5173 1558 919 639 148 5689 355 5334 4997 170 337 836 592 483 143 4827 3597 1230 141 494 3103 3015 467 7303 347 2642
internal_count=18446 11143 5454 281 5173 1558 919 639 148 5689 355 5334 4997 170 337 836 592 483 143 4827 3597 1230 141 494 3103 3015 467 7303 347 2642
is_linear=0
shrinkage=0.05


Tree=123
num_leaves=31
num_cat=0
split_feature=8 103 105 81 109 35 109 109 19 64 112 16 7 91 8 75 44 66 112 8 52 87 89 70 105 91 59 3 34 13
split_gain=6.91237e-05 0.000132567 0.000410693 0.00154076 0.000764596 0.000168323 0.00102995 0.000563469 9.41649e-05 8.50203e-05 0.000202779 0.000170694 6.99761e-05 0.000300669 0.000399419 0.000317586 0.00022462 6.85402e-05 6.68771e-05 7.52898e-05 7.09066e-05 6.62233e-05 6.8611e-05 0.000120698 6.23226e-05 8.80088e-05 7.69763e-05 0.000103101 9.84017e-05 8.23144e-05
threshold=0.00023854166666666669 -0.60355339059327384 9.0703119626089794 -6.8379694499999735 86.075000000000017 277.50000000000006 83.105000000000004 88.200000000000003 26.850000000000005 14.15 0.51500000000000012 39.600000000000001 0.020515498000000004 276.95312630000006 0.0040145833333333344 26.500000000000004 153.50000000000003 272.56501370000007 3.9100000000000006 0.00037187500000000003 16.350000000000005 276.96064390000009 18.150000000000002 50.45000000000001 9.5328200594442709 277.26763685000009 287.18529865000005 0.0035847222222222226 0.30350000000000005 0.54861111111111127
decision_type=2 2 2 2 2 2 2 2 2 2 2 2 2 2 2 2 2 2 2 2 2 2 2 2 2 2 2 2 2 2
left_child=17 2 3 -2 8 6 9 18 -5 10 11 -3 -4 -14 15 16 -15 -1 19 -7 24 -19 23 -23 25 -21 27 -27 -29 -30
right_child=1 5 12 4 -6 7 -8 -9 -10 -11 -12 -13 13 14 -16 -17 -18 21 -20 20 -22 22 -24 -25 -26 26 -28 28 29 -31
leaf_value=0 0.00031637810955474453 0.00013062886649947814 -1.2852874826571861e-06 3.9500628484239624e-06 0.00016221149457518744 8.3349294480633628e-06 0.00017719200170431188 -0.00012412599827693309 -3.5281870507454813e-05 -1.0041062302965658e-05 0 0 -2.3397997383133375e-06 0.00019533014587787601 0 0 0 -2.5082271126701437e-05 4.9381582004756082e-05 -3.1052454916553172e-07 1.9688403397460281e-06 0 -1.2096130405294137e-05 5.8323169441211303e-05 -1.9648851226576356e-06 0 0 0 -9.9630418890629032e-05 0
leaf_weight=4661 51 63 1975 235 75 1110 92 95 186 536 144 52 427 85 128 65 57 649 58 834 1499 779 1121 93 2754 234 81 98 158 51
leaf_count=4661 51 63 1975 235 75 1110 92 95 186 536 144 52 427 85 128 65 57 649 58 834 1499 779 1121 93 2754 234 81 98 158 51
internal_value=1.17517e-07 2.84815e-06 1.13313e-05 5.13034e-05 1.34056e-05 -6.15155e-08 1.97122e-05 -3.29671e-06 -1.577e-06 0 2.46833e-05 7.57352e-05 1.50075e-06 1.52671e-05 5.25304e-05 9.62199e-05 0.000137909 -3.36418e-06 -8.82797e-07 -2.05064e-06 -4.94667e-06 -9.80349e-06 -2.31051e-06 4.54146e-06 -8.59624e-06 -1.76977e-05 -3.29474e-05 -4.00352e-05 -6.04764e-05 -8.08433e-05
internal_weight=18446 11143 3284 547 496 7859 887 6972 421 795 259 115 2737 762 335 207 142 7303 6877 6819 5709 2642 1993 872 4210 1456 622 541 307 209
internal_count=18446 11143 3284 547 496 7859 887 6972 421 795 259 115 2737 762 335 207 142 7303 6877 6819 5709 2642 1993 872 4210 1456 622 541 307 209
is_linear=0
shrinkage=0.05


Tree=124
num_leaves=31
num_cat=0
split_feature=99 8 74 74 75 72 67 109 74 21 109 93 9 21 66 83 17 32 48 81 21 41 83 114 110 1 1 109 66 87
split_gain=6.20183e-05 0.000101646 0.000157093 0.000937224 0.000174716 0.00124474 0.00230736 0.000705448 0.000217665 0.000586382 0.00099474 0.000131639 0.000117055 0.00020778 0.000134179 0.000157409 0.000109666 0.00011441 8.9975e-05 8.7211e-05 0.00012312 0.000110068 8.21449e-05 9.77004e-05 0.000102814 7.27015e-05 0.000127658 0.000103816 6.37278e-05 5.57433e-05
threshold=286.80096170000007 0.00023854166666666669 264.73261560000003 264.74690030000005 16.500000000000004 18.250000000000004 9.5000000000000018 87.815000000000012 272.72264705000003 -1.8842857142857132 79.980000000000004 19.250000000000004 0.67500000000000016 -3.035714285714286 271.25470105000005 1.2500000000000004 14.500000000000002 56.500000000000007 9.5685500000000037 -4.0310245499999828 -1.4914285714285695 1014.4500000000002 1.9500000000000006 26.930000000000003 8.8350000000000026 0.0012152840000000003 0.00010124050000000002 13.885000000000002 272.56501370000007 276.96064390000009
decision_type=2 2 2 2 2 2 2 2 2 2 2 2 2 2 2 2 2 2 2 2 2 2 2 2 2 2 2 2 2 2
left_child=1 28 -3 -4 7 6 -6 8 12 10 16 -7 13 14 -5 -16 17 -10 19 20 21 -14 23 24 -2 26 -13 -27 -1 -30
right_child=22 2 3 4 5 11 -8 -9 9 -11 -12 25 18 -15 15 -17 -18 -19 -20 -21 -22 -23 -24 -25 -26 27 -28 -29 29 -31
leaf_value=0 -9.6168166530484692e-05 -2.7351939995686848e-06 0.00020127000448288669 0 -2.5357939966852375e-06 6.9198350558638457e-05 0.00035196902555780277 -0.00013206186369443132 9.8666746985222518e-05 0 0.00029042413936352849 0 0 0 0.00013720963019106609 0 0 0 3.9144470468920171e-06 -3.881660546847494e-06 0 -0.00010296174325298588 0 -1.308297557535048e-06 0 0 4.24189182653783e-05 -3.0202404609644749e-05 -2.4086533069700916e-05 -1.8700256441381531e-06
leaf_weight=4157 89 3552 64 58 51 83 76 96 58 371 53 1109 57 769 76 56 69 58 821 1555 176 101 1118 550 72 150 238 362 611 1790
leaf_count=4157 89 3552 64 58 51 83 76 96 58 371 53 1109 57 769 76 56 69 58 821 1555 176 101 1118 550 72 150 238 362 611 1790
internal_value=8.40942e-08 1.31032e-06 4.67645e-06 9.49036e-06 6.77851e-06 1.88162e-05 0.000171639 0 4.09938e-06 3.17798e-05 9.33349e-05 6.16557e-06 0 1.44776e-05 6.14259e-05 8.91108e-05 8.73195e-06 4.96438e-05 -5.80706e-06 -1.26776e-05 -3.85694e-05 -7.12046e-05 -8.31892e-06 -2.1594e-05 -5.9593e-05 6.27438e-07 9.07041e-06 -1.18126e-05 -3.09044e-06 -9.6129e-06
internal_weight=18446 16617 10059 6507 6443 2069 127 4374 4278 609 238 1942 3669 959 190 132 185 116 2710 1889 334 158 1829 711 161 1859 1347 512 6558 2401
internal_count=18446 16617 10059 6507 6443 2069 127 4374 4278 609 238 1942 3669 959 190 132 185 116 2710 1889 334 158 1829 711 161 1859 1347 512 6558 2401
is_linear=0
shrinkage=0.05


Tree=125
num_leaves=31
num_cat=0
split_feature=48 107 72 52 53 81 105 77 109 80 40 1 59 5 75 6 27 107 66 48 112 59 108 80 34 105 83 81 76 51
split_gain=5.237e-05 0.00017393 0.000142403 9.09844e-05 0.000311748 0.000552375 0.00142151 0.00157054 9.31107e-05 0.000187286 0.000842574 0.000962758 0.000523613 5.60638e-05 0.000113895 7.44738e-05 0.000130847 0.000270837 5.08281e-05 4.3152e-05 4.28306e-05 4.17293e-05 6.22865e-05 0.000128071 5.24351e-05 3.5613e-05 4.49778e-05 4.37625e-05 4.35888e-05 7.82579e-05
threshold=2.5216000000000003 50.315893384814146 16.850000000000005 7.5500000000000007 276.51959605000008 -3.2712791000000148 9.3621587602593763 37.412500000000009 79.440000000000012 -1.649999999999977 972.45000000000016 4.8400000000000004e-05 286.07536685000008 0.0019286737083333335 8.5000000000000018 0.0019540714166666668 265.31963320000006 206.2623468749654 263.70833310000006 13.217800000000002 0.045000000000000005 280.14385245000005 1.5000000000000002 -3.0999999999999654 0.37950000000000006 9.1920742312629109 2.1500000000000008 -6.0320072499999915 1.5000000000000002 26.550000000000004
decision_type=2 2 2 2 2 2 2 2 2 2 2 2 2 2 2 2 2 2 2 2 2 2 2 2 2 2 2 2 2 2
left_child=1 2 -1 4 13 6 7 -6 25 10 -10 -12 18 14 -2 16 -15 -18 -11 20 -20 -7 -23 -24 -25 26 -5 -27 -29 -30
right_child=3 -3 -4 8 5 21 -8 -9 9 12 11 -13 -14 15 -16 -17 17 -19 19 -21 -22 22 23 24 -26 27 -28 28 29 -31
leaf_value=0 0 0 -8.4855885946336258e-05 -1.4398821890432489e-05 0 -2.0236141374168231e-06 0 0.00036897663652578361 0 0 -0.00029610948054930008 0 0.00013742242169200835 0 -3.4046572308055146e-05 -7.5565553918606158e-07 0.00012171789710908029 0 0 0 -3.6286887446618177e-05 0 0 8.6438921927933017e-05 0 -7.2106357142485828e-06 0 0 0 1.7212082024697632e-05
leaf_weight=79 701 815 129 950 60 423 184 71 376 198 59 55 63 149 373 233 80 51 136 56 335 51 187 94 53 1277 1464 7018 1343 1188
leaf_count=79 701 815 129 950 60 423 184 71 376 198 59 55 63 149 373 233 80 51 136 56 335 51 187 94 53 1277 1464 7018 1343 1188
internal_value=-8.85468e-07 -1.19093e-05 -5.26821e-05 0 8.16132e-06 2.89425e-05 8.57254e-05 0.000210986 -1.79708e-06 -1.47776e-05 -3.90184e-05 -0.000157534 0 -3.4043e-06 -1.17648e-05 4.36019e-06 2.63984e-05 6.29419e-05 -1.17596e-05 -2.0756e-05 -2.66549e-05 5.46523e-07 1.63216e-05 2.77809e-05 6.25323e-05 -1.65493e-07 -5.92299e-06 6.56944e-07 2.23329e-06 7.86446e-06
internal_weight=18251 1023 208 17228 2710 1123 315 131 14518 1278 490 114 788 1587 1074 513 280 131 725 527 471 808 385 334 147 13240 2414 10826 9549 2531
internal_count=18251 1023 208 17228 2710 1123 315 131 14518 1278 490 114 788 1587 1074 513 280 131 725 527 471 808 385 334 147 13240 2414 10826 9549 2531
is_linear=0
shrinkage=0.05


Tree=126
num_leaves=31
num_cat=0
split_feature=79 57 53 16 3 72 0 50 113 73 73 40 83 105 75 98 99 109 40 77 104 15 7 6 41 73 81 10 112 73
split_gain=5.07932e-05 0.000173885 0.000389965 0.000312134 0.00043134 0.000968971 0.000421607 6.63127e-05 0.000206377 6.15517e-05 9.66595e-05 0.000168468 6.00634e-05 0.000110928 0.00016838 0.000174969 0.000390559 0.000119109 0.000373558 0.000205002 0.000108228 0.00020259 6.90704e-05 7.65642e-05 6.36013e-05 4.46754e-05 4.34736e-05 4.27258e-05 6.71185e-05 8.79337e-05
threshold=-3.7000000000000002 7.6500000000000012 275.60087675000005 47.250000000000007 0.00044166666666666676 18.050000000000004 0.00045000000000000004 108.15000000000002 0.045000000000000005 10.050000000000002 7.450000000000002 990.05000000000007 1.5500000000000005 9.828763935217177 16.500000000000004 8.8500000000000032 267.68031885000005 79.980000000000004 970.25000000000011 36.187500000000007 11.500000000000002 21.801388888888891 0.020547432000000001 0.0021989750208333335 1010.2500000000001 24.450000000000006 2.8299886000000076 0.00025000000000000006 1.0650000000000002 20.050000000000008
decision_type=2 2 2 2 2 2 2 2 2 2 2 2 2 2 2 2 2 2 2 2 2 2 2 2 2 2 2 2 2 2
left_child=7 2 -2 4 -4 -6 -7 8 -1 10 -10 -12 13 14 17 16 -16 25 -19 -20 21 -14 27 24 -24 -3 -11 28 29 -15
right_child=1 12 3 -5 5 6 -8 -9 9 26 11 -13 20 22 15 -17 -18 18 19 -21 -22 -23 23 -25 -26 -27 -28 -29 -30 -31
leaf_value=-9.3566034962034032e-05 -5.0992107668764145e-06 -1.5787877736100205e-05 0 0 0 3.101079291416847e-05 0.00028817468299075698 -1.5567356154929302e-06 -2.925656052572294e-06 -3.7995628151204233e-05 0 0.00011057091841158344 0 0 0 -7.216587560492372e-06 0.00014097611496596813 0 0 -0.0002114112719824665 0 8.8816867722169547e-05 0 0 6.4159837013629299e-05 0 0 -5.8761168526988345e-06 0 7.1838997787216862e-05
leaf_weight=91 448 939 138 153 114 87 79 4594 305 183 80 53 96 147 95 815 68 147 74 54 6666 100 52 170 125 77 62 2041 116 82
leaf_count=91 448 939 138 153 114 87 79 4594 305 183 80 53 96 147 95 815 68 147 74 54 6666 100 52 170 125 77 62 2041 116 82
internal_value=-8.7444e-07 4.85131e-07 2.05282e-05 4.93502e-05 7.20217e-05 0.000107574 0.000184329 -5.06812e-06 -1.9429e-05 -2.11906e-06 0 4.22351e-05 -8.16547e-07 -5.25927e-06 -1.35325e-05 0 4.90722e-05 -2.54473e-05 -6.05474e-05 -0.000122813 1.69369e-06 3.83847e-05 0 2.1989e-05 4.49515e-05 -1.09801e-05 -2.52589e-05 -1.35966e-06 1.08483e-05 3.01096e-05
internal_weight=18251 12883 1019 571 418 280 166 5368 774 683 438 133 11864 5002 2269 978 163 1291 275 128 6862 196 2733 347 177 1016 245 2386 345 229
internal_count=18251 12883 1019 571 418 280 166 5368 774 683 438 133 11864 5002 2269 978 163 1291 275 128 6862 196 2733 347 177 1016 245 2386 345 229
is_linear=0
shrinkage=0.05


Tree=127
num_leaves=31
num_cat=0
split_feature=79 22 83 15 90 73 7 71 73 21 98 108 42 73 110 32 73 51 70 9 73 40 21 1 70 68 44 97 32 50
split_gain=4.7276e-05 6.76485e-05 0.000185426 9.99101e-05 6.66505e-05 0.000248959 0.000478958 0.000113666 0.000184001 0.000319989 0.000609237 0.000158609 0.000153742 9.64589e-05 0.000179912 0.000424021 0.00011726 0.000233233 0.000258038 7.78354e-05 0.000136819 5.77147e-05 5.39265e-05 7.01571e-05 0.00010725 0.000151174 8.39446e-05 5.30768e-05 6.97004e-05 6.90125e-05
threshold=-3.7000000000000002 7.6500000000000012 0.35000000000000009 22.750000000000004 7.2500000000000009 21.050000000000008 0.017110612000000004 22.760204081632661 6.3500000000000023 -1.4414285714285711 9.5500000000000025 4.5000000000000009 253.50000000000003 22.350000000000009 4.4650000000000007 47.500000000000007 20.050000000000008 29.250000000000004 37.650000000000013 0.43500000000000005 7.9500000000000011 967.75000000000011 -3.1571428571428557 8.5250000000000026e-05 38.050000000000004 4.5000000000000009 71.500000000000014 31.750000000000004 69.500000000000014 244.85000000000005
decision_type=2 2 2 2 2 2 2 2 2 2 2 2 2 2 2 2 2 2 2 2 2 2 2 2 2 2 2 2 2 2
left_child=1 2 3 -1 5 7 -7 8 -2 10 -10 -12 21 16 15 -15 22 18 -18 -14 -21 -9 23 -6 -25 26 -26 29 -29 -3
right_child=4 27 -4 -5 13 6 -8 12 9 -11 11 -13 19 14 -16 -17 17 -19 -20 20 -22 -23 -24 24 25 -27 -28 28 -30 -31
leaf_value=-9.4167566308312549e-05 0 1.5164000454414541e-05 0 0 0 0 0.0001830989601888686 0 0.00022810500463372872 0 6.5781967726934447e-05 0 0 -0.00015525843792589788 -6.7310213227283118e-07 0 0 0 0.00012922189667493751 0 9.0914521276527711e-05 -4.3878171431594603e-05 -2.8959816223414406e-06 0 0.00010273387396037357 0 0 -2.9937814485433828e-05 0 -2.8290676809736239e-06
leaf_weight=111 1288 616 335 56 1315 173 58 65 55 191 95 128 71 72 875 84 131 155 90 81 64 344 7141 178 104 64 61 362 59 3829
leaf_count=111 1288 616 335 56 1315 173 58 65 55 191 95 128 71 72 875 84 131 155 90 81 64 344 7141 178 104 64 61 362 59 3829
internal_value=-8.57431e-07 -4.90373e-06 -2.35862e-05 -6.65201e-05 4.40725e-07 7.81991e-06 5.80054e-05 8.32558e-07 9.22517e-06 3.60146e-05 7.10795e-05 9.18432e-06 -1.47506e-05 -9.50535e-07 -1.55719e-05 -6.67549e-05 1.41474e-07 2.78004e-05 6.27612e-05 1.68967e-06 3.65656e-05 -3.5611e-05 -4.7084e-07 6.67996e-06 2.48661e-05 4.75669e-05 7.3564e-05 -1.94458e-06 -1.89221e-05 0
internal_weight=18251 5368 502 167 12883 2613 231 2382 1757 469 278 223 625 10270 1031 156 9239 376 221 216 145 409 8863 1722 407 229 165 4866 421 4445
internal_count=18251 5368 502 167 12883 2613 231 2382 1757 469 278 223 625 10270 1031 156 9239 376 221 216 145 409 8863 1722 407 229 165 4866 421 4445
is_linear=0
shrinkage=0.05


Tree=128
num_leaves=31
num_cat=0
split_feature=48 107 72 52 95 109 94 109 103 69 32 21 77 96 25 101 70 32 77 8 21 69 107 70 41 95 107 34 23 110
split_gain=4.59165e-05 0.000150095 0.000125901 7.07483e-05 0.000277456 0.000698109 0.000124736 7.89093e-05 0.000168612 0.000512043 0.000318935 0.000704726 0.000206276 0.000149439 6.53279e-05 5.47673e-05 8.75612e-05 0.000115539 4.89705e-05 0.000146351 0.000181647 6.95206e-05 3.85983e-05 3.24998e-05 4.94725e-05 3.22203e-05 3.00539e-05 0.000118394 2.22365e-05 2.21932e-05
threshold=2.5216000000000003 50.315893384814146 17.050000000000004 7.5500000000000007 288.38729640000003 86.820000000000007 12.15 79.440000000000012 -0.12940952255126037 41.662500000000016 53.500000000000007 -0.23428571428571482 36.937500000000007 0.25000000000000006 -0.035802691127513449 1.0000000180025095e-35 44.050000000000004 64.500000000000014 36.437500000000007 0.00023854166666666669 -0.68428571428571416 35.037500000000016 124.05833196313399 40.850000000000001 1021.35 284.80523140000008 33.15434016127945 0.34950000000000003 5.5500000000000007 13.420000000000002
decision_type=2 2 2 2 2 2 2 2 2 2 2 2 2 2 2 2 2 2 2 2 2 2 2 2 2 2 2 2 2 2
left_child=1 2 -1 4 15 6 14 26 9 12 11 -10 -9 -14 -6 -2 18 22 -17 -20 21 -21 -18 28 -25 -4 27 -5 -8 -26
right_child=3 -3 25 7 5 -7 23 8 10 -11 -12 -13 13 -15 -16 16 17 -19 19 20 -22 -23 -24 24 29 -27 -28 -29 -30 -31
leaf_value=0 4.1929700231858904e-05 0 0 -3.6592665531242961e-05 0 0.00020998517493864169 -3.0821568267910608e-05 0 -0.00018297695621375475 0.00015441259462722185 -1.0201458973482391e-06 0 0 -0.0001205160628575186 8.0242857592825864e-05 -1.7657230455833926e-06 -6.2506506738600368e-05 0 0 0.00013394460157395506 0 0 0 0 3.7628530796904619e-05 -0.00010940308474916188 1.4399733748436311e-07 0 0 0
leaf_weight=80 65 815 54 276 51 56 120 446 95 51 484 58 81 63 83 1240 159 193 138 61 64 50 96 71 141 74 12472 492 67 55
leaf_count=80 65 815 54 276 51 56 120 446 95 51 484 58 81 63 83 1240 159 193 138 61 64 50 96 71 141 74 12472 492 67 55
internal_value=-8.22433e-07 -1.11426e-05 -4.90276e-05 0 7.18983e-06 3.59539e-05 1.05622e-05 -1.59051e-06 -1.35248e-05 0 -3.20532e-05 -9.71115e-05 -8.25336e-06 -6.19202e-05 5.28835e-05 0 -3.22978e-06 -2.31094e-05 0 1.94312e-05 5.24639e-05 9.15419e-05 -4.5442e-05 0 9.03857e-06 -7.95884e-05 -6.00003e-08 -9.87067e-06 -1.77685e-05 2.71839e-05
internal_weight=18251 1023 208 17228 2710 644 588 14518 1278 641 637 153 590 144 134 2066 2001 448 1553 313 175 111 255 454 267 128 13240 768 187 196
internal_count=18251 1023 208 17228 2710 644 588 14518 1278 641 637 153 590 144 134 2066 2001 448 1553 313 175 111 255 454 267 128 13240 768 187 196
is_linear=0
shrinkage=0.05


Tree=129
num_leaves=31
num_cat=0
split_feature=8 9 33 67 91 24 40 34 111 34 52 64 52 81 105 64 72 72 94 7 34 66 42 72 97 112 101 71 59 13
split_gain=4.58212e-05 0.000113685 0.000426653 0.0001026 0.000191008 0.00014192 0.000122105 0.000112648 0.00028039 8.5119e-05 8.15761e-05 0.000116822 0.000113023 0.000478048 0.00119627 0.000104156 0.00031285 9.86079e-05 0.000128866 7.11352e-05 9.28023e-05 5.24994e-05 8.69533e-05 7.05328e-05 6.03879e-05 8.39872e-05 0.000104216 5.847e-05 4.43549e-05 0.000133156
threshold=0.0038979166666666672 3.7450000000000006 1.0750000000000004 14.500000000000002 277.81960435000002 0.95550679348263523 990.6500000000002 0.32750000000000007 67.780000000000015 0.26950000000000007 5.4500000000000011 13.550000000000002 6.7500000000000009 -4.0310245499999828 9.6606001815219589 12.050000000000002 19.150000000000002 17.250000000000004 18.050000000000004 0.00071206300000000008 0.37650000000000006 277.32384680000001 107.50000000000001 20.650000000000002 11.350000000000003 0.89500000000000013 12.500000000000002 27.391836734693882 290.52507750000007 0.40972222222222227
decision_type=2 2 2 2 2 2 2 2 2 2 2 2 2 2 2 2 2 2 2 2 2 2 2 2 2 2 2 2 2 2
left_child=1 10 21 4 -2 6 9 -5 -9 -6 11 15 13 14 -12 -1 -17 -13 19 -19 -21 24 23 -23 -3 26 27 -26 -14 -30
right_child=3 2 -4 7 5 -7 -8 8 -10 -11 12 17 28 -15 -16 16 -18 18 -20 20 -22 22 -24 -25 25 -27 -28 -29 29 -31
leaf_value=-6.5671149712541255e-06 0 0 0.00011606330673678464 0 0 0 0 0.00013853545731042275 0 -8.4112391965694179e-05 0.00029555549124583483 0 0 0 0 0 0.00012358333006411715 0 0 -5.8829511260434977e-05 0 -8.7884586108358286e-05 0 0 7.1878811764029455e-05 0 0 0 -3.9909595643517216e-05 0
leaf_weight=445 1013 303 98 118 98 89 52 52 83 239 50 233 12225 755 101 108 66 61 173 430 72 56 65 52 164 114 151 56 286 443
leaf_count=445 1013 303 98 118 98 89 52 52 83 239 50 233 12225 755 101 108 66 61 173 430 72 56 65 52 164 114 151 56 286 443
internal_value=-7.80796e-07 0 1.58734e-05 -8.48664e-06 -1.52634e-05 -4.15039e-05 -5.50038e-05 1.16687e-05 4.82186e-05 -6.62874e-05 -1.053e-06 -1.17951e-05 0 1.72282e-05 9.81516e-05 0 3.71219e-05 -2.29999e-05 -3.21049e-05 -4.37961e-05 -5.00427e-05 3.4881e-07 -1.63538e-05 -4.92065e-05 1.0369e-05 2.20269e-05 3.46165e-05 5.65329e-05 -1.01515e-06 -1.30456e-05
internal_weight=18251 16507 1059 1744 1491 478 389 253 135 337 15448 1588 13860 906 151 619 174 969 736 563 502 961 173 108 788 485 371 220 12954 729
internal_count=18251 16507 1059 1744 1491 478 389 253 135 337 15448 1588 13860 906 151 619 174 969 736 563 502 961 173 108 788 485 371 220 12954 729
is_linear=0
shrinkage=0.05


Tree=130
num_leaves=31
num_cat=0
split_feature=8 1 81 50 45 81 21 23 109 70 76 15 64 23 107 97 77 8 32 107 4 24 8 64 95 73 105 83 86 77
split_gain=6.11366e-05 0.00012783 0.00216219 0.000194429 0.00011969 0.000145087 0.000316727 0.000107077 0.000266896 0.000451402 9.36352e-05 0.000324556 7.98367e-05 6.10257e-05 0.000101357 0.000184016 0.000131535 7.0755e-05 0.000242747 0.000312547 6.24805e-05 4.77129e-05 4.55967e-05 8.41504e-05 0.000198905 0.000136402 4.41626e-05 4.10663e-05 4.05593e-05 3.9127e-05
threshold=0.0038979166666666672 0.0059917800000000012 -6.121775850000005 148.65000000000003 0.045000000000000005 6.132179499999979 -1.0785714285714285 5.4500000000000011 82.035000000000011 35.95000000000001 2.5000000000000004 25.947222222222226 19.150000000000002 5.4500000000000011 65.446658712036339 22.750000000000004 33.63750000000001 0.0011052083333333337 38.500000000000007 39.184882750482181 0.072250000000000023 0.97373061833049068 0.00034270833333333337 13.550000000000002 278.03120380000001 2.4500000000000006 9.6850806486745231 1.8500000000000005 4.0500000000000007 42.312500000000007
decision_type=2 2 2 2 2 2 2 2 2 2 2 2 2 2 2 2 2 2 2 2 2 2 2 2 2 2 2 2 2 2
left_child=1 13 -3 -4 10 7 -7 -6 -9 -10 -2 -12 26 14 15 -1 -17 -15 19 -19 21 -18 27 24 -24 -26 -5 -16 -27 -20
right_child=4 2 3 12 5 6 -8 8 9 -11 11 -13 -14 17 22 16 20 18 29 -21 -22 -23 23 -25 25 28 -28 -29 -30 -31
leaf_value=0 0 0.00033218088092186156 6.9817546171879464e-05 -7.1401491210789129e-05 0 -1.0330263138169685e-05 0.00012126282823957362 -1.3329509446147337e-05 0 -0.00021405905101831501 0.00014053438310375501 0 0 0 -1.6900024191439692e-05 0 -6.8085512094069443e-05 0.00016541280771042663 0 1.4686586204849114e-06 0 0 0 0 0 0.00013389188160277521 0 0 0 1.8459788161355192e-05
leaf_weight=379 561 51 64 93 109 118 52 644 88 59 52 81 191 11473 516 72 311 57 1797 218 51 52 107 397 50 67 137 184 54 291
leaf_count=379 561 51 64 93 109 118 52 644 88 59 52 81 191 11473 516 72 311 57 1797 218 51 52 107 397 50 67 137 184 54 291
internal_value=0 8.79413e-07 2.48804e-05 0 -8.90598e-06 -2.02217e-05 1.15572e-06 -2.98059e-05 -3.6724e-05 -0.000104648 1.35023e-06 4.19092e-05 -2.00255e-05 0 -7.57428e-06 -2.10014e-05 -4.15806e-05 1.31697e-06 9.21831e-06 5.4042e-05 -5.31158e-05 -6.03797e-05 0 1.01028e-05 3.16439e-05 6.71961e-05 -3.99579e-05 -8.01169e-06 9.5713e-05 8.98283e-07
internal_weight=18376 16612 536 485 1764 1070 170 900 791 147 694 133 421 16076 2240 865 486 13836 2363 275 414 363 1375 675 278 171 230 700 121 2088
internal_count=18376 16612 536 485 1764 1070 170 900 791 147 694 133 421 16076 2240 865 486 13836 2363 275 414 363 1375 675 278 171 230 700 121 2088
is_linear=0
shrinkage=0.05


Tree=131
num_leaves=31
num_cat=0
split_feature=103 1 58 111 33 71 107 76 113 9 34 113 39 62 27 21 26 98 71 105 80 27 83 111 27 84 71 104 110 20
split_gain=5.87895e-05 0.000307919 0.00248174 0.000137395 0.00024844 0.000133035 0.000144903 0.000129109 0.000976838 9.55935e-05 6.09417e-05 5.72068e-05 9.44169e-05 6.84598e-05 7.00071e-05 5.58528e-05 4.83879e-05 4.43417e-05 9.17716e-05 6.42176e-05 6.19695e-05 0.000184444 4.66508e-05 3.98535e-05 8.53501e-05 0.000224905 0.000326657 0.000359494 8.09762e-05 6.962e-05
threshold=-0.5 0.0059917800000000012 2.2500000000000009 1.8 0.83500000000000008 24.155102040816331 23.343657412555221 3.5000000000000004 0.085000000000000006 6.4500000000000002 0.34850000000000003 0.065000000000000016 63.500000000000007 38.350000000000001 282.03510875000006 -0.12857142857142917 286.12142175000002 19.550000000000004 25.063265306122453 10.650483037778512 7.8000000000000123 268.40932690000005 0.45000000000000007 6.3150000000000013 265.90053835000009 12.500000000000002 22.892857142857146 28.500000000000004 6.5650000000000004 31.050000000000004
decision_type=2 2 2 2 2 2 2 2 2 2 2 2 2 2 2 2 2 2 2 2 2 2 2 2 2 2 2 2 2 2
left_child=1 7 9 4 5 10 -7 11 -9 -3 16 12 -1 14 15 -14 -2 20 19 22 23 -22 -19 24 -5 26 -26 -28 29 -25
right_child=3 2 -4 17 -6 6 -8 8 -10 -11 -12 -13 13 -15 -16 -17 -18 18 -20 -21 21 -23 -24 28 25 -27 27 -29 -30 -31
leaf_value=0 -7.0580888827336186e-05 -2.9286676812967271e-05 0.0003722847222625027 0 -0.00013268467709949298 0 9.0311996138043034e-05 0.00022766424350549025 0 3.0797350026170114e-05 0 0 -5.010706533350371e-05 0 0 0 0 0 0 0 0 0.00010579718665493683 -6.8015489658055631e-05 0 0 0 0.00018381984189593491 0 0 -2.004867914342573e-05
leaf_weight=327 107 177 50 260 56 57 53 52 900 90 236 3887 351 121 58 69 51 61 409 73 143 54 133 620 112 337 75 60 8404 993
leaf_count=327 107 177 50 260 56 57 53 52 900 90 236 3887 351 121 58 69 51 61 409 73 143 54 133 620 112 337 75 60 8404 993
internal_value=0 3.95877e-06 5.21259e-05 -2.04944e-06 -2.6457e-05 -4.51359e-06 2.65391e-05 4.34473e-07 1.78882e-05 0 -2.58866e-05 -1.98219e-06 -1.32168e-05 -2.57544e-05 -3.44695e-05 -4.20423e-05 -5.12148e-05 -4.5637e-07 -1.29365e-05 -3.57608e-05 0 2.79345e-05 -5.08024e-05 -1.95959e-07 9.54613e-06 2.22795e-05 5.86351e-05 0.000110789 -1.51677e-06 -1.18198e-05
internal_weight=18376 6082 317 12294 560 504 110 5765 952 267 394 4813 926 599 478 420 158 11734 676 267 11058 197 194 10861 844 584 247 135 10017 1613
internal_count=18376 6082 317 12294 560 504 110 5765 952 267 394 4813 926 599 478 420 158 11734 676 267 11058 197 194 10861 844 584 247 135 10017 1613
is_linear=0
shrinkage=0.05


Tree=132
num_leaves=31
num_cat=0
split_feature=103 113 48 65 84 20 111 39 109 77 72 75 52 83 50 59 41 52 105 53 62 114 24 97 18 97 17 110 66 64
split_gain=5.55727e-05 0.000189342 0.000860548 0.00266 0.000173783 0.000279312 0.000128205 0.000223846 0.000363136 0.000120595 0.00014854 6.03008e-05 3.99779e-05 0.000109842 0.000135993 0.000107087 0.000114449 7.2833e-05 0.000114775 0.000137874 0.000286091 0.000289798 5.88517e-05 4.74961e-05 3.31975e-05 0.000106484 0.000162784 9.47067e-05 0.000129764 5.01184e-05
threshold=-0.5 0.055000000000000007 10.037150000000002 6.7500000000000018 8.5000000000000018 28.250000000000004 1.8 12.500000000000002 87.315000000000012 36.937500000000007 19.550000000000004 4.5000000000000009 5.6500000000000012 0.35000000000000009 37.150000000000013 280.30041950000003 1025.9500000000003 7.1500000000000012 10.428373544156942 283.05444125000002 27.450000000000003 25.805000000000003 -0.89428310540303413 23.750000000000004 1.5000000000000002 25.050000000000004 10.500000000000002 6.4800000000000013 276.64098385000005 15.750000000000002
decision_type=2 2 2 2 2 2 2 2 2 2 2 2 2 2 2 2 2 2 2 2 2 2 2 2 2 2 2 2 2 2
left_child=1 2 4 -4 5 -1 7 11 -9 -6 -11 -2 13 15 -15 16 22 18 19 20 -14 -22 -8 -23 25 -19 -27 28 -26 -28
right_child=6 -3 3 -5 9 -7 12 8 -10 10 -12 -13 17 14 -16 -17 -18 24 -20 -21 21 23 -24 -25 27 26 29 -29 -30 -31
leaf_value=0 -3.2712663393352438e-08 0 0.00040896159072588032 0 0 0.00011631835434912583 0 -4.8524357643951519e-06 -0.00016274076207385709 -8.7601714752073205e-05 0 4.7434466567264919e-05 0 7.0676102730320763e-05 -3.2882995084252095e-06 0 0 0 0 0 0.00019148099378253392 0 -5.6196243009397546e-05 3.8666982360920981e-05 -2.5587345287529459e-06 0 0 0 -6.9206128536043396e-05 9.6156078288105266e-05
leaf_weight=60 164 5154 55 122 468 78 61 262 68 95 50 66 246 65 952 70 51 2157 283 75 59 80 340 113 720 140 60 6047 126 89
leaf_count=60 164 5154 55 122 468 78 61 262 68 95 50 66 246 65 952 70 51 2157 283 75 59 80 340 113 720 140 60 6047 126 89
internal_value=0 3.87285e-06 2.46525e-05 0.000123524 0 5.16342e-05 -1.96953e-06 -2.55483e-05 -5.28861e-05 -1.01992e-05 -5.00246e-05 0 -4.16085e-07 -8.11081e-06 0 -2.68098e-05 -3.76938e-05 2.55775e-07 1.45031e-05 2.85295e-05 4.03363e-05 7.76917e-05 -4.80918e-05 1.63255e-05 -5.16194e-07 3.70965e-06 3.21571e-05 -2.74134e-06 -1.84581e-05 6.86461e-05
internal_weight=18376 6082 928 177 751 138 12294 560 330 613 145 230 11734 1539 1017 522 452 10195 856 573 498 252 401 193 9339 2446 289 6893 846 149
internal_count=18376 6082 928 177 751 138 12294 560 330 613 145 230 11734 1539 1017 522 452 10195 856 573 498 252 401 193 9339 2446 289 6893 846 149
is_linear=0
shrinkage=0.05


Tree=133
num_leaves=31
num_cat=0
split_feature=8 3 83 33 92 17 50 45 42 76 66 73 73 71 50 109 66 105 59 4 90 27 76 72 114 95 106 40 87 64
split_gain=6.11279e-05 0.000119984 0.000244194 0.00170424 0.000226554 0.00180124 0.000154989 0.000112185 0.000147406 0.000170908 9.79932e-05 0.000129274 0.000296738 0.000314714 0.000330023 0.000250727 0.000262397 0.000198596 0.000116496 0.00010667 8.9831e-05 0.000156317 7.86067e-05 0.000298894 6.70115e-05 6.1075e-05 8.30512e-05 7.31389e-05 0.000116805 0.000121759
threshold=0.0038979166666666672 0.003285416666666667 1.0000000180025095e-35 1.0550000000000004 1.3500000000000003 21.500000000000004 42.350000000000001 0.045000000000000005 450.50000000000006 2.5000000000000004 271.92391890000005 20.050000000000008 22.150000000000006 23.959183673469393 791.85000000000014 80.210000000000022 275.06779175000003 9.7153059311507999 276.85090510000003 0.0099500000000000022 12.350000000000003 265.95597895000009 2.5000000000000004 28.650000000000002 38.660000000000004 290.47739010000004 7.5000000000000009 974.05000000000007 272.32070905000006 19.550000000000004
decision_type=2 2 2 2 2 2 2 2 2 2 2 2 2 2 2 2 2 2 2 2 2 2 2 2 2 2 2 2 2 2
left_child=1 10 3 -3 6 -6 -4 22 20 -10 -1 15 13 -13 -15 18 -17 -18 24 -14 21 -9 -2 -24 -12 26 -8 -28 -29 -30
right_child=7 2 4 -5 5 -7 25 8 9 -11 11 12 19 14 -16 16 17 -19 -20 -21 -22 -23 23 -25 -26 -27 27 28 29 -31
leaf_value=1.0319668444326844e-06 0 0 6.2761879343452157e-05 0.00031457364251015387 0 0.00031462495655878585 0 0 0 8.7348881436680268e-05 -2.6277007720868479e-05 0 0 0.00019336391887225633 0 0 -0.00012050491942503534 0 0 -5.8066895816886066e-05 0 -6.6657360758651368e-05 0.00013474315013179596 0 0 1.3282726428625589e-05 0 0 -9.6912930435456325e-05 0
leaf_weight=5856 561 184 99 50 180 51 4731 125 151 55 865 78 564 62 60 96 153 52 1820 83 424 315 51 82 66 762 299 303 106 92
leaf_count=5856 561 184 99 50 180 51 4731 125 151 55 865 78 564 62 60 96 153 52 1820 83 424 315 51 82 66 762 299 303 106 92
internal_value=0 8.7661e-07 6.15794e-06 5.78399e-05 3.56865e-06 5.26992e-05 1.00306e-06 -8.90789e-06 -1.98069e-05 0 -2.3235e-06 -8.64417e-06 4.65936e-06 6.08277e-05 0.000111548 -1.39743e-05 -5.99066e-05 -9.19004e-05 -7.11177e-06 -5.05437e-06 -3.01956e-05 -4.79337e-05 7.06181e-07 3.83292e-05 -2.14903e-05 0 -1.80737e-06 -1.6786e-05 -2.85278e-05 -5.93329e-05
internal_weight=18376 16612 6857 234 6623 231 6392 1764 1070 206 9755 3899 847 200 122 3052 301 205 2751 647 864 440 694 133 931 6293 5531 800 501 198
internal_count=18376 16612 6857 234 6623 231 6392 1764 1070 206 9755 3899 847 200 122 3052 301 205 2751 647 864 440 694 133 931 6293 5531 800 501 198
is_linear=0
shrinkage=0.05


Tree=134
num_leaves=31
num_cat=0
split_feature=8 8 8 76 111 0 83 45 63 27 34 87 6 32 108 84 48 66 83 77 101 105 76 72 98 73 3 48 19 77
split_gain=5.75153e-05 0.000113307 0.000494485 0.000310842 0.00017972 0.000183998 0.000224837 0.000102746 0.000132791 0.000179252 0.000149221 0.000138729 0.00010185 9.16342e-05 0.000100753 0.000206516 8.82825e-05 0.000249346 7.56472e-05 0.000161553 0.000125997 0.000145035 6.85495e-05 0.000272947 6.54243e-05 5.85476e-05 7.52782e-05 7.99218e-05 8.63353e-05 0.000123734
threshold=0.0038979166666666672 0.00092500000000000015 0.00093958333333333339 3.5000000000000004 77.345000000000013 0.00025000000000000006 2.5500000000000012 0.045000000000000005 31.854000000000003 265.78409230000005 0.33550000000000008 272.85046960000005 0.0027519362083333336 43.500000000000007 2.5000000000000004 9.5000000000000018 8.7005000000000017 272.01566545000009 0.15000000000000005 37.287500000000016 19.500000000000004 9.3777043229101 2.5000000000000004 28.650000000000002 7.6500000000000012 15.350000000000003 0.00050000000000000012 8.6158000000000019 41.850000000000009 32.487500000000004
decision_type=2 2 2 2 2 2 2 2 2 2 2 2 2 2 2 2 2 2 2 2 2 2 2 2 2 2 2 2 2 2
left_child=1 18 -3 13 5 -5 -7 22 9 -9 -11 -12 -13 14 15 -4 -10 -18 19 25 21 -21 -2 -24 -15 -1 -27 28 29 -28
right_child=7 2 3 4 -6 6 -8 8 16 10 11 12 -14 24 -16 -17 17 -19 -20 20 -22 -23 23 -25 -26 26 27 -29 -30 -31
leaf_value=-9.9468898605755907e-06 0 0.00013653535458651241 9.6100381892892978e-05 0 0 9.339573673461881e-05 0 0 -8.9305835844054902e-06 0 0 -1.5817753520310094e-05 -0.00013281148526838473 0 0 0 0 0.00012705573775817285 0 -8.0578162491483485e-05 0 -4.4708858133180955e-06 0.00012813555321092562 0 -1.5163545904216253e-05 0 0 0 0 8.1991423408271668e-05
leaf_weight=516 561 76 99 59 120 266 108 225 57 271 92 176 118 1636 401 118 80 51 11083 196 92 348 51 82 1031 148 54 60 52 149
leaf_count=516 561 76 99 59 120 266 108 225 57 271 92 176 118 1636 401 118 80 51 11083 196 92 348 51 82 1031 148 54 60 52 149
internal_value=0 8.46868e-07 8.45238e-06 4.57876e-06 3.93446e-05 5.4875e-05 6.86418e-05 -8.64384e-06 -1.9051e-05 -2.85688e-05 -4.21463e-05 -6.31202e-05 -8.00146e-05 0 1.58423e-05 4.32211e-05 0 4.04595e-05 -1.10419e-06 -1.12521e-05 -3.09069e-05 -4.11637e-05 2.11799e-07 3.57651e-05 -5.2569e-06 0 1.43251e-05 2.99479e-05 4.34461e-05 5.85384e-05
internal_weight=18376 16612 3914 3838 553 433 374 1764 1070 882 657 386 294 3285 618 217 188 131 12698 1615 636 544 694 133 2667 979 463 315 255 203
internal_count=18376 16612 3914 3838 553 433 374 1764 1070 882 657 386 294 3285 618 217 188 131 12698 1615 636 544 694 133 2667 979 463 315 255 203
is_linear=0
shrinkage=0.05


end of trees

feature_importances:
pct_forest=218
total_tp_next_48h=163
pct_wetland=126
pop_density=121
last_osi=109
min_t2m_next_48h=108
pre_event_mean_osi=106
soil_moist_t=98
min_t2m_next_24h=98
log_customers=92
cumul_tp_since_onset=83
gust_trend_last6h_obs=80
last_N_t=75
frac_zero_72h=74
sp_t=74
pct_water=69
gust_mean_next_48h=67
gust_max_next_48h=64
pct_developed=64
gust_max_last6h_obs=59
hours_since_obs=59
gust_last_obs=57
osi_trend_last6h=56
mslma_t=56
gust_peak4h_mean_next_48h=56
gust_x_hso=55
wind_speed_max_next_24h=55
wind_speed_max_next_48h=53
t2m_at_t48h=53
tree_canopy_std=51
pressure_change_6h=50
pct_agriculture=49
last_R_t=47
gust_max_next_24h=47
wind_speed_max_next_6h=46
osi_mean_72h=44
t2m_at_t24h=44
r2_t=41
temp_change_6h=41
gust_gt30_since_onset=40
gust_gt30_next_48h=39
blh_t=37
min_t2m_next_6h=37
gust_peak4h_mean_next_24h=37
t2m_at_t6h=37
R_t_max_72h=36
pre_event_max_outage_pct=34
hours_since_peak=34
n_utilities=34
R_t_mean_72h=33
gust_max_obs=33
wind_speed_at_t48h=33
gust_mean_obs=32
d2m_t=32
gust_mean_next_24h=32
hour_cos=30
wind_sin_t=27
total_tp_next_24h=26
gust_at_t48h=26
gust_gt30_next_24h=25
wind_speed_at_t24h=24
N_t_mean_72h=23
tp_at_t6h=22
osi_max_72h=21
wind_speed_at_t6h=21
wind_speed_max_next_1h=20
gust_gt30_obs=17
vpd_t=17
gust_gt40_next_48h=17
storm_onset_max_osi=16
soil_moist_x_gust=16
rural_urban_code=15
gust_max_next_6h=14
diffuse_rad_t=12
t2m_at_t1h=12
wind_speed_t=11
min_t2m_next_1h=11
hour_of_day=11
gust_gt40_obs=10
tp_at_t48h=10
wind_cos_t=9
t2m_t=9
et0_t=9
gust_at_t24h=9
hour_sin=9
mcc_t=8
gust_max_next_1h=8
total_tp_next_6h=8
lcc_t=6
sdswrf_t=6
gust_change_3h=6
gust_at_t6h=6
gust_t=5
tcc_t=5
hcc_t=4
gust_change_1h=4
wind_change_1h=4
direct_rad_t=3
wind_speed_at_t1h=3
tp_at_t24h=3
tp_at_t1h=2
is_worsening=1
gust_gt40_next_24h=1

parameters:
[boosting: gbdt]
[objective: huber]
[metric: rmse]
[tree_learner: serial]
[device_type: cpu]
[data_sample_strategy: bagging]
[data: ]
[valid: ]
[num_iterations: 135]
[learning_rate: 0.05]
[num_leaves: 31]
[num_threads: 0]
[seed: 42]
[deterministic: 0]
[force_col_wise: 0]
[force_row_wise: 0]
[histogram_pool_size: -1]
[max_depth: -1]
[min_data_in_leaf: 50]
[min_sum_hessian_in_leaf: 0.001]
[bagging_fraction: 0.8]
[pos_bagging_fraction: 1]
[neg_bagging_fraction: 1]
[bagging_freq: 5]
[bagging_seed: 42]
[bagging_by_query: 0]
[feature_fraction: 0.8]
[feature_fraction_bynode: 1]
[feature_fraction_seed: 42]
[extra_trees: 0]
[extra_seed: 12879]
[early_stopping_round: 0]
[early_stopping_min_delta: 0]
[first_metric_only: 0]
[max_delta_step: 0]
[lambda_l1: 0.1]
[lambda_l2: 1]
[linear_lambda: 0]
[min_gain_to_split: 0]
[drop_rate: 0.1]
[max_drop: 50]
[skip_drop: 0.5]
[xgboost_dart_mode: 0]
[uniform_drop: 0]
[drop_seed: 42]
[top_rate: 0.2]
[other_rate: 0.1]
[min_data_per_group: 100]
[max_cat_threshold: 32]
[cat_l2: 10]
[cat_smooth: 10]
[max_cat_to_onehot: 4]
[top_k: 20]
[monotone_constraints: ]
[monotone_constraints_method: basic]
[monotone_penalty: 0]
[feature_contri: ]
[forcedsplits_filename: ]
[refit_decay_rate: 0.9]
[cegb_tradeoff: 1]
[cegb_penalty_split: 0]
[cegb_penalty_feature_lazy: ]
[cegb_penalty_feature_coupled: ]
[path_smooth: 0]
[interaction_constraints: ]
[verbosity: -1]
[saved_feature_importance_type: 0]
[use_quantized_grad: 0]
[num_grad_quant_bins: 4]
[quant_train_renew_leaf: 0]
[stochastic_rounding: 1]
[linear_tree: 0]
[max_bin: 255]
[max_bin_by_feature: ]
[min_data_in_bin: 3]
[bin_construct_sample_cnt: 200000]
[data_random_seed: 42]
[is_enable_sparse: 1]
[enable_bundle: 1]
[use_missing: 1]
[zero_as_missing: 0]
[feature_pre_filter: 1]
[pre_partition: 0]
[two_round: 0]
[header: 0]
[label_column: ]
[weight_column: ]
[group_column: ]
[ignore_column: ]
[categorical_feature: ]
[forcedbins_filename: ]
[precise_float_parser: 0]
[parser_config_file: ]
[objective_seed: 16083]
[num_class: 1]
[is_unbalance: 0]
[scale_pos_weight: 1]
[sigmoid: 1]
[boost_from_average: 1]
[reg_sqrt: 0]
[alpha: 0.9]
[fair_c: 1]
[poisson_max_delta_step: 0.7]
[tweedie_variance_power: 1.5]
[lambdarank_truncation_level: 30]
[lambdarank_norm: 1]
[label_gain: ]
[lambdarank_position_bias_regularization: 0]
[eval_at: ]
[multi_error_top_k: 1]
[auc_mu_weights: ]
[num_machines: 1]
[local_listen_port: 12400]
[time_out: 120]
[machine_list_filename: ]
[machines: ]
[gpu_platform_id: -1]
[gpu_device_id: -1]
[gpu_device_id_list: ]
[gpu_use_dp: 0]
[num_gpu: 1]

end of parameters

pandas_categorical:[]
