fipsCode,countyName,stateAbbr,timestamp_et,osi_target_t01h,osi_target_t06h,osi_target_t24h,osi_target_t48h
18001,Adams County,IN,3/14/2026 0:00,0.009626492771172333,0.004730083980315378,0.0,0.005449296024151823
18001,Adams County,IN,3/14/2026 1:00,0.005608204978533146,0.003646168353647164,0.0,0.005269729983674224
18001,Adams County,IN,3/14/2026 2:00,0.004943976494897959,0.0025410610207208494,0.0,0.005416848463608919
18001,Adams County,IN,3/14/2026 3:00,0.005137244391436757,0.0028820721597846437,0.0,0.005745102275947792
18001,Adams County,IN,3/14/2026 4:00,0.0047554128149270855,0.0021620307450712006,0.0,0.005986806798743634
18001,Adams County,IN,3/14/2026 5:00,0.004824162577258285,0.001497038748716091,0.0,0.00747066562325868
18001,Adams County,IN,3/14/2026 6:00,0.0037830676617899056,0.0013102642129116247,0.0,0.006042647170714712
18001,Adams County,IN,3/14/2026 7:00,0.004140382553859717,0.0011321770908812076,0.0,0.006455098975829335
18001,Adams County,IN,3/14/2026 8:00,0.003215524648735995,0.0019343771757400943,0.0,0.006884211064414961
18001,Adams County,IN,3/14/2026 9:00,0.002258577613222919,0.0,0.0,0.006412022913447997
18001,Adams County,IN,3/14/2026 10:00,0.001414335555512398,0.0,0.0,0.006733935318591981
18001,Adams County,IN,3/14/2026 11:00,0.0015530405031031888,0.0,0.0011832688562355125,0.002235592425309335
18001,Adams County,IN,3/14/2026 12:00,0.0,0.0,0.0015166859527210327,0.0016645563199710312
18001,Adams County,IN,3/14/2026 13:00,0.0,0.0,0.001958003136224377,0.001220541234182757
18001,Adams County,IN,3/14/2026 14:00,0.0,0.0,0.0013497828837563597,0.001028287237511228
18001,Adams County,IN,3/14/2026 15:00,0.0,0.0,0.001423313786947985,0.001175574779031953
18001,Adams County,IN,3/14/2026 16:00,0.0,0.0,0.002381485686506067,0.0
18001,Adams County,IN,3/14/2026 17:00,0.0,0.0,0.0026451626459412145,0.0
18001,Adams County,IN,3/14/2026 18:00,0.0,0.0,0.0022111975620247694,0.0
18001,Adams County,IN,3/14/2026 19:00,0.0,0.0,0.002035938441728226,0.0
18001,Adams County,IN,3/14/2026 20:00,0.0,0.0,0.001789647603425888,0.0
18001,Adams County,IN,3/14/2026 21:00,0.0,0.0,0.0012551757939850384,0.0
18001,Adams County,IN,3/14/2026 22:00,0.0,0.0,0.0014272128898488786,0.0
18001,Adams County,IN,3/14/2026 23:00,0.0,0.0,0.0020418237961613017,0.0
18001,Adams County,IN,3/15/2026 0:00,0.0,0.0,0.0033885796794504335,0.0
18001,Adams County,IN,3/15/2026 1:00,0.0,0.0,0.003968574719634417,0.0
18001,Adams County,IN,3/15/2026 2:00,0.0,0.0,0.0034123271959335495,0.0
18001,Adams County,IN,3/15/2026 3:00,0.0,0.0,0.003147501423735319,0.0
18001,Adams County,IN,3/15/2026 4:00,0.0,0.0,0.004067198194660857,0.0
18001,Adams County,IN,3/15/2026 5:00,0.0,0.0013418279605630127,0.00407910021432719,0.0
18001,Adams County,IN,3/15/2026 6:00,0.0,0.0015679019589802093,0.0042410826297549845,0.0
18001,Adams County,IN,3/15/2026 7:00,0.0,0.002049422837526297,0.0059387390770749855,0.0
18001,Adams County,IN,3/15/2026 8:00,0.0,0.0023807559046731316,0.004991187865534787,0.0
18001,Adams County,IN,3/15/2026 9:00,0.0,0.003034538676244521,0.005255099098257637,0.0
18001,Adams County,IN,3/15/2026 10:00,0.0,0.0037852271296076015,0.0034713430252272543,0.0
18001,Adams County,IN,3/15/2026 11:00,0.0016292853132965004,0.004696236615171781,0.002409477361420236,0.0
18001,Adams County,IN,3/15/2026 12:00,0.002859633663493156,0.0043401616600445845,0.002690816124903886,0.0
18001,Adams County,IN,3/15/2026 13:00,0.0031232423075382644,0.0034713934958668802,0.001835632227051349,0.0
18001,Adams County,IN,3/15/2026 14:00,0.003848606076924693,0.0029577347560967087,0.0011274763995561354,0.0
18001,Adams County,IN,3/15/2026 15:00,0.0034036084153150972,0.003113966409056028,0.0013893972446333256,0.0
18001,Adams County,IN,3/15/2026 16:00,0.003572552281399592,0.003345436128925765,0.0,0.0
18001,Adams County,IN,3/15/2026 17:00,0.003090874540286081,0.0040732588265216,0.0,0.0
18001,Adams County,IN,3/15/2026 18:00,0.003024036441027547,0.0029832699554173795,0.0,0.0
18001,Adams County,IN,3/15/2026 19:00,0.002529610483253582,0.0032362374077358493,0.0,0.0
18001,Adams County,IN,3/15/2026 20:00,0.0,0.003822502658182657,0.0,0.0
18001,Adams County,IN,3/15/2026 21:00,0.0,0.004039228076199848,0.001318592480835485,0.0
18001,Adams County,IN,3/15/2026 22:00,0.00139651360426802,0.00427225607933026,0.0,0.0
18001,Adams County,IN,3/15/2026 23:00,0.0029270691629632345,0.004472950614438632,0.0,0.0
18001,Adams County,IN,3/16/2026 0:00,0.0018762785309065124,0.003303497848089785,0.0,0.0
18001,Adams County,IN,3/16/2026 1:00,0.004920628067996618,0.006145103971665673,0.0,0.0
18001,Adams County,IN,3/16/2026 2:00,0.0037823232447654867,0.004539250377648159,0.0,0.0
18001,Adams County,IN,3/16/2026 3:00,0.0032688131213844227,0.0044626663117898055,0.0,0.0
18001,Adams County,IN,3/16/2026 4:00,0.0026847871287546104,0.003704502935033105,0.0,0.0
18001,Adams County,IN,3/16/2026 5:00,0.0022927924012984134,0.0027596719724552535,0.0,0.0
18001,Adams County,IN,3/16/2026 6:00,0.002331754884789769,0.0022415575354931237,0.0,0.0
18001,Adams County,IN,3/16/2026 7:00,0.0037284430135431468,0.0021764141016883077,0.0,0.0
18001,Adams County,IN,3/16/2026 8:00,0.002442883073255349,0.0014878025358637944,0.0,0.0
18001,Adams County,IN,3/16/2026 9:00,0.0022003128524517475,0.0,0.0,0.0
18001,Adams County,IN,3/16/2026 10:00,0.0016969595725216816,0.001047390911485249,0.0,0.0
18001,Adams County,IN,3/16/2026 11:00,0.0013345851426914612,0.0014507230800500609,0.0,0.0
18001,Adams County,IN,3/16/2026 12:00,0.0013328183176252546,0.0011487414554239902,0.0,0.0
18001,Adams County,IN,3/16/2026 13:00,0.0014185356144817251,0.0010796193188130484,0.0,0.0
18001,Adams County,IN,3/16/2026 14:00,0.001192577786250548,0.0011247965119985733,0.0,0.0
18001,Adams County,IN,3/16/2026 15:00,0.0,0.0010838830160505694,0.0,0.0
18001,Adams County,IN,3/16/2026 16:00,0.0,0.0010474397111855413,0.0,0.0
18001,Adams County,IN,3/16/2026 17:00,0.0,0.0,0.0,0.0
18001,Adams County,IN,3/16/2026 18:00,0.0,0.0,0.0,0.0
18001,Adams County,IN,3/16/2026 19:00,0.0010509777896707112,0.0,0.0,0.0
18001,Adams County,IN,3/16/2026 20:00,0.001244725262585378,0.0,0.0,0.0
18001,Adams County,IN,3/16/2026 21:00,0.0,0.0,0.0,0.0
18001,Adams County,IN,3/16/2026 22:00,0.0,0.0,0.0,0.0
18001,Adams County,IN,3/16/2026 23:00,0.0,0.0,0.0,0.0
18001,Adams County,IN,3/17/2026 0:00,0.0013954201654581952,0.0,0.0,0.0
18001,Adams County,IN,3/17/2026 1:00,0.0011534622054853302,0.0,0.0,0.0
18001,Adams County,IN,3/17/2026 2:00,0.0011198600314973673,0.0,0.0,0.0
18001,Adams County,IN,3/17/2026 3:00,0.0,0.0010519062298733294,0.0,0.0
18001,Adams County,IN,3/17/2026 4:00,0.0,0.0010518168569400377,0.0,0.0
18001,Adams County,IN,3/17/2026 5:00,0.0,0.001051212988514399,0.0,0.0
18001,Adams County,IN,3/17/2026 6:00,0.0,0.001187716453292894,0.0,0.0
18001,Adams County,IN,3/17/2026 7:00,0.0,0.0,0.0,0.0
18001,Adams County,IN,3/17/2026 8:00,0.0,0.0,0.0,0.0
18001,Adams County,IN,3/17/2026 9:00,0.0,0.0,0.0,0.0
18001,Adams County,IN,3/17/2026 10:00,0.0,0.0,0.0,0.0
18001,Adams County,IN,3/17/2026 11:00,0.0,0.0,0.0,0.0
18001,Adams County,IN,3/17/2026 12:00,0.0,0.0,0.0,0.0
18001,Adams County,IN,3/17/2026 13:00,0.0,0.0,0.0,0.0
18001,Adams County,IN,3/17/2026 14:00,0.0,0.0,0.0,0.0
18001,Adams County,IN,3/17/2026 15:00,0.0,0.0,0.0,0.0
18001,Adams County,IN,3/17/2026 16:00,0.0,0.0,0.0,0.0
18001,Adams County,IN,3/17/2026 17:00,0.0,0.0,0.0,0.0
18001,Adams County,IN,3/17/2026 18:00,0.0,0.0,0.0,0.0
18001,Adams County,IN,3/17/2026 19:00,0.0,0.0,0.0,0.0
18001,Adams County,IN,3/17/2026 20:00,0.0,0.0,0.0,0.0
18001,Adams County,IN,3/17/2026 21:00,0.0,0.0,0.0,0.0
18001,Adams County,IN,3/17/2026 22:00,0.0,0.0,0.0,0.0
18001,Adams County,IN,3/17/2026 23:00,0.0,0.0,0.0,0.0
18001,Adams County,IN,3/18/2026 0:00,0.0,0.0,0.0,
18001,Adams County,IN,3/18/2026 1:00,0.0,0.0,0.0,
18001,Adams County,IN,3/18/2026 2:00,0.0,0.0,0.0,
18001,Adams County,IN,3/18/2026 3:00,0.0,0.0,0.0,
18001,Adams County,IN,3/18/2026 4:00,0.0,0.0,0.0,
18001,Adams County,IN,3/18/2026 5:00,0.0,0.0,0.0,
18001,Adams County,IN,3/18/2026 6:00,0.0012790747840900677,0.0,0.0,
18001,Adams County,IN,3/18/2026 7:00,0.0,0.0,0.0,
18001,Adams County,IN,3/18/2026 8:00,0.0,0.0,0.0,
18001,Adams County,IN,3/18/2026 9:00,0.0,0.0,0.0,
18001,Adams County,IN,3/18/2026 10:00,0.0,0.0,0.0,
18001,Adams County,IN,3/18/2026 11:00,0.0,0.0,0.0,
18001,Adams County,IN,3/18/2026 12:00,0.0,0.0,0.0,
18001,Adams County,IN,3/18/2026 13:00,0.0018876752073958727,0.0,0.0,
18001,Adams County,IN,3/18/2026 14:00,0.0018068581277797336,0.0,0.0,
18001,Adams County,IN,3/18/2026 15:00,0.0,0.0,0.0,
18001,Adams County,IN,3/18/2026 16:00,0.0,0.0,0.0,
18001,Adams County,IN,3/18/2026 17:00,0.0,0.0,0.0,
18001,Adams County,IN,3/18/2026 18:00,0.0,0.0,0.0,
18001,Adams County,IN,3/18/2026 19:00,0.0,0.0,0.0,
18001,Adams County,IN,3/18/2026 20:00,0.0,0.0,0.0,
18001,Adams County,IN,3/18/2026 21:00,0.0,0.0,0.0,
18001,Adams County,IN,3/18/2026 22:00,0.0,0.0,0.0,
18001,Adams County,IN,3/18/2026 23:00,0.0,0.0,0.0,
18001,Adams County,IN,3/19/2026 0:00,0.0,0.0,,
18001,Adams County,IN,3/19/2026 1:00,0.0,0.0,,
18001,Adams County,IN,3/19/2026 2:00,0.0,0.0,,
18001,Adams County,IN,3/19/2026 3:00,0.0,0.0,,
18001,Adams County,IN,3/19/2026 4:00,0.0,0.0,,
18001,Adams County,IN,3/19/2026 5:00,0.0,0.0,,
18001,Adams County,IN,3/19/2026 6:00,0.0,0.0,,
18001,Adams County,IN,3/19/2026 7:00,0.0,0.0,,
18001,Adams County,IN,3/19/2026 8:00,0.0,0.0,,
18001,Adams County,IN,3/19/2026 9:00,0.0,0.0,,
18001,Adams County,IN,3/19/2026 10:00,0.0,0.0,,
18001,Adams County,IN,3/19/2026 11:00,0.0,0.0,,
18001,Adams County,IN,3/19/2026 12:00,0.0,0.0,,
18001,Adams County,IN,3/19/2026 13:00,0.0,0.0,,
18001,Adams County,IN,3/19/2026 14:00,0.0,0.0,,
18001,Adams County,IN,3/19/2026 15:00,0.0,0.0,,
18001,Adams County,IN,3/19/2026 16:00,0.0,0.0,,
18001,Adams County,IN,3/19/2026 17:00,0.0,0.0,,
18001,Adams County,IN,3/19/2026 18:00,0.0,,,
18001,Adams County,IN,3/19/2026 19:00,0.0,,,
18001,Adams County,IN,3/19/2026 20:00,0.0,,,
18001,Adams County,IN,3/19/2026 21:00,0.0,,,
18001,Adams County,IN,3/19/2026 22:00,0.0,,,
18001,Adams County,IN,3/19/2026 23:00,,,,
18003,Allen County,IN,3/14/2026 0:00,0.008726304676062165,0.006082926569926652,0.002584387922614092,0.007611717993427397
18003,Allen County,IN,3/14/2026 1:00,0.008740600885386179,0.0047329508522444925,0.0023746252922457016,0.007122821680513148
18003,Allen County,IN,3/14/2026 2:00,0.01339938578569306,0.006080682676239533,0.0025328779552178105,0.006640260924813526
18003,Allen County,IN,3/14/2026 3:00,0.01339239714062996,0.0053974125667877485,0.001460733841277503,0.006389524316329223
18003,Allen County,IN,3/14/2026 4:00,0.008661185559546212,0.004834121726235221,0.001323909798106199,0.006771392164141402
18003,Allen County,IN,3/14/2026 5:00,0.008225594610037613,0.00407774046224851,0.0011312355949990728,0.006614137649265949
18003,Allen County,IN,3/14/2026 6:00,0.008153865930252576,0.0036502047297291207,0.0010601529587448404,0.006160772713097863
18003,Allen County,IN,3/14/2026 7:00,0.008875472730936224,0.003070016275469189,0.0011627779757668161,0.006633470411044185
18003,Allen County,IN,3/14/2026 8:00,0.007146647446158881,0.002990338299494327,0.0011834693107871056,0.006327913624727533
18003,Allen County,IN,3/14/2026 9:00,0.005978410777181043,0.002869476190528381,0.0011137720613836962,0.005917216703167754
18003,Allen County,IN,3/14/2026 10:00,0.005412828060942764,0.00272645440961081,0.0,0.006556142495239842
18003,Allen County,IN,3/14/2026 11:00,0.005175267824893467,0.0021447083642775217,0.0023891220008900394,0.003644992397855859
18003,Allen County,IN,3/14/2026 12:00,0.004305492997231222,0.001626796539605761,0.0038151737787772296,0.0028517900965378934
18003,Allen County,IN,3/14/2026 13:00,0.00392394141715062,0.0013103714909093746,0.005694850242293952,0.0013770492897327512
18003,Allen County,IN,3/14/2026 14:00,0.0033239378005525864,0.0015894967066905688,0.005579995258678483,0.0013414150762623665
18003,Allen County,IN,3/14/2026 15:00,0.003319236581033549,0.001615989770149651,0.00510522449327222,0.002142541109203997
18003,Allen County,IN,3/14/2026 16:00,0.003335514837887243,0.001520818220465064,0.005560054423206955,0.0014961039542667634
18003,Allen County,IN,3/14/2026 17:00,0.0023028882828763616,0.0012571527589671303,0.005569636805358971,0.0012637210617191864
18003,Allen County,IN,3/14/2026 18:00,0.0021232242890934926,0.0,0.005518272158865686,0.0012005580613785882
18003,Allen County,IN,3/14/2026 19:00,0.0016972796894748803,0.0,0.005570536705802255,0.0011850445109877611
18003,Allen County,IN,3/14/2026 20:00,0.0017090034400420108,0.0,0.004003629817350051,0.0
18003,Allen County,IN,3/14/2026 21:00,0.001977870987534343,0.001779124979053212,0.0038763753914662657,0.0
18003,Allen County,IN,3/14/2026 22:00,0.002029191814689323,0.0,0.004635334755434726,0.0
18003,Allen County,IN,3/14/2026 23:00,0.0018176976840103985,0.0,0.004605300566374356,0.0
18003,Allen County,IN,3/15/2026 0:00,0.001865250818989658,0.0,0.006089560653709352,0.0
18003,Allen County,IN,3/15/2026 1:00,0.0017054260966623464,0.0,0.007265799699052589,0.0
18003,Allen County,IN,3/15/2026 2:00,0.001577126715114801,0.0,0.006563687116799336,0.0
18003,Allen County,IN,3/15/2026 3:00,0.0015516624562636003,0.0,0.005236154152209497,0.0
18003,Allen County,IN,3/15/2026 4:00,0.0017752008895626943,0.0012566922318977226,0.004801072637112949,0.0
18003,Allen County,IN,3/15/2026 5:00,0.002058040826093798,0.002814941507091301,0.005789874349654306,0.0
18003,Allen County,IN,3/15/2026 6:00,0.0021407277665697216,0.004334886428596781,0.006276031718711425,0.0
18003,Allen County,IN,3/15/2026 7:00,0.0019504075393394326,0.0053494135546435775,0.005301030570651226,0.0
18003,Allen County,IN,3/15/2026 8:00,0.0019307860271595013,0.005732462230866559,0.005262094330861499,0.0
18003,Allen County,IN,3/15/2026 9:00,0.0012175662370918694,0.005685988625565955,0.004271281976587904,0.0
18003,Allen County,IN,3/15/2026 10:00,0.0019377734059774115,0.0068179798466267445,0.00311398055404961,0.0
18003,Allen County,IN,3/15/2026 11:00,0.004986628087093503,0.00702854101904612,0.002431420431310109,0.0
18003,Allen County,IN,3/15/2026 12:00,0.004721974973405961,0.006565974995713185,0.0019820858052131927,0.0
18003,Allen County,IN,3/15/2026 13:00,0.0052381919267989,0.006580608042556694,0.0011282216931301947,0.0
18003,Allen County,IN,3/15/2026 14:00,0.005951258435191528,0.005216058482159468,0.001453728863255324,0.0
18003,Allen County,IN,3/15/2026 15:00,0.005367229815698759,0.0046844124751991775,0.0012750611800192097,0.0
18003,Allen County,IN,3/15/2026 16:00,0.005866170186234566,0.00472956068730371,0.0,0.0
18003,Allen County,IN,3/15/2026 17:00,0.005708607860222931,0.004517281991067833,0.0,0.0
18003,Allen County,IN,3/15/2026 18:00,0.005636532825472678,0.005876900501829936,0.0,0.0
18003,Allen County,IN,3/15/2026 19:00,0.0053177677977038216,0.007154080598724469,0.0,0.0
18003,Allen County,IN,3/15/2026 20:00,0.004964823599868947,0.006052323380844737,0.0,0.0
18003,Allen County,IN,3/15/2026 21:00,0.004585323954524934,0.005332004480094532,0.0,0.0
18003,Allen County,IN,3/15/2026 22:00,0.004596367151526284,0.004326817182836959,0.0,0.0
18003,Allen County,IN,3/15/2026 23:00,0.007351083366412095,0.004263983525829744,0.0,0.0
18003,Allen County,IN,3/16/2026 0:00,0.006992265923785713,0.003932898807604514,0.0,0.0
18003,Allen County,IN,3/16/2026 1:00,0.008956912164038905,0.005570377751393871,0.0,0.0
18003,Allen County,IN,3/16/2026 2:00,0.009219882860141285,0.0032360535677327315,0.0011729443675929437,0.0
18003,Allen County,IN,3/16/2026 3:00,0.008703485190314686,0.002693143739621268,0.0,0.0
18003,Allen County,IN,3/16/2026 4:00,0.007404921298919967,0.002247226095087907,0.0010902096021703327,0.0
18003,Allen County,IN,3/16/2026 5:00,0.007297400038318478,0.002130306704666762,0.0,0.0
18003,Allen County,IN,3/16/2026 6:00,0.005826745896583288,0.002692254097208991,0.0,0.0
18003,Allen County,IN,3/16/2026 7:00,0.005657532615162478,0.0022056686154174557,0.0,0.0
18003,Allen County,IN,3/16/2026 8:00,0.006072653019988283,0.0018584300650610805,0.0,0.0
18003,Allen County,IN,3/16/2026 9:00,0.0038944622062853265,0.0014503613260287496,0.0,0.0
18003,Allen County,IN,3/16/2026 10:00,0.002638800162149526,0.001587040363104779,0.0,0.0
18003,Allen County,IN,3/16/2026 11:00,0.002661861059818583,0.0014716138735672848,0.0,0.0
18003,Allen County,IN,3/16/2026 12:00,0.001601170029596132,0.0013239942064368277,0.0,0.0
18003,Allen County,IN,3/16/2026 13:00,0.0021582494794981826,0.0012728847578640059,0.0,0.0
18003,Allen County,IN,3/16/2026 14:00,0.0016267653844890355,0.0010596511269783822,0.0,0.0
18003,Allen County,IN,3/16/2026 15:00,0.0012619163619363152,0.001035342130189615,0.0,0.0
18003,Allen County,IN,3/16/2026 16:00,0.0,0.0011613095581934785,0.0,0.0
18003,Allen County,IN,3/16/2026 17:00,0.0,0.0011844341177225078,0.0,0.0
18003,Allen County,IN,3/16/2026 18:00,0.0010300639611293388,0.0012150818177819914,0.0,0.0
18003,Allen County,IN,3/16/2026 19:00,0.0012567446556848232,0.0014279043952965653,0.0,0.0
18003,Allen County,IN,3/16/2026 20:00,0.0,0.0013997118755642508,0.0,0.0
18003,Allen County,IN,3/16/2026 21:00,0.00103407010578551,0.0013645728108593856,0.0,0.0
18003,Allen County,IN,3/16/2026 22:00,0.0,0.001327693592058516,0.0,0.0
18003,Allen County,IN,3/16/2026 23:00,0.0,0.0013525238992109247,0.0,0.0
18003,Allen County,IN,3/17/2026 0:00,0.0013482561441817086,0.0011415937547570182,0.0,0.0
18003,Allen County,IN,3/17/2026 1:00,0.001278557567882496,0.0012291360718134252,0.0,0.0
18003,Allen County,IN,3/17/2026 2:00,0.0015843650905487706,0.0012038500641940921,0.0,0.0
18003,Allen County,IN,3/17/2026 3:00,0.0015495873643380119,0.0010610126393111442,0.0,0.0
18003,Allen County,IN,3/17/2026 4:00,0.001924609809059675,0.0,0.0,0.0
18003,Allen County,IN,3/17/2026 5:00,0.0013205101907252013,0.0016975225611982948,0.0,0.0
18003,Allen County,IN,3/17/2026 6:00,0.0012246796115493298,0.0018323963731975243,0.0,0.0
18003,Allen County,IN,3/17/2026 7:00,0.0,0.0015562311867667949,0.0,0.0
18003,Allen County,IN,3/17/2026 8:00,0.0010045484197337925,0.0014447344447999495,0.0,0.0
18003,Allen County,IN,3/17/2026 9:00,0.0013510824620398495,0.0,0.0,0.0
18003,Allen County,IN,3/17/2026 10:00,0.0,0.0012428820347823838,0.0,0.0
18003,Allen County,IN,3/17/2026 11:00,0.0,0.0,0.0,0.0
18003,Allen County,IN,3/17/2026 12:00,0.0012474724419704161,0.0,0.0,0.0
18003,Allen County,IN,3/17/2026 13:00,0.0,0.0,0.0,0.0
18003,Allen County,IN,3/17/2026 14:00,0.0,0.0,0.0,0.0
18003,Allen County,IN,3/17/2026 15:00,0.0,0.0,0.0,0.0
18003,Allen County,IN,3/17/2026 16:00,0.0,0.0,0.0,0.0
18003,Allen County,IN,3/17/2026 17:00,0.0,0.0,0.0,0.0
18003,Allen County,IN,3/17/2026 18:00,0.0,0.0,0.0,0.0
18003,Allen County,IN,3/17/2026 19:00,0.0,0.0,0.0,0.0
18003,Allen County,IN,3/17/2026 20:00,0.0,0.0,0.0,0.0
18003,Allen County,IN,3/17/2026 21:00,0.0,0.0,0.0,0.0
18003,Allen County,IN,3/17/2026 22:00,0.0,0.0,0.0,0.0
18003,Allen County,IN,3/17/2026 23:00,0.0,0.0,0.0,0.0
18003,Allen County,IN,3/18/2026 0:00,0.0,0.0,0.0,
18003,Allen County,IN,3/18/2026 1:00,0.0,0.0,0.0,
18003,Allen County,IN,3/18/2026 2:00,0.0,0.0,0.0,
18003,Allen County,IN,3/18/2026 3:00,0.0,0.0,0.0,
18003,Allen County,IN,3/18/2026 4:00,0.0,0.0,0.0,
18003,Allen County,IN,3/18/2026 5:00,0.002550700015019895,0.0,0.0,
18003,Allen County,IN,3/18/2026 6:00,0.0,0.0,0.0,
18003,Allen County,IN,3/18/2026 7:00,0.0,0.0,0.0,
18003,Allen County,IN,3/18/2026 8:00,0.0,0.0,0.0,
18003,Allen County,IN,3/18/2026 9:00,0.0,0.0,0.0,
18003,Allen County,IN,3/18/2026 10:00,0.0,0.0,0.0,
18003,Allen County,IN,3/18/2026 11:00,0.0,0.0,0.0,
18003,Allen County,IN,3/18/2026 12:00,0.0,0.0,0.0,
18003,Allen County,IN,3/18/2026 13:00,0.0,0.0,0.0,
18003,Allen County,IN,3/18/2026 14:00,0.0,0.0,0.0,
18003,Allen County,IN,3/18/2026 15:00,0.0,0.0,0.0,
18003,Allen County,IN,3/18/2026 16:00,0.0,0.0,0.0,
18003,Allen County,IN,3/18/2026 17:00,0.0,0.0,0.0,
18003,Allen County,IN,3/18/2026 18:00,0.0,0.0,0.0,
18003,Allen County,IN,3/18/2026 19:00,0.0,0.0,0.0,
18003,Allen County,IN,3/18/2026 20:00,0.0,0.0,0.0,
18003,Allen County,IN,3/18/2026 21:00,0.0,0.0,0.0,
18003,Allen County,IN,3/18/2026 22:00,0.0,0.0,0.0,
18003,Allen County,IN,3/18/2026 23:00,0.0,0.0,0.0011071998990702808,
18003,Allen County,IN,3/19/2026 0:00,0.0,0.0,,
18003,Allen County,IN,3/19/2026 1:00,0.0,0.0,,
18003,Allen County,IN,3/19/2026 2:00,0.0,0.0,,
18003,Allen County,IN,3/19/2026 3:00,0.0,0.0,,
18003,Allen County,IN,3/19/2026 4:00,0.0,0.0,,
18003,Allen County,IN,3/19/2026 5:00,0.0,0.0,,
18003,Allen County,IN,3/19/2026 6:00,0.0,0.0,,
18003,Allen County,IN,3/19/2026 7:00,0.0,0.0,,
18003,Allen County,IN,3/19/2026 8:00,0.0,0.0,,
18003,Allen County,IN,3/19/2026 9:00,0.0,0.0,,
18003,Allen County,IN,3/19/2026 10:00,0.0,0.0,,
18003,Allen County,IN,3/19/2026 11:00,0.0,0.0,,
18003,Allen County,IN,3/19/2026 12:00,0.0,0.0,,
18003,Allen County,IN,3/19/2026 13:00,0.0,0.0,,
18003,Allen County,IN,3/19/2026 14:00,0.0,0.0,,
18003,Allen County,IN,3/19/2026 15:00,0.0,0.0,,
18003,Allen County,IN,3/19/2026 16:00,0.0,0.0,,
18003,Allen County,IN,3/19/2026 17:00,0.0,0.0,,
18003,Allen County,IN,3/19/2026 18:00,0.0,,,
18003,Allen County,IN,3/19/2026 19:00,0.0,,,
18003,Allen County,IN,3/19/2026 20:00,0.0,,,
18003,Allen County,IN,3/19/2026 21:00,0.0,,,
18003,Allen County,IN,3/19/2026 22:00,0.0,,,
18003,Allen County,IN,3/19/2026 23:00,,,,
18005,Bartholomew County,IN,3/14/2026 0:00,0.0,0.0,0.0,0.007941890561199679
18005,Bartholomew County,IN,3/14/2026 1:00,0.0,0.0,0.0,0.006856450318757001
18005,Bartholomew County,IN,3/14/2026 2:00,0.0,0.0,0.0,0.004051981913278821
18005,Bartholomew County,IN,3/14/2026 3:00,0.0,0.0,0.0,0.004426823496133274
18005,Bartholomew County,IN,3/14/2026 4:00,0.0,0.0,0.0,0.0023929470126910686
18005,Bartholomew County,IN,3/14/2026 5:00,0.0,0.0,0.0,0.002918078683663978
18005,Bartholomew County,IN,3/14/2026 6:00,0.0,0.0,0.0,0.00182035395828367
18005,Bartholomew County,IN,3/14/2026 7:00,0.0,0.0,0.0,0.0015003162464306708
18005,Bartholomew County,IN,3/14/2026 8:00,0.0,0.0,0.0,0.001813588670094645
18005,Bartholomew County,IN,3/14/2026 9:00,0.0,0.0,0.0,0.0026082623922587113
18005,Bartholomew County,IN,3/14/2026 10:00,0.0,0.0,0.0,0.0017459557425987065
18005,Bartholomew County,IN,3/14/2026 11:00,0.0,0.0,0.002213504638863321,0.0015777725704905874
18005,Bartholomew County,IN,3/14/2026 12:00,0.0,0.0,0.007833061859602856,0.001185061309694553
18005,Bartholomew County,IN,3/14/2026 13:00,0.0,0.0,0.014834512421099627,0.0012711845372881134
18005,Bartholomew County,IN,3/14/2026 14:00,0.0,0.0,0.016519723509537832,0.0010410796517865283
18005,Bartholomew County,IN,3/14/2026 15:00,0.0,0.0,0.01761657016665625,0.0
18005,Bartholomew County,IN,3/14/2026 16:00,0.0,0.0,0.018075715612943636,0.0
18005,Bartholomew County,IN,3/14/2026 17:00,0.0,0.0,0.013088161184510103,0.0
18005,Bartholomew County,IN,3/14/2026 18:00,0.0,0.0,0.01051048877835118,0.0
18005,Bartholomew County,IN,3/14/2026 19:00,0.0,0.0,0.00819972714643522,0.0
18005,Bartholomew County,IN,3/14/2026 20:00,0.0,0.0,0.007450592914378939,0.0
18005,Bartholomew County,IN,3/14/2026 21:00,0.0,0.0,0.008335888730311474,0.0
18005,Bartholomew County,IN,3/14/2026 22:00,0.0,0.0,0.006452917841847748,0.0
18005,Bartholomew County,IN,3/14/2026 23:00,0.0,0.0,0.007981062295272531,0.0
18005,Bartholomew County,IN,3/15/2026 0:00,0.0,0.0,0.008586798844898037,0.0
18005,Bartholomew County,IN,3/15/2026 1:00,0.0,0.0012427549175079143,0.010356708393877551,0.0
18005,Bartholomew County,IN,3/15/2026 2:00,0.0,0.0,0.006322640235307154,0.0
18005,Bartholomew County,IN,3/15/2026 3:00,0.0,0.0012691489802982917,0.005622117516522823,0.0
18005,Bartholomew County,IN,3/15/2026 4:00,0.0,0.0,0.00639445776292071,0.0
18005,Bartholomew County,IN,3/15/2026 5:00,0.0,0.007221109135390068,0.004509814848108588,0.0
18005,Bartholomew County,IN,3/15/2026 6:00,0.0,0.008093015589327287,0.003739516213681806,0.0
18005,Bartholomew County,IN,3/15/2026 7:00,0.0,0.008503559908471231,0.003346526906541764,0.0
18005,Bartholomew County,IN,3/15/2026 8:00,0.0,0.009831586949076786,0.0030981484138308795,0.0
18005,Bartholomew County,IN,3/15/2026 9:00,0.0,0.009498549844257536,0.0046401280138334295,0.0
18005,Bartholomew County,IN,3/15/2026 10:00,0.0,0.009563769223542141,0.002199721562254652,0.0
18005,Bartholomew County,IN,3/15/2026 11:00,0.011049352635822626,0.00769040340227175,0.0018514962445697499,0.0
18005,Bartholomew County,IN,3/15/2026 12:00,0.01385169647881427,0.006711977209226185,0.0011850092892949618,0.0
18005,Bartholomew County,IN,3/15/2026 13:00,0.013446150431324314,0.006698122561539574,0.0,0.0
18005,Bartholomew County,IN,3/15/2026 14:00,0.011125258005032761,0.006882650354463068,0.0,0.0
18005,Bartholomew County,IN,3/15/2026 15:00,0.011042255187560537,0.00413084221404503,0.0,0.0
18005,Bartholomew County,IN,3/15/2026 16:00,0.007300979970953335,0.004392632399196337,0.0,0.0
18005,Bartholomew County,IN,3/15/2026 17:00,0.007937345240542893,0.004853454909468421,0.0,0.0
18005,Bartholomew County,IN,3/15/2026 18:00,0.006191514436468054,0.0053932652629182735,0.0,0.0
18005,Bartholomew County,IN,3/15/2026 19:00,0.006232038975884791,0.006239046690070661,0.0,0.0
18005,Bartholomew County,IN,3/15/2026 20:00,0.005946977285891637,0.007819035972353767,0.0,0.0
18005,Bartholomew County,IN,3/15/2026 21:00,0.0028421571710589644,0.007208130213784905,0.0,0.0
18005,Bartholomew County,IN,3/15/2026 22:00,0.004309909180826842,0.005972141542481037,0.0,0.0
18005,Bartholomew County,IN,3/15/2026 23:00,0.0077464892367173285,0.004671598893960699,0.001067442777708434,0.0
18005,Bartholomew County,IN,3/16/2026 0:00,0.007604917331074004,0.003219825482058186,0.0,0.0
18005,Bartholomew County,IN,3/16/2026 1:00,0.006062385198862175,0.0032472679527092234,0.0,0.0
18005,Bartholomew County,IN,3/16/2026 2:00,0.005537713574815166,0.0022399799681803267,0.0,0.0
18005,Bartholomew County,IN,3/16/2026 3:00,0.003866941464103287,0.0017729666338508654,0.0,0.0
18005,Bartholomew County,IN,3/16/2026 4:00,0.0028617408969902522,0.001560793361469118,0.0,0.0
18005,Bartholomew County,IN,3/16/2026 5:00,0.0027214144174779395,0.0015007908979197493,0.0,0.0
18005,Bartholomew County,IN,3/16/2026 6:00,0.002912526497279517,0.0015537136985414486,0.0,0.0
18005,Bartholomew County,IN,3/16/2026 7:00,0.002191424189197866,0.0014520396401674672,0.0,0.0
18005,Bartholomew County,IN,3/16/2026 8:00,0.0021337935081655584,0.0014327326746620417,0.0,0.0
18005,Bartholomew County,IN,3/16/2026 9:00,0.0020828316006915484,0.0010403896297036333,0.0,0.0
18005,Bartholomew County,IN,3/16/2026 10:00,0.0015548818534110993,0.0010914174386077661,0.0,0.0
18005,Bartholomew County,IN,3/16/2026 11:00,0.0013774722717139407,0.001017365597074197,0.0,0.0
18005,Bartholomew County,IN,3/16/2026 12:00,0.001417685247460824,0.001042965557063811,0.0,0.0
18005,Bartholomew County,IN,3/16/2026 13:00,0.0011833166839697864,0.0,0.0,0.0
18005,Bartholomew County,IN,3/16/2026 14:00,0.001030631767673455,0.0,0.0,0.0
18005,Bartholomew County,IN,3/16/2026 15:00,0.0017081393083443334,0.0,0.0,0.0
18005,Bartholomew County,IN,3/16/2026 16:00,0.0,0.0011206488512427854,0.0,0.0
18005,Bartholomew County,IN,3/16/2026 17:00,0.0,0.001147259120315123,0.0,0.0
18005,Bartholomew County,IN,3/16/2026 18:00,0.0,0.0,0.0,0.0
18005,Bartholomew County,IN,3/16/2026 19:00,0.0010006091648203845,0.0,0.0,0.0
18005,Bartholomew County,IN,3/16/2026 20:00,0.0,0.0,0.0,0.0
18005,Bartholomew County,IN,3/16/2026 21:00,0.0,0.0,0.0,0.0
18005,Bartholomew County,IN,3/16/2026 22:00,0.0,0.0,0.0,0.0
18005,Bartholomew County,IN,3/16/2026 23:00,0.0,0.0,0.0,0.0
18005,Bartholomew County,IN,3/17/2026 0:00,0.0,0.0,0.0,0.0
18005,Bartholomew County,IN,3/17/2026 1:00,0.0,0.0,0.0,0.0
18005,Bartholomew County,IN,3/17/2026 2:00,0.0,0.0,0.0,0.0
18005,Bartholomew County,IN,3/17/2026 3:00,0.0,0.0,0.0,0.0
18005,Bartholomew County,IN,3/17/2026 4:00,0.0,0.0,0.0,0.0
18005,Bartholomew County,IN,3/17/2026 5:00,0.0,0.0,0.0,0.0
18005,Bartholomew County,IN,3/17/2026 6:00,0.0,0.0,0.0,0.0
18005,Bartholomew County,IN,3/17/2026 7:00,0.0,0.0,0.0,0.0
18005,Bartholomew County,IN,3/17/2026 8:00,0.0,0.0,0.0,0.0
18005,Bartholomew County,IN,3/17/2026 9:00,0.0,0.0,0.0,0.0
18005,Bartholomew County,IN,3/17/2026 10:00,0.0,0.0,0.0,0.0
18005,Bartholomew County,IN,3/17/2026 11:00,0.0,0.0,0.0,0.0
18005,Bartholomew County,IN,3/17/2026 12:00,0.0,0.0,0.0,0.0
18005,Bartholomew County,IN,3/17/2026 13:00,0.0,0.0,0.0,0.0
18005,Bartholomew County,IN,3/17/2026 14:00,0.0,0.0,0.0,0.0
18005,Bartholomew County,IN,3/17/2026 15:00,0.0,0.0,0.0,0.0
18005,Bartholomew County,IN,3/17/2026 16:00,0.0,0.0,0.0,0.0
18005,Bartholomew County,IN,3/17/2026 17:00,0.0,0.0,0.0,0.0
18005,Bartholomew County,IN,3/17/2026 18:00,0.0,0.0,0.0,0.0
18005,Bartholomew County,IN,3/17/2026 19:00,0.0,0.0,0.0,0.0
18005,Bartholomew County,IN,3/17/2026 20:00,0.0,0.0,0.0,0.0
18005,Bartholomew County,IN,3/17/2026 21:00,0.0,0.0,0.0,0.0
18005,Bartholomew County,IN,3/17/2026 22:00,0.0,0.0,0.0,0.0
18005,Bartholomew County,IN,3/17/2026 23:00,0.0,0.0,0.0,0.0
18005,Bartholomew County,IN,3/18/2026 0:00,0.0,0.0,0.0,
18005,Bartholomew County,IN,3/18/2026 1:00,0.0,0.0,0.0,
18005,Bartholomew County,IN,3/18/2026 2:00,0.0,0.0,0.0,
18005,Bartholomew County,IN,3/18/2026 3:00,0.0,0.0,0.0,
18005,Bartholomew County,IN,3/18/2026 4:00,0.0,0.0,0.0,
18005,Bartholomew County,IN,3/18/2026 5:00,0.0,0.0,0.0,
18005,Bartholomew County,IN,3/18/2026 6:00,0.0,0.0,0.0,
18005,Bartholomew County,IN,3/18/2026 7:00,0.0,0.0,0.0,
18005,Bartholomew County,IN,3/18/2026 8:00,0.0,0.0,0.0,
18005,Bartholomew County,IN,3/18/2026 9:00,0.0,0.0,0.0,
18005,Bartholomew County,IN,3/18/2026 10:00,0.0,0.0,0.0,
18005,Bartholomew County,IN,3/18/2026 11:00,0.0,0.0,0.0,
18005,Bartholomew County,IN,3/18/2026 12:00,0.0,0.0,0.0,
18005,Bartholomew County,IN,3/18/2026 13:00,0.0,0.0,0.0,
18005,Bartholomew County,IN,3/18/2026 14:00,0.0,0.0,0.0,
18005,Bartholomew County,IN,3/18/2026 15:00,0.0,0.0,0.0,
18005,Bartholomew County,IN,3/18/2026 16:00,0.0,0.0,0.0,
18005,Bartholomew County,IN,3/18/2026 17:00,0.0,0.0,0.0,
18005,Bartholomew County,IN,3/18/2026 18:00,0.0,0.0,0.0,
18005,Bartholomew County,IN,3/18/2026 19:00,0.0,0.0,0.0,
18005,Bartholomew County,IN,3/18/2026 20:00,0.0,0.0,0.0,
18005,Bartholomew County,IN,3/18/2026 21:00,0.0,0.0,0.0,
18005,Bartholomew County,IN,3/18/2026 22:00,0.0,0.0,0.0,
18005,Bartholomew County,IN,3/18/2026 23:00,0.0,0.0,0.0,
18005,Bartholomew County,IN,3/19/2026 0:00,0.0,0.0,,
18005,Bartholomew County,IN,3/19/2026 1:00,0.0,0.0,,
18005,Bartholomew County,IN,3/19/2026 2:00,0.0,0.0,,
18005,Bartholomew County,IN,3/19/2026 3:00,0.0,0.0,,
18005,Bartholomew County,IN,3/19/2026 4:00,0.0,0.0,,
18005,Bartholomew County,IN,3/19/2026 5:00,0.0,0.0,,
18005,Bartholomew County,IN,3/19/2026 6:00,0.0,0.0,,
18005,Bartholomew County,IN,3/19/2026 7:00,0.0,0.0,,
18005,Bartholomew County,IN,3/19/2026 8:00,0.0,0.0,,
18005,Bartholomew County,IN,3/19/2026 9:00,0.0,0.0,,
18005,Bartholomew County,IN,3/19/2026 10:00,0.0,0.0,,
18005,Bartholomew County,IN,3/19/2026 11:00,0.0,0.0,,
18005,Bartholomew County,IN,3/19/2026 12:00,0.0,0.0,,
18005,Bartholomew County,IN,3/19/2026 13:00,0.0,0.0,,
18005,Bartholomew County,IN,3/19/2026 14:00,0.0,0.0,,
18005,Bartholomew County,IN,3/19/2026 15:00,0.0,0.0,,
18005,Bartholomew County,IN,3/19/2026 16:00,0.0,0.0,,
18005,Bartholomew County,IN,3/19/2026 17:00,0.0,0.0,,
18005,Bartholomew County,IN,3/19/2026 18:00,0.0,,,
18005,Bartholomew County,IN,3/19/2026 19:00,0.0,,,
18005,Bartholomew County,IN,3/19/2026 20:00,0.0,,,
18005,Bartholomew County,IN,3/19/2026 21:00,0.0,,,
18005,Bartholomew County,IN,3/19/2026 22:00,0.0,,,
18005,Bartholomew County,IN,3/19/2026 23:00,,,,
18007,Benton County,IN,3/14/2026 0:00,0.04141612171151887,0.024121663601028215,0.0,0.007497935692592159
18007,Benton County,IN,3/14/2026 1:00,0.040605145038095876,0.025005273328589282,0.0,0.005854819309416717
18007,Benton County,IN,3/14/2026 2:00,0.036067294113706384,0.025380714612676266,0.0,0.005209209189775294
18007,Benton County,IN,3/14/2026 3:00,0.042211034873871615,0.02301843417850406,0.0,0.003541208894336419
18007,Benton County,IN,3/14/2026 4:00,0.04228416778197069,0.016609900327291437,0.0,0.002494328113684523
18007,Benton County,IN,3/14/2026 5:00,0.03841858668289029,0.015888257804627808,0.0,0.0020797333655688736
18007,Benton County,IN,3/14/2026 6:00,0.03117906016798043,0.013038571614438476,0.0,0.0019039426509232151
18007,Benton County,IN,3/14/2026 7:00,0.031679314504350395,0.012079430975304868,0.0,0.0019174995748665754
18007,Benton County,IN,3/14/2026 8:00,0.028748599471009516,0.010126319649960771,0.0,0.0018390671190501612
18007,Benton County,IN,3/14/2026 9:00,0.023374030671063903,0.010477557619198906,0.0,0.0023391059412573084
18007,Benton County,IN,3/14/2026 10:00,0.011062620712670517,0.010377455263027103,0.0,0.0019807017608079597
18007,Benton County,IN,3/14/2026 11:00,0.02027921143848104,0.010062202580558647,0.0031675370953549455,0.0020872899453904174
18007,Benton County,IN,3/14/2026 12:00,0.021561536794846903,0.010742771918180063,0.003505915139245592,0.0019332744690976349
18007,Benton County,IN,3/14/2026 13:00,0.02125093610085737,0.012131832633505221,0.004308199224980843,0.0030953599212506025
18007,Benton County,IN,3/14/2026 14:00,0.017729436585887767,0.014482305951019557,0.0056540176571130635,0.002968445684497699
18007,Benton County,IN,3/14/2026 15:00,0.016623441460258733,0.012401289838220017,0.0049321049712428,0.002925256321160789
18007,Benton County,IN,3/14/2026 16:00,0.017426431941763562,0.01408191312985093,0.005752498391374564,0.0029087755835291323
18007,Benton County,IN,3/14/2026 17:00,0.017617429395284972,0.01505903391295171,0.004583182038731216,0.002971550562393961
18007,Benton County,IN,3/14/2026 18:00,0.016659918658214264,0.015541677803135496,0.004594540872787572,0.0029530937597269237
18007,Benton County,IN,3/14/2026 19:00,0.004458619031119348,0.015360337204841982,0.005140895596919548,0.002383439942963651
18007,Benton County,IN,3/14/2026 20:00,0.005404858372885115,0.005266123876223492,0.006700458020709632,0.0026693893562281567
18007,Benton County,IN,3/14/2026 21:00,0.005312026966344223,0.0053173414489077276,0.007159991619393381,0.002765870691371698
18007,Benton County,IN,3/14/2026 22:00,0.0036080272386603083,0.0062704572641850125,0.008188289208167283,0.0032035348275610363
18007,Benton County,IN,3/14/2026 23:00,0.003569916609653424,0.006632008143843841,0.007416748879672716,0.002774626716174741
18007,Benton County,IN,3/15/2026 0:00,0.0041398187587479655,0.007628293244759599,0.007250206715354872,0.0024693893797147278
18007,Benton County,IN,3/15/2026 1:00,0.003932396123504913,0.006784804307885192,0.005300656520822506,0.0023138077966944996
18007,Benton County,IN,3/15/2026 2:00,0.002433505783520166,0.005934492543684065,0.004728330478401549,0.0024207005837781907
18007,Benton County,IN,3/15/2026 3:00,0.0027503975648613573,0.004253288353616326,0.0061007075582254775,0.0021301650108060725
18007,Benton County,IN,3/15/2026 4:00,0.0026918126097445778,0.004919703859295217,0.00452947737046299,0.0024697069297946526
18007,Benton County,IN,3/15/2026 5:00,0.0024548274753918332,0.007925522836780432,0.0035213145695070056,0.0022550601244807613
18007,Benton County,IN,3/15/2026 6:00,0.001882967683641852,0.006298469636866533,0.003541632405441723,0.002275384174067913
18007,Benton County,IN,3/15/2026 7:00,0.0016762716938834037,0.007207277134355552,0.002332950335448602,0.0022160796762680547
18007,Benton County,IN,3/15/2026 8:00,0.0015868264962906778,0.009843740256053302,0.001958021814455643,0.0020758530802978264
18007,Benton County,IN,3/15/2026 9:00,0.003112837017346009,0.008085229438169465,0.0017294544166202947,0.002400667647870571
18007,Benton County,IN,3/15/2026 10:00,0.002752831093794711,0.0083922446599265,0.001228779963358093,0.0023301712518265746
18007,Benton County,IN,3/15/2026 11:00,0.00741405105907592,0.009931278211695788,0.00171524666489756,0.0035434445045055465
18007,Benton County,IN,3/15/2026 12:00,0.0037621982462081984,0.011164509396194386,0.002118173640348668,0.0035505744193359244
18007,Benton County,IN,3/15/2026 13:00,0.005412865036714166,0.010816857952905335,0.0,0.003543357831775432
18007,Benton County,IN,3/15/2026 14:00,0.009077895886957354,0.010633489671260878,0.0,0.0024444624108055347
18007,Benton County,IN,3/15/2026 15:00,0.007717511715095796,0.01102289363121593,0.0,0.002299300002253229
18007,Benton County,IN,3/15/2026 16:00,0.0064639822640952535,0.013348947709100726,0.0010219153192014062,0.0019202435237987263
18007,Benton County,IN,3/15/2026 17:00,0.0076028479303820815,0.016314636562404453,0.001021875812139429,0.0
18007,Benton County,IN,3/15/2026 18:00,0.006482994048964761,0.009332057959021133,0.0012094687004342915,0.0
18007,Benton County,IN,3/15/2026 19:00,0.012658168823145091,0.010668202851219081,0.0020089872413440136,0.0
18007,Benton County,IN,3/15/2026 20:00,0.006109986680323658,0.008275335439362522,0.001938981501920632,0.0
18007,Benton County,IN,3/15/2026 21:00,0.014275293107478567,0.008664982446919644,0.0011323360238606728,0.0
18007,Benton County,IN,3/15/2026 22:00,0.010608179119049063,0.003836828007528524,0.0013668390957015325,0.0
18007,Benton County,IN,3/15/2026 23:00,0.008612760239290213,0.003163944391367168,0.0,0.0
18007,Benton County,IN,3/16/2026 0:00,0.0046175615022656874,0.002566781223257741,0.0,0.0
18007,Benton County,IN,3/16/2026 1:00,0.0027849670113202227,0.002732730128486311,0.0,0.0
18007,Benton County,IN,3/16/2026 2:00,0.0011404481876946774,0.0025454809805007987,0.0,0.0
18007,Benton County,IN,3/16/2026 3:00,0.0016421191198697786,0.0015356718661885074,0.0,0.0
18007,Benton County,IN,3/16/2026 4:00,0.0013798032104020634,0.0035130828477629586,0.0,0.0
18007,Benton County,IN,3/16/2026 5:00,0.001145822735702301,0.0027214611759238064,0.0,0.0
18007,Benton County,IN,3/16/2026 6:00,0.0,0.0019858198106423326,0.0,0.0
18007,Benton County,IN,3/16/2026 7:00,0.0027585189399205426,0.0018557428625228197,0.0,0.0
18007,Benton County,IN,3/16/2026 8:00,0.002425709546820522,0.002287966822759493,0.0,0.0
18007,Benton County,IN,3/16/2026 9:00,0.0,0.002901991510914249,0.0,0.0
18007,Benton County,IN,3/16/2026 10:00,0.0,0.0022648200048516563,0.0,0.0
18007,Benton County,IN,3/16/2026 11:00,0.0,0.0023352715196321774,0.0,0.0015554551885394556
18007,Benton County,IN,3/16/2026 12:00,0.0,0.001930566500019783,0.0,0.0015554551885394556
18007,Benton County,IN,3/16/2026 13:00,0.0,0.0022539992551416184,0.0,0.0015554551885394556
18007,Benton County,IN,3/16/2026 14:00,0.0,0.0019411706228855891,0.0,0.0
18007,Benton County,IN,3/16/2026 15:00,0.0,0.0018646458079320466,0.0,0.0
18007,Benton County,IN,3/16/2026 16:00,0.001331229927492326,0.002294518910430537,0.0,0.0
18007,Benton County,IN,3/16/2026 17:00,0.0021848448973862144,0.004180849333973328,0.0,0.0
18007,Benton County,IN,3/16/2026 18:00,0.0,0.005008550654366142,0.0,0.0
18007,Benton County,IN,3/16/2026 19:00,0.0,0.003908340107069233,0.0,0.0
18007,Benton County,IN,3/16/2026 20:00,0.0,0.004615800983013638,0.0,0.0
18007,Benton County,IN,3/16/2026 21:00,0.0,0.0043196739234807584,0.0,0.0
18007,Benton County,IN,3/16/2026 22:00,0.0,0.0,0.0,0.0
18007,Benton County,IN,3/16/2026 23:00,0.0,0.0,0.0,0.0
18007,Benton County,IN,3/17/2026 0:00,0.0,0.0,0.0,0.0
18007,Benton County,IN,3/17/2026 1:00,0.0,0.0,0.0,0.0
18007,Benton County,IN,3/17/2026 2:00,0.0,0.0,0.0,0.0
18007,Benton County,IN,3/17/2026 3:00,0.0,0.0,0.0,0.0
18007,Benton County,IN,3/17/2026 4:00,0.0,0.0,0.0,0.0
18007,Benton County,IN,3/17/2026 5:00,0.0,0.0018273415350817648,0.0,0.0
18007,Benton County,IN,3/17/2026 6:00,0.0,0.0,0.0,0.0
18007,Benton County,IN,3/17/2026 7:00,0.0,0.0,0.0,0.0
18007,Benton County,IN,3/17/2026 8:00,0.0,0.003292270834978911,0.0,0.0
18007,Benton County,IN,3/17/2026 9:00,0.0,0.0036840654143488077,0.0,0.0
18007,Benton County,IN,3/17/2026 10:00,0.0,0.0,0.0,0.0
18007,Benton County,IN,3/17/2026 11:00,0.0028951342526300316,0.0,0.0,0.0
18007,Benton County,IN,3/17/2026 12:00,0.003540834361860153,0.0,0.0,0.0
18007,Benton County,IN,3/17/2026 13:00,0.003466412420580961,0.0,0.0,0.0
18007,Benton County,IN,3/17/2026 14:00,0.003539803970363423,0.0,0.0,0.0
18007,Benton County,IN,3/17/2026 15:00,0.003390696855332928,0.0010138781290276266,0.0,0.0
18007,Benton County,IN,3/17/2026 16:00,0.0037027107430164636,0.0,0.0,0.0
18007,Benton County,IN,3/17/2026 17:00,0.003566191252310715,0.0,0.0,0.0
18007,Benton County,IN,3/17/2026 18:00,0.003684633156721458,0.0017858831670086136,0.0,0.0
18007,Benton County,IN,3/17/2026 19:00,0.0035969831884101345,0.002225263381613095,0.0,0.0
18007,Benton County,IN,3/17/2026 20:00,0.003573380823152129,0.002225263381613095,0.0,0.0
18007,Benton County,IN,3/17/2026 21:00,0.004437117836145391,0.0023976115112169676,0.0,0.0
18007,Benton County,IN,3/17/2026 22:00,0.0031998765829546133,0.0023976115112169676,0.0,0.0
18007,Benton County,IN,3/17/2026 23:00,0.0024892995547495162,0.0,0.0,0.0
18007,Benton County,IN,3/18/2026 0:00,0.0,0.0,0.0,
18007,Benton County,IN,3/18/2026 1:00,0.0,0.0,0.0,
18007,Benton County,IN,3/18/2026 2:00,0.0,0.0,0.0,
18007,Benton County,IN,3/18/2026 3:00,0.0,0.0,0.0,
18007,Benton County,IN,3/18/2026 4:00,0.0,0.0,0.0,
18007,Benton County,IN,3/18/2026 5:00,0.0,0.0013163629513349875,0.0,
18007,Benton County,IN,3/18/2026 6:00,0.0,0.001311476894371086,0.0,
18007,Benton County,IN,3/18/2026 7:00,0.0,0.001311476894371086,0.0,
18007,Benton County,IN,3/18/2026 8:00,0.0,0.0010626974374992292,0.0,
18007,Benton County,IN,3/18/2026 9:00,0.0,0.0012801267303488074,0.0,
18007,Benton County,IN,3/18/2026 10:00,0.0,0.0,0.0,
18007,Benton County,IN,3/18/2026 11:00,0.0,0.0,0.0,
18007,Benton County,IN,3/18/2026 12:00,0.0,0.0,0.0,
18007,Benton County,IN,3/18/2026 13:00,0.0,0.0,0.0,
18007,Benton County,IN,3/18/2026 14:00,0.0,0.0,0.0,
18007,Benton County,IN,3/18/2026 15:00,0.0,0.0,0.0,
18007,Benton County,IN,3/18/2026 16:00,0.0,0.0,0.0,
18007,Benton County,IN,3/18/2026 17:00,0.0,0.0,0.0,
18007,Benton County,IN,3/18/2026 18:00,0.0,0.0,0.0,
18007,Benton County,IN,3/18/2026 19:00,0.0,0.0,0.0,
18007,Benton County,IN,3/18/2026 20:00,0.0,0.0,0.0,
18007,Benton County,IN,3/18/2026 21:00,0.0,0.0,0.0,
18007,Benton County,IN,3/18/2026 22:00,0.0,0.0,0.0,
18007,Benton County,IN,3/18/2026 23:00,0.0,0.0,0.0,
18007,Benton County,IN,3/19/2026 0:00,0.0,0.0,,
18007,Benton County,IN,3/19/2026 1:00,0.0,0.0,,
18007,Benton County,IN,3/19/2026 2:00,0.0,0.0,,
18007,Benton County,IN,3/19/2026 3:00,0.0,0.0,,
18007,Benton County,IN,3/19/2026 4:00,0.0,0.0,,
18007,Benton County,IN,3/19/2026 5:00,0.0,0.0,,
18007,Benton County,IN,3/19/2026 6:00,0.0,0.0,,
18007,Benton County,IN,3/19/2026 7:00,0.0,0.0,,
18007,Benton County,IN,3/19/2026 8:00,0.0,0.0,,
18007,Benton County,IN,3/19/2026 9:00,0.0,0.0,,
18007,Benton County,IN,3/19/2026 10:00,0.0,0.0,,
18007,Benton County,IN,3/19/2026 11:00,0.0,0.0,,
18007,Benton County,IN,3/19/2026 12:00,0.0,0.0,,
18007,Benton County,IN,3/19/2026 13:00,0.0,0.0,,
18007,Benton County,IN,3/19/2026 14:00,0.0,0.0,,
18007,Benton County,IN,3/19/2026 15:00,0.0,0.0,,
18007,Benton County,IN,3/19/2026 16:00,0.0,0.0,,
18007,Benton County,IN,3/19/2026 17:00,0.0,0.0,,
18007,Benton County,IN,3/19/2026 18:00,0.0,,,
18007,Benton County,IN,3/19/2026 19:00,0.0,,,
18007,Benton County,IN,3/19/2026 20:00,0.0,,,
18007,Benton County,IN,3/19/2026 21:00,0.0,,,
18007,Benton County,IN,3/19/2026 22:00,0.0,,,
18007,Benton County,IN,3/19/2026 23:00,,,,
18011,Boone County,IN,3/14/2026 0:00,0.0022420219979830285,0.0038845245813137314,0.0,0.006733469226437469
18011,Boone County,IN,3/14/2026 1:00,0.0025109676814453674,0.003968520251264424,0.0,0.004923268446919355
18011,Boone County,IN,3/14/2026 2:00,0.0019017552071112103,0.003939765833747815,0.0,0.004138945225888623
18011,Boone County,IN,3/14/2026 3:00,0.0013912950173937365,0.003875917172307756,0.0,0.0038570153231129293
18011,Boone County,IN,3/14/2026 4:00,0.0013655247262478233,0.0,0.0,0.003166436824397887
18011,Boone County,IN,3/14/2026 5:00,0.001985392955098899,0.0,0.0,0.0029730293928075698
18011,Boone County,IN,3/14/2026 6:00,0.0012565255174209965,0.0,0.0,0.0020431265234106964
18011,Boone County,IN,3/14/2026 7:00,0.0014252164926185239,0.0,0.0,0.0019915440128434386
18011,Boone County,IN,3/14/2026 8:00,0.0012732068093682914,0.0,0.0,0.002122269466505584
18011,Boone County,IN,3/14/2026 9:00,0.0,0.0,0.0,0.0021796556583670835
18011,Boone County,IN,3/14/2026 10:00,0.0,0.0,0.0,0.001004775281995771
18011,Boone County,IN,3/14/2026 11:00,0.0,0.0,0.0,0.0
18011,Boone County,IN,3/14/2026 12:00,0.0,0.0,0.0014301991429846366,0.0
18011,Boone County,IN,3/14/2026 13:00,0.0,0.0,0.0026692841315810512,0.0
18011,Boone County,IN,3/14/2026 14:00,0.0,0.0,0.003147352277749161,0.0
18011,Boone County,IN,3/14/2026 15:00,0.0,0.0,0.002474876006671428,0.0
18011,Boone County,IN,3/14/2026 16:00,0.0,0.0,0.0025423027213316925,0.0
18011,Boone County,IN,3/14/2026 17:00,0.0,0.0,0.0023231323341547255,0.0
18011,Boone County,IN,3/14/2026 18:00,0.0,0.0,0.0021641604995604373,0.0
18011,Boone County,IN,3/14/2026 19:00,0.0,0.0,0.001953805000147819,0.0
18011,Boone County,IN,3/14/2026 20:00,0.0,0.0,0.002331759425789724,0.0
18011,Boone County,IN,3/14/2026 21:00,0.0,0.0,0.0023628706494856354,0.0
18011,Boone County,IN,3/14/2026 22:00,0.0,0.0,0.0031281109733586,0.0
18011,Boone County,IN,3/14/2026 23:00,0.0,0.0,0.00498087324789065,0.0
18011,Boone County,IN,3/15/2026 0:00,0.0,0.0,0.004516405719257851,0.0
18011,Boone County,IN,3/15/2026 1:00,0.0,0.0,0.00280193956106567,0.0
18011,Boone County,IN,3/15/2026 2:00,0.0,0.0,0.0029212591590047224,0.0
18011,Boone County,IN,3/15/2026 3:00,0.0,0.0,0.0036116475263649216,0.0
18011,Boone County,IN,3/15/2026 4:00,0.0,0.0,0.0023991353890023635,0.0
18011,Boone County,IN,3/15/2026 5:00,0.0,0.0015513130290431955,0.0024326417424593715,0.0
18011,Boone County,IN,3/15/2026 6:00,0.0,0.0017654746376527199,0.0020911761688719045,0.0
18011,Boone County,IN,3/15/2026 7:00,0.0,0.0025511675728703523,0.0028674422676022936,0.0
18011,Boone County,IN,3/15/2026 8:00,0.0,0.0029230247126675215,0.0021815194883699623,0.0
18011,Boone County,IN,3/15/2026 9:00,0.0,0.002689283548318906,0.0015822437263899366,0.0
18011,Boone County,IN,3/15/2026 10:00,0.0,0.0022178137708383366,0.001902822959955607,0.0
18011,Boone County,IN,3/15/2026 11:00,0.0030848911414672266,0.001605940843900394,0.001738891016209226,0.0
18011,Boone County,IN,3/15/2026 12:00,0.0034743478859910414,0.0014761597415857016,0.0,0.0
18011,Boone County,IN,3/15/2026 13:00,0.0036797084608887905,0.0011190901104221286,0.0,0.0
18011,Boone County,IN,3/15/2026 14:00,0.0031441035138960504,0.0014260676851110168,0.0,0.0
18011,Boone County,IN,3/15/2026 15:00,0.003277231573092966,0.0014933676346006576,0.0,0.0
18011,Boone County,IN,3/15/2026 16:00,0.0031476044821962808,0.002381400225677407,0.0,0.0
18011,Boone County,IN,3/15/2026 17:00,0.002304152630900637,0.00395325271943287,0.0,0.0
18011,Boone County,IN,3/15/2026 18:00,0.002102225837723328,0.0038197172580698513,0.0,0.0
18011,Boone County,IN,3/15/2026 19:00,0.001605172246604282,0.004793089336360909,0.0,0.0
18011,Boone County,IN,3/15/2026 20:00,0.0,0.00269192123568416,0.0,0.0
18011,Boone County,IN,3/15/2026 21:00,0.00201425871224868,0.0021105785934830506,0.0,0.0
18011,Boone County,IN,3/15/2026 22:00,0.0035899446846763103,0.0021767165027995424,0.0,0.0
18011,Boone County,IN,3/15/2026 23:00,0.004315789632518986,0.002567760217035446,0.0,0.0
18011,Boone County,IN,3/16/2026 0:00,0.003241968234483256,0.0021748091054714547,0.0,0.0
18011,Boone County,IN,3/16/2026 1:00,0.002970010769030358,0.0014405290746402409,0.0,0.0
18011,Boone County,IN,3/16/2026 2:00,0.003231384308934907,0.0017724825524460957,0.0,0.0
18011,Boone County,IN,3/16/2026 3:00,0.0024748046768792225,0.001599036110528336,0.0,0.0
18011,Boone County,IN,3/16/2026 4:00,0.001875628967990294,0.0,0.0,0.0
18011,Boone County,IN,3/16/2026 5:00,0.0019116251452722499,0.0,0.0,0.0
18011,Boone County,IN,3/16/2026 6:00,0.002257208203233277,0.0,0.0,0.0
18011,Boone County,IN,3/16/2026 7:00,0.0021476929964237322,0.0,0.0,0.0
18011,Boone County,IN,3/16/2026 8:00,0.0015478189337349193,0.0,0.0,0.0
18011,Boone County,IN,3/16/2026 9:00,0.0014366769030618718,0.0,0.0,0.0
18011,Boone County,IN,3/16/2026 10:00,0.0018673057647808217,0.0,0.0,0.0
18011,Boone County,IN,3/16/2026 11:00,0.001809807375632029,0.0,0.0,0.0
18011,Boone County,IN,3/16/2026 12:00,0.0,0.0013743995118531407,0.0,0.0
18011,Boone County,IN,3/16/2026 13:00,0.001079486299144721,0.0013891722273339548,0.0,0.0
18011,Boone County,IN,3/16/2026 14:00,0.0,0.0,0.0,0.0
18011,Boone County,IN,3/16/2026 15:00,0.0,0.0,0.0,0.0
18011,Boone County,IN,3/16/2026 16:00,0.0,0.0,0.0,0.0
18011,Boone County,IN,3/16/2026 17:00,0.0,0.0,0.0,0.0
18011,Boone County,IN,3/16/2026 18:00,0.0,0.0,0.0,0.0
18011,Boone County,IN,3/16/2026 19:00,0.0,0.0,0.0,0.0
18011,Boone County,IN,3/16/2026 20:00,0.0,0.0,0.0,0.0
18011,Boone County,IN,3/16/2026 21:00,0.0,0.0,0.0,0.0
18011,Boone County,IN,3/16/2026 22:00,0.0,0.0,0.0,0.0
18011,Boone County,IN,3/16/2026 23:00,0.0,0.0,0.0,0.0
18011,Boone County,IN,3/17/2026 0:00,0.0,0.0,0.0,0.0
18011,Boone County,IN,3/17/2026 1:00,0.0,0.0,0.0,0.0
18011,Boone County,IN,3/17/2026 2:00,0.0,0.0,0.0,0.0
18011,Boone County,IN,3/17/2026 3:00,0.0,0.0,0.0,0.0
18011,Boone County,IN,3/17/2026 4:00,0.0,0.0,0.0,0.0
18011,Boone County,IN,3/17/2026 5:00,0.0,0.0,0.0,0.0
18011,Boone County,IN,3/17/2026 6:00,0.0,0.0,0.0,0.0
18011,Boone County,IN,3/17/2026 7:00,0.0,0.0,0.0,0.0
18011,Boone County,IN,3/17/2026 8:00,0.0,0.0,0.0,0.0
18011,Boone County,IN,3/17/2026 9:00,0.0,0.0,0.0,0.0
18011,Boone County,IN,3/17/2026 10:00,0.0,0.0,0.0,0.0
18011,Boone County,IN,3/17/2026 11:00,0.0,0.0,0.0,0.0
18011,Boone County,IN,3/17/2026 12:00,0.0,0.0,0.0,0.0
18011,Boone County,IN,3/17/2026 13:00,0.0,0.0,0.0,0.0
18011,Boone County,IN,3/17/2026 14:00,0.0,0.0,0.0,0.0
18011,Boone County,IN,3/17/2026 15:00,0.0,0.0,0.0,0.0
18011,Boone County,IN,3/17/2026 16:00,0.0,0.0,0.0,0.0
18011,Boone County,IN,3/17/2026 17:00,0.0,0.0,0.0,0.0
18011,Boone County,IN,3/17/2026 18:00,0.0,0.0,0.0,0.0
18011,Boone County,IN,3/17/2026 19:00,0.0,0.0,0.0,0.0
18011,Boone County,IN,3/17/2026 20:00,0.0,0.0,0.0,0.0
18011,Boone County,IN,3/17/2026 21:00,0.0,0.0,0.0,0.0
18011,Boone County,IN,3/17/2026 22:00,0.0,0.0,0.0,0.0
18011,Boone County,IN,3/17/2026 23:00,0.0,0.0,0.0,0.0
18011,Boone County,IN,3/18/2026 0:00,0.0,0.0,0.0,
18011,Boone County,IN,3/18/2026 1:00,0.0,0.0,0.0,
18011,Boone County,IN,3/18/2026 2:00,0.0,0.0,0.0,
18011,Boone County,IN,3/18/2026 3:00,0.0,0.0,0.0,
18011,Boone County,IN,3/18/2026 4:00,0.0,0.0,0.0,
18011,Boone County,IN,3/18/2026 5:00,0.0,0.0,0.0,
18011,Boone County,IN,3/18/2026 6:00,0.0,0.0,0.0,
18011,Boone County,IN,3/18/2026 7:00,0.0,0.0,0.0,
18011,Boone County,IN,3/18/2026 8:00,0.0,0.0,0.0,
18011,Boone County,IN,3/18/2026 9:00,0.0,0.0,0.0,
18011,Boone County,IN,3/18/2026 10:00,0.0,0.0,0.0,
18011,Boone County,IN,3/18/2026 11:00,0.0,0.0,0.0,
18011,Boone County,IN,3/18/2026 12:00,0.0,0.0,0.0,
18011,Boone County,IN,3/18/2026 13:00,0.0,0.0,0.0,
18011,Boone County,IN,3/18/2026 14:00,0.0,0.0,0.0,
18011,Boone County,IN,3/18/2026 15:00,0.0,0.0,0.0,
18011,Boone County,IN,3/18/2026 16:00,0.0,0.0,0.0,
18011,Boone County,IN,3/18/2026 17:00,0.0,0.0,0.0,
18011,Boone County,IN,3/18/2026 18:00,0.0,0.0,0.0,
18011,Boone County,IN,3/18/2026 19:00,0.0,0.0,0.0,
18011,Boone County,IN,3/18/2026 20:00,0.0,0.0,0.0,
18011,Boone County,IN,3/18/2026 21:00,0.0,0.0,0.0,
18011,Boone County,IN,3/18/2026 22:00,0.0,0.0,0.0,
18011,Boone County,IN,3/18/2026 23:00,0.0,0.0,0.0,
18011,Boone County,IN,3/19/2026 0:00,0.0,0.0,,
18011,Boone County,IN,3/19/2026 1:00,0.0,0.0,,
18011,Boone County,IN,3/19/2026 2:00,0.0,0.0,,
18011,Boone County,IN,3/19/2026 3:00,0.0,0.0,,
18011,Boone County,IN,3/19/2026 4:00,0.0,0.0,,
18011,Boone County,IN,3/19/2026 5:00,0.0,0.0,,
18011,Boone County,IN,3/19/2026 6:00,0.0,0.0,,
18011,Boone County,IN,3/19/2026 7:00,0.0,0.0,,
18011,Boone County,IN,3/19/2026 8:00,0.0,0.0,,
18011,Boone County,IN,3/19/2026 9:00,0.0,0.0,,
18011,Boone County,IN,3/19/2026 10:00,0.0,0.0,,
18011,Boone County,IN,3/19/2026 11:00,0.0,0.0,,
18011,Boone County,IN,3/19/2026 12:00,0.0,0.0,,
18011,Boone County,IN,3/19/2026 13:00,0.0,0.0,,
18011,Boone County,IN,3/19/2026 14:00,0.0,0.0,,
18011,Boone County,IN,3/19/2026 15:00,0.0,0.0,,
18011,Boone County,IN,3/19/2026 16:00,0.0,0.0,,
18011,Boone County,IN,3/19/2026 17:00,0.0,0.0,,
18011,Boone County,IN,3/19/2026 18:00,0.0,,,
18011,Boone County,IN,3/19/2026 19:00,0.0,,,
18011,Boone County,IN,3/19/2026 20:00,0.0,,,
18011,Boone County,IN,3/19/2026 21:00,0.0,,,
18011,Boone County,IN,3/19/2026 22:00,0.0,,,
18011,Boone County,IN,3/19/2026 23:00,,,,
18015,Carroll County,IN,3/14/2026 0:00,0.0022036607992697837,0.0,0.0,0.005172324299212205
18015,Carroll County,IN,3/14/2026 1:00,0.0029124636423093135,0.0,0.0,0.004113389169072996
18015,Carroll County,IN,3/14/2026 2:00,0.002057949578971041,0.0,0.0,0.004471615543243105
18015,Carroll County,IN,3/14/2026 3:00,0.0021239178122132055,0.0,0.0,0.004073064347380326
18015,Carroll County,IN,3/14/2026 4:00,0.0017209704026377604,0.0,0.0,0.003240244192033325
18015,Carroll County,IN,3/14/2026 5:00,0.002133956320374977,0.0,0.0,0.0030055134916848534
18015,Carroll County,IN,3/14/2026 6:00,0.001970872367284593,0.0,0.0,0.0028380048294754353
18015,Carroll County,IN,3/14/2026 7:00,0.0,0.0,0.0,0.0036697833612706577
18015,Carroll County,IN,3/14/2026 8:00,0.0,0.0,0.0,0.002696176546911061
18015,Carroll County,IN,3/14/2026 9:00,0.0,0.0,0.0,0.0013884945358731535
18015,Carroll County,IN,3/14/2026 10:00,0.0,0.0,0.0,0.0011179977619301385
18015,Carroll County,IN,3/14/2026 11:00,0.0,0.0,0.0010374006737030672,0.0011855827355648843
18015,Carroll County,IN,3/14/2026 12:00,0.0,0.0,0.0010012003792633207,0.0
18015,Carroll County,IN,3/14/2026 13:00,0.0,0.0,0.0016748923001506618,0.0
18015,Carroll County,IN,3/14/2026 14:00,0.0,0.0,0.0016973295721249414,0.0
18015,Carroll County,IN,3/14/2026 15:00,0.0,0.0,0.002180782075140829,0.0
18015,Carroll County,IN,3/14/2026 16:00,0.0,0.0,0.002364788470405251,0.0
18015,Carroll County,IN,3/14/2026 17:00,0.0,0.0,0.001652085731378881,0.0
18015,Carroll County,IN,3/14/2026 18:00,0.0,0.0,0.0021424747593048,0.0
18015,Carroll County,IN,3/14/2026 19:00,0.0,0.0,0.0,0.0
18015,Carroll County,IN,3/14/2026 20:00,0.0,0.0,0.0015225619654856985,0.0
18015,Carroll County,IN,3/14/2026 21:00,0.0,0.0,0.001486896646383615,0.0
18015,Carroll County,IN,3/14/2026 22:00,0.0,0.0,0.0044278652870363994,0.0
18015,Carroll County,IN,3/14/2026 23:00,0.0,0.0,0.005551239062208,0.0
18015,Carroll County,IN,3/15/2026 0:00,0.0,0.0,0.005316177357920013,0.0
18015,Carroll County,IN,3/15/2026 1:00,0.0,0.0,0.00566176751491589,0.0
18015,Carroll County,IN,3/15/2026 2:00,0.0,0.0,0.0047395678678295305,0.0
18015,Carroll County,IN,3/15/2026 3:00,0.0,0.0,0.0049042522610522,0.0
18015,Carroll County,IN,3/15/2026 4:00,0.0,0.0,0.004049418816223171,0.0
18015,Carroll County,IN,3/15/2026 5:00,0.0,0.0,0.0036712361255815,0.0
18015,Carroll County,IN,3/15/2026 6:00,0.0,0.0022741002936614916,0.0020623103992202943,0.0
18015,Carroll County,IN,3/15/2026 7:00,0.0,0.0017431315051458147,0.001892823582763709,0.0
18015,Carroll County,IN,3/15/2026 8:00,0.0,0.0024749608615839097,0.0014199871239226245,0.0
18015,Carroll County,IN,3/15/2026 9:00,0.0,0.0029416481045936825,0.001072502852326085,0.0
18015,Carroll County,IN,3/15/2026 10:00,0.0,0.002891741676443982,0.0,0.0
18015,Carroll County,IN,3/15/2026 11:00,0.0017790648204380833,0.0028338438497435203,0.0,0.001247139588569699
18015,Carroll County,IN,3/15/2026 12:00,0.003711010973404296,0.0032684895106770543,0.0,0.0
18015,Carroll County,IN,3/15/2026 13:00,0.0038518858071438897,0.0028969947710134566,0.0,0.0
18015,Carroll County,IN,3/15/2026 14:00,0.004063135415920738,0.0028573628387714733,0.0,0.0
18015,Carroll County,IN,3/15/2026 15:00,0.004659590192919141,0.0027358768242249486,0.0,0.0
18015,Carroll County,IN,3/15/2026 16:00,0.00363069872391899,0.003300573972264004,0.0,0.0012312140542784164
18015,Carroll County,IN,3/15/2026 17:00,0.0033086309718349744,0.0052501241235088794,0.0,0.0012601039873228245
18015,Carroll County,IN,3/15/2026 18:00,0.00488081420365976,0.0067753176394672555,0.0,0.0
18015,Carroll County,IN,3/15/2026 19:00,0.0035438484656571236,0.0056278023560244,0.0,0.0
18015,Carroll County,IN,3/15/2026 20:00,0.004038330720678462,0.005271249185568336,0.0,0.0
18015,Carroll County,IN,3/15/2026 21:00,0.0049372162472399355,0.003993178557005379,0.0,0.0
18015,Carroll County,IN,3/15/2026 22:00,0.007061373694829656,0.002793719984596074,0.0,0.0
18015,Carroll County,IN,3/15/2026 23:00,0.007360592037310969,0.002612948606701065,0.0,0.0
18015,Carroll County,IN,3/16/2026 0:00,0.005200458224693408,0.0016577093010645778,0.0,0.0
18015,Carroll County,IN,3/16/2026 1:00,0.004268042872580541,0.00138302573787529,0.0,0.0
18015,Carroll County,IN,3/16/2026 2:00,0.004801901894145497,0.0,0.0,0.0
18015,Carroll County,IN,3/16/2026 3:00,0.002847050619383052,0.0,0.0,0.0
18015,Carroll County,IN,3/16/2026 4:00,0.002185507995069032,0.0,0.0,0.0
18015,Carroll County,IN,3/16/2026 5:00,0.001888112153368126,0.0,0.0,0.0
18015,Carroll County,IN,3/16/2026 6:00,0.001898745195539148,0.0,0.0,0.0
18015,Carroll County,IN,3/16/2026 7:00,0.0020709501756302684,0.0,0.0,0.0
18015,Carroll County,IN,3/16/2026 8:00,0.002959201617750449,0.0,0.0,0.0
18015,Carroll County,IN,3/16/2026 9:00,0.0010569490787473328,0.0,0.0,0.0
18015,Carroll County,IN,3/16/2026 10:00,0.0013110160953816424,0.0,0.0,0.0
18015,Carroll County,IN,3/16/2026 11:00,0.0014675450229328306,0.0,0.0,0.0
18015,Carroll County,IN,3/16/2026 12:00,0.001534740874473416,0.0,0.0,0.0
18015,Carroll County,IN,3/16/2026 13:00,0.0011025538300196366,0.0,0.0,0.0
18015,Carroll County,IN,3/16/2026 14:00,0.0,0.0,0.0,0.0
18015,Carroll County,IN,3/16/2026 15:00,0.0,0.0,0.0,0.0
18015,Carroll County,IN,3/16/2026 16:00,0.0,0.0,0.0,0.0
18015,Carroll County,IN,3/16/2026 17:00,0.0,0.0,0.0,0.0
18015,Carroll County,IN,3/16/2026 18:00,0.0,0.0,0.0,0.0
18015,Carroll County,IN,3/16/2026 19:00,0.0,0.0,0.0,0.0
18015,Carroll County,IN,3/16/2026 20:00,0.0,0.0,0.0,0.0
18015,Carroll County,IN,3/16/2026 21:00,0.0,0.0,0.0,0.0
18015,Carroll County,IN,3/16/2026 22:00,0.0,0.0,0.0,0.0
18015,Carroll County,IN,3/16/2026 23:00,0.001437060880462362,0.0,0.0,0.0
18015,Carroll County,IN,3/17/2026 0:00,0.0,0.0,0.0,0.0
18015,Carroll County,IN,3/17/2026 1:00,0.0,0.0,0.0,0.0
18015,Carroll County,IN,3/17/2026 2:00,0.0010567496509309626,0.0,0.0,0.0
18015,Carroll County,IN,3/17/2026 3:00,0.0,0.0,0.0,0.0
18015,Carroll County,IN,3/17/2026 4:00,0.0,0.0012326683166598022,0.0,0.0
18015,Carroll County,IN,3/17/2026 5:00,0.0,0.0011816795772078513,0.0,0.0
18015,Carroll County,IN,3/17/2026 6:00,0.0,0.001328418671835771,0.0,0.0
18015,Carroll County,IN,3/17/2026 7:00,0.0,0.0011300125288190702,0.0,0.0
18015,Carroll County,IN,3/17/2026 8:00,0.0,0.0,0.0,0.0
18015,Carroll County,IN,3/17/2026 9:00,0.0,0.0,0.0,0.0
18015,Carroll County,IN,3/17/2026 10:00,0.0011958243358323067,0.0,0.0,0.0
18015,Carroll County,IN,3/17/2026 11:00,0.0011794112936247146,0.0,0.0,0.0
18015,Carroll County,IN,3/17/2026 12:00,0.0,0.0,0.0,0.0
18015,Carroll County,IN,3/17/2026 13:00,0.0,0.0,0.0,0.0
18015,Carroll County,IN,3/17/2026 14:00,0.0,0.0,0.0,0.0
18015,Carroll County,IN,3/17/2026 15:00,0.0,0.0,0.0,0.0
18015,Carroll County,IN,3/17/2026 16:00,0.0,0.0,0.0,0.0
18015,Carroll County,IN,3/17/2026 17:00,0.0,0.0,0.0,0.0
18015,Carroll County,IN,3/17/2026 18:00,0.0,0.0,0.0,0.0
18015,Carroll County,IN,3/17/2026 19:00,0.0,0.0,0.0,0.0
18015,Carroll County,IN,3/17/2026 20:00,0.0,0.0,0.0,0.0
18015,Carroll County,IN,3/17/2026 21:00,0.0,0.0,0.0,0.0
18015,Carroll County,IN,3/17/2026 22:00,0.0,0.0,0.0,0.0
18015,Carroll County,IN,3/17/2026 23:00,0.0,0.0,0.0,0.0
18015,Carroll County,IN,3/18/2026 0:00,0.0,0.0,0.0,
18015,Carroll County,IN,3/18/2026 1:00,0.0,0.0,0.0,
18015,Carroll County,IN,3/18/2026 2:00,0.0,0.0,0.0,
18015,Carroll County,IN,3/18/2026 3:00,0.0,0.0,0.0,
18015,Carroll County,IN,3/18/2026 4:00,0.0,0.0,0.0,
18015,Carroll County,IN,3/18/2026 5:00,0.0,0.0,0.0,
18015,Carroll County,IN,3/18/2026 6:00,0.0,0.0,0.0,
18015,Carroll County,IN,3/18/2026 7:00,0.0,0.0,0.0,
18015,Carroll County,IN,3/18/2026 8:00,0.0,0.0,0.0,
18015,Carroll County,IN,3/18/2026 9:00,0.0,0.0,0.0,
18015,Carroll County,IN,3/18/2026 10:00,0.0,0.0,0.0,
18015,Carroll County,IN,3/18/2026 11:00,0.0,0.0,0.0,
18015,Carroll County,IN,3/18/2026 12:00,0.0,0.0,0.0,
18015,Carroll County,IN,3/18/2026 13:00,0.0,0.0,0.0,
18015,Carroll County,IN,3/18/2026 14:00,0.0,0.0,0.0,
18015,Carroll County,IN,3/18/2026 15:00,0.0,0.0,0.0,
18015,Carroll County,IN,3/18/2026 16:00,0.0,0.0,0.0,
18015,Carroll County,IN,3/18/2026 17:00,0.0,0.0,0.0,
18015,Carroll County,IN,3/18/2026 18:00,0.0,0.0,0.0,
18015,Carroll County,IN,3/18/2026 19:00,0.0,0.0,0.0,
18015,Carroll County,IN,3/18/2026 20:00,0.0,0.0,0.0,
18015,Carroll County,IN,3/18/2026 21:00,0.0,0.0,0.0,
18015,Carroll County,IN,3/18/2026 22:00,0.0,0.0,0.0,
18015,Carroll County,IN,3/18/2026 23:00,0.0,0.0,0.0,
18015,Carroll County,IN,3/19/2026 0:00,0.0,0.0,,
18015,Carroll County,IN,3/19/2026 1:00,0.0,0.0,,
18015,Carroll County,IN,3/19/2026 2:00,0.0,0.0,,
18015,Carroll County,IN,3/19/2026 3:00,0.0,0.0,,
18015,Carroll County,IN,3/19/2026 4:00,0.0,0.0,,
18015,Carroll County,IN,3/19/2026 5:00,0.0,0.0,,
18015,Carroll County,IN,3/19/2026 6:00,0.0,0.0,,
18015,Carroll County,IN,3/19/2026 7:00,0.0,0.0,,
18015,Carroll County,IN,3/19/2026 8:00,0.0,0.0,,
18015,Carroll County,IN,3/19/2026 9:00,0.0,0.0,,
18015,Carroll County,IN,3/19/2026 10:00,0.0,0.0,,
18015,Carroll County,IN,3/19/2026 11:00,0.0,0.0,,
18015,Carroll County,IN,3/19/2026 12:00,0.0,0.0,,
18015,Carroll County,IN,3/19/2026 13:00,0.0,0.0,,
18015,Carroll County,IN,3/19/2026 14:00,0.0,0.0,,
18015,Carroll County,IN,3/19/2026 15:00,0.0,0.0,,
18015,Carroll County,IN,3/19/2026 16:00,0.0,0.0,,
18015,Carroll County,IN,3/19/2026 17:00,0.0,0.0,,
18015,Carroll County,IN,3/19/2026 18:00,0.0,,,
18015,Carroll County,IN,3/19/2026 19:00,0.0,,,
18015,Carroll County,IN,3/19/2026 20:00,0.0,,,
18015,Carroll County,IN,3/19/2026 21:00,0.0,,,
18015,Carroll County,IN,3/19/2026 22:00,0.0,,,
18015,Carroll County,IN,3/19/2026 23:00,,,,
18017,Cass County,IN,3/14/2026 0:00,0.0,0.0019073875430623297,0.0,0.006996239498678181
18017,Cass County,IN,3/14/2026 1:00,0.0,0.0017292265113961279,0.0,0.005740895516888612
18017,Cass County,IN,3/14/2026 2:00,0.0,0.0017184879142701315,0.0,0.004256358057264083
18017,Cass County,IN,3/14/2026 3:00,0.0,0.0015754470612104221,0.0,0.005093916108812924
18017,Cass County,IN,3/14/2026 4:00,0.0,0.0,0.0,0.004612012914004694
18017,Cass County,IN,3/14/2026 5:00,0.0,0.0,0.0,0.0029492218463536947
18017,Cass County,IN,3/14/2026 6:00,0.0,0.0,0.0,0.002724555591149035
18017,Cass County,IN,3/14/2026 7:00,0.0,0.0,0.0,0.002410018867664335
18017,Cass County,IN,3/14/2026 8:00,0.0,0.0,0.0,0.0023154408979844062
18017,Cass County,IN,3/14/2026 9:00,0.0,0.0,0.0,0.0014871517729239101
18017,Cass County,IN,3/14/2026 10:00,0.0,0.0,0.0,0.0013369849829245866
18017,Cass County,IN,3/14/2026 11:00,0.0,0.0,0.0,0.0
18017,Cass County,IN,3/14/2026 12:00,0.0,0.0,0.0,0.0
18017,Cass County,IN,3/14/2026 13:00,0.0,0.0,0.0,0.0
18017,Cass County,IN,3/14/2026 14:00,0.0,0.0,0.0010502530270411574,0.0
18017,Cass County,IN,3/14/2026 15:00,0.0,0.0,0.0,0.0
18017,Cass County,IN,3/14/2026 16:00,0.0,0.0,0.0,0.0
18017,Cass County,IN,3/14/2026 17:00,0.0,0.0,0.0011782992359817273,0.0
18017,Cass County,IN,3/14/2026 18:00,0.0,0.0,0.001473097897212498,0.0
18017,Cass County,IN,3/14/2026 19:00,0.0,0.0,0.001408722840524837,0.0
18017,Cass County,IN,3/14/2026 20:00,0.0,0.0,0.0021939556910876793,0.0
18017,Cass County,IN,3/14/2026 21:00,0.0,0.0,0.0022963406903373238,0.0
18017,Cass County,IN,3/14/2026 22:00,0.0,0.0,0.004625739617730157,0.0
18017,Cass County,IN,3/14/2026 23:00,0.0,0.0,0.004945618274038309,0.0
18017,Cass County,IN,3/15/2026 0:00,0.0,0.0,0.004249786241880694,0.0
18017,Cass County,IN,3/15/2026 1:00,0.0,0.0,0.005284379410236814,0.0
18017,Cass County,IN,3/15/2026 2:00,0.0,0.0,0.0034366187893566263,0.0
18017,Cass County,IN,3/15/2026 3:00,0.0,0.0,0.003229962889307858,0.0
18017,Cass County,IN,3/15/2026 4:00,0.0,0.0,0.002321904238592957,0.0
18017,Cass County,IN,3/15/2026 5:00,0.0,0.0,0.0021611640880981747,0.0
18017,Cass County,IN,3/15/2026 6:00,0.0,0.0013825285725102797,0.002096734708867706,0.0
18017,Cass County,IN,3/15/2026 7:00,0.0,0.0012100757748726505,0.0020720741604417442,0.0
18017,Cass County,IN,3/15/2026 8:00,0.0,0.0022237042319232818,0.0017560891669711704,0.0
18017,Cass County,IN,3/15/2026 9:00,0.0,0.002206827873065234,0.0019412456693672954,0.0
18017,Cass County,IN,3/15/2026 10:00,0.0,0.0018409639221553316,0.0,0.0
18017,Cass County,IN,3/15/2026 11:00,0.0011358899417764782,0.0015870841311955764,0.0,0.0
18017,Cass County,IN,3/15/2026 12:00,0.0029026595950094884,0.0014466085323044543,0.0,0.0
18017,Cass County,IN,3/15/2026 13:00,0.0029571676894470864,0.0014291361303189597,0.0,0.0
18017,Cass County,IN,3/15/2026 14:00,0.002284896959092276,0.0017144595791186447,0.0,0.0
18017,Cass County,IN,3/15/2026 15:00,0.002041504051932067,0.0020758879704194915,0.0,0.0
18017,Cass County,IN,3/15/2026 16:00,0.002723322070016278,0.003298998431592188,0.0,0.0
18017,Cass County,IN,3/15/2026 17:00,0.0028040307499359782,0.0032688526748494533,0.0,0.0
18017,Cass County,IN,3/15/2026 18:00,0.0050357018054166995,0.005530813541240388,0.0,0.0
18017,Cass County,IN,3/15/2026 19:00,0.001530631667659539,0.0024141377055900705,0.0,0.0
18017,Cass County,IN,3/15/2026 20:00,0.0017174903694433213,0.003270271447579316,0.0011447749833082995,0.0
18017,Cass County,IN,3/15/2026 21:00,0.005116276595978939,0.0012378333246332684,0.0,0.0
18017,Cass County,IN,3/15/2026 22:00,0.004434814914710306,0.001151994453341623,0.0,0.0
18017,Cass County,IN,3/15/2026 23:00,0.005253821720469589,0.001989261945107408,0.0,0.0
18017,Cass County,IN,3/16/2026 0:00,0.0038246856323036365,0.0,0.0,0.0
18017,Cass County,IN,3/16/2026 1:00,0.0037059511710340483,0.0,0.0,0.0
18017,Cass County,IN,3/16/2026 2:00,0.002422290904389085,0.0,0.0,0.0
18017,Cass County,IN,3/16/2026 3:00,0.0029954840590259743,0.0,0.0,0.0
18017,Cass County,IN,3/16/2026 4:00,0.0024975853455660936,0.0,0.0,0.0
18017,Cass County,IN,3/16/2026 5:00,0.0018876853407253026,0.0,0.0,0.0
18017,Cass County,IN,3/16/2026 6:00,0.0015050046407412698,0.0,0.0,0.0
18017,Cass County,IN,3/16/2026 7:00,0.0016041341552604496,0.0,0.0,0.0
18017,Cass County,IN,3/16/2026 8:00,0.003305883855404631,0.0,0.0,0.0
18017,Cass County,IN,3/16/2026 9:00,0.0,0.0,0.0,0.0
18017,Cass County,IN,3/16/2026 10:00,0.0,0.0,0.0,0.0
18017,Cass County,IN,3/16/2026 11:00,0.0012462009018353705,0.0,0.0,0.0
18017,Cass County,IN,3/16/2026 12:00,0.0013051244235674378,0.0,0.0,0.0
18017,Cass County,IN,3/16/2026 13:00,0.0,0.0,0.0,0.0
18017,Cass County,IN,3/16/2026 14:00,0.0,0.0,0.0,0.0
18017,Cass County,IN,3/16/2026 15:00,0.0,0.0,0.0,0.0
18017,Cass County,IN,3/16/2026 16:00,0.0,0.0,0.0,0.0
18017,Cass County,IN,3/16/2026 17:00,0.0,0.0,0.0,0.0
18017,Cass County,IN,3/16/2026 18:00,0.0,0.0,0.0,0.0
18017,Cass County,IN,3/16/2026 19:00,0.0,0.0,0.0,0.0
18017,Cass County,IN,3/16/2026 20:00,0.0,0.0,0.0,0.0
18017,Cass County,IN,3/16/2026 21:00,0.0,0.0,0.0,0.0
18017,Cass County,IN,3/16/2026 22:00,0.001146170975027743,0.0,0.0,0.0
18017,Cass County,IN,3/16/2026 23:00,0.001069107841791246,0.0,0.0,0.0
18017,Cass County,IN,3/17/2026 0:00,0.0,0.0,0.0,0.0
18017,Cass County,IN,3/17/2026 1:00,0.0,0.0,0.0,0.0
18017,Cass County,IN,3/17/2026 2:00,0.0,0.0,0.0,0.0
18017,Cass County,IN,3/17/2026 3:00,0.0,0.0,0.0,0.0
18017,Cass County,IN,3/17/2026 4:00,0.0,0.0,0.0,0.0
18017,Cass County,IN,3/17/2026 5:00,0.0,0.0011598803145854717,0.0,0.0
18017,Cass County,IN,3/17/2026 6:00,0.0,0.0012430218263038064,0.0,0.0
18017,Cass County,IN,3/17/2026 7:00,0.0,0.0012688751111974998,0.0,0.0
18017,Cass County,IN,3/17/2026 8:00,0.0,0.0,0.0,0.0
18017,Cass County,IN,3/17/2026 9:00,0.0,0.0,0.0,0.0
18017,Cass County,IN,3/17/2026 10:00,0.0,0.0,0.0,0.0
18017,Cass County,IN,3/17/2026 11:00,0.0,0.0,0.0,0.0
18017,Cass County,IN,3/17/2026 12:00,0.001045880190860056,0.0,0.0,0.0
18017,Cass County,IN,3/17/2026 13:00,0.0010710476279492725,0.0,0.0,0.0
18017,Cass County,IN,3/17/2026 14:00,0.0,0.0,0.0,0.0
18017,Cass County,IN,3/17/2026 15:00,0.0,0.0,0.0,0.0
18017,Cass County,IN,3/17/2026 16:00,0.0,0.0,0.0,0.0
18017,Cass County,IN,3/17/2026 17:00,0.0,0.0,0.0,0.0
18017,Cass County,IN,3/17/2026 18:00,0.0,0.0,0.0,0.0
18017,Cass County,IN,3/17/2026 19:00,0.0,0.0,0.0,0.0
18017,Cass County,IN,3/17/2026 20:00,0.0,0.0,0.0,0.0
18017,Cass County,IN,3/17/2026 21:00,0.0,0.0,0.0,0.0
18017,Cass County,IN,3/17/2026 22:00,0.0,0.0,0.0,0.0
18017,Cass County,IN,3/17/2026 23:00,0.0,0.0,0.0,0.0
18017,Cass County,IN,3/18/2026 0:00,0.0,0.0,0.0,
18017,Cass County,IN,3/18/2026 1:00,0.0,0.0,0.0,
18017,Cass County,IN,3/18/2026 2:00,0.0,0.0,0.0,
18017,Cass County,IN,3/18/2026 3:00,0.0,0.0,0.0,
18017,Cass County,IN,3/18/2026 4:00,0.0,0.0,0.0,
18017,Cass County,IN,3/18/2026 5:00,0.0,0.0,0.0,
18017,Cass County,IN,3/18/2026 6:00,0.0,0.0,0.0,
18017,Cass County,IN,3/18/2026 7:00,0.0,0.0,0.0,
18017,Cass County,IN,3/18/2026 8:00,0.0,0.0,0.0,
18017,Cass County,IN,3/18/2026 9:00,0.0,0.0,0.0,
18017,Cass County,IN,3/18/2026 10:00,0.0,0.0,0.0,
18017,Cass County,IN,3/18/2026 11:00,0.0,0.0,0.0,
18017,Cass County,IN,3/18/2026 12:00,0.0,0.0,0.0,
18017,Cass County,IN,3/18/2026 13:00,0.0,0.0,0.0,
18017,Cass County,IN,3/18/2026 14:00,0.0,0.0,0.0,
18017,Cass County,IN,3/18/2026 15:00,0.0,0.0,0.0,
18017,Cass County,IN,3/18/2026 16:00,0.0,0.0,0.0,
18017,Cass County,IN,3/18/2026 17:00,0.0,0.0,0.0,
18017,Cass County,IN,3/18/2026 18:00,0.0,0.0,0.0,
18017,Cass County,IN,3/18/2026 19:00,0.0,0.0,0.0,
18017,Cass County,IN,3/18/2026 20:00,0.0,0.0,0.0,
18017,Cass County,IN,3/18/2026 21:00,0.0,0.0,0.0,
18017,Cass County,IN,3/18/2026 22:00,0.0,0.0,0.0,
18017,Cass County,IN,3/18/2026 23:00,0.0,0.0,0.0,
18017,Cass County,IN,3/19/2026 0:00,0.0,0.0,,
18017,Cass County,IN,3/19/2026 1:00,0.0,0.0,,
18017,Cass County,IN,3/19/2026 2:00,0.0,0.0,,
18017,Cass County,IN,3/19/2026 3:00,0.0,0.0,,
18017,Cass County,IN,3/19/2026 4:00,0.0,0.0,,
18017,Cass County,IN,3/19/2026 5:00,0.0,0.0,,
18017,Cass County,IN,3/19/2026 6:00,0.0,0.0,,
18017,Cass County,IN,3/19/2026 7:00,0.0,0.0,,
18017,Cass County,IN,3/19/2026 8:00,0.0,0.0,,
18017,Cass County,IN,3/19/2026 9:00,0.0,0.0,,
18017,Cass County,IN,3/19/2026 10:00,0.0,0.0,,
18017,Cass County,IN,3/19/2026 11:00,0.0,0.0,,
18017,Cass County,IN,3/19/2026 12:00,0.0,0.0,,
18017,Cass County,IN,3/19/2026 13:00,0.0,0.0,,
18017,Cass County,IN,3/19/2026 14:00,0.0,0.0,,
18017,Cass County,IN,3/19/2026 15:00,0.0,0.0,,
18017,Cass County,IN,3/19/2026 16:00,0.0,0.0,,
18017,Cass County,IN,3/19/2026 17:00,0.0,0.0,,
18017,Cass County,IN,3/19/2026 18:00,0.0,,,
18017,Cass County,IN,3/19/2026 19:00,0.0,,,
18017,Cass County,IN,3/19/2026 20:00,0.0,,,
18017,Cass County,IN,3/19/2026 21:00,0.0,,,
18017,Cass County,IN,3/19/2026 22:00,0.0,,,
18017,Cass County,IN,3/19/2026 23:00,,,,
18019,Clark County,IN,3/14/2026 0:00,0.0,0.0,0.0,0.013610433653848288
18019,Clark County,IN,3/14/2026 1:00,0.0,0.0,0.0,0.012536004231575958
18019,Clark County,IN,3/14/2026 2:00,0.0,0.0,0.0,0.008400845819489827
18019,Clark County,IN,3/14/2026 3:00,0.0,0.0,0.0,0.0060643859485663585
18019,Clark County,IN,3/14/2026 4:00,0.0,0.0,0.0,0.006316905381420347
18019,Clark County,IN,3/14/2026 5:00,0.0,0.0,0.0,0.005423491717153914
18019,Clark County,IN,3/14/2026 6:00,0.0,0.0,0.0,0.00530826373410707
18019,Clark County,IN,3/14/2026 7:00,0.0,0.0,0.0,0.004621015181725859
18019,Clark County,IN,3/14/2026 8:00,0.0,0.0,0.0,0.0029539958966663424
18019,Clark County,IN,3/14/2026 9:00,0.0,0.0,0.0,0.0027493781296232577
18019,Clark County,IN,3/14/2026 10:00,0.0,0.0,0.0,0.002688218217377621
18019,Clark County,IN,3/14/2026 11:00,0.0,0.0,0.009399292271748837,0.0015664567638835542
18019,Clark County,IN,3/14/2026 12:00,0.0,0.0,0.015142136333976717,0.001510908436427949
18019,Clark County,IN,3/14/2026 13:00,0.0,0.0,0.01631018612949026,0.0012878102511096107
18019,Clark County,IN,3/14/2026 14:00,0.0,0.0,0.012469558363773375,0.0011087836223905138
18019,Clark County,IN,3/14/2026 15:00,0.0,0.0,0.016590337472469786,0.001164340619991003
18019,Clark County,IN,3/14/2026 16:00,0.0,0.0,0.015077434628416797,0.001170301693579618
18019,Clark County,IN,3/14/2026 17:00,0.0,0.0,0.010807258266772158,0.0011842752278774062
18019,Clark County,IN,3/14/2026 18:00,0.0,0.0,0.012682318357088116,0.0011842752278774062
18019,Clark County,IN,3/14/2026 19:00,0.0,0.0,0.013192460449865355,0.0010363208612005524
18019,Clark County,IN,3/14/2026 20:00,0.0,0.0,0.010019850381682432,0.001044880235155881
18019,Clark County,IN,3/14/2026 21:00,0.0,0.0,0.0104197729870245,0.0
18019,Clark County,IN,3/14/2026 22:00,0.0,0.0,0.009337643049612663,0.0016776241751663378
18019,Clark County,IN,3/14/2026 23:00,0.0,0.0,0.008672226066213037,0.0018087064288781253
18019,Clark County,IN,3/15/2026 0:00,0.0,0.0,0.009947929277409813,0.0
18019,Clark County,IN,3/15/2026 1:00,0.0,0.0,0.01003180475792672,0.0010773439425775708
18019,Clark County,IN,3/15/2026 2:00,0.0,0.0,0.01023281450697099,0.0
18019,Clark County,IN,3/15/2026 3:00,0.0,0.0,0.004506367081725066,0.0
18019,Clark County,IN,3/15/2026 4:00,0.0,0.0016378468885177118,0.0032989525373851663,0.0
18019,Clark County,IN,3/15/2026 5:00,0.0,0.002936790025583853,0.003133554749192378,0.0
18019,Clark County,IN,3/15/2026 6:00,0.0,0.007019242183032043,0.003175636042598087,0.0
18019,Clark County,IN,3/15/2026 7:00,0.0,0.007725328324568952,0.00330983928770914,0.0
18019,Clark County,IN,3/15/2026 8:00,0.0,0.009047939562381561,0.0033316737466817735,0.0
18019,Clark County,IN,3/15/2026 9:00,0.0,0.00886697382712374,0.001894283496081236,0.0
18019,Clark County,IN,3/15/2026 10:00,0.005724769770943478,0.007452070627590566,0.0012157274953614689,0.0
18019,Clark County,IN,3/15/2026 11:00,0.011019516742196409,0.0070129453750637,0.001283157739161204,0.0
18019,Clark County,IN,3/15/2026 12:00,0.013942240314734046,0.00782128454221241,0.0014050681188833404,0.0
18019,Clark County,IN,3/15/2026 13:00,0.015113658630135408,0.004373824794336633,0.001058023390209187,0.0
18019,Clark County,IN,3/15/2026 14:00,0.009714930066209652,0.00438614364808617,0.0011592578976278975,0.0
18019,Clark County,IN,3/15/2026 15:00,0.007830196782585133,0.0055002113387888005,0.0,0.0
18019,Clark County,IN,3/15/2026 16:00,0.006356576012645307,0.002938133403063175,0.0,0.0
18019,Clark County,IN,3/15/2026 17:00,0.005221933950445168,0.003017297769172335,0.0,0.0
18019,Clark County,IN,3/15/2026 18:00,0.0054439443398981765,0.0060537753744340575,0.0,0.0
18019,Clark County,IN,3/15/2026 19:00,0.004761894944477289,0.005308428546761319,0.0,0.0
18019,Clark County,IN,3/15/2026 20:00,0.0040293164412151545,0.0046747794273894906,0.0,0.0
18019,Clark County,IN,3/15/2026 21:00,0.004311719292641961,0.004966556696453661,0.0,0.0
18019,Clark County,IN,3/15/2026 22:00,0.002257343054108797,0.005412315530753167,0.0,0.0
18019,Clark County,IN,3/15/2026 23:00,0.003796007483811287,0.00511172282230605,0.0,0.0
18019,Clark County,IN,3/16/2026 0:00,0.00503296132330077,0.0027870575003153025,0.0,0.0
18019,Clark County,IN,3/16/2026 1:00,0.005833911275750246,0.002769423460267272,0.0,0.0
18019,Clark County,IN,3/16/2026 2:00,0.008704308805567341,0.0010832216086212167,0.0,0.0
18019,Clark County,IN,3/16/2026 3:00,0.006783906333795371,0.0011496232757812143,0.0,0.0
18019,Clark County,IN,3/16/2026 4:00,0.006180763973625578,0.0013828135462338013,0.0,0.0
18019,Clark County,IN,3/16/2026 5:00,0.005736910597107744,0.0014027800418858099,0.0,0.0
18019,Clark County,IN,3/16/2026 6:00,0.004060301423435884,0.0015405266538138418,0.0,0.0
18019,Clark County,IN,3/16/2026 7:00,0.004121819960598872,0.0013472265165699257,0.0,0.0
18019,Clark County,IN,3/16/2026 8:00,0.0026998744008574723,0.0,0.0,0.0
18019,Clark County,IN,3/16/2026 9:00,0.0019747297610739193,0.0,0.0,0.0
18019,Clark County,IN,3/16/2026 10:00,0.0019594644734580806,0.0,0.0,0.0
18019,Clark County,IN,3/16/2026 11:00,0.0014131530439858815,0.0,0.0,0.0
18019,Clark County,IN,3/16/2026 12:00,0.0,0.0,0.0,0.0
18019,Clark County,IN,3/16/2026 13:00,0.0011840788393215338,0.0,0.0,0.0
18019,Clark County,IN,3/16/2026 14:00,0.0,0.0,0.0,0.0
18019,Clark County,IN,3/16/2026 15:00,0.0011239570580090991,0.0,0.0,0.0
18019,Clark County,IN,3/16/2026 16:00,0.0,0.0,0.0,0.0
18019,Clark County,IN,3/16/2026 17:00,0.0011021096424272585,0.0,0.0,0.0
18019,Clark County,IN,3/16/2026 18:00,0.0014430108718113792,0.0,0.0,0.0
18019,Clark County,IN,3/16/2026 19:00,0.0012028796724964895,0.0,0.0,0.0
18019,Clark County,IN,3/16/2026 20:00,0.0,0.0,0.0,0.0
18019,Clark County,IN,3/16/2026 21:00,0.0,0.0,0.0,0.0
18019,Clark County,IN,3/16/2026 22:00,0.0,0.0,0.0,0.0
18019,Clark County,IN,3/16/2026 23:00,0.0,0.0,0.0,0.0
18019,Clark County,IN,3/17/2026 0:00,0.0,0.0,0.0,0.0
18019,Clark County,IN,3/17/2026 1:00,0.0,0.0,0.0,0.0
18019,Clark County,IN,3/17/2026 2:00,0.0,0.0,0.0,0.0
18019,Clark County,IN,3/17/2026 3:00,0.0,0.0,0.0,0.0
18019,Clark County,IN,3/17/2026 4:00,0.0,0.0,0.0,0.0
18019,Clark County,IN,3/17/2026 5:00,0.0,0.0,0.0,0.0
18019,Clark County,IN,3/17/2026 6:00,0.0,0.0,0.0,0.0
18019,Clark County,IN,3/17/2026 7:00,0.0,0.0,0.0,0.0
18019,Clark County,IN,3/17/2026 8:00,0.0015468283780513267,0.0,0.0,0.0
18019,Clark County,IN,3/17/2026 9:00,0.0,0.0,0.0,0.0
18019,Clark County,IN,3/17/2026 10:00,0.0,0.0,0.0,0.0
18019,Clark County,IN,3/17/2026 11:00,0.0,0.0,0.0,0.0
18019,Clark County,IN,3/17/2026 12:00,0.0,0.0,0.0,0.0
18019,Clark County,IN,3/17/2026 13:00,0.0,0.0,0.0,0.0
18019,Clark County,IN,3/17/2026 14:00,0.0,0.0,0.0,0.0
18019,Clark County,IN,3/17/2026 15:00,0.0,0.0,0.0,0.0
18019,Clark County,IN,3/17/2026 16:00,0.0,0.0,0.0,0.0
18019,Clark County,IN,3/17/2026 17:00,0.0,0.0,0.0,0.0
18019,Clark County,IN,3/17/2026 18:00,0.0,0.0,0.0,0.0
18019,Clark County,IN,3/17/2026 19:00,0.0,0.0,0.0,0.0
18019,Clark County,IN,3/17/2026 20:00,0.0,0.0,0.0,0.0
18019,Clark County,IN,3/17/2026 21:00,0.0,0.0,0.0,0.0
18019,Clark County,IN,3/17/2026 22:00,0.0,0.0,0.0,0.0
18019,Clark County,IN,3/17/2026 23:00,0.0,0.0,0.0,0.0
18019,Clark County,IN,3/18/2026 0:00,0.0,0.0,0.0,
18019,Clark County,IN,3/18/2026 1:00,0.0,0.0,0.0,
18019,Clark County,IN,3/18/2026 2:00,0.0,0.0,0.0,
18019,Clark County,IN,3/18/2026 3:00,0.0,0.0,0.0,
18019,Clark County,IN,3/18/2026 4:00,0.0,0.0,0.0,
18019,Clark County,IN,3/18/2026 5:00,0.0,0.0,0.0,
18019,Clark County,IN,3/18/2026 6:00,0.0,0.0,0.0,
18019,Clark County,IN,3/18/2026 7:00,0.0,0.0,0.0,
18019,Clark County,IN,3/18/2026 8:00,0.0,0.0,0.0,
18019,Clark County,IN,3/18/2026 9:00,0.0,0.0,0.0,
18019,Clark County,IN,3/18/2026 10:00,0.0,0.0,0.0,
18019,Clark County,IN,3/18/2026 11:00,0.0,0.0,0.0,
18019,Clark County,IN,3/18/2026 12:00,0.0,0.0,0.0,
18019,Clark County,IN,3/18/2026 13:00,0.0,0.0,0.0,
18019,Clark County,IN,3/18/2026 14:00,0.0,0.0,0.0,
18019,Clark County,IN,3/18/2026 15:00,0.0,0.0,0.0,
18019,Clark County,IN,3/18/2026 16:00,0.0,0.0,0.0,
18019,Clark County,IN,3/18/2026 17:00,0.0,0.0,0.0,
18019,Clark County,IN,3/18/2026 18:00,0.0,0.0,0.0,
18019,Clark County,IN,3/18/2026 19:00,0.0,0.0,0.0,
18019,Clark County,IN,3/18/2026 20:00,0.0,0.0,0.0,
18019,Clark County,IN,3/18/2026 21:00,0.0,0.0,0.0,
18019,Clark County,IN,3/18/2026 22:00,0.0,0.0,0.0,
18019,Clark County,IN,3/18/2026 23:00,0.0,0.0,0.0,
18019,Clark County,IN,3/19/2026 0:00,0.0,0.0,,
18019,Clark County,IN,3/19/2026 1:00,0.0,0.0,,
18019,Clark County,IN,3/19/2026 2:00,0.0,0.0,,
18019,Clark County,IN,3/19/2026 3:00,0.0,0.0,,
18019,Clark County,IN,3/19/2026 4:00,0.0,0.0,,
18019,Clark County,IN,3/19/2026 5:00,0.0,0.0,,
18019,Clark County,IN,3/19/2026 6:00,0.0,0.0,,
18019,Clark County,IN,3/19/2026 7:00,0.0,0.0,,
18019,Clark County,IN,3/19/2026 8:00,0.0,0.0,,
18019,Clark County,IN,3/19/2026 9:00,0.0,0.0,,
18019,Clark County,IN,3/19/2026 10:00,0.0,0.0,,
18019,Clark County,IN,3/19/2026 11:00,0.0,0.0,,
18019,Clark County,IN,3/19/2026 12:00,0.0,0.0,,
18019,Clark County,IN,3/19/2026 13:00,0.0,0.0,,
18019,Clark County,IN,3/19/2026 14:00,0.0,0.0,,
18019,Clark County,IN,3/19/2026 15:00,0.0,0.0,,
18019,Clark County,IN,3/19/2026 16:00,0.0,0.0,,
18019,Clark County,IN,3/19/2026 17:00,0.0,0.0,,
18019,Clark County,IN,3/19/2026 18:00,0.0,,,
18019,Clark County,IN,3/19/2026 19:00,0.0,,,
18019,Clark County,IN,3/19/2026 20:00,0.0,,,
18019,Clark County,IN,3/19/2026 21:00,0.0,,,
18019,Clark County,IN,3/19/2026 22:00,0.0,,,
18019,Clark County,IN,3/19/2026 23:00,,,,
18021,Clay County,IN,3/14/2026 0:00,0.0,0.0,0.0,0.009825662401007912
18021,Clay County,IN,3/14/2026 1:00,0.0,0.0,0.0,0.00762635284523081
18021,Clay County,IN,3/14/2026 2:00,0.0,0.0,0.0,0.004370367299962458
18021,Clay County,IN,3/14/2026 3:00,0.0,0.0,0.0,0.003377924486509334
18021,Clay County,IN,3/14/2026 4:00,0.0,0.0,0.0,0.0022562593814093477
18021,Clay County,IN,3/14/2026 5:00,0.0,0.0,0.0,0.0019737136609679425
18021,Clay County,IN,3/14/2026 6:00,0.0,0.0,0.0,0.0022362507231440273
18021,Clay County,IN,3/14/2026 7:00,0.0,0.0,0.0,0.0022535719389336264
18021,Clay County,IN,3/14/2026 8:00,0.0,0.0,0.0012729599645605548,0.002031243005617688
18021,Clay County,IN,3/14/2026 9:00,0.0,0.0,0.0,0.0010537749837877916
18021,Clay County,IN,3/14/2026 10:00,0.0,0.0,0.0,0.0
18021,Clay County,IN,3/14/2026 11:00,0.0,0.0,0.0038812187015939506,0.0
18021,Clay County,IN,3/14/2026 12:00,0.0,0.0,0.00975099437766144,0.0
18021,Clay County,IN,3/14/2026 13:00,0.0,0.0,0.01287762818512517,0.0
18021,Clay County,IN,3/14/2026 14:00,0.0,0.0,0.011785033482919644,0.0
18021,Clay County,IN,3/14/2026 15:00,0.0,0.0,0.011458090203525029,0.0
18021,Clay County,IN,3/14/2026 16:00,0.0,0.0,0.011390683256561054,0.0
18021,Clay County,IN,3/14/2026 17:00,0.0,0.0,0.009709298769859587,0.0
18021,Clay County,IN,3/14/2026 18:00,0.0,0.0,0.00790620624607847,0.0
18021,Clay County,IN,3/14/2026 19:00,0.0,0.0,0.007370335071350989,0.0
18021,Clay County,IN,3/14/2026 20:00,0.0,0.0,0.004910686698165867,0.0
18021,Clay County,IN,3/14/2026 21:00,0.0,0.0,0.0049267134831560335,0.0
18021,Clay County,IN,3/14/2026 22:00,0.0,0.0,0.007014269435280854,0.0
18021,Clay County,IN,3/14/2026 23:00,0.0,0.0,0.00639940836465427,0.0
18021,Clay County,IN,3/15/2026 0:00,0.0,0.0,0.006795158316232855,0.0
18021,Clay County,IN,3/15/2026 1:00,0.0,0.0,0.0062453753106828085,0.0
18021,Clay County,IN,3/15/2026 2:00,0.0,0.0,0.007343188585710992,0.0
18021,Clay County,IN,3/15/2026 3:00,0.0,0.0,0.005142566083295262,0.0
18021,Clay County,IN,3/15/2026 4:00,0.0,0.0015444921443577963,0.003487351617386544,0.0
18021,Clay County,IN,3/15/2026 5:00,0.0,0.004521429128872473,0.003097870336807443,0.0
18021,Clay County,IN,3/15/2026 6:00,0.0,0.006666863078526512,0.0026257735700400083,0.0
18021,Clay County,IN,3/15/2026 7:00,0.0,0.009752535211231378,0.002331653018736313,0.0
18021,Clay County,IN,3/15/2026 8:00,0.0,0.009328901104935824,0.0021197485112308813,0.0
18021,Clay County,IN,3/15/2026 9:00,0.0,0.008938235907340504,0.0014549816109576746,0.0
18021,Clay County,IN,3/15/2026 10:00,0.005138322831329831,0.010372169044416414,0.001232323816605846,0.0
18021,Clay County,IN,3/15/2026 11:00,0.009473257732019584,0.010924463690355192,0.0012375779470452418,0.0
18021,Clay County,IN,3/15/2026 12:00,0.01226891580613925,0.01260357418615556,0.0015016615804859213,0.0
18021,Clay County,IN,3/15/2026 13:00,0.012214402758848874,0.010645997406249521,0.0,0.0
18021,Clay County,IN,3/15/2026 14:00,0.011506369902958774,0.00545292431132786,0.0,0.0
18021,Clay County,IN,3/15/2026 15:00,0.009775475462093931,0.005619210455412948,0.0,0.0
18021,Clay County,IN,3/15/2026 16:00,0.011502293590864016,0.00805401012454526,0.0010338787564379238,0.0
18021,Clay County,IN,3/15/2026 17:00,0.0069036528443128,0.009401923517035364,0.0,0.0
18021,Clay County,IN,3/15/2026 18:00,0.005320827424652132,0.01014931819334174,0.0,0.0
18021,Clay County,IN,3/15/2026 19:00,0.004302717696336086,0.007413777416270885,0.0,0.0
18021,Clay County,IN,3/15/2026 20:00,0.004770711549954043,0.006622580317918531,0.0,0.0
18021,Clay County,IN,3/15/2026 21:00,0.0085979386665325,0.004970459657898538,0.0,0.0
18021,Clay County,IN,3/15/2026 22:00,0.012048521862885844,0.005790956204535657,0.0,0.0
18021,Clay County,IN,3/15/2026 23:00,0.011070758049885493,0.004791462307235349,0.0,0.0
18021,Clay County,IN,3/16/2026 0:00,0.006177641815751685,0.0023061704194388927,0.0,0.0
18021,Clay County,IN,3/16/2026 1:00,0.006123502616550283,0.0020664803082480502,0.0,0.0
18021,Clay County,IN,3/16/2026 2:00,0.00478065936233492,0.0020486965691410585,0.0,0.0
18021,Clay County,IN,3/16/2026 3:00,0.0029613983073091777,0.0019746506099761526,0.0,0.0
18021,Clay County,IN,3/16/2026 4:00,0.0034312057951499226,0.0014774193238789345,0.0,0.0
18021,Clay County,IN,3/16/2026 5:00,0.0017333474850100012,0.001065547141393089,0.0,0.0
18021,Clay County,IN,3/16/2026 6:00,0.001919496345855854,0.0011002688377288968,0.0,0.0
18021,Clay County,IN,3/16/2026 7:00,0.0033181137739979444,0.0011457171359845063,0.0,0.0
18021,Clay County,IN,3/16/2026 8:00,0.0036531530232962704,0.0011988681410679645,0.0,0.0
18021,Clay County,IN,3/16/2026 9:00,0.0017910085391925766,0.001132500175752079,0.0,0.0
18021,Clay County,IN,3/16/2026 10:00,0.0,0.0010709666550891036,0.0,0.0
18021,Clay County,IN,3/16/2026 11:00,0.0012143041209074815,0.0010113060977497354,0.0,0.0
18021,Clay County,IN,3/16/2026 12:00,0.0011042516648295177,0.001262267947964383,0.0,0.0
18021,Clay County,IN,3/16/2026 13:00,0.0,0.0011467102816755089,0.0,0.0
18021,Clay County,IN,3/16/2026 14:00,0.0,0.0,0.0,0.0
18021,Clay County,IN,3/16/2026 15:00,0.0016596128235390197,0.0,0.0,0.0
18021,Clay County,IN,3/16/2026 16:00,0.0010310413296618314,0.0,0.0,0.0
18021,Clay County,IN,3/16/2026 17:00,0.0,0.0,0.0,0.0
18021,Clay County,IN,3/16/2026 18:00,0.0,0.0,0.0,0.0
18021,Clay County,IN,3/16/2026 19:00,0.0,0.0,0.0,0.0
18021,Clay County,IN,3/16/2026 20:00,0.0,0.0,0.0,0.0
18021,Clay County,IN,3/16/2026 21:00,0.0,0.0,0.0,0.0
18021,Clay County,IN,3/16/2026 22:00,0.0,0.0,0.0,0.0
18021,Clay County,IN,3/16/2026 23:00,0.0,0.0,0.0,0.0
18021,Clay County,IN,3/17/2026 0:00,0.0,0.0,0.0,0.0
18021,Clay County,IN,3/17/2026 1:00,0.0,0.0,0.0,0.0
18021,Clay County,IN,3/17/2026 2:00,0.0,0.0,0.0,0.0
18021,Clay County,IN,3/17/2026 3:00,0.0,0.0,0.0,0.0
18021,Clay County,IN,3/17/2026 4:00,0.0,0.0,0.0,0.0
18021,Clay County,IN,3/17/2026 5:00,0.0,0.0,0.0,0.0
18021,Clay County,IN,3/17/2026 6:00,0.0,0.0,0.0,0.0
18021,Clay County,IN,3/17/2026 7:00,0.0,0.0,0.0,0.0
18021,Clay County,IN,3/17/2026 8:00,0.0,0.0,0.0,0.0
18021,Clay County,IN,3/17/2026 9:00,0.0,0.0,0.0,0.0
18021,Clay County,IN,3/17/2026 10:00,0.0,0.0,0.0,0.0
18021,Clay County,IN,3/17/2026 11:00,0.0,0.0,0.0,0.0
18021,Clay County,IN,3/17/2026 12:00,0.0,0.0,0.0,0.0
18021,Clay County,IN,3/17/2026 13:00,0.0,0.0,0.0,0.0
18021,Clay County,IN,3/17/2026 14:00,0.0,0.0,0.0,0.0
18021,Clay County,IN,3/17/2026 15:00,0.0,0.0,0.0,0.0
18021,Clay County,IN,3/17/2026 16:00,0.0,0.0,0.0,0.0
18021,Clay County,IN,3/17/2026 17:00,0.0,0.0,0.0,0.0
18021,Clay County,IN,3/17/2026 18:00,0.0,0.0,0.0,0.0
18021,Clay County,IN,3/17/2026 19:00,0.0,0.0,0.0,0.0
18021,Clay County,IN,3/17/2026 20:00,0.0,0.0,0.0,0.0
18021,Clay County,IN,3/17/2026 21:00,0.0,0.0,0.0,0.0
18021,Clay County,IN,3/17/2026 22:00,0.0,0.0,0.0,0.0
18021,Clay County,IN,3/17/2026 23:00,0.0,0.0,0.0,0.0
18021,Clay County,IN,3/18/2026 0:00,0.0,0.0,0.0,
18021,Clay County,IN,3/18/2026 1:00,0.0,0.0,0.0,
18021,Clay County,IN,3/18/2026 2:00,0.0,0.0,0.0,
18021,Clay County,IN,3/18/2026 3:00,0.0,0.0,0.0,
18021,Clay County,IN,3/18/2026 4:00,0.0,0.0,0.0,
18021,Clay County,IN,3/18/2026 5:00,0.0,0.0,0.0,
18021,Clay County,IN,3/18/2026 6:00,0.0,0.0,0.0,
18021,Clay County,IN,3/18/2026 7:00,0.0,0.0,0.0,
18021,Clay County,IN,3/18/2026 8:00,0.0,0.0,0.0,
18021,Clay County,IN,3/18/2026 9:00,0.0,0.0,0.0,
18021,Clay County,IN,3/18/2026 10:00,0.0,0.0,0.0,
18021,Clay County,IN,3/18/2026 11:00,0.0,0.0,0.0,
18021,Clay County,IN,3/18/2026 12:00,0.0,0.0,0.0,
18021,Clay County,IN,3/18/2026 13:00,0.0,0.0,0.0,
18021,Clay County,IN,3/18/2026 14:00,0.0,0.0,0.0,
18021,Clay County,IN,3/18/2026 15:00,0.0,0.0,0.0,
18021,Clay County,IN,3/18/2026 16:00,0.0,0.0,0.0,
18021,Clay County,IN,3/18/2026 17:00,0.0,0.0,0.0,
18021,Clay County,IN,3/18/2026 18:00,0.0,0.0,0.0,
18021,Clay County,IN,3/18/2026 19:00,0.0,0.0,0.0,
18021,Clay County,IN,3/18/2026 20:00,0.0,0.0,0.0,
18021,Clay County,IN,3/18/2026 21:00,0.0,0.0,0.0,
18021,Clay County,IN,3/18/2026 22:00,0.0,0.0,0.0,
18021,Clay County,IN,3/18/2026 23:00,0.0,0.0,0.0,
18021,Clay County,IN,3/19/2026 0:00,0.0,0.0,,
18021,Clay County,IN,3/19/2026 1:00,0.0,0.0,,
18021,Clay County,IN,3/19/2026 2:00,0.0,0.0,,
18021,Clay County,IN,3/19/2026 3:00,0.0,0.0,,
18021,Clay County,IN,3/19/2026 4:00,0.0,0.0,,
18021,Clay County,IN,3/19/2026 5:00,0.0,0.0,,
18021,Clay County,IN,3/19/2026 6:00,0.0,0.0,,
18021,Clay County,IN,3/19/2026 7:00,0.0,0.0,,
18021,Clay County,IN,3/19/2026 8:00,0.0,0.0,,
18021,Clay County,IN,3/19/2026 9:00,0.0,0.0,,
18021,Clay County,IN,3/19/2026 10:00,0.0,0.0,,
18021,Clay County,IN,3/19/2026 11:00,0.0,0.0011997768222098597,,
18021,Clay County,IN,3/19/2026 12:00,0.0,0.0,,
18021,Clay County,IN,3/19/2026 13:00,0.0,0.0,,
18021,Clay County,IN,3/19/2026 14:00,0.0,0.0,,
18021,Clay County,IN,3/19/2026 15:00,0.0,0.0,,
18021,Clay County,IN,3/19/2026 16:00,0.0,0.0,,
18021,Clay County,IN,3/19/2026 17:00,0.0,0.0,,
18021,Clay County,IN,3/19/2026 18:00,0.0,,,
18021,Clay County,IN,3/19/2026 19:00,0.0,,,
18021,Clay County,IN,3/19/2026 20:00,0.0,,,
18021,Clay County,IN,3/19/2026 21:00,0.0,,,
18021,Clay County,IN,3/19/2026 22:00,0.0,,,
18021,Clay County,IN,3/19/2026 23:00,,,,
18031,Decatur County,IN,3/14/2026 0:00,0.001113086313584784,0.0,0.0,0.00982457395655554
18031,Decatur County,IN,3/14/2026 1:00,0.00111648129823266,0.0,0.0,0.009196859847116856
18031,Decatur County,IN,3/14/2026 2:00,0.0,0.0,0.0,0.005623136110678474
18031,Decatur County,IN,3/14/2026 3:00,0.0,0.0,0.0,0.004444346179081312
18031,Decatur County,IN,3/14/2026 4:00,0.0,0.0,0.0,0.003883716075628895
18031,Decatur County,IN,3/14/2026 5:00,0.0,0.0,0.0,0.003760866938822479
18031,Decatur County,IN,3/14/2026 6:00,0.0,0.0,0.0,0.003458377344136582
18031,Decatur County,IN,3/14/2026 7:00,0.0,0.0,0.0,0.0038138880227496343
18031,Decatur County,IN,3/14/2026 8:00,0.0,0.0,0.0,0.003885816946792156
18031,Decatur County,IN,3/14/2026 9:00,0.0,0.0,0.0,0.002715292526506605
18031,Decatur County,IN,3/14/2026 10:00,0.0,0.0,0.0,0.0024895680886873584
18031,Decatur County,IN,3/14/2026 11:00,0.0,0.0,0.0024184192114988967,0.0022784995447491596
18031,Decatur County,IN,3/14/2026 12:00,0.0,0.0,0.004267456315671699,0.00194237682059814
18031,Decatur County,IN,3/14/2026 13:00,0.0,0.0,0.0070755340020766866,0.001812350927231442
18031,Decatur County,IN,3/14/2026 14:00,0.0,0.0,0.009749069480293136,0.0016121108438057073
18031,Decatur County,IN,3/14/2026 15:00,0.0,0.0,0.009325770522479885,0.0014047165074451296
18031,Decatur County,IN,3/14/2026 16:00,0.0,0.0,0.010784164108134184,0.0012689134274588378
18031,Decatur County,IN,3/14/2026 17:00,0.0,0.0,0.00726787368330936,0.0
18031,Decatur County,IN,3/14/2026 18:00,0.0,0.0,0.006541834082667131,0.0011713554024656613
18031,Decatur County,IN,3/14/2026 19:00,0.0,0.0,0.006533751120115356,0.0011434189473375415
18031,Decatur County,IN,3/14/2026 20:00,0.0,0.0,0.005384429017646213,0.001081285294438647
18031,Decatur County,IN,3/14/2026 21:00,0.0,0.0,0.004518056269392919,0.001557824225951939
18031,Decatur County,IN,3/14/2026 22:00,0.0,0.0,0.003714377111847733,0.001570004522518766
18031,Decatur County,IN,3/14/2026 23:00,0.0,0.0,0.0024842558694002865,0.0013283566015253
18031,Decatur County,IN,3/15/2026 0:00,0.0,0.0,0.0045788369736693875,0.0012741548606847195
18031,Decatur County,IN,3/15/2026 1:00,0.0,0.0,0.004731236215734231,0.0010874683557625599
18031,Decatur County,IN,3/15/2026 2:00,0.0,0.0,0.0022021586400948574,0.0
18031,Decatur County,IN,3/15/2026 3:00,0.0,0.0,0.004000801419911076,0.0
18031,Decatur County,IN,3/15/2026 4:00,0.0,0.0,0.003300574645086053,0.0
18031,Decatur County,IN,3/15/2026 5:00,0.0,0.00236043332083979,0.0023036822895401926,0.0
18031,Decatur County,IN,3/15/2026 6:00,0.0,0.004354703255488358,0.0025097699387638226,0.0
18031,Decatur County,IN,3/15/2026 7:00,0.0,0.00660980453591868,0.002402482619774057,0.0
18031,Decatur County,IN,3/15/2026 8:00,0.0,0.007290302384134309,0.002685542914939597,0.0
18031,Decatur County,IN,3/15/2026 9:00,0.0,0.007580708955370313,0.002725960372639895,0.0
18031,Decatur County,IN,3/15/2026 10:00,0.0,0.006207805248584866,0.002023956808882391,0.0
18031,Decatur County,IN,3/15/2026 11:00,0.005485687183982373,0.00622147150594539,0.0019588321077930633,0.0
18031,Decatur County,IN,3/15/2026 12:00,0.008043753300744106,0.00457390034652585,0.001428241714478545,0.0
18031,Decatur County,IN,3/15/2026 13:00,0.009155667838255273,0.00420623628977521,0.001339843633699162,0.0
18031,Decatur County,IN,3/15/2026 14:00,0.008481983577165881,0.0039636410550853065,0.0,0.0
18031,Decatur County,IN,3/15/2026 15:00,0.010252081498039495,0.004350809488057749,0.0,0.0
18031,Decatur County,IN,3/15/2026 16:00,0.006484202385343776,0.004249792930560068,0.0,0.0
18031,Decatur County,IN,3/15/2026 17:00,0.00681831155245764,0.0037281805655173593,0.0,0.0
18031,Decatur County,IN,3/15/2026 18:00,0.005611367747290655,0.004379840564095353,0.0,0.0
18031,Decatur County,IN,3/15/2026 19:00,0.005256840780163687,0.0050028747946509865,0.0,0.0
18031,Decatur County,IN,3/15/2026 20:00,0.004238876266434932,0.003819565081786554,0.0,0.0
18031,Decatur County,IN,3/15/2026 21:00,0.004428508089718265,0.004102585432139647,0.0,0.0
18031,Decatur County,IN,3/15/2026 22:00,0.003117603664632572,0.0036601901055909364,0.0,0.0
18031,Decatur County,IN,3/15/2026 23:00,0.003971960300030186,0.0035932068283959094,0.0,0.0
18031,Decatur County,IN,3/16/2026 0:00,0.004990336755773517,0.002733211696452804,0.0,0.0
18031,Decatur County,IN,3/16/2026 1:00,0.005114507611333251,0.0026754854396171313,0.0,0.0
18031,Decatur County,IN,3/16/2026 2:00,0.0046841323371088935,0.0022445162200250154,0.0,0.0
18031,Decatur County,IN,3/16/2026 3:00,0.004687866738974376,0.0016552590852392174,0.0,0.0
18031,Decatur County,IN,3/16/2026 4:00,0.0039017923655076977,0.0018936952637604125,0.0,0.0
18031,Decatur County,IN,3/16/2026 5:00,0.0031340530104125193,0.0013328838762029151,0.0,0.0
18031,Decatur County,IN,3/16/2026 6:00,0.0030777403914117327,0.0012904485931503648,0.0,0.0
18031,Decatur County,IN,3/16/2026 7:00,0.0026302391740661794,0.0011958170018009535,0.0,0.0
18031,Decatur County,IN,3/16/2026 8:00,0.0024550177941730115,0.0012034923910751033,0.0012062675627193603,0.0
18031,Decatur County,IN,3/16/2026 9:00,0.0018629950497204644,0.001083309519750474,0.0011560487181894055,0.0
18031,Decatur County,IN,3/16/2026 10:00,0.0017155898137956127,0.0010905038265848603,0.0,0.0
18031,Decatur County,IN,3/16/2026 11:00,0.002156253075891308,0.0012804683737793771,0.0,0.0
18031,Decatur County,IN,3/16/2026 12:00,0.0015839984811766906,0.0010975311973601288,0.0,0.0
18031,Decatur County,IN,3/16/2026 13:00,0.0017182399550957116,0.0013026706493441081,0.0,0.0
18031,Decatur County,IN,3/16/2026 14:00,0.001511855614549118,0.0012215651392301582,0.0,0.0
18031,Decatur County,IN,3/16/2026 15:00,0.001295950139175054,0.0,0.0,0.0
18031,Decatur County,IN,3/16/2026 16:00,0.0013844781212157293,0.0013878966584624259,0.0,0.0
18031,Decatur County,IN,3/16/2026 17:00,0.0012839673714301009,0.0013991423838042227,0.0,0.0
18031,Decatur County,IN,3/16/2026 18:00,0.00160880425250185,0.001420240036952904,0.0,0.0
18031,Decatur County,IN,3/16/2026 19:00,0.002135264066216057,0.0014846229382891461,0.0,0.0
18031,Decatur County,IN,3/16/2026 20:00,0.0013666176790791949,0.0,0.0,0.0
18031,Decatur County,IN,3/16/2026 21:00,0.0011828580379029574,0.0,0.0,0.0
18031,Decatur County,IN,3/16/2026 22:00,0.0015606168494711635,0.0,0.0,0.0
18031,Decatur County,IN,3/16/2026 23:00,0.0011332811282487067,0.0,0.0,0.0
18031,Decatur County,IN,3/17/2026 0:00,0.0,0.0,0.0,0.0
18031,Decatur County,IN,3/17/2026 1:00,0.0,0.0,0.0,0.0
18031,Decatur County,IN,3/17/2026 2:00,0.0,0.0,0.0,0.0
18031,Decatur County,IN,3/17/2026 3:00,0.0,0.0,0.0,0.0
18031,Decatur County,IN,3/17/2026 4:00,0.0,0.0,0.0,0.0
18031,Decatur County,IN,3/17/2026 5:00,0.0,0.0,0.0,0.0
18031,Decatur County,IN,3/17/2026 6:00,0.0,0.0,0.0,0.0
18031,Decatur County,IN,3/17/2026 7:00,0.0,0.0,0.0,0.0
18031,Decatur County,IN,3/17/2026 8:00,0.0,0.0,0.0,0.0
18031,Decatur County,IN,3/17/2026 9:00,0.0,0.0,0.0,0.0
18031,Decatur County,IN,3/17/2026 10:00,0.0,0.0,0.0,0.0
18031,Decatur County,IN,3/17/2026 11:00,0.0,0.0,0.0,0.0
18031,Decatur County,IN,3/17/2026 12:00,0.0,0.0,0.0,0.0
18031,Decatur County,IN,3/17/2026 13:00,0.0,0.0,0.0,0.0
18031,Decatur County,IN,3/17/2026 14:00,0.0,0.0,0.0,0.0
18031,Decatur County,IN,3/17/2026 15:00,0.0,0.0,0.0,0.0
18031,Decatur County,IN,3/17/2026 16:00,0.0,0.0,0.0,0.0
18031,Decatur County,IN,3/17/2026 17:00,0.0,0.0,0.0,0.0
18031,Decatur County,IN,3/17/2026 18:00,0.0,0.0,0.0,0.0
18031,Decatur County,IN,3/17/2026 19:00,0.0,0.0,0.0,0.0
18031,Decatur County,IN,3/17/2026 20:00,0.0,0.0,0.0,0.0
18031,Decatur County,IN,3/17/2026 21:00,0.0,0.0,0.0,0.0
18031,Decatur County,IN,3/17/2026 22:00,0.0,0.0,0.0,0.0
18031,Decatur County,IN,3/17/2026 23:00,0.0,0.0,0.0,0.0
18031,Decatur County,IN,3/18/2026 0:00,0.0,0.0,0.0,
18031,Decatur County,IN,3/18/2026 1:00,0.0,0.0,0.0,
18031,Decatur County,IN,3/18/2026 2:00,0.0,0.0,0.0,
18031,Decatur County,IN,3/18/2026 3:00,0.0,0.0,0.0,
18031,Decatur County,IN,3/18/2026 4:00,0.0,0.0,0.0,
18031,Decatur County,IN,3/18/2026 5:00,0.0,0.0,0.0,
18031,Decatur County,IN,3/18/2026 6:00,0.0,0.0,0.0,
18031,Decatur County,IN,3/18/2026 7:00,0.0,0.0,0.0,
18031,Decatur County,IN,3/18/2026 8:00,0.0,0.0,0.0,
18031,Decatur County,IN,3/18/2026 9:00,0.0,0.0,0.0,
18031,Decatur County,IN,3/18/2026 10:00,0.0,0.0,0.0,
18031,Decatur County,IN,3/18/2026 11:00,0.0,0.0,0.0,
18031,Decatur County,IN,3/18/2026 12:00,0.0,0.0,0.0,
18031,Decatur County,IN,3/18/2026 13:00,0.0,0.0,0.0,
18031,Decatur County,IN,3/18/2026 14:00,0.0,0.0,0.0,
18031,Decatur County,IN,3/18/2026 15:00,0.0,0.0,0.0,
18031,Decatur County,IN,3/18/2026 16:00,0.0,0.0,0.0,
18031,Decatur County,IN,3/18/2026 17:00,0.0,0.0,0.0,
18031,Decatur County,IN,3/18/2026 18:00,0.0,0.0,0.0,
18031,Decatur County,IN,3/18/2026 19:00,0.0,0.0,0.0,
18031,Decatur County,IN,3/18/2026 20:00,0.0,0.0,0.0,
18031,Decatur County,IN,3/18/2026 21:00,0.0,0.0,0.0,
18031,Decatur County,IN,3/18/2026 22:00,0.0,0.0,0.0,
18031,Decatur County,IN,3/18/2026 23:00,0.0,0.0,0.0,
18031,Decatur County,IN,3/19/2026 0:00,0.0,0.0,,
18031,Decatur County,IN,3/19/2026 1:00,0.0,0.0,,
18031,Decatur County,IN,3/19/2026 2:00,0.0,0.0,,
18031,Decatur County,IN,3/19/2026 3:00,0.0,0.0,,
18031,Decatur County,IN,3/19/2026 4:00,0.0,0.0,,
18031,Decatur County,IN,3/19/2026 5:00,0.0,0.0,,
18031,Decatur County,IN,3/19/2026 6:00,0.0,0.0,,
18031,Decatur County,IN,3/19/2026 7:00,0.0,0.0,,
18031,Decatur County,IN,3/19/2026 8:00,0.0,0.0,,
18031,Decatur County,IN,3/19/2026 9:00,0.0,0.0,,
18031,Decatur County,IN,3/19/2026 10:00,0.0,0.0,,
18031,Decatur County,IN,3/19/2026 11:00,0.0,0.0,,
18031,Decatur County,IN,3/19/2026 12:00,0.0,0.0,,
18031,Decatur County,IN,3/19/2026 13:00,0.0,0.0,,
18031,Decatur County,IN,3/19/2026 14:00,0.0,0.0,,
18031,Decatur County,IN,3/19/2026 15:00,0.0,0.0,,
18031,Decatur County,IN,3/19/2026 16:00,0.0,0.0,,
18031,Decatur County,IN,3/19/2026 17:00,0.0,0.0,,
18031,Decatur County,IN,3/19/2026 18:00,0.0,,,
18031,Decatur County,IN,3/19/2026 19:00,0.0,,,
18031,Decatur County,IN,3/19/2026 20:00,0.0,,,
18031,Decatur County,IN,3/19/2026 21:00,0.0,,,
18031,Decatur County,IN,3/19/2026 22:00,0.0,,,
18031,Decatur County,IN,3/19/2026 23:00,,,,
18049,Fulton County,IN,3/14/2026 0:00,0.0011291788197106472,0.002869738303381455,0.0,0.005418271461062406
18049,Fulton County,IN,3/14/2026 1:00,0.0,0.001897312673862851,0.0,0.007757583407441022
18049,Fulton County,IN,3/14/2026 2:00,0.0,0.001501297580784263,0.0,0.006577014084800308
18049,Fulton County,IN,3/14/2026 3:00,0.0,0.0012313985320323729,0.0,0.004781355864781436
18049,Fulton County,IN,3/14/2026 4:00,0.0,0.0,0.0,0.004101558348216436
18049,Fulton County,IN,3/14/2026 5:00,0.0,0.0,0.0,0.0
18049,Fulton County,IN,3/14/2026 6:00,0.0,0.0,0.0,0.0011922760609156887
18049,Fulton County,IN,3/14/2026 7:00,0.0,0.0,0.0,0.001125610667406826
18049,Fulton County,IN,3/14/2026 8:00,0.0,0.0,0.0,0.001309841370978094
18049,Fulton County,IN,3/14/2026 9:00,0.0,0.0,0.0,0.0011401969850073186
18049,Fulton County,IN,3/14/2026 10:00,0.0,0.0,0.0,0.0011106307284732561
18049,Fulton County,IN,3/14/2026 11:00,0.0,0.0,0.0,0.0012358982180032474
18049,Fulton County,IN,3/14/2026 12:00,0.0,0.0,0.0,0.0
18049,Fulton County,IN,3/14/2026 13:00,0.0,0.0,0.0011234743031575348,0.0
18049,Fulton County,IN,3/14/2026 14:00,0.0,0.0,0.001034828982466682,0.0
18049,Fulton County,IN,3/14/2026 15:00,0.0,0.0,0.0014752732335494526,0.0
18049,Fulton County,IN,3/14/2026 16:00,0.0,0.0,0.0017779742038488905,0.0
18049,Fulton County,IN,3/14/2026 17:00,0.0,0.0,0.0,0.0
18049,Fulton County,IN,3/14/2026 18:00,0.0,0.0,0.0,0.0
18049,Fulton County,IN,3/14/2026 19:00,0.0,0.0,0.0,0.0
18049,Fulton County,IN,3/14/2026 20:00,0.0,0.0,0.0,0.0
18049,Fulton County,IN,3/14/2026 21:00,0.0,0.0,0.0,0.0
18049,Fulton County,IN,3/14/2026 22:00,0.0,0.0,0.0029368115433467752,0.0
18049,Fulton County,IN,3/14/2026 23:00,0.0,0.0,0.004885079948100849,0.0
18049,Fulton County,IN,3/15/2026 0:00,0.0,0.0,0.005317555784751574,0.0
18049,Fulton County,IN,3/15/2026 1:00,0.0,0.0,0.005464766936247826,0.0
18049,Fulton County,IN,3/15/2026 2:00,0.0,0.0,0.003848474209507873,0.0
18049,Fulton County,IN,3/15/2026 3:00,0.0,0.0,0.0024198059886301913,0.0
18049,Fulton County,IN,3/15/2026 4:00,0.0,0.0,0.0017578151941119204,0.0
18049,Fulton County,IN,3/15/2026 5:00,0.0,0.0,0.0,0.0
18049,Fulton County,IN,3/15/2026 6:00,0.0,0.0015889992825931327,0.0,0.0
18049,Fulton County,IN,3/15/2026 7:00,0.0,0.002340525215740515,0.0,0.0
18049,Fulton County,IN,3/15/2026 8:00,0.0,0.0037415468884801815,0.0,0.0
18049,Fulton County,IN,3/15/2026 9:00,0.0,0.005048536141519897,0.0010380671612809926,0.0
18049,Fulton County,IN,3/15/2026 10:00,0.0,0.004100476319412804,0.0,0.0
18049,Fulton County,IN,3/15/2026 11:00,0.0011980315176218779,0.003878692920592118,0.0,0.0
18049,Fulton County,IN,3/15/2026 12:00,0.0019017876177298237,0.003687932789450822,0.0,0.0
18049,Fulton County,IN,3/15/2026 13:00,0.0025828117410813694,0.003088377467138267,0.0,0.0
18049,Fulton County,IN,3/15/2026 14:00,0.004262147724054846,0.0037336391782201005,0.0,0.0
18049,Fulton County,IN,3/15/2026 15:00,0.006126761217583504,0.004684352265707555,0.0,0.0
18049,Fulton County,IN,3/15/2026 16:00,0.005402543380965756,0.008165102732228086,0.0,0.0
18049,Fulton County,IN,3/15/2026 17:00,0.0030525239009811587,0.007085682100676226,0.0,0.0
18049,Fulton County,IN,3/15/2026 18:00,0.00260034668210752,0.0101203031373346,0.0,0.0
18049,Fulton County,IN,3/15/2026 19:00,0.0031384700018490617,0.007414055864277969,0.0,0.0
18049,Fulton County,IN,3/15/2026 20:00,0.005000382098610788,0.005156467461951459,0.0,0.0
18049,Fulton County,IN,3/15/2026 21:00,0.004804513360905977,0.0037761147690644234,0.0,0.0
18049,Fulton County,IN,3/15/2026 22:00,0.008280369000979077,0.0035539881608913013,0.0,0.0
18049,Fulton County,IN,3/15/2026 23:00,0.009600276983314336,0.004500591299823032,0.0,0.0
18049,Fulton County,IN,3/16/2026 0:00,0.007315305035185996,0.003285266485869528,0.0,0.0
18049,Fulton County,IN,3/16/2026 1:00,0.008188073545962073,0.0020299720216449555,0.0,0.0
18049,Fulton County,IN,3/16/2026 2:00,0.007733344219086326,0.002278772811304262,0.0,0.0
18049,Fulton County,IN,3/16/2026 3:00,0.006775452490403168,0.0019252341130364514,0.0,0.0
18049,Fulton County,IN,3/16/2026 4:00,0.005801868172531995,0.0017223564861026746,0.0,0.0
18049,Fulton County,IN,3/16/2026 5:00,0.005604796427030973,0.001377429022971928,0.0,0.0
18049,Fulton County,IN,3/16/2026 6:00,0.0025395884076961452,0.0014518650286473402,0.0,0.0
18049,Fulton County,IN,3/16/2026 7:00,0.0016894936256547184,0.0016329262171473496,0.0,0.0
18049,Fulton County,IN,3/16/2026 8:00,0.0010327808944034155,0.0012442605368712864,0.0013627661674617225,0.0
18049,Fulton County,IN,3/16/2026 9:00,0.0,0.0,0.0016214640801159256,0.0
18049,Fulton County,IN,3/16/2026 10:00,0.0012165746899151326,0.0,0.0012690381495588608,0.0
18049,Fulton County,IN,3/16/2026 11:00,0.0012329193368207782,0.0,0.0,0.0
18049,Fulton County,IN,3/16/2026 12:00,0.0016026721495340304,0.0,0.0,0.0
18049,Fulton County,IN,3/16/2026 13:00,0.0013723265926768153,0.0010022966364048181,0.0,0.0
18049,Fulton County,IN,3/16/2026 14:00,0.0010254314945037494,0.0,0.0,0.0
18049,Fulton County,IN,3/16/2026 15:00,0.0010522332093329083,0.0,0.0,0.0
18049,Fulton County,IN,3/16/2026 16:00,0.0,0.0,0.0,0.0
18049,Fulton County,IN,3/16/2026 17:00,0.0,0.0,0.0,0.0
18049,Fulton County,IN,3/16/2026 18:00,0.001420603053278526,0.0,0.0,0.0
18049,Fulton County,IN,3/16/2026 19:00,0.0,0.0,0.0,0.0
18049,Fulton County,IN,3/16/2026 20:00,0.001161049620830265,0.001109485213755692,0.0,0.0
18049,Fulton County,IN,3/16/2026 21:00,0.001255362894734746,0.0,0.0,0.0
18049,Fulton County,IN,3/16/2026 22:00,0.0010619664397362736,0.0,0.0,0.0
18049,Fulton County,IN,3/16/2026 23:00,0.0,0.0,0.0,0.0
18049,Fulton County,IN,3/17/2026 0:00,0.0,0.0,0.0,0.0
18049,Fulton County,IN,3/17/2026 1:00,0.0,0.0,0.0,0.0
18049,Fulton County,IN,3/17/2026 2:00,0.0,0.0,0.0,0.0
18049,Fulton County,IN,3/17/2026 3:00,0.0,0.0,0.0,0.0
18049,Fulton County,IN,3/17/2026 4:00,0.0,0.0,0.0,0.0
18049,Fulton County,IN,3/17/2026 5:00,0.0,0.0,0.0,0.0
18049,Fulton County,IN,3/17/2026 6:00,0.0,0.0,0.0,0.0
18049,Fulton County,IN,3/17/2026 7:00,0.0,0.0,0.0,0.0
18049,Fulton County,IN,3/17/2026 8:00,0.0,0.0,0.0,0.0
18049,Fulton County,IN,3/17/2026 9:00,0.0,0.0,0.0,0.0
18049,Fulton County,IN,3/17/2026 10:00,0.0,0.0,0.0,0.0
18049,Fulton County,IN,3/17/2026 11:00,0.0,0.0,0.0,0.0
18049,Fulton County,IN,3/17/2026 12:00,0.0,0.0,0.0,0.0
18049,Fulton County,IN,3/17/2026 13:00,0.0,0.0,0.0,0.0
18049,Fulton County,IN,3/17/2026 14:00,0.0,0.0,0.0,0.0
18049,Fulton County,IN,3/17/2026 15:00,0.0,0.0,0.0,0.0
18049,Fulton County,IN,3/17/2026 16:00,0.0,0.0,0.0,0.0
18049,Fulton County,IN,3/17/2026 17:00,0.0,0.0,0.0,0.0
18049,Fulton County,IN,3/17/2026 18:00,0.0,0.0,0.0,0.0
18049,Fulton County,IN,3/17/2026 19:00,0.0,0.0,0.0,0.0
18049,Fulton County,IN,3/17/2026 20:00,0.0,0.0,0.0,0.0
18049,Fulton County,IN,3/17/2026 21:00,0.0,0.0,0.0,0.0
18049,Fulton County,IN,3/17/2026 22:00,0.0,0.0,0.0,0.0
18049,Fulton County,IN,3/17/2026 23:00,0.0,0.0,0.0,0.0
18049,Fulton County,IN,3/18/2026 0:00,0.0,0.0,0.0,
18049,Fulton County,IN,3/18/2026 1:00,0.0,0.0,0.0,
18049,Fulton County,IN,3/18/2026 2:00,0.0,0.0,0.0,
18049,Fulton County,IN,3/18/2026 3:00,0.0,0.0,0.0,
18049,Fulton County,IN,3/18/2026 4:00,0.0,0.0,0.0,
18049,Fulton County,IN,3/18/2026 5:00,0.0,0.0,0.0,
18049,Fulton County,IN,3/18/2026 6:00,0.0,0.0,0.0,
18049,Fulton County,IN,3/18/2026 7:00,0.0,0.0,0.0,
18049,Fulton County,IN,3/18/2026 8:00,0.0,0.0,0.0,
18049,Fulton County,IN,3/18/2026 9:00,0.0,0.0,0.0,
18049,Fulton County,IN,3/18/2026 10:00,0.0,0.0,0.0,
18049,Fulton County,IN,3/18/2026 11:00,0.0,0.0,0.0,
18049,Fulton County,IN,3/18/2026 12:00,0.0,0.0,0.0,
18049,Fulton County,IN,3/18/2026 13:00,0.0,0.0,0.0,
18049,Fulton County,IN,3/18/2026 14:00,0.0,0.0,0.0,
18049,Fulton County,IN,3/18/2026 15:00,0.0,0.0,0.0,
18049,Fulton County,IN,3/18/2026 16:00,0.0,0.0,0.0,
18049,Fulton County,IN,3/18/2026 17:00,0.0,0.0,0.0,
18049,Fulton County,IN,3/18/2026 18:00,0.0,0.0,0.0,
18049,Fulton County,IN,3/18/2026 19:00,0.0,0.0,0.0,
18049,Fulton County,IN,3/18/2026 20:00,0.0,0.0,0.0,
18049,Fulton County,IN,3/18/2026 21:00,0.0,0.0,0.0,
18049,Fulton County,IN,3/18/2026 22:00,0.0,0.0,0.0,
18049,Fulton County,IN,3/18/2026 23:00,0.0,0.0,0.0,
18049,Fulton County,IN,3/19/2026 0:00,0.0,0.0,,
18049,Fulton County,IN,3/19/2026 1:00,0.0,0.0,,
18049,Fulton County,IN,3/19/2026 2:00,0.0,0.0,,
18049,Fulton County,IN,3/19/2026 3:00,0.0,0.0,,
18049,Fulton County,IN,3/19/2026 4:00,0.0,0.0,,
18049,Fulton County,IN,3/19/2026 5:00,0.0,0.0,,
18049,Fulton County,IN,3/19/2026 6:00,0.0,0.0,,
18049,Fulton County,IN,3/19/2026 7:00,0.0,0.0,,
18049,Fulton County,IN,3/19/2026 8:00,0.0,0.0,,
18049,Fulton County,IN,3/19/2026 9:00,0.0,0.0,,
18049,Fulton County,IN,3/19/2026 10:00,0.0,0.0,,
18049,Fulton County,IN,3/19/2026 11:00,0.0,0.0,,
18049,Fulton County,IN,3/19/2026 12:00,0.0,0.0,,
18049,Fulton County,IN,3/19/2026 13:00,0.0,0.0,,
18049,Fulton County,IN,3/19/2026 14:00,0.0,0.0,,
18049,Fulton County,IN,3/19/2026 15:00,0.0,0.0,,
18049,Fulton County,IN,3/19/2026 16:00,0.0,0.0,,
18049,Fulton County,IN,3/19/2026 17:00,0.0,0.0,,
18049,Fulton County,IN,3/19/2026 18:00,0.0,,,
18049,Fulton County,IN,3/19/2026 19:00,0.0,,,
18049,Fulton County,IN,3/19/2026 20:00,0.0,,,
18049,Fulton County,IN,3/19/2026 21:00,0.0,,,
18049,Fulton County,IN,3/19/2026 22:00,0.0,,,
18049,Fulton County,IN,3/19/2026 23:00,,,,
18053,Grant County,IN,3/14/2026 0:00,0.008221736339254201,0.004864463970371635,0.004050380347779427,0.007572648963051644
18053,Grant County,IN,3/14/2026 1:00,0.008715847073016635,0.0050747973932069885,0.003981224091585858,0.007756228027715673
18053,Grant County,IN,3/14/2026 2:00,0.00838057842114713,0.004719772101827516,0.0029080255158355924,0.007450542970109951
18053,Grant County,IN,3/14/2026 3:00,0.008326465543867394,0.004762980736604311,0.002514777430445474,0.0069090355792692645
18053,Grant County,IN,3/14/2026 4:00,0.008266122829157277,0.004648885360078017,0.002283103712852567,0.006877789669516044
18053,Grant County,IN,3/14/2026 5:00,0.007748220794969812,0.003119441329461966,0.002187528076364672,0.006327261509789975
18053,Grant County,IN,3/14/2026 6:00,0.007571410595096393,0.00292754274090893,0.002128696196753325,0.006300406375661894
18053,Grant County,IN,3/14/2026 7:00,0.00700604901100763,0.0022872755530156815,0.0022030109139780326,0.005878726934685248
18053,Grant County,IN,3/14/2026 8:00,0.006278186355601944,0.0024470568339613925,0.0029165667754872267,0.006585602001350456
18053,Grant County,IN,3/14/2026 9:00,0.004920454981951267,0.0023654082747970005,0.003154638973124185,0.003526382867525391
18053,Grant County,IN,3/14/2026 10:00,0.005660751890932953,0.002338471879612346,0.0020397594109638852,0.0031949786439578317
18053,Grant County,IN,3/14/2026 11:00,0.005536954465739449,0.0028838963534580215,0.004641087596952687,0.0033527928364057197
18053,Grant County,IN,3/14/2026 12:00,0.006063513757837778,0.002660328965675824,0.004344071344761164,0.003301623488928219
18053,Grant County,IN,3/14/2026 13:00,0.006016591833046293,0.0018567024581018629,0.004549711270877269,0.0016164243693863774
18053,Grant County,IN,3/14/2026 14:00,0.004640298663958613,0.0018856241150433987,0.0068678508230053965,0.001376643900826359
18053,Grant County,IN,3/14/2026 15:00,0.00393486496641,0.001882625712164477,0.007060313504557213,0.0011797942543673291
18053,Grant County,IN,3/14/2026 16:00,0.0036093863815215062,0.0016487609168934908,0.00783038623159711,0.0
18053,Grant County,IN,3/14/2026 17:00,0.003022505544121747,0.001524878525856066,0.007901132536313764,0.0
18053,Grant County,IN,3/14/2026 18:00,0.002863449592061051,0.001483036591865218,0.008271201966066864,0.0
18053,Grant County,IN,3/14/2026 19:00,0.002504400009045957,0.0012518715437774396,0.008608274743125113,0.0013344321682255728
18053,Grant County,IN,3/14/2026 20:00,0.0027487739077356214,0.0014655786115254056,0.007860449598073376,0.0013586135788602614
18053,Grant County,IN,3/14/2026 21:00,0.0024901446979988555,0.0014237344216104766,0.00843092563454923,0.0013344321682255728
18053,Grant County,IN,3/14/2026 22:00,0.002422928419551084,0.0013503669049629008,0.008143363305351883,0.0
18053,Grant County,IN,3/14/2026 23:00,0.002308549827906241,0.0013524372086869618,0.0087595537992345,0.0
18053,Grant County,IN,3/15/2026 0:00,0.0025678234447313658,0.0016552232052786052,0.00981108199459644,0.0
18053,Grant County,IN,3/15/2026 1:00,0.002973363217906923,0.0013469650841027854,0.008596053421013213,0.001004982117736205
18053,Grant County,IN,3/15/2026 2:00,0.002425611256365854,0.0014245877940114895,0.008093748276944585,0.0
18053,Grant County,IN,3/15/2026 3:00,0.002577482086280831,0.0014845247453897704,0.005993209792338407,0.0
18053,Grant County,IN,3/15/2026 4:00,0.002103013519316225,0.0023266775559000427,0.00617287679460388,0.0
18053,Grant County,IN,3/15/2026 5:00,0.001954541596573381,0.004803703868653772,0.005129561417472428,0.0
18053,Grant County,IN,3/15/2026 6:00,0.0023400434561830666,0.0050335881038635205,0.005477183614661228,0.0
18053,Grant County,IN,3/15/2026 7:00,0.0018906918616245496,0.005331918932758329,0.00550876866985079,0.0
18053,Grant County,IN,3/15/2026 8:00,0.002151682875829689,0.006682740079506856,0.0046162924675217576,0.0
18053,Grant County,IN,3/15/2026 9:00,0.0018483652428165076,0.006290363755248146,0.00328561999101676,0.00112918410766349
18053,Grant County,IN,3/15/2026 10:00,0.004515228043765678,0.006443207192299137,0.0025172778930359963,0.0
18053,Grant County,IN,3/15/2026 11:00,0.007070068607800047,0.006674249696313265,0.0019837389321293373,0.0
18053,Grant County,IN,3/15/2026 12:00,0.007956367183406718,0.00622292687596042,0.001499395732369651,0.0
18053,Grant County,IN,3/15/2026 13:00,0.007236157026362068,0.005518214535375232,0.0,0.001174839241851141
18053,Grant County,IN,3/15/2026 14:00,0.005646767975640494,0.005422278965517443,0.0,0.0011600627554365613
18053,Grant County,IN,3/15/2026 15:00,0.006024537166182517,0.004618120412835126,0.0,0.0
18053,Grant County,IN,3/15/2026 16:00,0.0071732351218102884,0.0048015989808755264,0.0,0.0
18053,Grant County,IN,3/15/2026 17:00,0.00877161520558494,0.0039898870461490595,0.0,0.0
18053,Grant County,IN,3/15/2026 18:00,0.006664057714729936,0.005206880868464919,0.0,0.0
18053,Grant County,IN,3/15/2026 19:00,0.00562048185871045,0.007441789983890415,0.0,0.0
18053,Grant County,IN,3/15/2026 20:00,0.005412272591228343,0.004949533053369537,0.0,0.0
18053,Grant County,IN,3/15/2026 21:00,0.007331925086190103,0.005167405318596189,0.0,0.0
18053,Grant County,IN,3/15/2026 22:00,0.007949183885019253,0.005142554451753504,0.0,0.0
18053,Grant County,IN,3/15/2026 23:00,0.007474274195232923,0.005566901605866523,0.0,0.0
18053,Grant County,IN,3/16/2026 0:00,0.006894838503952209,0.005038437282296589,0.001653982650828476,0.0
18053,Grant County,IN,3/16/2026 1:00,0.007660459738840978,0.00336578116080078,0.0,0.0
18053,Grant County,IN,3/16/2026 2:00,0.006963840195150482,0.0024508459873850974,0.0,0.0
18053,Grant County,IN,3/16/2026 3:00,0.00626604320115074,0.0018499951234284733,0.0,0.0
18053,Grant County,IN,3/16/2026 4:00,0.0032533591497151157,0.001709848419451478,0.0,0.0
18053,Grant County,IN,3/16/2026 5:00,0.0031330610789066875,0.0016859806033551893,0.0,0.0
18053,Grant County,IN,3/16/2026 6:00,0.0030969604805138424,0.001319040958316472,0.0,0.0
18053,Grant County,IN,3/16/2026 7:00,0.003009786654644327,0.0012968044219984261,0.0,0.0
18053,Grant County,IN,3/16/2026 8:00,0.0027152573035801823,0.0011877703596006,0.0017928178652547911,0.0
18053,Grant County,IN,3/16/2026 9:00,0.0012338235279059117,0.0010729271400764888,0.0,0.0
18053,Grant County,IN,3/16/2026 10:00,0.001550712065612894,0.0010103214438773559,0.0,0.0
18053,Grant County,IN,3/16/2026 11:00,0.001349776585745425,0.001085790661892676,0.0010220065705839566,0.0
18053,Grant County,IN,3/16/2026 12:00,0.0010350097109465667,0.0011970059375582024,0.0,0.0
18053,Grant County,IN,3/16/2026 13:00,0.0011259087896217364,0.0014890774525680348,0.0,0.0
18053,Grant County,IN,3/16/2026 14:00,0.0,0.0,0.0,0.0
18053,Grant County,IN,3/16/2026 15:00,0.0011021700843744072,0.0,0.0,0.0
18053,Grant County,IN,3/16/2026 16:00,0.0011224634210525478,0.0,0.0,0.0
18053,Grant County,IN,3/16/2026 17:00,0.0011899673365741612,0.0,0.0,0.0
18053,Grant County,IN,3/16/2026 18:00,0.0010442208324801725,0.0,0.0,0.0
18053,Grant County,IN,3/16/2026 19:00,0.0,0.0,0.0,0.0
18053,Grant County,IN,3/16/2026 20:00,0.0010328560856084639,0.0,0.0,0.0
18053,Grant County,IN,3/16/2026 21:00,0.001019789674687773,0.0,0.0,0.0
18053,Grant County,IN,3/16/2026 22:00,0.0010713581586545076,0.0,0.0,0.0
18053,Grant County,IN,3/16/2026 23:00,0.0010711512871473762,0.0,0.0,0.0
18053,Grant County,IN,3/17/2026 0:00,0.0012190393363519028,0.0,0.0,0.0
18053,Grant County,IN,3/17/2026 1:00,0.0015890065479886861,0.0,0.0,0.0
18053,Grant County,IN,3/17/2026 2:00,0.001330560760965363,0.0,0.0,0.0
18053,Grant County,IN,3/17/2026 3:00,0.0015115713127955848,0.0010128796247226522,0.0,0.0
18053,Grant County,IN,3/17/2026 4:00,0.0012012378996390104,0.0010275977785927017,0.0,0.0
18053,Grant County,IN,3/17/2026 5:00,0.0012232541918999688,0.001002106178812079,0.0,0.0
18053,Grant County,IN,3/17/2026 6:00,0.0,0.0011139524961851345,0.0,0.0
18053,Grant County,IN,3/17/2026 7:00,0.0,0.001364062928385884,0.0,0.0
18053,Grant County,IN,3/17/2026 8:00,0.0015812491359708174,0.0013101792842408078,0.0,0.0
18053,Grant County,IN,3/17/2026 9:00,0.0,0.0,0.0,0.0
18053,Grant County,IN,3/17/2026 10:00,0.0,0.0,0.0,0.0
18053,Grant County,IN,3/17/2026 11:00,0.0,0.0,0.0,0.0
18053,Grant County,IN,3/17/2026 12:00,0.0,0.0,0.0,0.0
18053,Grant County,IN,3/17/2026 13:00,0.0,0.0,0.0,0.0
18053,Grant County,IN,3/17/2026 14:00,0.0,0.0,0.0,0.0
18053,Grant County,IN,3/17/2026 15:00,0.0,0.0,0.0,0.0
18053,Grant County,IN,3/17/2026 16:00,0.0,0.0,0.0,0.0
18053,Grant County,IN,3/17/2026 17:00,0.0,0.0,0.0,0.0
18053,Grant County,IN,3/17/2026 18:00,0.0,0.0,0.0,0.0
18053,Grant County,IN,3/17/2026 19:00,0.0,0.0,0.0,0.0
18053,Grant County,IN,3/17/2026 20:00,0.0,0.0,0.0,0.0
18053,Grant County,IN,3/17/2026 21:00,0.0,0.0,0.0,0.0
18053,Grant County,IN,3/17/2026 22:00,0.0,0.0,0.0,0.0
18053,Grant County,IN,3/17/2026 23:00,0.0,0.0,0.0,0.0
18053,Grant County,IN,3/18/2026 0:00,0.0,0.0,0.0,
18053,Grant County,IN,3/18/2026 1:00,0.0,0.0,0.0,
18053,Grant County,IN,3/18/2026 2:00,0.0,0.0,0.0,
18053,Grant County,IN,3/18/2026 3:00,0.0,0.0,0.0,
18053,Grant County,IN,3/18/2026 4:00,0.0,0.0,0.0,
18053,Grant County,IN,3/18/2026 5:00,0.0,0.0,0.0,
18053,Grant County,IN,3/18/2026 6:00,0.0,0.0,0.0,
18053,Grant County,IN,3/18/2026 7:00,0.0,0.0,0.0,
18053,Grant County,IN,3/18/2026 8:00,0.0,0.0,0.0,
18053,Grant County,IN,3/18/2026 9:00,0.0,0.0,0.0,
18053,Grant County,IN,3/18/2026 10:00,0.0,0.0,0.0,
18053,Grant County,IN,3/18/2026 11:00,0.0,0.0,0.0,
18053,Grant County,IN,3/18/2026 12:00,0.0,0.0,0.0,
18053,Grant County,IN,3/18/2026 13:00,0.0,0.0,0.0,
18053,Grant County,IN,3/18/2026 14:00,0.0,0.0,0.0,
18053,Grant County,IN,3/18/2026 15:00,0.0,0.0,0.0,
18053,Grant County,IN,3/18/2026 16:00,0.0,0.0,0.0,
18053,Grant County,IN,3/18/2026 17:00,0.0,0.0,0.0,
18053,Grant County,IN,3/18/2026 18:00,0.0,0.0,0.0,
18053,Grant County,IN,3/18/2026 19:00,0.0,0.0,0.0,
18053,Grant County,IN,3/18/2026 20:00,0.0,0.0,0.0,
18053,Grant County,IN,3/18/2026 21:00,0.0,0.0,0.0,
18053,Grant County,IN,3/18/2026 22:00,0.0,0.0,0.0,
18053,Grant County,IN,3/18/2026 23:00,0.0,0.0,0.0,
18053,Grant County,IN,3/19/2026 0:00,0.0,0.0,,
18053,Grant County,IN,3/19/2026 1:00,0.0,0.0,,
18053,Grant County,IN,3/19/2026 2:00,0.0,0.0,,
18053,Grant County,IN,3/19/2026 3:00,0.0,0.0,,
18053,Grant County,IN,3/19/2026 4:00,0.0,0.0,,
18053,Grant County,IN,3/19/2026 5:00,0.0,0.0,,
18053,Grant County,IN,3/19/2026 6:00,0.0,0.0,,
18053,Grant County,IN,3/19/2026 7:00,0.0,0.0,,
18053,Grant County,IN,3/19/2026 8:00,0.0,0.0,,
18053,Grant County,IN,3/19/2026 9:00,0.0,0.0,,
18053,Grant County,IN,3/19/2026 10:00,0.0,0.0,,
18053,Grant County,IN,3/19/2026 11:00,0.0,0.0,,
18053,Grant County,IN,3/19/2026 12:00,0.0,0.0,,
18053,Grant County,IN,3/19/2026 13:00,0.0,0.0,,
18053,Grant County,IN,3/19/2026 14:00,0.0,0.0,,
18053,Grant County,IN,3/19/2026 15:00,0.0,0.0,,
18053,Grant County,IN,3/19/2026 16:00,0.0,0.0,,
18053,Grant County,IN,3/19/2026 17:00,0.0,0.0,,
18053,Grant County,IN,3/19/2026 18:00,0.0,,,
18053,Grant County,IN,3/19/2026 19:00,0.0,,,
18053,Grant County,IN,3/19/2026 20:00,0.0,,,
18053,Grant County,IN,3/19/2026 21:00,0.0,,,
18053,Grant County,IN,3/19/2026 22:00,0.0,,,
18053,Grant County,IN,3/19/2026 23:00,,,,
18055,Greene County,IN,3/14/2026 0:00,0.0,0.0,0.0,0.00850525048956821
18055,Greene County,IN,3/14/2026 1:00,0.0,0.0,0.0,0.008116383765418319
18055,Greene County,IN,3/14/2026 2:00,0.0,0.0,0.0,0.005045746516312631
18055,Greene County,IN,3/14/2026 3:00,0.0,0.0,0.0,0.004011067063834311
18055,Greene County,IN,3/14/2026 4:00,0.0,0.0,0.0,0.002168671988186388
18055,Greene County,IN,3/14/2026 5:00,0.0,0.0,0.0,0.0021985186149626693
18055,Greene County,IN,3/14/2026 6:00,0.0,0.0,0.0,0.001982022512253819
18055,Greene County,IN,3/14/2026 7:00,0.0,0.0,0.0,0.002039259759131646
18055,Greene County,IN,3/14/2026 8:00,0.0,0.0,0.0,0.002123569518697433
18055,Greene County,IN,3/14/2026 9:00,0.0,0.0,0.0,0.0021300357809432
18055,Greene County,IN,3/14/2026 10:00,0.0,0.0,0.0,0.0
18055,Greene County,IN,3/14/2026 11:00,0.0,0.0,0.004727211747010825,0.0
18055,Greene County,IN,3/14/2026 12:00,0.0,0.0,0.007772078268556496,0.0
18055,Greene County,IN,3/14/2026 13:00,0.0,0.0,0.012659388213495389,0.0
18055,Greene County,IN,3/14/2026 14:00,0.0,0.0,0.012174484147178859,0.0
18055,Greene County,IN,3/14/2026 15:00,0.0,0.0,0.010400904319089516,0.0
18055,Greene County,IN,3/14/2026 16:00,0.0,0.0,0.0050608324158472676,0.0
18055,Greene County,IN,3/14/2026 17:00,0.0,0.0,0.0057789891797400345,0.0
18055,Greene County,IN,3/14/2026 18:00,0.0,0.0,0.002676965093042315,0.0
18055,Greene County,IN,3/14/2026 19:00,0.0,0.0,0.003227023479322094,0.0
18055,Greene County,IN,3/14/2026 20:00,0.0,0.0,0.0,0.0
18055,Greene County,IN,3/14/2026 21:00,0.0,0.0,0.0,0.0
18055,Greene County,IN,3/14/2026 22:00,0.0,0.0,0.0030051472363920497,0.0
18055,Greene County,IN,3/14/2026 23:00,0.0,0.0,0.004795516214069103,0.0
18055,Greene County,IN,3/15/2026 0:00,0.0,0.0,0.004973486876604529,0.0
18055,Greene County,IN,3/15/2026 1:00,0.0,0.0,0.004724045688991103,0.0
18055,Greene County,IN,3/15/2026 2:00,0.0,0.0,0.005179984734665174,0.0
18055,Greene County,IN,3/15/2026 3:00,0.0,0.0,0.0041228926580011,0.0
18055,Greene County,IN,3/15/2026 4:00,0.0,0.0019665850710271823,0.0032183401959603925,0.0
18055,Greene County,IN,3/15/2026 5:00,0.0,0.004554334372660114,0.00250105519853323,0.0
18055,Greene County,IN,3/15/2026 6:00,0.0,0.008890662414714081,0.0026919763930926496,0.0
18055,Greene County,IN,3/15/2026 7:00,0.0,0.012704508646131527,0.00174913353543324,0.0
18055,Greene County,IN,3/15/2026 8:00,0.0,0.01022274002314198,0.0,0.0
18055,Greene County,IN,3/15/2026 9:00,0.0,0.01114813652790214,0.0,0.0
18055,Greene County,IN,3/15/2026 10:00,0.005365240325439186,0.01088291855777405,0.0,0.0
18055,Greene County,IN,3/15/2026 11:00,0.012265936182516616,0.010921862011781108,0.0,0.0
18055,Greene County,IN,3/15/2026 12:00,0.016392817370684754,0.00871094577063542,0.0012072400500762197,0.0
18055,Greene County,IN,3/15/2026 13:00,0.01714053949739232,0.0072454316829945395,0.0,0.0
18055,Greene County,IN,3/15/2026 14:00,0.017987338646221176,0.005882036193450042,0.0,0.0
18055,Greene County,IN,3/15/2026 15:00,0.01139644756255529,0.00392368238570599,0.0,0.0
18055,Greene County,IN,3/15/2026 16:00,0.010980403056197536,0.010204802171180645,0.0,0.0
18055,Greene County,IN,3/15/2026 17:00,0.008734739744609357,0.012117721354944787,0.0,0.0
18055,Greene County,IN,3/15/2026 18:00,0.006601038726175233,0.011641073244143308,0.0,0.0
18055,Greene County,IN,3/15/2026 19:00,0.004318713511947549,0.010713246376642232,0.0,0.0
18055,Greene County,IN,3/15/2026 20:00,0.004378115790706567,0.008394066618223872,0.0,0.0
18055,Greene County,IN,3/15/2026 21:00,0.008540452075765599,0.006238682341412713,0.0,0.0
18055,Greene County,IN,3/15/2026 22:00,0.015653818761057293,0.005532253540284833,0.0,0.0
18055,Greene County,IN,3/15/2026 23:00,0.017219922606561588,0.0036617687539256772,0.0014000005430258786,0.0
18055,Greene County,IN,3/16/2026 0:00,0.007068583626211712,0.002859412027540555,0.0,0.0
18055,Greene County,IN,3/16/2026 1:00,0.006035122404138049,0.0032355846055434484,0.0,0.0
18055,Greene County,IN,3/16/2026 2:00,0.004624895427194828,0.0018635760613262109,0.0,0.0
18055,Greene County,IN,3/16/2026 3:00,0.0036454915320708364,0.001933267610758856,0.0,0.0
18055,Greene County,IN,3/16/2026 4:00,0.0029022321584523387,0.0015475037268536753,0.0,0.0
18055,Greene County,IN,3/16/2026 5:00,0.001989202505776469,0.0013189719606619627,0.0,0.0
18055,Greene County,IN,3/16/2026 6:00,0.0022890230895176293,0.0016390881122343023,0.0,0.0
18055,Greene County,IN,3/16/2026 7:00,0.002163818223870559,0.0017237113913185086,0.0,0.0
18055,Greene County,IN,3/16/2026 8:00,0.00404429719868354,0.0,0.0,0.0
18055,Greene County,IN,3/16/2026 9:00,0.002979450073524313,0.0,0.0010051207678884507,0.0
18055,Greene County,IN,3/16/2026 10:00,0.002230772832235966,0.0,0.0,0.0
18055,Greene County,IN,3/16/2026 11:00,0.0018658825806987214,0.0,0.0,0.0
18055,Greene County,IN,3/16/2026 12:00,0.0017512385827828155,0.0010872942033946658,0.0,0.0
18055,Greene County,IN,3/16/2026 13:00,0.0012177861315565888,0.001065639801881019,0.0,0.0
18055,Greene County,IN,3/16/2026 14:00,0.0010855004250838612,0.0,0.0,0.0
18055,Greene County,IN,3/16/2026 15:00,0.001020443639332069,0.0,0.0,0.0
18055,Greene County,IN,3/16/2026 16:00,0.0,0.0,0.0,0.0
18055,Greene County,IN,3/16/2026 17:00,0.0,0.0,0.0,0.0
18055,Greene County,IN,3/16/2026 18:00,0.001229816890985418,0.001060674777976039,0.0,0.0
18055,Greene County,IN,3/16/2026 19:00,0.0016804041621583646,0.0,0.0,0.0
18055,Greene County,IN,3/16/2026 20:00,0.0010360757271400721,0.0,0.0,0.0
18055,Greene County,IN,3/16/2026 21:00,0.0,0.0,0.0,0.0
18055,Greene County,IN,3/16/2026 22:00,0.0,0.0,0.0,0.0
18055,Greene County,IN,3/16/2026 23:00,0.0014075798161586875,0.0012048302238693942,0.0,0.0
18055,Greene County,IN,3/17/2026 0:00,0.0,0.001191381839881304,0.0,0.0
18055,Greene County,IN,3/17/2026 1:00,0.0012652374414268883,0.0010472130246047284,0.0,0.0
18055,Greene County,IN,3/17/2026 2:00,0.001028466025794096,0.0,0.0,0.0
18055,Greene County,IN,3/17/2026 3:00,0.0010058154150087005,0.0,0.0,0.0
18055,Greene County,IN,3/17/2026 4:00,0.0,0.0,0.0,0.0
18055,Greene County,IN,3/17/2026 5:00,0.0,0.0,0.0,0.0
18055,Greene County,IN,3/17/2026 6:00,0.0,0.0,0.0,0.0
18055,Greene County,IN,3/17/2026 7:00,0.0011959975555939936,0.0011177893158135352,0.0,0.0
18055,Greene County,IN,3/17/2026 8:00,0.0,0.0,0.0,0.0
18055,Greene County,IN,3/17/2026 9:00,0.0,0.0,0.0,0.0
18055,Greene County,IN,3/17/2026 10:00,0.0,0.0,0.0,0.0
18055,Greene County,IN,3/17/2026 11:00,0.0,0.0,0.0,0.0
18055,Greene County,IN,3/17/2026 12:00,0.0,0.0,0.0,0.0
18055,Greene County,IN,3/17/2026 13:00,0.0,0.0,0.0,0.0
18055,Greene County,IN,3/17/2026 14:00,0.0,0.0,0.0,0.0
18055,Greene County,IN,3/17/2026 15:00,0.0,0.0,0.0,0.0
18055,Greene County,IN,3/17/2026 16:00,0.0,0.0,0.0,0.0
18055,Greene County,IN,3/17/2026 17:00,0.0,0.0,0.0,0.0
18055,Greene County,IN,3/17/2026 18:00,0.0,0.0,0.0,0.0
18055,Greene County,IN,3/17/2026 19:00,0.0,0.0,0.0,0.0
18055,Greene County,IN,3/17/2026 20:00,0.0,0.0,0.0,0.0
18055,Greene County,IN,3/17/2026 21:00,0.0,0.0,0.0,0.0
18055,Greene County,IN,3/17/2026 22:00,0.0,0.0,0.0,0.0
18055,Greene County,IN,3/17/2026 23:00,0.0,0.0,0.0,0.0
18055,Greene County,IN,3/18/2026 0:00,0.0,0.0,0.0,
18055,Greene County,IN,3/18/2026 1:00,0.0,0.0,0.0,
18055,Greene County,IN,3/18/2026 2:00,0.0,0.0,0.0,
18055,Greene County,IN,3/18/2026 3:00,0.0,0.0,0.0,
18055,Greene County,IN,3/18/2026 4:00,0.0,0.0,0.0,
18055,Greene County,IN,3/18/2026 5:00,0.0,0.0,0.0,
18055,Greene County,IN,3/18/2026 6:00,0.0,0.0,0.0,
18055,Greene County,IN,3/18/2026 7:00,0.0,0.0,0.0,
18055,Greene County,IN,3/18/2026 8:00,0.0,0.0,0.0,
18055,Greene County,IN,3/18/2026 9:00,0.0,0.0,0.0,
18055,Greene County,IN,3/18/2026 10:00,0.0,0.0017165806626311647,0.0,
18055,Greene County,IN,3/18/2026 11:00,0.0,0.0,0.0,
18055,Greene County,IN,3/18/2026 12:00,0.0,0.0,0.0,
18055,Greene County,IN,3/18/2026 13:00,0.0,0.0015631959147810346,0.0,
18055,Greene County,IN,3/18/2026 14:00,0.0,0.0,0.0,
18055,Greene County,IN,3/18/2026 15:00,0.0,0.0,0.0,
18055,Greene County,IN,3/18/2026 16:00,0.0,0.0,0.0,
18055,Greene County,IN,3/18/2026 17:00,0.0,0.0,0.0,
18055,Greene County,IN,3/18/2026 18:00,0.0,0.0,0.0,
18055,Greene County,IN,3/18/2026 19:00,0.0,0.0,0.0,
18055,Greene County,IN,3/18/2026 20:00,0.0,0.0,0.0,
18055,Greene County,IN,3/18/2026 21:00,0.0,0.0,0.0,
18055,Greene County,IN,3/18/2026 22:00,0.0,0.0,0.0,
18055,Greene County,IN,3/18/2026 23:00,0.0,0.0,0.0,
18055,Greene County,IN,3/19/2026 0:00,0.0,0.0,,
18055,Greene County,IN,3/19/2026 1:00,0.0,0.0,,
18055,Greene County,IN,3/19/2026 2:00,0.0,0.0,,
18055,Greene County,IN,3/19/2026 3:00,0.0,0.0,,
18055,Greene County,IN,3/19/2026 4:00,0.0,0.0,,
18055,Greene County,IN,3/19/2026 5:00,0.0,0.0,,
18055,Greene County,IN,3/19/2026 6:00,0.0,0.0,,
18055,Greene County,IN,3/19/2026 7:00,0.0,0.0,,
18055,Greene County,IN,3/19/2026 8:00,0.0,0.0,,
18055,Greene County,IN,3/19/2026 9:00,0.0,0.0,,
18055,Greene County,IN,3/19/2026 10:00,0.0,0.0,,
18055,Greene County,IN,3/19/2026 11:00,0.0,0.0,,
18055,Greene County,IN,3/19/2026 12:00,0.0,0.0,,
18055,Greene County,IN,3/19/2026 13:00,0.0,0.0,,
18055,Greene County,IN,3/19/2026 14:00,0.0,0.0,,
18055,Greene County,IN,3/19/2026 15:00,0.0,0.0,,
18055,Greene County,IN,3/19/2026 16:00,0.0,0.0,,
18055,Greene County,IN,3/19/2026 17:00,0.0,0.0,,
18055,Greene County,IN,3/19/2026 18:00,0.0,,,
18055,Greene County,IN,3/19/2026 19:00,0.0,,,
18055,Greene County,IN,3/19/2026 20:00,0.0,,,
18055,Greene County,IN,3/19/2026 21:00,0.0,,,
18055,Greene County,IN,3/19/2026 22:00,0.0,,,
18055,Greene County,IN,3/19/2026 23:00,,,,
18057,Hamilton County,IN,3/14/2026 0:00,0.001977243352851615,0.0019948805455073564,0.0,0.008724500370328306
18057,Hamilton County,IN,3/14/2026 1:00,0.0021366805253056416,0.00205320722820456,0.0,0.007051233622131539
18057,Hamilton County,IN,3/14/2026 2:00,0.0021386033746108616,0.0020009464812438425,0.0,0.005941522319520688
18057,Hamilton County,IN,3/14/2026 3:00,0.0017507346431479484,0.0026987781197997268,0.0,0.0053372762681567106
18057,Hamilton County,IN,3/14/2026 4:00,0.0021785940394617076,0.002192995077484467,0.0,0.0056940596827748085
18057,Hamilton County,IN,3/14/2026 5:00,0.0019595976798396876,0.0016424941264408066,0.0,0.005070525429287323
18057,Hamilton County,IN,3/14/2026 6:00,0.001911065678745865,0.0014435851465953323,0.0,0.004854749074826385
18057,Hamilton County,IN,3/14/2026 7:00,0.0012577649537325827,0.0,0.0,0.003881840061491898
18057,Hamilton County,IN,3/14/2026 8:00,0.0,0.0010606355907855788,0.0,0.004123572449789683
18057,Hamilton County,IN,3/14/2026 9:00,0.0011691612687307292,0.0011754233871582045,0.0,0.003447609410319056
18057,Hamilton County,IN,3/14/2026 10:00,0.0011074055176265238,0.0010456909647861914,0.0,0.0016931874479412538
18057,Hamilton County,IN,3/14/2026 11:00,0.001170930505487524,0.0010107253095849769,0.0011851592671576368,0.0017930488142023002
18057,Hamilton County,IN,3/14/2026 12:00,0.0,0.0,0.002548084244835973,0.0
18057,Hamilton County,IN,3/14/2026 13:00,0.0012584947774115288,0.0,0.0029575380358697286,0.0012234989928064208
18057,Hamilton County,IN,3/14/2026 14:00,0.0,0.0,0.0032509887304829786,0.0
18057,Hamilton County,IN,3/14/2026 15:00,0.0011329771738188734,0.0,0.002902468188427535,0.0
18057,Hamilton County,IN,3/14/2026 16:00,0.0012437786263563362,0.0,0.002946356039718065,0.0
18057,Hamilton County,IN,3/14/2026 17:00,0.001346755652937478,0.0011261637527150397,0.0027063882008972824,0.0
18057,Hamilton County,IN,3/14/2026 18:00,0.0011615282458913216,0.0010759430274209585,0.003439117606278449,0.0
18057,Hamilton County,IN,3/14/2026 19:00,0.0011686419191671241,0.0011346982354759755,0.002672672569253113,0.0
18057,Hamilton County,IN,3/14/2026 20:00,0.0011104875246270153,0.0010788472663428317,0.002440177220737399,0.0
18057,Hamilton County,IN,3/14/2026 21:00,0.001129507604916402,0.001248308494497751,0.0017677873636729937,0.0
18057,Hamilton County,IN,3/14/2026 22:00,0.0,0.001006275000366464,0.0017556232812807181,0.0
18057,Hamilton County,IN,3/14/2026 23:00,0.0,0.0,0.002778665279331778,0.0
18057,Hamilton County,IN,3/15/2026 0:00,0.0,0.0,0.0032921821235980205,0.0
18057,Hamilton County,IN,3/15/2026 1:00,0.0011902096916307772,0.0,0.00457488878520888,0.0
18057,Hamilton County,IN,3/15/2026 2:00,0.0012064538208057397,0.0,0.0028499014465490193,0.0
18057,Hamilton County,IN,3/15/2026 3:00,0.001081159203647709,0.0010314728928529763,0.0022137379258871646,0.0
18057,Hamilton County,IN,3/15/2026 4:00,0.0,0.0,0.0024564684360645125,0.0
18057,Hamilton County,IN,3/15/2026 5:00,0.0012902065513166468,0.002862345215089775,0.0024124704384317517,0.0
18057,Hamilton County,IN,3/15/2026 6:00,0.0014258562818241277,0.004160082058380683,0.002102320088059373,0.0
18057,Hamilton County,IN,3/15/2026 7:00,0.0013576628223272097,0.004150904559044311,0.0020200851902551797,0.0
18057,Hamilton County,IN,3/15/2026 8:00,0.001410308817579095,0.0046921653655113615,0.0017314147720988422,0.0
18057,Hamilton County,IN,3/15/2026 9:00,0.0015629509591868688,0.005063936849571575,0.0013845921611788255,0.0
18057,Hamilton County,IN,3/15/2026 10:00,0.0032406158140975837,0.0048695886838246,0.0010367237710919759,0.0
18057,Hamilton County,IN,3/15/2026 11:00,0.003626032698240024,0.004833853145875014,0.0,0.0
18057,Hamilton County,IN,3/15/2026 12:00,0.004650649022205053,0.004629896752442795,0.0,0.0
18057,Hamilton County,IN,3/15/2026 13:00,0.005007092722321569,0.004074895413004088,0.0,0.0
18057,Hamilton County,IN,3/15/2026 14:00,0.004712715985432349,0.003814709768993656,0.0,0.0010370475535064452
18057,Hamilton County,IN,3/15/2026 15:00,0.005159242448902063,0.00335080956744195,0.0,0.0
18057,Hamilton County,IN,3/15/2026 16:00,0.0034548194961999614,0.0024178705776440965,0.0,0.0
18057,Hamilton County,IN,3/15/2026 17:00,0.0032459599936034036,0.0027086593807895726,0.0,0.0
18057,Hamilton County,IN,3/15/2026 18:00,0.0037889191624461563,0.0025746240226150233,0.0,0.0
18057,Hamilton County,IN,3/15/2026 19:00,0.0025783349209337245,0.0037063597843804085,0.0,0.0
18057,Hamilton County,IN,3/15/2026 20:00,0.002442820067594091,0.0023594714901756138,0.0,0.0
18057,Hamilton County,IN,3/15/2026 21:00,0.0034126813461773198,0.0020750969510491464,0.0,0.0
18057,Hamilton County,IN,3/15/2026 22:00,0.003518150691545449,0.001955777851769492,0.0,0.0
18057,Hamilton County,IN,3/15/2026 23:00,0.002809150699932723,0.0019359834937712685,0.0,0.0
18057,Hamilton County,IN,3/16/2026 0:00,0.003013221328509834,0.001925824718058578,0.0,0.0
18057,Hamilton County,IN,3/16/2026 1:00,0.003935911259188992,0.001774662516215649,0.0,0.0
18057,Hamilton County,IN,3/16/2026 2:00,0.0032712976592827645,0.0011937715711471766,0.0,0.0
18057,Hamilton County,IN,3/16/2026 3:00,0.003300512565046487,0.001011285888549156,0.0,0.0
18057,Hamilton County,IN,3/16/2026 4:00,0.0026392669896677483,0.0,0.0,0.0
18057,Hamilton County,IN,3/16/2026 5:00,0.0029278826786692464,0.0,0.0,0.0
18057,Hamilton County,IN,3/16/2026 6:00,0.002622540975212003,0.0,0.0,0.0
18057,Hamilton County,IN,3/16/2026 7:00,0.0024592329458739495,0.0,0.0,0.0
18057,Hamilton County,IN,3/16/2026 8:00,0.0023821855091868296,0.0,0.0,0.0
18057,Hamilton County,IN,3/16/2026 9:00,0.0,0.0,0.0,0.0
18057,Hamilton County,IN,3/16/2026 10:00,0.0,0.0,0.0,0.0
18057,Hamilton County,IN,3/16/2026 11:00,0.0018310412093430004,0.0,0.0,0.0
18057,Hamilton County,IN,3/16/2026 12:00,0.0,0.0010267044587219777,0.0,0.0
18057,Hamilton County,IN,3/16/2026 13:00,0.0,0.0010167621228245845,0.0,0.0
18057,Hamilton County,IN,3/16/2026 14:00,0.0,0.0,0.0,0.0
18057,Hamilton County,IN,3/16/2026 15:00,0.0,0.0,0.0,0.0
18057,Hamilton County,IN,3/16/2026 16:00,0.0,0.0,0.0,0.0
18057,Hamilton County,IN,3/16/2026 17:00,0.0,0.0,0.0,0.0
18057,Hamilton County,IN,3/16/2026 18:00,0.0,0.0,0.0,0.0
18057,Hamilton County,IN,3/16/2026 19:00,0.0,0.0,0.0,0.0
18057,Hamilton County,IN,3/16/2026 20:00,0.0,0.0,0.0,0.0
18057,Hamilton County,IN,3/16/2026 21:00,0.0,0.0,0.0,0.0
18057,Hamilton County,IN,3/16/2026 22:00,0.0,0.0,0.0,0.0
18057,Hamilton County,IN,3/16/2026 23:00,0.0,0.0,0.0,0.0
18057,Hamilton County,IN,3/17/2026 0:00,0.0,0.0,0.0,0.0
18057,Hamilton County,IN,3/17/2026 1:00,0.0,0.0,0.0,0.0
18057,Hamilton County,IN,3/17/2026 2:00,0.0,0.0,0.0,0.0
18057,Hamilton County,IN,3/17/2026 3:00,0.0,0.0,0.0,0.0
18057,Hamilton County,IN,3/17/2026 4:00,0.0,0.0,0.0,0.0
18057,Hamilton County,IN,3/17/2026 5:00,0.0,0.0,0.0,0.0
18057,Hamilton County,IN,3/17/2026 6:00,0.0,0.0,0.0,0.0
18057,Hamilton County,IN,3/17/2026 7:00,0.002979682757540348,0.0,0.0,0.0
18057,Hamilton County,IN,3/17/2026 8:00,0.0,0.0,0.0,0.0
18057,Hamilton County,IN,3/17/2026 9:00,0.0,0.0,0.0,0.0
18057,Hamilton County,IN,3/17/2026 10:00,0.0,0.0,0.0,0.0
18057,Hamilton County,IN,3/17/2026 11:00,0.0,0.0,0.0,0.0
18057,Hamilton County,IN,3/17/2026 12:00,0.0,0.0,0.0,0.0
18057,Hamilton County,IN,3/17/2026 13:00,0.0,0.0,0.0,0.0
18057,Hamilton County,IN,3/17/2026 14:00,0.0,0.0,0.0,0.0013856103470961238
18057,Hamilton County,IN,3/17/2026 15:00,0.0,0.0,0.0,0.001338991601257997
18057,Hamilton County,IN,3/17/2026 16:00,0.0,0.0,0.0,0.0013388606548772894
18057,Hamilton County,IN,3/17/2026 17:00,0.0,0.0,0.0,0.001334653004813628
18057,Hamilton County,IN,3/17/2026 18:00,0.0,0.0,0.0,0.0
18057,Hamilton County,IN,3/17/2026 19:00,0.0,0.0,0.0,0.0
18057,Hamilton County,IN,3/17/2026 20:00,0.0,0.0,0.0,0.0
18057,Hamilton County,IN,3/17/2026 21:00,0.0,0.0,0.0,0.0
18057,Hamilton County,IN,3/17/2026 22:00,0.0,0.0,0.0,0.0
18057,Hamilton County,IN,3/17/2026 23:00,0.0,0.0,0.0,0.0
18057,Hamilton County,IN,3/18/2026 0:00,0.0,0.0,0.0,
18057,Hamilton County,IN,3/18/2026 1:00,0.0,0.0,0.0,
18057,Hamilton County,IN,3/18/2026 2:00,0.0,0.0,0.0,
18057,Hamilton County,IN,3/18/2026 3:00,0.0,0.0,0.0,
18057,Hamilton County,IN,3/18/2026 4:00,0.0,0.0,0.0,
18057,Hamilton County,IN,3/18/2026 5:00,0.0,0.0,0.0,
18057,Hamilton County,IN,3/18/2026 6:00,0.0,0.0,0.0,
18057,Hamilton County,IN,3/18/2026 7:00,0.0,0.0,0.0,
18057,Hamilton County,IN,3/18/2026 8:00,0.0,0.0,0.0,
18057,Hamilton County,IN,3/18/2026 9:00,0.0,0.0,0.0,
18057,Hamilton County,IN,3/18/2026 10:00,0.0,0.0,0.0,
18057,Hamilton County,IN,3/18/2026 11:00,0.0,0.0,0.0,
18057,Hamilton County,IN,3/18/2026 12:00,0.0,0.0,0.0,
18057,Hamilton County,IN,3/18/2026 13:00,0.0,0.0,0.0,
18057,Hamilton County,IN,3/18/2026 14:00,0.0,0.0,0.0,
18057,Hamilton County,IN,3/18/2026 15:00,0.0,0.0,0.0,
18057,Hamilton County,IN,3/18/2026 16:00,0.0,0.0,0.0,
18057,Hamilton County,IN,3/18/2026 17:00,0.0,0.0,0.0,
18057,Hamilton County,IN,3/18/2026 18:00,0.0,0.0,0.0,
18057,Hamilton County,IN,3/18/2026 19:00,0.0,0.0,0.0,
18057,Hamilton County,IN,3/18/2026 20:00,0.0,0.0,0.0,
18057,Hamilton County,IN,3/18/2026 21:00,0.0,0.0,0.0,
18057,Hamilton County,IN,3/18/2026 22:00,0.0,0.0,0.0,
18057,Hamilton County,IN,3/18/2026 23:00,0.0,0.0,0.0,
18057,Hamilton County,IN,3/19/2026 0:00,0.0,0.0,,
18057,Hamilton County,IN,3/19/2026 1:00,0.0,0.0,,
18057,Hamilton County,IN,3/19/2026 2:00,0.0,0.0,,
18057,Hamilton County,IN,3/19/2026 3:00,0.0,0.0,,
18057,Hamilton County,IN,3/19/2026 4:00,0.0,0.0,,
18057,Hamilton County,IN,3/19/2026 5:00,0.0,0.0,,
18057,Hamilton County,IN,3/19/2026 6:00,0.0,0.0,,
18057,Hamilton County,IN,3/19/2026 7:00,0.0,0.0,,
18057,Hamilton County,IN,3/19/2026 8:00,0.0,0.0,,
18057,Hamilton County,IN,3/19/2026 9:00,0.0,0.0,,
18057,Hamilton County,IN,3/19/2026 10:00,0.0,0.0,,
18057,Hamilton County,IN,3/19/2026 11:00,0.0,0.0,,
18057,Hamilton County,IN,3/19/2026 12:00,0.0,0.0,,
18057,Hamilton County,IN,3/19/2026 13:00,0.0,0.0,,
18057,Hamilton County,IN,3/19/2026 14:00,0.0,0.0,,
18057,Hamilton County,IN,3/19/2026 15:00,0.0,0.0,,
18057,Hamilton County,IN,3/19/2026 16:00,0.0,0.0,,
18057,Hamilton County,IN,3/19/2026 17:00,0.0,0.0,,
18057,Hamilton County,IN,3/19/2026 18:00,0.0,,,
18057,Hamilton County,IN,3/19/2026 19:00,0.0,,,
18057,Hamilton County,IN,3/19/2026 20:00,0.0,,,
18057,Hamilton County,IN,3/19/2026 21:00,0.0,,,
18057,Hamilton County,IN,3/19/2026 22:00,0.0,,,
18057,Hamilton County,IN,3/19/2026 23:00,,,,
18063,Hendricks County,IN,3/14/2026 0:00,0.0,0.0,0.0,0.006099001582469333
18063,Hendricks County,IN,3/14/2026 1:00,0.0,0.0,0.0,0.0045385359051966865
18063,Hendricks County,IN,3/14/2026 2:00,0.0,0.0,0.0,0.00352957380486681
18063,Hendricks County,IN,3/14/2026 3:00,0.0,0.0,0.0,0.003793215299805852
18063,Hendricks County,IN,3/14/2026 4:00,0.0,0.0,0.0,0.003626025050496508
18063,Hendricks County,IN,3/14/2026 5:00,0.0,0.0,0.0,0.0027325623447658283
18063,Hendricks County,IN,3/14/2026 6:00,0.0,0.0,0.0,0.0027325741481628663
18063,Hendricks County,IN,3/14/2026 7:00,0.0,0.0,0.0,0.0028394358911008237
18063,Hendricks County,IN,3/14/2026 8:00,0.0,0.0,0.0,0.002944074632434148
18063,Hendricks County,IN,3/14/2026 9:00,0.0,0.0,0.0,0.0029172009654527815
18063,Hendricks County,IN,3/14/2026 10:00,0.0,0.0,0.0,0.001087487846472164
18063,Hendricks County,IN,3/14/2026 11:00,0.0,0.0,0.0,0.0
18063,Hendricks County,IN,3/14/2026 12:00,0.0,0.0,0.0028162313986046738,0.001170218722294591
18063,Hendricks County,IN,3/14/2026 13:00,0.0,0.0,0.006141656869988146,0.0010339380728752216
18063,Hendricks County,IN,3/14/2026 14:00,0.0,0.0,0.005293262900619556,0.0010133815887595496
18063,Hendricks County,IN,3/14/2026 15:00,0.0,0.0,0.0033345986208108518,0.0
18063,Hendricks County,IN,3/14/2026 16:00,0.0,0.0,0.003646987641078801,0.0
18063,Hendricks County,IN,3/14/2026 17:00,0.0,0.0,0.00323226661964816,0.0
18063,Hendricks County,IN,3/14/2026 18:00,0.0,0.0,0.003291404156024264,0.0
18063,Hendricks County,IN,3/14/2026 19:00,0.0,0.0,0.0031146458364615074,0.0
18063,Hendricks County,IN,3/14/2026 20:00,0.0,0.0,0.0028125285415628296,0.0
18063,Hendricks County,IN,3/14/2026 21:00,0.0,0.0,0.0026365388040137158,0.0
18063,Hendricks County,IN,3/14/2026 22:00,0.0,0.0,0.002341108041901037,0.0
18063,Hendricks County,IN,3/14/2026 23:00,0.0,0.0,0.003918602333516825,0.0
18063,Hendricks County,IN,3/15/2026 0:00,0.0,0.0,0.0035210029244369767,0.0
18063,Hendricks County,IN,3/15/2026 1:00,0.0,0.0,0.0032208413709238362,0.0
18063,Hendricks County,IN,3/15/2026 2:00,0.0,0.0,0.004656599805947884,0.0
18063,Hendricks County,IN,3/15/2026 3:00,0.0,0.0,0.0036337971923433125,0.0
18063,Hendricks County,IN,3/15/2026 4:00,0.0,0.0,0.0036527910713373348,0.0
18063,Hendricks County,IN,3/15/2026 5:00,0.0,0.0017694958809534231,0.00368254208023401,0.0
18063,Hendricks County,IN,3/15/2026 6:00,0.0,0.002333174913528089,0.0033445583793364495,0.0
18063,Hendricks County,IN,3/15/2026 7:00,0.0,0.004846331032081829,0.004296306089479443,0.0
18063,Hendricks County,IN,3/15/2026 8:00,0.0,0.004919035781003511,0.003796653995331111,0.0
18063,Hendricks County,IN,3/15/2026 9:00,0.0,0.005161152831178456,0.0038109693049327865,0.0
18063,Hendricks County,IN,3/15/2026 10:00,0.0014776647333020357,0.004756844505912602,0.003283653573887337,0.0
18063,Hendricks County,IN,3/15/2026 11:00,0.003580103631764251,0.0046107139475119,0.0031377618909173895,0.0
18063,Hendricks County,IN,3/15/2026 12:00,0.004914399878286728,0.0049271375222140175,0.002831788245307192,0.0
18063,Hendricks County,IN,3/15/2026 13:00,0.006193206173651567,0.006888376412022774,0.0015895092938090674,0.0
18063,Hendricks County,IN,3/15/2026 14:00,0.005559697798242444,0.0018483113650413325,0.0,0.0
18063,Hendricks County,IN,3/15/2026 15:00,0.00509375526458542,0.0019406937887192918,0.0,0.0
18063,Hendricks County,IN,3/15/2026 16:00,0.004721435753411655,0.0020256772115002505,0.0,0.0
18063,Hendricks County,IN,3/15/2026 17:00,0.004049938336422574,0.004285331264035965,0.0,0.0
18063,Hendricks County,IN,3/15/2026 18:00,0.002804438584447726,0.0032427344907508928,0.0,0.0
18063,Hendricks County,IN,3/15/2026 19:00,0.0019008787945325777,0.006152138194426729,0.0,0.0
18063,Hendricks County,IN,3/15/2026 20:00,0.001323231379140457,0.0046489329041124105,0.0,0.0
18063,Hendricks County,IN,3/15/2026 21:00,0.00256386223637674,0.003227822279305862,0.0,0.0
18063,Hendricks County,IN,3/15/2026 22:00,0.0033281951447478716,0.0028806760022115773,0.0,0.0
18063,Hendricks County,IN,3/15/2026 23:00,0.003261441320123737,0.0026354149542908837,0.0,0.0
18063,Hendricks County,IN,3/16/2026 0:00,0.0035564298001759566,0.002229361288655526,0.0,0.0
18063,Hendricks County,IN,3/16/2026 1:00,0.003059914353661716,0.0011450056759438906,0.0,0.0
18063,Hendricks County,IN,3/16/2026 2:00,0.003238316869285273,0.0014362880826483569,0.0,0.0
18063,Hendricks County,IN,3/16/2026 3:00,0.003582612393939427,0.0014615448368462433,0.0,0.0
18063,Hendricks County,IN,3/16/2026 4:00,0.0025284781958042125,0.0012373212718850115,0.0,0.0
18063,Hendricks County,IN,3/16/2026 5:00,0.0023858107432215966,0.0011097230293959624,0.0,0.0
18063,Hendricks County,IN,3/16/2026 6:00,0.00221550799169073,0.0010710886359016347,0.0,0.0
18063,Hendricks County,IN,3/16/2026 7:00,0.002116156835653708,0.0,0.0,0.0
18063,Hendricks County,IN,3/16/2026 8:00,0.0019346552295223007,0.0,0.0,0.0
18063,Hendricks County,IN,3/16/2026 9:00,0.001638188432883702,0.0,0.0,0.0
18063,Hendricks County,IN,3/16/2026 10:00,0.0013149540978591337,0.0,0.0,0.0
18063,Hendricks County,IN,3/16/2026 11:00,0.0014480913214924157,0.0,0.0,0.0
18063,Hendricks County,IN,3/16/2026 12:00,0.0010818281108453376,0.0,0.0,0.0
18063,Hendricks County,IN,3/16/2026 13:00,0.0,0.0,0.0,0.0
18063,Hendricks County,IN,3/16/2026 14:00,0.0,0.0,0.0,0.0
18063,Hendricks County,IN,3/16/2026 15:00,0.0,0.0,0.0,0.0
18063,Hendricks County,IN,3/16/2026 16:00,0.0,0.0,0.0,0.0
18063,Hendricks County,IN,3/16/2026 17:00,0.0,0.0011239375633089943,0.0,0.0
18063,Hendricks County,IN,3/16/2026 18:00,0.0,0.0,0.0,0.0
18063,Hendricks County,IN,3/16/2026 19:00,0.0010028345384983479,0.0,0.0,0.0
18063,Hendricks County,IN,3/16/2026 20:00,0.0,0.0,0.0,0.0
18063,Hendricks County,IN,3/16/2026 21:00,0.0,0.0,0.0,0.0
18063,Hendricks County,IN,3/16/2026 22:00,0.0,0.0,0.0,0.0
18063,Hendricks County,IN,3/16/2026 23:00,0.0,0.0,0.0,0.0
18063,Hendricks County,IN,3/17/2026 0:00,0.0,0.0,0.0,0.0
18063,Hendricks County,IN,3/17/2026 1:00,0.0,0.0,0.0,0.0
18063,Hendricks County,IN,3/17/2026 2:00,0.0,0.0,0.0,0.0
18063,Hendricks County,IN,3/17/2026 3:00,0.0,0.0,0.0,0.0
18063,Hendricks County,IN,3/17/2026 4:00,0.0,0.0,0.0,0.0
18063,Hendricks County,IN,3/17/2026 5:00,0.0,0.0,0.0,0.0
18063,Hendricks County,IN,3/17/2026 6:00,0.0,0.0,0.0,0.0
18063,Hendricks County,IN,3/17/2026 7:00,0.0,0.0,0.0,0.0
18063,Hendricks County,IN,3/17/2026 8:00,0.0,0.0,0.0,0.0
18063,Hendricks County,IN,3/17/2026 9:00,0.0,0.0,0.0,0.0
18063,Hendricks County,IN,3/17/2026 10:00,0.0,0.0,0.0,0.0
18063,Hendricks County,IN,3/17/2026 11:00,0.0,0.0,0.0,0.0
18063,Hendricks County,IN,3/17/2026 12:00,0.0,0.0,0.0,0.0
18063,Hendricks County,IN,3/17/2026 13:00,0.0,0.0,0.0,0.0
18063,Hendricks County,IN,3/17/2026 14:00,0.0,0.0,0.0,0.0
18063,Hendricks County,IN,3/17/2026 15:00,0.0,0.0,0.0,0.0
18063,Hendricks County,IN,3/17/2026 16:00,0.0,0.0,0.0,0.0
18063,Hendricks County,IN,3/17/2026 17:00,0.0,0.0,0.0,0.0
18063,Hendricks County,IN,3/17/2026 18:00,0.0,0.0,0.0,0.0
18063,Hendricks County,IN,3/17/2026 19:00,0.0,0.0,0.0,0.0
18063,Hendricks County,IN,3/17/2026 20:00,0.0,0.0,0.0,0.0
18063,Hendricks County,IN,3/17/2026 21:00,0.0,0.0,0.0,0.0
18063,Hendricks County,IN,3/17/2026 22:00,0.0,0.0,0.0,0.0
18063,Hendricks County,IN,3/17/2026 23:00,0.0,0.0,0.0,0.0
18063,Hendricks County,IN,3/18/2026 0:00,0.0,0.0,0.0,
18063,Hendricks County,IN,3/18/2026 1:00,0.0,0.0,0.0,
18063,Hendricks County,IN,3/18/2026 2:00,0.0,0.0,0.0,
18063,Hendricks County,IN,3/18/2026 3:00,0.0,0.0,0.0,
18063,Hendricks County,IN,3/18/2026 4:00,0.0,0.0,0.0,
18063,Hendricks County,IN,3/18/2026 5:00,0.0,0.0,0.0,
18063,Hendricks County,IN,3/18/2026 6:00,0.0,0.0,0.0,
18063,Hendricks County,IN,3/18/2026 7:00,0.0,0.0,0.0,
18063,Hendricks County,IN,3/18/2026 8:00,0.0,0.0,0.0,
18063,Hendricks County,IN,3/18/2026 9:00,0.0,0.0,0.0,
18063,Hendricks County,IN,3/18/2026 10:00,0.0,0.0,0.0,
18063,Hendricks County,IN,3/18/2026 11:00,0.0,0.0,0.0,
18063,Hendricks County,IN,3/18/2026 12:00,0.0,0.0,0.0,
18063,Hendricks County,IN,3/18/2026 13:00,0.0,0.0,0.0,
18063,Hendricks County,IN,3/18/2026 14:00,0.0,0.0,0.0,
18063,Hendricks County,IN,3/18/2026 15:00,0.0,0.0,0.0,
18063,Hendricks County,IN,3/18/2026 16:00,0.0,0.0,0.0,
18063,Hendricks County,IN,3/18/2026 17:00,0.0,0.0,0.0,
18063,Hendricks County,IN,3/18/2026 18:00,0.0,0.0,0.0,
18063,Hendricks County,IN,3/18/2026 19:00,0.0,0.0,0.0,
18063,Hendricks County,IN,3/18/2026 20:00,0.0,0.0,0.0,
18063,Hendricks County,IN,3/18/2026 21:00,0.0,0.0,0.0,
18063,Hendricks County,IN,3/18/2026 22:00,0.0,0.0,0.0,
18063,Hendricks County,IN,3/18/2026 23:00,0.0,0.0,0.0,
18063,Hendricks County,IN,3/19/2026 0:00,0.0,0.0,,
18063,Hendricks County,IN,3/19/2026 1:00,0.0,0.0,,
18063,Hendricks County,IN,3/19/2026 2:00,0.0,0.0,,
18063,Hendricks County,IN,3/19/2026 3:00,0.0,0.0,,
18063,Hendricks County,IN,3/19/2026 4:00,0.0,0.0,,
18063,Hendricks County,IN,3/19/2026 5:00,0.0,0.0,,
18063,Hendricks County,IN,3/19/2026 6:00,0.0,0.0,,
18063,Hendricks County,IN,3/19/2026 7:00,0.0,0.0,,
18063,Hendricks County,IN,3/19/2026 8:00,0.0,0.0,,
18063,Hendricks County,IN,3/19/2026 9:00,0.0,0.0,,
18063,Hendricks County,IN,3/19/2026 10:00,0.0,0.0,,
18063,Hendricks County,IN,3/19/2026 11:00,0.0,0.0,,
18063,Hendricks County,IN,3/19/2026 12:00,0.0,0.0,,
18063,Hendricks County,IN,3/19/2026 13:00,0.0,0.0,,
18063,Hendricks County,IN,3/19/2026 14:00,0.0,0.0,,
18063,Hendricks County,IN,3/19/2026 15:00,0.0,0.0,,
18063,Hendricks County,IN,3/19/2026 16:00,0.0,0.0,,
18063,Hendricks County,IN,3/19/2026 17:00,0.0,0.0,,
18063,Hendricks County,IN,3/19/2026 18:00,0.0,,,
18063,Hendricks County,IN,3/19/2026 19:00,0.0,,,
18063,Hendricks County,IN,3/19/2026 20:00,0.0,,,
18063,Hendricks County,IN,3/19/2026 21:00,0.0,,,
18063,Hendricks County,IN,3/19/2026 22:00,0.0,,,
18063,Hendricks County,IN,3/19/2026 23:00,,,,
18075,Jay County,IN,3/14/2026 0:00,0.011570878960600538,0.006318376968656451,0.0,0.004494809241937876
18075,Jay County,IN,3/14/2026 1:00,0.006556384308395155,0.004914189685464882,0.0,0.004521799320833541
18075,Jay County,IN,3/14/2026 2:00,0.0048931622705859264,0.0033659394934419497,0.0,0.004511903891818161
18075,Jay County,IN,3/14/2026 3:00,0.005646093180365894,0.0029378582675110617,0.0,0.0044211611057806575
18075,Jay County,IN,3/14/2026 4:00,0.00530551536123926,0.00191047874669934,0.0,0.004057788988929468
18075,Jay County,IN,3/14/2026 5:00,0.005561051028634204,0.002093647249148522,0.0,0.008121803407223979
18075,Jay County,IN,3/14/2026 6:00,0.004261169288442137,0.003591102879114876,0.0,0.008110091462868391
18075,Jay County,IN,3/14/2026 7:00,0.002787758814062547,0.003301020018955249,0.0,0.005566882331441764
18075,Jay County,IN,3/14/2026 8:00,0.003783890195359101,0.0019444616615865,0.0,0.0076004212370287365
18075,Jay County,IN,3/14/2026 9:00,0.0031105097519965757,0.0014860366005647388,0.0,0.004871991338787747
18075,Jay County,IN,3/14/2026 10:00,0.0019370538978382844,0.0013805996529599816,0.0,0.0037301257367224833
18075,Jay County,IN,3/14/2026 11:00,0.0028663723625066647,0.0011939265495551248,0.0,0.0022836650156007683
18075,Jay County,IN,3/14/2026 12:00,0.0014611254690865996,0.0,0.0,0.0012946918882051329
18075,Jay County,IN,3/14/2026 13:00,0.0010745011937336024,0.0,0.0,0.0
18075,Jay County,IN,3/14/2026 14:00,0.0,0.0,0.0021466654124760137,0.0
18075,Jay County,IN,3/14/2026 15:00,0.0,0.0,0.0023474665889011855,0.0010165973620785845
18075,Jay County,IN,3/14/2026 16:00,0.0021714118260306716,0.0,0.0022345847304333748,0.0
18075,Jay County,IN,3/14/2026 17:00,0.0,0.0,0.00347626222689548,0.0
18075,Jay County,IN,3/14/2026 18:00,0.0,0.0,0.003969475616291369,0.0
18075,Jay County,IN,3/14/2026 19:00,0.0,0.0,0.0029516013682339744,0.0
18075,Jay County,IN,3/14/2026 20:00,0.0,0.0,0.0036515180421838995,0.0
18075,Jay County,IN,3/14/2026 21:00,0.0,0.0,0.0031403444388631006,0.0
18075,Jay County,IN,3/14/2026 22:00,0.0,0.0,0.002139616063307188,0.0
18075,Jay County,IN,3/14/2026 23:00,0.0,0.0,0.0043063321568349525,0.0
18075,Jay County,IN,3/15/2026 0:00,0.0,0.0,0.00341919792647518,0.0
18075,Jay County,IN,3/15/2026 1:00,0.0,0.0,0.005227527716527908,0.0
18075,Jay County,IN,3/15/2026 2:00,0.0,0.0,0.005701218595316577,0.0
18075,Jay County,IN,3/15/2026 3:00,0.0,0.0,0.004020065362368196,0.0
18075,Jay County,IN,3/15/2026 4:00,0.0,0.0,0.005624219673264342,0.0
18075,Jay County,IN,3/15/2026 5:00,0.0,0.0,0.00446387000901014,0.0
18075,Jay County,IN,3/15/2026 6:00,0.0,0.0,0.003932730383621411,0.0
18075,Jay County,IN,3/15/2026 7:00,0.0,0.0016237517235739782,0.005197316948094483,0.0
18075,Jay County,IN,3/15/2026 8:00,0.0,0.0029430026556757113,0.004248970472776493,0.0
18075,Jay County,IN,3/15/2026 9:00,0.0,0.003514023478358171,0.002671083484250398,0.0
18075,Jay County,IN,3/15/2026 10:00,0.0,0.004976149043157633,0.002804785336377432,0.0
18075,Jay County,IN,3/15/2026 11:00,0.0024955611410384473,0.003764158945759095,0.0024277916074017148,0.0
18075,Jay County,IN,3/15/2026 12:00,0.00431640544377068,0.0036006922859652376,0.002034284922472219,0.0
18075,Jay County,IN,3/15/2026 13:00,0.004601230725528981,0.003038109019393746,0.0012389080583767493,0.0
18075,Jay County,IN,3/15/2026 14:00,0.0038468796773710157,0.003119706521117397,0.00120782192902304,0.0
18075,Jay County,IN,3/15/2026 15:00,0.0035920155994032805,0.0021680329497087225,0.0,0.0
18075,Jay County,IN,3/15/2026 16:00,0.0030383591476310133,0.001968726982339972,0.0,0.0
18075,Jay County,IN,3/15/2026 17:00,0.005389612894998949,0.0034920038433190214,0.0,0.0
18075,Jay County,IN,3/15/2026 18:00,0.0028822240537901196,0.0028104876828043256,0.0,0.0
18075,Jay County,IN,3/15/2026 19:00,0.0032554473467707526,0.005336237270905753,0.0,0.0
18075,Jay County,IN,3/15/2026 20:00,0.0025141981001013673,0.0037700267124887057,0.0,0.0
18075,Jay County,IN,3/15/2026 21:00,0.0034810121290647232,0.004423990408154282,0.0,0.0
18075,Jay County,IN,3/15/2026 22:00,0.0034190900600632327,0.004610756697008719,0.0,0.0
18075,Jay County,IN,3/15/2026 23:00,0.009295498993344285,0.004474440373795277,0.0,0.0
18075,Jay County,IN,3/16/2026 0:00,0.007234461982286737,0.002779342017547639,0.0,0.0
18075,Jay County,IN,3/16/2026 1:00,0.006875666229086328,0.0032142926592696464,0.0,0.0
18075,Jay County,IN,3/16/2026 2:00,0.006926404260107742,0.003475131474729944,0.0,0.0
18075,Jay County,IN,3/16/2026 3:00,0.006057105997869551,0.0037491226709625877,0.0,0.0
18075,Jay County,IN,3/16/2026 4:00,0.004052501349692305,0.0027926287254077782,0.0,0.0
18075,Jay County,IN,3/16/2026 5:00,0.0030982964353948083,0.0017537461966082326,0.0,0.0
18075,Jay County,IN,3/16/2026 6:00,0.0030571939320578408,0.0016876381023061774,0.0,0.0
18075,Jay County,IN,3/16/2026 7:00,0.003229338877443165,0.0011005565986098452,0.0,0.0
18075,Jay County,IN,3/16/2026 8:00,0.0026789705759001073,0.001234538642873602,0.0,0.0
18075,Jay County,IN,3/16/2026 9:00,0.0020323722917275702,0.0,0.0,0.0
18075,Jay County,IN,3/16/2026 10:00,0.0018827297923748904,0.0,0.0,0.0
18075,Jay County,IN,3/16/2026 11:00,0.0,0.0,0.0,0.0
18075,Jay County,IN,3/16/2026 12:00,0.0,0.0,0.0,0.0
18075,Jay County,IN,3/16/2026 13:00,0.0,0.0,0.0,0.0
18075,Jay County,IN,3/16/2026 14:00,0.0,0.0,0.0,0.0
18075,Jay County,IN,3/16/2026 15:00,0.0,0.0,0.0,0.0
18075,Jay County,IN,3/16/2026 16:00,0.0,0.0,0.0,0.0
18075,Jay County,IN,3/16/2026 17:00,0.0018117840063661286,0.0,0.0,0.0
18075,Jay County,IN,3/16/2026 18:00,0.0,0.0,0.0,0.0
18075,Jay County,IN,3/16/2026 19:00,0.0,0.0,0.0,0.0
18075,Jay County,IN,3/16/2026 20:00,0.0,0.0,0.0,0.0
18075,Jay County,IN,3/16/2026 21:00,0.0,0.0,0.0,0.0
18075,Jay County,IN,3/16/2026 22:00,0.0,0.0,0.0,0.0
18075,Jay County,IN,3/16/2026 23:00,0.0,0.0,0.0,0.0
18075,Jay County,IN,3/17/2026 0:00,0.0,0.0,0.0,0.0
18075,Jay County,IN,3/17/2026 1:00,0.0,0.0,0.0,0.0
18075,Jay County,IN,3/17/2026 2:00,0.0,0.0,0.0,0.0
18075,Jay County,IN,3/17/2026 3:00,0.0,0.0,0.0,0.0
18075,Jay County,IN,3/17/2026 4:00,0.0,0.0,0.0,0.0
18075,Jay County,IN,3/17/2026 5:00,0.0,0.0,0.0,0.0
18075,Jay County,IN,3/17/2026 6:00,0.0,0.0,0.0,0.0
18075,Jay County,IN,3/17/2026 7:00,0.0,0.0012997854976214075,0.0,0.0
18075,Jay County,IN,3/17/2026 8:00,0.0,0.0,0.0,0.0
18075,Jay County,IN,3/17/2026 9:00,0.0,0.0,0.0,0.0
18075,Jay County,IN,3/17/2026 10:00,0.0,0.0,0.0,0.0
18075,Jay County,IN,3/17/2026 11:00,0.0,0.0,0.0,0.0
18075,Jay County,IN,3/17/2026 12:00,0.0,0.0,0.0,0.0
18075,Jay County,IN,3/17/2026 13:00,0.0,0.0,0.0,0.0
18075,Jay County,IN,3/17/2026 14:00,0.0,0.0,0.0,0.0
18075,Jay County,IN,3/17/2026 15:00,0.0,0.0,0.0,0.0
18075,Jay County,IN,3/17/2026 16:00,0.0,0.0,0.0,0.0
18075,Jay County,IN,3/17/2026 17:00,0.0,0.0,0.0,0.0
18075,Jay County,IN,3/17/2026 18:00,0.0,0.0,0.0,0.0
18075,Jay County,IN,3/17/2026 19:00,0.0,0.0,0.0,0.0
18075,Jay County,IN,3/17/2026 20:00,0.0,0.0,0.0,0.0
18075,Jay County,IN,3/17/2026 21:00,0.0,0.0,0.0,0.0
18075,Jay County,IN,3/17/2026 22:00,0.0,0.0,0.0,0.0
18075,Jay County,IN,3/17/2026 23:00,0.0,0.0,0.0,0.0
18075,Jay County,IN,3/18/2026 0:00,0.0,0.0,0.0,
18075,Jay County,IN,3/18/2026 1:00,0.0,0.0,0.0,
18075,Jay County,IN,3/18/2026 2:00,0.0,0.0,0.0,
18075,Jay County,IN,3/18/2026 3:00,0.0,0.0,0.0,
18075,Jay County,IN,3/18/2026 4:00,0.0,0.0,0.0,
18075,Jay County,IN,3/18/2026 5:00,0.0,0.0,0.0,
18075,Jay County,IN,3/18/2026 6:00,0.0,0.0,0.0,
18075,Jay County,IN,3/18/2026 7:00,0.0,0.0,0.0,
18075,Jay County,IN,3/18/2026 8:00,0.0,0.0,0.0,
18075,Jay County,IN,3/18/2026 9:00,0.0,0.0,0.0,
18075,Jay County,IN,3/18/2026 10:00,0.0,0.0,0.0,
18075,Jay County,IN,3/18/2026 11:00,0.0,0.0,0.0,
18075,Jay County,IN,3/18/2026 12:00,0.0,0.0,0.0,
18075,Jay County,IN,3/18/2026 13:00,0.0,0.0,0.0,
18075,Jay County,IN,3/18/2026 14:00,0.0,0.0,0.0,
18075,Jay County,IN,3/18/2026 15:00,0.0,0.0,0.0,
18075,Jay County,IN,3/18/2026 16:00,0.0,0.0,0.0,
18075,Jay County,IN,3/18/2026 17:00,0.0,0.0,0.0,
18075,Jay County,IN,3/18/2026 18:00,0.0,0.0,0.0,
18075,Jay County,IN,3/18/2026 19:00,0.0014730363334102875,0.0,0.0,
18075,Jay County,IN,3/18/2026 20:00,0.0,0.0,0.0,
18075,Jay County,IN,3/18/2026 21:00,0.0,0.0,0.0,
18075,Jay County,IN,3/18/2026 22:00,0.0,0.0,0.0,
18075,Jay County,IN,3/18/2026 23:00,0.0,0.0,0.0,
18075,Jay County,IN,3/19/2026 0:00,0.0,0.0,,
18075,Jay County,IN,3/19/2026 1:00,0.0,0.0,,
18075,Jay County,IN,3/19/2026 2:00,0.0,0.0,,
18075,Jay County,IN,3/19/2026 3:00,0.0,0.0,,
18075,Jay County,IN,3/19/2026 4:00,0.0,0.0,,
18075,Jay County,IN,3/19/2026 5:00,0.0,0.0,,
18075,Jay County,IN,3/19/2026 6:00,0.0,0.0,,
18075,Jay County,IN,3/19/2026 7:00,0.0,0.0,,
18075,Jay County,IN,3/19/2026 8:00,0.0,0.0,,
18075,Jay County,IN,3/19/2026 9:00,0.0,0.0,,
18075,Jay County,IN,3/19/2026 10:00,0.0,0.0,,
18075,Jay County,IN,3/19/2026 11:00,0.0,0.0,,
18075,Jay County,IN,3/19/2026 12:00,0.0,0.0,,
18075,Jay County,IN,3/19/2026 13:00,0.0,0.0,,
18075,Jay County,IN,3/19/2026 14:00,0.0,0.0,,
18075,Jay County,IN,3/19/2026 15:00,0.0,0.0,,
18075,Jay County,IN,3/19/2026 16:00,0.0,0.0,,
18075,Jay County,IN,3/19/2026 17:00,0.0,0.0,,
18075,Jay County,IN,3/19/2026 18:00,0.0,,,
18075,Jay County,IN,3/19/2026 19:00,0.0,,,
18075,Jay County,IN,3/19/2026 20:00,0.0,,,
18075,Jay County,IN,3/19/2026 21:00,0.0,,,
18075,Jay County,IN,3/19/2026 22:00,0.0,,,
18075,Jay County,IN,3/19/2026 23:00,,,,
18079,Jennings County,IN,3/14/2026 0:00,0.0,0.0,0.0,0.0061856100890888745
18079,Jennings County,IN,3/14/2026 1:00,0.0,0.0,0.0,0.00488352553700129
18079,Jennings County,IN,3/14/2026 2:00,0.0,0.0,0.0,0.003913650189206284
18079,Jennings County,IN,3/14/2026 3:00,0.0,0.0,0.0,0.0032642721044543136
18079,Jennings County,IN,3/14/2026 4:00,0.0,0.0,0.0,0.0030491489321653235
18079,Jennings County,IN,3/14/2026 5:00,0.0,0.0,0.0,0.002753769868702943
18079,Jennings County,IN,3/14/2026 6:00,0.0,0.0,0.0,0.0026249565805504292
18079,Jennings County,IN,3/14/2026 7:00,0.0,0.0,0.0,0.0019200335255190005
18079,Jennings County,IN,3/14/2026 8:00,0.0,0.0,0.0,0.002085358945333549
18079,Jennings County,IN,3/14/2026 9:00,0.0,0.0,0.0,0.0021716690657784202
18079,Jennings County,IN,3/14/2026 10:00,0.0,0.0,0.0,0.0021614735717248672
18079,Jennings County,IN,3/14/2026 11:00,0.0012215142501577913,0.0,0.011963562800458889,0.0018611648257464894
18079,Jennings County,IN,3/14/2026 12:00,0.0011081435188333212,0.0,0.019560742954234767,0.0017942628891618134
18079,Jennings County,IN,3/14/2026 13:00,0.0,0.0,0.022332348033192347,0.0022268955181762758
18079,Jennings County,IN,3/14/2026 14:00,0.0,0.0,0.028660644340388206,0.0016233469609742434
18079,Jennings County,IN,3/14/2026 15:00,0.0,0.0,0.030444800768249552,0.0014316120900922924
18079,Jennings County,IN,3/14/2026 16:00,0.0,0.0,0.02725479814593852,0.0
18079,Jennings County,IN,3/14/2026 17:00,0.0,0.0,0.019857267746249862,0.0
18079,Jennings County,IN,3/14/2026 18:00,0.0,0.0,0.017121649672880438,0.0
18079,Jennings County,IN,3/14/2026 19:00,0.0,0.0,0.015395499551664249,0.0
18079,Jennings County,IN,3/14/2026 20:00,0.0,0.0,0.01836038256656763,0.0
18079,Jennings County,IN,3/14/2026 21:00,0.0,0.0,0.016283870093446035,0.0
18079,Jennings County,IN,3/14/2026 22:00,0.0,0.0,0.011771297974743845,0.0
18079,Jennings County,IN,3/14/2026 23:00,0.0012294072181099796,0.0,0.010789214822782278,0.0
18079,Jennings County,IN,3/15/2026 0:00,0.0,0.0,0.011897506271151138,0.0
18079,Jennings County,IN,3/15/2026 1:00,0.0,0.0,0.011684491805533543,0.0
18079,Jennings County,IN,3/15/2026 2:00,0.0,0.0020096854256860244,0.009800286507867599,0.0
18079,Jennings County,IN,3/15/2026 3:00,0.0,0.001921011064965558,0.009330212089871916,0.0
18079,Jennings County,IN,3/15/2026 4:00,0.0,0.0021867205160187885,0.006639330220079698,0.0
18079,Jennings County,IN,3/15/2026 5:00,0.0,0.017131320029390204,0.007755242225452832,0.0
18079,Jennings County,IN,3/15/2026 6:00,0.0,0.022205472592030692,0.007724885410487045,0.0
18079,Jennings County,IN,3/15/2026 7:00,0.0,0.0253057004365706,0.004880554751894706,0.0
18079,Jennings County,IN,3/15/2026 8:00,0.0,0.026169433550346833,0.005042975268529362,0.0
18079,Jennings County,IN,3/15/2026 9:00,0.0,0.024364730678713097,0.005152828308649634,0.0
18079,Jennings County,IN,3/15/2026 10:00,0.003055459113621279,0.024418589298737865,0.0027264180295881787,0.0
18079,Jennings County,IN,3/15/2026 11:00,0.02022317575643128,0.02127558825797522,0.0031151770056688844,0.0
18079,Jennings County,IN,3/15/2026 12:00,0.022049476037990713,0.019381763807230955,0.003237232560401738,0.0
18079,Jennings County,IN,3/15/2026 13:00,0.02191882309080758,0.008907031967325648,0.00256323220911644,0.0
18079,Jennings County,IN,3/15/2026 14:00,0.021075952009175725,0.00803978235266024,0.0022547178886128615,0.0
18079,Jennings County,IN,3/15/2026 15:00,0.021283934515867187,0.010730319861136149,0.0020784457948964724,0.0
18079,Jennings County,IN,3/15/2026 16:00,0.019228853994082213,0.00881157359696449,0.0,0.0
18079,Jennings County,IN,3/15/2026 17:00,0.016667672067626618,0.006791869343943071,0.001418080855088847,0.0
18079,Jennings County,IN,3/15/2026 18:00,0.016847671053734265,0.007595838778503594,0.0,0.0
18079,Jennings County,IN,3/15/2026 19:00,0.013589264511500844,0.0108711134524372,0.0,0.0
18079,Jennings County,IN,3/15/2026 20:00,0.015059970557312867,0.00979311443898532,0.0,0.0
18079,Jennings County,IN,3/15/2026 21:00,0.01464991882639164,0.009803636755750196,0.0,0.0
18079,Jennings County,IN,3/15/2026 22:00,0.011703061211869618,0.007293092119341985,0.0,0.0
18079,Jennings County,IN,3/15/2026 23:00,0.011388836790490846,0.007660899537291694,0.004209578644549773,0.0
18079,Jennings County,IN,3/16/2026 0:00,0.009456125583877316,0.005585871223590908,0.0038912634816366046,0.0
18079,Jennings County,IN,3/16/2026 1:00,0.008572953932860625,0.0035846459011668066,0.003794331966795974,0.0
18079,Jennings County,IN,3/16/2026 2:00,0.009103469043876926,0.0026830512540992426,0.0,0.0
18079,Jennings County,IN,3/16/2026 3:00,0.00771414138160629,0.0022775479477607236,0.0,0.0
18079,Jennings County,IN,3/16/2026 4:00,0.007245613385660415,0.0018402739669944696,0.0,0.0
18079,Jennings County,IN,3/16/2026 5:00,0.008233018161102269,0.0018976878527526848,0.0,0.0
18079,Jennings County,IN,3/16/2026 6:00,0.0067252612187180295,0.001773059015242631,0.0,0.0
18079,Jennings County,IN,3/16/2026 7:00,0.005988506982039303,0.0017232028654789557,0.0,0.0
18079,Jennings County,IN,3/16/2026 8:00,0.005341128055758756,0.001479237682911827,0.0,0.0
18079,Jennings County,IN,3/16/2026 9:00,0.0028710454499894095,0.001193858003339254,0.0,0.0
18079,Jennings County,IN,3/16/2026 10:00,0.0023984996584583635,0.001193858003339254,0.0,0.0
18079,Jennings County,IN,3/16/2026 11:00,0.001546642327047449,0.001567647579210229,0.0,0.0
18079,Jennings County,IN,3/16/2026 12:00,0.001386322087394073,0.0011719199856177088,0.0,0.0
18079,Jennings County,IN,3/16/2026 13:00,0.0014738197738321979,0.0011956879427895805,0.0,0.0
18079,Jennings County,IN,3/16/2026 14:00,0.0012960227730072534,0.0010577776483500125,0.0,0.0
18079,Jennings County,IN,3/16/2026 15:00,0.0012182691469797213,0.001049142713636826,0.0,0.0
18079,Jennings County,IN,3/16/2026 16:00,0.0010074664842756337,0.0014711586428973,0.0,0.0
18079,Jennings County,IN,3/16/2026 17:00,0.0,0.0012972878040438678,0.0,0.0
18079,Jennings County,IN,3/16/2026 18:00,0.0011371908700606732,0.0,0.0,0.0
18079,Jennings County,IN,3/16/2026 19:00,0.0,0.002560493660833766,0.0,0.0
18079,Jennings County,IN,3/16/2026 20:00,0.0010918837092653187,0.0,0.0,0.0
18079,Jennings County,IN,3/16/2026 21:00,0.0011852514386215668,0.0,0.0,0.0
18079,Jennings County,IN,3/16/2026 22:00,0.0012153345411094417,0.0,0.0,0.0
18079,Jennings County,IN,3/16/2026 23:00,0.0,0.0,0.0,0.0
18079,Jennings County,IN,3/17/2026 0:00,0.0,0.0,0.0,0.0
18079,Jennings County,IN,3/17/2026 1:00,0.0,0.0,0.0,0.0
18079,Jennings County,IN,3/17/2026 2:00,0.0,0.0,0.0,0.0
18079,Jennings County,IN,3/17/2026 3:00,0.0,0.0,0.0,0.0
18079,Jennings County,IN,3/17/2026 4:00,0.0,0.0,0.0,0.0
18079,Jennings County,IN,3/17/2026 5:00,0.0,0.0,0.0,0.0
18079,Jennings County,IN,3/17/2026 6:00,0.0,0.0,0.0,0.0
18079,Jennings County,IN,3/17/2026 7:00,0.0,0.0,0.0,0.0
18079,Jennings County,IN,3/17/2026 8:00,0.0,0.0,0.0,0.0
18079,Jennings County,IN,3/17/2026 9:00,0.0,0.0,0.0,0.0
18079,Jennings County,IN,3/17/2026 10:00,0.0,0.0,0.0,0.0
18079,Jennings County,IN,3/17/2026 11:00,0.0,0.0,0.0,0.0
18079,Jennings County,IN,3/17/2026 12:00,0.0,0.0,0.0,0.0
18079,Jennings County,IN,3/17/2026 13:00,0.0,0.0,0.0,0.0
18079,Jennings County,IN,3/17/2026 14:00,0.0,0.0,0.0,0.0
18079,Jennings County,IN,3/17/2026 15:00,0.0,0.0,0.0,0.0
18079,Jennings County,IN,3/17/2026 16:00,0.0,0.0,0.0,0.0
18079,Jennings County,IN,3/17/2026 17:00,0.0,0.0,0.0,0.0
18079,Jennings County,IN,3/17/2026 18:00,0.0,0.0,0.0,0.0
18079,Jennings County,IN,3/17/2026 19:00,0.0,0.0,0.0,0.0
18079,Jennings County,IN,3/17/2026 20:00,0.0,0.0,0.0,0.0
18079,Jennings County,IN,3/17/2026 21:00,0.0,0.0,0.0,0.0
18079,Jennings County,IN,3/17/2026 22:00,0.0,0.0,0.0,0.0
18079,Jennings County,IN,3/17/2026 23:00,0.0,0.0,0.0,0.0
18079,Jennings County,IN,3/18/2026 0:00,0.0,0.0,0.0,
18079,Jennings County,IN,3/18/2026 1:00,0.0,0.0,0.0,
18079,Jennings County,IN,3/18/2026 2:00,0.0,0.0,0.0,
18079,Jennings County,IN,3/18/2026 3:00,0.0,0.0,0.0,
18079,Jennings County,IN,3/18/2026 4:00,0.0,0.0,0.0,
18079,Jennings County,IN,3/18/2026 5:00,0.0,0.0,0.0,
18079,Jennings County,IN,3/18/2026 6:00,0.0,0.0,0.0,
18079,Jennings County,IN,3/18/2026 7:00,0.0,0.0,0.0,
18079,Jennings County,IN,3/18/2026 8:00,0.0,0.0,0.0,
18079,Jennings County,IN,3/18/2026 9:00,0.0,0.0,0.0,
18079,Jennings County,IN,3/18/2026 10:00,0.0,0.0,0.0,
18079,Jennings County,IN,3/18/2026 11:00,0.0,0.0,0.0,
18079,Jennings County,IN,3/18/2026 12:00,0.0,0.0,0.0,
18079,Jennings County,IN,3/18/2026 13:00,0.0,0.0,0.0,
18079,Jennings County,IN,3/18/2026 14:00,0.0,0.0,0.0,
18079,Jennings County,IN,3/18/2026 15:00,0.0,0.0,0.0,
18079,Jennings County,IN,3/18/2026 16:00,0.0,0.0,0.0,
18079,Jennings County,IN,3/18/2026 17:00,0.0,0.0,0.0,
18079,Jennings County,IN,3/18/2026 18:00,0.0,0.0,0.0,
18079,Jennings County,IN,3/18/2026 19:00,0.0,0.0,0.0,
18079,Jennings County,IN,3/18/2026 20:00,0.0,0.0,0.0,
18079,Jennings County,IN,3/18/2026 21:00,0.0,0.0,0.0,
18079,Jennings County,IN,3/18/2026 22:00,0.0,0.0,0.0,
18079,Jennings County,IN,3/18/2026 23:00,0.0,0.0,0.0,
18079,Jennings County,IN,3/19/2026 0:00,0.0,0.0,,
18079,Jennings County,IN,3/19/2026 1:00,0.0,0.0,,
18079,Jennings County,IN,3/19/2026 2:00,0.0,0.0,,
18079,Jennings County,IN,3/19/2026 3:00,0.0,0.0,,
18079,Jennings County,IN,3/19/2026 4:00,0.0,0.0,,
18079,Jennings County,IN,3/19/2026 5:00,0.0,0.0,,
18079,Jennings County,IN,3/19/2026 6:00,0.0,0.0,,
18079,Jennings County,IN,3/19/2026 7:00,0.0,0.0,,
18079,Jennings County,IN,3/19/2026 8:00,0.0,0.0,,
18079,Jennings County,IN,3/19/2026 9:00,0.0,0.0,,
18079,Jennings County,IN,3/19/2026 10:00,0.0,0.0,,
18079,Jennings County,IN,3/19/2026 11:00,0.0,0.0,,
18079,Jennings County,IN,3/19/2026 12:00,0.0,0.0,,
18079,Jennings County,IN,3/19/2026 13:00,0.0,0.0,,
18079,Jennings County,IN,3/19/2026 14:00,0.0,0.0,,
18079,Jennings County,IN,3/19/2026 15:00,0.0,0.0,,
18079,Jennings County,IN,3/19/2026 16:00,0.0,0.0,,
18079,Jennings County,IN,3/19/2026 17:00,0.0,0.0,,
18079,Jennings County,IN,3/19/2026 18:00,0.0,,,
18079,Jennings County,IN,3/19/2026 19:00,0.0,,,
18079,Jennings County,IN,3/19/2026 20:00,0.0,,,
18079,Jennings County,IN,3/19/2026 21:00,0.0,,,
18079,Jennings County,IN,3/19/2026 22:00,0.0,,,
18079,Jennings County,IN,3/19/2026 23:00,,,,
18081,Johnson County,IN,3/14/2026 0:00,0.0,0.0,0.0,0.00659143297843492
18081,Johnson County,IN,3/14/2026 1:00,0.0,0.0,0.0,0.004763408121004274
18081,Johnson County,IN,3/14/2026 2:00,0.0,0.0,0.0,0.003469073742955075
18081,Johnson County,IN,3/14/2026 3:00,0.0,0.0,0.0,0.003329203062621839
18081,Johnson County,IN,3/14/2026 4:00,0.0,0.0,0.0,0.002851309433108261
18081,Johnson County,IN,3/14/2026 5:00,0.0,0.0,0.0,0.0025115867408302853
18081,Johnson County,IN,3/14/2026 6:00,0.0,0.0,0.0,0.0025046584921935063
18081,Johnson County,IN,3/14/2026 7:00,0.0,0.0,0.0,0.00240995199919234
18081,Johnson County,IN,3/14/2026 8:00,0.0,0.0,0.0,0.0025369456923791133
18081,Johnson County,IN,3/14/2026 9:00,0.0,0.0,0.0,0.002328610096971834
18081,Johnson County,IN,3/14/2026 10:00,0.0,0.0,0.0,0.0
18081,Johnson County,IN,3/14/2026 11:00,0.0,0.0,0.0,0.0010408170287186799
18081,Johnson County,IN,3/14/2026 12:00,0.0,0.0,0.0021530884712390903,0.0
18081,Johnson County,IN,3/14/2026 13:00,0.0,0.0,0.002017893692143417,0.0
18081,Johnson County,IN,3/14/2026 14:00,0.0,0.0,0.002799388687693839,0.0
18081,Johnson County,IN,3/14/2026 15:00,0.0,0.0,0.0026384638085477363,0.0
18081,Johnson County,IN,3/14/2026 16:00,0.0,0.0,0.0026511068968349274,0.0
18081,Johnson County,IN,3/14/2026 17:00,0.0,0.0,0.0021061653744333542,0.0
18081,Johnson County,IN,3/14/2026 18:00,0.0,0.0,0.0018096302670497064,0.0
18081,Johnson County,IN,3/14/2026 19:00,0.0,0.0,0.0017777476809106745,0.0
18081,Johnson County,IN,3/14/2026 20:00,0.0,0.0,0.0015521524677735994,0.0
18081,Johnson County,IN,3/14/2026 21:00,0.0,0.0,0.0010324965723638529,0.0
18081,Johnson County,IN,3/14/2026 22:00,0.0,0.0,0.0015393857413827153,0.0
18081,Johnson County,IN,3/14/2026 23:00,0.0,0.0,0.0017960375193787545,0.0
18081,Johnson County,IN,3/15/2026 0:00,0.0,0.0,0.002035121097586374,0.0
18081,Johnson County,IN,3/15/2026 1:00,0.0,0.0,0.002659602777504693,0.0
18081,Johnson County,IN,3/15/2026 2:00,0.0,0.0,0.0022287510887082336,0.0
18081,Johnson County,IN,3/15/2026 3:00,0.0,0.0,0.0025981109811429527,0.0
18081,Johnson County,IN,3/15/2026 4:00,0.0,0.0,0.002588380906942454,0.0
18081,Johnson County,IN,3/15/2026 5:00,0.0,0.0015170197145376945,0.0023029628249437058,0.0
18081,Johnson County,IN,3/15/2026 6:00,0.0,0.004414797806556216,0.0025398706233510917,0.0
18081,Johnson County,IN,3/15/2026 7:00,0.0,0.006690383284697575,0.0025517698838844285,0.0
18081,Johnson County,IN,3/15/2026 8:00,0.0,0.006345641133354962,0.0021045574850803626,0.0
18081,Johnson County,IN,3/15/2026 9:00,0.0,0.006545082790526975,0.0022916036344861907,0.0
18081,Johnson County,IN,3/15/2026 10:00,0.0,0.005963934094895888,0.0016434466482810224,0.0
18081,Johnson County,IN,3/15/2026 11:00,0.003687931418377306,0.006489107330441191,0.0013818319517611586,0.0
18081,Johnson County,IN,3/15/2026 12:00,0.004600552317804075,0.005578248691540474,0.001152345125697059,0.0
18081,Johnson County,IN,3/15/2026 13:00,0.006137884698950753,0.005970595322632887,0.0010657077266051007,0.0
18081,Johnson County,IN,3/15/2026 14:00,0.004137950879235041,0.0038242400771616473,0.0,0.0
18081,Johnson County,IN,3/15/2026 15:00,0.0039071029183610755,0.0033116167611798334,0.0,0.0
18081,Johnson County,IN,3/15/2026 16:00,0.0036645780497930993,0.002944730831453446,0.0,0.0
18081,Johnson County,IN,3/15/2026 17:00,0.0032696992300659724,0.00467844715845635,0.0,0.0
18081,Johnson County,IN,3/15/2026 18:00,0.004075506761959014,0.0078780037341458,0.0,0.0
18081,Johnson County,IN,3/15/2026 19:00,0.0024874104998617377,0.005755897560296117,0.0,0.0
18081,Johnson County,IN,3/15/2026 20:00,0.0016720022452280815,0.00387800825074255,0.0,0.0
18081,Johnson County,IN,3/15/2026 21:00,0.0021116766562644922,0.0037760643093523428,0.0,0.0
18081,Johnson County,IN,3/15/2026 22:00,0.002847446253150702,0.0014105917884179697,0.0,0.0
18081,Johnson County,IN,3/15/2026 23:00,0.004583285784164611,0.0012838136028049763,0.0,0.0
18081,Johnson County,IN,3/16/2026 0:00,0.004126167917449651,0.0015648930140901443,0.001635702999493181,0.0
18081,Johnson County,IN,3/16/2026 1:00,0.0020383577478382655,0.0,0.0,0.0
18081,Johnson County,IN,3/16/2026 2:00,0.0022669609590146625,0.0,0.0,0.0
18081,Johnson County,IN,3/16/2026 3:00,0.0020614314425431634,0.0010543266475466684,0.0,0.0
18081,Johnson County,IN,3/16/2026 4:00,0.002152621622897129,0.0,0.0,0.0
18081,Johnson County,IN,3/16/2026 5:00,0.0021173532883562475,0.0,0.0,0.0
18081,Johnson County,IN,3/16/2026 6:00,0.0018608370970539835,0.0,0.0,0.0
18081,Johnson County,IN,3/16/2026 7:00,0.00156166716597731,0.0,0.0,0.0
18081,Johnson County,IN,3/16/2026 8:00,0.0015056856487944545,0.0,0.0,0.0
18081,Johnson County,IN,3/16/2026 9:00,0.0011898840728731474,0.0,0.0,0.0
18081,Johnson County,IN,3/16/2026 10:00,0.0,0.0,0.0,0.0
18081,Johnson County,IN,3/16/2026 11:00,0.0,0.0,0.0,0.0
18081,Johnson County,IN,3/16/2026 12:00,0.0,0.0,0.0,0.0
18081,Johnson County,IN,3/16/2026 13:00,0.0,0.0,0.0,0.0
18081,Johnson County,IN,3/16/2026 14:00,0.0,0.0,0.0,0.0
18081,Johnson County,IN,3/16/2026 15:00,0.0,0.0,0.0,0.0
18081,Johnson County,IN,3/16/2026 16:00,0.0,0.0,0.0,0.0
18081,Johnson County,IN,3/16/2026 17:00,0.0,0.0,0.0,0.0
18081,Johnson County,IN,3/16/2026 18:00,0.0,0.0,0.0,0.0
18081,Johnson County,IN,3/16/2026 19:00,0.0,0.0,0.0,0.0
18081,Johnson County,IN,3/16/2026 20:00,0.0,0.0,0.0,0.0
18081,Johnson County,IN,3/16/2026 21:00,0.0,0.0,0.0,0.0
18081,Johnson County,IN,3/16/2026 22:00,0.0,0.0,0.0,0.0
18081,Johnson County,IN,3/16/2026 23:00,0.0012500418646016662,0.0,0.0,0.0
18081,Johnson County,IN,3/17/2026 0:00,0.0,0.0,0.0,0.0
18081,Johnson County,IN,3/17/2026 1:00,0.0,0.0,0.0,0.0
18081,Johnson County,IN,3/17/2026 2:00,0.0,0.0,0.0,0.0
18081,Johnson County,IN,3/17/2026 3:00,0.0,0.0,0.0,0.0
18081,Johnson County,IN,3/17/2026 4:00,0.0,0.0,0.0,0.0
18081,Johnson County,IN,3/17/2026 5:00,0.0,0.0,0.0,0.0
18081,Johnson County,IN,3/17/2026 6:00,0.0,0.0,0.0,0.0
18081,Johnson County,IN,3/17/2026 7:00,0.0,0.0,0.0,0.0
18081,Johnson County,IN,3/17/2026 8:00,0.0,0.0,0.0,0.0
18081,Johnson County,IN,3/17/2026 9:00,0.0,0.0,0.0,0.0
18081,Johnson County,IN,3/17/2026 10:00,0.0,0.0,0.0,0.0
18081,Johnson County,IN,3/17/2026 11:00,0.0,0.0,0.0,0.0
18081,Johnson County,IN,3/17/2026 12:00,0.0,0.0,0.0,0.0
18081,Johnson County,IN,3/17/2026 13:00,0.0,0.0,0.0,0.0
18081,Johnson County,IN,3/17/2026 14:00,0.0,0.0,0.0,0.0
18081,Johnson County,IN,3/17/2026 15:00,0.0,0.0,0.0,0.0
18081,Johnson County,IN,3/17/2026 16:00,0.0,0.0,0.0,0.0
18081,Johnson County,IN,3/17/2026 17:00,0.0,0.0,0.0,0.0
18081,Johnson County,IN,3/17/2026 18:00,0.0,0.0,0.0,0.0
18081,Johnson County,IN,3/17/2026 19:00,0.0,0.0,0.0,0.0
18081,Johnson County,IN,3/17/2026 20:00,0.0,0.0,0.0,0.0
18081,Johnson County,IN,3/17/2026 21:00,0.0,0.0,0.0,0.0
18081,Johnson County,IN,3/17/2026 22:00,0.0,0.0,0.0,0.0
18081,Johnson County,IN,3/17/2026 23:00,0.0,0.0,0.0,0.0
18081,Johnson County,IN,3/18/2026 0:00,0.0,0.0,0.0,
18081,Johnson County,IN,3/18/2026 1:00,0.0,0.0,0.0,
18081,Johnson County,IN,3/18/2026 2:00,0.0,0.0,0.0,
18081,Johnson County,IN,3/18/2026 3:00,0.0,0.0,0.0,
18081,Johnson County,IN,3/18/2026 4:00,0.0,0.0,0.0,
18081,Johnson County,IN,3/18/2026 5:00,0.0,0.0,0.0,
18081,Johnson County,IN,3/18/2026 6:00,0.0,0.0,0.0,
18081,Johnson County,IN,3/18/2026 7:00,0.0,0.0,0.0,
18081,Johnson County,IN,3/18/2026 8:00,0.0,0.0,0.0,
18081,Johnson County,IN,3/18/2026 9:00,0.0,0.0,0.0,
18081,Johnson County,IN,3/18/2026 10:00,0.0,0.0,0.0,
18081,Johnson County,IN,3/18/2026 11:00,0.0,0.0,0.0,
18081,Johnson County,IN,3/18/2026 12:00,0.0,0.0,0.0,
18081,Johnson County,IN,3/18/2026 13:00,0.0,0.0,0.0,
18081,Johnson County,IN,3/18/2026 14:00,0.0,0.0,0.0,
18081,Johnson County,IN,3/18/2026 15:00,0.0,0.0,0.0,
18081,Johnson County,IN,3/18/2026 16:00,0.0,0.0,0.0,
18081,Johnson County,IN,3/18/2026 17:00,0.0,0.0,0.0,
18081,Johnson County,IN,3/18/2026 18:00,0.0,0.0,0.0,
18081,Johnson County,IN,3/18/2026 19:00,0.0,0.0,0.0,
18081,Johnson County,IN,3/18/2026 20:00,0.0,0.0,0.0,
18081,Johnson County,IN,3/18/2026 21:00,0.0,0.0,0.0,
18081,Johnson County,IN,3/18/2026 22:00,0.0,0.0,0.0,
18081,Johnson County,IN,3/18/2026 23:00,0.0,0.0,0.0,
18081,Johnson County,IN,3/19/2026 0:00,0.0,0.0,,
18081,Johnson County,IN,3/19/2026 1:00,0.0,0.0,,
18081,Johnson County,IN,3/19/2026 2:00,0.0,0.0,,
18081,Johnson County,IN,3/19/2026 3:00,0.0,0.0,,
18081,Johnson County,IN,3/19/2026 4:00,0.0,0.0,,
18081,Johnson County,IN,3/19/2026 5:00,0.0,0.0,,
18081,Johnson County,IN,3/19/2026 6:00,0.0,0.0,,
18081,Johnson County,IN,3/19/2026 7:00,0.0,0.0,,
18081,Johnson County,IN,3/19/2026 8:00,0.0,0.0,,
18081,Johnson County,IN,3/19/2026 9:00,0.0,0.0,,
18081,Johnson County,IN,3/19/2026 10:00,0.0,0.0,,
18081,Johnson County,IN,3/19/2026 11:00,0.0,0.0,,
18081,Johnson County,IN,3/19/2026 12:00,0.0,0.0,,
18081,Johnson County,IN,3/19/2026 13:00,0.0,0.0,,
18081,Johnson County,IN,3/19/2026 14:00,0.0,0.0,,
18081,Johnson County,IN,3/19/2026 15:00,0.0,0.0,,
18081,Johnson County,IN,3/19/2026 16:00,0.0,0.0,,
18081,Johnson County,IN,3/19/2026 17:00,0.0,0.0,,
18081,Johnson County,IN,3/19/2026 18:00,0.0,,,
18081,Johnson County,IN,3/19/2026 19:00,0.0,,,
18081,Johnson County,IN,3/19/2026 20:00,0.0,,,
18081,Johnson County,IN,3/19/2026 21:00,0.0,,,
18081,Johnson County,IN,3/19/2026 22:00,0.0,,,
18081,Johnson County,IN,3/19/2026 23:00,,,,
18115,Ohio County,IN,3/14/2026 0:00,0.0018739248989602126,0.0,0.0,0.009122920894730371
18115,Ohio County,IN,3/14/2026 1:00,0.001045338010533735,0.0,0.0,0.00915697400764226
18115,Ohio County,IN,3/14/2026 2:00,0.0,0.0,0.0,0.009351722519044894
18115,Ohio County,IN,3/14/2026 3:00,0.0,0.0,0.0,0.00806592340024455
18115,Ohio County,IN,3/14/2026 4:00,0.0,0.0,0.0,0.0073899054004281746
18115,Ohio County,IN,3/14/2026 5:00,0.0,0.0,0.0,0.008277592167936151
18115,Ohio County,IN,3/14/2026 6:00,0.0,0.0,0.0,0.0074559996514743385
18115,Ohio County,IN,3/14/2026 7:00,0.0,0.0,0.0,0.007225798241762726
18115,Ohio County,IN,3/14/2026 8:00,0.0,0.0,0.0,0.0075608873866358384
18115,Ohio County,IN,3/14/2026 9:00,0.0,0.0,0.0,0.008012008003167407
18115,Ohio County,IN,3/14/2026 10:00,0.0,0.0,0.0,0.006763300295885715
18115,Ohio County,IN,3/14/2026 11:00,0.0,0.0,0.0015297094232964259,0.005941724775993898
18115,Ohio County,IN,3/14/2026 12:00,0.0,0.0,0.008649616310175462,0.004636109040202716
18115,Ohio County,IN,3/14/2026 13:00,0.0,0.0,0.01295752547226611,0.0042036971486559055
18115,Ohio County,IN,3/14/2026 14:00,0.0,0.0,0.01671029127221047,0.003945658159504277
18115,Ohio County,IN,3/14/2026 15:00,0.0,0.0,0.013891174527231915,0.0036972022557136223
18115,Ohio County,IN,3/14/2026 16:00,0.0,0.0,0.01831564973807266,0.002883272580434291
18115,Ohio County,IN,3/14/2026 17:00,0.0,0.0,0.013959999458422825,0.0028251284277879835
18115,Ohio County,IN,3/14/2026 18:00,0.0,0.0,0.012523114363369912,0.002617730478766577
18115,Ohio County,IN,3/14/2026 19:00,0.0,0.0,0.013196913743311589,0.0029547732822407485
18115,Ohio County,IN,3/14/2026 20:00,0.0,0.0,0.011572824472007665,0.00296094630655931
18115,Ohio County,IN,3/14/2026 21:00,0.0,0.0,0.012855430501452998,0.003399174530513192
18115,Ohio County,IN,3/14/2026 22:00,0.0,0.0,0.014156792331316706,0.00465151845717737
18115,Ohio County,IN,3/14/2026 23:00,0.0,0.0,0.011884595774922083,0.0042971334546711
18115,Ohio County,IN,3/15/2026 0:00,0.0018764145434826806,0.0,0.012512158575053367,0.003763754388637248
18115,Ohio County,IN,3/15/2026 1:00,0.0016576061972346785,0.0,0.012663743068042585,0.0037657456166993986
18115,Ohio County,IN,3/15/2026 2:00,0.0,0.0,0.011853023169576973,0.003900715544429215
18115,Ohio County,IN,3/15/2026 3:00,0.0,0.0,0.008229394792909264,0.0025121000613304795
18115,Ohio County,IN,3/15/2026 4:00,0.0,0.0,0.0056286244719417336,0.002356952615982629
18115,Ohio County,IN,3/15/2026 5:00,0.0,0.004422668718452836,0.004203759743551816,0.002688009869127477
18115,Ohio County,IN,3/15/2026 6:00,0.0,0.008615350640000996,0.004458513328063314,0.0025457789178221077
18115,Ohio County,IN,3/15/2026 7:00,0.0,0.009750926239181572,0.004378256995686693,0.0025522013122089545
18115,Ohio County,IN,3/15/2026 8:00,0.0,0.011599839695416997,0.004460200530844539,0.0025510940263306606
18115,Ohio County,IN,3/15/2026 9:00,0.0,0.010429016524241903,0.0028828407897889,0.002261354891338179
18115,Ohio County,IN,3/15/2026 10:00,0.0034625613345043906,0.008643536485168373,0.0021824916341381053,0.0023836653297449307
18115,Ohio County,IN,3/15/2026 11:00,0.011194736660515953,0.00694877301066393,0.002222304240218572,0.002426745175088179
18115,Ohio County,IN,3/15/2026 12:00,0.014454293721364336,0.005555686707232596,0.0012040320617382008,0.002426745175088179
18115,Ohio County,IN,3/15/2026 13:00,0.01311223217126269,0.005233427728690933,0.0,0.002441908720992395
18115,Ohio County,IN,3/15/2026 14:00,0.01075895394581115,0.005554859201601681,0.0016316740661380042,0.0
18115,Ohio County,IN,3/15/2026 15:00,0.009204246212490209,0.005249067777701032,0.0,0.0
18115,Ohio County,IN,3/15/2026 16:00,0.013955550071954013,0.005828548847788882,0.0,0.0
18115,Ohio County,IN,3/15/2026 17:00,0.009862018225072417,0.0048774829579483646,0.0,0.0
18115,Ohio County,IN,3/15/2026 18:00,0.008104363720653193,0.007224582978046446,0.0,0.0
18115,Ohio County,IN,3/15/2026 19:00,0.008667126355657312,0.007304601257783399,0.0,0.0
18115,Ohio County,IN,3/15/2026 20:00,0.008679237979858725,0.007366097997689373,0.0012079399604647835,0.0
18115,Ohio County,IN,3/15/2026 21:00,0.007123932786642809,0.008236728883601356,0.0,0.0
18115,Ohio County,IN,3/15/2026 22:00,0.007396189970637273,0.008938563443767924,0.0,0.0
18115,Ohio County,IN,3/15/2026 23:00,0.007267869187458577,0.007533524076663323,0.0012255425254067156,0.0
18115,Ohio County,IN,3/16/2026 0:00,0.013993443194733616,0.005385306078164014,0.0013965427909361317,0.0
18115,Ohio County,IN,3/16/2026 1:00,0.013895270566116445,0.005541104121808146,0.0,0.0
18115,Ohio County,IN,3/16/2026 2:00,0.006962057285820631,0.003980385759267917,0.0010978090941224808,0.0
18115,Ohio County,IN,3/16/2026 3:00,0.010560674516662687,0.003176112284069992,0.0,0.0
18115,Ohio County,IN,3/16/2026 4:00,0.004813247354822606,0.003595632305633818,0.0,0.0
18115,Ohio County,IN,3/16/2026 5:00,0.007198300979588412,0.0036556680074466695,0.0,0.0
18115,Ohio County,IN,3/16/2026 6:00,0.005132433414999516,0.005370751380199421,0.0011626466891309182,0.0
18115,Ohio County,IN,3/16/2026 7:00,0.005129129643083989,0.0043832859350319605,0.0,0.0
18115,Ohio County,IN,3/16/2026 8:00,0.003542841070288915,0.004371242149476003,0.0011889531126666494,0.0
18115,Ohio County,IN,3/16/2026 9:00,0.003972456157696449,0.004398176517356351,0.0,0.0
18115,Ohio County,IN,3/16/2026 10:00,0.0019475115656330492,0.004031344142773978,0.0,0.0
18115,Ohio County,IN,3/16/2026 11:00,0.0019638791936569372,0.0039060560492727263,0.0,0.0
18115,Ohio County,IN,3/16/2026 12:00,0.001666776992965191,0.003973079886434682,0.0,0.0
18115,Ohio County,IN,3/16/2026 13:00,0.0017317770832071398,0.004065967020070522,0.0,0.0
18115,Ohio County,IN,3/16/2026 14:00,0.0012440965389104944,0.004034367024770841,0.0,0.0
18115,Ohio County,IN,3/16/2026 15:00,0.001460585217774959,0.0037447463118600176,0.0,0.0
18115,Ohio County,IN,3/16/2026 16:00,0.0011793847260391404,0.004293051451754719,0.0,0.0
18115,Ohio County,IN,3/16/2026 17:00,0.001282730269785049,0.004293051451754719,0.0,0.0
18115,Ohio County,IN,3/16/2026 18:00,0.0014974444402789174,0.0043846112468173305,0.0,0.0
18115,Ohio County,IN,3/16/2026 19:00,0.0023085425555208665,0.004316774819482323,0.0,0.0
18115,Ohio County,IN,3/16/2026 20:00,0.0013754765271938366,0.0035358477974901303,0.0,0.0
18115,Ohio County,IN,3/16/2026 21:00,0.0017551556867657142,0.003763293534908631,0.0,0.0
18115,Ohio County,IN,3/16/2026 22:00,0.002380154608198714,0.0036469285518500637,0.0,0.0
18115,Ohio County,IN,3/16/2026 23:00,0.001620290617019861,0.0035918665739341983,0.0,0.0
18115,Ohio County,IN,3/17/2026 0:00,0.0,0.0036766701182348593,0.0,0.0
18115,Ohio County,IN,3/17/2026 1:00,0.0,0.003681780874616369,0.0,0.0
18115,Ohio County,IN,3/17/2026 2:00,0.0,0.003626258606838223,0.0,0.0
18115,Ohio County,IN,3/17/2026 3:00,0.0,0.002483093240093918,0.0,0.0
18115,Ohio County,IN,3/17/2026 4:00,0.0,0.0024265643372148524,0.0,0.0
18115,Ohio County,IN,3/17/2026 5:00,0.0,0.001839968047513576,0.0,0.0
18115,Ohio County,IN,3/17/2026 6:00,0.0,0.0018692659068357766,0.0,0.0
18115,Ohio County,IN,3/17/2026 7:00,0.0,0.0,0.0,0.0
18115,Ohio County,IN,3/17/2026 8:00,0.0,0.0,0.0,0.0
18115,Ohio County,IN,3/17/2026 9:00,0.0,0.0,0.0,0.0
18115,Ohio County,IN,3/17/2026 10:00,0.0,0.0,0.0,0.0
18115,Ohio County,IN,3/17/2026 11:00,0.0,0.0,0.0,0.0
18115,Ohio County,IN,3/17/2026 12:00,0.0,0.0,0.0,0.0
18115,Ohio County,IN,3/17/2026 13:00,0.0,0.0,0.0,0.0
18115,Ohio County,IN,3/17/2026 14:00,0.0,0.0,0.0,0.0
18115,Ohio County,IN,3/17/2026 15:00,0.0,0.0,0.0,0.0
18115,Ohio County,IN,3/17/2026 16:00,0.0,0.0,0.0,0.0
18115,Ohio County,IN,3/17/2026 17:00,0.0,0.0,0.0,0.0
18115,Ohio County,IN,3/17/2026 18:00,0.0,0.0,0.0,0.0
18115,Ohio County,IN,3/17/2026 19:00,0.0,0.0,0.0,0.0
18115,Ohio County,IN,3/17/2026 20:00,0.0,0.0,0.0,0.0
18115,Ohio County,IN,3/17/2026 21:00,0.0,0.0,0.0,0.0
18115,Ohio County,IN,3/17/2026 22:00,0.0,0.0,0.0,0.0011078328935491162
18115,Ohio County,IN,3/17/2026 23:00,0.0,0.0,0.0,0.0010602082069153425
18115,Ohio County,IN,3/18/2026 0:00,0.0,0.0,0.0,
18115,Ohio County,IN,3/18/2026 1:00,0.0,0.0,0.0,
18115,Ohio County,IN,3/18/2026 2:00,0.0,0.0,0.0,
18115,Ohio County,IN,3/18/2026 3:00,0.0,0.0,0.0,
18115,Ohio County,IN,3/18/2026 4:00,0.0,0.0,0.0,
18115,Ohio County,IN,3/18/2026 5:00,0.0,0.0,0.0,
18115,Ohio County,IN,3/18/2026 6:00,0.0,0.0,0.0,
18115,Ohio County,IN,3/18/2026 7:00,0.0,0.0,0.0,
18115,Ohio County,IN,3/18/2026 8:00,0.0,0.0,0.0,
18115,Ohio County,IN,3/18/2026 9:00,0.0,0.0,0.0,
18115,Ohio County,IN,3/18/2026 10:00,0.0,0.0,0.0,
18115,Ohio County,IN,3/18/2026 11:00,0.0,0.0,0.0,
18115,Ohio County,IN,3/18/2026 12:00,0.0,0.0,0.0,
18115,Ohio County,IN,3/18/2026 13:00,0.0,0.0,0.0,
18115,Ohio County,IN,3/18/2026 14:00,0.0,0.0,0.0,
18115,Ohio County,IN,3/18/2026 15:00,0.0,0.0,0.0,
18115,Ohio County,IN,3/18/2026 16:00,0.0,0.0,0.0,
18115,Ohio County,IN,3/18/2026 17:00,0.0,0.0,0.0,
18115,Ohio County,IN,3/18/2026 18:00,0.0,0.0,0.0,
18115,Ohio County,IN,3/18/2026 19:00,0.0,0.0,0.0,
18115,Ohio County,IN,3/18/2026 20:00,0.0,0.0011173855468991293,0.0,
18115,Ohio County,IN,3/18/2026 21:00,0.0,0.0,0.0,
18115,Ohio County,IN,3/18/2026 22:00,0.0,0.0,0.0,
18115,Ohio County,IN,3/18/2026 23:00,0.0,0.0,0.0,
18115,Ohio County,IN,3/19/2026 0:00,0.0,0.0,,
18115,Ohio County,IN,3/19/2026 1:00,0.0,0.0,,
18115,Ohio County,IN,3/19/2026 2:00,0.0,0.0,,
18115,Ohio County,IN,3/19/2026 3:00,0.0,0.0,,
18115,Ohio County,IN,3/19/2026 4:00,0.0,0.0,,
18115,Ohio County,IN,3/19/2026 5:00,0.0,0.0,,
18115,Ohio County,IN,3/19/2026 6:00,0.0,0.0,,
18115,Ohio County,IN,3/19/2026 7:00,0.0,0.0,,
18115,Ohio County,IN,3/19/2026 8:00,0.0,0.0,,
18115,Ohio County,IN,3/19/2026 9:00,0.0,0.0,,
18115,Ohio County,IN,3/19/2026 10:00,0.0,0.0,,
18115,Ohio County,IN,3/19/2026 11:00,0.0,0.0,,
18115,Ohio County,IN,3/19/2026 12:00,0.0,0.0,,
18115,Ohio County,IN,3/19/2026 13:00,0.0,0.0,,
18115,Ohio County,IN,3/19/2026 14:00,0.0,0.0,,
18115,Ohio County,IN,3/19/2026 15:00,0.0,0.0,,
18115,Ohio County,IN,3/19/2026 16:00,0.0,0.0,,
18115,Ohio County,IN,3/19/2026 17:00,0.0,0.0,,
18115,Ohio County,IN,3/19/2026 18:00,0.0,,,
18115,Ohio County,IN,3/19/2026 19:00,0.0,,,
18115,Ohio County,IN,3/19/2026 20:00,0.0,,,
18115,Ohio County,IN,3/19/2026 21:00,0.0,,,
18115,Ohio County,IN,3/19/2026 22:00,0.0,,,
18115,Ohio County,IN,3/19/2026 23:00,,,,
18119,Owen County,IN,3/14/2026 0:00,0.0022982167309621203,0.0025322131689210652,0.0,0.010651839307326681
18119,Owen County,IN,3/14/2026 1:00,0.0016861580869271461,0.002899957504384587,0.0,0.010134300490845719
18119,Owen County,IN,3/14/2026 2:00,0.0015600984276115944,0.0023486247039687467,0.0,0.007200580900255095
18119,Owen County,IN,3/14/2026 3:00,0.0012536696019033453,0.003053085981798272,0.0,0.005722773052926111
18119,Owen County,IN,3/14/2026 4:00,0.0017952859057488943,0.0038835458534335777,0.0,0.005307808886616291
18119,Owen County,IN,3/14/2026 5:00,0.0015277176211630566,0.004189530358973287,0.0,0.005427271888772842
18119,Owen County,IN,3/14/2026 6:00,0.0019095053172029787,0.003917939178589543,0.0,0.0049084048618610885
18119,Owen County,IN,3/14/2026 7:00,0.0024093325149633135,0.004364791843275501,0.0,0.004573578646794234
18119,Owen County,IN,3/14/2026 8:00,0.0028084634944752795,0.0036034231006936293,0.0,0.003453524350450586
18119,Owen County,IN,3/14/2026 9:00,0.0037154070644159856,0.0030036016495703396,0.0,0.003525331259373045
18119,Owen County,IN,3/14/2026 10:00,0.00305307406701168,0.0029899800500358,0.001990613800657825,0.0013328699695232906
18119,Owen County,IN,3/14/2026 11:00,0.003299382419984236,0.003309176400971872,0.007139194001642131,0.0013331973764786843
18119,Owen County,IN,3/14/2026 12:00,0.003084593957162276,0.003226724747649002,0.017681054556471457,0.0016028514049750715
18119,Owen County,IN,3/14/2026 13:00,0.0026397556031439724,0.0031125882007743233,0.023419065689278224,0.001458553949307647
18119,Owen County,IN,3/14/2026 14:00,0.002415347955506338,0.0026757903802525004,0.021457272689523448,0.0014027438460367221
18119,Owen County,IN,3/14/2026 15:00,0.0031312844810852344,0.0022522966921007565,0.02095038458489121,0.0
18119,Owen County,IN,3/14/2026 16:00,0.002020020742879619,0.002343242198484528,0.019781325228562633,0.0
18119,Owen County,IN,3/14/2026 17:00,0.0018551145850941857,0.0019421185835998534,0.01598079800173349,0.0
18119,Owen County,IN,3/14/2026 18:00,0.0020129497331355345,0.0017155586786858055,0.013254171345837784,0.0
18119,Owen County,IN,3/14/2026 19:00,0.0032473451841728476,0.0016918261599437516,0.012270000937652603,0.0
18119,Owen County,IN,3/14/2026 20:00,0.0031816361406702054,0.0015978561510830208,0.008808706280749593,0.0
18119,Owen County,IN,3/14/2026 21:00,0.003340213570917055,0.001674211187493319,0.007132414930852639,0.0
18119,Owen County,IN,3/14/2026 22:00,0.001737696462194151,0.0019281269123382484,0.009498407292414676,0.0
18119,Owen County,IN,3/14/2026 23:00,0.0016508789406356778,0.0016674251874467052,0.008442603606966331,0.0
18119,Owen County,IN,3/15/2026 0:00,0.0026829925754177112,0.0015046532278434582,0.00837033415222362,0.0
18119,Owen County,IN,3/15/2026 1:00,0.0015586635821086446,0.0022749802026392324,0.007181348001537018,0.0
18119,Owen County,IN,3/15/2026 2:00,0.002821259600289192,0.004837183041919622,0.009440870867525982,0.0
18119,Owen County,IN,3/15/2026 3:00,0.002464168248195114,0.0061809495711208015,0.007485062628613484,0.0
18119,Owen County,IN,3/15/2026 4:00,0.0026610031085913593,0.010100143661015562,0.004027535337543843,0.0
18119,Owen County,IN,3/15/2026 5:00,0.0025567027340829525,0.01480359132960909,0.0039882436912081504,0.0
18119,Owen County,IN,3/15/2026 6:00,0.002497417654373846,0.018369109452468314,0.004111217222997201,0.0
18119,Owen County,IN,3/15/2026 7:00,0.002437834003083983,0.024966192078159803,0.003514602563943214,0.0
18119,Owen County,IN,3/15/2026 8:00,0.0032326976891435223,0.0251931287085116,0.0019097791672104472,0.0
18119,Owen County,IN,3/15/2026 9:00,0.0035708699747316395,0.024431495222173236,0.0023436507882625157,0.0
18119,Owen County,IN,3/15/2026 10:00,0.01835927757710289,0.02421965792214828,0.002944600353789051,0.0
18119,Owen County,IN,3/15/2026 11:00,0.02285603263661789,0.023747006450807892,0.0039010327894337927,0.0
18119,Owen County,IN,3/15/2026 12:00,0.023182320763668968,0.025641403678340096,0.002589436508071503,0.0
18119,Owen County,IN,3/15/2026 13:00,0.027199869477098206,0.023367351614591084,0.0,0.0
18119,Owen County,IN,3/15/2026 14:00,0.030199083600718362,0.021287660908789325,0.0028133567693272147,0.0
18119,Owen County,IN,3/15/2026 15:00,0.025255597545504185,0.017266700857799057,0.00319097155186535,0.0
18119,Owen County,IN,3/15/2026 16:00,0.023281679408530806,0.021379923811395085,0.0042117754973785785,0.0012112690337763637
18119,Owen County,IN,3/15/2026 17:00,0.01769692720060968,0.02281947348306554,0.002729305022016197,0.0
18119,Owen County,IN,3/15/2026 18:00,0.015193519344069439,0.020513778886028913,0.002233750671167079,0.0
18119,Owen County,IN,3/15/2026 19:00,0.011766067534937936,0.016880206131555796,0.0020023566846141313,0.0
18119,Owen County,IN,3/15/2026 20:00,0.0104887168477836,0.013920319215679424,0.0018971133777468615,0.0
18119,Owen County,IN,3/15/2026 21:00,0.015013373127435165,0.011411674107412173,0.0020006425142282186,0.0
18119,Owen County,IN,3/15/2026 22:00,0.021816644221594426,0.013011838967936552,0.0013801629128434008,0.0
18119,Owen County,IN,3/15/2026 23:00,0.02112477890594205,0.0049566867637021,0.0,0.0
18119,Owen County,IN,3/16/2026 0:00,0.011853761181066425,0.002732090505379835,0.0,0.0
18119,Owen County,IN,3/16/2026 1:00,0.010567448464283695,0.0019600205464146638,0.0,0.0
18119,Owen County,IN,3/16/2026 2:00,0.008291401077601778,0.0025071424662822836,0.0,0.0
18119,Owen County,IN,3/16/2026 3:00,0.007433893248356904,0.0016070031866516389,0.0,0.0
18119,Owen County,IN,3/16/2026 4:00,0.0067478279915067566,0.0,0.0,0.0
18119,Owen County,IN,3/16/2026 5:00,0.0063604528543302515,0.0,0.0015791770317098589,0.0
18119,Owen County,IN,3/16/2026 6:00,0.005414267565683757,0.0,0.0013139582415914585,0.0
18119,Owen County,IN,3/16/2026 7:00,0.007003163593463815,0.0,0.00110322496116081,0.0
18119,Owen County,IN,3/16/2026 8:00,0.0048309255327539805,0.0,0.001029686855871672,0.0
18119,Owen County,IN,3/16/2026 9:00,0.0026351737143185043,0.0,0.0011707541184198301,0.0
18119,Owen County,IN,3/16/2026 10:00,0.0020896401667170428,0.0,0.002003011504336782,0.0
18119,Owen County,IN,3/16/2026 11:00,0.0030431865223577354,0.0,0.0030732385493301945,0.0
18119,Owen County,IN,3/16/2026 12:00,0.0033923201999925406,0.0,0.003014910326997931,0.0
18119,Owen County,IN,3/16/2026 13:00,0.001646107322999327,0.0010047505225064103,0.003425978242965695,0.0
18119,Owen County,IN,3/16/2026 14:00,0.0017601393966906675,0.0,0.0020924232704041647,0.0
18119,Owen County,IN,3/16/2026 15:00,0.002215469635699657,0.0011394870854897843,0.0,0.0
18119,Owen County,IN,3/16/2026 16:00,0.0024485223501548403,0.0042218864086795435,0.0,0.0
18119,Owen County,IN,3/16/2026 17:00,0.0020401844675258024,0.0035857315424476684,0.0,0.0
18119,Owen County,IN,3/16/2026 18:00,0.00191216627536014,0.0036181515823107504,0.0,0.0
18119,Owen County,IN,3/16/2026 19:00,0.0030893049580846877,0.0,0.0,0.0
18119,Owen County,IN,3/16/2026 20:00,0.001720143321005726,0.0,0.0,0.0
18119,Owen County,IN,3/16/2026 21:00,0.0016566264412228092,0.0,0.0,0.0
18119,Owen County,IN,3/16/2026 22:00,0.0017315349811813392,0.0,0.0,0.0
18119,Owen County,IN,3/16/2026 23:00,0.001591618151008167,0.0,0.0,0.0
18119,Owen County,IN,3/17/2026 0:00,0.0,0.0014170765683654846,0.0,0.0
18119,Owen County,IN,3/17/2026 1:00,0.0,0.001353505767715377,0.0,0.0
18119,Owen County,IN,3/17/2026 2:00,0.0,0.0016591809302280856,0.0,0.0
18119,Owen County,IN,3/17/2026 3:00,0.0,0.0016715894185703722,0.0,0.0
18119,Owen County,IN,3/17/2026 4:00,0.0,0.0016519317571385517,0.0,0.0
18119,Owen County,IN,3/17/2026 5:00,0.0,0.0016401692369380078,0.0,0.0
18119,Owen County,IN,3/17/2026 6:00,0.0,0.0016205115755061872,0.0,0.0
18119,Owen County,IN,3/17/2026 7:00,0.0,0.0015883541966616212,0.0,0.0
18119,Owen County,IN,3/17/2026 8:00,0.0,0.0013723214100195146,0.0,0.0
18119,Owen County,IN,3/17/2026 9:00,0.0,0.0013052886678496614,0.0,0.0
18119,Owen County,IN,3/17/2026 10:00,0.0,0.0019459718421182836,0.0,0.0
18119,Owen County,IN,3/17/2026 11:00,0.0,0.0,0.0,0.0
18119,Owen County,IN,3/17/2026 12:00,0.0,0.0,0.001143104998905657,0.0
18119,Owen County,IN,3/17/2026 13:00,0.0,0.0,0.0018032729485321637,0.0
18119,Owen County,IN,3/17/2026 14:00,0.0,0.0,0.0,0.0
18119,Owen County,IN,3/17/2026 15:00,0.0,0.0,0.0,0.0
18119,Owen County,IN,3/17/2026 16:00,0.0,0.0,0.0,0.0
18119,Owen County,IN,3/17/2026 17:00,0.0,0.0,0.0,0.0
18119,Owen County,IN,3/17/2026 18:00,0.0,0.0,0.0,0.0
18119,Owen County,IN,3/17/2026 19:00,0.0,0.0,0.0,0.0
18119,Owen County,IN,3/17/2026 20:00,0.0,0.0,0.0,0.0
18119,Owen County,IN,3/17/2026 21:00,0.0,0.0,0.0,0.0
18119,Owen County,IN,3/17/2026 22:00,0.0,0.0,0.0,0.0
18119,Owen County,IN,3/17/2026 23:00,0.0,0.0,0.0,0.0
18119,Owen County,IN,3/18/2026 0:00,0.0,0.0,0.0,
18119,Owen County,IN,3/18/2026 1:00,0.0,0.0,0.0,
18119,Owen County,IN,3/18/2026 2:00,0.0,0.0,0.0,
18119,Owen County,IN,3/18/2026 3:00,0.0,0.0,0.0,
18119,Owen County,IN,3/18/2026 4:00,0.0,0.0,0.0,
18119,Owen County,IN,3/18/2026 5:00,0.0,0.0,0.0,
18119,Owen County,IN,3/18/2026 6:00,0.0,0.0,0.0,
18119,Owen County,IN,3/18/2026 7:00,0.0,0.0,0.0,
18119,Owen County,IN,3/18/2026 8:00,0.0,0.0,0.0,
18119,Owen County,IN,3/18/2026 9:00,0.0,0.0,0.0,
18119,Owen County,IN,3/18/2026 10:00,0.0,0.0,0.0,
18119,Owen County,IN,3/18/2026 11:00,0.0,0.0,0.0,
18119,Owen County,IN,3/18/2026 12:00,0.0,0.004216532791909267,0.0,
18119,Owen County,IN,3/18/2026 13:00,0.0,0.0,0.0,
18119,Owen County,IN,3/18/2026 14:00,0.0,0.0,0.0,
18119,Owen County,IN,3/18/2026 15:00,0.0,0.0,0.0,
18119,Owen County,IN,3/18/2026 16:00,0.0,0.0,0.0,
18119,Owen County,IN,3/18/2026 17:00,0.0,0.0,0.0,
18119,Owen County,IN,3/18/2026 18:00,0.0,0.0,0.0,
18119,Owen County,IN,3/18/2026 19:00,0.0,0.0,0.0,
18119,Owen County,IN,3/18/2026 20:00,0.0,0.0,0.0,
18119,Owen County,IN,3/18/2026 21:00,0.0,0.0,0.0,
18119,Owen County,IN,3/18/2026 22:00,0.0,0.0,0.0,
18119,Owen County,IN,3/18/2026 23:00,0.0,0.0,0.0,
18119,Owen County,IN,3/19/2026 0:00,0.0,0.0,,
18119,Owen County,IN,3/19/2026 1:00,0.0,0.0,,
18119,Owen County,IN,3/19/2026 2:00,0.0,0.0,,
18119,Owen County,IN,3/19/2026 3:00,0.0,0.0,,
18119,Owen County,IN,3/19/2026 4:00,0.0,0.0,,
18119,Owen County,IN,3/19/2026 5:00,0.0,0.0,,
18119,Owen County,IN,3/19/2026 6:00,0.0,0.0,,
18119,Owen County,IN,3/19/2026 7:00,0.0,0.0,,
18119,Owen County,IN,3/19/2026 8:00,0.0,0.0,,
18119,Owen County,IN,3/19/2026 9:00,0.0,0.0,,
18119,Owen County,IN,3/19/2026 10:00,0.0,0.0,,
18119,Owen County,IN,3/19/2026 11:00,0.0,0.0,,
18119,Owen County,IN,3/19/2026 12:00,0.0,0.0,,
18119,Owen County,IN,3/19/2026 13:00,0.0,0.0,,
18119,Owen County,IN,3/19/2026 14:00,0.0,0.0,,
18119,Owen County,IN,3/19/2026 15:00,0.0,0.0,,
18119,Owen County,IN,3/19/2026 16:00,0.0,0.0,,
18119,Owen County,IN,3/19/2026 17:00,0.0,0.0,,
18119,Owen County,IN,3/19/2026 18:00,0.0,,,
18119,Owen County,IN,3/19/2026 19:00,0.0,,,
18119,Owen County,IN,3/19/2026 20:00,0.0,,,
18119,Owen County,IN,3/19/2026 21:00,0.0,,,
18119,Owen County,IN,3/19/2026 22:00,0.0,,,
18119,Owen County,IN,3/19/2026 23:00,,,,
39001,Adams County,OH,3/14/2026 0:00,0.0,0.0,0.0,0.0
39001,Adams County,OH,3/14/2026 1:00,0.0,0.0,0.0,0.0
39001,Adams County,OH,3/14/2026 2:00,0.0,0.0,0.0,0.0012267376698133622
39001,Adams County,OH,3/14/2026 3:00,0.0,0.0,0.0,0.0029585447975311262
39001,Adams County,OH,3/14/2026 4:00,0.0,0.0,0.0,0.0025361894011705407
39001,Adams County,OH,3/14/2026 5:00,0.0,0.0,0.0,0.0020787360696047745
39001,Adams County,OH,3/14/2026 6:00,0.0,0.0,0.0,0.0020784868878023885
39001,Adams County,OH,3/14/2026 7:00,0.0,0.0,0.0,0.002966810039868116
39001,Adams County,OH,3/14/2026 8:00,0.0,0.0010272679789746233,0.0,0.0027079097976404226
39001,Adams County,OH,3/14/2026 9:00,0.0,0.0,0.0,0.0033491665521108538
39001,Adams County,OH,3/14/2026 10:00,0.0,0.0,0.0,0.0027035640311885408
39001,Adams County,OH,3/14/2026 11:00,0.0,0.0,0.005703310862177954,0.0029222896677428434
39001,Adams County,OH,3/14/2026 12:00,0.0,0.0,0.0061864917508207395,0.0019139936146807576
39001,Adams County,OH,3/14/2026 13:00,0.0,0.0,0.0085514666847147,0.001404105680316961
39001,Adams County,OH,3/14/2026 14:00,0.0,0.0016345998614701479,0.007380739160417459,0.0012460641753498985
39001,Adams County,OH,3/14/2026 15:00,0.0,0.0016006751341394517,0.007699571362584408,0.0
39001,Adams County,OH,3/14/2026 16:00,0.0,0.0,0.007831101096018526,0.0
39001,Adams County,OH,3/14/2026 17:00,0.0,0.0,0.007672032339771689,0.0
39001,Adams County,OH,3/14/2026 18:00,0.0,0.0,0.009131728298887892,0.0
39001,Adams County,OH,3/14/2026 19:00,0.0,0.0,0.009037235974123625,0.0
39001,Adams County,OH,3/14/2026 20:00,0.0,0.0,0.008238108879006946,0.0014227898086671578
39001,Adams County,OH,3/14/2026 21:00,0.0,0.0,0.004776071322203798,0.001734919292080476
39001,Adams County,OH,3/14/2026 22:00,0.0,0.0,0.003977099004256391,0.0027490012489894636
39001,Adams County,OH,3/14/2026 23:00,0.0,0.0,0.004655414480922342,0.002700791843569413
39001,Adams County,OH,3/15/2026 0:00,0.0,0.0,0.0037716189083982026,0.0013461326516433143
39001,Adams County,OH,3/15/2026 1:00,0.0,0.0,0.0035535168800457776,0.001391496852280765
39001,Adams County,OH,3/15/2026 2:00,0.0,0.0,0.0030879531697598334,0.0
39001,Adams County,OH,3/15/2026 3:00,0.0,0.0,0.0038896069427415067,0.0
39001,Adams County,OH,3/15/2026 4:00,0.0,0.0,0.0030214608811041173,0.0
39001,Adams County,OH,3/15/2026 5:00,0.0,0.0,0.003536681379090151,0.0
39001,Adams County,OH,3/15/2026 6:00,0.0,0.0,0.00325127362480652,0.0
39001,Adams County,OH,3/15/2026 7:00,0.0,0.0014735186265199902,0.0030572064467125175,0.0
39001,Adams County,OH,3/15/2026 8:00,0.0,0.0017091665140624192,0.0031203385074243645,0.0
39001,Adams County,OH,3/15/2026 9:00,0.0,0.0037600884406333635,0.0024168507858027106,0.0
39001,Adams County,OH,3/15/2026 10:00,0.0014876188739578779,0.004000831134642745,0.0,0.0
39001,Adams County,OH,3/15/2026 11:00,0.006941245784265393,0.0037112214763918914,0.0018319400718284217,0.0
39001,Adams County,OH,3/15/2026 12:00,0.009646427980182908,0.004088938705321657,0.0014535366549298478,0.0
39001,Adams County,OH,3/15/2026 13:00,0.010245016021286853,0.005118874940390526,0.0,0.0
39001,Adams County,OH,3/15/2026 14:00,0.01355667995001606,0.0055842337663728585,0.0,0.0
39001,Adams County,OH,3/15/2026 15:00,0.015277359163443763,0.005074915128592195,0.0,0.0
39001,Adams County,OH,3/15/2026 16:00,0.010516027108243849,0.004164058717474303,0.0,0.0
39001,Adams County,OH,3/15/2026 17:00,0.007817889312369488,0.004084377891108421,0.0,0.0
39001,Adams County,OH,3/15/2026 18:00,0.006232851375398375,0.0031507359492337727,0.0,0.0
39001,Adams County,OH,3/15/2026 19:00,0.00705734096326721,0.0024220373548608154,0.0,0.0
39001,Adams County,OH,3/15/2026 20:00,0.005180107394124377,0.0025458708580720357,0.0,0.0
39001,Adams County,OH,3/15/2026 21:00,0.0037841257980180706,0.0029604376772555015,0.0020034946236487487,0.0
39001,Adams County,OH,3/15/2026 22:00,0.003986452445075547,0.0029762108578015463,0.0019159381939370323,0.0
39001,Adams County,OH,3/15/2026 23:00,0.0,0.004409646335765761,0.0013864046336855723,0.0
39001,Adams County,OH,3/16/2026 0:00,0.0012882751728773832,0.004331262849589015,0.0012663558227637992,0.0
39001,Adams County,OH,3/16/2026 1:00,0.0019936697044814857,0.003952725220291365,0.0,0.0
39001,Adams County,OH,3/16/2026 2:00,0.003973067108402832,0.004475122252994782,0.0,0.0
39001,Adams County,OH,3/16/2026 3:00,0.004081066645576295,0.004488338342614512,0.0,0.0
39001,Adams County,OH,3/16/2026 4:00,0.005256660627771071,0.008153593290879958,0.001667765232514224,0.0
39001,Adams County,OH,3/16/2026 5:00,0.007502901298451018,0.0033022302212833052,0.0,0.0
39001,Adams County,OH,3/16/2026 6:00,0.005195997661741795,0.0015427456343415863,0.0,0.0
39001,Adams County,OH,3/16/2026 7:00,0.0062277553564922886,0.0010861453586894702,0.0,0.0
39001,Adams County,OH,3/16/2026 8:00,0.004556450002627174,0.0018137619849908145,0.0,0.0
39001,Adams County,OH,3/16/2026 9:00,0.004045489237892467,0.0010913806777797244,0.0,0.0012323812476250462
39001,Adams County,OH,3/16/2026 10:00,0.002437317227605883,0.0,0.0,0.0012293679819549088
39001,Adams County,OH,3/16/2026 11:00,0.001127699268649121,0.0,0.0018602148956006475,0.0
39001,Adams County,OH,3/16/2026 12:00,0.0019570352992468606,0.0,0.001811949835421562,0.0
39001,Adams County,OH,3/16/2026 13:00,0.0018909620733056302,0.0,0.001612799642536458,0.0
39001,Adams County,OH,3/16/2026 14:00,0.0017591240831100082,0.0014463792339600007,0.0,0.0
39001,Adams County,OH,3/16/2026 15:00,0.0018555879598915685,0.0021064061489680396,0.0,0.0
39001,Adams County,OH,3/16/2026 16:00,0.001984948888605901,0.002508028390079605,0.0,0.0
39001,Adams County,OH,3/16/2026 17:00,0.0018529513861005468,0.002368069178404903,0.0,0.0
39001,Adams County,OH,3/16/2026 18:00,0.0018781834927626398,0.0014740118410895644,0.0,0.0
39001,Adams County,OH,3/16/2026 19:00,0.00212328724939303,0.0016759073585477372,0.0,0.0
39001,Adams County,OH,3/16/2026 20:00,0.0033319586290715365,0.0,0.0,0.0
39001,Adams County,OH,3/16/2026 21:00,0.003311616966593383,0.0,0.0,0.0
39001,Adams County,OH,3/16/2026 22:00,0.0033934951112972707,0.0,0.0,0.0
39001,Adams County,OH,3/16/2026 23:00,0.00264433827866353,0.0,0.0,0.0
39001,Adams County,OH,3/17/2026 0:00,0.0025306094575546904,0.0,0.0,0.0
39001,Adams County,OH,3/17/2026 1:00,0.001879945435897722,0.0,0.0,0.0
39001,Adams County,OH,3/17/2026 2:00,0.0012919263492826047,0.0,0.0,0.0
39001,Adams County,OH,3/17/2026 3:00,0.0011841041603813565,0.0,0.0,0.0
39001,Adams County,OH,3/17/2026 4:00,0.0014990387280523006,0.0,0.0,0.0
39001,Adams County,OH,3/17/2026 5:00,0.0016210549819454516,0.0,0.0,0.0
39001,Adams County,OH,3/17/2026 6:00,0.001209888575783184,0.0,0.0,0.0
39001,Adams County,OH,3/17/2026 7:00,0.0,0.0,0.0,0.0
39001,Adams County,OH,3/17/2026 8:00,0.0,0.0,0.0,0.0
39001,Adams County,OH,3/17/2026 9:00,0.0,0.0,0.0,0.0
39001,Adams County,OH,3/17/2026 10:00,0.0,0.0,0.0,0.0
39001,Adams County,OH,3/17/2026 11:00,0.0,0.0,0.003327698307499323,0.0
39001,Adams County,OH,3/17/2026 12:00,0.0,0.0010484064522900286,0.0025292661840700713,0.0
39001,Adams County,OH,3/17/2026 13:00,0.0,0.0,0.002539069822921439,0.0
39001,Adams County,OH,3/17/2026 14:00,0.0,0.0,0.0,0.0
39001,Adams County,OH,3/17/2026 15:00,0.0,0.0,0.0,0.0
39001,Adams County,OH,3/17/2026 16:00,0.0,0.0,0.0,0.0
39001,Adams County,OH,3/17/2026 17:00,0.0,0.0,0.0,0.0
39001,Adams County,OH,3/17/2026 18:00,0.0,0.0,0.0,0.0
39001,Adams County,OH,3/17/2026 19:00,0.0,0.0,0.0,0.0
39001,Adams County,OH,3/17/2026 20:00,0.0,0.0,0.0,0.0
39001,Adams County,OH,3/17/2026 21:00,0.0,0.0,0.0,0.0
39001,Adams County,OH,3/17/2026 22:00,0.0,0.0,0.0,0.0
39001,Adams County,OH,3/17/2026 23:00,0.0,0.0,0.0,0.0
39001,Adams County,OH,3/18/2026 0:00,0.0,0.0,0.0,
39001,Adams County,OH,3/18/2026 1:00,0.0,0.0,0.0,
39001,Adams County,OH,3/18/2026 2:00,0.0,0.0,0.0,
39001,Adams County,OH,3/18/2026 3:00,0.0,0.0,0.0,
39001,Adams County,OH,3/18/2026 4:00,0.0,0.0,0.0,
39001,Adams County,OH,3/18/2026 5:00,0.0,0.0,0.0,
39001,Adams County,OH,3/18/2026 6:00,0.0,0.0,0.0,
39001,Adams County,OH,3/18/2026 7:00,0.0,0.0,0.0,
39001,Adams County,OH,3/18/2026 8:00,0.0,0.0,0.0,
39001,Adams County,OH,3/18/2026 9:00,0.0,0.0,0.0,
39001,Adams County,OH,3/18/2026 10:00,0.0,0.0,0.0,
39001,Adams County,OH,3/18/2026 11:00,0.0,0.0,0.0,
39001,Adams County,OH,3/18/2026 12:00,0.0036215416939818362,0.0,0.0,
39001,Adams County,OH,3/18/2026 13:00,0.0,0.0,0.0,
39001,Adams County,OH,3/18/2026 14:00,0.0,0.0,0.0,
39001,Adams County,OH,3/18/2026 15:00,0.0,0.0,0.0,
39001,Adams County,OH,3/18/2026 16:00,0.0,0.0,0.0,
39001,Adams County,OH,3/18/2026 17:00,0.0,0.0,0.0,
39001,Adams County,OH,3/18/2026 18:00,0.0,0.0,0.0,
39001,Adams County,OH,3/18/2026 19:00,0.0,0.0,0.0,
39001,Adams County,OH,3/18/2026 20:00,0.0,0.0,0.0,
39001,Adams County,OH,3/18/2026 21:00,0.0,0.0,0.0,
39001,Adams County,OH,3/18/2026 22:00,0.0,0.0,0.0,
39001,Adams County,OH,3/18/2026 23:00,0.0,0.0,0.0,
39001,Adams County,OH,3/19/2026 0:00,0.0,0.0,,
39001,Adams County,OH,3/19/2026 1:00,0.0,0.0,,
39001,Adams County,OH,3/19/2026 2:00,0.0,0.0,,
39001,Adams County,OH,3/19/2026 3:00,0.0,0.0,,
39001,Adams County,OH,3/19/2026 4:00,0.0,0.0,,
39001,Adams County,OH,3/19/2026 5:00,0.0,0.0,,
39001,Adams County,OH,3/19/2026 6:00,0.0,0.0,,
39001,Adams County,OH,3/19/2026 7:00,0.0,0.0,,
39001,Adams County,OH,3/19/2026 8:00,0.0,0.0,,
39001,Adams County,OH,3/19/2026 9:00,0.0,0.0,,
39001,Adams County,OH,3/19/2026 10:00,0.0,0.0,,
39001,Adams County,OH,3/19/2026 11:00,0.0,0.0,,
39001,Adams County,OH,3/19/2026 12:00,0.0,0.0,,
39001,Adams County,OH,3/19/2026 13:00,0.0,0.0,,
39001,Adams County,OH,3/19/2026 14:00,0.0,0.0,,
39001,Adams County,OH,3/19/2026 15:00,0.0,0.0,,
39001,Adams County,OH,3/19/2026 16:00,0.0,0.0,,
39001,Adams County,OH,3/19/2026 17:00,0.0,0.0,,
39001,Adams County,OH,3/19/2026 18:00,0.0,,,
39001,Adams County,OH,3/19/2026 19:00,0.0,,,
39001,Adams County,OH,3/19/2026 20:00,0.0,,,
39001,Adams County,OH,3/19/2026 21:00,0.0,,,
39001,Adams County,OH,3/19/2026 22:00,0.0,,,
39001,Adams County,OH,3/19/2026 23:00,,,,
39003,Allen County,OH,3/14/2026 0:00,0.039273980046007705,0.027915410956555187,0.004821477106247207,0.0027584808815874894
39003,Allen County,OH,3/14/2026 1:00,0.039823197148867395,0.027345862835727618,0.00515054761549837,0.0026991229882460527
39003,Allen County,OH,3/14/2026 2:00,0.0372491504651947,0.026964816656297047,0.004972304980968752,0.00275567227539344
39003,Allen County,OH,3/14/2026 3:00,0.0364381156660295,0.024259926757691584,0.004597972338508492,0.0027095530015712457
39003,Allen County,OH,3/14/2026 4:00,0.04303010054490223,0.022269966094375093,0.004126075990369075,0.0035993161804474694
39003,Allen County,OH,3/14/2026 5:00,0.037278506707838464,0.01908479844652047,0.004116346502613612,0.004027854089430891
39003,Allen County,OH,3/14/2026 6:00,0.03626449216181342,0.017577043405091333,0.003181254526133495,0.0036974642269810925
39003,Allen County,OH,3/14/2026 7:00,0.038161688366994684,0.01628637284595646,0.002952594430423333,0.0031604335186708704
39003,Allen County,OH,3/14/2026 8:00,0.0337159981289299,0.01287797647950355,0.0030517493333013773,0.0028242628486592086
39003,Allen County,OH,3/14/2026 9:00,0.02557540852184227,0.012151017529397066,0.0032674496083940213,0.0028250366868452464
39003,Allen County,OH,3/14/2026 10:00,0.021685547188485466,0.01127659269913914,0.0027758244140393146,0.0019708865876914157
39003,Allen County,OH,3/14/2026 11:00,0.021361544128421357,0.01032242185938896,0.0030386303530765555,0.002017964567267257
39003,Allen County,OH,3/14/2026 12:00,0.02087715418758469,0.007763692742276185,0.0029709019531341343,0.0015075237547624522
39003,Allen County,OH,3/14/2026 13:00,0.017279809176183335,0.005428240374117627,0.0034133726859829436,0.0015147220771360636
39003,Allen County,OH,3/14/2026 14:00,0.016099869380202206,0.005102930454045456,0.004134003476125601,0.0015075284911131288
39003,Allen County,OH,3/14/2026 15:00,0.012890412882246738,0.0051058271868385414,0.003911889028597435,0.001442985199790294
39003,Allen County,OH,3/14/2026 16:00,0.01190664354704412,0.0051971834260602975,0.003683342506711482,0.001444278136619871
39003,Allen County,OH,3/14/2026 17:00,0.00970978298851248,0.004271860329036336,0.003500207689295191,0.0012771465935173143
39003,Allen County,OH,3/14/2026 18:00,0.007217928250880664,0.004165512784238998,0.003510095825279642,0.0011575121382225067
39003,Allen County,OH,3/14/2026 19:00,0.005519411526306815,0.0037695736734593512,0.0033116081244274976,0.001147962987330564
39003,Allen County,OH,3/14/2026 20:00,0.003998055418568491,0.0032321230927983427,0.0027877654865248367,0.0
39003,Allen County,OH,3/14/2026 21:00,0.003915788775026558,0.0031305415009853983,0.002433588154174709,0.0
39003,Allen County,OH,3/14/2026 22:00,0.0032311567803839022,0.0030284169278780447,0.0027312914242801144,0.0
39003,Allen County,OH,3/14/2026 23:00,0.003203703937686198,0.0028808823380860713,0.0019193440383132305,0.0
39003,Allen County,OH,3/15/2026 0:00,0.003164165216335681,0.002936224507417631,0.002535959510513285,0.0
39003,Allen County,OH,3/15/2026 1:00,0.003718813586107458,0.003370363215387313,0.0029716145935167644,0.0
39003,Allen County,OH,3/15/2026 2:00,0.003542472341164387,0.003279815410177847,0.00618201609195084,0.0
39003,Allen County,OH,3/15/2026 3:00,0.0030130116114315984,0.003076938150848159,0.006128389466818718,0.0
39003,Allen County,OH,3/15/2026 4:00,0.0031749767438695505,0.003372646628042613,0.004750980303159186,0.0
39003,Allen County,OH,3/15/2026 5:00,0.0038366598328718657,0.00305095087105915,0.004858107957828434,0.0
39003,Allen County,OH,3/15/2026 6:00,0.004297967822867404,0.003804099086139599,0.0048860546985661155,0.0
39003,Allen County,OH,3/15/2026 7:00,0.004025400817186344,0.0038482249584965043,0.004765035620034323,0.0
39003,Allen County,OH,3/15/2026 8:00,0.002878666309509279,0.0035744902989334262,0.0037532929577758227,0.0
39003,Allen County,OH,3/15/2026 9:00,0.002747356718051666,0.0035620400973892415,0.0037053184389835643,0.0
39003,Allen County,OH,3/15/2026 10:00,0.002454529798639002,0.003604922631196695,0.003224208605946378,0.0
39003,Allen County,OH,3/15/2026 11:00,0.003013252258550186,0.0035991208483248252,0.0024422488242172745,0.0
39003,Allen County,OH,3/15/2026 12:00,0.0035237483454643058,0.0034992471003420208,0.002190458025274777,0.0
39003,Allen County,OH,3/15/2026 13:00,0.003830120804607006,0.0032690387536791544,0.002280205469125157,0.0
39003,Allen County,OH,3/15/2026 14:00,0.004444506708297713,0.0034331428065141664,0.002814935440154923,0.0
39003,Allen County,OH,3/15/2026 15:00,0.0043750272058308065,0.003208198141683212,0.002027985113654709,0.0
39003,Allen County,OH,3/15/2026 16:00,0.004483398045432971,0.0032844110355249602,0.0021827352123601077,0.0
39003,Allen County,OH,3/15/2026 17:00,0.0043185370932599535,0.003283346098422209,0.0015776588473341597,0.0
39003,Allen County,OH,3/15/2026 18:00,0.004427082268370297,0.003017253135496881,0.001577183001328271,0.0
39003,Allen County,OH,3/15/2026 19:00,0.0038051201495431152,0.003101080311386013,0.0010921607960638889,0.0
39003,Allen County,OH,3/15/2026 20:00,0.0040609995830320185,0.0036465956469973818,0.0013204198324425938,0.0
39003,Allen County,OH,3/15/2026 21:00,0.003236460255678213,0.0038388318091596508,0.0010830173895661173,0.0
39003,Allen County,OH,3/15/2026 22:00,0.0033766876209808446,0.0037771417355933817,0.0010619459412564286,0.0
39003,Allen County,OH,3/15/2026 23:00,0.0030921386816581513,0.0037540194414624455,0.0010090709994145187,0.0
39003,Allen County,OH,3/16/2026 0:00,0.003726992146210411,0.00388617184851521,0.0013924284823213526,0.0
39003,Allen County,OH,3/16/2026 1:00,0.004382230375672383,0.002851657552020025,0.0,0.0
39003,Allen County,OH,3/16/2026 2:00,0.005553967510015359,0.0029781997722387295,0.0014311120328972062,0.0
39003,Allen County,OH,3/16/2026 3:00,0.0033841111932358604,0.002063396392443774,0.0014274716640569126,0.0
39003,Allen County,OH,3/16/2026 4:00,0.0030348703608750653,0.0013398143961048787,0.0016233597584441074,0.0
39003,Allen County,OH,3/16/2026 5:00,0.0037022904550089364,0.001420862358791832,0.0019302072682341601,0.0
39003,Allen County,OH,3/16/2026 6:00,0.0033890835041142367,0.0010846677756563639,0.001937600228932682,0.0
39003,Allen County,OH,3/16/2026 7:00,0.004934883876062035,0.0010805750705932884,0.0020079406413830623,0.0
39003,Allen County,OH,3/16/2026 8:00,0.0031491385393076954,0.0012219306696908462,0.0011990879594364378,0.0
39003,Allen County,OH,3/16/2026 9:00,0.0026312237429490905,0.0,0.0013057555916970991,0.0
39003,Allen County,OH,3/16/2026 10:00,0.0028490705434217473,0.001143302984881018,0.001460007664788433,0.0
39003,Allen County,OH,3/16/2026 11:00,0.001987468113169633,0.0,0.001586830367692549,0.0
39003,Allen County,OH,3/16/2026 12:00,0.0014348263029933662,0.0,0.0015034518287356125,0.0
39003,Allen County,OH,3/16/2026 13:00,0.0011710537070677939,0.0,0.0018984611854600676,0.0
39003,Allen County,OH,3/16/2026 14:00,0.001029613357411403,0.0,0.0014758232071937312,0.0
39003,Allen County,OH,3/16/2026 15:00,0.0,0.0,0.0012643914576959795,0.0
39003,Allen County,OH,3/16/2026 16:00,0.0,0.0,0.0013083210714876,0.0
39003,Allen County,OH,3/16/2026 17:00,0.0,0.0,0.0,0.0
39003,Allen County,OH,3/16/2026 18:00,0.0,0.0,0.0,0.0
39003,Allen County,OH,3/16/2026 19:00,0.0,0.0,0.0010194333749202296,0.0
39003,Allen County,OH,3/16/2026 20:00,0.0,0.0,0.0,0.0
39003,Allen County,OH,3/16/2026 21:00,0.0,0.0,0.0,0.0
39003,Allen County,OH,3/16/2026 22:00,0.0,0.0,0.0,0.0
39003,Allen County,OH,3/16/2026 23:00,0.0,0.0,0.001093904202445171,0.0
39003,Allen County,OH,3/17/2026 0:00,0.0,0.0,0.0011040402775691453,0.0
39003,Allen County,OH,3/17/2026 1:00,0.0,0.0,0.0011026917925513564,0.0
39003,Allen County,OH,3/17/2026 2:00,0.0,0.0,0.0010847032045508019,0.0
39003,Allen County,OH,3/17/2026 3:00,0.0,0.0,0.0011216149917089846,0.0
39003,Allen County,OH,3/17/2026 4:00,0.0,0.0,0.0010945987173432519,0.0
39003,Allen County,OH,3/17/2026 5:00,0.0,0.0,0.001064674350810001,0.0
39003,Allen County,OH,3/17/2026 6:00,0.0,0.0,0.0,0.0
39003,Allen County,OH,3/17/2026 7:00,0.0010279227283450168,0.0,0.0,0.0
39003,Allen County,OH,3/17/2026 8:00,0.0,0.0,0.0,0.0
39003,Allen County,OH,3/17/2026 9:00,0.0,0.0,0.0,0.0
39003,Allen County,OH,3/17/2026 10:00,0.0,0.0,0.0,0.0
39003,Allen County,OH,3/17/2026 11:00,0.0,0.0,0.0,0.0
39003,Allen County,OH,3/17/2026 12:00,0.0,0.0,0.0,0.0
39003,Allen County,OH,3/17/2026 13:00,0.0,0.0,0.0,0.0
39003,Allen County,OH,3/17/2026 14:00,0.0,0.0,0.0,0.0
39003,Allen County,OH,3/17/2026 15:00,0.0,0.0,0.0,0.0
39003,Allen County,OH,3/17/2026 16:00,0.0,0.0,0.0,0.0
39003,Allen County,OH,3/17/2026 17:00,0.0,0.0,0.0,0.0
39003,Allen County,OH,3/17/2026 18:00,0.0,0.0,0.0,0.0
39003,Allen County,OH,3/17/2026 19:00,0.0,0.0,0.0,0.0
39003,Allen County,OH,3/17/2026 20:00,0.0,0.0,0.0,0.0
39003,Allen County,OH,3/17/2026 21:00,0.0,0.0,0.0,0.0
39003,Allen County,OH,3/17/2026 22:00,0.0,0.0,0.0,0.0
39003,Allen County,OH,3/17/2026 23:00,0.0,0.0,0.0,0.0
39003,Allen County,OH,3/18/2026 0:00,0.0,0.0,0.0,
39003,Allen County,OH,3/18/2026 1:00,0.0,0.0,0.0,
39003,Allen County,OH,3/18/2026 2:00,0.0,0.0,0.0,
39003,Allen County,OH,3/18/2026 3:00,0.0,0.0,0.0,
39003,Allen County,OH,3/18/2026 4:00,0.0,0.0,0.0,
39003,Allen County,OH,3/18/2026 5:00,0.0,0.0,0.0,
39003,Allen County,OH,3/18/2026 6:00,0.0,0.0,0.0,
39003,Allen County,OH,3/18/2026 7:00,0.0,0.0,0.0,
39003,Allen County,OH,3/18/2026 8:00,0.0,0.0,0.0,
39003,Allen County,OH,3/18/2026 9:00,0.0,0.0,0.0,
39003,Allen County,OH,3/18/2026 10:00,0.0,0.0,0.0,
39003,Allen County,OH,3/18/2026 11:00,0.0,0.0,0.0,
39003,Allen County,OH,3/18/2026 12:00,0.0,0.0,0.0,
39003,Allen County,OH,3/18/2026 13:00,0.0,0.0,0.0,
39003,Allen County,OH,3/18/2026 14:00,0.0,0.0,0.0,
39003,Allen County,OH,3/18/2026 15:00,0.0,0.0,0.0,
39003,Allen County,OH,3/18/2026 16:00,0.0,0.0,0.0,
39003,Allen County,OH,3/18/2026 17:00,0.0,0.0,0.0,
39003,Allen County,OH,3/18/2026 18:00,0.0,0.0,0.0,
39003,Allen County,OH,3/18/2026 19:00,0.0,0.0,0.0,
39003,Allen County,OH,3/18/2026 20:00,0.0,0.0,0.0,
39003,Allen County,OH,3/18/2026 21:00,0.0,0.0,0.0,
39003,Allen County,OH,3/18/2026 22:00,0.0,0.0,0.0,
39003,Allen County,OH,3/18/2026 23:00,0.0,0.0,0.0,
39003,Allen County,OH,3/19/2026 0:00,0.0,0.0,,
39003,Allen County,OH,3/19/2026 1:00,0.0,0.0,,
39003,Allen County,OH,3/19/2026 2:00,0.0,0.0,,
39003,Allen County,OH,3/19/2026 3:00,0.0,0.0,,
39003,Allen County,OH,3/19/2026 4:00,0.0,0.0,,
39003,Allen County,OH,3/19/2026 5:00,0.0,0.0,,
39003,Allen County,OH,3/19/2026 6:00,0.0,0.0,,
39003,Allen County,OH,3/19/2026 7:00,0.0,0.0,,
39003,Allen County,OH,3/19/2026 8:00,0.0,0.0,,
39003,Allen County,OH,3/19/2026 9:00,0.0,0.0,,
39003,Allen County,OH,3/19/2026 10:00,0.0,0.0,,
39003,Allen County,OH,3/19/2026 11:00,0.0,0.0,,
39003,Allen County,OH,3/19/2026 12:00,0.0,0.0,,
39003,Allen County,OH,3/19/2026 13:00,0.0,0.0,,
39003,Allen County,OH,3/19/2026 14:00,0.0,0.0,,
39003,Allen County,OH,3/19/2026 15:00,0.0,0.0,,
39003,Allen County,OH,3/19/2026 16:00,0.0,0.0,,
39003,Allen County,OH,3/19/2026 17:00,0.0,0.0,,
39003,Allen County,OH,3/19/2026 18:00,0.0,,,
39003,Allen County,OH,3/19/2026 19:00,0.0,,,
39003,Allen County,OH,3/19/2026 20:00,0.0,,,
39003,Allen County,OH,3/19/2026 21:00,0.0,,,
39003,Allen County,OH,3/19/2026 22:00,0.0,,,
39003,Allen County,OH,3/19/2026 23:00,,,,
39005,Ashland County,OH,3/14/2026 0:00,0.16976411502478625,0.11669974769814194,0.04093372744585496,0.010825126206796312
39005,Ashland County,OH,3/14/2026 1:00,0.16176949125052015,0.1105054916573312,0.04136128566627974,0.010044675878044333
39005,Ashland County,OH,3/14/2026 2:00,0.16824448843845358,0.10900547525883708,0.04072765172955331,0.010107652794713236
39005,Ashland County,OH,3/14/2026 3:00,0.16339798012409168,0.09960259866022568,0.04039928241968223,0.010369668919639285
39005,Ashland County,OH,3/14/2026 4:00,0.15648989977101152,0.09275142471378425,0.0393477972675195,0.010428019774837746
39005,Ashland County,OH,3/14/2026 5:00,0.14979880908505136,0.08547658671783659,0.03940230715582609,0.011147359341365124
39005,Ashland County,OH,3/14/2026 6:00,0.14361643453373737,0.08223176709140599,0.03860672787339485,0.011552783686671234
39005,Ashland County,OH,3/14/2026 7:00,0.13570818135979487,0.08001486291633521,0.038210571938517575,0.011696006119551473
39005,Ashland County,OH,3/14/2026 8:00,0.13537279193613447,0.07926892255122012,0.041392428663200115,0.013706837857638073
39005,Ashland County,OH,3/14/2026 9:00,0.11628017483567554,0.06998075190611776,0.04044088091622928,0.014002907775980273
39005,Ashland County,OH,3/14/2026 10:00,0.10372551259334975,0.061361321371629446,0.03860564063135157,0.014154195622283317
39005,Ashland County,OH,3/14/2026 11:00,0.10142422596749659,0.058612049444294406,0.037919062156697055,0.013301673065104184
39005,Ashland County,OH,3/14/2026 12:00,0.09859584553016755,0.05099168512215349,0.034451481685224626,0.009955530929737484
39005,Ashland County,OH,3/14/2026 13:00,0.0907115752781157,0.05522218172787099,0.03740319836677379,0.009042555262800988
39005,Ashland County,OH,3/14/2026 14:00,0.0788066911670881,0.05021935071747767,0.03768424909569032,0.00947976382295263
39005,Ashland County,OH,3/14/2026 15:00,0.07356397599835716,0.04385281968965513,0.03437167124206557,0.008653242392324052
39005,Ashland County,OH,3/14/2026 16:00,0.07208598752646886,0.04229956646472191,0.034957035407351386,0.008128488712065424
39005,Ashland County,OH,3/14/2026 17:00,0.06213354069240919,0.0372868000607341,0.03321629474917837,0.007653571362629589
39005,Ashland County,OH,3/14/2026 18:00,0.05326527643566424,0.03825218883249902,0.03310110856143735,0.007905147923359081
39005,Ashland County,OH,3/14/2026 19:00,0.04480993070914155,0.03672868689910872,0.02650355994269377,0.005538288781890985
39005,Ashland County,OH,3/14/2026 20:00,0.03640373779225089,0.029473712182269726,0.015793680951118088,0.004621432404871791
39005,Ashland County,OH,3/14/2026 21:00,0.032553621838986774,0.025726054101689284,0.015127156896500208,0.003949514862686072
39005,Ashland County,OH,3/14/2026 22:00,0.032104018923494765,0.027279133517007285,0.015168601555945687,0.003949514862686072
39005,Ashland County,OH,3/14/2026 23:00,0.03196195815869831,0.02693656811962067,0.013924546473510586,0.003834574956664166
39005,Ashland County,OH,3/15/2026 0:00,0.031081654409524036,0.03200234665406093,0.014676876515487143,0.003623718664655709
39005,Ashland County,OH,3/15/2026 1:00,0.031087429914713735,0.030784018289850976,0.014772957953709316,0.003623718664655709
39005,Ashland County,OH,3/15/2026 2:00,0.03087476437221075,0.026526537964986018,0.01289025393705541,0.003546733455660894
39005,Ashland County,OH,3/15/2026 3:00,0.03069226043274101,0.029621733466889042,0.013307356161582656,0.003412711951042956
39005,Ashland County,OH,3/15/2026 4:00,0.026187499209870808,0.025541615458368645,0.013029830013268304,0.003037436477927056
39005,Ashland County,OH,3/15/2026 5:00,0.026024061799847654,0.024241563803648288,0.01292251301528377,0.0028501359096385305
39005,Ashland County,OH,3/15/2026 6:00,0.025646703335056902,0.025658419393169797,0.013060653098072517,0.002948749186484013
39005,Ashland County,OH,3/15/2026 7:00,0.0234926726830155,0.02714428832353663,0.01263689857810434,0.002723441089587212
39005,Ashland County,OH,3/15/2026 8:00,0.024462552037253685,0.02925430647154368,0.014540535364139802,0.002684533336462395
39005,Ashland County,OH,3/15/2026 9:00,0.024434922724907358,0.02669940435595735,0.014298097821168428,0.0026919030955794825
39005,Ashland County,OH,3/15/2026 10:00,0.02303634486815253,0.023844550794135985,0.012654246338499188,0.0026734409073763156
39005,Ashland County,OH,3/15/2026 11:00,0.02449339250125456,0.022372771427592503,0.010643192907394836,0.00271154623062607
39005,Ashland County,OH,3/15/2026 12:00,0.021803936359287308,0.01795559967170724,0.009851212848407894,0.0026880507256454773
39005,Ashland County,OH,3/15/2026 13:00,0.02274843698808794,0.016037167212678057,0.008430784498012236,0.0027140002457613313
39005,Ashland County,OH,3/15/2026 14:00,0.022126101024229336,0.01597573786217341,0.007950370115876175,0.0026766315182123004
39005,Ashland County,OH,3/15/2026 15:00,0.02027484530216072,0.013600789151721594,0.008049090014052476,0.0
39005,Ashland County,OH,3/15/2026 16:00,0.022399266411435866,0.011128856670404929,0.00849222133890339,0.0
39005,Ashland County,OH,3/15/2026 17:00,0.01993181104830067,0.0098666792148919,0.008282231261304854,0.0
39005,Ashland County,OH,3/15/2026 18:00,0.017781620395695037,0.01462387127270972,0.007835306279855628,0.0
39005,Ashland County,OH,3/15/2026 19:00,0.0157421663431761,0.01251775529029142,0.006410978230211185,0.0
39005,Ashland County,OH,3/15/2026 20:00,0.012504863868533868,0.012488956992096496,0.005929732754447383,0.0
39005,Ashland County,OH,3/15/2026 21:00,0.012056787805990411,0.013354081157111009,0.005736048247111392,0.0
39005,Ashland County,OH,3/15/2026 22:00,0.010383196756561651,0.013494195015392195,0.00545044037966728,0.0
39005,Ashland County,OH,3/15/2026 23:00,0.011015970056389168,0.013493624994770602,0.005332781315972101,0.0
39005,Ashland County,OH,3/16/2026 0:00,0.009607377677796259,0.012626218669906703,0.005162917085099474,0.0
39005,Ashland County,OH,3/16/2026 1:00,0.009264057868760344,0.012679822285064674,0.005947878163628886,0.0
39005,Ashland County,OH,3/16/2026 2:00,0.008758681977387803,0.014465626922830545,0.005619920948883804,0.0
39005,Ashland County,OH,3/16/2026 3:00,0.00994148968402332,0.012354903739797286,0.005718526944461066,0.0
39005,Ashland County,OH,3/16/2026 4:00,0.009065007542422749,0.011514726302068843,0.005347777427475322,0.0
39005,Ashland County,OH,3/16/2026 5:00,0.007275196675650088,0.010667681692796466,0.005473366187073327,0.0
39005,Ashland County,OH,3/16/2026 6:00,0.006307199492357663,0.0069509693334707575,0.004426179501031625,0.0
39005,Ashland County,OH,3/16/2026 7:00,0.006995932984070148,0.006918201192972032,0.0037986993359135266,0.0
39005,Ashland County,OH,3/16/2026 8:00,0.008066173538056536,0.00607237653218796,0.004644507154102973,0.0
39005,Ashland County,OH,3/16/2026 9:00,0.009909710649113591,0.005951572926248266,0.005646727722265036,0.0
39005,Ashland County,OH,3/16/2026 10:00,0.008227723257601547,0.005762466826219602,0.005662090949763171,0.0
39005,Ashland County,OH,3/16/2026 11:00,0.009713830993316888,0.005641939183354838,0.004557517304476572,0.0
39005,Ashland County,OH,3/16/2026 12:00,0.008123826059055083,0.003141946153987816,0.0030139316899950052,0.0
39005,Ashland County,OH,3/16/2026 13:00,0.006829114849972519,0.0031952700190346094,0.0028106056371823367,0.0
39005,Ashland County,OH,3/16/2026 14:00,0.006289744436930579,0.003989371375229746,0.002698415045950244,0.0
39005,Ashland County,OH,3/16/2026 15:00,0.004906595745559765,0.003386409835273238,0.002232753395183535,0.0
39005,Ashland County,OH,3/16/2026 16:00,0.003331449341189847,0.001385852275547286,0.002499644240142116,0.0
39005,Ashland County,OH,3/16/2026 17:00,0.0026927134813421313,0.0017531312920511996,0.002100582147522353,0.0
39005,Ashland County,OH,3/16/2026 18:00,0.0019121339526699587,0.0014907940162976314,0.001013585772363181,0.0
39005,Ashland County,OH,3/16/2026 19:00,0.002364076328420848,0.001813661559477848,0.0013867430751184232,0.0
39005,Ashland County,OH,3/16/2026 20:00,0.0020100529092482184,0.0020817818585609224,0.0011041358471216413,0.0
39005,Ashland County,OH,3/16/2026 21:00,0.0026607269727586726,0.001829422825950797,0.001101256962922198,0.0
39005,Ashland County,OH,3/16/2026 22:00,0.0028618735105777385,0.0018868073772177881,0.001129439934652658,0.0
39005,Ashland County,OH,3/16/2026 23:00,0.0027355627925783528,0.0015168316463571015,0.001642319272909971,0.0
39005,Ashland County,OH,3/17/2026 0:00,0.002158023970560218,0.002093626586935265,0.0024716851298363022,0.0
39005,Ashland County,OH,3/17/2026 1:00,0.002152681180098645,0.001024677971936698,0.0012741184823061118,0.0
39005,Ashland County,OH,3/17/2026 2:00,0.0017683348458952563,0.0016216571065785753,0.0,0.0
39005,Ashland County,OH,3/17/2026 3:00,0.0016664153852409306,0.0021256753201810506,0.0011960378117396252,0.0
39005,Ashland County,OH,3/17/2026 4:00,0.0016260180647283354,0.0017106523105557935,0.0012033861391540612,0.0
39005,Ashland County,OH,3/17/2026 5:00,0.0023611589194541946,0.0015691192456028455,0.0010597066887797282,0.0
39005,Ashland County,OH,3/17/2026 6:00,0.001475536931459781,0.0018040845251935567,0.0010036298531560545,0.0
39005,Ashland County,OH,3/17/2026 7:00,0.001068289188477425,0.0015661026742459655,0.0011229153365624723,0.0
39005,Ashland County,OH,3/17/2026 8:00,0.0016893262952588379,0.0012207363085858167,0.0011369468492720028,0.0
39005,Ashland County,OH,3/17/2026 9:00,0.0013718320761791556,0.0,0.0011078484372542218,0.0
39005,Ashland County,OH,3/17/2026 10:00,0.0,0.0,0.0011586928976967156,0.0
39005,Ashland County,OH,3/17/2026 11:00,0.0,0.0,0.0010565124898504652,0.0
39005,Ashland County,OH,3/17/2026 12:00,0.0,0.0,0.0,0.0
39005,Ashland County,OH,3/17/2026 13:00,0.005646105500704445,0.0,0.0012124780728287666,0.0
39005,Ashland County,OH,3/17/2026 14:00,0.0059326578887191886,0.0,0.0011637664684136665,0.0
39005,Ashland County,OH,3/17/2026 15:00,0.005839812050861432,0.0,0.0010970446852375845,0.0
39005,Ashland County,OH,3/17/2026 16:00,0.005316903420897452,0.0,0.0011550050709806566,0.0
39005,Ashland County,OH,3/17/2026 17:00,0.0054140492750432406,0.0,0.0,0.0
39005,Ashland County,OH,3/17/2026 18:00,0.005053589340359889,0.0,0.0010594051102997964,0.0
39005,Ashland County,OH,3/17/2026 19:00,0.0027462514092262847,0.0,0.0010519130136172057,0.0
39005,Ashland County,OH,3/17/2026 20:00,0.0,0.0,0.0010752675514240344,0.0
39005,Ashland County,OH,3/17/2026 21:00,0.0,0.0,0.0010736472709863137,0.0
39005,Ashland County,OH,3/17/2026 22:00,0.0,0.0,0.0,0.0
39005,Ashland County,OH,3/17/2026 23:00,0.0,0.0,0.0,0.0
39005,Ashland County,OH,3/18/2026 0:00,0.0,0.0,0.0,
39005,Ashland County,OH,3/18/2026 1:00,0.0,0.0,0.0010839280394253027,
39005,Ashland County,OH,3/18/2026 2:00,0.0,0.0,0.0010708896821863538,
39005,Ashland County,OH,3/18/2026 3:00,0.0,0.0,0.0011575465129605909,
39005,Ashland County,OH,3/18/2026 4:00,0.0,0.0,0.001158951003865756,
39005,Ashland County,OH,3/18/2026 5:00,0.0,0.0,0.0011535770060824777,
39005,Ashland County,OH,3/18/2026 6:00,0.0,0.0,0.0011604970721096157,
39005,Ashland County,OH,3/18/2026 7:00,0.0,0.0,0.0,
39005,Ashland County,OH,3/18/2026 8:00,0.0,0.0,0.0,
39005,Ashland County,OH,3/18/2026 9:00,0.0,0.0,0.0,
39005,Ashland County,OH,3/18/2026 10:00,0.0,0.0,0.0,
39005,Ashland County,OH,3/18/2026 11:00,0.0,0.0,0.0,
39005,Ashland County,OH,3/18/2026 12:00,0.0020580975084065686,0.0,0.0,
39005,Ashland County,OH,3/18/2026 13:00,0.0,0.0,0.0,
39005,Ashland County,OH,3/18/2026 14:00,0.0,0.0,0.0,
39005,Ashland County,OH,3/18/2026 15:00,0.0,0.0,0.0,
39005,Ashland County,OH,3/18/2026 16:00,0.0,0.0,0.0,
39005,Ashland County,OH,3/18/2026 17:00,0.0,0.0,0.0,
39005,Ashland County,OH,3/18/2026 18:00,0.0,0.0,0.0,
39005,Ashland County,OH,3/18/2026 19:00,0.0,0.0,0.0,
39005,Ashland County,OH,3/18/2026 20:00,0.0,0.0,0.0,
39005,Ashland County,OH,3/18/2026 21:00,0.0,0.0,0.0,
39005,Ashland County,OH,3/18/2026 22:00,0.0,0.0,0.0,
39005,Ashland County,OH,3/18/2026 23:00,0.0,0.0,0.0,
39005,Ashland County,OH,3/19/2026 0:00,0.0,0.0,,
39005,Ashland County,OH,3/19/2026 1:00,0.0,0.0,,
39005,Ashland County,OH,3/19/2026 2:00,0.0,0.0,,
39005,Ashland County,OH,3/19/2026 3:00,0.0,0.0,,
39005,Ashland County,OH,3/19/2026 4:00,0.0,0.0,,
39005,Ashland County,OH,3/19/2026 5:00,0.0,0.0,,
39005,Ashland County,OH,3/19/2026 6:00,0.0,0.0,,
39005,Ashland County,OH,3/19/2026 7:00,0.0,0.0,,
39005,Ashland County,OH,3/19/2026 8:00,0.0,0.0,,
39005,Ashland County,OH,3/19/2026 9:00,0.0,0.0,,
39005,Ashland County,OH,3/19/2026 10:00,0.0,0.0,,
39005,Ashland County,OH,3/19/2026 11:00,0.0,0.0,,
39005,Ashland County,OH,3/19/2026 12:00,0.0,0.0,,
39005,Ashland County,OH,3/19/2026 13:00,0.0,0.0,,
39005,Ashland County,OH,3/19/2026 14:00,0.0,0.0,,
39005,Ashland County,OH,3/19/2026 15:00,0.0,0.0,,
39005,Ashland County,OH,3/19/2026 16:00,0.0,0.0,,
39005,Ashland County,OH,3/19/2026 17:00,0.0,0.0,,
39005,Ashland County,OH,3/19/2026 18:00,0.0,,,
39005,Ashland County,OH,3/19/2026 19:00,0.0,,,
39005,Ashland County,OH,3/19/2026 20:00,0.0,,,
39005,Ashland County,OH,3/19/2026 21:00,0.0,,,
39005,Ashland County,OH,3/19/2026 22:00,0.0,,,
39005,Ashland County,OH,3/19/2026 23:00,,,,
39007,Ashtabula County,OH,3/14/2026 0:00,0.06816432258893113,0.0479450597037968,0.006686260028701622,0.01757068916001566
39007,Ashtabula County,OH,3/14/2026 1:00,0.07040232241309467,0.044038111575919185,0.006777967893624514,0.01722443391971668
39007,Ashtabula County,OH,3/14/2026 2:00,0.07306263939264829,0.041141854104638706,0.006130270073616012,0.016654811702755033
39007,Ashtabula County,OH,3/14/2026 3:00,0.07201831022121322,0.039480505990400865,0.0061047539310202315,0.016400527951971423
39007,Ashtabula County,OH,3/14/2026 4:00,0.06490846153431148,0.035663738432488094,0.005456498895388237,0.015901103272722393
39007,Ashtabula County,OH,3/14/2026 5:00,0.06585655186014056,0.03215893834954607,0.005362798219920703,0.015561068565154827
39007,Ashtabula County,OH,3/14/2026 6:00,0.057195230877504194,0.03164300350348462,0.005541539787402488,0.01376336334920034
39007,Ashtabula County,OH,3/14/2026 7:00,0.05114257702724802,0.028511854687784048,0.006025209382554684,0.014012758471000322
39007,Ashtabula County,OH,3/14/2026 8:00,0.05039126184249423,0.023882433019880866,0.006306861426063396,0.014788454511946493
39007,Ashtabula County,OH,3/14/2026 9:00,0.04266326610014239,0.023127910700504257,0.006083959530275655,0.013127740094496194
39007,Ashtabula County,OH,3/14/2026 10:00,0.03907977721991541,0.02227626285573888,0.006454216726004175,0.013757481080446174
39007,Ashtabula County,OH,3/14/2026 11:00,0.033957921334953206,0.019768546157443646,0.00722813602297163,0.01197426262517185
39007,Ashtabula County,OH,3/14/2026 12:00,0.028953228230967472,0.017347629991267897,0.0076099434777069505,0.012365042545512047
39007,Ashtabula County,OH,3/14/2026 13:00,0.027036302858542395,0.015884082483374078,0.007537431880754172,0.011650595200021164
39007,Ashtabula County,OH,3/14/2026 14:00,0.02388383829291696,0.013809349028819156,0.006202793758025997,0.010144908135751815
39007,Ashtabula County,OH,3/14/2026 15:00,0.02029480064947659,0.013173259180924657,0.011959206727680449,0.006275375950713982
39007,Ashtabula County,OH,3/14/2026 16:00,0.015425946483450886,0.01306100618840189,0.010734896957550462,0.0057917410546177725
39007,Ashtabula County,OH,3/14/2026 17:00,0.014320340003540896,0.00963718408970998,0.015249899158338442,0.005151233102368942
39007,Ashtabula County,OH,3/14/2026 18:00,0.013294008521906188,0.00948010096372896,0.015901838240984147,0.0051637148620591045
39007,Ashtabula County,OH,3/14/2026 19:00,0.011589125524108854,0.008585229510730638,0.01503874787470587,0.003973683510267545
39007,Ashtabula County,OH,3/14/2026 20:00,0.011779318786924602,0.008452013232580253,0.010942025552033817,0.0042821563903235795
39007,Ashtabula County,OH,3/14/2026 21:00,0.012234572013423579,0.008927321157385293,0.013348432471889228,0.004096775385191793
39007,Ashtabula County,OH,3/14/2026 22:00,0.010177815407201607,0.0087286887581608,0.013905022910047781,0.003988422058521925
39007,Ashtabula County,OH,3/14/2026 23:00,0.009896152960246714,0.00894038031346699,0.01371970256316556,0.0037436758045989982
39007,Ashtabula County,OH,3/15/2026 0:00,0.007513562484881632,0.009618941455025072,0.01312711049543725,0.004191187220725606
39007,Ashtabula County,OH,3/15/2026 1:00,0.007993004383803608,0.009357739516118506,0.011474483419611227,0.0036076941993120567
39007,Ashtabula County,OH,3/15/2026 2:00,0.008044358203994136,0.010183085067121359,0.011360688981927672,0.004859542172422297
39007,Ashtabula County,OH,3/15/2026 3:00,0.007702213499629973,0.009756954844592948,0.010690613857631544,0.003077363707290396
39007,Ashtabula County,OH,3/15/2026 4:00,0.007583667888748959,0.009713520859427307,0.011248346802791529,0.0017730944551206736
39007,Ashtabula County,OH,3/15/2026 5:00,0.007753035240063622,0.01007624606783713,0.011473233447236369,0.0018790359965040102
39007,Ashtabula County,OH,3/15/2026 6:00,0.007368112577413133,0.00986187196217777,0.011796758925093142,0.0017901007238628269
39007,Ashtabula County,OH,3/15/2026 7:00,0.008457988502728187,0.009652300432286496,0.012370735550424164,0.0018580100272980046
39007,Ashtabula County,OH,3/15/2026 8:00,0.0076919085046546435,0.010879559656706323,0.011227922960627437,0.001405575979588384
39007,Ashtabula County,OH,3/15/2026 9:00,0.007308959912115952,0.01730144095875627,0.01282796119960404,0.002002245821957774
39007,Ashtabula County,OH,3/15/2026 10:00,0.00900526193240723,0.01923864829855673,0.010445713502161398,0.0018160243722163312
39007,Ashtabula County,OH,3/15/2026 11:00,0.00798901041641229,0.01923076383659678,0.010589389990051221,0.001811044723682207
39007,Ashtabula County,OH,3/15/2026 12:00,0.007971463106092888,0.019837061438069105,0.010062092849240404,0.0019169850088345294
39007,Ashtabula County,OH,3/15/2026 13:00,0.011915429824072279,0.020546996980778352,0.006771187112652742,0.0017937241661711643
39007,Ashtabula County,OH,3/15/2026 14:00,0.013604812864810571,0.020540480660429735,0.005418007208601827,0.001933020030899915
39007,Ashtabula County,OH,3/15/2026 15:00,0.018108629948154216,0.01940383354469084,0.006002690404052265,0.001710507439431366
39007,Ashtabula County,OH,3/15/2026 16:00,0.014250877403855743,0.02055167360234553,0.005496052114397256,0.0010339635802748867
39007,Ashtabula County,OH,3/15/2026 17:00,0.01763822245393013,0.020905232166309167,0.005554033292343246,0.0012052265478800365
39007,Ashtabula County,OH,3/15/2026 18:00,0.01863058741835546,0.020633117235435695,0.004974855658140393,0.0
39007,Ashtabula County,OH,3/15/2026 19:00,0.019071982018395828,0.018719118538912498,0.004688636230122435,0.0
39007,Ashtabula County,OH,3/15/2026 20:00,0.020768808209688655,0.01856265497433152,0.004949728065426941,0.0
39007,Ashtabula County,OH,3/15/2026 21:00,0.023904595413418932,0.015471678621410724,0.00335753734538602,0.0
39007,Ashtabula County,OH,3/15/2026 22:00,0.02085150369985463,0.017300765210487103,0.0033420076910697966,0.0
39007,Ashtabula County,OH,3/15/2026 23:00,0.020658543642514307,0.015609352327689412,0.00289798642604519,0.0
39007,Ashtabula County,OH,3/16/2026 0:00,0.020234181006186503,0.016042358358014135,0.003247123831051889,0.0
39007,Ashtabula County,OH,3/16/2026 1:00,0.019474262909787193,0.013890353559500499,0.002977707366932792,0.002140348830542722
39007,Ashtabula County,OH,3/16/2026 2:00,0.017123411871670588,0.015039372731285855,0.0028160016369662847,0.0
39007,Ashtabula County,OH,3/16/2026 3:00,0.01655658196878322,0.014150296665168044,0.0028056237252599807,0.0
39007,Ashtabula County,OH,3/16/2026 4:00,0.015488989169600174,0.010390819635620035,0.002509159668966644,0.0
39007,Ashtabula County,OH,3/16/2026 5:00,0.016613752630333965,0.010545616173966994,0.0028078782602393953,0.00224273459577248
39007,Ashtabula County,OH,3/16/2026 6:00,0.014916353156105578,0.010197384552197077,0.0027836318478776144,0.0
39007,Ashtabula County,OH,3/16/2026 7:00,0.012839342748197778,0.011220315455417802,0.0033019917738750727,0.0
39007,Ashtabula County,OH,3/16/2026 8:00,0.014442871341933582,0.009350127309422177,0.0027758681679772783,0.0
39007,Ashtabula County,OH,3/16/2026 9:00,0.008118148736750803,0.006990378759577703,0.0025684770683340173,0.0
39007,Ashtabula County,OH,3/16/2026 10:00,0.007552133765008601,0.006461015815243207,0.002601966627090103,0.002641701985941664
39007,Ashtabula County,OH,3/16/2026 11:00,0.00678890217841802,0.006175099715423388,0.0020156575764011457,0.0026468099384242064
39007,Ashtabula County,OH,3/16/2026 12:00,0.006779946133575346,0.005716329972788236,0.0013277463412489047,0.002240766891413832
39007,Ashtabula County,OH,3/16/2026 13:00,0.005491198611794996,0.00569596589843489,0.002046855278321683,0.0030918084475700406
39007,Ashtabula County,OH,3/16/2026 14:00,0.005647587637568394,0.004345231269586245,0.0017370064519757107,0.00707963072767817
39007,Ashtabula County,OH,3/16/2026 15:00,0.005169347704715895,0.004098421398378671,0.0012531241322911524,0.003183007697438743
39007,Ashtabula County,OH,3/16/2026 16:00,0.0038213100203054193,0.004068472910363005,0.0,0.0
39007,Ashtabula County,OH,3/16/2026 17:00,0.005140725925440037,0.004032390683097414,0.0,0.0
39007,Ashtabula County,OH,3/16/2026 18:00,0.0039111871086348615,0.00439909543032133,0.0,0.0
39007,Ashtabula County,OH,3/16/2026 19:00,0.004053126490106133,0.004169422814906398,0.0,0.0
39007,Ashtabula County,OH,3/16/2026 20:00,0.0036875518286623274,0.004765341625499773,0.0,0.0
39007,Ashtabula County,OH,3/16/2026 21:00,0.003190278274378776,0.004944660936837753,0.0,0.0
39007,Ashtabula County,OH,3/16/2026 22:00,0.0030394681946497616,0.004193837654639751,0.0,0.0
39007,Ashtabula County,OH,3/16/2026 23:00,0.0034833740338057907,0.0034609495087695704,0.0,0.0
39007,Ashtabula County,OH,3/17/2026 0:00,0.005467397235957724,0.003084189483094053,0.0,0.0
39007,Ashtabula County,OH,3/17/2026 1:00,0.0031847660400819667,0.0032178855432791064,0.0,0.0
39007,Ashtabula County,OH,3/17/2026 2:00,0.003902165599963049,0.0030583908565718866,0.0,0.0
39007,Ashtabula County,OH,3/17/2026 3:00,0.0031614600353437675,0.00199536007820402,0.0,0.001004563330260482
39007,Ashtabula County,OH,3/17/2026 4:00,0.0028879269995460933,0.0023340815277685064,0.0,0.0
39007,Ashtabula County,OH,3/17/2026 5:00,0.0026216119864904477,0.002468765940830328,0.0,0.0
39007,Ashtabula County,OH,3/17/2026 6:00,0.002601572553608644,0.0028577858222771984,0.0,0.0
39007,Ashtabula County,OH,3/17/2026 7:00,0.001386301108072226,0.002229742131247537,0.0,0.0
39007,Ashtabula County,OH,3/17/2026 8:00,0.0017028238083575161,0.0019228528537235004,0.0,0.0
39007,Ashtabula County,OH,3/17/2026 9:00,0.0011768454267216065,0.001421560591919831,0.002111457804804624,0.0
39007,Ashtabula County,OH,3/17/2026 10:00,0.0010447287146413636,0.0010649148497623234,0.0027811577471419714,0.0
39007,Ashtabula County,OH,3/17/2026 11:00,0.0,0.0,0.0032460606161018426,0.0
39007,Ashtabula County,OH,3/17/2026 12:00,0.0011772132954976295,0.0,0.003254550726276649,0.0
39007,Ashtabula County,OH,3/17/2026 13:00,0.0010425522304561455,0.0,0.0032661663861294596,0.0
39007,Ashtabula County,OH,3/17/2026 14:00,0.0,0.0,0.003236274267515445,0.0
39007,Ashtabula County,OH,3/17/2026 15:00,0.0,0.0,0.004400976605131568,0.0
39007,Ashtabula County,OH,3/17/2026 16:00,0.0,0.0,0.0031180447131265994,0.0
39007,Ashtabula County,OH,3/17/2026 17:00,0.0,0.0,0.003114599398946281,0.0
39007,Ashtabula County,OH,3/17/2026 18:00,0.0,0.0,0.00269683167731757,0.0
39007,Ashtabula County,OH,3/17/2026 19:00,0.0,0.0,0.0,0.0
39007,Ashtabula County,OH,3/17/2026 20:00,0.0,0.0,0.0,0.0
39007,Ashtabula County,OH,3/17/2026 21:00,0.001186137502605304,0.0,0.0016081145530965045,0.0
39007,Ashtabula County,OH,3/17/2026 22:00,0.0015468560309162887,0.0,0.001616982548930252,0.0
39007,Ashtabula County,OH,3/17/2026 23:00,0.0015210587191708351,0.0,0.0016188818536622125,0.0
39007,Ashtabula County,OH,3/18/2026 0:00,0.0010315900741813995,0.0,0.0020210240382305543,
39007,Ashtabula County,OH,3/18/2026 1:00,0.0,0.0,0.0,
39007,Ashtabula County,OH,3/18/2026 2:00,0.0,0.0,0.0,
39007,Ashtabula County,OH,3/18/2026 3:00,0.0,0.0,0.0,
39007,Ashtabula County,OH,3/18/2026 4:00,0.0,0.0010530933862740242,0.0,
39007,Ashtabula County,OH,3/18/2026 5:00,0.0,0.0,0.0,
39007,Ashtabula County,OH,3/18/2026 6:00,0.0,0.0014229603480234887,0.0,
39007,Ashtabula County,OH,3/18/2026 7:00,0.0014199521405179362,0.0013070594268281021,0.0,
39007,Ashtabula County,OH,3/18/2026 8:00,0.001457321266718216,0.0019668836646427436,0.0,
39007,Ashtabula County,OH,3/18/2026 9:00,0.0016942545110356418,0.0013813543933639213,0.0,
39007,Ashtabula County,OH,3/18/2026 10:00,0.004408718395131551,0.001725049964712385,0.0,
39007,Ashtabula County,OH,3/18/2026 11:00,0.001640744796031593,0.0,0.0,
39007,Ashtabula County,OH,3/18/2026 12:00,0.0015082689401406894,0.0,0.0017634208313775453,
39007,Ashtabula County,OH,3/18/2026 13:00,0.0012635989193398463,0.0,0.0017551928072802676,
39007,Ashtabula County,OH,3/18/2026 14:00,0.0011795303918070625,0.0,0.0017579343602657713,
39007,Ashtabula County,OH,3/18/2026 15:00,0.006349775682037603,0.0,0.0020282471293579713,
39007,Ashtabula County,OH,3/18/2026 16:00,0.0016259003644245697,0.0,0.0017369335685930708,
39007,Ashtabula County,OH,3/18/2026 17:00,0.0,0.0,0.0017328902301882339,
39007,Ashtabula County,OH,3/18/2026 18:00,0.0,0.0,0.0,
39007,Ashtabula County,OH,3/18/2026 19:00,0.0,0.0,0.0,
39007,Ashtabula County,OH,3/18/2026 20:00,0.0,0.0,0.0,
39007,Ashtabula County,OH,3/18/2026 21:00,0.0,0.0,0.0,
39007,Ashtabula County,OH,3/18/2026 22:00,0.0,0.0,0.0,
39007,Ashtabula County,OH,3/18/2026 23:00,0.0,0.0,0.0,
39007,Ashtabula County,OH,3/19/2026 0:00,0.0,0.0,,
39007,Ashtabula County,OH,3/19/2026 1:00,0.0,0.0,,
39007,Ashtabula County,OH,3/19/2026 2:00,0.0,0.0,,
39007,Ashtabula County,OH,3/19/2026 3:00,0.0,0.0,,
39007,Ashtabula County,OH,3/19/2026 4:00,0.0,0.0,,
39007,Ashtabula County,OH,3/19/2026 5:00,0.0,0.0,,
39007,Ashtabula County,OH,3/19/2026 6:00,0.0,0.0,,
39007,Ashtabula County,OH,3/19/2026 7:00,0.0,0.0,,
39007,Ashtabula County,OH,3/19/2026 8:00,0.0,0.0,,
39007,Ashtabula County,OH,3/19/2026 9:00,0.0,0.0,,
39007,Ashtabula County,OH,3/19/2026 10:00,0.0,0.0,,
39007,Ashtabula County,OH,3/19/2026 11:00,0.0,0.0011769048274028926,,
39007,Ashtabula County,OH,3/19/2026 12:00,0.0,0.0,,
39007,Ashtabula County,OH,3/19/2026 13:00,0.0,0.0,,
39007,Ashtabula County,OH,3/19/2026 14:00,0.0,0.0,,
39007,Ashtabula County,OH,3/19/2026 15:00,0.0,0.001205750803644327,,
39007,Ashtabula County,OH,3/19/2026 16:00,0.0,0.0,,
39007,Ashtabula County,OH,3/19/2026 17:00,0.0,0.0,,
39007,Ashtabula County,OH,3/19/2026 18:00,0.0,,,
39007,Ashtabula County,OH,3/19/2026 19:00,0.0,,,
39007,Ashtabula County,OH,3/19/2026 20:00,0.0,,,
39007,Ashtabula County,OH,3/19/2026 21:00,0.0,,,
39007,Ashtabula County,OH,3/19/2026 22:00,0.0,,,
39007,Ashtabula County,OH,3/19/2026 23:00,,,,
39009,Athens County,OH,3/14/2026 0:00,0.00356351814094536,0.0011312374906107133,0.0,0.0016771077369276506
39009,Athens County,OH,3/14/2026 1:00,0.0032217976070050983,0.0011021684200957095,0.0,0.001360532571723068
39009,Athens County,OH,3/14/2026 2:00,0.003482866794312366,0.0011165563102336327,0.0,0.0014310565372930317
39009,Athens County,OH,3/14/2026 3:00,0.003231614006235349,0.0014302048966215164,0.0,0.00146632632297125
39009,Athens County,OH,3/14/2026 4:00,0.003029403211775157,0.0014265936083045128,0.0,0.0015966689299517184
39009,Athens County,OH,3/14/2026 5:00,0.002875730600994061,0.0012201827792569957,0.0,0.002456716998245296
39009,Athens County,OH,3/14/2026 6:00,0.0027049102039330207,0.0,0.0,0.0027480162982601074
39009,Athens County,OH,3/14/2026 7:00,0.0022014631896331172,0.0,0.0,0.003336947600893171
39009,Athens County,OH,3/14/2026 8:00,0.0017848981649839786,0.0,0.0,0.003199283394234814
39009,Athens County,OH,3/14/2026 9:00,0.001913393159805516,0.0,0.0,0.0032750136991012047
39009,Athens County,OH,3/14/2026 10:00,0.0015120930716915454,0.0,0.0,0.0035135936504460752
39009,Athens County,OH,3/14/2026 11:00,0.0014268217870926818,0.0,0.001595270704555616,0.003259176409490565
39009,Athens County,OH,3/14/2026 12:00,0.0014819460176175236,0.0,0.001845501274277006,0.0028381929466632207
39009,Athens County,OH,3/14/2026 13:00,0.0011858031417144145,0.0,0.002570952231351009,0.0018197957378222086
39009,Athens County,OH,3/14/2026 14:00,0.0,0.0,0.0031277367778953106,0.0021897310037689625
39009,Athens County,OH,3/14/2026 15:00,0.0,0.0,0.003197707302654363,0.0017847020377780509
39009,Athens County,OH,3/14/2026 16:00,0.0,0.0,0.002468380875563418,0.0015878687623384262
39009,Athens County,OH,3/14/2026 17:00,0.0,0.0,0.0029499230634618184,0.0017271785597808887
39009,Athens County,OH,3/14/2026 18:00,0.0,0.0,0.0032627099989294226,0.0020669247186122963
39009,Athens County,OH,3/14/2026 19:00,0.0,0.0,0.003482909795756687,0.00189981761962385
39009,Athens County,OH,3/14/2026 20:00,0.0,0.0,0.0022048366016048076,0.0019426944476004882
39009,Athens County,OH,3/14/2026 21:00,0.0,0.0,0.0017122260241359505,0.0019927298233350715
39009,Athens County,OH,3/14/2026 22:00,0.0,0.0,0.0013636995562262644,0.001987541899121765
39009,Athens County,OH,3/14/2026 23:00,0.0,0.0,0.0013785962942600117,0.0017520564477411292
39009,Athens County,OH,3/15/2026 0:00,0.0,0.0,0.0012421580330551135,0.0017035745978497498
39009,Athens County,OH,3/15/2026 1:00,0.0,0.0,0.0015499241808330842,0.0017281909194179826
39009,Athens County,OH,3/15/2026 2:00,0.0,0.0,0.001385073087455968,0.0015250674300383304
39009,Athens County,OH,3/15/2026 3:00,0.0,0.0,0.0,0.0012508930256053393
39009,Athens County,OH,3/15/2026 4:00,0.0,0.0,0.0011350798503449078,0.001023858184862383
39009,Athens County,OH,3/15/2026 5:00,0.0,0.0,0.0019041026981521578,0.0
39009,Athens County,OH,3/15/2026 6:00,0.0,0.0,0.0019235413498728143,0.001590797342006766
39009,Athens County,OH,3/15/2026 7:00,0.0,0.0,0.00194915884620799,0.001695252504926855
39009,Athens County,OH,3/15/2026 8:00,0.0,0.0013314684695881738,0.005328271050762889,0.0
39009,Athens County,OH,3/15/2026 9:00,0.0,0.0018700524742656913,0.001713719644816061,0.0
39009,Athens County,OH,3/15/2026 10:00,0.0,0.0024151363975058733,0.002320067726954522,0.0
39009,Athens County,OH,3/15/2026 11:00,0.0,0.002824211238620506,0.0014390416259511052,0.0010216191656420067
39009,Athens County,OH,3/15/2026 12:00,0.0017739305606618006,0.0029291126162546695,0.0018610158591346514,0.001015284372614133
39009,Athens County,OH,3/15/2026 13:00,0.0021123587746622336,0.0030841427001156575,0.0,0.0
39009,Athens County,OH,3/15/2026 14:00,0.0021512742398831623,0.0020258068805529563,0.0,0.0
39009,Athens County,OH,3/15/2026 15:00,0.0019001148336157759,0.0013971035971612196,0.00115297572030848,0.0
39009,Athens County,OH,3/15/2026 16:00,0.0014211845467321138,0.00111929630920549,0.0,0.0
39009,Athens County,OH,3/15/2026 17:00,0.0016136505700119947,0.00111929630920549,0.0,0.0
39009,Athens County,OH,3/15/2026 18:00,0.001644471900718538,0.0010062024580005146,0.0015389181864771187,0.0
39009,Athens County,OH,3/15/2026 19:00,0.0011299227890239419,0.0,0.0011177368978591497,0.0
39009,Athens County,OH,3/15/2026 20:00,0.001504717802735957,0.0011069561197674614,0.0030234434154400775,0.0
39009,Athens County,OH,3/15/2026 21:00,0.001292613162609902,0.0,0.0041162667216733196,0.0
39009,Athens County,OH,3/15/2026 22:00,0.0011146769312352473,0.0,0.0036371682657629356,0.0
39009,Athens County,OH,3/15/2026 23:00,0.0012801616572306925,0.0020601964100201283,0.004823316362781588,0.0
39009,Athens County,OH,3/16/2026 0:00,0.0,0.001993444005847052,0.0042867778836532654,0.0
39009,Athens County,OH,3/16/2026 1:00,0.0,0.0021084500031392692,0.0033382698196522,0.0
39009,Athens County,OH,3/16/2026 2:00,0.0,0.0031805019671017334,0.00132976030275193,0.0
39009,Athens County,OH,3/16/2026 3:00,0.0,0.0038279901755903785,0.0013853383961774132,0.0
39009,Athens County,OH,3/16/2026 4:00,0.003133910844690339,0.004178296722265579,0.0013743556763623761,0.0
39009,Athens County,OH,3/16/2026 5:00,0.0032420466152649607,0.00323877034613523,0.0,0.0
39009,Athens County,OH,3/16/2026 6:00,0.002391690668121052,0.003130015968371624,0.001337966657097385,0.0
39009,Athens County,OH,3/16/2026 7:00,0.005676014659099031,0.003630527397231441,0.0016602732932193746,0.0
39009,Athens County,OH,3/16/2026 8:00,0.007631234503887435,0.002439533783637304,0.001745057906262714,0.0
39009,Athens County,OH,3/16/2026 9:00,0.005533263857455955,0.0022041067020766663,0.0013276137277357164,0.0
39009,Athens County,OH,3/16/2026 10:00,0.0026311408213498294,0.0015533199294557635,0.0,0.0025827931143286307
39009,Athens County,OH,3/16/2026 11:00,0.0018012337103875196,0.0016494049749086752,0.0013248143939041167,0.00315630533665523
39009,Athens County,OH,3/16/2026 12:00,0.0011973077710459123,0.002303646265278474,0.001205624242649882,0.003198417880473946
39009,Athens County,OH,3/16/2026 13:00,0.0012630065459719442,0.002507686966989939,0.0,0.0019821227856977913
39009,Athens County,OH,3/16/2026 14:00,0.0010121498327773475,0.0035185821495319278,0.0,0.0013870828936296893
39009,Athens County,OH,3/16/2026 15:00,0.0,0.0034883414268694945,0.0,0.0
39009,Athens County,OH,3/16/2026 16:00,0.0015608896400412305,0.0035340516467477876,0.0,0.0
39009,Athens County,OH,3/16/2026 17:00,0.0015950977451999497,0.003313538141143419,0.0,0.0
39009,Athens County,OH,3/16/2026 18:00,0.003863521758162407,0.0017024248360555528,0.0,0.0
39009,Athens County,OH,3/16/2026 19:00,0.003689703089038469,0.0012408306764655752,0.0,0.0
39009,Athens County,OH,3/16/2026 20:00,0.0013365906084648158,0.001117482436392449,0.0,0.0
39009,Athens County,OH,3/16/2026 21:00,0.0016458252043956585,0.0011037335040177565,0.0,0.0
39009,Athens County,OH,3/16/2026 22:00,0.0015148260476880167,0.0010540634779924961,0.0,0.0
39009,Athens County,OH,3/16/2026 23:00,0.0013494588067639154,0.0,0.0,0.0
39009,Athens County,OH,3/17/2026 0:00,0.0013032076030306816,0.0,0.0,0.0
39009,Athens County,OH,3/17/2026 1:00,0.0015272067241206876,0.0,0.0,0.0
39009,Athens County,OH,3/17/2026 2:00,0.002670307261659842,0.0,0.0,0.0
39009,Athens County,OH,3/17/2026 3:00,0.0,0.0,0.0,0.0
39009,Athens County,OH,3/17/2026 4:00,0.0,0.0,0.0,0.0
39009,Athens County,OH,3/17/2026 5:00,0.0,0.0,0.0,0.0
39009,Athens County,OH,3/17/2026 6:00,0.0,0.0,0.0,0.0
39009,Athens County,OH,3/17/2026 7:00,0.0,0.0,0.0,0.0
39009,Athens County,OH,3/17/2026 8:00,0.0027574465144097633,0.0,0.0,0.0
39009,Athens County,OH,3/17/2026 9:00,0.002596801127680766,0.0,0.0,0.0
39009,Athens County,OH,3/17/2026 10:00,0.0023193784008988328,0.0,0.0,0.0
39009,Athens County,OH,3/17/2026 11:00,0.0,0.0,0.0,0.0
39009,Athens County,OH,3/17/2026 12:00,0.0,0.0,0.0,0.0
39009,Athens County,OH,3/17/2026 13:00,0.0,0.0,0.0,0.0
39009,Athens County,OH,3/17/2026 14:00,0.0,0.0,0.0,0.0
39009,Athens County,OH,3/17/2026 15:00,0.0,0.0,0.0,0.0
39009,Athens County,OH,3/17/2026 16:00,0.0,0.0,0.0,0.0
39009,Athens County,OH,3/17/2026 17:00,0.0,0.0,0.0,0.0
39009,Athens County,OH,3/17/2026 18:00,0.0,0.0,0.0,0.0
39009,Athens County,OH,3/17/2026 19:00,0.0,0.0,0.0,0.0
39009,Athens County,OH,3/17/2026 20:00,0.0,0.0,0.0,0.0
39009,Athens County,OH,3/17/2026 21:00,0.0,0.0,0.0,0.0
39009,Athens County,OH,3/17/2026 22:00,0.0,0.0,0.0,0.0
39009,Athens County,OH,3/17/2026 23:00,0.0,0.0,0.0,0.0
39009,Athens County,OH,3/18/2026 0:00,0.0,0.0,0.0,
39009,Athens County,OH,3/18/2026 1:00,0.0,0.0,0.0,
39009,Athens County,OH,3/18/2026 2:00,0.0,0.0,0.0,
39009,Athens County,OH,3/18/2026 3:00,0.0,0.0,0.0,
39009,Athens County,OH,3/18/2026 4:00,0.0,0.0011391575843150376,0.0,
39009,Athens County,OH,3/18/2026 5:00,0.0,0.0018598968076705676,0.0,
39009,Athens County,OH,3/18/2026 6:00,0.0,0.0018598968076705676,0.0,
39009,Athens County,OH,3/18/2026 7:00,0.0,0.0,0.0,
39009,Athens County,OH,3/18/2026 8:00,0.0,0.0,0.0,
39009,Athens County,OH,3/18/2026 9:00,0.0,0.0,0.0,
39009,Athens County,OH,3/18/2026 10:00,0.0,0.0,0.0,
39009,Athens County,OH,3/18/2026 11:00,0.0,0.0,0.0,
39009,Athens County,OH,3/18/2026 12:00,0.0,0.0,0.0,
39009,Athens County,OH,3/18/2026 13:00,0.0,0.0,0.0,
39009,Athens County,OH,3/18/2026 14:00,0.0,0.0,0.0,
39009,Athens County,OH,3/18/2026 15:00,0.0,0.0,0.0,
39009,Athens County,OH,3/18/2026 16:00,0.0,0.0,0.0,
39009,Athens County,OH,3/18/2026 17:00,0.0,0.0,0.0,
39009,Athens County,OH,3/18/2026 18:00,0.0,0.0,0.0,
39009,Athens County,OH,3/18/2026 19:00,0.0,0.0,0.0,
39009,Athens County,OH,3/18/2026 20:00,0.0,0.0,0.0,
39009,Athens County,OH,3/18/2026 21:00,0.0,0.0,0.0,
39009,Athens County,OH,3/18/2026 22:00,0.0,0.0,0.0,
39009,Athens County,OH,3/18/2026 23:00,0.0,0.0,0.0,
39009,Athens County,OH,3/19/2026 0:00,0.0,0.0,,
39009,Athens County,OH,3/19/2026 1:00,0.0,0.0,,
39009,Athens County,OH,3/19/2026 2:00,0.0,0.0,,
39009,Athens County,OH,3/19/2026 3:00,0.0,0.0,,
39009,Athens County,OH,3/19/2026 4:00,0.0,0.0,,
39009,Athens County,OH,3/19/2026 5:00,0.0,0.0,,
39009,Athens County,OH,3/19/2026 6:00,0.0,0.0,,
39009,Athens County,OH,3/19/2026 7:00,0.0,0.0,,
39009,Athens County,OH,3/19/2026 8:00,0.0,0.0,,
39009,Athens County,OH,3/19/2026 9:00,0.0,0.0,,
39009,Athens County,OH,3/19/2026 10:00,0.0,0.0,,
39009,Athens County,OH,3/19/2026 11:00,0.0,0.0,,
39009,Athens County,OH,3/19/2026 12:00,0.0,0.0,,
39009,Athens County,OH,3/19/2026 13:00,0.0,0.0,,
39009,Athens County,OH,3/19/2026 14:00,0.0,0.0,,
39009,Athens County,OH,3/19/2026 15:00,0.0,0.0,,
39009,Athens County,OH,3/19/2026 16:00,0.0,0.0,,
39009,Athens County,OH,3/19/2026 17:00,0.0,0.0,,
39009,Athens County,OH,3/19/2026 18:00,0.0,,,
39009,Athens County,OH,3/19/2026 19:00,0.0,,,
39009,Athens County,OH,3/19/2026 20:00,0.0,,,
39009,Athens County,OH,3/19/2026 21:00,0.0,,,
39009,Athens County,OH,3/19/2026 22:00,0.0,,,
39009,Athens County,OH,3/19/2026 23:00,,,,
39011,Auglaize County,OH,3/14/2026 0:00,0.03431760779358259,0.030545338203877295,0.005390545021272563,0.004992649781797809
39011,Auglaize County,OH,3/14/2026 1:00,0.034580898393879275,0.029349648462688102,0.004653018304588844,0.004702469320714694
39011,Auglaize County,OH,3/14/2026 2:00,0.03240829792312522,0.03003980202217241,0.003964819169338532,0.005393218244972952
39011,Auglaize County,OH,3/14/2026 3:00,0.03273544844800583,0.02655447609696554,0.0036730581139935107,0.004722669170769268
39011,Auglaize County,OH,3/14/2026 4:00,0.033692303280774855,0.025276471164454566,0.003968252764828308,0.004658227431780691
39011,Auglaize County,OH,3/14/2026 5:00,0.0329619084722786,0.019247629583362135,0.003096933921260979,0.00484557009477669
39011,Auglaize County,OH,3/14/2026 6:00,0.0310249583502871,0.019210310442668525,0.0030630475588803636,0.00378955477465902
39011,Auglaize County,OH,3/14/2026 7:00,0.033368633103804377,0.01850518000639181,0.003042206672377518,0.0036648135028517297
39011,Auglaize County,OH,3/14/2026 8:00,0.026087979649729538,0.017404140987913017,0.003269142269624013,0.003416909892805707
39011,Auglaize County,OH,3/14/2026 9:00,0.020868495804986148,0.016212951689136196,0.0031413104497949743,0.003534479168101337
39011,Auglaize County,OH,3/14/2026 10:00,0.01723077151037995,0.013800375849532587,0.0029838678695214334,0.003717269272527896
39011,Auglaize County,OH,3/14/2026 11:00,0.01865054064982749,0.01308180999035517,0.0032695166439277233,0.0020912941567887535
39011,Auglaize County,OH,3/14/2026 12:00,0.017244737211556567,0.0103989756791569,0.004393015714505369,0.0016223925593763832
39011,Auglaize County,OH,3/14/2026 13:00,0.01600992704896864,0.008389650117710217,0.005224250916873778,0.0016002000137915195
39011,Auglaize County,OH,3/14/2026 14:00,0.013925951935579599,0.007043472126220847,0.005875696906806911,0.0013683340615362831
39011,Auglaize County,OH,3/14/2026 15:00,0.013775175659520163,0.006849828813281806,0.006749785012579459,0.001426817856712253
39011,Auglaize County,OH,3/14/2026 16:00,0.013220766076470599,0.006814587749035194,0.006944901151815283,0.0012455415512665682
39011,Auglaize County,OH,3/14/2026 17:00,0.011288594662538766,0.005881792233041005,0.006570394466881069,0.0012403082843646593
39011,Auglaize County,OH,3/14/2026 18:00,0.008168153715237882,0.005141629577695615,0.006260705552499424,0.0012313467170611333
39011,Auglaize County,OH,3/14/2026 19:00,0.006871118194012606,0.004670964802806592,0.005510825846855474,0.0012238790317999687
39011,Auglaize County,OH,3/14/2026 20:00,0.0063055826275977035,0.004530943310654231,0.005342892760299821,0.0
39011,Auglaize County,OH,3/14/2026 21:00,0.005325108923954601,0.004112979483622427,0.004714511335649266,0.0
39011,Auglaize County,OH,3/14/2026 22:00,0.004775334643489537,0.004323241236776393,0.0047883544851160895,0.0
39011,Auglaize County,OH,3/14/2026 23:00,0.004512839910225809,0.004314827675500092,0.005468712445325276,0.0
39011,Auglaize County,OH,3/15/2026 0:00,0.004499973335126374,0.004132319769971762,0.005246039042286826,0.0
39011,Auglaize County,OH,3/15/2026 1:00,0.0041646245409347514,0.004821597133265173,0.008315969096767718,0.0
39011,Auglaize County,OH,3/15/2026 2:00,0.0046512623467477735,0.005042232152104815,0.008005270929757271,0.0
39011,Auglaize County,OH,3/15/2026 3:00,0.004028400265175748,0.0052432062435234005,0.007558805937924897,0.0
39011,Auglaize County,OH,3/15/2026 4:00,0.004181401581440732,0.005319662587651674,0.006811454018258663,0.0
39011,Auglaize County,OH,3/15/2026 5:00,0.0039000347146926177,0.004452535506868767,0.006971657921171893,0.0
39011,Auglaize County,OH,3/15/2026 6:00,0.003791184671995297,0.005311968273618965,0.006769626798345951,0.0
39011,Auglaize County,OH,3/15/2026 7:00,0.003610546070603121,0.004995314534287109,0.0066656785132416805,0.0
39011,Auglaize County,OH,3/15/2026 8:00,0.003889421446819276,0.005268651039809965,0.005427876796075155,0.0
39011,Auglaize County,OH,3/15/2026 9:00,0.0034461054450091026,0.00534104540680159,0.005428888699371935,0.0
39011,Auglaize County,OH,3/15/2026 10:00,0.003468928856759028,0.005823663076622017,0.0052709616390689325,0.0
39011,Auglaize County,OH,3/15/2026 11:00,0.0035076163885455385,0.0069101991464924906,0.003979442694701725,0.0
39011,Auglaize County,OH,3/15/2026 12:00,0.004819903872616207,0.005766577291914652,0.0030296348659676897,0.0
39011,Auglaize County,OH,3/15/2026 13:00,0.00493297595904725,0.005110214298893535,0.0022128886841196542,0.0
39011,Auglaize County,OH,3/15/2026 14:00,0.005107464092872655,0.005408124209002672,0.002287865197409458,0.001179038627667077
39011,Auglaize County,OH,3/15/2026 15:00,0.005210922205473344,0.0051252904824934786,0.0017873044262938255,0.0
39011,Auglaize County,OH,3/15/2026 16:00,0.005697097426855947,0.00518395786437269,0.0015441490058311083,0.0
39011,Auglaize County,OH,3/15/2026 17:00,0.005066787311264613,0.005119379770645627,0.0014039372196378872,0.0
39011,Auglaize County,OH,3/15/2026 18:00,0.0037876882307895663,0.0046455179463433995,0.0018366476257766274,0.0
39011,Auglaize County,OH,3/15/2026 19:00,0.004190864800612065,0.005312737140223788,0.0017306404034426839,0.001318300212621313
39011,Auglaize County,OH,3/15/2026 20:00,0.0037911909189596647,0.0047131138554209135,0.0012964095828706939,0.0
39011,Auglaize County,OH,3/15/2026 21:00,0.0038522515463787045,0.005137267750085823,0.0015038135794790024,0.0
39011,Auglaize County,OH,3/15/2026 22:00,0.004148757381780875,0.0051239232096808906,0.0012354787417208036,0.0
39011,Auglaize County,OH,3/15/2026 23:00,0.004051983396997835,0.005244697487473368,0.0016203319059490383,0.0
39011,Auglaize County,OH,3/16/2026 0:00,0.003973795122272201,0.004776557816661706,0.0012231743003138288,0.0
39011,Auglaize County,OH,3/16/2026 1:00,0.008113609770547196,0.004439028328267883,0.0010459045436729377,0.0
39011,Auglaize County,OH,3/16/2026 2:00,0.0063047222389476425,0.004964863258347802,0.001275958838072158,0.0
39011,Auglaize County,OH,3/16/2026 3:00,0.005452831838668269,0.005028355185717505,0.0014582759352747053,0.0
39011,Auglaize County,OH,3/16/2026 4:00,0.004265663928069995,0.003221914184689252,0.0017470598927821661,0.0
39011,Auglaize County,OH,3/16/2026 5:00,0.004593101681703855,0.0028336238106472554,0.0018697155039968719,0.0
39011,Auglaize County,OH,3/16/2026 6:00,0.004461563844903521,0.0029263664722650965,0.001990725757887714,0.0
39011,Auglaize County,OH,3/16/2026 7:00,0.0034929803819265357,0.0030227957607322064,0.0018178998610651142,0.0
39011,Auglaize County,OH,3/16/2026 8:00,0.005540913121641268,0.0018937615587016952,0.0019425808619606467,0.0
39011,Auglaize County,OH,3/16/2026 9:00,0.004981240338207056,0.002219240862526473,0.0025855119934220907,0.0
39011,Auglaize County,OH,3/16/2026 10:00,0.002466695694661656,0.002052267683773784,0.0026868348765829823,0.0
39011,Auglaize County,OH,3/16/2026 11:00,0.002488246172600701,0.0019916928059871006,0.0023772700020891534,0.0
39011,Auglaize County,OH,3/16/2026 12:00,0.002024024739525374,0.002044428346596727,0.0021531549178620975,0.0
39011,Auglaize County,OH,3/16/2026 13:00,0.001662928360772,0.0022594858046933427,0.001927028560573578,0.0
39011,Auglaize County,OH,3/16/2026 14:00,0.0015570663309107525,0.0023452406250044438,0.0017896233129526282,0.0
39011,Auglaize County,OH,3/16/2026 15:00,0.001532695382713108,0.002698834543594927,0.0013441521905769459,0.0
39011,Auglaize County,OH,3/16/2026 16:00,0.0012758367151106287,0.002236705352041103,0.001672910036194163,0.0
39011,Auglaize County,OH,3/16/2026 17:00,0.0,0.0021178198876641028,0.0015301719254947328,0.0
39011,Auglaize County,OH,3/16/2026 18:00,0.0,0.0016721355505771977,0.001342161883726027,0.0
39011,Auglaize County,OH,3/16/2026 19:00,0.0,0.0014893789119930611,0.0012095477348632617,0.0
39011,Auglaize County,OH,3/16/2026 20:00,0.0012773884201189697,0.0016557419002487539,0.0015755664758543989,0.0
39011,Auglaize County,OH,3/16/2026 21:00,0.0012822204623676662,0.001764830801695072,0.0015720933607245623,0.0
39011,Auglaize County,OH,3/16/2026 22:00,0.0010884790589344698,0.0018391776052352363,0.0016304159654076881,0.0
39011,Auglaize County,OH,3/16/2026 23:00,0.0011299333152516217,0.0017378788802774733,0.001767594074621547,0.0
39011,Auglaize County,OH,3/17/2026 0:00,0.0010891651977004736,0.0018869703861856735,0.001738002843540096,0.0
39011,Auglaize County,OH,3/17/2026 1:00,0.0012307337243692654,0.001818707005082493,0.0020514308728982354,0.0
39011,Auglaize County,OH,3/17/2026 2:00,0.001047753603848206,0.001776442794139861,0.0013364255719341416,0.0
39011,Auglaize County,OH,3/17/2026 3:00,0.0011182741217294972,0.0018257374562317065,0.0012927369578116308,0.0
39011,Auglaize County,OH,3/17/2026 4:00,0.001116525799763971,0.0022257506510098835,0.001179401702440382,0.0
39011,Auglaize County,OH,3/17/2026 5:00,0.0011323454656160749,0.0026651551305260915,0.00118465844984474,0.0
39011,Auglaize County,OH,3/17/2026 6:00,0.0012585873108283002,0.003081730060064721,0.0019040688524768208,0.0
39011,Auglaize County,OH,3/17/2026 7:00,0.0011461474175060635,0.0033036316633660943,0.001064393730728848,0.0
39011,Auglaize County,OH,3/17/2026 8:00,0.0,0.0022519562672060544,0.0010751142616881656,0.0
39011,Auglaize County,OH,3/17/2026 9:00,0.0,0.0013482936598445644,0.0,0.0
39011,Auglaize County,OH,3/17/2026 10:00,0.0,0.0,0.0,0.0
39011,Auglaize County,OH,3/17/2026 11:00,0.0,0.0014095306901449332,0.0,0.0
39011,Auglaize County,OH,3/17/2026 12:00,0.0,0.0,0.0,0.0
39011,Auglaize County,OH,3/17/2026 13:00,0.0,0.0,0.0,0.0
39011,Auglaize County,OH,3/17/2026 14:00,0.0,0.0010627225679119166,0.0,0.0
39011,Auglaize County,OH,3/17/2026 15:00,0.0,0.0010478802707353718,0.0,0.0
39011,Auglaize County,OH,3/17/2026 16:00,0.0,0.0010427595339457824,0.0,0.0
39011,Auglaize County,OH,3/17/2026 17:00,0.0,0.0,0.0,0.0
39011,Auglaize County,OH,3/17/2026 18:00,0.0,0.0,0.0,0.0
39011,Auglaize County,OH,3/17/2026 19:00,0.0,0.0,0.0,0.0
39011,Auglaize County,OH,3/17/2026 20:00,0.0,0.0,0.0,0.0
39011,Auglaize County,OH,3/17/2026 21:00,0.0,0.0,0.0,0.0
39011,Auglaize County,OH,3/17/2026 22:00,0.0,0.0,0.0,0.0
39011,Auglaize County,OH,3/17/2026 23:00,0.0,0.0,0.0,0.0
39011,Auglaize County,OH,3/18/2026 0:00,0.0,0.0,0.0,
39011,Auglaize County,OH,3/18/2026 1:00,0.0,0.0,0.0,
39011,Auglaize County,OH,3/18/2026 2:00,0.0,0.0,0.0,
39011,Auglaize County,OH,3/18/2026 3:00,0.0,0.0012669252647258523,0.0,
39011,Auglaize County,OH,3/18/2026 4:00,0.0,0.0,0.0,
39011,Auglaize County,OH,3/18/2026 5:00,0.0,0.0,0.0,
39011,Auglaize County,OH,3/18/2026 6:00,0.0038740747909249765,0.0,0.0,
39011,Auglaize County,OH,3/18/2026 7:00,0.0,0.0,0.0,
39011,Auglaize County,OH,3/18/2026 8:00,0.0,0.0,0.0,
39011,Auglaize County,OH,3/18/2026 9:00,0.0,0.0,0.0,
39011,Auglaize County,OH,3/18/2026 10:00,0.0,0.0,0.0,
39011,Auglaize County,OH,3/18/2026 11:00,0.0,0.0,0.0,
39011,Auglaize County,OH,3/18/2026 12:00,0.0,0.0,0.0,
39011,Auglaize County,OH,3/18/2026 13:00,0.0,0.0,0.0,
39011,Auglaize County,OH,3/18/2026 14:00,0.0,0.0,0.0,
39011,Auglaize County,OH,3/18/2026 15:00,0.0,0.0,0.0,
39011,Auglaize County,OH,3/18/2026 16:00,0.0,0.0,0.0,
39011,Auglaize County,OH,3/18/2026 17:00,0.0,0.0,0.0,
39011,Auglaize County,OH,3/18/2026 18:00,0.0,0.0,0.0,
39011,Auglaize County,OH,3/18/2026 19:00,0.0,0.0,0.0,
39011,Auglaize County,OH,3/18/2026 20:00,0.0,0.0,0.0,
39011,Auglaize County,OH,3/18/2026 21:00,0.0,0.0,0.0,
39011,Auglaize County,OH,3/18/2026 22:00,0.0,0.0,0.0,
39011,Auglaize County,OH,3/18/2026 23:00,0.0,0.0,0.0,
39011,Auglaize County,OH,3/19/2026 0:00,0.0,0.0,,
39011,Auglaize County,OH,3/19/2026 1:00,0.0,0.0,,
39011,Auglaize County,OH,3/19/2026 2:00,0.0,0.0,,
39011,Auglaize County,OH,3/19/2026 3:00,0.0,0.0,,
39011,Auglaize County,OH,3/19/2026 4:00,0.0,0.0,,
39011,Auglaize County,OH,3/19/2026 5:00,0.0,0.0,,
39011,Auglaize County,OH,3/19/2026 6:00,0.0,0.0,,
39011,Auglaize County,OH,3/19/2026 7:00,0.0,0.0,,
39011,Auglaize County,OH,3/19/2026 8:00,0.0,0.0,,
39011,Auglaize County,OH,3/19/2026 9:00,0.0,0.0,,
39011,Auglaize County,OH,3/19/2026 10:00,0.0,0.0,,
39011,Auglaize County,OH,3/19/2026 11:00,0.0,0.0,,
39011,Auglaize County,OH,3/19/2026 12:00,0.0,0.0,,
39011,Auglaize County,OH,3/19/2026 13:00,0.0,0.0,,
39011,Auglaize County,OH,3/19/2026 14:00,0.0,0.0,,
39011,Auglaize County,OH,3/19/2026 15:00,0.0,0.0,,
39011,Auglaize County,OH,3/19/2026 16:00,0.0,0.0,,
39011,Auglaize County,OH,3/19/2026 17:00,0.0,0.0,,
39011,Auglaize County,OH,3/19/2026 18:00,0.0,,,
39011,Auglaize County,OH,3/19/2026 19:00,0.0,,,
39011,Auglaize County,OH,3/19/2026 20:00,0.0,,,
39011,Auglaize County,OH,3/19/2026 21:00,0.0,,,
39011,Auglaize County,OH,3/19/2026 22:00,0.0,,,
39011,Auglaize County,OH,3/19/2026 23:00,,,,
39013,Belmont County,OH,3/14/2026 0:00,0.10224303862283982,0.11123141826024803,0.031135674568395614,0.006770505709482263
39013,Belmont County,OH,3/14/2026 1:00,0.10274728451536339,0.11117899926680615,0.030636087456119235,0.006737741069729644
39013,Belmont County,OH,3/14/2026 2:00,0.10072262075775738,0.10986330019380972,0.03187572129182052,0.007161393457189625
39013,Belmont County,OH,3/14/2026 3:00,0.09856644458771989,0.10851261763470213,0.03245093755579292,0.0075174407983033195
39013,Belmont County,OH,3/14/2026 4:00,0.09771744064486437,0.09764680661463647,0.031211106695300788,0.007246241496408238
39013,Belmont County,OH,3/14/2026 5:00,0.09681427455943023,0.0918679854567817,0.0315433914489202,0.007543642829294544
39013,Belmont County,OH,3/14/2026 6:00,0.09737571445423253,0.0828781263665983,0.03109923586883784,0.009060220230109257
39013,Belmont County,OH,3/14/2026 7:00,0.09819253959064031,0.07976996022073161,0.030079298685210778,0.009594686568533725
39013,Belmont County,OH,3/14/2026 8:00,0.09740909297003947,0.07978353718204363,0.02524154935435148,0.009179246376296794
39013,Belmont County,OH,3/14/2026 9:00,0.08734703495912947,0.07981071567945403,0.024934410493902576,0.008137264448596903
39013,Belmont County,OH,3/14/2026 10:00,0.08810004901372032,0.07235757077245009,0.022463549346092408,0.005598047037183161
39013,Belmont County,OH,3/14/2026 11:00,0.08477055414479712,0.062277327787171106,0.018481261782465952,0.004751166713688119
39013,Belmont County,OH,3/14/2026 12:00,0.0834360520834311,0.059068633715842866,0.01786703495874493,0.0051378133868037424
39013,Belmont County,OH,3/14/2026 13:00,0.08345001506010805,0.05333818795408591,0.016443715602924118,0.004039154327210404
39013,Belmont County,OH,3/14/2026 14:00,0.07978849076062086,0.04614738418552807,0.016052032237091327,0.0036520258979021863
39013,Belmont County,OH,3/14/2026 15:00,0.07042807277906521,0.03987997545301009,0.01475765642306724,0.003836911572274446
39013,Belmont County,OH,3/14/2026 16:00,0.07039909413254138,0.03780677463546084,0.014773039482954388,0.002728538573790706
39013,Belmont County,OH,3/14/2026 17:00,0.06625193444080785,0.03439997284607747,0.018083758731853708,0.0026868951548557666
39013,Belmont County,OH,3/14/2026 18:00,0.06423360754924588,0.03146586197681892,0.015989970731799353,0.002644163423664348
39013,Belmont County,OH,3/14/2026 19:00,0.05550827619339691,0.030562944158877118,0.015655933742726082,0.0035493150338302263
39013,Belmont County,OH,3/14/2026 20:00,0.052990334452425715,0.03169761444505364,0.013481295052357914,0.00447941376535816
39013,Belmont County,OH,3/14/2026 21:00,0.05019005169832983,0.033627868497007274,0.012303029982170704,0.004583067913904514
39013,Belmont County,OH,3/14/2026 22:00,0.04374123149556126,0.0322539479694472,0.011164901405176335,0.0047191237443630985
39013,Belmont County,OH,3/14/2026 23:00,0.04157970084741747,0.032125598346403224,0.009186860059825048,0.0038880072923952852
39013,Belmont County,OH,3/15/2026 0:00,0.04049261242960939,0.03234773307502023,0.009343629424672519,0.003723325816166814
39013,Belmont County,OH,3/15/2026 1:00,0.03765901767275004,0.031565590085628335,0.009060062650374895,0.0030546875541435786
39013,Belmont County,OH,3/15/2026 2:00,0.037509992406008684,0.030786832697289497,0.008207402671414227,0.0030227808387599444
39013,Belmont County,OH,3/15/2026 3:00,0.03711209096112051,0.02860252816512604,0.008844217441380304,0.002722999561523305
39013,Belmont County,OH,3/15/2026 4:00,0.03544303914367522,0.02526605341761283,0.008875636133351005,0.0026072456336483384
39013,Belmont County,OH,3/15/2026 5:00,0.03480431261999147,0.025084008437265635,0.009014120800407546,0.002280499632437884
39013,Belmont County,OH,3/15/2026 6:00,0.028910435862645148,0.02073964972748011,0.009992972836736922,0.0021179451320320827
39013,Belmont County,OH,3/15/2026 7:00,0.0265665244746462,0.01980257755607815,0.008858729894351968,0.0024294527137074247
39013,Belmont County,OH,3/15/2026 8:00,0.026809968405594527,0.01946830066006624,0.008636292516730568,0.0025220503398001486
39013,Belmont County,OH,3/15/2026 9:00,0.024750072960054267,0.017971321401877613,0.008464923604891497,0.0035876785329047975
39013,Belmont County,OH,3/15/2026 10:00,0.022886278855604784,0.01719482375022944,0.0070286819996520904,0.001696122031739794
39013,Belmont County,OH,3/15/2026 11:00,0.023401751680722373,0.01608984668207287,0.006759556510585165,0.0016936750491645463
39013,Belmont County,OH,3/15/2026 12:00,0.022219103545876747,0.016562957453983295,0.005880975408883611,0.0014988264805120553
39013,Belmont County,OH,3/15/2026 13:00,0.015559506590265788,0.013489205706905994,0.004557434328018129,0.001638901543801785
39013,Belmont County,OH,3/15/2026 14:00,0.017038889629482242,0.013867802474895635,0.00448424080873943,0.0015676279580452877
39013,Belmont County,OH,3/15/2026 15:00,0.014698226242778254,0.012100857011265415,0.004674170656143752,0.0
39013,Belmont County,OH,3/15/2026 16:00,0.014557951187214313,0.009909172510092767,0.004016606896287712,0.0011656094557017038
39013,Belmont County,OH,3/15/2026 17:00,0.014123419742195054,0.009300513522895213,0.003885734170158967,0.0010309275868904768
39013,Belmont County,OH,3/15/2026 18:00,0.009508971210281747,0.009186647355551981,0.0030658630192391674,0.0
39013,Belmont County,OH,3/15/2026 19:00,0.009007804816603624,0.008377179644674354,0.0036223209474507455,0.0
39013,Belmont County,OH,3/15/2026 20:00,0.008578911413665033,0.008156634069811732,0.005329017623621927,0.0
39013,Belmont County,OH,3/15/2026 21:00,0.007967942896221169,0.0069871968839679876,0.00735191397275461,0.0
39013,Belmont County,OH,3/15/2026 22:00,0.0072103480867014595,0.0067430123684397185,0.007571263549731707,0.0
39013,Belmont County,OH,3/15/2026 23:00,0.00654611144870262,0.006378399430089684,0.00707554502209448,0.0
39013,Belmont County,OH,3/16/2026 0:00,0.006928848795169123,0.00723370737220313,0.0064900290612100175,0.0
39013,Belmont County,OH,3/16/2026 1:00,0.007404236964827821,0.007555709514172275,0.005760656442222048,0.0
39013,Belmont County,OH,3/16/2026 2:00,0.00688303681399084,0.008460807604962145,0.004531346300845078,0.0
39013,Belmont County,OH,3/16/2026 3:00,0.00661916916968674,0.010263700484489902,0.004569044516673597,0.0
39013,Belmont County,OH,3/16/2026 4:00,0.006412394774122971,0.008483232386609413,0.004033348309152806,0.0
39013,Belmont County,OH,3/16/2026 5:00,0.006902597378998294,0.007226372486454647,0.004051980469831815,0.0
39013,Belmont County,OH,3/16/2026 6:00,0.006709496388014269,0.005913625432099493,0.0045770533511302995,0.0
39013,Belmont County,OH,3/16/2026 7:00,0.007897683763154932,0.00606692407127657,0.00439341181145017,0.0
39013,Belmont County,OH,3/16/2026 8:00,0.006123674145328264,0.005176970261767882,0.0032780908093172716,0.0
39013,Belmont County,OH,3/16/2026 9:00,0.008381644493946353,0.005538367130156473,0.002728027161272692,0.0
39013,Belmont County,OH,3/16/2026 10:00,0.008721976180460696,0.0050174942035610855,0.0024842270011031812,0.0
39013,Belmont County,OH,3/16/2026 11:00,0.006610092307801372,0.004866375767536913,0.0026491891246761237,0.0011291165267814272
39013,Belmont County,OH,3/16/2026 12:00,0.005994154116022979,0.00351039032548959,0.0026757557303703733,0.0013854475281858771
39013,Belmont County,OH,3/16/2026 13:00,0.005363681298327408,0.003241314048055832,0.00374129361732161,0.0013990887869475249
39013,Belmont County,OH,3/16/2026 14:00,0.004992893670999322,0.0034517509886184106,0.0028581243041033797,0.0
39013,Belmont County,OH,3/16/2026 15:00,0.006869128734874774,0.0037056646149187657,0.0,0.0
39013,Belmont County,OH,3/16/2026 16:00,0.005154913290510612,0.0034503205692984775,0.0012510821500697096,0.0
39013,Belmont County,OH,3/16/2026 17:00,0.0044815195868772245,0.0037125904202109533,0.0012001019351033228,0.0
39013,Belmont County,OH,3/16/2026 18:00,0.0038417948645659413,0.004014890762758545,0.0,0.0
39013,Belmont County,OH,3/16/2026 19:00,0.0034908818411503364,0.004945917897426661,0.0,0.0
39013,Belmont County,OH,3/16/2026 20:00,0.002978975689172468,0.002965463942084128,0.0,0.0
39013,Belmont County,OH,3/16/2026 21:00,0.00571541055912602,0.0019470162261345037,0.0,0.0
39013,Belmont County,OH,3/16/2026 22:00,0.0033647389151245572,0.002193497351058939,0.0,0.0
39013,Belmont County,OH,3/16/2026 23:00,0.003355814489066449,0.0014871688192131286,0.0,0.0
39013,Belmont County,OH,3/17/2026 0:00,0.003642121017184546,0.001724023711622775,0.0,0.0
39013,Belmont County,OH,3/17/2026 1:00,0.003931782571396988,0.0018749740264664176,0.0,0.0
39013,Belmont County,OH,3/17/2026 2:00,0.004144948650980891,0.0022292138129081543,0.0,0.0
39013,Belmont County,OH,3/17/2026 3:00,0.0037339179692150244,0.002411541224142674,0.0,0.0
39013,Belmont County,OH,3/17/2026 4:00,0.0033096342931072426,0.0024137749622242235,0.0,0.0
39013,Belmont County,OH,3/17/2026 5:00,0.0033238473270842213,0.0028701954013844043,0.0010604520039023326,0.0
39013,Belmont County,OH,3/17/2026 6:00,0.004854993484258852,0.0030473176845356893,0.0,0.0
39013,Belmont County,OH,3/17/2026 7:00,0.003984084777303973,0.002416038202256168,0.0,0.0
39013,Belmont County,OH,3/17/2026 8:00,0.002204520372162964,0.003090599627082551,0.001050332569570448,0.0
39013,Belmont County,OH,3/17/2026 9:00,0.002649476082771484,0.0024232274176931657,0.0010408862417272827,0.0
39013,Belmont County,OH,3/17/2026 10:00,0.0016905013485885418,0.0021933505155106864,0.0010747625672266384,0.0
39013,Belmont County,OH,3/17/2026 11:00,0.0028737826893331553,0.002082521845481409,0.0010385128674870933,0.0
39013,Belmont County,OH,3/17/2026 12:00,0.0028712134671913477,0.001932626906677613,0.0010043650679459227,0.0
39013,Belmont County,OH,3/17/2026 13:00,0.0030087284620188785,0.0018006315255411852,0.001121737503332742,0.0
39013,Belmont County,OH,3/17/2026 14:00,0.0019835547163898045,0.0014949795870887175,0.0010904941243345706,0.0
39013,Belmont County,OH,3/17/2026 15:00,0.0013967505771247063,0.001221019216258906,0.00106537062581732,0.0
39013,Belmont County,OH,3/17/2026 16:00,0.0013570814759350492,0.0011432957627303148,0.0,0.0
39013,Belmont County,OH,3/17/2026 17:00,0.001022415801745297,0.0011432957627303148,0.0,0.0
39013,Belmont County,OH,3/17/2026 18:00,0.0010883598119632947,0.0011169631390579758,0.0,0.0
39013,Belmont County,OH,3/17/2026 19:00,0.0,0.0010285898937119065,0.0,0.0
39013,Belmont County,OH,3/17/2026 20:00,0.0,0.0,0.0,0.0
39013,Belmont County,OH,3/17/2026 21:00,0.0,0.0,0.0,0.0
39013,Belmont County,OH,3/17/2026 22:00,0.0,0.0,0.0,0.0
39013,Belmont County,OH,3/17/2026 23:00,0.0,0.0,0.0,0.0
39013,Belmont County,OH,3/18/2026 0:00,0.0,0.0,0.0,
39013,Belmont County,OH,3/18/2026 1:00,0.0,0.0,0.0,
39013,Belmont County,OH,3/18/2026 2:00,0.0,0.0,0.0,
39013,Belmont County,OH,3/18/2026 3:00,0.0,0.001097921388419542,0.0,
39013,Belmont County,OH,3/18/2026 4:00,0.0015293191904628327,0.001508056924843049,0.0,
39013,Belmont County,OH,3/18/2026 5:00,0.0,0.0015096935290487088,0.0,
39013,Belmont County,OH,3/18/2026 6:00,0.0,0.0017546688134434023,0.0,
39013,Belmont County,OH,3/18/2026 7:00,0.0,0.0012002161650148662,0.0,
39013,Belmont County,OH,3/18/2026 8:00,0.0,0.0011901542494636142,0.0,
39013,Belmont County,OH,3/18/2026 9:00,0.0,0.0011733493745198396,0.0,
39013,Belmont County,OH,3/18/2026 10:00,0.0021286323395355855,0.0011367751954567584,0.0,
39013,Belmont County,OH,3/18/2026 11:00,0.0018698126275779113,0.0011631078191290975,0.0,
39013,Belmont County,OH,3/18/2026 12:00,0.0,0.0,0.0,
39013,Belmont County,OH,3/18/2026 13:00,0.0,0.0010108285304888717,0.0,
39013,Belmont County,OH,3/18/2026 14:00,0.0,0.0,0.0,
39013,Belmont County,OH,3/18/2026 15:00,0.0,0.0,0.0,
39013,Belmont County,OH,3/18/2026 16:00,0.0,0.0,0.0,
39013,Belmont County,OH,3/18/2026 17:00,0.0,0.0,0.0,
39013,Belmont County,OH,3/18/2026 18:00,0.0,0.0,0.0,
39013,Belmont County,OH,3/18/2026 19:00,0.0,0.0011444278782307277,0.0,
39013,Belmont County,OH,3/18/2026 20:00,0.0,0.0011167126802472999,0.0,
39013,Belmont County,OH,3/18/2026 21:00,0.0,0.0,0.0,
39013,Belmont County,OH,3/18/2026 22:00,0.0,0.0,0.0,
39013,Belmont County,OH,3/18/2026 23:00,0.0,0.0,0.0,
39013,Belmont County,OH,3/19/2026 0:00,0.0,0.0,,
39013,Belmont County,OH,3/19/2026 1:00,0.0,0.0,,
39013,Belmont County,OH,3/19/2026 2:00,0.0,0.0,,
39013,Belmont County,OH,3/19/2026 3:00,0.0,0.0,,
39013,Belmont County,OH,3/19/2026 4:00,0.0,0.0,,
39013,Belmont County,OH,3/19/2026 5:00,0.0,0.0,,
39013,Belmont County,OH,3/19/2026 6:00,0.0,0.0,,
39013,Belmont County,OH,3/19/2026 7:00,0.0,0.0,,
39013,Belmont County,OH,3/19/2026 8:00,0.0,0.0,,
39013,Belmont County,OH,3/19/2026 9:00,0.0,0.0,,
39013,Belmont County,OH,3/19/2026 10:00,0.0,0.0,,
39013,Belmont County,OH,3/19/2026 11:00,0.0,0.0,,
39013,Belmont County,OH,3/19/2026 12:00,0.0,0.0,,
39013,Belmont County,OH,3/19/2026 13:00,0.0,0.0,,
39013,Belmont County,OH,3/19/2026 14:00,0.0,0.0,,
39013,Belmont County,OH,3/19/2026 15:00,0.0,0.0,,
39013,Belmont County,OH,3/19/2026 16:00,0.0,0.0,,
39013,Belmont County,OH,3/19/2026 17:00,0.0,0.0,,
39013,Belmont County,OH,3/19/2026 18:00,0.0,,,
39013,Belmont County,OH,3/19/2026 19:00,0.0,,,
39013,Belmont County,OH,3/19/2026 20:00,0.0,,,
39013,Belmont County,OH,3/19/2026 21:00,0.0,,,
39013,Belmont County,OH,3/19/2026 22:00,0.0,,,
39013,Belmont County,OH,3/19/2026 23:00,,,,
39015,Brown County,OH,3/14/2026 0:00,0.0,0.0,0.0,0.0027011559033409864
39015,Brown County,OH,3/14/2026 1:00,0.0,0.0,0.0,0.0030756219931592946
39015,Brown County,OH,3/14/2026 2:00,0.0,0.0,0.0,0.0033623471800644034
39015,Brown County,OH,3/14/2026 3:00,0.0,0.0,0.0,0.003229071009511152
39015,Brown County,OH,3/14/2026 4:00,0.0,0.0,0.0,0.002550032786352581
39015,Brown County,OH,3/14/2026 5:00,0.0,0.0010516479992213582,0.0,0.0024702635111272762
39015,Brown County,OH,3/14/2026 6:00,0.0,0.0,0.0,0.0025328552147217843
39015,Brown County,OH,3/14/2026 7:00,0.0,0.0,0.0,0.001971137428651575
39015,Brown County,OH,3/14/2026 8:00,0.0,0.0,0.0,0.0026805639078028238
39015,Brown County,OH,3/14/2026 9:00,0.0,0.0,0.0,0.003106382026441216
39015,Brown County,OH,3/14/2026 10:00,0.0,0.0,0.0,0.003402622913707743
39015,Brown County,OH,3/14/2026 11:00,0.0,0.0,0.0017067343004844194,0.002154519206378424
39015,Brown County,OH,3/14/2026 12:00,0.0,0.0,0.005017514058699406,0.001914682686515104
39015,Brown County,OH,3/14/2026 13:00,0.0,0.0,0.008325879139402994,0.001246503580869802
39015,Brown County,OH,3/14/2026 14:00,0.0,0.0,0.00923156551999076,0.0013182333640093882
39015,Brown County,OH,3/14/2026 15:00,0.0,0.0,0.009196481715126253,0.0
39015,Brown County,OH,3/14/2026 16:00,0.0,0.0,0.008226764666659229,0.0
39015,Brown County,OH,3/14/2026 17:00,0.0,0.0,0.0079769504822919,0.0
39015,Brown County,OH,3/14/2026 18:00,0.0,0.0,0.006850868432419976,0.0
39015,Brown County,OH,3/14/2026 19:00,0.0,0.0,0.005944301679936253,0.0
39015,Brown County,OH,3/14/2026 20:00,0.0,0.0,0.005311571806849164,0.0
39015,Brown County,OH,3/14/2026 21:00,0.0,0.0,0.005053816970883888,0.00113057342724908
39015,Brown County,OH,3/14/2026 22:00,0.0,0.0,0.004614419527787753,0.0
39015,Brown County,OH,3/14/2026 23:00,0.0,0.0,0.0047230686558804745,0.0015874012437721724
39015,Brown County,OH,3/15/2026 0:00,0.0,0.0,0.004358150361814224,0.0
39015,Brown County,OH,3/15/2026 1:00,0.0,0.0,0.003965232813335466,0.0
39015,Brown County,OH,3/15/2026 2:00,0.0,0.0,0.004123711699250891,0.0
39015,Brown County,OH,3/15/2026 3:00,0.0,0.0,0.0036148357271605256,0.0
39015,Brown County,OH,3/15/2026 4:00,0.0,0.0,0.004144562554184112,0.0
39015,Brown County,OH,3/15/2026 5:00,0.0,0.001267188540826665,0.0027318093594976534,0.0
39015,Brown County,OH,3/15/2026 6:00,0.0,0.002231616779025076,0.0032412182385440098,0.0
39015,Brown County,OH,3/15/2026 7:00,0.0,0.005668773478066893,0.003312061088223786,0.0
39015,Brown County,OH,3/15/2026 8:00,0.0,0.00450574598018081,0.0035933329757630444,0.0
39015,Brown County,OH,3/15/2026 9:00,0.0,0.00484101757026577,0.0027225918988418255,0.0
39015,Brown County,OH,3/15/2026 10:00,0.0,0.004518622373705299,0.0022892415917811306,0.0
39015,Brown County,OH,3/15/2026 11:00,0.007050311865454793,0.004747820122084463,0.0019231724823615673,0.0
39015,Brown County,OH,3/15/2026 12:00,0.0064821105142712785,0.004544500879235252,0.001513367584902088,0.0
39015,Brown County,OH,3/15/2026 13:00,0.00972784216167688,0.004818607945766058,0.0013194241582602266,0.0
39015,Brown County,OH,3/15/2026 14:00,0.00955211274629936,0.004561984934558528,0.0,0.0
39015,Brown County,OH,3/15/2026 15:00,0.008911901375290868,0.004025509238891312,0.001086972827278511,0.0
39015,Brown County,OH,3/15/2026 16:00,0.0053756522009977825,0.0032633691873191224,0.0,0.0
39015,Brown County,OH,3/15/2026 17:00,0.005138122798282454,0.002308004517690627,0.0,0.0
39015,Brown County,OH,3/15/2026 18:00,0.0036910008574848503,0.002208245653285032,0.0,0.0
39015,Brown County,OH,3/15/2026 19:00,0.0016971346461423337,0.0016630492043080748,0.0,0.0
39015,Brown County,OH,3/15/2026 20:00,0.0017539110978473077,0.0017948724100979008,0.0,0.0
39015,Brown County,OH,3/15/2026 21:00,0.0014991736677814438,0.0032513182130658367,0.0,0.0
39015,Brown County,OH,3/15/2026 22:00,0.0,0.0022743664038106294,0.0,0.0
39015,Brown County,OH,3/15/2026 23:00,0.0012844404832236887,0.002266821059771076,0.0,0.0
39015,Brown County,OH,3/16/2026 0:00,0.001842932762521749,0.0020758286561690068,0.0,0.0
39015,Brown County,OH,3/16/2026 1:00,0.002352272019276032,0.0023355023417361716,0.0,0.0
39015,Brown County,OH,3/16/2026 2:00,0.002411448120201726,0.00215516653671107,0.0,0.0
39015,Brown County,OH,3/16/2026 3:00,0.0035917520410103203,0.0023366094402270713,0.0,0.0
39015,Brown County,OH,3/16/2026 4:00,0.004414770346756267,0.002655343130333438,0.0,0.0
39015,Brown County,OH,3/16/2026 5:00,0.004084448912135123,0.0014723881679206223,0.0,0.0
39015,Brown County,OH,3/16/2026 6:00,0.004092228636215475,0.0,0.0,0.0
39015,Brown County,OH,3/16/2026 7:00,0.0035774356493684456,0.001041495810458382,0.0,0.0
39015,Brown County,OH,3/16/2026 8:00,0.0035641676598154527,0.001429072785825575,0.0,0.0
39015,Brown County,OH,3/16/2026 9:00,0.0023406852657512395,0.0,0.0,0.0
39015,Brown County,OH,3/16/2026 10:00,0.0026051738890470566,0.0010093234616164461,0.0,0.0
39015,Brown County,OH,3/16/2026 11:00,0.0,0.0,0.0,0.0
39015,Brown County,OH,3/16/2026 12:00,0.001175632711760674,0.0013647113728587018,0.0,0.0
39015,Brown County,OH,3/16/2026 13:00,0.0010781284227599352,0.0012513025127230107,0.0,0.0
39015,Brown County,OH,3/16/2026 14:00,0.0014190781121563329,0.0011523484387422915,0.0,0.0
39015,Brown County,OH,3/16/2026 15:00,0.0011818743332808175,0.0018035275504466712,0.0,0.0
39015,Brown County,OH,3/16/2026 16:00,0.0012495019533315882,0.001525589405186677,0.0,0.0
39015,Brown County,OH,3/16/2026 17:00,0.0,0.0015855754943830092,0.0,0.0
39015,Brown County,OH,3/16/2026 18:00,0.0015970145958652078,0.001444278283359141,0.0,0.0
39015,Brown County,OH,3/16/2026 19:00,0.0,0.0017291041064139956,0.0,0.0
39015,Brown County,OH,3/16/2026 20:00,0.0011639022299635793,0.0,0.0,0.0
39015,Brown County,OH,3/16/2026 21:00,0.0014301542698053088,0.0,0.0,0.0
39015,Brown County,OH,3/16/2026 22:00,0.0010964006696167676,0.0,0.0,0.0
39015,Brown County,OH,3/16/2026 23:00,0.0011504657891536069,0.0,0.0,0.0
39015,Brown County,OH,3/17/2026 0:00,0.0010791821278942854,0.0,0.0,0.0
39015,Brown County,OH,3/17/2026 1:00,0.0,0.0,0.0,0.0
39015,Brown County,OH,3/17/2026 2:00,0.0,0.0,0.0,0.0
39015,Brown County,OH,3/17/2026 3:00,0.0010193242241551279,0.0,0.0,0.0
39015,Brown County,OH,3/17/2026 4:00,0.0,0.0,0.0,0.0
39015,Brown County,OH,3/17/2026 5:00,0.0010699378865501171,0.0,0.0,0.0
39015,Brown County,OH,3/17/2026 6:00,0.0,0.0,0.0,0.0
39015,Brown County,OH,3/17/2026 7:00,0.0,0.0,0.0,0.0
39015,Brown County,OH,3/17/2026 8:00,0.0,0.0,0.0,0.0
39015,Brown County,OH,3/17/2026 9:00,0.0,0.0,0.0,0.0
39015,Brown County,OH,3/17/2026 10:00,0.0,0.0,0.0,0.0
39015,Brown County,OH,3/17/2026 11:00,0.0,0.0,0.0,0.0
39015,Brown County,OH,3/17/2026 12:00,0.0,0.0,0.0,0.0
39015,Brown County,OH,3/17/2026 13:00,0.0,0.0,0.0,0.0
39015,Brown County,OH,3/17/2026 14:00,0.0,0.0,0.0,0.0
39015,Brown County,OH,3/17/2026 15:00,0.0,0.0,0.0,0.0
39015,Brown County,OH,3/17/2026 16:00,0.0,0.0,0.0,0.0
39015,Brown County,OH,3/17/2026 17:00,0.0,0.0,0.0,0.0
39015,Brown County,OH,3/17/2026 18:00,0.0,0.0,0.0,0.0
39015,Brown County,OH,3/17/2026 19:00,0.0,0.0,0.0,0.0
39015,Brown County,OH,3/17/2026 20:00,0.0,0.0,0.0,0.0
39015,Brown County,OH,3/17/2026 21:00,0.0,0.0,0.0,0.0
39015,Brown County,OH,3/17/2026 22:00,0.0,0.0,0.0,0.0
39015,Brown County,OH,3/17/2026 23:00,0.0,0.0,0.0,0.0
39015,Brown County,OH,3/18/2026 0:00,0.0,0.0,0.0,
39015,Brown County,OH,3/18/2026 1:00,0.0,0.0,0.0,
39015,Brown County,OH,3/18/2026 2:00,0.0,0.0,0.0,
39015,Brown County,OH,3/18/2026 3:00,0.0,0.0,0.0,
39015,Brown County,OH,3/18/2026 4:00,0.0,0.0,0.0,
39015,Brown County,OH,3/18/2026 5:00,0.0,0.0,0.0,
39015,Brown County,OH,3/18/2026 6:00,0.0,0.0,0.0,
39015,Brown County,OH,3/18/2026 7:00,0.0,0.0,0.0,
39015,Brown County,OH,3/18/2026 8:00,0.0,0.0,0.0,
39015,Brown County,OH,3/18/2026 9:00,0.0,0.0,0.0,
39015,Brown County,OH,3/18/2026 10:00,0.0,0.0,0.0,
39015,Brown County,OH,3/18/2026 11:00,0.0,0.0,0.0,
39015,Brown County,OH,3/18/2026 12:00,0.0,0.0,0.0,
39015,Brown County,OH,3/18/2026 13:00,0.0,0.0,0.0,
39015,Brown County,OH,3/18/2026 14:00,0.0,0.0,0.0,
39015,Brown County,OH,3/18/2026 15:00,0.0,0.0,0.0,
39015,Brown County,OH,3/18/2026 16:00,0.0,0.0,0.0,
39015,Brown County,OH,3/18/2026 17:00,0.0,0.0,0.0,
39015,Brown County,OH,3/18/2026 18:00,0.0,0.0,0.0,
39015,Brown County,OH,3/18/2026 19:00,0.0,0.0,0.0,
39015,Brown County,OH,3/18/2026 20:00,0.0,0.0,0.0,
39015,Brown County,OH,3/18/2026 21:00,0.0,0.0,0.0,
39015,Brown County,OH,3/18/2026 22:00,0.0,0.0,0.0,
39015,Brown County,OH,3/18/2026 23:00,0.0,0.0,0.0,
39015,Brown County,OH,3/19/2026 0:00,0.0,0.0,,
39015,Brown County,OH,3/19/2026 1:00,0.0,0.0,,
39015,Brown County,OH,3/19/2026 2:00,0.0,0.0,,
39015,Brown County,OH,3/19/2026 3:00,0.0,0.0,,
39015,Brown County,OH,3/19/2026 4:00,0.0,0.0,,
39015,Brown County,OH,3/19/2026 5:00,0.0,0.0,,
39015,Brown County,OH,3/19/2026 6:00,0.0,0.0,,
39015,Brown County,OH,3/19/2026 7:00,0.0,0.0,,
39015,Brown County,OH,3/19/2026 8:00,0.0,0.0,,
39015,Brown County,OH,3/19/2026 9:00,0.0,0.0,,
39015,Brown County,OH,3/19/2026 10:00,0.0,0.0,,
39015,Brown County,OH,3/19/2026 11:00,0.0,0.0,,
39015,Brown County,OH,3/19/2026 12:00,0.0,0.0,,
39015,Brown County,OH,3/19/2026 13:00,0.0,0.0,,
39015,Brown County,OH,3/19/2026 14:00,0.0,0.0,,
39015,Brown County,OH,3/19/2026 15:00,0.0,0.0,,
39015,Brown County,OH,3/19/2026 16:00,0.0,0.0,,
39015,Brown County,OH,3/19/2026 17:00,0.0,0.0,,
39015,Brown County,OH,3/19/2026 18:00,0.0,,,
39015,Brown County,OH,3/19/2026 19:00,0.0,,,
39015,Brown County,OH,3/19/2026 20:00,0.0,,,
39015,Brown County,OH,3/19/2026 21:00,0.0,,,
39015,Brown County,OH,3/19/2026 22:00,0.0,,,
39015,Brown County,OH,3/19/2026 23:00,,,,
39019,Carroll County,OH,3/14/2026 0:00,0.2892681947474078,0.2519770130521198,0.11192690828639013,0.04274764593159587
39019,Carroll County,OH,3/14/2026 1:00,0.28821278462919264,0.25177615813534693,0.11106968623356242,0.042159848317572184
39019,Carroll County,OH,3/14/2026 2:00,0.28913138503273783,0.25054163565168863,0.11180202306131252,0.04267981132415491
39019,Carroll County,OH,3/14/2026 3:00,0.2879657437707374,0.247215902118391,0.11254212309451038,0.04315638137542877
39019,Carroll County,OH,3/14/2026 4:00,0.28729704547090484,0.24007904690682497,0.11185924103299198,0.043243761301797114
39019,Carroll County,OH,3/14/2026 5:00,0.28853649539756154,0.23602139167872555,0.1128404930019134,0.04348292332645184
39019,Carroll County,OH,3/14/2026 6:00,0.28113717271094446,0.22962309749958618,0.11245665960213738,0.04411823488161392
39019,Carroll County,OH,3/14/2026 7:00,0.2788593237877215,0.22205600567588724,0.11214591410870521,0.04432190832567932
39019,Carroll County,OH,3/14/2026 8:00,0.2733080224439191,0.22057827758441845,0.11072119488908427,0.04394383542059569
39019,Carroll County,OH,3/14/2026 9:00,0.25950935240655815,0.2169529724637017,0.11066585672229753,0.043973918625515904
39019,Carroll County,OH,3/14/2026 10:00,0.22424670957105058,0.202935902329485,0.10527648021099116,0.044379624675798396
39019,Carroll County,OH,3/14/2026 11:00,0.22839091383607282,0.20440106376882564,0.10044632702728255,0.04342054575937749
39019,Carroll County,OH,3/14/2026 12:00,0.22113438602139507,0.18803603259314036,0.10061096291378097,0.04189245286665091
39019,Carroll County,OH,3/14/2026 13:00,0.21158705332631556,0.17962854954090768,0.09233190271727586,0.03834004388129572
39019,Carroll County,OH,3/14/2026 14:00,0.20025934700025758,0.14099855719907473,0.09372142884189259,0.03594620669984148
39019,Carroll County,OH,3/14/2026 15:00,0.19134108517931608,0.1353014449958207,0.08152192000763506,0.03298683185590561
39019,Carroll County,OH,3/14/2026 16:00,0.18922331313629823,0.13606464829658824,0.07899902251957794,0.02848413761670633
39019,Carroll County,OH,3/14/2026 17:00,0.1965343632939963,0.13211603886149087,0.08210008552149918,0.02538146386709188
39019,Carroll County,OH,3/14/2026 18:00,0.16384842309468675,0.12605785264372824,0.07439072818386992,0.01790186871894638
39019,Carroll County,OH,3/14/2026 19:00,0.13526768633307001,0.12623992783029697,0.0652482397252373,0.014200721255856832
39019,Carroll County,OH,3/14/2026 20:00,0.13710578487263572,0.11595907075148551,0.05800402760177912,0.011311127770236141
39019,Carroll County,OH,3/14/2026 21:00,0.1393985722118371,0.11352738401544413,0.05416637644817523,0.010790325436924897
39019,Carroll County,OH,3/14/2026 22:00,0.12262297080659047,0.11057704884628326,0.04438932760732104,0.009751651892902316
39019,Carroll County,OH,3/14/2026 23:00,0.12276524758833786,0.11337525122010035,0.04559753519456011,0.009675917994373914
39019,Carroll County,OH,3/15/2026 0:00,0.11458519498854802,0.1152127694029142,0.04302339042458864,0.008848609738266105
39019,Carroll County,OH,3/15/2026 1:00,0.11885708382993568,0.11798167248404486,0.04146988779306591,0.008818085697137875
39019,Carroll County,OH,3/15/2026 2:00,0.11862225629275897,0.11282241370676761,0.04172389263316775,0.008898998153435039
39019,Carroll County,OH,3/15/2026 3:00,0.11852478142763047,0.1113542721879503,0.04181047938648279,0.008852820294246283
39019,Carroll County,OH,3/15/2026 4:00,0.1181384819062921,0.10238726220931531,0.03864962112825444,0.00899757197389499
39019,Carroll County,OH,3/15/2026 5:00,0.11851978291776595,0.10015042601710923,0.0410147153339964,0.008724081254487806
39019,Carroll County,OH,3/15/2026 6:00,0.11987523138404936,0.09352232480100753,0.04145741245724092,0.008833685615496646
39019,Carroll County,OH,3/15/2026 7:00,0.11390089883525592,0.08917137049311763,0.04470914669362463,0.008813014249065736
39019,Carroll County,OH,3/15/2026 8:00,0.11157963620366752,0.08789477585071276,0.04309681195002423,0.008766270339200657
39019,Carroll County,OH,3/15/2026 9:00,0.10572335746765255,0.07799437899245742,0.04427398997150702,0.00891581077141666
39019,Carroll County,OH,3/15/2026 10:00,0.09956924013842068,0.07720227666449124,0.04091750787045382,0.008560548811437488
39019,Carroll County,OH,3/15/2026 11:00,0.09382910559706169,0.07852203703692331,0.040301688430908034,0.008544044275141258
39019,Carroll County,OH,3/15/2026 12:00,0.09290641125269175,0.06871257484697652,0.03511094510619624,0.007972707985764663
39019,Carroll County,OH,3/15/2026 13:00,0.09015585791193552,0.05761499255723065,0.033427977684949844,0.008390764111022464
39019,Carroll County,OH,3/15/2026 14:00,0.07529934091043436,0.047786905430720866,0.030228731752003895,0.007227485514537084
39019,Carroll County,OH,3/15/2026 15:00,0.0725684654193766,0.04583628413008414,0.0285211518992447,0.005124602914228473
39019,Carroll County,OH,3/15/2026 16:00,0.07591852188744115,0.045372591800349214,0.020824112868151435,0.004261231834680941
39019,Carroll County,OH,3/15/2026 17:00,0.06735151399658075,0.04425755714432244,0.017672176423632058,0.003917907646226716
39019,Carroll County,OH,3/15/2026 18:00,0.0582211187865859,0.04134196904730265,0.012093143289136563,0.0015333004580087343
39019,Carroll County,OH,3/15/2026 19:00,0.04797477762356812,0.04168580100798697,0.007964008778841677,0.0015077738149585625
39019,Carroll County,OH,3/15/2026 20:00,0.04636578968430734,0.041748341686724554,0.0074640332924346365,0.0
39019,Carroll County,OH,3/15/2026 21:00,0.04543884283717702,0.04170935652108938,0.007674212615078193,0.0
39019,Carroll County,OH,3/15/2026 22:00,0.04542464764256649,0.042240016449563995,0.007722596139298976,0.0
39019,Carroll County,OH,3/15/2026 23:00,0.04615335671135229,0.04216234200529778,0.007466695055690022,0.0
39019,Carroll County,OH,3/16/2026 0:00,0.04521534970735198,0.04222189447532227,0.007152837549814162,0.0010111630598710942
39019,Carroll County,OH,3/16/2026 1:00,0.046064425367310084,0.04242482652745531,0.00706533355839848,0.0
39019,Carroll County,OH,3/16/2026 2:00,0.047811539692754534,0.04290218288302098,0.007123215413799593,0.0
39019,Carroll County,OH,3/16/2026 3:00,0.04655043598605386,0.042942545244746895,0.007119111338218518,0.0
39019,Carroll County,OH,3/16/2026 4:00,0.04655908203297659,0.0424765720630824,0.006954413619984917,0.0
39019,Carroll County,OH,3/16/2026 5:00,0.04816587241098538,0.04109451335628543,0.0070452624208078305,0.0
39019,Carroll County,OH,3/16/2026 6:00,0.04844795695569697,0.03913573985345203,0.007205215120699848,0.0
39019,Carroll County,OH,3/16/2026 7:00,0.048788972596991415,0.03880604208494812,0.007525308944450468,0.0
39019,Carroll County,OH,3/16/2026 8:00,0.050043870639314585,0.036788389767942554,0.007382467955788742,0.0
39019,Carroll County,OH,3/16/2026 9:00,0.04419798906537778,0.02930541318265473,0.007323051252416871,0.0
39019,Carroll County,OH,3/16/2026 10:00,0.044328507916852174,0.02652976974206612,0.007249759862094554,0.0
39019,Carroll County,OH,3/16/2026 11:00,0.0354695890999957,0.02103656967092766,0.007381190139847408,0.0
39019,Carroll County,OH,3/16/2026 12:00,0.029951746583126947,0.020899972444425867,0.006800970691030441,0.0
39019,Carroll County,OH,3/16/2026 13:00,0.028766443020450703,0.02037787929716289,0.009394039133522932,0.0017470785587119797
39019,Carroll County,OH,3/16/2026 14:00,0.028846764796393486,0.018914043980067043,0.004762297147752601,0.0
39019,Carroll County,OH,3/16/2026 15:00,0.023244356507153778,0.018471876927830245,0.0034156273843394492,0.0
39019,Carroll County,OH,3/16/2026 16:00,0.018512434762279952,0.013454801010415728,0.003970674670573922,0.0
39019,Carroll County,OH,3/16/2026 17:00,0.017715709532382055,0.012161100658766284,0.0034672263550708823,0.0
39019,Carroll County,OH,3/16/2026 18:00,0.018366284704753648,0.010677712115250136,0.002849520693066821,0.0
39019,Carroll County,OH,3/16/2026 19:00,0.014046545291368062,0.01007898813755376,0.0028427975089699497,0.0
39019,Carroll County,OH,3/16/2026 20:00,0.010294889942339791,0.0075699224338478845,0.001778045761888555,0.0
39019,Carroll County,OH,3/16/2026 21:00,0.00880069688763983,0.007485045186375413,0.00174620089359443,0.0
39019,Carroll County,OH,3/16/2026 22:00,0.007953865469833397,0.00754503593574743,0.0017833879979505672,0.0
39019,Carroll County,OH,3/16/2026 23:00,0.00732592842147851,0.00616987745945542,0.001562423923764046,0.0
39019,Carroll County,OH,3/17/2026 0:00,0.006645102439425508,0.006179330372986049,0.001556342098040996,0.0
39019,Carroll County,OH,3/17/2026 1:00,0.005869891777311209,0.006194758952797736,0.0016397472303790726,0.0
39019,Carroll County,OH,3/17/2026 2:00,0.005738489397845936,0.0062494372444210754,0.0012857807833264081,0.0
39019,Carroll County,OH,3/17/2026 3:00,0.005746829268505404,0.005908688795016493,0.0012573400996072424,0.0
39019,Carroll County,OH,3/17/2026 4:00,0.0062797272971297615,0.006115771761697332,0.001321090853724535,0.0
39019,Carroll County,OH,3/17/2026 5:00,0.006303090208293314,0.006396690036577009,0.0012807546034096261,0.0
39019,Carroll County,OH,3/17/2026 6:00,0.006070889498646468,0.006426548017933465,0.0012637317846150567,0.0
39019,Carroll County,OH,3/17/2026 7:00,0.005827929892053736,0.006313404850561772,0.001201093632786667,0.0
39019,Carroll County,OH,3/17/2026 8:00,0.0060162393562942194,0.006241118842819109,0.0012252307314221595,0.0
39019,Carroll County,OH,3/17/2026 9:00,0.006029757402776813,0.00578803423030093,0.0012129464083108254,0.0
39019,Carroll County,OH,3/17/2026 10:00,0.0064554716322605624,0.005673683550818191,0.0013098671476428647,0.0
39019,Carroll County,OH,3/17/2026 11:00,0.006473663545023996,0.005102099109437276,0.0016302601554083584,0.0
39019,Carroll County,OH,3/17/2026 12:00,0.006378092877443928,0.007047065964510742,0.0021463605785982305,0.0
39019,Carroll County,OH,3/17/2026 13:00,0.007969333638931752,0.004982505490167728,0.0015467458893327999,0.0
39019,Carroll County,OH,3/17/2026 14:00,0.005382499617844933,0.0029254129308731256,0.0018044932481393165,0.0
39019,Carroll County,OH,3/17/2026 15:00,0.005377557574902941,0.002596838704766264,0.0021259948159706404,0.0
39019,Carroll County,OH,3/17/2026 16:00,0.0053738453730225655,0.0029435571863246778,0.0018220954275102734,0.0
39019,Carroll County,OH,3/17/2026 17:00,0.005220285053624148,0.001969800928042508,0.001946201691744861,0.0
39019,Carroll County,OH,3/17/2026 18:00,0.004858097454323409,0.0021358195416934164,0.0015658354887224857,0.0
39019,Carroll County,OH,3/17/2026 19:00,0.0030549243631468473,0.0021379711660148154,0.0012576008651977702,0.0
39019,Carroll County,OH,3/17/2026 20:00,0.0010133282935691473,0.001640204200299907,0.0012635650071165377,0.0
39019,Carroll County,OH,3/17/2026 21:00,0.0,0.001995046252971424,0.0012636970772241436,0.0
39019,Carroll County,OH,3/17/2026 22:00,0.0,0.0020250568794206,0.0012001402809546974,0.0
39019,Carroll County,OH,3/17/2026 23:00,0.0011232086684424103,0.002249431449297959,0.0012595418106617876,0.0
39019,Carroll County,OH,3/18/2026 0:00,0.0012392132188116692,0.0019319913307698988,0.0012360860004200572,
39019,Carroll County,OH,3/18/2026 1:00,0.001239394079220063,0.00193138746234426,0.0012292798551149955,
39019,Carroll County,OH,3/18/2026 2:00,0.001320765642918714,0.003108116325579229,0.0012065466312348033,
39019,Carroll County,OH,3/18/2026 3:00,0.0018450626501930296,0.003600917929322542,0.0015370717616412552,
39019,Carroll County,OH,3/18/2026 4:00,0.0018909274181078295,0.0017550773847377409,0.0015821133006834118,
39019,Carroll County,OH,3/18/2026 5:00,0.0018446674516019097,0.0017674658098354723,0.0015296688840990098,
39019,Carroll County,OH,3/18/2026 6:00,0.0018923048885982811,0.0017576291174138177,0.0015296688840990098,
39019,Carroll County,OH,3/18/2026 7:00,0.0017259364075304026,0.0020618426842016744,0.0015773940930870263,
39019,Carroll County,OH,3/18/2026 8:00,0.0017054078469170252,0.0016284135992000845,0.0016320825011154807,
39019,Carroll County,OH,3/18/2026 9:00,0.0023285764495471592,0.0012846698703982823,0.0015717214715558036,
39019,Carroll County,OH,3/18/2026 10:00,0.0021626242108018457,0.001263182714161423,0.001973347330863918,
39019,Carroll County,OH,3/18/2026 11:00,0.002631980239192201,0.0012698460562173368,0.0019839099477750666,
39019,Carroll County,OH,3/18/2026 12:00,0.002460405484607358,0.0012623385912213844,0.0019839243726733733,
39019,Carroll County,OH,3/18/2026 13:00,0.001512016919141234,0.0012623385912213844,0.0020726494230503736,
39019,Carroll County,OH,3/18/2026 14:00,0.0012201619633526346,0.0012957605336844204,0.0017456249389441966,
39019,Carroll County,OH,3/18/2026 15:00,0.0011188787915786856,0.0013014162350098197,0.0020938647008047545,
39019,Carroll County,OH,3/18/2026 16:00,0.001241758538113739,0.0013910175760567592,0.0017680770178841625,
39019,Carroll County,OH,3/18/2026 17:00,0.0013064055101543633,0.0013902232286077943,0.0015805801867564834,
39019,Carroll County,OH,3/18/2026 18:00,0.0016635973055912584,0.0013902232286077943,0.0017230232535304436,
39019,Carroll County,OH,3/18/2026 19:00,0.0,0.0013755544764825075,0.0014083350447495191,
39019,Carroll County,OH,3/18/2026 20:00,0.0010292506971993156,0.0013643087511407107,0.0013114613044426953,
39019,Carroll County,OH,3/18/2026 21:00,0.0010292506971993156,0.0013741454435623652,0.0016305887583893044,
39019,Carroll County,OH,3/18/2026 22:00,0.0,0.0013643087511407107,0.001622336492521723,
39019,Carroll County,OH,3/18/2026 23:00,0.0,0.0013643087511407107,0.0013198040728671584,
39019,Carroll County,OH,3/19/2026 0:00,0.0011996047902615404,0.001370456081065698,,
39019,Carroll County,OH,3/19/2026 1:00,0.001230840489464731,0.0013779635460616504,,
39019,Carroll County,OH,3/19/2026 2:00,0.0011745529233000028,0.001370456081065698,,
39019,Carroll County,OH,3/19/2026 3:00,0.001335796655097737,0.0013779635460616504,,
39019,Carroll County,OH,3/19/2026 4:00,0.001375777943693681,0.00138732062855739,,
39019,Carroll County,OH,3/19/2026 5:00,0.0012137907093614268,0.0013948280935533425,,
39019,Carroll County,OH,3/19/2026 6:00,0.0011723083912315811,0.00138732062855739,,
39019,Carroll County,OH,3/19/2026 7:00,0.0010485143244406082,0.0013948280935533425,,
39019,Carroll County,OH,3/19/2026 8:00,0.0012037838760394007,0.0014049520438687458,,
39019,Carroll County,OH,3/19/2026 9:00,0.0010676710914506032,0.0013439839429396588,,
39019,Carroll County,OH,3/19/2026 10:00,0.0010296712231990452,0.0013439839429396588,,
39019,Carroll County,OH,3/19/2026 11:00,0.0010224286318572576,0.001341584458519248,,
39019,Carroll County,OH,3/19/2026 12:00,0.0,0.0013383651207897636,,
39019,Carroll County,OH,3/19/2026 13:00,0.0,0.0013835487601326596,,
39019,Carroll County,OH,3/19/2026 14:00,0.0,0.0013845646130667324,,
39019,Carroll County,OH,3/19/2026 15:00,0.0,0.0013829594760952865,,
39019,Carroll County,OH,3/19/2026 16:00,0.0,0.0013964949110922213,,
39019,Carroll County,OH,3/19/2026 17:00,0.0,0.0013964949110922213,,
39019,Carroll County,OH,3/19/2026 18:00,0.0,,,
39019,Carroll County,OH,3/19/2026 19:00,0.0,,,
39019,Carroll County,OH,3/19/2026 20:00,0.0,,,
39019,Carroll County,OH,3/19/2026 21:00,0.002181685337573928,,,
39019,Carroll County,OH,3/19/2026 22:00,0.002081137977415121,,,
39019,Carroll County,OH,3/19/2026 23:00,,,,
39021,Champaign County,OH,3/14/2026 0:00,0.10359545478606788,0.09633908867933733,0.01131505907512801,0.006852290839207216
39021,Champaign County,OH,3/14/2026 1:00,0.10046076131334174,0.08648380166389606,0.011107317177817232,0.007288403869535046
39021,Champaign County,OH,3/14/2026 2:00,0.09593337772343744,0.08887135248499554,0.00984760641885739,0.007259494566564629
39021,Champaign County,OH,3/14/2026 3:00,0.09389603678633493,0.0852774640579821,0.008386348233569775,0.0071535687104910045
39021,Champaign County,OH,3/14/2026 4:00,0.10096757495900027,0.08178005058096871,0.009111474795708148,0.007725211287410042
39021,Champaign County,OH,3/14/2026 5:00,0.09164644112815322,0.07054801108288083,0.00823275543642143,0.007288738973573836
39021,Champaign County,OH,3/14/2026 6:00,0.07618931929638251,0.06825832454453243,0.007876695692705818,0.007189145349176925
39021,Champaign County,OH,3/14/2026 7:00,0.0809524425227471,0.06270469419758241,0.00789918519134207,0.007404126926089859
39021,Champaign County,OH,3/14/2026 8:00,0.08053319340554767,0.06496490806311084,0.008280379935459858,0.00651823661710336
39021,Champaign County,OH,3/14/2026 9:00,0.06517325864976185,0.05083659543346581,0.008131497547201463,0.008558212493427125
39021,Champaign County,OH,3/14/2026 10:00,0.06279820219431949,0.03653545190953303,0.00854946719034166,0.007057001225702059
39021,Champaign County,OH,3/14/2026 11:00,0.060730485958907975,0.02955481580081612,0.007227872513393525,0.005102192910544787
39021,Champaign County,OH,3/14/2026 12:00,0.05666636778078501,0.027033472339348535,0.006830870416710322,0.003925884221979131
39021,Champaign County,OH,3/14/2026 13:00,0.0546776485976517,0.024166241195449342,0.008884785632808452,0.0032778335836394458
39021,Champaign County,OH,3/14/2026 14:00,0.0496668067329778,0.02216577776983634,0.013235005683749334,0.003135954093910195
39021,Champaign County,OH,3/14/2026 15:00,0.04390739685106684,0.023606595130009424,0.01090684568150162,0.0031845559207077105
39021,Champaign County,OH,3/14/2026 16:00,0.040953091292919325,0.01908664829974609,0.010255430343944999,0.003057943393164579
39021,Champaign County,OH,3/14/2026 17:00,0.034955692273239435,0.015567491808817578,0.009694989740277247,0.002984748409650367
39021,Champaign County,OH,3/14/2026 18:00,0.030390831693284943,0.01341469823269292,0.00937487400019101,0.002999833612117888
39021,Champaign County,OH,3/14/2026 19:00,0.023063233463293416,0.013193040011726666,0.008386235692892253,0.002963327489902089
39021,Champaign County,OH,3/14/2026 20:00,0.02188279128407402,0.010952837673794612,0.007572027376674817,0.0026273431420285346
39021,Champaign County,OH,3/14/2026 21:00,0.019993889956043447,0.010280676189748471,0.0070089891115352985,0.0025464837835670957
39021,Champaign County,OH,3/14/2026 22:00,0.016404224046595993,0.01042077407809882,0.006406481444381768,0.00225568563667693
39021,Champaign County,OH,3/14/2026 23:00,0.016001762737777522,0.010490080062293213,0.007409813521425027,0.0023306351539391056
39021,Champaign County,OH,3/15/2026 0:00,0.015393023238918325,0.010774936465695838,0.00732978775310311,0.00245166695073937
39021,Champaign County,OH,3/15/2026 1:00,0.015223965037258482,0.011598208833361873,0.008673901784951364,0.002418052291366276
39021,Champaign County,OH,3/15/2026 2:00,0.015679739728435928,0.01152138475116357,0.008141642035046252,0.0026589660178735447
39021,Champaign County,OH,3/15/2026 3:00,0.015540093461724268,0.010399297484165935,0.008839149601811792,0.0025673319018641645
39021,Champaign County,OH,3/15/2026 4:00,0.013368194420008415,0.009247558399492718,0.008712587719353453,0.00219281374402508
39021,Champaign County,OH,3/15/2026 5:00,0.012033491259641323,0.008975881810418918,0.008808095537210112,0.0023112782146909074
39021,Champaign County,OH,3/15/2026 6:00,0.013055748600062676,0.009398709557029612,0.008353052451503355,0.0019899555664458115
39021,Champaign County,OH,3/15/2026 7:00,0.012554856846502215,0.010373867944486078,0.01046441370833525,0.0020742570801677543
39021,Champaign County,OH,3/15/2026 8:00,0.010509748131311163,0.009928304067959965,0.009464403488728169,0.0022284160496994095
39021,Champaign County,OH,3/15/2026 9:00,0.010727981054532749,0.009786284730824494,0.010152974597882584,0.002412073307835522
39021,Champaign County,OH,3/15/2026 10:00,0.010466994889184214,0.011530055615049908,0.010799917936776668,0.0025699532153888164
39021,Champaign County,OH,3/15/2026 11:00,0.010862131971091813,0.01150355412548522,0.008211617847742032,0.002313030717581308
39021,Champaign County,OH,3/15/2026 12:00,0.011220239148766903,0.012552822968997892,0.006064285001778375,0.002313517405545095
39021,Champaign County,OH,3/15/2026 13:00,0.009294373675271491,0.011089939355167354,0.00566822262193239,0.002443095044919349
39021,Champaign County,OH,3/15/2026 14:00,0.011111564076435243,0.00852154886661891,0.0054809718977710305,0.002816502433555374
39021,Champaign County,OH,3/15/2026 15:00,0.011542256635851969,0.008028025874713709,0.004408585082232553,0.0020255243730335146
39021,Champaign County,OH,3/15/2026 16:00,0.010920749366624516,0.007399282921307895,0.004318050802503876,0.0017692583187405135
39021,Champaign County,OH,3/15/2026 17:00,0.012354518019177169,0.006688531904046315,0.0046212509566237086,0.0
39021,Champaign County,OH,3/15/2026 18:00,0.01271087499996944,0.007346491466682762,0.004771588261747822,0.0
39021,Champaign County,OH,3/15/2026 19:00,0.010504752680276513,0.0076768619496822305,0.004751041863700799,0.0
39021,Champaign County,OH,3/15/2026 20:00,0.00968724622999197,0.0075850640286945804,0.00440245030455998,0.0015158312147099265
39021,Champaign County,OH,3/15/2026 21:00,0.008954529189836009,0.008198145784064657,0.004890674478647144,0.0016582877616512614
39021,Champaign County,OH,3/15/2026 22:00,0.008609730481036169,0.007898226223241664,0.004001298948280237,0.0
39021,Champaign County,OH,3/15/2026 23:00,0.008562001007947526,0.00896597129494619,0.004059883941290634,0.0
39021,Champaign County,OH,3/16/2026 0:00,0.008628451820146467,0.009009281287187932,0.004053247157813497,0.0
39021,Champaign County,OH,3/16/2026 1:00,0.009999884725695513,0.008329481001181539,0.003915906386757516,0.0
39021,Champaign County,OH,3/16/2026 2:00,0.011172198324264483,0.009166626854887656,0.004283610291150705,0.0
39021,Champaign County,OH,3/16/2026 3:00,0.010121332835105657,0.00802645691816147,0.004169945182045676,0.0
39021,Champaign County,OH,3/16/2026 4:00,0.009045167683396929,0.007687059833923433,0.002761932166165822,0.0
39021,Champaign County,OH,3/16/2026 5:00,0.009091300079995363,0.006676021309993858,0.0026640891288563662,0.0
39021,Champaign County,OH,3/16/2026 6:00,0.009306952241937646,0.005249288698655459,0.003173531994947992,0.0
39021,Champaign County,OH,3/16/2026 7:00,0.009691878398342185,0.005457110677130991,0.0034849783041709516,0.0
39021,Champaign County,OH,3/16/2026 8:00,0.008741041473367,0.00663704103432037,0.0035306617478928887,0.0
39021,Champaign County,OH,3/16/2026 9:00,0.007344960064392862,0.0026546256205102377,0.0040287959708006325,0.0
39021,Champaign County,OH,3/16/2026 10:00,0.006372246035798603,0.0019128057268529596,0.00371760892141647,0.0
39021,Champaign County,OH,3/16/2026 11:00,0.007903624748371295,0.002690311387156777,0.004382474046549701,0.0
39021,Champaign County,OH,3/16/2026 12:00,0.005598726483730829,0.0020502775412464566,0.004298948118843781,0.0
39021,Champaign County,OH,3/16/2026 13:00,0.004402304280729806,0.00175492232024644,0.004489848252601491,0.0
39021,Champaign County,OH,3/16/2026 14:00,0.004892421222169703,0.001755522023181354,0.003923513728451977,0.0
39021,Champaign County,OH,3/16/2026 15:00,0.004738837861115149,0.0015777546771095481,0.0023387639964383856,0.0
39021,Champaign County,OH,3/16/2026 16:00,0.004418386934399822,0.0017843023576560504,0.0019585965949571412,0.0
39021,Champaign County,OH,3/16/2026 17:00,0.003810255571681749,0.001764652428902224,0.0025612416493147987,0.0
39021,Champaign County,OH,3/16/2026 18:00,0.0032372470418434275,0.0014384243484197533,0.001448329113823511,0.0
39021,Champaign County,OH,3/16/2026 19:00,0.0032226457836434276,0.0012692760480276814,0.001377454582380131,0.0
39021,Champaign County,OH,3/16/2026 20:00,0.004148392470429316,0.001558302593390937,0.0013278038285407156,0.0
39021,Champaign County,OH,3/16/2026 21:00,0.004101130156545872,0.001582546891838993,0.0,0.0
39021,Champaign County,OH,3/16/2026 22:00,0.0044655643700773455,0.001444424084820047,0.0010795464890146027,0.0
39021,Champaign County,OH,3/16/2026 23:00,0.004335290186825553,0.0013835680364575988,0.0010741766926306256,0.0
39021,Champaign County,OH,3/17/2026 0:00,0.0037478850317133982,0.0015254472256668854,0.001080489327907104,0.0
39021,Champaign County,OH,3/17/2026 1:00,0.0038705380341122596,0.0014755311415342056,0.0010423870758535228,0.0
39021,Champaign County,OH,3/17/2026 2:00,0.0038136974374848084,0.0014899962046054868,0.0010990197973656491,0.0
39021,Champaign County,OH,3/17/2026 3:00,0.003887748575401117,0.001447247421275134,0.0010762841687515885,0.0
39021,Champaign County,OH,3/17/2026 4:00,0.003797197700775314,0.001451534696337407,0.0,0.0
39021,Champaign County,OH,3/17/2026 5:00,0.0038934733573211173,0.0014509308279117682,0.0012824468180482036,0.0
39021,Champaign County,OH,3/17/2026 6:00,0.003916441908720878,0.0017726934900513598,0.0012775055412083973,0.0
39021,Champaign County,OH,3/17/2026 7:00,0.003910227704155273,0.0015863805257898354,0.0016056967367413528,0.0
39021,Champaign County,OH,3/17/2026 8:00,0.0035585224772037628,0.0014959743839063015,0.0,0.0
39021,Champaign County,OH,3/17/2026 9:00,0.003182386177298195,0.0,0.0,0.0
39021,Champaign County,OH,3/17/2026 10:00,0.003218457610397951,0.0,0.0,0.0
39021,Champaign County,OH,3/17/2026 11:00,0.0031108322680335663,0.0,0.0,0.0
39021,Champaign County,OH,3/17/2026 12:00,0.002726091545071604,0.0,0.0,0.0
39021,Champaign County,OH,3/17/2026 13:00,0.002266044720482407,0.0,0.0,0.0
39021,Champaign County,OH,3/17/2026 14:00,0.002106898823089615,0.0,0.0,0.0
39021,Champaign County,OH,3/17/2026 15:00,0.0025067595537978044,0.0,0.0,0.0
39021,Champaign County,OH,3/17/2026 16:00,0.002028143684516254,0.0,0.0,0.0
39021,Champaign County,OH,3/17/2026 17:00,0.0,0.0,0.0,0.0
39021,Champaign County,OH,3/17/2026 18:00,0.0,0.0,0.0,0.0
39021,Champaign County,OH,3/17/2026 19:00,0.0,0.0,0.0,0.0
39021,Champaign County,OH,3/17/2026 20:00,0.0,0.0,0.0,0.0
39021,Champaign County,OH,3/17/2026 21:00,0.0,0.0,0.0,0.0
39021,Champaign County,OH,3/17/2026 22:00,0.0,0.0,0.0,0.0
39021,Champaign County,OH,3/17/2026 23:00,0.0,0.0,0.0,0.0
39021,Champaign County,OH,3/18/2026 0:00,0.0,0.0,0.0,
39021,Champaign County,OH,3/18/2026 1:00,0.0,0.0,0.0,
39021,Champaign County,OH,3/18/2026 2:00,0.0018746548958526387,0.0,0.0,
39021,Champaign County,OH,3/18/2026 3:00,0.0,0.0,0.0,
39021,Champaign County,OH,3/18/2026 4:00,0.0,0.0,0.0,
39021,Champaign County,OH,3/18/2026 5:00,0.0,0.0,0.0,
39021,Champaign County,OH,3/18/2026 6:00,0.0,0.0,0.0,
39021,Champaign County,OH,3/18/2026 7:00,0.0,0.0,0.0,
39021,Champaign County,OH,3/18/2026 8:00,0.0,0.0,0.0,
39021,Champaign County,OH,3/18/2026 9:00,0.0,0.0,0.0,
39021,Champaign County,OH,3/18/2026 10:00,0.0,0.0,0.0,
39021,Champaign County,OH,3/18/2026 11:00,0.0,0.0,0.0,
39021,Champaign County,OH,3/18/2026 12:00,0.0,0.0,0.0,
39021,Champaign County,OH,3/18/2026 13:00,0.0,0.0,0.0,
39021,Champaign County,OH,3/18/2026 14:00,0.0,0.0,0.0,
39021,Champaign County,OH,3/18/2026 15:00,0.0,0.0,0.0,
39021,Champaign County,OH,3/18/2026 16:00,0.0,0.0,0.0,
39021,Champaign County,OH,3/18/2026 17:00,0.0,0.0,0.0,
39021,Champaign County,OH,3/18/2026 18:00,0.0,0.0,0.0,
39021,Champaign County,OH,3/18/2026 19:00,0.0,0.0,0.0,
39021,Champaign County,OH,3/18/2026 20:00,0.0,0.0,0.0,
39021,Champaign County,OH,3/18/2026 21:00,0.0,0.0,0.0,
39021,Champaign County,OH,3/18/2026 22:00,0.0,0.0,0.0,
39021,Champaign County,OH,3/18/2026 23:00,0.0,0.0,0.0,
39021,Champaign County,OH,3/19/2026 0:00,0.0,0.0,,
39021,Champaign County,OH,3/19/2026 1:00,0.0,0.0,,
39021,Champaign County,OH,3/19/2026 2:00,0.0,0.0,,
39021,Champaign County,OH,3/19/2026 3:00,0.0,0.0,,
39021,Champaign County,OH,3/19/2026 4:00,0.0,0.0,,
39021,Champaign County,OH,3/19/2026 5:00,0.0,0.0,,
39021,Champaign County,OH,3/19/2026 6:00,0.0,0.0,,
39021,Champaign County,OH,3/19/2026 7:00,0.0,0.0,,
39021,Champaign County,OH,3/19/2026 8:00,0.0,0.0,,
39021,Champaign County,OH,3/19/2026 9:00,0.0,0.0,,
39021,Champaign County,OH,3/19/2026 10:00,0.0,0.0,,
39021,Champaign County,OH,3/19/2026 11:00,0.0,0.0,,
39021,Champaign County,OH,3/19/2026 12:00,0.0,0.0,,
39021,Champaign County,OH,3/19/2026 13:00,0.0,0.0,,
39021,Champaign County,OH,3/19/2026 14:00,0.0,0.0,,
39021,Champaign County,OH,3/19/2026 15:00,0.0,0.0,,
39021,Champaign County,OH,3/19/2026 16:00,0.0,0.0,,
39021,Champaign County,OH,3/19/2026 17:00,0.0,0.0,,
39021,Champaign County,OH,3/19/2026 18:00,0.0,,,
39021,Champaign County,OH,3/19/2026 19:00,0.0,,,
39021,Champaign County,OH,3/19/2026 20:00,0.0,,,
39021,Champaign County,OH,3/19/2026 21:00,0.0,,,
39021,Champaign County,OH,3/19/2026 22:00,0.0,,,
39021,Champaign County,OH,3/19/2026 23:00,,,,
39041,Delaware County,OH,3/14/2026 0:00,0.06827528715252218,0.06233663082879185,0.013969952901458702,0.0032076059599680197
39041,Delaware County,OH,3/14/2026 1:00,0.07477510917630285,0.06646164488191933,0.013313315679260323,0.002212166945584577
39041,Delaware County,OH,3/14/2026 2:00,0.06647493298252131,0.06066413970190696,0.012088160182663092,0.003039007358187243
39041,Delaware County,OH,3/14/2026 3:00,0.0655075965147802,0.056654226146780624,0.01119336025235084,0.0038161520736614235
39041,Delaware County,OH,3/14/2026 4:00,0.06735275043911246,0.056010659620332484,0.009443633449415388,0.0038634606198463023
39041,Delaware County,OH,3/14/2026 5:00,0.06787470267207237,0.05428849079384951,0.00821461238779779,0.003714743153277574
39041,Delaware County,OH,3/14/2026 6:00,0.06624332853802876,0.04738074346765502,0.008008211750617356,0.0035916914932346135
39041,Delaware County,OH,3/14/2026 7:00,0.06602027203975418,0.042213754891105355,0.006752247029379559,0.0035875549572776393
39041,Delaware County,OH,3/14/2026 8:00,0.06782913072657039,0.042121679712837146,0.007661344403859888,0.004428778253967319
39041,Delaware County,OH,3/14/2026 9:00,0.06252348219981801,0.035895295657865395,0.00767227491081534,0.0045088525073670145
39041,Delaware County,OH,3/14/2026 10:00,0.05808859408357348,0.037420800665533,0.0073511571557327085,0.003981678635047389
39041,Delaware County,OH,3/14/2026 11:00,0.05496069179004447,0.03435311754784237,0.0074743385720809855,0.003429233179385966
39041,Delaware County,OH,3/14/2026 12:00,0.04342763251350374,0.0299420181175187,0.00806607981327228,0.003064554452409272
39041,Delaware County,OH,3/14/2026 13:00,0.04539935577915752,0.027551518882013848,0.008987124738599203,0.0029354954327345563
39041,Delaware County,OH,3/14/2026 14:00,0.0426616615546584,0.018257060322626167,0.008781582463771526,0.0031859030143379604
39041,Delaware County,OH,3/14/2026 15:00,0.039357152454594736,0.01806493029965819,0.009258359280490005,0.003053266937654558
39041,Delaware County,OH,3/14/2026 16:00,0.03561532399388165,0.016999209749688757,0.009590059891509134,0.003015943679245744
39041,Delaware County,OH,3/14/2026 17:00,0.030535065227035817,0.01408763916639397,0.008070118467157827,0.0030887578173886417
39041,Delaware County,OH,3/14/2026 18:00,0.028426427975185947,0.01399734163769211,0.007524853048324738,0.0028708619774598827
39041,Delaware County,OH,3/14/2026 19:00,0.023942267979994287,0.01373590488119813,0.006639999648912384,0.0020091134023863732
39041,Delaware County,OH,3/14/2026 20:00,0.022353191580263648,0.01309986853518364,0.005196740144136711,0.0018614716909901414
39041,Delaware County,OH,3/14/2026 21:00,0.02004740308766234,0.01314815223016155,0.0036446012349278874,0.0018703625457486934
39041,Delaware County,OH,3/14/2026 22:00,0.01914812625756561,0.012997283228948685,0.0036219895538687676,0.001702429772318309
39041,Delaware County,OH,3/14/2026 23:00,0.01778765633770757,0.012398785475120886,0.0036647064198500594,0.0012261464767245333
39041,Delaware County,OH,3/15/2026 0:00,0.017623036077752965,0.012127693051288312,0.003917916704109275,0.0012585371151455525
39041,Delaware County,OH,3/15/2026 1:00,0.017350912925799922,0.012065576340033022,0.003975144442224453,0.0012458168021169682
39041,Delaware County,OH,3/15/2026 2:00,0.017033590292020798,0.01206843516321674,0.004187960823132908,0.0012863996055822874
39041,Delaware County,OH,3/15/2026 3:00,0.015827960706992033,0.012138590979388516,0.004400987486385331,0.0013104217626160044
39041,Delaware County,OH,3/15/2026 4:00,0.015537443537662333,0.011918359160696489,0.0046201021829121915,0.0013555376631680996
39041,Delaware County,OH,3/15/2026 5:00,0.015980263991828114,0.011298811885385573,0.004646781054746824,0.0010516121597408787
39041,Delaware County,OH,3/15/2026 6:00,0.01580724050269166,0.010611272045664763,0.004472122505743421,0.0
39041,Delaware County,OH,3/15/2026 7:00,0.01483434530665992,0.011275876846746443,0.004079353430602431,0.0
39041,Delaware County,OH,3/15/2026 8:00,0.015314885361064873,0.011326825367330384,0.004366760320944656,0.0
39041,Delaware County,OH,3/15/2026 9:00,0.015035242708300577,0.011612300832983227,0.003880704332563405,0.001292366226355033
39041,Delaware County,OH,3/15/2026 10:00,0.01358745330615448,0.01071628078692407,0.004265865726742864,0.0011692102272396092
39041,Delaware County,OH,3/15/2026 11:00,0.013927911425164754,0.010368582106518351,0.003583240660251201,0.0
39041,Delaware County,OH,3/15/2026 12:00,0.013906820530028861,0.009992209274576464,0.0032708823964659123,0.001030718605823878
39041,Delaware County,OH,3/15/2026 13:00,0.013342855091806714,0.010160317321983428,0.0032019615675290035,0.0
39041,Delaware County,OH,3/15/2026 14:00,0.013262804706768501,0.009188640666523364,0.003189279527359294,0.0
39041,Delaware County,OH,3/15/2026 15:00,0.01378539559718904,0.007761697313190041,0.003519451173861546,0.0
39041,Delaware County,OH,3/15/2026 16:00,0.013846816502944571,0.007952609752155684,0.0034170119012540794,0.0
39041,Delaware County,OH,3/15/2026 17:00,0.01286084526903423,0.007563143135286103,0.003392105126379161,0.0
39041,Delaware County,OH,3/15/2026 18:00,0.013628654446572054,0.0068944970100127635,0.003265943425115843,0.0
39041,Delaware County,OH,3/15/2026 19:00,0.011412957190668862,0.005830215464766357,0.002757682755882256,0.0
39041,Delaware County,OH,3/15/2026 20:00,0.010574456414798318,0.005576809318294582,0.0026590196516431508,0.0
39041,Delaware County,OH,3/15/2026 21:00,0.010991277589928352,0.005930520477373483,0.002502794672876199,0.0010008108890863174
39041,Delaware County,OH,3/15/2026 22:00,0.009589008396531415,0.006168889096042455,0.00260552073351186,0.0
39041,Delaware County,OH,3/15/2026 23:00,0.007670307846931173,0.005645129474918086,0.00245475550907088,0.0010209740267540285
39041,Delaware County,OH,3/16/2026 0:00,0.007309328999241676,0.005928079442037663,0.0022629128951383534,0.0
39041,Delaware County,OH,3/16/2026 1:00,0.00740334058543835,0.005513524908271735,0.002453507984149327,0.0
39041,Delaware County,OH,3/16/2026 2:00,0.007011090826552899,0.006329734658500623,0.001624396831674644,0.0
39041,Delaware County,OH,3/16/2026 3:00,0.008261585020834315,0.006775237278575292,0.001510150967463821,0.0
39041,Delaware County,OH,3/16/2026 4:00,0.006283778670805274,0.004278084499136949,0.0010750611309038724,0.0
39041,Delaware County,OH,3/16/2026 5:00,0.007413253174186617,0.00390850868210496,0.0,0.0
39041,Delaware County,OH,3/16/2026 6:00,0.0059343598514231205,0.003834321282185988,0.0,0.0
39041,Delaware County,OH,3/16/2026 7:00,0.006690223297672358,0.002487363312097803,0.0,0.0
39041,Delaware County,OH,3/16/2026 8:00,0.006815827973875919,0.001708998412657877,0.0,0.0
39041,Delaware County,OH,3/16/2026 9:00,0.005181420652830007,0.0024549857240782915,0.0,0.0
39041,Delaware County,OH,3/16/2026 10:00,0.003990104072149513,0.001941700485565731,0.0011715489856323536,0.0
39041,Delaware County,OH,3/16/2026 11:00,0.0037568793842952556,0.0013327500450737771,0.001555243354446096,0.0
39041,Delaware County,OH,3/16/2026 12:00,0.003919032600113655,0.0015130875102622374,0.0015158163627229766,0.0
39041,Delaware County,OH,3/16/2026 13:00,0.003984370233385559,0.0017360467244732153,0.001055179033936336,0.0
39041,Delaware County,OH,3/16/2026 14:00,0.0034356011226613086,0.002267368993825501,0.0,0.0
39041,Delaware County,OH,3/16/2026 15:00,0.0033854829410813097,0.0018472336827618182,0.0,0.0
39041,Delaware County,OH,3/16/2026 16:00,0.0027418128474230603,0.001509308620751536,0.0,0.0
39041,Delaware County,OH,3/16/2026 17:00,0.002662259618109247,0.0018400819120215754,0.0,0.0
39041,Delaware County,OH,3/16/2026 18:00,0.0022309700074878117,0.0018077025282066759,0.0,0.0
39041,Delaware County,OH,3/16/2026 19:00,0.0021669922982062565,0.0018364690053053472,0.0,0.0
39041,Delaware County,OH,3/16/2026 20:00,0.0023844063876802715,0.0017994363861280444,0.0,0.0
39041,Delaware County,OH,3/16/2026 21:00,0.002448860539546265,0.0016528194734490309,0.0,0.0
39041,Delaware County,OH,3/16/2026 22:00,0.002917376476442441,0.0017370787902399349,0.0,0.0
39041,Delaware County,OH,3/16/2026 23:00,0.002767284624429644,0.00202253317742843,0.0,0.0
39041,Delaware County,OH,3/17/2026 0:00,0.0026773119323894833,0.0020004316897621723,0.0,0.0
39041,Delaware County,OH,3/17/2026 1:00,0.0028197479429785477,0.0020147604299390045,0.0,0.0
39041,Delaware County,OH,3/17/2026 2:00,0.0021895849908781856,0.0020672772989093493,0.0,0.0
39041,Delaware County,OH,3/17/2026 3:00,0.0018251276609240305,0.00172456030836984,0.0,0.0
39041,Delaware County,OH,3/17/2026 4:00,0.0019505531330645648,0.001673862066145326,0.0,0.0
39041,Delaware County,OH,3/17/2026 5:00,0.001722007105741852,0.001673862066145326,0.0,0.0
39041,Delaware County,OH,3/17/2026 6:00,0.0019696087544569764,0.001754021626187199,0.0,0.0
39041,Delaware County,OH,3/17/2026 7:00,0.0017768748132982954,0.00191053927892276,0.0,0.0
39041,Delaware County,OH,3/17/2026 8:00,0.002213754357081724,0.001294303603358,0.0,0.0
39041,Delaware County,OH,3/17/2026 9:00,0.0017041573151287948,0.0,0.0,0.0
39041,Delaware County,OH,3/17/2026 10:00,0.0017027699279246503,0.0,0.0,0.0
39041,Delaware County,OH,3/17/2026 11:00,0.0017304047251855115,0.0,0.0,0.0
39041,Delaware County,OH,3/17/2026 12:00,0.0017952705895833158,0.0,0.0,0.0
39041,Delaware County,OH,3/17/2026 13:00,0.001619664851866261,0.0,0.0,0.0
39041,Delaware County,OH,3/17/2026 14:00,0.0014819847980250664,0.0,0.0,0.0
39041,Delaware County,OH,3/17/2026 15:00,0.0012068210986806293,0.0,0.0,0.0
39041,Delaware County,OH,3/17/2026 16:00,0.0010131020716906468,0.0,0.0,0.0
39041,Delaware County,OH,3/17/2026 17:00,0.0,0.0,0.0,0.0
39041,Delaware County,OH,3/17/2026 18:00,0.0,0.0,0.0,0.0
39041,Delaware County,OH,3/17/2026 19:00,0.0,0.0,0.0,0.0
39041,Delaware County,OH,3/17/2026 20:00,0.0,0.0,0.0,0.0
39041,Delaware County,OH,3/17/2026 21:00,0.0,0.0,0.0,0.0
39041,Delaware County,OH,3/17/2026 22:00,0.0,0.0,0.0,0.0
39041,Delaware County,OH,3/17/2026 23:00,0.0,0.0,0.0,0.0
39041,Delaware County,OH,3/18/2026 0:00,0.0,0.0,0.0,
39041,Delaware County,OH,3/18/2026 1:00,0.0,0.0,0.0,
39041,Delaware County,OH,3/18/2026 2:00,0.0,0.0011567783756882726,0.0,
39041,Delaware County,OH,3/18/2026 3:00,0.0,0.0,0.0,
39041,Delaware County,OH,3/18/2026 4:00,0.0,0.0,0.0,
39041,Delaware County,OH,3/18/2026 5:00,0.0,0.0,0.0,
39041,Delaware County,OH,3/18/2026 6:00,0.0,0.0,0.0,
39041,Delaware County,OH,3/18/2026 7:00,0.0,0.0,0.0,
39041,Delaware County,OH,3/18/2026 8:00,0.0,0.0,0.0,
39041,Delaware County,OH,3/18/2026 9:00,0.0,0.0,0.0,
39041,Delaware County,OH,3/18/2026 10:00,0.0,0.0,0.0,
39041,Delaware County,OH,3/18/2026 11:00,0.0,0.0,0.0,
39041,Delaware County,OH,3/18/2026 12:00,0.0,0.0,0.0,
39041,Delaware County,OH,3/18/2026 13:00,0.0,0.0,0.0,
39041,Delaware County,OH,3/18/2026 14:00,0.0,0.0,0.0,
39041,Delaware County,OH,3/18/2026 15:00,0.0011054271933763394,0.0,0.0,
39041,Delaware County,OH,3/18/2026 16:00,0.0010970093720112746,0.0,0.0,
39041,Delaware County,OH,3/18/2026 17:00,0.001059964693077656,0.0,0.0,
39041,Delaware County,OH,3/18/2026 18:00,0.0,0.0,0.0,
39041,Delaware County,OH,3/18/2026 19:00,0.0,0.0,0.0,
39041,Delaware County,OH,3/18/2026 20:00,0.0,0.0,0.0,
39041,Delaware County,OH,3/18/2026 21:00,0.0,0.0,0.0,
39041,Delaware County,OH,3/18/2026 22:00,0.0,0.0,0.0,
39041,Delaware County,OH,3/18/2026 23:00,0.0,0.0,0.0,
39041,Delaware County,OH,3/19/2026 0:00,0.0,0.0,,
39041,Delaware County,OH,3/19/2026 1:00,0.0,0.0,,
39041,Delaware County,OH,3/19/2026 2:00,0.0,0.0,,
39041,Delaware County,OH,3/19/2026 3:00,0.0,0.0,,
39041,Delaware County,OH,3/19/2026 4:00,0.0,0.0,,
39041,Delaware County,OH,3/19/2026 5:00,0.0,0.0,,
39041,Delaware County,OH,3/19/2026 6:00,0.0,0.0,,
39041,Delaware County,OH,3/19/2026 7:00,0.0,0.0,,
39041,Delaware County,OH,3/19/2026 8:00,0.0,0.0,,
39041,Delaware County,OH,3/19/2026 9:00,0.0,0.0,,
39041,Delaware County,OH,3/19/2026 10:00,0.0,0.0,,
39041,Delaware County,OH,3/19/2026 11:00,0.0,0.0,,
39041,Delaware County,OH,3/19/2026 12:00,0.0,0.0,,
39041,Delaware County,OH,3/19/2026 13:00,0.0,0.0,,
39041,Delaware County,OH,3/19/2026 14:00,0.0,0.0,,
39041,Delaware County,OH,3/19/2026 15:00,0.0,0.0,,
39041,Delaware County,OH,3/19/2026 16:00,0.0,0.0,,
39041,Delaware County,OH,3/19/2026 17:00,0.0,0.0,,
39041,Delaware County,OH,3/19/2026 18:00,0.0,,,
39041,Delaware County,OH,3/19/2026 19:00,0.0,,,
39041,Delaware County,OH,3/19/2026 20:00,0.0,,,
39041,Delaware County,OH,3/19/2026 21:00,0.0,,,
39041,Delaware County,OH,3/19/2026 22:00,0.0,,,
39041,Delaware County,OH,3/19/2026 23:00,,,,
39043,Erie County,OH,3/14/2026 0:00,0.050748155215676424,0.03810061295234896,0.006569750146793639,0.0062704065102894176
39043,Erie County,OH,3/14/2026 1:00,0.04871740866687509,0.037303079965430315,0.006783976008573625,0.006371063281880134
39043,Erie County,OH,3/14/2026 2:00,0.04173390432050675,0.03300744060868174,0.006818901185887245,0.004201846479709005
39043,Erie County,OH,3/14/2026 3:00,0.04006767465031338,0.03143977620386117,0.006526923106715335,0.006604833728206398
39043,Erie County,OH,3/14/2026 4:00,0.040784044136937286,0.030150933944577733,0.006574066041754859,0.006640420893704156
39043,Erie County,OH,3/14/2026 5:00,0.04079799297735524,0.0275683595728323,0.006078103694790693,0.0063729389545975415
39043,Erie County,OH,3/14/2026 6:00,0.039471386952535624,0.027883656284227943,0.006424159753187344,0.006218086999952132
39043,Erie County,OH,3/14/2026 7:00,0.03983250337806387,0.02448696737310493,0.00604961619287775,0.006244163455773978
39043,Erie County,OH,3/14/2026 8:00,0.0427383699257275,0.02067499139649796,0.005781122441254693,0.004993039806033143
39043,Erie County,OH,3/14/2026 9:00,0.03572358276228422,0.016562148255203222,0.004871695762909384,0.005781157178262414
39043,Erie County,OH,3/14/2026 10:00,0.02997407843204302,0.016127474615668384,0.00457164138605624,0.005651998560543972
39043,Erie County,OH,3/14/2026 11:00,0.029729741184391787,0.013859598590832354,0.0045141171116848955,0.004677104465311928
39043,Erie County,OH,3/14/2026 12:00,0.02498507609812294,0.010760875653843597,0.005139260514169863,0.003040476959494341
39043,Erie County,OH,3/14/2026 13:00,0.025836908195010194,0.010713570820901219,0.004893448413483197,0.0029468558008612896
39043,Erie County,OH,3/14/2026 14:00,0.02020286849931516,0.009840811837268884,0.0048886362893174875,0.0027289085479850644
39043,Erie County,OH,3/14/2026 15:00,0.015891861481302495,0.00795279585955412,0.0047400988813722815,0.0025361096226376462
39043,Erie County,OH,3/14/2026 16:00,0.015103640075935836,0.00818921585970178,0.005047501537632589,0.002886245225224052
39043,Erie County,OH,3/14/2026 17:00,0.012279734307337361,0.0069054836428823875,0.00475496926770921,0.002884467165771921
39043,Erie County,OH,3/14/2026 18:00,0.011024658606633321,0.007158684118368674,0.004836816241084411,0.0021430184652937085
39043,Erie County,OH,3/14/2026 19:00,0.011341004958169103,0.006855429702860595,0.004228069886508243,0.002441088097007523
39043,Erie County,OH,3/14/2026 20:00,0.010273855035204628,0.007089859724233653,0.004451620637480653,0.0021138887562656378
39043,Erie County,OH,3/14/2026 21:00,0.007896663154643354,0.006636776421393738,0.004576688264626041,0.002084980423864746
39043,Erie County,OH,3/14/2026 22:00,0.00797475518620252,0.00640019350022067,0.0045852902597850916,0.0021196089596323023
39043,Erie County,OH,3/14/2026 23:00,0.008155950441531572,0.006288321340484716,0.004470829940259407,0.0019098481758801965
39043,Erie County,OH,3/15/2026 0:00,0.006780663675722756,0.005806665952112827,0.004265902244893366,0.0018793619918661456
39043,Erie County,OH,3/15/2026 1:00,0.006929899428524762,0.006115442388173073,0.0039007042180545957,0.0
39043,Erie County,OH,3/15/2026 2:00,0.006327831815211362,0.005718358433356414,0.0030278396430135765,0.0
39043,Erie County,OH,3/15/2026 3:00,0.0060427348818588075,0.005656874742753645,0.00380856561617133,0.0
39043,Erie County,OH,3/15/2026 4:00,0.005723211331720599,0.005497809817994508,0.0038253220719458095,0.0
39043,Erie County,OH,3/15/2026 5:00,0.005489014504368778,0.004741429274594226,0.0030409720918787887,0.0
39043,Erie County,OH,3/15/2026 6:00,0.005292310659502434,0.005155093783843318,0.003441092269252352,0.0
39043,Erie County,OH,3/15/2026 7:00,0.005249421587767506,0.005623568616981746,0.004782781945471177,0.0
39043,Erie County,OH,3/15/2026 8:00,0.005652466489279564,0.005975611637429707,0.004999260532691517,0.0
39043,Erie County,OH,3/15/2026 9:00,0.005669486504025513,0.005805297216646509,0.0047596724283379,0.0
39043,Erie County,OH,3/15/2026 10:00,0.0045454128160202,0.005570523638625831,0.0030396875753641315,0.0
39043,Erie County,OH,3/15/2026 11:00,0.00426538816183937,0.004994017043036386,0.0028553050677169343,0.0
39043,Erie County,OH,3/15/2026 12:00,0.004986900985651404,0.004615532159359579,0.002515967699496703,0.0
39043,Erie County,OH,3/15/2026 13:00,0.0051363479298011105,0.0049094395522796125,0.002598940200229062,0.0
39043,Erie County,OH,3/15/2026 14:00,0.005428260987435427,0.004839028065437104,0.0024258048648407903,0.0
39043,Erie County,OH,3/15/2026 15:00,0.005134906296922981,0.004940633428468056,0.0023442477744359015,0.0
39043,Erie County,OH,3/15/2026 16:00,0.005119304384497277,0.004437286320883462,0.0023219909770894396,0.0
39043,Erie County,OH,3/15/2026 17:00,0.005245290999874023,0.0046923212279983495,0.002433342367173146,0.0
39043,Erie County,OH,3/15/2026 18:00,0.005241162051733897,0.004276226766671782,0.0022111248832105855,0.0
39043,Erie County,OH,3/15/2026 19:00,0.004658920418654299,0.00421050970630287,0.0013317848551701633,0.0
39043,Erie County,OH,3/15/2026 20:00,0.004740547406376038,0.0034127495220485555,0.00149643524639298,0.0
39043,Erie County,OH,3/15/2026 21:00,0.004983733765474295,0.004769548230449041,0.0014871537820623777,0.0
39043,Erie County,OH,3/15/2026 22:00,0.004458012198593348,0.004604903499457963,0.001705069179106716,0.0
39043,Erie County,OH,3/15/2026 23:00,0.004058359864806934,0.005016047109305411,0.001320669144441759,0.0
39043,Erie County,OH,3/16/2026 0:00,0.0037489815413397935,0.005109686850171557,0.0016865956957560608,0.0
39043,Erie County,OH,3/16/2026 1:00,0.004265400008011036,0.005711558336942687,0.001290710675678117,0.0
39043,Erie County,OH,3/16/2026 2:00,0.0053845752374308735,0.0056745869345625425,0.0,0.0
39043,Erie County,OH,3/16/2026 3:00,0.00732450997926234,0.00549216629440585,0.0012359762991807337,0.0
39043,Erie County,OH,3/16/2026 4:00,0.006323443495045239,0.004221600567242924,0.0,0.0
39043,Erie County,OH,3/16/2026 5:00,0.007325485330317368,0.0027937986052641696,0.0,0.0
39043,Erie County,OH,3/16/2026 6:00,0.005763001365642771,0.0018708475945693299,0.0,0.0
39043,Erie County,OH,3/16/2026 7:00,0.0055688810972476365,0.0018764050569931572,0.0,0.0
39043,Erie County,OH,3/16/2026 8:00,0.005293152685777067,0.0018347867203049196,0.0,0.0
39043,Erie County,OH,3/16/2026 9:00,0.0046867400605578565,0.0016107063180756842,0.0,0.0
39043,Erie County,OH,3/16/2026 10:00,0.0028664092898334106,0.0015358523135490154,0.0,0.0
39043,Erie County,OH,3/16/2026 11:00,0.0032340576987560897,0.0013512770387293703,0.0012342228404589497,0.0
39043,Erie County,OH,3/16/2026 12:00,0.002866146627294764,0.0017001591638410396,0.0011450801195242515,0.0
39043,Erie County,OH,3/16/2026 13:00,0.002380281115233154,0.0011393157234362609,0.001110663470592345,0.0
39043,Erie County,OH,3/16/2026 14:00,0.0023035311061571444,0.0010663727878138082,0.0,0.0
39043,Erie County,OH,3/16/2026 15:00,0.0011740860651696596,0.0010047774664664407,0.0,0.0
39043,Erie County,OH,3/16/2026 16:00,0.0018760304197067376,0.0012876939130915144,0.0,0.0
39043,Erie County,OH,3/16/2026 17:00,0.0010593701761044047,0.0,0.0,0.0
39043,Erie County,OH,3/16/2026 18:00,0.001485084543456996,0.0,0.0,0.0
39043,Erie County,OH,3/16/2026 19:00,0.001247440059364145,0.0,0.0,0.0
39043,Erie County,OH,3/16/2026 20:00,0.0011039939517672058,0.0,0.0,0.0
39043,Erie County,OH,3/16/2026 21:00,0.0,0.0,0.0,0.0
39043,Erie County,OH,3/16/2026 22:00,0.0012091177776905764,0.0,0.0,0.0
39043,Erie County,OH,3/16/2026 23:00,0.001176965247570631,0.0,0.0,0.0
39043,Erie County,OH,3/17/2026 0:00,0.0,0.0,0.0,0.0
39043,Erie County,OH,3/17/2026 1:00,0.0,0.0,0.0,0.0
39043,Erie County,OH,3/17/2026 2:00,0.0,0.0,0.0,0.0
39043,Erie County,OH,3/17/2026 3:00,0.0,0.0,0.0,0.0
39043,Erie County,OH,3/17/2026 4:00,0.0,0.0,0.0,0.0
39043,Erie County,OH,3/17/2026 5:00,0.0,0.0010314382208449554,0.0,0.0
39043,Erie County,OH,3/17/2026 6:00,0.0,0.0010456982513776616,0.0,0.0
39043,Erie County,OH,3/17/2026 7:00,0.0,0.0,0.0,0.0
39043,Erie County,OH,3/17/2026 8:00,0.0,0.0,0.0,0.0
39043,Erie County,OH,3/17/2026 9:00,0.0,0.0,0.0,0.0
39043,Erie County,OH,3/17/2026 10:00,0.0,0.0,0.0,0.0
39043,Erie County,OH,3/17/2026 11:00,0.0,0.0,0.0,0.0
39043,Erie County,OH,3/17/2026 12:00,0.0,0.0,0.0,0.0
39043,Erie County,OH,3/17/2026 13:00,0.0012128746533666193,0.0,0.0,0.0
39043,Erie County,OH,3/17/2026 14:00,0.0010742277589992188,0.0,0.0,0.0
39043,Erie County,OH,3/17/2026 15:00,0.0,0.0,0.0,0.0
39043,Erie County,OH,3/17/2026 16:00,0.0,0.0,0.0,0.0
39043,Erie County,OH,3/17/2026 17:00,0.0,0.0,0.0,0.0
39043,Erie County,OH,3/17/2026 18:00,0.0,0.0,0.0,0.0
39043,Erie County,OH,3/17/2026 19:00,0.0,0.0,0.0,0.0
39043,Erie County,OH,3/17/2026 20:00,0.0,0.0,0.0,0.0
39043,Erie County,OH,3/17/2026 21:00,0.0,0.0,0.0,0.0
39043,Erie County,OH,3/17/2026 22:00,0.0,0.0,0.0,0.0
39043,Erie County,OH,3/17/2026 23:00,0.0,0.0,0.0,0.0
39043,Erie County,OH,3/18/2026 0:00,0.0,0.0,0.0,
39043,Erie County,OH,3/18/2026 1:00,0.0,0.0,0.0,
39043,Erie County,OH,3/18/2026 2:00,0.0,0.0,0.0,
39043,Erie County,OH,3/18/2026 3:00,0.0,0.0,0.0,
39043,Erie County,OH,3/18/2026 4:00,0.001169301030659802,0.0,0.0,
39043,Erie County,OH,3/18/2026 5:00,0.0,0.0,0.0,
39043,Erie County,OH,3/18/2026 6:00,0.0,0.0,0.0,
39043,Erie County,OH,3/18/2026 7:00,0.0,0.0,0.0,
39043,Erie County,OH,3/18/2026 8:00,0.0,0.0,0.0,
39043,Erie County,OH,3/18/2026 9:00,0.001315788445658351,0.0,0.0,
39043,Erie County,OH,3/18/2026 10:00,0.0,0.0,0.0,
39043,Erie County,OH,3/18/2026 11:00,0.0,0.0,0.0,
39043,Erie County,OH,3/18/2026 12:00,0.0,0.0,0.0,
39043,Erie County,OH,3/18/2026 13:00,0.0,0.0,0.0,
39043,Erie County,OH,3/18/2026 14:00,0.0,0.0,0.0,
39043,Erie County,OH,3/18/2026 15:00,0.0,0.0,0.0,
39043,Erie County,OH,3/18/2026 16:00,0.0,0.0,0.0,
39043,Erie County,OH,3/18/2026 17:00,0.0,0.0,0.0,
39043,Erie County,OH,3/18/2026 18:00,0.0,0.0,0.0,
39043,Erie County,OH,3/18/2026 19:00,0.0,0.0,0.0,
39043,Erie County,OH,3/18/2026 20:00,0.0,0.0,0.0,
39043,Erie County,OH,3/18/2026 21:00,0.0,0.0,0.0,
39043,Erie County,OH,3/18/2026 22:00,0.0,0.0,0.0,
39043,Erie County,OH,3/18/2026 23:00,0.0,0.0,0.0,
39043,Erie County,OH,3/19/2026 0:00,0.0,0.0,,
39043,Erie County,OH,3/19/2026 1:00,0.0,0.0,,
39043,Erie County,OH,3/19/2026 2:00,0.0,0.0,,
39043,Erie County,OH,3/19/2026 3:00,0.0,0.0,,
39043,Erie County,OH,3/19/2026 4:00,0.0,0.0,,
39043,Erie County,OH,3/19/2026 5:00,0.0,0.0,,
39043,Erie County,OH,3/19/2026 6:00,0.0,0.0,,
39043,Erie County,OH,3/19/2026 7:00,0.0,0.0,,
39043,Erie County,OH,3/19/2026 8:00,0.0,0.0,,
39043,Erie County,OH,3/19/2026 9:00,0.0,0.0,,
39043,Erie County,OH,3/19/2026 10:00,0.0,0.0,,
39043,Erie County,OH,3/19/2026 11:00,0.0,0.0,,
39043,Erie County,OH,3/19/2026 12:00,0.0,0.0,,
39043,Erie County,OH,3/19/2026 13:00,0.0,0.0,,
39043,Erie County,OH,3/19/2026 14:00,0.0,0.0,,
39043,Erie County,OH,3/19/2026 15:00,0.0,0.0,,
39043,Erie County,OH,3/19/2026 16:00,0.0,0.0,,
39043,Erie County,OH,3/19/2026 17:00,0.0,0.0,,
39043,Erie County,OH,3/19/2026 18:00,0.0,,,
39043,Erie County,OH,3/19/2026 19:00,0.0,,,
39043,Erie County,OH,3/19/2026 20:00,0.0,,,
39043,Erie County,OH,3/19/2026 21:00,0.0,,,
39043,Erie County,OH,3/19/2026 22:00,0.0,,,
39043,Erie County,OH,3/19/2026 23:00,,,,
39047,Fayette County,OH,3/14/2026 0:00,0.004797237024030085,0.004723893203459284,0.0025772343651481134,0.0035951147412746727
39047,Fayette County,OH,3/14/2026 1:00,0.004572833337708309,0.004836849765227499,0.0025061573855581997,0.0036473955133577924
39047,Fayette County,OH,3/14/2026 2:00,0.0043456583958131475,0.004037172705653807,0.0020687527416932876,0.003424912709023956
39047,Fayette County,OH,3/14/2026 3:00,0.004332401325948516,0.0031325533448906063,0.0,0.0038884408271052935
39047,Fayette County,OH,3/14/2026 4:00,0.00394298431993518,0.002354272286242729,0.0,0.004038724136748804
39047,Fayette County,OH,3/14/2026 5:00,0.0033208370512806556,0.0014977658406926425,0.0,0.003511438765682486
39047,Fayette County,OH,3/14/2026 6:00,0.0029231191052352264,0.002013821693592029,0.0,0.003834474062955837
39047,Fayette County,OH,3/14/2026 7:00,0.002473253532311185,0.0015135299129002589,0.0,0.0031863560868519237
39047,Fayette County,OH,3/14/2026 8:00,0.0027584441469265864,0.0017377637660663395,0.0,0.003178799122393458
39047,Fayette County,OH,3/14/2026 9:00,0.003729337424670429,0.002291692893966532,0.0,0.003573877550346826
39047,Fayette County,OH,3/14/2026 10:00,0.0015877373385082675,0.0022277509830313834,0.00177375408454234,0.002790942249522231
39047,Fayette County,OH,3/14/2026 11:00,0.0013810725681020803,0.0018275065326073705,0.0,0.003075094886434341
39047,Fayette County,OH,3/14/2026 12:00,0.0010230004018993012,0.0019886627116499416,0.0020061016232304973,0.002477498484638586
39047,Fayette County,OH,3/14/2026 13:00,0.0,0.001793041234760463,0.003625848644616896,0.0012466469170119474
39047,Fayette County,OH,3/14/2026 14:00,0.0,0.0026924208411679023,0.002699063300932981,0.001116724755082264
39047,Fayette County,OH,3/14/2026 15:00,0.0,0.003059799568767644,0.0034613356658719594,0.0010627468068594296
39047,Fayette County,OH,3/14/2026 16:00,0.0,0.0028267312296446924,0.004432367749526042,0.0011002908766719677
39047,Fayette County,OH,3/14/2026 17:00,0.0,0.0029743432399900213,0.00413541701358438,0.0011181930012334712
39047,Fayette County,OH,3/14/2026 18:00,0.0,0.002716743889361116,0.0035701413317021868,0.0
39047,Fayette County,OH,3/14/2026 19:00,0.0,0.002716743889361116,0.003021205421301098,0.0
39047,Fayette County,OH,3/14/2026 20:00,0.0,0.002670934840659393,0.001915095923425028,0.0
39047,Fayette County,OH,3/14/2026 21:00,0.0,0.0026590519893772797,0.0016887461613693114,0.0
39047,Fayette County,OH,3/14/2026 22:00,0.0,0.0015642670537820893,0.002525110129643191,0.0
39047,Fayette County,OH,3/14/2026 23:00,0.0,0.0015842287952336166,0.0014382810517125425,0.0
39047,Fayette County,OH,3/15/2026 0:00,0.0,0.001582835529326141,0.0037322158374745733,0.0
39047,Fayette County,OH,3/15/2026 1:00,0.0,0.001582835529326141,0.0023092421556650156,0.0
39047,Fayette County,OH,3/15/2026 2:00,0.0,0.001609542087349039,0.0036240315193331978,0.0
39047,Fayette County,OH,3/15/2026 3:00,0.0,0.0019057614419996172,0.002423329765068164,0.0
39047,Fayette County,OH,3/15/2026 4:00,0.0,0.0017511313610550328,0.002632802399619822,0.0
39047,Fayette County,OH,3/15/2026 5:00,0.0,0.0017018170088423494,0.0037123111873631574,0.0
39047,Fayette County,OH,3/15/2026 6:00,0.0,0.003451760834690865,0.0032557927629757416,0.0
39047,Fayette County,OH,3/15/2026 7:00,0.0,0.0031972401529024356,0.0037403885245452006,0.0
39047,Fayette County,OH,3/15/2026 8:00,0.0,0.004687125187904525,0.0034108178529949442,0.0
39047,Fayette County,OH,3/15/2026 9:00,0.0,0.0054133270749555686,0.0027968996039631202,0.0
39047,Fayette County,OH,3/15/2026 10:00,0.0,0.005304289364219505,0.002383008962991836,0.0
39047,Fayette County,OH,3/15/2026 11:00,0.001888923095013017,0.004739002687827316,0.0022342584142500724,0.0
39047,Fayette County,OH,3/15/2026 12:00,0.0033738870067536804,0.0037482755317225294,0.0016003081453292232,0.0
39047,Fayette County,OH,3/15/2026 13:00,0.00539144669652761,0.0037403617593937967,0.0013105094226513352,0.0
39047,Fayette County,OH,3/15/2026 14:00,0.0047819324047990285,0.004340279208524039,0.0,0.0
39047,Fayette County,OH,3/15/2026 15:00,0.004537342231664252,0.004174901017629097,0.0,0.0
39047,Fayette County,OH,3/15/2026 16:00,0.0029468358916689085,0.002433496648191656,0.0,0.0
39047,Fayette County,OH,3/15/2026 17:00,0.0023022951362939533,0.003928361789792785,0.0,0.0
39047,Fayette County,OH,3/15/2026 18:00,0.0012506930888073224,0.002766658560127637,0.0,0.0
39047,Fayette County,OH,3/15/2026 19:00,0.0,0.002364280615260598,0.0,0.0
39047,Fayette County,OH,3/15/2026 20:00,0.0,0.0024044277282768947,0.0,0.0
39047,Fayette County,OH,3/15/2026 21:00,0.0,0.0027981520290317305,0.0,0.0
39047,Fayette County,OH,3/15/2026 22:00,0.0,0.003260727201391673,0.0014178177260911,0.0
39047,Fayette County,OH,3/15/2026 23:00,0.0,0.0031205590650906704,0.0,0.0
39047,Fayette County,OH,3/16/2026 0:00,0.0,0.0034880615930705182,0.0,0.0
39047,Fayette County,OH,3/16/2026 1:00,0.0010998179774283346,0.0032456058227171417,0.0,0.0
39047,Fayette County,OH,3/16/2026 2:00,0.0013448405892961127,0.0027799909451596302,0.0,0.0
39047,Fayette County,OH,3/16/2026 3:00,0.0018913733697216134,0.002974132205487139,0.0,0.0
39047,Fayette County,OH,3/16/2026 4:00,0.0027435185762181443,0.0028325267438607817,0.0,0.0
39047,Fayette County,OH,3/16/2026 5:00,0.00334188544010448,0.002992889347669216,0.0,0.0
39047,Fayette County,OH,3/16/2026 6:00,0.003660155869928216,0.0020426938514924923,0.0,0.0
39047,Fayette County,OH,3/16/2026 7:00,0.0041776278809403326,0.0018196935172110323,0.0,0.0
39047,Fayette County,OH,3/16/2026 8:00,0.003125772653816081,0.0015137334936260699,0.0,0.0
39047,Fayette County,OH,3/16/2026 9:00,0.0021579124640381344,0.0015154193997181566,0.0,0.0
39047,Fayette County,OH,3/16/2026 10:00,0.0016593927164946414,0.0015743071920436343,0.0,0.0
39047,Fayette County,OH,3/16/2026 11:00,0.0024704459430984955,0.0014000350500067522,0.0,0.0
39047,Fayette County,OH,3/16/2026 12:00,0.0017585540541875282,0.0,0.0,0.0
39047,Fayette County,OH,3/16/2026 13:00,0.0015174410527325842,0.0,0.0,0.0
39047,Fayette County,OH,3/16/2026 14:00,0.0,0.0,0.0,0.0
39047,Fayette County,OH,3/16/2026 15:00,0.0018556070638878629,0.0012672296260083527,0.0,0.0
39047,Fayette County,OH,3/16/2026 16:00,0.0016640769691496496,0.0016875493569652833,0.0,0.0
39047,Fayette County,OH,3/16/2026 17:00,0.0016260899709885574,0.001091759858560208,0.0,0.0
39047,Fayette County,OH,3/16/2026 18:00,0.0016075457629994502,0.0010276602585895468,0.0,0.0
39047,Fayette County,OH,3/16/2026 19:00,0.001391972759559287,0.0012761242580296127,0.0,0.0
39047,Fayette County,OH,3/16/2026 20:00,0.0,0.001044897073104278,0.0,0.0
39047,Fayette County,OH,3/16/2026 21:00,0.0,0.0,0.0,0.0
39047,Fayette County,OH,3/16/2026 22:00,0.0,0.0,0.0,0.0
39047,Fayette County,OH,3/16/2026 23:00,0.0,0.0,0.0,0.0
39047,Fayette County,OH,3/17/2026 0:00,0.0,0.0,0.0,0.0
39047,Fayette County,OH,3/17/2026 1:00,0.0,0.0,0.0,0.0
39047,Fayette County,OH,3/17/2026 2:00,0.0,0.0,0.0,0.0
39047,Fayette County,OH,3/17/2026 3:00,0.0,0.0,0.0,0.0
39047,Fayette County,OH,3/17/2026 4:00,0.0,0.0,0.0,0.0
39047,Fayette County,OH,3/17/2026 5:00,0.0,0.0,0.0,0.0
39047,Fayette County,OH,3/17/2026 6:00,0.0,0.0,0.0,0.0
39047,Fayette County,OH,3/17/2026 7:00,0.0,0.0,0.0,0.0
39047,Fayette County,OH,3/17/2026 8:00,0.0,0.0,0.0,0.0
39047,Fayette County,OH,3/17/2026 9:00,0.0,0.0,0.0,0.0
39047,Fayette County,OH,3/17/2026 10:00,0.0,0.0,0.0,0.0
39047,Fayette County,OH,3/17/2026 11:00,0.0,0.0,0.0021056863718225947,0.0
39047,Fayette County,OH,3/17/2026 12:00,0.0,0.0,0.002101107846118996,0.0
39047,Fayette County,OH,3/17/2026 13:00,0.0,0.0,0.0,0.0
39047,Fayette County,OH,3/17/2026 14:00,0.0,0.0,0.0,0.0
39047,Fayette County,OH,3/17/2026 15:00,0.0,0.0,0.0,0.0
39047,Fayette County,OH,3/17/2026 16:00,0.0,0.0,0.0,0.0
39047,Fayette County,OH,3/17/2026 17:00,0.0,0.0,0.0,0.0
39047,Fayette County,OH,3/17/2026 18:00,0.0,0.0,0.0,0.0
39047,Fayette County,OH,3/17/2026 19:00,0.0,0.0,0.0,0.0
39047,Fayette County,OH,3/17/2026 20:00,0.0,0.0,0.0,0.0
39047,Fayette County,OH,3/17/2026 21:00,0.0,0.0,0.0,0.0
39047,Fayette County,OH,3/17/2026 22:00,0.0,0.0,0.0,0.0
39047,Fayette County,OH,3/17/2026 23:00,0.0,0.0,0.0,0.0
39047,Fayette County,OH,3/18/2026 0:00,0.0,0.0010600454026904642,0.0,
39047,Fayette County,OH,3/18/2026 1:00,0.0,0.001163259721948918,0.0,
39047,Fayette County,OH,3/18/2026 2:00,0.0,0.0011151036539972761,0.0,
39047,Fayette County,OH,3/18/2026 3:00,0.0,0.0011151036539972761,0.0,
39047,Fayette County,OH,3/18/2026 4:00,0.0,0.0,0.0,
39047,Fayette County,OH,3/18/2026 5:00,0.0,0.0,0.0,
39047,Fayette County,OH,3/18/2026 6:00,0.0,0.0,0.0,
39047,Fayette County,OH,3/18/2026 7:00,0.0,0.0,0.0,
39047,Fayette County,OH,3/18/2026 8:00,0.0,0.0,0.0,
39047,Fayette County,OH,3/18/2026 9:00,0.0,0.0,0.0,
39047,Fayette County,OH,3/18/2026 10:00,0.0,0.0,0.0,
39047,Fayette County,OH,3/18/2026 11:00,0.0,0.0,0.0,
39047,Fayette County,OH,3/18/2026 12:00,0.0,0.0,0.0,
39047,Fayette County,OH,3/18/2026 13:00,0.0,0.0,0.0,
39047,Fayette County,OH,3/18/2026 14:00,0.0,0.0,0.0,
39047,Fayette County,OH,3/18/2026 15:00,0.0,0.0,0.0,
39047,Fayette County,OH,3/18/2026 16:00,0.0,0.0,0.0,
39047,Fayette County,OH,3/18/2026 17:00,0.0,0.0,0.0,
39047,Fayette County,OH,3/18/2026 18:00,0.0,0.0,0.0,
39047,Fayette County,OH,3/18/2026 19:00,0.0,0.0,0.0,
39047,Fayette County,OH,3/18/2026 20:00,0.0,0.0,0.0,
39047,Fayette County,OH,3/18/2026 21:00,0.0,0.0,0.0,
39047,Fayette County,OH,3/18/2026 22:00,0.0,0.0,0.0,
39047,Fayette County,OH,3/18/2026 23:00,0.0,0.0,0.0,
39047,Fayette County,OH,3/19/2026 0:00,0.0,0.0,,
39047,Fayette County,OH,3/19/2026 1:00,0.0,0.0,,
39047,Fayette County,OH,3/19/2026 2:00,0.0,0.0,,
39047,Fayette County,OH,3/19/2026 3:00,0.0,0.0,,
39047,Fayette County,OH,3/19/2026 4:00,0.0,0.0,,
39047,Fayette County,OH,3/19/2026 5:00,0.0,0.0,,
39047,Fayette County,OH,3/19/2026 6:00,0.0,0.0,,
39047,Fayette County,OH,3/19/2026 7:00,0.0,0.0,,
39047,Fayette County,OH,3/19/2026 8:00,0.0,0.0,,
39047,Fayette County,OH,3/19/2026 9:00,0.0,0.0,,
39047,Fayette County,OH,3/19/2026 10:00,0.0,0.0,,
39047,Fayette County,OH,3/19/2026 11:00,0.0,0.0,,
39047,Fayette County,OH,3/19/2026 12:00,0.0,0.0,,
39047,Fayette County,OH,3/19/2026 13:00,0.0,0.0,,
39047,Fayette County,OH,3/19/2026 14:00,0.0,0.0,,
39047,Fayette County,OH,3/19/2026 15:00,0.0,0.0,,
39047,Fayette County,OH,3/19/2026 16:00,0.0,0.0,,
39047,Fayette County,OH,3/19/2026 17:00,0.0,0.0,,
39047,Fayette County,OH,3/19/2026 18:00,0.0,,,
39047,Fayette County,OH,3/19/2026 19:00,0.0,,,
39047,Fayette County,OH,3/19/2026 20:00,0.0,,,
39047,Fayette County,OH,3/19/2026 21:00,0.0,,,
39047,Fayette County,OH,3/19/2026 22:00,0.0,,,
39047,Fayette County,OH,3/19/2026 23:00,,,,
39057,Greene County,OH,3/14/2026 0:00,0.0401856315322269,0.034684052601406126,0.0029958488844798554,0.0031005384020034903
39057,Greene County,OH,3/14/2026 1:00,0.03937353484298367,0.03367685050944832,0.003084710583641864,0.002848825382917675
39057,Greene County,OH,3/14/2026 2:00,0.03912822584216886,0.03018210926569126,0.0028524298415767576,0.0031459821034589314
39057,Greene County,OH,3/14/2026 3:00,0.03965684154993313,0.028401791964299802,0.00271762247187653,0.0038530263345897056
39057,Greene County,OH,3/14/2026 4:00,0.03829551398186209,0.027128215251449445,0.002839658004172164,0.004086780439493016
39057,Greene County,OH,3/14/2026 5:00,0.03855906803594659,0.02416904160203875,0.0031440304956924852,0.004742766528969686
39057,Greene County,OH,3/14/2026 6:00,0.038168458590788476,0.020421695157850733,0.002895628794870686,0.004660562616925845
39057,Greene County,OH,3/14/2026 7:00,0.03764450478291142,0.017146338545597918,0.0028333824777370077,0.004377838637084999
39057,Greene County,OH,3/14/2026 8:00,0.03699458959552487,0.014676902720168222,0.0031655637735319496,0.004868541368597961
39057,Greene County,OH,3/14/2026 9:00,0.029546044600220787,0.012566142664628624,0.0031542115643328943,0.00413325262028216
39057,Greene County,OH,3/14/2026 10:00,0.027377190502579137,0.011696715463249244,0.003421009288795518,0.0031913388902920373
39057,Greene County,OH,3/14/2026 11:00,0.021795282779397438,0.010467327859197744,0.0034730240850349195,0.0037097568789728175
39057,Greene County,OH,3/14/2026 12:00,0.018558905552713424,0.011257491768781314,0.00504076295809891,0.003055243221023005
39057,Greene County,OH,3/14/2026 13:00,0.016159645518136378,0.009931656411879533,0.005636047276601447,0.0025305789227908692
39057,Greene County,OH,3/14/2026 14:00,0.015503663910240354,0.007765109102694692,0.006168858866911484,0.002501340516859255
39057,Greene County,OH,3/14/2026 15:00,0.01243477477255534,0.007237388283316407,0.006662110572222613,0.0025228414046634395
39057,Greene County,OH,3/14/2026 16:00,0.010201298048707143,0.006479130073139731,0.006667937796672351,0.0019562887746410397
39057,Greene County,OH,3/14/2026 17:00,0.008465049082340649,0.005909890207152152,0.006659958175882756,0.0018064489366221034
39057,Greene County,OH,3/14/2026 18:00,0.006377427271110368,0.00581020123104576,0.007978344285246892,0.0015238773169207475
39057,Greene County,OH,3/14/2026 19:00,0.005996235118379272,0.005636512381990058,0.007714659871677969,0.0015398529523826482
39057,Greene County,OH,3/14/2026 20:00,0.004854469673064687,0.004425221153604,0.006338089832226617,0.0014592111374537493
39057,Greene County,OH,3/14/2026 21:00,0.0041417702108121875,0.0042903437500572735,0.004495508677476615,0.0013974549231995186
39057,Greene County,OH,3/14/2026 22:00,0.0039681900947540465,0.0043599612479947375,0.004449904618028701,0.0013974549231995186
39057,Greene County,OH,3/14/2026 23:00,0.0045632187252178935,0.004292918035833489,0.00479173897353382,0.0014320834589670749
39057,Greene County,OH,3/15/2026 0:00,0.003987866384987084,0.004340256571017594,0.004722849014862274,0.001330768016182745
39057,Greene County,OH,3/15/2026 1:00,0.003603059422019437,0.004392998753716349,0.0046974082403119935,0.0014193275240916169
39057,Greene County,OH,3/15/2026 2:00,0.0033698302990335166,0.004376414360602322,0.004776030099857312,0.0013617846596823294
39057,Greene County,OH,3/15/2026 3:00,0.003310263281409727,0.004252303396367454,0.004621705355656346,0.001301713911358373
39057,Greene County,OH,3/15/2026 4:00,0.0032587334590285285,0.0037663739296723993,0.004759608797799441,0.001249775693546711
39057,Greene County,OH,3/15/2026 5:00,0.0029838012122764632,0.003786107729744687,0.005112098351513869,0.0011805798646150217
39057,Greene County,OH,3/15/2026 6:00,0.0031604861523335036,0.004839205326921701,0.005262386033347855,0.0011972018787133132
39057,Greene County,OH,3/15/2026 7:00,0.003179766045338551,0.005168661627619705,0.005025252494588132,0.0011033984967539884
39057,Greene County,OH,3/15/2026 8:00,0.0031465704496121565,0.005096157993767601,0.004812457067228389,0.001137908958628995
39057,Greene County,OH,3/15/2026 9:00,0.0030967108194420332,0.004927567170678069,0.004589830619034971,0.0012768347517557517
39057,Greene County,OH,3/15/2026 10:00,0.003648852052597443,0.004803171990843701,0.0038233564352084127,0.001186877894062619
39057,Greene County,OH,3/15/2026 11:00,0.004845470337979241,0.0046659467363697905,0.003265198951426199,0.0011060369312631947
39057,Greene County,OH,3/15/2026 12:00,0.004758706135194331,0.004933711772231546,0.003017207981496936,0.0018444090517682047
39057,Greene County,OH,3/15/2026 13:00,0.0066904949886532564,0.004575160416240661,0.0023698470914099473,0.001701114304228222
39057,Greene County,OH,3/15/2026 14:00,0.005768107788961172,0.0036759000448239026,0.0024793609896081492,0.001793479149163595
39057,Greene County,OH,3/15/2026 15:00,0.005754488790891367,0.003559752937101895,0.0021893306932607836,0.0015859045847124084
39057,Greene County,OH,3/15/2026 16:00,0.005288952351725458,0.0036367570596062253,0.0018129381619846666,0.001387775033552783
39057,Greene County,OH,3/15/2026 17:00,0.0034074088506477304,0.0038604223792964854,0.0012971819969422814,0.001360017447001664
39057,Greene County,OH,3/15/2026 18:00,0.0030759758858094626,0.0036841128432045485,0.001183283940954807,0.0
39057,Greene County,OH,3/15/2026 19:00,0.003575396152722017,0.003941882746342853,0.0017368829075366892,0.0
39057,Greene County,OH,3/15/2026 20:00,0.0031866659023099568,0.0036934612528172783,0.0014716677260864384,0.0011816592163445376
39057,Greene County,OH,3/15/2026 21:00,0.002056482327041334,0.004543665937358975,0.0012099564629779484,0.001217195897295995
39057,Greene County,OH,3/15/2026 22:00,0.0022402132560879274,0.004495802577420707,0.0,0.0
39057,Greene County,OH,3/15/2026 23:00,0.0020899429427220697,0.0037498917036425444,0.0,0.0
39057,Greene County,OH,3/16/2026 0:00,0.0018282553419342654,0.003443380183254299,0.0,0.0
39057,Greene County,OH,3/16/2026 1:00,0.003428602933141975,0.003906653977708289,0.0,0.0
39057,Greene County,OH,3/16/2026 2:00,0.0035421153493144673,0.004601466775548449,0.0013569445281788352,0.0
39057,Greene County,OH,3/16/2026 3:00,0.003949676061279194,0.003825806682578945,0.0,0.0
39057,Greene County,OH,3/16/2026 4:00,0.004802024362318264,0.0040286343962446566,0.0,0.0
39057,Greene County,OH,3/16/2026 5:00,0.003406079444013837,0.00251740738650968,0.0,0.0
39057,Greene County,OH,3/16/2026 6:00,0.0032783153436507224,0.0028100829312254967,0.0,0.0
39057,Greene County,OH,3/16/2026 7:00,0.0034485351147842632,0.0023512073709737033,0.0,0.0
39057,Greene County,OH,3/16/2026 8:00,0.0037350178282415155,0.002207115138096811,0.0,0.0
39057,Greene County,OH,3/16/2026 9:00,0.0027440307776525727,0.0022507271625152175,0.0,0.0
39057,Greene County,OH,3/16/2026 10:00,0.0027511185829284125,0.00173398381507122,0.0,0.0
39057,Greene County,OH,3/16/2026 11:00,0.0029250984758929922,0.0019092544717067104,0.0011399861701851541,0.0
39057,Greene County,OH,3/16/2026 12:00,0.0021466798322006425,0.0016969092211733348,0.0,0.0
39057,Greene County,OH,3/16/2026 13:00,0.0024020811375888265,0.00125083833073924,0.0,0.0
39057,Greene County,OH,3/16/2026 14:00,0.0016130984378150497,0.0010699044005719283,0.0,0.0
39057,Greene County,OH,3/16/2026 15:00,0.00186656892843402,0.0010851716639377288,0.0,0.0
39057,Greene County,OH,3/16/2026 16:00,0.001642183825035821,0.0010569972472851386,0.0,0.0
39057,Greene County,OH,3/16/2026 17:00,0.0012257064566626513,0.0010380463399691502,0.0,0.0
39057,Greene County,OH,3/16/2026 18:00,0.0,0.0,0.0,0.0
39057,Greene County,OH,3/16/2026 19:00,0.0,0.0013932477668238516,0.0,0.0
39057,Greene County,OH,3/16/2026 20:00,0.001399223091640153,0.0,0.0,0.0
39057,Greene County,OH,3/16/2026 21:00,0.0013382202475372455,0.0,0.0,0.0
39057,Greene County,OH,3/16/2026 22:00,0.0017731921132275415,0.0,0.0,0.0
39057,Greene County,OH,3/16/2026 23:00,0.0020331003707837556,0.0,0.0,0.0
39057,Greene County,OH,3/17/2026 0:00,0.0017206068910003277,0.0010566004837871865,0.0,0.0
39057,Greene County,OH,3/17/2026 1:00,0.0015304209148453364,0.0010779954084519923,0.0,0.0
39057,Greene County,OH,3/17/2026 2:00,0.0010837374107778549,0.0011045429743748376,0.0,0.0
39057,Greene County,OH,3/17/2026 3:00,0.0014452820568550513,0.0010535375266544622,0.0,0.0
39057,Greene County,OH,3/17/2026 4:00,0.0014879186820773759,0.0010692525085169446,0.0,0.0
39057,Greene County,OH,3/17/2026 5:00,0.0011524921573816327,0.0010734913209391665,0.0,0.0
39057,Greene County,OH,3/17/2026 6:00,0.0,0.0012119143976641322,0.0,0.0
39057,Greene County,OH,3/17/2026 7:00,0.0,0.001122570828829518,0.0,0.0
39057,Greene County,OH,3/17/2026 8:00,0.001138168812800699,0.0,0.0,0.0
39057,Greene County,OH,3/17/2026 9:00,0.0,0.0,0.0,0.0
39057,Greene County,OH,3/17/2026 10:00,0.0,0.0,0.0,0.0
39057,Greene County,OH,3/17/2026 11:00,0.0,0.0,0.0,0.0
39057,Greene County,OH,3/17/2026 12:00,0.0,0.0,0.0,0.0
39057,Greene County,OH,3/17/2026 13:00,0.0,0.0,0.0,0.0
39057,Greene County,OH,3/17/2026 14:00,0.0,0.0,0.0,0.0
39057,Greene County,OH,3/17/2026 15:00,0.0,0.0,0.0,0.0
39057,Greene County,OH,3/17/2026 16:00,0.0,0.0,0.0,0.0
39057,Greene County,OH,3/17/2026 17:00,0.0,0.0,0.0,0.0
39057,Greene County,OH,3/17/2026 18:00,0.0,0.0,0.0,0.0
39057,Greene County,OH,3/17/2026 19:00,0.0,0.0,0.0,0.0
39057,Greene County,OH,3/17/2026 20:00,0.0,0.0,0.0,0.0
39057,Greene County,OH,3/17/2026 21:00,0.0,0.0,0.0,0.0
39057,Greene County,OH,3/17/2026 22:00,0.0,0.0,0.0,0.0
39057,Greene County,OH,3/17/2026 23:00,0.0,0.0,0.0,0.0
39057,Greene County,OH,3/18/2026 0:00,0.0,0.0,0.0,
39057,Greene County,OH,3/18/2026 1:00,0.0,0.0,0.0,
39057,Greene County,OH,3/18/2026 2:00,0.0,0.0,0.0,
39057,Greene County,OH,3/18/2026 3:00,0.0,0.0,0.0,
39057,Greene County,OH,3/18/2026 4:00,0.0,0.0,0.0,
39057,Greene County,OH,3/18/2026 5:00,0.0,0.0,0.0,
39057,Greene County,OH,3/18/2026 6:00,0.0,0.0,0.0,
39057,Greene County,OH,3/18/2026 7:00,0.0,0.0,0.0,
39057,Greene County,OH,3/18/2026 8:00,0.0,0.0,0.0,
39057,Greene County,OH,3/18/2026 9:00,0.0,0.0,0.0,
39057,Greene County,OH,3/18/2026 10:00,0.0,0.0,0.0,
39057,Greene County,OH,3/18/2026 11:00,0.0,0.0,0.0,
39057,Greene County,OH,3/18/2026 12:00,0.0,0.0,0.0,
39057,Greene County,OH,3/18/2026 13:00,0.0,0.0,0.0,
39057,Greene County,OH,3/18/2026 14:00,0.0,0.0,0.0,
39057,Greene County,OH,3/18/2026 15:00,0.0,0.0,0.0,
39057,Greene County,OH,3/18/2026 16:00,0.0,0.0,0.0,
39057,Greene County,OH,3/18/2026 17:00,0.0,0.0,0.0,
39057,Greene County,OH,3/18/2026 18:00,0.0,0.0,0.0,
39057,Greene County,OH,3/18/2026 19:00,0.0,0.0,0.0,
39057,Greene County,OH,3/18/2026 20:00,0.0,0.0,0.0,
39057,Greene County,OH,3/18/2026 21:00,0.0,0.0,0.0,
39057,Greene County,OH,3/18/2026 22:00,0.0,0.0,0.0,
39057,Greene County,OH,3/18/2026 23:00,0.0,0.0,0.0,
39057,Greene County,OH,3/19/2026 0:00,0.0,0.0,,
39057,Greene County,OH,3/19/2026 1:00,0.0,0.0,,
39057,Greene County,OH,3/19/2026 2:00,0.0,0.0,,
39057,Greene County,OH,3/19/2026 3:00,0.0,0.0,,
39057,Greene County,OH,3/19/2026 4:00,0.0,0.0,,
39057,Greene County,OH,3/19/2026 5:00,0.0,0.0,,
39057,Greene County,OH,3/19/2026 6:00,0.0,0.0,,
39057,Greene County,OH,3/19/2026 7:00,0.0,0.0,,
39057,Greene County,OH,3/19/2026 8:00,0.0,0.0,,
39057,Greene County,OH,3/19/2026 9:00,0.0,0.0,,
39057,Greene County,OH,3/19/2026 10:00,0.0,0.0,,
39057,Greene County,OH,3/19/2026 11:00,0.0,0.0,,
39057,Greene County,OH,3/19/2026 12:00,0.0,0.0,,
39057,Greene County,OH,3/19/2026 13:00,0.0,0.0,,
39057,Greene County,OH,3/19/2026 14:00,0.0,0.0,,
39057,Greene County,OH,3/19/2026 15:00,0.0,0.0,,
39057,Greene County,OH,3/19/2026 16:00,0.0,0.0,,
39057,Greene County,OH,3/19/2026 17:00,0.0,0.0,,
39057,Greene County,OH,3/19/2026 18:00,0.0,,,
39057,Greene County,OH,3/19/2026 19:00,0.0,,,
39057,Greene County,OH,3/19/2026 20:00,0.0,,,
39057,Greene County,OH,3/19/2026 21:00,0.0,,,
39057,Greene County,OH,3/19/2026 22:00,0.0,,,
39057,Greene County,OH,3/19/2026 23:00,,,,
39067,Harrison County,OH,3/14/2026 0:00,0.2560524859692049,0.23161237828401457,0.10683045452393322,0.036872248263851555
39067,Harrison County,OH,3/14/2026 1:00,0.25545311329940146,0.231630952878577,0.10590066081838687,0.03665605172842871
39067,Harrison County,OH,3/14/2026 2:00,0.25770453316053477,0.22845647237553157,0.10763184855109707,0.037939444465364465
39067,Harrison County,OH,3/14/2026 3:00,0.2530896459024047,0.22642645966980104,0.1081944792240911,0.03787482038259469
39067,Harrison County,OH,3/14/2026 4:00,0.25224950061745605,0.21820751161166077,0.10743588669575813,0.03776126900639758
39067,Harrison County,OH,3/14/2026 5:00,0.2526528482149151,0.20896446408627548,0.10751696773925169,0.03770195775705538
39067,Harrison County,OH,3/14/2026 6:00,0.2447520546971549,0.2005189144673285,0.10774279290398212,0.03914794540699026
39067,Harrison County,OH,3/14/2026 7:00,0.24335953163628296,0.19952825843089522,0.10268916992776783,0.0386020724033065
39067,Harrison County,OH,3/14/2026 8:00,0.23398809427504325,0.19715159003888716,0.1071697386042772,0.038147243381605404
39067,Harrison County,OH,3/14/2026 9:00,0.22083808379137504,0.19194647843859602,0.10474211705271173,0.03833973879229091
39067,Harrison County,OH,3/14/2026 10:00,0.20534943756436538,0.17805374818429742,0.09982929131904753,0.03599615719996812
39067,Harrison County,OH,3/14/2026 11:00,0.19168113937193113,0.17132075793403442,0.09490357598541221,0.03746329568155065
39067,Harrison County,OH,3/14/2026 12:00,0.18435384209390127,0.16648949591420265,0.0924851977743294,0.035450988115220135
39067,Harrison County,OH,3/14/2026 13:00,0.14433594273560288,0.13419208584648468,0.07637301577491783,0.0292339813145658
39067,Harrison County,OH,3/14/2026 14:00,0.1576630533586799,0.10994509123308717,0.08610049765371808,0.02768464890362811
39067,Harrison County,OH,3/14/2026 15:00,0.152579453809333,0.10478111059379287,0.07520359645452099,0.026744898142656886
39067,Harrison County,OH,3/14/2026 16:00,0.15371711739364247,0.10592177034791182,0.06356761865741425,0.019050679083234188
39067,Harrison County,OH,3/14/2026 17:00,0.1543501412686048,0.10101914632368932,0.06625977005304862,0.017352988928305838
39067,Harrison County,OH,3/14/2026 18:00,0.14205856569825073,0.09743338918569032,0.06278674359058872,0.010810012493298528
39067,Harrison County,OH,3/14/2026 19:00,0.11734587684571117,0.09819937359259043,0.0580699092563809,0.009662155633375873
39067,Harrison County,OH,3/14/2026 20:00,0.11939847218988063,0.09087168275525397,0.05269345818985535,0.00967759816705203
39067,Harrison County,OH,3/14/2026 21:00,0.11501554996905812,0.08862702983618144,0.04964744730908761,0.00972494127021395
39067,Harrison County,OH,3/14/2026 22:00,0.10313693594625123,0.08880600731141083,0.0429639286969209,0.008758254563319237
39067,Harrison County,OH,3/14/2026 23:00,0.10216273533687949,0.08907356606817475,0.04179178988951905,0.00858506958158298
39067,Harrison County,OH,3/15/2026 0:00,0.10176397587022172,0.09623152903377008,0.04204046213593283,0.00891234638652119
39067,Harrison County,OH,3/15/2026 1:00,0.09932549617006145,0.09490308018816254,0.04351492914869433,0.00890705907367736
39067,Harrison County,OH,3/15/2026 2:00,0.1005966449666409,0.09372063473603845,0.04227072302291759,0.00859532985860386
39067,Harrison County,OH,3/15/2026 3:00,0.09978385834575453,0.09368369243215659,0.04129042013436918,0.008515733640648589
39067,Harrison County,OH,3/15/2026 4:00,0.09972424850176867,0.0907865597657326,0.04046764909788359,0.008603810887374608
39067,Harrison County,OH,3/15/2026 5:00,0.10211645101425891,0.0793694393287957,0.04365720598728509,0.008220527533018506
39067,Harrison County,OH,3/15/2026 6:00,0.10250503482242905,0.0758179103116178,0.04332232347365747,0.008278245980366477
39067,Harrison County,OH,3/15/2026 7:00,0.09614889421043363,0.071435017735727,0.04631436546264595,0.008167279068668189
39067,Harrison County,OH,3/15/2026 8:00,0.0948068988625618,0.07082008074886784,0.04343536074296085,0.00896819519116929
39067,Harrison County,OH,3/15/2026 9:00,0.09127366243782932,0.06836173318766824,0.04434942709465149,0.008623871557256944
39067,Harrison County,OH,3/15/2026 10:00,0.08564565712962335,0.06656125521232313,0.041471287225527925,0.007872104585265596
39067,Harrison County,OH,3/15/2026 11:00,0.08296173749608655,0.06421573014779983,0.04142115618824467,0.007875239578647506
39067,Harrison County,OH,3/15/2026 12:00,0.08406593867169887,0.05650702603211026,0.03678673740410323,0.006850997594557296
39067,Harrison County,OH,3/15/2026 13:00,0.07945409884380687,0.04833222949914161,0.03361837589606919,0.007247291367680996
39067,Harrison County,OH,3/15/2026 14:00,0.07832008378886318,0.048866097493619066,0.02958309766437084,0.006555871389418485
39067,Harrison County,OH,3/15/2026 15:00,0.0696503322455312,0.04140632568082654,0.02901697895490385,0.004456830273971975
39067,Harrison County,OH,3/15/2026 16:00,0.06632491496295775,0.037856879380406376,0.021991703460099227,0.003856964500101542
39067,Harrison County,OH,3/15/2026 17:00,0.06490546642191043,0.037847263777127875,0.019079926624901277,0.0036565702482272582
39067,Harrison County,OH,3/15/2026 18:00,0.04968143781341166,0.038954974282328886,0.012123994876796,0.0010182412870426956
39067,Harrison County,OH,3/15/2026 19:00,0.04201875968699175,0.03701014791825097,0.009599603578734728,0.0
39067,Harrison County,OH,3/15/2026 20:00,0.039719403328524375,0.036836577919502685,0.010221566440472951,0.0
39067,Harrison County,OH,3/15/2026 21:00,0.038951953178802706,0.036787772572568746,0.00822086969313768,0.0
39067,Harrison County,OH,3/15/2026 22:00,0.03838002361747398,0.03677534845780055,0.008156180692245912,0.0
39067,Harrison County,OH,3/15/2026 23:00,0.039206369828627505,0.03677534845780055,0.0077955993362922495,0.0
39067,Harrison County,OH,3/16/2026 0:00,0.039229596654402774,0.038164791247551524,0.007647685638401666,0.0
39067,Harrison County,OH,3/16/2026 1:00,0.04012049823928095,0.03874892372607244,0.007519885716929037,0.0
39067,Harrison County,OH,3/16/2026 2:00,0.03859399091051343,0.038430724661962984,0.00732268504901157,0.0
39067,Harrison County,OH,3/16/2026 3:00,0.03868785149895119,0.03924704928154521,0.007237999040695154,0.0
39067,Harrison County,OH,3/16/2026 4:00,0.03863118770820141,0.03781096778830145,0.007233814504363938,0.0
39067,Harrison County,OH,3/16/2026 5:00,0.04112468948733707,0.037209632865453195,0.007354676543731147,0.0
39067,Harrison County,OH,3/16/2026 6:00,0.03862791297736354,0.034075749489105966,0.007286610844867564,0.0
39067,Harrison County,OH,3/16/2026 7:00,0.04320849825500191,0.03313053338183063,0.007307940856078643,0.0
39067,Harrison County,OH,3/16/2026 8:00,0.041731566893705004,0.031977524799478865,0.007402478825535174,0.0
39067,Harrison County,OH,3/16/2026 9:00,0.045207987474008504,0.0233064844112204,0.007389616427273088,0.0
39067,Harrison County,OH,3/16/2026 10:00,0.04191930110156991,0.01799549443686837,0.006748146290804009,0.0
39067,Harrison County,OH,3/16/2026 11:00,0.040197370670689785,0.014856907749951404,0.004235430649025512,0.0013914149956296108
39067,Harrison County,OH,3/16/2026 12:00,0.03566167658147784,0.014560415292888955,0.0048133003282515695,0.0
39067,Harrison County,OH,3/16/2026 13:00,0.03174323554648677,0.013449050380192867,0.004937552245637993,0.0017246962218760555
39067,Harrison County,OH,3/16/2026 14:00,0.030625430748309323,0.01374903585256638,0.0046825718900843135,0.002446668591768749
39067,Harrison County,OH,3/16/2026 15:00,0.02600448663689824,0.013731240831201592,0.002100023548069057,0.0
39067,Harrison County,OH,3/16/2026 16:00,0.021748478288462283,0.01314118577932689,0.0023177688740872704,0.0
39067,Harrison County,OH,3/16/2026 17:00,0.011912635241768887,0.008694572855872721,0.0,0.0
39067,Harrison County,OH,3/16/2026 18:00,0.008929934846528865,0.0059650682506347434,0.0011799227833745184,0.0
39067,Harrison County,OH,3/16/2026 19:00,0.010106096375424853,0.00575698284578921,0.0015033718303292434,0.0
39067,Harrison County,OH,3/16/2026 20:00,0.010750285317275649,0.005599858606981272,0.0011843801380795216,0.0
39067,Harrison County,OH,3/16/2026 21:00,0.010775222170215528,0.005602808160663718,0.0011407261219126437,0.0
39067,Harrison County,OH,3/16/2026 22:00,0.008229204459846437,0.005755760441371296,0.0012136036737260987,0.0
39067,Harrison County,OH,3/16/2026 23:00,0.006340098589737435,0.0056264681825652025,0.0011876741815341446,0.0
39067,Harrison County,OH,3/17/2026 0:00,0.007133885513179693,0.004668280932059501,0.0012999024673063695,0.0
39067,Harrison County,OH,3/17/2026 1:00,0.007016400805189383,0.004178587916700343,0.0013065710594863569,0.0
39067,Harrison County,OH,3/17/2026 2:00,0.007041575520959015,0.005002879656807133,0.0,0.0
39067,Harrison County,OH,3/17/2026 3:00,0.00918159058203106,0.0039048339808186927,0.0013309858714915619,0.0
39067,Harrison County,OH,3/17/2026 4:00,0.007050148712893226,0.004942113094699521,0.0010441336182683786,0.0
39067,Harrison County,OH,3/17/2026 5:00,0.007471446173197144,0.003996074980218959,0.001265179669595826,0.0
39067,Harrison County,OH,3/17/2026 6:00,0.006817585996931889,0.00430310781277113,0.001307220420983857,0.0
39067,Harrison County,OH,3/17/2026 7:00,0.007524785642583035,0.004295072050508025,0.0013256209989128366,0.0
39067,Harrison County,OH,3/17/2026 8:00,0.008000217472833446,0.003078941382443018,0.0010007786490301201,0.0
39067,Harrison County,OH,3/17/2026 9:00,0.009301879707256504,0.0021053218350447966,0.0013020135223335385,0.0
39067,Harrison County,OH,3/17/2026 10:00,0.006475692625202488,0.0,0.0028334993814169134,0.0
39067,Harrison County,OH,3/17/2026 11:00,0.007573466266518613,0.0,0.004119065585375317,0.0
39067,Harrison County,OH,3/17/2026 12:00,0.007147492565793165,0.0016837282027387106,0.002736922020774156,0.0
39067,Harrison County,OH,3/17/2026 13:00,0.007763238732623936,0.00265247308304067,0.0027746416463217535,0.0
39067,Harrison County,OH,3/17/2026 14:00,0.007201760631017701,0.00248282995363098,0.0020050172164470226,0.0
39067,Harrison County,OH,3/17/2026 15:00,0.004965384596464833,0.0020266353282416653,0.0028380679167089116,0.0
39067,Harrison County,OH,3/17/2026 16:00,0.004720482609440053,0.0015453276796045204,0.002712294543618041,0.0
39067,Harrison County,OH,3/17/2026 17:00,0.004316323474448114,0.0017212382914854863,0.0021614557579556328,0.0
39067,Harrison County,OH,3/17/2026 18:00,0.003915726086852886,0.0022051970320768684,0.0016810929911615727,0.0
39067,Harrison County,OH,3/17/2026 19:00,0.004046143944569034,0.0022051970320768684,0.0016700089393892148,0.0
39067,Harrison County,OH,3/17/2026 20:00,0.0023355312229704703,0.0022309586805553125,0.0019216565584121374,0.0
39067,Harrison County,OH,3/17/2026 21:00,0.002383660963707547,0.0022602708889059428,0.0016471843247267842,0.0
39067,Harrison County,OH,3/17/2026 22:00,0.002675287734959104,0.0022698808787165615,0.0,0.0
39067,Harrison County,OH,3/17/2026 23:00,0.0023625594588715508,0.002466684977024754,0.001102973857465408,0.0
39067,Harrison County,OH,3/18/2026 0:00,0.002090795949359487,0.0015058757946882061,0.0,
39067,Harrison County,OH,3/18/2026 1:00,0.002090795949359487,0.0015052719262625674,0.0,
39067,Harrison County,OH,3/18/2026 2:00,0.0020989331729322335,0.003139647680151316,0.0,
39067,Harrison County,OH,3/18/2026 3:00,0.0018364594717469461,0.003465764924986185,0.0,
39067,Harrison County,OH,3/18/2026 4:00,0.001834478163041496,0.0033148541658857187,0.0,
39067,Harrison County,OH,3/18/2026 5:00,0.0018025356145953042,0.001917129829175992,0.0,
39067,Harrison County,OH,3/18/2026 6:00,0.0018412851758962247,0.002323781680758752,0.0,
39067,Harrison County,OH,3/18/2026 7:00,0.0018423178203969672,0.0016788358969009483,0.0,
39067,Harrison County,OH,3/18/2026 8:00,0.0024187756036583115,0.0,0.0,
39067,Harrison County,OH,3/18/2026 9:00,0.003008085013750867,0.0012387064590035008,0.0,
39067,Harrison County,OH,3/18/2026 10:00,0.0036222534652381256,0.0,0.0,
39067,Harrison County,OH,3/18/2026 11:00,0.003322006936363356,0.0,0.0012857803177820598,
39067,Harrison County,OH,3/18/2026 12:00,0.002692228039164047,0.0,0.0013864631821242938,
39067,Harrison County,OH,3/18/2026 13:00,0.0024496333880146266,0.0,0.001300696550508185,
39067,Harrison County,OH,3/18/2026 14:00,0.002120149261703877,0.0,0.0010065636990657424,
39067,Harrison County,OH,3/18/2026 15:00,0.0018826359778926723,0.0,0.0,
39067,Harrison County,OH,3/18/2026 16:00,0.002589987537477899,0.0011343603448552382,0.0,
39067,Harrison County,OH,3/18/2026 17:00,0.0018481820165419547,0.0,0.0,
39067,Harrison County,OH,3/18/2026 18:00,0.0018638742568120605,0.0,0.0,
39067,Harrison County,OH,3/18/2026 19:00,0.0019286803826198005,0.0,0.0,
39067,Harrison County,OH,3/18/2026 20:00,0.0017203691344100532,0.0,0.0,
39067,Harrison County,OH,3/18/2026 21:00,0.0017422800820345373,0.0,0.0,
39067,Harrison County,OH,3/18/2026 22:00,0.0017531515281608242,0.0,0.0,
39067,Harrison County,OH,3/18/2026 23:00,0.001818308671877127,0.0,0.0,
39067,Harrison County,OH,3/19/2026 0:00,0.0013566881845090556,0.0,,
39067,Harrison County,OH,3/19/2026 1:00,0.0012586325449416309,0.0,,
39067,Harrison County,OH,3/19/2026 2:00,0.00123457199220511,0.0,,
39067,Harrison County,OH,3/19/2026 3:00,0.0012685149638027105,0.0,,
39067,Harrison County,OH,3/19/2026 4:00,0.0013123740933988918,0.0,,
39067,Harrison County,OH,3/19/2026 5:00,0.0012773096056249962,0.0,,
39067,Harrison County,OH,3/19/2026 6:00,0.001266019116537258,0.0,,
39067,Harrison County,OH,3/19/2026 7:00,0.0012308240987308305,0.0,,
39067,Harrison County,OH,3/19/2026 8:00,0.001261061968566939,0.0,,
39067,Harrison County,OH,3/19/2026 9:00,0.0012486309024943704,0.0,,
39067,Harrison County,OH,3/19/2026 10:00,0.001226221992861751,0.0,,
39067,Harrison County,OH,3/19/2026 11:00,0.0011978461348626942,0.0,,
39067,Harrison County,OH,3/19/2026 12:00,0.001186814101462524,0.0,,
39067,Harrison County,OH,3/19/2026 13:00,0.0012173150533063462,0.0,,
39067,Harrison County,OH,3/19/2026 14:00,0.001215896023565715,0.001039921222875134,,
39067,Harrison County,OH,3/19/2026 15:00,0.001232228947351296,0.0,,
39067,Harrison County,OH,3/19/2026 16:00,0.0012813682897248745,0.0,,
39067,Harrison County,OH,3/19/2026 17:00,0.0012684886590838456,0.0,,
39067,Harrison County,OH,3/19/2026 18:00,0.0021518274007698967,,,
39067,Harrison County,OH,3/19/2026 19:00,0.0011688472523622604,,,
39067,Harrison County,OH,3/19/2026 20:00,0.001234031160237074,,,
39067,Harrison County,OH,3/19/2026 21:00,0.001867407561510075,,,
39067,Harrison County,OH,3/19/2026 22:00,0.001993959781786893,,,
39067,Harrison County,OH,3/19/2026 23:00,,,,
39071,Highland County,OH,3/14/2026 0:00,0.00201034977797761,0.0012985062275720025,0.0,0.0028494247749981847
39071,Highland County,OH,3/14/2026 1:00,0.001420213887300398,0.0010993676412707643,0.0,0.002338081765562995
39071,Highland County,OH,3/14/2026 2:00,0.0011146428534355298,0.0010706721426232432,0.0,0.003176006929046685
39071,Highland County,OH,3/14/2026 3:00,0.0,0.0010663061307487566,0.0,0.004625927429924868
39071,Highland County,OH,3/14/2026 4:00,0.0,0.0013155638619158998,0.0,0.003209677446180724
39071,Highland County,OH,3/14/2026 5:00,0.0,0.0010038332197052921,0.0,0.004077902779869797
39071,Highland County,OH,3/14/2026 6:00,0.0,0.0,0.0,0.004058245307109569
39071,Highland County,OH,3/14/2026 7:00,0.0,0.0,0.0,0.004052801817026954
39071,Highland County,OH,3/14/2026 8:00,0.0,0.0,0.0,0.0027825581875261986
39071,Highland County,OH,3/14/2026 9:00,0.0,0.0010567244545755072,0.0,0.0037566164132275923
39071,Highland County,OH,3/14/2026 10:00,0.0,0.0,0.0,0.003877509483633857
39071,Highland County,OH,3/14/2026 11:00,0.0,0.0,0.0018013408178043549,0.00270106903835313
39071,Highland County,OH,3/14/2026 12:00,0.0,0.0,0.0016410557757076789,0.0016492445257966738
39071,Highland County,OH,3/14/2026 13:00,0.0,0.0,0.00437241762816136,0.0015524489653623464
39071,Highland County,OH,3/14/2026 14:00,0.0,0.0,0.0052074332719100665,0.0017477533010461957
39071,Highland County,OH,3/14/2026 15:00,0.0,0.0,0.0055268655664148306,0.0011260817923317277
39071,Highland County,OH,3/14/2026 16:00,0.0,0.0,0.005001866489674253,0.0011681949087104283
39071,Highland County,OH,3/14/2026 17:00,0.0012315708597136564,0.0,0.004700136886498033,0.0011105422612224154
39071,Highland County,OH,3/14/2026 18:00,0.0,0.0,0.00448728854348544,0.0
39071,Highland County,OH,3/14/2026 19:00,0.0,0.0,0.004449985067878859,0.0
39071,Highland County,OH,3/14/2026 20:00,0.0,0.0,0.0031772484952529256,0.0
39071,Highland County,OH,3/14/2026 21:00,0.0,0.0,0.0029481874763287587,0.0
39071,Highland County,OH,3/14/2026 22:00,0.0,0.0,0.004910136114985048,0.0
39071,Highland County,OH,3/14/2026 23:00,0.0,0.0,0.003914740669358835,0.0010693762034021332
39071,Highland County,OH,3/15/2026 0:00,0.0,0.0,0.0034811906891776736,0.0011128008642806017
39071,Highland County,OH,3/15/2026 1:00,0.0,0.0,0.003827052109737811,0.0
39071,Highland County,OH,3/15/2026 2:00,0.0,0.0,0.005798773990704457,0.0
39071,Highland County,OH,3/15/2026 3:00,0.0,0.0,0.002765570646527721,0.0
39071,Highland County,OH,3/15/2026 4:00,0.0,0.0,0.002414815744016243,0.0
39071,Highland County,OH,3/15/2026 5:00,0.0,0.0,0.003216193690000278,0.0
39071,Highland County,OH,3/15/2026 6:00,0.0,0.0018357979344470893,0.0031110775194400963,0.0
39071,Highland County,OH,3/15/2026 7:00,0.0,0.005393792336049479,0.0026441136808389985,0.0
39071,Highland County,OH,3/15/2026 8:00,0.0,0.004430489228494282,0.0023312120298688956,0.0
39071,Highland County,OH,3/15/2026 9:00,0.0,0.004481883745703375,0.0014742860948280883,0.0
39071,Highland County,OH,3/15/2026 10:00,0.0,0.004544761045210581,0.0019784044452900995,0.0
39071,Highland County,OH,3/15/2026 11:00,0.0024412068397786793,0.005400048480303551,0.001363042978102654,0.0
39071,Highland County,OH,3/15/2026 12:00,0.005040377278948193,0.004507190650775365,0.0,0.0
39071,Highland County,OH,3/15/2026 13:00,0.009063931082025226,0.004277841293236995,0.0,0.0
39071,Highland County,OH,3/15/2026 14:00,0.008522102950996167,0.0036727456633555665,0.0,0.0
39071,Highland County,OH,3/15/2026 15:00,0.011593691252117864,0.004113142123664406,0.0,0.0
39071,Highland County,OH,3/15/2026 16:00,0.006009094746914717,0.00399327276271711,0.0,0.0
39071,Highland County,OH,3/15/2026 17:00,0.004213840297313103,0.0028907156940286877,0.0,0.0
39071,Highland County,OH,3/15/2026 18:00,0.0048333605761303865,0.003220905009075485,0.0,0.0
39071,Highland County,OH,3/15/2026 19:00,0.004852116586987053,0.0015838132969479182,0.0,0.0
39071,Highland County,OH,3/15/2026 20:00,0.003388238768871642,0.001612096125125147,0.0,0.0
39071,Highland County,OH,3/15/2026 21:00,0.002813425415864561,0.0020012156570568492,0.0,0.0
39071,Highland County,OH,3/15/2026 22:00,0.0031275995663556746,0.0019594865808690797,0.0,0.0
39071,Highland County,OH,3/15/2026 23:00,0.00200060567171762,0.0037680085827591124,0.0,0.0
39071,Highland County,OH,3/16/2026 0:00,0.0018928060720727416,0.004034561325319659,0.0,0.0
39071,Highland County,OH,3/16/2026 1:00,0.002077909197744405,0.004222448700517428,0.0,0.0
39071,Highland County,OH,3/16/2026 2:00,0.003343769611943662,0.0037909871872807742,0.0,0.0
39071,Highland County,OH,3/16/2026 3:00,0.003956084605468066,0.003692207567705945,0.0,0.0
39071,Highland County,OH,3/16/2026 4:00,0.006188145653668924,0.003781761211918708,0.0,0.0
39071,Highland County,OH,3/16/2026 5:00,0.007168767536286442,0.0030025258715536437,0.0,0.0
39071,Highland County,OH,3/16/2026 6:00,0.005922869927919188,0.0013030755712509221,0.0,0.0
39071,Highland County,OH,3/16/2026 7:00,0.0038566503615486466,0.0,0.0,0.0
39071,Highland County,OH,3/16/2026 8:00,0.003348751515575033,0.001891601264304611,0.0,0.0
39071,Highland County,OH,3/16/2026 9:00,0.002961929230070151,0.0,0.0,0.0
39071,Highland County,OH,3/16/2026 10:00,0.003060545001944756,0.0012063871450693354,0.0,0.0
39071,Highland County,OH,3/16/2026 11:00,0.00407218699845344,0.0,0.0,0.0
39071,Highland County,OH,3/16/2026 12:00,0.003300105993103144,0.0010224873825610782,0.0,0.0
39071,Highland County,OH,3/16/2026 13:00,0.002544355898853263,0.0011340200438183798,0.0,0.0
39071,Highland County,OH,3/16/2026 14:00,0.0014237959041876159,0.001063999902622722,0.0,0.0
39071,Highland County,OH,3/16/2026 15:00,0.0025762119966238973,0.0,0.0,0.0
39071,Highland County,OH,3/16/2026 16:00,0.003766246895339567,0.001040159749568629,0.0,0.0
39071,Highland County,OH,3/16/2026 17:00,0.002922592517141721,0.0,0.0,0.0
39071,Highland County,OH,3/16/2026 18:00,0.0018661849131392269,0.0,0.0,0.0
39071,Highland County,OH,3/16/2026 19:00,0.002171511288967562,0.0,0.0,0.0
39071,Highland County,OH,3/16/2026 20:00,0.0,0.0,0.0,0.0
39071,Highland County,OH,3/16/2026 21:00,0.001059867011041098,0.0,0.0,0.0
39071,Highland County,OH,3/16/2026 22:00,0.0013096509520213763,0.0,0.0,0.0
39071,Highland County,OH,3/16/2026 23:00,0.0,0.0,0.0,0.0
39071,Highland County,OH,3/17/2026 0:00,0.0,0.0,0.0,0.0
39071,Highland County,OH,3/17/2026 1:00,0.0,0.0,0.0,0.0
39071,Highland County,OH,3/17/2026 2:00,0.0,0.0,0.0,0.0
39071,Highland County,OH,3/17/2026 3:00,0.0011735321853166762,0.0,0.0,0.0
39071,Highland County,OH,3/17/2026 4:00,0.0010607377368445831,0.0,0.0,0.0
39071,Highland County,OH,3/17/2026 5:00,0.0,0.0,0.0,0.0
39071,Highland County,OH,3/17/2026 6:00,0.0,0.0,0.0,0.0
39071,Highland County,OH,3/17/2026 7:00,0.0,0.0,0.0,0.0
39071,Highland County,OH,3/17/2026 8:00,0.0,0.0,0.0,0.0
39071,Highland County,OH,3/17/2026 9:00,0.0,0.0,0.0,0.0
39071,Highland County,OH,3/17/2026 10:00,0.0,0.0,0.0,0.0
39071,Highland County,OH,3/17/2026 11:00,0.0,0.0,0.0,0.0
39071,Highland County,OH,3/17/2026 12:00,0.0,0.0,0.0,0.0
39071,Highland County,OH,3/17/2026 13:00,0.0,0.0,0.0,0.0
39071,Highland County,OH,3/17/2026 14:00,0.0,0.0,0.0,0.0
39071,Highland County,OH,3/17/2026 15:00,0.0,0.0,0.0,0.0
39071,Highland County,OH,3/17/2026 16:00,0.0,0.0,0.0,0.0
39071,Highland County,OH,3/17/2026 17:00,0.0,0.0,0.0,0.0
39071,Highland County,OH,3/17/2026 18:00,0.0,0.0,0.0,0.0
39071,Highland County,OH,3/17/2026 19:00,0.0,0.0,0.0,0.0
39071,Highland County,OH,3/17/2026 20:00,0.0,0.0,0.0,0.0
39071,Highland County,OH,3/17/2026 21:00,0.0,0.0,0.0,0.0
39071,Highland County,OH,3/17/2026 22:00,0.0,0.0,0.0,0.0
39071,Highland County,OH,3/17/2026 23:00,0.0,0.0,0.0,0.0
39071,Highland County,OH,3/18/2026 0:00,0.0,0.0,0.0,
39071,Highland County,OH,3/18/2026 1:00,0.0,0.0,0.0,
39071,Highland County,OH,3/18/2026 2:00,0.0,0.0,0.0,
39071,Highland County,OH,3/18/2026 3:00,0.0,0.0,0.0,
39071,Highland County,OH,3/18/2026 4:00,0.0,0.0,0.0,
39071,Highland County,OH,3/18/2026 5:00,0.0,0.0,0.0,
39071,Highland County,OH,3/18/2026 6:00,0.0,0.0,0.0,
39071,Highland County,OH,3/18/2026 7:00,0.0,0.0,0.0,
39071,Highland County,OH,3/18/2026 8:00,0.0,0.0,0.0,
39071,Highland County,OH,3/18/2026 9:00,0.0,0.0,0.0,
39071,Highland County,OH,3/18/2026 10:00,0.0,0.0,0.0,
39071,Highland County,OH,3/18/2026 11:00,0.0,0.0,0.0,
39071,Highland County,OH,3/18/2026 12:00,0.0,0.0,0.0,
39071,Highland County,OH,3/18/2026 13:00,0.0,0.0,0.0,
39071,Highland County,OH,3/18/2026 14:00,0.0,0.0,0.0,
39071,Highland County,OH,3/18/2026 15:00,0.0,0.0,0.0,
39071,Highland County,OH,3/18/2026 16:00,0.0,0.0,0.0,
39071,Highland County,OH,3/18/2026 17:00,0.0,0.0,0.0,
39071,Highland County,OH,3/18/2026 18:00,0.0,0.0,0.0,
39071,Highland County,OH,3/18/2026 19:00,0.0,0.0,0.0,
39071,Highland County,OH,3/18/2026 20:00,0.0,0.0,0.0,
39071,Highland County,OH,3/18/2026 21:00,0.0,0.0,0.0,
39071,Highland County,OH,3/18/2026 22:00,0.0,0.0,0.0,
39071,Highland County,OH,3/18/2026 23:00,0.0,0.0,0.0,
39071,Highland County,OH,3/19/2026 0:00,0.0,0.0,,
39071,Highland County,OH,3/19/2026 1:00,0.0,0.0,,
39071,Highland County,OH,3/19/2026 2:00,0.0,0.0,,
39071,Highland County,OH,3/19/2026 3:00,0.0,0.0,,
39071,Highland County,OH,3/19/2026 4:00,0.0,0.0,,
39071,Highland County,OH,3/19/2026 5:00,0.0,0.0,,
39071,Highland County,OH,3/19/2026 6:00,0.0,0.0,,
39071,Highland County,OH,3/19/2026 7:00,0.0,0.0,,
39071,Highland County,OH,3/19/2026 8:00,0.0,0.0,,
39071,Highland County,OH,3/19/2026 9:00,0.0,0.0,,
39071,Highland County,OH,3/19/2026 10:00,0.0,0.0,,
39071,Highland County,OH,3/19/2026 11:00,0.0,0.0,,
39071,Highland County,OH,3/19/2026 12:00,0.0,0.0,,
39071,Highland County,OH,3/19/2026 13:00,0.0,0.0,,
39071,Highland County,OH,3/19/2026 14:00,0.0,0.0,,
39071,Highland County,OH,3/19/2026 15:00,0.0,0.0,,
39071,Highland County,OH,3/19/2026 16:00,0.0,0.0,,
39071,Highland County,OH,3/19/2026 17:00,0.0,0.0,,
39071,Highland County,OH,3/19/2026 18:00,0.0,,,
39071,Highland County,OH,3/19/2026 19:00,0.0,,,
39071,Highland County,OH,3/19/2026 20:00,0.0,,,
39071,Highland County,OH,3/19/2026 21:00,0.0,,,
39071,Highland County,OH,3/19/2026 22:00,0.0,,,
39071,Highland County,OH,3/19/2026 23:00,,,,
39079,Jackson County,OH,3/14/2026 0:00,0.0048905276899168845,0.002338681076383756,0.0,0.0024822543998460813
39079,Jackson County,OH,3/14/2026 1:00,0.004581331783851726,0.0022804073684782205,0.0,0.003112005862523325
39079,Jackson County,OH,3/14/2026 2:00,0.00441157389223606,0.0021859202955316404,0.0,0.003132904589026304
39079,Jackson County,OH,3/14/2026 3:00,0.00449165486725585,0.002228266284661602,0.0,0.0024553708791679283
39079,Jackson County,OH,3/14/2026 4:00,0.004119124385519172,0.0022470405841924926,0.0,0.003278130060426872
39079,Jackson County,OH,3/14/2026 5:00,0.004049066797198672,0.0017448946529489643,0.0,0.004703403526400624
39079,Jackson County,OH,3/14/2026 6:00,0.0037269802494932923,0.0011240319923353625,0.0,0.003916795781818277
39079,Jackson County,OH,3/14/2026 7:00,0.00323633413811954,0.0,0.0,0.004212326350538851
39079,Jackson County,OH,3/14/2026 8:00,0.0026334706862133745,0.0,0.0,0.003620905830563375
39079,Jackson County,OH,3/14/2026 9:00,0.002212273032478261,0.0,0.0,0.004075813881929144
39079,Jackson County,OH,3/14/2026 10:00,0.0020926093054877025,0.0,0.0,0.004611126216929048
39079,Jackson County,OH,3/14/2026 11:00,0.002140030316924151,0.0,0.0011577236776511158,0.004243986482457254
39079,Jackson County,OH,3/14/2026 12:00,0.0024625366662624692,0.0,0.0012704841075345862,0.003450880663494724
39079,Jackson County,OH,3/14/2026 13:00,0.0021889593367826147,0.001267994616558086,0.0022223639890259126,0.0022810283038961414
39079,Jackson County,OH,3/14/2026 14:00,0.001946344545256159,0.0,0.002516559544803848,0.0018399659265524182
39079,Jackson County,OH,3/14/2026 15:00,0.0017811846590361558,0.0015664776923774144,0.0026322210780351752,0.0018532299836967424
39079,Jackson County,OH,3/14/2026 16:00,0.001774643824919244,0.0,0.0034690231565023583,0.001324220734571342
39079,Jackson County,OH,3/14/2026 17:00,0.0015527199501856649,0.0,0.002576546924384786,0.0014197464034162055
39079,Jackson County,OH,3/14/2026 18:00,0.0013290473299899617,0.0,0.003255241368314014,0.001378241485428251
39079,Jackson County,OH,3/14/2026 19:00,0.001403863514584005,0.0,0.005734500345489427,0.0015161280153583245
39079,Jackson County,OH,3/14/2026 20:00,0.0012818254747203205,0.0,0.004277051437060395,0.002174333443882467
39079,Jackson County,OH,3/14/2026 21:00,0.0014968880401330493,0.0,0.0030422620153236243,0.001986378945997031
39079,Jackson County,OH,3/14/2026 22:00,0.0016593276264754498,0.0,0.0022741761169105088,0.0021321094018030254
39079,Jackson County,OH,3/14/2026 23:00,0.0015063367693148118,0.0,0.0019849472324288773,0.0016475326555560003
39079,Jackson County,OH,3/15/2026 0:00,0.0015035168748778408,0.0,0.0015017208835052891,0.0018634861764745434
39079,Jackson County,OH,3/15/2026 1:00,0.001468306763453263,0.0,0.0013199660069511394,0.0017886785531585133
39079,Jackson County,OH,3/15/2026 2:00,0.0012922062789217403,0.0,0.002022643939767916,0.0021188061825542356
39079,Jackson County,OH,3/15/2026 3:00,0.0014643828240794624,0.0,0.0,0.001276600693625875
39079,Jackson County,OH,3/15/2026 4:00,0.0012155004020340762,0.0,0.0019484707009225712,0.0
39079,Jackson County,OH,3/15/2026 5:00,0.0011269904633275502,0.0,0.002424383312791058,0.0
39079,Jackson County,OH,3/15/2026 6:00,0.0011624519314362297,0.001342008969411396,0.0026199702083346166,0.0
39079,Jackson County,OH,3/15/2026 7:00,0.0,0.0013721185516737697,0.0026733185596535362,0.0
39079,Jackson County,OH,3/15/2026 8:00,0.0012296584506412914,0.0017808285758760373,0.004574879142665826,0.001061209942484351
39079,Jackson County,OH,3/15/2026 9:00,0.0,0.0023006445986317645,0.004440671556632717,0.0
39079,Jackson County,OH,3/15/2026 10:00,0.001921259201295528,0.0019790143830955838,0.003920891070577885,0.0
39079,Jackson County,OH,3/15/2026 11:00,0.004119777389480975,0.0018755309553810438,0.0037724722311192446,0.0
39079,Jackson County,OH,3/15/2026 12:00,0.0031163887514354437,0.002361347019997084,0.003427182791685562,0.0
39079,Jackson County,OH,3/15/2026 13:00,0.0037562807014324072,0.0026621991820826208,0.0027516950775273983,0.0
39079,Jackson County,OH,3/15/2026 14:00,0.00463808020424461,0.0028493969842877955,0.0019665518195130962,0.0
39079,Jackson County,OH,3/15/2026 15:00,0.004789545475062053,0.002908449047815158,0.001826923675143438,0.0
39079,Jackson County,OH,3/15/2026 16:00,0.005310761187078619,0.002576439979884972,0.0,0.0
39079,Jackson County,OH,3/15/2026 17:00,0.0031443024514273164,0.0019643739272435005,0.0,0.0
39079,Jackson County,OH,3/15/2026 18:00,0.0030877650615055313,0.0019097379379465183,0.0,0.0
39079,Jackson County,OH,3/15/2026 19:00,0.0036570803734225815,0.001895284599277194,0.0,0.0
39079,Jackson County,OH,3/15/2026 20:00,0.0031196321721795126,0.0019290347137602098,0.0,0.0
39079,Jackson County,OH,3/15/2026 21:00,0.003195527414766074,0.001847086490082085,0.001299384759031891,0.0
39079,Jackson County,OH,3/15/2026 22:00,0.002905293141978728,0.0016732273215073659,0.002885569470553581,0.0
39079,Jackson County,OH,3/15/2026 23:00,0.002380001561812767,0.002597362868359733,0.0023119833209508185,0.0
39079,Jackson County,OH,3/16/2026 0:00,0.0024722540099100312,0.002543765212595946,0.001679552920884721,0.0
39079,Jackson County,OH,3/16/2026 1:00,0.0022007574545890606,0.002815219513546979,0.0,0.0
39079,Jackson County,OH,3/16/2026 2:00,0.0018985110786886607,0.0027088239094616518,0.0026416916392908514,0.0
39079,Jackson County,OH,3/16/2026 3:00,0.0026991312664778016,0.003830761878179668,0.0,0.0
39079,Jackson County,OH,3/16/2026 4:00,0.003054043087513654,0.005483349871977121,0.001284752207362033,0.0
39079,Jackson County,OH,3/16/2026 5:00,0.003742131406463932,0.0060824204241265644,0.0013827576663345109,0.0
39079,Jackson County,OH,3/16/2026 6:00,0.005070577901944782,0.004698480842792509,0.0013436115854122562,0.0
39079,Jackson County,OH,3/16/2026 7:00,0.005167567440290981,0.0036734671808857674,0.0013052905788326782,0.0
39079,Jackson County,OH,3/16/2026 8:00,0.005586866777010887,0.0029373160920255145,0.0017079207069272714,0.0
39079,Jackson County,OH,3/16/2026 9:00,0.0028957272603273095,0.0022703886724680556,0.001490325302558886,0.0
39079,Jackson County,OH,3/16/2026 10:00,0.002435038301062361,0.002291038937428431,0.0,0.001175827923785918
39079,Jackson County,OH,3/16/2026 11:00,0.0017096717813483704,0.002370403915282431,0.0,0.0012080414081157979
39079,Jackson County,OH,3/16/2026 12:00,0.001745072185727333,0.0025228860420652343,0.0,0.0
39079,Jackson County,OH,3/16/2026 13:00,0.0014542414398997173,0.0022949059178103614,0.001023647991021719,0.0
39079,Jackson County,OH,3/16/2026 14:00,0.0019305294907217413,0.002576684115858066,0.0,0.0
39079,Jackson County,OH,3/16/2026 15:00,0.0017943159788140343,0.0030750249024055977,0.0,0.0
39079,Jackson County,OH,3/16/2026 16:00,0.0017521945248512695,0.002999359080047526,0.0,0.0
39079,Jackson County,OH,3/16/2026 17:00,0.0019045121888629896,0.0020086010407615934,0.0,0.0
39079,Jackson County,OH,3/16/2026 18:00,0.0017105177383958572,0.001667618651137922,0.0,0.0
39079,Jackson County,OH,3/16/2026 19:00,0.0022259374597576698,0.0015318072017263408,0.0,0.0
39079,Jackson County,OH,3/16/2026 20:00,0.0014455048858558021,0.0014048827298222635,0.0,0.0
39079,Jackson County,OH,3/16/2026 21:00,0.0020495932853880614,0.004007992829144819,0.0,0.0
39079,Jackson County,OH,3/16/2026 22:00,0.002577700682648472,0.0023410794531114457,0.0,0.0
39079,Jackson County,OH,3/16/2026 23:00,0.002226874311389635,0.0,0.0,0.0
39079,Jackson County,OH,3/17/2026 0:00,0.002265465051935095,0.0010590800778943338,0.0,0.0
39079,Jackson County,OH,3/17/2026 1:00,0.0026535784428435146,0.0,0.0,0.0
39079,Jackson County,OH,3/17/2026 2:00,0.0032043164171151714,0.0,0.0,0.0
39079,Jackson County,OH,3/17/2026 3:00,0.0033445159380714124,0.0,0.0,0.0
39079,Jackson County,OH,3/17/2026 4:00,0.001787137534858622,0.0,0.0,0.0
39079,Jackson County,OH,3/17/2026 5:00,0.0018602928441982672,0.0,0.0,0.0
39079,Jackson County,OH,3/17/2026 6:00,0.0018846538302496523,0.0,0.0,0.0
39079,Jackson County,OH,3/17/2026 7:00,0.0018739066456517027,0.0,0.0,0.0
39079,Jackson County,OH,3/17/2026 8:00,0.0,0.0,0.0,0.0
39079,Jackson County,OH,3/17/2026 9:00,0.0,0.0,0.0,0.0
39079,Jackson County,OH,3/17/2026 10:00,0.0,0.0,0.0,0.0
39079,Jackson County,OH,3/17/2026 11:00,0.0013538947146264357,0.0,0.0,0.0
39079,Jackson County,OH,3/17/2026 12:00,0.0,0.0,0.0,0.0
39079,Jackson County,OH,3/17/2026 13:00,0.0,0.0,0.0,0.0
39079,Jackson County,OH,3/17/2026 14:00,0.0,0.0,0.0,0.0
39079,Jackson County,OH,3/17/2026 15:00,0.0,0.0,0.0,0.0
39079,Jackson County,OH,3/17/2026 16:00,0.0,0.0,0.0,0.0
39079,Jackson County,OH,3/17/2026 17:00,0.0,0.0,0.0,0.0
39079,Jackson County,OH,3/17/2026 18:00,0.0,0.0,0.0,0.0
39079,Jackson County,OH,3/17/2026 19:00,0.0,0.0,0.0,0.0
39079,Jackson County,OH,3/17/2026 20:00,0.0,0.0,0.0,0.0
39079,Jackson County,OH,3/17/2026 21:00,0.0,0.0,0.0,0.0
39079,Jackson County,OH,3/17/2026 22:00,0.0,0.0,0.0,0.0
39079,Jackson County,OH,3/17/2026 23:00,0.0,0.0,0.0,0.0
39079,Jackson County,OH,3/18/2026 0:00,0.0,0.0,0.0,
39079,Jackson County,OH,3/18/2026 1:00,0.0,0.0,0.0,
39079,Jackson County,OH,3/18/2026 2:00,0.0,0.0,0.0,
39079,Jackson County,OH,3/18/2026 3:00,0.0,0.0,0.0,
39079,Jackson County,OH,3/18/2026 4:00,0.0,0.0,0.0,
39079,Jackson County,OH,3/18/2026 5:00,0.0,0.0,0.0,
39079,Jackson County,OH,3/18/2026 6:00,0.0,0.0,0.0,
39079,Jackson County,OH,3/18/2026 7:00,0.0,0.0,0.0,
39079,Jackson County,OH,3/18/2026 8:00,0.0,0.0,0.0,
39079,Jackson County,OH,3/18/2026 9:00,0.0,0.0,0.0,
39079,Jackson County,OH,3/18/2026 10:00,0.0,0.0,0.0,
39079,Jackson County,OH,3/18/2026 11:00,0.0,0.0,0.0,
39079,Jackson County,OH,3/18/2026 12:00,0.0,0.0,0.0,
39079,Jackson County,OH,3/18/2026 13:00,0.0,0.0,0.0,
39079,Jackson County,OH,3/18/2026 14:00,0.0,0.0,0.0,
39079,Jackson County,OH,3/18/2026 15:00,0.0,0.0,0.0,
39079,Jackson County,OH,3/18/2026 16:00,0.0,0.0,0.0,
39079,Jackson County,OH,3/18/2026 17:00,0.0,0.0,0.0,
39079,Jackson County,OH,3/18/2026 18:00,0.0,0.0,0.0,
39079,Jackson County,OH,3/18/2026 19:00,0.0,0.0,0.0,
39079,Jackson County,OH,3/18/2026 20:00,0.0,0.0,0.0,
39079,Jackson County,OH,3/18/2026 21:00,0.0,0.0,0.0,
39079,Jackson County,OH,3/18/2026 22:00,0.0,0.0,0.0,
39079,Jackson County,OH,3/18/2026 23:00,0.0,0.0,0.0,
39079,Jackson County,OH,3/19/2026 0:00,0.0,0.0,,
39079,Jackson County,OH,3/19/2026 1:00,0.0,0.0,,
39079,Jackson County,OH,3/19/2026 2:00,0.0,0.0,,
39079,Jackson County,OH,3/19/2026 3:00,0.0,0.0,,
39079,Jackson County,OH,3/19/2026 4:00,0.0,0.0,,
39079,Jackson County,OH,3/19/2026 5:00,0.0,0.0,,
39079,Jackson County,OH,3/19/2026 6:00,0.0,0.0,,
39079,Jackson County,OH,3/19/2026 7:00,0.0,0.0,,
39079,Jackson County,OH,3/19/2026 8:00,0.0,0.0,,
39079,Jackson County,OH,3/19/2026 9:00,0.0,0.0,,
39079,Jackson County,OH,3/19/2026 10:00,0.0,0.0,,
39079,Jackson County,OH,3/19/2026 11:00,0.0,0.0,,
39079,Jackson County,OH,3/19/2026 12:00,0.0,0.0,,
39079,Jackson County,OH,3/19/2026 13:00,0.0,0.0,,
39079,Jackson County,OH,3/19/2026 14:00,0.0,0.0,,
39079,Jackson County,OH,3/19/2026 15:00,0.0,0.0,,
39079,Jackson County,OH,3/19/2026 16:00,0.0,0.0,,
39079,Jackson County,OH,3/19/2026 17:00,0.0,0.0,,
39079,Jackson County,OH,3/19/2026 18:00,0.0,,,
39079,Jackson County,OH,3/19/2026 19:00,0.0,,,
39079,Jackson County,OH,3/19/2026 20:00,0.0,,,
39079,Jackson County,OH,3/19/2026 21:00,0.0,,,
39079,Jackson County,OH,3/19/2026 22:00,0.0,,,
39079,Jackson County,OH,3/19/2026 23:00,,,,
39083,Knox County,OH,3/14/2026 0:00,0.2467934148155906,0.23620481590648304,0.1099074074603859,0.04175683853334865
39083,Knox County,OH,3/14/2026 1:00,0.24489393440996163,0.23682005580218443,0.10901886230866649,0.041634896511571824
39083,Knox County,OH,3/14/2026 2:00,0.24617608520151238,0.23816779203584734,0.10950235738666368,0.041256714584347064
39083,Knox County,OH,3/14/2026 3:00,0.24256249371603986,0.23062616808556285,0.10861530323598365,0.041884042672448475
39083,Knox County,OH,3/14/2026 4:00,0.24276211955115126,0.22229388207552545,0.1062710038577155,0.04272800685169902
39083,Knox County,OH,3/14/2026 5:00,0.23877353456700603,0.21323346282369432,0.1042544263219626,0.04283824728287834
39083,Knox County,OH,3/14/2026 6:00,0.23059745285230032,0.21321914920150417,0.10432377970019216,0.044262950046687476
39083,Knox County,OH,3/14/2026 7:00,0.22313505425241104,0.2078744167512896,0.10310977782563865,0.04390299582531337
39083,Knox County,OH,3/14/2026 8:00,0.22389414655129727,0.20917685696949176,0.10511020425895425,0.044124605274393755
39083,Knox County,OH,3/14/2026 9:00,0.2186155429889141,0.2058139970017526,0.10196553913179662,0.04311476759354445
39083,Knox County,OH,3/14/2026 10:00,0.20699437184610395,0.18194582031886122,0.0964046486657922,0.04109573635106058
39083,Knox County,OH,3/14/2026 11:00,0.2000495118386606,0.1830913635135438,0.09574939235493778,0.03905201007887366
39083,Knox County,OH,3/14/2026 12:00,0.1935291863750462,0.16368848493547253,0.08212842145995114,0.03582307289910474
39083,Knox County,OH,3/14/2026 13:00,0.17916298736958564,0.14216708128114414,0.0841083302468599,0.03422631020150969
39083,Knox County,OH,3/14/2026 14:00,0.170897368277396,0.1210909248457444,0.07685719487174603,0.03285465977594614
39083,Knox County,OH,3/14/2026 15:00,0.17079106273741743,0.10880578258896599,0.07869219566972176,0.024075817816756863
39083,Knox County,OH,3/14/2026 16:00,0.1753831676300286,0.11254749910539763,0.07603865864157087,0.02027594412065107
39083,Knox County,OH,3/14/2026 17:00,0.17519414592130825,0.10762804463183713,0.07818498176232445,0.02048350142001903
39083,Knox County,OH,3/14/2026 18:00,0.158773795989486,0.10708838959526408,0.07726050924713859,0.02012447417343024
39083,Knox County,OH,3/14/2026 19:00,0.12733133011461706,0.10312756303497539,0.06734686130999036,0.017891372579206873
39083,Knox County,OH,3/14/2026 20:00,0.11529606494823949,0.09568869108462676,0.046154503763848144,0.017107165697505203
39083,Knox County,OH,3/14/2026 21:00,0.11388458287039298,0.09410274255650874,0.04825469360554785,0.016148146208939396
39083,Knox County,OH,3/14/2026 22:00,0.12035332580453342,0.10275220177085298,0.04647127722924156,0.016129230346898973
39083,Knox County,OH,3/14/2026 23:00,0.11937376586002907,0.10167980380810697,0.045911702745173234,0.015217057549293905
39083,Knox County,OH,3/15/2026 0:00,0.11293425432745695,0.10114641592010888,0.0447211381037144,0.01523487348804111
39083,Knox County,OH,3/15/2026 1:00,0.112235495079384,0.10143479709294319,0.04439623771051478,0.015113922366209565
39083,Knox County,OH,3/15/2026 2:00,0.1110125836036558,0.09881703251458071,0.044942704006280705,0.015275855677850364
39083,Knox County,OH,3/15/2026 3:00,0.10889805585354698,0.1011371916181999,0.045626659478038414,0.015092831422029886
39083,Knox County,OH,3/15/2026 4:00,0.10802477661964052,0.09534868150379466,0.05032221690582886,0.014986395247874615
39083,Knox County,OH,3/15/2026 5:00,0.10624105533334745,0.08373847760915708,0.04868412001843343,0.013311210780304061
39083,Knox County,OH,3/15/2026 6:00,0.1065055626485592,0.08113879575271929,0.04946458959049125,0.013478752726297515
39083,Knox County,OH,3/15/2026 7:00,0.10203696714019451,0.07324797316471722,0.04870470571488976,0.013123350839096014
39083,Knox County,OH,3/15/2026 8:00,0.09743817521089237,0.07610766184016589,0.04835182746649578,0.012638193553541373
39083,Knox County,OH,3/15/2026 9:00,0.09305340232310585,0.07313004952311643,0.0496113093423585,0.012459403520146971
39083,Knox County,OH,3/15/2026 10:00,0.08525519216970916,0.07519086973244594,0.046079143157791394,0.012071204094033
39083,Knox County,OH,3/15/2026 11:00,0.08288679942075529,0.07411945021021893,0.04480861080987087,0.01222671257452762
39083,Knox County,OH,3/15/2026 12:00,0.07956676992636612,0.06769855328426247,0.041173049892440236,0.012706564135957474
39083,Knox County,OH,3/15/2026 13:00,0.07600565630476773,0.04937319914784112,0.03332334357369269,0.01228842133796956
39083,Knox County,OH,3/15/2026 14:00,0.07340332110260751,0.04898973373698545,0.029617111597867816,0.012130264331219245
39083,Knox County,OH,3/15/2026 15:00,0.06713870848717689,0.041057246344136926,0.0276333825860061,0.006776643889248577
39083,Knox County,OH,3/15/2026 16:00,0.06138325958064044,0.04098786360157653,0.021356048141865924,0.0056593757587471176
39083,Knox County,OH,3/15/2026 17:00,0.058858465529774945,0.04085800783198811,0.021340972583484448,0.0038942388541701924
39083,Knox County,OH,3/15/2026 18:00,0.05379904713112017,0.04173995254100908,0.016520943338458455,0.0034640967173180837
39083,Knox County,OH,3/15/2026 19:00,0.04547915179881448,0.03972752448743546,0.015279772194978624,0.0019623190218123316
39083,Knox County,OH,3/15/2026 20:00,0.04293498756571074,0.03998941682784633,0.014534073435809008,0.0019623190218123316
39083,Knox County,OH,3/15/2026 21:00,0.0423034094019864,0.03981373533837163,0.013630578261986468,0.001957932726633758
39083,Knox County,OH,3/15/2026 22:00,0.04235456473115274,0.04097299717540011,0.011369371023437384,0.0018129208033064316
39083,Knox County,OH,3/15/2026 23:00,0.04206182607237685,0.0412263221955394,0.011808411819677221,0.0021286699554827694
39083,Knox County,OH,3/16/2026 0:00,0.040174139092804734,0.04205361783085863,0.01156565536566092,0.002133056250661343
39083,Knox County,OH,3/16/2026 1:00,0.04026512268008118,0.041244125609813366,0.011129689414155573,0.0017814354182076248
39083,Knox County,OH,3/16/2026 2:00,0.04124079383585708,0.041669935089390514,0.011082169354568166,0.001663798716836253
39083,Knox County,OH,3/16/2026 3:00,0.04016730028163516,0.042121917663633275,0.0071547069007260955,0.0014415333024864541
39083,Knox County,OH,3/16/2026 4:00,0.04218629605549975,0.04135704773647456,0.007380137153206641,0.0
39083,Knox County,OH,3/16/2026 5:00,0.04034315603459991,0.03783671067891618,0.0075289616555329585,0.0
39083,Knox County,OH,3/16/2026 6:00,0.03054271515967855,0.03083311955228513,0.007136282987340958,0.0
39083,Knox County,OH,3/16/2026 7:00,0.031087355016727426,0.03027175453844585,0.006905419635901373,0.0
39083,Knox County,OH,3/16/2026 8:00,0.03250869241864508,0.028703748683828093,0.007112715285487796,0.0
39083,Knox County,OH,3/16/2026 9:00,0.03315063227718361,0.02414447685323275,0.008643044429627362,0.0
39083,Knox County,OH,3/16/2026 10:00,0.030512068531896676,0.019952903270003226,0.008695684487922148,0.0
39083,Knox County,OH,3/16/2026 11:00,0.028073246112723483,0.017905113352871316,0.007129451840148682,0.0
39083,Knox County,OH,3/16/2026 12:00,0.02687449684821573,0.01784225130461406,0.00882474146429909,0.0014368150619558317
39083,Knox County,OH,3/16/2026 13:00,0.025324882830439984,0.016785434064115878,0.008718472841971546,0.0
39083,Knox County,OH,3/16/2026 14:00,0.020834598963269682,0.016364821986471056,0.0073721843568004914,0.0
39083,Knox County,OH,3/16/2026 15:00,0.020941585123639795,0.01573217064779806,0.009510890567546105,0.0
39083,Knox County,OH,3/16/2026 16:00,0.015951085304344942,0.015486373808737016,0.00713308050378586,0.0
39083,Knox County,OH,3/16/2026 17:00,0.01663464846963131,0.015394662347771952,0.009192849028457715,0.0
39083,Knox County,OH,3/16/2026 18:00,0.015129655934389988,0.011136490132562953,0.006637684626717394,0.0
39083,Knox County,OH,3/16/2026 19:00,0.015416274743504032,0.011211511141732916,0.006600248607344138,0.0
39083,Knox County,OH,3/16/2026 20:00,0.01533362922370381,0.01130064694594861,0.00639146651588836,0.0
39083,Knox County,OH,3/16/2026 21:00,0.014415323061914929,0.010250354021964654,0.006190587409831724,0.0
39083,Knox County,OH,3/16/2026 22:00,0.013049079201307613,0.010191926388865109,0.0062048852788977905,0.0
39083,Knox County,OH,3/16/2026 23:00,0.0122431082438404,0.00933299525367535,0.005743415908564957,0.0
39083,Knox County,OH,3/17/2026 0:00,0.01255447632049311,0.009347224873894552,0.005431583978883516,0.0
39083,Knox County,OH,3/17/2026 1:00,0.012315791948814249,0.009455715515859255,0.005423210656408226,0.0
39083,Knox County,OH,3/17/2026 2:00,0.011708185612323901,0.009179406942638477,0.0054219666028230366,0.0
39083,Knox County,OH,3/17/2026 3:00,0.011953684041791568,0.009172110916185505,0.005406250772954294,0.0
39083,Knox County,OH,3/17/2026 4:00,0.012621577066715354,0.009265100875428915,0.005422539907048121,0.0
39083,Knox County,OH,3/17/2026 5:00,0.012596959530064032,0.008266770075474387,0.002626492684046862,0.0
39083,Knox County,OH,3/17/2026 6:00,0.01256283645289508,0.007622208096379385,0.002612836843000866,0.0
39083,Knox County,OH,3/17/2026 7:00,0.010012865523484392,0.005330832092483604,0.002604189075670421,0.0
39083,Knox County,OH,3/17/2026 8:00,0.010051801810430706,0.005312769589105443,0.0031802697399135704,0.0
39083,Knox County,OH,3/17/2026 9:00,0.010033566703530136,0.0053641523469627255,0.0028737063426132908,0.0
39083,Knox County,OH,3/17/2026 10:00,0.010173098745982531,0.005180999212998335,0.0026867984226679833,0.0
39083,Knox County,OH,3/17/2026 11:00,0.009557348259259333,0.005155669288806262,0.002207634198023303,0.0
39083,Knox County,OH,3/17/2026 12:00,0.009596238124241745,0.004907513050229878,0.002095428382307738,0.0
39083,Knox County,OH,3/17/2026 13:00,0.008906161688648781,0.004931667218335378,0.002126916858015929,0.0
39083,Knox County,OH,3/17/2026 14:00,0.008832340122709802,0.004703597976459649,0.002107347364957324,0.0
39083,Knox County,OH,3/17/2026 15:00,0.007456319258550692,0.0035062422543235966,0.0020977341582069146,0.0
39083,Knox County,OH,3/17/2026 16:00,0.007455341069850188,0.0035062422543235966,0.0023492884623413837,0.0
39083,Knox County,OH,3/17/2026 17:00,0.0072446025508230314,0.002983630406956617,0.00276943744476936,0.0
39083,Knox County,OH,3/17/2026 18:00,0.0072272982439546335,0.0030028990035081433,0.002015318535305501,0.0
39083,Knox County,OH,3/17/2026 19:00,0.007247669062196404,0.0029916532781663467,0.002317344395141848,0.0
39083,Knox County,OH,3/17/2026 20:00,0.00695935904427716,0.0029948682390900207,0.002006062370263815,0.0
39083,Knox County,OH,3/17/2026 21:00,0.0071038576947746405,0.002956166190273353,0.0020037917139043918,0.0
39083,Knox County,OH,3/17/2026 22:00,0.007129724449070177,0.0029761118358903487,0.0020207900936239074,0.0
39083,Knox County,OH,3/17/2026 23:00,0.0071524900739065944,0.0029563863009625115,0.002015428290841523,0.0
39083,Knox County,OH,3/18/2026 0:00,0.007001967117939897,0.002965252139176416,0.002007741318566495,
39083,Knox County,OH,3/18/2026 1:00,0.0070331108967202375,0.0037868124772566293,0.0020146453894860066,
39083,Knox County,OH,3/18/2026 2:00,0.007075785780057514,0.007486691007486515,0.002000703355365327,
39083,Knox County,OH,3/18/2026 3:00,0.008546243885643902,0.008336373322689434,0.0020829974445343786,
39083,Knox County,OH,3/18/2026 4:00,0.007066034780421413,0.004662399306045839,0.0020851588385085505,
39083,Knox County,OH,3/18/2026 5:00,0.007056936486187332,0.004051434305993787,0.0020804396309121653,
39083,Knox County,OH,3/18/2026 6:00,0.007070025331155774,0.004974841904721515,0.002161933713978936,
39083,Knox County,OH,3/18/2026 7:00,0.007078839664632593,0.003375629655283947,0.0021614785770761977,
39083,Knox County,OH,3/18/2026 8:00,0.00715385541371751,0.0030482063590685548,0.002081200843129007,
39083,Knox County,OH,3/18/2026 9:00,0.0072110239815458485,0.0030210832618444254,0.0021646192731539435,
39083,Knox County,OH,3/18/2026 10:00,0.007267758336512876,0.0030533440706331945,0.0020964216005808734,
39083,Knox County,OH,3/18/2026 11:00,0.0072476671964050434,0.0030431233358238076,0.0021738789807076385,
39083,Knox County,OH,3/18/2026 12:00,0.007188611985532284,0.003610676537945701,0.0021886951680774643,
39083,Knox County,OH,3/18/2026 13:00,0.007231683085017423,0.0036219222632874978,0.0022043395029753654,
39083,Knox County,OH,3/18/2026 14:00,0.00718962954956192,0.0035678094140036334,0.0022046956328853075,
39083,Knox County,OH,3/18/2026 15:00,0.007176456297970005,0.0035678094140036334,0.0020484976006491773,
39083,Knox County,OH,3/18/2026 16:00,0.00726361235650251,0.0035678094140036334,0.002064580747835106,
39083,Knox County,OH,3/18/2026 17:00,0.007358300987873883,0.0035678094140036334,0.0020455318446162005,
39083,Knox County,OH,3/18/2026 18:00,0.007351483262074319,0.0035688991447613027,0.001960736649571557,
39083,Knox County,OH,3/18/2026 19:00,0.007207652038015613,0.0035688991447613027,0.0021870132571874257,
39083,Knox County,OH,3/18/2026 20:00,0.007086283246445458,0.00365582271336026,0.0021854616699568826,
39083,Knox County,OH,3/18/2026 21:00,0.007018944165361772,0.0036563381195740367,0.002088799372791604,
39083,Knox County,OH,3/18/2026 22:00,0.0070102487120299265,0.00364509239423224,0.002093205214373895,
39083,Knox County,OH,3/18/2026 23:00,0.007006467196028734,0.00364509239423224,0.002099096526170477,
39083,Knox County,OH,3/19/2026 0:00,0.006971751346880432,0.0036445769880184636,,
39083,Knox County,OH,3/19/2026 1:00,0.006987644976766804,0.0036445769880184636,,
39083,Knox County,OH,3/19/2026 2:00,0.007064704472525529,0.0036445769880184636,,
39083,Knox County,OH,3/19/2026 3:00,0.00700339199543714,0.0036445769880184636,,
39083,Knox County,OH,3/19/2026 4:00,0.006974551896097112,0.0036483196251701194,,
39083,Knox County,OH,3/19/2026 5:00,0.007003809376900142,0.0036896474267002453,,
39083,Knox County,OH,3/19/2026 6:00,0.006993876043649851,0.0036896474267002453,,
39083,Knox County,OH,3/19/2026 7:00,0.007030821884556249,0.0036896474267002453,,
39083,Knox County,OH,3/19/2026 8:00,0.0069905476637570135,0.003646141887836968,,
39083,Knox County,OH,3/19/2026 9:00,0.007395597180958079,0.0036480854434513595,,
39083,Knox County,OH,3/19/2026 10:00,0.006944608062748002,0.003648600849665136,,
39083,Knox County,OH,3/19/2026 11:00,0.007035650659114707,0.0036528889769316037,,
39083,Knox County,OH,3/19/2026 12:00,0.006995483339084514,0.0036528889769316037,,
39083,Knox County,OH,3/19/2026 13:00,0.0069435693538937,0.003765261790307269,,
39083,Knox County,OH,3/19/2026 14:00,0.006893764148741417,0.0037577543253113177,,
39083,Knox County,OH,3/19/2026 15:00,0.006945080148734268,0.00368372887163808,,
39083,Knox County,OH,3/19/2026 16:00,0.006935635571553353,0.003686943832561754,,
39083,Knox County,OH,3/19/2026 17:00,0.006883063486529863,0.003686943832561754,,
39083,Knox County,OH,3/19/2026 18:00,0.0069941390682471336,,,
39083,Knox County,OH,3/19/2026 19:00,0.0076897926285185245,,,
39083,Knox County,OH,3/19/2026 20:00,0.007013306541463071,,,
39083,Knox County,OH,3/19/2026 21:00,0.007022784289550515,,,
39083,Knox County,OH,3/19/2026 22:00,0.008161277475361254,,,
39083,Knox County,OH,3/19/2026 23:00,,,,
42001,Adams County,PA,3/14/2026 0:00,0.003598748462116343,0.002990625803311432,0.0,0.0
42001,Adams County,PA,3/14/2026 1:00,0.0033863407356150162,0.0026280874761521475,0.0,0.0
42001,Adams County,PA,3/14/2026 2:00,0.0030958086610479605,0.0025393569353566875,0.0,0.0
42001,Adams County,PA,3/14/2026 3:00,0.003349279078721832,0.0018563095389898363,0.0,0.0
42001,Adams County,PA,3/14/2026 4:00,0.0035813945674829316,0.001192205089692535,0.0,0.0
42001,Adams County,PA,3/14/2026 5:00,0.00361266096742126,0.0010442234644368789,0.0,0.0
42001,Adams County,PA,3/14/2026 6:00,0.003386397367086977,0.0013773985559323264,0.0,0.0
42001,Adams County,PA,3/14/2026 7:00,0.004544241656071538,0.0012328046494378272,0.0,0.0
42001,Adams County,PA,3/14/2026 8:00,0.003789858262336315,0.0011161114165397408,0.0,0.0
42001,Adams County,PA,3/14/2026 9:00,0.003590353159656559,0.0,0.0,0.0
42001,Adams County,PA,3/14/2026 10:00,0.0032439338215245954,0.0010184453795180396,0.0,0.0
42001,Adams County,PA,3/14/2026 11:00,0.0025769273970745305,0.0,0.0,0.001234840811037013
42001,Adams County,PA,3/14/2026 12:00,0.0025180134564229497,0.0,0.0,0.001132928178384543
42001,Adams County,PA,3/14/2026 13:00,0.002103209642276729,0.0,0.0,0.0019182589982279566
42001,Adams County,PA,3/14/2026 14:00,0.001350317352172274,0.0,0.0010652624261978877,0.0012583349556574773
42001,Adams County,PA,3/14/2026 15:00,0.0010738986320305676,0.0,0.001198974944464365,0.0
42001,Adams County,PA,3/14/2026 16:00,0.0,0.0,0.0011385758525344037,0.0010064506740697916
42001,Adams County,PA,3/14/2026 17:00,0.0,0.0,0.0011474481375944865,0.0013453472240176937
42001,Adams County,PA,3/14/2026 18:00,0.0,0.0,0.0,0.0019192369720335246
42001,Adams County,PA,3/14/2026 19:00,0.0,0.0,0.0,0.0036622651218628007
42001,Adams County,PA,3/14/2026 20:00,0.0,0.0,0.0,0.005074877061420661
42001,Adams County,PA,3/14/2026 21:00,0.001243262442286963,0.0,0.0,0.005924430935908098
42001,Adams County,PA,3/14/2026 22:00,0.0,0.0,0.0,0.005284126984601605
42001,Adams County,PA,3/14/2026 23:00,0.0,0.0,0.0,0.006995242135811788
42001,Adams County,PA,3/15/2026 0:00,0.0,0.0,0.0011654362056062052,0.014118564524817799
42001,Adams County,PA,3/15/2026 1:00,0.0,0.0,0.0,0.01409374593358293
42001,Adams County,PA,3/15/2026 2:00,0.0019352491485072048,0.0,0.0,0.012370298484689386
42001,Adams County,PA,3/15/2026 3:00,0.0027058474982278057,0.0,0.0012255067230844945,0.011803425891582207
42001,Adams County,PA,3/15/2026 4:00,0.0020992445152655977,0.0,0.0016132941516657057,0.011585136937348783
42001,Adams County,PA,3/15/2026 5:00,0.001965329230672912,0.0,0.0018141080531168963,0.012851117370931326
42001,Adams County,PA,3/15/2026 6:00,0.0010143920758897966,0.0,0.0017933703772928709,0.014191924175271261
42001,Adams County,PA,3/15/2026 7:00,0.0,0.0,0.001603614306082445,0.012712731434570721
42001,Adams County,PA,3/15/2026 8:00,0.0,0.0,0.001010057396448362,0.007153263007673937
42001,Adams County,PA,3/15/2026 9:00,0.0,0.0,0.0,0.006931708627647545
42001,Adams County,PA,3/15/2026 10:00,0.0,0.0,0.0,0.006989464107671556
42001,Adams County,PA,3/15/2026 11:00,0.0,0.0,0.0,0.0070313359726926926
42001,Adams County,PA,3/15/2026 12:00,0.0,0.0,0.001399553754165005,0.0033106773113629603
42001,Adams County,PA,3/15/2026 13:00,0.0,0.0,0.0,0.0029154632993707123
42001,Adams County,PA,3/15/2026 14:00,0.0,0.0,0.0,0.002859820023791457
42001,Adams County,PA,3/15/2026 15:00,0.0,0.0,0.0013731857647714348,0.00245148703744207
42001,Adams County,PA,3/15/2026 16:00,0.0,0.0,0.0,0.001832213182461007
42001,Adams County,PA,3/15/2026 17:00,0.0,0.0,0.0,0.0016612047768371416
42001,Adams County,PA,3/15/2026 18:00,0.0,0.0,0.0017087967437206585,0.0014482740785047034
42001,Adams County,PA,3/15/2026 19:00,0.0,0.0,0.0035594547121129594,0.0016550922099918782
42001,Adams County,PA,3/15/2026 20:00,0.0,0.0,0.006730946179610948,0.00188133334762596
42001,Adams County,PA,3/15/2026 21:00,0.0,0.0,0.007295127872590488,0.0013680635941765806
42001,Adams County,PA,3/15/2026 22:00,0.0,0.0,0.00829184724881355,0.0
42001,Adams County,PA,3/15/2026 23:00,0.0012322993732229851,0.0,0.009913343567540056,0.0
42001,Adams County,PA,3/16/2026 0:00,0.0012552454260688426,0.0,0.008772561241242286,0.0
42001,Adams County,PA,3/16/2026 1:00,0.0,0.0,0.010517411890501968,0.0
42001,Adams County,PA,3/16/2026 2:00,0.0020798646624941054,0.0,0.010284564020959477,0.0
42001,Adams County,PA,3/16/2026 3:00,0.002130248254954358,0.0010315987646675475,0.010028048537076622,0.0
42001,Adams County,PA,3/16/2026 4:00,0.0021260794087747804,0.0011947312753979953,0.00931926489689135,0.0
42001,Adams County,PA,3/16/2026 5:00,0.0030594323766918673,0.001766402500910847,0.008119155884366694,0.0
42001,Adams County,PA,3/16/2026 6:00,0.0018240761917063823,0.0020856954481131727,0.008139660972468139,0.0
42001,Adams County,PA,3/16/2026 7:00,0.0031655329113244425,0.0028930652734929178,0.004911553069701914,0.0
42001,Adams County,PA,3/16/2026 8:00,0.002585281705937543,0.00302233345025503,0.004220186507489545,0.0
42001,Adams County,PA,3/16/2026 9:00,0.002561921155503201,0.002433993642349404,0.004240633878793241,0.0
42001,Adams County,PA,3/16/2026 10:00,0.0025389458164858185,0.0029706709302102486,0.003662875144291081,0.0
42001,Adams County,PA,3/16/2026 11:00,0.0020387315497619506,0.002802877351763715,0.006856591234671952,0.0
42001,Adams County,PA,3/16/2026 12:00,0.0032699253393294924,0.003474801840618594,0.0024468540535340505,0.0
42001,Adams County,PA,3/16/2026 13:00,0.002180554000921008,0.0049284423569980335,0.0028765475266563168,0.0
42001,Adams County,PA,3/16/2026 14:00,0.001812443941569173,0.013411327168017094,0.0019283954246253423,0.0
42001,Adams County,PA,3/16/2026 15:00,0.0025995822402773796,0.015265897895734471,0.001333468360106034,0.0
42001,Adams County,PA,3/16/2026 16:00,0.0019264443873611556,0.013421667918443785,0.0010584920409683893,0.0
42001,Adams County,PA,3/16/2026 17:00,0.0073691717943497395,0.015383199273189438,0.0011748994721440236,0.0
42001,Adams County,PA,3/16/2026 18:00,0.009885646321026117,0.016706989461119804,0.0,0.0
42001,Adams County,PA,3/16/2026 19:00,0.010268686236734617,0.015472490573856048,0.0,0.0
42001,Adams County,PA,3/16/2026 20:00,0.014819828086654966,0.015305139200776263,0.0,0.0
42001,Adams County,PA,3/16/2026 21:00,0.010125505905954539,0.008647333000070962,0.0012749705296980802,0.0
42001,Adams County,PA,3/16/2026 22:00,0.011381813851907934,0.008357091523877936,0.0,0.0
42001,Adams County,PA,3/16/2026 23:00,0.012573815597537015,0.010876630057179518,0.0,0.0
42001,Adams County,PA,3/17/2026 0:00,0.012007858517381103,0.0065155115621011684,0.0,0.0
42001,Adams County,PA,3/17/2026 1:00,0.012746569588523753,0.006276186015982762,0.0,0.0
42001,Adams County,PA,3/17/2026 2:00,0.009681925966141753,0.005855596013731078,0.0,0.0
42001,Adams County,PA,3/17/2026 3:00,0.009812568031143812,0.004332155082997104,0.0,0.0
42001,Adams County,PA,3/17/2026 4:00,0.007842821285015079,0.002992072143709225,0.0,0.0
42001,Adams County,PA,3/17/2026 5:00,0.007389551007134772,0.0026623781698272616,0.0,0.0
42001,Adams County,PA,3/17/2026 6:00,0.0089590181051043,0.0025049923845412163,0.0,0.0
42001,Adams County,PA,3/17/2026 7:00,0.005486124423438474,0.0013028972980927876,0.0,0.0
42001,Adams County,PA,3/17/2026 8:00,0.005350906406552794,0.0016593340234056155,0.0,0.0
42001,Adams County,PA,3/17/2026 9:00,0.0048241497263133235,0.0015620033939426116,0.0,0.0
42001,Adams County,PA,3/17/2026 10:00,0.004416359704710858,0.0,0.0,0.0
42001,Adams County,PA,3/17/2026 11:00,0.005077510524764459,0.0,0.0,0.0
42001,Adams County,PA,3/17/2026 12:00,0.0032510342129807167,0.0,0.0,0.0
42001,Adams County,PA,3/17/2026 13:00,0.0028486453508459316,0.0,0.0,0.0
42001,Adams County,PA,3/17/2026 14:00,0.0027017532022749974,0.0,0.0,0.0
42001,Adams County,PA,3/17/2026 15:00,0.002413201072460299,0.0,0.0,0.0
42001,Adams County,PA,3/17/2026 16:00,0.0016829615596566567,0.0,0.0,0.0
42001,Adams County,PA,3/17/2026 17:00,0.0016528918709744916,0.0,0.0,0.0
42001,Adams County,PA,3/17/2026 18:00,0.0016276467974011878,0.0,0.0,0.0
42001,Adams County,PA,3/17/2026 19:00,0.001719738550362546,0.0,0.0,0.0
42001,Adams County,PA,3/17/2026 20:00,0.001339444657457338,0.0,0.0,0.0
42001,Adams County,PA,3/17/2026 21:00,0.0012612312778812562,0.0,0.0,0.0
42001,Adams County,PA,3/17/2026 22:00,0.001104166480088669,0.0,0.0,0.0
42001,Adams County,PA,3/17/2026 23:00,0.0,0.0,0.0,0.0
42001,Adams County,PA,3/18/2026 0:00,0.0,0.0,0.0,
42001,Adams County,PA,3/18/2026 1:00,0.0013864972153585227,0.0,0.0,
42001,Adams County,PA,3/18/2026 2:00,0.0,0.0,0.0,
42001,Adams County,PA,3/18/2026 3:00,0.0,0.0,0.0,
42001,Adams County,PA,3/18/2026 4:00,0.0,0.0,0.0,
42001,Adams County,PA,3/18/2026 5:00,0.0,0.0,0.0,
42001,Adams County,PA,3/18/2026 6:00,0.0,0.0,0.0,
42001,Adams County,PA,3/18/2026 7:00,0.0,0.0,0.0,
42001,Adams County,PA,3/18/2026 8:00,0.0,0.0,0.0,
42001,Adams County,PA,3/18/2026 9:00,0.0,0.0,0.0,
42001,Adams County,PA,3/18/2026 10:00,0.0,0.0,0.0,
42001,Adams County,PA,3/18/2026 11:00,0.0,0.0,0.0,
42001,Adams County,PA,3/18/2026 12:00,0.0,0.0,0.0,
42001,Adams County,PA,3/18/2026 13:00,0.0,0.0,0.0,
42001,Adams County,PA,3/18/2026 14:00,0.0,0.0,0.0,
42001,Adams County,PA,3/18/2026 15:00,0.0,0.0,0.0,
42001,Adams County,PA,3/18/2026 16:00,0.0,0.0,0.0,
42001,Adams County,PA,3/18/2026 17:00,0.0,0.0,0.0,
42001,Adams County,PA,3/18/2026 18:00,0.0,0.0,0.0,
42001,Adams County,PA,3/18/2026 19:00,0.0,0.0,0.0,
42001,Adams County,PA,3/18/2026 20:00,0.0,0.0,0.0,
42001,Adams County,PA,3/18/2026 21:00,0.0,0.0,0.0,
42001,Adams County,PA,3/18/2026 22:00,0.0,0.0,0.0,
42001,Adams County,PA,3/18/2026 23:00,0.0,0.0,0.0,
42001,Adams County,PA,3/19/2026 0:00,0.0,0.0,,
42001,Adams County,PA,3/19/2026 1:00,0.0,0.0,,
42001,Adams County,PA,3/19/2026 2:00,0.0,0.0,,
42001,Adams County,PA,3/19/2026 3:00,0.0,0.0,,
42001,Adams County,PA,3/19/2026 4:00,0.0,0.0,,
42001,Adams County,PA,3/19/2026 5:00,0.0,0.0,,
42001,Adams County,PA,3/19/2026 6:00,0.0,0.0,,
42001,Adams County,PA,3/19/2026 7:00,0.0,0.0,,
42001,Adams County,PA,3/19/2026 8:00,0.0,0.0,,
42001,Adams County,PA,3/19/2026 9:00,0.0,0.0,,
42001,Adams County,PA,3/19/2026 10:00,0.0,0.0,,
42001,Adams County,PA,3/19/2026 11:00,0.0,0.0,,
42001,Adams County,PA,3/19/2026 12:00,0.0,0.0,,
42001,Adams County,PA,3/19/2026 13:00,0.0,0.0,,
42001,Adams County,PA,3/19/2026 14:00,0.0,0.0,,
42001,Adams County,PA,3/19/2026 15:00,0.0,0.0,,
42001,Adams County,PA,3/19/2026 16:00,0.0,0.0,,
42001,Adams County,PA,3/19/2026 17:00,0.0,0.0,,
42001,Adams County,PA,3/19/2026 18:00,0.0,,,
42001,Adams County,PA,3/19/2026 19:00,0.0,,,
42001,Adams County,PA,3/19/2026 20:00,0.0,,,
42001,Adams County,PA,3/19/2026 21:00,0.0,,,
42001,Adams County,PA,3/19/2026 22:00,0.0,,,
42001,Adams County,PA,3/19/2026 23:00,,,,
42003,Allegheny County,PA,3/14/2026 0:00,0.13127248512576303,0.12264114385977565,0.027211171870614274,0.005169056854880029
42003,Allegheny County,PA,3/14/2026 1:00,0.13291151997079023,0.12360482225863147,0.026987126991737262,0.004920826071312017
42003,Allegheny County,PA,3/14/2026 2:00,0.13050730537147404,0.12129862551149988,0.025180334277441492,0.004771325449981693
42003,Allegheny County,PA,3/14/2026 3:00,0.1272116536351851,0.1170772780401381,0.026563336026596593,0.0047305758144161845
42003,Allegheny County,PA,3/14/2026 4:00,0.12826184156224715,0.11482428109030417,0.026422503629033322,0.00485311162055482
42003,Allegheny County,PA,3/14/2026 5:00,0.12539036129504108,0.10109768744686007,0.02822802963808716,0.005966188114212386
42003,Allegheny County,PA,3/14/2026 6:00,0.12476474528236858,0.0961250698161298,0.02747732427702223,0.006095401370649195
42003,Allegheny County,PA,3/14/2026 7:00,0.1220155234412723,0.09310694985943734,0.027026469403305536,0.005611394061561189
42003,Allegheny County,PA,3/14/2026 8:00,0.12046438168618173,0.08737098603265625,0.025033948423337657,0.006540676797476928
42003,Allegheny County,PA,3/14/2026 9:00,0.11348499875620918,0.07806900336980042,0.023900801865666007,0.0063063875424040974
42003,Allegheny County,PA,3/14/2026 10:00,0.11162208627273945,0.0656063603769478,0.02491605578408941,0.005937792408554688
42003,Allegheny County,PA,3/14/2026 11:00,0.10534680719834422,0.06314970269849725,0.024112145231869327,0.005321823472141371
42003,Allegheny County,PA,3/14/2026 12:00,0.09357672129508281,0.05002889990097883,0.02249258058282129,0.004144190455407711
42003,Allegheny County,PA,3/14/2026 13:00,0.09109575555853924,0.04222854355445039,0.0223029418921259,0.004019878659704403
42003,Allegheny County,PA,3/14/2026 14:00,0.07365547916294428,0.036170458192804976,0.022454139050740143,0.0036307150020683946
42003,Allegheny County,PA,3/14/2026 15:00,0.0668216746053704,0.03479150216245176,0.022226806491855093,0.003541299784434657
42003,Allegheny County,PA,3/14/2026 16:00,0.06787458785244439,0.03121277659606561,0.023132011989231416,0.0036218356554909587
42003,Allegheny County,PA,3/14/2026 17:00,0.06257879256981423,0.023230280378650048,0.020828820013883666,0.004087091844746061
42003,Allegheny County,PA,3/14/2026 18:00,0.05830490365677123,0.023220867473880007,0.018589617359329316,0.0033182656120774234
42003,Allegheny County,PA,3/14/2026 19:00,0.04936218454978732,0.024089732916755258,0.016739658557760523,0.0032854045571922546
42003,Allegheny County,PA,3/14/2026 20:00,0.03985435780869283,0.021857238248995485,0.0103175780580227,0.002953481440125078
42003,Allegheny County,PA,3/14/2026 21:00,0.041205114263133856,0.02106737264926438,0.009466722859397297,0.003111858925959574
42003,Allegheny County,PA,3/14/2026 22:00,0.03876396636380316,0.02173698780347438,0.009352386219087629,0.003860519440559335
42003,Allegheny County,PA,3/14/2026 23:00,0.03720365625472415,0.02201984766588554,0.009810318672185514,0.00348161098868305
42003,Allegheny County,PA,3/15/2026 0:00,0.032030220784102025,0.020675146644080555,0.008166593736283426,0.0032014562911623625
42003,Allegheny County,PA,3/15/2026 1:00,0.0320544728906593,0.02160562940497816,0.0067863995536201595,0.0032128034891697093
42003,Allegheny County,PA,3/15/2026 2:00,0.031076772940050443,0.020662657533558382,0.005716852077393414,0.0034596415859306042
42003,Allegheny County,PA,3/15/2026 3:00,0.027595790272005604,0.019080853085535334,0.005707956343714481,0.003239423150636942
42003,Allegheny County,PA,3/15/2026 4:00,0.02880235859234908,0.018911292790184962,0.006074380743145969,0.0032700060277967378
42003,Allegheny County,PA,3/15/2026 5:00,0.028093313481338974,0.018778882417183937,0.00665225778010936,0.003475855220233159
42003,Allegheny County,PA,3/15/2026 6:00,0.024894042378436718,0.01753550217045127,0.004658692766449195,0.0030641544538076606
42003,Allegheny County,PA,3/15/2026 7:00,0.02538501710793489,0.016712003564021857,0.005665737762457007,0.004353659907550695
42003,Allegheny County,PA,3/15/2026 8:00,0.02423603990863991,0.015252317064567823,0.0038475078891679927,0.0042094412386460365
42003,Allegheny County,PA,3/15/2026 9:00,0.024236497411896266,0.014879754097680178,0.0036558616617901165,0.005849921811715439
42003,Allegheny County,PA,3/15/2026 10:00,0.023178417842318565,0.014713709316937296,0.003651545840744633,0.006512896098967312
42003,Allegheny County,PA,3/15/2026 11:00,0.02509713026744244,0.0142526386277816,0.004178878232434544,0.004873835300941522
42003,Allegheny County,PA,3/15/2026 12:00,0.02400410779654085,0.013188803090948052,0.002761649183059531,0.004924507096618749
42003,Allegheny County,PA,3/15/2026 13:00,0.023643380003449104,0.013438878315809678,0.0026529590530174904,0.005029354005507879
42003,Allegheny County,PA,3/15/2026 14:00,0.016613202238487265,0.01120406468447289,0.0038288609498193108,0.00496896475343148
42003,Allegheny County,PA,3/15/2026 15:00,0.01739432151655732,0.011283428525007572,0.002388434531849884,0.004184052743864275
42003,Allegheny County,PA,3/15/2026 16:00,0.016839566597025103,0.011117131322902693,0.0019080679137132757,0.004057511995979181
42003,Allegheny County,PA,3/15/2026 17:00,0.014974758444177814,0.009157833210364086,0.0018750235682204277,0.003055986884211187
42003,Allegheny County,PA,3/15/2026 18:00,0.013088328980510829,0.006657103594838436,0.0017148709600260503,0.0029943998675913777
42003,Allegheny County,PA,3/15/2026 19:00,0.012266681936179533,0.004880464311359108,0.0022094101256807707,0.0030427208545538704
42003,Allegheny County,PA,3/15/2026 20:00,0.010767045185755646,0.004753191828277647,0.0021658678512757453,0.0
42003,Allegheny County,PA,3/15/2026 21:00,0.010750256100142457,0.004633127596604062,0.002000792663496424,0.0
42003,Allegheny County,PA,3/15/2026 22:00,0.010750736312105425,0.0048188261360514835,0.0022581731315264196,0.0
42003,Allegheny County,PA,3/15/2026 23:00,0.009715177625133124,0.004917074906672677,0.002464865379083952,0.0
42003,Allegheny County,PA,3/16/2026 0:00,0.007507936003104581,0.004119593974401159,0.002325435265281638,0.0
42003,Allegheny County,PA,3/16/2026 1:00,0.0072682526937481165,0.004151488530335989,0.0024235474654775457,0.0
42003,Allegheny County,PA,3/16/2026 2:00,0.005745957459438747,0.004937524928841431,0.00225285031614276,0.0
42003,Allegheny County,PA,3/16/2026 3:00,0.00577026932749191,0.0042601815143766784,0.0018077919530710975,0.0
42003,Allegheny County,PA,3/16/2026 4:00,0.005704263560266523,0.00341866825462518,0.0016481981390209142,0.0
42003,Allegheny County,PA,3/16/2026 5:00,0.007049191680911118,0.0031294528572604757,0.001586921545982309,0.0
42003,Allegheny County,PA,3/16/2026 6:00,0.007322063197199309,0.0026246590579488468,0.0017378521974392765,0.0
42003,Allegheny County,PA,3/16/2026 7:00,0.011560012632166187,0.003312246498733935,0.0019499472339988123,0.0
42003,Allegheny County,PA,3/16/2026 8:00,0.010492427569410016,0.0033237872218109836,0.0018504288429944452,0.0
42003,Allegheny County,PA,3/16/2026 9:00,0.0058525810618827775,0.003464256566034509,0.002005901512656906,0.0
42003,Allegheny County,PA,3/16/2026 10:00,0.006121864003106212,0.004113387013948921,0.0022070377858826803,0.0
42003,Allegheny County,PA,3/16/2026 11:00,0.007077807925049887,0.00315790019251523,0.0022439507346838023,0.0
42003,Allegheny County,PA,3/16/2026 12:00,0.005689540621576188,0.003170491800558461,0.003048960297581356,0.00182010691579352
42003,Allegheny County,PA,3/16/2026 13:00,0.003279432413461941,0.0036361314032287207,0.0034402253262280076,0.0020568814817926487
42003,Allegheny County,PA,3/16/2026 14:00,0.003894251737748473,0.0036264766504346805,0.002191776947606388,0.0013800860954431514
42003,Allegheny County,PA,3/16/2026 15:00,0.0029324809414310268,0.004248085489517443,0.003126848373604382,0.0
42003,Allegheny County,PA,3/16/2026 16:00,0.00414956608571117,0.00474556666899973,0.0031508417093957524,0.0
42003,Allegheny County,PA,3/16/2026 17:00,0.002654767858090007,0.004910342048865871,0.0030923376117992334,0.0
42003,Allegheny County,PA,3/16/2026 18:00,0.0024417289944220046,0.00634027635475274,0.0024549975752333687,0.0
42003,Allegheny County,PA,3/16/2026 19:00,0.0028610665353049508,0.005339594889429397,0.0018449337300131814,0.0
42003,Allegheny County,PA,3/16/2026 20:00,0.004046008023486275,0.004455604741395599,0.0,0.0
42003,Allegheny County,PA,3/16/2026 21:00,0.0033314308737933842,0.003068996389613728,0.0,0.0
42003,Allegheny County,PA,3/16/2026 22:00,0.003961538717983854,0.00324084905869028,0.0,0.0
42003,Allegheny County,PA,3/16/2026 23:00,0.004029305778437569,0.0025491619417368624,0.0,0.0
42003,Allegheny County,PA,3/17/2026 0:00,0.0032639773325156994,0.0018963632097471136,0.0,0.0
42003,Allegheny County,PA,3/17/2026 1:00,0.0037529383283581453,0.0018301338634053534,0.0,0.0
42003,Allegheny County,PA,3/17/2026 2:00,0.0037083254073506503,0.0015016813603711675,0.0,0.0
42003,Allegheny County,PA,3/17/2026 3:00,0.0028117698485229984,0.002222049244233289,0.0,0.0
42003,Allegheny County,PA,3/17/2026 4:00,0.0027979966109387532,0.00228397104708588,0.0,0.0
42003,Allegheny County,PA,3/17/2026 5:00,0.004713529075174439,0.0033518015678706188,0.0,0.0
42003,Allegheny County,PA,3/17/2026 6:00,0.003551488070291501,0.0017773595976017429,0.0,0.0
42003,Allegheny County,PA,3/17/2026 7:00,0.0025125199026033705,0.0015632877813471454,0.0,0.0
42003,Allegheny County,PA,3/17/2026 8:00,0.0024706559667620137,0.001338210047313957,0.0,0.0
42003,Allegheny County,PA,3/17/2026 9:00,0.0022868783745033346,0.0,0.0,0.0
42003,Allegheny County,PA,3/17/2026 10:00,0.0018240211311294579,0.0,0.0,0.0
42003,Allegheny County,PA,3/17/2026 11:00,0.0018505547292910676,0.0,0.0,0.0
42003,Allegheny County,PA,3/17/2026 12:00,0.001903904346930805,0.0,0.0,0.0
42003,Allegheny County,PA,3/17/2026 13:00,0.0017761542765661273,0.0,0.0,0.0
42003,Allegheny County,PA,3/17/2026 14:00,0.002358713472340943,0.0,0.0,0.0
42003,Allegheny County,PA,3/17/2026 15:00,0.0,0.0,0.0,0.0
42003,Allegheny County,PA,3/17/2026 16:00,0.0,0.0,0.0,0.0
42003,Allegheny County,PA,3/17/2026 17:00,0.0,0.0,0.0,0.0
42003,Allegheny County,PA,3/17/2026 18:00,0.0,0.0,0.0,0.0
42003,Allegheny County,PA,3/17/2026 19:00,0.0,0.0,0.0,0.0
42003,Allegheny County,PA,3/17/2026 20:00,0.0,0.0,0.0,0.0
42003,Allegheny County,PA,3/17/2026 21:00,0.0,0.0,0.0,0.0
42003,Allegheny County,PA,3/17/2026 22:00,0.0,0.0,0.0,0.0
42003,Allegheny County,PA,3/17/2026 23:00,0.0,0.0,0.0,0.0
42003,Allegheny County,PA,3/18/2026 0:00,0.0,0.0,0.0,
42003,Allegheny County,PA,3/18/2026 1:00,0.0,0.0,0.0,
42003,Allegheny County,PA,3/18/2026 2:00,0.0,0.0,0.0,
42003,Allegheny County,PA,3/18/2026 3:00,0.0,0.0,0.0,
42003,Allegheny County,PA,3/18/2026 4:00,0.0,0.0,0.0,
42003,Allegheny County,PA,3/18/2026 5:00,0.0,0.001058641278622215,0.0,
42003,Allegheny County,PA,3/18/2026 6:00,0.001135585987540105,0.0015422221574740427,0.0010198356926622329,
42003,Allegheny County,PA,3/18/2026 7:00,0.0,0.0010988751487102048,0.0,
42003,Allegheny County,PA,3/18/2026 8:00,0.0017730730433721195,0.0,0.0,
42003,Allegheny County,PA,3/18/2026 9:00,0.0019917416458341782,0.0,0.0,
42003,Allegheny County,PA,3/18/2026 10:00,0.0,0.0,0.0,
42003,Allegheny County,PA,3/18/2026 11:00,0.0,0.0,0.0,
42003,Allegheny County,PA,3/18/2026 12:00,0.0012877310588945367,0.0,0.0,
42003,Allegheny County,PA,3/18/2026 13:00,0.0013181304051296187,0.0,0.0,
42003,Allegheny County,PA,3/18/2026 14:00,0.0012822270016746812,0.0,0.0,
42003,Allegheny County,PA,3/18/2026 15:00,0.0013477269484807085,0.0,0.0,
42003,Allegheny County,PA,3/18/2026 16:00,0.0,0.0,0.0,
42003,Allegheny County,PA,3/18/2026 17:00,0.0,0.0,0.0,
42003,Allegheny County,PA,3/18/2026 18:00,0.0,0.0,0.0,
42003,Allegheny County,PA,3/18/2026 19:00,0.0,0.0,0.0,
42003,Allegheny County,PA,3/18/2026 20:00,0.0,0.0,0.0,
42003,Allegheny County,PA,3/18/2026 21:00,0.0,0.0,0.0,
42003,Allegheny County,PA,3/18/2026 22:00,0.0,0.0,0.0,
42003,Allegheny County,PA,3/18/2026 23:00,0.0,0.0,0.0,
42003,Allegheny County,PA,3/19/2026 0:00,0.0,0.0,,
42003,Allegheny County,PA,3/19/2026 1:00,0.0,0.0,,
42003,Allegheny County,PA,3/19/2026 2:00,0.0,0.0,,
42003,Allegheny County,PA,3/19/2026 3:00,0.0,0.0,,
42003,Allegheny County,PA,3/19/2026 4:00,0.0,0.0,,
42003,Allegheny County,PA,3/19/2026 5:00,0.0,0.0,,
42003,Allegheny County,PA,3/19/2026 6:00,0.0,0.0,,
42003,Allegheny County,PA,3/19/2026 7:00,0.0,0.0,,
42003,Allegheny County,PA,3/19/2026 8:00,0.0,0.0,,
42003,Allegheny County,PA,3/19/2026 9:00,0.0,0.0,,
42003,Allegheny County,PA,3/19/2026 10:00,0.0,0.0,,
42003,Allegheny County,PA,3/19/2026 11:00,0.0,0.0,,
42003,Allegheny County,PA,3/19/2026 12:00,0.0,0.0,,
42003,Allegheny County,PA,3/19/2026 13:00,0.0,0.0,,
42003,Allegheny County,PA,3/19/2026 14:00,0.0,0.0,,
42003,Allegheny County,PA,3/19/2026 15:00,0.0,0.0,,
42003,Allegheny County,PA,3/19/2026 16:00,0.0,0.0,,
42003,Allegheny County,PA,3/19/2026 17:00,0.0,0.0,,
42003,Allegheny County,PA,3/19/2026 18:00,0.0,,,
42003,Allegheny County,PA,3/19/2026 19:00,0.0,,,
42003,Allegheny County,PA,3/19/2026 20:00,0.0,,,
42003,Allegheny County,PA,3/19/2026 21:00,0.0,,,
42003,Allegheny County,PA,3/19/2026 22:00,0.0,,,
42003,Allegheny County,PA,3/19/2026 23:00,,,,
42011,Berks County,PA,3/14/2026 0:00,0.0,0.0,0.0010224634176660044,0.002900812859578825
42011,Berks County,PA,3/14/2026 1:00,0.0,0.0,0.0,0.002898195193497352
42011,Berks County,PA,3/14/2026 2:00,0.0,0.0010221774222476526,0.0,0.0029322417658054073
42011,Berks County,PA,3/14/2026 3:00,0.0,0.006038550003903519,0.0,0.0024350717900428315
42011,Berks County,PA,3/14/2026 4:00,0.0,0.006285103561400889,0.0,0.002497812499394935
42011,Berks County,PA,3/14/2026 5:00,0.0,0.00627555023417959,0.0,0.002148174545399239
42011,Berks County,PA,3/14/2026 6:00,0.0,0.00499057473942665,0.0,0.0
42011,Berks County,PA,3/14/2026 7:00,0.0,0.004729821760454493,0.0011762845753802318,0.0010619117206451603
42011,Berks County,PA,3/14/2026 8:00,0.002541008575872239,0.004584405649114135,0.0011371802295813223,0.00109488603190294
42011,Berks County,PA,3/14/2026 9:00,0.004672118407711247,0.004066781759449049,0.0013737257521637587,0.0
42011,Berks County,PA,3/14/2026 10:00,0.0037004776176943507,0.004271357946803116,0.0018225281550715469,0.0014530619584223864
42011,Berks County,PA,3/14/2026 11:00,0.0058797955940683945,0.003988750148229745,0.0029038648419636476,0.0012805402519905792
42011,Berks County,PA,3/14/2026 12:00,0.004216196433703894,0.0019247967671120044,0.002288020279707448,0.0012042966153896857
42011,Berks County,PA,3/14/2026 13:00,0.0027558914670878665,0.0016190720531614898,0.0015448669300751696,0.0013710048487669427
42011,Berks County,PA,3/14/2026 14:00,0.001580812205777038,0.0017515952611348513,0.0014704380749629288,0.0012182812477836795
42011,Berks County,PA,3/14/2026 15:00,0.0028138438102317436,0.0018538004602705336,0.001224103831044824,0.0013379905145388478
42011,Berks County,PA,3/14/2026 16:00,0.001536939552584225,0.0,0.0,0.002558501004448881
42011,Berks County,PA,3/14/2026 17:00,0.0,0.0,0.0,0.0034463733574544722
42011,Berks County,PA,3/14/2026 18:00,0.001013057843196788,0.0,0.0,0.003240555085205725
42011,Berks County,PA,3/14/2026 19:00,0.0,0.0,0.0,0.003897281520554175
42011,Berks County,PA,3/14/2026 20:00,0.0,0.0,0.0,0.006621039671043743
42011,Berks County,PA,3/14/2026 21:00,0.0013444832032603086,0.0,0.0,0.015279845859634862
42011,Berks County,PA,3/14/2026 22:00,0.001517245032644862,0.0,0.0,0.018674881472614757
42011,Berks County,PA,3/14/2026 23:00,0.0015333928482201737,0.0,0.0,0.01981721100282522
42011,Berks County,PA,3/15/2026 0:00,0.0,0.0,0.0,0.023911869791745515
42011,Berks County,PA,3/15/2026 1:00,0.0,0.0,0.0,0.021846483556673388
42011,Berks County,PA,3/15/2026 2:00,0.0,0.0,0.0,0.022679925565165432
42011,Berks County,PA,3/15/2026 3:00,0.0,0.0,0.0,0.022033298982897492
42011,Berks County,PA,3/15/2026 4:00,0.0,0.0,0.001212427066200643,0.021790895121777606
42011,Berks County,PA,3/15/2026 5:00,0.0,0.0,0.0014285092278961615,0.021226189577696453
42011,Berks County,PA,3/15/2026 6:00,0.0,0.0,0.001895417163176033,0.020117699743359467
42011,Berks County,PA,3/15/2026 7:00,0.0,0.0,0.0,0.020252746783907594
42011,Berks County,PA,3/15/2026 8:00,0.0,0.0,0.0,0.016054344808876075
42011,Berks County,PA,3/15/2026 9:00,0.0,0.0,0.0,0.014889750946314732
42011,Berks County,PA,3/15/2026 10:00,0.0,0.0,0.0016187540821987491,0.008393222364451537
42011,Berks County,PA,3/15/2026 11:00,0.0,0.0,0.0011372433194028135,0.008079967819930709
42011,Berks County,PA,3/15/2026 12:00,0.0,0.0,0.001780664188160234,0.006318428681975093
42011,Berks County,PA,3/15/2026 13:00,0.0,0.0,0.003316461098037809,0.006159549323708509
42011,Berks County,PA,3/15/2026 14:00,0.0,0.0,0.0025914131889427697,0.0057803502031748685
42011,Berks County,PA,3/15/2026 15:00,0.0,0.0,0.0031059197427442133,0.004125380742647843
42011,Berks County,PA,3/15/2026 16:00,0.0,0.0,0.003457804151136399,0.0038674803526782655
42011,Berks County,PA,3/15/2026 17:00,0.0,0.0,0.003393231407984523,0.004178177598172331
42011,Berks County,PA,3/15/2026 18:00,0.0,0.0,0.0030209779768655175,0.0038668965523355114
42011,Berks County,PA,3/15/2026 19:00,0.0,0.0,0.005095757401252459,0.0034780773931044812
42011,Berks County,PA,3/15/2026 20:00,0.0,0.0,0.0040126005868016705,0.0034053058498620635
42011,Berks County,PA,3/15/2026 21:00,0.0,0.0,0.010109344331221638,0.0030890734157444236
42011,Berks County,PA,3/15/2026 22:00,0.0,0.0,0.014017892372214553,0.0012508450724791143
42011,Berks County,PA,3/15/2026 23:00,0.0,0.0,0.01900153195701171,0.0
42011,Berks County,PA,3/16/2026 0:00,0.0,0.0,0.01920109340045625,0.0
42011,Berks County,PA,3/16/2026 1:00,0.0,0.0,0.01922211912156985,0.0
42011,Berks County,PA,3/16/2026 2:00,0.0,0.0,0.019087671207623405,0.0
42011,Berks County,PA,3/16/2026 3:00,0.0,0.0,0.017558123226657573,0.0
42011,Berks County,PA,3/16/2026 4:00,0.0,0.0020569754101791827,0.017520245520624207,0.0
42011,Berks County,PA,3/16/2026 5:00,0.0,0.001703741585688123,0.01743882621863093,0.0
42011,Berks County,PA,3/16/2026 6:00,0.0,0.001269933668271965,0.016708055386783757,0.0
42011,Berks County,PA,3/16/2026 7:00,0.0,0.0021455061179568922,0.015628502045523757,0.0
42011,Berks County,PA,3/16/2026 8:00,0.0011785049148442177,0.0019674607215384413,0.015268812009527195,0.0
42011,Berks County,PA,3/16/2026 9:00,0.0,0.0025289818369674593,0.012379546794941815,0.0
42011,Berks County,PA,3/16/2026 10:00,0.0023570012807383406,0.0024285461860439335,0.011544763582622622,0.0
42011,Berks County,PA,3/16/2026 11:00,0.0026388560026028634,0.0037941189401392034,0.007000417599022736,0.0
42011,Berks County,PA,3/16/2026 12:00,0.006517198758373192,0.0035895224275079955,0.006316305314206733,0.0
42011,Berks County,PA,3/16/2026 13:00,0.00802191691190925,0.004103022622997273,0.006560229661818365,0.0
42011,Berks County,PA,3/16/2026 14:00,0.0036798956913853217,0.0030296110074324433,0.00575012932727893,0.0
42011,Berks County,PA,3/16/2026 15:00,0.0026499427811770364,0.006533320411722862,0.005536891868121124,0.0
42011,Berks County,PA,3/16/2026 16:00,0.0011536576251217727,0.014698195197052993,0.002184032586429795,0.0
42011,Berks County,PA,3/16/2026 17:00,0.0,0.016110290113359578,0.0017315597829025964,0.0
42011,Berks County,PA,3/16/2026 18:00,0.0,0.017162027779132366,0.0017531563362316984,0.0
42011,Berks County,PA,3/16/2026 19:00,0.007793217300993907,0.016136057135331717,0.0016548064232536624,0.0
42011,Berks County,PA,3/16/2026 20:00,0.010230829393349314,0.016865250216062968,0.0015863325723697542,0.0
42011,Berks County,PA,3/16/2026 21:00,0.016016856575968446,0.014909526062884561,0.0,0.0
42011,Berks County,PA,3/16/2026 22:00,0.021533767191509352,0.015664891829144444,0.0011206117031747024,0.0
42011,Berks County,PA,3/16/2026 23:00,0.016886251321804106,0.015299120713607742,0.0,0.0
42011,Berks County,PA,3/17/2026 0:00,0.017753277679338875,0.011685362977721622,0.0,0.0
42011,Berks County,PA,3/17/2026 1:00,0.01582389327928378,0.010017803977014862,0.0,0.0
42011,Berks County,PA,3/17/2026 2:00,0.01876618989247857,0.010349657222806011,0.0,0.0
42011,Berks County,PA,3/17/2026 3:00,0.021730247288914907,0.010278628694567152,0.0,0.0
42011,Berks County,PA,3/17/2026 4:00,0.016559760041359797,0.010081225813398396,0.0,0.0
42011,Berks County,PA,3/17/2026 5:00,0.016661163151243295,0.00974790491639106,0.0,0.0
42011,Berks County,PA,3/17/2026 6:00,0.014668756519977084,0.009762024082570807,0.0,0.0
42011,Berks County,PA,3/17/2026 7:00,0.015730047862271192,0.006381916098719324,0.0,0.0
42011,Berks County,PA,3/17/2026 8:00,0.01193028944445307,0.005286943056565639,0.0,0.0
42011,Berks County,PA,3/17/2026 9:00,0.011141112631160273,0.005417687206552524,0.0,0.0
42011,Berks County,PA,3/17/2026 10:00,0.009824919634958023,0.0030581145718217174,0.0,0.0
42011,Berks County,PA,3/17/2026 11:00,0.007905835812926672,0.0020486792224930096,0.0,0.0
42011,Berks County,PA,3/17/2026 12:00,0.006519691440549994,0.002004014956549065,0.0,0.0
42011,Berks County,PA,3/17/2026 13:00,0.005461028490614393,0.0015788249044328875,0.0,0.0
42011,Berks County,PA,3/17/2026 14:00,0.004398108486228827,0.0012433211635082314,0.0,0.0
42011,Berks County,PA,3/17/2026 15:00,0.0029163896609885063,0.0012433211635082314,0.0,0.0
42011,Berks County,PA,3/17/2026 16:00,0.0036707098789911016,0.0,0.0,0.0
42011,Berks County,PA,3/17/2026 17:00,0.0019076816059921012,0.0,0.0,0.0
42011,Berks County,PA,3/17/2026 18:00,0.002329604618178394,0.0,0.0,0.0
42011,Berks County,PA,3/17/2026 19:00,0.0013358761100289362,0.0,0.0,0.0
42011,Berks County,PA,3/17/2026 20:00,0.0015529356820749422,0.0,0.0,0.0
42011,Berks County,PA,3/17/2026 21:00,0.0012066032111623954,0.0,0.0,0.0
42011,Berks County,PA,3/17/2026 22:00,0.0011986356835848929,0.0,0.0,0.0
42011,Berks County,PA,3/17/2026 23:00,0.0,0.0,0.0,0.0
42011,Berks County,PA,3/18/2026 0:00,0.0,0.0,0.0,
42011,Berks County,PA,3/18/2026 1:00,0.0,0.0,0.0,
42011,Berks County,PA,3/18/2026 2:00,0.0,0.0,0.0,
42011,Berks County,PA,3/18/2026 3:00,0.0,0.0,0.0,
42011,Berks County,PA,3/18/2026 4:00,0.0,0.0,0.0,
42011,Berks County,PA,3/18/2026 5:00,0.0,0.0,0.0,
42011,Berks County,PA,3/18/2026 6:00,0.0,0.0,0.0,
42011,Berks County,PA,3/18/2026 7:00,0.0,0.0,0.0,
42011,Berks County,PA,3/18/2026 8:00,0.0,0.0,0.0,
42011,Berks County,PA,3/18/2026 9:00,0.0,0.0,0.0,
42011,Berks County,PA,3/18/2026 10:00,0.0013667095931847047,0.0,0.0,
42011,Berks County,PA,3/18/2026 11:00,0.0,0.0,0.0,
42011,Berks County,PA,3/18/2026 12:00,0.0,0.0,0.0,
42011,Berks County,PA,3/18/2026 13:00,0.0,0.0,0.0,
42011,Berks County,PA,3/18/2026 14:00,0.001141449308892827,0.0,0.0,
42011,Berks County,PA,3/18/2026 15:00,0.0,0.0,0.0,
42011,Berks County,PA,3/18/2026 16:00,0.0,0.0,0.0,
42011,Berks County,PA,3/18/2026 17:00,0.0,0.0,0.0,
42011,Berks County,PA,3/18/2026 18:00,0.0,0.0,0.0,
42011,Berks County,PA,3/18/2026 19:00,0.0,0.0,0.0,
42011,Berks County,PA,3/18/2026 20:00,0.0,0.0,0.0,
42011,Berks County,PA,3/18/2026 21:00,0.0,0.0,0.0,
42011,Berks County,PA,3/18/2026 22:00,0.0,0.0,0.0,
42011,Berks County,PA,3/18/2026 23:00,0.0,0.0,0.0,
42011,Berks County,PA,3/19/2026 0:00,0.0,0.0,,
42011,Berks County,PA,3/19/2026 1:00,0.0,0.0,,
42011,Berks County,PA,3/19/2026 2:00,0.0,0.0,,
42011,Berks County,PA,3/19/2026 3:00,0.0,0.0,,
42011,Berks County,PA,3/19/2026 4:00,0.0,0.0,,
42011,Berks County,PA,3/19/2026 5:00,0.0,0.0,,
42011,Berks County,PA,3/19/2026 6:00,0.0,0.0,,
42011,Berks County,PA,3/19/2026 7:00,0.0,0.0,,
42011,Berks County,PA,3/19/2026 8:00,0.0,0.0,,
42011,Berks County,PA,3/19/2026 9:00,0.0,0.0,,
42011,Berks County,PA,3/19/2026 10:00,0.0,0.0,,
42011,Berks County,PA,3/19/2026 11:00,0.0,0.0,,
42011,Berks County,PA,3/19/2026 12:00,0.0,0.0,,
42011,Berks County,PA,3/19/2026 13:00,0.0,0.0,,
42011,Berks County,PA,3/19/2026 14:00,0.0,0.0,,
42011,Berks County,PA,3/19/2026 15:00,0.0,0.0,,
42011,Berks County,PA,3/19/2026 16:00,0.0,0.0,,
42011,Berks County,PA,3/19/2026 17:00,0.0,0.0,,
42011,Berks County,PA,3/19/2026 18:00,0.0,,,
42011,Berks County,PA,3/19/2026 19:00,0.0,,,
42011,Berks County,PA,3/19/2026 20:00,0.0,,,
42011,Berks County,PA,3/19/2026 21:00,0.0,,,
42011,Berks County,PA,3/19/2026 22:00,0.0,,,
42011,Berks County,PA,3/19/2026 23:00,,,,
42017,Bucks County,PA,3/14/2026 0:00,0.0,0.0,0.0,0.003951306472537232
42017,Bucks County,PA,3/14/2026 1:00,0.0,0.0,0.0,0.0
42017,Bucks County,PA,3/14/2026 2:00,0.0,0.0,0.0,0.0
42017,Bucks County,PA,3/14/2026 3:00,0.0,0.0,0.0,0.0
42017,Bucks County,PA,3/14/2026 4:00,0.0,0.0,0.0,0.0
42017,Bucks County,PA,3/14/2026 5:00,0.0,0.0,0.0,0.0
42017,Bucks County,PA,3/14/2026 6:00,0.0,0.0013625367712533324,0.0,0.0
42017,Bucks County,PA,3/14/2026 7:00,0.0,0.0,0.0,0.0
42017,Bucks County,PA,3/14/2026 8:00,0.0,0.0,0.0,0.0
42017,Bucks County,PA,3/14/2026 9:00,0.0,0.0,0.0,0.0
42017,Bucks County,PA,3/14/2026 10:00,0.0,0.0,0.0,0.0
42017,Bucks County,PA,3/14/2026 11:00,0.0,0.0,0.0,0.0
42017,Bucks County,PA,3/14/2026 12:00,0.0,0.0,0.0,0.0
42017,Bucks County,PA,3/14/2026 13:00,0.0,0.0,0.0,0.0
42017,Bucks County,PA,3/14/2026 14:00,0.0,0.0,0.0,0.0
42017,Bucks County,PA,3/14/2026 15:00,0.0,0.0,0.0,0.0
42017,Bucks County,PA,3/14/2026 16:00,0.0,0.0,0.0,0.0
42017,Bucks County,PA,3/14/2026 17:00,0.0,0.0,0.0,0.0
42017,Bucks County,PA,3/14/2026 18:00,0.0,0.0,0.0,0.0
42017,Bucks County,PA,3/14/2026 19:00,0.0,0.0,0.0,0.0015401132418756069
42017,Bucks County,PA,3/14/2026 20:00,0.0,0.0,0.0,0.001993979948076058
42017,Bucks County,PA,3/14/2026 21:00,0.0,0.0,0.0,0.008046721568277853
42017,Bucks County,PA,3/14/2026 22:00,0.0,0.0,0.0,0.011827407496384728
42017,Bucks County,PA,3/14/2026 23:00,0.0,0.0,0.0,0.015450163378725209
42017,Bucks County,PA,3/15/2026 0:00,0.0,0.0,0.0,0.020390827208508124
42017,Bucks County,PA,3/15/2026 1:00,0.0,0.0,0.0,0.01920234565821173
42017,Bucks County,PA,3/15/2026 2:00,0.0,0.0,0.0,0.01670454066558177
42017,Bucks County,PA,3/15/2026 3:00,0.0,0.0,0.0,0.015355209767341374
42017,Bucks County,PA,3/15/2026 4:00,0.0,0.0,0.0,0.015420074036851368
42017,Bucks County,PA,3/15/2026 5:00,0.0,0.0,0.0,0.015336456286768822
42017,Bucks County,PA,3/15/2026 6:00,0.0,0.0,0.0,0.015321944923620524
42017,Bucks County,PA,3/15/2026 7:00,0.0,0.0,0.0,0.015183634573951367
42017,Bucks County,PA,3/15/2026 8:00,0.0,0.0,0.0,0.008871048141369098
42017,Bucks County,PA,3/15/2026 9:00,0.0,0.0,0.0,0.00877248760845367
42017,Bucks County,PA,3/15/2026 10:00,0.0,0.0,0.0,0.007957661077333339
42017,Bucks County,PA,3/15/2026 11:00,0.0,0.0,0.001074556075096916,0.007304952441241292
42017,Bucks County,PA,3/15/2026 12:00,0.0,0.0,0.0,0.006958660476927028
42017,Bucks County,PA,3/15/2026 13:00,0.0,0.0,0.0,0.006994150710141054
42017,Bucks County,PA,3/15/2026 14:00,0.0,0.0,0.0,0.007240120363488142
42017,Bucks County,PA,3/15/2026 15:00,0.0,0.0,0.0,0.006153470696461984
42017,Bucks County,PA,3/15/2026 16:00,0.0,0.0,0.0,0.004152366819805929
42017,Bucks County,PA,3/15/2026 17:00,0.0,0.0,0.001048117877511941,0.004031578598724794
42017,Bucks County,PA,3/15/2026 18:00,0.0,0.0,0.0,0.0031660383537028525
42017,Bucks County,PA,3/15/2026 19:00,0.0,0.0,0.0011407184798118812,0.0028453824363506896
42017,Bucks County,PA,3/15/2026 20:00,0.0,0.0,0.0020672297108436377,0.0028365133651188255
42017,Bucks County,PA,3/15/2026 21:00,0.0,0.0,0.002765576942766575,0.002729077829835008
42017,Bucks County,PA,3/15/2026 22:00,0.0,0.0,0.007144085131066621,0.0020963272219529493
42017,Bucks County,PA,3/15/2026 23:00,0.0,0.0,0.012769200218315633,0.0017894863167543752
42017,Bucks County,PA,3/16/2026 0:00,0.0,0.0,0.017021754424327535,0.0
42017,Bucks County,PA,3/16/2026 1:00,0.0010420334569909762,0.0,0.01675266549393291,0.0
42017,Bucks County,PA,3/16/2026 2:00,0.0,0.0,0.015625621685214027,0.0
42017,Bucks County,PA,3/16/2026 3:00,0.0010623120379326017,0.0,0.014481089613003905,0.0
42017,Bucks County,PA,3/16/2026 4:00,0.001236385229354851,0.0010917350026414334,0.014414038240421981,0.0
42017,Bucks County,PA,3/16/2026 5:00,0.0,0.0,0.012594398761627289,0.0
42017,Bucks County,PA,3/16/2026 6:00,0.0,0.0,0.011000180416038717,0.0
42017,Bucks County,PA,3/16/2026 7:00,0.0,0.0,0.012369821960672588,0.0
42017,Bucks County,PA,3/16/2026 8:00,0.0,0.0,0.010933164013177576,0.0
42017,Bucks County,PA,3/16/2026 9:00,0.0,0.0,0.010393660083969154,0.0
42017,Bucks County,PA,3/16/2026 10:00,0.0,0.0,0.009858501541317406,0.0
42017,Bucks County,PA,3/16/2026 11:00,0.0012115766058840658,0.0,0.008317638863619387,0.0
42017,Bucks County,PA,3/16/2026 12:00,0.0019902675780672807,0.0,0.00723775377698529,0.0
42017,Bucks County,PA,3/16/2026 13:00,0.0013763271251695617,0.0,0.00677158590129033,0.0
42017,Bucks County,PA,3/16/2026 14:00,0.0011992587821447174,0.0,0.004604308070121221,0.0
42017,Bucks County,PA,3/16/2026 15:00,0.0,0.0031659381501058497,0.0032455263047943494,0.0
42017,Bucks County,PA,3/16/2026 16:00,0.0,0.00916354089331967,0.005025604977136686,0.0
42017,Bucks County,PA,3/16/2026 17:00,0.0,0.015175361676049288,0.001999709482572034,0.0
42017,Bucks County,PA,3/16/2026 18:00,0.0013398304213620166,0.018764699826229123,0.001444190409387714,0.0
42017,Bucks County,PA,3/16/2026 19:00,0.0017178232587747443,0.02050418123458878,0.0013424675190879794,0.0
42017,Bucks County,PA,3/16/2026 20:00,0.0023259860447696116,0.019815376466008356,0.0011782504373097401,0.0
42017,Bucks County,PA,3/16/2026 21:00,0.007670784539049304,0.017727734683267046,0.0,0.0
42017,Bucks County,PA,3/16/2026 22:00,0.014062315773298582,0.018221997839698568,0.0,0.0
42017,Bucks County,PA,3/16/2026 23:00,0.017370274666885885,0.0155005332045182,0.0,0.0010353707026129289
42017,Bucks County,PA,3/17/2026 0:00,0.013942199646634313,0.010924449270625889,0.0,0.0
42017,Bucks County,PA,3/17/2026 1:00,0.013811191378023533,0.007782791188948742,0.0,0.0
42017,Bucks County,PA,3/17/2026 2:00,0.013868390598981102,0.00700172070829883,0.0,0.0
42017,Bucks County,PA,3/17/2026 3:00,0.014022191913603358,0.00693075110174692,0.0,0.0
42017,Bucks County,PA,3/17/2026 4:00,0.015014179222785251,0.006945216164818201,0.0,0.0
42017,Bucks County,PA,3/17/2026 5:00,0.011776116136015409,0.006756657867795608,0.0,0.0
42017,Bucks County,PA,3/17/2026 6:00,0.011194666634105534,0.006658731792526066,0.0,0.0
42017,Bucks County,PA,3/17/2026 7:00,0.010530778697555025,0.006301879189435621,0.0,0.0
42017,Bucks County,PA,3/17/2026 8:00,0.009113499495996246,0.005272720672067504,0.0,0.0
42017,Bucks County,PA,3/17/2026 9:00,0.008140499706166156,0.0036622586630273507,0.0,0.0
42017,Bucks County,PA,3/17/2026 10:00,0.007640897122095199,0.0032759203121852623,0.0,0.0
42017,Bucks County,PA,3/17/2026 11:00,0.00624923053961709,0.0029884576073070557,0.0,0.0
42017,Bucks County,PA,3/17/2026 12:00,0.005201840378613712,0.0017949449384184499,0.0,0.0
42017,Bucks County,PA,3/17/2026 13:00,0.004196570864726636,0.0015713545936544802,0.0,0.0
42017,Bucks County,PA,3/17/2026 14:00,0.0029949121620153683,0.0012704141374631764,0.0,0.0
42017,Bucks County,PA,3/17/2026 15:00,0.002113082389053784,0.0012704141374631764,0.0,0.0
42017,Bucks County,PA,3/17/2026 16:00,0.002166003066040051,0.0011572043206172229,0.0,0.0
42017,Bucks County,PA,3/17/2026 17:00,0.002013830483542502,0.0,0.0,0.0
42017,Bucks County,PA,3/17/2026 18:00,0.0,0.0,0.0,0.0
42017,Bucks County,PA,3/17/2026 19:00,0.0,0.0,0.0,0.0
42017,Bucks County,PA,3/17/2026 20:00,0.001167727791225048,0.0,0.0,0.0
42017,Bucks County,PA,3/17/2026 21:00,0.0,0.0,0.0,0.0
42017,Bucks County,PA,3/17/2026 22:00,0.0013347106962982136,0.0,0.0,0.0
42017,Bucks County,PA,3/17/2026 23:00,0.0011288041771158862,0.0,0.0,0.0
42017,Bucks County,PA,3/18/2026 0:00,0.0,0.0,0.0,
42017,Bucks County,PA,3/18/2026 1:00,0.0,0.0,0.0,
42017,Bucks County,PA,3/18/2026 2:00,0.0,0.0,0.0,
42017,Bucks County,PA,3/18/2026 3:00,0.0,0.0,0.0,
42017,Bucks County,PA,3/18/2026 4:00,0.0,0.0,0.0,
42017,Bucks County,PA,3/18/2026 5:00,0.0,0.0,0.0,
42017,Bucks County,PA,3/18/2026 6:00,0.0,0.0,0.0,
42017,Bucks County,PA,3/18/2026 7:00,0.0,0.0,0.0,
42017,Bucks County,PA,3/18/2026 8:00,0.0,0.0,0.0,
42017,Bucks County,PA,3/18/2026 9:00,0.0,0.0,0.0,
42017,Bucks County,PA,3/18/2026 10:00,0.0,0.0,0.0,
42017,Bucks County,PA,3/18/2026 11:00,0.0,0.0,0.0,
42017,Bucks County,PA,3/18/2026 12:00,0.0,0.0,0.0,
42017,Bucks County,PA,3/18/2026 13:00,0.0,0.0,0.0,
42017,Bucks County,PA,3/18/2026 14:00,0.0,0.0,0.0,
42017,Bucks County,PA,3/18/2026 15:00,0.0011648827351506492,0.0,0.0,
42017,Bucks County,PA,3/18/2026 16:00,0.0,0.0,0.0,
42017,Bucks County,PA,3/18/2026 17:00,0.0,0.0,0.0,
42017,Bucks County,PA,3/18/2026 18:00,0.0,0.0,0.0,
42017,Bucks County,PA,3/18/2026 19:00,0.0,0.0,0.0,
42017,Bucks County,PA,3/18/2026 20:00,0.0,0.0,0.0,
42017,Bucks County,PA,3/18/2026 21:00,0.0,0.0,0.0,
42017,Bucks County,PA,3/18/2026 22:00,0.0,0.0,0.0,
42017,Bucks County,PA,3/18/2026 23:00,0.0,0.0,0.0,
42017,Bucks County,PA,3/19/2026 0:00,0.0,0.0,,
42017,Bucks County,PA,3/19/2026 1:00,0.0,0.0,,
42017,Bucks County,PA,3/19/2026 2:00,0.0,0.0,,
42017,Bucks County,PA,3/19/2026 3:00,0.0,0.0,,
42017,Bucks County,PA,3/19/2026 4:00,0.0,0.0,,
42017,Bucks County,PA,3/19/2026 5:00,0.0,0.0,,
42017,Bucks County,PA,3/19/2026 6:00,0.0,0.0,,
42017,Bucks County,PA,3/19/2026 7:00,0.0,0.0,,
42017,Bucks County,PA,3/19/2026 8:00,0.0,0.0,,
42017,Bucks County,PA,3/19/2026 9:00,0.0,0.0,,
42017,Bucks County,PA,3/19/2026 10:00,0.0,0.0,,
42017,Bucks County,PA,3/19/2026 11:00,0.0,0.0,,
42017,Bucks County,PA,3/19/2026 12:00,0.0,0.0,,
42017,Bucks County,PA,3/19/2026 13:00,0.0,0.0,,
42017,Bucks County,PA,3/19/2026 14:00,0.0,0.0,,
42017,Bucks County,PA,3/19/2026 15:00,0.0,0.0,,
42017,Bucks County,PA,3/19/2026 16:00,0.0,0.0,,
42017,Bucks County,PA,3/19/2026 17:00,0.0,0.0,,
42017,Bucks County,PA,3/19/2026 18:00,0.0,,,
42017,Bucks County,PA,3/19/2026 19:00,0.0,,,
42017,Bucks County,PA,3/19/2026 20:00,0.0,,,
42017,Bucks County,PA,3/19/2026 21:00,0.0,,,
42017,Bucks County,PA,3/19/2026 22:00,0.0,,,
42017,Bucks County,PA,3/19/2026 23:00,,,,
42037,Columbia County,PA,3/14/2026 0:00,0.0011031856047748142,0.006362732564362822,0.0016286585386033209,0.001993691052594716
42037,Columbia County,PA,3/14/2026 1:00,0.0011443069620471443,0.008314880603711702,0.0,0.001793948002674614
42037,Columbia County,PA,3/14/2026 2:00,0.0010644292208339416,0.009147312605290444,0.0,0.001725783855805873
42037,Columbia County,PA,3/14/2026 3:00,0.0011333861442477295,0.009603007464645485,0.0,0.0019222479892162725
42037,Columbia County,PA,3/14/2026 4:00,0.002211323438674497,0.006860738309456956,0.0,0.001793870283522255
42037,Columbia County,PA,3/14/2026 5:00,0.005172116172738447,0.007065634419664365,0.0,0.0018189634959811288
42037,Columbia County,PA,3/14/2026 6:00,0.0023460069601004187,0.0031650262698708527,0.0,0.001500387634888825
42037,Columbia County,PA,3/14/2026 7:00,0.004509625432810894,0.0033412969783374515,0.0,0.0019480478290766488
42037,Columbia County,PA,3/14/2026 8:00,0.004203241583749472,0.002559845814668292,0.0,0.0012371195484492438
42037,Columbia County,PA,3/14/2026 9:00,0.0021918555226609696,0.002198779628914729,0.0,0.00124561243356196
42037,Columbia County,PA,3/14/2026 10:00,0.002908732611075372,0.0019518625455495183,0.0012229897088507833,0.0011176930946884727
42037,Columbia County,PA,3/14/2026 11:00,0.0045257412180509495,0.0018055626324900442,0.0,0.0011423291974042094
42037,Columbia County,PA,3/14/2026 12:00,0.0017987433418180136,0.0,0.0,0.0
42037,Columbia County,PA,3/14/2026 13:00,0.0032443907839685305,0.0,0.0,0.0
42037,Columbia County,PA,3/14/2026 14:00,0.0,0.0,0.0,0.0025156802064782427
42037,Columbia County,PA,3/14/2026 15:00,0.0,0.0,0.0,0.002003441775987917
42037,Columbia County,PA,3/14/2026 16:00,0.0,0.0,0.0,0.0033043463824049485
42037,Columbia County,PA,3/14/2026 17:00,0.0,0.0,0.0,0.003250390167457964
42037,Columbia County,PA,3/14/2026 18:00,0.0,0.0,0.0,0.003587282229263368
42037,Columbia County,PA,3/14/2026 19:00,0.0,0.0,0.0,0.0025623815183482054
42037,Columbia County,PA,3/14/2026 20:00,0.0,0.0,0.0,0.0027197598731933123
42037,Columbia County,PA,3/14/2026 21:00,0.0,0.0,0.0,0.0038511244551660186
42037,Columbia County,PA,3/14/2026 22:00,0.0,0.0,0.0013964098358588486,0.006090822833804524
42037,Columbia County,PA,3/14/2026 23:00,0.0,0.0,0.0,0.006690420178212785
42037,Columbia County,PA,3/15/2026 0:00,0.0,0.0,0.0,0.005123557098992186
42037,Columbia County,PA,3/15/2026 1:00,0.0,0.0,0.0010336185778453916,0.004704565485166125
42037,Columbia County,PA,3/15/2026 2:00,0.0,0.0,0.0015975245748011577,0.00446701556449675
42037,Columbia County,PA,3/15/2026 3:00,0.0,0.0,0.0,0.0037667288262252714
42037,Columbia County,PA,3/15/2026 4:00,0.0,0.0,0.0011495863587226817,0.003516558083241316
42037,Columbia County,PA,3/15/2026 5:00,0.0,0.0,0.0010888906655616174,0.003227096159933966
42037,Columbia County,PA,3/15/2026 6:00,0.0,0.0,0.00100890188898448,0.003284519979768406
42037,Columbia County,PA,3/15/2026 7:00,0.0,0.0,0.0,0.0032187110063195833
42037,Columbia County,PA,3/15/2026 8:00,0.0,0.0,0.0,0.0034823539765675136
42037,Columbia County,PA,3/15/2026 9:00,0.0,0.0,0.0,0.002877094893615088
42037,Columbia County,PA,3/15/2026 10:00,0.0012140518531732621,0.0,0.001283498444500516,0.002851051726940945
42037,Columbia County,PA,3/15/2026 11:00,0.0,0.0,0.0018092854769387486,0.0029678998872790527
42037,Columbia County,PA,3/15/2026 12:00,0.0015448295882599147,0.0,0.0014141855139204085,0.002885230384294176
42037,Columbia County,PA,3/15/2026 13:00,0.0,0.0,0.0010726250268179415,0.003541502250950119
42037,Columbia County,PA,3/15/2026 14:00,0.0016519562456204766,0.0,0.0,0.003066188593476536
42037,Columbia County,PA,3/15/2026 15:00,0.0,0.0,0.0,0.0018706838132264718
42037,Columbia County,PA,3/15/2026 16:00,0.0,0.0,0.0013108619620399318,0.0015175100697674862
42037,Columbia County,PA,3/15/2026 17:00,0.0,0.0,0.0015785218331048302,0.001402088582169999
42037,Columbia County,PA,3/15/2026 18:00,0.0,0.0,0.00133992481991811,0.0
42037,Columbia County,PA,3/15/2026 19:00,0.001533237047838062,0.0,0.0011493630555423518,0.001011797853696449
42037,Columbia County,PA,3/15/2026 20:00,0.0,0.0,0.0025512711276159928,0.0010766525042664803
42037,Columbia County,PA,3/15/2026 21:00,0.0,0.0,0.00282273660612236,0.0
42037,Columbia County,PA,3/15/2026 22:00,0.0,0.0,0.003530162876558461,0.0
42037,Columbia County,PA,3/15/2026 23:00,0.0,0.0,0.0037402046010096552,0.0010642897178164946
42037,Columbia County,PA,3/16/2026 0:00,0.0,0.0,0.004416499755943615,0.0
42037,Columbia County,PA,3/16/2026 1:00,0.0,0.0,0.004958359894949604,0.0
42037,Columbia County,PA,3/16/2026 2:00,0.0010050190223164662,0.0,0.003872542221209923,0.0
42037,Columbia County,PA,3/16/2026 3:00,0.0,0.0,0.003215692675745814,0.0
42037,Columbia County,PA,3/16/2026 4:00,0.0,0.0,0.0025786314700525148,0.0
42037,Columbia County,PA,3/16/2026 5:00,0.0,0.001472799551613845,0.0030354838675952394,0.0
42037,Columbia County,PA,3/16/2026 6:00,0.0014812675866299457,0.0018324036539087102,0.0033390792425853346,0.0
42037,Columbia County,PA,3/16/2026 7:00,0.0,0.0,0.0032653153897311124,0.0
42037,Columbia County,PA,3/16/2026 8:00,0.0012932090958976683,0.0012148184408990437,0.002067240814864849,0.0
42037,Columbia County,PA,3/16/2026 9:00,0.0016959045697385673,0.001056660755634791,0.0018739633086543753,0.0
42037,Columbia County,PA,3/16/2026 10:00,0.0019755427936483253,0.0,0.002062456993012086,0.0
42037,Columbia County,PA,3/16/2026 11:00,0.0024939050112852057,0.0,0.0018320373506861484,0.0011905902734203298
42037,Columbia County,PA,3/16/2026 12:00,0.0018806046857939237,0.0,0.0020816172896919232,0.0011862044701238632
42037,Columbia County,PA,3/16/2026 13:00,0.002476743801353466,0.0,0.0017725497115421156,0.0
42037,Columbia County,PA,3/16/2026 14:00,0.0014801494639389101,0.0018558791456036961,0.0013928303453448554,0.0012100232138636188
42037,Columbia County,PA,3/16/2026 15:00,0.00103688333745785,0.005618291517524897,0.0,0.0019421644712198556
42037,Columbia County,PA,3/16/2026 16:00,0.0011851057796584557,0.005041445098517413,0.0,0.001941420301330416
42037,Columbia County,PA,3/16/2026 17:00,0.0014265099103751117,0.004874970463491198,0.0,0.0016125585970512507
42037,Columbia County,PA,3/16/2026 18:00,0.001987938820015514,0.005812647322496716,0.0010476717206706525,0.0015836600447929883
42037,Columbia County,PA,3/16/2026 19:00,0.003781618930068362,0.005723151003981723,0.0,0.0015733127718874924
42037,Columbia County,PA,3/16/2026 20:00,0.006727081703720785,0.005012900862611404,0.0,0.0
42037,Columbia County,PA,3/16/2026 21:00,0.007064084634934115,0.004346050428033189,0.0019323894110372167,0.0
42037,Columbia County,PA,3/16/2026 22:00,0.005592276929768711,0.0018697229887616909,0.001445184214009086,0.0
42037,Columbia County,PA,3/16/2026 23:00,0.005699725031034133,0.0019137901043232545,0.001038654536872312,0.0
42037,Columbia County,PA,3/17/2026 0:00,0.005933297102083962,0.001997712507671144,0.0012147856787039924,0.0
42037,Columbia County,PA,3/17/2026 1:00,0.006625461215987883,0.0014822057562330119,0.0011051351943806242,0.0
42037,Columbia County,PA,3/17/2026 2:00,0.005238118140283456,0.0020398133241624553,0.0,0.0
42037,Columbia County,PA,3/17/2026 3:00,0.006284549945676164,0.001975229620805875,0.0010625437405913675,0.0
42037,Columbia County,PA,3/17/2026 4:00,0.004628869630217082,0.0019377793717170581,0.0,0.0
42037,Columbia County,PA,3/17/2026 5:00,0.006984689977617878,0.0014752122686297658,0.0,0.0
42037,Columbia County,PA,3/17/2026 6:00,0.003396121601384979,0.0010426240924260954,0.0,0.0
42037,Columbia County,PA,3/17/2026 7:00,0.0023360398951646237,0.0010004687328858727,0.0,0.0
42037,Columbia County,PA,3/17/2026 8:00,0.0031231542526758953,0.0017136822262781377,0.0,0.0
42037,Columbia County,PA,3/17/2026 9:00,0.0030837151281675012,0.0015646142184130994,0.0,0.0
42037,Columbia County,PA,3/17/2026 10:00,0.0029635822419473642,0.0016580948339820192,0.0,0.0
42037,Columbia County,PA,3/17/2026 11:00,0.0019636338344359056,0.0,0.0,0.0
42037,Columbia County,PA,3/17/2026 12:00,0.002201459150459081,0.0,0.0010221356364370497,0.0
42037,Columbia County,PA,3/17/2026 13:00,0.00227061559968397,0.0,0.0,0.0
42037,Columbia County,PA,3/17/2026 14:00,0.0011498962770979187,0.0,0.0,0.0
42037,Columbia County,PA,3/17/2026 15:00,0.0010328939087042323,0.0,0.001096823755188893,0.0
42037,Columbia County,PA,3/17/2026 16:00,0.0,0.0,0.0,0.0
42037,Columbia County,PA,3/17/2026 17:00,0.0,0.0,0.0,0.0
42037,Columbia County,PA,3/17/2026 18:00,0.0017027703712461167,0.0,0.0,0.0
42037,Columbia County,PA,3/17/2026 19:00,0.0,0.0,0.0,0.0
42037,Columbia County,PA,3/17/2026 20:00,0.0014240559206373095,0.0,0.0,0.0
42037,Columbia County,PA,3/17/2026 21:00,0.0,0.0,0.0,0.0
42037,Columbia County,PA,3/17/2026 22:00,0.0,0.0,0.0,0.0
42037,Columbia County,PA,3/17/2026 23:00,0.0,0.0,0.0,0.0
42037,Columbia County,PA,3/18/2026 0:00,0.0,0.0,0.0,
42037,Columbia County,PA,3/18/2026 1:00,0.0,0.0,0.0,
42037,Columbia County,PA,3/18/2026 2:00,0.0,0.0,0.0,
42037,Columbia County,PA,3/18/2026 3:00,0.0,0.0,0.0,
42037,Columbia County,PA,3/18/2026 4:00,0.0,0.0,0.0,
42037,Columbia County,PA,3/18/2026 5:00,0.0,0.0,0.0,
42037,Columbia County,PA,3/18/2026 6:00,0.0,0.0,0.0,
42037,Columbia County,PA,3/18/2026 7:00,0.0,0.0,0.0,
42037,Columbia County,PA,3/18/2026 8:00,0.0,0.0,0.0,
42037,Columbia County,PA,3/18/2026 9:00,0.0,0.0,0.0,
42037,Columbia County,PA,3/18/2026 10:00,0.0,0.0,0.0,
42037,Columbia County,PA,3/18/2026 11:00,0.0,0.0,0.0,
42037,Columbia County,PA,3/18/2026 12:00,0.0,0.0,0.0,
42037,Columbia County,PA,3/18/2026 13:00,0.0,0.0,0.0,
42037,Columbia County,PA,3/18/2026 14:00,0.0,0.0,0.0,
42037,Columbia County,PA,3/18/2026 15:00,0.0,0.0,0.0,
42037,Columbia County,PA,3/18/2026 16:00,0.0,0.0,0.0,
42037,Columbia County,PA,3/18/2026 17:00,0.0,0.0,0.0,
42037,Columbia County,PA,3/18/2026 18:00,0.0,0.0,0.0,
42037,Columbia County,PA,3/18/2026 19:00,0.0,0.0,0.0,
42037,Columbia County,PA,3/18/2026 20:00,0.0,0.0,0.0,
42037,Columbia County,PA,3/18/2026 21:00,0.0,0.0,0.0,
42037,Columbia County,PA,3/18/2026 22:00,0.0,0.0,0.0,
42037,Columbia County,PA,3/18/2026 23:00,0.0,0.0,0.0,
42037,Columbia County,PA,3/19/2026 0:00,0.0,0.0,,
42037,Columbia County,PA,3/19/2026 1:00,0.0,0.0,,
42037,Columbia County,PA,3/19/2026 2:00,0.0,0.0,,
42037,Columbia County,PA,3/19/2026 3:00,0.0,0.0,,
42037,Columbia County,PA,3/19/2026 4:00,0.0,0.0,,
42037,Columbia County,PA,3/19/2026 5:00,0.0,0.0,,
42037,Columbia County,PA,3/19/2026 6:00,0.0,0.0,,
42037,Columbia County,PA,3/19/2026 7:00,0.0,0.0,,
42037,Columbia County,PA,3/19/2026 8:00,0.0,0.0,,
42037,Columbia County,PA,3/19/2026 9:00,0.0,0.0,,
42037,Columbia County,PA,3/19/2026 10:00,0.0,0.0,,
42037,Columbia County,PA,3/19/2026 11:00,0.0,0.0,,
42037,Columbia County,PA,3/19/2026 12:00,0.0,0.0,,
42037,Columbia County,PA,3/19/2026 13:00,0.0,0.0,,
42037,Columbia County,PA,3/19/2026 14:00,0.0,0.0,,
42037,Columbia County,PA,3/19/2026 15:00,0.0,0.0,,
42037,Columbia County,PA,3/19/2026 16:00,0.0,0.0,,
42037,Columbia County,PA,3/19/2026 17:00,0.0,0.0,,
42037,Columbia County,PA,3/19/2026 18:00,0.0,,,
42037,Columbia County,PA,3/19/2026 19:00,0.0,,,
42037,Columbia County,PA,3/19/2026 20:00,0.0,,,
42037,Columbia County,PA,3/19/2026 21:00,0.0,,,
42037,Columbia County,PA,3/19/2026 22:00,0.0,,,
42037,Columbia County,PA,3/19/2026 23:00,,,,
42071,Lancaster County,PA,3/14/2026 0:00,0.0,0.0,0.0,0.0
42071,Lancaster County,PA,3/14/2026 1:00,0.0,0.0,0.0,0.0
42071,Lancaster County,PA,3/14/2026 2:00,0.0,0.0,0.0,0.0
42071,Lancaster County,PA,3/14/2026 3:00,0.0,0.0014956294087615514,0.0,0.0
42071,Lancaster County,PA,3/14/2026 4:00,0.0,0.0017114610634963996,0.0,0.0
42071,Lancaster County,PA,3/14/2026 5:00,0.0,0.0039072659763859955,0.0,0.0
42071,Lancaster County,PA,3/14/2026 6:00,0.0,0.0030919526775470742,0.0,0.0
42071,Lancaster County,PA,3/14/2026 7:00,0.0,0.003062062338950058,0.0,0.0
42071,Lancaster County,PA,3/14/2026 8:00,0.0,0.002383219396299088,0.0,0.0
42071,Lancaster County,PA,3/14/2026 9:00,0.0023902490350214537,0.001975500050713512,0.0011990472673240032,0.0
42071,Lancaster County,PA,3/14/2026 10:00,0.0022387387538805818,0.0019126356042782368,0.0,0.0
42071,Lancaster County,PA,3/14/2026 11:00,0.0029908220154160393,0.0018754793005800153,0.0,0.0
42071,Lancaster County,PA,3/14/2026 12:00,0.0037433963224409433,0.0,0.0,0.0
42071,Lancaster County,PA,3/14/2026 13:00,0.0025687819202814166,0.0,0.0,0.0
42071,Lancaster County,PA,3/14/2026 14:00,0.0024223063313067155,0.0,0.0,0.0
42071,Lancaster County,PA,3/14/2026 15:00,0.0014398394122029452,0.0,0.0,0.0
42071,Lancaster County,PA,3/14/2026 16:00,0.001587733231847294,0.0,0.0,0.0
42071,Lancaster County,PA,3/14/2026 17:00,0.0011014443237194367,0.0,0.0,0.0
42071,Lancaster County,PA,3/14/2026 18:00,0.0,0.0,0.0,0.0
42071,Lancaster County,PA,3/14/2026 19:00,0.0,0.0,0.0,0.0012228558579789545
42071,Lancaster County,PA,3/14/2026 20:00,0.0,0.0,0.0,0.0030475506351367162
42071,Lancaster County,PA,3/14/2026 21:00,0.002670269808310178,0.0,0.0,0.002062484386918797
42071,Lancaster County,PA,3/14/2026 22:00,0.0,0.0,0.0,0.0020790331338134812
42071,Lancaster County,PA,3/14/2026 23:00,0.0,0.0,0.0,0.0029851536001635954
42071,Lancaster County,PA,3/15/2026 0:00,0.0,0.0,0.0,0.006792749763610261
42071,Lancaster County,PA,3/15/2026 1:00,0.0,0.0,0.0,0.007754094588702593
42071,Lancaster County,PA,3/15/2026 2:00,0.0,0.0,0.0,0.007736184755062356
42071,Lancaster County,PA,3/15/2026 3:00,0.0,0.0,0.0,0.007618618691628492
42071,Lancaster County,PA,3/15/2026 4:00,0.0,0.0,0.0,0.007656146080755366
42071,Lancaster County,PA,3/15/2026 5:00,0.0,0.0,0.0,0.007269847447415783
42071,Lancaster County,PA,3/15/2026 6:00,0.0,0.0,0.0,0.007045589844698408
42071,Lancaster County,PA,3/15/2026 7:00,0.0,0.0,0.0,0.0037519878606636003
42071,Lancaster County,PA,3/15/2026 8:00,0.0,0.0,0.0,0.0039328065537514
42071,Lancaster County,PA,3/15/2026 9:00,0.0013669913385830474,0.0,0.0,0.004145184061731516
42071,Lancaster County,PA,3/15/2026 10:00,0.0,0.0,0.0,0.0040220990605875865
42071,Lancaster County,PA,3/15/2026 11:00,0.0,0.0,0.0,0.004079720299916373
42071,Lancaster County,PA,3/15/2026 12:00,0.0013076673093786425,0.0,0.0,0.004098422695497303
42071,Lancaster County,PA,3/15/2026 13:00,0.0014367487554559275,0.0,0.0015358284029882128,0.0030848283805105063
42071,Lancaster County,PA,3/15/2026 14:00,0.001357899546819829,0.0,0.0,0.002997417055104692
42071,Lancaster County,PA,3/15/2026 15:00,0.0018886993106334558,0.0,0.0,0.001773598142770772
42071,Lancaster County,PA,3/15/2026 16:00,0.0013489306944191428,0.0,0.0,0.0015912126332966409
42071,Lancaster County,PA,3/15/2026 17:00,0.0016855817451602222,0.0,0.0,0.0
42071,Lancaster County,PA,3/15/2026 18:00,0.001586142416445153,0.0,0.0,0.0
42071,Lancaster County,PA,3/15/2026 19:00,0.0014377175911180397,0.0,0.0,0.0
42071,Lancaster County,PA,3/15/2026 20:00,0.0016382984263495642,0.0,0.0012904346098859755,0.0
42071,Lancaster County,PA,3/15/2026 21:00,0.0010508552538712136,0.0,0.0037538605397960207,0.0
42071,Lancaster County,PA,3/15/2026 22:00,0.00107959036557457,0.0,0.0034683035186474464,0.0
42071,Lancaster County,PA,3/15/2026 23:00,0.0,0.0,0.0035439422527788274,0.0
42071,Lancaster County,PA,3/16/2026 0:00,0.0012028271600863615,0.0,0.003873526370828646,0.0
42071,Lancaster County,PA,3/16/2026 1:00,0.0015114695738455885,0.0,0.002874787199833119,0.0
42071,Lancaster County,PA,3/16/2026 2:00,0.0010997883252999545,0.0,0.0026277451567932176,0.0
42071,Lancaster County,PA,3/16/2026 3:00,0.0,0.0,0.0029959005274481977,0.0
42071,Lancaster County,PA,3/16/2026 4:00,0.0011268237427749324,0.0,0.002782106681332241,0.0
42071,Lancaster County,PA,3/16/2026 5:00,0.0,0.0018572948216295786,0.0023818083656876486,0.0
42071,Lancaster County,PA,3/16/2026 6:00,0.0011050582290205045,0.0021581133761162906,0.0031341863512143477,0.0
42071,Lancaster County,PA,3/16/2026 7:00,0.0018549055514368936,0.0020839581589857784,0.002040340232581913,0.0
42071,Lancaster County,PA,3/16/2026 8:00,0.0016017128202653133,0.0014321666265278204,0.001905417648722771,0.0
42071,Lancaster County,PA,3/16/2026 9:00,0.0010055716285402752,0.0014641250946097902,0.002290550757906576,0.0
42071,Lancaster County,PA,3/16/2026 10:00,0.0013247987045601534,0.0024856180534316217,0.0042611210688250425,0.0
42071,Lancaster County,PA,3/16/2026 11:00,0.00231628902828461,0.0016996761878318454,0.0017382455706531311,0.0
42071,Lancaster County,PA,3/16/2026 12:00,0.003915976765827652,0.0016376697764940856,0.002189018498285518,0.0
42071,Lancaster County,PA,3/16/2026 13:00,0.004442232084567237,0.0020119631478680198,0.00219266157699578,0.0
42071,Lancaster County,PA,3/16/2026 14:00,0.0014491296065452476,0.002483886826934139,0.00198703921054271,0.0
42071,Lancaster County,PA,3/16/2026 15:00,0.0035236605938804635,0.0045248965925957065,0.0018131486871799832,0.0
42071,Lancaster County,PA,3/16/2026 16:00,0.0014936133661282078,0.005793101648046736,0.0025728997983748745,0.0
42071,Lancaster County,PA,3/16/2026 17:00,0.0,0.005936823176969468,0.002238416951916951,0.0
42071,Lancaster County,PA,3/16/2026 18:00,0.001064346874354754,0.006595960490443785,0.002127309512553739,0.0
42071,Lancaster County,PA,3/16/2026 19:00,0.0032138752811371528,0.006901745168070466,0.0018739113233796406,0.0
42071,Lancaster County,PA,3/16/2026 20:00,0.0065837232778836125,0.005606003011433113,0.0011665233247450388,0.0
42071,Lancaster County,PA,3/16/2026 21:00,0.006893836718524061,0.004743666349219578,0.0,0.0
42071,Lancaster County,PA,3/16/2026 22:00,0.010468683299441447,0.0038467249619723123,0.0,0.0
42071,Lancaster County,PA,3/16/2026 23:00,0.009561752538748814,0.0025885999260355,0.0,0.0
42071,Lancaster County,PA,3/17/2026 0:00,0.007222514725254727,0.002465937736763489,0.0,0.0
42071,Lancaster County,PA,3/17/2026 1:00,0.0051215285400519305,0.002178714023702825,0.0,0.0
42071,Lancaster County,PA,3/17/2026 2:00,0.005970496626765115,0.0024290401805817075,0.0,0.0
42071,Lancaster County,PA,3/17/2026 3:00,0.004619844057605912,0.0023318972814060164,0.0,0.0
42071,Lancaster County,PA,3/17/2026 4:00,0.0060114186616781985,0.0016174650977326824,0.0,0.0
42071,Lancaster County,PA,3/17/2026 5:00,0.006007222942675381,0.0,0.0,0.0
42071,Lancaster County,PA,3/17/2026 6:00,0.004122924176517592,0.0015293038624600251,0.0,0.0
42071,Lancaster County,PA,3/17/2026 7:00,0.005066898705083261,0.0011199052894177999,0.0,0.0
42071,Lancaster County,PA,3/17/2026 8:00,0.002795238174508487,0.0011421005073443471,0.0,0.0
42071,Lancaster County,PA,3/17/2026 9:00,0.0021069020357340905,0.0013026923786540526,0.0,0.0
42071,Lancaster County,PA,3/17/2026 10:00,0.004428187806510646,0.0012644086075256848,0.0,0.0
42071,Lancaster County,PA,3/17/2026 11:00,0.001441158396178181,0.0,0.0,0.0
42071,Lancaster County,PA,3/17/2026 12:00,0.0015632612585744663,0.0,0.0,0.0
42071,Lancaster County,PA,3/17/2026 13:00,0.0013075442479103824,0.0,0.0,0.0
42071,Lancaster County,PA,3/17/2026 14:00,0.001172248929277843,0.0,0.0,0.0
42071,Lancaster County,PA,3/17/2026 15:00,0.0,0.0,0.0,0.0
42071,Lancaster County,PA,3/17/2026 16:00,0.0,0.0,0.0,0.0
42071,Lancaster County,PA,3/17/2026 17:00,0.0,0.0,0.0,0.0
42071,Lancaster County,PA,3/17/2026 18:00,0.0,0.0,0.0,0.0
42071,Lancaster County,PA,3/17/2026 19:00,0.0,0.0,0.0,0.0
42071,Lancaster County,PA,3/17/2026 20:00,0.0,0.0,0.0,0.0
42071,Lancaster County,PA,3/17/2026 21:00,0.0,0.0,0.0,0.0
42071,Lancaster County,PA,3/17/2026 22:00,0.0,0.0,0.0,0.0
42071,Lancaster County,PA,3/17/2026 23:00,0.0,0.0,0.0,0.0
42071,Lancaster County,PA,3/18/2026 0:00,0.0,0.0,0.0,
42071,Lancaster County,PA,3/18/2026 1:00,0.0,0.0,0.0,
42071,Lancaster County,PA,3/18/2026 2:00,0.0,0.0,0.0,
42071,Lancaster County,PA,3/18/2026 3:00,0.0,0.0,0.0,
42071,Lancaster County,PA,3/18/2026 4:00,0.0,0.0,0.0,
42071,Lancaster County,PA,3/18/2026 5:00,0.0,0.0,0.0,
42071,Lancaster County,PA,3/18/2026 6:00,0.0,0.0,0.0,
42071,Lancaster County,PA,3/18/2026 7:00,0.0,0.0,0.0,
42071,Lancaster County,PA,3/18/2026 8:00,0.0,0.0,0.0,
42071,Lancaster County,PA,3/18/2026 9:00,0.0,0.0,0.0,
42071,Lancaster County,PA,3/18/2026 10:00,0.0,0.0,0.0,
42071,Lancaster County,PA,3/18/2026 11:00,0.0,0.0,0.0,
42071,Lancaster County,PA,3/18/2026 12:00,0.0,0.0,0.0,
42071,Lancaster County,PA,3/18/2026 13:00,0.0,0.0,0.0,
42071,Lancaster County,PA,3/18/2026 14:00,0.0,0.0,0.0,
42071,Lancaster County,PA,3/18/2026 15:00,0.0,0.0,0.0,
42071,Lancaster County,PA,3/18/2026 16:00,0.0,0.0,0.0,
42071,Lancaster County,PA,3/18/2026 17:00,0.0,0.0,0.0,
42071,Lancaster County,PA,3/18/2026 18:00,0.0,0.0,0.0,
42071,Lancaster County,PA,3/18/2026 19:00,0.0,0.0,0.0,
42071,Lancaster County,PA,3/18/2026 20:00,0.0,0.0,0.0,
42071,Lancaster County,PA,3/18/2026 21:00,0.0,0.0,0.0,
42071,Lancaster County,PA,3/18/2026 22:00,0.0,0.0,0.0,
42071,Lancaster County,PA,3/18/2026 23:00,0.0,0.0,0.0,
42071,Lancaster County,PA,3/19/2026 0:00,0.0,0.0,,
42071,Lancaster County,PA,3/19/2026 1:00,0.0,0.0,,
42071,Lancaster County,PA,3/19/2026 2:00,0.0,0.0,,
42071,Lancaster County,PA,3/19/2026 3:00,0.0,0.0,,
42071,Lancaster County,PA,3/19/2026 4:00,0.0,0.0,,
42071,Lancaster County,PA,3/19/2026 5:00,0.0,0.0,,
42071,Lancaster County,PA,3/19/2026 6:00,0.0,0.0,,
42071,Lancaster County,PA,3/19/2026 7:00,0.0,0.0,,
42071,Lancaster County,PA,3/19/2026 8:00,0.0,0.0,,
42071,Lancaster County,PA,3/19/2026 9:00,0.0,0.0,,
42071,Lancaster County,PA,3/19/2026 10:00,0.0,0.0,,
42071,Lancaster County,PA,3/19/2026 11:00,0.0,0.0,,
42071,Lancaster County,PA,3/19/2026 12:00,0.0,0.0,,
42071,Lancaster County,PA,3/19/2026 13:00,0.0,0.0,,
42071,Lancaster County,PA,3/19/2026 14:00,0.0,0.0,,
42071,Lancaster County,PA,3/19/2026 15:00,0.0,0.0,,
42071,Lancaster County,PA,3/19/2026 16:00,0.0,0.0,,
42071,Lancaster County,PA,3/19/2026 17:00,0.0,0.0,,
42071,Lancaster County,PA,3/19/2026 18:00,0.0,,,
42071,Lancaster County,PA,3/19/2026 19:00,0.0,,,
42071,Lancaster County,PA,3/19/2026 20:00,0.0,,,
42071,Lancaster County,PA,3/19/2026 21:00,0.0,,,
42071,Lancaster County,PA,3/19/2026 22:00,0.0,,,
42071,Lancaster County,PA,3/19/2026 23:00,,,,
42073,Lawrence County,PA,3/14/2026 0:00,0.04687293464456148,0.032193876453489194,0.00786748461898756,0.005525594870664084
42073,Lawrence County,PA,3/14/2026 1:00,0.044563934603452066,0.033156587717201966,0.008195310772585606,0.0048747563477762445
42073,Lawrence County,PA,3/14/2026 2:00,0.04275141425080216,0.02838412207165894,0.008382838393544197,0.0036114433664567376
42073,Lawrence County,PA,3/14/2026 3:00,0.04174763235616438,0.027859009668308683,0.009035524150809668,0.0030547804824809298
42073,Lawrence County,PA,3/14/2026 4:00,0.04151106148512564,0.02634070794082999,0.0082361293844133,0.003998538963316157
42073,Lawrence County,PA,3/14/2026 5:00,0.04080188630398585,0.025503267012734625,0.008229619019755418,0.003995394790594006
42073,Lawrence County,PA,3/14/2026 6:00,0.03960153165121318,0.023776122005123294,0.008170281302393868,0.004019973220504505
42073,Lawrence County,PA,3/14/2026 7:00,0.037370056485278844,0.021235518785596295,0.008225277554276343,0.004300537047258912
42073,Lawrence County,PA,3/14/2026 8:00,0.032621406732033564,0.01673827190549008,0.008417099668264979,0.004593616670045681
42073,Lawrence County,PA,3/14/2026 9:00,0.028238668021704598,0.015274156920846178,0.00758329272615425,0.004283408650690336
42073,Lawrence County,PA,3/14/2026 10:00,0.023259543662955972,0.013891727256771656,0.008189730623936863,0.004576888425416191
42073,Lawrence County,PA,3/14/2026 11:00,0.021311388522632153,0.01124229938277702,0.008984399550240755,0.0038804215656624472
42073,Lawrence County,PA,3/14/2026 12:00,0.020554986470525193,0.009166371777743704,0.009127230899615884,0.0037938600718291204
42073,Lawrence County,PA,3/14/2026 13:00,0.020152757666081562,0.007840591225704121,0.009089011309644447,0.0031679004824621696
42073,Lawrence County,PA,3/14/2026 14:00,0.015271323446984007,0.006628852011241946,0.007345856574706488,0.002971954563634519
42073,Lawrence County,PA,3/14/2026 15:00,0.01373719482148685,0.006637089161227672,0.007081169111669583,0.0024298097094114833
42073,Lawrence County,PA,3/14/2026 16:00,0.01123037572737084,0.006716227830774602,0.007327440334622705,0.0020385622271694385
42073,Lawrence County,PA,3/14/2026 17:00,0.008807173876156857,0.005827071849491124,0.008138504152748012,0.0020328357045938466
42073,Lawrence County,PA,3/14/2026 18:00,0.008836608126361833,0.005572699905462196,0.0071904661771028935,0.002050696829214937
42073,Lawrence County,PA,3/14/2026 19:00,0.008239196744349002,0.005863214013169974,0.006177454489600318,0.001485840746335128
42073,Lawrence County,PA,3/14/2026 20:00,0.0074251077666028014,0.005611178890065024,0.003742151857111073,0.0015573476409049866
42073,Lawrence County,PA,3/14/2026 21:00,0.0077871812952615095,0.00515039747719692,0.005235932265402502,0.0013984890888645717
42073,Lawrence County,PA,3/14/2026 22:00,0.007011753538701247,0.005207283243570378,0.005699114097085645,0.0010960172646269166
42073,Lawrence County,PA,3/14/2026 23:00,0.006513071832910549,0.00520927722287839,0.005634938690263744,0.001126343379762193
42073,Lawrence County,PA,3/15/2026 0:00,0.0053940402594672525,0.005256244517598059,0.005507131423405736,0.0
42073,Lawrence County,PA,3/15/2026 1:00,0.005145119769356633,0.006111463082342353,0.005050669651897956,0.0
42073,Lawrence County,PA,3/15/2026 2:00,0.0053541511318997,0.005386841407710707,0.005053629719098451,0.0
42073,Lawrence County,PA,3/15/2026 3:00,0.004718165780365952,0.0050308881321394034,0.004732747979140711,0.0
42073,Lawrence County,PA,3/15/2026 4:00,0.005390853307716999,0.003485244004857975,0.004813942468534108,0.0
42073,Lawrence County,PA,3/15/2026 5:00,0.004788179461775589,0.0048457438821312105,0.005262168046819907,0.0
42073,Lawrence County,PA,3/15/2026 6:00,0.004808258255986222,0.0038237761644964383,0.005805385584841782,0.0
42073,Lawrence County,PA,3/15/2026 7:00,0.0042868090122904585,0.004461165545338739,0.005137994990834278,0.0
42073,Lawrence County,PA,3/15/2026 8:00,0.004534347885141101,0.0044705793106784835,0.004089287180389335,0.0
42073,Lawrence County,PA,3/15/2026 9:00,0.003995083708697195,0.004371097917406005,0.0040828613376768345,0.0
42073,Lawrence County,PA,3/15/2026 10:00,0.00386105248146118,0.003921143890670072,0.004894441989995242,0.0022377002925191205
42073,Lawrence County,PA,3/15/2026 11:00,0.004058492371328025,0.004018335935326647,0.004240717933987677,0.0010883998457043703
42073,Lawrence County,PA,3/15/2026 12:00,0.004264457100485166,0.0034833591742082907,0.0039186689790040455,0.0010770108006107608
42073,Lawrence County,PA,3/15/2026 13:00,0.00443499383089456,0.0035652366122307304,0.0033211432149174145,0.0
42073,Lawrence County,PA,3/15/2026 14:00,0.005422954741210322,0.004400161000981159,0.0033248433662598407,0.0
42073,Lawrence County,PA,3/15/2026 15:00,0.005191822472153083,0.004065735889527328,0.002511224908162781,0.0
42073,Lawrence County,PA,3/15/2026 16:00,0.005635982370333087,0.004169250643314088,0.002446471297445248,0.0
42073,Lawrence County,PA,3/15/2026 17:00,0.0053592031637244,0.00488144691437215,0.0028535461383392556,0.0
42073,Lawrence County,PA,3/15/2026 18:00,0.005147045194311302,0.0048102694869929345,0.002792951797555894,0.0
42073,Lawrence County,PA,3/15/2026 19:00,0.005761714644484589,0.0032355381932966587,0.0019213891462276102,0.0
42073,Lawrence County,PA,3/15/2026 20:00,0.004258614429278598,0.0028433517870295796,0.0021338372181142536,0.0
42073,Lawrence County,PA,3/15/2026 21:00,0.005629217929548264,0.002388546094866006,0.0019164818967083055,0.0
42073,Lawrence County,PA,3/15/2026 22:00,0.004932472284769818,0.0026977033356336767,0.0018830547226062172,0.0
42073,Lawrence County,PA,3/15/2026 23:00,0.0043231425030091164,0.003252530416692517,0.0022479307169340898,0.0
42073,Lawrence County,PA,3/16/2026 0:00,0.0034689765729735244,0.002584342723471204,0.002040217005801488,0.0
42073,Lawrence County,PA,3/16/2026 1:00,0.004145834748623285,0.002848783843449244,0.0017983873114481412,0.0
42073,Lawrence County,PA,3/16/2026 2:00,0.003702840351749229,0.0037989047935588134,0.0019532116051927152,0.0
42073,Lawrence County,PA,3/16/2026 3:00,0.003028420844496762,0.0036502328455948023,0.001629966425122678,0.0
42073,Lawrence County,PA,3/16/2026 4:00,0.0029939103892864497,0.0034451321525793104,0.0016908357403954462,0.0
42073,Lawrence County,PA,3/16/2026 5:00,0.0027468761840759104,0.0032397589613098058,0.0017939273408526762,0.0
42073,Lawrence County,PA,3/16/2026 6:00,0.0027149479342685285,0.0032397589613098058,0.0016668385409414617,0.0
42073,Lawrence County,PA,3/16/2026 7:00,0.0030731718123338165,0.002935782295631684,0.0012480872688612954,0.0
42073,Lawrence County,PA,3/16/2026 8:00,0.0033429229978901727,0.0026680653567758414,0.0016903953967823083,0.0
42073,Lawrence County,PA,3/16/2026 9:00,0.004107633294582619,0.0029772396749628434,0.0019442141115930684,0.0
42073,Lawrence County,PA,3/16/2026 10:00,0.0038093302140116644,0.0024799329933162697,0.0025828077840202336,0.0
42073,Lawrence County,PA,3/16/2026 11:00,0.003353066904952607,0.002598019836942596,0.004491042363530606,0.0
42073,Lawrence County,PA,3/16/2026 12:00,0.002813359194047229,0.00224701008708263,0.003367261381831066,0.0
42073,Lawrence County,PA,3/16/2026 13:00,0.0025848806686106255,0.0022254656946960613,0.003849930302564691,0.0
42073,Lawrence County,PA,3/16/2026 14:00,0.0023657655257910315,0.0026793136529356097,0.003657268882721317,0.0018250270396681825
42073,Lawrence County,PA,3/16/2026 15:00,0.0028028176319932945,0.003131077984877717,0.0034449554742779012,0.0
42073,Lawrence County,PA,3/16/2026 16:00,0.002218645687815114,0.0031733760984315957,0.002607983226909775,0.0
42073,Lawrence County,PA,3/16/2026 17:00,0.0022149554657589885,0.003565296920189125,0.002494772321297424,0.0
42073,Lawrence County,PA,3/16/2026 18:00,0.0024670876311037363,0.00345118339125885,0.001282387965525834,0.0
42073,Lawrence County,PA,3/16/2026 19:00,0.0024849140307985572,0.0025194672597469844,0.0011934269613513367,0.0
42073,Lawrence County,PA,3/16/2026 20:00,0.002739454428152165,0.0027114118212360925,0.0011867958045597615,0.0
42073,Lawrence County,PA,3/16/2026 21:00,0.003910069163258258,0.0014515409735838,0.0014565250300141725,0.0
42073,Lawrence County,PA,3/16/2026 22:00,0.003504032783458415,0.0018385766761517678,0.0,0.0
42073,Lawrence County,PA,3/16/2026 23:00,0.003624276648255737,0.0016194793743404502,0.0,0.0
42073,Lawrence County,PA,3/17/2026 0:00,0.0019307088825955047,0.0015975413043605217,0.0,0.0
42073,Lawrence County,PA,3/17/2026 1:00,0.00196199394528702,0.001482304914887849,0.0,0.0
42073,Lawrence County,PA,3/17/2026 2:00,0.002043859054306259,0.001307374669764132,0.0,0.0
42073,Lawrence County,PA,3/17/2026 3:00,0.0018512497210527812,0.002050542716988992,0.0,0.0
42073,Lawrence County,PA,3/17/2026 4:00,0.0013169239131346215,0.0015720966130415225,0.0,0.0
42073,Lawrence County,PA,3/17/2026 5:00,0.001650392871053922,0.0015588689159670534,0.0,0.0
42073,Lawrence County,PA,3/17/2026 6:00,0.0016972848658805056,0.0015762112382065297,0.0,0.0
42073,Lawrence County,PA,3/17/2026 7:00,0.0021413935163219194,0.0021378800784916494,0.0,0.0
42073,Lawrence County,PA,3/17/2026 8:00,0.00199704982764775,0.0018947531628063768,0.0012165263392274047,0.0
42073,Lawrence County,PA,3/17/2026 9:00,0.001591405216751527,0.0015078806766517323,0.0013097214013616876,0.0
42073,Lawrence County,PA,3/17/2026 10:00,0.0013160946678390357,0.0,0.0033033315355534333,0.0
42073,Lawrence County,PA,3/17/2026 11:00,0.0013063376221813293,0.001272325882244161,0.0034233906396348127,0.0
42073,Lawrence County,PA,3/17/2026 12:00,0.002081730399957522,0.0010795531626063577,0.004539064449798771,0.0
42073,Lawrence County,PA,3/17/2026 13:00,0.0017093002057935855,0.0,0.004312715862477643,0.0
42073,Lawrence County,PA,3/17/2026 14:00,0.0,0.0,0.004321244074570449,0.0
42073,Lawrence County,PA,3/17/2026 15:00,0.0,0.0,0.004942152275630935,0.0
42073,Lawrence County,PA,3/17/2026 16:00,0.0,0.0,0.004706558665856472,0.0
42073,Lawrence County,PA,3/17/2026 17:00,0.0,0.0,0.0026081996246623534,0.0
42073,Lawrence County,PA,3/17/2026 18:00,0.0,0.0,0.002449163872475867,0.0
42073,Lawrence County,PA,3/17/2026 19:00,0.0,0.0,0.001374319366648091,0.0
42073,Lawrence County,PA,3/17/2026 20:00,0.0,0.0,0.0,0.0
42073,Lawrence County,PA,3/17/2026 21:00,0.0,0.0,0.0,0.0
42073,Lawrence County,PA,3/17/2026 22:00,0.0,0.0,0.0,0.0
42073,Lawrence County,PA,3/17/2026 23:00,0.0,0.0,0.0,0.0
42073,Lawrence County,PA,3/18/2026 0:00,0.0,0.0,0.0,
42073,Lawrence County,PA,3/18/2026 1:00,0.0,0.0,0.0,
42073,Lawrence County,PA,3/18/2026 2:00,0.0,0.0,0.0,
42073,Lawrence County,PA,3/18/2026 3:00,0.0,0.0024848087020317043,0.0,
42073,Lawrence County,PA,3/18/2026 4:00,0.0,0.0020603611487082824,0.0,
42073,Lawrence County,PA,3/18/2026 5:00,0.0,0.0021360232852528226,0.0,
42073,Lawrence County,PA,3/18/2026 6:00,0.0,0.0023522523748741395,0.0,
42073,Lawrence County,PA,3/18/2026 7:00,0.0,0.0023618859676604025,0.0,
42073,Lawrence County,PA,3/18/2026 8:00,0.0,0.0,0.0,
42073,Lawrence County,PA,3/18/2026 9:00,0.0011167241198047776,0.0,0.0,
42073,Lawrence County,PA,3/18/2026 10:00,0.0022781488127994287,0.0,0.0,
42073,Lawrence County,PA,3/18/2026 11:00,0.002504164473450245,0.0,0.0,
42073,Lawrence County,PA,3/18/2026 12:00,0.0027884443716363516,0.0,0.0030225818310164925,
42073,Lawrence County,PA,3/18/2026 13:00,0.0017804455849265222,0.0,0.00302377463411651,
42073,Lawrence County,PA,3/18/2026 14:00,0.0018056550955126353,0.0,0.003681504476907476,
42073,Lawrence County,PA,3/18/2026 15:00,0.001273381437025528,0.0,0.002884094688272564,
42073,Lawrence County,PA,3/18/2026 16:00,0.0,0.0,0.0032836633225206678,
42073,Lawrence County,PA,3/18/2026 17:00,0.0,0.0,0.003287980544537907,
42073,Lawrence County,PA,3/18/2026 18:00,0.0,0.0,0.0011852509983297944,
42073,Lawrence County,PA,3/18/2026 19:00,0.0,0.0,0.0,
42073,Lawrence County,PA,3/18/2026 20:00,0.0,0.0,0.0,
42073,Lawrence County,PA,3/18/2026 21:00,0.0,0.0,0.0,
42073,Lawrence County,PA,3/18/2026 22:00,0.0,0.0,0.0,
42073,Lawrence County,PA,3/18/2026 23:00,0.0,0.0,0.0,
42073,Lawrence County,PA,3/19/2026 0:00,0.0,0.0,,
42073,Lawrence County,PA,3/19/2026 1:00,0.0,0.0,,
42073,Lawrence County,PA,3/19/2026 2:00,0.0,0.0,,
42073,Lawrence County,PA,3/19/2026 3:00,0.0,0.0,,
42073,Lawrence County,PA,3/19/2026 4:00,0.0,0.0,,
42073,Lawrence County,PA,3/19/2026 5:00,0.0,0.0,,
42073,Lawrence County,PA,3/19/2026 6:00,0.0,0.0,,
42073,Lawrence County,PA,3/19/2026 7:00,0.0,0.0,,
42073,Lawrence County,PA,3/19/2026 8:00,0.0,0.0,,
42073,Lawrence County,PA,3/19/2026 9:00,0.0010725012060513555,0.0,,
42073,Lawrence County,PA,3/19/2026 10:00,0.0,0.0,,
42073,Lawrence County,PA,3/19/2026 11:00,0.001111443980149048,0.0,,
42073,Lawrence County,PA,3/19/2026 12:00,0.0010937929195608633,0.0,,
42073,Lawrence County,PA,3/19/2026 13:00,0.0010850242483080913,0.0,,
42073,Lawrence County,PA,3/19/2026 14:00,0.001107665148689664,0.0,,
42073,Lawrence County,PA,3/19/2026 15:00,0.001099322294052256,0.0,,
42073,Lawrence County,PA,3/19/2026 16:00,0.0011026400583439148,0.0,,
42073,Lawrence County,PA,3/19/2026 17:00,0.0011412357687097772,0.0,,
42073,Lawrence County,PA,3/19/2026 18:00,0.0,,,
42073,Lawrence County,PA,3/19/2026 19:00,0.0,,,
42073,Lawrence County,PA,3/19/2026 20:00,0.0,,,
42073,Lawrence County,PA,3/19/2026 21:00,0.0,,,
42073,Lawrence County,PA,3/19/2026 22:00,0.0,,,
42073,Lawrence County,PA,3/19/2026 23:00,,,,
42087,Mifflin County,PA,3/14/2026 0:00,0.019871194945444846,0.02205153047780339,0.0035249197023139232,0.006718783894877522
42087,Mifflin County,PA,3/14/2026 1:00,0.019486737501997475,0.02201504085369172,0.0034379993953585243,0.006046740658356275
42087,Mifflin County,PA,3/14/2026 2:00,0.019343958029847515,0.020695224980329795,0.0036811245027713914,0.00541561643923349
42087,Mifflin County,PA,3/14/2026 3:00,0.02016049425998909,0.021007152096541613,0.003250147162780193,0.004604116561004566
42087,Mifflin County,PA,3/14/2026 4:00,0.02074583041854833,0.01991791651610335,0.003925086054794961,0.004424208531888652
42087,Mifflin County,PA,3/14/2026 5:00,0.021919294701855586,0.01674631014834733,0.0029475280485743408,0.004217824042459399
42087,Mifflin County,PA,3/14/2026 6:00,0.019915196762270156,0.012393586962497247,0.001394094588639947,0.001332069153033988
42087,Mifflin County,PA,3/14/2026 7:00,0.01999568019683252,0.01085266145932314,0.0012335586523204642,0.0013511433683349827
42087,Mifflin County,PA,3/14/2026 8:00,0.019692343650765255,0.010736734967325778,0.0014780435822283342,0.0
42087,Mifflin County,PA,3/14/2026 9:00,0.01927773374474226,0.010738945129852356,0.0014814100332760961,0.0012846249241364864
42087,Mifflin County,PA,3/14/2026 10:00,0.019231824891587423,0.0016128021076938837,0.0019080977270890657,0.0012202847565872853
42087,Mifflin County,PA,3/14/2026 11:00,0.018731535581241958,0.0019096317259705297,0.0024146946714537214,0.0012329703887679535
42087,Mifflin County,PA,3/14/2026 12:00,0.01163384470904614,0.0022862813019927587,0.00118138047371607,0.0012299807134078156
42087,Mifflin County,PA,3/14/2026 13:00,0.01017998489947214,0.0,0.0,0.002051395375947204
42087,Mifflin County,PA,3/14/2026 14:00,0.011263240882806638,0.0,0.0019166333906312793,0.0024622020788253075
42087,Mifflin County,PA,3/14/2026 15:00,0.003490589693761479,0.0010441444750243568,0.002122545832203515,0.002042017861635129
42087,Mifflin County,PA,3/14/2026 16:00,0.003074259728207278,0.0011779839204282953,0.0023527763270271467,0.0018468058184156618
42087,Mifflin County,PA,3/14/2026 17:00,0.0030632745544250575,0.0,0.002804238773601069,0.0021190108569011
42087,Mifflin County,PA,3/14/2026 18:00,0.0033721917696256033,0.0,0.0028012402175493873,0.0028961128281694234
42087,Mifflin County,PA,3/14/2026 19:00,0.0,0.0,0.00284356661794779,0.0031010529804527827
42087,Mifflin County,PA,3/14/2026 20:00,0.0010269676228513063,0.0,0.0026999214536650397,0.0029450515854522437
42087,Mifflin County,PA,3/14/2026 21:00,0.0011619331211177957,0.0,0.0021467219705716503,0.005151509786703627
42087,Mifflin County,PA,3/14/2026 22:00,0.0,0.0,0.0021633304196719823,0.005571702055444902
42087,Mifflin County,PA,3/14/2026 23:00,0.0,0.0,0.0022818756599828995,0.008376220690251363
42087,Mifflin County,PA,3/15/2026 0:00,0.0,0.0,0.0023277121207378655,0.00709094592104029
42087,Mifflin County,PA,3/15/2026 1:00,0.0,0.0,0.001953237365358012,0.004683905192351259
42087,Mifflin County,PA,3/15/2026 2:00,0.0,0.0,0.002340113667064545,0.004364961971764745
42087,Mifflin County,PA,3/15/2026 3:00,0.0,0.0,0.0026966920752477426,0.004186038782553734
42087,Mifflin County,PA,3/15/2026 4:00,0.0,0.0,0.0024373995124725143,0.003747401566580652
42087,Mifflin County,PA,3/15/2026 5:00,0.0,0.0011296536708002823,0.0024134370590793135,0.0036038817807177662
42087,Mifflin County,PA,3/15/2026 6:00,0.0,0.0011585992991539368,0.0023908820536274115,0.003933616471394394
42087,Mifflin County,PA,3/15/2026 7:00,0.0,0.0012398195478076355,0.002477121852935514,0.0031907628172056805
42087,Mifflin County,PA,3/15/2026 8:00,0.0,0.0,0.002927747038131649,0.003415178465326601
42087,Mifflin County,PA,3/15/2026 9:00,0.0,0.0,0.0023441355629937695,0.004504343695822457
42087,Mifflin County,PA,3/15/2026 10:00,0.0,0.0014589606650906991,0.002534675168391785,0.003583090004377465
42087,Mifflin County,PA,3/15/2026 11:00,0.0,0.001235101168658905,0.0031614122418402698,0.00403011136403171
42087,Mifflin County,PA,3/15/2026 12:00,0.0,0.001406346948608008,0.003646709441997226,0.003974620348256443
42087,Mifflin County,PA,3/15/2026 13:00,0.0,0.0016402584512392902,0.0026789294954957196,0.003974620348256443
42087,Mifflin County,PA,3/15/2026 14:00,0.0,0.0016402584512392902,0.002902905684988222,0.0038098315369262743
42087,Mifflin County,PA,3/15/2026 15:00,0.0,0.0,0.0028086267671005465,0.0029182280949620423
42087,Mifflin County,PA,3/15/2026 16:00,0.0,0.0014852423075980045,0.003336147590099698,0.001572594490745038
42087,Mifflin County,PA,3/15/2026 17:00,0.0,0.0013559731090660014,0.003162753120925711,0.0012786278510888132
42087,Mifflin County,PA,3/15/2026 18:00,0.0,0.0,0.0030582540524972538,0.001131225228997494
42087,Mifflin County,PA,3/15/2026 19:00,0.0,0.0,0.003637346878445638,0.0010578185964881701
42087,Mifflin County,PA,3/15/2026 20:00,0.0,0.0,0.0039940118432988244,0.0
42087,Mifflin County,PA,3/15/2026 21:00,0.0,0.0,0.006380692501528186,0.0
42087,Mifflin County,PA,3/15/2026 22:00,0.0,0.0,0.010879648775309695,0.0
42087,Mifflin County,PA,3/15/2026 23:00,0.0,0.0,0.012141646017920263,0.0
42087,Mifflin County,PA,3/16/2026 0:00,0.0,0.0,0.013060450367966756,0.0
42087,Mifflin County,PA,3/16/2026 1:00,0.0,0.0,0.012362203207104109,0.0
42087,Mifflin County,PA,3/16/2026 2:00,0.0,0.0,0.011041389528194731,0.0
42087,Mifflin County,PA,3/16/2026 3:00,0.0,0.0,0.011233879641350633,0.0
42087,Mifflin County,PA,3/16/2026 4:00,0.0,0.0,0.01108199715965362,0.0
42087,Mifflin County,PA,3/16/2026 5:00,0.0,0.0,0.010764239782054121,0.0
42087,Mifflin County,PA,3/16/2026 6:00,0.0,0.0,0.011188224965897232,0.0
42087,Mifflin County,PA,3/16/2026 7:00,0.0,0.0017221798855087925,0.011140790172471144,0.0
42087,Mifflin County,PA,3/16/2026 8:00,0.0,0.0,0.009553888806789576,0.0
42087,Mifflin County,PA,3/16/2026 9:00,0.0012016206017314121,0.0010012219979971195,0.008654224575328827,0.0
42087,Mifflin County,PA,3/16/2026 10:00,0.002029306238358209,0.0,0.007707201023395517,0.0
42087,Mifflin County,PA,3/16/2026 11:00,0.001968011603907564,0.0028226011283813777,0.007596213749267805,0.0
42087,Mifflin County,PA,3/16/2026 12:00,0.0011798176434698532,0.0028629955463030862,0.007544158730519165,0.0
42087,Mifflin County,PA,3/16/2026 13:00,0.0,0.0036917705499112143,0.00665899328326695,0.0
42087,Mifflin County,PA,3/16/2026 14:00,0.0019497946005413514,0.0038702415705009255,0.005862586098160198,0.0
42087,Mifflin County,PA,3/16/2026 15:00,0.0018461586659860379,0.004020570283661303,0.00252507411984183,0.0
42087,Mifflin County,PA,3/16/2026 16:00,0.00201331090179191,0.005716009963228071,0.0012259264242224482,0.0
42087,Mifflin County,PA,3/16/2026 17:00,0.004070762858992701,0.005035148067979036,0.0019663737177425342,0.0
42087,Mifflin County,PA,3/16/2026 18:00,0.00390791227740803,0.005172894670157533,0.0020859813890865496,0.0
42087,Mifflin County,PA,3/16/2026 19:00,0.004822272816632612,0.006639982205082027,0.001611666992811343,0.0
42087,Mifflin County,PA,3/16/2026 20:00,0.0046312152096546,0.005789205491490333,0.0,0.0
42087,Mifflin County,PA,3/16/2026 21:00,0.005514120271933287,0.004085356058668909,0.001474424802322794,0.0
42087,Mifflin County,PA,3/16/2026 22:00,0.006056561914582966,0.005254369776889928,0.0,0.0012431357619312232
42087,Mifflin County,PA,3/16/2026 23:00,0.005140683174493974,0.004312307281180974,0.0,0.0
42087,Mifflin County,PA,3/17/2026 0:00,0.0043213594675401285,0.0012488322875506023,0.0,0.0
42087,Mifflin County,PA,3/17/2026 1:00,0.005700403137990861,0.001954273868042595,0.0,0.0
42087,Mifflin County,PA,3/17/2026 2:00,0.006215447150370693,0.0016374209298538533,0.0,0.0
42087,Mifflin County,PA,3/17/2026 3:00,0.004806765435067987,0.001544654891761089,0.0,0.0
42087,Mifflin County,PA,3/17/2026 4:00,0.0037201800757577113,0.0018258260276407803,0.0,0.0
42087,Mifflin County,PA,3/17/2026 5:00,0.003512706649941626,0.0021069018296988513,0.0,0.0
42087,Mifflin County,PA,3/17/2026 6:00,0.002924527369486899,0.0016798122765511643,0.0,0.0
42087,Mifflin County,PA,3/17/2026 7:00,0.002523516082348832,0.0,0.0,0.0
42087,Mifflin County,PA,3/17/2026 8:00,0.003605214748660916,0.0,0.0,0.0
42087,Mifflin County,PA,3/17/2026 9:00,0.004487109613685625,0.0,0.0,0.0
42087,Mifflin County,PA,3/17/2026 10:00,0.0038603634624014417,0.0,0.0,0.0
42087,Mifflin County,PA,3/17/2026 11:00,0.004239271582413642,0.0,0.0,0.0
42087,Mifflin County,PA,3/17/2026 12:00,0.0026418997137806514,0.0,0.0,0.0
42087,Mifflin County,PA,3/17/2026 13:00,0.002808830726122866,0.0,0.0,0.0
42087,Mifflin County,PA,3/17/2026 14:00,0.0015415802528309871,0.0,0.0,0.0
42087,Mifflin County,PA,3/17/2026 15:00,0.0018830381895569113,0.0,0.0,0.0
42087,Mifflin County,PA,3/17/2026 16:00,0.0015643868383474677,0.0,0.0,0.0
42087,Mifflin County,PA,3/17/2026 17:00,0.0,0.0,0.0,0.0
42087,Mifflin County,PA,3/17/2026 18:00,0.0,0.0,0.0,0.0
42087,Mifflin County,PA,3/17/2026 19:00,0.0,0.0,0.0,0.0
42087,Mifflin County,PA,3/17/2026 20:00,0.0,0.0,0.0,0.0
42087,Mifflin County,PA,3/17/2026 21:00,0.0,0.0,0.0,0.0
42087,Mifflin County,PA,3/17/2026 22:00,0.0,0.0,0.0,0.0
42087,Mifflin County,PA,3/17/2026 23:00,0.0,0.0,0.0,0.0
42087,Mifflin County,PA,3/18/2026 0:00,0.0,0.0,0.0,
42087,Mifflin County,PA,3/18/2026 1:00,0.0,0.0,0.0,
42087,Mifflin County,PA,3/18/2026 2:00,0.0,0.0,0.0,
42087,Mifflin County,PA,3/18/2026 3:00,0.0,0.0,0.0,
42087,Mifflin County,PA,3/18/2026 4:00,0.0,0.0,0.0,
42087,Mifflin County,PA,3/18/2026 5:00,0.0,0.0,0.0,
42087,Mifflin County,PA,3/18/2026 6:00,0.0,0.0,0.0,
42087,Mifflin County,PA,3/18/2026 7:00,0.0,0.0,0.0,
42087,Mifflin County,PA,3/18/2026 8:00,0.0,0.0,0.0,
42087,Mifflin County,PA,3/18/2026 9:00,0.0,0.0,0.0,
42087,Mifflin County,PA,3/18/2026 10:00,0.0,0.0,0.0,
42087,Mifflin County,PA,3/18/2026 11:00,0.0,0.0,0.0,
42087,Mifflin County,PA,3/18/2026 12:00,0.0,0.0,0.0,
42087,Mifflin County,PA,3/18/2026 13:00,0.0,0.0,0.0,
42087,Mifflin County,PA,3/18/2026 14:00,0.0,0.0,0.0,
42087,Mifflin County,PA,3/18/2026 15:00,0.0,0.0,0.0,
42087,Mifflin County,PA,3/18/2026 16:00,0.0,0.0,0.0,
42087,Mifflin County,PA,3/18/2026 17:00,0.0,0.0,0.0,
42087,Mifflin County,PA,3/18/2026 18:00,0.0,0.0,0.0,
42087,Mifflin County,PA,3/18/2026 19:00,0.0,0.0,0.0,
42087,Mifflin County,PA,3/18/2026 20:00,0.0,0.0,0.0,
42087,Mifflin County,PA,3/18/2026 21:00,0.0,0.0,0.0,
42087,Mifflin County,PA,3/18/2026 22:00,0.0,0.0,0.0,
42087,Mifflin County,PA,3/18/2026 23:00,0.0,0.0,0.0,
42087,Mifflin County,PA,3/19/2026 0:00,0.0,0.0,,
42087,Mifflin County,PA,3/19/2026 1:00,0.0,0.0,,
42087,Mifflin County,PA,3/19/2026 2:00,0.0,0.0,,
42087,Mifflin County,PA,3/19/2026 3:00,0.0,0.0,,
42087,Mifflin County,PA,3/19/2026 4:00,0.0,0.0,,
42087,Mifflin County,PA,3/19/2026 5:00,0.0,0.0,,
42087,Mifflin County,PA,3/19/2026 6:00,0.0,0.0,,
42087,Mifflin County,PA,3/19/2026 7:00,0.0,0.0,,
42087,Mifflin County,PA,3/19/2026 8:00,0.0,0.0,,
42087,Mifflin County,PA,3/19/2026 9:00,0.0,0.0,,
42087,Mifflin County,PA,3/19/2026 10:00,0.0,0.0,,
42087,Mifflin County,PA,3/19/2026 11:00,0.0,0.0,,
42087,Mifflin County,PA,3/19/2026 12:00,0.0,0.0,,
42087,Mifflin County,PA,3/19/2026 13:00,0.0,0.0,,
42087,Mifflin County,PA,3/19/2026 14:00,0.0,0.0,,
42087,Mifflin County,PA,3/19/2026 15:00,0.0,0.0,,
42087,Mifflin County,PA,3/19/2026 16:00,0.0,0.0,,
42087,Mifflin County,PA,3/19/2026 17:00,0.0,0.0,,
42087,Mifflin County,PA,3/19/2026 18:00,0.0,,,
42087,Mifflin County,PA,3/19/2026 19:00,0.0,,,
42087,Mifflin County,PA,3/19/2026 20:00,0.0,,,
42087,Mifflin County,PA,3/19/2026 21:00,0.0,,,
42087,Mifflin County,PA,3/19/2026 22:00,0.0,,,
42087,Mifflin County,PA,3/19/2026 23:00,,,,
42093,Montour County,PA,3/14/2026 0:00,0.0020804676830016022,0.004199359293374547,0.0,0.0036278827337156445
42093,Montour County,PA,3/14/2026 1:00,0.0020768684110007325,0.004514674522622757,0.0,0.0032605870364872777
42093,Montour County,PA,3/14/2026 2:00,0.0017443334017298918,0.006964557314388082,0.0,0.002845064918758216
42093,Montour County,PA,3/14/2026 3:00,0.0019757947326876474,0.007398608383752046,0.0,0.002782858823586997
42093,Montour County,PA,3/14/2026 4:00,0.0024618496400954657,0.00596352897165858,0.0,0.0016885974384841735
42093,Montour County,PA,3/14/2026 5:00,0.0022341869454742917,0.008073988880640509,0.0,0.0015126303227846576
42093,Montour County,PA,3/14/2026 6:00,0.003924452997029878,0.006947742104772867,0.0,0.0011640221789692515
42093,Montour County,PA,3/14/2026 7:00,0.004385077383842132,0.00686427740586663,0.0,0.001204025676780234
42093,Montour County,PA,3/14/2026 8:00,0.0052765145868612215,0.005709760421789697,0.0,0.0010869584252786316
42093,Montour County,PA,3/14/2026 9:00,0.0019454470910968767,0.005014099181109621,0.0,0.0011117666967555857
42093,Montour County,PA,3/14/2026 10:00,0.0019196485692622603,0.004899520480259235,0.0,0.0012175450662161515
42093,Montour County,PA,3/14/2026 11:00,0.0034399120271330894,0.004364882700203919,0.0,0.001155352484313399
42093,Montour County,PA,3/14/2026 12:00,0.0025135784308793836,0.0,0.0,0.0012035271043988821
42093,Montour County,PA,3/14/2026 13:00,0.0014944059947107442,0.0,0.0,0.0011999424753773471
42093,Montour County,PA,3/14/2026 14:00,0.0010073999289906927,0.0,0.0,0.0010168477685523229
42093,Montour County,PA,3/14/2026 15:00,0.0,0.0,0.0,0.0
42093,Montour County,PA,3/14/2026 16:00,0.0,0.0,0.0,0.0
42093,Montour County,PA,3/14/2026 17:00,0.0,0.0,0.0,0.0
42093,Montour County,PA,3/14/2026 18:00,0.0,0.0,0.0,0.0013378962437069304
42093,Montour County,PA,3/14/2026 19:00,0.0,0.0011065070986380255,0.0,0.0013954137234341503
42093,Montour County,PA,3/14/2026 20:00,0.0,0.0,0.0,0.0010266256230180972
42093,Montour County,PA,3/14/2026 21:00,0.0,0.0,0.0,0.0026232801228352203
42093,Montour County,PA,3/14/2026 22:00,0.0,0.0,0.0,0.0025267303188037616
42093,Montour County,PA,3/14/2026 23:00,0.0,0.0,0.0,0.0034105731163487593
42093,Montour County,PA,3/15/2026 0:00,0.0,0.0,0.0,0.0026451807088033394
42093,Montour County,PA,3/15/2026 1:00,0.0,0.0,0.0,0.0037162276817342657
42093,Montour County,PA,3/15/2026 2:00,0.0,0.0,0.0,0.0033343369475260405
42093,Montour County,PA,3/15/2026 3:00,0.0,0.0,0.0,0.0021843203875312332
42093,Montour County,PA,3/15/2026 4:00,0.0,0.0,0.0,0.0022988671944103173
42093,Montour County,PA,3/15/2026 5:00,0.0,0.0,0.0,0.001945672447087823
42093,Montour County,PA,3/15/2026 6:00,0.0,0.0,0.0,0.0022683034674955693
42093,Montour County,PA,3/15/2026 7:00,0.0,0.0,0.0,0.002016997426050432
42093,Montour County,PA,3/15/2026 8:00,0.0,0.0,0.0,0.0023584623776467984
42093,Montour County,PA,3/15/2026 9:00,0.0,0.0,0.0,0.0019848640490329863
42093,Montour County,PA,3/15/2026 10:00,0.0,0.0,0.0,0.0019060748883421936
42093,Montour County,PA,3/15/2026 11:00,0.0,0.0,0.0013518370891573122,0.0014273447347644174
42093,Montour County,PA,3/15/2026 12:00,0.0,0.0,0.0010120114592533644,0.0015190743529394585
42093,Montour County,PA,3/15/2026 13:00,0.0010871336264093136,0.0012419589249776763,0.0,0.0012729974446646186
42093,Montour County,PA,3/15/2026 14:00,0.0,0.0012025032969715567,0.0,0.0016169416358872628
42093,Montour County,PA,3/15/2026 15:00,0.0,0.0,0.0,0.0
42093,Montour County,PA,3/15/2026 16:00,0.0010972294017186377,0.0,0.0,0.0
42093,Montour County,PA,3/15/2026 17:00,0.0,0.0,0.0,0.0
42093,Montour County,PA,3/15/2026 18:00,0.0,0.0,0.0,0.0
42093,Montour County,PA,3/15/2026 19:00,0.0,0.0,0.0019775921486231474,0.0
42093,Montour County,PA,3/15/2026 20:00,0.0,0.0,0.0026035494193571095,0.0
42093,Montour County,PA,3/15/2026 21:00,0.0,0.0,0.001347345571040663,0.0
42093,Montour County,PA,3/15/2026 22:00,0.0,0.0,0.001637965771206638,0.0
42093,Montour County,PA,3/15/2026 23:00,0.0,0.0,0.002921957321617755,0.0
42093,Montour County,PA,3/16/2026 0:00,0.0,0.0,0.002792094122380923,0.0
42093,Montour County,PA,3/16/2026 1:00,0.0,0.0,0.0037475744086017,0.0
42093,Montour County,PA,3/16/2026 2:00,0.0,0.0,0.0023991006454499616,0.0
42093,Montour County,PA,3/16/2026 3:00,0.0,0.0,0.0018155494686095208,0.0
42093,Montour County,PA,3/16/2026 4:00,0.0,0.0,0.0017107905024066827,0.0
42093,Montour County,PA,3/16/2026 5:00,0.0012296220038977668,0.0,0.0010702870587498373,0.0
42093,Montour County,PA,3/16/2026 6:00,0.0017360773336337662,0.0012138994312855759,0.0011625741804590914,0.0
42093,Montour County,PA,3/16/2026 7:00,0.0012720468167774367,0.0,0.0010680267370292676,0.0
42093,Montour County,PA,3/16/2026 8:00,0.001188352513270371,0.0,0.0014795448447985841,0.0
42093,Montour County,PA,3/16/2026 9:00,0.0,0.0,0.0010724806354225958,0.0
42093,Montour County,PA,3/16/2026 10:00,0.0024805408212160407,0.0,0.0010943037475475747,0.0
42093,Montour County,PA,3/16/2026 11:00,0.0,0.0,0.0,0.0
42093,Montour County,PA,3/16/2026 12:00,0.0,0.0,0.0,0.0
42093,Montour County,PA,3/16/2026 13:00,0.0,0.0011316263168673424,0.0,0.0
42093,Montour County,PA,3/16/2026 14:00,0.0,0.0024880602448372423,0.0,0.0
42093,Montour County,PA,3/16/2026 15:00,0.0,0.0026304475109087456,0.0,0.0
42093,Montour County,PA,3/16/2026 16:00,0.0,0.003213570404749813,0.0,0.0
42093,Montour County,PA,3/16/2026 17:00,0.0,0.0031417974513513,0.0,0.0
42093,Montour County,PA,3/16/2026 18:00,0.0010974991435856337,0.004923263590127397,0.0,0.0
42093,Montour County,PA,3/16/2026 19:00,0.004012443867883885,0.0031582775685918235,0.0,0.0
42093,Montour County,PA,3/16/2026 20:00,0.0037928217945081585,0.0026833936800921654,0.0,0.0
42093,Montour County,PA,3/16/2026 21:00,0.003183333256049007,0.002024226663652726,0.0,0.0
42093,Montour County,PA,3/16/2026 22:00,0.0034501280695333984,0.001980632656602046,0.0,0.0
42093,Montour County,PA,3/16/2026 23:00,0.0035208343473893565,0.0019679903153046346,0.0,0.0
42093,Montour County,PA,3/17/2026 0:00,0.00456143761574549,0.003866122143908975,0.0,0.0
42093,Montour County,PA,3/17/2026 1:00,0.004377636907328386,0.0016475730188628202,0.0,0.0
42093,Montour County,PA,3/17/2026 2:00,0.003274588082736866,0.0014628228980784518,0.0,0.0
42093,Montour County,PA,3/17/2026 3:00,0.0031547918277143846,0.001431998038463844,0.0,0.0
42093,Montour County,PA,3/17/2026 4:00,0.0024099213807196366,0.0012732381011185134,0.0,0.0
42093,Montour County,PA,3/17/2026 5:00,0.002014451640158144,0.0011639061218144478,0.0,0.0
42093,Montour County,PA,3/17/2026 6:00,0.0016117214205658187,0.0,0.0,0.0
42093,Montour County,PA,3/17/2026 7:00,0.0011943140785495893,0.0013729721524690876,0.0,0.0
42093,Montour County,PA,3/17/2026 8:00,0.0015101208185367145,0.0011312578376963286,0.0,0.0
42093,Montour County,PA,3/17/2026 9:00,0.0013039315450649796,0.0010439542537047345,0.0,0.0
42093,Montour County,PA,3/17/2026 10:00,0.0017232780924454991,0.0011033940325479062,0.0,0.0
42093,Montour County,PA,3/17/2026 11:00,0.0014574316104095134,0.001072949852839213,0.0,0.0
42093,Montour County,PA,3/17/2026 12:00,0.0012693647683298687,0.0,0.0,0.0
42093,Montour County,PA,3/17/2026 13:00,0.0,0.0,0.0,0.0
42093,Montour County,PA,3/17/2026 14:00,0.0,0.0,0.0,0.0
42093,Montour County,PA,3/17/2026 15:00,0.0,0.0,0.0,0.0
42093,Montour County,PA,3/17/2026 16:00,0.0,0.0,0.0,0.0
42093,Montour County,PA,3/17/2026 17:00,0.0,0.0,0.0,0.0
42093,Montour County,PA,3/17/2026 18:00,0.0,0.0,0.0,0.0
42093,Montour County,PA,3/17/2026 19:00,0.0,0.0,0.0,0.0
42093,Montour County,PA,3/17/2026 20:00,0.0,0.0,0.0,0.0
42093,Montour County,PA,3/17/2026 21:00,0.0,0.0,0.0,0.0
42093,Montour County,PA,3/17/2026 22:00,0.0,0.0,0.0,0.0
42093,Montour County,PA,3/17/2026 23:00,0.0,0.0,0.0,0.0
42093,Montour County,PA,3/18/2026 0:00,0.0,0.0,0.0,
42093,Montour County,PA,3/18/2026 1:00,0.0,0.0,0.0,
42093,Montour County,PA,3/18/2026 2:00,0.0,0.0,0.0,
42093,Montour County,PA,3/18/2026 3:00,0.0,0.0,0.0,
42093,Montour County,PA,3/18/2026 4:00,0.0,0.0,0.0,
42093,Montour County,PA,3/18/2026 5:00,0.0,0.0,0.0,
42093,Montour County,PA,3/18/2026 6:00,0.0,0.0,0.0,
42093,Montour County,PA,3/18/2026 7:00,0.0,0.0,0.0,
42093,Montour County,PA,3/18/2026 8:00,0.0,0.0,0.0,
42093,Montour County,PA,3/18/2026 9:00,0.0,0.0,0.0,
42093,Montour County,PA,3/18/2026 10:00,0.0,0.0,0.0,
42093,Montour County,PA,3/18/2026 11:00,0.0,0.0,0.0,
42093,Montour County,PA,3/18/2026 12:00,0.0,0.0,0.0,
42093,Montour County,PA,3/18/2026 13:00,0.0,0.0,0.0,
42093,Montour County,PA,3/18/2026 14:00,0.0,0.0,0.0,
42093,Montour County,PA,3/18/2026 15:00,0.0,0.0,0.0,
42093,Montour County,PA,3/18/2026 16:00,0.0,0.0,0.0,
42093,Montour County,PA,3/18/2026 17:00,0.0,0.0,0.0,
42093,Montour County,PA,3/18/2026 18:00,0.0,0.0,0.0,
42093,Montour County,PA,3/18/2026 19:00,0.0,0.0,0.0,
42093,Montour County,PA,3/18/2026 20:00,0.0,0.0,0.0,
42093,Montour County,PA,3/18/2026 21:00,0.0,0.0,0.0,
42093,Montour County,PA,3/18/2026 22:00,0.0,0.0,0.0,
42093,Montour County,PA,3/18/2026 23:00,0.0,0.0,0.0,
42093,Montour County,PA,3/19/2026 0:00,0.0,0.0,,
42093,Montour County,PA,3/19/2026 1:00,0.0,0.0,,
42093,Montour County,PA,3/19/2026 2:00,0.0,0.0,,
42093,Montour County,PA,3/19/2026 3:00,0.0,0.0,,
42093,Montour County,PA,3/19/2026 4:00,0.0,0.0,,
42093,Montour County,PA,3/19/2026 5:00,0.0,0.0,,
42093,Montour County,PA,3/19/2026 6:00,0.0,0.0,,
42093,Montour County,PA,3/19/2026 7:00,0.0,0.0,,
42093,Montour County,PA,3/19/2026 8:00,0.0,0.0,,
42093,Montour County,PA,3/19/2026 9:00,0.0,0.0,,
42093,Montour County,PA,3/19/2026 10:00,0.0,0.0,,
42093,Montour County,PA,3/19/2026 11:00,0.0,0.0,,
42093,Montour County,PA,3/19/2026 12:00,0.0,0.0,,
42093,Montour County,PA,3/19/2026 13:00,0.0,0.0,,
42093,Montour County,PA,3/19/2026 14:00,0.0,0.0,,
42093,Montour County,PA,3/19/2026 15:00,0.0,0.0,,
42093,Montour County,PA,3/19/2026 16:00,0.0,0.0,,
42093,Montour County,PA,3/19/2026 17:00,0.0,0.0,,
42093,Montour County,PA,3/19/2026 18:00,0.0,,,
42093,Montour County,PA,3/19/2026 19:00,0.0,,,
42093,Montour County,PA,3/19/2026 20:00,0.0,,,
42093,Montour County,PA,3/19/2026 21:00,0.0,,,
42093,Montour County,PA,3/19/2026 22:00,0.0,,,
42093,Montour County,PA,3/19/2026 23:00,,,,
42099,Perry County,PA,3/14/2026 0:00,0.0,0.002299506091757811,0.001326087367098749,0.001510588151195285
42099,Perry County,PA,3/14/2026 1:00,0.0,0.001731294414730882,0.0,0.0
42099,Perry County,PA,3/14/2026 2:00,0.0,0.0017534284330894998,0.0,0.0
42099,Perry County,PA,3/14/2026 3:00,0.0,0.0024580209532147432,0.0,0.0
42099,Perry County,PA,3/14/2026 4:00,0.0,0.002688744821082025,0.0,0.0
42099,Perry County,PA,3/14/2026 5:00,0.0012693762737537241,0.003239364861163347,0.0,0.0
42099,Perry County,PA,3/14/2026 6:00,0.0015441052010582643,0.0021615560075030314,0.0,0.0
42099,Perry County,PA,3/14/2026 7:00,0.001601936177480437,0.0013242155513815996,0.0,0.0
42099,Perry County,PA,3/14/2026 8:00,0.0010779904891689588,0.0011391135697340303,0.0,0.0
42099,Perry County,PA,3/14/2026 9:00,0.001917942281840681,0.0013133195226525355,0.0,0.0
42099,Perry County,PA,3/14/2026 10:00,0.0012538889375356664,0.0011377563293747347,0.0012746104391595525,0.0
42099,Perry County,PA,3/14/2026 11:00,0.0010063634426956136,0.0,0.0,0.0
42099,Perry County,PA,3/14/2026 12:00,0.0,0.0,0.0,0.0
42099,Perry County,PA,3/14/2026 13:00,0.0,0.0,0.0,0.0
42099,Perry County,PA,3/14/2026 14:00,0.0,0.0,0.0,0.0
42099,Perry County,PA,3/14/2026 15:00,0.0,0.0,0.0,0.0
42099,Perry County,PA,3/14/2026 16:00,0.0,0.0,0.0,0.0
42099,Perry County,PA,3/14/2026 17:00,0.0,0.0,0.0,0.0
42099,Perry County,PA,3/14/2026 18:00,0.0,0.0,0.0,0.0
42099,Perry County,PA,3/14/2026 19:00,0.0,0.0,0.0,0.0016649736559705556
42099,Perry County,PA,3/14/2026 20:00,0.0,0.0,0.0,0.0027154671033468064
42099,Perry County,PA,3/14/2026 21:00,0.0,0.0,0.0,0.0027407390173320553
42099,Perry County,PA,3/14/2026 22:00,0.0,0.0,0.0,0.0026744964161341633
42099,Perry County,PA,3/14/2026 23:00,0.0,0.0,0.0010866840732417415,0.0033042194900656154
42099,Perry County,PA,3/15/2026 0:00,0.0,0.0,0.001536269764095153,0.003435307649755658
42099,Perry County,PA,3/15/2026 1:00,0.0,0.0,0.0016937837368140364,0.003484155860579458
42099,Perry County,PA,3/15/2026 2:00,0.0,0.0,0.001154646300994595,0.002212057990773067
42099,Perry County,PA,3/15/2026 3:00,0.0,0.0,0.0010221093552598775,0.0018839336696163111
42099,Perry County,PA,3/15/2026 4:00,0.0,0.0,0.0010471891943428396,0.0012985791791968097
42099,Perry County,PA,3/15/2026 5:00,0.0,0.0,0.0010511169222136138,0.0016491539751005125
42099,Perry County,PA,3/15/2026 6:00,0.0,0.0,0.0010791844534315447,0.0017424218794990778
42099,Perry County,PA,3/15/2026 7:00,0.0,0.0,0.0,0.0017933246578654791
42099,Perry County,PA,3/15/2026 8:00,0.0,0.0,0.0,0.0016347453871554266
42099,Perry County,PA,3/15/2026 9:00,0.0,0.0,0.0,0.0020374646473778615
42099,Perry County,PA,3/15/2026 10:00,0.0,0.0,0.0,0.0021099811111307183
42099,Perry County,PA,3/15/2026 11:00,0.0,0.0,0.0,0.0017365207568815805
42099,Perry County,PA,3/15/2026 12:00,0.0,0.0010443111766671948,0.0,0.0017865264357667388
42099,Perry County,PA,3/15/2026 13:00,0.0,0.0,0.0,0.0022178733769726874
42099,Perry County,PA,3/15/2026 14:00,0.0,0.0,0.0,0.0021612143454797865
42099,Perry County,PA,3/15/2026 15:00,0.0,0.0,0.0,0.001634181681508938
42099,Perry County,PA,3/15/2026 16:00,0.0,0.0,0.0,0.0014020658370342523
42099,Perry County,PA,3/15/2026 17:00,0.0,0.0,0.0,0.0013667570807821938
42099,Perry County,PA,3/15/2026 18:00,0.0,0.0,0.001849699526061173,0.0
42099,Perry County,PA,3/15/2026 19:00,0.0,0.0,0.0016052469153114062,0.0
42099,Perry County,PA,3/15/2026 20:00,0.0,0.0,0.0041899338917265475,0.0
42099,Perry County,PA,3/15/2026 21:00,0.0,0.0,0.004628533224015947,0.0
42099,Perry County,PA,3/15/2026 22:00,0.0,0.0,0.0050370985876346435,0.0
42099,Perry County,PA,3/15/2026 23:00,0.0,0.0,0.006425791246448707,0.0
42099,Perry County,PA,3/16/2026 0:00,0.0,0.0,0.006271746545393231,0.0
42099,Perry County,PA,3/16/2026 1:00,0.0,0.0,0.006586845978885249,0.0
42099,Perry County,PA,3/16/2026 2:00,0.0,0.0020404125890790916,0.005156436880669614,0.0
42099,Perry County,PA,3/16/2026 3:00,0.0,0.002227863923881049,0.004010122276216846,0.0
42099,Perry County,PA,3/16/2026 4:00,0.0,0.002406295674345318,0.003828111907658296,0.0
42099,Perry County,PA,3/16/2026 5:00,0.0,0.002624902418788439,0.0033923442935117052,0.0
42099,Perry County,PA,3/16/2026 6:00,0.0,0.0027029832370678896,0.0031589752695399148,0.0
42099,Perry County,PA,3/16/2026 7:00,0.0,0.002443692487037475,0.0035319776722791273,0.0
42099,Perry County,PA,3/16/2026 8:00,0.001411521184376167,0.002346930798639946,0.001943826825460944,0.0
42099,Perry County,PA,3/16/2026 9:00,0.0017441490239009294,0.0024547874859884296,0.0017532488275597668,0.0
42099,Perry County,PA,3/16/2026 10:00,0.0012348359476806409,0.001786864504931544,0.0013285784963105326,0.0
42099,Perry County,PA,3/16/2026 11:00,0.0,0.001645047424432978,0.0012223574228422374,0.0
42099,Perry County,PA,3/16/2026 12:00,0.0013789058185233532,0.0032919872015028683,0.0019136221488292578,0.0
42099,Perry County,PA,3/16/2026 13:00,0.0,0.00427646382207604,0.001295894147604624,0.0
42099,Perry County,PA,3/16/2026 14:00,0.0,0.005559301955156709,0.0,0.0
42099,Perry County,PA,3/16/2026 15:00,0.0,0.005292990220592677,0.0,0.0
42099,Perry County,PA,3/16/2026 16:00,0.0016004659583512756,0.006516458017774036,0.0,0.0
42099,Perry County,PA,3/16/2026 17:00,0.0012762182668943482,0.006955453894992061,0.0,0.0
42099,Perry County,PA,3/16/2026 18:00,0.0024324287396717734,0.006182539823539693,0.0,0.0
42099,Perry County,PA,3/16/2026 19:00,0.007419095805835444,0.006487070368564035,0.0,0.0
42099,Perry County,PA,3/16/2026 20:00,0.004200742967576676,0.004932357452252484,0.0014044336894223075,0.0
42099,Perry County,PA,3/16/2026 21:00,0.00599196315746434,0.004170114027817587,0.0010382375873985604,0.0
42099,Perry County,PA,3/16/2026 22:00,0.005788894941191236,0.008509338585834152,0.0,0.0
42099,Perry County,PA,3/16/2026 23:00,0.006285105443563447,0.0081690156843502,0.001002668531586355,0.0
42099,Perry County,PA,3/17/2026 0:00,0.0064268804597019885,0.005933575754447989,0.0,0.0
42099,Perry County,PA,3/17/2026 1:00,0.005320652234317673,0.004672868110771575,0.0,0.0
42099,Perry County,PA,3/17/2026 2:00,0.0043683086441438715,0.004493693343359122,0.0,0.0
42099,Perry County,PA,3/17/2026 3:00,0.0033732709601260913,0.004539538715598226,0.0,0.0
42099,Perry County,PA,3/17/2026 4:00,0.0027226170635780648,0.0027292175825250034,0.0,0.0
42099,Perry County,PA,3/17/2026 5:00,0.002627033508845044,0.0024500906414509096,0.0,0.0
42099,Perry County,PA,3/17/2026 6:00,0.002423186559655242,0.002165294978553579,0.0,0.0
42099,Perry County,PA,3/17/2026 7:00,0.002747159301315199,0.0015383790370238392,0.0,0.0
42099,Perry County,PA,3/17/2026 8:00,0.003647260726314365,0.00225214382548357,0.0,0.0
42099,Perry County,PA,3/17/2026 9:00,0.0035805469771721925,0.0021083206539785496,0.0,0.0
42099,Perry County,PA,3/17/2026 10:00,0.0025498406803910597,0.0011930092577348381,0.0,0.0
42099,Perry County,PA,3/17/2026 11:00,0.001909219285011035,0.0,0.0,0.0
42099,Perry County,PA,3/17/2026 12:00,0.0014394899646611474,0.0,0.0,0.0
42099,Perry County,PA,3/17/2026 13:00,0.001677915581796303,0.0,0.0,0.0
42099,Perry County,PA,3/17/2026 14:00,0.0013028652162327802,0.0,0.0,0.0
42099,Perry County,PA,3/17/2026 15:00,0.0,0.0,0.0,0.0
42099,Perry County,PA,3/17/2026 16:00,0.0,0.0,0.0,0.0
42099,Perry County,PA,3/17/2026 17:00,0.0,0.0,0.0,0.0
42099,Perry County,PA,3/17/2026 18:00,0.0,0.0,0.0,0.0
42099,Perry County,PA,3/17/2026 19:00,0.0,0.0,0.0,0.0
42099,Perry County,PA,3/17/2026 20:00,0.0,0.0,0.0,0.0
42099,Perry County,PA,3/17/2026 21:00,0.0,0.0,0.0,0.0
42099,Perry County,PA,3/17/2026 22:00,0.0,0.0,0.0,0.0
42099,Perry County,PA,3/17/2026 23:00,0.0,0.0,0.0,0.0
42099,Perry County,PA,3/18/2026 0:00,0.0,0.0,0.0,
42099,Perry County,PA,3/18/2026 1:00,0.0,0.0,0.0,
42099,Perry County,PA,3/18/2026 2:00,0.0,0.0,0.0,
42099,Perry County,PA,3/18/2026 3:00,0.0,0.0,0.0,
42099,Perry County,PA,3/18/2026 4:00,0.0,0.0,0.0,
42099,Perry County,PA,3/18/2026 5:00,0.0,0.0,0.0,
42099,Perry County,PA,3/18/2026 6:00,0.0,0.0,0.0,
42099,Perry County,PA,3/18/2026 7:00,0.0,0.0,0.0,
42099,Perry County,PA,3/18/2026 8:00,0.0,0.0,0.0,
42099,Perry County,PA,3/18/2026 9:00,0.0,0.0,0.0,
42099,Perry County,PA,3/18/2026 10:00,0.0,0.0,0.0,
42099,Perry County,PA,3/18/2026 11:00,0.0,0.0,0.0,
42099,Perry County,PA,3/18/2026 12:00,0.0,0.0,0.0,
42099,Perry County,PA,3/18/2026 13:00,0.0,0.0,0.0,
42099,Perry County,PA,3/18/2026 14:00,0.001126526084260281,0.0,0.0,
42099,Perry County,PA,3/18/2026 15:00,0.0,0.0,0.0,
42099,Perry County,PA,3/18/2026 16:00,0.0,0.0,0.0,
42099,Perry County,PA,3/18/2026 17:00,0.0,0.0,0.0,
42099,Perry County,PA,3/18/2026 18:00,0.0,0.0,0.0,
42099,Perry County,PA,3/18/2026 19:00,0.0,0.0,0.0,
42099,Perry County,PA,3/18/2026 20:00,0.0,0.0,0.0,
42099,Perry County,PA,3/18/2026 21:00,0.0,0.0,0.0,
42099,Perry County,PA,3/18/2026 22:00,0.0,0.0,0.0,
42099,Perry County,PA,3/18/2026 23:00,0.0,0.0,0.0,
42099,Perry County,PA,3/19/2026 0:00,0.0,0.0,,
42099,Perry County,PA,3/19/2026 1:00,0.0,0.0,,
42099,Perry County,PA,3/19/2026 2:00,0.0,0.0,,
42099,Perry County,PA,3/19/2026 3:00,0.0,0.0,,
42099,Perry County,PA,3/19/2026 4:00,0.0,0.0,,
42099,Perry County,PA,3/19/2026 5:00,0.0,0.0,,
42099,Perry County,PA,3/19/2026 6:00,0.0,0.0,,
42099,Perry County,PA,3/19/2026 7:00,0.0,0.0,,
42099,Perry County,PA,3/19/2026 8:00,0.0,0.0,,
42099,Perry County,PA,3/19/2026 9:00,0.0,0.0,,
42099,Perry County,PA,3/19/2026 10:00,0.0,0.0,,
42099,Perry County,PA,3/19/2026 11:00,0.0,0.0,,
42099,Perry County,PA,3/19/2026 12:00,0.0,0.0,,
42099,Perry County,PA,3/19/2026 13:00,0.0,0.0,,
42099,Perry County,PA,3/19/2026 14:00,0.0,0.0,,
42099,Perry County,PA,3/19/2026 15:00,0.0,0.0,,
42099,Perry County,PA,3/19/2026 16:00,0.0,0.0,,
42099,Perry County,PA,3/19/2026 17:00,0.0,0.0,,
42099,Perry County,PA,3/19/2026 18:00,0.0,,,
42099,Perry County,PA,3/19/2026 19:00,0.0,,,
42099,Perry County,PA,3/19/2026 20:00,0.0,,,
42099,Perry County,PA,3/19/2026 21:00,0.0,,,
42099,Perry County,PA,3/19/2026 22:00,0.0,,,
42099,Perry County,PA,3/19/2026 23:00,,,,
42105,Potter County,PA,3/14/2026 0:00,0.005482969180678365,0.011928301522131632,0.0,0.011959629912734195
42105,Potter County,PA,3/14/2026 1:00,0.0033939514347489353,0.012392259549956125,0.0,0.011483026979835775
42105,Potter County,PA,3/14/2026 2:00,0.0063796638839398,0.014864908465835026,0.0,0.010997514674509512
42105,Potter County,PA,3/14/2026 3:00,0.008136753628254568,0.013384727162944416,0.0,0.010951591396447151
42105,Potter County,PA,3/14/2026 4:00,0.012364878320759512,0.0075914916101370725,0.0,0.010716979686352537
42105,Potter County,PA,3/14/2026 5:00,0.00939850787918945,0.00574969233217308,0.0,0.010611569243348851
42105,Potter County,PA,3/14/2026 6:00,0.01009024612169948,0.004028921242050167,0.0,0.010246773932347096
42105,Potter County,PA,3/14/2026 7:00,0.013093938598210158,0.0038567173856808696,0.0011285239566928961,0.010089070146964769
42105,Potter County,PA,3/14/2026 8:00,0.015533181995350859,0.0,0.0,0.010482563558628819
42105,Potter County,PA,3/14/2026 9:00,0.013709423935948048,0.0010937012385619372,0.0,0.010425230767107592
42105,Potter County,PA,3/14/2026 10:00,0.014641287332558794,0.0,0.0,0.009922056122154516
42105,Potter County,PA,3/14/2026 11:00,0.009719231088297482,0.0,0.0032033038989416904,0.012180462946197776
42105,Potter County,PA,3/14/2026 12:00,0.009096481524660352,0.0,0.0014340496253707233,0.012031123560525886
42105,Potter County,PA,3/14/2026 13:00,0.009783153708677633,0.0,0.004683667558625941,0.009723657041535579
42105,Potter County,PA,3/14/2026 14:00,0.009081876190210576,0.0,0.005092886156430663,0.00861346337318816
42105,Potter County,PA,3/14/2026 15:00,0.006225196918469231,0.0,0.007291478417493726,0.008767246182321609
42105,Potter County,PA,3/14/2026 16:00,0.0050523258616828525,0.0,0.007665060784384146,0.00906573163831498
42105,Potter County,PA,3/14/2026 17:00,0.003109654857253642,0.0,0.012689270970865479,0.009491357870270148
42105,Potter County,PA,3/14/2026 18:00,0.0023433719831675096,0.0,0.015056973608463031,0.008821179795563891
42105,Potter County,PA,3/14/2026 19:00,0.0023020779337595324,0.0,0.011792280771575809,0.009692320976160199
42105,Potter County,PA,3/14/2026 20:00,0.0024239583925178294,0.0,0.011750871326276379,0.010656729144060073
42105,Potter County,PA,3/14/2026 21:00,0.0026937160916507196,0.0,0.013245907089642208,0.011631990327771246
42105,Potter County,PA,3/14/2026 22:00,0.003293432729852868,0.0,0.012368065423920896,0.012165576260805442
42105,Potter County,PA,3/14/2026 23:00,0.0027435940466218624,0.0,0.010561872152491427,0.012027393050387289
42105,Potter County,PA,3/15/2026 0:00,0.0021558580718626886,0.0011126722062451866,0.010876373690970923,0.016301340636479388
42105,Potter County,PA,3/15/2026 1:00,0.0015224125970382098,0.0013575558583912917,0.010427217878298013,0.013997002881530602
42105,Potter County,PA,3/15/2026 2:00,0.0018070267156739843,0.002032755624046235,0.00954987693505513,0.009647976315034126
42105,Potter County,PA,3/15/2026 3:00,0.0023283542088512205,0.0020755164192192677,0.008003603286098764,0.009281968653856908
42105,Potter County,PA,3/15/2026 4:00,0.0022125818384402442,0.0033157178605866225,0.006094109869464468,0.009604695808244417
42105,Potter County,PA,3/15/2026 5:00,0.0,0.004284705925817334,0.005096967066355127,0.008896903568162548
42105,Potter County,PA,3/15/2026 6:00,0.0013432688824624324,0.004746114022915275,0.0047823265751972,0.008191699380894266
42105,Potter County,PA,3/15/2026 7:00,0.0010540151094826729,0.005965984702931861,0.005596115825202062,0.008176729532736394
42105,Potter County,PA,3/15/2026 8:00,0.0,0.005782387886875261,0.005418933071405455,0.007748193520124728
42105,Potter County,PA,3/15/2026 9:00,0.0,0.006889505235123966,0.005676784858434147,0.008510037613972118
42105,Potter County,PA,3/15/2026 10:00,0.0038029236245714177,0.007436261945737131,0.00594339049768876,0.009329551080532586
42105,Potter County,PA,3/15/2026 11:00,0.007470376438846565,0.0080458336330291,0.005430967552171351,0.013074489699657403
42105,Potter County,PA,3/15/2026 12:00,0.00459292434438485,0.009769082119805787,0.004737048731079304,0.013241476477458134
42105,Potter County,PA,3/15/2026 13:00,0.007690863462325597,0.009715889077194631,0.004824136456289719,0.012895061165885647
42105,Potter County,PA,3/15/2026 14:00,0.009738986745090142,0.00964571063263183,0.004709220251562522,0.010998664746471114
42105,Potter County,PA,3/15/2026 15:00,0.010081811051018762,0.009359766395269215,0.004352940070611605,0.006700282338122405
42105,Potter County,PA,3/15/2026 16:00,0.009803444446602784,0.009286182124774015,0.003713393522001192,0.006457726090382638
42105,Potter County,PA,3/15/2026 17:00,0.00881782971082888,0.007655662648207879,0.004010586661943933,0.005733456306702807
42105,Potter County,PA,3/15/2026 18:00,0.00578935247574579,0.00713140833050689,0.005541395964987643,0.004687531142695267
42105,Potter County,PA,3/15/2026 19:00,0.008116134883877753,0.008365122334522492,0.004936124522551574,0.004382498553800637
42105,Potter County,PA,3/15/2026 20:00,0.008860670560087058,0.005046198402163215,0.004853184740277912,0.004275991670249401
42105,Potter County,PA,3/15/2026 21:00,0.011538125838268342,0.00661511410191233,0.004246528340117995,0.0037775914853560633
42105,Potter County,PA,3/15/2026 22:00,0.009681622294334268,0.006801227981010333,0.003960793308037298,0.00356225973980115
42105,Potter County,PA,3/15/2026 23:00,0.006032505999807139,0.0015005985997040717,0.008583453926839209,0.0032871911033428834
42105,Potter County,PA,3/16/2026 0:00,0.005554027392088376,0.001468669394541658,0.009133658595452485,0.003944397544984171
42105,Potter County,PA,3/16/2026 1:00,0.003318712137903507,0.002458906922616678,0.008402308748992499,0.0031511577600749916
42105,Potter County,PA,3/16/2026 2:00,0.0019482956621701911,0.0027402771942259424,0.008811844523814179,0.002956329468530387
42105,Potter County,PA,3/16/2026 3:00,0.0020080095018453854,0.003466575061724942,0.008946370762101771,0.002956329468530387
42105,Potter County,PA,3/16/2026 4:00,0.0016942068575488828,0.003037409204078671,0.008124631859215936,0.002830464313235732
42105,Potter County,PA,3/16/2026 5:00,0.0019318169400114984,0.0025757990556323127,0.008715448243843736,0.002831954134909857
42105,Potter County,PA,3/16/2026 6:00,0.001962016719640835,0.002074692320771951,0.00891430312625726,0.002831954134909857
42105,Potter County,PA,3/16/2026 7:00,0.003494090875027083,0.0020775350868885998,0.008805639686699125,0.003110702367288947
42105,Potter County,PA,3/16/2026 8:00,0.004925321385856867,0.0018992380556512659,0.009886080041590108,0.0027965589005424746
42105,Potter County,PA,3/16/2026 9:00,0.004739149895758733,0.001459738831822195,0.007855712780659115,0.003328305390639048
42105,Potter County,PA,3/16/2026 10:00,0.004071854448569293,0.0016978663731012414,0.008696054341271787,0.0033228909609906133
42105,Potter County,PA,3/16/2026 11:00,0.0013536063968325827,0.0019988628416591435,0.009138077892805919,0.004180917328037842
42105,Potter County,PA,3/16/2026 12:00,0.0015348919957789372,0.0,0.00847279552580703,0.004652885164307353
42105,Potter County,PA,3/16/2026 13:00,0.0,0.0,0.006048605487752101,0.004834849493209982
42105,Potter County,PA,3/16/2026 14:00,0.0029041368623595825,0.0026048251750881777,0.007896390014376753,0.003359271877480191
42105,Potter County,PA,3/16/2026 15:00,0.0030132746241838177,0.0018616122590684773,0.009444764985986467,0.0040083989059265124
42105,Potter County,PA,3/16/2026 16:00,0.0023666720982849026,0.001877468389484472,0.00497792872424952,0.0031246115326466267
42105,Potter County,PA,3/16/2026 17:00,0.0028846584830767514,0.0016576101583606708,0.004592074750811228,0.0030761177745365995
42105,Potter County,PA,3/16/2026 18:00,0.0025654749065956665,0.0018426858798441183,0.004348225594281494,0.0030639301680393982
42105,Potter County,PA,3/16/2026 19:00,0.0019762748896563448,0.0018187760183061832,0.0037646091417472835,0.002831970411096413
42105,Potter County,PA,3/16/2026 20:00,0.0023517400226361375,0.0010745206023226902,0.0035337755942533265,0.0030091984241085307
42105,Potter County,PA,3/16/2026 21:00,0.0024582715160610313,0.0,0.002706939699811947,0.003012879174968142
42105,Potter County,PA,3/16/2026 22:00,0.009469723033837625,0.0,0.0014466206085494697,0.003036065890626912
42105,Potter County,PA,3/16/2026 23:00,0.010647543745800313,0.0,0.001870761009918723,0.0028428001714613203
42105,Potter County,PA,3/17/2026 0:00,0.008860171009127962,0.0,0.0028067511041792153,0.0025872586435230216
42105,Potter County,PA,3/17/2026 1:00,0.008647892615433932,0.0,0.0027002632336344647,0.0025871702078195963
42105,Potter County,PA,3/17/2026 2:00,0.008133803324175359,0.0,0.0024855537302793766,0.002079427537615582
42105,Potter County,PA,3/17/2026 3:00,0.008816897752292743,0.0014440003179759355,0.002554725777098848,0.0
42105,Potter County,PA,3/17/2026 4:00,0.00783546726197809,0.0015914364954172759,0.0022583298948881227,0.0
42105,Potter County,PA,3/17/2026 5:00,0.008023814684469398,0.0017258228533963821,0.0015522417184291439,0.0
42105,Potter County,PA,3/17/2026 6:00,0.009591085590614898,0.0016153974951642319,0.0015373712042835372,0.0
42105,Potter County,PA,3/17/2026 7:00,0.008411829175031122,0.001825876320529288,0.0016106616853104345,0.0
42105,Potter County,PA,3/17/2026 8:00,0.008551778723365301,0.001542380708138257,0.0019296407019707392,0.0
42105,Potter County,PA,3/17/2026 9:00,0.007859929549256146,0.0014391630067122092,0.0016821789530209043,0.001090549160315957
42105,Potter County,PA,3/17/2026 10:00,0.008639328767172244,0.0,0.0025265716630911883,0.001101035976131338
42105,Potter County,PA,3/17/2026 11:00,0.009309568999230178,0.0,0.0056492107190661955,0.003818592160206496
42105,Potter County,PA,3/17/2026 12:00,0.007972966668977916,0.0,0.003239288220485075,0.0018314259905339947
42105,Potter County,PA,3/17/2026 13:00,0.006627576293478462,0.0,0.0010775201994095323,0.0020869675184722945
42105,Potter County,PA,3/17/2026 14:00,0.005616332069815464,0.0,0.0013962736781785747,0.0
42105,Potter County,PA,3/17/2026 15:00,0.0038297700137518817,0.0,0.001773220028660057,0.0
42105,Potter County,PA,3/17/2026 16:00,0.0010130915109248656,0.0,0.0,0.0
42105,Potter County,PA,3/17/2026 17:00,0.00146549289401672,0.001107324116428411,0.0013977908398094224,0.0
42105,Potter County,PA,3/17/2026 18:00,0.0,0.0,0.001466852882666914,0.0
42105,Potter County,PA,3/17/2026 19:00,0.0,0.0,0.0014227313462319218,0.0
42105,Potter County,PA,3/17/2026 20:00,0.0034547372354147986,0.0011422592720143898,0.0,0.0
42105,Potter County,PA,3/17/2026 21:00,0.003360705725666727,0.0012418921765589926,0.0,0.0
42105,Potter County,PA,3/17/2026 22:00,0.0054431280785947255,0.0019217177722808166,0.0,0.0
42105,Potter County,PA,3/17/2026 23:00,0.005645142851057207,0.0019185814548174998,0.0,0.0
42105,Potter County,PA,3/18/2026 0:00,0.001490650116005398,0.001188944117754837,0.0,
42105,Potter County,PA,3/18/2026 1:00,0.0021835389753029526,0.0012055243389559815,0.0,
42105,Potter County,PA,3/18/2026 2:00,0.001966465505141384,0.0012320456231778175,0.0,
42105,Potter County,PA,3/18/2026 3:00,0.0014833072381600456,0.0,0.0,
42105,Potter County,PA,3/18/2026 4:00,0.0014598881011164118,0.0,0.0,
42105,Potter County,PA,3/18/2026 5:00,0.001690365389760411,0.001778770287420916,0.0,
42105,Potter County,PA,3/18/2026 6:00,0.001856478724209672,0.003044121481137765,0.0,
42105,Potter County,PA,3/18/2026 7:00,0.0022335179107015953,0.003685341383910053,0.0,
42105,Potter County,PA,3/18/2026 8:00,0.0,0.002375040737686125,0.0,
42105,Potter County,PA,3/18/2026 9:00,0.0,0.0021803648629308892,0.0,
42105,Potter County,PA,3/18/2026 10:00,0.0,0.0021981359750294204,0.0,
42105,Potter County,PA,3/18/2026 11:00,0.0,0.0,0.0,
42105,Potter County,PA,3/18/2026 12:00,0.0,0.0,0.0011804909387399603,
42105,Potter County,PA,3/18/2026 13:00,0.0,0.0,0.0010166675885183091,
42105,Potter County,PA,3/18/2026 14:00,0.0,0.0,0.0,
42105,Potter County,PA,3/18/2026 15:00,0.0,0.0,0.0,
42105,Potter County,PA,3/18/2026 16:00,0.0,0.0,0.0,
42105,Potter County,PA,3/18/2026 17:00,0.0,0.0,0.0,
42105,Potter County,PA,3/18/2026 18:00,0.004820218570531209,0.0,0.0,
42105,Potter County,PA,3/18/2026 19:00,0.0011673663219241648,0.0,0.0,
42105,Potter County,PA,3/18/2026 20:00,0.0011069786205200821,0.0,0.0,
42105,Potter County,PA,3/18/2026 21:00,0.0,0.0,0.0,
42105,Potter County,PA,3/18/2026 22:00,0.0,0.0,0.0,
42105,Potter County,PA,3/18/2026 23:00,0.0,0.0,0.0,
42105,Potter County,PA,3/19/2026 0:00,0.0,0.0,,
42105,Potter County,PA,3/19/2026 1:00,0.0,0.0,,
42105,Potter County,PA,3/19/2026 2:00,0.0,0.0,,
42105,Potter County,PA,3/19/2026 3:00,0.0,0.0,,
42105,Potter County,PA,3/19/2026 4:00,0.0,0.0,,
42105,Potter County,PA,3/19/2026 5:00,0.001719839038358178,0.0012347427316701065,,
42105,Potter County,PA,3/19/2026 6:00,0.0,0.001230691313162696,,
42105,Potter County,PA,3/19/2026 7:00,0.0013499733347770275,0.0012347427316701065,,
42105,Potter County,PA,3/19/2026 8:00,0.0,0.001230691313162696,,
42105,Potter County,PA,3/19/2026 9:00,0.0010222904060746393,0.0,,
42105,Potter County,PA,3/19/2026 10:00,0.0011371037496912052,0.0,,
42105,Potter County,PA,3/19/2026 11:00,0.0010200516782846592,0.0,,
42105,Potter County,PA,3/19/2026 12:00,0.0,0.0,,
42105,Potter County,PA,3/19/2026 13:00,0.0,0.0,,
42105,Potter County,PA,3/19/2026 14:00,0.0,0.0,,
42105,Potter County,PA,3/19/2026 15:00,0.0,0.0,,
42105,Potter County,PA,3/19/2026 16:00,0.0,0.0,,
42105,Potter County,PA,3/19/2026 17:00,0.0,0.0,,
42105,Potter County,PA,3/19/2026 18:00,0.0,,,
42105,Potter County,PA,3/19/2026 19:00,0.0,,,
42105,Potter County,PA,3/19/2026 20:00,0.0,,,
42105,Potter County,PA,3/19/2026 21:00,0.0,,,
42105,Potter County,PA,3/19/2026 22:00,0.0,,,
42105,Potter County,PA,3/19/2026 23:00,,,,
42107,Schuylkill County,PA,3/14/2026 0:00,0.0,0.0011543173547823215,0.0,0.0018832317904346686
42107,Schuylkill County,PA,3/14/2026 1:00,0.0,0.0010633618989361745,0.0,0.0015335120237241252
42107,Schuylkill County,PA,3/14/2026 2:00,0.0,0.0013491228935729937,0.0,0.0012529038059730388
42107,Schuylkill County,PA,3/14/2026 3:00,0.0,0.001973111415913599,0.0,0.0013033667434387474
42107,Schuylkill County,PA,3/14/2026 4:00,0.0,0.0018461799469213223,0.0,0.0010789900727493076
42107,Schuylkill County,PA,3/14/2026 5:00,0.002935667562046423,0.0016245036308192816,0.0,0.0
42107,Schuylkill County,PA,3/14/2026 6:00,0.0,0.0012557911139174554,0.0,0.0
42107,Schuylkill County,PA,3/14/2026 7:00,0.0,0.0012849703026823385,0.0,0.0
42107,Schuylkill County,PA,3/14/2026 8:00,0.0,0.001123973666762521,0.0,0.0
42107,Schuylkill County,PA,3/14/2026 9:00,0.0,0.0011606670876242876,0.0,0.0
42107,Schuylkill County,PA,3/14/2026 10:00,0.0019889103143575495,0.0010825105252046197,0.0,0.0
42107,Schuylkill County,PA,3/14/2026 11:00,0.0021485781508585457,0.0010461577983688626,0.0,0.0
42107,Schuylkill County,PA,3/14/2026 12:00,0.0010024840774947585,0.0012826486979918919,0.0,0.0
42107,Schuylkill County,PA,3/14/2026 13:00,0.0014447726354142648,0.001272997973215565,0.0,0.0
42107,Schuylkill County,PA,3/14/2026 14:00,0.0010526939847466544,0.0,0.0,0.001171211720779406
42107,Schuylkill County,PA,3/14/2026 15:00,0.0,0.0,0.0,0.001871653194960606
42107,Schuylkill County,PA,3/14/2026 16:00,0.0,0.0017480045412213983,0.0023599271840773145,0.0016359907990943891
42107,Schuylkill County,PA,3/14/2026 17:00,0.0,0.0013772152248878269,0.002338196680783826,0.0019849282217774904
42107,Schuylkill County,PA,3/14/2026 18:00,0.0,0.0012719402935896216,0.002264456370073874,0.0018693593921876564
42107,Schuylkill County,PA,3/14/2026 19:00,0.0,0.0015272688441588028,0.0022879831393516417,0.0024481190608477837
42107,Schuylkill County,PA,3/14/2026 20:00,0.0,0.0,0.0,0.0029426430643596743
42107,Schuylkill County,PA,3/14/2026 21:00,0.0,0.0,0.0,0.004508440568388856
42107,Schuylkill County,PA,3/14/2026 22:00,0.0,0.0,0.0,0.005159856287091978
42107,Schuylkill County,PA,3/14/2026 23:00,0.0,0.0,0.0,0.010036599127499674
42107,Schuylkill County,PA,3/15/2026 0:00,0.0,0.0,0.0,0.01011143520974413
42107,Schuylkill County,PA,3/15/2026 1:00,0.0,0.0,0.0,0.007304853774975338
42107,Schuylkill County,PA,3/15/2026 2:00,0.0,0.0,0.0,0.006988640614810992
42107,Schuylkill County,PA,3/15/2026 3:00,0.0,0.0,0.0,0.006790229476248477
42107,Schuylkill County,PA,3/15/2026 4:00,0.0,0.0,0.0,0.0065229910936509495
42107,Schuylkill County,PA,3/15/2026 5:00,0.0,0.0,0.0,0.006356323416123626
42107,Schuylkill County,PA,3/15/2026 6:00,0.0,0.0,0.0,0.00570045389848527
42107,Schuylkill County,PA,3/15/2026 7:00,0.0,0.0,0.0,0.00571662333262661
42107,Schuylkill County,PA,3/15/2026 8:00,0.0,0.0,0.0,0.005890036620524783
42107,Schuylkill County,PA,3/15/2026 9:00,0.0,0.0,0.0,0.005348624155698464
42107,Schuylkill County,PA,3/15/2026 10:00,0.0,0.0,0.0,0.0024033610283094946
42107,Schuylkill County,PA,3/15/2026 11:00,0.0,0.0,0.0,0.0024216120711367094
42107,Schuylkill County,PA,3/15/2026 12:00,0.0,0.0,0.0,0.0026874917175300403
42107,Schuylkill County,PA,3/15/2026 13:00,0.0,0.0,0.0,0.002561548531505418
42107,Schuylkill County,PA,3/15/2026 14:00,0.0,0.0,0.0,0.001841409059867011
42107,Schuylkill County,PA,3/15/2026 15:00,0.0,0.0,0.0,0.0016577513085772625
42107,Schuylkill County,PA,3/15/2026 16:00,0.0,0.0,0.0,0.0015343636849041644
42107,Schuylkill County,PA,3/15/2026 17:00,0.0,0.0,0.0,0.0013673910516523293
42107,Schuylkill County,PA,3/15/2026 18:00,0.0,0.0,0.0,0.0013047555600450623
42107,Schuylkill County,PA,3/15/2026 19:00,0.0,0.0,0.0,0.0013309622907089506
42107,Schuylkill County,PA,3/15/2026 20:00,0.0,0.0,0.0,0.0011963654733918576
42107,Schuylkill County,PA,3/15/2026 21:00,0.0,0.0,0.00228602801881477,0.0011380681799504986
42107,Schuylkill County,PA,3/15/2026 22:00,0.0,0.0,0.004615528947674928,0.0
42107,Schuylkill County,PA,3/15/2026 23:00,0.0,0.0,0.004646575640364464,0.0
42107,Schuylkill County,PA,3/16/2026 0:00,0.0,0.0,0.005577060005012202,0.0
42107,Schuylkill County,PA,3/16/2026 1:00,0.0,0.0,0.006111751569242932,0.0
42107,Schuylkill County,PA,3/16/2026 2:00,0.0,0.0,0.005734484793299165,0.0
42107,Schuylkill County,PA,3/16/2026 3:00,0.0010973355283069655,0.0,0.005513777989751694,0.0
42107,Schuylkill County,PA,3/16/2026 4:00,0.0,0.0,0.003786254390536741,0.0
42107,Schuylkill County,PA,3/16/2026 5:00,0.0,0.0013409746778788793,0.0036784536293107167,0.0
42107,Schuylkill County,PA,3/16/2026 6:00,0.0,0.0,0.0035054346031071636,0.0
42107,Schuylkill County,PA,3/16/2026 7:00,0.0,0.0020820934372310024,0.003870563396064498,0.0
42107,Schuylkill County,PA,3/16/2026 8:00,0.0,0.002817212817080803,0.0038359373905620217,0.0
42107,Schuylkill County,PA,3/16/2026 9:00,0.0,0.0023906363091913286,0.003326467506882682,0.0
42107,Schuylkill County,PA,3/16/2026 10:00,0.006360922074939755,0.002994886848680577,0.003240482004691177,0.0
42107,Schuylkill County,PA,3/16/2026 11:00,0.0,0.002475804042068755,0.00337631397459954,0.0
42107,Schuylkill County,PA,3/16/2026 12:00,0.0,0.001965659894175174,0.002897897982501384,0.0
42107,Schuylkill County,PA,3/16/2026 13:00,0.002148689358136522,0.0027237151411511314,0.0027192339179698192,0.0
42107,Schuylkill County,PA,3/16/2026 14:00,0.0,0.0,0.0012083953124914092,0.0
42107,Schuylkill County,PA,3/16/2026 15:00,0.0,0.0023693462930769946,0.0,0.0
42107,Schuylkill County,PA,3/16/2026 16:00,0.0,0.004024425167688543,0.0,0.0
42107,Schuylkill County,PA,3/16/2026 17:00,0.0,0.004939436625701406,0.0,0.0
42107,Schuylkill County,PA,3/16/2026 18:00,0.0,0.004175140341707851,0.0,0.0
42107,Schuylkill County,PA,3/16/2026 19:00,0.0014344514226581897,0.005914151700893153,0.0,0.0
42107,Schuylkill County,PA,3/16/2026 20:00,0.005811837755778391,0.005155301443820191,0.0,0.0
42107,Schuylkill County,PA,3/16/2026 21:00,0.007127925718427712,0.005377424586111719,0.0,0.0
42107,Schuylkill County,PA,3/16/2026 22:00,0.006145800846282318,0.004782574864145096,0.0,0.0
42107,Schuylkill County,PA,3/16/2026 23:00,0.006741474704793083,0.002627390346495425,0.0,0.0
42107,Schuylkill County,PA,3/17/2026 0:00,0.006881640234205723,0.0037842298947666545,0.0,0.0
42107,Schuylkill County,PA,3/17/2026 1:00,0.006054952769576236,0.0021417203514086055,0.0,0.0
42107,Schuylkill County,PA,3/17/2026 2:00,0.005599064114144679,0.002929270547550576,0.0,0.0
42107,Schuylkill County,PA,3/17/2026 3:00,0.005932305033307233,0.0022868945307403994,0.0,0.0
42107,Schuylkill County,PA,3/17/2026 4:00,0.004735680332686939,0.0027563200469767316,0.0,0.0
42107,Schuylkill County,PA,3/17/2026 5:00,0.006065807353166251,0.0015328093522840947,0.0,0.0
42107,Schuylkill County,PA,3/17/2026 6:00,0.0038848619516709815,0.001490842954371071,0.0,0.0
42107,Schuylkill County,PA,3/17/2026 7:00,0.0035058764880968115,0.0012073369042156098,0.0,0.0
42107,Schuylkill County,PA,3/17/2026 8:00,0.0036000173056196703,0.001675836739277519,0.0,0.0
42107,Schuylkill County,PA,3/17/2026 9:00,0.0038887050820014253,0.0010113373177289288,0.0,0.0
42107,Schuylkill County,PA,3/17/2026 10:00,0.0028747528997569785,0.0010197973827832559,0.0,0.0
42107,Schuylkill County,PA,3/17/2026 11:00,0.0029620529503776713,0.0011353574082816151,0.0,0.0
42107,Schuylkill County,PA,3/17/2026 12:00,0.0030690455241491692,0.0,0.0,0.0
42107,Schuylkill County,PA,3/17/2026 13:00,0.0024720442365374646,0.0,0.0,0.0
42107,Schuylkill County,PA,3/17/2026 14:00,0.001652583977797495,0.0,0.0,0.0
42107,Schuylkill County,PA,3/17/2026 15:00,0.0012091542641705312,0.0,0.0,0.0
42107,Schuylkill County,PA,3/17/2026 16:00,0.0,0.0,0.0,0.0
42107,Schuylkill County,PA,3/17/2026 17:00,0.0,0.0,0.0,0.0
42107,Schuylkill County,PA,3/17/2026 18:00,0.0,0.0,0.0,0.0
42107,Schuylkill County,PA,3/17/2026 19:00,0.0,0.0,0.0,0.0
42107,Schuylkill County,PA,3/17/2026 20:00,0.0,0.0,0.0,0.0
42107,Schuylkill County,PA,3/17/2026 21:00,0.0,0.0,0.0,0.0
42107,Schuylkill County,PA,3/17/2026 22:00,0.0,0.0,0.0,0.0
42107,Schuylkill County,PA,3/17/2026 23:00,0.0,0.0,0.0,0.0
42107,Schuylkill County,PA,3/18/2026 0:00,0.0,0.0,0.0,
42107,Schuylkill County,PA,3/18/2026 1:00,0.0,0.0,0.0,
42107,Schuylkill County,PA,3/18/2026 2:00,0.0,0.0,0.0,
42107,Schuylkill County,PA,3/18/2026 3:00,0.0,0.0,0.0,
42107,Schuylkill County,PA,3/18/2026 4:00,0.0,0.0,0.0,
42107,Schuylkill County,PA,3/18/2026 5:00,0.0,0.0,0.0,
42107,Schuylkill County,PA,3/18/2026 6:00,0.0,0.0,0.0,
42107,Schuylkill County,PA,3/18/2026 7:00,0.0,0.0,0.0,
42107,Schuylkill County,PA,3/18/2026 8:00,0.0,0.0,0.0,
42107,Schuylkill County,PA,3/18/2026 9:00,0.0,0.0,0.0,
42107,Schuylkill County,PA,3/18/2026 10:00,0.0,0.0,0.0,
42107,Schuylkill County,PA,3/18/2026 11:00,0.0,0.0,0.0,
42107,Schuylkill County,PA,3/18/2026 12:00,0.0,0.0,0.0,
42107,Schuylkill County,PA,3/18/2026 13:00,0.0,0.0,0.0,
42107,Schuylkill County,PA,3/18/2026 14:00,0.0,0.0,0.0,
42107,Schuylkill County,PA,3/18/2026 15:00,0.0,0.0,0.0,
42107,Schuylkill County,PA,3/18/2026 16:00,0.0,0.0,0.0,
42107,Schuylkill County,PA,3/18/2026 17:00,0.0,0.0,0.0,
42107,Schuylkill County,PA,3/18/2026 18:00,0.0,0.0,0.0,
42107,Schuylkill County,PA,3/18/2026 19:00,0.0,0.0,0.0,
42107,Schuylkill County,PA,3/18/2026 20:00,0.0,0.0,0.0,
42107,Schuylkill County,PA,3/18/2026 21:00,0.0,0.0,0.0,
42107,Schuylkill County,PA,3/18/2026 22:00,0.0,0.0,0.0,
42107,Schuylkill County,PA,3/18/2026 23:00,0.0,0.0,0.0,
42107,Schuylkill County,PA,3/19/2026 0:00,0.0,0.0,,
42107,Schuylkill County,PA,3/19/2026 1:00,0.0,0.0,,
42107,Schuylkill County,PA,3/19/2026 2:00,0.0,0.0,,
42107,Schuylkill County,PA,3/19/2026 3:00,0.0,0.0,,
42107,Schuylkill County,PA,3/19/2026 4:00,0.0,0.0,,
42107,Schuylkill County,PA,3/19/2026 5:00,0.0,0.0,,
42107,Schuylkill County,PA,3/19/2026 6:00,0.0,0.0,,
42107,Schuylkill County,PA,3/19/2026 7:00,0.0,0.0,,
42107,Schuylkill County,PA,3/19/2026 8:00,0.0,0.0,,
42107,Schuylkill County,PA,3/19/2026 9:00,0.0,0.0,,
42107,Schuylkill County,PA,3/19/2026 10:00,0.0,0.0,,
42107,Schuylkill County,PA,3/19/2026 11:00,0.0,0.0,,
42107,Schuylkill County,PA,3/19/2026 12:00,0.0,0.0,,
42107,Schuylkill County,PA,3/19/2026 13:00,0.0,0.0,,
42107,Schuylkill County,PA,3/19/2026 14:00,0.0,0.0,,
42107,Schuylkill County,PA,3/19/2026 15:00,0.0,0.0,,
42107,Schuylkill County,PA,3/19/2026 16:00,0.0,0.0,,
42107,Schuylkill County,PA,3/19/2026 17:00,0.0,0.0,,
42107,Schuylkill County,PA,3/19/2026 18:00,0.0,,,
42107,Schuylkill County,PA,3/19/2026 19:00,0.0,,,
42107,Schuylkill County,PA,3/19/2026 20:00,0.0,,,
42107,Schuylkill County,PA,3/19/2026 21:00,0.0,,,
42107,Schuylkill County,PA,3/19/2026 22:00,0.0,,,
42107,Schuylkill County,PA,3/19/2026 23:00,,,,
42111,Somerset County,PA,3/14/2026 0:00,0.01253278054150175,0.014205719252184315,0.0030641109232011723,0.003077321173542538
42111,Somerset County,PA,3/14/2026 1:00,0.012210375220451215,0.013682319052699433,0.0029152288551609166,0.002402884388027183
42111,Somerset County,PA,3/14/2026 2:00,0.012074406460344515,0.01405082331052346,0.00269404713728465,0.0019099877116864222
42111,Somerset County,PA,3/14/2026 3:00,0.011314443916260922,0.013626878338751362,0.003243540661328132,0.001906660271793474
42111,Somerset County,PA,3/14/2026 4:00,0.011923705544052048,0.012738348018429038,0.003173271093547696,0.0018207660277525844
42111,Somerset County,PA,3/14/2026 5:00,0.011631389939364668,0.010724743476529538,0.002956537097820365,0.0017224201353373038
42111,Somerset County,PA,3/14/2026 6:00,0.01216484103701438,0.00823801989640942,0.003460673978181131,0.002272206207536579
42111,Somerset County,PA,3/14/2026 7:00,0.011239244817934408,0.008161204201555585,0.0035109351124351625,0.0024486525719468032
42111,Somerset County,PA,3/14/2026 8:00,0.011751872908110843,0.007369363030842705,0.003711880804000483,0.002511160215414112
42111,Somerset County,PA,3/14/2026 9:00,0.010538782499211597,0.005964350125653253,0.003193860603927922,0.0022427884759698576
42111,Somerset County,PA,3/14/2026 10:00,0.010853441263278587,0.0056655075878406305,0.003368446170550138,0.0021791683487395516
42111,Somerset County,PA,3/14/2026 11:00,0.008942692971386144,0.005180626964117697,0.00359736657323407,0.001104295048707258
42111,Somerset County,PA,3/14/2026 12:00,0.010449761954468074,0.0055109201423126425,0.0036976904646202364,0.0
42111,Somerset County,PA,3/14/2026 13:00,0.010182240586655731,0.003917072450524296,0.003675374873761132,0.0
42111,Somerset County,PA,3/14/2026 14:00,0.008292813955680597,0.0038016879275117265,0.003378247178214346,0.0
42111,Somerset County,PA,3/14/2026 15:00,0.00774906834316999,0.003636846362809248,0.0030955820900791233,0.0
42111,Somerset County,PA,3/14/2026 16:00,0.006899450190411276,0.0037023669079392996,0.0031680867701147195,0.0
42111,Somerset County,PA,3/14/2026 17:00,0.006990710923473501,0.002898963583358824,0.0030822145787264294,0.0012695018597941572
42111,Somerset County,PA,3/14/2026 18:00,0.006020439623122162,0.0030118707894320564,0.002950807117095805,0.0014485034783497425
42111,Somerset County,PA,3/14/2026 19:00,0.003796077907535658,0.0037720598760487183,0.004277946367047153,0.0022573870796815513
42111,Somerset County,PA,3/14/2026 20:00,0.0032753279514554194,0.0036500198160609497,0.002943636635559593,0.0013525354121134735
42111,Somerset County,PA,3/14/2026 21:00,0.0030262017991263108,0.003549434518294517,0.0033797835524272866,0.0012997854670673732
42111,Somerset County,PA,3/14/2026 22:00,0.003163162100274133,0.002725167716900014,0.0038302059794847938,0.0013557446834530852
42111,Somerset County,PA,3/14/2026 23:00,0.0031692612619142685,0.002717837914481295,0.0038182961811933547,0.001186879128978337
42111,Somerset County,PA,3/15/2026 0:00,0.004165380019125029,0.0037024492266770656,0.004181124361235126,0.0011852173089574672
42111,Somerset County,PA,3/15/2026 1:00,0.004803374801163098,0.004782893448727,0.00423073675536754,0.0
42111,Somerset County,PA,3/15/2026 2:00,0.004062029928395417,0.004669868454243667,0.004178677126006227,0.0
42111,Somerset County,PA,3/15/2026 3:00,0.0034737949935325497,0.004371098171946913,0.004372423154622562,0.0
42111,Somerset County,PA,3/15/2026 4:00,0.0033070055721092576,0.004463405631218063,0.0036496071608956206,0.0
42111,Somerset County,PA,3/15/2026 5:00,0.003381434286379228,0.00437419492421565,0.0036000889674346484,0.0
42111,Somerset County,PA,3/15/2026 6:00,0.0035134941283981136,0.004715251709540309,0.004116053564700024,0.0
42111,Somerset County,PA,3/15/2026 7:00,0.0033603373173334136,0.003992069457118155,0.003679180673806019,0.0
42111,Somerset County,PA,3/15/2026 8:00,0.002991463327659602,0.004289264548118112,0.0030861937827451292,0.0
42111,Somerset County,PA,3/15/2026 9:00,0.003670138260096167,0.00460414781632668,0.00274567522342358,0.0
42111,Somerset County,PA,3/15/2026 10:00,0.0065530192642320045,0.00525490680648709,0.0026054376923352563,0.00114077885658763
42111,Somerset County,PA,3/15/2026 11:00,0.004513744046968144,0.005096493547425889,0.002125537543847372,0.0
42111,Somerset County,PA,3/15/2026 12:00,0.00448999057657639,0.003616945405540687,0.0019114420278057303,0.0
42111,Somerset County,PA,3/15/2026 13:00,0.004160330222008194,0.004349245935531858,0.0020359779009850748,0.0
42111,Somerset County,PA,3/15/2026 14:00,0.005552349066393455,0.004052604211716969,0.0024635378235912295,0.0
42111,Somerset County,PA,3/15/2026 15:00,0.0033452891330374265,0.005288710796710334,0.0030267374810046734,0.0
42111,Somerset County,PA,3/15/2026 16:00,0.003208380420882485,0.004373122187803028,0.002497911043142567,0.0
42111,Somerset County,PA,3/15/2026 17:00,0.0031370706577979455,0.0038502799664982706,0.002134931208005386,0.0
42111,Somerset County,PA,3/15/2026 18:00,0.0030013435494461705,0.003998440251227501,0.0030942809001584287,0.0
42111,Somerset County,PA,3/15/2026 19:00,0.0029453923300884373,0.0033398040622325655,0.002463817657273942,0.0
42111,Somerset County,PA,3/15/2026 20:00,0.003059943103590259,0.002657524671178227,0.002648431804735204,0.0
42111,Somerset County,PA,3/15/2026 21:00,0.002864330302280496,0.003915604757876498,0.002188638759814403,0.0
42111,Somerset County,PA,3/15/2026 22:00,0.0034327204162927704,0.002921239611238809,0.0020971106472694773,0.0
42111,Somerset County,PA,3/15/2026 23:00,0.003453702174252598,0.0024580261482758893,0.0021167235256514746,0.0
42111,Somerset County,PA,3/16/2026 0:00,0.003946844266995004,0.0022686629958415874,0.002599188793031246,0.0
42111,Somerset County,PA,3/16/2026 1:00,0.0031369820600938092,0.0017050720830231434,0.002567226837115806,0.0
42111,Somerset County,PA,3/16/2026 2:00,0.00293820131740344,0.0017293045137508679,0.002742128798935244,0.0
42111,Somerset County,PA,3/16/2026 3:00,0.0020166090475388404,0.001689995307056218,0.002436898666478801,0.0
42111,Somerset County,PA,3/16/2026 4:00,0.0023329347088924925,0.0013971309150748311,0.0019605678578511004,0.0
42111,Somerset County,PA,3/16/2026 5:00,0.0022372691708935494,0.0012694615929316657,0.002378080762053496,0.0
42111,Somerset County,PA,3/16/2026 6:00,0.0019570565029986085,0.001200042076717754,0.0023677778062917588,0.0
42111,Somerset County,PA,3/16/2026 7:00,0.002419854095716076,0.001824350153960347,0.002116779867335658,0.0
42111,Somerset County,PA,3/16/2026 8:00,0.0036861175489960275,0.002163783159501574,0.0020684481112072466,0.0
42111,Somerset County,PA,3/16/2026 9:00,0.003523695399461159,0.001925266155454629,0.00222587350021941,0.0
42111,Somerset County,PA,3/16/2026 10:00,0.0029938713581151005,0.001789790396641597,0.002176575182176671,0.0
42111,Somerset County,PA,3/16/2026 11:00,0.0028937321722624855,0.0016916510443084972,0.002360318961124489,0.0
42111,Somerset County,PA,3/16/2026 12:00,0.002180785295021615,0.0019118708961078934,0.0022385619972145406,0.0
42111,Somerset County,PA,3/16/2026 13:00,0.0028527777517912563,0.003179811926724301,0.002165672008644459,0.0
42111,Somerset County,PA,3/16/2026 14:00,0.0019236591163715496,0.002715718953793312,0.0021652157358097507,0.0
42111,Somerset County,PA,3/16/2026 15:00,0.0011929124911568673,0.0021120412452997578,0.0020210890916439743,0.0
42111,Somerset County,PA,3/16/2026 16:00,0.00214915888555359,0.002600427046197172,0.0019924402218108503,0.0
42111,Somerset County,PA,3/16/2026 17:00,0.0014740734531894241,0.0020399692341486688,0.0019293911474088398,0.0
42111,Somerset County,PA,3/16/2026 18:00,0.0020066140961259456,0.002814829284688208,0.001806180060368961,0.0
42111,Somerset County,PA,3/16/2026 19:00,0.0016434696795396826,0.00275382631895602,0.0017088479838697978,0.0
42111,Somerset County,PA,3/16/2026 20:00,0.0032469164998875843,0.0029303508841531235,0.0014173845527256695,0.0
42111,Somerset County,PA,3/16/2026 21:00,0.0021211505720478375,0.0031633752993893206,0.0012602867149040969,0.0
42111,Somerset County,PA,3/16/2026 22:00,0.00310281361568743,0.002269394621602109,0.0015451176383010886,0.0
42111,Somerset County,PA,3/16/2026 23:00,0.0031814192515730567,0.002122353014918091,0.0012753750566937708,0.0
42111,Somerset County,PA,3/17/2026 0:00,0.002517499839522998,0.001396971051825909,0.001185689650211185,0.0
42111,Somerset County,PA,3/17/2026 1:00,0.00298349128811281,0.0015440818464832378,0.0013264652193475408,0.0
42111,Somerset County,PA,3/17/2026 2:00,0.0026349087464679973,0.0010553993651461284,0.00126741062453932,0.0
42111,Somerset County,PA,3/17/2026 3:00,0.0014521089938205746,0.0,0.0014551376190698113,0.0
42111,Somerset County,PA,3/17/2026 4:00,0.0010475141589245955,0.0,0.0014393887344219,0.0
42111,Somerset County,PA,3/17/2026 5:00,0.0015766408000662563,0.0010083461202702758,0.0013418460582120173,0.0
42111,Somerset County,PA,3/17/2026 6:00,0.0014375109717690029,0.0,0.0013202351073597568,0.0
42111,Somerset County,PA,3/17/2026 7:00,0.001233265861529849,0.001067478687018942,0.0013137745700671098,0.0
42111,Somerset County,PA,3/17/2026 8:00,0.001061496161369559,0.0,0.0013430932975033423,0.0
42111,Somerset County,PA,3/17/2026 9:00,0.0,0.0,0.0013187492263491774,0.0
42111,Somerset County,PA,3/17/2026 10:00,0.0,0.0,0.001479449309431803,0.0
42111,Somerset County,PA,3/17/2026 11:00,0.0,0.0,0.0012079333783337639,0.0
42111,Somerset County,PA,3/17/2026 12:00,0.0010616358261106745,0.0,0.0,0.0
42111,Somerset County,PA,3/17/2026 13:00,0.0011231030885680649,0.0,0.0,0.0
42111,Somerset County,PA,3/17/2026 14:00,0.0010653544639330054,0.0,0.0,0.0
42111,Somerset County,PA,3/17/2026 15:00,0.0,0.0,0.0,0.0
42111,Somerset County,PA,3/17/2026 16:00,0.0,0.0,0.0,0.0
42111,Somerset County,PA,3/17/2026 17:00,0.0,0.0,0.0,0.0
42111,Somerset County,PA,3/17/2026 18:00,0.0,0.0,0.0,0.0
42111,Somerset County,PA,3/17/2026 19:00,0.0,0.0,0.0,0.0
42111,Somerset County,PA,3/17/2026 20:00,0.0,0.0,0.0,0.0
42111,Somerset County,PA,3/17/2026 21:00,0.0,0.0,0.0,0.0
42111,Somerset County,PA,3/17/2026 22:00,0.0,0.0,0.0,0.0
42111,Somerset County,PA,3/17/2026 23:00,0.0,0.0,0.0,0.0
42111,Somerset County,PA,3/18/2026 0:00,0.0,0.0,0.0,
42111,Somerset County,PA,3/18/2026 1:00,0.0,0.0,0.0,
42111,Somerset County,PA,3/18/2026 2:00,0.0,0.0,0.0,
42111,Somerset County,PA,3/18/2026 3:00,0.0,0.0,0.0,
42111,Somerset County,PA,3/18/2026 4:00,0.0,0.0,0.0,
42111,Somerset County,PA,3/18/2026 5:00,0.0,0.0,0.0,
42111,Somerset County,PA,3/18/2026 6:00,0.0,0.0,0.0,
42111,Somerset County,PA,3/18/2026 7:00,0.0,0.0,0.0,
42111,Somerset County,PA,3/18/2026 8:00,0.0,0.0010805886905115192,0.0,
42111,Somerset County,PA,3/18/2026 9:00,0.0,0.0,0.0,
42111,Somerset County,PA,3/18/2026 10:00,0.0,0.0,0.0,
42111,Somerset County,PA,3/18/2026 11:00,0.0,0.0,0.0,
42111,Somerset County,PA,3/18/2026 12:00,0.0,0.0,0.0,
42111,Somerset County,PA,3/18/2026 13:00,0.0,0.0,0.0,
42111,Somerset County,PA,3/18/2026 14:00,0.0,0.0,0.0,
42111,Somerset County,PA,3/18/2026 15:00,0.0,0.0,0.0,
42111,Somerset County,PA,3/18/2026 16:00,0.0,0.0,0.0,
42111,Somerset County,PA,3/18/2026 17:00,0.0,0.0,0.0,
42111,Somerset County,PA,3/18/2026 18:00,0.0,0.0,0.0,
42111,Somerset County,PA,3/18/2026 19:00,0.0,0.0,0.0,
42111,Somerset County,PA,3/18/2026 20:00,0.0,0.0,0.0,
42111,Somerset County,PA,3/18/2026 21:00,0.0,0.0,0.0,
42111,Somerset County,PA,3/18/2026 22:00,0.0,0.0,0.0,
42111,Somerset County,PA,3/18/2026 23:00,0.0,0.0,0.0,
42111,Somerset County,PA,3/19/2026 0:00,0.0,0.0,,
42111,Somerset County,PA,3/19/2026 1:00,0.0,0.0,,
42111,Somerset County,PA,3/19/2026 2:00,0.0,0.0,,
42111,Somerset County,PA,3/19/2026 3:00,0.0,0.0,,
42111,Somerset County,PA,3/19/2026 4:00,0.0,0.0,,
42111,Somerset County,PA,3/19/2026 5:00,0.0,0.0,,
42111,Somerset County,PA,3/19/2026 6:00,0.0,0.0,,
42111,Somerset County,PA,3/19/2026 7:00,0.0,0.0,,
42111,Somerset County,PA,3/19/2026 8:00,0.0,0.0,,
42111,Somerset County,PA,3/19/2026 9:00,0.0,0.0,,
42111,Somerset County,PA,3/19/2026 10:00,0.0,0.0,,
42111,Somerset County,PA,3/19/2026 11:00,0.0,0.0,,
42111,Somerset County,PA,3/19/2026 12:00,0.0,0.0,,
42111,Somerset County,PA,3/19/2026 13:00,0.0,0.0,,
42111,Somerset County,PA,3/19/2026 14:00,0.0,0.0,,
42111,Somerset County,PA,3/19/2026 15:00,0.0,0.0,,
42111,Somerset County,PA,3/19/2026 16:00,0.0,0.0,,
42111,Somerset County,PA,3/19/2026 17:00,0.0,0.0,,
42111,Somerset County,PA,3/19/2026 18:00,0.0,,,
42111,Somerset County,PA,3/19/2026 19:00,0.0,,,
42111,Somerset County,PA,3/19/2026 20:00,0.0,,,
42111,Somerset County,PA,3/19/2026 21:00,0.0,,,
42111,Somerset County,PA,3/19/2026 22:00,0.0,,,
42111,Somerset County,PA,3/19/2026 23:00,,,,
42117,Tioga County,PA,3/14/2026 0:00,0.0025577541291790977,0.007930605922459972,0.0,0.005285701904707232
42117,Tioga County,PA,3/14/2026 1:00,0.0017052510477526255,0.009545128253201566,0.0,0.005021790791654379
42117,Tioga County,PA,3/14/2026 2:00,0.0023267778310391237,0.008579313678686288,0.0,0.00404388470282223
42117,Tioga County,PA,3/14/2026 3:00,0.004260063757948501,0.008296837997782507,0.0,0.004343007070602695
42117,Tioga County,PA,3/14/2026 4:00,0.005100447816265397,0.004558057796095944,0.0,0.003497864450291609
42117,Tioga County,PA,3/14/2026 5:00,0.0031349020959186525,0.0027481511377638996,0.0,0.0032500070693966677
42117,Tioga County,PA,3/14/2026 6:00,0.004518250067761768,0.0022957775326447457,0.0,0.0030909782731603276
42117,Tioga County,PA,3/14/2026 7:00,0.00524933233106596,0.001602022575979012,0.0,0.0035981725419253928
42117,Tioga County,PA,3/14/2026 8:00,0.01100217436097593,0.0016215604252490172,0.0,0.003810581901865449
42117,Tioga County,PA,3/14/2026 9:00,0.00791818664358163,0.0016153732458494476,0.0,0.004297730099236934
42117,Tioga County,PA,3/14/2026 10:00,0.008329255011433934,0.002346255194490364,0.0012056477397377563,0.004191595448106277
42117,Tioga County,PA,3/14/2026 11:00,0.005840568337070974,0.0022295475353659566,0.0038621526125117264,0.004210771744750614
42117,Tioga County,PA,3/14/2026 12:00,0.007833346220039682,0.0015301179781215845,0.005327265137708876,0.004096313788794804
42117,Tioga County,PA,3/14/2026 13:00,0.009790630708035998,0.0023087882187435424,0.005949611354199838,0.003598535124412831
42117,Tioga County,PA,3/14/2026 14:00,0.0050447858825675975,0.0012678695339479705,0.007282889540004332,0.003900797011514504
42117,Tioga County,PA,3/14/2026 15:00,0.004863091598991932,0.0014314345539727408,0.008587326088626434,0.0037615155546378014
42117,Tioga County,PA,3/14/2026 16:00,0.004220149493065487,0.001380374694857167,0.009482353934218745,0.0037230815255151982
42117,Tioga County,PA,3/14/2026 17:00,0.004730204373787133,0.0012733298565322463,0.010695311103883623,0.00402701894747985
42117,Tioga County,PA,3/14/2026 18:00,0.003235510791728184,0.001328355991061563,0.013253695393326262,0.004095380746249998
42117,Tioga County,PA,3/14/2026 19:00,0.0017388925885549573,0.0,0.011097026839871382,0.004728207166028185
42117,Tioga County,PA,3/14/2026 20:00,0.002089758011325952,0.0,0.009390946618221607,0.004808675911330301
42117,Tioga County,PA,3/14/2026 21:00,0.0013415696711783123,0.0,0.009652437260810966,0.007879197346574449
42117,Tioga County,PA,3/14/2026 22:00,0.0,0.0,0.010465990738764874,0.008489786857928184
42117,Tioga County,PA,3/14/2026 23:00,0.0,0.0,0.010519994277039401,0.009966720445763222
42117,Tioga County,PA,3/15/2026 0:00,0.0,0.0,0.010044199349911121,0.008709624805330775
42117,Tioga County,PA,3/15/2026 1:00,0.0,0.0,0.006819883143205861,0.008870156393709196
42117,Tioga County,PA,3/15/2026 2:00,0.0,0.0,0.005632176623232823,0.008512057189410229
42117,Tioga County,PA,3/15/2026 3:00,0.0,0.0,0.004297350700389123,0.007875064292456612
42117,Tioga County,PA,3/15/2026 4:00,0.0,0.0015418658507474698,0.003024930188058889,0.006002526288781504
42117,Tioga County,PA,3/15/2026 5:00,0.0,0.002802341742200101,0.0025515183743298284,0.006105696986928814
42117,Tioga County,PA,3/15/2026 6:00,0.0,0.005647058080528554,0.00226397999789132,0.006032654944222209
42117,Tioga County,PA,3/15/2026 7:00,0.0,0.0057089602234012705,0.0025934679027645154,0.003787999324174819
42117,Tioga County,PA,3/15/2026 8:00,0.0,0.00744013881790639,0.001835249068192809,0.0033078938698366785
42117,Tioga County,PA,3/15/2026 9:00,0.0,0.00993475554997896,0.002088621986473749,0.0034503641594909287
42117,Tioga County,PA,3/15/2026 10:00,0.003830759741369822,0.009889103631180642,0.001054378454695882,0.004162695840005435
42117,Tioga County,PA,3/15/2026 11:00,0.007474030268646531,0.010246880610817511,0.0017139409727010692,0.0044483440110355005
42117,Tioga County,PA,3/15/2026 12:00,0.009380101457439467,0.011666133543472672,0.0038056535781333654,0.00447928916798856
42117,Tioga County,PA,3/15/2026 13:00,0.01059775053863954,0.010234875376993205,0.0027318958907296504,0.003964091787797909
42117,Tioga County,PA,3/15/2026 14:00,0.013789917364348503,0.009989241938717214,0.002298176057164512,0.004103883611130297
42117,Tioga County,PA,3/15/2026 15:00,0.011978587891898705,0.008954136214838256,0.002310331459771676,0.0031226337111693336
42117,Tioga County,PA,3/15/2026 16:00,0.012620789273590043,0.008621626981787518,0.003426390856888472,0.002857936032069337
42117,Tioga County,PA,3/15/2026 17:00,0.01364091478631118,0.007834380959618338,0.0035053168698045314,0.0016620270623125652
42117,Tioga County,PA,3/15/2026 18:00,0.010928896340393256,0.005955156965816814,0.00394912761902689,0.0016060816300284301
42117,Tioga County,PA,3/15/2026 19:00,0.009638457587511922,0.004000342348329755,0.005279605536361176,0.0
42117,Tioga County,PA,3/15/2026 20:00,0.007758496760402875,0.004530402348598978,0.005173545828345775,0.0
42117,Tioga County,PA,3/15/2026 21:00,0.011684446778492357,0.004711202755254978,0.005099741487708589,0.0
42117,Tioga County,PA,3/15/2026 22:00,0.012046374405477681,0.005759579750225967,0.006139867550273158,0.0
42117,Tioga County,PA,3/15/2026 23:00,0.006137803674303394,0.004449557128047495,0.008175608088406871,0.0
42117,Tioga County,PA,3/16/2026 0:00,0.0031254866057356164,0.0029001127859867417,0.006888751246439757,0.0
42117,Tioga County,PA,3/16/2026 1:00,0.001420354203763118,0.0027303964084623954,0.008104541197353172,0.0
42117,Tioga County,PA,3/16/2026 2:00,0.001162585267820739,0.0031928909223085432,0.0062960386365859536,0.0
42117,Tioga County,PA,3/16/2026 3:00,0.003105615274604808,0.0033966489380289674,0.006271543903145815,0.0
42117,Tioga County,PA,3/16/2026 4:00,0.0018400977411574403,0.004257115166729864,0.006201958842593752,0.0
42117,Tioga County,PA,3/16/2026 5:00,0.0017961726324408596,0.004230826391476895,0.00612557154081032,0.0
42117,Tioga County,PA,3/16/2026 6:00,0.0022477780324345674,0.004990008616061687,0.005818184663148889,0.0
42117,Tioga County,PA,3/16/2026 7:00,0.0026658918888331257,0.004764170263767726,0.005742086101512259,0.0
42117,Tioga County,PA,3/16/2026 8:00,0.0039884424293447854,0.004796854568052162,0.005627191059172254,0.0
42117,Tioga County,PA,3/16/2026 9:00,0.0071248877975610215,0.0038305169194951133,0.005971596036879849,0.0
42117,Tioga County,PA,3/16/2026 10:00,0.00803035575127222,0.00406232676001742,0.005684750294880248,0.0
42117,Tioga County,PA,3/16/2026 11:00,0.005807578097093973,0.003873998186392584,0.0054495010133718295,0.0
42117,Tioga County,PA,3/16/2026 12:00,0.004826951453102135,0.003871117590571662,0.004951051346893955,0.0
42117,Tioga County,PA,3/16/2026 13:00,0.0037798690305942025,0.003481761417465705,0.004969844241993048,0.0
42117,Tioga County,PA,3/16/2026 14:00,0.003373683227625125,0.003594298999399073,0.004368593930475784,0.0
42117,Tioga County,PA,3/16/2026 15:00,0.0040420628544447085,0.0041611976167099,0.005056483894033679,0.0
42117,Tioga County,PA,3/16/2026 16:00,0.004071835686358937,0.004257574345374318,0.004191912069664008,0.0
42117,Tioga County,PA,3/16/2026 17:00,0.005857200041137111,0.004259267796266686,0.004259354760945947,0.0
42117,Tioga County,PA,3/16/2026 18:00,0.00584809138347352,0.00559759500389284,0.004382325476081722,0.0
42117,Tioga County,PA,3/16/2026 19:00,0.005098760094278027,0.005061316625859511,0.004554470627693195,0.0
42117,Tioga County,PA,3/16/2026 20:00,0.0066227057915991434,0.005704115630431196,0.0038222922186263012,0.0
42117,Tioga County,PA,3/16/2026 21:00,0.005219289050499613,0.005725436809332654,0.0036755144187737717,0.0
42117,Tioga County,PA,3/16/2026 22:00,0.005873520180685199,0.00568457040645309,0.0028783856449982118,0.0
42117,Tioga County,PA,3/16/2026 23:00,0.006424495919976841,0.005421512766034197,0.0014628936517873533,0.0
42117,Tioga County,PA,3/17/2026 0:00,0.006865503055957539,0.0048966880190256185,0.0016916769449468998,0.0
42117,Tioga County,PA,3/17/2026 1:00,0.006629368065561616,0.0044932959792059815,0.0017098975192155644,0.0
42117,Tioga County,PA,3/17/2026 2:00,0.006048454871211782,0.00270719010936198,0.0016475145688265994,0.0
42117,Tioga County,PA,3/17/2026 3:00,0.00654538068390509,0.004108142684888178,0.0017421972575627407,0.0
42117,Tioga County,PA,3/17/2026 4:00,0.005085750463624948,0.0037343526223505403,0.0021898704807122677,0.0
42117,Tioga County,PA,3/17/2026 5:00,0.004855799117305156,0.003866076235216208,0.0021067622683376436,0.0
42117,Tioga County,PA,3/17/2026 6:00,0.005385785752629133,0.003588490245344926,0.0015516116765644683,0.0
42117,Tioga County,PA,3/17/2026 7:00,0.005106386315407195,0.003824863813925111,0.0015369441290094714,0.0
42117,Tioga County,PA,3/17/2026 8:00,0.005109793379574698,0.003050290430265677,0.0017257960443123484,0.0
42117,Tioga County,PA,3/17/2026 9:00,0.00520061878951216,0.0027947559633271905,0.0015803477778639718,0.0
42117,Tioga County,PA,3/17/2026 10:00,0.00543076675664514,0.002675032878252935,0.0016820754387468504,0.0
42117,Tioga County,PA,3/17/2026 11:00,0.005616866820091756,0.005260759208036304,0.0021578603270327405,0.0
42117,Tioga County,PA,3/17/2026 12:00,0.00393426144630917,0.0024845781562221263,0.0026485601651765134,0.0
42117,Tioga County,PA,3/17/2026 13:00,0.0035766475301210908,0.0015662526806960073,0.0013454600073200095,0.0
42117,Tioga County,PA,3/17/2026 14:00,0.0034141917305623285,0.0015026818800458993,0.0,0.0
42117,Tioga County,PA,3/17/2026 15:00,0.0027466060132860714,0.0015020780116202605,0.0,0.0
42117,Tioga County,PA,3/17/2026 16:00,0.002648516072898498,0.0019341045914798576,0.0,0.0
42117,Tioga County,PA,3/17/2026 17:00,0.003411174634948464,0.001968869994448338,0.0,0.0
42117,Tioga County,PA,3/17/2026 18:00,0.0032779084277960928,0.0017839666801024421,0.0,0.0
42117,Tioga County,PA,3/17/2026 19:00,0.003519152161638318,0.0010076053111552935,0.0,0.0
42117,Tioga County,PA,3/17/2026 20:00,0.0034414758242208906,0.001600585312116512,0.0,0.0
42117,Tioga County,PA,3/17/2026 21:00,0.0021455603840097553,0.0016116342116841913,0.0,0.0
42117,Tioga County,PA,3/17/2026 22:00,0.003325483008281939,0.0016045484874298726,0.0,0.0
42117,Tioga County,PA,3/17/2026 23:00,0.003468935913983437,0.0018833288145104986,0.0,0.0
42117,Tioga County,PA,3/18/2026 0:00,0.0018751058997398381,0.0013272819941801295,0.0,
42117,Tioga County,PA,3/18/2026 1:00,0.0019531319500908154,0.0,0.0,
42117,Tioga County,PA,3/18/2026 2:00,0.0015526464686264057,0.0,0.0,
42117,Tioga County,PA,3/18/2026 3:00,0.0015526464686264057,0.0,0.0,
42117,Tioga County,PA,3/18/2026 4:00,0.0016227505870930938,0.0,0.0,
42117,Tioga County,PA,3/18/2026 5:00,0.0015468408569830824,0.0,0.0,
42117,Tioga County,PA,3/18/2026 6:00,0.0021860089428015223,0.0,0.0,
42117,Tioga County,PA,3/18/2026 7:00,0.001284571414090983,0.0,0.0,
42117,Tioga County,PA,3/18/2026 8:00,0.0011940352839658324,0.0,0.0,
42117,Tioga County,PA,3/18/2026 9:00,0.0010401957580395591,0.0,0.0,
42117,Tioga County,PA,3/18/2026 10:00,0.0011379387419687913,0.0,0.0,
42117,Tioga County,PA,3/18/2026 11:00,0.0016066085481829591,0.0,0.0,
42117,Tioga County,PA,3/18/2026 12:00,0.001824476800764864,0.0,0.0011624351483612455,
42117,Tioga County,PA,3/18/2026 13:00,0.0018196087304594131,0.0,0.0,
42117,Tioga County,PA,3/18/2026 14:00,0.0010298628169944177,0.0,0.0,
42117,Tioga County,PA,3/18/2026 15:00,0.002047218620030339,0.0,0.0,
42117,Tioga County,PA,3/18/2026 16:00,0.0023128873018797144,0.0,0.0,
42117,Tioga County,PA,3/18/2026 17:00,0.002065026583215138,0.0,0.0,
42117,Tioga County,PA,3/18/2026 18:00,0.0013430617358244005,0.0,0.0,
42117,Tioga County,PA,3/18/2026 19:00,0.0,0.0,0.0,
42117,Tioga County,PA,3/18/2026 20:00,0.0,0.0,0.0,
42117,Tioga County,PA,3/18/2026 21:00,0.0,0.0,0.0,
42117,Tioga County,PA,3/18/2026 22:00,0.0,0.0,0.0,
42117,Tioga County,PA,3/18/2026 23:00,0.0,0.0,0.0,
42117,Tioga County,PA,3/19/2026 0:00,0.0,0.0,,
42117,Tioga County,PA,3/19/2026 1:00,0.0,0.0,,
42117,Tioga County,PA,3/19/2026 2:00,0.0,0.0,,
42117,Tioga County,PA,3/19/2026 3:00,0.0,0.0,,
42117,Tioga County,PA,3/19/2026 4:00,0.0,0.0,,
42117,Tioga County,PA,3/19/2026 5:00,0.0011262204973506481,0.0,,
42117,Tioga County,PA,3/19/2026 6:00,0.0,0.0,,
42117,Tioga County,PA,3/19/2026 7:00,0.0010116125439887554,0.0,,
42117,Tioga County,PA,3/19/2026 8:00,0.0,0.0,,
42117,Tioga County,PA,3/19/2026 9:00,0.001105130204926257,0.0,,
42117,Tioga County,PA,3/19/2026 10:00,0.0,0.0,,
42117,Tioga County,PA,3/19/2026 11:00,0.0,0.0,,
42117,Tioga County,PA,3/19/2026 12:00,0.0,0.0,,
42117,Tioga County,PA,3/19/2026 13:00,0.0,0.0,,
42117,Tioga County,PA,3/19/2026 14:00,0.0010297785817867649,0.0,,
42117,Tioga County,PA,3/19/2026 15:00,0.0010209254808488952,0.0,,
42117,Tioga County,PA,3/19/2026 16:00,0.0,0.0,,
42117,Tioga County,PA,3/19/2026 17:00,0.0,0.0,,
42117,Tioga County,PA,3/19/2026 18:00,0.0,,,
42117,Tioga County,PA,3/19/2026 19:00,0.0,,,
42117,Tioga County,PA,3/19/2026 20:00,0.0,,,
42117,Tioga County,PA,3/19/2026 21:00,0.0,,,
42117,Tioga County,PA,3/19/2026 22:00,0.0,,,
42117,Tioga County,PA,3/19/2026 23:00,,,,
42123,Warren County,PA,3/14/2026 0:00,0.1730727280353592,0.15361034214964775,0.010124594060242504,0.013353375083504577
42123,Warren County,PA,3/14/2026 1:00,0.18014696665374744,0.15073665472312278,0.009139701120201902,0.011603094348802087
42123,Warren County,PA,3/14/2026 2:00,0.18759928273696036,0.14967202083941963,0.009429364182841226,0.00982033327429992
42123,Warren County,PA,3/14/2026 3:00,0.1796388247410929,0.14678611091533542,0.008762916379743921,0.009234883472691116
42123,Warren County,PA,3/14/2026 4:00,0.19118674729614818,0.14150483770295402,0.007030856043176378,0.011651351395278457
42123,Warren County,PA,3/14/2026 5:00,0.1934468847099136,0.13835344964572086,0.007247455732123956,0.010652727581481348
42123,Warren County,PA,3/14/2026 6:00,0.1827016445612326,0.13448890060327778,0.007843217310903665,0.009881546546549816
42123,Warren County,PA,3/14/2026 7:00,0.1796649131853732,0.13486721556881265,0.007637288551110692,0.009405589251034605
42123,Warren County,PA,3/14/2026 8:00,0.17343944658233146,0.11930416909218122,0.009835704553038291,0.00992986593263378
42123,Warren County,PA,3/14/2026 9:00,0.17142591287634307,0.10302194969258874,0.009815168926630414,0.00971788868933775
42123,Warren County,PA,3/14/2026 10:00,0.16351517688340816,0.07625025376036977,0.010036088216578067,0.011336703716113084
42123,Warren County,PA,3/14/2026 11:00,0.13810183681256552,0.06141805906994283,0.011270968747123222,0.011834236815480764
42123,Warren County,PA,3/14/2026 12:00,0.12581060528476082,0.040638363986249385,0.01271519072436436,0.010398707079811647
42123,Warren County,PA,3/14/2026 13:00,0.10650015331192524,0.03215708469138254,0.01192124182136629,0.010985942905664268
42123,Warren County,PA,3/14/2026 14:00,0.08737862987686901,0.01727106813461347,0.011397599744118516,0.009026426586335928
42123,Warren County,PA,3/14/2026 15:00,0.06711900830127747,0.013353772851035105,0.00993015246829482,0.007624164542360685
42123,Warren County,PA,3/14/2026 16:00,0.04750101578942098,0.010884709998789993,0.013755037348937302,0.007315371127721099
42123,Warren County,PA,3/14/2026 17:00,0.04107748496726782,0.008696553063206021,0.016965486008512307,0.0068110072760334175
42123,Warren County,PA,3/14/2026 18:00,0.03316533254650593,0.010963358837123236,0.01722823093076525,0.008223690475534935
42123,Warren County,PA,3/14/2026 19:00,0.03236026493317743,0.011593625220024962,0.022880024662397244,0.006872501514862393
42123,Warren County,PA,3/14/2026 20:00,0.02818943074473711,0.01229820375656761,0.02027332300079173,0.006424745370054357
42123,Warren County,PA,3/14/2026 21:00,0.027671926185590067,0.013313067609933461,0.016837168506594294,0.006070484374840048
42123,Warren County,PA,3/14/2026 22:00,0.024167647996460224,0.012883607347759554,0.017006264249499924,0.006302150053456364
42123,Warren County,PA,3/14/2026 23:00,0.02519416921283486,0.012639859868380432,0.01725882079034781,0.005299343478018064
42123,Warren County,PA,3/15/2026 0:00,0.024234578170545546,0.013271621875265042,0.017021679169843266,0.005630612503055285
42123,Warren County,PA,3/15/2026 1:00,0.019516782804469873,0.012912470933717545,0.015133981598956547,0.0034447010979321664
42123,Warren County,PA,3/15/2026 2:00,0.009992681124391533,0.010612355908954664,0.01670097213090108,0.0024327769068105127
42123,Warren County,PA,3/15/2026 3:00,0.007931815371261055,0.014757865505496093,0.014855514603207096,0.0034511945294882847
42123,Warren County,PA,3/15/2026 4:00,0.0151828327264075,0.010962732733989804,0.01309062142193065,0.0027899936471221212
42123,Warren County,PA,3/15/2026 5:00,0.015825712786267238,0.013219995969374473,0.01297138415315795,0.002354270531185659
42123,Warren County,PA,3/15/2026 6:00,0.01860924658168165,0.01854216597035622,0.011512550809726083,0.002458551702784933
42123,Warren County,PA,3/15/2026 7:00,0.02621565482099751,0.024630759821544414,0.010351224650435642,0.0021277209117031267
42123,Warren County,PA,3/15/2026 8:00,0.026713516196743906,0.02501734396524861,0.00790165675637661,0.002261159676523552
42123,Warren County,PA,3/15/2026 9:00,0.026310751388928598,0.027334804984571907,0.007460664284624939,0.0024416571311487206
42123,Warren County,PA,3/15/2026 10:00,0.026564632417794144,0.02532830338993267,0.005721022752945305,0.002386065638876895
42123,Warren County,PA,3/15/2026 11:00,0.02810555491192423,0.03278074234268029,0.004400914260732728,0.002675109124178919
42123,Warren County,PA,3/15/2026 12:00,0.03765770538845161,0.032931321886624496,0.005094707120472062,0.0024428969671648265
42123,Warren County,PA,3/15/2026 13:00,0.03890567322525207,0.03917145370928854,0.004763230048256858,0.002149537955209891
42123,Warren County,PA,3/15/2026 14:00,0.032709252380949405,0.03958797514529318,0.003652660499270677,0.0016056238963817733
42123,Warren County,PA,3/15/2026 15:00,0.03293644089606617,0.04119420219265368,0.002904230654080565,0.001009075999454257
42123,Warren County,PA,3/15/2026 16:00,0.037438831374760236,0.039063785445440334,0.0033345667466531713,0.0011981797753354998
42123,Warren County,PA,3/15/2026 17:00,0.03832278872453435,0.03838345666535895,0.003086284870113966,0.0
42123,Warren County,PA,3/15/2026 18:00,0.03889809923985367,0.03507091826522217,0.003329294107625178,0.0
42123,Warren County,PA,3/15/2026 19:00,0.029116472134742773,0.03204219134472263,0.0034007783777593023,0.0010176471550960454
42123,Warren County,PA,3/15/2026 20:00,0.030839396158484335,0.02637654997111156,0.0025739216650688757,0.0
42123,Warren County,PA,3/15/2026 21:00,0.03260316839434629,0.02505320078037181,0.0028867771322974873,0.0
42123,Warren County,PA,3/15/2026 22:00,0.0337697705823036,0.026589400035925036,0.0032129041923846953,0.0
42123,Warren County,PA,3/15/2026 23:00,0.03389731390608742,0.02611054348970774,0.0023551532878617882,0.0
42123,Warren County,PA,3/16/2026 0:00,0.03163152056449139,0.027846969558194212,0.00183470626837956,0.0
42123,Warren County,PA,3/16/2026 1:00,0.02698044353205627,0.02262465309755404,0.0018002913447051072,0.0
42123,Warren County,PA,3/16/2026 2:00,0.015215128089015635,0.019406969926697586,0.001444321755875568,0.0
42123,Warren County,PA,3/16/2026 3:00,0.025627717777365347,0.020685816710997586,0.0023506287180731803,0.0
42123,Warren County,PA,3/16/2026 4:00,0.02593110292655599,0.019193226211303538,0.0025095692686950286,0.0
42123,Warren County,PA,3/16/2026 5:00,0.025485943374550506,0.019215644126315073,0.0020413799238425115,0.0
42123,Warren County,PA,3/16/2026 6:00,0.021525671365561497,0.018912639306175403,0.003025052923946848,0.0
42123,Warren County,PA,3/16/2026 7:00,0.012097007178472478,0.018985857138336393,0.002568590669094798,0.0012540534226840533
42123,Warren County,PA,3/16/2026 8:00,0.01312914762691914,0.01539367863251863,0.002769157671279076,0.0
42123,Warren County,PA,3/16/2026 9:00,0.014624529930059362,0.019526405600399012,0.0037079521242339127,0.001000198267655806
42123,Warren County,PA,3/16/2026 10:00,0.008389732736774168,0.01967512573823876,0.0034669858764524433,0.0012314075573330956
42123,Warren County,PA,3/16/2026 11:00,0.017582342974088925,0.01897102677612889,0.0035306239381455834,0.0015883698622356042
42123,Warren County,PA,3/16/2026 12:00,0.012898275241914272,0.018430507678202084,0.003913959966882096,0.0022833994451626626
42123,Warren County,PA,3/16/2026 13:00,0.012491788130332245,0.012264147318080693,0.004015556800440354,0.0028329913344872846
42123,Warren County,PA,3/16/2026 14:00,0.009035543877235293,0.017071516890266564,0.0027083858402166964,0.003879481261832549
42123,Warren County,PA,3/16/2026 15:00,0.00992743691485242,0.019651434748915828,0.0028254444363436,0.003919355498319872
42123,Warren County,PA,3/16/2026 16:00,0.010938212967408724,0.016315613018316844,0.0027160968153209487,0.0035748297059083095
42123,Warren County,PA,3/16/2026 17:00,0.01787341769037512,0.020247106677961837,0.0021652294656132414,0.0019342865263865371
42123,Warren County,PA,3/16/2026 18:00,0.014035539024391256,0.017294007733192767,0.002122487282738526,0.0018884637103921042
42123,Warren County,PA,3/16/2026 19:00,0.016076307415373543,0.0208997376111417,0.001246053449606448,0.0019266471698797657
42123,Warren County,PA,3/16/2026 20:00,0.022895226594536293,0.024707399851180666,0.0011207405471385806,0.0
42123,Warren County,PA,3/16/2026 21:00,0.019556796091208258,0.02081339057621583,0.0,0.0
42123,Warren County,PA,3/16/2026 22:00,0.01965450795078554,0.02472335523643927,0.0012042669625639843,0.0
42123,Warren County,PA,3/16/2026 23:00,0.02320843108385596,0.02717696807825499,0.0,0.0
42123,Warren County,PA,3/17/2026 0:00,0.037630983656364365,0.030471594319411537,0.0,0.0
42123,Warren County,PA,3/17/2026 1:00,0.041126235085202904,0.02812243517115271,0.0,0.0
42123,Warren County,PA,3/17/2026 2:00,0.02877949736802924,0.02901562122652412,0.0,0.0
42123,Warren County,PA,3/17/2026 3:00,0.0275745015299654,0.029251976100680185,0.0,0.0
42123,Warren County,PA,3/17/2026 4:00,0.025711742751130487,0.02904058018554664,0.0,0.0
42123,Warren County,PA,3/17/2026 5:00,0.03739388312187249,0.0275401480158477,0.0,0.0
42123,Warren County,PA,3/17/2026 6:00,0.022425555582378714,0.024919693790703232,0.0,0.0
42123,Warren County,PA,3/17/2026 7:00,0.021738768825610398,0.02427511034066747,0.0,0.0
42123,Warren County,PA,3/17/2026 8:00,0.03612850877455338,0.02593558806426226,0.0,0.0
42123,Warren County,PA,3/17/2026 9:00,0.03172316605656367,0.0205203841720371,0.0,0.0
42123,Warren County,PA,3/17/2026 10:00,0.03505936230024223,0.015206456067405049,0.0,0.0
42123,Warren County,PA,3/17/2026 11:00,0.033601036583269545,0.018824863248094258,0.0013087702690111683,0.0
42123,Warren County,PA,3/17/2026 12:00,0.022803357152284952,0.01557953409184363,0.0,0.0
42123,Warren County,PA,3/17/2026 13:00,0.022957150485694796,0.014490616767527774,0.003566182852972787,0.0
42123,Warren County,PA,3/17/2026 14:00,0.024401774166138316,0.015418922005391873,0.0033682937669149253,0.0
42123,Warren County,PA,3/17/2026 15:00,0.015884219334401928,0.00657265182809171,0.001331948274029384,0.0
42123,Warren County,PA,3/17/2026 16:00,0.013787381301880772,0.012439986490667774,0.0013424499650264803,0.0
42123,Warren County,PA,3/17/2026 17:00,0.020787186200779045,0.015161209840402631,0.0024009203455199325,0.0
42123,Warren County,PA,3/17/2026 18:00,0.008890872920974244,0.009356748495687454,0.0,0.0
42123,Warren County,PA,3/17/2026 19:00,0.020577582002090845,0.006006342272003109,0.0,0.0
42123,Warren County,PA,3/17/2026 20:00,0.011002149691367903,0.006778062225500082,0.0013851916705081037,0.0
42123,Warren County,PA,3/17/2026 21:00,0.011991723823544975,0.006550570145360941,0.0013821023206985414,0.0
42123,Warren County,PA,3/17/2026 22:00,0.011798142208002566,0.0055602061726247685,0.0,0.0
42123,Warren County,PA,3/17/2026 23:00,0.012762730176303009,0.0040121877278950545,0.0013893739732697384,0.0
42123,Warren County,PA,3/18/2026 0:00,0.022370369069133405,0.011226938209569399,0.0,
42123,Warren County,PA,3/18/2026 1:00,0.021487712460278387,0.01155013763968785,0.0,
42123,Warren County,PA,3/18/2026 2:00,0.021491368228174355,0.008729279949617995,0.0,
42123,Warren County,PA,3/18/2026 3:00,0.017789435900947188,0.010086672988036446,0.0,
42123,Warren County,PA,3/18/2026 4:00,0.01799816837129996,0.008883009690509883,0.0,
42123,Warren County,PA,3/18/2026 5:00,0.01794547475801971,0.010111723663158725,0.0,
42123,Warren County,PA,3/18/2026 6:00,0.019749766041079888,0.013664852787230564,0.0,
42123,Warren County,PA,3/18/2026 7:00,0.01484052300713984,0.012018214600120532,0.0,
42123,Warren County,PA,3/18/2026 8:00,0.00717477825713328,0.012610920539616119,0.0,
42123,Warren County,PA,3/18/2026 9:00,0.01706787856684199,0.012592082609174536,0.0,
42123,Warren County,PA,3/18/2026 10:00,0.020377175812168715,0.009534953853566808,0.0,
42123,Warren County,PA,3/18/2026 11:00,0.03516923402326379,0.014164849031730835,0.0010751116450565333,
42123,Warren County,PA,3/18/2026 12:00,0.03018235316996709,0.011496017741855732,0.0010826782972645187,
42123,Warren County,PA,3/18/2026 13:00,0.019936007981545916,0.007697314841194463,0.001218484108178447,
42123,Warren County,PA,3/18/2026 14:00,0.019936007981545916,0.010135178901266887,0.0,
42123,Warren County,PA,3/18/2026 15:00,0.018036390330555114,0.009744663749509283,0.0,
42123,Warren County,PA,3/18/2026 16:00,0.019909342743382314,0.011495502335641955,0.0,
42123,Warren County,PA,3/18/2026 17:00,0.020247199835161735,0.008242199974367198,0.0,
42123,Warren County,PA,3/18/2026 18:00,0.01655303426461981,0.008242199974367198,0.0,
42123,Warren County,PA,3/18/2026 19:00,0.0143468440238318,0.013720659265503336,0.0,
42123,Warren County,PA,3/18/2026 20:00,0.017226618821282333,0.013032652800711865,0.0,
42123,Warren County,PA,3/18/2026 21:00,0.01994454514067106,0.013030933154373913,0.0,
42123,Warren County,PA,3/18/2026 22:00,0.015457301098855236,0.009985228643777542,0.0,
42123,Warren County,PA,3/18/2026 23:00,0.014015222695782887,0.005757218908365709,0.0,
42123,Warren County,PA,3/19/2026 0:00,0.010855462267952391,0.00902313055608109,,
42123,Warren County,PA,3/19/2026 1:00,0.011803634866791568,0.002806664046096117,,
42123,Warren County,PA,3/19/2026 2:00,0.012572072017954088,0.003809281951439324,,
42123,Warren County,PA,3/19/2026 3:00,0.012146227067950188,0.002806664046096117,,
42123,Warren County,PA,3/19/2026 4:00,0.012069097486833066,0.003809281951439324,,
42123,Warren County,PA,3/19/2026 5:00,0.024419968007230015,0.0054890398678404855,,
42123,Warren County,PA,3/19/2026 6:00,0.02445356034997207,0.005496427830434267,,
42123,Warren County,PA,3/19/2026 7:00,0.024457042454881193,0.008016124322776694,,
42123,Warren County,PA,3/19/2026 8:00,0.012582857208587735,0.004788347961645815,,
42123,Warren County,PA,3/19/2026 9:00,0.025305934522673726,0.005333748501032324,,
42123,Warren County,PA,3/19/2026 10:00,0.01187513919342375,0.0030131147877632053,,
42123,Warren County,PA,3/19/2026 11:00,0.011908618956803499,0.002769734293177387,,
42123,Warren County,PA,3/19/2026 12:00,0.009615038233298382,0.0034591282368423787,,
42123,Warren County,PA,3/19/2026 13:00,0.010466696128258813,0.0034591282368423787,,
42123,Warren County,PA,3/19/2026 14:00,0.015001771695150658,0.004656613902466683,,
42123,Warren County,PA,3/19/2026 15:00,0.015287836162564664,0.008761302115593556,,
42123,Warren County,PA,3/19/2026 16:00,0.0148471739752406,0.006720163685241079,,
42123,Warren County,PA,3/19/2026 17:00,0.01274839027073592,0.003044726733792306,,
42123,Warren County,PA,3/19/2026 18:00,0.013715142089070615,,,
42123,Warren County,PA,3/19/2026 19:00,0.016608899943445925,,,
42123,Warren County,PA,3/19/2026 20:00,0.01630261324336235,,,
42123,Warren County,PA,3/19/2026 21:00,0.029239542365699818,,,
42123,Warren County,PA,3/19/2026 22:00,0.02565942616528128,,,
42123,Warren County,PA,3/19/2026 23:00,,,,
54001,Barbour County,WV,3/14/2026 0:00,0.023684415266550622,0.021379753236074172,0.0022078127118025,0.004840367460139557
54001,Barbour County,WV,3/14/2026 1:00,0.02497413201659285,0.018717662257200084,0.002122502833480475,0.004156599194310226
54001,Barbour County,WV,3/14/2026 2:00,0.022781085990601066,0.019242769305398588,0.0016151153137077114,0.002971169215530089
54001,Barbour County,WV,3/14/2026 3:00,0.018607336418055658,0.01832811606483525,0.0015992983726572875,0.003204979771105098
54001,Barbour County,WV,3/14/2026 4:00,0.01794548962250932,0.018965222644184522,0.0014670722801584562,0.002993230018159847
54001,Barbour County,WV,3/14/2026 5:00,0.01879619243362453,0.015380050297212903,0.0011392514572305529,0.002839351470975468
54001,Barbour County,WV,3/14/2026 6:00,0.01958475609837361,0.011923545666202736,0.0019060682045129724,0.002882428413131051
54001,Barbour County,WV,3/14/2026 7:00,0.01799933327362255,0.009918071808101994,0.0013532901879840047,0.002985194186422392
54001,Barbour County,WV,3/14/2026 8:00,0.016603565491607707,0.009216559913975996,0.0,0.0034494559023039773
54001,Barbour County,WV,3/14/2026 9:00,0.015362508018839609,0.009292604428994147,0.0020511302525275566,0.0031956668768119046
54001,Barbour County,WV,3/14/2026 10:00,0.016091783958295403,0.007896316264347347,0.0014761316759947089,0.002566140751879797
54001,Barbour County,WV,3/14/2026 11:00,0.01484979079924349,0.007045981824362846,0.003675118663308348,0.0020233228071010224
54001,Barbour County,WV,3/14/2026 12:00,0.01314263606961665,0.005389532415746374,0.003395336828074785,0.0031381709198343628
54001,Barbour County,WV,3/14/2026 13:00,0.011617392283172708,0.0042658055482578255,0.0027736816048379524,0.0030354907286840056
54001,Barbour County,WV,3/14/2026 14:00,0.008990498461470285,0.003542141886214557,0.003283756985206205,0.0023855992761248512
54001,Barbour County,WV,3/14/2026 15:00,0.010118154655705622,0.003547063387178785,0.003330270924189451,0.002597707340803012
54001,Barbour County,WV,3/14/2026 16:00,0.008838786546857852,0.0030378297428389077,0.0033036961436286446,0.0024908852684544006
54001,Barbour County,WV,3/14/2026 17:00,0.009562250139846368,0.0025719468024200083,0.0028911491865486285,0.004119234513698757
54001,Barbour County,WV,3/14/2026 18:00,0.006227023857021599,0.002901854016560681,0.004362985382211898,0.004277387961314199
54001,Barbour County,WV,3/14/2026 19:00,0.005470715967612068,0.002879991173547175,0.003239139319180082,0.0032531072578596385
54001,Barbour County,WV,3/14/2026 20:00,0.005118407706454419,0.00228458876516951,0.0,0.002941219070040858
54001,Barbour County,WV,3/14/2026 21:00,0.003373245816761527,0.0019221024471017063,0.002470169402662703,0.002975897426649375
54001,Barbour County,WV,3/14/2026 22:00,0.0038191761103816336,0.0018444412940148876,0.0037916329656434112,0.0035233766178331873
54001,Barbour County,WV,3/14/2026 23:00,0.00378152391639335,0.00261660605701506,0.006800907451878693,0.002977872725995078
54001,Barbour County,WV,3/15/2026 0:00,0.0032330038192534033,0.0025448004856991526,0.007802900108161573,0.0016381781254843353
54001,Barbour County,WV,3/15/2026 1:00,0.003389495802804608,0.0030529528224233216,0.007149787333909809,0.0023921902848635258
54001,Barbour County,WV,3/15/2026 2:00,0.002155392825885647,0.0033064531485378825,0.014500995598243239,0.0023023729539899678
54001,Barbour County,WV,3/15/2026 3:00,0.004051038457998658,0.003063550502117667,0.01305525442760003,0.0020119654791411847
54001,Barbour County,WV,3/15/2026 4:00,0.002450694687283867,0.0038066432924203884,0.010547573280911198,0.0020216969534436577
54001,Barbour County,WV,3/15/2026 5:00,0.00230223075829702,0.004696529814334883,0.01186397927098338,0.002053255112944152
54001,Barbour County,WV,3/15/2026 6:00,0.0023010829463444697,0.004377905902502472,0.012638728016944194,0.002051405701281696
54001,Barbour County,WV,3/15/2026 7:00,0.0033971565778649526,0.005029460110879493,0.011772141259930941,0.00321672651493535
54001,Barbour County,WV,3/15/2026 8:00,0.005336824541569122,0.003598164967199194,0.013225711954997879,0.003402257721537968
54001,Barbour County,WV,3/15/2026 9:00,0.0028261856966713397,0.005254332719010699,0.01401044876223041,0.0033300801665731923
54001,Barbour County,WV,3/15/2026 10:00,0.0026125889552733035,0.003693857406843153,0.011111382394016742,0.0035583417937046593
54001,Barbour County,WV,3/15/2026 11:00,0.00660679448885181,0.003862609884944748,0.011262369361620629,0.003309768303405947
54001,Barbour County,WV,3/15/2026 12:00,0.0037449081171657397,0.004056290097900993,0.012319311782003342,0.003455427964641581
54001,Barbour County,WV,3/15/2026 13:00,0.0066526821898532885,0.0043568173078056514,0.012199673470531287,0.0014017741408062188
54001,Barbour County,WV,3/15/2026 14:00,0.004790008298395079,0.0036053267657197244,0.008019266503260155,0.0
54001,Barbour County,WV,3/15/2026 15:00,0.004485746134976814,0.0059844300219464895,0.0077848350864370116,0.0
54001,Barbour County,WV,3/15/2026 16:00,0.0038463693345896456,0.00645941893398143,0.006025562947092653,0.0
54001,Barbour County,WV,3/15/2026 17:00,0.0033335958656708566,0.004823968317713546,0.005674221027173822,0.0
54001,Barbour County,WV,3/15/2026 18:00,0.006832054601153243,0.005990929486644665,0.006249120388556572,0.0
54001,Barbour County,WV,3/15/2026 19:00,0.00338483264788572,0.0041296582759893395,0.007026563500929787,0.0
54001,Barbour County,WV,3/15/2026 20:00,0.004092914332826342,0.003302065311565057,0.008417354806705607,0.0
54001,Barbour County,WV,3/15/2026 21:00,0.006837413620221264,0.005090328701967827,0.00628576158664499,0.0
54001,Barbour County,WV,3/15/2026 22:00,0.008902123539460852,0.0023593862818754763,0.0036281266770134,0.0
54001,Barbour County,WV,3/15/2026 23:00,0.008723508593270514,0.002944496575675722,0.0031280608557379286,0.0
54001,Barbour County,WV,3/16/2026 0:00,0.0076370493847104995,0.0035164961604818527,0.0032522258148956627,0.0
54001,Barbour County,WV,3/16/2026 1:00,0.006936826079408236,0.003554148150842058,0.0031601502601034848,0.0
54001,Barbour County,WV,3/16/2026 2:00,0.002207866083220657,0.00534451564390417,0.002097315852788105,0.0
54001,Barbour County,WV,3/16/2026 3:00,0.0029564826707386984,0.0035166944365996743,0.0018188845891918151,0.0
54001,Barbour County,WV,3/16/2026 4:00,0.003149859032070148,0.002055661296183167,0.0019650305206432303,0.0
54001,Barbour County,WV,3/16/2026 5:00,0.003458798667879265,0.002696536198513576,0.001948453995154476,0.0
54001,Barbour County,WV,3/16/2026 6:00,0.004095605094873908,0.002876651266648737,0.002419398647525255,0.0
54001,Barbour County,WV,3/16/2026 7:00,0.005230906418561191,0.0012470252338414585,0.0030869693237427394,0.0
54001,Barbour County,WV,3/16/2026 8:00,0.009757033776634314,0.002904155525843101,0.002686294708840299,0.0
54001,Barbour County,WV,3/16/2026 9:00,0.005613269227655615,0.0019679758976467025,0.003754955785619466,0.0
54001,Barbour County,WV,3/16/2026 10:00,0.0037132000873383235,0.0013952929269743376,0.004007022158120789,0.0
54001,Barbour County,WV,3/16/2026 11:00,0.0033627957042616143,0.0018989160723555751,0.00606624105792898,0.0
54001,Barbour County,WV,3/16/2026 12:00,0.0024619725759257183,0.0032449474142933043,0.004430570613998709,0.0
54001,Barbour County,WV,3/16/2026 13:00,0.001929708954089348,0.0021066441175098807,0.004226063787607196,0.0
54001,Barbour County,WV,3/16/2026 14:00,0.00505121350498656,0.003960889959595863,0.003989185319978776,0.0
54001,Barbour County,WV,3/16/2026 15:00,0.0033182166625831382,0.004067477420231628,0.0025148732811815177,0.0
54001,Barbour County,WV,3/16/2026 16:00,0.0024744019414753697,0.004167968222412948,0.002639394270617795,0.0
54001,Barbour County,WV,3/16/2026 17:00,0.003089469837978639,0.007288814319699351,0.0,0.0
54001,Barbour County,WV,3/16/2026 18:00,0.004383866229291929,0.009115813508020824,0.0011733975657986354,0.0
54001,Barbour County,WV,3/16/2026 19:00,0.005405936978850191,0.004455416626643766,0.001174752206722358,0.0
54001,Barbour County,WV,3/16/2026 20:00,0.006833376437950429,0.0030114150867952064,0.0,0.0
54001,Barbour County,WV,3/16/2026 21:00,0.006264599331089794,0.0018446764894937736,0.0,0.0
54001,Barbour County,WV,3/16/2026 22:00,0.008134176230869134,0.001793778842268146,0.0,0.0
54001,Barbour County,WV,3/16/2026 23:00,0.006556909160814087,0.0027131028917247732,0.0,0.0
54001,Barbour County,WV,3/17/2026 0:00,0.0047332602224933904,0.0015634475775579114,0.0,0.0
54001,Barbour County,WV,3/17/2026 1:00,0.0041617864068452665,0.004123470856986288,0.0,0.0
54001,Barbour County,WV,3/17/2026 2:00,0.00478690368505632,0.003748403452423375,0.0,0.0
54001,Barbour County,WV,3/17/2026 3:00,0.004375525547439831,0.0050652545156280255,0.0,0.0
54001,Barbour County,WV,3/17/2026 4:00,0.004679533492610371,0.0035512931736691746,0.0,0.0
54001,Barbour County,WV,3/17/2026 5:00,0.004839509618699743,0.003540234280994793,0.0,0.0
54001,Barbour County,WV,3/17/2026 6:00,0.0046935391722234855,0.003487559935012266,0.0,0.0
54001,Barbour County,WV,3/17/2026 7:00,0.005042361674431008,0.003858801545425442,0.0,0.0
54001,Barbour County,WV,3/17/2026 8:00,0.004749014326152892,0.002881855629968992,0.0,0.0
54001,Barbour County,WV,3/17/2026 9:00,0.0051566623753841944,0.002536579637046902,0.0,0.0
54001,Barbour County,WV,3/17/2026 10:00,0.003060962183995596,0.002327723535664067,0.0,0.0
54001,Barbour County,WV,3/17/2026 11:00,0.0036921314975171212,0.0021786209031745677,0.0017290452143898236,0.0
54001,Barbour County,WV,3/17/2026 12:00,0.00265308454080826,0.0,0.0012839295898333053,0.0
54001,Barbour County,WV,3/17/2026 13:00,0.0028047609189525776,0.0,0.002058350446554151,0.0
54001,Barbour County,WV,3/17/2026 14:00,0.002655868722597508,0.0,0.0,0.0
54001,Barbour County,WV,3/17/2026 15:00,0.003967641701249851,0.0,0.0,0.0
54001,Barbour County,WV,3/17/2026 16:00,0.0028749283691300513,0.0,0.0,0.0
54001,Barbour County,WV,3/17/2026 17:00,0.0019457085911026837,0.0,0.0,0.0
54001,Barbour County,WV,3/17/2026 18:00,0.0018693103000473718,0.0,0.0,0.0
54001,Barbour County,WV,3/17/2026 19:00,0.0018459545803391844,0.0,0.0,0.0
54001,Barbour County,WV,3/17/2026 20:00,0.0013468407159809518,0.0,0.0,0.0
54001,Barbour County,WV,3/17/2026 21:00,0.0,0.0,0.0,0.0
54001,Barbour County,WV,3/17/2026 22:00,0.0,0.0,0.0,0.0
54001,Barbour County,WV,3/17/2026 23:00,0.0,0.0,0.0,0.0
54001,Barbour County,WV,3/18/2026 0:00,0.0,0.0,0.0,
54001,Barbour County,WV,3/18/2026 1:00,0.0,0.0,0.0,
54001,Barbour County,WV,3/18/2026 2:00,0.0,0.0,0.0,
54001,Barbour County,WV,3/18/2026 3:00,0.0,0.0,0.0,
54001,Barbour County,WV,3/18/2026 4:00,0.0,0.0,0.0,
54001,Barbour County,WV,3/18/2026 5:00,0.0,0.0,0.0,
54001,Barbour County,WV,3/18/2026 6:00,0.0,0.0,0.0,
54001,Barbour County,WV,3/18/2026 7:00,0.0,0.0,0.0,
54001,Barbour County,WV,3/18/2026 8:00,0.0,0.0,0.0,
54001,Barbour County,WV,3/18/2026 9:00,0.0,0.0,0.0,
54001,Barbour County,WV,3/18/2026 10:00,0.0,0.0,0.0,
54001,Barbour County,WV,3/18/2026 11:00,0.0,0.0,0.0,
54001,Barbour County,WV,3/18/2026 12:00,0.0,0.0,0.0,
54001,Barbour County,WV,3/18/2026 13:00,0.0,0.0,0.0,
54001,Barbour County,WV,3/18/2026 14:00,0.0,0.0,0.0,
54001,Barbour County,WV,3/18/2026 15:00,0.0,0.0,0.0,
54001,Barbour County,WV,3/18/2026 16:00,0.0,0.0,0.0,
54001,Barbour County,WV,3/18/2026 17:00,0.0,0.0,0.0,
54001,Barbour County,WV,3/18/2026 18:00,0.0,0.0,0.0,
54001,Barbour County,WV,3/18/2026 19:00,0.0,0.0,0.0,
54001,Barbour County,WV,3/18/2026 20:00,0.0,0.0,0.0,
54001,Barbour County,WV,3/18/2026 21:00,0.0,0.0010543305082750256,0.0,
54001,Barbour County,WV,3/18/2026 22:00,0.0,0.0,0.0,
54001,Barbour County,WV,3/18/2026 23:00,0.0,0.0,0.0,
54001,Barbour County,WV,3/19/2026 0:00,0.0,0.0,,
54001,Barbour County,WV,3/19/2026 1:00,0.0,0.0,,
54001,Barbour County,WV,3/19/2026 2:00,0.0,0.0,,
54001,Barbour County,WV,3/19/2026 3:00,0.0,0.0,,
54001,Barbour County,WV,3/19/2026 4:00,0.0,0.0,,
54001,Barbour County,WV,3/19/2026 5:00,0.0,0.0,,
54001,Barbour County,WV,3/19/2026 6:00,0.0015176570090534734,0.0,,
54001,Barbour County,WV,3/19/2026 7:00,0.0018971610484382103,0.0,,
54001,Barbour County,WV,3/19/2026 8:00,0.0017597163163968598,0.0017456696299902525,,
54001,Barbour County,WV,3/19/2026 9:00,0.0016991337312733865,0.0,,
54001,Barbour County,WV,3/19/2026 10:00,0.001651170319620871,0.0,,
54001,Barbour County,WV,3/19/2026 11:00,0.0021267910023671397,0.0,,
54001,Barbour County,WV,3/19/2026 12:00,0.0017474001758768633,0.0,,
54001,Barbour County,WV,3/19/2026 13:00,0.0,0.0,,
54001,Barbour County,WV,3/19/2026 14:00,0.0,0.0,,
54001,Barbour County,WV,3/19/2026 15:00,0.0,0.0,,
54001,Barbour County,WV,3/19/2026 16:00,0.0,0.0,,
54001,Barbour County,WV,3/19/2026 17:00,0.0,0.0,,
54001,Barbour County,WV,3/19/2026 18:00,0.0,,,
54001,Barbour County,WV,3/19/2026 19:00,0.0,,,
54001,Barbour County,WV,3/19/2026 20:00,0.0,,,
54001,Barbour County,WV,3/19/2026 21:00,0.0,,,
54001,Barbour County,WV,3/19/2026 22:00,0.0,,,
54001,Barbour County,WV,3/19/2026 23:00,,,,
54003,Berkeley County,WV,3/14/2026 0:00,0.003979819255040969,0.0062317082129082135,0.0,0.0
54003,Berkeley County,WV,3/14/2026 1:00,0.004497429557074552,0.0045499061380015705,0.0,0.0
54003,Berkeley County,WV,3/14/2026 2:00,0.0038056977147603605,0.0042520378868612365,0.0,0.0
54003,Berkeley County,WV,3/14/2026 3:00,0.004797645507050115,0.0032313046692882662,0.0,0.0
54003,Berkeley County,WV,3/14/2026 4:00,0.00507115084989587,0.0027665294263318355,0.0,0.0
54003,Berkeley County,WV,3/14/2026 5:00,0.005301524577652224,0.0037192136985717333,0.0,0.0
54003,Berkeley County,WV,3/14/2026 6:00,0.006004535174398018,0.0037229367052883434,0.0,0.0
54003,Berkeley County,WV,3/14/2026 7:00,0.005401063922510718,0.0037311771320178125,0.0,0.0
54003,Berkeley County,WV,3/14/2026 8:00,0.004453912158127619,0.003318312317341855,0.0,0.0
54003,Berkeley County,WV,3/14/2026 9:00,0.004066370091097758,0.003244245860449826,0.0,0.0
54003,Berkeley County,WV,3/14/2026 10:00,0.0035779194947386872,0.0032697766018329457,0.0,0.0
54003,Berkeley County,WV,3/14/2026 11:00,0.002338410426162333,0.003179957970817377,0.0,0.0
54003,Berkeley County,WV,3/14/2026 12:00,0.0022021585677243095,0.0028713546070128085,0.0,0.0
54003,Berkeley County,WV,3/14/2026 13:00,0.001816397289593237,0.002277448160830027,0.0,0.0
54003,Berkeley County,WV,3/14/2026 14:00,0.0018728208271841696,0.0019899880321282886,0.0,0.0
54003,Berkeley County,WV,3/14/2026 15:00,0.001600035376947589,0.002377876714493207,0.0,0.0
54003,Berkeley County,WV,3/14/2026 16:00,0.0,0.0019265758939943538,0.0,0.0
54003,Berkeley County,WV,3/14/2026 17:00,0.0,0.002051358702880601,0.0,0.0
54003,Berkeley County,WV,3/14/2026 18:00,0.0,0.0020323319156146757,0.0,0.0
54003,Berkeley County,WV,3/14/2026 19:00,0.0010127667185379982,0.0023597493000879427,0.0,0.0020096198289971273
54003,Berkeley County,WV,3/14/2026 20:00,0.0011318059840316845,0.0019162250889593958,0.0,0.003232661646748933
54003,Berkeley County,WV,3/14/2026 21:00,0.0,0.0019712032217813194,0.0,0.0036635760301529244
54003,Berkeley County,WV,3/14/2026 22:00,0.0,0.003179647618983451,0.0,0.0034718665212146206
54003,Berkeley County,WV,3/14/2026 23:00,0.0016121061544109004,0.0024202872031991837,0.0,0.005397838765086011
54003,Berkeley County,WV,3/15/2026 0:00,0.0014857815951953347,0.003576978550478845,0.0,0.0045163127007429365
54003,Berkeley County,WV,3/15/2026 1:00,0.0019489942760613156,0.0028990441130921996,0.0,0.004466139426531255
54003,Berkeley County,WV,3/15/2026 2:00,0.0020562526362949206,0.0023122621057357602,0.0,0.0038885603942684444
54003,Berkeley County,WV,3/15/2026 3:00,0.0014789623730492758,0.003025025534175317,0.0,0.0020877832421204528
54003,Berkeley County,WV,3/15/2026 4:00,0.0015572116513476557,0.0025436950127402528,0.0,0.0020019266334232984
54003,Berkeley County,WV,3/15/2026 5:00,0.001562018590948356,0.0018983064433618308,0.0,0.0025592288450126213
54003,Berkeley County,WV,3/15/2026 6:00,0.0016147714454788225,0.0024816554279815306,0.0,0.0022896208601459926
54003,Berkeley County,WV,3/15/2026 7:00,0.002191769053561092,0.0025616149312237047,0.0,0.0021056674318829945
54003,Berkeley County,WV,3/15/2026 8:00,0.001915661858550194,0.002241818419113455,0.0,0.0019173953743858675
54003,Berkeley County,WV,3/15/2026 9:00,0.0016935625872549276,0.0024099840659324153,0.0,0.0017913934012077266
54003,Berkeley County,WV,3/15/2026 10:00,0.0017461807879722527,0.00207266431795476,0.0,0.0016473567199839863
54003,Berkeley County,WV,3/15/2026 11:00,0.001412345425642829,0.0011108789935589957,0.0,0.0018538345762972848
54003,Berkeley County,WV,3/15/2026 12:00,0.0,0.0019234784983983985,0.0,0.0023694899658783667
54003,Berkeley County,WV,3/15/2026 13:00,0.0,0.0019234784983983985,0.0,0.0021521517969173066
54003,Berkeley County,WV,3/15/2026 14:00,0.0,0.0,0.0,0.0020800690841740574
54003,Berkeley County,WV,3/15/2026 15:00,0.0,0.001960004290653579,0.0,0.0018127067799150584
54003,Berkeley County,WV,3/15/2026 16:00,0.0,0.0,0.0,0.0016933325069058986
54003,Berkeley County,WV,3/15/2026 17:00,0.0,0.0,0.0,0.0013559659792418196
54003,Berkeley County,WV,3/15/2026 18:00,0.0,0.0018659139317634618,0.0,0.0
54003,Berkeley County,WV,3/15/2026 19:00,0.0010327747023156936,0.0,0.0023581203160907118,0.0
54003,Berkeley County,WV,3/15/2026 20:00,0.0,0.0,0.0026780521588750878,0.0
54003,Berkeley County,WV,3/15/2026 21:00,0.0013461590893752262,0.0,0.0035299827047401257,0.0
54003,Berkeley County,WV,3/15/2026 22:00,0.001046565621892444,0.0,0.005972353511035048,0.0
54003,Berkeley County,WV,3/15/2026 23:00,0.0015344537236333799,0.0,0.006262084503722177,0.0
54003,Berkeley County,WV,3/16/2026 0:00,0.001424402276801114,0.0,0.005845227783446985,0.0
54003,Berkeley County,WV,3/16/2026 1:00,0.0017280204386314955,0.0016793618180228152,0.004190684987491343,0.0
54003,Berkeley County,WV,3/16/2026 2:00,0.001213811173167394,0.0024206707737661646,0.003652117542297649,0.0
54003,Berkeley County,WV,3/16/2026 3:00,0.0015146604288561374,0.002580318775092047,0.0025840169735305545,0.0
54003,Berkeley County,WV,3/16/2026 4:00,0.0014589689138420794,0.001472687759613857,0.0026496526554436917,0.0
54003,Berkeley County,WV,3/16/2026 5:00,0.0012604536770401454,0.0,0.0024305275469265427,0.0
54003,Berkeley County,WV,3/16/2026 6:00,0.0016515077792092034,0.0011576800422377041,0.0023299746947806265,0.0
54003,Berkeley County,WV,3/16/2026 7:00,0.0013123190598866125,0.001077318338215411,0.0019129293974831831,0.0
54003,Berkeley County,WV,3/16/2026 8:00,0.0014944959154664934,0.0,0.0021353587067622875,0.0
54003,Berkeley County,WV,3/16/2026 9:00,0.001268031249980908,0.0,0.002208300749008875,0.0
54003,Berkeley County,WV,3/16/2026 10:00,0.001296758216889977,0.0,0.002548259830100057,0.0
54003,Berkeley County,WV,3/16/2026 11:00,0.0016183309428627727,0.0,0.0023129200956211876,0.0
54003,Berkeley County,WV,3/16/2026 12:00,0.0,0.0027981184419134343,0.002257344468312091,0.0
54003,Berkeley County,WV,3/16/2026 13:00,0.0,0.004580223610061362,0.0028550656021959827,0.0
54003,Berkeley County,WV,3/16/2026 14:00,0.0,0.005562867914956251,0.002135647288571228,0.0
54003,Berkeley County,WV,3/16/2026 15:00,0.0,0.005575076017818682,0.0012762070784826274,0.0
54003,Berkeley County,WV,3/16/2026 16:00,0.0020095641575249793,0.005817622067227984,0.0,0.0
54003,Berkeley County,WV,3/16/2026 17:00,0.0017456478795510534,0.005594969472239199,0.0011575399686738488,0.0
54003,Berkeley County,WV,3/16/2026 18:00,0.002588577385417535,0.004682985038059826,0.00209974164159788,0.0
54003,Berkeley County,WV,3/16/2026 19:00,0.003944466285537303,0.005623016429440767,0.0,0.0
54003,Berkeley County,WV,3/16/2026 20:00,0.002750890710963577,0.0032844267984575765,0.0,0.0
54003,Berkeley County,WV,3/16/2026 21:00,0.0027589817030230384,0.0025889823841162957,0.0,0.0
54003,Berkeley County,WV,3/16/2026 22:00,0.002904805152240796,0.0021423448716426075,0.0,0.0
54003,Berkeley County,WV,3/16/2026 23:00,0.003262732772651624,0.0019359081619810096,0.0,0.0
54003,Berkeley County,WV,3/17/2026 0:00,0.0027361996925479286,0.002530856260952478,0.0,0.0
54003,Berkeley County,WV,3/17/2026 1:00,0.0024094347809245696,0.002424926897380333,0.0,0.0
54003,Berkeley County,WV,3/17/2026 2:00,0.0020112624803907647,0.0019380065810648904,0.0,0.0
54003,Berkeley County,WV,3/17/2026 3:00,0.0018651695473267677,0.001676144705120962,0.0,0.0
54003,Berkeley County,WV,3/17/2026 4:00,0.0024636911116812077,0.0019771311046744657,0.0,0.0
54003,Berkeley County,WV,3/17/2026 5:00,0.0014035710525114335,0.0,0.0,0.0
54003,Berkeley County,WV,3/17/2026 6:00,0.001465270016521395,0.0,0.0,0.0
54003,Berkeley County,WV,3/17/2026 7:00,0.0013853401022268599,0.0,0.0,0.0
54003,Berkeley County,WV,3/17/2026 8:00,0.001595267444175395,0.0,0.0,0.0
54003,Berkeley County,WV,3/17/2026 9:00,0.0013667436436875955,0.0,0.0,0.0
54003,Berkeley County,WV,3/17/2026 10:00,0.0014588576459587039,0.0,0.0,0.0
54003,Berkeley County,WV,3/17/2026 11:00,0.0011267080537813035,0.0,0.0,0.0
54003,Berkeley County,WV,3/17/2026 12:00,0.0,0.0,0.0,0.0
54003,Berkeley County,WV,3/17/2026 13:00,0.0010090577905434138,0.0,0.0,0.0
54003,Berkeley County,WV,3/17/2026 14:00,0.0,0.0,0.0,0.0
54003,Berkeley County,WV,3/17/2026 15:00,0.0,0.0,0.0,0.0
54003,Berkeley County,WV,3/17/2026 16:00,0.0,0.0,0.0,0.0
54003,Berkeley County,WV,3/17/2026 17:00,0.0,0.0,0.0,0.0
54003,Berkeley County,WV,3/17/2026 18:00,0.0,0.0,0.0,0.0
54003,Berkeley County,WV,3/17/2026 19:00,0.0,0.0,0.0,0.0
54003,Berkeley County,WV,3/17/2026 20:00,0.0,0.0,0.0,0.0
54003,Berkeley County,WV,3/17/2026 21:00,0.0,0.0,0.0,0.0
54003,Berkeley County,WV,3/17/2026 22:00,0.0,0.0,0.0,0.0
54003,Berkeley County,WV,3/17/2026 23:00,0.0,0.0,0.0,0.0
54003,Berkeley County,WV,3/18/2026 0:00,0.0,0.0,0.0,
54003,Berkeley County,WV,3/18/2026 1:00,0.0,0.0,0.0,
54003,Berkeley County,WV,3/18/2026 2:00,0.0,0.0,0.0,
54003,Berkeley County,WV,3/18/2026 3:00,0.0,0.0,0.0,
54003,Berkeley County,WV,3/18/2026 4:00,0.0,0.0,0.0,
54003,Berkeley County,WV,3/18/2026 5:00,0.0,0.002187248846775489,0.0,
54003,Berkeley County,WV,3/18/2026 6:00,0.0,0.0025526985135339983,0.0,
54003,Berkeley County,WV,3/18/2026 7:00,0.0,0.0023637992512675248,0.0,
54003,Berkeley County,WV,3/18/2026 8:00,0.0,0.0015684732743003733,0.0,
54003,Berkeley County,WV,3/18/2026 9:00,0.0,0.0017053058654005057,0.0,
54003,Berkeley County,WV,3/18/2026 10:00,0.0,0.002333409108515565,0.0,
54003,Berkeley County,WV,3/18/2026 11:00,0.0,0.0020011433824130486,0.0,
54003,Berkeley County,WV,3/18/2026 12:00,0.0013910403757595104,0.0,0.0,
54003,Berkeley County,WV,3/18/2026 13:00,0.0011214385439097835,0.0,0.0,
54003,Berkeley County,WV,3/18/2026 14:00,0.0016255604947595964,0.0,0.0,
54003,Berkeley County,WV,3/18/2026 15:00,0.0013890734471563456,0.0,0.0,
54003,Berkeley County,WV,3/18/2026 16:00,0.0,0.0,0.0,
54003,Berkeley County,WV,3/18/2026 17:00,0.0,0.0,0.0,
54003,Berkeley County,WV,3/18/2026 18:00,0.0,0.0,0.0,
54003,Berkeley County,WV,3/18/2026 19:00,0.0,0.0,0.0,
54003,Berkeley County,WV,3/18/2026 20:00,0.0,0.0,0.0,
54003,Berkeley County,WV,3/18/2026 21:00,0.0,0.0,0.0,
54003,Berkeley County,WV,3/18/2026 22:00,0.0,0.0,0.0,
54003,Berkeley County,WV,3/18/2026 23:00,0.0,0.0,0.0,
54003,Berkeley County,WV,3/19/2026 0:00,0.0,0.0012102043370385521,,
54003,Berkeley County,WV,3/19/2026 1:00,0.0,0.0012331707649261509,,
54003,Berkeley County,WV,3/19/2026 2:00,0.0,0.0024374074067125464,,
54003,Berkeley County,WV,3/19/2026 3:00,0.0,0.002447244099134201,,
54003,Berkeley County,WV,3/19/2026 4:00,0.0,0.001820549888939284,,
54003,Berkeley County,WV,3/19/2026 5:00,0.0,0.0028687501964883865,,
54003,Berkeley County,WV,3/19/2026 6:00,0.0,0.0028687501964883865,,
54003,Berkeley County,WV,3/19/2026 7:00,0.0,0.0024445764177349846,,
54003,Berkeley County,WV,3/19/2026 8:00,0.0,0.0,,
54003,Berkeley County,WV,3/19/2026 9:00,0.0,0.0,,
54003,Berkeley County,WV,3/19/2026 10:00,0.0,0.0,,
54003,Berkeley County,WV,3/19/2026 11:00,0.0,0.0,,
54003,Berkeley County,WV,3/19/2026 12:00,0.0,0.0,,
54003,Berkeley County,WV,3/19/2026 13:00,0.0,0.0,,
54003,Berkeley County,WV,3/19/2026 14:00,0.0,0.0,,
54003,Berkeley County,WV,3/19/2026 15:00,0.0,0.0,,
54003,Berkeley County,WV,3/19/2026 16:00,0.0,0.0,,
54003,Berkeley County,WV,3/19/2026 17:00,0.0,0.0,,
54003,Berkeley County,WV,3/19/2026 18:00,0.0,,,
54003,Berkeley County,WV,3/19/2026 19:00,0.0,,,
54003,Berkeley County,WV,3/19/2026 20:00,0.0,,,
54003,Berkeley County,WV,3/19/2026 21:00,0.0,,,
54003,Berkeley County,WV,3/19/2026 22:00,0.0,,,
54003,Berkeley County,WV,3/19/2026 23:00,,,,
54005,Boone County,WV,3/14/2026 0:00,0.0,0.0,0.0,0.0
54005,Boone County,WV,3/14/2026 1:00,0.0,0.0,0.0,0.0
54005,Boone County,WV,3/14/2026 2:00,0.0,0.0,0.0,0.0
54005,Boone County,WV,3/14/2026 3:00,0.0,0.0,0.0,0.0
54005,Boone County,WV,3/14/2026 4:00,0.0,0.0,0.0,0.0
54005,Boone County,WV,3/14/2026 5:00,0.0,0.0,0.0,0.0
54005,Boone County,WV,3/14/2026 6:00,0.0,0.0,0.0,0.002196772680081427
54005,Boone County,WV,3/14/2026 7:00,0.0,0.0,0.0,0.0019977582492124364
54005,Boone County,WV,3/14/2026 8:00,0.0,0.0,0.0,0.002243292305318709
54005,Boone County,WV,3/14/2026 9:00,0.0,0.0,0.0019351993021990113,0.003050019383851093
54005,Boone County,WV,3/14/2026 10:00,0.0,0.0,0.003691174397045802,0.0023831328709870013
54005,Boone County,WV,3/14/2026 11:00,0.0,0.0,0.004508205836112358,0.003184998774908211
54005,Boone County,WV,3/14/2026 12:00,0.0,0.0,0.004119290629560657,0.0029109466187677248
54005,Boone County,WV,3/14/2026 13:00,0.0,0.0,0.004202912797380879,0.0024210592518159398
54005,Boone County,WV,3/14/2026 14:00,0.0,0.0,0.00461636120940223,0.0021461036869135576
54005,Boone County,WV,3/14/2026 15:00,0.0,0.0,0.005833278801475795,0.001655413379848276
54005,Boone County,WV,3/14/2026 16:00,0.0,0.0,0.0063626139964633125,0.0035710237758389348
54005,Boone County,WV,3/14/2026 17:00,0.0,0.0,0.006088792349908697,0.00501485918915759
54005,Boone County,WV,3/14/2026 18:00,0.0,0.0,0.007124391046735702,0.007447080507179617
54005,Boone County,WV,3/14/2026 19:00,0.0,0.0,0.003574016341709139,0.009249020092574644
54005,Boone County,WV,3/14/2026 20:00,0.0,0.0,0.0014551011064258704,0.010176921313089074
54005,Boone County,WV,3/14/2026 21:00,0.0,0.0,0.0013071254408822963,0.0123552325997111
54005,Boone County,WV,3/14/2026 22:00,0.0,0.0,0.001174312863314775,0.012423559435245172
54005,Boone County,WV,3/14/2026 23:00,0.0,0.0,0.0,0.01197116378924934
54005,Boone County,WV,3/15/2026 0:00,0.0,0.0,0.0,0.01092562617299297
54005,Boone County,WV,3/15/2026 1:00,0.0,0.0,0.0,0.009871341948986367
54005,Boone County,WV,3/15/2026 2:00,0.0,0.0,0.0,0.009066314141358216
54005,Boone County,WV,3/15/2026 3:00,0.0,0.0,0.0,0.008605085927372826
54005,Boone County,WV,3/15/2026 4:00,0.0,0.0,0.0011694681240776703,0.00855568747096708
54005,Boone County,WV,3/15/2026 5:00,0.0,0.0,0.003182365657625423,0.007703884952750007
54005,Boone County,WV,3/15/2026 6:00,0.0,0.0,0.0038260825900291824,0.007666975613370523
54005,Boone County,WV,3/15/2026 7:00,0.0,0.0012511190840928798,0.005262456194546841,0.008099044757870457
54005,Boone County,WV,3/15/2026 8:00,0.0,0.0018196833744863984,0.00734689513404625,0.009765978911946792
54005,Boone County,WV,3/15/2026 9:00,0.0,0.003723675462905243,0.007648843561101776,0.010140336705455371
54005,Boone County,WV,3/15/2026 10:00,0.0,0.004337772206751275,0.006111741796567761,0.00829891374646254
54005,Boone County,WV,3/15/2026 11:00,0.0014476969613867326,0.0018730353051496665,0.004651358393700476,0.007208975986303425
54005,Boone County,WV,3/15/2026 12:00,0.0030950617573947013,0.0014935926106981682,0.003447716060240903,0.0072360642180882406
54005,Boone County,WV,3/15/2026 13:00,0.0,0.0,0.002379520923619143,0.0058147601437226375
54005,Boone County,WV,3/15/2026 14:00,0.0,0.0,0.002378443541522215,0.005397694357591132
54005,Boone County,WV,3/15/2026 15:00,0.0,0.0,0.001899128760537526,0.002403688957310576
54005,Boone County,WV,3/15/2026 16:00,0.0,0.0,0.003365269262100921,0.002292609942725791
54005,Boone County,WV,3/15/2026 17:00,0.0,0.0,0.002912133307771811,0.0017304554916877182
54005,Boone County,WV,3/15/2026 18:00,0.0,0.0,0.005807240668795891,0.0011165480357943252
54005,Boone County,WV,3/15/2026 19:00,0.0,0.0,0.004757678717026105,0.0
54005,Boone County,WV,3/15/2026 20:00,0.0,0.0,0.005418109358408483,0.0
54005,Boone County,WV,3/15/2026 21:00,0.0,0.0,0.007829466364748518,0.0
54005,Boone County,WV,3/15/2026 22:00,0.0014748464226784408,0.0019976861959128235,0.009241511590781735,0.0
54005,Boone County,WV,3/15/2026 23:00,0.0,0.0,0.007347811760527451,0.0
54005,Boone County,WV,3/16/2026 0:00,0.001669292101810515,0.004310278050558262,0.005309636763353115,0.0
54005,Boone County,WV,3/16/2026 1:00,0.0020425672097882995,0.005544116100363398,0.006257120903234126,0.0
54005,Boone County,WV,3/16/2026 2:00,0.0,0.009939287004549916,0.003616707057215855,0.0
54005,Boone County,WV,3/16/2026 3:00,0.001375680834871733,0.01050107899991525,0.0035259259775174915,0.0
54005,Boone County,WV,3/16/2026 4:00,0.0,0.008114315855947888,0.002463957674849837,0.0
54005,Boone County,WV,3/16/2026 5:00,0.005339765501739278,0.008968295210184352,0.0038713676977117,0.0
54005,Boone County,WV,3/16/2026 6:00,0.005958647427658861,0.009130110375242516,0.0029923448157341557,0.0
54005,Boone County,WV,3/16/2026 7:00,0.0030541463740708943,0.009919221180670066,0.005231991286051755,0.0
54005,Boone County,WV,3/16/2026 8:00,0.005239919342892685,0.00986357006013571,0.008459609408576988,0.0
54005,Boone County,WV,3/16/2026 9:00,0.005654348661779436,0.01014274955016621,0.00938809219407343,0.0
54005,Boone County,WV,3/16/2026 10:00,0.006915692610496016,0.010032056268318223,0.008479786412046905,0.0
54005,Boone County,WV,3/16/2026 11:00,0.006531172201622516,0.009577310073623736,0.008345724191942143,0.0
54005,Boone County,WV,3/16/2026 12:00,0.004765026660203077,0.009956678070081394,0.008148649278489304,0.0
54005,Boone County,WV,3/16/2026 13:00,0.0030899146107255426,0.01252091757521583,0.006416085406565816,0.0
54005,Boone County,WV,3/16/2026 14:00,0.0050293788462980075,0.014027570342888703,0.004293029111012333,0.0
54005,Boone County,WV,3/16/2026 15:00,0.003035914830537421,0.01694276340084772,0.00381776834869676,0.0
54005,Boone County,WV,3/16/2026 16:00,0.005382571896176587,0.019511288944128423,0.0023393113162310203,0.0
54005,Boone County,WV,3/16/2026 17:00,0.006488701757340813,0.015195773116041953,0.0010953366754125513,0.0
54005,Boone County,WV,3/16/2026 18:00,0.006161561189077697,0.013071698529808006,0.0,0.0
54005,Boone County,WV,3/16/2026 19:00,0.0104411026392078,0.00808328658071627,0.0,0.0
54005,Boone County,WV,3/16/2026 20:00,0.012277737721150409,0.00873025339920491,0.0,0.0
54005,Boone County,WV,3/16/2026 21:00,0.014269576059144244,0.010841499909328875,0.0,0.0
54005,Boone County,WV,3/16/2026 22:00,0.011934267459067789,0.007551404785064477,0.0,0.0
54005,Boone County,WV,3/16/2026 23:00,0.009770895833503436,0.007375736999414197,0.0,0.0
54005,Boone County,WV,3/17/2026 0:00,0.009702540073467348,0.007130274641332777,0.0,0.0
54005,Boone County,WV,3/17/2026 1:00,0.011277463643784083,0.007347744172359952,0.0,0.0
54005,Boone County,WV,3/17/2026 2:00,0.012120620610457,0.00797985317131951,0.0,0.0
54005,Boone County,WV,3/17/2026 3:00,0.01220416988205819,0.00795326061584792,0.0,0.0
54005,Boone County,WV,3/17/2026 4:00,0.01350998824133069,0.008144090271189619,0.0,0.0
54005,Boone County,WV,3/17/2026 5:00,0.012456692273329883,0.006591802998463702,0.0,0.0
54005,Boone County,WV,3/17/2026 6:00,0.013021670564663277,0.006725227926497786,0.0,0.0
54005,Boone County,WV,3/17/2026 7:00,0.013867228055611431,0.006458549930178825,0.0,0.0
54005,Boone County,WV,3/17/2026 8:00,0.01492106259802419,0.006828456575913236,0.0,0.0
54005,Boone County,WV,3/17/2026 9:00,0.010507287028325193,0.005033282040235643,0.0,0.0
54005,Boone County,WV,3/17/2026 10:00,0.009883411531016986,0.004457596874658318,0.0,0.0
54005,Boone County,WV,3/17/2026 11:00,0.010235884988758243,0.004621454150134244,0.0,0.0
54005,Boone County,WV,3/17/2026 12:00,0.010287954828599623,0.0028754417475890495,0.0,0.0
54005,Boone County,WV,3/17/2026 13:00,0.008040563052267417,0.0018123294081966925,0.0,0.0
54005,Boone County,WV,3/17/2026 14:00,0.005607241879630871,0.0,0.0,0.0
54005,Boone County,WV,3/17/2026 15:00,0.003208051906907982,0.0,0.0,0.0
54005,Boone County,WV,3/17/2026 16:00,0.0017439661026133425,0.0,0.0,0.0
54005,Boone County,WV,3/17/2026 17:00,0.0,0.0,0.0,0.0
54005,Boone County,WV,3/17/2026 18:00,0.0,0.0,0.0,0.0
54005,Boone County,WV,3/17/2026 19:00,0.0,0.0,0.0,0.0
54005,Boone County,WV,3/17/2026 20:00,0.0,0.0,0.0,0.0
54005,Boone County,WV,3/17/2026 21:00,0.0,0.0,0.0,0.0
54005,Boone County,WV,3/17/2026 22:00,0.0,0.0,0.0,0.0
54005,Boone County,WV,3/17/2026 23:00,0.0,0.0,0.0,0.0
54005,Boone County,WV,3/18/2026 0:00,0.0,0.0,0.0,
54005,Boone County,WV,3/18/2026 1:00,0.0,0.0,0.0,
54005,Boone County,WV,3/18/2026 2:00,0.0,0.0,0.0,
54005,Boone County,WV,3/18/2026 3:00,0.0,0.0,0.0,
54005,Boone County,WV,3/18/2026 4:00,0.0,0.0013769125388107383,0.0,
54005,Boone County,WV,3/18/2026 5:00,0.0,0.0017775536693850377,0.0,
54005,Boone County,WV,3/18/2026 6:00,0.0,0.0,0.0,
54005,Boone County,WV,3/18/2026 7:00,0.0,0.0,0.0,
54005,Boone County,WV,3/18/2026 8:00,0.0,0.0,0.0,
54005,Boone County,WV,3/18/2026 9:00,0.0,0.0,0.0,
54005,Boone County,WV,3/18/2026 10:00,0.0,0.0,0.0,
54005,Boone County,WV,3/18/2026 11:00,0.0,0.0,0.0,
54005,Boone County,WV,3/18/2026 12:00,0.0012865983554166591,0.0,0.0,
54005,Boone County,WV,3/18/2026 13:00,0.0,0.0,0.0,
54005,Boone County,WV,3/18/2026 14:00,0.0010511407850424025,0.0,0.0,
54005,Boone County,WV,3/18/2026 15:00,0.0013554363158506907,0.0,0.0,
54005,Boone County,WV,3/18/2026 16:00,0.0,0.0,0.0,
54005,Boone County,WV,3/18/2026 17:00,0.0,0.0,0.0,
54005,Boone County,WV,3/18/2026 18:00,0.0,0.0,0.0,
54005,Boone County,WV,3/18/2026 19:00,0.0,0.0,0.0,
54005,Boone County,WV,3/18/2026 20:00,0.0,0.0,0.0,
54005,Boone County,WV,3/18/2026 21:00,0.0,0.0,0.0,
54005,Boone County,WV,3/18/2026 22:00,0.0,0.0,0.0,
54005,Boone County,WV,3/18/2026 23:00,0.0,0.0,0.0,
54005,Boone County,WV,3/19/2026 0:00,0.0,0.0,,
54005,Boone County,WV,3/19/2026 1:00,0.0,0.0,,
54005,Boone County,WV,3/19/2026 2:00,0.0,0.0,,
54005,Boone County,WV,3/19/2026 3:00,0.0,0.0,,
54005,Boone County,WV,3/19/2026 4:00,0.0,0.0,,
54005,Boone County,WV,3/19/2026 5:00,0.0,0.0,,
54005,Boone County,WV,3/19/2026 6:00,0.0,0.0,,
54005,Boone County,WV,3/19/2026 7:00,0.0,0.0,,
54005,Boone County,WV,3/19/2026 8:00,0.0,0.0,,
54005,Boone County,WV,3/19/2026 9:00,0.0,0.0,,
54005,Boone County,WV,3/19/2026 10:00,0.0,0.0,,
54005,Boone County,WV,3/19/2026 11:00,0.0,0.0,,
54005,Boone County,WV,3/19/2026 12:00,0.0,0.0,,
54005,Boone County,WV,3/19/2026 13:00,0.0,0.0,,
54005,Boone County,WV,3/19/2026 14:00,0.0,0.0,,
54005,Boone County,WV,3/19/2026 15:00,0.0,0.0,,
54005,Boone County,WV,3/19/2026 16:00,0.0,0.0,,
54005,Boone County,WV,3/19/2026 17:00,0.0,0.0,,
54005,Boone County,WV,3/19/2026 18:00,0.0,,,
54005,Boone County,WV,3/19/2026 19:00,0.0,,,
54005,Boone County,WV,3/19/2026 20:00,0.0,,,
54005,Boone County,WV,3/19/2026 21:00,0.0,,,
54005,Boone County,WV,3/19/2026 22:00,0.0,,,
54005,Boone County,WV,3/19/2026 23:00,,,,
54011,Cabell County,WV,3/14/2026 0:00,0.0011619695201477624,0.0,0.0,0.0
54011,Cabell County,WV,3/14/2026 1:00,0.0,0.0,0.0,0.0
54011,Cabell County,WV,3/14/2026 2:00,0.0,0.0,0.0,0.0
54011,Cabell County,WV,3/14/2026 3:00,0.0,0.0,0.0,0.0
54011,Cabell County,WV,3/14/2026 4:00,0.0,0.001099395055487144,0.0,0.0
54011,Cabell County,WV,3/14/2026 5:00,0.0,0.0,0.0,0.0
54011,Cabell County,WV,3/14/2026 6:00,0.0,0.0010459332513795708,0.0,0.0012381393224039428
54011,Cabell County,WV,3/14/2026 7:00,0.0,0.0,0.0,0.0
54011,Cabell County,WV,3/14/2026 8:00,0.0,0.001012185239223264,0.0,0.0011125175936734216
54011,Cabell County,WV,3/14/2026 9:00,0.0,0.0012868349103732281,0.0,0.002609103420025265
54011,Cabell County,WV,3/14/2026 10:00,0.0,0.0014157875802077583,0.0,0.0027699828557256525
54011,Cabell County,WV,3/14/2026 11:00,0.0,0.0012911023117535413,0.0010987509131999802,0.0025975813958600464
54011,Cabell County,WV,3/14/2026 12:00,0.0,0.0010211265965639768,0.0027077462013484705,0.0020933178165780295
54011,Cabell County,WV,3/14/2026 13:00,0.0011815265582359733,0.0,0.00240659415740201,0.0021292995447505995
54011,Cabell County,WV,3/14/2026 14:00,0.0011459694965858256,0.0,0.002853281249794673,0.002117313195317882
54011,Cabell County,WV,3/14/2026 15:00,0.0,0.0,0.0024306830554622107,0.002970860427339711
54011,Cabell County,WV,3/14/2026 16:00,0.0,0.0,0.0035004351590761152,0.0030101284843204726
54011,Cabell County,WV,3/14/2026 17:00,0.0,0.0,0.0028308419715977456,0.003448128350635763
54011,Cabell County,WV,3/14/2026 18:00,0.0,0.0,0.002823014904717961,0.0035582472127643145
54011,Cabell County,WV,3/14/2026 19:00,0.0,0.0,0.002404020905578408,0.0036858647795327162
54011,Cabell County,WV,3/14/2026 20:00,0.0,0.0,0.00222249618974757,0.004516950921106559
54011,Cabell County,WV,3/14/2026 21:00,0.0,0.0,0.0015453379790647816,0.004041889295801016
54011,Cabell County,WV,3/14/2026 22:00,0.0,0.0,0.001771207726682044,0.005468277246275314
54011,Cabell County,WV,3/14/2026 23:00,0.0,0.0,0.0014663671066463355,0.005539804151886847
54011,Cabell County,WV,3/15/2026 0:00,0.0,0.0,0.0011116980773344227,0.005035183370765487
54011,Cabell County,WV,3/15/2026 1:00,0.0,0.0,0.001458357464997873,0.0046986216942998425
54011,Cabell County,WV,3/15/2026 2:00,0.0,0.0,0.0020872671148122954,0.004220398591063807
54011,Cabell County,WV,3/15/2026 3:00,0.0,0.0,0.002009196996235995,0.0037818346161662252
54011,Cabell County,WV,3/15/2026 4:00,0.0,0.0011237693544440233,0.0017161074356405565,0.0036273858641478083
54011,Cabell County,WV,3/15/2026 5:00,0.0,0.001184257481560808,0.001892047692456639,0.0033833366887685923
54011,Cabell County,WV,3/15/2026 6:00,0.0,0.0013328056442847918,0.0021566620017615373,0.0026857206034156477
54011,Cabell County,WV,3/15/2026 7:00,0.0,0.0012796242709813737,0.0021633881434316676,0.002262379420204035
54011,Cabell County,WV,3/15/2026 8:00,0.0,0.0021832823449692276,0.002001825540330892,0.003224259896296567
54011,Cabell County,WV,3/15/2026 9:00,0.0,0.0015413859342739288,0.0030748677216988133,0.002199976659324336
54011,Cabell County,WV,3/15/2026 10:00,0.0,0.0013816571829388489,0.0026242219815092297,0.002346146446810695
54011,Cabell County,WV,3/15/2026 11:00,0.0023523135854161756,0.001400524747480797,0.002006946814912986,0.0024422420732863157
54011,Cabell County,WV,3/15/2026 12:00,0.0,0.0014567507220611992,0.0,0.002175432579612675
54011,Cabell County,WV,3/15/2026 13:00,0.0,0.002503592452358056,0.0,0.0021471330477588002
54011,Cabell County,WV,3/15/2026 14:00,0.0,0.0020879539522584128,0.0,0.0015349960805541782
54011,Cabell County,WV,3/15/2026 15:00,0.0,0.002099269574868069,0.002486833032479389,0.0
54011,Cabell County,WV,3/15/2026 16:00,0.0,0.0022176611039843395,0.0030498888158324976,0.0
54011,Cabell County,WV,3/15/2026 17:00,0.0,0.001291064851179391,0.003252226491018294,0.0
54011,Cabell County,WV,3/15/2026 18:00,0.0,0.0014465405401116324,0.004059004078595215,0.0
54011,Cabell County,WV,3/15/2026 19:00,0.0,0.0014964256835762449,0.004161076705451929,0.0
54011,Cabell County,WV,3/15/2026 20:00,0.0,0.0010302474906744696,0.004408201467734592,0.0
54011,Cabell County,WV,3/15/2026 21:00,0.0,0.0015362393227217014,0.004734550791147539,0.0
54011,Cabell County,WV,3/15/2026 22:00,0.0,0.0013574534618535842,0.005215369592446405,0.0
54011,Cabell County,WV,3/15/2026 23:00,0.0,0.0023170183449262006,0.004729275679258068,0.0
54011,Cabell County,WV,3/16/2026 0:00,0.0,0.0023158104907662616,0.004569941306032356,0.0
54011,Cabell County,WV,3/16/2026 1:00,0.0,0.002317099449011663,0.004494994062914021,0.0
54011,Cabell County,WV,3/16/2026 2:00,0.0,0.0024915849118819777,0.004111065816941253,0.0
54011,Cabell County,WV,3/16/2026 3:00,0.0,0.002657144667290323,0.003618313383704875,0.0
54011,Cabell County,WV,3/16/2026 4:00,0.0,0.0024823422389930318,0.002853759808526547,0.0
54011,Cabell County,WV,3/16/2026 5:00,0.0015612835523168055,0.0031247618034437124,0.0038797903374451354,0.0
54011,Cabell County,WV,3/16/2026 6:00,0.001368405257694095,0.002783916794519546,0.002057091408542675,0.0
54011,Cabell County,WV,3/16/2026 7:00,0.00235686294602317,0.002849983309945675,0.002256609109683179,0.0
54011,Cabell County,WV,3/16/2026 8:00,0.002947045696496922,0.0019109431082968333,0.002437958171395894,0.0
54011,Cabell County,WV,3/16/2026 9:00,0.003690474151008262,0.0018223304362728642,0.0028304604303490484,0.0
54011,Cabell County,WV,3/16/2026 10:00,0.0032383728490554117,0.0021937700323232993,0.001212115414068062,0.0
54011,Cabell County,WV,3/16/2026 11:00,0.002968033841037592,0.002172328198950889,0.002208167140169452,0.0020775413569919282
54011,Cabell County,WV,3/16/2026 12:00,0.0018370968507866925,0.0038469831016482597,0.0019079191643108135,0.0033707082999831477
54011,Cabell County,WV,3/16/2026 13:00,0.0,0.0039379276417492596,0.0020407656805758235,0.002465215487786042
54011,Cabell County,WV,3/16/2026 14:00,0.0013830249242297948,0.004184142184705695,0.0018709036060057804,0.0014820908337116463
54011,Cabell County,WV,3/16/2026 15:00,0.0,0.0070193417600376284,0.0012348068606962785,0.0
54011,Cabell County,WV,3/16/2026 16:00,0.0013473433645482188,0.007338836503694224,0.0013699519544817455,0.0
54011,Cabell County,WV,3/16/2026 17:00,0.001357162222723749,0.007250504384210331,0.0016280313681842655,0.0
54011,Cabell County,WV,3/16/2026 18:00,0.002347108688827457,0.0068214008233628675,0.0014871054392840623,0.0
54011,Cabell County,WV,3/16/2026 19:00,0.0016575655202226338,0.0038454138034683255,0.0014029476199549076,0.0
54011,Cabell County,WV,3/16/2026 20:00,0.001516637568395018,0.0031532629494221455,0.0,0.0
54011,Cabell County,WV,3/16/2026 21:00,0.002745856272623712,0.0015665079771197956,0.0,0.0
54011,Cabell County,WV,3/16/2026 22:00,0.0015467406629224934,0.0019592644634084944,0.0,0.0
54011,Cabell County,WV,3/16/2026 23:00,0.0021958384938152472,0.0026672490290832684,0.0,0.0
54011,Cabell County,WV,3/17/2026 0:00,0.0022826736897646406,0.002064972457903713,0.0,0.0
54011,Cabell County,WV,3/17/2026 1:00,0.0017880579160762097,0.0019612073131679815,0.0,0.0
54011,Cabell County,WV,3/17/2026 2:00,0.003102790601412283,0.0026741702145498467,0.0,0.0
54011,Cabell County,WV,3/17/2026 3:00,0.0027797533882317317,0.002221440694251933,0.0,0.0
54011,Cabell County,WV,3/17/2026 4:00,0.0027946026215429276,0.0021989398689175473,0.0,0.0
54011,Cabell County,WV,3/17/2026 5:00,0.002721557782841104,0.0014931460152485018,0.0,0.0
54011,Cabell County,WV,3/17/2026 6:00,0.0027497044520383928,0.0015080911672483055,0.0,0.0
54011,Cabell County,WV,3/17/2026 7:00,0.0027414834055869202,0.0014938906970610824,0.0,0.0
54011,Cabell County,WV,3/17/2026 8:00,0.0027160140841463796,0.0013863221178156933,0.0,0.0
54011,Cabell County,WV,3/17/2026 9:00,0.0013313146986190325,0.0010717170881022668,0.0,0.0
54011,Cabell County,WV,3/17/2026 10:00,0.0022534877704990784,0.0,0.0,0.0
54011,Cabell County,WV,3/17/2026 11:00,0.001857256989662799,0.0,0.0,0.0
54011,Cabell County,WV,3/17/2026 12:00,0.0011198236163712906,0.0,0.0,0.0
54011,Cabell County,WV,3/17/2026 13:00,0.0016211753787023912,0.0,0.0,0.0
54011,Cabell County,WV,3/17/2026 14:00,0.0,0.0,0.0,0.0
54011,Cabell County,WV,3/17/2026 15:00,0.0,0.0,0.0,0.0
54011,Cabell County,WV,3/17/2026 16:00,0.0,0.0,0.0,0.0
54011,Cabell County,WV,3/17/2026 17:00,0.0,0.0,0.0,0.0
54011,Cabell County,WV,3/17/2026 18:00,0.0,0.0,0.0,0.0
54011,Cabell County,WV,3/17/2026 19:00,0.0,0.0,0.0,0.0
54011,Cabell County,WV,3/17/2026 20:00,0.0,0.0,0.0,0.0
54011,Cabell County,WV,3/17/2026 21:00,0.0,0.0,0.0,0.0
54011,Cabell County,WV,3/17/2026 22:00,0.0,0.0,0.0,0.0
54011,Cabell County,WV,3/17/2026 23:00,0.0,0.0,0.0,0.0
54011,Cabell County,WV,3/18/2026 0:00,0.0,0.0,0.0,
54011,Cabell County,WV,3/18/2026 1:00,0.0,0.0,0.0,
54011,Cabell County,WV,3/18/2026 2:00,0.0,0.0,0.0,
54011,Cabell County,WV,3/18/2026 3:00,0.0,0.0,0.0,
54011,Cabell County,WV,3/18/2026 4:00,0.0,0.0,0.0,
54011,Cabell County,WV,3/18/2026 5:00,0.0,0.0,0.0,
54011,Cabell County,WV,3/18/2026 6:00,0.0,0.0,0.0,
54011,Cabell County,WV,3/18/2026 7:00,0.0,0.0,0.0,
54011,Cabell County,WV,3/18/2026 8:00,0.0,0.0,0.0,
54011,Cabell County,WV,3/18/2026 9:00,0.0,0.0,0.0,
54011,Cabell County,WV,3/18/2026 10:00,0.0,0.0,0.0,
54011,Cabell County,WV,3/18/2026 11:00,0.0,0.0,0.0,
54011,Cabell County,WV,3/18/2026 12:00,0.0,0.0,0.0,
54011,Cabell County,WV,3/18/2026 13:00,0.0,0.0,0.0,
54011,Cabell County,WV,3/18/2026 14:00,0.0,0.0,0.0,
54011,Cabell County,WV,3/18/2026 15:00,0.0,0.0,0.0,
54011,Cabell County,WV,3/18/2026 16:00,0.0,0.0,0.0,
54011,Cabell County,WV,3/18/2026 17:00,0.0,0.0,0.0,
54011,Cabell County,WV,3/18/2026 18:00,0.0,0.0,0.0,
54011,Cabell County,WV,3/18/2026 19:00,0.0,0.0,0.0,
54011,Cabell County,WV,3/18/2026 20:00,0.0,0.0,0.0,
54011,Cabell County,WV,3/18/2026 21:00,0.0,0.0,0.0,
54011,Cabell County,WV,3/18/2026 22:00,0.0,0.0,0.0,
54011,Cabell County,WV,3/18/2026 23:00,0.0,0.0,0.0,
54011,Cabell County,WV,3/19/2026 0:00,0.0,0.0,,
54011,Cabell County,WV,3/19/2026 1:00,0.0,0.0,,
54011,Cabell County,WV,3/19/2026 2:00,0.0,0.0,,
54011,Cabell County,WV,3/19/2026 3:00,0.0,0.0,,
54011,Cabell County,WV,3/19/2026 4:00,0.0,0.0,,
54011,Cabell County,WV,3/19/2026 5:00,0.0,0.0012542012195121727,,
54011,Cabell County,WV,3/19/2026 6:00,0.0,0.0,,
54011,Cabell County,WV,3/19/2026 7:00,0.0,0.0,,
54011,Cabell County,WV,3/19/2026 8:00,0.0,0.0,,
54011,Cabell County,WV,3/19/2026 9:00,0.0,0.0,,
54011,Cabell County,WV,3/19/2026 10:00,0.0,0.0,,
54011,Cabell County,WV,3/19/2026 11:00,0.0,0.0,,
54011,Cabell County,WV,3/19/2026 12:00,0.0,0.0,,
54011,Cabell County,WV,3/19/2026 13:00,0.0,0.0,,
54011,Cabell County,WV,3/19/2026 14:00,0.0,0.0,,
54011,Cabell County,WV,3/19/2026 15:00,0.0,0.0,,
54011,Cabell County,WV,3/19/2026 16:00,0.0,0.0,,
54011,Cabell County,WV,3/19/2026 17:00,0.0,0.0,,
54011,Cabell County,WV,3/19/2026 18:00,0.0,,,
54011,Cabell County,WV,3/19/2026 19:00,0.0,,,
54011,Cabell County,WV,3/19/2026 20:00,0.0,,,
54011,Cabell County,WV,3/19/2026 21:00,0.0,,,
54011,Cabell County,WV,3/19/2026 22:00,0.0,,,
54011,Cabell County,WV,3/19/2026 23:00,,,,
54017,Doddridge County,WV,3/14/2026 0:00,0.03814641846206258,0.037888769500197234,0.0037113615016960014,0.0037695023699641445
54017,Doddridge County,WV,3/14/2026 1:00,0.04042264272254303,0.03655850282579889,0.004352730418908804,0.0034791918556549054
54017,Doddridge County,WV,3/14/2026 2:00,0.03924543425446178,0.03688014634228738,0.004347322600884614,0.003313296281283623
54017,Doddridge County,WV,3/14/2026 3:00,0.03624447505857848,0.027975350947633676,0.004509676854208278,0.0038098989046785815
54017,Doddridge County,WV,3/14/2026 4:00,0.03292496531077784,0.025233667520332563,0.0032003176950325214,0.00400475758894767
54017,Doddridge County,WV,3/14/2026 5:00,0.030421199222572286,0.024761732628777004,0.0028993249986995935,0.003795664517974685
54017,Doddridge County,WV,3/14/2026 6:00,0.024411284177867528,0.01691385817366649,0.0036453398552865526,0.003654778986171454
54017,Doddridge County,WV,3/14/2026 7:00,0.019825818147033665,0.012058134628984555,0.003272558292048719,0.010001745436251167
54017,Doddridge County,WV,3/14/2026 8:00,0.014658065992646279,0.011277187234291629,0.0037480232073250903,0.00844181531380742
54017,Doddridge County,WV,3/14/2026 9:00,0.015339874306549992,0.009345325043906453,0.0030411061931222266,0.006978124482230191
54017,Doddridge County,WV,3/14/2026 10:00,0.013414012743075346,0.008854893090048032,0.00427924005786037,0.008274247762826512
54017,Doddridge County,WV,3/14/2026 11:00,0.01199365520310103,0.009626377286068057,0.0036505685561350793,0.007325146710828546
54017,Doddridge County,WV,3/14/2026 12:00,0.01128346892533722,0.010636783381050913,0.004801500228352713,0.008174373643969564
54017,Doddridge County,WV,3/14/2026 13:00,0.011320631863630288,0.007828828814552997,0.0044656448248662495,0.00640047201618442
54017,Doddridge County,WV,3/14/2026 14:00,0.008677274936156429,0.006605114555090733,0.006017438016820686,0.00520442060726187
54017,Doddridge County,WV,3/14/2026 15:00,0.0074213338171194585,0.00710454763602928,0.005112463791564551,0.003966511907209515
54017,Doddridge County,WV,3/14/2026 16:00,0.006209984897644496,0.007452491675228886,0.005845305558600103,0.0035683959691720163
54017,Doddridge County,WV,3/14/2026 17:00,0.0039281335055275065,0.0060303845205409235,0.006341854253642929,0.0022529018726622978
54017,Doddridge County,WV,3/14/2026 18:00,0.0037376419584457215,0.006085548552987616,0.005712310672286775,0.0028791147342731014
54017,Doddridge County,WV,3/14/2026 19:00,0.004179509766952324,0.004067086860588888,0.003161162261308843,0.009402262499824308
54017,Doddridge County,WV,3/14/2026 20:00,0.004251675558580122,0.0029596965190933702,0.0026074050727196633,0.018967977521348416
54017,Doddridge County,WV,3/14/2026 21:00,0.0018479860371198179,0.002629390319964425,0.0032501800306686396,0.022593911146746404
54017,Doddridge County,WV,3/14/2026 22:00,0.0030811108166275965,0.0029568022417138197,0.002555367002577313,0.022913746489606535
54017,Doddridge County,WV,3/14/2026 23:00,0.0032029580384893702,0.0030284784544436973,0.0032712205649924786,0.02623718553672303
54017,Doddridge County,WV,3/15/2026 0:00,0.002492794293034228,0.004368684065693084,0.003289459502826265,0.02906504827344287
54017,Doddridge County,WV,3/15/2026 1:00,0.0026246978194666482,0.0025538591713924084,0.0019178577850011969,0.0349937635315693
54017,Doddridge County,WV,3/15/2026 2:00,0.0018132130016118313,0.002488403189895025,0.001699803101313134,0.03632203324920894
54017,Doddridge County,WV,3/15/2026 3:00,0.002194835597611491,0.005316695354937053,0.0,0.037952870918387546
54017,Doddridge County,WV,3/15/2026 4:00,0.0025484714776531606,0.006295988238197405,0.005785326602855532,0.037322723500506534
54017,Doddridge County,WV,3/15/2026 5:00,0.002896094344163632,0.007802504211645905,0.008046874107787426,0.03729696693707465
54017,Doddridge County,WV,3/15/2026 6:00,0.0034255691358673086,0.010763856969014685,0.007375131599775726,0.03604190829628016
54017,Doddridge County,WV,3/15/2026 7:00,0.004165321197263112,0.011530201029398312,0.01228909954987079,0.03780118146745572
54017,Doddridge County,WV,3/15/2026 8:00,0.0038957865804807924,0.010204399933780976,0.014912456267183852,0.03889717549784484
54017,Doddridge County,WV,3/15/2026 9:00,0.004203154862914136,0.009629082045967801,0.01492466085211625,0.04177385035847967
54017,Doddridge County,WV,3/15/2026 10:00,0.009393696214199287,0.010787816222971692,0.010255594082807467,0.034938951601548966
54017,Doddridge County,WV,3/15/2026 11:00,0.0067846532584977,0.012762738322414806,0.005683052666327577,0.03813931827757103
54017,Doddridge County,WV,3/15/2026 12:00,0.005835300585605917,0.010070933247671698,0.005010752745254851,0.036738441540879
54017,Doddridge County,WV,3/15/2026 13:00,0.005860547352572636,0.010076010287717197,0.0035786835898528407,0.03596555915085842
54017,Doddridge County,WV,3/15/2026 14:00,0.006887555040286275,0.010739864560698729,0.0052807353944447875,0.021039373766938225
54017,Doddridge County,WV,3/15/2026 15:00,0.005311686345696985,0.007283853957658393,0.005272016379065522,0.014463833398529823
54017,Doddridge County,WV,3/15/2026 16:00,0.006912056645145543,0.005299117327131522,0.002312135085798036,0.013494994798462686
54017,Doddridge County,WV,3/15/2026 17:00,0.006792930857870894,0.0038615739348242784,0.0021820621766939488,0.011605584490683147
54017,Doddridge County,WV,3/15/2026 18:00,0.006534934287315616,0.003594568987123225,0.008482422208262239,0.010123867611924376
54017,Doddridge County,WV,3/15/2026 19:00,0.006139175190233539,0.0019534803730306073,0.017721459529203613,0.008908008156266438
54017,Doddridge County,WV,3/15/2026 20:00,0.004569163371959587,0.001753443834031206,0.036340586393631635,0.009453404374859076
54017,Doddridge County,WV,3/15/2026 21:00,0.004318316291038232,0.004195751494905115,0.037440961019022875,0.006906590459609726
54017,Doddridge County,WV,3/15/2026 22:00,0.0034823523682941788,0.0,0.037970061490782324,0.008143614200637353
54017,Doddridge County,WV,3/15/2026 23:00,0.004612243579501217,0.0017232305057184253,0.04200985213487667,0.0080483288566757
54017,Doddridge County,WV,3/16/2026 0:00,0.003951353324188271,0.002490483608233196,0.040577685713170206,0.00735589296800322
54017,Doddridge County,WV,3/16/2026 1:00,0.004252460228228844,0.004284982090254072,0.03989295477686711,0.008632698850021986
54017,Doddridge County,WV,3/16/2026 2:00,0.003431009186519468,0.0017310152234955153,0.03664823329180812,0.00871199629661389
54017,Doddridge County,WV,3/16/2026 3:00,0.0043029671750249784,0.0017037515367280768,0.037265755103417696,0.006674800373591682
54017,Doddridge County,WV,3/16/2026 4:00,0.0021820709520408944,0.0,0.03473665117869674,0.0077129984489974854
54017,Doddridge County,WV,3/16/2026 5:00,0.0043431232569651436,0.0,0.02982413920258,0.007808131956352532
54017,Doddridge County,WV,3/16/2026 6:00,0.009392784657739144,0.0023463435268055895,0.03735644803782262,0.00575365144196669
54017,Doddridge County,WV,3/16/2026 7:00,0.0072929316729671385,0.006375510703322397,0.045111065508137795,0.005099360481461687
54017,Doddridge County,WV,3/16/2026 8:00,0.0046312592972064266,0.004922433422628858,0.040558596573893074,0.003989681708568495
54017,Doddridge County,WV,3/16/2026 9:00,0.006233263794425464,0.00714906192669589,0.03978938060107511,0.005960704766856063
54017,Doddridge County,WV,3/16/2026 10:00,0.007069269335591956,0.004475442190332393,0.04551390664371019,0.00829513989343278
54017,Doddridge County,WV,3/16/2026 11:00,0.0035910570749877737,0.004633542967523486,0.05144433006991808,0.01071690219463094
54017,Doddridge County,WV,3/16/2026 12:00,0.001567237836605522,0.004379451593732984,0.04504388054409883,0.011418280891342301
54017,Doddridge County,WV,3/16/2026 13:00,0.003357333150864134,0.007500936333521381,0.04861413993222122,0.009929501437957015
54017,Doddridge County,WV,3/16/2026 14:00,0.0,0.010664299064438457,0.03659375058031749,0.01184836127704771
54017,Doddridge County,WV,3/16/2026 15:00,0.0015397753157495736,0.020672941384128497,0.026578923824647382,0.010114932110776497
54017,Doddridge County,WV,3/16/2026 16:00,0.0038260432187090035,0.02474086381944579,0.02593413160197762,0.005910959784604634
54017,Doddridge County,WV,3/16/2026 17:00,0.002580066790011141,0.028102985662455653,0.02202921302320849,0.004885974565447408
54017,Doddridge County,WV,3/16/2026 18:00,0.007758787538412612,0.03202089933209557,0.017652877868585947,0.004312664276114801
54017,Doddridge County,WV,3/16/2026 19:00,0.021777443378919674,0.02979988571471706,0.009484500665375106,0.004661794034676256
54017,Doddridge County,WV,3/16/2026 20:00,0.02786033904210318,0.028405070839844296,0.0066783444876831344,0.0035063736155850245
54017,Doddridge County,WV,3/16/2026 21:00,0.03477845139835966,0.030311783329426616,0.005807483407628422,0.0023761162648225547
54017,Doddridge County,WV,3/16/2026 22:00,0.038912242329728446,0.032826684278719306,0.0054147586171963075,0.0018522121273418098
54017,Doddridge County,WV,3/16/2026 23:00,0.03892875441962538,0.03384519870632695,0.004410448595290032,0.0018521840662003265
54017,Doddridge County,WV,3/17/2026 0:00,0.029975395891461778,0.0389093060347743,0.004337822872244707,0.0019244847518315384
54017,Doddridge County,WV,3/17/2026 1:00,0.03466563115748583,0.04890811572254234,0.0014503211644233001,0.0011050862868556043
54017,Doddridge County,WV,3/17/2026 2:00,0.031247231620121406,0.05183423146884939,0.00220707121433084,0.0
54017,Doddridge County,WV,3/17/2026 3:00,0.031555180786564926,0.05142145226362687,0.001437428028421023,0.001309195194829012
54017,Doddridge County,WV,3/17/2026 4:00,0.03128912569427565,0.050989141612597745,0.0028780311012084766,0.001128488792487511
54017,Doddridge County,WV,3/17/2026 5:00,0.031048681808320988,0.04957672107354584,0.0017527073425255592,0.0014252605894490838
54017,Doddridge County,WV,3/17/2026 6:00,0.029688781645878543,0.04837181398704719,0.0030536381703680678,0.0013034563722705518
54017,Doddridge County,WV,3/17/2026 7:00,0.030827054247856252,0.04138041511095361,0.001941188765884437,0.0017493260440592357
54017,Doddridge County,WV,3/17/2026 8:00,0.03718900689560477,0.04021899477406511,0.003167902057342384,0.004965139132315917
54017,Doddridge County,WV,3/17/2026 9:00,0.03809905574562573,0.022937786934637397,0.0027341195763043308,0.0038566014426838794
54017,Doddridge County,WV,3/17/2026 10:00,0.036469865280113006,0.017474761062064834,0.003980552693727205,0.0038050586164215107
54017,Doddridge County,WV,3/17/2026 11:00,0.03549299787532444,0.0158917999266481,0.00837188734508561,0.005248088419753934
54017,Doddridge County,WV,3/17/2026 12:00,0.023393797009956405,0.009703015889724052,0.006780575174476493,0.009427098736479367
54017,Doddridge County,WV,3/17/2026 13:00,0.024230707718019842,0.0029817449832020312,0.008718693730055311,0.005420738886436319
54017,Doddridge County,WV,3/17/2026 14:00,0.022568986930064358,0.002911118569611392,0.00509593093435468,0.00449120056817935
54017,Doddridge County,WV,3/17/2026 15:00,0.01933859938574031,0.0014518175396644017,0.0034668080070222504,0.0066258213672045095
54017,Doddridge County,WV,3/17/2026 16:00,0.015350184099401015,0.002732842218539534,0.002627624832812365,0.0031775154368694452
54017,Doddridge County,WV,3/17/2026 17:00,0.009496652473901135,0.0011818122255834443,0.0015630216120336106,0.002617978269170678
54017,Doddridge County,WV,3/17/2026 18:00,0.006310504891775007,0.0011354930620484612,0.001419077554835639,0.002110339579708485
54017,Doddridge County,WV,3/17/2026 19:00,0.005563643045865833,0.0,0.0010894644214931271,0.001971597918586276
54017,Doddridge County,WV,3/17/2026 20:00,0.003691802185018244,0.0,0.0,0.0014401226832028659
54017,Doddridge County,WV,3/17/2026 21:00,0.0017336409621440724,0.0,0.0,0.0015083841060015005
54017,Doddridge County,WV,3/17/2026 22:00,0.0014544501794145014,0.0012506231578233314,0.0,0.0022925027490351547
54017,Doddridge County,WV,3/17/2026 23:00,0.0,0.0,0.0,0.002475709785757721
54017,Doddridge County,WV,3/18/2026 0:00,0.0,0.0012220727237103382,0.0,
54017,Doddridge County,WV,3/18/2026 1:00,0.0,0.0012220727237103382,0.0,
54017,Doddridge County,WV,3/18/2026 2:00,0.0,0.0013191523353807517,0.0,
54017,Doddridge County,WV,3/18/2026 3:00,0.0,0.003108274670952726,0.0,
54017,Doddridge County,WV,3/18/2026 4:00,0.0011382072752073487,0.004182947665744828,0.0,
54017,Doddridge County,WV,3/18/2026 5:00,0.0,0.004233346082713945,0.0,
54017,Doddridge County,WV,3/18/2026 6:00,0.0,0.00415984084696034,0.0,
54017,Doddridge County,WV,3/18/2026 7:00,0.0012134851960825047,0.0033036691642899085,0.0,
54017,Doddridge County,WV,3/18/2026 8:00,0.003349500346271733,0.006563823459077209,0.0,
54017,Doddridge County,WV,3/18/2026 9:00,0.0022198125671171014,0.005619991426772183,0.0,
54017,Doddridge County,WV,3/18/2026 10:00,0.002745437195229333,0.0,0.0,
54017,Doddridge County,WV,3/18/2026 11:00,0.0024125713556714234,0.0,0.0019882480249945214,
54017,Doddridge County,WV,3/18/2026 12:00,0.0017703988958845365,0.0,0.0012069717283297937,
54017,Doddridge County,WV,3/18/2026 13:00,0.0016949163535949726,0.0,0.001206076870286462,
54017,Doddridge County,WV,3/18/2026 14:00,0.002415161040650481,0.0,0.0014444087704479818,
54017,Doddridge County,WV,3/18/2026 15:00,0.0010310378088182785,0.0,0.0012002139709920464,
54017,Doddridge County,WV,3/18/2026 16:00,0.001656833638370229,0.0,0.0,
54017,Doddridge County,WV,3/18/2026 17:00,0.0,0.0,0.0012630286291590326,
54017,Doddridge County,WV,3/18/2026 18:00,0.0,0.0,0.0,
54017,Doddridge County,WV,3/18/2026 19:00,0.0,0.0,0.0,
54017,Doddridge County,WV,3/18/2026 20:00,0.0,0.0,0.0,
54017,Doddridge County,WV,3/18/2026 21:00,0.0,0.0,0.0,
54017,Doddridge County,WV,3/18/2026 22:00,0.0,0.0,0.0,
54017,Doddridge County,WV,3/18/2026 23:00,0.0,0.0,0.0,
54017,Doddridge County,WV,3/19/2026 0:00,0.0,0.0,,
54017,Doddridge County,WV,3/19/2026 1:00,0.0,0.0,,
54017,Doddridge County,WV,3/19/2026 2:00,0.0010515294662889645,0.0,,
54017,Doddridge County,WV,3/19/2026 3:00,0.0,0.0,,
54017,Doddridge County,WV,3/19/2026 4:00,0.0,0.0,,
54017,Doddridge County,WV,3/19/2026 5:00,0.0,0.0,,
54017,Doddridge County,WV,3/19/2026 6:00,0.0012887259448523386,0.0015148472294265669,,
54017,Doddridge County,WV,3/19/2026 7:00,0.0021954529435743936,0.0,,
54017,Doddridge County,WV,3/19/2026 8:00,0.0022008585203398276,0.0,,
54017,Doddridge County,WV,3/19/2026 9:00,0.0019271829300644176,0.0,,
54017,Doddridge County,WV,3/19/2026 10:00,0.001014386454712469,0.0,,
54017,Doddridge County,WV,3/19/2026 11:00,0.0011605140565921208,0.0,,
54017,Doddridge County,WV,3/19/2026 12:00,0.0012344515716830912,0.0,,
54017,Doddridge County,WV,3/19/2026 13:00,0.0,0.0,,
54017,Doddridge County,WV,3/19/2026 14:00,0.0,0.0,,
54017,Doddridge County,WV,3/19/2026 15:00,0.0016613021005300358,0.0,,
54017,Doddridge County,WV,3/19/2026 16:00,0.0,0.0,,
54017,Doddridge County,WV,3/19/2026 17:00,0.0,0.0,,
54017,Doddridge County,WV,3/19/2026 18:00,0.0,,,
54017,Doddridge County,WV,3/19/2026 19:00,0.0,,,
54017,Doddridge County,WV,3/19/2026 20:00,0.0,,,
54017,Doddridge County,WV,3/19/2026 21:00,0.0,,,
54017,Doddridge County,WV,3/19/2026 22:00,0.0,,,
54017,Doddridge County,WV,3/19/2026 23:00,,,,
54021,Gilmer County,WV,3/14/2026 0:00,0.004197787994431556,0.009723876055900285,0.003094132042037787,0.005985315357189079
54021,Gilmer County,WV,3/14/2026 1:00,0.0037973695153036965,0.01033249439960941,0.0029863178097480985,0.005876050010018672
54021,Gilmer County,WV,3/14/2026 2:00,0.0030285376703778014,0.010719383879780763,0.002918923091053786,0.004315981206258741
54021,Gilmer County,WV,3/14/2026 3:00,0.0031508469087072393,0.01244197637946437,0.0028343411415141426,0.00568709872933576
54021,Gilmer County,WV,3/14/2026 4:00,0.0037316866473485694,0.013381238701114967,0.003749179548307279,0.0059983786482405805
54021,Gilmer County,WV,3/14/2026 5:00,0.003397958255481015,0.015882787917728056,0.004356186392861197,0.00816699986040241
54021,Gilmer County,WV,3/14/2026 6:00,0.006240417793573628,0.010978020381382484,0.0036748372596748136,0.00861315267078462
54021,Gilmer County,WV,3/14/2026 7:00,0.004972203864629002,0.009305633717178399,0.0,0.010245072702721172
54021,Gilmer County,WV,3/14/2026 8:00,0.0066799680428659605,0.00963717610000094,0.002834102551525369,0.011387568069456195
54021,Gilmer County,WV,3/14/2026 9:00,0.011580324495844346,0.008438271054318417,0.0,0.00827606301731351
54021,Gilmer County,WV,3/14/2026 10:00,0.012027601725372455,0.007223184631661274,0.0,0.007461841421093126
54021,Gilmer County,WV,3/14/2026 11:00,0.01763916146344555,0.010620511651944848,0.0015236701863475125,0.009422948815788819
54021,Gilmer County,WV,3/14/2026 12:00,0.02003892928102929,0.01991405463863399,0.0016661030305840465,0.01958729658500985
54021,Gilmer County,WV,3/14/2026 13:00,0.016479595452895648,0.015299181756766722,0.0011719036905844015,0.019059052441843204
54021,Gilmer County,WV,3/14/2026 14:00,0.01757965376823944,0.026550863665179454,0.002737654335844271,0.017638873517145312
54021,Gilmer County,WV,3/14/2026 15:00,0.017764141223720654,0.022319462661816954,0.0025377474951874964,0.017314312174415508
54021,Gilmer County,WV,3/14/2026 16:00,0.016172749362021007,0.012691281344416312,0.0020332480295771897,0.015644955648640876
54021,Gilmer County,WV,3/14/2026 17:00,0.0038008620109834306,0.001100179164322986,0.0026974595590909915,0.014214724813270565
54021,Gilmer County,WV,3/14/2026 18:00,0.003998231236747985,0.0018018545112381515,0.0037429494320589366,0.015064934090723488
54021,Gilmer County,WV,3/14/2026 19:00,0.004421233166456318,0.0,0.0027545066242990234,0.044911065667150814
54021,Gilmer County,WV,3/14/2026 20:00,0.0030864398872059782,0.0,0.003689932362140174,0.07189639459822737
54021,Gilmer County,WV,3/14/2026 21:00,0.004033241547605695,0.0,0.0027804938222373956,0.09945636983472116
54021,Gilmer County,WV,3/14/2026 22:00,0.0,0.0017400247769812614,0.0022341893683896674,0.10865705830493194
54021,Gilmer County,WV,3/14/2026 23:00,0.0015816350357629268,0.0,0.0,0.12328304443001314
54021,Gilmer County,WV,3/15/2026 0:00,0.0,0.0,0.0,0.12448838850947826
54021,Gilmer County,WV,3/15/2026 1:00,0.0,0.0,0.004637604617787502,0.1252452388622311
54021,Gilmer County,WV,3/15/2026 2:00,0.0,0.001285127671864669,0.0040653320065549585,0.126186839662551
54021,Gilmer County,WV,3/15/2026 3:00,0.0,0.0012536654773991954,0.003881614096712663,0.128846446708923
54021,Gilmer County,WV,3/15/2026 4:00,0.0,0.0024016254698652206,0.0022993542425563916,0.12720420780395605
54021,Gilmer County,WV,3/15/2026 5:00,0.0,0.0030019545154143226,0.0015976665053682273,0.1277928532070745
54021,Gilmer County,WV,3/15/2026 6:00,0.0,0.0028916105979399443,0.008487334215004411,0.1283448821123513
54021,Gilmer County,WV,3/15/2026 7:00,0.0,0.003370392536412264,0.005948521713768868,0.13053349781430518
54021,Gilmer County,WV,3/15/2026 8:00,0.0,0.0021039538230594717,0.015085196040700383,0.13070517018726774
54021,Gilmer County,WV,3/15/2026 9:00,0.0,0.003654958144163757,0.011058395255826936,0.13141469232830513
54021,Gilmer County,WV,3/15/2026 10:00,0.002519429098802819,0.003433003315680194,0.011080784356459587,0.1312161130933778
54021,Gilmer County,WV,3/15/2026 11:00,0.0,0.0029383562925322233,0.014616662391300654,0.13489775844368973
54021,Gilmer County,WV,3/15/2026 12:00,0.0,0.0029766321482010273,0.013812734802151828,0.12867191302372402
54021,Gilmer County,WV,3/15/2026 13:00,0.0013142920684976072,0.0029817091882465264,0.025984322297046843,0.12278342836293056
54021,Gilmer County,WV,3/15/2026 14:00,0.0,0.0028768425665655645,0.048773011391536315,0.10927850101612063
54021,Gilmer County,WV,3/15/2026 15:00,0.0,0.0028796894022921995,0.06133759956026123,0.1032581997944511
54021,Gilmer County,WV,3/15/2026 16:00,0.0010729630936000337,0.0011550108513354478,0.05621304784041704,0.09839932662407815
54021,Gilmer County,WV,3/15/2026 17:00,0.003992160034312568,0.0,0.06366833474604455,0.09685785153498416
54021,Gilmer County,WV,3/15/2026 18:00,0.0,0.0,0.0867704745546507,0.09502238418495983
54021,Gilmer County,WV,3/15/2026 19:00,0.001307467278601232,0.0,0.099110586737886,0.08493571752727952
54021,Gilmer County,WV,3/15/2026 20:00,0.002620337367880488,0.0,0.11238339542027824,0.057597967263390816
54021,Gilmer County,WV,3/15/2026 21:00,0.0018576753079689449,0.012255722022657548,0.1209348702785522,0.04304374256280645
54021,Gilmer County,WV,3/15/2026 22:00,0.0012978820317685771,0.013740695416943087,0.13450036012666283,0.03098662971931281
54021,Gilmer County,WV,3/15/2026 23:00,0.0011739301063769737,0.014857866805370863,0.1393321799184726,0.031058206120921358
54021,Gilmer County,WV,3/16/2026 0:00,0.012832174581683663,0.03529735489398576,0.1374043178728827,0.03092960130163687
54021,Gilmer County,WV,3/16/2026 1:00,0.014344110554296685,0.03513438750194041,0.1343787909021273,0.029717809856611523
54021,Gilmer County,WV,3/16/2026 2:00,0.014267060764114194,0.04019492488878305,0.13501595069719727,0.028669262506682534
54021,Gilmer County,WV,3/16/2026 3:00,0.013627301747037957,0.03762743443551789,0.13281427557383355,0.02856287371673079
54021,Gilmer County,WV,3/16/2026 4:00,0.009794276040583303,0.037106416915359534,0.13333247623300187,0.02846687976337961
54021,Gilmer County,WV,3/16/2026 5:00,0.012728869393966856,0.04011819060473019,0.12852514935168208,0.02811523211182026
54021,Gilmer County,WV,3/16/2026 6:00,0.03589120707783011,0.04280060685064342,0.13027277887902822,0.027337042017021498
54021,Gilmer County,WV,3/16/2026 7:00,0.028440446559048174,0.040623547628290145,0.12333828661275019,0.022745129255819525
54021,Gilmer County,WV,3/16/2026 8:00,0.02726582521749287,0.04389569430556454,0.12696954031948313,0.024125982691310287
54021,Gilmer County,WV,3/16/2026 9:00,0.0314420587709954,0.04877783690716301,0.12489251955602373,0.01992436540744924
54021,Gilmer County,WV,3/16/2026 10:00,0.04145330445878041,0.052947159136810404,0.12932387369287662,0.023627572074867282
54021,Gilmer County,WV,3/16/2026 11:00,0.056006647451560546,0.062482408731657314,0.13106756816923662,0.02511975352515524
54021,Gilmer County,WV,3/16/2026 12:00,0.05271417332817768,0.07900894477112319,0.14264564802875762,0.00826686966663861
54021,Gilmer County,WV,3/16/2026 13:00,0.052089204995884424,0.09153708932098863,0.13868752400870982,0.005192307978223002
54021,Gilmer County,WV,3/16/2026 14:00,0.06689714148962686,0.10471166059016593,0.12641865647082537,0.004448373714873247
54021,Gilmer County,WV,3/16/2026 15:00,0.06707952807318639,0.1131438456083196,0.11432990961842661,0.0028377531836212225
54021,Gilmer County,WV,3/16/2026 16:00,0.06746291137593044,0.11790098053639625,0.1084368877912356,0.004569315653652128
54021,Gilmer County,WV,3/16/2026 17:00,0.07051718794159519,0.12777375010129252,0.10395340375230727,0.003556154457109042
54021,Gilmer County,WV,3/16/2026 18:00,0.08629139306352093,0.12044161905459468,0.08931690197353842,0.002874621222084744
54021,Gilmer County,WV,3/16/2026 19:00,0.11212155413971947,0.12144356715584749,0.0635774292142589,0.004505249689375878
54021,Gilmer County,WV,3/16/2026 20:00,0.12383641523657478,0.12193948268914864,0.06206158989301549,0.004788178220741293
54021,Gilmer County,WV,3/16/2026 21:00,0.12588929797422738,0.11744638582526835,0.06070856206027947,0.00214866069148684
54021,Gilmer County,WV,3/16/2026 22:00,0.12689315004795892,0.11814222241029866,0.06106711550638608,0.0
54021,Gilmer County,WV,3/16/2026 23:00,0.11611453238724326,0.10043230834719892,0.047862205211639204,0.0
54021,Gilmer County,WV,3/17/2026 0:00,0.12027195966693113,0.11825527478634222,0.047360992530648814,0.0
54021,Gilmer County,WV,3/17/2026 1:00,0.12100804525045243,0.12499756908070668,0.034384406368526584,0.0
54021,Gilmer County,WV,3/17/2026 2:00,0.1210634170089303,0.1286687400617621,0.02624937123634771,0.0
54021,Gilmer County,WV,3/17/2026 3:00,0.11648692383923093,0.12852884012452095,0.026493765809542994,0.0
54021,Gilmer County,WV,3/17/2026 4:00,0.11885509186646728,0.1285525139934419,0.02632405362412237,0.0
54021,Gilmer County,WV,3/17/2026 5:00,0.11892251752367965,0.12032750765417254,0.027847349362160136,0.0
54021,Gilmer County,WV,3/17/2026 6:00,0.11803531481473535,0.1251467126666442,0.028066295973053955,0.0
54021,Gilmer County,WV,3/17/2026 7:00,0.11938034906446715,0.11024643736871184,0.025778959520290086,0.0
54021,Gilmer County,WV,3/17/2026 8:00,0.12123432487580074,0.11789648639786991,0.026175829572776622,0.0
54021,Gilmer County,WV,3/17/2026 9:00,0.11750392713225556,0.10260640728593519,0.026078871140924213,0.0
54021,Gilmer County,WV,3/17/2026 10:00,0.11874990890414039,0.09170546002883075,0.017363312836879585,0.0
54021,Gilmer County,WV,3/17/2026 11:00,0.1198428633804675,0.07897065011398363,0.013409942607105214,0.0
54021,Gilmer County,WV,3/17/2026 12:00,0.11451106253205523,0.0819596508754259,0.013457206401103606,0.0
54021,Gilmer County,WV,3/17/2026 13:00,0.1050628478085377,0.07167966717885327,0.013904135759552785,0.0
54021,Gilmer County,WV,3/17/2026 14:00,0.09670977155769915,0.07177151515204366,0.009236059739247094,0.0
54021,Gilmer County,WV,3/17/2026 15:00,0.07465203693844061,0.047344697521401684,0.007960585429701485,0.0
54021,Gilmer County,WV,3/17/2026 16:00,0.07508376485415316,0.049659770615822496,0.007333274049443364,0.0
54021,Gilmer County,WV,3/17/2026 17:00,0.06905640551099594,0.05122115076102912,0.0034541662240508003,0.0
54021,Gilmer County,WV,3/17/2026 18:00,0.058865806021515484,0.03455840986267403,0.0031007939617529673,0.0
54021,Gilmer County,WV,3/17/2026 19:00,0.053911914913128536,0.034357053484043866,0.0030078203151718635,0.0
54021,Gilmer County,WV,3/17/2026 20:00,0.06597169461182822,0.043230175355305725,0.004183155333355237,0.0
54021,Gilmer County,WV,3/17/2026 21:00,0.05259841937459585,0.03477624653967422,0.003659569906417805,0.0
54021,Gilmer County,WV,3/17/2026 22:00,0.05248757384711419,0.03639432074606153,0.0038207346579163973,0.0
54021,Gilmer County,WV,3/17/2026 23:00,0.05120177455975408,0.0369166790197575,0.003664459397306097,0.0
54021,Gilmer County,WV,3/18/2026 0:00,0.0320758776457573,0.036643622346511195,0.0,
54021,Gilmer County,WV,3/18/2026 1:00,0.0408826237603821,0.041645296356666694,0.0,
54021,Gilmer County,WV,3/18/2026 2:00,0.030614253352298355,0.0347330985657107,0.0,
54021,Gilmer County,WV,3/18/2026 3:00,0.03200543404606567,0.03252705527190948,0.0,
54021,Gilmer County,WV,3/18/2026 4:00,0.01707201225600538,0.0236023653026947,0.0,
54021,Gilmer County,WV,3/18/2026 5:00,0.016797452646907223,0.01734608928328671,0.0,
54021,Gilmer County,WV,3/18/2026 6:00,0.016797495957305664,0.01734608928328671,0.0,
54021,Gilmer County,WV,3/18/2026 7:00,0.016977380308412712,0.01771687254199984,0.0,
54021,Gilmer County,WV,3/18/2026 8:00,0.019081192002079764,0.018587074501197256,0.0,
54021,Gilmer County,WV,3/18/2026 9:00,0.005517083756526755,0.010062083861320683,0.0,
54021,Gilmer County,WV,3/18/2026 10:00,0.006973346276327284,0.005946720319172245,0.0,
54021,Gilmer County,WV,3/18/2026 11:00,0.005110720466761066,0.004365915649570892,0.0,
54021,Gilmer County,WV,3/18/2026 12:00,0.003935019044436732,0.004113138865573942,0.0,
54021,Gilmer County,WV,3/18/2026 13:00,0.0041831647795499945,0.005797219848429196,0.0,
54021,Gilmer County,WV,3/18/2026 14:00,0.004552161891409868,0.003444431509789873,0.0,
54021,Gilmer County,WV,3/18/2026 15:00,0.0023154071197423686,0.003444431509789873,0.0,
54021,Gilmer County,WV,3/18/2026 16:00,0.0021812033563441886,0.003459351089109102,0.0,
54021,Gilmer County,WV,3/18/2026 17:00,0.002075801938212371,0.003444950317755725,0.0,
54021,Gilmer County,WV,3/18/2026 18:00,0.00196232143440171,0.0036764113976330503,0.0,
54021,Gilmer County,WV,3/18/2026 19:00,0.001037460033204793,0.005597751002639589,0.0,
54021,Gilmer County,WV,3/18/2026 20:00,0.0010327442966476233,0.005597751002639589,0.0,
54021,Gilmer County,WV,3/18/2026 21:00,0.001032398919304234,0.005509045446850699,0.0,
54021,Gilmer County,WV,3/18/2026 22:00,0.0015198601975139872,0.005903817493920301,0.0,
54021,Gilmer County,WV,3/18/2026 23:00,0.0015198601975139872,0.006018013410520643,0.0,
54021,Gilmer County,WV,3/19/2026 0:00,0.0,0.005615474205542724,,
54021,Gilmer County,WV,3/19/2026 1:00,0.0,0.005701373481511678,,
54021,Gilmer County,WV,3/19/2026 2:00,0.0,0.008112807578218343,,
54021,Gilmer County,WV,3/19/2026 3:00,0.0,0.007729123853521738,,
54021,Gilmer County,WV,3/19/2026 4:00,0.0,0.00889077365412381,,
54021,Gilmer County,WV,3/19/2026 5:00,0.0,0.011378242418865874,,
54021,Gilmer County,WV,3/19/2026 6:00,0.0,0.009743879548768684,,
54021,Gilmer County,WV,3/19/2026 7:00,0.0022390555527345406,0.009365810780470846,,
54021,Gilmer County,WV,3/19/2026 8:00,0.0022269654668378336,0.007233410750398591,,
54021,Gilmer County,WV,3/19/2026 9:00,0.0022491500164799616,0.007161785200497433,,
54021,Gilmer County,WV,3/19/2026 10:00,0.0017777458041138452,0.005466966230032754,,
54021,Gilmer County,WV,3/19/2026 11:00,0.0010389179405962195,0.0028998184266256825,,
54021,Gilmer County,WV,3/19/2026 12:00,0.001646425098185328,0.004095026555596533,,
54021,Gilmer County,WV,3/19/2026 13:00,0.01199839669580805,0.007422406658449366,,
54021,Gilmer County,WV,3/19/2026 14:00,0.010226310139764556,0.02137836275036839,,
54021,Gilmer County,WV,3/19/2026 15:00,0.0,0.004050108420131946,,
54021,Gilmer County,WV,3/19/2026 16:00,0.009984555337298194,0.02168653677772983,,
54021,Gilmer County,WV,3/19/2026 17:00,0.010215085112300269,0.02168653677772983,,
54021,Gilmer County,WV,3/19/2026 18:00,0.0,,,
54021,Gilmer County,WV,3/19/2026 19:00,0.0,,,
54021,Gilmer County,WV,3/19/2026 20:00,0.0,,,
54021,Gilmer County,WV,3/19/2026 21:00,0.0,,,
54021,Gilmer County,WV,3/19/2026 22:00,0.0,,,
54021,Gilmer County,WV,3/19/2026 23:00,,,,
54049,Marion County,WV,3/14/2026 0:00,0.0063987653862833576,0.0031863175166928557,0.0,0.0014406798521373746
54049,Marion County,WV,3/14/2026 1:00,0.00568630861444873,0.0034128692530743664,0.0,0.00174961709394992
54049,Marion County,WV,3/14/2026 2:00,0.0056367241960642595,0.003198430242985904,0.0,0.0015780750662525724
54049,Marion County,WV,3/14/2026 3:00,0.005340240611205855,0.003375526519151328,0.0,0.0016057326489052608
54049,Marion County,WV,3/14/2026 4:00,0.004930106683313015,0.0030540492973721513,0.0,0.0016518009882930031
54049,Marion County,WV,3/14/2026 5:00,0.0048100776965748545,0.0034716603773563576,0.0,0.0017117607469043456
54049,Marion County,WV,3/14/2026 6:00,0.004397002193346895,0.002812205240782703,0.0,0.0017349204441166957
54049,Marion County,WV,3/14/2026 7:00,0.0039038281271203496,0.0028389265378432013,0.0,0.0024636632079973048
54049,Marion County,WV,3/14/2026 8:00,0.0038461778402724693,0.0021570517101842097,0.0,0.002991004898844507
54049,Marion County,WV,3/14/2026 9:00,0.00413791168957411,0.0017200341688178953,0.0,0.0025543566233798194
54049,Marion County,WV,3/14/2026 10:00,0.003665983769485745,0.0016507196788208237,0.0,0.0018421279497171244
54049,Marion County,WV,3/14/2026 11:00,0.003455699992174674,0.0014212527555687085,0.0,0.0021652268202219586
54049,Marion County,WV,3/14/2026 12:00,0.0036667160839425387,0.0012647614004105351,0.0010724594955844253,0.001850825424123705
54049,Marion County,WV,3/14/2026 13:00,0.0033415690600034653,0.0,0.0019232688475030043,0.0017494208503429293
54049,Marion County,WV,3/14/2026 14:00,0.0034401718113778457,0.0,0.0016462142429110975,0.0011383089136286833
54049,Marion County,WV,3/14/2026 15:00,0.003165649857380548,0.0,0.0015769452802177023,0.0016919555812900525
54049,Marion County,WV,3/14/2026 16:00,0.0028360422893681605,0.0,0.0012156984788448907,0.0018427845933369875
54049,Marion County,WV,3/14/2026 17:00,0.0021236278035836847,0.0,0.0010894562714768774,0.0011590883184346575
54049,Marion County,WV,3/14/2026 18:00,0.0,0.0,0.002693808239645451,0.0
54049,Marion County,WV,3/14/2026 19:00,0.0,0.0,0.0024353808551350084,0.001614380558202802
54049,Marion County,WV,3/14/2026 20:00,0.0,0.0,0.0022133250652396495,0.0023598893343279854
54049,Marion County,WV,3/14/2026 21:00,0.0,0.0,0.00215106025666577,0.0034582215423098928
54049,Marion County,WV,3/14/2026 22:00,0.0,0.0,0.0,0.004304889781276223
54049,Marion County,WV,3/14/2026 23:00,0.0,0.0,0.0,0.004137315144574493
54049,Marion County,WV,3/15/2026 0:00,0.0,0.0,0.0,0.00387870906287481
54049,Marion County,WV,3/15/2026 1:00,0.0,0.0,0.0,0.003572882468056505
54049,Marion County,WV,3/15/2026 2:00,0.0,0.0,0.0,0.0035344071895013094
54049,Marion County,WV,3/15/2026 3:00,0.0,0.0,0.0,0.0030123156320288635
54049,Marion County,WV,3/15/2026 4:00,0.0,0.0,0.0013542166237922898,0.003143527100556644
54049,Marion County,WV,3/15/2026 5:00,0.0,0.001645344282479605,0.0,0.0034559088223716098
54049,Marion County,WV,3/15/2026 6:00,0.0,0.001654159856350388,0.0,0.0039126172619201776
54049,Marion County,WV,3/15/2026 7:00,0.0,0.004740422812578486,0.0,0.003797692449525256
54049,Marion County,WV,3/15/2026 8:00,0.0,0.002302232242563388,0.0022759547530991323,0.005025645058980224
54049,Marion County,WV,3/15/2026 9:00,0.0,0.0023397726878503222,0.002767409073924688,0.005380568480135669
54049,Marion County,WV,3/15/2026 10:00,0.0015033046319965493,0.002517219291643936,0.0,0.005628845024300293
54049,Marion County,WV,3/15/2026 11:00,0.0019384216675624774,0.002045880619864512,0.0,0.005421508616860032
54049,Marion County,WV,3/15/2026 12:00,0.002495111074095488,0.0020937736359570407,0.002078392250112257,0.004115054293563951
54049,Marion County,WV,3/15/2026 13:00,0.003032498783159407,0.002136575067477167,0.0010257184274032822,0.004423579764323806
54049,Marion County,WV,3/15/2026 14:00,0.0032266956477205876,0.0028596853323456413,0.0,0.004482150120947529
54049,Marion County,WV,3/15/2026 15:00,0.0027362655792788687,0.0028143301447121458,0.0,0.0033066139866735145
54049,Marion County,WV,3/15/2026 16:00,0.0016861113608062969,0.002827807762290361,0.0,0.002980038645882129
54049,Marion County,WV,3/15/2026 17:00,0.0011782365670578272,0.002601999169617613,0.0011884358836872523,0.002605716664998314
54049,Marion County,WV,3/15/2026 18:00,0.0012010253194328518,0.002570481153713552,0.0,0.0025286755387025814
54049,Marion County,WV,3/15/2026 19:00,0.0012133821626399452,0.001886841221124016,0.001970494089716473,0.0026519897561337546
54049,Marion County,WV,3/15/2026 20:00,0.0,0.002021386379007623,0.0023981448165106135,0.0020447912038265553
54049,Marion County,WV,3/15/2026 21:00,0.0,0.002276794062204066,0.0019628307692440517,0.001854804967441361
54049,Marion County,WV,3/15/2026 22:00,0.0,0.002189353341208695,0.0022547564654688927,0.001329071833441808
54049,Marion County,WV,3/15/2026 23:00,0.0,0.0020724347721662113,0.0022044917804688834,0.0013620258826917728
54049,Marion County,WV,3/16/2026 0:00,0.00152350889910879,0.0023261017517710596,0.002495969312797196,0.0012455710214828934
54049,Marion County,WV,3/16/2026 1:00,0.002639472956494295,0.004390468808813184,0.0024689357428220268,0.0014969259583517654
54049,Marion County,WV,3/16/2026 2:00,0.001536756347956939,0.004298976460077277,0.0028792492439142178,0.0
54049,Marion County,WV,3/16/2026 3:00,0.001545138895416479,0.004615814903685047,0.0030517225748803146,0.0012351249117444857
54049,Marion County,WV,3/16/2026 4:00,0.0011309751550754661,0.0032210950967463754,0.0029569970033010923,0.0012686222602922245
54049,Marion County,WV,3/16/2026 5:00,0.0013795403159603532,0.0034568528511939064,0.002950060119907063,0.0012671319467359922
54049,Marion County,WV,3/16/2026 6:00,0.0027591595281723754,0.0038852733411734895,0.0030700636536060166,0.00126903599544955
54049,Marion County,WV,3/16/2026 7:00,0.004324897952147014,0.0037763971867782386,0.003062592878741493,0.0
54049,Marion County,WV,3/16/2026 8:00,0.0023224116678771255,0.0036570475936747427,0.0032713267541030293,0.001467299699275186
54049,Marion County,WV,3/16/2026 9:00,0.002320437460865436,0.003674737519156863,0.00391034777874458,0.0
54049,Marion County,WV,3/16/2026 10:00,0.002771725341098109,0.0036726549710075825,0.0037706571432958853,0.0
54049,Marion County,WV,3/16/2026 11:00,0.0026265003974524693,0.0028025621682704564,0.004160050330797223,0.001476930815293947
54049,Marion County,WV,3/16/2026 12:00,0.003151608631677369,0.0038733449828511806,0.0033780367679305807,0.0014028003380715027
54049,Marion County,WV,3/16/2026 13:00,0.0020108273922882954,0.004253659386249309,0.00469589489232423,0.0013201445290678452
54049,Marion County,WV,3/16/2026 14:00,0.0013631844482860165,0.004066167757077528,0.0032909244009468428,0.002889831057369099
54049,Marion County,WV,3/16/2026 15:00,0.0015898024861553588,0.004570211080627348,0.0027152519452957567,0.0020957844516855855
54049,Marion County,WV,3/16/2026 16:00,0.0013729841225441416,0.004827464540659416,0.004174657286784673,0.0013564857208491162
54049,Marion County,WV,3/16/2026 17:00,0.0015156017370921684,0.004594020135759227,0.004148492768302398,0.0014309676702703123
54049,Marion County,WV,3/16/2026 18:00,0.0023626513944642103,0.006624545697070464,0.0032832792664966378,0.0014309676702703123
54049,Marion County,WV,3/16/2026 19:00,0.0033628783419526248,0.0060963353526460725,0.0011665919147124343,0.0014589326761206454
54049,Marion County,WV,3/16/2026 20:00,0.00383198389574225,0.0064725567625997,0.0012285050371879565,0.0010549453639550864
54049,Marion County,WV,3/16/2026 21:00,0.004328419775689231,0.004362133556089933,0.0010563716135925977,0.001050887943059615
54049,Marion County,WV,3/16/2026 22:00,0.005158203439493838,0.004735863253371203,0.0,0.0010540298464585113
54049,Marion County,WV,3/16/2026 23:00,0.004545625301336054,0.0048313195547080206,0.0,0.0
54049,Marion County,WV,3/17/2026 0:00,0.00401996364863589,0.003527587117046656,0.0,0.0
54049,Marion County,WV,3/17/2026 1:00,0.004230612594051578,0.0041729068712883675,0.0,0.0
54049,Marion County,WV,3/17/2026 2:00,0.003952040504397211,0.005270051326717679,0.0,0.0
54049,Marion County,WV,3/17/2026 3:00,0.003715485928604743,0.005251143082611439,0.0,0.0
54049,Marion County,WV,3/17/2026 4:00,0.0032000361305276046,0.0052854544985970605,0.0,0.0010646299940632877
54049,Marion County,WV,3/17/2026 5:00,0.0031307778753206362,0.003369784008188492,0.0,0.0
54049,Marion County,WV,3/17/2026 6:00,0.0033232236031057972,0.0027672945515161474,0.0,0.0010558582933470303
54049,Marion County,WV,3/17/2026 7:00,0.0032465916673232345,0.0025838603989258076,0.0,0.0015783996607834762
54049,Marion County,WV,3/17/2026 8:00,0.0027883188537724396,0.002987091424462485,0.0,0.0017628799842622654
54049,Marion County,WV,3/17/2026 9:00,0.0032437894169385466,0.0022352566888088577,0.0,0.0010655616148415685
54049,Marion County,WV,3/17/2026 10:00,0.0031942593940611982,0.0016313352853178126,0.0010077015358177061,0.0
54049,Marion County,WV,3/17/2026 11:00,0.003165273793272627,0.0015055107483294087,0.0,0.0
54049,Marion County,WV,3/17/2026 12:00,0.0030708355123311,0.0018614059438800032,0.0,0.0023382313290164517
54049,Marion County,WV,3/17/2026 13:00,0.0027418267941512536,0.0,0.0,0.0
54049,Marion County,WV,3/17/2026 14:00,0.002479779805317091,0.0,0.0,0.0
54049,Marion County,WV,3/17/2026 15:00,0.002122154830240805,0.0,0.0,0.0023361788564837008
54049,Marion County,WV,3/17/2026 16:00,0.0013939761547562156,0.0,0.0,0.0
54049,Marion County,WV,3/17/2026 17:00,0.0011846910233982875,0.0,0.0,0.0
54049,Marion County,WV,3/17/2026 18:00,0.0,0.0,0.0,0.0016177303624209662
54049,Marion County,WV,3/17/2026 19:00,0.0010008713565126972,0.0,0.0,0.0
54049,Marion County,WV,3/17/2026 20:00,0.0,0.0,0.0,0.0010405824937961647
54049,Marion County,WV,3/17/2026 21:00,0.0,0.0,0.0,0.0010537119366674055
54049,Marion County,WV,3/17/2026 22:00,0.0,0.0,0.0,0.0010533987843091897
54049,Marion County,WV,3/17/2026 23:00,0.0,0.001140247954249696,0.0,0.0010533987843091897
54049,Marion County,WV,3/18/2026 0:00,0.0,0.0011563372467613383,0.0,
54049,Marion County,WV,3/18/2026 1:00,0.0,0.001354154633299673,0.0,
54049,Marion County,WV,3/18/2026 2:00,0.0,0.001158103824199278,0.0,
54049,Marion County,WV,3/18/2026 3:00,0.0,0.001099545407714142,0.0,
54049,Marion County,WV,3/18/2026 4:00,0.0,0.001268160505179208,0.0,
54049,Marion County,WV,3/18/2026 5:00,0.0,0.0016547154634063248,0.0,
54049,Marion County,WV,3/18/2026 6:00,0.0,0.0015821095091750601,0.0,
54049,Marion County,WV,3/18/2026 7:00,0.0,0.0010296898425844383,0.0,
54049,Marion County,WV,3/18/2026 8:00,0.0010135999852736665,0.0010637783029005471,0.0,
54049,Marion County,WV,3/18/2026 9:00,0.0018036331564246259,0.0010588247374043124,0.0,
54049,Marion County,WV,3/18/2026 10:00,0.0013189475930976565,0.0,0.0,
54049,Marion County,WV,3/18/2026 11:00,0.0012349792494259781,0.0,0.0,
54049,Marion County,WV,3/18/2026 12:00,0.0013825897910027685,0.0,0.0,
54049,Marion County,WV,3/18/2026 13:00,0.0014294185321444737,0.0,0.0,
54049,Marion County,WV,3/18/2026 14:00,0.0014003131494113813,0.0,0.0,
54049,Marion County,WV,3/18/2026 15:00,0.001440248745591894,0.0,0.0,
54049,Marion County,WV,3/18/2026 16:00,0.0010322680143095627,0.0,0.0,
54049,Marion County,WV,3/18/2026 17:00,0.0010106722613687409,0.0,0.0,
54049,Marion County,WV,3/18/2026 18:00,0.0,0.0,0.0,
54049,Marion County,WV,3/18/2026 19:00,0.0,0.0,0.0,
54049,Marion County,WV,3/18/2026 20:00,0.0,0.0,0.0,
54049,Marion County,WV,3/18/2026 21:00,0.0,0.0,0.0,
54049,Marion County,WV,3/18/2026 22:00,0.0,0.0,0.0,
54049,Marion County,WV,3/18/2026 23:00,0.0,0.0,0.0,
54049,Marion County,WV,3/19/2026 0:00,0.0,0.001027440891718571,,
54049,Marion County,WV,3/19/2026 1:00,0.0,0.001053743327527227,,
54049,Marion County,WV,3/19/2026 2:00,0.0,0.0010365673870742931,,
54049,Marion County,WV,3/19/2026 3:00,0.0,0.0010365673870742931,,
54049,Marion County,WV,3/19/2026 4:00,0.0,0.001053743327527227,,
54049,Marion County,WV,3/19/2026 5:00,0.0,0.001053743327527227,,
54049,Marion County,WV,3/19/2026 6:00,0.0,0.001053743327527227,,
54049,Marion County,WV,3/19/2026 7:00,0.0,0.0010462358625312747,,
54049,Marion County,WV,3/19/2026 8:00,0.0,0.0,,
54049,Marion County,WV,3/19/2026 9:00,0.0014516173030595526,0.0,,
54049,Marion County,WV,3/19/2026 10:00,0.0012567909661014027,0.0,,
54049,Marion County,WV,3/19/2026 11:00,0.0012458102238501207,0.0,,
54049,Marion County,WV,3/19/2026 12:00,0.001162214837793863,0.0,,
54049,Marion County,WV,3/19/2026 13:00,0.001172925587064973,0.0,,
54049,Marion County,WV,3/19/2026 14:00,0.0012088325661923816,0.0,,
54049,Marion County,WV,3/19/2026 15:00,0.00124318644115175,0.0,,
54049,Marion County,WV,3/19/2026 16:00,0.0,0.0,,
54049,Marion County,WV,3/19/2026 17:00,0.0,0.0,,
54049,Marion County,WV,3/19/2026 18:00,0.0,,,
54049,Marion County,WV,3/19/2026 19:00,0.0,,,
54049,Marion County,WV,3/19/2026 20:00,0.0,,,
54049,Marion County,WV,3/19/2026 21:00,0.0,,,
54049,Marion County,WV,3/19/2026 22:00,0.0,,,
54049,Marion County,WV,3/19/2026 23:00,,,,
54051,Marshall County,WV,3/14/2026 0:00,0.058908612961093766,0.04709496692466804,0.009331193428251805,0.0040035069974656175
54051,Marshall County,WV,3/14/2026 1:00,0.057918005207715346,0.0482602905814004,0.008859521833657479,0.004107288421959501
54051,Marshall County,WV,3/14/2026 2:00,0.05478540337128812,0.04291160730599994,0.00905420161381481,0.004177392008315008
54051,Marshall County,WV,3/14/2026 3:00,0.049893100013813856,0.039131436067010826,0.009302264396544383,0.0036232855123710804
54051,Marshall County,WV,3/14/2026 4:00,0.05007045783854415,0.040731256394861595,0.009099122868242816,0.003628532477138553
54051,Marshall County,WV,3/14/2026 5:00,0.04786283377313884,0.04062682808149343,0.010946937279365075,0.004185578870057884
54051,Marshall County,WV,3/14/2026 6:00,0.04712198237177674,0.03533322286059659,0.011186078022533763,0.004063295723835828
54051,Marshall County,WV,3/14/2026 7:00,0.04803926234219107,0.030292408520480766,0.011064484063759013,0.005265423220784841
54051,Marshall County,WV,3/14/2026 8:00,0.04496714447769204,0.031068768161927017,0.009112692642849342,0.0044942030295798165
54051,Marshall County,WV,3/14/2026 9:00,0.044880022749422974,0.029898386247896227,0.008253886655483178,0.003233279698565625
54051,Marshall County,WV,3/14/2026 10:00,0.042998807634232285,0.029452539525028822,0.007772138113377645,0.002613869117835266
54051,Marshall County,WV,3/14/2026 11:00,0.041080261704861516,0.028535359644839452,0.006550544471177499,0.0028788959208110583
54051,Marshall County,WV,3/14/2026 12:00,0.03688663522038511,0.027177391764029224,0.008419147013559395,0.004173301248640682
54051,Marshall County,WV,3/14/2026 13:00,0.0373263592096177,0.024681715749792183,0.005409936222779952,0.003932102608783138
54051,Marshall County,WV,3/14/2026 14:00,0.03681005366794056,0.020297827716005346,0.005746836425500061,0.0035617390386036758
54051,Marshall County,WV,3/14/2026 15:00,0.0318435764707786,0.018295048876287624,0.005262348590058454,0.003441250983468429
54051,Marshall County,WV,3/14/2026 16:00,0.028911350797602594,0.014288660539131352,0.0045573264871410476,0.0037565125057469717
54051,Marshall County,WV,3/14/2026 17:00,0.02863389448089531,0.011017954294406091,0.0041189670006561525,0.0038707030417759005
54051,Marshall County,WV,3/14/2026 18:00,0.023966593283333705,0.010918352723402646,0.004806653392560014,0.004334823260816284
54051,Marshall County,WV,3/14/2026 19:00,0.01907776027433311,0.01011674829181085,0.005055862767656652,0.005337974070197263
54051,Marshall County,WV,3/14/2026 20:00,0.016393818484040153,0.010277465827395403,0.003668837300155204,0.006469491601228405
54051,Marshall County,WV,3/14/2026 21:00,0.015028190180729194,0.00983053372227884,0.0032978022608957766,0.007213761428664031
54051,Marshall County,WV,3/14/2026 22:00,0.012357643625250433,0.0095109303220968,0.002586265886169715,0.007429575053502104
54051,Marshall County,WV,3/14/2026 23:00,0.009739619299567346,0.009423792538578276,0.0026073829866153212,0.007191180276714813
54051,Marshall County,WV,3/15/2026 0:00,0.009810938984245603,0.009707026375038974,0.002633790419554646,0.005789931685081666
54051,Marshall County,WV,3/15/2026 1:00,0.00935021098623914,0.009398597341215576,0.002339045000363472,0.005926900888156202
54051,Marshall County,WV,3/15/2026 2:00,0.008693678019150308,0.009546429957223029,0.002200187186679918,0.0058705462016979265
54051,Marshall County,WV,3/15/2026 3:00,0.00911829529578507,0.008000724373109046,0.002470980607718079,0.004776639886720585
54051,Marshall County,WV,3/15/2026 4:00,0.00884618011712676,0.008075399561887806,0.0030721058310054527,0.004959326853560272
54051,Marshall County,WV,3/15/2026 5:00,0.008515634891338844,0.009139874712307235,0.0030880121786297427,0.004236926421980778
54051,Marshall County,WV,3/15/2026 6:00,0.007877151736399822,0.007919412792925856,0.0028072414470436922,0.004338978738937477
54051,Marshall County,WV,3/15/2026 7:00,0.007550685328711671,0.008393494625724139,0.002532424830514118,0.004127691319453445
54051,Marshall County,WV,3/15/2026 8:00,0.007367494763002045,0.007984959405952287,0.0028612416018006345,0.004191189960835266
54051,Marshall County,WV,3/15/2026 9:00,0.00718581783433253,0.008083493418029265,0.0022886873141733633,0.005492558718951088
54051,Marshall County,WV,3/15/2026 10:00,0.008257006304131124,0.007853406378582147,0.0025830346237469925,0.004202477107536271
54051,Marshall County,WV,3/15/2026 11:00,0.008448494772126065,0.006655475359096698,0.003024686926023846,0.004198352327015597
54051,Marshall County,WV,3/15/2026 12:00,0.008804096008119797,0.007482531263019374,0.002309924015575852,0.003985144600254024
54051,Marshall County,WV,3/15/2026 13:00,0.008415587865408941,0.007110754712428646,0.002406436868657612,0.0038213769294137235
54051,Marshall County,WV,3/15/2026 14:00,0.008955509009171433,0.006884976504045224,0.002343265094493991,0.003471474251287439
54051,Marshall County,WV,3/15/2026 15:00,0.008644836916142425,0.006044429849898006,0.0023428680070887134,0.0019343750925138927
54051,Marshall County,WV,3/15/2026 16:00,0.008822202310615297,0.005525495135031866,0.001854606213028176,0.0020757776732133627
54051,Marshall County,WV,3/15/2026 17:00,0.00807511493869765,0.00485782133282137,0.0017750988178832372,0.001860394021053067
54051,Marshall County,WV,3/15/2026 18:00,0.007935779847737412,0.004114861905797866,0.0018822293578168526,0.0017384426856227547
54051,Marshall County,WV,3/15/2026 19:00,0.00839045797630101,0.0036333300273157696,0.0022527079330103795,0.0
54051,Marshall County,WV,3/15/2026 20:00,0.005944001970085496,0.0037330952717125705,0.003877839876731425,0.0
54051,Marshall County,WV,3/15/2026 21:00,0.0050076955828346655,0.002646058189090333,0.004949841256128063,0.0
54051,Marshall County,WV,3/15/2026 22:00,0.004409110407242823,0.002952790498692006,0.004458987548078506,0.0
54051,Marshall County,WV,3/15/2026 23:00,0.00384189500210379,0.002194617548300261,0.005920171347775006,0.0
54051,Marshall County,WV,3/16/2026 0:00,0.005533567430925207,0.002650291015773018,0.005407159152134148,0.0
54051,Marshall County,WV,3/16/2026 1:00,0.004566994852515266,0.002169292511157456,0.004211453580333505,0.0
54051,Marshall County,WV,3/16/2026 2:00,0.005517343622310089,0.003476074927303422,0.0033266402537834314,0.0
54051,Marshall County,WV,3/16/2026 3:00,0.004862784728682665,0.003511485138591942,0.0031696359134481206,0.0
54051,Marshall County,WV,3/16/2026 4:00,0.004070354576412438,0.004672444364358133,0.002846951059260862,0.0
54051,Marshall County,WV,3/16/2026 5:00,0.005531165894130688,0.0036517526759052886,0.0030550104194884543,0.00118128657582412
54051,Marshall County,WV,3/16/2026 6:00,0.005629239525367861,0.0028755565028974806,0.0030023391852175294,0.0
54051,Marshall County,WV,3/16/2026 7:00,0.0067347690293875105,0.0018489254592027858,0.003157892776712819,0.0
54051,Marshall County,WV,3/16/2026 8:00,0.006026481636248997,0.001649745828472747,0.0019344528143389402,0.0
54051,Marshall County,WV,3/16/2026 9:00,0.005360956526791509,0.0022422607281775,0.0023465975285323426,0.0
54051,Marshall County,WV,3/16/2026 10:00,0.007968251663406324,0.0025561862243716946,0.0030286735706944565,0.0
54051,Marshall County,WV,3/16/2026 11:00,0.004719031833842431,0.0029490974563097555,0.0033970223782980547,0.0
54051,Marshall County,WV,3/16/2026 12:00,0.0036871351381876248,0.0022314382902545956,0.0026665244701711546,0.0
54051,Marshall County,WV,3/16/2026 13:00,0.003431130440766562,0.0025428465598734532,0.002313412111162323,0.0
54051,Marshall County,WV,3/16/2026 14:00,0.0030174880336618056,0.002662699901769951,0.0018823318300386313,0.0
54051,Marshall County,WV,3/16/2026 15:00,0.003172983326700898,0.0028623755848967464,0.0015069398324172552,0.0
54051,Marshall County,WV,3/16/2026 16:00,0.004875241018900477,0.0028412421586764933,0.0,0.0
54051,Marshall County,WV,3/16/2026 17:00,0.0033429857181291834,0.0027947915353048022,0.0,0.0
54051,Marshall County,WV,3/16/2026 18:00,0.0027640462999694035,0.00334434666568202,0.0,0.0
54051,Marshall County,WV,3/16/2026 19:00,0.0039764219261045775,0.0033339661717967923,0.0,0.0
54051,Marshall County,WV,3/16/2026 20:00,0.003358956053136031,0.00259715684347328,0.0,0.0
54051,Marshall County,WV,3/16/2026 21:00,0.004154222190825834,0.00423002267075807,0.0,0.0
54051,Marshall County,WV,3/16/2026 22:00,0.003747594541989175,0.0027579411183805904,0.0,0.0
54051,Marshall County,WV,3/16/2026 23:00,0.004207880930498894,0.0023750643551240617,0.0,0.0
54051,Marshall County,WV,3/17/2026 0:00,0.004167346883836054,0.00193530522939284,0.0,0.0
54051,Marshall County,WV,3/17/2026 1:00,0.003289316907874989,0.0047897147892890625,0.0,0.0
54051,Marshall County,WV,3/17/2026 2:00,0.0029037741963350767,0.00447955997938227,0.0,0.0
54051,Marshall County,WV,3/17/2026 3:00,0.002271941616528243,0.003766552758077716,0.0,0.0
54051,Marshall County,WV,3/17/2026 4:00,0.002610102228628404,0.00296947916221039,0.0,0.0
54051,Marshall County,WV,3/17/2026 5:00,0.002804986956337174,0.002123915854722003,0.0,0.0
54051,Marshall County,WV,3/17/2026 6:00,0.0019472020163181477,0.002661154358296055,0.0,0.0
54051,Marshall County,WV,3/17/2026 7:00,0.002392610598725956,0.0023245792176795205,0.0,0.0
54051,Marshall County,WV,3/17/2026 8:00,0.001225691101742635,0.0016317765921273438,0.0,0.0
54051,Marshall County,WV,3/17/2026 9:00,0.0,0.0013639386706824673,0.001256100824264295,0.0
54051,Marshall County,WV,3/17/2026 10:00,0.0013245575854616799,0.001113447767495718,0.0012133974741637109,0.0
54051,Marshall County,WV,3/17/2026 11:00,0.001123481811781078,0.0017287439458388266,0.0015954335257970906,0.0
54051,Marshall County,WV,3/17/2026 12:00,0.0,0.0,0.0019720308685555995,0.0
54051,Marshall County,WV,3/17/2026 13:00,0.0021737296097355365,0.0,0.002041495950708264,0.0
54051,Marshall County,WV,3/17/2026 14:00,0.0,0.0,0.0021237745326154666,0.0
54051,Marshall County,WV,3/17/2026 15:00,0.0,0.0,0.0019257520925896263,0.0
54051,Marshall County,WV,3/17/2026 16:00,0.0,0.0,0.001277379492398164,0.0
54051,Marshall County,WV,3/17/2026 17:00,0.0010097326319757933,0.0,0.0,0.0
54051,Marshall County,WV,3/17/2026 18:00,0.0,0.0,0.0,0.0
54051,Marshall County,WV,3/17/2026 19:00,0.0,0.0,0.0,0.0
54051,Marshall County,WV,3/17/2026 20:00,0.0,0.0,0.0,0.0
54051,Marshall County,WV,3/17/2026 21:00,0.0,0.0,0.0,0.0
54051,Marshall County,WV,3/17/2026 22:00,0.0,0.0,0.0,0.0
54051,Marshall County,WV,3/17/2026 23:00,0.0,0.0,0.0,0.0
54051,Marshall County,WV,3/18/2026 0:00,0.0,0.0,0.0,
54051,Marshall County,WV,3/18/2026 1:00,0.0,0.0011215516185439606,0.0,
54051,Marshall County,WV,3/18/2026 2:00,0.0,0.0,0.0,
54051,Marshall County,WV,3/18/2026 3:00,0.0,0.0,0.0,
54051,Marshall County,WV,3/18/2026 4:00,0.0,0.0,0.0,
54051,Marshall County,WV,3/18/2026 5:00,0.0,0.0024238894264771087,0.0,
54051,Marshall County,WV,3/18/2026 6:00,0.0,0.0026656497499481283,0.0,
54051,Marshall County,WV,3/18/2026 7:00,0.0,0.0,0.0,
54051,Marshall County,WV,3/18/2026 8:00,0.0,0.0,0.0,
54051,Marshall County,WV,3/18/2026 9:00,0.0,0.0,0.0,
54051,Marshall County,WV,3/18/2026 10:00,0.0,0.0,0.0,
54051,Marshall County,WV,3/18/2026 11:00,0.0015224544707370684,0.001177715335410056,0.0010392530958914258,
54051,Marshall County,WV,3/18/2026 12:00,0.001096186994699051,0.0,0.0010354809920779615,
54051,Marshall County,WV,3/18/2026 13:00,0.0,0.0,0.0013135544960299489,
54051,Marshall County,WV,3/18/2026 14:00,0.0010029344448288507,0.0,0.001322185316910601,
54051,Marshall County,WV,3/18/2026 15:00,0.0010301092517797815,0.0,0.0013095548954212542,
54051,Marshall County,WV,3/18/2026 16:00,0.0,0.0,0.0010013582906999933,
54051,Marshall County,WV,3/18/2026 17:00,0.0,0.0,0.0,
54051,Marshall County,WV,3/18/2026 18:00,0.0,0.0,0.0,
54051,Marshall County,WV,3/18/2026 19:00,0.0,0.0,0.0,
54051,Marshall County,WV,3/18/2026 20:00,0.0,0.0017125589121092907,0.0,
54051,Marshall County,WV,3/18/2026 21:00,0.0,0.0,0.0,
54051,Marshall County,WV,3/18/2026 22:00,0.0,0.0,0.0,
54051,Marshall County,WV,3/18/2026 23:00,0.0,0.0,0.0,
54051,Marshall County,WV,3/19/2026 0:00,0.0,0.0,,
54051,Marshall County,WV,3/19/2026 1:00,0.0,0.0,,
54051,Marshall County,WV,3/19/2026 2:00,0.0,0.0,,
54051,Marshall County,WV,3/19/2026 3:00,0.0,0.0,,
54051,Marshall County,WV,3/19/2026 4:00,0.0,0.0,,
54051,Marshall County,WV,3/19/2026 5:00,0.0,0.0,,
54051,Marshall County,WV,3/19/2026 6:00,0.0,0.0,,
54051,Marshall County,WV,3/19/2026 7:00,0.0,0.0,,
54051,Marshall County,WV,3/19/2026 8:00,0.0,0.0,,
54051,Marshall County,WV,3/19/2026 9:00,0.0,0.0,,
54051,Marshall County,WV,3/19/2026 10:00,0.0,0.0,,
54051,Marshall County,WV,3/19/2026 11:00,0.0,0.0,,
54051,Marshall County,WV,3/19/2026 12:00,0.0,0.0,,
54051,Marshall County,WV,3/19/2026 13:00,0.0,0.0,,
54051,Marshall County,WV,3/19/2026 14:00,0.0,0.0,,
54051,Marshall County,WV,3/19/2026 15:00,0.0,0.0,,
54051,Marshall County,WV,3/19/2026 16:00,0.0,0.0,,
54051,Marshall County,WV,3/19/2026 17:00,0.0,0.0,,
54051,Marshall County,WV,3/19/2026 18:00,0.0,,,
54051,Marshall County,WV,3/19/2026 19:00,0.0,,,
54051,Marshall County,WV,3/19/2026 20:00,0.0,,,
54051,Marshall County,WV,3/19/2026 21:00,0.0,,,
54051,Marshall County,WV,3/19/2026 22:00,0.0,,,
54051,Marshall County,WV,3/19/2026 23:00,,,,
54061,Monongalia County,WV,3/14/2026 0:00,0.005669011654337701,0.0028288170427011317,0.0,0.0
54061,Monongalia County,WV,3/14/2026 1:00,0.00484831644131013,0.002853977920269166,0.0,0.0
54061,Monongalia County,WV,3/14/2026 2:00,0.004418963579060306,0.0030297439676186537,0.0,0.0
54061,Monongalia County,WV,3/14/2026 3:00,0.004192943492169526,0.0030668779039675024,0.0,0.0
54061,Monongalia County,WV,3/14/2026 4:00,0.004323224955518242,0.0032465173742970096,0.0,0.0010734885417491736
54061,Monongalia County,WV,3/14/2026 5:00,0.004195751305897788,0.0029588792728260146,0.0,0.0012832172959897734
54061,Monongalia County,WV,3/14/2026 6:00,0.005158401550456375,0.0025166416432226145,0.0,0.001182705677396436
54061,Monongalia County,WV,3/14/2026 7:00,0.004500926504260858,0.0028930932335121612,0.0,0.0013338335359634919
54061,Monongalia County,WV,3/14/2026 8:00,0.004892537256847828,0.002383526286974542,0.0,0.0013703626219890724
54061,Monongalia County,WV,3/14/2026 9:00,0.005006976994172039,0.0020493220877987987,0.0,0.001612663939575234
54061,Monongalia County,WV,3/14/2026 10:00,0.0039935399577591445,0.0020977674742976623,0.0,0.0
54061,Monongalia County,WV,3/14/2026 11:00,0.0038759224874345597,0.001934858629804736,0.0,0.0
54061,Monongalia County,WV,3/14/2026 12:00,0.002928724379383743,0.0019982123283387608,0.0025449718256253195,0.0
54061,Monongalia County,WV,3/14/2026 13:00,0.002929539589210895,0.0014178921751260704,0.0026143027684865884,0.0
54061,Monongalia County,WV,3/14/2026 14:00,0.0028639925696998915,0.0,0.0026706316180773264,0.0
54061,Monongalia County,WV,3/14/2026 15:00,0.0027156584043989745,0.0010268524396647748,0.0021376928524807033,0.0
54061,Monongalia County,WV,3/14/2026 16:00,0.0030758942942307388,0.0010818843045954942,0.002005096824117624,0.0
54061,Monongalia County,WV,3/14/2026 17:00,0.0028110289269222444,0.0,0.0017914441239493424,0.0
54061,Monongalia County,WV,3/14/2026 18:00,0.0028955413780658488,0.0,0.0020267684967928455,0.0
54061,Monongalia County,WV,3/14/2026 19:00,0.0022298070917927916,0.0,0.002173677495809505,0.0
54061,Monongalia County,WV,3/14/2026 20:00,0.0021391061347814976,0.0,0.0014514784865449551,0.0
54061,Monongalia County,WV,3/14/2026 21:00,0.002191919885151997,0.0,0.0010725312194875864,0.001103224730263498
54061,Monongalia County,WV,3/14/2026 22:00,0.0021900772954562687,0.0,0.0,0.0011517696188732133
54061,Monongalia County,WV,3/14/2026 23:00,0.0019921961132345956,0.0,0.0,0.001044027949024793
54061,Monongalia County,WV,3/15/2026 0:00,0.00205397833070493,0.0,0.0,0.0016987704203605162
54061,Monongalia County,WV,3/15/2026 1:00,0.0017638772370451204,0.0,0.0,0.00109839678416969
54061,Monongalia County,WV,3/15/2026 2:00,0.0016176337369089352,0.001192499027633941,0.0,0.001405491276386614
54061,Monongalia County,WV,3/15/2026 3:00,0.0017248359817120065,0.0012054790948559451,0.0,0.0017035001652070982
54061,Monongalia County,WV,3/15/2026 4:00,0.001596089972903841,0.0011485525994071393,0.0014000191675480865,0.0021312067721078938
54061,Monongalia County,WV,3/15/2026 5:00,0.0017044298592697265,0.0013968592260531637,0.0,0.0020169146349990987
54061,Monongalia County,WV,3/15/2026 6:00,0.0015758767992229451,0.0018878268348283727,0.0,0.001981901395038564
54061,Monongalia County,WV,3/15/2026 7:00,0.0018005836690701135,0.004483540943104632,0.0,0.002368428736415145
54061,Monongalia County,WV,3/15/2026 8:00,0.0013417084282578034,0.0024936575691573573,0.0016718727424022515,0.003766253275304447
54061,Monongalia County,WV,3/15/2026 9:00,0.0013782945550340016,0.002215539596251915,0.001336956304334261,0.0036635986061021486
54061,Monongalia County,WV,3/15/2026 10:00,0.002444092306419427,0.00219188325847609,0.0,0.004082305541554902
54061,Monongalia County,WV,3/15/2026 11:00,0.0027314641427189207,0.002066312722470403,0.0,0.003574642889841772
54061,Monongalia County,WV,3/15/2026 12:00,0.0032070401529774714,0.0020154119712030285,0.0,0.0021042247706798195
54061,Monongalia County,WV,3/15/2026 13:00,0.003704420577436014,0.0019690506097186583,0.0,0.001738042720836908
54061,Monongalia County,WV,3/15/2026 14:00,0.002739160901721765,0.002586649934798752,0.0,0.0016614784793163827
54061,Monongalia County,WV,3/15/2026 15:00,0.001971623803014746,0.0025617854247054787,0.0,0.0013531016210492012
54061,Monongalia County,WV,3/15/2026 16:00,0.0018280183123432778,0.00273727431347555,0.0,0.0012270694081569404
54061,Monongalia County,WV,3/15/2026 17:00,0.0016234999499783903,0.0034164926084206625,0.0,0.0012617089124702257
54061,Monongalia County,WV,3/15/2026 18:00,0.0023423312887743152,0.0016665700185600043,0.0011161923116979186,0.0011534203040708495
54061,Monongalia County,WV,3/15/2026 19:00,0.002605220397387564,0.0014098998022378526,0.001805429870807046,0.0
54061,Monongalia County,WV,3/15/2026 20:00,0.003095989142839215,0.0017256290401388601,0.002742016354991428,0.0
54061,Monongalia County,WV,3/15/2026 21:00,0.0034136447758996596,0.0018589058547505667,0.0023756944602690943,0.0
54061,Monongalia County,WV,3/15/2026 22:00,0.0020542028616553683,0.0014158055679047176,0.002278519807990851,0.0
54061,Monongalia County,WV,3/15/2026 23:00,0.002577253715170112,0.0016954266970219591,0.0024659022656978733,0.0
54061,Monongalia County,WV,3/16/2026 0:00,0.003381507134694097,0.0016900683527108044,0.002300538727387766,0.0011197991911367467
54061,Monongalia County,WV,3/16/2026 1:00,0.004513851457526145,0.0028361156179884718,0.0018878564704352457,0.0
54061,Monongalia County,WV,3/16/2026 2:00,0.0015460408470749818,0.0031871559570115756,0.0015653628527561147,0.0
54061,Monongalia County,WV,3/16/2026 3:00,0.0016861656236548366,0.003511555427777367,0.0016642795428740446,0.0
54061,Monongalia County,WV,3/16/2026 4:00,0.001664851862552708,0.002481980805843094,0.0015631788160067942,0.0
54061,Monongalia County,WV,3/16/2026 5:00,0.001706797528449065,0.0026853290472200783,0.0017377461073844653,0.0
54061,Monongalia County,WV,3/16/2026 6:00,0.0018294272062986106,0.004100800249719775,0.001608510308694456,0.0
54061,Monongalia County,WV,3/16/2026 7:00,0.004090405492997902,0.0023170570481088515,0.0016367448895885542,0.0
54061,Monongalia County,WV,3/16/2026 8:00,0.0032984983499505277,0.0022288520752391833,0.0018496297386002424,0.0
54061,Monongalia County,WV,3/16/2026 9:00,0.0020204593708299193,0.0030950433324774336,0.0015788990404548365,0.0
54061,Monongalia County,WV,3/16/2026 10:00,0.002125609778063801,0.0025971873912824877,0.0016856798777373889,0.0
54061,Monongalia County,WV,3/16/2026 11:00,0.002484459256624548,0.001975697995883602,0.0016027160655835964,0.0
54061,Monongalia County,WV,3/16/2026 12:00,0.003285720941715338,0.0029898986398051637,0.0021262527310623816,0.0
54061,Monongalia County,WV,3/16/2026 13:00,0.0025609600440957294,0.0030294182082818504,0.0019986123905993223,0.0
54061,Monongalia County,WV,3/16/2026 14:00,0.0018680177139035249,0.003345042402085627,0.0018322568962510733,0.0
54061,Monongalia County,WV,3/16/2026 15:00,0.0016517987567832122,0.0033740697491607538,0.0016307750282007242,0.0
54061,Monongalia County,WV,3/16/2026 16:00,0.0025902380065967712,0.004138054298357302,0.0018015619483500614,0.0
54061,Monongalia County,WV,3/16/2026 17:00,0.00292410749429853,0.0036488778434016675,0.0017102039133010882,0.0
54061,Monongalia County,WV,3/16/2026 18:00,0.00485891301175427,0.0058674941902637934,0.002750004230706591,0.0
54061,Monongalia County,WV,3/16/2026 19:00,0.004089206712475932,0.00502477243002556,0.0015344058058027754,0.0
54061,Monongalia County,WV,3/16/2026 20:00,0.004933224484765133,0.004718409122190604,0.0,0.0
54061,Monongalia County,WV,3/16/2026 21:00,0.005509208962081973,0.0027939111877626037,0.0,0.0
54061,Monongalia County,WV,3/16/2026 22:00,0.005736926214774088,0.0023837583823599615,0.0,0.0
54061,Monongalia County,WV,3/16/2026 23:00,0.004779761271516189,0.0017424608382872412,0.0,0.0
54061,Monongalia County,WV,3/17/2026 0:00,0.004074241858423259,0.002378126697952435,0.0,0.0
54061,Monongalia County,WV,3/17/2026 1:00,0.004354074465158121,0.0061372517499262095,0.0,0.0
54061,Monongalia County,WV,3/17/2026 2:00,0.0036151494593695335,0.006218782902264999,0.0,0.0
54061,Monongalia County,WV,3/17/2026 3:00,0.0031764365194919516,0.007849224427637233,0.0,0.0
54061,Monongalia County,WV,3/17/2026 4:00,0.003071475929266699,0.007856212394735912,0.0,0.0
54061,Monongalia County,WV,3/17/2026 5:00,0.0029739921121766065,0.007461857799289479,0.0,0.0
54061,Monongalia County,WV,3/17/2026 6:00,0.0030527100155796952,0.005607305094968949,0.0,0.0
54061,Monongalia County,WV,3/17/2026 7:00,0.0028997689235432237,0.005490186935929099,0.0,0.0
54061,Monongalia County,WV,3/17/2026 8:00,0.0029765739085184126,0.003592891283188622,0.0,0.0
54061,Monongalia County,WV,3/17/2026 9:00,0.0027798141871667225,0.003399371196363252,0.0,0.0
54061,Monongalia County,WV,3/17/2026 10:00,0.0030666002807058115,0.0031963518546370296,0.0,0.0
54061,Monongalia County,WV,3/17/2026 11:00,0.002857186247912128,0.003185245984353559,0.0,0.0
54061,Monongalia County,WV,3/17/2026 12:00,0.0023918227263556822,0.0015068320221060256,0.0,0.0
54061,Monongalia County,WV,3/17/2026 13:00,0.0021675624125283,0.0,0.0,0.0
54061,Monongalia County,WV,3/17/2026 14:00,0.001996525974884911,0.0,0.0,0.0
54061,Monongalia County,WV,3/17/2026 15:00,0.0022258423995412785,0.0,0.0,0.0
54061,Monongalia County,WV,3/17/2026 16:00,0.0017944320136403596,0.0,0.0,0.0
54061,Monongalia County,WV,3/17/2026 17:00,0.0,0.0,0.0,0.0
54061,Monongalia County,WV,3/17/2026 18:00,0.0,0.0,0.0,0.0
54061,Monongalia County,WV,3/17/2026 19:00,0.0,0.0,0.0,0.0
54061,Monongalia County,WV,3/17/2026 20:00,0.0,0.0,0.0,0.0
54061,Monongalia County,WV,3/17/2026 21:00,0.0,0.0,0.0,0.0
54061,Monongalia County,WV,3/17/2026 22:00,0.0,0.0,0.0,0.0
54061,Monongalia County,WV,3/17/2026 23:00,0.0,0.0,0.0,0.0
54061,Monongalia County,WV,3/18/2026 0:00,0.0,0.0,0.0,
54061,Monongalia County,WV,3/18/2026 1:00,0.0,0.0,0.0,
54061,Monongalia County,WV,3/18/2026 2:00,0.0,0.0,0.0,
54061,Monongalia County,WV,3/18/2026 3:00,0.0,0.0,0.0,
54061,Monongalia County,WV,3/18/2026 4:00,0.0,0.0,0.0,
54061,Monongalia County,WV,3/18/2026 5:00,0.0,0.0,0.0,
54061,Monongalia County,WV,3/18/2026 6:00,0.0,0.0,0.0,
54061,Monongalia County,WV,3/18/2026 7:00,0.0,0.0,0.0,
54061,Monongalia County,WV,3/18/2026 8:00,0.0,0.0,0.0,
54061,Monongalia County,WV,3/18/2026 9:00,0.0011882267384904694,0.0,0.0,
54061,Monongalia County,WV,3/18/2026 10:00,0.0013096752196845463,0.0,0.0,
54061,Monongalia County,WV,3/18/2026 11:00,0.0014082541949258188,0.0,0.0,
54061,Monongalia County,WV,3/18/2026 12:00,0.0014319320061477857,0.0,0.0,
54061,Monongalia County,WV,3/18/2026 13:00,0.0014341141811572416,0.0,0.0,
54061,Monongalia County,WV,3/18/2026 14:00,0.0011565548473481632,0.0,0.0,
54061,Monongalia County,WV,3/18/2026 15:00,0.0011963935869032038,0.0,0.0,
54061,Monongalia County,WV,3/18/2026 16:00,0.0,0.0,0.0,
54061,Monongalia County,WV,3/18/2026 17:00,0.0,0.0,0.0,
54061,Monongalia County,WV,3/18/2026 18:00,0.0,0.0,0.0,
54061,Monongalia County,WV,3/18/2026 19:00,0.0,0.0,0.0,
54061,Monongalia County,WV,3/18/2026 20:00,0.0,0.0,0.0,
54061,Monongalia County,WV,3/18/2026 21:00,0.0,0.0,0.0,
54061,Monongalia County,WV,3/18/2026 22:00,0.0,0.0,0.0,
54061,Monongalia County,WV,3/18/2026 23:00,0.0,0.0,0.0,
54061,Monongalia County,WV,3/19/2026 0:00,0.0,0.0,,
54061,Monongalia County,WV,3/19/2026 1:00,0.0,0.0,,
54061,Monongalia County,WV,3/19/2026 2:00,0.0,0.0,,
54061,Monongalia County,WV,3/19/2026 3:00,0.0,0.0,,
54061,Monongalia County,WV,3/19/2026 4:00,0.0,0.0,,
54061,Monongalia County,WV,3/19/2026 5:00,0.0,0.0,,
54061,Monongalia County,WV,3/19/2026 6:00,0.0,0.0,,
54061,Monongalia County,WV,3/19/2026 7:00,0.0,0.0,,
54061,Monongalia County,WV,3/19/2026 8:00,0.0,0.0,,
54061,Monongalia County,WV,3/19/2026 9:00,0.0,0.0,,
54061,Monongalia County,WV,3/19/2026 10:00,0.0,0.0,,
54061,Monongalia County,WV,3/19/2026 11:00,0.0,0.0,,
54061,Monongalia County,WV,3/19/2026 12:00,0.0,0.0,,
54061,Monongalia County,WV,3/19/2026 13:00,0.0,0.0,,
54061,Monongalia County,WV,3/19/2026 14:00,0.0,0.0,,
54061,Monongalia County,WV,3/19/2026 15:00,0.0,0.0,,
54061,Monongalia County,WV,3/19/2026 16:00,0.0,0.0,,
54061,Monongalia County,WV,3/19/2026 17:00,0.0,0.0,,
54061,Monongalia County,WV,3/19/2026 18:00,0.0,,,
54061,Monongalia County,WV,3/19/2026 19:00,0.0,,,
54061,Monongalia County,WV,3/19/2026 20:00,0.0,,,
54061,Monongalia County,WV,3/19/2026 21:00,0.0,,,
54061,Monongalia County,WV,3/19/2026 22:00,0.0,,,
54061,Monongalia County,WV,3/19/2026 23:00,,,,
54065,Morgan County,WV,3/14/2026 0:00,0.003275329381656257,0.004243437863242643,0.0,0.0
54065,Morgan County,WV,3/14/2026 1:00,0.00359683251305099,0.00452557828929888,0.0,0.0
54065,Morgan County,WV,3/14/2026 2:00,0.003486515965456418,0.003349467617878055,0.0,0.0
54065,Morgan County,WV,3/14/2026 3:00,0.0040550194195915785,0.0035946501555517716,0.0,0.0
54065,Morgan County,WV,3/14/2026 4:00,0.004228732118845292,0.003325381424011358,0.0,0.0
54065,Morgan County,WV,3/14/2026 5:00,0.004666611059817723,0.0028987053510471884,0.0,0.0
54065,Morgan County,WV,3/14/2026 6:00,0.0044421552942317455,0.002491501095015125,0.0,0.0
54065,Morgan County,WV,3/14/2026 7:00,0.003921688935596752,0.0025022532759681718,0.0,0.0010063489976605492
54065,Morgan County,WV,3/14/2026 8:00,0.0029399664468092606,0.0017122160337250715,0.0,0.0
54065,Morgan County,WV,3/14/2026 9:00,0.0026496399233562713,0.0015207493015588765,0.0,0.0
54065,Morgan County,WV,3/14/2026 10:00,0.002274502648367818,0.0017324323481336763,0.0,0.0
54065,Morgan County,WV,3/14/2026 11:00,0.0016677290208254763,0.0016583981508253636,0.0,0.0
54065,Morgan County,WV,3/14/2026 12:00,0.0016075870462084682,0.0014419356023367203,0.0,0.0
54065,Morgan County,WV,3/14/2026 13:00,0.0011308868722422999,0.001137037361068324,0.0,0.0
54065,Morgan County,WV,3/14/2026 14:00,0.0,0.0,0.0,0.0
54065,Morgan County,WV,3/14/2026 15:00,0.0012002735276334757,0.0,0.0,0.0
54065,Morgan County,WV,3/14/2026 16:00,0.0,0.0,0.0,0.0
54065,Morgan County,WV,3/14/2026 17:00,0.0,0.0012447427926923797,0.0,0.0
54065,Morgan County,WV,3/14/2026 18:00,0.0,0.0,0.0,0.0
54065,Morgan County,WV,3/14/2026 19:00,0.0,0.0,0.0,0.0
54065,Morgan County,WV,3/14/2026 20:00,0.0,0.0,0.0,0.0
54065,Morgan County,WV,3/14/2026 21:00,0.0,0.0010565711650407888,0.0,0.0010349752518536677
54065,Morgan County,WV,3/14/2026 22:00,0.0,0.0014536020476675336,0.0,0.0012004775228044362
54065,Morgan County,WV,3/14/2026 23:00,0.0,0.0014093559586022797,0.0,0.0020360420253099027
54065,Morgan County,WV,3/15/2026 0:00,0.0,0.001015106866858077,0.0,0.0019735099181304307
54065,Morgan County,WV,3/15/2026 1:00,0.0,0.0010423424451840308,0.0,0.0019366597274611294
54065,Morgan County,WV,3/15/2026 2:00,0.0,0.0010582162244922324,0.0,0.0010719671487873215
54065,Morgan County,WV,3/15/2026 3:00,0.0,0.0,0.0,0.0
54065,Morgan County,WV,3/15/2026 4:00,0.0,0.0011014525212062606,0.0,0.0
54065,Morgan County,WV,3/15/2026 5:00,0.0,0.0,0.0,0.0
54065,Morgan County,WV,3/15/2026 6:00,0.0,0.0010644450341026513,0.0,0.0
54065,Morgan County,WV,3/15/2026 7:00,0.0,0.0,0.0,0.0
54065,Morgan County,WV,3/15/2026 8:00,0.0,0.0,0.0,0.0
54065,Morgan County,WV,3/15/2026 9:00,0.0,0.0,0.0,0.0
54065,Morgan County,WV,3/15/2026 10:00,0.0,0.0,0.0,0.0
54065,Morgan County,WV,3/15/2026 11:00,0.0,0.0,0.0,0.0
54065,Morgan County,WV,3/15/2026 12:00,0.0,0.0,0.0014613477669364865,0.0
54065,Morgan County,WV,3/15/2026 13:00,0.0,0.0,0.0,0.0
54065,Morgan County,WV,3/15/2026 14:00,0.0,0.0,0.0,0.0
54065,Morgan County,WV,3/15/2026 15:00,0.0,0.0,0.0,0.0
54065,Morgan County,WV,3/15/2026 16:00,0.0,0.0,0.0,0.0
54065,Morgan County,WV,3/15/2026 17:00,0.0,0.0,0.0,0.0
54065,Morgan County,WV,3/15/2026 18:00,0.0,0.0,0.0,0.0
54065,Morgan County,WV,3/15/2026 19:00,0.0,0.0,0.0,0.0
54065,Morgan County,WV,3/15/2026 20:00,0.0,0.0,0.0,0.0
54065,Morgan County,WV,3/15/2026 21:00,0.0,0.0,0.0029339137096924548,0.0
54065,Morgan County,WV,3/15/2026 22:00,0.0,0.0,0.0018193135464755303,0.0
54065,Morgan County,WV,3/15/2026 23:00,0.0,0.0,0.002014388266806898,0.0
54065,Morgan County,WV,3/16/2026 0:00,0.0,0.0,0.0023944056434611165,0.0
54065,Morgan County,WV,3/16/2026 1:00,0.0,0.0,0.0024586884166473105,0.0
54065,Morgan County,WV,3/16/2026 2:00,0.0,0.0,0.001868987878658182,0.0
54065,Morgan County,WV,3/16/2026 3:00,0.0,0.001070914302426716,0.0015554628553090277,0.0
54065,Morgan County,WV,3/16/2026 4:00,0.0,0.0,0.0020324630969219973,0.0
54065,Morgan County,WV,3/16/2026 5:00,0.0,0.0,0.0017183756474596044,0.0
54065,Morgan County,WV,3/16/2026 6:00,0.0,0.0,0.0013801572155943433,0.0
54065,Morgan County,WV,3/16/2026 7:00,0.0,0.0,0.0013487614120822333,0.0
54065,Morgan County,WV,3/16/2026 8:00,0.0,0.0,0.0,0.0
54065,Morgan County,WV,3/16/2026 9:00,0.0,0.0,0.0010638786393435916,0.0
54065,Morgan County,WV,3/16/2026 10:00,0.0,0.0,0.0013875513662636133,0.0
54065,Morgan County,WV,3/16/2026 11:00,0.0,0.0,0.0017526656574837305,0.0
54065,Morgan County,WV,3/16/2026 12:00,0.0,0.0014779966403002305,0.0015112348063013462,0.0
54065,Morgan County,WV,3/16/2026 13:00,0.0,0.001562090345266334,0.0,0.0
54065,Morgan County,WV,3/16/2026 14:00,0.0,0.00219476000026454,0.0010062926496872352,0.0
54065,Morgan County,WV,3/16/2026 15:00,0.0,0.0022668762065429205,0.0,0.0
54065,Morgan County,WV,3/16/2026 16:00,0.0015869446075230367,0.0023937648693023047,0.0,0.0
54065,Morgan County,WV,3/16/2026 17:00,0.0012158154708261852,0.0,0.0,0.0
54065,Morgan County,WV,3/16/2026 18:00,0.0,0.0016453183254056091,0.0,0.0
54065,Morgan County,WV,3/16/2026 19:00,0.00206021996477647,0.0023757440333765263,0.0,0.0
54065,Morgan County,WV,3/16/2026 20:00,0.002145657761990428,0.002832009563152265,0.0,0.0
54065,Morgan County,WV,3/16/2026 21:00,0.0035651150913497917,0.0028954911901897177,0.0,0.0
54065,Morgan County,WV,3/16/2026 22:00,0.0025623883651547303,0.002226859120043023,0.0,0.0
54065,Morgan County,WV,3/16/2026 23:00,0.00221625002820144,0.0016516503662861155,0.0,0.0
54065,Morgan County,WV,3/17/2026 0:00,0.0023513845051947634,0.0,0.0,0.0
54065,Morgan County,WV,3/17/2026 1:00,0.0023442531010702504,0.0012222072043542435,0.0,0.0
54065,Morgan County,WV,3/17/2026 2:00,0.0019783032720341784,0.0,0.0,0.0
54065,Morgan County,WV,3/17/2026 3:00,0.0016072680551867911,0.0015406229157941646,0.0,0.0
54065,Morgan County,WV,3/17/2026 4:00,0.0011855634117825067,0.0,0.0,0.0
54065,Morgan County,WV,3/17/2026 5:00,0.0,0.0,0.0,0.0
54065,Morgan County,WV,3/17/2026 6:00,0.001361788724984857,0.0,0.0,0.0
54065,Morgan County,WV,3/17/2026 7:00,0.0,0.0012189434473428022,0.0,0.0
54065,Morgan County,WV,3/17/2026 8:00,0.0010830009480748207,0.0,0.0,0.0
54065,Morgan County,WV,3/17/2026 9:00,0.0,0.0,0.0,0.0
54065,Morgan County,WV,3/17/2026 10:00,0.0,0.0,0.0,0.0
54065,Morgan County,WV,3/17/2026 11:00,0.0,0.0,0.0,0.0
54065,Morgan County,WV,3/17/2026 12:00,0.0,0.0,0.0,0.0
54065,Morgan County,WV,3/17/2026 13:00,0.0,0.0,0.0,0.0
54065,Morgan County,WV,3/17/2026 14:00,0.0,0.0,0.0,0.0
54065,Morgan County,WV,3/17/2026 15:00,0.0,0.0,0.0,0.0
54065,Morgan County,WV,3/17/2026 16:00,0.0,0.0,0.0,0.0
54065,Morgan County,WV,3/17/2026 17:00,0.0,0.0,0.0,0.0
54065,Morgan County,WV,3/17/2026 18:00,0.0,0.0,0.0,0.0
54065,Morgan County,WV,3/17/2026 19:00,0.0,0.0,0.0,0.0
54065,Morgan County,WV,3/17/2026 20:00,0.0,0.0,0.0,0.0
54065,Morgan County,WV,3/17/2026 21:00,0.0,0.0,0.0,0.0
54065,Morgan County,WV,3/17/2026 22:00,0.0,0.0,0.0,0.0
54065,Morgan County,WV,3/17/2026 23:00,0.0,0.0,0.0,0.0
54065,Morgan County,WV,3/18/2026 0:00,0.0,0.0,0.0,
54065,Morgan County,WV,3/18/2026 1:00,0.0,0.0,0.0,
54065,Morgan County,WV,3/18/2026 2:00,0.0,0.0,0.0,
54065,Morgan County,WV,3/18/2026 3:00,0.0,0.0,0.0,
54065,Morgan County,WV,3/18/2026 4:00,0.0,0.0,0.0,
54065,Morgan County,WV,3/18/2026 5:00,0.0,0.0,0.0,
54065,Morgan County,WV,3/18/2026 6:00,0.0,0.0,0.0,
54065,Morgan County,WV,3/18/2026 7:00,0.0,0.0,0.0,
54065,Morgan County,WV,3/18/2026 8:00,0.0,0.0,0.0,
54065,Morgan County,WV,3/18/2026 9:00,0.0,0.0,0.0,
54065,Morgan County,WV,3/18/2026 10:00,0.0,0.0012022938862296117,0.0,
54065,Morgan County,WV,3/18/2026 11:00,0.0015107744939900872,0.0010079660199561967,0.0,
54065,Morgan County,WV,3/18/2026 12:00,0.0010379711903389637,0.0,0.0,
54065,Morgan County,WV,3/18/2026 13:00,0.0,0.0,0.0,
54065,Morgan County,WV,3/18/2026 14:00,0.0010169032163006952,0.0,0.0,
54065,Morgan County,WV,3/18/2026 15:00,0.001046727597183929,0.0,0.0,
54065,Morgan County,WV,3/18/2026 16:00,0.0,0.0,0.0,
54065,Morgan County,WV,3/18/2026 17:00,0.0,0.0,0.0,
54065,Morgan County,WV,3/18/2026 18:00,0.0,0.0,0.0,
54065,Morgan County,WV,3/18/2026 19:00,0.0,0.0,0.0,
54065,Morgan County,WV,3/18/2026 20:00,0.0,0.0,0.0,
54065,Morgan County,WV,3/18/2026 21:00,0.0,0.0,0.0,
54065,Morgan County,WV,3/18/2026 22:00,0.0,0.0,0.0,
54065,Morgan County,WV,3/18/2026 23:00,0.0,0.0,0.0,
54065,Morgan County,WV,3/19/2026 0:00,0.0,0.0,,
54065,Morgan County,WV,3/19/2026 1:00,0.0,0.0,,
54065,Morgan County,WV,3/19/2026 2:00,0.0,0.0,,
54065,Morgan County,WV,3/19/2026 3:00,0.0,0.0,,
54065,Morgan County,WV,3/19/2026 4:00,0.0,0.0,,
54065,Morgan County,WV,3/19/2026 5:00,0.0,0.0,,
54065,Morgan County,WV,3/19/2026 6:00,0.0,0.0,,
54065,Morgan County,WV,3/19/2026 7:00,0.0,0.0,,
54065,Morgan County,WV,3/19/2026 8:00,0.0,0.0,,
54065,Morgan County,WV,3/19/2026 9:00,0.0,0.0,,
54065,Morgan County,WV,3/19/2026 10:00,0.0,0.0,,
54065,Morgan County,WV,3/19/2026 11:00,0.0,0.0,,
54065,Morgan County,WV,3/19/2026 12:00,0.0,0.0,,
54065,Morgan County,WV,3/19/2026 13:00,0.0,0.0,,
54065,Morgan County,WV,3/19/2026 14:00,0.0,0.0,,
54065,Morgan County,WV,3/19/2026 15:00,0.0,0.0,,
54065,Morgan County,WV,3/19/2026 16:00,0.0,0.0,,
54065,Morgan County,WV,3/19/2026 17:00,0.0,0.0,,
54065,Morgan County,WV,3/19/2026 18:00,0.0,,,
54065,Morgan County,WV,3/19/2026 19:00,0.0,,,
54065,Morgan County,WV,3/19/2026 20:00,0.0,,,
54065,Morgan County,WV,3/19/2026 21:00,0.0,,,
54065,Morgan County,WV,3/19/2026 22:00,0.0,,,
54065,Morgan County,WV,3/19/2026 23:00,,,,
