id,scope,seed,family,reused,checkpoints,prediction_rows,upstream_rows_reproduced,max_abs_difference,native_metric_diagnostic_replays,native_raw_metric_max_difference,cache_reused
split42/S0/lgb_P_t_24,[0],42,lightgbm,False,4,30480,0,0.0,0,4.163336342344337e-17,True
split42/S0/lgb_N_t_24,[0],42,lightgbm,False,4,30480,0,0.0,0,4.119968255444917e-18,True
split42/S0/lgb_D_t_24,[0],42,lightgbm,False,4,30480,0,0.0,0,1.0408340855860843e-17,True
split42/S0/lgb_R_t_24,[0],42,lightgbm,False,4,30480,0,0.0,1,8.659460673716458e-08,True
split42/S0/lgb_P_t_48,[0],42,lightgbm,False,4,24384,0,0.0,1,7.498759443495817e-07,True
split42/S0/lgb_N_t_48,[0],42,lightgbm,False,4,24384,0,0.0,0,1.3877787807814457e-17,True
split42/S0/lgb_D_t_48,[0],42,lightgbm,False,4,24384,0,0.0,0,6.938893903907228e-18,True
split42/S0/lgb_R_t_48,[0],42,lightgbm,False,4,24384,0,0.0,1,7.03917805529395e-07,True
split42/S1/lgb_P_t_24,[1],42,lightgbm,False,4,30600,0,0.0,0,2.0816681711721685e-17,True
split42/S1/lgb_N_t_24,[1],42,lightgbm,False,4,30600,0,0.0,0,6.071532165918825e-18,True
split42/S1/lgb_D_t_24,[1],42,lightgbm,False,4,30600,0,0.0,0,6.938893903907228e-18,True
split42/S1/lgb_R_t_24,[1],42,lightgbm,False,4,30600,0,0.0,0,4.7704895589362195e-18,True
split42/S1/lgb_P_t_48,[1],42,lightgbm,False,4,24480,0,0.0,0,1.3877787807814457e-17,True
split42/S1/lgb_N_t_48,[1],42,lightgbm,False,4,24480,0,0.0,0,4.7704895589362195e-18,True
split42/S1/lgb_D_t_48,[1],42,lightgbm,False,4,24480,0,0.0,0,3.469446951953614e-17,True
split42/S1/lgb_R_t_48,[1],42,lightgbm,False,4,24480,0,0.0,0,1.734723475976807e-18,True
split42/S2/lgb_P_t_24,[2],42,lightgbm,False,4,30480,0,0.0,0,1.734723475976807e-17,True
split42/S2/lgb_N_t_24,[2],42,lightgbm,False,4,30480,0,0.0,0,2.6020852139652106e-18,True
split42/S2/lgb_D_t_24,[2],42,lightgbm,False,4,30480,0,0.0,0,1.734723475976807e-17,True
split42/S2/lgb_R_t_24,[2],42,lightgbm,False,4,30480,0,0.0,0,3.469446951953614e-18,True
split42/S2/lgb_P_t_48,[2],42,lightgbm,False,4,24384,0,0.0,0,1.214306433183765e-17,True
split42/S2/lgb_N_t_48,[2],42,lightgbm,False,4,24384,0,0.0,1,1.9387212201269627e-06,True
split42/S2/lgb_D_t_48,[2],42,lightgbm,False,4,24384,0,0.0,0,1.3877787807814457e-17,True
split42/S2/lgb_R_t_48,[2],42,lightgbm,False,4,24384,0,0.0,1,1.8439622476648654e-06,True
split42/S3/lgb_P_t_24,[3],42,lightgbm,False,4,30480,0,0.0,0,1.214306433183765e-17,True
split42/S3/lgb_N_t_24,[3],42,lightgbm,False,4,30480,0,0.0,0,3.469446951953614e-18,True
split42/S3/lgb_D_t_24,[3],42,lightgbm,False,4,30480,0,0.0,0,3.469446951953614e-18,True
split42/S3/lgb_R_t_24,[3],42,lightgbm,False,4,30480,0,0.0,1,3.506801686003515e-07,True
split42/S3/lgb_P_t_48,[3],42,lightgbm,False,4,24384,0,0.0,0,1.6479873021779667e-17,True
split42/S3/lgb_N_t_48,[3],42,lightgbm,False,4,24384,0,0.0,0,1.3010426069826053e-18,True
split42/S3/lgb_D_t_48,[3],42,lightgbm,False,4,24384,0,0.0,0,8.673617379884035e-18,True
split42/S3/lgb_R_t_48,[3],42,lightgbm,False,4,24384,0,0.0,1,1.9934201931585266e-07,True
split42/S4/lgb_P_t_24,[4],42,lightgbm,False,4,30480,0,0.0,0,3.122502256758253e-17,True
split42/S4/lgb_N_t_24,[4],42,lightgbm,False,4,30480,0,0.0,0,1.3010426069826053e-17,True
split42/S4/lgb_D_t_24,[4],42,lightgbm,False,4,30480,0,0.0,0,3.2959746043559335e-17,True
split42/S4/lgb_R_t_24,[4],42,lightgbm,False,4,30480,0,0.0,0,6.938893903907228e-18,True
split42/S4/lgb_P_t_48,[4],42,lightgbm,False,4,24384,0,0.0,0,5.0306980803327406e-17,True
split42/S4/lgb_N_t_48,[4],42,lightgbm,False,4,24384,0,0.0,1,5.223764372392151e-07,True
split42/S4/lgb_D_t_48,[4],42,lightgbm,False,4,24384,0,0.0,0,5.204170427930421e-18,True
split42/S4/lgb_R_t_48,[4],42,lightgbm,False,4,24384,0,0.0,0,6.071532165918825e-18,True
split42/S01/lgb_N_t_01,"[0, 1]",42,lightgbm,False,3,29601,0,0.0,0,7.806255641895632e-18,True
split42/S01/lgb_D_t_01,"[0, 1]",42,lightgbm,False,3,29601,0,0.0,0,2.7755575615628914e-17,True
split42/S01/lgb_R_t_01,"[0, 1]",42,lightgbm,False,3,29601,0,0.0,0,9.107298248878237e-18,True
split42/S01/lgb_N_t_06,"[0, 1]",42,lightgbm,False,3,28566,0,0.0,1,1.5907205235801344e-07,True
split42/S01/lgb_D_t_06,"[0, 1]",42,lightgbm,False,3,28566,0,0.0,0,1.0408340855860843e-17,True
split42/S01/lgb_R_t_06,"[0, 1]",42,lightgbm,False,3,28566,0,0.0,0,3.0357660829594124e-18,True
split42/S01/lgb_P_t_24,"[0, 1]",42,lightgbm,False,3,24840,0,0.0,0,2.42861286636753e-17,True
split42/S01/lgb_N_t_24,"[0, 1]",42,lightgbm,False,3,24840,0,0.0,1,1.3559514465454406e-07,True
split42/S01/lgb_D_t_24,"[0, 1]",42,lightgbm,False,3,24840,0,0.0,0,1.9081958235744878e-17,True
split42/S01/lgb_R_t_24,"[0, 1]",42,lightgbm,False,3,24840,0,0.0,0,1.0191500421363742e-17,True
split42/S01/lgb_P_t_48,"[0, 1]",42,lightgbm,False,3,19872,0,0.0,0,2.42861286636753e-17,True
split42/S01/lgb_N_t_48,"[0, 1]",42,lightgbm,False,3,19872,0,0.0,1,1.2685334101641445e-06,True
split42/S01/lgb_D_t_48,"[0, 1]",42,lightgbm,False,3,19872,0,0.0,0,1.734723475976807e-17,True
split42/S01/lgb_R_t_48,"[0, 1]",42,lightgbm,False,3,19872,0,0.0,0,2.168404344971009e-17,True
split42/S01/lgb_osi_24,"[0, 1]",42,lightgbm,False,3,24840,0,0.0,0,2.7755575615628914e-17,True
split42/S01/lgb_osi_48,"[0, 1]",42,lightgbm,False,3,19872,0,0.0,0,1.3010426069826053e-17,True
split42/S01/P01_a,"[0, 1]",42,lightgbm,False,3,29601,0,0.0,0,0.0,True
split42/S01/P01_b,"[0, 1]",42,lightgbm,False,3,29601,0,0.0,0,1.734723475976807e-18,True
split42/S01/P06_a,"[0, 1]",42,lightgbm,False,3,28566,0,0.0,0,1.734723475976807e-18,True
split42/S01/P06_b,"[0, 1]",42,lightgbm,False,3,28566,0,0.0,0,0.0,True
split42/S01/P24_neighbor,"[0, 1]",42,lightgbm,False,3,24840,0,0.0,0,4.683753385137379e-17,True
split42/S01/D01_unknown,"[0, 1]",42,lightgbm,False,3,29601,0,0.0,0,2.42861286636753e-17,True
split42/S01/xgboost_osi_24,"[0, 1]",42,xgboost,False,3,24840,0,0.0,0,0.0,True
split42/S01/xgboost_P_t_24,"[0, 1]",42,xgboost,False,3,24840,0,0.0,0,0.0,True
split42/S01/xgboost_N_t_24,"[0, 1]",42,xgboost,False,3,24840,0,0.0,0,0.0,True
split42/S01/xgboost_D_t_24,"[0, 1]",42,xgboost,False,3,24840,0,0.0,0,0.0,True
split42/S01/xgboost_R_t_24,"[0, 1]",42,xgboost,False,3,24840,0,0.0,0,0.0,True
split42/S01/xgboost_osi_48,"[0, 1]",42,xgboost,False,3,19872,0,0.0,0,0.0,True
split42/S01/xgboost_P_t_48,"[0, 1]",42,xgboost,False,3,19872,0,0.0,0,0.0,True
split42/S01/xgboost_N_t_48,"[0, 1]",42,xgboost,False,3,19872,0,0.0,0,0.0,True
split42/S01/xgboost_D_t_48,"[0, 1]",42,xgboost,False,3,19872,0,0.0,0,0.0,True
split42/S01/xgboost_R_t_48,"[0, 1]",42,xgboost,False,3,19872,0,0.0,0,0.0,True
split42/S01/catboost_osi_24,"[0, 1]",42,catboost,False,3,24840,0,0.0,0,0.0,True
split42/S01/catboost_P_t_24,"[0, 1]",42,catboost,False,3,24840,0,0.0,0,0.0,True
split42/S01/catboost_N_t_24,"[0, 1]",42,catboost,False,3,24840,0,0.0,0,0.0,True
split42/S01/catboost_D_t_24,"[0, 1]",42,catboost,False,3,24840,0,0.0,0,0.0,True
split42/S01/catboost_R_t_24,"[0, 1]",42,catboost,False,3,24840,0,0.0,0,0.0,True
split42/S01/catboost_osi_48,"[0, 1]",42,catboost,False,3,19872,0,0.0,0,0.0,True
split42/S01/catboost_P_t_48,"[0, 1]",42,catboost,False,3,19872,0,0.0,0,0.0,True
split42/S01/catboost_N_t_48,"[0, 1]",42,catboost,False,3,19872,0,0.0,0,0.0,True
split42/S01/catboost_D_t_48,"[0, 1]",42,catboost,False,3,19872,0,0.0,0,0.0,True
split42/S01/catboost_R_t_48,"[0, 1]",42,catboost,False,3,19872,0,0.0,0,0.0,True
split42/S02/lgb_N_t_01,"[0, 2]",42,lightgbm,False,3,29458,0,0.0,0,1.214306433183765e-17,True
split42/S02/lgb_D_t_01,"[0, 2]",42,lightgbm,False,3,29458,0,0.0,0,6.938893903907228e-18,True
split42/S02/lgb_R_t_01,"[0, 2]",42,lightgbm,False,3,29458,0,0.0,0,5.204170427930421e-18,True
split42/S02/lgb_N_t_06,"[0, 2]",42,lightgbm,False,3,28428,0,0.0,0,6.288372600415926e-18,True
split42/S02/lgb_D_t_06,"[0, 2]",42,lightgbm,False,3,28428,0,0.0,0,3.469446951953614e-17,True
split42/S02/lgb_R_t_06,"[0, 2]",42,lightgbm,False,3,28428,0,0.0,0,1.734723475976807e-18,True
split42/S02/lgb_P_t_24,"[0, 2]",42,lightgbm,False,3,24720,0,0.0,1,5.868986231137574e-07,True
split42/S02/lgb_N_t_24,"[0, 2]",42,lightgbm,False,3,24720,0,0.0,1,8.565451743193508e-08,True
split42/S02/lgb_D_t_24,"[0, 2]",42,lightgbm,False,3,24720,0,0.0,0,1.734723475976807e-17,True
split42/S02/lgb_R_t_24,"[0, 2]",42,lightgbm,False,3,24720,0,0.0,0,3.0357660829594124e-18,True
split42/S02/lgb_P_t_48,"[0, 2]",42,lightgbm,False,3,19776,0,0.0,0,6.938893903907228e-18,True
split42/S02/lgb_N_t_48,"[0, 2]",42,lightgbm,False,3,19776,0,0.0,0,1.1492543028346347e-17,True
split42/S02/lgb_D_t_48,"[0, 2]",42,lightgbm,False,3,19776,0,0.0,0,3.469446951953614e-17,True
split42/S02/lgb_R_t_48,"[0, 2]",42,lightgbm,False,3,19776,0,0.0,0,8.673617379884035e-19,True
split42/S02/lgb_osi_24,"[0, 2]",42,lightgbm,False,3,24720,0,0.0,0,8.673617379884035e-18,True
split42/S02/lgb_osi_48,"[0, 2]",42,lightgbm,False,3,19776,0,0.0,0,6.938893903907228e-18,True
split42/S02/P01_a,"[0, 2]",42,lightgbm,False,3,29458,0,0.0,0,0.0,True
split42/S02/P01_b,"[0, 2]",42,lightgbm,False,3,29458,0,0.0,0,0.0,True
split42/S02/P06_a,"[0, 2]",42,lightgbm,False,3,28428,0,0.0,0,1.734723475976807e-18,True
split42/S02/P06_b,"[0, 2]",42,lightgbm,False,3,28428,0,0.0,0,8.673617379884035e-19,True
split42/S02/P24_neighbor,"[0, 2]",42,lightgbm,False,3,24720,0,0.0,0,2.0816681711721685e-17,True
split42/S02/D01_unknown,"[0, 2]",42,lightgbm,False,3,29458,0,0.0,0,3.469446951953614e-18,True
split42/S02/xgboost_osi_24,"[0, 2]",42,xgboost,False,3,24720,0,0.0,0,0.0,True
split42/S02/xgboost_P_t_24,"[0, 2]",42,xgboost,False,3,24720,0,0.0,0,0.0,True
split42/S02/xgboost_N_t_24,"[0, 2]",42,xgboost,False,3,24720,0,0.0,0,0.0,True
split42/S02/xgboost_D_t_24,"[0, 2]",42,xgboost,False,3,24720,0,0.0,0,0.0,True
split42/S02/xgboost_R_t_24,"[0, 2]",42,xgboost,False,3,24720,0,0.0,0,0.0,True
split42/S02/xgboost_osi_48,"[0, 2]",42,xgboost,False,3,19776,0,0.0,0,0.0,True
split42/S02/xgboost_P_t_48,"[0, 2]",42,xgboost,False,3,19776,0,0.0,0,0.0,True
split42/S02/xgboost_N_t_48,"[0, 2]",42,xgboost,False,3,19776,0,0.0,0,0.0,True
split42/S02/xgboost_D_t_48,"[0, 2]",42,xgboost,False,3,19776,0,0.0,0,0.0,True
split42/S02/xgboost_R_t_48,"[0, 2]",42,xgboost,False,3,19776,0,0.0,0,0.0,True
split42/S02/catboost_osi_24,"[0, 2]",42,catboost,False,3,24720,0,0.0,0,0.0,True
split42/S02/catboost_P_t_24,"[0, 2]",42,catboost,False,3,24720,0,0.0,0,0.0,True
split42/S02/catboost_N_t_24,"[0, 2]",42,catboost,False,3,24720,0,0.0,0,0.0,True
split42/S02/catboost_D_t_24,"[0, 2]",42,catboost,False,3,24720,0,0.0,0,0.0,True
split42/S02/catboost_R_t_24,"[0, 2]",42,catboost,False,3,24720,0,0.0,0,0.0,True
split42/S02/catboost_osi_48,"[0, 2]",42,catboost,False,3,19776,0,0.0,0,0.0,True
split42/S02/catboost_P_t_48,"[0, 2]",42,catboost,False,3,19776,0,0.0,0,0.0,True
split42/S02/catboost_N_t_48,"[0, 2]",42,catboost,False,3,19776,0,0.0,0,0.0,True
split42/S02/catboost_D_t_48,"[0, 2]",42,catboost,False,3,19776,0,0.0,0,0.0,True
split42/S02/catboost_R_t_48,"[0, 2]",42,catboost,False,3,19776,0,0.0,0,0.0,True
split42/S03/lgb_N_t_01,"[0, 3]",42,lightgbm,False,3,29458,0,0.0,1,2.8719749507397085e-08,True
split42/S03/lgb_D_t_01,"[0, 3]",42,lightgbm,False,3,29458,0,0.0,0,4.85722573273506e-17,True
split42/S03/lgb_R_t_01,"[0, 3]",42,lightgbm,False,3,29458,0,0.0,0,6.071532165918825e-18,True
split42/S03/lgb_N_t_06,"[0, 3]",42,lightgbm,False,3,28428,0,0.0,1,3.15949012475239e-07,True
split42/S03/lgb_D_t_06,"[0, 3]",42,lightgbm,False,3,28428,0,0.0,0,2.7755575615628914e-17,True
split42/S03/lgb_R_t_06,"[0, 3]",42,lightgbm,False,3,28428,0,0.0,0,3.469446951953614e-18,True
split42/S03/lgb_P_t_24,"[0, 3]",42,lightgbm,False,3,24720,0,0.0,0,1.734723475976807e-17,True
split42/S03/lgb_N_t_24,"[0, 3]",42,lightgbm,False,3,24720,0,0.0,1,2.0300264589028644e-07,True
split42/S03/lgb_D_t_24,"[0, 3]",42,lightgbm,False,3,24720,0,0.0,0,8.673617379884035e-18,True
split42/S03/lgb_R_t_24,"[0, 3]",42,lightgbm,False,3,24720,0,0.0,0,2.168404344971009e-18,True
split42/S03/lgb_P_t_48,"[0, 3]",42,lightgbm,False,3,19776,0,0.0,0,3.122502256758253e-17,True
split42/S03/lgb_N_t_48,"[0, 3]",42,lightgbm,False,3,19776,0,0.0,1,4.4964249618865276e-07,True
split42/S03/lgb_D_t_48,"[0, 3]",42,lightgbm,False,3,19776,0,0.0,0,8.673617379884035e-18,True
split42/S03/lgb_R_t_48,"[0, 3]",42,lightgbm,False,3,19776,0,0.0,0,9.974659986866641e-18,True
split42/S03/lgb_osi_24,"[0, 3]",42,lightgbm,False,3,24720,0,0.0,0,5.204170427930421e-18,True
split42/S03/lgb_osi_48,"[0, 3]",42,lightgbm,False,3,19776,0,0.0,0,3.2959746043559335e-17,True
split42/S03/P01_a,"[0, 3]",42,lightgbm,False,3,29458,0,0.0,0,1.734723475976807e-18,True
split42/S03/P01_b,"[0, 3]",42,lightgbm,False,3,29458,0,0.0,0,3.469446951953614e-18,True
split42/S03/P06_a,"[0, 3]",42,lightgbm,False,3,28428,0,0.0,0,0.0,True
split42/S03/P06_b,"[0, 3]",42,lightgbm,False,3,28428,0,0.0,0,0.0,True
split42/S03/P24_neighbor,"[0, 3]",42,lightgbm,False,3,24720,0,0.0,0,3.469446951953614e-18,True
split42/S03/D01_unknown,"[0, 3]",42,lightgbm,False,3,29458,0,0.0,0,2.42861286636753e-17,True
split42/S03/xgboost_osi_24,"[0, 3]",42,xgboost,False,3,24720,0,0.0,0,0.0,True
split42/S03/xgboost_P_t_24,"[0, 3]",42,xgboost,False,3,24720,0,0.0,0,0.0,True
split42/S03/xgboost_N_t_24,"[0, 3]",42,xgboost,False,3,24720,0,0.0,0,0.0,True
split42/S03/xgboost_D_t_24,"[0, 3]",42,xgboost,False,3,24720,0,0.0,0,0.0,True
split42/S03/xgboost_R_t_24,"[0, 3]",42,xgboost,False,3,24720,0,0.0,0,0.0,True
split42/S03/xgboost_osi_48,"[0, 3]",42,xgboost,False,3,19776,0,0.0,0,0.0,True
split42/S03/xgboost_P_t_48,"[0, 3]",42,xgboost,False,3,19776,0,0.0,0,0.0,True
split42/S03/xgboost_N_t_48,"[0, 3]",42,xgboost,False,3,19776,0,0.0,0,0.0,True
split42/S03/xgboost_D_t_48,"[0, 3]",42,xgboost,False,3,19776,0,0.0,0,0.0,True
split42/S03/xgboost_R_t_48,"[0, 3]",42,xgboost,False,3,19776,0,0.0,0,0.0,True
split42/S03/catboost_osi_24,"[0, 3]",42,catboost,False,3,24720,0,0.0,0,0.0,True
split42/S03/catboost_P_t_24,"[0, 3]",42,catboost,False,3,24720,0,0.0,0,0.0,True
split42/S03/catboost_N_t_24,"[0, 3]",42,catboost,False,3,24720,0,0.0,0,0.0,True
split42/S03/catboost_D_t_24,"[0, 3]",42,catboost,False,3,24720,0,0.0,0,0.0,True
split42/S03/catboost_R_t_24,"[0, 3]",42,catboost,False,3,24720,0,0.0,0,0.0,True
split42/S03/catboost_osi_48,"[0, 3]",42,catboost,False,3,19776,0,0.0,0,0.0,True
split42/S03/catboost_P_t_48,"[0, 3]",42,catboost,False,3,19776,0,0.0,0,0.0,True
split42/S03/catboost_N_t_48,"[0, 3]",42,catboost,False,3,19776,0,0.0,0,0.0,True
split42/S03/catboost_D_t_48,"[0, 3]",42,catboost,False,3,19776,0,0.0,0,0.0,True
split42/S03/catboost_R_t_48,"[0, 3]",42,catboost,False,3,19776,0,0.0,0,0.0,True
split42/S04/lgb_N_t_01,"[0, 4]",42,lightgbm,False,3,29458,0,0.0,0,6.5052130349130266e-18,True
split42/S04/lgb_D_t_01,"[0, 4]",42,lightgbm,False,3,29458,0,0.0,0,3.8163916471489756e-17,True
split42/S04/lgb_R_t_01,"[0, 4]",42,lightgbm,False,3,29458,0,0.0,0,1.734723475976807e-18,True
split42/S04/lgb_N_t_06,"[0, 4]",42,lightgbm,False,3,28428,0,0.0,1,4.5026101644883576e-08,True
split42/S04/lgb_D_t_06,"[0, 4]",42,lightgbm,False,3,28428,0,0.0,0,6.938893903907228e-18,True
split42/S04/lgb_R_t_06,"[0, 4]",42,lightgbm,False,3,28428,0,0.0,0,4.336808689942018e-18,True
split42/S04/lgb_P_t_24,"[0, 4]",42,lightgbm,False,3,24720,0,0.0,0,5.204170427930421e-18,True
split42/S04/lgb_N_t_24,"[0, 4]",42,lightgbm,False,3,24720,0,0.0,0,8.673617379884035e-19,True
split42/S04/lgb_D_t_24,"[0, 4]",42,lightgbm,False,3,24720,0,0.0,0,1.214306433183765e-17,True
split42/S04/lgb_R_t_24,"[0, 4]",42,lightgbm,False,3,24720,0,0.0,0,1.0408340855860843e-17,True
split42/S04/lgb_P_t_48,"[0, 4]",42,lightgbm,False,3,19776,0,0.0,0,1.734723475976807e-17,True
split42/S04/lgb_N_t_48,"[0, 4]",42,lightgbm,False,3,19776,0,0.0,1,4.858623112525065e-07,True
split42/S04/lgb_D_t_48,"[0, 4]",42,lightgbm,False,3,19776,0,0.0,0,1.9081958235744878e-17,True
split42/S04/lgb_R_t_48,"[0, 4]",42,lightgbm,False,3,19776,0,0.0,0,1.2793585635328952e-17,True
split42/S04/lgb_osi_24,"[0, 4]",42,lightgbm,False,3,24720,0,0.0,0,2.949029909160572e-17,True
split42/S04/lgb_osi_48,"[0, 4]",42,lightgbm,False,3,19776,0,0.0,0,5.204170427930421e-18,True
split42/S04/P01_a,"[0, 4]",42,lightgbm,False,3,29458,0,0.0,0,0.0,True
split42/S04/P01_b,"[0, 4]",42,lightgbm,False,3,29458,0,0.0,0,1.734723475976807e-18,True
split42/S04/P06_a,"[0, 4]",42,lightgbm,False,3,28428,0,0.0,0,1.734723475976807e-18,True
split42/S04/P06_b,"[0, 4]",42,lightgbm,False,3,28428,0,0.0,0,8.673617379884035e-19,True
split42/S04/P24_neighbor,"[0, 4]",42,lightgbm,False,3,24720,0,0.0,0,2.949029909160572e-17,True
split42/S04/D01_unknown,"[0, 4]",42,lightgbm,False,3,29458,0,0.0,0,1.734723475976807e-17,True
split42/S04/xgboost_osi_24,"[0, 4]",42,xgboost,False,3,24720,0,0.0,0,0.0,True
split42/S04/xgboost_P_t_24,"[0, 4]",42,xgboost,False,3,24720,0,0.0,0,0.0,True
split42/S04/xgboost_N_t_24,"[0, 4]",42,xgboost,False,3,24720,0,0.0,0,0.0,True
split42/S04/xgboost_D_t_24,"[0, 4]",42,xgboost,False,3,24720,0,0.0,0,0.0,True
split42/S04/xgboost_R_t_24,"[0, 4]",42,xgboost,False,3,24720,0,0.0,0,0.0,True
split42/S04/xgboost_osi_48,"[0, 4]",42,xgboost,False,3,19776,0,0.0,0,0.0,True
split42/S04/xgboost_P_t_48,"[0, 4]",42,xgboost,False,3,19776,0,0.0,0,0.0,True
split42/S04/xgboost_N_t_48,"[0, 4]",42,xgboost,False,3,19776,0,0.0,0,0.0,True
split42/S04/xgboost_D_t_48,"[0, 4]",42,xgboost,False,3,19776,0,0.0,0,0.0,True
split42/S04/xgboost_R_t_48,"[0, 4]",42,xgboost,False,3,19776,0,0.0,0,0.0,True
split42/S04/catboost_osi_24,"[0, 4]",42,catboost,False,3,24720,0,0.0,0,0.0,True
split42/S04/catboost_P_t_24,"[0, 4]",42,catboost,False,3,24720,0,0.0,0,0.0,True
split42/S04/catboost_N_t_24,"[0, 4]",42,catboost,False,3,24720,0,0.0,0,0.0,True
split42/S04/catboost_D_t_24,"[0, 4]",42,catboost,False,3,24720,0,0.0,0,0.0,True
split42/S04/catboost_R_t_24,"[0, 4]",42,catboost,False,3,24720,0,0.0,0,0.0,True
split42/S04/catboost_osi_48,"[0, 4]",42,catboost,False,3,19776,0,0.0,0,0.0,True
split42/S04/catboost_P_t_48,"[0, 4]",42,catboost,False,3,19776,0,0.0,0,0.0,True
split42/S04/catboost_N_t_48,"[0, 4]",42,catboost,False,3,19776,0,0.0,0,0.0,True
split42/S04/catboost_D_t_48,"[0, 4]",42,catboost,False,3,19776,0,0.0,0,0.0,True
split42/S04/catboost_R_t_48,"[0, 4]",42,catboost,False,3,19776,0,0.0,0,0.0,True
split42/S12/lgb_N_t_01,"[1, 2]",42,lightgbm,False,3,29601,0,0.0,0,5.4643789493269423e-17,True
split42/S12/lgb_D_t_01,"[1, 2]",42,lightgbm,False,3,29601,0,0.0,0,4.5102810375396984e-17,True
split42/S12/lgb_R_t_01,"[1, 2]",42,lightgbm,False,3,29601,0,0.0,0,2.6020852139652106e-18,True
split42/S12/lgb_N_t_06,"[1, 2]",42,lightgbm,False,3,28566,0,0.0,0,2.3852447794681098e-17,True
split42/S12/lgb_D_t_06,"[1, 2]",42,lightgbm,False,3,28566,0,0.0,0,3.122502256758253e-17,True
split42/S12/lgb_R_t_06,"[1, 2]",42,lightgbm,False,3,28566,0,0.0,0,3.469446951953614e-18,True
split42/S12/lgb_P_t_24,"[1, 2]",42,lightgbm,False,3,24840,0,0.0,0,2.7755575615628914e-17,True
split42/S12/lgb_N_t_24,"[1, 2]",42,lightgbm,False,3,24840,0,0.0,0,6.071532165918825e-18,True
split42/S12/lgb_D_t_24,"[1, 2]",42,lightgbm,False,3,24840,0,0.0,0,7.45931094670027e-17,True
split42/S12/lgb_R_t_24,"[1, 2]",42,lightgbm,False,3,24840,0,0.0,0,2.168404344971009e-18,True
split42/S12/lgb_P_t_48,"[1, 2]",42,lightgbm,False,3,19872,0,0.0,0,3.469446951953614e-17,True
split42/S12/lgb_N_t_48,"[1, 2]",42,lightgbm,False,3,19872,0,0.0,0,1.474514954580286e-17,True
split42/S12/lgb_D_t_48,"[1, 2]",42,lightgbm,False,3,19872,0,0.0,0,1.214306433183765e-17,True
split42/S12/lgb_R_t_48,"[1, 2]",42,lightgbm,False,3,19872,0,0.0,0,2.6020852139652106e-17,True
split42/S12/lgb_osi_24,"[1, 2]",42,lightgbm,False,3,24840,0,0.0,0,2.42861286636753e-17,True
split42/S12/lgb_osi_48,"[1, 2]",42,lightgbm,False,3,19872,0,0.0,0,1.1275702593849246e-17,True
split42/S12/P01_a,"[1, 2]",42,lightgbm,False,3,29601,0,0.0,0,0.0,True
split42/S12/P01_b,"[1, 2]",42,lightgbm,False,3,29601,0,0.0,0,0.0,True
split42/S12/P06_a,"[1, 2]",42,lightgbm,False,3,28566,0,0.0,0,0.0,True
split42/S12/P06_b,"[1, 2]",42,lightgbm,False,3,28566,0,0.0,0,0.0,True
split42/S12/P24_neighbor,"[1, 2]",42,lightgbm,False,3,24840,0,0.0,0,1.8041124150158794e-16,True
split42/S12/D01_unknown,"[1, 2]",42,lightgbm,False,3,29601,0,0.0,0,4.163336342344337e-17,True
split42/S12/xgboost_osi_24,"[1, 2]",42,xgboost,False,3,24840,0,0.0,0,0.0,True
split42/S12/xgboost_P_t_24,"[1, 2]",42,xgboost,False,3,24840,0,0.0,0,0.0,True
split42/S12/xgboost_N_t_24,"[1, 2]",42,xgboost,False,3,24840,0,0.0,0,0.0,True
split42/S12/xgboost_D_t_24,"[1, 2]",42,xgboost,False,3,24840,0,0.0,0,0.0,True
split42/S12/xgboost_R_t_24,"[1, 2]",42,xgboost,False,3,24840,0,0.0,0,0.0,True
split42/S12/xgboost_osi_48,"[1, 2]",42,xgboost,False,3,19872,0,0.0,0,0.0,True
split42/S12/xgboost_P_t_48,"[1, 2]",42,xgboost,False,3,19872,0,0.0,0,0.0,True
split42/S12/xgboost_N_t_48,"[1, 2]",42,xgboost,False,3,19872,0,0.0,0,0.0,True
split42/S12/xgboost_D_t_48,"[1, 2]",42,xgboost,False,3,19872,0,0.0,0,0.0,True
split42/S12/xgboost_R_t_48,"[1, 2]",42,xgboost,False,3,19872,0,0.0,0,0.0,True
split42/S12/catboost_osi_24,"[1, 2]",42,catboost,False,3,24840,0,0.0,0,0.0,True
split42/S12/catboost_P_t_24,"[1, 2]",42,catboost,False,3,24840,0,0.0,0,0.0,True
split42/S12/catboost_N_t_24,"[1, 2]",42,catboost,False,3,24840,0,0.0,0,0.0,True
split42/S12/catboost_D_t_24,"[1, 2]",42,catboost,False,3,24840,0,0.0,0,0.0,True
split42/S12/catboost_R_t_24,"[1, 2]",42,catboost,False,3,24840,0,0.0,0,0.0,True
split42/S12/catboost_osi_48,"[1, 2]",42,catboost,False,3,19872,0,0.0,0,0.0,True
split42/S12/catboost_P_t_48,"[1, 2]",42,catboost,False,3,19872,0,0.0,0,0.0,True
split42/S12/catboost_N_t_48,"[1, 2]",42,catboost,False,3,19872,0,0.0,0,0.0,True
split42/S12/catboost_D_t_48,"[1, 2]",42,catboost,False,3,19872,0,0.0,0,0.0,True
split42/S12/catboost_R_t_48,"[1, 2]",42,catboost,False,3,19872,0,0.0,0,0.0,True
split42/S13/lgb_N_t_01,"[1, 3]",42,lightgbm,False,3,29601,0,0.0,1,7.395547130494007e-07,True
split42/S13/lgb_D_t_01,"[1, 3]",42,lightgbm,False,3,29601,0,0.0,0,4.85722573273506e-17,True
split42/S13/lgb_R_t_01,"[1, 3]",42,lightgbm,False,3,29601,0,0.0,0,1.5612511283791264e-17,True
split42/S13/lgb_N_t_06,"[1, 3]",42,lightgbm,False,3,28566,0,0.0,0,4.336808689942018e-18,True
split42/S13/lgb_D_t_06,"[1, 3]",42,lightgbm,False,3,28566,0,0.0,1,1.3268590956412585e-06,True
split42/S13/lgb_R_t_06,"[1, 3]",42,lightgbm,False,3,28566,0,0.0,0,3.0357660829594124e-18,True
split42/S13/lgb_P_t_24,"[1, 3]",42,lightgbm,False,3,24840,0,0.0,0,3.2959746043559335e-17,True
split42/S13/lgb_N_t_24,"[1, 3]",42,lightgbm,False,3,24840,0,0.0,0,3.0357660829594124e-18,True
split42/S13/lgb_D_t_24,"[1, 3]",42,lightgbm,False,3,24840,0,0.0,0,3.122502256758253e-17,True
split42/S13/lgb_R_t_24,"[1, 3]",42,lightgbm,False,3,24840,0,0.0,0,2.862293735361732e-17,True
split42/S13/lgb_P_t_48,"[1, 3]",42,lightgbm,False,3,19872,0,0.0,0,1.734723475976807e-18,True
split42/S13/lgb_N_t_48,"[1, 3]",42,lightgbm,False,3,19872,0,0.0,0,3.469446951953614e-18,True
split42/S13/lgb_D_t_48,"[1, 3]",42,lightgbm,False,3,19872,0,0.0,0,1.9081958235744878e-17,True
split42/S13/lgb_R_t_48,"[1, 3]",42,lightgbm,False,3,19872,0,0.0,0,8.673617379884035e-19,True
split42/S13/lgb_osi_24,"[1, 3]",42,lightgbm,False,3,24840,0,0.0,0,1.734723475976807e-17,True
split42/S13/lgb_osi_48,"[1, 3]",42,lightgbm,False,3,19872,0,0.0,0,2.6020852139652106e-18,True
split42/S13/P01_a,"[1, 3]",42,lightgbm,False,3,29601,0,0.0,0,0.0,True
split42/S13/P01_b,"[1, 3]",42,lightgbm,False,3,29601,0,0.0,1,1.1900983797052955e-07,True
split42/S13/P06_a,"[1, 3]",42,lightgbm,False,3,28566,0,0.0,0,1.734723475976807e-18,True
split42/S13/P06_b,"[1, 3]",42,lightgbm,False,3,28566,0,0.0,0,0.0,True
split42/S13/P24_neighbor,"[1, 3]",42,lightgbm,False,3,24840,0,0.0,0,5.551115123125783e-17,True
split42/S13/D01_unknown,"[1, 3]",42,lightgbm,False,3,29601,0,0.0,1,2.4914203524892264e-07,True
split42/S13/xgboost_osi_24,"[1, 3]",42,xgboost,False,3,24840,0,0.0,0,0.0,True
split42/S13/xgboost_P_t_24,"[1, 3]",42,xgboost,False,3,24840,0,0.0,0,0.0,True
split42/S13/xgboost_N_t_24,"[1, 3]",42,xgboost,False,3,24840,0,0.0,0,0.0,True
split42/S13/xgboost_D_t_24,"[1, 3]",42,xgboost,False,3,24840,0,0.0,0,0.0,True
split42/S13/xgboost_R_t_24,"[1, 3]",42,xgboost,False,3,24840,0,0.0,0,0.0,True
split42/S13/xgboost_osi_48,"[1, 3]",42,xgboost,False,3,19872,0,0.0,0,0.0,True
split42/S13/xgboost_P_t_48,"[1, 3]",42,xgboost,False,3,19872,0,0.0,0,0.0,True
split42/S13/xgboost_N_t_48,"[1, 3]",42,xgboost,False,3,19872,0,0.0,0,0.0,True
split42/S13/xgboost_D_t_48,"[1, 3]",42,xgboost,False,3,19872,0,0.0,0,0.0,True
split42/S13/xgboost_R_t_48,"[1, 3]",42,xgboost,False,3,19872,0,0.0,0,0.0,True
split42/S13/catboost_osi_24,"[1, 3]",42,catboost,False,3,24840,0,0.0,0,0.0,True
split42/S13/catboost_P_t_24,"[1, 3]",42,catboost,False,3,24840,0,0.0,0,0.0,True
split42/S13/catboost_N_t_24,"[1, 3]",42,catboost,False,3,24840,0,0.0,0,0.0,True
split42/S13/catboost_D_t_24,"[1, 3]",42,catboost,False,3,24840,0,0.0,0,0.0,True
split42/S13/catboost_R_t_24,"[1, 3]",42,catboost,False,3,24840,0,0.0,0,0.0,True
split42/S13/catboost_osi_48,"[1, 3]",42,catboost,False,3,19872,0,0.0,0,0.0,True
split42/S13/catboost_P_t_48,"[1, 3]",42,catboost,False,3,19872,0,0.0,0,0.0,True
split42/S13/catboost_N_t_48,"[1, 3]",42,catboost,False,3,19872,0,0.0,0,0.0,True
split42/S13/catboost_D_t_48,"[1, 3]",42,catboost,False,3,19872,0,0.0,0,0.0,True
split42/S13/catboost_R_t_48,"[1, 3]",42,catboost,False,3,19872,0,0.0,0,0.0,True
split42/S14/lgb_N_t_01,"[1, 4]",42,lightgbm,False,3,29601,0,0.0,0,9.107298248878237e-18,True
split42/S14/lgb_D_t_01,"[1, 4]",42,lightgbm,False,3,29601,0,0.0,0,2.7755575615628914e-17,True
split42/S14/lgb_R_t_01,"[1, 4]",42,lightgbm,False,3,29601,0,0.0,0,4.336808689942018e-18,True
split42/S14/lgb_N_t_06,"[1, 4]",42,lightgbm,False,3,28566,0,0.0,0,4.7704895589362195e-18,True
split42/S14/lgb_D_t_06,"[1, 4]",42,lightgbm,False,3,28566,0,0.0,0,1.3877787807814457e-17,True
split42/S14/lgb_R_t_06,"[1, 4]",42,lightgbm,False,3,28566,0,0.0,0,3.469446951953614e-18,True
split42/S14/lgb_P_t_24,"[1, 4]",42,lightgbm,False,3,24840,0,0.0,0,1.734723475976807e-17,True
split42/S14/lgb_N_t_24,"[1, 4]",42,lightgbm,False,3,24840,0,0.0,0,8.673617379884035e-19,True
split42/S14/lgb_D_t_24,"[1, 4]",42,lightgbm,False,3,24840,0,0.0,0,2.42861286636753e-17,True
split42/S14/lgb_R_t_24,"[1, 4]",42,lightgbm,False,3,24840,0,0.0,0,4.7704895589362195e-18,True
split42/S14/lgb_P_t_48,"[1, 4]",42,lightgbm,False,3,19872,0,0.0,0,3.8163916471489756e-17,True
split42/S14/lgb_N_t_48,"[1, 4]",42,lightgbm,False,3,19872,0,0.0,0,8.673617379884035e-19,True
split42/S14/lgb_D_t_48,"[1, 4]",42,lightgbm,False,3,19872,0,0.0,0,1.3877787807814457e-17,True
split42/S14/lgb_R_t_48,"[1, 4]",42,lightgbm,False,3,19872,0,0.0,1,1.1703047572090425e-07,True
split42/S14/lgb_osi_24,"[1, 4]",42,lightgbm,False,3,24840,0,0.0,0,6.938893903907228e-18,True
split42/S14/lgb_osi_48,"[1, 4]",42,lightgbm,False,3,19872,0,0.0,0,1.214306433183765e-17,True
split42/S14/P01_a,"[1, 4]",42,lightgbm,False,3,29601,0,0.0,0,1.734723475976807e-18,True
split42/S14/P01_b,"[1, 4]",42,lightgbm,False,3,29601,0,0.0,0,0.0,True
split42/S14/P06_a,"[1, 4]",42,lightgbm,False,3,28566,0,0.0,0,0.0,True
split42/S14/P06_b,"[1, 4]",42,lightgbm,False,3,28566,0,0.0,0,1.734723475976807e-18,True
split42/S14/P24_neighbor,"[1, 4]",42,lightgbm,False,3,24840,0,0.0,0,4.163336342344337e-17,True
split42/S14/D01_unknown,"[1, 4]",42,lightgbm,False,3,29601,0,0.0,0,3.122502256758253e-17,True
split42/S14/xgboost_osi_24,"[1, 4]",42,xgboost,False,3,24840,0,0.0,0,0.0,True
split42/S14/xgboost_P_t_24,"[1, 4]",42,xgboost,False,3,24840,0,0.0,0,0.0,True
split42/S14/xgboost_N_t_24,"[1, 4]",42,xgboost,False,3,24840,0,0.0,0,0.0,True
split42/S14/xgboost_D_t_24,"[1, 4]",42,xgboost,False,3,24840,0,0.0,0,0.0,True
split42/S14/xgboost_R_t_24,"[1, 4]",42,xgboost,False,3,24840,0,0.0,0,0.0,True
split42/S14/xgboost_osi_48,"[1, 4]",42,xgboost,False,3,19872,0,0.0,0,0.0,True
split42/S14/xgboost_P_t_48,"[1, 4]",42,xgboost,False,3,19872,0,0.0,0,0.0,True
split42/S14/xgboost_N_t_48,"[1, 4]",42,xgboost,False,3,19872,0,0.0,0,0.0,True
split42/S14/xgboost_D_t_48,"[1, 4]",42,xgboost,False,3,19872,0,0.0,0,0.0,True
split42/S14/xgboost_R_t_48,"[1, 4]",42,xgboost,False,3,19872,0,0.0,0,0.0,True
split42/S14/catboost_osi_24,"[1, 4]",42,catboost,False,3,24840,0,0.0,0,0.0,True
split42/S14/catboost_P_t_24,"[1, 4]",42,catboost,False,3,24840,0,0.0,0,0.0,True
split42/S14/catboost_N_t_24,"[1, 4]",42,catboost,False,3,24840,0,0.0,0,0.0,True
split42/S14/catboost_D_t_24,"[1, 4]",42,catboost,False,3,24840,0,0.0,0,0.0,True
split42/S14/catboost_R_t_24,"[1, 4]",42,catboost,False,3,24840,0,0.0,0,0.0,True
split42/S14/catboost_osi_48,"[1, 4]",42,catboost,False,3,19872,0,0.0,0,0.0,True
split42/S14/catboost_P_t_48,"[1, 4]",42,catboost,False,3,19872,0,0.0,0,0.0,True
split42/S14/catboost_N_t_48,"[1, 4]",42,catboost,False,3,19872,0,0.0,0,0.0,True
split42/S14/catboost_D_t_48,"[1, 4]",42,catboost,False,3,19872,0,0.0,0,0.0,True
split42/S14/catboost_R_t_48,"[1, 4]",42,catboost,False,3,19872,0,0.0,0,0.0,True
split42/S23/lgb_N_t_01,"[2, 3]",42,lightgbm,False,3,29458,0,0.0,0,3.469446951953614e-18,True
split42/S23/lgb_D_t_01,"[2, 3]",42,lightgbm,False,3,29458,0,0.0,0,4.5102810375396984e-17,True
split42/S23/lgb_R_t_01,"[2, 3]",42,lightgbm,False,3,29458,0,0.0,0,6.938893903907228e-18,True
split42/S23/lgb_N_t_06,"[2, 3]",42,lightgbm,False,3,28428,0,0.0,0,2.8189256484623115e-17,True
split42/S23/lgb_D_t_06,"[2, 3]",42,lightgbm,False,3,28428,0,0.0,0,4.163336342344337e-17,True
split42/S23/lgb_R_t_06,"[2, 3]",42,lightgbm,False,3,28428,0,0.0,0,2.6020852139652106e-18,True
split42/S23/lgb_P_t_24,"[2, 3]",42,lightgbm,False,3,24720,0,0.0,0,1.734723475976807e-17,True
split42/S23/lgb_N_t_24,"[2, 3]",42,lightgbm,False,3,24720,0,0.0,0,2.6020852139652106e-18,True
split42/S23/lgb_D_t_24,"[2, 3]",42,lightgbm,False,3,24720,0,0.0,0,1.3877787807814457e-17,True
split42/S23/lgb_R_t_24,"[2, 3]",42,lightgbm,False,3,24720,0,0.0,0,1.6479873021779667e-17,True
split42/S23/lgb_P_t_48,"[2, 3]",42,lightgbm,False,3,19776,0,0.0,0,3.469446951953614e-18,True
split42/S23/lgb_N_t_48,"[2, 3]",42,lightgbm,False,3,19776,0,0.0,0,1.1275702593849246e-17,True
split42/S23/lgb_D_t_48,"[2, 3]",42,lightgbm,False,3,19776,0,0.0,1,6.972996198506554e-08,True
split42/S23/lgb_R_t_48,"[2, 3]",42,lightgbm,False,3,19776,0,0.0,0,8.673617379884035e-18,True
split42/S23/lgb_osi_24,"[2, 3]",42,lightgbm,False,3,24720,0,0.0,0,1.734723475976807e-17,True
split42/S23/lgb_osi_48,"[2, 3]",42,lightgbm,False,3,19776,0,0.0,0,8.673617379884035e-18,True
split42/S23/P01_a,"[2, 3]",42,lightgbm,False,3,29458,0,0.0,0,1.734723475976807e-18,True
split42/S23/P01_b,"[2, 3]",42,lightgbm,False,3,29458,0,0.0,0,3.469446951953614e-18,True
split42/S23/P06_a,"[2, 3]",42,lightgbm,False,3,28428,0,0.0,0,0.0,True
split42/S23/P06_b,"[2, 3]",42,lightgbm,False,3,28428,0,0.0,0,0.0,True
split42/S23/P24_neighbor,"[2, 3]",42,lightgbm,False,3,24720,0,0.0,0,1.3877787807814457e-17,True
split42/S23/D01_unknown,"[2, 3]",42,lightgbm,False,3,29458,0,0.0,0,2.0816681711721685e-17,True
split42/S23/xgboost_osi_24,"[2, 3]",42,xgboost,False,3,24720,0,0.0,0,0.0,True
split42/S23/xgboost_P_t_24,"[2, 3]",42,xgboost,False,3,24720,0,0.0,0,0.0,True
split42/S23/xgboost_N_t_24,"[2, 3]",42,xgboost,False,3,24720,0,0.0,0,0.0,True
split42/S23/xgboost_D_t_24,"[2, 3]",42,xgboost,False,3,24720,0,0.0,0,0.0,True
split42/S23/xgboost_R_t_24,"[2, 3]",42,xgboost,False,3,24720,0,0.0,0,0.0,True
split42/S23/xgboost_osi_48,"[2, 3]",42,xgboost,False,3,19776,0,0.0,0,0.0,True
split42/S23/xgboost_P_t_48,"[2, 3]",42,xgboost,False,3,19776,0,0.0,0,0.0,True
split42/S23/xgboost_N_t_48,"[2, 3]",42,xgboost,False,3,19776,0,0.0,0,0.0,True
split42/S23/xgboost_D_t_48,"[2, 3]",42,xgboost,False,3,19776,0,0.0,0,0.0,True
split42/S23/xgboost_R_t_48,"[2, 3]",42,xgboost,False,3,19776,0,0.0,0,0.0,True
split42/S23/catboost_osi_24,"[2, 3]",42,catboost,False,3,24720,0,0.0,0,0.0,True
split42/S23/catboost_P_t_24,"[2, 3]",42,catboost,False,3,24720,0,0.0,0,0.0,True
split42/S23/catboost_N_t_24,"[2, 3]",42,catboost,False,3,24720,0,0.0,0,0.0,True
split42/S23/catboost_D_t_24,"[2, 3]",42,catboost,False,3,24720,0,0.0,0,0.0,True
split42/S23/catboost_R_t_24,"[2, 3]",42,catboost,False,3,24720,0,0.0,0,0.0,True
split42/S23/catboost_osi_48,"[2, 3]",42,catboost,False,3,19776,0,0.0,0,0.0,True
split42/S23/catboost_P_t_48,"[2, 3]",42,catboost,False,3,19776,0,0.0,0,0.0,True
split42/S23/catboost_N_t_48,"[2, 3]",42,catboost,False,3,19776,0,0.0,0,0.0,True
split42/S23/catboost_D_t_48,"[2, 3]",42,catboost,False,3,19776,0,0.0,0,0.0,True
split42/S23/catboost_R_t_48,"[2, 3]",42,catboost,False,3,19776,0,0.0,0,0.0,True
split42/S24/lgb_N_t_01,"[2, 4]",42,lightgbm,False,3,29458,0,0.0,0,3.469446951953614e-18,True
split42/S24/lgb_D_t_01,"[2, 4]",42,lightgbm,False,3,29458,0,0.0,0,2.0816681711721685e-17,True
split42/S24/lgb_R_t_01,"[2, 4]",42,lightgbm,False,3,29458,0,0.0,0,6.071532165918825e-18,True
split42/S24/lgb_N_t_06,"[2, 4]",42,lightgbm,False,3,28428,0,0.0,0,1.3010426069826053e-17,True
split42/S24/lgb_D_t_06,"[2, 4]",42,lightgbm,False,3,28428,0,0.0,0,3.122502256758253e-17,True
split42/S24/lgb_R_t_06,"[2, 4]",42,lightgbm,False,3,28428,0,0.0,0,8.673617379884035e-18,True
split42/S24/lgb_P_t_24,"[2, 4]",42,lightgbm,False,3,24720,0,0.0,0,1.734723475976807e-17,True
split42/S24/lgb_N_t_24,"[2, 4]",42,lightgbm,False,3,24720,0,0.0,0,1.474514954580286e-17,True
split42/S24/lgb_D_t_24,"[2, 4]",42,lightgbm,False,3,24720,0,0.0,0,2.0816681711721685e-17,True
split42/S24/lgb_R_t_24,"[2, 4]",42,lightgbm,False,3,24720,0,0.0,0,6.071532165918825e-18,True
split42/S24/lgb_P_t_48,"[2, 4]",42,lightgbm,False,3,19776,0,0.0,0,5.204170427930421e-18,True
split42/S24/lgb_N_t_48,"[2, 4]",42,lightgbm,False,3,19776,0,0.0,1,9.441724770006821e-07,True
split42/S24/lgb_D_t_48,"[2, 4]",42,lightgbm,False,3,19776,0,0.0,1,7.521365637495891e-07,True
split42/S24/lgb_R_t_48,"[2, 4]",42,lightgbm,False,3,19776,0,0.0,0,8.673617379884035e-18,True
split42/S24/lgb_osi_24,"[2, 4]",42,lightgbm,False,3,24720,0,0.0,0,3.469446951953614e-18,True
split42/S24/lgb_osi_48,"[2, 4]",42,lightgbm,False,3,19776,0,0.0,0,1.5612511283791264e-17,True
split42/S24/P01_a,"[2, 4]",42,lightgbm,False,3,29458,0,0.0,0,1.734723475976807e-18,True
split42/S24/P01_b,"[2, 4]",42,lightgbm,False,3,29458,0,0.0,0,0.0,True
split42/S24/P06_a,"[2, 4]",42,lightgbm,False,3,28428,0,0.0,0,1.734723475976807e-18,True
split42/S24/P06_b,"[2, 4]",42,lightgbm,False,3,28428,0,0.0,0,1.734723475976807e-18,True
split42/S24/P24_neighbor,"[2, 4]",42,lightgbm,False,3,24720,0,0.0,0,2.42861286636753e-17,True
split42/S24/D01_unknown,"[2, 4]",42,lightgbm,False,3,29458,0,0.0,0,3.8163916471489756e-17,True
split42/S24/xgboost_osi_24,"[2, 4]",42,xgboost,False,3,24720,0,0.0,0,0.0,True
split42/S24/xgboost_P_t_24,"[2, 4]",42,xgboost,False,3,24720,0,0.0,0,0.0,True
split42/S24/xgboost_N_t_24,"[2, 4]",42,xgboost,False,3,24720,0,0.0,0,0.0,True
split42/S24/xgboost_D_t_24,"[2, 4]",42,xgboost,False,3,24720,0,0.0,0,0.0,True
split42/S24/xgboost_R_t_24,"[2, 4]",42,xgboost,False,3,24720,0,0.0,0,0.0,True
split42/S24/xgboost_osi_48,"[2, 4]",42,xgboost,False,3,19776,0,0.0,0,0.0,True
split42/S24/xgboost_P_t_48,"[2, 4]",42,xgboost,False,3,19776,0,0.0,0,0.0,True
split42/S24/xgboost_N_t_48,"[2, 4]",42,xgboost,False,3,19776,0,0.0,0,0.0,True
split42/S24/xgboost_D_t_48,"[2, 4]",42,xgboost,False,3,19776,0,0.0,0,0.0,True
split42/S24/xgboost_R_t_48,"[2, 4]",42,xgboost,False,3,19776,0,0.0,0,0.0,True
split42/S24/catboost_osi_24,"[2, 4]",42,catboost,False,3,24720,0,0.0,0,0.0,True
split42/S24/catboost_P_t_24,"[2, 4]",42,catboost,False,3,24720,0,0.0,0,0.0,True
split42/S24/catboost_N_t_24,"[2, 4]",42,catboost,False,3,24720,0,0.0,0,0.0,True
split42/S24/catboost_D_t_24,"[2, 4]",42,catboost,False,3,24720,0,0.0,0,0.0,True
split42/S24/catboost_R_t_24,"[2, 4]",42,catboost,False,3,24720,0,0.0,0,0.0,True
split42/S24/catboost_osi_48,"[2, 4]",42,catboost,False,3,19776,0,0.0,0,0.0,True
split42/S24/catboost_P_t_48,"[2, 4]",42,catboost,False,3,19776,0,0.0,0,0.0,True
split42/S24/catboost_N_t_48,"[2, 4]",42,catboost,False,3,19776,0,0.0,0,0.0,True
split42/S24/catboost_D_t_48,"[2, 4]",42,catboost,False,3,19776,0,0.0,0,0.0,True
split42/S24/catboost_R_t_48,"[2, 4]",42,catboost,False,3,19776,0,0.0,0,0.0,True
split42/S34/lgb_N_t_01,"[3, 4]",42,lightgbm,False,3,29458,0,0.0,0,6.938893903907228e-18,True
split42/S34/lgb_D_t_01,"[3, 4]",42,lightgbm,False,3,29458,0,0.0,0,4.5102810375396984e-17,True
split42/S34/lgb_R_t_01,"[3, 4]",42,lightgbm,False,3,29458,0,0.0,0,7.806255641895632e-18,True
split42/S34/lgb_N_t_06,"[3, 4]",42,lightgbm,False,3,28428,0,0.0,0,2.1250362580715887e-17,True
split42/S34/lgb_D_t_06,"[3, 4]",42,lightgbm,False,3,28428,0,0.0,0,1.0061396160665481e-16,True
split42/S34/lgb_R_t_06,"[3, 4]",42,lightgbm,False,3,28428,0,0.0,0,1.3010426069826053e-17,True
split42/S34/lgb_P_t_24,"[3, 4]",42,lightgbm,False,3,24720,0,0.0,0,8.153200337090993e-17,True
split42/S34/lgb_N_t_24,"[3, 4]",42,lightgbm,False,3,24720,0,0.0,0,6.5052130349130266e-18,True
split42/S34/lgb_D_t_24,"[3, 4]",42,lightgbm,False,3,24720,0,0.0,0,6.938893903907228e-18,True
split42/S34/lgb_R_t_24,"[3, 4]",42,lightgbm,False,3,24720,0,0.0,0,1.214306433183765e-17,True
split42/S34/lgb_P_t_48,"[3, 4]",42,lightgbm,False,3,19776,0,0.0,0,5.377642775528102e-17,True
split42/S34/lgb_N_t_48,"[3, 4]",42,lightgbm,False,3,19776,0,0.0,0,2.6020852139652106e-18,True
split42/S34/lgb_D_t_48,"[3, 4]",42,lightgbm,False,3,19776,0,0.0,0,2.2551405187698492e-17,True
split42/S34/lgb_R_t_48,"[3, 4]",42,lightgbm,False,3,19776,0,0.0,0,2.3852447794681098e-17,True
split42/S34/lgb_osi_24,"[3, 4]",42,lightgbm,False,3,24720,0,0.0,0,1.231653667943533e-16,True
split42/S34/lgb_osi_48,"[3, 4]",42,lightgbm,False,3,19776,0,0.0,0,2.6020852139652106e-17,True
split42/S34/P01_a,"[3, 4]",42,lightgbm,False,3,29458,0,0.0,0,0.0,True
split42/S34/P01_b,"[3, 4]",42,lightgbm,False,3,29458,0,0.0,0,0.0,True
split42/S34/P06_a,"[3, 4]",42,lightgbm,False,3,28428,0,0.0,0,0.0,True
split42/S34/P06_b,"[3, 4]",42,lightgbm,False,3,28428,0,0.0,0,0.0,True
split42/S34/P24_neighbor,"[3, 4]",42,lightgbm,False,3,24720,0,0.0,0,2.0816681711721685e-16,True
split42/S34/D01_unknown,"[3, 4]",42,lightgbm,False,3,29458,0,0.0,0,4.5102810375396984e-17,True
split42/S34/xgboost_osi_24,"[3, 4]",42,xgboost,False,3,24720,0,0.0,0,0.0,True
split42/S34/xgboost_P_t_24,"[3, 4]",42,xgboost,False,3,24720,0,0.0,0,0.0,True
split42/S34/xgboost_N_t_24,"[3, 4]",42,xgboost,False,3,24720,0,0.0,0,0.0,True
split42/S34/xgboost_D_t_24,"[3, 4]",42,xgboost,False,3,24720,0,0.0,0,0.0,True
split42/S34/xgboost_R_t_24,"[3, 4]",42,xgboost,False,3,24720,0,0.0,0,0.0,True
split42/S34/xgboost_osi_48,"[3, 4]",42,xgboost,False,3,19776,0,0.0,0,0.0,True
split42/S34/xgboost_P_t_48,"[3, 4]",42,xgboost,False,3,19776,0,0.0,0,0.0,True
split42/S34/xgboost_N_t_48,"[3, 4]",42,xgboost,False,3,19776,0,0.0,0,0.0,True
split42/S34/xgboost_D_t_48,"[3, 4]",42,xgboost,False,3,19776,0,0.0,0,0.0,True
split42/S34/xgboost_R_t_48,"[3, 4]",42,xgboost,False,3,19776,0,0.0,0,0.0,True
split42/S34/catboost_osi_24,"[3, 4]",42,catboost,False,3,24720,0,0.0,0,0.0,True
split42/S34/catboost_P_t_24,"[3, 4]",42,catboost,False,3,24720,0,0.0,0,0.0,True
split42/S34/catboost_N_t_24,"[3, 4]",42,catboost,False,3,24720,0,0.0,0,0.0,True
split42/S34/catboost_D_t_24,"[3, 4]",42,catboost,False,3,24720,0,0.0,0,0.0,True
split42/S34/catboost_R_t_24,"[3, 4]",42,catboost,False,3,24720,0,0.0,0,0.0,True
split42/S34/catboost_osi_48,"[3, 4]",42,catboost,False,3,19776,0,0.0,0,0.0,True
split42/S34/catboost_P_t_48,"[3, 4]",42,catboost,False,3,19776,0,0.0,0,0.0,True
split42/S34/catboost_N_t_48,"[3, 4]",42,catboost,False,3,19776,0,0.0,0,0.0,True
split42/S34/catboost_D_t_48,"[3, 4]",42,catboost,False,3,19776,0,0.0,0,0.0,True
split42/S34/catboost_R_t_48,"[3, 4]",42,catboost,False,3,19776,0,0.0,0,0.0,True
split42/S012/lgb_N_t_01,"[0, 1, 2]",42,lightgbm,False,4,22737,0,0.0,0,8.239936510889834e-18,True
split42/S012/lgb_D_t_01,"[0, 1, 2]",42,lightgbm,False,4,22737,0,0.0,0,2.42861286636753e-17,True
split42/S012/lgb_R_t_01,"[0, 1, 2]",42,lightgbm,False,4,22737,0,0.0,0,1.3877787807814457e-17,True
split42/S012/lgb_N_t_06,"[0, 1, 2]",42,lightgbm,False,4,21942,0,0.0,0,8.456776945386935e-18,True
split42/S012/lgb_D_t_06,"[0, 1, 2]",42,lightgbm,False,4,21942,0,0.0,0,4.163336342344337e-17,True
split42/S012/lgb_R_t_06,"[0, 1, 2]",42,lightgbm,False,4,21942,0,0.0,0,9.540979117872439e-18,True
split42/S012/lgb_P_t_24,"[0, 1, 2]",42,lightgbm,True,1,19080,11520,0.0,0,0.0,True
split42/S012/lgb_N_t_24,"[0, 1, 2]",42,lightgbm,True,1,19080,11520,0.0,0,0.0,True
split42/S012/lgb_D_t_24,"[0, 1, 2]",42,lightgbm,True,1,19080,11520,0.0,0,0.0,True
split42/S012/lgb_R_t_24,"[0, 1, 2]",42,lightgbm,True,1,19080,11520,0.0,0,0.0,True
split42/S012/lgb_P_t_48,"[0, 1, 2]",42,lightgbm,True,1,15264,9216,0.0,0,0.0,True
split42/S012/lgb_N_t_48,"[0, 1, 2]",42,lightgbm,True,1,15264,9216,0.0,0,0.0,True
split42/S012/lgb_D_t_48,"[0, 1, 2]",42,lightgbm,True,1,15264,9216,0.0,0,0.0,True
split42/S012/lgb_R_t_48,"[0, 1, 2]",42,lightgbm,True,1,15264,9216,0.0,0,0.0,True
split42/S012/lgb_osi_24,"[0, 1, 2]",42,lightgbm,False,4,19080,0,0.0,0,4.163336342344337e-17,True
split42/S012/lgb_osi_48,"[0, 1, 2]",42,lightgbm,False,4,15264,0,0.0,1,7.00242779682822e-07,True
split42/S012/P01_a,"[0, 1, 2]",42,lightgbm,False,4,22737,0,0.0,0,0.0,True
split42/S012/P01_b,"[0, 1, 2]",42,lightgbm,False,4,22737,0,0.0,0,0.0,True
split42/S012/P06_a,"[0, 1, 2]",42,lightgbm,False,4,21942,0,0.0,0,0.0,True
split42/S012/P06_b,"[0, 1, 2]",42,lightgbm,False,4,21942,0,0.0,0,3.469446951953614e-18,True
split42/S012/P24_neighbor,"[0, 1, 2]",42,lightgbm,False,4,19080,0,0.0,0,5.898059818321144e-17,True
split42/S012/D01_unknown,"[0, 1, 2]",42,lightgbm,False,4,22737,0,0.0,0,2.0816681711721685e-17,True
split42/S012/xgboost_osi_24,"[0, 1, 2]",42,xgboost,False,4,19080,0,0.0,0,0.0,True
split42/S012/xgboost_P_t_24,"[0, 1, 2]",42,xgboost,False,4,19080,0,0.0,0,0.0,True
split42/S012/xgboost_N_t_24,"[0, 1, 2]",42,xgboost,False,4,19080,0,0.0,0,0.0,True
split42/S012/xgboost_D_t_24,"[0, 1, 2]",42,xgboost,False,4,19080,0,0.0,0,0.0,True
split42/S012/xgboost_R_t_24,"[0, 1, 2]",42,xgboost,False,4,19080,0,0.0,0,0.0,True
split42/S012/xgboost_osi_48,"[0, 1, 2]",42,xgboost,False,4,15264,0,0.0,0,0.0,True
split42/S012/xgboost_P_t_48,"[0, 1, 2]",42,xgboost,False,4,15264,0,0.0,0,0.0,True
split42/S012/xgboost_N_t_48,"[0, 1, 2]",42,xgboost,False,4,15264,0,0.0,0,0.0,True
split42/S012/xgboost_D_t_48,"[0, 1, 2]",42,xgboost,False,4,15264,0,0.0,0,0.0,True
split42/S012/xgboost_R_t_48,"[0, 1, 2]",42,xgboost,False,4,15264,0,0.0,0,0.0,True
split42/S012/catboost_osi_24,"[0, 1, 2]",42,catboost,False,4,19080,0,0.0,0,0.0,True
split42/S012/catboost_P_t_24,"[0, 1, 2]",42,catboost,False,4,19080,0,0.0,0,0.0,True
split42/S012/catboost_N_t_24,"[0, 1, 2]",42,catboost,False,4,19080,0,0.0,0,0.0,True
split42/S012/catboost_D_t_24,"[0, 1, 2]",42,catboost,False,4,19080,0,0.0,0,0.0,True
split42/S012/catboost_R_t_24,"[0, 1, 2]",42,catboost,False,4,19080,0,0.0,0,0.0,True
split42/S012/catboost_osi_48,"[0, 1, 2]",42,catboost,False,4,15264,0,0.0,0,0.0,True
split42/S012/catboost_P_t_48,"[0, 1, 2]",42,catboost,False,4,15264,0,0.0,0,0.0,True
split42/S012/catboost_N_t_48,"[0, 1, 2]",42,catboost,False,4,15264,0,0.0,0,0.0,True
split42/S012/catboost_D_t_48,"[0, 1, 2]",42,catboost,False,4,15264,0,0.0,0,0.0,True
split42/S012/catboost_R_t_48,"[0, 1, 2]",42,catboost,False,4,15264,0,0.0,0,0.0,True
split42/S013/lgb_N_t_01,"[0, 1, 3]",42,lightgbm,False,4,22737,0,0.0,1,3.549861825758588e-08,True
split42/S013/lgb_D_t_01,"[0, 1, 3]",42,lightgbm,False,4,22737,0,0.0,0,4.85722573273506e-17,True
split42/S013/lgb_R_t_01,"[0, 1, 3]",42,lightgbm,False,4,22737,0,0.0,0,4.336808689942018e-18,True
split42/S013/lgb_N_t_06,"[0, 1, 3]",42,lightgbm,False,4,21942,0,0.0,0,8.239936510889834e-18,True
split42/S013/lgb_D_t_06,"[0, 1, 3]",42,lightgbm,False,4,21942,0,0.0,0,1.1102230246251565e-16,True
split42/S013/lgb_R_t_06,"[0, 1, 3]",42,lightgbm,False,4,21942,0,0.0,0,6.071532165918825e-18,True
split42/S013/lgb_P_t_24,"[0, 1, 3]",42,lightgbm,True,1,19080,11520,0.0,0,0.0,True
split42/S013/lgb_N_t_24,"[0, 1, 3]",42,lightgbm,True,1,19080,11520,0.0,0,0.0,True
split42/S013/lgb_D_t_24,"[0, 1, 3]",42,lightgbm,True,1,19080,11520,0.0,0,0.0,True
split42/S013/lgb_R_t_24,"[0, 1, 3]",42,lightgbm,True,1,19080,11520,0.0,0,0.0,True
split42/S013/lgb_P_t_48,"[0, 1, 3]",42,lightgbm,True,1,15264,9216,0.0,0,0.0,True
split42/S013/lgb_N_t_48,"[0, 1, 3]",42,lightgbm,True,1,15264,9216,0.0,0,0.0,True
split42/S013/lgb_D_t_48,"[0, 1, 3]",42,lightgbm,True,1,15264,9216,0.0,0,0.0,True
split42/S013/lgb_R_t_48,"[0, 1, 3]",42,lightgbm,True,1,15264,9216,0.0,0,0.0,True
split42/S013/lgb_osi_24,"[0, 1, 3]",42,lightgbm,False,4,19080,0,0.0,0,7.806255641895632e-18,True
split42/S013/lgb_osi_48,"[0, 1, 3]",42,lightgbm,False,4,15264,0,0.0,0,6.071532165918825e-18,True
split42/S013/P01_a,"[0, 1, 3]",42,lightgbm,False,4,22737,0,0.0,0,0.0,True
split42/S013/P01_b,"[0, 1, 3]",42,lightgbm,False,4,22737,0,0.0,0,0.0,True
split42/S013/P06_a,"[0, 1, 3]",42,lightgbm,False,4,21942,0,0.0,0,0.0,True
split42/S013/P06_b,"[0, 1, 3]",42,lightgbm,False,4,21942,0,0.0,0,8.673617379884035e-19,True
split42/S013/P24_neighbor,"[0, 1, 3]",42,lightgbm,False,4,19080,0,0.0,0,1.9081958235744878e-17,True
split42/S013/D01_unknown,"[0, 1, 3]",42,lightgbm,False,4,22737,0,0.0,0,6.938893903907228e-17,True
split42/S013/xgboost_osi_24,"[0, 1, 3]",42,xgboost,False,4,19080,0,0.0,0,0.0,True
split42/S013/xgboost_P_t_24,"[0, 1, 3]",42,xgboost,False,4,19080,0,0.0,0,0.0,True
split42/S013/xgboost_N_t_24,"[0, 1, 3]",42,xgboost,False,4,19080,0,0.0,0,0.0,True
split42/S013/xgboost_D_t_24,"[0, 1, 3]",42,xgboost,False,4,19080,0,0.0,0,0.0,True
split42/S013/xgboost_R_t_24,"[0, 1, 3]",42,xgboost,False,4,19080,0,0.0,0,0.0,True
split42/S013/xgboost_osi_48,"[0, 1, 3]",42,xgboost,False,4,15264,0,0.0,0,0.0,True
split42/S013/xgboost_P_t_48,"[0, 1, 3]",42,xgboost,False,4,15264,0,0.0,0,0.0,True
split42/S013/xgboost_N_t_48,"[0, 1, 3]",42,xgboost,False,4,15264,0,0.0,0,0.0,True
split42/S013/xgboost_D_t_48,"[0, 1, 3]",42,xgboost,False,4,15264,0,0.0,0,0.0,True
split42/S013/xgboost_R_t_48,"[0, 1, 3]",42,xgboost,False,4,15264,0,0.0,0,0.0,True
split42/S013/catboost_osi_24,"[0, 1, 3]",42,catboost,False,4,19080,0,0.0,0,0.0,True
split42/S013/catboost_P_t_24,"[0, 1, 3]",42,catboost,False,4,19080,0,0.0,0,0.0,True
split42/S013/catboost_N_t_24,"[0, 1, 3]",42,catboost,False,4,19080,0,0.0,0,0.0,True
split42/S013/catboost_D_t_24,"[0, 1, 3]",42,catboost,False,4,19080,0,0.0,0,0.0,True
split42/S013/catboost_R_t_24,"[0, 1, 3]",42,catboost,False,4,19080,0,0.0,0,0.0,True
split42/S013/catboost_osi_48,"[0, 1, 3]",42,catboost,False,4,15264,0,0.0,0,0.0,True
split42/S013/catboost_P_t_48,"[0, 1, 3]",42,catboost,False,4,15264,0,0.0,0,0.0,True
split42/S013/catboost_N_t_48,"[0, 1, 3]",42,catboost,False,4,15264,0,0.0,0,0.0,True
split42/S013/catboost_D_t_48,"[0, 1, 3]",42,catboost,False,4,15264,0,0.0,0,0.0,True
split42/S013/catboost_R_t_48,"[0, 1, 3]",42,catboost,False,4,15264,0,0.0,0,0.0,True
split42/S014/lgb_N_t_01,"[0, 1, 4]",42,lightgbm,False,4,22737,0,0.0,1,2.9166579815567695e-07,True
split42/S014/lgb_D_t_01,"[0, 1, 4]",42,lightgbm,False,4,22737,0,0.0,0,1.5612511283791264e-17,True
split42/S014/lgb_R_t_01,"[0, 1, 4]",42,lightgbm,False,4,22737,0,0.0,0,3.0357660829594124e-18,True
split42/S014/lgb_N_t_06,"[0, 1, 4]",42,lightgbm,False,4,21942,0,0.0,0,9.324138683375338e-18,True
split42/S014/lgb_D_t_06,"[0, 1, 4]",42,lightgbm,False,4,21942,0,0.0,0,1.3877787807814457e-17,True
split42/S014/lgb_R_t_06,"[0, 1, 4]",42,lightgbm,False,4,21942,0,0.0,0,6.938893903907228e-18,True
split42/S014/lgb_P_t_24,"[0, 1, 4]",42,lightgbm,True,1,19080,11520,0.0,0,0.0,True
split42/S014/lgb_N_t_24,"[0, 1, 4]",42,lightgbm,True,1,19080,11520,0.0,0,0.0,True
split42/S014/lgb_D_t_24,"[0, 1, 4]",42,lightgbm,True,1,19080,11520,0.0,0,0.0,True
split42/S014/lgb_R_t_24,"[0, 1, 4]",42,lightgbm,True,1,19080,11520,0.0,0,0.0,True
split42/S014/lgb_P_t_48,"[0, 1, 4]",42,lightgbm,True,1,15264,9216,0.0,0,0.0,True
split42/S014/lgb_N_t_48,"[0, 1, 4]",42,lightgbm,True,1,15264,9216,0.0,0,0.0,True
split42/S014/lgb_D_t_48,"[0, 1, 4]",42,lightgbm,True,1,15264,9216,0.0,0,0.0,True
split42/S014/lgb_R_t_48,"[0, 1, 4]",42,lightgbm,True,1,15264,9216,0.0,0,0.0,True
split42/S014/lgb_osi_24,"[0, 1, 4]",42,lightgbm,False,4,19080,0,0.0,0,2.0816681711721685e-17,True
split42/S014/lgb_osi_48,"[0, 1, 4]",42,lightgbm,False,4,15264,0,0.0,0,7.806255641895632e-18,True
split42/S014/P01_a,"[0, 1, 4]",42,lightgbm,False,4,22737,0,0.0,0,0.0,True
split42/S014/P01_b,"[0, 1, 4]",42,lightgbm,False,4,22737,0,0.0,0,1.734723475976807e-18,True
split42/S014/P06_a,"[0, 1, 4]",42,lightgbm,False,4,21942,0,0.0,0,0.0,True
split42/S014/P06_b,"[0, 1, 4]",42,lightgbm,False,4,21942,0,0.0,0,1.734723475976807e-18,True
split42/S014/P24_neighbor,"[0, 1, 4]",42,lightgbm,False,4,19080,0,0.0,0,2.949029909160572e-17,True
split42/S014/D01_unknown,"[0, 1, 4]",42,lightgbm,False,4,22737,0,0.0,0,2.0816681711721685e-17,True
split42/S014/xgboost_osi_24,"[0, 1, 4]",42,xgboost,False,4,19080,0,0.0,0,0.0,True
split42/S014/xgboost_P_t_24,"[0, 1, 4]",42,xgboost,False,4,19080,0,0.0,0,0.0,True
split42/S014/xgboost_N_t_24,"[0, 1, 4]",42,xgboost,False,4,19080,0,0.0,0,0.0,True
split42/S014/xgboost_D_t_24,"[0, 1, 4]",42,xgboost,False,4,19080,0,0.0,0,0.0,True
split42/S014/xgboost_R_t_24,"[0, 1, 4]",42,xgboost,False,4,19080,0,0.0,0,0.0,True
split42/S014/xgboost_osi_48,"[0, 1, 4]",42,xgboost,False,4,15264,0,0.0,0,0.0,True
split42/S014/xgboost_P_t_48,"[0, 1, 4]",42,xgboost,False,4,15264,0,0.0,0,0.0,True
split42/S014/xgboost_N_t_48,"[0, 1, 4]",42,xgboost,False,4,15264,0,0.0,0,0.0,True
split42/S014/xgboost_D_t_48,"[0, 1, 4]",42,xgboost,False,4,15264,0,0.0,0,0.0,True
split42/S014/xgboost_R_t_48,"[0, 1, 4]",42,xgboost,False,4,15264,0,0.0,0,0.0,True
split42/S014/catboost_osi_24,"[0, 1, 4]",42,catboost,False,4,19080,0,0.0,0,0.0,True
split42/S014/catboost_P_t_24,"[0, 1, 4]",42,catboost,False,4,19080,0,0.0,0,0.0,True
split42/S014/catboost_N_t_24,"[0, 1, 4]",42,catboost,False,4,19080,0,0.0,0,0.0,True
split42/S014/catboost_D_t_24,"[0, 1, 4]",42,catboost,False,4,19080,0,0.0,0,0.0,True
split42/S014/catboost_R_t_24,"[0, 1, 4]",42,catboost,False,4,19080,0,0.0,0,0.0,True
split42/S014/catboost_osi_48,"[0, 1, 4]",42,catboost,False,4,15264,0,0.0,0,0.0,True
split42/S014/catboost_P_t_48,"[0, 1, 4]",42,catboost,False,4,15264,0,0.0,0,0.0,True
split42/S014/catboost_N_t_48,"[0, 1, 4]",42,catboost,False,4,15264,0,0.0,0,0.0,True
split42/S014/catboost_D_t_48,"[0, 1, 4]",42,catboost,False,4,15264,0,0.0,0,0.0,True
split42/S014/catboost_R_t_48,"[0, 1, 4]",42,catboost,False,4,15264,0,0.0,0,0.0,True
split42/S023/lgb_N_t_01,"[0, 2, 3]",42,lightgbm,False,4,22594,0,0.0,0,4.336808689942018e-18,True
split42/S023/lgb_D_t_01,"[0, 2, 3]",42,lightgbm,False,4,22594,0,0.0,0,2.7755575615628914e-17,True
split42/S023/lgb_R_t_01,"[0, 2, 3]",42,lightgbm,False,4,22594,0,0.0,0,5.204170427930421e-18,True
split42/S023/lgb_N_t_06,"[0, 2, 3]",42,lightgbm,False,4,21804,0,0.0,0,2.168404344971009e-18,True
split42/S023/lgb_D_t_06,"[0, 2, 3]",42,lightgbm,False,4,21804,0,0.0,0,2.0816681711721685e-17,True
split42/S023/lgb_R_t_06,"[0, 2, 3]",42,lightgbm,False,4,21804,0,0.0,0,1.5612511283791264e-17,True
split42/S023/lgb_P_t_24,"[0, 2, 3]",42,lightgbm,True,1,18960,11400,0.0,0,0.0,True
split42/S023/lgb_N_t_24,"[0, 2, 3]",42,lightgbm,True,1,18960,11400,0.0,0,0.0,True
split42/S023/lgb_D_t_24,"[0, 2, 3]",42,lightgbm,True,1,18960,11400,0.0,0,0.0,True
split42/S023/lgb_R_t_24,"[0, 2, 3]",42,lightgbm,True,1,18960,11400,0.0,0,0.0,True
split42/S023/lgb_P_t_48,"[0, 2, 3]",42,lightgbm,True,1,15168,9120,0.0,0,0.0,True
split42/S023/lgb_N_t_48,"[0, 2, 3]",42,lightgbm,True,1,15168,9120,0.0,0,0.0,True
split42/S023/lgb_D_t_48,"[0, 2, 3]",42,lightgbm,True,1,15168,9120,0.0,0,0.0,True
split42/S023/lgb_R_t_48,"[0, 2, 3]",42,lightgbm,True,1,15168,9120,0.0,0,0.0,True
split42/S023/lgb_osi_24,"[0, 2, 3]",42,lightgbm,False,4,18960,0,0.0,0,1.0408340855860843e-17,True
split42/S023/lgb_osi_48,"[0, 2, 3]",42,lightgbm,False,4,15168,0,0.0,0,3.469446951953614e-18,True
split42/S023/P01_a,"[0, 2, 3]",42,lightgbm,False,4,22594,0,0.0,0,0.0,True
split42/S023/P01_b,"[0, 2, 3]",42,lightgbm,False,4,22594,0,0.0,0,3.469446951953614e-18,True
split42/S023/P06_a,"[0, 2, 3]",42,lightgbm,False,4,21804,0,0.0,0,1.734723475976807e-18,True
split42/S023/P06_b,"[0, 2, 3]",42,lightgbm,False,4,21804,0,0.0,0,0.0,True
split42/S023/P24_neighbor,"[0, 2, 3]",42,lightgbm,False,4,18960,0,0.0,0,2.0816681711721685e-17,True
split42/S023/D01_unknown,"[0, 2, 3]",42,lightgbm,False,4,22594,0,0.0,0,3.469446951953614e-17,True
split42/S023/xgboost_osi_24,"[0, 2, 3]",42,xgboost,False,4,18960,0,0.0,0,0.0,True
split42/S023/xgboost_P_t_24,"[0, 2, 3]",42,xgboost,False,4,18960,0,0.0,0,0.0,True
split42/S023/xgboost_N_t_24,"[0, 2, 3]",42,xgboost,False,4,18960,0,0.0,0,0.0,True
split42/S023/xgboost_D_t_24,"[0, 2, 3]",42,xgboost,False,4,18960,0,0.0,0,0.0,True
split42/S023/xgboost_R_t_24,"[0, 2, 3]",42,xgboost,False,4,18960,0,0.0,0,0.0,True
split42/S023/xgboost_osi_48,"[0, 2, 3]",42,xgboost,False,4,15168,0,0.0,0,0.0,True
split42/S023/xgboost_P_t_48,"[0, 2, 3]",42,xgboost,False,4,15168,0,0.0,0,0.0,True
split42/S023/xgboost_N_t_48,"[0, 2, 3]",42,xgboost,False,4,15168,0,0.0,0,0.0,True
split42/S023/xgboost_D_t_48,"[0, 2, 3]",42,xgboost,False,4,15168,0,0.0,0,0.0,True
split42/S023/xgboost_R_t_48,"[0, 2, 3]",42,xgboost,False,4,15168,0,0.0,0,0.0,True
split42/S023/catboost_osi_24,"[0, 2, 3]",42,catboost,False,4,18960,0,0.0,0,0.0,True
split42/S023/catboost_P_t_24,"[0, 2, 3]",42,catboost,False,4,18960,0,0.0,0,0.0,True
split42/S023/catboost_N_t_24,"[0, 2, 3]",42,catboost,False,4,18960,0,0.0,0,0.0,True
split42/S023/catboost_D_t_24,"[0, 2, 3]",42,catboost,False,4,18960,0,0.0,0,0.0,True
split42/S023/catboost_R_t_24,"[0, 2, 3]",42,catboost,False,4,18960,0,0.0,0,0.0,True
split42/S023/catboost_osi_48,"[0, 2, 3]",42,catboost,False,4,15168,0,0.0,0,0.0,True
split42/S023/catboost_P_t_48,"[0, 2, 3]",42,catboost,False,4,15168,0,0.0,0,0.0,True
split42/S023/catboost_N_t_48,"[0, 2, 3]",42,catboost,False,4,15168,0,0.0,0,0.0,True
split42/S023/catboost_D_t_48,"[0, 2, 3]",42,catboost,False,4,15168,0,0.0,0,0.0,True
split42/S023/catboost_R_t_48,"[0, 2, 3]",42,catboost,False,4,15168,0,0.0,0,0.0,True
split42/S024/lgb_N_t_01,"[0, 2, 4]",42,lightgbm,False,4,22594,0,0.0,0,2.6020852139652106e-18,True
split42/S024/lgb_D_t_01,"[0, 2, 4]",42,lightgbm,False,4,22594,0,0.0,0,3.122502256758253e-17,True
split42/S024/lgb_R_t_01,"[0, 2, 4]",42,lightgbm,False,4,22594,0,0.0,0,4.7704895589362195e-18,True
split42/S024/lgb_N_t_06,"[0, 2, 4]",42,lightgbm,False,4,21804,0,0.0,0,7.806255641895632e-18,True
split42/S024/lgb_D_t_06,"[0, 2, 4]",42,lightgbm,False,4,21804,0,0.0,0,1.3877787807814457e-17,True
split42/S024/lgb_R_t_06,"[0, 2, 4]",42,lightgbm,False,4,21804,0,0.0,0,6.071532165918825e-18,True
split42/S024/lgb_P_t_24,"[0, 2, 4]",42,lightgbm,True,1,18960,11400,0.0,0,0.0,True
split42/S024/lgb_N_t_24,"[0, 2, 4]",42,lightgbm,True,1,18960,11400,0.0,0,0.0,True
split42/S024/lgb_D_t_24,"[0, 2, 4]",42,lightgbm,True,1,18960,11400,0.0,0,0.0,True
split42/S024/lgb_R_t_24,"[0, 2, 4]",42,lightgbm,True,1,18960,11400,0.0,0,0.0,True
split42/S024/lgb_P_t_48,"[0, 2, 4]",42,lightgbm,True,1,15168,9120,0.0,0,0.0,True
split42/S024/lgb_N_t_48,"[0, 2, 4]",42,lightgbm,True,1,15168,9120,0.0,0,0.0,True
split42/S024/lgb_D_t_48,"[0, 2, 4]",42,lightgbm,True,1,15168,9120,0.0,0,0.0,True
split42/S024/lgb_R_t_48,"[0, 2, 4]",42,lightgbm,True,1,15168,9120,0.0,0,0.0,True
split42/S024/lgb_osi_24,"[0, 2, 4]",42,lightgbm,False,4,18960,0,0.0,0,7.806255641895632e-18,True
split42/S024/lgb_osi_48,"[0, 2, 4]",42,lightgbm,False,4,15168,0,0.0,0,3.469446951953614e-18,True
split42/S024/P01_a,"[0, 2, 4]",42,lightgbm,False,4,22594,0,0.0,0,1.734723475976807e-18,True
split42/S024/P01_b,"[0, 2, 4]",42,lightgbm,False,4,22594,0,0.0,0,1.734723475976807e-18,True
split42/S024/P06_a,"[0, 2, 4]",42,lightgbm,False,4,21804,0,0.0,0,0.0,True
split42/S024/P06_b,"[0, 2, 4]",42,lightgbm,False,4,21804,0,0.0,0,0.0,True
split42/S024/P24_neighbor,"[0, 2, 4]",42,lightgbm,False,4,18960,0,0.0,0,1.3877787807814457e-17,True
split42/S024/D01_unknown,"[0, 2, 4]",42,lightgbm,False,4,22594,0,0.0,0,3.122502256758253e-17,True
split42/S024/xgboost_osi_24,"[0, 2, 4]",42,xgboost,False,4,18960,0,0.0,0,0.0,True
split42/S024/xgboost_P_t_24,"[0, 2, 4]",42,xgboost,False,4,18960,0,0.0,0,0.0,True
split42/S024/xgboost_N_t_24,"[0, 2, 4]",42,xgboost,False,4,18960,0,0.0,0,0.0,True
split42/S024/xgboost_D_t_24,"[0, 2, 4]",42,xgboost,False,4,18960,0,0.0,0,0.0,True
split42/S024/xgboost_R_t_24,"[0, 2, 4]",42,xgboost,False,4,18960,0,0.0,0,0.0,True
split42/S024/xgboost_osi_48,"[0, 2, 4]",42,xgboost,False,4,15168,0,0.0,0,0.0,True
split42/S024/xgboost_P_t_48,"[0, 2, 4]",42,xgboost,False,4,15168,0,0.0,0,0.0,True
split42/S024/xgboost_N_t_48,"[0, 2, 4]",42,xgboost,False,4,15168,0,0.0,0,0.0,True
split42/S024/xgboost_D_t_48,"[0, 2, 4]",42,xgboost,False,4,15168,0,0.0,0,0.0,True
split42/S024/xgboost_R_t_48,"[0, 2, 4]",42,xgboost,False,4,15168,0,0.0,0,0.0,True
split42/S024/catboost_osi_24,"[0, 2, 4]",42,catboost,False,4,18960,0,0.0,0,0.0,True
split42/S024/catboost_P_t_24,"[0, 2, 4]",42,catboost,False,4,18960,0,0.0,0,0.0,True
split42/S024/catboost_N_t_24,"[0, 2, 4]",42,catboost,False,4,18960,0,0.0,0,0.0,True
split42/S024/catboost_D_t_24,"[0, 2, 4]",42,catboost,False,4,18960,0,0.0,0,0.0,True
split42/S024/catboost_R_t_24,"[0, 2, 4]",42,catboost,False,4,18960,0,0.0,0,0.0,True
split42/S024/catboost_osi_48,"[0, 2, 4]",42,catboost,False,4,15168,0,0.0,0,0.0,True
split42/S024/catboost_P_t_48,"[0, 2, 4]",42,catboost,False,4,15168,0,0.0,0,0.0,True
split42/S024/catboost_N_t_48,"[0, 2, 4]",42,catboost,False,4,15168,0,0.0,0,0.0,True
split42/S024/catboost_D_t_48,"[0, 2, 4]",42,catboost,False,4,15168,0,0.0,0,0.0,True
split42/S024/catboost_R_t_48,"[0, 2, 4]",42,catboost,False,4,15168,0,0.0,0,0.0,True
split42/S034/lgb_N_t_01,"[0, 3, 4]",42,lightgbm,False,4,22594,0,0.0,0,3.469446951953614e-18,True
split42/S034/lgb_D_t_01,"[0, 3, 4]",42,lightgbm,False,4,22594,0,0.0,0,2.42861286636753e-17,True
split42/S034/lgb_R_t_01,"[0, 3, 4]",42,lightgbm,False,4,22594,0,0.0,0,6.071532165918825e-18,True
split42/S034/lgb_N_t_06,"[0, 3, 4]",42,lightgbm,False,4,21804,0,0.0,0,1.3010426069826053e-18,True
split42/S034/lgb_D_t_06,"[0, 3, 4]",42,lightgbm,False,4,21804,0,0.0,0,2.7755575615628914e-17,True
split42/S034/lgb_R_t_06,"[0, 3, 4]",42,lightgbm,False,4,21804,0,0.0,0,9.974659986866641e-18,True
split42/S034/lgb_P_t_24,"[0, 3, 4]",42,lightgbm,True,1,18960,11400,0.0,0,0.0,True
split42/S034/lgb_N_t_24,"[0, 3, 4]",42,lightgbm,True,1,18960,11400,0.0,0,0.0,True
split42/S034/lgb_D_t_24,"[0, 3, 4]",42,lightgbm,True,1,18960,11400,0.0,0,0.0,True
split42/S034/lgb_R_t_24,"[0, 3, 4]",42,lightgbm,True,1,18960,11400,0.0,0,0.0,True
split42/S034/lgb_P_t_48,"[0, 3, 4]",42,lightgbm,True,1,15168,9120,0.0,0,0.0,True
split42/S034/lgb_N_t_48,"[0, 3, 4]",42,lightgbm,True,1,15168,9120,0.0,0,0.0,True
split42/S034/lgb_D_t_48,"[0, 3, 4]",42,lightgbm,True,1,15168,9120,0.0,0,0.0,True
split42/S034/lgb_R_t_48,"[0, 3, 4]",42,lightgbm,True,1,15168,9120,0.0,0,0.0,True
split42/S034/lgb_osi_24,"[0, 3, 4]",42,lightgbm,False,4,18960,0,0.0,0,8.673617379884035e-18,True
split42/S034/lgb_osi_48,"[0, 3, 4]",42,lightgbm,False,4,15168,0,0.0,0,1.3877787807814457e-17,True
split42/S034/P01_a,"[0, 3, 4]",42,lightgbm,False,4,22594,0,0.0,0,1.734723475976807e-18,True
split42/S034/P01_b,"[0, 3, 4]",42,lightgbm,False,4,22594,0,0.0,0,3.469446951953614e-18,True
split42/S034/P06_a,"[0, 3, 4]",42,lightgbm,False,4,21804,0,0.0,0,0.0,True
split42/S034/P06_b,"[0, 3, 4]",42,lightgbm,False,4,21804,0,0.0,0,0.0,True
split42/S034/P24_neighbor,"[0, 3, 4]",42,lightgbm,False,4,18960,0,0.0,0,1.0408340855860843e-17,True
split42/S034/D01_unknown,"[0, 3, 4]",42,lightgbm,False,4,22594,0,0.0,0,2.7755575615628914e-17,True
split42/S034/xgboost_osi_24,"[0, 3, 4]",42,xgboost,False,4,18960,0,0.0,0,0.0,True
split42/S034/xgboost_P_t_24,"[0, 3, 4]",42,xgboost,False,4,18960,0,0.0,0,0.0,True
split42/S034/xgboost_N_t_24,"[0, 3, 4]",42,xgboost,False,4,18960,0,0.0,0,0.0,True
split42/S034/xgboost_D_t_24,"[0, 3, 4]",42,xgboost,False,4,18960,0,0.0,0,0.0,True
split42/S034/xgboost_R_t_24,"[0, 3, 4]",42,xgboost,False,4,18960,0,0.0,0,0.0,True
split42/S034/xgboost_osi_48,"[0, 3, 4]",42,xgboost,False,4,15168,0,0.0,0,0.0,True
split42/S034/xgboost_P_t_48,"[0, 3, 4]",42,xgboost,False,4,15168,0,0.0,0,0.0,True
split42/S034/xgboost_N_t_48,"[0, 3, 4]",42,xgboost,False,4,15168,0,0.0,0,0.0,True
split42/S034/xgboost_D_t_48,"[0, 3, 4]",42,xgboost,False,4,15168,0,0.0,0,0.0,True
split42/S034/xgboost_R_t_48,"[0, 3, 4]",42,xgboost,False,4,15168,0,0.0,0,0.0,True
split42/S034/catboost_osi_24,"[0, 3, 4]",42,catboost,False,4,18960,0,0.0,0,0.0,True
split42/S034/catboost_P_t_24,"[0, 3, 4]",42,catboost,False,4,18960,0,0.0,0,0.0,True
split42/S034/catboost_N_t_24,"[0, 3, 4]",42,catboost,False,4,18960,0,0.0,0,0.0,True
split42/S034/catboost_D_t_24,"[0, 3, 4]",42,catboost,False,4,18960,0,0.0,0,0.0,True
split42/S034/catboost_R_t_24,"[0, 3, 4]",42,catboost,False,4,18960,0,0.0,0,0.0,True
split42/S034/catboost_osi_48,"[0, 3, 4]",42,catboost,False,4,15168,0,0.0,0,0.0,True
split42/S034/catboost_P_t_48,"[0, 3, 4]",42,catboost,False,4,15168,0,0.0,0,0.0,True
split42/S034/catboost_N_t_48,"[0, 3, 4]",42,catboost,False,4,15168,0,0.0,0,0.0,True
split42/S034/catboost_D_t_48,"[0, 3, 4]",42,catboost,False,4,15168,0,0.0,0,0.0,True
split42/S034/catboost_R_t_48,"[0, 3, 4]",42,catboost,False,4,15168,0,0.0,0,0.0,True
split42/S123/lgb_N_t_01,"[1, 2, 3]",42,lightgbm,False,4,22737,0,0.0,0,2.6020852139652106e-18,True
split42/S123/lgb_D_t_01,"[1, 2, 3]",42,lightgbm,False,4,22737,0,0.0,0,5.204170427930421e-17,True
split42/S123/lgb_R_t_01,"[1, 2, 3]",42,lightgbm,False,4,22737,0,0.0,0,1.6479873021779667e-17,True
split42/S123/lgb_N_t_06,"[1, 2, 3]",42,lightgbm,False,4,21942,0,0.0,0,3.469446951953614e-18,True
split42/S123/lgb_D_t_06,"[1, 2, 3]",42,lightgbm,False,4,21942,0,0.0,0,9.71445146547012e-17,True
split42/S123/lgb_R_t_06,"[1, 2, 3]",42,lightgbm,False,4,21942,0,0.0,0,1.3010426069826053e-17,True
split42/S123/lgb_P_t_24,"[1, 2, 3]",42,lightgbm,True,1,19080,11520,0.0,0,0.0,True
split42/S123/lgb_N_t_24,"[1, 2, 3]",42,lightgbm,True,1,19080,11520,0.0,0,0.0,True
split42/S123/lgb_D_t_24,"[1, 2, 3]",42,lightgbm,True,1,19080,11520,0.0,0,0.0,True
split42/S123/lgb_R_t_24,"[1, 2, 3]",42,lightgbm,True,1,19080,11520,0.0,0,0.0,True
split42/S123/lgb_P_t_48,"[1, 2, 3]",42,lightgbm,True,1,15264,9216,0.0,0,0.0,True
split42/S123/lgb_N_t_48,"[1, 2, 3]",42,lightgbm,True,1,15264,9216,0.0,0,0.0,True
split42/S123/lgb_D_t_48,"[1, 2, 3]",42,lightgbm,True,1,15264,9216,0.0,0,0.0,True
split42/S123/lgb_R_t_48,"[1, 2, 3]",42,lightgbm,True,1,15264,9216,0.0,0,0.0,True
split42/S123/lgb_osi_24,"[1, 2, 3]",42,lightgbm,False,4,19080,0,0.0,0,9.367506770274758e-17,True
split42/S123/lgb_osi_48,"[1, 2, 3]",42,lightgbm,False,4,15264,0,0.0,0,3.642919299551295e-17,True
split42/S123/P01_a,"[1, 2, 3]",42,lightgbm,False,4,22737,0,0.0,0,0.0,True
split42/S123/P01_b,"[1, 2, 3]",42,lightgbm,False,4,22737,0,0.0,0,3.469446951953614e-18,True
split42/S123/P06_a,"[1, 2, 3]",42,lightgbm,False,4,21942,0,0.0,0,1.734723475976807e-18,True
split42/S123/P06_b,"[1, 2, 3]",42,lightgbm,False,4,21942,0,0.0,0,1.734723475976807e-18,True
split42/S123/P24_neighbor,"[1, 2, 3]",42,lightgbm,False,4,19080,0,0.0,0,1.5092094240998222e-16,True
split42/S123/D01_unknown,"[1, 2, 3]",42,lightgbm,False,4,22737,0,0.0,0,1.3877787807814457e-17,True
split42/S123/xgboost_osi_24,"[1, 2, 3]",42,xgboost,False,4,19080,0,0.0,0,0.0,True
split42/S123/xgboost_P_t_24,"[1, 2, 3]",42,xgboost,False,4,19080,0,0.0,0,0.0,True
split42/S123/xgboost_N_t_24,"[1, 2, 3]",42,xgboost,False,4,19080,0,0.0,0,0.0,True
split42/S123/xgboost_D_t_24,"[1, 2, 3]",42,xgboost,False,4,19080,0,0.0,0,0.0,True
split42/S123/xgboost_R_t_24,"[1, 2, 3]",42,xgboost,False,4,19080,0,0.0,0,0.0,True
split42/S123/xgboost_osi_48,"[1, 2, 3]",42,xgboost,False,4,15264,0,0.0,0,0.0,True
split42/S123/xgboost_P_t_48,"[1, 2, 3]",42,xgboost,False,4,15264,0,0.0,0,0.0,True
split42/S123/xgboost_N_t_48,"[1, 2, 3]",42,xgboost,False,4,15264,0,0.0,0,0.0,True
split42/S123/xgboost_D_t_48,"[1, 2, 3]",42,xgboost,False,4,15264,0,0.0,0,0.0,True
split42/S123/xgboost_R_t_48,"[1, 2, 3]",42,xgboost,False,4,15264,0,0.0,0,0.0,True
split42/S123/catboost_osi_24,"[1, 2, 3]",42,catboost,False,4,19080,0,0.0,0,0.0,True
split42/S123/catboost_P_t_24,"[1, 2, 3]",42,catboost,False,4,19080,0,0.0,0,0.0,True
split42/S123/catboost_N_t_24,"[1, 2, 3]",42,catboost,False,4,19080,0,0.0,0,0.0,True
split42/S123/catboost_D_t_24,"[1, 2, 3]",42,catboost,False,4,19080,0,0.0,0,0.0,True
split42/S123/catboost_R_t_24,"[1, 2, 3]",42,catboost,False,4,19080,0,0.0,0,0.0,True
split42/S123/catboost_osi_48,"[1, 2, 3]",42,catboost,False,4,15264,0,0.0,0,0.0,True
split42/S123/catboost_P_t_48,"[1, 2, 3]",42,catboost,False,4,15264,0,0.0,0,0.0,True
split42/S123/catboost_N_t_48,"[1, 2, 3]",42,catboost,False,4,15264,0,0.0,0,0.0,True
split42/S123/catboost_D_t_48,"[1, 2, 3]",42,catboost,False,4,15264,0,0.0,0,0.0,True
split42/S123/catboost_R_t_48,"[1, 2, 3]",42,catboost,False,4,15264,0,0.0,0,0.0,True
split42/S124/lgb_N_t_01,"[1, 2, 4]",42,lightgbm,False,4,22737,0,0.0,0,1.431146867680866e-17,True
split42/S124/lgb_D_t_01,"[1, 2, 4]",42,lightgbm,False,4,22737,0,0.0,0,2.0816681711721685e-17,True
split42/S124/lgb_R_t_01,"[1, 2, 4]",42,lightgbm,False,4,22737,0,0.0,0,2.6020852139652106e-18,True
split42/S124/lgb_N_t_06,"[1, 2, 4]",42,lightgbm,False,4,21942,0,0.0,0,2.168404344971009e-18,True
split42/S124/lgb_D_t_06,"[1, 2, 4]",42,lightgbm,False,4,21942,0,0.0,0,2.0816681711721685e-17,True
split42/S124/lgb_R_t_06,"[1, 2, 4]",42,lightgbm,False,4,21942,0,0.0,0,1.1275702593849246e-17,True
split42/S124/lgb_P_t_24,"[1, 2, 4]",42,lightgbm,True,1,19080,11520,0.0,0,0.0,True
split42/S124/lgb_N_t_24,"[1, 2, 4]",42,lightgbm,True,1,19080,11520,0.0,0,0.0,True
split42/S124/lgb_D_t_24,"[1, 2, 4]",42,lightgbm,True,1,19080,11520,0.0,0,0.0,True
split42/S124/lgb_R_t_24,"[1, 2, 4]",42,lightgbm,True,1,19080,11520,0.0,0,0.0,True
split42/S124/lgb_P_t_48,"[1, 2, 4]",42,lightgbm,True,1,15264,9216,0.0,0,0.0,True
split42/S124/lgb_N_t_48,"[1, 2, 4]",42,lightgbm,True,1,15264,9216,0.0,0,0.0,True
split42/S124/lgb_D_t_48,"[1, 2, 4]",42,lightgbm,True,1,15264,9216,0.0,0,0.0,True
split42/S124/lgb_R_t_48,"[1, 2, 4]",42,lightgbm,True,1,15264,9216,0.0,0,0.0,True
split42/S124/lgb_osi_24,"[1, 2, 4]",42,lightgbm,False,4,19080,0,0.0,0,1.249000902703301e-16,True
split42/S124/lgb_osi_48,"[1, 2, 4]",42,lightgbm,False,4,15264,0,0.0,0,3.122502256758253e-17,True
split42/S124/P01_a,"[1, 2, 4]",42,lightgbm,False,4,22737,0,0.0,0,0.0,True
split42/S124/P01_b,"[1, 2, 4]",42,lightgbm,False,4,22737,0,0.0,0,1.734723475976807e-18,True
split42/S124/P06_a,"[1, 2, 4]",42,lightgbm,False,4,21942,0,0.0,0,0.0,True
split42/S124/P06_b,"[1, 2, 4]",42,lightgbm,False,4,21942,0,0.0,0,3.469446951953614e-18,True
split42/S124/P24_neighbor,"[1, 2, 4]",42,lightgbm,False,4,19080,0,0.0,0,1.6479873021779667e-16,True
split42/S124/D01_unknown,"[1, 2, 4]",42,lightgbm,False,4,22737,0,0.0,0,6.938893903907228e-18,True
split42/S124/xgboost_osi_24,"[1, 2, 4]",42,xgboost,False,4,19080,0,0.0,0,0.0,True
split42/S124/xgboost_P_t_24,"[1, 2, 4]",42,xgboost,False,4,19080,0,0.0,0,0.0,True
split42/S124/xgboost_N_t_24,"[1, 2, 4]",42,xgboost,False,4,19080,0,0.0,0,0.0,True
split42/S124/xgboost_D_t_24,"[1, 2, 4]",42,xgboost,False,4,19080,0,0.0,0,0.0,True
split42/S124/xgboost_R_t_24,"[1, 2, 4]",42,xgboost,False,4,19080,0,0.0,0,0.0,True
split42/S124/xgboost_osi_48,"[1, 2, 4]",42,xgboost,False,4,15264,0,0.0,0,0.0,True
split42/S124/xgboost_P_t_48,"[1, 2, 4]",42,xgboost,False,4,15264,0,0.0,0,0.0,True
split42/S124/xgboost_N_t_48,"[1, 2, 4]",42,xgboost,False,4,15264,0,0.0,0,0.0,True
split42/S124/xgboost_D_t_48,"[1, 2, 4]",42,xgboost,False,4,15264,0,0.0,0,0.0,True
split42/S124/xgboost_R_t_48,"[1, 2, 4]",42,xgboost,False,4,15264,0,0.0,0,0.0,True
split42/S124/catboost_osi_24,"[1, 2, 4]",42,catboost,False,4,19080,0,0.0,0,0.0,True
split42/S124/catboost_P_t_24,"[1, 2, 4]",42,catboost,False,4,19080,0,0.0,0,0.0,True
split42/S124/catboost_N_t_24,"[1, 2, 4]",42,catboost,False,4,19080,0,0.0,0,0.0,True
split42/S124/catboost_D_t_24,"[1, 2, 4]",42,catboost,False,4,19080,0,0.0,0,0.0,True
split42/S124/catboost_R_t_24,"[1, 2, 4]",42,catboost,False,4,19080,0,0.0,0,0.0,True
split42/S124/catboost_osi_48,"[1, 2, 4]",42,catboost,False,4,15264,0,0.0,0,0.0,True
split42/S124/catboost_P_t_48,"[1, 2, 4]",42,catboost,False,4,15264,0,0.0,0,0.0,True
split42/S124/catboost_N_t_48,"[1, 2, 4]",42,catboost,False,4,15264,0,0.0,0,0.0,True
split42/S124/catboost_D_t_48,"[1, 2, 4]",42,catboost,False,4,15264,0,0.0,0,0.0,True
split42/S124/catboost_R_t_48,"[1, 2, 4]",42,catboost,False,4,15264,0,0.0,0,0.0,True
split42/S134/lgb_N_t_01,"[1, 3, 4]",42,lightgbm,False,4,22737,0,0.0,0,6.071532165918825e-18,True
split42/S134/lgb_D_t_01,"[1, 3, 4]",42,lightgbm,False,4,22737,0,0.0,0,6.245004513516506e-17,True
split42/S134/lgb_R_t_01,"[1, 3, 4]",42,lightgbm,False,4,22737,0,0.0,0,6.071532165918825e-18,True
split42/S134/lgb_N_t_06,"[1, 3, 4]",42,lightgbm,False,4,21942,0,0.0,0,3.0357660829594124e-18,True
split42/S134/lgb_D_t_06,"[1, 3, 4]",42,lightgbm,False,4,21942,0,0.0,0,2.7755575615628914e-17,True
split42/S134/lgb_R_t_06,"[1, 3, 4]",42,lightgbm,False,4,21942,0,0.0,0,5.204170427930421e-18,True
split42/S134/lgb_P_t_24,"[1, 3, 4]",42,lightgbm,True,1,19080,11520,0.0,0,0.0,True
split42/S134/lgb_N_t_24,"[1, 3, 4]",42,lightgbm,True,1,19080,11520,0.0,0,0.0,True
split42/S134/lgb_D_t_24,"[1, 3, 4]",42,lightgbm,True,1,19080,11520,0.0,0,0.0,True
split42/S134/lgb_R_t_24,"[1, 3, 4]",42,lightgbm,True,1,19080,11520,0.0,0,0.0,True
split42/S134/lgb_P_t_48,"[1, 3, 4]",42,lightgbm,True,1,15264,9216,0.0,0,0.0,True
split42/S134/lgb_N_t_48,"[1, 3, 4]",42,lightgbm,True,1,15264,9216,0.0,0,0.0,True
split42/S134/lgb_D_t_48,"[1, 3, 4]",42,lightgbm,True,1,15264,9216,0.0,0,0.0,True
split42/S134/lgb_R_t_48,"[1, 3, 4]",42,lightgbm,True,1,15264,9216,0.0,0,0.0,True
split42/S134/lgb_osi_24,"[1, 3, 4]",42,lightgbm,False,4,19080,0,0.0,0,2.2724877535296173e-16,True
split42/S134/lgb_osi_48,"[1, 3, 4]",42,lightgbm,False,4,15264,0,0.0,0,3.469446951953614e-17,True
split42/S134/P01_a,"[1, 3, 4]",42,lightgbm,False,4,22737,0,0.0,0,1.734723475976807e-18,True
split42/S134/P01_b,"[1, 3, 4]",42,lightgbm,False,4,22737,0,0.0,0,0.0,True
split42/S134/P06_a,"[1, 3, 4]",42,lightgbm,False,4,21942,0,0.0,0,0.0,True
split42/S134/P06_b,"[1, 3, 4]",42,lightgbm,False,4,21942,0,0.0,0,1.734723475976807e-18,True
split42/S134/P24_neighbor,"[1, 3, 4]",42,lightgbm,False,4,19080,0,0.0,0,8.326672684688674e-17,True
split42/S134/D01_unknown,"[1, 3, 4]",42,lightgbm,False,4,22737,0,0.0,0,2.7755575615628914e-17,True
split42/S134/xgboost_osi_24,"[1, 3, 4]",42,xgboost,False,4,19080,0,0.0,0,0.0,True
split42/S134/xgboost_P_t_24,"[1, 3, 4]",42,xgboost,False,4,19080,0,0.0,0,0.0,True
split42/S134/xgboost_N_t_24,"[1, 3, 4]",42,xgboost,False,4,19080,0,0.0,0,0.0,True
split42/S134/xgboost_D_t_24,"[1, 3, 4]",42,xgboost,False,4,19080,0,0.0,0,0.0,True
split42/S134/xgboost_R_t_24,"[1, 3, 4]",42,xgboost,False,4,19080,0,0.0,0,0.0,True
split42/S134/xgboost_osi_48,"[1, 3, 4]",42,xgboost,False,4,15264,0,0.0,0,0.0,True
split42/S134/xgboost_P_t_48,"[1, 3, 4]",42,xgboost,False,4,15264,0,0.0,0,0.0,True
split42/S134/xgboost_N_t_48,"[1, 3, 4]",42,xgboost,False,4,15264,0,0.0,0,0.0,True
split42/S134/xgboost_D_t_48,"[1, 3, 4]",42,xgboost,False,4,15264,0,0.0,0,0.0,True
split42/S134/xgboost_R_t_48,"[1, 3, 4]",42,xgboost,False,4,15264,0,0.0,0,0.0,True
split42/S134/catboost_osi_24,"[1, 3, 4]",42,catboost,False,4,19080,0,0.0,0,0.0,True
split42/S134/catboost_P_t_24,"[1, 3, 4]",42,catboost,False,4,19080,0,0.0,0,0.0,True
split42/S134/catboost_N_t_24,"[1, 3, 4]",42,catboost,False,4,19080,0,0.0,0,0.0,True
split42/S134/catboost_D_t_24,"[1, 3, 4]",42,catboost,False,4,19080,0,0.0,0,0.0,True
split42/S134/catboost_R_t_24,"[1, 3, 4]",42,catboost,False,4,19080,0,0.0,0,0.0,True
split42/S134/catboost_osi_48,"[1, 3, 4]",42,catboost,False,4,15264,0,0.0,0,0.0,True
split42/S134/catboost_P_t_48,"[1, 3, 4]",42,catboost,False,4,15264,0,0.0,0,0.0,True
split42/S134/catboost_N_t_48,"[1, 3, 4]",42,catboost,False,4,15264,0,0.0,0,0.0,True
split42/S134/catboost_D_t_48,"[1, 3, 4]",42,catboost,False,4,15264,0,0.0,0,0.0,True
split42/S134/catboost_R_t_48,"[1, 3, 4]",42,catboost,False,4,15264,0,0.0,0,0.0,True
split42/S234/lgb_N_t_01,"[2, 3, 4]",42,lightgbm,False,4,22594,0,0.0,0,5.204170427930421e-18,True
split42/S234/lgb_D_t_01,"[2, 3, 4]",42,lightgbm,False,4,22594,0,0.0,0,7.632783294297951e-17,True
split42/S234/lgb_R_t_01,"[2, 3, 4]",42,lightgbm,False,4,22594,0,0.0,0,7.806255641895632e-18,True
split42/S234/lgb_N_t_06,"[2, 3, 4]",42,lightgbm,False,4,21804,0,0.0,0,3.469446951953614e-18,True
split42/S234/lgb_D_t_06,"[2, 3, 4]",42,lightgbm,False,4,21804,0,0.0,0,2.7755575615628914e-17,True
split42/S234/lgb_R_t_06,"[2, 3, 4]",42,lightgbm,False,4,21804,0,0.0,0,1.214306433183765e-17,True
split42/S234/lgb_P_t_24,"[2, 3, 4]",42,lightgbm,True,1,18960,11400,0.0,0,0.0,True
split42/S234/lgb_N_t_24,"[2, 3, 4]",42,lightgbm,True,1,18960,11400,0.0,0,0.0,True
split42/S234/lgb_D_t_24,"[2, 3, 4]",42,lightgbm,True,1,18960,11400,0.0,0,0.0,True
split42/S234/lgb_R_t_24,"[2, 3, 4]",42,lightgbm,True,1,18960,11400,0.0,0,0.0,True
split42/S234/lgb_P_t_48,"[2, 3, 4]",42,lightgbm,True,1,15168,9120,0.0,0,0.0,True
split42/S234/lgb_N_t_48,"[2, 3, 4]",42,lightgbm,True,1,15168,9120,0.0,0,0.0,True
split42/S234/lgb_D_t_48,"[2, 3, 4]",42,lightgbm,True,1,15168,9120,0.0,0,0.0,True
split42/S234/lgb_R_t_48,"[2, 3, 4]",42,lightgbm,True,1,15168,9120,0.0,0,0.0,True
split42/S234/lgb_osi_24,"[2, 3, 4]",42,lightgbm,False,4,18960,0,0.0,0,1.0408340855860843e-17,True
split42/S234/lgb_osi_48,"[2, 3, 4]",42,lightgbm,False,4,15168,0,0.0,0,2.6020852139652106e-18,True
split42/S234/P01_a,"[2, 3, 4]",42,lightgbm,False,4,22594,0,0.0,0,0.0,True
split42/S234/P01_b,"[2, 3, 4]",42,lightgbm,False,4,22594,0,0.0,0,0.0,True
split42/S234/P06_a,"[2, 3, 4]",42,lightgbm,False,4,21804,0,0.0,0,1.734723475976807e-18,True
split42/S234/P06_b,"[2, 3, 4]",42,lightgbm,False,4,21804,0,0.0,0,0.0,True
split42/S234/P24_neighbor,"[2, 3, 4]",42,lightgbm,False,4,18960,0,0.0,0,3.642919299551295e-17,True
split42/S234/D01_unknown,"[2, 3, 4]",42,lightgbm,False,4,22594,0,0.0,0,2.0816681711721685e-17,True
split42/S234/xgboost_osi_24,"[2, 3, 4]",42,xgboost,False,4,18960,0,0.0,0,0.0,True
split42/S234/xgboost_P_t_24,"[2, 3, 4]",42,xgboost,False,4,18960,0,0.0,0,0.0,True
split42/S234/xgboost_N_t_24,"[2, 3, 4]",42,xgboost,False,4,18960,0,0.0,0,0.0,True
split42/S234/xgboost_D_t_24,"[2, 3, 4]",42,xgboost,False,4,18960,0,0.0,0,0.0,True
split42/S234/xgboost_R_t_24,"[2, 3, 4]",42,xgboost,False,4,18960,0,0.0,0,0.0,True
split42/S234/xgboost_osi_48,"[2, 3, 4]",42,xgboost,False,4,15168,0,0.0,0,0.0,True
split42/S234/xgboost_P_t_48,"[2, 3, 4]",42,xgboost,False,4,15168,0,0.0,0,0.0,True
split42/S234/xgboost_N_t_48,"[2, 3, 4]",42,xgboost,False,4,15168,0,0.0,0,0.0,True
split42/S234/xgboost_D_t_48,"[2, 3, 4]",42,xgboost,False,4,15168,0,0.0,0,0.0,True
split42/S234/xgboost_R_t_48,"[2, 3, 4]",42,xgboost,False,4,15168,0,0.0,0,0.0,True
split42/S234/catboost_osi_24,"[2, 3, 4]",42,catboost,False,4,18960,0,0.0,0,0.0,True
split42/S234/catboost_P_t_24,"[2, 3, 4]",42,catboost,False,4,18960,0,0.0,0,0.0,True
split42/S234/catboost_N_t_24,"[2, 3, 4]",42,catboost,False,4,18960,0,0.0,0,0.0,True
split42/S234/catboost_D_t_24,"[2, 3, 4]",42,catboost,False,4,18960,0,0.0,0,0.0,True
split42/S234/catboost_R_t_24,"[2, 3, 4]",42,catboost,False,4,18960,0,0.0,0,0.0,True
split42/S234/catboost_osi_48,"[2, 3, 4]",42,catboost,False,4,15168,0,0.0,0,0.0,True
split42/S234/catboost_P_t_48,"[2, 3, 4]",42,catboost,False,4,15168,0,0.0,0,0.0,True
split42/S234/catboost_N_t_48,"[2, 3, 4]",42,catboost,False,4,15168,0,0.0,0,0.0,True
split42/S234/catboost_D_t_48,"[2, 3, 4]",42,catboost,False,4,15168,0,0.0,0,0.0,True
split42/S234/catboost_R_t_48,"[2, 3, 4]",42,catboost,False,4,15168,0,0.0,0,0.0,True
split42/S0123/lgb_N_t_01,"[0, 1, 2, 3]",42,lightgbm,True,1,15873,0,0.0,0,0.0,True
split42/S0123/lgb_D_t_01,"[0, 1, 2, 3]",42,lightgbm,True,1,15873,0,0.0,0,0.0,True
split42/S0123/lgb_R_t_01,"[0, 1, 2, 3]",42,lightgbm,True,1,15873,0,0.0,0,0.0,True
split42/S0123/lgb_N_t_06,"[0, 1, 2, 3]",42,lightgbm,True,1,15318,0,0.0,0,0.0,True
split42/S0123/lgb_D_t_06,"[0, 1, 2, 3]",42,lightgbm,True,1,15318,0,0.0,0,0.0,True
split42/S0123/lgb_R_t_06,"[0, 1, 2, 3]",42,lightgbm,True,1,15318,0,0.0,0,0.0,True
split42/S0123/lgb_P_t_24,"[0, 1, 2, 3]",42,lightgbm,True,1,13320,0,0.0,0,0.0,True
split42/S0123/lgb_N_t_24,"[0, 1, 2, 3]",42,lightgbm,True,1,13320,0,0.0,0,0.0,True
split42/S0123/lgb_D_t_24,"[0, 1, 2, 3]",42,lightgbm,True,1,13320,0,0.0,0,0.0,True
split42/S0123/lgb_R_t_24,"[0, 1, 2, 3]",42,lightgbm,True,1,13320,0,0.0,0,0.0,True
split42/S0123/lgb_P_t_48,"[0, 1, 2, 3]",42,lightgbm,True,1,10656,0,0.0,0,0.0,True
split42/S0123/lgb_N_t_48,"[0, 1, 2, 3]",42,lightgbm,True,1,10656,0,0.0,0,0.0,True
split42/S0123/lgb_D_t_48,"[0, 1, 2, 3]",42,lightgbm,True,1,10656,0,0.0,0,0.0,True
split42/S0123/lgb_R_t_48,"[0, 1, 2, 3]",42,lightgbm,True,1,10656,0,0.0,0,0.0,True
split42/S0123/lgb_osi_24,"[0, 1, 2, 3]",42,lightgbm,True,1,13320,0,0.0,0,0.0,True
split42/S0123/lgb_osi_48,"[0, 1, 2, 3]",42,lightgbm,True,1,10656,0,0.0,0,0.0,True
split42/S0123/P01_a,"[0, 1, 2, 3]",42,lightgbm,True,1,15873,0,0.0,0,0.0,True
split42/S0123/P01_b,"[0, 1, 2, 3]",42,lightgbm,True,1,15873,0,0.0,0,0.0,True
split42/S0123/P06_a,"[0, 1, 2, 3]",42,lightgbm,True,1,15318,0,0.0,0,0.0,True
split42/S0123/P06_b,"[0, 1, 2, 3]",42,lightgbm,True,1,15318,0,0.0,0,0.0,True
split42/S0123/P24_neighbor,"[0, 1, 2, 3]",42,lightgbm,True,1,13320,0,0.0,0,0.0,True
split42/S0123/D01_unknown,"[0, 1, 2, 3]",42,lightgbm,True,1,15873,0,0.0,0,0.0,True
split42/S0123/xgboost_osi_24,"[0, 1, 2, 3]",42,xgboost,True,1,13320,5760,0.0,0,0.0,True
split42/S0123/xgboost_P_t_24,"[0, 1, 2, 3]",42,xgboost,True,1,13320,5760,0.0,0,0.0,True
split42/S0123/xgboost_N_t_24,"[0, 1, 2, 3]",42,xgboost,True,1,13320,5760,0.0,0,0.0,True
split42/S0123/xgboost_D_t_24,"[0, 1, 2, 3]",42,xgboost,True,1,13320,5760,0.0,0,0.0,True
split42/S0123/xgboost_R_t_24,"[0, 1, 2, 3]",42,xgboost,True,1,13320,5760,0.0,0,0.0,True
split42/S0123/xgboost_osi_48,"[0, 1, 2, 3]",42,xgboost,True,1,10656,4608,0.0,0,0.0,True
split42/S0123/xgboost_P_t_48,"[0, 1, 2, 3]",42,xgboost,True,1,10656,4608,0.0,0,0.0,True
split42/S0123/xgboost_N_t_48,"[0, 1, 2, 3]",42,xgboost,True,1,10656,4608,0.0,0,0.0,True
split42/S0123/xgboost_D_t_48,"[0, 1, 2, 3]",42,xgboost,True,1,10656,4608,0.0,0,0.0,True
split42/S0123/xgboost_R_t_48,"[0, 1, 2, 3]",42,xgboost,True,1,10656,4608,0.0,0,0.0,True
split42/S0123/catboost_osi_24,"[0, 1, 2, 3]",42,catboost,True,1,13320,5760,0.0,0,0.0,True
split42/S0123/catboost_P_t_24,"[0, 1, 2, 3]",42,catboost,True,1,13320,5760,0.0,0,0.0,True
split42/S0123/catboost_N_t_24,"[0, 1, 2, 3]",42,catboost,True,1,13320,5760,0.0,0,0.0,True
split42/S0123/catboost_D_t_24,"[0, 1, 2, 3]",42,catboost,True,1,13320,5760,0.0,0,0.0,True
split42/S0123/catboost_R_t_24,"[0, 1, 2, 3]",42,catboost,True,1,13320,5760,0.0,0,0.0,True
split42/S0123/catboost_osi_48,"[0, 1, 2, 3]",42,catboost,True,1,10656,4608,0.0,0,0.0,True
split42/S0123/catboost_P_t_48,"[0, 1, 2, 3]",42,catboost,True,1,10656,4608,0.0,0,0.0,True
split42/S0123/catboost_N_t_48,"[0, 1, 2, 3]",42,catboost,True,1,10656,4608,0.0,0,0.0,True
split42/S0123/catboost_D_t_48,"[0, 1, 2, 3]",42,catboost,True,1,10656,4608,0.0,0,0.0,True
split42/S0123/catboost_R_t_48,"[0, 1, 2, 3]",42,catboost,True,1,10656,4608,0.0,0,0.0,True
split42/S0124/lgb_N_t_01,"[0, 1, 2, 4]",42,lightgbm,True,1,15873,0,0.0,0,0.0,True
split42/S0124/lgb_D_t_01,"[0, 1, 2, 4]",42,lightgbm,True,1,15873,0,0.0,0,0.0,True
split42/S0124/lgb_R_t_01,"[0, 1, 2, 4]",42,lightgbm,True,1,15873,0,0.0,0,0.0,True
split42/S0124/lgb_N_t_06,"[0, 1, 2, 4]",42,lightgbm,True,1,15318,0,0.0,0,0.0,True
split42/S0124/lgb_D_t_06,"[0, 1, 2, 4]",42,lightgbm,True,1,15318,0,0.0,0,0.0,True
split42/S0124/lgb_R_t_06,"[0, 1, 2, 4]",42,lightgbm,True,1,15318,0,0.0,0,0.0,True
split42/S0124/lgb_P_t_24,"[0, 1, 2, 4]",42,lightgbm,True,1,13320,0,0.0,0,0.0,True
split42/S0124/lgb_N_t_24,"[0, 1, 2, 4]",42,lightgbm,True,1,13320,0,0.0,0,0.0,True
split42/S0124/lgb_D_t_24,"[0, 1, 2, 4]",42,lightgbm,True,1,13320,0,0.0,0,0.0,True
split42/S0124/lgb_R_t_24,"[0, 1, 2, 4]",42,lightgbm,True,1,13320,0,0.0,0,0.0,True
split42/S0124/lgb_P_t_48,"[0, 1, 2, 4]",42,lightgbm,True,1,10656,0,0.0,0,0.0,True
split42/S0124/lgb_N_t_48,"[0, 1, 2, 4]",42,lightgbm,True,1,10656,0,0.0,0,0.0,True
split42/S0124/lgb_D_t_48,"[0, 1, 2, 4]",42,lightgbm,True,1,10656,0,0.0,0,0.0,True
split42/S0124/lgb_R_t_48,"[0, 1, 2, 4]",42,lightgbm,True,1,10656,0,0.0,0,0.0,True
split42/S0124/lgb_osi_24,"[0, 1, 2, 4]",42,lightgbm,True,1,13320,0,0.0,0,0.0,True
split42/S0124/lgb_osi_48,"[0, 1, 2, 4]",42,lightgbm,True,1,10656,0,0.0,0,0.0,True
split42/S0124/P01_a,"[0, 1, 2, 4]",42,lightgbm,True,1,15873,0,0.0,0,0.0,True
split42/S0124/P01_b,"[0, 1, 2, 4]",42,lightgbm,True,1,15873,0,0.0,0,0.0,True
split42/S0124/P06_a,"[0, 1, 2, 4]",42,lightgbm,True,1,15318,0,0.0,0,0.0,True
split42/S0124/P06_b,"[0, 1, 2, 4]",42,lightgbm,True,1,15318,0,0.0,0,0.0,True
split42/S0124/P24_neighbor,"[0, 1, 2, 4]",42,lightgbm,True,1,13320,0,0.0,0,0.0,True
split42/S0124/D01_unknown,"[0, 1, 2, 4]",42,lightgbm,True,1,15873,0,0.0,0,0.0,True
split42/S0124/xgboost_osi_24,"[0, 1, 2, 4]",42,xgboost,True,1,13320,5760,0.0,0,0.0,True
split42/S0124/xgboost_P_t_24,"[0, 1, 2, 4]",42,xgboost,True,1,13320,5760,0.0,0,0.0,True
split42/S0124/xgboost_N_t_24,"[0, 1, 2, 4]",42,xgboost,True,1,13320,5760,0.0,0,0.0,True
split42/S0124/xgboost_D_t_24,"[0, 1, 2, 4]",42,xgboost,True,1,13320,5760,0.0,0,0.0,True
split42/S0124/xgboost_R_t_24,"[0, 1, 2, 4]",42,xgboost,True,1,13320,5760,0.0,0,0.0,True
split42/S0124/xgboost_osi_48,"[0, 1, 2, 4]",42,xgboost,True,1,10656,4608,0.0,0,0.0,True
split42/S0124/xgboost_P_t_48,"[0, 1, 2, 4]",42,xgboost,True,1,10656,4608,0.0,0,0.0,True
split42/S0124/xgboost_N_t_48,"[0, 1, 2, 4]",42,xgboost,True,1,10656,4608,0.0,0,0.0,True
split42/S0124/xgboost_D_t_48,"[0, 1, 2, 4]",42,xgboost,True,1,10656,4608,0.0,0,0.0,True
split42/S0124/xgboost_R_t_48,"[0, 1, 2, 4]",42,xgboost,True,1,10656,4608,0.0,0,0.0,True
split42/S0124/catboost_osi_24,"[0, 1, 2, 4]",42,catboost,True,1,13320,5760,0.0,0,0.0,True
split42/S0124/catboost_P_t_24,"[0, 1, 2, 4]",42,catboost,True,1,13320,5760,0.0,0,0.0,True
split42/S0124/catboost_N_t_24,"[0, 1, 2, 4]",42,catboost,True,1,13320,5760,0.0,0,0.0,True
split42/S0124/catboost_D_t_24,"[0, 1, 2, 4]",42,catboost,True,1,13320,5760,0.0,0,0.0,True
split42/S0124/catboost_R_t_24,"[0, 1, 2, 4]",42,catboost,True,1,13320,5760,0.0,0,0.0,True
split42/S0124/catboost_osi_48,"[0, 1, 2, 4]",42,catboost,True,1,10656,4608,0.0,0,0.0,True
split42/S0124/catboost_P_t_48,"[0, 1, 2, 4]",42,catboost,True,1,10656,4608,0.0,0,0.0,True
split42/S0124/catboost_N_t_48,"[0, 1, 2, 4]",42,catboost,True,1,10656,4608,0.0,0,0.0,True
split42/S0124/catboost_D_t_48,"[0, 1, 2, 4]",42,catboost,True,1,10656,4608,0.0,0,0.0,True
split42/S0124/catboost_R_t_48,"[0, 1, 2, 4]",42,catboost,True,1,10656,4608,0.0,0,0.0,True
split42/S0134/lgb_N_t_01,"[0, 1, 3, 4]",42,lightgbm,True,1,15873,0,0.0,0,0.0,True
split42/S0134/lgb_D_t_01,"[0, 1, 3, 4]",42,lightgbm,True,1,15873,0,0.0,0,0.0,True
split42/S0134/lgb_R_t_01,"[0, 1, 3, 4]",42,lightgbm,True,1,15873,0,0.0,0,0.0,True
split42/S0134/lgb_N_t_06,"[0, 1, 3, 4]",42,lightgbm,True,1,15318,0,0.0,0,0.0,True
split42/S0134/lgb_D_t_06,"[0, 1, 3, 4]",42,lightgbm,True,1,15318,0,0.0,0,0.0,True
split42/S0134/lgb_R_t_06,"[0, 1, 3, 4]",42,lightgbm,True,1,15318,0,0.0,0,0.0,True
split42/S0134/lgb_P_t_24,"[0, 1, 3, 4]",42,lightgbm,True,1,13320,0,0.0,0,0.0,True
split42/S0134/lgb_N_t_24,"[0, 1, 3, 4]",42,lightgbm,True,1,13320,0,0.0,0,0.0,True
split42/S0134/lgb_D_t_24,"[0, 1, 3, 4]",42,lightgbm,True,1,13320,0,0.0,0,0.0,True
split42/S0134/lgb_R_t_24,"[0, 1, 3, 4]",42,lightgbm,True,1,13320,0,0.0,0,0.0,True
split42/S0134/lgb_P_t_48,"[0, 1, 3, 4]",42,lightgbm,True,1,10656,0,0.0,0,0.0,True
split42/S0134/lgb_N_t_48,"[0, 1, 3, 4]",42,lightgbm,True,1,10656,0,0.0,0,0.0,True
split42/S0134/lgb_D_t_48,"[0, 1, 3, 4]",42,lightgbm,True,1,10656,0,0.0,0,0.0,True
split42/S0134/lgb_R_t_48,"[0, 1, 3, 4]",42,lightgbm,True,1,10656,0,0.0,0,0.0,True
split42/S0134/lgb_osi_24,"[0, 1, 3, 4]",42,lightgbm,True,1,13320,0,0.0,0,0.0,True
split42/S0134/lgb_osi_48,"[0, 1, 3, 4]",42,lightgbm,True,1,10656,0,0.0,0,0.0,True
split42/S0134/P01_a,"[0, 1, 3, 4]",42,lightgbm,True,1,15873,0,0.0,0,0.0,True
split42/S0134/P01_b,"[0, 1, 3, 4]",42,lightgbm,True,1,15873,0,0.0,0,0.0,True
split42/S0134/P06_a,"[0, 1, 3, 4]",42,lightgbm,True,1,15318,0,0.0,0,0.0,True
split42/S0134/P06_b,"[0, 1, 3, 4]",42,lightgbm,True,1,15318,0,0.0,0,0.0,True
split42/S0134/P24_neighbor,"[0, 1, 3, 4]",42,lightgbm,True,1,13320,0,0.0,0,0.0,True
split42/S0134/D01_unknown,"[0, 1, 3, 4]",42,lightgbm,True,1,15873,0,0.0,0,0.0,True
split42/S0134/xgboost_osi_24,"[0, 1, 3, 4]",42,xgboost,True,1,13320,5760,0.0,0,0.0,True
split42/S0134/xgboost_P_t_24,"[0, 1, 3, 4]",42,xgboost,True,1,13320,5760,0.0,0,0.0,True
split42/S0134/xgboost_N_t_24,"[0, 1, 3, 4]",42,xgboost,True,1,13320,5760,0.0,0,0.0,True
split42/S0134/xgboost_D_t_24,"[0, 1, 3, 4]",42,xgboost,True,1,13320,5760,0.0,0,0.0,True
split42/S0134/xgboost_R_t_24,"[0, 1, 3, 4]",42,xgboost,True,1,13320,5760,0.0,0,0.0,True
split42/S0134/xgboost_osi_48,"[0, 1, 3, 4]",42,xgboost,True,1,10656,4608,0.0,0,0.0,True
split42/S0134/xgboost_P_t_48,"[0, 1, 3, 4]",42,xgboost,True,1,10656,4608,0.0,0,0.0,True
split42/S0134/xgboost_N_t_48,"[0, 1, 3, 4]",42,xgboost,True,1,10656,4608,0.0,0,0.0,True
split42/S0134/xgboost_D_t_48,"[0, 1, 3, 4]",42,xgboost,True,1,10656,4608,0.0,0,0.0,True
split42/S0134/xgboost_R_t_48,"[0, 1, 3, 4]",42,xgboost,True,1,10656,4608,0.0,0,0.0,True
split42/S0134/catboost_osi_24,"[0, 1, 3, 4]",42,catboost,True,1,13320,5760,0.0,0,0.0,True
split42/S0134/catboost_P_t_24,"[0, 1, 3, 4]",42,catboost,True,1,13320,5760,0.0,0,0.0,True
split42/S0134/catboost_N_t_24,"[0, 1, 3, 4]",42,catboost,True,1,13320,5760,0.0,0,0.0,True
split42/S0134/catboost_D_t_24,"[0, 1, 3, 4]",42,catboost,True,1,13320,5760,0.0,0,0.0,True
split42/S0134/catboost_R_t_24,"[0, 1, 3, 4]",42,catboost,True,1,13320,5760,0.0,0,0.0,True
split42/S0134/catboost_osi_48,"[0, 1, 3, 4]",42,catboost,True,1,10656,4608,0.0,0,0.0,True
split42/S0134/catboost_P_t_48,"[0, 1, 3, 4]",42,catboost,True,1,10656,4608,0.0,0,0.0,True
split42/S0134/catboost_N_t_48,"[0, 1, 3, 4]",42,catboost,True,1,10656,4608,0.0,0,0.0,True
split42/S0134/catboost_D_t_48,"[0, 1, 3, 4]",42,catboost,True,1,10656,4608,0.0,0,0.0,True
split42/S0134/catboost_R_t_48,"[0, 1, 3, 4]",42,catboost,True,1,10656,4608,0.0,0,0.0,True
split42/S0234/lgb_N_t_01,"[0, 2, 3, 4]",42,lightgbm,True,1,15730,0,0.0,0,0.0,True
split42/S0234/lgb_D_t_01,"[0, 2, 3, 4]",42,lightgbm,True,1,15730,0,0.0,0,0.0,True
split42/S0234/lgb_R_t_01,"[0, 2, 3, 4]",42,lightgbm,True,1,15730,0,0.0,0,0.0,True
split42/S0234/lgb_N_t_06,"[0, 2, 3, 4]",42,lightgbm,True,1,15180,0,0.0,0,0.0,True
split42/S0234/lgb_D_t_06,"[0, 2, 3, 4]",42,lightgbm,True,1,15180,0,0.0,0,0.0,True
split42/S0234/lgb_R_t_06,"[0, 2, 3, 4]",42,lightgbm,True,1,15180,0,0.0,0,0.0,True
split42/S0234/lgb_P_t_24,"[0, 2, 3, 4]",42,lightgbm,True,1,13200,0,0.0,0,0.0,True
split42/S0234/lgb_N_t_24,"[0, 2, 3, 4]",42,lightgbm,True,1,13200,0,0.0,0,0.0,True
split42/S0234/lgb_D_t_24,"[0, 2, 3, 4]",42,lightgbm,True,1,13200,0,0.0,0,0.0,True
split42/S0234/lgb_R_t_24,"[0, 2, 3, 4]",42,lightgbm,True,1,13200,0,0.0,0,0.0,True
split42/S0234/lgb_P_t_48,"[0, 2, 3, 4]",42,lightgbm,True,1,10560,0,0.0,0,0.0,True
split42/S0234/lgb_N_t_48,"[0, 2, 3, 4]",42,lightgbm,True,1,10560,0,0.0,0,0.0,True
split42/S0234/lgb_D_t_48,"[0, 2, 3, 4]",42,lightgbm,True,1,10560,0,0.0,0,0.0,True
split42/S0234/lgb_R_t_48,"[0, 2, 3, 4]",42,lightgbm,True,1,10560,0,0.0,0,0.0,True
split42/S0234/lgb_osi_24,"[0, 2, 3, 4]",42,lightgbm,True,1,13200,0,0.0,0,0.0,True
split42/S0234/lgb_osi_48,"[0, 2, 3, 4]",42,lightgbm,True,1,10560,0,0.0,0,0.0,True
split42/S0234/P01_a,"[0, 2, 3, 4]",42,lightgbm,True,1,15730,0,0.0,0,0.0,True
split42/S0234/P01_b,"[0, 2, 3, 4]",42,lightgbm,True,1,15730,0,0.0,0,0.0,True
split42/S0234/P06_a,"[0, 2, 3, 4]",42,lightgbm,True,1,15180,0,0.0,0,0.0,True
split42/S0234/P06_b,"[0, 2, 3, 4]",42,lightgbm,True,1,15180,0,0.0,0,0.0,True
split42/S0234/P24_neighbor,"[0, 2, 3, 4]",42,lightgbm,True,1,13200,0,0.0,0,0.0,True
split42/S0234/D01_unknown,"[0, 2, 3, 4]",42,lightgbm,True,1,15730,0,0.0,0,0.0,True
split42/S0234/xgboost_osi_24,"[0, 2, 3, 4]",42,xgboost,True,1,13200,5640,0.0,0,0.0,True
split42/S0234/xgboost_P_t_24,"[0, 2, 3, 4]",42,xgboost,True,1,13200,5640,0.0,0,0.0,True
split42/S0234/xgboost_N_t_24,"[0, 2, 3, 4]",42,xgboost,True,1,13200,5640,0.0,0,0.0,True
split42/S0234/xgboost_D_t_24,"[0, 2, 3, 4]",42,xgboost,True,1,13200,5640,0.0,0,0.0,True
split42/S0234/xgboost_R_t_24,"[0, 2, 3, 4]",42,xgboost,True,1,13200,5640,0.0,0,0.0,True
split42/S0234/xgboost_osi_48,"[0, 2, 3, 4]",42,xgboost,True,1,10560,4512,0.0,0,0.0,True
split42/S0234/xgboost_P_t_48,"[0, 2, 3, 4]",42,xgboost,True,1,10560,4512,0.0,0,0.0,True
split42/S0234/xgboost_N_t_48,"[0, 2, 3, 4]",42,xgboost,True,1,10560,4512,0.0,0,0.0,True
split42/S0234/xgboost_D_t_48,"[0, 2, 3, 4]",42,xgboost,True,1,10560,4512,0.0,0,0.0,True
split42/S0234/xgboost_R_t_48,"[0, 2, 3, 4]",42,xgboost,True,1,10560,4512,0.0,0,0.0,True
split42/S0234/catboost_osi_24,"[0, 2, 3, 4]",42,catboost,True,1,13200,5640,0.0,0,0.0,True
split42/S0234/catboost_P_t_24,"[0, 2, 3, 4]",42,catboost,True,1,13200,5640,0.0,0,0.0,True
split42/S0234/catboost_N_t_24,"[0, 2, 3, 4]",42,catboost,True,1,13200,5640,0.0,0,0.0,True
split42/S0234/catboost_D_t_24,"[0, 2, 3, 4]",42,catboost,True,1,13200,5640,0.0,0,0.0,True
split42/S0234/catboost_R_t_24,"[0, 2, 3, 4]",42,catboost,True,1,13200,5640,0.0,0,0.0,True
split42/S0234/catboost_osi_48,"[0, 2, 3, 4]",42,catboost,True,1,10560,4512,0.0,0,0.0,True
split42/S0234/catboost_P_t_48,"[0, 2, 3, 4]",42,catboost,True,1,10560,4512,0.0,0,0.0,True
split42/S0234/catboost_N_t_48,"[0, 2, 3, 4]",42,catboost,True,1,10560,4512,0.0,0,0.0,True
split42/S0234/catboost_D_t_48,"[0, 2, 3, 4]",42,catboost,True,1,10560,4512,0.0,0,0.0,True
split42/S0234/catboost_R_t_48,"[0, 2, 3, 4]",42,catboost,True,1,10560,4512,0.0,0,0.0,True
split42/S1234/lgb_N_t_01,"[1, 2, 3, 4]",42,lightgbm,True,1,15873,0,0.0,0,0.0,True
split42/S1234/lgb_D_t_01,"[1, 2, 3, 4]",42,lightgbm,True,1,15873,0,0.0,0,0.0,True
split42/S1234/lgb_R_t_01,"[1, 2, 3, 4]",42,lightgbm,True,1,15873,0,0.0,0,0.0,True
split42/S1234/lgb_N_t_06,"[1, 2, 3, 4]",42,lightgbm,True,1,15318,0,0.0,0,0.0,True
split42/S1234/lgb_D_t_06,"[1, 2, 3, 4]",42,lightgbm,True,1,15318,0,0.0,0,0.0,True
split42/S1234/lgb_R_t_06,"[1, 2, 3, 4]",42,lightgbm,True,1,15318,0,0.0,0,0.0,True
split42/S1234/lgb_P_t_24,"[1, 2, 3, 4]",42,lightgbm,True,1,13320,0,0.0,0,0.0,True
split42/S1234/lgb_N_t_24,"[1, 2, 3, 4]",42,lightgbm,True,1,13320,0,0.0,0,0.0,True
split42/S1234/lgb_D_t_24,"[1, 2, 3, 4]",42,lightgbm,True,1,13320,0,0.0,0,0.0,True
split42/S1234/lgb_R_t_24,"[1, 2, 3, 4]",42,lightgbm,True,1,13320,0,0.0,0,0.0,True
split42/S1234/lgb_P_t_48,"[1, 2, 3, 4]",42,lightgbm,True,1,10656,0,0.0,0,0.0,True
split42/S1234/lgb_N_t_48,"[1, 2, 3, 4]",42,lightgbm,True,1,10656,0,0.0,0,0.0,True
split42/S1234/lgb_D_t_48,"[1, 2, 3, 4]",42,lightgbm,True,1,10656,0,0.0,0,0.0,True
split42/S1234/lgb_R_t_48,"[1, 2, 3, 4]",42,lightgbm,True,1,10656,0,0.0,0,0.0,True
split42/S1234/lgb_osi_24,"[1, 2, 3, 4]",42,lightgbm,True,1,13320,0,0.0,0,0.0,True
split42/S1234/lgb_osi_48,"[1, 2, 3, 4]",42,lightgbm,True,1,10656,0,0.0,0,0.0,True
split42/S1234/P01_a,"[1, 2, 3, 4]",42,lightgbm,True,1,15873,0,0.0,0,0.0,True
split42/S1234/P01_b,"[1, 2, 3, 4]",42,lightgbm,True,1,15873,0,0.0,0,0.0,True
split42/S1234/P06_a,"[1, 2, 3, 4]",42,lightgbm,True,1,15318,0,0.0,0,0.0,True
split42/S1234/P06_b,"[1, 2, 3, 4]",42,lightgbm,True,1,15318,0,0.0,0,0.0,True
split42/S1234/P24_neighbor,"[1, 2, 3, 4]",42,lightgbm,True,1,13320,0,0.0,0,0.0,True
split42/S1234/D01_unknown,"[1, 2, 3, 4]",42,lightgbm,True,1,15873,0,0.0,0,0.0,True
split42/S1234/xgboost_osi_24,"[1, 2, 3, 4]",42,xgboost,True,1,13320,5760,0.0,0,0.0,True
split42/S1234/xgboost_P_t_24,"[1, 2, 3, 4]",42,xgboost,True,1,13320,5760,0.0,0,0.0,True
split42/S1234/xgboost_N_t_24,"[1, 2, 3, 4]",42,xgboost,True,1,13320,5760,0.0,0,0.0,True
split42/S1234/xgboost_D_t_24,"[1, 2, 3, 4]",42,xgboost,True,1,13320,5760,0.0,0,0.0,True
split42/S1234/xgboost_R_t_24,"[1, 2, 3, 4]",42,xgboost,True,1,13320,5760,0.0,0,0.0,True
split42/S1234/xgboost_osi_48,"[1, 2, 3, 4]",42,xgboost,True,1,10656,4608,0.0,0,0.0,True
split42/S1234/xgboost_P_t_48,"[1, 2, 3, 4]",42,xgboost,True,1,10656,4608,0.0,0,0.0,True
split42/S1234/xgboost_N_t_48,"[1, 2, 3, 4]",42,xgboost,True,1,10656,4608,0.0,0,0.0,True
split42/S1234/xgboost_D_t_48,"[1, 2, 3, 4]",42,xgboost,True,1,10656,4608,0.0,0,0.0,True
split42/S1234/xgboost_R_t_48,"[1, 2, 3, 4]",42,xgboost,True,1,10656,4608,0.0,0,0.0,True
split42/S1234/catboost_osi_24,"[1, 2, 3, 4]",42,catboost,True,1,13320,5760,0.0,0,0.0,True
split42/S1234/catboost_P_t_24,"[1, 2, 3, 4]",42,catboost,True,1,13320,5760,0.0,0,0.0,True
split42/S1234/catboost_N_t_24,"[1, 2, 3, 4]",42,catboost,True,1,13320,5760,0.0,0,0.0,True
split42/S1234/catboost_D_t_24,"[1, 2, 3, 4]",42,catboost,True,1,13320,5760,0.0,0,0.0,True
split42/S1234/catboost_R_t_24,"[1, 2, 3, 4]",42,catboost,True,1,13320,5760,0.0,0,0.0,True
split42/S1234/catboost_osi_48,"[1, 2, 3, 4]",42,catboost,True,1,10656,4608,0.0,0,0.0,True
split42/S1234/catboost_P_t_48,"[1, 2, 3, 4]",42,catboost,True,1,10656,4608,0.0,0,0.0,True
split42/S1234/catboost_N_t_48,"[1, 2, 3, 4]",42,catboost,True,1,10656,4608,0.0,0,0.0,True
split42/S1234/catboost_D_t_48,"[1, 2, 3, 4]",42,catboost,True,1,10656,4608,0.0,0,0.0,True
split42/S1234/catboost_R_t_48,"[1, 2, 3, 4]",42,catboost,True,1,10656,4608,0.0,0,0.0,True
split42/S01234/lgb_N_t_01,"[0, 1, 2, 3, 4]",42,lightgbm,False,6,9009,0,0.0,0,1.3877787807814457e-17,True
split42/S01234/lgb_D_t_01,"[0, 1, 2, 3, 4]",42,lightgbm,False,6,9009,0,0.0,0,3.122502256758253e-17,True
split42/S01234/lgb_R_t_01,"[0, 1, 2, 3, 4]",42,lightgbm,False,6,9009,0,0.0,0,1.5178830414797062e-17,True
split42/S01234/lgb_N_t_06,"[0, 1, 2, 3, 4]",42,lightgbm,False,6,8694,0,0.0,0,1.9081958235744878e-17,True
split42/S01234/lgb_D_t_06,"[0, 1, 2, 3, 4]",42,lightgbm,False,6,8694,0,0.0,0,2.7755575615628914e-17,True
split42/S01234/lgb_R_t_06,"[0, 1, 2, 3, 4]",42,lightgbm,False,6,8694,0,0.0,0,1.5612511283791264e-17,True
split42/S01234/lgb_P_t_24,"[0, 1, 2, 3, 4]",42,lightgbm,False,6,7560,0,0.0,0,1.7694179454963432e-16,True
split42/S01234/lgb_N_t_24,"[0, 1, 2, 3, 4]",42,lightgbm,False,6,7560,0,0.0,0,1.929879867024198e-17,True
split42/S01234/lgb_D_t_24,"[0, 1, 2, 3, 4]",42,lightgbm,False,6,7560,0,0.0,0,9.020562075079397e-17,True
split42/S01234/lgb_R_t_24,"[0, 1, 2, 3, 4]",42,lightgbm,False,6,7560,0,0.0,0,1.3877787807814457e-17,True
split42/S01234/lgb_P_t_48,"[0, 1, 2, 3, 4]",42,lightgbm,False,6,6048,0,0.0,0,1.9081958235744878e-17,True
split42/S01234/lgb_N_t_48,"[0, 1, 2, 3, 4]",42,lightgbm,False,6,6048,0,0.0,0,3.903127820947816e-18,True
split42/S01234/lgb_D_t_48,"[0, 1, 2, 3, 4]",42,lightgbm,False,6,6048,0,0.0,0,4.336808689942018e-17,True
split42/S01234/lgb_R_t_48,"[0, 1, 2, 3, 4]",42,lightgbm,False,6,6048,0,0.0,0,9.974659986866641e-18,True
split42/S01234/lgb_osi_24,"[0, 1, 2, 3, 4]",42,lightgbm,False,6,7560,0,0.0,0,2.2551405187698492e-17,True
split42/S01234/lgb_osi_48,"[0, 1, 2, 3, 4]",42,lightgbm,False,6,6048,0,0.0,0,1.3877787807814457e-17,True
split42/S01234/P01_a,"[0, 1, 2, 3, 4]",42,lightgbm,False,6,9009,0,0.0,0,1.734723475976807e-18,True
split42/S01234/P01_b,"[0, 1, 2, 3, 4]",42,lightgbm,False,6,9009,0,0.0,0,0.0,True
split42/S01234/P06_a,"[0, 1, 2, 3, 4]",42,lightgbm,False,6,8694,0,0.0,0,1.734723475976807e-18,True
split42/S01234/P06_b,"[0, 1, 2, 3, 4]",42,lightgbm,False,6,8694,0,0.0,0,0.0,True
split42/S01234/P24_neighbor,"[0, 1, 2, 3, 4]",42,lightgbm,False,6,7560,0,0.0,0,3.122502256758253e-17,True
split42/S01234/D01_unknown,"[0, 1, 2, 3, 4]",42,lightgbm,False,6,9009,0,0.0,0,3.8163916471489756e-17,True
split42/S01234/xgboost_osi_24,"[0, 1, 2, 3, 4]",42,xgboost,False,6,7560,0,0.0,0,0.0,True
split42/S01234/xgboost_P_t_24,"[0, 1, 2, 3, 4]",42,xgboost,False,6,7560,0,0.0,0,0.0,True
split42/S01234/xgboost_N_t_24,"[0, 1, 2, 3, 4]",42,xgboost,False,6,7560,0,0.0,0,0.0,True
split42/S01234/xgboost_D_t_24,"[0, 1, 2, 3, 4]",42,xgboost,False,6,7560,0,0.0,0,0.0,True
split42/S01234/xgboost_R_t_24,"[0, 1, 2, 3, 4]",42,xgboost,False,6,7560,0,0.0,0,0.0,True
split42/S01234/xgboost_osi_48,"[0, 1, 2, 3, 4]",42,xgboost,False,6,6048,0,0.0,0,0.0,True
split42/S01234/xgboost_P_t_48,"[0, 1, 2, 3, 4]",42,xgboost,False,6,6048,0,0.0,0,0.0,True
split42/S01234/xgboost_N_t_48,"[0, 1, 2, 3, 4]",42,xgboost,False,6,6048,0,0.0,0,0.0,True
split42/S01234/xgboost_D_t_48,"[0, 1, 2, 3, 4]",42,xgboost,False,6,6048,0,0.0,0,0.0,True
split42/S01234/xgboost_R_t_48,"[0, 1, 2, 3, 4]",42,xgboost,False,6,6048,0,0.0,0,0.0,True
split42/S01234/catboost_osi_24,"[0, 1, 2, 3, 4]",42,catboost,False,6,7560,0,0.0,0,0.0,True
split42/S01234/catboost_P_t_24,"[0, 1, 2, 3, 4]",42,catboost,False,6,7560,0,0.0,0,0.0,True
split42/S01234/catboost_N_t_24,"[0, 1, 2, 3, 4]",42,catboost,False,6,7560,0,0.0,0,0.0,True
split42/S01234/catboost_D_t_24,"[0, 1, 2, 3, 4]",42,catboost,False,6,7560,0,0.0,0,0.0,True
split42/S01234/catboost_R_t_24,"[0, 1, 2, 3, 4]",42,catboost,False,6,7560,0,0.0,0,0.0,True
split42/S01234/catboost_osi_48,"[0, 1, 2, 3, 4]",42,catboost,False,6,6048,0,0.0,0,0.0,True
split42/S01234/catboost_P_t_48,"[0, 1, 2, 3, 4]",42,catboost,False,6,6048,0,0.0,0,0.0,True
split42/S01234/catboost_N_t_48,"[0, 1, 2, 3, 4]",42,catboost,False,6,6048,0,0.0,0,0.0,True
split42/S01234/catboost_D_t_48,"[0, 1, 2, 3, 4]",42,catboost,False,6,6048,0,0.0,0,0.0,True
split42/S01234/catboost_R_t_48,"[0, 1, 2, 3, 4]",42,catboost,False,6,6048,0,0.0,0,0.0,True
split20260917/S0/lgb_P_t_24,[0],20260917,lightgbm,False,4,30480,0,0.0,0,1.0408340855860843e-17,True
split20260917/S0/lgb_N_t_24,[0],20260917,lightgbm,False,4,30480,0,0.0,0,2.5587171270657905e-17,True
split20260917/S0/lgb_D_t_24,[0],20260917,lightgbm,False,4,30480,0,0.0,0,1.734723475976807e-17,True
split20260917/S0/lgb_R_t_24,[0],20260917,lightgbm,False,4,30480,0,0.0,0,8.673617379884035e-18,True
split20260917/S0/lgb_P_t_48,[0],20260917,lightgbm,False,4,24384,0,0.0,0,2.3592239273284576e-16,True
split20260917/S0/lgb_N_t_48,[0],20260917,lightgbm,False,4,24384,0,0.0,0,5.898059818321144e-17,True
split20260917/S0/lgb_D_t_48,[0],20260917,lightgbm,False,4,24384,0,0.0,0,1.734723475976807e-17,True
split20260917/S0/lgb_R_t_48,[0],20260917,lightgbm,False,4,24384,0,0.0,0,5.204170427930421e-17,True
split20260917/S1/lgb_P_t_24,[1],20260917,lightgbm,False,4,30480,0,0.0,0,2.2551405187698492e-17,True
split20260917/S1/lgb_N_t_24,[1],20260917,lightgbm,False,4,30480,0,0.0,0,4.336808689942018e-19,True
split20260917/S1/lgb_D_t_24,[1],20260917,lightgbm,False,4,30480,0,0.0,0,3.8163916471489756e-17,True
split20260917/S1/lgb_R_t_24,[1],20260917,lightgbm,False,4,30480,0,0.0,0,2.6020852139652106e-18,True
split20260917/S1/lgb_P_t_48,[1],20260917,lightgbm,False,4,24384,0,0.0,0,5.204170427930421e-18,True
split20260917/S1/lgb_N_t_48,[1],20260917,lightgbm,False,4,24384,0,0.0,0,8.673617379884035e-19,True
split20260917/S1/lgb_D_t_48,[1],20260917,lightgbm,False,4,24384,0,0.0,0,8.673617379884035e-18,True
split20260917/S1/lgb_R_t_48,[1],20260917,lightgbm,False,4,24384,0,0.0,1,3.35981890594618e-08,True
split20260917/S2/lgb_P_t_24,[2],20260917,lightgbm,False,4,30480,0,0.0,0,9.8879238130678e-17,True
split20260917/S2/lgb_N_t_24,[2],20260917,lightgbm,False,4,30480,0,0.0,0,1.8648277366750676e-17,True
split20260917/S2/lgb_D_t_24,[2],20260917,lightgbm,False,4,30480,0,0.0,0,1.214306433183765e-17,True
split20260917/S2/lgb_R_t_24,[2],20260917,lightgbm,False,4,30480,0,0.0,0,3.903127820947816e-18,True
split20260917/S2/lgb_P_t_48,[2],20260917,lightgbm,False,4,24384,0,0.0,0,6.938893903907228e-18,True
split20260917/S2/lgb_N_t_48,[2],20260917,lightgbm,False,4,24384,0,0.0,0,9.75781955236954e-18,True
split20260917/S2/lgb_D_t_48,[2],20260917,lightgbm,False,4,24384,0,0.0,0,8.673617379884035e-18,True
split20260917/S2/lgb_R_t_48,[2],20260917,lightgbm,False,4,24384,0,0.0,0,5.204170427930421e-18,True
split20260917/S3/lgb_P_t_24,[3],20260917,lightgbm,False,4,30600,0,0.0,0,6.938893903907228e-18,True
split20260917/S3/lgb_N_t_24,[3],20260917,lightgbm,False,4,30600,0,0.0,1,4.646019358253359e-08,True
split20260917/S3/lgb_D_t_24,[3],20260917,lightgbm,False,4,30600,0,0.0,0,6.071532165918825e-18,True
split20260917/S3/lgb_R_t_24,[3],20260917,lightgbm,False,4,30600,0,0.0,0,3.469446951953614e-18,True
split20260917/S3/lgb_P_t_48,[3],20260917,lightgbm,False,4,24480,0,0.0,0,1.0408340855860843e-17,True
split20260917/S3/lgb_N_t_48,[3],20260917,lightgbm,False,4,24480,0,0.0,1,2.2035597118466328e-06,True
split20260917/S3/lgb_D_t_48,[3],20260917,lightgbm,False,4,24480,0,0.0,0,6.071532165918825e-18,True
split20260917/S3/lgb_R_t_48,[3],20260917,lightgbm,False,4,24480,0,0.0,1,6.790687247563119e-07,True
split20260917/S4/lgb_P_t_24,[4],20260917,lightgbm,False,4,30480,0,0.0,0,6.938893903907228e-18,True
split20260917/S4/lgb_N_t_24,[4],20260917,lightgbm,False,4,30480,0,0.0,0,6.938893903907228e-18,True
split20260917/S4/lgb_D_t_24,[4],20260917,lightgbm,False,4,30480,0,0.0,0,1.734723475976807e-17,True
split20260917/S4/lgb_R_t_24,[4],20260917,lightgbm,False,4,30480,0,0.0,0,9.540979117872439e-18,True
split20260917/S4/lgb_P_t_48,[4],20260917,lightgbm,False,4,24384,0,0.0,0,4.85722573273506e-17,True
split20260917/S4/lgb_N_t_48,[4],20260917,lightgbm,False,4,24384,0,0.0,1,2.37068707668181e-06,True
split20260917/S4/lgb_D_t_48,[4],20260917,lightgbm,False,4,24384,0,0.0,0,1.0408340855860843e-17,True
split20260917/S4/lgb_R_t_48,[4],20260917,lightgbm,False,4,24384,0,0.0,1,3.216202850838887e-07,True
split20260917/S01/lgb_N_t_01,"[0, 1]",20260917,lightgbm,False,3,29458,0,0.0,0,5.5077470362263625e-17,True
split20260917/S01/lgb_D_t_01,"[0, 1]",20260917,lightgbm,False,3,29458,0,0.0,1,3.305522561537766e-07,True
split20260917/S01/lgb_R_t_01,"[0, 1]",20260917,lightgbm,False,3,29458,0,0.0,0,1.431146867680866e-17,True
split20260917/S01/lgb_N_t_06,"[0, 1]",20260917,lightgbm,False,3,28428,0,0.0,0,2.992397996059992e-17,True
split20260917/S01/lgb_D_t_06,"[0, 1]",20260917,lightgbm,False,3,28428,0,0.0,0,1.0408340855860843e-17,True
split20260917/S01/lgb_R_t_06,"[0, 1]",20260917,lightgbm,False,3,28428,0,0.0,0,1.431146867680866e-17,True
split20260917/S01/lgb_P_t_24,"[0, 1]",20260917,lightgbm,False,3,24720,0,0.0,0,9.367506770274758e-17,True
split20260917/S01/lgb_N_t_24,"[0, 1]",20260917,lightgbm,False,3,24720,0,0.0,0,4.5102810375396984e-17,True
split20260917/S01/lgb_D_t_24,"[0, 1]",20260917,lightgbm,False,3,24720,0,0.0,0,4.85722573273506e-17,True
split20260917/S01/lgb_R_t_24,"[0, 1]",20260917,lightgbm,False,3,24720,0,0.0,0,1.951563910473908e-17,True
split20260917/S01/lgb_P_t_48,"[0, 1]",20260917,lightgbm,False,3,19776,0,0.0,0,1.5612511283791264e-17,True
split20260917/S01/lgb_N_t_48,"[0, 1]",20260917,lightgbm,False,3,19776,0,0.0,1,3.3457319623120263e-09,True
split20260917/S01/lgb_D_t_48,"[0, 1]",20260917,lightgbm,False,3,19776,0,0.0,0,1.9081958235744878e-17,True
split20260917/S01/lgb_R_t_48,"[0, 1]",20260917,lightgbm,False,3,19776,0,0.0,1,3.6135234845764003e-07,True
split20260917/S01/lgb_osi_24,"[0, 1]",20260917,lightgbm,False,3,24720,0,0.0,0,6.938893903907228e-18,True
split20260917/S01/lgb_osi_48,"[0, 1]",20260917,lightgbm,False,3,19776,0,0.0,0,2.42861286636753e-17,True
split20260917/S01/P01_a,"[0, 1]",20260917,lightgbm,False,3,29458,0,0.0,0,0.0,True
split20260917/S01/P01_b,"[0, 1]",20260917,lightgbm,False,3,29458,0,0.0,0,0.0,True
split20260917/S01/P06_a,"[0, 1]",20260917,lightgbm,False,3,28428,0,0.0,0,0.0,True
split20260917/S01/P06_b,"[0, 1]",20260917,lightgbm,False,3,28428,0,0.0,0,0.0,True
split20260917/S01/P24_neighbor,"[0, 1]",20260917,lightgbm,False,3,24720,0,0.0,0,8.153200337090993e-17,True
split20260917/S01/D01_unknown,"[0, 1]",20260917,lightgbm,False,3,29458,0,0.0,0,1.734723475976807e-17,True
split20260917/S01/xgboost_osi_24,"[0, 1]",20260917,xgboost,False,3,24720,0,0.0,0,0.0,True
split20260917/S01/xgboost_P_t_24,"[0, 1]",20260917,xgboost,False,3,24720,0,0.0,0,0.0,True
split20260917/S01/xgboost_N_t_24,"[0, 1]",20260917,xgboost,False,3,24720,0,0.0,0,0.0,True
split20260917/S01/xgboost_D_t_24,"[0, 1]",20260917,xgboost,False,3,24720,0,0.0,0,0.0,True
split20260917/S01/xgboost_R_t_24,"[0, 1]",20260917,xgboost,False,3,24720,0,0.0,0,0.0,True
split20260917/S01/xgboost_osi_48,"[0, 1]",20260917,xgboost,False,3,19776,0,0.0,0,0.0,True
split20260917/S01/xgboost_P_t_48,"[0, 1]",20260917,xgboost,False,3,19776,0,0.0,0,0.0,True
split20260917/S01/xgboost_N_t_48,"[0, 1]",20260917,xgboost,False,3,19776,0,0.0,0,0.0,True
split20260917/S01/xgboost_D_t_48,"[0, 1]",20260917,xgboost,False,3,19776,0,0.0,0,0.0,True
split20260917/S01/xgboost_R_t_48,"[0, 1]",20260917,xgboost,False,3,19776,0,0.0,0,0.0,True
split20260917/S01/catboost_osi_24,"[0, 1]",20260917,catboost,False,3,24720,0,0.0,0,0.0,True
split20260917/S01/catboost_P_t_24,"[0, 1]",20260917,catboost,False,3,24720,0,0.0,0,0.0,True
split20260917/S01/catboost_N_t_24,"[0, 1]",20260917,catboost,False,3,24720,0,0.0,0,0.0,True
split20260917/S01/catboost_D_t_24,"[0, 1]",20260917,catboost,False,3,24720,0,0.0,0,0.0,True
split20260917/S01/catboost_R_t_24,"[0, 1]",20260917,catboost,False,3,24720,0,0.0,0,0.0,True
split20260917/S01/catboost_osi_48,"[0, 1]",20260917,catboost,False,3,19776,0,0.0,0,0.0,True
split20260917/S01/catboost_P_t_48,"[0, 1]",20260917,catboost,False,3,19776,0,0.0,0,0.0,True
split20260917/S01/catboost_N_t_48,"[0, 1]",20260917,catboost,False,3,19776,0,0.0,0,0.0,True
split20260917/S01/catboost_D_t_48,"[0, 1]",20260917,catboost,False,3,19776,0,0.0,0,0.0,True
split20260917/S01/catboost_R_t_48,"[0, 1]",20260917,catboost,False,3,19776,0,0.0,0,0.0,True
split20260917/S02/lgb_N_t_01,"[0, 2]",20260917,lightgbm,False,3,29458,0,0.0,0,2.42861286636753e-17,True
split20260917/S02/lgb_D_t_01,"[0, 2]",20260917,lightgbm,False,3,29458,0,0.0,0,2.0816681711721685e-17,True
split20260917/S02/lgb_R_t_01,"[0, 2]",20260917,lightgbm,False,3,29458,0,0.0,0,2.0816681711721685e-17,True
split20260917/S02/lgb_N_t_06,"[0, 2]",20260917,lightgbm,False,3,28428,0,0.0,0,4.423544863740858e-17,True
split20260917/S02/lgb_D_t_06,"[0, 2]",20260917,lightgbm,False,3,28428,0,0.0,0,4.5102810375396984e-17,True
split20260917/S02/lgb_R_t_06,"[0, 2]",20260917,lightgbm,False,3,28428,0,0.0,0,3.469446951953614e-18,True
split20260917/S02/lgb_P_t_24,"[0, 2]",20260917,lightgbm,False,3,24720,0,0.0,0,5.377642775528102e-17,True
split20260917/S02/lgb_N_t_24,"[0, 2]",20260917,lightgbm,False,3,24720,0,0.0,0,8.673617379884035e-18,True
split20260917/S02/lgb_D_t_24,"[0, 2]",20260917,lightgbm,False,3,24720,0,0.0,0,2.949029909160572e-17,True
split20260917/S02/lgb_R_t_24,"[0, 2]",20260917,lightgbm,False,3,24720,0,0.0,0,1.5612511283791264e-17,True
split20260917/S02/lgb_P_t_48,"[0, 2]",20260917,lightgbm,False,3,19776,0,0.0,0,1.6479873021779667e-17,True
split20260917/S02/lgb_N_t_48,"[0, 2]",20260917,lightgbm,False,3,19776,0,0.0,1,6.564875344988036e-08,True
split20260917/S02/lgb_D_t_48,"[0, 2]",20260917,lightgbm,False,3,19776,0,0.0,0,1.0408340855860843e-17,True
split20260917/S02/lgb_R_t_48,"[0, 2]",20260917,lightgbm,False,3,19776,0,0.0,0,9.540979117872439e-18,True
split20260917/S02/lgb_osi_24,"[0, 2]",20260917,lightgbm,False,3,24720,0,0.0,0,5.204170427930421e-18,True
split20260917/S02/lgb_osi_48,"[0, 2]",20260917,lightgbm,False,3,19776,0,0.0,0,1.9081958235744878e-17,True
split20260917/S02/P01_a,"[0, 2]",20260917,lightgbm,False,3,29458,0,0.0,0,0.0,True
split20260917/S02/P01_b,"[0, 2]",20260917,lightgbm,False,3,29458,0,0.0,0,0.0,True
split20260917/S02/P06_a,"[0, 2]",20260917,lightgbm,False,3,28428,0,0.0,0,0.0,True
split20260917/S02/P06_b,"[0, 2]",20260917,lightgbm,False,3,28428,0,0.0,0,0.0,True
split20260917/S02/P24_neighbor,"[0, 2]",20260917,lightgbm,False,3,24720,0,0.0,0,6.938893903907228e-18,True
split20260917/S02/D01_unknown,"[0, 2]",20260917,lightgbm,False,3,29458,0,0.0,0,2.0816681711721685e-17,True
split20260917/S02/xgboost_osi_24,"[0, 2]",20260917,xgboost,False,3,24720,0,0.0,0,0.0,True
split20260917/S02/xgboost_P_t_24,"[0, 2]",20260917,xgboost,False,3,24720,0,0.0,0,0.0,True
split20260917/S02/xgboost_N_t_24,"[0, 2]",20260917,xgboost,False,3,24720,0,0.0,0,0.0,True
split20260917/S02/xgboost_D_t_24,"[0, 2]",20260917,xgboost,False,3,24720,0,0.0,0,0.0,True
split20260917/S02/xgboost_R_t_24,"[0, 2]",20260917,xgboost,False,3,24720,0,0.0,0,0.0,True
split20260917/S02/xgboost_osi_48,"[0, 2]",20260917,xgboost,False,3,19776,0,0.0,0,0.0,True
split20260917/S02/xgboost_P_t_48,"[0, 2]",20260917,xgboost,False,3,19776,0,0.0,0,0.0,True
split20260917/S02/xgboost_N_t_48,"[0, 2]",20260917,xgboost,False,3,19776,0,0.0,0,0.0,True
split20260917/S02/xgboost_D_t_48,"[0, 2]",20260917,xgboost,False,3,19776,0,0.0,0,0.0,True
split20260917/S02/xgboost_R_t_48,"[0, 2]",20260917,xgboost,False,3,19776,0,0.0,0,0.0,True
split20260917/S02/catboost_osi_24,"[0, 2]",20260917,catboost,False,3,24720,0,0.0,0,0.0,True
split20260917/S02/catboost_P_t_24,"[0, 2]",20260917,catboost,False,3,24720,0,0.0,0,0.0,True
split20260917/S02/catboost_N_t_24,"[0, 2]",20260917,catboost,False,3,24720,0,0.0,0,0.0,True
split20260917/S02/catboost_D_t_24,"[0, 2]",20260917,catboost,False,3,24720,0,0.0,0,0.0,True
split20260917/S02/catboost_R_t_24,"[0, 2]",20260917,catboost,False,3,24720,0,0.0,0,0.0,True
split20260917/S02/catboost_osi_48,"[0, 2]",20260917,catboost,False,3,19776,0,0.0,0,0.0,True
split20260917/S02/catboost_P_t_48,"[0, 2]",20260917,catboost,False,3,19776,0,0.0,0,0.0,True
split20260917/S02/catboost_N_t_48,"[0, 2]",20260917,catboost,False,3,19776,0,0.0,0,0.0,True
split20260917/S02/catboost_D_t_48,"[0, 2]",20260917,catboost,False,3,19776,0,0.0,0,0.0,True
split20260917/S02/catboost_R_t_48,"[0, 2]",20260917,catboost,False,3,19776,0,0.0,0,0.0,True
split20260917/S03/lgb_N_t_01,"[0, 3]",20260917,lightgbm,False,3,29601,0,0.0,0,2.42861286636753e-17,True
split20260917/S03/lgb_D_t_01,"[0, 3]",20260917,lightgbm,False,3,29601,0,0.0,0,3.8163916471489756e-17,True
split20260917/S03/lgb_R_t_01,"[0, 3]",20260917,lightgbm,False,3,29601,0,0.0,0,1.3010426069826053e-17,True
split20260917/S03/lgb_N_t_06,"[0, 3]",20260917,lightgbm,False,3,28566,0,0.0,0,3.469446951953614e-17,True
split20260917/S03/lgb_D_t_06,"[0, 3]",20260917,lightgbm,False,3,28566,0,0.0,0,2.0816681711721685e-17,True
split20260917/S03/lgb_R_t_06,"[0, 3]",20260917,lightgbm,False,3,28566,0,0.0,0,6.505213034913027e-17,True
split20260917/S03/lgb_P_t_24,"[0, 3]",20260917,lightgbm,False,3,24840,0,0.0,0,1.734723475976807e-17,True
split20260917/S03/lgb_N_t_24,"[0, 3]",20260917,lightgbm,False,3,24840,0,0.0,0,6.938893903907228e-18,True
split20260917/S03/lgb_D_t_24,"[0, 3]",20260917,lightgbm,False,3,24840,0,0.0,1,2.146130922957984e-07,True
split20260917/S03/lgb_R_t_24,"[0, 3]",20260917,lightgbm,False,3,24840,0,0.0,0,4.336808689942018e-18,True
split20260917/S03/lgb_P_t_48,"[0, 3]",20260917,lightgbm,False,3,19872,0,0.0,0,1.474514954580286e-17,True
split20260917/S03/lgb_N_t_48,"[0, 3]",20260917,lightgbm,False,3,19872,0,0.0,0,1.0408340855860843e-17,True
split20260917/S03/lgb_D_t_48,"[0, 3]",20260917,lightgbm,False,3,19872,0,0.0,0,2.6020852139652106e-17,True
split20260917/S03/lgb_R_t_48,"[0, 3]",20260917,lightgbm,False,3,19872,0,0.0,1,1.4159628177173172e-07,True
split20260917/S03/lgb_osi_24,"[0, 3]",20260917,lightgbm,False,3,24840,0,0.0,0,1.1275702593849246e-17,True
split20260917/S03/lgb_osi_48,"[0, 3]",20260917,lightgbm,False,3,19872,0,0.0,0,7.806255641895632e-18,True
split20260917/S03/P01_a,"[0, 3]",20260917,lightgbm,False,3,29601,0,0.0,0,0.0,True
split20260917/S03/P01_b,"[0, 3]",20260917,lightgbm,False,3,29601,0,0.0,0,3.469446951953614e-18,True
split20260917/S03/P06_a,"[0, 3]",20260917,lightgbm,False,3,28566,0,0.0,0,1.734723475976807e-18,True
split20260917/S03/P06_b,"[0, 3]",20260917,lightgbm,False,3,28566,0,0.0,0,0.0,True
split20260917/S03/P24_neighbor,"[0, 3]",20260917,lightgbm,False,3,24840,0,0.0,0,1.3877787807814457e-17,True
split20260917/S03/D01_unknown,"[0, 3]",20260917,lightgbm,False,3,29601,0,0.0,0,1.0408340855860843e-17,True
split20260917/S03/xgboost_osi_24,"[0, 3]",20260917,xgboost,False,3,24840,0,0.0,0,0.0,True
split20260917/S03/xgboost_P_t_24,"[0, 3]",20260917,xgboost,False,3,24840,0,0.0,0,0.0,True
split20260917/S03/xgboost_N_t_24,"[0, 3]",20260917,xgboost,False,3,24840,0,0.0,0,0.0,True
split20260917/S03/xgboost_D_t_24,"[0, 3]",20260917,xgboost,False,3,24840,0,0.0,0,0.0,True
split20260917/S03/xgboost_R_t_24,"[0, 3]",20260917,xgboost,False,3,24840,0,0.0,0,0.0,True
split20260917/S03/xgboost_osi_48,"[0, 3]",20260917,xgboost,False,3,19872,0,0.0,0,0.0,True
split20260917/S03/xgboost_P_t_48,"[0, 3]",20260917,xgboost,False,3,19872,0,0.0,0,0.0,True
split20260917/S03/xgboost_N_t_48,"[0, 3]",20260917,xgboost,False,3,19872,0,0.0,0,0.0,True
split20260917/S03/xgboost_D_t_48,"[0, 3]",20260917,xgboost,False,3,19872,0,0.0,0,0.0,True
split20260917/S03/xgboost_R_t_48,"[0, 3]",20260917,xgboost,False,3,19872,0,0.0,0,0.0,True
split20260917/S03/catboost_osi_24,"[0, 3]",20260917,catboost,False,3,24840,0,0.0,0,0.0,True
split20260917/S03/catboost_P_t_24,"[0, 3]",20260917,catboost,False,3,24840,0,0.0,0,0.0,True
split20260917/S03/catboost_N_t_24,"[0, 3]",20260917,catboost,False,3,24840,0,0.0,0,0.0,True
split20260917/S03/catboost_D_t_24,"[0, 3]",20260917,catboost,False,3,24840,0,0.0,0,0.0,True
split20260917/S03/catboost_R_t_24,"[0, 3]",20260917,catboost,False,3,24840,0,0.0,0,0.0,True
split20260917/S03/catboost_osi_48,"[0, 3]",20260917,catboost,False,3,19872,0,0.0,0,0.0,True
split20260917/S03/catboost_P_t_48,"[0, 3]",20260917,catboost,False,3,19872,0,0.0,0,0.0,True
split20260917/S03/catboost_N_t_48,"[0, 3]",20260917,catboost,False,3,19872,0,0.0,0,0.0,True
split20260917/S03/catboost_D_t_48,"[0, 3]",20260917,catboost,False,3,19872,0,0.0,0,0.0,True
split20260917/S03/catboost_R_t_48,"[0, 3]",20260917,catboost,False,3,19872,0,0.0,0,0.0,True
split20260917/S04/lgb_N_t_01,"[0, 4]",20260917,lightgbm,False,3,29458,0,0.0,0,1.3877787807814457e-17,True
split20260917/S04/lgb_D_t_01,"[0, 4]",20260917,lightgbm,False,3,29458,0,0.0,0,4.163336342344337e-17,True
split20260917/S04/lgb_R_t_01,"[0, 4]",20260917,lightgbm,False,3,29458,0,0.0,0,8.673617379884035e-18,True
split20260917/S04/lgb_N_t_06,"[0, 4]",20260917,lightgbm,False,3,28428,0,0.0,0,4.336808689942018e-18,True
split20260917/S04/lgb_D_t_06,"[0, 4]",20260917,lightgbm,False,3,28428,0,0.0,0,2.7755575615628914e-17,True
split20260917/S04/lgb_R_t_06,"[0, 4]",20260917,lightgbm,False,3,28428,0,0.0,0,4.336808689942018e-18,True
split20260917/S04/lgb_P_t_24,"[0, 4]",20260917,lightgbm,False,3,24720,0,0.0,0,3.122502256758253e-17,True
split20260917/S04/lgb_N_t_24,"[0, 4]",20260917,lightgbm,False,3,24720,0,0.0,0,4.336808689942018e-18,True
split20260917/S04/lgb_D_t_24,"[0, 4]",20260917,lightgbm,False,3,24720,0,0.0,0,1.3183898417423734e-16,True
split20260917/S04/lgb_R_t_24,"[0, 4]",20260917,lightgbm,False,3,24720,0,0.0,0,6.938893903907228e-17,True
split20260917/S04/lgb_P_t_48,"[0, 4]",20260917,lightgbm,False,3,19776,0,0.0,0,1.1449174941446927e-16,True
split20260917/S04/lgb_N_t_48,"[0, 4]",20260917,lightgbm,False,3,19776,0,0.0,0,2.6020852139652106e-18,True
split20260917/S04/lgb_D_t_48,"[0, 4]",20260917,lightgbm,False,3,19776,0,0.0,0,2.0816681711721685e-17,True
split20260917/S04/lgb_R_t_48,"[0, 4]",20260917,lightgbm,False,3,19776,0,0.0,0,1.5612511283791264e-17,True
split20260917/S04/lgb_osi_24,"[0, 4]",20260917,lightgbm,False,3,24720,0,0.0,0,4.163336342344337e-17,True
split20260917/S04/lgb_osi_48,"[0, 4]",20260917,lightgbm,False,3,19776,0,0.0,0,1.3704315460216776e-16,True
split20260917/S04/P01_a,"[0, 4]",20260917,lightgbm,False,3,29458,0,0.0,0,1.734723475976807e-18,True
split20260917/S04/P01_b,"[0, 4]",20260917,lightgbm,False,3,29458,0,0.0,0,3.469446951953614e-18,True
split20260917/S04/P06_a,"[0, 4]",20260917,lightgbm,False,3,28428,0,0.0,0,0.0,True
split20260917/S04/P06_b,"[0, 4]",20260917,lightgbm,False,3,28428,0,0.0,0,0.0,True
split20260917/S04/P24_neighbor,"[0, 4]",20260917,lightgbm,False,3,24720,0,0.0,0,9.367506770274758e-17,True
split20260917/S04/D01_unknown,"[0, 4]",20260917,lightgbm,False,3,29458,0,0.0,0,3.8163916471489756e-17,True
split20260917/S04/xgboost_osi_24,"[0, 4]",20260917,xgboost,False,3,24720,0,0.0,0,0.0,True
split20260917/S04/xgboost_P_t_24,"[0, 4]",20260917,xgboost,False,3,24720,0,0.0,0,0.0,True
split20260917/S04/xgboost_N_t_24,"[0, 4]",20260917,xgboost,False,3,24720,0,0.0,0,0.0,True
split20260917/S04/xgboost_D_t_24,"[0, 4]",20260917,xgboost,False,3,24720,0,0.0,0,0.0,True
split20260917/S04/xgboost_R_t_24,"[0, 4]",20260917,xgboost,False,3,24720,0,0.0,0,0.0,True
split20260917/S04/xgboost_osi_48,"[0, 4]",20260917,xgboost,False,3,19776,0,0.0,0,0.0,True
split20260917/S04/xgboost_P_t_48,"[0, 4]",20260917,xgboost,False,3,19776,0,0.0,0,0.0,True
split20260917/S04/xgboost_N_t_48,"[0, 4]",20260917,xgboost,False,3,19776,0,0.0,0,0.0,True
split20260917/S04/xgboost_D_t_48,"[0, 4]",20260917,xgboost,False,3,19776,0,0.0,0,0.0,True
split20260917/S04/xgboost_R_t_48,"[0, 4]",20260917,xgboost,False,3,19776,0,0.0,0,0.0,True
split20260917/S04/catboost_osi_24,"[0, 4]",20260917,catboost,False,3,24720,0,0.0,0,0.0,True
split20260917/S04/catboost_P_t_24,"[0, 4]",20260917,catboost,False,3,24720,0,0.0,0,0.0,True
split20260917/S04/catboost_N_t_24,"[0, 4]",20260917,catboost,False,3,24720,0,0.0,0,0.0,True
split20260917/S04/catboost_D_t_24,"[0, 4]",20260917,catboost,False,3,24720,0,0.0,0,0.0,True
split20260917/S04/catboost_R_t_24,"[0, 4]",20260917,catboost,False,3,24720,0,0.0,0,0.0,True
split20260917/S04/catboost_osi_48,"[0, 4]",20260917,catboost,False,3,19776,0,0.0,0,0.0,True
split20260917/S04/catboost_P_t_48,"[0, 4]",20260917,catboost,False,3,19776,0,0.0,0,0.0,True
split20260917/S04/catboost_N_t_48,"[0, 4]",20260917,catboost,False,3,19776,0,0.0,0,0.0,True
split20260917/S04/catboost_D_t_48,"[0, 4]",20260917,catboost,False,3,19776,0,0.0,0,0.0,True
split20260917/S04/catboost_R_t_48,"[0, 4]",20260917,catboost,False,3,19776,0,0.0,0,0.0,True
split20260917/S12/lgb_N_t_01,"[1, 2]",20260917,lightgbm,False,3,29458,0,0.0,0,4.466912950640278e-17,True
split20260917/S12/lgb_D_t_01,"[1, 2]",20260917,lightgbm,False,3,29458,0,0.0,1,2.8437347958983755e-06,True
split20260917/S12/lgb_R_t_01,"[1, 2]",20260917,lightgbm,False,3,29458,0,0.0,0,8.673617379884035e-19,True
split20260917/S12/lgb_N_t_06,"[1, 2]",20260917,lightgbm,False,3,28428,0,0.0,0,4.206704429243757e-17,True
split20260917/S12/lgb_D_t_06,"[1, 2]",20260917,lightgbm,False,3,28428,0,0.0,0,3.2959746043559335e-17,True
split20260917/S12/lgb_R_t_06,"[1, 2]",20260917,lightgbm,False,3,28428,0,0.0,0,3.0357660829594124e-18,True
split20260917/S12/lgb_P_t_24,"[1, 2]",20260917,lightgbm,False,3,24720,0,0.0,0,1.214306433183765e-17,True
split20260917/S12/lgb_N_t_24,"[1, 2]",20260917,lightgbm,False,3,24720,0,0.0,0,7.806255641895632e-18,True
split20260917/S12/lgb_D_t_24,"[1, 2]",20260917,lightgbm,False,3,24720,0,0.0,1,7.12945078893551e-08,True
split20260917/S12/lgb_R_t_24,"[1, 2]",20260917,lightgbm,False,3,24720,0,0.0,0,8.239936510889834e-18,True
split20260917/S12/lgb_P_t_48,"[1, 2]",20260917,lightgbm,False,3,19776,0,0.0,0,3.469446951953614e-18,True
split20260917/S12/lgb_N_t_48,"[1, 2]",20260917,lightgbm,False,3,19776,0,0.0,0,1.1058862159352145e-17,True
split20260917/S12/lgb_D_t_48,"[1, 2]",20260917,lightgbm,False,3,19776,0,0.0,0,8.673617379884035e-18,True
split20260917/S12/lgb_R_t_48,"[1, 2]",20260917,lightgbm,False,3,19776,0,0.0,0,2.168404344971009e-18,True
split20260917/S12/lgb_osi_24,"[1, 2]",20260917,lightgbm,False,3,24720,0,0.0,0,1.1275702593849246e-17,True
split20260917/S12/lgb_osi_48,"[1, 2]",20260917,lightgbm,False,3,19776,0,0.0,0,4.336808689942018e-18,True
split20260917/S12/P01_a,"[1, 2]",20260917,lightgbm,False,3,29458,0,0.0,0,1.734723475976807e-18,True
split20260917/S12/P01_b,"[1, 2]",20260917,lightgbm,False,3,29458,0,0.0,0,8.673617379884035e-19,True
split20260917/S12/P06_a,"[1, 2]",20260917,lightgbm,False,3,28428,0,0.0,0,0.0,True
split20260917/S12/P06_b,"[1, 2]",20260917,lightgbm,False,3,28428,0,0.0,0,0.0,True
split20260917/S12/P24_neighbor,"[1, 2]",20260917,lightgbm,False,3,24720,0,0.0,0,2.2551405187698492e-17,True
split20260917/S12/D01_unknown,"[1, 2]",20260917,lightgbm,False,3,29458,0,0.0,0,2.7755575615628914e-17,True
split20260917/S12/xgboost_osi_24,"[1, 2]",20260917,xgboost,False,3,24720,0,0.0,0,0.0,True
split20260917/S12/xgboost_P_t_24,"[1, 2]",20260917,xgboost,False,3,24720,0,0.0,0,0.0,True
split20260917/S12/xgboost_N_t_24,"[1, 2]",20260917,xgboost,False,3,24720,0,0.0,0,0.0,True
split20260917/S12/xgboost_D_t_24,"[1, 2]",20260917,xgboost,False,3,24720,0,0.0,0,0.0,True
split20260917/S12/xgboost_R_t_24,"[1, 2]",20260917,xgboost,False,3,24720,0,0.0,0,0.0,True
split20260917/S12/xgboost_osi_48,"[1, 2]",20260917,xgboost,False,3,19776,0,0.0,0,0.0,True
split20260917/S12/xgboost_P_t_48,"[1, 2]",20260917,xgboost,False,3,19776,0,0.0,0,0.0,True
split20260917/S12/xgboost_N_t_48,"[1, 2]",20260917,xgboost,False,3,19776,0,0.0,0,0.0,True
split20260917/S12/xgboost_D_t_48,"[1, 2]",20260917,xgboost,False,3,19776,0,0.0,0,0.0,True
split20260917/S12/xgboost_R_t_48,"[1, 2]",20260917,xgboost,False,3,19776,0,0.0,0,0.0,True
split20260917/S12/catboost_osi_24,"[1, 2]",20260917,catboost,False,3,24720,0,0.0,0,0.0,True
split20260917/S12/catboost_P_t_24,"[1, 2]",20260917,catboost,False,3,24720,0,0.0,0,0.0,True
split20260917/S12/catboost_N_t_24,"[1, 2]",20260917,catboost,False,3,24720,0,0.0,0,0.0,True
split20260917/S12/catboost_D_t_24,"[1, 2]",20260917,catboost,False,3,24720,0,0.0,0,0.0,True
split20260917/S12/catboost_R_t_24,"[1, 2]",20260917,catboost,False,3,24720,0,0.0,0,0.0,True
split20260917/S12/catboost_osi_48,"[1, 2]",20260917,catboost,False,3,19776,0,0.0,0,0.0,True
split20260917/S12/catboost_P_t_48,"[1, 2]",20260917,catboost,False,3,19776,0,0.0,0,0.0,True
split20260917/S12/catboost_N_t_48,"[1, 2]",20260917,catboost,False,3,19776,0,0.0,0,0.0,True
split20260917/S12/catboost_D_t_48,"[1, 2]",20260917,catboost,False,3,19776,0,0.0,0,0.0,True
split20260917/S12/catboost_R_t_48,"[1, 2]",20260917,catboost,False,3,19776,0,0.0,0,0.0,True
split20260917/S13/lgb_N_t_01,"[1, 3]",20260917,lightgbm,False,3,29601,0,0.0,0,2.8189256484623115e-17,True
split20260917/S13/lgb_D_t_01,"[1, 3]",20260917,lightgbm,False,3,29601,0,0.0,1,5.42446525652468e-07,True
split20260917/S13/lgb_R_t_01,"[1, 3]",20260917,lightgbm,False,3,29601,0,0.0,0,9.540979117872439e-18,True
split20260917/S13/lgb_N_t_06,"[1, 3]",20260917,lightgbm,False,3,28566,0,0.0,0,1.3010426069826053e-18,True
split20260917/S13/lgb_D_t_06,"[1, 3]",20260917,lightgbm,False,3,28566,0,0.0,0,1.3530843112619095e-16,True
split20260917/S13/lgb_R_t_06,"[1, 3]",20260917,lightgbm,False,3,28566,0,0.0,0,1.5612511283791264e-17,True
split20260917/S13/lgb_P_t_24,"[1, 3]",20260917,lightgbm,False,3,24840,0,0.0,0,1.734723475976807e-18,True
split20260917/S13/lgb_N_t_24,"[1, 3]",20260917,lightgbm,False,3,24840,0,0.0,0,8.673617379884035e-19,True
split20260917/S13/lgb_D_t_24,"[1, 3]",20260917,lightgbm,False,3,24840,0,0.0,0,5.204170427930421e-18,True
split20260917/S13/lgb_R_t_24,"[1, 3]",20260917,lightgbm,False,3,24840,0,0.0,0,4.336808689942018e-18,True
split20260917/S13/lgb_P_t_48,"[1, 3]",20260917,lightgbm,False,3,19872,0,0.0,0,1.1275702593849246e-17,True
split20260917/S13/lgb_N_t_48,"[1, 3]",20260917,lightgbm,False,3,19872,0,0.0,0,1.0842021724855044e-18,True
split20260917/S13/lgb_D_t_48,"[1, 3]",20260917,lightgbm,False,3,19872,0,0.0,0,1.5612511283791264e-17,True
split20260917/S13/lgb_R_t_48,"[1, 3]",20260917,lightgbm,False,3,19872,0,0.0,0,5.204170427930421e-18,True
split20260917/S13/lgb_osi_24,"[1, 3]",20260917,lightgbm,False,3,24840,0,0.0,0,5.204170427930421e-18,True
split20260917/S13/lgb_osi_48,"[1, 3]",20260917,lightgbm,False,3,19872,0,0.0,0,2.6020852139652106e-18,True
split20260917/S13/P01_a,"[1, 3]",20260917,lightgbm,False,3,29601,0,0.0,0,0.0,True
split20260917/S13/P01_b,"[1, 3]",20260917,lightgbm,False,3,29601,0,0.0,0,0.0,True
split20260917/S13/P06_a,"[1, 3]",20260917,lightgbm,False,3,28566,0,0.0,0,0.0,True
split20260917/S13/P06_b,"[1, 3]",20260917,lightgbm,False,3,28566,0,0.0,0,0.0,True
split20260917/S13/P24_neighbor,"[1, 3]",20260917,lightgbm,False,3,24840,0,0.0,0,6.938893903907228e-18,True
split20260917/S13/D01_unknown,"[1, 3]",20260917,lightgbm,False,3,29601,0,0.0,0,1.4224732503009818e-16,True
split20260917/S13/xgboost_osi_24,"[1, 3]",20260917,xgboost,False,3,24840,0,0.0,0,0.0,True
split20260917/S13/xgboost_P_t_24,"[1, 3]",20260917,xgboost,False,3,24840,0,0.0,0,0.0,True
split20260917/S13/xgboost_N_t_24,"[1, 3]",20260917,xgboost,False,3,24840,0,0.0,0,0.0,True
split20260917/S13/xgboost_D_t_24,"[1, 3]",20260917,xgboost,False,3,24840,0,0.0,0,0.0,True
split20260917/S13/xgboost_R_t_24,"[1, 3]",20260917,xgboost,False,3,24840,0,0.0,0,0.0,True
split20260917/S13/xgboost_osi_48,"[1, 3]",20260917,xgboost,False,3,19872,0,0.0,0,0.0,True
split20260917/S13/xgboost_P_t_48,"[1, 3]",20260917,xgboost,False,3,19872,0,0.0,0,0.0,True
split20260917/S13/xgboost_N_t_48,"[1, 3]",20260917,xgboost,False,3,19872,0,0.0,0,0.0,True
split20260917/S13/xgboost_D_t_48,"[1, 3]",20260917,xgboost,False,3,19872,0,0.0,0,0.0,True
split20260917/S13/xgboost_R_t_48,"[1, 3]",20260917,xgboost,False,3,19872,0,0.0,0,0.0,True
split20260917/S13/catboost_osi_24,"[1, 3]",20260917,catboost,False,3,24840,0,0.0,0,0.0,True
split20260917/S13/catboost_P_t_24,"[1, 3]",20260917,catboost,False,3,24840,0,0.0,0,0.0,True
split20260917/S13/catboost_N_t_24,"[1, 3]",20260917,catboost,False,3,24840,0,0.0,0,0.0,True
split20260917/S13/catboost_D_t_24,"[1, 3]",20260917,catboost,False,3,24840,0,0.0,0,0.0,True
split20260917/S13/catboost_R_t_24,"[1, 3]",20260917,catboost,False,3,24840,0,0.0,0,0.0,True
split20260917/S13/catboost_osi_48,"[1, 3]",20260917,catboost,False,3,19872,0,0.0,0,0.0,True
split20260917/S13/catboost_P_t_48,"[1, 3]",20260917,catboost,False,3,19872,0,0.0,0,0.0,True
split20260917/S13/catboost_N_t_48,"[1, 3]",20260917,catboost,False,3,19872,0,0.0,0,0.0,True
split20260917/S13/catboost_D_t_48,"[1, 3]",20260917,catboost,False,3,19872,0,0.0,0,0.0,True
split20260917/S13/catboost_R_t_48,"[1, 3]",20260917,catboost,False,3,19872,0,0.0,0,0.0,True
split20260917/S14/lgb_N_t_01,"[1, 4]",20260917,lightgbm,False,3,29458,0,0.0,1,1.5011158113666795e-07,True
split20260917/S14/lgb_D_t_01,"[1, 4]",20260917,lightgbm,False,3,29458,0,0.0,1,1.6596154375422834e-07,True
split20260917/S14/lgb_R_t_01,"[1, 4]",20260917,lightgbm,False,3,29458,0,0.0,0,3.469446951953614e-18,True
split20260917/S14/lgb_N_t_06,"[1, 4]",20260917,lightgbm,False,3,28428,0,0.0,1,1.056263606183036e-06,True
split20260917/S14/lgb_D_t_06,"[1, 4]",20260917,lightgbm,False,3,28428,0,0.0,0,1.3877787807814457e-17,True
split20260917/S14/lgb_R_t_06,"[1, 4]",20260917,lightgbm,False,3,28428,0,0.0,0,3.0357660829594124e-18,True
split20260917/S14/lgb_P_t_24,"[1, 4]",20260917,lightgbm,False,3,24720,0,0.0,0,2.0816681711721685e-17,True
split20260917/S14/lgb_N_t_24,"[1, 4]",20260917,lightgbm,False,3,24720,0,0.0,0,2.6020852139652106e-18,True
split20260917/S14/lgb_D_t_24,"[1, 4]",20260917,lightgbm,False,3,24720,0,0.0,0,1.0061396160665481e-16,True
split20260917/S14/lgb_R_t_24,"[1, 4]",20260917,lightgbm,False,3,24720,0,0.0,0,1.6046192152785466e-17,True
split20260917/S14/lgb_P_t_48,"[1, 4]",20260917,lightgbm,False,3,19776,0,0.0,0,3.8163916471489756e-17,True
split20260917/S14/lgb_N_t_48,"[1, 4]",20260917,lightgbm,False,3,19776,0,0.0,1,4.2588699356201076e-08,True
split20260917/S14/lgb_D_t_48,"[1, 4]",20260917,lightgbm,False,3,19776,0,0.0,0,2.42861286636753e-17,True
split20260917/S14/lgb_R_t_48,"[1, 4]",20260917,lightgbm,False,3,19776,0,0.0,1,7.719219568378018e-07,True
split20260917/S14/lgb_osi_24,"[1, 4]",20260917,lightgbm,False,3,24720,0,0.0,0,8.673617379884035e-18,True
split20260917/S14/lgb_osi_48,"[1, 4]",20260917,lightgbm,False,3,19776,0,0.0,0,2.168404344971009e-17,True
split20260917/S14/P01_a,"[1, 4]",20260917,lightgbm,False,3,29458,0,0.0,0,0.0,True
split20260917/S14/P01_b,"[1, 4]",20260917,lightgbm,False,3,29458,0,0.0,0,0.0,True
split20260917/S14/P06_a,"[1, 4]",20260917,lightgbm,False,3,28428,0,0.0,0,1.734723475976807e-18,True
split20260917/S14/P06_b,"[1, 4]",20260917,lightgbm,False,3,28428,0,0.0,0,3.469446951953614e-18,True
split20260917/S14/P24_neighbor,"[1, 4]",20260917,lightgbm,False,3,24720,0,0.0,0,1.9081958235744878e-17,True
split20260917/S14/D01_unknown,"[1, 4]",20260917,lightgbm,False,3,29458,0,0.0,0,3.469446951953614e-18,True
split20260917/S14/xgboost_osi_24,"[1, 4]",20260917,xgboost,False,3,24720,0,0.0,0,0.0,True
split20260917/S14/xgboost_P_t_24,"[1, 4]",20260917,xgboost,False,3,24720,0,0.0,0,0.0,True
split20260917/S14/xgboost_N_t_24,"[1, 4]",20260917,xgboost,False,3,24720,0,0.0,0,0.0,True
split20260917/S14/xgboost_D_t_24,"[1, 4]",20260917,xgboost,False,3,24720,0,0.0,0,0.0,True
split20260917/S14/xgboost_R_t_24,"[1, 4]",20260917,xgboost,False,3,24720,0,0.0,0,0.0,True
split20260917/S14/xgboost_osi_48,"[1, 4]",20260917,xgboost,False,3,19776,0,0.0,0,0.0,True
split20260917/S14/xgboost_P_t_48,"[1, 4]",20260917,xgboost,False,3,19776,0,0.0,0,0.0,True
split20260917/S14/xgboost_N_t_48,"[1, 4]",20260917,xgboost,False,3,19776,0,0.0,0,0.0,True
split20260917/S14/xgboost_D_t_48,"[1, 4]",20260917,xgboost,False,3,19776,0,0.0,0,0.0,True
split20260917/S14/xgboost_R_t_48,"[1, 4]",20260917,xgboost,False,3,19776,0,0.0,0,0.0,True
split20260917/S14/catboost_osi_24,"[1, 4]",20260917,catboost,False,3,24720,0,0.0,0,0.0,True
split20260917/S14/catboost_P_t_24,"[1, 4]",20260917,catboost,False,3,24720,0,0.0,0,0.0,True
split20260917/S14/catboost_N_t_24,"[1, 4]",20260917,catboost,False,3,24720,0,0.0,0,0.0,True
split20260917/S14/catboost_D_t_24,"[1, 4]",20260917,catboost,False,3,24720,0,0.0,0,0.0,True
split20260917/S14/catboost_R_t_24,"[1, 4]",20260917,catboost,False,3,24720,0,0.0,0,0.0,True
split20260917/S14/catboost_osi_48,"[1, 4]",20260917,catboost,False,3,19776,0,0.0,0,0.0,True
split20260917/S14/catboost_P_t_48,"[1, 4]",20260917,catboost,False,3,19776,0,0.0,0,0.0,True
split20260917/S14/catboost_N_t_48,"[1, 4]",20260917,catboost,False,3,19776,0,0.0,0,0.0,True
split20260917/S14/catboost_D_t_48,"[1, 4]",20260917,catboost,False,3,19776,0,0.0,0,0.0,True
split20260917/S14/catboost_R_t_48,"[1, 4]",20260917,catboost,False,3,19776,0,0.0,0,0.0,True
split20260917/S23/lgb_N_t_01,"[2, 3]",20260917,lightgbm,False,3,29601,0,0.0,0,9.107298248878237e-18,True
split20260917/S23/lgb_D_t_01,"[2, 3]",20260917,lightgbm,False,3,29601,0,0.0,0,6.938893903907228e-18,True
split20260917/S23/lgb_R_t_01,"[2, 3]",20260917,lightgbm,False,3,29601,0,0.0,0,3.0357660829594124e-18,True
split20260917/S23/lgb_N_t_06,"[2, 3]",20260917,lightgbm,False,3,28566,0,0.0,0,3.903127820947816e-18,True
split20260917/S23/lgb_D_t_06,"[2, 3]",20260917,lightgbm,False,3,28566,0,0.0,0,2.7755575615628914e-17,True
split20260917/S23/lgb_R_t_06,"[2, 3]",20260917,lightgbm,False,3,28566,0,0.0,0,3.0357660829594124e-18,True
split20260917/S23/lgb_P_t_24,"[2, 3]",20260917,lightgbm,False,3,24840,0,0.0,0,2.6020852139652106e-17,True
split20260917/S23/lgb_N_t_24,"[2, 3]",20260917,lightgbm,False,3,24840,0,0.0,0,3.469446951953614e-18,True
split20260917/S23/lgb_D_t_24,"[2, 3]",20260917,lightgbm,False,3,24840,0,0.0,0,1.214306433183765e-17,True
split20260917/S23/lgb_R_t_24,"[2, 3]",20260917,lightgbm,False,3,24840,0,0.0,0,9.540979117872439e-18,True
split20260917/S23/lgb_P_t_48,"[2, 3]",20260917,lightgbm,False,3,19872,0,0.0,0,8.673617379884035e-19,True
split20260917/S23/lgb_N_t_48,"[2, 3]",20260917,lightgbm,False,3,19872,0,0.0,0,4.7704895589362195e-18,True
split20260917/S23/lgb_D_t_48,"[2, 3]",20260917,lightgbm,False,3,19872,0,0.0,0,1.3010426069826053e-17,True
split20260917/S23/lgb_R_t_48,"[2, 3]",20260917,lightgbm,False,3,19872,0,0.0,1,1.0951255868200255e-07,True
split20260917/S23/lgb_osi_24,"[2, 3]",20260917,lightgbm,False,3,24840,0,0.0,0,1.3010426069826053e-17,True
split20260917/S23/lgb_osi_48,"[2, 3]",20260917,lightgbm,False,3,19872,0,0.0,0,4.336808689942018e-18,True
split20260917/S23/P01_a,"[2, 3]",20260917,lightgbm,False,3,29601,0,0.0,0,0.0,True
split20260917/S23/P01_b,"[2, 3]",20260917,lightgbm,False,3,29601,0,0.0,0,0.0,True
split20260917/S23/P06_a,"[2, 3]",20260917,lightgbm,False,3,28566,0,0.0,0,0.0,True
split20260917/S23/P06_b,"[2, 3]",20260917,lightgbm,False,3,28566,0,0.0,0,1.734723475976807e-18,True
split20260917/S23/P24_neighbor,"[2, 3]",20260917,lightgbm,False,3,24840,0,0.0,0,1.734723475976807e-17,True
split20260917/S23/D01_unknown,"[2, 3]",20260917,lightgbm,False,3,29601,0,0.0,0,6.938893903907228e-18,True
split20260917/S23/xgboost_osi_24,"[2, 3]",20260917,xgboost,False,3,24840,0,0.0,0,0.0,True
split20260917/S23/xgboost_P_t_24,"[2, 3]",20260917,xgboost,False,3,24840,0,0.0,0,0.0,True
split20260917/S23/xgboost_N_t_24,"[2, 3]",20260917,xgboost,False,3,24840,0,0.0,0,0.0,True
split20260917/S23/xgboost_D_t_24,"[2, 3]",20260917,xgboost,False,3,24840,0,0.0,0,0.0,True
split20260917/S23/xgboost_R_t_24,"[2, 3]",20260917,xgboost,False,3,24840,0,0.0,0,0.0,True
split20260917/S23/xgboost_osi_48,"[2, 3]",20260917,xgboost,False,3,19872,0,0.0,0,0.0,True
split20260917/S23/xgboost_P_t_48,"[2, 3]",20260917,xgboost,False,3,19872,0,0.0,0,0.0,True
split20260917/S23/xgboost_N_t_48,"[2, 3]",20260917,xgboost,False,3,19872,0,0.0,0,0.0,True
split20260917/S23/xgboost_D_t_48,"[2, 3]",20260917,xgboost,False,3,19872,0,0.0,0,0.0,True
split20260917/S23/xgboost_R_t_48,"[2, 3]",20260917,xgboost,False,3,19872,0,0.0,0,0.0,True
split20260917/S23/catboost_osi_24,"[2, 3]",20260917,catboost,False,3,24840,0,0.0,0,0.0,True
split20260917/S23/catboost_P_t_24,"[2, 3]",20260917,catboost,False,3,24840,0,0.0,0,0.0,True
split20260917/S23/catboost_N_t_24,"[2, 3]",20260917,catboost,False,3,24840,0,0.0,0,0.0,True
split20260917/S23/catboost_D_t_24,"[2, 3]",20260917,catboost,False,3,24840,0,0.0,0,0.0,True
split20260917/S23/catboost_R_t_24,"[2, 3]",20260917,catboost,False,3,24840,0,0.0,0,0.0,True
split20260917/S23/catboost_osi_48,"[2, 3]",20260917,catboost,False,3,19872,0,0.0,0,0.0,True
split20260917/S23/catboost_P_t_48,"[2, 3]",20260917,catboost,False,3,19872,0,0.0,0,0.0,True
split20260917/S23/catboost_N_t_48,"[2, 3]",20260917,catboost,False,3,19872,0,0.0,0,0.0,True
split20260917/S23/catboost_D_t_48,"[2, 3]",20260917,catboost,False,3,19872,0,0.0,0,0.0,True
split20260917/S23/catboost_R_t_48,"[2, 3]",20260917,catboost,False,3,19872,0,0.0,0,0.0,True
split20260917/S24/lgb_N_t_01,"[2, 4]",20260917,lightgbm,False,3,29458,0,0.0,0,3.469446951953614e-18,True
split20260917/S24/lgb_D_t_01,"[2, 4]",20260917,lightgbm,False,3,29458,0,0.0,0,4.5102810375396984e-17,True
split20260917/S24/lgb_R_t_01,"[2, 4]",20260917,lightgbm,False,3,29458,0,0.0,0,6.938893903907228e-18,True
split20260917/S24/lgb_N_t_06,"[2, 4]",20260917,lightgbm,False,3,28428,0,0.0,0,3.5561831257524545e-17,True
split20260917/S24/lgb_D_t_06,"[2, 4]",20260917,lightgbm,False,3,28428,0,0.0,0,3.122502256758253e-17,True
split20260917/S24/lgb_R_t_06,"[2, 4]",20260917,lightgbm,False,3,28428,0,0.0,0,3.469446951953614e-18,True
split20260917/S24/lgb_P_t_24,"[2, 4]",20260917,lightgbm,False,3,24720,0,0.0,0,9.71445146547012e-17,True
split20260917/S24/lgb_N_t_24,"[2, 4]",20260917,lightgbm,False,3,24720,0,0.0,1,1.365275073498401e-07,True
split20260917/S24/lgb_D_t_24,"[2, 4]",20260917,lightgbm,False,3,24720,0,0.0,0,5.377642775528102e-17,True
split20260917/S24/lgb_R_t_24,"[2, 4]",20260917,lightgbm,False,3,24720,0,0.0,0,6.071532165918825e-18,True
split20260917/S24/lgb_P_t_48,"[2, 4]",20260917,lightgbm,False,3,19776,0,0.0,0,1.0408340855860843e-17,True
split20260917/S24/lgb_N_t_48,"[2, 4]",20260917,lightgbm,False,3,19776,0,0.0,1,3.3440559787413504e-08,True
split20260917/S24/lgb_D_t_48,"[2, 4]",20260917,lightgbm,False,3,19776,0,0.0,0,1.734723475976807e-17,True
split20260917/S24/lgb_R_t_48,"[2, 4]",20260917,lightgbm,False,3,19776,0,0.0,0,1.3444106938820255e-17,True
split20260917/S24/lgb_osi_24,"[2, 4]",20260917,lightgbm,False,3,24720,0,0.0,0,2.42861286636753e-17,True
split20260917/S24/lgb_osi_48,"[2, 4]",20260917,lightgbm,False,3,19776,0,0.0,0,6.765421556309548e-17,True
split20260917/S24/P01_a,"[2, 4]",20260917,lightgbm,False,3,29458,0,0.0,0,0.0,True
split20260917/S24/P01_b,"[2, 4]",20260917,lightgbm,False,3,29458,0,0.0,0,0.0,True
split20260917/S24/P06_a,"[2, 4]",20260917,lightgbm,False,3,28428,0,0.0,0,1.734723475976807e-18,True
split20260917/S24/P06_b,"[2, 4]",20260917,lightgbm,False,3,28428,0,0.0,0,3.469446951953614e-18,True
split20260917/S24/P24_neighbor,"[2, 4]",20260917,lightgbm,False,3,24720,0,0.0,0,1.3530843112619095e-16,True
split20260917/S24/D01_unknown,"[2, 4]",20260917,lightgbm,False,3,29458,0,0.0,0,4.85722573273506e-17,True
split20260917/S24/xgboost_osi_24,"[2, 4]",20260917,xgboost,False,3,24720,0,0.0,0,0.0,True
split20260917/S24/xgboost_P_t_24,"[2, 4]",20260917,xgboost,False,3,24720,0,0.0,0,0.0,True
split20260917/S24/xgboost_N_t_24,"[2, 4]",20260917,xgboost,False,3,24720,0,0.0,0,0.0,True
split20260917/S24/xgboost_D_t_24,"[2, 4]",20260917,xgboost,False,3,24720,0,0.0,0,0.0,True
split20260917/S24/xgboost_R_t_24,"[2, 4]",20260917,xgboost,False,3,24720,0,0.0,0,0.0,True
split20260917/S24/xgboost_osi_48,"[2, 4]",20260917,xgboost,False,3,19776,0,0.0,0,0.0,True
split20260917/S24/xgboost_P_t_48,"[2, 4]",20260917,xgboost,False,3,19776,0,0.0,0,0.0,True
split20260917/S24/xgboost_N_t_48,"[2, 4]",20260917,xgboost,False,3,19776,0,0.0,0,0.0,True
split20260917/S24/xgboost_D_t_48,"[2, 4]",20260917,xgboost,False,3,19776,0,0.0,0,0.0,True
split20260917/S24/xgboost_R_t_48,"[2, 4]",20260917,xgboost,False,3,19776,0,0.0,0,0.0,True
split20260917/S24/catboost_osi_24,"[2, 4]",20260917,catboost,False,3,24720,0,0.0,0,0.0,True
split20260917/S24/catboost_P_t_24,"[2, 4]",20260917,catboost,False,3,24720,0,0.0,0,0.0,True
split20260917/S24/catboost_N_t_24,"[2, 4]",20260917,catboost,False,3,24720,0,0.0,0,0.0,True
split20260917/S24/catboost_D_t_24,"[2, 4]",20260917,catboost,False,3,24720,0,0.0,0,0.0,True
split20260917/S24/catboost_R_t_24,"[2, 4]",20260917,catboost,False,3,24720,0,0.0,0,0.0,True
split20260917/S24/catboost_osi_48,"[2, 4]",20260917,catboost,False,3,19776,0,0.0,0,0.0,True
split20260917/S24/catboost_P_t_48,"[2, 4]",20260917,catboost,False,3,19776,0,0.0,0,0.0,True
split20260917/S24/catboost_N_t_48,"[2, 4]",20260917,catboost,False,3,19776,0,0.0,0,0.0,True
split20260917/S24/catboost_D_t_48,"[2, 4]",20260917,catboost,False,3,19776,0,0.0,0,0.0,True
split20260917/S24/catboost_R_t_48,"[2, 4]",20260917,catboost,False,3,19776,0,0.0,0,0.0,True
split20260917/S34/lgb_N_t_01,"[3, 4]",20260917,lightgbm,False,3,29601,0,0.0,0,6.071532165918825e-18,True
split20260917/S34/lgb_D_t_01,"[3, 4]",20260917,lightgbm,False,3,29601,0,0.0,0,4.163336342344337e-17,True
split20260917/S34/lgb_R_t_01,"[3, 4]",20260917,lightgbm,False,3,29601,0,0.0,0,1.734723475976807e-18,True
split20260917/S34/lgb_N_t_06,"[3, 4]",20260917,lightgbm,False,3,28566,0,0.0,0,9.974659986866641e-18,True
split20260917/S34/lgb_D_t_06,"[3, 4]",20260917,lightgbm,False,3,28566,0,0.0,0,3.122502256758253e-17,True
split20260917/S34/lgb_R_t_06,"[3, 4]",20260917,lightgbm,False,3,28566,0,0.0,0,2.6020852139652106e-18,True
split20260917/S34/lgb_P_t_24,"[3, 4]",20260917,lightgbm,False,3,24840,0,0.0,0,2.42861286636753e-17,True
split20260917/S34/lgb_N_t_24,"[3, 4]",20260917,lightgbm,False,3,24840,0,0.0,0,6.5052130349130266e-18,True
split20260917/S34/lgb_D_t_24,"[3, 4]",20260917,lightgbm,False,3,24840,0,0.0,0,1.0408340855860843e-16,True
split20260917/S34/lgb_R_t_24,"[3, 4]",20260917,lightgbm,False,3,24840,0,0.0,0,1.474514954580286e-17,True
split20260917/S34/lgb_P_t_48,"[3, 4]",20260917,lightgbm,False,3,19872,0,0.0,0,2.0816681711721685e-17,True
split20260917/S34/lgb_N_t_48,"[3, 4]",20260917,lightgbm,False,3,19872,0,0.0,0,2.6020852139652106e-18,True
split20260917/S34/lgb_D_t_48,"[3, 4]",20260917,lightgbm,False,3,19872,0,0.0,0,3.122502256758253e-17,True
split20260917/S34/lgb_R_t_48,"[3, 4]",20260917,lightgbm,False,3,19872,0,0.0,0,2.6020852139652106e-18,True
split20260917/S34/lgb_osi_24,"[3, 4]",20260917,lightgbm,False,3,24840,0,0.0,0,1.214306433183765e-17,True
split20260917/S34/lgb_osi_48,"[3, 4]",20260917,lightgbm,False,3,19872,0,0.0,0,2.2551405187698492e-17,True
split20260917/S34/P01_a,"[3, 4]",20260917,lightgbm,False,3,29601,0,0.0,0,0.0,True
split20260917/S34/P01_b,"[3, 4]",20260917,lightgbm,False,3,29601,0,0.0,0,3.469446951953614e-18,True
split20260917/S34/P06_a,"[3, 4]",20260917,lightgbm,False,3,28566,0,0.0,0,0.0,True
split20260917/S34/P06_b,"[3, 4]",20260917,lightgbm,False,3,28566,0,0.0,0,0.0,True
split20260917/S34/P24_neighbor,"[3, 4]",20260917,lightgbm,False,3,24840,0,0.0,0,2.949029909160572e-17,True
split20260917/S34/D01_unknown,"[3, 4]",20260917,lightgbm,False,3,29601,0,0.0,0,4.85722573273506e-17,True
split20260917/S34/xgboost_osi_24,"[3, 4]",20260917,xgboost,False,3,24840,0,0.0,0,0.0,True
split20260917/S34/xgboost_P_t_24,"[3, 4]",20260917,xgboost,False,3,24840,0,0.0,0,0.0,True
split20260917/S34/xgboost_N_t_24,"[3, 4]",20260917,xgboost,False,3,24840,0,0.0,0,0.0,True
split20260917/S34/xgboost_D_t_24,"[3, 4]",20260917,xgboost,False,3,24840,0,0.0,0,0.0,True
split20260917/S34/xgboost_R_t_24,"[3, 4]",20260917,xgboost,False,3,24840,0,0.0,0,0.0,True
split20260917/S34/xgboost_osi_48,"[3, 4]",20260917,xgboost,False,3,19872,0,0.0,0,0.0,True
split20260917/S34/xgboost_P_t_48,"[3, 4]",20260917,xgboost,False,3,19872,0,0.0,0,0.0,True
split20260917/S34/xgboost_N_t_48,"[3, 4]",20260917,xgboost,False,3,19872,0,0.0,0,0.0,True
split20260917/S34/xgboost_D_t_48,"[3, 4]",20260917,xgboost,False,3,19872,0,0.0,0,0.0,True
split20260917/S34/xgboost_R_t_48,"[3, 4]",20260917,xgboost,False,3,19872,0,0.0,0,0.0,True
split20260917/S34/catboost_osi_24,"[3, 4]",20260917,catboost,False,3,24840,0,0.0,0,0.0,True
split20260917/S34/catboost_P_t_24,"[3, 4]",20260917,catboost,False,3,24840,0,0.0,0,0.0,True
split20260917/S34/catboost_N_t_24,"[3, 4]",20260917,catboost,False,3,24840,0,0.0,0,0.0,True
split20260917/S34/catboost_D_t_24,"[3, 4]",20260917,catboost,False,3,24840,0,0.0,0,0.0,True
split20260917/S34/catboost_R_t_24,"[3, 4]",20260917,catboost,False,3,24840,0,0.0,0,0.0,True
split20260917/S34/catboost_osi_48,"[3, 4]",20260917,catboost,False,3,19872,0,0.0,0,0.0,True
split20260917/S34/catboost_P_t_48,"[3, 4]",20260917,catboost,False,3,19872,0,0.0,0,0.0,True
split20260917/S34/catboost_N_t_48,"[3, 4]",20260917,catboost,False,3,19872,0,0.0,0,0.0,True
split20260917/S34/catboost_D_t_48,"[3, 4]",20260917,catboost,False,3,19872,0,0.0,0,0.0,True
split20260917/S34/catboost_R_t_48,"[3, 4]",20260917,catboost,False,3,19872,0,0.0,0,0.0,True
split20260917/S012/lgb_N_t_01,"[0, 1, 2]",20260917,lightgbm,False,4,22594,0,0.0,0,2.168404344971009e-17,True
split20260917/S012/lgb_D_t_01,"[0, 1, 2]",20260917,lightgbm,False,4,22594,0,0.0,0,4.336808689942018e-17,True
split20260917/S012/lgb_R_t_01,"[0, 1, 2]",20260917,lightgbm,False,4,22594,0,0.0,0,4.7704895589362195e-18,True
split20260917/S012/lgb_N_t_06,"[0, 1, 2]",20260917,lightgbm,False,4,21804,0,0.0,0,7.806255641895632e-18,True
split20260917/S012/lgb_D_t_06,"[0, 1, 2]",20260917,lightgbm,False,4,21804,0,0.0,0,2.2551405187698492e-17,True
split20260917/S012/lgb_R_t_06,"[0, 1, 2]",20260917,lightgbm,False,4,21804,0,0.0,0,1.3877787807814457e-17,True
split20260917/S012/lgb_P_t_24,"[0, 1, 2]",20260917,lightgbm,True,1,18960,11400,0.0,0,0.0,True
split20260917/S012/lgb_N_t_24,"[0, 1, 2]",20260917,lightgbm,True,1,18960,11400,0.0,0,0.0,True
split20260917/S012/lgb_D_t_24,"[0, 1, 2]",20260917,lightgbm,True,1,18960,11400,0.0,0,0.0,True
split20260917/S012/lgb_R_t_24,"[0, 1, 2]",20260917,lightgbm,True,1,18960,11400,0.0,0,0.0,True
split20260917/S012/lgb_P_t_48,"[0, 1, 2]",20260917,lightgbm,True,1,15168,9120,0.0,0,0.0,True
split20260917/S012/lgb_N_t_48,"[0, 1, 2]",20260917,lightgbm,True,1,15168,9120,0.0,0,0.0,True
split20260917/S012/lgb_D_t_48,"[0, 1, 2]",20260917,lightgbm,True,1,15168,9120,0.0,0,0.0,True
split20260917/S012/lgb_R_t_48,"[0, 1, 2]",20260917,lightgbm,True,1,15168,9120,0.0,0,0.0,True
split20260917/S012/lgb_osi_24,"[0, 1, 2]",20260917,lightgbm,False,4,18960,0,0.0,0,6.678685382510707e-17,True
split20260917/S012/lgb_osi_48,"[0, 1, 2]",20260917,lightgbm,False,4,15168,0,0.0,0,1.3877787807814457e-17,True
split20260917/S012/P01_a,"[0, 1, 2]",20260917,lightgbm,False,4,22594,0,0.0,0,1.734723475976807e-18,True
split20260917/S012/P01_b,"[0, 1, 2]",20260917,lightgbm,False,4,22594,0,0.0,0,0.0,True
split20260917/S012/P06_a,"[0, 1, 2]",20260917,lightgbm,False,4,21804,0,0.0,0,1.734723475976807e-18,True
split20260917/S012/P06_b,"[0, 1, 2]",20260917,lightgbm,False,4,21804,0,0.0,0,1.734723475976807e-18,True
split20260917/S012/P24_neighbor,"[0, 1, 2]",20260917,lightgbm,False,4,18960,0,0.0,0,6.591949208711867e-17,True
split20260917/S012/D01_unknown,"[0, 1, 2]",20260917,lightgbm,False,4,22594,0,0.0,0,3.2959746043559335e-17,True
split20260917/S012/xgboost_osi_24,"[0, 1, 2]",20260917,xgboost,False,4,18960,0,0.0,0,0.0,True
split20260917/S012/xgboost_P_t_24,"[0, 1, 2]",20260917,xgboost,False,4,18960,0,0.0,0,0.0,True
split20260917/S012/xgboost_N_t_24,"[0, 1, 2]",20260917,xgboost,False,4,18960,0,0.0,0,0.0,True
split20260917/S012/xgboost_D_t_24,"[0, 1, 2]",20260917,xgboost,False,4,18960,0,0.0,0,0.0,True
split20260917/S012/xgboost_R_t_24,"[0, 1, 2]",20260917,xgboost,False,4,18960,0,0.0,0,0.0,True
split20260917/S012/xgboost_osi_48,"[0, 1, 2]",20260917,xgboost,False,4,15168,0,0.0,0,0.0,True
split20260917/S012/xgboost_P_t_48,"[0, 1, 2]",20260917,xgboost,False,4,15168,0,0.0,0,0.0,True
split20260917/S012/xgboost_N_t_48,"[0, 1, 2]",20260917,xgboost,False,4,15168,0,0.0,0,0.0,True
split20260917/S012/xgboost_D_t_48,"[0, 1, 2]",20260917,xgboost,False,4,15168,0,0.0,0,0.0,True
split20260917/S012/xgboost_R_t_48,"[0, 1, 2]",20260917,xgboost,False,4,15168,0,0.0,0,0.0,True
split20260917/S012/catboost_osi_24,"[0, 1, 2]",20260917,catboost,False,4,18960,0,0.0,0,0.0,True
split20260917/S012/catboost_P_t_24,"[0, 1, 2]",20260917,catboost,False,4,18960,0,0.0,0,0.0,True
split20260917/S012/catboost_N_t_24,"[0, 1, 2]",20260917,catboost,False,4,18960,0,0.0,0,0.0,True
split20260917/S012/catboost_D_t_24,"[0, 1, 2]",20260917,catboost,False,4,18960,0,0.0,0,0.0,True
split20260917/S012/catboost_R_t_24,"[0, 1, 2]",20260917,catboost,False,4,18960,0,0.0,0,0.0,True
split20260917/S012/catboost_osi_48,"[0, 1, 2]",20260917,catboost,False,4,15168,0,0.0,0,0.0,True
split20260917/S012/catboost_P_t_48,"[0, 1, 2]",20260917,catboost,False,4,15168,0,0.0,0,0.0,True
split20260917/S012/catboost_N_t_48,"[0, 1, 2]",20260917,catboost,False,4,15168,0,0.0,0,0.0,True
split20260917/S012/catboost_D_t_48,"[0, 1, 2]",20260917,catboost,False,4,15168,0,0.0,0,0.0,True
split20260917/S012/catboost_R_t_48,"[0, 1, 2]",20260917,catboost,False,4,15168,0,0.0,0,0.0,True
split20260917/S013/lgb_N_t_01,"[0, 1, 3]",20260917,lightgbm,False,4,22737,0,0.0,0,1.734723475976807e-18,True
split20260917/S013/lgb_D_t_01,"[0, 1, 3]",20260917,lightgbm,False,4,22737,0,0.0,0,5.551115123125783e-17,True
split20260917/S013/lgb_R_t_01,"[0, 1, 3]",20260917,lightgbm,False,4,22737,0,0.0,0,9.540979117872439e-18,True
split20260917/S013/lgb_N_t_06,"[0, 1, 3]",20260917,lightgbm,False,4,21942,0,0.0,0,1.9081958235744878e-17,True
split20260917/S013/lgb_D_t_06,"[0, 1, 3]",20260917,lightgbm,False,4,21942,0,0.0,0,1.5959455978986625e-16,True
split20260917/S013/lgb_R_t_06,"[0, 1, 3]",20260917,lightgbm,False,4,21942,0,0.0,0,2.688821387764051e-17,True
split20260917/S013/lgb_P_t_24,"[0, 1, 3]",20260917,lightgbm,True,1,19080,11520,0.0,0,0.0,True
split20260917/S013/lgb_N_t_24,"[0, 1, 3]",20260917,lightgbm,True,1,19080,11520,0.0,0,0.0,True
split20260917/S013/lgb_D_t_24,"[0, 1, 3]",20260917,lightgbm,True,1,19080,11520,0.0,0,0.0,True
split20260917/S013/lgb_R_t_24,"[0, 1, 3]",20260917,lightgbm,True,1,19080,11520,0.0,0,0.0,True
split20260917/S013/lgb_P_t_48,"[0, 1, 3]",20260917,lightgbm,True,1,15264,9216,0.0,0,0.0,True
split20260917/S013/lgb_N_t_48,"[0, 1, 3]",20260917,lightgbm,True,1,15264,9216,0.0,0,0.0,True
split20260917/S013/lgb_D_t_48,"[0, 1, 3]",20260917,lightgbm,True,1,15264,9216,0.0,0,0.0,True
split20260917/S013/lgb_R_t_48,"[0, 1, 3]",20260917,lightgbm,True,1,15264,9216,0.0,0,0.0,True
split20260917/S013/lgb_osi_24,"[0, 1, 3]",20260917,lightgbm,False,4,19080,0,0.0,0,1.5265566588595902e-16,True
split20260917/S013/lgb_osi_48,"[0, 1, 3]",20260917,lightgbm,False,4,15264,0,0.0,0,1.3010426069826053e-17,True
split20260917/S013/P01_a,"[0, 1, 3]",20260917,lightgbm,False,4,22737,0,0.0,0,0.0,True
split20260917/S013/P01_b,"[0, 1, 3]",20260917,lightgbm,False,4,22737,0,0.0,0,3.469446951953614e-18,True
split20260917/S013/P06_a,"[0, 1, 3]",20260917,lightgbm,False,4,21942,0,0.0,0,0.0,True
split20260917/S013/P06_b,"[0, 1, 3]",20260917,lightgbm,False,4,21942,0,0.0,0,1.734723475976807e-18,True
split20260917/S013/P24_neighbor,"[0, 1, 3]",20260917,lightgbm,False,4,19080,0,0.0,0,5.898059818321144e-17,True
split20260917/S013/D01_unknown,"[0, 1, 3]",20260917,lightgbm,False,4,22737,0,0.0,0,1.0408340855860843e-17,True
split20260917/S013/xgboost_osi_24,"[0, 1, 3]",20260917,xgboost,False,4,19080,0,0.0,0,0.0,True
split20260917/S013/xgboost_P_t_24,"[0, 1, 3]",20260917,xgboost,False,4,19080,0,0.0,0,0.0,True
split20260917/S013/xgboost_N_t_24,"[0, 1, 3]",20260917,xgboost,False,4,19080,0,0.0,0,0.0,True
split20260917/S013/xgboost_D_t_24,"[0, 1, 3]",20260917,xgboost,False,4,19080,0,0.0,0,0.0,True
split20260917/S013/xgboost_R_t_24,"[0, 1, 3]",20260917,xgboost,False,4,19080,0,0.0,0,0.0,True
split20260917/S013/xgboost_osi_48,"[0, 1, 3]",20260917,xgboost,False,4,15264,0,0.0,0,0.0,True
split20260917/S013/xgboost_P_t_48,"[0, 1, 3]",20260917,xgboost,False,4,15264,0,0.0,0,0.0,True
split20260917/S013/xgboost_N_t_48,"[0, 1, 3]",20260917,xgboost,False,4,15264,0,0.0,0,0.0,True
split20260917/S013/xgboost_D_t_48,"[0, 1, 3]",20260917,xgboost,False,4,15264,0,0.0,0,0.0,True
split20260917/S013/xgboost_R_t_48,"[0, 1, 3]",20260917,xgboost,False,4,15264,0,0.0,0,0.0,True
split20260917/S013/catboost_osi_24,"[0, 1, 3]",20260917,catboost,False,4,19080,0,0.0,0,0.0,True
split20260917/S013/catboost_P_t_24,"[0, 1, 3]",20260917,catboost,False,4,19080,0,0.0,0,0.0,True
split20260917/S013/catboost_N_t_24,"[0, 1, 3]",20260917,catboost,False,4,19080,0,0.0,0,0.0,True
split20260917/S013/catboost_D_t_24,"[0, 1, 3]",20260917,catboost,False,4,19080,0,0.0,0,0.0,True
split20260917/S013/catboost_R_t_24,"[0, 1, 3]",20260917,catboost,False,4,19080,0,0.0,0,0.0,True
split20260917/S013/catboost_osi_48,"[0, 1, 3]",20260917,catboost,False,4,15264,0,0.0,0,0.0,True
split20260917/S013/catboost_P_t_48,"[0, 1, 3]",20260917,catboost,False,4,15264,0,0.0,0,0.0,True
split20260917/S013/catboost_N_t_48,"[0, 1, 3]",20260917,catboost,False,4,15264,0,0.0,0,0.0,True
split20260917/S013/catboost_D_t_48,"[0, 1, 3]",20260917,catboost,False,4,15264,0,0.0,0,0.0,True
split20260917/S013/catboost_R_t_48,"[0, 1, 3]",20260917,catboost,False,4,15264,0,0.0,0,0.0,True
split20260917/S014/lgb_N_t_01,"[0, 1, 4]",20260917,lightgbm,False,4,22594,0,0.0,0,7.806255641895632e-18,True
split20260917/S014/lgb_D_t_01,"[0, 1, 4]",20260917,lightgbm,False,4,22594,0,0.0,0,3.469446951953614e-17,True
split20260917/S014/lgb_R_t_01,"[0, 1, 4]",20260917,lightgbm,False,4,22594,0,0.0,0,3.903127820947816e-18,True
split20260917/S014/lgb_N_t_06,"[0, 1, 4]",20260917,lightgbm,False,4,21804,0,0.0,0,3.903127820947816e-18,True
split20260917/S014/lgb_D_t_06,"[0, 1, 4]",20260917,lightgbm,False,4,21804,0,0.0,0,3.9898639947466563e-17,True
split20260917/S014/lgb_R_t_06,"[0, 1, 4]",20260917,lightgbm,False,4,21804,0,0.0,0,5.204170427930421e-18,True
split20260917/S014/lgb_P_t_24,"[0, 1, 4]",20260917,lightgbm,True,1,18960,11400,0.0,0,0.0,True
split20260917/S014/lgb_N_t_24,"[0, 1, 4]",20260917,lightgbm,True,1,18960,11400,0.0,0,0.0,True
split20260917/S014/lgb_D_t_24,"[0, 1, 4]",20260917,lightgbm,True,1,18960,11400,0.0,0,0.0,True
split20260917/S014/lgb_R_t_24,"[0, 1, 4]",20260917,lightgbm,True,1,18960,11400,0.0,0,0.0,True
split20260917/S014/lgb_P_t_48,"[0, 1, 4]",20260917,lightgbm,True,1,15168,9120,0.0,0,0.0,True
split20260917/S014/lgb_N_t_48,"[0, 1, 4]",20260917,lightgbm,True,1,15168,9120,0.0,0,0.0,True
split20260917/S014/lgb_D_t_48,"[0, 1, 4]",20260917,lightgbm,True,1,15168,9120,0.0,0,0.0,True
split20260917/S014/lgb_R_t_48,"[0, 1, 4]",20260917,lightgbm,True,1,15168,9120,0.0,0,0.0,True
split20260917/S014/lgb_osi_24,"[0, 1, 4]",20260917,lightgbm,False,4,18960,0,0.0,0,1.214306433183765e-17,True
split20260917/S014/lgb_osi_48,"[0, 1, 4]",20260917,lightgbm,False,4,15168,0,0.0,0,9.540979117872439e-18,True
split20260917/S014/P01_a,"[0, 1, 4]",20260917,lightgbm,False,4,22594,0,0.0,0,0.0,True
split20260917/S014/P01_b,"[0, 1, 4]",20260917,lightgbm,False,4,22594,0,0.0,0,1.734723475976807e-18,True
split20260917/S014/P06_a,"[0, 1, 4]",20260917,lightgbm,False,4,21804,0,0.0,0,1.734723475976807e-18,True
split20260917/S014/P06_b,"[0, 1, 4]",20260917,lightgbm,False,4,21804,0,0.0,0,0.0,True
split20260917/S014/P24_neighbor,"[0, 1, 4]",20260917,lightgbm,False,4,18960,0,0.0,0,2.2551405187698492e-17,True
split20260917/S014/D01_unknown,"[0, 1, 4]",20260917,lightgbm,False,4,22594,0,0.0,0,3.9898639947466563e-17,True
split20260917/S014/xgboost_osi_24,"[0, 1, 4]",20260917,xgboost,False,4,18960,0,0.0,0,0.0,True
split20260917/S014/xgboost_P_t_24,"[0, 1, 4]",20260917,xgboost,False,4,18960,0,0.0,0,0.0,True
split20260917/S014/xgboost_N_t_24,"[0, 1, 4]",20260917,xgboost,False,4,18960,0,0.0,0,0.0,True
split20260917/S014/xgboost_D_t_24,"[0, 1, 4]",20260917,xgboost,False,4,18960,0,0.0,0,0.0,True
split20260917/S014/xgboost_R_t_24,"[0, 1, 4]",20260917,xgboost,False,4,18960,0,0.0,0,0.0,True
split20260917/S014/xgboost_osi_48,"[0, 1, 4]",20260917,xgboost,False,4,15168,0,0.0,0,0.0,True
split20260917/S014/xgboost_P_t_48,"[0, 1, 4]",20260917,xgboost,False,4,15168,0,0.0,0,0.0,True
split20260917/S014/xgboost_N_t_48,"[0, 1, 4]",20260917,xgboost,False,4,15168,0,0.0,0,0.0,True
split20260917/S014/xgboost_D_t_48,"[0, 1, 4]",20260917,xgboost,False,4,15168,0,0.0,0,0.0,True
split20260917/S014/xgboost_R_t_48,"[0, 1, 4]",20260917,xgboost,False,4,15168,0,0.0,0,0.0,True
split20260917/S014/catboost_osi_24,"[0, 1, 4]",20260917,catboost,False,4,18960,0,0.0,0,0.0,True
split20260917/S014/catboost_P_t_24,"[0, 1, 4]",20260917,catboost,False,4,18960,0,0.0,0,0.0,True
split20260917/S014/catboost_N_t_24,"[0, 1, 4]",20260917,catboost,False,4,18960,0,0.0,0,0.0,True
split20260917/S014/catboost_D_t_24,"[0, 1, 4]",20260917,catboost,False,4,18960,0,0.0,0,0.0,True
split20260917/S014/catboost_R_t_24,"[0, 1, 4]",20260917,catboost,False,4,18960,0,0.0,0,0.0,True
split20260917/S014/catboost_osi_48,"[0, 1, 4]",20260917,catboost,False,4,15168,0,0.0,0,0.0,True
split20260917/S014/catboost_P_t_48,"[0, 1, 4]",20260917,catboost,False,4,15168,0,0.0,0,0.0,True
split20260917/S014/catboost_N_t_48,"[0, 1, 4]",20260917,catboost,False,4,15168,0,0.0,0,0.0,True
split20260917/S014/catboost_D_t_48,"[0, 1, 4]",20260917,catboost,False,4,15168,0,0.0,0,0.0,True
split20260917/S014/catboost_R_t_48,"[0, 1, 4]",20260917,catboost,False,4,15168,0,0.0,0,0.0,True
split20260917/S023/lgb_N_t_01,"[0, 2, 3]",20260917,lightgbm,False,4,22737,0,0.0,0,8.326672684688674e-17,True
split20260917/S023/lgb_D_t_01,"[0, 2, 3]",20260917,lightgbm,False,4,22737,0,0.0,0,6.418476861114186e-17,True
split20260917/S023/lgb_R_t_01,"[0, 2, 3]",20260917,lightgbm,False,4,22737,0,0.0,0,1.474514954580286e-17,True
split20260917/S023/lgb_N_t_06,"[0, 2, 3]",20260917,lightgbm,False,4,21942,0,0.0,0,8.673617379884035e-18,True
split20260917/S023/lgb_D_t_06,"[0, 2, 3]",20260917,lightgbm,False,4,21942,0,0.0,0,4.85722573273506e-17,True
split20260917/S023/lgb_R_t_06,"[0, 2, 3]",20260917,lightgbm,False,4,21942,0,0.0,0,8.326672684688674e-17,True
split20260917/S023/lgb_P_t_24,"[0, 2, 3]",20260917,lightgbm,True,1,19080,11520,0.0,0,0.0,True
split20260917/S023/lgb_N_t_24,"[0, 2, 3]",20260917,lightgbm,True,1,19080,11520,0.0,0,0.0,True
split20260917/S023/lgb_D_t_24,"[0, 2, 3]",20260917,lightgbm,True,1,19080,11520,0.0,0,0.0,True
split20260917/S023/lgb_R_t_24,"[0, 2, 3]",20260917,lightgbm,True,1,19080,11520,0.0,0,0.0,True
split20260917/S023/lgb_P_t_48,"[0, 2, 3]",20260917,lightgbm,True,1,15264,9216,0.0,0,0.0,True
split20260917/S023/lgb_N_t_48,"[0, 2, 3]",20260917,lightgbm,True,1,15264,9216,0.0,0,0.0,True
split20260917/S023/lgb_D_t_48,"[0, 2, 3]",20260917,lightgbm,True,1,15264,9216,0.0,0,0.0,True
split20260917/S023/lgb_R_t_48,"[0, 2, 3]",20260917,lightgbm,True,1,15264,9216,0.0,0,0.0,True
split20260917/S023/lgb_osi_24,"[0, 2, 3]",20260917,lightgbm,False,4,19080,0,0.0,0,8.673617379884035e-18,True
split20260917/S023/lgb_osi_48,"[0, 2, 3]",20260917,lightgbm,False,4,15264,0,0.0,0,8.673617379884035e-18,True
split20260917/S023/P01_a,"[0, 2, 3]",20260917,lightgbm,False,4,22737,0,0.0,0,1.734723475976807e-18,True
split20260917/S023/P01_b,"[0, 2, 3]",20260917,lightgbm,False,4,22737,0,0.0,0,3.469446951953614e-18,True
split20260917/S023/P06_a,"[0, 2, 3]",20260917,lightgbm,False,4,21942,0,0.0,0,1.734723475976807e-18,True
split20260917/S023/P06_b,"[0, 2, 3]",20260917,lightgbm,False,4,21942,0,0.0,0,1.734723475976807e-18,True
split20260917/S023/P24_neighbor,"[0, 2, 3]",20260917,lightgbm,False,4,19080,0,0.0,0,1.3877787807814457e-17,True
split20260917/S023/D01_unknown,"[0, 2, 3]",20260917,lightgbm,False,4,22737,0,0.0,0,5.898059818321144e-17,True
split20260917/S023/xgboost_osi_24,"[0, 2, 3]",20260917,xgboost,False,4,19080,0,0.0,0,0.0,True
split20260917/S023/xgboost_P_t_24,"[0, 2, 3]",20260917,xgboost,False,4,19080,0,0.0,0,0.0,True
split20260917/S023/xgboost_N_t_24,"[0, 2, 3]",20260917,xgboost,False,4,19080,0,0.0,0,0.0,True
split20260917/S023/xgboost_D_t_24,"[0, 2, 3]",20260917,xgboost,False,4,19080,0,0.0,0,0.0,True
split20260917/S023/xgboost_R_t_24,"[0, 2, 3]",20260917,xgboost,False,4,19080,0,0.0,0,0.0,True
split20260917/S023/xgboost_osi_48,"[0, 2, 3]",20260917,xgboost,False,4,15264,0,0.0,0,0.0,True
split20260917/S023/xgboost_P_t_48,"[0, 2, 3]",20260917,xgboost,False,4,15264,0,0.0,0,0.0,True
split20260917/S023/xgboost_N_t_48,"[0, 2, 3]",20260917,xgboost,False,4,15264,0,0.0,0,0.0,True
split20260917/S023/xgboost_D_t_48,"[0, 2, 3]",20260917,xgboost,False,4,15264,0,0.0,0,0.0,True
split20260917/S023/xgboost_R_t_48,"[0, 2, 3]",20260917,xgboost,False,4,15264,0,0.0,0,0.0,True
split20260917/S023/catboost_osi_24,"[0, 2, 3]",20260917,catboost,False,4,19080,0,0.0,0,0.0,True
split20260917/S023/catboost_P_t_24,"[0, 2, 3]",20260917,catboost,False,4,19080,0,0.0,0,0.0,True
split20260917/S023/catboost_N_t_24,"[0, 2, 3]",20260917,catboost,False,4,19080,0,0.0,0,0.0,True
split20260917/S023/catboost_D_t_24,"[0, 2, 3]",20260917,catboost,False,4,19080,0,0.0,0,0.0,True
split20260917/S023/catboost_R_t_24,"[0, 2, 3]",20260917,catboost,False,4,19080,0,0.0,0,0.0,True
split20260917/S023/catboost_osi_48,"[0, 2, 3]",20260917,catboost,False,4,15264,0,0.0,0,0.0,True
split20260917/S023/catboost_P_t_48,"[0, 2, 3]",20260917,catboost,False,4,15264,0,0.0,0,0.0,True
split20260917/S023/catboost_N_t_48,"[0, 2, 3]",20260917,catboost,False,4,15264,0,0.0,0,0.0,True
split20260917/S023/catboost_D_t_48,"[0, 2, 3]",20260917,catboost,False,4,15264,0,0.0,0,0.0,True
split20260917/S023/catboost_R_t_48,"[0, 2, 3]",20260917,catboost,False,4,15264,0,0.0,0,0.0,True
split20260917/S024/lgb_N_t_01,"[0, 2, 4]",20260917,lightgbm,False,4,22594,0,0.0,0,6.071532165918825e-18,True
split20260917/S024/lgb_D_t_01,"[0, 2, 4]",20260917,lightgbm,False,4,22594,0,0.0,0,1.734723475976807e-17,True
split20260917/S024/lgb_R_t_01,"[0, 2, 4]",20260917,lightgbm,False,4,22594,0,0.0,0,3.469446951953614e-18,True
split20260917/S024/lgb_N_t_06,"[0, 2, 4]",20260917,lightgbm,False,4,21804,0,0.0,0,5.204170427930421e-18,True
split20260917/S024/lgb_D_t_06,"[0, 2, 4]",20260917,lightgbm,False,4,21804,0,0.0,0,3.8163916471489756e-17,True
split20260917/S024/lgb_R_t_06,"[0, 2, 4]",20260917,lightgbm,False,4,21804,0,0.0,0,5.204170427930421e-18,True
split20260917/S024/lgb_P_t_24,"[0, 2, 4]",20260917,lightgbm,True,1,18960,11400,0.0,0,0.0,True
split20260917/S024/lgb_N_t_24,"[0, 2, 4]",20260917,lightgbm,True,1,18960,11400,0.0,0,0.0,True
split20260917/S024/lgb_D_t_24,"[0, 2, 4]",20260917,lightgbm,True,1,18960,11400,0.0,0,0.0,True
split20260917/S024/lgb_R_t_24,"[0, 2, 4]",20260917,lightgbm,True,1,18960,11400,0.0,0,0.0,True
split20260917/S024/lgb_P_t_48,"[0, 2, 4]",20260917,lightgbm,True,1,15168,9120,0.0,0,0.0,True
split20260917/S024/lgb_N_t_48,"[0, 2, 4]",20260917,lightgbm,True,1,15168,9120,0.0,0,0.0,True
split20260917/S024/lgb_D_t_48,"[0, 2, 4]",20260917,lightgbm,True,1,15168,9120,0.0,0,0.0,True
split20260917/S024/lgb_R_t_48,"[0, 2, 4]",20260917,lightgbm,True,1,15168,9120,0.0,0,0.0,True
split20260917/S024/lgb_osi_24,"[0, 2, 4]",20260917,lightgbm,False,4,18960,0,0.0,0,7.806255641895632e-18,True
split20260917/S024/lgb_osi_48,"[0, 2, 4]",20260917,lightgbm,False,4,15168,0,0.0,0,1.9081958235744878e-17,True
split20260917/S024/P01_a,"[0, 2, 4]",20260917,lightgbm,False,4,22594,0,0.0,0,0.0,True
split20260917/S024/P01_b,"[0, 2, 4]",20260917,lightgbm,False,4,22594,0,0.0,0,3.469446951953614e-18,True
split20260917/S024/P06_a,"[0, 2, 4]",20260917,lightgbm,False,4,21804,0,0.0,0,1.734723475976807e-18,True
split20260917/S024/P06_b,"[0, 2, 4]",20260917,lightgbm,False,4,21804,0,0.0,0,0.0,True
split20260917/S024/P24_neighbor,"[0, 2, 4]",20260917,lightgbm,False,4,18960,0,0.0,0,7.632783294297951e-17,True
split20260917/S024/D01_unknown,"[0, 2, 4]",20260917,lightgbm,False,4,22594,0,0.0,0,2.42861286636753e-17,True
split20260917/S024/xgboost_osi_24,"[0, 2, 4]",20260917,xgboost,False,4,18960,0,0.0,0,0.0,True
split20260917/S024/xgboost_P_t_24,"[0, 2, 4]",20260917,xgboost,False,4,18960,0,0.0,0,0.0,True
split20260917/S024/xgboost_N_t_24,"[0, 2, 4]",20260917,xgboost,False,4,18960,0,0.0,0,0.0,True
split20260917/S024/xgboost_D_t_24,"[0, 2, 4]",20260917,xgboost,False,4,18960,0,0.0,0,0.0,True
split20260917/S024/xgboost_R_t_24,"[0, 2, 4]",20260917,xgboost,False,4,18960,0,0.0,0,0.0,True
split20260917/S024/xgboost_osi_48,"[0, 2, 4]",20260917,xgboost,False,4,15168,0,0.0,0,0.0,True
split20260917/S024/xgboost_P_t_48,"[0, 2, 4]",20260917,xgboost,False,4,15168,0,0.0,0,0.0,True
split20260917/S024/xgboost_N_t_48,"[0, 2, 4]",20260917,xgboost,False,4,15168,0,0.0,0,0.0,True
split20260917/S024/xgboost_D_t_48,"[0, 2, 4]",20260917,xgboost,False,4,15168,0,0.0,0,0.0,True
split20260917/S024/xgboost_R_t_48,"[0, 2, 4]",20260917,xgboost,False,4,15168,0,0.0,0,0.0,True
split20260917/S024/catboost_osi_24,"[0, 2, 4]",20260917,catboost,False,4,18960,0,0.0,0,0.0,True
split20260917/S024/catboost_P_t_24,"[0, 2, 4]",20260917,catboost,False,4,18960,0,0.0,0,0.0,True
split20260917/S024/catboost_N_t_24,"[0, 2, 4]",20260917,catboost,False,4,18960,0,0.0,0,0.0,True
split20260917/S024/catboost_D_t_24,"[0, 2, 4]",20260917,catboost,False,4,18960,0,0.0,0,0.0,True
split20260917/S024/catboost_R_t_24,"[0, 2, 4]",20260917,catboost,False,4,18960,0,0.0,0,0.0,True
split20260917/S024/catboost_osi_48,"[0, 2, 4]",20260917,catboost,False,4,15168,0,0.0,0,0.0,True
split20260917/S024/catboost_P_t_48,"[0, 2, 4]",20260917,catboost,False,4,15168,0,0.0,0,0.0,True
split20260917/S024/catboost_N_t_48,"[0, 2, 4]",20260917,catboost,False,4,15168,0,0.0,0,0.0,True
split20260917/S024/catboost_D_t_48,"[0, 2, 4]",20260917,catboost,False,4,15168,0,0.0,0,0.0,True
split20260917/S024/catboost_R_t_48,"[0, 2, 4]",20260917,catboost,False,4,15168,0,0.0,0,0.0,True
split20260917/S034/lgb_N_t_01,"[0, 3, 4]",20260917,lightgbm,False,4,22737,0,0.0,0,2.168404344971009e-17,True
split20260917/S034/lgb_D_t_01,"[0, 3, 4]",20260917,lightgbm,False,4,22737,0,0.0,0,1.3877787807814457e-17,True
split20260917/S034/lgb_R_t_01,"[0, 3, 4]",20260917,lightgbm,False,4,22737,0,0.0,0,5.204170427930421e-18,True
split20260917/S034/lgb_N_t_06,"[0, 3, 4]",20260917,lightgbm,False,4,21942,0,0.0,0,4.336808689942018e-18,True
split20260917/S034/lgb_D_t_06,"[0, 3, 4]",20260917,lightgbm,False,4,21942,0,0.0,0,6.938893903907228e-18,True
split20260917/S034/lgb_R_t_06,"[0, 3, 4]",20260917,lightgbm,False,4,21942,0,0.0,0,5.204170427930421e-18,True
split20260917/S034/lgb_P_t_24,"[0, 3, 4]",20260917,lightgbm,True,1,19080,11520,0.0,0,0.0,True
split20260917/S034/lgb_N_t_24,"[0, 3, 4]",20260917,lightgbm,True,1,19080,11520,0.0,0,0.0,True
split20260917/S034/lgb_D_t_24,"[0, 3, 4]",20260917,lightgbm,True,1,19080,11520,0.0,0,0.0,True
split20260917/S034/lgb_R_t_24,"[0, 3, 4]",20260917,lightgbm,True,1,19080,11520,0.0,0,0.0,True
split20260917/S034/lgb_P_t_48,"[0, 3, 4]",20260917,lightgbm,True,1,15264,9216,0.0,0,0.0,True
split20260917/S034/lgb_N_t_48,"[0, 3, 4]",20260917,lightgbm,True,1,15264,9216,0.0,0,0.0,True
split20260917/S034/lgb_D_t_48,"[0, 3, 4]",20260917,lightgbm,True,1,15264,9216,0.0,0,0.0,True
split20260917/S034/lgb_R_t_48,"[0, 3, 4]",20260917,lightgbm,True,1,15264,9216,0.0,0,0.0,True
split20260917/S034/lgb_osi_24,"[0, 3, 4]",20260917,lightgbm,False,4,19080,0,0.0,0,1.214306433183765e-17,True
split20260917/S034/lgb_osi_48,"[0, 3, 4]",20260917,lightgbm,False,4,15264,0,0.0,0,2.0816681711721685e-17,True
split20260917/S034/P01_a,"[0, 3, 4]",20260917,lightgbm,False,4,22737,0,0.0,0,1.734723475976807e-18,True
split20260917/S034/P01_b,"[0, 3, 4]",20260917,lightgbm,False,4,22737,0,0.0,0,0.0,True
split20260917/S034/P06_a,"[0, 3, 4]",20260917,lightgbm,False,4,21942,0,0.0,0,1.734723475976807e-18,True
split20260917/S034/P06_b,"[0, 3, 4]",20260917,lightgbm,False,4,21942,0,0.0,0,3.469446951953614e-18,True
split20260917/S034/P24_neighbor,"[0, 3, 4]",20260917,lightgbm,False,4,19080,0,0.0,0,3.122502256758253e-17,True
split20260917/S034/D01_unknown,"[0, 3, 4]",20260917,lightgbm,False,4,22737,0,0.0,0,3.122502256758253e-17,True
split20260917/S034/xgboost_osi_24,"[0, 3, 4]",20260917,xgboost,False,4,19080,0,0.0,0,0.0,True
split20260917/S034/xgboost_P_t_24,"[0, 3, 4]",20260917,xgboost,False,4,19080,0,0.0,0,0.0,True
split20260917/S034/xgboost_N_t_24,"[0, 3, 4]",20260917,xgboost,False,4,19080,0,0.0,0,0.0,True
split20260917/S034/xgboost_D_t_24,"[0, 3, 4]",20260917,xgboost,False,4,19080,0,0.0,0,0.0,True
split20260917/S034/xgboost_R_t_24,"[0, 3, 4]",20260917,xgboost,False,4,19080,0,0.0,0,0.0,True
split20260917/S034/xgboost_osi_48,"[0, 3, 4]",20260917,xgboost,False,4,15264,0,0.0,0,0.0,True
split20260917/S034/xgboost_P_t_48,"[0, 3, 4]",20260917,xgboost,False,4,15264,0,0.0,0,0.0,True
split20260917/S034/xgboost_N_t_48,"[0, 3, 4]",20260917,xgboost,False,4,15264,0,0.0,0,0.0,True
split20260917/S034/xgboost_D_t_48,"[0, 3, 4]",20260917,xgboost,False,4,15264,0,0.0,0,0.0,True
split20260917/S034/xgboost_R_t_48,"[0, 3, 4]",20260917,xgboost,False,4,15264,0,0.0,0,0.0,True
split20260917/S034/catboost_osi_24,"[0, 3, 4]",20260917,catboost,False,4,19080,0,0.0,0,0.0,True
split20260917/S034/catboost_P_t_24,"[0, 3, 4]",20260917,catboost,False,4,19080,0,0.0,0,0.0,True
split20260917/S034/catboost_N_t_24,"[0, 3, 4]",20260917,catboost,False,4,19080,0,0.0,0,0.0,True
split20260917/S034/catboost_D_t_24,"[0, 3, 4]",20260917,catboost,False,4,19080,0,0.0,0,0.0,True
split20260917/S034/catboost_R_t_24,"[0, 3, 4]",20260917,catboost,False,4,19080,0,0.0,0,0.0,True
split20260917/S034/catboost_osi_48,"[0, 3, 4]",20260917,catboost,False,4,15264,0,0.0,0,0.0,True
split20260917/S034/catboost_P_t_48,"[0, 3, 4]",20260917,catboost,False,4,15264,0,0.0,0,0.0,True
split20260917/S034/catboost_N_t_48,"[0, 3, 4]",20260917,catboost,False,4,15264,0,0.0,0,0.0,True
split20260917/S034/catboost_D_t_48,"[0, 3, 4]",20260917,catboost,False,4,15264,0,0.0,0,0.0,True
split20260917/S034/catboost_R_t_48,"[0, 3, 4]",20260917,catboost,False,4,15264,0,0.0,0,0.0,True
split20260917/S123/lgb_N_t_01,"[1, 2, 3]",20260917,lightgbm,False,4,22737,0,0.0,0,1.7780915628762273e-17,True
split20260917/S123/lgb_D_t_01,"[1, 2, 3]",20260917,lightgbm,False,4,22737,0,0.0,0,8.673617379884035e-17,True
split20260917/S123/lgb_R_t_01,"[1, 2, 3]",20260917,lightgbm,False,4,22737,0,0.0,0,9.974659986866641e-18,True
split20260917/S123/lgb_N_t_06,"[1, 2, 3]",20260917,lightgbm,False,4,21942,0,0.0,0,4.336808689942018e-18,True
split20260917/S123/lgb_D_t_06,"[1, 2, 3]",20260917,lightgbm,False,4,21942,0,0.0,0,1.6653345369377348e-16,True
split20260917/S123/lgb_R_t_06,"[1, 2, 3]",20260917,lightgbm,False,4,21942,0,0.0,0,3.8163916471489756e-17,True
split20260917/S123/lgb_P_t_24,"[1, 2, 3]",20260917,lightgbm,True,1,19080,11520,0.0,0,0.0,True
split20260917/S123/lgb_N_t_24,"[1, 2, 3]",20260917,lightgbm,True,1,19080,11520,0.0,0,0.0,True
split20260917/S123/lgb_D_t_24,"[1, 2, 3]",20260917,lightgbm,True,1,19080,11520,0.0,0,0.0,True
split20260917/S123/lgb_R_t_24,"[1, 2, 3]",20260917,lightgbm,True,1,19080,11520,0.0,0,0.0,True
split20260917/S123/lgb_P_t_48,"[1, 2, 3]",20260917,lightgbm,True,1,15264,9216,0.0,0,0.0,True
split20260917/S123/lgb_N_t_48,"[1, 2, 3]",20260917,lightgbm,True,1,15264,9216,0.0,0,0.0,True
split20260917/S123/lgb_D_t_48,"[1, 2, 3]",20260917,lightgbm,True,1,15264,9216,0.0,0,0.0,True
split20260917/S123/lgb_R_t_48,"[1, 2, 3]",20260917,lightgbm,True,1,15264,9216,0.0,0,0.0,True
split20260917/S123/lgb_osi_24,"[1, 2, 3]",20260917,lightgbm,False,4,19080,0,0.0,0,6.938893903907228e-18,True
split20260917/S123/lgb_osi_48,"[1, 2, 3]",20260917,lightgbm,False,4,15264,0,0.0,0,2.3418766925686896e-17,True
split20260917/S123/P01_a,"[1, 2, 3]",20260917,lightgbm,False,4,22737,0,0.0,0,0.0,True
split20260917/S123/P01_b,"[1, 2, 3]",20260917,lightgbm,False,4,22737,0,0.0,0,1.734723475976807e-18,True
split20260917/S123/P06_a,"[1, 2, 3]",20260917,lightgbm,False,4,21942,0,0.0,0,0.0,True
split20260917/S123/P06_b,"[1, 2, 3]",20260917,lightgbm,False,4,21942,0,0.0,0,0.0,True
split20260917/S123/P24_neighbor,"[1, 2, 3]",20260917,lightgbm,False,4,19080,0,0.0,0,2.42861286636753e-17,True
split20260917/S123/D01_unknown,"[1, 2, 3]",20260917,lightgbm,False,4,22737,0,0.0,0,1.3530843112619095e-16,True
split20260917/S123/xgboost_osi_24,"[1, 2, 3]",20260917,xgboost,False,4,19080,0,0.0,0,0.0,True
split20260917/S123/xgboost_P_t_24,"[1, 2, 3]",20260917,xgboost,False,4,19080,0,0.0,0,0.0,True
split20260917/S123/xgboost_N_t_24,"[1, 2, 3]",20260917,xgboost,False,4,19080,0,0.0,0,0.0,True
split20260917/S123/xgboost_D_t_24,"[1, 2, 3]",20260917,xgboost,False,4,19080,0,0.0,0,0.0,True
split20260917/S123/xgboost_R_t_24,"[1, 2, 3]",20260917,xgboost,False,4,19080,0,0.0,0,0.0,True
split20260917/S123/xgboost_osi_48,"[1, 2, 3]",20260917,xgboost,False,4,15264,0,0.0,0,0.0,True
split20260917/S123/xgboost_P_t_48,"[1, 2, 3]",20260917,xgboost,False,4,15264,0,0.0,0,0.0,True
split20260917/S123/xgboost_N_t_48,"[1, 2, 3]",20260917,xgboost,False,4,15264,0,0.0,0,0.0,True
split20260917/S123/xgboost_D_t_48,"[1, 2, 3]",20260917,xgboost,False,4,15264,0,0.0,0,0.0,True
split20260917/S123/xgboost_R_t_48,"[1, 2, 3]",20260917,xgboost,False,4,15264,0,0.0,0,0.0,True
split20260917/S123/catboost_osi_24,"[1, 2, 3]",20260917,catboost,False,4,19080,0,0.0,0,0.0,True
split20260917/S123/catboost_P_t_24,"[1, 2, 3]",20260917,catboost,False,4,19080,0,0.0,0,0.0,True
split20260917/S123/catboost_N_t_24,"[1, 2, 3]",20260917,catboost,False,4,19080,0,0.0,0,0.0,True
split20260917/S123/catboost_D_t_24,"[1, 2, 3]",20260917,catboost,False,4,19080,0,0.0,0,0.0,True
split20260917/S123/catboost_R_t_24,"[1, 2, 3]",20260917,catboost,False,4,19080,0,0.0,0,0.0,True
split20260917/S123/catboost_osi_48,"[1, 2, 3]",20260917,catboost,False,4,15264,0,0.0,0,0.0,True
split20260917/S123/catboost_P_t_48,"[1, 2, 3]",20260917,catboost,False,4,15264,0,0.0,0,0.0,True
split20260917/S123/catboost_N_t_48,"[1, 2, 3]",20260917,catboost,False,4,15264,0,0.0,0,0.0,True
split20260917/S123/catboost_D_t_48,"[1, 2, 3]",20260917,catboost,False,4,15264,0,0.0,0,0.0,True
split20260917/S123/catboost_R_t_48,"[1, 2, 3]",20260917,catboost,False,4,15264,0,0.0,0,0.0,True
split20260917/S124/lgb_N_t_01,"[1, 2, 4]",20260917,lightgbm,False,4,22594,0,0.0,0,1.6479873021779667e-17,True
split20260917/S124/lgb_D_t_01,"[1, 2, 4]",20260917,lightgbm,False,4,22594,0,0.0,0,2.949029909160572e-17,True
split20260917/S124/lgb_R_t_01,"[1, 2, 4]",20260917,lightgbm,False,4,22594,0,0.0,0,7.806255641895632e-18,True
split20260917/S124/lgb_N_t_06,"[1, 2, 4]",20260917,lightgbm,False,4,21804,0,0.0,0,1.1709383462843448e-17,True
split20260917/S124/lgb_D_t_06,"[1, 2, 4]",20260917,lightgbm,False,4,21804,0,0.0,0,6.765421556309548e-17,True
split20260917/S124/lgb_R_t_06,"[1, 2, 4]",20260917,lightgbm,False,4,21804,0,0.0,0,1.3010426069826053e-17,True
split20260917/S124/lgb_P_t_24,"[1, 2, 4]",20260917,lightgbm,True,1,18960,11400,0.0,0,0.0,True
split20260917/S124/lgb_N_t_24,"[1, 2, 4]",20260917,lightgbm,True,1,18960,11400,0.0,0,0.0,True
split20260917/S124/lgb_D_t_24,"[1, 2, 4]",20260917,lightgbm,True,1,18960,11400,0.0,0,0.0,True
split20260917/S124/lgb_R_t_24,"[1, 2, 4]",20260917,lightgbm,True,1,18960,11400,0.0,0,0.0,True
split20260917/S124/lgb_P_t_48,"[1, 2, 4]",20260917,lightgbm,True,1,15168,9120,0.0,0,0.0,True
split20260917/S124/lgb_N_t_48,"[1, 2, 4]",20260917,lightgbm,True,1,15168,9120,0.0,0,0.0,True
split20260917/S124/lgb_D_t_48,"[1, 2, 4]",20260917,lightgbm,True,1,15168,9120,0.0,0,0.0,True
split20260917/S124/lgb_R_t_48,"[1, 2, 4]",20260917,lightgbm,True,1,15168,9120,0.0,0,0.0,True
split20260917/S124/lgb_osi_24,"[1, 2, 4]",20260917,lightgbm,False,4,18960,0,0.0,0,2.42861286636753e-17,True
split20260917/S124/lgb_osi_48,"[1, 2, 4]",20260917,lightgbm,False,4,15168,0,0.0,0,9.540979117872439e-18,True
split20260917/S124/P01_a,"[1, 2, 4]",20260917,lightgbm,False,4,22594,0,0.0,0,1.734723475976807e-18,True
split20260917/S124/P01_b,"[1, 2, 4]",20260917,lightgbm,False,4,22594,0,0.0,0,8.673617379884035e-19,True
split20260917/S124/P06_a,"[1, 2, 4]",20260917,lightgbm,False,4,21804,0,0.0,0,0.0,True
split20260917/S124/P06_b,"[1, 2, 4]",20260917,lightgbm,False,4,21804,0,0.0,0,3.469446951953614e-18,True
split20260917/S124/P24_neighbor,"[1, 2, 4]",20260917,lightgbm,False,4,18960,0,0.0,0,2.0816681711721685e-17,True
split20260917/S124/D01_unknown,"[1, 2, 4]",20260917,lightgbm,False,4,22594,0,0.0,0,1.3877787807814457e-17,True
split20260917/S124/xgboost_osi_24,"[1, 2, 4]",20260917,xgboost,False,4,18960,0,0.0,0,0.0,True
split20260917/S124/xgboost_P_t_24,"[1, 2, 4]",20260917,xgboost,False,4,18960,0,0.0,0,0.0,True
split20260917/S124/xgboost_N_t_24,"[1, 2, 4]",20260917,xgboost,False,4,18960,0,0.0,0,0.0,True
split20260917/S124/xgboost_D_t_24,"[1, 2, 4]",20260917,xgboost,False,4,18960,0,0.0,0,0.0,True
split20260917/S124/xgboost_R_t_24,"[1, 2, 4]",20260917,xgboost,False,4,18960,0,0.0,0,0.0,True
split20260917/S124/xgboost_osi_48,"[1, 2, 4]",20260917,xgboost,False,4,15168,0,0.0,0,0.0,True
split20260917/S124/xgboost_P_t_48,"[1, 2, 4]",20260917,xgboost,False,4,15168,0,0.0,0,0.0,True
split20260917/S124/xgboost_N_t_48,"[1, 2, 4]",20260917,xgboost,False,4,15168,0,0.0,0,0.0,True
split20260917/S124/xgboost_D_t_48,"[1, 2, 4]",20260917,xgboost,False,4,15168,0,0.0,0,0.0,True
split20260917/S124/xgboost_R_t_48,"[1, 2, 4]",20260917,xgboost,False,4,15168,0,0.0,0,0.0,True
split20260917/S124/catboost_osi_24,"[1, 2, 4]",20260917,catboost,False,4,18960,0,0.0,0,0.0,True
split20260917/S124/catboost_P_t_24,"[1, 2, 4]",20260917,catboost,False,4,18960,0,0.0,0,0.0,True
split20260917/S124/catboost_N_t_24,"[1, 2, 4]",20260917,catboost,False,4,18960,0,0.0,0,0.0,True
split20260917/S124/catboost_D_t_24,"[1, 2, 4]",20260917,catboost,False,4,18960,0,0.0,0,0.0,True
split20260917/S124/catboost_R_t_24,"[1, 2, 4]",20260917,catboost,False,4,18960,0,0.0,0,0.0,True
split20260917/S124/catboost_osi_48,"[1, 2, 4]",20260917,catboost,False,4,15168,0,0.0,0,0.0,True
split20260917/S124/catboost_P_t_48,"[1, 2, 4]",20260917,catboost,False,4,15168,0,0.0,0,0.0,True
split20260917/S124/catboost_N_t_48,"[1, 2, 4]",20260917,catboost,False,4,15168,0,0.0,0,0.0,True
split20260917/S124/catboost_D_t_48,"[1, 2, 4]",20260917,catboost,False,4,15168,0,0.0,0,0.0,True
split20260917/S124/catboost_R_t_48,"[1, 2, 4]",20260917,catboost,False,4,15168,0,0.0,0,0.0,True
split20260917/S134/lgb_N_t_01,"[1, 3, 4]",20260917,lightgbm,False,4,22737,0,0.0,0,2.5153490401663703e-17,True
split20260917/S134/lgb_D_t_01,"[1, 3, 4]",20260917,lightgbm,False,4,22737,0,0.0,0,5.898059818321144e-17,True
split20260917/S134/lgb_R_t_01,"[1, 3, 4]",20260917,lightgbm,False,4,22737,0,0.0,0,6.938893903907228e-18,True
split20260917/S134/lgb_N_t_06,"[1, 3, 4]",20260917,lightgbm,False,4,21942,0,0.0,0,6.071532165918825e-18,True
split20260917/S134/lgb_D_t_06,"[1, 3, 4]",20260917,lightgbm,False,4,21942,0,0.0,0,2.7755575615628914e-17,True
split20260917/S134/lgb_R_t_06,"[1, 3, 4]",20260917,lightgbm,False,4,21942,0,0.0,0,1.9081958235744878e-17,True
split20260917/S134/lgb_P_t_24,"[1, 3, 4]",20260917,lightgbm,True,1,19080,11520,0.0,0,0.0,True
split20260917/S134/lgb_N_t_24,"[1, 3, 4]",20260917,lightgbm,True,1,19080,11520,0.0,0,0.0,True
split20260917/S134/lgb_D_t_24,"[1, 3, 4]",20260917,lightgbm,True,1,19080,11520,0.0,0,0.0,True
split20260917/S134/lgb_R_t_24,"[1, 3, 4]",20260917,lightgbm,True,1,19080,11520,0.0,0,0.0,True
split20260917/S134/lgb_P_t_48,"[1, 3, 4]",20260917,lightgbm,True,1,15264,9216,0.0,0,0.0,True
split20260917/S134/lgb_N_t_48,"[1, 3, 4]",20260917,lightgbm,True,1,15264,9216,0.0,0,0.0,True
split20260917/S134/lgb_D_t_48,"[1, 3, 4]",20260917,lightgbm,True,1,15264,9216,0.0,0,0.0,True
split20260917/S134/lgb_R_t_48,"[1, 3, 4]",20260917,lightgbm,True,1,15264,9216,0.0,0,0.0,True
split20260917/S134/lgb_osi_24,"[1, 3, 4]",20260917,lightgbm,False,4,19080,0,0.0,0,1.214306433183765e-17,True
split20260917/S134/lgb_osi_48,"[1, 3, 4]",20260917,lightgbm,False,4,15264,0,0.0,0,1.9081958235744878e-17,True
split20260917/S134/P01_a,"[1, 3, 4]",20260917,lightgbm,False,4,22737,0,0.0,0,0.0,True
split20260917/S134/P01_b,"[1, 3, 4]",20260917,lightgbm,False,4,22737,0,0.0,0,8.673617379884035e-19,True
split20260917/S134/P06_a,"[1, 3, 4]",20260917,lightgbm,False,4,21942,0,0.0,0,0.0,True
split20260917/S134/P06_b,"[1, 3, 4]",20260917,lightgbm,False,4,21942,0,0.0,0,0.0,True
split20260917/S134/P24_neighbor,"[1, 3, 4]",20260917,lightgbm,False,4,19080,0,0.0,0,3.122502256758253e-17,True
split20260917/S134/D01_unknown,"[1, 3, 4]",20260917,lightgbm,False,4,22737,0,0.0,0,6.938893903907228e-18,True
split20260917/S134/xgboost_osi_24,"[1, 3, 4]",20260917,xgboost,False,4,19080,0,0.0,0,0.0,True
split20260917/S134/xgboost_P_t_24,"[1, 3, 4]",20260917,xgboost,False,4,19080,0,0.0,0,0.0,True
split20260917/S134/xgboost_N_t_24,"[1, 3, 4]",20260917,xgboost,False,4,19080,0,0.0,0,0.0,True
split20260917/S134/xgboost_D_t_24,"[1, 3, 4]",20260917,xgboost,False,4,19080,0,0.0,0,0.0,True
split20260917/S134/xgboost_R_t_24,"[1, 3, 4]",20260917,xgboost,False,4,19080,0,0.0,0,0.0,True
split20260917/S134/xgboost_osi_48,"[1, 3, 4]",20260917,xgboost,False,4,15264,0,0.0,0,0.0,True
split20260917/S134/xgboost_P_t_48,"[1, 3, 4]",20260917,xgboost,False,4,15264,0,0.0,0,0.0,True
split20260917/S134/xgboost_N_t_48,"[1, 3, 4]",20260917,xgboost,False,4,15264,0,0.0,0,0.0,True
split20260917/S134/xgboost_D_t_48,"[1, 3, 4]",20260917,xgboost,False,4,15264,0,0.0,0,0.0,True
split20260917/S134/xgboost_R_t_48,"[1, 3, 4]",20260917,xgboost,False,4,15264,0,0.0,0,0.0,True
split20260917/S134/catboost_osi_24,"[1, 3, 4]",20260917,catboost,False,4,19080,0,0.0,0,0.0,True
split20260917/S134/catboost_P_t_24,"[1, 3, 4]",20260917,catboost,False,4,19080,0,0.0,0,0.0,True
split20260917/S134/catboost_N_t_24,"[1, 3, 4]",20260917,catboost,False,4,19080,0,0.0,0,0.0,True
split20260917/S134/catboost_D_t_24,"[1, 3, 4]",20260917,catboost,False,4,19080,0,0.0,0,0.0,True
split20260917/S134/catboost_R_t_24,"[1, 3, 4]",20260917,catboost,False,4,19080,0,0.0,0,0.0,True
split20260917/S134/catboost_osi_48,"[1, 3, 4]",20260917,catboost,False,4,15264,0,0.0,0,0.0,True
split20260917/S134/catboost_P_t_48,"[1, 3, 4]",20260917,catboost,False,4,15264,0,0.0,0,0.0,True
split20260917/S134/catboost_N_t_48,"[1, 3, 4]",20260917,catboost,False,4,15264,0,0.0,0,0.0,True
split20260917/S134/catboost_D_t_48,"[1, 3, 4]",20260917,catboost,False,4,15264,0,0.0,0,0.0,True
split20260917/S134/catboost_R_t_48,"[1, 3, 4]",20260917,catboost,False,4,15264,0,0.0,0,0.0,True
split20260917/S234/lgb_N_t_01,"[2, 3, 4]",20260917,lightgbm,False,4,22737,0,0.0,0,6.071532165918825e-18,True
split20260917/S234/lgb_D_t_01,"[2, 3, 4]",20260917,lightgbm,False,4,22737,0,0.0,0,2.42861286636753e-17,True
split20260917/S234/lgb_R_t_01,"[2, 3, 4]",20260917,lightgbm,False,4,22737,0,0.0,0,1.734723475976807e-18,True
split20260917/S234/lgb_N_t_06,"[2, 3, 4]",20260917,lightgbm,False,4,21942,0,0.0,0,7.806255641895632e-18,True
split20260917/S234/lgb_D_t_06,"[2, 3, 4]",20260917,lightgbm,False,4,21942,0,0.0,0,5.204170427930421e-17,True
split20260917/S234/lgb_R_t_06,"[2, 3, 4]",20260917,lightgbm,False,4,21942,0,0.0,0,6.938893903907228e-18,True
split20260917/S234/lgb_P_t_24,"[2, 3, 4]",20260917,lightgbm,True,1,19080,11520,0.0,0,0.0,True
split20260917/S234/lgb_N_t_24,"[2, 3, 4]",20260917,lightgbm,True,1,19080,11520,0.0,0,0.0,True
split20260917/S234/lgb_D_t_24,"[2, 3, 4]",20260917,lightgbm,True,1,19080,11520,0.0,0,0.0,True
split20260917/S234/lgb_R_t_24,"[2, 3, 4]",20260917,lightgbm,True,1,19080,11520,0.0,0,0.0,True
split20260917/S234/lgb_P_t_48,"[2, 3, 4]",20260917,lightgbm,True,1,15264,9216,0.0,0,0.0,True
split20260917/S234/lgb_N_t_48,"[2, 3, 4]",20260917,lightgbm,True,1,15264,9216,0.0,0,0.0,True
split20260917/S234/lgb_D_t_48,"[2, 3, 4]",20260917,lightgbm,True,1,15264,9216,0.0,0,0.0,True
split20260917/S234/lgb_R_t_48,"[2, 3, 4]",20260917,lightgbm,True,1,15264,9216,0.0,0,0.0,True
split20260917/S234/lgb_osi_24,"[2, 3, 4]",20260917,lightgbm,False,4,19080,0,0.0,0,1.1275702593849246e-17,True
split20260917/S234/lgb_osi_48,"[2, 3, 4]",20260917,lightgbm,False,4,15264,0,0.0,0,2.0816681711721685e-17,True
split20260917/S234/P01_a,"[2, 3, 4]",20260917,lightgbm,False,4,22737,0,0.0,0,1.734723475976807e-18,True
split20260917/S234/P01_b,"[2, 3, 4]",20260917,lightgbm,False,4,22737,0,0.0,0,3.469446951953614e-18,True
split20260917/S234/P06_a,"[2, 3, 4]",20260917,lightgbm,False,4,21942,0,0.0,0,0.0,True
split20260917/S234/P06_b,"[2, 3, 4]",20260917,lightgbm,False,4,21942,0,0.0,0,3.469446951953614e-18,True
split20260917/S234/P24_neighbor,"[2, 3, 4]",20260917,lightgbm,False,4,19080,0,0.0,0,1.734723475976807e-17,True
split20260917/S234/D01_unknown,"[2, 3, 4]",20260917,lightgbm,False,4,22737,0,0.0,0,6.938893903907228e-17,True
split20260917/S234/xgboost_osi_24,"[2, 3, 4]",20260917,xgboost,False,4,19080,0,0.0,0,0.0,True
split20260917/S234/xgboost_P_t_24,"[2, 3, 4]",20260917,xgboost,False,4,19080,0,0.0,0,0.0,True
split20260917/S234/xgboost_N_t_24,"[2, 3, 4]",20260917,xgboost,False,4,19080,0,0.0,0,0.0,True
split20260917/S234/xgboost_D_t_24,"[2, 3, 4]",20260917,xgboost,False,4,19080,0,0.0,0,0.0,True
split20260917/S234/xgboost_R_t_24,"[2, 3, 4]",20260917,xgboost,False,4,19080,0,0.0,0,0.0,True
split20260917/S234/xgboost_osi_48,"[2, 3, 4]",20260917,xgboost,False,4,15264,0,0.0,0,0.0,True
split20260917/S234/xgboost_P_t_48,"[2, 3, 4]",20260917,xgboost,False,4,15264,0,0.0,0,0.0,True
split20260917/S234/xgboost_N_t_48,"[2, 3, 4]",20260917,xgboost,False,4,15264,0,0.0,0,0.0,True
split20260917/S234/xgboost_D_t_48,"[2, 3, 4]",20260917,xgboost,False,4,15264,0,0.0,0,0.0,True
split20260917/S234/xgboost_R_t_48,"[2, 3, 4]",20260917,xgboost,False,4,15264,0,0.0,0,0.0,True
split20260917/S234/catboost_osi_24,"[2, 3, 4]",20260917,catboost,False,4,19080,0,0.0,0,0.0,True
split20260917/S234/catboost_P_t_24,"[2, 3, 4]",20260917,catboost,False,4,19080,0,0.0,0,0.0,True
split20260917/S234/catboost_N_t_24,"[2, 3, 4]",20260917,catboost,False,4,19080,0,0.0,0,0.0,True
split20260917/S234/catboost_D_t_24,"[2, 3, 4]",20260917,catboost,False,4,19080,0,0.0,0,0.0,True
split20260917/S234/catboost_R_t_24,"[2, 3, 4]",20260917,catboost,False,4,19080,0,0.0,0,0.0,True
split20260917/S234/catboost_osi_48,"[2, 3, 4]",20260917,catboost,False,4,15264,0,0.0,0,0.0,True
split20260917/S234/catboost_P_t_48,"[2, 3, 4]",20260917,catboost,False,4,15264,0,0.0,0,0.0,True
split20260917/S234/catboost_N_t_48,"[2, 3, 4]",20260917,catboost,False,4,15264,0,0.0,0,0.0,True
split20260917/S234/catboost_D_t_48,"[2, 3, 4]",20260917,catboost,False,4,15264,0,0.0,0,0.0,True
split20260917/S234/catboost_R_t_48,"[2, 3, 4]",20260917,catboost,False,4,15264,0,0.0,0,0.0,True
split20260917/S0123/lgb_N_t_01,"[0, 1, 2, 3]",20260917,lightgbm,True,1,15873,0,0.0,0,0.0,True
split20260917/S0123/lgb_D_t_01,"[0, 1, 2, 3]",20260917,lightgbm,True,1,15873,0,0.0,0,0.0,True
split20260917/S0123/lgb_R_t_01,"[0, 1, 2, 3]",20260917,lightgbm,True,1,15873,0,0.0,0,0.0,True
split20260917/S0123/lgb_N_t_06,"[0, 1, 2, 3]",20260917,lightgbm,True,1,15318,0,0.0,0,0.0,True
split20260917/S0123/lgb_D_t_06,"[0, 1, 2, 3]",20260917,lightgbm,True,1,15318,0,0.0,0,0.0,True
split20260917/S0123/lgb_R_t_06,"[0, 1, 2, 3]",20260917,lightgbm,True,1,15318,0,0.0,0,0.0,True
split20260917/S0123/lgb_P_t_24,"[0, 1, 2, 3]",20260917,lightgbm,True,1,13320,0,0.0,0,0.0,True
split20260917/S0123/lgb_N_t_24,"[0, 1, 2, 3]",20260917,lightgbm,True,1,13320,0,0.0,0,0.0,True
split20260917/S0123/lgb_D_t_24,"[0, 1, 2, 3]",20260917,lightgbm,True,1,13320,0,0.0,0,0.0,True
split20260917/S0123/lgb_R_t_24,"[0, 1, 2, 3]",20260917,lightgbm,True,1,13320,0,0.0,0,0.0,True
split20260917/S0123/lgb_P_t_48,"[0, 1, 2, 3]",20260917,lightgbm,True,1,10656,0,0.0,0,0.0,True
split20260917/S0123/lgb_N_t_48,"[0, 1, 2, 3]",20260917,lightgbm,True,1,10656,0,0.0,0,0.0,True
split20260917/S0123/lgb_D_t_48,"[0, 1, 2, 3]",20260917,lightgbm,True,1,10656,0,0.0,0,0.0,True
split20260917/S0123/lgb_R_t_48,"[0, 1, 2, 3]",20260917,lightgbm,True,1,10656,0,0.0,0,0.0,True
split20260917/S0123/lgb_osi_24,"[0, 1, 2, 3]",20260917,lightgbm,True,1,13320,0,0.0,0,0.0,True
split20260917/S0123/lgb_osi_48,"[0, 1, 2, 3]",20260917,lightgbm,True,1,10656,0,0.0,0,0.0,True
split20260917/S0123/P01_a,"[0, 1, 2, 3]",20260917,lightgbm,True,1,15873,0,0.0,0,0.0,True
split20260917/S0123/P01_b,"[0, 1, 2, 3]",20260917,lightgbm,True,1,15873,0,0.0,0,0.0,True
split20260917/S0123/P06_a,"[0, 1, 2, 3]",20260917,lightgbm,True,1,15318,0,0.0,0,0.0,True
split20260917/S0123/P06_b,"[0, 1, 2, 3]",20260917,lightgbm,True,1,15318,0,0.0,0,0.0,True
split20260917/S0123/P24_neighbor,"[0, 1, 2, 3]",20260917,lightgbm,True,1,13320,0,0.0,0,0.0,True
split20260917/S0123/D01_unknown,"[0, 1, 2, 3]",20260917,lightgbm,True,1,15873,0,0.0,0,0.0,True
split20260917/S0123/xgboost_osi_24,"[0, 1, 2, 3]",20260917,xgboost,True,1,13320,5760,0.0,0,0.0,True
split20260917/S0123/xgboost_P_t_24,"[0, 1, 2, 3]",20260917,xgboost,True,1,13320,5760,0.0,0,0.0,True
split20260917/S0123/xgboost_N_t_24,"[0, 1, 2, 3]",20260917,xgboost,True,1,13320,5760,0.0,0,0.0,True
split20260917/S0123/xgboost_D_t_24,"[0, 1, 2, 3]",20260917,xgboost,True,1,13320,5760,0.0,0,0.0,True
split20260917/S0123/xgboost_R_t_24,"[0, 1, 2, 3]",20260917,xgboost,True,1,13320,5760,0.0,0,0.0,True
split20260917/S0123/xgboost_osi_48,"[0, 1, 2, 3]",20260917,xgboost,True,1,10656,4608,0.0,0,0.0,True
split20260917/S0123/xgboost_P_t_48,"[0, 1, 2, 3]",20260917,xgboost,True,1,10656,4608,0.0,0,0.0,True
split20260917/S0123/xgboost_N_t_48,"[0, 1, 2, 3]",20260917,xgboost,True,1,10656,4608,0.0,0,0.0,True
split20260917/S0123/xgboost_D_t_48,"[0, 1, 2, 3]",20260917,xgboost,True,1,10656,4608,0.0,0,0.0,True
split20260917/S0123/xgboost_R_t_48,"[0, 1, 2, 3]",20260917,xgboost,True,1,10656,4608,0.0,0,0.0,True
split20260917/S0123/catboost_osi_24,"[0, 1, 2, 3]",20260917,catboost,True,1,13320,5760,0.0,0,0.0,True
split20260917/S0123/catboost_P_t_24,"[0, 1, 2, 3]",20260917,catboost,True,1,13320,5760,0.0,0,0.0,True
split20260917/S0123/catboost_N_t_24,"[0, 1, 2, 3]",20260917,catboost,True,1,13320,5760,0.0,0,0.0,True
split20260917/S0123/catboost_D_t_24,"[0, 1, 2, 3]",20260917,catboost,True,1,13320,5760,0.0,0,0.0,True
split20260917/S0123/catboost_R_t_24,"[0, 1, 2, 3]",20260917,catboost,True,1,13320,5760,0.0,0,0.0,True
split20260917/S0123/catboost_osi_48,"[0, 1, 2, 3]",20260917,catboost,True,1,10656,4608,0.0,0,0.0,True
split20260917/S0123/catboost_P_t_48,"[0, 1, 2, 3]",20260917,catboost,True,1,10656,4608,0.0,0,0.0,True
split20260917/S0123/catboost_N_t_48,"[0, 1, 2, 3]",20260917,catboost,True,1,10656,4608,0.0,0,0.0,True
split20260917/S0123/catboost_D_t_48,"[0, 1, 2, 3]",20260917,catboost,True,1,10656,4608,0.0,0,0.0,True
split20260917/S0123/catboost_R_t_48,"[0, 1, 2, 3]",20260917,catboost,True,1,10656,4608,0.0,0,0.0,True
split20260917/S0124/lgb_N_t_01,"[0, 1, 2, 4]",20260917,lightgbm,True,1,15730,0,0.0,0,0.0,True
split20260917/S0124/lgb_D_t_01,"[0, 1, 2, 4]",20260917,lightgbm,True,1,15730,0,0.0,0,0.0,True
split20260917/S0124/lgb_R_t_01,"[0, 1, 2, 4]",20260917,lightgbm,True,1,15730,0,0.0,0,0.0,True
split20260917/S0124/lgb_N_t_06,"[0, 1, 2, 4]",20260917,lightgbm,True,1,15180,0,0.0,0,0.0,True
split20260917/S0124/lgb_D_t_06,"[0, 1, 2, 4]",20260917,lightgbm,True,1,15180,0,0.0,0,0.0,True
split20260917/S0124/lgb_R_t_06,"[0, 1, 2, 4]",20260917,lightgbm,True,1,15180,0,0.0,0,0.0,True
split20260917/S0124/lgb_P_t_24,"[0, 1, 2, 4]",20260917,lightgbm,True,1,13200,0,0.0,0,0.0,True
split20260917/S0124/lgb_N_t_24,"[0, 1, 2, 4]",20260917,lightgbm,True,1,13200,0,0.0,0,0.0,True
split20260917/S0124/lgb_D_t_24,"[0, 1, 2, 4]",20260917,lightgbm,True,1,13200,0,0.0,0,0.0,True
split20260917/S0124/lgb_R_t_24,"[0, 1, 2, 4]",20260917,lightgbm,True,1,13200,0,0.0,0,0.0,True
split20260917/S0124/lgb_P_t_48,"[0, 1, 2, 4]",20260917,lightgbm,True,1,10560,0,0.0,0,0.0,True
split20260917/S0124/lgb_N_t_48,"[0, 1, 2, 4]",20260917,lightgbm,True,1,10560,0,0.0,0,0.0,True
split20260917/S0124/lgb_D_t_48,"[0, 1, 2, 4]",20260917,lightgbm,True,1,10560,0,0.0,0,0.0,True
split20260917/S0124/lgb_R_t_48,"[0, 1, 2, 4]",20260917,lightgbm,True,1,10560,0,0.0,0,0.0,True
split20260917/S0124/lgb_osi_24,"[0, 1, 2, 4]",20260917,lightgbm,True,1,13200,0,0.0,0,0.0,True
split20260917/S0124/lgb_osi_48,"[0, 1, 2, 4]",20260917,lightgbm,True,1,10560,0,0.0,0,0.0,True
split20260917/S0124/P01_a,"[0, 1, 2, 4]",20260917,lightgbm,True,1,15730,0,0.0,0,0.0,True
split20260917/S0124/P01_b,"[0, 1, 2, 4]",20260917,lightgbm,True,1,15730,0,0.0,0,0.0,True
split20260917/S0124/P06_a,"[0, 1, 2, 4]",20260917,lightgbm,True,1,15180,0,0.0,0,0.0,True
split20260917/S0124/P06_b,"[0, 1, 2, 4]",20260917,lightgbm,True,1,15180,0,0.0,0,0.0,True
split20260917/S0124/P24_neighbor,"[0, 1, 2, 4]",20260917,lightgbm,True,1,13200,0,0.0,0,0.0,True
split20260917/S0124/D01_unknown,"[0, 1, 2, 4]",20260917,lightgbm,True,1,15730,0,0.0,0,0.0,True
split20260917/S0124/xgboost_osi_24,"[0, 1, 2, 4]",20260917,xgboost,True,1,13200,5640,0.0,0,0.0,True
split20260917/S0124/xgboost_P_t_24,"[0, 1, 2, 4]",20260917,xgboost,True,1,13200,5640,0.0,0,0.0,True
split20260917/S0124/xgboost_N_t_24,"[0, 1, 2, 4]",20260917,xgboost,True,1,13200,5640,0.0,0,0.0,True
split20260917/S0124/xgboost_D_t_24,"[0, 1, 2, 4]",20260917,xgboost,True,1,13200,5640,0.0,0,0.0,True
split20260917/S0124/xgboost_R_t_24,"[0, 1, 2, 4]",20260917,xgboost,True,1,13200,5640,0.0,0,0.0,True
split20260917/S0124/xgboost_osi_48,"[0, 1, 2, 4]",20260917,xgboost,True,1,10560,4512,0.0,0,0.0,True
split20260917/S0124/xgboost_P_t_48,"[0, 1, 2, 4]",20260917,xgboost,True,1,10560,4512,0.0,0,0.0,True
split20260917/S0124/xgboost_N_t_48,"[0, 1, 2, 4]",20260917,xgboost,True,1,10560,4512,0.0,0,0.0,True
split20260917/S0124/xgboost_D_t_48,"[0, 1, 2, 4]",20260917,xgboost,True,1,10560,4512,0.0,0,0.0,True
split20260917/S0124/xgboost_R_t_48,"[0, 1, 2, 4]",20260917,xgboost,True,1,10560,4512,0.0,0,0.0,True
split20260917/S0124/catboost_osi_24,"[0, 1, 2, 4]",20260917,catboost,True,1,13200,5640,0.0,0,0.0,True
split20260917/S0124/catboost_P_t_24,"[0, 1, 2, 4]",20260917,catboost,True,1,13200,5640,0.0,0,0.0,True
split20260917/S0124/catboost_N_t_24,"[0, 1, 2, 4]",20260917,catboost,True,1,13200,5640,0.0,0,0.0,True
split20260917/S0124/catboost_D_t_24,"[0, 1, 2, 4]",20260917,catboost,True,1,13200,5640,0.0,0,0.0,True
split20260917/S0124/catboost_R_t_24,"[0, 1, 2, 4]",20260917,catboost,True,1,13200,5640,0.0,0,0.0,True
split20260917/S0124/catboost_osi_48,"[0, 1, 2, 4]",20260917,catboost,True,1,10560,4512,0.0,0,0.0,True
split20260917/S0124/catboost_P_t_48,"[0, 1, 2, 4]",20260917,catboost,True,1,10560,4512,0.0,0,0.0,True
split20260917/S0124/catboost_N_t_48,"[0, 1, 2, 4]",20260917,catboost,True,1,10560,4512,0.0,0,0.0,True
split20260917/S0124/catboost_D_t_48,"[0, 1, 2, 4]",20260917,catboost,True,1,10560,4512,0.0,0,0.0,True
split20260917/S0124/catboost_R_t_48,"[0, 1, 2, 4]",20260917,catboost,True,1,10560,4512,0.0,0,0.0,True
split20260917/S0134/lgb_N_t_01,"[0, 1, 3, 4]",20260917,lightgbm,True,1,15873,0,0.0,0,0.0,True
split20260917/S0134/lgb_D_t_01,"[0, 1, 3, 4]",20260917,lightgbm,True,1,15873,0,0.0,0,0.0,True
split20260917/S0134/lgb_R_t_01,"[0, 1, 3, 4]",20260917,lightgbm,True,1,15873,0,0.0,0,0.0,True
split20260917/S0134/lgb_N_t_06,"[0, 1, 3, 4]",20260917,lightgbm,True,1,15318,0,0.0,0,0.0,True
split20260917/S0134/lgb_D_t_06,"[0, 1, 3, 4]",20260917,lightgbm,True,1,15318,0,0.0,0,0.0,True
split20260917/S0134/lgb_R_t_06,"[0, 1, 3, 4]",20260917,lightgbm,True,1,15318,0,0.0,0,0.0,True
split20260917/S0134/lgb_P_t_24,"[0, 1, 3, 4]",20260917,lightgbm,True,1,13320,0,0.0,0,0.0,True
split20260917/S0134/lgb_N_t_24,"[0, 1, 3, 4]",20260917,lightgbm,True,1,13320,0,0.0,0,0.0,True
split20260917/S0134/lgb_D_t_24,"[0, 1, 3, 4]",20260917,lightgbm,True,1,13320,0,0.0,0,0.0,True
split20260917/S0134/lgb_R_t_24,"[0, 1, 3, 4]",20260917,lightgbm,True,1,13320,0,0.0,0,0.0,True
split20260917/S0134/lgb_P_t_48,"[0, 1, 3, 4]",20260917,lightgbm,True,1,10656,0,0.0,0,0.0,True
split20260917/S0134/lgb_N_t_48,"[0, 1, 3, 4]",20260917,lightgbm,True,1,10656,0,0.0,0,0.0,True
split20260917/S0134/lgb_D_t_48,"[0, 1, 3, 4]",20260917,lightgbm,True,1,10656,0,0.0,0,0.0,True
split20260917/S0134/lgb_R_t_48,"[0, 1, 3, 4]",20260917,lightgbm,True,1,10656,0,0.0,0,0.0,True
split20260917/S0134/lgb_osi_24,"[0, 1, 3, 4]",20260917,lightgbm,True,1,13320,0,0.0,0,0.0,True
split20260917/S0134/lgb_osi_48,"[0, 1, 3, 4]",20260917,lightgbm,True,1,10656,0,0.0,0,0.0,True
split20260917/S0134/P01_a,"[0, 1, 3, 4]",20260917,lightgbm,True,1,15873,0,0.0,0,0.0,True
split20260917/S0134/P01_b,"[0, 1, 3, 4]",20260917,lightgbm,True,1,15873,0,0.0,0,0.0,True
split20260917/S0134/P06_a,"[0, 1, 3, 4]",20260917,lightgbm,True,1,15318,0,0.0,0,0.0,True
split20260917/S0134/P06_b,"[0, 1, 3, 4]",20260917,lightgbm,True,1,15318,0,0.0,0,0.0,True
split20260917/S0134/P24_neighbor,"[0, 1, 3, 4]",20260917,lightgbm,True,1,13320,0,0.0,0,0.0,True
split20260917/S0134/D01_unknown,"[0, 1, 3, 4]",20260917,lightgbm,True,1,15873,0,0.0,0,0.0,True
split20260917/S0134/xgboost_osi_24,"[0, 1, 3, 4]",20260917,xgboost,True,1,13320,5760,0.0,0,0.0,True
split20260917/S0134/xgboost_P_t_24,"[0, 1, 3, 4]",20260917,xgboost,True,1,13320,5760,0.0,0,0.0,True
split20260917/S0134/xgboost_N_t_24,"[0, 1, 3, 4]",20260917,xgboost,True,1,13320,5760,0.0,0,0.0,True
split20260917/S0134/xgboost_D_t_24,"[0, 1, 3, 4]",20260917,xgboost,True,1,13320,5760,0.0,0,0.0,True
split20260917/S0134/xgboost_R_t_24,"[0, 1, 3, 4]",20260917,xgboost,True,1,13320,5760,0.0,0,0.0,True
split20260917/S0134/xgboost_osi_48,"[0, 1, 3, 4]",20260917,xgboost,True,1,10656,4608,0.0,0,0.0,True
split20260917/S0134/xgboost_P_t_48,"[0, 1, 3, 4]",20260917,xgboost,True,1,10656,4608,0.0,0,0.0,True
split20260917/S0134/xgboost_N_t_48,"[0, 1, 3, 4]",20260917,xgboost,True,1,10656,4608,0.0,0,0.0,True
split20260917/S0134/xgboost_D_t_48,"[0, 1, 3, 4]",20260917,xgboost,True,1,10656,4608,0.0,0,0.0,True
split20260917/S0134/xgboost_R_t_48,"[0, 1, 3, 4]",20260917,xgboost,True,1,10656,4608,0.0,0,0.0,True
split20260917/S0134/catboost_osi_24,"[0, 1, 3, 4]",20260917,catboost,True,1,13320,5760,0.0,0,0.0,True
split20260917/S0134/catboost_P_t_24,"[0, 1, 3, 4]",20260917,catboost,True,1,13320,5760,0.0,0,0.0,True
split20260917/S0134/catboost_N_t_24,"[0, 1, 3, 4]",20260917,catboost,True,1,13320,5760,0.0,0,0.0,True
split20260917/S0134/catboost_D_t_24,"[0, 1, 3, 4]",20260917,catboost,True,1,13320,5760,0.0,0,0.0,True
split20260917/S0134/catboost_R_t_24,"[0, 1, 3, 4]",20260917,catboost,True,1,13320,5760,0.0,0,0.0,True
split20260917/S0134/catboost_osi_48,"[0, 1, 3, 4]",20260917,catboost,True,1,10656,4608,0.0,0,0.0,True
split20260917/S0134/catboost_P_t_48,"[0, 1, 3, 4]",20260917,catboost,True,1,10656,4608,0.0,0,0.0,True
split20260917/S0134/catboost_N_t_48,"[0, 1, 3, 4]",20260917,catboost,True,1,10656,4608,0.0,0,0.0,True
split20260917/S0134/catboost_D_t_48,"[0, 1, 3, 4]",20260917,catboost,True,1,10656,4608,0.0,0,0.0,True
split20260917/S0134/catboost_R_t_48,"[0, 1, 3, 4]",20260917,catboost,True,1,10656,4608,0.0,0,0.0,True
split20260917/S0234/lgb_N_t_01,"[0, 2, 3, 4]",20260917,lightgbm,True,1,15873,0,0.0,0,0.0,True
split20260917/S0234/lgb_D_t_01,"[0, 2, 3, 4]",20260917,lightgbm,True,1,15873,0,0.0,0,0.0,True
split20260917/S0234/lgb_R_t_01,"[0, 2, 3, 4]",20260917,lightgbm,True,1,15873,0,0.0,0,0.0,True
split20260917/S0234/lgb_N_t_06,"[0, 2, 3, 4]",20260917,lightgbm,True,1,15318,0,0.0,0,0.0,True
split20260917/S0234/lgb_D_t_06,"[0, 2, 3, 4]",20260917,lightgbm,True,1,15318,0,0.0,0,0.0,True
split20260917/S0234/lgb_R_t_06,"[0, 2, 3, 4]",20260917,lightgbm,True,1,15318,0,0.0,0,0.0,True
split20260917/S0234/lgb_P_t_24,"[0, 2, 3, 4]",20260917,lightgbm,True,1,13320,0,0.0,0,0.0,True
split20260917/S0234/lgb_N_t_24,"[0, 2, 3, 4]",20260917,lightgbm,True,1,13320,0,0.0,0,0.0,True
split20260917/S0234/lgb_D_t_24,"[0, 2, 3, 4]",20260917,lightgbm,True,1,13320,0,0.0,0,0.0,True
split20260917/S0234/lgb_R_t_24,"[0, 2, 3, 4]",20260917,lightgbm,True,1,13320,0,0.0,0,0.0,True
split20260917/S0234/lgb_P_t_48,"[0, 2, 3, 4]",20260917,lightgbm,True,1,10656,0,0.0,0,0.0,True
split20260917/S0234/lgb_N_t_48,"[0, 2, 3, 4]",20260917,lightgbm,True,1,10656,0,0.0,0,0.0,True
split20260917/S0234/lgb_D_t_48,"[0, 2, 3, 4]",20260917,lightgbm,True,1,10656,0,0.0,0,0.0,True
split20260917/S0234/lgb_R_t_48,"[0, 2, 3, 4]",20260917,lightgbm,True,1,10656,0,0.0,0,0.0,True
split20260917/S0234/lgb_osi_24,"[0, 2, 3, 4]",20260917,lightgbm,True,1,13320,0,0.0,0,0.0,True
split20260917/S0234/lgb_osi_48,"[0, 2, 3, 4]",20260917,lightgbm,True,1,10656,0,0.0,0,0.0,True
split20260917/S0234/P01_a,"[0, 2, 3, 4]",20260917,lightgbm,True,1,15873,0,0.0,0,0.0,True
split20260917/S0234/P01_b,"[0, 2, 3, 4]",20260917,lightgbm,True,1,15873,0,0.0,0,0.0,True
split20260917/S0234/P06_a,"[0, 2, 3, 4]",20260917,lightgbm,True,1,15318,0,0.0,0,0.0,True
split20260917/S0234/P06_b,"[0, 2, 3, 4]",20260917,lightgbm,True,1,15318,0,0.0,0,0.0,True
split20260917/S0234/P24_neighbor,"[0, 2, 3, 4]",20260917,lightgbm,True,1,13320,0,0.0,0,0.0,True
split20260917/S0234/D01_unknown,"[0, 2, 3, 4]",20260917,lightgbm,True,1,15873,0,0.0,0,0.0,True
split20260917/S0234/xgboost_osi_24,"[0, 2, 3, 4]",20260917,xgboost,True,1,13320,5760,0.0,0,0.0,True
split20260917/S0234/xgboost_P_t_24,"[0, 2, 3, 4]",20260917,xgboost,True,1,13320,5760,0.0,0,0.0,True
split20260917/S0234/xgboost_N_t_24,"[0, 2, 3, 4]",20260917,xgboost,True,1,13320,5760,0.0,0,0.0,True
split20260917/S0234/xgboost_D_t_24,"[0, 2, 3, 4]",20260917,xgboost,True,1,13320,5760,0.0,0,0.0,True
split20260917/S0234/xgboost_R_t_24,"[0, 2, 3, 4]",20260917,xgboost,True,1,13320,5760,0.0,0,0.0,True
split20260917/S0234/xgboost_osi_48,"[0, 2, 3, 4]",20260917,xgboost,True,1,10656,4608,0.0,0,0.0,True
split20260917/S0234/xgboost_P_t_48,"[0, 2, 3, 4]",20260917,xgboost,True,1,10656,4608,0.0,0,0.0,True
split20260917/S0234/xgboost_N_t_48,"[0, 2, 3, 4]",20260917,xgboost,True,1,10656,4608,0.0,0,0.0,True
split20260917/S0234/xgboost_D_t_48,"[0, 2, 3, 4]",20260917,xgboost,True,1,10656,4608,0.0,0,0.0,True
split20260917/S0234/xgboost_R_t_48,"[0, 2, 3, 4]",20260917,xgboost,True,1,10656,4608,0.0,0,0.0,True
split20260917/S0234/catboost_osi_24,"[0, 2, 3, 4]",20260917,catboost,True,1,13320,5760,0.0,0,0.0,True
split20260917/S0234/catboost_P_t_24,"[0, 2, 3, 4]",20260917,catboost,True,1,13320,5760,0.0,0,0.0,True
split20260917/S0234/catboost_N_t_24,"[0, 2, 3, 4]",20260917,catboost,True,1,13320,5760,0.0,0,0.0,True
split20260917/S0234/catboost_D_t_24,"[0, 2, 3, 4]",20260917,catboost,True,1,13320,5760,0.0,0,0.0,True
split20260917/S0234/catboost_R_t_24,"[0, 2, 3, 4]",20260917,catboost,True,1,13320,5760,0.0,0,0.0,True
split20260917/S0234/catboost_osi_48,"[0, 2, 3, 4]",20260917,catboost,True,1,10656,4608,0.0,0,0.0,True
split20260917/S0234/catboost_P_t_48,"[0, 2, 3, 4]",20260917,catboost,True,1,10656,4608,0.0,0,0.0,True
split20260917/S0234/catboost_N_t_48,"[0, 2, 3, 4]",20260917,catboost,True,1,10656,4608,0.0,0,0.0,True
split20260917/S0234/catboost_D_t_48,"[0, 2, 3, 4]",20260917,catboost,True,1,10656,4608,0.0,0,0.0,True
split20260917/S0234/catboost_R_t_48,"[0, 2, 3, 4]",20260917,catboost,True,1,10656,4608,0.0,0,0.0,True
split20260917/S1234/lgb_N_t_01,"[1, 2, 3, 4]",20260917,lightgbm,True,1,15873,0,0.0,0,0.0,True
split20260917/S1234/lgb_D_t_01,"[1, 2, 3, 4]",20260917,lightgbm,True,1,15873,0,0.0,0,0.0,True
split20260917/S1234/lgb_R_t_01,"[1, 2, 3, 4]",20260917,lightgbm,True,1,15873,0,0.0,0,0.0,True
split20260917/S1234/lgb_N_t_06,"[1, 2, 3, 4]",20260917,lightgbm,True,1,15318,0,0.0,0,0.0,True
split20260917/S1234/lgb_D_t_06,"[1, 2, 3, 4]",20260917,lightgbm,True,1,15318,0,0.0,0,0.0,True
split20260917/S1234/lgb_R_t_06,"[1, 2, 3, 4]",20260917,lightgbm,True,1,15318,0,0.0,0,0.0,True
split20260917/S1234/lgb_P_t_24,"[1, 2, 3, 4]",20260917,lightgbm,True,1,13320,0,0.0,0,0.0,True
split20260917/S1234/lgb_N_t_24,"[1, 2, 3, 4]",20260917,lightgbm,True,1,13320,0,0.0,0,0.0,True
split20260917/S1234/lgb_D_t_24,"[1, 2, 3, 4]",20260917,lightgbm,True,1,13320,0,0.0,0,0.0,True
split20260917/S1234/lgb_R_t_24,"[1, 2, 3, 4]",20260917,lightgbm,True,1,13320,0,0.0,0,0.0,True
split20260917/S1234/lgb_P_t_48,"[1, 2, 3, 4]",20260917,lightgbm,True,1,10656,0,0.0,0,0.0,True
split20260917/S1234/lgb_N_t_48,"[1, 2, 3, 4]",20260917,lightgbm,True,1,10656,0,0.0,0,0.0,True
split20260917/S1234/lgb_D_t_48,"[1, 2, 3, 4]",20260917,lightgbm,True,1,10656,0,0.0,0,0.0,True
split20260917/S1234/lgb_R_t_48,"[1, 2, 3, 4]",20260917,lightgbm,True,1,10656,0,0.0,0,0.0,True
split20260917/S1234/lgb_osi_24,"[1, 2, 3, 4]",20260917,lightgbm,True,1,13320,0,0.0,0,0.0,True
split20260917/S1234/lgb_osi_48,"[1, 2, 3, 4]",20260917,lightgbm,True,1,10656,0,0.0,0,0.0,True
split20260917/S1234/P01_a,"[1, 2, 3, 4]",20260917,lightgbm,True,1,15873,0,0.0,0,0.0,True
split20260917/S1234/P01_b,"[1, 2, 3, 4]",20260917,lightgbm,True,1,15873,0,0.0,0,0.0,True
split20260917/S1234/P06_a,"[1, 2, 3, 4]",20260917,lightgbm,True,1,15318,0,0.0,0,0.0,True
split20260917/S1234/P06_b,"[1, 2, 3, 4]",20260917,lightgbm,True,1,15318,0,0.0,0,0.0,True
split20260917/S1234/P24_neighbor,"[1, 2, 3, 4]",20260917,lightgbm,True,1,13320,0,0.0,0,0.0,True
split20260917/S1234/D01_unknown,"[1, 2, 3, 4]",20260917,lightgbm,True,1,15873,0,0.0,0,0.0,True
split20260917/S1234/xgboost_osi_24,"[1, 2, 3, 4]",20260917,xgboost,True,1,13320,5760,0.0,0,0.0,True
split20260917/S1234/xgboost_P_t_24,"[1, 2, 3, 4]",20260917,xgboost,True,1,13320,5760,0.0,0,0.0,True
split20260917/S1234/xgboost_N_t_24,"[1, 2, 3, 4]",20260917,xgboost,True,1,13320,5760,0.0,0,0.0,True
split20260917/S1234/xgboost_D_t_24,"[1, 2, 3, 4]",20260917,xgboost,True,1,13320,5760,0.0,0,0.0,True
split20260917/S1234/xgboost_R_t_24,"[1, 2, 3, 4]",20260917,xgboost,True,1,13320,5760,0.0,0,0.0,True
split20260917/S1234/xgboost_osi_48,"[1, 2, 3, 4]",20260917,xgboost,True,1,10656,4608,0.0,0,0.0,True
split20260917/S1234/xgboost_P_t_48,"[1, 2, 3, 4]",20260917,xgboost,True,1,10656,4608,0.0,0,0.0,True
split20260917/S1234/xgboost_N_t_48,"[1, 2, 3, 4]",20260917,xgboost,True,1,10656,4608,0.0,0,0.0,True
split20260917/S1234/xgboost_D_t_48,"[1, 2, 3, 4]",20260917,xgboost,True,1,10656,4608,0.0,0,0.0,True
split20260917/S1234/xgboost_R_t_48,"[1, 2, 3, 4]",20260917,xgboost,True,1,10656,4608,0.0,0,0.0,True
split20260917/S1234/catboost_osi_24,"[1, 2, 3, 4]",20260917,catboost,True,1,13320,5760,0.0,0,0.0,True
split20260917/S1234/catboost_P_t_24,"[1, 2, 3, 4]",20260917,catboost,True,1,13320,5760,0.0,0,0.0,True
split20260917/S1234/catboost_N_t_24,"[1, 2, 3, 4]",20260917,catboost,True,1,13320,5760,0.0,0,0.0,True
split20260917/S1234/catboost_D_t_24,"[1, 2, 3, 4]",20260917,catboost,True,1,13320,5760,0.0,0,0.0,True
split20260917/S1234/catboost_R_t_24,"[1, 2, 3, 4]",20260917,catboost,True,1,13320,5760,0.0,0,0.0,True
split20260917/S1234/catboost_osi_48,"[1, 2, 3, 4]",20260917,catboost,True,1,10656,4608,0.0,0,0.0,True
split20260917/S1234/catboost_P_t_48,"[1, 2, 3, 4]",20260917,catboost,True,1,10656,4608,0.0,0,0.0,True
split20260917/S1234/catboost_N_t_48,"[1, 2, 3, 4]",20260917,catboost,True,1,10656,4608,0.0,0,0.0,True
split20260917/S1234/catboost_D_t_48,"[1, 2, 3, 4]",20260917,catboost,True,1,10656,4608,0.0,0,0.0,True
split20260917/S1234/catboost_R_t_48,"[1, 2, 3, 4]",20260917,catboost,True,1,10656,4608,0.0,0,0.0,True
split20260917/S01234/lgb_N_t_01,"[0, 1, 2, 3, 4]",20260917,lightgbm,False,6,9009,0,0.0,0,9.107298248878237e-18,True
split20260917/S01234/lgb_D_t_01,"[0, 1, 2, 3, 4]",20260917,lightgbm,False,6,9009,0,0.0,0,1.0408340855860843e-16,True
split20260917/S01234/lgb_R_t_01,"[0, 1, 2, 3, 4]",20260917,lightgbm,False,6,9009,0,0.0,0,1.9949319973733282e-17,True
split20260917/S01234/lgb_N_t_06,"[0, 1, 2, 3, 4]",20260917,lightgbm,False,6,8694,0,0.0,0,7.806255641895632e-18,True
split20260917/S01234/lgb_D_t_06,"[0, 1, 2, 3, 4]",20260917,lightgbm,False,6,8694,0,0.0,0,6.938893903907228e-17,True
split20260917/S01234/lgb_R_t_06,"[0, 1, 2, 3, 4]",20260917,lightgbm,False,6,8694,0,0.0,0,1.1709383462843448e-17,True
split20260917/S01234/lgb_P_t_24,"[0, 1, 2, 3, 4]",20260917,lightgbm,False,6,7560,0,0.0,0,3.2959746043559335e-17,True
split20260917/S01234/lgb_N_t_24,"[0, 1, 2, 3, 4]",20260917,lightgbm,False,6,7560,0,0.0,0,8.239936510889834e-18,True
split20260917/S01234/lgb_D_t_24,"[0, 1, 2, 3, 4]",20260917,lightgbm,False,6,7560,0,0.0,0,2.949029909160572e-17,True
split20260917/S01234/lgb_R_t_24,"[0, 1, 2, 3, 4]",20260917,lightgbm,False,6,7560,0,0.0,0,6.071532165918825e-18,True
split20260917/S01234/lgb_P_t_48,"[0, 1, 2, 3, 4]",20260917,lightgbm,False,6,6048,0,0.0,0,1.9949319973733282e-17,True
split20260917/S01234/lgb_N_t_48,"[0, 1, 2, 3, 4]",20260917,lightgbm,False,6,6048,0,0.0,0,1.8865117801247777e-17,True
split20260917/S01234/lgb_D_t_48,"[0, 1, 2, 3, 4]",20260917,lightgbm,False,6,6048,0,0.0,0,2.0816681711721685e-17,True
split20260917/S01234/lgb_R_t_48,"[0, 1, 2, 3, 4]",20260917,lightgbm,False,6,6048,0,0.0,0,1.0408340855860843e-17,True
split20260917/S01234/lgb_osi_24,"[0, 1, 2, 3, 4]",20260917,lightgbm,False,6,7560,0,0.0,0,9.540979117872439e-17,True
split20260917/S01234/lgb_osi_48,"[0, 1, 2, 3, 4]",20260917,lightgbm,False,6,6048,0,0.0,0,1.6479873021779667e-17,True
split20260917/S01234/P01_a,"[0, 1, 2, 3, 4]",20260917,lightgbm,False,6,9009,0,0.0,0,0.0,True
split20260917/S01234/P01_b,"[0, 1, 2, 3, 4]",20260917,lightgbm,False,6,9009,0,0.0,0,1.734723475976807e-18,True
split20260917/S01234/P06_a,"[0, 1, 2, 3, 4]",20260917,lightgbm,False,6,8694,0,0.0,0,1.734723475976807e-18,True
split20260917/S01234/P06_b,"[0, 1, 2, 3, 4]",20260917,lightgbm,False,6,8694,0,0.0,0,1.734723475976807e-18,True
split20260917/S01234/P24_neighbor,"[0, 1, 2, 3, 4]",20260917,lightgbm,False,6,7560,0,0.0,0,2.6020852139652106e-17,True
split20260917/S01234/D01_unknown,"[0, 1, 2, 3, 4]",20260917,lightgbm,False,6,9009,0,0.0,0,4.85722573273506e-17,True
split20260917/S01234/xgboost_osi_24,"[0, 1, 2, 3, 4]",20260917,xgboost,False,6,7560,0,0.0,0,0.0,True
split20260917/S01234/xgboost_P_t_24,"[0, 1, 2, 3, 4]",20260917,xgboost,False,6,7560,0,0.0,0,0.0,True
split20260917/S01234/xgboost_N_t_24,"[0, 1, 2, 3, 4]",20260917,xgboost,False,6,7560,0,0.0,0,0.0,True
split20260917/S01234/xgboost_D_t_24,"[0, 1, 2, 3, 4]",20260917,xgboost,False,6,7560,0,0.0,0,0.0,True
split20260917/S01234/xgboost_R_t_24,"[0, 1, 2, 3, 4]",20260917,xgboost,False,6,7560,0,0.0,0,0.0,True
split20260917/S01234/xgboost_osi_48,"[0, 1, 2, 3, 4]",20260917,xgboost,False,6,6048,0,0.0,0,0.0,True
split20260917/S01234/xgboost_P_t_48,"[0, 1, 2, 3, 4]",20260917,xgboost,False,6,6048,0,0.0,0,0.0,True
split20260917/S01234/xgboost_N_t_48,"[0, 1, 2, 3, 4]",20260917,xgboost,False,6,6048,0,0.0,0,0.0,True
split20260917/S01234/xgboost_D_t_48,"[0, 1, 2, 3, 4]",20260917,xgboost,False,6,6048,0,0.0,0,0.0,True
split20260917/S01234/xgboost_R_t_48,"[0, 1, 2, 3, 4]",20260917,xgboost,False,6,6048,0,0.0,0,0.0,True
split20260917/S01234/catboost_osi_24,"[0, 1, 2, 3, 4]",20260917,catboost,False,6,7560,0,0.0,0,0.0,True
split20260917/S01234/catboost_P_t_24,"[0, 1, 2, 3, 4]",20260917,catboost,False,6,7560,0,0.0,0,0.0,True
split20260917/S01234/catboost_N_t_24,"[0, 1, 2, 3, 4]",20260917,catboost,False,6,7560,0,0.0,0,0.0,True
split20260917/S01234/catboost_D_t_24,"[0, 1, 2, 3, 4]",20260917,catboost,False,6,7560,0,0.0,0,0.0,True
split20260917/S01234/catboost_R_t_24,"[0, 1, 2, 3, 4]",20260917,catboost,False,6,7560,0,0.0,0,0.0,True
split20260917/S01234/catboost_osi_48,"[0, 1, 2, 3, 4]",20260917,catboost,False,6,6048,0,0.0,0,0.0,True
split20260917/S01234/catboost_P_t_48,"[0, 1, 2, 3, 4]",20260917,catboost,False,6,6048,0,0.0,0,0.0,True
split20260917/S01234/catboost_N_t_48,"[0, 1, 2, 3, 4]",20260917,catboost,False,6,6048,0,0.0,0,0.0,True
split20260917/S01234/catboost_D_t_48,"[0, 1, 2, 3, 4]",20260917,catboost,False,6,6048,0,0.0,0,0.0,True
split20260917/S01234/catboost_R_t_48,"[0, 1, 2, 3, 4]",20260917,catboost,False,6,6048,0,0.0,0,0.0,True
split20260918/S0/lgb_P_t_24,[0],20260918,lightgbm,False,4,30480,0,0.0,0,2.7755575615628914e-17,True
split20260918/S0/lgb_N_t_24,[0],20260918,lightgbm,False,4,30480,0,0.0,0,2.168404344971009e-17,True
split20260918/S0/lgb_D_t_24,[0],20260918,lightgbm,False,4,30480,0,0.0,0,2.6020852139652106e-17,True
split20260918/S0/lgb_R_t_24,[0],20260918,lightgbm,False,4,30480,0,0.0,0,8.239936510889834e-18,True
split20260918/S0/lgb_P_t_48,[0],20260918,lightgbm,False,4,24384,0,0.0,0,2.5153490401663703e-17,True
split20260918/S0/lgb_N_t_48,[0],20260918,lightgbm,False,4,24384,0,0.0,1,1.8506818889006682e-08,True
split20260918/S0/lgb_D_t_48,[0],20260918,lightgbm,False,4,24384,0,0.0,0,6.938893903907228e-18,True
split20260918/S0/lgb_R_t_48,[0],20260918,lightgbm,False,4,24384,0,0.0,0,1.8648277366750676e-17,True
split20260918/S1/lgb_P_t_24,[1],20260918,lightgbm,False,4,30600,0,0.0,0,1.0755285551056204e-16,True
split20260918/S1/lgb_N_t_24,[1],20260918,lightgbm,False,4,30600,0,0.0,0,2.6020852139652106e-18,True
split20260918/S1/lgb_D_t_24,[1],20260918,lightgbm,False,4,30600,0,0.0,0,4.5102810375396984e-17,True
split20260918/S1/lgb_R_t_24,[1],20260918,lightgbm,False,4,30600,0,0.0,0,2.6020852139652106e-18,True
split20260918/S1/lgb_P_t_48,[1],20260918,lightgbm,False,4,24480,0,0.0,0,1.5612511283791264e-17,True
split20260918/S1/lgb_N_t_48,[1],20260918,lightgbm,False,4,24480,0,0.0,1,4.6295636380727645e-07,True
split20260918/S1/lgb_D_t_48,[1],20260918,lightgbm,False,4,24480,0,0.0,0,8.673617379884035e-18,True
split20260918/S1/lgb_R_t_48,[1],20260918,lightgbm,False,4,24480,0,0.0,1,4.5614953348305926e-07,True
split20260918/S2/lgb_P_t_24,[2],20260918,lightgbm,False,4,30480,0,0.0,0,4.163336342344337e-17,True
split20260918/S2/lgb_N_t_24,[2],20260918,lightgbm,False,4,30480,0,0.0,0,8.673617379884035e-18,True
split20260918/S2/lgb_D_t_24,[2],20260918,lightgbm,False,4,30480,0,0.0,0,4.85722573273506e-17,True
split20260918/S2/lgb_R_t_24,[2],20260918,lightgbm,False,4,30480,0,0.0,0,8.673617379884035e-18,True
split20260918/S2/lgb_P_t_48,[2],20260918,lightgbm,False,4,24384,0,0.0,0,8.673617379884035e-18,True
split20260918/S2/lgb_N_t_48,[2],20260918,lightgbm,False,4,24384,0,0.0,0,1.734723475976807e-17,True
split20260918/S2/lgb_D_t_48,[2],20260918,lightgbm,False,4,24384,0,0.0,0,2.0816681711721685e-17,True
split20260918/S2/lgb_R_t_48,[2],20260918,lightgbm,False,4,24384,0,0.0,0,6.5052130349130266e-18,True
split20260918/S3/lgb_P_t_24,[3],20260918,lightgbm,False,4,30480,0,0.0,0,6.938893903907228e-18,True
split20260918/S3/lgb_N_t_24,[3],20260918,lightgbm,False,4,30480,0,0.0,0,8.673617379884035e-19,True
split20260918/S3/lgb_D_t_24,[3],20260918,lightgbm,False,4,30480,0,0.0,0,2.42861286636753e-17,True
split20260918/S3/lgb_R_t_24,[3],20260918,lightgbm,False,4,30480,0,0.0,0,5.204170427930421e-18,True
split20260918/S3/lgb_P_t_48,[3],20260918,lightgbm,False,4,24384,0,0.0,0,3.469446951953614e-18,True
split20260918/S3/lgb_N_t_48,[3],20260918,lightgbm,False,4,24384,0,0.0,0,4.336808689942018e-18,True
split20260918/S3/lgb_D_t_48,[3],20260918,lightgbm,False,4,24384,0,0.0,0,6.938893903907228e-18,True
split20260918/S3/lgb_R_t_48,[3],20260918,lightgbm,False,4,24384,0,0.0,0,6.5052130349130266e-18,True
split20260918/S4/lgb_P_t_24,[4],20260918,lightgbm,False,4,30480,0,0.0,0,6.938893903907228e-18,True
split20260918/S4/lgb_N_t_24,[4],20260918,lightgbm,False,4,30480,0,0.0,2,6.346637173916016e-07,True
split20260918/S4/lgb_D_t_24,[4],20260918,lightgbm,False,4,30480,0,0.0,1,8.268485038962631e-07,True
split20260918/S4/lgb_R_t_24,[4],20260918,lightgbm,False,4,30480,0,0.0,0,4.9873299934333204e-18,True
split20260918/S4/lgb_P_t_48,[4],20260918,lightgbm,False,4,24384,0,0.0,1,2.5420617720192662e-08,True
split20260918/S4/lgb_N_t_48,[4],20260918,lightgbm,False,4,24384,0,0.0,2,1.2759254165001753e-07,True
split20260918/S4/lgb_D_t_48,[4],20260918,lightgbm,False,4,24384,0,0.0,0,5.204170427930421e-18,True
split20260918/S4/lgb_R_t_48,[4],20260918,lightgbm,False,4,24384,0,0.0,2,3.8016273973349307e-07,True
split20260918/S01/lgb_N_t_01,"[0, 1]",20260918,lightgbm,False,3,29601,0,0.0,0,4.7704895589362195e-18,True
split20260918/S01/lgb_D_t_01,"[0, 1]",20260918,lightgbm,False,3,29601,0,0.0,0,1.734723475976807e-17,True
split20260918/S01/lgb_R_t_01,"[0, 1]",20260918,lightgbm,False,3,29601,0,0.0,0,2.168404344971009e-18,True
split20260918/S01/lgb_N_t_06,"[0, 1]",20260918,lightgbm,False,3,28566,0,0.0,0,3.469446951953614e-18,True
split20260918/S01/lgb_D_t_06,"[0, 1]",20260918,lightgbm,False,3,28566,0,0.0,0,4.163336342344337e-17,True
split20260918/S01/lgb_R_t_06,"[0, 1]",20260918,lightgbm,False,3,28566,0,0.0,0,3.903127820947816e-18,True
split20260918/S01/lgb_P_t_24,"[0, 1]",20260918,lightgbm,False,3,24840,0,0.0,0,1.5612511283791264e-16,True
split20260918/S01/lgb_N_t_24,"[0, 1]",20260918,lightgbm,False,3,24840,0,0.0,0,9.974659986866641e-18,True
split20260918/S01/lgb_D_t_24,"[0, 1]",20260918,lightgbm,False,3,24840,0,0.0,0,3.122502256758253e-17,True
split20260918/S01/lgb_R_t_24,"[0, 1]",20260918,lightgbm,False,3,24840,0,0.0,0,1.2576745200831851e-17,True
split20260918/S01/lgb_P_t_48,"[0, 1]",20260918,lightgbm,False,3,19872,0,0.0,0,6.938893903907228e-18,True
split20260918/S01/lgb_N_t_48,"[0, 1]",20260918,lightgbm,False,3,19872,0,0.0,1,9.159695202130141e-07,True
split20260918/S01/lgb_D_t_48,"[0, 1]",20260918,lightgbm,False,3,19872,0,0.0,1,6.482230599687278e-08,True
split20260918/S01/lgb_R_t_48,"[0, 1]",20260918,lightgbm,False,3,19872,0,0.0,0,9.540979117872439e-18,True
split20260918/S01/lgb_osi_24,"[0, 1]",20260918,lightgbm,False,3,24840,0,0.0,0,1.700029006457271e-16,True
split20260918/S01/lgb_osi_48,"[0, 1]",20260918,lightgbm,False,3,19872,0,0.0,1,3.3393452799485024e-07,True
split20260918/S01/P01_a,"[0, 1]",20260918,lightgbm,False,3,29601,0,0.0,0,0.0,True
split20260918/S01/P01_b,"[0, 1]",20260918,lightgbm,False,3,29601,0,0.0,0,0.0,True
split20260918/S01/P06_a,"[0, 1]",20260918,lightgbm,False,3,28566,0,0.0,0,0.0,True
split20260918/S01/P06_b,"[0, 1]",20260918,lightgbm,False,3,28566,0,0.0,0,0.0,True
split20260918/S01/P24_neighbor,"[0, 1]",20260918,lightgbm,False,3,24840,0,0.0,0,4.163336342344337e-17,True
split20260918/S01/D01_unknown,"[0, 1]",20260918,lightgbm,False,3,29601,0,0.0,0,3.122502256758253e-17,True
split20260918/S01/xgboost_osi_24,"[0, 1]",20260918,xgboost,False,3,24840,0,0.0,0,0.0,True
split20260918/S01/xgboost_P_t_24,"[0, 1]",20260918,xgboost,False,3,24840,0,0.0,0,0.0,True
split20260918/S01/xgboost_N_t_24,"[0, 1]",20260918,xgboost,False,3,24840,0,0.0,0,0.0,True
split20260918/S01/xgboost_D_t_24,"[0, 1]",20260918,xgboost,False,3,24840,0,0.0,0,0.0,True
split20260918/S01/xgboost_R_t_24,"[0, 1]",20260918,xgboost,False,3,24840,0,0.0,0,0.0,True
split20260918/S01/xgboost_osi_48,"[0, 1]",20260918,xgboost,False,3,19872,0,0.0,0,0.0,True
split20260918/S01/xgboost_P_t_48,"[0, 1]",20260918,xgboost,False,3,19872,0,0.0,0,0.0,True
split20260918/S01/xgboost_N_t_48,"[0, 1]",20260918,xgboost,False,3,19872,0,0.0,0,0.0,True
split20260918/S01/xgboost_D_t_48,"[0, 1]",20260918,xgboost,False,3,19872,0,0.0,0,0.0,True
split20260918/S01/xgboost_R_t_48,"[0, 1]",20260918,xgboost,False,3,19872,0,0.0,0,0.0,True
split20260918/S01/catboost_osi_24,"[0, 1]",20260918,catboost,False,3,24840,0,0.0,0,0.0,False
split20260918/S01/catboost_P_t_24,"[0, 1]",20260918,catboost,False,3,24840,0,0.0,0,0.0,False
split20260918/S01/catboost_N_t_24,"[0, 1]",20260918,catboost,False,3,24840,0,0.0,0,0.0,False
split20260918/S01/catboost_D_t_24,"[0, 1]",20260918,catboost,False,3,24840,0,0.0,0,0.0,False
split20260918/S01/catboost_R_t_24,"[0, 1]",20260918,catboost,False,3,24840,0,0.0,0,0.0,False
split20260918/S01/catboost_osi_48,"[0, 1]",20260918,catboost,False,3,19872,0,0.0,0,0.0,False
split20260918/S01/catboost_P_t_48,"[0, 1]",20260918,catboost,False,3,19872,0,0.0,0,0.0,False
split20260918/S01/catboost_N_t_48,"[0, 1]",20260918,catboost,False,3,19872,0,0.0,0,0.0,False
split20260918/S01/catboost_D_t_48,"[0, 1]",20260918,catboost,False,3,19872,0,0.0,0,0.0,False
split20260918/S01/catboost_R_t_48,"[0, 1]",20260918,catboost,False,3,19872,0,0.0,0,0.0,False
split20260918/S02/lgb_N_t_01,"[0, 2]",20260918,lightgbm,False,3,29458,0,0.0,0,6.505213034913027e-17,True
split20260918/S02/lgb_D_t_01,"[0, 2]",20260918,lightgbm,False,3,29458,0,0.0,0,1.3877787807814457e-17,True
split20260918/S02/lgb_R_t_01,"[0, 2]",20260918,lightgbm,False,3,29458,0,0.0,0,8.673617379884035e-19,True
split20260918/S02/lgb_N_t_06,"[0, 2]",20260918,lightgbm,False,3,28428,0,0.0,0,2.6454533008646308e-17,True
split20260918/S02/lgb_D_t_06,"[0, 2]",20260918,lightgbm,False,3,28428,0,0.0,0,1.0408340855860843e-17,True
split20260918/S02/lgb_R_t_06,"[0, 2]",20260918,lightgbm,False,3,28428,0,0.0,0,3.426078865054194e-17,True
split20260918/S02/lgb_P_t_24,"[0, 2]",20260918,lightgbm,False,3,24720,0,0.0,0,2.0469737016526324e-16,True
split20260918/S02/lgb_N_t_24,"[0, 2]",20260918,lightgbm,False,3,24720,0,0.0,0,9.540979117872439e-18,True
split20260918/S02/lgb_D_t_24,"[0, 2]",20260918,lightgbm,False,3,24720,0,0.0,0,5.204170427930421e-17,True
split20260918/S02/lgb_R_t_24,"[0, 2]",20260918,lightgbm,False,3,24720,0,0.0,0,1.9081958235744878e-17,True
split20260918/S02/lgb_P_t_48,"[0, 2]",20260918,lightgbm,False,3,19776,0,0.0,0,2.1163626406917047e-16,True
split20260918/S02/lgb_N_t_48,"[0, 2]",20260918,lightgbm,False,3,19776,0,0.0,0,6.938893903907228e-18,True
split20260918/S02/lgb_D_t_48,"[0, 2]",20260918,lightgbm,False,3,19776,0,0.0,0,5.724587470723463e-17,True
split20260918/S02/lgb_R_t_48,"[0, 2]",20260918,lightgbm,False,3,19776,0,0.0,0,1.734723475976807e-18,True
split20260918/S02/lgb_osi_24,"[0, 2]",20260918,lightgbm,False,3,24720,0,0.0,0,3.157196726277789e-16,True
split20260918/S02/lgb_osi_48,"[0, 2]",20260918,lightgbm,False,3,19776,0,0.0,0,7.632783294297951e-17,True
split20260918/S02/P01_a,"[0, 2]",20260918,lightgbm,False,3,29458,0,0.0,0,0.0,True
split20260918/S02/P01_b,"[0, 2]",20260918,lightgbm,False,3,29458,0,0.0,0,1.734723475976807e-18,True
split20260918/S02/P06_a,"[0, 2]",20260918,lightgbm,False,3,28428,0,0.0,0,1.734723475976807e-18,True
split20260918/S02/P06_b,"[0, 2]",20260918,lightgbm,False,3,28428,0,0.0,0,0.0,True
split20260918/S02/P24_neighbor,"[0, 2]",20260918,lightgbm,False,3,24720,0,0.0,0,2.636779683484747e-16,True
split20260918/S02/D01_unknown,"[0, 2]",20260918,lightgbm,False,3,29458,0,0.0,0,2.7755575615628914e-17,True
split20260918/S02/xgboost_osi_24,"[0, 2]",20260918,xgboost,False,3,24720,0,0.0,0,0.0,True
split20260918/S02/xgboost_P_t_24,"[0, 2]",20260918,xgboost,False,3,24720,0,0.0,0,0.0,True
split20260918/S02/xgboost_N_t_24,"[0, 2]",20260918,xgboost,False,3,24720,0,0.0,0,0.0,True
split20260918/S02/xgboost_D_t_24,"[0, 2]",20260918,xgboost,False,3,24720,0,0.0,0,0.0,True
split20260918/S02/xgboost_R_t_24,"[0, 2]",20260918,xgboost,False,3,24720,0,0.0,0,0.0,True
split20260918/S02/xgboost_osi_48,"[0, 2]",20260918,xgboost,False,3,19776,0,0.0,0,0.0,True
split20260918/S02/xgboost_P_t_48,"[0, 2]",20260918,xgboost,False,3,19776,0,0.0,0,0.0,True
split20260918/S02/xgboost_N_t_48,"[0, 2]",20260918,xgboost,False,3,19776,0,0.0,0,0.0,True
split20260918/S02/xgboost_D_t_48,"[0, 2]",20260918,xgboost,False,3,19776,0,0.0,0,0.0,True
split20260918/S02/xgboost_R_t_48,"[0, 2]",20260918,xgboost,False,3,19776,0,0.0,0,0.0,True
split20260918/S02/catboost_osi_24,"[0, 2]",20260918,catboost,False,3,24720,0,0.0,0,0.0,False
split20260918/S02/catboost_P_t_24,"[0, 2]",20260918,catboost,False,3,24720,0,0.0,0,0.0,False
split20260918/S02/catboost_N_t_24,"[0, 2]",20260918,catboost,False,3,24720,0,0.0,0,0.0,False
split20260918/S02/catboost_D_t_24,"[0, 2]",20260918,catboost,False,3,24720,0,0.0,0,0.0,False
split20260918/S02/catboost_R_t_24,"[0, 2]",20260918,catboost,False,3,24720,0,0.0,0,0.0,False
split20260918/S02/catboost_osi_48,"[0, 2]",20260918,catboost,False,3,19776,0,0.0,0,0.0,False
split20260918/S02/catboost_P_t_48,"[0, 2]",20260918,catboost,False,3,19776,0,0.0,0,0.0,False
split20260918/S02/catboost_N_t_48,"[0, 2]",20260918,catboost,False,3,19776,0,0.0,0,0.0,False
split20260918/S02/catboost_D_t_48,"[0, 2]",20260918,catboost,False,3,19776,0,0.0,0,0.0,False
split20260918/S02/catboost_R_t_48,"[0, 2]",20260918,catboost,False,3,19776,0,0.0,0,0.0,False
split20260918/S03/lgb_N_t_01,"[0, 3]",20260918,lightgbm,False,3,29458,0,0.0,0,2.6020852139652106e-18,True
split20260918/S03/lgb_D_t_01,"[0, 3]",20260918,lightgbm,False,3,29458,0,0.0,0,2.0816681711721685e-17,True
split20260918/S03/lgb_R_t_01,"[0, 3]",20260918,lightgbm,False,3,29458,0,0.0,0,5.204170427930421e-18,True
split20260918/S03/lgb_N_t_06,"[0, 3]",20260918,lightgbm,False,3,28428,0,0.0,0,6.071532165918825e-18,True
split20260918/S03/lgb_D_t_06,"[0, 3]",20260918,lightgbm,False,3,28428,0,0.0,0,2.0816681711721685e-17,True
split20260918/S03/lgb_R_t_06,"[0, 3]",20260918,lightgbm,False,3,28428,0,0.0,0,3.0357660829594124e-18,True
split20260918/S03/lgb_P_t_24,"[0, 3]",20260918,lightgbm,False,3,24720,0,0.0,0,1.0408340855860843e-17,True
split20260918/S03/lgb_N_t_24,"[0, 3]",20260918,lightgbm,False,3,24720,0,0.0,0,2.168404344971009e-18,True
split20260918/S03/lgb_D_t_24,"[0, 3]",20260918,lightgbm,False,3,24720,0,0.0,0,1.214306433183765e-17,True
split20260918/S03/lgb_R_t_24,"[0, 3]",20260918,lightgbm,False,3,24720,0,0.0,0,5.637851296924623e-18,True
split20260918/S03/lgb_P_t_48,"[0, 3]",20260918,lightgbm,False,3,19776,0,0.0,0,8.673617379884035e-18,True
split20260918/S03/lgb_N_t_48,"[0, 3]",20260918,lightgbm,False,3,19776,0,0.0,0,2.168404344971009e-18,True
split20260918/S03/lgb_D_t_48,"[0, 3]",20260918,lightgbm,False,3,19776,0,0.0,1,5.436074200799307e-07,True
split20260918/S03/lgb_R_t_48,"[0, 3]",20260918,lightgbm,False,3,19776,0,0.0,0,3.469446951953614e-18,True
split20260918/S03/lgb_osi_24,"[0, 3]",20260918,lightgbm,False,3,24720,0,0.0,0,3.469446951953614e-18,True
split20260918/S03/lgb_osi_48,"[0, 3]",20260918,lightgbm,False,3,19776,0,0.0,0,1.214306433183765e-17,True
split20260918/S03/P01_a,"[0, 3]",20260918,lightgbm,False,3,29458,0,0.0,0,0.0,True
split20260918/S03/P01_b,"[0, 3]",20260918,lightgbm,False,3,29458,0,0.0,0,0.0,True
split20260918/S03/P06_a,"[0, 3]",20260918,lightgbm,False,3,28428,0,0.0,0,0.0,True
split20260918/S03/P06_b,"[0, 3]",20260918,lightgbm,False,3,28428,0,0.0,0,0.0,True
split20260918/S03/P24_neighbor,"[0, 3]",20260918,lightgbm,False,3,24720,0,0.0,0,1.0408340855860843e-17,True
split20260918/S03/D01_unknown,"[0, 3]",20260918,lightgbm,False,3,29458,0,0.0,0,1.3877787807814457e-17,True
split20260918/S03/xgboost_osi_24,"[0, 3]",20260918,xgboost,False,3,24720,0,0.0,0,0.0,True
split20260918/S03/xgboost_P_t_24,"[0, 3]",20260918,xgboost,False,3,24720,0,0.0,0,0.0,True
split20260918/S03/xgboost_N_t_24,"[0, 3]",20260918,xgboost,False,3,24720,0,0.0,0,0.0,True
split20260918/S03/xgboost_D_t_24,"[0, 3]",20260918,xgboost,False,3,24720,0,0.0,0,0.0,True
split20260918/S03/xgboost_R_t_24,"[0, 3]",20260918,xgboost,False,3,24720,0,0.0,0,0.0,True
split20260918/S03/xgboost_osi_48,"[0, 3]",20260918,xgboost,False,3,19776,0,0.0,0,0.0,True
split20260918/S03/xgboost_P_t_48,"[0, 3]",20260918,xgboost,False,3,19776,0,0.0,0,0.0,True
split20260918/S03/xgboost_N_t_48,"[0, 3]",20260918,xgboost,False,3,19776,0,0.0,0,0.0,True
split20260918/S03/xgboost_D_t_48,"[0, 3]",20260918,xgboost,False,3,19776,0,0.0,0,0.0,True
split20260918/S03/xgboost_R_t_48,"[0, 3]",20260918,xgboost,False,3,19776,0,0.0,0,0.0,True
split20260918/S03/catboost_osi_24,"[0, 3]",20260918,catboost,False,3,24720,0,0.0,0,0.0,False
split20260918/S03/catboost_P_t_24,"[0, 3]",20260918,catboost,False,3,24720,0,0.0,0,0.0,False
split20260918/S03/catboost_N_t_24,"[0, 3]",20260918,catboost,False,3,24720,0,0.0,0,0.0,False
split20260918/S03/catboost_D_t_24,"[0, 3]",20260918,catboost,False,3,24720,0,0.0,0,0.0,False
split20260918/S03/catboost_R_t_24,"[0, 3]",20260918,catboost,False,3,24720,0,0.0,0,0.0,False
split20260918/S03/catboost_osi_48,"[0, 3]",20260918,catboost,False,3,19776,0,0.0,0,0.0,False
split20260918/S03/catboost_P_t_48,"[0, 3]",20260918,catboost,False,3,19776,0,0.0,0,0.0,False
split20260918/S03/catboost_N_t_48,"[0, 3]",20260918,catboost,False,3,19776,0,0.0,0,0.0,False
split20260918/S03/catboost_D_t_48,"[0, 3]",20260918,catboost,False,3,19776,0,0.0,0,0.0,False
split20260918/S03/catboost_R_t_48,"[0, 3]",20260918,catboost,False,3,19776,0,0.0,0,0.0,False
split20260918/S04/lgb_N_t_01,"[0, 4]",20260918,lightgbm,False,3,29458,0,0.0,0,8.239936510889834e-18,True
split20260918/S04/lgb_D_t_01,"[0, 4]",20260918,lightgbm,False,3,29458,0,0.0,0,2.42861286636753e-17,True
split20260918/S04/lgb_R_t_01,"[0, 4]",20260918,lightgbm,False,3,29458,0,0.0,0,3.0357660829594124e-18,True
split20260918/S04/lgb_N_t_06,"[0, 4]",20260918,lightgbm,False,3,28428,0,0.0,0,1.1709383462843448e-17,True
split20260918/S04/lgb_D_t_06,"[0, 4]",20260918,lightgbm,False,3,28428,0,0.0,0,2.0816681711721685e-17,True
split20260918/S04/lgb_R_t_06,"[0, 4]",20260918,lightgbm,False,3,28428,0,0.0,0,3.0357660829594124e-18,True
split20260918/S04/lgb_P_t_24,"[0, 4]",20260918,lightgbm,False,3,24720,0,0.0,0,2.3245294578089215e-16,True
split20260918/S04/lgb_N_t_24,"[0, 4]",20260918,lightgbm,False,3,24720,0,0.0,0,2.168404344971009e-18,True
split20260918/S04/lgb_D_t_24,"[0, 4]",20260918,lightgbm,False,3,24720,0,0.0,0,1.734723475976807e-17,True
split20260918/S04/lgb_R_t_24,"[0, 4]",20260918,lightgbm,False,3,24720,0,0.0,0,5.074066167232161e-17,True
split20260918/S04/lgb_P_t_48,"[0, 4]",20260918,lightgbm,False,3,19776,0,0.0,0,1.3357370765021415e-16,True
split20260918/S04/lgb_N_t_48,"[0, 4]",20260918,lightgbm,False,3,19776,0,0.0,0,1.0625181290357943e-17,True
split20260918/S04/lgb_D_t_48,"[0, 4]",20260918,lightgbm,False,3,19776,0,0.0,0,7.45931094670027e-17,True
split20260918/S04/lgb_R_t_48,"[0, 4]",20260918,lightgbm,False,3,19776,0,0.0,0,1.2576745200831851e-17,True
split20260918/S04/lgb_osi_24,"[0, 4]",20260918,lightgbm,False,3,24720,0,0.0,0,5.377642775528102e-17,True
split20260918/S04/lgb_osi_48,"[0, 4]",20260918,lightgbm,False,3,19776,0,0.0,0,2.168404344971009e-17,True
split20260918/S04/P01_a,"[0, 4]",20260918,lightgbm,False,3,29458,0,0.0,0,0.0,True
split20260918/S04/P01_b,"[0, 4]",20260918,lightgbm,False,3,29458,0,0.0,0,1.734723475976807e-18,True
split20260918/S04/P06_a,"[0, 4]",20260918,lightgbm,False,3,28428,0,0.0,0,0.0,True
split20260918/S04/P06_b,"[0, 4]",20260918,lightgbm,False,3,28428,0,0.0,0,1.734723475976807e-18,True
split20260918/S04/P24_neighbor,"[0, 4]",20260918,lightgbm,False,3,24720,0,0.0,0,6.245004513516506e-17,True
split20260918/S04/D01_unknown,"[0, 4]",20260918,lightgbm,False,3,29458,0,0.0,0,3.469446951953614e-18,True
split20260918/S04/xgboost_osi_24,"[0, 4]",20260918,xgboost,False,3,24720,0,0.0,0,0.0,True
split20260918/S04/xgboost_P_t_24,"[0, 4]",20260918,xgboost,False,3,24720,0,0.0,0,0.0,True
split20260918/S04/xgboost_N_t_24,"[0, 4]",20260918,xgboost,False,3,24720,0,0.0,0,0.0,True
split20260918/S04/xgboost_D_t_24,"[0, 4]",20260918,xgboost,False,3,24720,0,0.0,0,0.0,True
split20260918/S04/xgboost_R_t_24,"[0, 4]",20260918,xgboost,False,3,24720,0,0.0,0,0.0,True
split20260918/S04/xgboost_osi_48,"[0, 4]",20260918,xgboost,False,3,19776,0,0.0,0,0.0,True
split20260918/S04/xgboost_P_t_48,"[0, 4]",20260918,xgboost,False,3,19776,0,0.0,0,0.0,True
split20260918/S04/xgboost_N_t_48,"[0, 4]",20260918,xgboost,False,3,19776,0,0.0,0,0.0,True
split20260918/S04/xgboost_D_t_48,"[0, 4]",20260918,xgboost,False,3,19776,0,0.0,0,0.0,True
split20260918/S04/xgboost_R_t_48,"[0, 4]",20260918,xgboost,False,3,19776,0,0.0,0,0.0,True
split20260918/S04/catboost_osi_24,"[0, 4]",20260918,catboost,False,3,24720,0,0.0,0,0.0,False
split20260918/S04/catboost_P_t_24,"[0, 4]",20260918,catboost,False,3,24720,0,0.0,0,0.0,False
split20260918/S04/catboost_N_t_24,"[0, 4]",20260918,catboost,False,3,24720,0,0.0,0,0.0,False
split20260918/S04/catboost_D_t_24,"[0, 4]",20260918,catboost,False,3,24720,0,0.0,0,0.0,False
split20260918/S04/catboost_R_t_24,"[0, 4]",20260918,catboost,False,3,24720,0,0.0,0,0.0,False
split20260918/S04/catboost_osi_48,"[0, 4]",20260918,catboost,False,3,19776,0,0.0,0,0.0,False
split20260918/S04/catboost_P_t_48,"[0, 4]",20260918,catboost,False,3,19776,0,0.0,0,0.0,False
split20260918/S04/catboost_N_t_48,"[0, 4]",20260918,catboost,False,3,19776,0,0.0,0,0.0,False
split20260918/S04/catboost_D_t_48,"[0, 4]",20260918,catboost,False,3,19776,0,0.0,0,0.0,False
split20260918/S04/catboost_R_t_48,"[0, 4]",20260918,catboost,False,3,19776,0,0.0,0,0.0,False
split20260918/S12/lgb_N_t_01,"[1, 2]",20260918,lightgbm,False,3,29601,0,0.0,1,1.0524733215760279e-07,True
split20260918/S12/lgb_D_t_01,"[1, 2]",20260918,lightgbm,False,3,29601,0,0.0,0,3.8163916471489756e-17,True
split20260918/S12/lgb_R_t_01,"[1, 2]",20260918,lightgbm,False,3,29601,0,0.0,0,7.806255641895632e-18,True
split20260918/S12/lgb_N_t_06,"[1, 2]",20260918,lightgbm,False,3,28566,0,0.0,0,3.903127820947816e-18,True
split20260918/S12/lgb_D_t_06,"[1, 2]",20260918,lightgbm,False,3,28566,0,0.0,0,5.551115123125783e-17,True
split20260918/S12/lgb_R_t_06,"[1, 2]",20260918,lightgbm,False,3,28566,0,0.0,0,2.2985086056692694e-17,True
split20260918/S12/lgb_P_t_24,"[1, 2]",20260918,lightgbm,False,3,24840,0,0.0,0,2.0816681711721685e-17,True
split20260918/S12/lgb_N_t_24,"[1, 2]",20260918,lightgbm,False,3,24840,0,0.0,1,1.1410268698289205e-07,True
split20260918/S12/lgb_D_t_24,"[1, 2]",20260918,lightgbm,False,3,24840,0,0.0,0,2.7755575615628914e-17,True
split20260918/S12/lgb_R_t_24,"[1, 2]",20260918,lightgbm,False,3,24840,0,0.0,0,8.673617379884035e-18,True
split20260918/S12/lgb_P_t_48,"[1, 2]",20260918,lightgbm,False,3,19872,0,0.0,0,5.204170427930421e-18,True
split20260918/S12/lgb_N_t_48,"[1, 2]",20260918,lightgbm,False,3,19872,0,0.0,0,2.6020852139652106e-18,True
split20260918/S12/lgb_D_t_48,"[1, 2]",20260918,lightgbm,False,3,19872,0,0.0,0,6.938893903907228e-18,True
split20260918/S12/lgb_R_t_48,"[1, 2]",20260918,lightgbm,False,3,19872,0,0.0,0,4.336808689942018e-18,True
split20260918/S12/lgb_osi_24,"[1, 2]",20260918,lightgbm,False,3,24840,0,0.0,0,1.734723475976807e-18,True
split20260918/S12/lgb_osi_48,"[1, 2]",20260918,lightgbm,False,3,19872,0,0.0,0,2.6020852139652106e-18,True
split20260918/S12/P01_a,"[1, 2]",20260918,lightgbm,False,3,29601,0,0.0,0,0.0,True
split20260918/S12/P01_b,"[1, 2]",20260918,lightgbm,False,3,29601,0,0.0,0,1.734723475976807e-18,True
split20260918/S12/P06_a,"[1, 2]",20260918,lightgbm,False,3,28566,0,0.0,0,0.0,True
split20260918/S12/P06_b,"[1, 2]",20260918,lightgbm,False,3,28566,0,0.0,0,3.469446951953614e-18,True
split20260918/S12/P24_neighbor,"[1, 2]",20260918,lightgbm,False,3,24840,0,0.0,0,3.469446951953614e-18,True
split20260918/S12/D01_unknown,"[1, 2]",20260918,lightgbm,False,3,29601,0,0.0,0,2.7755575615628914e-17,True
split20260918/S12/xgboost_osi_24,"[1, 2]",20260918,xgboost,False,3,24840,0,0.0,0,0.0,True
split20260918/S12/xgboost_P_t_24,"[1, 2]",20260918,xgboost,False,3,24840,0,0.0,0,0.0,True
split20260918/S12/xgboost_N_t_24,"[1, 2]",20260918,xgboost,False,3,24840,0,0.0,0,0.0,True
split20260918/S12/xgboost_D_t_24,"[1, 2]",20260918,xgboost,False,3,24840,0,0.0,0,0.0,True
split20260918/S12/xgboost_R_t_24,"[1, 2]",20260918,xgboost,False,3,24840,0,0.0,0,0.0,True
split20260918/S12/xgboost_osi_48,"[1, 2]",20260918,xgboost,False,3,19872,0,0.0,0,0.0,True
split20260918/S12/xgboost_P_t_48,"[1, 2]",20260918,xgboost,False,3,19872,0,0.0,0,0.0,True
split20260918/S12/xgboost_N_t_48,"[1, 2]",20260918,xgboost,False,3,19872,0,0.0,0,0.0,True
split20260918/S12/xgboost_D_t_48,"[1, 2]",20260918,xgboost,False,3,19872,0,0.0,0,0.0,True
split20260918/S12/xgboost_R_t_48,"[1, 2]",20260918,xgboost,False,3,19872,0,0.0,0,0.0,True
split20260918/S12/catboost_osi_24,"[1, 2]",20260918,catboost,False,3,24840,0,0.0,0,0.0,False
split20260918/S12/catboost_P_t_24,"[1, 2]",20260918,catboost,False,3,24840,0,0.0,0,0.0,False
split20260918/S12/catboost_N_t_24,"[1, 2]",20260918,catboost,False,3,24840,0,0.0,0,0.0,False
split20260918/S12/catboost_D_t_24,"[1, 2]",20260918,catboost,False,3,24840,0,0.0,0,0.0,False
split20260918/S12/catboost_R_t_24,"[1, 2]",20260918,catboost,False,3,24840,0,0.0,0,0.0,False
split20260918/S12/catboost_osi_48,"[1, 2]",20260918,catboost,False,3,19872,0,0.0,0,0.0,False
split20260918/S12/catboost_P_t_48,"[1, 2]",20260918,catboost,False,3,19872,0,0.0,0,0.0,False
split20260918/S12/catboost_N_t_48,"[1, 2]",20260918,catboost,False,3,19872,0,0.0,0,0.0,False
split20260918/S12/catboost_D_t_48,"[1, 2]",20260918,catboost,False,3,19872,0,0.0,0,0.0,False
split20260918/S12/catboost_R_t_48,"[1, 2]",20260918,catboost,False,3,19872,0,0.0,0,0.0,False
split20260918/S13/lgb_N_t_01,"[1, 3]",20260918,lightgbm,False,3,29601,0,0.0,0,8.673617379884035e-19,True
split20260918/S13/lgb_D_t_01,"[1, 3]",20260918,lightgbm,False,3,29601,0,0.0,0,2.42861286636753e-17,True
split20260918/S13/lgb_R_t_01,"[1, 3]",20260918,lightgbm,False,3,29601,0,0.0,0,1.734723475976807e-18,True
split20260918/S13/lgb_N_t_06,"[1, 3]",20260918,lightgbm,False,3,28566,0,0.0,0,7.37257477290143e-18,True
split20260918/S13/lgb_D_t_06,"[1, 3]",20260918,lightgbm,False,3,28566,0,0.0,0,5.898059818321144e-17,True
split20260918/S13/lgb_R_t_06,"[1, 3]",20260918,lightgbm,False,3,28566,0,0.0,0,3.903127820947816e-18,True
split20260918/S13/lgb_P_t_24,"[1, 3]",20260918,lightgbm,False,3,24840,0,0.0,0,6.765421556309548e-17,True
split20260918/S13/lgb_N_t_24,"[1, 3]",20260918,lightgbm,False,3,24840,0,0.0,1,3.892266839042313e-08,True
split20260918/S13/lgb_D_t_24,"[1, 3]",20260918,lightgbm,False,3,24840,0,0.0,0,2.0816681711721685e-17,True
split20260918/S13/lgb_R_t_24,"[1, 3]",20260918,lightgbm,False,3,24840,0,0.0,1,5.206730296011819e-07,True
split20260918/S13/lgb_P_t_48,"[1, 3]",20260918,lightgbm,False,3,19872,0,0.0,0,3.122502256758253e-17,True
split20260918/S13/lgb_N_t_48,"[1, 3]",20260918,lightgbm,False,3,19872,0,0.0,1,4.3297708068401955e-07,True
split20260918/S13/lgb_D_t_48,"[1, 3]",20260918,lightgbm,False,3,19872,0,0.0,1,2.7320252912743648e-06,True
split20260918/S13/lgb_R_t_48,"[1, 3]",20260918,lightgbm,False,3,19872,0,0.0,0,7.15573433840433e-18,True
split20260918/S13/lgb_osi_24,"[1, 3]",20260918,lightgbm,False,3,24840,0,0.0,0,2.7755575615628914e-17,True
split20260918/S13/lgb_osi_48,"[1, 3]",20260918,lightgbm,False,3,19872,0,0.0,0,3.469446951953614e-18,True
split20260918/S13/P01_a,"[1, 3]",20260918,lightgbm,False,3,29601,0,0.0,0,1.734723475976807e-18,True
split20260918/S13/P01_b,"[1, 3]",20260918,lightgbm,False,3,29601,0,0.0,0,0.0,True
split20260918/S13/P06_a,"[1, 3]",20260918,lightgbm,False,3,28566,0,0.0,0,0.0,True
split20260918/S13/P06_b,"[1, 3]",20260918,lightgbm,False,3,28566,0,0.0,0,3.469446951953614e-18,True
split20260918/S13/P24_neighbor,"[1, 3]",20260918,lightgbm,False,3,24840,0,0.0,0,5.377642775528102e-17,True
split20260918/S13/D01_unknown,"[1, 3]",20260918,lightgbm,False,3,29601,0,0.0,0,2.7755575615628914e-17,True
split20260918/S13/xgboost_osi_24,"[1, 3]",20260918,xgboost,False,3,24840,0,0.0,0,0.0,True
split20260918/S13/xgboost_P_t_24,"[1, 3]",20260918,xgboost,False,3,24840,0,0.0,0,0.0,True
split20260918/S13/xgboost_N_t_24,"[1, 3]",20260918,xgboost,False,3,24840,0,0.0,0,0.0,True
split20260918/S13/xgboost_D_t_24,"[1, 3]",20260918,xgboost,False,3,24840,0,0.0,0,0.0,True
split20260918/S13/xgboost_R_t_24,"[1, 3]",20260918,xgboost,False,3,24840,0,0.0,0,0.0,True
split20260918/S13/xgboost_osi_48,"[1, 3]",20260918,xgboost,False,3,19872,0,0.0,0,0.0,True
split20260918/S13/xgboost_P_t_48,"[1, 3]",20260918,xgboost,False,3,19872,0,0.0,0,0.0,True
split20260918/S13/xgboost_N_t_48,"[1, 3]",20260918,xgboost,False,3,19872,0,0.0,0,0.0,True
split20260918/S13/xgboost_D_t_48,"[1, 3]",20260918,xgboost,False,3,19872,0,0.0,0,0.0,True
split20260918/S13/xgboost_R_t_48,"[1, 3]",20260918,xgboost,False,3,19872,0,0.0,0,0.0,True
split20260918/S13/catboost_osi_24,"[1, 3]",20260918,catboost,False,3,24840,0,0.0,0,0.0,False
split20260918/S13/catboost_P_t_24,"[1, 3]",20260918,catboost,False,3,24840,0,0.0,0,0.0,False
split20260918/S13/catboost_N_t_24,"[1, 3]",20260918,catboost,False,3,24840,0,0.0,0,0.0,False
split20260918/S13/catboost_D_t_24,"[1, 3]",20260918,catboost,False,3,24840,0,0.0,0,0.0,False
split20260918/S13/catboost_R_t_24,"[1, 3]",20260918,catboost,False,3,24840,0,0.0,0,0.0,False
split20260918/S13/catboost_osi_48,"[1, 3]",20260918,catboost,False,3,19872,0,0.0,0,0.0,False
split20260918/S13/catboost_P_t_48,"[1, 3]",20260918,catboost,False,3,19872,0,0.0,0,0.0,False
split20260918/S13/catboost_N_t_48,"[1, 3]",20260918,catboost,False,3,19872,0,0.0,0,0.0,False
split20260918/S13/catboost_D_t_48,"[1, 3]",20260918,catboost,False,3,19872,0,0.0,0,0.0,False
split20260918/S13/catboost_R_t_48,"[1, 3]",20260918,catboost,False,3,19872,0,0.0,0,0.0,False
split20260918/S14/lgb_N_t_01,"[1, 4]",20260918,lightgbm,False,3,29601,0,0.0,0,3.903127820947816e-18,True
split20260918/S14/lgb_D_t_01,"[1, 4]",20260918,lightgbm,False,3,29601,0,0.0,0,1.734723475976807e-17,True
split20260918/S14/lgb_R_t_01,"[1, 4]",20260918,lightgbm,False,3,29601,0,0.0,0,1.3010426069826053e-18,True
split20260918/S14/lgb_N_t_06,"[1, 4]",20260918,lightgbm,False,3,28566,0,0.0,0,1.734723475976807e-18,True
split20260918/S14/lgb_D_t_06,"[1, 4]",20260918,lightgbm,False,3,28566,0,0.0,0,1.3877787807814457e-17,True
split20260918/S14/lgb_R_t_06,"[1, 4]",20260918,lightgbm,False,3,28566,0,0.0,0,3.469446951953614e-18,True
split20260918/S14/lgb_P_t_24,"[1, 4]",20260918,lightgbm,False,3,24840,0,0.0,0,2.0816681711721685e-17,True
split20260918/S14/lgb_N_t_24,"[1, 4]",20260918,lightgbm,False,3,24840,0,0.0,0,2.6020852139652106e-18,True
split20260918/S14/lgb_D_t_24,"[1, 4]",20260918,lightgbm,False,3,24840,0,0.0,0,1.3877787807814457e-17,True
split20260918/S14/lgb_R_t_24,"[1, 4]",20260918,lightgbm,False,3,24840,0,0.0,1,4.151651436176684e-08,True
split20260918/S14/lgb_P_t_48,"[1, 4]",20260918,lightgbm,False,3,19872,0,0.0,0,3.469446951953614e-18,True
split20260918/S14/lgb_N_t_48,"[1, 4]",20260918,lightgbm,False,3,19872,0,0.0,0,1.734723475976807e-18,True
split20260918/S14/lgb_D_t_48,"[1, 4]",20260918,lightgbm,False,3,19872,0,0.0,0,1.9081958235744878e-17,True
split20260918/S14/lgb_R_t_48,"[1, 4]",20260918,lightgbm,False,3,19872,0,0.0,0,6.505213034913027e-19,True
split20260918/S14/lgb_osi_24,"[1, 4]",20260918,lightgbm,False,3,24840,0,0.0,0,5.204170427930421e-18,True
split20260918/S14/lgb_osi_48,"[1, 4]",20260918,lightgbm,False,3,19872,0,0.0,0,6.938893903907228e-18,True
split20260918/S14/P01_a,"[1, 4]",20260918,lightgbm,False,3,29601,0,0.0,0,1.734723475976807e-18,True
split20260918/S14/P01_b,"[1, 4]",20260918,lightgbm,False,3,29601,0,0.0,0,0.0,True
split20260918/S14/P06_a,"[1, 4]",20260918,lightgbm,False,3,28566,0,0.0,0,0.0,True
split20260918/S14/P06_b,"[1, 4]",20260918,lightgbm,False,3,28566,0,0.0,0,0.0,True
split20260918/S14/P24_neighbor,"[1, 4]",20260918,lightgbm,False,3,24840,0,0.0,0,3.469446951953614e-17,True
split20260918/S14/D01_unknown,"[1, 4]",20260918,lightgbm,False,3,29601,0,0.0,0,2.42861286636753e-17,True
split20260918/S14/xgboost_osi_24,"[1, 4]",20260918,xgboost,False,3,24840,0,0.0,0,0.0,True
split20260918/S14/xgboost_P_t_24,"[1, 4]",20260918,xgboost,False,3,24840,0,0.0,0,0.0,True
split20260918/S14/xgboost_N_t_24,"[1, 4]",20260918,xgboost,False,3,24840,0,0.0,0,0.0,True
split20260918/S14/xgboost_D_t_24,"[1, 4]",20260918,xgboost,False,3,24840,0,0.0,0,0.0,True
split20260918/S14/xgboost_R_t_24,"[1, 4]",20260918,xgboost,False,3,24840,0,0.0,0,0.0,True
split20260918/S14/xgboost_osi_48,"[1, 4]",20260918,xgboost,False,3,19872,0,0.0,0,0.0,True
split20260918/S14/xgboost_P_t_48,"[1, 4]",20260918,xgboost,False,3,19872,0,0.0,0,0.0,True
split20260918/S14/xgboost_N_t_48,"[1, 4]",20260918,xgboost,False,3,19872,0,0.0,0,0.0,True
split20260918/S14/xgboost_D_t_48,"[1, 4]",20260918,xgboost,False,3,19872,0,0.0,0,0.0,True
split20260918/S14/xgboost_R_t_48,"[1, 4]",20260918,xgboost,False,3,19872,0,0.0,0,0.0,True
split20260918/S14/catboost_osi_24,"[1, 4]",20260918,catboost,False,3,24840,0,0.0,0,0.0,False
split20260918/S14/catboost_P_t_24,"[1, 4]",20260918,catboost,False,3,24840,0,0.0,0,0.0,False
split20260918/S14/catboost_N_t_24,"[1, 4]",20260918,catboost,False,3,24840,0,0.0,0,0.0,False
split20260918/S14/catboost_D_t_24,"[1, 4]",20260918,catboost,False,3,24840,0,0.0,0,0.0,False
split20260918/S14/catboost_R_t_24,"[1, 4]",20260918,catboost,False,3,24840,0,0.0,0,0.0,False
split20260918/S14/catboost_osi_48,"[1, 4]",20260918,catboost,False,3,19872,0,0.0,0,0.0,False
split20260918/S14/catboost_P_t_48,"[1, 4]",20260918,catboost,False,3,19872,0,0.0,0,0.0,False
split20260918/S14/catboost_N_t_48,"[1, 4]",20260918,catboost,False,3,19872,0,0.0,0,0.0,False
split20260918/S14/catboost_D_t_48,"[1, 4]",20260918,catboost,False,3,19872,0,0.0,0,0.0,False
split20260918/S14/catboost_R_t_48,"[1, 4]",20260918,catboost,False,3,19872,0,0.0,0,0.0,False
split20260918/S23/lgb_N_t_01,"[2, 3]",20260918,lightgbm,False,3,29458,0,0.0,0,2.3418766925686896e-17,True
split20260918/S23/lgb_D_t_01,"[2, 3]",20260918,lightgbm,False,3,29458,0,0.0,0,3.469446951953614e-17,True
split20260918/S23/lgb_R_t_01,"[2, 3]",20260918,lightgbm,False,3,29458,0,0.0,0,1.734723475976807e-18,True
split20260918/S23/lgb_N_t_06,"[2, 3]",20260918,lightgbm,False,3,28428,0,0.0,0,2.992397996059992e-17,True
split20260918/S23/lgb_D_t_06,"[2, 3]",20260918,lightgbm,False,3,28428,0,0.0,0,2.0816681711721685e-17,True
split20260918/S23/lgb_R_t_06,"[2, 3]",20260918,lightgbm,False,3,28428,0,0.0,0,3.469446951953614e-18,True
split20260918/S23/lgb_P_t_24,"[2, 3]",20260918,lightgbm,False,3,24720,0,0.0,0,1.0408340855860843e-17,True
split20260918/S23/lgb_N_t_24,"[2, 3]",20260918,lightgbm,False,3,24720,0,0.0,0,6.938893903907228e-18,True
split20260918/S23/lgb_D_t_24,"[2, 3]",20260918,lightgbm,False,3,24720,0,0.0,0,2.0816681711721685e-17,True
split20260918/S23/lgb_R_t_24,"[2, 3]",20260918,lightgbm,False,3,24720,0,0.0,0,3.122502256758253e-17,True
split20260918/S23/lgb_P_t_48,"[2, 3]",20260918,lightgbm,False,3,19776,0,0.0,0,7.632783294297951e-17,True
split20260918/S23/lgb_N_t_48,"[2, 3]",20260918,lightgbm,False,3,19776,0,0.0,0,1.1275702593849246e-17,True
split20260918/S23/lgb_D_t_48,"[2, 3]",20260918,lightgbm,False,3,19776,0,0.0,0,6.591949208711867e-17,True
split20260918/S23/lgb_R_t_48,"[2, 3]",20260918,lightgbm,False,3,19776,0,0.0,0,7.546047120499111e-17,True
split20260918/S23/lgb_osi_24,"[2, 3]",20260918,lightgbm,False,3,24720,0,0.0,0,1.5612511283791264e-17,True
split20260918/S23/lgb_osi_48,"[2, 3]",20260918,lightgbm,False,3,19776,0,0.0,0,5.551115123125783e-17,True
split20260918/S23/P01_a,"[2, 3]",20260918,lightgbm,False,3,29458,0,0.0,0,3.469446951953614e-18,True
split20260918/S23/P01_b,"[2, 3]",20260918,lightgbm,False,3,29458,0,0.0,0,0.0,True
split20260918/S23/P06_a,"[2, 3]",20260918,lightgbm,False,3,28428,0,0.0,0,1.734723475976807e-18,True
split20260918/S23/P06_b,"[2, 3]",20260918,lightgbm,False,3,28428,0,0.0,0,3.469446951953614e-18,True
split20260918/S23/P24_neighbor,"[2, 3]",20260918,lightgbm,False,3,24720,0,0.0,0,2.42861286636753e-17,True
split20260918/S23/D01_unknown,"[2, 3]",20260918,lightgbm,False,3,29458,0,0.0,0,2.7755575615628914e-17,True
split20260918/S23/xgboost_osi_24,"[2, 3]",20260918,xgboost,False,3,24720,0,0.0,0,0.0,True
split20260918/S23/xgboost_P_t_24,"[2, 3]",20260918,xgboost,False,3,24720,0,0.0,0,0.0,True
split20260918/S23/xgboost_N_t_24,"[2, 3]",20260918,xgboost,False,3,24720,0,0.0,0,0.0,True
split20260918/S23/xgboost_D_t_24,"[2, 3]",20260918,xgboost,False,3,24720,0,0.0,0,0.0,True
split20260918/S23/xgboost_R_t_24,"[2, 3]",20260918,xgboost,False,3,24720,0,0.0,0,0.0,True
split20260918/S23/xgboost_osi_48,"[2, 3]",20260918,xgboost,False,3,19776,0,0.0,0,0.0,True
split20260918/S23/xgboost_P_t_48,"[2, 3]",20260918,xgboost,False,3,19776,0,0.0,0,0.0,True
split20260918/S23/xgboost_N_t_48,"[2, 3]",20260918,xgboost,False,3,19776,0,0.0,0,0.0,True
split20260918/S23/xgboost_D_t_48,"[2, 3]",20260918,xgboost,False,3,19776,0,0.0,0,0.0,True
split20260918/S23/xgboost_R_t_48,"[2, 3]",20260918,xgboost,False,3,19776,0,0.0,0,0.0,True
split20260918/S23/catboost_osi_24,"[2, 3]",20260918,catboost,False,3,24720,0,0.0,0,0.0,False
split20260918/S23/catboost_P_t_24,"[2, 3]",20260918,catboost,False,3,24720,0,0.0,0,0.0,False
split20260918/S23/catboost_N_t_24,"[2, 3]",20260918,catboost,False,3,24720,0,0.0,0,0.0,False
split20260918/S23/catboost_D_t_24,"[2, 3]",20260918,catboost,False,3,24720,0,0.0,0,0.0,False
split20260918/S23/catboost_R_t_24,"[2, 3]",20260918,catboost,False,3,24720,0,0.0,0,0.0,False
split20260918/S23/catboost_osi_48,"[2, 3]",20260918,catboost,False,3,19776,0,0.0,0,0.0,False
split20260918/S23/catboost_P_t_48,"[2, 3]",20260918,catboost,False,3,19776,0,0.0,0,0.0,False
split20260918/S23/catboost_N_t_48,"[2, 3]",20260918,catboost,False,3,19776,0,0.0,0,0.0,False
split20260918/S23/catboost_D_t_48,"[2, 3]",20260918,catboost,False,3,19776,0,0.0,0,0.0,False
split20260918/S23/catboost_R_t_48,"[2, 3]",20260918,catboost,False,3,19776,0,0.0,0,0.0,False
split20260918/S24/lgb_N_t_01,"[2, 4]",20260918,lightgbm,False,3,29458,0,0.0,0,4.206704429243757e-17,True
split20260918/S24/lgb_D_t_01,"[2, 4]",20260918,lightgbm,False,3,29458,0,0.0,1,4.1892852976205264e-07,True
split20260918/S24/lgb_R_t_01,"[2, 4]",20260918,lightgbm,False,3,29458,0,0.0,0,6.071532165918825e-18,True
split20260918/S24/lgb_N_t_06,"[2, 4]",20260918,lightgbm,False,3,28428,0,0.0,0,3.946495907847236e-17,True
split20260918/S24/lgb_D_t_06,"[2, 4]",20260918,lightgbm,False,3,28428,0,0.0,0,1.734723475976807e-17,True
split20260918/S24/lgb_R_t_06,"[2, 4]",20260918,lightgbm,False,3,28428,0,0.0,0,1.7780915628762273e-17,True
split20260918/S24/lgb_P_t_24,"[2, 4]",20260918,lightgbm,False,3,24720,0,0.0,0,4.85722573273506e-17,True
split20260918/S24/lgb_N_t_24,"[2, 4]",20260918,lightgbm,False,3,24720,0,0.0,0,1.1275702593849246e-17,True
split20260918/S24/lgb_D_t_24,"[2, 4]",20260918,lightgbm,False,3,24720,0,0.0,0,1.5612511283791264e-17,True
split20260918/S24/lgb_R_t_24,"[2, 4]",20260918,lightgbm,False,3,24720,0,0.0,1,8.216024936771524e-07,True
split20260918/S24/lgb_P_t_48,"[2, 4]",20260918,lightgbm,False,3,19776,0,0.0,0,2.6020852139652106e-17,True
split20260918/S24/lgb_N_t_48,"[2, 4]",20260918,lightgbm,False,3,19776,0,0.0,0,1.0408340855860843e-17,True
split20260918/S24/lgb_D_t_48,"[2, 4]",20260918,lightgbm,False,3,19776,0,0.0,0,4.163336342344337e-17,True
split20260918/S24/lgb_R_t_48,"[2, 4]",20260918,lightgbm,False,3,19776,0,0.0,1,5.046596802168318e-08,True
split20260918/S24/lgb_osi_24,"[2, 4]",20260918,lightgbm,False,3,24720,0,0.0,0,1.474514954580286e-17,True
split20260918/S24/lgb_osi_48,"[2, 4]",20260918,lightgbm,False,3,19776,0,0.0,0,9.540979117872439e-18,True
split20260918/S24/P01_a,"[2, 4]",20260918,lightgbm,False,3,29458,0,0.0,0,0.0,True
split20260918/S24/P01_b,"[2, 4]",20260918,lightgbm,False,3,29458,0,0.0,1,1.1020392832669645e-07,True
split20260918/S24/P06_a,"[2, 4]",20260918,lightgbm,False,3,28428,0,0.0,0,0.0,True
split20260918/S24/P06_b,"[2, 4]",20260918,lightgbm,False,3,28428,0,0.0,0,0.0,True
split20260918/S24/P24_neighbor,"[2, 4]",20260918,lightgbm,False,3,24720,0,0.0,0,4.336808689942018e-17,True
split20260918/S24/D01_unknown,"[2, 4]",20260918,lightgbm,False,3,29458,0,0.0,0,8.673617379884035e-18,True
split20260918/S24/xgboost_osi_24,"[2, 4]",20260918,xgboost,False,3,24720,0,0.0,0,0.0,True
split20260918/S24/xgboost_P_t_24,"[2, 4]",20260918,xgboost,False,3,24720,0,0.0,0,0.0,True
split20260918/S24/xgboost_N_t_24,"[2, 4]",20260918,xgboost,False,3,24720,0,0.0,0,0.0,True
split20260918/S24/xgboost_D_t_24,"[2, 4]",20260918,xgboost,False,3,24720,0,0.0,0,0.0,True
split20260918/S24/xgboost_R_t_24,"[2, 4]",20260918,xgboost,False,3,24720,0,0.0,0,0.0,True
split20260918/S24/xgboost_osi_48,"[2, 4]",20260918,xgboost,False,3,19776,0,0.0,0,0.0,True
split20260918/S24/xgboost_P_t_48,"[2, 4]",20260918,xgboost,False,3,19776,0,0.0,0,0.0,True
split20260918/S24/xgboost_N_t_48,"[2, 4]",20260918,xgboost,False,3,19776,0,0.0,0,0.0,True
split20260918/S24/xgboost_D_t_48,"[2, 4]",20260918,xgboost,False,3,19776,0,0.0,0,0.0,True
split20260918/S24/xgboost_R_t_48,"[2, 4]",20260918,xgboost,False,3,19776,0,0.0,0,0.0,True
split20260918/S24/catboost_osi_24,"[2, 4]",20260918,catboost,False,3,24720,0,0.0,0,0.0,False
split20260918/S24/catboost_P_t_24,"[2, 4]",20260918,catboost,False,3,24720,0,0.0,0,0.0,False
split20260918/S24/catboost_N_t_24,"[2, 4]",20260918,catboost,False,3,24720,0,0.0,0,0.0,False
split20260918/S24/catboost_D_t_24,"[2, 4]",20260918,catboost,False,3,24720,0,0.0,0,0.0,False
split20260918/S24/catboost_R_t_24,"[2, 4]",20260918,catboost,False,3,24720,0,0.0,0,0.0,False
split20260918/S24/catboost_osi_48,"[2, 4]",20260918,catboost,False,3,19776,0,0.0,0,0.0,False
split20260918/S24/catboost_P_t_48,"[2, 4]",20260918,catboost,False,3,19776,0,0.0,0,0.0,False
split20260918/S24/catboost_N_t_48,"[2, 4]",20260918,catboost,False,3,19776,0,0.0,0,0.0,False
split20260918/S24/catboost_D_t_48,"[2, 4]",20260918,catboost,False,3,19776,0,0.0,0,0.0,False
split20260918/S24/catboost_R_t_48,"[2, 4]",20260918,catboost,False,3,19776,0,0.0,0,0.0,False
split20260918/S34/lgb_N_t_01,"[3, 4]",20260918,lightgbm,False,3,29458,0,0.0,1,1.723368254977209e-07,True
split20260918/S34/lgb_D_t_01,"[3, 4]",20260918,lightgbm,False,3,29458,0,0.0,0,3.469446951953614e-18,True
split20260918/S34/lgb_R_t_01,"[3, 4]",20260918,lightgbm,False,3,29458,0,0.0,0,8.673617379884035e-19,True
split20260918/S34/lgb_N_t_06,"[3, 4]",20260918,lightgbm,False,3,28428,0,0.0,0,2.862293735361732e-17,True
split20260918/S34/lgb_D_t_06,"[3, 4]",20260918,lightgbm,False,3,28428,0,0.0,0,2.0816681711721685e-17,True
split20260918/S34/lgb_R_t_06,"[3, 4]",20260918,lightgbm,False,3,28428,0,0.0,0,6.938893903907228e-18,True
split20260918/S34/lgb_P_t_24,"[3, 4]",20260918,lightgbm,False,3,24720,0,0.0,0,2.0469737016526324e-16,True
split20260918/S34/lgb_N_t_24,"[3, 4]",20260918,lightgbm,False,3,24720,0,0.0,0,3.2959746043559335e-17,True
split20260918/S34/lgb_D_t_24,"[3, 4]",20260918,lightgbm,False,3,24720,0,0.0,0,1.3704315460216776e-16,True
split20260918/S34/lgb_R_t_24,"[3, 4]",20260918,lightgbm,False,3,24720,0,0.0,1,1.0499732870359636e-06,True
split20260918/S34/lgb_P_t_48,"[3, 4]",20260918,lightgbm,False,3,19776,0,0.0,0,3.122502256758253e-17,True
split20260918/S34/lgb_N_t_48,"[3, 4]",20260918,lightgbm,False,3,19776,0,0.0,0,4.7704895589362195e-18,True
split20260918/S34/lgb_D_t_48,"[3, 4]",20260918,lightgbm,False,3,19776,0,0.0,0,7.632783294297951e-17,True
split20260918/S34/lgb_R_t_48,"[3, 4]",20260918,lightgbm,False,3,19776,0,0.0,1,1.8602439448393848e-07,True
split20260918/S34/lgb_osi_24,"[3, 4]",20260918,lightgbm,False,3,24720,0,0.0,0,1.0061396160665481e-16,True
split20260918/S34/lgb_osi_48,"[3, 4]",20260918,lightgbm,False,3,19776,0,0.0,0,9.71445146547012e-17,True
split20260918/S34/P01_a,"[3, 4]",20260918,lightgbm,False,3,29458,0,0.0,0,0.0,True
split20260918/S34/P01_b,"[3, 4]",20260918,lightgbm,False,3,29458,0,0.0,0,1.734723475976807e-18,True
split20260918/S34/P06_a,"[3, 4]",20260918,lightgbm,False,3,28428,0,0.0,0,0.0,True
split20260918/S34/P06_b,"[3, 4]",20260918,lightgbm,False,3,28428,0,0.0,0,0.0,True
split20260918/S34/P24_neighbor,"[3, 4]",20260918,lightgbm,False,3,24720,0,0.0,0,1.960237527853792e-16,True
split20260918/S34/D01_unknown,"[3, 4]",20260918,lightgbm,False,3,29458,0,0.0,0,3.469446951953614e-17,True
split20260918/S34/xgboost_osi_24,"[3, 4]",20260918,xgboost,False,3,24720,0,0.0,0,0.0,True
split20260918/S34/xgboost_P_t_24,"[3, 4]",20260918,xgboost,False,3,24720,0,0.0,0,0.0,True
split20260918/S34/xgboost_N_t_24,"[3, 4]",20260918,xgboost,False,3,24720,0,0.0,0,0.0,True
split20260918/S34/xgboost_D_t_24,"[3, 4]",20260918,xgboost,False,3,24720,0,0.0,0,0.0,True
split20260918/S34/xgboost_R_t_24,"[3, 4]",20260918,xgboost,False,3,24720,0,0.0,0,0.0,True
split20260918/S34/xgboost_osi_48,"[3, 4]",20260918,xgboost,False,3,19776,0,0.0,0,0.0,True
split20260918/S34/xgboost_P_t_48,"[3, 4]",20260918,xgboost,False,3,19776,0,0.0,0,0.0,True
split20260918/S34/xgboost_N_t_48,"[3, 4]",20260918,xgboost,False,3,19776,0,0.0,0,0.0,True
split20260918/S34/xgboost_D_t_48,"[3, 4]",20260918,xgboost,False,3,19776,0,0.0,0,0.0,True
split20260918/S34/xgboost_R_t_48,"[3, 4]",20260918,xgboost,False,3,19776,0,0.0,0,0.0,True
split20260918/S34/catboost_osi_24,"[3, 4]",20260918,catboost,False,3,24720,0,0.0,0,0.0,False
split20260918/S34/catboost_P_t_24,"[3, 4]",20260918,catboost,False,3,24720,0,0.0,0,0.0,False
split20260918/S34/catboost_N_t_24,"[3, 4]",20260918,catboost,False,3,24720,0,0.0,0,0.0,False
split20260918/S34/catboost_D_t_24,"[3, 4]",20260918,catboost,False,3,24720,0,0.0,0,0.0,False
split20260918/S34/catboost_R_t_24,"[3, 4]",20260918,catboost,False,3,24720,0,0.0,0,0.0,False
split20260918/S34/catboost_osi_48,"[3, 4]",20260918,catboost,False,3,19776,0,0.0,0,0.0,False
split20260918/S34/catboost_P_t_48,"[3, 4]",20260918,catboost,False,3,19776,0,0.0,0,0.0,False
split20260918/S34/catboost_N_t_48,"[3, 4]",20260918,catboost,False,3,19776,0,0.0,0,0.0,False
split20260918/S34/catboost_D_t_48,"[3, 4]",20260918,catboost,False,3,19776,0,0.0,0,0.0,False
split20260918/S34/catboost_R_t_48,"[3, 4]",20260918,catboost,False,3,19776,0,0.0,0,0.0,False
split20260918/S012/lgb_N_t_01,"[0, 1, 2]",20260918,lightgbm,False,4,22737,0,0.0,0,6.071532165918825e-18,True
split20260918/S012/lgb_D_t_01,"[0, 1, 2]",20260918,lightgbm,False,4,22737,0,0.0,0,2.0816681711721685e-17,True
split20260918/S012/lgb_R_t_01,"[0, 1, 2]",20260918,lightgbm,False,4,22737,0,0.0,0,6.071532165918825e-18,True
split20260918/S012/lgb_N_t_06,"[0, 1, 2]",20260918,lightgbm,False,4,21942,0,0.0,0,1.0408340855860843e-17,True
split20260918/S012/lgb_D_t_06,"[0, 1, 2]",20260918,lightgbm,False,4,21942,0,0.0,0,5.898059818321144e-17,True
split20260918/S012/lgb_R_t_06,"[0, 1, 2]",20260918,lightgbm,False,4,21942,0,0.0,0,5.204170427930421e-18,True
split20260918/S012/lgb_P_t_24,"[0, 1, 2]",20260918,lightgbm,True,1,19080,11520,0.0,0,0.0,True
split20260918/S012/lgb_N_t_24,"[0, 1, 2]",20260918,lightgbm,True,1,19080,11520,0.0,0,0.0,True
split20260918/S012/lgb_D_t_24,"[0, 1, 2]",20260918,lightgbm,True,1,19080,11520,0.0,0,0.0,True
split20260918/S012/lgb_R_t_24,"[0, 1, 2]",20260918,lightgbm,True,1,19080,11520,0.0,0,0.0,True
split20260918/S012/lgb_P_t_48,"[0, 1, 2]",20260918,lightgbm,True,1,15264,9216,0.0,0,0.0,True
split20260918/S012/lgb_N_t_48,"[0, 1, 2]",20260918,lightgbm,True,1,15264,9216,0.0,0,0.0,True
split20260918/S012/lgb_D_t_48,"[0, 1, 2]",20260918,lightgbm,True,1,15264,9216,0.0,0,0.0,True
split20260918/S012/lgb_R_t_48,"[0, 1, 2]",20260918,lightgbm,True,1,15264,9216,0.0,0,0.0,True
split20260918/S012/lgb_osi_24,"[0, 1, 2]",20260918,lightgbm,False,4,19080,0,0.0,0,1.734723475976807e-17,True
split20260918/S012/lgb_osi_48,"[0, 1, 2]",20260918,lightgbm,False,4,15264,0,0.0,0,1.3877787807814457e-17,True
split20260918/S012/P01_a,"[0, 1, 2]",20260918,lightgbm,False,4,22737,0,0.0,0,8.673617379884035e-19,True
split20260918/S012/P01_b,"[0, 1, 2]",20260918,lightgbm,False,4,22737,0,0.0,0,0.0,True
split20260918/S012/P06_a,"[0, 1, 2]",20260918,lightgbm,False,4,21942,0,0.0,0,8.673617379884035e-19,True
split20260918/S012/P06_b,"[0, 1, 2]",20260918,lightgbm,False,4,21942,0,0.0,0,0.0,True
split20260918/S012/P24_neighbor,"[0, 1, 2]",20260918,lightgbm,False,4,19080,0,0.0,0,1.214306433183765e-17,True
split20260918/S012/D01_unknown,"[0, 1, 2]",20260918,lightgbm,False,4,22737,0,0.0,0,2.7755575615628914e-17,True
split20260918/S012/xgboost_osi_24,"[0, 1, 2]",20260918,xgboost,False,4,19080,0,0.0,0,0.0,True
split20260918/S012/xgboost_P_t_24,"[0, 1, 2]",20260918,xgboost,False,4,19080,0,0.0,0,0.0,True
split20260918/S012/xgboost_N_t_24,"[0, 1, 2]",20260918,xgboost,False,4,19080,0,0.0,0,0.0,True
split20260918/S012/xgboost_D_t_24,"[0, 1, 2]",20260918,xgboost,False,4,19080,0,0.0,0,0.0,True
split20260918/S012/xgboost_R_t_24,"[0, 1, 2]",20260918,xgboost,False,4,19080,0,0.0,0,0.0,True
split20260918/S012/xgboost_osi_48,"[0, 1, 2]",20260918,xgboost,False,4,15264,0,0.0,0,0.0,True
split20260918/S012/xgboost_P_t_48,"[0, 1, 2]",20260918,xgboost,False,4,15264,0,0.0,0,0.0,True
split20260918/S012/xgboost_N_t_48,"[0, 1, 2]",20260918,xgboost,False,4,15264,0,0.0,0,0.0,True
split20260918/S012/xgboost_D_t_48,"[0, 1, 2]",20260918,xgboost,False,4,15264,0,0.0,0,0.0,True
split20260918/S012/xgboost_R_t_48,"[0, 1, 2]",20260918,xgboost,False,4,15264,0,0.0,0,0.0,True
split20260918/S012/catboost_osi_24,"[0, 1, 2]",20260918,catboost,False,4,19080,0,0.0,0,0.0,False
split20260918/S012/catboost_P_t_24,"[0, 1, 2]",20260918,catboost,False,4,19080,0,0.0,0,0.0,False
split20260918/S012/catboost_N_t_24,"[0, 1, 2]",20260918,catboost,False,4,19080,0,0.0,0,0.0,False
split20260918/S012/catboost_D_t_24,"[0, 1, 2]",20260918,catboost,False,4,19080,0,0.0,0,0.0,False
split20260918/S012/catboost_R_t_24,"[0, 1, 2]",20260918,catboost,False,4,19080,0,0.0,0,0.0,False
split20260918/S012/catboost_osi_48,"[0, 1, 2]",20260918,catboost,False,4,15264,0,0.0,0,0.0,False
split20260918/S012/catboost_P_t_48,"[0, 1, 2]",20260918,catboost,False,4,15264,0,0.0,0,0.0,False
split20260918/S012/catboost_N_t_48,"[0, 1, 2]",20260918,catboost,False,4,15264,0,0.0,0,0.0,False
split20260918/S012/catboost_D_t_48,"[0, 1, 2]",20260918,catboost,False,4,15264,0,0.0,0,0.0,False
split20260918/S012/catboost_R_t_48,"[0, 1, 2]",20260918,catboost,False,4,15264,0,0.0,0,0.0,False
split20260918/S013/lgb_N_t_01,"[0, 1, 3]",20260918,lightgbm,False,4,22737,0,0.0,0,5.637851296924623e-18,True
split20260918/S013/lgb_D_t_01,"[0, 1, 3]",20260918,lightgbm,False,4,22737,0,0.0,0,2.7755575615628914e-17,True
split20260918/S013/lgb_R_t_01,"[0, 1, 3]",20260918,lightgbm,False,4,22737,0,0.0,0,3.903127820947816e-18,True
split20260918/S013/lgb_N_t_06,"[0, 1, 3]",20260918,lightgbm,False,4,21942,0,0.0,0,9.540979117872439e-18,True
split20260918/S013/lgb_D_t_06,"[0, 1, 3]",20260918,lightgbm,False,4,21942,0,0.0,0,5.898059818321144e-17,True
split20260918/S013/lgb_R_t_06,"[0, 1, 3]",20260918,lightgbm,False,4,21942,0,0.0,0,6.071532165918825e-18,True
split20260918/S013/lgb_P_t_24,"[0, 1, 3]",20260918,lightgbm,True,1,19080,11520,0.0,0,0.0,True
split20260918/S013/lgb_N_t_24,"[0, 1, 3]",20260918,lightgbm,True,1,19080,11520,0.0,0,0.0,True
split20260918/S013/lgb_D_t_24,"[0, 1, 3]",20260918,lightgbm,True,1,19080,11520,0.0,0,0.0,True
split20260918/S013/lgb_R_t_24,"[0, 1, 3]",20260918,lightgbm,True,1,19080,11520,0.0,0,0.0,True
split20260918/S013/lgb_P_t_48,"[0, 1, 3]",20260918,lightgbm,True,1,15264,9216,0.0,0,0.0,True
split20260918/S013/lgb_N_t_48,"[0, 1, 3]",20260918,lightgbm,True,1,15264,9216,0.0,0,0.0,True
split20260918/S013/lgb_D_t_48,"[0, 1, 3]",20260918,lightgbm,True,1,15264,9216,0.0,0,0.0,True
split20260918/S013/lgb_R_t_48,"[0, 1, 3]",20260918,lightgbm,True,1,15264,9216,0.0,0,0.0,True
split20260918/S013/lgb_osi_24,"[0, 1, 3]",20260918,lightgbm,False,4,19080,0,0.0,0,2.0990154059319366e-16,True
split20260918/S013/lgb_osi_48,"[0, 1, 3]",20260918,lightgbm,False,4,15264,0,0.0,0,4.163336342344337e-17,True
split20260918/S013/P01_a,"[0, 1, 3]",20260918,lightgbm,False,4,22737,0,0.0,0,0.0,True
split20260918/S013/P01_b,"[0, 1, 3]",20260918,lightgbm,False,4,22737,0,0.0,0,0.0,True
split20260918/S013/P06_a,"[0, 1, 3]",20260918,lightgbm,False,4,21942,0,0.0,0,1.734723475976807e-18,True
split20260918/S013/P06_b,"[0, 1, 3]",20260918,lightgbm,False,4,21942,0,0.0,0,0.0,True
split20260918/S013/P24_neighbor,"[0, 1, 3]",20260918,lightgbm,False,4,19080,0,0.0,0,1.5959455978986625e-16,True
split20260918/S013/D01_unknown,"[0, 1, 3]",20260918,lightgbm,False,4,22737,0,0.0,0,2.42861286636753e-17,True
split20260918/S013/xgboost_osi_24,"[0, 1, 3]",20260918,xgboost,False,4,19080,0,0.0,0,0.0,True
split20260918/S013/xgboost_P_t_24,"[0, 1, 3]",20260918,xgboost,False,4,19080,0,0.0,0,0.0,True
split20260918/S013/xgboost_N_t_24,"[0, 1, 3]",20260918,xgboost,False,4,19080,0,0.0,0,0.0,True
split20260918/S013/xgboost_D_t_24,"[0, 1, 3]",20260918,xgboost,False,4,19080,0,0.0,0,0.0,True
split20260918/S013/xgboost_R_t_24,"[0, 1, 3]",20260918,xgboost,False,4,19080,0,0.0,0,0.0,True
split20260918/S013/xgboost_osi_48,"[0, 1, 3]",20260918,xgboost,False,4,15264,0,0.0,0,0.0,True
split20260918/S013/xgboost_P_t_48,"[0, 1, 3]",20260918,xgboost,False,4,15264,0,0.0,0,0.0,True
split20260918/S013/xgboost_N_t_48,"[0, 1, 3]",20260918,xgboost,False,4,15264,0,0.0,0,0.0,True
split20260918/S013/xgboost_D_t_48,"[0, 1, 3]",20260918,xgboost,False,4,15264,0,0.0,0,0.0,True
split20260918/S013/xgboost_R_t_48,"[0, 1, 3]",20260918,xgboost,False,4,15264,0,0.0,0,0.0,True
split20260918/S013/catboost_osi_24,"[0, 1, 3]",20260918,catboost,False,4,19080,0,0.0,0,0.0,False
split20260918/S013/catboost_P_t_24,"[0, 1, 3]",20260918,catboost,False,4,19080,0,0.0,0,0.0,False
split20260918/S013/catboost_N_t_24,"[0, 1, 3]",20260918,catboost,False,4,19080,0,0.0,0,0.0,False
split20260918/S013/catboost_D_t_24,"[0, 1, 3]",20260918,catboost,False,4,19080,0,0.0,0,0.0,False
split20260918/S013/catboost_R_t_24,"[0, 1, 3]",20260918,catboost,False,4,19080,0,0.0,0,0.0,False
split20260918/S013/catboost_osi_48,"[0, 1, 3]",20260918,catboost,False,4,15264,0,0.0,0,0.0,False
split20260918/S013/catboost_P_t_48,"[0, 1, 3]",20260918,catboost,False,4,15264,0,0.0,0,0.0,False
split20260918/S013/catboost_N_t_48,"[0, 1, 3]",20260918,catboost,False,4,15264,0,0.0,0,0.0,False
split20260918/S013/catboost_D_t_48,"[0, 1, 3]",20260918,catboost,False,4,15264,0,0.0,0,0.0,False
split20260918/S013/catboost_R_t_48,"[0, 1, 3]",20260918,catboost,False,4,15264,0,0.0,0,0.0,False
split20260918/S014/lgb_N_t_01,"[0, 1, 4]",20260918,lightgbm,False,4,22737,0,0.0,0,1.3010426069826053e-18,True
split20260918/S014/lgb_D_t_01,"[0, 1, 4]",20260918,lightgbm,False,4,22737,0,0.0,0,1.734723475976807e-17,True
split20260918/S014/lgb_R_t_01,"[0, 1, 4]",20260918,lightgbm,False,4,22737,0,0.0,0,3.469446951953614e-18,True
split20260918/S014/lgb_N_t_06,"[0, 1, 4]",20260918,lightgbm,False,4,21942,0,0.0,0,2.6020852139652106e-18,True
split20260918/S014/lgb_D_t_06,"[0, 1, 4]",20260918,lightgbm,False,4,21942,0,0.0,0,1.3877787807814457e-17,True
split20260918/S014/lgb_R_t_06,"[0, 1, 4]",20260918,lightgbm,False,4,21942,0,0.0,0,3.0357660829594124e-18,True
split20260918/S014/lgb_P_t_24,"[0, 1, 4]",20260918,lightgbm,True,1,19080,11520,0.0,0,0.0,True
split20260918/S014/lgb_N_t_24,"[0, 1, 4]",20260918,lightgbm,True,1,19080,11520,0.0,0,0.0,True
split20260918/S014/lgb_D_t_24,"[0, 1, 4]",20260918,lightgbm,True,1,19080,11520,0.0,0,0.0,True
split20260918/S014/lgb_R_t_24,"[0, 1, 4]",20260918,lightgbm,True,1,19080,11520,0.0,0,0.0,True
split20260918/S014/lgb_P_t_48,"[0, 1, 4]",20260918,lightgbm,True,1,15264,9216,0.0,0,0.0,True
split20260918/S014/lgb_N_t_48,"[0, 1, 4]",20260918,lightgbm,True,1,15264,9216,0.0,0,0.0,True
split20260918/S014/lgb_D_t_48,"[0, 1, 4]",20260918,lightgbm,True,1,15264,9216,0.0,0,0.0,True
split20260918/S014/lgb_R_t_48,"[0, 1, 4]",20260918,lightgbm,True,1,15264,9216,0.0,0,0.0,True
split20260918/S014/lgb_osi_24,"[0, 1, 4]",20260918,lightgbm,False,4,19080,0,0.0,0,2.6020852139652106e-17,True
split20260918/S014/lgb_osi_48,"[0, 1, 4]",20260918,lightgbm,False,4,15264,0,0.0,0,6.071532165918825e-17,True
split20260918/S014/P01_a,"[0, 1, 4]",20260918,lightgbm,False,4,22737,0,0.0,0,0.0,True
split20260918/S014/P01_b,"[0, 1, 4]",20260918,lightgbm,False,4,22737,0,0.0,0,1.734723475976807e-18,True
split20260918/S014/P06_a,"[0, 1, 4]",20260918,lightgbm,False,4,21942,0,0.0,0,0.0,True
split20260918/S014/P06_b,"[0, 1, 4]",20260918,lightgbm,False,4,21942,0,0.0,0,0.0,True
split20260918/S014/P24_neighbor,"[0, 1, 4]",20260918,lightgbm,False,4,19080,0,0.0,0,8.673617379884035e-18,True
split20260918/S014/D01_unknown,"[0, 1, 4]",20260918,lightgbm,False,4,22737,0,0.0,0,1.734723475976807e-17,True
split20260918/S014/xgboost_osi_24,"[0, 1, 4]",20260918,xgboost,False,4,19080,0,0.0,0,0.0,True
split20260918/S014/xgboost_P_t_24,"[0, 1, 4]",20260918,xgboost,False,4,19080,0,0.0,0,0.0,True
split20260918/S014/xgboost_N_t_24,"[0, 1, 4]",20260918,xgboost,False,4,19080,0,0.0,0,0.0,True
split20260918/S014/xgboost_D_t_24,"[0, 1, 4]",20260918,xgboost,False,4,19080,0,0.0,0,0.0,True
split20260918/S014/xgboost_R_t_24,"[0, 1, 4]",20260918,xgboost,False,4,19080,0,0.0,0,0.0,True
split20260918/S014/xgboost_osi_48,"[0, 1, 4]",20260918,xgboost,False,4,15264,0,0.0,0,0.0,True
split20260918/S014/xgboost_P_t_48,"[0, 1, 4]",20260918,xgboost,False,4,15264,0,0.0,0,0.0,True
split20260918/S014/xgboost_N_t_48,"[0, 1, 4]",20260918,xgboost,False,4,15264,0,0.0,0,0.0,True
split20260918/S014/xgboost_D_t_48,"[0, 1, 4]",20260918,xgboost,False,4,15264,0,0.0,0,0.0,True
split20260918/S014/xgboost_R_t_48,"[0, 1, 4]",20260918,xgboost,False,4,15264,0,0.0,0,0.0,True
split20260918/S014/catboost_osi_24,"[0, 1, 4]",20260918,catboost,False,4,19080,0,0.0,0,0.0,False
split20260918/S014/catboost_P_t_24,"[0, 1, 4]",20260918,catboost,False,4,19080,0,0.0,0,0.0,False
split20260918/S014/catboost_N_t_24,"[0, 1, 4]",20260918,catboost,False,4,19080,0,0.0,0,0.0,False
split20260918/S014/catboost_D_t_24,"[0, 1, 4]",20260918,catboost,False,4,19080,0,0.0,0,0.0,False
split20260918/S014/catboost_R_t_24,"[0, 1, 4]",20260918,catboost,False,4,19080,0,0.0,0,0.0,False
split20260918/S014/catboost_osi_48,"[0, 1, 4]",20260918,catboost,False,4,15264,0,0.0,0,0.0,False
split20260918/S014/catboost_P_t_48,"[0, 1, 4]",20260918,catboost,False,4,15264,0,0.0,0,0.0,False
split20260918/S014/catboost_N_t_48,"[0, 1, 4]",20260918,catboost,False,4,15264,0,0.0,0,0.0,False
split20260918/S014/catboost_D_t_48,"[0, 1, 4]",20260918,catboost,False,4,15264,0,0.0,0,0.0,False
split20260918/S014/catboost_R_t_48,"[0, 1, 4]",20260918,catboost,False,4,15264,0,0.0,0,0.0,False
split20260918/S023/lgb_N_t_01,"[0, 2, 3]",20260918,lightgbm,False,4,22594,0,0.0,0,4.336808689942018e-18,True
split20260918/S023/lgb_D_t_01,"[0, 2, 3]",20260918,lightgbm,False,4,22594,0,0.0,0,2.7755575615628914e-17,True
split20260918/S023/lgb_R_t_01,"[0, 2, 3]",20260918,lightgbm,False,4,22594,0,0.0,0,5.204170427930421e-18,True
split20260918/S023/lgb_N_t_06,"[0, 2, 3]",20260918,lightgbm,False,4,21804,0,0.0,0,1.9949319973733282e-17,True
split20260918/S023/lgb_D_t_06,"[0, 2, 3]",20260918,lightgbm,False,4,21804,0,0.0,0,1.3877787807814457e-17,True
split20260918/S023/lgb_R_t_06,"[0, 2, 3]",20260918,lightgbm,False,4,21804,0,0.0,0,3.0357660829594124e-18,True
split20260918/S023/lgb_P_t_24,"[0, 2, 3]",20260918,lightgbm,True,1,18960,11400,0.0,0,0.0,True
split20260918/S023/lgb_N_t_24,"[0, 2, 3]",20260918,lightgbm,True,1,18960,11400,0.0,0,0.0,True
split20260918/S023/lgb_D_t_24,"[0, 2, 3]",20260918,lightgbm,True,1,18960,11400,0.0,0,0.0,True
split20260918/S023/lgb_R_t_24,"[0, 2, 3]",20260918,lightgbm,True,1,18960,11400,0.0,0,0.0,True
split20260918/S023/lgb_P_t_48,"[0, 2, 3]",20260918,lightgbm,True,1,15168,9120,0.0,0,0.0,True
split20260918/S023/lgb_N_t_48,"[0, 2, 3]",20260918,lightgbm,True,1,15168,9120,0.0,0,0.0,True
split20260918/S023/lgb_D_t_48,"[0, 2, 3]",20260918,lightgbm,True,1,15168,9120,0.0,0,0.0,True
split20260918/S023/lgb_R_t_48,"[0, 2, 3]",20260918,lightgbm,True,1,15168,9120,0.0,0,0.0,True
split20260918/S023/lgb_osi_24,"[0, 2, 3]",20260918,lightgbm,False,4,18960,0,0.0,0,4.336808689942018e-17,True
split20260918/S023/lgb_osi_48,"[0, 2, 3]",20260918,lightgbm,False,4,15168,0,0.0,0,7.806255641895632e-17,True
split20260918/S023/P01_a,"[0, 2, 3]",20260918,lightgbm,False,4,22594,0,0.0,0,1.734723475976807e-18,True
split20260918/S023/P01_b,"[0, 2, 3]",20260918,lightgbm,False,4,22594,0,0.0,0,0.0,True
split20260918/S023/P06_a,"[0, 2, 3]",20260918,lightgbm,False,4,21804,0,0.0,0,0.0,True
split20260918/S023/P06_b,"[0, 2, 3]",20260918,lightgbm,False,4,21804,0,0.0,0,1.734723475976807e-18,True
split20260918/S023/P24_neighbor,"[0, 2, 3]",20260918,lightgbm,False,4,18960,0,0.0,0,2.8102520310824275e-16,True
split20260918/S023/D01_unknown,"[0, 2, 3]",20260918,lightgbm,False,4,22594,0,0.0,0,2.0816681711721685e-17,True
split20260918/S023/xgboost_osi_24,"[0, 2, 3]",20260918,xgboost,False,4,18960,0,0.0,0,0.0,True
split20260918/S023/xgboost_P_t_24,"[0, 2, 3]",20260918,xgboost,False,4,18960,0,0.0,0,0.0,True
split20260918/S023/xgboost_N_t_24,"[0, 2, 3]",20260918,xgboost,False,4,18960,0,0.0,0,0.0,True
split20260918/S023/xgboost_D_t_24,"[0, 2, 3]",20260918,xgboost,False,4,18960,0,0.0,0,0.0,True
split20260918/S023/xgboost_R_t_24,"[0, 2, 3]",20260918,xgboost,False,4,18960,0,0.0,0,0.0,True
split20260918/S023/xgboost_osi_48,"[0, 2, 3]",20260918,xgboost,False,4,15168,0,0.0,0,0.0,True
split20260918/S023/xgboost_P_t_48,"[0, 2, 3]",20260918,xgboost,False,4,15168,0,0.0,0,0.0,True
split20260918/S023/xgboost_N_t_48,"[0, 2, 3]",20260918,xgboost,False,4,15168,0,0.0,0,0.0,True
split20260918/S023/xgboost_D_t_48,"[0, 2, 3]",20260918,xgboost,False,4,15168,0,0.0,0,0.0,True
split20260918/S023/xgboost_R_t_48,"[0, 2, 3]",20260918,xgboost,False,4,15168,0,0.0,0,0.0,True
split20260918/S023/catboost_osi_24,"[0, 2, 3]",20260918,catboost,False,4,18960,0,0.0,0,0.0,False
split20260918/S023/catboost_P_t_24,"[0, 2, 3]",20260918,catboost,False,4,18960,0,0.0,0,0.0,False
split20260918/S023/catboost_N_t_24,"[0, 2, 3]",20260918,catboost,False,4,18960,0,0.0,0,0.0,False
split20260918/S023/catboost_D_t_24,"[0, 2, 3]",20260918,catboost,False,4,18960,0,0.0,0,0.0,False
split20260918/S023/catboost_R_t_24,"[0, 2, 3]",20260918,catboost,False,4,18960,0,0.0,0,0.0,False
split20260918/S023/catboost_osi_48,"[0, 2, 3]",20260918,catboost,False,4,15168,0,0.0,0,0.0,False
split20260918/S023/catboost_P_t_48,"[0, 2, 3]",20260918,catboost,False,4,15168,0,0.0,0,0.0,False
split20260918/S023/catboost_N_t_48,"[0, 2, 3]",20260918,catboost,False,4,15168,0,0.0,0,0.0,False
split20260918/S023/catboost_D_t_48,"[0, 2, 3]",20260918,catboost,False,4,15168,0,0.0,0,0.0,False
split20260918/S023/catboost_R_t_48,"[0, 2, 3]",20260918,catboost,False,4,15168,0,0.0,0,0.0,False
split20260918/S024/lgb_N_t_01,"[0, 2, 4]",20260918,lightgbm,False,4,22594,0,0.0,0,1.0408340855860843e-17,True
split20260918/S024/lgb_D_t_01,"[0, 2, 4]",20260918,lightgbm,False,4,22594,0,0.0,0,5.204170427930421e-17,True
split20260918/S024/lgb_R_t_01,"[0, 2, 4]",20260918,lightgbm,False,4,22594,0,0.0,0,1.5612511283791264e-17,True
split20260918/S024/lgb_N_t_06,"[0, 2, 4]",20260918,lightgbm,False,4,21804,0,0.0,0,3.3393426912553537e-17,True
split20260918/S024/lgb_D_t_06,"[0, 2, 4]",20260918,lightgbm,False,4,21804,0,0.0,0,8.673617379884035e-18,True
split20260918/S024/lgb_R_t_06,"[0, 2, 4]",20260918,lightgbm,False,4,21804,0,0.0,0,6.071532165918825e-18,True
split20260918/S024/lgb_P_t_24,"[0, 2, 4]",20260918,lightgbm,True,1,18960,11400,0.0,0,0.0,True
split20260918/S024/lgb_N_t_24,"[0, 2, 4]",20260918,lightgbm,True,1,18960,11400,0.0,0,0.0,True
split20260918/S024/lgb_D_t_24,"[0, 2, 4]",20260918,lightgbm,True,1,18960,11400,0.0,0,0.0,True
split20260918/S024/lgb_R_t_24,"[0, 2, 4]",20260918,lightgbm,True,1,18960,11400,0.0,0,0.0,True
split20260918/S024/lgb_P_t_48,"[0, 2, 4]",20260918,lightgbm,True,1,15168,9120,0.0,0,0.0,True
split20260918/S024/lgb_N_t_48,"[0, 2, 4]",20260918,lightgbm,True,1,15168,9120,0.0,0,0.0,True
split20260918/S024/lgb_D_t_48,"[0, 2, 4]",20260918,lightgbm,True,1,15168,9120,0.0,0,0.0,True
split20260918/S024/lgb_R_t_48,"[0, 2, 4]",20260918,lightgbm,True,1,15168,9120,0.0,0,0.0,True
split20260918/S024/lgb_osi_24,"[0, 2, 4]",20260918,lightgbm,False,4,18960,0,0.0,0,1.214306433183765e-17,True
split20260918/S024/lgb_osi_48,"[0, 2, 4]",20260918,lightgbm,False,4,15168,0,0.0,0,1.9949319973733282e-17,True
split20260918/S024/P01_a,"[0, 2, 4]",20260918,lightgbm,False,4,22594,0,0.0,0,0.0,True
split20260918/S024/P01_b,"[0, 2, 4]",20260918,lightgbm,False,4,22594,0,0.0,0,3.469446951953614e-18,True
split20260918/S024/P06_a,"[0, 2, 4]",20260918,lightgbm,False,4,21804,0,0.0,0,1.734723475976807e-18,True
split20260918/S024/P06_b,"[0, 2, 4]",20260918,lightgbm,False,4,21804,0,0.0,0,0.0,True
split20260918/S024/P24_neighbor,"[0, 2, 4]",20260918,lightgbm,False,4,18960,0,0.0,0,2.42861286636753e-17,True
split20260918/S024/D01_unknown,"[0, 2, 4]",20260918,lightgbm,False,4,22594,0,0.0,0,2.949029909160572e-17,True
split20260918/S024/xgboost_osi_24,"[0, 2, 4]",20260918,xgboost,False,4,18960,0,0.0,0,0.0,False
split20260918/S024/xgboost_P_t_24,"[0, 2, 4]",20260918,xgboost,False,4,18960,0,0.0,0,0.0,False
split20260918/S024/xgboost_N_t_24,"[0, 2, 4]",20260918,xgboost,False,4,18960,0,0.0,0,0.0,True
split20260918/S024/xgboost_D_t_24,"[0, 2, 4]",20260918,xgboost,False,4,18960,0,0.0,0,0.0,False
split20260918/S024/xgboost_R_t_24,"[0, 2, 4]",20260918,xgboost,False,4,18960,0,0.0,0,0.0,False
split20260918/S024/xgboost_osi_48,"[0, 2, 4]",20260918,xgboost,False,4,15168,0,0.0,0,0.0,False
split20260918/S024/xgboost_P_t_48,"[0, 2, 4]",20260918,xgboost,False,4,15168,0,0.0,0,0.0,False
split20260918/S024/xgboost_N_t_48,"[0, 2, 4]",20260918,xgboost,False,4,15168,0,0.0,0,0.0,True
split20260918/S024/xgboost_D_t_48,"[0, 2, 4]",20260918,xgboost,False,4,15168,0,0.0,0,0.0,True
split20260918/S024/xgboost_R_t_48,"[0, 2, 4]",20260918,xgboost,False,4,15168,0,0.0,0,0.0,True
split20260918/S024/catboost_osi_24,"[0, 2, 4]",20260918,catboost,False,4,18960,0,0.0,0,0.0,False
split20260918/S024/catboost_P_t_24,"[0, 2, 4]",20260918,catboost,False,4,18960,0,0.0,0,0.0,False
split20260918/S024/catboost_N_t_24,"[0, 2, 4]",20260918,catboost,False,4,18960,0,0.0,0,0.0,False
split20260918/S024/catboost_D_t_24,"[0, 2, 4]",20260918,catboost,False,4,18960,0,0.0,0,0.0,False
split20260918/S024/catboost_R_t_24,"[0, 2, 4]",20260918,catboost,False,4,18960,0,0.0,0,0.0,False
split20260918/S024/catboost_osi_48,"[0, 2, 4]",20260918,catboost,False,4,15168,0,0.0,0,0.0,False
split20260918/S024/catboost_P_t_48,"[0, 2, 4]",20260918,catboost,False,4,15168,0,0.0,0,0.0,False
split20260918/S024/catboost_N_t_48,"[0, 2, 4]",20260918,catboost,False,4,15168,0,0.0,0,0.0,False
split20260918/S024/catboost_D_t_48,"[0, 2, 4]",20260918,catboost,False,4,15168,0,0.0,0,0.0,False
split20260918/S024/catboost_R_t_48,"[0, 2, 4]",20260918,catboost,False,4,15168,0,0.0,0,0.0,False
split20260918/S034/lgb_N_t_01,"[0, 3, 4]",20260918,lightgbm,False,4,22594,0,0.0,1,2.0839061505486395e-08,False
split20260918/S034/lgb_D_t_01,"[0, 3, 4]",20260918,lightgbm,False,4,22594,0,0.0,0,2.0816681711721685e-17,False
split20260918/S034/lgb_R_t_01,"[0, 3, 4]",20260918,lightgbm,False,4,22594,0,0.0,0,2.6020852139652106e-18,False
split20260918/S034/lgb_N_t_06,"[0, 3, 4]",20260918,lightgbm,False,4,21804,0,0.0,0,1.214306433183765e-17,False
split20260918/S034/lgb_D_t_06,"[0, 3, 4]",20260918,lightgbm,False,4,21804,0,0.0,0,1.734723475976807e-17,False
split20260918/S034/lgb_R_t_06,"[0, 3, 4]",20260918,lightgbm,False,4,21804,0,0.0,0,1.734723475976807e-18,False
split20260918/S034/lgb_P_t_24,"[0, 3, 4]",20260918,lightgbm,True,1,18960,11400,0.0,0,0.0,True
split20260918/S034/lgb_N_t_24,"[0, 3, 4]",20260918,lightgbm,True,1,18960,11400,0.0,0,0.0,True
split20260918/S034/lgb_D_t_24,"[0, 3, 4]",20260918,lightgbm,True,1,18960,11400,0.0,0,0.0,True
split20260918/S034/lgb_R_t_24,"[0, 3, 4]",20260918,lightgbm,True,1,18960,11400,0.0,0,0.0,True
split20260918/S034/lgb_P_t_48,"[0, 3, 4]",20260918,lightgbm,True,1,15168,9120,0.0,0,0.0,True
split20260918/S034/lgb_N_t_48,"[0, 3, 4]",20260918,lightgbm,True,1,15168,9120,0.0,0,0.0,True
split20260918/S034/lgb_D_t_48,"[0, 3, 4]",20260918,lightgbm,True,1,15168,9120,0.0,0,0.0,True
split20260918/S034/lgb_R_t_48,"[0, 3, 4]",20260918,lightgbm,True,1,15168,9120,0.0,0,0.0,True
split20260918/S034/lgb_osi_24,"[0, 3, 4]",20260918,lightgbm,False,4,18960,0,0.0,0,3.469446951953614e-18,False
split20260918/S034/lgb_osi_48,"[0, 3, 4]",20260918,lightgbm,False,4,15168,0,0.0,0,8.500145032286355e-17,False
split20260918/S034/P01_a,"[0, 3, 4]",20260918,lightgbm,False,4,22594,0,0.0,0,1.734723475976807e-18,False
split20260918/S034/P01_b,"[0, 3, 4]",20260918,lightgbm,False,4,22594,0,0.0,0,0.0,False
split20260918/S034/P06_a,"[0, 3, 4]",20260918,lightgbm,False,4,21804,0,0.0,0,1.734723475976807e-18,False
split20260918/S034/P06_b,"[0, 3, 4]",20260918,lightgbm,False,4,21804,0,0.0,0,1.734723475976807e-18,False
split20260918/S034/P24_neighbor,"[0, 3, 4]",20260918,lightgbm,False,4,18960,0,0.0,0,2.5326962749261384e-16,False
split20260918/S034/D01_unknown,"[0, 3, 4]",20260918,lightgbm,False,4,22594,0,0.0,0,2.0816681711721685e-17,False
split20260918/S034/xgboost_osi_24,"[0, 3, 4]",20260918,xgboost,False,4,18960,0,0.0,0,0.0,False
split20260918/S034/xgboost_P_t_24,"[0, 3, 4]",20260918,xgboost,False,4,18960,0,0.0,0,0.0,False
split20260918/S034/xgboost_N_t_24,"[0, 3, 4]",20260918,xgboost,False,4,18960,0,0.0,0,0.0,False
split20260918/S034/xgboost_D_t_24,"[0, 3, 4]",20260918,xgboost,False,4,18960,0,0.0,0,0.0,False
split20260918/S034/xgboost_R_t_24,"[0, 3, 4]",20260918,xgboost,False,4,18960,0,0.0,0,0.0,False
split20260918/S034/xgboost_osi_48,"[0, 3, 4]",20260918,xgboost,False,4,15168,0,0.0,0,0.0,False
split20260918/S034/xgboost_P_t_48,"[0, 3, 4]",20260918,xgboost,False,4,15168,0,0.0,0,0.0,False
split20260918/S034/xgboost_N_t_48,"[0, 3, 4]",20260918,xgboost,False,4,15168,0,0.0,0,0.0,False
split20260918/S034/xgboost_D_t_48,"[0, 3, 4]",20260918,xgboost,False,4,15168,0,0.0,0,0.0,False
split20260918/S034/xgboost_R_t_48,"[0, 3, 4]",20260918,xgboost,False,4,15168,0,0.0,0,0.0,False
split20260918/S034/catboost_osi_24,"[0, 3, 4]",20260918,catboost,False,4,18960,0,0.0,0,0.0,False
split20260918/S034/catboost_P_t_24,"[0, 3, 4]",20260918,catboost,False,4,18960,0,0.0,0,0.0,False
split20260918/S034/catboost_N_t_24,"[0, 3, 4]",20260918,catboost,False,4,18960,0,0.0,0,0.0,False
split20260918/S034/catboost_D_t_24,"[0, 3, 4]",20260918,catboost,False,4,18960,0,0.0,0,0.0,False
split20260918/S034/catboost_R_t_24,"[0, 3, 4]",20260918,catboost,False,4,18960,0,0.0,0,0.0,False
split20260918/S034/catboost_osi_48,"[0, 3, 4]",20260918,catboost,False,4,15168,0,0.0,0,0.0,False
split20260918/S034/catboost_P_t_48,"[0, 3, 4]",20260918,catboost,False,4,15168,0,0.0,0,0.0,False
split20260918/S034/catboost_N_t_48,"[0, 3, 4]",20260918,catboost,False,4,15168,0,0.0,0,0.0,False
split20260918/S034/catboost_D_t_48,"[0, 3, 4]",20260918,catboost,False,4,15168,0,0.0,0,0.0,False
split20260918/S034/catboost_R_t_48,"[0, 3, 4]",20260918,catboost,False,4,15168,0,0.0,0,0.0,False
split20260918/S123/lgb_N_t_01,"[1, 2, 3]",20260918,lightgbm,False,4,22737,0,0.0,0,5.204170427930421e-18,False
split20260918/S123/lgb_D_t_01,"[1, 2, 3]",20260918,lightgbm,False,4,22737,0,0.0,0,2.0816681711721685e-17,False
split20260918/S123/lgb_R_t_01,"[1, 2, 3]",20260918,lightgbm,False,4,22737,0,0.0,0,9.540979117872439e-18,False
split20260918/S123/lgb_N_t_06,"[1, 2, 3]",20260918,lightgbm,False,4,21942,0,0.0,0,4.336808689942018e-18,False
split20260918/S123/lgb_D_t_06,"[1, 2, 3]",20260918,lightgbm,False,4,21942,0,0.0,0,2.0816681711721685e-17,False
split20260918/S123/lgb_R_t_06,"[1, 2, 3]",20260918,lightgbm,False,4,21942,0,0.0,0,1.1275702593849246e-17,False
split20260918/S123/lgb_P_t_24,"[1, 2, 3]",20260918,lightgbm,True,1,19080,11520,0.0,0,0.0,True
split20260918/S123/lgb_N_t_24,"[1, 2, 3]",20260918,lightgbm,True,1,19080,11520,0.0,0,0.0,True
split20260918/S123/lgb_D_t_24,"[1, 2, 3]",20260918,lightgbm,True,1,19080,11520,0.0,0,0.0,True
split20260918/S123/lgb_R_t_24,"[1, 2, 3]",20260918,lightgbm,True,1,19080,11520,0.0,0,0.0,True
split20260918/S123/lgb_P_t_48,"[1, 2, 3]",20260918,lightgbm,True,1,15264,9216,0.0,0,0.0,True
split20260918/S123/lgb_N_t_48,"[1, 2, 3]",20260918,lightgbm,True,1,15264,9216,0.0,0,0.0,True
split20260918/S123/lgb_D_t_48,"[1, 2, 3]",20260918,lightgbm,True,1,15264,9216,0.0,0,0.0,True
split20260918/S123/lgb_R_t_48,"[1, 2, 3]",20260918,lightgbm,True,1,15264,9216,0.0,0,0.0,True
split20260918/S123/lgb_osi_24,"[1, 2, 3]",20260918,lightgbm,False,4,19080,0,0.0,0,2.7755575615628914e-17,False
split20260918/S123/lgb_osi_48,"[1, 2, 3]",20260918,lightgbm,False,4,15264,0,0.0,0,1.3877787807814457e-17,False
split20260918/S123/P01_a,"[1, 2, 3]",20260918,lightgbm,False,4,22737,0,0.0,0,0.0,False
split20260918/S123/P01_b,"[1, 2, 3]",20260918,lightgbm,False,4,22737,0,0.0,0,3.469446951953614e-18,False
split20260918/S123/P06_a,"[1, 2, 3]",20260918,lightgbm,False,4,21942,0,0.0,0,1.734723475976807e-18,False
split20260918/S123/P06_b,"[1, 2, 3]",20260918,lightgbm,False,4,21942,0,0.0,0,0.0,False
split20260918/S123/P24_neighbor,"[1, 2, 3]",20260918,lightgbm,False,4,19080,0,0.0,0,2.42861286636753e-17,False
split20260918/S123/D01_unknown,"[1, 2, 3]",20260918,lightgbm,False,4,22737,0,0.0,0,4.163336342344337e-17,False
split20260918/S123/xgboost_osi_24,"[1, 2, 3]",20260918,xgboost,False,4,19080,0,0.0,0,0.0,False
split20260918/S123/xgboost_P_t_24,"[1, 2, 3]",20260918,xgboost,False,4,19080,0,0.0,0,0.0,False
split20260918/S123/xgboost_N_t_24,"[1, 2, 3]",20260918,xgboost,False,4,19080,0,0.0,0,0.0,False
split20260918/S123/xgboost_D_t_24,"[1, 2, 3]",20260918,xgboost,False,4,19080,0,0.0,0,0.0,False
split20260918/S123/xgboost_R_t_24,"[1, 2, 3]",20260918,xgboost,False,4,19080,0,0.0,0,0.0,False
split20260918/S123/xgboost_osi_48,"[1, 2, 3]",20260918,xgboost,False,4,15264,0,0.0,0,0.0,False
split20260918/S123/xgboost_P_t_48,"[1, 2, 3]",20260918,xgboost,False,4,15264,0,0.0,0,0.0,False
split20260918/S123/xgboost_N_t_48,"[1, 2, 3]",20260918,xgboost,False,4,15264,0,0.0,0,0.0,False
split20260918/S123/xgboost_D_t_48,"[1, 2, 3]",20260918,xgboost,False,4,15264,0,0.0,0,0.0,False
split20260918/S123/xgboost_R_t_48,"[1, 2, 3]",20260918,xgboost,False,4,15264,0,0.0,0,0.0,False
split20260918/S123/catboost_osi_24,"[1, 2, 3]",20260918,catboost,False,4,19080,0,0.0,0,0.0,False
split20260918/S123/catboost_P_t_24,"[1, 2, 3]",20260918,catboost,False,4,19080,0,0.0,0,0.0,False
split20260918/S123/catboost_N_t_24,"[1, 2, 3]",20260918,catboost,False,4,19080,0,0.0,0,0.0,False
split20260918/S123/catboost_D_t_24,"[1, 2, 3]",20260918,catboost,False,4,19080,0,0.0,0,0.0,False
split20260918/S123/catboost_R_t_24,"[1, 2, 3]",20260918,catboost,False,4,19080,0,0.0,0,0.0,False
split20260918/S123/catboost_osi_48,"[1, 2, 3]",20260918,catboost,False,4,15264,0,0.0,0,0.0,False
split20260918/S123/catboost_P_t_48,"[1, 2, 3]",20260918,catboost,False,4,15264,0,0.0,0,0.0,False
split20260918/S123/catboost_N_t_48,"[1, 2, 3]",20260918,catboost,False,4,15264,0,0.0,0,0.0,False
split20260918/S123/catboost_D_t_48,"[1, 2, 3]",20260918,catboost,False,4,15264,0,0.0,0,0.0,False
split20260918/S123/catboost_R_t_48,"[1, 2, 3]",20260918,catboost,False,4,15264,0,0.0,0,0.0,False
split20260918/S124/lgb_N_t_01,"[1, 2, 4]",20260918,lightgbm,False,4,22737,0,0.0,0,3.0357660829594124e-18,False
split20260918/S124/lgb_D_t_01,"[1, 2, 4]",20260918,lightgbm,False,4,22737,0,0.0,0,2.0816681711721685e-17,False
split20260918/S124/lgb_R_t_01,"[1, 2, 4]",20260918,lightgbm,False,4,22737,0,0.0,0,6.071532165918825e-18,False
split20260918/S124/lgb_N_t_06,"[1, 2, 4]",20260918,lightgbm,False,4,21942,0,0.0,0,9.540979117872439e-18,False
split20260918/S124/lgb_D_t_06,"[1, 2, 4]",20260918,lightgbm,False,4,21942,0,0.0,0,3.469446951953614e-18,False
split20260918/S124/lgb_R_t_06,"[1, 2, 4]",20260918,lightgbm,False,4,21942,0,0.0,0,1.3877787807814457e-17,False
split20260918/S124/lgb_P_t_24,"[1, 2, 4]",20260918,lightgbm,True,1,19080,11520,0.0,0,0.0,True
split20260918/S124/lgb_N_t_24,"[1, 2, 4]",20260918,lightgbm,True,1,19080,11520,0.0,0,0.0,True
split20260918/S124/lgb_D_t_24,"[1, 2, 4]",20260918,lightgbm,True,1,19080,11520,0.0,0,0.0,True
split20260918/S124/lgb_R_t_24,"[1, 2, 4]",20260918,lightgbm,True,1,19080,11520,0.0,0,0.0,True
split20260918/S124/lgb_P_t_48,"[1, 2, 4]",20260918,lightgbm,True,1,15264,9216,0.0,0,0.0,True
split20260918/S124/lgb_N_t_48,"[1, 2, 4]",20260918,lightgbm,True,1,15264,9216,0.0,0,0.0,True
split20260918/S124/lgb_D_t_48,"[1, 2, 4]",20260918,lightgbm,True,1,15264,9216,0.0,0,0.0,True
split20260918/S124/lgb_R_t_48,"[1, 2, 4]",20260918,lightgbm,True,1,15264,9216,0.0,0,0.0,True
split20260918/S124/lgb_osi_24,"[1, 2, 4]",20260918,lightgbm,False,4,19080,0,0.0,0,1.734723475976807e-17,False
split20260918/S124/lgb_osi_48,"[1, 2, 4]",20260918,lightgbm,False,4,15264,0,0.0,0,6.938893903907228e-18,False
split20260918/S124/P01_a,"[1, 2, 4]",20260918,lightgbm,False,4,22737,0,0.0,0,1.734723475976807e-18,False
split20260918/S124/P01_b,"[1, 2, 4]",20260918,lightgbm,False,4,22737,0,0.0,0,0.0,False
split20260918/S124/P06_a,"[1, 2, 4]",20260918,lightgbm,False,4,21942,0,0.0,0,0.0,False
split20260918/S124/P06_b,"[1, 2, 4]",20260918,lightgbm,False,4,21942,0,0.0,0,1.734723475976807e-18,False
split20260918/S124/P24_neighbor,"[1, 2, 4]",20260918,lightgbm,False,4,19080,0,0.0,0,3.8163916471489756e-17,False
split20260918/S124/D01_unknown,"[1, 2, 4]",20260918,lightgbm,False,4,22737,0,0.0,0,1.3877787807814457e-17,False
split20260918/S124/xgboost_osi_24,"[1, 2, 4]",20260918,xgboost,False,4,19080,0,0.0,0,0.0,False
split20260918/S124/xgboost_P_t_24,"[1, 2, 4]",20260918,xgboost,False,4,19080,0,0.0,0,0.0,False
split20260918/S124/xgboost_N_t_24,"[1, 2, 4]",20260918,xgboost,False,4,19080,0,0.0,0,0.0,False
split20260918/S124/xgboost_D_t_24,"[1, 2, 4]",20260918,xgboost,False,4,19080,0,0.0,0,0.0,False
split20260918/S124/xgboost_R_t_24,"[1, 2, 4]",20260918,xgboost,False,4,19080,0,0.0,0,0.0,False
split20260918/S124/xgboost_osi_48,"[1, 2, 4]",20260918,xgboost,False,4,15264,0,0.0,0,0.0,False
split20260918/S124/xgboost_P_t_48,"[1, 2, 4]",20260918,xgboost,False,4,15264,0,0.0,0,0.0,False
split20260918/S124/xgboost_N_t_48,"[1, 2, 4]",20260918,xgboost,False,4,15264,0,0.0,0,0.0,False
split20260918/S124/xgboost_D_t_48,"[1, 2, 4]",20260918,xgboost,False,4,15264,0,0.0,0,0.0,False
split20260918/S124/xgboost_R_t_48,"[1, 2, 4]",20260918,xgboost,False,4,15264,0,0.0,0,0.0,False
split20260918/S124/catboost_osi_24,"[1, 2, 4]",20260918,catboost,False,4,19080,0,0.0,0,0.0,False
split20260918/S124/catboost_P_t_24,"[1, 2, 4]",20260918,catboost,False,4,19080,0,0.0,0,0.0,False
split20260918/S124/catboost_N_t_24,"[1, 2, 4]",20260918,catboost,False,4,19080,0,0.0,0,0.0,False
split20260918/S124/catboost_D_t_24,"[1, 2, 4]",20260918,catboost,False,4,19080,0,0.0,0,0.0,False
split20260918/S124/catboost_R_t_24,"[1, 2, 4]",20260918,catboost,False,4,19080,0,0.0,0,0.0,False
split20260918/S124/catboost_osi_48,"[1, 2, 4]",20260918,catboost,False,4,15264,0,0.0,0,0.0,False
split20260918/S124/catboost_P_t_48,"[1, 2, 4]",20260918,catboost,False,4,15264,0,0.0,0,0.0,False
split20260918/S124/catboost_N_t_48,"[1, 2, 4]",20260918,catboost,False,4,15264,0,0.0,0,0.0,False
split20260918/S124/catboost_D_t_48,"[1, 2, 4]",20260918,catboost,False,4,15264,0,0.0,0,0.0,False
split20260918/S124/catboost_R_t_48,"[1, 2, 4]",20260918,catboost,False,4,15264,0,0.0,0,0.0,False
split20260918/S134/lgb_N_t_01,"[1, 3, 4]",20260918,lightgbm,False,4,22737,0,0.0,0,8.239936510889834e-18,False
split20260918/S134/lgb_D_t_01,"[1, 3, 4]",20260918,lightgbm,False,4,22737,0,0.0,0,6.245004513516506e-17,False
split20260918/S134/lgb_R_t_01,"[1, 3, 4]",20260918,lightgbm,False,4,22737,0,0.0,0,3.0357660829594124e-18,False
split20260918/S134/lgb_N_t_06,"[1, 3, 4]",20260918,lightgbm,False,4,21942,0,0.0,0,5.204170427930421e-18,False
split20260918/S134/lgb_D_t_06,"[1, 3, 4]",20260918,lightgbm,False,4,21942,0,0.0,0,1.734723475976807e-17,False
split20260918/S134/lgb_R_t_06,"[1, 3, 4]",20260918,lightgbm,False,4,21942,0,0.0,0,5.204170427930421e-18,False
split20260918/S134/lgb_P_t_24,"[1, 3, 4]",20260918,lightgbm,True,1,19080,11520,0.0,0,0.0,True
split20260918/S134/lgb_N_t_24,"[1, 3, 4]",20260918,lightgbm,True,1,19080,11520,0.0,0,0.0,True
split20260918/S134/lgb_D_t_24,"[1, 3, 4]",20260918,lightgbm,True,1,19080,11520,0.0,0,0.0,True
split20260918/S134/lgb_R_t_24,"[1, 3, 4]",20260918,lightgbm,True,1,19080,11520,0.0,0,0.0,True
split20260918/S134/lgb_P_t_48,"[1, 3, 4]",20260918,lightgbm,True,1,15264,9216,0.0,0,0.0,True
split20260918/S134/lgb_N_t_48,"[1, 3, 4]",20260918,lightgbm,True,1,15264,9216,0.0,0,0.0,True
split20260918/S134/lgb_D_t_48,"[1, 3, 4]",20260918,lightgbm,True,1,15264,9216,0.0,0,0.0,True
split20260918/S134/lgb_R_t_48,"[1, 3, 4]",20260918,lightgbm,True,1,15264,9216,0.0,0,0.0,True
split20260918/S134/lgb_osi_24,"[1, 3, 4]",20260918,lightgbm,False,4,19080,0,0.0,0,1.3010426069826053e-17,False
split20260918/S134/lgb_osi_48,"[1, 3, 4]",20260918,lightgbm,False,4,15264,0,0.0,0,3.122502256758253e-17,False
split20260918/S134/P01_a,"[1, 3, 4]",20260918,lightgbm,False,4,22737,0,0.0,0,1.734723475976807e-18,False
split20260918/S134/P01_b,"[1, 3, 4]",20260918,lightgbm,False,4,22737,0,0.0,0,0.0,False
split20260918/S134/P06_a,"[1, 3, 4]",20260918,lightgbm,False,4,21942,0,0.0,0,0.0,False
split20260918/S134/P06_b,"[1, 3, 4]",20260918,lightgbm,False,4,21942,0,0.0,0,0.0,False
split20260918/S134/P24_neighbor,"[1, 3, 4]",20260918,lightgbm,False,4,19080,0,0.0,0,1.0408340855860843e-17,False
split20260918/S134/D01_unknown,"[1, 3, 4]",20260918,lightgbm,False,4,22737,0,0.0,0,2.7755575615628914e-17,False
split20260918/S134/xgboost_osi_24,"[1, 3, 4]",20260918,xgboost,False,4,19080,0,0.0,0,0.0,False
split20260918/S134/xgboost_P_t_24,"[1, 3, 4]",20260918,xgboost,False,4,19080,0,0.0,0,0.0,False
split20260918/S134/xgboost_N_t_24,"[1, 3, 4]",20260918,xgboost,False,4,19080,0,0.0,0,0.0,False
split20260918/S134/xgboost_D_t_24,"[1, 3, 4]",20260918,xgboost,False,4,19080,0,0.0,0,0.0,False
split20260918/S134/xgboost_R_t_24,"[1, 3, 4]",20260918,xgboost,False,4,19080,0,0.0,0,0.0,False
split20260918/S134/xgboost_osi_48,"[1, 3, 4]",20260918,xgboost,False,4,15264,0,0.0,0,0.0,False
split20260918/S134/xgboost_P_t_48,"[1, 3, 4]",20260918,xgboost,False,4,15264,0,0.0,0,0.0,False
split20260918/S134/xgboost_N_t_48,"[1, 3, 4]",20260918,xgboost,False,4,15264,0,0.0,0,0.0,False
split20260918/S134/xgboost_D_t_48,"[1, 3, 4]",20260918,xgboost,False,4,15264,0,0.0,0,0.0,False
split20260918/S134/xgboost_R_t_48,"[1, 3, 4]",20260918,xgboost,False,4,15264,0,0.0,0,0.0,False
split20260918/S134/catboost_osi_24,"[1, 3, 4]",20260918,catboost,False,4,19080,0,0.0,0,0.0,False
split20260918/S134/catboost_P_t_24,"[1, 3, 4]",20260918,catboost,False,4,19080,0,0.0,0,0.0,False
split20260918/S134/catboost_N_t_24,"[1, 3, 4]",20260918,catboost,False,4,19080,0,0.0,0,0.0,False
split20260918/S134/catboost_D_t_24,"[1, 3, 4]",20260918,catboost,False,4,19080,0,0.0,0,0.0,False
split20260918/S134/catboost_R_t_24,"[1, 3, 4]",20260918,catboost,False,4,19080,0,0.0,0,0.0,False
split20260918/S134/catboost_osi_48,"[1, 3, 4]",20260918,catboost,False,4,15264,0,0.0,0,0.0,False
split20260918/S134/catboost_P_t_48,"[1, 3, 4]",20260918,catboost,False,4,15264,0,0.0,0,0.0,False
split20260918/S134/catboost_N_t_48,"[1, 3, 4]",20260918,catboost,False,4,15264,0,0.0,0,0.0,False
split20260918/S134/catboost_D_t_48,"[1, 3, 4]",20260918,catboost,False,4,15264,0,0.0,0,0.0,False
split20260918/S134/catboost_R_t_48,"[1, 3, 4]",20260918,catboost,False,4,15264,0,0.0,0,0.0,False
split20260918/S234/lgb_N_t_01,"[2, 3, 4]",20260918,lightgbm,False,4,22594,0,0.0,0,3.469446951953614e-18,False
split20260918/S234/lgb_D_t_01,"[2, 3, 4]",20260918,lightgbm,False,4,22594,0,0.0,0,1.734723475976807e-17,False
split20260918/S234/lgb_R_t_01,"[2, 3, 4]",20260918,lightgbm,False,4,22594,0,0.0,0,1.734723475976807e-18,False
split20260918/S234/lgb_N_t_06,"[2, 3, 4]",20260918,lightgbm,False,4,21804,0,0.0,0,6.938893903907228e-18,False
split20260918/S234/lgb_D_t_06,"[2, 3, 4]",20260918,lightgbm,False,4,21804,0,0.0,0,3.469446951953614e-17,False
split20260918/S234/lgb_R_t_06,"[2, 3, 4]",20260918,lightgbm,False,4,21804,0,0.0,0,9.540979117872439e-18,False
split20260918/S234/lgb_P_t_24,"[2, 3, 4]",20260918,lightgbm,True,1,18960,11400,0.0,0,0.0,True
split20260918/S234/lgb_N_t_24,"[2, 3, 4]",20260918,lightgbm,True,1,18960,11400,0.0,0,0.0,True
split20260918/S234/lgb_D_t_24,"[2, 3, 4]",20260918,lightgbm,True,1,18960,11400,0.0,0,0.0,True
split20260918/S234/lgb_R_t_24,"[2, 3, 4]",20260918,lightgbm,True,1,18960,11400,0.0,0,0.0,True
split20260918/S234/lgb_P_t_48,"[2, 3, 4]",20260918,lightgbm,True,1,15168,9120,0.0,0,0.0,True
split20260918/S234/lgb_N_t_48,"[2, 3, 4]",20260918,lightgbm,True,1,15168,9120,0.0,0,0.0,True
split20260918/S234/lgb_D_t_48,"[2, 3, 4]",20260918,lightgbm,True,1,15168,9120,0.0,0,0.0,True
split20260918/S234/lgb_R_t_48,"[2, 3, 4]",20260918,lightgbm,True,1,15168,9120,0.0,0,0.0,True
split20260918/S234/lgb_osi_24,"[2, 3, 4]",20260918,lightgbm,False,4,18960,0,0.0,0,2.7755575615628914e-17,False
split20260918/S234/lgb_osi_48,"[2, 3, 4]",20260918,lightgbm,False,4,15168,0,0.0,0,2.949029909160572e-17,False
split20260918/S234/P01_a,"[2, 3, 4]",20260918,lightgbm,False,4,22594,0,0.0,0,1.734723475976807e-18,False
split20260918/S234/P01_b,"[2, 3, 4]",20260918,lightgbm,False,4,22594,0,0.0,0,3.469446951953614e-18,False
split20260918/S234/P06_a,"[2, 3, 4]",20260918,lightgbm,False,4,21804,0,0.0,0,1.734723475976807e-18,False
split20260918/S234/P06_b,"[2, 3, 4]",20260918,lightgbm,False,4,21804,0,0.0,0,0.0,False
split20260918/S234/P24_neighbor,"[2, 3, 4]",20260918,lightgbm,False,4,18960,0,0.0,0,3.122502256758253e-17,False
split20260918/S234/D01_unknown,"[2, 3, 4]",20260918,lightgbm,False,4,22594,0,0.0,0,2.42861286636753e-17,False
split20260918/S234/xgboost_osi_24,"[2, 3, 4]",20260918,xgboost,False,4,18960,0,0.0,0,0.0,False
split20260918/S234/xgboost_P_t_24,"[2, 3, 4]",20260918,xgboost,False,4,18960,0,0.0,0,0.0,False
split20260918/S234/xgboost_N_t_24,"[2, 3, 4]",20260918,xgboost,False,4,18960,0,0.0,0,0.0,False
split20260918/S234/xgboost_D_t_24,"[2, 3, 4]",20260918,xgboost,False,4,18960,0,0.0,0,0.0,False
split20260918/S234/xgboost_R_t_24,"[2, 3, 4]",20260918,xgboost,False,4,18960,0,0.0,0,0.0,False
split20260918/S234/xgboost_osi_48,"[2, 3, 4]",20260918,xgboost,False,4,15168,0,0.0,0,0.0,False
split20260918/S234/xgboost_P_t_48,"[2, 3, 4]",20260918,xgboost,False,4,15168,0,0.0,0,0.0,False
split20260918/S234/xgboost_N_t_48,"[2, 3, 4]",20260918,xgboost,False,4,15168,0,0.0,0,0.0,False
split20260918/S234/xgboost_D_t_48,"[2, 3, 4]",20260918,xgboost,False,4,15168,0,0.0,0,0.0,False
split20260918/S234/xgboost_R_t_48,"[2, 3, 4]",20260918,xgboost,False,4,15168,0,0.0,0,0.0,False
split20260918/S234/catboost_osi_24,"[2, 3, 4]",20260918,catboost,False,4,18960,0,0.0,0,0.0,False
split20260918/S234/catboost_P_t_24,"[2, 3, 4]",20260918,catboost,False,4,18960,0,0.0,0,0.0,False
split20260918/S234/catboost_N_t_24,"[2, 3, 4]",20260918,catboost,False,4,18960,0,0.0,0,0.0,False
split20260918/S234/catboost_D_t_24,"[2, 3, 4]",20260918,catboost,False,4,18960,0,0.0,0,0.0,False
split20260918/S234/catboost_R_t_24,"[2, 3, 4]",20260918,catboost,False,4,18960,0,0.0,0,0.0,False
split20260918/S234/catboost_osi_48,"[2, 3, 4]",20260918,catboost,False,4,15168,0,0.0,0,0.0,False
split20260918/S234/catboost_P_t_48,"[2, 3, 4]",20260918,catboost,False,4,15168,0,0.0,0,0.0,False
split20260918/S234/catboost_N_t_48,"[2, 3, 4]",20260918,catboost,False,4,15168,0,0.0,0,0.0,False
split20260918/S234/catboost_D_t_48,"[2, 3, 4]",20260918,catboost,False,4,15168,0,0.0,0,0.0,False
split20260918/S234/catboost_R_t_48,"[2, 3, 4]",20260918,catboost,False,4,15168,0,0.0,0,0.0,False
split20260918/S0123/lgb_N_t_01,"[0, 1, 2, 3]",20260918,lightgbm,True,1,15873,0,0.0,0,0.0,True
split20260918/S0123/lgb_D_t_01,"[0, 1, 2, 3]",20260918,lightgbm,True,1,15873,0,0.0,0,0.0,True
split20260918/S0123/lgb_R_t_01,"[0, 1, 2, 3]",20260918,lightgbm,True,1,15873,0,0.0,0,0.0,True
split20260918/S0123/lgb_N_t_06,"[0, 1, 2, 3]",20260918,lightgbm,True,1,15318,0,0.0,0,0.0,True
split20260918/S0123/lgb_D_t_06,"[0, 1, 2, 3]",20260918,lightgbm,True,1,15318,0,0.0,0,0.0,True
split20260918/S0123/lgb_R_t_06,"[0, 1, 2, 3]",20260918,lightgbm,True,1,15318,0,0.0,0,0.0,True
split20260918/S0123/lgb_P_t_24,"[0, 1, 2, 3]",20260918,lightgbm,True,1,13320,0,0.0,0,0.0,True
split20260918/S0123/lgb_N_t_24,"[0, 1, 2, 3]",20260918,lightgbm,True,1,13320,0,0.0,0,0.0,True
split20260918/S0123/lgb_D_t_24,"[0, 1, 2, 3]",20260918,lightgbm,True,1,13320,0,0.0,0,0.0,True
split20260918/S0123/lgb_R_t_24,"[0, 1, 2, 3]",20260918,lightgbm,True,1,13320,0,0.0,0,0.0,True
split20260918/S0123/lgb_P_t_48,"[0, 1, 2, 3]",20260918,lightgbm,True,1,10656,0,0.0,0,0.0,True
split20260918/S0123/lgb_N_t_48,"[0, 1, 2, 3]",20260918,lightgbm,True,1,10656,0,0.0,0,0.0,True
split20260918/S0123/lgb_D_t_48,"[0, 1, 2, 3]",20260918,lightgbm,True,1,10656,0,0.0,0,0.0,True
split20260918/S0123/lgb_R_t_48,"[0, 1, 2, 3]",20260918,lightgbm,True,1,10656,0,0.0,0,0.0,True
split20260918/S0123/lgb_osi_24,"[0, 1, 2, 3]",20260918,lightgbm,True,1,13320,0,0.0,0,0.0,True
split20260918/S0123/lgb_osi_48,"[0, 1, 2, 3]",20260918,lightgbm,True,1,10656,0,0.0,0,0.0,True
split20260918/S0123/P01_a,"[0, 1, 2, 3]",20260918,lightgbm,True,1,15873,0,0.0,0,0.0,True
split20260918/S0123/P01_b,"[0, 1, 2, 3]",20260918,lightgbm,True,1,15873,0,0.0,0,0.0,True
split20260918/S0123/P06_a,"[0, 1, 2, 3]",20260918,lightgbm,True,1,15318,0,0.0,0,0.0,True
split20260918/S0123/P06_b,"[0, 1, 2, 3]",20260918,lightgbm,True,1,15318,0,0.0,0,0.0,True
split20260918/S0123/P24_neighbor,"[0, 1, 2, 3]",20260918,lightgbm,True,1,13320,0,0.0,0,0.0,True
split20260918/S0123/D01_unknown,"[0, 1, 2, 3]",20260918,lightgbm,True,1,15873,0,0.0,0,0.0,True
split20260918/S0123/xgboost_osi_24,"[0, 1, 2, 3]",20260918,xgboost,True,1,13320,5760,0.0,0,0.0,True
split20260918/S0123/xgboost_P_t_24,"[0, 1, 2, 3]",20260918,xgboost,True,1,13320,5760,0.0,0,0.0,True
split20260918/S0123/xgboost_N_t_24,"[0, 1, 2, 3]",20260918,xgboost,True,1,13320,5760,0.0,0,0.0,True
split20260918/S0123/xgboost_D_t_24,"[0, 1, 2, 3]",20260918,xgboost,True,1,13320,5760,0.0,0,0.0,True
split20260918/S0123/xgboost_R_t_24,"[0, 1, 2, 3]",20260918,xgboost,True,1,13320,5760,0.0,0,0.0,True
split20260918/S0123/xgboost_osi_48,"[0, 1, 2, 3]",20260918,xgboost,True,1,10656,4608,0.0,0,0.0,True
split20260918/S0123/xgboost_P_t_48,"[0, 1, 2, 3]",20260918,xgboost,True,1,10656,4608,0.0,0,0.0,True
split20260918/S0123/xgboost_N_t_48,"[0, 1, 2, 3]",20260918,xgboost,True,1,10656,4608,0.0,0,0.0,True
split20260918/S0123/xgboost_D_t_48,"[0, 1, 2, 3]",20260918,xgboost,True,1,10656,4608,0.0,0,0.0,True
split20260918/S0123/xgboost_R_t_48,"[0, 1, 2, 3]",20260918,xgboost,True,1,10656,4608,0.0,0,0.0,True
split20260918/S0123/catboost_osi_24,"[0, 1, 2, 3]",20260918,catboost,True,1,13320,5760,0.0,0,0.0,True
split20260918/S0123/catboost_P_t_24,"[0, 1, 2, 3]",20260918,catboost,True,1,13320,5760,0.0,0,0.0,True
split20260918/S0123/catboost_N_t_24,"[0, 1, 2, 3]",20260918,catboost,True,1,13320,5760,0.0,0,0.0,True
split20260918/S0123/catboost_D_t_24,"[0, 1, 2, 3]",20260918,catboost,True,1,13320,5760,0.0,0,0.0,True
split20260918/S0123/catboost_R_t_24,"[0, 1, 2, 3]",20260918,catboost,True,1,13320,5760,0.0,0,0.0,True
split20260918/S0123/catboost_osi_48,"[0, 1, 2, 3]",20260918,catboost,True,1,10656,4608,0.0,0,0.0,True
split20260918/S0123/catboost_P_t_48,"[0, 1, 2, 3]",20260918,catboost,True,1,10656,4608,0.0,0,0.0,True
split20260918/S0123/catboost_N_t_48,"[0, 1, 2, 3]",20260918,catboost,True,1,10656,4608,0.0,0,0.0,True
split20260918/S0123/catboost_D_t_48,"[0, 1, 2, 3]",20260918,catboost,True,1,10656,4608,0.0,0,0.0,True
split20260918/S0123/catboost_R_t_48,"[0, 1, 2, 3]",20260918,catboost,True,1,10656,4608,0.0,0,0.0,True
split20260918/S0124/lgb_N_t_01,"[0, 1, 2, 4]",20260918,lightgbm,True,1,15873,0,0.0,0,0.0,True
split20260918/S0124/lgb_D_t_01,"[0, 1, 2, 4]",20260918,lightgbm,True,1,15873,0,0.0,0,0.0,True
split20260918/S0124/lgb_R_t_01,"[0, 1, 2, 4]",20260918,lightgbm,True,1,15873,0,0.0,0,0.0,True
split20260918/S0124/lgb_N_t_06,"[0, 1, 2, 4]",20260918,lightgbm,True,1,15318,0,0.0,0,0.0,True
split20260918/S0124/lgb_D_t_06,"[0, 1, 2, 4]",20260918,lightgbm,True,1,15318,0,0.0,0,0.0,True
split20260918/S0124/lgb_R_t_06,"[0, 1, 2, 4]",20260918,lightgbm,True,1,15318,0,0.0,0,0.0,True
split20260918/S0124/lgb_P_t_24,"[0, 1, 2, 4]",20260918,lightgbm,True,1,13320,0,0.0,0,0.0,True
split20260918/S0124/lgb_N_t_24,"[0, 1, 2, 4]",20260918,lightgbm,True,1,13320,0,0.0,0,0.0,True
split20260918/S0124/lgb_D_t_24,"[0, 1, 2, 4]",20260918,lightgbm,True,1,13320,0,0.0,0,0.0,True
split20260918/S0124/lgb_R_t_24,"[0, 1, 2, 4]",20260918,lightgbm,True,1,13320,0,0.0,0,0.0,True
split20260918/S0124/lgb_P_t_48,"[0, 1, 2, 4]",20260918,lightgbm,True,1,10656,0,0.0,0,0.0,True
split20260918/S0124/lgb_N_t_48,"[0, 1, 2, 4]",20260918,lightgbm,True,1,10656,0,0.0,0,0.0,True
split20260918/S0124/lgb_D_t_48,"[0, 1, 2, 4]",20260918,lightgbm,True,1,10656,0,0.0,0,0.0,True
split20260918/S0124/lgb_R_t_48,"[0, 1, 2, 4]",20260918,lightgbm,True,1,10656,0,0.0,0,0.0,True
split20260918/S0124/lgb_osi_24,"[0, 1, 2, 4]",20260918,lightgbm,True,1,13320,0,0.0,0,0.0,True
split20260918/S0124/lgb_osi_48,"[0, 1, 2, 4]",20260918,lightgbm,True,1,10656,0,0.0,0,0.0,True
split20260918/S0124/P01_a,"[0, 1, 2, 4]",20260918,lightgbm,True,1,15873,0,0.0,0,0.0,True
split20260918/S0124/P01_b,"[0, 1, 2, 4]",20260918,lightgbm,True,1,15873,0,0.0,0,0.0,True
split20260918/S0124/P06_a,"[0, 1, 2, 4]",20260918,lightgbm,True,1,15318,0,0.0,0,0.0,True
split20260918/S0124/P06_b,"[0, 1, 2, 4]",20260918,lightgbm,True,1,15318,0,0.0,0,0.0,True
split20260918/S0124/P24_neighbor,"[0, 1, 2, 4]",20260918,lightgbm,True,1,13320,0,0.0,0,0.0,True
split20260918/S0124/D01_unknown,"[0, 1, 2, 4]",20260918,lightgbm,True,1,15873,0,0.0,0,0.0,True
split20260918/S0124/xgboost_osi_24,"[0, 1, 2, 4]",20260918,xgboost,True,1,13320,5760,0.0,0,0.0,True
split20260918/S0124/xgboost_P_t_24,"[0, 1, 2, 4]",20260918,xgboost,True,1,13320,5760,0.0,0,0.0,True
split20260918/S0124/xgboost_N_t_24,"[0, 1, 2, 4]",20260918,xgboost,True,1,13320,5760,0.0,0,0.0,True
split20260918/S0124/xgboost_D_t_24,"[0, 1, 2, 4]",20260918,xgboost,True,1,13320,5760,0.0,0,0.0,True
split20260918/S0124/xgboost_R_t_24,"[0, 1, 2, 4]",20260918,xgboost,True,1,13320,5760,0.0,0,0.0,True
split20260918/S0124/xgboost_osi_48,"[0, 1, 2, 4]",20260918,xgboost,True,1,10656,4608,0.0,0,0.0,True
split20260918/S0124/xgboost_P_t_48,"[0, 1, 2, 4]",20260918,xgboost,True,1,10656,4608,0.0,0,0.0,True
split20260918/S0124/xgboost_N_t_48,"[0, 1, 2, 4]",20260918,xgboost,True,1,10656,4608,0.0,0,0.0,True
split20260918/S0124/xgboost_D_t_48,"[0, 1, 2, 4]",20260918,xgboost,True,1,10656,4608,0.0,0,0.0,True
split20260918/S0124/xgboost_R_t_48,"[0, 1, 2, 4]",20260918,xgboost,True,1,10656,4608,0.0,0,0.0,True
split20260918/S0124/catboost_osi_24,"[0, 1, 2, 4]",20260918,catboost,True,1,13320,5760,0.0,0,0.0,True
split20260918/S0124/catboost_P_t_24,"[0, 1, 2, 4]",20260918,catboost,True,1,13320,5760,0.0,0,0.0,True
split20260918/S0124/catboost_N_t_24,"[0, 1, 2, 4]",20260918,catboost,True,1,13320,5760,0.0,0,0.0,True
split20260918/S0124/catboost_D_t_24,"[0, 1, 2, 4]",20260918,catboost,True,1,13320,5760,0.0,0,0.0,True
split20260918/S0124/catboost_R_t_24,"[0, 1, 2, 4]",20260918,catboost,True,1,13320,5760,0.0,0,0.0,True
split20260918/S0124/catboost_osi_48,"[0, 1, 2, 4]",20260918,catboost,True,1,10656,4608,0.0,0,0.0,True
split20260918/S0124/catboost_P_t_48,"[0, 1, 2, 4]",20260918,catboost,True,1,10656,4608,0.0,0,0.0,True
split20260918/S0124/catboost_N_t_48,"[0, 1, 2, 4]",20260918,catboost,True,1,10656,4608,0.0,0,0.0,True
split20260918/S0124/catboost_D_t_48,"[0, 1, 2, 4]",20260918,catboost,True,1,10656,4608,0.0,0,0.0,True
split20260918/S0124/catboost_R_t_48,"[0, 1, 2, 4]",20260918,catboost,True,1,10656,4608,0.0,0,0.0,True
split20260918/S0134/lgb_N_t_01,"[0, 1, 3, 4]",20260918,lightgbm,True,1,15873,0,0.0,0,0.0,True
split20260918/S0134/lgb_D_t_01,"[0, 1, 3, 4]",20260918,lightgbm,True,1,15873,0,0.0,0,0.0,True
split20260918/S0134/lgb_R_t_01,"[0, 1, 3, 4]",20260918,lightgbm,True,1,15873,0,0.0,0,0.0,True
split20260918/S0134/lgb_N_t_06,"[0, 1, 3, 4]",20260918,lightgbm,True,1,15318,0,0.0,0,0.0,True
split20260918/S0134/lgb_D_t_06,"[0, 1, 3, 4]",20260918,lightgbm,True,1,15318,0,0.0,0,0.0,True
split20260918/S0134/lgb_R_t_06,"[0, 1, 3, 4]",20260918,lightgbm,True,1,15318,0,0.0,0,0.0,True
split20260918/S0134/lgb_P_t_24,"[0, 1, 3, 4]",20260918,lightgbm,True,1,13320,0,0.0,0,0.0,True
split20260918/S0134/lgb_N_t_24,"[0, 1, 3, 4]",20260918,lightgbm,True,1,13320,0,0.0,0,0.0,True
split20260918/S0134/lgb_D_t_24,"[0, 1, 3, 4]",20260918,lightgbm,True,1,13320,0,0.0,0,0.0,True
split20260918/S0134/lgb_R_t_24,"[0, 1, 3, 4]",20260918,lightgbm,True,1,13320,0,0.0,0,0.0,True
split20260918/S0134/lgb_P_t_48,"[0, 1, 3, 4]",20260918,lightgbm,True,1,10656,0,0.0,0,0.0,True
split20260918/S0134/lgb_N_t_48,"[0, 1, 3, 4]",20260918,lightgbm,True,1,10656,0,0.0,0,0.0,True
split20260918/S0134/lgb_D_t_48,"[0, 1, 3, 4]",20260918,lightgbm,True,1,10656,0,0.0,0,0.0,True
split20260918/S0134/lgb_R_t_48,"[0, 1, 3, 4]",20260918,lightgbm,True,1,10656,0,0.0,0,0.0,True
split20260918/S0134/lgb_osi_24,"[0, 1, 3, 4]",20260918,lightgbm,True,1,13320,0,0.0,0,0.0,True
split20260918/S0134/lgb_osi_48,"[0, 1, 3, 4]",20260918,lightgbm,True,1,10656,0,0.0,0,0.0,True
split20260918/S0134/P01_a,"[0, 1, 3, 4]",20260918,lightgbm,True,1,15873,0,0.0,0,0.0,True
split20260918/S0134/P01_b,"[0, 1, 3, 4]",20260918,lightgbm,True,1,15873,0,0.0,0,0.0,True
split20260918/S0134/P06_a,"[0, 1, 3, 4]",20260918,lightgbm,True,1,15318,0,0.0,0,0.0,True
split20260918/S0134/P06_b,"[0, 1, 3, 4]",20260918,lightgbm,True,1,15318,0,0.0,0,0.0,True
split20260918/S0134/P24_neighbor,"[0, 1, 3, 4]",20260918,lightgbm,True,1,13320,0,0.0,0,0.0,True
split20260918/S0134/D01_unknown,"[0, 1, 3, 4]",20260918,lightgbm,True,1,15873,0,0.0,0,0.0,True
split20260918/S0134/xgboost_osi_24,"[0, 1, 3, 4]",20260918,xgboost,True,1,13320,5760,0.0,0,0.0,True
split20260918/S0134/xgboost_P_t_24,"[0, 1, 3, 4]",20260918,xgboost,True,1,13320,5760,0.0,0,0.0,True
split20260918/S0134/xgboost_N_t_24,"[0, 1, 3, 4]",20260918,xgboost,True,1,13320,5760,0.0,0,0.0,True
split20260918/S0134/xgboost_D_t_24,"[0, 1, 3, 4]",20260918,xgboost,True,1,13320,5760,0.0,0,0.0,True
split20260918/S0134/xgboost_R_t_24,"[0, 1, 3, 4]",20260918,xgboost,True,1,13320,5760,0.0,0,0.0,True
split20260918/S0134/xgboost_osi_48,"[0, 1, 3, 4]",20260918,xgboost,True,1,10656,4608,0.0,0,0.0,True
split20260918/S0134/xgboost_P_t_48,"[0, 1, 3, 4]",20260918,xgboost,True,1,10656,4608,0.0,0,0.0,True
split20260918/S0134/xgboost_N_t_48,"[0, 1, 3, 4]",20260918,xgboost,True,1,10656,4608,0.0,0,0.0,True
split20260918/S0134/xgboost_D_t_48,"[0, 1, 3, 4]",20260918,xgboost,True,1,10656,4608,0.0,0,0.0,True
split20260918/S0134/xgboost_R_t_48,"[0, 1, 3, 4]",20260918,xgboost,True,1,10656,4608,0.0,0,0.0,True
split20260918/S0134/catboost_osi_24,"[0, 1, 3, 4]",20260918,catboost,True,1,13320,5760,0.0,0,0.0,True
split20260918/S0134/catboost_P_t_24,"[0, 1, 3, 4]",20260918,catboost,True,1,13320,5760,0.0,0,0.0,True
split20260918/S0134/catboost_N_t_24,"[0, 1, 3, 4]",20260918,catboost,True,1,13320,5760,0.0,0,0.0,True
split20260918/S0134/catboost_D_t_24,"[0, 1, 3, 4]",20260918,catboost,True,1,13320,5760,0.0,0,0.0,True
split20260918/S0134/catboost_R_t_24,"[0, 1, 3, 4]",20260918,catboost,True,1,13320,5760,0.0,0,0.0,True
split20260918/S0134/catboost_osi_48,"[0, 1, 3, 4]",20260918,catboost,True,1,10656,4608,0.0,0,0.0,True
split20260918/S0134/catboost_P_t_48,"[0, 1, 3, 4]",20260918,catboost,True,1,10656,4608,0.0,0,0.0,True
split20260918/S0134/catboost_N_t_48,"[0, 1, 3, 4]",20260918,catboost,True,1,10656,4608,0.0,0,0.0,True
split20260918/S0134/catboost_D_t_48,"[0, 1, 3, 4]",20260918,catboost,True,1,10656,4608,0.0,0,0.0,True
split20260918/S0134/catboost_R_t_48,"[0, 1, 3, 4]",20260918,catboost,True,1,10656,4608,0.0,0,0.0,True
split20260918/S0234/lgb_N_t_01,"[0, 2, 3, 4]",20260918,lightgbm,True,1,15730,0,0.0,0,0.0,True
split20260918/S0234/lgb_D_t_01,"[0, 2, 3, 4]",20260918,lightgbm,True,1,15730,0,0.0,0,0.0,True
split20260918/S0234/lgb_R_t_01,"[0, 2, 3, 4]",20260918,lightgbm,True,1,15730,0,0.0,0,0.0,True
split20260918/S0234/lgb_N_t_06,"[0, 2, 3, 4]",20260918,lightgbm,True,1,15180,0,0.0,0,0.0,True
split20260918/S0234/lgb_D_t_06,"[0, 2, 3, 4]",20260918,lightgbm,True,1,15180,0,0.0,0,0.0,True
split20260918/S0234/lgb_R_t_06,"[0, 2, 3, 4]",20260918,lightgbm,True,1,15180,0,0.0,0,0.0,True
split20260918/S0234/lgb_P_t_24,"[0, 2, 3, 4]",20260918,lightgbm,True,1,13200,0,0.0,0,0.0,True
split20260918/S0234/lgb_N_t_24,"[0, 2, 3, 4]",20260918,lightgbm,True,1,13200,0,0.0,0,0.0,True
split20260918/S0234/lgb_D_t_24,"[0, 2, 3, 4]",20260918,lightgbm,True,1,13200,0,0.0,0,0.0,True
split20260918/S0234/lgb_R_t_24,"[0, 2, 3, 4]",20260918,lightgbm,True,1,13200,0,0.0,0,0.0,True
split20260918/S0234/lgb_P_t_48,"[0, 2, 3, 4]",20260918,lightgbm,True,1,10560,0,0.0,0,0.0,True
split20260918/S0234/lgb_N_t_48,"[0, 2, 3, 4]",20260918,lightgbm,True,1,10560,0,0.0,0,0.0,True
split20260918/S0234/lgb_D_t_48,"[0, 2, 3, 4]",20260918,lightgbm,True,1,10560,0,0.0,0,0.0,True
split20260918/S0234/lgb_R_t_48,"[0, 2, 3, 4]",20260918,lightgbm,True,1,10560,0,0.0,0,0.0,True
split20260918/S0234/lgb_osi_24,"[0, 2, 3, 4]",20260918,lightgbm,True,1,13200,0,0.0,0,0.0,True
split20260918/S0234/lgb_osi_48,"[0, 2, 3, 4]",20260918,lightgbm,True,1,10560,0,0.0,0,0.0,True
split20260918/S0234/P01_a,"[0, 2, 3, 4]",20260918,lightgbm,True,1,15730,0,0.0,0,0.0,True
split20260918/S0234/P01_b,"[0, 2, 3, 4]",20260918,lightgbm,True,1,15730,0,0.0,0,0.0,True
split20260918/S0234/P06_a,"[0, 2, 3, 4]",20260918,lightgbm,True,1,15180,0,0.0,0,0.0,True
split20260918/S0234/P06_b,"[0, 2, 3, 4]",20260918,lightgbm,True,1,15180,0,0.0,0,0.0,True
split20260918/S0234/P24_neighbor,"[0, 2, 3, 4]",20260918,lightgbm,True,1,13200,0,0.0,0,0.0,True
split20260918/S0234/D01_unknown,"[0, 2, 3, 4]",20260918,lightgbm,True,1,15730,0,0.0,0,0.0,True
split20260918/S0234/xgboost_osi_24,"[0, 2, 3, 4]",20260918,xgboost,True,1,13200,5640,0.0,0,0.0,True
split20260918/S0234/xgboost_P_t_24,"[0, 2, 3, 4]",20260918,xgboost,True,1,13200,5640,0.0,0,0.0,True
split20260918/S0234/xgboost_N_t_24,"[0, 2, 3, 4]",20260918,xgboost,True,1,13200,5640,0.0,0,0.0,True
split20260918/S0234/xgboost_D_t_24,"[0, 2, 3, 4]",20260918,xgboost,True,1,13200,5640,0.0,0,0.0,True
split20260918/S0234/xgboost_R_t_24,"[0, 2, 3, 4]",20260918,xgboost,True,1,13200,5640,0.0,0,0.0,True
split20260918/S0234/xgboost_osi_48,"[0, 2, 3, 4]",20260918,xgboost,True,1,10560,4512,0.0,0,0.0,True
split20260918/S0234/xgboost_P_t_48,"[0, 2, 3, 4]",20260918,xgboost,True,1,10560,4512,0.0,0,0.0,True
split20260918/S0234/xgboost_N_t_48,"[0, 2, 3, 4]",20260918,xgboost,True,1,10560,4512,0.0,0,0.0,True
split20260918/S0234/xgboost_D_t_48,"[0, 2, 3, 4]",20260918,xgboost,True,1,10560,4512,0.0,0,0.0,True
split20260918/S0234/xgboost_R_t_48,"[0, 2, 3, 4]",20260918,xgboost,True,1,10560,4512,0.0,0,0.0,True
split20260918/S0234/catboost_osi_24,"[0, 2, 3, 4]",20260918,catboost,True,1,13200,5640,0.0,0,0.0,True
split20260918/S0234/catboost_P_t_24,"[0, 2, 3, 4]",20260918,catboost,True,1,13200,5640,0.0,0,0.0,True
split20260918/S0234/catboost_N_t_24,"[0, 2, 3, 4]",20260918,catboost,True,1,13200,5640,0.0,0,0.0,True
split20260918/S0234/catboost_D_t_24,"[0, 2, 3, 4]",20260918,catboost,True,1,13200,5640,0.0,0,0.0,True
split20260918/S0234/catboost_R_t_24,"[0, 2, 3, 4]",20260918,catboost,True,1,13200,5640,0.0,0,0.0,True
split20260918/S0234/catboost_osi_48,"[0, 2, 3, 4]",20260918,catboost,True,1,10560,4512,0.0,0,0.0,True
split20260918/S0234/catboost_P_t_48,"[0, 2, 3, 4]",20260918,catboost,True,1,10560,4512,0.0,0,0.0,True
split20260918/S0234/catboost_N_t_48,"[0, 2, 3, 4]",20260918,catboost,True,1,10560,4512,0.0,0,0.0,True
split20260918/S0234/catboost_D_t_48,"[0, 2, 3, 4]",20260918,catboost,True,1,10560,4512,0.0,0,0.0,True
split20260918/S0234/catboost_R_t_48,"[0, 2, 3, 4]",20260918,catboost,True,1,10560,4512,0.0,0,0.0,True
split20260918/S1234/lgb_N_t_01,"[1, 2, 3, 4]",20260918,lightgbm,True,1,15873,0,0.0,0,0.0,True
split20260918/S1234/lgb_D_t_01,"[1, 2, 3, 4]",20260918,lightgbm,True,1,15873,0,0.0,0,0.0,True
split20260918/S1234/lgb_R_t_01,"[1, 2, 3, 4]",20260918,lightgbm,True,1,15873,0,0.0,0,0.0,True
split20260918/S1234/lgb_N_t_06,"[1, 2, 3, 4]",20260918,lightgbm,True,1,15318,0,0.0,0,0.0,True
split20260918/S1234/lgb_D_t_06,"[1, 2, 3, 4]",20260918,lightgbm,True,1,15318,0,0.0,0,0.0,True
split20260918/S1234/lgb_R_t_06,"[1, 2, 3, 4]",20260918,lightgbm,True,1,15318,0,0.0,0,0.0,True
split20260918/S1234/lgb_P_t_24,"[1, 2, 3, 4]",20260918,lightgbm,True,1,13320,0,0.0,0,0.0,True
split20260918/S1234/lgb_N_t_24,"[1, 2, 3, 4]",20260918,lightgbm,True,1,13320,0,0.0,0,0.0,True
split20260918/S1234/lgb_D_t_24,"[1, 2, 3, 4]",20260918,lightgbm,True,1,13320,0,0.0,0,0.0,True
split20260918/S1234/lgb_R_t_24,"[1, 2, 3, 4]",20260918,lightgbm,True,1,13320,0,0.0,0,0.0,True
split20260918/S1234/lgb_P_t_48,"[1, 2, 3, 4]",20260918,lightgbm,True,1,10656,0,0.0,0,0.0,True
split20260918/S1234/lgb_N_t_48,"[1, 2, 3, 4]",20260918,lightgbm,True,1,10656,0,0.0,0,0.0,True
split20260918/S1234/lgb_D_t_48,"[1, 2, 3, 4]",20260918,lightgbm,True,1,10656,0,0.0,0,0.0,True
split20260918/S1234/lgb_R_t_48,"[1, 2, 3, 4]",20260918,lightgbm,True,1,10656,0,0.0,0,0.0,True
split20260918/S1234/lgb_osi_24,"[1, 2, 3, 4]",20260918,lightgbm,True,1,13320,0,0.0,0,0.0,True
split20260918/S1234/lgb_osi_48,"[1, 2, 3, 4]",20260918,lightgbm,True,1,10656,0,0.0,0,0.0,True
split20260918/S1234/P01_a,"[1, 2, 3, 4]",20260918,lightgbm,True,1,15873,0,0.0,0,0.0,True
split20260918/S1234/P01_b,"[1, 2, 3, 4]",20260918,lightgbm,True,1,15873,0,0.0,0,0.0,True
split20260918/S1234/P06_a,"[1, 2, 3, 4]",20260918,lightgbm,True,1,15318,0,0.0,0,0.0,True
split20260918/S1234/P06_b,"[1, 2, 3, 4]",20260918,lightgbm,True,1,15318,0,0.0,0,0.0,True
split20260918/S1234/P24_neighbor,"[1, 2, 3, 4]",20260918,lightgbm,True,1,13320,0,0.0,0,0.0,True
split20260918/S1234/D01_unknown,"[1, 2, 3, 4]",20260918,lightgbm,True,1,15873,0,0.0,0,0.0,True
split20260918/S1234/xgboost_osi_24,"[1, 2, 3, 4]",20260918,xgboost,True,1,13320,5760,0.0,0,0.0,True
split20260918/S1234/xgboost_P_t_24,"[1, 2, 3, 4]",20260918,xgboost,True,1,13320,5760,0.0,0,0.0,True
split20260918/S1234/xgboost_N_t_24,"[1, 2, 3, 4]",20260918,xgboost,True,1,13320,5760,0.0,0,0.0,True
split20260918/S1234/xgboost_D_t_24,"[1, 2, 3, 4]",20260918,xgboost,True,1,13320,5760,0.0,0,0.0,True
split20260918/S1234/xgboost_R_t_24,"[1, 2, 3, 4]",20260918,xgboost,True,1,13320,5760,0.0,0,0.0,True
split20260918/S1234/xgboost_osi_48,"[1, 2, 3, 4]",20260918,xgboost,True,1,10656,4608,0.0,0,0.0,True
split20260918/S1234/xgboost_P_t_48,"[1, 2, 3, 4]",20260918,xgboost,True,1,10656,4608,0.0,0,0.0,True
split20260918/S1234/xgboost_N_t_48,"[1, 2, 3, 4]",20260918,xgboost,True,1,10656,4608,0.0,0,0.0,True
split20260918/S1234/xgboost_D_t_48,"[1, 2, 3, 4]",20260918,xgboost,True,1,10656,4608,0.0,0,0.0,True
split20260918/S1234/xgboost_R_t_48,"[1, 2, 3, 4]",20260918,xgboost,True,1,10656,4608,0.0,0,0.0,True
split20260918/S1234/catboost_osi_24,"[1, 2, 3, 4]",20260918,catboost,True,1,13320,5760,0.0,0,0.0,True
split20260918/S1234/catboost_P_t_24,"[1, 2, 3, 4]",20260918,catboost,True,1,13320,5760,0.0,0,0.0,True
split20260918/S1234/catboost_N_t_24,"[1, 2, 3, 4]",20260918,catboost,True,1,13320,5760,0.0,0,0.0,True
split20260918/S1234/catboost_D_t_24,"[1, 2, 3, 4]",20260918,catboost,True,1,13320,5760,0.0,0,0.0,True
split20260918/S1234/catboost_R_t_24,"[1, 2, 3, 4]",20260918,catboost,True,1,13320,5760,0.0,0,0.0,True
split20260918/S1234/catboost_osi_48,"[1, 2, 3, 4]",20260918,catboost,True,1,10656,4608,0.0,0,0.0,True
split20260918/S1234/catboost_P_t_48,"[1, 2, 3, 4]",20260918,catboost,True,1,10656,4608,0.0,0,0.0,True
split20260918/S1234/catboost_N_t_48,"[1, 2, 3, 4]",20260918,catboost,True,1,10656,4608,0.0,0,0.0,True
split20260918/S1234/catboost_D_t_48,"[1, 2, 3, 4]",20260918,catboost,True,1,10656,4608,0.0,0,0.0,True
split20260918/S1234/catboost_R_t_48,"[1, 2, 3, 4]",20260918,catboost,True,1,10656,4608,0.0,0,0.0,True
split20260918/S01234/lgb_N_t_01,"[0, 1, 2, 3, 4]",20260918,lightgbm,False,6,9009,0,0.0,0,1.0408340855860843e-17,False
split20260918/S01234/lgb_D_t_01,"[0, 1, 2, 3, 4]",20260918,lightgbm,False,6,9009,0,0.0,0,3.469446951953614e-17,False
split20260918/S01234/lgb_R_t_01,"[0, 1, 2, 3, 4]",20260918,lightgbm,False,6,9009,0,0.0,0,1.1275702593849246e-17,False
split20260918/S01234/lgb_N_t_06,"[0, 1, 2, 3, 4]",20260918,lightgbm,False,6,8694,0,0.0,0,1.0625181290357943e-17,False
split20260918/S01234/lgb_D_t_06,"[0, 1, 2, 3, 4]",20260918,lightgbm,False,6,8694,0,0.0,0,3.122502256758253e-17,False
split20260918/S01234/lgb_R_t_06,"[0, 1, 2, 3, 4]",20260918,lightgbm,False,6,8694,0,0.0,0,6.938893903907228e-18,False
split20260918/S01234/lgb_P_t_24,"[0, 1, 2, 3, 4]",20260918,lightgbm,False,6,7560,0,0.0,0,1.4224732503009818e-16,False
split20260918/S01234/lgb_N_t_24,"[0, 1, 2, 3, 4]",20260918,lightgbm,False,6,7560,0,0.0,0,2.6020852139652106e-18,False
split20260918/S01234/lgb_D_t_24,"[0, 1, 2, 3, 4]",20260918,lightgbm,False,6,7560,0,0.0,0,5.551115123125783e-17,False
split20260918/S01234/lgb_R_t_24,"[0, 1, 2, 3, 4]",20260918,lightgbm,False,6,7560,0,0.0,0,5.854691731421724e-18,False
split20260918/S01234/lgb_P_t_48,"[0, 1, 2, 3, 4]",20260918,lightgbm,False,6,6048,0,0.0,0,2.949029909160572e-17,False
split20260918/S01234/lgb_N_t_48,"[0, 1, 2, 3, 4]",20260918,lightgbm,False,6,6048,0,0.0,0,7.806255641895632e-18,False
split20260918/S01234/lgb_D_t_48,"[0, 1, 2, 3, 4]",20260918,lightgbm,False,6,6048,0,0.0,0,1.214306433183765e-17,False
split20260918/S01234/lgb_R_t_48,"[0, 1, 2, 3, 4]",20260918,lightgbm,False,6,6048,0,0.0,0,1.214306433183765e-17,False
split20260918/S01234/lgb_osi_24,"[0, 1, 2, 3, 4]",20260918,lightgbm,False,6,7560,0,0.0,0,4.0766001685454967e-17,False
split20260918/S01234/lgb_osi_48,"[0, 1, 2, 3, 4]",20260918,lightgbm,False,6,6048,0,0.0,0,1.5612511283791264e-17,False
split20260918/S01234/P01_a,"[0, 1, 2, 3, 4]",20260918,lightgbm,False,6,9009,0,0.0,0,1.734723475976807e-18,False
split20260918/S01234/P01_b,"[0, 1, 2, 3, 4]",20260918,lightgbm,False,6,9009,0,0.0,0,1.734723475976807e-18,False
split20260918/S01234/P06_a,"[0, 1, 2, 3, 4]",20260918,lightgbm,False,6,8694,0,0.0,0,1.734723475976807e-18,False
split20260918/S01234/P06_b,"[0, 1, 2, 3, 4]",20260918,lightgbm,False,6,8694,0,0.0,0,1.734723475976807e-18,False
split20260918/S01234/P24_neighbor,"[0, 1, 2, 3, 4]",20260918,lightgbm,False,6,7560,0,0.0,0,5.551115123125783e-17,False
split20260918/S01234/D01_unknown,"[0, 1, 2, 3, 4]",20260918,lightgbm,False,6,9009,0,0.0,0,2.0816681711721685e-17,False
split20260918/S01234/xgboost_osi_24,"[0, 1, 2, 3, 4]",20260918,xgboost,False,6,7560,0,0.0,0,0.0,False
split20260918/S01234/xgboost_P_t_24,"[0, 1, 2, 3, 4]",20260918,xgboost,False,6,7560,0,0.0,0,0.0,False
split20260918/S01234/xgboost_N_t_24,"[0, 1, 2, 3, 4]",20260918,xgboost,False,6,7560,0,0.0,0,0.0,False
split20260918/S01234/xgboost_D_t_24,"[0, 1, 2, 3, 4]",20260918,xgboost,False,6,7560,0,0.0,0,0.0,False
split20260918/S01234/xgboost_R_t_24,"[0, 1, 2, 3, 4]",20260918,xgboost,False,6,7560,0,0.0,0,0.0,False
split20260918/S01234/xgboost_osi_48,"[0, 1, 2, 3, 4]",20260918,xgboost,False,6,6048,0,0.0,0,0.0,False
split20260918/S01234/xgboost_P_t_48,"[0, 1, 2, 3, 4]",20260918,xgboost,False,6,6048,0,0.0,0,0.0,False
split20260918/S01234/xgboost_N_t_48,"[0, 1, 2, 3, 4]",20260918,xgboost,False,6,6048,0,0.0,0,0.0,False
split20260918/S01234/xgboost_D_t_48,"[0, 1, 2, 3, 4]",20260918,xgboost,False,6,6048,0,0.0,0,0.0,False
split20260918/S01234/xgboost_R_t_48,"[0, 1, 2, 3, 4]",20260918,xgboost,False,6,6048,0,0.0,0,0.0,False
split20260918/S01234/catboost_osi_24,"[0, 1, 2, 3, 4]",20260918,catboost,False,6,7560,0,0.0,0,0.0,False
split20260918/S01234/catboost_P_t_24,"[0, 1, 2, 3, 4]",20260918,catboost,False,6,7560,0,0.0,0,0.0,False
split20260918/S01234/catboost_N_t_24,"[0, 1, 2, 3, 4]",20260918,catboost,False,6,7560,0,0.0,0,0.0,False
split20260918/S01234/catboost_D_t_24,"[0, 1, 2, 3, 4]",20260918,catboost,False,6,7560,0,0.0,0,0.0,False
split20260918/S01234/catboost_R_t_24,"[0, 1, 2, 3, 4]",20260918,catboost,False,6,7560,0,0.0,0,0.0,False
split20260918/S01234/catboost_osi_48,"[0, 1, 2, 3, 4]",20260918,catboost,False,6,6048,0,0.0,0,0.0,False
split20260918/S01234/catboost_P_t_48,"[0, 1, 2, 3, 4]",20260918,catboost,False,6,6048,0,0.0,0,0.0,False
split20260918/S01234/catboost_N_t_48,"[0, 1, 2, 3, 4]",20260918,catboost,False,6,6048,0,0.0,0,0.0,False
split20260918/S01234/catboost_D_t_48,"[0, 1, 2, 3, 4]",20260918,catboost,False,6,6048,0,0.0,0,0.0,False
split20260918/S01234/catboost_R_t_48,"[0, 1, 2, 3, 4]",20260918,catboost,False,6,6048,0,0.0,0,0.0,False
