fipsCode,countyName,stateAbbr,timestamp_et,osi_target_t01h,osi_target_t06h,osi_target_t24h,osi_target_t48h
18001,Adams County,IN,3/14/2026 0:00,0.008944167498650325,0.006193324827079509,0.0,0.004889494144305244
18001,Adams County,IN,3/14/2026 1:00,0.005639789120894717,0.004749316084895227,0.0,0.004569432148920747
18001,Adams County,IN,3/14/2026 2:00,0.004292895060866445,0.003470234277714708,0.0,0.005992305494219738
18001,Adams County,IN,3/14/2026 3:00,0.0040883164534480715,0.0019344456531836772,0.0,0.005779326919067609
18001,Adams County,IN,3/14/2026 4:00,0.0029928618901370807,0.0023519594243551797,0.0,0.005302810445150249
18001,Adams County,IN,3/14/2026 5:00,0.0020432400095926283,0.0017969388867258528,0.0,0.006717216547955202
18001,Adams County,IN,3/14/2026 6:00,0.0021852594562990313,0.001402024867473696,0.0,0.005598609836768894
18001,Adams County,IN,3/14/2026 7:00,0.004032617127056626,0.0013567961843829694,0.0,0.005701617336682817
18001,Adams County,IN,3/14/2026 8:00,0.002115727071523926,0.0,0.0,0.006106886480041657
18001,Adams County,IN,3/14/2026 9:00,0.0019844568571660494,0.0010293816701048898,0.0,0.006763163769629484
18001,Adams County,IN,3/14/2026 10:00,0.001018785020012459,0.0,0.0,0.004023698334416296
18001,Adams County,IN,3/14/2026 11:00,0.0010861072584248041,0.0,0.001564327330537081,0.0017418578338102538
18001,Adams County,IN,3/14/2026 12:00,0.0,0.0,0.0027666459694303067,0.0
18001,Adams County,IN,3/14/2026 13:00,0.0,0.0,0.00515669085342497,0.0
18001,Adams County,IN,3/14/2026 14:00,0.0,0.0,0.0043010896657599395,0.0
18001,Adams County,IN,3/14/2026 15:00,0.0,0.0,0.0043048990043630655,0.0
18001,Adams County,IN,3/14/2026 16:00,0.0,0.0,0.00462214845162204,0.0
18001,Adams County,IN,3/14/2026 17:00,0.0,0.0,0.005782921527982526,0.0
18001,Adams County,IN,3/14/2026 18:00,0.0,0.0,0.0059991307492959466,0.0
18001,Adams County,IN,3/14/2026 19:00,0.0,0.0,0.0058081626852850236,0.0
18001,Adams County,IN,3/14/2026 20:00,0.0,0.0,0.00440894194946126,0.0
18001,Adams County,IN,3/14/2026 21:00,0.0,0.0,0.004230732867334278,0.0
18001,Adams County,IN,3/14/2026 22:00,0.0,0.0,0.004602223497954992,0.0
18001,Adams County,IN,3/14/2026 23:00,0.0,0.0,0.0056423345716913155,0.0
18001,Adams County,IN,3/15/2026 0:00,0.0,0.0,0.0052905780971872814,0.0
18001,Adams County,IN,3/15/2026 1:00,0.0,0.0,0.006791393696469518,0.0
18001,Adams County,IN,3/15/2026 2:00,0.0,0.0,0.00686871056706858,0.0
18001,Adams County,IN,3/15/2026 3:00,0.0,0.0,0.006704877135446629,0.0
18001,Adams County,IN,3/15/2026 4:00,0.0,0.0,0.007414925462433811,0.0
18001,Adams County,IN,3/15/2026 5:00,0.0,0.0,0.008090457413463273,0.0
18001,Adams County,IN,3/15/2026 6:00,0.0,0.0016380527119423673,0.007811121367513866,0.0
18001,Adams County,IN,3/15/2026 7:00,0.0,0.003302602320732637,0.010908171848406685,0.0
18001,Adams County,IN,3/15/2026 8:00,0.0,0.003531907987720156,0.008937636388299553,0.0
18001,Adams County,IN,3/15/2026 9:00,0.0,0.0032876479702496327,0.00785934524326246,0.0
18001,Adams County,IN,3/15/2026 10:00,0.0,0.0038135370592507715,0.005006185670291076,0.0
18001,Adams County,IN,3/15/2026 11:00,0.0033769293013627775,0.003160260589301353,0.004053444895650032,0.0
18001,Adams County,IN,3/15/2026 12:00,0.004058489604654865,0.002778805076209755,0.004524953209964316,0.0
18001,Adams County,IN,3/15/2026 13:00,0.004403329810819019,0.0024188499145012072,0.0032159423420645584,0.0
18001,Adams County,IN,3/15/2026 14:00,0.004106547868191685,0.002218086726072852,0.00134380037898795,0.0
18001,Adams County,IN,3/15/2026 15:00,0.003908464375207883,0.0018329274140023823,0.0011616966840815837,0.0
18001,Adams County,IN,3/15/2026 16:00,0.0037737857195652143,0.001705733709196408,0.0,0.0
18001,Adams County,IN,3/15/2026 17:00,0.003217624943604061,0.002190407985810023,0.0,0.0
18001,Adams County,IN,3/15/2026 18:00,0.0030568435368695584,0.0027323455481249115,0.0,0.0
18001,Adams County,IN,3/15/2026 19:00,0.001592014203866588,0.0024987004144548177,0.0,0.0
18001,Adams County,IN,3/15/2026 20:00,0.0,0.003746476784137613,0.0,0.0
18001,Adams County,IN,3/15/2026 21:00,0.0,0.0034483606704706895,0.0,0.0
18001,Adams County,IN,3/15/2026 22:00,0.0020189372993373194,0.004989212513577906,0.0,0.0
18001,Adams County,IN,3/15/2026 23:00,0.0042038508420062645,0.003721585018289956,0.0,0.0
18001,Adams County,IN,3/16/2026 0:00,0.004120373497770622,0.004064173959791174,0.0,0.0
18001,Adams County,IN,3/16/2026 1:00,0.005386911999372296,0.006127871121061909,0.0,0.0
18001,Adams County,IN,3/16/2026 2:00,0.005631786613874648,0.004788019526998534,0.0,0.0
18001,Adams County,IN,3/16/2026 3:00,0.0046366376483609,0.004625448961478744,0.0,0.0
18001,Adams County,IN,3/16/2026 4:00,0.003164571026806207,0.0033167856339162416,0.0,0.0
18001,Adams County,IN,3/16/2026 5:00,0.002571745644621187,0.003601034007856283,0.0,0.0
18001,Adams County,IN,3/16/2026 6:00,0.003875819004797315,0.0029829101350740132,0.0,0.0
18001,Adams County,IN,3/16/2026 7:00,0.006062303713691519,0.0028014043482900157,0.0,0.0
18001,Adams County,IN,3/16/2026 8:00,0.003615477464985539,0.00142414096242165,0.0,0.0
18001,Adams County,IN,3/16/2026 9:00,0.0025551073777570765,0.0013728183235484164,0.0,0.0
18001,Adams County,IN,3/16/2026 10:00,0.002269771068937155,0.0012273237283166975,0.0,0.0
18001,Adams County,IN,3/16/2026 11:00,0.0021782133574521265,0.0,0.0,0.0
18001,Adams County,IN,3/16/2026 12:00,0.0018094020297146362,0.0,0.0,0.0
18001,Adams County,IN,3/16/2026 13:00,0.0018457425289564395,0.0,0.0,0.0
18001,Adams County,IN,3/16/2026 14:00,0.0015169425790768638,0.0,0.0,0.0
18001,Adams County,IN,3/16/2026 15:00,0.0,0.0,0.0,0.0
18001,Adams County,IN,3/16/2026 16:00,0.0,0.0,0.0,0.0
18001,Adams County,IN,3/16/2026 17:00,0.0,0.0,0.0,0.0
18001,Adams County,IN,3/16/2026 18:00,0.0,0.0,0.0,0.0
18001,Adams County,IN,3/16/2026 19:00,0.0,0.0,0.0,0.0
18001,Adams County,IN,3/16/2026 20:00,0.0,0.0,0.0,0.0
18001,Adams County,IN,3/16/2026 21:00,0.0,0.0,0.0,0.0
18001,Adams County,IN,3/16/2026 22:00,0.0,0.0,0.0,0.0
18001,Adams County,IN,3/16/2026 23:00,0.0011795165183759834,0.0,0.0,0.0
18001,Adams County,IN,3/17/2026 0:00,0.0,0.0,0.0,0.0
18001,Adams County,IN,3/17/2026 1:00,0.0,0.0,0.0,0.0
18001,Adams County,IN,3/17/2026 2:00,0.0,0.0,0.0,0.0
18001,Adams County,IN,3/17/2026 3:00,0.0,0.0,0.0,0.0
18001,Adams County,IN,3/17/2026 4:00,0.0,0.0,0.0,0.0
18001,Adams County,IN,3/17/2026 5:00,0.0,0.0,0.0,0.0
18001,Adams County,IN,3/17/2026 6:00,0.0,0.0,0.0,0.0
18001,Adams County,IN,3/17/2026 7:00,0.0,0.0,0.0,0.0
18001,Adams County,IN,3/17/2026 8:00,0.0,0.0,0.0,0.0
18001,Adams County,IN,3/17/2026 9:00,0.0,0.0,0.0,0.0
18001,Adams County,IN,3/17/2026 10:00,0.0,0.0,0.0,0.0
18001,Adams County,IN,3/17/2026 11:00,0.0,0.0,0.0,0.0
18001,Adams County,IN,3/17/2026 12:00,0.0,0.0,0.0,0.0
18001,Adams County,IN,3/17/2026 13:00,0.0,0.0,0.0,0.0
18001,Adams County,IN,3/17/2026 14:00,0.0,0.0,0.0,0.0
18001,Adams County,IN,3/17/2026 15:00,0.0,0.0,0.0,0.0
18001,Adams County,IN,3/17/2026 16:00,0.0,0.0,0.0,0.0
18001,Adams County,IN,3/17/2026 17:00,0.0,0.0,0.0,0.0
18001,Adams County,IN,3/17/2026 18:00,0.0,0.0,0.0,0.0
18001,Adams County,IN,3/17/2026 19:00,0.0,0.0,0.0,0.0
18001,Adams County,IN,3/17/2026 20:00,0.0,0.0,0.0,0.0
18001,Adams County,IN,3/17/2026 21:00,0.0,0.0,0.0,0.0
18001,Adams County,IN,3/17/2026 22:00,0.0,0.0,0.0,0.0
18001,Adams County,IN,3/17/2026 23:00,0.0,0.0,0.0,0.0
18001,Adams County,IN,3/18/2026 0:00,0.0,0.0,0.0,
18001,Adams County,IN,3/18/2026 1:00,0.0,0.0,0.0,
18001,Adams County,IN,3/18/2026 2:00,0.0,0.0,0.0,
18001,Adams County,IN,3/18/2026 3:00,0.0,0.0,0.0,
18001,Adams County,IN,3/18/2026 4:00,0.0,0.0,0.0,
18001,Adams County,IN,3/18/2026 5:00,0.0,0.0,0.0,
18001,Adams County,IN,3/18/2026 6:00,0.0013682211999568076,0.0,0.0,
18001,Adams County,IN,3/18/2026 7:00,0.0,0.0,0.0,
18001,Adams County,IN,3/18/2026 8:00,0.0,0.0,0.0,
18001,Adams County,IN,3/18/2026 9:00,0.0,0.0,0.0,
18001,Adams County,IN,3/18/2026 10:00,0.0,0.0,0.0,
18001,Adams County,IN,3/18/2026 11:00,0.0,0.0,0.0,
18001,Adams County,IN,3/18/2026 12:00,0.0,0.0,0.0,
18001,Adams County,IN,3/18/2026 13:00,0.0013899535633339428,0.0,0.0,
18001,Adams County,IN,3/18/2026 14:00,0.001313779342768513,0.0,0.0,
18001,Adams County,IN,3/18/2026 15:00,0.0,0.0,0.0,
18001,Adams County,IN,3/18/2026 16:00,0.0,0.0,0.0,
18001,Adams County,IN,3/18/2026 17:00,0.0,0.0,0.0,
18001,Adams County,IN,3/18/2026 18:00,0.0,0.0,0.0,
18001,Adams County,IN,3/18/2026 19:00,0.0,0.0,0.0,
18001,Adams County,IN,3/18/2026 20:00,0.0,0.0,0.0,
18001,Adams County,IN,3/18/2026 21:00,0.0,0.0,0.0,
18001,Adams County,IN,3/18/2026 22:00,0.0,0.0,0.0,
18001,Adams County,IN,3/18/2026 23:00,0.0,0.0,0.0,
18001,Adams County,IN,3/19/2026 0:00,0.0,0.0,,
18001,Adams County,IN,3/19/2026 1:00,0.0,0.0,,
18001,Adams County,IN,3/19/2026 2:00,0.0,0.0,,
18001,Adams County,IN,3/19/2026 3:00,0.0,0.0,,
18001,Adams County,IN,3/19/2026 4:00,0.0,0.0,,
18001,Adams County,IN,3/19/2026 5:00,0.0,0.0,,
18001,Adams County,IN,3/19/2026 6:00,0.0,0.0,,
18001,Adams County,IN,3/19/2026 7:00,0.0,0.0,,
18001,Adams County,IN,3/19/2026 8:00,0.0,0.0,,
18001,Adams County,IN,3/19/2026 9:00,0.0,0.0,,
18001,Adams County,IN,3/19/2026 10:00,0.0,0.0,,
18001,Adams County,IN,3/19/2026 11:00,0.0,0.0,,
18001,Adams County,IN,3/19/2026 12:00,0.0,0.0,,
18001,Adams County,IN,3/19/2026 13:00,0.0,0.0,,
18001,Adams County,IN,3/19/2026 14:00,0.0,0.0,,
18001,Adams County,IN,3/19/2026 15:00,0.0,0.0,,
18001,Adams County,IN,3/19/2026 16:00,0.0,0.0,,
18001,Adams County,IN,3/19/2026 17:00,0.0,0.0,,
18001,Adams County,IN,3/19/2026 18:00,0.0,,,
18001,Adams County,IN,3/19/2026 19:00,0.0,,,
18001,Adams County,IN,3/19/2026 20:00,0.0,,,
18001,Adams County,IN,3/19/2026 21:00,0.0,,,
18001,Adams County,IN,3/19/2026 22:00,0.0,,,
18001,Adams County,IN,3/19/2026 23:00,,,,
18003,Allen County,IN,3/14/2026 0:00,0.008590659243814568,0.007051223970836833,0.0011896690179216004,0.005048178103971678
18003,Allen County,IN,3/14/2026 1:00,0.009060490717845477,0.006172248685973436,0.0011590227030932093,0.005306910754993691
18003,Allen County,IN,3/14/2026 2:00,0.010685904038216065,0.006345034221130629,0.0,0.005526197997903787
18003,Allen County,IN,3/14/2026 3:00,0.010475403897515126,0.006485463698309634,0.0,0.005324889364240584
18003,Allen County,IN,3/14/2026 4:00,0.00872901600704134,0.005506826302941767,0.0,0.005346651560549447
18003,Allen County,IN,3/14/2026 5:00,0.008364130090736315,0.005443867892221777,0.0,0.004900287421238006
18003,Allen County,IN,3/14/2026 6:00,0.007715376275381163,0.005456506879604318,0.0,0.004746776228052519
18003,Allen County,IN,3/14/2026 7:00,0.007057782542068653,0.0047310160020804315,0.0,0.004450101132672883
18003,Allen County,IN,3/14/2026 8:00,0.0064265283898309634,0.00437347945545301,0.0,0.004703340669499323
18003,Allen County,IN,3/14/2026 9:00,0.00615609626140257,0.005970244488018494,0.0,0.004542520035854632
18003,Allen County,IN,3/14/2026 10:00,0.006035350161907393,0.003114769742620988,0.0,0.0050185095465155385
18003,Allen County,IN,3/14/2026 11:00,0.00496350437878438,0.0030534893464938834,0.0,0.00236540194371351
18003,Allen County,IN,3/14/2026 12:00,0.004548787626244297,0.0024360243316684776,0.0023396447588969094,0.002381289417403066
18003,Allen County,IN,3/14/2026 13:00,0.00414049707790909,0.002290246665089309,0.0037643941813544153,0.0012635415275919454
18003,Allen County,IN,3/14/2026 14:00,0.003871743743098789,0.0018262721495199946,0.004861391960272847,0.0012447110096846707
18003,Allen County,IN,3/14/2026 15:00,0.00326019626174202,0.0017980300120196838,0.0053515359291543335,0.0022617035980620997
18003,Allen County,IN,3/14/2026 16:00,0.003228576203495247,0.0017802361465459717,0.0046826248392383115,0.0012390473370437278
18003,Allen County,IN,3/14/2026 17:00,0.0027235253463470943,0.00170355485461036,0.00469233175820405,0.0010998716067105434
18003,Allen County,IN,3/14/2026 18:00,0.002244890222773464,0.0017345405667529839,0.00487013153436065,0.0
18003,Allen County,IN,3/14/2026 19:00,0.0021062583216102755,0.001698715763118178,0.005093309732271141,0.0
18003,Allen County,IN,3/14/2026 20:00,0.00221201368285662,0.0017081122453068342,0.004082754438845736,0.0
18003,Allen County,IN,3/14/2026 21:00,0.002081976881351757,0.0020344524961289894,0.0034640672444605715,0.0
18003,Allen County,IN,3/14/2026 22:00,0.0018624948972035156,0.0015982438663062729,0.0025370700330522786,0.0
18003,Allen County,IN,3/14/2026 23:00,0.002027289365955846,0.001613918179818319,0.003238688879978352,0.0
18003,Allen County,IN,3/15/2026 0:00,0.0019753031098443067,0.0016702203118971286,0.004118395477843496,0.0
18003,Allen County,IN,3/15/2026 1:00,0.0018908836845046488,0.0015815186178414994,0.00516007827036974,0.0
18003,Allen County,IN,3/15/2026 2:00,0.0016852673728471623,0.0015183808751034725,0.0050007348671424244,0.0
18003,Allen County,IN,3/15/2026 3:00,0.0015282177629081207,0.0015197447005809931,0.006437590178384289,0.0
18003,Allen County,IN,3/15/2026 4:00,0.001410098084872066,0.0014104008739150458,0.0063555037273094256,0.0
18003,Allen County,IN,3/15/2026 5:00,0.0021790545718832085,0.0020150452613382896,0.005302788714738443,0.0
18003,Allen County,IN,3/15/2026 6:00,0.0020602526558883465,0.0031287020665444775,0.0058865116720208275,0.0
18003,Allen County,IN,3/15/2026 7:00,0.002089061149026793,0.003436803967882815,0.004958514342993539,0.0
18003,Allen County,IN,3/15/2026 8:00,0.0027867085557917773,0.0036362145062548926,0.0049021300617733635,0.0
18003,Allen County,IN,3/15/2026 9:00,0.0027717898773649613,0.004898420123250887,0.0045410505642322655,0.0
18003,Allen County,IN,3/15/2026 10:00,0.002948990694842719,0.005867212116281773,0.0035587622317499517,0.0
18003,Allen County,IN,3/15/2026 11:00,0.004436203978326752,0.006149228522959671,0.0021673120846184874,0.0
18003,Allen County,IN,3/15/2026 12:00,0.005524717549573021,0.0058231539463822375,0.002078042702419904,0.0
18003,Allen County,IN,3/15/2026 13:00,0.005382682342832488,0.00485117598852333,0.0013029726952420988,0.0
18003,Allen County,IN,3/15/2026 14:00,0.005433383084571169,0.004235095346122458,0.0012040079703969759,0.0
18003,Allen County,IN,3/15/2026 15:00,0.005072475757468584,0.004459582654318635,0.0010300161613830295,0.0
18003,Allen County,IN,3/15/2026 16:00,0.004730314518919456,0.0039326774220751716,0.0,0.0
18003,Allen County,IN,3/15/2026 17:00,0.005358391002417197,0.003682792292734333,0.0,0.0
18003,Allen County,IN,3/15/2026 18:00,0.005037213205237674,0.004377321983738943,0.001563866123873963,0.0
18003,Allen County,IN,3/15/2026 19:00,0.004784534626092004,0.005473509596025316,0.0015166167317375758,0.0
18003,Allen County,IN,3/15/2026 20:00,0.004101191996288856,0.005380885520267897,0.0014091356171490731,0.0
18003,Allen County,IN,3/15/2026 21:00,0.004894195057927512,0.0055560482140747085,0.001476060582840798,0.0
18003,Allen County,IN,3/15/2026 22:00,0.0036962988012023894,0.005242794506443329,0.0014254407550143996,0.0
18003,Allen County,IN,3/15/2026 23:00,0.005927057686575131,0.0047823815160597085,0.0012724552505106914,0.0
18003,Allen County,IN,3/16/2026 0:00,0.0046885345119019204,0.00508857671739646,0.001177990865647053,0.0
18003,Allen County,IN,3/16/2026 1:00,0.005358358126255525,0.0052850605455063504,0.0,0.0
18003,Allen County,IN,3/16/2026 2:00,0.007711672119774562,0.0026538084351174452,0.0,0.0
18003,Allen County,IN,3/16/2026 3:00,0.008111722916131419,0.0025242945626352637,0.0,0.0
18003,Allen County,IN,3/16/2026 4:00,0.0076991196235966656,0.00367328356621993,0.0,0.0
18003,Allen County,IN,3/16/2026 5:00,0.007570821540691605,0.0027918121058519182,0.0,0.0
18003,Allen County,IN,3/16/2026 6:00,0.005905687531609376,0.0023747776946827968,0.0,0.0
18003,Allen County,IN,3/16/2026 7:00,0.005396458594163088,0.0017720240213486003,0.0,0.0
18003,Allen County,IN,3/16/2026 8:00,0.004767215536447684,0.0015809602815057835,0.0,0.0
18003,Allen County,IN,3/16/2026 9:00,0.004218432409484195,0.0,0.0,0.0
18003,Allen County,IN,3/16/2026 10:00,0.0034325852037374125,0.0,0.0,0.0
18003,Allen County,IN,3/16/2026 11:00,0.0030968258195110438,0.0,0.0,0.0
18003,Allen County,IN,3/16/2026 12:00,0.002738622799294734,0.0,0.0,0.0
18003,Allen County,IN,3/16/2026 13:00,0.003074920959262357,0.0,0.0,0.0
18003,Allen County,IN,3/16/2026 14:00,0.0,0.0,0.0,0.0
18003,Allen County,IN,3/16/2026 15:00,0.0,0.0,0.0,0.0
18003,Allen County,IN,3/16/2026 16:00,0.0,0.0,0.0,0.0
18003,Allen County,IN,3/16/2026 17:00,0.0,0.0,0.0,0.0
18003,Allen County,IN,3/16/2026 18:00,0.0,0.0,0.0,0.0
18003,Allen County,IN,3/16/2026 19:00,0.0,0.0,0.0,0.0
18003,Allen County,IN,3/16/2026 20:00,0.0,0.0,0.0,0.0
18003,Allen County,IN,3/16/2026 21:00,0.0,0.0,0.0,0.0
18003,Allen County,IN,3/16/2026 22:00,0.0,0.0,0.0,0.0
18003,Allen County,IN,3/16/2026 23:00,0.0,0.0,0.0,0.0
18003,Allen County,IN,3/17/2026 0:00,0.0,0.0,0.0,0.0
18003,Allen County,IN,3/17/2026 1:00,0.0,0.0,0.0,0.0
18003,Allen County,IN,3/17/2026 2:00,0.0,0.0,0.0,0.0
18003,Allen County,IN,3/17/2026 3:00,0.0,0.0,0.0,0.0
18003,Allen County,IN,3/17/2026 4:00,0.0,0.0,0.0,0.0
18003,Allen County,IN,3/17/2026 5:00,0.0,0.0,0.0,0.0
18003,Allen County,IN,3/17/2026 6:00,0.0,0.0,0.0,0.0
18003,Allen County,IN,3/17/2026 7:00,0.0,0.0,0.0,0.0
18003,Allen County,IN,3/17/2026 8:00,0.0,0.0,0.0,0.0
18003,Allen County,IN,3/17/2026 9:00,0.0,0.0,0.0,0.0
18003,Allen County,IN,3/17/2026 10:00,0.0,0.0,0.0,0.0
18003,Allen County,IN,3/17/2026 11:00,0.0,0.0,0.0,0.0
18003,Allen County,IN,3/17/2026 12:00,0.0,0.0,0.0,0.0
18003,Allen County,IN,3/17/2026 13:00,0.0,0.0,0.0,0.0
18003,Allen County,IN,3/17/2026 14:00,0.0,0.0,0.0,0.0
18003,Allen County,IN,3/17/2026 15:00,0.0,0.0,0.0,0.0
18003,Allen County,IN,3/17/2026 16:00,0.0,0.0,0.0,0.0
18003,Allen County,IN,3/17/2026 17:00,0.0,0.0,0.0,0.0
18003,Allen County,IN,3/17/2026 18:00,0.0,0.0,0.0,0.0
18003,Allen County,IN,3/17/2026 19:00,0.0,0.0,0.0,0.0
18003,Allen County,IN,3/17/2026 20:00,0.0,0.0,0.0,0.0
18003,Allen County,IN,3/17/2026 21:00,0.0,0.0,0.0,0.0
18003,Allen County,IN,3/17/2026 22:00,0.0,0.0,0.0,0.0
18003,Allen County,IN,3/17/2026 23:00,0.0,0.0,0.0,0.0
18003,Allen County,IN,3/18/2026 0:00,0.0,0.0,0.0,
18003,Allen County,IN,3/18/2026 1:00,0.0,0.0,0.0,
18003,Allen County,IN,3/18/2026 2:00,0.0,0.0,0.0,
18003,Allen County,IN,3/18/2026 3:00,0.0,0.0,0.0,
18003,Allen County,IN,3/18/2026 4:00,0.0,0.0,0.0,
18003,Allen County,IN,3/18/2026 5:00,0.0011292859819170837,0.0,0.0,
18003,Allen County,IN,3/18/2026 6:00,0.0,0.0,0.0,
18003,Allen County,IN,3/18/2026 7:00,0.0,0.0,0.0,
18003,Allen County,IN,3/18/2026 8:00,0.0,0.0,0.0,
18003,Allen County,IN,3/18/2026 9:00,0.0,0.0,0.0,
18003,Allen County,IN,3/18/2026 10:00,0.0,0.0,0.0,
18003,Allen County,IN,3/18/2026 11:00,0.0,0.0,0.0,
18003,Allen County,IN,3/18/2026 12:00,0.0,0.0,0.0,
18003,Allen County,IN,3/18/2026 13:00,0.0,0.0,0.0,
18003,Allen County,IN,3/18/2026 14:00,0.0,0.0,0.0,
18003,Allen County,IN,3/18/2026 15:00,0.0,0.0,0.0,
18003,Allen County,IN,3/18/2026 16:00,0.0,0.0,0.0,
18003,Allen County,IN,3/18/2026 17:00,0.0,0.0,0.0,
18003,Allen County,IN,3/18/2026 18:00,0.0,0.0,0.0,
18003,Allen County,IN,3/18/2026 19:00,0.0,0.0,0.0,
18003,Allen County,IN,3/18/2026 20:00,0.0,0.0,0.0,
18003,Allen County,IN,3/18/2026 21:00,0.0,0.0,0.0,
18003,Allen County,IN,3/18/2026 22:00,0.0,0.0,0.0,
18003,Allen County,IN,3/18/2026 23:00,0.0,0.0,0.001144151561956994,
18003,Allen County,IN,3/19/2026 0:00,0.0,0.0,,
18003,Allen County,IN,3/19/2026 1:00,0.0,0.0,,
18003,Allen County,IN,3/19/2026 2:00,0.0,0.0,,
18003,Allen County,IN,3/19/2026 3:00,0.0,0.0,,
18003,Allen County,IN,3/19/2026 4:00,0.0,0.0,,
18003,Allen County,IN,3/19/2026 5:00,0.0,0.0,,
18003,Allen County,IN,3/19/2026 6:00,0.0,0.0,,
18003,Allen County,IN,3/19/2026 7:00,0.0,0.0,,
18003,Allen County,IN,3/19/2026 8:00,0.0,0.0,,
18003,Allen County,IN,3/19/2026 9:00,0.0,0.0,,
18003,Allen County,IN,3/19/2026 10:00,0.0,0.0,,
18003,Allen County,IN,3/19/2026 11:00,0.0,0.0,,
18003,Allen County,IN,3/19/2026 12:00,0.0,0.0,,
18003,Allen County,IN,3/19/2026 13:00,0.0,0.0,,
18003,Allen County,IN,3/19/2026 14:00,0.0,0.0,,
18003,Allen County,IN,3/19/2026 15:00,0.0,0.0,,
18003,Allen County,IN,3/19/2026 16:00,0.0,0.0,,
18003,Allen County,IN,3/19/2026 17:00,0.0,0.0,,
18003,Allen County,IN,3/19/2026 18:00,0.0,,,
18003,Allen County,IN,3/19/2026 19:00,0.0,,,
18003,Allen County,IN,3/19/2026 20:00,0.0,,,
18003,Allen County,IN,3/19/2026 21:00,0.0,,,
18003,Allen County,IN,3/19/2026 22:00,0.0,,,
18003,Allen County,IN,3/19/2026 23:00,,,,
18005,Bartholomew County,IN,3/14/2026 0:00,0.0,0.0,0.0,0.008358154924492026
18005,Bartholomew County,IN,3/14/2026 1:00,0.0,0.0,0.0,0.006339175527993094
18005,Bartholomew County,IN,3/14/2026 2:00,0.0,0.0,0.0,0.003410797040860731
18005,Bartholomew County,IN,3/14/2026 3:00,0.0,0.0,0.0,0.003689441195508309
18005,Bartholomew County,IN,3/14/2026 4:00,0.0,0.0,0.0,0.0033877952878600247
18005,Bartholomew County,IN,3/14/2026 5:00,0.0,0.0,0.0,0.0022977306894172555
18005,Bartholomew County,IN,3/14/2026 6:00,0.0,0.0,0.0,0.002711787072201881
18005,Bartholomew County,IN,3/14/2026 7:00,0.0,0.0,0.0,0.0025530882368509675
18005,Bartholomew County,IN,3/14/2026 8:00,0.0,0.0,0.0,0.0033588766004548935
18005,Bartholomew County,IN,3/14/2026 9:00,0.0,0.0,0.0,0.0034281603290247757
18005,Bartholomew County,IN,3/14/2026 10:00,0.0,0.0,0.0,0.00202435516481024
18005,Bartholomew County,IN,3/14/2026 11:00,0.0,0.0,0.003301965496980024,0.0027786615651381173
18005,Bartholomew County,IN,3/14/2026 12:00,0.0,0.0,0.009154567617058467,0.0016862895621328376
18005,Bartholomew County,IN,3/14/2026 13:00,0.0,0.0,0.016885724240174628,0.0011260517961135476
18005,Bartholomew County,IN,3/14/2026 14:00,0.0,0.0,0.018543490003875878,0.0
18005,Bartholomew County,IN,3/14/2026 15:00,0.0,0.0,0.019707994144851415,0.0
18005,Bartholomew County,IN,3/14/2026 16:00,0.0,0.0,0.01863032478335517,0.0
18005,Bartholomew County,IN,3/14/2026 17:00,0.0,0.0,0.015508512148125927,0.0
18005,Bartholomew County,IN,3/14/2026 18:00,0.0,0.0,0.01326073336106792,0.0
18005,Bartholomew County,IN,3/14/2026 19:00,0.0,0.0,0.011738326269609228,0.0
18005,Bartholomew County,IN,3/14/2026 20:00,0.0,0.0,0.011869744163060391,0.0
18005,Bartholomew County,IN,3/14/2026 21:00,0.0,0.0,0.012277699206592173,0.0
18005,Bartholomew County,IN,3/14/2026 22:00,0.0,0.0,0.01062194312619703,0.0
18005,Bartholomew County,IN,3/14/2026 23:00,0.0,0.0,0.011863725821431307,0.0
18005,Bartholomew County,IN,3/15/2026 0:00,0.0,0.0,0.012002255926100871,0.0
18005,Bartholomew County,IN,3/15/2026 1:00,0.0,0.0,0.013829308205586496,0.0011679716380215328
18005,Bartholomew County,IN,3/15/2026 2:00,0.0,0.0,0.007989974478752453,0.0
18005,Bartholomew County,IN,3/15/2026 3:00,0.0,0.0,0.008109347686357982,0.0
18005,Bartholomew County,IN,3/15/2026 4:00,0.0,0.0,0.007299174627060141,0.0
18005,Bartholomew County,IN,3/15/2026 5:00,0.0,0.003320557616125682,0.005591607599790176,0.0
18005,Bartholomew County,IN,3/15/2026 6:00,0.0,0.0045661090926708055,0.004456713993725647,0.0
18005,Bartholomew County,IN,3/15/2026 7:00,0.0,0.0071323308252639606,0.0037333611099764547,0.0
18005,Bartholomew County,IN,3/15/2026 8:00,0.0,0.008891625267158613,0.003582380805701294,0.0
18005,Bartholomew County,IN,3/15/2026 9:00,0.0,0.008478846633303337,0.0035922578667450947,0.0
18005,Bartholomew County,IN,3/15/2026 10:00,0.00130855159562605,0.006529949159458769,0.0025056647769849576,0.0
18005,Bartholomew County,IN,3/15/2026 11:00,0.007210846179048246,0.005998391698956816,0.0025312690118798396,0.0
18005,Bartholomew County,IN,3/15/2026 12:00,0.007820133663771428,0.0060899583703266915,0.0020517144866547808,0.0
18005,Bartholomew County,IN,3/15/2026 13:00,0.011850623116019077,0.00572626740280057,0.0010538533110163503,0.0
18005,Bartholomew County,IN,3/15/2026 14:00,0.011254471061879821,0.002713796295077407,0.0,0.0
18005,Bartholomew County,IN,3/15/2026 15:00,0.011932963562925615,0.0022851021030612286,0.0,0.0
18005,Bartholomew County,IN,3/15/2026 16:00,0.007309171961745927,0.001824589596339792,0.0,0.0
18005,Bartholomew County,IN,3/15/2026 17:00,0.007762548517644307,0.0033403360699694592,0.0,0.0
18005,Bartholomew County,IN,3/15/2026 18:00,0.007136685289473788,0.005033242118505141,0.0,0.0
18005,Bartholomew County,IN,3/15/2026 19:00,0.006945118619347441,0.004784206070680773,0.0,0.0
18005,Bartholomew County,IN,3/15/2026 20:00,0.006005262838676308,0.004579382037514012,0.0,0.0
18005,Bartholomew County,IN,3/15/2026 21:00,0.002825188229361293,0.0052874557582306865,0.0,0.0
18005,Bartholomew County,IN,3/15/2026 22:00,0.004427296027793295,0.004630524699433067,0.0,0.0
18005,Bartholomew County,IN,3/15/2026 23:00,0.005859619994595037,0.00402473210731239,0.0,0.0
18005,Bartholomew County,IN,3/16/2026 0:00,0.007007355579608223,0.0028063549957800427,0.0,0.0
18005,Bartholomew County,IN,3/16/2026 1:00,0.004856478893480525,0.0025567919171611553,0.0,0.0
18005,Bartholomew County,IN,3/16/2026 2:00,0.004992642993640573,0.002375153269726203,0.0,0.0
18005,Bartholomew County,IN,3/16/2026 3:00,0.0038284705679733043,0.001654107498256749,0.0,0.0
18005,Bartholomew County,IN,3/16/2026 4:00,0.0034609047657838204,0.0015153762500904487,0.0,0.0
18005,Bartholomew County,IN,3/16/2026 5:00,0.00271710869363667,0.0011402930967897161,0.0,0.0
18005,Bartholomew County,IN,3/16/2026 6:00,0.002842328972554937,0.0012369741968802223,0.0,0.0
18005,Bartholomew County,IN,3/16/2026 7:00,0.002076868881286759,0.0,0.0,0.0
18005,Bartholomew County,IN,3/16/2026 8:00,0.0018333281758850506,0.0010257568432554523,0.0,0.0
18005,Bartholomew County,IN,3/16/2026 9:00,0.0015806031851212008,0.0,0.0,0.0
18005,Bartholomew County,IN,3/16/2026 10:00,0.0014934119128625536,0.0,0.0,0.0
18005,Bartholomew County,IN,3/16/2026 11:00,0.0015251473541595727,0.0,0.0,0.0
18005,Bartholomew County,IN,3/16/2026 12:00,0.0015231663273508574,0.0,0.0,0.0
18005,Bartholomew County,IN,3/16/2026 13:00,0.001054729119745498,0.0010058810702329116,0.0,0.0
18005,Bartholomew County,IN,3/16/2026 14:00,0.0,0.0,0.0,0.0
18005,Bartholomew County,IN,3/16/2026 15:00,0.0,0.0,0.0,0.0
18005,Bartholomew County,IN,3/16/2026 16:00,0.0,0.0,0.0,0.0
18005,Bartholomew County,IN,3/16/2026 17:00,0.0,0.0010297885458764866,0.0,0.0
18005,Bartholomew County,IN,3/16/2026 18:00,0.0,0.0,0.0,0.0
18005,Bartholomew County,IN,3/16/2026 19:00,0.0,0.001007171468474844,0.0,0.0
18005,Bartholomew County,IN,3/16/2026 20:00,0.0,0.0,0.0,0.0
18005,Bartholomew County,IN,3/16/2026 21:00,0.0,0.0,0.0,0.0
18005,Bartholomew County,IN,3/16/2026 22:00,0.0019591755430957607,0.0,0.0,0.0
18005,Bartholomew County,IN,3/16/2026 23:00,0.0,0.0,0.0,0.0
18005,Bartholomew County,IN,3/17/2026 0:00,0.0,0.0,0.0,0.0
18005,Bartholomew County,IN,3/17/2026 1:00,0.0,0.0,0.0,0.0
18005,Bartholomew County,IN,3/17/2026 2:00,0.0,0.0,0.0,0.0
18005,Bartholomew County,IN,3/17/2026 3:00,0.0,0.0,0.0,0.0
18005,Bartholomew County,IN,3/17/2026 4:00,0.0,0.0,0.0,0.0
18005,Bartholomew County,IN,3/17/2026 5:00,0.0,0.0,0.0,0.0
18005,Bartholomew County,IN,3/17/2026 6:00,0.0,0.0,0.0,0.0
18005,Bartholomew County,IN,3/17/2026 7:00,0.0,0.0,0.0,0.0
18005,Bartholomew County,IN,3/17/2026 8:00,0.0,0.0,0.0,0.0
18005,Bartholomew County,IN,3/17/2026 9:00,0.0,0.0,0.0,0.0
18005,Bartholomew County,IN,3/17/2026 10:00,0.0,0.0,0.0,0.0
18005,Bartholomew County,IN,3/17/2026 11:00,0.0,0.0,0.0,0.0
18005,Bartholomew County,IN,3/17/2026 12:00,0.0,0.0,0.0,0.0
18005,Bartholomew County,IN,3/17/2026 13:00,0.0,0.0,0.0,0.0
18005,Bartholomew County,IN,3/17/2026 14:00,0.0,0.0,0.0,0.0
18005,Bartholomew County,IN,3/17/2026 15:00,0.0,0.0,0.0,0.0
18005,Bartholomew County,IN,3/17/2026 16:00,0.0,0.0,0.0,0.0
18005,Bartholomew County,IN,3/17/2026 17:00,0.0,0.0,0.0,0.0
18005,Bartholomew County,IN,3/17/2026 18:00,0.0,0.0,0.0,0.0
18005,Bartholomew County,IN,3/17/2026 19:00,0.0,0.0,0.0,0.0
18005,Bartholomew County,IN,3/17/2026 20:00,0.0,0.0,0.0,0.0
18005,Bartholomew County,IN,3/17/2026 21:00,0.0,0.0,0.0,0.0
18005,Bartholomew County,IN,3/17/2026 22:00,0.0,0.0,0.0,0.0
18005,Bartholomew County,IN,3/17/2026 23:00,0.0,0.0,0.0,0.0
18005,Bartholomew County,IN,3/18/2026 0:00,0.0,0.0,0.0,
18005,Bartholomew County,IN,3/18/2026 1:00,0.0,0.0,0.0,
18005,Bartholomew County,IN,3/18/2026 2:00,0.0,0.0,0.0,
18005,Bartholomew County,IN,3/18/2026 3:00,0.0,0.0,0.0,
18005,Bartholomew County,IN,3/18/2026 4:00,0.0,0.0,0.0,
18005,Bartholomew County,IN,3/18/2026 5:00,0.0,0.0,0.0,
18005,Bartholomew County,IN,3/18/2026 6:00,0.0,0.0,0.0,
18005,Bartholomew County,IN,3/18/2026 7:00,0.0,0.0,0.0,
18005,Bartholomew County,IN,3/18/2026 8:00,0.0,0.0,0.0,
18005,Bartholomew County,IN,3/18/2026 9:00,0.0,0.0,0.0,
18005,Bartholomew County,IN,3/18/2026 10:00,0.0,0.0,0.0,
18005,Bartholomew County,IN,3/18/2026 11:00,0.0,0.0,0.0,
18005,Bartholomew County,IN,3/18/2026 12:00,0.0,0.0,0.0,
18005,Bartholomew County,IN,3/18/2026 13:00,0.0,0.0,0.0,
18005,Bartholomew County,IN,3/18/2026 14:00,0.0,0.0,0.0,
18005,Bartholomew County,IN,3/18/2026 15:00,0.0,0.0,0.0,
18005,Bartholomew County,IN,3/18/2026 16:00,0.0,0.0,0.0,
18005,Bartholomew County,IN,3/18/2026 17:00,0.0,0.0,0.0,
18005,Bartholomew County,IN,3/18/2026 18:00,0.0,0.0,0.0,
18005,Bartholomew County,IN,3/18/2026 19:00,0.0,0.0,0.0,
18005,Bartholomew County,IN,3/18/2026 20:00,0.0,0.0,0.0,
18005,Bartholomew County,IN,3/18/2026 21:00,0.0,0.0,0.0,
18005,Bartholomew County,IN,3/18/2026 22:00,0.0,0.0,0.0,
18005,Bartholomew County,IN,3/18/2026 23:00,0.0,0.0,0.0,
18005,Bartholomew County,IN,3/19/2026 0:00,0.0,0.0,,
18005,Bartholomew County,IN,3/19/2026 1:00,0.0,0.0,,
18005,Bartholomew County,IN,3/19/2026 2:00,0.0,0.0,,
18005,Bartholomew County,IN,3/19/2026 3:00,0.0,0.0,,
18005,Bartholomew County,IN,3/19/2026 4:00,0.0,0.0,,
18005,Bartholomew County,IN,3/19/2026 5:00,0.0,0.0,,
18005,Bartholomew County,IN,3/19/2026 6:00,0.0,0.0,,
18005,Bartholomew County,IN,3/19/2026 7:00,0.0,0.0,,
18005,Bartholomew County,IN,3/19/2026 8:00,0.0,0.0,,
18005,Bartholomew County,IN,3/19/2026 9:00,0.0,0.0,,
18005,Bartholomew County,IN,3/19/2026 10:00,0.0,0.0,,
18005,Bartholomew County,IN,3/19/2026 11:00,0.0,0.0,,
18005,Bartholomew County,IN,3/19/2026 12:00,0.0,0.0,,
18005,Bartholomew County,IN,3/19/2026 13:00,0.0,0.0,,
18005,Bartholomew County,IN,3/19/2026 14:00,0.0,0.0,,
18005,Bartholomew County,IN,3/19/2026 15:00,0.0,0.0,,
18005,Bartholomew County,IN,3/19/2026 16:00,0.0,0.0,,
18005,Bartholomew County,IN,3/19/2026 17:00,0.0,0.0,,
18005,Bartholomew County,IN,3/19/2026 18:00,0.0,,,
18005,Bartholomew County,IN,3/19/2026 19:00,0.0,,,
18005,Bartholomew County,IN,3/19/2026 20:00,0.0,,,
18005,Bartholomew County,IN,3/19/2026 21:00,0.0,,,
18005,Bartholomew County,IN,3/19/2026 22:00,0.0,,,
18005,Bartholomew County,IN,3/19/2026 23:00,,,,
18007,Benton County,IN,3/14/2026 0:00,0.0240083399489397,0.011165101771141692,0.0,0.010056167048141473
18007,Benton County,IN,3/14/2026 1:00,0.02043574059982692,0.011007805121465713,0.0,0.008314538658003788
18007,Benton County,IN,3/14/2026 2:00,0.019908410158275422,0.011912432028903675,0.0,0.006841823423073931
18007,Benton County,IN,3/14/2026 3:00,0.021040577026830848,0.008123173971934496,0.0,0.003973416247532335
18007,Benton County,IN,3/14/2026 4:00,0.019142991574971173,0.0045772587319673815,0.0,0.0035608552096324233
18007,Benton County,IN,3/14/2026 5:00,0.020786126189819395,0.006079435412148433,0.0,0.003290115960547553
18007,Benton County,IN,3/14/2026 6:00,0.0189470615654342,0.0015316525931921032,0.0,0.003211388050920482
18007,Benton County,IN,3/14/2026 7:00,0.015594202148359845,0.006253140843623666,0.0,0.003013520379634428
18007,Benton County,IN,3/14/2026 8:00,0.016449510224275973,0.0031071985345163485,0.0,0.002757262821553576
18007,Benton County,IN,3/14/2026 9:00,0.0,0.0,0.001428396222435081,0.002971719429144629
18007,Benton County,IN,3/14/2026 10:00,0.0,0.0,0.0,0.0022679149921937996
18007,Benton County,IN,3/14/2026 11:00,0.0,0.0,0.005003892728648421,0.0020434674130257167
18007,Benton County,IN,3/14/2026 12:00,0.0,0.0018442609720074718,0.0036661633012603804,0.0022824008058834142
18007,Benton County,IN,3/14/2026 13:00,0.0,0.002505782335131993,0.003562071070423101,0.0028344373421971183
18007,Benton County,IN,3/14/2026 14:00,0.0,0.00459301379268662,0.006584205900509051,0.0033703853808676448
18007,Benton County,IN,3/14/2026 15:00,0.0,0.002168110343399954,0.006658065089548835,0.0030658637712650174
18007,Benton County,IN,3/14/2026 16:00,0.0,0.004501440651427342,0.007676874118453533,0.003189032288889758
18007,Benton County,IN,3/14/2026 17:00,0.0,0.004431072826280755,0.005570746343357839,0.00301709243361994
18007,Benton County,IN,3/14/2026 18:00,0.0,0.004728483013664302,0.006219366826393896,0.003023469327665023
18007,Benton County,IN,3/14/2026 19:00,0.0,0.004802132713003009,0.007642895055074722,0.003118039962824747
18007,Benton County,IN,3/14/2026 20:00,0.0,0.002174913420753151,0.010467100175830895,0.0029767968257548255
18007,Benton County,IN,3/14/2026 21:00,0.0,0.0021316696109495315,0.013145683006142377,0.002741812080504673
18007,Benton County,IN,3/14/2026 22:00,0.0,0.0015475963277890115,0.014161845193366319,0.0026844549916919093
18007,Benton County,IN,3/14/2026 23:00,0.0,0.0015140623696760932,0.014453438181442997,0.0026624485143989904
18007,Benton County,IN,3/15/2026 0:00,0.0,0.0023619752757691724,0.014281462992345088,0.002847242130376961
18007,Benton County,IN,3/15/2026 1:00,0.0,0.0029679751690029777,0.012899846584757022,0.0019720117645486536
18007,Benton County,IN,3/15/2026 2:00,0.0,0.0034041264331104793,0.00979374916089698,0.002210991813581213
18007,Benton County,IN,3/15/2026 3:00,0.0,0.0032410909977292355,0.011461078429431447,0.0021531568591293083
18007,Benton County,IN,3/15/2026 4:00,0.0,0.003316217803491482,0.010900291160422204,0.0021477173412288073
18007,Benton County,IN,3/15/2026 5:00,0.0,0.005504562265909302,0.00900350116559723,0.002249102803509915
18007,Benton County,IN,3/15/2026 6:00,0.0,0.007640760549665837,0.005745098699560169,0.0024066222441193447
18007,Benton County,IN,3/15/2026 7:00,0.0,0.007546296979951789,0.006138701743578223,0.00227446769395853
18007,Benton County,IN,3/15/2026 8:00,0.0,0.010647798126749332,0.0031967933980295094,0.002686215117015004
18007,Benton County,IN,3/15/2026 9:00,0.0,0.00990014010949705,0.003344186604183245,0.002701265524840901
18007,Benton County,IN,3/15/2026 10:00,0.0,0.009194106775748919,0.004794788532422803,0.0029327037058825096
18007,Benton County,IN,3/15/2026 11:00,0.004325921756236431,0.009752552584279673,0.005639558774847389,0.0030762085367902143
18007,Benton County,IN,3/15/2026 12:00,0.00249396273714809,0.01182111276861638,0.006944360187553482,0.0030762085367902143
18007,Benton County,IN,3/15/2026 13:00,0.003857875387392764,0.011408429962380473,0.002725382667729392,0.0032660559992254614
18007,Benton County,IN,3/15/2026 14:00,0.007750212158292508,0.011608658991724363,0.002985827260183254,0.0026116486663032823
18007,Benton County,IN,3/15/2026 15:00,0.0038386758992676614,0.011860571341232464,0.0012182704415612073,0.002099482483004191
18007,Benton County,IN,3/15/2026 16:00,0.00226324190543484,0.013773738379025407,0.002290768097103089,0.0018670510601553692
18007,Benton County,IN,3/15/2026 17:00,0.0030986660313443155,0.016064041851595,0.004520228443355658,0.0019857430104226192
18007,Benton County,IN,3/15/2026 18:00,0.005429031985085267,0.009926818552372044,0.00463613898323206,0.0019681711523287762
18007,Benton County,IN,3/15/2026 19:00,0.008562929022496658,0.008032215697267956,0.0068876712906100765,0.0019207757613098504
18007,Benton County,IN,3/15/2026 20:00,0.0032864849604789252,0.004451399276898235,0.005664482906188502,0.0018162871365141374
18007,Benton County,IN,3/15/2026 21:00,0.012267792890568325,0.007107312022007486,0.003729799003121962,0.0018895989166355402
18007,Benton County,IN,3/15/2026 22:00,0.009390519090648312,0.0032474868007342796,0.00319269361468042,0.0014615007817140228
18007,Benton County,IN,3/15/2026 23:00,0.008278572825135206,0.0020757640567625737,0.004074647625811987,0.0
18007,Benton County,IN,3/16/2026 0:00,0.005080729312449054,0.002892984241079772,0.003464141807185515,0.0
18007,Benton County,IN,3/16/2026 1:00,0.0019194144725925275,0.0027170769913487333,0.0,0.0
18007,Benton County,IN,3/16/2026 2:00,0.001081002083144752,0.004852325125574455,0.0,0.0011432821624630621
18007,Benton County,IN,3/16/2026 3:00,0.0,0.0037760399464574442,0.0,0.0
18007,Benton County,IN,3/16/2026 4:00,0.0,0.0022523908310845375,0.0014713748657747638,0.0
18007,Benton County,IN,3/16/2026 5:00,0.0,0.003556815431270664,0.0,0.0
18007,Benton County,IN,3/16/2026 6:00,0.0,0.0035788938574033338,0.0,0.0
18007,Benton County,IN,3/16/2026 7:00,0.0016465433872630746,0.0031611673383856263,0.0,0.0
18007,Benton County,IN,3/16/2026 8:00,0.0,0.0030519768227588394,0.0,0.0
18007,Benton County,IN,3/16/2026 9:00,0.0,0.004880904571477536,0.0,0.0
18007,Benton County,IN,3/16/2026 10:00,0.0,0.005760702599876363,0.0,0.0
18007,Benton County,IN,3/16/2026 11:00,0.0,0.0059740912359792404,0.0,0.0015340602863693474
18007,Benton County,IN,3/16/2026 12:00,0.0,0.006247998281735695,0.0,0.0
18007,Benton County,IN,3/16/2026 13:00,0.0,0.006115511385665332,0.0,0.0
18007,Benton County,IN,3/16/2026 14:00,0.0,0.006185478637167607,0.0,0.0
18007,Benton County,IN,3/16/2026 15:00,0.0,0.006232260813158296,0.0,0.0
18007,Benton County,IN,3/16/2026 16:00,0.0,0.006000251445532258,0.0,0.0
18007,Benton County,IN,3/16/2026 17:00,0.0035858424605581998,0.008937496434833837,0.0,0.0
18007,Benton County,IN,3/16/2026 18:00,0.001467624511071846,0.009221997926832903,0.0,0.0
18007,Benton County,IN,3/16/2026 19:00,0.0,0.008046055355815528,0.0,0.0
18007,Benton County,IN,3/16/2026 20:00,0.0,0.0040348249511251155,0.0,0.0
18007,Benton County,IN,3/16/2026 21:00,0.0,0.0013684577598940722,0.0,0.0
18007,Benton County,IN,3/16/2026 22:00,0.0,0.0017357395917380833,0.0,0.0
18007,Benton County,IN,3/16/2026 23:00,0.0,0.0,0.001031192180750417,0.0
18007,Benton County,IN,3/17/2026 0:00,0.0,0.0,0.0015736487802690809,0.0
18007,Benton County,IN,3/17/2026 1:00,0.0,0.0,0.002036909557267657,0.0
18007,Benton County,IN,3/17/2026 2:00,0.0,0.0,0.002050560340735113,0.0
18007,Benton County,IN,3/17/2026 3:00,0.0,0.0,0.0,0.0
18007,Benton County,IN,3/17/2026 4:00,0.0,0.0,0.0,0.0
18007,Benton County,IN,3/17/2026 5:00,0.0,0.0,0.0,0.0
18007,Benton County,IN,3/17/2026 6:00,0.0,0.0,0.0,0.0
18007,Benton County,IN,3/17/2026 7:00,0.0,0.0,0.0,0.0
18007,Benton County,IN,3/17/2026 8:00,0.0,0.0014690702337101169,0.0,0.0
18007,Benton County,IN,3/17/2026 9:00,0.0,0.0,0.0,0.0
18007,Benton County,IN,3/17/2026 10:00,0.0,0.001400710027415226,0.0,0.0
18007,Benton County,IN,3/17/2026 11:00,0.005438596670624887,0.0016169184777181096,0.0,0.0
18007,Benton County,IN,3/17/2026 12:00,0.005282846698456032,0.0017156658246894566,0.0,0.0
18007,Benton County,IN,3/17/2026 13:00,0.005037816232464121,0.0016656821865467266,0.0,0.0013817066803323594
18007,Benton County,IN,3/17/2026 14:00,0.005204631953978741,0.0012058128563819566,0.0,0.001117983468598725
18007,Benton County,IN,3/17/2026 15:00,0.005009118033070449,0.0010634299814035267,0.0014170812249552172,0.0011076884635621781
18007,Benton County,IN,3/17/2026 16:00,0.004977881657189442,0.0,0.0,0.001094503113051691
18007,Benton County,IN,3/17/2026 17:00,0.003984372306692219,0.0010822884057891966,0.0011196598116013795,0.00104572302520669
18007,Benton County,IN,3/17/2026 18:00,0.004210738451365454,0.001207060021725751,0.0,0.0
18007,Benton County,IN,3/17/2026 19:00,0.004240492147042954,0.0013563336334896825,0.0,0.0010465795027819538
18007,Benton County,IN,3/17/2026 20:00,0.004997065054020873,0.001243112139429604,0.0,0.0
18007,Benton County,IN,3/17/2026 21:00,0.005039000145892274,0.0011876123445252022,0.0,0.0
18007,Benton County,IN,3/17/2026 22:00,0.005100565691718156,0.001343626412049108,0.0,0.0
18007,Benton County,IN,3/17/2026 23:00,0.00240708906088029,0.0012484699376627694,0.0,0.0
18007,Benton County,IN,3/18/2026 0:00,0.0,0.0,0.0,
18007,Benton County,IN,3/18/2026 1:00,0.0,0.0,0.0,
18007,Benton County,IN,3/18/2026 2:00,0.0,0.0,0.0,
18007,Benton County,IN,3/18/2026 3:00,0.0,0.0,0.0,
18007,Benton County,IN,3/18/2026 4:00,0.0,0.0,0.0,
18007,Benton County,IN,3/18/2026 5:00,0.0,0.0,0.0,
18007,Benton County,IN,3/18/2026 6:00,0.0,0.0,0.0,
18007,Benton County,IN,3/18/2026 7:00,0.0,0.0,0.0,
18007,Benton County,IN,3/18/2026 8:00,0.0,0.0,0.0,
18007,Benton County,IN,3/18/2026 9:00,0.0,0.0,0.0,
18007,Benton County,IN,3/18/2026 10:00,0.0,0.0,0.0,
18007,Benton County,IN,3/18/2026 11:00,0.0,0.0,0.0,
18007,Benton County,IN,3/18/2026 12:00,0.0,0.0,0.0,
18007,Benton County,IN,3/18/2026 13:00,0.0,0.0,0.0,
18007,Benton County,IN,3/18/2026 14:00,0.0,0.0,0.0,
18007,Benton County,IN,3/18/2026 15:00,0.0,0.0,0.0,
18007,Benton County,IN,3/18/2026 16:00,0.0,0.0,0.0,
18007,Benton County,IN,3/18/2026 17:00,0.0,0.0,0.0,
18007,Benton County,IN,3/18/2026 18:00,0.0,0.0,0.0,
18007,Benton County,IN,3/18/2026 19:00,0.0,0.0,0.0,
18007,Benton County,IN,3/18/2026 20:00,0.0,0.0,0.0,
18007,Benton County,IN,3/18/2026 21:00,0.0,0.0,0.0,
18007,Benton County,IN,3/18/2026 22:00,0.0,0.0,0.0,
18007,Benton County,IN,3/18/2026 23:00,0.0,0.0,0.0,
18007,Benton County,IN,3/19/2026 0:00,0.0,0.0,,
18007,Benton County,IN,3/19/2026 1:00,0.0,0.0,,
18007,Benton County,IN,3/19/2026 2:00,0.0,0.0,,
18007,Benton County,IN,3/19/2026 3:00,0.0,0.0,,
18007,Benton County,IN,3/19/2026 4:00,0.0,0.0,,
18007,Benton County,IN,3/19/2026 5:00,0.0,0.0,,
18007,Benton County,IN,3/19/2026 6:00,0.0,0.0,,
18007,Benton County,IN,3/19/2026 7:00,0.0,0.0,,
18007,Benton County,IN,3/19/2026 8:00,0.0,0.0,,
18007,Benton County,IN,3/19/2026 9:00,0.0,0.0,,
18007,Benton County,IN,3/19/2026 10:00,0.0,0.0,,
18007,Benton County,IN,3/19/2026 11:00,0.0,0.0,,
18007,Benton County,IN,3/19/2026 12:00,0.0,0.0,,
18007,Benton County,IN,3/19/2026 13:00,0.0,0.0,,
18007,Benton County,IN,3/19/2026 14:00,0.0,0.0,,
18007,Benton County,IN,3/19/2026 15:00,0.0,0.0,,
18007,Benton County,IN,3/19/2026 16:00,0.0,0.0,,
18007,Benton County,IN,3/19/2026 17:00,0.0,0.0,,
18007,Benton County,IN,3/19/2026 18:00,0.0,,,
18007,Benton County,IN,3/19/2026 19:00,0.0,,,
18007,Benton County,IN,3/19/2026 20:00,0.0,,,
18007,Benton County,IN,3/19/2026 21:00,0.0,,,
18007,Benton County,IN,3/19/2026 22:00,0.0,,,
18007,Benton County,IN,3/19/2026 23:00,,,,
18011,Boone County,IN,3/14/2026 0:00,0.0,0.002499861058435723,0.0,0.005351335009678762
18011,Boone County,IN,3/14/2026 1:00,0.0,0.0026002654304441404,0.0,0.004426918483176168
18011,Boone County,IN,3/14/2026 2:00,0.0,0.0025097910969108204,0.0,0.003048180492508043
18011,Boone County,IN,3/14/2026 3:00,0.0013311903153898892,0.002633546815117246,0.0,0.003350999661869512
18011,Boone County,IN,3/14/2026 4:00,0.0,0.001160406621794547,0.0,0.0027197392527788244
18011,Boone County,IN,3/14/2026 5:00,0.0,0.0011736781160972905,0.0,0.001849959160263578
18011,Boone County,IN,3/14/2026 6:00,0.0014121961033448825,0.0012363179321768412,0.0,0.002062033441839803
18011,Boone County,IN,3/14/2026 7:00,0.0,0.0,0.0,0.0021496962238902696
18011,Boone County,IN,3/14/2026 8:00,0.0013641774414112232,0.0,0.0,0.002056710397338802
18011,Boone County,IN,3/14/2026 9:00,0.0,0.0,0.0,0.001920945566168939
18011,Boone County,IN,3/14/2026 10:00,0.0,0.0,0.0,0.0
18011,Boone County,IN,3/14/2026 11:00,0.0,0.0,0.0,0.0
18011,Boone County,IN,3/14/2026 12:00,0.0010964392781889563,0.0,0.0,0.0
18011,Boone County,IN,3/14/2026 13:00,0.001078066468624441,0.0,0.002794348122062858,0.0
18011,Boone County,IN,3/14/2026 14:00,0.0,0.0,0.002868193987270831,0.0
18011,Boone County,IN,3/14/2026 15:00,0.0,0.0,0.003008317140287414,0.0
18011,Boone County,IN,3/14/2026 16:00,0.0,0.0,0.0035491399992532337,0.0
18011,Boone County,IN,3/14/2026 17:00,0.0,0.0,0.003235183227441406,0.0
18011,Boone County,IN,3/14/2026 18:00,0.0,0.0,0.003100565634941391,0.0
18011,Boone County,IN,3/14/2026 19:00,0.0,0.0,0.002835380527116586,0.0
18011,Boone County,IN,3/14/2026 20:00,0.0,0.0,0.002521073898592283,0.0
18011,Boone County,IN,3/14/2026 21:00,0.0,0.0,0.0025133918151817986,0.0
18011,Boone County,IN,3/14/2026 22:00,0.0,0.0,0.0028532454840987584,0.0
18011,Boone County,IN,3/14/2026 23:00,0.0,0.0,0.003720742455479455,0.0
18011,Boone County,IN,3/15/2026 0:00,0.0,0.0,0.003820673188869922,0.0
18011,Boone County,IN,3/15/2026 1:00,0.0,0.0,0.0033890581514707118,0.0
18011,Boone County,IN,3/15/2026 2:00,0.0,0.0,0.0038968382805025883,0.0
18011,Boone County,IN,3/15/2026 3:00,0.0,0.0,0.0032598683249399725,0.0
18011,Boone County,IN,3/15/2026 4:00,0.0,0.0,0.0027345303716591256,0.0
18011,Boone County,IN,3/15/2026 5:00,0.0,0.0,0.002856580965353034,0.0
18011,Boone County,IN,3/15/2026 6:00,0.0,0.0,0.002664039568019827,0.0
18011,Boone County,IN,3/15/2026 7:00,0.0,0.002871511631867224,0.0018980510237087888,0.0
18011,Boone County,IN,3/15/2026 8:00,0.0,0.0030844815803705793,0.0018425482473498687,0.0
18011,Boone County,IN,3/15/2026 9:00,0.0012989250597208548,0.003109438221340033,0.0014631327535423178,0.0
18011,Boone County,IN,3/15/2026 10:00,0.0018132884227066812,0.0018605714932424001,0.0017387774854003134,0.0
18011,Boone County,IN,3/15/2026 11:00,0.0033368645466018585,0.002408305795216195,0.00173637602880967,0.0
18011,Boone County,IN,3/15/2026 12:00,0.003386036225458478,0.0017456570920092074,0.0011174106100981756,0.0
18011,Boone County,IN,3/15/2026 13:00,0.003655582518982628,0.0011611196648660827,0.001009062943939451,0.0
18011,Boone County,IN,3/15/2026 14:00,0.0032083755208129013,0.0,0.0,0.0
18011,Boone County,IN,3/15/2026 15:00,0.003665265162364211,0.0,0.0,0.0
18011,Boone County,IN,3/15/2026 16:00,0.003705799680302619,0.0019086127526477658,0.0,0.0
18011,Boone County,IN,3/15/2026 17:00,0.002473871472837064,0.00436980127659103,0.0,0.0
18011,Boone County,IN,3/15/2026 18:00,0.002184868049850001,0.00378661397880912,0.0,0.0
18011,Boone County,IN,3/15/2026 19:00,0.0012590676903322902,0.0031973782890230597,0.0,0.0
18011,Boone County,IN,3/15/2026 20:00,0.0,0.002301596026278391,0.0,0.0
18011,Boone County,IN,3/15/2026 21:00,0.0013085838094538658,0.00161914318684114,0.0,0.0
18011,Boone County,IN,3/15/2026 22:00,0.003670700278664019,0.0,0.0,0.0
18011,Boone County,IN,3/15/2026 23:00,0.006911474400174047,0.0016037008623098286,0.0,0.0
18011,Boone County,IN,3/16/2026 0:00,0.003628155278652931,0.0018667148733064695,0.0,0.0
18011,Boone County,IN,3/16/2026 1:00,0.00271844314169856,0.0018875804563625604,0.0,0.0
18011,Boone County,IN,3/16/2026 2:00,0.0028890066549276585,0.0014268354595175791,0.0,0.0
18011,Boone County,IN,3/16/2026 3:00,0.0029601759205279917,0.0011687297508106108,0.0,0.0
18011,Boone County,IN,3/16/2026 4:00,0.0020877161641053472,0.0,0.0,0.0
18011,Boone County,IN,3/16/2026 5:00,0.0019669614170401395,0.0,0.0,0.0
18011,Boone County,IN,3/16/2026 6:00,0.001934762354663674,0.0,0.0,0.0
18011,Boone County,IN,3/16/2026 7:00,0.0018663071875515763,0.0,0.0,0.0
18011,Boone County,IN,3/16/2026 8:00,0.0013978198967139568,0.0,0.0,0.0
18011,Boone County,IN,3/16/2026 9:00,0.0010963090899448681,0.0,0.0,0.0
18011,Boone County,IN,3/16/2026 10:00,0.002293001346457311,0.0,0.0,0.0
18011,Boone County,IN,3/16/2026 11:00,0.0011869372371521266,0.0,0.0,0.0
18011,Boone County,IN,3/16/2026 12:00,0.0010223017822747532,0.0,0.0,0.0
18011,Boone County,IN,3/16/2026 13:00,0.0011016758142112903,0.0,0.0,0.0
18011,Boone County,IN,3/16/2026 14:00,0.0,0.0,0.0,0.0
18011,Boone County,IN,3/16/2026 15:00,0.0,0.0,0.0,0.0
18011,Boone County,IN,3/16/2026 16:00,0.0,0.0,0.0,0.0
18011,Boone County,IN,3/16/2026 17:00,0.0,0.0,0.0,0.0
18011,Boone County,IN,3/16/2026 18:00,0.0,0.0,0.0,0.0
18011,Boone County,IN,3/16/2026 19:00,0.0,0.0,0.0,0.0
18011,Boone County,IN,3/16/2026 20:00,0.0,0.0,0.0,0.0
18011,Boone County,IN,3/16/2026 21:00,0.0,0.0,0.0,0.0
18011,Boone County,IN,3/16/2026 22:00,0.0,0.0,0.0,0.0
18011,Boone County,IN,3/16/2026 23:00,0.0,0.0,0.0,0.0
18011,Boone County,IN,3/17/2026 0:00,0.0,0.0,0.0,0.0
18011,Boone County,IN,3/17/2026 1:00,0.0,0.0,0.0,0.0
18011,Boone County,IN,3/17/2026 2:00,0.0,0.0,0.0,0.0
18011,Boone County,IN,3/17/2026 3:00,0.0,0.0,0.0,0.0
18011,Boone County,IN,3/17/2026 4:00,0.0,0.0,0.0,0.0
18011,Boone County,IN,3/17/2026 5:00,0.0,0.0,0.0,0.0
18011,Boone County,IN,3/17/2026 6:00,0.0,0.0,0.0,0.0
18011,Boone County,IN,3/17/2026 7:00,0.0,0.0,0.0,0.0
18011,Boone County,IN,3/17/2026 8:00,0.0,0.0,0.0,0.0
18011,Boone County,IN,3/17/2026 9:00,0.0,0.0,0.0,0.0
18011,Boone County,IN,3/17/2026 10:00,0.0,0.0,0.0,0.0
18011,Boone County,IN,3/17/2026 11:00,0.0,0.0,0.0,0.0
18011,Boone County,IN,3/17/2026 12:00,0.0,0.0,0.0,0.0
18011,Boone County,IN,3/17/2026 13:00,0.0,0.0,0.0,0.0
18011,Boone County,IN,3/17/2026 14:00,0.0,0.0,0.0,0.0
18011,Boone County,IN,3/17/2026 15:00,0.0,0.0,0.0,0.0
18011,Boone County,IN,3/17/2026 16:00,0.0,0.0,0.0,0.0
18011,Boone County,IN,3/17/2026 17:00,0.0,0.0,0.0,0.0
18011,Boone County,IN,3/17/2026 18:00,0.0,0.0,0.0,0.0
18011,Boone County,IN,3/17/2026 19:00,0.0,0.0,0.0,0.0
18011,Boone County,IN,3/17/2026 20:00,0.0,0.0,0.0,0.0
18011,Boone County,IN,3/17/2026 21:00,0.0,0.0,0.0,0.0
18011,Boone County,IN,3/17/2026 22:00,0.0,0.0,0.0,0.0
18011,Boone County,IN,3/17/2026 23:00,0.0,0.0,0.0,0.0
18011,Boone County,IN,3/18/2026 0:00,0.0,0.0,0.0,
18011,Boone County,IN,3/18/2026 1:00,0.0,0.0,0.0,
18011,Boone County,IN,3/18/2026 2:00,0.0,0.0,0.0,
18011,Boone County,IN,3/18/2026 3:00,0.0,0.0,0.0,
18011,Boone County,IN,3/18/2026 4:00,0.0,0.0,0.0,
18011,Boone County,IN,3/18/2026 5:00,0.0,0.0,0.0,
18011,Boone County,IN,3/18/2026 6:00,0.0,0.0,0.0,
18011,Boone County,IN,3/18/2026 7:00,0.0,0.0,0.0,
18011,Boone County,IN,3/18/2026 8:00,0.0,0.0,0.0,
18011,Boone County,IN,3/18/2026 9:00,0.0,0.0,0.0,
18011,Boone County,IN,3/18/2026 10:00,0.0,0.0,0.0,
18011,Boone County,IN,3/18/2026 11:00,0.0,0.0,0.0,
18011,Boone County,IN,3/18/2026 12:00,0.0,0.0,0.0,
18011,Boone County,IN,3/18/2026 13:00,0.0,0.0,0.0,
18011,Boone County,IN,3/18/2026 14:00,0.0,0.0,0.0,
18011,Boone County,IN,3/18/2026 15:00,0.0,0.0,0.0,
18011,Boone County,IN,3/18/2026 16:00,0.0,0.0,0.0,
18011,Boone County,IN,3/18/2026 17:00,0.0,0.0,0.0,
18011,Boone County,IN,3/18/2026 18:00,0.0,0.0,0.0,
18011,Boone County,IN,3/18/2026 19:00,0.0,0.0,0.0,
18011,Boone County,IN,3/18/2026 20:00,0.0,0.0,0.0,
18011,Boone County,IN,3/18/2026 21:00,0.0,0.0,0.0,
18011,Boone County,IN,3/18/2026 22:00,0.0,0.0,0.0,
18011,Boone County,IN,3/18/2026 23:00,0.0,0.0,0.0,
18011,Boone County,IN,3/19/2026 0:00,0.0,0.0,,
18011,Boone County,IN,3/19/2026 1:00,0.0,0.0,,
18011,Boone County,IN,3/19/2026 2:00,0.0,0.0,,
18011,Boone County,IN,3/19/2026 3:00,0.0,0.0,,
18011,Boone County,IN,3/19/2026 4:00,0.0,0.0,,
18011,Boone County,IN,3/19/2026 5:00,0.0,0.0,,
18011,Boone County,IN,3/19/2026 6:00,0.0,0.0,,
18011,Boone County,IN,3/19/2026 7:00,0.0,0.0,,
18011,Boone County,IN,3/19/2026 8:00,0.0,0.0,,
18011,Boone County,IN,3/19/2026 9:00,0.0,0.0,,
18011,Boone County,IN,3/19/2026 10:00,0.0,0.0,,
18011,Boone County,IN,3/19/2026 11:00,0.0,0.0,,
18011,Boone County,IN,3/19/2026 12:00,0.0,0.0,,
18011,Boone County,IN,3/19/2026 13:00,0.0,0.0,,
18011,Boone County,IN,3/19/2026 14:00,0.0,0.0,,
18011,Boone County,IN,3/19/2026 15:00,0.0,0.0,,
18011,Boone County,IN,3/19/2026 16:00,0.0,0.0,,
18011,Boone County,IN,3/19/2026 17:00,0.0,0.0,,
18011,Boone County,IN,3/19/2026 18:00,0.0,,,
18011,Boone County,IN,3/19/2026 19:00,0.0,,,
18011,Boone County,IN,3/19/2026 20:00,0.0,,,
18011,Boone County,IN,3/19/2026 21:00,0.0,,,
18011,Boone County,IN,3/19/2026 22:00,0.0,,,
18011,Boone County,IN,3/19/2026 23:00,,,,
18015,Carroll County,IN,3/14/2026 0:00,0.0,0.0014916738165252753,0.0,0.005432054004112347
18015,Carroll County,IN,3/14/2026 1:00,0.0013371561741134853,0.001130350113540965,0.0,0.0052899279549892585
18015,Carroll County,IN,3/14/2026 2:00,0.0,0.0,0.0,0.004834732045785426
18015,Carroll County,IN,3/14/2026 3:00,0.0,0.0,0.0,0.005598586897105581
18015,Carroll County,IN,3/14/2026 4:00,0.0,0.0,0.0,0.003919569037801828
18015,Carroll County,IN,3/14/2026 5:00,0.0024417095584191783,0.0,0.0,0.0037824753949694647
18015,Carroll County,IN,3/14/2026 6:00,0.0,0.0,0.0,0.003891440778619891
18015,Carroll County,IN,3/14/2026 7:00,0.0,0.0,0.0,0.0037078972869668244
18015,Carroll County,IN,3/14/2026 8:00,0.0,0.0,0.0,0.0028792251886979184
18015,Carroll County,IN,3/14/2026 9:00,0.0,0.0,0.0,0.0
18015,Carroll County,IN,3/14/2026 10:00,0.0,0.0,0.0011409367739589958,0.0
18015,Carroll County,IN,3/14/2026 11:00,0.0,0.0,0.0,0.0
18015,Carroll County,IN,3/14/2026 12:00,0.0,0.0,0.0015937225418063028,0.0
18015,Carroll County,IN,3/14/2026 13:00,0.0,0.0,0.0024011087875572858,0.0
18015,Carroll County,IN,3/14/2026 14:00,0.0,0.0,0.0038628991863804765,0.0
18015,Carroll County,IN,3/14/2026 15:00,0.0,0.0,0.004057733890126621,0.0
18015,Carroll County,IN,3/14/2026 16:00,0.0,0.0,0.00318379181916638,0.0
18015,Carroll County,IN,3/14/2026 17:00,0.0,0.0,0.002064106268088421,0.0
18015,Carroll County,IN,3/14/2026 18:00,0.0,0.0,0.002713989390314763,0.0
18015,Carroll County,IN,3/14/2026 19:00,0.0,0.0,0.0021902662901459595,0.0
18015,Carroll County,IN,3/14/2026 20:00,0.0,0.0,0.0026252392981267873,0.0
18015,Carroll County,IN,3/14/2026 21:00,0.0,0.0,0.002147107986366491,0.0
18015,Carroll County,IN,3/14/2026 22:00,0.0,0.0,0.0037205275481184117,0.0
18015,Carroll County,IN,3/14/2026 23:00,0.0,0.0,0.00498766280046863,0.0
18015,Carroll County,IN,3/15/2026 0:00,0.0,0.0,0.005054171168355349,0.0
18015,Carroll County,IN,3/15/2026 1:00,0.0,0.0,0.005067080529835201,0.0
18015,Carroll County,IN,3/15/2026 2:00,0.0,0.0,0.003885862553531509,0.0
18015,Carroll County,IN,3/15/2026 3:00,0.0,0.0,0.0034184401561726074,0.0
18015,Carroll County,IN,3/15/2026 4:00,0.0,0.0,0.0035306270265174737,0.0
18015,Carroll County,IN,3/15/2026 5:00,0.0,0.0013463657449375617,0.004062371575913474,0.0
18015,Carroll County,IN,3/15/2026 6:00,0.0,0.0019595819998573932,0.002396516398451362,0.0
18015,Carroll County,IN,3/15/2026 7:00,0.0,0.001105754270927076,0.0017175745893176731,0.0
18015,Carroll County,IN,3/15/2026 8:00,0.0,0.0037443034301834375,0.0021115008410790286,0.0
18015,Carroll County,IN,3/15/2026 9:00,0.0,0.0036109854795667667,0.0014882227554585906,0.0
18015,Carroll County,IN,3/15/2026 10:00,0.0,0.003026549087206246,0.0,0.0
18015,Carroll County,IN,3/15/2026 11:00,0.0012357103359812221,0.0025377300748525683,0.0,0.0
18015,Carroll County,IN,3/15/2026 12:00,0.004490448990579748,0.0023220088735015614,0.0,0.0
18015,Carroll County,IN,3/15/2026 13:00,0.0032794865797266684,0.0018647419944996342,0.0010740606758532197,0.0
18015,Carroll County,IN,3/15/2026 14:00,0.0030085264363258757,0.0022773042027356316,0.0,0.0
18015,Carroll County,IN,3/15/2026 15:00,0.002703013447189592,0.0026094530953490887,0.0,0.0
18015,Carroll County,IN,3/15/2026 16:00,0.003889941007681256,0.0035049277548433165,0.0,0.0
18015,Carroll County,IN,3/15/2026 17:00,0.003431876020280357,0.004856928264543022,0.0,0.0
18015,Carroll County,IN,3/15/2026 18:00,0.002680385704787303,0.007726525058763082,0.0,0.0
18015,Carroll County,IN,3/15/2026 19:00,0.002930838325054844,0.006854950914318717,0.0,0.0
18015,Carroll County,IN,3/15/2026 20:00,0.004843226482376318,0.006517729764661267,0.0,0.0
18015,Carroll County,IN,3/15/2026 21:00,0.005044523871287173,0.004424351839155816,0.0,0.0
18015,Carroll County,IN,3/15/2026 22:00,0.007782132964151794,0.003109756191797332,0.0,0.0
18015,Carroll County,IN,3/15/2026 23:00,0.007369871872687423,0.0040415376934362654,0.0,0.0
18015,Carroll County,IN,3/16/2026 0:00,0.0060435202776778505,0.0031519927812408244,0.0,0.0
18015,Carroll County,IN,3/16/2026 1:00,0.003211845326637015,0.0037143737845794257,0.0,0.0
18015,Carroll County,IN,3/16/2026 2:00,0.004435458557530484,0.0027813097563890374,0.0,0.0
18015,Carroll County,IN,3/16/2026 3:00,0.0023278880500796715,0.0031005226219087485,0.0,0.0
18015,Carroll County,IN,3/16/2026 4:00,0.0015810686750802419,0.0027517653262984316,0.0,0.0
18015,Carroll County,IN,3/16/2026 5:00,0.001634892925030653,0.0020165493254704387,0.0,0.0
18015,Carroll County,IN,3/16/2026 6:00,0.0018141239713397243,0.0019000967061982372,0.0,0.0
18015,Carroll County,IN,3/16/2026 7:00,0.0020609469980313296,0.0013683013957014301,0.0,0.0
18015,Carroll County,IN,3/16/2026 8:00,0.0028575434396309156,0.0011993671106896424,0.0,0.0
18015,Carroll County,IN,3/16/2026 9:00,0.00109762089335075,0.0010055280322670925,0.0,0.0
18015,Carroll County,IN,3/16/2026 10:00,0.0015677052546007348,0.001629453271228694,0.0,0.0
18015,Carroll County,IN,3/16/2026 11:00,0.0013096795520487472,0.002253867750211677,0.0,0.0
18015,Carroll County,IN,3/16/2026 12:00,0.0015321190323290587,0.001626267735254693,0.0,0.0
18015,Carroll County,IN,3/16/2026 13:00,0.0015925509156173925,0.0023283010340057024,0.0,0.0
18015,Carroll County,IN,3/16/2026 14:00,0.0,0.0024877777936772316,0.0,0.0
18015,Carroll County,IN,3/16/2026 15:00,0.0,0.002496773205307833,0.0,0.0
18015,Carroll County,IN,3/16/2026 16:00,0.0,0.002114253192609396,0.0,0.0
18015,Carroll County,IN,3/16/2026 17:00,0.0010353320639067787,0.0013052786124483694,0.0,0.0
18015,Carroll County,IN,3/16/2026 18:00,0.0,0.0010521742343479377,0.0,0.0
18015,Carroll County,IN,3/16/2026 19:00,0.0014927366220044507,0.0014131702893443085,0.0,0.0
18015,Carroll County,IN,3/16/2026 20:00,0.001716252123115513,0.001078305559825003,0.0,0.0
18015,Carroll County,IN,3/16/2026 21:00,0.0,0.0,0.0,0.0
18015,Carroll County,IN,3/16/2026 22:00,0.0,0.0,0.0,0.0
18015,Carroll County,IN,3/16/2026 23:00,0.0021468819403498846,0.001019862101423246,0.0,0.0
18015,Carroll County,IN,3/17/2026 0:00,0.0,0.0,0.0,0.0
18015,Carroll County,IN,3/17/2026 1:00,0.0,0.0,0.0,0.0
18015,Carroll County,IN,3/17/2026 2:00,0.0,0.0,0.0,0.0
18015,Carroll County,IN,3/17/2026 3:00,0.0,0.0,0.0,0.0
18015,Carroll County,IN,3/17/2026 4:00,0.0,0.001051018658529342,0.0,0.0
18015,Carroll County,IN,3/17/2026 5:00,0.0,0.0016570243366515836,0.0,0.0
18015,Carroll County,IN,3/17/2026 6:00,0.0,0.002843103544585447,0.0,0.0
18015,Carroll County,IN,3/17/2026 7:00,0.0,0.0017102427099292162,0.0,0.0
18015,Carroll County,IN,3/17/2026 8:00,0.0,0.0,0.0,0.0
18015,Carroll County,IN,3/17/2026 9:00,0.0,0.0,0.0,0.0
18015,Carroll County,IN,3/17/2026 10:00,0.0,0.0,0.0,0.0
18015,Carroll County,IN,3/17/2026 11:00,0.0,0.0,0.0,0.0
18015,Carroll County,IN,3/17/2026 12:00,0.0,0.0,0.0,0.0
18015,Carroll County,IN,3/17/2026 13:00,0.0,0.0,0.0,0.0
18015,Carroll County,IN,3/17/2026 14:00,0.0,0.0,0.0,0.0
18015,Carroll County,IN,3/17/2026 15:00,0.0,0.0,0.0,0.0
18015,Carroll County,IN,3/17/2026 16:00,0.0,0.0,0.0,0.0
18015,Carroll County,IN,3/17/2026 17:00,0.0,0.0,0.0,0.0
18015,Carroll County,IN,3/17/2026 18:00,0.0,0.0,0.0,0.0
18015,Carroll County,IN,3/17/2026 19:00,0.0,0.0,0.0,0.0
18015,Carroll County,IN,3/17/2026 20:00,0.0,0.0,0.0,0.0
18015,Carroll County,IN,3/17/2026 21:00,0.0,0.0,0.0,0.0
18015,Carroll County,IN,3/17/2026 22:00,0.0,0.0,0.0,0.0
18015,Carroll County,IN,3/17/2026 23:00,0.0,0.0,0.0,0.0
18015,Carroll County,IN,3/18/2026 0:00,0.0,0.0,0.0,
18015,Carroll County,IN,3/18/2026 1:00,0.0,0.0,0.0,
18015,Carroll County,IN,3/18/2026 2:00,0.0,0.0,0.0,
18015,Carroll County,IN,3/18/2026 3:00,0.0,0.0,0.0,
18015,Carroll County,IN,3/18/2026 4:00,0.0,0.0,0.0,
18015,Carroll County,IN,3/18/2026 5:00,0.0,0.0,0.0,
18015,Carroll County,IN,3/18/2026 6:00,0.0,0.0,0.0,
18015,Carroll County,IN,3/18/2026 7:00,0.0,0.0,0.0,
18015,Carroll County,IN,3/18/2026 8:00,0.0,0.0,0.0,
18015,Carroll County,IN,3/18/2026 9:00,0.0,0.0,0.0,
18015,Carroll County,IN,3/18/2026 10:00,0.0,0.0,0.0,
18015,Carroll County,IN,3/18/2026 11:00,0.0,0.0,0.0,
18015,Carroll County,IN,3/18/2026 12:00,0.0,0.0,0.0,
18015,Carroll County,IN,3/18/2026 13:00,0.0,0.0,0.0,
18015,Carroll County,IN,3/18/2026 14:00,0.0,0.0,0.0,
18015,Carroll County,IN,3/18/2026 15:00,0.0,0.0,0.0,
18015,Carroll County,IN,3/18/2026 16:00,0.0,0.0,0.0,
18015,Carroll County,IN,3/18/2026 17:00,0.0,0.0,0.0,
18015,Carroll County,IN,3/18/2026 18:00,0.0,0.0,0.0,
18015,Carroll County,IN,3/18/2026 19:00,0.0,0.0,0.0,
18015,Carroll County,IN,3/18/2026 20:00,0.0,0.0,0.0,
18015,Carroll County,IN,3/18/2026 21:00,0.0,0.0,0.0,
18015,Carroll County,IN,3/18/2026 22:00,0.0,0.0,0.0,
18015,Carroll County,IN,3/18/2026 23:00,0.0,0.0,0.0,
18015,Carroll County,IN,3/19/2026 0:00,0.0,0.0,,
18015,Carroll County,IN,3/19/2026 1:00,0.0,0.0,,
18015,Carroll County,IN,3/19/2026 2:00,0.0,0.0,,
18015,Carroll County,IN,3/19/2026 3:00,0.0,0.0,,
18015,Carroll County,IN,3/19/2026 4:00,0.0,0.0,,
18015,Carroll County,IN,3/19/2026 5:00,0.0,0.0,,
18015,Carroll County,IN,3/19/2026 6:00,0.0,0.0,,
18015,Carroll County,IN,3/19/2026 7:00,0.0,0.0,,
18015,Carroll County,IN,3/19/2026 8:00,0.0,0.0,,
18015,Carroll County,IN,3/19/2026 9:00,0.0,0.0,,
18015,Carroll County,IN,3/19/2026 10:00,0.0,0.0,,
18015,Carroll County,IN,3/19/2026 11:00,0.0,0.0,,
18015,Carroll County,IN,3/19/2026 12:00,0.0,0.0,,
18015,Carroll County,IN,3/19/2026 13:00,0.0,0.0,,
18015,Carroll County,IN,3/19/2026 14:00,0.0,0.0,,
18015,Carroll County,IN,3/19/2026 15:00,0.0,0.0,,
18015,Carroll County,IN,3/19/2026 16:00,0.0,0.0,,
18015,Carroll County,IN,3/19/2026 17:00,0.0,0.0,,
18015,Carroll County,IN,3/19/2026 18:00,0.0,,,
18015,Carroll County,IN,3/19/2026 19:00,0.0,,,
18015,Carroll County,IN,3/19/2026 20:00,0.0,,,
18015,Carroll County,IN,3/19/2026 21:00,0.0,,,
18015,Carroll County,IN,3/19/2026 22:00,0.0,,,
18015,Carroll County,IN,3/19/2026 23:00,,,,
18017,Cass County,IN,3/14/2026 0:00,0.0,0.0015025194618222735,0.0,0.008889121210469617
18017,Cass County,IN,3/14/2026 1:00,0.0,0.0011244414447874756,0.0,0.00837193436013166
18017,Cass County,IN,3/14/2026 2:00,0.0,0.0010880950113588393,0.0,0.0078455853922735
18017,Cass County,IN,3/14/2026 3:00,0.0,0.0,0.0,0.007754996933200598
18017,Cass County,IN,3/14/2026 4:00,0.0,0.0,0.0,0.005769912657170756
18017,Cass County,IN,3/14/2026 5:00,0.0,0.0,0.0,0.004653960519326105
18017,Cass County,IN,3/14/2026 6:00,0.0,0.0,0.0,0.0028835763790310692
18017,Cass County,IN,3/14/2026 7:00,0.0,0.0,0.0,0.002289947425432434
18017,Cass County,IN,3/14/2026 8:00,0.0,0.0,0.0,0.001638944620152754
18017,Cass County,IN,3/14/2026 9:00,0.0,0.0,0.0,0.0015270551979108297
18017,Cass County,IN,3/14/2026 10:00,0.0,0.0,0.0,0.0011922722928745045
18017,Cass County,IN,3/14/2026 11:00,0.0,0.0,0.0,0.0
18017,Cass County,IN,3/14/2026 12:00,0.0,0.0,0.0,0.0
18017,Cass County,IN,3/14/2026 13:00,0.0,0.0,0.0,0.0
18017,Cass County,IN,3/14/2026 14:00,0.0,0.0,0.00161317200906859,0.0
18017,Cass County,IN,3/14/2026 15:00,0.0,0.0,0.0015980266851691749,0.0
18017,Cass County,IN,3/14/2026 16:00,0.0,0.0,0.001091927910760266,0.0
18017,Cass County,IN,3/14/2026 17:00,0.0,0.0,0.0,0.0
18017,Cass County,IN,3/14/2026 18:00,0.0,0.0,0.001076302621273222,0.0
18017,Cass County,IN,3/14/2026 19:00,0.0,0.0,0.0,0.0
18017,Cass County,IN,3/14/2026 20:00,0.0,0.0,0.0,0.0011378869612365186
18017,Cass County,IN,3/14/2026 21:00,0.0,0.0,0.001201927394817999,0.001146895779031344
18017,Cass County,IN,3/14/2026 22:00,0.0,0.0,0.0017016950353381044,0.0010216844244189346
18017,Cass County,IN,3/14/2026 23:00,0.0,0.0,0.004278862492967413,0.0010270850044473401
18017,Cass County,IN,3/15/2026 0:00,0.0,0.0,0.0038867643163321263,0.001024185820024586
18017,Cass County,IN,3/15/2026 1:00,0.0,0.0,0.004757907321401841,0.0
18017,Cass County,IN,3/15/2026 2:00,0.0,0.0,0.001203367449552123,0.0
18017,Cass County,IN,3/15/2026 3:00,0.0,0.0,0.0015910908382842685,0.0
18017,Cass County,IN,3/15/2026 4:00,0.0,0.0,0.0011307300019815457,0.0
18017,Cass County,IN,3/15/2026 5:00,0.0,0.0,0.0,0.0
18017,Cass County,IN,3/15/2026 6:00,0.0,0.0,0.0011849581273400422,0.0
18017,Cass County,IN,3/15/2026 7:00,0.0,0.0,0.0,0.0
18017,Cass County,IN,3/15/2026 8:00,0.0,0.001624135020119114,0.0,0.0
18017,Cass County,IN,3/15/2026 9:00,0.0,0.0029161161744869547,0.0,0.0
18017,Cass County,IN,3/15/2026 10:00,0.0,0.002552583771234244,0.0,0.0
18017,Cass County,IN,3/15/2026 11:00,0.0,0.0018552350810487031,0.0,0.0
18017,Cass County,IN,3/15/2026 12:00,0.0031514814335992596,0.001711170182876183,0.0,0.0
18017,Cass County,IN,3/15/2026 13:00,0.003054948450673032,0.0,0.0,0.0
18017,Cass County,IN,3/15/2026 14:00,0.002689825221097181,0.0013644473784846542,0.0,0.0
18017,Cass County,IN,3/15/2026 15:00,0.0026123600221893114,0.0019160325754621985,0.0,0.0
18017,Cass County,IN,3/15/2026 16:00,0.003870294977091999,0.0034509741023222417,0.0,0.0
18017,Cass County,IN,3/15/2026 17:00,0.003598452937381079,0.0035935685434939596,0.0,0.0
18017,Cass County,IN,3/15/2026 18:00,0.004471665110664846,0.005966331675018799,0.0,0.0
18017,Cass County,IN,3/15/2026 19:00,0.0021077815922339754,0.0035381813306285207,0.0,0.0
18017,Cass County,IN,3/15/2026 20:00,0.0028930775320613446,0.004426693392862581,0.0,0.0
18017,Cass County,IN,3/15/2026 21:00,0.006193014959791726,0.0012045519327521712,0.0,0.0
18017,Cass County,IN,3/15/2026 22:00,0.0060545799003299625,0.0011525149527314732,0.0,0.0
18017,Cass County,IN,3/15/2026 23:00,0.005874995683660026,0.0031193406587303276,0.0,0.0
18017,Cass County,IN,3/16/2026 0:00,0.004782756224798578,0.001316127466730562,0.0,0.0
18017,Cass County,IN,3/16/2026 1:00,0.005834319094873683,0.0,0.0,0.0
18017,Cass County,IN,3/16/2026 2:00,0.0026044382084984565,0.0015637235994367623,0.0,0.0
18017,Cass County,IN,3/16/2026 3:00,0.0020416607858886565,0.0,0.0,0.0
18017,Cass County,IN,3/16/2026 4:00,0.0015296769579080498,0.0,0.0,0.0
18017,Cass County,IN,3/16/2026 5:00,0.0014496687710296306,0.0,0.0,0.0
18017,Cass County,IN,3/16/2026 6:00,0.0,0.0,0.0,0.0
18017,Cass County,IN,3/16/2026 7:00,0.0,0.0,0.0,0.0
18017,Cass County,IN,3/16/2026 8:00,0.0030202847689760164,0.0,0.0,0.0
18017,Cass County,IN,3/16/2026 9:00,0.0,0.0,0.0,0.0
18017,Cass County,IN,3/16/2026 10:00,0.0,0.0,0.0,0.0
18017,Cass County,IN,3/16/2026 11:00,0.0,0.0,0.0,0.0
18017,Cass County,IN,3/16/2026 12:00,0.0,0.0,0.0,0.0
18017,Cass County,IN,3/16/2026 13:00,0.0,0.0,0.0,0.0
18017,Cass County,IN,3/16/2026 14:00,0.0,0.0,0.0,0.0
18017,Cass County,IN,3/16/2026 15:00,0.0,0.001027324085787319,0.0,0.0
18017,Cass County,IN,3/16/2026 16:00,0.0,0.0,0.0,0.0
18017,Cass County,IN,3/16/2026 17:00,0.001281986469503855,0.0,0.0,0.0
18017,Cass County,IN,3/16/2026 18:00,0.001723392011281211,0.0010664370148526644,0.0,0.0
18017,Cass County,IN,3/16/2026 19:00,0.00145899992602363,0.0,0.0,0.0
18017,Cass County,IN,3/16/2026 20:00,0.0014966634636015316,0.0,0.0,0.0
18017,Cass County,IN,3/16/2026 21:00,0.0016538067901046213,0.0,0.0,0.0
18017,Cass County,IN,3/16/2026 22:00,0.0016314409081943104,0.0,0.0,0.0
18017,Cass County,IN,3/16/2026 23:00,0.0016078938404431222,0.0,0.0,0.0
18017,Cass County,IN,3/17/2026 0:00,0.001485461326855593,0.0,0.0,0.0
18017,Cass County,IN,3/17/2026 1:00,0.0012250744165265297,0.0,0.0,0.0
18017,Cass County,IN,3/17/2026 2:00,0.0012083884681495692,0.0,0.0,0.0
18017,Cass County,IN,3/17/2026 3:00,0.0012853277940530496,0.0,0.0,0.0
18017,Cass County,IN,3/17/2026 4:00,0.0013596280321122533,0.0010010507171779811,0.0,0.0
18017,Cass County,IN,3/17/2026 5:00,0.001183561634246312,0.0011085988200478039,0.0,0.0
18017,Cass County,IN,3/17/2026 6:00,0.0013245830029058139,0.0010792308536172882,0.0,0.0
18017,Cass County,IN,3/17/2026 7:00,0.0013040283479057776,0.0016997975441133805,0.0,0.0
18017,Cass County,IN,3/17/2026 8:00,0.0013758760315501556,0.0011354957001011654,0.0,0.0
18017,Cass County,IN,3/17/2026 9:00,0.0011070539237100572,0.0,0.0,0.0
18017,Cass County,IN,3/17/2026 10:00,0.0011128507050989815,0.0,0.0,0.0
18017,Cass County,IN,3/17/2026 11:00,0.0011073495390577035,0.0,0.0,0.0
18017,Cass County,IN,3/17/2026 12:00,0.0011952941793909897,0.0,0.0,0.0
18017,Cass County,IN,3/17/2026 13:00,0.0011987422034824102,0.0,0.0,0.0
18017,Cass County,IN,3/17/2026 14:00,0.0011231207893611197,0.0,0.0,0.0
18017,Cass County,IN,3/17/2026 15:00,0.0010500086913186588,0.0,0.0,0.0
18017,Cass County,IN,3/17/2026 16:00,0.0010217947189206853,0.0,0.0,0.0
18017,Cass County,IN,3/17/2026 17:00,0.0,0.0,0.0,0.0
18017,Cass County,IN,3/17/2026 18:00,0.0,0.0,0.0,0.0
18017,Cass County,IN,3/17/2026 19:00,0.0,0.0,0.0,0.0
18017,Cass County,IN,3/17/2026 20:00,0.0,0.0,0.0,0.0
18017,Cass County,IN,3/17/2026 21:00,0.0,0.0,0.0,0.0
18017,Cass County,IN,3/17/2026 22:00,0.0,0.0,0.0,0.0
18017,Cass County,IN,3/17/2026 23:00,0.0,0.0,0.0,0.0
18017,Cass County,IN,3/18/2026 0:00,0.0,0.0,0.0,
18017,Cass County,IN,3/18/2026 1:00,0.0,0.0,0.0,
18017,Cass County,IN,3/18/2026 2:00,0.0,0.0,0.0,
18017,Cass County,IN,3/18/2026 3:00,0.0,0.0,0.0,
18017,Cass County,IN,3/18/2026 4:00,0.0,0.0,0.0,
18017,Cass County,IN,3/18/2026 5:00,0.0,0.0,0.0,
18017,Cass County,IN,3/18/2026 6:00,0.0,0.0,0.0,
18017,Cass County,IN,3/18/2026 7:00,0.0,0.0,0.0,
18017,Cass County,IN,3/18/2026 8:00,0.0,0.0,0.0,
18017,Cass County,IN,3/18/2026 9:00,0.0,0.0,0.0,
18017,Cass County,IN,3/18/2026 10:00,0.0,0.0,0.0,
18017,Cass County,IN,3/18/2026 11:00,0.0,0.0,0.0,
18017,Cass County,IN,3/18/2026 12:00,0.0,0.0,0.0,
18017,Cass County,IN,3/18/2026 13:00,0.0,0.0,0.0,
18017,Cass County,IN,3/18/2026 14:00,0.0,0.0,0.0,
18017,Cass County,IN,3/18/2026 15:00,0.0,0.0,0.0,
18017,Cass County,IN,3/18/2026 16:00,0.0,0.0,0.0,
18017,Cass County,IN,3/18/2026 17:00,0.0,0.0,0.0,
18017,Cass County,IN,3/18/2026 18:00,0.0,0.0,0.0,
18017,Cass County,IN,3/18/2026 19:00,0.0,0.0,0.0,
18017,Cass County,IN,3/18/2026 20:00,0.0,0.0,0.0,
18017,Cass County,IN,3/18/2026 21:00,0.0,0.0,0.0,
18017,Cass County,IN,3/18/2026 22:00,0.0,0.0,0.0,
18017,Cass County,IN,3/18/2026 23:00,0.0,0.0,0.0,
18017,Cass County,IN,3/19/2026 0:00,0.0,0.0,,
18017,Cass County,IN,3/19/2026 1:00,0.0,0.0,,
18017,Cass County,IN,3/19/2026 2:00,0.0,0.0,,
18017,Cass County,IN,3/19/2026 3:00,0.0,0.0,,
18017,Cass County,IN,3/19/2026 4:00,0.0,0.0,,
18017,Cass County,IN,3/19/2026 5:00,0.0,0.0,,
18017,Cass County,IN,3/19/2026 6:00,0.0,0.0,,
18017,Cass County,IN,3/19/2026 7:00,0.0,0.0,,
18017,Cass County,IN,3/19/2026 8:00,0.0,0.0,,
18017,Cass County,IN,3/19/2026 9:00,0.0,0.0,,
18017,Cass County,IN,3/19/2026 10:00,0.0,0.0,,
18017,Cass County,IN,3/19/2026 11:00,0.0,0.0,,
18017,Cass County,IN,3/19/2026 12:00,0.0,0.0,,
18017,Cass County,IN,3/19/2026 13:00,0.0,0.0,,
18017,Cass County,IN,3/19/2026 14:00,0.0,0.0,,
18017,Cass County,IN,3/19/2026 15:00,0.0,0.0,,
18017,Cass County,IN,3/19/2026 16:00,0.0,0.0,,
18017,Cass County,IN,3/19/2026 17:00,0.0,0.0,,
18017,Cass County,IN,3/19/2026 18:00,0.0,,,
18017,Cass County,IN,3/19/2026 19:00,0.0,,,
18017,Cass County,IN,3/19/2026 20:00,0.0,,,
18017,Cass County,IN,3/19/2026 21:00,0.0,,,
18017,Cass County,IN,3/19/2026 22:00,0.0,,,
18017,Cass County,IN,3/19/2026 23:00,,,,
18019,Clark County,IN,3/14/2026 0:00,0.0,0.0,0.0,0.011970172441749777
18019,Clark County,IN,3/14/2026 1:00,0.0,0.0,0.0,0.011638244505731667
18019,Clark County,IN,3/14/2026 2:00,0.0,0.0,0.0,0.01018531273991812
18019,Clark County,IN,3/14/2026 3:00,0.0,0.0,0.0,0.006063030446844281
18019,Clark County,IN,3/14/2026 4:00,0.0,0.0,0.0,0.006050838370452152
18019,Clark County,IN,3/14/2026 5:00,0.0,0.0,0.0,0.005118576578972295
18019,Clark County,IN,3/14/2026 6:00,0.0,0.0,0.0,0.005766955555413856
18019,Clark County,IN,3/14/2026 7:00,0.0,0.0,0.0,0.005608427736314697
18019,Clark County,IN,3/14/2026 8:00,0.0,0.0,0.0,0.003912172314340148
18019,Clark County,IN,3/14/2026 9:00,0.0,0.0,0.0,0.0037318921092218023
18019,Clark County,IN,3/14/2026 10:00,0.0,0.0,0.0016972074789426326,0.002933717048483412
18019,Clark County,IN,3/14/2026 11:00,0.0,0.0,0.007458664034405322,0.0026160054060733956
18019,Clark County,IN,3/14/2026 12:00,0.0,0.0,0.014939666323968917,0.002218476301912099
18019,Clark County,IN,3/14/2026 13:00,0.0,0.0,0.01576893838584952,0.0012813588740206508
18019,Clark County,IN,3/14/2026 14:00,0.0,0.0,0.014434305940833883,0.0013219269941329133
18019,Clark County,IN,3/14/2026 15:00,0.0,0.0,0.01874965156066733,0.0010687209477602097
18019,Clark County,IN,3/14/2026 16:00,0.0,0.0,0.016010541071795396,0.0010432220643765261
18019,Clark County,IN,3/14/2026 17:00,0.0,0.0,0.011911619012833564,0.001076426703924975
18019,Clark County,IN,3/14/2026 18:00,0.0,0.0,0.011708574186669774,0.0
18019,Clark County,IN,3/14/2026 19:00,0.0,0.0,0.015545120587647164,0.0010240422694929331
18019,Clark County,IN,3/14/2026 20:00,0.0,0.0,0.013121618275251252,0.0
18019,Clark County,IN,3/14/2026 21:00,0.0,0.0,0.01429946402307042,0.0
18019,Clark County,IN,3/14/2026 22:00,0.0,0.0,0.012667622568213414,0.0
18019,Clark County,IN,3/14/2026 23:00,0.0,0.0,0.01290023343017182,0.0010038583725900723
18019,Clark County,IN,3/15/2026 0:00,0.0,0.0,0.012683803888460849,0.0
18019,Clark County,IN,3/15/2026 1:00,0.0,0.0,0.013336719787673519,0.0
18019,Clark County,IN,3/15/2026 2:00,0.0,0.0,0.010863031827616911,0.0
18019,Clark County,IN,3/15/2026 3:00,0.0,0.0,0.004127648097492849,0.0
18019,Clark County,IN,3/15/2026 4:00,0.0,0.0,0.003491857182137366,0.0
18019,Clark County,IN,3/15/2026 5:00,0.0,0.0041406093580937465,0.002278903558381857,0.0
18019,Clark County,IN,3/15/2026 6:00,0.0,0.007546074892738615,0.0025076986411949075,0.0
18019,Clark County,IN,3/15/2026 7:00,0.0,0.00894315087924053,0.002679212211011632,0.0
18019,Clark County,IN,3/15/2026 8:00,0.0,0.012066004908837615,0.0034356741395999008,0.0
18019,Clark County,IN,3/15/2026 9:00,0.0,0.012426639265856089,0.002487026376419277,0.0
18019,Clark County,IN,3/15/2026 10:00,0.0041809565768099076,0.01028273991855694,0.001408059199482941,0.0
18019,Clark County,IN,3/15/2026 11:00,0.006280950464278685,0.008345326890992197,0.0015865958098370857,0.0
18019,Clark County,IN,3/15/2026 12:00,0.007046823085710154,0.010337514957039544,0.0017514948906842676,0.0
18019,Clark County,IN,3/15/2026 13:00,0.010638832254406518,0.006625105501909766,0.0,0.0
18019,Clark County,IN,3/15/2026 14:00,0.010533039663371848,0.007790015689156029,0.0,0.0
18019,Clark County,IN,3/15/2026 15:00,0.009014003780955477,0.0077536431279014535,0.0,0.0
18019,Clark County,IN,3/15/2026 16:00,0.0072025411865208645,0.0032800192453513537,0.0,0.0
18019,Clark County,IN,3/15/2026 17:00,0.005957652693601092,0.0031164133825573627,0.0,0.0
18019,Clark County,IN,3/15/2026 18:00,0.006259577545454264,0.004550805127698936,0.0,0.0
18019,Clark County,IN,3/15/2026 19:00,0.00664608984192867,0.004801806698874563,0.0,0.0
18019,Clark County,IN,3/15/2026 20:00,0.005396837628426804,0.0035144561912428354,0.0,0.0
18019,Clark County,IN,3/15/2026 21:00,0.0060860488413711136,0.0035640242556094813,0.0,0.0
18019,Clark County,IN,3/15/2026 22:00,0.002762698266390411,0.004909628324983896,0.0,0.0
18019,Clark County,IN,3/15/2026 23:00,0.004815986355976742,0.004666834433787845,0.0,0.0
18019,Clark County,IN,3/16/2026 0:00,0.004759528459106552,0.0025660256796334675,0.0,0.0
18019,Clark County,IN,3/16/2026 1:00,0.005706003396974286,0.0021071726334439176,0.0,0.0
18019,Clark County,IN,3/16/2026 2:00,0.0073170123029014465,0.0011578415824283787,0.0,0.0
18019,Clark County,IN,3/16/2026 3:00,0.006727017226478225,0.0016089991801407357,0.0,0.0
18019,Clark County,IN,3/16/2026 4:00,0.004268056981731688,0.0014559176978604631,0.0,0.0
18019,Clark County,IN,3/16/2026 5:00,0.004223608599906232,0.0011486783958125398,0.0,0.0
18019,Clark County,IN,3/16/2026 6:00,0.002705830642953024,0.0011086263020321453,0.0,0.0
18019,Clark County,IN,3/16/2026 7:00,0.003081062945995003,0.0,0.0,0.0
18019,Clark County,IN,3/16/2026 8:00,0.0019957587047877306,0.0010453517175272218,0.0,0.0
18019,Clark County,IN,3/16/2026 9:00,0.0017705938660838403,0.0,0.0,0.0
18019,Clark County,IN,3/16/2026 10:00,0.0013506294391179249,0.0,0.0,0.0
18019,Clark County,IN,3/16/2026 11:00,0.0,0.0,0.0,0.0
18019,Clark County,IN,3/16/2026 12:00,0.0,0.0,0.0,0.0
18019,Clark County,IN,3/16/2026 13:00,0.0,0.0,0.0,0.0
18019,Clark County,IN,3/16/2026 14:00,0.0,0.0,0.0,0.0
18019,Clark County,IN,3/16/2026 15:00,0.0,0.0,0.0,0.0
18019,Clark County,IN,3/16/2026 16:00,0.0,0.0,0.0,0.0
18019,Clark County,IN,3/16/2026 17:00,0.0,0.0,0.0,0.0
18019,Clark County,IN,3/16/2026 18:00,0.0011943438978929545,0.0,0.0,0.0
18019,Clark County,IN,3/16/2026 19:00,0.0,0.0,0.0,0.0
18019,Clark County,IN,3/16/2026 20:00,0.0,0.0,0.0,0.0
18019,Clark County,IN,3/16/2026 21:00,0.0,0.0,0.0,0.0
18019,Clark County,IN,3/16/2026 22:00,0.0010582879434138824,0.0,0.0,0.0
18019,Clark County,IN,3/16/2026 23:00,0.0,0.0,0.0,0.0
18019,Clark County,IN,3/17/2026 0:00,0.0,0.0,0.0,0.0
18019,Clark County,IN,3/17/2026 1:00,0.0,0.0,0.0,0.0
18019,Clark County,IN,3/17/2026 2:00,0.0,0.0,0.0,0.0
18019,Clark County,IN,3/17/2026 3:00,0.0,0.0,0.0,0.0
18019,Clark County,IN,3/17/2026 4:00,0.0,0.0,0.0,0.0
18019,Clark County,IN,3/17/2026 5:00,0.0,0.0,0.0,0.0
18019,Clark County,IN,3/17/2026 6:00,0.0,0.0,0.0,0.0
18019,Clark County,IN,3/17/2026 7:00,0.0,0.0,0.0,0.0
18019,Clark County,IN,3/17/2026 8:00,0.0,0.0,0.0,0.0
18019,Clark County,IN,3/17/2026 9:00,0.0,0.0,0.0,0.0
18019,Clark County,IN,3/17/2026 10:00,0.0,0.0,0.0,0.0
18019,Clark County,IN,3/17/2026 11:00,0.0,0.0,0.0,0.0
18019,Clark County,IN,3/17/2026 12:00,0.0,0.0,0.0,0.0
18019,Clark County,IN,3/17/2026 13:00,0.0,0.0,0.0,0.0
18019,Clark County,IN,3/17/2026 14:00,0.0,0.0,0.0,0.0
18019,Clark County,IN,3/17/2026 15:00,0.0,0.0,0.0,0.0
18019,Clark County,IN,3/17/2026 16:00,0.0,0.0,0.0,0.0
18019,Clark County,IN,3/17/2026 17:00,0.0,0.0,0.0,0.0
18019,Clark County,IN,3/17/2026 18:00,0.0,0.0,0.0,0.0
18019,Clark County,IN,3/17/2026 19:00,0.0,0.0,0.0,0.0
18019,Clark County,IN,3/17/2026 20:00,0.0,0.0,0.0,0.0
18019,Clark County,IN,3/17/2026 21:00,0.0,0.0,0.0,0.0
18019,Clark County,IN,3/17/2026 22:00,0.0,0.0,0.0,0.0
18019,Clark County,IN,3/17/2026 23:00,0.0,0.0,0.0,0.0
18019,Clark County,IN,3/18/2026 0:00,0.0,0.0,0.0,
18019,Clark County,IN,3/18/2026 1:00,0.0,0.0,0.0,
18019,Clark County,IN,3/18/2026 2:00,0.0,0.0,0.0,
18019,Clark County,IN,3/18/2026 3:00,0.0,0.0,0.0,
18019,Clark County,IN,3/18/2026 4:00,0.0,0.0,0.0,
18019,Clark County,IN,3/18/2026 5:00,0.0,0.0,0.0,
18019,Clark County,IN,3/18/2026 6:00,0.0,0.0,0.0,
18019,Clark County,IN,3/18/2026 7:00,0.0,0.0,0.0,
18019,Clark County,IN,3/18/2026 8:00,0.0,0.0,0.0,
18019,Clark County,IN,3/18/2026 9:00,0.0,0.0,0.0,
18019,Clark County,IN,3/18/2026 10:00,0.0,0.0,0.0,
18019,Clark County,IN,3/18/2026 11:00,0.0,0.0,0.0,
18019,Clark County,IN,3/18/2026 12:00,0.0,0.0,0.0,
18019,Clark County,IN,3/18/2026 13:00,0.0,0.0,0.0,
18019,Clark County,IN,3/18/2026 14:00,0.0,0.0,0.0,
18019,Clark County,IN,3/18/2026 15:00,0.0,0.0,0.0,
18019,Clark County,IN,3/18/2026 16:00,0.0,0.0,0.0,
18019,Clark County,IN,3/18/2026 17:00,0.0,0.0,0.0,
18019,Clark County,IN,3/18/2026 18:00,0.0,0.0,0.0,
18019,Clark County,IN,3/18/2026 19:00,0.0,0.0,0.0,
18019,Clark County,IN,3/18/2026 20:00,0.0,0.0,0.0,
18019,Clark County,IN,3/18/2026 21:00,0.0,0.0,0.0,
18019,Clark County,IN,3/18/2026 22:00,0.0,0.0,0.0,
18019,Clark County,IN,3/18/2026 23:00,0.0,0.0,0.0,
18019,Clark County,IN,3/19/2026 0:00,0.0,0.0,,
18019,Clark County,IN,3/19/2026 1:00,0.0,0.0,,
18019,Clark County,IN,3/19/2026 2:00,0.0,0.0,,
18019,Clark County,IN,3/19/2026 3:00,0.0,0.0,,
18019,Clark County,IN,3/19/2026 4:00,0.0,0.0,,
18019,Clark County,IN,3/19/2026 5:00,0.0,0.0,,
18019,Clark County,IN,3/19/2026 6:00,0.0,0.0,,
18019,Clark County,IN,3/19/2026 7:00,0.0,0.0,,
18019,Clark County,IN,3/19/2026 8:00,0.0,0.0,,
18019,Clark County,IN,3/19/2026 9:00,0.0,0.0,,
18019,Clark County,IN,3/19/2026 10:00,0.0,0.0,,
18019,Clark County,IN,3/19/2026 11:00,0.0,0.0,,
18019,Clark County,IN,3/19/2026 12:00,0.0,0.0,,
18019,Clark County,IN,3/19/2026 13:00,0.0,0.0,,
18019,Clark County,IN,3/19/2026 14:00,0.0,0.0,,
18019,Clark County,IN,3/19/2026 15:00,0.0,0.0,,
18019,Clark County,IN,3/19/2026 16:00,0.0,0.0,,
18019,Clark County,IN,3/19/2026 17:00,0.0,0.0,,
18019,Clark County,IN,3/19/2026 18:00,0.0,,,
18019,Clark County,IN,3/19/2026 19:00,0.0,,,
18019,Clark County,IN,3/19/2026 20:00,0.0,,,
18019,Clark County,IN,3/19/2026 21:00,0.0,,,
18019,Clark County,IN,3/19/2026 22:00,0.0,,,
18019,Clark County,IN,3/19/2026 23:00,,,,
18021,Clay County,IN,3/14/2026 0:00,0.0,0.0,0.0,0.007055624640837117
18021,Clay County,IN,3/14/2026 1:00,0.0,0.0,0.0,0.006081210331576317
18021,Clay County,IN,3/14/2026 2:00,0.0,0.0,0.0,0.0038718586555989047
18021,Clay County,IN,3/14/2026 3:00,0.0,0.0,0.0,0.0025824826079146666
18021,Clay County,IN,3/14/2026 4:00,0.0,0.0,0.0,0.0012101377887610005
18021,Clay County,IN,3/14/2026 5:00,0.0,0.0,0.0,0.001230580145565206
18021,Clay County,IN,3/14/2026 6:00,0.0,0.0,0.0,0.0014288143986880457
18021,Clay County,IN,3/14/2026 7:00,0.0,0.0,0.0,0.0
18021,Clay County,IN,3/14/2026 8:00,0.0,0.0,0.0,0.001213013303754394
18021,Clay County,IN,3/14/2026 9:00,0.0,0.0,0.0,0.0
18021,Clay County,IN,3/14/2026 10:00,0.0,0.0,0.0,0.0
18021,Clay County,IN,3/14/2026 11:00,0.0,0.0,0.0020633612894656525,0.0010313947358786021
18021,Clay County,IN,3/14/2026 12:00,0.0,0.0,0.008764223781581194,0.0
18021,Clay County,IN,3/14/2026 13:00,0.0,0.0,0.012054813110306744,0.0
18021,Clay County,IN,3/14/2026 14:00,0.0,0.0,0.010259043695212347,0.0
18021,Clay County,IN,3/14/2026 15:00,0.0,0.0,0.011276887370322161,0.0
18021,Clay County,IN,3/14/2026 16:00,0.0,0.0,0.009787694290907539,0.0
18021,Clay County,IN,3/14/2026 17:00,0.0,0.0,0.009354493637029592,0.0
18021,Clay County,IN,3/14/2026 18:00,0.0,0.0,0.005590566055179135,0.0
18021,Clay County,IN,3/14/2026 19:00,0.0,0.0,0.005780942127206162,0.0
18021,Clay County,IN,3/14/2026 20:00,0.0,0.0,0.001831799848876947,0.0
18021,Clay County,IN,3/14/2026 21:00,0.0,0.0,0.002185614609666144,0.0
18021,Clay County,IN,3/14/2026 22:00,0.0,0.0,0.0035977513803435203,0.0
18021,Clay County,IN,3/14/2026 23:00,0.0,0.0,0.004380909713803175,0.0
18021,Clay County,IN,3/15/2026 0:00,0.0,0.0,0.003491345598317867,0.0
18021,Clay County,IN,3/15/2026 1:00,0.0,0.0,0.003256414914290556,0.0
18021,Clay County,IN,3/15/2026 2:00,0.0,0.0,0.0034396186058732207,0.0
18021,Clay County,IN,3/15/2026 3:00,0.0,0.0,0.00409284421012776,0.0
18021,Clay County,IN,3/15/2026 4:00,0.0,0.0014364175637451727,0.0,0.0
18021,Clay County,IN,3/15/2026 5:00,0.0,0.004921300432048396,0.0,0.0
18021,Clay County,IN,3/15/2026 6:00,0.0,0.00814897550844704,0.0,0.0
18021,Clay County,IN,3/15/2026 7:00,0.0,0.012285784281630177,0.0,0.0
18021,Clay County,IN,3/15/2026 8:00,0.0,0.010806203940304376,0.001264689726753099,0.0
18021,Clay County,IN,3/15/2026 9:00,0.0,0.009948603530410561,0.0,0.0
18021,Clay County,IN,3/15/2026 10:00,0.0034383927357702054,0.009804790412693921,0.0,0.0
18021,Clay County,IN,3/15/2026 11:00,0.005914362765644021,0.009194198772421672,0.0,0.0
18021,Clay County,IN,3/15/2026 12:00,0.008636243705754595,0.010975332521301366,0.0,0.0
18021,Clay County,IN,3/15/2026 13:00,0.0077874054684759116,0.009322508073975722,0.0,0.0
18021,Clay County,IN,3/15/2026 14:00,0.008682754385374742,0.0034782953124614484,0.0,0.0
18021,Clay County,IN,3/15/2026 15:00,0.006992233307572757,0.0026553112906880743,0.0,0.0
18021,Clay County,IN,3/15/2026 16:00,0.0054104553822983,0.007126244919146528,0.0,0.0
18021,Clay County,IN,3/15/2026 17:00,0.005340035412713676,0.008409736772321645,0.0012110959087264822,0.0
18021,Clay County,IN,3/15/2026 18:00,0.004181960096992206,0.006063538680044159,0.0011084468995210468,0.0
18021,Clay County,IN,3/15/2026 19:00,0.0028773607560765566,0.006295303778513934,0.0010682265262420393,0.0
18021,Clay County,IN,3/15/2026 20:00,0.004231900168462738,0.004356440344707222,0.0013900509792314632,0.0
18021,Clay County,IN,3/15/2026 21:00,0.007604745208436244,0.002082359389668803,0.0,0.0
18021,Clay County,IN,3/15/2026 22:00,0.009571525367877635,0.00473611638708093,0.0,0.0
18021,Clay County,IN,3/15/2026 23:00,0.011082767309271066,0.0027765733584089866,0.0,0.0
18021,Clay County,IN,3/16/2026 0:00,0.006895135949040072,0.0021939311858324424,0.0,0.0
18021,Clay County,IN,3/16/2026 1:00,0.0048470034241082606,0.0013400713928353907,0.0,0.0
18021,Clay County,IN,3/16/2026 2:00,0.004169181732463996,0.001668119013495785,0.0,0.0
18021,Clay County,IN,3/16/2026 3:00,0.002961217446082513,0.001578701848546429,0.0,0.0
18021,Clay County,IN,3/16/2026 4:00,0.003220880066222095,0.0,0.0,0.0
18021,Clay County,IN,3/16/2026 5:00,0.001748620196451197,0.0,0.0,0.0
18021,Clay County,IN,3/16/2026 6:00,0.0015695556420730159,0.0,0.0,0.0
18021,Clay County,IN,3/16/2026 7:00,0.0,0.0013893074047359021,0.0,0.0
18021,Clay County,IN,3/16/2026 8:00,0.002123577789942129,0.0,0.0,0.0
18021,Clay County,IN,3/16/2026 9:00,0.0014741256326974142,0.0,0.0,0.0
18021,Clay County,IN,3/16/2026 10:00,0.0,0.0,0.0,0.0
18021,Clay County,IN,3/16/2026 11:00,0.0,0.0,0.0,0.0
18021,Clay County,IN,3/16/2026 12:00,0.0,0.0,0.0,0.0
18021,Clay County,IN,3/16/2026 13:00,0.0,0.0,0.0,0.0
18021,Clay County,IN,3/16/2026 14:00,0.0,0.0,0.0,0.0
18021,Clay County,IN,3/16/2026 15:00,0.0,0.0,0.0,0.0
18021,Clay County,IN,3/16/2026 16:00,0.0,0.0,0.0,0.0
18021,Clay County,IN,3/16/2026 17:00,0.0,0.0,0.0,0.0
18021,Clay County,IN,3/16/2026 18:00,0.0,0.0,0.0,0.0
18021,Clay County,IN,3/16/2026 19:00,0.0,0.0,0.0,0.0
18021,Clay County,IN,3/16/2026 20:00,0.0,0.0,0.0,0.0
18021,Clay County,IN,3/16/2026 21:00,0.0,0.0,0.0,0.0
18021,Clay County,IN,3/16/2026 22:00,0.0,0.0,0.0,0.0
18021,Clay County,IN,3/16/2026 23:00,0.001184387635372678,0.0,0.0,0.0
18021,Clay County,IN,3/17/2026 0:00,0.0010140532367616517,0.0,0.0,0.0
18021,Clay County,IN,3/17/2026 1:00,0.0,0.0,0.0,0.0
18021,Clay County,IN,3/17/2026 2:00,0.0,0.0,0.0,0.0
18021,Clay County,IN,3/17/2026 3:00,0.0,0.0,0.0,0.0
18021,Clay County,IN,3/17/2026 4:00,0.0,0.0,0.0,0.0
18021,Clay County,IN,3/17/2026 5:00,0.0,0.0,0.0,0.0
18021,Clay County,IN,3/17/2026 6:00,0.0,0.0,0.0,0.0
18021,Clay County,IN,3/17/2026 7:00,0.0,0.0,0.0,0.0
18021,Clay County,IN,3/17/2026 8:00,0.0,0.0,0.0,0.0
18021,Clay County,IN,3/17/2026 9:00,0.0,0.0,0.0,0.0
18021,Clay County,IN,3/17/2026 10:00,0.0,0.0,0.0,0.0
18021,Clay County,IN,3/17/2026 11:00,0.0,0.0,0.0,0.0
18021,Clay County,IN,3/17/2026 12:00,0.0,0.0,0.0,0.0
18021,Clay County,IN,3/17/2026 13:00,0.0,0.0,0.0,0.0
18021,Clay County,IN,3/17/2026 14:00,0.0,0.0,0.0,0.0
18021,Clay County,IN,3/17/2026 15:00,0.0,0.0,0.0,0.0
18021,Clay County,IN,3/17/2026 16:00,0.0,0.0,0.0,0.0
18021,Clay County,IN,3/17/2026 17:00,0.0,0.0,0.0,0.0
18021,Clay County,IN,3/17/2026 18:00,0.0,0.0,0.0,0.0
18021,Clay County,IN,3/17/2026 19:00,0.0,0.0,0.0,0.0
18021,Clay County,IN,3/17/2026 20:00,0.0,0.0,0.0,0.0
18021,Clay County,IN,3/17/2026 21:00,0.0,0.0,0.0,0.0
18021,Clay County,IN,3/17/2026 22:00,0.0,0.0,0.0,0.0
18021,Clay County,IN,3/17/2026 23:00,0.0,0.0,0.0,0.0
18021,Clay County,IN,3/18/2026 0:00,0.0,0.0,0.0,
18021,Clay County,IN,3/18/2026 1:00,0.0,0.0,0.0,
18021,Clay County,IN,3/18/2026 2:00,0.0,0.0,0.0,
18021,Clay County,IN,3/18/2026 3:00,0.0,0.0,0.0,
18021,Clay County,IN,3/18/2026 4:00,0.0,0.0,0.0,
18021,Clay County,IN,3/18/2026 5:00,0.0,0.0,0.0,
18021,Clay County,IN,3/18/2026 6:00,0.0,0.0,0.0,
18021,Clay County,IN,3/18/2026 7:00,0.0,0.0,0.0,
18021,Clay County,IN,3/18/2026 8:00,0.0,0.0,0.0,
18021,Clay County,IN,3/18/2026 9:00,0.0,0.0,0.0,
18021,Clay County,IN,3/18/2026 10:00,0.0,0.0,0.0,
18021,Clay County,IN,3/18/2026 11:00,0.0,0.0,0.0,
18021,Clay County,IN,3/18/2026 12:00,0.0,0.0,0.0,
18021,Clay County,IN,3/18/2026 13:00,0.0,0.0,0.0,
18021,Clay County,IN,3/18/2026 14:00,0.0,0.0,0.0,
18021,Clay County,IN,3/18/2026 15:00,0.0,0.0,0.0,
18021,Clay County,IN,3/18/2026 16:00,0.0,0.0,0.0,
18021,Clay County,IN,3/18/2026 17:00,0.0,0.0,0.0,
18021,Clay County,IN,3/18/2026 18:00,0.0,0.0,0.0,
18021,Clay County,IN,3/18/2026 19:00,0.0,0.0,0.0,
18021,Clay County,IN,3/18/2026 20:00,0.0,0.0,0.0,
18021,Clay County,IN,3/18/2026 21:00,0.0,0.0,0.0,
18021,Clay County,IN,3/18/2026 22:00,0.0,0.0,0.0,
18021,Clay County,IN,3/18/2026 23:00,0.0,0.0,0.0,
18021,Clay County,IN,3/19/2026 0:00,0.0,0.0,,
18021,Clay County,IN,3/19/2026 1:00,0.0,0.0,,
18021,Clay County,IN,3/19/2026 2:00,0.0,0.0,,
18021,Clay County,IN,3/19/2026 3:00,0.0,0.0,,
18021,Clay County,IN,3/19/2026 4:00,0.0,0.0,,
18021,Clay County,IN,3/19/2026 5:00,0.0,0.0,,
18021,Clay County,IN,3/19/2026 6:00,0.0,0.0,,
18021,Clay County,IN,3/19/2026 7:00,0.0,0.0,,
18021,Clay County,IN,3/19/2026 8:00,0.0,0.0,,
18021,Clay County,IN,3/19/2026 9:00,0.0,0.0,,
18021,Clay County,IN,3/19/2026 10:00,0.0,0.0,,
18021,Clay County,IN,3/19/2026 11:00,0.0,0.0,,
18021,Clay County,IN,3/19/2026 12:00,0.0,0.0,,
18021,Clay County,IN,3/19/2026 13:00,0.0,0.0,,
18021,Clay County,IN,3/19/2026 14:00,0.0,0.0,,
18021,Clay County,IN,3/19/2026 15:00,0.0,0.0,,
18021,Clay County,IN,3/19/2026 16:00,0.0,0.0,,
18021,Clay County,IN,3/19/2026 17:00,0.0,0.0,,
18021,Clay County,IN,3/19/2026 18:00,0.0,,,
18021,Clay County,IN,3/19/2026 19:00,0.0,,,
18021,Clay County,IN,3/19/2026 20:00,0.0,,,
18021,Clay County,IN,3/19/2026 21:00,0.0,,,
18021,Clay County,IN,3/19/2026 22:00,0.0,,,
18021,Clay County,IN,3/19/2026 23:00,,,,
18031,Decatur County,IN,3/14/2026 0:00,0.0032859243604831338,0.0,0.0,0.007990831393689722
18031,Decatur County,IN,3/14/2026 1:00,0.002995970271458336,0.0,0.0,0.007711740095404266
18031,Decatur County,IN,3/14/2026 2:00,0.0029105695709929855,0.0,0.0,0.0046040739585917105
18031,Decatur County,IN,3/14/2026 3:00,0.002826859260966142,0.0,0.0,0.004084743079843213
18031,Decatur County,IN,3/14/2026 4:00,0.0028265851066699614,0.0,0.0,0.004117982413713264
18031,Decatur County,IN,3/14/2026 5:00,0.0031690473385580006,0.0,0.0,0.0038624242233351465
18031,Decatur County,IN,3/14/2026 6:00,0.0026025326715407833,0.0,0.0,0.004003473108132809
18031,Decatur County,IN,3/14/2026 7:00,0.0025080333675063897,0.0,0.0,0.0040405369333409505
18031,Decatur County,IN,3/14/2026 8:00,0.00261780373660763,0.0,0.0,0.0041474113319242365
18031,Decatur County,IN,3/14/2026 9:00,0.0018261137923525905,0.0,0.0,0.002867949284722639
18031,Decatur County,IN,3/14/2026 10:00,0.0020653889040884313,0.0,0.0,0.002545442396299991
18031,Decatur County,IN,3/14/2026 11:00,0.0020967063972469756,0.0,0.0026405803911453197,0.0025373282251386618
18031,Decatur County,IN,3/14/2026 12:00,0.0014685461641197606,0.0,0.004219062769578794,0.0016993162695855023
18031,Decatur County,IN,3/14/2026 13:00,0.0010937405944967196,0.0,0.006475553709555522,0.001631797525150433
18031,Decatur County,IN,3/14/2026 14:00,0.0,0.0,0.01206971009767337,0.001147843425194519
18031,Decatur County,IN,3/14/2026 15:00,0.0,0.0,0.011329678499959429,0.0010928447932455332
18031,Decatur County,IN,3/14/2026 16:00,0.0,0.0,0.011245288174866941,0.0
18031,Decatur County,IN,3/14/2026 17:00,0.0,0.0,0.009794893754616377,0.0
18031,Decatur County,IN,3/14/2026 18:00,0.0,0.0,0.008681137114072588,0.0
18031,Decatur County,IN,3/14/2026 19:00,0.0,0.0,0.006923817589496157,0.0
18031,Decatur County,IN,3/14/2026 20:00,0.0,0.0,0.005527440272578669,0.0
18031,Decatur County,IN,3/14/2026 21:00,0.0,0.0,0.005135584863544766,0.0
18031,Decatur County,IN,3/14/2026 22:00,0.0,0.0,0.004240718517687011,0.0
18031,Decatur County,IN,3/14/2026 23:00,0.0,0.0,0.0032904845387792796,0.0
18031,Decatur County,IN,3/15/2026 0:00,0.0,0.0,0.004870775202992656,0.0
18031,Decatur County,IN,3/15/2026 1:00,0.0,0.0,0.0048500343204870774,0.0
18031,Decatur County,IN,3/15/2026 2:00,0.0,0.0,0.003219645482812511,0.0
18031,Decatur County,IN,3/15/2026 3:00,0.0,0.0,0.0035302921939348985,0.0
18031,Decatur County,IN,3/15/2026 4:00,0.0,0.0,0.0035782335693637767,0.0
18031,Decatur County,IN,3/15/2026 5:00,0.0,0.003571348367768708,0.0034049632264534823,0.0
18031,Decatur County,IN,3/15/2026 6:00,0.0,0.006244222876079986,0.0040642858445252535,0.0
18031,Decatur County,IN,3/15/2026 7:00,0.0,0.00929487868734304,0.0038122445137161974,0.0
18031,Decatur County,IN,3/15/2026 8:00,0.0,0.008412479227130587,0.003285802101214032,0.0
18031,Decatur County,IN,3/15/2026 9:00,0.0,0.0074123313952552065,0.004103195757018273,0.0
18031,Decatur County,IN,3/15/2026 10:00,0.0,0.007674500770427914,0.002977788801473933,0.0
18031,Decatur County,IN,3/15/2026 11:00,0.00816148747545492,0.007750621860201573,0.0034912941429156874,0.0
18031,Decatur County,IN,3/15/2026 12:00,0.0099643067583235,0.005850687952008185,0.004580408350094482,0.0
18031,Decatur County,IN,3/15/2026 13:00,0.013546210892826675,0.005320668929676146,0.0023532232367063097,0.0
18031,Decatur County,IN,3/15/2026 14:00,0.01296928928149821,0.0035481867356145754,0.0,0.0
18031,Decatur County,IN,3/15/2026 15:00,0.012436074488837467,0.003282432796318166,0.0,0.0
18031,Decatur County,IN,3/15/2026 16:00,0.005783794560291311,0.0035590119714882735,0.0,0.0
18031,Decatur County,IN,3/15/2026 17:00,0.007633581044524091,0.004333317670170938,0.0,0.0
18031,Decatur County,IN,3/15/2026 18:00,0.009331084673086913,0.005675832858993087,0.0,0.0
18031,Decatur County,IN,3/15/2026 19:00,0.006235808604468956,0.005283456703035048,0.0,0.0
18031,Decatur County,IN,3/15/2026 20:00,0.0037077944472081667,0.006548151780428398,0.0,0.0
18031,Decatur County,IN,3/15/2026 21:00,0.005305339284256148,0.006690398279529973,0.0,0.0
18031,Decatur County,IN,3/15/2026 22:00,0.0036280122224071954,0.0030928089142013065,0.0,0.0
18031,Decatur County,IN,3/15/2026 23:00,0.004409214168233453,0.002570351719186371,0.0,0.0
18031,Decatur County,IN,3/16/2026 0:00,0.004302266905230757,0.00251653922661101,0.0,0.0
18031,Decatur County,IN,3/16/2026 1:00,0.004204074082134442,0.0015766198942213116,0.0,0.0
18031,Decatur County,IN,3/16/2026 2:00,0.003368088550209225,0.001963747681778032,0.0,0.0
18031,Decatur County,IN,3/16/2026 3:00,0.005784087199676093,0.0022556890061128216,0.0,0.0
18031,Decatur County,IN,3/16/2026 4:00,0.005325344592844446,0.0022064410302445924,0.0,0.0
18031,Decatur County,IN,3/16/2026 5:00,0.003962433045446622,0.001285419467840828,0.0,0.0
18031,Decatur County,IN,3/16/2026 6:00,0.0036826013748036124,0.0013121433208719414,0.0,0.0
18031,Decatur County,IN,3/16/2026 7:00,0.002895442766835011,0.0012291321829469488,0.0,0.0
18031,Decatur County,IN,3/16/2026 8:00,0.0026965299412442384,0.0012553174035972745,0.0,0.0
18031,Decatur County,IN,3/16/2026 9:00,0.0016827432966248852,0.001320084072768873,0.0,0.0
18031,Decatur County,IN,3/16/2026 10:00,0.0014898765004353535,0.0,0.0,0.0
18031,Decatur County,IN,3/16/2026 11:00,0.0027052060300954083,0.0011092435816818795,0.0,0.0
18031,Decatur County,IN,3/16/2026 12:00,0.0015344177636696002,0.0012251998863475094,0.0,0.0
18031,Decatur County,IN,3/16/2026 13:00,0.0020693196251198036,0.0016991265018365712,0.0,0.0
18031,Decatur County,IN,3/16/2026 14:00,0.0014026488295663568,0.001176312062581715,0.0,0.0
18031,Decatur County,IN,3/16/2026 15:00,0.0,0.001059624334019388,0.0,0.0
18031,Decatur County,IN,3/16/2026 16:00,0.0011241128118933768,0.0010777476113719212,0.0,0.0
18031,Decatur County,IN,3/16/2026 17:00,0.0011851550278361776,0.0013683666585125223,0.0,0.0
18031,Decatur County,IN,3/16/2026 18:00,0.0011457183869997964,0.0015089883338425941,0.0,0.0
18031,Decatur County,IN,3/16/2026 19:00,0.0012373585166934205,0.0012810114014477668,0.0,0.0
18031,Decatur County,IN,3/16/2026 20:00,0.0,0.0,0.0,0.0
18031,Decatur County,IN,3/16/2026 21:00,0.0,0.0,0.0,0.0
18031,Decatur County,IN,3/16/2026 22:00,0.0016787865185236756,0.0,0.0,0.0
18031,Decatur County,IN,3/16/2026 23:00,0.0014273060904367559,0.0,0.0,0.0
18031,Decatur County,IN,3/17/2026 0:00,0.0,0.0,0.0,0.0
18031,Decatur County,IN,3/17/2026 1:00,0.0,0.0013148328954046768,0.0,0.0
18031,Decatur County,IN,3/17/2026 2:00,0.0,0.0,0.0,0.0
18031,Decatur County,IN,3/17/2026 3:00,0.0,0.0,0.0,0.0
18031,Decatur County,IN,3/17/2026 4:00,0.0,0.0,0.0,0.0
18031,Decatur County,IN,3/17/2026 5:00,0.0,0.0,0.0,0.0
18031,Decatur County,IN,3/17/2026 6:00,0.0,0.0,0.0,0.0
18031,Decatur County,IN,3/17/2026 7:00,0.0,0.0,0.0,0.0
18031,Decatur County,IN,3/17/2026 8:00,0.0,0.0,0.0,0.0
18031,Decatur County,IN,3/17/2026 9:00,0.0,0.0,0.0,0.0
18031,Decatur County,IN,3/17/2026 10:00,0.0,0.0,0.0,0.0
18031,Decatur County,IN,3/17/2026 11:00,0.0,0.0,0.0,0.0
18031,Decatur County,IN,3/17/2026 12:00,0.0,0.0,0.0,0.0
18031,Decatur County,IN,3/17/2026 13:00,0.0,0.0,0.0,0.0
18031,Decatur County,IN,3/17/2026 14:00,0.0,0.0,0.0,0.0
18031,Decatur County,IN,3/17/2026 15:00,0.0,0.0,0.0,0.0
18031,Decatur County,IN,3/17/2026 16:00,0.0,0.0,0.0,0.0
18031,Decatur County,IN,3/17/2026 17:00,0.0,0.0,0.0,0.0
18031,Decatur County,IN,3/17/2026 18:00,0.0,0.0,0.0,0.0
18031,Decatur County,IN,3/17/2026 19:00,0.0,0.0,0.0,0.0
18031,Decatur County,IN,3/17/2026 20:00,0.0,0.0,0.0,0.0
18031,Decatur County,IN,3/17/2026 21:00,0.0,0.0,0.0,0.0
18031,Decatur County,IN,3/17/2026 22:00,0.0,0.0,0.0,0.0
18031,Decatur County,IN,3/17/2026 23:00,0.0,0.0,0.0,0.0
18031,Decatur County,IN,3/18/2026 0:00,0.0,0.0,0.0,
18031,Decatur County,IN,3/18/2026 1:00,0.0,0.0,0.0,
18031,Decatur County,IN,3/18/2026 2:00,0.0,0.0,0.0,
18031,Decatur County,IN,3/18/2026 3:00,0.0,0.0,0.0,
18031,Decatur County,IN,3/18/2026 4:00,0.0,0.0,0.0,
18031,Decatur County,IN,3/18/2026 5:00,0.0,0.0,0.0,
18031,Decatur County,IN,3/18/2026 6:00,0.0,0.0,0.0,
18031,Decatur County,IN,3/18/2026 7:00,0.0,0.0,0.0,
18031,Decatur County,IN,3/18/2026 8:00,0.0,0.0,0.0,
18031,Decatur County,IN,3/18/2026 9:00,0.0,0.0,0.0,
18031,Decatur County,IN,3/18/2026 10:00,0.0,0.0,0.0,
18031,Decatur County,IN,3/18/2026 11:00,0.0,0.0,0.0,
18031,Decatur County,IN,3/18/2026 12:00,0.0,0.0,0.0,
18031,Decatur County,IN,3/18/2026 13:00,0.0,0.0,0.0,
18031,Decatur County,IN,3/18/2026 14:00,0.0,0.0,0.0,
18031,Decatur County,IN,3/18/2026 15:00,0.0,0.0,0.0,
18031,Decatur County,IN,3/18/2026 16:00,0.0,0.0,0.0,
18031,Decatur County,IN,3/18/2026 17:00,0.0,0.0,0.0,
18031,Decatur County,IN,3/18/2026 18:00,0.0,0.0,0.0,
18031,Decatur County,IN,3/18/2026 19:00,0.0,0.0,0.0,
18031,Decatur County,IN,3/18/2026 20:00,0.0,0.0,0.0,
18031,Decatur County,IN,3/18/2026 21:00,0.0,0.0,0.0,
18031,Decatur County,IN,3/18/2026 22:00,0.0,0.0,0.0,
18031,Decatur County,IN,3/18/2026 23:00,0.0,0.0,0.0,
18031,Decatur County,IN,3/19/2026 0:00,0.0,0.0,,
18031,Decatur County,IN,3/19/2026 1:00,0.0,0.0,,
18031,Decatur County,IN,3/19/2026 2:00,0.0,0.0,,
18031,Decatur County,IN,3/19/2026 3:00,0.0,0.0,,
18031,Decatur County,IN,3/19/2026 4:00,0.0,0.0,,
18031,Decatur County,IN,3/19/2026 5:00,0.0,0.0,,
18031,Decatur County,IN,3/19/2026 6:00,0.0,0.0,,
18031,Decatur County,IN,3/19/2026 7:00,0.0,0.0,,
18031,Decatur County,IN,3/19/2026 8:00,0.0,0.0,,
18031,Decatur County,IN,3/19/2026 9:00,0.0,0.0,,
18031,Decatur County,IN,3/19/2026 10:00,0.0,0.0,,
18031,Decatur County,IN,3/19/2026 11:00,0.0,0.0,,
18031,Decatur County,IN,3/19/2026 12:00,0.0,0.0,,
18031,Decatur County,IN,3/19/2026 13:00,0.0,0.0,,
18031,Decatur County,IN,3/19/2026 14:00,0.0,0.0,,
18031,Decatur County,IN,3/19/2026 15:00,0.0,0.0,,
18031,Decatur County,IN,3/19/2026 16:00,0.0,0.0,,
18031,Decatur County,IN,3/19/2026 17:00,0.0,0.0,,
18031,Decatur County,IN,3/19/2026 18:00,0.0,,,
18031,Decatur County,IN,3/19/2026 19:00,0.0,,,
18031,Decatur County,IN,3/19/2026 20:00,0.0,,,
18031,Decatur County,IN,3/19/2026 21:00,0.0,,,
18031,Decatur County,IN,3/19/2026 22:00,0.0,,,
18031,Decatur County,IN,3/19/2026 23:00,,,,
18049,Fulton County,IN,3/14/2026 0:00,0.0013931504815021083,0.002257593802518774,0.0,0.004982262537429171
18049,Fulton County,IN,3/14/2026 1:00,0.0011229123356559674,0.0022766748850704403,0.0,0.008523881895773465
18049,Fulton County,IN,3/14/2026 2:00,0.0,0.001701984651793667,0.0,0.0063598650385058375
18049,Fulton County,IN,3/14/2026 3:00,0.0,0.0,0.0,0.0054237575239812754
18049,Fulton County,IN,3/14/2026 4:00,0.0,0.0,0.0,0.003989469925535056
18049,Fulton County,IN,3/14/2026 5:00,0.0,0.0,0.0,0.0021986469961200726
18049,Fulton County,IN,3/14/2026 6:00,0.0,0.0,0.0,0.003120565059927351
18049,Fulton County,IN,3/14/2026 7:00,0.0,0.0,0.0,0.0022985058343890892
18049,Fulton County,IN,3/14/2026 8:00,0.0,0.0,0.0,0.002885183972525289
18049,Fulton County,IN,3/14/2026 9:00,0.0,0.0,0.0,0.001021637607177937
18049,Fulton County,IN,3/14/2026 10:00,0.0,0.0,0.0,0.0
18049,Fulton County,IN,3/14/2026 11:00,0.0,0.0,0.0,0.0
18049,Fulton County,IN,3/14/2026 12:00,0.0,0.0,0.0,0.0
18049,Fulton County,IN,3/14/2026 13:00,0.0,0.0,0.0,0.0
18049,Fulton County,IN,3/14/2026 14:00,0.0,0.0,0.0012656808611867664,0.0
18049,Fulton County,IN,3/14/2026 15:00,0.0,0.0,0.0013705436839829897,0.0
18049,Fulton County,IN,3/14/2026 16:00,0.0,0.0,0.0016648083030518204,0.0
18049,Fulton County,IN,3/14/2026 17:00,0.0,0.0,0.0014978975987601144,0.0
18049,Fulton County,IN,3/14/2026 18:00,0.0,0.0,0.0,0.0
18049,Fulton County,IN,3/14/2026 19:00,0.0,0.0,0.0,0.0
18049,Fulton County,IN,3/14/2026 20:00,0.0,0.0,0.0,0.0
18049,Fulton County,IN,3/14/2026 21:00,0.0,0.0,0.0010277503317085185,0.0
18049,Fulton County,IN,3/14/2026 22:00,0.0,0.0,0.004317370141092936,0.0
18049,Fulton County,IN,3/14/2026 23:00,0.0,0.0,0.00653638935622891,0.0
18049,Fulton County,IN,3/15/2026 0:00,0.0,0.0,0.006353823178372472,0.0
18049,Fulton County,IN,3/15/2026 1:00,0.0,0.0,0.005504836017922665,0.0
18049,Fulton County,IN,3/15/2026 2:00,0.0,0.0,0.003210724972334188,0.0
18049,Fulton County,IN,3/15/2026 3:00,0.0,0.0,0.002966375682421878,0.0
18049,Fulton County,IN,3/15/2026 4:00,0.0,0.0,0.002563138950111066,0.0
18049,Fulton County,IN,3/15/2026 5:00,0.0,0.0,0.002010483564518691,0.0
18049,Fulton County,IN,3/15/2026 6:00,0.0,0.0010516623818290778,0.0,0.0
18049,Fulton County,IN,3/15/2026 7:00,0.0,0.0,0.0,0.0
18049,Fulton County,IN,3/15/2026 8:00,0.0,0.0,0.0,0.0
18049,Fulton County,IN,3/15/2026 9:00,0.0,0.0026330069577883567,0.0,0.0
18049,Fulton County,IN,3/15/2026 10:00,0.0,0.002257839027902524,0.0,0.0
18049,Fulton County,IN,3/15/2026 11:00,0.0012832659346540146,0.0018963958942212675,0.0,0.0
18049,Fulton County,IN,3/15/2026 12:00,0.0019865225630550133,0.001085272924581647,0.0,0.0
18049,Fulton County,IN,3/15/2026 13:00,0.002696357182139693,0.0,0.0,0.0
18049,Fulton County,IN,3/15/2026 14:00,0.002026038984759347,0.0013330906821919456,0.0,0.0
18049,Fulton County,IN,3/15/2026 15:00,0.005348868640673779,0.002887306030691156,0.0,0.0
18049,Fulton County,IN,3/15/2026 16:00,0.005449101722541907,0.009729757039351727,0.0,0.0
18049,Fulton County,IN,3/15/2026 17:00,0.005544644636477376,0.011325798451803275,0.0,0.0
18049,Fulton County,IN,3/15/2026 18:00,0.004208990811745233,0.01360551608710489,0.0,0.0
18049,Fulton County,IN,3/15/2026 19:00,0.004791593743383924,0.008833103316611052,0.0,0.0
18049,Fulton County,IN,3/15/2026 20:00,0.007737969420530491,0.008099875541546453,0.0,0.0
18049,Fulton County,IN,3/15/2026 21:00,0.007139416295932223,0.003978898457921194,0.0,0.0
18049,Fulton County,IN,3/15/2026 22:00,0.01238421657353379,0.003465876638935285,0.0,0.0
18049,Fulton County,IN,3/15/2026 23:00,0.011050053421328077,0.004530720417402018,0.0,0.0
18049,Fulton County,IN,3/16/2026 0:00,0.010532616997310153,0.004683494822235852,0.0,0.0
18049,Fulton County,IN,3/16/2026 1:00,0.009124493169161479,0.0015068934350848172,0.0,0.0
18049,Fulton County,IN,3/16/2026 2:00,0.009408754129562387,0.0016698992098598347,0.0,0.0
18049,Fulton County,IN,3/16/2026 3:00,0.007091657756372311,0.001329609026204058,0.0,0.0
18049,Fulton County,IN,3/16/2026 4:00,0.005731821445573816,0.0011426248038397522,0.0,0.0
18049,Fulton County,IN,3/16/2026 5:00,0.005876408797766683,0.0,0.0,0.0
18049,Fulton County,IN,3/16/2026 6:00,0.00361948077624418,0.0,0.0,0.0
18049,Fulton County,IN,3/16/2026 7:00,0.003464701268474701,0.0010276721475845005,0.0,0.0
18049,Fulton County,IN,3/16/2026 8:00,0.0028542386695792773,0.0,0.0,0.0
18049,Fulton County,IN,3/16/2026 9:00,0.002377020873564942,0.0,0.0,0.0
18049,Fulton County,IN,3/16/2026 10:00,0.0014331324941801264,0.0,0.0,0.0
18049,Fulton County,IN,3/16/2026 11:00,0.001262333850398787,0.0,0.0,0.0
18049,Fulton County,IN,3/16/2026 12:00,0.0,0.0,0.0,0.0
18049,Fulton County,IN,3/16/2026 13:00,0.0013942676096751028,0.0,0.0,0.0
18049,Fulton County,IN,3/16/2026 14:00,0.0,0.0,0.0,0.0
18049,Fulton County,IN,3/16/2026 15:00,0.0010074613514880315,0.0,0.0,0.0
18049,Fulton County,IN,3/16/2026 16:00,0.0,0.0,0.0,0.0
18049,Fulton County,IN,3/16/2026 17:00,0.0,0.0,0.0,0.0
18049,Fulton County,IN,3/16/2026 18:00,0.0010988342888528099,0.0,0.0,0.0
18049,Fulton County,IN,3/16/2026 19:00,0.0,0.0,0.0,0.0
18049,Fulton County,IN,3/16/2026 20:00,0.0,0.0,0.0,0.0
18049,Fulton County,IN,3/16/2026 21:00,0.001193767751431443,0.0,0.0,0.0
18049,Fulton County,IN,3/16/2026 22:00,0.0011250382998352062,0.0,0.0,0.0
18049,Fulton County,IN,3/16/2026 23:00,0.0,0.0,0.0,0.0
18049,Fulton County,IN,3/17/2026 0:00,0.0,0.0,0.0,0.0
18049,Fulton County,IN,3/17/2026 1:00,0.0,0.0,0.0,0.0
18049,Fulton County,IN,3/17/2026 2:00,0.0,0.0,0.0,0.0
18049,Fulton County,IN,3/17/2026 3:00,0.0,0.0,0.0,0.0
18049,Fulton County,IN,3/17/2026 4:00,0.0,0.0,0.0,0.0
18049,Fulton County,IN,3/17/2026 5:00,0.0,0.0,0.0,0.0
18049,Fulton County,IN,3/17/2026 6:00,0.0,0.0,0.0,0.0
18049,Fulton County,IN,3/17/2026 7:00,0.0,0.0,0.0,0.0
18049,Fulton County,IN,3/17/2026 8:00,0.0,0.0,0.0,0.0
18049,Fulton County,IN,3/17/2026 9:00,0.0,0.0,0.0,0.0
18049,Fulton County,IN,3/17/2026 10:00,0.0,0.0,0.0,0.0
18049,Fulton County,IN,3/17/2026 11:00,0.0,0.0,0.0,0.0
18049,Fulton County,IN,3/17/2026 12:00,0.0,0.0,0.0,0.0
18049,Fulton County,IN,3/17/2026 13:00,0.0,0.0,0.0,0.0
18049,Fulton County,IN,3/17/2026 14:00,0.0,0.0,0.0,0.0
18049,Fulton County,IN,3/17/2026 15:00,0.0,0.0,0.0,0.0
18049,Fulton County,IN,3/17/2026 16:00,0.0,0.0,0.0,0.0
18049,Fulton County,IN,3/17/2026 17:00,0.0,0.0,0.0,0.0
18049,Fulton County,IN,3/17/2026 18:00,0.0,0.0,0.0,0.0
18049,Fulton County,IN,3/17/2026 19:00,0.0,0.0,0.0,0.0
18049,Fulton County,IN,3/17/2026 20:00,0.0,0.0,0.0,0.0
18049,Fulton County,IN,3/17/2026 21:00,0.0,0.0,0.0,0.0
18049,Fulton County,IN,3/17/2026 22:00,0.0,0.0,0.0,0.0
18049,Fulton County,IN,3/17/2026 23:00,0.0,0.0,0.0,0.0
18049,Fulton County,IN,3/18/2026 0:00,0.0,0.0,0.0,
18049,Fulton County,IN,3/18/2026 1:00,0.0,0.0,0.0,
18049,Fulton County,IN,3/18/2026 2:00,0.0,0.0,0.0,
18049,Fulton County,IN,3/18/2026 3:00,0.0,0.0,0.0,
18049,Fulton County,IN,3/18/2026 4:00,0.0,0.0,0.0,
18049,Fulton County,IN,3/18/2026 5:00,0.0,0.0,0.0,
18049,Fulton County,IN,3/18/2026 6:00,0.0,0.0,0.0,
18049,Fulton County,IN,3/18/2026 7:00,0.0,0.0,0.0,
18049,Fulton County,IN,3/18/2026 8:00,0.0,0.0,0.0,
18049,Fulton County,IN,3/18/2026 9:00,0.0,0.0,0.0,
18049,Fulton County,IN,3/18/2026 10:00,0.0,0.0,0.0,
18049,Fulton County,IN,3/18/2026 11:00,0.0,0.0,0.0,
18049,Fulton County,IN,3/18/2026 12:00,0.0,0.0,0.0,
18049,Fulton County,IN,3/18/2026 13:00,0.0,0.0,0.0,
18049,Fulton County,IN,3/18/2026 14:00,0.0,0.0,0.0,
18049,Fulton County,IN,3/18/2026 15:00,0.0,0.0,0.0,
18049,Fulton County,IN,3/18/2026 16:00,0.0,0.0,0.0,
18049,Fulton County,IN,3/18/2026 17:00,0.0,0.0,0.0,
18049,Fulton County,IN,3/18/2026 18:00,0.0,0.0,0.0,
18049,Fulton County,IN,3/18/2026 19:00,0.0,0.0,0.0,
18049,Fulton County,IN,3/18/2026 20:00,0.0,0.0,0.0,
18049,Fulton County,IN,3/18/2026 21:00,0.0,0.0,0.0,
18049,Fulton County,IN,3/18/2026 22:00,0.0,0.0,0.0,
18049,Fulton County,IN,3/18/2026 23:00,0.0,0.0,0.0,
18049,Fulton County,IN,3/19/2026 0:00,0.0,0.0,,
18049,Fulton County,IN,3/19/2026 1:00,0.0,0.0,,
18049,Fulton County,IN,3/19/2026 2:00,0.0,0.0,,
18049,Fulton County,IN,3/19/2026 3:00,0.0,0.0,,
18049,Fulton County,IN,3/19/2026 4:00,0.0,0.0,,
18049,Fulton County,IN,3/19/2026 5:00,0.0,0.0,,
18049,Fulton County,IN,3/19/2026 6:00,0.0,0.0,,
18049,Fulton County,IN,3/19/2026 7:00,0.0,0.0,,
18049,Fulton County,IN,3/19/2026 8:00,0.0,0.0,,
18049,Fulton County,IN,3/19/2026 9:00,0.0,0.0,,
18049,Fulton County,IN,3/19/2026 10:00,0.0,0.0,,
18049,Fulton County,IN,3/19/2026 11:00,0.0,0.0,,
18049,Fulton County,IN,3/19/2026 12:00,0.0,0.0,,
18049,Fulton County,IN,3/19/2026 13:00,0.0,0.0,,
18049,Fulton County,IN,3/19/2026 14:00,0.0,0.0,,
18049,Fulton County,IN,3/19/2026 15:00,0.0,0.0,,
18049,Fulton County,IN,3/19/2026 16:00,0.0,0.0,,
18049,Fulton County,IN,3/19/2026 17:00,0.0,0.0,,
18049,Fulton County,IN,3/19/2026 18:00,0.0,,,
18049,Fulton County,IN,3/19/2026 19:00,0.0,,,
18049,Fulton County,IN,3/19/2026 20:00,0.0,,,
18049,Fulton County,IN,3/19/2026 21:00,0.0,,,
18049,Fulton County,IN,3/19/2026 22:00,0.0,,,
18049,Fulton County,IN,3/19/2026 23:00,,,,
18053,Grant County,IN,3/14/2026 0:00,0.008246744220053228,0.005897975263306168,0.0023508349764575173,0.00881539155017569
18053,Grant County,IN,3/14/2026 1:00,0.007693340469400962,0.004178885573060733,0.0023716264062128393,0.00923033584495997
18053,Grant County,IN,3/14/2026 2:00,0.007161475707123457,0.004149896923148964,0.0023371819130854933,0.00982561099573685
18053,Grant County,IN,3/14/2026 3:00,0.007489758316210077,0.004059245754180333,0.0019099684030836994,0.00892607809276026
18053,Grant County,IN,3/14/2026 4:00,0.00752676803127308,0.004033662547502712,0.0017546995825170452,0.008848924020502311
18053,Grant County,IN,3/14/2026 5:00,0.0076737508835059256,0.0038439660573625733,0.0017648765998571415,0.008705288205020598
18053,Grant County,IN,3/14/2026 6:00,0.007406627683576902,0.0037092984166879964,0.0017988549853932036,0.00825560814863009
18053,Grant County,IN,3/14/2026 7:00,0.007522598967934286,0.004091778933489567,0.0038311793208856367,0.008294426359834047
18053,Grant County,IN,3/14/2026 8:00,0.007263892423139326,0.002877132720560141,0.004690010013268311,0.00967405978978581
18053,Grant County,IN,3/14/2026 9:00,0.005408050266951747,0.002562786445491432,0.0040710469779047034,0.0071935039226072245
18053,Grant County,IN,3/14/2026 10:00,0.0061612481362268556,0.002245545574655022,0.003975639872926038,0.004816604487379221
18053,Grant County,IN,3/14/2026 11:00,0.005429410704659409,0.0023885336317894627,0.004862919762746804,0.004565394924396353
18053,Grant County,IN,3/14/2026 12:00,0.004863169144946972,0.0018285663269430766,0.003141130206379531,0.0034259994724241865
18053,Grant County,IN,3/14/2026 13:00,0.003823808415079373,0.0019551790684602575,0.00474084853513522,0.001802002447011552
18053,Grant County,IN,3/14/2026 14:00,0.003020793706290973,0.0012888471142261885,0.008111151709329956,0.0016302593913700254
18053,Grant County,IN,3/14/2026 15:00,0.0015610274519490231,0.001012034841400187,0.006898885323042569,0.001550175463550046
18053,Grant County,IN,3/14/2026 16:00,0.0015492783536384378,0.0,0.008160123309023316,0.0
18053,Grant County,IN,3/14/2026 17:00,0.0,0.0,0.008332777095594712,0.0
18053,Grant County,IN,3/14/2026 18:00,0.0,0.0,0.007849099868125573,0.0
18053,Grant County,IN,3/14/2026 19:00,0.0,0.0,0.00695759030682792,0.001163426949245911
18053,Grant County,IN,3/14/2026 20:00,0.0,0.0,0.008565711070359616,0.0011531682858638669
18053,Grant County,IN,3/14/2026 21:00,0.0,0.0,0.007632862186820118,0.001163426949245911
18053,Grant County,IN,3/14/2026 22:00,0.0,0.0,0.0075165548209501646,0.0011964531852137587
18053,Grant County,IN,3/14/2026 23:00,0.0,0.001174477693892235,0.008960997766213414,0.0
18053,Grant County,IN,3/15/2026 0:00,0.0,0.001216795511413836,0.010528298540264257,0.0
18053,Grant County,IN,3/15/2026 1:00,0.0,0.001681771649325498,0.010814669195045494,0.0
18053,Grant County,IN,3/15/2026 2:00,0.0,0.0013250911042374505,0.009401275124546242,0.0
18053,Grant County,IN,3/15/2026 3:00,0.0,0.0014744706094232658,0.008400800352848915,0.0
18053,Grant County,IN,3/15/2026 4:00,0.0,0.0018779344701558974,0.00680584608113808,0.001095045796321627
18053,Grant County,IN,3/15/2026 5:00,0.0,0.0034760527254932235,0.005138233645933406,0.001113977294494184
18053,Grant County,IN,3/15/2026 6:00,0.0015703041479006048,0.005684104413967191,0.0052066466379875566,0.0010557667311400403
18053,Grant County,IN,3/15/2026 7:00,0.0015327397839887812,0.0071538884569204144,0.005588496095246291,0.0010559009872367852
18053,Grant County,IN,3/15/2026 8:00,0.0015353280041373188,0.008234559211260949,0.0050055313264802176,0.001057373750710973
18053,Grant County,IN,3/15/2026 9:00,0.0016637210319066145,0.008218455410482186,0.004373353925632484,0.0011012386085392087
18053,Grant County,IN,3/15/2026 10:00,0.002983759186047356,0.007804150402086689,0.003587933187241599,0.0
18053,Grant County,IN,3/15/2026 11:00,0.0052148930229257645,0.010727899980038034,0.00283276710801017,0.0
18053,Grant County,IN,3/15/2026 12:00,0.005264378557208783,0.008339282345307274,0.0024034168316358056,0.0
18053,Grant County,IN,3/15/2026 13:00,0.005771906057352883,0.007383150586317694,0.002006450121205092,0.0
18053,Grant County,IN,3/15/2026 14:00,0.005170712087215068,0.00565246993705101,0.001464283018522221,0.0
18053,Grant County,IN,3/15/2026 15:00,0.004863992778576209,0.005160610217241546,0.0,0.0
18053,Grant County,IN,3/15/2026 16:00,0.0055280993221001095,0.005361891666797411,0.0,0.0
18053,Grant County,IN,3/15/2026 17:00,0.006653640539726201,0.005218293613602216,0.0,0.0
18053,Grant County,IN,3/15/2026 18:00,0.00505324516568359,0.006776830893732876,0.0,0.0
18053,Grant County,IN,3/15/2026 19:00,0.004461176509946849,0.006602821230164139,0.0,0.0
18053,Grant County,IN,3/15/2026 20:00,0.0028844931757632817,0.005270473396314381,0.0,0.0
18053,Grant County,IN,3/15/2026 21:00,0.0027297223679045644,0.004572373556810285,0.0,0.0
18053,Grant County,IN,3/15/2026 22:00,0.004012665311009771,0.004761907796501108,0.0,0.0
18053,Grant County,IN,3/15/2026 23:00,0.006782865232409991,0.005034065901285447,0.0,0.0
18053,Grant County,IN,3/16/2026 0:00,0.006402537619851051,0.0072697782245985144,0.0,0.0
18053,Grant County,IN,3/16/2026 1:00,0.010043550914059516,0.0063126397631315615,0.0013761279773821218,0.0
18053,Grant County,IN,3/16/2026 2:00,0.006975928668232479,0.004705504505182383,0.00134819310829735,0.0
18053,Grant County,IN,3/16/2026 3:00,0.006160788338399478,0.0027090609280161658,0.0,0.0
18053,Grant County,IN,3/16/2026 4:00,0.0035979789581923605,0.0026182160793842228,0.0,0.0
18053,Grant County,IN,3/16/2026 5:00,0.0037766717679787514,0.0021698034160276976,0.0,0.0
18053,Grant County,IN,3/16/2026 6:00,0.0031947471088865542,0.0015120620704498476,0.0,0.0
18053,Grant County,IN,3/16/2026 7:00,0.003570742284965385,0.0014574953203913836,0.0,0.0
18053,Grant County,IN,3/16/2026 8:00,0.002409675623097548,0.001421329557247227,0.0,0.0
18053,Grant County,IN,3/16/2026 9:00,0.0017815549357298815,0.0012949630776960892,0.0,0.0
18053,Grant County,IN,3/16/2026 10:00,0.0012904160325546185,0.0012533336961107146,0.0,0.0
18053,Grant County,IN,3/16/2026 11:00,0.0019145134193585844,0.0015544138681835456,0.0,0.0
18053,Grant County,IN,3/16/2026 12:00,0.0017481863871711316,0.0014756621906450592,0.0,0.0
18053,Grant County,IN,3/16/2026 13:00,0.0018987864404019176,0.001151113120816059,0.0,0.0
18053,Grant County,IN,3/16/2026 14:00,0.002011876985952621,0.0012098196114126408,0.0,0.0
18053,Grant County,IN,3/16/2026 15:00,0.001856680245447646,0.0,0.0,0.0
18053,Grant County,IN,3/16/2026 16:00,0.002283511072486693,0.0012167586983187033,0.0,0.0
18053,Grant County,IN,3/16/2026 17:00,0.0019890185513661346,0.0011984751432890226,0.0,0.0
18053,Grant County,IN,3/16/2026 18:00,0.002013994752323974,0.0,0.0,0.0
18053,Grant County,IN,3/16/2026 19:00,0.0024551816651674574,0.0,0.0,0.0
18053,Grant County,IN,3/16/2026 20:00,0.002487342931979471,0.0,0.0,0.0
18053,Grant County,IN,3/16/2026 21:00,0.002451858353218327,0.0,0.0,0.0
18053,Grant County,IN,3/16/2026 22:00,0.0016638327921980783,0.0,0.0,0.0
18053,Grant County,IN,3/16/2026 23:00,0.0020685643153132583,0.0,0.0,0.0
18053,Grant County,IN,3/17/2026 0:00,0.0021953374222269673,0.0,0.0,0.0
18053,Grant County,IN,3/17/2026 1:00,0.002512311287321973,0.0,0.0,0.0
18053,Grant County,IN,3/17/2026 2:00,0.0016341267781649685,0.0,0.0,0.0
18053,Grant County,IN,3/17/2026 3:00,0.001813927973066814,0.0,0.0,0.0
18053,Grant County,IN,3/17/2026 4:00,0.0017774824330646691,0.0,0.0,0.0
18053,Grant County,IN,3/17/2026 5:00,0.0017918830278350515,0.0,0.0,0.0
18053,Grant County,IN,3/17/2026 6:00,0.0014429561637476934,0.0,0.0,0.0
18053,Grant County,IN,3/17/2026 7:00,0.0016732397198692985,0.0,0.0,0.0
18053,Grant County,IN,3/17/2026 8:00,0.0015661531497607414,0.0,0.0,0.0
18053,Grant County,IN,3/17/2026 9:00,0.0012184301559635478,0.0,0.0,0.0
18053,Grant County,IN,3/17/2026 10:00,0.001220974878965151,0.0,0.0,0.0
18053,Grant County,IN,3/17/2026 11:00,0.0011975875565680516,0.0,0.0,0.0
18053,Grant County,IN,3/17/2026 12:00,0.0013338566140238927,0.0,0.0,0.0
18053,Grant County,IN,3/17/2026 13:00,0.0011949284497979806,0.0,0.0,0.0
18053,Grant County,IN,3/17/2026 14:00,0.0012672010539915637,0.0,0.0,0.0
18053,Grant County,IN,3/17/2026 15:00,0.0012724823612436597,0.0,0.0,0.0
18053,Grant County,IN,3/17/2026 16:00,0.0010828393477043357,0.0,0.0,0.0
18053,Grant County,IN,3/17/2026 17:00,0.0,0.0,0.0,0.0
18053,Grant County,IN,3/17/2026 18:00,0.0,0.0,0.0,0.0
18053,Grant County,IN,3/17/2026 19:00,0.0,0.0,0.0,0.0
18053,Grant County,IN,3/17/2026 20:00,0.0011281322615040647,0.0,0.0,0.0
18053,Grant County,IN,3/17/2026 21:00,0.0011476976199686086,0.0,0.0,0.0
18053,Grant County,IN,3/17/2026 22:00,0.0011188183137915465,0.0,0.0,0.0
18053,Grant County,IN,3/17/2026 23:00,0.0012108988717970922,0.0,0.0,0.0
18053,Grant County,IN,3/18/2026 0:00,0.0012671993268796335,0.0,0.0,
18053,Grant County,IN,3/18/2026 1:00,0.0012671993268796335,0.0,0.0,
18053,Grant County,IN,3/18/2026 2:00,0.001256350794947606,0.0,0.0,
18053,Grant County,IN,3/18/2026 3:00,0.0012403005526565437,0.0,0.0,
18053,Grant County,IN,3/18/2026 4:00,0.0013106853086875905,0.0,0.0,
18053,Grant County,IN,3/18/2026 5:00,0.0013249929332178275,0.0,0.0,
18053,Grant County,IN,3/18/2026 6:00,0.0010921939309764218,0.0,0.0,
18053,Grant County,IN,3/18/2026 7:00,0.0016318571896567944,0.0,0.0,
18053,Grant County,IN,3/18/2026 8:00,0.0010576374931940316,0.0,0.0,
18053,Grant County,IN,3/18/2026 9:00,0.0,0.0,0.0,
18053,Grant County,IN,3/18/2026 10:00,0.0,0.0,0.0,
18053,Grant County,IN,3/18/2026 11:00,0.0012507249407501904,0.0,0.0,
18053,Grant County,IN,3/18/2026 12:00,0.001038062080204883,0.0,0.0,
18053,Grant County,IN,3/18/2026 13:00,0.0010490271306186163,0.0,0.0,
18053,Grant County,IN,3/18/2026 14:00,0.0,0.0,0.0,
18053,Grant County,IN,3/18/2026 15:00,0.0,0.0,0.0,
18053,Grant County,IN,3/18/2026 16:00,0.0,0.0,0.0,
18053,Grant County,IN,3/18/2026 17:00,0.0,0.0,0.0,
18053,Grant County,IN,3/18/2026 18:00,0.0,0.0,0.0,
18053,Grant County,IN,3/18/2026 19:00,0.0,0.0,0.0,
18053,Grant County,IN,3/18/2026 20:00,0.0,0.0,0.0,
18053,Grant County,IN,3/18/2026 21:00,0.0,0.0,0.0,
18053,Grant County,IN,3/18/2026 22:00,0.0,0.0,0.0,
18053,Grant County,IN,3/18/2026 23:00,0.0,0.0,0.0,
18053,Grant County,IN,3/19/2026 0:00,0.0,0.0,,
18053,Grant County,IN,3/19/2026 1:00,0.0,0.0,,
18053,Grant County,IN,3/19/2026 2:00,0.0,0.0,,
18053,Grant County,IN,3/19/2026 3:00,0.0,0.0,,
18053,Grant County,IN,3/19/2026 4:00,0.0,0.0,,
18053,Grant County,IN,3/19/2026 5:00,0.0,0.0,,
18053,Grant County,IN,3/19/2026 6:00,0.0,0.0,,
18053,Grant County,IN,3/19/2026 7:00,0.0,0.0,,
18053,Grant County,IN,3/19/2026 8:00,0.0,0.0,,
18053,Grant County,IN,3/19/2026 9:00,0.0,0.0,,
18053,Grant County,IN,3/19/2026 10:00,0.0,0.0,,
18053,Grant County,IN,3/19/2026 11:00,0.0,0.0,,
18053,Grant County,IN,3/19/2026 12:00,0.0,0.0,,
18053,Grant County,IN,3/19/2026 13:00,0.0,0.0,,
18053,Grant County,IN,3/19/2026 14:00,0.0,0.0,,
18053,Grant County,IN,3/19/2026 15:00,0.0,0.0,,
18053,Grant County,IN,3/19/2026 16:00,0.0,0.0,,
18053,Grant County,IN,3/19/2026 17:00,0.0,0.0,,
18053,Grant County,IN,3/19/2026 18:00,0.0,,,
18053,Grant County,IN,3/19/2026 19:00,0.0,,,
18053,Grant County,IN,3/19/2026 20:00,0.0,,,
18053,Grant County,IN,3/19/2026 21:00,0.0,,,
18053,Grant County,IN,3/19/2026 22:00,0.0,,,
18053,Grant County,IN,3/19/2026 23:00,,,,
18055,Greene County,IN,3/14/2026 0:00,0.0,0.0,0.0,0.006572376472361626
18055,Greene County,IN,3/14/2026 1:00,0.0,0.0,0.0,0.005852891820619728
18055,Greene County,IN,3/14/2026 2:00,0.0,0.0,0.0,0.004091178448709085
18055,Greene County,IN,3/14/2026 3:00,0.0,0.0,0.0,0.0029267039839723646
18055,Greene County,IN,3/14/2026 4:00,0.0,0.0,0.0,0.0021931148954237104
18055,Greene County,IN,3/14/2026 5:00,0.0,0.0,0.0,0.002135927181885314
18055,Greene County,IN,3/14/2026 6:00,0.0,0.0,0.0,0.002401346135173239
18055,Greene County,IN,3/14/2026 7:00,0.0,0.0,0.0,0.0022066429231603407
18055,Greene County,IN,3/14/2026 8:00,0.0,0.0,0.0,0.0014354612073104538
18055,Greene County,IN,3/14/2026 9:00,0.0,0.0,0.0,0.0014323863925224274
18055,Greene County,IN,3/14/2026 10:00,0.0,0.0,0.0,0.0
18055,Greene County,IN,3/14/2026 11:00,0.0,0.0,0.0018281642617557065,0.0
18055,Greene County,IN,3/14/2026 12:00,0.0,0.0,0.0039512949096790284,0.0
18055,Greene County,IN,3/14/2026 13:00,0.0,0.0,0.00716170683851541,0.0
18055,Greene County,IN,3/14/2026 14:00,0.0,0.0,0.007054172748813146,0.0
18055,Greene County,IN,3/14/2026 15:00,0.0,0.0,0.007278450954628831,0.0
18055,Greene County,IN,3/14/2026 16:00,0.0,0.0,0.0027510262306819078,0.0
18055,Greene County,IN,3/14/2026 17:00,0.0,0.0,0.0021970273996869015,0.0
18055,Greene County,IN,3/14/2026 18:00,0.0,0.0,0.0013642675717297575,0.0
18055,Greene County,IN,3/14/2026 19:00,0.0,0.0,0.0014113859057229303,0.0
18055,Greene County,IN,3/14/2026 20:00,0.0,0.0,0.0,0.0
18055,Greene County,IN,3/14/2026 21:00,0.0,0.0,0.0,0.0
18055,Greene County,IN,3/14/2026 22:00,0.0,0.0,0.005335873214717404,0.0
18055,Greene County,IN,3/14/2026 23:00,0.0,0.0,0.007210630911062751,0.0
18055,Greene County,IN,3/15/2026 0:00,0.0,0.0,0.006193269123850556,0.0
18055,Greene County,IN,3/15/2026 1:00,0.0,0.0,0.006726362440003643,0.0
18055,Greene County,IN,3/15/2026 2:00,0.0,0.0,0.006541767934026504,0.0
18055,Greene County,IN,3/15/2026 3:00,0.0,0.0,0.005137388649859169,0.0
18055,Greene County,IN,3/15/2026 4:00,0.0,0.0015008004641205814,0.0035345850094706285,0.0
18055,Greene County,IN,3/15/2026 5:00,0.0,0.0028172451901057184,0.002841155430083504,0.0010054682161882496
18055,Greene County,IN,3/15/2026 6:00,0.0,0.008133912877038775,0.001604674307442868,0.0
18055,Greene County,IN,3/15/2026 7:00,0.0,0.01087235934226007,0.0017807507850901374,0.0
18055,Greene County,IN,3/15/2026 8:00,0.0,0.01147688824674025,0.0016090790363021354,0.0
18055,Greene County,IN,3/15/2026 9:00,0.0,0.010767885558699862,0.0017093753831722593,0.0
18055,Greene County,IN,3/15/2026 10:00,0.005137682954786113,0.010132248279407835,0.0011477767469223992,0.0
18055,Greene County,IN,3/15/2026 11:00,0.008685183104275811,0.008948982466832279,0.0014210803135112362,0.0
18055,Greene County,IN,3/15/2026 12:00,0.01212999033896017,0.00795975603050441,0.0012017061612615075,0.0
18055,Greene County,IN,3/15/2026 13:00,0.013447571895022735,0.005775908111938581,0.0011398171845715046,0.0
18055,Greene County,IN,3/15/2026 14:00,0.016994859305476284,0.004316376462769567,0.0012936740471129258,0.0
18055,Greene County,IN,3/15/2026 15:00,0.007143798106118464,0.0015325276587661695,0.0011605009084621057,0.0
18055,Greene County,IN,3/15/2026 16:00,0.007209163180868735,0.0069332285146914505,0.0,0.0
18055,Greene County,IN,3/15/2026 17:00,0.006272857467221862,0.009654399009833963,0.0010009967763401338,0.0
18055,Greene County,IN,3/15/2026 18:00,0.004497798689246975,0.009299147133251064,0.0011375158978753764,0.0
18055,Greene County,IN,3/15/2026 19:00,0.00409794352264576,0.00977677394884374,0.001741383986353488,0.0
18055,Greene County,IN,3/15/2026 20:00,0.006202808776895886,0.00784406689011263,0.0017254207498083771,0.0
18055,Greene County,IN,3/15/2026 21:00,0.00720801371056129,0.004759430612723713,0.0019308344459781786,0.0
18055,Greene County,IN,3/15/2026 22:00,0.014050544812602624,0.005614090095681329,0.0024703391990651457,0.0
18055,Greene County,IN,3/15/2026 23:00,0.014422594121811605,0.0026028669626451343,0.0018687448744557514,0.0
18055,Greene County,IN,3/16/2026 0:00,0.006225370419340591,0.0025392325353951043,0.0,0.0
18055,Greene County,IN,3/16/2026 1:00,0.0042976093900208645,0.0021228130463492455,0.0,0.0
18055,Greene County,IN,3/16/2026 2:00,0.003346478213547404,0.0015938570440938392,0.0,0.0
18055,Greene County,IN,3/16/2026 3:00,0.0039846973355009575,0.0021290596594277207,0.0,0.0
18055,Greene County,IN,3/16/2026 4:00,0.005265254491549837,0.0011502453112744043,0.0,0.0
18055,Greene County,IN,3/16/2026 5:00,0.0028321921611062883,0.0,0.0,0.0
18055,Greene County,IN,3/16/2026 6:00,0.0014859945510032441,0.0010179339840709761,0.0,0.0
18055,Greene County,IN,3/16/2026 7:00,0.0,0.0012349735182863994,0.0,0.0
18055,Greene County,IN,3/16/2026 8:00,0.00361572821273813,0.0,0.0,0.0
18055,Greene County,IN,3/16/2026 9:00,0.0026242512644203495,0.0,0.0,0.0
18055,Greene County,IN,3/16/2026 10:00,0.001992524437428854,0.001106048659477487,0.0,0.0
18055,Greene County,IN,3/16/2026 11:00,0.0012876934307320368,0.0010022157102445002,0.0,0.0
18055,Greene County,IN,3/16/2026 12:00,0.0011036729219095313,0.0011468120833268288,0.0,0.0
18055,Greene County,IN,3/16/2026 13:00,0.0,0.0,0.0,0.0
18055,Greene County,IN,3/16/2026 14:00,0.0,0.0,0.0,0.0
18055,Greene County,IN,3/16/2026 15:00,0.0010741385927773293,0.0010179048459152032,0.0,0.0
18055,Greene County,IN,3/16/2026 16:00,0.001004656801929803,0.0010029977672502373,0.0,0.0
18055,Greene County,IN,3/16/2026 17:00,0.0010752908904691815,0.0,0.0,0.0
18055,Greene County,IN,3/16/2026 18:00,0.00113075181633912,0.0,0.0,0.0
18055,Greene County,IN,3/16/2026 19:00,0.0011996833815502942,0.0,0.0,0.0
18055,Greene County,IN,3/16/2026 20:00,0.0,0.0,0.0,0.0
18055,Greene County,IN,3/16/2026 21:00,0.0,0.0,0.0,0.0
18055,Greene County,IN,3/16/2026 22:00,0.0,0.0,0.0,0.0
18055,Greene County,IN,3/16/2026 23:00,0.0,0.0,0.0,0.0
18055,Greene County,IN,3/17/2026 0:00,0.0,0.0,0.0,0.0
18055,Greene County,IN,3/17/2026 1:00,0.0,0.0,0.0,0.0
18055,Greene County,IN,3/17/2026 2:00,0.0,0.0,0.0,0.0
18055,Greene County,IN,3/17/2026 3:00,0.0,0.0,0.0,0.0
18055,Greene County,IN,3/17/2026 4:00,0.0,0.0,0.0,0.0
18055,Greene County,IN,3/17/2026 5:00,0.0,0.0,0.0,0.0
18055,Greene County,IN,3/17/2026 6:00,0.0,0.0,0.0,0.0
18055,Greene County,IN,3/17/2026 7:00,0.0,0.0,0.0,0.0
18055,Greene County,IN,3/17/2026 8:00,0.0,0.0,0.0,0.0
18055,Greene County,IN,3/17/2026 9:00,0.0,0.0,0.0,0.0
18055,Greene County,IN,3/17/2026 10:00,0.0,0.0,0.0,0.0
18055,Greene County,IN,3/17/2026 11:00,0.0,0.0,0.0,0.0
18055,Greene County,IN,3/17/2026 12:00,0.0,0.0,0.0,0.0
18055,Greene County,IN,3/17/2026 13:00,0.0011281886735959043,0.0,0.0,0.0
18055,Greene County,IN,3/17/2026 14:00,0.0,0.0,0.0,0.0
18055,Greene County,IN,3/17/2026 15:00,0.0,0.0,0.0,0.0
18055,Greene County,IN,3/17/2026 16:00,0.0,0.0,0.0,0.0
18055,Greene County,IN,3/17/2026 17:00,0.0,0.0,0.0,0.0
18055,Greene County,IN,3/17/2026 18:00,0.0,0.0,0.0,0.0
18055,Greene County,IN,3/17/2026 19:00,0.0,0.0,0.0,0.0
18055,Greene County,IN,3/17/2026 20:00,0.0,0.0,0.0,0.0
18055,Greene County,IN,3/17/2026 21:00,0.0,0.0,0.0,0.0
18055,Greene County,IN,3/17/2026 22:00,0.0,0.0,0.0,0.0
18055,Greene County,IN,3/17/2026 23:00,0.0,0.0,0.0,0.0
18055,Greene County,IN,3/18/2026 0:00,0.0,0.0,0.0,
18055,Greene County,IN,3/18/2026 1:00,0.0,0.0,0.0,
18055,Greene County,IN,3/18/2026 2:00,0.0,0.0,0.0,
18055,Greene County,IN,3/18/2026 3:00,0.0,0.0,0.0,
18055,Greene County,IN,3/18/2026 4:00,0.0,0.0,0.0012763471780212793,
18055,Greene County,IN,3/18/2026 5:00,0.0,0.0,0.0,
18055,Greene County,IN,3/18/2026 6:00,0.0,0.0,0.0,
18055,Greene County,IN,3/18/2026 7:00,0.0,0.0,0.0,
18055,Greene County,IN,3/18/2026 8:00,0.0,0.0,0.0,
18055,Greene County,IN,3/18/2026 9:00,0.0,0.0,0.0,
18055,Greene County,IN,3/18/2026 10:00,0.0,0.0016223690507458218,0.0,
18055,Greene County,IN,3/18/2026 11:00,0.0,0.0,0.0,
18055,Greene County,IN,3/18/2026 12:00,0.0,0.0,0.0,
18055,Greene County,IN,3/18/2026 13:00,0.0,0.0016143525178205843,0.0,
18055,Greene County,IN,3/18/2026 14:00,0.0,0.0,0.0,
18055,Greene County,IN,3/18/2026 15:00,0.0,0.0,0.0,
18055,Greene County,IN,3/18/2026 16:00,0.0,0.0,0.0,
18055,Greene County,IN,3/18/2026 17:00,0.0,0.0,0.0,
18055,Greene County,IN,3/18/2026 18:00,0.0,0.0,0.0,
18055,Greene County,IN,3/18/2026 19:00,0.0,0.0,0.0,
18055,Greene County,IN,3/18/2026 20:00,0.0,0.0,0.0,
18055,Greene County,IN,3/18/2026 21:00,0.0,0.0,0.0,
18055,Greene County,IN,3/18/2026 22:00,0.0,0.0,0.0,
18055,Greene County,IN,3/18/2026 23:00,0.0,0.0,0.0,
18055,Greene County,IN,3/19/2026 0:00,0.0,0.0,,
18055,Greene County,IN,3/19/2026 1:00,0.0,0.0,,
18055,Greene County,IN,3/19/2026 2:00,0.0,0.0,,
18055,Greene County,IN,3/19/2026 3:00,0.0,0.0,,
18055,Greene County,IN,3/19/2026 4:00,0.0,0.0,,
18055,Greene County,IN,3/19/2026 5:00,0.0,0.0,,
18055,Greene County,IN,3/19/2026 6:00,0.0,0.0,,
18055,Greene County,IN,3/19/2026 7:00,0.0,0.0,,
18055,Greene County,IN,3/19/2026 8:00,0.0,0.0,,
18055,Greene County,IN,3/19/2026 9:00,0.0,0.0,,
18055,Greene County,IN,3/19/2026 10:00,0.0,0.0,,
18055,Greene County,IN,3/19/2026 11:00,0.0,0.0,,
18055,Greene County,IN,3/19/2026 12:00,0.0,0.0,,
18055,Greene County,IN,3/19/2026 13:00,0.0,0.0,,
18055,Greene County,IN,3/19/2026 14:00,0.0,0.0,,
18055,Greene County,IN,3/19/2026 15:00,0.0,0.0,,
18055,Greene County,IN,3/19/2026 16:00,0.0,0.0,,
18055,Greene County,IN,3/19/2026 17:00,0.0,0.0,,
18055,Greene County,IN,3/19/2026 18:00,0.0,,,
18055,Greene County,IN,3/19/2026 19:00,0.0,,,
18055,Greene County,IN,3/19/2026 20:00,0.0,,,
18055,Greene County,IN,3/19/2026 21:00,0.0,,,
18055,Greene County,IN,3/19/2026 22:00,0.0,,,
18055,Greene County,IN,3/19/2026 23:00,,,,
18057,Hamilton County,IN,3/14/2026 0:00,0.0,0.0011347912193629404,0.0,0.005788626423649603
18057,Hamilton County,IN,3/14/2026 1:00,0.0,0.0017515920086875127,0.0,0.004248163174398528
18057,Hamilton County,IN,3/14/2026 2:00,0.0,0.0014671925380600923,0.0,0.0036892559754711806
18057,Hamilton County,IN,3/14/2026 3:00,0.0,0.0020001365576515356,0.0,0.0030686611296289047
18057,Hamilton County,IN,3/14/2026 4:00,0.0,0.0019839167380623006,0.0,0.004422042786055616
18057,Hamilton County,IN,3/14/2026 5:00,0.0,0.001780362645497992,0.0,0.003235911438188623
18057,Hamilton County,IN,3/14/2026 6:00,0.0,0.0016409448899040655,0.0,0.0027118411116110173
18057,Hamilton County,IN,3/14/2026 7:00,0.0,0.0013317560594653778,0.0,0.0027913295472231955
18057,Hamilton County,IN,3/14/2026 8:00,0.0,0.001081507488735838,0.0,0.002501352514448517
18057,Hamilton County,IN,3/14/2026 9:00,0.0,0.0011386327368426484,0.0,0.002701287425800518
18057,Hamilton County,IN,3/14/2026 10:00,0.0,0.001112244135179911,0.0,0.0020427680124971478
18057,Hamilton County,IN,3/14/2026 11:00,0.0,0.0010783114729624144,0.0,0.0019050012193393376
18057,Hamilton County,IN,3/14/2026 12:00,0.0,0.0,0.0011362517255347835,0.0
18057,Hamilton County,IN,3/14/2026 13:00,0.0,0.0,0.0015249271721275942,0.0010172499006413742
18057,Hamilton County,IN,3/14/2026 14:00,0.0,0.0,0.003941962667070119,0.0
18057,Hamilton County,IN,3/14/2026 15:00,0.0,0.0,0.003805173429624827,0.0
18057,Hamilton County,IN,3/14/2026 16:00,0.0,0.0,0.003711226960237463,0.0
18057,Hamilton County,IN,3/14/2026 17:00,0.0,0.0,0.0036357194323562874,0.0
18057,Hamilton County,IN,3/14/2026 18:00,0.0,0.0,0.004207498192306884,0.0
18057,Hamilton County,IN,3/14/2026 19:00,0.0,0.0,0.003974873183235208,0.0
18057,Hamilton County,IN,3/14/2026 20:00,0.0,0.0,0.003913249923315365,0.0
18057,Hamilton County,IN,3/14/2026 21:00,0.0,0.0,0.0026994281485216995,0.0
18057,Hamilton County,IN,3/14/2026 22:00,0.0,0.0,0.002996465684752373,0.0
18057,Hamilton County,IN,3/14/2026 23:00,0.0,0.0,0.002485886476699006,0.0
18057,Hamilton County,IN,3/15/2026 0:00,0.0,0.0,0.0044790943809093564,0.0
18057,Hamilton County,IN,3/15/2026 1:00,0.0,0.0,0.004329861720746132,0.0
18057,Hamilton County,IN,3/15/2026 2:00,0.0,0.0,0.002465365502050479,0.0
18057,Hamilton County,IN,3/15/2026 3:00,0.0,0.0,0.0026202618112098346,0.0
18057,Hamilton County,IN,3/15/2026 4:00,0.0,0.0,0.001757749070385374,0.0
18057,Hamilton County,IN,3/15/2026 5:00,0.0,0.001211409035452547,0.0018150661355820683,0.0
18057,Hamilton County,IN,3/15/2026 6:00,0.0017575997598585497,0.0029047842509768978,0.001544484818223466,0.0
18057,Hamilton County,IN,3/15/2026 7:00,0.0017905083194279425,0.0036385250576848327,0.0013067749834820086,0.0
18057,Hamilton County,IN,3/15/2026 8:00,0.0017338814398480439,0.004338607626701787,0.0011462945354037846,0.0
18057,Hamilton County,IN,3/15/2026 9:00,0.0018485169999725795,0.004102517090926106,0.0,0.0
18057,Hamilton County,IN,3/15/2026 10:00,0.0029640621960919733,0.004324532435027841,0.0,0.0
18057,Hamilton County,IN,3/15/2026 11:00,0.003997041009915467,0.004085226597391036,0.0,0.0
18057,Hamilton County,IN,3/15/2026 12:00,0.005006581830663068,0.003696877493418497,0.0,0.0
18057,Hamilton County,IN,3/15/2026 13:00,0.005172793445211414,0.002354838732196211,0.0,0.0
18057,Hamilton County,IN,3/15/2026 14:00,0.004240775348926406,0.0022591000482384653,0.0,0.0
18057,Hamilton County,IN,3/15/2026 15:00,0.004129289756542454,0.0013476694657647962,0.0,0.0
18057,Hamilton County,IN,3/15/2026 16:00,0.0025630882975729128,0.0,0.0,0.0
18057,Hamilton County,IN,3/15/2026 17:00,0.002061259224240887,0.0015511940554582486,0.0,0.0
18057,Hamilton County,IN,3/15/2026 18:00,0.0023746660611535194,0.0028500317142310947,0.0,0.0
18057,Hamilton County,IN,3/15/2026 19:00,0.002053219883372515,0.0031027534186129535,0.0,0.0
18057,Hamilton County,IN,3/15/2026 20:00,0.0015048832992937474,0.0027435067979299996,0.0,0.0
18057,Hamilton County,IN,3/15/2026 21:00,0.0018583403924450335,0.0023077580117662217,0.0,0.0
18057,Hamilton County,IN,3/15/2026 22:00,0.002970524330665534,0.0014533207424652027,0.0,0.0
18057,Hamilton County,IN,3/15/2026 23:00,0.002453909237981637,0.0016991085249809393,0.0,0.0
18057,Hamilton County,IN,3/16/2026 0:00,0.0032454099010379126,0.001197948896695115,0.0,0.0
18057,Hamilton County,IN,3/16/2026 1:00,0.0032329732354259523,0.0,0.0,0.0
18057,Hamilton County,IN,3/16/2026 2:00,0.0027930744377195706,0.0,0.0,0.0
18057,Hamilton County,IN,3/16/2026 3:00,0.002194927236767112,0.0,0.0,0.0
18057,Hamilton County,IN,3/16/2026 4:00,0.001609321057797874,0.0,0.0,0.0
18057,Hamilton County,IN,3/16/2026 5:00,0.002123474439531111,0.0,0.0,0.0
18057,Hamilton County,IN,3/16/2026 6:00,0.0023252862434352687,0.0,0.0,0.0
18057,Hamilton County,IN,3/16/2026 7:00,0.0014214235997251545,0.0,0.0,0.0
18057,Hamilton County,IN,3/16/2026 8:00,0.0013181665842887705,0.0,0.0,0.0
18057,Hamilton County,IN,3/16/2026 9:00,0.0011928364652001619,0.0,0.0,0.0
18057,Hamilton County,IN,3/16/2026 10:00,0.0016825381612811565,0.0,0.0,0.0
18057,Hamilton County,IN,3/16/2026 11:00,0.0021069506457650046,0.0,0.0,0.0
18057,Hamilton County,IN,3/16/2026 12:00,0.0,0.0,0.0,0.0
18057,Hamilton County,IN,3/16/2026 13:00,0.0,0.0,0.0,0.0
18057,Hamilton County,IN,3/16/2026 14:00,0.0,0.0,0.0,0.0
18057,Hamilton County,IN,3/16/2026 15:00,0.0,0.0,0.0,0.0
18057,Hamilton County,IN,3/16/2026 16:00,0.0,0.0,0.0,0.0
18057,Hamilton County,IN,3/16/2026 17:00,0.0,0.0,0.0,0.0
18057,Hamilton County,IN,3/16/2026 18:00,0.0,0.0,0.0,0.0
18057,Hamilton County,IN,3/16/2026 19:00,0.0,0.0,0.0,0.0
18057,Hamilton County,IN,3/16/2026 20:00,0.0,0.0,0.0,0.0
18057,Hamilton County,IN,3/16/2026 21:00,0.0,0.0,0.0,0.0
18057,Hamilton County,IN,3/16/2026 22:00,0.0,0.0,0.0,0.0
18057,Hamilton County,IN,3/16/2026 23:00,0.0,0.0,0.0,0.0
18057,Hamilton County,IN,3/17/2026 0:00,0.0,0.0,0.0,0.0
18057,Hamilton County,IN,3/17/2026 1:00,0.0,0.0,0.0,0.0
18057,Hamilton County,IN,3/17/2026 2:00,0.0,0.0,0.0,0.0
18057,Hamilton County,IN,3/17/2026 3:00,0.0,0.0,0.0,0.0
18057,Hamilton County,IN,3/17/2026 4:00,0.0,0.0,0.0,0.0
18057,Hamilton County,IN,3/17/2026 5:00,0.0,0.0,0.0,0.0
18057,Hamilton County,IN,3/17/2026 6:00,0.0,0.0,0.0,0.0
18057,Hamilton County,IN,3/17/2026 7:00,0.0,0.0,0.0,0.0
18057,Hamilton County,IN,3/17/2026 8:00,0.0,0.0,0.0,0.0
18057,Hamilton County,IN,3/17/2026 9:00,0.0,0.0,0.0,0.0
18057,Hamilton County,IN,3/17/2026 10:00,0.0,0.0,0.0,0.0
18057,Hamilton County,IN,3/17/2026 11:00,0.0,0.0,0.0,0.0
18057,Hamilton County,IN,3/17/2026 12:00,0.0,0.0,0.0,0.0
18057,Hamilton County,IN,3/17/2026 13:00,0.0,0.0,0.0,0.0
18057,Hamilton County,IN,3/17/2026 14:00,0.0,0.0,0.0,0.0
18057,Hamilton County,IN,3/17/2026 15:00,0.0,0.0,0.0,0.0
18057,Hamilton County,IN,3/17/2026 16:00,0.0,0.0,0.0,0.0
18057,Hamilton County,IN,3/17/2026 17:00,0.0,0.0,0.0,0.0
18057,Hamilton County,IN,3/17/2026 18:00,0.0,0.0,0.0,0.0
18057,Hamilton County,IN,3/17/2026 19:00,0.0,0.0,0.0,0.0
18057,Hamilton County,IN,3/17/2026 20:00,0.0,0.0,0.0,0.0
18057,Hamilton County,IN,3/17/2026 21:00,0.0,0.0,0.0,0.0
18057,Hamilton County,IN,3/17/2026 22:00,0.0,0.0,0.0,0.0
18057,Hamilton County,IN,3/17/2026 23:00,0.0,0.0,0.0,0.0
18057,Hamilton County,IN,3/18/2026 0:00,0.0,0.0,0.0,
18057,Hamilton County,IN,3/18/2026 1:00,0.0,0.0,0.0,
18057,Hamilton County,IN,3/18/2026 2:00,0.0,0.0,0.0,
18057,Hamilton County,IN,3/18/2026 3:00,0.0,0.0,0.0,
18057,Hamilton County,IN,3/18/2026 4:00,0.0,0.0,0.0,
18057,Hamilton County,IN,3/18/2026 5:00,0.0,0.0,0.0,
18057,Hamilton County,IN,3/18/2026 6:00,0.0,0.0,0.0,
18057,Hamilton County,IN,3/18/2026 7:00,0.0,0.0,0.0,
18057,Hamilton County,IN,3/18/2026 8:00,0.0,0.0,0.0,
18057,Hamilton County,IN,3/18/2026 9:00,0.0,0.0,0.0,
18057,Hamilton County,IN,3/18/2026 10:00,0.0,0.0,0.0,
18057,Hamilton County,IN,3/18/2026 11:00,0.0,0.0,0.0,
18057,Hamilton County,IN,3/18/2026 12:00,0.0,0.0,0.0,
18057,Hamilton County,IN,3/18/2026 13:00,0.0,0.0,0.0,
18057,Hamilton County,IN,3/18/2026 14:00,0.0,0.0,0.0,
18057,Hamilton County,IN,3/18/2026 15:00,0.0,0.0,0.0,
18057,Hamilton County,IN,3/18/2026 16:00,0.0,0.0,0.0,
18057,Hamilton County,IN,3/18/2026 17:00,0.0,0.0,0.0,
18057,Hamilton County,IN,3/18/2026 18:00,0.0,0.0,0.0,
18057,Hamilton County,IN,3/18/2026 19:00,0.0,0.0,0.0,
18057,Hamilton County,IN,3/18/2026 20:00,0.0,0.0,0.0,
18057,Hamilton County,IN,3/18/2026 21:00,0.0,0.0,0.0,
18057,Hamilton County,IN,3/18/2026 22:00,0.0,0.0,0.0,
18057,Hamilton County,IN,3/18/2026 23:00,0.0,0.0,0.0,
18057,Hamilton County,IN,3/19/2026 0:00,0.0,0.0,,
18057,Hamilton County,IN,3/19/2026 1:00,0.0,0.0,,
18057,Hamilton County,IN,3/19/2026 2:00,0.0,0.0,,
18057,Hamilton County,IN,3/19/2026 3:00,0.0,0.0,,
18057,Hamilton County,IN,3/19/2026 4:00,0.0,0.0,,
18057,Hamilton County,IN,3/19/2026 5:00,0.0,0.0,,
18057,Hamilton County,IN,3/19/2026 6:00,0.0,0.0,,
18057,Hamilton County,IN,3/19/2026 7:00,0.0,0.0,,
18057,Hamilton County,IN,3/19/2026 8:00,0.0,0.0,,
18057,Hamilton County,IN,3/19/2026 9:00,0.0,0.0,,
18057,Hamilton County,IN,3/19/2026 10:00,0.0,0.0,,
18057,Hamilton County,IN,3/19/2026 11:00,0.0,0.0,,
18057,Hamilton County,IN,3/19/2026 12:00,0.0,0.0,,
18057,Hamilton County,IN,3/19/2026 13:00,0.0,0.0,,
18057,Hamilton County,IN,3/19/2026 14:00,0.0,0.0,,
18057,Hamilton County,IN,3/19/2026 15:00,0.0,0.0,,
18057,Hamilton County,IN,3/19/2026 16:00,0.0,0.0,,
18057,Hamilton County,IN,3/19/2026 17:00,0.0,0.0,,
18057,Hamilton County,IN,3/19/2026 18:00,0.0,,,
18057,Hamilton County,IN,3/19/2026 19:00,0.0,,,
18057,Hamilton County,IN,3/19/2026 20:00,0.0,,,
18057,Hamilton County,IN,3/19/2026 21:00,0.0,,,
18057,Hamilton County,IN,3/19/2026 22:00,0.0,,,
18057,Hamilton County,IN,3/19/2026 23:00,,,,
18063,Hendricks County,IN,3/14/2026 0:00,0.0,0.0,0.0,0.004354408522814228
18063,Hendricks County,IN,3/14/2026 1:00,0.0,0.0,0.0,0.0038318640951784454
18063,Hendricks County,IN,3/14/2026 2:00,0.0,0.0,0.0,0.003766220517256392
18063,Hendricks County,IN,3/14/2026 3:00,0.0,0.0,0.0,0.003460627697188706
18063,Hendricks County,IN,3/14/2026 4:00,0.0,0.0,0.0,0.003326326572645604
18063,Hendricks County,IN,3/14/2026 5:00,0.0,0.0,0.0,0.0032656728584655776
18063,Hendricks County,IN,3/14/2026 6:00,0.0,0.0,0.0,0.003290558501325274
18063,Hendricks County,IN,3/14/2026 7:00,0.0,0.0,0.0,0.00330407903121699
18063,Hendricks County,IN,3/14/2026 8:00,0.0,0.0,0.0,0.003204035591626954
18063,Hendricks County,IN,3/14/2026 9:00,0.0,0.0,0.0,0.0032159001718233527
18063,Hendricks County,IN,3/14/2026 10:00,0.0,0.0,0.0,0.0014249955254039518
18063,Hendricks County,IN,3/14/2026 11:00,0.0,0.0,0.0,0.0011770891160417937
18063,Hendricks County,IN,3/14/2026 12:00,0.0,0.0,0.0024164225202901748,0.0013205598681057568
18063,Hendricks County,IN,3/14/2026 13:00,0.0,0.0,0.004269623265464511,0.0013173821660972384
18063,Hendricks County,IN,3/14/2026 14:00,0.0,0.0,0.004143162798469754,0.0013084099653892169
18063,Hendricks County,IN,3/14/2026 15:00,0.0,0.0,0.004040903846586346,0.0
18063,Hendricks County,IN,3/14/2026 16:00,0.0,0.0,0.003934297066638321,0.0
18063,Hendricks County,IN,3/14/2026 17:00,0.0,0.0,0.003737844880258867,0.0
18063,Hendricks County,IN,3/14/2026 18:00,0.0,0.0,0.0038674546961993267,0.0
18063,Hendricks County,IN,3/14/2026 19:00,0.0,0.0,0.0026892699601259416,0.0
18063,Hendricks County,IN,3/14/2026 20:00,0.0,0.0,0.0024845343313586897,0.0
18063,Hendricks County,IN,3/14/2026 21:00,0.0,0.0,0.002462933637256976,0.0
18063,Hendricks County,IN,3/14/2026 22:00,0.0,0.0,0.0019383480121522726,0.0
18063,Hendricks County,IN,3/14/2026 23:00,0.0,0.0,0.003094218305991708,0.0
18063,Hendricks County,IN,3/15/2026 0:00,0.0,0.0,0.00312413002530553,0.0
18063,Hendricks County,IN,3/15/2026 1:00,0.0,0.0,0.0027713366586816176,0.0
18063,Hendricks County,IN,3/15/2026 2:00,0.0,0.0,0.002190051626453075,0.0
18063,Hendricks County,IN,3/15/2026 3:00,0.0,0.0,0.0018100595756550336,0.0
18063,Hendricks County,IN,3/15/2026 4:00,0.0,0.0011778705140178098,0.0022707420281833073,0.0
18063,Hendricks County,IN,3/15/2026 5:00,0.0,0.0017617469106228822,0.0019674339684376853,0.0
18063,Hendricks County,IN,3/15/2026 6:00,0.0010131950671040395,0.002711176971957139,0.0020545050570481525,0.0
18063,Hendricks County,IN,3/15/2026 7:00,0.0,0.005833174459573195,0.0024533299710087844,0.0
18063,Hendricks County,IN,3/15/2026 8:00,0.0,0.006909941323472526,0.002416182615677741,0.0
18063,Hendricks County,IN,3/15/2026 9:00,0.0,0.006409804986084454,0.002890757626886252,0.0
18063,Hendricks County,IN,3/15/2026 10:00,0.0016862662516465368,0.005328699116163428,0.0017822152878952118,0.0
18063,Hendricks County,IN,3/15/2026 11:00,0.0034660057014170463,0.0058599341941208225,0.0015621939554804262,0.0
18063,Hendricks County,IN,3/15/2026 12:00,0.0048506301909335735,0.005737778692901712,0.0018167373557605195,0.0
18063,Hendricks County,IN,3/15/2026 13:00,0.005104679915346135,0.006391331665828303,0.0,0.0
18063,Hendricks County,IN,3/15/2026 14:00,0.0045595961800581454,0.0015074781580643789,0.0,0.0
18063,Hendricks County,IN,3/15/2026 15:00,0.003964927055236214,0.0015924590511697098,0.0,0.0
18063,Hendricks County,IN,3/15/2026 16:00,0.0036348328135967843,0.0,0.0,0.0
18063,Hendricks County,IN,3/15/2026 17:00,0.003414337774779613,0.005038873166698532,0.0,0.0
18063,Hendricks County,IN,3/15/2026 18:00,0.0035770218234341174,0.0037405248658491834,0.0,0.0
18063,Hendricks County,IN,3/15/2026 19:00,0.0026045587371394036,0.004822084837928817,0.0,0.0
18063,Hendricks County,IN,3/15/2026 20:00,0.0017307593348169128,0.0030715526277607366,0.0,0.0
18063,Hendricks County,IN,3/15/2026 21:00,0.0025085784602320933,0.0020012852819966684,0.0,0.0
18063,Hendricks County,IN,3/15/2026 22:00,0.004081148168390256,0.002414067502252061,0.0,0.0
18063,Hendricks County,IN,3/15/2026 23:00,0.005510556737845532,0.002585380389424369,0.0,0.0
18063,Hendricks County,IN,3/16/2026 0:00,0.0036573336601146483,0.001642337100705097,0.0,0.0
18063,Hendricks County,IN,3/16/2026 1:00,0.0029444672440765395,0.0015417792479846663,0.0,0.0
18063,Hendricks County,IN,3/16/2026 2:00,0.002729737164104763,0.001552211875773268,0.0,0.0
18063,Hendricks County,IN,3/16/2026 3:00,0.002258104553199213,0.001290329321565156,0.0,0.0
18063,Hendricks County,IN,3/16/2026 4:00,0.0020645215238816773,0.001167271480714444,0.0,0.0
18063,Hendricks County,IN,3/16/2026 5:00,0.002162859459364443,0.0012620443918967136,0.0,0.0
18063,Hendricks County,IN,3/16/2026 6:00,0.002381162335120815,0.0011843559605079189,0.0,0.0
18063,Hendricks County,IN,3/16/2026 7:00,0.002120922024710546,0.0010613046254644555,0.0,0.0
18063,Hendricks County,IN,3/16/2026 8:00,0.0018347262926470557,0.0010101168230543466,0.0,0.0
18063,Hendricks County,IN,3/16/2026 9:00,0.0019747704671358975,0.001121683479290408,0.0,0.0
18063,Hendricks County,IN,3/16/2026 10:00,0.0015104671297764215,0.001348444957876265,0.0,0.0
18063,Hendricks County,IN,3/16/2026 11:00,0.00142584587938564,0.0012970839141708335,0.0,0.0
18063,Hendricks County,IN,3/16/2026 12:00,0.0013874597580864874,0.0,0.0,0.0
18063,Hendricks County,IN,3/16/2026 13:00,0.0,0.0,0.0,0.0
18063,Hendricks County,IN,3/16/2026 14:00,0.0,0.0,0.0,0.0
18063,Hendricks County,IN,3/16/2026 15:00,0.0,0.0,0.0,0.0
18063,Hendricks County,IN,3/16/2026 16:00,0.0,0.0,0.0,0.0
18063,Hendricks County,IN,3/16/2026 17:00,0.0,0.0,0.0,0.0
18063,Hendricks County,IN,3/16/2026 18:00,0.0,0.0,0.0,0.0
18063,Hendricks County,IN,3/16/2026 19:00,0.0,0.0,0.0,0.0
18063,Hendricks County,IN,3/16/2026 20:00,0.0,0.0,0.0,0.0
18063,Hendricks County,IN,3/16/2026 21:00,0.0,0.0,0.0,0.0
18063,Hendricks County,IN,3/16/2026 22:00,0.0,0.0,0.0,0.0
18063,Hendricks County,IN,3/16/2026 23:00,0.0,0.0,0.0,0.0
18063,Hendricks County,IN,3/17/2026 0:00,0.0,0.0,0.0,0.0
18063,Hendricks County,IN,3/17/2026 1:00,0.0,0.0,0.0,0.0
18063,Hendricks County,IN,3/17/2026 2:00,0.0,0.0,0.0,0.0
18063,Hendricks County,IN,3/17/2026 3:00,0.0,0.0,0.0,0.0
18063,Hendricks County,IN,3/17/2026 4:00,0.0,0.0,0.0,0.0
18063,Hendricks County,IN,3/17/2026 5:00,0.0,0.0,0.0,0.0
18063,Hendricks County,IN,3/17/2026 6:00,0.0,0.0,0.0,0.0
18063,Hendricks County,IN,3/17/2026 7:00,0.0,0.0,0.0,0.0
18063,Hendricks County,IN,3/17/2026 8:00,0.0,0.0,0.0,0.0
18063,Hendricks County,IN,3/17/2026 9:00,0.0,0.0,0.0,0.0
18063,Hendricks County,IN,3/17/2026 10:00,0.0,0.0,0.0,0.0
18063,Hendricks County,IN,3/17/2026 11:00,0.0,0.0,0.0,0.0
18063,Hendricks County,IN,3/17/2026 12:00,0.0,0.0,0.0,0.0
18063,Hendricks County,IN,3/17/2026 13:00,0.0,0.0,0.0,0.0
18063,Hendricks County,IN,3/17/2026 14:00,0.0,0.0,0.0,0.0
18063,Hendricks County,IN,3/17/2026 15:00,0.0,0.0,0.0,0.0
18063,Hendricks County,IN,3/17/2026 16:00,0.0,0.0,0.0,0.0
18063,Hendricks County,IN,3/17/2026 17:00,0.0,0.0,0.0,0.0
18063,Hendricks County,IN,3/17/2026 18:00,0.0,0.0,0.0,0.0
18063,Hendricks County,IN,3/17/2026 19:00,0.0,0.0,0.0,0.0
18063,Hendricks County,IN,3/17/2026 20:00,0.0,0.0,0.0,0.0
18063,Hendricks County,IN,3/17/2026 21:00,0.0,0.0,0.0,0.0
18063,Hendricks County,IN,3/17/2026 22:00,0.0,0.0,0.0,0.0
18063,Hendricks County,IN,3/17/2026 23:00,0.0,0.0,0.0,0.0
18063,Hendricks County,IN,3/18/2026 0:00,0.0,0.0,0.0,
18063,Hendricks County,IN,3/18/2026 1:00,0.0,0.0,0.0,
18063,Hendricks County,IN,3/18/2026 2:00,0.0,0.0,0.0,
18063,Hendricks County,IN,3/18/2026 3:00,0.0,0.0,0.0,
18063,Hendricks County,IN,3/18/2026 4:00,0.0,0.0,0.0,
18063,Hendricks County,IN,3/18/2026 5:00,0.0,0.0,0.0,
18063,Hendricks County,IN,3/18/2026 6:00,0.0,0.0,0.0,
18063,Hendricks County,IN,3/18/2026 7:00,0.0,0.0,0.0,
18063,Hendricks County,IN,3/18/2026 8:00,0.0,0.0,0.0,
18063,Hendricks County,IN,3/18/2026 9:00,0.0,0.0,0.0,
18063,Hendricks County,IN,3/18/2026 10:00,0.0,0.0,0.0,
18063,Hendricks County,IN,3/18/2026 11:00,0.0,0.0,0.0,
18063,Hendricks County,IN,3/18/2026 12:00,0.0,0.0,0.0,
18063,Hendricks County,IN,3/18/2026 13:00,0.0,0.0,0.0,
18063,Hendricks County,IN,3/18/2026 14:00,0.0,0.0,0.0,
18063,Hendricks County,IN,3/18/2026 15:00,0.0,0.0,0.0,
18063,Hendricks County,IN,3/18/2026 16:00,0.0,0.0,0.0,
18063,Hendricks County,IN,3/18/2026 17:00,0.0,0.0,0.0,
18063,Hendricks County,IN,3/18/2026 18:00,0.0,0.0,0.0,
18063,Hendricks County,IN,3/18/2026 19:00,0.0,0.0,0.0,
18063,Hendricks County,IN,3/18/2026 20:00,0.0,0.0,0.0,
18063,Hendricks County,IN,3/18/2026 21:00,0.0,0.0,0.0,
18063,Hendricks County,IN,3/18/2026 22:00,0.0,0.0,0.0,
18063,Hendricks County,IN,3/18/2026 23:00,0.0,0.0,0.0,
18063,Hendricks County,IN,3/19/2026 0:00,0.0,0.0,,
18063,Hendricks County,IN,3/19/2026 1:00,0.0,0.0,,
18063,Hendricks County,IN,3/19/2026 2:00,0.0,0.0,,
18063,Hendricks County,IN,3/19/2026 3:00,0.0,0.0,,
18063,Hendricks County,IN,3/19/2026 4:00,0.0,0.0,,
18063,Hendricks County,IN,3/19/2026 5:00,0.0,0.0,,
18063,Hendricks County,IN,3/19/2026 6:00,0.0,0.0,,
18063,Hendricks County,IN,3/19/2026 7:00,0.0,0.0,,
18063,Hendricks County,IN,3/19/2026 8:00,0.0,0.0,,
18063,Hendricks County,IN,3/19/2026 9:00,0.0,0.0,,
18063,Hendricks County,IN,3/19/2026 10:00,0.0,0.0,,
18063,Hendricks County,IN,3/19/2026 11:00,0.0,0.0,,
18063,Hendricks County,IN,3/19/2026 12:00,0.0,0.0,,
18063,Hendricks County,IN,3/19/2026 13:00,0.0,0.0,,
18063,Hendricks County,IN,3/19/2026 14:00,0.0,0.0,,
18063,Hendricks County,IN,3/19/2026 15:00,0.0,0.0,,
18063,Hendricks County,IN,3/19/2026 16:00,0.0,0.0,,
18063,Hendricks County,IN,3/19/2026 17:00,0.0,0.0,,
18063,Hendricks County,IN,3/19/2026 18:00,0.0,,,
18063,Hendricks County,IN,3/19/2026 19:00,0.0,,,
18063,Hendricks County,IN,3/19/2026 20:00,0.0,,,
18063,Hendricks County,IN,3/19/2026 21:00,0.0,,,
18063,Hendricks County,IN,3/19/2026 22:00,0.0,,,
18063,Hendricks County,IN,3/19/2026 23:00,,,,
18075,Jay County,IN,3/14/2026 0:00,0.010526555429627315,0.004981889869007444,0.0,0.005959665373261939
18075,Jay County,IN,3/14/2026 1:00,0.007342229781255247,0.0033476673271427716,0.0,0.007100022942232062
18075,Jay County,IN,3/14/2026 2:00,0.006694551674527166,0.0023144286379273363,0.0,0.005437799261975738
18075,Jay County,IN,3/14/2026 3:00,0.007139198634488043,0.0031108089292258643,0.0,0.006129159426281783
18075,Jay County,IN,3/14/2026 4:00,0.006794107142444384,0.002721509663200866,0.0,0.004559004233819108
18075,Jay County,IN,3/14/2026 5:00,0.007022774285808488,0.0024412684446358177,0.0,0.00812203313741904
18075,Jay County,IN,3/14/2026 6:00,0.005085819170967465,0.003128232752542022,0.0,0.008222450339307576
18075,Jay County,IN,3/14/2026 7:00,0.004754098805015532,0.0029269166107298962,0.0,0.006398870845145928
18075,Jay County,IN,3/14/2026 8:00,0.004688234594608865,0.0014903577724431484,0.0,0.008291790814896135
18075,Jay County,IN,3/14/2026 9:00,0.004155513080816714,0.0013967835700356341,0.0,0.004091205953295045
18075,Jay County,IN,3/14/2026 10:00,0.0031115195411238307,0.0011566307092317554,0.0,0.0027124963403894883
18075,Jay County,IN,3/14/2026 11:00,0.003838393906374736,0.0014046244140217027,0.0,0.0020186178740161493
18075,Jay County,IN,3/14/2026 12:00,0.0021670556785395763,0.0010922490474397097,0.0,0.0
18075,Jay County,IN,3/14/2026 13:00,0.0016489518260997698,0.0011886546912512255,0.002176010839186524,0.0
18075,Jay County,IN,3/14/2026 14:00,0.0,0.0010786257832487137,0.0027418958619227804,0.0
18075,Jay County,IN,3/14/2026 15:00,0.0,0.0,0.0031035726784649216,0.0
18075,Jay County,IN,3/14/2026 16:00,0.001722236768617494,0.0010906246136668572,0.002739512023531425,0.0
18075,Jay County,IN,3/14/2026 17:00,0.0,0.0,0.0033225322754172897,0.0
18075,Jay County,IN,3/14/2026 18:00,0.0,0.0,0.004464587377286392,0.0
18075,Jay County,IN,3/14/2026 19:00,0.0,0.0,0.0033593194745900295,0.0
18075,Jay County,IN,3/14/2026 20:00,0.0,0.0,0.002445868813544251,0.0
18075,Jay County,IN,3/14/2026 21:00,0.0,0.0,0.001828311970954294,0.0
18075,Jay County,IN,3/14/2026 22:00,0.0,0.0,0.0019846236700656996,0.0
18075,Jay County,IN,3/14/2026 23:00,0.0,0.0,0.0034161729831263393,0.0
18075,Jay County,IN,3/15/2026 0:00,0.0,0.0,0.002691578876353081,0.0
18075,Jay County,IN,3/15/2026 1:00,0.0,0.0,0.00654686845606037,0.0
18075,Jay County,IN,3/15/2026 2:00,0.0,0.0,0.006146602397139914,0.0
18075,Jay County,IN,3/15/2026 3:00,0.0,0.0,0.004339937640343178,0.0
18075,Jay County,IN,3/15/2026 4:00,0.0,0.0,0.005196538311132864,0.0
18075,Jay County,IN,3/15/2026 5:00,0.0,0.0,0.004115812422699735,0.0
18075,Jay County,IN,3/15/2026 6:00,0.0,0.0012661436870019117,0.0036748409519766954,0.0
18075,Jay County,IN,3/15/2026 7:00,0.0,0.0028390515650129925,0.004499658876348271,0.0
18075,Jay County,IN,3/15/2026 8:00,0.0,0.0036448916383423307,0.002971516102140916,0.0
18075,Jay County,IN,3/15/2026 9:00,0.0,0.0029767999906163923,0.002455114640176279,0.0
18075,Jay County,IN,3/15/2026 10:00,0.0,0.0025596364119476103,0.002390400207677739,0.0
18075,Jay County,IN,3/15/2026 11:00,0.001410315036513892,0.004378977699432582,0.0018206057040822691,0.0
18075,Jay County,IN,3/15/2026 12:00,0.003723297323594156,0.003555605803279489,0.0012196096361112047,0.0
18075,Jay County,IN,3/15/2026 13:00,0.0027952724388954106,0.002557144567374435,0.0,0.0
18075,Jay County,IN,3/15/2026 14:00,0.0034299634848104915,0.002087210697819443,0.0,0.0
18075,Jay County,IN,3/15/2026 15:00,0.0032880653603930775,0.0012838086675714185,0.0,0.0
18075,Jay County,IN,3/15/2026 16:00,0.003071725708003685,0.0014986061460284764,0.0,0.0
18075,Jay County,IN,3/15/2026 17:00,0.00474516592097157,0.0,0.0,0.0
18075,Jay County,IN,3/15/2026 18:00,0.0030204182670780584,0.0010178732187479567,0.0,0.0
18075,Jay County,IN,3/15/2026 19:00,0.0021969781706067068,0.003785586288627785,0.0,0.0
18075,Jay County,IN,3/15/2026 20:00,0.002079040359291213,0.0029955154940117562,0.0,0.0
18075,Jay County,IN,3/15/2026 21:00,0.0024140340277058127,0.0032125452342338027,0.0,0.0
18075,Jay County,IN,3/15/2026 22:00,0.002912881173158284,0.005128085056564369,0.0,0.0
18075,Jay County,IN,3/15/2026 23:00,0.007098183646872167,0.0033628879112206763,0.0,0.0
18075,Jay County,IN,3/16/2026 0:00,0.005972013375257463,0.0036092802357010883,0.0,0.0
18075,Jay County,IN,3/16/2026 1:00,0.006712148527744462,0.0026960874298429882,0.0,0.0
18075,Jay County,IN,3/16/2026 2:00,0.005900121033412163,0.002079704830560648,0.0,0.0
18075,Jay County,IN,3/16/2026 3:00,0.00676906440375973,0.0036797822980475423,0.0,0.0
18075,Jay County,IN,3/16/2026 4:00,0.0066187075799656265,0.001535983487746282,0.0,0.0
18075,Jay County,IN,3/16/2026 5:00,0.004413278298020115,0.0012599771054510934,0.0,0.0
18075,Jay County,IN,3/16/2026 6:00,0.004441308539716382,0.0,0.0,0.0
18075,Jay County,IN,3/16/2026 7:00,0.003696804536949798,0.0,0.0,0.0
18075,Jay County,IN,3/16/2026 8:00,0.003663288739019005,0.0010269300043758423,0.0,0.0
18075,Jay County,IN,3/16/2026 9:00,0.0024691250997433954,0.0,0.0,0.0
18075,Jay County,IN,3/16/2026 10:00,0.002452585431311401,0.0,0.0,0.0
18075,Jay County,IN,3/16/2026 11:00,0.001473706855845947,0.0,0.0,0.0
18075,Jay County,IN,3/16/2026 12:00,0.0,0.0,0.0,0.0
18075,Jay County,IN,3/16/2026 13:00,0.0010322945084980779,0.0,0.0,0.0
18075,Jay County,IN,3/16/2026 14:00,0.0018201745629973522,0.0,0.0,0.0
18075,Jay County,IN,3/16/2026 15:00,0.0013262727682500054,0.0,0.0,0.0
18075,Jay County,IN,3/16/2026 16:00,0.001050672464397609,0.0,0.0,0.0
18075,Jay County,IN,3/16/2026 17:00,0.0,0.0,0.0,0.0
18075,Jay County,IN,3/16/2026 18:00,0.0,0.0,0.0,0.0
18075,Jay County,IN,3/16/2026 19:00,0.0,0.0,0.0,0.0
18075,Jay County,IN,3/16/2026 20:00,0.0,0.0,0.0,0.0
18075,Jay County,IN,3/16/2026 21:00,0.0,0.0,0.0,0.0
18075,Jay County,IN,3/16/2026 22:00,0.0,0.0015356208021102078,0.0,0.0
18075,Jay County,IN,3/16/2026 23:00,0.0010679118267592914,0.0015167014611222023,0.0,0.0
18075,Jay County,IN,3/17/2026 0:00,0.001587312615689003,0.0,0.0,0.0
18075,Jay County,IN,3/17/2026 1:00,0.0,0.0,0.0,0.0
18075,Jay County,IN,3/17/2026 2:00,0.0,0.0,0.0,0.0
18075,Jay County,IN,3/17/2026 3:00,0.0,0.0,0.0,0.0
18075,Jay County,IN,3/17/2026 4:00,0.0,0.0,0.0,0.0
18075,Jay County,IN,3/17/2026 5:00,0.0,0.0,0.0,0.0
18075,Jay County,IN,3/17/2026 6:00,0.0,0.0,0.0,0.0
18075,Jay County,IN,3/17/2026 7:00,0.0,0.0013108595614507211,0.0,0.0
18075,Jay County,IN,3/17/2026 8:00,0.0,0.0,0.0,0.0
18075,Jay County,IN,3/17/2026 9:00,0.0,0.0,0.0,0.0
18075,Jay County,IN,3/17/2026 10:00,0.0,0.0,0.0,0.0
18075,Jay County,IN,3/17/2026 11:00,0.0,0.0,0.0,0.0
18075,Jay County,IN,3/17/2026 12:00,0.0,0.0,0.0,0.0
18075,Jay County,IN,3/17/2026 13:00,0.0,0.0,0.0,0.0
18075,Jay County,IN,3/17/2026 14:00,0.0,0.0,0.0,0.0
18075,Jay County,IN,3/17/2026 15:00,0.0,0.0,0.0,0.0
18075,Jay County,IN,3/17/2026 16:00,0.0,0.0,0.0,0.0
18075,Jay County,IN,3/17/2026 17:00,0.0,0.0,0.0,0.0
18075,Jay County,IN,3/17/2026 18:00,0.0,0.0,0.0,0.0
18075,Jay County,IN,3/17/2026 19:00,0.0,0.0,0.0,0.0
18075,Jay County,IN,3/17/2026 20:00,0.0,0.0,0.0,0.0
18075,Jay County,IN,3/17/2026 21:00,0.0,0.0,0.0,0.0
18075,Jay County,IN,3/17/2026 22:00,0.0,0.0,0.0,0.0
18075,Jay County,IN,3/17/2026 23:00,0.0,0.0,0.0,0.0
18075,Jay County,IN,3/18/2026 0:00,0.0,0.0,0.0,
18075,Jay County,IN,3/18/2026 1:00,0.0,0.0,0.0,
18075,Jay County,IN,3/18/2026 2:00,0.0,0.0,0.0,
18075,Jay County,IN,3/18/2026 3:00,0.0,0.0,0.0,
18075,Jay County,IN,3/18/2026 4:00,0.0,0.0,0.0,
18075,Jay County,IN,3/18/2026 5:00,0.0,0.0,0.0,
18075,Jay County,IN,3/18/2026 6:00,0.0,0.0,0.0,
18075,Jay County,IN,3/18/2026 7:00,0.0,0.0,0.0,
18075,Jay County,IN,3/18/2026 8:00,0.0,0.0,0.0,
18075,Jay County,IN,3/18/2026 9:00,0.0,0.0,0.0,
18075,Jay County,IN,3/18/2026 10:00,0.0,0.0,0.0,
18075,Jay County,IN,3/18/2026 11:00,0.0,0.0,0.0,
18075,Jay County,IN,3/18/2026 12:00,0.0,0.0,0.0,
18075,Jay County,IN,3/18/2026 13:00,0.0,0.0,0.0,
18075,Jay County,IN,3/18/2026 14:00,0.0,0.0,0.0,
18075,Jay County,IN,3/18/2026 15:00,0.0,0.0,0.0,
18075,Jay County,IN,3/18/2026 16:00,0.0,0.0,0.0,
18075,Jay County,IN,3/18/2026 17:00,0.0,0.0,0.0,
18075,Jay County,IN,3/18/2026 18:00,0.0,0.0,0.0,
18075,Jay County,IN,3/18/2026 19:00,0.0,0.0,0.0,
18075,Jay County,IN,3/18/2026 20:00,0.0,0.0,0.0,
18075,Jay County,IN,3/18/2026 21:00,0.0,0.0,0.0,
18075,Jay County,IN,3/18/2026 22:00,0.0,0.0,0.0,
18075,Jay County,IN,3/18/2026 23:00,0.0,0.0,0.0,
18075,Jay County,IN,3/19/2026 0:00,0.0,0.0,,
18075,Jay County,IN,3/19/2026 1:00,0.0,0.0,,
18075,Jay County,IN,3/19/2026 2:00,0.0,0.0,,
18075,Jay County,IN,3/19/2026 3:00,0.0,0.0,,
18075,Jay County,IN,3/19/2026 4:00,0.0,0.0,,
18075,Jay County,IN,3/19/2026 5:00,0.0,0.0,,
18075,Jay County,IN,3/19/2026 6:00,0.0,0.0,,
18075,Jay County,IN,3/19/2026 7:00,0.0,0.0,,
18075,Jay County,IN,3/19/2026 8:00,0.0,0.0,,
18075,Jay County,IN,3/19/2026 9:00,0.0,0.0,,
18075,Jay County,IN,3/19/2026 10:00,0.0,0.0,,
18075,Jay County,IN,3/19/2026 11:00,0.0,0.0,,
18075,Jay County,IN,3/19/2026 12:00,0.0,0.0,,
18075,Jay County,IN,3/19/2026 13:00,0.0,0.0,,
18075,Jay County,IN,3/19/2026 14:00,0.0,0.0,,
18075,Jay County,IN,3/19/2026 15:00,0.0,0.0,,
18075,Jay County,IN,3/19/2026 16:00,0.0,0.0,,
18075,Jay County,IN,3/19/2026 17:00,0.0,0.0,,
18075,Jay County,IN,3/19/2026 18:00,0.0,,,
18075,Jay County,IN,3/19/2026 19:00,0.0,,,
18075,Jay County,IN,3/19/2026 20:00,0.0,,,
18075,Jay County,IN,3/19/2026 21:00,0.0,,,
18075,Jay County,IN,3/19/2026 22:00,0.0,,,
18075,Jay County,IN,3/19/2026 23:00,,,,
18079,Jennings County,IN,3/14/2026 0:00,0.0,0.0,0.0,0.006249847437139611
18079,Jennings County,IN,3/14/2026 1:00,0.0,0.0,0.0,0.0061667998154375245
18079,Jennings County,IN,3/14/2026 2:00,0.0,0.0,0.0,0.004879152556852439
18079,Jennings County,IN,3/14/2026 3:00,0.0,0.0,0.0,0.005451236806305948
18079,Jennings County,IN,3/14/2026 4:00,0.0,0.0,0.0,0.004420152443746545
18079,Jennings County,IN,3/14/2026 5:00,0.0,0.0,0.0,0.005009948216151094
18079,Jennings County,IN,3/14/2026 6:00,0.0,0.0,0.0,0.003532845536029204
18079,Jennings County,IN,3/14/2026 7:00,0.0,0.0,0.0,0.0034642943697582567
18079,Jennings County,IN,3/14/2026 8:00,0.001851120435493459,0.0,0.0,0.004784248462855092
18079,Jennings County,IN,3/14/2026 9:00,0.0010247702073365708,0.0,0.0,0.004300108178951731
18079,Jennings County,IN,3/14/2026 10:00,0.0,0.0,0.0,0.003415103123972735
18079,Jennings County,IN,3/14/2026 11:00,0.0,0.0,0.010784364758241719,0.003417184623429555
18079,Jennings County,IN,3/14/2026 12:00,0.0,0.0,0.01649842968892819,0.003443516234260046
18079,Jennings County,IN,3/14/2026 13:00,0.0,0.0,0.019589519211826816,0.002632285245764521
18079,Jennings County,IN,3/14/2026 14:00,0.0,0.0,0.02533840744892726,0.0022542554976392824
18079,Jennings County,IN,3/14/2026 15:00,0.0,0.0,0.02566415119024905,0.0023924112233535775
18079,Jennings County,IN,3/14/2026 16:00,0.0,0.0,0.022126845311173593,0.0
18079,Jennings County,IN,3/14/2026 17:00,0.0,0.0,0.017281013325775942,0.0
18079,Jennings County,IN,3/14/2026 18:00,0.0,0.0,0.015219511792812595,0.0
18079,Jennings County,IN,3/14/2026 19:00,0.0,0.0,0.014329394333924125,0.0
18079,Jennings County,IN,3/14/2026 20:00,0.0,0.0,0.013546649551104573,0.0
18079,Jennings County,IN,3/14/2026 21:00,0.0,0.0,0.013145263600393423,0.0
18079,Jennings County,IN,3/14/2026 22:00,0.0,0.0,0.008597883905189663,0.0
18079,Jennings County,IN,3/14/2026 23:00,0.0,0.0,0.009726711477247133,0.0012080160421295105
18079,Jennings County,IN,3/15/2026 0:00,0.0,0.0,0.010189474564154068,0.0011152027819620843
18079,Jennings County,IN,3/15/2026 1:00,0.0,0.0,0.009783426642467938,0.0
18079,Jennings County,IN,3/15/2026 2:00,0.0,0.0,0.006469130798584269,0.0
18079,Jennings County,IN,3/15/2026 3:00,0.0,0.0,0.005906013263148534,0.0
18079,Jennings County,IN,3/15/2026 4:00,0.0,0.0,0.0033392612369125144,0.0
18079,Jennings County,IN,3/15/2026 5:00,0.0,0.008179158415809457,0.004100741782846931,0.0
18079,Jennings County,IN,3/15/2026 6:00,0.0,0.015163516049264832,0.004679244357033095,0.0
18079,Jennings County,IN,3/15/2026 7:00,0.0,0.024683335155910566,0.004592465358375129,0.0
18079,Jennings County,IN,3/15/2026 8:00,0.0,0.026859959951522138,0.004333048613094491,0.0
18079,Jennings County,IN,3/15/2026 9:00,0.0,0.026567278743046412,0.005307248787068432,0.0
18079,Jennings County,IN,3/15/2026 10:00,0.0033292350907866016,0.025661543115354773,0.0037401335345640893,0.0
18079,Jennings County,IN,3/15/2026 11:00,0.018865352692205118,0.024100271625205182,0.003983240364413866,0.0
18079,Jennings County,IN,3/15/2026 12:00,0.022842120377580103,0.02227661272608271,0.0033866147562437205,0.0
18079,Jennings County,IN,3/15/2026 13:00,0.023733643121045776,0.013489546874485902,0.0022670007100980922,0.0
18079,Jennings County,IN,3/15/2026 14:00,0.02132528100235185,0.012279523245981024,0.0016028126210885292,0.0
18079,Jennings County,IN,3/15/2026 15:00,0.02170571184065124,0.014739463618394047,0.002267647265630787,0.0
18079,Jennings County,IN,3/15/2026 16:00,0.02126118909464792,0.010550009247622784,0.0010046446057168994,0.0
18079,Jennings County,IN,3/15/2026 17:00,0.013340503289191457,0.00823123970063021,0.001061903322016324,0.0
18079,Jennings County,IN,3/15/2026 18:00,0.015092017612038601,0.010926790001192368,0.0,0.0
18079,Jennings County,IN,3/15/2026 19:00,0.01174412214351836,0.012625123396141892,0.0,0.0
18079,Jennings County,IN,3/15/2026 20:00,0.011808413133468568,0.013118758201871871,0.0,0.0
18079,Jennings County,IN,3/15/2026 21:00,0.013640834775205026,0.013784388477700114,0.0,0.0
18079,Jennings County,IN,3/15/2026 22:00,0.01070055457556063,0.010237526112162108,0.0,0.0
18079,Jennings County,IN,3/15/2026 23:00,0.007961202387708062,0.009264074532583525,0.0023222801204911474,0.0
18079,Jennings County,IN,3/16/2026 0:00,0.007277093556994646,0.007194133485515155,0.002701505358429358,0.0
18079,Jennings County,IN,3/16/2026 1:00,0.006661259003581732,0.005240204330784942,0.0026803285670853527,0.0
18079,Jennings County,IN,3/16/2026 2:00,0.006166878645855991,0.003206067009880532,0.0013129024522665288,0.0
18079,Jennings County,IN,3/16/2026 3:00,0.005703311326743896,0.003064795890034538,0.0011362911743110383,0.0
18079,Jennings County,IN,3/16/2026 4:00,0.005104970835792594,0.0025794543445509703,0.0011741097225851844,0.0
18079,Jennings County,IN,3/16/2026 5:00,0.004676097301868553,0.0025554037644527385,0.0011921573621889222,0.0
18079,Jennings County,IN,3/16/2026 6:00,0.003535053089137499,0.002330605451676167,0.0014210421930310893,0.0
18079,Jennings County,IN,3/16/2026 7:00,0.0025196542963633784,0.0019459927653388035,0.0,0.0
18079,Jennings County,IN,3/16/2026 8:00,0.0031996868521897075,0.0019615748606445892,0.0,0.0
18079,Jennings County,IN,3/16/2026 9:00,0.002305499419202226,0.0012989590755017784,0.0,0.0
18079,Jennings County,IN,3/16/2026 10:00,0.002162361383988397,0.0015474224472299346,0.0,0.0
18079,Jennings County,IN,3/16/2026 11:00,0.001371207263525448,0.0019936718086376692,0.0,0.0
18079,Jennings County,IN,3/16/2026 12:00,0.002015062107724373,0.00134509528535596,0.0011734414251152283,0.0
18079,Jennings County,IN,3/16/2026 13:00,0.0014236958249993108,0.0015627442559582312,0.0010343067609035687,0.0
18079,Jennings County,IN,3/16/2026 14:00,0.0010596223791437987,0.001552686315536331,0.0,0.0
18079,Jennings County,IN,3/16/2026 15:00,0.0012226161492688294,0.0014695053433743698,0.0,0.0
18079,Jennings County,IN,3/16/2026 16:00,0.0,0.0020704380493999524,0.0,0.0
18079,Jennings County,IN,3/16/2026 17:00,0.0,0.0014489805812460876,0.0,0.0
18079,Jennings County,IN,3/16/2026 18:00,0.0010233327904621246,0.0015123219178713343,0.0,0.0
18079,Jennings County,IN,3/16/2026 19:00,0.0,0.0032356488882902715,0.0,0.0
18079,Jennings County,IN,3/16/2026 20:00,0.0011679483553798053,0.001361673566164743,0.0,0.0
18079,Jennings County,IN,3/16/2026 21:00,0.0014012649323095496,0.0,0.0,0.0
18079,Jennings County,IN,3/16/2026 22:00,0.00201968722602982,0.0,0.0,0.0
18079,Jennings County,IN,3/16/2026 23:00,0.0,0.0,0.0,0.0
18079,Jennings County,IN,3/17/2026 0:00,0.0,0.0,0.0,0.0
18079,Jennings County,IN,3/17/2026 1:00,0.0,0.0,0.0,0.0
18079,Jennings County,IN,3/17/2026 2:00,0.0,0.0,0.0,0.0
18079,Jennings County,IN,3/17/2026 3:00,0.0,0.0,0.0,0.0
18079,Jennings County,IN,3/17/2026 4:00,0.0,0.0,0.0,0.0
18079,Jennings County,IN,3/17/2026 5:00,0.0,0.0,0.0,0.0
18079,Jennings County,IN,3/17/2026 6:00,0.0,0.0,0.0,0.0
18079,Jennings County,IN,3/17/2026 7:00,0.0,0.0,0.0,0.0
18079,Jennings County,IN,3/17/2026 8:00,0.0,0.0,0.0,0.0
18079,Jennings County,IN,3/17/2026 9:00,0.0,0.0,0.0,0.0
18079,Jennings County,IN,3/17/2026 10:00,0.0,0.0,0.0,0.0
18079,Jennings County,IN,3/17/2026 11:00,0.0,0.0,0.0,0.0
18079,Jennings County,IN,3/17/2026 12:00,0.0,0.0,0.0,0.0
18079,Jennings County,IN,3/17/2026 13:00,0.0,0.0,0.0,0.0
18079,Jennings County,IN,3/17/2026 14:00,0.0,0.0,0.0,0.0
18079,Jennings County,IN,3/17/2026 15:00,0.0,0.0,0.0,0.0
18079,Jennings County,IN,3/17/2026 16:00,0.0,0.0,0.0,0.0
18079,Jennings County,IN,3/17/2026 17:00,0.0,0.0,0.0,0.0
18079,Jennings County,IN,3/17/2026 18:00,0.0,0.0,0.0,0.0
18079,Jennings County,IN,3/17/2026 19:00,0.0,0.0,0.0,0.0
18079,Jennings County,IN,3/17/2026 20:00,0.0,0.0,0.0,0.0
18079,Jennings County,IN,3/17/2026 21:00,0.0,0.0,0.0,0.0
18079,Jennings County,IN,3/17/2026 22:00,0.0,0.0,0.0,0.0
18079,Jennings County,IN,3/17/2026 23:00,0.0,0.0,0.0,0.0
18079,Jennings County,IN,3/18/2026 0:00,0.0,0.0,0.0,
18079,Jennings County,IN,3/18/2026 1:00,0.0,0.0,0.0,
18079,Jennings County,IN,3/18/2026 2:00,0.0,0.0,0.0,
18079,Jennings County,IN,3/18/2026 3:00,0.0,0.0,0.0,
18079,Jennings County,IN,3/18/2026 4:00,0.0,0.0,0.0,
18079,Jennings County,IN,3/18/2026 5:00,0.0,0.0,0.0,
18079,Jennings County,IN,3/18/2026 6:00,0.0,0.0,0.0,
18079,Jennings County,IN,3/18/2026 7:00,0.0,0.0,0.0,
18079,Jennings County,IN,3/18/2026 8:00,0.0,0.0,0.0,
18079,Jennings County,IN,3/18/2026 9:00,0.0,0.0,0.0,
18079,Jennings County,IN,3/18/2026 10:00,0.0,0.0,0.0,
18079,Jennings County,IN,3/18/2026 11:00,0.0,0.0,0.0,
18079,Jennings County,IN,3/18/2026 12:00,0.0,0.0,0.0,
18079,Jennings County,IN,3/18/2026 13:00,0.0,0.0,0.0,
18079,Jennings County,IN,3/18/2026 14:00,0.0,0.0,0.0,
18079,Jennings County,IN,3/18/2026 15:00,0.0,0.0,0.0,
18079,Jennings County,IN,3/18/2026 16:00,0.0,0.0,0.0,
18079,Jennings County,IN,3/18/2026 17:00,0.0,0.0,0.0,
18079,Jennings County,IN,3/18/2026 18:00,0.0,0.0,0.0,
18079,Jennings County,IN,3/18/2026 19:00,0.0,0.0,0.0,
18079,Jennings County,IN,3/18/2026 20:00,0.0,0.0,0.0,
18079,Jennings County,IN,3/18/2026 21:00,0.0,0.0,0.0,
18079,Jennings County,IN,3/18/2026 22:00,0.0,0.0,0.0,
18079,Jennings County,IN,3/18/2026 23:00,0.0,0.0,0.0,
18079,Jennings County,IN,3/19/2026 0:00,0.0,0.0,,
18079,Jennings County,IN,3/19/2026 1:00,0.0,0.0,,
18079,Jennings County,IN,3/19/2026 2:00,0.0,0.0,,
18079,Jennings County,IN,3/19/2026 3:00,0.0,0.0,,
18079,Jennings County,IN,3/19/2026 4:00,0.0,0.0,,
18079,Jennings County,IN,3/19/2026 5:00,0.0,0.0,,
18079,Jennings County,IN,3/19/2026 6:00,0.0,0.0,,
18079,Jennings County,IN,3/19/2026 7:00,0.0,0.0,,
18079,Jennings County,IN,3/19/2026 8:00,0.0,0.0,,
18079,Jennings County,IN,3/19/2026 9:00,0.0,0.0,,
18079,Jennings County,IN,3/19/2026 10:00,0.0,0.0,,
18079,Jennings County,IN,3/19/2026 11:00,0.0,0.0,,
18079,Jennings County,IN,3/19/2026 12:00,0.0,0.0,,
18079,Jennings County,IN,3/19/2026 13:00,0.0,0.0,,
18079,Jennings County,IN,3/19/2026 14:00,0.0,0.0,,
18079,Jennings County,IN,3/19/2026 15:00,0.0,0.0,,
18079,Jennings County,IN,3/19/2026 16:00,0.0,0.0,,
18079,Jennings County,IN,3/19/2026 17:00,0.0,0.0,,
18079,Jennings County,IN,3/19/2026 18:00,0.0,,,
18079,Jennings County,IN,3/19/2026 19:00,0.0,,,
18079,Jennings County,IN,3/19/2026 20:00,0.0,,,
18079,Jennings County,IN,3/19/2026 21:00,0.0,,,
18079,Jennings County,IN,3/19/2026 22:00,0.0,,,
18079,Jennings County,IN,3/19/2026 23:00,,,,
18081,Johnson County,IN,3/14/2026 0:00,0.0,0.0,0.0,0.005098250108482562
18081,Johnson County,IN,3/14/2026 1:00,0.0,0.0,0.0,0.00421317833951208
18081,Johnson County,IN,3/14/2026 2:00,0.0,0.0,0.0,0.003095225892911597
18081,Johnson County,IN,3/14/2026 3:00,0.0,0.0,0.0,0.002894511500607874
18081,Johnson County,IN,3/14/2026 4:00,0.0,0.0,0.0,0.0027118898644067926
18081,Johnson County,IN,3/14/2026 5:00,0.0,0.0,0.0,0.0024968920034210765
18081,Johnson County,IN,3/14/2026 6:00,0.0,0.0,0.0,0.002673352280699069
18081,Johnson County,IN,3/14/2026 7:00,0.0,0.0,0.0,0.002791721212503209
18081,Johnson County,IN,3/14/2026 8:00,0.0,0.0,0.0,0.0026622725566702553
18081,Johnson County,IN,3/14/2026 9:00,0.0,0.0,0.0,0.0024254923581425846
18081,Johnson County,IN,3/14/2026 10:00,0.0,0.0,0.0,0.0
18081,Johnson County,IN,3/14/2026 11:00,0.0,0.0,0.0,0.0011101196646157332
18081,Johnson County,IN,3/14/2026 12:00,0.0,0.0,0.00181517982082505,0.0010997344535070446
18081,Johnson County,IN,3/14/2026 13:00,0.0,0.0,0.0028976466496255437,0.0010992407855948247
18081,Johnson County,IN,3/14/2026 14:00,0.0,0.0,0.0025797736214622385,0.0
18081,Johnson County,IN,3/14/2026 15:00,0.0,0.0,0.0023096204156136126,0.0
18081,Johnson County,IN,3/14/2026 16:00,0.0,0.0,0.0019378085522285735,0.0
18081,Johnson County,IN,3/14/2026 17:00,0.0,0.0,0.0021135840370072167,0.0
18081,Johnson County,IN,3/14/2026 18:00,0.0,0.0,0.0022777615809594183,0.0
18081,Johnson County,IN,3/14/2026 19:00,0.0,0.0,0.0018448860660309522,0.0
18081,Johnson County,IN,3/14/2026 20:00,0.0,0.0,0.0015373897667012419,0.0
18081,Johnson County,IN,3/14/2026 21:00,0.0,0.0,0.0010608934553384259,0.0
18081,Johnson County,IN,3/14/2026 22:00,0.0,0.0,0.00138357022321451,0.0
18081,Johnson County,IN,3/14/2026 23:00,0.0,0.0,0.0017022262995051503,0.0
18081,Johnson County,IN,3/15/2026 0:00,0.0,0.0,0.0015624575024970216,0.0
18081,Johnson County,IN,3/15/2026 1:00,0.0,0.0,0.0018106993328792383,0.0
18081,Johnson County,IN,3/15/2026 2:00,0.0,0.0,0.0014746106419831506,0.0
18081,Johnson County,IN,3/15/2026 3:00,0.0,0.0,0.0017616242349107617,0.0
18081,Johnson County,IN,3/15/2026 4:00,0.0,0.0,0.0019573131512178174,0.0
18081,Johnson County,IN,3/15/2026 5:00,0.0,0.001941009853335244,0.0024064522894345366,0.0
18081,Johnson County,IN,3/15/2026 6:00,0.0,0.0034125900019970306,0.002219090958957178,0.0
18081,Johnson County,IN,3/15/2026 7:00,0.0,0.006609248958514586,0.002145912918476133,0.0
18081,Johnson County,IN,3/15/2026 8:00,0.0,0.007018557638773115,0.0025095634163781995,0.0
18081,Johnson County,IN,3/15/2026 9:00,0.0,0.006944401892986905,0.0026209582206734956,0.0
18081,Johnson County,IN,3/15/2026 10:00,0.0,0.0052429224586024135,0.0018168585823304152,0.0
18081,Johnson County,IN,3/15/2026 11:00,0.0033663730832124623,0.005787493217210907,0.0012681815048289898,0.0
18081,Johnson County,IN,3/15/2026 12:00,0.004760118981438591,0.00509806617847353,0.0,0.0
18081,Johnson County,IN,3/15/2026 13:00,0.005007431313076827,0.006062875180048776,0.0,0.0
18081,Johnson County,IN,3/15/2026 14:00,0.00438973915582713,0.0028258216335550253,0.0,0.0
18081,Johnson County,IN,3/15/2026 15:00,0.00424394050521483,0.0022324396171929948,0.0,0.0
18081,Johnson County,IN,3/15/2026 16:00,0.0035662115918345632,0.0015216545918032554,0.0,0.0
18081,Johnson County,IN,3/15/2026 17:00,0.002980395300085753,0.005154365849062679,0.0,0.0
18081,Johnson County,IN,3/15/2026 18:00,0.0036971746079172115,0.0055106533921759964,0.0,0.0
18081,Johnson County,IN,3/15/2026 19:00,0.0020650869250439757,0.0045816199038874105,0.0,0.0
18081,Johnson County,IN,3/15/2026 20:00,0.00229510072278431,0.0034412975096358564,0.0,0.0
18081,Johnson County,IN,3/15/2026 21:00,0.0021550410625853916,0.004129924280339733,0.0,0.0
18081,Johnson County,IN,3/15/2026 22:00,0.002289419914371049,0.0016595078845259457,0.0,0.0
18081,Johnson County,IN,3/15/2026 23:00,0.002999799265003825,0.0016501008488678478,0.0,0.0
18081,Johnson County,IN,3/16/2026 0:00,0.002962031890057855,0.0012433184087677243,0.0,0.0
18081,Johnson County,IN,3/16/2026 1:00,0.0019181669213050052,0.0010139462654991352,0.0,0.0
18081,Johnson County,IN,3/16/2026 2:00,0.0023382337124214234,0.001114286506921468,0.0,0.0
18081,Johnson County,IN,3/16/2026 3:00,0.0016459718078739296,0.0014128018761618848,0.0,0.0
18081,Johnson County,IN,3/16/2026 4:00,0.0016541353251818824,0.0,0.0,0.0
18081,Johnson County,IN,3/16/2026 5:00,0.0015495801600645624,0.0,0.0,0.0
18081,Johnson County,IN,3/16/2026 6:00,0.0015388965475640433,0.0,0.0,0.0
18081,Johnson County,IN,3/16/2026 7:00,0.0013332249951415209,0.0,0.0,0.0
18081,Johnson County,IN,3/16/2026 8:00,0.0010715155142435504,0.0,0.0,0.0
18081,Johnson County,IN,3/16/2026 9:00,0.0010645297097165998,0.0,0.0,0.0
18081,Johnson County,IN,3/16/2026 10:00,0.0,0.0,0.0,0.0
18081,Johnson County,IN,3/16/2026 11:00,0.0,0.0,0.0,0.0
18081,Johnson County,IN,3/16/2026 12:00,0.0,0.0,0.0,0.0
18081,Johnson County,IN,3/16/2026 13:00,0.0,0.0,0.0,0.0
18081,Johnson County,IN,3/16/2026 14:00,0.0,0.0,0.0,0.0
18081,Johnson County,IN,3/16/2026 15:00,0.0,0.0,0.0,0.0
18081,Johnson County,IN,3/16/2026 16:00,0.0,0.0,0.0,0.0
18081,Johnson County,IN,3/16/2026 17:00,0.0,0.0,0.0,0.0
18081,Johnson County,IN,3/16/2026 18:00,0.0,0.0,0.0,0.0
18081,Johnson County,IN,3/16/2026 19:00,0.0,0.0,0.0,0.0
18081,Johnson County,IN,3/16/2026 20:00,0.0,0.0,0.0,0.0
18081,Johnson County,IN,3/16/2026 21:00,0.0,0.0,0.0,0.0
18081,Johnson County,IN,3/16/2026 22:00,0.0,0.0,0.0,0.0
18081,Johnson County,IN,3/16/2026 23:00,0.0,0.0,0.0,0.0
18081,Johnson County,IN,3/17/2026 0:00,0.0,0.0,0.0,0.0
18081,Johnson County,IN,3/17/2026 1:00,0.0,0.0,0.0,0.0
18081,Johnson County,IN,3/17/2026 2:00,0.0,0.0,0.0,0.0
18081,Johnson County,IN,3/17/2026 3:00,0.0,0.0,0.0,0.0
18081,Johnson County,IN,3/17/2026 4:00,0.0,0.0,0.0,0.0
18081,Johnson County,IN,3/17/2026 5:00,0.0,0.0,0.0,0.0
18081,Johnson County,IN,3/17/2026 6:00,0.0,0.0,0.0,0.0
18081,Johnson County,IN,3/17/2026 7:00,0.0,0.0,0.0,0.0
18081,Johnson County,IN,3/17/2026 8:00,0.0,0.0,0.0,0.0
18081,Johnson County,IN,3/17/2026 9:00,0.0,0.0,0.0,0.0
18081,Johnson County,IN,3/17/2026 10:00,0.0,0.0,0.0,0.0
18081,Johnson County,IN,3/17/2026 11:00,0.0,0.0,0.0,0.0
18081,Johnson County,IN,3/17/2026 12:00,0.0,0.0,0.0,0.0
18081,Johnson County,IN,3/17/2026 13:00,0.0,0.0,0.0,0.0
18081,Johnson County,IN,3/17/2026 14:00,0.0,0.0,0.0,0.0
18081,Johnson County,IN,3/17/2026 15:00,0.0,0.0,0.0,0.0
18081,Johnson County,IN,3/17/2026 16:00,0.0,0.0,0.0,0.0
18081,Johnson County,IN,3/17/2026 17:00,0.0,0.0,0.0,0.0
18081,Johnson County,IN,3/17/2026 18:00,0.0,0.0,0.0,0.0
18081,Johnson County,IN,3/17/2026 19:00,0.0,0.0,0.0,0.0
18081,Johnson County,IN,3/17/2026 20:00,0.0,0.0,0.0,0.0
18081,Johnson County,IN,3/17/2026 21:00,0.0,0.0,0.0,0.0
18081,Johnson County,IN,3/17/2026 22:00,0.0,0.0,0.0,0.0
18081,Johnson County,IN,3/17/2026 23:00,0.0,0.0,0.0,0.0
18081,Johnson County,IN,3/18/2026 0:00,0.0,0.0,0.0,
18081,Johnson County,IN,3/18/2026 1:00,0.0,0.0,0.0,
18081,Johnson County,IN,3/18/2026 2:00,0.0,0.0,0.0,
18081,Johnson County,IN,3/18/2026 3:00,0.0,0.0,0.0,
18081,Johnson County,IN,3/18/2026 4:00,0.0,0.0,0.0,
18081,Johnson County,IN,3/18/2026 5:00,0.0,0.0,0.0,
18081,Johnson County,IN,3/18/2026 6:00,0.0,0.0,0.0,
18081,Johnson County,IN,3/18/2026 7:00,0.0,0.0,0.0,
18081,Johnson County,IN,3/18/2026 8:00,0.0,0.0,0.0,
18081,Johnson County,IN,3/18/2026 9:00,0.0,0.0,0.0,
18081,Johnson County,IN,3/18/2026 10:00,0.0,0.0,0.0,
18081,Johnson County,IN,3/18/2026 11:00,0.0,0.0,0.0,
18081,Johnson County,IN,3/18/2026 12:00,0.0,0.0,0.0,
18081,Johnson County,IN,3/18/2026 13:00,0.0,0.0,0.0,
18081,Johnson County,IN,3/18/2026 14:00,0.0,0.0,0.0,
18081,Johnson County,IN,3/18/2026 15:00,0.0,0.0,0.0,
18081,Johnson County,IN,3/18/2026 16:00,0.0,0.0,0.0,
18081,Johnson County,IN,3/18/2026 17:00,0.0,0.0,0.0,
18081,Johnson County,IN,3/18/2026 18:00,0.0,0.0,0.0,
18081,Johnson County,IN,3/18/2026 19:00,0.0,0.0,0.0,
18081,Johnson County,IN,3/18/2026 20:00,0.0,0.0,0.0,
18081,Johnson County,IN,3/18/2026 21:00,0.0,0.0,0.0,
18081,Johnson County,IN,3/18/2026 22:00,0.0,0.0,0.0,
18081,Johnson County,IN,3/18/2026 23:00,0.0,0.0,0.0,
18081,Johnson County,IN,3/19/2026 0:00,0.0,0.0,,
18081,Johnson County,IN,3/19/2026 1:00,0.0,0.0,,
18081,Johnson County,IN,3/19/2026 2:00,0.0,0.0,,
18081,Johnson County,IN,3/19/2026 3:00,0.0,0.0,,
18081,Johnson County,IN,3/19/2026 4:00,0.0,0.0,,
18081,Johnson County,IN,3/19/2026 5:00,0.0,0.0,,
18081,Johnson County,IN,3/19/2026 6:00,0.0,0.0,,
18081,Johnson County,IN,3/19/2026 7:00,0.0,0.0,,
18081,Johnson County,IN,3/19/2026 8:00,0.0,0.0,,
18081,Johnson County,IN,3/19/2026 9:00,0.0,0.0,,
18081,Johnson County,IN,3/19/2026 10:00,0.0,0.0,,
18081,Johnson County,IN,3/19/2026 11:00,0.0,0.0,,
18081,Johnson County,IN,3/19/2026 12:00,0.0,0.0,,
18081,Johnson County,IN,3/19/2026 13:00,0.0,0.0,,
18081,Johnson County,IN,3/19/2026 14:00,0.0,0.0,,
18081,Johnson County,IN,3/19/2026 15:00,0.0,0.0,,
18081,Johnson County,IN,3/19/2026 16:00,0.0,0.0,,
18081,Johnson County,IN,3/19/2026 17:00,0.0,0.0,,
18081,Johnson County,IN,3/19/2026 18:00,0.0,,,
18081,Johnson County,IN,3/19/2026 19:00,0.0,,,
18081,Johnson County,IN,3/19/2026 20:00,0.0,,,
18081,Johnson County,IN,3/19/2026 21:00,0.0,,,
18081,Johnson County,IN,3/19/2026 22:00,0.0,,,
18081,Johnson County,IN,3/19/2026 23:00,,,,
18115,Ohio County,IN,3/14/2026 0:00,0.002930179695204793,0.0011420504582577513,0.0,0.00981798319580782
18115,Ohio County,IN,3/14/2026 1:00,0.0012230491078477153,0.0,0.0,0.010130317340694627
18115,Ohio County,IN,3/14/2026 2:00,0.0013103092224867835,0.0,0.0,0.009565261723140811
18115,Ohio County,IN,3/14/2026 3:00,0.0,0.0,0.0,0.008721867206641464
18115,Ohio County,IN,3/14/2026 4:00,0.0,0.0,0.0,0.008034359324498079
18115,Ohio County,IN,3/14/2026 5:00,0.0,0.0,0.0,0.008619795569062772
18115,Ohio County,IN,3/14/2026 6:00,0.0,0.0,0.0,0.007497498969880025
18115,Ohio County,IN,3/14/2026 7:00,0.0,0.0,0.0,0.007346834709480169
18115,Ohio County,IN,3/14/2026 8:00,0.0,0.0,0.0,0.008818005120721738
18115,Ohio County,IN,3/14/2026 9:00,0.0,0.0,0.0,0.008602237612927345
18115,Ohio County,IN,3/14/2026 10:00,0.0,0.0,0.0,0.00769206413400318
18115,Ohio County,IN,3/14/2026 11:00,0.0,0.0,0.0048405280452836295,0.006553976056539766
18115,Ohio County,IN,3/14/2026 12:00,0.0,0.0,0.01345543350310823,0.00570487952874033
18115,Ohio County,IN,3/14/2026 13:00,0.0,0.0,0.0159825182926177,0.005139356947622467
18115,Ohio County,IN,3/14/2026 14:00,0.0,0.0,0.017673129621532915,0.004730511006003231
18115,Ohio County,IN,3/14/2026 15:00,0.0,0.0,0.017080359460891703,0.004898142518371148
18115,Ohio County,IN,3/14/2026 16:00,0.0,0.0,0.01705424703310835,0.004355456716133662
18115,Ohio County,IN,3/14/2026 17:00,0.0,0.0,0.015152108464505007,0.004337845519456209
18115,Ohio County,IN,3/14/2026 18:00,0.0,0.0,0.0142879360416363,0.004331750864629081
18115,Ohio County,IN,3/14/2026 19:00,0.0,0.0,0.014812883732783142,0.004378091810384014
18115,Ohio County,IN,3/14/2026 20:00,0.0,0.0,0.014705062532072221,0.004354374743287456
18115,Ohio County,IN,3/14/2026 21:00,0.0,0.0,0.014614818915945887,0.00404803493303383
18115,Ohio County,IN,3/14/2026 22:00,0.0,0.0,0.014793190768008632,0.004444283299821817
18115,Ohio County,IN,3/14/2026 23:00,0.0,0.0,0.012080920253666753,0.004394403876448655
18115,Ohio County,IN,3/15/2026 0:00,0.0,0.0,0.012068188909099213,0.004321361429572116
18115,Ohio County,IN,3/15/2026 1:00,0.0,0.0,0.01208114687575015,0.004313615936812507
18115,Ohio County,IN,3/15/2026 2:00,0.0,0.0,0.00900948507187527,0.0046098268016963
18115,Ohio County,IN,3/15/2026 3:00,0.0,0.0,0.005901579427963595,0.00444901881641121
18115,Ohio County,IN,3/15/2026 4:00,0.0,0.0,0.004222569328988951,0.004263924991638337
18115,Ohio County,IN,3/15/2026 5:00,0.0,0.00700478275317556,0.0037431223995751032,0.0043390868716144
18115,Ohio County,IN,3/15/2026 6:00,0.0,0.007356796482459791,0.003183917627173356,0.0043131314085616225
18115,Ohio County,IN,3/15/2026 7:00,0.0,0.012163259645307475,0.004564144235789198,0.004353638018943837
18115,Ohio County,IN,3/15/2026 8:00,0.0,0.01531364255532509,0.005002842786075552,0.004357517622359525
18115,Ohio County,IN,3/15/2026 9:00,0.0,0.014030717035109594,0.004130921445580463,0.004128614920396213
18115,Ohio County,IN,3/15/2026 10:00,0.005341314888489284,0.011841557984842191,0.0030519762883745275,0.004020531793942612
18115,Ohio County,IN,3/15/2026 11:00,0.016026595756860555,0.012207508400702932,0.0024123711145657262,0.0035329804746093117
18115,Ohio County,IN,3/15/2026 12:00,0.021686223544907325,0.00701527201517403,0.0027005383223078533,0.0035240886288326724
18115,Ohio County,IN,3/15/2026 13:00,0.02229038527770408,0.006732710662301217,0.0019049512209775895,0.0035240886288326724
18115,Ohio County,IN,3/15/2026 14:00,0.019227967210930966,0.005826889710923224,0.0022172019659093835,0.0041448963501467834
18115,Ohio County,IN,3/15/2026 15:00,0.0187021323079253,0.004271039434241842,0.0,0.004189153921423357
18115,Ohio County,IN,3/15/2026 16:00,0.01956826526721829,0.005200941023470916,0.0011310795764581895,0.0041095741119235064
18115,Ohio County,IN,3/15/2026 17:00,0.019087551060478252,0.002441391610854408,0.0010002842942984764,0.004104403515363379
18115,Ohio County,IN,3/15/2026 18:00,0.016422365361346853,0.0027744348601616148,0.002035942777866223,0.003377496894695072
18115,Ohio County,IN,3/15/2026 19:00,0.013098400046425127,0.0036132531295857894,0.002904495301052494,0.003355142452507064
18115,Ohio County,IN,3/15/2026 20:00,0.014277582142754396,0.004700268866294609,0.0025237774605685443,0.0
18115,Ohio County,IN,3/15/2026 21:00,0.01379554448555567,0.004942126813879359,0.0023781427502688004,0.0
18115,Ohio County,IN,3/15/2026 22:00,0.012751877318847393,0.005623753151386731,0.002404224392987086,0.0
18115,Ohio County,IN,3/15/2026 23:00,0.010122439795817822,0.004934189190148636,0.004015120431553065,0.0
18115,Ohio County,IN,3/16/2026 0:00,0.015056560059934141,0.004905791139316196,0.0041713637803940514,0.0
18115,Ohio County,IN,3/16/2026 1:00,0.015399377909257701,0.0023758515423063847,0.0015588072856622323,0.0
18115,Ohio County,IN,3/16/2026 2:00,0.009611367828141823,0.0,0.0012712567901436104,0.0
18115,Ohio County,IN,3/16/2026 3:00,0.01103536127536859,0.0017048490413381864,0.0,0.0
18115,Ohio County,IN,3/16/2026 4:00,0.007544940354806986,0.0,0.0,0.0
18115,Ohio County,IN,3/16/2026 5:00,0.00828020987465759,0.001635825426263821,0.0,0.0
18115,Ohio County,IN,3/16/2026 6:00,0.007598247909029893,0.0024515390474212535,0.0010036076302795348,0.0
18115,Ohio County,IN,3/16/2026 7:00,0.0041698984377932635,0.001469349289093965,0.0,0.0
18115,Ohio County,IN,3/16/2026 8:00,0.002965627726068637,0.0016490690074225476,0.0,0.0
18115,Ohio County,IN,3/16/2026 9:00,0.0032533189362897604,0.0016082069712406875,0.0,0.0
18115,Ohio County,IN,3/16/2026 10:00,0.0020130996903130562,0.0016112039909505261,0.0,0.0
18115,Ohio County,IN,3/16/2026 11:00,0.001999195259336196,0.0014283642884776993,0.0,0.0
18115,Ohio County,IN,3/16/2026 12:00,0.0015744817087306984,0.001266121009824894,0.0,0.0
18115,Ohio County,IN,3/16/2026 13:00,0.002027228234878966,0.0015494574191813784,0.0,0.0
18115,Ohio County,IN,3/16/2026 14:00,0.0016366575461451204,0.0020800095792361125,0.0,0.0
18115,Ohio County,IN,3/16/2026 15:00,0.0014460755938677662,0.0020114975814259435,0.0,0.0
18115,Ohio County,IN,3/16/2026 16:00,0.001177367473068203,0.0023614616296454317,0.0,0.0
18115,Ohio County,IN,3/16/2026 17:00,0.0012195150084522242,0.0024022492360299018,0.0,0.0
18115,Ohio County,IN,3/16/2026 18:00,0.001298969437364895,0.0022578992548943785,0.0,0.0
18115,Ohio County,IN,3/16/2026 19:00,0.0014955182528264654,0.0017329926826373766,0.0,0.0
18115,Ohio County,IN,3/16/2026 20:00,0.0013253534250536284,0.0015745972370230798,0.0,0.0
18115,Ohio County,IN,3/16/2026 21:00,0.0016641967560882317,0.0017429572388434691,0.0,0.0
18115,Ohio County,IN,3/16/2026 22:00,0.0016237724195797187,0.0016212059481819927,0.0,0.0
18115,Ohio County,IN,3/16/2026 23:00,0.0014556241271998199,0.0016193076365143176,0.0,0.0
18115,Ohio County,IN,3/17/2026 0:00,0.0013769864039901987,0.001749181997775665,0.0,0.0
18115,Ohio County,IN,3/17/2026 1:00,0.001317471812315903,0.001670748669405422,0.0,0.0
18115,Ohio County,IN,3/17/2026 2:00,0.001067853218803739,0.0016051221804659454,0.0,0.0
18115,Ohio County,IN,3/17/2026 3:00,0.0011010316225562073,0.0015153617749363484,0.0,0.0
18115,Ohio County,IN,3/17/2026 4:00,0.0,0.001483853886650316,0.0,0.0
18115,Ohio County,IN,3/17/2026 5:00,0.0,0.0014613860098732295,0.0,0.0
18115,Ohio County,IN,3/17/2026 6:00,0.0,0.0014533075979043613,0.0,0.0
18115,Ohio County,IN,3/17/2026 7:00,0.0,0.0,0.0,0.0
18115,Ohio County,IN,3/17/2026 8:00,0.0,0.0,0.0,0.0
18115,Ohio County,IN,3/17/2026 9:00,0.0,0.0,0.0,0.0
18115,Ohio County,IN,3/17/2026 10:00,0.0,0.0,0.0,0.0
18115,Ohio County,IN,3/17/2026 11:00,0.0,0.0,0.0,0.0
18115,Ohio County,IN,3/17/2026 12:00,0.0,0.0,0.0,0.0
18115,Ohio County,IN,3/17/2026 13:00,0.0,0.0,0.0,0.0
18115,Ohio County,IN,3/17/2026 14:00,0.0,0.0,0.0,0.0
18115,Ohio County,IN,3/17/2026 15:00,0.0,0.0,0.0,0.0
18115,Ohio County,IN,3/17/2026 16:00,0.0,0.0,0.0,0.0
18115,Ohio County,IN,3/17/2026 17:00,0.0,0.0,0.0,0.0
18115,Ohio County,IN,3/17/2026 18:00,0.0,0.0,0.0,0.0
18115,Ohio County,IN,3/17/2026 19:00,0.0,0.0,0.0,0.0
18115,Ohio County,IN,3/17/2026 20:00,0.0,0.0,0.0,0.0
18115,Ohio County,IN,3/17/2026 21:00,0.0,0.0,0.0,0.0
18115,Ohio County,IN,3/17/2026 22:00,0.0,0.0,0.0,0.0
18115,Ohio County,IN,3/17/2026 23:00,0.0,0.0,0.0,0.0
18115,Ohio County,IN,3/18/2026 0:00,0.0,0.0,0.0,
18115,Ohio County,IN,3/18/2026 1:00,0.0,0.0,0.0,
18115,Ohio County,IN,3/18/2026 2:00,0.0,0.0,0.0,
18115,Ohio County,IN,3/18/2026 3:00,0.0,0.0,0.0,
18115,Ohio County,IN,3/18/2026 4:00,0.0,0.0,0.0,
18115,Ohio County,IN,3/18/2026 5:00,0.0,0.0,0.0,
18115,Ohio County,IN,3/18/2026 6:00,0.0,0.0,0.0,
18115,Ohio County,IN,3/18/2026 7:00,0.0,0.0,0.0,
18115,Ohio County,IN,3/18/2026 8:00,0.0,0.0,0.0,
18115,Ohio County,IN,3/18/2026 9:00,0.0,0.0,0.0,
18115,Ohio County,IN,3/18/2026 10:00,0.0,0.0,0.0,
18115,Ohio County,IN,3/18/2026 11:00,0.0,0.0,0.0,
18115,Ohio County,IN,3/18/2026 12:00,0.0,0.0,0.0,
18115,Ohio County,IN,3/18/2026 13:00,0.0,0.0,0.0,
18115,Ohio County,IN,3/18/2026 14:00,0.0,0.0,0.0,
18115,Ohio County,IN,3/18/2026 15:00,0.0,0.0,0.0,
18115,Ohio County,IN,3/18/2026 16:00,0.0,0.0,0.0,
18115,Ohio County,IN,3/18/2026 17:00,0.0,0.0,0.0,
18115,Ohio County,IN,3/18/2026 18:00,0.0,0.0,0.0,
18115,Ohio County,IN,3/18/2026 19:00,0.0,0.0,0.0,
18115,Ohio County,IN,3/18/2026 20:00,0.0,0.0,0.0,
18115,Ohio County,IN,3/18/2026 21:00,0.0,0.0,0.0,
18115,Ohio County,IN,3/18/2026 22:00,0.0,0.0,0.0,
18115,Ohio County,IN,3/18/2026 23:00,0.0,0.0,0.0,
18115,Ohio County,IN,3/19/2026 0:00,0.0,0.0,,
18115,Ohio County,IN,3/19/2026 1:00,0.0,0.0,,
18115,Ohio County,IN,3/19/2026 2:00,0.0,0.0,,
18115,Ohio County,IN,3/19/2026 3:00,0.0,0.0,,
18115,Ohio County,IN,3/19/2026 4:00,0.0,0.0,,
18115,Ohio County,IN,3/19/2026 5:00,0.0,0.0,,
18115,Ohio County,IN,3/19/2026 6:00,0.0,0.0,,
18115,Ohio County,IN,3/19/2026 7:00,0.0,0.0,,
18115,Ohio County,IN,3/19/2026 8:00,0.0,0.0,,
18115,Ohio County,IN,3/19/2026 9:00,0.0,0.0,,
18115,Ohio County,IN,3/19/2026 10:00,0.0,0.0,,
18115,Ohio County,IN,3/19/2026 11:00,0.0,0.0,,
18115,Ohio County,IN,3/19/2026 12:00,0.0,0.0,,
18115,Ohio County,IN,3/19/2026 13:00,0.0,0.0,,
18115,Ohio County,IN,3/19/2026 14:00,0.0,0.0,,
18115,Ohio County,IN,3/19/2026 15:00,0.0,0.0,,
18115,Ohio County,IN,3/19/2026 16:00,0.0,0.0,,
18115,Ohio County,IN,3/19/2026 17:00,0.0,0.0,,
18115,Ohio County,IN,3/19/2026 18:00,0.0,,,
18115,Ohio County,IN,3/19/2026 19:00,0.0,,,
18115,Ohio County,IN,3/19/2026 20:00,0.0,,,
18115,Ohio County,IN,3/19/2026 21:00,0.0,,,
18115,Ohio County,IN,3/19/2026 22:00,0.0,,,
18115,Ohio County,IN,3/19/2026 23:00,,,,
18119,Owen County,IN,3/14/2026 0:00,0.0018210495295121617,0.002583025209798861,0.0,0.011509740014071132
18119,Owen County,IN,3/14/2026 1:00,0.0019223314700075086,0.002786113376902522,0.0,0.010368454173883533
18119,Owen County,IN,3/14/2026 2:00,0.0019189864203566101,0.0026809527296323696,0.0,0.008095215327449128
18119,Owen County,IN,3/14/2026 3:00,0.0022569996291769787,0.0033099617939534066,0.0,0.004754099190410913
18119,Owen County,IN,3/14/2026 4:00,0.0021601764536048782,0.0035647802861810685,0.0,0.004291257349108514
18119,Owen County,IN,3/14/2026 5:00,0.0022190504191402153,0.0035014491414420007,0.0,0.004127999362720198
18119,Owen County,IN,3/14/2026 6:00,0.002684520998532916,0.0036047050161908296,0.0,0.0035415438925646913
18119,Owen County,IN,3/14/2026 7:00,0.003762025504400579,0.003894486802616238,0.0,0.0032683643155562102
18119,Owen County,IN,3/14/2026 8:00,0.004798876524564257,0.003116923707161156,0.0,0.0020502625809517613
18119,Owen County,IN,3/14/2026 9:00,0.003787399159090225,0.003360498512151347,0.0,0.0012897321703548002
18119,Owen County,IN,3/14/2026 10:00,0.003694865669816283,0.001356051511222544,0.00343424271300907,0.0
18119,Owen County,IN,3/14/2026 11:00,0.003609463182923178,0.001030350384363588,0.007673626235222357,0.0
18119,Owen County,IN,3/14/2026 12:00,0.0036589924137042464,0.0,0.016891419572924945,0.0
18119,Owen County,IN,3/14/2026 13:00,0.003561704588450006,0.0,0.024093991696633933,0.0
18119,Owen County,IN,3/14/2026 14:00,0.003604842878863886,0.0011975865785443943,0.02502869619696743,0.0
18119,Owen County,IN,3/14/2026 15:00,0.0031933962747684634,0.0,0.02146945728888995,0.0
18119,Owen County,IN,3/14/2026 16:00,0.0034913315817690976,0.0,0.01918571279370746,0.0
18119,Owen County,IN,3/14/2026 17:00,0.0029620074816796476,0.0,0.016465619098509764,0.0
18119,Owen County,IN,3/14/2026 18:00,0.003065968429136739,0.0,0.015514127672269446,0.0
18119,Owen County,IN,3/14/2026 19:00,0.0019488921170213013,0.0,0.015102429050129262,0.0
18119,Owen County,IN,3/14/2026 20:00,0.0019269055492439982,0.0,0.010058517299097154,0.0
18119,Owen County,IN,3/14/2026 21:00,0.0018769105401635546,0.0,0.008156418663823474,0.0
18119,Owen County,IN,3/14/2026 22:00,0.0015843262101915185,0.0,0.009030682923143891,0.0
18119,Owen County,IN,3/14/2026 23:00,0.0011597898843991783,0.0,0.00795675999767369,0.0
18119,Owen County,IN,3/15/2026 0:00,0.0,0.0,0.008029861072576265,0.0
18119,Owen County,IN,3/15/2026 1:00,0.0,0.0,0.006913954740278071,0.0
18119,Owen County,IN,3/15/2026 2:00,0.0,0.0,0.012370691350847743,0.0
18119,Owen County,IN,3/15/2026 3:00,0.0,0.0,0.0102656392075715,0.0
18119,Owen County,IN,3/15/2026 4:00,0.0,0.006077745023200442,0.006514317966601773,0.0
18119,Owen County,IN,3/15/2026 5:00,0.0,0.008972685677953871,0.004974484562716793,0.0
18119,Owen County,IN,3/15/2026 6:00,0.0,0.014871165237727519,0.004940831456331478,0.0
18119,Owen County,IN,3/15/2026 7:00,0.0,0.025316717129431635,0.0035911366246614844,0.0
18119,Owen County,IN,3/15/2026 8:00,0.0026390651934978943,0.023465850404286018,0.0020240372768876402,0.0
18119,Owen County,IN,3/15/2026 9:00,0.0039684066177785365,0.023182808955935684,0.002564760643737344,0.0
18119,Owen County,IN,3/15/2026 10:00,0.013519190123103134,0.02183244597253671,0.00261765701752412,0.0
18119,Owen County,IN,3/15/2026 11:00,0.01914200416306862,0.021556669823017873,0.0027441665234221287,0.0
18119,Owen County,IN,3/15/2026 12:00,0.02187897851868664,0.022147159699978807,0.0030419845366882418,0.0
18119,Owen County,IN,3/15/2026 13:00,0.022965420083430093,0.020605234958930792,0.002148414131875129,0.0
18119,Owen County,IN,3/15/2026 14:00,0.024301483196914497,0.0142839707912711,0.0027813769858719265,0.0
18119,Owen County,IN,3/15/2026 15:00,0.017452512956535538,0.010158517327599863,0.002306243323417153,0.0
18119,Owen County,IN,3/15/2026 16:00,0.016157616531852534,0.015622086553799687,0.0024358447502573458,0.0
18119,Owen County,IN,3/15/2026 17:00,0.015029136239556953,0.016391142436947188,0.0026579929061542567,0.0
18119,Owen County,IN,3/15/2026 18:00,0.014651296919197906,0.015352593759446084,0.0025601776823906976,0.0
18119,Owen County,IN,3/15/2026 19:00,0.01133116537157027,0.015144701367383568,0.0031273879675748767,0.0
18119,Owen County,IN,3/15/2026 20:00,0.009011741396401717,0.014298654431304403,0.0023061819194562312,0.0
18119,Owen County,IN,3/15/2026 21:00,0.010825868928175327,0.010277995186427372,0.0018044528290834252,0.0
18119,Owen County,IN,3/15/2026 22:00,0.017669280627498066,0.012368385632082552,0.0022472061862450323,0.0
18119,Owen County,IN,3/15/2026 23:00,0.017558033220506458,0.0031690952979256145,0.00142440365532858,0.0
18119,Owen County,IN,3/16/2026 0:00,0.008534032133588635,0.0012412634031249664,0.0010244096092637694,0.0
18119,Owen County,IN,3/16/2026 1:00,0.006985722078351674,0.0010782084315215793,0.0,0.0
18119,Owen County,IN,3/16/2026 2:00,0.006500014487644622,0.0015429140812078003,0.0016249123927835492,0.0
18119,Owen County,IN,3/16/2026 3:00,0.006023519000858149,0.0,0.0015899856119159694,0.0
18119,Owen County,IN,3/16/2026 4:00,0.00459467211360543,0.0,0.0014144868051560182,0.0
18119,Owen County,IN,3/16/2026 5:00,0.004523174529201973,0.0,0.0015854492261459527,0.0
18119,Owen County,IN,3/16/2026 6:00,0.0026606826098782635,0.0,0.0010338426414914388,0.0
18119,Owen County,IN,3/16/2026 7:00,0.002900347394340001,0.0,0.0011967557450413748,0.0
18119,Owen County,IN,3/16/2026 8:00,0.003246282581431437,0.0,0.0,0.0
18119,Owen County,IN,3/16/2026 9:00,0.0035193891573185774,0.0,0.0013209535327341362,0.0
18119,Owen County,IN,3/16/2026 10:00,0.0029587831729552655,0.001162528441026563,0.002024297019366649,0.0
18119,Owen County,IN,3/16/2026 11:00,0.0031448153449876058,0.0011414007140050726,0.0017575602210562855,0.0
18119,Owen County,IN,3/16/2026 12:00,0.0025675450774303226,0.0013664867400138107,0.003179541245533455,0.0
18119,Owen County,IN,3/16/2026 13:00,0.0023445401325195773,0.0,0.0028600487288863797,0.0
18119,Owen County,IN,3/16/2026 14:00,0.003025454475459481,0.0,0.0,0.0
18119,Owen County,IN,3/16/2026 15:00,0.0028543407761975953,0.0,0.0010382901954651116,0.0
18119,Owen County,IN,3/16/2026 16:00,0.0032516986155710585,0.0,0.0013492502150736312,0.0
18119,Owen County,IN,3/16/2026 17:00,0.003378302666390918,0.0,0.0,0.0
18119,Owen County,IN,3/16/2026 18:00,0.003638406233089689,0.0,0.0,0.0
18119,Owen County,IN,3/16/2026 19:00,0.0027787940072347196,0.0,0.0,0.0
18119,Owen County,IN,3/16/2026 20:00,0.002158086784029005,0.0,0.0,0.0
18119,Owen County,IN,3/16/2026 21:00,0.002723946025890172,0.0,0.0,0.0
18119,Owen County,IN,3/16/2026 22:00,0.0021704957735496533,0.0,0.0,0.0
18119,Owen County,IN,3/16/2026 23:00,0.0019765299258272394,0.0,0.0,0.0
18119,Owen County,IN,3/17/2026 0:00,0.0018440288740855305,0.0,0.0,0.0
18119,Owen County,IN,3/17/2026 1:00,0.001235991123667417,0.0,0.0,0.0
18119,Owen County,IN,3/17/2026 2:00,0.001108747796282701,0.0,0.0,0.0
18119,Owen County,IN,3/17/2026 3:00,0.0,0.0,0.0,0.0
18119,Owen County,IN,3/17/2026 4:00,0.0,0.0,0.0,0.0
18119,Owen County,IN,3/17/2026 5:00,0.0,0.0,0.0,0.0
18119,Owen County,IN,3/17/2026 6:00,0.0,0.0,0.0,0.0
18119,Owen County,IN,3/17/2026 7:00,0.0,0.0,0.0,0.0
18119,Owen County,IN,3/17/2026 8:00,0.0,0.0010227558868066912,0.0,0.0
18119,Owen County,IN,3/17/2026 9:00,0.0,0.0,0.0,0.0
18119,Owen County,IN,3/17/2026 10:00,0.001590798294828589,0.0,0.0,0.0
18119,Owen County,IN,3/17/2026 11:00,0.0013457929620031618,0.0,0.0,0.0
18119,Owen County,IN,3/17/2026 12:00,0.0011492261462199354,0.0,0.0,0.0
18119,Owen County,IN,3/17/2026 13:00,0.0012228759728538353,0.0,0.0018259379277947424,0.0
18119,Owen County,IN,3/17/2026 14:00,0.0012093282624452714,0.0,0.0,0.0
18119,Owen County,IN,3/17/2026 15:00,0.001077345898971446,0.0,0.0,0.0
18119,Owen County,IN,3/17/2026 16:00,0.0,0.0,0.0,0.0
18119,Owen County,IN,3/17/2026 17:00,0.0,0.0,0.0,0.0
18119,Owen County,IN,3/17/2026 18:00,0.0,0.0,0.0,0.0
18119,Owen County,IN,3/17/2026 19:00,0.0,0.0,0.0,0.0
18119,Owen County,IN,3/17/2026 20:00,0.0,0.0,0.0,0.0
18119,Owen County,IN,3/17/2026 21:00,0.0,0.0,0.0,0.0
18119,Owen County,IN,3/17/2026 22:00,0.0,0.0,0.0,0.0
18119,Owen County,IN,3/17/2026 23:00,0.0,0.0,0.0,0.0
18119,Owen County,IN,3/18/2026 0:00,0.0,0.0,0.0,
18119,Owen County,IN,3/18/2026 1:00,0.0,0.0,0.0,
18119,Owen County,IN,3/18/2026 2:00,0.0,0.0,0.0,
18119,Owen County,IN,3/18/2026 3:00,0.0,0.0,0.0,
18119,Owen County,IN,3/18/2026 4:00,0.0,0.0,0.0,
18119,Owen County,IN,3/18/2026 5:00,0.0,0.0,0.0,
18119,Owen County,IN,3/18/2026 6:00,0.0,0.0,0.0016626980794440438,
18119,Owen County,IN,3/18/2026 7:00,0.0,0.0,0.0,
18119,Owen County,IN,3/18/2026 8:00,0.0,0.0,0.0,
18119,Owen County,IN,3/18/2026 9:00,0.0,0.0,0.0,
18119,Owen County,IN,3/18/2026 10:00,0.0,0.0,0.0,
18119,Owen County,IN,3/18/2026 11:00,0.0,0.0012107161155062059,0.0,
18119,Owen County,IN,3/18/2026 12:00,0.0,0.003520942738718502,0.0,
18119,Owen County,IN,3/18/2026 13:00,0.0,0.0,0.0014435423552768354,
18119,Owen County,IN,3/18/2026 14:00,0.0,0.0,0.0,
18119,Owen County,IN,3/18/2026 15:00,0.0,0.0,0.0,
18119,Owen County,IN,3/18/2026 16:00,0.0,0.0,0.0,
18119,Owen County,IN,3/18/2026 17:00,0.0,0.0,0.0,
18119,Owen County,IN,3/18/2026 18:00,0.0,0.0,0.0,
18119,Owen County,IN,3/18/2026 19:00,0.0,0.0,0.0,
18119,Owen County,IN,3/18/2026 20:00,0.0,0.0,0.0,
18119,Owen County,IN,3/18/2026 21:00,0.0,0.0,0.0,
18119,Owen County,IN,3/18/2026 22:00,0.0,0.0,0.0,
18119,Owen County,IN,3/18/2026 23:00,0.0,0.0,0.0,
18119,Owen County,IN,3/19/2026 0:00,0.0,0.0,,
18119,Owen County,IN,3/19/2026 1:00,0.0,0.0,,
18119,Owen County,IN,3/19/2026 2:00,0.0,0.0,,
18119,Owen County,IN,3/19/2026 3:00,0.0,0.0,,
18119,Owen County,IN,3/19/2026 4:00,0.0,0.0,,
18119,Owen County,IN,3/19/2026 5:00,0.0,0.0,,
18119,Owen County,IN,3/19/2026 6:00,0.0,0.0,,
18119,Owen County,IN,3/19/2026 7:00,0.0,0.0,,
18119,Owen County,IN,3/19/2026 8:00,0.0,0.0,,
18119,Owen County,IN,3/19/2026 9:00,0.0,0.0,,
18119,Owen County,IN,3/19/2026 10:00,0.0,0.0,,
18119,Owen County,IN,3/19/2026 11:00,0.0,0.0,,
18119,Owen County,IN,3/19/2026 12:00,0.0,0.0,,
18119,Owen County,IN,3/19/2026 13:00,0.0,0.0,,
18119,Owen County,IN,3/19/2026 14:00,0.0,0.0,,
18119,Owen County,IN,3/19/2026 15:00,0.0,0.0,,
18119,Owen County,IN,3/19/2026 16:00,0.0,0.0,,
18119,Owen County,IN,3/19/2026 17:00,0.0,0.0,,
18119,Owen County,IN,3/19/2026 18:00,0.0,,,
18119,Owen County,IN,3/19/2026 19:00,0.0,,,
18119,Owen County,IN,3/19/2026 20:00,0.0,,,
18119,Owen County,IN,3/19/2026 21:00,0.0,,,
18119,Owen County,IN,3/19/2026 22:00,0.0,,,
18119,Owen County,IN,3/19/2026 23:00,,,,
39001,Adams County,OH,3/14/2026 0:00,0.0,0.0,0.0,0.0
39001,Adams County,OH,3/14/2026 1:00,0.0,0.0,0.0,0.0
39001,Adams County,OH,3/14/2026 2:00,0.0,0.0,0.0,0.0
39001,Adams County,OH,3/14/2026 3:00,0.0,0.0,0.0,0.0
39001,Adams County,OH,3/14/2026 4:00,0.0,0.0,0.0,0.0017642652660939812
39001,Adams County,OH,3/14/2026 5:00,0.0,0.0,0.0,0.001167329379608713
39001,Adams County,OH,3/14/2026 6:00,0.0,0.0,0.0,0.0020070008425853484
39001,Adams County,OH,3/14/2026 7:00,0.0,0.0,0.0,0.0025641763608446996
39001,Adams County,OH,3/14/2026 8:00,0.0,0.0,0.0,0.0015262218420140368
39001,Adams County,OH,3/14/2026 9:00,0.0,0.0,0.0,0.002279522709015698
39001,Adams County,OH,3/14/2026 10:00,0.0,0.0,0.0,0.002649510318674165
39001,Adams County,OH,3/14/2026 11:00,0.0,0.0,0.005625413686832816,0.0010480712286355918
39001,Adams County,OH,3/14/2026 12:00,0.0,0.0,0.005973453750756961,0.0
39001,Adams County,OH,3/14/2026 13:00,0.0,0.0,0.009421819329834609,0.0
39001,Adams County,OH,3/14/2026 14:00,0.0,0.0017027214606454139,0.007388528108322346,0.0
39001,Adams County,OH,3/14/2026 15:00,0.0,0.0014973213720816329,0.009099026792325795,0.0
39001,Adams County,OH,3/14/2026 16:00,0.0,0.0,0.010785647976685216,0.0
39001,Adams County,OH,3/14/2026 17:00,0.0,0.0,0.008881407183317874,0.0
39001,Adams County,OH,3/14/2026 18:00,0.0,0.0,0.008282990016752196,0.0
39001,Adams County,OH,3/14/2026 19:00,0.0,0.0,0.008023744378627852,0.0
39001,Adams County,OH,3/14/2026 20:00,0.0,0.0,0.007501792190362771,0.0
39001,Adams County,OH,3/14/2026 21:00,0.0,0.0,0.00472009863247331,0.0
39001,Adams County,OH,3/14/2026 22:00,0.0,0.0,0.002847767765865288,0.0018232056899771638
39001,Adams County,OH,3/14/2026 23:00,0.0,0.0,0.0032383329209829284,0.0018197986198315837
39001,Adams County,OH,3/15/2026 0:00,0.0,0.0,0.0022083699044382543,0.0
39001,Adams County,OH,3/15/2026 1:00,0.0,0.0,0.002313590280643422,0.0
39001,Adams County,OH,3/15/2026 2:00,0.0,0.0,0.001886798371238205,0.0
39001,Adams County,OH,3/15/2026 3:00,0.0,0.0,0.0014343208345910376,0.0
39001,Adams County,OH,3/15/2026 4:00,0.0,0.0,0.0013674370129250837,0.0
39001,Adams County,OH,3/15/2026 5:00,0.0,0.0,0.001790671132035147,0.0
39001,Adams County,OH,3/15/2026 6:00,0.0,0.0,0.003755920471133736,0.0
39001,Adams County,OH,3/15/2026 7:00,0.0,0.001496735177416305,0.0016224594401937876,0.0
39001,Adams County,OH,3/15/2026 8:00,0.0,0.002169678424208733,0.0020614054794740795,0.0
39001,Adams County,OH,3/15/2026 9:00,0.0,0.003956655822609086,0.001295146890042811,0.0
39001,Adams County,OH,3/15/2026 10:00,0.004610103103673748,0.004556443251565441,0.001079461720711682,0.0
39001,Adams County,OH,3/15/2026 11:00,0.007117453613794491,0.005747750244132982,0.0,0.0
39001,Adams County,OH,3/15/2026 12:00,0.008604150551439007,0.006027267540596574,0.0,0.0010602615896001249
39001,Adams County,OH,3/15/2026 13:00,0.01062437751907088,0.0077484050954315245,0.0,0.0010599685116142235
39001,Adams County,OH,3/15/2026 14:00,0.010313450390887576,0.008610221420623282,0.0020553638472263903,0.0010114646538473197
39001,Adams County,OH,3/15/2026 15:00,0.01133069596821969,0.005843970363117314,0.0017601958735107832,0.0
39001,Adams County,OH,3/15/2026 16:00,0.006942114399870272,0.005598760608908081,0.0,0.0
39001,Adams County,OH,3/15/2026 17:00,0.009375766804500654,0.0037315846729131983,0.00203338901531996,0.0
39001,Adams County,OH,3/15/2026 18:00,0.0069339546470495225,0.0038481290282942294,0.001246838513179821,0.0
39001,Adams County,OH,3/15/2026 19:00,0.008966900604837848,0.003478822410513875,0.001269039366637358,0.0
39001,Adams County,OH,3/15/2026 20:00,0.006877251134659629,0.003485553864023124,0.0013869721168356557,0.0
39001,Adams County,OH,3/15/2026 21:00,0.004280009933783111,0.004496946482095711,0.002140382406617612,0.0
39001,Adams County,OH,3/15/2026 22:00,0.004860088023035438,0.0038465448215676333,0.001960545761434431,0.0
39001,Adams County,OH,3/15/2026 23:00,0.003851332313332489,0.006469083187752233,0.0,0.0
39001,Adams County,OH,3/16/2026 0:00,0.004864597614605787,0.005477221908570359,0.0,0.0
39001,Adams County,OH,3/16/2026 1:00,0.004141462651683763,0.005566217886167071,0.0,0.0
39001,Adams County,OH,3/16/2026 2:00,0.008707829732892632,0.004939152538713205,0.0,0.0
39001,Adams County,OH,3/16/2026 3:00,0.008922892285475464,0.005855171457303098,0.0012926596303135293,0.0
39001,Adams County,OH,3/16/2026 4:00,0.009566991212025167,0.007520167762752444,0.002153596320057606,0.0
39001,Adams County,OH,3/16/2026 5:00,0.00825764856043155,0.0019696872899349987,0.0018654835812466713,0.0
39001,Adams County,OH,3/16/2026 6:00,0.006488060804082,0.00329738594988783,0.0010185253640545013,0.0
39001,Adams County,OH,3/16/2026 7:00,0.006277739685262568,0.0014337083485792411,0.001048275865985813,0.0
39001,Adams County,OH,3/16/2026 8:00,0.006204887507504806,0.0016920640802939818,0.0,0.0
39001,Adams County,OH,3/16/2026 9:00,0.0028518016700094097,0.0010739162510496813,0.0011628040241580568,0.0
39001,Adams County,OH,3/16/2026 10:00,0.0035561703779647467,0.0,0.001289731552783255,0.001248288615650235
39001,Adams County,OH,3/16/2026 11:00,0.0027483265424136645,0.0,0.0022389180315609243,0.0
39001,Adams County,OH,3/16/2026 12:00,0.0011596371283987435,0.0,0.0,0.0
39001,Adams County,OH,3/16/2026 13:00,0.0015411719415647316,0.0,0.0,0.0
39001,Adams County,OH,3/16/2026 14:00,0.0013665202589165661,0.0,0.0,0.0
39001,Adams County,OH,3/16/2026 15:00,0.0020797366960123836,0.0,0.0,0.0
39001,Adams County,OH,3/16/2026 16:00,0.0024065062215877053,0.0,0.0,0.0
39001,Adams County,OH,3/16/2026 17:00,0.0034989267453224143,0.001895226539032049,0.0,0.0
39001,Adams County,OH,3/16/2026 18:00,0.00391662104507009,0.002280189655715904,0.0,0.0
39001,Adams County,OH,3/16/2026 19:00,0.0015272819540848922,0.0017747978180596385,0.0,0.0
39001,Adams County,OH,3/16/2026 20:00,0.00259271525801561,0.0,0.0,0.0
39001,Adams County,OH,3/16/2026 21:00,0.00218858140585769,0.0,0.0,0.0
39001,Adams County,OH,3/16/2026 22:00,0.0018670787846617992,0.0,0.0,0.0
39001,Adams County,OH,3/16/2026 23:00,0.0014181410073736283,0.0,0.0,0.0
39001,Adams County,OH,3/17/2026 0:00,0.0013200611497184548,0.0011526091122932352,0.0,0.0
39001,Adams County,OH,3/17/2026 1:00,0.0014562289214183203,0.0,0.0,0.0
39001,Adams County,OH,3/17/2026 2:00,0.001340115959057568,0.0,0.0,0.0
39001,Adams County,OH,3/17/2026 3:00,0.0012280004141207953,0.0,0.0,0.0
39001,Adams County,OH,3/17/2026 4:00,0.0012618929671270108,0.0,0.0,0.0
39001,Adams County,OH,3/17/2026 5:00,0.0012676664599647824,0.0,0.0,0.0
39001,Adams County,OH,3/17/2026 6:00,0.0,0.0,0.0,0.0
39001,Adams County,OH,3/17/2026 7:00,0.0,0.0,0.0,0.0
39001,Adams County,OH,3/17/2026 8:00,0.0,0.0,0.0,0.0
39001,Adams County,OH,3/17/2026 9:00,0.0,0.0,0.0,0.0
39001,Adams County,OH,3/17/2026 10:00,0.0,0.0,0.0,0.0
39001,Adams County,OH,3/17/2026 11:00,0.0,0.0,0.0,0.0
39001,Adams County,OH,3/17/2026 12:00,0.0,0.0,0.0,0.0
39001,Adams County,OH,3/17/2026 13:00,0.0,0.0,0.0,0.0
39001,Adams County,OH,3/17/2026 14:00,0.0,0.0,0.0,0.0
39001,Adams County,OH,3/17/2026 15:00,0.0,0.0,0.0,0.0
39001,Adams County,OH,3/17/2026 16:00,0.0,0.0,0.0,0.0
39001,Adams County,OH,3/17/2026 17:00,0.0,0.0,0.0,0.0
39001,Adams County,OH,3/17/2026 18:00,0.0,0.0,0.0,0.0
39001,Adams County,OH,3/17/2026 19:00,0.0,0.0,0.0,0.0
39001,Adams County,OH,3/17/2026 20:00,0.0,0.0,0.0,0.0
39001,Adams County,OH,3/17/2026 21:00,0.0,0.0,0.0,0.0
39001,Adams County,OH,3/17/2026 22:00,0.0,0.0,0.0,0.0
39001,Adams County,OH,3/17/2026 23:00,0.0,0.0,0.0,0.0
39001,Adams County,OH,3/18/2026 0:00,0.0,0.0,0.0,
39001,Adams County,OH,3/18/2026 1:00,0.0,0.0,0.0,
39001,Adams County,OH,3/18/2026 2:00,0.0,0.0,0.0,
39001,Adams County,OH,3/18/2026 3:00,0.0,0.0,0.0,
39001,Adams County,OH,3/18/2026 4:00,0.0,0.0,0.0,
39001,Adams County,OH,3/18/2026 5:00,0.0,0.0,0.0,
39001,Adams County,OH,3/18/2026 6:00,0.0,0.0,0.0,
39001,Adams County,OH,3/18/2026 7:00,0.0,0.0,0.0,
39001,Adams County,OH,3/18/2026 8:00,0.0,0.0,0.0,
39001,Adams County,OH,3/18/2026 9:00,0.0,0.0,0.0,
39001,Adams County,OH,3/18/2026 10:00,0.0,0.0,0.0,
39001,Adams County,OH,3/18/2026 11:00,0.0,0.0,0.0,
39001,Adams County,OH,3/18/2026 12:00,0.0026591888582536472,0.0,0.0,
39001,Adams County,OH,3/18/2026 13:00,0.0,0.0,0.0,
39001,Adams County,OH,3/18/2026 14:00,0.0,0.0,0.0,
39001,Adams County,OH,3/18/2026 15:00,0.0,0.0,0.0,
39001,Adams County,OH,3/18/2026 16:00,0.0,0.0,0.0,
39001,Adams County,OH,3/18/2026 17:00,0.0,0.0,0.0,
39001,Adams County,OH,3/18/2026 18:00,0.0,0.0,0.0,
39001,Adams County,OH,3/18/2026 19:00,0.0,0.0,0.0,
39001,Adams County,OH,3/18/2026 20:00,0.0,0.0,0.0,
39001,Adams County,OH,3/18/2026 21:00,0.0,0.0,0.0,
39001,Adams County,OH,3/18/2026 22:00,0.0,0.0,0.0,
39001,Adams County,OH,3/18/2026 23:00,0.0,0.0,0.0,
39001,Adams County,OH,3/19/2026 0:00,0.0,0.0,,
39001,Adams County,OH,3/19/2026 1:00,0.0,0.0,,
39001,Adams County,OH,3/19/2026 2:00,0.0,0.0,,
39001,Adams County,OH,3/19/2026 3:00,0.0,0.0,,
39001,Adams County,OH,3/19/2026 4:00,0.0,0.0,,
39001,Adams County,OH,3/19/2026 5:00,0.0,0.0,,
39001,Adams County,OH,3/19/2026 6:00,0.0,0.0,,
39001,Adams County,OH,3/19/2026 7:00,0.0,0.0,,
39001,Adams County,OH,3/19/2026 8:00,0.0,0.0,,
39001,Adams County,OH,3/19/2026 9:00,0.0,0.0,,
39001,Adams County,OH,3/19/2026 10:00,0.0,0.0,,
39001,Adams County,OH,3/19/2026 11:00,0.0,0.0,,
39001,Adams County,OH,3/19/2026 12:00,0.0,0.0,,
39001,Adams County,OH,3/19/2026 13:00,0.0,0.0,,
39001,Adams County,OH,3/19/2026 14:00,0.0,0.0,,
39001,Adams County,OH,3/19/2026 15:00,0.0,0.0,,
39001,Adams County,OH,3/19/2026 16:00,0.0,0.0,,
39001,Adams County,OH,3/19/2026 17:00,0.0,0.0,,
39001,Adams County,OH,3/19/2026 18:00,0.0,,,
39001,Adams County,OH,3/19/2026 19:00,0.0,,,
39001,Adams County,OH,3/19/2026 20:00,0.0,,,
39001,Adams County,OH,3/19/2026 21:00,0.0,,,
39001,Adams County,OH,3/19/2026 22:00,0.0,,,
39001,Adams County,OH,3/19/2026 23:00,,,,
39003,Allen County,OH,3/14/2026 0:00,0.04317605640504356,0.033954388123454866,0.0034337233391110054,0.002797542233844703
39003,Allen County,OH,3/14/2026 1:00,0.04337908354474489,0.030910385230700416,0.003551162264838399,0.0023074540477062387
39003,Allen County,OH,3/14/2026 2:00,0.04236781670760169,0.02876743713800081,0.0031366477130095687,0.0022598815287887507
39003,Allen County,OH,3/14/2026 3:00,0.04026424141612466,0.028009467489604374,0.003219179340348544,0.0025570773007402197
39003,Allen County,OH,3/14/2026 4:00,0.042865120633578356,0.02505648907131685,0.0031046244442769493,0.003306251835829907
39003,Allen County,OH,3/14/2026 5:00,0.036828283021857866,0.02305271747789127,0.0032853386607972802,0.0033708393150924214
39003,Allen County,OH,3/14/2026 6:00,0.03618594558584834,0.019064696757805623,0.002817413107495313,0.003372647758606137
39003,Allen County,OH,3/14/2026 7:00,0.03536412358216654,0.01645532585456948,0.002898905558476412,0.003310384560712286
39003,Allen County,OH,3/14/2026 8:00,0.030913972958701002,0.014209771651718724,0.0023371578513003495,0.003089165422271269
39003,Allen County,OH,3/14/2026 9:00,0.025103913177418825,0.01440608963018836,0.0027776084013256663,0.0028747273819240333
39003,Allen County,OH,3/14/2026 10:00,0.02392346804921361,0.013516282022461258,0.0024659743437981433,0.002169867005367724
39003,Allen County,OH,3/14/2026 11:00,0.021847386344121825,0.010029451318661115,0.003540892123169385,0.0021961183946922454
39003,Allen County,OH,3/14/2026 12:00,0.01929370512617703,0.00816180902600732,0.0024853267757804385,0.0018023402761997446
39003,Allen County,OH,3/14/2026 13:00,0.016397797524714743,0.006975502981555922,0.002429520755397557,0.0016194223849560706
39003,Allen County,OH,3/14/2026 14:00,0.014977410753480481,0.0068293411558781525,0.004616899568723554,0.001619737098307883
39003,Allen County,OH,3/14/2026 15:00,0.01132059933843909,0.004935265880720349,0.0031686549716018007,0.001476587319703179
39003,Allen County,OH,3/14/2026 16:00,0.00954978737333521,0.004585907480753174,0.003275312228039536,0.001479454761924399
39003,Allen County,OH,3/14/2026 17:00,0.007451339329503821,0.004055732294834059,0.0033236731267382866,0.0015210201525816746
39003,Allen County,OH,3/14/2026 18:00,0.006412725664075363,0.003614531707914446,0.003968843181971743,0.0014346590555375754
39003,Allen County,OH,3/14/2026 19:00,0.005286499304339931,0.003702013005615554,0.0031242008285405553,0.0011143656844412233
39003,Allen County,OH,3/14/2026 20:00,0.0040515829128339054,0.003390693774533438,0.0033977802442407,0.0
39003,Allen County,OH,3/14/2026 21:00,0.004124182474477253,0.0035411578923553373,0.002114482218797917,0.0
39003,Allen County,OH,3/14/2026 22:00,0.003692175587848423,0.0033295729854848346,0.0021562973795715462,0.0
39003,Allen County,OH,3/14/2026 23:00,0.0035032056347117056,0.0030824660038151273,0.0018436992773250222,0.0
39003,Allen County,OH,3/15/2026 0:00,0.003345203057036413,0.0031910389673574773,0.0018680752028304238,0.0
39003,Allen County,OH,3/15/2026 1:00,0.0036278757254909195,0.0035127775430216896,0.002620339189715896,0.0
39003,Allen County,OH,3/15/2026 2:00,0.0033450980925388285,0.003130400988195879,0.0036715254275880844,0.0
39003,Allen County,OH,3/15/2026 3:00,0.003257823702861151,0.003189135170002544,0.004047281905217127,0.0
39003,Allen County,OH,3/15/2026 4:00,0.002795769949581387,0.0028493070531794428,0.0037772625900975823,0.0
39003,Allen County,OH,3/15/2026 5:00,0.00274169184685924,0.002012378311986432,0.004464510785168286,0.0
39003,Allen County,OH,3/15/2026 6:00,0.002536662370422353,0.0028221798135599084,0.004665667355542662,0.0
39003,Allen County,OH,3/15/2026 7:00,0.0025779480592651558,0.002788750226345118,0.004019739444741465,0.0
39003,Allen County,OH,3/15/2026 8:00,0.0025907055604873887,0.0026379614575728024,0.002163099744250369,0.0
39003,Allen County,OH,3/15/2026 9:00,0.002514487299630977,0.0030273245175410513,0.0027379193998556166,0.0
39003,Allen County,OH,3/15/2026 10:00,0.0025321575151141117,0.00305842417901547,0.0021845032648440525,0.0
39003,Allen County,OH,3/15/2026 11:00,0.0032067279319244694,0.002792188423648646,0.0012036670022183454,0.0
39003,Allen County,OH,3/15/2026 12:00,0.003427574620223814,0.0030048014425503432,0.001557836567340203,0.0
39003,Allen County,OH,3/15/2026 13:00,0.0034178043281339796,0.0026577301790490326,0.0012629518296884174,0.0
39003,Allen County,OH,3/15/2026 14:00,0.003481093663328695,0.0024842772986717427,0.0012707507024689434,0.0
39003,Allen County,OH,3/15/2026 15:00,0.0034551921785075466,0.0020213694626562695,0.0,0.0
39003,Allen County,OH,3/15/2026 16:00,0.003651220818313786,0.002313925893239831,0.0,0.0
39003,Allen County,OH,3/15/2026 17:00,0.0036719043956079007,0.0022630511170951364,0.0,0.0
39003,Allen County,OH,3/15/2026 18:00,0.003940898628098815,0.0021766301956879794,0.0010461976920768201,0.0
39003,Allen County,OH,3/15/2026 19:00,0.0035336362330539743,0.002393207479122282,0.0,0.0
39003,Allen County,OH,3/15/2026 20:00,0.003401168579498059,0.00332417343424138,0.0,0.0
39003,Allen County,OH,3/15/2026 21:00,0.0025698616613850627,0.003607338113944088,0.0,0.0
39003,Allen County,OH,3/15/2026 22:00,0.002060489868686556,0.0033405519992010754,0.0,0.0
39003,Allen County,OH,3/15/2026 23:00,0.0023141344563541383,0.0034445157687934794,0.0,0.0
39003,Allen County,OH,3/16/2026 0:00,0.003035094113123707,0.003163159011476427,0.0,0.0
39003,Allen County,OH,3/16/2026 1:00,0.003301183613341289,0.003348274504709457,0.0,0.0
39003,Allen County,OH,3/16/2026 2:00,0.004406244594423388,0.0024592894580212597,0.0,0.0
39003,Allen County,OH,3/16/2026 3:00,0.003853814444015539,0.002539075872900241,0.0,0.0
39003,Allen County,OH,3/16/2026 4:00,0.003820348489158156,0.002877288823010213,0.0,0.0
39003,Allen County,OH,3/16/2026 5:00,0.003321807541702526,0.002997574204528466,0.0,0.0
39003,Allen County,OH,3/16/2026 6:00,0.003288340195026075,0.0020626014767758665,0.0,0.0
39003,Allen County,OH,3/16/2026 7:00,0.004844891452349602,0.0021245222589877763,0.0,0.0
39003,Allen County,OH,3/16/2026 8:00,0.003233143047514615,0.0018532250086796445,0.0,0.0
39003,Allen County,OH,3/16/2026 9:00,0.0023337781156952614,0.0,0.0,0.0
39003,Allen County,OH,3/16/2026 10:00,0.0016557482470586173,0.0,0.0010523254815515731,0.0
39003,Allen County,OH,3/16/2026 11:00,0.0017895564508880932,0.0,0.0,0.0
39003,Allen County,OH,3/16/2026 12:00,0.0,0.0,0.0,0.0
39003,Allen County,OH,3/16/2026 13:00,0.0,0.0,0.0,0.0
39003,Allen County,OH,3/16/2026 14:00,0.0,0.0,0.0,0.0
39003,Allen County,OH,3/16/2026 15:00,0.0,0.0,0.0,0.0
39003,Allen County,OH,3/16/2026 16:00,0.0,0.0,0.0,0.0
39003,Allen County,OH,3/16/2026 17:00,0.0,0.0,0.0,0.0
39003,Allen County,OH,3/16/2026 18:00,0.0,0.0,0.0,0.0
39003,Allen County,OH,3/16/2026 19:00,0.0,0.0,0.0,0.0
39003,Allen County,OH,3/16/2026 20:00,0.0,0.0,0.0,0.0
39003,Allen County,OH,3/16/2026 21:00,0.0,0.0,0.0,0.0
39003,Allen County,OH,3/16/2026 22:00,0.0,0.0,0.0,0.0
39003,Allen County,OH,3/16/2026 23:00,0.0,0.0,0.0,0.0
39003,Allen County,OH,3/17/2026 0:00,0.0,0.0,0.0,0.0
39003,Allen County,OH,3/17/2026 1:00,0.0,0.0,0.0,0.0
39003,Allen County,OH,3/17/2026 2:00,0.0,0.0,0.0,0.0
39003,Allen County,OH,3/17/2026 3:00,0.0,0.0,0.0,0.0
39003,Allen County,OH,3/17/2026 4:00,0.0,0.0,0.0,0.0
39003,Allen County,OH,3/17/2026 5:00,0.0,0.0,0.0,0.0
39003,Allen County,OH,3/17/2026 6:00,0.0,0.0,0.0,0.0
39003,Allen County,OH,3/17/2026 7:00,0.0,0.0,0.0,0.0
39003,Allen County,OH,3/17/2026 8:00,0.0,0.0,0.0,0.0
39003,Allen County,OH,3/17/2026 9:00,0.0,0.0,0.0,0.0
39003,Allen County,OH,3/17/2026 10:00,0.0,0.0,0.0,0.0
39003,Allen County,OH,3/17/2026 11:00,0.0,0.0,0.0,0.0
39003,Allen County,OH,3/17/2026 12:00,0.0,0.0,0.0,0.0
39003,Allen County,OH,3/17/2026 13:00,0.0,0.0,0.0,0.0
39003,Allen County,OH,3/17/2026 14:00,0.0,0.0,0.0,0.0
39003,Allen County,OH,3/17/2026 15:00,0.0,0.0,0.0,0.0
39003,Allen County,OH,3/17/2026 16:00,0.0,0.0,0.0,0.0
39003,Allen County,OH,3/17/2026 17:00,0.0,0.0,0.0,0.0
39003,Allen County,OH,3/17/2026 18:00,0.0,0.0,0.0,0.0
39003,Allen County,OH,3/17/2026 19:00,0.0,0.0,0.0,0.0
39003,Allen County,OH,3/17/2026 20:00,0.0,0.0,0.0,0.0
39003,Allen County,OH,3/17/2026 21:00,0.0,0.0,0.0,0.0
39003,Allen County,OH,3/17/2026 22:00,0.0,0.0,0.0,0.0
39003,Allen County,OH,3/17/2026 23:00,0.0,0.0,0.0,0.0
39003,Allen County,OH,3/18/2026 0:00,0.0,0.0,0.0,
39003,Allen County,OH,3/18/2026 1:00,0.0,0.0,0.0,
39003,Allen County,OH,3/18/2026 2:00,0.0,0.0,0.0,
39003,Allen County,OH,3/18/2026 3:00,0.0,0.0,0.0,
39003,Allen County,OH,3/18/2026 4:00,0.0,0.0,0.0,
39003,Allen County,OH,3/18/2026 5:00,0.0,0.0,0.0,
39003,Allen County,OH,3/18/2026 6:00,0.0,0.0,0.0,
39003,Allen County,OH,3/18/2026 7:00,0.0,0.0,0.0,
39003,Allen County,OH,3/18/2026 8:00,0.0,0.0,0.0,
39003,Allen County,OH,3/18/2026 9:00,0.0,0.0,0.0,
39003,Allen County,OH,3/18/2026 10:00,0.0,0.0,0.0,
39003,Allen County,OH,3/18/2026 11:00,0.0,0.0,0.0,
39003,Allen County,OH,3/18/2026 12:00,0.0,0.0,0.0,
39003,Allen County,OH,3/18/2026 13:00,0.0,0.0,0.0,
39003,Allen County,OH,3/18/2026 14:00,0.0,0.0,0.0,
39003,Allen County,OH,3/18/2026 15:00,0.0,0.0,0.0,
39003,Allen County,OH,3/18/2026 16:00,0.0,0.0,0.0,
39003,Allen County,OH,3/18/2026 17:00,0.0,0.0,0.0,
39003,Allen County,OH,3/18/2026 18:00,0.0,0.0,0.0,
39003,Allen County,OH,3/18/2026 19:00,0.0,0.0,0.0,
39003,Allen County,OH,3/18/2026 20:00,0.0,0.0,0.0,
39003,Allen County,OH,3/18/2026 21:00,0.0,0.0,0.0,
39003,Allen County,OH,3/18/2026 22:00,0.0,0.0,0.0,
39003,Allen County,OH,3/18/2026 23:00,0.0,0.0,0.0,
39003,Allen County,OH,3/19/2026 0:00,0.0,0.0,,
39003,Allen County,OH,3/19/2026 1:00,0.0010004861273154033,0.0,,
39003,Allen County,OH,3/19/2026 2:00,0.0,0.0,,
39003,Allen County,OH,3/19/2026 3:00,0.0,0.0,,
39003,Allen County,OH,3/19/2026 4:00,0.0,0.0,,
39003,Allen County,OH,3/19/2026 5:00,0.0,0.0,,
39003,Allen County,OH,3/19/2026 6:00,0.0,0.0,,
39003,Allen County,OH,3/19/2026 7:00,0.001011808947149481,0.0,,
39003,Allen County,OH,3/19/2026 8:00,0.0,0.0,,
39003,Allen County,OH,3/19/2026 9:00,0.0,0.0,,
39003,Allen County,OH,3/19/2026 10:00,0.0,0.0,,
39003,Allen County,OH,3/19/2026 11:00,0.0,0.0,,
39003,Allen County,OH,3/19/2026 12:00,0.0,0.0,,
39003,Allen County,OH,3/19/2026 13:00,0.0,0.0,,
39003,Allen County,OH,3/19/2026 14:00,0.0,0.0,,
39003,Allen County,OH,3/19/2026 15:00,0.0,0.0,,
39003,Allen County,OH,3/19/2026 16:00,0.0,0.0,,
39003,Allen County,OH,3/19/2026 17:00,0.0,0.0,,
39003,Allen County,OH,3/19/2026 18:00,0.0,,,
39003,Allen County,OH,3/19/2026 19:00,0.0,,,
39003,Allen County,OH,3/19/2026 20:00,0.0,,,
39003,Allen County,OH,3/19/2026 21:00,0.0,,,
39003,Allen County,OH,3/19/2026 22:00,0.0,,,
39003,Allen County,OH,3/19/2026 23:00,,,,
39005,Ashland County,OH,3/14/2026 0:00,0.17767341862614983,0.12441385318121076,0.02607008242925616,0.008841018055796146
39005,Ashland County,OH,3/14/2026 1:00,0.17067116855021622,0.11422070634665649,0.026122124056693348,0.009396647270081866
39005,Ashland County,OH,3/14/2026 2:00,0.17163367709508273,0.11390944719820037,0.02573221222389351,0.009240446711922623
39005,Ashland County,OH,3/14/2026 3:00,0.16331671844148019,0.09866281618200971,0.024629656253374082,0.008838369873878052
39005,Ashland County,OH,3/14/2026 4:00,0.1625178078704446,0.08852307872205784,0.023482779635551936,0.009890358820625838
39005,Ashland County,OH,3/14/2026 5:00,0.15824785825784066,0.07148053900258337,0.02316831966995715,0.009955233939570885
39005,Ashland County,OH,3/14/2026 6:00,0.14926549782015638,0.06742574142262683,0.021888166014597733,0.00985514748296485
39005,Ashland County,OH,3/14/2026 7:00,0.1358367732647362,0.060434693089738103,0.020600726259478133,0.009997345720521977
39005,Ashland County,OH,3/14/2026 8:00,0.13660087272118598,0.0575026021424584,0.022281504972352678,0.010048018630117578
39005,Ashland County,OH,3/14/2026 9:00,0.11598569061619347,0.05432738598568691,0.021262867232766314,0.009466666268146547
39005,Ashland County,OH,3/14/2026 10:00,0.11374284342142622,0.04885783197466373,0.018021604795279453,0.011206702632844914
39005,Ashland County,OH,3/14/2026 11:00,0.09982694088035785,0.050901208749298946,0.015442454089825383,0.010511354379546296
39005,Ashland County,OH,3/14/2026 12:00,0.0899072562209962,0.045967244960449634,0.013967241900385948,0.006291676644577591
39005,Ashland County,OH,3/14/2026 13:00,0.09006854722133932,0.045807570174848454,0.016844124783966234,0.0050740126223395325
39005,Ashland County,OH,3/14/2026 14:00,0.08370635539962017,0.04043449545890618,0.01738175931856133,0.005226703720944551
39005,Ashland County,OH,3/14/2026 15:00,0.079534374905846,0.03942895283446532,0.015466072012879951,0.003933278742501553
39005,Ashland County,OH,3/14/2026 16:00,0.07970502585260711,0.03224788278107791,0.015696410682560346,0.0038842490084778298
39005,Ashland County,OH,3/14/2026 17:00,0.07625798723089486,0.03043087816772586,0.01587771876845587,0.004336638694123518
39005,Ashland County,OH,3/14/2026 18:00,0.05468822136354312,0.030227334624903887,0.014808075050714443,0.004289947312055638
39005,Ashland County,OH,3/14/2026 19:00,0.043148429142117466,0.025887975291644105,0.011735302932568583,0.004077313228539748
39005,Ashland County,OH,3/14/2026 20:00,0.037188528755254906,0.029427068890624276,0.010645139391480355,0.0038121046997072324
39005,Ashland County,OH,3/14/2026 21:00,0.036874621553198615,0.021641031486869203,0.009829143390560588,0.003613543728217907
39005,Ashland County,OH,3/14/2026 22:00,0.036639453052025275,0.01823864384717969,0.008366058436578921,0.003049548314439334
39005,Ashland County,OH,3/14/2026 23:00,0.03567984332682139,0.018096607961677696,0.008454801540278377,0.003388013559545977
39005,Ashland County,OH,3/15/2026 0:00,0.034697441567319395,0.02262361844959558,0.006901338320127632,0.003089176556673446
39005,Ashland County,OH,3/15/2026 1:00,0.0341251600372521,0.018490247235393904,0.006729904975376376,0.0028112777536941367
39005,Ashland County,OH,3/15/2026 2:00,0.03348202318950728,0.019288773260130586,0.006297736769725375,0.0024267931328605854
39005,Ashland County,OH,3/15/2026 3:00,0.03401604368216449,0.021162237586036376,0.006794563515551544,0.002370822581660411
39005,Ashland County,OH,3/15/2026 4:00,0.026336673337043964,0.0178424280866206,0.008910353931799984,0.0023154913683293486
39005,Ashland County,OH,3/15/2026 5:00,0.025956155737764396,0.01821339112068684,0.009656172399138671,0.0029446692841680814
39005,Ashland County,OH,3/15/2026 6:00,0.02509724531599558,0.016576656987480884,0.009849329299173665,0.0027832602137628244
39005,Ashland County,OH,3/15/2026 7:00,0.02540231938705466,0.018556141039810105,0.009791475008024833,0.0027549206941519153
39005,Ashland County,OH,3/15/2026 8:00,0.02610510251980391,0.020460554607678465,0.010045087192184776,0.0029663046685460778
39005,Ashland County,OH,3/15/2026 9:00,0.025512884528575305,0.02029018501830116,0.010188999035100668,0.0029666404069006685
39005,Ashland County,OH,3/15/2026 10:00,0.02311202826343384,0.01926699965373656,0.009651374155910974,0.0029679229203339094
39005,Ashland County,OH,3/15/2026 11:00,0.02340952126782383,0.018025364249614834,0.00893495041497461,0.0026975436560765596
39005,Ashland County,OH,3/15/2026 12:00,0.02138790312180654,0.017283925719962526,0.007983794421020466,0.0024403094910166834
39005,Ashland County,OH,3/15/2026 13:00,0.023152066074032196,0.014658511582075436,0.00701036273293325,0.002467643487643911
39005,Ashland County,OH,3/15/2026 14:00,0.022902472405881863,0.012641660797825997,0.004639259886588595,0.0029434692776510135
39005,Ashland County,OH,3/15/2026 15:00,0.019405196041137877,0.011671771510718068,0.004889203008188463,0.0025755208324536507
39005,Ashland County,OH,3/15/2026 16:00,0.02017182359169295,0.011029093221007574,0.005352309501931792,0.003327901833136425
39005,Ashland County,OH,3/15/2026 17:00,0.018584908744154506,0.007033013568332365,0.004685063447933009,0.0029933240820291065
39005,Ashland County,OH,3/15/2026 18:00,0.016879951529303737,0.01046475310375753,0.0049783252699198335,0.0029750762895649416
39005,Ashland County,OH,3/15/2026 19:00,0.014080080290080305,0.00933418527342897,0.004618514763324511,0.0027294431182985452
39005,Ashland County,OH,3/15/2026 20:00,0.013234544086085367,0.00953616602611924,0.004306626158414408,0.0024792542721292095
39005,Ashland County,OH,3/15/2026 21:00,0.014652429331967011,0.011488729422819272,0.0036816990608504055,0.002698162583727548
39005,Ashland County,OH,3/15/2026 22:00,0.011178924292281532,0.011607903408559599,0.0039052341717538738,0.0020495058537868885
39005,Ashland County,OH,3/15/2026 23:00,0.012391273322766076,0.011411657788750912,0.0036210954642360133,0.0024294887882076754
39005,Ashland County,OH,3/16/2026 0:00,0.011763319425320162,0.010821515241831491,0.003637715747294038,0.0017956812439394122
39005,Ashland County,OH,3/16/2026 1:00,0.011883604462392986,0.010391697355978903,0.0035186363506288063,0.0017190769155604336
39005,Ashland County,OH,3/16/2026 2:00,0.010985492725354437,0.01023087954279708,0.002760234605175197,0.0017190769155604336
39005,Ashland County,OH,3/16/2026 3:00,0.013893942409148562,0.009879183355331477,0.002720861146066999,0.0015498870618019158
39005,Ashland County,OH,3/16/2026 4:00,0.010116308520030974,0.010123815580812566,0.002804396683115359,0.0015703632668516091
39005,Ashland County,OH,3/16/2026 5:00,0.009492484121268952,0.010554936653358478,0.00259483411191646,0.0015881121336562267
39005,Ashland County,OH,3/16/2026 6:00,0.010096316224738121,0.009714398882447572,0.0023329692855818818,0.0
39005,Ashland County,OH,3/16/2026 7:00,0.01114219238836735,0.009105766615008063,0.0018327410044156377,0.0
39005,Ashland County,OH,3/16/2026 8:00,0.011458225226549604,0.009019601942774748,0.0020324119543938994,0.0
39005,Ashland County,OH,3/16/2026 9:00,0.011879075741848431,0.00819203873601087,0.001973115752434211,0.0
39005,Ashland County,OH,3/16/2026 10:00,0.011506448366482052,0.008759495935033076,0.0022050821073903103,0.0
39005,Ashland County,OH,3/16/2026 11:00,0.013986919316131961,0.00856832946763752,0.0018253829223548713,0.0
39005,Ashland County,OH,3/16/2026 12:00,0.009075928234139875,0.004343520728021282,0.001618517550328745,0.0
39005,Ashland County,OH,3/16/2026 13:00,0.00992485726260236,0.0033363989382762657,0.0016796764659591972,0.0
39005,Ashland County,OH,3/16/2026 14:00,0.007462260206309544,0.0025288827344585505,0.0014112442831759533,0.0
39005,Ashland County,OH,3/16/2026 15:00,0.003225122834775921,0.002421157562972571,0.0,0.0
39005,Ashland County,OH,3/16/2026 16:00,0.0023209607295067683,0.0028473183358062653,0.0,0.0
39005,Ashland County,OH,3/16/2026 17:00,0.0020468191939296857,0.0017431266808265538,0.0,0.0
39005,Ashland County,OH,3/16/2026 18:00,0.0017724010884065638,0.0016913564423845298,0.0,0.0
39005,Ashland County,OH,3/16/2026 19:00,0.002362467067965032,0.0024881095180289293,0.0,0.0
39005,Ashland County,OH,3/16/2026 20:00,0.0019242016676263296,0.0016668404158221813,0.0,0.0
39005,Ashland County,OH,3/16/2026 21:00,0.0019338445667691395,0.001704003609745154,0.0,0.0
39005,Ashland County,OH,3/16/2026 22:00,0.002368252191731881,0.0024992626334058997,0.0,0.0
39005,Ashland County,OH,3/16/2026 23:00,0.0019950026464540427,0.0019365922500755768,0.0,0.0
39005,Ashland County,OH,3/17/2026 0:00,0.0023860232557851063,0.002889009594987721,0.0,0.0
39005,Ashland County,OH,3/17/2026 1:00,0.0023725565290254073,0.0027482559084955546,0.0,0.0
39005,Ashland County,OH,3/17/2026 2:00,0.0026195847470052596,0.0023667454454800716,0.0,0.0
39005,Ashland County,OH,3/17/2026 3:00,0.002390375233993553,0.0028052601387946875,0.0,0.0
39005,Ashland County,OH,3/17/2026 4:00,0.002527534418588309,0.002111215708080501,0.0,0.0
39005,Ashland County,OH,3/17/2026 5:00,0.002153650389533984,0.0027050065773102814,0.0,0.0
39005,Ashland County,OH,3/17/2026 6:00,0.0023853066941307284,0.0029515662805895066,0.0,0.0
39005,Ashland County,OH,3/17/2026 7:00,0.001849526754864726,0.0024910445467020794,0.0,0.0
39005,Ashland County,OH,3/17/2026 8:00,0.0013108240983145862,0.0024247726970509026,0.0,0.0
39005,Ashland County,OH,3/17/2026 9:00,0.0016065925466422443,0.003787953178174745,0.0,0.0
39005,Ashland County,OH,3/17/2026 10:00,0.00129316019486613,0.0015704670280659455,0.0,0.0
39005,Ashland County,OH,3/17/2026 11:00,0.0015472333061297208,0.0010265518416879467,0.0,0.0
39005,Ashland County,OH,3/17/2026 12:00,0.0021107519308750933,0.0010101100466683084,0.0,0.0
39005,Ashland County,OH,3/17/2026 13:00,0.005803208145632463,0.0019766276063213437,0.0,0.0
39005,Ashland County,OH,3/17/2026 14:00,0.007876536325611376,0.0019562419553888185,0.0,0.0
39005,Ashland County,OH,3/17/2026 15:00,0.007395992339842762,0.0017092779399959124,0.0,0.0
39005,Ashland County,OH,3/17/2026 16:00,0.006998495311034493,0.0013414940392865104,0.0,0.0
39005,Ashland County,OH,3/17/2026 17:00,0.00585834667250337,0.001200604655039179,0.0,0.0
39005,Ashland County,OH,3/17/2026 18:00,0.005559777973129341,0.0011757556284420394,0.0,0.0
39005,Ashland County,OH,3/17/2026 19:00,0.002402370979722278,0.0,0.0,0.0
39005,Ashland County,OH,3/17/2026 20:00,0.0,0.0,0.0,0.0
39005,Ashland County,OH,3/17/2026 21:00,0.0,0.0,0.0,0.0
39005,Ashland County,OH,3/17/2026 22:00,0.0,0.0,0.0,0.0
39005,Ashland County,OH,3/17/2026 23:00,0.0,0.0,0.0,0.0
39005,Ashland County,OH,3/18/2026 0:00,0.0,0.0,0.0,
39005,Ashland County,OH,3/18/2026 1:00,0.0,0.001467884086965248,0.0,
39005,Ashland County,OH,3/18/2026 2:00,0.0,0.0,0.0,
39005,Ashland County,OH,3/18/2026 3:00,0.0,0.001303750185019495,0.0,
39005,Ashland County,OH,3/18/2026 4:00,0.0,0.0020308259688150733,0.0,
39005,Ashland County,OH,3/18/2026 5:00,0.0,0.0011392923134008845,0.0,
39005,Ashland County,OH,3/18/2026 6:00,0.0,0.0012095639593457223,0.0,
39005,Ashland County,OH,3/18/2026 7:00,0.0,0.0011918849258597682,0.0,
39005,Ashland County,OH,3/18/2026 8:00,0.0,0.0,0.0,
39005,Ashland County,OH,3/18/2026 9:00,0.0,0.0,0.0,
39005,Ashland County,OH,3/18/2026 10:00,0.0,0.0,0.0,
39005,Ashland County,OH,3/18/2026 11:00,0.0,0.0,0.0,
39005,Ashland County,OH,3/18/2026 12:00,0.0014870926623261837,0.0,0.0,
39005,Ashland County,OH,3/18/2026 13:00,0.0,0.0,0.0,
39005,Ashland County,OH,3/18/2026 14:00,0.0,0.0,0.0,
39005,Ashland County,OH,3/18/2026 15:00,0.0,0.0,0.0,
39005,Ashland County,OH,3/18/2026 16:00,0.0,0.0,0.0,
39005,Ashland County,OH,3/18/2026 17:00,0.0,0.0,0.0,
39005,Ashland County,OH,3/18/2026 18:00,0.0,0.0,0.0,
39005,Ashland County,OH,3/18/2026 19:00,0.0,0.0,0.0,
39005,Ashland County,OH,3/18/2026 20:00,0.0,0.0,0.0,
39005,Ashland County,OH,3/18/2026 21:00,0.0,0.0,0.0,
39005,Ashland County,OH,3/18/2026 22:00,0.0,0.0,0.0,
39005,Ashland County,OH,3/18/2026 23:00,0.0,0.0,0.0,
39005,Ashland County,OH,3/19/2026 0:00,0.0,0.0,,
39005,Ashland County,OH,3/19/2026 1:00,0.0,0.0,,
39005,Ashland County,OH,3/19/2026 2:00,0.0,0.0,,
39005,Ashland County,OH,3/19/2026 3:00,0.0,0.0,,
39005,Ashland County,OH,3/19/2026 4:00,0.0,0.0,,
39005,Ashland County,OH,3/19/2026 5:00,0.0,0.0,,
39005,Ashland County,OH,3/19/2026 6:00,0.0,0.0,,
39005,Ashland County,OH,3/19/2026 7:00,0.0,0.0,,
39005,Ashland County,OH,3/19/2026 8:00,0.0,0.0,,
39005,Ashland County,OH,3/19/2026 9:00,0.0,0.0,,
39005,Ashland County,OH,3/19/2026 10:00,0.0,0.0,,
39005,Ashland County,OH,3/19/2026 11:00,0.0,0.0,,
39005,Ashland County,OH,3/19/2026 12:00,0.0,0.0,,
39005,Ashland County,OH,3/19/2026 13:00,0.0,0.0,,
39005,Ashland County,OH,3/19/2026 14:00,0.0,0.0,,
39005,Ashland County,OH,3/19/2026 15:00,0.0,0.0,,
39005,Ashland County,OH,3/19/2026 16:00,0.0,0.0,,
39005,Ashland County,OH,3/19/2026 17:00,0.0,0.0,,
39005,Ashland County,OH,3/19/2026 18:00,0.0,,,
39005,Ashland County,OH,3/19/2026 19:00,0.0,,,
39005,Ashland County,OH,3/19/2026 20:00,0.0,,,
39005,Ashland County,OH,3/19/2026 21:00,0.0,,,
39005,Ashland County,OH,3/19/2026 22:00,0.0,,,
39005,Ashland County,OH,3/19/2026 23:00,,,,
39007,Ashtabula County,OH,3/14/2026 0:00,0.07014219054459603,0.05504180154431662,0.006334027666283463,0.018787420968434554
39007,Ashtabula County,OH,3/14/2026 1:00,0.06825854893319676,0.05049569030065616,0.007128120484618903,0.017280866868896384
39007,Ashtabula County,OH,3/14/2026 2:00,0.0652728752164029,0.045168252621801276,0.007478509161468233,0.01662579551246834
39007,Ashtabula County,OH,3/14/2026 3:00,0.06426856702151926,0.03978531376136424,0.006804105472740066,0.016379605260667257
39007,Ashtabula County,OH,3/14/2026 4:00,0.058227848846629536,0.03761336445941477,0.008703826944405227,0.01624366411733211
39007,Ashtabula County,OH,3/14/2026 5:00,0.05923048664837084,0.033994398423989616,0.0076215832396922,0.016177139622471248
39007,Ashtabula County,OH,3/14/2026 6:00,0.05050978215336405,0.032229408703699794,0.007121140188986858,0.015158980599547584
39007,Ashtabula County,OH,3/14/2026 7:00,0.046531305244081556,0.028346055129778766,0.0073725225115239814,0.014322820681414068
39007,Ashtabula County,OH,3/14/2026 8:00,0.04617030286267465,0.025428945470477565,0.0074660767163303495,0.013922806218056886
39007,Ashtabula County,OH,3/14/2026 9:00,0.0413248466649729,0.02334800901965325,0.007794829559906593,0.013529980171868291
39007,Ashtabula County,OH,3/14/2026 10:00,0.034239031541326265,0.017181083726953678,0.008835455185122935,0.011931787332253465
39007,Ashtabula County,OH,3/14/2026 11:00,0.03252910786971886,0.015604097024562748,0.009373818331969916,0.011733093189905466
39007,Ashtabula County,OH,3/14/2026 12:00,0.029389750541527298,0.012866002413947506,0.009597306752706085,0.01113591514569228
39007,Ashtabula County,OH,3/14/2026 13:00,0.02821468826553198,0.011975239168097328,0.008258025009934665,0.010508747656427092
39007,Ashtabula County,OH,3/14/2026 14:00,0.02337953170123904,0.010781114746900943,0.007882016125271875,0.008783734028056694
39007,Ashtabula County,OH,3/14/2026 15:00,0.019961261420991,0.009598154468664761,0.012367374833453008,0.0070887105375784295
39007,Ashtabula County,OH,3/14/2026 16:00,0.01792115443022173,0.007996685145869294,0.012823106894681007,0.006864697950547685
39007,Ashtabula County,OH,3/14/2026 17:00,0.01166837402848717,0.00788333241520567,0.017108438468588297,0.006149895215055466
39007,Ashtabula County,OH,3/14/2026 18:00,0.011880453513954697,0.008355630483727183,0.018197662805908323,0.006931245732379521
39007,Ashtabula County,OH,3/14/2026 19:00,0.010024566716732998,0.00819344753615809,0.019652928964645214,0.006395788457749417
39007,Ashtabula County,OH,3/14/2026 20:00,0.011752758585591406,0.008296915551158378,0.01693831207725975,0.005715606470359202
39007,Ashtabula County,OH,3/14/2026 21:00,0.011895077813846562,0.008121896681020114,0.01704725591433953,0.005464304990473102
39007,Ashtabula County,OH,3/14/2026 22:00,0.012123000525211466,0.008424199718976191,0.0190173521236046,0.0054618459787413275
39007,Ashtabula County,OH,3/14/2026 23:00,0.01191572588172697,0.008658609960540216,0.018470931739338316,0.0053771268879293085
39007,Ashtabula County,OH,3/15/2026 0:00,0.010348363438304878,0.0084210650984357,0.01817517270973708,0.0032777573717781036
39007,Ashtabula County,OH,3/15/2026 1:00,0.009392687440324425,0.009235650702088313,0.01723618142255886,0.003292050157118212
39007,Ashtabula County,OH,3/15/2026 2:00,0.010838453084004735,0.0099314539782745,0.014227155679347143,0.004705545372108228
39007,Ashtabula County,OH,3/15/2026 3:00,0.008597579541994634,0.008527785698123286,0.0138857924339025,0.0029680473608273274
39007,Ashtabula County,OH,3/15/2026 4:00,0.00833878655446601,0.008507752395542901,0.012916105519329061,0.0024319100420927796
39007,Ashtabula County,OH,3/15/2026 5:00,0.009236023557198115,0.008660227220039072,0.01145400396911361,0.002409135011840991
39007,Ashtabula County,OH,3/15/2026 6:00,0.00875671016933435,0.008115747956095851,0.012082846551705462,0.0024895792423089667
39007,Ashtabula County,OH,3/15/2026 7:00,0.009743510714182129,0.007979620601912549,0.011791199629813107,0.0028040592336138065
39007,Ashtabula County,OH,3/15/2026 8:00,0.008711652969089366,0.009570381504994457,0.010895226565767257,0.0025908233958930223
39007,Ashtabula County,OH,3/15/2026 9:00,0.009974212624028745,0.017348755513904936,0.008949348296549501,0.0030280870184409333
39007,Ashtabula County,OH,3/15/2026 10:00,0.0108965397006834,0.019742883304577345,0.007240894100234101,0.003025420495515188
39007,Ashtabula County,OH,3/15/2026 11:00,0.011249155995882098,0.018821200035572253,0.007410761510759079,0.0031434393368095013
39007,Ashtabula County,OH,3/15/2026 12:00,0.011571439394355886,0.019931551102683045,0.007171898785338198,0.0028556790954992533
39007,Ashtabula County,OH,3/15/2026 13:00,0.011687081305368718,0.021042221966460082,0.00653654526317011,0.0028133662685847294
39007,Ashtabula County,OH,3/15/2026 14:00,0.011856817754347434,0.022766066433787143,0.005954481759864713,0.002322636002462716
39007,Ashtabula County,OH,3/15/2026 15:00,0.014529901682913512,0.021911858682282306,0.006593884723809436,0.0018497756548827957
39007,Ashtabula County,OH,3/15/2026 16:00,0.011827254043004349,0.0211476888841603,0.005383870948497539,0.0016328825132600206
39007,Ashtabula County,OH,3/15/2026 17:00,0.01531686245532026,0.023255520562575453,0.004817306872299399,0.0014760367968784836
39007,Ashtabula County,OH,3/15/2026 18:00,0.01878884897589469,0.023129489785360283,0.0046452525130152664,0.0013050217727646344
39007,Ashtabula County,OH,3/15/2026 19:00,0.019269286477018595,0.02137582511748544,0.004554096388604415,0.0
39007,Ashtabula County,OH,3/15/2026 20:00,0.022624995948409322,0.020721671271475017,0.004557358867076719,0.0
39007,Ashtabula County,OH,3/15/2026 21:00,0.026124144513617113,0.017446078152459812,0.003802996267637026,0.0
39007,Ashtabula County,OH,3/15/2026 22:00,0.023480157276997225,0.015563657741122344,0.00446018842049938,0.0
39007,Ashtabula County,OH,3/15/2026 23:00,0.023670146443299036,0.01430819556166524,0.003911522837291239,0.0
39007,Ashtabula County,OH,3/16/2026 0:00,0.022515954815808235,0.015122468967183892,0.004261662351469064,0.0
39007,Ashtabula County,OH,3/16/2026 1:00,0.02113599810572183,0.011133690304122736,0.003422382154972533,0.002622013761798809
39007,Ashtabula County,OH,3/16/2026 2:00,0.01670614735110511,0.011092345195667512,0.0033916798636147672,0.0
39007,Ashtabula County,OH,3/16/2026 3:00,0.01770387391595867,0.010658789670582695,0.0018678126520481522,0.0
39007,Ashtabula County,OH,3/16/2026 4:00,0.016465787340884528,0.00958535766994137,0.0019710820202758182,0.0
39007,Ashtabula County,OH,3/16/2026 5:00,0.017473428698101163,0.00946813068869729,0.0018269182344057152,0.0022712477955040304
39007,Ashtabula County,OH,3/16/2026 6:00,0.014845994908526193,0.008392235965428176,0.001799837076553581,0.0
39007,Ashtabula County,OH,3/16/2026 7:00,0.01588054891844407,0.010128811187913304,0.00256674074263167,0.0
39007,Ashtabula County,OH,3/16/2026 8:00,0.015399982967650095,0.008745122131041227,0.0016221058887789103,0.001367809504439226
39007,Ashtabula County,OH,3/16/2026 9:00,0.010893378241402008,0.0072942375439840595,0.0017784350312128941,0.001394960135214816
39007,Ashtabula County,OH,3/16/2026 10:00,0.011059748229662101,0.0066027692088641236,0.0017626923574342705,0.001857620362569179
39007,Ashtabula County,OH,3/16/2026 11:00,0.007303598316687736,0.00687612155458733,0.001849931014262191,0.0022841313823201413
39007,Ashtabula County,OH,3/16/2026 12:00,0.008678905327315299,0.005735414384063274,0.0014916369544271764,0.0046503986551014505
39007,Ashtabula County,OH,3/16/2026 13:00,0.008503463358810456,0.005941158210084758,0.0010804606804210772,0.0035778590257740718
39007,Ashtabula County,OH,3/16/2026 14:00,0.0068522818488820905,0.003983328516361214,0.0016859782478994465,0.0057669361577465375
39007,Ashtabula County,OH,3/16/2026 15:00,0.006955393900097759,0.003943254857280295,0.0,0.0025534384425816114
39007,Ashtabula County,OH,3/16/2026 16:00,0.005367389892258326,0.003822261154673807,0.0,0.0011875632742845972
39007,Ashtabula County,OH,3/16/2026 17:00,0.00620536148635205,0.002862266025969069,0.0,0.0011350353701780932
39007,Ashtabula County,OH,3/16/2026 18:00,0.005290769438027962,0.002836870869922389,0.0,0.0
39007,Ashtabula County,OH,3/16/2026 19:00,0.004614010232675081,0.0030805634885413004,0.0,0.0
39007,Ashtabula County,OH,3/16/2026 20:00,0.00430797339199762,0.0029063150163092964,0.0,0.0
39007,Ashtabula County,OH,3/16/2026 21:00,0.004220022693232891,0.002887575716397727,0.0,0.0
39007,Ashtabula County,OH,3/16/2026 22:00,0.003280778037060401,0.002929451746839212,0.0,0.0
39007,Ashtabula County,OH,3/16/2026 23:00,0.0032773214982433543,0.0022889644891956407,0.0,0.0
39007,Ashtabula County,OH,3/17/2026 0:00,0.005175196383903273,0.002380068564278986,0.0,0.0
39007,Ashtabula County,OH,3/17/2026 1:00,0.0030004017870067126,0.00214242996925574,0.0,0.0
39007,Ashtabula County,OH,3/17/2026 2:00,0.0031623877386854136,0.002748424877271881,0.0,0.0
39007,Ashtabula County,OH,3/17/2026 3:00,0.003037698772981772,0.0012742763176840223,0.0,0.0
39007,Ashtabula County,OH,3/17/2026 4:00,0.003057523255752275,0.0012633556901300513,0.0,0.0
39007,Ashtabula County,OH,3/17/2026 5:00,0.0033058053443651126,0.0012416635523544454,0.0,0.0
39007,Ashtabula County,OH,3/17/2026 6:00,0.002328282510243529,0.0032723128062195957,0.0,0.0
39007,Ashtabula County,OH,3/17/2026 7:00,0.0025851946683775467,0.0029762806110294826,0.0,0.0011106648575114108
39007,Ashtabula County,OH,3/17/2026 8:00,0.0029350379684284574,0.002906395482323414,0.0,0.0010937682987307634
39007,Ashtabula County,OH,3/17/2026 9:00,0.0024376775595092823,0.0015197036949898906,0.0,0.0010999438556904798
39007,Ashtabula County,OH,3/17/2026 10:00,0.0025548995249686035,0.001587021161503872,0.0,0.001121530784782117
39007,Ashtabula County,OH,3/17/2026 11:00,0.002024787018764674,0.0,0.0018736891886627209,0.0012019554141327396
39007,Ashtabula County,OH,3/17/2026 12:00,0.001948855266568091,0.0,0.0016137147053982743,0.0012217671284290323
39007,Ashtabula County,OH,3/17/2026 13:00,0.001305346220756805,0.0,0.0015581400634650986,0.0012217671284290323
39007,Ashtabula County,OH,3/17/2026 14:00,0.0010715768006129367,0.0,0.0015151526822860199,0.0011360961536093653
39007,Ashtabula County,OH,3/17/2026 15:00,0.0,0.0,0.0025993382225105704,0.0
39007,Ashtabula County,OH,3/17/2026 16:00,0.0,0.0,0.0017764590447263608,0.0
39007,Ashtabula County,OH,3/17/2026 17:00,0.0,0.0,0.0014438412472427126,0.0
39007,Ashtabula County,OH,3/17/2026 18:00,0.0,0.0,0.0,0.0
39007,Ashtabula County,OH,3/17/2026 19:00,0.0,0.0,0.0,0.0
39007,Ashtabula County,OH,3/17/2026 20:00,0.0,0.0019066825971099024,0.0,0.0
39007,Ashtabula County,OH,3/17/2026 21:00,0.0,0.002221964661602638,0.0,0.0
39007,Ashtabula County,OH,3/17/2026 22:00,0.0,0.0021737958277907995,0.0,0.0
39007,Ashtabula County,OH,3/17/2026 23:00,0.0,0.002196491322148082,0.0,0.0
39007,Ashtabula County,OH,3/18/2026 0:00,0.0,0.001885241602614652,0.0,
39007,Ashtabula County,OH,3/18/2026 1:00,0.0,0.0020557590809139356,0.0,
39007,Ashtabula County,OH,3/18/2026 2:00,0.0,0.0020253657810308644,0.0,
39007,Ashtabula County,OH,3/18/2026 3:00,0.0,0.002463826293260652,0.0,
39007,Ashtabula County,OH,3/18/2026 4:00,0.0,0.00245176279745405,0.0,
39007,Ashtabula County,OH,3/18/2026 5:00,0.0,0.0026013010622304555,0.0,
39007,Ashtabula County,OH,3/18/2026 6:00,0.0,0.0025445228026780608,0.0,
39007,Ashtabula County,OH,3/18/2026 7:00,0.0017411890077837567,0.0023521815600387043,0.0,
39007,Ashtabula County,OH,3/18/2026 8:00,0.0,0.0033477812308269285,0.0,
39007,Ashtabula County,OH,3/18/2026 9:00,0.0016598514720793727,0.0022309939775948004,0.0,
39007,Ashtabula County,OH,3/18/2026 10:00,0.0021186132759549283,0.0014376380026769882,0.0,
39007,Ashtabula County,OH,3/18/2026 11:00,0.003453198510787349,0.0,0.0,
39007,Ashtabula County,OH,3/18/2026 12:00,0.0018608416218723405,0.0,0.0015639754709772303,
39007,Ashtabula County,OH,3/18/2026 13:00,0.0,0.0,0.0015572502116725203,
39007,Ashtabula County,OH,3/18/2026 14:00,0.0,0.0,0.0015469607690839758,
39007,Ashtabula County,OH,3/18/2026 15:00,0.006506975399327892,0.0,0.0015585099709277915,
39007,Ashtabula County,OH,3/18/2026 16:00,0.0021212038822232293,0.0,0.0015461100226651925,
39007,Ashtabula County,OH,3/18/2026 17:00,0.0028927878033479684,0.0,0.001532540394213469,
39007,Ashtabula County,OH,3/18/2026 18:00,0.0,0.0,0.0,
39007,Ashtabula County,OH,3/18/2026 19:00,0.0,0.0,0.0,
39007,Ashtabula County,OH,3/18/2026 20:00,0.0,0.0,0.0,
39007,Ashtabula County,OH,3/18/2026 21:00,0.0,0.0,0.0,
39007,Ashtabula County,OH,3/18/2026 22:00,0.001546055169757862,0.0,0.0,
39007,Ashtabula County,OH,3/18/2026 23:00,0.0015512192095348883,0.0,0.0,
39007,Ashtabula County,OH,3/19/2026 0:00,0.0,0.0,,
39007,Ashtabula County,OH,3/19/2026 1:00,0.0,0.0,,
39007,Ashtabula County,OH,3/19/2026 2:00,0.0,0.0,,
39007,Ashtabula County,OH,3/19/2026 3:00,0.0,0.0,,
39007,Ashtabula County,OH,3/19/2026 4:00,0.0,0.0,,
39007,Ashtabula County,OH,3/19/2026 5:00,0.0,0.0,,
39007,Ashtabula County,OH,3/19/2026 6:00,0.001469534059833716,0.0,,
39007,Ashtabula County,OH,3/19/2026 7:00,0.0,0.0,,
39007,Ashtabula County,OH,3/19/2026 8:00,0.0,0.0,,
39007,Ashtabula County,OH,3/19/2026 9:00,0.0,0.0,,
39007,Ashtabula County,OH,3/19/2026 10:00,0.0,0.0,,
39007,Ashtabula County,OH,3/19/2026 11:00,0.0,0.0,,
39007,Ashtabula County,OH,3/19/2026 12:00,0.0,0.0,,
39007,Ashtabula County,OH,3/19/2026 13:00,0.0,0.0,,
39007,Ashtabula County,OH,3/19/2026 14:00,0.0,0.0,,
39007,Ashtabula County,OH,3/19/2026 15:00,0.0,0.0,,
39007,Ashtabula County,OH,3/19/2026 16:00,0.0,0.0,,
39007,Ashtabula County,OH,3/19/2026 17:00,0.0,0.0,,
39007,Ashtabula County,OH,3/19/2026 18:00,0.0,,,
39007,Ashtabula County,OH,3/19/2026 19:00,0.0,,,
39007,Ashtabula County,OH,3/19/2026 20:00,0.0,,,
39007,Ashtabula County,OH,3/19/2026 21:00,0.0,,,
39007,Ashtabula County,OH,3/19/2026 22:00,0.0,,,
39007,Ashtabula County,OH,3/19/2026 23:00,,,,
39009,Athens County,OH,3/14/2026 0:00,0.003294205588071545,0.0017508339337898684,0.0,0.0010621208586931755
39009,Athens County,OH,3/14/2026 1:00,0.0029893726130993652,0.0016813047552725325,0.0,0.0011745908598744812
39009,Athens County,OH,3/14/2026 2:00,0.0023884614995496245,0.002159858017816361,0.0,0.0013932380294792831
39009,Athens County,OH,3/14/2026 3:00,0.0022997405946077625,0.0019316902707015742,0.0,0.0015731590729514717
39009,Athens County,OH,3/14/2026 4:00,0.002121090553867437,0.001167118930675802,0.0,0.0018770978109094083
39009,Athens County,OH,3/14/2026 5:00,0.0015297096291771728,0.0011801231589456888,0.0,0.00167768880976405
39009,Athens County,OH,3/14/2026 6:00,0.0015865414583474593,0.0,0.0,0.0016820719613293315
39009,Athens County,OH,3/14/2026 7:00,0.0014488801055421328,0.0012045387995846969,0.0,0.0025903012671053783
39009,Athens County,OH,3/14/2026 8:00,0.0013969389584684382,0.0,0.0,0.002760414113291645
39009,Athens County,OH,3/14/2026 9:00,0.001818949858717575,0.0,0.0,0.0028109075274824285
39009,Athens County,OH,3/14/2026 10:00,0.0010922156106973424,0.0,0.0,0.0018112445498486385
39009,Athens County,OH,3/14/2026 11:00,0.0010098661832431757,0.0,0.002603367518012601,0.0014458872643721267
39009,Athens County,OH,3/14/2026 12:00,0.0,0.0,0.002685921860208581,0.0015440998320495184
39009,Athens County,OH,3/14/2026 13:00,0.0,0.0,0.0032349841275338244,0.0011295130637095315
39009,Athens County,OH,3/14/2026 14:00,0.0,0.0,0.0035038698783679974,0.0013849303536557916
39009,Athens County,OH,3/14/2026 15:00,0.0,0.0,0.004121152662132443,0.0
39009,Athens County,OH,3/14/2026 16:00,0.0,0.0,0.004156984308031702,0.0
39009,Athens County,OH,3/14/2026 17:00,0.0,0.0,0.004175722200884375,0.0
39009,Athens County,OH,3/14/2026 18:00,0.0,0.0,0.004086869189999518,0.0
39009,Athens County,OH,3/14/2026 19:00,0.0,0.0,0.0038052645358619057,0.00180983348186286
39009,Athens County,OH,3/14/2026 20:00,0.0,0.0,0.0032212673651209963,0.0013880989281735297
39009,Athens County,OH,3/14/2026 21:00,0.0,0.0,0.0012309593409616073,0.0016975176903682718
39009,Athens County,OH,3/14/2026 22:00,0.0,0.0,0.0,0.0013312566584034416
39009,Athens County,OH,3/14/2026 23:00,0.0,0.0,0.0,0.0011791347218808894
39009,Athens County,OH,3/15/2026 0:00,0.0,0.0,0.0010193706776634784,0.001214868869192404
39009,Athens County,OH,3/15/2026 1:00,0.0,0.0,0.0011423635758131521,0.0012573167864228698
39009,Athens County,OH,3/15/2026 2:00,0.0,0.0,0.0011856755159531814,0.0
39009,Athens County,OH,3/15/2026 3:00,0.0,0.0,0.0,0.0
39009,Athens County,OH,3/15/2026 4:00,0.0,0.0,0.0,0.0
39009,Athens County,OH,3/15/2026 5:00,0.0,0.0,0.0013725254427258634,0.0
39009,Athens County,OH,3/15/2026 6:00,0.0,0.0,0.0013641715853300658,0.0
39009,Athens County,OH,3/15/2026 7:00,0.0,0.0,0.0015871583307459683,0.0
39009,Athens County,OH,3/15/2026 8:00,0.0,0.0012791807657094307,0.005218560091436184,0.0
39009,Athens County,OH,3/15/2026 9:00,0.0,0.0014968602992336474,0.002141549678056789,0.0
39009,Athens County,OH,3/15/2026 10:00,0.0014761037110933154,0.0020410502510769444,0.0016821287914269684,0.0
39009,Athens County,OH,3/15/2026 11:00,0.0011524741319945933,0.002440528490797346,0.0,0.0
39009,Athens County,OH,3/15/2026 12:00,0.001818825869842147,0.0023363420309220374,0.0010001004228889878,0.0
39009,Athens County,OH,3/15/2026 13:00,0.0028666127856535155,0.0024212508293261466,0.0,0.0
39009,Athens County,OH,3/15/2026 14:00,0.0025717781688379226,0.0023375294515055696,0.0,0.0
39009,Athens County,OH,3/15/2026 15:00,0.003154253394574369,0.00155135298656597,0.0,0.0
39009,Athens County,OH,3/15/2026 16:00,0.002681819260411863,0.0,0.0,0.0
39009,Athens County,OH,3/15/2026 17:00,0.0017994666921909046,0.0010452039570210648,0.0,0.0
39009,Athens County,OH,3/15/2026 18:00,0.002066449457728072,0.0013555950326966752,0.0017167343293652466,0.0
39009,Athens County,OH,3/15/2026 19:00,0.0022932839380081825,0.0,0.002934023907344323,0.0
39009,Athens County,OH,3/15/2026 20:00,0.0022559300864154865,0.0010264707614567967,0.004171981108553099,0.0
39009,Athens County,OH,3/15/2026 21:00,0.0018487386763622478,0.0,0.005987740414653881,0.0
39009,Athens County,OH,3/15/2026 22:00,0.001627442166980326,0.0,0.004665986263870535,0.0
39009,Athens County,OH,3/15/2026 23:00,0.0015474125622781684,0.0015838941634931452,0.005604380529094581,0.0
39009,Athens County,OH,3/16/2026 0:00,0.0010207185969177412,0.002840579030985729,0.004581138050335587,0.0
39009,Athens County,OH,3/16/2026 1:00,0.0,0.0021834497946940025,0.003920275079303161,0.0
39009,Athens County,OH,3/16/2026 2:00,0.0,0.0031122286721147916,0.0036314024031014426,0.0
39009,Athens County,OH,3/16/2026 3:00,0.0011695627351668528,0.004268843300500889,0.0028447351251119583,0.0
39009,Athens County,OH,3/16/2026 4:00,0.0024701526251753405,0.003376134894549144,0.002068215554790169,0.0
39009,Athens County,OH,3/16/2026 5:00,0.0028546530112983208,0.0040526588190752735,0.001063296114402801,0.0
39009,Athens County,OH,3/16/2026 6:00,0.002335407424177463,0.0022638976275321946,0.0014723128417070356,0.0
39009,Athens County,OH,3/16/2026 7:00,0.0044661039843952996,0.0038703482631231986,0.0017139782077257618,0.0
39009,Athens County,OH,3/16/2026 8:00,0.004885774206604196,0.003123089376124569,0.00131431473071184,0.0
39009,Athens County,OH,3/16/2026 9:00,0.004469512823982868,0.0019356098556927725,0.001469579727369105,0.0010661128903008902
39009,Athens County,OH,3/16/2026 10:00,0.0016184737986336172,0.0018934364220754682,0.0010756828122995034,0.0034070672190217957
39009,Athens County,OH,3/16/2026 11:00,0.0016414505909072344,0.0020207697099779154,0.0,0.004377357043040088
39009,Athens County,OH,3/16/2026 12:00,0.0010740253499033868,0.0027372821395058185,0.0,0.0032901843956836593
39009,Athens County,OH,3/16/2026 13:00,0.0018948662877618337,0.003402835350835535,0.0,0.0011348335403279586
39009,Athens County,OH,3/16/2026 14:00,0.0014620742389398172,0.003954457707089468,0.0,0.0011308345969729089
39009,Athens County,OH,3/16/2026 15:00,0.001586262862830312,0.0032703898081340534,0.0,0.0
39009,Athens County,OH,3/16/2026 16:00,0.0011522869313884709,0.0038410345176997044,0.0,0.0
39009,Athens County,OH,3/16/2026 17:00,0.0016628566503983804,0.002753601375840965,0.0,0.0
39009,Athens County,OH,3/16/2026 18:00,0.0032843544751164837,0.002681030914757586,0.0,0.0
39009,Athens County,OH,3/16/2026 19:00,0.003167396264654006,0.0015845853976214038,0.0,0.0
39009,Athens County,OH,3/16/2026 20:00,0.0017140995433736175,0.0016214547420526082,0.0,0.0
39009,Athens County,OH,3/16/2026 21:00,0.0021642035994051917,0.0011926610580088241,0.0,0.0
39009,Athens County,OH,3/16/2026 22:00,0.001981637791916359,0.0,0.0,0.0
39009,Athens County,OH,3/16/2026 23:00,0.0017946451247170567,0.0,0.0,0.0
39009,Athens County,OH,3/17/2026 0:00,0.0017711869566975232,0.0,0.0,0.0
39009,Athens County,OH,3/17/2026 1:00,0.0014245118600637687,0.0,0.0,0.0
39009,Athens County,OH,3/17/2026 2:00,0.0017148770523294527,0.0,0.0,0.0
39009,Athens County,OH,3/17/2026 3:00,0.0,0.0,0.0,0.0
39009,Athens County,OH,3/17/2026 4:00,0.001172677059901225,0.0,0.0,0.0
39009,Athens County,OH,3/17/2026 5:00,0.0012286734982198894,0.0,0.0,0.0
39009,Athens County,OH,3/17/2026 6:00,0.001074564148381291,0.0,0.0,0.0
39009,Athens County,OH,3/17/2026 7:00,0.0,0.0,0.0,0.0
39009,Athens County,OH,3/17/2026 8:00,0.0016949074208132567,0.0,0.0,0.0
39009,Athens County,OH,3/17/2026 9:00,0.0016307100729407672,0.0,0.0,0.0
39009,Athens County,OH,3/17/2026 10:00,0.0015572028441683684,0.0,0.0,0.0
39009,Athens County,OH,3/17/2026 11:00,0.0010058849140470376,0.0,0.0017924124479789384,0.0
39009,Athens County,OH,3/17/2026 12:00,0.002011385819756567,0.0,0.0011933556661694797,0.0
39009,Athens County,OH,3/17/2026 13:00,0.0018066874755815177,0.0,0.0,0.0
39009,Athens County,OH,3/17/2026 14:00,0.0,0.0,0.0,0.0
39009,Athens County,OH,3/17/2026 15:00,0.0,0.0,0.0,0.0
39009,Athens County,OH,3/17/2026 16:00,0.0,0.0,0.0,0.0
39009,Athens County,OH,3/17/2026 17:00,0.0,0.0,0.0,0.0
39009,Athens County,OH,3/17/2026 18:00,0.0,0.0,0.0,0.0
39009,Athens County,OH,3/17/2026 19:00,0.0,0.0,0.0,0.0
39009,Athens County,OH,3/17/2026 20:00,0.0,0.0,0.0,0.0
39009,Athens County,OH,3/17/2026 21:00,0.0,0.0,0.0,0.0
39009,Athens County,OH,3/17/2026 22:00,0.0,0.0,0.0,0.0
39009,Athens County,OH,3/17/2026 23:00,0.0,0.0,0.0,0.0
39009,Athens County,OH,3/18/2026 0:00,0.0,0.0,0.0,
39009,Athens County,OH,3/18/2026 1:00,0.0,0.0,0.0,
39009,Athens County,OH,3/18/2026 2:00,0.0,0.0,0.0,
39009,Athens County,OH,3/18/2026 3:00,0.0,0.0021251741618207682,0.0,
39009,Athens County,OH,3/18/2026 4:00,0.0,0.003967249394008422,0.0,
39009,Athens County,OH,3/18/2026 5:00,0.0,0.003611992378827057,0.0,
39009,Athens County,OH,3/18/2026 6:00,0.0,0.003770652675914084,0.0,
39009,Athens County,OH,3/18/2026 7:00,0.0,0.002041921875620322,0.0,
39009,Athens County,OH,3/18/2026 8:00,0.0,0.0,0.0,
39009,Athens County,OH,3/18/2026 9:00,0.0,0.0,0.0,
39009,Athens County,OH,3/18/2026 10:00,0.0,0.0,0.0,
39009,Athens County,OH,3/18/2026 11:00,0.0,0.0,0.0,
39009,Athens County,OH,3/18/2026 12:00,0.0,0.0,0.0,
39009,Athens County,OH,3/18/2026 13:00,0.0,0.0,0.0,
39009,Athens County,OH,3/18/2026 14:00,0.0,0.0,0.0,
39009,Athens County,OH,3/18/2026 15:00,0.0,0.0,0.0,
39009,Athens County,OH,3/18/2026 16:00,0.0,0.0,0.0,
39009,Athens County,OH,3/18/2026 17:00,0.0,0.0,0.0,
39009,Athens County,OH,3/18/2026 18:00,0.0,0.0,0.0,
39009,Athens County,OH,3/18/2026 19:00,0.0,0.0,0.0,
39009,Athens County,OH,3/18/2026 20:00,0.0,0.0,0.0,
39009,Athens County,OH,3/18/2026 21:00,0.0,0.0,0.0,
39009,Athens County,OH,3/18/2026 22:00,0.0,0.0,0.0,
39009,Athens County,OH,3/18/2026 23:00,0.0,0.0,0.0,
39009,Athens County,OH,3/19/2026 0:00,0.0,0.0,,
39009,Athens County,OH,3/19/2026 1:00,0.0,0.0,,
39009,Athens County,OH,3/19/2026 2:00,0.0,0.0,,
39009,Athens County,OH,3/19/2026 3:00,0.0,0.0,,
39009,Athens County,OH,3/19/2026 4:00,0.0,0.0,,
39009,Athens County,OH,3/19/2026 5:00,0.0,0.0,,
39009,Athens County,OH,3/19/2026 6:00,0.0,0.0,,
39009,Athens County,OH,3/19/2026 7:00,0.0,0.0,,
39009,Athens County,OH,3/19/2026 8:00,0.0,0.0,,
39009,Athens County,OH,3/19/2026 9:00,0.0,0.0,,
39009,Athens County,OH,3/19/2026 10:00,0.0,0.0,,
39009,Athens County,OH,3/19/2026 11:00,0.0,0.0,,
39009,Athens County,OH,3/19/2026 12:00,0.0,0.0,,
39009,Athens County,OH,3/19/2026 13:00,0.0,0.0,,
39009,Athens County,OH,3/19/2026 14:00,0.0,0.0,,
39009,Athens County,OH,3/19/2026 15:00,0.0,0.0,,
39009,Athens County,OH,3/19/2026 16:00,0.0,0.0,,
39009,Athens County,OH,3/19/2026 17:00,0.0,0.0,,
39009,Athens County,OH,3/19/2026 18:00,0.0,,,
39009,Athens County,OH,3/19/2026 19:00,0.0,,,
39009,Athens County,OH,3/19/2026 20:00,0.0,,,
39009,Athens County,OH,3/19/2026 21:00,0.0,,,
39009,Athens County,OH,3/19/2026 22:00,0.0,,,
39009,Athens County,OH,3/19/2026 23:00,,,,
39011,Auglaize County,OH,3/14/2026 0:00,0.043217023074905506,0.030821685916529337,0.004008445770115904,0.006152577089892556
39011,Auglaize County,OH,3/14/2026 1:00,0.043143516573404664,0.027831643902920453,0.003895453954920995,0.006484559395909188
39011,Auglaize County,OH,3/14/2026 2:00,0.04059787273332084,0.02704617663818224,0.0035190730092081574,0.006963788687084144
39011,Auglaize County,OH,3/14/2026 3:00,0.04073698306061728,0.024814816854186204,0.003731405035682893,0.007605447662898536
39011,Auglaize County,OH,3/14/2026 4:00,0.04044716029123291,0.022337958893144366,0.0033658394253800804,0.007001849955942375
39011,Auglaize County,OH,3/14/2026 5:00,0.03839217138306741,0.020835384589281008,0.003056456854739731,0.007720028024341979
39011,Auglaize County,OH,3/14/2026 6:00,0.03595856272816012,0.017419815710142533,0.003013127784652324,0.008043540490993813
39011,Auglaize County,OH,3/14/2026 7:00,0.03657754323857775,0.015506915261834234,0.002862289890940938,0.007392105236462464
39011,Auglaize County,OH,3/14/2026 8:00,0.03170879781259014,0.01270251282460834,0.0030366247849907798,0.006159800836315501
39011,Auglaize County,OH,3/14/2026 9:00,0.02570715542483964,0.01231098116648907,0.0031179629590903707,0.006744518944515693
39011,Auglaize County,OH,3/14/2026 10:00,0.023836766441597965,0.0095374105054849,0.002993096452854357,0.005236233922872376
39011,Auglaize County,OH,3/14/2026 11:00,0.02301813533977873,0.009842678900020168,0.0038949152260923064,0.00403873497454227
39011,Auglaize County,OH,3/14/2026 12:00,0.019750353712207097,0.007195081714250166,0.004855488489330612,0.00387581251611762
39011,Auglaize County,OH,3/14/2026 13:00,0.01776021966257771,0.00642751939916128,0.005454177043898442,0.003137354817694398
39011,Auglaize County,OH,3/14/2026 14:00,0.016181048241857177,0.006650000586882237,0.007096089178199226,0.0029562127849454664
39011,Auglaize County,OH,3/14/2026 15:00,0.012732420402268272,0.006228303720029122,0.007851814803030512,0.002945346979021828
39011,Auglaize County,OH,3/14/2026 16:00,0.010799855802662092,0.006014799260109258,0.006582079961563135,0.002919301447939813
39011,Auglaize County,OH,3/14/2026 17:00,0.009355216090207721,0.005222473015697414,0.005639186364797773,0.0029221835749101816
39011,Auglaize County,OH,3/14/2026 18:00,0.005586163390407539,0.00446940207464157,0.005398269205006844,0.0026636057118485023
39011,Auglaize County,OH,3/14/2026 19:00,0.0045507604034941305,0.004439634066824916,0.00492627055879201,0.002522444680460158
39011,Auglaize County,OH,3/14/2026 20:00,0.004439801890790012,0.0043228469974650905,0.004920299025867232,0.0023056398794247795
39011,Auglaize County,OH,3/14/2026 21:00,0.003516683997124582,0.004247853848644055,0.004541671590817898,0.0023056398794247795
39011,Auglaize County,OH,3/14/2026 22:00,0.003137733354724069,0.004255493703785166,0.004080835649555848,0.002052267056235567
39011,Auglaize County,OH,3/14/2026 23:00,0.0030810778491497503,0.004295309454545725,0.005029086681699628,0.002071068529690536
39011,Auglaize County,OH,3/15/2026 0:00,0.0031471518471948685,0.004128294919442382,0.00536374988023055,0.0021119156380517657
39011,Auglaize County,OH,3/15/2026 1:00,0.0035179031723533475,0.0044800360517878845,0.005622892474077153,0.002137310679127447
39011,Auglaize County,OH,3/15/2026 2:00,0.0041959251833139,0.004261665482293764,0.005404165174656881,0.0021228715028893176
39011,Auglaize County,OH,3/15/2026 3:00,0.003473310654951379,0.003871323465752223,0.004889611903240281,0.001664245642308736
39011,Auglaize County,OH,3/15/2026 4:00,0.002937829405360791,0.004131074970735369,0.004733806856158324,0.001812604903428013
39011,Auglaize County,OH,3/15/2026 5:00,0.002649995519706109,0.003558091295520817,0.005209145721582293,0.0017580063891229458
39011,Auglaize County,OH,3/15/2026 6:00,0.0026269061127421013,0.004143727955405965,0.0048778960588827395,0.0017698948735447057
39011,Auglaize County,OH,3/15/2026 7:00,0.0023645340748150246,0.005787216980620389,0.004356368471143583,0.0017309455792583767
39011,Auglaize County,OH,3/15/2026 8:00,0.0024881029694734246,0.0060274789039724335,0.00468150053725469,0.0017343157355435854
39011,Auglaize County,OH,3/15/2026 9:00,0.002440002671005581,0.005813061549166118,0.0046199594114007935,0.0017343157355435854
39011,Auglaize County,OH,3/15/2026 10:00,0.0024167303275886317,0.005725011228315435,0.0038986002269093562,0.001810285845377709
39011,Auglaize County,OH,3/15/2026 11:00,0.0032356781976751636,0.00538975173617962,0.002146169323803467,0.001809366145056321
39011,Auglaize County,OH,3/15/2026 12:00,0.0041042373918228365,0.005385614889759549,0.0029684982638485784,0.0018977346210077017
39011,Auglaize County,OH,3/15/2026 13:00,0.004358557110338538,0.004509484848176176,0.002374510785418384,0.0018977346210077017
39011,Auglaize County,OH,3/15/2026 14:00,0.004800354474261125,0.004545060994426644,0.0014491374117140197,0.0018148272842734908
39011,Auglaize County,OH,3/15/2026 15:00,0.004933470121114267,0.004199437298306446,0.0013378627473364683,0.0015675709610042216
39011,Auglaize County,OH,3/15/2026 16:00,0.004881061305306082,0.004084429559431683,0.001625203930078327,0.0015244220308556317
39011,Auglaize County,OH,3/15/2026 17:00,0.005308535186594096,0.003837967559866875,0.0015263504934916676,0.001430644013780151
39011,Auglaize County,OH,3/15/2026 18:00,0.003979217463790233,0.002940057062913604,0.0019083227819942223,0.0013534558806378345
39011,Auglaize County,OH,3/15/2026 19:00,0.003752361346917727,0.004021597914134269,0.001787761411070656,0.0017739961507854088
39011,Auglaize County,OH,3/15/2026 20:00,0.003936744011719638,0.003955071026755369,0.0011382634191211547,0.001162641359425329
39011,Auglaize County,OH,3/15/2026 21:00,0.003190615004372962,0.004298965796702069,0.0,0.0011500630099507557
39011,Auglaize County,OH,3/15/2026 22:00,0.0029827418024760462,0.0044848330051485905,0.001263262546923254,0.0011500630099507557
39011,Auglaize County,OH,3/15/2026 23:00,0.004225595603527562,0.00468892408837469,0.0,0.0010524010243079679
39011,Auglaize County,OH,3/16/2026 0:00,0.005128371519030756,0.0041134576551249595,0.0,0.0010524010243079679
39011,Auglaize County,OH,3/16/2026 1:00,0.006937266547826563,0.00465714937909511,0.0,0.0011221637686986937
39011,Auglaize County,OH,3/16/2026 2:00,0.005845074118894266,0.0035787793331062277,0.0,0.0010790405158627408
39011,Auglaize County,OH,3/16/2026 3:00,0.004689905058509208,0.003764725730889711,0.0,0.0
39011,Auglaize County,OH,3/16/2026 4:00,0.0039875949719439955,0.0038691913223931956,0.0010690131613472534,0.0
39011,Auglaize County,OH,3/16/2026 5:00,0.003778421207780301,0.003560830218776085,0.001082991339285175,0.0010853575150162637
39011,Auglaize County,OH,3/16/2026 6:00,0.003566848063830626,0.002772138875970261,0.0,0.0012061335795749092
39011,Auglaize County,OH,3/16/2026 7:00,0.003155956342203329,0.002995649291090002,0.0013412655868886405,0.0010933536308992652
39011,Auglaize County,OH,3/16/2026 8:00,0.005640300109483957,0.0025428800426290734,0.0013899632712049206,0.0011604462627516547
39011,Auglaize County,OH,3/16/2026 9:00,0.005840574249352567,0.0023596767941455312,0.0014373528605957557,0.0015187967745656625
39011,Auglaize County,OH,3/16/2026 10:00,0.002310970643629946,0.002267591891745213,0.0016095333399554954,0.0012795335633532703
39011,Auglaize County,OH,3/16/2026 11:00,0.001819991478177944,0.0022545764920048773,0.0013161680473163788,0.0011245429202391593
39011,Auglaize County,OH,3/16/2026 12:00,0.0017488988156460622,0.001711968609463565,0.0016290192835972694,0.0011204081543955081
39011,Auglaize County,OH,3/16/2026 13:00,0.0020794954175017066,0.001969852881037377,0.0015337093418318118,0.0011223687287102433
39011,Auglaize County,OH,3/16/2026 14:00,0.0016720536468249555,0.0013977497085720001,0.0011275562673332266,0.0011139443803062175
39011,Auglaize County,OH,3/16/2026 15:00,0.0014107185897648713,0.0016976247524089216,0.0,0.0011051698502027281
39011,Auglaize County,OH,3/16/2026 16:00,0.0011114918104661582,0.0014764058225122528,0.0,0.0010963397559045837
39011,Auglaize County,OH,3/16/2026 17:00,0.0,0.0015319232641231415,0.0,0.0010894584755106254
39011,Auglaize County,OH,3/16/2026 18:00,0.0013150151782686673,0.0012165083690565941,0.0,0.0010838154414457926
39011,Auglaize County,OH,3/16/2026 19:00,0.0,0.0013446994325071644,0.0,0.0010712032418544743
39011,Auglaize County,OH,3/16/2026 20:00,0.0010874120678193106,0.001144643673479029,0.0010056229647156772,0.0010831956786260131
39011,Auglaize County,OH,3/16/2026 21:00,0.0,0.0012680156406102388,0.001005473447300406,0.0010803163395369068
39011,Auglaize County,OH,3/16/2026 22:00,0.0,0.0013315083097702257,0.0010296603492634586,0.001265993757307262
39011,Auglaize County,OH,3/16/2026 23:00,0.0,0.0013489896049200506,0.0010242197266152298,0.0012622200444599102
39011,Auglaize County,OH,3/17/2026 0:00,0.0,0.0014178011477285009,0.0,0.0010888536194661317
39011,Auglaize County,OH,3/17/2026 1:00,0.0,0.0013689949660572914,0.0,0.0010956001549184222
39011,Auglaize County,OH,3/17/2026 2:00,0.0,0.0013544735113914126,0.0,0.0010857390398928567
39011,Auglaize County,OH,3/17/2026 3:00,0.0,0.0014145999696797854,0.0,0.0010824169478077998
39011,Auglaize County,OH,3/17/2026 4:00,0.0,0.001203618919935686,0.0,0.0010785115425211388
39011,Auglaize County,OH,3/17/2026 5:00,0.0,0.0013614007770426965,0.0,0.001080980776462563
39011,Auglaize County,OH,3/17/2026 6:00,0.0,0.0019596804183868795,0.001013200957279259,0.001080529155700268
39011,Auglaize County,OH,3/17/2026 7:00,0.0,0.0021675619628459446,0.0,0.0010870754312896907
39011,Auglaize County,OH,3/17/2026 8:00,0.0,0.0,0.0,0.0011044387852276476
39011,Auglaize County,OH,3/17/2026 9:00,0.0,0.0,0.0,0.001101942514603561
39011,Auglaize County,OH,3/17/2026 10:00,0.0,0.0,0.0,0.0011111705180327986
39011,Auglaize County,OH,3/17/2026 11:00,0.0,0.0,0.0,0.001139010093785367
39011,Auglaize County,OH,3/17/2026 12:00,0.0,0.0,0.0,0.0011389610089810151
39011,Auglaize County,OH,3/17/2026 13:00,0.0,0.001204938709359888,0.0,0.0011267267873449145
39011,Auglaize County,OH,3/17/2026 14:00,0.0,0.0,0.0,0.0011253425551382191
39011,Auglaize County,OH,3/17/2026 15:00,0.0,0.0,0.0,0.0011140629995187302
39011,Auglaize County,OH,3/17/2026 16:00,0.0,0.001090510188627284,0.0,0.0011119378927941662
39011,Auglaize County,OH,3/17/2026 17:00,0.0,0.0,0.0,0.0011045695604801676
39011,Auglaize County,OH,3/17/2026 18:00,0.0,0.0,0.0,0.0011102127833892248
39011,Auglaize County,OH,3/17/2026 19:00,0.0,0.0,0.0,0.0011102127833892248
39011,Auglaize County,OH,3/17/2026 20:00,0.0,0.0,0.0,0.0010961554215621722
39011,Auglaize County,OH,3/17/2026 21:00,0.0,0.0,0.0,0.0010831956786260131
39011,Auglaize County,OH,3/17/2026 22:00,0.0,0.0,0.0,0.0010831956786260131
39011,Auglaize County,OH,3/17/2026 23:00,0.0,0.0,0.0,0.0011331733813224971
39011,Auglaize County,OH,3/18/2026 0:00,0.0,0.0,0.0,
39011,Auglaize County,OH,3/18/2026 1:00,0.0,0.0,0.0,
39011,Auglaize County,OH,3/18/2026 2:00,0.0,0.0,0.0,
39011,Auglaize County,OH,3/18/2026 3:00,0.0,0.0,0.0,
39011,Auglaize County,OH,3/18/2026 4:00,0.0,0.0,0.0,
39011,Auglaize County,OH,3/18/2026 5:00,0.0,0.0,0.0,
39011,Auglaize County,OH,3/18/2026 6:00,0.0036029051049295347,0.0,0.0,
39011,Auglaize County,OH,3/18/2026 7:00,0.0,0.0,0.0,
39011,Auglaize County,OH,3/18/2026 8:00,0.0,0.0,0.0,
39011,Auglaize County,OH,3/18/2026 9:00,0.0,0.0,0.0,
39011,Auglaize County,OH,3/18/2026 10:00,0.0,0.0,0.0,
39011,Auglaize County,OH,3/18/2026 11:00,0.0,0.0,0.0,
39011,Auglaize County,OH,3/18/2026 12:00,0.0,0.0,0.0,
39011,Auglaize County,OH,3/18/2026 13:00,0.0,0.0,0.0,
39011,Auglaize County,OH,3/18/2026 14:00,0.0,0.0,0.0,
39011,Auglaize County,OH,3/18/2026 15:00,0.0,0.0,0.0,
39011,Auglaize County,OH,3/18/2026 16:00,0.0,0.0,0.0,
39011,Auglaize County,OH,3/18/2026 17:00,0.0,0.0,0.0,
39011,Auglaize County,OH,3/18/2026 18:00,0.0,0.0,0.0,
39011,Auglaize County,OH,3/18/2026 19:00,0.0,0.0,0.0,
39011,Auglaize County,OH,3/18/2026 20:00,0.0,0.0,0.0,
39011,Auglaize County,OH,3/18/2026 21:00,0.0,0.0,0.0,
39011,Auglaize County,OH,3/18/2026 22:00,0.0,0.0,0.0,
39011,Auglaize County,OH,3/18/2026 23:00,0.0,0.0,0.0,
39011,Auglaize County,OH,3/19/2026 0:00,0.0,0.0,,
39011,Auglaize County,OH,3/19/2026 1:00,0.0,0.0,,
39011,Auglaize County,OH,3/19/2026 2:00,0.0,0.0,,
39011,Auglaize County,OH,3/19/2026 3:00,0.0,0.0,,
39011,Auglaize County,OH,3/19/2026 4:00,0.0,0.0,,
39011,Auglaize County,OH,3/19/2026 5:00,0.0,0.0,,
39011,Auglaize County,OH,3/19/2026 6:00,0.0,0.0,,
39011,Auglaize County,OH,3/19/2026 7:00,0.0,0.0,,
39011,Auglaize County,OH,3/19/2026 8:00,0.0,0.0,,
39011,Auglaize County,OH,3/19/2026 9:00,0.0,0.0,,
39011,Auglaize County,OH,3/19/2026 10:00,0.0,0.0,,
39011,Auglaize County,OH,3/19/2026 11:00,0.0,0.0,,
39011,Auglaize County,OH,3/19/2026 12:00,0.0,0.0,,
39011,Auglaize County,OH,3/19/2026 13:00,0.0,0.0,,
39011,Auglaize County,OH,3/19/2026 14:00,0.0,0.0,,
39011,Auglaize County,OH,3/19/2026 15:00,0.0,0.0,,
39011,Auglaize County,OH,3/19/2026 16:00,0.0,0.0,,
39011,Auglaize County,OH,3/19/2026 17:00,0.0,0.0,,
39011,Auglaize County,OH,3/19/2026 18:00,0.0,,,
39011,Auglaize County,OH,3/19/2026 19:00,0.0,,,
39011,Auglaize County,OH,3/19/2026 20:00,0.0,,,
39011,Auglaize County,OH,3/19/2026 21:00,0.0,,,
39011,Auglaize County,OH,3/19/2026 22:00,0.0,,,
39011,Auglaize County,OH,3/19/2026 23:00,,,,
39013,Belmont County,OH,3/14/2026 0:00,0.10984642999527927,0.11402618753574165,0.030594271388076882,0.005985295804242634
39013,Belmont County,OH,3/14/2026 1:00,0.10886164152655942,0.11343669309261113,0.030905281757602588,0.005475035039658383
39013,Belmont County,OH,3/14/2026 2:00,0.1035407408790559,0.1112176928199696,0.03075771527887394,0.006118746283572783
39013,Belmont County,OH,3/14/2026 3:00,0.10499120428965662,0.11135785629318262,0.030014581470478262,0.005692801953944378
39013,Belmont County,OH,3/14/2026 4:00,0.10604680157578397,0.10596033984976028,0.02970579731066179,0.0062210095850557855
39013,Belmont County,OH,3/14/2026 5:00,0.10355089099014099,0.09734660193549849,0.029152970572072022,0.006204044364375459
39013,Belmont County,OH,3/14/2026 6:00,0.09683023539425928,0.0799648830202497,0.028332619088762574,0.007265683836766352
39013,Belmont County,OH,3/14/2026 7:00,0.09817223807322481,0.08150682707070626,0.029104455958126343,0.007607784682233092
39013,Belmont County,OH,3/14/2026 8:00,0.09673350119385493,0.08211431794345675,0.023733113164235382,0.0071717292569817735
39013,Belmont County,OH,3/14/2026 9:00,0.09663307497953276,0.07795821593844099,0.023790194125978673,0.005971143336745313
39013,Belmont County,OH,3/14/2026 10:00,0.09537138127308355,0.07664674260665275,0.021798852026417074,0.004751290033790604
39013,Belmont County,OH,3/14/2026 11:00,0.09053019965055947,0.0690238931005722,0.020190531570438444,0.004747223174075077
39013,Belmont County,OH,3/14/2026 12:00,0.08769542757416289,0.06485006904022578,0.019108882212639604,0.004015608614215848
39013,Belmont County,OH,3/14/2026 13:00,0.08318850693264292,0.05775713868814722,0.019215243143012036,0.003618632978222032
39013,Belmont County,OH,3/14/2026 14:00,0.07359360929149195,0.05462917345516932,0.01959083505143523,0.004051627158256491
39013,Belmont County,OH,3/14/2026 15:00,0.07315669397051112,0.05007936937958369,0.01721453855958902,0.0036470426968829494
39013,Belmont County,OH,3/14/2026 16:00,0.07403635376247497,0.045058171279358836,0.017776471689155148,0.003197083643129259
39013,Belmont County,OH,3/14/2026 17:00,0.07053899624724304,0.039630300562420104,0.01829875408150355,0.003622125326561267
39013,Belmont County,OH,3/14/2026 18:00,0.06292164030914604,0.036963640631124464,0.014557474207177148,0.003400029502992016
39013,Belmont County,OH,3/14/2026 19:00,0.0583649018353161,0.03835820471778013,0.01233938506539194,0.0044724120885242915
39013,Belmont County,OH,3/14/2026 20:00,0.052653997709838356,0.03679776980751223,0.012261942740250848,0.005446528142954474
39013,Belmont County,OH,3/14/2026 21:00,0.04799350388227451,0.036493126774724875,0.009959308809504549,0.005320492665869487
39013,Belmont County,OH,3/14/2026 22:00,0.04448502772349865,0.03360679804311387,0.009787994549345239,0.0055795768577763805
39013,Belmont County,OH,3/14/2026 23:00,0.04268232037717371,0.03384449195419579,0.009866598596641758,0.005172450191779982
39013,Belmont County,OH,3/15/2026 0:00,0.04172904551288125,0.03349102811981144,0.008366747957412938,0.00442709403406174
39013,Belmont County,OH,3/15/2026 1:00,0.04106231838971227,0.033937315068752624,0.008655763589606479,0.0041188334116416744
39013,Belmont County,OH,3/15/2026 2:00,0.04107009440958545,0.0331467573340629,0.009388872221641854,0.004148788331609856
39013,Belmont County,OH,3/15/2026 3:00,0.04140692288383199,0.03072243757359016,0.007662531353050911,0.002839372226593688
39013,Belmont County,OH,3/15/2026 4:00,0.041197750539591044,0.027821172135437534,0.007570496101322717,0.002788103758476381
39013,Belmont County,OH,3/15/2026 5:00,0.03986604318721102,0.0262446815632863,0.007838449778462467,0.0020985266429177462
39013,Belmont County,OH,3/15/2026 6:00,0.036477371705552646,0.021411403548767066,0.008818585503381333,0.002211173188594989
39013,Belmont County,OH,3/15/2026 7:00,0.035931896985445674,0.02077321162853705,0.008571821569332307,0.001994610537821224
39013,Belmont County,OH,3/15/2026 8:00,0.03501934796073994,0.01656950017628742,0.008787147672024655,0.002235560669483735
39013,Belmont County,OH,3/15/2026 9:00,0.03299632657015228,0.017132712873683353,0.010040941367230079,0.0025564034395676436
39013,Belmont County,OH,3/15/2026 10:00,0.030627084275784096,0.016335193840911772,0.00722303315212823,0.0020177380145546377
39013,Belmont County,OH,3/15/2026 11:00,0.030943914829331953,0.014522916430901884,0.007210784272507313,0.0018421552011642361
39013,Belmont County,OH,3/15/2026 12:00,0.031009314866610432,0.014832988133478792,0.006065760340048438,0.0017016194826856906
39013,Belmont County,OH,3/15/2026 13:00,0.025378560721213857,0.013163863351322209,0.005263331380655724,0.0015299924013423862
39013,Belmont County,OH,3/15/2026 14:00,0.025406964151851244,0.011062340354842135,0.004410507827724103,0.001658359339328543
39013,Belmont County,OH,3/15/2026 15:00,0.022834105273118927,0.00980035049006942,0.004635572133153928,0.0012613749659211439
39013,Belmont County,OH,3/15/2026 16:00,0.022135356696437014,0.008819270369109577,0.004292377339888954,0.0011656853876158275
39013,Belmont County,OH,3/15/2026 17:00,0.022542392507262237,0.008009127558175413,0.003791525078563037,0.0010531669302360942
39013,Belmont County,OH,3/15/2026 18:00,0.015596163314074785,0.007101910998326998,0.002640216793615969,0.0
39013,Belmont County,OH,3/15/2026 19:00,0.014229704378538727,0.007146996537615612,0.002494925313632943,0.0
39013,Belmont County,OH,3/15/2026 20:00,0.01367519044258702,0.0065601490474162015,0.004859475648574417,0.0
39013,Belmont County,OH,3/15/2026 21:00,0.012335919632151323,0.007386082356058798,0.005152286043931425,0.0
39013,Belmont County,OH,3/15/2026 22:00,0.011672766779928657,0.007552238116038937,0.005114690462831902,0.0
39013,Belmont County,OH,3/15/2026 23:00,0.011658951918593941,0.007931199152774135,0.005404812729154557,0.0
39013,Belmont County,OH,3/16/2026 0:00,0.010288555987617999,0.00783241907986823,0.00442796829686712,0.0
39013,Belmont County,OH,3/16/2026 1:00,0.010936129530377188,0.007402845906445127,0.004353316398433321,0.0
39013,Belmont County,OH,3/16/2026 2:00,0.01122872609430096,0.008302536073250608,0.00391457781103021,0.0
39013,Belmont County,OH,3/16/2026 3:00,0.010836637719193859,0.00882576860747584,0.0038629499324895505,0.0
39013,Belmont County,OH,3/16/2026 4:00,0.009529012819342774,0.008046820252944988,0.0026140594783093138,0.0
39013,Belmont County,OH,3/16/2026 5:00,0.01065110024507861,0.00937036916481817,0.002753205997997976,0.0
39013,Belmont County,OH,3/16/2026 6:00,0.012620811159932153,0.007247889098037654,0.0029189680928175562,0.0
39013,Belmont County,OH,3/16/2026 7:00,0.01307558864339766,0.006527356983720561,0.0020345849755948934,0.0
39013,Belmont County,OH,3/16/2026 8:00,0.010461872087295604,0.005685604501772583,0.001468821934279691,0.0
39013,Belmont County,OH,3/16/2026 9:00,0.011050139685677658,0.004896038716571695,0.001709397603571152,0.0
39013,Belmont County,OH,3/16/2026 10:00,0.010591630771736868,0.004709970218875491,0.002039550733644168,0.0
39013,Belmont County,OH,3/16/2026 11:00,0.010145305830348828,0.005034257083334276,0.0014046964931974674,0.0021707450100575077
39013,Belmont County,OH,3/16/2026 12:00,0.007348554022710675,0.0045167282899349044,0.0015120089303953524,0.002173411532983253
39013,Belmont County,OH,3/16/2026 13:00,0.007844334485251833,0.0031396504405264846,0.00165162634524378,0.0025002904258855127
39013,Belmont County,OH,3/16/2026 14:00,0.0070748455853633235,0.004815852596520392,0.0014985880089012505,0.0
39013,Belmont County,OH,3/16/2026 15:00,0.0070897086572777,0.0032793364335120937,0.0,0.0
39013,Belmont County,OH,3/16/2026 16:00,0.006995816329705336,0.002852557346445415,0.0,0.0
39013,Belmont County,OH,3/16/2026 17:00,0.007385163724886953,0.0032910540356844847,0.0,0.0
39013,Belmont County,OH,3/16/2026 18:00,0.006358525089651246,0.0032215688388879055,0.0,0.0
39013,Belmont County,OH,3/16/2026 19:00,0.006472860553107846,0.0034838657950794286,0.0,0.0
39013,Belmont County,OH,3/16/2026 20:00,0.005867696244988067,0.0033441240864988037,0.0,0.0
39013,Belmont County,OH,3/16/2026 21:00,0.008517134440260594,0.00311468405248424,0.0,0.0
39013,Belmont County,OH,3/16/2026 22:00,0.006280071258733762,0.003192984607946701,0.0,0.0
39013,Belmont County,OH,3/16/2026 23:00,0.0055802941370934845,0.0027688317833538655,0.0,0.0
39013,Belmont County,OH,3/17/2026 0:00,0.004240437555284811,0.0025565209400632005,0.0,0.0
39013,Belmont County,OH,3/17/2026 1:00,0.003714541523744284,0.002579265120677843,0.0,0.0
39013,Belmont County,OH,3/17/2026 2:00,0.0038746990673917078,0.0027524882277108077,0.0,0.0
39013,Belmont County,OH,3/17/2026 3:00,0.003239505227226325,0.0037416123269272067,0.0,0.0
39013,Belmont County,OH,3/17/2026 4:00,0.0027375381599428557,0.0034787516186145263,0.0011793209691390747,0.0
39013,Belmont County,OH,3/17/2026 5:00,0.0027490943301740154,0.0028903275312552232,0.0012453027109172918,0.0
39013,Belmont County,OH,3/17/2026 6:00,0.0026071724292058627,0.0028893339813747176,0.0,0.0
39013,Belmont County,OH,3/17/2026 7:00,0.001974824610023996,0.0035605453927378405,0.0012216745156152524,0.0
39013,Belmont County,OH,3/17/2026 8:00,0.002038441057113191,0.0027465916020046315,0.0,0.0
39013,Belmont County,OH,3/17/2026 9:00,0.0021167246983272415,0.00246335213476478,0.0012217750064602805,0.0
39013,Belmont County,OH,3/17/2026 10:00,0.0013012794550094201,0.001134569875945896,0.0,0.0
39013,Belmont County,OH,3/17/2026 11:00,0.001754242745447718,0.0,0.0014111316007788866,0.0
39013,Belmont County,OH,3/17/2026 12:00,0.001528021357962018,0.0,0.0015248672123851293,0.0
39013,Belmont County,OH,3/17/2026 13:00,0.0013293407977567693,0.0,0.0,0.0
39013,Belmont County,OH,3/17/2026 14:00,0.0011041228068886058,0.0,0.0,0.0
39013,Belmont County,OH,3/17/2026 15:00,0.0,0.0,0.0,0.0
39013,Belmont County,OH,3/17/2026 16:00,0.0,0.0,0.0,0.0
39013,Belmont County,OH,3/17/2026 17:00,0.0,0.0,0.0,0.0
39013,Belmont County,OH,3/17/2026 18:00,0.0,0.0,0.0,0.0
39013,Belmont County,OH,3/17/2026 19:00,0.0,0.0,0.0,0.0
39013,Belmont County,OH,3/17/2026 20:00,0.0,0.0,0.0,0.0
39013,Belmont County,OH,3/17/2026 21:00,0.0,0.0,0.0,0.0
39013,Belmont County,OH,3/17/2026 22:00,0.0,0.0,0.0,0.0
39013,Belmont County,OH,3/17/2026 23:00,0.0,0.0,0.0,0.0
39013,Belmont County,OH,3/18/2026 0:00,0.0,0.0,0.0,
39013,Belmont County,OH,3/18/2026 1:00,0.0,0.0,0.0,
39013,Belmont County,OH,3/18/2026 2:00,0.0,0.0,0.0,
39013,Belmont County,OH,3/18/2026 3:00,0.0,0.0,0.0,
39013,Belmont County,OH,3/18/2026 4:00,0.0021402796047178124,0.0014078818344273468,0.0,
39013,Belmont County,OH,3/18/2026 5:00,0.0,0.002416017129246385,0.0,
39013,Belmont County,OH,3/18/2026 6:00,0.0010340181968067378,0.0020694682829582862,0.0,
39013,Belmont County,OH,3/18/2026 7:00,0.0010666022543609375,0.0010256480867152854,0.0,
39013,Belmont County,OH,3/18/2026 8:00,0.0,0.0,0.0,
39013,Belmont County,OH,3/18/2026 9:00,0.0012449271769981469,0.0,0.0,
39013,Belmont County,OH,3/18/2026 10:00,0.0028846878898015687,0.0,0.0,
39013,Belmont County,OH,3/18/2026 11:00,0.0028904818797664705,0.0,0.0,
39013,Belmont County,OH,3/18/2026 12:00,0.0015291409920497726,0.0,0.0,
39013,Belmont County,OH,3/18/2026 13:00,0.0,0.0,0.0,
39013,Belmont County,OH,3/18/2026 14:00,0.0,0.0,0.0,
39013,Belmont County,OH,3/18/2026 15:00,0.0,0.0,0.0,
39013,Belmont County,OH,3/18/2026 16:00,0.0,0.0,0.0,
39013,Belmont County,OH,3/18/2026 17:00,0.0,0.0,0.0,
39013,Belmont County,OH,3/18/2026 18:00,0.0,0.0,0.0,
39013,Belmont County,OH,3/18/2026 19:00,0.0,0.0,0.0,
39013,Belmont County,OH,3/18/2026 20:00,0.0,0.0,0.0,
39013,Belmont County,OH,3/18/2026 21:00,0.0,0.0,0.0,
39013,Belmont County,OH,3/18/2026 22:00,0.0,0.0,0.0,
39013,Belmont County,OH,3/18/2026 23:00,0.0,0.0,0.0,
39013,Belmont County,OH,3/19/2026 0:00,0.0,0.0,,
39013,Belmont County,OH,3/19/2026 1:00,0.0,0.0,,
39013,Belmont County,OH,3/19/2026 2:00,0.0,0.0,,
39013,Belmont County,OH,3/19/2026 3:00,0.0,0.0,,
39013,Belmont County,OH,3/19/2026 4:00,0.0,0.0,,
39013,Belmont County,OH,3/19/2026 5:00,0.0,0.0,,
39013,Belmont County,OH,3/19/2026 6:00,0.0,0.0,,
39013,Belmont County,OH,3/19/2026 7:00,0.0,0.0,,
39013,Belmont County,OH,3/19/2026 8:00,0.0,0.0,,
39013,Belmont County,OH,3/19/2026 9:00,0.0,0.0,,
39013,Belmont County,OH,3/19/2026 10:00,0.0,0.0,,
39013,Belmont County,OH,3/19/2026 11:00,0.0,0.0,,
39013,Belmont County,OH,3/19/2026 12:00,0.0,0.0,,
39013,Belmont County,OH,3/19/2026 13:00,0.0,0.0,,
39013,Belmont County,OH,3/19/2026 14:00,0.0,0.0,,
39013,Belmont County,OH,3/19/2026 15:00,0.0,0.0,,
39013,Belmont County,OH,3/19/2026 16:00,0.0,0.0,,
39013,Belmont County,OH,3/19/2026 17:00,0.0,0.0,,
39013,Belmont County,OH,3/19/2026 18:00,0.0,,,
39013,Belmont County,OH,3/19/2026 19:00,0.0,,,
39013,Belmont County,OH,3/19/2026 20:00,0.0,,,
39013,Belmont County,OH,3/19/2026 21:00,0.0,,,
39013,Belmont County,OH,3/19/2026 22:00,0.0,,,
39013,Belmont County,OH,3/19/2026 23:00,,,,
39015,Brown County,OH,3/14/2026 0:00,0.0,0.0014643644593128997,0.0,0.002963796697429462
39015,Brown County,OH,3/14/2026 1:00,0.0,0.0,0.0,0.0030226901496649087
39015,Brown County,OH,3/14/2026 2:00,0.0,0.0,0.0,0.003253505260123367
39015,Brown County,OH,3/14/2026 3:00,0.0,0.0,0.0,0.0031339878069707224
39015,Brown County,OH,3/14/2026 4:00,0.0,0.0,0.0,0.0030890249243812453
39015,Brown County,OH,3/14/2026 5:00,0.0,0.0,0.0,0.0031777275990652262
39015,Brown County,OH,3/14/2026 6:00,0.0,0.0,0.0,0.002995117870399853
39015,Brown County,OH,3/14/2026 7:00,0.0,0.0,0.0,0.0019003708446218106
39015,Brown County,OH,3/14/2026 8:00,0.0,0.0,0.0,0.0026374347930991113
39015,Brown County,OH,3/14/2026 9:00,0.0,0.0,0.0,0.0028937466702227883
39015,Brown County,OH,3/14/2026 10:00,0.0,0.0,0.0,0.002709938450028031
39015,Brown County,OH,3/14/2026 11:00,0.0,0.0,0.0028198030282386424,0.0017379661882400757
39015,Brown County,OH,3/14/2026 12:00,0.0,0.0,0.005255849505453943,0.0015027393973964054
39015,Brown County,OH,3/14/2026 13:00,0.0,0.0,0.008808923852231188,0.0010057853535996163
39015,Brown County,OH,3/14/2026 14:00,0.0,0.0,0.007198234898851982,0.0
39015,Brown County,OH,3/14/2026 15:00,0.0,0.0,0.008836294778610547,0.0
39015,Brown County,OH,3/14/2026 16:00,0.0,0.0,0.007738855847923781,0.0
39015,Brown County,OH,3/14/2026 17:00,0.0,0.0,0.008217716322924085,0.0
39015,Brown County,OH,3/14/2026 18:00,0.0,0.0,0.00726098355826168,0.0
39015,Brown County,OH,3/14/2026 19:00,0.0,0.0,0.006965419500496763,0.0
39015,Brown County,OH,3/14/2026 20:00,0.0,0.0,0.005430228421807535,0.0
39015,Brown County,OH,3/14/2026 21:00,0.0,0.0,0.005163303809906477,0.0
39015,Brown County,OH,3/14/2026 22:00,0.0,0.0,0.00388715859284031,0.0
39015,Brown County,OH,3/14/2026 23:00,0.0,0.0,0.00440564559438428,0.0
39015,Brown County,OH,3/15/2026 0:00,0.0,0.0,0.004271081188846917,0.0
39015,Brown County,OH,3/15/2026 1:00,0.0,0.0,0.003640873232384741,0.0
39015,Brown County,OH,3/15/2026 2:00,0.0,0.0,0.0033605268504936364,0.0
39015,Brown County,OH,3/15/2026 3:00,0.0,0.0,0.0039023955601421106,0.0
39015,Brown County,OH,3/15/2026 4:00,0.0,0.0,0.0038436889558839077,0.0
39015,Brown County,OH,3/15/2026 5:00,0.0,0.0,0.0035874120864077073,0.0
39015,Brown County,OH,3/15/2026 6:00,0.0,0.002405227430671751,0.0026936310917495187,0.0
39015,Brown County,OH,3/15/2026 7:00,0.0,0.005436446622963384,0.0027946666112783165,0.0
39015,Brown County,OH,3/15/2026 8:00,0.0,0.006080275244644015,0.002721830616401725,0.0
39015,Brown County,OH,3/15/2026 9:00,0.0,0.005851595060845642,0.0023517961209133607,0.0
39015,Brown County,OH,3/15/2026 10:00,0.00192578185356353,0.005672907117239315,0.0017762924043166096,0.0
39015,Brown County,OH,3/15/2026 11:00,0.005216994319462713,0.005885331041095576,0.0016723769832309363,0.0
39015,Brown County,OH,3/15/2026 12:00,0.005250751332451479,0.00463045004052405,0.001484598372645853,0.0
39015,Brown County,OH,3/15/2026 13:00,0.006871711076358001,0.00471419312780034,0.0013892294348458235,0.0
39015,Brown County,OH,3/15/2026 14:00,0.006152238862802356,0.003453545999487159,0.0010380848078359766,0.0
39015,Brown County,OH,3/15/2026 15:00,0.005656174321018219,0.0030440538793672367,0.0,0.0
39015,Brown County,OH,3/15/2026 16:00,0.005801339669234968,0.0033001912831383926,0.0,0.0
39015,Brown County,OH,3/15/2026 17:00,0.0056223110203084395,0.0019140252950261372,0.0,0.0
39015,Brown County,OH,3/15/2026 18:00,0.004232900809179259,0.0011446441297958691,0.0,0.0
39015,Brown County,OH,3/15/2026 19:00,0.00314595107784429,0.0011784419333259579,0.0,0.0
39015,Brown County,OH,3/15/2026 20:00,0.0023988779952943927,0.0016363859699476363,0.0,0.0
39015,Brown County,OH,3/15/2026 21:00,0.0017714140143988539,0.002152422449355955,0.0,0.0
39015,Brown County,OH,3/15/2026 22:00,0.0014218127880684587,0.0019166778571634607,0.0,0.0
39015,Brown County,OH,3/15/2026 23:00,0.002416004944541481,0.001622345461538966,0.0,0.0
39015,Brown County,OH,3/16/2026 0:00,0.00128643920119796,0.002272298184115678,0.0,0.0
39015,Brown County,OH,3/16/2026 1:00,0.0019233639161578705,0.0015424937633844564,0.0,0.0
39015,Brown County,OH,3/16/2026 2:00,0.0020344628652457456,0.0018239761776618908,0.0,0.0
39015,Brown County,OH,3/16/2026 3:00,0.0023608572376803087,0.0031117182047754443,0.0,0.0
39015,Brown County,OH,3/16/2026 4:00,0.0035508672424145703,0.0018403129878136505,0.0,0.0
39015,Brown County,OH,3/16/2026 5:00,0.003325994551510641,0.0,0.0,0.0
39015,Brown County,OH,3/16/2026 6:00,0.0032848324168029486,0.0,0.0,0.0
39015,Brown County,OH,3/16/2026 7:00,0.002827892148994794,0.0,0.0,0.0
39015,Brown County,OH,3/16/2026 8:00,0.0031571161352362703,0.0,0.0,0.0
39015,Brown County,OH,3/16/2026 9:00,0.00130404568218743,0.0,0.0,0.0
39015,Brown County,OH,3/16/2026 10:00,0.0017048713645018711,0.0,0.0,0.0
39015,Brown County,OH,3/16/2026 11:00,0.0011614421634261788,0.0,0.0,0.0
39015,Brown County,OH,3/16/2026 12:00,0.0,0.0013834934539823226,0.0,0.0
39015,Brown County,OH,3/16/2026 13:00,0.0,0.0012630336276252849,0.0,0.0
39015,Brown County,OH,3/16/2026 14:00,0.0,0.0014808137784985205,0.0,0.0
39015,Brown County,OH,3/16/2026 15:00,0.0,0.001392399678349299,0.0,0.0
39015,Brown County,OH,3/16/2026 16:00,0.0,0.0013004261845609704,0.0,0.0
39015,Brown County,OH,3/16/2026 17:00,0.0,0.0015281164884796323,0.0,0.0
39015,Brown County,OH,3/16/2026 18:00,0.0010466997236565478,0.001845904417711671,0.0,0.0
39015,Brown County,OH,3/16/2026 19:00,0.0,0.001192268940087329,0.0,0.0
39015,Brown County,OH,3/16/2026 20:00,0.0014329493156599391,0.0,0.0,0.0
39015,Brown County,OH,3/16/2026 21:00,0.001507095674760746,0.0,0.0,0.0
39015,Brown County,OH,3/16/2026 22:00,0.0013160724963467956,0.0,0.0,0.0
39015,Brown County,OH,3/16/2026 23:00,0.0011412917458074085,0.0,0.0,0.0
39015,Brown County,OH,3/17/2026 0:00,0.0013652525884566894,0.0,0.0,0.0
39015,Brown County,OH,3/17/2026 1:00,0.0,0.0,0.0,0.0
39015,Brown County,OH,3/17/2026 2:00,0.0,0.0,0.0,0.0
39015,Brown County,OH,3/17/2026 3:00,0.0014214159826918434,0.0,0.0,0.0
39015,Brown County,OH,3/17/2026 4:00,0.0012902771732785476,0.0,0.0,0.0
39015,Brown County,OH,3/17/2026 5:00,0.0012577747691892313,0.0,0.0,0.0
39015,Brown County,OH,3/17/2026 6:00,0.0,0.0,0.0,0.0
39015,Brown County,OH,3/17/2026 7:00,0.0,0.0,0.0,0.0
39015,Brown County,OH,3/17/2026 8:00,0.0,0.0,0.0,0.0
39015,Brown County,OH,3/17/2026 9:00,0.0,0.0,0.0,0.0
39015,Brown County,OH,3/17/2026 10:00,0.0,0.0,0.0,0.0
39015,Brown County,OH,3/17/2026 11:00,0.0,0.0,0.0,0.0
39015,Brown County,OH,3/17/2026 12:00,0.0,0.0,0.0,0.0
39015,Brown County,OH,3/17/2026 13:00,0.0,0.0,0.0,0.0
39015,Brown County,OH,3/17/2026 14:00,0.0,0.0,0.0,0.0
39015,Brown County,OH,3/17/2026 15:00,0.0,0.0,0.0,0.0
39015,Brown County,OH,3/17/2026 16:00,0.0,0.0,0.0,0.0
39015,Brown County,OH,3/17/2026 17:00,0.0,0.0,0.0,0.0
39015,Brown County,OH,3/17/2026 18:00,0.0,0.0,0.0,0.0
39015,Brown County,OH,3/17/2026 19:00,0.0,0.0,0.0,0.0
39015,Brown County,OH,3/17/2026 20:00,0.0,0.0,0.0,0.0
39015,Brown County,OH,3/17/2026 21:00,0.0,0.0,0.0,0.0
39015,Brown County,OH,3/17/2026 22:00,0.0,0.0,0.0,0.0
39015,Brown County,OH,3/17/2026 23:00,0.0,0.0,0.0,0.0
39015,Brown County,OH,3/18/2026 0:00,0.0,0.0,0.0,
39015,Brown County,OH,3/18/2026 1:00,0.0,0.0,0.0,
39015,Brown County,OH,3/18/2026 2:00,0.0,0.0,0.0,
39015,Brown County,OH,3/18/2026 3:00,0.0,0.0,0.0,
39015,Brown County,OH,3/18/2026 4:00,0.0,0.0,0.0,
39015,Brown County,OH,3/18/2026 5:00,0.0,0.0,0.0,
39015,Brown County,OH,3/18/2026 6:00,0.0,0.0,0.0,
39015,Brown County,OH,3/18/2026 7:00,0.0,0.0,0.0,
39015,Brown County,OH,3/18/2026 8:00,0.0,0.0,0.0,
39015,Brown County,OH,3/18/2026 9:00,0.0,0.0,0.0,
39015,Brown County,OH,3/18/2026 10:00,0.0,0.0,0.0,
39015,Brown County,OH,3/18/2026 11:00,0.0,0.0,0.0,
39015,Brown County,OH,3/18/2026 12:00,0.0,0.0,0.0,
39015,Brown County,OH,3/18/2026 13:00,0.0,0.0,0.0,
39015,Brown County,OH,3/18/2026 14:00,0.0,0.0,0.0,
39015,Brown County,OH,3/18/2026 15:00,0.0,0.0,0.0,
39015,Brown County,OH,3/18/2026 16:00,0.0,0.0,0.0,
39015,Brown County,OH,3/18/2026 17:00,0.0,0.0,0.0,
39015,Brown County,OH,3/18/2026 18:00,0.0,0.0,0.0,
39015,Brown County,OH,3/18/2026 19:00,0.0,0.0,0.0,
39015,Brown County,OH,3/18/2026 20:00,0.0,0.0,0.0,
39015,Brown County,OH,3/18/2026 21:00,0.0,0.0,0.0,
39015,Brown County,OH,3/18/2026 22:00,0.0,0.0,0.0,
39015,Brown County,OH,3/18/2026 23:00,0.0,0.0,0.0,
39015,Brown County,OH,3/19/2026 0:00,0.0,0.0,,
39015,Brown County,OH,3/19/2026 1:00,0.0,0.0,,
39015,Brown County,OH,3/19/2026 2:00,0.0,0.0,,
39015,Brown County,OH,3/19/2026 3:00,0.0,0.0,,
39015,Brown County,OH,3/19/2026 4:00,0.0,0.0,,
39015,Brown County,OH,3/19/2026 5:00,0.0,0.0,,
39015,Brown County,OH,3/19/2026 6:00,0.0,0.0,,
39015,Brown County,OH,3/19/2026 7:00,0.0,0.0,,
39015,Brown County,OH,3/19/2026 8:00,0.0,0.0,,
39015,Brown County,OH,3/19/2026 9:00,0.0,0.0,,
39015,Brown County,OH,3/19/2026 10:00,0.0,0.0,,
39015,Brown County,OH,3/19/2026 11:00,0.0,0.0,,
39015,Brown County,OH,3/19/2026 12:00,0.0,0.0,,
39015,Brown County,OH,3/19/2026 13:00,0.0,0.0,,
39015,Brown County,OH,3/19/2026 14:00,0.0,0.0,,
39015,Brown County,OH,3/19/2026 15:00,0.0,0.0,,
39015,Brown County,OH,3/19/2026 16:00,0.0,0.0,,
39015,Brown County,OH,3/19/2026 17:00,0.0,0.0,,
39015,Brown County,OH,3/19/2026 18:00,0.0,,,
39015,Brown County,OH,3/19/2026 19:00,0.0,,,
39015,Brown County,OH,3/19/2026 20:00,0.0,,,
39015,Brown County,OH,3/19/2026 21:00,0.0,,,
39015,Brown County,OH,3/19/2026 22:00,0.0,,,
39015,Brown County,OH,3/19/2026 23:00,,,,
39019,Carroll County,OH,3/14/2026 0:00,0.3045627470544498,0.2646485497407082,0.10845082506014746,0.041188411808227236
39019,Carroll County,OH,3/14/2026 1:00,0.29955541804258157,0.2627248091867052,0.11255110794847069,0.04116475298871881
39019,Carroll County,OH,3/14/2026 2:00,0.30027918557632693,0.26190565128351234,0.11658878765068674,0.042729821963881
39019,Carroll County,OH,3/14/2026 3:00,0.30119146964524174,0.2500698667848723,0.11716257158454031,0.04279099376747895
39019,Carroll County,OH,3/14/2026 4:00,0.30073244226936086,0.2435165909376455,0.11680626945563197,0.04214795558500251
39019,Carroll County,OH,3/14/2026 5:00,0.29828618359432446,0.23783759078361,0.1155469703874123,0.04300483408900974
39019,Carroll County,OH,3/14/2026 6:00,0.28971315874281917,0.231828829741781,0.11590736059475348,0.04351043029974405
39019,Carroll County,OH,3/14/2026 7:00,0.28556242039546154,0.22732657825666555,0.11089485792165374,0.043469739286896444
39019,Carroll County,OH,3/14/2026 8:00,0.283530671268929,0.22286206350967647,0.11045386378053801,0.0432722835407583
39019,Carroll County,OH,3/14/2026 9:00,0.2669317301674473,0.2180788649006191,0.11016313815885957,0.04181897269137488
39019,Carroll County,OH,3/14/2026 10:00,0.25883282430560867,0.21320360684986248,0.11050002680793741,0.043230349297637444
39019,Carroll County,OH,3/14/2026 11:00,0.2460381123198811,0.21456504671952883,0.10395249623726274,0.04152089271529906
39019,Carroll County,OH,3/14/2026 12:00,0.2458509892776127,0.20564760762778708,0.1069413950448379,0.039396027972299415
39019,Carroll County,OH,3/14/2026 13:00,0.23893633125763364,0.19403128595226693,0.09705554215417551,0.03797712631514761
39019,Carroll County,OH,3/14/2026 14:00,0.22109870670430193,0.1504123592467622,0.10117882862182924,0.03403219504512664
39019,Carroll County,OH,3/14/2026 15:00,0.2117498888804995,0.14679650569329908,0.08384176324023684,0.029379280382498346
39019,Carroll County,OH,3/14/2026 16:00,0.21202622772022944,0.14717576607761387,0.08260979364058664,0.028815244826601447
39019,Carroll County,OH,3/14/2026 17:00,0.21181475702574842,0.1435501730323251,0.09027038235946404,0.024054563022962386
39019,Carroll County,OH,3/14/2026 18:00,0.1861823347063371,0.13863742794418427,0.07926483965449509,0.01696319630494478
39019,Carroll County,OH,3/14/2026 19:00,0.15592993968436142,0.133535489547359,0.07719727816624156,0.014720823911039191
39019,Carroll County,OH,3/14/2026 20:00,0.15154602739949094,0.13037238984582805,0.0610477697237311,0.011204117573105167
39019,Carroll County,OH,3/14/2026 21:00,0.14749869286304748,0.12624195637312952,0.05760554038579351,0.01213591423601522
39019,Carroll County,OH,3/14/2026 22:00,0.13997755928093425,0.12410112720163144,0.05212279363186153,0.011938294106186518
39019,Carroll County,OH,3/14/2026 23:00,0.13707339343156286,0.12589848230483586,0.05028251478475337,0.01120377055604187
39019,Carroll County,OH,3/15/2026 0:00,0.12943691300938073,0.12213711930464202,0.046819820748428075,0.00971277501566556
39019,Carroll County,OH,3/15/2026 1:00,0.1257921471288281,0.12242176290052098,0.04365257540325609,0.009462389334776356
39019,Carroll County,OH,3/15/2026 2:00,0.12531334713971407,0.12124950334390444,0.042242206865012906,0.008420245463292727
39019,Carroll County,OH,3/15/2026 3:00,0.12483457657981645,0.1149498974510766,0.042803969776911976,0.008452004925117912
39019,Carroll County,OH,3/15/2026 4:00,0.12482119284984218,0.11367892813572825,0.04062142228237072,0.008257683391164224
39019,Carroll County,OH,3/15/2026 5:00,0.12593014106614606,0.10231752270876768,0.04150525798844005,0.007499292930650063
39019,Carroll County,OH,3/15/2026 6:00,0.1266405845817917,0.09577047178958766,0.041276780540125714,0.007752413268434627
39019,Carroll County,OH,3/15/2026 7:00,0.12025428261669363,0.08975014378646375,0.044159101170762265,0.0074606444067212615
39019,Carroll County,OH,3/15/2026 8:00,0.11909424331818476,0.09008786551215578,0.043832598943105115,0.007286426876412879
39019,Carroll County,OH,3/15/2026 9:00,0.10681579328997012,0.08088125950975596,0.042003146654170403,0.007278059352352292
39019,Carroll County,OH,3/15/2026 10:00,0.10237551862371623,0.0811364395700831,0.038035377032398225,0.007138372815850138
39019,Carroll County,OH,3/15/2026 11:00,0.09637302653464518,0.08025669998359106,0.035514753466976356,0.007315809556597759
39019,Carroll County,OH,3/15/2026 12:00,0.09307779503136471,0.07466879634208723,0.03218116631453967,0.006909689029018736
39019,Carroll County,OH,3/15/2026 13:00,0.08967248551985275,0.0606748887847713,0.029568919158027333,0.006910508807730607
39019,Carroll County,OH,3/15/2026 14:00,0.07944325717430398,0.054640192810292386,0.02773697177376772,0.006766453920718072
39019,Carroll County,OH,3/15/2026 15:00,0.07791936092947772,0.05006400578541534,0.027325098778533518,0.005577315445449903
39019,Carroll County,OH,3/15/2026 16:00,0.07940479705429561,0.04714110090598526,0.019682737201398424,0.003839373389714162
39019,Carroll County,OH,3/15/2026 17:00,0.07349984340936341,0.046534489822426625,0.015848206538279085,0.0035392516975605733
39019,Carroll County,OH,3/15/2026 18:00,0.05738059347171859,0.042876236280888304,0.01478412325632074,0.0019039444105915409
39019,Carroll County,OH,3/15/2026 19:00,0.04991622815568776,0.042106656639119555,0.01078051864166995,0.0019193134276089777
39019,Carroll County,OH,3/15/2026 20:00,0.04682181806456797,0.04158045731599823,0.008003310632404463,0.0015991139707482078
39019,Carroll County,OH,3/15/2026 21:00,0.04634866271547903,0.0422418459180044,0.007899139882339949,0.0014566532378485202
39019,Carroll County,OH,3/15/2026 22:00,0.045750634865772404,0.043714037130981445,0.009015836172986095,0.0014566532378485202
39019,Carroll County,OH,3/15/2026 23:00,0.04600702234244814,0.04321137639163613,0.008018159342831874,0.0011467112279543107
39019,Carroll County,OH,3/16/2026 0:00,0.044496239700759624,0.04281076528790971,0.0084332105088312,0.001565772299997878
39019,Carroll County,OH,3/16/2026 1:00,0.0445322777321619,0.042618437945801536,0.008323925984324257,0.0012211729257550082
39019,Carroll County,OH,3/16/2026 2:00,0.044266825408620133,0.041596383097865196,0.008061881725778323,0.0
39019,Carroll County,OH,3/16/2026 3:00,0.04469648788259252,0.042733186113152,0.007996164932127868,0.0
39019,Carroll County,OH,3/16/2026 4:00,0.042976414279624925,0.04234279955321819,0.007801427864660447,0.0
39019,Carroll County,OH,3/16/2026 5:00,0.04445996362786335,0.04002469078302594,0.007608403643933651,0.0
39019,Carroll County,OH,3/16/2026 6:00,0.044367260285839545,0.03822108367275025,0.007989664307245025,0.0
39019,Carroll County,OH,3/16/2026 7:00,0.04638653062261379,0.035453354283094964,0.007376969219791537,0.0
39019,Carroll County,OH,3/16/2026 8:00,0.044700942782316774,0.03303052262939593,0.007604015683721275,0.0
39019,Carroll County,OH,3/16/2026 9:00,0.03946730030665507,0.027191410637655206,0.007262172305166284,0.0
39019,Carroll County,OH,3/16/2026 10:00,0.03755137700279366,0.02475385044163201,0.007569978539757394,0.0
39019,Carroll County,OH,3/16/2026 11:00,0.035904548683939816,0.02386047850288308,0.007771779599444806,0.0
39019,Carroll County,OH,3/16/2026 12:00,0.032619520405674146,0.022207094744134064,0.007360437474090511,0.0019399212361558295
39019,Carroll County,OH,3/16/2026 13:00,0.03156167625017488,0.020442877688459454,0.009501364776178422,0.0026698845660496607
39019,Carroll County,OH,3/16/2026 14:00,0.028884022320144948,0.017202490352287287,0.005028541853754223,0.0012839233787718966
39019,Carroll County,OH,3/16/2026 15:00,0.02291276555935818,0.01663722435418206,0.003719049658429786,0.0
39019,Carroll County,OH,3/16/2026 16:00,0.01964370440830333,0.012759014242459392,0.0043366070145198,0.0
39019,Carroll County,OH,3/16/2026 17:00,0.017481353563978345,0.01160415178878969,0.0037786136425864755,0.0
39019,Carroll County,OH,3/16/2026 18:00,0.014950849585904917,0.011148481407627737,0.003086610667891185,0.0
39019,Carroll County,OH,3/16/2026 19:00,0.01136853829685714,0.010572036349752666,0.002786094813116023,0.0
39019,Carroll County,OH,3/16/2026 20:00,0.00741390279169539,0.00612216964380026,0.0018311189321427541,0.0
39019,Carroll County,OH,3/16/2026 21:00,0.00598207109873313,0.005998981867858235,0.0017914816930639733,0.0
39019,Carroll County,OH,3/16/2026 22:00,0.004713346638299516,0.00614848187653157,0.001749147701950613,0.0
39019,Carroll County,OH,3/16/2026 23:00,0.005220495638014695,0.006586548634224085,0.0016105773446905209,0.0
39019,Carroll County,OH,3/17/2026 0:00,0.005566842727673959,0.007108526528567678,0.0016448069812871574,0.0
39019,Carroll County,OH,3/17/2026 1:00,0.005305022405253503,0.0066380129589729015,0.0017410521457494276,0.0
39019,Carroll County,OH,3/17/2026 2:00,0.0051310293900413625,0.007246080796271312,0.0015763326274538473,0.0
39019,Carroll County,OH,3/17/2026 3:00,0.005139849390845721,0.006248431235849613,0.0015347187496175631,0.0
39019,Carroll County,OH,3/17/2026 4:00,0.00549719299077807,0.00599432783379779,0.0015437390816181993,0.0
39019,Carroll County,OH,3/17/2026 5:00,0.004433145179829065,0.005373453805156799,0.0016081379544170289,0.0
39019,Carroll County,OH,3/17/2026 6:00,0.004659437503575292,0.005747147261306303,0.0013987234128114941,0.0
39019,Carroll County,OH,3/17/2026 7:00,0.004550072316887338,0.005619983595489409,0.0016049659990125954,0.0
39019,Carroll County,OH,3/17/2026 8:00,0.0049819590969425245,0.005595601688373315,0.0015616948391843632,0.0
39019,Carroll County,OH,3/17/2026 9:00,0.0037000811646760467,0.005195739667784352,0.0018667692789018342,0.0
39019,Carroll County,OH,3/17/2026 10:00,0.00412738740275478,0.005084800652003847,0.0018258188847967264,0.0
39019,Carroll County,OH,3/17/2026 11:00,0.0042988422124315235,0.003803321448016282,0.0019160680935911324,0.0
39019,Carroll County,OH,3/17/2026 12:00,0.003922631143334962,0.0033537646069260927,0.0015334175184014511,0.0
39019,Carroll County,OH,3/17/2026 13:00,0.007241118066709234,0.003926543713295301,0.0017007903410310092,0.0
39019,Carroll County,OH,3/17/2026 14:00,0.006862139046175607,0.003199261410329265,0.0015617730423462639,0.0
39019,Carroll County,OH,3/17/2026 15:00,0.006462476491315458,0.0027363664692043824,0.0015666368696630475,0.0
39019,Carroll County,OH,3/17/2026 16:00,0.006104393913517043,0.0025791642293524807,0.0015566413854819462,0.0
39019,Carroll County,OH,3/17/2026 17:00,0.005582070937444698,0.0025280991467467443,0.0015829204379615822,0.0
39019,Carroll County,OH,3/17/2026 18:00,0.005296599437627139,0.0025249243798551643,0.0015668411669325399,0.0
39019,Carroll County,OH,3/17/2026 19:00,0.004133928542390523,0.003172980898939106,0.002226942788953179,0.0
39019,Carroll County,OH,3/17/2026 20:00,0.0,0.0017390247828755845,0.002172625849449659,0.0
39019,Carroll County,OH,3/17/2026 21:00,0.0,0.0017561812378866267,0.0019683449168607066,0.0
39019,Carroll County,OH,3/17/2026 22:00,0.0,0.0026204331525064334,0.0019700514061449775,0.0
39019,Carroll County,OH,3/17/2026 23:00,0.0,0.001905143220055393,0.0016445275841471512,0.0
39019,Carroll County,OH,3/18/2026 0:00,0.0,0.0019680668245122363,0.0017781515629237156,
39019,Carroll County,OH,3/18/2026 1:00,0.0,0.002008392613188764,0.001472000559386224,
39019,Carroll County,OH,3/18/2026 2:00,0.0,0.0023455070847726166,0.0013747918369599252,
39019,Carroll County,OH,3/18/2026 3:00,0.0,0.0026778657633756853,0.001481273255041287,
39019,Carroll County,OH,3/18/2026 4:00,0.0,0.0018126340840133356,0.0013737745360818366,
39019,Carroll County,OH,3/18/2026 5:00,0.0,0.001843867974013787,0.001369467267238992,
39019,Carroll County,OH,3/18/2026 6:00,0.0,0.0019447166499432897,0.0013590846401868857,
39019,Carroll County,OH,3/18/2026 7:00,0.0,0.0024019312492166702,0.0013639848439775631,
39019,Carroll County,OH,3/18/2026 8:00,0.0,0.0017138408362988918,0.0013902132785285732,
39019,Carroll County,OH,3/18/2026 9:00,0.0,0.0015012724221051294,0.001417516800193927,
39019,Carroll County,OH,3/18/2026 10:00,0.0,0.001354437756874225,0.001433475044136451,
39019,Carroll County,OH,3/18/2026 11:00,0.0,0.0015060959286421018,0.0014542754850137654,
39019,Carroll County,OH,3/18/2026 12:00,0.0,0.0015031946177463328,0.0014621799915364967,
39019,Carroll County,OH,3/18/2026 13:00,0.0,0.0014979750988685532,0.0014553459361271149,
39019,Carroll County,OH,3/18/2026 14:00,0.0,0.0014535620971795739,0.0014314017248212379,
39019,Carroll County,OH,3/18/2026 15:00,0.0,0.0015645505030971322,0.001406295071682508,
39019,Carroll County,OH,3/18/2026 16:00,0.0,0.001485601562429485,0.0013955479282057677,
39019,Carroll County,OH,3/18/2026 17:00,0.0,0.0013536087887481795,0.0014756181526981533,
39019,Carroll County,OH,3/18/2026 18:00,0.0,0.0013672858083985035,0.0013971952525427983,
39019,Carroll County,OH,3/18/2026 19:00,0.0,0.001382762502799538,0.0014268487208425032,
39019,Carroll County,OH,3/18/2026 20:00,0.0,0.0012616272626598591,0.0014004501662225094,
39019,Carroll County,OH,3/18/2026 21:00,0.0,0.0012187643262156751,0.0013987799796072774,
39019,Carroll County,OH,3/18/2026 22:00,0.0,0.0013492236451063627,0.0015301872253987506,
39019,Carroll County,OH,3/18/2026 23:00,0.0,0.0014340320758094963,0.0013920113622503277,
39019,Carroll County,OH,3/19/2026 0:00,0.0,0.001849702089098337,,
39019,Carroll County,OH,3/19/2026 1:00,0.0,0.0018757945659020466,,
39019,Carroll County,OH,3/19/2026 2:00,0.0,0.0018689967819387934,,
39019,Carroll County,OH,3/19/2026 3:00,0.0,0.0018930793990211033,,
39019,Carroll County,OH,3/19/2026 4:00,0.0,0.0015659205010864188,,
39019,Carroll County,OH,3/19/2026 5:00,0.0,0.0015343825032459338,,
39019,Carroll County,OH,3/19/2026 6:00,0.0,0.0015343825032459338,,
39019,Carroll County,OH,3/19/2026 7:00,0.0,0.001394123365338106,,
39019,Carroll County,OH,3/19/2026 8:00,0.0,0.0013916826799214093,,
39019,Carroll County,OH,3/19/2026 9:00,0.0,0.001447005165331606,,
39019,Carroll County,OH,3/19/2026 10:00,0.0,0.0013319310824546002,,
39019,Carroll County,OH,3/19/2026 11:00,0.0,0.0013191285270736373,,
39019,Carroll County,OH,3/19/2026 12:00,0.0,0.0013902258363974677,,
39019,Carroll County,OH,3/19/2026 13:00,0.0,0.0013750020260839338,,
39019,Carroll County,OH,3/19/2026 14:00,0.0,0.0014423412938701977,,
39019,Carroll County,OH,3/19/2026 15:00,0.0,0.0014888951172792784,,
39019,Carroll County,OH,3/19/2026 16:00,0.0,0.0014598156579350946,,
39019,Carroll County,OH,3/19/2026 17:00,0.0,0.0013778254003255091,,
39019,Carroll County,OH,3/19/2026 18:00,0.0,,,
39019,Carroll County,OH,3/19/2026 19:00,0.0,,,
39019,Carroll County,OH,3/19/2026 20:00,0.0,,,
39019,Carroll County,OH,3/19/2026 21:00,0.0,,,
39019,Carroll County,OH,3/19/2026 22:00,0.0013275576500638674,,,
39019,Carroll County,OH,3/19/2026 23:00,,,,
39021,Champaign County,OH,3/14/2026 0:00,0.10928755136360895,0.08751194928984722,0.008692098099024166,0.006468889007709704
39021,Champaign County,OH,3/14/2026 1:00,0.10810133681935447,0.09141464033664642,0.008619131961662417,0.007261149935995946
39021,Champaign County,OH,3/14/2026 2:00,0.10524053742801376,0.0855945328690724,0.0076998568444739774,0.00640437153233013
39021,Champaign County,OH,3/14/2026 3:00,0.10235976596537838,0.0653755108998558,0.0074980004243130425,0.006406621136250255
39021,Champaign County,OH,3/14/2026 4:00,0.10573769164970813,0.06610932404140928,0.007546540186534679,0.0058954113049996945
39021,Champaign County,OH,3/14/2026 5:00,0.09833358215138535,0.05725014920014252,0.006662906314346783,0.006661670355179979
39021,Champaign County,OH,3/14/2026 6:00,0.08667677726419805,0.05383107486611881,0.006343777436417803,0.006714898281762704
39021,Champaign County,OH,3/14/2026 7:00,0.08183423766203533,0.05233276722551255,0.006051562257202232,0.007300841587504152
39021,Champaign County,OH,3/14/2026 8:00,0.08469396699722488,0.05556833437375687,0.004929665469289796,0.006016434049683958
39021,Champaign County,OH,3/14/2026 9:00,0.076070977953137,0.04814749214486184,0.004799723874156845,0.008366298128430753
39021,Champaign County,OH,3/14/2026 10:00,0.07196047683600865,0.04039683844464761,0.004558341037439881,0.007520781604197918
39021,Champaign County,OH,3/14/2026 11:00,0.060490278784572526,0.03609234462636107,0.0043521478357488865,0.004446036382981439
39021,Champaign County,OH,3/14/2026 12:00,0.052577242155137774,0.030166465214059232,0.003753361391665902,0.004437488636690366
39021,Champaign County,OH,3/14/2026 13:00,0.04830025975761652,0.023463016896728972,0.007296051970599527,0.003927772813886307
39021,Champaign County,OH,3/14/2026 14:00,0.039536149213841264,0.019824349830114076,0.008750971662075906,0.0038940558153634304
39021,Champaign County,OH,3/14/2026 15:00,0.035444204651841095,0.01897832409132901,0.008019550810816924,0.0038793049954393742
39021,Champaign County,OH,3/14/2026 16:00,0.03598640241896519,0.016332160121181497,0.007500195075378798,0.0036466205047385987
39021,Champaign County,OH,3/14/2026 17:00,0.0305126349385605,0.016480078619728864,0.008206021019708163,0.0027451339465518945
39021,Champaign County,OH,3/14/2026 18:00,0.021990009656105734,0.016258232623752623,0.007479356625991908,0.0018935183289775703
39021,Champaign County,OH,3/14/2026 19:00,0.015962169568556034,0.010686078510665999,0.007176674641674923,0.0020106514376015527
39021,Champaign County,OH,3/14/2026 20:00,0.015274073648382526,0.010311337114966658,0.006730441688834909,0.0018108371753447214
39021,Champaign County,OH,3/14/2026 21:00,0.015099291680399932,0.01021285317632348,0.00615023854465025,0.0020960641142565377
39021,Champaign County,OH,3/14/2026 22:00,0.013644768718216255,0.010464214912466855,0.005083756147458707,0.0018009747747029438
39021,Champaign County,OH,3/14/2026 23:00,0.013700448646495078,0.010324451241906552,0.006215153517888674,0.0018009747747029438
39021,Champaign County,OH,3/15/2026 0:00,0.012841194801484284,0.010426265370333832,0.00571281104488392,0.0018269062339627828
39021,Champaign County,OH,3/15/2026 1:00,0.011894438739715322,0.008953398086895565,0.007664411289602061,0.0015927586338794232
39021,Champaign County,OH,3/15/2026 2:00,0.011943059732585281,0.010479670767326725,0.008087198385083844,0.001828417709023935
39021,Champaign County,OH,3/15/2026 3:00,0.010126294689453424,0.009415086541415629,0.008053432080583763,0.001794780735742402
39021,Champaign County,OH,3/15/2026 4:00,0.009286526263164997,0.008895142537929099,0.008327135401423115,0.0017172427110858906
39021,Champaign County,OH,3/15/2026 5:00,0.008913043208811923,0.0077704264479562255,0.008539907292589714,0.0016889316620495862
39021,Champaign County,OH,3/15/2026 6:00,0.008193005639273117,0.008903560050652244,0.008146175392834944,0.001907228426693967
39021,Champaign County,OH,3/15/2026 7:00,0.008647921272835786,0.010804041917302772,0.00915890630412348,0.001902839232363744
39021,Champaign County,OH,3/15/2026 8:00,0.00793280549028445,0.011514253258655153,0.007990212273335054,0.0020084094690009727
39021,Champaign County,OH,3/15/2026 9:00,0.007528401088220304,0.011602350601864772,0.008778563807342132,0.0021344504786631824
39021,Champaign County,OH,3/15/2026 10:00,0.007790588756252025,0.012020170068761517,0.009262520460680743,0.0022240384183018712
39021,Champaign County,OH,3/15/2026 11:00,0.008445246011556376,0.013124269993206256,0.008089254314453597,0.0023515804650007673
39021,Champaign County,OH,3/15/2026 12:00,0.008134940319519514,0.01258820761903045,0.0066078775785245614,0.0023512903416482186
39021,Champaign County,OH,3/15/2026 13:00,0.008502853966393097,0.012253193602752987,0.006272560591484545,0.002527534834674615
39021,Champaign County,OH,3/15/2026 14:00,0.00834591934399616,0.01043813120907589,0.006434733928866651,0.002250109466281744
39021,Champaign County,OH,3/15/2026 15:00,0.007940001562249563,0.010662361369386029,0.005067773394003011,0.001820118462765112
39021,Champaign County,OH,3/15/2026 16:00,0.009453525302995796,0.009559106090740935,0.0051760275322081,0.001674412544443275
39021,Champaign County,OH,3/15/2026 17:00,0.00965723214479612,0.00898589199181209,0.004762664574237276,0.001485471491773007
39021,Champaign County,OH,3/15/2026 18:00,0.008859834591601796,0.008492523396639093,0.005375852070849544,0.0012674659737280033
39021,Champaign County,OH,3/15/2026 19:00,0.007368399741084642,0.009356262485508218,0.00590307153713083,0.0
39021,Champaign County,OH,3/15/2026 20:00,0.00660254527498912,0.008809927095552408,0.005558648099581919,0.001244635845519466
39021,Champaign County,OH,3/15/2026 21:00,0.007177997441290921,0.009955702096893242,0.00537095869197795,0.0012563204773089183
39021,Champaign County,OH,3/15/2026 22:00,0.006297608707995134,0.008606754427725028,0.005989447451952311,0.0
39021,Champaign County,OH,3/15/2026 23:00,0.0060645138927617965,0.010598085554168604,0.005671789698880581,0.0
39021,Champaign County,OH,3/16/2026 0:00,0.006253013435157343,0.009055958536536249,0.005851123795198981,0.0
39021,Champaign County,OH,3/16/2026 1:00,0.006447099497970082,0.009257834073482069,0.0052899823557681,0.0
39021,Champaign County,OH,3/16/2026 2:00,0.007544289397952978,0.009831550102874138,0.005732584205209795,0.0
39021,Champaign County,OH,3/16/2026 3:00,0.007317602979977939,0.008256854261778428,0.003997122899434424,0.0
39021,Champaign County,OH,3/16/2026 4:00,0.006663212571343431,0.008362277219000463,0.0027220407006214565,0.0
39021,Champaign County,OH,3/16/2026 5:00,0.007434145805061984,0.007500557510973378,0.0028981263125747595,0.0
39021,Champaign County,OH,3/16/2026 6:00,0.008938947580016662,0.006331381663972599,0.003137037340898069,0.0
39021,Champaign County,OH,3/16/2026 7:00,0.009573252118283046,0.005709265478083606,0.0032701032951738688,0.0
39021,Champaign County,OH,3/16/2026 8:00,0.008888038308954554,0.00688029015215127,0.0033021330103494874,0.0
39021,Champaign County,OH,3/16/2026 9:00,0.0069056664280905565,0.004649784749995004,0.0027180643316728646,0.0
39021,Champaign County,OH,3/16/2026 10:00,0.0058039488093345705,0.0040991532059959255,0.0030315301560532846,0.0
39021,Champaign County,OH,3/16/2026 11:00,0.013570220395671314,0.004154436604235237,0.003230988191614526,0.0
39021,Champaign County,OH,3/16/2026 12:00,0.0046180279560498385,0.00266109640407133,0.003448498826111474,0.0
39021,Champaign County,OH,3/16/2026 13:00,0.0029621621139186115,0.0025017241485308186,0.00280649879282212,0.0
39021,Champaign County,OH,3/16/2026 14:00,0.0029842324035284215,0.0024398203579238478,0.0027817922321862597,0.0
39021,Champaign County,OH,3/16/2026 15:00,0.0027908454424019217,0.0023151927857686036,0.001437738995458016,0.0
39021,Champaign County,OH,3/16/2026 16:00,0.0025552827785540458,0.0022124983192930298,0.0015654700422181517,0.0
39021,Champaign County,OH,3/16/2026 17:00,0.002056618425966315,0.001905530893496649,0.001572200502304369,0.0
39021,Champaign County,OH,3/16/2026 18:00,0.0016458264840467332,0.0020259744155488343,0.0013431799293155092,0.0
39021,Champaign County,OH,3/16/2026 19:00,0.0010030810966626172,0.001963730771534153,0.0013065217339652125,0.0
39021,Champaign County,OH,3/16/2026 20:00,0.0020029273537690738,0.0019836367711751966,0.0013105683697296516,0.0
39021,Champaign County,OH,3/16/2026 21:00,0.0021038767883216998,0.0019636940909080465,0.0012864677606682984,0.0
39021,Champaign County,OH,3/16/2026 22:00,0.0019164260548103751,0.0024330765989484947,0.0011901441853544262,0.0
39021,Champaign County,OH,3/16/2026 23:00,0.001838042215136696,0.002271015891266687,0.0013061669090109142,0.0
39021,Champaign County,OH,3/17/2026 0:00,0.0023589448922159643,0.002255853934909487,0.00134793935416963,0.0
39021,Champaign County,OH,3/17/2026 1:00,0.0020947247095851975,0.002118016998110405,0.0010373523593765724,0.0
39021,Champaign County,OH,3/17/2026 2:00,0.0020601237994818914,0.0021410442934880697,0.0012436737075695353,0.0
39021,Champaign County,OH,3/17/2026 3:00,0.002153617941524054,0.0021579947012801636,0.0,0.0
39021,Champaign County,OH,3/17/2026 4:00,0.0022615180970198107,0.0021071294446939,0.0,0.0
39021,Champaign County,OH,3/17/2026 5:00,0.0022985274114515745,0.002899472509196341,0.0,0.0
39021,Champaign County,OH,3/17/2026 6:00,0.0023936371047173052,0.002859611338734268,0.0,0.0
39021,Champaign County,OH,3/17/2026 7:00,0.00246594443485464,0.0028704820737479103,0.0,0.0
39021,Champaign County,OH,3/17/2026 8:00,0.0017318488817032736,0.003544684404675971,0.0,0.0
39021,Champaign County,OH,3/17/2026 9:00,0.0017393846431162047,0.0011382997608907707,0.0,0.0
39021,Champaign County,OH,3/17/2026 10:00,0.0014913659171078935,0.0,0.0,0.0
39021,Champaign County,OH,3/17/2026 11:00,0.001148389761112338,0.0,0.0,0.0
39021,Champaign County,OH,3/17/2026 12:00,0.0012718616265009475,0.0,0.0,0.0
39021,Champaign County,OH,3/17/2026 13:00,0.0,0.0,0.0,0.0
39021,Champaign County,OH,3/17/2026 14:00,0.0,0.0,0.0,0.0
39021,Champaign County,OH,3/17/2026 15:00,0.0,0.0,0.0,0.0
39021,Champaign County,OH,3/17/2026 16:00,0.0,0.0,0.0,0.0
39021,Champaign County,OH,3/17/2026 17:00,0.0,0.0,0.0,0.0
39021,Champaign County,OH,3/17/2026 18:00,0.0,0.0,0.0,0.0
39021,Champaign County,OH,3/17/2026 19:00,0.0,0.0,0.0,0.0
39021,Champaign County,OH,3/17/2026 20:00,0.0,0.0,0.0,0.0
39021,Champaign County,OH,3/17/2026 21:00,0.0,0.0,0.0,0.0
39021,Champaign County,OH,3/17/2026 22:00,0.0,0.0,0.0,0.0
39021,Champaign County,OH,3/17/2026 23:00,0.0,0.0,0.0,0.0
39021,Champaign County,OH,3/18/2026 0:00,0.0,0.0,0.0,
39021,Champaign County,OH,3/18/2026 1:00,0.0,0.0,0.0,
39021,Champaign County,OH,3/18/2026 2:00,0.0,0.0015591716799698808,0.0,
39021,Champaign County,OH,3/18/2026 3:00,0.0,0.0,0.0,
39021,Champaign County,OH,3/18/2026 4:00,0.0,0.0,0.0,
39021,Champaign County,OH,3/18/2026 5:00,0.0,0.0,0.0,
39021,Champaign County,OH,3/18/2026 6:00,0.0,0.0,0.0,
39021,Champaign County,OH,3/18/2026 7:00,0.0,0.0,0.0,
39021,Champaign County,OH,3/18/2026 8:00,0.0,0.0,0.0,
39021,Champaign County,OH,3/18/2026 9:00,0.0,0.0,0.0,
39021,Champaign County,OH,3/18/2026 10:00,0.0,0.0,0.0,
39021,Champaign County,OH,3/18/2026 11:00,0.0,0.0,0.0,
39021,Champaign County,OH,3/18/2026 12:00,0.0,0.0,0.0,
39021,Champaign County,OH,3/18/2026 13:00,0.0,0.0,0.0,
39021,Champaign County,OH,3/18/2026 14:00,0.0,0.0,0.0,
39021,Champaign County,OH,3/18/2026 15:00,0.0,0.0,0.0,
39021,Champaign County,OH,3/18/2026 16:00,0.0,0.0,0.0,
39021,Champaign County,OH,3/18/2026 17:00,0.0,0.0,0.0,
39021,Champaign County,OH,3/18/2026 18:00,0.0,0.0,0.0,
39021,Champaign County,OH,3/18/2026 19:00,0.0,0.0,0.0,
39021,Champaign County,OH,3/18/2026 20:00,0.0010825490186041821,0.0,0.0,
39021,Champaign County,OH,3/18/2026 21:00,0.0,0.0,0.0,
39021,Champaign County,OH,3/18/2026 22:00,0.0,0.0,0.0,
39021,Champaign County,OH,3/18/2026 23:00,0.0,0.0,0.0,
39021,Champaign County,OH,3/19/2026 0:00,0.0,0.0,,
39021,Champaign County,OH,3/19/2026 1:00,0.0,0.0,,
39021,Champaign County,OH,3/19/2026 2:00,0.0,0.0,,
39021,Champaign County,OH,3/19/2026 3:00,0.0,0.0,,
39021,Champaign County,OH,3/19/2026 4:00,0.0,0.0,,
39021,Champaign County,OH,3/19/2026 5:00,0.0,0.0,,
39021,Champaign County,OH,3/19/2026 6:00,0.0,0.0,,
39021,Champaign County,OH,3/19/2026 7:00,0.0,0.0,,
39021,Champaign County,OH,3/19/2026 8:00,0.0,0.0,,
39021,Champaign County,OH,3/19/2026 9:00,0.0,0.0,,
39021,Champaign County,OH,3/19/2026 10:00,0.0,0.0,,
39021,Champaign County,OH,3/19/2026 11:00,0.0,0.0,,
39021,Champaign County,OH,3/19/2026 12:00,0.0,0.0,,
39021,Champaign County,OH,3/19/2026 13:00,0.0,0.0,,
39021,Champaign County,OH,3/19/2026 14:00,0.0,0.0,,
39021,Champaign County,OH,3/19/2026 15:00,0.0,0.0,,
39021,Champaign County,OH,3/19/2026 16:00,0.0,0.0,,
39021,Champaign County,OH,3/19/2026 17:00,0.0,0.0,,
39021,Champaign County,OH,3/19/2026 18:00,0.0,,,
39021,Champaign County,OH,3/19/2026 19:00,0.0,,,
39021,Champaign County,OH,3/19/2026 20:00,0.0,,,
39021,Champaign County,OH,3/19/2026 21:00,0.0,,,
39021,Champaign County,OH,3/19/2026 22:00,0.0,,,
39021,Champaign County,OH,3/19/2026 23:00,,,,
39041,Delaware County,OH,3/14/2026 0:00,0.05722548255989686,0.05068968026749389,0.017185539262691507,0.00408282252895241
39041,Delaware County,OH,3/14/2026 1:00,0.060696421002597936,0.05296988221308072,0.016607605894688512,0.004472665638446984
39041,Delaware County,OH,3/14/2026 2:00,0.05566600600660703,0.048604763305393504,0.01501549616042126,0.005018560247153157
39041,Delaware County,OH,3/14/2026 3:00,0.05530761905553746,0.04815774554733731,0.014482478699321462,0.0050716248274523005
39041,Delaware County,OH,3/14/2026 4:00,0.0568464123869129,0.046122798850746674,0.01274780849557709,0.0049482816508027464
39041,Delaware County,OH,3/14/2026 5:00,0.05585059447157221,0.04772738097608038,0.01288393019263321,0.004917780880624455
39041,Delaware County,OH,3/14/2026 6:00,0.05553332036591241,0.04681685373045024,0.012475306833255389,0.005516295283938933
39041,Delaware County,OH,3/14/2026 7:00,0.05492673953471139,0.040721083702447564,0.011936948730768872,0.005447540470453855
39041,Delaware County,OH,3/14/2026 8:00,0.05605275910346402,0.04440795304230582,0.012745950593895071,0.005398746593521503
39041,Delaware County,OH,3/14/2026 9:00,0.05069976062584751,0.036805034492263355,0.012593493822473732,0.005334466372166514
39041,Delaware County,OH,3/14/2026 10:00,0.0484381983060215,0.038451769249772554,0.01119238506027641,0.005503742097292013
39041,Delaware County,OH,3/14/2026 11:00,0.04838674590434971,0.037449149719890516,0.010678854939350942,0.004339130680352566
39041,Delaware County,OH,3/14/2026 12:00,0.044502641373155995,0.032481656676176036,0.010255151283260659,0.004110729274364483
39041,Delaware County,OH,3/14/2026 13:00,0.04349544324042181,0.030786921734849416,0.011285802812665138,0.004519268985239409
39041,Delaware County,OH,3/14/2026 14:00,0.04567189818548918,0.024528950488380052,0.010803790342348804,0.0034210322610950623
39041,Delaware County,OH,3/14/2026 15:00,0.04295300166481954,0.022529660896216122,0.011483814562390716,0.003244492244038542
39041,Delaware County,OH,3/14/2026 16:00,0.03825839294732068,0.020570518120926796,0.00955838369898357,0.003112978134657426
39041,Delaware County,OH,3/14/2026 17:00,0.035135833313001186,0.018546000709095185,0.009445037956134964,0.003091277662901753
39041,Delaware County,OH,3/14/2026 18:00,0.03157320036946353,0.017277249639140378,0.008736088296197334,0.0028457756404034556
39041,Delaware County,OH,3/14/2026 19:00,0.02701530919939642,0.016148641626255993,0.008162246289892133,0.002036309278357181
39041,Delaware County,OH,3/14/2026 20:00,0.02199585543741938,0.015431948365009693,0.005915498904430043,0.0018073096355412776
39041,Delaware County,OH,3/14/2026 21:00,0.018622302585107726,0.01486853942820519,0.005902703921811748,0.0017599891233560255
39041,Delaware County,OH,3/14/2026 22:00,0.01838979081891964,0.015884592168500175,0.005901173264941917,0.0014639862944274508
39041,Delaware County,OH,3/14/2026 23:00,0.016966999461161324,0.015426487944706316,0.005054862827741815,0.0013043895210740407
39041,Delaware County,OH,3/15/2026 0:00,0.01647055522061449,0.015394149696162414,0.0049338067781708565,0.0011659314183749747
39041,Delaware County,OH,3/15/2026 1:00,0.016278321574544483,0.01422719390309014,0.00520466693825302,0.0012050833598921194
39041,Delaware County,OH,3/15/2026 2:00,0.01612715975021108,0.01551489297106348,0.005092073399474212,0.001235532917534259
39041,Delaware County,OH,3/15/2026 3:00,0.015159913474214401,0.014802752243234976,0.0067666439616124825,0.0012351303858156332
39041,Delaware County,OH,3/15/2026 4:00,0.01541259661738762,0.012700355448264415,0.0061548897696734614,0.0
39041,Delaware County,OH,3/15/2026 5:00,0.01490663274976994,0.012860704106084813,0.005830173606965859,0.0
39041,Delaware County,OH,3/15/2026 6:00,0.016821030213410238,0.013846100261650273,0.005416265004699175,0.0
39041,Delaware County,OH,3/15/2026 7:00,0.014219345586722859,0.013314125597219126,0.005308726535946784,0.0
39041,Delaware County,OH,3/15/2026 8:00,0.014677204244113484,0.014068577101390665,0.005984856280607272,0.0
39041,Delaware County,OH,3/15/2026 9:00,0.012763904577304957,0.013006584200111892,0.005831279348940398,0.0
39041,Delaware County,OH,3/15/2026 10:00,0.012073320837737446,0.013639368993165295,0.005957533039733524,0.0
39041,Delaware County,OH,3/15/2026 11:00,0.012157330653743022,0.012468873577604721,0.005684046562756553,0.0
39041,Delaware County,OH,3/15/2026 12:00,0.012001820853122807,0.011174325165580328,0.005531606856938987,0.0
39041,Delaware County,OH,3/15/2026 13:00,0.011365820112772311,0.011011041533807166,0.005134388413849919,0.0
39041,Delaware County,OH,3/15/2026 14:00,0.01129381508957607,0.009043435350279301,0.004676681964666075,0.0
39041,Delaware County,OH,3/15/2026 15:00,0.012124005344716462,0.007962807346207483,0.0030641437472509916,0.0
39041,Delaware County,OH,3/15/2026 16:00,0.012891089415979195,0.008374231313491128,0.003017879650062142,0.0
39041,Delaware County,OH,3/15/2026 17:00,0.010769864116170688,0.008154104162371587,0.0026929221750674848,0.0
39041,Delaware County,OH,3/15/2026 18:00,0.010703389993257591,0.008909846415561248,0.0024690438649981414,0.0
39041,Delaware County,OH,3/15/2026 19:00,0.009687946044527213,0.0076172867106482,0.0020774311278839866,0.0
39041,Delaware County,OH,3/15/2026 20:00,0.00892407305252402,0.006839475530901259,0.002322982791250845,0.0
39041,Delaware County,OH,3/15/2026 21:00,0.009432331807757592,0.008940809152163193,0.001661767259609035,0.0
39041,Delaware County,OH,3/15/2026 22:00,0.00807221026361785,0.009066114189519836,0.0016006448025793001,0.0
39041,Delaware County,OH,3/15/2026 23:00,0.007111355548640199,0.008932861682331695,0.0015946500247405254,0.0
39041,Delaware County,OH,3/16/2026 0:00,0.0063992873231820385,0.008248055999011086,0.001648070678507473,0.0
39041,Delaware County,OH,3/16/2026 1:00,0.005013087962288497,0.0078079075806181475,0.0016653200115015348,0.0
39041,Delaware County,OH,3/16/2026 2:00,0.0073123884948934565,0.008132169230751668,0.0011745389891097593,0.0
39041,Delaware County,OH,3/16/2026 3:00,0.00832793572006945,0.007860303763784967,0.0014578628289094453,0.0
39041,Delaware County,OH,3/16/2026 4:00,0.005544148135767634,0.006847045764810392,0.0015890485663467122,0.0
39041,Delaware County,OH,3/16/2026 5:00,0.005071012548285585,0.004904575750881169,0.0,0.0
39041,Delaware County,OH,3/16/2026 6:00,0.004062667444386846,0.005250420591502917,0.0,0.0
39041,Delaware County,OH,3/16/2026 7:00,0.005156279562040695,0.005026208568788393,0.0,0.0
39041,Delaware County,OH,3/16/2026 8:00,0.0057315743797118094,0.0037733794015788803,0.001027444015299932,0.0
39041,Delaware County,OH,3/16/2026 9:00,0.004513062709683768,0.0044246974056288075,0.0015940496967980985,0.0
39041,Delaware County,OH,3/16/2026 10:00,0.004204528483250276,0.004271867167692527,0.0010089937196697879,0.0
39041,Delaware County,OH,3/16/2026 11:00,0.004887022991428577,0.004335104358356065,0.0012956674029801455,0.0
39041,Delaware County,OH,3/16/2026 12:00,0.005293596825938798,0.0038759530747893792,0.0011986505656701042,0.0
39041,Delaware County,OH,3/16/2026 13:00,0.004300692996911406,0.0027361868910534292,0.0012605344519543958,0.0
39041,Delaware County,OH,3/16/2026 14:00,0.004065679634932826,0.003353802659946176,0.0010230507611102598,0.0
39041,Delaware County,OH,3/16/2026 15:00,0.003877557855725992,0.0032332050684009865,0.0,0.0
39041,Delaware County,OH,3/16/2026 16:00,0.003272930604579588,0.0026894816136425787,0.0,0.0
39041,Delaware County,OH,3/16/2026 17:00,0.003305584386397385,0.0022894107736162223,0.0,0.0
39041,Delaware County,OH,3/16/2026 18:00,0.0028003293818065914,0.0,0.0,0.0
39041,Delaware County,OH,3/16/2026 19:00,0.003030129078909498,0.0,0.0,0.0
39041,Delaware County,OH,3/16/2026 20:00,0.0031272938955009683,0.0,0.0,0.0
39041,Delaware County,OH,3/16/2026 21:00,0.0024854243432175945,0.0,0.0,0.0
39041,Delaware County,OH,3/16/2026 22:00,0.0020054531795054326,0.0,0.0,0.0
39041,Delaware County,OH,3/16/2026 23:00,0.0017817376684904215,0.0014073900029213176,0.0,0.0
39041,Delaware County,OH,3/17/2026 0:00,0.001693829834178269,0.001390529772029069,0.0,0.0
39041,Delaware County,OH,3/17/2026 1:00,0.0016804708947345164,0.0014581145605880896,0.0,0.0
39041,Delaware County,OH,3/17/2026 2:00,0.001446583425182816,0.0015784316006518982,0.0,0.0
39041,Delaware County,OH,3/17/2026 3:00,0.001317782742889341,0.0012458031962641733,0.0,0.0
39041,Delaware County,OH,3/17/2026 4:00,0.0014008344053216353,0.0013029862909021978,0.0,0.0
39041,Delaware County,OH,3/17/2026 5:00,0.0,0.0013408983543168448,0.0,0.0
39041,Delaware County,OH,3/17/2026 6:00,0.001291878827271855,0.0012690849679074148,0.0,0.0
39041,Delaware County,OH,3/17/2026 7:00,0.0,0.0011134334738999373,0.0,0.0
39041,Delaware County,OH,3/17/2026 8:00,0.0010390153779379103,0.0,0.0,0.0
39041,Delaware County,OH,3/17/2026 9:00,0.0,0.0010676592355206497,0.0,0.0
39041,Delaware County,OH,3/17/2026 10:00,0.0,0.0,0.0,0.0
39041,Delaware County,OH,3/17/2026 11:00,0.0,0.0,0.0,0.0
39041,Delaware County,OH,3/17/2026 12:00,0.0,0.0,0.0,0.0
39041,Delaware County,OH,3/17/2026 13:00,0.0,0.0,0.0,0.0
39041,Delaware County,OH,3/17/2026 14:00,0.0,0.0,0.0,0.0
39041,Delaware County,OH,3/17/2026 15:00,0.0,0.0,0.0,0.0
39041,Delaware County,OH,3/17/2026 16:00,0.0,0.0,0.0,0.0
39041,Delaware County,OH,3/17/2026 17:00,0.0,0.0,0.0,0.0
39041,Delaware County,OH,3/17/2026 18:00,0.0,0.0,0.0,0.0
39041,Delaware County,OH,3/17/2026 19:00,0.0,0.0,0.0,0.0
39041,Delaware County,OH,3/17/2026 20:00,0.0,0.0,0.0,0.0
39041,Delaware County,OH,3/17/2026 21:00,0.0,0.0,0.0,0.0
39041,Delaware County,OH,3/17/2026 22:00,0.0,0.0,0.0,0.0
39041,Delaware County,OH,3/17/2026 23:00,0.0,0.0,0.0,0.0
39041,Delaware County,OH,3/18/2026 0:00,0.0,0.002080421959264636,0.0,
39041,Delaware County,OH,3/18/2026 1:00,0.0,0.0012096840436689738,0.0,
39041,Delaware County,OH,3/18/2026 2:00,0.0010318564271434344,0.0017723243518489968,0.0,
39041,Delaware County,OH,3/18/2026 3:00,0.0,0.0,0.0,
39041,Delaware County,OH,3/18/2026 4:00,0.0,0.0,0.0,
39041,Delaware County,OH,3/18/2026 5:00,0.0,0.0,0.0,
39041,Delaware County,OH,3/18/2026 6:00,0.0,0.0,0.0,
39041,Delaware County,OH,3/18/2026 7:00,0.0,0.0,0.0,
39041,Delaware County,OH,3/18/2026 8:00,0.0,0.0,0.0,
39041,Delaware County,OH,3/18/2026 9:00,0.0,0.0,0.0,
39041,Delaware County,OH,3/18/2026 10:00,0.0,0.0,0.0,
39041,Delaware County,OH,3/18/2026 11:00,0.0,0.0,0.0,
39041,Delaware County,OH,3/18/2026 12:00,0.0,0.0,0.0,
39041,Delaware County,OH,3/18/2026 13:00,0.0,0.0,0.0,
39041,Delaware County,OH,3/18/2026 14:00,0.0,0.0,0.0,
39041,Delaware County,OH,3/18/2026 15:00,0.0,0.0,0.0,
39041,Delaware County,OH,3/18/2026 16:00,0.0,0.0,0.0,
39041,Delaware County,OH,3/18/2026 17:00,0.0,0.0,0.0,
39041,Delaware County,OH,3/18/2026 18:00,0.0,0.0,0.0,
39041,Delaware County,OH,3/18/2026 19:00,0.0,0.0,0.0,
39041,Delaware County,OH,3/18/2026 20:00,0.0,0.0,0.0,
39041,Delaware County,OH,3/18/2026 21:00,0.0,0.0,0.0,
39041,Delaware County,OH,3/18/2026 22:00,0.0,0.0,0.0,
39041,Delaware County,OH,3/18/2026 23:00,0.0,0.0,0.0,
39041,Delaware County,OH,3/19/2026 0:00,0.0,0.0,,
39041,Delaware County,OH,3/19/2026 1:00,0.0,0.0,,
39041,Delaware County,OH,3/19/2026 2:00,0.0,0.0,,
39041,Delaware County,OH,3/19/2026 3:00,0.0,0.0,,
39041,Delaware County,OH,3/19/2026 4:00,0.0,0.0,,
39041,Delaware County,OH,3/19/2026 5:00,0.0,0.0,,
39041,Delaware County,OH,3/19/2026 6:00,0.0,0.0,,
39041,Delaware County,OH,3/19/2026 7:00,0.0,0.0,,
39041,Delaware County,OH,3/19/2026 8:00,0.0,0.0,,
39041,Delaware County,OH,3/19/2026 9:00,0.0,0.0,,
39041,Delaware County,OH,3/19/2026 10:00,0.0,0.0,,
39041,Delaware County,OH,3/19/2026 11:00,0.0,0.0,,
39041,Delaware County,OH,3/19/2026 12:00,0.0,0.0,,
39041,Delaware County,OH,3/19/2026 13:00,0.0,0.0,,
39041,Delaware County,OH,3/19/2026 14:00,0.0,0.0,,
39041,Delaware County,OH,3/19/2026 15:00,0.0,0.0,,
39041,Delaware County,OH,3/19/2026 16:00,0.0,0.0,,
39041,Delaware County,OH,3/19/2026 17:00,0.0,0.0,,
39041,Delaware County,OH,3/19/2026 18:00,0.0,,,
39041,Delaware County,OH,3/19/2026 19:00,0.0,,,
39041,Delaware County,OH,3/19/2026 20:00,0.0,,,
39041,Delaware County,OH,3/19/2026 21:00,0.0,,,
39041,Delaware County,OH,3/19/2026 22:00,0.0,,,
39041,Delaware County,OH,3/19/2026 23:00,,,,
39043,Erie County,OH,3/14/2026 0:00,0.04745531141258838,0.036146535311775946,0.0064406730410848795,0.005514507637039042
39043,Erie County,OH,3/14/2026 1:00,0.04521847855807554,0.034899432337766226,0.005923878469817858,0.0058888106541190475
39043,Erie County,OH,3/14/2026 2:00,0.04207761097278877,0.03301344070061962,0.0059871477041335145,0.005211583461946062
39043,Erie County,OH,3/14/2026 3:00,0.04077797546606432,0.02839029047909976,0.004920972418084515,0.005526687124910845
39043,Erie County,OH,3/14/2026 4:00,0.041187706137461,0.02845058978279894,0.00535546745800263,0.005199723567051059
39043,Erie County,OH,3/14/2026 5:00,0.039382806395406506,0.02692922662721892,0.005517004134463372,0.005893393337917907
39043,Erie County,OH,3/14/2026 6:00,0.0393850065442943,0.026984441442994004,0.005536150618177999,0.005993092860501012
39043,Erie County,OH,3/14/2026 7:00,0.03854854415938863,0.021314715735675484,0.00485028752991199,0.005785515450529295
39043,Erie County,OH,3/14/2026 8:00,0.03555844975127061,0.019016128687600446,0.004854404698309999,0.005013048260073728
39043,Erie County,OH,3/14/2026 9:00,0.0287487291740839,0.01772613405284251,0.004972703746496087,0.005183398816955473
39043,Erie County,OH,3/14/2026 10:00,0.02613344427170381,0.014261109003942871,0.005007027369889935,0.004764743623311211
39043,Erie County,OH,3/14/2026 11:00,0.023804893127006965,0.012911428615267471,0.005093859860818734,0.003032566391747243
39043,Erie County,OH,3/14/2026 12:00,0.022032651576948337,0.010857187283405206,0.004393959560578698,0.00314437006906461
39043,Erie County,OH,3/14/2026 13:00,0.021102313905223904,0.009861531592384017,0.005069759724987814,0.002841990012401448
39043,Erie County,OH,3/14/2026 14:00,0.016137851354645943,0.01039331251038238,0.005155267669950988,0.0023509118958746538
39043,Erie County,OH,3/14/2026 15:00,0.012316225883764409,0.007622229973221701,0.005545720455408622,0.002508074463614304
39043,Erie County,OH,3/14/2026 16:00,0.012185296376530829,0.007906380320465131,0.005558174441317564,0.0015746603386495026
39043,Erie County,OH,3/14/2026 17:00,0.009799411546163013,0.006958343387947908,0.004877271096642782,0.001671943123598798
39043,Erie County,OH,3/14/2026 18:00,0.00921649879060947,0.00653574290779752,0.004615276957826044,0.0014500575944626445
39043,Erie County,OH,3/14/2026 19:00,0.007120909383774533,0.006346049989835418,0.0047317277438458484,0.0013516839234725938
39043,Erie County,OH,3/14/2026 20:00,0.007104601677838797,0.0056433331429551255,0.004080276144454175,0.0010815377983964883
39043,Erie County,OH,3/14/2026 21:00,0.006797271769062891,0.0055658848485169825,0.004289982899726725,0.0013843570162897232
39043,Erie County,OH,3/14/2026 22:00,0.006989627085565036,0.006049249856220917,0.003534526540930094,0.0
39043,Erie County,OH,3/14/2026 23:00,0.00589666803191586,0.005541422231041422,0.003201472202814809,0.0
39043,Erie County,OH,3/15/2026 0:00,0.006577252253784391,0.005776438905366883,0.0034649209032792954,0.0
39043,Erie County,OH,3/15/2026 1:00,0.006352932984385816,0.006133725220145091,0.003519832116367884,0.0
39043,Erie County,OH,3/15/2026 2:00,0.006086840185968433,0.006095553725111795,0.00381390817886506,0.0
39043,Erie County,OH,3/15/2026 3:00,0.0061874552693129544,0.005559711278075294,0.005902569873661701,0.0
39043,Erie County,OH,3/15/2026 4:00,0.005293758237654144,0.005409132959413156,0.005700629722812344,0.0
39043,Erie County,OH,3/15/2026 5:00,0.005024831330715754,0.005053838450618966,0.004766753651123891,0.0
39043,Erie County,OH,3/15/2026 6:00,0.005063438895318823,0.005092335041157863,0.006072776580936798,0.0
39043,Erie County,OH,3/15/2026 7:00,0.005023575995360033,0.005216234149558388,0.007648397782981884,0.0
39043,Erie County,OH,3/15/2026 8:00,0.004850896376505565,0.005606552077898995,0.005920318441974062,0.0
39043,Erie County,OH,3/15/2026 9:00,0.0044751308962988935,0.006104574708304651,0.003771095692061455,0.0
39043,Erie County,OH,3/15/2026 10:00,0.004313499381330492,0.0054051261479505985,0.002842332524861856,0.0
39043,Erie County,OH,3/15/2026 11:00,0.004112523901349608,0.005334239803884353,0.002457018197351392,0.0
39043,Erie County,OH,3/15/2026 12:00,0.004014954444504452,0.0048605768347666795,0.002114482966584118,0.0
39043,Erie County,OH,3/15/2026 13:00,0.004406371767835249,0.004741876395768994,0.001671779786762113,0.0
39043,Erie County,OH,3/15/2026 14:00,0.004584842483461342,0.004445897057614575,0.0017077613434171672,0.0
39043,Erie County,OH,3/15/2026 15:00,0.004522653301403828,0.004280076958485182,0.0016127695051486835,0.0
39043,Erie County,OH,3/15/2026 16:00,0.0043704686509462,0.003565808974133119,0.0010438111459105265,0.0
39043,Erie County,OH,3/15/2026 17:00,0.0042917073765301,0.0033528761624805944,0.001551916081840137,0.0
39043,Erie County,OH,3/15/2026 18:00,0.0038002000087044253,0.004255649919214604,0.0010154219203369942,0.0
39043,Erie County,OH,3/15/2026 19:00,0.003833396923468524,0.005337842265043033,0.0014026754710751543,0.0
39043,Erie County,OH,3/15/2026 20:00,0.003732436937032619,0.0034285017696513475,0.0014235839638346158,0.0
39043,Erie County,OH,3/15/2026 21:00,0.004036618260626567,0.0041854179346145284,0.0011373698222512676,0.0
39043,Erie County,OH,3/15/2026 22:00,0.002399603553489446,0.0040306407362585076,0.0010710264950782144,0.0
39043,Erie County,OH,3/15/2026 23:00,0.002827054169036523,0.0048106089809970155,0.0,0.0
39043,Erie County,OH,3/16/2026 0:00,0.0024845537366775883,0.004779917673546677,0.0,0.0
39043,Erie County,OH,3/16/2026 1:00,0.0034279911149847336,0.004931283948206054,0.0,0.0
39043,Erie County,OH,3/16/2026 2:00,0.0035740198844835323,0.004712845896597116,0.0,0.0
39043,Erie County,OH,3/16/2026 3:00,0.004322664703988388,0.006500090182013242,0.0010525506423585162,0.0
39043,Erie County,OH,3/16/2026 4:00,0.003686771437992916,0.0034327630914888123,0.0,0.0
39043,Erie County,OH,3/16/2026 5:00,0.004696984069676554,0.004046886251183207,0.0,0.0
39043,Erie County,OH,3/16/2026 6:00,0.0038546311966998377,0.003454644567909197,0.0,0.0
39043,Erie County,OH,3/16/2026 7:00,0.004387065043592059,0.003460098270859855,0.0,0.0
39043,Erie County,OH,3/16/2026 8:00,0.0038824554937823513,0.003355360281725467,0.0,0.0
39043,Erie County,OH,3/16/2026 9:00,0.003940058989894886,0.0028214236887943696,0.0,0.0013147938497718534
39043,Erie County,OH,3/16/2026 10:00,0.0037314380748596607,0.0026955899281769662,0.0,0.0012469229632175495
39043,Erie County,OH,3/16/2026 11:00,0.004098321039814761,0.002076763927666868,0.0,0.0
39043,Erie County,OH,3/16/2026 12:00,0.004081222868481305,0.0,0.0,0.0
39043,Erie County,OH,3/16/2026 13:00,0.0031127570901400793,0.0,0.0,0.0
39043,Erie County,OH,3/16/2026 14:00,0.0025459313631029435,0.0,0.0,0.0
39043,Erie County,OH,3/16/2026 15:00,0.002041140111908553,0.0,0.0,0.0
39043,Erie County,OH,3/16/2026 16:00,0.0015467421996718676,0.0,0.0,0.0
39043,Erie County,OH,3/16/2026 17:00,0.0013608542172389385,0.0,0.0,0.0
39043,Erie County,OH,3/16/2026 18:00,0.0012647254003865884,0.0,0.0,0.0
39043,Erie County,OH,3/16/2026 19:00,0.0012739526575620307,0.0,0.0,0.0
39043,Erie County,OH,3/16/2026 20:00,0.0015411045359060938,0.0,0.0,0.0
39043,Erie County,OH,3/16/2026 21:00,0.0015539523137501569,0.0,0.0,0.0
39043,Erie County,OH,3/16/2026 22:00,0.0011780678984139494,0.0,0.0,0.0
39043,Erie County,OH,3/16/2026 23:00,0.0014501241132786826,0.0,0.0,0.0
39043,Erie County,OH,3/17/2026 0:00,0.0,0.0,0.0,0.0
39043,Erie County,OH,3/17/2026 1:00,0.0,0.0,0.0,0.0
39043,Erie County,OH,3/17/2026 2:00,0.0,0.0,0.0,0.0
39043,Erie County,OH,3/17/2026 3:00,0.0,0.0,0.0,0.0
39043,Erie County,OH,3/17/2026 4:00,0.0,0.0,0.0,0.0
39043,Erie County,OH,3/17/2026 5:00,0.0,0.0,0.0,0.0
39043,Erie County,OH,3/17/2026 6:00,0.0,0.0,0.0,0.0
39043,Erie County,OH,3/17/2026 7:00,0.0,0.0,0.0,0.0
39043,Erie County,OH,3/17/2026 8:00,0.0,0.0,0.0,0.0
39043,Erie County,OH,3/17/2026 9:00,0.0,0.0,0.0,0.0
39043,Erie County,OH,3/17/2026 10:00,0.0,0.0,0.0,0.0
39043,Erie County,OH,3/17/2026 11:00,0.0,0.0,0.0,0.0
39043,Erie County,OH,3/17/2026 12:00,0.0,0.0,0.0,0.0
39043,Erie County,OH,3/17/2026 13:00,0.0,0.0,0.0,0.0
39043,Erie County,OH,3/17/2026 14:00,0.0,0.0,0.0,0.0
39043,Erie County,OH,3/17/2026 15:00,0.0,0.0,0.0,0.0
39043,Erie County,OH,3/17/2026 16:00,0.0,0.0,0.0,0.0
39043,Erie County,OH,3/17/2026 17:00,0.0,0.0,0.0,0.0
39043,Erie County,OH,3/17/2026 18:00,0.0,0.0,0.0,0.0
39043,Erie County,OH,3/17/2026 19:00,0.0,0.0,0.0,0.0
39043,Erie County,OH,3/17/2026 20:00,0.0,0.0,0.0,0.0
39043,Erie County,OH,3/17/2026 21:00,0.0,0.0,0.0,0.0
39043,Erie County,OH,3/17/2026 22:00,0.0,0.0,0.0,0.0
39043,Erie County,OH,3/17/2026 23:00,0.0,0.0,0.0,0.0
39043,Erie County,OH,3/18/2026 0:00,0.0,0.0,0.0,
39043,Erie County,OH,3/18/2026 1:00,0.0,0.0,0.0,
39043,Erie County,OH,3/18/2026 2:00,0.0,0.0,0.0,
39043,Erie County,OH,3/18/2026 3:00,0.0,0.001482050373931391,0.0,
39043,Erie County,OH,3/18/2026 4:00,0.0,0.0,0.0,
39043,Erie County,OH,3/18/2026 5:00,0.0,0.0,0.0,
39043,Erie County,OH,3/18/2026 6:00,0.0,0.0,0.0,
39043,Erie County,OH,3/18/2026 7:00,0.0,0.0,0.0,
39043,Erie County,OH,3/18/2026 8:00,0.0,0.0,0.0,
39043,Erie County,OH,3/18/2026 9:00,0.0,0.0,0.0,
39043,Erie County,OH,3/18/2026 10:00,0.0,0.0,0.0,
39043,Erie County,OH,3/18/2026 11:00,0.0,0.0,0.0,
39043,Erie County,OH,3/18/2026 12:00,0.0,0.0,0.0,
39043,Erie County,OH,3/18/2026 13:00,0.0,0.0,0.0,
39043,Erie County,OH,3/18/2026 14:00,0.0,0.0,0.0,
39043,Erie County,OH,3/18/2026 15:00,0.0,0.0,0.0,
39043,Erie County,OH,3/18/2026 16:00,0.0,0.0,0.0,
39043,Erie County,OH,3/18/2026 17:00,0.0,0.0,0.0,
39043,Erie County,OH,3/18/2026 18:00,0.0,0.0,0.0,
39043,Erie County,OH,3/18/2026 19:00,0.0,0.0,0.0,
39043,Erie County,OH,3/18/2026 20:00,0.0,0.0,0.0,
39043,Erie County,OH,3/18/2026 21:00,0.0,0.0,0.0,
39043,Erie County,OH,3/18/2026 22:00,0.0,0.0,0.0,
39043,Erie County,OH,3/18/2026 23:00,0.0,0.0,0.0,
39043,Erie County,OH,3/19/2026 0:00,0.0,0.0,,
39043,Erie County,OH,3/19/2026 1:00,0.0,0.0,,
39043,Erie County,OH,3/19/2026 2:00,0.0,0.0,,
39043,Erie County,OH,3/19/2026 3:00,0.0,0.0,,
39043,Erie County,OH,3/19/2026 4:00,0.0,0.0,,
39043,Erie County,OH,3/19/2026 5:00,0.0,0.0,,
39043,Erie County,OH,3/19/2026 6:00,0.0,0.0,,
39043,Erie County,OH,3/19/2026 7:00,0.0,0.0,,
39043,Erie County,OH,3/19/2026 8:00,0.0,0.0,,
39043,Erie County,OH,3/19/2026 9:00,0.0,0.0,,
39043,Erie County,OH,3/19/2026 10:00,0.0,0.0,,
39043,Erie County,OH,3/19/2026 11:00,0.0,0.0,,
39043,Erie County,OH,3/19/2026 12:00,0.0,0.0,,
39043,Erie County,OH,3/19/2026 13:00,0.0,0.0,,
39043,Erie County,OH,3/19/2026 14:00,0.0,0.0,,
39043,Erie County,OH,3/19/2026 15:00,0.0,0.0,,
39043,Erie County,OH,3/19/2026 16:00,0.0,0.0,,
39043,Erie County,OH,3/19/2026 17:00,0.0,0.0,,
39043,Erie County,OH,3/19/2026 18:00,0.0,,,
39043,Erie County,OH,3/19/2026 19:00,0.0,,,
39043,Erie County,OH,3/19/2026 20:00,0.0,,,
39043,Erie County,OH,3/19/2026 21:00,0.0,,,
39043,Erie County,OH,3/19/2026 22:00,0.0,,,
39043,Erie County,OH,3/19/2026 23:00,,,,
39047,Fayette County,OH,3/14/2026 0:00,0.005528987131414136,0.0023778210931722564,0.0,0.0032668325191795556
39047,Fayette County,OH,3/14/2026 1:00,0.005711106175482769,0.002718678952643413,0.0,0.003159365729179605
39047,Fayette County,OH,3/14/2026 2:00,0.005571972914671086,0.0022869185917051946,0.001773563421440021,0.0029968576827270233
39047,Fayette County,OH,3/14/2026 3:00,0.005658945866482175,0.0023316864388108704,0.0016955231993140867,0.003691881791227296
39047,Fayette County,OH,3/14/2026 4:00,0.006481425219184373,0.0027010598551230358,0.0017573447695773462,0.0034874117378586277
39047,Fayette County,OH,3/14/2026 5:00,0.0055059794978914575,0.002280597726784064,0.001518017501165166,0.004431322995906051
39047,Fayette County,OH,3/14/2026 6:00,0.004599879351306334,0.0023865349954701183,0.0,0.004858171078670992
39047,Fayette County,OH,3/14/2026 7:00,0.004194827731749716,0.002165398061113495,0.0,0.005396922778959144
39047,Fayette County,OH,3/14/2026 8:00,0.004185021182768559,0.0016710534415979718,0.0,0.005341218490795752
39047,Fayette County,OH,3/14/2026 9:00,0.004185509746183738,0.0020407036335186412,0.0,0.005429128685989085
39047,Fayette County,OH,3/14/2026 10:00,0.003264665761683787,0.0012610889246335217,0.0,0.00264798728968736
39047,Fayette County,OH,3/14/2026 11:00,0.003050842684296054,0.0010222652659183163,0.0,0.0030932894681283745
39047,Fayette County,OH,3/14/2026 12:00,0.002196075985155286,0.0,0.0011218732137362208,0.002627242186098887
39047,Fayette County,OH,3/14/2026 13:00,0.0016157377205008056,0.0,0.0018783918148761773,0.0012585610311229272
39047,Fayette County,OH,3/14/2026 14:00,0.001645104633603391,0.0,0.002497437614917252,0.0012792787220892235
39047,Fayette County,OH,3/14/2026 15:00,0.0010384064696505563,0.0,0.004809911687296657,0.0
39047,Fayette County,OH,3/14/2026 16:00,0.0010829060147324555,0.0,0.004548373776006675,0.0
39047,Fayette County,OH,3/14/2026 17:00,0.0,0.0,0.0040873525200158045,0.0
39047,Fayette County,OH,3/14/2026 18:00,0.0,0.0,0.004284201866825593,0.0
39047,Fayette County,OH,3/14/2026 19:00,0.0,0.0,0.0030597428097496665,0.0
39047,Fayette County,OH,3/14/2026 20:00,0.0,0.0,0.0023041969884278536,0.0
39047,Fayette County,OH,3/14/2026 21:00,0.0,0.0,0.0017989566561814586,0.0
39047,Fayette County,OH,3/14/2026 22:00,0.0,0.0,0.003464289455026047,0.0
39047,Fayette County,OH,3/14/2026 23:00,0.0,0.0,0.002688315267462002,0.0
39047,Fayette County,OH,3/15/2026 0:00,0.0,0.0,0.005487406867536041,0.0014896485814994004
39047,Fayette County,OH,3/15/2026 1:00,0.0,0.0,0.003902754150114598,0.0
39047,Fayette County,OH,3/15/2026 2:00,0.0,0.0,0.004341680564002637,0.0
39047,Fayette County,OH,3/15/2026 3:00,0.0,0.0,0.002410814247873268,0.0
39047,Fayette County,OH,3/15/2026 4:00,0.0,0.0,0.003256913291169282,0.0
39047,Fayette County,OH,3/15/2026 5:00,0.0,0.0,0.003303612762430595,0.0
39047,Fayette County,OH,3/15/2026 6:00,0.0,0.0014691322130304006,0.003981780002339708,0.0
39047,Fayette County,OH,3/15/2026 7:00,0.0,0.003007639963852422,0.0036736193228605737,0.0
39047,Fayette County,OH,3/15/2026 8:00,0.0,0.003627246038181123,0.003421945765249325,0.0
39047,Fayette County,OH,3/15/2026 9:00,0.0,0.0040719348501559146,0.0022073267688034943,0.0
39047,Fayette County,OH,3/15/2026 10:00,0.0,0.00420595284922363,0.002529748237354054,0.0
39047,Fayette County,OH,3/15/2026 11:00,0.001708973336926856,0.004321497781670028,0.002316230980849246,0.0
39047,Fayette County,OH,3/15/2026 12:00,0.0026112548059639053,0.004449416467484642,0.0019200297895098557,0.0
39047,Fayette County,OH,3/15/2026 13:00,0.004218721524548188,0.004666656424170707,0.0013751948807768169,0.0
39047,Fayette County,OH,3/15/2026 14:00,0.006192485213322812,0.003920122204587972,0.0,0.0
39047,Fayette County,OH,3/15/2026 15:00,0.006257418822748107,0.003234940415010595,0.0,0.0
39047,Fayette County,OH,3/15/2026 16:00,0.002687720313903672,0.0017845932468995367,0.0011194923166308363,0.0
39047,Fayette County,OH,3/15/2026 17:00,0.0033086584697647565,0.0032876746069633034,0.001128962554556436,0.0
39047,Fayette County,OH,3/15/2026 18:00,0.003254797875218703,0.0030591479452565093,0.0,0.0
39047,Fayette County,OH,3/15/2026 19:00,0.002182939396992492,0.0010144220201287483,0.0010480815059011749,0.0
39047,Fayette County,OH,3/15/2026 20:00,0.0016760816551002317,0.0016187775767840138,0.0,0.0
39047,Fayette County,OH,3/15/2026 21:00,0.0021613927057506283,0.0024491883533391398,0.0015223607977892805,0.0
39047,Fayette County,OH,3/15/2026 22:00,0.001983800672826307,0.0029064301537891947,0.002315967436214189,0.0
39047,Fayette County,OH,3/15/2026 23:00,0.0016889528406063288,0.0038602864769767846,0.0016441106845825808,0.0
39047,Fayette County,OH,3/16/2026 0:00,0.0013325778771967234,0.0038548260552788293,0.0,0.0
39047,Fayette County,OH,3/16/2026 1:00,0.0017904706466873148,0.004205721708931801,0.0,0.0
39047,Fayette County,OH,3/16/2026 2:00,0.0032108558278077996,0.004532872569645213,0.0,0.0
39047,Fayette County,OH,3/16/2026 3:00,0.003981991286833253,0.005454821228781999,0.0,0.0
39047,Fayette County,OH,3/16/2026 4:00,0.005849638157942241,0.002952370391729613,0.0,0.0
39047,Fayette County,OH,3/16/2026 5:00,0.005009636544697605,0.003820153294159087,0.0,0.0
39047,Fayette County,OH,3/16/2026 6:00,0.006663394615926733,0.0027275196169836697,0.0,0.0
39047,Fayette County,OH,3/16/2026 7:00,0.006846615200896558,0.0019634032056535344,0.0,0.0
39047,Fayette County,OH,3/16/2026 8:00,0.0033521184352719923,0.0013877073676781698,0.0,0.0
39047,Fayette County,OH,3/16/2026 9:00,0.0027567655456578783,0.0013518943388539301,0.0,0.0
39047,Fayette County,OH,3/16/2026 10:00,0.0022821518232080265,0.0011524301961873134,0.0,0.0
39047,Fayette County,OH,3/16/2026 11:00,0.002206326301604774,0.001573041760713026,0.0,0.0
39047,Fayette County,OH,3/16/2026 12:00,0.0015699277594134714,0.001434528355611534,0.0,0.0
39047,Fayette County,OH,3/16/2026 13:00,0.0017410800608596115,0.0019540189741438256,0.0,0.0
39047,Fayette County,OH,3/16/2026 14:00,0.001176275988664848,0.0019160645136041892,0.0,0.0
39047,Fayette County,OH,3/16/2026 15:00,0.0019286372194861894,0.0019627975081306175,0.0,0.0
39047,Fayette County,OH,3/16/2026 16:00,0.0019527942795257642,0.0017676615703783123,0.0,0.0
39047,Fayette County,OH,3/16/2026 17:00,0.0019221360776268631,0.0015873052270906733,0.0,0.0
39047,Fayette County,OH,3/16/2026 18:00,0.0010669067451110977,0.0012912023330505654,0.0,0.0
39047,Fayette County,OH,3/16/2026 19:00,0.0021543697502972164,0.0019558883311973654,0.0,0.0
39047,Fayette County,OH,3/16/2026 20:00,0.0018714610231822131,0.0010264273063148356,0.0,0.0
39047,Fayette County,OH,3/16/2026 21:00,0.0019432624671241246,0.0,0.0,0.0
39047,Fayette County,OH,3/16/2026 22:00,0.0024138378467097833,0.0,0.0,0.0
39047,Fayette County,OH,3/16/2026 23:00,0.002484526762569692,0.0,0.0,0.0
39047,Fayette County,OH,3/17/2026 0:00,0.0019514040498230056,0.0012452929459280595,0.0,0.0
39047,Fayette County,OH,3/17/2026 1:00,0.0021651679552342207,0.0,0.0,0.0
39047,Fayette County,OH,3/17/2026 2:00,0.002135131288726633,0.0,0.0,0.0
39047,Fayette County,OH,3/17/2026 3:00,0.0,0.0,0.0,0.0
39047,Fayette County,OH,3/17/2026 4:00,0.0,0.0,0.0,0.0
39047,Fayette County,OH,3/17/2026 5:00,0.0,0.0,0.0,0.0
39047,Fayette County,OH,3/17/2026 6:00,0.0,0.0,0.0,0.0
39047,Fayette County,OH,3/17/2026 7:00,0.0,0.0,0.0,0.0
39047,Fayette County,OH,3/17/2026 8:00,0.0,0.0,0.0,0.0
39047,Fayette County,OH,3/17/2026 9:00,0.0,0.0,0.0,0.0
39047,Fayette County,OH,3/17/2026 10:00,0.0,0.0,0.0,0.0
39047,Fayette County,OH,3/17/2026 11:00,0.0,0.0,0.0,0.0
39047,Fayette County,OH,3/17/2026 12:00,0.0,0.0,0.0,0.0
39047,Fayette County,OH,3/17/2026 13:00,0.0,0.0,0.0,0.0
39047,Fayette County,OH,3/17/2026 14:00,0.0,0.0,0.0,0.0
39047,Fayette County,OH,3/17/2026 15:00,0.0,0.0,0.0,0.0
39047,Fayette County,OH,3/17/2026 16:00,0.0,0.0,0.0,0.0
39047,Fayette County,OH,3/17/2026 17:00,0.0,0.0,0.0,0.0
39047,Fayette County,OH,3/17/2026 18:00,0.0,0.0,0.0,0.0
39047,Fayette County,OH,3/17/2026 19:00,0.0,0.0,0.0,0.0
39047,Fayette County,OH,3/17/2026 20:00,0.0,0.0,0.0,0.0
39047,Fayette County,OH,3/17/2026 21:00,0.0,0.0,0.0,0.0
39047,Fayette County,OH,3/17/2026 22:00,0.0,0.0,0.0,0.0
39047,Fayette County,OH,3/17/2026 23:00,0.0,0.0,0.0,0.0
39047,Fayette County,OH,3/18/2026 0:00,0.0,0.0,0.0,
39047,Fayette County,OH,3/18/2026 1:00,0.0,0.0,0.0,
39047,Fayette County,OH,3/18/2026 2:00,0.0,0.0,0.0,
39047,Fayette County,OH,3/18/2026 3:00,0.0,0.0,0.0,
39047,Fayette County,OH,3/18/2026 4:00,0.0,0.0,0.0,
39047,Fayette County,OH,3/18/2026 5:00,0.0,0.0,0.0,
39047,Fayette County,OH,3/18/2026 6:00,0.0,0.0,0.0,
39047,Fayette County,OH,3/18/2026 7:00,0.0,0.0,0.0,
39047,Fayette County,OH,3/18/2026 8:00,0.0,0.0,0.0,
39047,Fayette County,OH,3/18/2026 9:00,0.0,0.0,0.0,
39047,Fayette County,OH,3/18/2026 10:00,0.0,0.0,0.0,
39047,Fayette County,OH,3/18/2026 11:00,0.0,0.0,0.0,
39047,Fayette County,OH,3/18/2026 12:00,0.0,0.0,0.0,
39047,Fayette County,OH,3/18/2026 13:00,0.0,0.0,0.0,
39047,Fayette County,OH,3/18/2026 14:00,0.0,0.0,0.0,
39047,Fayette County,OH,3/18/2026 15:00,0.0,0.0,0.0,
39047,Fayette County,OH,3/18/2026 16:00,0.0,0.0,0.0,
39047,Fayette County,OH,3/18/2026 17:00,0.0,0.0,0.0,
39047,Fayette County,OH,3/18/2026 18:00,0.0,0.0,0.0,
39047,Fayette County,OH,3/18/2026 19:00,0.0,0.0,0.0,
39047,Fayette County,OH,3/18/2026 20:00,0.0,0.0,0.0,
39047,Fayette County,OH,3/18/2026 21:00,0.0,0.0,0.0,
39047,Fayette County,OH,3/18/2026 22:00,0.0,0.0,0.0,
39047,Fayette County,OH,3/18/2026 23:00,0.0,0.0,0.0,
39047,Fayette County,OH,3/19/2026 0:00,0.0,0.0,,
39047,Fayette County,OH,3/19/2026 1:00,0.0,0.0,,
39047,Fayette County,OH,3/19/2026 2:00,0.0,0.0,,
39047,Fayette County,OH,3/19/2026 3:00,0.0,0.0,,
39047,Fayette County,OH,3/19/2026 4:00,0.0,0.0,,
39047,Fayette County,OH,3/19/2026 5:00,0.0,0.0,,
39047,Fayette County,OH,3/19/2026 6:00,0.0,0.0,,
39047,Fayette County,OH,3/19/2026 7:00,0.0,0.0,,
39047,Fayette County,OH,3/19/2026 8:00,0.0,0.0,,
39047,Fayette County,OH,3/19/2026 9:00,0.0,0.0,,
39047,Fayette County,OH,3/19/2026 10:00,0.0,0.0,,
39047,Fayette County,OH,3/19/2026 11:00,0.0,0.0,,
39047,Fayette County,OH,3/19/2026 12:00,0.0,0.0,,
39047,Fayette County,OH,3/19/2026 13:00,0.0,0.0,,
39047,Fayette County,OH,3/19/2026 14:00,0.0,0.0,,
39047,Fayette County,OH,3/19/2026 15:00,0.0,0.0,,
39047,Fayette County,OH,3/19/2026 16:00,0.0,0.0,,
39047,Fayette County,OH,3/19/2026 17:00,0.0,0.0,,
39047,Fayette County,OH,3/19/2026 18:00,0.0,,,
39047,Fayette County,OH,3/19/2026 19:00,0.0,,,
39047,Fayette County,OH,3/19/2026 20:00,0.0,,,
39047,Fayette County,OH,3/19/2026 21:00,0.0,,,
39047,Fayette County,OH,3/19/2026 22:00,0.0,,,
39047,Fayette County,OH,3/19/2026 23:00,,,,
39057,Greene County,OH,3/14/2026 0:00,0.037911409927131635,0.028098143879762824,0.004336628099355538,0.0043358036707670175
39057,Greene County,OH,3/14/2026 1:00,0.03840883323173284,0.027713358271478673,0.00404670439074911,0.004295384308359192
39057,Greene County,OH,3/14/2026 2:00,0.03979371652696805,0.025567578099335714,0.004048665933954601,0.0042243630368645375
39057,Greene County,OH,3/14/2026 3:00,0.037063981534226485,0.02502374302229517,0.004269883235242149,0.004408640699825746
39057,Greene County,OH,3/14/2026 4:00,0.034863586049390646,0.024662252266844726,0.004169885287850851,0.005137770647149702
39057,Greene County,OH,3/14/2026 5:00,0.03400155639459037,0.01959209537476161,0.0038835324034134696,0.005077307760888598
39057,Greene County,OH,3/14/2026 6:00,0.03230699638629717,0.017904051589459978,0.004141706130530955,0.005148496762709524
39057,Greene County,OH,3/14/2026 7:00,0.03140806397338622,0.01626426483680707,0.0041297249547919725,0.004921297595219347
39057,Greene County,OH,3/14/2026 8:00,0.029439519161854017,0.0141225168466073,0.003933152159103657,0.004691856636282224
39057,Greene County,OH,3/14/2026 9:00,0.023540224119848015,0.013660232281974393,0.0042092809011836,0.005730873795800759
39057,Greene County,OH,3/14/2026 10:00,0.022960341044381636,0.008765135294844604,0.004141055070645494,0.0037943037720014556
39057,Greene County,OH,3/14/2026 11:00,0.019897614751880666,0.008068239107491834,0.004444753438146883,0.003471288199150594
39057,Greene County,OH,3/14/2026 12:00,0.018841016072253743,0.007799456809457985,0.005451458125504603,0.0036344404699358824
39057,Greene County,OH,3/14/2026 13:00,0.017562908705815315,0.007658886105013902,0.006245237089937737,0.0033902222529135274
39057,Greene County,OH,3/14/2026 14:00,0.015686423127718216,0.006953989007993715,0.005799419423275308,0.003326781825325352
39057,Greene County,OH,3/14/2026 15:00,0.013518250212852233,0.005905879102545145,0.00770841366710969,0.0032318868111806958
39057,Greene County,OH,3/14/2026 16:00,0.011283194662558938,0.006130597874459874,0.007566472130640722,0.0022885009589729247
39057,Greene County,OH,3/14/2026 17:00,0.00959787465619491,0.004817036306265837,0.007997785453943314,0.002069767208919582
39057,Greene County,OH,3/14/2026 18:00,0.007971714898730128,0.004400155606061322,0.007243183237832953,0.001339027753903029
39057,Greene County,OH,3/14/2026 19:00,0.0067008024171396185,0.00424707377344385,0.006425185485095403,0.0013382079751911578
39057,Greene County,OH,3/14/2026 20:00,0.005718262622842149,0.003942635013967764,0.006075751107915323,0.0013424902112137373
39057,Greene County,OH,3/14/2026 21:00,0.005019941628049734,0.003984021974182574,0.005366809337768968,0.0013424902112137373
39057,Greene County,OH,3/14/2026 22:00,0.004903829016283051,0.004181205765518059,0.003353619910388928,0.0013424902112137373
39057,Greene County,OH,3/14/2026 23:00,0.005208700143293681,0.004461221924929269,0.0032990744311380145,0.0013379430054465062
39057,Greene County,OH,3/15/2026 0:00,0.0039036677545238613,0.004277815696195392,0.0025282315046098597,0.001230911934504855
39057,Greene County,OH,3/15/2026 1:00,0.004427176601554834,0.004269678598682768,0.004369118543054946,0.0010554757678758156
39057,Greene County,OH,3/15/2026 2:00,0.004301040991861924,0.0040860341173244346,0.0048773098948501695,0.0010568278385070262
39057,Greene County,OH,3/15/2026 3:00,0.003948203122962365,0.00390738526927749,0.004227678286371871,0.001000018821241308
39057,Greene County,OH,3/15/2026 4:00,0.0037975473029308172,0.0039964538670920514,0.0037657725523517565,0.0012728837857698815
39057,Greene County,OH,3/15/2026 5:00,0.003727218863999324,0.004390282169103809,0.004004919442184612,0.0010701779039865844
39057,Greene County,OH,3/15/2026 6:00,0.0037069597307699985,0.004642769747380513,0.004132353792424574,0.0010663184952290035
39057,Greene County,OH,3/15/2026 7:00,0.003667987650354073,0.005680609662249784,0.004263740860479916,0.0010857250742467121
39057,Greene County,OH,3/15/2026 8:00,0.0036020757822563753,0.005809672587123752,0.004081295972553816,0.0015963929052353748
39057,Greene County,OH,3/15/2026 9:00,0.0035773444062258504,0.005739266583058049,0.0038585712194993916,0.0019140889957554742
39057,Greene County,OH,3/15/2026 10:00,0.003817176567606479,0.005618020529482533,0.0037753772768440753,0.001710103502061705
39057,Greene County,OH,3/15/2026 11:00,0.004189726017973557,0.004832244772692383,0.0030516746013664465,0.0017637058646168035
39057,Greene County,OH,3/15/2026 12:00,0.004411007433972376,0.004865620220710176,0.0029720461502302574,0.00202956006245017
39057,Greene County,OH,3/15/2026 13:00,0.005557927329075705,0.005200866278111185,0.002670579393665703,0.002020530625067954
39057,Greene County,OH,3/15/2026 14:00,0.005666306209561915,0.0048958290757770105,0.0026595418265128864,0.0017681858644602092
39057,Greene County,OH,3/15/2026 15:00,0.005375590066304436,0.003607718943725183,0.0023562186661943356,0.001613875786147873
39057,Greene County,OH,3/15/2026 16:00,0.004925648352820873,0.0031989835252286417,0.0023026150153782703,0.0015210301619962366
39057,Greene County,OH,3/15/2026 17:00,0.004634409042285025,0.0025348534212547374,0.0016074224310628524,0.0011667116671843175
39057,Greene County,OH,3/15/2026 18:00,0.004127764042706683,0.001723208704930726,0.0016405039441571975,0.0010050718166628985
39057,Greene County,OH,3/15/2026 19:00,0.004995299124897374,0.003119750188459891,0.0013850680529820165,0.0
39057,Greene County,OH,3/15/2026 20:00,0.0046269252293752745,0.0028103414184024976,0.001648755825513224,0.0
39057,Greene County,OH,3/15/2026 21:00,0.003602764582706261,0.0026615809803483665,0.0013300645417211984,0.0
39057,Greene County,OH,3/15/2026 22:00,0.0034942161204915023,0.002452468678932731,0.0,0.0
39057,Greene County,OH,3/15/2026 23:00,0.0033106181016490325,0.002078941648225608,0.0010693029987136227,0.0
39057,Greene County,OH,3/16/2026 0:00,0.0031204143414419565,0.001996942207765038,0.0011993983516206193,0.0
39057,Greene County,OH,3/16/2026 1:00,0.004675658662462805,0.0028270921548042595,0.0014291344187520752,0.0
39057,Greene County,OH,3/16/2026 2:00,0.004683270374637162,0.004726192798782326,0.0015696368693317291,0.0
39057,Greene County,OH,3/16/2026 3:00,0.003180863234705064,0.0034869452916336794,0.001670221346993465,0.0
39057,Greene County,OH,3/16/2026 4:00,0.0038867963585578185,0.00290351181027066,0.0,0.0
39057,Greene County,OH,3/16/2026 5:00,0.0040220787204074656,0.0024292043444398993,0.0,0.0
39057,Greene County,OH,3/16/2026 6:00,0.003354745599588059,0.002419871983560841,0.0,0.0
39057,Greene County,OH,3/16/2026 7:00,0.003822389076903804,0.0023729865939656433,0.0,0.0
39057,Greene County,OH,3/16/2026 8:00,0.0037439930413461363,0.0025264732948651865,0.0,0.0
39057,Greene County,OH,3/16/2026 9:00,0.002839433734824042,0.0025119011910202664,0.0,0.0
39057,Greene County,OH,3/16/2026 10:00,0.0027357646799852637,0.002385814869737886,0.0012361408841212618,0.0
39057,Greene County,OH,3/16/2026 11:00,0.0023598882323464035,0.002006927389419509,0.0014735348384448046,0.0
39057,Greene County,OH,3/16/2026 12:00,0.002137156037751943,0.0022941688545539303,0.0,0.0
39057,Greene County,OH,3/16/2026 13:00,0.0022046292261469354,0.002292619985288909,0.001134916768050388,0.0
39057,Greene County,OH,3/16/2026 14:00,0.0015780714144689192,0.0013310840499617018,0.0011327599492816942,0.0
39057,Greene County,OH,3/16/2026 15:00,0.0015433791833247773,0.0012880510004515053,0.0,0.0
39057,Greene County,OH,3/16/2026 16:00,0.0011696898858068563,0.0011553469743125738,0.0,0.0
39057,Greene County,OH,3/16/2026 17:00,0.0013529255454691029,0.0011816971495004658,0.0,0.0
39057,Greene County,OH,3/16/2026 18:00,0.0010566893254725129,0.0010089340630273537,0.0,0.0
39057,Greene County,OH,3/16/2026 19:00,0.0,0.0,0.0,0.0
39057,Greene County,OH,3/16/2026 20:00,0.0013860120004342636,0.0,0.0,0.0
39057,Greene County,OH,3/16/2026 21:00,0.0011507768628307494,0.0,0.0,0.0
39057,Greene County,OH,3/16/2026 22:00,0.0015011497461772689,0.0,0.0,0.0
39057,Greene County,OH,3/16/2026 23:00,0.001415606892256496,0.0,0.0,0.0
39057,Greene County,OH,3/17/2026 0:00,0.0,0.0,0.0,0.0
39057,Greene County,OH,3/17/2026 1:00,0.00104070893818201,0.0,0.0,0.0
39057,Greene County,OH,3/17/2026 2:00,0.0,0.0011746563648833371,0.0,0.0
39057,Greene County,OH,3/17/2026 3:00,0.0,0.0,0.0,0.0
39057,Greene County,OH,3/17/2026 4:00,0.0,0.0,0.0,0.0
39057,Greene County,OH,3/17/2026 5:00,0.0,0.0,0.0,0.0
39057,Greene County,OH,3/17/2026 6:00,0.0,0.0,0.0,0.0
39057,Greene County,OH,3/17/2026 7:00,0.0,0.0,0.0,0.0
39057,Greene County,OH,3/17/2026 8:00,0.0,0.0,0.0,0.0
39057,Greene County,OH,3/17/2026 9:00,0.0,0.0,0.0,0.0
39057,Greene County,OH,3/17/2026 10:00,0.0,0.0,0.0,0.0
39057,Greene County,OH,3/17/2026 11:00,0.0,0.0,0.0,0.0
39057,Greene County,OH,3/17/2026 12:00,0.0,0.0,0.0,0.0
39057,Greene County,OH,3/17/2026 13:00,0.0,0.0,0.0,0.0
39057,Greene County,OH,3/17/2026 14:00,0.0,0.0,0.0,0.0
39057,Greene County,OH,3/17/2026 15:00,0.0,0.0,0.0,0.0
39057,Greene County,OH,3/17/2026 16:00,0.0,0.0,0.0,0.0
39057,Greene County,OH,3/17/2026 17:00,0.0,0.0,0.0,0.0
39057,Greene County,OH,3/17/2026 18:00,0.0,0.0,0.0,0.0
39057,Greene County,OH,3/17/2026 19:00,0.0,0.0,0.0,0.0
39057,Greene County,OH,3/17/2026 20:00,0.0,0.0,0.0,0.0
39057,Greene County,OH,3/17/2026 21:00,0.0,0.0,0.0,0.0
39057,Greene County,OH,3/17/2026 22:00,0.0,0.0,0.0,0.0
39057,Greene County,OH,3/17/2026 23:00,0.0,0.0,0.0,0.0
39057,Greene County,OH,3/18/2026 0:00,0.0,0.0,0.0,
39057,Greene County,OH,3/18/2026 1:00,0.0,0.0,0.0,
39057,Greene County,OH,3/18/2026 2:00,0.0,0.0,0.0,
39057,Greene County,OH,3/18/2026 3:00,0.0,0.0,0.0,
39057,Greene County,OH,3/18/2026 4:00,0.0,0.0,0.0,
39057,Greene County,OH,3/18/2026 5:00,0.0,0.0,0.0,
39057,Greene County,OH,3/18/2026 6:00,0.0,0.0,0.0,
39057,Greene County,OH,3/18/2026 7:00,0.0,0.0,0.0,
39057,Greene County,OH,3/18/2026 8:00,0.0,0.0,0.0,
39057,Greene County,OH,3/18/2026 9:00,0.0,0.0,0.0,
39057,Greene County,OH,3/18/2026 10:00,0.0,0.0,0.0,
39057,Greene County,OH,3/18/2026 11:00,0.0,0.0,0.0,
39057,Greene County,OH,3/18/2026 12:00,0.0,0.0,0.0,
39057,Greene County,OH,3/18/2026 13:00,0.0,0.0,0.0,
39057,Greene County,OH,3/18/2026 14:00,0.0,0.0,0.0,
39057,Greene County,OH,3/18/2026 15:00,0.0,0.0,0.0,
39057,Greene County,OH,3/18/2026 16:00,0.0,0.0,0.0,
39057,Greene County,OH,3/18/2026 17:00,0.0,0.0,0.0,
39057,Greene County,OH,3/18/2026 18:00,0.0,0.0,0.0,
39057,Greene County,OH,3/18/2026 19:00,0.0,0.0,0.0,
39057,Greene County,OH,3/18/2026 20:00,0.0,0.0,0.0,
39057,Greene County,OH,3/18/2026 21:00,0.0,0.0,0.0,
39057,Greene County,OH,3/18/2026 22:00,0.0,0.0,0.0,
39057,Greene County,OH,3/18/2026 23:00,0.0,0.0,0.0,
39057,Greene County,OH,3/19/2026 0:00,0.0,0.0,,
39057,Greene County,OH,3/19/2026 1:00,0.0,0.0,,
39057,Greene County,OH,3/19/2026 2:00,0.0,0.0,,
39057,Greene County,OH,3/19/2026 3:00,0.0,0.0,,
39057,Greene County,OH,3/19/2026 4:00,0.0,0.0,,
39057,Greene County,OH,3/19/2026 5:00,0.0,0.0,,
39057,Greene County,OH,3/19/2026 6:00,0.0,0.0,,
39057,Greene County,OH,3/19/2026 7:00,0.0,0.0,,
39057,Greene County,OH,3/19/2026 8:00,0.0,0.0,,
39057,Greene County,OH,3/19/2026 9:00,0.0,0.0,,
39057,Greene County,OH,3/19/2026 10:00,0.0,0.0,,
39057,Greene County,OH,3/19/2026 11:00,0.0,0.0,,
39057,Greene County,OH,3/19/2026 12:00,0.0,0.0,,
39057,Greene County,OH,3/19/2026 13:00,0.0,0.0,,
39057,Greene County,OH,3/19/2026 14:00,0.0,0.0,,
39057,Greene County,OH,3/19/2026 15:00,0.0,0.0,,
39057,Greene County,OH,3/19/2026 16:00,0.0,0.0,,
39057,Greene County,OH,3/19/2026 17:00,0.0,0.0,,
39057,Greene County,OH,3/19/2026 18:00,0.0,,,
39057,Greene County,OH,3/19/2026 19:00,0.0,,,
39057,Greene County,OH,3/19/2026 20:00,0.0,,,
39057,Greene County,OH,3/19/2026 21:00,0.0,,,
39057,Greene County,OH,3/19/2026 22:00,0.0,,,
39057,Greene County,OH,3/19/2026 23:00,,,,
39067,Harrison County,OH,3/14/2026 0:00,0.24444541282136825,0.23603565858764766,0.10163346477274714,0.037407320911657334
39067,Harrison County,OH,3/14/2026 1:00,0.23565467329555448,0.23341455442831718,0.10189562854745085,0.03679753588162215
39067,Harrison County,OH,3/14/2026 2:00,0.23735653298401715,0.22805249327026877,0.10349128450222365,0.03705623062065939
39067,Harrison County,OH,3/14/2026 3:00,0.23635134127178573,0.22167088742918978,0.1027976049492377,0.03727821619484028
39067,Harrison County,OH,3/14/2026 4:00,0.23543743774173012,0.21236169326407003,0.10242543698291806,0.03734168910507772
39067,Harrison County,OH,3/14/2026 5:00,0.23221272019542744,0.20298744462962656,0.1021288499711225,0.03739325726897282
39067,Harrison County,OH,3/14/2026 6:00,0.22715601606796312,0.19618920351932542,0.09901769036918912,0.03796387577250701
39067,Harrison County,OH,3/14/2026 7:00,0.22496041124908991,0.18647949112281226,0.09890568573141009,0.03856296957545912
39067,Harrison County,OH,3/14/2026 8:00,0.21839145848080174,0.18506951164323343,0.10194267821900353,0.03856623573474166
39067,Harrison County,OH,3/14/2026 9:00,0.20641558635849513,0.18250213945922927,0.10159337214115312,0.0384828932192774
39067,Harrison County,OH,3/14/2026 10:00,0.19506481530926573,0.18145921541312496,0.0969108968875659,0.03889180054862975
39067,Harrison County,OH,3/14/2026 11:00,0.1853417570520163,0.17612703083973308,0.09229794246774363,0.03747052931596885
39067,Harrison County,OH,3/14/2026 12:00,0.18422370632315335,0.1735238897942072,0.09253283689431493,0.03645965633943849
39067,Harrison County,OH,3/14/2026 13:00,0.1527742544627583,0.13969851596860178,0.08062686648102656,0.031192479954688615
39067,Harrison County,OH,3/14/2026 14:00,0.15167157563347095,0.10995857133518555,0.08421451287498455,0.02496163778955234
39067,Harrison County,OH,3/14/2026 15:00,0.15322143300722132,0.11297418135808797,0.0750211181512037,0.024216701851867587
39067,Harrison County,OH,3/14/2026 16:00,0.15272148972986674,0.10781262867435913,0.06830550744752287,0.02120820310884816
39067,Harrison County,OH,3/14/2026 17:00,0.15273002328333884,0.1056981619099296,0.07256525483187708,0.017212617792874873
39067,Harrison County,OH,3/14/2026 18:00,0.14216252031944546,0.1013922732741615,0.06622518465322935,0.00920856472341907
39067,Harrison County,OH,3/14/2026 19:00,0.10753476294489749,0.10267931297396342,0.060808295905463945,0.009219547298002586
39067,Harrison County,OH,3/14/2026 20:00,0.10708054209214658,0.0982883866186762,0.04826998772079314,0.008175195680138714
39067,Harrison County,OH,3/14/2026 21:00,0.09966905530309046,0.0933309806469168,0.04559936412484682,0.007861333500178194
39067,Harrison County,OH,3/14/2026 22:00,0.0927121839457761,0.0914706502451569,0.04353103665727512,0.00807893273290466
39067,Harrison County,OH,3/14/2026 23:00,0.09146844607584174,0.09233560341809151,0.04216746082064795,0.007634195091611013
39067,Harrison County,OH,3/15/2026 0:00,0.08219672773621244,0.09710383189875031,0.04213865232887497,0.010155081053231105
39067,Harrison County,OH,3/15/2026 1:00,0.08230784691969799,0.09654762766974795,0.04203410754717385,0.010149926470778446
39067,Harrison County,OH,3/15/2026 2:00,0.08297714350253053,0.09550857251282349,0.04117810935074104,0.010255750949008758
39067,Harrison County,OH,3/15/2026 3:00,0.08367655152048047,0.09243953725906648,0.041073067308651755,0.0093722537063727
39067,Harrison County,OH,3/15/2026 4:00,0.08255944812356415,0.09074704642576625,0.0413928043046639,0.008720757739959666
39067,Harrison County,OH,3/15/2026 5:00,0.08428007876609965,0.0781707288935546,0.04387963427033401,0.007880850267267836
39067,Harrison County,OH,3/15/2026 6:00,0.0848341452462305,0.07594320192159487,0.043883486145959855,0.007310915834457397
39067,Harrison County,OH,3/15/2026 7:00,0.0792834884817218,0.07056748655291041,0.045205933278280264,0.006793582430638721
39067,Harrison County,OH,3/15/2026 8:00,0.0780374978891559,0.06845484050365352,0.04527099999603026,0.006894458632339987
39067,Harrison County,OH,3/15/2026 9:00,0.07297342141760026,0.06521585015229503,0.04514324039124244,0.0071390480940019835
39067,Harrison County,OH,3/15/2026 10:00,0.07027687294358889,0.0656221324900238,0.04258717865110497,0.006283517273812908
39067,Harrison County,OH,3/15/2026 11:00,0.07098529189380835,0.05895352382164673,0.03903633534226295,0.00604884557648117
39067,Harrison County,OH,3/15/2026 12:00,0.06718912947292531,0.053163382513447106,0.03338996438442535,0.005721809339519353
39067,Harrison County,OH,3/15/2026 13:00,0.06412584362922645,0.050872286632555434,0.028648869332006614,0.005731965098937892
39067,Harrison County,OH,3/15/2026 14:00,0.06459406164347098,0.047258692942509783,0.02681743468323373,0.005604678584883457
39067,Harrison County,OH,3/15/2026 15:00,0.06251656367507698,0.04148206820023008,0.024257260092062742,0.004492226267043035
39067,Harrison County,OH,3/15/2026 16:00,0.06148476695497263,0.04017367082657437,0.0178577645192325,0.002961666865570827
39067,Harrison County,OH,3/15/2026 17:00,0.061515848599959184,0.03997314695259755,0.016002616232556856,0.002833912403027092
39067,Harrison County,OH,3/15/2026 18:00,0.04311134373604798,0.0375066952348538,0.01079929446630604,0.0012684965807546454
39067,Harrison County,OH,3/15/2026 19:00,0.03320106067487092,0.03635672633483293,0.009645603381876686,0.0
39067,Harrison County,OH,3/15/2026 20:00,0.03400812234655288,0.0359613217040424,0.009244580591298372,0.0
39067,Harrison County,OH,3/15/2026 21:00,0.03350560462296045,0.036186152249151136,0.006924247215329362,0.0
39067,Harrison County,OH,3/15/2026 22:00,0.03546864018793793,0.03676262491628078,0.007888691438553024,0.0
39067,Harrison County,OH,3/15/2026 23:00,0.033628349933981595,0.03569326019963581,0.007231243952565061,0.0
39067,Harrison County,OH,3/16/2026 0:00,0.03619165543740003,0.03686847336832734,0.007279067994625803,0.0
39067,Harrison County,OH,3/16/2026 1:00,0.035875217485481226,0.03776140513207472,0.008856307602974714,0.0
39067,Harrison County,OH,3/16/2026 2:00,0.03175755469998715,0.03774738079836378,0.008646687191726702,0.0
39067,Harrison County,OH,3/16/2026 3:00,0.032085820387910344,0.03804159329817424,0.008388087134436433,0.0
39067,Harrison County,OH,3/16/2026 4:00,0.03249524246603218,0.037536727394672405,0.007988788364737298,0.0
39067,Harrison County,OH,3/16/2026 5:00,0.03712589382703491,0.037934568656801296,0.007752452703905625,0.0
39067,Harrison County,OH,3/16/2026 6:00,0.033365202756229936,0.03418907556432257,0.007459880025121882,0.0
39067,Harrison County,OH,3/16/2026 7:00,0.040016785324298164,0.0324586234208,0.006983933158206259,0.0
39067,Harrison County,OH,3/16/2026 8:00,0.03645126722105245,0.02830291999641731,0.00692771681909463,0.0
39067,Harrison County,OH,3/16/2026 9:00,0.040452869061845025,0.01951627008160672,0.007475536934327255,0.0
39067,Harrison County,OH,3/16/2026 10:00,0.03837880947907953,0.015655450658177805,0.0070554826948752095,0.0
39067,Harrison County,OH,3/16/2026 11:00,0.033883864662322065,0.013309029047137141,0.0033353473501344546,0.00444656508926434
39067,Harrison County,OH,3/16/2026 12:00,0.02849730806034992,0.011273876156613532,0.0036690927160565397,0.0011966955874323606
39067,Harrison County,OH,3/16/2026 13:00,0.024828629194718246,0.01005365048058064,0.0047203812394376885,0.0027410707120573514
39067,Harrison County,OH,3/16/2026 14:00,0.021836691309319776,0.009169553468282021,0.005528450800300081,0.0013977632824858264
39067,Harrison County,OH,3/16/2026 15:00,0.014780895555305503,0.007785071626422385,0.003436193275926815,0.0
39067,Harrison County,OH,3/16/2026 16:00,0.013762087576657681,0.008841440160336235,0.0031814849110023283,0.0
39067,Harrison County,OH,3/16/2026 17:00,0.0085639350957006,0.007053388500457567,0.0,0.0
39067,Harrison County,OH,3/16/2026 18:00,0.009001076722457979,0.006450621026018684,0.0,0.0
39067,Harrison County,OH,3/16/2026 19:00,0.008115231160415985,0.006462423915849749,0.0,0.0
39067,Harrison County,OH,3/16/2026 20:00,0.007143900275660423,0.005226917786655522,0.0,0.0
39067,Harrison County,OH,3/16/2026 21:00,0.007863230987683718,0.005508035132968919,0.0,0.0
39067,Harrison County,OH,3/16/2026 22:00,0.0065880209409758875,0.005847245170994183,0.0012305232877268032,0.0
39067,Harrison County,OH,3/16/2026 23:00,0.0055228034057936,0.0032448479113913265,0.001325620606274888,0.0
39067,Harrison County,OH,3/17/2026 0:00,0.006358769927435538,0.0025267977163622194,0.0014932541806047038,0.0
39067,Harrison County,OH,3/17/2026 1:00,0.005238108989670709,0.003698317174493678,0.0015236198646677809,0.0
39067,Harrison County,OH,3/17/2026 2:00,0.005758821415674749,0.0038627233709622173,0.0014462505235205416,0.0
39067,Harrison County,OH,3/17/2026 3:00,0.00984356143755114,0.0033885091058782064,0.0015691242967441174,0.0
39067,Harrison County,OH,3/17/2026 4:00,0.006377709210258731,0.004324055310236605,0.001996024266989629,0.0
39067,Harrison County,OH,3/17/2026 5:00,0.005595910335172573,0.0037072308444191823,0.002696372614585426,0.0
39067,Harrison County,OH,3/17/2026 6:00,0.00497819253505011,0.0035326148108915274,0.0035024284872300607,0.0
39067,Harrison County,OH,3/17/2026 7:00,0.006796218066204222,0.0035216993559456494,0.0019691009269774107,0.0
39067,Harrison County,OH,3/17/2026 8:00,0.0061647696370981196,0.001624048957126006,0.00178564002761161,0.0
39067,Harrison County,OH,3/17/2026 9:00,0.005932351576360589,0.001184937464841531,0.002787546780078221,0.0
39067,Harrison County,OH,3/17/2026 10:00,0.004343757494300398,0.001102075432368257,0.0028110893458785724,0.0
39067,Harrison County,OH,3/17/2026 11:00,0.004496746663982229,0.0,0.004235160960540937,0.0
39067,Harrison County,OH,3/17/2026 12:00,0.005222314925837914,0.0023403786681511934,0.00330247832987076,0.0
39067,Harrison County,OH,3/17/2026 13:00,0.005204406494025434,0.0010311642684808723,0.0032553610269844525,0.0
39067,Harrison County,OH,3/17/2026 14:00,0.004353255259720913,0.0012444858268637223,0.0021194255352917015,0.0
39067,Harrison County,OH,3/17/2026 15:00,0.004630147906005441,0.001768127303957799,0.002203857778571013,0.0
39067,Harrison County,OH,3/17/2026 16:00,0.00320822077997773,0.0017943945947051744,0.0025738360215492085,0.0
39067,Harrison County,OH,3/17/2026 17:00,0.004535768039707332,0.0010991202571104782,0.0013029105069942567,0.0
39067,Harrison County,OH,3/17/2026 18:00,0.0030822955544718748,0.0016058158901340663,0.0,0.0
39067,Harrison County,OH,3/17/2026 19:00,0.002580247997052067,0.0016893190680545705,0.0014569727994878992,0.0
39067,Harrison County,OH,3/17/2026 20:00,0.0,0.0016652776033858397,0.0025163212065587265,0.0
39067,Harrison County,OH,3/17/2026 21:00,0.0016832799575457343,0.0023057864494719143,0.0014358134520623077,0.0
39067,Harrison County,OH,3/17/2026 22:00,0.0,0.002291915562217329,0.0014510980380339396,0.0
39067,Harrison County,OH,3/17/2026 23:00,0.0,0.001882967498048749,0.001397404048656998,0.0
39067,Harrison County,OH,3/18/2026 0:00,0.0,0.0018918928813450556,0.0,
39067,Harrison County,OH,3/18/2026 1:00,0.0018245288010987069,0.0016800144502739762,0.0,
39067,Harrison County,OH,3/18/2026 2:00,0.0,0.0018967786061558937,0.0,
39067,Harrison County,OH,3/18/2026 3:00,0.0010497562400251588,0.004993243439286743,0.0,
39067,Harrison County,OH,3/18/2026 4:00,0.0010858172027812339,0.0029240239026525157,0.0,
39067,Harrison County,OH,3/18/2026 5:00,0.0010412319059844635,0.003181727555216335,0.0,
39067,Harrison County,OH,3/18/2026 6:00,0.0010451319873034596,0.004473777447238109,0.0,
39067,Harrison County,OH,3/18/2026 7:00,0.0010991392479087574,0.0037929758692428874,0.0,
39067,Harrison County,OH,3/18/2026 8:00,0.0021791681775209654,0.002140790410525415,0.0012085501253289554,
39067,Harrison County,OH,3/18/2026 9:00,0.002815283585402624,0.001660106411980394,0.0012322993207205411,
39067,Harrison County,OH,3/18/2026 10:00,0.003917212760932066,0.0020600357857233466,0.0012590969406066446,
39067,Harrison County,OH,3/18/2026 11:00,0.0040414950346218705,0.0020954883419175086,0.0016427963798428878,
39067,Harrison County,OH,3/18/2026 12:00,0.0029868276283747707,0.0013362292576373726,0.001785061492403149,
39067,Harrison County,OH,3/18/2026 13:00,0.0030927804609823966,0.001320869738776333,0.0019552828077292156,
39067,Harrison County,OH,3/18/2026 14:00,0.00323526503494651,0.0013607439950571,0.0011094782987881727,
39067,Harrison County,OH,3/18/2026 15:00,0.004737542374219392,0.0012512865836447002,0.0011439165062144087,
39067,Harrison County,OH,3/18/2026 16:00,0.001836029143348334,0.0012512865836447002,0.0011815801955183365,
39067,Harrison County,OH,3/18/2026 17:00,0.003416722032476379,0.0012074231167647246,0.0011641577797373232,
39067,Harrison County,OH,3/18/2026 18:00,0.0022637851202631084,0.0012760018878557303,0.0011293445572093902,
39067,Harrison County,OH,3/18/2026 19:00,0.0017117252165706795,0.001270590635585612,0.0014515874961694999,
39067,Harrison County,OH,3/18/2026 20:00,0.002488158836520456,0.0012903539092463706,0.0018547495088745312,
39067,Harrison County,OH,3/18/2026 21:00,0.0012712990415259123,0.0015771104866636751,0.0018543725774708539,
39067,Harrison County,OH,3/18/2026 22:00,0.001308537917591097,0.0012202161686758186,0.0010310208339747247,
39067,Harrison County,OH,3/18/2026 23:00,0.0013394420656833797,0.0013020421161927776,0.0010270211485297893,
39067,Harrison County,OH,3/19/2026 0:00,0.0024344308328023588,0.001543633669436668,,
39067,Harrison County,OH,3/19/2026 1:00,0.0012405653760974443,0.0015424629660260563,,
39067,Harrison County,OH,3/19/2026 2:00,0.0013306533446444432,0.0015356651820628033,,
39067,Harrison County,OH,3/19/2026 3:00,0.0012909579644234525,0.0015433457775473447,,
39067,Harrison County,OH,3/19/2026 4:00,0.001276708311729044,0.001548757029817463,,
39067,Harrison County,OH,3/19/2026 5:00,0.002409983904123395,0.0015613493514272912,,
39067,Harrison County,OH,3/19/2026 6:00,0.0013562181551779455,0.0015974023684470113,,
39067,Harrison County,OH,3/19/2026 7:00,0.0014775503915564487,0.0012881948387493808,,
39067,Harrison County,OH,3/19/2026 8:00,0.001503110008225269,0.0012743775899882479,,
39067,Harrison County,OH,3/19/2026 9:00,0.001564304738793329,0.0012657058864238952,,
39067,Harrison County,OH,3/19/2026 10:00,0.0014677410602703346,0.0013260301467472454,,
39067,Harrison County,OH,3/19/2026 11:00,0.0013288922367045211,0.0012617040089539634,,
39067,Harrison County,OH,3/19/2026 12:00,0.002888160554972216,0.0012467051643389683,,
39067,Harrison County,OH,3/19/2026 13:00,0.0014552697861084278,0.0013071098656629876,,
39067,Harrison County,OH,3/19/2026 14:00,0.0014797775522944318,0.0012917715595580034,,
39067,Harrison County,OH,3/19/2026 15:00,0.0014753956054835817,0.0013126318009145303,,
39067,Harrison County,OH,3/19/2026 16:00,0.0018047218158294958,0.0012956694560164348,,
39067,Harrison County,OH,3/19/2026 17:00,0.001505337168963252,0.0013126318009145303,,
39067,Harrison County,OH,3/19/2026 18:00,0.002533843483064898,,,
39067,Harrison County,OH,3/19/2026 19:00,0.0018222009260802832,,,
39067,Harrison County,OH,3/19/2026 20:00,0.0013492810718319834,,,
39067,Harrison County,OH,3/19/2026 21:00,0.0025085006235022623,,,
39067,Harrison County,OH,3/19/2026 22:00,0.00165569632634247,,,
39067,Harrison County,OH,3/19/2026 23:00,,,,
39071,Highland County,OH,3/14/2026 0:00,0.0014079408680979402,0.0031009141230783147,0.0,0.003624172388034256
39071,Highland County,OH,3/14/2026 1:00,0.0014042211969055424,0.002062906203417424,0.0,0.00341555760979038
39071,Highland County,OH,3/14/2026 2:00,0.00144254754412781,0.0015415025946438467,0.0,0.004069723918282819
39071,Highland County,OH,3/14/2026 3:00,0.0013493544660155815,0.0013785606405356497,0.0,0.003902657120769826
39071,Highland County,OH,3/14/2026 4:00,0.0012440126615310449,0.0,0.0,0.0026825720364943963
39071,Highland County,OH,3/14/2026 5:00,0.0018840020963380316,0.001009842300718802,0.0,0.0036274202288081913
39071,Highland County,OH,3/14/2026 6:00,0.0014997971938125198,0.0012582866899971466,0.0,0.004079758425533727
39071,Highland County,OH,3/14/2026 7:00,0.0014204331075950254,0.0015644278065515445,0.0,0.0037320521222499684
39071,Highland County,OH,3/14/2026 8:00,0.0017077245433678497,0.0,0.0,0.00222665371220371
39071,Highland County,OH,3/14/2026 9:00,0.0012144683590620325,0.0,0.0,0.0038486349341603993
39071,Highland County,OH,3/14/2026 10:00,0.001151083690625748,0.0,0.0,0.0035175397967261443
39071,Highland County,OH,3/14/2026 11:00,0.001331221799843376,0.0,0.002657677537607639,0.003543659302192433
39071,Highland County,OH,3/14/2026 12:00,0.0013616469776403014,0.0,0.0033292921185528405,0.0024405154517397483
39071,Highland County,OH,3/14/2026 13:00,0.0014247096757382986,0.0,0.007102400459045369,0.0012862049255529858
39071,Highland County,OH,3/14/2026 14:00,0.001256737702181001,0.0,0.0075183368032950264,0.0012983335985170849
39071,Highland County,OH,3/14/2026 15:00,0.0017157024700065362,0.0,0.0077191807711011,0.0
39071,Highland County,OH,3/14/2026 16:00,0.0016757978086863775,0.0,0.006793171608339464,0.0
39071,Highland County,OH,3/14/2026 17:00,0.00141675451852164,0.0,0.006797050029194407,0.0
39071,Highland County,OH,3/14/2026 18:00,0.0010391688767996572,0.0,0.0047503039940656406,0.0
39071,Highland County,OH,3/14/2026 19:00,0.0,0.0,0.004893224489695306,0.0
39071,Highland County,OH,3/14/2026 20:00,0.0,0.0,0.004630768968554201,0.0
39071,Highland County,OH,3/14/2026 21:00,0.0,0.0,0.004142119098399725,0.0
39071,Highland County,OH,3/14/2026 22:00,0.0,0.0,0.004778785883266611,0.0
39071,Highland County,OH,3/14/2026 23:00,0.0,0.0,0.004441262229336515,0.0
39071,Highland County,OH,3/15/2026 0:00,0.0,0.0,0.0038256929228994542,0.0
39071,Highland County,OH,3/15/2026 1:00,0.0,0.0,0.0037860593698649434,0.0
39071,Highland County,OH,3/15/2026 2:00,0.0,0.0,0.005203266890602643,0.0
39071,Highland County,OH,3/15/2026 3:00,0.0,0.0,0.0028494294560836744,0.0
39071,Highland County,OH,3/15/2026 4:00,0.0,0.0,0.0028792858701982625,0.0
39071,Highland County,OH,3/15/2026 5:00,0.0,0.0014247346623024154,0.0023163118751915964,0.0
39071,Highland County,OH,3/15/2026 6:00,0.0,0.003731979476847595,0.0024927265372986156,0.0
39071,Highland County,OH,3/15/2026 7:00,0.0,0.006022774254072495,0.0022184748580158457,0.0
39071,Highland County,OH,3/15/2026 8:00,0.0,0.0062529040247047375,0.0022191348827006164,0.0
39071,Highland County,OH,3/15/2026 9:00,0.0,0.0068396997412072,0.0013648850514083716,0.0
39071,Highland County,OH,3/15/2026 10:00,0.0016390364014104012,0.006788335663929967,0.0,0.0
39071,Highland County,OH,3/15/2026 11:00,0.0028363816464272206,0.007083748951684226,0.001230247437537707,0.0
39071,Highland County,OH,3/15/2026 12:00,0.0047364565229038365,0.00489749290239432,0.0011327455512749316,0.0
39071,Highland County,OH,3/15/2026 13:00,0.008089007044288494,0.00432173997579928,0.001199664624968973,0.0
39071,Highland County,OH,3/15/2026 14:00,0.009543351287014798,0.0031392063237844097,0.0,0.0
39071,Highland County,OH,3/15/2026 15:00,0.011006767197237508,0.0026189508353572383,0.0,0.0
39071,Highland County,OH,3/15/2026 16:00,0.00722517644519833,0.004754063068693622,0.0,0.0
39071,Highland County,OH,3/15/2026 17:00,0.004418906361596717,0.0023251164896515514,0.0,0.0
39071,Highland County,OH,3/15/2026 18:00,0.004101791803841253,0.0027688746220423757,0.0,0.0
39071,Highland County,OH,3/15/2026 19:00,0.0035805070548794414,0.0016112255048735407,0.0,0.0
39071,Highland County,OH,3/15/2026 20:00,0.0019274552851218094,0.0018275772574397893,0.0012408371417092579,0.0
39071,Highland County,OH,3/15/2026 21:00,0.0012720131216549886,0.002532126823744758,0.0017921705200346387,0.0
39071,Highland County,OH,3/15/2026 22:00,0.0012279192135382683,0.0025556887459592657,0.001619337545791928,0.0
39071,Highland County,OH,3/15/2026 23:00,0.0016005443437317973,0.0035729040154451885,0.0012964494820141036,0.0
39071,Highland County,OH,3/16/2026 0:00,0.0,0.004200960475410435,0.0,0.0
39071,Highland County,OH,3/16/2026 1:00,0.0026680425713409934,0.0028637101020995534,0.0,0.0
39071,Highland County,OH,3/16/2026 2:00,0.002117767558676305,0.0035058984268421045,0.0,0.0
39071,Highland County,OH,3/16/2026 3:00,0.0029625439230251916,0.0027259453467094563,0.0,0.0
39071,Highland County,OH,3/16/2026 4:00,0.005869220228815233,0.0026092602642110276,0.0,0.0
39071,Highland County,OH,3/16/2026 5:00,0.005091501582402379,0.0028165228710464872,0.0,0.0
39071,Highland County,OH,3/16/2026 6:00,0.005352404316760678,0.002907214698885589,0.0,0.0
39071,Highland County,OH,3/16/2026 7:00,0.003842782393284088,0.0013693276982865911,0.0,0.0
39071,Highland County,OH,3/16/2026 8:00,0.005086901258258735,0.002967697558147723,0.0,0.0
39071,Highland County,OH,3/16/2026 9:00,0.0025594296987137464,0.0018162458797299098,0.0,0.0
39071,Highland County,OH,3/16/2026 10:00,0.002471234604947396,0.002091831695965028,0.0,0.0
39071,Highland County,OH,3/16/2026 11:00,0.001978048264840322,0.0013686363527304235,0.0,0.0
39071,Highland County,OH,3/16/2026 12:00,0.001973142422884711,0.0019215024512725478,0.0,0.0
39071,Highland County,OH,3/16/2026 13:00,0.0010243865209219772,0.0020642562776791345,0.0,0.0
39071,Highland County,OH,3/16/2026 14:00,0.0013877119143478895,0.002092737910382944,0.0,0.0
39071,Highland County,OH,3/16/2026 15:00,0.001367086925592839,0.0017956973551984364,0.0,0.0
39071,Highland County,OH,3/16/2026 16:00,0.002084995530769793,0.0018359048013950404,0.0,0.0
39071,Highland County,OH,3/16/2026 17:00,0.0011741813879480466,0.0021918445202426255,0.0,0.0
39071,Highland County,OH,3/16/2026 18:00,0.0,0.0010939547659424456,0.0,0.0
39071,Highland County,OH,3/16/2026 19:00,0.0,0.0015442857568991196,0.0,0.0
39071,Highland County,OH,3/16/2026 20:00,0.0,0.0015262717727067203,0.0,0.0
39071,Highland County,OH,3/16/2026 21:00,0.0,0.0011397885932776229,0.0,0.0
39071,Highland County,OH,3/16/2026 22:00,0.0013613361289481552,0.0,0.0,0.0
39071,Highland County,OH,3/16/2026 23:00,0.001170706831745836,0.0,0.0,0.0
39071,Highland County,OH,3/17/2026 0:00,0.0,0.0,0.0,0.0
39071,Highland County,OH,3/17/2026 1:00,0.0,0.0010993002701732337,0.0,0.0
39071,Highland County,OH,3/17/2026 2:00,0.0,0.0,0.0,0.0
39071,Highland County,OH,3/17/2026 3:00,0.0010824562004541126,0.0,0.0,0.0
39071,Highland County,OH,3/17/2026 4:00,0.0010674090760266072,0.0,0.0,0.0
39071,Highland County,OH,3/17/2026 5:00,0.0,0.0,0.0,0.0
39071,Highland County,OH,3/17/2026 6:00,0.0,0.0,0.0,0.0
39071,Highland County,OH,3/17/2026 7:00,0.0,0.0,0.0,0.0
39071,Highland County,OH,3/17/2026 8:00,0.0,0.0,0.0,0.0
39071,Highland County,OH,3/17/2026 9:00,0.0,0.0,0.0,0.0
39071,Highland County,OH,3/17/2026 10:00,0.0,0.0,0.0,0.0
39071,Highland County,OH,3/17/2026 11:00,0.0,0.0,0.0,0.0
39071,Highland County,OH,3/17/2026 12:00,0.0,0.0,0.0,0.0
39071,Highland County,OH,3/17/2026 13:00,0.0,0.0,0.0,0.0
39071,Highland County,OH,3/17/2026 14:00,0.0,0.0,0.0,0.0
39071,Highland County,OH,3/17/2026 15:00,0.0,0.0,0.0,0.0
39071,Highland County,OH,3/17/2026 16:00,0.0,0.0,0.0,0.0
39071,Highland County,OH,3/17/2026 17:00,0.0,0.0,0.0,0.0
39071,Highland County,OH,3/17/2026 18:00,0.0,0.0,0.0,0.0
39071,Highland County,OH,3/17/2026 19:00,0.0,0.0,0.0,0.0
39071,Highland County,OH,3/17/2026 20:00,0.0,0.0,0.0,0.0
39071,Highland County,OH,3/17/2026 21:00,0.0,0.0,0.0,0.0
39071,Highland County,OH,3/17/2026 22:00,0.0,0.0,0.0,0.0
39071,Highland County,OH,3/17/2026 23:00,0.0,0.0,0.0,0.0
39071,Highland County,OH,3/18/2026 0:00,0.0,0.0,0.0,
39071,Highland County,OH,3/18/2026 1:00,0.0,0.0,0.0,
39071,Highland County,OH,3/18/2026 2:00,0.0,0.0,0.0,
39071,Highland County,OH,3/18/2026 3:00,0.0,0.0,0.0,
39071,Highland County,OH,3/18/2026 4:00,0.0,0.0,0.0,
39071,Highland County,OH,3/18/2026 5:00,0.0,0.0,0.0,
39071,Highland County,OH,3/18/2026 6:00,0.0,0.0,0.0,
39071,Highland County,OH,3/18/2026 7:00,0.0,0.0,0.0,
39071,Highland County,OH,3/18/2026 8:00,0.0,0.0,0.0,
39071,Highland County,OH,3/18/2026 9:00,0.0,0.0,0.0,
39071,Highland County,OH,3/18/2026 10:00,0.0,0.0,0.0,
39071,Highland County,OH,3/18/2026 11:00,0.0,0.0,0.0,
39071,Highland County,OH,3/18/2026 12:00,0.0,0.0,0.0,
39071,Highland County,OH,3/18/2026 13:00,0.0,0.0,0.0,
39071,Highland County,OH,3/18/2026 14:00,0.0,0.0,0.0,
39071,Highland County,OH,3/18/2026 15:00,0.0,0.0,0.0,
39071,Highland County,OH,3/18/2026 16:00,0.0,0.0,0.0,
39071,Highland County,OH,3/18/2026 17:00,0.0,0.0,0.0,
39071,Highland County,OH,3/18/2026 18:00,0.0,0.0,0.0,
39071,Highland County,OH,3/18/2026 19:00,0.0,0.0,0.0,
39071,Highland County,OH,3/18/2026 20:00,0.0,0.0,0.0,
39071,Highland County,OH,3/18/2026 21:00,0.0,0.0,0.0,
39071,Highland County,OH,3/18/2026 22:00,0.0,0.0,0.0,
39071,Highland County,OH,3/18/2026 23:00,0.0,0.0,0.0,
39071,Highland County,OH,3/19/2026 0:00,0.0,0.0,,
39071,Highland County,OH,3/19/2026 1:00,0.0,0.0,,
39071,Highland County,OH,3/19/2026 2:00,0.0,0.0,,
39071,Highland County,OH,3/19/2026 3:00,0.0,0.0,,
39071,Highland County,OH,3/19/2026 4:00,0.0,0.0,,
39071,Highland County,OH,3/19/2026 5:00,0.0,0.0,,
39071,Highland County,OH,3/19/2026 6:00,0.0,0.0,,
39071,Highland County,OH,3/19/2026 7:00,0.0,0.0,,
39071,Highland County,OH,3/19/2026 8:00,0.0,0.0,,
39071,Highland County,OH,3/19/2026 9:00,0.0,0.0,,
39071,Highland County,OH,3/19/2026 10:00,0.0,0.0,,
39071,Highland County,OH,3/19/2026 11:00,0.0,0.0,,
39071,Highland County,OH,3/19/2026 12:00,0.0,0.0,,
39071,Highland County,OH,3/19/2026 13:00,0.0,0.0,,
39071,Highland County,OH,3/19/2026 14:00,0.0,0.0,,
39071,Highland County,OH,3/19/2026 15:00,0.0,0.0,,
39071,Highland County,OH,3/19/2026 16:00,0.0,0.0,,
39071,Highland County,OH,3/19/2026 17:00,0.0,0.0,,
39071,Highland County,OH,3/19/2026 18:00,0.0,,,
39071,Highland County,OH,3/19/2026 19:00,0.0,,,
39071,Highland County,OH,3/19/2026 20:00,0.0,,,
39071,Highland County,OH,3/19/2026 21:00,0.0,,,
39071,Highland County,OH,3/19/2026 22:00,0.0,,,
39071,Highland County,OH,3/19/2026 23:00,,,,
39079,Jackson County,OH,3/14/2026 0:00,0.005334632061569099,0.002919704028359207,0.0,0.0024786674955384435
39079,Jackson County,OH,3/14/2026 1:00,0.00485086440294074,0.0025926497098001243,0.0,0.003454347783868528
39079,Jackson County,OH,3/14/2026 2:00,0.004633589544885271,0.0027576992612238027,0.0,0.003598946633037982
39079,Jackson County,OH,3/14/2026 3:00,0.004644883344186471,0.0036286794578216535,0.0,0.0038467154174953427
39079,Jackson County,OH,3/14/2026 4:00,0.004574043119573416,0.0023744004352366605,0.0,0.004251822717702157
39079,Jackson County,OH,3/14/2026 5:00,0.004132430254295159,0.002050738342463358,0.0,0.004247534077667201
39079,Jackson County,OH,3/14/2026 6:00,0.004474219820442107,0.0026946570805470335,0.0,0.004998741113590212
39079,Jackson County,OH,3/14/2026 7:00,0.003739698573332256,0.0015973222566270293,0.0,0.0046352693926167265
39079,Jackson County,OH,3/14/2026 8:00,0.003729716976548766,0.0013113479744291162,0.0,0.00422144604077472
39079,Jackson County,OH,3/14/2026 9:00,0.003233616234591443,0.001602947979573105,0.0,0.0068470607555112615
39079,Jackson County,OH,3/14/2026 10:00,0.003146249474946287,0.001076172900279508,0.0,0.006794888834795975
39079,Jackson County,OH,3/14/2026 11:00,0.003213744058510818,0.0,0.0016327586434114237,0.0048703323018610785
39079,Jackson County,OH,3/14/2026 12:00,0.002640479351785053,0.0,0.0013313398916492795,0.003921610078907286
39079,Jackson County,OH,3/14/2026 13:00,0.001585628311002015,0.0,0.0021314088171403966,0.0039880751514631075
39079,Jackson County,OH,3/14/2026 14:00,0.001219445999604575,0.0,0.0015940332131496849,0.003621604218750888
39079,Jackson County,OH,3/14/2026 15:00,0.0,0.0010707538944195302,0.0022875387294068413,0.0030211201415239874
39079,Jackson County,OH,3/14/2026 16:00,0.0,0.0,0.00340947778609236,0.002045136698359896
39079,Jackson County,OH,3/14/2026 17:00,0.0,0.0,0.002207961551928447,0.0019723939979523486
39079,Jackson County,OH,3/14/2026 18:00,0.0,0.0,0.0022227070250988123,0.0019041429887192713
39079,Jackson County,OH,3/14/2026 19:00,0.0,0.0,0.003520006649155163,0.0019498844215414353
39079,Jackson County,OH,3/14/2026 20:00,0.0,0.0,0.0033917437660871365,0.0016694072969512445
39079,Jackson County,OH,3/14/2026 21:00,0.0,0.0,0.0013782408489653557,0.001669007266462563
39079,Jackson County,OH,3/14/2026 22:00,0.0,0.0,0.0,0.0018053566912018947
39079,Jackson County,OH,3/14/2026 23:00,0.0,0.0,0.0,0.0020248846608932236
39079,Jackson County,OH,3/15/2026 0:00,0.0,0.0,0.0,0.001982718106171469
39079,Jackson County,OH,3/15/2026 1:00,0.0,0.0,0.0,0.0019551722297106743
39079,Jackson County,OH,3/15/2026 2:00,0.0,0.0,0.0,0.0018327692207993629
39079,Jackson County,OH,3/15/2026 3:00,0.0,0.0,0.0,0.0016551364562654896
39079,Jackson County,OH,3/15/2026 4:00,0.0,0.0010478190457621813,0.00148832806656127,0.0014752363297259854
39079,Jackson County,OH,3/15/2026 5:00,0.0,0.001963727469346968,0.002581966115076331,0.0014621009948094798
39079,Jackson County,OH,3/15/2026 6:00,0.0,0.002531138373704788,0.0019972749658467865,0.0015201628903810812
39079,Jackson County,OH,3/15/2026 7:00,0.0,0.0023396958327344614,0.002189896729474811,0.001271715337007242
39079,Jackson County,OH,3/15/2026 8:00,0.0,0.0017552659770446815,0.004394785446320962,0.0014020439953537976
39079,Jackson County,OH,3/15/2026 9:00,0.0,0.00276533807240068,0.004675279493980141,0.001047967410581985
39079,Jackson County,OH,3/15/2026 10:00,0.0,0.0022083987514066573,0.003953425666486655,0.0
39079,Jackson County,OH,3/15/2026 11:00,0.0022573986313960772,0.0017706891412107115,0.00405979598461654,0.0
39079,Jackson County,OH,3/15/2026 12:00,0.0024293464516242746,0.0023841448437706752,0.0025642651318232798,0.0
39079,Jackson County,OH,3/15/2026 13:00,0.00271930319986723,0.002369801513084016,0.0024850772043466464,0.0
39079,Jackson County,OH,3/15/2026 14:00,0.0028982244199452314,0.0038662614268854976,0.0017783256153954864,0.0
39079,Jackson County,OH,3/15/2026 15:00,0.0031294611504235656,0.0022407276438323755,0.0012392143707323075,0.0
39079,Jackson County,OH,3/15/2026 16:00,0.0036920163986317966,0.0018721822787624003,0.0,0.0
39079,Jackson County,OH,3/15/2026 17:00,0.0025327083117495965,0.0010178638251994597,0.0,0.0
39079,Jackson County,OH,3/15/2026 18:00,0.002030571759194453,0.0013728434167767992,0.0010350153883538602,0.0
39079,Jackson County,OH,3/15/2026 19:00,0.002784917342940239,0.001444895836613255,0.0017473962848823606,0.0
39079,Jackson County,OH,3/15/2026 20:00,0.00258113266760452,0.0015766526668003547,0.0023021554725692565,0.0
39079,Jackson County,OH,3/15/2026 21:00,0.0022229583874152914,0.0,0.0025700900169849904,0.0
39079,Jackson County,OH,3/15/2026 22:00,0.0019061654981310798,0.0014114916037521236,0.004020170961806604,0.0
39079,Jackson County,OH,3/15/2026 23:00,0.0025665462152938993,0.003149589017470838,0.003041124672554845,0.0
39079,Jackson County,OH,3/16/2026 0:00,0.0015878030040990115,0.003444910680851465,0.0022282823541471012,0.0
39079,Jackson County,OH,3/16/2026 1:00,0.001290249661751561,0.004584963711647463,0.0027400077494119717,0.0
39079,Jackson County,OH,3/16/2026 2:00,0.0011868343140596209,0.0041428936990636715,0.002037271155942548,0.0
39079,Jackson County,OH,3/16/2026 3:00,0.0031241016133288593,0.0035672255628476997,0.002122254888408444,0.0
39079,Jackson County,OH,3/16/2026 4:00,0.0038408542736234185,0.0035290804527544377,0.0024116298257553133,0.0
39079,Jackson County,OH,3/16/2026 5:00,0.0027726682052821995,0.0033476901256132494,0.0018352779554239,0.0
39079,Jackson County,OH,3/16/2026 6:00,0.003138140952505005,0.0017737802663192188,0.002226750271332396,0.0
39079,Jackson County,OH,3/16/2026 7:00,0.005013551021720742,0.0020326677002983303,0.0013462877254032959,0.0
39079,Jackson County,OH,3/16/2026 8:00,0.004964294975558786,0.0022862937175415735,0.0013827995444191954,0.0
39079,Jackson County,OH,3/16/2026 9:00,0.004943164761427451,0.0021997422612414466,0.0010677951415198185,0.0
39079,Jackson County,OH,3/16/2026 10:00,0.004482010603398922,0.002054828980811829,0.0,0.0
39079,Jackson County,OH,3/16/2026 11:00,0.002719132679798928,0.0023739256090834627,0.0,0.0
39079,Jackson County,OH,3/16/2026 12:00,0.002972751768918861,0.0020990456060222913,0.0,0.0
39079,Jackson County,OH,3/16/2026 13:00,0.0027964137129065573,0.002005505596844671,0.0,0.0
39079,Jackson County,OH,3/16/2026 14:00,0.0026111253988604314,0.0021144896118969647,0.0,0.0
39079,Jackson County,OH,3/16/2026 15:00,0.002470552469180447,0.002060120433762805,0.0,0.0
39079,Jackson County,OH,3/16/2026 16:00,0.0022241317871197104,0.0019262164070743407,0.0,0.0
39079,Jackson County,OH,3/16/2026 17:00,0.0017655584688333454,0.002003283000595746,0.0,0.0
39079,Jackson County,OH,3/16/2026 18:00,0.002281008490641699,0.0018627046491240362,0.0,0.0
39079,Jackson County,OH,3/16/2026 19:00,0.0030463489320311297,0.001975701775501896,0.0,0.0
39079,Jackson County,OH,3/16/2026 20:00,0.0015024564125168081,0.0018647043114595435,0.0,0.0
39079,Jackson County,OH,3/16/2026 21:00,0.0020185012458662044,0.0031882884731946172,0.0,0.0
39079,Jackson County,OH,3/16/2026 22:00,0.0020913085286943215,0.00295427021068753,0.0,0.0
39079,Jackson County,OH,3/16/2026 23:00,0.0020270628424640114,0.0014795774305718815,0.0,0.0
39079,Jackson County,OH,3/17/2026 0:00,0.0016079204171274562,0.0,0.0,0.0
39079,Jackson County,OH,3/17/2026 1:00,0.0018898589034749232,0.0,0.0,0.0
39079,Jackson County,OH,3/17/2026 2:00,0.002946215509655074,0.0,0.0,0.0
39079,Jackson County,OH,3/17/2026 3:00,0.004168773730256786,0.0010279772757337642,0.0,0.0
39079,Jackson County,OH,3/17/2026 4:00,0.001706890435351184,0.0,0.0,0.0
39079,Jackson County,OH,3/17/2026 5:00,0.002135869936957683,0.0,0.0,0.0
39079,Jackson County,OH,3/17/2026 6:00,0.001901476737433651,0.0013012740824440646,0.0,0.0
39079,Jackson County,OH,3/17/2026 7:00,0.0019234614367736294,0.0012888551131185948,0.0,0.0
39079,Jackson County,OH,3/17/2026 8:00,0.0015388298887738,0.0,0.0,0.0
39079,Jackson County,OH,3/17/2026 9:00,0.0,0.0,0.0,0.0
39079,Jackson County,OH,3/17/2026 10:00,0.0013097881358607605,0.0,0.0,0.0
39079,Jackson County,OH,3/17/2026 11:00,0.001598746009844636,0.0,0.0010409450189442335,0.0
39079,Jackson County,OH,3/17/2026 12:00,0.0,0.0,0.0,0.0
39079,Jackson County,OH,3/17/2026 13:00,0.0,0.0,0.0,0.0
39079,Jackson County,OH,3/17/2026 14:00,0.0,0.0,0.0,0.0
39079,Jackson County,OH,3/17/2026 15:00,0.0,0.0,0.0,0.0
39079,Jackson County,OH,3/17/2026 16:00,0.0,0.0,0.0,0.0
39079,Jackson County,OH,3/17/2026 17:00,0.0,0.0,0.0,0.0
39079,Jackson County,OH,3/17/2026 18:00,0.0,0.0,0.0,0.0
39079,Jackson County,OH,3/17/2026 19:00,0.0,0.0,0.0,0.0
39079,Jackson County,OH,3/17/2026 20:00,0.0,0.0,0.0,0.0
39079,Jackson County,OH,3/17/2026 21:00,0.0,0.0,0.0,0.0
39079,Jackson County,OH,3/17/2026 22:00,0.0,0.0,0.0,0.0
39079,Jackson County,OH,3/17/2026 23:00,0.0,0.0,0.0,0.0
39079,Jackson County,OH,3/18/2026 0:00,0.0,0.0,0.0,
39079,Jackson County,OH,3/18/2026 1:00,0.0,0.0,0.0,
39079,Jackson County,OH,3/18/2026 2:00,0.0,0.0,0.0,
39079,Jackson County,OH,3/18/2026 3:00,0.0,0.0,0.0,
39079,Jackson County,OH,3/18/2026 4:00,0.0,0.0,0.0,
39079,Jackson County,OH,3/18/2026 5:00,0.0,0.0,0.0,
39079,Jackson County,OH,3/18/2026 6:00,0.0,0.0,0.0,
39079,Jackson County,OH,3/18/2026 7:00,0.0,0.0,0.0,
39079,Jackson County,OH,3/18/2026 8:00,0.0,0.0,0.0,
39079,Jackson County,OH,3/18/2026 9:00,0.0,0.0,0.0,
39079,Jackson County,OH,3/18/2026 10:00,0.0,0.0,0.0,
39079,Jackson County,OH,3/18/2026 11:00,0.0,0.0,0.0,
39079,Jackson County,OH,3/18/2026 12:00,0.0,0.0,0.0,
39079,Jackson County,OH,3/18/2026 13:00,0.0,0.0,0.0,
39079,Jackson County,OH,3/18/2026 14:00,0.0,0.0,0.0,
39079,Jackson County,OH,3/18/2026 15:00,0.0,0.0,0.0,
39079,Jackson County,OH,3/18/2026 16:00,0.0,0.0,0.0,
39079,Jackson County,OH,3/18/2026 17:00,0.0,0.0,0.0,
39079,Jackson County,OH,3/18/2026 18:00,0.0,0.0,0.0,
39079,Jackson County,OH,3/18/2026 19:00,0.0,0.0,0.0,
39079,Jackson County,OH,3/18/2026 20:00,0.0,0.0,0.0,
39079,Jackson County,OH,3/18/2026 21:00,0.0,0.0,0.0,
39079,Jackson County,OH,3/18/2026 22:00,0.0,0.0,0.0,
39079,Jackson County,OH,3/18/2026 23:00,0.0,0.0,0.0,
39079,Jackson County,OH,3/19/2026 0:00,0.0,0.0,,
39079,Jackson County,OH,3/19/2026 1:00,0.0,0.0,,
39079,Jackson County,OH,3/19/2026 2:00,0.0,0.0,,
39079,Jackson County,OH,3/19/2026 3:00,0.0,0.0,,
39079,Jackson County,OH,3/19/2026 4:00,0.0,0.0,,
39079,Jackson County,OH,3/19/2026 5:00,0.0,0.0,,
39079,Jackson County,OH,3/19/2026 6:00,0.0,0.0,,
39079,Jackson County,OH,3/19/2026 7:00,0.0,0.0,,
39079,Jackson County,OH,3/19/2026 8:00,0.0,0.0,,
39079,Jackson County,OH,3/19/2026 9:00,0.0,0.0,,
39079,Jackson County,OH,3/19/2026 10:00,0.0,0.0,,
39079,Jackson County,OH,3/19/2026 11:00,0.0,0.0,,
39079,Jackson County,OH,3/19/2026 12:00,0.0,0.0,,
39079,Jackson County,OH,3/19/2026 13:00,0.0,0.0,,
39079,Jackson County,OH,3/19/2026 14:00,0.0,0.0,,
39079,Jackson County,OH,3/19/2026 15:00,0.0,0.0,,
39079,Jackson County,OH,3/19/2026 16:00,0.0,0.0,,
39079,Jackson County,OH,3/19/2026 17:00,0.0,0.0,,
39079,Jackson County,OH,3/19/2026 18:00,0.0,,,
39079,Jackson County,OH,3/19/2026 19:00,0.0,,,
39079,Jackson County,OH,3/19/2026 20:00,0.0,,,
39079,Jackson County,OH,3/19/2026 21:00,0.0,,,
39079,Jackson County,OH,3/19/2026 22:00,0.0,,,
39079,Jackson County,OH,3/19/2026 23:00,,,,
39083,Knox County,OH,3/14/2026 0:00,0.22333053933858543,0.23275913489801034,0.10428501836639881,0.03938503686595769
39083,Knox County,OH,3/14/2026 1:00,0.22008633462915247,0.2269386672477333,0.10350356138450816,0.0394350875990386
39083,Knox County,OH,3/14/2026 2:00,0.21424643073450778,0.22680468166182782,0.10358683777630413,0.039367724494838
39083,Knox County,OH,3/14/2026 3:00,0.21447968501740503,0.214286140926909,0.10269043425942584,0.03933961222275818
39083,Knox County,OH,3/14/2026 4:00,0.21504055645879638,0.20839826238522421,0.10252458759164335,0.04100330705951689
39083,Knox County,OH,3/14/2026 5:00,0.21019475210969565,0.1960907691790454,0.1023485058477492,0.040222615335915986
39083,Knox County,OH,3/14/2026 6:00,0.2087198141287881,0.18804608098844097,0.09835564428422768,0.04136633258745688
39083,Knox County,OH,3/14/2026 7:00,0.20296594825759398,0.17858467827801724,0.10114910984758888,0.04105113413296163
39083,Knox County,OH,3/14/2026 8:00,0.20432104953792946,0.18091251892943583,0.10012063532840995,0.043277349165959725
39083,Knox County,OH,3/14/2026 9:00,0.19823979633623842,0.17563542957069364,0.09702767917058427,0.0414768354681504
39083,Knox County,OH,3/14/2026 10:00,0.19511690606075516,0.17198710395319058,0.09298384218488176,0.041007710890999124
39083,Knox County,OH,3/14/2026 11:00,0.18279616741636368,0.1739423653191205,0.0899645136370248,0.04057993652993388
39083,Knox County,OH,3/14/2026 12:00,0.17842882121833928,0.16133152748177787,0.08359878195128712,0.036928670309763455
39083,Knox County,OH,3/14/2026 13:00,0.1582883439295352,0.1405599556391094,0.0789125162445999,0.03398230481268409
39083,Knox County,OH,3/14/2026 14:00,0.14939333353069936,0.10847189685271064,0.06982615218225638,0.02983173717708089
39083,Knox County,OH,3/14/2026 15:00,0.14815164133999265,0.09977357555618926,0.07263188144303877,0.023846509593091203
39083,Knox County,OH,3/14/2026 16:00,0.14612170234670566,0.09594664425665059,0.07314548647419264,0.018386829264465443
39083,Knox County,OH,3/14/2026 17:00,0.14752291435964587,0.09460765350518668,0.07729206192625875,0.018908505455586404
39083,Knox County,OH,3/14/2026 18:00,0.13883728675426982,0.09425767326493278,0.07038817167592995,0.0184979933184937
39083,Knox County,OH,3/14/2026 19:00,0.10721409720069389,0.08980694613772615,0.06261125879822005,0.01669650264368865
39083,Knox County,OH,3/14/2026 20:00,0.10268254086922365,0.0865144843864681,0.04887176694856429,0.016665586973265843
39083,Knox County,OH,3/14/2026 21:00,0.09259878301072941,0.08422078309294152,0.04916430053309291,0.015332488227206006
39083,Knox County,OH,3/14/2026 22:00,0.09327955080272851,0.08748836988214476,0.04872056162532246,0.01454708627436977
39083,Knox County,OH,3/14/2026 23:00,0.091947457038757,0.08644336764264968,0.047329701697245395,0.014408153838423475
39083,Knox County,OH,3/15/2026 0:00,0.08576993587960895,0.08535153713849417,0.04736353369555469,0.01318832830331566
39083,Knox County,OH,3/15/2026 1:00,0.08626868780009748,0.08541933408117233,0.04713616331783981,0.013032755500179457
39083,Knox County,OH,3/15/2026 2:00,0.08576128894562021,0.08551826255772939,0.046924080919476696,0.012791067000669537
39083,Knox County,OH,3/15/2026 3:00,0.0860257608873242,0.08583750671972215,0.04783011916424975,0.009836052214787507
39083,Knox County,OH,3/15/2026 4:00,0.0843482862300441,0.08390358265858597,0.05102624057092566,0.009930490071470975
39083,Knox County,OH,3/15/2026 5:00,0.08295614141734844,0.07405690752088152,0.0511790146965293,0.008356835290480237
39083,Knox County,OH,3/15/2026 6:00,0.08309788540120812,0.07218297348094223,0.046225431015711874,0.008297813434162932
39083,Knox County,OH,3/15/2026 7:00,0.07843617188359511,0.0622391324781283,0.04670903956442073,0.008209582786284326
39083,Knox County,OH,3/15/2026 8:00,0.07626803336046852,0.06261170969356314,0.04321775182379629,0.007367282835254309
39083,Knox County,OH,3/15/2026 9:00,0.07299890539027139,0.06375804385620253,0.0435923745834451,0.007379324574369241
39083,Knox County,OH,3/15/2026 10:00,0.06814143120876208,0.06470896886009786,0.038943490132516176,0.0072651129004410704
39083,Knox County,OH,3/15/2026 11:00,0.0664809911709817,0.06300717139466282,0.0377347799613055,0.007165964806835052
39083,Knox County,OH,3/15/2026 12:00,0.06338568826806014,0.05562995171161183,0.03552064996418425,0.00719962777929114
39083,Knox County,OH,3/15/2026 13:00,0.0641663691578584,0.05183717293677945,0.030058533373930756,0.0072049297896179965
39083,Knox County,OH,3/15/2026 14:00,0.06345696063273451,0.0454954126296876,0.0276047671910257,0.007411632121441965
39083,Knox County,OH,3/15/2026 15:00,0.06312362086835133,0.04080964806418723,0.026666254917199542,0.004000284655266612
39083,Knox County,OH,3/15/2026 16:00,0.058239864665980044,0.03984303136526209,0.020359650896175946,0.0030910642461139167
39083,Knox County,OH,3/15/2026 17:00,0.058032302571258694,0.039557930659877186,0.018544351034754027,0.0030497390964759528
39083,Knox County,OH,3/15/2026 18:00,0.05368140573881794,0.04156922941585719,0.014949635838399122,0.003338932688238611
39083,Knox County,OH,3/15/2026 19:00,0.04517841171621417,0.03944568481581532,0.013787268324680175,0.001782051469340445
39083,Knox County,OH,3/15/2026 20:00,0.044603724828916905,0.04065152482564593,0.012271236673114576,0.0017626592289948203
39083,Knox County,OH,3/15/2026 21:00,0.04362476490652819,0.04179293206404984,0.012197046758705846,0.0017351965998905166
39083,Knox County,OH,3/15/2026 22:00,0.04447292773605449,0.04264390259368685,0.011305189154302578,0.0015793629002530112
39083,Knox County,OH,3/15/2026 23:00,0.04677802416326367,0.046704429276665314,0.010594532289331852,0.0019059103193666805
39083,Knox County,OH,3/16/2026 0:00,0.04475128406963846,0.04582520411573195,0.010652228997038257,0.0019059103193666805
39083,Knox County,OH,3/16/2026 1:00,0.04461585330390623,0.045129946085524744,0.010590903228734483,0.0017619957994515834
39083,Knox County,OH,3/16/2026 2:00,0.04494203930431347,0.04553185281487862,0.009202253961756992,0.00156494630964035
39083,Knox County,OH,3/16/2026 3:00,0.03861492715827225,0.04199488634973812,0.008135446602549824,0.0
39083,Knox County,OH,3/16/2026 4:00,0.042516160555466136,0.03809552811356485,0.008140748725452243,0.0
39083,Knox County,OH,3/16/2026 5:00,0.03956955045243519,0.03444595001835695,0.008471841506581326,0.0
39083,Knox County,OH,3/16/2026 6:00,0.03665356917095069,0.030826805474855164,0.008004445009117341,0.0
39083,Knox County,OH,3/16/2026 7:00,0.03500846175397794,0.029575044482406183,0.008163262380243574,0.0
39083,Knox County,OH,3/16/2026 8:00,0.035153225713099125,0.02890990633339528,0.008475332247671684,0.0
39083,Knox County,OH,3/16/2026 9:00,0.03433688329257435,0.02548006724942813,0.010127819700565604,0.0
39083,Knox County,OH,3/16/2026 10:00,0.033892447713997034,0.0203802570442621,0.00892733215361159,0.001345005483880008
39083,Knox County,OH,3/16/2026 11:00,0.027605704167399284,0.019959564277911106,0.007165801248472086,0.0
39083,Knox County,OH,3/16/2026 12:00,0.026677969083858943,0.018960726345334807,0.008860901778100144,0.0
39083,Knox County,OH,3/16/2026 13:00,0.0257658542220701,0.01790685685141856,0.008991658932865514,0.0
39083,Knox County,OH,3/16/2026 14:00,0.01833890889354792,0.017007864079623167,0.00720932098953989,0.0
39083,Knox County,OH,3/16/2026 15:00,0.01755982866200871,0.01596213234426774,0.009022777128343847,0.0
39083,Knox County,OH,3/16/2026 16:00,0.013992803200568857,0.013122177175032477,0.0070558528449410655,0.0
39083,Knox County,OH,3/16/2026 17:00,0.012201382004371063,0.012544999539916803,0.008750479385401662,0.0
39083,Knox County,OH,3/16/2026 18:00,0.012031075487541069,0.009120101472828903,0.006688882804262125,0.0
39083,Knox County,OH,3/16/2026 19:00,0.01219874743159807,0.009219487438877905,0.006744032521134698,0.0
39083,Knox County,OH,3/16/2026 20:00,0.012327814316794087,0.009201562129246825,0.006875755743047663,0.0
39083,Knox County,OH,3/16/2026 21:00,0.010851943465011313,0.009682923860878507,0.006689835517145792,0.0
39083,Knox County,OH,3/16/2026 22:00,0.010577900138819003,0.009577856822236799,0.0067447366120822186,0.0
39083,Knox County,OH,3/16/2026 23:00,0.009323708245541984,0.010341768759961052,0.006231859612128483,0.0
39083,Knox County,OH,3/17/2026 0:00,0.010153505389517717,0.010161950494124935,0.0062829481403476614,0.0
39083,Knox County,OH,3/17/2026 1:00,0.009812869116086476,0.01006243461744692,0.006300972608050375,0.0
39083,Knox County,OH,3/17/2026 2:00,0.00897763816041561,0.010548818653238376,0.0062283909615030485,0.0
39083,Knox County,OH,3/17/2026 3:00,0.008919514491468186,0.010481414609846201,0.006212191708352792,0.0
39083,Knox County,OH,3/17/2026 4:00,0.008499568360529612,0.00879323122720931,0.006197459340737871,0.0
39083,Knox County,OH,3/17/2026 5:00,0.009219794339402527,0.006439686585059178,0.003338158430238845,0.0
39083,Knox County,OH,3/17/2026 6:00,0.008188699735606104,0.006172852091466298,0.003331381839327402,0.0
39083,Knox County,OH,3/17/2026 7:00,0.007272655098977206,0.005910196257859582,0.0034524579262299906,0.0
39083,Knox County,OH,3/17/2026 8:00,0.007491523318543895,0.005961907476564628,0.0036770754559297234,0.0
39083,Knox County,OH,3/17/2026 9:00,0.00737447633849131,0.004845255882125129,0.003643378212085545,0.0
39083,Knox County,OH,3/17/2026 10:00,0.007380821345966063,0.004441841872040092,0.0034704684145216032,0.0
39083,Knox County,OH,3/17/2026 11:00,0.006866430582731807,0.004679061855942704,0.003431788004002398,0.0
39083,Knox County,OH,3/17/2026 12:00,0.006689775025766834,0.004092403988773488,0.003694926432249793,0.0
39083,Knox County,OH,3/17/2026 13:00,0.006545170703297561,0.003940495866171941,0.00359335737722889,0.0
39083,Knox County,OH,3/17/2026 14:00,0.006534492675146767,0.004024706109627642,0.0025064483518850615,0.0
39083,Knox County,OH,3/17/2026 15:00,0.005413570315434295,0.003866811481811701,0.002511004166836328,0.0
39083,Knox County,OH,3/17/2026 16:00,0.004759538420424232,0.0036083564430702984,0.0025134438573354897,0.0
39083,Knox County,OH,3/17/2026 17:00,0.004466653749169428,0.0023629920091350507,0.0028563064128308696,0.0
39083,Knox County,OH,3/17/2026 18:00,0.0043560856985443595,0.0020372926921973485,0.0024574704932572916,0.0
39083,Knox County,OH,3/17/2026 19:00,0.003905291495346736,0.0020268024875249374,0.002190559452734038,0.0
39083,Knox County,OH,3/17/2026 20:00,0.003937618391269669,0.0016803362187105618,0.0021882898947496255,0.0
39083,Knox County,OH,3/17/2026 21:00,0.003509239300537464,0.0016458494414960476,0.0021989868466687026,0.0
39083,Knox County,OH,3/17/2026 22:00,0.003540110857733142,0.0015865258894354553,0.0022278324989164176,0.0
39083,Knox County,OH,3/17/2026 23:00,0.003789306113008328,0.001881866742740684,0.0020732411892235647,0.0
39083,Knox County,OH,3/18/2026 0:00,0.0038162636940419496,0.001982268355230716,0.002047054728721811,
39083,Knox County,OH,3/18/2026 1:00,0.0038730190735127546,0.0020555054457840707,0.0020634420821893052,
39083,Knox County,OH,3/18/2026 2:00,0.003948492572239739,0.003073434773517885,0.0020836598362321194,
39083,Knox County,OH,3/18/2026 3:00,0.003922109370744531,0.006600395383121844,0.0021242637356917015,
39083,Knox County,OH,3/18/2026 4:00,0.003976496300623641,0.003078524115459202,0.002083550032272357,
39083,Knox County,OH,3/18/2026 5:00,0.004171402800695694,0.0019503549799118913,0.002118173204186388,
39083,Knox County,OH,3/18/2026 6:00,0.004172503499615936,0.003728873397307832,0.002148528051648164,
39083,Knox County,OH,3/18/2026 7:00,0.0041677277297454875,0.00221899641776065,0.0021407692928282073,
39083,Knox County,OH,3/18/2026 8:00,0.004169081017590014,0.0022039779282291266,0.002153730035935724,
39083,Knox County,OH,3/18/2026 9:00,0.004780707343995174,0.0024393446905278484,0.0021870580730282076,
39083,Knox County,OH,3/18/2026 10:00,0.004999554216844296,0.0024446958767803386,0.002156790178346759,
39083,Knox County,OH,3/18/2026 11:00,0.004545969274960521,0.0018717044760596525,0.002129641110000418,
39083,Knox County,OH,3/18/2026 12:00,0.004536125687973611,0.001974139245327032,0.0021336528685159,
39083,Knox County,OH,3/18/2026 13:00,0.004515332842720629,0.0021198301757813435,0.002124442574418623,
39083,Knox County,OH,3/18/2026 14:00,0.004226876182781501,0.002115739971193363,0.0021316266574623282,
39083,Knox County,OH,3/18/2026 15:00,0.004474101100427383,0.002142602401134737,0.002204604544083903,
39083,Knox County,OH,3/18/2026 16:00,0.0041267787648936,0.002061673970441099,0.0022335016443414007,
39083,Knox County,OH,3/18/2026 17:00,0.004038059064812434,0.0020843668136812685,0.002210881787120647,
39083,Knox County,OH,3/18/2026 18:00,0.004030926916588921,0.0021704813305570736,0.0021340913468210977,
39083,Knox County,OH,3/18/2026 19:00,0.0040437571920035,0.002172749001663454,0.0022215980608022833,
39083,Knox County,OH,3/18/2026 20:00,0.004084545245759237,0.0020713559697997453,0.0022051241053792146,
39083,Knox County,OH,3/18/2026 21:00,0.003995327124651606,0.0019485455445554596,0.0022032820028932434,
39083,Knox County,OH,3/18/2026 22:00,0.004044060675281511,0.0017983623625141229,0.0022419560509833493,
39083,Knox County,OH,3/18/2026 23:00,0.004060012121452159,0.0017915645785508698,0.00210695968249555,
39083,Knox County,OH,3/19/2026 0:00,0.004035502513375265,0.00197754100793046,,
39083,Knox County,OH,3/19/2026 1:00,0.004002683530407444,0.0019714619647280968,,
39083,Knox County,OH,3/19/2026 2:00,0.004069245515589068,0.001989750044163831,,
39083,Knox County,OH,3/19/2026 3:00,0.004172089942978326,0.001982952260200578,,
39083,Knox County,OH,3/19/2026 4:00,0.004235754998448283,0.002101851837932441,,
39083,Knox County,OH,3/19/2026 5:00,0.004020273843648913,0.0021335239576386147,,
39083,Knox County,OH,3/19/2026 6:00,0.004020273843648913,0.002104444498294431,,
39083,Knox County,OH,3/19/2026 7:00,0.004020273843648913,0.002037928270727327,,
39083,Knox County,OH,3/19/2026 8:00,0.004033165474653089,0.0019569348522049885,,
39083,Knox County,OH,3/19/2026 9:00,0.0040496234406580236,0.001972836393472796,,
39083,Knox County,OH,3/19/2026 10:00,0.004047961620820088,0.001884059180931617,,
39083,Knox County,OH,3/19/2026 11:00,0.004295756818145359,0.0018741794063066022,,
39083,Knox County,OH,3/19/2026 12:00,0.004246638684515158,0.0018688432628177533,,
39083,Knox County,OH,3/19/2026 13:00,0.004242320177668161,0.0021264865164332667,,
39083,Knox County,OH,3/19/2026 14:00,0.004291496646474039,0.0019311880120013096,,
39083,Knox County,OH,3/19/2026 15:00,0.0042589478816794715,0.002019108755077431,,
39083,Knox County,OH,3/19/2026 16:00,0.004230459342668025,0.0019411916184628518,,
39083,Knox County,OH,3/19/2026 17:00,0.004273717133974108,0.001942464580404443,,
39083,Knox County,OH,3/19/2026 18:00,0.004846128291569371,,,
39083,Knox County,OH,3/19/2026 19:00,0.004113322155651924,,,
39083,Knox County,OH,3/19/2026 20:00,0.004003258525806714,,,
39083,Knox County,OH,3/19/2026 21:00,0.004003258525806714,,,
39083,Knox County,OH,3/19/2026 22:00,0.004445302645323752,,,
39083,Knox County,OH,3/19/2026 23:00,,,,
42001,Adams County,PA,3/14/2026 0:00,0.00429885269474194,0.0025228739673291162,0.0010824566909006933,0.0
42001,Adams County,PA,3/14/2026 1:00,0.0038968494228199505,0.002407585050655262,0.0,0.0
42001,Adams County,PA,3/14/2026 2:00,0.0038515231564237177,0.001947513295365201,0.0016115469114736164,0.0
42001,Adams County,PA,3/14/2026 3:00,0.0037446411759550903,0.0021524245803392784,0.0016012338309318692,0.0
42001,Adams County,PA,3/14/2026 4:00,0.004097065693004908,0.0,0.0017803921273044526,0.0
42001,Adams County,PA,3/14/2026 5:00,0.0038996699156122615,0.0,0.0014062341194262258,0.0
42001,Adams County,PA,3/14/2026 6:00,0.0034610576700536064,0.0020153297750505903,0.0,0.0
42001,Adams County,PA,3/14/2026 7:00,0.004202900082228923,0.0017152303279620534,0.0,0.0
42001,Adams County,PA,3/14/2026 8:00,0.003511967293269209,0.0012824214786640955,0.0,0.0
42001,Adams County,PA,3/14/2026 9:00,0.002954472272397558,0.0011033566008698892,0.0013736754982225476,0.0
42001,Adams County,PA,3/14/2026 10:00,0.0030722087345815465,0.0,0.0,0.0
42001,Adams County,PA,3/14/2026 11:00,0.0026089126460973992,0.0,0.0,0.0
42001,Adams County,PA,3/14/2026 12:00,0.001895843925619942,0.0,0.0013744238038988176,0.0
42001,Adams County,PA,3/14/2026 13:00,0.001534279075141353,0.0,0.0013070184002740145,0.0
42001,Adams County,PA,3/14/2026 14:00,0.0012014436371330733,0.0,0.001613023444822559,0.0
42001,Adams County,PA,3/14/2026 15:00,0.0,0.0,0.0023989889041789374,0.0
42001,Adams County,PA,3/14/2026 16:00,0.0,0.0,0.0018227076688736433,0.0
42001,Adams County,PA,3/14/2026 17:00,0.0,0.0,0.001201509422981466,0.0
42001,Adams County,PA,3/14/2026 18:00,0.0,0.0,0.0,0.0011970305836058947
42001,Adams County,PA,3/14/2026 19:00,0.0,0.0,0.0,0.0019751249490237125
42001,Adams County,PA,3/14/2026 20:00,0.0,0.0,0.0,0.004701901872010833
42001,Adams County,PA,3/14/2026 21:00,0.0,0.0,0.0,0.004422459342013506
42001,Adams County,PA,3/14/2026 22:00,0.0,0.0,0.0,0.005772506936417408
42001,Adams County,PA,3/14/2026 23:00,0.0,0.0,0.0,0.005850777519791905
42001,Adams County,PA,3/15/2026 0:00,0.0,0.0,0.0,0.01415001920694311
42001,Adams County,PA,3/15/2026 1:00,0.0,0.0,0.0,0.01503588537650699
42001,Adams County,PA,3/15/2026 2:00,0.0,0.0,0.0,0.014232475155994219
42001,Adams County,PA,3/15/2026 3:00,0.0,0.0,0.0012392850287266657,0.013117970566447246
42001,Adams County,PA,3/15/2026 4:00,0.0,0.0,0.0019498077642998574,0.013109797771332424
42001,Adams County,PA,3/15/2026 5:00,0.0,0.0,0.0026286971021949644,0.01348200534561128
42001,Adams County,PA,3/15/2026 6:00,0.0,0.0010251549406933846,0.0020595144454922136,0.014972476457339325
42001,Adams County,PA,3/15/2026 7:00,0.0,0.0,0.00165320323436335,0.011758284300585337
42001,Adams County,PA,3/15/2026 8:00,0.0,0.0,0.0011869893828820419,0.00676784535573946
42001,Adams County,PA,3/15/2026 9:00,0.0,0.0,0.0,0.006688238099255108
42001,Adams County,PA,3/15/2026 10:00,0.0,0.0,0.0,0.005968164879657986
42001,Adams County,PA,3/15/2026 11:00,0.0,0.0,0.0,0.004527719630546284
42001,Adams County,PA,3/15/2026 12:00,0.0,0.0,0.0,0.0027303210539176216
42001,Adams County,PA,3/15/2026 13:00,0.0,0.0,0.0,0.002774568321772774
42001,Adams County,PA,3/15/2026 14:00,0.0,0.0,0.0,0.0022800637653183765
42001,Adams County,PA,3/15/2026 15:00,0.0,0.0,0.0,0.002006682180392068
42001,Adams County,PA,3/15/2026 16:00,0.0,0.0,0.0,0.0019265303302138782
42001,Adams County,PA,3/15/2026 17:00,0.0,0.0,0.0,0.002262132190274442
42001,Adams County,PA,3/15/2026 18:00,0.0,0.0,0.0,0.0018591968808336322
42001,Adams County,PA,3/15/2026 19:00,0.0,0.0,0.003060060030650987,0.001722033004042886
42001,Adams County,PA,3/15/2026 20:00,0.0,0.0,0.007134023860392028,0.0013622643413606164
42001,Adams County,PA,3/15/2026 21:00,0.0,0.0,0.007083244449732934,0.0
42001,Adams County,PA,3/15/2026 22:00,0.0,0.0,0.008764985032314574,0.0
42001,Adams County,PA,3/15/2026 23:00,0.0,0.0012165649095015043,0.010732621417783283,0.0
42001,Adams County,PA,3/16/2026 0:00,0.0,0.0014294832280547375,0.011018430991739069,0.0
42001,Adams County,PA,3/16/2026 1:00,0.0,0.0010307449410228472,0.010542091557347064,0.0
42001,Adams County,PA,3/16/2026 2:00,0.0,0.001104410802273854,0.009091829907542513,0.0
42001,Adams County,PA,3/16/2026 3:00,0.0011318609103141489,0.003138822496168315,0.009492767096501833,0.0
42001,Adams County,PA,3/16/2026 4:00,0.001432979729028977,0.00243909411383524,0.008512355517773162,0.0
42001,Adams County,PA,3/16/2026 5:00,0.0016367983099103386,0.0016942037749799095,0.007623965186704437,0.0
42001,Adams County,PA,3/16/2026 6:00,0.0012906046955211386,0.002562313968282785,0.0074713867989877,0.0
42001,Adams County,PA,3/16/2026 7:00,0.0017096754520547098,0.0038677751200938966,0.006138307155776628,0.0
42001,Adams County,PA,3/16/2026 8:00,0.0012044444678223254,0.0038880651687492676,0.006172219852371485,0.0
42001,Adams County,PA,3/16/2026 9:00,0.0,0.003993336765686364,0.00587557353718553,0.0
42001,Adams County,PA,3/16/2026 10:00,0.0014257904987753835,0.0041694565097958785,0.006357252096989798,0.0
42001,Adams County,PA,3/16/2026 11:00,0.0,0.003935857988929499,0.0058210806108296015,0.0
42001,Adams County,PA,3/16/2026 12:00,0.0011357287829278624,0.004812729099703612,0.004049376161305743,0.0
42001,Adams County,PA,3/16/2026 13:00,0.0,0.0058962841012484175,0.004270351918651289,0.0
42001,Adams County,PA,3/16/2026 14:00,0.0,0.009275918435068645,0.0037475010223589674,0.0
42001,Adams County,PA,3/16/2026 15:00,0.0,0.010813353494228597,0.003917960427000289,0.0
42001,Adams County,PA,3/16/2026 16:00,0.0010114431377327717,0.011502059479063556,0.0023622165692984065,0.0
42001,Adams County,PA,3/16/2026 17:00,0.0029433851005523505,0.011303551954576104,0.0023070276529387154,0.0
42001,Adams County,PA,3/16/2026 18:00,0.004803546306240924,0.012182290712154369,0.0031416066209319603,0.0
42001,Adams County,PA,3/16/2026 19:00,0.005964990676785217,0.009966740482347573,0.002334698726445297,0.0
42001,Adams County,PA,3/16/2026 20:00,0.008361817344758136,0.008686146017015364,0.0018642998646960568,0.0
42001,Adams County,PA,3/16/2026 21:00,0.007685284191479531,0.0074852522927214785,0.0,0.0
42001,Adams County,PA,3/16/2026 22:00,0.011835971161093696,0.00719869075568171,0.0,0.0
42001,Adams County,PA,3/16/2026 23:00,0.010698404997515159,0.0076925408093560365,0.0,0.0
42001,Adams County,PA,3/17/2026 0:00,0.009358814745616147,0.005558981813625098,0.0,0.0
42001,Adams County,PA,3/17/2026 1:00,0.007795389495191795,0.005912713212390489,0.0,0.0
42001,Adams County,PA,3/17/2026 2:00,0.006208239042480419,0.005198930230296744,0.0,0.0
42001,Adams County,PA,3/17/2026 3:00,0.005930951133954728,0.0032850166152949933,0.0,0.0
42001,Adams County,PA,3/17/2026 4:00,0.004995866773384706,0.002681467290815221,0.0,0.0
42001,Adams County,PA,3/17/2026 5:00,0.004526669239860344,0.0030070018232631495,0.0,0.0
42001,Adams County,PA,3/17/2026 6:00,0.004662294469130335,0.002119472427862016,0.0,0.0
42001,Adams County,PA,3/17/2026 7:00,0.003473313448236101,0.0010882871570556186,0.0,0.0
42001,Adams County,PA,3/17/2026 8:00,0.0036529025419392387,0.0011435869513889824,0.0,0.0
42001,Adams County,PA,3/17/2026 9:00,0.003320345288898985,0.0010026806031889876,0.0,0.0
42001,Adams County,PA,3/17/2026 10:00,0.0022654406530611764,0.0,0.0,0.0
42001,Adams County,PA,3/17/2026 11:00,0.0023123964966491745,0.0,0.0,0.0
42001,Adams County,PA,3/17/2026 12:00,0.0016500579687213134,0.0,0.0,0.0
42001,Adams County,PA,3/17/2026 13:00,0.001330539481834678,0.0,0.0,0.0
42001,Adams County,PA,3/17/2026 14:00,0.0015830457035065628,0.0,0.0,0.0
42001,Adams County,PA,3/17/2026 15:00,0.001319749831823501,0.0,0.0,0.0
42001,Adams County,PA,3/17/2026 16:00,0.0015504294845319524,0.0,0.0,0.0
42001,Adams County,PA,3/17/2026 17:00,0.0013764634375580253,0.0,0.0,0.0
42001,Adams County,PA,3/17/2026 18:00,0.0,0.0,0.0,0.0
42001,Adams County,PA,3/17/2026 19:00,0.001325707064956283,0.0,0.0,0.0
42001,Adams County,PA,3/17/2026 20:00,0.0,0.0,0.0,0.0
42001,Adams County,PA,3/17/2026 21:00,0.0015359169095980495,0.0,0.0,0.0
42001,Adams County,PA,3/17/2026 22:00,0.0012994535483946475,0.0,0.0,0.0
42001,Adams County,PA,3/17/2026 23:00,0.0,0.0,0.0,0.0
42001,Adams County,PA,3/18/2026 0:00,0.0,0.0,0.0,
42001,Adams County,PA,3/18/2026 1:00,0.0,0.0,0.0,
42001,Adams County,PA,3/18/2026 2:00,0.0,0.0,0.0,
42001,Adams County,PA,3/18/2026 3:00,0.0,0.0,0.0,
42001,Adams County,PA,3/18/2026 4:00,0.0,0.0,0.0,
42001,Adams County,PA,3/18/2026 5:00,0.0,0.0,0.0,
42001,Adams County,PA,3/18/2026 6:00,0.0,0.0,0.0,
42001,Adams County,PA,3/18/2026 7:00,0.0,0.0010905044869329397,0.0,
42001,Adams County,PA,3/18/2026 8:00,0.0,0.0,0.0,
42001,Adams County,PA,3/18/2026 9:00,0.0,0.0,0.0,
42001,Adams County,PA,3/18/2026 10:00,0.0,0.0,0.0,
42001,Adams County,PA,3/18/2026 11:00,0.0,0.0,0.0,
42001,Adams County,PA,3/18/2026 12:00,0.0,0.0,0.0,
42001,Adams County,PA,3/18/2026 13:00,0.0,0.0,0.0,
42001,Adams County,PA,3/18/2026 14:00,0.0,0.0,0.0,
42001,Adams County,PA,3/18/2026 15:00,0.0,0.0,0.0,
42001,Adams County,PA,3/18/2026 16:00,0.0,0.0,0.0,
42001,Adams County,PA,3/18/2026 17:00,0.0,0.0,0.0,
42001,Adams County,PA,3/18/2026 18:00,0.0,0.0,0.0,
42001,Adams County,PA,3/18/2026 19:00,0.0,0.0,0.0,
42001,Adams County,PA,3/18/2026 20:00,0.0,0.0,0.0,
42001,Adams County,PA,3/18/2026 21:00,0.0,0.0,0.0,
42001,Adams County,PA,3/18/2026 22:00,0.0,0.0,0.0,
42001,Adams County,PA,3/18/2026 23:00,0.0,0.0,0.0,
42001,Adams County,PA,3/19/2026 0:00,0.0,0.0,,
42001,Adams County,PA,3/19/2026 1:00,0.0,0.0,,
42001,Adams County,PA,3/19/2026 2:00,0.0,0.0,,
42001,Adams County,PA,3/19/2026 3:00,0.0,0.0,,
42001,Adams County,PA,3/19/2026 4:00,0.0,0.0,,
42001,Adams County,PA,3/19/2026 5:00,0.0,0.0,,
42001,Adams County,PA,3/19/2026 6:00,0.0,0.0,,
42001,Adams County,PA,3/19/2026 7:00,0.0,0.0,,
42001,Adams County,PA,3/19/2026 8:00,0.0,0.0,,
42001,Adams County,PA,3/19/2026 9:00,0.0,0.0,,
42001,Adams County,PA,3/19/2026 10:00,0.0,0.0,,
42001,Adams County,PA,3/19/2026 11:00,0.0,0.0,,
42001,Adams County,PA,3/19/2026 12:00,0.0,0.0,,
42001,Adams County,PA,3/19/2026 13:00,0.0,0.0,,
42001,Adams County,PA,3/19/2026 14:00,0.0,0.0,,
42001,Adams County,PA,3/19/2026 15:00,0.0,0.0,,
42001,Adams County,PA,3/19/2026 16:00,0.0,0.0,,
42001,Adams County,PA,3/19/2026 17:00,0.0,0.0,,
42001,Adams County,PA,3/19/2026 18:00,0.0,,,
42001,Adams County,PA,3/19/2026 19:00,0.0,,,
42001,Adams County,PA,3/19/2026 20:00,0.0,,,
42001,Adams County,PA,3/19/2026 21:00,0.0,,,
42001,Adams County,PA,3/19/2026 22:00,0.0,,,
42001,Adams County,PA,3/19/2026 23:00,,,,
42003,Allegheny County,PA,3/14/2026 0:00,0.12797288902167187,0.12088784830033608,0.03243131258634344,0.005769593004449168
42003,Allegheny County,PA,3/14/2026 1:00,0.12599602953999914,0.11734650479321614,0.031923273432034924,0.0056723120460821655
42003,Allegheny County,PA,3/14/2026 2:00,0.1234421428582502,0.11319471208677506,0.03144147478881208,0.005721910506575186
42003,Allegheny County,PA,3/14/2026 3:00,0.12213713443574428,0.11073122675810751,0.03153805555753127,0.005324086959716858
42003,Allegheny County,PA,3/14/2026 4:00,0.12011517259482898,0.10710751586072144,0.029524728376731972,0.005161601717332074
42003,Allegheny County,PA,3/14/2026 5:00,0.11665588739487351,0.10031788988855912,0.030387633888210083,0.0064581467103477595
42003,Allegheny County,PA,3/14/2026 6:00,0.11589103527478409,0.09328608088470393,0.02944033721244818,0.00743000313211723
42003,Allegheny County,PA,3/14/2026 7:00,0.11198448324471205,0.08751829238683273,0.030808030670261756,0.007966456361808576
42003,Allegheny County,PA,3/14/2026 8:00,0.11488463577390595,0.07754217538810212,0.028351953776511247,0.007299760007652768
42003,Allegheny County,PA,3/14/2026 9:00,0.1062906101117407,0.07104852020917923,0.028101541626583546,0.00794358228944585
42003,Allegheny County,PA,3/14/2026 10:00,0.10581384614116081,0.0733333846237485,0.027711482895184093,0.007327694428576588
42003,Allegheny County,PA,3/14/2026 11:00,0.10056251897953376,0.07185005426878124,0.025413208630320587,0.006031761173280722
42003,Allegheny County,PA,3/14/2026 12:00,0.08855406962872459,0.059664919861832685,0.025438028660592252,0.0034246963143035676
42003,Allegheny County,PA,3/14/2026 13:00,0.08462549312053474,0.05795202511781668,0.02186050783519323,0.003297071415997012
42003,Allegheny County,PA,3/14/2026 14:00,0.07771032093335452,0.0552607834595806,0.022569098457555153,0.003196811184243058
42003,Allegheny County,PA,3/14/2026 15:00,0.07295722409978682,0.038629315199701635,0.020176888879273637,0.0029530414260048607
42003,Allegheny County,PA,3/14/2026 16:00,0.07934389564101146,0.05097273085432907,0.020213942870614288,0.0034561752604733015
42003,Allegheny County,PA,3/14/2026 17:00,0.06967206538437512,0.04342808842720959,0.02033718287762928,0.003188471219537489
42003,Allegheny County,PA,3/14/2026 18:00,0.06517759000131099,0.04054535340466782,0.018737682664351964,0.0030070459194459567
42003,Allegheny County,PA,3/14/2026 19:00,0.05848858179242839,0.038554173070478155,0.01618736945085728,0.003020534716945969
42003,Allegheny County,PA,3/14/2026 20:00,0.053925593524741196,0.03686345577564124,0.013508698166128399,0.0032437561690190353
42003,Allegheny County,PA,3/14/2026 21:00,0.05212107480514706,0.0328202679091149,0.011361100655087093,0.0035699703060571505
42003,Allegheny County,PA,3/14/2026 22:00,0.052627623877954735,0.03391773289551991,0.009655356157279846,0.003444209605510246
42003,Allegheny County,PA,3/14/2026 23:00,0.04707836148417763,0.03466102632148886,0.009440972402373673,0.0032388951096650313
42003,Allegheny County,PA,3/15/2026 0:00,0.04164972540263704,0.028637503690243395,0.00709675853586541,0.0031073851883659234
42003,Allegheny County,PA,3/15/2026 1:00,0.04036526255323901,0.028436505084118314,0.006402202558081642,0.002859460533002044
42003,Allegheny County,PA,3/15/2026 2:00,0.03964855560476627,0.0287532527410153,0.006101117611964864,0.002515131487919051
42003,Allegheny County,PA,3/15/2026 3:00,0.03400760645666758,0.027187115313605112,0.005529540382142134,0.004071826293575972
42003,Allegheny County,PA,3/15/2026 4:00,0.033476784171808764,0.02692054995746128,0.005432355450886881,0.004328901358211294
42003,Allegheny County,PA,3/15/2026 5:00,0.033839140932979364,0.02682665273262394,0.005501395672851277,0.004439067570941488
42003,Allegheny County,PA,3/15/2026 6:00,0.027717313190292032,0.021454592622329828,0.006402368363320341,0.004030610634843678
42003,Allegheny County,PA,3/15/2026 7:00,0.02852219247135221,0.0205572247749511,0.007324818942049961,0.00409359823581381
42003,Allegheny County,PA,3/15/2026 8:00,0.02793591892746451,0.01967267540054868,0.007820194201500678,0.004207500511501742
42003,Allegheny County,PA,3/15/2026 9:00,0.02776841095985869,0.02082534658716368,0.007761366160350533,0.004119793183402967
42003,Allegheny County,PA,3/15/2026 10:00,0.026408233872656846,0.020487471816420362,0.006023797141035127,0.004799739156103692
42003,Allegheny County,PA,3/15/2026 11:00,0.027303473475950298,0.020547046888422592,0.006966580880740846,0.004258690272947863
42003,Allegheny County,PA,3/15/2026 12:00,0.025050746942775082,0.019406374392063455,0.005675706806503239,0.0043243660905814335
42003,Allegheny County,PA,3/15/2026 13:00,0.02404340122046352,0.019170579093348687,0.006148217578391761,0.0037511177424667157
42003,Allegheny County,PA,3/15/2026 14:00,0.019234365339388198,0.017681891355704693,0.005512224982260322,0.003483084929338369
42003,Allegheny County,PA,3/15/2026 15:00,0.020599146101737312,0.015601346989534068,0.005178986657478298,0.003314819673430883
42003,Allegheny County,PA,3/15/2026 16:00,0.020604203187616056,0.012934817328653314,0.005069612041072914,0.003513930346066454
42003,Allegheny County,PA,3/15/2026 17:00,0.019048579408862346,0.01080506959318606,0.004093056838088966,0.0033144615234491775
42003,Allegheny County,PA,3/15/2026 18:00,0.015290318035119231,0.008805667679058285,0.0025921425047817407,0.0012210126708409388
42003,Allegheny County,PA,3/15/2026 19:00,0.013522096554403588,0.007055820440006288,0.0029362977359242135,0.0011157389737128092
42003,Allegheny County,PA,3/15/2026 20:00,0.01034220152599656,0.007281644240989441,0.0029323995914864484,0.0
42003,Allegheny County,PA,3/15/2026 21:00,0.009482629721783648,0.006728891298826476,0.0022876153065132373,0.0
42003,Allegheny County,PA,3/15/2026 22:00,0.009348928278659126,0.006922342365470906,0.0027093095280563153,0.0
42003,Allegheny County,PA,3/15/2026 23:00,0.009652046305028502,0.005975698535516653,0.0030683618956463543,0.0
42003,Allegheny County,PA,3/16/2026 0:00,0.0076609019702165325,0.004792928082268843,0.0026890051881319696,0.0
42003,Allegheny County,PA,3/16/2026 1:00,0.007412748792749947,0.005639252829294371,0.0028344050952047862,0.0
42003,Allegheny County,PA,3/16/2026 2:00,0.007478582275235824,0.007133126151722285,0.0030900342509372174,0.0
42003,Allegheny County,PA,3/16/2026 3:00,0.008025457221787111,0.006484117637684226,0.0029831642136617788,0.0
42003,Allegheny County,PA,3/16/2026 4:00,0.007515227158104314,0.0049462584609697895,0.0028830646781762676,0.0
42003,Allegheny County,PA,3/16/2026 5:00,0.007209688958303388,0.005628079735534541,0.002286319420673755,0.0
42003,Allegheny County,PA,3/16/2026 6:00,0.006875302033901032,0.005905512196354179,0.002861525745289717,0.0
42003,Allegheny County,PA,3/16/2026 7:00,0.008392522283312031,0.005989995566017398,0.0026986127171684912,0.0
42003,Allegheny County,PA,3/16/2026 8:00,0.008217562632619763,0.004912637699539659,0.0034362998370846393,0.0
42003,Allegheny County,PA,3/16/2026 9:00,0.006961909411219551,0.004565071097394394,0.0030900105505538753,0.0
42003,Allegheny County,PA,3/16/2026 10:00,0.00615907416609774,0.005521185125028551,0.0033195186938514754,0.0
42003,Allegheny County,PA,3/16/2026 11:00,0.006108020305136615,0.004929751585980815,0.002959965326979923,0.0
42003,Allegheny County,PA,3/16/2026 12:00,0.005230213408833589,0.005621576340443787,0.003477001623360643,0.0017052027849725432
42003,Allegheny County,PA,3/16/2026 13:00,0.004569401543735556,0.004467709615460696,0.0024401953779959965,0.001432050645414543
42003,Allegheny County,PA,3/16/2026 14:00,0.004786915809352059,0.0043199528684167215,0.0021176524483033183,0.0016977486847751795
42003,Allegheny County,PA,3/16/2026 15:00,0.0046638577107866565,0.005075750503718997,0.0017163588418689687,0.0
42003,Allegheny County,PA,3/16/2026 16:00,0.004932436018123499,0.004598486500355386,0.0011291765310858088,0.0
42003,Allegheny County,PA,3/16/2026 17:00,0.0043226887800001225,0.005781106026431072,0.0015311259963459837,0.0
42003,Allegheny County,PA,3/16/2026 18:00,0.00374810052598346,0.0058471571612693125,0.001612631660893182,0.0
42003,Allegheny County,PA,3/16/2026 19:00,0.0029617103956395365,0.003784110465487904,0.0,0.0
42003,Allegheny County,PA,3/16/2026 20:00,0.003677896483635509,0.002677663869313448,0.0,0.0
42003,Allegheny County,PA,3/16/2026 21:00,0.003689550564157732,0.0025842159163902826,0.0,0.0
42003,Allegheny County,PA,3/16/2026 22:00,0.004225206287077563,0.0019124394013886388,0.0,0.0
42003,Allegheny County,PA,3/16/2026 23:00,0.0042193564355638554,0.0016933515755754355,0.0,0.0
42003,Allegheny County,PA,3/17/2026 0:00,0.003624671871786718,0.0016183460634933047,0.0,0.0
42003,Allegheny County,PA,3/17/2026 1:00,0.003355191846177941,0.0014128064114871197,0.0,0.0
42003,Allegheny County,PA,3/17/2026 2:00,0.00253793471639069,0.001264998326556391,0.0,0.0
42003,Allegheny County,PA,3/17/2026 3:00,0.0021503341531186556,0.001952628089865158,0.0,0.0
42003,Allegheny County,PA,3/17/2026 4:00,0.0019234902459927242,0.0020571638150198857,0.0,0.0
42003,Allegheny County,PA,3/17/2026 5:00,0.0015668633219373773,0.0014484005328484302,0.0,0.0
42003,Allegheny County,PA,3/17/2026 6:00,0.001635734629117005,0.0034964534664341626,0.0,0.0
42003,Allegheny County,PA,3/17/2026 7:00,0.0016697003909308967,0.0015174203403315644,0.0,0.0
42003,Allegheny County,PA,3/17/2026 8:00,0.001017232640320012,0.0013905384204840328,0.0,0.0
42003,Allegheny County,PA,3/17/2026 9:00,0.0013818167340590246,0.0,0.0,0.0
42003,Allegheny County,PA,3/17/2026 10:00,0.0011186811584639703,0.0,0.0,0.0
42003,Allegheny County,PA,3/17/2026 11:00,0.0,0.0,0.0,0.0
42003,Allegheny County,PA,3/17/2026 12:00,0.0,0.0,0.0019015568820342534,0.0
42003,Allegheny County,PA,3/17/2026 13:00,0.0,0.0,0.0010160795205206698,0.0
42003,Allegheny County,PA,3/17/2026 14:00,0.0,0.0,0.0,0.0
42003,Allegheny County,PA,3/17/2026 15:00,0.0,0.0,0.0,0.0
42003,Allegheny County,PA,3/17/2026 16:00,0.0,0.0,0.0,0.0
42003,Allegheny County,PA,3/17/2026 17:00,0.0,0.0,0.0,0.0
42003,Allegheny County,PA,3/17/2026 18:00,0.0,0.0,0.0,0.0
42003,Allegheny County,PA,3/17/2026 19:00,0.0,0.0,0.0,0.0
42003,Allegheny County,PA,3/17/2026 20:00,0.0,0.0,0.0,0.0
42003,Allegheny County,PA,3/17/2026 21:00,0.0,0.0,0.0,0.0
42003,Allegheny County,PA,3/17/2026 22:00,0.0,0.0,0.0,0.0
42003,Allegheny County,PA,3/17/2026 23:00,0.0015726120793764955,0.001265476883545724,0.0,0.0
42003,Allegheny County,PA,3/18/2026 0:00,0.0,0.0,0.0,
42003,Allegheny County,PA,3/18/2026 1:00,0.0,0.0,0.0,
42003,Allegheny County,PA,3/18/2026 2:00,0.0,0.0,0.0,
42003,Allegheny County,PA,3/18/2026 3:00,0.0,0.0,0.0,
42003,Allegheny County,PA,3/18/2026 4:00,0.0,0.0,0.0,
42003,Allegheny County,PA,3/18/2026 5:00,0.0,0.0,0.0,
42003,Allegheny County,PA,3/18/2026 6:00,0.0,0.0011834182770568112,0.0,
42003,Allegheny County,PA,3/18/2026 7:00,0.0,0.0013783863134400332,0.0,
42003,Allegheny County,PA,3/18/2026 8:00,0.0,0.0,0.0,
42003,Allegheny County,PA,3/18/2026 9:00,0.0,0.0,0.0,
42003,Allegheny County,PA,3/18/2026 10:00,0.0,0.0,0.0,
42003,Allegheny County,PA,3/18/2026 11:00,0.0,0.0,0.0,
42003,Allegheny County,PA,3/18/2026 12:00,0.0,0.0,0.0,
42003,Allegheny County,PA,3/18/2026 13:00,0.0,0.0,0.0,
42003,Allegheny County,PA,3/18/2026 14:00,0.0,0.0,0.0,
42003,Allegheny County,PA,3/18/2026 15:00,0.0,0.0,0.0,
42003,Allegheny County,PA,3/18/2026 16:00,0.0,0.0,0.0,
42003,Allegheny County,PA,3/18/2026 17:00,0.0,0.0,0.0,
42003,Allegheny County,PA,3/18/2026 18:00,0.0,0.0,0.0,
42003,Allegheny County,PA,3/18/2026 19:00,0.0,0.0,0.0,
42003,Allegheny County,PA,3/18/2026 20:00,0.0,0.0,0.0,
42003,Allegheny County,PA,3/18/2026 21:00,0.0,0.0,0.0,
42003,Allegheny County,PA,3/18/2026 22:00,0.0,0.0,0.0,
42003,Allegheny County,PA,3/18/2026 23:00,0.0,0.0,0.0,
42003,Allegheny County,PA,3/19/2026 0:00,0.0,0.0,,
42003,Allegheny County,PA,3/19/2026 1:00,0.0,0.0,,
42003,Allegheny County,PA,3/19/2026 2:00,0.0,0.0,,
42003,Allegheny County,PA,3/19/2026 3:00,0.0,0.0,,
42003,Allegheny County,PA,3/19/2026 4:00,0.0,0.0,,
42003,Allegheny County,PA,3/19/2026 5:00,0.0,0.0,,
42003,Allegheny County,PA,3/19/2026 6:00,0.0,0.0,,
42003,Allegheny County,PA,3/19/2026 7:00,0.0,0.0,,
42003,Allegheny County,PA,3/19/2026 8:00,0.0,0.0,,
42003,Allegheny County,PA,3/19/2026 9:00,0.0,0.0,,
42003,Allegheny County,PA,3/19/2026 10:00,0.0,0.0,,
42003,Allegheny County,PA,3/19/2026 11:00,0.0,0.0,,
42003,Allegheny County,PA,3/19/2026 12:00,0.0,0.0,,
42003,Allegheny County,PA,3/19/2026 13:00,0.0,0.0,,
42003,Allegheny County,PA,3/19/2026 14:00,0.0,0.0,,
42003,Allegheny County,PA,3/19/2026 15:00,0.0,0.0,,
42003,Allegheny County,PA,3/19/2026 16:00,0.0,0.0,,
42003,Allegheny County,PA,3/19/2026 17:00,0.0,0.0,,
42003,Allegheny County,PA,3/19/2026 18:00,0.0,,,
42003,Allegheny County,PA,3/19/2026 19:00,0.0,,,
42003,Allegheny County,PA,3/19/2026 20:00,0.0,,,
42003,Allegheny County,PA,3/19/2026 21:00,0.0,,,
42003,Allegheny County,PA,3/19/2026 22:00,0.0,,,
42003,Allegheny County,PA,3/19/2026 23:00,,,,
42011,Berks County,PA,3/14/2026 0:00,0.0,0.0,0.002620044033713153,0.0013839173838328075
42011,Berks County,PA,3/14/2026 1:00,0.0,0.0,0.0026454474405943804,0.0015845358650338995
42011,Berks County,PA,3/14/2026 2:00,0.0,0.0013423416905489326,0.0019589407069352622,0.001421277878645583
42011,Berks County,PA,3/14/2026 3:00,0.0,0.005162065041224496,0.0016562039945819413,0.001871765615395169
42011,Berks County,PA,3/14/2026 4:00,0.0,0.006514743451770564,0.0010597632824634025,0.0018220111648863777
42011,Berks County,PA,3/14/2026 5:00,0.0,0.006611798757982516,0.0011363770191065257,0.0015806064287314438
42011,Berks County,PA,3/14/2026 6:00,0.0,0.0059361582861520564,0.0013155643519427711,0.0
42011,Berks County,PA,3/14/2026 7:00,0.0,0.005491000480090407,0.0017263886166517337,0.0
42011,Berks County,PA,3/14/2026 8:00,0.004185709091330553,0.004489615209441573,0.0012707868555310307,0.0
42011,Berks County,PA,3/14/2026 9:00,0.005513516824402974,0.003759734972114958,0.0012932916261353777,0.0
42011,Berks County,PA,3/14/2026 10:00,0.005340757701063713,0.004632937274967612,0.0013073676197992842,0.0
42011,Berks County,PA,3/14/2026 11:00,0.0083426279189024,0.0042544314364411405,0.0020830792597129064,0.0
42011,Berks County,PA,3/14/2026 12:00,0.005207788483676825,0.0,0.0011569331106629185,0.0
42011,Berks County,PA,3/14/2026 13:00,0.0033365721992511706,0.0012321414770578732,0.001343862782874701,0.0
42011,Berks County,PA,3/14/2026 14:00,0.0019065125088313707,0.0013820837143531084,0.001318196725069915,0.0
42011,Berks County,PA,3/14/2026 15:00,0.003508097767602411,0.0,0.0,0.0
42011,Berks County,PA,3/14/2026 16:00,0.001990279316109544,0.0,0.0,0.0035538552714570095
42011,Berks County,PA,3/14/2026 17:00,0.0013253456261912446,0.0,0.0,0.003272992252756532
42011,Berks County,PA,3/14/2026 18:00,0.0012689462965540029,0.0,0.0,0.0037267843253286216
42011,Berks County,PA,3/14/2026 19:00,0.0,0.0,0.0,0.004040105968431663
42011,Berks County,PA,3/14/2026 20:00,0.0,0.0,0.0,0.004784713278766521
42011,Berks County,PA,3/14/2026 21:00,0.0,0.0,0.0,0.013778188718413386
42011,Berks County,PA,3/14/2026 22:00,0.0,0.0,0.0,0.018301040507713976
42011,Berks County,PA,3/14/2026 23:00,0.0,0.0,0.0,0.01966434013812352
42011,Berks County,PA,3/15/2026 0:00,0.0,0.0,0.0,0.02416510112769437
42011,Berks County,PA,3/15/2026 1:00,0.0,0.0,0.0,0.024155903514650152
42011,Berks County,PA,3/15/2026 2:00,0.0,0.0,0.0,0.024089301671092894
42011,Berks County,PA,3/15/2026 3:00,0.0,0.0,0.0,0.0237816579600742
42011,Berks County,PA,3/15/2026 4:00,0.0,0.0,0.0010066631979142881,0.02388787703134718
42011,Berks County,PA,3/15/2026 5:00,0.0,0.0,0.0010999906477755525,0.02346001637641033
42011,Berks County,PA,3/15/2026 6:00,0.0,0.0,0.0010662835282391763,0.022924374792780904
42011,Berks County,PA,3/15/2026 7:00,0.0,0.0,0.0,0.02186775954635973
42011,Berks County,PA,3/15/2026 8:00,0.0,0.0,0.0,0.015028905246521309
42011,Berks County,PA,3/15/2026 9:00,0.0010729916519391955,0.0,0.0,0.015092785803745087
42011,Berks County,PA,3/15/2026 10:00,0.0,0.0,0.0,0.00954625802173914
42011,Berks County,PA,3/15/2026 11:00,0.0,0.0,0.0,0.009434009187792846
42011,Berks County,PA,3/15/2026 12:00,0.0,0.0,0.0012058046213854637,0.009236820797510812
42011,Berks County,PA,3/15/2026 13:00,0.0,0.0,0.0016479648022149137,0.008071253345419067
42011,Berks County,PA,3/15/2026 14:00,0.0014876375865495214,0.0,0.0017655989713077943,0.00807565488003194
42011,Berks County,PA,3/15/2026 15:00,0.0,0.0,0.001646419627214243,0.006065337640292573
42011,Berks County,PA,3/15/2026 16:00,0.0,0.0,0.0014457811020638263,0.004895415038650537
42011,Berks County,PA,3/15/2026 17:00,0.0,0.0,0.0018149364737262558,0.004350269116751593
42011,Berks County,PA,3/15/2026 18:00,0.0,0.0,0.0015193384765629972,0.004386280588114455
42011,Berks County,PA,3/15/2026 19:00,0.0,0.0,0.0019575120740008205,0.004054314387574894
42011,Berks County,PA,3/15/2026 20:00,0.0,0.0,0.002693329388333325,0.004177585657238301
42011,Berks County,PA,3/15/2026 21:00,0.001153335478843584,0.0,0.009363158330696656,0.0033490490849070876
42011,Berks County,PA,3/15/2026 22:00,0.0,0.0,0.013697589018473295,0.0021077179749141
42011,Berks County,PA,3/15/2026 23:00,0.0,0.0,0.01784957354464368,0.0010370718566051933
42011,Berks County,PA,3/16/2026 0:00,0.0,0.0,0.017657558531522205,0.0
42011,Berks County,PA,3/16/2026 1:00,0.0,0.0,0.01869516895676091,0.0
42011,Berks County,PA,3/16/2026 2:00,0.0,0.0,0.016353912402324554,0.0
42011,Berks County,PA,3/16/2026 3:00,0.0,0.0,0.01644593539822356,0.0
42011,Berks County,PA,3/16/2026 4:00,0.0,0.001278636464550139,0.016107866406561595,0.0
42011,Berks County,PA,3/16/2026 5:00,0.0,0.0019437111799519816,0.015584571942794213,0.0
42011,Berks County,PA,3/16/2026 6:00,0.0,0.0012619637704040206,0.015044407513965304,0.0
42011,Berks County,PA,3/16/2026 7:00,0.0,0.0010498643233655168,0.013465322874072027,0.0
42011,Berks County,PA,3/16/2026 8:00,0.0,0.0013759329303290528,0.01261119105994739,0.0
42011,Berks County,PA,3/16/2026 9:00,0.001998458925130089,0.0019435554592095818,0.009952888061966744,0.0
42011,Berks County,PA,3/16/2026 10:00,0.003635695119160783,0.0015305399233447987,0.009676832842014807,0.0014843459828525244
42011,Berks County,PA,3/16/2026 11:00,0.002945254724317784,0.0013345238276505742,0.005639844363854072,0.001136607977947482
42011,Berks County,PA,3/16/2026 12:00,0.006986793928547692,0.0010417955345433843,0.00443312076493247,0.0
42011,Berks County,PA,3/16/2026 13:00,0.007261465869722001,0.0014446079638779116,0.0034969082506406644,0.0
42011,Berks County,PA,3/16/2026 14:00,0.0023412196716920968,0.002688443227039129,0.004191764517937567,0.0
42011,Berks County,PA,3/16/2026 15:00,0.0016492542925972589,0.006689322817925677,0.004142847160867087,0.0
42011,Berks County,PA,3/16/2026 16:00,0.0016227370527635361,0.012235484405362863,0.0019534144117198697,0.0
42011,Berks County,PA,3/16/2026 17:00,0.0,0.016790979886177892,0.0018033049251972998,0.0
42011,Berks County,PA,3/16/2026 18:00,0.0016582145172496377,0.01731281727952806,0.0022698015598430145,0.0
42011,Berks County,PA,3/16/2026 19:00,0.006734342478524906,0.016581273073299607,0.002138212684897956,0.0
42011,Berks County,PA,3/16/2026 20:00,0.008715852528869892,0.014227395454924026,0.0018750873751738402,0.0
42011,Berks County,PA,3/16/2026 21:00,0.017658934231066042,0.012636255244261372,0.0013866022611125058,0.0
42011,Berks County,PA,3/16/2026 22:00,0.025050405577551185,0.01577084420478594,0.0017135354576305799,0.0
42011,Berks County,PA,3/16/2026 23:00,0.015374622150235315,0.013511251787924564,0.0,0.0
42011,Berks County,PA,3/17/2026 0:00,0.015002565311769205,0.01233633988130468,0.0,0.0
42011,Berks County,PA,3/17/2026 1:00,0.015041971710253373,0.012122262060058954,0.0,0.0
42011,Berks County,PA,3/17/2026 2:00,0.017239564032921616,0.012392432020860853,0.0,0.0
42011,Berks County,PA,3/17/2026 3:00,0.02089738558148941,0.012267531527702895,0.0,0.0
42011,Berks County,PA,3/17/2026 4:00,0.015448282256110172,0.010336752836181686,0.0,0.0
42011,Berks County,PA,3/17/2026 5:00,0.015109834905200866,0.00971061308488904,0.0,0.0
42011,Berks County,PA,3/17/2026 6:00,0.014646068351484758,0.008855684728846226,0.0,0.0
42011,Berks County,PA,3/17/2026 7:00,0.01549656827296227,0.008134690363072062,0.0,0.0
42011,Berks County,PA,3/17/2026 8:00,0.012785016925955907,0.006897412868484643,0.0,0.0
42011,Berks County,PA,3/17/2026 9:00,0.011740188339308113,0.005089548330751985,0.0,0.0
42011,Berks County,PA,3/17/2026 10:00,0.01029067470468376,0.004418494303401539,0.0,0.0
42011,Berks County,PA,3/17/2026 11:00,0.008242233501684015,0.002979347474610928,0.0,0.0
42011,Berks County,PA,3/17/2026 12:00,0.004672493359392666,0.002801907671140461,0.0,0.0
42011,Berks County,PA,3/17/2026 13:00,0.003471000978522998,0.0019354326849386403,0.0,0.0
42011,Berks County,PA,3/17/2026 14:00,0.003357177209178931,0.001818614936170673,0.0,0.0
42011,Berks County,PA,3/17/2026 15:00,0.003798066546667698,0.0017632575181220243,0.0,0.0
42011,Berks County,PA,3/17/2026 16:00,0.003027039606268266,0.0010348058289643947,0.0,0.0
42011,Berks County,PA,3/17/2026 17:00,0.002103601105632704,0.0,0.0,0.0
42011,Berks County,PA,3/17/2026 18:00,0.001817660582687933,0.0,0.0,0.0
42011,Berks County,PA,3/17/2026 19:00,0.0015199258634104502,0.0,0.0,0.0
42011,Berks County,PA,3/17/2026 20:00,0.0011678716049130253,0.0,0.0,0.0
42011,Berks County,PA,3/17/2026 21:00,0.0014097411832419387,0.0,0.0,0.0
42011,Berks County,PA,3/17/2026 22:00,0.0013917491473890995,0.0,0.0,0.0
42011,Berks County,PA,3/17/2026 23:00,0.0012882723963798003,0.0,0.0,0.0
42011,Berks County,PA,3/18/2026 0:00,0.0,0.0,0.0,
42011,Berks County,PA,3/18/2026 1:00,0.0,0.0,0.0,
42011,Berks County,PA,3/18/2026 2:00,0.0,0.0,0.0,
42011,Berks County,PA,3/18/2026 3:00,0.0,0.0,0.0,
42011,Berks County,PA,3/18/2026 4:00,0.0,0.0,0.0,
42011,Berks County,PA,3/18/2026 5:00,0.0,0.0,0.0,
42011,Berks County,PA,3/18/2026 6:00,0.0,0.0,0.0,
42011,Berks County,PA,3/18/2026 7:00,0.0,0.0,0.0,
42011,Berks County,PA,3/18/2026 8:00,0.0,0.0,0.0,
42011,Berks County,PA,3/18/2026 9:00,0.0,0.0,0.0,
42011,Berks County,PA,3/18/2026 10:00,0.0,0.0,0.0,
42011,Berks County,PA,3/18/2026 11:00,0.0,0.0,0.0,
42011,Berks County,PA,3/18/2026 12:00,0.0,0.0,0.0,
42011,Berks County,PA,3/18/2026 13:00,0.0,0.0,0.0,
42011,Berks County,PA,3/18/2026 14:00,0.0,0.0,0.0,
42011,Berks County,PA,3/18/2026 15:00,0.0,0.0,0.0,
42011,Berks County,PA,3/18/2026 16:00,0.0,0.0,0.0,
42011,Berks County,PA,3/18/2026 17:00,0.0,0.0,0.0,
42011,Berks County,PA,3/18/2026 18:00,0.0,0.0,0.0,
42011,Berks County,PA,3/18/2026 19:00,0.0,0.0,0.0,
42011,Berks County,PA,3/18/2026 20:00,0.0,0.0,0.0,
42011,Berks County,PA,3/18/2026 21:00,0.0,0.0,0.0,
42011,Berks County,PA,3/18/2026 22:00,0.0,0.0,0.0,
42011,Berks County,PA,3/18/2026 23:00,0.0,0.0,0.0,
42011,Berks County,PA,3/19/2026 0:00,0.0,0.0,,
42011,Berks County,PA,3/19/2026 1:00,0.0,0.0,,
42011,Berks County,PA,3/19/2026 2:00,0.0,0.0,,
42011,Berks County,PA,3/19/2026 3:00,0.0,0.0,,
42011,Berks County,PA,3/19/2026 4:00,0.0,0.0,,
42011,Berks County,PA,3/19/2026 5:00,0.0,0.0,,
42011,Berks County,PA,3/19/2026 6:00,0.0,0.0,,
42011,Berks County,PA,3/19/2026 7:00,0.0,0.0,,
42011,Berks County,PA,3/19/2026 8:00,0.0,0.0,,
42011,Berks County,PA,3/19/2026 9:00,0.0,0.0,,
42011,Berks County,PA,3/19/2026 10:00,0.0,0.0,,
42011,Berks County,PA,3/19/2026 11:00,0.0,0.0,,
42011,Berks County,PA,3/19/2026 12:00,0.0,0.0,,
42011,Berks County,PA,3/19/2026 13:00,0.0,0.0,,
42011,Berks County,PA,3/19/2026 14:00,0.0,0.0,,
42011,Berks County,PA,3/19/2026 15:00,0.0,0.0,,
42011,Berks County,PA,3/19/2026 16:00,0.0,0.0,,
42011,Berks County,PA,3/19/2026 17:00,0.0,0.0,,
42011,Berks County,PA,3/19/2026 18:00,0.0,,,
42011,Berks County,PA,3/19/2026 19:00,0.0,,,
42011,Berks County,PA,3/19/2026 20:00,0.0,,,
42011,Berks County,PA,3/19/2026 21:00,0.0,,,
42011,Berks County,PA,3/19/2026 22:00,0.0,,,
42011,Berks County,PA,3/19/2026 23:00,,,,
42017,Bucks County,PA,3/14/2026 0:00,0.0,0.0,0.0,0.0021604695801632763
42017,Bucks County,PA,3/14/2026 1:00,0.0,0.0,0.0,0.0013129642407899598
42017,Bucks County,PA,3/14/2026 2:00,0.0,0.002239435900729769,0.0,0.0012940778317552756
42017,Bucks County,PA,3/14/2026 3:00,0.0,0.001443751580540924,0.0,0.0013232477328466077
42017,Bucks County,PA,3/14/2026 4:00,0.0,0.0013398433960527126,0.0,0.001322661570094029
42017,Bucks County,PA,3/14/2026 5:00,0.0,0.002103983788443379,0.0,0.0012357621704251539
42017,Bucks County,PA,3/14/2026 6:00,0.0,0.0016814359378670282,0.0,0.0
42017,Bucks County,PA,3/14/2026 7:00,0.0,0.0010823429894362023,0.0,0.0
42017,Bucks County,PA,3/14/2026 8:00,0.0,0.0,0.0,0.0
42017,Bucks County,PA,3/14/2026 9:00,0.0012899428345490224,0.0,0.0012050252068452737,0.0
42017,Bucks County,PA,3/14/2026 10:00,0.0,0.0,0.0,0.0
42017,Bucks County,PA,3/14/2026 11:00,0.0,0.0,0.0,0.0
42017,Bucks County,PA,3/14/2026 12:00,0.0,0.0,0.0,0.0
42017,Bucks County,PA,3/14/2026 13:00,0.0,0.0,0.0,0.0
42017,Bucks County,PA,3/14/2026 14:00,0.0,0.0,0.0,0.0
42017,Bucks County,PA,3/14/2026 15:00,0.0,0.0,0.0,0.0
42017,Bucks County,PA,3/14/2026 16:00,0.0,0.0,0.0,0.0
42017,Bucks County,PA,3/14/2026 17:00,0.0,0.0,0.0,0.0
42017,Bucks County,PA,3/14/2026 18:00,0.0,0.0,0.0,0.0
42017,Bucks County,PA,3/14/2026 19:00,0.0,0.0,0.0,0.0015555466528289078
42017,Bucks County,PA,3/14/2026 20:00,0.0,0.0,0.0,0.0016775459932931436
42017,Bucks County,PA,3/14/2026 21:00,0.0,0.0,0.0,0.008108957545854377
42017,Bucks County,PA,3/14/2026 22:00,0.0,0.0,0.0,0.00952233946046645
42017,Bucks County,PA,3/14/2026 23:00,0.0,0.0,0.0,0.012064505289079912
42017,Bucks County,PA,3/15/2026 0:00,0.0,0.0,0.0,0.017179932324567153
42017,Bucks County,PA,3/15/2026 1:00,0.0,0.0,0.0,0.016627701955253944
42017,Bucks County,PA,3/15/2026 2:00,0.0,0.0,0.0,0.01543126461403685
42017,Bucks County,PA,3/15/2026 3:00,0.0,0.0,0.0,0.015802556051415347
42017,Bucks County,PA,3/15/2026 4:00,0.0,0.0,0.0,0.015631740421037
42017,Bucks County,PA,3/15/2026 5:00,0.0,0.0,0.0,0.01547733306263211
42017,Bucks County,PA,3/15/2026 6:00,0.0,0.0,0.0,0.01548623666864145
42017,Bucks County,PA,3/15/2026 7:00,0.0,0.0,0.0,0.015369583629777748
42017,Bucks County,PA,3/15/2026 8:00,0.0,0.0,0.0,0.007527839769680107
42017,Bucks County,PA,3/15/2026 9:00,0.0,0.0,0.0,0.007484948130914456
42017,Bucks County,PA,3/15/2026 10:00,0.0,0.0,0.0,0.007489730834969505
42017,Bucks County,PA,3/15/2026 11:00,0.0,0.0,0.0,0.006944494753559515
42017,Bucks County,PA,3/15/2026 12:00,0.0,0.0,0.0,0.006644450438522276
42017,Bucks County,PA,3/15/2026 13:00,0.0,0.0,0.0,0.006246588627515897
42017,Bucks County,PA,3/15/2026 14:00,0.0,0.0,0.0,0.006284748696017109
42017,Bucks County,PA,3/15/2026 15:00,0.0,0.0,0.0,0.005502000641354591
42017,Bucks County,PA,3/15/2026 16:00,0.0,0.0,0.0,0.0042870410621454165
42017,Bucks County,PA,3/15/2026 17:00,0.0,0.0,0.0,0.003937816182449497
42017,Bucks County,PA,3/15/2026 18:00,0.0,0.0,0.0,0.0033070957576245676
42017,Bucks County,PA,3/15/2026 19:00,0.0,0.0,0.0,0.0032207859250241557
42017,Bucks County,PA,3/15/2026 20:00,0.0,0.0,0.0019251070032140299,0.003074397983497677
42017,Bucks County,PA,3/15/2026 21:00,0.0,0.0,0.0015943533886822643,0.0034503618893351974
42017,Bucks County,PA,3/15/2026 22:00,0.0,0.0,0.004099268964427278,0.0026502809634394455
42017,Bucks County,PA,3/15/2026 23:00,0.0,0.0015284560160169615,0.010470625922726733,0.0016456829348373543
42017,Bucks County,PA,3/16/2026 0:00,0.0,0.0,0.014198032693711563,0.0013627625606038416
42017,Bucks County,PA,3/16/2026 1:00,0.0,0.0,0.013430653923178586,0.0012621426000317209
42017,Bucks County,PA,3/16/2026 2:00,0.0,0.0,0.01264390864470835,0.0012187195394070777
42017,Bucks County,PA,3/16/2026 3:00,0.0,0.0,0.01209795092477321,0.0012639890369153086
42017,Bucks County,PA,3/16/2026 4:00,0.0,0.001150188406986085,0.013593782835712661,0.001234264309666094
42017,Bucks County,PA,3/16/2026 5:00,0.0,0.0,0.012041676804234772,0.0
42017,Bucks County,PA,3/16/2026 6:00,0.0,0.0,0.011466654087551226,0.0
42017,Bucks County,PA,3/16/2026 7:00,0.0,0.0,0.012477571282403841,0.0
42017,Bucks County,PA,3/16/2026 8:00,0.0,0.0010970850855907585,0.01103748766522316,0.0
42017,Bucks County,PA,3/16/2026 9:00,0.0,0.0,0.011035582995111063,0.0
42017,Bucks County,PA,3/16/2026 10:00,0.0,0.0,0.010100134337688997,0.0
42017,Bucks County,PA,3/16/2026 11:00,0.001099173117024857,0.0012021025780148218,0.007091730071095849,0.0
42017,Bucks County,PA,3/16/2026 12:00,0.0013239165584095795,0.0010730714201913267,0.005541146890403887,0.0
42017,Bucks County,PA,3/16/2026 13:00,0.0,0.0,0.006066969932343876,0.0
42017,Bucks County,PA,3/16/2026 14:00,0.0010270096111052046,0.0,0.005351636807503794,0.0
42017,Bucks County,PA,3/16/2026 15:00,0.0011778512687178617,0.0029308235863317223,0.003568029083464639,0.0
42017,Bucks County,PA,3/16/2026 16:00,0.0,0.0075040745613068,0.004402569412260895,0.0
42017,Bucks County,PA,3/16/2026 17:00,0.0011093652254116164,0.01361062695708191,0.0023362250057765294,0.0
42017,Bucks County,PA,3/16/2026 18:00,0.0011819872782350038,0.018323300671223095,0.0023169868933172904,0.0
42017,Bucks County,PA,3/16/2026 19:00,0.0016004757367434751,0.019109479514719495,0.0019408342148159662,0.0
42017,Bucks County,PA,3/16/2026 20:00,0.002955303973015991,0.019098864435763203,0.0022582660030484557,0.0
42017,Bucks County,PA,3/16/2026 21:00,0.006317619134032746,0.015708696859532575,0.0017086716975032224,0.0
42017,Bucks County,PA,3/16/2026 22:00,0.010695953540535316,0.01579078500175757,0.0010908358590358102,0.0
42017,Bucks County,PA,3/16/2026 23:00,0.017082292428204644,0.01419485084177947,0.0017408023512879632,0.0
42017,Bucks County,PA,3/17/2026 0:00,0.010042648672239975,0.011246081267296898,0.0,0.0
42017,Bucks County,PA,3/17/2026 1:00,0.010079220456619633,0.008591411785195754,0.0,0.0
42017,Bucks County,PA,3/17/2026 2:00,0.010085959438013636,0.007027365882383771,0.0,0.0
42017,Bucks County,PA,3/17/2026 3:00,0.012684107227559563,0.0067239960885517504,0.0,0.0
42017,Bucks County,PA,3/17/2026 4:00,0.012574962799750485,0.006818583610886855,0.0,0.0
42017,Bucks County,PA,3/17/2026 5:00,0.010304567480283038,0.006255715902064118,0.0,0.0
42017,Bucks County,PA,3/17/2026 6:00,0.009375985459967182,0.006135735129685379,0.0,0.0
42017,Bucks County,PA,3/17/2026 7:00,0.010006754977387419,0.005388568894187389,0.0,0.0
42017,Bucks County,PA,3/17/2026 8:00,0.009537839657656866,0.00392100564423148,0.0,0.0
42017,Bucks County,PA,3/17/2026 9:00,0.008385588318708826,0.003322432827774091,0.0,0.0
42017,Bucks County,PA,3/17/2026 10:00,0.008862952359804204,0.002526626737808431,0.0,0.0
42017,Bucks County,PA,3/17/2026 11:00,0.0067891919981006715,0.0020572573000504062,0.0,0.0
42017,Bucks County,PA,3/17/2026 12:00,0.00410536938648216,0.0013424976135159976,0.0,0.0
42017,Bucks County,PA,3/17/2026 13:00,0.0033018103887310097,0.0011359046363950136,0.0,0.0
42017,Bucks County,PA,3/17/2026 14:00,0.003044385071934541,0.0010619364313933228,0.0,0.0
42017,Bucks County,PA,3/17/2026 15:00,0.0025988444783148377,0.0,0.0,0.0
42017,Bucks County,PA,3/17/2026 16:00,0.0033329037174337824,0.0,0.0,0.0
42017,Bucks County,PA,3/17/2026 17:00,0.002263374006073003,0.0,0.0,0.0
42017,Bucks County,PA,3/17/2026 18:00,0.0013238686187059055,0.0,0.0,0.0
42017,Bucks County,PA,3/17/2026 19:00,0.0015297713714886062,0.0,0.0,0.0
42017,Bucks County,PA,3/17/2026 20:00,0.0017774835772669914,0.0,0.0,0.0
42017,Bucks County,PA,3/17/2026 21:00,0.0033314950572771443,0.0,0.0,0.0
42017,Bucks County,PA,3/17/2026 22:00,0.001930969385017939,0.0,0.0,0.0
42017,Bucks County,PA,3/17/2026 23:00,0.0017008028276606342,0.0,0.0,0.0
42017,Bucks County,PA,3/18/2026 0:00,0.0,0.0,0.0,
42017,Bucks County,PA,3/18/2026 1:00,0.0,0.0,0.0,
42017,Bucks County,PA,3/18/2026 2:00,0.0,0.0,0.0,
42017,Bucks County,PA,3/18/2026 3:00,0.0,0.0,0.0,
42017,Bucks County,PA,3/18/2026 4:00,0.0,0.0,0.0,
42017,Bucks County,PA,3/18/2026 5:00,0.0,0.0,0.0,
42017,Bucks County,PA,3/18/2026 6:00,0.0,0.0,0.0,
42017,Bucks County,PA,3/18/2026 7:00,0.0,0.0,0.0,
42017,Bucks County,PA,3/18/2026 8:00,0.0014306384288930777,0.0,0.0,
42017,Bucks County,PA,3/18/2026 9:00,0.0,0.0,0.0,
42017,Bucks County,PA,3/18/2026 10:00,0.0,0.0,0.0,
42017,Bucks County,PA,3/18/2026 11:00,0.0,0.0,0.0,
42017,Bucks County,PA,3/18/2026 12:00,0.0,0.0,0.0,
42017,Bucks County,PA,3/18/2026 13:00,0.0,0.0,0.0,
42017,Bucks County,PA,3/18/2026 14:00,0.0,0.0,0.0,
42017,Bucks County,PA,3/18/2026 15:00,0.0,0.0,0.0,
42017,Bucks County,PA,3/18/2026 16:00,0.0,0.0,0.0,
42017,Bucks County,PA,3/18/2026 17:00,0.0,0.0,0.0,
42017,Bucks County,PA,3/18/2026 18:00,0.0,0.0,0.0,
42017,Bucks County,PA,3/18/2026 19:00,0.0,0.0,0.0,
42017,Bucks County,PA,3/18/2026 20:00,0.0,0.0,0.0,
42017,Bucks County,PA,3/18/2026 21:00,0.0,0.0,0.0,
42017,Bucks County,PA,3/18/2026 22:00,0.0,0.0,0.0,
42017,Bucks County,PA,3/18/2026 23:00,0.0,0.0,0.0,
42017,Bucks County,PA,3/19/2026 0:00,0.0,0.0,,
42017,Bucks County,PA,3/19/2026 1:00,0.0,0.0,,
42017,Bucks County,PA,3/19/2026 2:00,0.0,0.0,,
42017,Bucks County,PA,3/19/2026 3:00,0.0,0.0,,
42017,Bucks County,PA,3/19/2026 4:00,0.0,0.0,,
42017,Bucks County,PA,3/19/2026 5:00,0.0,0.0,,
42017,Bucks County,PA,3/19/2026 6:00,0.0,0.0,,
42017,Bucks County,PA,3/19/2026 7:00,0.0,0.0,,
42017,Bucks County,PA,3/19/2026 8:00,0.0,0.0,,
42017,Bucks County,PA,3/19/2026 9:00,0.0,0.0,,
42017,Bucks County,PA,3/19/2026 10:00,0.0,0.0,,
42017,Bucks County,PA,3/19/2026 11:00,0.0,0.0,,
42017,Bucks County,PA,3/19/2026 12:00,0.0,0.0,,
42017,Bucks County,PA,3/19/2026 13:00,0.0,0.0,,
42017,Bucks County,PA,3/19/2026 14:00,0.0,0.0,,
42017,Bucks County,PA,3/19/2026 15:00,0.0,0.0,,
42017,Bucks County,PA,3/19/2026 16:00,0.0,0.0,,
42017,Bucks County,PA,3/19/2026 17:00,0.0,0.0,,
42017,Bucks County,PA,3/19/2026 18:00,0.0,,,
42017,Bucks County,PA,3/19/2026 19:00,0.0,,,
42017,Bucks County,PA,3/19/2026 20:00,0.0,,,
42017,Bucks County,PA,3/19/2026 21:00,0.0,,,
42017,Bucks County,PA,3/19/2026 22:00,0.0,,,
42017,Bucks County,PA,3/19/2026 23:00,,,,
42037,Columbia County,PA,3/14/2026 0:00,0.0,0.006271221703453643,0.0010340217186903412,0.0015871390699193789
42037,Columbia County,PA,3/14/2026 1:00,0.0,0.007135482158307274,0.0011489198212500868,0.001321023061912677
42037,Columbia County,PA,3/14/2026 2:00,0.0,0.008334794272866694,0.0010776195167653266,0.00131292451635828
42037,Columbia County,PA,3/14/2026 3:00,0.0,0.0067869020177751425,0.0,0.001227476139235101
42037,Columbia County,PA,3/14/2026 4:00,0.0020198958116212002,0.007425554718710587,0.0,0.0012517485271203185
42037,Columbia County,PA,3/14/2026 5:00,0.0054127654010568205,0.006249659550469432,0.0,0.0010710088642532107
42037,Columbia County,PA,3/14/2026 6:00,0.0029702544929941814,0.003006472248195882,0.0,0.0010379415646001502
42037,Columbia County,PA,3/14/2026 7:00,0.005423309029157437,0.0030905131374900584,0.0,0.0014133871286843786
42037,Columbia County,PA,3/14/2026 8:00,0.005057725054087367,0.002278739385418893,0.0,0.0
42037,Columbia County,PA,3/14/2026 9:00,0.003557361909447347,0.002289026225873313,0.0,0.0
42037,Columbia County,PA,3/14/2026 10:00,0.004134284448374691,0.002501832645687341,0.0010762223339882443,0.0
42037,Columbia County,PA,3/14/2026 11:00,0.004871745854356486,0.0021962831583647127,0.001080177923273369,0.0
42037,Columbia County,PA,3/14/2026 12:00,0.003504370457042138,0.0,0.0,0.0
42037,Columbia County,PA,3/14/2026 13:00,0.002987375492158104,0.0010875399037750706,0.0015491157540417635,0.0
42037,Columbia County,PA,3/14/2026 14:00,0.001220946067430193,0.0,0.0,0.0016875855902867038
42037,Columbia County,PA,3/14/2026 15:00,0.0,0.0,0.0,0.0011721469438583521
42037,Columbia County,PA,3/14/2026 16:00,0.0,0.0,0.0,0.002404748211880761
42037,Columbia County,PA,3/14/2026 17:00,0.0,0.0,0.001431134191177935,0.002394773321596364
42037,Columbia County,PA,3/14/2026 18:00,0.0,0.0,0.0,0.003966996986662896
42037,Columbia County,PA,3/14/2026 19:00,0.0,0.0,0.0,0.002163048343161644
42037,Columbia County,PA,3/14/2026 20:00,0.0,0.0,0.0,0.0018109130671715994
42037,Columbia County,PA,3/14/2026 21:00,0.0,0.0,0.0,0.002700132681917712
42037,Columbia County,PA,3/14/2026 22:00,0.0,0.0,0.0,0.006549096782568358
42037,Columbia County,PA,3/14/2026 23:00,0.0,0.0,0.0,0.0073969008106264935
42037,Columbia County,PA,3/15/2026 0:00,0.0,0.0,0.0,0.006108688472005923
42037,Columbia County,PA,3/15/2026 1:00,0.0,0.0,0.0011024084312448005,0.004462244512911501
42037,Columbia County,PA,3/15/2026 2:00,0.0,0.0,0.0011425583694367688,0.004482862726574334
42037,Columbia County,PA,3/15/2026 3:00,0.0,0.0,0.001037472773758383,0.003131143576958268
42037,Columbia County,PA,3/15/2026 4:00,0.0,0.0,0.0,0.0033245995871165348
42037,Columbia County,PA,3/15/2026 5:00,0.0,0.0,0.0,0.003249398826166204
42037,Columbia County,PA,3/15/2026 6:00,0.0,0.0,0.0,0.0037585367258111415
42037,Columbia County,PA,3/15/2026 7:00,0.0,0.0,0.0,0.0033609664441446195
42037,Columbia County,PA,3/15/2026 8:00,0.0,0.0,0.0,0.0038446236942258627
42037,Columbia County,PA,3/15/2026 9:00,0.0,0.0,0.0,0.0034763447804488797
42037,Columbia County,PA,3/15/2026 10:00,0.0,0.0,0.0012448306212145077,0.003469907781636122
42037,Columbia County,PA,3/15/2026 11:00,0.0,0.0,0.0012145110000878019,0.0026110535995817045
42037,Columbia County,PA,3/15/2026 12:00,0.0010435283664794687,0.0,0.0015448424856035696,0.002043182244828333
42037,Columbia County,PA,3/15/2026 13:00,0.0,0.0,0.001521387578853732,0.0015444925003992123
42037,Columbia County,PA,3/15/2026 14:00,0.0012293408230870746,0.0,0.0,0.0016409313328778117
42037,Columbia County,PA,3/15/2026 15:00,0.0,0.0,0.0,0.001419958183844614
42037,Columbia County,PA,3/15/2026 16:00,0.0,0.0,0.0012038558059644991,0.001359210485384183
42037,Columbia County,PA,3/15/2026 17:00,0.0,0.0,0.0014351856455973395,0.0010607832512811153
42037,Columbia County,PA,3/15/2026 18:00,0.0,0.0,0.0013954095099896536,0.0
42037,Columbia County,PA,3/15/2026 19:00,0.0,0.0,0.0,0.001110745854802891
42037,Columbia County,PA,3/15/2026 20:00,0.0,0.0,0.0027274383745682614,0.0
42037,Columbia County,PA,3/15/2026 21:00,0.0,0.0,0.0034809015717531845,0.0
42037,Columbia County,PA,3/15/2026 22:00,0.0,0.0,0.004291764020425668,0.0
42037,Columbia County,PA,3/15/2026 23:00,0.0,0.0,0.0052247671033027535,0.0
42037,Columbia County,PA,3/16/2026 0:00,0.0,0.0,0.0052736162723419034,0.0
42037,Columbia County,PA,3/16/2026 1:00,0.0,0.0010664232606006749,0.004924102807963881,0.0
42037,Columbia County,PA,3/16/2026 2:00,0.0016059393457698373,0.0,0.00467173969978154,0.0
42037,Columbia County,PA,3/16/2026 3:00,0.0014918658147233836,0.0,0.004480636008866127,0.0
42037,Columbia County,PA,3/16/2026 4:00,0.0,0.0,0.003365977757764168,0.0
42037,Columbia County,PA,3/16/2026 5:00,0.0,0.0011542455289848268,0.0028091228364092837,0.0
42037,Columbia County,PA,3/16/2026 6:00,0.0011743987737456649,0.001082031945912782,0.002908002877581373,0.0
42037,Columbia County,PA,3/16/2026 7:00,0.001037651206607558,0.0,0.002415803061648882,0.0
42037,Columbia County,PA,3/16/2026 8:00,0.0,0.0,0.0029290958134223504,0.0
42037,Columbia County,PA,3/16/2026 9:00,0.0016174878519852579,0.0,0.002678306803883315,0.0
42037,Columbia County,PA,3/16/2026 10:00,0.0029177907515045808,0.0,0.002633070123731226,0.0
42037,Columbia County,PA,3/16/2026 11:00,0.0011475272574905477,0.0,0.001988971214742447,0.0
42037,Columbia County,PA,3/16/2026 12:00,0.0,0.0,0.0018411602036437485,0.0
42037,Columbia County,PA,3/16/2026 13:00,0.0010035625016029863,0.0,0.0020387693219980304,0.0
42037,Columbia County,PA,3/16/2026 14:00,0.00121198405908604,0.0,0.0013492689156761816,0.0
42037,Columbia County,PA,3/16/2026 15:00,0.0,0.004983286091973566,0.0,0.0
42037,Columbia County,PA,3/16/2026 16:00,0.0,0.0044370297321461895,0.0010154076403085304,0.0
42037,Columbia County,PA,3/16/2026 17:00,0.0,0.005038275848763588,0.0010471063662350116,0.0
42037,Columbia County,PA,3/16/2026 18:00,0.001156931413439998,0.0054940893566822364,0.0,0.0
42037,Columbia County,PA,3/16/2026 19:00,0.0049963593030434746,0.0051290007940773185,0.0,0.0
42037,Columbia County,PA,3/16/2026 20:00,0.008369692272442414,0.005970569801140652,0.0,0.0
42037,Columbia County,PA,3/16/2026 21:00,0.006037903213796849,0.006529257654820834,0.0010188396123474363,0.0
42037,Columbia County,PA,3/16/2026 22:00,0.003746341536610167,0.004168363892693162,0.0,0.0
42037,Columbia County,PA,3/16/2026 23:00,0.003733643863252561,0.0031420643090942562,0.0,0.0
42037,Columbia County,PA,3/17/2026 0:00,0.005045768179190205,0.004463112570941633,0.0,0.0
42037,Columbia County,PA,3/17/2026 1:00,0.004484308452382861,0.0038555678089253636,0.0,0.0
42037,Columbia County,PA,3/17/2026 2:00,0.003111055024561384,0.003014925045307358,0.0,0.0
42037,Columbia County,PA,3/17/2026 3:00,0.0036094958905281927,0.0023081444683387014,0.0,0.0
42037,Columbia County,PA,3/17/2026 4:00,0.0030492873334217385,0.0016996346141081918,0.0,0.0
42037,Columbia County,PA,3/17/2026 5:00,0.005493756456522062,0.001987962746211599,0.0,0.0
42037,Columbia County,PA,3/17/2026 6:00,0.003753202456111352,0.0018143367740162915,0.0,0.0
42037,Columbia County,PA,3/17/2026 7:00,0.0025465572905246044,0.00161266932653692,0.0,0.0
42037,Columbia County,PA,3/17/2026 8:00,0.0032622521176056043,0.0012947998106892995,0.0,0.0
42037,Columbia County,PA,3/17/2026 9:00,0.003466458538616326,0.0011827068097270807,0.0,0.0
42037,Columbia County,PA,3/17/2026 10:00,0.0032999808554337487,0.001207133460818472,0.0,0.0
42037,Columbia County,PA,3/17/2026 11:00,0.0026545410817264393,0.0,0.0,0.0
42037,Columbia County,PA,3/17/2026 12:00,0.002169284222668135,0.0,0.001231346353547679,0.0
42037,Columbia County,PA,3/17/2026 13:00,0.0019123906497232378,0.0,0.0011212004594162977,0.0
42037,Columbia County,PA,3/17/2026 14:00,0.0,0.0,0.0010677420124351597,0.0
42037,Columbia County,PA,3/17/2026 15:00,0.0010868027102169384,0.0,0.00170242301463471,0.0
42037,Columbia County,PA,3/17/2026 16:00,0.0010112474748059676,0.0,0.0014507569544245414,0.0
42037,Columbia County,PA,3/17/2026 17:00,0.0,0.0,0.0,0.0
42037,Columbia County,PA,3/17/2026 18:00,0.0,0.0,0.0,0.0
42037,Columbia County,PA,3/17/2026 19:00,0.0,0.0,0.0,0.0
42037,Columbia County,PA,3/17/2026 20:00,0.0010711727026126037,0.0,0.0,0.0
42037,Columbia County,PA,3/17/2026 21:00,0.0,0.0,0.0,0.0
42037,Columbia County,PA,3/17/2026 22:00,0.0,0.0,0.0,0.0
42037,Columbia County,PA,3/17/2026 23:00,0.0,0.0,0.0,0.0
42037,Columbia County,PA,3/18/2026 0:00,0.0,0.0,0.0,
42037,Columbia County,PA,3/18/2026 1:00,0.0,0.0,0.0,
42037,Columbia County,PA,3/18/2026 2:00,0.0,0.0,0.0,
42037,Columbia County,PA,3/18/2026 3:00,0.0,0.0,0.0,
42037,Columbia County,PA,3/18/2026 4:00,0.0,0.0,0.0,
42037,Columbia County,PA,3/18/2026 5:00,0.0,0.0,0.0,
42037,Columbia County,PA,3/18/2026 6:00,0.0,0.0,0.0,
42037,Columbia County,PA,3/18/2026 7:00,0.0,0.0,0.0,
42037,Columbia County,PA,3/18/2026 8:00,0.0,0.0,0.0,
42037,Columbia County,PA,3/18/2026 9:00,0.0,0.0,0.0,
42037,Columbia County,PA,3/18/2026 10:00,0.0,0.001089268546567782,0.0,
42037,Columbia County,PA,3/18/2026 11:00,0.0,0.0,0.0,
42037,Columbia County,PA,3/18/2026 12:00,0.0,0.0,0.0,
42037,Columbia County,PA,3/18/2026 13:00,0.0,0.0,0.0,
42037,Columbia County,PA,3/18/2026 14:00,0.0,0.0,0.0,
42037,Columbia County,PA,3/18/2026 15:00,0.0,0.0,0.0,
42037,Columbia County,PA,3/18/2026 16:00,0.0,0.0,0.0,
42037,Columbia County,PA,3/18/2026 17:00,0.0,0.0,0.0,
42037,Columbia County,PA,3/18/2026 18:00,0.0,0.0,0.0,
42037,Columbia County,PA,3/18/2026 19:00,0.0,0.0,0.0,
42037,Columbia County,PA,3/18/2026 20:00,0.0,0.0,0.0,
42037,Columbia County,PA,3/18/2026 21:00,0.0,0.0,0.0,
42037,Columbia County,PA,3/18/2026 22:00,0.0,0.0,0.0,
42037,Columbia County,PA,3/18/2026 23:00,0.0,0.0,0.0,
42037,Columbia County,PA,3/19/2026 0:00,0.0,0.0,,
42037,Columbia County,PA,3/19/2026 1:00,0.0,0.0,,
42037,Columbia County,PA,3/19/2026 2:00,0.0,0.0,,
42037,Columbia County,PA,3/19/2026 3:00,0.0,0.0,,
42037,Columbia County,PA,3/19/2026 4:00,0.0,0.0,,
42037,Columbia County,PA,3/19/2026 5:00,0.0,0.0,,
42037,Columbia County,PA,3/19/2026 6:00,0.0,0.0,,
42037,Columbia County,PA,3/19/2026 7:00,0.0,0.0,,
42037,Columbia County,PA,3/19/2026 8:00,0.0,0.0,,
42037,Columbia County,PA,3/19/2026 9:00,0.0,0.0,,
42037,Columbia County,PA,3/19/2026 10:00,0.0,0.0,,
42037,Columbia County,PA,3/19/2026 11:00,0.0,0.0,,
42037,Columbia County,PA,3/19/2026 12:00,0.0,0.0,,
42037,Columbia County,PA,3/19/2026 13:00,0.0,0.0,,
42037,Columbia County,PA,3/19/2026 14:00,0.0,0.0,,
42037,Columbia County,PA,3/19/2026 15:00,0.0,0.0,,
42037,Columbia County,PA,3/19/2026 16:00,0.0,0.0,,
42037,Columbia County,PA,3/19/2026 17:00,0.0,0.0,,
42037,Columbia County,PA,3/19/2026 18:00,0.0,,,
42037,Columbia County,PA,3/19/2026 19:00,0.0,,,
42037,Columbia County,PA,3/19/2026 20:00,0.0,,,
42037,Columbia County,PA,3/19/2026 21:00,0.0,,,
42037,Columbia County,PA,3/19/2026 22:00,0.0,,,
42037,Columbia County,PA,3/19/2026 23:00,,,,
42071,Lancaster County,PA,3/14/2026 0:00,0.0,0.0,0.0,0.001274624532397247
42071,Lancaster County,PA,3/14/2026 1:00,0.0,0.0,0.0,0.0
42071,Lancaster County,PA,3/14/2026 2:00,0.0,0.0,0.0,0.0011605628666709153
42071,Lancaster County,PA,3/14/2026 3:00,0.0,0.002575833643943052,0.0,0.001143212760801857
42071,Lancaster County,PA,3/14/2026 4:00,0.0,0.004262592346996514,0.0,0.0
42071,Lancaster County,PA,3/14/2026 5:00,0.0,0.004629605900759906,0.0,0.0
42071,Lancaster County,PA,3/14/2026 6:00,0.0,0.004927024570032522,0.0,0.0
42071,Lancaster County,PA,3/14/2026 7:00,0.0,0.004546407192390428,0.0,0.0
42071,Lancaster County,PA,3/14/2026 8:00,0.0012299733491460357,0.004725697927906856,0.0,0.0
42071,Lancaster County,PA,3/14/2026 9:00,0.0027370331440485065,0.004483867005033678,0.0014587641001223381,0.0
42071,Lancaster County,PA,3/14/2026 10:00,0.0016397631964383617,0.004328103460803341,0.0013914605329837105,0.0
42071,Lancaster County,PA,3/14/2026 11:00,0.0037363061510461448,0.0035489838754926128,0.0022447458489157444,0.0
42071,Lancaster County,PA,3/14/2026 12:00,0.002624952331700292,0.0,0.0,0.0
42071,Lancaster County,PA,3/14/2026 13:00,0.0016951910568489188,0.0,0.0,0.0
42071,Lancaster County,PA,3/14/2026 14:00,0.0014680144236469618,0.0,0.0,0.0
42071,Lancaster County,PA,3/14/2026 15:00,0.0,0.0,0.0,0.0
42071,Lancaster County,PA,3/14/2026 16:00,0.0,0.0,0.0,0.0
42071,Lancaster County,PA,3/14/2026 17:00,0.0,0.0,0.0,0.0
42071,Lancaster County,PA,3/14/2026 18:00,0.0,0.0,0.0,0.0
42071,Lancaster County,PA,3/14/2026 19:00,0.0,0.0,0.0,0.0017224590031741497
42071,Lancaster County,PA,3/14/2026 20:00,0.0,0.0,0.0,0.0019039292540226403
42071,Lancaster County,PA,3/14/2026 21:00,0.0020748110148372497,0.0,0.0,0.0027734611078909024
42071,Lancaster County,PA,3/14/2026 22:00,0.0,0.0,0.0,0.0034279716904357647
42071,Lancaster County,PA,3/14/2026 23:00,0.0,0.0,0.0,0.0057843926912703025
42071,Lancaster County,PA,3/15/2026 0:00,0.0,0.0,0.0,0.01128876751506318
42071,Lancaster County,PA,3/15/2026 1:00,0.0,0.0,0.0,0.013072941682448028
42071,Lancaster County,PA,3/15/2026 2:00,0.0,0.0,0.0,0.012277569427486434
42071,Lancaster County,PA,3/15/2026 3:00,0.0,0.0,0.0,0.011353446406666988
42071,Lancaster County,PA,3/15/2026 4:00,0.0,0.0,0.0,0.010883590762251443
42071,Lancaster County,PA,3/15/2026 5:00,0.0,0.0,0.0,0.010520475568019416
42071,Lancaster County,PA,3/15/2026 6:00,0.0,0.0,0.0,0.011023059399393964
42071,Lancaster County,PA,3/15/2026 7:00,0.0,0.0,0.0,0.005491505808517219
42071,Lancaster County,PA,3/15/2026 8:00,0.0,0.0,0.0,0.005273141254969943
42071,Lancaster County,PA,3/15/2026 9:00,0.0010910468438852152,0.0,0.0,0.0052995313597621685
42071,Lancaster County,PA,3/15/2026 10:00,0.0,0.0,0.0,0.005252323718165526
42071,Lancaster County,PA,3/15/2026 11:00,0.0,0.0,0.0,0.004946612453401148
42071,Lancaster County,PA,3/15/2026 12:00,0.0,0.0,0.0,0.0041366787741928335
42071,Lancaster County,PA,3/15/2026 13:00,0.0,0.0,0.0,0.0024166539557686755
42071,Lancaster County,PA,3/15/2026 14:00,0.0,0.0,0.0,0.0021758042452178715
42071,Lancaster County,PA,3/15/2026 15:00,0.0,0.0,0.0,0.0021790990382238164
42071,Lancaster County,PA,3/15/2026 16:00,0.0,0.0,0.0,0.002227770464309172
42071,Lancaster County,PA,3/15/2026 17:00,0.0,0.0,0.0,0.0020046817996983465
42071,Lancaster County,PA,3/15/2026 18:00,0.0,0.0,0.0,0.0019844534181444376
42071,Lancaster County,PA,3/15/2026 19:00,0.0,0.0,0.0,0.001701702737392432
42071,Lancaster County,PA,3/15/2026 20:00,0.0,0.0,0.00116718673761431,0.0016310224253364486
42071,Lancaster County,PA,3/15/2026 21:00,0.0,0.0,0.0048116564723985735,0.0
42071,Lancaster County,PA,3/15/2026 22:00,0.0,0.0,0.0052204441524679925,0.0
42071,Lancaster County,PA,3/15/2026 23:00,0.0,0.0,0.007416968736745921,0.0
42071,Lancaster County,PA,3/16/2026 0:00,0.0010437103109927027,0.0,0.00657137373626874,0.001033325527567512
42071,Lancaster County,PA,3/16/2026 1:00,0.0,0.0,0.0066387274802247416,0.0010629093425693391
42071,Lancaster County,PA,3/16/2026 2:00,0.0,0.0,0.00408629654497136,0.0
42071,Lancaster County,PA,3/16/2026 3:00,0.0,0.0,0.004042837058288267,0.0
42071,Lancaster County,PA,3/16/2026 4:00,0.0,0.0,0.004247028120504773,0.0
42071,Lancaster County,PA,3/16/2026 5:00,0.0,0.0017254330668367997,0.002739591507195817,0.0
42071,Lancaster County,PA,3/16/2026 6:00,0.0,0.0037527234387497127,0.002630559907532342,0.0
42071,Lancaster County,PA,3/16/2026 7:00,0.0,0.0027840179966365335,0.0024495981751570506,0.0
42071,Lancaster County,PA,3/16/2026 8:00,0.0,0.0035241741921766567,0.0029565393366871987,0.0
42071,Lancaster County,PA,3/16/2026 9:00,0.0,0.003540675582223836,0.0028033532816079654,0.0
42071,Lancaster County,PA,3/16/2026 10:00,0.0,0.003996711338539573,0.002700882876775637,0.0
42071,Lancaster County,PA,3/16/2026 11:00,0.002117106679549778,0.0035758354213205053,0.0025211650071402304,0.0
42071,Lancaster County,PA,3/16/2026 12:00,0.004172078060067387,0.0032463338043411537,0.0022361346291059053,0.0
42071,Lancaster County,PA,3/16/2026 13:00,0.004344319733499308,0.0038274579125601948,0.0022931132318769654,0.0
42071,Lancaster County,PA,3/16/2026 14:00,0.0,0.004410628080287846,0.001731583156427624,0.0
42071,Lancaster County,PA,3/16/2026 15:00,0.0025460190717776846,0.006588598004699355,0.001753463329863723,0.0
42071,Lancaster County,PA,3/16/2026 16:00,0.0,0.006856152895528264,0.0018743754431093489,0.0
42071,Lancaster County,PA,3/16/2026 17:00,0.0,0.010016741818003778,0.0020051902443111377,0.0
42071,Lancaster County,PA,3/16/2026 18:00,0.001349107815377019,0.010152763589513877,0.0017587309628756213,0.0
42071,Lancaster County,PA,3/16/2026 19:00,0.006234491563163623,0.010613843246385875,0.0015931668842513336,0.0
42071,Lancaster County,PA,3/16/2026 20:00,0.010246614618487323,0.008584306025293219,0.0,0.0
42071,Lancaster County,PA,3/16/2026 21:00,0.010475514526969423,0.006067286655043523,0.0,0.0
42071,Lancaster County,PA,3/16/2026 22:00,0.011072169450956381,0.004822385683539409,0.0,0.0
42071,Lancaster County,PA,3/16/2026 23:00,0.010059036074629256,0.003209035265274931,0.0,0.0
42071,Lancaster County,PA,3/17/2026 0:00,0.006565354643179664,0.0020408713030184507,0.0,0.0
42071,Lancaster County,PA,3/17/2026 1:00,0.004878285090928457,0.0016752074850345947,0.0,0.0
42071,Lancaster County,PA,3/17/2026 2:00,0.006717390306283555,0.0019284875527796762,0.0,0.0
42071,Lancaster County,PA,3/17/2026 3:00,0.005530351874421795,0.0017112148082832023,0.0,0.0
42071,Lancaster County,PA,3/17/2026 4:00,0.007222756548232518,0.0013324665731935758,0.0,0.0
42071,Lancaster County,PA,3/17/2026 5:00,0.0072358855129736385,0.0,0.0,0.0
42071,Lancaster County,PA,3/17/2026 6:00,0.0047233020732606636,0.0,0.0,0.0
42071,Lancaster County,PA,3/17/2026 7:00,0.006448799727632488,0.0,0.0,0.0
42071,Lancaster County,PA,3/17/2026 8:00,0.0038050384451694353,0.0,0.0,0.0
42071,Lancaster County,PA,3/17/2026 9:00,0.003016132620553369,0.0,0.0,0.0
42071,Lancaster County,PA,3/17/2026 10:00,0.006359694012071679,0.0,0.0,0.0
42071,Lancaster County,PA,3/17/2026 11:00,0.0023640949619190732,0.0,0.0,0.0
42071,Lancaster County,PA,3/17/2026 12:00,0.0018587351364733452,0.0,0.0,0.0
42071,Lancaster County,PA,3/17/2026 13:00,0.0013396410869299044,0.0,0.0,0.0
42071,Lancaster County,PA,3/17/2026 14:00,0.0010560837487417082,0.0,0.0,0.0
42071,Lancaster County,PA,3/17/2026 15:00,0.0,0.0,0.0,0.0
42071,Lancaster County,PA,3/17/2026 16:00,0.0,0.0,0.0,0.0
42071,Lancaster County,PA,3/17/2026 17:00,0.0,0.0,0.0,0.0
42071,Lancaster County,PA,3/17/2026 18:00,0.0,0.0,0.0,0.0
42071,Lancaster County,PA,3/17/2026 19:00,0.0010264977632641217,0.0,0.0,0.0
42071,Lancaster County,PA,3/17/2026 20:00,0.0,0.0,0.0,0.0
42071,Lancaster County,PA,3/17/2026 21:00,0.0,0.0,0.0,0.0
42071,Lancaster County,PA,3/17/2026 22:00,0.0,0.0,0.0,0.0
42071,Lancaster County,PA,3/17/2026 23:00,0.0,0.0,0.0,0.0
42071,Lancaster County,PA,3/18/2026 0:00,0.0,0.0,0.0,
42071,Lancaster County,PA,3/18/2026 1:00,0.0,0.0,0.0,
42071,Lancaster County,PA,3/18/2026 2:00,0.0,0.0,0.0,
42071,Lancaster County,PA,3/18/2026 3:00,0.0,0.0,0.0,
42071,Lancaster County,PA,3/18/2026 4:00,0.0,0.0,0.0,
42071,Lancaster County,PA,3/18/2026 5:00,0.0,0.0,0.0,
42071,Lancaster County,PA,3/18/2026 6:00,0.0,0.0,0.0,
42071,Lancaster County,PA,3/18/2026 7:00,0.0,0.0,0.0,
42071,Lancaster County,PA,3/18/2026 8:00,0.0,0.0,0.0,
42071,Lancaster County,PA,3/18/2026 9:00,0.0,0.0,0.0,
42071,Lancaster County,PA,3/18/2026 10:00,0.0,0.0,0.0,
42071,Lancaster County,PA,3/18/2026 11:00,0.0,0.0,0.0,
42071,Lancaster County,PA,3/18/2026 12:00,0.0,0.0,0.0,
42071,Lancaster County,PA,3/18/2026 13:00,0.0,0.0,0.0,
42071,Lancaster County,PA,3/18/2026 14:00,0.0,0.0,0.0,
42071,Lancaster County,PA,3/18/2026 15:00,0.0,0.0,0.0,
42071,Lancaster County,PA,3/18/2026 16:00,0.0,0.0,0.0,
42071,Lancaster County,PA,3/18/2026 17:00,0.0,0.0,0.0,
42071,Lancaster County,PA,3/18/2026 18:00,0.0,0.0,0.0,
42071,Lancaster County,PA,3/18/2026 19:00,0.0,0.0,0.0,
42071,Lancaster County,PA,3/18/2026 20:00,0.0,0.0,0.0,
42071,Lancaster County,PA,3/18/2026 21:00,0.0,0.0,0.0,
42071,Lancaster County,PA,3/18/2026 22:00,0.0,0.0,0.0,
42071,Lancaster County,PA,3/18/2026 23:00,0.0,0.0,0.0,
42071,Lancaster County,PA,3/19/2026 0:00,0.0,0.0,,
42071,Lancaster County,PA,3/19/2026 1:00,0.0,0.0,,
42071,Lancaster County,PA,3/19/2026 2:00,0.0,0.0,,
42071,Lancaster County,PA,3/19/2026 3:00,0.0,0.0,,
42071,Lancaster County,PA,3/19/2026 4:00,0.0,0.0,,
42071,Lancaster County,PA,3/19/2026 5:00,0.0,0.0,,
42071,Lancaster County,PA,3/19/2026 6:00,0.0,0.0,,
42071,Lancaster County,PA,3/19/2026 7:00,0.0,0.0,,
42071,Lancaster County,PA,3/19/2026 8:00,0.0,0.0,,
42071,Lancaster County,PA,3/19/2026 9:00,0.0,0.0,,
42071,Lancaster County,PA,3/19/2026 10:00,0.0,0.0,,
42071,Lancaster County,PA,3/19/2026 11:00,0.0,0.0,,
42071,Lancaster County,PA,3/19/2026 12:00,0.0,0.0,,
42071,Lancaster County,PA,3/19/2026 13:00,0.0,0.0,,
42071,Lancaster County,PA,3/19/2026 14:00,0.0,0.0,,
42071,Lancaster County,PA,3/19/2026 15:00,0.0,0.0,,
42071,Lancaster County,PA,3/19/2026 16:00,0.0,0.0,,
42071,Lancaster County,PA,3/19/2026 17:00,0.0,0.0,,
42071,Lancaster County,PA,3/19/2026 18:00,0.0,,,
42071,Lancaster County,PA,3/19/2026 19:00,0.0,,,
42071,Lancaster County,PA,3/19/2026 20:00,0.0,,,
42071,Lancaster County,PA,3/19/2026 21:00,0.0,,,
42071,Lancaster County,PA,3/19/2026 22:00,0.0,,,
42071,Lancaster County,PA,3/19/2026 23:00,,,,
42073,Lawrence County,PA,3/14/2026 0:00,0.046735416647565,0.03839849522953721,0.0060553151581780795,0.007915883875832056
42073,Lawrence County,PA,3/14/2026 1:00,0.046248083970233576,0.03645798936177183,0.006359931465090721,0.007311134584567815
42073,Lawrence County,PA,3/14/2026 2:00,0.04403760747355798,0.033457009152650465,0.006159353824980955,0.004278518464537495
42073,Lawrence County,PA,3/14/2026 3:00,0.04290379009991889,0.03201529430979986,0.006192449377191233,0.0042857776542986155
42073,Lawrence County,PA,3/14/2026 4:00,0.042439849129511625,0.030968092006713972,0.005567775716176623,0.005002219067283881
42073,Lawrence County,PA,3/14/2026 5:00,0.04062149717126682,0.026074714489847012,0.005678011277001743,0.0054640981032415496
42073,Lawrence County,PA,3/14/2026 6:00,0.03896778903710029,0.026496872595851435,0.005516592358000089,0.0055776277603184895
42073,Lawrence County,PA,3/14/2026 7:00,0.03765787019341263,0.025182995251345586,0.005276582447641916,0.005469324401679128
42073,Lawrence County,PA,3/14/2026 8:00,0.03702379619539619,0.020980186534120104,0.005049728083672442,0.005979769189693332
42073,Lawrence County,PA,3/14/2026 9:00,0.028369847764494593,0.019983916490701012,0.0045838050611493155,0.006681945071753635
42073,Lawrence County,PA,3/14/2026 10:00,0.027323258516291755,0.017092364479652795,0.004659112856940954,0.00553555362581885
42073,Lawrence County,PA,3/14/2026 11:00,0.02444928840438809,0.012881166685429697,0.005215977594544658,0.005305907208889152
42073,Lawrence County,PA,3/14/2026 12:00,0.02181621357859511,0.008992179706049317,0.004896586099897286,0.004758469501834859
42073,Lawrence County,PA,3/14/2026 13:00,0.01889814093717134,0.007559084328551109,0.0055839819848245995,0.0044680084181008715
42073,Lawrence County,PA,3/14/2026 14:00,0.01582592427449149,0.00690552601997517,0.005189926321996725,0.00387870197276157
42073,Lawrence County,PA,3/14/2026 15:00,0.012522729918672664,0.006159881873126478,0.005076791725646819,0.00365698185505064
42073,Lawrence County,PA,3/14/2026 16:00,0.010253651043858931,0.004847429433374743,0.004846676872500508,0.0034259961218216415
42073,Lawrence County,PA,3/14/2026 17:00,0.008474352611640848,0.004732642668665079,0.004746848702762708,0.0034697152060689726
42073,Lawrence County,PA,3/14/2026 18:00,0.006387937481968494,0.004145765218899885,0.004983996100214609,0.0033820665804560916
42073,Lawrence County,PA,3/14/2026 19:00,0.005222442902358825,0.004998307476026274,0.004874048797830148,0.0033204324760970497
42073,Lawrence County,PA,3/14/2026 20:00,0.004278324678370521,0.0035969184651406913,0.0041792008975332865,0.003415514753196222
42073,Lawrence County,PA,3/14/2026 21:00,0.004918400204636294,0.0035713352161960347,0.003867297133378284,0.0034293963594633206
42073,Lawrence County,PA,3/14/2026 22:00,0.004289629342382878,0.00378517300215278,0.0031807683222553136,0.003195662180025672
42073,Lawrence County,PA,3/14/2026 23:00,0.004415572584870745,0.003705567152921095,0.003192243456109458,0.003169743927221905
42073,Lawrence County,PA,3/15/2026 0:00,0.003786899299198018,0.004347769998387948,0.0032009689210468944,0.0034978431518760227
42073,Lawrence County,PA,3/15/2026 1:00,0.0035265523588833506,0.004459846591605917,0.002735789844312803,0.003474690637261891
42073,Lawrence County,PA,3/15/2026 2:00,0.003193570009805046,0.004412560715067835,0.0026411790065716586,0.0031384240961933626
42073,Lawrence County,PA,3/15/2026 3:00,0.003132975795513761,0.0045804486558041445,0.0029339947720793246,0.003017899149566754
42073,Lawrence County,PA,3/15/2026 4:00,0.0035146691678721123,0.004531920802988955,0.0021970799199105915,0.0030516608764490326
42073,Lawrence County,PA,3/15/2026 5:00,0.003302423536656329,0.0044823453038522814,0.0023039530794551196,0.0029028170230040863
42073,Lawrence County,PA,3/15/2026 6:00,0.003112818342567138,0.004024691608898556,0.0017485108753192739,0.0027729821995119788
42073,Lawrence County,PA,3/15/2026 7:00,0.003320731812979007,0.003989806762401276,0.001930672816258606,0.002724599209990226
42073,Lawrence County,PA,3/15/2026 8:00,0.003262705642371962,0.0041451798004870965,0.0033179580965314857,0.002993222988170426
42073,Lawrence County,PA,3/15/2026 9:00,0.002936998855478497,0.0031680048720082996,0.002435340935776415,0.0026764244454564076
42073,Lawrence County,PA,3/15/2026 10:00,0.003018649506016226,0.0035936570466488468,0.0036953978887104516,0.0029349089905937923
42073,Lawrence County,PA,3/15/2026 11:00,0.002806514246753273,0.0031944700019485434,0.002993995899762333,0.0031099672821751616
42073,Lawrence County,PA,3/15/2026 12:00,0.004031464741432062,0.003636850113811095,0.0030302942081952434,0.0032878359697960735
42073,Lawrence County,PA,3/15/2026 13:00,0.0035361092908073417,0.003598742437718805,0.002003205765135489,0.0030741377392191566
42073,Lawrence County,PA,3/15/2026 14:00,0.0037133211615884808,0.004148862476240162,0.0025629399643169824,0.002506315919028299
42073,Lawrence County,PA,3/15/2026 15:00,0.003466984350661723,0.003782743795515685,0.0014155272870038636,0.002053397115146445
42073,Lawrence County,PA,3/15/2026 16:00,0.00365874201003882,0.003702229003037694,0.0018255517466969314,0.0020042255678608223
42073,Lawrence County,PA,3/15/2026 17:00,0.004391223327135733,0.004704570276785274,0.0019312264675441094,0.0017574166677852708
42073,Lawrence County,PA,3/15/2026 18:00,0.003829164113806273,0.003669717517773251,0.002720676042609232,0.001727647784332451
42073,Lawrence County,PA,3/15/2026 19:00,0.0042126164467657205,0.003009601991589763,0.00240364736326727,0.0017411354952751742
42073,Lawrence County,PA,3/15/2026 20:00,0.0042928265105141045,0.0025053039281952654,0.0022727217869744085,0.0
42073,Lawrence County,PA,3/15/2026 21:00,0.004365946736421884,0.0031860762348176423,0.002414135631123488,0.0010165702347421381
42073,Lawrence County,PA,3/15/2026 22:00,0.0036185995007190354,0.0035053732013676595,0.00201965404039349,0.0010665973326233372
42073,Lawrence County,PA,3/15/2026 23:00,0.003913962149386134,0.00444735690812832,0.0020140170054333013,0.0010613555558546867
42073,Lawrence County,PA,3/16/2026 0:00,0.0032526888112876023,0.0037833057950199733,0.0021829849565150766,0.00106632997206324
42073,Lawrence County,PA,3/16/2026 1:00,0.0029878136144899843,0.00511609762694258,0.0020639647023294075,0.001884948867210099
42073,Lawrence County,PA,3/16/2026 2:00,0.002648024482595954,0.0064196983314060005,0.0019208643567663291,0.0012438134538099645
42073,Lawrence County,PA,3/16/2026 3:00,0.0021762363983802513,0.008270101744723438,0.002235679949026992,0.0015860209332741104
42073,Lawrence County,PA,3/16/2026 4:00,0.002372422620615251,0.0038652581699470507,0.002692140481340704,0.0010206434702442386
42073,Lawrence County,PA,3/16/2026 5:00,0.0023378223560488803,0.0036623225544213066,0.0022624265402147875,0.0
42073,Lawrence County,PA,3/16/2026 6:00,0.002477598398970112,0.003909511699529242,0.0020848963418657416,0.0
42073,Lawrence County,PA,3/16/2026 7:00,0.003291224595481283,0.0029225271269575767,0.002270264565421852,0.001013395062277314
42073,Lawrence County,PA,3/16/2026 8:00,0.0025199451740259126,0.003015441411854378,0.002600296230544211,0.0010131971822870704
42073,Lawrence County,PA,3/16/2026 9:00,0.0027627327915029283,0.0034487130175728303,0.0022775744523028697,0.0010079554055184199
42073,Lawrence County,PA,3/16/2026 10:00,0.0026823760115499444,0.0021442287704665306,0.002081629171753282,0.0010117227116545277
42073,Lawrence County,PA,3/16/2026 11:00,0.0020168079039375787,0.0027631806951073715,0.0022640003062207033,0.0014328989312372517
42073,Lawrence County,PA,3/16/2026 12:00,0.0019557114705121047,0.0027897597688094932,0.0022975418789604276,0.0018504967278949384
42073,Lawrence County,PA,3/16/2026 13:00,0.0018823993938523105,0.002855778574058877,0.0016981730055586248,0.003943458291360122
42073,Lawrence County,PA,3/16/2026 14:00,0.0018699327101714604,0.0060613387743536275,0.0018267070394762332,0.004110031049190832
42073,Lawrence County,PA,3/16/2026 15:00,0.002187929467212373,0.006152392363836833,0.001539074517365206,0.0014325166295392933
42073,Lawrence County,PA,3/16/2026 16:00,0.00176065121705386,0.006186532575541774,0.0010865068603614423,0.0014320650087769984
42073,Lawrence County,PA,3/16/2026 17:00,0.0013937498425130722,0.006373017995886958,0.0,0.0010112703392728421
42073,Lawrence County,PA,3/16/2026 18:00,0.001842655907061493,0.0065259540877095,0.0,0.0010172063372465786
42073,Lawrence County,PA,3/16/2026 19:00,0.0019051163138507263,0.006989657403943877,0.0,0.0010172063372465786
42073,Lawrence County,PA,3/16/2026 20:00,0.002311876889348524,0.006910280008244421,0.0,0.0010103785755750884
42073,Lawrence County,PA,3/16/2026 21:00,0.0018942425408430264,0.006459540738256936,0.0,0.0010115818798707293
42073,Lawrence County,PA,3/16/2026 22:00,0.0023021050362960096,0.006621415060071506,0.0,0.0010161046753169878
42073,Lawrence County,PA,3/16/2026 23:00,0.0018542409450021794,0.005994820402819251,0.0,0.0010141441010022526
42073,Lawrence County,PA,3/17/2026 0:00,0.0017759941476205977,0.006532411910927106,0.0,0.0010106889441599386
42073,Lawrence County,PA,3/17/2026 1:00,0.0017186638274859203,0.006408104451942894,0.0,0.0010160133795161998
42073,Lawrence County,PA,3/17/2026 2:00,0.0019945019841797248,0.007008425673157604,0.0,0.0014260059827456396
42073,Lawrence County,PA,3/17/2026 3:00,0.0018094703510684043,0.006787155802405685,0.0,0.0017210722333864165
42073,Lawrence County,PA,3/17/2026 4:00,0.0018952078526978115,0.004058046632877633,0.0,0.0017206206126241215
42073,Lawrence County,PA,3/17/2026 5:00,0.0023696108466019087,0.004147119537086114,0.0,0.0014260059827456396
42073,Lawrence County,PA,3/17/2026 6:00,0.00228253969065198,0.002477160390742309,0.0,0.0010495158937778866
42073,Lawrence County,PA,3/17/2026 7:00,0.0025215240898928404,0.002809009068153639,0.0,0.0010521320633299104
42073,Lawrence County,PA,3/17/2026 8:00,0.002382394456283531,0.002360459045325175,0.0013873056230734317,0.001060722260843883
42073,Lawrence County,PA,3/17/2026 9:00,0.00239045726053378,0.0,0.0022764783128373482,0.001732278600452413
42073,Lawrence County,PA,3/17/2026 10:00,0.001760788127079206,0.0013201426159623665,0.0023412406452683557,0.00174167036396437
42073,Lawrence County,PA,3/17/2026 11:00,0.0014897128391637385,0.0,0.0032876233910036404,0.002157086460479548
42073,Lawrence County,PA,3/17/2026 12:00,0.0013255148176253468,0.0,0.003084078523240146,0.0014914021409517468
42073,Lawrence County,PA,3/17/2026 13:00,0.0,0.0,0.0030397953272328737,0.0014618064042946689
42073,Lawrence County,PA,3/17/2026 14:00,0.0,0.0,0.0030476249946330357,0.0010679360496735014
42073,Lawrence County,PA,3/17/2026 15:00,0.0010151478831417508,0.0,0.0032796116603952975,0.0010436955918486771
42073,Lawrence County,PA,3/17/2026 16:00,0.0,0.0,0.00332593863854759,0.0010525790767297201
42073,Lawrence County,PA,3/17/2026 17:00,0.0,0.0,0.0,0.0010439888792157475
42073,Lawrence County,PA,3/17/2026 18:00,0.0,0.0,0.0,0.001050853967324779
42073,Lawrence County,PA,3/17/2026 19:00,0.0,0.0,0.0010889770798736056,0.0010461599874403958
42073,Lawrence County,PA,3/17/2026 20:00,0.0,0.0,0.0010281261500210482,0.001733714518306357
42073,Lawrence County,PA,3/17/2026 21:00,0.0,0.0,0.001035505077339311,0.0
42073,Lawrence County,PA,3/17/2026 22:00,0.0,0.0,0.0,0.0010348230457643296
42073,Lawrence County,PA,3/17/2026 23:00,0.0,0.0,0.0,0.0010473560351722722
42073,Lawrence County,PA,3/18/2026 0:00,0.0,0.001217449709196961,0.0,
42073,Lawrence County,PA,3/18/2026 1:00,0.0,0.0011990539757180028,0.0,
42073,Lawrence County,PA,3/18/2026 2:00,0.0,0.0,0.0,
42073,Lawrence County,PA,3/18/2026 3:00,0.0,0.0010844699576645872,0.0,
42073,Lawrence County,PA,3/18/2026 4:00,0.0,0.0020680360242724583,0.0,
42073,Lawrence County,PA,3/18/2026 5:00,0.0,0.002090128101766473,0.0,
42073,Lawrence County,PA,3/18/2026 6:00,0.0,0.0024231320270975292,0.0,
42073,Lawrence County,PA,3/18/2026 7:00,0.0,0.002341949822700437,0.0,
42073,Lawrence County,PA,3/18/2026 8:00,0.0,0.0016469442610901406,0.001438691326224658,
42073,Lawrence County,PA,3/18/2026 9:00,0.0,0.0,0.0015846051050462265,
42073,Lawrence County,PA,3/18/2026 10:00,0.0,0.0014101013316726182,0.0014794005669775206,
42073,Lawrence County,PA,3/18/2026 11:00,0.0014998303965233382,0.0012905759748703502,0.0014773539986607449,
42073,Lawrence County,PA,3/18/2026 12:00,0.0017491583195626294,0.0,0.0015634651668614882,
42073,Lawrence County,PA,3/18/2026 13:00,0.0022314251889397974,0.0,0.0015385212762761464,
42073,Lawrence County,PA,3/18/2026 14:00,0.0018063956803227599,0.0,0.002395933725111403,
42073,Lawrence County,PA,3/18/2026 15:00,0.0017859065999635939,0.0,0.0010278659042857541,
42073,Lawrence County,PA,3/18/2026 16:00,0.0,0.0,0.002389974507860378,
42073,Lawrence County,PA,3/18/2026 17:00,0.0,0.0,0.0014471588977366748,
42073,Lawrence County,PA,3/18/2026 18:00,0.0,0.0,0.0,
42073,Lawrence County,PA,3/18/2026 19:00,0.0,0.0,0.0,
42073,Lawrence County,PA,3/18/2026 20:00,0.0,0.0,0.0,
42073,Lawrence County,PA,3/18/2026 21:00,0.0,0.0,0.0,
42073,Lawrence County,PA,3/18/2026 22:00,0.0,0.0,0.0,
42073,Lawrence County,PA,3/18/2026 23:00,0.0,0.0,0.0,
42073,Lawrence County,PA,3/19/2026 0:00,0.0,0.0,,
42073,Lawrence County,PA,3/19/2026 1:00,0.0,0.0,,
42073,Lawrence County,PA,3/19/2026 2:00,0.0,0.0,,
42073,Lawrence County,PA,3/19/2026 3:00,0.0,0.0,,
42073,Lawrence County,PA,3/19/2026 4:00,0.0,0.0,,
42073,Lawrence County,PA,3/19/2026 5:00,0.0,0.0,,
42073,Lawrence County,PA,3/19/2026 6:00,0.0,0.0,,
42073,Lawrence County,PA,3/19/2026 7:00,0.0,0.0,,
42073,Lawrence County,PA,3/19/2026 8:00,0.0,0.0,,
42073,Lawrence County,PA,3/19/2026 9:00,0.0,0.0,,
42073,Lawrence County,PA,3/19/2026 10:00,0.0,0.0,,
42073,Lawrence County,PA,3/19/2026 11:00,0.001371279189486197,0.0,,
42073,Lawrence County,PA,3/19/2026 12:00,0.0013736323650488018,0.0,,
42073,Lawrence County,PA,3/19/2026 13:00,0.0013720149715699883,0.0,,
42073,Lawrence County,PA,3/19/2026 14:00,0.001056274407240111,0.0,,
42073,Lawrence County,PA,3/19/2026 15:00,0.0010600023342167135,0.0,,
42073,Lawrence County,PA,3/19/2026 16:00,0.001055522505923883,0.0,,
42073,Lawrence County,PA,3/19/2026 17:00,0.0,0.0,,
42073,Lawrence County,PA,3/19/2026 18:00,0.0,,,
42073,Lawrence County,PA,3/19/2026 19:00,0.0,,,
42073,Lawrence County,PA,3/19/2026 20:00,0.0,,,
42073,Lawrence County,PA,3/19/2026 21:00,0.0,,,
42073,Lawrence County,PA,3/19/2026 22:00,0.0,,,
42073,Lawrence County,PA,3/19/2026 23:00,,,,
42087,Mifflin County,PA,3/14/2026 0:00,0.0036723082375135214,0.008801733495677578,0.004217346711467016,0.0032804302829286193
42087,Mifflin County,PA,3/14/2026 1:00,0.003677180596652767,0.008780210811297174,0.004588729237906093,0.002798407900359402
42087,Mifflin County,PA,3/14/2026 2:00,0.0027364338960438436,0.008159879567494097,0.0040631798313577215,0.0025304286026237447
42087,Mifflin County,PA,3/14/2026 3:00,0.004065214781258084,0.011180198641796405,0.004245032762949548,0.0024498589843444307
42087,Mifflin County,PA,3/14/2026 4:00,0.004546317325566513,0.009549123844803045,0.004257630564938065,0.001829781635194069
42087,Mifflin County,PA,3/14/2026 5:00,0.004792374505694206,0.006838068424677657,0.004422218737256955,0.0017650208753568998
42087,Mifflin County,PA,3/14/2026 6:00,0.005942294598228765,0.0031915088054851742,0.0,0.001224635524229764
42087,Mifflin County,PA,3/14/2026 7:00,0.006421636222937921,0.0022414922178081867,0.0,0.001408720457268806
42087,Mifflin County,PA,3/14/2026 8:00,0.007932663201897831,0.0013759672552080533,0.0,0.0
42087,Mifflin County,PA,3/14/2026 9:00,0.005087735444900056,0.0018785528998812404,0.0,0.0
42087,Mifflin County,PA,3/14/2026 10:00,0.004022423433474904,0.0016138529348398117,0.0,0.0011454948930814239
42087,Mifflin County,PA,3/14/2026 11:00,0.004471909385506583,0.002193064834955093,0.0,0.0011387440028798133
42087,Mifflin County,PA,3/14/2026 12:00,0.003491858242268604,0.0012775609796206117,0.0,0.001365926942585026
42087,Mifflin County,PA,3/14/2026 13:00,0.0019173223512784217,0.0,0.0,0.001789193286071072
42087,Mifflin County,PA,3/14/2026 14:00,0.003167615289827111,0.0,0.0,0.001022096550853098
42087,Mifflin County,PA,3/14/2026 15:00,0.002453457476353512,0.0,0.0,0.0010011983171271264
42087,Mifflin County,PA,3/14/2026 16:00,0.00215647309452156,0.0,0.0012063957008801277,0.001000465371735165
42087,Mifflin County,PA,3/14/2026 17:00,0.0022950510434255216,0.0,0.0012856491379347541,0.0013173610143216025
42087,Mifflin County,PA,3/14/2026 18:00,0.001939970660881978,0.0,0.0,0.0021462610609358263
42087,Mifflin County,PA,3/14/2026 19:00,0.0011721040618964227,0.0,0.0010442419020289147,0.002577006593662822
42087,Mifflin County,PA,3/14/2026 20:00,0.0016733352399035727,0.0,0.0,0.0033670898595126366
42087,Mifflin County,PA,3/14/2026 21:00,0.0017138996231304657,0.0,0.0,0.004831894411987396
42087,Mifflin County,PA,3/14/2026 22:00,0.0014627154611647668,0.0,0.0011052715745735972,0.005395933454965702
42087,Mifflin County,PA,3/14/2026 23:00,0.0,0.0,0.0016203113252097224,0.005192048737496222
42087,Mifflin County,PA,3/15/2026 0:00,0.0,0.0,0.0020204523921336266,0.004905390650318674
42087,Mifflin County,PA,3/15/2026 1:00,0.0,0.0,0.0017351372726495157,0.0038669624215202803
42087,Mifflin County,PA,3/15/2026 2:00,0.0,0.0,0.001920466903782904,0.003507743797303546
42087,Mifflin County,PA,3/15/2026 3:00,0.0,0.0,0.0019445634482907232,0.00313101530657664
42087,Mifflin County,PA,3/15/2026 4:00,0.0,0.0,0.0020582007993003985,0.002685768664904503
42087,Mifflin County,PA,3/15/2026 5:00,0.0,0.0,0.001385769630548217,0.002537079153704488
42087,Mifflin County,PA,3/15/2026 6:00,0.0,0.0,0.0021098368335241754,0.0025717564954599163
42087,Mifflin County,PA,3/15/2026 7:00,0.0,0.0,0.0015474288219770548,0.0027002073012029047
42087,Mifflin County,PA,3/15/2026 8:00,0.0,0.0,0.0,0.003471124865355291
42087,Mifflin County,PA,3/15/2026 9:00,0.0,0.0,0.0,0.0036956269712699373
42087,Mifflin County,PA,3/15/2026 10:00,0.0,0.0,0.0014868049715305901,0.0027717091112192914
42087,Mifflin County,PA,3/15/2026 11:00,0.0,0.0,0.0020529932342093797,0.002891988393028357
42087,Mifflin County,PA,3/15/2026 12:00,0.0,0.0,0.0021250081733088996,0.0023621621067406347
42087,Mifflin County,PA,3/15/2026 13:00,0.0,0.0,0.0015906692262350334,0.0023793171809089646
42087,Mifflin County,PA,3/15/2026 14:00,0.0,0.0,0.001904363899786655,0.0022256067382317155
42087,Mifflin County,PA,3/15/2026 15:00,0.0,0.0,0.002518654164480464,0.0018465793767073891
42087,Mifflin County,PA,3/15/2026 16:00,0.0,0.0,0.002999256617789028,0.0016140752431183973
42087,Mifflin County,PA,3/15/2026 17:00,0.0,0.0,0.0024489218790195826,0.0015539055147096737
42087,Mifflin County,PA,3/15/2026 18:00,0.0,0.0,0.0037759853959881927,0.0012716498348194424
42087,Mifflin County,PA,3/15/2026 19:00,0.0,0.0,0.0034186397826139847,0.0
42087,Mifflin County,PA,3/15/2026 20:00,0.0,0.0,0.0038964975519124975,0.0010046178389896293
42087,Mifflin County,PA,3/15/2026 21:00,0.0,0.0,0.005384555797951515,0.0
42087,Mifflin County,PA,3/15/2026 22:00,0.0,0.0,0.007789586338506382,0.0
42087,Mifflin County,PA,3/15/2026 23:00,0.0,0.0,0.009353326774595513,0.0
42087,Mifflin County,PA,3/16/2026 0:00,0.0,0.0,0.01062561876221787,0.0
42087,Mifflin County,PA,3/16/2026 1:00,0.0,0.0,0.008804725257765631,0.0
42087,Mifflin County,PA,3/16/2026 2:00,0.0,0.0,0.00842626518404196,0.0
42087,Mifflin County,PA,3/16/2026 3:00,0.0,0.0,0.009463303236417845,0.0
42087,Mifflin County,PA,3/16/2026 4:00,0.0,0.0,0.008221846523423473,0.0
42087,Mifflin County,PA,3/16/2026 5:00,0.0,0.0,0.007284236372987563,0.0
42087,Mifflin County,PA,3/16/2026 6:00,0.0,0.0,0.006107357250203409,0.0
42087,Mifflin County,PA,3/16/2026 7:00,0.0,0.0,0.005896633040144561,0.0
42087,Mifflin County,PA,3/16/2026 8:00,0.0,0.0,0.005364643386495149,0.0
42087,Mifflin County,PA,3/16/2026 9:00,0.0,0.0,0.005231299078076518,0.0
42087,Mifflin County,PA,3/16/2026 10:00,0.0,0.0,0.004664161619835129,0.0
42087,Mifflin County,PA,3/16/2026 11:00,0.0,0.0010280883387785414,0.004352464736044229,0.0
42087,Mifflin County,PA,3/16/2026 12:00,0.0,0.0011323659313442276,0.004563237677218022,0.0
42087,Mifflin County,PA,3/16/2026 13:00,0.0,0.002314034505499466,0.002428049108751291,0.0
42087,Mifflin County,PA,3/16/2026 14:00,0.0,0.0028228675452010273,0.0022942370779065278,0.0
42087,Mifflin County,PA,3/16/2026 15:00,0.0010309171061548086,0.0036331112187619973,0.0026639485357173413,0.0
42087,Mifflin County,PA,3/16/2026 16:00,0.0016201983976931779,0.0035121023638581606,0.00144267522274706,0.0
42087,Mifflin County,PA,3/16/2026 17:00,0.0013285552375624171,0.004918007282598101,0.0018037485719106998,0.0
42087,Mifflin County,PA,3/16/2026 18:00,0.00329245724380289,0.003902686957037573,0.0016383037631641862,0.0
42087,Mifflin County,PA,3/16/2026 19:00,0.0046686154430603385,0.004462869191819108,0.0011679804656784913,0.0
42087,Mifflin County,PA,3/16/2026 20:00,0.004336397235024758,0.005463075401056845,0.0,0.0
42087,Mifflin County,PA,3/16/2026 21:00,0.005578671516788969,0.004199551214835588,0.0010101624599748993,0.0
42087,Mifflin County,PA,3/16/2026 22:00,0.007408291630266479,0.0046936012271402905,0.0,0.0010939217963295237
42087,Mifflin County,PA,3/16/2026 23:00,0.008445120612139449,0.0034384868813089452,0.0,0.0
42087,Mifflin County,PA,3/17/2026 0:00,0.008017377448470786,0.0030936219160769642,0.0,0.0
42087,Mifflin County,PA,3/17/2026 1:00,0.006193225651511372,0.0035336800421667588,0.0,0.0
42087,Mifflin County,PA,3/17/2026 2:00,0.006231986368504899,0.0031656991268909905,0.0,0.0
42087,Mifflin County,PA,3/17/2026 3:00,0.003976790032666078,0.002218714160041499,0.0,0.0
42087,Mifflin County,PA,3/17/2026 4:00,0.0038176993688608177,0.0017594188882562847,0.0,0.0
42087,Mifflin County,PA,3/17/2026 5:00,0.003552931894325482,0.0020005308773214164,0.0,0.0
42087,Mifflin County,PA,3/17/2026 6:00,0.0039306285093704246,0.0017754670908533092,0.0,0.0
42087,Mifflin County,PA,3/17/2026 7:00,0.003431793836922913,0.0012762408296095392,0.0,0.0
42087,Mifflin County,PA,3/17/2026 8:00,0.003524915886285816,0.0,0.0,0.0
42087,Mifflin County,PA,3/17/2026 9:00,0.003852893687437031,0.0,0.0,0.0
42087,Mifflin County,PA,3/17/2026 10:00,0.002742007501881054,0.0,0.0,0.0
42087,Mifflin County,PA,3/17/2026 11:00,0.002111968184680472,0.0,0.0,0.0
42087,Mifflin County,PA,3/17/2026 12:00,0.002090055449163087,0.0,0.0,0.0
42087,Mifflin County,PA,3/17/2026 13:00,0.0019010059047439073,0.0,0.0,0.0
42087,Mifflin County,PA,3/17/2026 14:00,0.0017222851286407311,0.0,0.0,0.0
42087,Mifflin County,PA,3/17/2026 15:00,0.0017961763254333944,0.0,0.0,0.0
42087,Mifflin County,PA,3/17/2026 16:00,0.0017643029991939736,0.0,0.0,0.0
42087,Mifflin County,PA,3/17/2026 17:00,0.0011171809692136444,0.0,0.0,0.0
42087,Mifflin County,PA,3/17/2026 18:00,0.0,0.0,0.0,0.0
42087,Mifflin County,PA,3/17/2026 19:00,0.0,0.0,0.0,0.0
42087,Mifflin County,PA,3/17/2026 20:00,0.0,0.0,0.0,0.0
42087,Mifflin County,PA,3/17/2026 21:00,0.0,0.0,0.0,0.0
42087,Mifflin County,PA,3/17/2026 22:00,0.0,0.0,0.0,0.0
42087,Mifflin County,PA,3/17/2026 23:00,0.0,0.0,0.0,0.0
42087,Mifflin County,PA,3/18/2026 0:00,0.0,0.0,0.0,
42087,Mifflin County,PA,3/18/2026 1:00,0.0,0.0,0.0,
42087,Mifflin County,PA,3/18/2026 2:00,0.0,0.0,0.0,
42087,Mifflin County,PA,3/18/2026 3:00,0.0,0.0,0.0,
42087,Mifflin County,PA,3/18/2026 4:00,0.0,0.0,0.0,
42087,Mifflin County,PA,3/18/2026 5:00,0.0,0.0,0.0,
42087,Mifflin County,PA,3/18/2026 6:00,0.0,0.0,0.0,
42087,Mifflin County,PA,3/18/2026 7:00,0.0,0.0,0.0,
42087,Mifflin County,PA,3/18/2026 8:00,0.0,0.0,0.0,
42087,Mifflin County,PA,3/18/2026 9:00,0.0,0.0,0.0,
42087,Mifflin County,PA,3/18/2026 10:00,0.0,0.0,0.0,
42087,Mifflin County,PA,3/18/2026 11:00,0.0,0.0,0.0,
42087,Mifflin County,PA,3/18/2026 12:00,0.0,0.0,0.0,
42087,Mifflin County,PA,3/18/2026 13:00,0.0,0.0,0.0,
42087,Mifflin County,PA,3/18/2026 14:00,0.0,0.0,0.0,
42087,Mifflin County,PA,3/18/2026 15:00,0.0,0.0,0.0,
42087,Mifflin County,PA,3/18/2026 16:00,0.0,0.0,0.0,
42087,Mifflin County,PA,3/18/2026 17:00,0.0,0.0,0.0,
42087,Mifflin County,PA,3/18/2026 18:00,0.0,0.0,0.0,
42087,Mifflin County,PA,3/18/2026 19:00,0.0,0.0,0.0,
42087,Mifflin County,PA,3/18/2026 20:00,0.0,0.0,0.0,
42087,Mifflin County,PA,3/18/2026 21:00,0.0,0.0,0.0,
42087,Mifflin County,PA,3/18/2026 22:00,0.0,0.0,0.0,
42087,Mifflin County,PA,3/18/2026 23:00,0.0,0.0,0.0,
42087,Mifflin County,PA,3/19/2026 0:00,0.0,0.0,,
42087,Mifflin County,PA,3/19/2026 1:00,0.0,0.0,,
42087,Mifflin County,PA,3/19/2026 2:00,0.0,0.0,,
42087,Mifflin County,PA,3/19/2026 3:00,0.0,0.0,,
42087,Mifflin County,PA,3/19/2026 4:00,0.0,0.0,,
42087,Mifflin County,PA,3/19/2026 5:00,0.0,0.0,,
42087,Mifflin County,PA,3/19/2026 6:00,0.0,0.0,,
42087,Mifflin County,PA,3/19/2026 7:00,0.0,0.0,,
42087,Mifflin County,PA,3/19/2026 8:00,0.0,0.0,,
42087,Mifflin County,PA,3/19/2026 9:00,0.0,0.0,,
42087,Mifflin County,PA,3/19/2026 10:00,0.0,0.0,,
42087,Mifflin County,PA,3/19/2026 11:00,0.0,0.0,,
42087,Mifflin County,PA,3/19/2026 12:00,0.0,0.0,,
42087,Mifflin County,PA,3/19/2026 13:00,0.0,0.0,,
42087,Mifflin County,PA,3/19/2026 14:00,0.0,0.0,,
42087,Mifflin County,PA,3/19/2026 15:00,0.0,0.0,,
42087,Mifflin County,PA,3/19/2026 16:00,0.0,0.0,,
42087,Mifflin County,PA,3/19/2026 17:00,0.0,0.0,,
42087,Mifflin County,PA,3/19/2026 18:00,0.0,,,
42087,Mifflin County,PA,3/19/2026 19:00,0.0,,,
42087,Mifflin County,PA,3/19/2026 20:00,0.0,,,
42087,Mifflin County,PA,3/19/2026 21:00,0.0,,,
42087,Mifflin County,PA,3/19/2026 22:00,0.0,,,
42087,Mifflin County,PA,3/19/2026 23:00,,,,
42093,Montour County,PA,3/14/2026 0:00,0.0,0.0037825693112652483,0.002506785639998429,0.0022273839642486006
42093,Montour County,PA,3/14/2026 1:00,0.0,0.0052279303791419145,0.001978896928100951,0.0024829618150419117
42093,Montour County,PA,3/14/2026 2:00,0.0,0.00647073061059818,0.0010540478689998005,0.0021613034199016636
42093,Montour County,PA,3/14/2026 3:00,0.0,0.007217381367268051,0.0010799442570655219,0.0017543658126689533
42093,Montour County,PA,3/14/2026 4:00,0.0,0.007316141979845705,0.0,0.0
42093,Montour County,PA,3/14/2026 5:00,0.0024377676548743192,0.00818305934072866,0.0,0.0
42093,Montour County,PA,3/14/2026 6:00,0.0032304114761746174,0.0077386014568693266,0.0012220080275172655,0.0
42093,Montour County,PA,3/14/2026 7:00,0.003064808034527992,0.007636738494865651,0.0,0.0
42093,Montour County,PA,3/14/2026 8:00,0.004477103482839822,0.007628697386881246,0.0,0.0
42093,Montour County,PA,3/14/2026 9:00,0.002811713795043459,0.007518097808284516,0.0014113641657340797,0.0
42093,Montour County,PA,3/14/2026 10:00,0.003705572004360681,0.005133983519367609,0.0019679037555841074,0.0
42093,Montour County,PA,3/14/2026 11:00,0.0043310944630576475,0.005508538417930166,0.0020849358007926657,0.0
42093,Montour County,PA,3/14/2026 12:00,0.003680524314885539,0.0020292417674149655,0.0,0.0
42093,Montour County,PA,3/14/2026 13:00,0.002218075577330525,0.0012099973936989079,0.0,0.0
42093,Montour County,PA,3/14/2026 14:00,0.0025682646752773503,0.0011615710267767509,0.0,0.0
42093,Montour County,PA,3/14/2026 15:00,0.0020570015493865785,0.001331896549169469,0.0,0.0
42093,Montour County,PA,3/14/2026 16:00,0.00138836738434228,0.0012314124694085278,0.0,0.0
42093,Montour County,PA,3/14/2026 17:00,0.0011284148885484192,0.0014842670499221077,0.0,0.0
42093,Montour County,PA,3/14/2026 18:00,0.0010208596758435648,0.0,0.0,0.0
42093,Montour County,PA,3/14/2026 19:00,0.0,0.0011064828133900708,0.0,0.0
42093,Montour County,PA,3/14/2026 20:00,0.0,0.0,0.0,0.0
42093,Montour County,PA,3/14/2026 21:00,0.0,0.0012043190480062731,0.0,0.0019453547222851456
42093,Montour County,PA,3/14/2026 22:00,0.0,0.002138478549410315,0.0,0.003171557889782427
42093,Montour County,PA,3/14/2026 23:00,0.0,0.001661701738537222,0.0,0.003174281194017689
42093,Montour County,PA,3/15/2026 0:00,0.0,0.0010075201651155044,0.0,0.0031773804772189354
42093,Montour County,PA,3/15/2026 1:00,0.0,0.0,0.0,0.003283063570577225
42093,Montour County,PA,3/15/2026 2:00,0.0,0.0,0.0,0.002639785489575714
42093,Montour County,PA,3/15/2026 3:00,0.0,0.0,0.0,0.00183448824944024
42093,Montour County,PA,3/15/2026 4:00,0.0,0.0,0.0,0.0015562604552435645
42093,Montour County,PA,3/15/2026 5:00,0.0,0.0,0.0,0.0019091197648609033
42093,Montour County,PA,3/15/2026 6:00,0.0,0.0,0.0,0.001777111768689841
42093,Montour County,PA,3/15/2026 7:00,0.0,0.0,0.0,0.0016562272620848893
42093,Montour County,PA,3/15/2026 8:00,0.0,0.0,0.0,0.0021639795796281032
42093,Montour County,PA,3/15/2026 9:00,0.0,0.0,0.0,0.0031341018561394495
42093,Montour County,PA,3/15/2026 10:00,0.0010225025139580222,0.0,0.0,0.002358532909955582
42093,Montour County,PA,3/15/2026 11:00,0.001192992070717382,0.0,0.0,0.001782090342564444
42093,Montour County,PA,3/15/2026 12:00,0.0014797502249275295,0.0013877500042691908,0.0,0.0017698955249458776
42093,Montour County,PA,3/15/2026 13:00,0.0018066026144153004,0.00147966210467796,0.0,0.0
42093,Montour County,PA,3/15/2026 14:00,0.0013861573036174596,0.001489755569518238,0.0,0.0
42093,Montour County,PA,3/15/2026 15:00,0.0,0.0,0.0,0.0
42093,Montour County,PA,3/15/2026 16:00,0.0,0.0,0.0,0.0
42093,Montour County,PA,3/15/2026 17:00,0.0,0.0,0.0,0.0
42093,Montour County,PA,3/15/2026 18:00,0.0,0.0,0.0,0.0
42093,Montour County,PA,3/15/2026 19:00,0.0,0.0,0.0,0.0
42093,Montour County,PA,3/15/2026 20:00,0.0,0.0,0.0014212019373937466,0.0
42093,Montour County,PA,3/15/2026 21:00,0.0,0.0,0.0015505666421047888,0.0
42093,Montour County,PA,3/15/2026 22:00,0.0010288559398186961,0.0,0.0019416726619958706,0.0
42093,Montour County,PA,3/15/2026 23:00,0.0011067690162727664,0.0,0.0033909227723716386,0.0
42093,Montour County,PA,3/16/2026 0:00,0.0,0.0,0.004203746538616854,0.0
42093,Montour County,PA,3/16/2026 1:00,0.0,0.0,0.005461380970288033,0.0
42093,Montour County,PA,3/16/2026 2:00,0.0,0.0,0.0031682211310630455,0.0
42093,Montour County,PA,3/16/2026 3:00,0.0,0.0011258272210082243,0.0033354414668237665,0.0
42093,Montour County,PA,3/16/2026 4:00,0.0,0.0010615987619840474,0.0026765103023588827,0.0
42093,Montour County,PA,3/16/2026 5:00,0.0,0.0,0.0012217580654762823,0.0
42093,Montour County,PA,3/16/2026 6:00,0.001001543628793025,0.0,0.0010551506292501497,0.0
42093,Montour County,PA,3/16/2026 7:00,0.0,0.0,0.0019305211120997706,0.0
42093,Montour County,PA,3/16/2026 8:00,0.0,0.0,0.0014632434822576849,0.0
42093,Montour County,PA,3/16/2026 9:00,0.0,0.0,0.0010133794377242167,0.0
42093,Montour County,PA,3/16/2026 10:00,0.0014883022419874704,0.0,0.0011823877023727702,0.0
42093,Montour County,PA,3/16/2026 11:00,0.0,0.0,0.0,0.0
42093,Montour County,PA,3/16/2026 12:00,0.0,0.0,0.0011896051007853972,0.0
42093,Montour County,PA,3/16/2026 13:00,0.0,0.0,0.0,0.0
42093,Montour County,PA,3/16/2026 14:00,0.0,0.002081362799448898,0.0,0.0
42093,Montour County,PA,3/16/2026 15:00,0.0,0.003102604278497522,0.0012361410729380927,0.0
42093,Montour County,PA,3/16/2026 16:00,0.0,0.0026649322850308492,0.0015298669364379675,0.0
42093,Montour County,PA,3/16/2026 17:00,0.0,0.003444237349850321,0.0015574652860916248,0.0
42093,Montour County,PA,3/16/2026 18:00,0.0012232654649973532,0.00498957755750032,0.0015390408555187953,0.0
42093,Montour County,PA,3/16/2026 19:00,0.005598914065857403,0.003514098573902006,0.0,0.0
42093,Montour County,PA,3/16/2026 20:00,0.002726879871397324,0.002061681579338828,0.0,0.0
42093,Montour County,PA,3/16/2026 21:00,0.003557782621763611,0.0030609884356359264,0.0,0.0
42093,Montour County,PA,3/16/2026 22:00,0.0035911293988278494,0.002800151686734184,0.0,0.0015695701654401743
42093,Montour County,PA,3/16/2026 23:00,0.00434459865119618,0.0030051639765973715,0.0,0.0013022787371341435
42093,Montour County,PA,3/17/2026 0:00,0.004805892404448641,0.0037154245940200737,0.0,0.002073958403833727
42093,Montour County,PA,3/17/2026 1:00,0.0047621923513632295,0.003708081847982171,0.0,0.001110644789367668
42093,Montour County,PA,3/17/2026 2:00,0.00359571498832658,0.0031546839069620937,0.0,0.0
42093,Montour County,PA,3/17/2026 3:00,0.003384957786710827,0.0024875377427089674,0.0,0.0
42093,Montour County,PA,3/17/2026 4:00,0.0017022960407488317,0.0021188360309739892,0.0,0.0
42093,Montour County,PA,3/17/2026 5:00,0.0036418229598392886,0.002931809608661511,0.0,0.0
42093,Montour County,PA,3/17/2026 6:00,0.0017552425584336424,0.0031499728208690438,0.0,0.0
42093,Montour County,PA,3/17/2026 7:00,0.0015991818066816179,0.002059266421589506,0.0,0.0
42093,Montour County,PA,3/17/2026 8:00,0.0017209445899895963,0.0023206350911474803,0.0,0.0
42093,Montour County,PA,3/17/2026 9:00,0.0015971145120945666,0.0022656482599970875,0.0,0.0
42093,Montour County,PA,3/17/2026 10:00,0.0019726368040992423,0.0017999355397718933,0.0,0.0
42093,Montour County,PA,3/17/2026 11:00,0.0019406462595541033,0.0016486905822613203,0.0,0.0
42093,Montour County,PA,3/17/2026 12:00,0.001683809365664313,0.0014716638648532919,0.0,0.0
42093,Montour County,PA,3/17/2026 13:00,0.0017327629302625845,0.0015714320679378665,0.0024495516025577015,0.0
42093,Montour County,PA,3/17/2026 14:00,0.0,0.0,0.0016994218544427167,0.0
42093,Montour County,PA,3/17/2026 15:00,0.0,0.0,0.0013976695859211935,0.0
42093,Montour County,PA,3/17/2026 16:00,0.0,0.0,0.0,0.0
42093,Montour County,PA,3/17/2026 17:00,0.0,0.0,0.0,0.0
42093,Montour County,PA,3/17/2026 18:00,0.0,0.0,0.0,0.0
42093,Montour County,PA,3/17/2026 19:00,0.0,0.0,0.0,0.0
42093,Montour County,PA,3/17/2026 20:00,0.0010929891267062175,0.0,0.0,0.0
42093,Montour County,PA,3/17/2026 21:00,0.0,0.0,0.002052356162879028,0.0
42093,Montour County,PA,3/17/2026 22:00,0.0,0.0,0.001104585466707337,0.0
42093,Montour County,PA,3/17/2026 23:00,0.0,0.0,0.0011094190347768944,0.0
42093,Montour County,PA,3/18/2026 0:00,0.0,0.0,0.0011406649407743959,
42093,Montour County,PA,3/18/2026 1:00,0.0,0.0,0.0011022439529066713,
42093,Montour County,PA,3/18/2026 2:00,0.0,0.0,0.001103626618284426,
42093,Montour County,PA,3/18/2026 3:00,0.0,0.0010694107554161832,0.0,
42093,Montour County,PA,3/18/2026 4:00,0.0,0.0010436173454240443,0.0,
42093,Montour County,PA,3/18/2026 5:00,0.0,0.0010207512020491,0.0,
42093,Montour County,PA,3/18/2026 6:00,0.0,0.0,0.0,
42093,Montour County,PA,3/18/2026 7:00,0.0,0.0010791792565801592,0.0,
42093,Montour County,PA,3/18/2026 8:00,0.0,0.0,0.0,
42093,Montour County,PA,3/18/2026 9:00,0.0,0.0014863270610970059,0.0,
42093,Montour County,PA,3/18/2026 10:00,0.0,0.0014499769371896596,0.0,
42093,Montour County,PA,3/18/2026 11:00,0.0,0.0014927477648431669,0.0,
42093,Montour County,PA,3/18/2026 12:00,0.0,0.0,0.0,
42093,Montour County,PA,3/18/2026 13:00,0.0,0.0,0.0,
42093,Montour County,PA,3/18/2026 14:00,0.0,0.0,0.0,
42093,Montour County,PA,3/18/2026 15:00,0.0,0.0011646489830631893,0.0,
42093,Montour County,PA,3/18/2026 16:00,0.0,0.0,0.0,
42093,Montour County,PA,3/18/2026 17:00,0.0010950187731545767,0.0011586602451954823,0.0,
42093,Montour County,PA,3/18/2026 18:00,0.0,0.0,0.0,
42093,Montour County,PA,3/18/2026 19:00,0.0,0.001193757168967169,0.0,
42093,Montour County,PA,3/18/2026 20:00,0.0,0.0,0.0,
42093,Montour County,PA,3/18/2026 21:00,0.0,0.0,0.0,
42093,Montour County,PA,3/18/2026 22:00,0.0,0.0,0.0,
42093,Montour County,PA,3/18/2026 23:00,0.0,0.0,0.0,
42093,Montour County,PA,3/19/2026 0:00,0.0,0.0,,
42093,Montour County,PA,3/19/2026 1:00,0.0,0.0,,
42093,Montour County,PA,3/19/2026 2:00,0.0,0.0,,
42093,Montour County,PA,3/19/2026 3:00,0.0,0.0,,
42093,Montour County,PA,3/19/2026 4:00,0.0,0.0,,
42093,Montour County,PA,3/19/2026 5:00,0.0,0.0,,
42093,Montour County,PA,3/19/2026 6:00,0.0,0.0,,
42093,Montour County,PA,3/19/2026 7:00,0.0,0.0,,
42093,Montour County,PA,3/19/2026 8:00,0.0,0.0,,
42093,Montour County,PA,3/19/2026 9:00,0.0,0.0,,
42093,Montour County,PA,3/19/2026 10:00,0.0,0.0,,
42093,Montour County,PA,3/19/2026 11:00,0.0,0.0,,
42093,Montour County,PA,3/19/2026 12:00,0.0,0.0,,
42093,Montour County,PA,3/19/2026 13:00,0.0,0.0,,
42093,Montour County,PA,3/19/2026 14:00,0.0,0.0,,
42093,Montour County,PA,3/19/2026 15:00,0.0,0.0,,
42093,Montour County,PA,3/19/2026 16:00,0.0,0.0,,
42093,Montour County,PA,3/19/2026 17:00,0.0,0.0,,
42093,Montour County,PA,3/19/2026 18:00,0.0,,,
42093,Montour County,PA,3/19/2026 19:00,0.0,,,
42093,Montour County,PA,3/19/2026 20:00,0.0,,,
42093,Montour County,PA,3/19/2026 21:00,0.0,,,
42093,Montour County,PA,3/19/2026 22:00,0.0,,,
42093,Montour County,PA,3/19/2026 23:00,,,,
42099,Perry County,PA,3/14/2026 0:00,0.0,0.0012259892513575437,0.0,0.0012759513141861196
42099,Perry County,PA,3/14/2026 1:00,0.0,0.0,0.0,0.0
42099,Perry County,PA,3/14/2026 2:00,0.002282215266809766,0.0,0.0,0.0
42099,Perry County,PA,3/14/2026 3:00,0.001195679106355579,0.0013863319359886843,0.0,0.0
42099,Perry County,PA,3/14/2026 4:00,0.0026111919306919034,0.0011877080010139973,0.0,0.0
42099,Perry County,PA,3/14/2026 5:00,0.004529644516776158,0.001260711402712296,0.0,0.0
42099,Perry County,PA,3/14/2026 6:00,0.0031581708127441455,0.002251620375779513,0.0,0.0
42099,Perry County,PA,3/14/2026 7:00,0.001537422626598365,0.0022537518866343536,0.0,0.0
42099,Perry County,PA,3/14/2026 8:00,0.0,0.0014630549156520207,0.0,0.0
42099,Perry County,PA,3/14/2026 9:00,0.003114192201712071,0.001378923556232276,0.0,0.0
42099,Perry County,PA,3/14/2026 10:00,0.0012434028653571844,0.0019002185960738953,0.0,0.0
42099,Perry County,PA,3/14/2026 11:00,0.0011405415448629606,0.0011529746479808393,0.0,0.0
42099,Perry County,PA,3/14/2026 12:00,0.0012667005853587245,0.001185842404637467,0.0,0.0
42099,Perry County,PA,3/14/2026 13:00,0.0013274345025129648,0.0016828422428846219,0.0,0.0
42099,Perry County,PA,3/14/2026 14:00,0.0011242256395180821,0.0,0.0,0.0
42099,Perry County,PA,3/14/2026 15:00,0.0,0.0,0.0,0.0
42099,Perry County,PA,3/14/2026 16:00,0.0,0.0,0.0,0.0
42099,Perry County,PA,3/14/2026 17:00,0.001208861785049801,0.0,0.0,0.0
42099,Perry County,PA,3/14/2026 18:00,0.0014240760490681756,0.0,0.0,0.0
42099,Perry County,PA,3/14/2026 19:00,0.0,0.0,0.0,0.0010765701153065185
42099,Perry County,PA,3/14/2026 20:00,0.0,0.0,0.0,0.0020085519835260105
42099,Perry County,PA,3/14/2026 21:00,0.0,0.0,0.0,0.002140401516516386
42099,Perry County,PA,3/14/2026 22:00,0.0,0.0012290375750805156,0.0,0.0026431531097767863
42099,Perry County,PA,3/14/2026 23:00,0.0,0.0,0.0,0.0024328114183053864
42099,Perry County,PA,3/15/2026 0:00,0.0,0.0,0.0,0.002051547682521755
42099,Perry County,PA,3/15/2026 1:00,0.0,0.0,0.0011662999485121779,0.002825237016278562
42099,Perry County,PA,3/15/2026 2:00,0.0,0.0,0.0,0.0019210941125449277
42099,Perry County,PA,3/15/2026 3:00,0.0,0.0,0.0,0.001760607942260204
42099,Perry County,PA,3/15/2026 4:00,0.0,0.0,0.0,0.001621956275854708
42099,Perry County,PA,3/15/2026 5:00,0.0,0.0014730163575609465,0.0,0.001817369470591681
42099,Perry County,PA,3/15/2026 6:00,0.0,0.0014724780829619955,0.0,0.0018236786971720577
42099,Perry County,PA,3/15/2026 7:00,0.0,0.001461545634167905,0.0,0.0019366733921909493
42099,Perry County,PA,3/15/2026 8:00,0.0,0.0016011132011199331,0.0,0.002315930371550378
42099,Perry County,PA,3/15/2026 9:00,0.0,0.0015061175544577728,0.0,0.0023375854133231167
42099,Perry County,PA,3/15/2026 10:00,0.0,0.0012331603828867616,0.0,0.002179899457122036
42099,Perry County,PA,3/15/2026 11:00,0.0,0.0012573770801145006,0.0,0.0018597330775220044
42099,Perry County,PA,3/15/2026 12:00,0.0,0.0016026174301765916,0.0,0.0018092799834011377
42099,Perry County,PA,3/15/2026 13:00,0.0,0.0012527416272557707,0.0,0.0018582903496676376
42099,Perry County,PA,3/15/2026 14:00,0.0,0.001223596935831716,0.0,0.0017018815810899096
42099,Perry County,PA,3/15/2026 15:00,0.0,0.0,0.0,0.001438501764181134
42099,Perry County,PA,3/15/2026 16:00,0.0,0.0,0.0,0.0
42099,Perry County,PA,3/15/2026 17:00,0.0,0.0,0.0,0.0
42099,Perry County,PA,3/15/2026 18:00,0.0,0.0012418832418165215,0.002224906710614671,0.0
42099,Perry County,PA,3/15/2026 19:00,0.0,0.0,0.0033795926999785203,0.0
42099,Perry County,PA,3/15/2026 20:00,0.0,0.0,0.005786800393711406,0.0
42099,Perry County,PA,3/15/2026 21:00,0.0,0.0,0.006326600038733913,0.0
42099,Perry County,PA,3/15/2026 22:00,0.0,0.0,0.0073611893115898604,0.0
42099,Perry County,PA,3/15/2026 23:00,0.0,0.0016110496510738923,0.008952123093019859,0.0
42099,Perry County,PA,3/16/2026 0:00,0.0,0.0,0.007616556796237617,0.0
42099,Perry County,PA,3/16/2026 1:00,0.0,0.0,0.005771876244090737,0.0
42099,Perry County,PA,3/16/2026 2:00,0.0,0.0,0.005214938501451394,0.0
42099,Perry County,PA,3/16/2026 3:00,0.0,0.0,0.004976223795291679,0.0
42099,Perry County,PA,3/16/2026 4:00,0.0,0.0,0.004696423328328378,0.0
42099,Perry County,PA,3/16/2026 5:00,0.0,0.0010923166680745502,0.004582954263444114,0.0
42099,Perry County,PA,3/16/2026 6:00,0.0,0.0,0.0036318796606740907,0.0
42099,Perry County,PA,3/16/2026 7:00,0.0025109312288071873,0.0,0.00421416322173421,0.0
42099,Perry County,PA,3/16/2026 8:00,0.0025374826963917756,0.0,0.0035244065859662793,0.0
42099,Perry County,PA,3/16/2026 9:00,0.0019014183589990648,0.0,0.0027258465792076585,0.0
42099,Perry County,PA,3/16/2026 10:00,0.0,0.0012323797665820453,0.003025455361671161,0.0
42099,Perry County,PA,3/16/2026 11:00,0.0,0.0010173007402661622,0.003475134810603641,0.0
42099,Perry County,PA,3/16/2026 12:00,0.0,0.001966114877638466,0.0029879447312441605,0.0
42099,Perry County,PA,3/16/2026 13:00,0.0,0.004329149497718618,0.0026977582247653,0.0
42099,Perry County,PA,3/16/2026 14:00,0.0,0.005528559712422047,0.002270716364580084,0.0
42099,Perry County,PA,3/16/2026 15:00,0.0,0.005707384696875919,0.0017479352227806229,0.0
42099,Perry County,PA,3/16/2026 16:00,0.0,0.0060965570443849435,0.0018788110605224505,0.0
42099,Perry County,PA,3/16/2026 17:00,0.0016348788188815582,0.00819982314723393,0.0015647745490785347,0.0
42099,Perry County,PA,3/16/2026 18:00,0.002433504426832201,0.007144814387319785,0.002113532624846257,0.0
42099,Perry County,PA,3/16/2026 19:00,0.008895146819483935,0.007114961327436747,0.0010461332801961572,0.0
42099,Perry County,PA,3/16/2026 20:00,0.0038766089549428138,0.006382394607189228,0.0013399395782862722,0.0
42099,Perry County,PA,3/16/2026 21:00,0.004865091367208617,0.006045850442519761,0.0,0.0
42099,Perry County,PA,3/16/2026 22:00,0.006250178224373677,0.006635010826018194,0.0,0.0010666283722833203
42099,Perry County,PA,3/16/2026 23:00,0.006368006004631732,0.006242150592759517,0.0,0.0
42099,Perry County,PA,3/17/2026 0:00,0.006632667515961054,0.004135558439614082,0.0,0.0
42099,Perry County,PA,3/17/2026 1:00,0.005285061404018044,0.003895149905345412,0.0,0.0
42099,Perry County,PA,3/17/2026 2:00,0.0037366253778333344,0.0029859223658467143,0.0,0.0
42099,Perry County,PA,3/17/2026 3:00,0.004456676686497228,0.002556175412023348,0.0,0.0
42099,Perry County,PA,3/17/2026 4:00,0.003162460123469398,0.0021634672199834317,0.0,0.0
42099,Perry County,PA,3/17/2026 5:00,0.0029944825687138956,0.002199835841311697,0.0,0.0
42099,Perry County,PA,3/17/2026 6:00,0.002500327522637828,0.0018392645770755368,0.0,0.0
42099,Perry County,PA,3/17/2026 7:00,0.004011013030095811,0.0023541500360251106,0.0,0.0
42099,Perry County,PA,3/17/2026 8:00,0.003846369579693515,0.0018833299425338255,0.0,0.0
42099,Perry County,PA,3/17/2026 9:00,0.0032470681516806117,0.0018417915382523812,0.0,0.0
42099,Perry County,PA,3/17/2026 10:00,0.0027967615636260495,0.0016860612810588155,0.0,0.0
42099,Perry County,PA,3/17/2026 11:00,0.0016433329850218852,0.0015087922703016312,0.0016569818074522482,0.0
42099,Perry County,PA,3/17/2026 12:00,0.001291094340522485,0.0013314789682142322,0.0,0.0
42099,Perry County,PA,3/17/2026 13:00,0.0016873412886074983,0.001371776506807003,0.0,0.0
42099,Perry County,PA,3/17/2026 14:00,0.0019255860766651072,0.0,0.0,0.0
42099,Perry County,PA,3/17/2026 15:00,0.0010551350579337529,0.0,0.0,0.0
42099,Perry County,PA,3/17/2026 16:00,0.0,0.0,0.0,0.0
42099,Perry County,PA,3/17/2026 17:00,0.0010911832208116215,0.0,0.0,0.0
42099,Perry County,PA,3/17/2026 18:00,0.0,0.0,0.0,0.0
42099,Perry County,PA,3/17/2026 19:00,0.0011360956668125513,0.0,0.0,0.0
42099,Perry County,PA,3/17/2026 20:00,0.0,0.0,0.0,0.0
42099,Perry County,PA,3/17/2026 21:00,0.0,0.0,0.0,0.0
42099,Perry County,PA,3/17/2026 22:00,0.0,0.0,0.0,0.0
42099,Perry County,PA,3/17/2026 23:00,0.0,0.0,0.0,0.0
42099,Perry County,PA,3/18/2026 0:00,0.0,0.0,0.0,
42099,Perry County,PA,3/18/2026 1:00,0.0,0.0,0.0,
42099,Perry County,PA,3/18/2026 2:00,0.0,0.0,0.0,
42099,Perry County,PA,3/18/2026 3:00,0.0,0.0,0.0,
42099,Perry County,PA,3/18/2026 4:00,0.0,0.0,0.0,
42099,Perry County,PA,3/18/2026 5:00,0.0,0.0,0.0,
42099,Perry County,PA,3/18/2026 6:00,0.0,0.0,0.0,
42099,Perry County,PA,3/18/2026 7:00,0.0,0.0,0.0,
42099,Perry County,PA,3/18/2026 8:00,0.0,0.0,0.0,
42099,Perry County,PA,3/18/2026 9:00,0.0,0.0,0.0,
42099,Perry County,PA,3/18/2026 10:00,0.0,0.0,0.0,
42099,Perry County,PA,3/18/2026 11:00,0.0,0.0,0.0,
42099,Perry County,PA,3/18/2026 12:00,0.0,0.0,0.0,
42099,Perry County,PA,3/18/2026 13:00,0.0,0.0,0.0,
42099,Perry County,PA,3/18/2026 14:00,0.00111217711014256,0.0,0.0,
42099,Perry County,PA,3/18/2026 15:00,0.0,0.0,0.0,
42099,Perry County,PA,3/18/2026 16:00,0.0,0.0,0.0,
42099,Perry County,PA,3/18/2026 17:00,0.0,0.0,0.0,
42099,Perry County,PA,3/18/2026 18:00,0.0,0.0,0.0,
42099,Perry County,PA,3/18/2026 19:00,0.0,0.0,0.0,
42099,Perry County,PA,3/18/2026 20:00,0.0,0.0,0.0,
42099,Perry County,PA,3/18/2026 21:00,0.0,0.0,0.0,
42099,Perry County,PA,3/18/2026 22:00,0.0,0.0,0.0,
42099,Perry County,PA,3/18/2026 23:00,0.0,0.0,0.0,
42099,Perry County,PA,3/19/2026 0:00,0.0,0.0,,
42099,Perry County,PA,3/19/2026 1:00,0.0,0.0,,
42099,Perry County,PA,3/19/2026 2:00,0.0,0.0,,
42099,Perry County,PA,3/19/2026 3:00,0.0,0.0,,
42099,Perry County,PA,3/19/2026 4:00,0.0,0.0,,
42099,Perry County,PA,3/19/2026 5:00,0.0,0.0,,
42099,Perry County,PA,3/19/2026 6:00,0.0,0.0,,
42099,Perry County,PA,3/19/2026 7:00,0.0,0.0,,
42099,Perry County,PA,3/19/2026 8:00,0.0,0.0,,
42099,Perry County,PA,3/19/2026 9:00,0.0,0.0,,
42099,Perry County,PA,3/19/2026 10:00,0.0,0.0,,
42099,Perry County,PA,3/19/2026 11:00,0.0,0.0,,
42099,Perry County,PA,3/19/2026 12:00,0.0,0.0,,
42099,Perry County,PA,3/19/2026 13:00,0.0,0.0,,
42099,Perry County,PA,3/19/2026 14:00,0.0,0.0,,
42099,Perry County,PA,3/19/2026 15:00,0.0,0.0,,
42099,Perry County,PA,3/19/2026 16:00,0.0,0.0,,
42099,Perry County,PA,3/19/2026 17:00,0.0,0.0,,
42099,Perry County,PA,3/19/2026 18:00,0.0,,,
42099,Perry County,PA,3/19/2026 19:00,0.0,,,
42099,Perry County,PA,3/19/2026 20:00,0.0,,,
42099,Perry County,PA,3/19/2026 21:00,0.0,,,
42099,Perry County,PA,3/19/2026 22:00,0.0,,,
42099,Perry County,PA,3/19/2026 23:00,,,,
42105,Potter County,PA,3/14/2026 0:00,0.0,0.01756707593419934,0.0,0.008262117284962261
42105,Potter County,PA,3/14/2026 1:00,0.0,0.018385548982851257,0.0,0.008302071911408247
42105,Potter County,PA,3/14/2026 2:00,0.005332729775327555,0.018359897737420812,0.0,0.007212446718141022
42105,Potter County,PA,3/14/2026 3:00,0.006298056955725458,0.016613136811476057,0.0,0.007219407414700423
42105,Potter County,PA,3/14/2026 4:00,0.006878353243220667,0.00947074221199087,0.0,0.006702560591625428
42105,Potter County,PA,3/14/2026 5:00,0.008613257484095943,0.0072212835391611925,0.0,0.005854855002017608
42105,Potter County,PA,3/14/2026 6:00,0.010048373859166387,0.00772557867164508,0.0,0.004649419421723313
42105,Potter County,PA,3/14/2026 7:00,0.010525225656129476,0.005429662413510607,0.0,0.00427264583672173
42105,Potter County,PA,3/14/2026 8:00,0.013422099128465497,0.004058744647278916,0.0,0.00447362300411146
42105,Potter County,PA,3/14/2026 9:00,0.010971580754368996,0.0029411463523348965,0.0,0.004865858353178597
42105,Potter County,PA,3/14/2026 10:00,0.008439810979833717,0.0023999312456138744,0.0,0.004891320566023228
42105,Potter County,PA,3/14/2026 11:00,0.005316880871709571,0.0023946427880336832,0.0037667775023786866,0.006399261103206414
42105,Potter County,PA,3/14/2026 12:00,0.004505976608162254,0.0,0.003302550550924119,0.0060144405222902295
42105,Potter County,PA,3/14/2026 13:00,0.004812733121157073,0.0,0.008893830681635458,0.005283739956549723
42105,Potter County,PA,3/14/2026 14:00,0.004518882322420687,0.0,0.006745799322339799,0.0039399601141204285
42105,Potter County,PA,3/14/2026 15:00,0.0038525108855366895,0.0,0.008001122710847373,0.0026952821172579436
42105,Potter County,PA,3/14/2026 16:00,0.002510065813464032,0.0,0.00874815905085871,0.002760311878551129
42105,Potter County,PA,3/14/2026 17:00,0.0018778568058053723,0.0,0.011525969213039378,0.0023511447680876984
42105,Potter County,PA,3/14/2026 18:00,0.0017768609709682246,0.0,0.013746473172509566,0.003142142322887438
42105,Potter County,PA,3/14/2026 19:00,0.0017173424787792011,0.0,0.012526686774897489,0.003831687862024324
42105,Potter County,PA,3/14/2026 20:00,0.0013817532223521078,0.0,0.01243103529101802,0.0034265629135601986
42105,Potter County,PA,3/14/2026 21:00,0.0021226386253810157,0.0,0.01742636948894831,0.004186855773431436
42105,Potter County,PA,3/14/2026 22:00,0.003628225104739938,0.0,0.014304066514064602,0.004150767115043969
42105,Potter County,PA,3/14/2026 23:00,0.003202958383222716,0.0,0.011674763502148107,0.00549321840525252
42105,Potter County,PA,3/15/2026 0:00,0.0023951729540399674,0.0,0.010518926109879171,0.00499652536708495
42105,Potter County,PA,3/15/2026 1:00,0.0023627564263277007,0.0,0.009425068053701852,0.004963927589600659
42105,Potter County,PA,3/15/2026 2:00,0.002244624293171013,0.0,0.009223642221165741,0.0053219707478622145
42105,Potter County,PA,3/15/2026 3:00,0.0024778262406715923,0.0019866129762586004,0.00858861404946234,0.004942675546708189
42105,Potter County,PA,3/15/2026 4:00,0.0,0.0035471008699723677,0.005983414245907348,0.005363008566211184
42105,Potter County,PA,3/15/2026 5:00,0.0,0.006688954994347252,0.004016229891372345,0.006383225423263726
42105,Potter County,PA,3/15/2026 6:00,0.0012681055155232283,0.005834204665089399,0.0038276301529998856,0.005233960058894368
42105,Potter County,PA,3/15/2026 7:00,0.0011471013008916796,0.004416875607329372,0.0037720139395118727,0.006037605796908672
42105,Potter County,PA,3/15/2026 8:00,0.0014006696491671818,0.00484823997193184,0.0030920585049737355,0.006139293927352443
42105,Potter County,PA,3/15/2026 9:00,0.001893566002829182,0.007597807340146031,0.0030516309718903512,0.006681817004495706
42105,Potter County,PA,3/15/2026 10:00,0.0049106687079134865,0.007705915003145653,0.0030233839485638535,0.008723912398010744
42105,Potter County,PA,3/15/2026 11:00,0.009088100103034168,0.00823450577290832,0.0030002683417530143,0.011500041132440809
42105,Potter County,PA,3/15/2026 12:00,0.005686044224573633,0.007166852497146057,0.0028856988540362513,0.01160699054175499
42105,Potter County,PA,3/15/2026 13:00,0.009811190165344968,0.0072814344084888285,0.001973655365734236,0.012021529730059408
42105,Potter County,PA,3/15/2026 14:00,0.011162466437392007,0.006319114212588848,0.002150045303735949,0.00952611645365307
42105,Potter County,PA,3/15/2026 15:00,0.011622346027886414,0.009132187456535068,0.0025803323148425035,0.007815297752433345
42105,Potter County,PA,3/15/2026 16:00,0.010140271961106225,0.007432634491454201,0.0014611811450982854,0.006800529420871725
42105,Potter County,PA,3/15/2026 17:00,0.010136463282574273,0.006436181326093203,0.001772724395747644,0.0063832058612724885
42105,Potter County,PA,3/15/2026 18:00,0.007022711972256601,0.006653819633119485,0.002852365372898045,0.004849335085670709
42105,Potter County,PA,3/15/2026 19:00,0.00972664906459653,0.008382839248125268,0.0018692110631989762,0.0030546316432200193
42105,Potter County,PA,3/15/2026 20:00,0.010390640293163857,0.004776085522106497,0.002112787158252575,0.003127102842371648
42105,Potter County,PA,3/15/2026 21:00,0.013121516068799145,0.006050370920383664,0.0014328004847815694,0.002308040266271865
42105,Potter County,PA,3/15/2026 22:00,0.011173906608309643,0.006551431372249116,0.0,0.0
42105,Potter County,PA,3/15/2026 23:00,0.009384764824516044,0.0028885165391721933,0.005525848299975066,0.0
42105,Potter County,PA,3/16/2026 0:00,0.010099919850928224,0.002001988309958863,0.005970755227005571,0.0
42105,Potter County,PA,3/16/2026 1:00,0.006755330892184236,0.006126437747154712,0.004818547064411194,0.0
42105,Potter County,PA,3/16/2026 2:00,0.005347394919266507,0.005812615622224647,0.005097315162423474,0.0
42105,Potter County,PA,3/16/2026 3:00,0.004049172451114589,0.006253376012222131,0.004074819761541545,0.0
42105,Potter County,PA,3/16/2026 4:00,0.003808747074802947,0.005949227599056477,0.004294454175151223,0.0
42105,Potter County,PA,3/16/2026 5:00,0.002677296814526304,0.0055589361537010775,0.002901337949956702,0.0
42105,Potter County,PA,3/16/2026 6:00,0.0037935934704986076,0.00326757756793193,0.0029677527470910337,0.0
42105,Potter County,PA,3/16/2026 7:00,0.006328253803208462,0.002753172097237249,0.0033329351044980348,0.0010959290783053384
42105,Potter County,PA,3/16/2026 8:00,0.005428300126635157,0.0024888671371588182,0.003317799358617553,0.0016681805535632918
42105,Potter County,PA,3/16/2026 9:00,0.007178735718143737,0.0027727953325271115,0.005959446329415357,0.001936500607516433
42105,Potter County,PA,3/16/2026 10:00,0.008254905014901056,0.0025720206597180054,0.005299727262136679,0.0029029726861896383
42105,Potter County,PA,3/16/2026 11:00,0.004452879081503767,0.0010051772238164364,0.007045847656351551,0.0037070030535891027
42105,Potter County,PA,3/16/2026 12:00,0.003891610770936396,0.0,0.005754422235134089,0.00399653702237454
42105,Potter County,PA,3/16/2026 13:00,0.0037764750621208753,0.0,0.005306200344212182,0.004563099962423398
42105,Potter County,PA,3/16/2026 14:00,0.00473538741955817,0.0,0.004525162658752535,0.0043761470025841485
42105,Potter County,PA,3/16/2026 15:00,0.004927791013215046,0.0,0.002841301367949982,0.003373715922313056
42105,Potter County,PA,3/16/2026 16:00,0.007595063688975149,0.0031216055566761812,0.002584393696254288,0.0026529845244333016
42105,Potter County,PA,3/16/2026 17:00,0.0038485098394123213,0.0035000509618613052,0.0033322178814166907,0.0026553650851278516
42105,Potter County,PA,3/16/2026 18:00,0.003917062585780291,0.0034810465518167843,0.002539987701680044,0.0031421989422504614
42105,Potter County,PA,3/16/2026 19:00,0.0045201816824816075,0.003159962913794967,0.0,0.0018724282298856496
42105,Potter County,PA,3/16/2026 20:00,0.003986938787552033,0.002756610048300679,0.0,0.0028625922758375596
42105,Potter County,PA,3/16/2026 21:00,0.005053386794861206,0.0020441052699439965,0.0012105181808241487,0.002890547112469555
42105,Potter County,PA,3/16/2026 22:00,0.00694933250027375,0.0014172839201877063,0.0,0.002889336710213825
42105,Potter County,PA,3/16/2026 23:00,0.008540448879444428,0.0014012944168022554,0.0,0.0024885665924317553
42105,Potter County,PA,3/17/2026 0:00,0.006970477566071271,0.0018659792775626198,0.0,0.0011516006251787029
42105,Potter County,PA,3/17/2026 1:00,0.00452081717413964,0.0,0.0012951661839716451,0.0024850552373730313
42105,Potter County,PA,3/17/2026 2:00,0.005887286618965785,0.0,0.0011665899182589216,0.002516465230847341
42105,Potter County,PA,3/17/2026 3:00,0.006463398343473277,0.00293771870939513,0.0021618717513347515,0.0011622107544362011
42105,Potter County,PA,3/17/2026 4:00,0.005656061687153495,0.0036157018794710487,0.002443936097058412,0.0011548054112073749
42105,Potter County,PA,3/17/2026 5:00,0.005279749559611105,0.0016726669134636161,0.0028963257569566757,0.0011706426404342247
42105,Potter County,PA,3/17/2026 6:00,0.006670630272516054,0.0012522956065533536,0.0020717940990560265,0.0011706426404342247
42105,Potter County,PA,3/17/2026 7:00,0.006661238721799113,0.0019768038982588654,0.002398661695951387,0.0011795636131166564
42105,Potter County,PA,3/17/2026 8:00,0.006501045554330103,0.002235657608219255,0.002707751454079761,0.0011915584904422355
42105,Potter County,PA,3/17/2026 9:00,0.007084102990953787,0.0026159377820618346,0.00407755732315734,0.0018830807036269266
42105,Potter County,PA,3/17/2026 10:00,0.007110291087826742,0.0011396063262814086,0.0040795970875488795,0.003281202942556984
42105,Potter County,PA,3/17/2026 11:00,0.007680674792561822,0.0,0.0069154497473475724,0.00435691130586427
42105,Potter County,PA,3/17/2026 12:00,0.005923657954815453,0.0011917269588937707,0.004279366056505818,0.0019159664111925373
42105,Potter County,PA,3/17/2026 13:00,0.005373662157070586,0.0,0.0,0.0019073347781940644
42105,Potter County,PA,3/17/2026 14:00,0.0049178735770577355,0.0,0.0026444326496171708,0.0015981109395210964
42105,Potter County,PA,3/17/2026 15:00,0.00477185363413221,0.0,0.0,0.0
42105,Potter County,PA,3/17/2026 16:00,0.004717440342611735,0.0,0.0,0.0016378910712219208
42105,Potter County,PA,3/17/2026 17:00,0.004311563882091799,0.0,0.0,0.0
42105,Potter County,PA,3/17/2026 18:00,0.004863086968427725,0.0,0.0,0.0
42105,Potter County,PA,3/17/2026 19:00,0.005139077633235594,0.0012904093986180587,0.0,0.0
42105,Potter County,PA,3/17/2026 20:00,0.004612254014141301,0.0019974359180231762,0.0,0.0
42105,Potter County,PA,3/17/2026 21:00,0.007068210350056215,0.0022718409410974836,0.0,0.0
42105,Potter County,PA,3/17/2026 22:00,0.007174057306032923,0.0022741947139801335,0.0,0.0
42105,Potter County,PA,3/17/2026 23:00,0.007392094140219013,0.002216828087166955,0.0,0.0
42105,Potter County,PA,3/18/2026 0:00,0.0029107326132832676,0.0015133242572647428,0.0,
42105,Potter County,PA,3/18/2026 1:00,0.002918181278785646,0.0015207202067563025,0.0,
42105,Potter County,PA,3/18/2026 2:00,0.0029226642693353363,0.001549394859683462,0.0,
42105,Potter County,PA,3/18/2026 3:00,0.0031164079337101264,0.001650259084189248,0.0,
42105,Potter County,PA,3/18/2026 4:00,0.0029902590994405655,0.0014804545161649233,0.0,
42105,Potter County,PA,3/18/2026 5:00,0.004115169679606629,0.0020807052717046436,0.0,
42105,Potter County,PA,3/18/2026 6:00,0.0038081704606505204,0.0034024934282477,0.0,
42105,Potter County,PA,3/18/2026 7:00,0.005708221919546764,0.004507742559833819,0.0,
42105,Potter County,PA,3/18/2026 8:00,0.0014032189930884447,0.003663703143568036,0.0,
42105,Potter County,PA,3/18/2026 9:00,0.0015675302922353352,0.0028251222766352553,0.0,
42105,Potter County,PA,3/18/2026 10:00,0.0021997393307629015,0.003151058980942304,0.0,
42105,Potter County,PA,3/18/2026 11:00,0.0035382023605947666,0.0013683345453330011,0.0,
42105,Potter County,PA,3/18/2026 12:00,0.0031857666205842177,0.003001627435100323,0.0,
42105,Potter County,PA,3/18/2026 13:00,0.0023397720108992094,0.0020181712261201595,0.0,
42105,Potter County,PA,3/18/2026 14:00,0.0,0.0020522328899605013,0.0,
42105,Potter County,PA,3/18/2026 15:00,0.0,0.0017376118390285697,0.0,
42105,Potter County,PA,3/18/2026 16:00,0.0,0.0018193746522161911,0.0,
42105,Potter County,PA,3/18/2026 17:00,0.002251207025820497,0.002057746559625736,0.0,
42105,Potter County,PA,3/18/2026 18:00,0.0074929271257165005,0.0020842802237936373,0.0,
42105,Potter County,PA,3/18/2026 19:00,0.004527897401451945,0.0021184804478349725,0.0,
42105,Potter County,PA,3/18/2026 20:00,0.004311680246969987,0.0021227782823387935,0.0,
42105,Potter County,PA,3/18/2026 21:00,0.00467643202001251,0.002349293720452972,0.0,
42105,Potter County,PA,3/18/2026 22:00,0.004648939789004897,0.0023260261014200955,0.0,
42105,Potter County,PA,3/18/2026 23:00,0.004528812677105958,0.0019655644982314226,0.0,
42105,Potter County,PA,3/19/2026 0:00,0.001032335462886035,0.0,,
42105,Potter County,PA,3/19/2026 1:00,0.0,0.0,,
42105,Potter County,PA,3/19/2026 2:00,0.0017792859904388332,0.0017101463030602757,,
42105,Potter County,PA,3/19/2026 3:00,0.0015687501545187377,0.0019667216963001476,,
42105,Potter County,PA,3/19/2026 4:00,0.0015587769619688648,0.00295892690840874,,
42105,Potter County,PA,3/19/2026 5:00,0.0015878882152221803,0.002985164158040649,,
42105,Potter County,PA,3/19/2026 6:00,0.0015806921400431876,0.0029899604721458878,,
42105,Potter County,PA,3/19/2026 7:00,0.00156287699139364,0.002990590593307057,,
42105,Potter County,PA,3/19/2026 8:00,0.00156232614368977,0.0029094580924097176,,
42105,Potter County,PA,3/19/2026 9:00,0.001536730475309161,0.0,,
42105,Potter County,PA,3/19/2026 10:00,0.0018613249401326706,0.0,,
42105,Potter County,PA,3/19/2026 11:00,0.0016567075665496695,0.0,,
42105,Potter County,PA,3/19/2026 12:00,0.0,0.0,,
42105,Potter County,PA,3/19/2026 13:00,0.0,0.0,,
42105,Potter County,PA,3/19/2026 14:00,0.0,0.0,,
42105,Potter County,PA,3/19/2026 15:00,0.0,0.0,,
42105,Potter County,PA,3/19/2026 16:00,0.0,0.0,,
42105,Potter County,PA,3/19/2026 17:00,0.0,0.0,,
42105,Potter County,PA,3/19/2026 18:00,0.0,,,
42105,Potter County,PA,3/19/2026 19:00,0.0,,,
42105,Potter County,PA,3/19/2026 20:00,0.0,,,
42105,Potter County,PA,3/19/2026 21:00,0.0,,,
42105,Potter County,PA,3/19/2026 22:00,0.0,,,
42105,Potter County,PA,3/19/2026 23:00,,,,
42107,Schuylkill County,PA,3/14/2026 0:00,0.0,0.0,0.0,0.0021096790150054354
42107,Schuylkill County,PA,3/14/2026 1:00,0.0,0.0,0.0,0.002559328640961838
42107,Schuylkill County,PA,3/14/2026 2:00,0.0,0.0,0.0,0.0019143408532356974
42107,Schuylkill County,PA,3/14/2026 3:00,0.0,0.0,0.0,0.0016144405445583613
42107,Schuylkill County,PA,3/14/2026 4:00,0.0,0.0,0.0,0.0016201310340704788
42107,Schuylkill County,PA,3/14/2026 5:00,0.0018577443163520252,0.0018483915581911042,0.0,0.0
42107,Schuylkill County,PA,3/14/2026 6:00,0.0,0.0012499324114867187,0.0,0.0
42107,Schuylkill County,PA,3/14/2026 7:00,0.0,0.002234395340975788,0.0,0.0
42107,Schuylkill County,PA,3/14/2026 8:00,0.0010913072435556979,0.0014668181685416086,0.0,0.0
42107,Schuylkill County,PA,3/14/2026 9:00,0.0013723375578595838,0.0,0.0,0.0
42107,Schuylkill County,PA,3/14/2026 10:00,0.0014199151587042126,0.0,0.0,0.0
42107,Schuylkill County,PA,3/14/2026 11:00,0.0021196878773240865,0.0,0.0,0.0
42107,Schuylkill County,PA,3/14/2026 12:00,0.0015934659760251035,0.0011942625178306713,0.0,0.0
42107,Schuylkill County,PA,3/14/2026 13:00,0.0011629784271402998,0.0,0.0,0.0
42107,Schuylkill County,PA,3/14/2026 14:00,0.001258513916151025,0.0,0.0,0.001343015323154638
42107,Schuylkill County,PA,3/14/2026 15:00,0.0010424915742749108,0.0,0.0,0.0014265472114847553
42107,Schuylkill County,PA,3/14/2026 16:00,0.001215394493114334,0.0,0.0,0.0014066849760177129
42107,Schuylkill County,PA,3/14/2026 17:00,0.0,0.0,0.0,0.0017458199473445934
42107,Schuylkill County,PA,3/14/2026 18:00,0.0,0.0,0.0,0.0017402770026926227
42107,Schuylkill County,PA,3/14/2026 19:00,0.0,0.0,0.0,0.0022410097614511135
42107,Schuylkill County,PA,3/14/2026 20:00,0.0,0.0,0.0,0.0035752604826517955
42107,Schuylkill County,PA,3/14/2026 21:00,0.0,0.0,0.0,0.0033355856633450133
42107,Schuylkill County,PA,3/14/2026 22:00,0.0,0.0,0.0,0.00543594269328372
42107,Schuylkill County,PA,3/14/2026 23:00,0.0,0.0,0.0,0.007143552671557287
42107,Schuylkill County,PA,3/15/2026 0:00,0.0,0.0,0.0,0.007136137228472499
42107,Schuylkill County,PA,3/15/2026 1:00,0.0,0.0,0.0,0.005815563025634395
42107,Schuylkill County,PA,3/15/2026 2:00,0.0,0.0,0.0,0.0057579057552504635
42107,Schuylkill County,PA,3/15/2026 3:00,0.0,0.0,0.0,0.0056520415292960115
42107,Schuylkill County,PA,3/15/2026 4:00,0.0,0.0,0.0,0.005278577824464901
42107,Schuylkill County,PA,3/15/2026 5:00,0.0,0.0,0.0,0.00557190794937965
42107,Schuylkill County,PA,3/15/2026 6:00,0.0,0.0,0.0,0.005792136442294499
42107,Schuylkill County,PA,3/15/2026 7:00,0.0,0.0,0.0,0.005957643303690192
42107,Schuylkill County,PA,3/15/2026 8:00,0.0,0.0,0.0,0.006005976112784297
42107,Schuylkill County,PA,3/15/2026 9:00,0.0,0.0,0.0,0.006308043975550924
42107,Schuylkill County,PA,3/15/2026 10:00,0.0,0.0,0.0,0.003388458765570768
42107,Schuylkill County,PA,3/15/2026 11:00,0.0,0.0,0.0,0.003121810543025843
42107,Schuylkill County,PA,3/15/2026 12:00,0.0,0.0,0.0,0.0015584194941663744
42107,Schuylkill County,PA,3/15/2026 13:00,0.0,0.0,0.0,0.0015166820690082688
42107,Schuylkill County,PA,3/15/2026 14:00,0.0,0.0,0.0,0.0011488378981954056
42107,Schuylkill County,PA,3/15/2026 15:00,0.0,0.0,0.0,0.0
42107,Schuylkill County,PA,3/15/2026 16:00,0.0,0.0,0.0,0.0
42107,Schuylkill County,PA,3/15/2026 17:00,0.0,0.0,0.0,0.0
42107,Schuylkill County,PA,3/15/2026 18:00,0.0,0.0,0.0,0.0
42107,Schuylkill County,PA,3/15/2026 19:00,0.0,0.0,0.0,0.0
42107,Schuylkill County,PA,3/15/2026 20:00,0.0,0.0,0.0015065207843045643,0.0
42107,Schuylkill County,PA,3/15/2026 21:00,0.0,0.0,0.00288320502951757,0.0
42107,Schuylkill County,PA,3/15/2026 22:00,0.0,0.0,0.005015306044565055,0.0
42107,Schuylkill County,PA,3/15/2026 23:00,0.0,0.0,0.004874196021073718,0.0
42107,Schuylkill County,PA,3/16/2026 0:00,0.0,0.0,0.0049275951016404165,0.0
42107,Schuylkill County,PA,3/16/2026 1:00,0.0,0.0,0.006195505133935107,0.0
42107,Schuylkill County,PA,3/16/2026 2:00,0.0,0.0,0.005353087796678455,0.0
42107,Schuylkill County,PA,3/16/2026 3:00,0.0,0.0,0.0051996935810085425,0.0
42107,Schuylkill County,PA,3/16/2026 4:00,0.0,0.0,0.00314363501823592,0.0
42107,Schuylkill County,PA,3/16/2026 5:00,0.0,0.0,0.00285124570276923,0.0
42107,Schuylkill County,PA,3/16/2026 6:00,0.0,0.0,0.002092653116802982,0.0
42107,Schuylkill County,PA,3/16/2026 7:00,0.0,0.0021011103800446626,0.002501763842925341,0.0
42107,Schuylkill County,PA,3/16/2026 8:00,0.0,0.0023756946215800316,0.002616345046243396,0.0
42107,Schuylkill County,PA,3/16/2026 9:00,0.0,0.0015563299220136431,0.001984340970857519,0.0
42107,Schuylkill County,PA,3/16/2026 10:00,0.005553168687858085,0.0015231322644823754,0.0023116427504483853,0.0
42107,Schuylkill County,PA,3/16/2026 11:00,0.0,0.0022757446218621027,0.00206290758990277,0.0
42107,Schuylkill County,PA,3/16/2026 12:00,0.0,0.001975776723547821,0.002431328206080228,0.0
42107,Schuylkill County,PA,3/16/2026 13:00,0.001431007974697966,0.002270851157267869,0.00265584614394228,0.0
42107,Schuylkill County,PA,3/16/2026 14:00,0.0,0.001120643351829368,0.0016943850780964543,0.0
42107,Schuylkill County,PA,3/16/2026 15:00,0.0,0.0019069506735670321,0.0,0.0
42107,Schuylkill County,PA,3/16/2026 16:00,0.0,0.0016192194600137097,0.0,0.0
42107,Schuylkill County,PA,3/16/2026 17:00,0.0,0.003266578899197529,0.0,0.0
42107,Schuylkill County,PA,3/16/2026 18:00,0.0,0.0029612687080017813,0.0,0.0
42107,Schuylkill County,PA,3/16/2026 19:00,0.0,0.0034402408265792675,0.0,0.0
42107,Schuylkill County,PA,3/16/2026 20:00,0.00655568391310386,0.003794669703535453,0.0,0.0
42107,Schuylkill County,PA,3/16/2026 21:00,0.008899314044608192,0.004089510590907957,0.0,0.0
42107,Schuylkill County,PA,3/16/2026 22:00,0.004536799652403822,0.003421046398954651,0.0,0.0
42107,Schuylkill County,PA,3/16/2026 23:00,0.00489237648355562,0.002878818202129294,0.0,0.0
42107,Schuylkill County,PA,3/17/2026 0:00,0.006547675207614728,0.0028757396158287343,0.0,0.0
42107,Schuylkill County,PA,3/17/2026 1:00,0.005459898807943326,0.002166608955106272,0.0,0.0
42107,Schuylkill County,PA,3/17/2026 2:00,0.0053201343179615215,0.0020013260542060523,0.0,0.0
42107,Schuylkill County,PA,3/17/2026 3:00,0.005425411754502774,0.0018897147214764149,0.0,0.0
42107,Schuylkill County,PA,3/17/2026 4:00,0.004731404391672995,0.0013520256423046554,0.0,0.0
42107,Schuylkill County,PA,3/17/2026 5:00,0.0061609327312853795,0.0011194728089989419,0.0,0.0
42107,Schuylkill County,PA,3/17/2026 6:00,0.003061536524728037,0.0,0.0,0.0
42107,Schuylkill County,PA,3/17/2026 7:00,0.0026526858046050125,0.0,0.0,0.0
42107,Schuylkill County,PA,3/17/2026 8:00,0.003145017437208426,0.0010936601255570274,0.0,0.0
42107,Schuylkill County,PA,3/17/2026 9:00,0.002508351752869222,0.0,0.0,0.0
42107,Schuylkill County,PA,3/17/2026 10:00,0.0026711830497261296,0.0,0.0,0.0
42107,Schuylkill County,PA,3/17/2026 11:00,0.0033010453648243,0.0,0.0,0.0
42107,Schuylkill County,PA,3/17/2026 12:00,0.0030049353006515594,0.0,0.0,0.0
42107,Schuylkill County,PA,3/17/2026 13:00,0.001616695827757709,0.0,0.0,0.0
42107,Schuylkill County,PA,3/17/2026 14:00,0.0012794831294537347,0.0,0.0,0.0
42107,Schuylkill County,PA,3/17/2026 15:00,0.0,0.0,0.0,0.0
42107,Schuylkill County,PA,3/17/2026 16:00,0.0,0.0,0.0,0.0
42107,Schuylkill County,PA,3/17/2026 17:00,0.0,0.0,0.0,0.0
42107,Schuylkill County,PA,3/17/2026 18:00,0.0,0.0,0.0,0.0
42107,Schuylkill County,PA,3/17/2026 19:00,0.0,0.0,0.0,0.0
42107,Schuylkill County,PA,3/17/2026 20:00,0.0,0.0,0.0,0.0
42107,Schuylkill County,PA,3/17/2026 21:00,0.0,0.0,0.0,0.0
42107,Schuylkill County,PA,3/17/2026 22:00,0.0,0.0,0.0,0.0
42107,Schuylkill County,PA,3/17/2026 23:00,0.0,0.0,0.0,0.0
42107,Schuylkill County,PA,3/18/2026 0:00,0.0,0.0,0.0,
42107,Schuylkill County,PA,3/18/2026 1:00,0.0,0.0,0.0,
42107,Schuylkill County,PA,3/18/2026 2:00,0.0,0.0,0.0,
42107,Schuylkill County,PA,3/18/2026 3:00,0.0,0.0,0.0,
42107,Schuylkill County,PA,3/18/2026 4:00,0.0,0.0,0.0,
42107,Schuylkill County,PA,3/18/2026 5:00,0.0,0.0,0.0,
42107,Schuylkill County,PA,3/18/2026 6:00,0.0,0.0010921896056971052,0.0,
42107,Schuylkill County,PA,3/18/2026 7:00,0.0,0.0,0.0,
42107,Schuylkill County,PA,3/18/2026 8:00,0.0,0.0,0.0,
42107,Schuylkill County,PA,3/18/2026 9:00,0.0,0.0,0.0,
42107,Schuylkill County,PA,3/18/2026 10:00,0.0,0.0,0.0,
42107,Schuylkill County,PA,3/18/2026 11:00,0.0,0.0,0.0,
42107,Schuylkill County,PA,3/18/2026 12:00,0.0,0.0,0.0,
42107,Schuylkill County,PA,3/18/2026 13:00,0.0,0.0,0.0,
42107,Schuylkill County,PA,3/18/2026 14:00,0.0,0.0,0.0,
42107,Schuylkill County,PA,3/18/2026 15:00,0.0,0.0,0.0,
42107,Schuylkill County,PA,3/18/2026 16:00,0.0,0.0,0.0,
42107,Schuylkill County,PA,3/18/2026 17:00,0.0,0.0,0.0,
42107,Schuylkill County,PA,3/18/2026 18:00,0.0,0.0,0.0,
42107,Schuylkill County,PA,3/18/2026 19:00,0.0,0.0,0.0,
42107,Schuylkill County,PA,3/18/2026 20:00,0.0,0.0,0.0,
42107,Schuylkill County,PA,3/18/2026 21:00,0.0,0.0,0.0,
42107,Schuylkill County,PA,3/18/2026 22:00,0.0,0.0,0.0,
42107,Schuylkill County,PA,3/18/2026 23:00,0.0,0.0,0.0,
42107,Schuylkill County,PA,3/19/2026 0:00,0.0,0.0,,
42107,Schuylkill County,PA,3/19/2026 1:00,0.0,0.0,,
42107,Schuylkill County,PA,3/19/2026 2:00,0.0,0.0,,
42107,Schuylkill County,PA,3/19/2026 3:00,0.0,0.0,,
42107,Schuylkill County,PA,3/19/2026 4:00,0.0,0.0,,
42107,Schuylkill County,PA,3/19/2026 5:00,0.0,0.0,,
42107,Schuylkill County,PA,3/19/2026 6:00,0.0,0.0,,
42107,Schuylkill County,PA,3/19/2026 7:00,0.0,0.0,,
42107,Schuylkill County,PA,3/19/2026 8:00,0.0,0.0,,
42107,Schuylkill County,PA,3/19/2026 9:00,0.0,0.0,,
42107,Schuylkill County,PA,3/19/2026 10:00,0.0,0.0,,
42107,Schuylkill County,PA,3/19/2026 11:00,0.0,0.0,,
42107,Schuylkill County,PA,3/19/2026 12:00,0.0,0.0,,
42107,Schuylkill County,PA,3/19/2026 13:00,0.0,0.0,,
42107,Schuylkill County,PA,3/19/2026 14:00,0.0,0.0,,
42107,Schuylkill County,PA,3/19/2026 15:00,0.0,0.0,,
42107,Schuylkill County,PA,3/19/2026 16:00,0.0,0.0,,
42107,Schuylkill County,PA,3/19/2026 17:00,0.0,0.0,,
42107,Schuylkill County,PA,3/19/2026 18:00,0.0,,,
42107,Schuylkill County,PA,3/19/2026 19:00,0.0,,,
42107,Schuylkill County,PA,3/19/2026 20:00,0.0,,,
42107,Schuylkill County,PA,3/19/2026 21:00,0.0,,,
42107,Schuylkill County,PA,3/19/2026 22:00,0.0,,,
42107,Schuylkill County,PA,3/19/2026 23:00,,,,
42111,Somerset County,PA,3/14/2026 0:00,0.018089202050749934,0.013092485076945886,0.0036716584161750575,0.00311628066620338
42111,Somerset County,PA,3/14/2026 1:00,0.01747741386024282,0.011966575129266355,0.0035575227062148588,0.002943161395962863
42111,Somerset County,PA,3/14/2026 2:00,0.016965613672472905,0.012699245163485747,0.0037226396326134506,0.0026767542996968775
42111,Somerset County,PA,3/14/2026 3:00,0.01626238087178587,0.011613604052491483,0.004190166902953939,0.002873697664450721
42111,Somerset County,PA,3/14/2026 4:00,0.01715326419762444,0.01056114728836308,0.003866819946320215,0.002798248159685004
42111,Somerset County,PA,3/14/2026 5:00,0.015464144449215225,0.009114658309995248,0.003251289320903867,0.0029925774024543747
42111,Somerset County,PA,3/14/2026 6:00,0.01506514400630398,0.009735868325672147,0.002679807266712724,0.0029585501804489933
42111,Somerset County,PA,3/14/2026 7:00,0.014700789008867631,0.01017884018982891,0.0027254489555120086,0.0026518622164450638
42111,Somerset County,PA,3/14/2026 8:00,0.014649304869557447,0.009621831753906188,0.00263352795754861,0.0024745113131727035
42111,Somerset County,PA,3/14/2026 9:00,0.012847254927795374,0.009606436518065451,0.0026836426512901464,0.0021966664776874776
42111,Somerset County,PA,3/14/2026 10:00,0.012650372873486164,0.009321204329359617,0.0029141816137969456,0.0020713161010036244
42111,Somerset County,PA,3/14/2026 11:00,0.012365919197492187,0.007991095418218883,0.0029686280752584727,0.001261890618260014
42111,Somerset County,PA,3/14/2026 12:00,0.0114886250605068,0.007899882142314118,0.004092909204672949,0.0016540227262831328
42111,Somerset County,PA,3/14/2026 13:00,0.011054297601386345,0.005820943623469339,0.0028421708571930667,0.0
42111,Somerset County,PA,3/14/2026 14:00,0.007916857979938059,0.005332612969348732,0.004505008096616499,0.0
42111,Somerset County,PA,3/14/2026 15:00,0.006303080814201567,0.005449650801821107,0.003278533218866144,0.0
42111,Somerset County,PA,3/14/2026 16:00,0.0050489793104887834,0.005406782931855214,0.0032796268175581504,0.0
42111,Somerset County,PA,3/14/2026 17:00,0.00406610818043426,0.004357655719123,0.003347516632711695,0.0016634548220823497
42111,Somerset County,PA,3/14/2026 18:00,0.0031905518152213807,0.00428851125368818,0.0034514299334811203,0.0019270662028332563
42111,Somerset County,PA,3/14/2026 19:00,0.0022584390424256425,0.004763720454648988,0.0037278557904801917,0.0022517591820320343
42111,Somerset County,PA,3/14/2026 20:00,0.0019333458712647229,0.005112812914807269,0.003349328860956625,0.0013819762155212656
42111,Somerset County,PA,3/14/2026 21:00,0.0016737661968242612,0.004868060073725535,0.0036450954714542945,0.0013764290656835506
42111,Somerset County,PA,3/14/2026 22:00,0.0016442191228379726,0.004123804911375281,0.003707862165083026,0.0013612565071570678
42111,Somerset County,PA,3/14/2026 23:00,0.0017249197673832083,0.004259287773516865,0.0033086283643415835,0.0013884017035390476
42111,Somerset County,PA,3/15/2026 0:00,0.001432110232777239,0.005448967099521244,0.003804067902960914,0.0010168470548060867
42111,Somerset County,PA,3/15/2026 1:00,0.002474429227345482,0.005400819737002805,0.0046344735296779006,0.0
42111,Somerset County,PA,3/15/2026 2:00,0.0,0.005401971542678124,0.004075011335099395,0.0
42111,Somerset County,PA,3/15/2026 3:00,0.0015697884908170343,0.004268785117665576,0.0037764154003728707,0.0
42111,Somerset County,PA,3/15/2026 4:00,0.0015702655944039364,0.004512733852903368,0.003608325329637072,0.0
42111,Somerset County,PA,3/15/2026 5:00,0.001842528015037554,0.00425941493086359,0.003060352177054846,0.0
42111,Somerset County,PA,3/15/2026 6:00,0.001504765911915371,0.004954672353486348,0.0032905759221293737,0.0
42111,Somerset County,PA,3/15/2026 7:00,0.00157884700163245,0.004482636134444667,0.002890767831250372,0.0
42111,Somerset County,PA,3/15/2026 8:00,0.0011732340457398834,0.005174773144650354,0.0030442594620618633,0.0
42111,Somerset County,PA,3/15/2026 9:00,0.0017869583040905548,0.004261776378134236,0.0034370461142031483,0.0
42111,Somerset County,PA,3/15/2026 10:00,0.005685623188559847,0.005263532982338039,0.002245599145273599,0.0
42111,Somerset County,PA,3/15/2026 11:00,0.0020113678661248893,0.005197399962204644,0.0017162413912880266,0.0
42111,Somerset County,PA,3/15/2026 12:00,0.0015399868433027771,0.004400271738158344,0.0016635350288651003,0.0
42111,Somerset County,PA,3/15/2026 13:00,0.0021431692288930663,0.0038358327104334286,0.0017831407738644128,0.0
42111,Somerset County,PA,3/15/2026 14:00,0.0033242857842161336,0.0036966380964099494,0.0019782223403279017,0.0
42111,Somerset County,PA,3/15/2026 15:00,0.0019727753879013603,0.004360415263324342,0.0026147707391844955,0.0
42111,Somerset County,PA,3/15/2026 16:00,0.002041109076802508,0.0021781914777183465,0.001940643820643837,0.0
42111,Somerset County,PA,3/15/2026 17:00,0.0020508827045853306,0.002524642563813972,0.0017804691823314533,0.0
42111,Somerset County,PA,3/15/2026 18:00,0.0015414277774580603,0.0022196400207814804,0.0025664162721795608,0.0
42111,Somerset County,PA,3/15/2026 19:00,0.0013952374999527195,0.0018183810642753001,0.0019729257041254363,0.0
42111,Somerset County,PA,3/15/2026 20:00,0.0011092858110949785,0.0014104137899043883,0.0024374129899560897,0.0
42111,Somerset County,PA,3/15/2026 21:00,0.0,0.002167530159938406,0.002666962066258362,0.0
42111,Somerset County,PA,3/15/2026 22:00,0.001630315726371275,0.002853152344971331,0.0025707604710276935,0.0
42111,Somerset County,PA,3/15/2026 23:00,0.001544407035273564,0.0030812286519699664,0.00319768663349269,0.0
42111,Somerset County,PA,3/16/2026 0:00,0.0015161599688372415,0.002783347318763302,0.0034654140697271394,0.0
42111,Somerset County,PA,3/16/2026 1:00,0.0014774863696135688,0.0026426797427959734,0.0025383194552168675,0.0
42111,Somerset County,PA,3/16/2026 2:00,0.002316543166546141,0.0023710478948322507,0.002803427051873137,0.0
42111,Somerset County,PA,3/16/2026 3:00,0.0015690945315730471,0.0020486870238867376,0.0016899511266841843,0.0
42111,Somerset County,PA,3/16/2026 4:00,0.0014627818296031035,0.0018583630867671829,0.001784499918176076,0.0
42111,Somerset County,PA,3/16/2026 5:00,0.0020052861988234046,0.00172064184088249,0.001991671171076017,0.0
42111,Somerset County,PA,3/16/2026 6:00,0.0020286949632742023,0.0012767774553759006,0.001314373135012608,0.0
42111,Somerset County,PA,3/16/2026 7:00,0.0023697207124554007,0.0018914046329796391,0.0010804221525317406,0.0
42111,Somerset County,PA,3/16/2026 8:00,0.002451305485857447,0.0021246691770247976,0.0010426095117610733,0.0
42111,Somerset County,PA,3/16/2026 9:00,0.0027828928277817853,0.001970209982597248,0.0011557581834530264,0.0
42111,Somerset County,PA,3/16/2026 10:00,0.002336557593420746,0.0020041182800153022,0.0,0.0
42111,Somerset County,PA,3/16/2026 11:00,0.0017214140106677996,0.002170043643243918,0.0010717728254871618,0.0
42111,Somerset County,PA,3/16/2026 12:00,0.0,0.0016922384438454049,0.001615708760812877,0.0
42111,Somerset County,PA,3/16/2026 13:00,0.001264589177391859,0.0014717079747173236,0.0014122904063425166,0.0
42111,Somerset County,PA,3/16/2026 14:00,0.0,0.0013748585040472669,0.0,0.0
42111,Somerset County,PA,3/16/2026 15:00,0.0,0.0016607260998784457,0.0,0.0
42111,Somerset County,PA,3/16/2026 16:00,0.0,0.0017513844004991338,0.0,0.0
42111,Somerset County,PA,3/16/2026 17:00,0.0,0.0018493377869659654,0.0,0.0
42111,Somerset County,PA,3/16/2026 18:00,0.0,0.0016867808228796916,0.0,0.0
42111,Somerset County,PA,3/16/2026 19:00,0.0,0.001351894868903609,0.0,0.0
42111,Somerset County,PA,3/16/2026 20:00,0.0,0.0014358522384344463,0.0,0.0
42111,Somerset County,PA,3/16/2026 21:00,0.0029007842102268147,0.0010797251429325934,0.0,0.0
42111,Somerset County,PA,3/16/2026 22:00,0.002921513144825889,0.002149226330830308,0.0,0.0
42111,Somerset County,PA,3/16/2026 23:00,0.0028672665039525436,0.0018415945862436452,0.0,0.0
42111,Somerset County,PA,3/17/2026 0:00,0.002350620476589497,0.0019246446918118074,0.0,0.0
42111,Somerset County,PA,3/17/2026 1:00,0.002863024381093819,0.0014703627254625906,0.0,0.0
42111,Somerset County,PA,3/17/2026 2:00,0.002470704072359671,0.0,0.0,0.0
42111,Somerset County,PA,3/17/2026 3:00,0.002088759787008211,0.0,0.0,0.0
42111,Somerset County,PA,3/17/2026 4:00,0.0019775221856146354,0.0,0.0,0.0
42111,Somerset County,PA,3/17/2026 5:00,0.0015993767245704837,0.0,0.0,0.0
42111,Somerset County,PA,3/17/2026 6:00,0.0,0.0,0.0,0.0
42111,Somerset County,PA,3/17/2026 7:00,0.0,0.0,0.0,0.0
42111,Somerset County,PA,3/17/2026 8:00,0.0,0.0,0.0,0.0
42111,Somerset County,PA,3/17/2026 9:00,0.0,0.0,0.0,0.0
42111,Somerset County,PA,3/17/2026 10:00,0.0,0.0,0.0,0.0
42111,Somerset County,PA,3/17/2026 11:00,0.0,0.0,0.0,0.0
42111,Somerset County,PA,3/17/2026 12:00,0.0,0.0,0.0,0.0
42111,Somerset County,PA,3/17/2026 13:00,0.0,0.0,0.0,0.0
42111,Somerset County,PA,3/17/2026 14:00,0.0,0.0,0.0,0.0
42111,Somerset County,PA,3/17/2026 15:00,0.0,0.0,0.0,0.0
42111,Somerset County,PA,3/17/2026 16:00,0.0,0.0,0.0,0.0
42111,Somerset County,PA,3/17/2026 17:00,0.0,0.0,0.0,0.0
42111,Somerset County,PA,3/17/2026 18:00,0.0,0.0,0.0,0.0
42111,Somerset County,PA,3/17/2026 19:00,0.0,0.0,0.0,0.0
42111,Somerset County,PA,3/17/2026 20:00,0.0,0.0,0.0,0.0
42111,Somerset County,PA,3/17/2026 21:00,0.0,0.0,0.0,0.0
42111,Somerset County,PA,3/17/2026 22:00,0.0,0.0,0.0,0.0
42111,Somerset County,PA,3/17/2026 23:00,0.0,0.0,0.0,0.0
42111,Somerset County,PA,3/18/2026 0:00,0.0,0.0,0.0,
42111,Somerset County,PA,3/18/2026 1:00,0.0,0.0,0.0,
42111,Somerset County,PA,3/18/2026 2:00,0.0,0.0,0.0,
42111,Somerset County,PA,3/18/2026 3:00,0.0,0.0,0.0,
42111,Somerset County,PA,3/18/2026 4:00,0.0,0.0,0.0,
42111,Somerset County,PA,3/18/2026 5:00,0.0,0.0,0.0,
42111,Somerset County,PA,3/18/2026 6:00,0.0,0.0,0.0,
42111,Somerset County,PA,3/18/2026 7:00,0.0,0.0010949777360630818,0.0,
42111,Somerset County,PA,3/18/2026 8:00,0.0,0.0,0.0,
42111,Somerset County,PA,3/18/2026 9:00,0.0,0.0,0.0,
42111,Somerset County,PA,3/18/2026 10:00,0.0,0.0,0.0,
42111,Somerset County,PA,3/18/2026 11:00,0.0,0.0,0.0,
42111,Somerset County,PA,3/18/2026 12:00,0.0,0.0,0.0,
42111,Somerset County,PA,3/18/2026 13:00,0.0,0.0,0.0,
42111,Somerset County,PA,3/18/2026 14:00,0.0,0.0,0.0,
42111,Somerset County,PA,3/18/2026 15:00,0.0,0.0,0.0,
42111,Somerset County,PA,3/18/2026 16:00,0.0,0.0,0.0,
42111,Somerset County,PA,3/18/2026 17:00,0.0,0.0,0.0,
42111,Somerset County,PA,3/18/2026 18:00,0.0,0.0,0.0,
42111,Somerset County,PA,3/18/2026 19:00,0.0,0.0,0.0,
42111,Somerset County,PA,3/18/2026 20:00,0.0,0.0,0.0,
42111,Somerset County,PA,3/18/2026 21:00,0.0,0.0,0.0,
42111,Somerset County,PA,3/18/2026 22:00,0.0,0.0,0.0,
42111,Somerset County,PA,3/18/2026 23:00,0.0,0.0,0.0,
42111,Somerset County,PA,3/19/2026 0:00,0.0,0.0,,
42111,Somerset County,PA,3/19/2026 1:00,0.0,0.0,,
42111,Somerset County,PA,3/19/2026 2:00,0.0,0.0,,
42111,Somerset County,PA,3/19/2026 3:00,0.0,0.0,,
42111,Somerset County,PA,3/19/2026 4:00,0.0,0.0,,
42111,Somerset County,PA,3/19/2026 5:00,0.0,0.0,,
42111,Somerset County,PA,3/19/2026 6:00,0.0,0.0,,
42111,Somerset County,PA,3/19/2026 7:00,0.0,0.0,,
42111,Somerset County,PA,3/19/2026 8:00,0.0,0.0,,
42111,Somerset County,PA,3/19/2026 9:00,0.0,0.0,,
42111,Somerset County,PA,3/19/2026 10:00,0.0,0.0,,
42111,Somerset County,PA,3/19/2026 11:00,0.0,0.0,,
42111,Somerset County,PA,3/19/2026 12:00,0.0,0.0,,
42111,Somerset County,PA,3/19/2026 13:00,0.0,0.0,,
42111,Somerset County,PA,3/19/2026 14:00,0.0,0.0,,
42111,Somerset County,PA,3/19/2026 15:00,0.0,0.0,,
42111,Somerset County,PA,3/19/2026 16:00,0.0,0.0,,
42111,Somerset County,PA,3/19/2026 17:00,0.0,0.0,,
42111,Somerset County,PA,3/19/2026 18:00,0.0,,,
42111,Somerset County,PA,3/19/2026 19:00,0.0,,,
42111,Somerset County,PA,3/19/2026 20:00,0.0,,,
42111,Somerset County,PA,3/19/2026 21:00,0.0,,,
42111,Somerset County,PA,3/19/2026 22:00,0.0,,,
42111,Somerset County,PA,3/19/2026 23:00,,,,
42117,Tioga County,PA,3/14/2026 0:00,0.0027566469479949735,0.007298236674425624,0.0,0.0037682601948584287
42117,Tioga County,PA,3/14/2026 1:00,0.002054003624902957,0.00940633968559841,0.0,0.004150562150262782
42117,Tioga County,PA,3/14/2026 2:00,0.003040049248069214,0.010342786438900346,0.0,0.0032366048084130714
42117,Tioga County,PA,3/14/2026 3:00,0.005263991696490449,0.01121110385448281,0.0,0.0032784051911344614
42117,Tioga County,PA,3/14/2026 4:00,0.005552419066374194,0.0059029311373503595,0.0,0.003173698403618937
42117,Tioga County,PA,3/14/2026 5:00,0.005335943865033149,0.0049473478199476215,0.0,0.0028533172258221585
42117,Tioga County,PA,3/14/2026 6:00,0.006403408677027921,0.004042934966978643,0.0,0.002693824731611363
42117,Tioga County,PA,3/14/2026 7:00,0.007603357479522425,0.002941055112321568,0.0,0.0027063492132508907
42117,Tioga County,PA,3/14/2026 8:00,0.013001614235467363,0.002685018555127737,0.0,0.0034028418730579686
42117,Tioga County,PA,3/14/2026 9:00,0.013692092247552612,0.0018540736818311381,0.0,0.0026551610373753303
42117,Tioga County,PA,3/14/2026 10:00,0.00997485027762118,0.001040441800654731,0.0,0.0024906405608766374
42117,Tioga County,PA,3/14/2026 11:00,0.00690913566242724,0.0,0.0027334688848893716,0.002457015108677832
42117,Tioga County,PA,3/14/2026 12:00,0.007473656344546839,0.0,0.004682321731622799,0.0027223171649047658
42117,Tioga County,PA,3/14/2026 13:00,0.011027085331237203,0.0,0.00637185709586675,0.0025636682376902254
42117,Tioga County,PA,3/14/2026 14:00,0.007836658855358353,0.0012480577661043207,0.008849985638535882,0.002805677538596973
42117,Tioga County,PA,3/14/2026 15:00,0.005845124655203887,0.0,0.010441896004322066,0.0020453661224384026
42117,Tioga County,PA,3/14/2026 16:00,0.004798816746052186,0.0,0.01164994788498842,0.0022524838810405153
42117,Tioga County,PA,3/14/2026 17:00,0.0035881203365643343,0.0,0.010957864091702886,0.001828215264037787
42117,Tioga County,PA,3/14/2026 18:00,0.0017007009084330472,0.0012293162523426358,0.01216436742663669,0.001987093360038364
42117,Tioga County,PA,3/14/2026 19:00,0.0,0.0,0.009236134796736533,0.002437776577252476
42117,Tioga County,PA,3/14/2026 20:00,0.0012088829876370738,0.0,0.008563125787347319,0.0018710187323660431
42117,Tioga County,PA,3/14/2026 21:00,0.0,0.0,0.008360067267343094,0.004449676108198055
42117,Tioga County,PA,3/14/2026 22:00,0.0,0.0,0.008322779815442074,0.005883105450840995
42117,Tioga County,PA,3/14/2026 23:00,0.0,0.0,0.010152392829789917,0.005975413651579758
42117,Tioga County,PA,3/15/2026 0:00,0.0,0.0,0.00933859977465827,0.006638272608729305
42117,Tioga County,PA,3/15/2026 1:00,0.0,0.0,0.0057814812074250994,0.005389882062291887
42117,Tioga County,PA,3/15/2026 2:00,0.0,0.0,0.004929660998169133,0.0054179850150231435
42117,Tioga County,PA,3/15/2026 3:00,0.0,0.0,0.004118642596602563,0.00512702546970697
42117,Tioga County,PA,3/15/2026 4:00,0.0,0.0,0.0037526923155288892,0.004263748249660742
42117,Tioga County,PA,3/15/2026 5:00,0.0,0.0021412108649596167,0.0034792161720173125,0.004137361974298263
42117,Tioga County,PA,3/15/2026 6:00,0.0,0.0033645850655392097,0.0030552339844592924,0.003932040561244982
42117,Tioga County,PA,3/15/2026 7:00,0.0,0.004796132216953167,0.0031116650902665716,0.004120376475611915
42117,Tioga County,PA,3/15/2026 8:00,0.0,0.006818863724029334,0.002995963341884922,0.003749290670392354
42117,Tioga County,PA,3/15/2026 9:00,0.0,0.00834412022878728,0.002772399918145064,0.0027851422093270115
42117,Tioga County,PA,3/15/2026 10:00,0.0025901387389675678,0.008834227237483293,0.002771986515158243,0.0035589700491545305
42117,Tioga County,PA,3/15/2026 11:00,0.007442817240913947,0.009622828038609444,0.002467020378387053,0.0035405386328302576
42117,Tioga County,PA,3/15/2026 12:00,0.011304218302508804,0.008646950649171134,0.002389907535370793,0.0033807289283969985
42117,Tioga County,PA,3/15/2026 13:00,0.00936576819429232,0.009521715648397888,0.002107817319286527,0.0031068241138117346
42117,Tioga County,PA,3/15/2026 14:00,0.012829661573112838,0.00826311727404084,0.001160053102146934,0.0031935156683828344
42117,Tioga County,PA,3/15/2026 15:00,0.010135103182723697,0.007890914033737099,0.0012391927916458787,0.0022503956806273627
42117,Tioga County,PA,3/15/2026 16:00,0.011986285047683228,0.006592361503740074,0.0023316590276749095,0.0022631948241445114
42117,Tioga County,PA,3/15/2026 17:00,0.010171641130939064,0.006680852837765136,0.001827844263107216,0.0019330752668631306
42117,Tioga County,PA,3/15/2026 18:00,0.011456152521980099,0.005582227175057324,0.0019376688681377958,0.001201895642340918
42117,Tioga County,PA,3/15/2026 19:00,0.012020316310806868,0.004923493819809494,0.002773699099142995,0.0
42117,Tioga County,PA,3/15/2026 20:00,0.008485927603180553,0.005276494736241835,0.00379475432927186,0.0
42117,Tioga County,PA,3/15/2026 21:00,0.010971125062695656,0.0043024908650967485,0.0,0.0
42117,Tioga County,PA,3/15/2026 22:00,0.012029708101716458,0.005232600978427946,0.0018155039468505565,0.0
42117,Tioga County,PA,3/15/2026 23:00,0.007929694430159144,0.005057148793884869,0.004450310927415899,0.0
42117,Tioga County,PA,3/16/2026 0:00,0.006078811231322898,0.004575219015258124,0.004749004283541973,0.0
42117,Tioga County,PA,3/16/2026 1:00,0.006854566801432031,0.0048396219594975835,0.005135255064447029,0.0
42117,Tioga County,PA,3/16/2026 2:00,0.003040607587181933,0.006218960498851337,0.0037785548041038702,0.0
42117,Tioga County,PA,3/16/2026 3:00,0.0029719773130738904,0.0062829056896992015,0.002589845868715321,0.0
42117,Tioga County,PA,3/16/2026 4:00,0.0026900496384921016,0.0084191840006507,0.0027287054322387224,0.0
42117,Tioga County,PA,3/16/2026 5:00,0.0025794404930319062,0.007594974794567522,0.001555179339656585,0.0
42117,Tioga County,PA,3/16/2026 6:00,0.0026257674692124664,0.00828487161645627,0.0015389009135224042,0.0
42117,Tioga County,PA,3/16/2026 7:00,0.0024550162961731728,0.006718283102960123,0.001422557699643822,0.0
42117,Tioga County,PA,3/16/2026 8:00,0.0030903529765917708,0.006440423910378568,0.0010811496369812444,0.0
42117,Tioga County,PA,3/16/2026 9:00,0.004479750474020103,0.006108863323820793,0.0018347590588304152,0.0
42117,Tioga County,PA,3/16/2026 10:00,0.008079345932121961,0.005258552021651682,0.001576750226246462,0.0
42117,Tioga County,PA,3/16/2026 11:00,0.006047870310501919,0.0057460367559670576,0.0015116263038686057,0.0
42117,Tioga County,PA,3/16/2026 12:00,0.006805563038526355,0.007041196577251147,0.0012130508200258313,0.0
42117,Tioga County,PA,3/16/2026 13:00,0.003256344449692555,0.004592541270111602,0.0017714929557248735,0.0
42117,Tioga County,PA,3/16/2026 14:00,0.005974214090799218,0.0037179959592073828,0.0023178845707900954,0.0
42117,Tioga County,PA,3/16/2026 15:00,0.005550067462701336,0.004515970033909345,0.0019425308065171903,0.0
42117,Tioga County,PA,3/16/2026 16:00,0.006258318639898907,0.005101781081624931,0.0034278803825968803,0.0
42117,Tioga County,PA,3/16/2026 17:00,0.009036992284282841,0.004025174522920309,0.0023050749193942576,0.0
42117,Tioga County,PA,3/16/2026 18:00,0.009361062417709403,0.004119005386657601,0.0023177553002419805,0.0
42117,Tioga County,PA,3/16/2026 19:00,0.006607859504970873,0.004509998023354077,0.0028529179229170006,0.0
42117,Tioga County,PA,3/16/2026 20:00,0.00647686858009243,0.0050683614769574965,0.0029176534496580062,0.0
42117,Tioga County,PA,3/16/2026 21:00,0.0062155588102639344,0.004942757970358587,0.0026924347950737326,0.0
42117,Tioga County,PA,3/16/2026 22:00,0.006559118409596882,0.006106288217354682,0.004213807335020236,0.0
42117,Tioga County,PA,3/16/2026 23:00,0.00648863324008885,0.005348780357374974,0.0021529029011660636,0.0
42117,Tioga County,PA,3/17/2026 0:00,0.006819010945512063,0.0050500519731418395,0.0018199702098225794,0.0
42117,Tioga County,PA,3/17/2026 1:00,0.007057956064020271,0.003782070805319609,0.0017269911274172525,0.0
42117,Tioga County,PA,3/17/2026 2:00,0.006712737354990319,0.0035459734574772223,0.0016016068640746714,0.0
42117,Tioga County,PA,3/17/2026 3:00,0.006470344575425652,0.004241288207418858,0.0018817201535295909,0.0
42117,Tioga County,PA,3/17/2026 4:00,0.006458764032659137,0.003663919226126395,0.001984012301696278,0.0
42117,Tioga County,PA,3/17/2026 5:00,0.0058035398753581175,0.00437458341494497,0.001994625164878089,0.0
42117,Tioga County,PA,3/17/2026 6:00,0.005567841056612296,0.0031936595097737737,0.0016323662394443928,0.0
42117,Tioga County,PA,3/17/2026 7:00,0.005367200559426091,0.004028444585023205,0.001680812114281704,0.0
42117,Tioga County,PA,3/17/2026 8:00,0.005545524161504025,0.003630393695171133,0.002012473587102514,0.0
42117,Tioga County,PA,3/17/2026 9:00,0.005566884685099364,0.003983825198960679,0.001527208304163397,0.0
42117,Tioga County,PA,3/17/2026 10:00,0.005973310390164187,0.003367809910846606,0.002020285456867988,0.0
42117,Tioga County,PA,3/17/2026 11:00,0.00541443750643567,0.003357424293335821,0.005743933049264515,0.0
42117,Tioga County,PA,3/17/2026 12:00,0.003616109549437904,0.0031008435704949666,0.003465137461236098,0.0
42117,Tioga County,PA,3/17/2026 13:00,0.003767506885588658,0.0022471687858123114,0.0,0.0
42117,Tioga County,PA,3/17/2026 14:00,0.0031643159861363536,0.0023685487474227017,0.0011504340266865417,0.0
42117,Tioga County,PA,3/17/2026 15:00,0.003566322512374408,0.0015400239727042736,0.0,0.0
42117,Tioga County,PA,3/17/2026 16:00,0.003016140874662317,0.0021977614567254677,0.0,0.0
42117,Tioga County,PA,3/17/2026 17:00,0.002499616179521646,0.0023719733154278708,0.0012347917735974915,0.0
42117,Tioga County,PA,3/17/2026 18:00,0.0017707113970704983,0.0030945817048525512,0.0,0.0
42117,Tioga County,PA,3/17/2026 19:00,0.0029276280474486802,0.002324793865502418,0.0,0.0
42117,Tioga County,PA,3/17/2026 20:00,0.0028232298166576504,0.002319846584851446,0.0,0.0
42117,Tioga County,PA,3/17/2026 21:00,0.002420355992524951,0.0024385316071345656,0.0,0.0
42117,Tioga County,PA,3/17/2026 22:00,0.0032919731705246293,0.0030272489596903625,0.0,0.0
42117,Tioga County,PA,3/17/2026 23:00,0.003152070520103144,0.003019041835340381,0.0,0.0
42117,Tioga County,PA,3/18/2026 0:00,0.0018747778236891794,0.0012551536855145134,0.0,
42117,Tioga County,PA,3/18/2026 1:00,0.0018005175635127668,0.0013563427000875992,0.0,
42117,Tioga County,PA,3/18/2026 2:00,0.001751975746675136,0.0013284428377486669,0.0,
42117,Tioga County,PA,3/18/2026 3:00,0.0017474927561254463,0.0012695988406304798,0.0,
42117,Tioga County,PA,3/18/2026 4:00,0.0017995307074313068,0.001033224068528108,0.0,
42117,Tioga County,PA,3/18/2026 5:00,0.0017513296394632242,0.001744829802197532,0.0,
42117,Tioga County,PA,3/18/2026 6:00,0.0018263063831620546,0.00229288737341237,0.0,
42117,Tioga County,PA,3/18/2026 7:00,0.0,0.0,0.0,
42117,Tioga County,PA,3/18/2026 8:00,0.0,0.0,0.0,
42117,Tioga County,PA,3/18/2026 9:00,0.0,0.0,0.0,
42117,Tioga County,PA,3/18/2026 10:00,0.001010496181763683,0.0,0.0,
42117,Tioga County,PA,3/18/2026 11:00,0.001247649225774609,0.0,0.0,
42117,Tioga County,PA,3/18/2026 12:00,0.001445076699909557,0.0,0.0,
42117,Tioga County,PA,3/18/2026 13:00,0.001691009183465803,0.0,0.0,
42117,Tioga County,PA,3/18/2026 14:00,0.0,0.0,0.0,
42117,Tioga County,PA,3/18/2026 15:00,0.0010738296409880939,0.0,0.0,
42117,Tioga County,PA,3/18/2026 16:00,0.0,0.0,0.0,
42117,Tioga County,PA,3/18/2026 17:00,0.0,0.0,0.0,
42117,Tioga County,PA,3/18/2026 18:00,0.0,0.0,0.0,
42117,Tioga County,PA,3/18/2026 19:00,0.0,0.0,0.0,
42117,Tioga County,PA,3/18/2026 20:00,0.0,0.0,0.0,
42117,Tioga County,PA,3/18/2026 21:00,0.0,0.0,0.0,
42117,Tioga County,PA,3/18/2026 22:00,0.0,0.0,0.0,
42117,Tioga County,PA,3/18/2026 23:00,0.0,0.0,0.0,
42117,Tioga County,PA,3/19/2026 0:00,0.0,0.0,,
42117,Tioga County,PA,3/19/2026 1:00,0.0,0.0,,
42117,Tioga County,PA,3/19/2026 2:00,0.0,0.0,,
42117,Tioga County,PA,3/19/2026 3:00,0.0,0.0,,
42117,Tioga County,PA,3/19/2026 4:00,0.0,0.0,,
42117,Tioga County,PA,3/19/2026 5:00,0.0,0.0,,
42117,Tioga County,PA,3/19/2026 6:00,0.0,0.0,,
42117,Tioga County,PA,3/19/2026 7:00,0.0,0.0,,
42117,Tioga County,PA,3/19/2026 8:00,0.0,0.0,,
42117,Tioga County,PA,3/19/2026 9:00,0.0011811701991914665,0.0,,
42117,Tioga County,PA,3/19/2026 10:00,0.0,0.0,,
42117,Tioga County,PA,3/19/2026 11:00,0.0011607642848648675,0.0,,
42117,Tioga County,PA,3/19/2026 12:00,0.0,0.0,,
42117,Tioga County,PA,3/19/2026 13:00,0.0,0.0,,
42117,Tioga County,PA,3/19/2026 14:00,0.0,0.0,,
42117,Tioga County,PA,3/19/2026 15:00,0.0,0.0,,
42117,Tioga County,PA,3/19/2026 16:00,0.0,0.0,,
42117,Tioga County,PA,3/19/2026 17:00,0.0,0.0,,
42117,Tioga County,PA,3/19/2026 18:00,0.0,,,
42117,Tioga County,PA,3/19/2026 19:00,0.0,,,
42117,Tioga County,PA,3/19/2026 20:00,0.0,,,
42117,Tioga County,PA,3/19/2026 21:00,0.0,,,
42117,Tioga County,PA,3/19/2026 22:00,0.0,,,
42117,Tioga County,PA,3/19/2026 23:00,,,,
42123,Warren County,PA,3/14/2026 0:00,0.19967783503761888,0.2010722902810999,0.011065341760057568,0.013430004759160796
42123,Warren County,PA,3/14/2026 1:00,0.20476103379712882,0.1960698277531168,0.008683274842941275,0.0125007035082473
42123,Warren County,PA,3/14/2026 2:00,0.20766930444160211,0.18957044037417636,0.007572745383912638,0.012216405930703706
42123,Warren County,PA,3/14/2026 3:00,0.19783161791814827,0.18724922354390888,0.007551930455038946,0.011592330270838998
42123,Warren County,PA,3/14/2026 4:00,0.21230839035844334,0.18020173373908005,0.0077672408461320714,0.012755841365899715
42123,Warren County,PA,3/14/2026 5:00,0.2107134339485095,0.16533407933911273,0.007144674848613695,0.011593826880672113
42123,Warren County,PA,3/14/2026 6:00,0.20317276878063031,0.16191357975354054,0.008399819681812094,0.010711657434869197
42123,Warren County,PA,3/14/2026 7:00,0.19971637887399413,0.15723769528621706,0.009760430937249539,0.010953168518915283
42123,Warren County,PA,3/14/2026 8:00,0.19250361490462656,0.12175217150394645,0.010725725316050549,0.009321822846514867
42123,Warren County,PA,3/14/2026 9:00,0.17922711443857622,0.11129077343755671,0.010704841604105276,0.009980311599609328
42123,Warren County,PA,3/14/2026 10:00,0.17583663077466602,0.08055771510853584,0.011312120914027982,0.009138200674846827
42123,Warren County,PA,3/14/2026 11:00,0.1460034766816226,0.04975474079462337,0.013346912444206485,0.010213746810519172
42123,Warren County,PA,3/14/2026 12:00,0.12092782385694548,0.04714256923357455,0.01670950298698023,0.00947889708082875
42123,Warren County,PA,3/14/2026 13:00,0.10017651653567282,0.0245038433511261,0.015918402265676517,0.00913278563774365
42123,Warren County,PA,3/14/2026 14:00,0.08314876907856072,0.014393196235029444,0.015286919037196344,0.006638865299180864
42123,Warren County,PA,3/14/2026 15:00,0.05418573660903466,0.01743176596259526,0.01523843203475165,0.006108956459599442
42123,Warren County,PA,3/14/2026 16:00,0.045196489404044096,0.013380030634591396,0.018936706883999597,0.005464746332282217
42123,Warren County,PA,3/14/2026 17:00,0.03853536251763618,0.013183993103741916,0.02256111931804271,0.005040537816395754
42123,Warren County,PA,3/14/2026 18:00,0.025838872447910596,0.014893380542272114,0.021500724459804096,0.005153469028312555
42123,Warren County,PA,3/14/2026 19:00,0.020802085982944158,0.016340409729432976,0.024237296630702152,0.004466307982465606
42123,Warren County,PA,3/14/2026 20:00,0.017067272012281653,0.016588114803423416,0.024428516161325263,0.004511499888287519
42123,Warren County,PA,3/14/2026 21:00,0.015594684092417009,0.019036279910037774,0.022228790089782954,0.004752600345824019
42123,Warren County,PA,3/14/2026 22:00,0.014644046343477227,0.018329199148617154,0.022051230837433416,0.004484026703632182
42123,Warren County,PA,3/14/2026 23:00,0.016051180536167036,0.013520482472573855,0.021584753051347324,0.004017871035517079
42123,Warren County,PA,3/15/2026 0:00,0.012054100018467392,0.010438470009341753,0.021103326657449534,0.003545787681146458
42123,Warren County,PA,3/15/2026 1:00,0.00861949820127731,0.009966579384529748,0.018505448509442586,0.004132613096373726
42123,Warren County,PA,3/15/2026 2:00,0.010498956899895332,0.005319018854591169,0.017281395257752213,0.003541600811569441
42123,Warren County,PA,3/15/2026 3:00,0.00843933973820293,0.011068424962798846,0.016527388531580957,0.004329663638325396
42123,Warren County,PA,3/15/2026 4:00,0.009248041683010723,0.007182171251076573,0.013552190276721242,0.0034657631763448022
42123,Warren County,PA,3/15/2026 5:00,0.011014510831934474,0.015556099732209429,0.013074807232314163,0.00292470853152663
42123,Warren County,PA,3/15/2026 6:00,0.013478009552131527,0.023975276573515863,0.011582205559819314,0.0018604302286836778
42123,Warren County,PA,3/15/2026 7:00,0.021764326562477218,0.028311301991203176,0.011313571296389999,0.0018226861057407309
42123,Warren County,PA,3/15/2026 8:00,0.01914773432375761,0.02446196695829617,0.010000318028593696,0.002128239507797487
42123,Warren County,PA,3/15/2026 9:00,0.01982229181270332,0.02744879831918061,0.005990009509682482,0.0027818906982495215
42123,Warren County,PA,3/15/2026 10:00,0.019984738276688573,0.025451748766547773,0.00514719850055149,0.002833415328925443
42123,Warren County,PA,3/15/2026 11:00,0.02194788785793469,0.031159805039752124,0.00691477319195054,0.003565357270283129
42123,Warren County,PA,3/15/2026 12:00,0.03518826375829504,0.0343522980419684,0.006412411907950989,0.003720931155206514
42123,Warren County,PA,3/15/2026 13:00,0.03495644188558837,0.03979980089098406,0.0066260699407384585,0.0038926845625590232
42123,Warren County,PA,3/15/2026 14:00,0.03208191316562618,0.03929511784189557,0.0050128430788266435,0.003197233886974015
42123,Warren County,PA,3/15/2026 15:00,0.03219114780032053,0.03966132222084268,0.004867774012975949,0.0021681468376574817
42123,Warren County,PA,3/15/2026 16:00,0.030553462118099523,0.035597712467211724,0.004961690896441639,0.001589907917727768
42123,Warren County,PA,3/15/2026 17:00,0.0375739930294318,0.033419465538657885,0.00354032783864717,0.0015061833819726357
42123,Warren County,PA,3/15/2026 18:00,0.035241502719258896,0.029141440341006186,0.0024698672656258158,0.0018742801937032777
42123,Warren County,PA,3/15/2026 19:00,0.02740249784025059,0.02864189458312447,0.00240338130085372,0.001783956804338259
42123,Warren County,PA,3/15/2026 20:00,0.03274663528949164,0.023389708608247302,0.0035790607997206055,0.0013893559215358614
42123,Warren County,PA,3/15/2026 21:00,0.032607072091457696,0.020358586678359186,0.0031908052154551707,0.0013893559215358614
42123,Warren County,PA,3/15/2026 22:00,0.03350143588894201,0.02372580680845077,0.003039268958813429,0.0011827823605360425
42123,Warren County,PA,3/15/2026 23:00,0.03397998194777727,0.021080454942992915,0.0026146217358723745,0.0011867124665734413
42123,Warren County,PA,3/16/2026 0:00,0.030901154509659093,0.022096379728608617,0.003148665379130931,0.0013218524994451776
42123,Warren County,PA,3/16/2026 1:00,0.027032263778321942,0.019960128979656575,0.0036993484554640596,0.001303962068144557
42123,Warren County,PA,3/16/2026 2:00,0.013614415022177518,0.01709275386398154,0.0027858758074937326,0.0017991471765966805
42123,Warren County,PA,3/16/2026 3:00,0.025545597101012472,0.015793293157211185,0.0037621579157608104,0.001275137521511266
42123,Warren County,PA,3/16/2026 4:00,0.02557430464663896,0.015740680429614518,0.002775260639229161,0.001268006735908605
42123,Warren County,PA,3/16/2026 5:00,0.025301971980439934,0.015836834834619937,0.0027497617975081228,0.0012767798923325891
42123,Warren County,PA,3/16/2026 6:00,0.02244512836833306,0.015238794839131067,0.0013304830158542345,0.0012723297766705035
42123,Warren County,PA,3/16/2026 7:00,0.01035544092453013,0.014476610523247333,0.0018409305111906252,0.003757578692564199
42123,Warren County,PA,3/16/2026 8:00,0.012775616516127433,0.010746710882143358,0.0020371978306383243,0.002079422293461109
42123,Warren County,PA,3/16/2026 9:00,0.012815418857415311,0.01375661052326172,0.0029264467236879456,0.002038265229668415
42123,Warren County,PA,3/16/2026 10:00,0.012410664401845291,0.015274842163890592,0.004045074852138336,0.0025144056736816334
42123,Warren County,PA,3/16/2026 11:00,0.01693590905453299,0.013382830023667287,0.00434229826638298,0.002967716726859958
42123,Warren County,PA,3/16/2026 12:00,0.012116766286544614,0.00799161993039256,0.0034919960320975987,0.005123285427697473
42123,Warren County,PA,3/16/2026 13:00,0.009670741865024002,0.0025200574419761944,0.005085577558188099,0.005082532277714006
42123,Warren County,PA,3/16/2026 14:00,0.007574393069463125,0.00679497237509664,0.00544726460961765,0.005489141764799207
42123,Warren County,PA,3/16/2026 15:00,0.013409062596098763,0.008769050571875967,0.004067312042832334,0.005227362146184977
42123,Warren County,PA,3/16/2026 16:00,0.011739838755086173,0.00576480957967954,0.0038741052409688504,0.005045205333787525
42123,Warren County,PA,3/16/2026 17:00,0.018190496828736268,0.010256108269673714,0.003089212647379968,0.0024565395018177043
42123,Warren County,PA,3/16/2026 18:00,0.014102261699956683,0.011582500393416278,0.0034514249102246862,0.00206975775543955
42123,Warren County,PA,3/16/2026 19:00,0.011911905977119313,0.01827149692273659,0.0032415484526188945,0.0020702093762018452
42123,Warren County,PA,3/16/2026 20:00,0.022439384295528192,0.021969615353325443,0.0018272179715020014,0.0012242348289758568
42123,Warren County,PA,3/16/2026 21:00,0.01825836594861215,0.01824943840224827,0.0,0.0011857529703070027
42123,Warren County,PA,3/16/2026 22:00,0.022961708330255317,0.021828747656826544,0.0,0.0013812422458872264
42123,Warren County,PA,3/16/2026 23:00,0.020895896801964093,0.02321347849575516,0.0,0.0015868807924333261
42123,Warren County,PA,3/17/2026 0:00,0.038252740183293485,0.028379137431729724,0.0,0.0015783415140901453
42123,Warren County,PA,3/17/2026 1:00,0.04126154029017365,0.024330544603419463,0.0,0.0012044311223224924
42123,Warren County,PA,3/17/2026 2:00,0.027174049150001947,0.026077314389921606,0.0,0.0012006731543839023
42123,Warren County,PA,3/17/2026 3:00,0.026571774039361146,0.023798337075173683,0.0,0.0019046613041846215
42123,Warren County,PA,3/17/2026 4:00,0.023643734589679742,0.02626147849611544,0.0,0.001934687363467057
42123,Warren County,PA,3/17/2026 5:00,0.03014762724098222,0.02497602061936962,0.0,0.001935195021070876
42123,Warren County,PA,3/17/2026 6:00,0.017736404922452022,0.02399716135536301,0.0,0.001935195021070876
42123,Warren County,PA,3/17/2026 7:00,0.024036967524010272,0.023412813678079302,0.0,0.0023219767674490296
42123,Warren County,PA,3/17/2026 8:00,0.037732127329366934,0.023482291316183554,0.0,0.002676375859576914
42123,Warren County,PA,3/17/2026 9:00,0.031136042744613065,0.020615088972025106,0.0,0.002682099795774335
42123,Warren County,PA,3/17/2026 10:00,0.03557330773163686,0.015731667455015832,0.0,0.0026992239342631505
42123,Warren County,PA,3/17/2026 11:00,0.03725880497673771,0.014370439042858663,0.001150066105578584,0.003146458909303331
42123,Warren County,PA,3/17/2026 12:00,0.02358607379170438,0.008684401591238419,0.001532355723384623,0.0022902189801118876
42123,Warren County,PA,3/17/2026 13:00,0.026992452241893505,0.009193043834291242,0.0021327005733556407,0.00211516685295696
42123,Warren County,PA,3/17/2026 14:00,0.028069410521594132,0.012810682167475392,0.002137917877335405,0.0016799323424868246
42123,Warren County,PA,3/17/2026 15:00,0.017321335959205753,0.00401311415522364,0.0,0.0016358340242391385
42123,Warren County,PA,3/17/2026 16:00,0.0160984499654592,0.004909736236243034,0.0,0.0016296584672794224
42123,Warren County,PA,3/17/2026 17:00,0.023479567867987113,0.01088058907626276,0.0,0.0016551045885627017
42123,Warren County,PA,3/17/2026 18:00,0.012603876014974237,0.0058617148158133054,0.0,0.0012558147200106833
42123,Warren County,PA,3/17/2026 19:00,0.02507173295617238,0.008097869579782618,0.0,0.001307205116826683
42123,Warren County,PA,3/17/2026 20:00,0.011186458057311043,0.00983004396586892,0.0,0.001990877619950956
42123,Warren County,PA,3/17/2026 21:00,0.015880301674915078,0.009680889291349666,0.0,0.00131022939910477
42123,Warren County,PA,3/17/2026 22:00,0.015882237451905704,0.008750523970608248,0.0,0.001297269656168611
42123,Warren County,PA,3/17/2026 23:00,0.016693679491382195,0.007136393285412828,0.0,0.0012977212769309059
42123,Warren County,PA,3/18/2026 0:00,0.024398614708063707,0.014051803409427724,0.0,
42123,Warren County,PA,3/18/2026 1:00,0.022160872812552572,0.013505992603899864,0.0,
42123,Warren County,PA,3/18/2026 2:00,0.02211973020378431,0.01188557673602682,0.0,
42123,Warren County,PA,3/18/2026 3:00,0.02028056788475019,0.011068878471964675,0.0,
42123,Warren County,PA,3/18/2026 4:00,0.01825062810927745,0.010855563334262375,0.0,
42123,Warren County,PA,3/18/2026 5:00,0.01825062810927745,0.010481979586436235,0.0,
42123,Warren County,PA,3/18/2026 6:00,0.01845791746337999,0.014251634681073442,0.0,
42123,Warren County,PA,3/18/2026 7:00,0.013949876583455582,0.01385048614757482,0.0,
42123,Warren County,PA,3/18/2026 8:00,0.007105408655429884,0.012145353854260566,0.0,
42123,Warren County,PA,3/18/2026 9:00,0.011102647855162979,0.015841675191100094,0.0,
42123,Warren County,PA,3/18/2026 10:00,0.011294828738712601,0.014498240946325245,0.0,
42123,Warren County,PA,3/18/2026 11:00,0.02646412408409569,0.01907103810258343,0.0,
42123,Warren County,PA,3/18/2026 12:00,0.028881167217807535,0.016350732641753157,0.0,
42123,Warren County,PA,3/18/2026 13:00,0.01182527570915002,0.012959562551845166,0.0,
42123,Warren County,PA,3/18/2026 14:00,0.012163572549161526,0.014936941672721178,0.0,
42123,Warren County,PA,3/18/2026 15:00,0.0125815821107269,0.015293151558747725,0.0,
42123,Warren County,PA,3/18/2026 16:00,0.013971555740780663,0.01619785745833179,0.0,
42123,Warren County,PA,3/18/2026 17:00,0.010302183715590309,0.01460147889962195,0.0,
42123,Warren County,PA,3/18/2026 18:00,0.010457919538516883,0.01460147889962195,0.0,
42123,Warren County,PA,3/18/2026 19:00,0.008546559745815143,0.0186801699495502,0.0,
42123,Warren County,PA,3/18/2026 20:00,0.010221240766170727,0.016962228824763333,0.0,
42123,Warren County,PA,3/18/2026 21:00,0.010221240766170727,0.017726409785869274,0.0,
42123,Warren County,PA,3/18/2026 22:00,0.009963523143786936,0.014615035851069545,0.0,
42123,Warren County,PA,3/18/2026 23:00,0.009544660716372194,0.008034709697981203,0.0,
42123,Warren County,PA,3/19/2026 0:00,0.008446207922293591,0.011379217026891996,,
42123,Warren County,PA,3/19/2026 1:00,0.009296958228045802,0.0059298008209985025,,
42123,Warren County,PA,3/19/2026 2:00,0.009844191793944246,0.0071609352288575226,,
42123,Warren County,PA,3/19/2026 3:00,0.009272252806360081,0.0059298008209985025,,
42123,Warren County,PA,3/19/2026 4:00,0.009508350618981162,0.007288122035948448,,
42123,Warren County,PA,3/19/2026 5:00,0.019440200449124694,0.009862995842121379,,
42123,Warren County,PA,3/19/2026 6:00,0.024450228950618196,0.00947107316310555,,
42123,Warren County,PA,3/19/2026 7:00,0.024450228950618196,0.01139177019417959,,
42123,Warren County,PA,3/19/2026 8:00,0.010680357467958226,0.005888032521324944,,
42123,Warren County,PA,3/19/2026 9:00,0.025447652897766786,0.009182550571126916,,
42123,Warren County,PA,3/19/2026 10:00,0.009627596459449442,0.004791999781113407,,
42123,Warren County,PA,3/19/2026 11:00,0.009071790475212154,0.004839434206632441,,
42123,Warren County,PA,3/19/2026 12:00,0.006437215403305611,0.0048349612011652976,,
42123,Warren County,PA,3/19/2026 13:00,0.005326641065315732,0.006870919564465782,,
42123,Warren County,PA,3/19/2026 14:00,0.011712422091512029,0.006993355064452281,,
42123,Warren County,PA,3/19/2026 15:00,0.011524002731643276,0.009402343897967859,,
42123,Warren County,PA,3/19/2026 16:00,0.011715297456672375,0.007575585154719723,,
42123,Warren County,PA,3/19/2026 17:00,0.008972678551690122,0.004788666488577597,,
42123,Warren County,PA,3/19/2026 18:00,0.010554770817298699,,,
42123,Warren County,PA,3/19/2026 19:00,0.014814696750103367,,,
42123,Warren County,PA,3/19/2026 20:00,0.012613688252305555,,,
42123,Warren County,PA,3/19/2026 21:00,0.03008015975260937,,,
42123,Warren County,PA,3/19/2026 22:00,0.02729193336129612,,,
42123,Warren County,PA,3/19/2026 23:00,,,,
54001,Barbour County,WV,3/14/2026 0:00,0.02545280695488509,0.023508944770892597,0.0010027947655525031,0.004753859674798688
54001,Barbour County,WV,3/14/2026 1:00,0.023372388609375697,0.022391144258130356,0.0015270412067375453,0.003667002928589823
54001,Barbour County,WV,3/14/2026 2:00,0.022434868093829892,0.01732209074494105,0.0,0.002398039582040754
54001,Barbour County,WV,3/14/2026 3:00,0.020888231690704605,0.01598119333972145,0.0,0.0028413096188673603
54001,Barbour County,WV,3/14/2026 4:00,0.019815286348018442,0.016995299999842447,0.0,0.0014901019987750223
54001,Barbour County,WV,3/14/2026 5:00,0.020144490675923995,0.013412089433107862,0.0,0.0023947407283120524
54001,Barbour County,WV,3/14/2026 6:00,0.0202790787699964,0.012472555683713107,0.0015184689168738347,0.0025119705987277784
54001,Barbour County,WV,3/14/2026 7:00,0.019130081210291677,0.013628787307384118,0.0030988353355379306,0.002666730014763198
54001,Barbour County,WV,3/14/2026 8:00,0.020487520585772835,0.01103092357624294,0.0017827241627794677,0.0023240214629450845
54001,Barbour County,WV,3/14/2026 9:00,0.015046304643556396,0.011056627605761343,0.0,0.0022427861355888783
54001,Barbour County,WV,3/14/2026 10:00,0.01499221089990509,0.009415898659904944,0.0017019121129947087,0.002154721863898176
54001,Barbour County,WV,3/14/2026 11:00,0.012212812061722431,0.008710315605471298,0.002568039389314366,0.0022607403931934112
54001,Barbour County,WV,3/14/2026 12:00,0.011226508884580362,0.007161674354435304,0.0022598666965644894,0.0026376501838644576
54001,Barbour County,WV,3/14/2026 13:00,0.011130368734914659,0.004645001830578432,0.0030689216909484565,0.0022304916961741047
54001,Barbour County,WV,3/14/2026 14:00,0.008020810618661743,0.003565571471932935,0.0018720527710228067,0.0019526132941680072
54001,Barbour County,WV,3/14/2026 15:00,0.005295442979558664,0.002791047065288839,0.0014828186793924309,0.0019379070680350982
54001,Barbour County,WV,3/14/2026 16:00,0.004240499513236487,0.002737882620246611,0.001666856778959035,0.0014706340868931378
54001,Barbour County,WV,3/14/2026 17:00,0.0026676364035046586,0.001529812199545373,0.0013621618198642856,0.0020023051105140743
54001,Barbour County,WV,3/14/2026 18:00,0.0014765511319957555,0.001838613197485759,0.003907971497518884,0.001807114397267174
54001,Barbour County,WV,3/14/2026 19:00,0.001670812022883274,0.0012893939378416878,0.0030574087346014835,0.0013794717045437254
54001,Barbour County,WV,3/14/2026 20:00,0.0012107087157570673,0.0010978345507278123,0.0013065415982227004,0.0017602490490411802
54001,Barbour County,WV,3/14/2026 21:00,0.0,0.0010232165498005607,0.0020638679481113143,0.0018147090159639143
54001,Barbour County,WV,3/14/2026 22:00,0.0,0.0,0.002914473621620216,0.002045810031043363
54001,Barbour County,WV,3/14/2026 23:00,0.0,0.0,0.003368882905064325,0.0013365351785252723
54001,Barbour County,WV,3/15/2026 0:00,0.0,0.0,0.0027817423254975875,0.0015912581171886452
54001,Barbour County,WV,3/15/2026 1:00,0.0,0.001282466306691626,0.005676959790991365,0.0015525249425142296
54001,Barbour County,WV,3/15/2026 2:00,0.0,0.0023952146764676763,0.007014867902480569,0.0017054898598276352
54001,Barbour County,WV,3/15/2026 3:00,0.0018429774146958874,0.001963860447006455,0.005976755182413179,0.0017099630658718762
54001,Barbour County,WV,3/15/2026 4:00,0.0,0.0021395897991052042,0.006038136444647178,0.0017171182372818416
54001,Barbour County,WV,3/15/2026 5:00,0.0,0.0019426320068830327,0.006099716704232965,0.0019274181946551646
54001,Barbour County,WV,3/15/2026 6:00,0.0,0.0021819430826704417,0.007718582487178976,0.0018604103207716471
54001,Barbour County,WV,3/15/2026 7:00,0.0,0.002693291562899771,0.0075564616387484105,0.0020940342887318807
54001,Barbour County,WV,3/15/2026 8:00,0.0,0.003753258073689322,0.00950186090337868,0.0031545380897775675
54001,Barbour County,WV,3/15/2026 9:00,0.0,0.004418001525489612,0.008372313578158624,0.002441902838538568
54001,Barbour County,WV,3/15/2026 10:00,0.0,0.003172748048436268,0.00713418118376619,0.0033707272081155
54001,Barbour County,WV,3/15/2026 11:00,0.0028730722839180062,0.002909773691267957,0.007748249958214772,0.003149016583259233
54001,Barbour County,WV,3/15/2026 12:00,0.002326172709828062,0.0021434777045431304,0.010024915002445244,0.003035589953611557
54001,Barbour County,WV,3/15/2026 13:00,0.0037195444632138384,0.0024335021616690693,0.008568578686347413,0.0025714942809719767
54001,Barbour County,WV,3/15/2026 14:00,0.0019108077719822633,0.0022040555525135734,0.00443432542742586,0.002888863049164065
54001,Barbour County,WV,3/15/2026 15:00,0.0012819543227197442,0.00459342877700695,0.005535481399144389,0.0020163647276760315
54001,Barbour County,WV,3/15/2026 16:00,0.001542560765814189,0.00471121182257178,0.004566717415148602,0.0010018350355147523
54001,Barbour County,WV,3/15/2026 17:00,0.0015128048261589943,0.0043156627650507325,0.0032061496439359056,0.0
54001,Barbour County,WV,3/15/2026 18:00,0.0020770815367013805,0.0037094725115988745,0.001165196712167699,0.0
54001,Barbour County,WV,3/15/2026 19:00,0.0,0.0057600717561784726,0.0011882879354050396,0.0
54001,Barbour County,WV,3/15/2026 20:00,0.0013430191451455444,0.0057746949055028475,0.0015581001399228888,0.0
54001,Barbour County,WV,3/15/2026 21:00,0.0024931049441894396,0.0072621240757505074,0.001223644044143901,0.0
54001,Barbour County,WV,3/15/2026 22:00,0.0037049445189237533,0.003689467612959188,0.0015704169833835942,0.0
54001,Barbour County,WV,3/15/2026 23:00,0.0026031691917623636,0.002894824033572058,0.0,0.0
54001,Barbour County,WV,3/16/2026 0:00,0.0022054687525291093,0.004018330420938864,0.0012457524293409102,0.0
54001,Barbour County,WV,3/16/2026 1:00,0.001923050618161519,0.004133326050628948,0.0,0.0
54001,Barbour County,WV,3/16/2026 2:00,0.0021469210798602907,0.004554264863093159,0.0,0.0
54001,Barbour County,WV,3/16/2026 3:00,0.0017912353056629378,0.0036764689716669487,0.0,0.0
54001,Barbour County,WV,3/16/2026 4:00,0.0010286281391907982,0.002250826926780117,0.0,0.0
54001,Barbour County,WV,3/16/2026 5:00,0.0027402111308137975,0.0031416689646474325,0.0,0.0
54001,Barbour County,WV,3/16/2026 6:00,0.001547818753789499,0.0035008642020124504,0.001079320353746648,0.0
54001,Barbour County,WV,3/16/2026 7:00,0.0036698225624710616,0.0,0.0010217171651384035,0.0
54001,Barbour County,WV,3/16/2026 8:00,0.008029137745873095,0.001919810220815448,0.0013789091236548136,0.0
54001,Barbour County,WV,3/16/2026 9:00,0.003217981129190878,0.0,0.001591159672463227,0.0
54001,Barbour County,WV,3/16/2026 10:00,0.0012552163989638467,0.0,0.001951921202230161,0.0
54001,Barbour County,WV,3/16/2026 11:00,0.002389059819939028,0.0029879320324365877,0.0037553293031493034,0.0
54001,Barbour County,WV,3/16/2026 12:00,0.0011927062938897233,0.0011331222827312705,0.004021285772343905,0.0
54001,Barbour County,WV,3/16/2026 13:00,0.0017012229295217123,0.0021599873356242813,0.004604689834246075,0.0
54001,Barbour County,WV,3/16/2026 14:00,0.0025693414146835966,0.0029051271470019596,0.003978592290594885,0.0
54001,Barbour County,WV,3/16/2026 15:00,0.0014210698123165231,0.003420032374524846,0.0033457807300333597,0.0
54001,Barbour County,WV,3/16/2026 16:00,0.0,0.0035307176026674212,0.0016327369920383363,0.0
54001,Barbour County,WV,3/16/2026 17:00,0.0,0.004302479618089966,0.001881547428868464,0.0
54001,Barbour County,WV,3/16/2026 18:00,0.0,0.004129639848817762,0.0020049725840245954,0.0
54001,Barbour County,WV,3/16/2026 19:00,0.0012590996773960295,0.0024257221605939396,0.0020457244937411596,0.0
54001,Barbour County,WV,3/16/2026 20:00,0.004163850679121161,0.003917353021607646,0.0,0.0
54001,Barbour County,WV,3/16/2026 21:00,0.0031714876364765127,0.0033898662376304315,0.0,0.0
54001,Barbour County,WV,3/16/2026 22:00,0.004082777687474071,0.0,0.0,0.0
54001,Barbour County,WV,3/16/2026 23:00,0.0037699886724801047,0.0023593325695165073,0.0,0.0
54001,Barbour County,WV,3/17/2026 0:00,0.004083835070282574,0.0,0.0,0.0
54001,Barbour County,WV,3/17/2026 1:00,0.005934114059602881,0.0,0.0,0.0
54001,Barbour County,WV,3/17/2026 2:00,0.00435181437230966,0.0,0.0,0.0
54001,Barbour County,WV,3/17/2026 3:00,0.0032797675961312844,0.0015519221558861428,0.0,0.0
54001,Barbour County,WV,3/17/2026 4:00,0.0025579851289811635,0.0010512327649631543,0.0,0.0
54001,Barbour County,WV,3/17/2026 5:00,0.0023587234826490055,0.0,0.0,0.0
54001,Barbour County,WV,3/17/2026 6:00,0.002390661119485676,0.0010620025849107828,0.0,0.0
54001,Barbour County,WV,3/17/2026 7:00,0.0022550111487936587,0.0014009395161761968,0.0,0.0
54001,Barbour County,WV,3/17/2026 8:00,0.0025982517348759233,0.0012582162378306388,0.0,0.0
54001,Barbour County,WV,3/17/2026 9:00,0.002823599179992151,0.0,0.0,0.0
54001,Barbour County,WV,3/17/2026 10:00,0.002631577267269592,0.0,0.0,0.0
54001,Barbour County,WV,3/17/2026 11:00,0.0027380220888704723,0.0,0.0,0.0
54001,Barbour County,WV,3/17/2026 12:00,0.002376362441029446,0.0,0.0012853915856048872,0.0
54001,Barbour County,WV,3/17/2026 13:00,0.002655851932637104,0.0,0.0010141341152421627,0.0
54001,Barbour County,WV,3/17/2026 14:00,0.00222772192032205,0.0,0.0,0.0
54001,Barbour County,WV,3/17/2026 15:00,0.0017671791976013509,0.0,0.0,0.0
54001,Barbour County,WV,3/17/2026 16:00,0.001198850277162058,0.0,0.0,0.0
54001,Barbour County,WV,3/17/2026 17:00,0.0,0.0,0.0,0.0
54001,Barbour County,WV,3/17/2026 18:00,0.0,0.0,0.0,0.0
54001,Barbour County,WV,3/17/2026 19:00,0.0,0.0,0.0,0.0
54001,Barbour County,WV,3/17/2026 20:00,0.0,0.0,0.0,0.0
54001,Barbour County,WV,3/17/2026 21:00,0.0,0.0,0.0,0.0
54001,Barbour County,WV,3/17/2026 22:00,0.0,0.0,0.0,0.0
54001,Barbour County,WV,3/17/2026 23:00,0.0,0.0,0.0,0.0
54001,Barbour County,WV,3/18/2026 0:00,0.0,0.0,0.0,
54001,Barbour County,WV,3/18/2026 1:00,0.0,0.0,0.0,
54001,Barbour County,WV,3/18/2026 2:00,0.0,0.0,0.0,
54001,Barbour County,WV,3/18/2026 3:00,0.0,0.0,0.0,
54001,Barbour County,WV,3/18/2026 4:00,0.0,0.0,0.0,
54001,Barbour County,WV,3/18/2026 5:00,0.0,0.0,0.0,
54001,Barbour County,WV,3/18/2026 6:00,0.0,0.0,0.0,
54001,Barbour County,WV,3/18/2026 7:00,0.0,0.0,0.0,
54001,Barbour County,WV,3/18/2026 8:00,0.0,0.0,0.0,
54001,Barbour County,WV,3/18/2026 9:00,0.0,0.0,0.0,
54001,Barbour County,WV,3/18/2026 10:00,0.0,0.0,0.0,
54001,Barbour County,WV,3/18/2026 11:00,0.0,0.0,0.0,
54001,Barbour County,WV,3/18/2026 12:00,0.0,0.0,0.0,
54001,Barbour County,WV,3/18/2026 13:00,0.0,0.0,0.0,
54001,Barbour County,WV,3/18/2026 14:00,0.0,0.0,0.0,
54001,Barbour County,WV,3/18/2026 15:00,0.0,0.0,0.0,
54001,Barbour County,WV,3/18/2026 16:00,0.0,0.0,0.0,
54001,Barbour County,WV,3/18/2026 17:00,0.0,0.0,0.0,
54001,Barbour County,WV,3/18/2026 18:00,0.0,0.0,0.0,
54001,Barbour County,WV,3/18/2026 19:00,0.0,0.0,0.0,
54001,Barbour County,WV,3/18/2026 20:00,0.0,0.0,0.0,
54001,Barbour County,WV,3/18/2026 21:00,0.0,0.0,0.0,
54001,Barbour County,WV,3/18/2026 22:00,0.0,0.0,0.0,
54001,Barbour County,WV,3/18/2026 23:00,0.0,0.0,0.0,
54001,Barbour County,WV,3/19/2026 0:00,0.0,0.0,,
54001,Barbour County,WV,3/19/2026 1:00,0.0,0.0,,
54001,Barbour County,WV,3/19/2026 2:00,0.0,0.0,,
54001,Barbour County,WV,3/19/2026 3:00,0.0,0.0,,
54001,Barbour County,WV,3/19/2026 4:00,0.0,0.0,,
54001,Barbour County,WV,3/19/2026 5:00,0.0,0.0,,
54001,Barbour County,WV,3/19/2026 6:00,0.0,0.0,,
54001,Barbour County,WV,3/19/2026 7:00,0.0,0.0016533291676388083,,
54001,Barbour County,WV,3/19/2026 8:00,0.0,0.0010376134713717853,,
54001,Barbour County,WV,3/19/2026 9:00,0.0,0.0,,
54001,Barbour County,WV,3/19/2026 10:00,0.0,0.0,,
54001,Barbour County,WV,3/19/2026 11:00,0.0,0.0,,
54001,Barbour County,WV,3/19/2026 12:00,0.0,0.0,,
54001,Barbour County,WV,3/19/2026 13:00,0.0,0.0,,
54001,Barbour County,WV,3/19/2026 14:00,0.0,0.0,,
54001,Barbour County,WV,3/19/2026 15:00,0.0,0.0,,
54001,Barbour County,WV,3/19/2026 16:00,0.0,0.0,,
54001,Barbour County,WV,3/19/2026 17:00,0.0,0.0,,
54001,Barbour County,WV,3/19/2026 18:00,0.0,,,
54001,Barbour County,WV,3/19/2026 19:00,0.0,,,
54001,Barbour County,WV,3/19/2026 20:00,0.0,,,
54001,Barbour County,WV,3/19/2026 21:00,0.0,,,
54001,Barbour County,WV,3/19/2026 22:00,0.0,,,
54001,Barbour County,WV,3/19/2026 23:00,,,,
54003,Berkeley County,WV,3/14/2026 0:00,0.0,0.004823145927493237,0.0,0.0
54003,Berkeley County,WV,3/14/2026 1:00,0.0017256098283705997,0.003350641927501906,0.0,0.0
54003,Berkeley County,WV,3/14/2026 2:00,0.0013662093292472269,0.0016675638478290012,0.0,0.0
54003,Berkeley County,WV,3/14/2026 3:00,0.0012805425053280107,0.0019536913405563587,0.0,0.0
54003,Berkeley County,WV,3/14/2026 4:00,0.0013928028576923749,0.0018501571372117082,0.0,0.0
54003,Berkeley County,WV,3/14/2026 5:00,0.0,0.001775681586416588,0.0,0.0
54003,Berkeley County,WV,3/14/2026 6:00,0.001498211005603414,0.0016612316568146062,0.0,0.0
54003,Berkeley County,WV,3/14/2026 7:00,0.0012130065044035673,0.0012348215420572924,0.0,0.0
54003,Berkeley County,WV,3/14/2026 8:00,0.0010710756808814737,0.0013957783512937973,0.0,0.0
54003,Berkeley County,WV,3/14/2026 9:00,0.0012075350119715108,0.001349432512163054,0.0,0.0
54003,Berkeley County,WV,3/14/2026 10:00,0.001246963583068099,0.0014197918909377358,0.0,0.0
54003,Berkeley County,WV,3/14/2026 11:00,0.001292237575833206,0.001374843520247276,0.001193336649212097,0.0
54003,Berkeley County,WV,3/14/2026 12:00,0.00119708234559664,0.0012486440601824844,0.0010696911988678217,0.0
54003,Berkeley County,WV,3/14/2026 13:00,0.0013157038386752838,0.0011515976240120715,0.0010906741352194418,0.0
54003,Berkeley County,WV,3/14/2026 14:00,0.0011933557981885536,0.0,0.0011294454781889452,0.0
54003,Berkeley County,WV,3/14/2026 15:00,0.0,0.0,0.0012873966202549111,0.0
54003,Berkeley County,WV,3/14/2026 16:00,0.0,0.0,0.001267690108791094,0.0
54003,Berkeley County,WV,3/14/2026 17:00,0.0,0.0,0.0,0.0
54003,Berkeley County,WV,3/14/2026 18:00,0.0,0.0,0.0,0.0
54003,Berkeley County,WV,3/14/2026 19:00,0.0,0.0014105946825501722,0.0,0.0018844290121172776
54003,Berkeley County,WV,3/14/2026 20:00,0.0,0.0,0.0,0.0026316785908252326
54003,Berkeley County,WV,3/14/2026 21:00,0.0,0.0,0.0,0.002868118669530267
54003,Berkeley County,WV,3/14/2026 22:00,0.0,0.0,0.0,0.0024683572253126704
54003,Berkeley County,WV,3/14/2026 23:00,0.0,0.0011768366084308245,0.0,0.0028391036836458443
54003,Berkeley County,WV,3/15/2026 0:00,0.0,0.0011995954177173077,0.0,0.002641089810405695
54003,Berkeley County,WV,3/15/2026 1:00,0.0,0.0,0.0,0.0025153773013907228
54003,Berkeley County,WV,3/15/2026 2:00,0.0,0.0010689183153493676,0.0,0.003065181459384871
54003,Berkeley County,WV,3/15/2026 3:00,0.0,0.001017317413317679,0.0,0.0015343870135734142
54003,Berkeley County,WV,3/15/2026 4:00,0.0,0.0,0.0,0.001519352754685813
54003,Berkeley County,WV,3/15/2026 5:00,0.0,0.0,0.0,0.0012223533518004946
54003,Berkeley County,WV,3/15/2026 6:00,0.0,0.0,0.0,0.0013629389630711141
54003,Berkeley County,WV,3/15/2026 7:00,0.0,0.0,0.0,0.0
54003,Berkeley County,WV,3/15/2026 8:00,0.0,0.0,0.0,0.0
54003,Berkeley County,WV,3/15/2026 9:00,0.0,0.0,0.0,0.0
54003,Berkeley County,WV,3/15/2026 10:00,0.0,0.0,0.0,0.0
54003,Berkeley County,WV,3/15/2026 11:00,0.0,0.0,0.0,0.0
54003,Berkeley County,WV,3/15/2026 12:00,0.0,0.0,0.0,0.0
54003,Berkeley County,WV,3/15/2026 13:00,0.0,0.0,0.0,0.0
54003,Berkeley County,WV,3/15/2026 14:00,0.0,0.0,0.0,0.0
54003,Berkeley County,WV,3/15/2026 15:00,0.0,0.0,0.0,0.0
54003,Berkeley County,WV,3/15/2026 16:00,0.0,0.0,0.0,0.0
54003,Berkeley County,WV,3/15/2026 17:00,0.0,0.0,0.0,0.0
54003,Berkeley County,WV,3/15/2026 18:00,0.0,0.0,0.0,0.0
54003,Berkeley County,WV,3/15/2026 19:00,0.0,0.0011846094629198406,0.0028361672462228604,0.0
54003,Berkeley County,WV,3/15/2026 20:00,0.0,0.00123955593644163,0.0035712723165169254,0.0
54003,Berkeley County,WV,3/15/2026 21:00,0.0,0.0012014646560943646,0.0038818129897917747,0.0
54003,Berkeley County,WV,3/15/2026 22:00,0.0,0.001137326154969121,0.006136264262558949,0.0
54003,Berkeley County,WV,3/15/2026 23:00,0.0,0.0018704163319243074,0.007434160132922411,0.0
54003,Berkeley County,WV,3/16/2026 0:00,0.0,0.0014088314216783712,0.006027412656305967,0.0
54003,Berkeley County,WV,3/16/2026 1:00,0.0,0.0011132091754996328,0.004409048968230407,0.0
54003,Berkeley County,WV,3/16/2026 2:00,0.0,0.0017550902832993303,0.0028420581365837232,0.0
54003,Berkeley County,WV,3/16/2026 3:00,0.0,0.0013624149075186355,0.0027780804046588217,0.0
54003,Berkeley County,WV,3/16/2026 4:00,0.0,0.0013270510269668598,0.002895249049688871,0.0
54003,Berkeley County,WV,3/16/2026 5:00,0.0,0.0,0.002959502251590551,0.0
54003,Berkeley County,WV,3/16/2026 6:00,0.0,0.0,0.0026644351749729026,0.0
54003,Berkeley County,WV,3/16/2026 7:00,0.0,0.0,0.002584359409078323,0.0
54003,Berkeley County,WV,3/16/2026 8:00,0.0,0.0,0.0030524161395786816,0.0
54003,Berkeley County,WV,3/16/2026 9:00,0.0,0.0,0.0025681665623366132,0.0
54003,Berkeley County,WV,3/16/2026 10:00,0.0,0.0010574795855592277,0.002615167992717578,0.0
54003,Berkeley County,WV,3/16/2026 11:00,0.0,0.0,0.0026237441302389736,0.0
54003,Berkeley County,WV,3/16/2026 12:00,0.0,0.0017443824293215783,0.003030202012887244,0.0
54003,Berkeley County,WV,3/16/2026 13:00,0.0,0.003538596208321357,0.0028519479030965794,0.0
54003,Berkeley County,WV,3/16/2026 14:00,0.0,0.004368310173860286,0.002235618820612418,0.0
54003,Berkeley County,WV,3/16/2026 15:00,0.0,0.004331570515199094,0.0022376922847295935,0.0
54003,Berkeley County,WV,3/16/2026 16:00,0.0,0.004938002067850754,0.0016552163856355304,0.0
54003,Berkeley County,WV,3/16/2026 17:00,0.0,0.005053524030177293,0.0012010575183159832,0.0
54003,Berkeley County,WV,3/16/2026 18:00,0.001818926574072331,0.003627486352700002,0.0017493408270086975,0.0
54003,Berkeley County,WV,3/16/2026 19:00,0.0025729921650109403,0.002417313095745464,0.0,0.0
54003,Berkeley County,WV,3/16/2026 20:00,0.0022304058917930357,0.0022084057237938544,0.0,0.0
54003,Berkeley County,WV,3/16/2026 21:00,0.003305480117322477,0.0021350471837302274,0.0,0.0
54003,Berkeley County,WV,3/16/2026 22:00,0.002812402781238028,0.0015694947345674735,0.0,0.0
54003,Berkeley County,WV,3/16/2026 23:00,0.003900483654536439,0.0015805287755210982,0.0,0.0
54003,Berkeley County,WV,3/17/2026 0:00,0.0042067628459251695,0.0019358750855939851,0.0,0.0
54003,Berkeley County,WV,3/17/2026 1:00,0.0036238611542637332,0.001950820942337064,0.0,0.0
54003,Berkeley County,WV,3/17/2026 2:00,0.003052512208378014,0.0015611834868375066,0.0,0.0
54003,Berkeley County,WV,3/17/2026 3:00,0.0022855515664105056,0.0015394476057796426,0.0,0.0
54003,Berkeley County,WV,3/17/2026 4:00,0.0021195047726896964,0.0013418045354343141,0.0,0.0
54003,Berkeley County,WV,3/17/2026 5:00,0.002392543926014515,0.0011191715408230276,0.0,0.0
54003,Berkeley County,WV,3/17/2026 6:00,0.002286264106223516,0.0,0.0,0.0
54003,Berkeley County,WV,3/17/2026 7:00,0.001906954540091827,0.0,0.0,0.0
54003,Berkeley County,WV,3/17/2026 8:00,0.0015591286622810175,0.0,0.0,0.0
54003,Berkeley County,WV,3/17/2026 9:00,0.0012472968532606572,0.0,0.0,0.0
54003,Berkeley County,WV,3/17/2026 10:00,0.0011753424497993367,0.0,0.0,0.0
54003,Berkeley County,WV,3/17/2026 11:00,0.0,0.0,0.0,0.0
54003,Berkeley County,WV,3/17/2026 12:00,0.0,0.0,0.0,0.0
54003,Berkeley County,WV,3/17/2026 13:00,0.0,0.0,0.0,0.0
54003,Berkeley County,WV,3/17/2026 14:00,0.0,0.0,0.0,0.0
54003,Berkeley County,WV,3/17/2026 15:00,0.0,0.0,0.0,0.0
54003,Berkeley County,WV,3/17/2026 16:00,0.0,0.0,0.0,0.0
54003,Berkeley County,WV,3/17/2026 17:00,0.0,0.0,0.0,0.0
54003,Berkeley County,WV,3/17/2026 18:00,0.0,0.0,0.0,0.0
54003,Berkeley County,WV,3/17/2026 19:00,0.0,0.0,0.0,0.0
54003,Berkeley County,WV,3/17/2026 20:00,0.0,0.0,0.0,0.0
54003,Berkeley County,WV,3/17/2026 21:00,0.0,0.0,0.0,0.0
54003,Berkeley County,WV,3/17/2026 22:00,0.0,0.0,0.0,0.0
54003,Berkeley County,WV,3/17/2026 23:00,0.0,0.0,0.0,0.0
54003,Berkeley County,WV,3/18/2026 0:00,0.0,0.0,0.0,
54003,Berkeley County,WV,3/18/2026 1:00,0.0,0.0,0.0,
54003,Berkeley County,WV,3/18/2026 2:00,0.0,0.0,0.0,
54003,Berkeley County,WV,3/18/2026 3:00,0.0,0.0,0.0,
54003,Berkeley County,WV,3/18/2026 4:00,0.0,0.0,0.0,
54003,Berkeley County,WV,3/18/2026 5:00,0.0,0.0,0.0,
54003,Berkeley County,WV,3/18/2026 6:00,0.0,0.0,0.0,
54003,Berkeley County,WV,3/18/2026 7:00,0.0,0.0,0.0,
54003,Berkeley County,WV,3/18/2026 8:00,0.0,0.0,0.0,
54003,Berkeley County,WV,3/18/2026 9:00,0.0,0.0,0.0,
54003,Berkeley County,WV,3/18/2026 10:00,0.0,0.0,0.0,
54003,Berkeley County,WV,3/18/2026 11:00,0.0,0.0,0.0,
54003,Berkeley County,WV,3/18/2026 12:00,0.0,0.0,0.0,
54003,Berkeley County,WV,3/18/2026 13:00,0.0,0.0,0.0,
54003,Berkeley County,WV,3/18/2026 14:00,0.0013624847900056427,0.0,0.0,
54003,Berkeley County,WV,3/18/2026 15:00,0.0014138827592728432,0.0,0.0,
54003,Berkeley County,WV,3/18/2026 16:00,0.0013712699171260874,0.0,0.0,
54003,Berkeley County,WV,3/18/2026 17:00,0.0013132043443143573,0.0,0.0,
54003,Berkeley County,WV,3/18/2026 18:00,0.0,0.0,0.0,
54003,Berkeley County,WV,3/18/2026 19:00,0.0,0.0,0.0,
54003,Berkeley County,WV,3/18/2026 20:00,0.0,0.0,0.0,
54003,Berkeley County,WV,3/18/2026 21:00,0.0,0.0,0.0,
54003,Berkeley County,WV,3/18/2026 22:00,0.0,0.0,0.0,
54003,Berkeley County,WV,3/18/2026 23:00,0.0,0.0,0.0,
54003,Berkeley County,WV,3/19/2026 0:00,0.0,0.0,,
54003,Berkeley County,WV,3/19/2026 1:00,0.0,0.0,,
54003,Berkeley County,WV,3/19/2026 2:00,0.0,0.0,,
54003,Berkeley County,WV,3/19/2026 3:00,0.0,0.0,,
54003,Berkeley County,WV,3/19/2026 4:00,0.0,0.0,,
54003,Berkeley County,WV,3/19/2026 5:00,0.0,0.0,,
54003,Berkeley County,WV,3/19/2026 6:00,0.0,0.0,,
54003,Berkeley County,WV,3/19/2026 7:00,0.0,0.0,,
54003,Berkeley County,WV,3/19/2026 8:00,0.0,0.0,,
54003,Berkeley County,WV,3/19/2026 9:00,0.0,0.0,,
54003,Berkeley County,WV,3/19/2026 10:00,0.0,0.0,,
54003,Berkeley County,WV,3/19/2026 11:00,0.0,0.0,,
54003,Berkeley County,WV,3/19/2026 12:00,0.0,0.0,,
54003,Berkeley County,WV,3/19/2026 13:00,0.0,0.0,,
54003,Berkeley County,WV,3/19/2026 14:00,0.0,0.0,,
54003,Berkeley County,WV,3/19/2026 15:00,0.0,0.0,,
54003,Berkeley County,WV,3/19/2026 16:00,0.0010160387577373658,0.0,,
54003,Berkeley County,WV,3/19/2026 17:00,0.0,0.0,,
54003,Berkeley County,WV,3/19/2026 18:00,0.0,,,
54003,Berkeley County,WV,3/19/2026 19:00,0.0,,,
54003,Berkeley County,WV,3/19/2026 20:00,0.0,,,
54003,Berkeley County,WV,3/19/2026 21:00,0.0,,,
54003,Berkeley County,WV,3/19/2026 22:00,0.0,,,
54003,Berkeley County,WV,3/19/2026 23:00,,,,
54005,Boone County,WV,3/14/2026 0:00,0.0,0.0,0.0,0.002454780522427733
54005,Boone County,WV,3/14/2026 1:00,0.0,0.0,0.0,0.0016280165757510926
54005,Boone County,WV,3/14/2026 2:00,0.0,0.0,0.0,0.0013660408847238359
54005,Boone County,WV,3/14/2026 3:00,0.0,0.0,0.0,0.0
54005,Boone County,WV,3/14/2026 4:00,0.0,0.0,0.0,0.0
54005,Boone County,WV,3/14/2026 5:00,0.0,0.0,0.0,0.001974271365371954
54005,Boone County,WV,3/14/2026 6:00,0.0,0.0,0.0,0.004414901095711315
54005,Boone County,WV,3/14/2026 7:00,0.0,0.0,0.0,0.004531382718464151
54005,Boone County,WV,3/14/2026 8:00,0.0,0.0,0.0,0.005792585768538837
54005,Boone County,WV,3/14/2026 9:00,0.0,0.0,0.0,0.006368368497825842
54005,Boone County,WV,3/14/2026 10:00,0.0,0.0,0.0,0.005335770036738088
54005,Boone County,WV,3/14/2026 11:00,0.0,0.0,0.0,0.006296520473939192
54005,Boone County,WV,3/14/2026 12:00,0.0,0.0,0.0012776331225508252,0.006164180679521734
54005,Boone County,WV,3/14/2026 13:00,0.0,0.0,0.0,0.004942785216845504
54005,Boone County,WV,3/14/2026 14:00,0.0,0.0,0.002032988728272123,0.004583847076788397
54005,Boone County,WV,3/14/2026 15:00,0.0,0.0,0.0018786342054913402,0.004370284210711401
54005,Boone County,WV,3/14/2026 16:00,0.0,0.0,0.0019302009925827885,0.0044421144594712254
54005,Boone County,WV,3/14/2026 17:00,0.0,0.0,0.0041394304385292706,0.004302479316916346
54005,Boone County,WV,3/14/2026 18:00,0.0,0.0,0.003760616511426629,0.007498855557737278
54005,Boone County,WV,3/14/2026 19:00,0.0,0.0,0.002874140660642059,0.012298589080764068
54005,Boone County,WV,3/14/2026 20:00,0.0,0.0,0.0021495887522535785,0.012294601880911403
54005,Boone County,WV,3/14/2026 21:00,0.0,0.0,0.001904259498619178,0.0113368100376397
54005,Boone County,WV,3/14/2026 22:00,0.0,0.0,0.0,0.012521976977614249
54005,Boone County,WV,3/14/2026 23:00,0.0,0.0,0.0016573343999351272,0.012201670538469838
54005,Boone County,WV,3/15/2026 0:00,0.0,0.0,0.0026603091814329702,0.012100611813782877
54005,Boone County,WV,3/15/2026 1:00,0.0,0.0,0.0019591322049125116,0.013079696235365609
54005,Boone County,WV,3/15/2026 2:00,0.0,0.0,0.0014440754206571469,0.01281620997129466
54005,Boone County,WV,3/15/2026 3:00,0.0,0.0,0.0024797966368180296,0.012597599274947888
54005,Boone County,WV,3/15/2026 4:00,0.0,0.0,0.0010099563389390249,0.01217791246812338
54005,Boone County,WV,3/15/2026 5:00,0.0,0.0,0.003580950286514512,0.014133616690641056
54005,Boone County,WV,3/15/2026 6:00,0.0,0.0,0.004325520021978213,0.013968953525100202
54005,Boone County,WV,3/15/2026 7:00,0.0,0.0,0.0067619135194973605,0.014074792984042905
54005,Boone County,WV,3/15/2026 8:00,0.0,0.001294064437757697,0.010235460270337329,0.011965295331389368
54005,Boone County,WV,3/15/2026 9:00,0.0,0.0013893422079476903,0.009778632161280727,0.01179274235858376
54005,Boone County,WV,3/15/2026 10:00,0.0012314393958827775,0.0016670515689601467,0.008518684735126751,0.00993903524789868
54005,Boone County,WV,3/15/2026 11:00,0.0,0.0012144243139251764,0.006600167927193727,0.008032566771541117
54005,Boone County,WV,3/15/2026 12:00,0.0028615946380698377,0.0010294459928546233,0.006050333280443133,0.004322323253151911
54005,Boone County,WV,3/15/2026 13:00,0.0,0.0,0.00434254666795842,0.003910458901820494
54005,Boone County,WV,3/15/2026 14:00,0.0,0.0,0.006543482664532726,0.00367915757802614
54005,Boone County,WV,3/15/2026 15:00,0.0022358401281962394,0.0,0.0059487275529745655,0.0028950786813323214
54005,Boone County,WV,3/15/2026 16:00,0.0014686414500269837,0.0,0.005439812270503244,0.0026422488707216374
54005,Boone County,WV,3/15/2026 17:00,0.0014110038183127367,0.0,0.005312552327773774,0.0027113977658097853
54005,Boone County,WV,3/15/2026 18:00,0.0013561376201622869,0.0,0.008115249261585872,0.0011437697551300134
54005,Boone County,WV,3/15/2026 19:00,0.0017275536610497613,0.0,0.01110132580247931,0.0
54005,Boone County,WV,3/15/2026 20:00,0.0011930183703479527,0.0,0.010522757398334187,0.0
54005,Boone County,WV,3/15/2026 21:00,0.0016188963773830713,0.0,0.014467043109484271,0.0
54005,Boone County,WV,3/15/2026 22:00,0.002370937078634126,0.0014307566425823784,0.01658596780814846,0.0
54005,Boone County,WV,3/15/2026 23:00,0.0011477268200696482,0.0,0.015459840264636461,0.0
54005,Boone County,WV,3/16/2026 0:00,0.0019252597119751367,0.003194529739398701,0.012001852990444248,0.0
54005,Boone County,WV,3/16/2026 1:00,0.002290321049797128,0.0060116084293380615,0.013139358415487861,0.0
54005,Boone County,WV,3/16/2026 2:00,0.0013272924530216821,0.007221395791239002,0.01066542821480897,0.0
54005,Boone County,WV,3/16/2026 3:00,0.002674887926604957,0.008051984347455887,0.009800857922852985,0.0
54005,Boone County,WV,3/16/2026 4:00,0.0016854856693609558,0.006858919186302669,0.008228458922397975,0.0
54005,Boone County,WV,3/16/2026 5:00,0.004683957982679545,0.007733958409851667,0.010548982223467838,0.0
54005,Boone County,WV,3/16/2026 6:00,0.00625084139456836,0.009448475239216901,0.011144268444332578,0.0
54005,Boone County,WV,3/16/2026 7:00,0.006234500133342752,0.01013836513674221,0.011134133894687965,0.0
54005,Boone County,WV,3/16/2026 8:00,0.0062669408994506836,0.009653137468218574,0.014977960830199368,0.0
54005,Boone County,WV,3/16/2026 9:00,0.006694877971611829,0.007903727040444031,0.015281481293440341,0.0
54005,Boone County,WV,3/16/2026 10:00,0.007509792504973998,0.010587186976609113,0.014721859774581302,0.0012245167893484424
54005,Boone County,WV,3/16/2026 11:00,0.008428665082982763,0.007747094344313383,0.012629834192601344,0.001893121626637125
54005,Boone County,WV,3/16/2026 12:00,0.008270891594877422,0.00795106405720968,0.013110489903590589,0.001874942071540354
54005,Boone County,WV,3/16/2026 13:00,0.006627459567429539,0.011148900326312855,0.009242726871780063,0.0
54005,Boone County,WV,3/16/2026 14:00,0.007792553465162158,0.0144246840168438,0.005511411570090311,0.0
54005,Boone County,WV,3/16/2026 15:00,0.00627890993785011,0.017922694723425846,0.004526256528441926,0.0
54005,Boone County,WV,3/16/2026 16:00,0.007037214150072311,0.01924478849744134,0.0024553570828175406,0.0
54005,Boone County,WV,3/16/2026 17:00,0.009360449192639713,0.016495267201891376,0.0022185529493984548,0.0
54005,Boone County,WV,3/16/2026 18:00,0.011180853268876747,0.015302341116523325,0.0,0.0
54005,Boone County,WV,3/16/2026 19:00,0.013850861305463136,0.010611356725199046,0.0,0.0
54005,Boone County,WV,3/16/2026 20:00,0.015785632773460113,0.010281434386168577,0.0,0.0
54005,Boone County,WV,3/16/2026 21:00,0.015177588559589004,0.012612409398338483,0.0,0.0
54005,Boone County,WV,3/16/2026 22:00,0.01414861633827171,0.009003218007743646,0.0,0.0
54005,Boone County,WV,3/16/2026 23:00,0.010947432640686776,0.009259350485330452,0.0,0.0
54005,Boone County,WV,3/17/2026 0:00,0.012299528082499121,0.00968956396196869,0.0,0.0
54005,Boone County,WV,3/17/2026 1:00,0.014095677150486862,0.01160899225873993,0.0,0.0
54005,Boone County,WV,3/17/2026 2:00,0.015449841961608507,0.010949723672141504,0.0,0.0
54005,Boone County,WV,3/17/2026 3:00,0.015444333972962255,0.011567303063046255,0.0,0.0
54005,Boone County,WV,3/17/2026 4:00,0.015646613671244102,0.01195355679176535,0.0,0.0
54005,Boone County,WV,3/17/2026 5:00,0.015188093651121878,0.01080825936774686,0.0,0.0
54005,Boone County,WV,3/17/2026 6:00,0.01636215683468438,0.011551663787658737,0.0,0.0
54005,Boone County,WV,3/17/2026 7:00,0.01720748279263173,0.013229590774553804,0.0,0.0
54005,Boone County,WV,3/17/2026 8:00,0.018817241328917638,0.010653030654617689,0.0,0.0
54005,Boone County,WV,3/17/2026 9:00,0.015270783552090942,0.009947788911341229,0.0,0.0
54005,Boone County,WV,3/17/2026 10:00,0.01292295312346212,0.008381619963577277,0.0,0.0
54005,Boone County,WV,3/17/2026 11:00,0.012783172864447644,0.007329094728419295,0.002947858334448165,0.0
54005,Boone County,WV,3/17/2026 12:00,0.01134020239323239,0.006682098711357949,0.0,0.0
54005,Boone County,WV,3/17/2026 13:00,0.011927273224870241,0.0063794578714678795,0.0,0.0
54005,Boone County,WV,3/17/2026 14:00,0.007513558634030268,0.005597416658632913,0.0,0.0
54005,Boone County,WV,3/17/2026 15:00,0.0052388540656720115,0.0017331431184800174,0.0,0.0
54005,Boone County,WV,3/17/2026 16:00,0.0030601340675593283,0.0021733072407870133,0.0,0.0
54005,Boone County,WV,3/17/2026 17:00,0.0016035306438300873,0.001732581197320244,0.0,0.0
54005,Boone County,WV,3/17/2026 18:00,0.0,0.0019239229998354243,0.0,0.0
54005,Boone County,WV,3/17/2026 19:00,0.0011725485789051613,0.0018827764164725906,0.0,0.0
54005,Boone County,WV,3/17/2026 20:00,0.0,0.0016063761969158875,0.0,0.0
54005,Boone County,WV,3/17/2026 21:00,0.0,0.001573106282343739,0.0,0.0
54005,Boone County,WV,3/17/2026 22:00,0.0,0.002125876422017266,0.0,0.0
54005,Boone County,WV,3/17/2026 23:00,0.0,0.001953610421676135,0.0,0.0
54005,Boone County,WV,3/18/2026 0:00,0.0,0.0011737659259743924,0.0,
54005,Boone County,WV,3/18/2026 1:00,0.0,0.0011426992241420732,0.0,
54005,Boone County,WV,3/18/2026 2:00,0.0,0.0017724958439332055,0.0,
54005,Boone County,WV,3/18/2026 3:00,0.0,0.0021170084055782746,0.0,
54005,Boone County,WV,3/18/2026 4:00,0.0,0.002668683350282846,0.0,
54005,Boone County,WV,3/18/2026 5:00,0.0,0.0037356214922483716,0.0,
54005,Boone County,WV,3/18/2026 6:00,0.0,0.002778731613637342,0.0,
54005,Boone County,WV,3/18/2026 7:00,0.0,0.001441601383491337,0.0,
54005,Boone County,WV,3/18/2026 8:00,0.0019378923654486272,0.0012508507325927445,0.0,
54005,Boone County,WV,3/18/2026 9:00,0.001547038991324746,0.0,0.0,
54005,Boone County,WV,3/18/2026 10:00,0.0,0.0010867049336746228,0.0,
54005,Boone County,WV,3/18/2026 11:00,0.0,0.0010218695619364276,0.0,
54005,Boone County,WV,3/18/2026 12:00,0.0,0.0,0.0,
54005,Boone County,WV,3/18/2026 13:00,0.0,0.0,0.0,
54005,Boone County,WV,3/18/2026 14:00,0.0,0.0,0.0,
54005,Boone County,WV,3/18/2026 15:00,0.0,0.0,0.0,
54005,Boone County,WV,3/18/2026 16:00,0.0,0.0,0.0,
54005,Boone County,WV,3/18/2026 17:00,0.0,0.0,0.0,
54005,Boone County,WV,3/18/2026 18:00,0.0,0.0,0.0,
54005,Boone County,WV,3/18/2026 19:00,0.0,0.0,0.0,
54005,Boone County,WV,3/18/2026 20:00,0.0,0.0,0.0,
54005,Boone County,WV,3/18/2026 21:00,0.0,0.0,0.0,
54005,Boone County,WV,3/18/2026 22:00,0.0,0.0,0.0,
54005,Boone County,WV,3/18/2026 23:00,0.0,0.0,0.0,
54005,Boone County,WV,3/19/2026 0:00,0.0,0.0,,
54005,Boone County,WV,3/19/2026 1:00,0.0,0.0011488452420888578,,
54005,Boone County,WV,3/19/2026 2:00,0.0,0.0,,
54005,Boone County,WV,3/19/2026 3:00,0.0,0.0,,
54005,Boone County,WV,3/19/2026 4:00,0.0,0.0,,
54005,Boone County,WV,3/19/2026 5:00,0.0,0.0,,
54005,Boone County,WV,3/19/2026 6:00,0.0,0.0,,
54005,Boone County,WV,3/19/2026 7:00,0.0,0.0,,
54005,Boone County,WV,3/19/2026 8:00,0.0,0.0,,
54005,Boone County,WV,3/19/2026 9:00,0.0,0.0,,
54005,Boone County,WV,3/19/2026 10:00,0.0,0.0,,
54005,Boone County,WV,3/19/2026 11:00,0.0,0.0,,
54005,Boone County,WV,3/19/2026 12:00,0.0,0.0,,
54005,Boone County,WV,3/19/2026 13:00,0.0,0.0,,
54005,Boone County,WV,3/19/2026 14:00,0.0,0.0,,
54005,Boone County,WV,3/19/2026 15:00,0.0,0.0,,
54005,Boone County,WV,3/19/2026 16:00,0.0,0.0,,
54005,Boone County,WV,3/19/2026 17:00,0.0,0.0,,
54005,Boone County,WV,3/19/2026 18:00,0.0,,,
54005,Boone County,WV,3/19/2026 19:00,0.0,,,
54005,Boone County,WV,3/19/2026 20:00,0.0,,,
54005,Boone County,WV,3/19/2026 21:00,0.0,,,
54005,Boone County,WV,3/19/2026 22:00,0.0,,,
54005,Boone County,WV,3/19/2026 23:00,,,,
54011,Cabell County,WV,3/14/2026 0:00,0.0,0.0,0.0,0.0
54011,Cabell County,WV,3/14/2026 1:00,0.0,0.0,0.0,0.0
54011,Cabell County,WV,3/14/2026 2:00,0.0,0.0,0.0,0.0
54011,Cabell County,WV,3/14/2026 3:00,0.0,0.0,0.0,0.0
54011,Cabell County,WV,3/14/2026 4:00,0.0,0.0,0.0,0.0
54011,Cabell County,WV,3/14/2026 5:00,0.0,0.0,0.0,0.0
54011,Cabell County,WV,3/14/2026 6:00,0.0,0.0,0.0,0.0
54011,Cabell County,WV,3/14/2026 7:00,0.0,0.0,0.0,0.0
54011,Cabell County,WV,3/14/2026 8:00,0.0,0.0,0.0,0.0
54011,Cabell County,WV,3/14/2026 9:00,0.0,0.0,0.0,0.001825764680891477
54011,Cabell County,WV,3/14/2026 10:00,0.0,0.0,0.0017703563827441893,0.0020231965185702437
54011,Cabell County,WV,3/14/2026 11:00,0.0,0.0,0.0017066855251442357,0.001954508888253492
54011,Cabell County,WV,3/14/2026 12:00,0.0,0.0,0.0019213337143675739,0.0018766137694099167
54011,Cabell County,WV,3/14/2026 13:00,0.0,0.0,0.002019412593635894,0.001547663772830057
54011,Cabell County,WV,3/14/2026 14:00,0.0,0.0,0.002371551588761547,0.001101001074102119
54011,Cabell County,WV,3/14/2026 15:00,0.0,0.0,0.0029313216901165552,0.0011456972835847763
54011,Cabell County,WV,3/14/2026 16:00,0.0,0.0,0.003593512542889392,0.0011499972526841787
54011,Cabell County,WV,3/14/2026 17:00,0.0,0.0,0.0037522558575057152,0.0012985056124655476
54011,Cabell County,WV,3/14/2026 18:00,0.0,0.0,0.0038751343162164685,0.001299939168499015
54011,Cabell County,WV,3/14/2026 19:00,0.0,0.0,0.00302174888083805,0.0018673559603077305
54011,Cabell County,WV,3/14/2026 20:00,0.0,0.0,0.0016679853004712768,0.002248479701629259
54011,Cabell County,WV,3/14/2026 21:00,0.0,0.0,0.001766442552546491,0.002934435476214002
54011,Cabell County,WV,3/14/2026 22:00,0.0,0.0,0.0013568935244507951,0.0030376744095287848
54011,Cabell County,WV,3/14/2026 23:00,0.0,0.0,0.0014994845610485155,0.0035483646813993094
54011,Cabell County,WV,3/15/2026 0:00,0.0,0.0,0.00129054848756735,0.0033705096653869
54011,Cabell County,WV,3/15/2026 1:00,0.0,0.0,0.001358754227643375,0.0028888143332808933
54011,Cabell County,WV,3/15/2026 2:00,0.0,0.0,0.0,0.002474012733255447
54011,Cabell County,WV,3/15/2026 3:00,0.0,0.0,0.001051173713396624,0.0032472960640093046
54011,Cabell County,WV,3/15/2026 4:00,0.0,0.0,0.0,0.0027361560930508344
54011,Cabell County,WV,3/15/2026 5:00,0.0,0.0,0.0,0.0021193406681624454
54011,Cabell County,WV,3/15/2026 6:00,0.0,0.0,0.001125810906023938,0.002232876448189191
54011,Cabell County,WV,3/15/2026 7:00,0.0,0.0,0.0014234241582343158,0.0020043263491953756
54011,Cabell County,WV,3/15/2026 8:00,0.0,0.001027265972321497,0.0013793188122806347,0.0022920312744513288
54011,Cabell County,WV,3/15/2026 9:00,0.0,0.0,0.0032403654801945,0.0018982951449642831
54011,Cabell County,WV,3/15/2026 10:00,0.0,0.0,0.0026309705372635065,0.002156439531734191
54011,Cabell County,WV,3/15/2026 11:00,0.0014590459592722957,0.0,0.0023304747384828794,0.0016290746751070793
54011,Cabell County,WV,3/15/2026 12:00,0.0,0.0,0.0011826249200515056,0.0014893987434681445
54011,Cabell County,WV,3/15/2026 13:00,0.0,0.001203328899159465,0.0011960469277011543,0.001726896410284471
54011,Cabell County,WV,3/15/2026 14:00,0.0,0.0015691512472843815,0.0,0.00153579386086448
54011,Cabell County,WV,3/15/2026 15:00,0.001916072260112673,0.0,0.0014521542381793699,0.0
54011,Cabell County,WV,3/15/2026 16:00,0.0,0.0010142918761232808,0.0030084489391031632,0.0
54011,Cabell County,WV,3/15/2026 17:00,0.0,0.0,0.0027365099519749457,0.0
54011,Cabell County,WV,3/15/2026 18:00,0.0015425451940820154,0.0,0.0039669769368787635,0.0
54011,Cabell County,WV,3/15/2026 19:00,0.002585106236839264,0.001186202142339772,0.004200786179549149,0.0
54011,Cabell County,WV,3/15/2026 20:00,0.0027278574826015037,0.0,0.004725179825235065,0.0
54011,Cabell County,WV,3/15/2026 21:00,0.002102413741249748,0.0019304609103528586,0.005218883985754062,0.0
54011,Cabell County,WV,3/15/2026 22:00,0.0,0.0012520263639654724,0.005762294844711451,0.0
54011,Cabell County,WV,3/15/2026 23:00,0.0,0.002816493721374772,0.005332572663161771,0.0
54011,Cabell County,WV,3/16/2026 0:00,0.0,0.0018510830137759818,0.005376020419789955,0.0
54011,Cabell County,WV,3/16/2026 1:00,0.0,0.002169256965091966,0.004419444708676006,0.0
54011,Cabell County,WV,3/16/2026 2:00,0.0,0.002099726949357512,0.005060950730631276,0.0
54011,Cabell County,WV,3/16/2026 3:00,0.0,0.0028590881724017874,0.004659574121711401,0.0
54011,Cabell County,WV,3/16/2026 4:00,0.0,0.003135773464726082,0.004178010876830177,0.0
54011,Cabell County,WV,3/16/2026 5:00,0.0011962475388281068,0.0038692618425163455,0.0032508200475477467,0.0
54011,Cabell County,WV,3/16/2026 6:00,0.0,0.002862125941232124,0.0012835087740237516,0.0
54011,Cabell County,WV,3/16/2026 7:00,0.001824550023401243,0.0033997469389635214,0.001764522025979136,0.0
54011,Cabell County,WV,3/16/2026 8:00,0.002783174118745869,0.0029595969305567195,0.0014117425614707632,0.0
54011,Cabell County,WV,3/16/2026 9:00,0.005136445565204505,0.0028578357430626535,0.0027292861585194346,0.0
54011,Cabell County,WV,3/16/2026 10:00,0.004493932617650451,0.0029289888660173004,0.0014210001444089724,0.0018941148252656543
54011,Cabell County,WV,3/16/2026 11:00,0.0029317531762958027,0.002049469273965976,0.0016245757448833161,0.0034716778745635616
54011,Cabell County,WV,3/16/2026 12:00,0.001454398808453793,0.0018704517588337493,0.0022657940662922996,0.003587948276646699
54011,Cabell County,WV,3/16/2026 13:00,0.0011343019006541527,0.002991035525892706,0.0014306597415301128,0.0022856029973853955
54011,Cabell County,WV,3/16/2026 14:00,0.0014243909972310466,0.0027888395548323276,0.0,0.0012457959622913881
54011,Cabell County,WV,3/16/2026 15:00,0.0016025945266429527,0.005844827816208032,0.0,0.0
54011,Cabell County,WV,3/16/2026 16:00,0.0021461952275169745,0.00613094564493818,0.0,0.0
54011,Cabell County,WV,3/16/2026 17:00,0.002433742412902,0.005703178425642638,0.0,0.0
54011,Cabell County,WV,3/16/2026 18:00,0.002779099002433222,0.00615839062439047,0.0,0.0
54011,Cabell County,WV,3/16/2026 19:00,0.002966426380430516,0.002830648812949734,0.0,0.0
54011,Cabell County,WV,3/16/2026 20:00,0.0037748699069550286,0.0021298438206953053,0.0,0.0
54011,Cabell County,WV,3/16/2026 21:00,0.004833994819733609,0.0017676820403017667,0.0,0.0
54011,Cabell County,WV,3/16/2026 22:00,0.003717257865141162,0.0019145311549393501,0.0,0.0
54011,Cabell County,WV,3/16/2026 23:00,0.0021772944659726044,0.0019327915050620557,0.0,0.0
54011,Cabell County,WV,3/17/2026 0:00,0.00257349416601295,0.001879056719883875,0.0,0.0
54011,Cabell County,WV,3/17/2026 1:00,0.0023998396254349633,0.0012956163499669362,0.0,0.0
54011,Cabell County,WV,3/17/2026 2:00,0.0028068945348162914,0.0015646551384506432,0.0,0.0
54011,Cabell County,WV,3/17/2026 3:00,0.002674661285354638,0.0015623981949303397,0.0,0.0
54011,Cabell County,WV,3/17/2026 4:00,0.0025542143724414366,0.0015549907454220522,0.0,0.0
54011,Cabell County,WV,3/17/2026 5:00,0.002573399089159377,0.0014436945234598227,0.0,0.0
54011,Cabell County,WV,3/17/2026 6:00,0.002563095611527298,0.0013581310332587125,0.0,0.0
54011,Cabell County,WV,3/17/2026 7:00,0.002916845377157107,0.0012271714281602722,0.0,0.0
54011,Cabell County,WV,3/17/2026 8:00,0.002953973075838734,0.0011718458068546848,0.0,0.0
54011,Cabell County,WV,3/17/2026 9:00,0.0023170708041336187,0.001032931303776729,0.0,0.0
54011,Cabell County,WV,3/17/2026 10:00,0.001974392867146358,0.0,0.0,0.0
54011,Cabell County,WV,3/17/2026 11:00,0.0017134501249055577,0.0013069818498522951,0.0,0.0
54011,Cabell County,WV,3/17/2026 12:00,0.0016739970290915803,0.0,0.0,0.0
54011,Cabell County,WV,3/17/2026 13:00,0.001641602450174228,0.0,0.0,0.0
54011,Cabell County,WV,3/17/2026 14:00,0.0013729309816211087,0.0,0.0,0.0
54011,Cabell County,WV,3/17/2026 15:00,0.0010047100063998423,0.0,0.0,0.0
54011,Cabell County,WV,3/17/2026 16:00,0.0,0.0,0.0,0.0
54011,Cabell County,WV,3/17/2026 17:00,0.0,0.0,0.0,0.0
54011,Cabell County,WV,3/17/2026 18:00,0.0,0.0,0.0,0.0
54011,Cabell County,WV,3/17/2026 19:00,0.0,0.0,0.0,0.0
54011,Cabell County,WV,3/17/2026 20:00,0.0,0.0,0.0,0.0
54011,Cabell County,WV,3/17/2026 21:00,0.0,0.0,0.0,0.0
54011,Cabell County,WV,3/17/2026 22:00,0.0,0.0,0.0,0.0
54011,Cabell County,WV,3/17/2026 23:00,0.0,0.0,0.0,0.0
54011,Cabell County,WV,3/18/2026 0:00,0.0,0.0,0.0,
54011,Cabell County,WV,3/18/2026 1:00,0.0,0.0,0.0,
54011,Cabell County,WV,3/18/2026 2:00,0.0,0.0,0.0,
54011,Cabell County,WV,3/18/2026 3:00,0.0,0.0,0.0,
54011,Cabell County,WV,3/18/2026 4:00,0.0,0.0,0.0,
54011,Cabell County,WV,3/18/2026 5:00,0.0,0.0,0.0,
54011,Cabell County,WV,3/18/2026 6:00,0.0,0.0,0.0,
54011,Cabell County,WV,3/18/2026 7:00,0.0,0.0,0.0,
54011,Cabell County,WV,3/18/2026 8:00,0.0,0.0,0.0,
54011,Cabell County,WV,3/18/2026 9:00,0.0,0.0,0.0,
54011,Cabell County,WV,3/18/2026 10:00,0.0,0.0,0.0,
54011,Cabell County,WV,3/18/2026 11:00,0.0014920766817319354,0.0,0.0,
54011,Cabell County,WV,3/18/2026 12:00,0.0,0.0,0.0,
54011,Cabell County,WV,3/18/2026 13:00,0.0,0.0,0.0,
54011,Cabell County,WV,3/18/2026 14:00,0.0,0.0,0.0,
54011,Cabell County,WV,3/18/2026 15:00,0.0012446434315494404,0.0,0.0,
54011,Cabell County,WV,3/18/2026 16:00,0.0,0.0,0.0,
54011,Cabell County,WV,3/18/2026 17:00,0.0,0.0,0.0,
54011,Cabell County,WV,3/18/2026 18:00,0.0,0.0,0.0,
54011,Cabell County,WV,3/18/2026 19:00,0.0,0.0,0.0,
54011,Cabell County,WV,3/18/2026 20:00,0.0,0.0,0.0,
54011,Cabell County,WV,3/18/2026 21:00,0.0,0.0,0.0,
54011,Cabell County,WV,3/18/2026 22:00,0.0,0.0,0.0,
54011,Cabell County,WV,3/18/2026 23:00,0.0,0.0,0.0,
54011,Cabell County,WV,3/19/2026 0:00,0.0,0.0,,
54011,Cabell County,WV,3/19/2026 1:00,0.0,0.0,,
54011,Cabell County,WV,3/19/2026 2:00,0.0,0.0,,
54011,Cabell County,WV,3/19/2026 3:00,0.0,0.0,,
54011,Cabell County,WV,3/19/2026 4:00,0.0,0.0,,
54011,Cabell County,WV,3/19/2026 5:00,0.0,0.0,,
54011,Cabell County,WV,3/19/2026 6:00,0.0011111844804735861,0.0,,
54011,Cabell County,WV,3/19/2026 7:00,0.0,0.0,,
54011,Cabell County,WV,3/19/2026 8:00,0.0,0.0,,
54011,Cabell County,WV,3/19/2026 9:00,0.0,0.0,,
54011,Cabell County,WV,3/19/2026 10:00,0.0,0.0,,
54011,Cabell County,WV,3/19/2026 11:00,0.0,0.0,,
54011,Cabell County,WV,3/19/2026 12:00,0.0,0.0,,
54011,Cabell County,WV,3/19/2026 13:00,0.0,0.0,,
54011,Cabell County,WV,3/19/2026 14:00,0.0,0.0,,
54011,Cabell County,WV,3/19/2026 15:00,0.0,0.0,,
54011,Cabell County,WV,3/19/2026 16:00,0.0,0.0,,
54011,Cabell County,WV,3/19/2026 17:00,0.0,0.0,,
54011,Cabell County,WV,3/19/2026 18:00,0.0,,,
54011,Cabell County,WV,3/19/2026 19:00,0.0,,,
54011,Cabell County,WV,3/19/2026 20:00,0.0,,,
54011,Cabell County,WV,3/19/2026 21:00,0.0,,,
54011,Cabell County,WV,3/19/2026 22:00,0.0,,,
54011,Cabell County,WV,3/19/2026 23:00,,,,
54017,Doddridge County,WV,3/14/2026 0:00,0.04004114917755217,0.0328289061433993,0.0,0.001396560337381703
54017,Doddridge County,WV,3/14/2026 1:00,0.0399393630677714,0.030622601390828844,0.0019897093274793796,0.0015509261653459418
54017,Doddridge County,WV,3/14/2026 2:00,0.03846052530255232,0.025979698330615985,0.0,0.0012031448531956413
54017,Doddridge County,WV,3/14/2026 3:00,0.036551863562659395,0.018884687018086894,0.0,0.0018458226333655666
54017,Doddridge County,WV,3/14/2026 4:00,0.03480795765751564,0.017250211414702055,0.0,0.0016706186062305187
54017,Doddridge County,WV,3/14/2026 5:00,0.03287067124551696,0.017530254128027653,0.0,0.0017249720796489773
54017,Doddridge County,WV,3/14/2026 6:00,0.029643656818472256,0.014736250738501114,0.0023647295136811036,0.003042789438229179
54017,Doddridge County,WV,3/14/2026 7:00,0.025952330233528192,0.011685422717483903,0.0016901150888218163,0.007492693189800788
54017,Doddridge County,WV,3/14/2026 8:00,0.023806922457953714,0.00845463648329627,0.002108904482955709,0.008269600050271284
54017,Doddridge County,WV,3/14/2026 9:00,0.021656328553761435,0.01142768053690538,0.0021986555508089274,0.008095401547357696
54017,Doddridge County,WV,3/14/2026 10:00,0.020274717006851347,0.008491313234475176,0.003657711320303738,0.007370969089521815
54017,Doddridge County,WV,3/14/2026 11:00,0.01922642915536968,0.0071200887180036376,0.005472337706408517,0.006501840525151391
54017,Doddridge County,WV,3/14/2026 12:00,0.017002492689661718,0.005728268575403932,0.006078082007792306,0.00526567338445563
54017,Doddridge County,WV,3/14/2026 13:00,0.012842710173845508,0.0,0.006495097788081748,0.004782363834875454
54017,Doddridge County,WV,3/14/2026 14:00,0.011317475814247979,0.0,0.007575850503728882,0.003989928591028631
54017,Doddridge County,WV,3/14/2026 15:00,0.007386358793916946,0.0,0.006203091537787371,0.004254939193346545
54017,Doddridge County,WV,3/14/2026 16:00,0.005291473823467518,0.0,0.010066857367445664,0.002505769736099023
54017,Doddridge County,WV,3/14/2026 17:00,0.002306063951650976,0.0,0.0072454082791392205,0.0030244671040672282
54017,Doddridge County,WV,3/14/2026 18:00,0.0010417876187189781,0.0,0.008218520311390856,0.003778302617485171
54017,Doddridge County,WV,3/14/2026 19:00,0.002859032281748477,0.0,0.007584656821075467,0.01495803716858242
54017,Doddridge County,WV,3/14/2026 20:00,0.0028303337209827457,0.0010725405424896373,0.006467905371671485,0.02211033884581164
54017,Doddridge County,WV,3/14/2026 21:00,0.0020028010156345104,0.0014034926184055118,0.006558774961526465,0.022784040258249573
54017,Doddridge County,WV,3/14/2026 22:00,0.0025223321686017645,0.0017578517015210005,0.006279868669476018,0.030643375288918348
54017,Doddridge County,WV,3/14/2026 23:00,0.0016026773108217597,0.0017290214838728744,0.004354735205765338,0.03893474148966128
54017,Doddridge County,WV,3/15/2026 0:00,0.0012911503547234065,0.0023094214132664457,0.004603105373405929,0.041097117755494836
54017,Doddridge County,WV,3/15/2026 1:00,0.0019039996756420716,0.0015783465453560398,0.004259740722647544,0.040887608792520416
54017,Doddridge County,WV,3/15/2026 2:00,0.002265940070273177,0.0014304673364316533,0.003691140982851991,0.04046854930327637
54017,Doddridge County,WV,3/15/2026 3:00,0.0,0.002556168173714225,0.005638952165266154,0.04298222323126637
54017,Doddridge County,WV,3/15/2026 4:00,0.0,0.002781999158297805,0.006662833770126049,0.04321849865417191
54017,Doddridge County,WV,3/15/2026 5:00,0.0,0.0037582020140427283,0.005742248387956034,0.040559950277516986
54017,Doddridge County,WV,3/15/2026 6:00,0.0025652217583009983,0.006448570156730398,0.005753579928829868,0.043948612183417085
54017,Doddridge County,WV,3/15/2026 7:00,0.002354151141702725,0.008365598502463155,0.009704348212520784,0.04059460608774069
54017,Doddridge County,WV,3/15/2026 8:00,0.0025316762368448567,0.0081736963815545,0.010817926763979803,0.035367994984414196
54017,Doddridge County,WV,3/15/2026 9:00,0.0023401849236296323,0.007685764862950156,0.012198383498539531,0.03630874273436965
54017,Doddridge County,WV,3/15/2026 10:00,0.004998056179569559,0.008022019023701595,0.008434736336713383,0.03173585632743168
54017,Doddridge County,WV,3/15/2026 11:00,0.003253053650095382,0.007127030323710535,0.0022119599025274897,0.030871288603800937
54017,Doddridge County,WV,3/15/2026 12:00,0.0034844959277285955,0.007220234771880746,0.0035501102538399694,0.029703721780088378
54017,Doddridge County,WV,3/15/2026 13:00,0.004306178279307153,0.00756490241240722,0.0014830024022859088,0.02836605098960742
54017,Doddridge County,WV,3/15/2026 14:00,0.004623226621143978,0.006671672969220365,0.0016239457698710874,0.023194720087624184
54017,Doddridge County,WV,3/15/2026 15:00,0.0035930845649456847,0.007441336364206191,0.0,0.015903776136190834
54017,Doddridge County,WV,3/15/2026 16:00,0.0037296613765150557,0.009125570645632094,0.0,0.01370215637530672
54017,Doddridge County,WV,3/15/2026 17:00,0.004010482693057555,0.006480183674632823,0.0,0.012657519000531272
54017,Doddridge County,WV,3/15/2026 18:00,0.0037837413591188997,0.005387781255846627,0.0034825306146098805,0.009533736139249255
54017,Doddridge County,WV,3/15/2026 19:00,0.0028099502222396658,0.002738993406535103,0.01046120715876649,0.005933258140996413
54017,Doddridge County,WV,3/15/2026 20:00,0.003100048777576009,0.0031558619044779637,0.030749138965068146,0.005187104270755192
54017,Doddridge County,WV,3/15/2026 21:00,0.002907228517731575,0.003981419607362291,0.04073651079627137,0.003525103029848041
54017,Doddridge County,WV,3/15/2026 22:00,0.0024313067143736603,0.0034649505663846085,0.04686968325226026,0.004115520399861713
54017,Doddridge County,WV,3/15/2026 23:00,0.0033419935396563714,0.0030988729496156226,0.04986898569430151,0.0044716349452320414
54017,Doddridge County,WV,3/16/2026 0:00,0.002520879901303701,0.008771730105815055,0.046096722391705876,0.0050540740776825795
54017,Doddridge County,WV,3/16/2026 1:00,0.0032180503105385975,0.013434367888970742,0.04842652223013676,0.005384716210334947
54017,Doddridge County,WV,3/16/2026 2:00,0.0015297238529188776,0.012315996020336981,0.0469532112150418,0.0055742234044948375
54017,Doddridge County,WV,3/16/2026 3:00,0.0010595064940005909,0.010958943915518151,0.04335663253500009,0.00422200989964443
54017,Doddridge County,WV,3/16/2026 4:00,0.0,0.010062410772860571,0.043323771203527324,0.00467116200004216
54017,Doddridge County,WV,3/16/2026 5:00,0.0017328750514338245,0.011266355347474347,0.04093015568011507,0.004651473151283144
54017,Doddridge County,WV,3/16/2026 6:00,0.00401460415831133,0.006415893978082118,0.052032926784526944,0.003216771318802351
54017,Doddridge County,WV,3/16/2026 7:00,0.005178590588341172,0.005004884509606639,0.05348775832370365,0.0031082462054916886
54017,Doddridge County,WV,3/16/2026 8:00,0.002924771869215508,0.006839705619031837,0.04621727600919601,0.0026029247713150717
54017,Doddridge County,WV,3/16/2026 9:00,0.004314676559746385,0.005895244089639249,0.046379495382009694,0.0022802033610784555
54017,Doddridge County,WV,3/16/2026 10:00,0.005574878871049308,0.005837835019487958,0.05247306849738014,0.005208420744672267
54017,Doddridge County,WV,3/16/2026 11:00,0.005332616862737071,0.007677207540599438,0.051689369047123616,0.0071154355050295015
54017,Doddridge County,WV,3/16/2026 12:00,0.007475416349446235,0.006803002134258253,0.04433451550127743,0.007869460808779174
54017,Doddridge County,WV,3/16/2026 13:00,0.004289864218644597,0.01155333180154444,0.04190921230854109,0.006920630962646568
54017,Doddridge County,WV,3/16/2026 14:00,0.003633452470868538,0.018090355090052183,0.03558156549070332,0.00730441202546634
54017,Doddridge County,WV,3/16/2026 15:00,0.0025399273720759295,0.023283588072491965,0.02398495123436157,0.00494292783894458
54017,Doddridge County,WV,3/16/2026 16:00,0.0011164385546311045,0.028122569613107565,0.02280806338623924,0.002506812109279318
54017,Doddridge County,WV,3/16/2026 17:00,0.001751201292992379,0.032205816283067575,0.02347093572140817,0.0018864676989638718
54017,Doddridge County,WV,3/16/2026 18:00,0.007407040035579397,0.03193548782587901,0.0190205258484285,0.0013298126626937567
54017,Doddridge County,WV,3/16/2026 19:00,0.02273821065439417,0.03376474550171503,0.010547288902560648,0.002577001610130474
54017,Doddridge County,WV,3/16/2026 20:00,0.029317486182435938,0.03409813814426991,0.00870427523842387,0.002168473496019812
54017,Doddridge County,WV,3/16/2026 21:00,0.03445106289655075,0.031143895151459558,0.0053413934352510494,0.0012257937384681343
54017,Doddridge County,WV,3/16/2026 22:00,0.040727016903345015,0.030053816138656722,0.005014313662167342,0.0010873741220168722
54017,Doddridge County,WV,3/16/2026 23:00,0.04559927673403645,0.03197037110730088,0.0029757259705158897,0.0
54017,Doddridge County,WV,3/17/2026 0:00,0.03956924845825307,0.03312039817401539,0.004823797931024154,0.0
54017,Doddridge County,WV,3/17/2026 1:00,0.04175844122237975,0.042755315715661026,0.0,0.0
54017,Doddridge County,WV,3/17/2026 2:00,0.040280433750084034,0.04458084342772536,0.0013097127069234373,0.0
54017,Doddridge County,WV,3/17/2026 3:00,0.04258273756189232,0.04936725062750183,0.0,0.0
54017,Doddridge County,WV,3/17/2026 4:00,0.039737049981183145,0.04794638120698471,0.002194640529017955,0.0
54017,Doddridge County,WV,3/17/2026 5:00,0.043470934101360874,0.04131647576192223,0.0,0.0
54017,Doddridge County,WV,3/17/2026 6:00,0.041616789045509965,0.03766113044611048,0.0019332617044867091,0.0
54017,Doddridge County,WV,3/17/2026 7:00,0.03848288996872077,0.03625801439115024,0.0,0.0
54017,Doddridge County,WV,3/17/2026 8:00,0.04422400138075057,0.029310963917582696,0.001797258233627388,0.0019702884624748485
54017,Doddridge County,WV,3/17/2026 9:00,0.04138802577220723,0.023127480167398934,0.0014693346885091007,0.0
54017,Doddridge County,WV,3/17/2026 10:00,0.03761652881448756,0.016392852763465325,0.004428568967278096,0.0
54017,Doddridge County,WV,3/17/2026 11:00,0.034578450345920685,0.01219982404373932,0.006560777993188555,0.0
54017,Doddridge County,WV,3/17/2026 12:00,0.022635034128124586,0.00788314886088371,0.00639284001636852,0.003330595146173066
54017,Doddridge County,WV,3/17/2026 13:00,0.01867711438295363,0.00253459340711838,0.007704187145384084,0.0
54017,Doddridge County,WV,3/17/2026 14:00,0.01848721744817095,0.0035393988786547054,0.008555207837837692,0.0
54017,Doddridge County,WV,3/17/2026 15:00,0.017107950338294906,0.0027649089333780575,0.006764660436995506,0.0020007424081115344
54017,Doddridge County,WV,3/17/2026 16:00,0.015471835158795823,0.0033120422978963958,0.0013329843179989203,0.0
54017,Doddridge County,WV,3/17/2026 17:00,0.010683624772364876,0.004517092357758875,0.0011612924350280715,0.0
54017,Doddridge County,WV,3/17/2026 18:00,0.008826076736715772,0.004420099938233661,0.0,0.0
54017,Doddridge County,WV,3/17/2026 19:00,0.007331767899467603,0.005287566376562002,0.0,0.0
54017,Doddridge County,WV,3/17/2026 20:00,0.005040059628270808,0.0034058811250699504,0.0,0.0
54017,Doddridge County,WV,3/17/2026 21:00,0.0024462487698130916,0.003243086578886084,0.0,0.0
54017,Doddridge County,WV,3/17/2026 22:00,0.0019442467258803848,0.0050835215695911335,0.0,0.002132183136119664
54017,Doddridge County,WV,3/17/2026 23:00,0.0015293051983748653,0.004527130951129796,0.0,0.002252733333527927
54017,Doddridge County,WV,3/18/2026 0:00,0.0,0.005237258898391841,0.0,
54017,Doddridge County,WV,3/18/2026 1:00,0.0012461481484792368,0.005247352203345056,0.0,
54017,Doddridge County,WV,3/18/2026 2:00,0.0013945153934884682,0.005471952271421188,0.0,
54017,Doddridge County,WV,3/18/2026 3:00,0.001820867249523295,0.006244728836892439,0.0,
54017,Doddridge County,WV,3/18/2026 4:00,0.002630181516673742,0.00554005746363271,0.0,
54017,Doddridge County,WV,3/18/2026 5:00,0.0026269099464175166,0.006608968082052476,0.0,
54017,Doddridge County,WV,3/18/2026 6:00,0.002610651946007683,0.007315186988138575,0.0,
54017,Doddridge County,WV,3/18/2026 7:00,0.00317731115604409,0.005186607162114583,0.0,
54017,Doddridge County,WV,3/18/2026 8:00,0.0035776691987685107,0.006026192798299525,0.005800909227884453,
54017,Doddridge County,WV,3/18/2026 9:00,0.0030216944917733305,0.00591056792463305,0.0,
54017,Doddridge County,WV,3/18/2026 10:00,0.0032326196118871507,0.004131355577669502,0.0,
54017,Doddridge County,WV,3/18/2026 11:00,0.002267350328414586,0.0035619246908818562,0.0,
54017,Doddridge County,WV,3/18/2026 12:00,0.002726890669232567,0.0029033979522938846,0.005720176378231187,
54017,Doddridge County,WV,3/18/2026 13:00,0.0019362264686450927,0.0018471606813419755,0.0,
54017,Doddridge County,WV,3/18/2026 14:00,0.0014677501592882144,0.0011955566988655594,0.0,
54017,Doddridge County,WV,3/18/2026 15:00,0.0016933312141523737,0.0012177209376822782,0.005593569818018767,
54017,Doddridge County,WV,3/18/2026 16:00,0.0,0.0013829576846612513,0.0,
54017,Doddridge County,WV,3/18/2026 17:00,0.0,0.0018016032002887048,0.0,
54017,Doddridge County,WV,3/18/2026 18:00,0.0,0.001827032620120408,0.0,
54017,Doddridge County,WV,3/18/2026 19:00,0.0,0.0018290511471351191,0.0,
54017,Doddridge County,WV,3/18/2026 20:00,0.0,0.0018164808611068027,0.0,
54017,Doddridge County,WV,3/18/2026 21:00,0.0,0.0017937166922452322,0.0,
54017,Doddridge County,WV,3/18/2026 22:00,0.0,0.0017781041801105553,0.0,
54017,Doddridge County,WV,3/18/2026 23:00,0.0,0.0015075724023821896,0.0,
54017,Doddridge County,WV,3/19/2026 0:00,0.0,0.002785596971823048,,
54017,Doddridge County,WV,3/19/2026 1:00,0.0,0.0027710126313004913,,
54017,Doddridge County,WV,3/19/2026 2:00,0.001003009099761392,0.002847137400695698,,
54017,Doddridge County,WV,3/19/2026 3:00,0.0,0.0025755254179844153,,
54017,Doddridge County,WV,3/19/2026 4:00,0.0,0.002474422829145438,,
54017,Doddridge County,WV,3/19/2026 5:00,0.0,0.002658477652407669,,
54017,Doddridge County,WV,3/19/2026 6:00,0.0010335884456126462,0.002784580547702751,,
54017,Doddridge County,WV,3/19/2026 7:00,0.0,0.0017574615247723763,,
54017,Doddridge County,WV,3/19/2026 8:00,0.0,0.0018027060668443853,,
54017,Doddridge County,WV,3/19/2026 9:00,0.0,0.0019324790277601403,,
54017,Doddridge County,WV,3/19/2026 10:00,0.0,0.0017406691421698885,,
54017,Doddridge County,WV,3/19/2026 11:00,0.0,0.0018783075584004616,,
54017,Doddridge County,WV,3/19/2026 12:00,0.0,0.0016225220596010447,,
54017,Doddridge County,WV,3/19/2026 13:00,0.0,0.001659642810605552,,
54017,Doddridge County,WV,3/19/2026 14:00,0.0,0.001652370095207871,,
54017,Doddridge County,WV,3/19/2026 15:00,0.0,0.0010743519443331137,,
54017,Doddridge County,WV,3/19/2026 16:00,0.0014294358029236453,0.0015324166985629217,,
54017,Doddridge County,WV,3/19/2026 17:00,0.0,0.0013570703930953385,,
54017,Doddridge County,WV,3/19/2026 18:00,0.0,,,
54017,Doddridge County,WV,3/19/2026 19:00,0.0,,,
54017,Doddridge County,WV,3/19/2026 20:00,0.0,,,
54017,Doddridge County,WV,3/19/2026 21:00,0.0,,,
54017,Doddridge County,WV,3/19/2026 22:00,0.0,,,
54017,Doddridge County,WV,3/19/2026 23:00,,,,
54021,Gilmer County,WV,3/14/2026 0:00,0.004577609729227878,0.005195443004888496,0.0,0.005872548939858103
54021,Gilmer County,WV,3/14/2026 1:00,0.004542376282930621,0.007693235169549344,0.0,0.005057961109217956
54021,Gilmer County,WV,3/14/2026 2:00,0.006681925694489975,0.008717537801707712,0.0,0.0018866114971981787
54021,Gilmer County,WV,3/14/2026 3:00,0.007810105047804347,0.011207490970898354,0.0012295499184172426,0.004783369670378603
54021,Gilmer County,WV,3/14/2026 4:00,0.0084077816856461,0.013800311807798568,0.0,0.005810551396031887
54021,Gilmer County,WV,3/14/2026 5:00,0.0074579823077311055,0.013334316337916752,0.0,0.009167577909243047
54021,Gilmer County,WV,3/14/2026 6:00,0.008082022177542994,0.01036938557277354,0.0014382435818532811,0.008968076019578932
54021,Gilmer County,WV,3/14/2026 7:00,0.006772131002020058,0.007791515530478264,0.0,0.010468977364182121
54021,Gilmer County,WV,3/14/2026 8:00,0.006776784418584929,0.007611929019878864,0.0,0.009647003236342192
54021,Gilmer County,WV,3/14/2026 9:00,0.01047126955304768,0.003229732780828399,0.0,0.008497057513947451
54021,Gilmer County,WV,3/14/2026 10:00,0.009854737322486071,0.00270007839499623,0.0,0.007712615026353382
54021,Gilmer County,WV,3/14/2026 11:00,0.009426411057344961,0.009024256431449358,0.0011491006050298547,0.008671250652188968
54021,Gilmer County,WV,3/14/2026 12:00,0.013940982804940827,0.017036436925537413,0.0,0.016026066427157735
54021,Gilmer County,WV,3/14/2026 13:00,0.012453720005565968,0.004622811225609227,0.0,0.014270479388025607
54021,Gilmer County,WV,3/14/2026 14:00,0.015088931681353921,0.017070523745850365,0.0,0.012375273258081299
54021,Gilmer County,WV,3/14/2026 15:00,0.020969657999326832,0.01713820151914347,0.0,0.012002217300852408
54021,Gilmer County,WV,3/14/2026 16:00,0.020910515187458772,0.012890005739165974,0.002359429748516633,0.009269472225892951
54021,Gilmer County,WV,3/14/2026 17:00,0.0013010932316920919,0.0,0.0023549359160422033,0.008967209071616963
54021,Gilmer County,WV,3/14/2026 18:00,0.0011510303756738548,0.0,0.0,0.010259020117068082
54021,Gilmer County,WV,3/14/2026 19:00,0.0,0.0,0.0,0.04977678467137431
54021,Gilmer County,WV,3/14/2026 20:00,0.0,0.0,0.0,0.06952806072028636
54021,Gilmer County,WV,3/14/2026 21:00,0.0,0.0,0.0,0.09943250880782545
54021,Gilmer County,WV,3/14/2026 22:00,0.0034972080573485004,0.0,0.0,0.10411020693752424
54021,Gilmer County,WV,3/14/2026 23:00,0.004302730572619377,0.0,0.0,0.11945335298029808
54021,Gilmer County,WV,3/15/2026 0:00,0.003624713442544279,0.001035541589851256,0.0,0.118635071883644
54021,Gilmer County,WV,3/15/2026 1:00,0.002248898710966797,0.0,0.0,0.11859545636277416
54021,Gilmer County,WV,3/15/2026 2:00,0.0032359700023210855,0.0,0.0,0.11828613031271787
54021,Gilmer County,WV,3/15/2026 3:00,0.0,0.0,0.0,0.12434071582273144
54021,Gilmer County,WV,3/15/2026 4:00,0.0,0.0,0.0,0.122777918689018
54021,Gilmer County,WV,3/15/2026 5:00,0.0,0.0,0.0,0.12320560157694142
54021,Gilmer County,WV,3/15/2026 6:00,0.0,0.0,0.0038649043565936562,0.12282051241315128
54021,Gilmer County,WV,3/15/2026 7:00,0.0,0.0,0.0017780512755711398,0.1224719111994881
54021,Gilmer County,WV,3/15/2026 8:00,0.0019781107564823884,0.0,0.009665450673536193,0.12341318171006739
54021,Gilmer County,WV,3/15/2026 9:00,0.0,0.0,0.003592521849131793,0.12372892956872987
54021,Gilmer County,WV,3/15/2026 10:00,0.0,0.0,0.005467987714667612,0.12372364365670388
54021,Gilmer County,WV,3/15/2026 11:00,0.0,0.0012008991558819816,0.007636975950962891,0.1282734391959793
54021,Gilmer County,WV,3/15/2026 12:00,0.0,0.0015531336180585726,0.003069746121412021,0.12284257291195244
54021,Gilmer County,WV,3/15/2026 13:00,0.0013635795642607073,0.0,0.017559026944616394,0.11748972954784989
54021,Gilmer County,WV,3/15/2026 14:00,0.00122040016204805,0.001561597221132288,0.038071818589994505,0.11076115222708427
54021,Gilmer County,WV,3/15/2026 15:00,0.0016743876324114624,0.0015577848594923642,0.052694841017749246,0.10098834796415011
54021,Gilmer County,WV,3/15/2026 16:00,0.0033789007168991726,0.0010615153931067675,0.047473413222165965,0.09538313202209592
54021,Gilmer County,WV,3/15/2026 17:00,0.003745422714661784,0.0,0.05868751646406898,0.09560065839393343
54021,Gilmer County,WV,3/15/2026 18:00,0.0049281160686682045,0.0,0.08186548539879245,0.09450766605916794
54021,Gilmer County,WV,3/15/2026 19:00,0.0024535208439483863,0.0,0.10020824283417186,0.09087993553320042
54021,Gilmer County,WV,3/15/2026 20:00,0.002014397045962154,0.0,0.10824564040511618,0.06392142283849313
54021,Gilmer County,WV,3/15/2026 21:00,0.00216677474291443,0.0014388817283072567,0.12148383333673993,0.05150380540452368
54021,Gilmer County,WV,3/15/2026 22:00,0.0,0.0,0.1351346548370145,0.02927201689243348
54021,Gilmer County,WV,3/15/2026 23:00,0.001921343685754873,0.0,0.13593716208404466,0.030098928722943123
54021,Gilmer County,WV,3/16/2026 0:00,0.009328026219563735,0.030850652300384276,0.13554508709967036,0.029755808975653258
54021,Gilmer County,WV,3/16/2026 1:00,0.00888460943462735,0.02914423862630347,0.13279171870345213,0.026787333184507853
54021,Gilmer County,WV,3/16/2026 2:00,0.010253084533951198,0.035474659211163946,0.13070101007376708,0.02580425475768192
54021,Gilmer County,WV,3/16/2026 3:00,0.007867842417159114,0.03016407716544311,0.1291307369385245,0.02581343155843736
54021,Gilmer County,WV,3/16/2026 4:00,0.005335778529509068,0.031092614350105147,0.12855250938929141,0.02569562773698512
54021,Gilmer County,WV,3/16/2026 5:00,0.007094485654701225,0.033324478118984736,0.12626962876009806,0.025176482379230276
54021,Gilmer County,WV,3/16/2026 6:00,0.020780642077470136,0.036156169374175526,0.12674801033264624,0.024927981221939132
54021,Gilmer County,WV,3/16/2026 7:00,0.018751813509996683,0.03831533314195024,0.1173269549786011,0.019981222919464314
54021,Gilmer County,WV,3/16/2026 8:00,0.019899646477092137,0.03175375579413694,0.12068537596815812,0.020976054743291044
54021,Gilmer County,WV,3/16/2026 9:00,0.02470434444353877,0.04096158852993705,0.11894410729220278,0.018833766075403855
54021,Gilmer County,WV,3/16/2026 10:00,0.03255615784083411,0.04119135631589991,0.12530078617366572,0.019176781318624835
54021,Gilmer County,WV,3/16/2026 11:00,0.051214728854676886,0.053613476606667994,0.12415374727169817,0.02100864517545075
54021,Gilmer County,WV,3/16/2026 12:00,0.060480144335871164,0.06893132129695906,0.1365023770922066,0.010181888453008365
54021,Gilmer County,WV,3/16/2026 13:00,0.054634417926635225,0.08673262923231445,0.1328427420811057,0.007887297247768765
54021,Gilmer County,WV,3/16/2026 14:00,0.06046439261911423,0.1050651144566619,0.12221474702277915,0.006472315302920079
54021,Gilmer County,WV,3/16/2026 15:00,0.06231729289311482,0.11257488765498058,0.11189542959616258,0.004430404507419815
54021,Gilmer County,WV,3/16/2026 16:00,0.0634295933126386,0.12009927437028461,0.10572406031466551,0.005930547767372637
54021,Gilmer County,WV,3/16/2026 17:00,0.0699683698895203,0.12511119572777127,0.09978836051737283,0.004034159119309356
54021,Gilmer County,WV,3/16/2026 18:00,0.09247874879026063,0.12054651296303388,0.08571011023055067,0.004509624956549146
54021,Gilmer County,WV,3/16/2026 19:00,0.1127090453665399,0.12444226337620078,0.059554629721949096,0.005412532824855822
54021,Gilmer County,WV,3/16/2026 20:00,0.11520435368535231,0.12062900857174208,0.05951081438678527,0.004475234661366821
54021,Gilmer County,WV,3/16/2026 21:00,0.12357245216905283,0.11461970628970101,0.06079326861218609,0.0
54021,Gilmer County,WV,3/16/2026 22:00,0.12719604502761162,0.11756663412838772,0.06341930484499803,0.0
54021,Gilmer County,WV,3/16/2026 23:00,0.11623462292495162,0.0950592241878897,0.0435902386398243,0.0
54021,Gilmer County,WV,3/17/2026 0:00,0.11534159701344203,0.11835639158256965,0.043147707080428935,0.0
54021,Gilmer County,WV,3/17/2026 1:00,0.11618142749347507,0.12504436813535866,0.028628168578076152,0.0
54021,Gilmer County,WV,3/17/2026 2:00,0.11673930384767202,0.13108142402921186,0.02320234936223365,0.0
54021,Gilmer County,WV,3/17/2026 3:00,0.11192667787041548,0.12365604119333369,0.02104675929254719,0.0
54021,Gilmer County,WV,3/17/2026 4:00,0.11604309596358095,0.1302241053953712,0.020525239299764998,0.0
54021,Gilmer County,WV,3/17/2026 5:00,0.11632664674700341,0.1202461103442732,0.022124064813843505,0.0
54021,Gilmer County,WV,3/17/2026 6:00,0.11294201254799659,0.12338455600729555,0.021123902121987215,0.0
54021,Gilmer County,WV,3/17/2026 7:00,0.11861019047288682,0.11664374808348128,0.018715060027542953,0.0
54021,Gilmer County,WV,3/17/2026 8:00,0.12249739990717824,0.11583418777333572,0.019438644623625087,0.0
54021,Gilmer County,WV,3/17/2026 9:00,0.12004714169333301,0.08870650799552054,0.019532123821866577,0.0
54021,Gilmer County,WV,3/17/2026 10:00,0.11926907061326832,0.09242661154095759,0.013903396804237887,0.0
54021,Gilmer County,WV,3/17/2026 11:00,0.12240226167376575,0.07604716739934395,0.010081438421946833,0.0
54021,Gilmer County,WV,3/17/2026 12:00,0.11314167307632877,0.07519454255523476,0.009723505050467688,0.0
54021,Gilmer County,WV,3/17/2026 13:00,0.09716378936414835,0.07250570023064763,0.009539606003750003,0.0
54021,Gilmer County,WV,3/17/2026 14:00,0.09407977472386993,0.07130553033924017,0.007231673738221731,0.0
54021,Gilmer County,WV,3/17/2026 15:00,0.08243446380787471,0.04363330519444082,0.0071077644671537895,0.0
54021,Gilmer County,WV,3/17/2026 16:00,0.07640080921038578,0.048565814886355155,0.006302731113614892,0.0
54021,Gilmer County,WV,3/17/2026 17:00,0.06703123643469522,0.04358682357132546,0.003033393482407693,0.0
54021,Gilmer County,WV,3/17/2026 18:00,0.06746909197876062,0.03680911263529405,0.0028799321598407747,0.0
54021,Gilmer County,WV,3/17/2026 19:00,0.06375774602891385,0.03087686164466901,0.003951693533325448,0.0
54021,Gilmer County,WV,3/17/2026 20:00,0.06905631361812001,0.037508357351311035,0.00433764011992322,0.0
54021,Gilmer County,WV,3/17/2026 21:00,0.05612396580940029,0.030888089183217966,0.0041535858883098055,0.0
54021,Gilmer County,WV,3/17/2026 22:00,0.058492412046539245,0.03581791781401125,0.003466807718108062,0.0
54021,Gilmer County,WV,3/17/2026 23:00,0.04849157154181364,0.031005931144008615,0.0036917726417254578,0.0
54021,Gilmer County,WV,3/18/2026 0:00,0.03197422671999663,0.030733573621051682,0.0,
54021,Gilmer County,WV,3/18/2026 1:00,0.03934634731840515,0.03665981123126253,0.0,
54021,Gilmer County,WV,3/18/2026 2:00,0.03375676200987675,0.032080818447961824,0.0,
54021,Gilmer County,WV,3/18/2026 3:00,0.04188561953350678,0.033008798061354344,0.001721268312819403,
54021,Gilmer County,WV,3/18/2026 4:00,0.02060025730688307,0.024035435820998447,0.001719299753724503,
54021,Gilmer County,WV,3/18/2026 5:00,0.02058981018236551,0.015714877288751875,0.0015286446217130357,
54021,Gilmer County,WV,3/18/2026 6:00,0.02058981018236551,0.015710119216919158,0.0015307473116038157,
54021,Gilmer County,WV,3/18/2026 7:00,0.020922995477949527,0.014444896962573615,0.001738674028790388,
54021,Gilmer County,WV,3/18/2026 8:00,0.021644910860559363,0.012845181276535273,0.0019991391903998157,
54021,Gilmer County,WV,3/18/2026 9:00,0.010457176641971336,0.005130349204141377,0.0,
54021,Gilmer County,WV,3/18/2026 10:00,0.005344030681360016,0.004107178335463759,0.0,
54021,Gilmer County,WV,3/18/2026 11:00,0.004116232678705433,0.0039082126330947575,0.0,
54021,Gilmer County,WV,3/18/2026 12:00,0.004395738063138066,0.0024917956318532466,0.0,
54021,Gilmer County,WV,3/18/2026 13:00,0.003798805904321572,0.0014634062021936568,0.0,
54021,Gilmer County,WV,3/18/2026 14:00,0.0032385295134220293,0.004453788913870038,0.0,
54021,Gilmer County,WV,3/18/2026 15:00,0.0029741739262416763,0.005388615794282705,0.0,
54021,Gilmer County,WV,3/18/2026 16:00,0.0024998593590490367,0.001644009988630891,0.0,
54021,Gilmer County,WV,3/18/2026 17:00,0.0014803319150030552,0.0,0.0,
54021,Gilmer County,WV,3/18/2026 18:00,0.00257827498625478,0.0028161224058077636,0.0,
54021,Gilmer County,WV,3/18/2026 19:00,0.0,0.004578086879951201,0.0,
54021,Gilmer County,WV,3/18/2026 20:00,0.0,0.0038324495408009994,0.0,
54021,Gilmer County,WV,3/18/2026 21:00,0.0,0.0049475902188144205,0.0,
54021,Gilmer County,WV,3/18/2026 22:00,0.0,0.005598173191581037,0.0,
54021,Gilmer County,WV,3/18/2026 23:00,0.0,0.004852535852430832,0.0,
54021,Gilmer County,WV,3/19/2026 0:00,0.0,0.004951123384705549,,
54021,Gilmer County,WV,3/19/2026 1:00,0.0,0.004530903115527378,,
54021,Gilmer County,WV,3/19/2026 2:00,0.0,0.004975250780757555,,
54021,Gilmer County,WV,3/19/2026 3:00,0.0,0.004894882547381462,,
54021,Gilmer County,WV,3/19/2026 4:00,0.0,0.005821198338184022,,
54021,Gilmer County,WV,3/19/2026 5:00,0.0,0.0058604714956499255,,
54021,Gilmer County,WV,3/19/2026 6:00,0.0,0.006057735280280177,,
54021,Gilmer County,WV,3/19/2026 7:00,0.0013328196240202498,0.005158105531760421,,
54021,Gilmer County,WV,3/19/2026 8:00,0.0015468249443303913,0.008406903517148286,,
54021,Gilmer County,WV,3/19/2026 9:00,0.0015473412447683937,0.0028548233175842088,,
54021,Gilmer County,WV,3/19/2026 10:00,0.008484622922731597,0.0038437275194344415,,
54021,Gilmer County,WV,3/19/2026 11:00,0.0,0.002156102545281664,,
54021,Gilmer County,WV,3/19/2026 12:00,0.0,0.0061805162901173135,,
54021,Gilmer County,WV,3/19/2026 13:00,0.009616016475327642,0.005926454420936822,,
54021,Gilmer County,WV,3/19/2026 14:00,0.008949672452109245,0.01860867571522329,,
54021,Gilmer County,WV,3/19/2026 15:00,0.0,0.005130098583698311,,
54021,Gilmer County,WV,3/19/2026 16:00,0.007974830570251418,0.018844217468230607,,
54021,Gilmer County,WV,3/19/2026 17:00,0.007559116859662113,0.018847077926196817,,
54021,Gilmer County,WV,3/19/2026 18:00,0.0,,,
54021,Gilmer County,WV,3/19/2026 19:00,0.0,,,
54021,Gilmer County,WV,3/19/2026 20:00,0.0,,,
54021,Gilmer County,WV,3/19/2026 21:00,0.0,,,
54021,Gilmer County,WV,3/19/2026 22:00,0.0,,,
54021,Gilmer County,WV,3/19/2026 23:00,,,,
54049,Marion County,WV,3/14/2026 0:00,0.007541666301118518,0.003229865465498485,0.0,0.0
54049,Marion County,WV,3/14/2026 1:00,0.006378648515152994,0.003912744738409175,0.0,0.0
54049,Marion County,WV,3/14/2026 2:00,0.006295902019238893,0.0037170104483264703,0.0,0.0
54049,Marion County,WV,3/14/2026 3:00,0.0062857364402636355,0.0038481546014863016,0.0,0.0
54049,Marion County,WV,3/14/2026 4:00,0.00583872685509989,0.0035537606326939268,0.0,0.0020883544185057866
54049,Marion County,WV,3/14/2026 5:00,0.005621042529790484,0.003774321111287914,0.0,0.0021660340414686855
54049,Marion County,WV,3/14/2026 6:00,0.00538581507295035,0.003456313440512208,0.0,0.001934129524238076
54049,Marion County,WV,3/14/2026 7:00,0.005926473717877791,0.0034382817996682856,0.0,0.00366555201327556
54049,Marion County,WV,3/14/2026 8:00,0.0055530651833047145,0.0032478477020850744,0.0,0.002803096303861022
54049,Marion County,WV,3/14/2026 9:00,0.004714064846666646,0.003144089396793826,0.0,0.0028501608197224865
54049,Marion County,WV,3/14/2026 10:00,0.004495220578343311,0.001880801091170142,0.0010446564811708602,0.0014699088161609177
54049,Marion County,WV,3/14/2026 11:00,0.004303577339953081,0.001659098527754058,0.0020401123382615765,0.0
54049,Marion County,WV,3/14/2026 12:00,0.00385036269713315,0.0011128628418092582,0.0023333036436580263,0.0014057418115112127
54049,Marion County,WV,3/14/2026 13:00,0.002903196788855843,0.0,0.0032097270558258673,0.0
54049,Marion County,WV,3/14/2026 14:00,0.0029396519615080535,0.0,0.0025993220698309286,0.0
54049,Marion County,WV,3/14/2026 15:00,0.0016896156982707895,0.0,0.0016336581544591127,0.0
54049,Marion County,WV,3/14/2026 16:00,0.0018837959218297926,0.0,0.001425933956288981,0.0
54049,Marion County,WV,3/14/2026 17:00,0.001020176654346984,0.0,0.001609430613845241,0.0
54049,Marion County,WV,3/14/2026 18:00,0.0,0.0,0.002328270597827857,0.0
54049,Marion County,WV,3/14/2026 19:00,0.0,0.0,0.001261544065449534,0.0018505060669489412
54049,Marion County,WV,3/14/2026 20:00,0.0,0.0,0.0014533460102834973,0.002386058115552676
54049,Marion County,WV,3/14/2026 21:00,0.0,0.0,0.0012640856461027747,0.0024576882597409483
54049,Marion County,WV,3/14/2026 22:00,0.0,0.0,0.0,0.0029230136933369906
54049,Marion County,WV,3/14/2026 23:00,0.0,0.0,0.0,0.0029049148765507905
54049,Marion County,WV,3/15/2026 0:00,0.0,0.0,0.0,0.0026538082292328
54049,Marion County,WV,3/15/2026 1:00,0.0,0.0,0.0,0.002415846823799381
54049,Marion County,WV,3/15/2026 2:00,0.0,0.0,0.0,0.0028799729630950266
54049,Marion County,WV,3/15/2026 3:00,0.0,0.0,0.0,0.002515241705993373
54049,Marion County,WV,3/15/2026 4:00,0.0,0.0,0.0,0.0023843593463988046
54049,Marion County,WV,3/15/2026 5:00,0.0,0.001260084013308397,0.0,0.0031041379889359096
54049,Marion County,WV,3/15/2026 6:00,0.0,0.0011649595922658196,0.0,0.002688205425299342
54049,Marion County,WV,3/15/2026 7:00,0.0,0.0027621235577321886,0.0021489127148780316,0.0027815883620383526
54049,Marion County,WV,3/15/2026 8:00,0.0,0.0017690643734910238,0.004229430281689319,0.002679438355554862
54049,Marion County,WV,3/15/2026 9:00,0.0,0.0017346596127094495,0.005189780286162014,0.002518332718665172
54049,Marion County,WV,3/15/2026 10:00,0.0,0.0021077669430135454,0.0015529527570021782,0.002712642819166258
54049,Marion County,WV,3/15/2026 11:00,0.0011817093790237995,0.0020802156704791555,0.0015934812596049934,0.0032694031385936094
54049,Marion County,WV,3/15/2026 12:00,0.001892400781681455,0.0026737315089645154,0.0017197338835098167,0.0030122320922015837
54049,Marion County,WV,3/15/2026 13:00,0.0022963657648664222,0.0017351467203825155,0.0,0.0029533295691759496
54049,Marion County,WV,3/15/2026 14:00,0.002389652311692891,0.0023008285246837444,0.0,0.002741092219872136
54049,Marion County,WV,3/15/2026 15:00,0.0027378749677131704,0.0021454776228156144,0.0,0.002815621023021114
54049,Marion County,WV,3/15/2026 16:00,0.002202970599324985,0.0021006476608749014,0.0,0.0023537795815053125
54049,Marion County,WV,3/15/2026 17:00,0.002590597495278659,0.002117435975334322,0.0,0.0021786334026085404
54049,Marion County,WV,3/15/2026 18:00,0.0025264065152292388,0.001624249155454512,0.0,0.0016692481706057352
54049,Marion County,WV,3/15/2026 19:00,0.0018827006487445981,0.0012193290616390202,0.0025044031233267044,0.0013378194135014497
54049,Marion County,WV,3/15/2026 20:00,0.0014396484732438447,0.0011289077539453297,0.003051943500177547,0.0
54049,Marion County,WV,3/15/2026 21:00,0.001977355267722235,0.001479965919459724,0.0033795549675640275,0.0
54049,Marion County,WV,3/15/2026 22:00,0.001209474118448202,0.0,0.003328666412264354,0.0
54049,Marion County,WV,3/15/2026 23:00,0.0011016871835418053,0.0011117522231718524,0.002915057731819168,0.0
54049,Marion County,WV,3/16/2026 0:00,0.0016070200434918224,0.001613363795105736,0.0025246293389074265,0.0010111679453515493
54049,Marion County,WV,3/16/2026 1:00,0.0014982542063259876,0.003216816998940054,0.0026102225589686805,0.0
54049,Marion County,WV,3/16/2026 2:00,0.002048528157106753,0.003312772404497948,0.0034130349673016478,0.00120317576080761
54049,Marion County,WV,3/16/2026 3:00,0.0016147118875817553,0.0029942589066063144,0.003910940710871265,0.0
54049,Marion County,WV,3/16/2026 4:00,0.0,0.0011009568485978024,0.003794772880512825,0.0
54049,Marion County,WV,3/16/2026 5:00,0.0,0.0015175801927770132,0.0033243715222261877,0.0
54049,Marion County,WV,3/16/2026 6:00,0.002063384861634495,0.00296549412543543,0.001909565217675562,0.0
54049,Marion County,WV,3/16/2026 7:00,0.003142970323404352,0.0024753516636412086,0.002111915964513043,0.0
54049,Marion County,WV,3/16/2026 8:00,0.0016406324210250002,0.0025118557686498685,0.0028928110115250733,0.0
54049,Marion County,WV,3/16/2026 9:00,0.0023387944420278552,0.002334217812943456,0.0027626146607889904,0.0
54049,Marion County,WV,3/16/2026 10:00,0.0034170468126407155,0.0019424550762717056,0.0042683219616172444,0.0
54049,Marion County,WV,3/16/2026 11:00,0.002337001482682129,0.0019858020729855833,0.004363449197991566,0.0013533642772518488
54049,Marion County,WV,3/16/2026 12:00,0.0020319131848668985,0.003070565675132777,0.0024729504837495294,0.00138223777243786
54049,Marion County,WV,3/16/2026 13:00,0.0014833494646959147,0.0034778951924663765,0.004089133087025384,0.0013487599389009875
54049,Marion County,WV,3/16/2026 14:00,0.0,0.004347572026487789,0.003035992005091644,0.0014653356323702036
54049,Marion County,WV,3/16/2026 15:00,0.001096809234142686,0.00406698787230772,0.002718031670012534,0.001101088604208933
54049,Marion County,WV,3/16/2026 16:00,0.0,0.004090793789479407,0.002697821901574623,0.0
54049,Marion County,WV,3/16/2026 17:00,0.0010601699749261356,0.004948936170466847,0.0023785923050727233,0.0
54049,Marion County,WV,3/16/2026 18:00,0.0013513812940547994,0.0049956929839203145,0.001669675747115103,0.0
54049,Marion County,WV,3/16/2026 19:00,0.0026650878814697154,0.005496961537698659,0.0,0.0
54049,Marion County,WV,3/16/2026 20:00,0.0032131963753813217,0.0045614194529746445,0.0,0.0
54049,Marion County,WV,3/16/2026 21:00,0.003073932452040768,0.004217439648449748,0.0,0.0
54049,Marion County,WV,3/16/2026 22:00,0.0032936494774730746,0.003379271192511686,0.0,0.0
54049,Marion County,WV,3/16/2026 23:00,0.0035646737129994034,0.002952701335914796,0.0,0.0
54049,Marion County,WV,3/17/2026 0:00,0.0035292806415958594,0.0024225986465409998,0.0,0.0010747604729537373
54049,Marion County,WV,3/17/2026 1:00,0.0027352264156097934,0.0036787708456284805,0.0,0.001083130041161168
54049,Marion County,WV,3/17/2026 2:00,0.002712868081975988,0.003705126467825615,0.0,0.001083130041161168
54049,Marion County,WV,3/17/2026 3:00,0.002724894116768904,0.005219671444206539,0.0,0.001083130041161168
54049,Marion County,WV,3/17/2026 4:00,0.0022440162043287307,0.005842791057793176,0.0,0.0010915766671654198
54049,Marion County,WV,3/17/2026 5:00,0.002527097859390219,0.0028018079232847563,0.0,0.0010826784203988732
54049,Marion County,WV,3/17/2026 6:00,0.002396568751803006,0.0021919753756182597,0.0,0.0010789204524602831
54049,Marion County,WV,3/17/2026 7:00,0.0021548264416703213,0.0014790184649914279,0.0,0.001084802214671658
54049,Marion County,WV,3/17/2026 8:00,0.002484251927839306,0.002196006238198189,0.0,0.0012347117678880909
54049,Marion County,WV,3/17/2026 9:00,0.0024091173508370657,0.001674430142392048,0.00168934208125865,0.0011235102112971808
54049,Marion County,WV,3/17/2026 10:00,0.0023813198813418387,0.0016238684241630854,0.0017235515567376163,0.0
54049,Marion County,WV,3/17/2026 11:00,0.0023315073931675363,0.0017701001258273266,0.001339409721193541,0.0
54049,Marion County,WV,3/17/2026 12:00,0.0021789885016659616,0.0,0.001298841343551058,0.0011065853151562444
54049,Marion County,WV,3/17/2026 13:00,0.0018871303536474664,0.0,0.0012844137104048147,0.0
54049,Marion County,WV,3/17/2026 14:00,0.001990623611450705,0.0,0.0016137787915718321,0.0
54049,Marion County,WV,3/17/2026 15:00,0.0016997391710231273,0.0,0.0018617530992389888,0.0010438452242976072
54049,Marion County,WV,3/17/2026 16:00,0.0019886064074849104,0.0,0.0,0.0
54049,Marion County,WV,3/17/2026 17:00,0.0014169310694910782,0.0,0.0,0.0
54049,Marion County,WV,3/17/2026 18:00,0.0,0.0,0.0,0.0
54049,Marion County,WV,3/17/2026 19:00,0.0,0.0,0.0,0.0
54049,Marion County,WV,3/17/2026 20:00,0.0,0.0,0.0,0.0
54049,Marion County,WV,3/17/2026 21:00,0.0,0.0,0.0,0.001096656289826326
54049,Marion County,WV,3/17/2026 22:00,0.0,0.0,0.0,0.0
54049,Marion County,WV,3/17/2026 23:00,0.0,0.0,0.0,0.0010080948233748492
54049,Marion County,WV,3/18/2026 0:00,0.0,0.0,0.0,
54049,Marion County,WV,3/18/2026 1:00,0.0,0.0,0.0,
54049,Marion County,WV,3/18/2026 2:00,0.0,0.0,0.0,
54049,Marion County,WV,3/18/2026 3:00,0.0,0.0,0.0,
54049,Marion County,WV,3/18/2026 4:00,0.0,0.0,0.0,
54049,Marion County,WV,3/18/2026 5:00,0.0,0.0,0.0,
54049,Marion County,WV,3/18/2026 6:00,0.0,0.0,0.0,
54049,Marion County,WV,3/18/2026 7:00,0.0,0.0,0.0,
54049,Marion County,WV,3/18/2026 8:00,0.0,0.0,0.0,
54049,Marion County,WV,3/18/2026 9:00,0.0,0.0,0.0,
54049,Marion County,WV,3/18/2026 10:00,0.0,0.0,0.0,
54049,Marion County,WV,3/18/2026 11:00,0.0,0.0,0.0,
54049,Marion County,WV,3/18/2026 12:00,0.0,0.0,0.0,
54049,Marion County,WV,3/18/2026 13:00,0.0,0.0,0.0,
54049,Marion County,WV,3/18/2026 14:00,0.0,0.0,0.0,
54049,Marion County,WV,3/18/2026 15:00,0.0,0.0,0.0,
54049,Marion County,WV,3/18/2026 16:00,0.0,0.0,0.0,
54049,Marion County,WV,3/18/2026 17:00,0.0,0.0,0.0,
54049,Marion County,WV,3/18/2026 18:00,0.0,0.0,0.0,
54049,Marion County,WV,3/18/2026 19:00,0.0,0.0,0.0,
54049,Marion County,WV,3/18/2026 20:00,0.0,0.0,0.0,
54049,Marion County,WV,3/18/2026 21:00,0.0,0.0,0.0,
54049,Marion County,WV,3/18/2026 22:00,0.0,0.0,0.0,
54049,Marion County,WV,3/18/2026 23:00,0.0,0.0,0.0,
54049,Marion County,WV,3/19/2026 0:00,0.0,0.0,,
54049,Marion County,WV,3/19/2026 1:00,0.0,0.0,,
54049,Marion County,WV,3/19/2026 2:00,0.0,0.0,,
54049,Marion County,WV,3/19/2026 3:00,0.0,0.0,,
54049,Marion County,WV,3/19/2026 4:00,0.0,0.0,,
54049,Marion County,WV,3/19/2026 5:00,0.0,0.0,,
54049,Marion County,WV,3/19/2026 6:00,0.0,0.0,,
54049,Marion County,WV,3/19/2026 7:00,0.0,0.0,,
54049,Marion County,WV,3/19/2026 8:00,0.0,0.0,,
54049,Marion County,WV,3/19/2026 9:00,0.0,0.0,,
54049,Marion County,WV,3/19/2026 10:00,0.0,0.0,,
54049,Marion County,WV,3/19/2026 11:00,0.0,0.0,,
54049,Marion County,WV,3/19/2026 12:00,0.0,0.0,,
54049,Marion County,WV,3/19/2026 13:00,0.0,0.0,,
54049,Marion County,WV,3/19/2026 14:00,0.0,0.0,,
54049,Marion County,WV,3/19/2026 15:00,0.0,0.0,,
54049,Marion County,WV,3/19/2026 16:00,0.0,0.0,,
54049,Marion County,WV,3/19/2026 17:00,0.0,0.0,,
54049,Marion County,WV,3/19/2026 18:00,0.0,,,
54049,Marion County,WV,3/19/2026 19:00,0.0,,,
54049,Marion County,WV,3/19/2026 20:00,0.0,,,
54049,Marion County,WV,3/19/2026 21:00,0.0,,,
54049,Marion County,WV,3/19/2026 22:00,0.0,,,
54049,Marion County,WV,3/19/2026 23:00,,,,
54051,Marshall County,WV,3/14/2026 0:00,0.05550265960318888,0.05158953555547522,0.0078025190955033664,0.0030713197718204095
54051,Marshall County,WV,3/14/2026 1:00,0.05686977820831293,0.04860515167308648,0.007305588924009188,0.0028242031593438857
54051,Marshall County,WV,3/14/2026 2:00,0.05293914761830213,0.04478598676782653,0.007545716068410676,0.002974060173437181
54051,Marshall County,WV,3/14/2026 3:00,0.049756012919077816,0.04145659637259491,0.007516874549421529,0.002964902515802497
54051,Marshall County,WV,3/14/2026 4:00,0.05048843049828545,0.039702853316517656,0.006773054690352502,0.0028985108013122934
54051,Marshall County,WV,3/14/2026 5:00,0.04959573886018009,0.035706622138267224,0.007197205189062401,0.0038692259156254865
54051,Marshall County,WV,3/14/2026 6:00,0.04937259722556222,0.03404019162586124,0.0067038765272032464,0.0036166910375990085
54051,Marshall County,WV,3/14/2026 7:00,0.04548804519354925,0.030805428381524464,0.006457340906436163,0.004204270926575785
54051,Marshall County,WV,3/14/2026 8:00,0.043085247742321045,0.030791899769412222,0.005620590874788071,0.003453443688685685
54051,Marshall County,WV,3/14/2026 9:00,0.03834269670247778,0.029463960013650786,0.005567086095228448,0.002947341677420371
54051,Marshall County,WV,3/14/2026 10:00,0.03894639597751777,0.028327985712771397,0.004702710227595456,0.0022012991358760967
54051,Marshall County,WV,3/14/2026 11:00,0.037252571916500096,0.02404691585388826,0.004344518738308325,0.0025252203738342265
54051,Marshall County,WV,3/14/2026 12:00,0.03537034373516211,0.02103025601414831,0.004438350600788455,0.0026120434655163335
54051,Marshall County,WV,3/14/2026 13:00,0.035259656690115646,0.01675754804537058,0.00419688450926974,0.002482454112851354
54051,Marshall County,WV,3/14/2026 14:00,0.03388288791625155,0.015581694493548801,0.004513847876085994,0.0024500615412280926
54051,Marshall County,WV,3/14/2026 15:00,0.03138520432394846,0.010402893090187203,0.0041038177402510515,0.002352528713304266
54051,Marshall County,WV,3/14/2026 16:00,0.02674589962719434,0.011328875778072893,0.005087035208590232,0.002264450424978705
54051,Marshall County,WV,3/14/2026 17:00,0.025042227931744765,0.009977652374612076,0.004579704755291732,0.0019410480805091847
54051,Marshall County,WV,3/14/2026 18:00,0.02007870347564464,0.010939815986121917,0.004612574067827953,0.002834304642233781
54051,Marshall County,WV,3/14/2026 19:00,0.016821941679694606,0.009641904503330289,0.004483262483572751,0.004193003115307993
54051,Marshall County,WV,3/14/2026 20:00,0.014694701065672815,0.00806650137715375,0.0040884065383044,0.006122848322743863
54051,Marshall County,WV,3/14/2026 21:00,0.013732478937812723,0.008546723301112474,0.0029104980739880514,0.007681259636217227
54051,Marshall County,WV,3/14/2026 22:00,0.012592796570826677,0.008676754770313114,0.0018658674147594635,0.008579539705397791
54051,Marshall County,WV,3/14/2026 23:00,0.009947816152656577,0.007680474325865157,0.0021698970776440067,0.00857084597704968
54051,Marshall County,WV,3/15/2026 0:00,0.009381948988676916,0.007962835680899947,0.00205467750388278,0.0072808200621408605
54051,Marshall County,WV,3/15/2026 1:00,0.008325018835193184,0.007955096233574141,0.001423583586041584,0.006489986699255037
54051,Marshall County,WV,3/15/2026 2:00,0.008428315823012093,0.008057645689392809,0.001599279087873041,0.005090032354772133
54051,Marshall County,WV,3/15/2026 3:00,0.008416106548454557,0.0073593054054656775,0.0010653646330754149,0.0038841369103405922
54051,Marshall County,WV,3/15/2026 4:00,0.00825336788280475,0.006955532084980216,0.0,0.003804831054742255
54051,Marshall County,WV,3/15/2026 5:00,0.008753497538233268,0.007103396397793905,0.0,0.0032737378316413193
54051,Marshall County,WV,3/15/2026 6:00,0.00766599835941578,0.0059669184740597965,0.0,0.0030837923535536114
54051,Marshall County,WV,3/15/2026 7:00,0.007764053566221335,0.0057098370122998,0.0,0.0018968272960382879
54051,Marshall County,WV,3/15/2026 8:00,0.00795019814726276,0.006014712501773066,0.0018102932062038475,0.002867083813101195
54051,Marshall County,WV,3/15/2026 9:00,0.006570331000742065,0.005755357504965693,0.002252394902936225,0.004206850339002234
54051,Marshall County,WV,3/15/2026 10:00,0.0052205933478518506,0.004863791580856612,0.00181786394313865,0.003967018554471604
54051,Marshall County,WV,3/15/2026 11:00,0.004989786251861752,0.004468985948459204,0.00195773816596478,0.004094009508864271
54051,Marshall County,WV,3/15/2026 12:00,0.00524106173268196,0.005213982143127445,0.0016303177182036327,0.003004695349153184
54051,Marshall County,WV,3/15/2026 13:00,0.005898356800842629,0.0050750697885937265,0.001775890108136967,0.002802453275295273
54051,Marshall County,WV,3/15/2026 14:00,0.00715904487662241,0.005419853924828874,0.0018565029599291432,0.002696242042931192
54051,Marshall County,WV,3/15/2026 15:00,0.004443758769124636,0.0038071926382868804,0.0021969222947390435,0.0014609465242088294
54051,Marshall County,WV,3/15/2026 16:00,0.005519123102255021,0.0031633087194574846,0.002694045887206384,0.0019379404685644507
54051,Marshall County,WV,3/15/2026 17:00,0.0061149225176814455,0.0033202853100632312,0.002272254881772827,0.00100151020378564
54051,Marshall County,WV,3/15/2026 18:00,0.004744001972064988,0.003341297924619287,0.0019908346494108596,0.0
54051,Marshall County,WV,3/15/2026 19:00,0.005488972328204695,0.003419114348970395,0.0018133818146989736,0.0
54051,Marshall County,WV,3/15/2026 20:00,0.004123988308450929,0.002910584407768312,0.0031697726030646854,0.0
54051,Marshall County,WV,3/15/2026 21:00,0.002197403414066832,0.0026614957914844833,0.003273128727239085,0.0
54051,Marshall County,WV,3/15/2026 22:00,0.0025051136051416475,0.0028962548107220546,0.0038008877427857584,0.0
54051,Marshall County,WV,3/15/2026 23:00,0.0020556953753713193,0.0026804345160313316,0.004148712491888371,0.0
54051,Marshall County,WV,3/16/2026 0:00,0.0024493900443613025,0.003642418078779543,0.0035905352824139153,0.0
54051,Marshall County,WV,3/16/2026 1:00,0.0018998043466933686,0.0032970353611403336,0.0034562025489047283,0.0
54051,Marshall County,WV,3/16/2026 2:00,0.0017348757071086482,0.005658957560394245,0.0027573827090400364,0.0
54051,Marshall County,WV,3/16/2026 3:00,0.0021688895977269875,0.00596000505724061,0.0026550743028531582,0.0
54051,Marshall County,WV,3/16/2026 4:00,0.0033095443829929817,0.0060302141739504685,0.0016666597726216887,0.0
54051,Marshall County,WV,3/16/2026 5:00,0.00396746386400858,0.004302650081476792,0.0015326603686086806,0.0
54051,Marshall County,WV,3/16/2026 6:00,0.004555582598790906,0.0036921066298730323,0.0018787753021499006,0.0
54051,Marshall County,WV,3/16/2026 7:00,0.006117942802834999,0.0031531361555196397,0.002041732274104637,0.0
54051,Marshall County,WV,3/16/2026 8:00,0.004215645876352002,0.0033060402822762307,0.0014765158691384948,0.0
54051,Marshall County,WV,3/16/2026 9:00,0.004010564186932503,0.0034737632266692684,0.001445898847900615,0.0
54051,Marshall County,WV,3/16/2026 10:00,0.006903937156764485,0.003168058813691035,0.0031916327307048866,0.0
54051,Marshall County,WV,3/16/2026 11:00,0.003221326405741215,0.0031514560536143174,0.0029649629645384277,0.0
54051,Marshall County,WV,3/16/2026 12:00,0.003181390688926583,0.003480038474936512,0.0022401953043827577,0.001356394456804304
54051,Marshall County,WV,3/16/2026 13:00,0.002541407111954227,0.0032889078154205976,0.0022566776290070304,0.0
54051,Marshall County,WV,3/16/2026 14:00,0.002370471934277105,0.003951846882885813,0.0014640977878395839,0.0024792855890861496
54051,Marshall County,WV,3/16/2026 15:00,0.0015968794514128204,0.0033927192763245195,0.0,0.0
54051,Marshall County,WV,3/16/2026 16:00,0.0024362446384284713,0.004379387694413252,0.001238199232323272,0.0
54051,Marshall County,WV,3/16/2026 17:00,0.0016670583937231115,0.004788969242045638,0.0,0.0
54051,Marshall County,WV,3/16/2026 18:00,0.0019130499516625214,0.0037413470554659187,0.0,0.0
54051,Marshall County,WV,3/16/2026 19:00,0.004733176612340441,0.003994411127842744,0.0,0.0
54051,Marshall County,WV,3/16/2026 20:00,0.004678056673108173,0.003094126969127538,0.0,0.0
54051,Marshall County,WV,3/16/2026 21:00,0.00515774973782316,0.00541982150594259,0.0,0.0
54051,Marshall County,WV,3/16/2026 22:00,0.004985235884158813,0.003873892713382004,0.0,0.0
54051,Marshall County,WV,3/16/2026 23:00,0.004633826552496949,0.0033464408399409367,0.0,0.0
54051,Marshall County,WV,3/17/2026 0:00,0.004761918292661246,0.002882480532827648,0.0,0.0
54051,Marshall County,WV,3/17/2026 1:00,0.0037411764706223047,0.004219833522928984,0.0012584569403895542,0.0
54051,Marshall County,WV,3/17/2026 2:00,0.0032404970261464827,0.004117569357788237,0.0010065884815320914,0.0
54051,Marshall County,WV,3/17/2026 3:00,0.002006159858570724,0.002589023484176328,0.0010899750771919802,0.0
54051,Marshall County,WV,3/17/2026 4:00,0.001396187492504014,0.003226799375534512,0.0010792414428483668,0.0
54051,Marshall County,WV,3/17/2026 5:00,0.0015011599316210012,0.002710934144669461,0.0010648060188115387,0.0
54051,Marshall County,WV,3/17/2026 6:00,0.001066990523981948,0.0012084275239662183,0.0,0.0
54051,Marshall County,WV,3/17/2026 7:00,0.0013420839776235847,0.0019046478765166013,0.0,0.0
54051,Marshall County,WV,3/17/2026 8:00,0.0,0.0025540841514244688,0.0,0.0
54051,Marshall County,WV,3/17/2026 9:00,0.0,0.0014531148033407883,0.001531753299311455,0.0
54051,Marshall County,WV,3/17/2026 10:00,0.0,0.0017012164464760358,0.0012283249977961823,0.0
54051,Marshall County,WV,3/17/2026 11:00,0.0,0.0015763329996491878,0.0017530546332883772,0.0
54051,Marshall County,WV,3/17/2026 12:00,0.0,0.0,0.002594872904850233,0.0
54051,Marshall County,WV,3/17/2026 13:00,0.001009694293298199,0.0014898342590771588,0.001839477714289229,0.0
54051,Marshall County,WV,3/17/2026 14:00,0.0,0.0,0.002166698321802246,0.0
54051,Marshall County,WV,3/17/2026 15:00,0.0,0.0010137610495612225,0.0019640001770508475,0.0
54051,Marshall County,WV,3/17/2026 16:00,0.0,0.001672236844419428,0.0018871713585909757,0.0
54051,Marshall County,WV,3/17/2026 17:00,0.0,0.001438473845759903,0.001500808277291074,0.0
54051,Marshall County,WV,3/17/2026 18:00,0.0,0.0013003995809464342,0.0,0.0
54051,Marshall County,WV,3/17/2026 19:00,0.0,0.0,0.00184887621448857,0.0
54051,Marshall County,WV,3/17/2026 20:00,0.0,0.0015156192902946734,0.0,0.0
54051,Marshall County,WV,3/17/2026 21:00,0.0,0.0013158102627993187,0.0,0.0
54051,Marshall County,WV,3/17/2026 22:00,0.0,0.0016364350243028298,0.0,0.0
54051,Marshall County,WV,3/17/2026 23:00,0.0,0.0015730168400779768,0.0,0.0
54051,Marshall County,WV,3/18/2026 0:00,0.0,0.0011304528168166114,0.0,
54051,Marshall County,WV,3/18/2026 1:00,0.0,0.001466288002838379,0.0,
54051,Marshall County,WV,3/18/2026 2:00,0.0,0.0,0.0,
54051,Marshall County,WV,3/18/2026 3:00,0.0,0.001848779010763999,0.0,
54051,Marshall County,WV,3/18/2026 4:00,0.0,0.0023152287640279897,0.0,
54051,Marshall County,WV,3/18/2026 5:00,0.0,0.0025666378131010124,0.0,
54051,Marshall County,WV,3/18/2026 6:00,0.0,0.0036838569326485843,0.0,
54051,Marshall County,WV,3/18/2026 7:00,0.0,0.002097335790736553,0.0,
54051,Marshall County,WV,3/18/2026 8:00,0.0,0.001899746423637972,0.0,
54051,Marshall County,WV,3/18/2026 9:00,0.0,0.0,0.0,
54051,Marshall County,WV,3/18/2026 10:00,0.0,0.001199664943758706,0.0,
54051,Marshall County,WV,3/18/2026 11:00,0.0014565077366778107,0.0,0.0,
54051,Marshall County,WV,3/18/2026 12:00,0.0014744359660248815,0.0,0.0,
54051,Marshall County,WV,3/18/2026 13:00,0.0010155904261332754,0.0,0.0,
54051,Marshall County,WV,3/18/2026 14:00,0.0,0.0,0.0015879445480485544,
54051,Marshall County,WV,3/18/2026 15:00,0.0,0.0,0.0,
54051,Marshall County,WV,3/18/2026 16:00,0.0,0.0,0.0,
54051,Marshall County,WV,3/18/2026 17:00,0.0,0.0,0.0,
54051,Marshall County,WV,3/18/2026 18:00,0.0,0.0,0.0,
54051,Marshall County,WV,3/18/2026 19:00,0.0,0.0,0.0,
54051,Marshall County,WV,3/18/2026 20:00,0.0,0.0016938478858782417,0.0,
54051,Marshall County,WV,3/18/2026 21:00,0.0,0.004504598114192026,0.0,
54051,Marshall County,WV,3/18/2026 22:00,0.0,0.003004538636198398,0.0,
54051,Marshall County,WV,3/18/2026 23:00,0.0,0.0,0.0,
54051,Marshall County,WV,3/19/2026 0:00,0.0,0.0,,
54051,Marshall County,WV,3/19/2026 1:00,0.0,0.0,,
54051,Marshall County,WV,3/19/2026 2:00,0.0,0.0,,
54051,Marshall County,WV,3/19/2026 3:00,0.0,0.0,,
54051,Marshall County,WV,3/19/2026 4:00,0.0,0.0,,
54051,Marshall County,WV,3/19/2026 5:00,0.0,0.0,,
54051,Marshall County,WV,3/19/2026 6:00,0.0,0.0,,
54051,Marshall County,WV,3/19/2026 7:00,0.0,0.0,,
54051,Marshall County,WV,3/19/2026 8:00,0.0011195667960487976,0.0,,
54051,Marshall County,WV,3/19/2026 9:00,0.0,0.0,,
54051,Marshall County,WV,3/19/2026 10:00,0.0,0.0,,
54051,Marshall County,WV,3/19/2026 11:00,0.0,0.0,,
54051,Marshall County,WV,3/19/2026 12:00,0.0,0.0,,
54051,Marshall County,WV,3/19/2026 13:00,0.0,0.0,,
54051,Marshall County,WV,3/19/2026 14:00,0.0,0.0,,
54051,Marshall County,WV,3/19/2026 15:00,0.0,0.0,,
54051,Marshall County,WV,3/19/2026 16:00,0.0,0.0,,
54051,Marshall County,WV,3/19/2026 17:00,0.0,0.0,,
54051,Marshall County,WV,3/19/2026 18:00,0.0,,,
54051,Marshall County,WV,3/19/2026 19:00,0.0,,,
54051,Marshall County,WV,3/19/2026 20:00,0.0,,,
54051,Marshall County,WV,3/19/2026 21:00,0.0,,,
54051,Marshall County,WV,3/19/2026 22:00,0.0,,,
54051,Marshall County,WV,3/19/2026 23:00,,,,
54061,Monongalia County,WV,3/14/2026 0:00,0.0033094391293043836,0.00449587591464999,0.0,0.0
54061,Monongalia County,WV,3/14/2026 1:00,0.0026524299417635465,0.0040669960161359596,0.0,0.0
54061,Monongalia County,WV,3/14/2026 2:00,0.002282790841821363,0.003818527485828715,0.0,0.0
54061,Monongalia County,WV,3/14/2026 3:00,0.0021497540121964242,0.0037128425871633597,0.0,0.0011317248442541418
54061,Monongalia County,WV,3/14/2026 4:00,0.0020977490777410665,0.0037239054061751747,0.0,0.0011096419508506879
54061,Monongalia County,WV,3/14/2026 5:00,0.0021456528373665668,0.00369425644475689,0.0,0.0011281553136271863
54061,Monongalia County,WV,3/14/2026 6:00,0.0030594887672363846,0.003878612688432128,0.0,0.0
54061,Monongalia County,WV,3/14/2026 7:00,0.003553029797211791,0.0038690242614686427,0.0,0.0013099478240028702
54061,Monongalia County,WV,3/14/2026 8:00,0.0031285840491582706,0.003909415805276556,0.0,0.0
54061,Monongalia County,WV,3/14/2026 9:00,0.0035135435917373068,0.0035814305124603255,0.0,0.0
54061,Monongalia County,WV,3/14/2026 10:00,0.003438380997999099,0.002521714124009765,0.0,0.0
54061,Monongalia County,WV,3/14/2026 11:00,0.0031881293447002584,0.0025520007061632308,0.0,0.0
54061,Monongalia County,WV,3/14/2026 12:00,0.003331162141923703,0.003175438763697031,0.001619339661566759,0.0
54061,Monongalia County,WV,3/14/2026 13:00,0.002628680292942958,0.002054305271212992,0.0017972191133627771,0.0
54061,Monongalia County,WV,3/14/2026 14:00,0.0025467156700374675,0.0016376496791491175,0.0018127079918042876,0.0
54061,Monongalia County,WV,3/14/2026 15:00,0.002307608494492701,0.001555195293546111,0.0011169048104990096,0.0
54061,Monongalia County,WV,3/14/2026 16:00,0.002562503360503302,0.0015001178822113895,0.0,0.0
54061,Monongalia County,WV,3/14/2026 17:00,0.0028016218674814975,0.002411979752126718,0.0,0.0
54061,Monongalia County,WV,3/14/2026 18:00,0.0025066808685922236,0.0026087929847110835,0.0,0.0
54061,Monongalia County,WV,3/14/2026 19:00,0.0017807608551348986,0.00242832672785669,0.0,0.0012200618524009423
54061,Monongalia County,WV,3/14/2026 20:00,0.0018740243150245225,0.0012242760994382827,0.0,0.0012425347454271497
54061,Monongalia County,WV,3/14/2026 21:00,0.001614373342291353,0.0011805973212932212,0.0,0.0014049190406470327
54061,Monongalia County,WV,3/14/2026 22:00,0.0016139601012507897,0.0013761636113398701,0.0,0.0016809603923883284
54061,Monongalia County,WV,3/14/2026 23:00,0.0015931215624354867,0.0013844649197895405,0.0,0.0018414179733496786
54061,Monongalia County,WV,3/15/2026 0:00,0.0019127451986173064,0.0013997534150682475,0.0,0.0016727446647783835
54061,Monongalia County,WV,3/15/2026 1:00,0.0018850121835956312,0.0013697814482953306,0.0,0.001225924077768622
54061,Monongalia County,WV,3/15/2026 2:00,0.001546521624865661,0.001407444994422804,0.0,0.0014655239436216498
54061,Monongalia County,WV,3/15/2026 3:00,0.0016335509322218706,0.0011040034359779019,0.0,0.0010490177969050892
54061,Monongalia County,WV,3/15/2026 4:00,0.0015954095583968872,0.0011153898129855945,0.0,0.0011772194000182173
54061,Monongalia County,WV,3/15/2026 5:00,0.0013927122462201217,0.0014878623554734855,0.0,0.0012362030467080553
54061,Monongalia County,WV,3/15/2026 6:00,0.0012660438170975627,0.0020094476834291173,0.0,0.0
54061,Monongalia County,WV,3/15/2026 7:00,0.0013201871163972157,0.0027361595365991086,0.0,0.0012502634523368942
54061,Monongalia County,WV,3/15/2026 8:00,0.0011413418458949282,0.0024144839306428833,0.0027883204085235374,0.0013128184257754007
54061,Monongalia County,WV,3/15/2026 9:00,0.001117498888135243,0.001832535042111875,0.0023138786691719792,0.0017247416790610569
54061,Monongalia County,WV,3/15/2026 10:00,0.0015494124332846105,0.0019290828893252505,0.0,0.002150298123214111
54061,Monongalia County,WV,3/15/2026 11:00,0.0017450711080244138,0.0018519926703091899,0.0,0.0026211253170450866
54061,Monongalia County,WV,3/15/2026 12:00,0.002401008381117487,0.001962214335858875,0.0,0.002647268493534381
54061,Monongalia County,WV,3/15/2026 13:00,0.0027546022073204764,0.001431617842407787,0.0,0.0026180692669685477
54061,Monongalia County,WV,3/15/2026 14:00,0.0023051003494798552,0.0016129830940274867,0.0,0.002575061015462205
54061,Monongalia County,WV,3/15/2026 15:00,0.001470576266092837,0.00206023838765828,0.0,0.0026547960081714805
54061,Monongalia County,WV,3/15/2026 16:00,0.0,0.001765288910225068,0.0,0.002052908719660662
54061,Monongalia County,WV,3/15/2026 17:00,0.0015041292653011228,0.002073835164967255,0.0,0.0019250694068337203
54061,Monongalia County,WV,3/15/2026 18:00,0.0010089305420100253,0.001459253300034068,0.0,0.0016632228684879998
54061,Monongalia County,WV,3/15/2026 19:00,0.0014364638964824337,0.00129326118639154,0.0013512917040201316,0.0
54061,Monongalia County,WV,3/15/2026 20:00,0.001542159543971033,0.0013232980275372092,0.003161788876603626,0.0
54061,Monongalia County,WV,3/15/2026 21:00,0.0015413227361813478,0.00173356330449189,0.0031409751381943777,0.0
54061,Monongalia County,WV,3/15/2026 22:00,0.0011139742188343504,0.0,0.0029728457018491296,0.0
54061,Monongalia County,WV,3/15/2026 23:00,0.0018357362067169126,0.0015581817714437518,0.0031908892081414686,0.0
54061,Monongalia County,WV,3/16/2026 0:00,0.002516115696722478,0.002679477218851233,0.002670619032696469,0.0
54061,Monongalia County,WV,3/16/2026 1:00,0.003989122835658062,0.002190488162966629,0.00230218592123826,0.0
54061,Monongalia County,WV,3/16/2026 2:00,0.0016197944526260626,0.003427919357133009,0.002560526551252697,0.0
54061,Monongalia County,WV,3/16/2026 3:00,0.0014412696266708066,0.002996316749474248,0.002855294393642189,0.0
54061,Monongalia County,WV,3/16/2026 4:00,0.0011223782750206751,0.0,0.002744990760233775,0.0
54061,Monongalia County,WV,3/16/2026 5:00,0.0010506380016622337,0.0,0.002846485729224763,0.0
54061,Monongalia County,WV,3/16/2026 6:00,0.0013285998800802877,0.002127279282180039,0.001929533529677608,0.0
54061,Monongalia County,WV,3/16/2026 7:00,0.0024910574049751117,0.0010042755419804109,0.0019980875028671875,0.0
54061,Monongalia County,WV,3/16/2026 8:00,0.0023297497745327408,0.0,0.002600327506630457,0.0
54061,Monongalia County,WV,3/16/2026 9:00,0.0014294743626382272,0.00110370787883838,0.0036385778314871357,0.0
54061,Monongalia County,WV,3/16/2026 10:00,0.001519321669691907,0.0010784453396086215,0.004040930265209015,0.0
54061,Monongalia County,WV,3/16/2026 11:00,0.0018817766786040936,0.0,0.004550173415043989,0.0
54061,Monongalia County,WV,3/16/2026 12:00,0.0021560385469388513,0.0025792069452895755,0.0030690229305424107,0.0
54061,Monongalia County,WV,3/16/2026 13:00,0.0021781098446672664,0.0026898821187691002,0.0029718670180068863,0.0
54061,Monongalia County,WV,3/16/2026 14:00,0.001584749614205144,0.003619639574290948,0.0032303310183944447,0.0
54061,Monongalia County,WV,3/16/2026 15:00,0.0015766086781340615,0.0039865021072894545,0.0035185291220508888,0.0
54061,Monongalia County,WV,3/16/2026 16:00,0.0017670875146939362,0.004611903620542789,0.0027768877140741527,0.0
54061,Monongalia County,WV,3/16/2026 17:00,0.0010929938980322798,0.00524478747547667,0.0020240981108774524,0.0
54061,Monongalia County,WV,3/16/2026 18:00,0.001739575343059224,0.00542545732823786,0.0023320118430987863,0.0
54061,Monongalia County,WV,3/16/2026 19:00,0.0016844092880175948,0.00422141639802239,0.0016346573616953315,0.0
54061,Monongalia County,WV,3/16/2026 20:00,0.0030184286957122253,0.003940668280962987,0.0,0.0
54061,Monongalia County,WV,3/16/2026 21:00,0.002866167632449737,0.0025356667670423942,0.0,0.0
54061,Monongalia County,WV,3/16/2026 22:00,0.003134619684213026,0.0023511152533151323,0.0,0.0
54061,Monongalia County,WV,3/16/2026 23:00,0.002559863450234286,0.002072196393153416,0.0,0.0
54061,Monongalia County,WV,3/17/2026 0:00,0.0030449351945956637,0.002236954270943514,0.0,0.0
54061,Monongalia County,WV,3/17/2026 1:00,0.002855613917566501,0.003973131706232631,0.0,0.0
54061,Monongalia County,WV,3/17/2026 2:00,0.002774799670104282,0.003920586929566489,0.0,0.0
54061,Monongalia County,WV,3/17/2026 3:00,0.002553814471520465,0.006318396262794329,0.0,0.0
54061,Monongalia County,WV,3/17/2026 4:00,0.0024696584725737345,0.0059821632610567175,0.0,0.0
54061,Monongalia County,WV,3/17/2026 5:00,0.00272492893764312,0.003742421316695486,0.0,0.0
54061,Monongalia County,WV,3/17/2026 6:00,0.0028463437989142268,0.0032816310848825603,0.0,0.0
54061,Monongalia County,WV,3/17/2026 7:00,0.0027412906819893473,0.00316484564616804,0.0,0.0
54061,Monongalia County,WV,3/17/2026 8:00,0.0030417105336909525,0.0019704298374021985,0.0,0.0
54061,Monongalia County,WV,3/17/2026 9:00,0.0022866344301848383,0.001978899354073688,0.0,0.0
54061,Monongalia County,WV,3/17/2026 10:00,0.0024736946397448836,0.001683833062024099,0.0,0.0
54061,Monongalia County,WV,3/17/2026 11:00,0.0020078408828091057,0.0,0.001175349881572048,0.0
54061,Monongalia County,WV,3/17/2026 12:00,0.0017455573768360888,0.0,0.0,0.0
54061,Monongalia County,WV,3/17/2026 13:00,0.0013510319612976263,0.0,0.0,0.0
54061,Monongalia County,WV,3/17/2026 14:00,0.0013794521616714728,0.0,0.0,0.0
54061,Monongalia County,WV,3/17/2026 15:00,0.002456953240645246,0.0,0.0,0.0
54061,Monongalia County,WV,3/17/2026 16:00,0.0018885201762644853,0.0,0.0,0.0
54061,Monongalia County,WV,3/17/2026 17:00,0.001110216202582358,0.0,0.0,0.0
54061,Monongalia County,WV,3/17/2026 18:00,0.0,0.0,0.0,0.0
54061,Monongalia County,WV,3/17/2026 19:00,0.0,0.0,0.0,0.0
54061,Monongalia County,WV,3/17/2026 20:00,0.0,0.0,0.0,0.0
54061,Monongalia County,WV,3/17/2026 21:00,0.0,0.0,0.0,0.0
54061,Monongalia County,WV,3/17/2026 22:00,0.0,0.0,0.0,0.0
54061,Monongalia County,WV,3/17/2026 23:00,0.0,0.0,0.0,0.0
54061,Monongalia County,WV,3/18/2026 0:00,0.0,0.0,0.0,
54061,Monongalia County,WV,3/18/2026 1:00,0.0,0.0,0.0,
54061,Monongalia County,WV,3/18/2026 2:00,0.0,0.0,0.0,
54061,Monongalia County,WV,3/18/2026 3:00,0.0,0.0,0.0,
54061,Monongalia County,WV,3/18/2026 4:00,0.0,0.0,0.0,
54061,Monongalia County,WV,3/18/2026 5:00,0.0,0.0,0.0,
54061,Monongalia County,WV,3/18/2026 6:00,0.0,0.0,0.0,
54061,Monongalia County,WV,3/18/2026 7:00,0.0,0.001234557027389516,0.0,
54061,Monongalia County,WV,3/18/2026 8:00,0.0,0.0,0.0,
54061,Monongalia County,WV,3/18/2026 9:00,0.0,0.0,0.0,
54061,Monongalia County,WV,3/18/2026 10:00,0.0,0.0,0.0,
54061,Monongalia County,WV,3/18/2026 11:00,0.0,0.0,0.0,
54061,Monongalia County,WV,3/18/2026 12:00,0.0,0.0,0.0,
54061,Monongalia County,WV,3/18/2026 13:00,0.0,0.0,0.0,
54061,Monongalia County,WV,3/18/2026 14:00,0.0,0.0,0.0,
54061,Monongalia County,WV,3/18/2026 15:00,0.0,0.0,0.0,
54061,Monongalia County,WV,3/18/2026 16:00,0.0,0.0,0.0,
54061,Monongalia County,WV,3/18/2026 17:00,0.0,0.0,0.0,
54061,Monongalia County,WV,3/18/2026 18:00,0.0,0.0,0.0,
54061,Monongalia County,WV,3/18/2026 19:00,0.0,0.0,0.0,
54061,Monongalia County,WV,3/18/2026 20:00,0.0,0.0,0.0,
54061,Monongalia County,WV,3/18/2026 21:00,0.0,0.0,0.0,
54061,Monongalia County,WV,3/18/2026 22:00,0.0,0.0,0.0,
54061,Monongalia County,WV,3/18/2026 23:00,0.0,0.0,0.0,
54061,Monongalia County,WV,3/19/2026 0:00,0.0,0.0,,
54061,Monongalia County,WV,3/19/2026 1:00,0.0,0.0,,
54061,Monongalia County,WV,3/19/2026 2:00,0.0,0.0,,
54061,Monongalia County,WV,3/19/2026 3:00,0.0,0.0,,
54061,Monongalia County,WV,3/19/2026 4:00,0.0,0.0,,
54061,Monongalia County,WV,3/19/2026 5:00,0.0,0.0,,
54061,Monongalia County,WV,3/19/2026 6:00,0.0,0.0,,
54061,Monongalia County,WV,3/19/2026 7:00,0.0,0.0,,
54061,Monongalia County,WV,3/19/2026 8:00,0.0,0.0,,
54061,Monongalia County,WV,3/19/2026 9:00,0.0,0.0,,
54061,Monongalia County,WV,3/19/2026 10:00,0.0,0.0,,
54061,Monongalia County,WV,3/19/2026 11:00,0.0,0.0,,
54061,Monongalia County,WV,3/19/2026 12:00,0.0,0.0,,
54061,Monongalia County,WV,3/19/2026 13:00,0.0,0.0,,
54061,Monongalia County,WV,3/19/2026 14:00,0.0,0.0,,
54061,Monongalia County,WV,3/19/2026 15:00,0.0,0.0,,
54061,Monongalia County,WV,3/19/2026 16:00,0.0,0.0,,
54061,Monongalia County,WV,3/19/2026 17:00,0.0,0.0,,
54061,Monongalia County,WV,3/19/2026 18:00,0.0,,,
54061,Monongalia County,WV,3/19/2026 19:00,0.0,,,
54061,Monongalia County,WV,3/19/2026 20:00,0.0,,,
54061,Monongalia County,WV,3/19/2026 21:00,0.0,,,
54061,Monongalia County,WV,3/19/2026 22:00,0.0,,,
54061,Monongalia County,WV,3/19/2026 23:00,,,,
54065,Morgan County,WV,3/14/2026 0:00,0.0020938476099566492,0.004191999977165322,0.0,0.0
54065,Morgan County,WV,3/14/2026 1:00,0.002457449591634448,0.002265647850283396,0.0,0.0
54065,Morgan County,WV,3/14/2026 2:00,0.0023069392649587624,0.00146528962668657,0.0,0.0
54065,Morgan County,WV,3/14/2026 3:00,0.001873399900609187,0.0024942500967974667,0.0,0.0
54065,Morgan County,WV,3/14/2026 4:00,0.0013258888826276668,0.0029493204303201364,0.0,0.0
54065,Morgan County,WV,3/14/2026 5:00,0.0013808250055007021,0.0029427695419994063,0.0,0.0
54065,Morgan County,WV,3/14/2026 6:00,0.0014600292611915589,0.002047917982394447,0.0,0.0
54065,Morgan County,WV,3/14/2026 7:00,0.0016197232488449227,0.0020582738901530487,0.0,0.0
54065,Morgan County,WV,3/14/2026 8:00,0.0012991697969482723,0.0017528878488842403,0.0,0.0
54065,Morgan County,WV,3/14/2026 9:00,0.0012312758193600668,0.0017209806448886579,0.0,0.0
54065,Morgan County,WV,3/14/2026 10:00,0.0012420539575270753,0.0014218755975896518,0.0,0.0
54065,Morgan County,WV,3/14/2026 11:00,0.0011861763287820137,0.0013506782192377349,0.0,0.0
54065,Morgan County,WV,3/14/2026 12:00,0.0012597008708701213,0.0012058497163665025,0.0,0.0
54065,Morgan County,WV,3/14/2026 13:00,0.0,0.0,0.0,0.0
54065,Morgan County,WV,3/14/2026 14:00,0.0,0.0,0.0,0.0
54065,Morgan County,WV,3/14/2026 15:00,0.0,0.0,0.0,0.0
54065,Morgan County,WV,3/14/2026 16:00,0.0,0.0,0.0,0.0
54065,Morgan County,WV,3/14/2026 17:00,0.0,0.0,0.0,0.0
54065,Morgan County,WV,3/14/2026 18:00,0.0,0.0,0.0,0.0
54065,Morgan County,WV,3/14/2026 19:00,0.0,0.0,0.0,0.0
54065,Morgan County,WV,3/14/2026 20:00,0.0,0.0,0.0,0.0010506036353498456
54065,Morgan County,WV,3/14/2026 21:00,0.0,0.0,0.0,0.001202479641325904
54065,Morgan County,WV,3/14/2026 22:00,0.0,0.0,0.0,0.0010913834721687997
54065,Morgan County,WV,3/14/2026 23:00,0.0,0.0,0.0,0.0013081489630261671
54065,Morgan County,WV,3/15/2026 0:00,0.0,0.0,0.0,0.0013945044400417862
54065,Morgan County,WV,3/15/2026 1:00,0.0,0.0,0.0,0.001154516357460604
54065,Morgan County,WV,3/15/2026 2:00,0.0,0.0,0.0,0.0014936709378428514
54065,Morgan County,WV,3/15/2026 3:00,0.0,0.0,0.0,0.0
54065,Morgan County,WV,3/15/2026 4:00,0.0,0.0,0.0,0.0
54065,Morgan County,WV,3/15/2026 5:00,0.0,0.0,0.0,0.0
54065,Morgan County,WV,3/15/2026 6:00,0.0,0.0,0.0,0.0
54065,Morgan County,WV,3/15/2026 7:00,0.0,0.0,0.0,0.0
54065,Morgan County,WV,3/15/2026 8:00,0.0,0.0,0.0,0.0
54065,Morgan County,WV,3/15/2026 9:00,0.0,0.0,0.0,0.0
54065,Morgan County,WV,3/15/2026 10:00,0.0,0.0,0.0,0.0
54065,Morgan County,WV,3/15/2026 11:00,0.0,0.0,0.0,0.0
54065,Morgan County,WV,3/15/2026 12:00,0.0,0.0,0.0011570661102546247,0.0
54065,Morgan County,WV,3/15/2026 13:00,0.0,0.0,0.0,0.0
54065,Morgan County,WV,3/15/2026 14:00,0.0,0.0,0.0,0.0
54065,Morgan County,WV,3/15/2026 15:00,0.0,0.0,0.0,0.0
54065,Morgan County,WV,3/15/2026 16:00,0.0,0.0,0.0,0.0
54065,Morgan County,WV,3/15/2026 17:00,0.0,0.0,0.0,0.0
54065,Morgan County,WV,3/15/2026 18:00,0.0,0.0,0.0,0.0
54065,Morgan County,WV,3/15/2026 19:00,0.0,0.0,0.0,0.0
54065,Morgan County,WV,3/15/2026 20:00,0.0,0.0,0.0,0.0
54065,Morgan County,WV,3/15/2026 21:00,0.0,0.0,0.0017754476819221174,0.0
54065,Morgan County,WV,3/15/2026 22:00,0.0,0.0,0.0021121364066946312,0.0
54065,Morgan County,WV,3/15/2026 23:00,0.0,0.0,0.0017860561853766021,0.0
54065,Morgan County,WV,3/16/2026 0:00,0.0,0.0011939135725151195,0.002248763340172397,0.0
54065,Morgan County,WV,3/16/2026 1:00,0.0,0.0011278915415591161,0.0023191807638545535,0.0
54065,Morgan County,WV,3/16/2026 2:00,0.0,0.0,0.002113258763667161,0.0
54065,Morgan County,WV,3/16/2026 3:00,0.0,0.0,0.001651158856759268,0.0
54065,Morgan County,WV,3/16/2026 4:00,0.0,0.0,0.002106736939522578,0.0
54065,Morgan County,WV,3/16/2026 5:00,0.0,0.0,0.0022354829630305212,0.0
54065,Morgan County,WV,3/16/2026 6:00,0.0,0.0,0.0017696567348052994,0.0
54065,Morgan County,WV,3/16/2026 7:00,0.0,0.0,0.0021554163103100297,0.0
54065,Morgan County,WV,3/16/2026 8:00,0.0,0.0,0.0,0.0
54065,Morgan County,WV,3/16/2026 9:00,0.0,0.0,0.0,0.0
54065,Morgan County,WV,3/16/2026 10:00,0.0,0.0,0.0,0.0
54065,Morgan County,WV,3/16/2026 11:00,0.0,0.001671984933742006,0.0,0.0
54065,Morgan County,WV,3/16/2026 12:00,0.0,0.0020867787989584216,0.0,0.0
54065,Morgan County,WV,3/16/2026 13:00,0.0,0.0010477495979050223,0.0,0.0
54065,Morgan County,WV,3/16/2026 14:00,0.0,0.0018348212291927958,0.0,0.0
54065,Morgan County,WV,3/16/2026 15:00,0.0,0.002688909523095625,0.0,0.0
54065,Morgan County,WV,3/16/2026 16:00,0.0012242624709581076,0.0031531754521376483,0.0,0.0
54065,Morgan County,WV,3/16/2026 17:00,0.0,0.001870168506262665,0.0,0.0
54065,Morgan County,WV,3/16/2026 18:00,0.0,0.002272466789604687,0.0,0.0
54065,Morgan County,WV,3/16/2026 19:00,0.0013294553618094403,0.0025189074458074477,0.0,0.0
54065,Morgan County,WV,3/16/2026 20:00,0.0018127934652801543,0.003224726887685679,0.0,0.0
54065,Morgan County,WV,3/16/2026 21:00,0.003163788412396771,0.003529614813277887,0.0,0.0
54065,Morgan County,WV,3/16/2026 22:00,0.0033220662653806496,0.002178780944858777,0.0,0.0
54065,Morgan County,WV,3/16/2026 23:00,0.003084658185198347,0.0015952146807338484,0.0,0.0
54065,Morgan County,WV,3/17/2026 0:00,0.0026186887831973855,0.0015904307368193541,0.0,0.0
54065,Morgan County,WV,3/17/2026 1:00,0.0029006872078169528,0.0013644081113005537,0.0,0.0
54065,Morgan County,WV,3/17/2026 2:00,0.0028370606146035917,0.001368153951859898,0.0,0.0
54065,Morgan County,WV,3/17/2026 3:00,0.0028475498328508,0.0011627246049948563,0.0,0.0
54065,Morgan County,WV,3/17/2026 4:00,0.0016872844025253213,0.001081459354131734,0.0,0.0
54065,Morgan County,WV,3/17/2026 5:00,0.0018702554075323433,0.0012708185071259488,0.0,0.0
54065,Morgan County,WV,3/17/2026 6:00,0.0019323525564580188,0.0010123689552390218,0.0,0.0
54065,Morgan County,WV,3/17/2026 7:00,0.002335978230578733,0.0016671677055667918,0.0,0.0
54065,Morgan County,WV,3/17/2026 8:00,0.0019434988270451822,0.0,0.0,0.0
54065,Morgan County,WV,3/17/2026 9:00,0.0,0.0,0.0,0.0
54065,Morgan County,WV,3/17/2026 10:00,0.0,0.0,0.0,0.0
54065,Morgan County,WV,3/17/2026 11:00,0.0,0.0,0.0,0.0
54065,Morgan County,WV,3/17/2026 12:00,0.0,0.0,0.0,0.0
54065,Morgan County,WV,3/17/2026 13:00,0.0,0.0,0.0,0.0
54065,Morgan County,WV,3/17/2026 14:00,0.0,0.0,0.0,0.0
54065,Morgan County,WV,3/17/2026 15:00,0.0,0.0,0.0,0.0
54065,Morgan County,WV,3/17/2026 16:00,0.0,0.0,0.0,0.0
54065,Morgan County,WV,3/17/2026 17:00,0.0,0.0,0.0,0.0
54065,Morgan County,WV,3/17/2026 18:00,0.0,0.0,0.0,0.0
54065,Morgan County,WV,3/17/2026 19:00,0.0,0.0,0.0,0.0
54065,Morgan County,WV,3/17/2026 20:00,0.0,0.0,0.0,0.0
54065,Morgan County,WV,3/17/2026 21:00,0.0,0.0,0.0,0.0
54065,Morgan County,WV,3/17/2026 22:00,0.0,0.0,0.0,0.0
54065,Morgan County,WV,3/17/2026 23:00,0.0,0.0,0.0,0.0
54065,Morgan County,WV,3/18/2026 0:00,0.0,0.0,0.0,
54065,Morgan County,WV,3/18/2026 1:00,0.0,0.0,0.0,
54065,Morgan County,WV,3/18/2026 2:00,0.0,0.0,0.0,
54065,Morgan County,WV,3/18/2026 3:00,0.0,0.0,0.0,
54065,Morgan County,WV,3/18/2026 4:00,0.0,0.0,0.0,
54065,Morgan County,WV,3/18/2026 5:00,0.0010709791256396282,0.0,0.0,
54065,Morgan County,WV,3/18/2026 6:00,0.001075575374722453,0.0,0.0,
54065,Morgan County,WV,3/18/2026 7:00,0.0014371305535421696,0.0,0.0,
54065,Morgan County,WV,3/18/2026 8:00,0.0020920814089381043,0.0,0.0,
54065,Morgan County,WV,3/18/2026 9:00,0.0018016366604178006,0.0,0.0,
54065,Morgan County,WV,3/18/2026 10:00,0.0021405060919385474,0.0,0.0,
54065,Morgan County,WV,3/18/2026 11:00,0.0018123948553889194,0.0,0.0,
54065,Morgan County,WV,3/18/2026 12:00,0.0020396310558384446,0.0,0.0,
54065,Morgan County,WV,3/18/2026 13:00,0.001805865557204429,0.0,0.0,
54065,Morgan County,WV,3/18/2026 14:00,0.002043870224935662,0.0,0.0,
54065,Morgan County,WV,3/18/2026 15:00,0.0022753496851035605,0.0,0.0,
54065,Morgan County,WV,3/18/2026 16:00,0.0012347307577751153,0.0,0.0,
54065,Morgan County,WV,3/18/2026 17:00,0.0,0.0,0.0,
54065,Morgan County,WV,3/18/2026 18:00,0.0,0.0,0.0,
54065,Morgan County,WV,3/18/2026 19:00,0.0,0.0,0.0,
54065,Morgan County,WV,3/18/2026 20:00,0.0,0.0,0.0,
54065,Morgan County,WV,3/18/2026 21:00,0.0,0.0,0.0,
54065,Morgan County,WV,3/18/2026 22:00,0.0,0.0,0.0,
54065,Morgan County,WV,3/18/2026 23:00,0.0,0.0,0.0,
54065,Morgan County,WV,3/19/2026 0:00,0.0,0.0,,
54065,Morgan County,WV,3/19/2026 1:00,0.0,0.0,,
54065,Morgan County,WV,3/19/2026 2:00,0.0,0.0,,
54065,Morgan County,WV,3/19/2026 3:00,0.0,0.0,,
54065,Morgan County,WV,3/19/2026 4:00,0.0,0.0,,
54065,Morgan County,WV,3/19/2026 5:00,0.0,0.0,,
54065,Morgan County,WV,3/19/2026 6:00,0.0,0.0,,
54065,Morgan County,WV,3/19/2026 7:00,0.0,0.0,,
54065,Morgan County,WV,3/19/2026 8:00,0.0,0.0,,
54065,Morgan County,WV,3/19/2026 9:00,0.0,0.0,,
54065,Morgan County,WV,3/19/2026 10:00,0.0,0.0,,
54065,Morgan County,WV,3/19/2026 11:00,0.0,0.0,,
54065,Morgan County,WV,3/19/2026 12:00,0.0,0.0,,
54065,Morgan County,WV,3/19/2026 13:00,0.0,0.0,,
54065,Morgan County,WV,3/19/2026 14:00,0.0,0.0,,
54065,Morgan County,WV,3/19/2026 15:00,0.0,0.0,,
54065,Morgan County,WV,3/19/2026 16:00,0.0,0.0,,
54065,Morgan County,WV,3/19/2026 17:00,0.0,0.0,,
54065,Morgan County,WV,3/19/2026 18:00,0.0,,,
54065,Morgan County,WV,3/19/2026 19:00,0.0,,,
54065,Morgan County,WV,3/19/2026 20:00,0.0,,,
54065,Morgan County,WV,3/19/2026 21:00,0.0,,,
54065,Morgan County,WV,3/19/2026 22:00,0.0,,,
54065,Morgan County,WV,3/19/2026 23:00,,,,
