tree
version=v4
num_class=1
num_tree_per_iteration=1
label_index=0
max_feature_idx=162
objective=huber
feature_names=last_osi last_P_t last_N_t last_D_t last_R_t last_outage_pct osi_mean_72h osi_max_72h osi_std_72h outage_pct_mean_72h outage_pct_max_72h N_t_mean_72h N_t_max_72h R_t_mean_72h R_t_max_72h pre_event_mean_osi pre_event_max_outage_pct storm_onset_max_osi storm_onset_mean_osi osi_trend_last6h is_worsening frac_zero_72h hours_since_peak gust_mean_obs gust_max_obs gust_gt30_obs gust_gt40_obs cumul_gust_obs gust_last_obs gust_max_last6h_obs gust_trend_last6h_obs gust_t wind_speed_t wind_sin_t wind_cos_t t2m_t d2m_t tp_t rain_t csnow_t sdwe_t r2_t vpd_t soil_moist_t blh_t tcc_t lcc_t mcc_t hcc_t sp_t mslma_t sdswrf_t direct_rad_t diffuse_rad_t et0_t temp_c_t dewpoint_c_t icing_risk_t gust_exceed_30 soil_moist_x_gust is_snowing gust_x_hso gust_x_phase soil_gust_x_phase gust_exceed30_x_hso gust_max_next_1h gust_mean_next_1h wind_speed_max_next_1h total_tp_next_1h min_t2m_next_1h gust_gt30_next_1h gust_gt40_next_1h gust_peak4h_mean_next_1h gust_max_next_6h gust_mean_next_6h wind_speed_max_next_6h total_tp_next_6h min_t2m_next_6h gust_gt30_next_6h gust_gt40_next_6h gust_peak4h_mean_next_6h gust_max_next_24h gust_mean_next_24h wind_speed_max_next_24h total_tp_next_24h min_t2m_next_24h gust_gt30_next_24h gust_gt40_next_24h gust_peak4h_mean_next_24h gust_max_next_48h gust_mean_next_48h wind_speed_max_next_48h total_tp_next_48h min_t2m_next_48h gust_gt30_next_48h gust_gt40_next_48h gust_peak4h_mean_next_48h gust_change_1h gust_change_3h pressure_change_3h pressure_change_6h temp_change_6h wind_change_1h cumul_gust_since_onset cumul_tp_since_onset gust_gt30_since_onset gust_at_t1h wind_speed_at_t1h t2m_at_t1h tp_at_t1h gust_at_t6h wind_speed_at_t6h t2m_at_t6h tp_at_t6h gust_at_t24h wind_speed_at_t24h t2m_at_t24h tp_at_t24h gust_at_t48h wind_speed_at_t48h t2m_at_t48h tp_at_t48h hour_of_day hour_sin hour_cos days_since_onset hours_since_obs storm_phase log_customers rural_urban_code is_metro pop_density n_utilities pct_forest pct_developed pct_agriculture pct_water pct_wetland pct_unmapped pct_forest_classified tree_canopy_pct tree_canopy_std forest_x_customers window_len_next_1h is_full_next_1h tp_rate_next_1h gust_gt30_frac_next_1h has_weather_at_t1h window_len_next_6h is_full_next_6h tp_rate_next_6h gust_gt30_frac_next_6h has_weather_at_t6h window_len_next_24h is_full_next_24h tp_rate_next_24h gust_gt30_frac_next_24h has_weather_at_t24h window_len_next_48h is_full_next_48h tp_rate_next_48h gust_gt30_frac_next_48h has_weather_at_t48h
feature_infos=[0:0.55230000000000001] [0:0.82424180700000005] [0:0.031160644000000001] [0:0.90465771100000003] [0:0.058582058999999999] [0:82.420000000000002] [4.1666666666666669e-06:0.26529999999999998] [0.0001:0.65049999999999997] [1.9982631347136334e-05:0.22470370552747407] [0.00083333333333333328:39.644861111111112] [0.02:100] [3.1208333333333337e-06:0.018623942125000001] [7.4900000000000005e-05:0.37916412199999999] [3.1208333333333337e-06:0.017093115180555556] [7.4900000000000005e-05:0.18675781699999999] [0:0.38653749999999998] [0:100] [0:0.59799999999999998] [0:0.20940416666666664] [-0.055854285714285697:0.017611428571428573] [0:1] [0:0.95833333333333337] [0:71] [13.03611111111111:31.258333333333326] [29.100000000000001:69.400000000000006] [0:35] [0:17] [938.59999999999991:2250.5999999999995] [3.5:47.5] [15.4:64.5] [-6.477142857142856:3.3114285714285714] [0.59999999999999998:58.299999999999997] [0:36.899999999999999] [-0.99999999953664132:0.99999999987412524] [-0.99999999369183823:1] [259.42265909999998:298.4303941] [257.50145359999999:289.8677619] [0:11.300000000000001] [0:11.300000000000001] [0:2.52] [0:0.089999999999999997] [15:100] [0:2.4500000000000002] [0.16700000000000001:0.52300000000000002] [10:3015] [0:100] [0:100] [0:100] [0:100] [884.60000000000002:1027.2] [986.79999999999995:1031.8] [0:863] [0:737] [0:463] [0:0.60999999999999999] [-13.727340900000002:25.280394100000024] [-15.648546399999987:16.717761900000028] [0:1] [0:28.299999999999997] [0.19259999999999999:23.550000000000001] [0:1] [0.80000000000000004:3819.7999999999997] [0:107.59999999999999] [0:47.100000000000001] [0:1689.7999999999997] [1.2:58.299999999999997] [0.89999999999999991:54.5] [0:36.899999999999999] [0:14.699999999999999] [259.42265909999998:298.21776599999998] [0:2] [0:2] [0.89999999999999991:54.5] [2.7999999999999998:58.299999999999997] [2.0571428571428569:49.214285714285715] [0.40000000000000002:36.899999999999999] [0:26.699999999999999] [259.42265909999998:296.40927479999999] [0:7] [0:7] [2.5999999999999996:52.550000000000004] [8.5:58.299999999999997] [4.7479999999999993:43.052] [5:36.899999999999999] [0:34.399999999999999] [259.42265909999998:286.57337899999999] [0:25] [0:19] [8.0499999999999989:52.550000000000004] [10.1:58.299999999999997] [5.3392857142857135:37.897959183673471] [5.0999999999999996:36.899999999999999] [0:37.000000000000007] [259.42265909999998:282.77648069999998] [0:42] [0:22] [9.375:52.550000000000004] [-24.299999999999997:28.199999999999999] [-27.399999999999999:35.700000000000003] [-6.1999999999999318:10.599999999999909] [-10.899999999999977:14.599999999999909] [-20.027499999999975:21.845291299999985] [-15.300000000000001:28.000000000000004] [347.09999999999997:4155.3000000000002] [0:40.000000000000007] [0:61] [0.59999999999999998:58.299999999999997] [0:36.899999999999999] [259.42265909999998:298.4303941] [0:11.300000000000001] [0.90000000000000002:58.299999999999997] [0:36.899999999999999] [259.42265909999998:298.4303941] [0:11.300000000000001] [0.90000000000000002:58.299999999999997] [0:36.899999999999999] [259.42265909999998:298.4303941] [0:11.300000000000001] [0.90000000000000002:53.799999999999997] [0:34.299999999999997] [259.42265909999998:296.58327589999999] [0:11.300000000000001] [0:23] [-1:1] [-1:1] [1:5] [1:120] [0:3] [7.1180162044653335:13.453719692845613] [1:9] [0:1] [8.3691524328166658:11939.655837338518] [1:14] [2.21:88.719999999999999] [2.21:86.629999999999995] [0.040000000000000001:85.829999999999998] [0.01:5.5099999999999998] [0:19.780000000000001] [1.9299999999999999:18.32] [2.269926047658176:95.815074496056084] [2.71:81.680000000000007] [13.6:40.350000000000001] [21.422650442923519:861.5702254184763] none none [0:7.3499999999999996] [0:1] none none none [0:3.8142857142857141] [0:1] none none none [0:1.3759999999999999] [0:1] none [25:49] [0:1] [0:0.7551020408163267] [0:0.8571428571428571] [0:1]
tree_sizes=3064 2762 2711 2765 2801 2786 2781 2814 2808 2753 2776 2776 2730 2750 2768 2753 2784 2738 2777 2736 2773 2736 2836 2723 2746 2750 2724 2713 2680 2725 2668 2661 2719 2712 2755 2699 2712 2716 2740 2685 2813 2732 2733 2707 2737 2752 2648 2778 2724 2779 2726 2699 2739 2755 2695 2705

Tree=0
num_leaves=31
num_cat=0
split_feature=92 91 93 18 85 138 92 101 105 140 0 88 74 142 114 117 126 134 14 112 119 83 124 120 112 68 50 19 132 137
split_gain=0.00578731 0.00444594 0.00373721 0.00201513 0.00137675 0.00490026 0.00323095 0.00358433 0.00116971 0.000733259 0.000572304 0.000500294 0.000517213 0.000455999 0.000333728 0.000146718 0.000163731 0.000137371 0.000138321 0.000157704 0.000206642 0.000203646 0.000136235 0.000126386 0.000124215 0.000105983 0.000104712 0.000127461 0.000125777 0.000102872
threshold=7.5500000000000016 14.15 263.93658840000006 0.063537500000000011 280.07059630000003 4.4450000000000012 18.350000000000009 6.4677377000000158 20.500000000000004 76.250000000000014 0.0034500000000000004 29.262500000000003 26.114285714285717 578.01884492727982 30.750000000000004 2.1500000000000008 13.500000000000002 29.840000000000003 0.046876099500000004 290.62358425000008 18.250000000000004 17.850000000000005 -0.98296291314453399 271.71266420000006 287.27088555000006 0.8500000000000002 999.95000000000016 -0.00060857142857142859 5.5000000000000009 0.055000000000000007
decision_type=2 2 2 2 2 2 2 2 2 2 2 2 2 2 2 2 2 2 2 2 10 2 2 10 2 2 2 2 2 2
left_child=14 2 -2 4 9 6 7 -6 -5 11 -11 -3 13 15 22 16 -13 18 19 20 21 -18 29 24 -23 -24 -14 28 -28 -1
right_child=1 3 -4 8 5 -7 -8 -9 -10 10 -12 12 26 -15 -16 -17 17 -19 -20 -21 -22 23 25 -25 -26 -27 27 -29 -30 -31
leaf_value=0.00074943847473915972 0.0012991275062762941 0.00066706017903192798 0.00068666571824985579 0.00094993340372915311 0.00079593773807858559 0.00069725875496502699 0.00068666571824985579 0.0014849616782870501 0.00068666571824985579 0.00071263166470405658 0.00091840387623535167 0.00068666571824985579 0.00067538170711114759 0.00069045170565279566 0.00069210566938818999 0.00068666571824985579 0.00068666571824985579 0.00068666571824985579 0.00068666571824985579 0.00068666571824985579 0.00070143818850552865 0.00084978954042029564 0.00065994625198379181 0.00068666571824985579 0.00069609763357016791 0.00068666571824985579 0.00072890424778103207 0.00068666571824985579 0.00068666571824985579 0.00068000504747979008
leaf_weight=60 61 1027 51 147 61 572 53 53 80 218 71 73 960 973 728 115 56 127 84 122 205 272 9837 57 92 429 432 867 152 378
leaf_count=60 61 1027 51 147 61 572 53 53 80 218 71 73 960 973 728 115 56 127 84 122 205 272 9837 57 92 429 432 867 152 378
internal_value=0.000686666 0.000722294 0.00103757 0.000716376 0.000710483 0.000776174 0.00101504 0.00116391 0.000866011 0.000701398 0.000781051 0.000696391 0.000704051 0.00072175 0.000664523 0.000742888 0.000748565 0.00075382 0.000761099 0.000767585 0.000777742 0.000799975 0.00066218 0.000812161 0.000824775 0.000661009 0.000686666 0.000696465 0.000714648 0.000686666
internal_weight=18413 6981 112 6869 6642 739 167 114 227 5903 289 5614 4587 2176 11432 1203 1088 1015 888 804 682 477 10704 421 364 10266 2411 1451 584 438
internal_count=18413 6981 112 6869 6642 739 167 114 227 5903 289 5614 4587 2176 11432 1203 1088 1015 888 804 682 477 10704 421 364 10266 2411 1451 584 438
is_linear=0
shrinkage=1


Tree=1
num_leaves=31
num_cat=0
split_feature=92 91 131 116 43 0 18 142 77 81 137 50 36 50 115 0 53 77 142 124 82 5 126 2 124 84 105 6 39 88
split_gain=0.00529598 0.00402206 0.00317446 0.00226313 0.00369828 0.000924223 0.000830278 0.000971132 0.00109961 0.000937989 0.00094594 0.00182291 0.000638213 0.000403323 0.00028504 0.000240123 0.000196916 0.000178523 0.000151396 0.000136478 0.00013046 0.000120083 0.00011273 0.000110034 0.000103214 0.000105218 0.000172351 0.000145237 0.000102953 9.32736e-05
threshold=7.5500000000000016 14.15 29.301636672347289 292.27092905000006 0.37650000000000006 0.16960000000000003 0.0029499999999999999 732.58631640545491 286.20145525000004 47.95000000000001 1.4700000000000002 1008.0500000000001 269.87573725000004 1021.35 15.050000000000002 0.22810000000000002 1.5000000000000002 274.29998425000002 778.10309634021678 -0.98296291314453399 20.350000000000005 0.03500000000000001 23.500000000000004 0.00020991850000000003 0.78656609248549303 9.9500000000000046 17.500000000000004 0.00029027777777777786 0.38500000000000006 34.362500000000004
decision_type=2 2 2 2 2 2 2 2 2 2 2 2 2 2 2 2 2 2 2 2 2 2 2 2 2 2 2 2 2 2
left_child=14 2 -2 6 5 13 20 9 17 15 -11 -12 -13 21 19 -8 -17 -9 -10 23 -3 -5 29 -1 -22 -26 27 -27 -21 -16
right_child=1 3 -4 4 -6 -7 7 8 18 10 11 12 -14 -15 22 16 -18 -19 -20 28 24 -23 -24 -25 25 26 -28 -29 -30 -31
leaf_value=-8.3510277726323589e-06 0.00061155271044911145 -2.3221570878797671e-05 0 0.00011597961060739609 0.00042063604655817881 0.00028074060626715678 1.4112069816080815e-06 0.00011679567128025015 0.00030724994561573914 0 0 5.1935204902756075e-05 0.0004601179885289802 0 0 0 0.00013826222218284555 0 3.9821410453207078e-05 -2.574697458544542e-05 -5.3624108512176798e-07 0 -8.899194416380751e-06 5.3314480721607823e-05 0 0 0 0.00010697473042055521 0 4.2776612744449003e-05
leaf_weight=316 54 587 58 169 89 52 2282 51 81 198 78 52 55 453 168 69 63 239 61 9594 1758 60 795 88 207 69 81 115 225 246
leaf_count=316 54 587 58 169 89 52 2282 51 81 198 78 52 55 453 168 69 63 239 61 9594 1758 60 795 88 207 69 81 115 225 246
internal_value=0 3.42505e-05 0.000334369 2.85812e-05 0.000107505 6.22138e-05 1.6995e-05 3.43827e-05 0.000107188 2.13166e-05 9.52105e-05 0.000177283 0.000310363 3.78446e-05 -2.10155e-05 7.48781e-06 7.41449e-05 3.0065e-05 0.000228416 -2.37398e-05 -1.16658e-06 9.29354e-05 0 0 2.40558e-06 2.39114e-05 4.47838e-05 7.21996e-05 -2.49301e-05 2.29607e-05
internal_weight=18413 6981 112 6869 823 734 6046 3229 432 2797 383 185 107 682 11432 2414 132 290 142 10223 2817 229 1209 404 2230 472 265 184 9819 414
internal_count=18413 6981 112 6869 823 734 6046 3229 432 2797 383 185 107 682 11432 2414 132 290 142 10223 2817 229 1209 404 2230 472 265 184 9819 414
is_linear=0
shrinkage=0.05


Tree=2
num_leaves=31
num_cat=0
split_feature=92 91 93 116 43 0 128 142 77 88 142 50 114 26 93 61 28 126 128 83 124 98 138 43 137 50 112 105 13 91
split_gain=0.00486191 0.00366614 0.00306409 0.00207396 0.00330227 0.000818714 0.000748222 0.000775439 0.00125766 0.000809564 0.000570389 0.000361238 0.00027924 0.000258391 0.000282189 0.00049549 0.000249357 0.000322368 0.000277266 0.000132969 0.000118479 0.000118262 0.000140427 0.000117206 9.63275e-05 9.54823e-05 9.39911e-05 0.00020003 9.31552e-05 8.5649e-05
threshold=7.5500000000000016 14.15 263.93658840000006 292.27092905000006 0.37650000000000006 0.16960000000000003 9.5299570603198287 732.58631640545491 286.20145525000004 49.112500000000011 779.97322007526816 1021.35 33.050000000000004 10.500000000000002 265.54938525000006 108.85000000000002 38.650000000000013 39.500000000000007 9.986477217735418 16.450000000000003 -0.98296291314453399 -2.7000000000000015 8.0300000000000011 0.31550000000000006 0.055000000000000007 1010.1500000000002 278.04521745000005 17.500000000000004 0.0029473370347222225 21.550000000000004
decision_type=2 2 2 2 2 2 2 2 2 2 2 2 2 2 2 2 2 2 2 2 2 2 2 2 2 2 2 2 2 2
left_child=12 2 -2 6 5 11 7 9 25 13 -10 23 20 -3 -15 -16 19 18 -18 -8 24 -20 -23 -5 -1 -9 27 -14 -22 -21
right_child=1 3 -4 4 -6 -7 16 8 10 -11 -12 -13 26 14 15 -17 17 -19 21 29 28 22 -24 -25 -26 -27 -28 -29 -30 -31
leaf_value=5.9637281144659933e-05 0.00055668685534563398 0 0 0 0.00039983792488500414 0.00026696842498769811 -1.9187843815454343e-05 5.9786421771531911e-05 0.00030223668113030732 0.0001716374221649757 0 0 9.2016496680546458e-05 0 0 0.0001734336622837793 0 0 0 1.2769545808388397e-05 -2.4459477353016626e-05 0.00015236075711997428 0 0.00010865733337975905 -5.8545049991294805e-06 0 0 0 0 -4.2755493460990309e-06
leaf_weight=63 61 1185 51 52 89 52 883 86 99 89 52 453 90 199 61 90 72 354 51 1281 9604 119 80 177 384 171 355 150 786 1174
leaf_count=63 61 1185 51 52 89 52 883 86 99 89 52 453 90 199 61 90 72 354 51 1281 9604 119 80 177 384 171 355 150 786 1174
internal_value=0 3.2993e-05 0.000319756 2.75436e-05 0.000103158 5.98873e-05 1.64084e-05 4.13301e-05 0.000106476 2.18312e-05 0.000225201 3.64097e-05 -1.99593e-05 9.78403e-06 4.75321e-05 9.92898e-05 2.5399e-06 3.07429e-05 6.69034e-05 -1.68172e-06 -2.19405e-05 9.23128e-05 0.000110331 8.86744e-05 0 1.67365e-05 7.71218e-06 3.34978e-05 -2.30347e-05 2.5842e-06
internal_weight=18413 6981 112 6869 823 734 6046 2032 408 1624 151 682 11432 1535 350 151 4014 676 322 3338 10837 250 199 229 447 257 595 240 10390 2455
internal_count=18413 6981 112 6869 823 734 6046 2032 408 1624 151 682 11432 1535 350 151 4014 676 322 3338 10837 250 199 229 447 257 595 240 10390 2455
is_linear=0
shrinkage=0.05


Tree=3
num_leaves=31
num_cat=0
split_feature=92 91 93 116 28 137 0 18 142 50 22 81 137 50 56 124 114 73 15 0 53 120 29 80 84 17 39 124 137 12
split_gain=0.00445227 0.00331737 0.00275066 0.00190471 0.00143228 0.00337105 0.000787245 0.000730228 0.000822426 0.000873714 0.000903985 0.000823448 0.000823718 0.00163291 0.000536074 0.000496233 0.000253176 0.000249833 0.000226991 0.000195587 0.000176483 0.000118271 0.000143918 0.000178497 0.000249033 0.000200517 0.000115616 0.000112571 9.1271e-05 8.12965e-05
threshold=7.5500000000000016 14.15 263.93658840000006 292.27092905000006 10.400000000000002 0.89500000000000013 0.16960000000000003 0.0029499999999999999 732.58631640545491 1016.7500000000001 6.5000000000000009 47.95000000000001 1.4700000000000002 1008.0500000000001 -3.2742627499999908 1.0000000180025095e-35 29.250000000000004 17.750000000000004 0.00077291666666666687 0.22810000000000002 1.5000000000000002 269.25684880000006 31.150000000000002 30.987500000000008 8.3500000000000032 0.00025000000000000006 0.38500000000000006 -0.98296291314453399 0.055000000000000007 0.21664411950000004
decision_type=2 2 2 2 2 2 2 2 2 2 2 2 2 2 2 2 2 2 2 2 2 10 2 2 2 2 2 2 2 2
left_child=16 2 -2 7 5 -5 17 21 11 10 -10 19 -13 -14 -15 -12 26 -6 -19 -9 -21 22 23 24 -3 -26 27 28 -1 -29
right_child=1 3 -4 4 6 -7 -8 8 9 -11 15 12 13 14 -16 -17 -18 18 -20 20 -22 -23 -24 -25 25 -27 -28 29 -30 -31
leaf_value=6.1052805984469037e-05 0.00052930143431782913 0 0 0.00054304613070174429 0 0 0.00024590111394080268 1.0678744126312355e-06 0 0 0.00031262743365599333 0 0 4.4197618321530448e-05 0.00043157431774099161 3.4201791797960667e-05 2.9428494154455798e-06 0 0.00012399602252237158 0 0.00012736823317595735 -1.2357524086205688e-05 -4.2879765554578552e-06 0 0 9.5168446015949577e-05 0 -2.3678570314642449e-05 -5.6915254334288306e-06 0
leaf_weight=57 61 136 51 59 327 81 60 2282 108 149 100 198 78 52 55 75 819 176 120 69 63 1477 610 322 53 219 234 9837 369 116
leaf_count=57 61 136 51 59 327 81 60 2282 108 149 100 198 78 52 55 75 819 176 120 69 63 1477 610 322 53 219 234 9837 369 116
internal_value=0 3.16958e-05 0.000304731 2.64724e-05 9.89898e-05 0.000256357 5.90955e-05 1.57596e-05 3.20774e-05 9.93675e-05 0.000150816 1.98656e-05 8.91532e-05 0.000165774 0.000291765 0.000222584 -1.89748e-05 3.27265e-05 6.59788e-05 6.76977e-06 6.70003e-05 -1.17524e-06 7.42177e-06 2.40391e-05 4.60857e-05 7.39085e-05 -2.11374e-05 -2.2016e-05 0 -2.31024e-05
internal_weight=18413 6981 112 6869 823 140 683 6046 3229 432 283 2797 383 185 107 175 11432 623 296 2414 132 2817 1340 730 408 272 10613 10379 426 9953
internal_count=18413 6981 112 6869 823 140 683 6046 3229 432 283 2797 383 185 107 175 11432 623 296 2414 132 2817 1340 730 408 272 10613 10379 426 9953
is_linear=0
shrinkage=0.05


Tree=4
num_leaves=31
num_cat=0
split_feature=92 91 93 116 43 18 142 50 49 81 85 137 0 115 50 114 11 50 12 81 84 122 93 137 33 114 6 13 118 112
split_gain=0.00407841 0.00300021 0.00246821 0.00175884 0.00277339 0.000685023 0.00075079 0.000805485 0.000773765 0.000758106 0.000812039 0.00109431 0.000650798 0.000521366 0.000308349 0.000233351 0.000223089 0.000265766 0.000115673 0.000113074 0.000107715 0.000178731 0.000177615 9.83286e-05 0.000176195 0.000344234 9.36726e-05 8.71221e-05 0.000152008 8.52095e-05
threshold=7.5500000000000016 14.15 263.93658840000006 292.27092905000006 0.37650000000000006 0.0029499999999999999 732.58631640545491 1016.7500000000001 962.45000000000016 47.95000000000001 272.27077710000009 1.4700000000000002 0.16960000000000003 10.65 1021.35 33.050000000000004 0.002613818597222223 1023.35 0.0028856460000000004 34.850000000000001 9.9500000000000046 2.5000000000000004 265.72783680000003 0.055000000000000007 -0.9976747608457629 14.850000000000003 0.0003645833333333334 0.0029473370347222225 20.050000000000004 278.04521745000005
decision_type=2 2 2 2 2 2 2 2 2 2 2 2 2 2 2 2 2 2 2 2 2 2 2 2 2 2 2 2 10 2
left_child=15 2 -2 5 12 20 9 8 -8 16 -11 -12 14 -10 18 23 -7 -18 -5 -20 -3 22 -22 24 25 -1 -24 -25 -29 -17
right_child=1 3 -4 4 -6 6 7 -9 13 10 11 -13 -14 -15 -16 29 17 -19 19 -21 21 -23 26 27 -26 -27 -28 28 -30 -31
leaf_value=0 0.00050326323233035048 -1.2087144746153087e-05 0 0 0.00036807159870295438 -2.5627007849797879e-06 7.4338472836643614e-06 0 0.00032065326634489054 0 1.0277828568691981e-06 0.00025149840792528265 0.00024180878374400498 2.3921458453949761e-05 0 3.1633098674668703e-05 9.4464731410433249e-06 0.0001044240279970198 0 0.00013529363665631475 0 0 0 -2.3585915991506175e-05 -1.2601771495928056e-05 0.00014665661162414871 0.0001525387050894685 -1.4821769989619598e-05 4.3229173782108891e-05 0
leaf_weight=128 61 1447 51 66 89 1484 127 149 88 127 137 119 52 68 453 240 817 113 50 113 58 1212 50 8414 1478 50 50 640 127 355
leaf_count=128 61 1447 51 66 89 1484 127 149 88 127 137 119 52 68 453 240 817 113 50 113 58 1212 50 8414 1478 50 50 640 127 355
internal_value=1.41487e-07 3.05195e-05 0.000290444 2.5512e-05 9.52474e-05 1.51783e-05 3.09888e-05 9.54613e-05 0.00014486 1.92134e-05 8.57632e-05 0.000137438 5.49081e-05 0.000224132 3.30038e-05 -1.79727e-05 6.55319e-06 2.64571e-05 8.11555e-05 0.000104881 -1.17478e-06 6.70434e-06 5.65491e-05 -1.97986e-05 -4.30533e-06 3.63357e-05 9.71112e-05 -2.20478e-05 0 6.87052e-06
internal_weight=18413 6981 112 6869 823 6046 3229 432 283 2797 383 256 734 156 682 11432 2414 930 229 163 2817 1370 158 10837 1656 178 100 9181 767 595
internal_count=18413 6981 112 6869 823 6046 3229 432 283 2797 383 256 734 156 682 11432 2414 930 229 163 2817 1370 158 10837 1656 178 100 9181 767 595
is_linear=0
shrinkage=0.05


Tree=5
num_leaves=31
num_cat=0
split_feature=92 91 93 116 43 3 103 88 131 100 7 50 19 99 43 2 53 92 140 69 99 74 116 30 123 12 141 30 13 133
split_gain=0.00289103 0.00191911 0.00193715 0.00130009 0.00146026 0.000585506 0.000651687 0.00085882 0.00092289 0.000695198 0.000400765 0.000403187 0.000389695 0.000574835 0.000820973 0.000285132 0.00237787 0.000200205 0.000126631 0.000151805 0.000114444 0.000131107 0.000153584 0.000152931 0.000103322 0.000100576 7.54558e-05 7.28307e-05 0.000149281 7.13023e-05
threshold=7.5500000000000016 14.15 263.93658840000006 292.27092905000006 0.37550000000000006 0.0083071670000000025 1602.2500000000002 42.787500000000009 84.484492496050322 -4.3500000000000218 0.17610000000000003 1021.35 -0.00055428571428571408 -0.19999999999987492 0.35350000000000004 0.0059917800000000012 268.50000000000006 2.5500000000000012 73.145000000000024 287.06561895000004 -1.2499999999999998 21.650000000000002 285.41772490000005 -1.3914285714285721 -0.37940952255126059 0.0028856460000000004 33.720000000000006 -1.0785714285714285 0.0031545334513888895 87.745000000000019
decision_type=2 2 2 2 2 2 2 2 2 2 2 2 2 2 2 2 2 2 2 2 2 2 2 2 2 2 2 2 2 2
left_child=15 2 -2 5 10 18 7 12 9 -9 11 25 -7 -14 -15 17 -17 29 20 -20 21 22 23 26 -21 -5 -3 -19 -29 -1
right_child=1 3 -4 4 -6 6 -8 8 -10 -11 -12 -13 13 14 -16 16 -18 27 19 24 -22 -23 -24 -25 -26 -27 -28 28 -30 -31
leaf_value=-2.1710523777848764e-05 0.00044324923192302131 0 0 0 0.00029506262819772216 0 0 0.00032946480256477263 2.8447700581171998e-05 0 0.00017857006711235755 0 7.6536428367021868e-06 1.9302116805874883e-06 0.00025239646971139711 -8.855442944522587e-06 0.00034012644357202455 -7.8754848900604903e-06 0 0 -2.0024302318149078e-05 -6.8538147868905598e-06 0 0 0.0001197531060216565 0.00010321384378563026 0.0001054788328459505 0 8.3091565171724072e-05 0
leaf_weight=8806 55 67 53 61 82 901 1106 82 220 54 71 409 411 127 84 524 51 1497 274 56 1040 1252 152 87 57 163 109 357 66 192
leaf_count=8806 55 67 53 61 82 901 1106 82 220 54 71 409 411 127 84 524 51 1497 274 56 1040 1252 152 87 57 163 109 357 66 192
internal_value=-1.29515e-07 2.4992e-05 0.000237716 2.08831e-05 8.25049e-05 1.20809e-05 2.80086e-05 4.5963e-05 0.000120026 0.000230382 5.02712e-05 2.77352e-05 2.53025e-05 5.59455e-05 0.000125947 -1.5807e-05 1.39539e-05 -1.78335e-05 -1.67418e-06 2.23578e-05 -6.96324e-06 0 2.54247e-05 4.97291e-05 7.09251e-05 8.15317e-05 7.64759e-05 -3.33896e-07 1.4519e-05 -2.10115e-05
internal_weight=18466 6973 108 6865 786 6079 2985 1879 356 136 704 633 1523 622 211 11493 575 10918 3094 387 2707 1667 415 263 113 224 176 1920 423 8998
internal_count=18466 6973 108 6865 786 6079 2985 1879 356 136 704 633 1523 622 211 11493 575 10918 3094 387 2707 1667 415 263 113 224 176 1920 423 8998
is_linear=0
shrinkage=0.05


Tree=6
num_leaves=31
num_cat=0
split_feature=92 91 93 116 43 18 142 108 81 85 137 140 69 2 53 141 11 92 7 19 114 50 19 25 85 84 29 73 120 18
split_gain=0.00265471 0.00173287 0.00174188 0.00118676 0.00129721 0.000546771 0.000686263 0.00112505 0.00046608 0.000600353 0.000977399 0.000379232 0.000262288 0.00025488 0.00215287 0.000198101 0.0001951 0.000180826 0.000176432 0.000150023 0.00028784 0.000140529 0.0001485 0.000111066 9.92421e-05 8.99282e-05 0.000173821 0.000152439 0.00014929 0.000166943
threshold=7.5500000000000016 14.15 263.93658840000006 292.27092905000006 0.37550000000000006 0.0029499999999999999 732.58631640545491 290.38081890000007 47.95000000000001 272.27077710000009 1.7550000000000001 54.655000000000008 292.8366727500001 0.0059917800000000012 268.50000000000006 31.995000000000001 0.0026079879722222228 2.5500000000000012 0.0051500000000000009 -0.0033928571428571393 38.050000000000004 1000.9500000000002 -0.0029928571428571409 18.500000000000004 278.1608668500001 9.9500000000000046 31.150000000000002 33.050000000000004 270.69937390000007 2.916666666666667e-05
decision_type=2 2 2 2 2 2 2 2 2 2 2 2 2 2 2 2 2 2 2 2 2 2 2 2 2 2 2 2 10 2
left_child=13 2 -2 5 11 25 8 -8 16 -10 -11 15 -9 17 -15 -5 -7 -1 -17 -20 -21 -18 -23 -24 -25 -3 27 28 29 -27
right_child=1 3 -4 4 -6 6 7 12 9 10 -12 -13 -14 14 -16 18 21 -19 19 20 -22 22 23 24 -26 26 -28 -29 -30 -31
leaf_value=-1.994922615153516e-05 0.00042148252721485092 -1.2364791251285498e-05 0 8.8487352598190315e-06 0.00028048724287781443 -4.529846292159631e-06 1.8658869707905977e-05 0.00031919613999847435 0 5.5013397728443631e-06 0.00024978613636279253 0 1.1060972311987332e-05 -8.4135144446225322e-06 0.00032344715132449686 0 0 -1.6977481141975668e-07 0 0.00020352867839568438 0 0 0 8.8226731764187431e-05 0 0 -1.232288575053276e-05 0 0 8.0845667616505145e-05
leaf_weight=8998 55 1478 53 222 82 1430 303 64 128 162 90 217 51 524 51 53 328 1920 50 110 52 228 177 225 60 55 557 401 107 235
leaf_count=8998 55 1478 53 222 82 1430 303 64 128 162 90 217 51 524 51 53 328 1920 50 110 52 228 177 225 60 55 557 401 107 235
internal_value=0 2.40968e-05 0.000226533 2.01514e-05 7.90934e-05 1.16962e-05 2.58896e-05 8.82941e-05 1.48704e-05 6.75465e-05 0.000113151 4.81788e-05 0.000226922 -1.50032e-05 1.2851e-05 7.27747e-05 4.62764e-06 -1.69291e-05 0.000107296 0.000128249 0.000154254 2.23899e-05 3.53227e-05 5.16133e-05 7.26874e-05 -2.80546e-06 3.93572e-06 2.15432e-05 4.34654e-05 6.2181e-05
internal_weight=18466 6973 108 6865 786 6079 3246 418 2828 380 252 704 115 11493 575 487 2448 10918 265 212 162 1018 690 462 285 2833 1355 798 397 290
internal_count=18466 6973 108 6865 786 6079 3246 418 2828 380 252 704 115 11493 575 487 2448 10918 265 212 162 1018 690 462 285 2833 1355 798 397 290
is_linear=0
shrinkage=0.05


Tree=7
num_leaves=31
num_cat=0
split_feature=92 133 116 43 137 99 134 18 124 140 105 88 116 104 22 53 25 116 138 137 119 141 133 13 30 82 7 19 114 94
split_gain=0.00243566 0.00147308 0.00113609 0.0011163 0.000611537 0.00133796 0.00142585 0.000441984 0.00035418 0.000328928 0.00031225 0.000273232 0.000435003 0.000309597 0.000243312 0.00201113 0.000199268 0.000277666 0.000313625 0.000626663 0.000180207 0.00017651 0.000165469 0.000131457 0.000249013 0.000131133 0.000129906 0.000126415 0.000259888 0.000103264
threshold=7.5500000000000016 88.200000000000003 292.27092905000006 0.37650000000000006 1.0000000180025095e-35 -0.19999999999987492 4.2550000000000017 0.063537500000000011 0.60355339059327384 54.655000000000008 19.500000000000004 41.300000000000004 272.66280820000003 0.45000000000000007 1.0000000180025095e-35 271.50000000000006 26.500000000000004 288.31559525000006 4.955000000000001 1.7550000000000001 12.350000000000003 31.995000000000001 86.075000000000017 0.0029473370347222225 -1.4871428571428555 19.558000000000003 0.0051500000000000009 -0.0026999999999999997 38.050000000000004 8.5000000000000018
decision_type=2 2 2 2 2 2 2 2 2 2 2 2 2 2 2 2 2 2 2 2 10 2 2 2 2 2 2 2 2 2
left_child=14 2 4 9 5 -2 -7 11 10 21 -9 25 -13 -14 15 -1 17 18 19 -15 22 -4 -16 -22 -25 -6 -23 -28 -29 -27
right_child=1 -3 3 -5 7 6 -8 8 -10 -11 -12 12 13 16 20 -17 -18 -19 -20 -21 23 26 -24 24 -26 29 27 28 -30 -31
leaf_value=-7.9173454481712253e-06 0 0.00022842637570187897 8.4082823717011859e-06 0.00026937173158835827 -1.895223981183792e-05 0 0.0004123800976148627 0.00020280821727687405 0 0 0 -2.3688118651963666e-06 0 1.1614304252946434e-05 -2.0292227567289721e-05 0.00031332375100016815 0 0 3.3390096895474592e-05 0.00030963361758994492 -4.929661097988098e-06 0 2.302340056010676e-06 0 0.00012691347140245948 1.3849491259796083e-05 0 0.00019811157808465588 0 -3.4150287937963779e-06
leaf_weight=476 260 90 222 80 931 74 52 71 64 204 52 492 149 83 8996 51 104 63 232 60 1360 54 462 92 56 1249 56 105 52 2174
leaf_count=476 260 90 222 80 931 74 52 71 64 204 52 492 149 83 8996 51 104 63 232 60 1360 54 462 92 56 1249 56 105 52 2174
internal_value=0 2.31807e-05 1.97379e-05 7.7997e-05 1.15375e-05 7.37254e-05 0.000207125 6.45833e-06 8.30076e-05 4.83437e-05 0.000132617 2.95567e-06 2.46181e-05 5.10342e-05 -1.42735e-05 1.42353e-05 6.88808e-05 8.3686e-05 0.000100115 0.000172661 -1.61007e-05 7.06281e-05 -1.86598e-05 0 4.45384e-05 -1.78629e-06 0.00010348 0.000122179 0.00014906 1.42645e-06
internal_weight=18466 6973 6883 773 6110 386 126 5724 187 693 123 5537 1183 691 11493 527 542 438 375 143 10966 489 9458 1508 148 4354 267 213 157 3423
internal_count=18466 6973 6883 773 6110 386 126 5724 187 693 123 5537 1183 691 11493 527 542 438 375 143 10966 489 9458 1508 148 4354 267 213 157 3423
is_linear=0
shrinkage=0.05


Tree=8
num_leaves=31
num_cat=0
split_feature=92 91 19 116 120 138 101 18 142 108 119 81 116 137 131 131 119 11 122 49 19 13 30 99 49 122 137 112 50 21
split_gain=0.00223344 0.00149899 0.00149883 0.00101089 0.000893515 0.00101972 0.00149675 0.000481443 0.000595423 0.00101637 0.000703429 0.000392868 0.000496436 0.000736264 0.000223774 0.00179306 0.000214215 0.000170769 0.000152853 0.000216106 0.000139232 0.000110355 0.000226142 8.2672e-05 0.000172836 0.000142945 0.000125586 8.39505e-05 8.26361e-05 8.12852e-05
threshold=7.5500000000000016 14.15 -9.8571428571428538e-05 292.27092905000006 271.71266420000006 4.4150000000000009 5.6245157999999842 0.0029499999999999999 732.58631640545491 290.38081890000007 7.2500000000000009 47.95000000000001 272.27401990000004 1.7550000000000001 33.205449859187688 32.789184554052362 12.350000000000003 0.0026079879722222228 9.5000000000000018 972.35000000000002 -0.0023628571428571427 0.0029473370347222225 -1.4871428571428555 -2.6499999999999768 981.45000000000016 10.500000000000002 0.64500000000000013 289.75923445000006 1009.1500000000002 0.4513888888888889
decision_type=2 2 2 2 10 2 2 2 2 2 10 2 2 2 2 2 10 2 2 2 2 2 2 2 2 2 2 2 2 2
left_child=14 2 -2 7 5 6 -5 23 11 28 -11 17 -13 -14 15 29 -16 -9 -19 -20 -21 -18 -23 24 -3 26 -26 -28 -10 -1
right_child=1 3 -4 4 -6 -7 -8 8 9 10 -12 12 13 -15 16 -17 21 18 19 20 -22 22 -24 -25 25 -27 27 -29 -30 -31
leaf_value=6.6994132610882476e-06 0.00041052919254391731 -4.035906612595374e-07 0 5.6560179684765894e-05 0 4.5111339940692995e-05 0.00048128320195817153 -4.3396477016236696e-06 4.8816580343150741e-05 0.00032977246099555769 0 0 4.367854645080313e-06 0.00021995839316022809 -1.9040828833376861e-05 0.00027485370953538718 -2.9012413837416266e-06 0 0 0 0.00011175843360098396 0 0.0001206791261309965 -9.9766495132327425e-06 0 0 0.00016285397242623447 0 0 -1.6333040852978865e-05
leaf_weight=318 50 659 58 95 343 298 50 1430 116 64 51 124 163 93 8789 58 1321 468 313 101 136 92 56 1903 53 106 50 62 187 859
leaf_count=318 50 659 58 95 343 298 50 1430 116 64 51 124 163 93 8789 58 1321 468 313 101 136 92 56 1903 53 106 50 62 187 859
internal_value=0 2.23277e-05 0.0002109 1.86026e-05 7.3087e-05 0.000120413 0.000239556 1.07247e-05 2.40667e-05 8.23503e-05 0.000213956 1.36585e-05 6.20993e-05 0.000102694 -1.35389e-05 3.48468e-06 -1.6076e-05 4.07512e-06 2.07949e-05 3.86425e-05 7.56774e-05 0 4.21535e-05 -2.8012e-06 6.50586e-06 4.16299e-05 7.06574e-05 0.000100561 1.5414e-05 -5.86528e-06
internal_weight=18466 6973 108 6865 786 443 145 6079 3246 418 115 2828 380 256 11493 1235 10258 2448 1018 550 237 1469 148 2833 930 271 165 112 303 1177
internal_count=18466 6973 108 6865 786 443 145 6079 3246 418 115 2828 380 256 11493 1235 10258 2448 1018 550 237 1469 148 2833 930 271 165 112 303 1177
is_linear=0
shrinkage=0.05


Tree=9
num_leaves=31
num_cat=0
split_feature=92 91 93 116 120 138 49 3 49 131 93 50 28 50 131 131 118 28 81 14 30 11 82 25 132 116 44 10 112 6
split_gain=0.00205298 0.00136068 0.00134908 0.000933408 0.000814145 0.000922316 0.00101088 0.000451352 0.000467536 0.000555947 0.00102185 0.000725699 0.00103748 0.000233513 0.000204747 0.00161998 0.00018437 0.00017347 0.000420666 0.000148702 0.000345548 0.00010843 9.37476e-05 9.25161e-05 0.00013386 0.000139527 0.000181608 0.000179103 0.000221148 0.000216667
threshold=7.5500000000000016 14.15 263.93658840000006 292.27092905000006 271.71266420000006 4.4150000000000009 991.55000000000007 0.0083071670000000025 963.35000000000002 86.769874021242742 267.55786455000003 999.95000000000016 21.750000000000004 1013.5500000000001 33.205449859187688 32.789184554052362 20.050000000000004 31.850000000000005 41.95000000000001 0.034794985500000007 -1.0785714285714285 0.0023335512291666671 20.350000000000005 15.500000000000002 2.5000000000000004 286.57372755000006 1257.5000000000002 4.2250000000000005 284.03939325000005 0.00037361111111111118
decision_type=2 2 2 2 10 2 2 2 2 2 2 2 2 2 2 2 10 2 2 2 2 2 2 2 2 2 2 2 2 2
left_child=14 2 -2 7 5 6 -5 22 -9 10 11 -10 -13 17 15 -1 -16 18 -14 -18 -21 -11 -3 24 25 26 27 28 -24 -30
right_child=1 3 -4 4 -6 -7 -8 8 9 21 -12 12 13 -15 16 -17 19 -19 -20 20 -22 -23 23 -25 -26 -27 -28 -29 29 -31
leaf_value=-5.3602030320203262e-06 0.00037315331167909403 -1.8826709285300705e-05 0 4.7666923045736356e-05 0 4.2863316435602086e-05 0.0004120112285590179 -1.1161302165835273e-06 0 0 0 0.00034679439471801748 3.9559816832479516e-06 0 -1.8542702723668711e-05 0.00026134395495380704 -6.5173818462548045e-06 0 0.00029376112834702682 0 0.00014810551013792032 2.4359563697981066e-05 0 -1.0137109526661603e-05 0 0 0 0 0 0.00016272628613877945
leaf_weight=1177 55 672 53 87 343 298 58 878 131 549 421 72 71 115 8301 58 1719 84 51 186 52 613 87 788 1080 111 110 89 51 106
leaf_count=1177 55 672 53 87 343 298 58 878 131 549 421 72 71 115 8301 58 1719 84 51 186 52 613 87 788 1080 111 110 89 51 106
internal_value=0 2.15446e-05 0.000201484 1.79567e-05 7.03627e-05 0.000115584 0.000229475 1.03479e-05 2.43598e-05 3.73432e-05 6.69183e-05 0.000113732 0.000147785 8.66809e-05 -1.28412e-05 3.32118e-06 -1.52746e-05 0.000120449 0.000167158 0 3.53522e-05 8.95514e-06 -1.55849e-06 1.17493e-06 9.69116e-06 2.9659e-05 4.34188e-05 6.21724e-05 8.42447e-05 0.000120434
internal_weight=18466 6973 108 6865 786 443 145 6079 2985 2107 945 524 393 321 11493 1235 10258 206 122 1957 238 1162 3094 2422 1634 554 443 333 244 157
internal_count=18466 6973 108 6865 786 443 145 6079 2985 2107 945 524 393 321 11493 1235 10258 206 122 1957 238 1162 3094 2422 1634 554 443 333 244 157
is_linear=0
shrinkage=0.05


Tree=10
num_leaves=31
num_cat=0
split_feature=92 133 18 101 128 128 29 81 90 93 36 2 2 83 93 141 92 92 19 75 139 98 105 36 88 98 117 14 12 155
split_gain=0.00223936 0.00227244 0.00163257 0.00120357 0.000568052 0.000611785 0.000774405 0.00127099 0.000876713 0.00119114 0.0017837 0.000326809 0.00294641 0.000249462 0.000329593 0.000293326 0.000236529 0.000192129 0.000156383 0.000237154 0.000145047 0.000128052 0.000187571 0.000135349 0.000120937 7.29015e-05 7.05908e-05 6.06759e-05 5.34088e-05 6.21368e-05
threshold=7.5500000000000016 88.200000000000003 0.063537500000000011 -0.7757155000000181 9.5299570603198287 8.922191521710662 30.450000000000003 46.550000000000004 21.660204081632656 271.80547575000008 280.79381265000001 0.0059917800000000012 0.0060912370000000002 18.850000000000005 266.04057990000007 33.775000000000013 12.350000000000003 2.5500000000000012 -0.0011528571428571428 20.050000000000004 85.299518965764761 1.8999999999999992 18.500000000000004 270.50927790000009 33.162500000000016 5.3000000000000034 1.4500000000000002 0.062282603999999998 0.041226119500000005 0.69000000000000006
decision_type=2 2 2 2 2 2 2 2 2 2 2 2 2 2 2 2 2 2 2 2 2 2 2 2 2 2 2 2 2 2
left_child=11 2 4 -4 5 -2 7 8 9 10 -7 17 -13 28 -15 -16 -5 27 -17 24 -19 -8 23 -23 -20 -10 -26 -1 29 -6
right_child=1 -3 3 16 13 6 21 -9 25 -11 -12 12 -14 14 15 18 -18 20 19 -21 -22 22 -24 -25 26 -27 -28 -29 -30 -31
leaf_value=-1.7456231070934902e-05 0 0.00026903812387904654 0 0.00034812954559839299 -1.8674808790450091e-05 0.00048623056465123022 0 0.00034167352484458253 0 0 2.5334569329872067e-05 0.00038329528277524969 -4.343739759200338e-06 -3.6454284671868308e-06 2.1586740918816659e-06 0 5.5807641087225281e-05 -2.4619738625318267e-06 0 0 5.9603229205866667e-05 0 0 0.00011813684361080706 0.00010586354918151028 4.7682917262586533e-05 0 0 0 0
leaf_weight=8733 909 96 102 72 1266 50 402 58 313 59 82 51 516 1024 817 178 64 1800 69 100 98 84 94 85 313 96 52 195 231 399
leaf_count=8733 909 96 102 72 1266 50 402 58 313 59 82 51 516 1024 817 178 64 1800 69 100 98 84 94 85 313 96 52 195 231 399
internal_value=1.92982e-06 2.43831e-05 2.02276e-05 0.000150999 1.47989e-05 3.56482e-05 5.74321e-05 9.7233e-05 6.4755e-05 0.000156018 0.000239854 -1.14574e-05 2.23339e-05 3.2098e-06 1.42209e-05 2.94488e-05 0.000248474 -1.36909e-05 5.37039e-05 6.76346e-05 0 1.04559e-05 3.858e-05 7.12027e-05 8.36001e-05 9.66402e-06 9.55649e-05 -1.67653e-05 -8.98075e-06 -1.31142e-05
internal_weight=18408 7015 6919 238 6681 2232 1323 658 600 191 132 11393 567 4449 2553 1529 136 10826 712 534 1898 665 263 169 434 409 365 8928 1896 1665
internal_count=18408 7015 6919 238 6681 2232 1323 658 600 191 132 11393 567 4449 2553 1529 136 10826 712 534 1898 665 263 169 434 409 365 8928 1896 1665
is_linear=0
shrinkage=0.05


Tree=11
num_leaves=31
num_cat=0
split_feature=92 133 18 101 15 138 42 44 83 2 2 94 31 88 34 75 104 100 133 123 92 92 88 139 21 116 101 11 75 83
split_gain=0.00206116 0.0020419 0.00150039 0.00109447 0.000625336 0.000830047 0.000682017 0.000996983 0.000339562 0.000290988 0.00266861 0.000267616 0.000478473 0.000221234 0.000307306 0.000252762 0.000188267 0.000327187 0.000237641 0.000334317 0.000173105 0.000166955 0.000158593 0.000131041 0.00012521 7.50344e-05 6.3811e-05 5.68612e-05 5.15826e-05 0.000171826
threshold=7.5500000000000016 88.200000000000003 0.063537500000000011 -0.7757155000000181 0.0020156250000000005 3.7550000000000003 0.95500000000000007 397.50000000000006 35.20000000000001 0.0059917800000000012 0.0060912370000000002 2.5000000000000004 21.650000000000002 29.262500000000003 -0.55802392037630721 14.750000000000002 0.35000000000000009 2.9500000000000459 23.815000000000001 0.60355339059327384 2.5500000000000012 12.350000000000003 49.962500000000006 85.299518965764761 0.35416666666666669 272.66280820000003 3.7988850999999788 0.01171224859027778 19.750000000000004 19.450000000000003
decision_type=2 2 2 2 2 2 2 2 2 2 2 2 2 2 2 2 2 2 2 2 2 2 2 2 2 2 2 2 2 2
left_child=9 2 4 -4 8 6 7 -6 13 20 -11 12 -7 -2 25 16 -16 18 -18 24 27 -5 -10 -22 -20 -15 -27 -1 29 -28
right_child=1 -3 3 21 5 11 -8 -9 22 10 -12 -13 -14 14 15 -17 17 -19 19 -21 23 -23 -24 -25 -26 26 28 -29 -30 -31
leaf_value=-1.6495109582713201e-05 -1.5968403149320924e-05 0.00025572489009232177 0 0.0003309615068348948 0 0 0 0.00029109617435917209 0 0.00036449904938658272 -4.1269729540747392e-06 6.8626344897959336e-07 0.00017675659345020125 -7.5189053590069048e-06 0 0 0 0 5.0400485321074253e-06 0 -2.3389436006592825e-06 5.3060187945797783e-05 0.00016099501018255037 5.6653173878198638e-05 0.00014280950366725646 0 0 0 0 7.4247977208622516e-05
leaf_weight=8830 977 96 102 72 67 54 71 101 50 51 516 730 69 1684 431 521 183 136 106 67 1800 64 53 98 235 584 194 98 222 146
leaf_count=8830 977 96 102 72 67 54 71 101 50 51 516 730 69 1684 431 521 183 136 106 67 1800 64 53 98 235 584 194 98 222 146
internal_value=1.95947e-06 2.35078e-05 1.95268e-05 0.000145008 1.42874e-05 4.96343e-05 0.000136102 0.000190774 6.47911e-06 -1.08705e-05 2.08104e-05 1.94215e-05 8.93895e-05 3.82797e-06 9.22865e-06 2.61904e-05 3.92364e-05 5.56548e-05 7.20467e-05 9.46879e-05 -1.29934e-05 0.000238023 9.82131e-05 0 0.000114744 0 8.97183e-06 -1.59117e-05 2.11505e-05 3.34177e-05
internal_weight=18408 7015 6919 238 6681 1092 239 168 5589 11393 567 853 123 5486 4509 1679 1158 727 591 408 10826 136 103 1898 341 2830 1146 8928 562 340
internal_count=18408 7015 6919 238 6681 1092 239 168 5589 11393 567 853 123 5486 4509 1679 1158 727 591 408 10826 136 103 1898 341 2830 1146 8928 562 340
is_linear=0
shrinkage=0.05


Tree=12
num_leaves=31
num_cat=0
split_feature=92 133 18 101 15 43 55 12 141 72 78 88 73 141 133 13 117 93 45 2 2 92 139 49 116 82 138 132 44 91
split_gain=0.00189636 0.0018344 0.00138033 0.000995485 0.000574745 0.000816799 0.000862453 0.000315241 0.000369207 0.000290482 0.000558159 0.00027395 0.000462415 0.00036068 0.000559747 0.000269711 0.000305181 0.000416995 0.000560829 0.000258841 0.0024171 0.000155858 0.000118386 0.000114631 9.89187e-05 0.0001201 0.000119641 0.000217552 0.000171441 5.42443e-05
threshold=7.5500000000000016 88.200000000000003 0.063537500000000011 -0.7757155000000181 0.0020156250000000005 0.42350000000000004 8.5257790000000302 0.024241363500000005 32.475000000000001 21.625000000000004 4.5000000000000009 30.787500000000005 25.250000000000004 33.720000000000006 58.910000000000004 0.0010634272638888891 1.3500000000000003 270.80618515000003 54.500000000000007 0.0059917800000000012 0.0060912370000000002 2.5500000000000012 85.299518965764761 978.05000000000007 272.66280820000003 28.882000000000005 4.7700000000000005 4.5000000000000009 647.50000000000011 26.250000000000004
decision_type=2 2 2 2 2 2 2 2 2 2 2 2 2 2 2 2 2 2 2 2 2 2 2 2 2 2 2 2 2 2
left_child=19 2 4 -4 11 7 -7 8 9 -6 -11 -2 13 -13 15 16 17 18 -15 21 -21 29 -23 -5 -14 -26 27 28 -27 -1
right_child=1 -3 3 23 5 6 -8 -9 -10 10 -12 12 24 14 -16 -17 -18 -19 -20 20 -22 22 -24 -25 25 26 -28 -29 -30 -31
leaf_value=-1.5892895808988874e-05 -1.2175728457667601e-05 0.00024307046964861811 0 3.2295683321487889e-05 0 0 0.00031855363195556834 0 0 0.00022073983309500394 0 0 -3.8078876101457678e-06 0 0 0 0 0 0.00024057117184037187 0.00034662458188204956 -3.9210234091841661e-06 -2.222061535154499e-06 5.3849126895209962e-05 0.00030132092585574114 0 0.00017437047999642268 3.5021354198408773e-06 0 0 0
leaf_weight=8592 1276 96 102 56 98 56 58 545 190 92 53 514 1886 66 180 81 53 68 138 51 516 1800 98 80 615 58 520 78 56 336
leaf_count=8592 1276 96 102 56 98 56 58 545 190 92 53 514 1886 66 180 81 53 68 138 51 516 1800 98 80 615 58 520 78 56 336
internal_value=1.9833e-06 2.26592e-05 1.88438e-05 0.000139312 1.37838e-05 4.77085e-05 0.000182518 2.67169e-05 5.85325e-05 9.93818e-05 0.000146562 6.25367e-06 1.28666e-05 4.11207e-05 6.86124e-05 0.000101133 0.000121809 0.000143223 0.000180007 -1.03095e-05 1.93615e-05 -1.23269e-05 0 0.000228086 1.62804e-06 1.3116e-05 2.72309e-05 6.52383e-05 0.000108959 -1.50961e-05
internal_weight=18408 7015 6919 238 6681 1092 114 978 433 243 145 5589 4313 1100 586 406 325 272 204 11393 567 10826 1898 136 3213 1327 712 192 114 8928
internal_count=18408 7015 6919 238 6681 1092 114 978 433 243 145 5589 4313 1100 586 406 325 272 204 11393 567 10826 1898 136 3213 1327 712 192 114 8928
is_linear=0
shrinkage=0.05


Tree=13
num_leaves=31
num_cat=0
split_feature=92 14 43 18 105 91 123 50 81 29 36 114 33 131 131 50 96 117 49 9 42 8 14 9 85 67 3 82 83 14
split_gain=0.00174919 0.00180645 0.00213934 0.000623715 0.000529901 0.000511191 0.000295416 0.000318591 0.000331941 0.000406938 0.000854308 0.00137058 0.00196775 0.000236346 0.00222349 0.000189635 0.0001612 0.000155791 0.000142752 0.000167463 0.000200874 0.000232912 0.000214585 0.00010187 0.000129409 0.000134202 8.67978e-05 0.000152954 0.000137277 8.40946e-05
threshold=7.5500000000000016 0.061309237500000009 0.33650000000000008 0.063537500000000011 20.500000000000004 13.850000000000003 0.78656609248549325 999.95000000000016 32.750000000000007 24.050000000000004 273.00928620000008 33.250000000000007 0.90246140951949128 33.205449859187688 32.789184554052362 1009.9500000000002 37.087500000000013 0.15000000000000005 989.85000000000002 0.17805555555555555 1.0550000000000004 0.0074562719086241564 0.0076330660000000009 0.7438194444444447 277.78050810000008 15.450000000000001 0.096214196500000015 28.594000000000005 18.150000000000002 0.030105008500000002
decision_type=2 2 2 2 2 2 2 2 2 2 2 2 2 2 2 2 2 2 2 2 2 2 2 2 2 2 2 2 2 2
left_child=13 3 -3 5 -5 -2 7 -7 15 10 11 12 -10 14 -1 -9 -15 18 19 -11 21 22 -21 -23 25 -25 -18 28 -28 -30
right_child=1 2 -4 4 -6 6 -8 8 9 17 -12 -13 -14 16 -16 -17 26 -19 -20 20 -22 23 -24 24 -26 -27 27 -29 29 -31
leaf_value=-1.2707278896864283e-06 0.00016350210768830979 0 0.00033663099804580272 0.00016838572766118888 0 -3.6120757250412361e-06 -7.5614182201223892e-06 6.1031339607176723e-05 0 0 8.3195544802789754e-06 0 0.00046473067897867651 -1.5263813256079043e-05 0.0003296266427227798 -1.163925896482908e-05 -4.7954559892884414e-06 0 0 0 0 0 0.00015669795664224526 7.2209948347785188e-05 0 0 0 0 0 0.00014050686849562531
leaf_weight=1167 60 105 99 127 72 1093 1334 97 55 426 316 71 61 8547 51 804 1195 944 357 107 188 96 142 256 130 75 133 165 79 56
leaf_count=1167 60 105 99 127 72 1093 1334 97 55 426 316 71 61 8547 51 804 1195 944 357 107 188 96 142 256 130 75 133 165 79 56
internal_value=2.0082e-06 2.18721e-05 0.000170847 1.66516e-05 0.000107344 1.31502e-05 1.09856e-05 1.66858e-05 2.32755e-05 3.08289e-05 7.62562e-05 0.000163808 0.000269077 -9.78458e-06 8.7419e-06 0 -1.24943e-05 2.05694e-05 2.94414e-05 3.65473e-05 4.82529e-05 5.91019e-05 0.000109083 2.76423e-05 3.83942e-05 5.50072e-05 0 2.08953e-05 4.61078e-05 8.20271e-05
internal_weight=18408 7015 204 6811 199 6612 6552 5218 4125 3224 503 187 116 11393 1218 901 10175 2721 1777 1420 994 806 249 557 461 331 1628 433 268 135
internal_count=18408 7015 204 6811 199 6612 6552 5218 4125 3224 503 187 116 11393 1218 901 10175 2721 1777 1420 994 806 249 557 461 331 1628 433 268 135
is_linear=0
shrinkage=0.05


Tree=14
num_leaves=31
num_cat=0
split_feature=133 50 92 18 101 15 43 55 12 141 83 32 64 124 22 34 116 120 77 88 100 133 51 96 24 124 116 137 135 7
split_gain=0.00164813 0.00469484 0.00129996 0.000951939 0.000860635 0.000472793 0.000679096 0.000721662 0.000293595 0.000330738 0.000278501 0.000276969 0.000353166 0.000241948 0.00251503 0.000236638 0.00019363 0.000227484 0.000158335 0.000133682 0.000175797 0.000249122 0.000462102 0.000127283 0.000112926 0.000104813 7.52971e-05 0.000101729 7.67444e-05 8.73816e-05
threshold=88.200000000000003 1011.35 6.7500000000000018 0.063537500000000011 -0.7757155000000181 0.0020156250000000005 0.42350000000000004 8.5257790000000302 0.024241363500000005 32.475000000000001 35.20000000000001 6.4500000000000011 115.55 -0.9159756150367534 1.0000000180025095e-35 -0.34231299700446932 294.40263695000004 270.37390955000006 279.74850840000005 29.262500000000003 -1.149999999999977 78.655000000000015 68.500000000000014 37.087500000000013 50.300000000000004 -0.12940952255126037 271.48609745000005 1.4400000000000002 38.63000000000001 0.0032500000000000003
decision_type=2 2 2 2 2 2 2 2 2 2 2 2 2 2 2 2 2 10 2 2 2 2 2 2 2 2 2 2 2 2
left_child=2 -2 13 5 -5 10 8 -8 9 11 16 -7 -13 14 -1 -6 19 -18 -12 -4 26 24 -23 -15 -22 -26 -21 -28 29 -29
right_child=1 -3 3 4 15 6 7 -9 -10 -11 18 12 -14 23 -16 -17 17 -19 -20 20 21 22 -24 -25 25 -27 27 28 -30 -31
leaf_value=0.00032781578383361137 0.00052407542465516611 0 -1.5460478506063523e-05 0 4.9881663671840214e-05 0 0 0.00029104590327255737 0 0 0 0.00016669865536729974 0 -1.568483340869322e-05 -3.6057463931436467e-06 0.00030549857662533344 0.00013320479973954783 8.4899583647665315e-07 0.00015034766702346706 -8.1654219657447814e-06 -3.9811476841328474e-06 0 0.00016774735088757756 0 0 6.3910026939837151e-05 0 0 0 6.8661224227359023e-05
leaf_weight=58 57 138 982 118 85 66 56 58 580 193 50 133 51 8283 1290 62 62 275 53 1619 409 93 81 1363 164 133 1365 92 282 157
leaf_count=58 57 138 982 118 85 66 56 58 580 193 50 133 51 8283 1290 62 62 275 53 1619 409 93 81 1363 164 133 1365 92 282 157
internal_value=1.99254e-06 0.000146261 1.65443e-07 1.69158e-05 0.000112232 1.2549e-05 4.27867e-05 0.000166645 2.39523e-05 5.45553e-05 5.77292e-06 9.2515e-05 0.000123917 -1.03791e-05 7.18022e-06 0.000192812 3.38148e-06 4.03143e-05 8.90549e-05 1.29962e-07 4.75355e-06 2.47307e-05 8.11403e-05 -1.33518e-05 3.66078e-06 3.09411e-05 0 6.50334e-06 2.50771e-05 4.58875e-05
internal_weight=18408 195 18213 7219 265 6954 1137 114 1023 443 5817 250 184 10994 1348 147 5714 337 103 5377 4395 880 174 9646 706 297 3515 1896 531 249
internal_count=18408 195 18213 7219 265 6954 1137 114 1023 443 5817 250 184 10994 1348 147 5714 337 103 5377 4395 880 174 9646 706 297 3515 1896 531 249
is_linear=0
shrinkage=0.05


Tree=15
num_leaves=31
num_cat=0
split_feature=92 91 116 11 36 138 138 88 137 32 133 108 114 2 53 112 141 114 39 17 99 28 122 121 3 115 104 61 11 61
split_gain=0.00142843 0.00122568 0.000876448 0.00110042 0.000525584 0.00098433 0.000427028 0.000283464 0.000665276 0.000702141 0.000391474 0.000784402 0.00074277 0.000248833 0.00239501 0.000123066 0.000247252 0.000115254 8.96383e-05 8.77239e-05 8.55004e-05 8.77803e-05 0.000184731 7.92832e-05 7.95347e-05 6.8107e-05 6.54085e-05 6.21187e-05 5.74734e-05 5.65802e-05
threshold=7.5500000000000016 13.750000000000002 291.64099915000003 0.0041825439652777791 271.02795935000006 4.4350000000000014 5.54 47.32500000000001 0.98000000000000009 12.450000000000001 78.655000000000015 289.75923445000006 23.250000000000004 0.0059917800000000012 222.50000000000003 273.34628075000006 25.060000000000006 33.050000000000004 0.10500000000000002 0.027600000000000003 -0.85000000000002263 8.6500000000000021 3.5000000000000004 1.0000000180025095e-35 0.045528959500000007 20.550000000000004 3.350000000000001 117.10000000000001 0.0062478009513888891 1302.2000000000003
decision_type=2 2 2 2 2 2 2 2 2 2 2 2 2 2 2 2 2 2 2 2 2 2 2 10 2 2 2 2 2 2
left_child=13 -2 7 4 -4 -6 -5 10 -9 -10 19 15 -13 17 -15 16 -12 18 28 20 21 22 -3 -21 -25 27 -19 -26 -1 -29
right_child=1 2 3 6 5 -7 -8 8 9 -11 11 12 -14 14 -16 -17 -18 26 -20 23 -22 -23 -24 24 25 -27 -28 29 -30 -31
leaf_value=-1.4572779765809258e-05 0.00026349413305255175 0.00010345040719152703 0 0.00035465085012415957 0.00022904406280898211 0 7.3024117934763515e-06 0 0.00028388677637055732 0 0.00013179999114964751 0.00024923728205459385 7.0454820804437012e-06 -1.1639600373345358e-05 0.00027561394173298377 -3.3391256718158587e-06 0 0 0 0 -1.6806767716028907e-05 -4.5575420753511996e-06 0 0 0 0 5.9611000515538833e-05 6.2930463837179747e-05 0 0
leaf_weight=9235 53 60 557 50 92 180 52 155 54 72 52 79 135 494 80 458 52 521 760 1466 1044 1369 334 240 54 55 50 252 303 80
leaf_count=9235 53 60 557 50 92 180 52 155 54 72 52 79 135 494 80 458 52 521 760 1466 1044 1369 334 240 54 55 50 252 303 80
internal_value=1.55146e-06 1.9579e-05 1.69589e-05 6.30326e-05 3.64725e-05 9.41137e-05 0.000227905 8.98191e-06 5.99646e-05 0.00014519 5.59924e-06 3.8611e-05 0.000120452 -9.03242e-06 2.01098e-05 0 5.36786e-05 -1.10331e-05 -1.24393e-05 0 -5.38502e-06 0 2.19893e-05 8.01193e-06 2.21991e-05 3.47885e-05 5.56366e-06 4.26873e-05 -1.38043e-05 5.08336e-05
internal_weight=18438 6995 6942 931 829 272 102 6011 281 126 5730 776 214 11443 574 562 104 10869 10298 4954 2807 1763 394 2147 681 441 571 386 9538 332
internal_count=18438 6995 6942 931 829 272 102 6011 281 126 5730 776 214 11443 574 562 104 10869 10298 4954 2807 1763 394 2147 681 441 571 386 9538 332
is_linear=0
shrinkage=0.05


Tree=16
num_leaves=31
num_cat=0
split_feature=92 91 116 11 36 138 138 83 15 133 108 114 2 128 115 12 63 61 134 111 77 82 93 99 103 131 14 116 93 86
split_gain=0.00131512 0.00110096 0.000817876 0.00100543 0.000478091 0.000873748 0.000343461 0.000302491 0.000570173 0.000318708 0.000754568 0.000653062 0.000220195 0.00259457 0.000106458 0.000106342 0.000101131 9.02673e-05 0.00010533 0.000105431 8.55061e-05 0.000184834 8.51006e-05 7.42698e-05 7.27394e-05 7.03774e-05 0.000114933 0.000146529 0.000152446 6.5929e-05
threshold=7.5500000000000016 13.750000000000002 291.64099915000003 0.0041825439652777791 271.02795935000006 4.4350000000000014 5.54 33.550000000000004 0.00015729166666666669 78.655000000000015 289.75923445000006 22.350000000000005 0.0059917800000000012 9.0640421076593753 14.750000000000002 0.016342531000000004 12.412300000000002 117.10000000000001 6.7950000000000008 20.450000000000003 273.34103455000007 24.950000000000003 263.13510275000004 -0.85000000000002263 1215.0500000000002 252.82482637764227 0.046876099500000004 286.14753550000006 265.44356995000004 4.5000000000000009
decision_type=2 2 2 2 2 2 2 2 2 2 2 2 2 2 2 2 2 2 2 2 2 2 2 2 2 2 2 2 2 2
left_child=12 -2 7 4 -4 -6 -5 9 -9 15 20 -12 14 -14 22 23 17 -17 -19 25 21 -11 -1 -3 29 26 27 28 -20 -16
right_child=1 2 3 6 5 -7 -8 8 -10 10 11 -13 13 -15 24 16 -18 18 19 -21 -22 -23 -24 -25 -26 -27 -28 -29 -30 -31
leaf_value=0 0.00025056340436869373 0 0 0.00033726600489685291 0.00021771499557656575 0 6.9441825737913072e-06 0.00019080551607019979 0 0.00011035525451205269 0.00026367396976809235 1.9670986161097396e-05 0.00035818813852249437 -5.4916285965361583e-06 0 0 -1.1306306756201054e-06 0 0 0 -3.5902118902161248e-06 0 -1.3595969693217915e-05 -1.5682387452045907e-05 -3.0086310891941856e-06 0 0 0 9.8059985830041126e-05 4.4921413352388598e-05
leaf_weight=704 53 1793 557 50 92 180 52 66 113 54 63 151 51 523 168 208 642 297 106 194 468 63 8984 1068 846 232 116 128 249 167
leaf_count=704 53 1793 557 50 92 180 52 66 113 54 63 151 51 523 168 208 642 297 106 194 468 63 8984 1068 846 232 116 128 249 167
internal_value=1.61268e-06 1.89163e-05 1.63917e-05 6.09305e-05 3.52031e-05 9.02543e-05 0.000219113 8.65278e-06 7.50488e-05 5.74519e-06 3.51652e-05 0.000115652 -8.52866e-06 1.86925e-05 -1.04278e-05 7.5397e-08 9.31751e-06 1.69653e-05 2.24421e-05 3.01013e-05 0 4.19564e-05 -1.22254e-05 -5.19476e-06 8.63329e-08 3.78704e-05 4.77698e-05 5.85023e-05 7.53796e-05 2.27689e-05
internal_weight=18438 6995 6942 931 829 272 102 6011 179 5832 799 214 11443 574 10869 5033 2172 1530 1322 1025 585 117 9688 2861 1181 831 599 483 355 335
internal_count=18438 6995 6942 931 829 272 102 6011 179 5832 799 214 11443 574 10869 5033 2172 1530 1322 1025 585 117 9688 2861 1181 831 599 483 355 335
is_linear=0
shrinkage=0.05


Tree=17
num_leaves=31
num_cat=0
split_feature=160 14 43 128 161 100 86 88 2 128 83 41 88 116 160 49 41 32 137 19 134 114 107 39 115 23 93 61 19 11
split_gain=0.00120152 0.000938837 0.00120545 0.000384031 0.000551853 0.00170912 0.00168876 0.000464808 0.000194994 0.00234974 0.000192562 0.000286175 0.000158616 0.000280806 0.000259144 0.00028624 0.000524187 0.000214351 0.000148293 0.000224999 0.000157551 9.63842e-05 8.67306e-05 7.99673e-05 7.03527e-05 6.85746e-05 6.36756e-05 6.2803e-05 6.04615e-05 5.17475e-05
threshold=0.15345368916797494 0.061309237500000009 0.33650000000000008 9.5299570603198287 0.11224489795918369 -0.89999999999992031 1.5000000000000002 49.112500000000011 0.0059917800000000012 9.0640421076593753 18.050000000000004 43.500000000000007 34.987500000000004 274.79908545000006 0.38163265306122457 988.95000000000016 42.500000000000007 12.050000000000002 0.16000000000000003 -0.0015185714285714284 16.450000000000006 33.45000000000001 17.850000000000005 0.10500000000000002 12.550000000000002 19.240972222222226 269.16966980000001 182.50000000000003 1.0000000180025095e-35 0.0062478009513888891
decision_type=2 2 2 2 2 2 2 2 2 2 2 2 2 2 2 2 2 2 2 2 2 2 2 2 2 2 2 2 2 2
left_child=8 3 -3 4 5 -2 -7 12 21 -10 -5 18 -6 -14 15 16 -15 -18 -12 -20 22 23 24 29 -21 28 -23 -28 -13 -1
right_child=1 2 -4 10 7 6 -8 -9 9 -11 11 25 13 14 -16 -17 17 -19 19 20 -22 26 -24 -25 -26 -27 27 -29 -30 -31
leaf_value=-1.3208730633033036e-05 8.7688800611596625e-07 0 0.00025492439358805718 -8.265560361081763e-06 -5.3086865560994099e-06 0 0.00042877862387935502 0.00013076979708785076 0.0003406231657404883 -5.2175711627607584e-06 0 4.2331790950912464e-05 0 0 0 0 0.00019750310398371489 0 0 0 0 0 0 0 0.00011643311368579903 -3.3626705493868539e-07 0 5.0092940150810163e-05 0 0
leaf_weight=9242 274 105 96 1513 700 56 62 91 51 523 246 179 526 68 171 167 112 57 219 68 59 297 53 759 213 1927 120 131 50 303
leaf_count=9242 274 105 96 1513 700 56 62 91 51 523 246 179 526 68 171 167 112 57 219 68 59 297 53 759 213 1927 120 131 50 303
internal_value=1.634e-06 1.81488e-05 0.000127622 1.41659e-05 3.13026e-05 8.86442e-05 0.000248706 1.67403e-05 -8.06409e-06 1.73537e-05 4.41066e-06 1.2433e-05 8.1346e-06 2.12159e-05 4.56063e-05 6.75113e-05 0.000103743 0.000150918 3.70839e-05 5.03178e-05 7.32588e-05 -9.8707e-06 8.65322e-05 -1.11596e-05 9.83056e-05 2.92267e-07 5.2326e-06 2.62936e-05 2.72989e-05 -1.24652e-05
internal_weight=18438 7012 201 6811 2284 392 118 1892 11426 574 4527 3014 1801 1101 575 404 237 169 858 612 393 10852 334 10304 281 2156 548 251 229 9545
internal_count=18438 7012 201 6811 2284 392 118 1892 11426 574 4527 3014 1801 1101 575 404 237 169 858 612 393 10852 334 10304 281 2156 548 251 229 9545
is_linear=0
shrinkage=0.05


Tree=18
num_leaves=31
num_cat=0
split_feature=92 91 18 122 50 116 43 88 116 128 43 82 124 22 69 115 142 114 75 93 50 104 82 22 50 55 85 39 103 134
split_gain=0.00110698 0.000912878 0.000741504 0.000596299 0.000652398 0.00051931 0.00121494 0.000283554 0.000459009 0.000580301 0.000478516 0.000697155 0.000182607 0.00195233 0.000178301 0.000415377 0.000568094 0.000115944 9.97186e-05 9.52729e-05 7.87258e-05 7.61997e-05 0.000113784 0.000121616 0.000110227 0.000109729 0.000186914 7.43519e-05 7.15878e-05 6.33192e-05
threshold=7.5500000000000016 13.750000000000002 0.063537500000000011 5.5000000000000009 1008.35 294.05965725000004 0.37650000000000006 41.300000000000004 272.66280820000003 9.3670449298201355 0.33350000000000007 28.318000000000005 -0.9159756150367534 1.0000000180025095e-35 288.41775050000007 9.2500000000000018 732.58631640545491 33.850000000000001 8.4500000000000011 269.21975915000002 1021.6500000000002 2.5500000000000012 26.242000000000001 3.5000000000000004 999.1500000000002 1.0000000180025095e-35 273.77285595000006 0.31500000000000006 1001.5000000000001 9.9300000000000015
decision_type=2 2 2 2 2 2 2 2 2 2 2 2 2 2 2 2 2 2 2 2 2 2 2 2 2 2 2 2 2 2
left_child=12 -2 5 -4 -5 7 18 14 -9 10 -10 -12 13 -1 21 16 -16 27 -7 -19 -20 -3 23 -23 -25 -26 -27 -14 -21 -30
right_child=1 2 3 4 -6 6 -8 8 9 -11 11 -13 17 -15 15 -17 -18 19 20 28 -22 22 -24 24 25 26 -28 -29 29 -31
leaf_value=0.00027811970867787751 0.00022916507501375034 -9.2044394637668079e-06 0 0 0.000231909888641654 0 0.00028900891691528003 -1.3965083677530418e-06 0 1.3240072243682697e-05 0 0.00026000464537202409 -1.2619965029202771e-05 -1.9125341641558373e-06 0 1.0765921502135915e-06 0.00019456840398100517 0 7.8217231770577204e-05 0 0 0 -3.0780497129582305e-06 0 0 0.00012088505738574896 0 3.2936873772621971e-06 9.8671147733555347e-05 0
leaf_weight=63 53 2745 50 63 105 180 56 503 98 576 52 94 9325 1341 84 1008 74 261 99 52 132 107 582 122 52 110 50 271 62 68
leaf_count=63 53 2745 50 63 105 180 56 503 98 576 52 94 9325 1341 84 1008 74 261 99 52 132 107 582 122 52 110 50 271 62 68
internal_value=1.63412e-06 1.75233e-05 1.51546e-05 0.000108522 0.000155185 1.13683e-05 6.35375e-05 6.66611e-06 2.7302e-05 5.09764e-05 0.000119233 0.000178416 -7.64259e-06 7.2833e-06 1.15247e-07 1.80867e-05 9.44707e-05 -1.02286e-05 2.00535e-05 9.24125e-06 4.22931e-05 -4.12268e-06 4.62598e-06 2.60894e-05 4.24929e-05 6.42931e-05 8.46909e-05 -1.16493e-05 3.88426e-05 5.89391e-05
internal_weight=18438 6995 6942 218 168 6724 467 6257 1323 820 244 146 11443 1404 4934 1166 158 10039 411 443 231 3768 1023 441 334 212 160 9596 182 130
internal_count=18438 6995 6942 218 168 6724 467 6257 1323 820 244 146 11443 1404 4934 1166 158 10039 411 443 231 3768 1023 441 334 212 160 9596 182 130
is_linear=0
shrinkage=0.05


Tree=19
num_leaves=31
num_cat=0
split_feature=92 91 116 92 16 33 141 83 44 133 108 115 31 137 53 100 89 84 93 12 105 123 63 112 3 84 123 43 23 14
split_gain=0.00101408 0.000820201 0.000682609 0.000781677 0.00116692 0.00159852 0.000256548 0.000244482 0.000565244 0.000242114 0.000658394 0.000600215 0.00020963 0.000167705 0.00116893 0.00321948 0.000127392 9.09848e-05 9.04869e-05 8.65524e-05 9.96588e-05 0.000101862 0.000100986 7.52392e-05 7.27585e-05 0.000113555 0.000152624 9.77894e-05 7.00629e-05 9.27509e-05
threshold=7.5500000000000016 13.750000000000002 291.64099915000003 12.250000000000002 2.5000000000000004 0.97664547261766554 35.180000000000007 33.550000000000004 397.50000000000006 78.655000000000015 289.75923445000006 9.2500000000000018 9.8500000000000032 0.055000000000000007 222.50000000000003 4.1999999999999895 39.150000000000013 1.0500000000000005 270.59943785000002 0.016342531000000004 21.500000000000004 0.60355339059327384 12.412300000000002 273.34628075000006 0.096214196500000015 1.4500000000000006 0.12940952255126045 0.33650000000000008 22.261805555555558 0.046876099500000004
decision_type=2 2 2 2 2 2 2 2 2 2 2 2 2 2 2 2 2 2 2 2 2 2 2 2 2 2 2 2 2 2
left_child=13 -2 7 4 6 -6 -4 9 -9 19 23 -12 -8 14 17 -16 -15 -1 -14 -3 21 22 28 -11 -18 26 27 -26 -21 -30
right_child=1 2 3 -5 5 -7 12 8 -10 10 11 -13 18 16 15 -17 24 -19 -20 20 -22 -23 -24 -25 25 -27 -28 -29 29 -31
leaf_value=-1.3941275687293936e-05 0.0002179190101930915 -5.0333658313611903e-06 0 0 0 0.00046546487373822919 0 0.00020688066103293049 0 4.066079002915926e-05 0.00020108353489376899 0 0.00016143632091267208 -1.2695553212581515e-05 0 0.00045476838193761351 -3.6445949576583797e-06 1.2504963563443715e-05 0 0 -1.3855569353779858e-06 0 0 -5.4850694320041863e-06 0 0 0 0.00012959806237972771 5.0500503085562095e-05 0
leaf_weight=1272 53 2861 173 462 51 50 62 51 128 104 95 119 78 7972 142 52 1271 254 55 109 738 573 133 481 70 166 181 63 511 108
leaf_count=1272 53 2861 173 462 51 50 62 51 128 104 95 119 78 7972 142 52 1271 254 55 109 738 573 133 481 70 166 181 63 511 108
internal_value=1.64009e-06 1.6855e-05 1.45686e-05 5.52886e-05 0.000101091 0.000262963 4.25224e-05 7.42202e-06 6.71842e-05 4.71936e-06 3.0315e-05 0.000105239 8.17094e-05 -7.2244e-06 5.38804e-06 0.000122212 -9.97006e-06 -6.25965e-06 0.000116947 0 8.13691e-06 1.65195e-05 2.7381e-05 0 0 1.85212e-05 3.77497e-05 7.87234e-05 3.51114e-05 4.1618e-05
internal_weight=18438 6995 6942 931 469 101 368 6011 179 5832 799 214 195 11443 1720 194 9723 1526 133 5033 2172 1434 861 585 1751 480 314 133 728 619
internal_count=18438 6995 6942 931 469 101 368 6011 179 5832 799 214 195 11443 1720 194 9723 1526 133 5033 2172 1434 861 585 1751 480 314 133 728 619
is_linear=0
shrinkage=0.05


Tree=20
num_leaves=31
num_cat=0
split_feature=92 14 43 91 101 44 131 83 15 11 50 134 61 114 10 49 73 32 131 123 103 124 22 19 19 83 83 75 119 136
split_gain=0.00128964 0.00129806 0.00160951 0.0005247 0.000602821 0.00142447 0.00362134 0.000397718 0.00128311 0.000166063 0.00020392 0.000204329 0.000138462 0.000108025 0.000105629 0.00012799 0.000244941 0.000224194 0.000346346 0.000104707 0.000185998 9.71433e-05 0.000620279 7.34095e-05 7.16125e-05 5.92543e-05 5.50499e-05 8.91264e-05 5.38577e-05 4.74592e-05
threshold=8.0500000000000025 0.061309237500000009 0.33650000000000008 13.850000000000003 6.4677377000000158 717.50000000000011 49.891498158895921 33.550000000000004 0.00015729166666666669 0.0009141944375000001 1023.35 7.3550000000000013 90.050000000000011 31.550000000000004 7.9050000000000011 988.55000000000007 34.350000000000001 8.1500000000000004 57.393956617268707 -0.78656609248549292 1054.9500000000005 -0.9159756150367534 1.0000000180025095e-35 -0.0035285714285714265 -0.00011571428571428566 19.650000000000002 17.850000000000005 20.450000000000003 6.5500000000000007 0.39500000000000007
decision_type=2 2 2 2 2 2 2 2 2 2 2 2 2 2 2 2 2 2 2 2 2 2 2 2 2 2 2 2 10 2
left_child=13 3 -3 -2 7 6 -6 9 -9 25 14 -12 -13 21 15 16 17 -11 -19 20 -15 22 -1 -14 -7 28 -26 -28 -5 -27
right_child=1 2 -4 4 5 24 -8 8 -10 10 11 12 23 19 -16 -17 -18 18 -20 -21 -22 -23 -24 -25 26 29 27 -29 -30 -31
leaf_value=0.00017390537743802484 0.00017943453629551135 0 0.00028734521101190087 0 0.0005354293379367357 0 3.7004770277124116e-06 0.00029191587581818551 0 0 0 0 0 0.00012149115741731992 -6.9156708652682136e-07 0 0 0.00020643785749393097 0 0 0 -1.0947771248444197e-05 -2.6139647617032676e-06 0.00010775173759900166 0 1.5284448581578693e-05 6.350543667967603e-05 0 -1.6771931812120996e-05 -2.8399675616774153e-06
leaf_weight=50 52 101 101 537 51 425 138 50 121 111 135 60 53 51 1494 109 176 61 89 555 145 9647 1253 163 70 487 161 95 1237 626
leaf_count=50 52 101 101 537 51 425 138 50 121 111 135 60 53 51 1494 109 176 61 89 555 145 9647 1253 163 70 487 161 95 1237 626
internal_value=2.06385e-06 1.97615e-05 0.000147192 1.5011e-05 1.28824e-05 5.05952e-05 0.000175562 5.53199e-06 8.13474e-05 2.152e-06 1.23503e-05 4.57836e-05 7.04404e-05 -7.64794e-06 3.14558e-06 2.27679e-05 3.71202e-05 6.81231e-05 0.000108462 7.36262e-06 3.91879e-05 -9.13458e-06 4.53422e-07 8.90448e-05 1.23051e-05 -4.77613e-06 2.99283e-05 4.09289e-05 -1.09699e-05 6.08753e-07
internal_weight=18404 6703 202 6501 6449 940 189 5509 171 5338 2451 411 276 11701 2040 546 437 261 150 751 196 10950 1303 216 751 2887 326 256 1774 1113
internal_count=18404 6703 202 6501 6449 940 189 5509 171 5338 2451 411 276 11701 2040 546 437 261 150 751 196 10950 1303 216 751 2887 326 256 1774 1113
is_linear=0
shrinkage=0.05


Tree=21
num_leaves=31
num_cat=0
split_feature=92 14 43 101 33 91 83 15 56 119 12 47 50 112 110 33 133 114 137 53 90 93 82 134 93 82 29 140 77 82
split_gain=0.00118117 0.00116796 0.00145092 0.000480349 0.00119791 0.000544956 0.00035648 0.00116311 0.000192947 0.000315659 0.000143503 0.000212917 0.000258247 0.000192128 0.000175656 0.000261052 0.000116607 9.85592e-05 9.24793e-05 0.00049344 0.00140304 8.5853e-05 0.000166382 8.22064e-05 6.08658e-05 5.08005e-05 5.13456e-05 8.61237e-05 9.58437e-05 0.000104274
threshold=8.0500000000000025 0.061309237500000009 0.33650000000000008 6.4677377000000158 0.90246140951949128 13.850000000000003 33.550000000000004 0.00015729166666666669 6.6384713000000213 8.5500000000000025 0.014493592000000001 98.500000000000014 1000.2500000000001 281.17397270000004 15.550000000000002 0.97304317280449271 60.625000000000007 31.550000000000004 0.055000000000000007 222.50000000000003 12.583503401360545 269.00969015000004 21.490000000000006 9.9300000000000015 263.13510275000004 20.350000000000005 31.150000000000002 35.305000000000007 278.52094990000006 27.126000000000001
decision_type=2 2 2 2 2 2 2 2 2 10 2 2 2 2 2 2 2 2 2 2 2 2 2 2 2 2 2 2 2 2
left_child=17 3 -3 5 8 -2 10 -8 9 -5 25 -12 -13 14 -14 -16 -11 18 19 24 -21 -19 -23 -24 -1 -7 27 -27 -29 -30
right_child=1 2 -4 4 -6 6 7 -9 -10 16 11 12 13 -15 15 -17 -18 21 -20 20 -22 22 23 -25 -26 26 -28 28 29 -31
leaf_value=6.0944660627733595e-06 0.00017063208385239569 0 0.00027311880531402389 0.00018079849389680163 0.00025065476660480226 -1.5530966266215318e-05 0.00027760626573581254 0 0 4.32327488965067e-05 0 0 0 0 0.00012975365619901619 0 0 0 -1.068443906669683e-05 0 0.0003023320083429652 0 8.0389465766428565e-05 0 -1.3046259724177088e-05 0 -7.6456408058365863e-06 0 5.1817616200631518e-05 0
leaf_weight=198 52 101 101 50 73 731 50 121 362 246 1580 271 108 121 182 96 209 379 9247 138 50 170 134 68 1317 476 1162 187 288 136
leaf_count=198 52 101 101 50 73 731 50 121 362 246 1580 271 108 121 182 96 209 379 9247 138 50 170 134 68 1317 476 1162 187 288 136
internal_value=2.03388e-06 1.89782e-05 0.000140044 1.44265e-05 4.85739e-05 7.74773e-06 5.27212e-06 7.71044e-05 2.55295e-05 4.55118e-05 2.0205e-06 1.18452e-05 3.32895e-05 5.45002e-05 7.16945e-05 9.32942e-05 1.93163e-05 -7.24631e-06 -8.67712e-06 0 7.81412e-05 6.95065e-06 2.59388e-05 5.73176e-05 -7.24418e-06 -4.07763e-06 0 7.44958e-06 2.12243e-05 3.48205e-05
internal_weight=18404 6703 202 6501 940 5561 5509 171 867 505 5338 2358 778 507 386 278 455 11701 10950 1703 188 751 372 202 1515 2980 2249 1087 611 424
internal_count=18404 6703 202 6501 940 5561 5509 171 867 505 5338 2358 778 507 386 278 455 11701 10950 1703 188 751 372 202 1515 2980 2249 1087 611 424
is_linear=0
shrinkage=0.05


Tree=22
num_leaves=31
num_cat=0
split_feature=92 14 15 123 92 85 0 128 85 16 96 103 103 21 93 137 114 2 91 21 156 93 63 81 161 137 41 29 128 113
split_gain=0.00107827 0.00105178 0.00121901 0.00141944 0.000446369 0.000954852 0.000305621 0.000399462 0.000303885 0.000143956 0.000224938 0.000124143 0.000204686 0.00011731 0.000178309 0.000248278 9.55598e-05 0.000213256 0.00138525 9.28789e-05 0.000182738 5.59531e-05 5.51199e-05 0.000143278 8.89267e-05 5.09645e-05 0.00015332 4.94473e-05 4.60612e-05 3.72648e-05
threshold=8.0500000000000025 0.061309237500000009 0.011961458333333334 -0.37940952255126059 11.650000000000004 280.07059630000003 0.0073000000000000009 8.9143995871801973 285.48221155000005 1.2750000000000001 44.687500000000007 1646.5000000000002 1389.6500000000003 0.34027777777777785 267.21902820000008 0.13500000000000004 14.450000000000001 0.0059917800000000012 13.850000000000003 0.68750000000000011 0.34000000000000002 263.13510275000004 2.8954500000000003 38.850000000000001 0.47959183673469391 0.81000000000000016 41.500000000000007 29.350000000000005 10.100143380802356 0.15000000000000005
decision_type=2 2 2 2 2 2 2 2 2 2 2 2 2 2 2 2 2 2 2 2 2 2 2 2 2 2 2 2 2 2
left_child=16 4 3 -3 5 6 19 -8 9 25 13 12 -9 14 15 -11 21 22 -19 -2 -21 -1 23 -18 -25 27 28 -6 -27 -24
right_child=1 2 -4 -5 8 -7 7 11 -10 10 -12 -13 -14 -15 -16 -17 17 18 -20 20 -22 -23 29 24 -26 26 -28 -29 -30 -31
leaf_value=0 -2.4872021852017153e-06 0.00043855924936168488 0 9.5530211370174021e-06 0 0.00019398505844419562 0.00017834499993205099 6.704719700629527e-06 0.00012504985659015128 0.00011272857426373408 0.00010088539823871457 0 0.00012389742590447077 -3.8955043768755442e-07 0 0 -3.3572972105357757e-06 0.0002769681486043898 0 0 0.00011257229729650404 -1.2648053256785122e-05 -9.5474262442449325e-06 7.7873461119452251e-05 0 7.6898095603531867e-05 0 -1.2557004115307738e-05 0 0
leaf_weight=572 763 52 77 73 481 99 69 323 53 111 85 200 78 711 327 136 928 50 242 102 53 5791 3431 94 240 86 1202 1561 61 353
leaf_count=572 763 52 77 73 481 99 69 323 53 111 85 200 78 711 327 136 928 50 242 102 53 5791 3431 94 240 86 1202 1561 61 353
internal_value=1.98572e-06 1.8183e-05 0.000133249 0.000229766 1.38188e-05 3.64677e-05 2.33851e-05 4.93326e-05 4.8374e-06 2.42323e-06 1.65734e-05 2.59436e-05 4.21896e-05 7.03423e-06 2.49102e-05 5.68874e-05 -6.86652e-06 -8.60792e-07 3.91529e-05 0 3.81857e-05 -1.11182e-05 -4.17428e-06 2.1914e-06 3.24975e-05 -1.82275e-06 3.44326e-06 -7.74898e-06 5.19424e-05 -7.61831e-06
internal_weight=18404 6703 202 125 6501 1687 1588 670 4814 4761 1370 601 401 1285 574 247 11701 5338 292 918 155 6363 5046 1262 334 3391 1349 2042 147 3784
internal_count=18404 6703 202 125 6501 1687 1588 670 4814 4761 1370 601 401 1285 574 247 11701 5338 292 918 155 6363 5046 1262 334 3391 1349 2042 147 3784
is_linear=0
shrinkage=0.05


Tree=23
num_leaves=31
num_cat=0
split_feature=92 14 43 101 33 47 50 93 131 65 28 36 81 84 138 67 103 22 82 81 137 36 84 124 104 61 3 84 93 55
split_gain=0.000993566 0.000956629 0.00125512 0.000418989 0.00106168 0.000314503 0.000418022 0.000815556 0.00108733 0.00103369 0.000182498 0.000171019 0.000286549 0.000209829 0.000314418 0.000104857 9.34708e-05 0.000260287 0.00149855 9.11219e-05 0.000311208 0.000522237 9.65583e-05 0.000118782 7.48946e-05 7.79506e-05 6.63687e-05 9.38508e-05 7.31005e-05 7.08143e-05
threshold=8.0500000000000025 0.061309237500000009 0.33650000000000008 6.4677377000000158 0.90246140951949128 98.500000000000014 1000.2500000000001 266.96844585000002 65.446658712036339 25.350000000000005 28.650000000000002 279.78847130000003 39.95000000000001 8.0500000000000025 6.1450000000000005 9.9500000000000011 2721.9000000000001 1.0000000180025095e-35 15.818000000000003 45.45000000000001 1.7550000000000001 273.17947335000008 21.050000000000008 0.91597561503675351 0.35000000000000009 94.850000000000009 0.094158592000000013 0.15000000000000005 263.13510275000004 1.9634211000000337
decision_type=2 2 2 2 2 2 2 2 2 2 2 2 2 2 2 2 2 2 2 2 2 2 2 2 2 2 2 2 2 2
left_child=16 3 -3 5 11 19 -7 8 9 -8 -9 12 -5 14 -14 24 17 18 -1 22 -21 -22 -2 -24 -12 -26 28 29 -19 -28
right_child=1 2 -4 4 -6 6 7 10 -10 -11 15 -13 13 -15 -16 -17 -18 26 -20 20 21 -23 23 -25 25 -27 27 -29 -30 -31
leaf_value=0.0002903091814918227 -8.2009272161171262e-06 0 0.00025118867832455127 0 0.0002358288590415681 -2.0620695308608336e-06 0.00036546903889393434 0 2.1523919154211252e-06 0 0 0 0.00020886209386369607 0 0 0 -1.2183981798115726e-05 1.1120988202537027e-05 0 0 0.00016708872571963399 0 0 6.7099584213019096e-05 0 8.9591830799922757e-05 0 0 -8.5438188738138187e-06 4.8940075699429935e-05
leaf_weight=50 2923 101 101 275 73 542 69 459 163 50 52 362 66 98 66 76 4720 304 154 460 80 91 306 86 56 148 133 588 5569 183
leaf_count=50 2923 101 101 275 73 542 69 459 163 50 52 362 66 98 66 76 4720 304 154 460 80 91 306 86 56 148 133 588 5569 183
internal_value=1.99275e-06 1.75464e-05 0.000127461 1.33431e-05 4.5283e-05 7.03799e-06 2.56326e-05 4.42663e-05 0.000119598 0.000237443 1.09796e-05 2.32258e-05 4.2075e-05 8.35404e-05 0.00012675 4.07041e-05 -6.49073e-06 -1.92409e-06 5.18856e-05 0 1.67727e-05 7.45458e-05 -3.8834e-06 1.55271e-05 5.62742e-05 6.98815e-05 -4.28895e-06 5.6648e-06 -6.67299e-06 2.88403e-05
internal_weight=18404 6703 202 6501 940 5561 1615 1073 282 119 791 867 505 230 132 332 11701 6981 204 3946 631 171 3315 392 256 204 6777 904 5873 316
internal_count=18404 6703 202 6501 940 5561 1615 1073 282 119 791 867 505 230 132 332 11701 6981 204 3946 631 171 3315 392 256 204 6777 904 5873 316
is_linear=0
shrinkage=0.05


Tree=24
num_leaves=31
num_cat=0
split_feature=92 128 49 93 85 138 50 88 101 138 28 126 99 128 128 53 11 103 2 51 86 82 83 142 50 28 123 120 110 30
split_gain=0.000913197 0.000888513 0.0008967 0.00115178 0.00101352 0.00252077 0.00247223 0.000645958 0.00118496 0.00125634 0.00016552 0.000183306 0.000160882 0.000194951 0.000141871 0.000207862 0.000343385 8.43998e-05 0.000240801 0.00180715 8.00657e-05 0.000115185 0.000108885 9.26312e-05 7.70057e-05 0.000119832 6.21054e-05 0.000104248 0.000281467 0.000149123
threshold=8.0500000000000025 9.5299570603198287 962.95000000000016 263.93658840000006 280.07059630000003 4.8100000000000014 1016.4500000000002 42.112500000000004 2.2538195500000318 3.6750000000000003 37.900000000000013 39.500000000000007 -2.1999999999999882 9.986477217735418 9.0887940123027047 28.500000000000004 0.0021676356527777787 2721.9000000000001 0.0059917800000000012 308.50000000000006 2.5000000000000004 27.126000000000001 18.850000000000005 317.58550324999493 1019.9500000000002 24.550000000000004 -0.60355339059327362 276.48576205000006 23.150000000000002 -1.0785714285714285
decision_type=2 2 2 2 2 2 2 2 2 2 2 2 2 2 2 2 2 2 2 2 2 2 2 2 2 2 2 8 2 2
left_child=17 2 -2 -4 7 6 -6 14 9 -9 20 12 -12 -14 -5 -16 -17 18 26 -20 -3 22 -22 -24 25 -25 27 28 29 -1
right_child=1 10 3 4 5 -7 -8 8 -10 -11 11 -13 13 -15 15 16 -18 -19 19 -21 21 -23 23 24 -26 -27 -28 -29 -30 -31
leaf_value=2.2746482917267972e-06 -4.9249347078547942e-06 -1.3942498298176579e-05 0.00030207611484131904 0 0 0 0.00057458895382027288 0 0 0.00034740187592138388 0 0 0 9.4944953703297234e-05 0 0 0.00013263592397829731 -1.1574911961866866e-05 0 0.0003075443319226598 0 -4.1291054631241293e-06 0 9.2027260528508738e-05 0 0 -7.39265592602386e-06 -3.6323052661920547e-06 0 0.00014523634437373691
leaf_weight=157 567 971 55 771 51 123 53 86 137 73 142 349 64 197 227 77 102 4720 237 52 468 1561 278 149 106 96 5083 1042 348 62
leaf_count=157 567 971 55 771 51 123 53 86 137 73 142 349 64 197 227 77 102 4720 237 52 468 1561 278 149 106 96 5083 1042 348 62
internal_value=1.96284e-06 1.68808e-05 4.20447e-05 6.00611e-05 4.91188e-05 0.000153121 0.000333062 2.9606e-05 9.75745e-05 0.000190231 2.3959e-06 2.40913e-05 4.70753e-05 7.03726e-05 8.20007e-06 3.26506e-05 7.27836e-05 -6.15645e-06 -1.77565e-06 4.13168e-05 -7.27792e-07 2.22272e-06 1.58105e-05 2.94575e-05 4.70209e-05 6.2819e-05 -4.38958e-06 1.99056e-06 2.1115e-05 6.59513e-05
internal_weight=18404 6703 2322 1755 1700 227 104 1473 296 159 4381 752 403 261 1177 406 179 11701 6981 289 3629 2658 1097 629 351 245 6692 1609 567 219
internal_count=18404 6703 2322 1755 1700 227 104 1473 296 159 4381 752 403 261 1177 406 179 11701 6981 289 3629 2658 1097 629 351 245 6692 1609 567 219
is_linear=0
shrinkage=0.05


Tree=25
num_leaves=31
num_cat=0
split_feature=116 93 137 133 50 81 50 128 92 22 2 124 2 119 89 84 84 129 21 101 50 128 61 19 5 141 104 50 94 4
split_gain=0.00070323 0.000809211 0.00143281 0.000779189 0.00201491 0.000355503 0.000580072 0.000321987 0.000587782 0.00158616 0.000247913 0.000185871 0.00153775 0.00331594 0.00015527 0.000106385 7.49314e-05 8.73357e-05 0.000194972 5.50158e-05 4.51516e-05 4.23644e-05 4.10171e-05 4.07752e-05 3.68859e-05 2.743e-05 4.86551e-05 2.65979e-05 4.94153e-05 7.04052e-05
threshold=294.05965725000004 271.69997330000007 0.62000000000000011 87.815000000000012 1011.7500000000001 39.150000000000013 1010.35 9.3590620473672761 11.850000000000003 8.5000000000000018 0.00067201650000000017 -0.78656609248549325 0.0059917800000000012 9.0500000000000025 50.000000000000007 9.2500000000000018 4.2500000000000009 5.5000000000000009 0.39583333333333343 5.4078853499999875 1000.7500000000001 9.4793745449579916 770.20000000000016 -0.0099971428571428572 12.850000000000003 35.180000000000007 0.45000000000000007 1000.2500000000001 8.5000000000000018 1.0000000180025095e-35
decision_type=2 2 2 2 2 2 2 2 2 2 2 2 2 8 2 2 2 2 2 2 2 2 2 2 2 2 2 2 2 2
left_child=3 2 -2 5 -5 11 20 8 9 -8 25 12 16 -14 22 24 -1 -18 -19 -10 -7 -4 -12 -22 -13 -9 -27 -17 29 -29
right_child=1 -3 21 4 -6 6 7 10 19 -11 14 15 13 -15 -16 27 17 18 -20 -21 23 -23 -24 -25 -26 26 -28 28 -30 -31
leaf_value=-7.2782057524299723e-06 0.00028071682440104561 0 0 0.00028239359165242094 0 -1.0950025861881703e-05 0.00030218369513445507 -3.4745787614822045e-06 0 0 9.9486272904138282e-05 -1.2012309414541719e-05 0.00047951673444570269 0 0 -2.3913774282666559e-07 0 0.00010456941246805705 0 5.3743824247712316e-05 3.8160943808699292e-05 3.2238058263205687e-05 0 0 0 0 2.9628704493758887e-05 5.0811116115211059e-05 0 0
leaf_weight=2140 93 445 74 86 197 1185 85 630 234 97 139 8403 52 74 87 536 242 71 147 52 69 107 70 1058 1021 131 207 142 353 235
leaf_count=2140 93 445 74 86 197 1185 85 630 234 97 139 8403 52 74 87 536 242 71 147 52 69 107 70 1058 1021 131 207 142 353 235
internal_value=1.65539e-06 5.012e-05 0.00011804 -2.94698e-08 8.18069e-05 -1.64687e-06 1.09285e-05 3.31459e-05 7.20366e-05 0.000145754 1.47483e-05 -5.81068e-06 4.69173e-06 0.000175166 5.48931e-05 -8.95671e-06 -1.71157e-06 1.3299e-05 3.70039e-05 7.35974e-06 -3.56073e-06 5.89864e-06 7.81668e-05 0 -1.09032e-05 0 1.34095e-05 1.58372e-06 9.7606e-06 2.26066e-05
internal_weight=18462 719 274 17743 283 17460 4044 1732 468 182 1264 13416 2726 126 296 10690 2600 460 218 286 2312 181 209 1127 9424 968 338 1266 730 377
internal_count=18462 719 274 17743 283 17460 4044 1732 468 182 1264 13416 2726 126 296 10690 2600 460 218 286 2312 181 209 1127 9424 968 338 1266 730 377
is_linear=0
shrinkage=0.05


Tree=26
num_leaves=31
num_cat=0
split_feature=116 43 36 133 61 32 88 91 22 105 11 128 122 34 92 88 142 138 138 28 140 103 120 29 93 29 128 15 3 44
split_gain=0.000646014 0.000757663 0.00209062 0.000699188 0.00182981 0.00148901 0.000310264 0.000816046 0.00338522 0.000287353 0.000396018 0.000257773 0.000433733 0.000687101 0.000778222 0.000209939 0.000293088 0.000519631 0.000117936 0.00010259 9.68263e-05 0.000146365 0.000160049 0.000134517 0.000172858 0.000255597 7.75328e-05 7.5654e-05 6.41677e-05 4.60707e-05
threshold=294.05965725000004 0.37650000000000006 272.73479810000009 87.815000000000012 1420.9000000000003 9.5500000000000025 24.362500000000004 12.850000000000003 1.5000000000000002 22.500000000000004 0.0030176637500000008 9.5982079090713466 5.5000000000000009 -0.74722895400257872 12.150000000000004 41.300000000000004 167.49252060367738 4.785000000000001 7.9150000000000009 28.650000000000002 35.630000000000003 839.45000000000016 268.64180045000006 27.750000000000004 266.14211465000011 33.350000000000009 9.986477217735418 0.00096666666666666678 0.11590130850000001 677.50000000000011
decision_type=2 2 2 2 2 2 2 2 2 2 2 2 2 2 2 2 2 2 2 2 2 2 10 2 2 2 2 2 2 2
left_child=3 19 -3 6 -5 -6 -1 8 -8 10 15 12 -12 -14 -15 18 -17 -18 -9 -2 -20 -22 -23 -24 -25 -26 -13 -11 -28 -21
right_child=1 2 -4 4 5 -7 7 9 -10 27 11 26 13 14 -16 16 17 -19 20 29 21 22 23 24 25 -27 28 -29 -30 -31
leaf_value=-1.0696057570621692e-05 0 0.00040662671063378537 0 0 0 0.00044290020257261968 0.00043520605402980959 -7.947435236326858e-06 0 -1.2753632816796702e-05 0 0 0 0.00035909133302853809 3.9162846908073651e-07 0 0.00016202452501077171 8.3674974997867363e-06 -7.7712722404913195e-07 0 0 0 1.4649979300774047e-06 0 0.00016120475362842309 0 0 0 3.748792647891552e-05 5.3355303509882957e-05
leaf_weight=6203 365 51 54 178 55 50 55 3158 206 3289 87 183 93 51 66 641 96 340 604 54 224 271 263 56 96 64 57 1086 271 195
leaf_count=6203 365 51 54 178 55 50 55 3158 206 3289 87 183 93 51 66 641 96 340 604 54 224 271 263 56 96 64 57 1086 271 195
internal_value=1.62104e-06 4.80675e-05 0.000178341 0 7.75312e-05 0.000243436 -1.52902e-06 3.07872e-06 9.04525e-05 5.42115e-07 7.53142e-06 4.07161e-05 8.105e-05 0.00012007 0.000200839 2.05258e-06 2.23507e-05 5.39352e-05 -1.51158e-06 1.74056e-05 8.19861e-06 1.8888e-05 3.08285e-05 4.81722e-05 8.17323e-05 0.00010811 7.39543e-06 -8.892e-06 2.59667e-05 4.20853e-05
internal_weight=18462 719 105 17743 283 105 17460 11257 261 10996 6621 808 297 210 117 5813 1077 436 4736 614 1578 974 750 479 216 160 511 4375 328 249
internal_count=18462 719 105 17743 283 105 17460 11257 261 10996 6621 808 297 210 117 5813 1077 436 4736 614 1578 974 750 479 216 160 511 4375 328 249
is_linear=0
shrinkage=0.05


Tree=27
num_leaves=31
num_cat=0
split_feature=116 93 131 133 50 81 50 137 140 92 85 131 131 46 2 118 84 15 141 141 77 81 114 104 23 101 1 118 99 114
split_gain=0.000587879 0.000713058 0.0012873 0.00062948 0.00169139 0.000307066 0.000507383 0.000274857 0.000428966 0.000317849 0.000413008 0.000331868 0.000167745 0.000153142 0.000999779 0.00205551 0.000121814 0.000151726 0.000140978 0.000245003 0.000104658 8.18954e-05 0.000143351 6.16296e-05 5.47063e-05 5.95514e-05 5.42333e-05 6.50635e-05 6.73432e-05 8.57059e-05
threshold=294.05965725000004 271.69997330000007 50.065377879536889 87.815000000000012 1011.7500000000001 39.150000000000013 1010.35 0.56500000000000006 17.375000000000004 11.850000000000003 277.11279955000003 89.346838237909353 53.449377895595291 99.500000000000014 0.0059917800000000012 13.550000000000002 4.2500000000000009 0.00040104166666666668 30.955000000000002 25.640000000000004 289.55006175000005 41.95000000000001 34.650000000000013 5.3500000000000014 26.189583333333335 -2.4213899500000191 0.12850445900000004 22.550000000000004 -1.0000000180025095e-35 23.150000000000002
decision_type=2 2 2 2 2 2 2 2 2 2 2 2 2 2 2 8 2 2 2 2 2 2 2 2 2 2 2 10 2 2
left_child=3 2 -2 5 -5 13 -7 -8 12 10 11 -10 -9 20 16 -16 -15 -18 19 -19 26 -4 -23 24 25 -11 -1 -28 -29 -30
right_child=1 -3 21 4 -6 6 7 8 9 23 -12 -13 -14 14 15 -17 17 18 -20 -21 -22 22 -24 -25 -26 -27 27 28 29 -31
leaf_value=-1.0956065045130787e-05 0.00033372153404471062 0 0 0.00025749096950838213 0 -3.1472139544745605e-06 0 7.7785386852661357e-05 0.00033315099741033612 0 0 2.5140003794256326e-06 0 -7.9740663369262766e-06 0.0003769053862844077 0 0 0 0 0.00015844047736997407 1.5083543454829698e-05 0.00010620290335590162 0 0 0 6.846133351185513e-05 -5.7231441319335874e-06 0 0 7.8676688785123247e-05
leaf_weight=8770 56 445 59 86 197 2312 670 71 51 55 86 50 473 2264 53 66 438 55 193 59 296 64 95 56 63 157 961 68 111 82
leaf_count=8770 56 445 59 86 197 2312 670 71 51 55 86 50 473 2264 53 66 438 55 193 59 296 64 95 56 63 157 961 68 111 82
internal_value=1.60447e-06 4.59049e-05 0.000109542 0 7.36324e-05 -1.39395e-06 1.02739e-05 3.1066e-05 4.71148e-05 8.11263e-05 0.000144207 0.000220118 5.46503e-06 -5.28416e-06 3.31161e-06 0.000145268 -6.87751e-07 1.47334e-05 4.19203e-05 8.81548e-05 -8.38368e-06 2.78632e-05 4.83968e-05 3.01013e-05 4.05976e-05 5.27043e-05 -9.58065e-06 0 2.23734e-05 3.92919e-05
internal_weight=18462 719 274 17743 283 17460 4044 1732 1062 518 187 101 544 13416 3128 119 3009 745 307 114 10288 218 159 331 275 212 9992 1222 261 193
internal_count=18462 719 274 17743 283 17460 4044 1732 1062 518 187 101 544 13416 3128 119 3009 745 307 114 10288 218 159 331 275 212 9992 1222 261 193
is_linear=0
shrinkage=0.05


Tree=28
num_leaves=31
num_cat=0
split_feature=116 93 134 133 59 88 91 124 18 118 124 85 81 43 42 137 140 156 139 15 50 67 69 128 93 67 113 36 96 0
split_gain=0.00054162 0.000649645 0.00137958 0.000568943 0.00183784 0.000282011 0.000716109 0.0031075 0.000247196 0.000332124 0.000412843 0.00015081 0.000308316 0.000410081 0.000219691 0.000292038 0.000156739 0.00023287 0.000125089 9.47035e-05 0.000119991 0.000110761 0.000120944 7.14828e-05 0.00017548 0.00035437 5.78566e-05 5.27727e-05 5.19338e-05 4.10794e-05
threshold=294.05965725000004 271.69997330000007 6.8250000000000011 88.200000000000003 9.1672000000000029 24.362500000000004 12.850000000000003 -0.9159756150367534 0.063537500000000011 22.650000000000002 0.60355339059327384 271.69824025000008 39.850000000000001 0.35650000000000004 0.58500000000000008 0.56500000000000006 17.960000000000004 0.62000000000000011 85.299518965764761 0.0015010416666666668 1000.9500000000002 13.950000000000001 272.05241545000007 9.0494084161360799 267.53095850000005 12.750000000000002 0.15000000000000005 278.06679135000007 34.687500000000007 0.071450000000000014
decision_type=2 2 2 2 2 2 2 2 2 10 2 2 2 2 2 2 2 2 2 2 2 2 2 2 2 2 2 2 2 2
left_child=3 2 -2 5 -5 -1 7 -7 11 -10 -11 18 27 23 15 -15 -17 -18 26 -20 -21 22 -22 24 25 -14 -8 29 -29 -13
right_child=1 -3 -4 4 -6 6 8 -9 9 10 -12 12 13 14 -16 16 17 -19 19 20 21 -23 -24 -25 -26 -27 -28 28 -30 -31
leaf_value=-9.7755165375093938e-06 0.00032137741576720617 0 1.8338725784439201e-05 0 0.00032157788508654982 0.00042728821607251693 -1.0988833378608605e-05 0 0 0.00015856854950746339 0 -1.2099020478412483e-05 0.0001727706257724112 0 0 0 0.0001826941919172532 0 0 0 0 0 0.00013683751330311432 0 0 0 0 2.9302092993750431e-05 0 0
leaf_weight=6251 61 445 213 134 57 52 4400 219 303 98 52 1735 50 83 217 62 124 66 196 100 50 59 65 1162 169 77 1410 176 125 251
leaf_count=6251 61 445 213 134 57 52 4400 219 303 98 52 1735 50 83 217 62 124 66 196 100 50 59 65 1162 169 77 1410 176 125 251
internal_value=1.61979e-06 4.41351e-05 0.000104909 0 8.54921e-05 -1.04174e-06 3.34728e-06 8.37482e-05 9.11197e-07 3.71577e-05 9.82343e-05 -1.71885e-07 6.53312e-06 2.13027e-05 5.8905e-05 8.57048e-05 0.000112431 0.000137097 -5.55605e-06 1.59495e-05 3.60088e-05 6.12514e-05 8.97053e-05 3.60878e-06 2.58008e-05 7.0512e-05 -8.15863e-06 -4.26588e-06 8.5622e-06 -8.7298e-06
internal_weight=18462 719 274 17743 191 17552 11301 271 11030 453 150 10577 4297 2010 552 335 252 190 6280 470 274 174 115 1458 296 127 5810 2287 301 1986
internal_count=18462 719 274 17743 191 17552 11301 271 11030 453 150 10577 4297 2010 552 335 252 190 6280 470 274 174 115 1458 296 127 5810 2287 301 1986
is_linear=0
shrinkage=0.05


Tree=29
num_leaves=31
num_cat=0
split_feature=116 43 36 133 61 114 2 104 105 18 118 124 64 4 160 82 107 116 34 21 128 82 101 43 28 160 50 76 73 82
split_gain=0.000500524 0.000591463 0.00179237 0.000506165 0.00183054 0.000264966 0.000411324 0.00287726 0.000243902 0.000214847 0.000279196 0.000232683 0.000422148 0.000171823 0.000224616 0.000165581 0.000259833 0.000433409 0.000350186 0.000143339 0.000187918 0.000163919 0.000229012 0.00028909 0.000100025 9.87814e-05 4.5407e-05 9.10734e-05 9.93759e-05 4.36452e-05
threshold=294.05965725000004 0.37650000000000006 272.73479810000009 88.200000000000003 1420.9000000000003 14.450000000000001 0.0034061355000000004 20.050000000000008 20.500000000000004 0.063537500000000011 18.850000000000005 0.60355339059327384 390.49999999999994 0.0050513260000000009 0.22755102040816327 19.558000000000003 5.5500000000000007 280.44416370000005 -0.17630132711625743 0.3263888888888889 10.062775016241295 27.682000000000006 -4.6203346499999887 0.30250000000000005 28.650000000000002 0.18265306122448982 1000.2500000000001 3.6500000000000008 32.350000000000001 25.682000000000006
decision_type=2 2 2 2 2 2 2 2 2 2 10 2 2 2 2 2 2 2 2 2 2 2 2 2 2 2 2 2 2 2
left_child=3 24 -3 5 -5 -1 9 8 13 15 -11 12 25 14 -8 -7 17 18 -17 20 21 22 -18 -24 -2 -12 -21 -28 29 -29
right_child=1 2 -4 4 -6 6 7 -9 -10 10 11 -13 -14 -15 -16 16 19 -19 -20 26 -22 -23 23 -25 -26 -27 27 28 -30 -31
leaf_value=-9.3005287371971551e-06 0 0.00037037772804235554 0 -9.5082481648124923e-06 0.00026965521427791832 -1.088382757219692e-05 0 0.00037542312778988799 -1.1749836296180897e-05 0 0 0 0 0 9.9509659745600177e-05 0 0 0 0.00021602047621858568 -1.0500276269445739e-05 0 0 0 0.00013893718904910203 3.8830738775213835e-05 0.00019231481914782007 -2.4174724307917682e-06 8.6907205374639793e-05 0 0
leaf_weight=6335 365 51 54 112 79 3165 111 58 441 239 65 70 56 150 158 102 135 287 56 1594 590 208 90 127 249 83 3211 74 97 50
leaf_count=6335 365 51 54 112 79 3165 111 58 441 239 65 70 56 150 158 102 135 287 56 1594 590 208 90 127 249 83 3211 74 97 50
internal_value=1.6347e-06 4.25024e-05 0.000158186 0 8.07187e-05 -9.06869e-07 3.38829e-06 3.54834e-05 6.34058e-06 3.89007e-08 3.19508e-05 6.66799e-05 9.38191e-05 3.72683e-05 6.12495e-05 -1.12619e-06 2.78408e-06 3.96428e-05 0.000105938 0 1.60366e-05 3.69468e-05 5.77088e-05 8.95486e-05 1.43643e-05 0.000138539 -3.52152e-06 0 3.06765e-05 6.04881e-05
internal_weight=18462 719 105 17743 191 17552 11217 918 860 10299 513 274 204 419 269 9786 6621 445 158 6176 1150 560 352 217 614 148 5026 3432 221 124
internal_count=18462 719 105 17743 191 17552 11217 918 860 10299 513 274 204 419 269 9786 6621 445 158 6176 1150 560 352 217 614 148 5026 3432 221 124
is_linear=0
shrinkage=0.05


Tree=30
num_leaves=31
num_cat=0
split_feature=133 50 85 115 128 91 33 128 160 133 21 46 122 161 32 30 103 141 90 21 103 8 16 141 114 59 110 6 116 43
split_gain=0.000406069 0.00155366 0.000393874 0.000362648 0.000355449 0.00189179 0.000485508 0.000693972 0.000838038 0.00182462 0.000118439 0.000172414 0.000316491 0.000130908 0.000333936 0.000176857 0.000204366 0.000112043 0.000104642 0.00011988 5.18298e-05 5.63695e-05 6.10599e-05 5.79349e-05 7.82564e-05 6.62629e-05 6.47237e-05 3.94412e-05 3.90633e-05 2.42328e-05
threshold=88.200000000000003 1013.1500000000002 285.48221155000005 8.3500000000000032 9.5184498758180087 12.550000000000002 0.96954199855057521 8.9072738951889967 0.24183673469387759 20.835000000000004 0.35416666666666669 98.500000000000014 10.500000000000002 0.39795918367346944 11.350000000000003 -2.2099999999999995 1144.0500000000002 33.775000000000013 23.928571428571434 0.49305555555555564 1901.9000000000001 0.00093194242685287949 1.6950000000000001 39.25500000000001 24.650000000000002 13.414350000000001 15.550000000000002 0.004928472222222223 294.64831735000007 0.39450000000000007
decision_type=2 2 2 2 2 2 2 2 2 2 2 2 2 2 2 2 2 2 2 2 2 2 2 2 2 2 2 2 2 2
left_child=2 -2 3 29 5 -5 10 -8 9 -9 11 -7 -13 27 15 -15 -17 28 -19 20 21 -20 23 24 -23 26 -26 -12 -6 -1
right_child=1 -3 -4 4 17 6 7 8 -10 -11 13 12 -14 14 -16 16 -18 18 19 -21 -22 22 -24 -25 25 -27 -28 -29 -30 -31
leaf_value=-1.0554877250319493e-05 0.00031020356202669282 0 0.0001373466868184673 0.00028990611909046913 -7.8079470868412436e-06 0 0 0 0 0.00040879777948430281 -1.290212033950228e-05 0 0.00016348591865451078 0 0 0.00018289450586841363 0 0 0 0 0 0 0 0 0 0 8.702159530755727e-05 0 5.6841989741213981e-06 -1.021933333670984e-07
leaf_weight=6036 50 124 51 64 4015 374 106 77 85 59 1241 59 57 64 340 59 51 1580 126 585 62 108 113 71 76 50 234 542 179 1719
leaf_count=6036 50 124 51 64 4015 374 106 77 85 59 1241 59 57 64 340 59 51 1580 126 585 62 108 113 71 76 50 234 542 179 1719
internal_value=6.68711e-07 7.64715e-05 0 -4.5488e-07 5.36204e-06 1.93226e-05 1.20651e-05 7.06107e-05 0.000123213 0.000199733 3.37961e-06 2.58438e-05 8.05417e-05 0 2.06273e-05 7.76058e-05 0.000116097 -1.08238e-07 6.50507e-06 1.65123e-05 2.86125e-05 3.24063e-05 3.83225e-05 4.5372e-05 5.17599e-05 6.34234e-05 7.21242e-05 -7.78589e-06 -6.03899e-06 -8.88287e-06
internal_weight=18357 174 18183 18132 10377 3178 3114 327 221 136 2787 490 116 2297 514 174 110 7199 3005 1425 840 778 652 539 468 360 310 1783 4194 7755
internal_count=18357 174 18183 18132 10377 3178 3114 327 221 136 2787 490 116 2297 514 174 110 7199 3005 1425 840 778 652 539 468 360 310 1783 4194 7755
is_linear=0
shrinkage=0.05


Tree=31
num_leaves=31
num_cat=0
split_feature=114 14 123 129 91 75 101 44 83 116 94 59 21 126 67 104 123 73 13 101 21 119 59 43 103 44 14 136 131 80
split_gain=0.000364863 0.000420454 0.000656804 0.000394129 0.00120042 0.00380695 0.000394504 0.00237819 0.000129946 0.000224734 9.59242e-05 0.000210659 0.000247347 9.12002e-05 0.000140062 0.000212808 0.000216353 0.000322906 0.000405911 0.000107784 8.03463e-05 0.000113853 7.65493e-05 6.46117e-05 6.25864e-05 5.97699e-05 6.72711e-05 4.96857e-05 4.29231e-05 3.40039e-05
threshold=15.450000000000001 0.061309237500000009 -0.60355339059327362 7.5000000000000009 13.550000000000002 11.750000000000002 7.2157156500000221 707.50000000000011 18.050000000000004 273.18909925000008 19.500000000000004 6.4004000000000003 0.53472222222222232 14.500000000000002 7.4500000000000011 0.35000000000000009 0.60355339059327384 15.65 0.00093128697222222246 3.7122707499999597 0.35416666666666669 6.1500000000000012 8.6071000000000009 0.35450000000000004 2085.3000000000006 1377.5000000000002 0.0076330660000000009 0.78500000000000014 261.27233221211634 31.112500000000008
decision_type=2 2 2 2 2 2 2 2 2 2 2 2 2 2 2 2 2 2 2 2 2 10 2 2 2 2 2 2 2 2
left_child=-1 3 -3 8 5 -5 10 -8 -2 29 20 12 -12 -11 15 -15 17 -17 -19 -16 21 22 -6 -4 -25 26 -21 -22 -28 -10
right_child=1 2 23 4 6 -7 7 -9 9 13 11 -13 -14 14 19 16 -18 18 -20 25 27 -23 -24 24 -26 -27 28 -29 -30 -31
leaf_value=-7.9574997107766882e-06 -8.4666935463000376e-06 0.00017415831057795525 0 0 0 0.00048706915892628454 0.00037336269637807187 0 0 0 0 0 0.00015502969664419396 0 0 0 0 0.00020542913668392159 0 0 -1.7018572925342566e-05 0 9.5766475371758942e-05 7.89632964605356e-05 0 0 6.137883880059919e-05 0 0 -8.3151182105145098e-06
leaf_weight=7026 3268 97 159 134 57 56 50 186 664 411 54 143 56 140 1172 111 60 92 75 204 948 162 58 50 57 130 221 378 59 2079
leaf_count=7026 3268 97 159 134 57 56 50 186 664 411 54 143 56 140 1172 111 60 92 75 204 948 162 58 50 57 130 221 378 59 2079
internal_value=6.81151e-07 6.47917e-06 6.04571e-05 4.23152e-06 2.2751e-05 0.000144807 9.21281e-06 7.00785e-05 -6.04348e-08 4.08795e-06 0 2.97585e-05 8.22861e-05 1.48936e-05 1.90455e-05 4.63661e-05 6.7875e-05 8.68126e-05 0.000131609 8.91373e-06 -3.04542e-06 1.53022e-05 5.49081e-05 0 3.86735e-05 2.58653e-05 3.40063e-05 -1.06548e-05 5.0936e-05 -4.62926e-06
internal_weight=18357 11331 363 10968 2282 190 2092 236 8686 5418 1856 253 110 2675 2264 478 338 278 167 1786 1603 277 115 266 107 614 484 1326 280 2743
internal_count=18357 11331 363 10968 2282 190 2092 236 8686 5418 1856 253 110 2675 2264 478 338 278 167 1786 1603 277 115 266 107 614 484 1326 280 2743
is_linear=0
shrinkage=0.05


Tree=32
num_leaves=31
num_cat=0
split_feature=133 62 85 115 128 91 33 128 160 118 128 53 103 1 122 128 59 118 107 82 104 150 50 139 122 29 81 51 25 6
split_gain=0.0003439 0.00139931 0.000324554 0.000312943 0.000310917 0.00168083 0.000417615 0.000637009 0.00074866 0.00170311 0.000107775 0.00020169 7.90605e-05 0.000150865 0.000129205 7.19481e-05 6.37128e-05 8.10289e-05 5.73669e-05 0.000339678 0.000562061 5.26155e-05 6.91688e-05 6.87486e-05 6.37395e-05 3.68258e-05 3.39016e-05 2.93008e-05 2.54951e-05 2.49009e-05
threshold=88.200000000000003 36.650000000000013 285.48221155000005 8.3500000000000032 9.5184498758180087 12.550000000000002 0.96954199855057521 8.9072738951889967 0.24183673469387759 30.750000000000004 9.478801397250173 40.500000000000007 1646.5000000000002 0.07713479500000002 9.5000000000000018 9.986477217735418 12.280100000000003 33.050000000000004 7.8500000000000005 21.490000000000006 0.75000000000000011 0.15000000000000002 999.95000000000016 29.954361194335011 6.5000000000000009 47.050000000000004 44.95000000000001 642.50000000000011 3.5000000000000004 0.010015277777777779
decision_type=2 2 2 2 2 2 2 2 2 10 2 2 2 2 2 2 2 10 2 2 2 2 2 2 2 2 2 2 2 2
left_child=2 -2 3 28 5 -5 10 -8 9 -9 18 -12 13 21 -15 -16 17 27 19 25 -21 26 -23 -24 -25 -7 -6 -17 -1 -20
right_child=1 -3 -4 4 12 6 7 8 -10 -11 11 -13 -14 14 15 16 -18 -19 29 20 -22 22 23 24 -26 -27 -28 -29 -30 -31
leaf_value=0 -1.4597820319188075e-06 0.00024975889720112073 0.00012475423126733612 0.00027330972813293698 -7.8327051685196959e-06 -1.5418613239917783e-05 0 0.00036374953434368357 0 0 0 9.5246208808816852e-05 -6.8343907856652538e-06 0 0 8.2211606954014015e-05 0 0 -7.8116673249555588e-06 0 0.00019054386862038742 0 0 8.9018666494606203e-05 0 0 3.5024985105441969e-07 0 -9.102721064826087e-06 0
leaf_weight=710 105 69 51 64 2053 407 106 68 85 68 97 87 3013 416 122 202 52 63 1558 181 64 177 116 74 81 51 775 55 7045 342
leaf_count=710 105 69 51 64 2053 407 106 68 85 68 97 87 3013 416 122 202 52 63 1558 181 64 177 116 74 81 51 775 55 7045 342
internal_value=6.90721e-07 7.04479e-05 0 -3.38353e-07 5.04693e-06 1.81014e-05 1.11651e-05 6.55113e-05 0.000116252 0.000188576 2.97398e-06 3.98712e-05 -2.32336e-08 3.68559e-06 2.18275e-05 3.91075e-05 5.01184e-05 5.84376e-05 0 1.25304e-05 6.23001e-05 0 1.41722e-05 3.11014e-05 5.28044e-05 -3.27757e-06 -3.82347e-06 7.09507e-05 -8.18881e-06 -4.15894e-06
internal_weight=18357 174 18183 18132 10377 3178 3114 327 221 136 2787 184 7199 4186 910 494 372 320 2603 703 245 3276 448 271 155 458 2828 257 7755 1900
internal_count=18357 174 18183 18132 10377 3178 3114 327 221 136 2787 184 7199 4186 910 494 372 320 2603 703 245 3276 448 271 155 458 2828 257 7755 1900
is_linear=0
shrinkage=0.05


Tree=33
num_leaves=31
num_cat=0
split_feature=114 128 2 66 13 43 122 36 132 101 52 83 47 139 121 83 50 49 80 128 84 93 124 101 29 93 21 54 131 131
split_gain=0.000311057 0.000510068 0.000970687 0.00196875 0.000521172 0.000572082 0.000646722 0.00120791 0.000194424 0.000344885 0.00142292 0.000395785 0.000111076 0.000510067 7.43097e-05 9.10653e-05 8.62323e-05 0.000110239 0.000110873 5.11375e-05 4.41535e-05 3.96547e-05 3.60855e-05 3.48676e-05 3.30568e-05 3.30458e-05 3.10481e-05 2.89362e-05 2.89882e-05 3.97697e-05
threshold=15.450000000000001 9.5184498758180087 0.0059917800000000012 21.825000000000006 0.0029473370347222225 0.33650000000000008 10.500000000000002 267.44773455000001 4.5000000000000009 7.2157156500000221 265.50000000000006 33.550000000000004 99.500000000000014 87.760506709764101 1.0000000180025095e-35 18.050000000000004 1022.6500000000002 991.25000000000011 11.362500000000002 10.019467853848566 17.150000000000006 266.39393220000005 0.60355339059327384 3.2764852999999907 49.250000000000007 263.13510275000004 0.36805555555555564 0.12500000000000003 341.30056546473668 62.530080527030343
decision_type=2 2 2 2 2 2 2 2 2 2 2 2 2 2 10 2 2 2 2 2 2 2 2 2 2 2 2 2 2 2
left_child=25 2 4 -4 8 -6 -7 -8 9 11 -11 12 21 -14 20 -16 27 18 -18 -20 23 26 -22 -3 -23 -1 -2 -17 29 -29
right_child=1 14 3 -5 5 6 7 -9 -10 10 -12 -13 13 -15 15 16 17 -19 19 -21 22 24 -24 -25 -26 -27 -28 28 -30 -31
leaf_value=0 2.9869489193641065e-05 -8.1965107680697789e-06 0 0.00040040182046034131 0 0 0 0.00028778946640103438 -9.3718763736129382e-06 0.00023693596888012415 0 0.00012869177097782662 0 0.00013364210472868496 -2.2207288862358175e-06 0 0 0 0 8.9666495906534809e-05 0 -1.7450629781537234e-05 2.1114311155917694e-05 0 0 -8.3756068528057424e-06 0 0 0 3.2404420157350267e-05
leaf_weight=613 86 4130 51 50 187 141 56 97 966 86 158 62 252 84 672 484 64 94 52 150 413 710 232 975 90 6413 578 51 127 233
leaf_count=613 86 4130 51 50 187 141 56 97 966 86 158 62 252 84 672 484 64 94 52 150 413 710 232 975 90 6413 578 51 127 233
internal_value=7.16952e-07 6.08611e-06 2.15162e-05 0.000178626 1.55942e-05 6.52135e-05 0.000108613 0.000181924 6.17929e-06 1.56866e-05 7.35891e-05 5.37962e-06 0 2.685e-05 -6.08744e-07 7.01877e-06 1.59449e-05 3.84401e-05 5.5046e-05 7.3149e-05 -4.03515e-06 -4.86949e-06 4.59858e-06 -6.10592e-06 -1.29281e-05 -7.23011e-06 0 1.28333e-06 1.33853e-05 2.26558e-05
internal_weight=18357 11331 3654 101 3553 481 294 153 3072 2106 244 1862 1800 336 7677 1927 1255 360 266 202 5750 1464 645 5105 800 7026 664 895 411 284
internal_count=18357 11331 3654 101 3553 481 294 153 3072 2106 244 1862 1800 336 7677 1927 1255 360 266 202 5750 1464 645 5105 800 7026 664 895 411 284
is_linear=0
shrinkage=0.05


Tree=34
num_leaves=31
num_cat=0
split_feature=133 62 85 115 3 104 126 0 42 103 82 74 43 128 84 34 30 114 41 43 30 96 80 114 105 84 94 132 22 132
split_gain=0.000282053 0.00124743 0.000272387 0.000263529 0.000273776 0.00145646 0.000425644 0.0002773 0.000128393 0.000108011 0.000154284 0.000253966 0.000279459 0.000260387 0.000306863 0.000429752 0.000603885 6.99205e-05 6.21257e-05 5.3518e-05 4.69348e-05 4.35079e-05 4.29908e-05 8.18067e-05 8.48618e-05 2.72496e-05 2.52626e-05 2.44593e-05 3.57607e-05 3.33144e-05
threshold=88.200000000000003 36.650000000000013 285.48221155000005 8.3500000000000032 0.064478203500000011 19.550000000000008 22.500000000000004 0.22810000000000002 0.40500000000000008 556.30000000000007 19.882000000000001 28.721428571428579 0.33850000000000008 9.5299570603198287 0.15000000000000005 -0.21413280895466383 -2.2814285714285698 37.650000000000013 63.500000000000007 0.31350000000000006 -1.828571428571429 36.112500000000004 25.962500000000006 38.050000000000004 19.500000000000004 17.450000000000006 29.500000000000004 4.5000000000000009 3.5000000000000004 1.5000000000000002
decision_type=2 2 2 2 2 2 2 2 2 2 2 2 2 2 2 2 2 2 2 2 2 2 2 2 2 2 2 2 2 2
left_child=2 -2 3 -1 9 6 7 8 -6 -5 -11 12 25 14 -14 18 -17 19 20 -10 -16 -21 -8 -24 -25 -12 -13 28 -15 -30
right_child=1 -3 -4 4 5 -7 22 -9 17 10 11 26 13 27 15 16 -18 -19 -20 21 -22 -23 23 24 -26 -27 -28 -29 29 -31
leaf_value=-7.4620452666196499e-06 -1.8803329019750146e-06 0.00023398318415690617 0.00011435249503147833 5.9751554483470197e-05 0 0.00028787542210871912 -1.1980559227671795e-05 0.00016626216904525439 0 -1.1582890300863506e-05 -6.7237055863998743e-06 -9.8291759705220202e-06 0 0 7.7075898653922859e-05 0 0.00022699563459464118 0 0 0 0 0.00010132835538031402 0 9.0329809587543701e-05 0 8.1751706485326875e-06 0 0 0 2.2849030130672081e-05
leaf_weight=7755 105 69 51 74 295 50 581 61 50 2404 1055 2058 178 111 54 59 99 83 76 54 120 107 1176 53 50 304 249 296 121 559
leaf_count=7755 105 69 51 74 295 50 581 61 50 2404 1055 2058 178 111 54 59 99 83 76 54 120 107 1176 53 50 304 249 296 121 559
internal_value=7.02014e-07 6.38829e-05 0 -2.33732e-07 4.68658e-06 1.88749e-05 1.14125e-05 4.62272e-05 2.50604e-05 0 -5.40102e-07 3.49706e-06 1.3642e-05 2.74689e-05 5.62233e-05 8.00779e-05 0.000151367 4.84162e-05 1.46794e-05 6.3925e-05 3.45916e-05 7.85719e-05 0 4.32473e-06 4.6869e-05 0 -7.66977e-06 7.33444e-06 1.22925e-05 1.75219e-05
internal_weight=18357 174 18183 18132 10377 2560 2510 650 589 7817 7743 5339 3032 1673 586 408 158 294 250 211 174 161 1860 1279 103 1359 2307 1087 791 680
internal_count=18357 174 18183 18132 10377 2560 2510 650 589 7817 7743 5339 3032 1673 586 408 158 294 250 211 174 161 1860 1279 103 1359 2307 1087 791 680
is_linear=0
shrinkage=0.05


Tree=35
num_leaves=31
num_cat=0
split_feature=92 128 49 142 63 32 92 138 33 122 123 121 1 50 80 88 35 23 119 3 84 104 137 137 84 140 50 116 52 112
split_gain=0.000474104 0.000535784 0.000569701 0.000691708 0.00142351 0.00103851 0.000481623 0.000761696 0.00185933 0.0021755 0.00011286 5.98466e-05 7.90112e-05 0.000104843 4.40456e-05 5.01561e-05 3.79979e-05 3.59562e-05 2.87452e-05 9.99655e-05 0.0001979 0.00026567 3.10274e-05 2.80574e-05 4.47793e-05 2.33206e-05 3.21999e-05 0.000119124 1.94605e-05 1.93637e-05
threshold=8.0500000000000025 9.5299570603198287 962.95000000000016 730.0272198377213 9.6894000000000009 13.450000000000001 11.750000000000002 3.6550000000000007 0.86259551948663293 14.500000000000002 -0.5 1.0000000180025095e-35 0.024989248000000002 1022.7500000000001 28.337500000000006 25.362500000000008 277.57078060000003 25.511805555555558 6.9500000000000011 0.060440228500000005 1.0000000180025095e-35 2.5500000000000012 1.0000000180025095e-35 1.4400000000000002 15.050000000000002 24.395000000000003 1019.0500000000001 273.47367395000003 400.50000000000006 284.46415255000005
decision_type=2 2 2 2 2 2 2 2 2 2 2 10 2 2 2 2 2 2 10 2 2 2 2 2 2 2 2 2 2 2
left_child=18 2 16 6 10 -6 7 -4 14 -10 -5 23 -13 -14 15 -9 -2 -8 22 -20 21 -21 -1 24 28 -25 27 -27 -3 -19
right_child=1 11 3 4 5 -7 17 8 9 -11 -12 12 13 -15 -16 -17 -18 29 19 20 -22 -23 -24 25 -26 26 -28 -29 -30 -31
leaf_value=0 0 -1.2848944612177323e-05 0 6.47527820900515e-05 0.00040546289583744512 0 -5.0181812198373982e-06 0 0.00049492809854263179 0 0 0 0 5.4822028812733332e-05 0 6.3759332811362884e-05 -1.5406415757034029e-05 3.0858267946596309e-05 -6.241133311771329e-06 6.8509256559181815e-06 0 0.00015281233975772261 -7.6546678646124464e-06 0 0 0 0 7.1031589604376937e-05 0 0
leaf_weight=473 100 1488 296 69 63 54 613 52 57 54 127 821 328 196 122 59 465 128 2794 332 734 54 7313 360 631 225 178 86 85 80
leaf_count=473 100 1488 296 69 63 54 613 52 57 54 127 821 328 196 122 59 465 128 2794 332 734 54 7313 360 631 225 178 86 85 80
internal_value=9.02103e-07 1.16922e-05 3.10799e-05 4.54646e-05 0.000118078 0.00025916 2.64181e-05 5.89086e-05 0.000109394 0.000279805 7.59164e-06 2.39891e-07 9.91938e-06 2.50701e-05 5.99531e-06 3.25309e-05 -5.25226e-06 0 -4.88413e-06 0 1.12169e-05 4.05324e-05 -6.71368e-06 -2.38907e-06 -6.21707e-06 1.66168e-06 1.11253e-05 2.12697e-05 -1.11924e-05 1.88711e-05
internal_weight=18437 6737 2339 1774 313 117 1461 640 344 111 196 4398 1345 524 233 111 565 821 11700 3914 1120 386 7786 3053 2204 849 489 311 1573 208
internal_count=18437 6737 2339 1774 313 117 1461 640 344 111 196 4398 1345 524 233 111 565 821 11700 3914 1120 386 7786 3053 2204 849 489 311 1573 208
is_linear=0
shrinkage=0.05


Tree=36
num_leaves=31
num_cat=0
split_feature=92 128 49 46 21 81 75 115 0 25 128 41 83 137 100 51 59 32 138 19 44 98 133 137 81 44 80 103 61 115
split_gain=0.000437245 0.000492458 0.000524112 0.000683955 0.00153237 0.000795054 0.000778938 0.000550157 0.000398389 0.000606641 8.68541e-05 7.24771e-05 0.000118923 9.29553e-05 6.77021e-05 6.6096e-05 8.64738e-05 0.000133128 6.58358e-05 8.40491e-05 5.23465e-05 9.35666e-05 4.67095e-05 5.55826e-05 4.81572e-05 5.66651e-05 6.54093e-05 3.83681e-05 7.00306e-05 3.55624e-05
threshold=8.0500000000000025 9.5299570603198287 962.95000000000016 44.500000000000007 0.39583333333333343 38.250000000000007 7.5500000000000007 9.2500000000000018 0.0044500000000000008 17.500000000000004 8.9044264356248508 38.500000000000007 18.050000000000004 0.16000000000000003 -5.2499999999999991 38.500000000000007 7.6469500000000012 4.5500000000000007 8.5350000000000019 -0.0021628571428571421 507.50000000000006 1.8999999999999992 26.335000000000004 0.72500000000000009 40.350000000000001 1132.5000000000002 16.387500000000006 1178.7500000000002 1064.3500000000001 13.050000000000002
decision_type=2 2 2 2 2 2 2 2 2 2 2 2 2 2 2 2 2 2 2 2 2 2 2 2 2 2 2 2 2 2
left_child=-1 2 -2 5 -5 10 -7 -8 20 -10 -4 12 -3 -14 -15 -12 17 -17 19 -16 21 -9 -13 -24 -25 26 -26 -11 -29 -28
right_child=1 11 3 4 -6 6 7 8 9 27 15 22 13 14 18 16 -18 -19 -20 -21 -22 -23 23 24 25 -27 29 28 -30 -31
leaf_value=-4.6153959882182619e-06 -4.6193988101483738e-06 0 -2.5526258288300594e-05 0.00034877159847323521 0 0.00027151181880281705 0.00019167761240485406 0 0.00021639541935338273 0 0 -9.7547349647378396e-06 0 0 0 0 0 0.00011358833578664678 0 0.00011915214149997734 -1.5730785579340759e-05 6.1322601326679294e-05 -2.3875824116405886e-06 0 0 0 0 5.3095000191387954e-05 0 6.2083977767802686e-05
leaf_weight=11700 565 205 324 60 86 51 68 119 62 62 235 1258 164 83 66 66 50 55 61 87 303 76 1522 568 50 95 72 99 58 167
leaf_count=11700 565 205 324 60 86 51 68 119 62 62 235 1258 164 83 66 66 50 55 61 87 303 76 1522 568 50 95 72 99 58 167
internal_value=9.27759e-07 1.12958e-05 2.98898e-05 4.3694e-05 0.000156258 3.04401e-05 6.23435e-05 4.35473e-05 2.39774e-05 7.15682e-05 -1.99706e-06 2.65639e-07 1.62299e-05 3.1997e-05 4.86526e-05 4.5115e-06 3.17626e-05 5.65184e-05 6.37818e-05 8.21479e-05 0 1.68485e-05 -1.24746e-06 1.06037e-06 1.18161e-05 2.56576e-05 3.69115e-05 7.04242e-06 2.60028e-05 4.82457e-05
internal_weight=18437 6737 2339 1774 146 1628 898 847 779 281 730 4398 666 461 297 406 171 121 214 153 498 195 3732 2474 952 384 289 219 157 239
internal_count=18437 6737 2339 1774 146 1628 898 847 779 281 730 4398 666 461 297 406 171 121 214 153 498 195 3732 2474 952 384 289 219 157 239
is_linear=0
shrinkage=0.05


Tree=37
num_leaves=31
num_cat=0
split_feature=92 138 138 73 91 123 133 83 61 49 24 19 18 105 16 90 22 22 97 73 82 82 75 119 3 84 2 137 2 7
split_gain=0.000398562 0.000321205 0.000996131 0.00150138 0.00021997 0.000179977 0.000428865 0.000120698 0.000153597 0.000158008 0.000158199 0.000335369 0.000400188 0.000448199 8.76622e-05 0.000207905 7.30167e-05 6.19008e-05 6.85671e-05 4.64088e-05 0.00016225 4.13131e-05 4.10445e-05 2.68154e-05 9.03441e-05 0.000186297 0.000323838 2.82522e-05 3.80228e-05 2.52999e-05
threshold=8.0500000000000025 3.7550000000000003 3.6550000000000007 28.550000000000004 15.250000000000002 0.78656609248549325 87.815000000000012 16.850000000000005 1136.9500000000003 990.05000000000007 51.250000000000007 -0.00045999999999999985 0.0075854166666666674 9.5000000000000018 4.0200000000000005 25.231632653061233 3.5000000000000004 58.500000000000007 -2.4999999999999973 20.850000000000005 27.126000000000001 30.282000000000007 19.750000000000004 6.9500000000000011 0.060440228500000005 1.0000000180025095e-35 0.0028720645000000007 1.0000000180025095e-35 0.0059917800000000012 0.10030000000000001
decision_type=2 2 2 2 2 2 2 2 2 2 2 2 2 2 2 2 2 2 2 2 2 2 2 10 2 2 2 2 2 2
left_child=23 2 4 -4 -2 6 7 29 9 10 11 12 13 -9 22 -16 -13 18 -18 -20 -21 -7 -6 27 -25 26 -26 -1 -29 -3
right_child=1 5 3 -5 14 21 -8 8 -10 -11 -12 16 -14 -15 15 -17 17 -19 19 20 -22 -23 -24 24 25 -27 -28 28 -30 -31
leaf_value=0 0.00010416722830677031 -8.9026244428902118e-06 0.00027883301233357218 0 -1.6187927385446536e-05 -1.5906298197267243e-05 0.00013914421190052321 0 0 0 2.2795784170119979e-06 0 0 0.0002455828775457728 0 0.00010446108354230862 0 0 0 0.00014823529550295252 0 0 0 -5.6985011186471685e-06 0 0 0.0001336175251515071 -5.3631656600755436e-06 -2.8658469715995309e-05 0
leaf_weight=473 56 1044 97 81 462 914 67 53 1505 629 557 130 54 74 79 65 53 105 67 51 71 249 216 2794 308 734 78 7002 311 58
leaf_count=473 56 1044 97 81 462 914 67 53 1505 629 557 130 54 74 79 65 53 105 67 51 71 249 216 2794 308 734 78 7002 311 58
internal_value=8.93671e-07 1.08018e-05 3.69624e-05 0.000146959 8.83231e-06 5.05333e-06 1.01637e-05 7.06829e-06 1.2273e-05 2.19458e-05 3.249e-05 5.04337e-05 0.00011489 0.000163048 0 3.71797e-05 1.5326e-05 2.91063e-05 4.30125e-05 5.71695e-05 7.74076e-05 -1.04955e-05 -5.25036e-06 -4.38465e-06 0 1.0978e-05 3.94026e-05 -6.12351e-06 -7.04125e-06 -4.21256e-06
internal_weight=18437 6737 1056 178 878 5681 4518 4451 3349 1844 1215 658 181 127 822 144 477 347 242 189 122 1163 678 11700 3914 1120 386 7786 7313 1102
internal_count=18437 6737 1056 178 878 5681 4518 4451 3349 1844 1215 658 181 127 822 144 477 347 242 189 122 1163 678 11700 3914 1120 386 7786 7313 1102
is_linear=0
shrinkage=0.05


Tree=38
num_leaves=31
num_cat=0
split_feature=92 128 49 46 21 81 75 142 122 96 128 1 119 97 141 23 99 84 54 65 67 128 92 35 67 116 140 119 119 12
split_gain=0.000370405 0.000417336 0.000490303 0.000578364 0.00135293 0.00074963 0.000744231 0.000746095 0.000468036 0.000437426 7.89554e-05 6.93171e-05 0.000116187 8.23021e-05 6.21706e-05 7.28384e-05 0.000111502 0.000125547 6.16044e-05 7.96829e-05 0.000111753 3.90966e-05 3.67786e-05 3.66251e-05 2.90377e-05 2.82599e-05 2.7953e-05 2.45946e-05 8.56851e-05 3.14404e-05
threshold=8.0500000000000025 9.5496300637758775 962.95000000000016 44.500000000000007 0.39583333333333343 38.250000000000007 7.2500000000000009 732.58631640545491 3.5000000000000004 42.487500000000011 8.9044264356248508 0.0027199380000000003 12.050000000000002 0.79999999999999949 33.920000000000009 24.522916666666671 -2.0999999999999654 8.4500000000000028 0.085000000000000006 29.350000000000005 6.5500000000000007 9.097003685069156 13.450000000000005 277.57078060000003 14.750000000000002 294.40263695000004 76.250000000000014 6.9500000000000011 7.0500000000000007 0.049317792500000006
decision_type=2 2 2 2 2 2 2 2 2 2 2 2 10 2 2 2 2 2 2 2 2 2 2 2 2 2 2 10 10 2
left_child=27 2 23 5 -5 10 -7 8 9 -8 24 21 -13 -14 25 -16 -17 22 -12 20 -20 -10 -18 -2 -4 26 -3 -1 -29 -30
right_child=1 14 3 4 -6 6 7 -9 11 -11 18 12 13 -15 15 16 17 -19 19 -21 -22 -23 -24 -25 -26 -27 -28 28 29 -31
leaf_value=-5.8251526269874198e-06 0 -1.0224358255441484e-05 -3.1274172570723695e-05 0.00032302409534402677 0 0.00025708018744427882 0 0.00018176835073112458 -2.412962784832676e-05 0.00021734100666538517 0 0 0 8.1515397570446448e-05 0 0 9.3332912864597194e-05 0 0 0 9.3436677671477762e-05 0 0 -1.4409501309422719e-05 0 1.9094889207085976e-07 0 5.6140559407964471e-05 -5.0516350548138516e-06 4.0916596151034006e-06
leaf_weight=7786 106 1871 273 61 90 54 50 92 244 52 249 111 71 93 1652 213 110 84 74 77 72 163 61 518 51 125 120 63 3029 822
leaf_count=7786 106 1871 273 61 90 54 50 92 244 52 249 111 71 93 1652 213 110 84 74 77 72 163 61 518 51 125 120 63 3029 822
internal_value=9.13416e-07 1.04702e-05 2.66876e-05 3.99117e-05 0.000142511 2.79632e-05 5.88263e-05 4.06247e-05 1.74821e-05 0.000117001 -1.85049e-06 0 2.15677e-05 5.03835e-05 0 6.87533e-06 2.45365e-05 4.68171e-05 3.15882e-06 2.66199e-05 4.93452e-05 -1.04912e-05 7.13238e-05 -5.09102e-06 -2.45199e-05 -5.10478e-06 -7.94723e-06 -4.16259e-06 0 -1.80141e-06
internal_weight=18437 6737 2501 1877 151 1726 930 876 784 102 796 682 275 164 4236 2120 468 255 472 223 146 407 171 624 324 2116 1991 11700 3914 3851
internal_count=18437 6737 2501 1877 151 1726 930 876 784 102 796 682 275 164 4236 2120 468 255 472 223 146 407 171 624 324 2116 1991 11700 3914 3851
is_linear=0
shrinkage=0.05


Tree=39
num_leaves=31
num_cat=0
split_feature=92 128 49 36 42 94 51 0 88 116 82 111 141 137 101 85 49 44 123 53 92 128 43 94 82 46 55 116 140 119
split_gain=0.000342889 0.000371628 0.000443513 0.000587172 0.000792844 0.00110942 0.00352411 0.000919847 0.00121016 0.000924654 5.92306e-05 0.000248667 5.06149e-05 0.000109484 0.000110761 8.71415e-05 6.62426e-05 8.58996e-05 0.000103992 5.63208e-05 4.78105e-05 4.33793e-05 8.68695e-05 7.00874e-05 3.81848e-05 3.45528e-05 3.36181e-05 2.63006e-05 2.74202e-05 2.36726e-05
threshold=8.1500000000000039 9.5496300637758775 962.95000000000016 270.12716025000003 1.0050000000000001 5.5000000000000009 36.500000000000007 0.0044500000000000008 37.162500000000009 273.18909925000008 29.818000000000001 15.350000000000003 33.775000000000013 0.64500000000000013 0.367292899999967 270.19053385000007 1000.85 1307.5000000000002 0.78656609248549325 213.50000000000003 24.550000000000008 9.1920742312629109 0.32950000000000007 19.500000000000004 24.494000000000007 7.5000000000000009 4.4039028500000095 294.40263695000004 76.250000000000014 6.9500000000000011
decision_type=2 2 2 2 2 2 2 2 2 2 2 2 2 2 2 2 2 2 2 2 2 2 2 2 2 2 2 2 2 10
left_child=29 2 26 21 5 6 24 10 -9 -10 -7 -12 27 -14 -15 -16 17 18 19 -17 25 -4 -23 -24 -5 -6 -2 28 -3 -1
right_child=1 12 3 4 20 7 -8 8 9 -11 11 -13 13 14 15 16 -18 -19 -20 -21 -22 22 23 -25 -26 -27 -28 -29 -30 -31
leaf_value=-5.5280227565675919e-06 0 -1.0091589255672037e-05 -1.3462126385476357e-05 0 -2.4031764975144133e-05 -2.0379123142319046e-07 0.0005612970428032271 0 0 0.00035025705544524646 0.00012051231197613064 0 -3.0613576523298107e-07 0 0 9.9527583381903696e-05 0 0 0 0 4.0653936383831834e-05 0 0 8.5276319907279691e-05 4.2847298620752276e-05 0 -1.3584068344390752e-05 1.8147738844148885e-07 0 0
leaf_weight=7792 104 1726 355 54 201 332 50 99 51 75 52 111 1216 513 89 164 51 78 78 51 53 75 109 59 51 127 516 125 119 3961
leaf_count=7792 104 1726 355 54 201 332 50 99 51 75 52 111 1216 513 89 164 51 78 78 51 53 75 109 59 51 127 516 125 119 3961
internal_value=9.36643e-07 1.01921e-05 2.56117e-05 3.8299e-05 5.77272e-05 8.39315e-05 0.000215691 4.8372e-05 0.000132816 0.000234974 0 3.0047e-05 0 6.15714e-06 1.87031e-05 3.52296e-05 4.49141e-05 5.23356e-05 6.47776e-05 8.31566e-05 0 0 1.34181e-05 3.93065e-05 2.03596e-07 -9.59328e-06 -4.27615e-06 -4.59303e-06 -7.62499e-06 -3.90204e-06
internal_weight=18437 6684 2474 1854 1256 875 155 720 225 126 495 163 4210 2240 1024 511 422 371 293 215 381 598 243 168 105 328 620 1970 1845 11753
internal_count=18437 6684 2474 1854 1256 875 155 720 225 126 495 163 4210 2240 1024 511 422 371 293 215 381 598 243 168 105 328 620 1970 1845 11753
is_linear=0
shrinkage=0.05


Tree=40
num_leaves=31
num_cat=0
split_feature=128 2 85 128 155 83 33 90 105 3 122 133 126 92 76 73 123 128 122 104 24 80 85 120 41 92 88 133 133 77
split_gain=0.000294953 0.00059071 0.000509897 0.00239025 0.000410236 0.000937998 0.000609336 0.000162077 9.99147e-05 0.000190779 0.000216195 0.000200699 0.000189075 7.62151e-05 6.08855e-05 9.82046e-05 7.01251e-05 0.000148728 4.02462e-05 3.90848e-05 5.42545e-05 3.49458e-05 3.35348e-05 8.16878e-05 8.54687e-05 9.49873e-05 3.24286e-05 2.21513e-05 2.06081e-05 2.05935e-05
threshold=9.2173545129383765 0.0059917800000000012 282.20222755000003 8.948520956939932 0.10200000000000002 13.550000000000002 0.86259551948663293 29.341836734693882 22.500000000000004 0.084415223500000011 9.5000000000000018 26.470000000000002 37.500000000000007 24.550000000000008 0.8500000000000002 32.150000000000013 0.78656609248549325 9.5303564648652301 13.500000000000002 4.450000000000002 57.000000000000007 11.362500000000002 277.78050810000008 271.24640280000006 46.500000000000007 12.950000000000005 41.38750000000001 84.075000000000017 5.0600000000000014 267.44732845000004
decision_type=2 2 2 2 2 2 2 2 2 2 2 2 2 2 2 2 2 2 2 2 2 2 2 8 2 2 2 2 2 2
left_child=1 2 4 -4 7 -6 13 19 9 14 -11 -12 21 -7 18 16 17 -16 26 20 -1 -13 -20 24 25 -24 28 -21 -2 -29
right_child=8 -3 3 -5 5 6 -8 -9 -10 10 11 12 -14 -15 15 -17 -18 -19 22 27 -22 -23 23 -25 -26 -27 -28 29 -30 -31
leaf_value=-2.3322122013001317e-05 0 0.00013843318136699082 -1.5204854024813281e-05 0.0003727377123464572 0.00024955546694828255 -1.2222590462688479e-06 0.00013512598488905867 5.5537179954363945e-05 -5.9794713630314229e-06 0 0 0 0 4.5361668667876232e-05 0.00010350687656726931 0 0 4.7762783907148815e-06 -4.396065424817663e-07 -4.7609381701943422e-06 0 9.784997700666492e-05 9.3797435570845027e-05 0 0 0 0 0 -1.0014186574714877e-05 2.1499248972173666e-05
leaf_weight=674 58 98 73 53 50 823 97 96 6455 590 250 54 97 91 81 540 107 370 1551 1768 90 220 83 159 109 107 484 157 2912 145
leaf_count=674 58 98 73 53 50 823 97 96 6455 590 250 54 97 91 81 540 107 370 1551 1768 90 220 83 159 109 107 484 157 2912 145
internal_value=1.96662e-06 1.36865e-05 9.46994e-06 0.000110257 5.00865e-06 3.21429e-05 1.62139e-05 -3.11883e-06 -1.15488e-06 2.20916e-06 2.05876e-05 4.11684e-05 6.46733e-05 0 -4.23706e-07 9.26509e-06 2.46569e-05 3.37601e-05 -3.28746e-06 -6.88832e-06 -1.73962e-05 8.58884e-05 2.56136e-07 1.35013e-05 3.09779e-05 5.12442e-05 -6.79523e-06 -5.8922e-07 -8.99917e-06 7.26675e-06
internal_weight=18442 4215 4117 126 3991 1061 1011 2930 14227 7772 1211 621 371 914 6561 1098 558 451 5463 2834 764 274 2009 458 299 190 3454 2070 2970 302
internal_count=18442 4215 4117 126 3991 1061 1011 2930 14227 7772 1211 621 371 914 6561 1098 558 451 5463 2834 764 274 2009 458 299 190 3454 2070 2970 302
is_linear=0
shrinkage=0.05


Tree=41
num_leaves=31
num_cat=0
split_feature=128 2 85 100 84 34 66 122 94 116 120 91 92 133 99 115 29 126 43 119 2 47 77 23 74 120 133 93 102 136
split_gain=0.000270661 0.000529973 0.000439589 0.00257001 0.000380595 0.00120634 0.00111245 0.000129173 0.00042638 0.000118507 0.00015668 0.000186564 0.000311922 0.000159908 8.03661e-05 0.000314949 4.22035e-05 4.88503e-05 4.21679e-05 5.94014e-05 0.000138424 0.000108392 4.72687e-05 4.70373e-05 4.13388e-05 7.02717e-05 3.45998e-05 3.45111e-05 4.37643e-05 5.02632e-05
threshold=9.2173545129383765 0.0059917800000000012 282.20222755000003 -1.0499999999999543 7.2500000000000018 -0.51024267137833734 24.175000000000004 17.500000000000004 19.500000000000004 291.64099915000003 271.33394350000009 28.650000000000002 12.050000000000002 24.840000000000007 -2.1500000000000337 7.5500000000000007 47.050000000000004 33.500000000000007 0.38850000000000007 11.65 0.00020991850000000003 5.5000000000000009 286.00881580000004 19.341666666666669 24.278571428571436 276.60501980000009 26.335000000000004 267.9373339500001 -1.1500000000000001 1.3350000000000002
decision_type=2 2 2 2 2 2 2 2 2 2 8 2 2 2 2 2 2 2 2 10 2 2 2 2 2 8 2 2 2 2
left_child=1 2 4 -4 7 14 -7 16 -9 18 11 12 13 -11 15 -6 17 -1 22 23 -21 -22 -2 24 25 -20 -24 28 -28 -30
right_child=9 -3 3 -5 5 6 -8 8 -10 10 -12 -13 -14 -15 -16 -17 -18 -19 19 20 21 -23 26 -25 -26 -27 27 -29 29 -31
leaf_value=-2.5729173235078874e-05 -5.8759856175599328e-06 0.00013158144086400622 -2.3160642451401071e-05 0.00038928999102448445 0.00013292397647511771 0.00027249659954142535 0 0 0.00012598988499229035 0 0 0 0 0.00018770004610814796 -1.8642931644171767e-05 0 0 -2.6904841555412715e-06 6.8737456351755094e-05 0 0 8.0442953974111213e-05 0 -5.1544938116600793e-06 0 0 0 0 3.7482840296778141e-05 0
leaf_weight=619 8861 98 76 50 51 91 70 703 75 55 604 189 172 63 199 466 271 1446 71 302 91 118 504 2123 288 209 144 70 295 68
leaf_count=619 8861 98 76 50 51 91 70 703 75 55 604 189 172 63 199 466 271 1446 71 302 91 118 504 2123 288 209 144 70 295 68
internal_value=1.92256e-06 1.315e-05 9.08547e-06 0.000102917 4.84558e-06 3.43246e-05 0.000158119 -1.85987e-06 1.34266e-05 -1.05305e-06 1.41526e-05 3.56143e-05 6.07861e-05 0.000124854 0 1.59272e-05 -9.09405e-06 -1.20258e-05 -2.68728e-06 1.18712e-06 1.72876e-05 4.87499e-05 -4.43795e-06 -1.81616e-08 1.03678e-05 2.41959e-05 2.72311e-06 1.27881e-05 1.88655e-05 2.82362e-05
internal_weight=18442 4215 4117 126 3991 877 161 3114 778 14227 1083 479 290 118 716 517 2336 2065 13144 3202 511 209 9942 2691 568 280 1081 577 507 363
internal_count=18442 4215 4117 126 3991 877 161 3114 778 14227 1083 479 290 118 716 517 2336 2065 13144 3202 511 209 9942 2691 568 280 1081 577 507 363
is_linear=0
shrinkage=0.05


Tree=42
num_leaves=31
num_cat=0
split_feature=81 75 116 4 131 30 93 93 52 133 141 112 122 96 131 84 99 75 105 129 33 115 1 61 114 76 98 82 44 104
split_gain=0.000232689 0.00117003 0.000321882 0.000301896 0.000527313 0.00107856 0.000174461 0.00073048 0.002792 0.000489343 0.00015697 0.000126792 7.47695e-05 0.00014538 6.52225e-05 4.8954e-05 9.43772e-05 0.000106447 4.86818e-05 4.19555e-05 9.95046e-05 0.000276421 4.18199e-05 0.000124888 5.49416e-05 3.96236e-05 3.63799e-05 2.91118e-05 2.83383e-05 2.64558e-05
threshold=38.250000000000007 7.1500000000000012 272.4577117500001 0.00018071250000000001 50.315893384814146 -1.915714285714285 264.80492435000002 264.73262270000004 5.5000000000000009 88.200000000000003 31.185000000000006 279.46872750000006 20.500000000000004 40.112500000000004 33.845472724088289 9.4500000000000028 -2.5500000000000109 18.650000000000002 26.500000000000004 5.5000000000000009 -0.97768580770992086 8.5500000000000025 0.13543613500000004 293.90000000000003 23.150000000000002 0.8500000000000002 2.5000000000000018 28.141999999999999 807.50000000000011 0.75000000000000011
decision_type=2 2 2 2 2 2 2 2 2 2 2 2 2 2 2 2 2 2 2 2 2 2 2 2 2 2 2 2 2 2
left_child=6 -2 27 15 5 -5 7 9 -9 18 -6 12 13 -12 -8 26 17 -17 19 -1 21 -21 25 24 -24 -16 -4 -3 -27 -13
right_child=1 2 3 4 10 -7 14 8 -10 -11 11 29 -14 -15 22 16 -18 -19 -20 20 -22 -23 23 -25 -26 28 -28 -29 -30 -31
leaf_value=0 0.00018456055259047374 0 -1.4867170894887663e-05 0.00026496610076911137 0 0 -1.8983917291671472e-05 0 0.00042048949626084385 0.00011614245303792484 0 0 0 0.00011272176685014875 -5.7945081737675271e-06 9.4580976649773064e-05 0 0 -6.4291775145067846e-06 0 0 0.00012338325973193517 0 0 5.7346231878151841e-05 1.9295742342120111e-05 0 -9.354172820403027e-06 0 2.1284018762842555e-05
leaf_weight=712 97 446 524 75 628 115 893 128 50 90 68 194 56 128 7496 66 140 59 2084 128 417 70 110 588 143 207 372 1677 536 145
leaf_count=712 97 446 524 75 628 115 893 128 50 90 68 194 56 128 7496 66 140 59 2084 128 417 70 110 588 143 207 372 1677 536 145
internal_value=1.86198e-06 1.14493e-05 6.76752e-06 1.91784e-05 3.47267e-05 0.000117552 -1.13624e-06 7.66051e-06 0.000106686 1.169e-06 1.76329e-05 3.61058e-05 6.55993e-05 8.04698e-05 -4.88308e-06 0 1.91249e-05 5.14269e-05 -4.32336e-07 5.21815e-06 1.51319e-05 4.42589e-05 -2.94375e-06 5.33685e-06 3.63818e-05 -4.39634e-06 -5.28902e-06 -5.90438e-06 2.97799e-06 0
internal_weight=18442 4790 4693 2570 1409 190 13652 3679 178 3501 1219 591 252 196 9973 1161 265 125 3411 1327 615 198 9080 841 253 8239 896 2123 743 339
internal_count=18442 4790 4693 2570 1409 190 13652 3679 178 3501 1219 591 252 196 9973 1161 265 125 3411 1327 615 198 9080 841 253 8239 896 2123 743 339
is_linear=0
shrinkage=0.05


Tree=43
num_leaves=31
num_cat=0
split_feature=128 2 103 81 85 49 86 25 103 76 111 116 93 142 92 128 85 141 96 104 85 81 100 113 128 124 86 96 112 123
split_gain=0.000233844 0.000462549 0.000414389 0.000328054 0.00054336 0.000675298 0.000771748 0.00106688 0.000809114 0.000200669 0.000640967 0.000103084 0.000140437 0.000171198 0.000287671 0.000106362 5.02703e-05 4.30933e-05 7.14815e-05 6.23941e-05 7.11631e-05 8.15342e-05 6.05703e-05 4.29789e-05 5.38442e-05 0.000206713 2.64547e-05 2.59759e-05 2.09009e-05 2.02114e-05
threshold=9.2173545129383765 0.0059917800000000012 556.30000000000007 40.350000000000001 272.27077710000009 990.05000000000007 13.500000000000002 17.500000000000004 1009.7500000000002 1.3500000000000005 8.6500000000000004 291.64099915000003 271.30542860000008 311.33516139561488 21.050000000000008 9.8427803210978695 279.83892625000004 33.775000000000013 40.462500000000013 0.55000000000000016 271.83235020000001 39.150000000000013 -5.1999999999999877 0.15000000000000005 9.7042564285509627 -0.60355339059327384 17.500000000000004 38.662500000000016 293.60758280000005 0.60355339059327384
decision_type=2 2 2 2 2 2 2 2 2 2 2 2 2 2 2 2 2 2 2 2 2 2 2 2 2 2 2 2 2 2
left_child=1 2 -1 9 27 6 7 8 -6 16 -11 17 13 -13 15 -15 -4 23 29 -20 -21 -22 -23 28 25 -25 -8 -5 -2 -19
right_child=11 -3 3 4 5 -7 26 -9 -10 10 -12 12 -14 14 -16 -17 -18 18 19 20 21 22 -24 24 -26 -27 -28 -29 -30 -31
leaf_value=0.00012790070787887088 -7.4564906890591764e-06 0.00012313031513570816 -3.5988541930039164e-06 0 1.8577372738589328e-05 0 0 0 0.00044219243931972117 0.00018269765634983541 0 0 0 0.00018353440338630427 0 0 -4.6368227202140776e-05 0 0 0 0 0 6.596906947627512e-05 0.00010187824662179558 0 0 3.1655523566080248e-05 -1.5787343130471397e-05 0 -6.0368709936966159e-06
leaf_weight=74 6209 98 2717 54 50 156 90 97 53 58 319 312 599 57 53 62 105 3537 145 148 87 57 197 62 636 167 65 279 344 1555
leaf_count=74 6209 98 2717 54 50 156 90 97 53 58 319 312 599 57 53 62 105 3537 145 148 87 57 197 62 636 167 65 279 344 1555
internal_value=1.81704e-06 1.22564e-05 8.37378e-06 4.91856e-06 3.2912e-05 6.65685e-05 0.00010543 0.000171131 0.000286787 -9.1249e-07 3.11554e-05 -9.25036e-07 1.32236e-05 3.33876e-05 7.48269e-05 0.000118597 -6.97723e-06 -2.4721e-06 0 1.64831e-05 2.58927e-05 3.84806e-05 5.2776e-05 -5.0348e-06 1.69711e-06 2.44153e-05 0 -3.80963e-06 -6.68644e-06 -1.10138e-06
internal_weight=18442 4215 4117 4043 844 511 355 200 103 3199 377 14227 1083 484 172 119 2822 13144 5726 634 489 341 254 7418 865 229 155 333 6553 5092
internal_count=18442 4215 4117 4043 844 511 355 200 103 3199 377 14227 1083 484 172 119 2822 13144 5726 634 489 341 254 7418 865 229 155 333 6553 5092
is_linear=0
shrinkage=0.05


Tree=44
num_leaves=31
num_cat=0
split_feature=128 2 85 100 84 55 122 122 94 121 3 50 115 160 19 54 137 138 42 128 105 4 83 141 100 93 16 3 44 9
split_gain=0.000214916 0.000414578 0.000369926 0.00230382 0.000321317 0.00112832 0.000169971 0.000117087 0.000362584 9.87829e-05 0.00010955 9.01294e-05 6.25627e-05 4.49475e-05 4.56059e-05 3.5616e-05 3.15357e-05 2.69551e-05 4.36324e-05 3.52881e-05 2.47197e-05 6.11378e-05 4.45863e-05 5.18551e-05 5.35396e-05 2.12514e-05 3.62679e-05 7.13254e-05 8.35283e-05 1.18123e-05
threshold=9.2173545129383765 0.0059917800000000012 282.20222755000003 -1.0499999999999543 7.2500000000000018 5.3704093500000178 2.5000000000000004 17.500000000000004 19.500000000000004 1.0000000180025095e-35 0.05122395200000001 1022.5500000000001 20.450000000000003 0.089897959183673493 0.00032999999999999994 0.045000000000000005 1.4400000000000002 9.9050000000000011 0.6150000000000001 9.3644767650687211 23.500000000000004 0.00028361700000000006 18.250000000000004 28.570000000000004 -5.1499999999999764 271.17042655000006 1.2050000000000003 0.028264585000000005 1137.5000000000002 0.012291666666666668
decision_type=2 2 2 2 2 2 2 2 2 10 2 2 2 2 2 2 2 2 2 2 2 2 2 2 2 2 2 2 2 2
left_child=1 2 4 -4 7 -6 -7 13 -9 16 25 -12 15 -1 -15 -13 17 18 29 -20 21 -18 -23 -24 -25 26 -11 28 -28 -2
right_child=9 -3 3 -5 5 6 -8 8 -10 10 11 12 -14 14 -16 -17 20 -19 19 -21 -22 22 23 24 -26 -27 27 -29 -30 -31
leaf_value=-1.522112159642884e-06 0 0.00011703599005939928 -2.2458898450864793e-05 0.00036639163993623148 0.00019524736899938946 7.0484033902666236e-05 0 0 0.00011614520336192265 0 0 0 0 -2.909554841183423e-05 0 7.3927538431714862e-05 0 0 3.1308538987812219e-05 0 -3.1776184985974113e-06 0 0 0 7.5554340778762714e-05 -5.8741465472670252e-06 5.6432971238030875e-05 0 0 -8.2406366996194468e-06
leaf_weight=1744 77 98 76 50 95 88 694 703 75 700 475 65 59 482 110 162 1332 1270 89 769 1856 194 136 75 99 711 158 89 88 5823
leaf_count=1744 77 98 76 50 95 88 694 703 75 700 475 65 59 482 110 162 1332 1270 89 769 1856 194 136 75 99 711 158 89 88 5823
internal_value=1.7802e-06 1.1788e-05 8.0407e-06 9.41468e-05 4.04684e-06 3.12256e-05 4.69008e-06 -2.00999e-06 1.2347e-05 -8.3398e-07 7.63489e-06 2.34792e-05 4.74211e-05 -8.9343e-06 -2.22991e-05 5.93015e-05 -3.07262e-06 -4.85815e-06 -6.16493e-06 0 0 4.8409e-06 1.96954e-05 3.14371e-05 4.99712e-05 0 5.25052e-06 1.88375e-05 3.47078e-05 -7.87513e-06
internal_weight=18442 4215 4117 126 3991 877 782 3114 778 14227 2507 761 286 2336 592 227 11720 8028 6758 858 3692 1836 504 310 174 1746 1035 335 246 5900
internal_count=18442 4215 4117 126 3991 877 782 3114 778 14227 2507 761 286 2336 592 227 11720 8028 6758 858 3692 1836 504 310 174 1746 1035 335 246 5900
is_linear=0
shrinkage=0.05


Tree=45
num_leaves=31
num_cat=0
split_feature=81 75 14 86 116 4 137 93 93 54 133 53 92 92 81 0 120 45 138 126 100 88 138 92 17 51 98 29 88 75
split_gain=0.000205427 0.000971196 0.000272003 0.000803267 0.000148414 0.000166144 0.000164057 0.000130043 0.00074679 0.00216762 0.000152465 0.00011504 0.000177235 0.000134504 0.00025147 7.29778e-05 0.00011111 6.87903e-05 4.73234e-05 3.72135e-05 3.12525e-05 2.82861e-05 2.5729e-05 5.29427e-05 9.19056e-05 0.000206894 2.07706e-05 5.08731e-05 7.69139e-05 7.38249e-05
threshold=38.250000000000007 7.1500000000000012 0.061309237500000009 13.500000000000002 272.66280820000003 0.00022659200000000004 1.2600000000000002 264.76065340000008 264.73262270000004 0.045000000000000005 88.200000000000003 152.50000000000003 18.550000000000008 7.7500000000000018 47.550000000000004 0.22810000000000002 268.40750505000005 25.500000000000004 5.8000000000000007 46.500000000000007 6.8500000000000236 35.487500000000004 6.1350000000000007 5.0500000000000016 0.052000000000000011 60.500000000000007 2.5000000000000018 34.20000000000001 41.037500000000016 14.850000000000003
decision_type=2 2 2 2 2 2 2 2 2 2 2 2 2 2 2 2 10 2 2 2 2 2 2 2 2 2 2 2 2 2
left_child=7 -2 4 -4 21 26 17 8 10 -10 22 12 13 -8 -15 18 -17 -7 19 20 -9 -3 23 -1 25 -25 -6 28 -28 -30
right_child=1 2 3 -5 5 6 11 15 9 -11 -12 -13 -14 14 -16 16 -18 -19 -20 -21 -22 -23 -24 24 -26 -27 27 -29 29 -31
leaf_value=0 0.00017467351550454465 0 0.00018070103909473083 0 -7.4160301663864801e-06 5.4650180383636698e-05 0 -1.8856289499295332e-05 0 0.00037441950954742874 6.5116005772627742e-05 0 0 1.6733470987886516e-05 0.00019800128301843264 0 7.4739789525858324e-05 0 -8.1778903544375809e-07 -3.8223706424622251e-06 0 -8.4464951327953411e-06 -5.4839209914497412e-06 0 0 0.00010070907737602139 0 0 0 9.899857233320736e-05
leaf_weight=1326 90 228 86 88 663 58 102 1496 84 52 89 137 54 136 71 93 65 703 4949 3254 140 1851 1700 168 104 87 147 210 67 52
leaf_count=1326 90 228 86 88 663 58 102 1496 84 52 89 137 54 136 71 93 65 703 4949 3254 140 1851 1700 168 104 87 147 210 67 52
internal_value=1.54216e-06 1.06264e-05 6.34215e-06 6.89775e-05 2.77797e-06 1.19731e-05 2.4533e-05 -1.25745e-06 6.32583e-06 0.000121157 3.58002e-07 4.82315e-05 6.31817e-05 7.82088e-05 0.000103599 -4.4963e-06 2.39107e-05 2.35783e-06 -5.46299e-06 -9.14082e-06 -1.6656e-05 -5.43371e-06 0 2.79464e-06 2.01056e-05 3.8288e-05 0 5.68351e-06 2.31095e-05 5.28264e-05
internal_weight=18350 4743 4653 174 4479 2400 1261 13607 3610 136 3474 500 363 309 207 9997 158 761 9839 4890 1636 2079 3385 1685 359 255 1139 476 266 119
internal_count=18350 4743 4653 174 4479 2400 1261 13607 3610 136 3474 500 363 309 207 9997 158 761 9839 4890 1636 2079 3385 1685 359 255 1139 476 266 119
is_linear=0
shrinkage=0.05


Tree=46
num_leaves=31
num_cat=0
split_feature=81 75 11 49 122 80 4 115 92 93 93 133 81 24 16 94 116 0 126 138 105 129 21 122 7 50 84 92 94 83
split_gain=0.000191141 0.00087394 0.000238426 0.000330165 0.000737012 0.000133349 0.000168112 0.00015938 0.000170368 0.000119807 0.0013183 0.000137811 0.000100887 0.000111161 0.000130347 0.000177687 0.000353503 5.87696e-05 7.10056e-05 4.34067e-05 4.31618e-05 4.80373e-05 8.46114e-05 0.00014973 0.000206021 0.000186664 3.45225e-05 3.15447e-05 2.86759e-05 2.57919e-05
threshold=38.250000000000007 7.1500000000000012 0.0040165472500000013 977.45000000000016 15.500000000000002 31.962500000000006 0.00022659200000000004 21.250000000000004 18.850000000000009 264.74690030000005 264.73262270000004 88.200000000000003 39.550000000000004 56.600000000000001 2.1550000000000007 23.500000000000004 272.05569120000001 0.22810000000000002 22.500000000000004 7.0700000000000012 26.500000000000004 5.5000000000000009 0.57638888888888895 9.5000000000000018 0.05290000000000001 1002.6500000000002 21.050000000000008 7.7500000000000018 30.500000000000004 21.750000000000004
decision_type=2 2 2 2 2 2 2 2 2 2 2 2 2 2 2 2 2 2 2 2 2 2 2 2 2 2 2 2 2 2
left_child=9 -2 5 -4 -5 6 -3 8 12 10 11 20 -8 14 15 16 -14 19 -19 26 21 -1 23 -23 25 -25 27 -11 -7 -29
right_child=1 2 3 4 -6 28 7 -9 -10 17 -12 -13 13 -15 -16 -17 -18 18 -20 -21 -22 22 -24 24 -26 -27 -28 29 -30 -31
leaf_value=0 0.0001660358162884982 0 0 0 0.00022475901965449076 -8.67720272526936e-06 0 0 0 -4.8031122194851265e-06 0.0002167478326208928 6.1896381134526261e-05 0 0 0 0 0.00020134215858179036 6.2585739451009672e-05 0 0 -5.7306767360955084e-06 0 0 0.0001756441296869785 0 0 0 -1.8036908497841167e-05 0 0
leaf_weight=711 90 990 341 89 67 1971 63 264 108 4643 72 89 57 186 79 52 90 60 139 3405 2067 164 240 55 71 77 176 1541 296 97
leaf_count=711 90 990 341 89 67 1971 63 264 108 4643 72 89 57 186 79 52 90 60 139 3405 2067 164 240 55 71 77 176 1541 296 97
internal_value=1.48705e-06 1.02537e-05 6.13114e-06 3.92497e-05 0.000100717 9.59341e-07 1.17381e-05 2.75013e-05 4.11917e-05 -1.20185e-06 6.14743e-06 2.82688e-07 5.339e-05 6.14743e-05 8.54081e-05 0.000108652 0.000137675 -4.28938e-06 1.75245e-05 -5.23823e-06 0 5.50622e-06 1.62264e-05 3.17776e-05 6.04694e-05 9.7371e-05 -7.66223e-06 -8.60774e-06 -5.81876e-06 -1.6332e-05
internal_weight=18350 4743 4653 497 156 4156 1889 899 635 13607 3546 3474 527 464 278 199 147 10061 199 9862 3385 1318 607 367 203 132 6457 6281 2267 1638
internal_count=18350 4743 4653 497 156 4156 1889 899 635 13607 3546 3474 527 464 278 199 147 10061 199 9862 3385 1318 607 367 203 132 6457 6281 2267 1638
is_linear=0
shrinkage=0.05


Tree=47
num_leaves=31
num_cat=0
split_feature=88 107 128 98 124 22 83 105 37 14 10 69 42 107 23 123 133 120 128 61 110 41 82 9 23 92 101 94 22 126
split_gain=0.000157024 0.000273693 0.000463622 0.000547562 0.000154032 0.000723303 0.00287533 0.000200765 0.000119761 0.000262437 0.00028761 6.23035e-05 0.000141668 0.000205369 0.000299503 4.5871e-05 0.000108489 0.000216108 4.63906e-05 8.2044e-05 0.000183131 5.79329e-05 7.42582e-05 4.43417e-05 4.20667e-05 5.02419e-05 4.01218e-05 0.000112486 2.97215e-05 5.31152e-05
threshold=41.300000000000004 9.4500000000000011 9.3587172494913577 0.19999999999999754 -0.78656609248549325 1.0000000180025095e-35 13.750000000000002 2.5000000000000004 0.15000000000000005 0.016852259000000005 9.4850000000000012 288.16483375000001 0.88500000000000012 12.450000000000001 21.547222222222224 -0.60355339059327362 86.075000000000017 277.55017425000005 9.3639623397124101 348.65000000000003 14.850000000000003 43.500000000000007 21.338000000000005 0.81965277777777779 19.341666666666669 11.650000000000004 0.18127640000000159 15.500000000000002 7.5000000000000009 37.500000000000007
decision_type=2 2 2 2 2 2 2 2 2 2 2 2 2 2 2 2 2 8 2 2 2 2 2 2 2 2 2 2 2 2
left_child=4 2 3 -2 5 6 -1 -7 23 -10 -11 15 13 14 -13 16 18 -18 -6 20 -20 22 -22 -9 -17 -26 -3 -28 29 -29
right_child=1 26 -4 -5 11 7 -8 8 9 10 -12 12 -14 -15 -16 24 17 -19 19 -21 21 -23 -24 -25 25 -27 27 28 -30 -31
leaf_value=0.00042639760678956051 0 -3.0119759442694404e-06 1.9271182952671818e-06 0.0002296431898265956 -1.1408141028531155e-05 0.00010078345402029764 0 -7.6051864447651401e-06 0 0.00017034376687533631 0 0 0 0 0.00017156108428488344 0 9.0434758334669496e-05 0 0 -1.6987860128022082e-06 0 0 0.00012510856657865503 3.8538596201419459e-06 -4.2296701196381115e-06 -1.7721238628525646e-05 6.8518896562490682e-05 2.7864702523939975e-05 -2.455314146960415e-06 0
leaf_weight=50 52 666 322 68 967 50 130 2067 224 56 61 55 617 224 56 1210 97 115 231 2539 56 68 62 793 5139 1403 80 262 478 152
leaf_count=50 52 666 322 68 967 50 130 2067 224 56 61 55 617 224 56 1210 97 115 231 2539 56 68 62 793 5139 1403 80 262 478 152
internal_value=1.47721e-06 1.44182e-05 5.0102e-05 0.000136965 0 9.22518e-06 0.000107308 2.22572e-06 0 2.85545e-05 8.90127e-05 -2.69133e-06 8.02282e-06 3.51659e-05 9.10717e-05 -3.97059e-06 0 3.50196e-05 -1.59673e-06 0 2.17522e-05 5.92109e-05 8.20146e-05 -2.68003e-06 -6.24223e-06 -7.88952e-06 1.71385e-06 1.00904e-05 0 1.31182e-05
internal_weight=18350 2080 442 120 16270 3431 180 3251 3201 341 117 12839 952 335 111 11887 4135 212 3923 2956 417 186 118 2860 7752 6542 1638 972 892 414
internal_count=18350 2080 442 120 16270 3431 180 3251 3201 341 117 12839 952 335 111 11887 4135 212 3923 2956 417 186 118 2860 7752 6542 1638 972 892 414
is_linear=0
shrinkage=0.05


Tree=48
num_leaves=31
num_cat=0
split_feature=81 75 11 120 15 46 22 47 68 14 78 4 33 103 93 90 1 126 114 104 131 46 73 101 7 90 136 134 98 86
split_gain=0.000167122 0.000776553 0.000213441 0.000302388 0.00054165 0.000120178 0.000909814 0.00173433 0.000181277 0.000206513 0.000112841 0.000179769 0.000170046 0.00015401 0.000166033 0.000341367 3.42381e-05 0.000129431 6.56558e-05 5.21218e-05 3.3259e-05 4.48905e-05 3.26976e-05 8.62278e-05 7.07017e-05 2.96849e-05 4.57165e-05 3.86168e-05 2.93064e-05 1.93546e-05
threshold=38.250000000000007 7.1500000000000012 0.0040165472500000013 268.99458450000003 0.0037166666666666672 98.500000000000014 1.0000000180025095e-35 94.500000000000014 0.45000000000000007 0.018659123000000003 1.5000000000000002 0.00022659200000000004 0.92099571950026526 1094.05 265.42417105000004 27.805102040816326 0.12850445900000004 22.500000000000004 23.150000000000002 20.650000000000009 61.344168628556481 24.500000000000004 39.150000000000013 -1.4517051500000091 0.20805000000000004 10.936130536130539 0.10000000000000002 6.9450000000000012 5.8000000000000034 4.5000000000000009
decision_type=2 2 2 10 2 2 2 2 2 2 2 2 2 2 2 2 2 2 2 2 2 2 2 2 2 2 2 2 2 2
left_child=5 -2 10 22 -5 16 7 -7 -8 -10 11 29 13 -13 -15 -16 19 18 -18 20 21 25 -4 -24 -25 -1 -27 -28 -12 -3
right_child=1 2 3 4 -6 6 8 -9 9 -11 28 12 -14 14 15 -17 17 -19 -20 -21 -22 -23 23 24 -26 26 27 -29 -30 -31
leaf_value=0 0.00015659764565538315 -1.7900864902382835e-05 -1.0967273642891085e-05 0 0.00023398364785666049 0.00036405887781381589 -2.7415026533199677e-06 0 0 9.7429204300351557e-05 -8.4759929608279016e-06 0 0 0 0.0002282310882727407 0 0 -3.0631973467573763e-06 5.6143406431039304e-05 0 -3.1025777205048641e-06 0 0 8.2161325140963769e-05 0 0 -2.9320198631845784e-05 0 0 0
leaf_weight=397 90 150 124 132 50 50 2741 55 328 99 1738 95 432 100 52 96 123 1026 151 1899 4537 697 73 67 51 390 950 164 788 705
leaf_count=397 90 150 124 132 50 50 2741 55 328 99 1738 95 432 100 52 96 123 1026 151 1899 4537 697 73 67 51 390 950 164 788 705
internal_value=1.44107e-06 9.64055e-06 5.69067e-06 3.70084e-05 8.86462e-05 -1.0501e-06 6.75746e-06 0.000151211 3.45721e-07 3.18056e-05 7.34713e-07 1.1944e-05 2.96479e-05 5.67332e-05 7.74141e-05 0.000113141 -4.00713e-06 8.92399e-07 3.38433e-05 -5.2656e-06 -7.30514e-06 -1.27164e-05 0 1.86398e-05 4.87041e-05 -1.67323e-05 -2.00782e-05 -2.54292e-05 -4.52177e-06 0
internal_weight=18350 4743 4653 497 182 13607 3273 105 3168 427 4156 1630 775 343 248 148 10334 1300 274 9034 7135 2598 315 191 118 1901 1504 1114 2526 855
internal_count=18350 4743 4653 497 182 13607 3273 105 3168 427 4156 1630 775 343 248 148 10334 1300 274 9034 7135 2598 315 191 118 1901 1504 1114 2526 855
is_linear=0
shrinkage=0.05


Tree=49
num_leaves=31
num_cat=0
split_feature=88 67 128 124 22 49 116 102 76 14 12 69 123 142 116 94 2 123 61 88 104 41 53 93 29 0 96 22 23 126
split_gain=0.000139031 0.000288939 0.000321509 0.000139493 0.000620363 0.00310341 0.000142808 0.000575861 0.000113601 0.000262654 0.000393725 5.77185e-05 0.00010396 0.000238226 5.06886e-05 0.000210541 4.58177e-05 5.01131e-05 4.54121e-05 0.00015771 0.000155723 0.000250522 0.000269344 4.81433e-05 0.000175595 4.16477e-05 3.87044e-05 3.32252e-05 4.99777e-05 4.8017e-05
threshold=41.300000000000004 9.4500000000000011 9.3587172494913577 -0.78656609248549325 1.0000000180025095e-35 985.85000000000002 294.88803905000003 -0.40000000000000019 0.8500000000000002 0.016852259000000005 0.028052429000000004 288.16483375000001 -0.37940952255126059 732.58631640545491 271.82172110000005 15.500000000000002 0.0059917800000000012 0.37940952255126054 348.65000000000003 34.51250000000001 0.35000000000000009 46.500000000000007 127.50000000000001 262.86203795000006 30.250000000000004 0.033800000000000004 31.962500000000006 7.5000000000000009 29.555555555555561 37.500000000000007
decision_type=2 2 2 2 2 2 2 2 2 2 2 2 2 2 2 2 2 2 2 2 2 2 2 2 2 2 2 2 2 2
left_child=3 2 -2 4 5 -1 8 -8 25 -10 -11 16 -13 -14 -3 -16 17 18 19 -5 -21 22 -22 24 -20 26 -6 28 29 -17
right_child=1 14 -4 11 6 -7 7 -9 9 10 -12 12 13 -15 15 27 -18 -19 23 20 21 -23 -24 -25 -26 -27 -28 -29 -30 -31
leaf_value=0 0.00013990308863942553 -4.4810654286402711e-06 4.104648929089708e-06 0 0 0.00043295737810266851 0.0001866995337426348 0 0 0.00017846628972527747 0 0 0 0.00010958125387303068 0.00011267155362992187 3.1106870058218753e-05 -1.9280895287296361e-05 -6.3070621852323721e-06 7.4866913708319764e-05 0 0.0001695621398589777 0 0 -3.7097677139632523e-06 0 3.0287564545935705e-06 -1.7127613506829334e-05 -1.0580110956816656e-06 0 0
leaf_weight=130 96 638 253 689 1272 50 51 78 360 58 102 678 199 75 50 338 563 5015 89 147 75 112 50 4836 311 506 824 554 66 85
leaf_count=130 96 638 253 689 1272 50 51 78 360 58 102 678 199 75 50 338 563 5015 89 147 75 112 50 4836 311 506 824 554 66 85
internal_value=1.41892e-06 1.35933e-05 5.60377e-05 0 8.81215e-06 9.97659e-05 2.20961e-06 5.35578e-05 0 2.13828e-05 7.45525e-05 -2.53056e-06 7.74372e-06 3.39544e-05 2.12158e-06 1.05466e-05 -3.77457e-06 -2.5605e-06 0 9.73829e-06 3.58976e-05 6.09943e-05 0.000109535 -1.4933e-06 1.27774e-05 -4.19413e-06 -8.32279e-06 7.58362e-07 1.30182e-05 2.2148e-05
internal_weight=18350 2080 349 16270 3431 180 3251 129 3122 520 160 12839 952 274 1731 1093 11887 11324 6309 1073 384 237 125 5236 400 2602 2096 1043 489 423
internal_count=18350 2080 349 16270 3431 180 3251 129 3122 520 160 12839 952 274 1731 1093 11887 11324 6309 1073 384 237 125 5236 400 2602 2096 1043 489 423
is_linear=0
shrinkage=0.05


Tree=50
num_leaves=31
num_cat=0
split_feature=116 119 155 128 50 34 122 63 128 2 124 85 90 4 19 99 92 123 120 139 50 9 36 131 59 30 49 99 80 104
split_gain=0.000168512 0.000378865 0.000138458 0.000465084 0.000785045 0.000211474 0.000447884 0.000546976 0.000618871 0.000119735 0.000329905 0.00221359 0.000142907 0.000152845 0.000244387 0.000501761 7.66201e-05 5.08072e-05 0.000173842 0.0004901 4.53711e-05 6.74713e-05 5.72293e-05 6.62712e-05 7.67237e-05 7.85166e-05 0.000162302 6.04047e-05 4.20233e-05 4.28723e-05
threshold=294.88803905000003 10.350000000000003 0.2980000000000001 8.3844366951598737 1000.9500000000002 -0.25550383331050935 16.500000000000004 19.745800000000003 9.7153059311507999 0.00020991850000000003 -0.9159756150367534 264.78359735000004 24.405102040816335 0.00049989300000000006 -0.00099428571428571426 -0.69999999999998852 8.9500000000000028 -0.5 276.60501980000009 84.776263981478465 998.45000000000016 0.48631944444444447 271.11809630000005 252.82482637764227 10.639500000000002 -1.548571428571426 963.75000000000011 -3.0999999999999654 14.162500000000003 1.2500000000000004
decision_type=2 8 2 2 2 2 2 2 2 2 2 2 2 2 2 2 2 2 8 2 2 2 2 2 2 2 2 2 2 2
left_child=2 -2 9 4 -4 20 7 8 -7 16 11 -11 -12 -14 -15 -16 17 18 19 -1 -5 -22 -23 24 25 26 -24 -28 -3 -30
right_child=1 28 3 5 -6 6 -8 -9 -10 10 12 -13 13 14 15 -17 -18 -19 -20 -21 21 22 23 -25 -26 -27 27 -29 29 -31
leaf_value=3.4193978002534402e-06 0.00014211948239686276 0 0 -1.0043963677791569e-05 0.00019088780903007076 0.00025005158699870566 0 0 0 0.00030032450366181568 -6.4075588967471096e-06 0 0 0 0 0.00016193959174463167 -1.3540449934458939e-05 -4.5118946755967714e-06 -1.0847866091818804e-06 0.0001813094473461616 -1.0950534307882078e-07 0 0 0 0 0 0 0.00011587675681800681 4.0290299559329533e-05 0
leaf_weight=508 69 248 55 847 92 73 182 93 59 71 2123 336 310 386 67 95 1959 6040 2293 50 1358 117 52 166 198 171 50 107 130 58
leaf_count=508 69 248 55 847 92 73 182 93 59 71 2123 336 310 386 67 95 1959 6040 2293 50 1358 117 52 166 198 171 50 107 130 58
internal_value=1.68357e-06 3.03832e-05 5.9036e-07 9.50768e-06 9.81634e-05 4.28875e-06 3.81105e-05 8.70432e-05 0.000152171 -1.32622e-06 6.31833e-06 4.85085e-05 0 1.77311e-05 3.44664e-05 8.80303e-05 -4.17444e-06 -1.54719e-06 2.97993e-06 2.85997e-05 0 3.54383e-06 1.50999e-05 2.13509e-05 2.95415e-05 4.27746e-05 6.52247e-05 9.06778e-05 9.73746e-07 2.36232e-05
internal_weight=18363 505 17858 3620 147 3473 407 225 132 14238 3388 407 2981 858 548 162 10850 8891 2851 558 3066 2219 861 744 578 380 209 157 436 188
internal_count=18363 505 17858 3620 147 3473 407 225 132 14238 3388 407 2981 858 548 162 10850 8891 2851 558 3066 2219 861 744 578 380 209 157 436 188
is_linear=0
shrinkage=0.05


Tree=51
num_leaves=31
num_cat=0
split_feature=88 94 100 67 128 124 131 46 91 69 142 123 32 131 130 120 36 118 134 43 22 43 8 103 116 142 88 112 96 128
split_gain=0.000158235 0.000608022 0.00108224 0.000155351 0.000247134 0.000122386 0.000519333 0.00267689 0.00413993 6.9979e-05 7.75459e-05 0.000179454 8.0641e-05 5.83748e-05 4.72691e-05 8.07036e-05 0.000192873 0.000273336 4.31086e-05 7.44922e-05 3.62077e-05 2.90591e-05 0.000103431 8.87309e-05 2.88847e-05 5.97727e-05 0.000107199 2.36954e-05 9.67243e-05 2.49357e-05
threshold=42.112500000000004 14.500000000000002 -4.2499999999999991 9.7500000000000018 9.2709178796006242 -0.70710678118654757 34.954889260841185 99.500000000000014 13.550000000000002 288.74239995000005 626.41790677318374 -0.60355339059327362 13.15 32.789184554052362 1.0000000180025095e-35 270.77285315000006 279.54588225000003 25.550000000000004 6.5650000000000004 0.37650000000000006 43.500000000000007 0.38150000000000006 0.0090969123658166586 2447.8500000000008 291.05673010000004 311.33516139561488 35.962500000000013 294.34427470000008 47.562500000000007 9.8407074829961925
decision_type=2 2 2 2 2 2 2 2 2 2 2 2 2 2 2 8 2 10 2 2 2 2 2 2 2 2 2 2 2 2
left_child=5 2 -2 4 -3 6 7 13 -9 18 -11 -12 -13 -1 15 16 17 -8 19 20 -7 -17 -23 -24 -20 -26 -27 29 -29 -5
right_child=1 3 -4 27 -6 9 14 8 -10 10 11 12 -14 -15 -16 21 -18 -19 24 -21 -22 22 23 -25 25 26 -28 28 -30 -31
leaf_value=-8.4345418923369237e-06 0.00030084821241996231 0.00014404662367536837 0 -1.0917272690505277e-05 0 -1.9982465450106991e-05 0.00012279044295390027 0.0005864529296950087 0 0 0 0.00010987830962139098 0 4.1464246273790194e-05 -5.46285485486825e-06 -3.0213483367227802e-06 0 0 -2.501232634597582e-06 0 0 0 8.5661234220055669e-05 0 0 0 7.1768233954840481e-05 0 6.5270969931426317e-05 0
leaf_weight=407 50 50 50 653 221 1334 94 53 60 526 133 76 52 67 1778 1100 146 64 8235 1314 195 316 73 54 222 163 87 128 66 596
leaf_count=407 50 50 50 653 221 1334 94 53 60 526 133 76 52 67 1778 1100 146 64 8235 1314 195 316 73 54 222 163 87 128 66 596
internal_value=1.59578e-06 1.56115e-05 0.000137531 5.50687e-06 4.02376e-05 0 7.41578e-06 5.10106e-05 0.000268561 -2.45361e-06 1.04188e-05 3.26562e-05 7.51246e-05 0 0 5.93445e-06 2.95785e-05 6.86355e-05 -3.76441e-06 -9.4934e-06 -1.70072e-05 0 1.18737e-05 5.00916e-05 -1.31872e-06 8.70342e-06 2.71679e-05 0 1.4958e-05 -3.53373e-06
internal_weight=18363 1814 100 1714 271 16549 4212 587 113 12337 787 261 128 474 3625 1847 304 158 11550 2843 1529 1543 443 127 8707 472 250 1443 194 1249
internal_count=18363 1814 100 1714 271 16549 4212 587 113 12337 787 261 128 474 3625 1847 304 158 11550 2843 1529 1543 443 127 8707 472 250 1443 194 1249
is_linear=0
shrinkage=0.05


Tree=52
num_leaves=31
num_cat=0
split_feature=116 93 92 88 94 67 49 137 46 137 124 65 69 78 137 34 108 121 114 50 50 88 99 13 118 45 112 73 128 92
split_gain=0.000149396 0.000406456 0.00070449 0.000126464 0.000419434 0.000175426 0.00023817 0.000519016 0.000120491 0.000805267 0.0023936 0.0044991 6.96827e-05 0.000150044 0.000294571 0.000242249 6.13414e-05 3.83987e-05 9.58773e-05 8.72244e-05 0.000188758 0.000170412 2.93698e-05 2.90298e-05 0.000104055 2.59438e-05 2.54733e-05 0.000124832 2.65763e-05 2.5028e-05
threshold=294.88803905000003 271.30542860000008 10.150000000000004 42.112500000000004 14.500000000000002 9.7500000000000018 991.05000000000007 0.60500000000000009 99.500000000000014 0.055000000000000007 -0.70710678118654757 25.150000000000002 288.74239995000005 2.5000000000000004 0.25500000000000006 -0.98767245933026537 280.00948015000006 0.15000000000000005 30.550000000000004 1022.9500000000002 1025.6500000000003 35.687500000000007 2.9000000000000346 0.0029473370347222225 20.050000000000004 64.500000000000014 294.34427470000008 49.250000000000007 10.581287651958503 7.6500000000000021
decision_type=2 2 2 2 2 2 2 2 2 2 2 2 2 2 2 2 2 10 2 2 2 2 2 2 10 2 2 2 2 2
left_child=3 2 -2 8 -5 6 7 -6 12 10 11 -10 16 14 15 -14 17 22 -19 -20 21 -21 -1 -11 -25 -18 28 -28 -7 -27
right_child=1 -3 -4 4 5 26 -8 -9 9 23 -12 -13 13 -15 -16 -17 25 18 19 20 -22 -23 -24 24 -26 29 27 -29 -30 -31
leaf_value=-5.2613043296351577e-06 0.00023252065914290394 0 0 0.00011671035286493563 0 -1.012644005471023e-05 0 0.00017980654554502172 0.00059426625098603835 -2.2797941243976909e-06 0 0 0.00016498592041786582 -2.1062630661357518e-07 0 2.6821598949027232e-06 0 0 0 0 0 0.00014361937330087035 9.4768778842650976e-08 0 7.3931433650833579e-05 0 0 7.6322034812619671e-05 0 -1.9947834056395385e-05
leaf_weight=6949 58 368 79 97 69 903 62 72 54 3018 242 74 64 796 181 159 559 713 85 57 50 66 1357 212 57 244 135 59 317 1207
leaf_count=6949 58 368 79 97 69 903 62 72 54 3018 242 74 64 796 181 159 559 713 85 57 50 66 1357 212 57 244 135 59 317 1207
internal_value=1.53602e-06 2.85527e-05 0.000101748 4.90495e-07 1.35503e-05 4.2034e-06 4.78535e-05 8.6504e-05 -5.87114e-07 6.98502e-06 7.68596e-05 0.000251748 -3.20549e-06 6.66487e-06 3.25244e-05 7.21126e-05 -4.69832e-06 -2.30454e-06 5.20153e-06 3.20468e-05 5.27438e-05 8.78024e-05 -3.78444e-06 0 1.45148e-05 -1.32537e-05 0 1.38534e-05 -4.63753e-06 -1.69693e-05
internal_weight=18363 505 137 17858 1714 1617 203 141 16144 3657 370 128 12487 1200 404 223 11287 9277 971 258 173 123 8306 3287 269 2010 1414 194 1220 1451
internal_count=18363 505 137 17858 1714 1617 203 141 16144 3657 370 128 12487 1200 404 223 11287 9277 971 258 173 123 8306 3287 269 2010 1414 194 1220 1451
is_linear=0
shrinkage=0.05


Tree=53
num_leaves=31
num_cat=0
split_feature=128 2 51 33 41 92 50 84 36 92 117 25 123 19 105 128 113 21 67 128 77 21 93 133 34 49 93 83 139 8
split_gain=0.000134565 0.000371362 0.00400807 0.000337252 0.000577911 0.00150648 0.000161155 0.000143273 0.000246095 0.000263555 0.000598015 0.000548988 0.000932369 0.00153054 0.000100291 8.36482e-05 5.54377e-05 9.95286e-05 9.03405e-05 9.93597e-05 3.8478e-05 3.13063e-05 3.36672e-05 3.54752e-05 2.60229e-05 2.87211e-05 2.37669e-05 3.75936e-05 7.2278e-05 8.2157e-05
threshold=9.5184498758180087 0.0059917800000000012 261.50000000000006 0.96954199855057521 43.500000000000007 14.150000000000004 1018.85 0.95000000000000029 277.75658140000002 8.6500000000000039 0.75000000000000011 19.500000000000004 0.78656609248549325 -0.00010571428571428568 13.500000000000002 9.4793745449579916 1.3500000000000003 0.39583333333333343 14.550000000000002 8.3844366951598737 285.60260470000009 0.43750000000000006 267.9373339500001 26.470000000000002 0.60534365188872186 981.25000000000011 269.00969015000004 18.050000000000004 47.305749720203778 0.0057398312204142909
decision_type=2 2 2 2 2 2 2 2 2 2 2 2 2 2 2 2 2 2 2 2 2 2 2 2 2 2 2 2 2 2
left_child=1 3 14 7 5 -5 -6 24 9 15 11 12 13 -11 -3 -9 18 -18 -10 -20 26 22 23 -22 -1 -26 -2 -28 -29 -30
right_child=20 2 -4 4 6 -7 -8 8 16 10 -12 -13 -14 -15 -16 -17 17 -19 19 -21 21 -23 -24 -25 25 -27 27 28 29 -31
leaf_value=-6.9868788059968469e-06 -4.2663034561392276e-06 0 0.0004611816147035615 0.00034796235556046567 6.7717552700742096e-05 0 -1.4188305538472219e-05 0 -3.3253651435018133e-05 0.0003678535917925985 -3.7077976261478443e-07 0 0 0 -7.0745640845658875e-05 5.1610920410184479e-05 7.2142520490125692e-05 0 6.1676144467714102e-05 -7.305993580533956e-06 0 0 0 3.2679864564869373e-05 3.323636594037592e-05 0 -2.4329060418900265e-06 0 0 4.6365373240870781e-05
leaf_weight=3050 6885 63 51 50 79 52 178 754 319 77 117 106 75 50 74 81 51 120 58 448 174 608 74 279 64 186 3019 757 250 214
leaf_count=3050 6885 63 51 50 79 52 178 754 319 77 117 106 75 50 74 81 51 120 58 448 174 608 74 279 64 186 3019 757 250 214
internal_value=1.47524e-06 7.66629e-06 7.8487e-05 4.5573e-06 5.17473e-05 0.000152925 0 5.99599e-07 1.10643e-05 2.64217e-05 5.99275e-05 9.89413e-05 0.00014718 0.00022927 -3.00536e-05 3.33567e-06 -3.35569e-06 1.12619e-05 -1.24487e-05 0 -1.19923e-06 6.49424e-06 1.54587e-05 2.15247e-05 -5.04093e-06 0 -2.43405e-06 0 7.89188e-06 2.35003e-05
internal_weight=18363 6103 188 5915 359 102 257 5556 2256 1260 425 308 202 127 137 835 996 171 825 506 12260 1135 527 453 3300 250 11125 4240 1221 464
internal_count=18363 6103 188 5915 359 102 257 5556 2256 1260 425 308 202 127 137 835 996 171 825 506 12260 1135 527 453 3300 250 11125 4240 1221 464
is_linear=0
shrinkage=0.05


Tree=54
num_leaves=31
num_cat=0
split_feature=88 161 126 67 128 124 128 2 85 113 21 123 84 116 114 92 41 51 131 96 74 13 128 114 112 73 128 131 18 137
split_gain=0.000125757 0.0004804 0.000959828 0.000119226 0.00020445 9.30006e-05 0.000361522 0.00278325 0.000713454 0.00034719 0.000675558 5.42169e-05 0.000104635 0.000136006 3.98423e-05 0.000109986 0.000198381 0.000168367 3.66295e-05 2.67344e-05 2.52252e-05 1.8474e-05 5.18679e-05 2.1901e-05 1.79741e-05 0.000112521 2.67044e-05 1.73366e-05 1.72587e-05 1.4627e-05
threshold=42.112500000000004 0.29591836734693883 44.500000000000007 9.7500000000000018 9.2709178796006242 -0.60355339059327384 9.5184498758180087 0.0059917800000000012 282.83916310000006 0.15000000000000005 0.39583333333333343 0.60355339059327384 21.050000000000008 269.34011185000003 30.150000000000002 11.050000000000002 45.500000000000007 436.50000000000006 66.057692735826961 24.037500000000005 34.864285714285721 0.0010476202083333338 9.829221875277435 7.3500000000000005 294.34427470000008 49.250000000000007 9.1325071704984833 76.013074709213058 0.013014583333333335 7.3200000000000012
decision_type=2 2 2 2 2 2 2 2 2 2 2 2 2 2 2 2 2 2 2 2 2 2 2 2 2 2 2 2 2 2
left_child=5 2 -2 4 -3 6 7 8 9 18 -11 12 14 -14 21 16 17 -16 19 -1 -21 22 23 -7 26 -26 28 -8 -5 -13
right_child=1 3 -4 24 -6 11 27 -9 -10 10 -12 29 13 -15 15 -17 -18 -19 -20 20 -22 -23 -24 -25 25 -27 -28 -29 -30 -31
leaf_value=0 0.00027706700954962908 0.00012872632040193376 0 -3.158199474837015e-05 0 0 0 0.00036829587657911337 0.00018378700991314347 0.00019659102950782444 0 -7.7681145633834609e-06 8.7286686011327393e-05 0 0.00013317846661811927 0 0 0 0 -2.1536019431131517e-05 0 0 0 -1.4552811856968375e-05 0 7.2164595232607095e-05 0 -5.1079278092340227e-06 0 0
leaf_weight=352 50 50 50 123 221 345 893 57 56 64 113 3960 77 193 69 645 153 50 350 573 52 2325 2312 1358 135 59 1061 2373 65 179
leaf_count=352 50 50 50 123 221 345 893 57 56 64 113 3960 77 193 69 645 153 50 350 573 52 2325 2312 1358 135 59 1061 2373 65 179
internal_value=1.40041e-06 1.38947e-05 0.000122495 4.57541e-06 3.50403e-05 0 5.82277e-06 2.54841e-05 9.52734e-06 0 6.80064e-05 -2.3948e-06 0 3.06308e-05 -1.00443e-06 7.35946e-06 3.44866e-05 8.26961e-05 -5.80483e-06 -1.18063e-05 -1.80148e-05 -3.00365e-06 -5.07398e-06 -1.1695e-05 0 1.26415e-05 -3.31937e-06 -2.38596e-06 -2.06423e-05 -6.99298e-06
internal_weight=18363 1814 100 1714 271 16549 4883 1617 1560 1504 177 11666 7527 270 7257 917 272 119 1327 977 625 6340 4015 1703 1443 194 1249 3266 188 4139
internal_count=18363 1814 100 1714 271 16549 4883 1617 1560 1504 177 11666 7527 270 7257 917 272 119 1327 977 625 6340 4015 1703 1443 194 1249 3266 188 4139
is_linear=0
shrinkage=0.05


Tree=55
num_leaves=31
num_cat=0
split_feature=50 109 23 18 74 88 90 49 119 22 52 35 137 151 2 90 119 5 126 29 24 22 47 137 90 4 112 138 112 138
split_gain=7.71594e-05 0.000251108 0.000368591 0.000373697 0.000337577 0.000169205 0.000231461 0.000658211 0.000108711 0.000398062 0.00255693 0.000207034 0.000235058 0.000160081 8.69924e-05 0.000112477 0.000102109 8.1704e-05 7.84322e-05 7.83654e-05 5.12541e-05 6.02075e-05 4.752e-05 3.30103e-05 3.50886e-05 2.77145e-05 2.3985e-05 6.57478e-05 2.81427e-05 2.07741e-05
threshold=1000.2500000000001 0.45000000000000007 23.665972222222226 0.0009958333333333336 26.221428571428579 41.300000000000004 27.03979591836735 977.45000000000016 7.2500000000000009 1.0000000180025095e-35 24.500000000000004 289.75923445000006 0.13500000000000004 0.35714285714285715 0.00067201650000000017 31.191836734693879 14.250000000000002 9.4350000000000023 22.500000000000004 46.550000000000004 32.300000000000004 58.500000000000007 5.5000000000000009 0.16000000000000003 11.352040816326532 0.010809873000000001 292.98171330000008 3.1150000000000007 277.58328550000004 6.9050000000000011
decision_type=2 2 2 2 2 2 2 2 8 2 2 2 2 2 2 2 10 2 2 2 2 2 2 2 2 2 2 2 2 2
left_child=-1 5 3 -3 -5 8 7 -7 9 10 -2 20 13 -13 26 16 -16 23 19 -19 21 -11 -21 24 -10 -24 28 -28 -8 -30
right_child=1 2 -4 4 -6 6 14 -9 17 11 -12 12 -14 -15 15 -17 -18 18 -20 22 -22 -23 25 -25 -26 -27 27 -29 29 -31
leaf_value=-7.9270163059964689e-06 0 0 0 0.00022780337493392066 0 0 0 0.00019447067429235391 0 0 0.00038346160692833125 0.00015444509960486487 0 0 0 0 0.00012118190625707419 0 0 0 -3.5994108715759222e-06 5.120820620995188e-05 6.8417055721336229e-05 -3.6890342564452093e-06 -1.968183479131587e-05 0 4.8954888708215355e-05 0 -1.8649853777067549e-05 0
leaf_weight=2294 158 85 133 64 52 62 173 67 641 172 50 62 135 57 53 268 55 178 1191 124 3804 88 129 6146 1116 56 85 236 403 242
leaf_count=2294 158 85 133 64 52 62 173 67 641 172 50 62 135 57 53 268 55 178 1191 124 3804 88 129 6146 1116 56 85 236 403 242
internal_value=2.83711e-07 1.76595e-06 4.4837e-05 8.88582e-05 0.000147027 5.32421e-07 1.59009e-05 8.44053e-05 -9.05176e-07 4.99738e-06 7.27736e-05 5.58805e-07 4.49361e-05 9.58538e-05 6.71783e-06 2.75381e-05 7.21294e-05 -4.21555e-06 4.11535e-06 2.14493e-05 -9.95133e-07 1.78182e-05 3.6827e-05 -6.61729e-06 -1.40083e-05 5.38432e-05 0 1.13849e-05 -4.71743e-06 -1.171e-05
internal_weight=18379 16085 334 201 116 15751 1644 129 14107 4526 208 4318 254 119 1515 376 108 9581 1678 487 4064 260 309 7903 1757 185 1139 321 818 645
internal_count=18379 16085 334 201 116 15751 1644 129 14107 4526 208 4318 254 119 1515 376 108 9581 1678 487 4064 260 309 7903 1757 185 1139 321 818 645
is_linear=0
shrinkage=0.05


end of trees

feature_importances:
total_tp_next_48h=61
log_customers=60
t2m_at_t24h=48
mslma_t=47
min_t2m_next_48h=46
pct_wetland=38
pct_forest=35
gust_peak4h_mean_next_24h=32
last_N_t=31
soil_moist_t=31
gust_at_t24h=29
gust_max_next_24h=28
wind_speed_max_next_48h=27
pop_density=27
pct_unmapped=26
wind_speed_max_next_24h=25
total_tp_next_24h=25
sp_t=24
gust_mean_next_24h=24
min_t2m_next_24h=24
hour_cos=24
hour_sin=22
temp_change_6h=21
hour_of_day=21
hours_since_peak=20
R_t_max_72h=19
storm_onset_mean_osi=19
cumul_gust_since_onset=19
tree_canopy_std=19
osi_trend_last6h=18
cumul_tp_since_onset=18
wind_speed_at_t48h=18
forest_x_customers=18
frac_zero_72h=17
gust_gt30_since_onset=17
t2m_at_t6h=17
d2m_t=16
wind_speed_at_t24h=16
t2m_at_t48h=16
last_osi=15
gust_x_hso=15
wind_speed_max_next_6h=15
gust_gt30_next_48h=15
hours_since_obs=15
N_t_mean_72h=14
gust_max_last6h_obs=14
pressure_change_3h=14
last_D_t=13
wind_sin_t=13
blh_t=13
diffuse_rad_t=13
pre_event_mean_osi=12
wind_speed_max_next_1h=12
gust_max_next_6h=12
gust_peak4h_mean_next_48h=12
pressure_change_6h=12
N_t_max_72h=11
gust_trend_last6h_obs=11
gust_mean_next_48h=11
tree_canopy_pct=11
R_t_mean_72h=10
gust_mean_obs=10
gust_last_obs=10
r2_t=10
min_t2m_next_6h=10
gust_at_t48h=10
pct_developed=10
last_R_t=9
wind_speed_t=9
wind_cos_t=9
lcc_t=9
gust_peak4h_mean_next_6h=9
sdswrf_t=8
min_t2m_next_1h=8
gust_change_3h=8
pct_forest_classified=8
osi_max_72h=7
gust_gt30_obs=7
vpd_t=7
soil_moist_x_gust=7
gust_gt30_next_24h=7
tp_rate_next_48h=7
last_P_t=6
pre_event_max_outage_pct=6
mcc_t=6
temp_c_t=6
gust_mean_next_6h=6
t2m_at_t1h=6
n_utilities=6
osi_mean_72h=5
outage_pct_mean_72h=5
gust_max_obs=5
csnow_t=5
soil_gust_x_phase=5
total_tp_next_6h=5
wind_speed_at_t1h=5
tp_at_t6h=5
tp_at_t24h=5
tp_at_t48h=5
osi_std_72h=4
direct_rad_t=4
et0_t=4
gust_at_t6h=4
rural_urban_code=4
pct_water=4
gust_gt30_frac_next_48h=4
last_outage_pct=3
outage_pct_max_72h=3
storm_onset_max_osi=3
t2m_t=3
tcc_t=3
gust_max_next_1h=3
gust_gt30_next_6h=3
wind_speed_at_t6h=3
tp_rate_next_24h=3
gust_t=2
dewpoint_c_t=2
gust_x_phase=2
gust_exceed30_x_hso=2
gust_mean_next_1h=2
total_tp_next_1h=2
gust_max_next_48h=2
gust_change_1h=2
wind_change_1h=2
gust_gt30_frac_next_24h=2
gust_gt40_obs=1
tp_t=1
gust_peak4h_mean_next_1h=1
tp_at_t1h=1
is_metro=1
pct_agriculture=1
tp_rate_next_6h=1
gust_gt30_frac_next_6h=1

parameters:
[boosting: gbdt]
[objective: huber]
[metric: rmse]
[tree_learner: serial]
[device_type: cpu]
[data_sample_strategy: bagging]
[data: ]
[valid: ]
[num_iterations: 56]
[learning_rate: 0.05]
[num_leaves: 31]
[num_threads: 1]
[seed: 42]
[deterministic: 1]
[force_col_wise: 1]
[force_row_wise: 0]
[histogram_pool_size: -1]
[max_depth: -1]
[min_data_in_leaf: 50]
[min_sum_hessian_in_leaf: 0.001]
[bagging_fraction: 0.8]
[pos_bagging_fraction: 1]
[neg_bagging_fraction: 1]
[bagging_freq: 5]
[bagging_seed: 42]
[bagging_by_query: 0]
[feature_fraction: 0.8]
[feature_fraction_bynode: 1]
[feature_fraction_seed: 42]
[extra_trees: 0]
[extra_seed: 12879]
[early_stopping_round: 0]
[early_stopping_min_delta: 0]
[first_metric_only: 0]
[max_delta_step: 0]
[lambda_l1: 0.1]
[lambda_l2: 1]
[linear_lambda: 0]
[min_gain_to_split: 0]
[drop_rate: 0.1]
[max_drop: 50]
[skip_drop: 0.5]
[xgboost_dart_mode: 0]
[uniform_drop: 0]
[drop_seed: 42]
[top_rate: 0.2]
[other_rate: 0.1]
[min_data_per_group: 100]
[max_cat_threshold: 32]
[cat_l2: 10]
[cat_smooth: 10]
[max_cat_to_onehot: 4]
[top_k: 20]
[monotone_constraints: ]
[monotone_constraints_method: basic]
[monotone_penalty: 0]
[feature_contri: ]
[forcedsplits_filename: ]
[refit_decay_rate: 0.9]
[cegb_tradeoff: 1]
[cegb_penalty_split: 0]
[cegb_penalty_feature_lazy: ]
[cegb_penalty_feature_coupled: ]
[path_smooth: 0]
[interaction_constraints: ]
[verbosity: -1]
[saved_feature_importance_type: 0]
[use_quantized_grad: 0]
[num_grad_quant_bins: 4]
[quant_train_renew_leaf: 0]
[stochastic_rounding: 1]
[linear_tree: 0]
[max_bin: 255]
[max_bin_by_feature: ]
[min_data_in_bin: 3]
[bin_construct_sample_cnt: 200000]
[data_random_seed: 42]
[is_enable_sparse: 1]
[enable_bundle: 1]
[use_missing: 1]
[zero_as_missing: 0]
[feature_pre_filter: 1]
[pre_partition: 0]
[two_round: 0]
[header: 0]
[label_column: ]
[weight_column: ]
[group_column: ]
[ignore_column: ]
[categorical_feature: ]
[forcedbins_filename: ]
[precise_float_parser: 0]
[parser_config_file: ]
[objective_seed: 16083]
[num_class: 1]
[is_unbalance: 0]
[scale_pos_weight: 1]
[sigmoid: 1]
[boost_from_average: 1]
[reg_sqrt: 0]
[alpha: 0.9]
[fair_c: 1]
[poisson_max_delta_step: 0.7]
[tweedie_variance_power: 1.5]
[lambdarank_truncation_level: 30]
[lambdarank_norm: 1]
[label_gain: ]
[lambdarank_position_bias_regularization: 0]
[eval_at: ]
[multi_error_top_k: 1]
[auc_mu_weights: ]
[num_machines: 1]
[local_listen_port: 12400]
[time_out: 120]
[machine_list_filename: ]
[machines: ]
[gpu_platform_id: -1]
[gpu_device_id: -1]
[gpu_device_id_list: ]
[gpu_use_dp: 0]
[num_gpu: 1]

end of parameters

pandas_categorical:[]
