fipsCode,timestamp_et,hour_idx,fold,horizon,target_timestamp,target_hour,actual,prediction,C1_prediction,historical_prediction,sse,historical_sse
18013,2026-03-14 00:00:00,72,1,1,2026-03-14 01:00:00,73,0.0079,0.01152009979387188,0.01152009979387188,0.013573979511933355,1.3105122517591225e-05,3.2194043501839464e-05
18013,2026-03-14 01:00:00,73,1,1,2026-03-14 02:00:00,74,0.0001,0.012723597648511482,0.012723597648511482,0.01425397617582382,0.00015935521759150462,0.00020033504158578833
18013,2026-03-14 02:00:00,74,1,1,2026-03-14 03:00:00,75,0.0,0.01198474725558731,0.01198474725558731,0.014219985747630622,0.00014363416678030757,0.000202207994662818
18013,2026-03-14 03:00:00,75,1,1,2026-03-14 04:00:00,76,0.0,0.011604869048945901,0.011604869048945901,0.014902608236736734,0.00013467298564318256,0.00022208773225765354
18013,2026-03-14 04:00:00,76,1,1,2026-03-14 05:00:00,77,0.0,0.012689481001326717,0.012689481001326717,0.014189200337229285,0.0001610229280830317,0.00020133340621002766
18013,2026-03-14 05:00:00,77,1,1,2026-03-14 06:00:00,78,0.0,0.011550786563734206,0.012373057595698487,0.009451056149582438,0.00013342067024094267,8.932246234256001e-05
18013,2026-03-14 06:00:00,78,1,1,2026-03-14 07:00:00,79,0.0,0.0126584216797793,0.013786954960235642,0.00968702317015543,0.00016023563942310659,9.383841789912814e-05
18013,2026-03-14 07:00:00,79,1,1,2026-03-14 08:00:00,80,0.0001,0.012234532807544359,0.013788024638644071,0.00911883566796079,0.0001472468864573704,8.133939680568175e-05
18013,2026-03-14 08:00:00,80,1,1,2026-03-14 09:00:00,81,0.0001,0.010646051110664958,0.01058741816760059,0.007210162782820678,0.00011121919402875761,5.0554414798208284e-05
18013,2026-03-14 09:00:00,81,1,1,2026-03-14 10:00:00,82,0.0001,0.006998646359061905,0.008361443061227918,0.005364307288701022,4.7591321587398074e-05,2.77129312298707e-05
18013,2026-03-14 10:00:00,82,1,1,2026-03-14 11:00:00,83,0.0001,0.0055077888174920675,0.005083605190559175,0.0038319883594790678,2.924417989459225e-05,1.3927737115287264e-05
18013,2026-03-14 11:00:00,83,1,1,2026-03-14 12:00:00,84,0.0,0.0042539100465804084,0.003923684367468537,0.003532726483795201,1.8095750684397733e-05,1.2480156409308003e-05
18013,2026-03-14 12:00:00,84,1,1,2026-03-14 13:00:00,85,0.0,0.0038652565044039427,0.003538796901625533,0.0030578661079984333,1.4940207844836986e-05,9.350545134445487e-06
18013,2026-03-14 13:00:00,85,1,1,2026-03-14 14:00:00,86,0.0,0.004085899970846355,0.0034128966723567656,0.0030533185361891384,1.6694578571762246e-05,9.322754083436183e-06
18013,2026-03-14 14:00:00,86,1,1,2026-03-14 15:00:00,87,0.0,0.003099608083332701,0.0013401014378351971,0.002522127569042585,9.607570270261422e-06,6.361127474524659e-06
18013,2026-03-14 15:00:00,87,1,1,2026-03-14 16:00:00,88,0.0,0.0033976099929934056,0.0021543641567789585,0.0026832426813958596,1.1543753664488649e-05,7.199791287264442e-06
18013,2026-03-14 16:00:00,88,1,1,2026-03-14 17:00:00,89,0.0,0.0035692498758431814,0.0026848947013497345,0.002704942696023354,1.2739544676206566e-05,7.316714988770091e-06
18013,2026-03-14 17:00:00,89,1,1,2026-03-14 18:00:00,90,0.0,0.0033518659697792815,0.0027605862403077366,0.002633833507824648,1.1235005479364404e-05,6.937078946939891e-06
18013,2026-03-14 18:00:00,90,1,1,2026-03-14 19:00:00,91,0.0,0.002539508104996458,0.0021325820272802692,0.0021782151180549576,6.449101415342701e-06,4.744621100523173e-06
18013,2026-03-14 19:00:00,91,1,1,2026-03-14 20:00:00,92,0.0,0.001830798645742787,0.0015970864977812116,0.0015900379914543425,3.351823681253623e-06,2.5282208142681597e-06
18013,2026-03-14 20:00:00,92,1,1,2026-03-14 21:00:00,93,0.0,0.001955017199325467,0.0012490401092370223,0.0016519475707965864,3.822092249658393e-06,2.728930776660743e-06
18013,2026-03-14 21:00:00,93,1,1,2026-03-14 22:00:00,94,0.0,0.0015497484396521854,0.0012254205747026094,0.0015455287113833019,2.4017202262043832e-06,2.3886589977101295e-06
18013,2026-03-14 22:00:00,94,1,1,2026-03-14 23:00:00,95,0.0,0.0017113599879016435,0.0019227871255914314,0.0015042152178105655,2.9287530081907133e-06,2.262663421492887e-06
18013,2026-03-14 23:00:00,95,1,1,2026-03-15 00:00:00,96,0.0,0.0018144907036749993,0.002579705778441975,0.0023693461410874907,3.292376513722994e-06,5.613801136286183e-06
18013,2026-03-15 00:00:00,96,1,1,2026-03-15 01:00:00,97,0.0,0.0013261712878745117,0.001138374992633651,0.001910318683089227,1.758730284782741e-06,3.649317470959758e-06
18013,2026-03-15 01:00:00,97,1,1,2026-03-15 02:00:00,98,0.0,0.0013094304499213392,0.0,0.0020238371124206133,1.7146081031812008e-06,4.095916657611006e-06
18013,2026-03-15 02:00:00,98,1,1,2026-03-15 03:00:00,99,0.0,0.0,0.0,0.0014267002765541773,0.0,2.035473679119766e-06
18013,2026-03-15 03:00:00,99,1,1,2026-03-15 04:00:00,100,0.0,0.0,0.0,0.0015064586053918803,0.0,2.2694175297592488e-06
18013,2026-03-15 04:00:00,100,1,1,2026-03-15 05:00:00,101,0.0,0.0,0.0,0.0017244219929203972,0.0,2.9736312096675545e-06
18013,2026-03-15 05:00:00,101,1,1,2026-03-15 06:00:00,102,0.0,0.0,0.0,0.0017040515681680493,0.0,2.903791746975988e-06
18013,2026-03-15 06:00:00,102,1,1,2026-03-15 07:00:00,103,0.0,0.0010382966421166899,0.0010473719780112003,0.0018924186368198552,1.0780599170307935e-06,3.581248296983119e-06
18013,2026-03-15 07:00:00,103,1,1,2026-03-15 08:00:00,104,0.0003,0.0011602432156199477,0.0010343694948355753,0.0019810476229659237,7.40018390020148e-07,2.8259211106793827e-06
18013,2026-03-15 08:00:00,104,1,1,2026-03-15 09:00:00,105,0.0015,0.0014418711762119387,0.0011612960011373784,0.0021893522469110865,3.37896015498349e-09,4.752065203213635e-07
18013,2026-03-15 09:00:00,105,1,1,2026-03-15 10:00:00,106,0.0083,0.0033534210951442728,0.002486407714772608,0.003603718351878772,2.446864286196368e-05,2.2055061318480243e-05
18013,2026-03-15 10:00:00,106,1,1,2026-03-15 11:00:00,107,0.0539,0.009331750214054,0.008413894677794126,0.007181528949395415,0.0019863288889824765,0.002182615537306179
18013,2026-03-15 11:00:00,107,1,1,2026-03-15 12:00:00,108,0.1214,0.011762171979121527,0.012468993105056067,0.009148086925187652,0.012020453333135724,0.012600491988955227
18013,2026-03-15 12:00:00,108,1,1,2026-03-15 13:00:00,109,0.1379,0.013272016675004676,0.014493425484255695,0.0104785792420998,0.01553213422765531,0.01623621846796184
18013,2026-03-15 13:00:00,109,1,1,2026-03-15 14:00:00,110,0.1182,0.013281657256129512,0.012623378161804555,0.00981251126818115,0.011007858644120282,0.011747847713590158
18013,2026-03-15 14:00:00,110,1,1,2026-03-15 15:00:00,111,0.1161,0.012697031998546542,0.011465390627462504,0.008982074785139123,0.010692173791509609,0.011474249902336526
18013,2026-03-15 15:00:00,111,1,1,2026-03-15 16:00:00,112,0.1087,0.011359512007791546,0.011287007140085056,0.008896542423375687,0.009475170602561278,0.00996073014424905
18013,2026-03-15 16:00:00,112,1,1,2026-03-15 17:00:00,113,0.0835,0.009264881281953713,0.008283648377621772,0.007564815846078058,0.005510852851082427,0.005766152192490039
18013,2026-03-15 17:00:00,113,1,1,2026-03-15 18:00:00,114,0.0834,0.008437350510838184,0.006946519325414246,0.007276641688089255,0.005619398818434932,0.0057947656806835515
18013,2026-03-15 18:00:00,114,1,1,2026-03-15 19:00:00,115,0.1168,0.007356162766252944,0.006294175377640663,0.006370384369184217,0.011977953508446918,0.012194700008369714
18013,2026-03-15 19:00:00,115,1,1,2026-03-15 20:00:00,116,0.0684,0.006192526801348347,0.005555254897647315,0.005586435844983848,0.0038697697217609643,0.0039455438418563304
18013,2026-03-15 20:00:00,116,1,1,2026-03-15 21:00:00,117,0.0515,0.0057967901819037685,0.005943325737278826,0.005464554211286428,0.0020887833876769278,0.0021192622689655857
18013,2026-03-15 21:00:00,117,1,1,2026-03-15 22:00:00,118,0.0457,0.005412945474468694,0.00587169290803145,0.005794645540785788,0.0016230467623431321,0.0015924373145155277
18013,2026-03-15 22:00:00,118,1,1,2026-03-15 23:00:00,119,0.0523,0.006118013483304837,0.005845985285721031,0.005755052919427673,0.0021327758786282135,0.0021664320987332788
18013,2026-03-15 23:00:00,119,1,1,2026-03-16 00:00:00,120,0.0532,0.009027910823500948,0.013032245740356559,0.007501588390308035,0.0019511734622165845,0.0020883448236488295
18013,2026-03-16 00:00:00,120,1,1,2026-03-16 01:00:00,121,0.0459,0.010150306597024915,0.013946339924080146,0.00770600582802285,0.0012780405784067206,0.0014587811908090245
18013,2026-03-16 01:00:00,121,1,1,2026-03-16 02:00:00,122,0.0498,0.00883790728346061,0.013950826385301564,0.007507358716889133,0.0016778930397183692,0.0017886675067018936
18013,2026-03-16 02:00:00,122,1,1,2026-03-16 03:00:00,123,0.0733,0.008776420687797458,0.016338549396563658,0.007343384051268576,0.004163292287258091,0.004350275187408452
18013,2026-03-16 03:00:00,123,1,1,2026-03-16 04:00:00,124,0.0774,0.008143878136339601,0.013994640867310618,0.006476293078183137,0.00479641041559418,0.005030172203531773
18013,2026-03-16 04:00:00,124,1,1,2026-03-16 05:00:00,125,0.0715,0.008674051460507677,0.013598873281520077,0.006811754511023068,0.003947099809886937,0.004184569104442142
18013,2026-03-16 05:00:00,125,1,1,2026-03-16 06:00:00,126,0.0474,0.007083560880908281,0.007462708469610008,0.005338455442354138,0.001625415263243429,0.001769173530574828
18013,2026-03-16 06:00:00,126,1,1,2026-03-16 07:00:00,127,0.0451,0.00820496400447546,0.009804909211923975,0.0063553463545365655,0.0013612436811110517,0.0015011481861069232
18013,2026-03-16 07:00:00,127,1,1,2026-03-16 08:00:00,128,0.042,0.009577086520378343,0.009345554298560906,0.007599337709336141,0.0010512453185070319,0.0011834055660363025
18013,2026-03-16 08:00:00,128,1,1,2026-03-16 09:00:00,129,0.0394,0.011232964082903113,0.011500822681614472,0.008442576447014453,0.000793381912355026,0.0009583620730389441
18013,2026-03-16 09:00:00,129,1,1,2026-03-16 10:00:00,130,0.0302,0.010504010841483726,0.011808329944660937,0.008250497875559728,0.00038793198893239056,0.0004817806435108081
18013,2026-03-16 10:00:00,130,1,1,2026-03-16 11:00:00,131,0.0227,0.010069627464130614,0.009340762062946914,0.007995059849109015,0.0001595263103948437,0.00021623526484128584
18013,2026-03-16 11:00:00,131,1,1,2026-03-16 12:00:00,132,0.0248,0.011435205630653441,0.011471913409933397,0.009448043007066195,0.00017861772853491745,0.00023568258351288916
18013,2026-03-16 12:00:00,132,1,1,2026-03-16 13:00:00,133,0.0194,0.011369516883761576,0.009578828603091841,0.009013585163392445,6.44886590801904e-05,0.00010787761315810156
18013,2026-03-16 13:00:00,133,1,1,2026-03-16 14:00:00,134,0.0126,0.01015492295846483,0.006658702338192837,0.008746842218366283,5.978401739042379e-06,1.4846824890164469e-05
18013,2026-03-16 14:00:00,134,1,1,2026-03-16 15:00:00,135,0.0081,0.010262836213659192,0.007799685281048012,0.009052435171813525,4.677860487115632e-06,9.071327565074588e-07
18013,2026-03-16 15:00:00,135,1,1,2026-03-16 16:00:00,136,0.0055,0.010712629404555434,0.006800595504868135,0.008949520545211058,2.717150530923594e-05,1.1899191991833194e-05
18013,2026-03-16 16:00:00,136,1,1,2026-03-16 17:00:00,137,0.0069,0.010830062772213446,0.006831367261026555,0.009074081367572972,1.5445393393538033e-05,4.726629792827962e-06
18013,2026-03-16 17:00:00,137,1,1,2026-03-16 18:00:00,138,0.0027,0.010757934439370318,0.008990209732941802,0.009533527912100267,6.493030742919022e-05,4.669710372545343e-05
18013,2026-03-16 18:00:00,138,1,1,2026-03-16 19:00:00,139,0.001,0.011434121241051769,0.011330683096954931,0.010297247756387325,0.00010887088607296773,8.643881584364916e-05
18013,2026-03-16 19:00:00,139,1,1,2026-03-16 20:00:00,140,0.0015,0.013215008113335848,0.012086371779386772,0.01067856253190797,0.00013724141509552476,8.424601015214485e-05
18013,2026-03-16 20:00:00,140,1,1,2026-03-16 21:00:00,141,0.0037,0.012233558029504564,0.010617224106022099,0.01030803202450124,7.282161264292181e-05,4.3666087236833946e-05
18013,2026-03-16 21:00:00,141,1,1,2026-03-16 22:00:00,142,0.0036,0.014442460052963537,0.013609919626229958,0.011220404152111438,0.00011755894000011009,5.8070559441517246e-05
18013,2026-03-16 22:00:00,142,1,1,2026-03-16 23:00:00,143,0.0004,0.016290577387928933,0.02459403667698945,0.012881096478152198,0.00025251044972175827,0.00015577776929694322
18013,2026-03-16 23:00:00,143,1,1,2026-03-17 00:00:00,144,0.001,0.014569563222115082,0.0176244959243346,0.011298945831026079,0.00018413304603897827,0.00010606828523040943
18013,2026-03-17 00:00:00,144,1,1,2026-03-17 01:00:00,145,0.0035,0.012601814901482681,0.0117952591072262,0.00928915583995603,8.28430345008522e-05,3.351432533929702e-05
18013,2026-03-17 01:00:00,145,1,1,2026-03-17 02:00:00,146,0.0012,0.012274167817986823,0.014501703842351317,0.009705815685681497,0.00012263719286093505,7.23489004787854e-05
18013,2026-03-17 02:00:00,146,1,1,2026-03-17 03:00:00,147,0.0028,0.011447371792469805,0.011240284304473831,0.0091494292311907,7.477703891720243e-05,4.031525156189893e-05
18013,2026-03-17 03:00:00,147,1,1,2026-03-17 04:00:00,148,0.0123,0.01384677663654325,0.014358040263273834,0.011633632347368023,2.3925179633560495e-06,4.4404584847425156e-07
18013,2026-03-17 04:00:00,148,1,1,2026-03-17 05:00:00,149,0.0133,0.013050093553638594,0.01411560093902134,0.010997094906557084,6.245323193298608e-08,5.303371869405325e-06
18013,2026-03-17 05:00:00,149,1,1,2026-03-17 06:00:00,150,0.011,0.012976567145920982,0.013512080010721397,0.010706523617056854,3.906817682334217e-06,8.612838734539152e-08
18013,2026-03-17 06:00:00,150,1,1,2026-03-17 07:00:00,151,0.002,0.012947888293332438,0.013113206186411944,0.011020209226147533,0.00011985625808328543,8.136417448347707e-05
18013,2026-03-17 07:00:00,151,1,1,2026-03-17 08:00:00,152,0.002,0.012171361336819285,0.014288493162494436,0.010593149015864708,0.00010345659144414219,7.384221000885661e-05
18013,2026-03-17 08:00:00,152,1,1,2026-03-17 09:00:00,153,0.0028,0.011448080064070524,0.014132501394057825,0.009870887959407073,7.478928879457403e-05,4.999745653448792e-05
18013,2026-03-17 09:00:00,153,1,1,2026-03-17 10:00:00,154,0.0019,0.011028451842404,0.012487070427302708,0.009569679069305908,8.332863303908898e-05,5.8823977026149135e-05
18013,2026-03-17 10:00:00,154,1,1,2026-03-17 11:00:00,155,0.001,0.012550734512527615,0.017056118390373933,0.010986342875768412,0.00013341946777889653,9.97270440324105e-05
18013,2026-03-17 11:00:00,155,1,1,2026-03-17 12:00:00,156,0.0001,0.012208733346537583,0.017796209080122454,0.01075177611251052,0.00014662142325755126,0.00011346033435104972
18013,2026-03-17 12:00:00,156,1,1,2026-03-17 13:00:00,157,0.0008,0.011702280210664374,0.016130412576570757,0.010445189812223388,0.00011885971379184401,9.302968651381783e-05
18013,2026-03-17 13:00:00,157,1,1,2026-03-17 14:00:00,158,0.0015,0.009906705307149297,0.01402405925826037,0.009029508057493805,7.067269412125217e-05,5.669349158786414e-05
18013,2026-03-17 14:00:00,158,1,1,2026-03-17 15:00:00,159,0.0004,0.006155383848734666,0.010216529749349855,0.005940682739885146,3.3124443246275854e-05,3.069916522406117e-05
18013,2026-03-17 15:00:00,159,1,1,2026-03-17 16:00:00,160,0.0003,0.005335501230089303,0.009815137601445144,0.005360240808341053,2.5356272638230882e-05,2.560603703840011e-05
18013,2026-03-17 16:00:00,160,1,1,2026-03-17 17:00:00,161,0.0004,0.00397372866293842,0.008730647066682593,0.004336941486764686,1.2771536556307623e-05,1.5499508270208936e-05
18013,2026-03-17 17:00:00,161,1,1,2026-03-17 18:00:00,162,0.0004,0.0025612832961461316,0.006057196713890589,0.003104271631131915,4.671145486200286e-06,7.3130850549448675e-06
18013,2026-03-17 18:00:00,162,1,1,2026-03-17 19:00:00,163,0.0003,0.0,0.0026955735562009847,0.0017967186446048223,8.999999999999999e-08,2.240166701107697e-06
18013,2026-03-17 19:00:00,163,1,1,2026-03-17 20:00:00,164,0.0002,0.0,0.0,0.0013262950181693186,4e-08,1.2685404679530255e-06
18013,2026-03-17 20:00:00,164,1,1,2026-03-17 21:00:00,165,0.0003,0.0,0.0023252461218875556,0.0014312730727157933,8.999999999999999e-08,1.2797787650518327e-06
18013,2026-03-17 21:00:00,165,1,1,2026-03-17 22:00:00,166,0.0003,0.0,0.00150168465112167,0.0013377237749251161,8.999999999999999e-08,1.0768706330448331e-06
18013,2026-03-17 22:00:00,166,1,1,2026-03-17 23:00:00,167,0.0002,0.0,0.002528134226367751,0.0017019130860687617,4e-08,2.2557429181045915e-06
18013,2026-03-17 23:00:00,167,1,1,2026-03-18 00:00:00,168,0.0002,0.0,0.0031277037479330405,0.0019467793894151634,4e-08,3.0512382352856106e-06
18013,2026-03-18 00:00:00,168,1,1,2026-03-18 01:00:00,169,0.0001,0.0,0.0,0.0010334866915728904,1e-08,8.713974033437006e-07
18013,2026-03-18 01:00:00,169,1,1,2026-03-18 02:00:00,170,0.0,0.0,0.0,0.0,0.0,0.0
18013,2026-03-18 02:00:00,170,1,1,2026-03-18 03:00:00,171,0.0,0.0,0.0,0.0,0.0,0.0
18013,2026-03-18 03:00:00,171,1,1,2026-03-18 04:00:00,172,0.0,0.0,0.0,0.0010231439240013785,0.0,1.0468234892209384e-06
18013,2026-03-18 04:00:00,172,1,1,2026-03-18 05:00:00,173,0.0,0.0,0.0,0.0012324520196104808,0.0,1.5189379806419528e-06
18013,2026-03-18 05:00:00,173,1,1,2026-03-18 06:00:00,174,0.0,0.0,0.0,0.0010402150951006955,0.0,1.082047444075349e-06
18013,2026-03-18 06:00:00,174,1,1,2026-03-18 07:00:00,175,0.0,0.0,0.0,0.0010666177751167305,0.0,1.1376734781949644e-06
18013,2026-03-18 07:00:00,175,1,1,2026-03-18 08:00:00,176,0.0,0.0,0.0,0.0011123832633928915,0.0,1.237396524676619e-06
18013,2026-03-18 08:00:00,176,1,1,2026-03-18 09:00:00,177,0.0001,0.0,0.0,0.0010372193921893004,1e-08,8.783801890956815e-07
18013,2026-03-18 09:00:00,177,1,1,2026-03-18 10:00:00,178,0.0001,0.0,0.0,0.0011027825278292975,1e-08,1.0055727981197158e-06
18013,2026-03-18 10:00:00,178,1,1,2026-03-18 11:00:00,179,0.0001,0.0,0.0,0.0010776448063811765,1e-08,9.557893674440878e-07
18013,2026-03-18 11:00:00,179,1,1,2026-03-18 12:00:00,180,0.0001,0.0,0.0,0.0011016143595340303,1e-08,1.0032313252247655e-06
18013,2026-03-18 12:00:00,180,1,1,2026-03-18 13:00:00,181,0.0001,0.0,0.0,0.0010482067364237218,1e-08,8.990960149993253e-07
18013,2026-03-18 13:00:00,181,1,1,2026-03-18 14:00:00,182,0.0001,0.0,0.0,0.0010051567201829791,1e-08,8.193086880924079e-07
18013,2026-03-18 14:00:00,182,1,1,2026-03-18 15:00:00,183,0.0001,0.0,0.0,0.001051779084072759,1e-08,9.0588342487838e-07
18013,2026-03-18 15:00:00,183,1,1,2026-03-18 16:00:00,184,0.0001,0.0,0.0,0.001035955752615302,1e-08,8.760131708536763e-07
18013,2026-03-18 16:00:00,184,1,1,2026-03-18 17:00:00,185,0.0,0.0,0.0,0.0010989739413753742,0.0,1.2077437238221245e-06
18013,2026-03-18 17:00:00,185,1,1,2026-03-18 18:00:00,186,0.0,0.0,0.0,0.0,0.0,0.0
18013,2026-03-18 18:00:00,186,1,1,2026-03-18 19:00:00,187,0.0,0.0,0.0,0.0,0.0,0.0
18013,2026-03-18 19:00:00,187,1,1,2026-03-18 20:00:00,188,0.0,0.0,0.0,0.0,0.0,0.0
18013,2026-03-18 20:00:00,188,1,1,2026-03-18 21:00:00,189,0.0,0.0,0.0,0.0,0.0,0.0
18013,2026-03-18 21:00:00,189,1,1,2026-03-18 22:00:00,190,0.0,0.0,0.0,0.0,0.0,0.0
18013,2026-03-18 22:00:00,190,1,1,2026-03-18 23:00:00,191,0.0,0.0,0.0,0.0010667853338917335,0.0,1.1380309486064974e-06
18013,2026-03-18 23:00:00,191,1,1,2026-03-19 00:00:00,192,0.0,0.0,0.0,0.0,0.0,0.0
18013,2026-03-19 00:00:00,192,1,1,2026-03-19 01:00:00,193,0.0,0.0,0.0,0.001030452042629048,0.0,1.0618314121583771e-06
18013,2026-03-19 01:00:00,193,1,1,2026-03-19 02:00:00,194,0.0,0.0,0.0,0.0,0.0,0.0
18013,2026-03-19 02:00:00,194,1,1,2026-03-19 03:00:00,195,0.0,0.0,0.0,0.0,0.0,0.0
18013,2026-03-19 03:00:00,195,1,1,2026-03-19 04:00:00,196,0.0,0.0,0.0,0.0,0.0,0.0
18013,2026-03-19 04:00:00,196,1,1,2026-03-19 05:00:00,197,0.0,0.0,0.0,0.0,0.0,0.0
18013,2026-03-19 05:00:00,197,1,1,2026-03-19 06:00:00,198,0.0,0.0,0.0,0.0,0.0,0.0
18013,2026-03-19 06:00:00,198,1,1,2026-03-19 07:00:00,199,0.0,0.0,0.0,0.0010206983228449214,0.0,1.0418250662584353e-06
18013,2026-03-19 07:00:00,199,1,1,2026-03-19 08:00:00,200,0.0,0.0,0.0,0.001008543871807513,0.0,1.0171607413604894e-06
18013,2026-03-19 08:00:00,200,1,1,2026-03-19 09:00:00,201,0.0,0.0,0.0,0.0010429540446202778,0.0,1.0877531391897963e-06
18013,2026-03-19 09:00:00,201,1,1,2026-03-19 10:00:00,202,0.0001,0.0,0.0,0.0010500384750283262,1e-08,9.025731040341476e-07
18013,2026-03-19 10:00:00,202,1,1,2026-03-19 11:00:00,203,0.0001,0.0,0.0,0.001084949540773049,1e-08,9.7012559786904e-07
18013,2026-03-19 11:00:00,203,1,1,2026-03-19 12:00:00,204,0.0,0.0,0.0,0.0011667106068066738,0.0,1.3612136400351969e-06
18013,2026-03-19 12:00:00,204,1,1,2026-03-19 13:00:00,205,0.0,0.0,0.0,0.0010366707509947637,0.0,1.0746862459680475e-06
18013,2026-03-19 13:00:00,205,1,1,2026-03-19 14:00:00,206,0.0,0.0,0.0010552314556706657,0.001446588866544721,0.0,2.0926193488111403e-06
18013,2026-03-19 14:00:00,206,1,1,2026-03-19 15:00:00,207,0.0,0.0,0.0,0.0,0.0,0.0
18013,2026-03-19 15:00:00,207,1,1,2026-03-19 16:00:00,208,0.0,0.0,0.0,0.0010167618513457868,0.0,1.0338046623521117e-06
18013,2026-03-19 16:00:00,208,1,1,2026-03-19 17:00:00,209,0.0,0.0,0.0,0.0010397389372348111,0.0,1.0810570576021747e-06
18013,2026-03-19 17:00:00,209,1,1,2026-03-19 18:00:00,210,0.0,0.0,0.0,0.0,0.0,0.0
18013,2026-03-19 18:00:00,210,1,1,2026-03-19 19:00:00,211,0.0,0.0,0.0,0.0010057650565171467,0.0,1.0115633489109393e-06
18013,2026-03-19 19:00:00,211,1,1,2026-03-19 20:00:00,212,0.0,0.0,0.0,0.0010078584719886853,0.0,1.0157786995593674e-06
18013,2026-03-19 20:00:00,212,1,1,2026-03-19 21:00:00,213,0.0,0.0,0.0,0.0,0.0,0.0
18013,2026-03-19 21:00:00,213,1,1,2026-03-19 22:00:00,214,0.0,0.0,0.0,0.0,0.0,0.0
18013,2026-03-19 22:00:00,214,1,1,2026-03-19 23:00:00,215,0.0,0.0,0.0,0.0010216090214405214,0.0,1.0436849926886596e-06
39115,2026-03-14 00:00:00,72,2,1,2026-03-14 01:00:00,73,0.0388,0.05027565384589613,0.05027565384589613,0.05036385182944528,0.00013169063119083057,0.00013372266913336486
39115,2026-03-14 01:00:00,73,2,1,2026-03-14 02:00:00,74,0.0403,0.049459046769490984,0.049459046769490984,0.04958791066438653,8.38881377257232e-05,8.626528450962501e-05
39115,2026-03-14 02:00:00,74,2,1,2026-03-14 03:00:00,75,0.0452,0.048302053896386365,0.048302053896386365,0.04841601954898453,9.62273837608585e-06,1.0342781739450673e-05
39115,2026-03-14 03:00:00,75,2,1,2026-03-14 04:00:00,76,0.0403,0.046125735540730003,0.046125735540730003,0.046195405692627776,3.393919459052468e-05,3.4755808280667964e-05
39115,2026-03-14 04:00:00,76,2,1,2026-03-14 05:00:00,77,0.0381,0.04480461191817748,0.04480461191817748,0.044779229113220985,4.495182097336748e-05,4.461210154689876e-05
39115,2026-03-14 05:00:00,77,2,1,2026-03-14 06:00:00,78,0.0382,0.03712089028665992,0.043145212368964,0.037555826560669525,1.1644777734249016e-06,4.1495941993885017e-07
39115,2026-03-14 06:00:00,78,2,1,2026-03-14 07:00:00,79,0.0381,0.03655696455583084,0.04099042248162188,0.03669757389477203,2.3809583819623318e-06,1.9667989806248944e-06
39115,2026-03-14 07:00:00,79,2,1,2026-03-14 08:00:00,80,0.0363,0.0357763457872359,0.03966008797785462,0.035551403846732894,2.742137345455855e-07,5.603962006863063e-07
39115,2026-03-14 08:00:00,80,2,1,2026-03-14 09:00:00,81,0.0241,0.03328005281224284,0.038045171247444345,0.0327118168589079,8.427336963556768e-05,7.416338961137035e-05
39115,2026-03-14 09:00:00,81,2,1,2026-03-14 10:00:00,82,0.0222,0.02966692978411207,0.03219495692097004,0.02912544405904937,5.575504040085989e-05,4.79617754150222e-05
39115,2026-03-14 10:00:00,82,2,1,2026-03-14 11:00:00,83,0.0219,0.026153073263639318,0.02810110593154441,0.02595030280561746,1.8088632185883602e-05,1.640495281719267e-05
39115,2026-03-14 11:00:00,83,2,1,2026-03-14 12:00:00,84,0.0202,0.024333326983086424,0.02545488521932795,0.023973651972251167,1.708439194911032e-05,1.4240449207675129e-05
39115,2026-03-14 12:00:00,84,2,1,2026-03-14 13:00:00,85,0.0178,0.01921613599392788,0.019836744254208175,0.018748791157554456,2.0054411532981043e-06,9.002046606535255e-07
39115,2026-03-14 13:00:00,85,2,1,2026-03-14 14:00:00,86,0.0166,0.017213096365154217,0.01873810481281591,0.016754472900279736,3.758871529653122e-07,2.3861876920833084e-08
39115,2026-03-14 14:00:00,86,2,1,2026-03-14 15:00:00,87,0.0165,0.01458118482937389,0.016128387993715746,0.014294179306374263,3.6818516590249124e-06,4.865644932427529e-06
39115,2026-03-14 15:00:00,87,2,1,2026-03-14 16:00:00,88,0.0163,0.012292527644644159,0.012809635620514327,0.01197832277856949,1.6059834678941283e-05,1.8676894006231324e-05
39115,2026-03-14 16:00:00,88,2,1,2026-03-14 17:00:00,89,0.0162,0.010660955655801798,0.011668899702467784,0.010304823117874057,3.068101224699408e-05,3.4753110471552144e-05
39115,2026-03-14 17:00:00,89,2,1,2026-03-14 18:00:00,90,0.0161,0.009327215746998335,0.01005855789307595,0.0089493640488468,4.587060653770733e-05,5.1131594505924635e-05
39115,2026-03-14 18:00:00,90,2,1,2026-03-14 19:00:00,91,0.0158,0.00801823558861278,0.008652733499273894,0.007945355466050984,6.05558573543327e-05,6.169544075469519e-05
39115,2026-03-14 19:00:00,91,2,1,2026-03-14 20:00:00,92,0.0112,0.00692878262413115,0.00848824080609048,0.00683271109514247,1.8243297871923983e-05,1.907321237849168e-05
39115,2026-03-14 20:00:00,92,2,1,2026-03-14 21:00:00,93,0.0107,0.007257268004730682,0.009652741832521712,0.007073935316109463,1.1852403591251056e-05,1.3148345091758175e-05
39115,2026-03-14 21:00:00,93,2,1,2026-03-14 22:00:00,94,0.0105,0.007080532734267646,0.00956251957262683,0.007119454781254609,1.1692756381415103e-05,1.142808597598233e-05
39115,2026-03-14 22:00:00,94,2,1,2026-03-14 23:00:00,95,0.0101,0.006283819340974637,0.008135795509966485,0.006354637579916012,1.4563234822319251e-05,1.4027739657777387e-05
39115,2026-03-14 23:00:00,95,2,1,2026-03-15 00:00:00,96,0.0098,0.00659876338041719,0.008371006397078013,0.0066265979141361415,1.0247915894557977e-05,1.0070480798565087e-05
39115,2026-03-15 00:00:00,96,2,1,2026-03-15 01:00:00,97,0.0093,0.006457070933768461,0.007991301978085888,0.006429202993831606,8.082245675624128e-06,8.241475450625411e-06
39115,2026-03-15 01:00:00,97,2,1,2026-03-15 02:00:00,98,0.0093,0.0061766737396072744,0.007506873450850406,0.006316535287334211,9.755166928858803e-06,8.901061691721955e-06
39115,2026-03-15 02:00:00,98,2,1,2026-03-15 03:00:00,99,0.0093,0.006162691205075637,0.00741715105486629,0.0061784031258444805,9.842706474709755e-06,9.744367044737506e-06
39115,2026-03-15 03:00:00,99,2,1,2026-03-15 04:00:00,100,0.0093,0.006220183185561401,0.007651237385887868,0.006282574978457966,9.485271610498715e-06,9.104853760627943e-06
39115,2026-03-15 04:00:00,100,2,1,2026-03-15 05:00:00,101,0.0094,0.006012629930938352,0.00670690331174568,0.006158502284105487,1.1474275984774717e-05,1.0507307442149346e-05
39115,2026-03-15 05:00:00,101,2,1,2026-03-15 06:00:00,102,0.0094,0.006715678456505946,0.006753981732512702,0.006715172855293423,7.205582148866302e-06,7.208296796953273e-06
39115,2026-03-15 06:00:00,102,2,1,2026-03-15 07:00:00,103,0.0094,0.007041073979794274,0.006746574789780096,0.007176199995155572,5.564531968803629e-06,4.94528646154608e-06
39115,2026-03-15 07:00:00,103,2,1,2026-03-15 08:00:00,104,0.0092,0.006748466068294428,0.007531676457249694,0.006846248732826488,6.010018618303779e-06,5.540145027720913e-06
39115,2026-03-15 08:00:00,104,2,1,2026-03-15 09:00:00,105,0.0093,0.006296984899504665,0.007130047231722889,0.006393174029015762,9.018099693803005e-06,8.449637225588454e-06
39115,2026-03-15 09:00:00,105,2,1,2026-03-15 10:00:00,106,0.0093,0.006095257421818697,0.006748822294950214,0.006109673082689639,1.0270374992408141e-05,1.0178185839315024e-05
39115,2026-03-15 10:00:00,106,2,1,2026-03-15 11:00:00,107,0.0092,0.0077713294176755526,0.010797868877813463,0.007608550211872028,2.0410996327992753e-06,2.5327124281325663e-06
39115,2026-03-15 11:00:00,107,2,1,2026-03-15 12:00:00,108,0.0092,0.007122025313668387,0.0077322803604739,0.007140289185086836,4.317978797034965e-06,4.24240864107025e-06
39115,2026-03-15 12:00:00,108,2,1,2026-03-15 13:00:00,109,0.0092,0.007560429160213804,0.008213683578498648,0.007674815072175201,2.6881925386772128e-06,2.3261890640639357e-06
39115,2026-03-15 13:00:00,109,2,1,2026-03-15 14:00:00,110,0.0092,0.007851897730965507,0.009582795169906504,0.0077727553394429365,1.8173797277759482e-06,2.0370273210886467e-06
39115,2026-03-15 14:00:00,110,2,1,2026-03-15 15:00:00,111,0.0096,0.009696418363905284,0.012378080086373651,0.009548876414370619,9.296500898172017e-09,2.61362100760457e-09
39115,2026-03-15 15:00:00,111,2,1,2026-03-15 16:00:00,112,0.011,0.010697583170226324,0.013467769659160238,0.010543039883113225,9.145593893035987e-08,2.0881254842517404e-07
39115,2026-03-15 16:00:00,112,2,1,2026-03-15 17:00:00,113,0.0111,0.01058233385970436,0.015571146730280632,0.010603508427269764,2.679782328085849e-07,2.4650388179214366e-07
39115,2026-03-15 17:00:00,113,2,1,2026-03-15 18:00:00,114,0.0103,0.010630873063971697,0.01503400893276055,0.011009824035375518,1.0947698446201844e-07,5.038501611967846e-07
39115,2026-03-15 18:00:00,114,2,1,2026-03-15 19:00:00,115,0.0103,0.008857587478954449,0.012013644390354067,0.009210343060249069,2.080553880868982e-06,1.1873522463473644e-06
39115,2026-03-15 19:00:00,115,2,1,2026-03-15 20:00:00,116,0.0103,0.010348999814331256,0.01286713922797575,0.01049657755133673,2.400981804497577e-09,3.864273368954456e-08
39115,2026-03-15 20:00:00,116,2,1,2026-03-15 21:00:00,117,0.0094,0.009972203890687318,0.012100430767744974,0.010479881719627724,3.274172925177037e-07,1.1661445283861288e-06
39115,2026-03-15 21:00:00,117,2,1,2026-03-15 22:00:00,118,0.0093,0.007523695958353162,0.006370338471289204,0.00798940267695074,3.155256048370889e-06,1.7176653431838848e-06
39115,2026-03-15 22:00:00,118,2,1,2026-03-15 23:00:00,119,0.0092,0.00673507252524691,0.005375271882554384,0.007105850507848324,6.075867455792644e-06,4.385462095479123e-06
39115,2026-03-15 23:00:00,119,2,1,2026-03-16 00:00:00,120,0.0091,0.007231166020179437,0.004615082971532068,0.007504131535596951,3.4925404441319662e-06,2.5467961556761466e-06
39115,2026-03-16 00:00:00,120,2,1,2026-03-16 01:00:00,121,0.009,0.0067273137173549285,0.004078130417923298,0.0068338901760384325,5.165102939323071e-06,4.69203176946281e-06
39115,2026-03-16 01:00:00,121,2,1,2026-03-16 02:00:00,122,0.0089,0.006743429430439534,0.005912320172325775,0.007165834329930113,4.650796621494351e-06,3.00733057124894e-06
39115,2026-03-16 02:00:00,122,2,1,2026-03-16 03:00:00,123,0.0089,0.0063305947474902625,0.007111960410407863,0.00624055770627345,6.601843351624627e-06,7.072633313661532e-06
39115,2026-03-16 03:00:00,123,2,1,2026-03-16 04:00:00,124,0.0089,0.005917655204097926,0.006056208053576983,0.006430398777051165,8.894380481644184e-06,6.098930200390381e-06
39115,2026-03-16 04:00:00,124,2,1,2026-03-16 05:00:00,125,0.0089,0.007012453870373335,0.007179444236457332,0.007317288693975014,3.562830391468602e-06,2.5049750782193178e-06
39115,2026-03-16 05:00:00,125,2,1,2026-03-16 06:00:00,126,0.0089,0.008597617529711995,0.011891650656727332,0.009134178734803098,9.143515833747627e-08,5.4839679833979885e-08
39115,2026-03-16 06:00:00,126,2,1,2026-03-16 07:00:00,127,0.0089,0.0070608052971412785,0.007728280711636388,0.007599616687309425,3.3826371550235808e-06,1.6909967599241144e-06
39115,2026-03-16 07:00:00,127,2,1,2026-03-16 08:00:00,128,0.0089,0.008157802497148132,0.00900617354318929,0.008696744697007592,5.508571332395482e-07,4.1312718194535725e-08
39115,2026-03-16 08:00:00,128,2,1,2026-03-16 09:00:00,129,0.0085,0.00614836897119774,0.008249289321149504,0.00613534439537676,5.530168495625579e-06,5.591596128476103e-06
39115,2026-03-16 09:00:00,129,2,1,2026-03-16 10:00:00,130,0.0037,0.004447085716584963,0.0044678878585953695,0.004282328960224623,5.581370679252677e-07,3.3910701791629044e-07
39115,2026-03-16 10:00:00,130,2,1,2026-03-16 11:00:00,131,0.0032,0.004501904874941528,0.004999341830841651,0.0043348131715852944,1.6949563033965159e-06,1.2878009344034746e-06
39115,2026-03-16 11:00:00,131,2,1,2026-03-16 12:00:00,132,0.0033,0.003377310344016074,0.004387040450061675,0.0032685148007164573,5.976889291883711e-09,9.913177739243994e-10
39115,2026-03-16 12:00:00,132,2,1,2026-03-16 13:00:00,133,0.0036,0.0034721711002946853,0.004789574017015627,0.0034817727779912168,1.634022759987137e-08,1.3977676023914098e-08
39115,2026-03-16 13:00:00,133,2,1,2026-03-16 14:00:00,134,0.0032,0.0031003215651025343,0.00446532451947355,0.002643773578359198,9.935790383608342e-09,3.093878321313313e-07
39115,2026-03-16 14:00:00,134,2,1,2026-03-16 15:00:00,135,0.0026,0.0025308555860333965,0.003648334348495061,0.0023174593517522,4.7809499827850104e-09,7.982921791228705e-08
39115,2026-03-16 15:00:00,135,2,1,2026-03-16 16:00:00,136,0.0026,0.002765092848655671,0.003536714958381861,0.0026339179230752395,2.7255648677244382e-08,1.150425505737869e-09
39115,2026-03-16 16:00:00,136,2,1,2026-03-16 17:00:00,137,0.0037,0.003376303560450416,0.0038873533413773995,0.0031611161320147796,1.0477938497707767e-07,2.903958231747126e-07
39115,2026-03-16 17:00:00,137,2,1,2026-03-16 18:00:00,138,0.0076,0.004168772432933737,0.004239313374766104,0.0041988200510075626,1.1773322616995466e-05,1.15680250454282e-05
39115,2026-03-16 18:00:00,138,2,1,2026-03-16 19:00:00,139,0.0079,0.004805576756439186,0.0050493147652104975,0.004627003180579987,9.575455210289433e-06,1.0712508179933527e-05
39115,2026-03-16 19:00:00,139,2,1,2026-03-16 20:00:00,140,0.0073,0.0059964320667312675,0.005765595988334319,0.005979612778101812,1.6992893566465147e-06,1.7434224157520155e-06
39115,2026-03-16 20:00:00,140,2,1,2026-03-16 21:00:00,141,0.0076,0.006298229685766291,0.005773080353743674,0.006636564486247879,1.69460595102013e-06,9.282079891588134e-07
39115,2026-03-16 21:00:00,141,2,1,2026-03-16 22:00:00,142,0.008,0.0068458795238099165,0.00837935997723721,0.006922978125405512,1.3319940735612255e-06,1.159976118355025e-06
39115,2026-03-16 22:00:00,142,2,1,2026-03-16 23:00:00,143,0.0084,0.007297147288577949,0.008501168038204408,0.00776074228930354,1.216284103090968e-06,4.086504206848788e-07
39115,2026-03-16 23:00:00,143,2,1,2026-03-17 00:00:00,144,0.0084,0.007515261292208786,0.009245375365212765,0.007847462704158615,7.827625810640657e-07,3.052974632957101e-07
39115,2026-03-17 00:00:00,144,2,1,2026-03-17 01:00:00,145,0.0084,0.007108648372541604,0.008541219280852268,0.007548153533867336,1.6675890257394469e-06,7.256424018627071e-07
39115,2026-03-17 01:00:00,145,2,1,2026-03-17 02:00:00,146,0.0084,0.006937836779835272,0.008018277230965022,0.007000092411762733,2.1379212824024853e-06,1.959741255604281e-06
39115,2026-03-17 02:00:00,146,2,1,2026-03-17 03:00:00,147,0.0084,0.006446319367769476,0.007159920499108395,0.006678923183086988,3.816868012752658e-06,2.9621054097154235e-06
39115,2026-03-17 03:00:00,147,2,1,2026-03-17 04:00:00,148,0.0084,0.006215618726523172,0.0067250173829379875,0.006557812349327174,4.771521547916245e-06,3.3936553402914653e-06
39115,2026-03-17 04:00:00,148,2,1,2026-03-17 05:00:00,149,0.0084,0.006680899461972984,0.0059096139805151476,0.006929584985981504,2.9553066598447748e-06,2.1621203134510128e-06
39115,2026-03-17 05:00:00,149,2,1,2026-03-17 06:00:00,150,0.008,0.005757623995561528,0.00506682809638886,0.005879605155653668,5.028250145281447e-06,4.496074295930505e-06
39115,2026-03-17 06:00:00,150,2,1,2026-03-17 07:00:00,151,0.0035,0.005639939973823018,0.0046693103904345504,0.005787209010044723,4.579343091565659e-06,5.23132505562976e-06
39115,2026-03-17 07:00:00,151,2,1,2026-03-17 08:00:00,152,0.0031,0.005263393395436709,0.004382033887560361,0.005596963046258728,4.680270983419175e-06,6.234824454381665e-06
39115,2026-03-17 08:00:00,152,2,1,2026-03-17 09:00:00,153,0.003,0.005136942098191488,0.00432735854036187,0.0052995383272933785,4.56652153102304e-06,5.287876518691229e-06
39115,2026-03-17 09:00:00,153,2,1,2026-03-17 10:00:00,154,0.0025,0.004324546715813607,0.0035145422395291425,0.004518093843744569,3.3289707181862173e-06,4.072702762159728e-06
39115,2026-03-17 10:00:00,154,2,1,2026-03-17 11:00:00,155,0.0013,0.0042452593896121415,0.004188821458727353,0.004297152258672515,8.674552872098485e-06,8.982921661665759e-06
39115,2026-03-17 11:00:00,155,2,1,2026-03-17 12:00:00,156,0.0008,0.004076326615217897,0.003856707635943451,0.004052449999999655,1.0734316089585164e-05,1.0578431002497754e-05
39115,2026-03-17 12:00:00,156,2,1,2026-03-17 13:00:00,157,0.0008,0.0035130156222406474,0.004267627247536069,0.0036476985489281655,7.360453766521808e-06,8.10938702556758e-06
39115,2026-03-17 13:00:00,157,2,1,2026-03-17 14:00:00,158,0.0008,0.0029502092345818345,0.003557476356997935,0.0030698080233529526,4.623399752480999e-06,5.152028462877438e-06
39115,2026-03-17 14:00:00,158,2,1,2026-03-17 15:00:00,159,0.001,0.0022988995121955404,0.003079089195487457,0.0022719433574728055,1.6871399427818128e-06,1.617839904619193e-06
39115,2026-03-17 15:00:00,159,2,1,2026-03-17 16:00:00,160,0.0008,0.0020136686083524107,0.0026740998965503323,0.0021370285019394007,1.4729914909000775e-06,1.787645214998318e-06
39115,2026-03-17 16:00:00,160,2,1,2026-03-17 17:00:00,161,0.0006,0.0016788288890064323,0.0020344642250212457,0.0017788440505717188,1.1638717717548529e-06,1.389673295568337e-06
39115,2026-03-17 17:00:00,161,2,1,2026-03-17 18:00:00,162,0.0006,0.0014020014263942623,0.0015453341338484538,0.0013758946165811086,6.432062879384314e-07,6.020124560395455e-07
39115,2026-03-17 18:00:00,162,2,1,2026-03-17 19:00:00,163,0.0002,0.0012669535636885727,0.001328396198884629,0.0012587426954763074,1.138389907067745e-06,1.1209360952244367e-06
39115,2026-03-17 19:00:00,163,2,1,2026-03-17 20:00:00,164,0.0002,0.001223182193973109,0.0014362980101778509,0.001214822443128523,1.0469018020636247e-06,1.0298645910773441e-06
39115,2026-03-17 20:00:00,164,2,1,2026-03-17 21:00:00,165,0.0001,0.0011842548336932323,0.0018492764528282182,0.001149389652304514,1.1756085443871388e-06,1.1012186423637888e-06
39115,2026-03-17 21:00:00,165,2,1,2026-03-17 22:00:00,166,0.0001,0.001114059751591242,0.0014201078289378406,0.0010775855815594669,1.0283171797972915e-06,9.55673569272961e-07
39115,2026-03-17 22:00:00,166,2,1,2026-03-17 23:00:00,167,0.0,0.0,0.0,0.0,0.0,0.0
39115,2026-03-17 23:00:00,167,2,1,2026-03-18 00:00:00,168,0.0,0.0,0.0,0.0,0.0,0.0
39115,2026-03-18 00:00:00,168,2,1,2026-03-18 01:00:00,169,0.0,0.0,0.0,0.0,0.0,0.0
39115,2026-03-18 01:00:00,169,2,1,2026-03-18 02:00:00,170,0.0,0.0,0.0,0.0,0.0,0.0
39115,2026-03-18 02:00:00,170,2,1,2026-03-18 03:00:00,171,0.0,0.0,0.0,0.0,0.0,0.0
39115,2026-03-18 03:00:00,171,2,1,2026-03-18 04:00:00,172,0.0,0.0,0.0,0.0,0.0,0.0
39115,2026-03-18 04:00:00,172,2,1,2026-03-18 05:00:00,173,0.0,0.0,0.0,0.0,0.0,0.0
39115,2026-03-18 05:00:00,173,2,1,2026-03-18 06:00:00,174,0.0,0.0,0.0,0.0,0.0,0.0
39115,2026-03-18 06:00:00,174,2,1,2026-03-18 07:00:00,175,0.0,0.0,0.0,0.0,0.0,0.0
39115,2026-03-18 07:00:00,175,2,1,2026-03-18 08:00:00,176,0.0001,0.0,0.0,0.0,1e-08,1e-08
39115,2026-03-18 08:00:00,176,2,1,2026-03-18 09:00:00,177,0.0015,0.0,0.0,0.0,2.25e-06,2.25e-06
39115,2026-03-18 09:00:00,177,2,1,2026-03-18 10:00:00,178,0.0764,0.0,0.0,0.0,0.0058369599999999995,0.0058369599999999995
39115,2026-03-18 10:00:00,178,2,1,2026-03-18 11:00:00,179,0.3277,0.0,0.0,0.0,0.10738729,0.10738729
39115,2026-03-18 11:00:00,179,2,1,2026-03-18 12:00:00,180,0.152,0.0,0.0,0.0,0.023104,0.023104
39115,2026-03-18 12:00:00,180,2,1,2026-03-18 13:00:00,181,0.0522,0.0,0.0,0.0,0.0027248400000000005,0.0027248400000000005
39115,2026-03-18 13:00:00,181,2,1,2026-03-18 14:00:00,182,0.0314,0.0,0.0,0.0,0.00098596,0.00098596
39115,2026-03-18 14:00:00,182,2,1,2026-03-18 15:00:00,183,0.0339,0.0,0.0,0.0,0.00114921,0.00114921
39115,2026-03-18 15:00:00,183,2,1,2026-03-18 16:00:00,184,0.0362,0.0,0.0,0.0,0.0013104400000000002,0.0013104400000000002
39115,2026-03-18 16:00:00,184,2,1,2026-03-18 17:00:00,185,0.0107,0.0,0.0,0.0,0.00011448999999999998,0.00011448999999999998
39115,2026-03-18 17:00:00,185,2,1,2026-03-18 18:00:00,186,0.0038,0.0,0.0,0.0,1.444e-05,1.444e-05
39115,2026-03-18 18:00:00,186,2,1,2026-03-18 19:00:00,187,0.0,0.0,0.0,0.0,0.0,0.0
39115,2026-03-18 19:00:00,187,2,1,2026-03-18 20:00:00,188,0.0,0.0,0.0,0.0,0.0,0.0
39115,2026-03-18 20:00:00,188,2,1,2026-03-18 21:00:00,189,0.0,0.0,0.0,0.0,0.0,0.0
39115,2026-03-18 21:00:00,189,2,1,2026-03-18 22:00:00,190,0.0,0.0,0.0,0.0,0.0,0.0
39115,2026-03-18 22:00:00,190,2,1,2026-03-18 23:00:00,191,0.0,0.0,0.0,0.0,0.0,0.0
39115,2026-03-18 23:00:00,191,2,1,2026-03-19 00:00:00,192,0.0,0.0,0.0,0.0,0.0,0.0
39115,2026-03-19 00:00:00,192,2,1,2026-03-19 01:00:00,193,0.0,0.0,0.0,0.0,0.0,0.0
39115,2026-03-19 01:00:00,193,2,1,2026-03-19 02:00:00,194,0.0,0.0,0.0,0.0,0.0,0.0
39115,2026-03-19 02:00:00,194,2,1,2026-03-19 03:00:00,195,0.0,0.0,0.0,0.0,0.0,0.0
39115,2026-03-19 03:00:00,195,2,1,2026-03-19 04:00:00,196,0.0,0.0,0.0,0.0,0.0,0.0
39115,2026-03-19 04:00:00,196,2,1,2026-03-19 05:00:00,197,0.0,0.0,0.0,0.0,0.0,0.0
39115,2026-03-19 05:00:00,197,2,1,2026-03-19 06:00:00,198,0.0,0.0,0.0,0.0,0.0,0.0
39115,2026-03-19 06:00:00,198,2,1,2026-03-19 07:00:00,199,0.0,0.0,0.0,0.0,0.0,0.0
39115,2026-03-19 07:00:00,199,2,1,2026-03-19 08:00:00,200,0.0001,0.0,0.0,0.0,1e-08,1e-08
39115,2026-03-19 08:00:00,200,2,1,2026-03-19 09:00:00,201,0.0,0.0,0.0,0.0,0.0,0.0
39115,2026-03-19 09:00:00,201,2,1,2026-03-19 10:00:00,202,0.0001,0.0,0.0,0.0,1e-08,1e-08
39115,2026-03-19 10:00:00,202,2,1,2026-03-19 11:00:00,203,0.0002,0.0,0.0,0.0,4e-08,4e-08
39115,2026-03-19 11:00:00,203,2,1,2026-03-19 12:00:00,204,0.0001,0.0,0.0,0.0,1e-08,1e-08
39115,2026-03-19 12:00:00,204,2,1,2026-03-19 13:00:00,205,0.0,0.0,0.0,0.0,0.0,0.0
39115,2026-03-19 13:00:00,205,2,1,2026-03-19 14:00:00,206,0.0,0.0,0.0,0.0,0.0,0.0
39115,2026-03-19 14:00:00,206,2,1,2026-03-19 15:00:00,207,0.0,0.0,0.0,0.0,0.0,0.0
39115,2026-03-19 15:00:00,207,2,1,2026-03-19 16:00:00,208,0.0,0.0,0.0,0.0,0.0,0.0
39115,2026-03-19 16:00:00,208,2,1,2026-03-19 17:00:00,209,0.0,0.0,0.0,0.0,0.0,0.0
39115,2026-03-19 17:00:00,209,2,1,2026-03-19 18:00:00,210,0.0,0.0,0.0,0.0,0.0,0.0
39115,2026-03-19 18:00:00,210,2,1,2026-03-19 19:00:00,211,0.0,0.0,0.0,0.0,0.0,0.0
39115,2026-03-19 19:00:00,211,2,1,2026-03-19 20:00:00,212,0.0,0.0,0.0,0.0,0.0,0.0
39115,2026-03-19 20:00:00,212,2,1,2026-03-19 21:00:00,213,0.0,0.0,0.0,0.0,0.0,0.0
39115,2026-03-19 21:00:00,213,2,1,2026-03-19 22:00:00,214,0.0,0.0,0.0,0.0,0.0,0.0
39115,2026-03-19 22:00:00,214,2,1,2026-03-19 23:00:00,215,0.0,0.0,0.0,0.0,0.0,0.0
39117,2026-03-14 00:00:00,72,4,1,2026-03-14 01:00:00,73,0.5087,0.24530780767678373,0.24530780767678373,0.2464846562789724,0.06937544697683017,0.06875688648273666
39117,2026-03-14 01:00:00,73,4,1,2026-03-14 02:00:00,74,0.5023,0.2448707516496926,0.2448707516496926,0.24654275190486313,0.06626981790620422,0.06541176995319738
39117,2026-03-14 02:00:00,74,4,1,2026-03-14 03:00:00,75,0.4922,0.2413394543754957,0.2413394543754957,0.24303295357851323,0.06293101335102402,0.06208421702240736
39117,2026-03-14 03:00:00,75,4,1,2026-03-14 04:00:00,76,0.4232,0.23853116542435393,0.23853116542435393,0.23909193661760894,0.03410257846352734,0.03389577900241453
39117,2026-03-14 04:00:00,76,4,1,2026-03-14 05:00:00,77,0.4137,0.235665933153156,0.235665933153156,0.2367462068702031,0.031696128958026516,0.03131264490302296
39117,2026-03-14 05:00:00,77,4,1,2026-03-14 06:00:00,78,0.4088,0.2266315800178689,0.231206589254687,0.22731661388561467,0.0331853332387861,0.03293621943554307
39117,2026-03-14 06:00:00,78,4,1,2026-03-14 07:00:00,79,0.3191,0.22171936053860927,0.22221026307436711,0.2218678971592974,0.009482988941909368,0.009454081822824967
39117,2026-03-14 07:00:00,79,4,1,2026-03-14 08:00:00,80,0.3131,0.2146920065957537,0.21612602871034653,0.21535862539603481,0.009684133165850184,0.009553376309472648
39117,2026-03-14 08:00:00,80,4,1,2026-03-14 09:00:00,81,0.3163,0.21315261685868792,0.21973402978735682,0.21390886304959586,0.010639382648900637,0.01048394492599642
39117,2026-03-14 09:00:00,81,4,1,2026-03-14 10:00:00,82,0.2951,0.20707850862554744,0.2094099231957281,0.207429543839383,0.007747782943782822,0.007686108883410662
39117,2026-03-14 10:00:00,82,4,1,2026-03-14 11:00:00,83,0.2774,0.2009140636691184,0.2069565600467372,0.20146300583380117,0.00585009845641167,0.005766427082997312
39117,2026-03-14 11:00:00,83,4,1,2026-03-14 12:00:00,84,0.2744,0.20039360225942843,0.20951690615253002,0.20098931631725514,0.005476946906535674,0.005389128478768019
39117,2026-03-14 12:00:00,84,4,1,2026-03-14 13:00:00,85,0.2568,0.19471070950317826,0.20902622646071595,0.195581108890465,0.0038550799943987153,0.003747752628681099
39117,2026-03-14 13:00:00,85,4,1,2026-03-14 14:00:00,86,0.2555,0.19614453849976268,0.2051507684530215,0.19683764778698445,0.003523070809906155,0.0034412715671638906
39117,2026-03-14 14:00:00,86,4,1,2026-03-14 15:00:00,87,0.2439,0.1950413768947249,0.20501268117646207,0.19528964821163042,0.002387165051743323,0.0023629663009890464
39117,2026-03-14 15:00:00,87,4,1,2026-03-14 16:00:00,88,0.2209,0.18828827765189726,0.18861738175018267,0.1888767775730248,0.0010635244345097443,0.0010254867746075289
39117,2026-03-14 16:00:00,88,4,1,2026-03-14 17:00:00,89,0.2173,0.18539614514646657,0.17872099022815335,0.18594762349436236,0.001017855954515328,0.0009829715125512584
39117,2026-03-14 17:00:00,89,4,1,2026-03-14 18:00:00,90,0.2163,0.1803836474393949,0.18055817778065064,0.1800059329986412,0.0012899843812576848,0.001317259299499121
39117,2026-03-14 18:00:00,90,4,1,2026-03-14 19:00:00,91,0.1875,0.17436224714386644,0.1680478760947198,0.17396498228258356,0.0001726005501088454,0.000183196704610777
39117,2026-03-14 19:00:00,91,4,1,2026-03-14 20:00:00,92,0.1782,0.16005147219268126,0.15088529436684892,0.1597020062969129,0.00032936906157302146,0.00034217577103945023
39117,2026-03-14 20:00:00,92,4,1,2026-03-14 21:00:00,93,0.1575,0.14820150122383885,0.14400827026500035,0.147776728273742,8.646207949027043e-05,9.45420130626483e-05
39117,2026-03-14 21:00:00,93,4,1,2026-03-14 22:00:00,94,0.1531,0.1418445114186504,0.13917560639693374,0.141387007298678,0.00012668602320489158,0.0001371941980212226
39117,2026-03-14 22:00:00,94,4,1,2026-03-14 23:00:00,95,0.1441,0.1422580613426678,0.13992008203444678,0.14178697813117705,3.392738017374762e-06,5.350070165653242e-06
39117,2026-03-14 23:00:00,95,4,1,2026-03-15 00:00:00,96,0.1341,0.12662470703151155,0.13205737505172488,0.12669744976320305,5.588000496473287e-05,5.479775000830259e-05
39117,2026-03-15 00:00:00,96,4,1,2026-03-15 01:00:00,97,0.131,0.12035279904918368,0.12309015201993855,0.12030906985480723,0.00011336288808706403,0.00011429598736939163
39117,2026-03-15 01:00:00,97,4,1,2026-03-15 02:00:00,98,0.1252,0.11948516662302236,0.12283737997741248,0.11936611245168402,3.2659320526617726e-05,3.40342439263963e-05
39117,2026-03-15 02:00:00,98,4,1,2026-03-15 03:00:00,99,0.1215,0.1177308344670884,0.12052541615007767,0.11763618622422695,1.4206608814488746e-05,1.4929056893853598e-05
39117,2026-03-15 03:00:00,99,4,1,2026-03-15 04:00:00,100,0.1194,0.11563009023552848,0.1141358924595445,0.11552918235509733,1.4212219632257784e-05,1.4983229240089864e-05
39117,2026-03-15 04:00:00,100,4,1,2026-03-15 05:00:00,101,0.1179,0.11377435991300199,0.11464770915829134,0.11375870816606631,1.702090612744503e-05,1.7150298053805876e-05
39117,2026-03-15 05:00:00,101,4,1,2026-03-15 06:00:00,102,0.1139,0.11233216110604775,0.11234619315860601,0.11243778301417942,2.458118797389407e-06,2.138078513622223e-06
39117,2026-03-15 06:00:00,102,4,1,2026-03-15 07:00:00,103,0.1075,0.11097894771985668,0.1103474307264824,0.11099461364900119,1.2103077237496022e-05,1.2212324555785438e-05
39117,2026-03-15 07:00:00,103,4,1,2026-03-15 08:00:00,104,0.1048,0.10676778570887804,0.1081309134778738,0.10686046471822865,3.8721805960646475e-06,4.245514855065034e-06
39117,2026-03-15 08:00:00,104,4,1,2026-03-15 09:00:00,105,0.0954,0.10505386948049818,0.10873274569278103,0.10516146687591921,9.319719594649417e-05,9.528623556966791e-05
39117,2026-03-15 09:00:00,105,4,1,2026-03-15 10:00:00,106,0.0902,0.10039864911883697,0.09791275575072583,0.1005760785688611,0.00010401244384915415,0.0001076630064671785
39117,2026-03-15 10:00:00,106,4,1,2026-03-15 11:00:00,107,0.0777,0.0955595436099828,0.089943660079218,0.09574225082179239,0.0003189632979568772,0.0003255228147164678
39117,2026-03-15 11:00:00,107,4,1,2026-03-15 12:00:00,108,0.0634,0.0912590770436246,0.08806738978937564,0.09152278338615234,0.0007761281737226112,0.0007908909453844463
39117,2026-03-15 12:00:00,108,4,1,2026-03-15 13:00:00,109,0.0634,0.08749523237125992,0.08379577098640278,0.08773111281041915,0.0005805802230250119,0.0005920030505933429
39117,2026-03-15 13:00:00,109,4,1,2026-03-15 14:00:00,110,0.0637,0.08300698723612143,0.07525257449029665,0.08302744032764153,0.00037275975613575564,0.000373549949618544
39117,2026-03-15 14:00:00,110,4,1,2026-03-15 15:00:00,111,0.0722,0.07910806745897574,0.07327257148576288,0.07941444813466458,4.7721396017759485e-05,5.2048261887765286e-05
39117,2026-03-15 15:00:00,111,4,1,2026-03-15 16:00:00,112,0.1191,0.07652015431773802,0.07755555311415219,0.07680675600848262,0.0018130432583252437,0.0017887184873260206
39117,2026-03-15 16:00:00,112,4,1,2026-03-15 17:00:00,113,0.1347,0.0735562593734706,0.07378373248677277,0.07381864417569661,0.0037385570178043,0.003706539487005438
39117,2026-03-15 17:00:00,113,4,1,2026-03-15 18:00:00,114,0.1022,0.06865400833524588,0.07066853549207229,0.0687547323220886,0.0011253335567717531,0.0011185859300471446
39117,2026-03-15 18:00:00,114,4,1,2026-03-15 19:00:00,115,0.0574,0.06453525250996038,0.06814028873825367,0.06459922688901278,5.0911828380895916e-05,5.1828867799484574e-05
39117,2026-03-15 19:00:00,115,4,1,2026-03-15 20:00:00,116,0.0555,0.060855779301919065,0.06467152518136647,0.06077389583401781,2.868437193086466e-05,2.781397726807038e-05
39117,2026-03-15 20:00:00,116,4,1,2026-03-15 21:00:00,117,0.0571,0.05762358910969762,0.06263581116018586,0.05744164703338225,2.741455557939504e-07,1.1672269541889145e-07
39117,2026-03-15 21:00:00,117,4,1,2026-03-15 22:00:00,118,0.052,0.055874843815290516,0.06213670501113001,0.05592929137897196,1.5014414592895182e-05,1.5439330740863363e-05
39117,2026-03-15 22:00:00,118,4,1,2026-03-15 23:00:00,119,0.0452,0.053894787456601784,0.05974317315270331,0.0537577898451041,7.559932891547977e-05,7.323576703296687e-05
39117,2026-03-15 23:00:00,119,4,1,2026-03-16 00:00:00,120,0.0406,0.04697465399860747,0.054438063805179675,0.047072645923407576,4.063621360196228e-05,4.189514524980475e-05
39117,2026-03-16 00:00:00,120,4,1,2026-03-16 01:00:00,121,0.0402,0.04520397883714086,0.050845938046048374,0.04530027451546708,2.5039804202553623e-05,2.6012800133122964e-05
39117,2026-03-16 01:00:00,121,4,1,2026-03-16 02:00:00,122,0.0399,0.04459758220275742,0.04882767828484721,0.04489665507562487,2.2067278551663263e-05,2.4966561944767775e-05
39117,2026-03-16 02:00:00,122,4,1,2026-03-16 03:00:00,123,0.0386,0.043327685908968704,0.04852154859648641,0.043611336404984824,2.2351014053861214e-05,2.5113492563926195e-05
39117,2026-03-16 03:00:00,123,4,1,2026-03-16 04:00:00,124,0.0384,0.042790814224410174,0.04914887305600699,0.04277835100196909,1.9279249553282752e-05,1.916995749644377e-05
39117,2026-03-16 04:00:00,124,4,1,2026-03-16 05:00:00,125,0.0386,0.042862950737198605,0.04752128297591756,0.042899080436386135,1.8172748987782106e-05,1.848209259851798e-05
39117,2026-03-16 05:00:00,125,4,1,2026-03-16 06:00:00,126,0.0393,0.03994227975451328,0.037372110108574254,0.039913328461583165,4.125232830576402e-07,3.761718017879705e-07
39117,2026-03-16 06:00:00,126,4,1,2026-03-16 07:00:00,127,0.0387,0.03995939632587835,0.03747902104453187,0.0396381852741891,1.5860791056358997e-06,8.801916087052825e-07
39117,2026-03-16 07:00:00,127,4,1,2026-03-16 08:00:00,128,0.0383,0.03963899091654231,0.040586595424545416,0.039058964754501733,1.792896674582822e-06,5.760274985758756e-07
39117,2026-03-16 08:00:00,128,4,1,2026-03-16 09:00:00,129,0.0369,0.03776900584598424,0.038985720235667,0.03743919312241671,7.551711603547848e-07,2.907292232614802e-07
39117,2026-03-16 09:00:00,129,4,1,2026-03-16 10:00:00,130,0.0364,0.03979635538776099,0.04347218394585434,0.039378696589180605,1.1535229919973082e-05,8.872633370396158e-06
39117,2026-03-16 10:00:00,130,4,1,2026-03-16 11:00:00,131,0.0353,0.0349322779478176,0.0426417336104446,0.03451637993746085,1.3521950766123437e-07,6.140604024138554e-07
39117,2026-03-16 11:00:00,131,4,1,2026-03-16 12:00:00,132,0.0349,0.03174488121994727,0.039014303904036034,0.03144950850125958,9.954774516241422e-06,1.1905891582879937e-05
39117,2026-03-16 12:00:00,132,4,1,2026-03-16 13:00:00,133,0.0345,0.02957639038597745,0.030283221559444656,0.029143638165388085,2.4241931631295323e-05,2.8690612103287156e-05
39117,2026-03-16 13:00:00,133,4,1,2026-03-16 14:00:00,134,0.0338,0.02530271986090958,0.02398945327118228,0.025139118302911715,7.220376976218043e-05,7.50108717709588e-05
39117,2026-03-16 14:00:00,134,4,1,2026-03-16 15:00:00,135,0.0312,0.021971317009858746,0.01675525251978691,0.02167337943558673,8.516858973252248e-05,9.07564993783018e-05
39117,2026-03-16 15:00:00,135,4,1,2026-03-16 16:00:00,136,0.0268,0.021525977276719437,0.021051746757108823,0.02131158536042792,2.7815315685679732e-05,3.0122695255869123e-05
39117,2026-03-16 16:00:00,136,4,1,2026-03-16 17:00:00,137,0.0236,0.01967698029103372,0.016783755470803605,0.019523286252855956,1.539008363693786e-05,1.661959497615323e-05
39117,2026-03-16 17:00:00,137,4,1,2026-03-16 18:00:00,138,0.0222,0.017368401689328402,0.018730473745537598,0.017347551783377522,2.334434223568465e-05,2.354625369500268e-05
39117,2026-03-16 18:00:00,138,4,1,2026-03-16 19:00:00,139,0.0202,0.01467321431399663,0.014085340032819941,0.014619692193992947,3.054536001901174e-05,3.1139835209783246e-05
39117,2026-03-16 19:00:00,139,4,1,2026-03-16 20:00:00,140,0.0183,0.01268703952620091,0.013781169654566949,0.012490878737779484,3.150532528043091e-05,3.3745889839182485e-05
39117,2026-03-16 20:00:00,140,4,1,2026-03-16 21:00:00,141,0.0174,0.011989550079913914,0.013974350482738578,0.011723268648253566,2.9272968337759522e-05,3.222527883990089e-05
39117,2026-03-16 21:00:00,141,4,1,2026-03-16 22:00:00,142,0.0169,0.011280491582163227,0.012628827969350689,0.011186161631397722,3.157887485813833e-05,3.264794890251152e-05
39117,2026-03-16 22:00:00,142,4,1,2026-03-16 23:00:00,143,0.0167,0.010208233664964872,0.009968063871409074,0.010205290715138355,4.2143030148695416e-05,4.218124869486805e-05
39117,2026-03-16 23:00:00,143,4,1,2026-03-17 00:00:00,144,0.0162,0.009458427305588973,0.010423344830512883,0.009372592899151136,4.5448802394028346e-05,4.661348772072148e-05
39117,2026-03-17 00:00:00,144,4,1,2026-03-17 01:00:00,145,0.0159,0.009010900304253736,0.009297434920310913,0.008890771568879838,4.745969461793128e-05,4.912928319962323e-05
39117,2026-03-17 01:00:00,145,4,1,2026-03-17 02:00:00,146,0.0145,0.008889209826900293,0.008687383161995958,0.008692436736410486,3.148096636655225e-05,3.3727791060594495e-05
39117,2026-03-17 02:00:00,146,4,1,2026-03-17 03:00:00,147,0.0141,0.007503551072351792,0.007934025912263436,0.007479191563911796,4.351313845507119e-05,4.3835104347376723e-05
39117,2026-03-17 03:00:00,147,4,1,2026-03-17 04:00:00,148,0.0139,0.007062810913401091,0.008074734236801715,0.007044177755690676,4.674715460590721e-05,4.7002298645566523e-05
39117,2026-03-17 04:00:00,148,4,1,2026-03-17 05:00:00,149,0.0137,0.007817588663545863,0.008601045461535435,0.007834356195687961,3.4602763131244156e-05,3.440577723906421e-05
39117,2026-03-17 05:00:00,149,4,1,2026-03-17 06:00:00,150,0.0136,0.007344614431088688,0.006476502752862189,0.007323580331560986,3.912984861574388e-05,3.9393443854368096e-05
39117,2026-03-17 06:00:00,150,4,1,2026-03-17 07:00:00,151,0.0137,0.00690472559466494,0.005604866523589078,0.006970710735683491,4.617575424380176e-05,4.528333400284542e-05
39117,2026-03-17 07:00:00,151,4,1,2026-03-17 08:00:00,152,0.0137,0.007410816356125863,0.006930741157684765,0.007455567335646724,3.955383090637397e-05,3.8992939299642165e-05
39117,2026-03-17 08:00:00,152,4,1,2026-03-17 09:00:00,153,0.0137,0.00675374801793311,0.00763508702792673,0.006643216871374634,4.82504165983682e-05,4.979818812445161e-05
39117,2026-03-17 09:00:00,153,4,1,2026-03-17 10:00:00,154,0.0155,0.00553921928538246,0.00476842436139507,0.005476526351503981,9.921715244469674e-05,0.0001004700239820941
39117,2026-03-17 10:00:00,154,4,1,2026-03-17 11:00:00,155,0.0215,0.005133142563009242,0.004547170386432942,0.0050789727826136355,0.0002678740223627796,0.0002696501348741437
39117,2026-03-17 11:00:00,155,4,1,2026-03-17 12:00:00,156,0.0187,0.0042071934495599185,0.004013001114591245,0.004139405474797779,0.00021004144170847896,0.00021201091292734892
39117,2026-03-17 12:00:00,156,4,1,2026-03-17 13:00:00,157,0.0173,0.0041047444302035035,0.0037394282334613383,0.0041147191964412974,0.00017411476955224545,0.00017385162986869362
39117,2026-03-17 13:00:00,157,4,1,2026-03-17 14:00:00,158,0.018,0.004902186547695622,0.006387339797999502,0.004878969111908297,0.00017155271723136553,0.0001721614515662565
39117,2026-03-17 14:00:00,158,4,1,2026-03-17 15:00:00,159,0.0178,0.004346298919869892,0.009431454154857582,0.004345889968711624,0.00018100207275349402,0.0001810130767340145
39117,2026-03-17 15:00:00,159,4,1,2026-03-17 16:00:00,160,0.0137,0.004421335615762684,0.008396543124812455,0.00451759956777495,8.609361275531405e-05,8.43164776977268e-05
39117,2026-03-17 16:00:00,160,4,1,2026-03-17 17:00:00,161,0.013,0.00470957975961988,0.00800551628005509,0.004732442149208033,6.873106776210433e-05,6.835251281619188e-05
39117,2026-03-17 17:00:00,161,4,1,2026-03-17 18:00:00,162,0.0126,0.004308191941802557,0.007414885578117821,0.004294499017192877,6.875408087398805e-05,6.89813465754101e-05
39117,2026-03-17 18:00:00,162,4,1,2026-03-17 19:00:00,163,0.0121,0.0032410065491927263,0.007289408924163397,0.0032272060446763614,7.848176496144615e-05,7.87264725736277e-05
39117,2026-03-17 19:00:00,163,4,1,2026-03-17 20:00:00,164,0.0115,0.0032780344375743075,0.006944338774051589,0.0033137459797128897,6.760071770971404e-05,6.701475488466685e-05
39117,2026-03-17 20:00:00,164,4,1,2026-03-17 21:00:00,165,0.011,0.001894195791392591,0.0013815481014296561,0.0020564101087864935,8.291567028549238e-05,7.99878001422164e-05
39117,2026-03-17 21:00:00,165,4,1,2026-03-17 22:00:00,166,0.0108,0.0017200569909941493,0.001047090314047675,0.001858498350687872,8.244536504679424e-05,7.995045174465152e-05
39117,2026-03-17 22:00:00,166,4,1,2026-03-17 23:00:00,167,0.0087,0.0018037808808314118,0.0011019722860624026,0.0019135887290619433,4.755783813958637e-05,4.6055377938315076e-05
39117,2026-03-17 23:00:00,167,4,1,2026-03-18 00:00:00,168,0.0085,0.0017449115736313495,0.0012848234274304984,0.0018400029429316127,4.563121964805971e-05,4.435556080015959e-05
39117,2026-03-18 00:00:00,168,4,1,2026-03-18 01:00:00,169,0.0084,0.0017767187428744822,0.0017061432373864061,0.0018349631454932936,4.386785461099017e-05,4.30997089010313e-05
39117,2026-03-18 01:00:00,169,4,1,2026-03-18 02:00:00,170,0.0077,0.0016199790195252908,0.0011838298589156178,0.0016977336896673975,3.696665512301265e-05,3.602720086015375e-05
39117,2026-03-18 02:00:00,170,4,1,2026-03-18 03:00:00,171,0.0074,0.00147124636811082,0.0017775516962714206,0.0014869404915800182,3.515011962763914e-05,3.496427275011596e-05
39117,2026-03-18 03:00:00,171,4,1,2026-03-18 04:00:00,172,0.0072,0.001847609340673609,0.002552242879162082,0.0018284805910401994,2.8648085770044395e-05,2.885322076083184e-05
39117,2026-03-18 04:00:00,172,4,1,2026-03-18 05:00:00,173,0.0068,0.0011840388020389085,0.00217103808177271,0.001177521555667763,3.1539020177004575e-05,3.1612263856980646e-05
39117,2026-03-18 05:00:00,173,4,1,2026-03-18 06:00:00,174,0.0063,0.0012152024176921047,0.0024317188265746657,0.0012464623929535146,2.5855166453044215e-05,2.5538242345833117e-05
39117,2026-03-18 06:00:00,174,4,1,2026-03-18 07:00:00,175,0.0062,0.0014859883774507754,0.0033789214217989816,0.0014354003484924284,2.2221905577529173e-05,2.270140983914607e-05
39117,2026-03-18 07:00:00,175,4,1,2026-03-18 08:00:00,176,0.0062,0.0016601763965441764,0.002561147043345619,0.0016271802923661914,2.060999835049462e-05,2.0910680078524147e-05
39117,2026-03-18 08:00:00,176,4,1,2026-03-18 09:00:00,177,0.0062,0.002689061195488638,0.0026060787898002,0.002286463837302845,1.2326691289023671e-05,1.531576529673837e-05
39117,2026-03-18 09:00:00,177,4,1,2026-03-18 10:00:00,178,0.006,0.0026824863105756195,0.0022655393304334553,0.0024514901075776054,1.1005897079518167e-05,1.2591922456619596e-05
39117,2026-03-18 10:00:00,178,4,1,2026-03-18 11:00:00,179,0.004,0.0018685318679520964,0.0022499195984129676,0.0019245245329084632,4.543156397935781e-06,4.3075984144988325e-06
39117,2026-03-18 11:00:00,179,4,1,2026-03-18 12:00:00,180,0.0036,0.0020194264851372394,0.002185582015473686,0.0018914022885529248,2.498212635885621e-06,2.9193061395621826e-06
39117,2026-03-18 12:00:00,180,4,1,2026-03-18 13:00:00,181,0.0033,0.0016573942608065187,0.001967352792982117,0.0016377209218321523,2.698153614431363e-06,2.7631717337145493e-06
39117,2026-03-18 13:00:00,181,4,1,2026-03-18 14:00:00,182,0.0038,0.0019957413723521162,0.00270673263889409,0.0019536530902995535,3.255349195441825e-06,3.4089969109603887e-06
39117,2026-03-18 14:00:00,182,4,1,2026-03-18 15:00:00,183,0.0029,0.0017177603121528013,0.0022322942207512217,0.0016865370951940802,1.3976906795210415e-06,1.4724922213400203e-06
39117,2026-03-18 15:00:00,183,4,1,2026-03-18 16:00:00,184,0.0025,0.0016912040442684842,0.0026082241715747268,0.001633604566198238,6.541508980076561e-07,7.506410477125436e-07
39117,2026-03-18 16:00:00,184,4,1,2026-03-18 17:00:00,185,0.0025,0.0015154387561031571,0.00225398451470345,0.001480143035455658,9.693608429836986e-07,1.0401082281295996e-06
39117,2026-03-18 17:00:00,185,4,1,2026-03-18 18:00:00,186,0.0024,0.0014720330770184103,0.002392533543311881,0.0015032562565601155,8.611226101479192e-07,8.04149341398577e-07
39117,2026-03-18 18:00:00,186,4,1,2026-03-18 19:00:00,187,0.0023,0.0013464869847644538,0.002249880214749775,0.001341322449554996,9.091870702235828e-07,9.190626457272333e-07
39117,2026-03-18 19:00:00,187,4,1,2026-03-18 20:00:00,188,0.0023,0.0012700712797220992,0.002109870607097203,0.0012954979879546817,1.0607531688532743e-06,1.0090242922030927e-06
39117,2026-03-18 20:00:00,188,4,1,2026-03-18 21:00:00,189,0.0021,0.001462523195806383,0.0021562221694304794,0.0015175288191239518,4.0637667588490704e-07,3.392726765511379e-07
39117,2026-03-18 21:00:00,189,4,1,2026-03-18 22:00:00,190,0.0018,0.0012883155944019154,0.002146832501473752,0.0013257346000112372,2.6182093093226504e-07,2.2492766962650115e-07
39117,2026-03-18 22:00:00,190,4,1,2026-03-18 23:00:00,191,0.0015,0.001485978605834122,0.0021987741507644557,0.001332696456970923,1.965994943549181e-10,2.79904755100822e-08
39117,2026-03-18 23:00:00,191,4,1,2026-03-19 00:00:00,192,0.0014,0.0012544949405769745,0.002117588785862238,0.0012477271696894107,2.1171722317698186e-08,2.3187014850797534e-08
39117,2026-03-19 00:00:00,192,4,1,2026-03-19 01:00:00,193,0.0014,0.0013875103726956018,0.002329969965268836,0.0013088552171556629,1.5599079020276839e-10,8.307371439741372e-09
39117,2026-03-19 01:00:00,193,4,1,2026-03-19 02:00:00,194,0.0013,0.0014069299186499865,0.0021746009088519347,0.00139649779796931,1.1434007502492743e-08,9.31182501292578e-09
39117,2026-03-19 02:00:00,194,4,1,2026-03-19 03:00:00,195,0.0012,0.0012989620629913158,0.0023245282260441675,0.0013205610170832244,9.793489911497176e-09,1.4534958840141556e-08
39117,2026-03-19 03:00:00,195,4,1,2026-03-19 04:00:00,196,0.0012,0.001229845040973009,0.0021851228990338433,0.0012377632191933334,8.907264706805973e-10,1.4260607238437535e-09
39117,2026-03-19 04:00:00,196,4,1,2026-03-19 05:00:00,197,0.0012,0.0012590144079953041,0.002229102582934509,0.0012521605867257754,3.4827003510362287e-09,2.7207268075771454e-09
39117,2026-03-19 05:00:00,197,4,1,2026-03-19 06:00:00,198,0.0012,0.0014334316071730575,0.00217138042895652,0.001410994397236737,5.449031522739667e-08,4.451863566529403e-08
39117,2026-03-19 06:00:00,198,4,1,2026-03-19 07:00:00,199,0.0012,0.0014121264910407186,0.0021632004200845016,0.0014325929811500634,4.499764820124811e-08,5.4099494880273814e-08
39117,2026-03-19 07:00:00,199,4,1,2026-03-19 08:00:00,200,0.0013,0.0013818154145330177,0.002230585211455273,0.0013734241306711827,6.693762055209537e-09,5.391102964818918e-09
39117,2026-03-19 08:00:00,200,4,1,2026-03-19 09:00:00,201,0.001,0.0014169748315363115,0.0021050403033879435,0.0013605043073263428,1.7386801013473532e-07,1.2996335560084618e-07
39117,2026-03-19 09:00:00,201,4,1,2026-03-19 10:00:00,202,0.0009,0.0014540088526902692,0.0022865054025897873,0.0013681795350445644,3.0692580885918845e-07,2.1919207703454453e-07
39117,2026-03-19 10:00:00,202,4,1,2026-03-19 11:00:00,203,0.0008,0.0013300239104243972,0.0022375930978146144,0.0012751244002162474,2.8092534562156936e-07,2.257431956808488e-07
39117,2026-03-19 11:00:00,203,4,1,2026-03-19 12:00:00,204,0.0008,0.0013813135173611768,0.001651123680555071,0.0013688652075136765,3.3792540546682317e-07,3.236076243195782e-07
39117,2026-03-19 12:00:00,204,4,1,2026-03-19 13:00:00,205,0.0008,0.0014023345289551378,0.0017913914141981613,0.0013950599468599179,3.628068847716077e-07,3.5409634035692823e-07
39117,2026-03-19 13:00:00,205,4,1,2026-03-19 14:00:00,206,0.0005,0.001370862000011735,0.0019370213260499398,0.0013639561674843302,7.584006230644391e-07,7.46420259334212e-07
39117,2026-03-19 14:00:00,206,4,1,2026-03-19 15:00:00,207,0.0004,0.0012961332313290337,0.001804622828342242,0.0013062292199898073,8.030547682922155e-07,8.212513991633346e-07
39117,2026-03-19 15:00:00,207,4,1,2026-03-19 16:00:00,208,0.0003,0.0013581024770498028,0.0021317340369007725,0.0013748692867387472,1.1195808519389285e-06,1.1553439835742635e-06
39117,2026-03-19 16:00:00,208,4,1,2026-03-19 17:00:00,209,0.0003,0.0014763303783990607,0.0023518602303584713,0.0014780547921385962,1.3837531591444774e-06,1.3878130932807112e-06
39117,2026-03-19 17:00:00,209,4,1,2026-03-19 18:00:00,210,0.0004,0.0013976943805135264,0.0019046766535441848,0.0014424298543534917,9.953940769082693e-07,1.086660001247442e-06
39117,2026-03-19 18:00:00,210,4,1,2026-03-19 19:00:00,211,0.0001,0.001623493569627061,0.002252793376915663,0.0015592760846320477,2.3210326566950043e-06,2.1294866911790393e-06
39117,2026-03-19 19:00:00,211,4,1,2026-03-19 20:00:00,212,0.0002,0.0014465857989076614,0.001757903274332101,0.0013731522929933994,1.5539761540382522e-06,1.3762863025556707e-06
39117,2026-03-19 20:00:00,212,4,1,2026-03-19 21:00:00,213,0.0003,0.001469979493307154,0.001925907042472969,0.0013954127753058763,1.368852014759265e-06,1.1999291483033225e-06
39117,2026-03-19 21:00:00,213,4,1,2026-03-19 22:00:00,214,0.0003,0.0015576534057188892,0.0019821512421874777,0.0014411076818046185,1.5816920889163212e-06,1.3021267414735106e-06
39117,2026-03-19 22:00:00,214,4,1,2026-03-19 23:00:00,215,0.0003,0.0016310174623869126,0.002792311673027641,0.0016402069428391515,1.7716074851788966e-06,1.796154649634265e-06
39119,2026-03-14 00:00:00,72,1,1,2026-03-14 01:00:00,73,0.191,0.2125999036734029,0.2125999036734029,0.21299322433429202,0.00046655583870028376,0.0004837019166184945
39119,2026-03-14 01:00:00,73,1,1,2026-03-14 02:00:00,74,0.1909,0.21045673539343832,0.21045673539343832,0.21016610999109314,0.00038246589924896345,0.0003711829941888995
39119,2026-03-14 02:00:00,74,1,1,2026-03-14 03:00:00,75,0.1868,0.2082610479457789,0.2082610479457789,0.20749355419617505,0.0004605765789310212,0.00042822318527003405
39119,2026-03-14 03:00:00,75,1,1,2026-03-14 04:00:00,76,0.1835,0.20750348833879523,0.20750348833879523,0.20668735385152534,0.0005761674524306787,0.0005376533786358472
39119,2026-03-14 04:00:00,76,1,1,2026-03-14 05:00:00,77,0.1772,0.20525972054873065,0.20525972054873065,0.20554508810120264,0.0007873479172728574,0.0008034440194649399
39119,2026-03-14 05:00:00,77,1,1,2026-03-14 06:00:00,78,0.1758,0.20952249980765322,0.20557047398174558,0.19445498679607043,0.0011372069932771708,0.0003480085323615616
39119,2026-03-14 06:00:00,78,1,1,2026-03-14 07:00:00,79,0.1679,0.20781101538166727,0.20236432934117418,0.192753419214761,0.0015928891487956818,0.0006176924466646514
39119,2026-03-14 07:00:00,79,1,1,2026-03-14 08:00:00,80,0.1642,0.20436097347204854,0.20074279798069716,0.19082174301181765,0.0016129037902225857,0.000708717200987261
39119,2026-03-14 08:00:00,80,1,1,2026-03-14 09:00:00,81,0.162,0.19915993418722677,0.1940012414210721,0.18548661488457543,0.0013808607087990247,0.0005516210787363602
39119,2026-03-14 09:00:00,81,1,1,2026-03-14 10:00:00,82,0.1453,0.19124889525681474,0.1893003530237377,0.1825120002670129,0.002111300975321731,0.0013847329638721666
39119,2026-03-14 10:00:00,82,1,1,2026-03-14 11:00:00,83,0.1424,0.185682578493375,0.184249305540702,0.17728553220037793,0.0018733816010351677,0.0012170003569036056
39119,2026-03-14 11:00:00,83,1,1,2026-03-14 12:00:00,84,0.1324,0.18152240749209944,0.17800047976935393,0.17360421447807856,0.0024130109178198684,0.0016977872907554992
39119,2026-03-14 12:00:00,84,1,1,2026-03-14 13:00:00,85,0.1199,0.17390580435348235,0.1663653466521647,0.16530659202910333,0.0029166269038666125,0.0020617585996974296
39119,2026-03-14 13:00:00,85,1,1,2026-03-14 14:00:00,86,0.1193,0.1677361085065365,0.15563404002407996,0.1594743659164079,0.0023460566072569774,0.0016139796767854365
39119,2026-03-14 14:00:00,86,1,1,2026-03-14 15:00:00,87,0.1166,0.16091066481982108,0.15416557662954572,0.15265577897235347,0.00196343501677453,0.0013000191973032069
39119,2026-03-14 15:00:00,87,1,1,2026-03-14 16:00:00,88,0.1091,0.15784907522746777,0.15099855737639373,0.14995862667500576,0.0023764723355333118,0.0016694273737674918
39119,2026-03-14 16:00:00,88,1,1,2026-03-14 17:00:00,89,0.1066,0.15233582143511393,0.14518924939805902,0.14619751084941868,0.0020917653623446267,0.00156796286546983
39119,2026-03-14 17:00:00,89,1,1,2026-03-14 18:00:00,90,0.1012,0.14636646986635307,0.14395185956313677,0.14055763575666164,0.0020400100001881803,0.0015490234923540506
39119,2026-03-14 18:00:00,90,1,1,2026-03-14 19:00:00,91,0.0961,0.12449649123222241,0.13652165144168987,0.11988551640968996,0.0008063607143016839,0.0005657507908756301
39119,2026-03-14 19:00:00,91,1,1,2026-03-14 20:00:00,92,0.0621,0.10926473681265027,0.10982621099344421,0.10523670542978832,0.002224512398606567,0.0018607753553363286
39119,2026-03-14 20:00:00,92,1,1,2026-03-14 21:00:00,93,0.054,0.10511575520902998,0.10469548126333858,0.10108750751923064,0.0026128204305894756,0.002217233364373602
39119,2026-03-14 21:00:00,93,1,1,2026-03-14 22:00:00,94,0.05,0.10223683173775554,0.10119944603108316,0.09867042903355469,0.002728686589998584,0.0023688106623102833
39119,2026-03-14 22:00:00,94,1,1,2026-03-14 23:00:00,95,0.0453,0.09838734836440616,0.09555320342141992,0.09504001225329972,0.0028182665563638173,0.0024740688189584066
39119,2026-03-14 23:00:00,95,1,1,2026-03-15 00:00:00,96,0.0411,0.09797690504590917,0.09374146371729242,0.07702214482383857,0.0032349823276013683,0.001290400488744832
39119,2026-03-15 00:00:00,96,1,1,2026-03-15 01:00:00,97,0.0372,0.0946526220824261,0.08928230685902262,0.0739612712004793,0.0033008037841460755,0.0013513910602751887
39119,2026-03-15 01:00:00,97,1,1,2026-03-15 02:00:00,98,0.0339,0.09398337790440227,0.08762677547992948,0.07348100239730512,0.0036100123004032146,0.0015666557507754738
39119,2026-03-15 02:00:00,98,1,1,2026-03-15 03:00:00,99,0.0332,0.09368288939859616,0.08803407938372505,0.073500997757681,0.003658179910002816,0.001624170420264609
39119,2026-03-15 03:00:00,99,1,1,2026-03-15 04:00:00,100,0.0331,0.09348175666838372,0.08776154346018718,0.07352053908751202,0.0036459565383599023,0.0016338199801250873
39119,2026-03-15 04:00:00,100,1,1,2026-03-15 05:00:00,101,0.0328,0.0932546187917528,0.08861619056463305,0.07379155798926393,0.0036547609332561503,0.0016803078263871872
39119,2026-03-15 05:00:00,101,1,1,2026-03-15 06:00:00,102,0.0324,0.09267301575185703,0.08869183422341138,0.07308185035776542,0.0036328364278236064,0.0016550129485316185
39119,2026-03-15 06:00:00,102,1,1,2026-03-15 07:00:00,103,0.0322,0.09332242161459468,0.08910543144278017,0.07339873974120031,0.0037359504240322716,0.0016973361562631583
39119,2026-03-15 07:00:00,103,1,1,2026-03-15 08:00:00,104,0.032,0.092120998592957,0.08868539806192642,0.0733030145114603,0.003614534471814337,0.0017059390077339004
39119,2026-03-15 08:00:00,104,1,1,2026-03-15 09:00:00,105,0.0312,0.09114730467474996,0.08685242583996935,0.07254623635764423,0.0035936793377672987,0.001709511260942182
39119,2026-03-15 09:00:00,105,1,1,2026-03-15 10:00:00,106,0.0294,0.08756527292029771,0.08250254772362041,0.0699127994888671,0.003383198973892719,0.0016412869224251504
39119,2026-03-15 10:00:00,106,1,1,2026-03-15 11:00:00,107,0.0279,0.08600421736756185,0.08122850016940382,0.06760761817082775,0.003376100075896876,0.00157669494080025
39119,2026-03-15 11:00:00,107,1,1,2026-03-15 12:00:00,108,0.0277,0.08036348257261695,0.07907798676507682,0.0652552588211083,0.0027734423966763295,0.001410397465120433
39119,2026-03-15 12:00:00,108,1,1,2026-03-15 13:00:00,109,0.0336,0.077467865292083,0.07633928540814944,0.06365688424608469,0.0019243896052843399,0.0009034162905825343
39119,2026-03-15 13:00:00,109,1,1,2026-03-15 14:00:00,110,0.0311,0.07393240287438248,0.07376615582622997,0.061251487501433534,0.0018346147359934082,0.0009091121985491026
39119,2026-03-15 14:00:00,110,1,1,2026-03-15 15:00:00,111,0.0204,0.07028415587033517,0.07009377934881038,0.059177389457562735,0.0024884290068958943,0.0015036859331434974
39119,2026-03-15 15:00:00,111,1,1,2026-03-15 16:00:00,112,0.0177,0.0669646403759149,0.0620867332405131,0.05632973606139973,0.002427004791368225,0.0014922565081734067
39119,2026-03-15 16:00:00,112,1,1,2026-03-15 17:00:00,113,0.0155,0.06482537919595469,0.061090192343415325,0.05411737721561286,0.002432993032824719,0.0014913018230129354
39119,2026-03-15 17:00:00,113,1,1,2026-03-15 18:00:00,114,0.0133,0.06161949994110069,0.05784981034267101,0.05139473783237692,0.00233477407455803,0.0014512090505175294
39119,2026-03-15 18:00:00,114,1,1,2026-03-15 19:00:00,115,0.01,0.05295184325106137,0.046851216360191676,0.043951332202257457,0.0018448608386637461,0.0011526929583080441
39119,2026-03-15 19:00:00,115,1,1,2026-03-15 20:00:00,116,0.0082,0.04663411293968802,0.04330636947788117,0.038235704220141026,0.0014771810374606942,0.0009021435279997975
39119,2026-03-15 20:00:00,116,1,1,2026-03-15 21:00:00,117,0.0074,0.043236408007853944,0.042438000665524445,0.03632475112227828,0.001284248138905378,0.0008366412274857386
39119,2026-03-15 21:00:00,117,1,1,2026-03-15 22:00:00,118,0.0071,0.04111292261078797,0.039285374513108776,0.03387590815105011,0.0011568789045274515,0.0007169492573134718
39119,2026-03-15 22:00:00,118,1,1,2026-03-15 23:00:00,119,0.0075,0.038546528644520114,0.03816121117650881,0.03162156142127111,0.000963886940875008,0.0005818497254001546
39119,2026-03-15 23:00:00,119,1,1,2026-03-16 00:00:00,120,0.0074,0.03780452396391207,0.0346040521793053,0.027298085037816968,0.0009244350774721032,0.0003959337881721955
39119,2026-03-16 00:00:00,120,1,1,2026-03-16 01:00:00,121,0.0072,0.036631582620764096,0.032019789551520524,0.026516016601898004,0.0008662180555628633,0.00037310849736479923
39119,2026-03-16 01:00:00,121,1,1,2026-03-16 02:00:00,122,0.0072,0.036870389136008826,0.03191719821137527,0.02652003538641059,0.0008803319914821907,0.00037326376733215743
39119,2026-03-16 02:00:00,122,1,1,2026-03-16 03:00:00,123,0.0073,0.036837944001906264,0.031861431120371396,0.026497196674956574,0.0008724901358597502,0.0003685323601769637
39119,2026-03-16 03:00:00,123,1,1,2026-03-16 04:00:00,124,0.0074,0.037069302049550924,0.0329293545059281,0.026924433858832572,0.0008802674841074866,0.0003812035175079278
39119,2026-03-16 04:00:00,124,1,1,2026-03-16 05:00:00,125,0.0092,0.03826339417240858,0.0337040612951985,0.027248343100670015,0.000844680880820793,0.0003257426886795029
39119,2026-03-16 05:00:00,125,1,1,2026-03-16 06:00:00,126,0.016,0.038162348504057725,0.031072898567363033,0.026653206834547305,0.0004911696912153097,0.0001134908158596454
39119,2026-03-16 06:00:00,126,1,1,2026-03-16 07:00:00,127,0.0168,0.039003984156382905,0.03416451757943813,0.02756369569359442,0.0004930169124169031,0.0001158571449843031
39119,2026-03-16 07:00:00,127,1,1,2026-03-16 08:00:00,128,0.0152,0.038666084468906896,0.03397224801944157,0.027612147370266456,0.0005506571203018735,0.0001540614023412125
39119,2026-03-16 08:00:00,128,1,1,2026-03-16 09:00:00,129,0.0088,0.03919332777816338,0.03339608713451368,0.027164546048064606,0.0009237543734308776,0.00033725655155148523
39119,2026-03-16 09:00:00,129,1,1,2026-03-16 10:00:00,130,0.0072,0.0397470036427345,0.034505395664247825,0.027276039261342165,0.001059307446120173,0.00040304735242295217
39119,2026-03-16 10:00:00,130,1,1,2026-03-16 11:00:00,131,0.0077,0.036333100766083704,0.03128093922739949,0.02503279413544637,0.0008198544594807032,0.000300425752541764
39119,2026-03-16 11:00:00,131,1,1,2026-03-16 12:00:00,132,0.0079,0.03306921570346589,0.029260801197587664,0.023716991873363357,0.0006334894191275938,0.00025017723192204247
39119,2026-03-16 12:00:00,132,1,1,2026-03-16 13:00:00,133,0.0059,0.029521640131959695,0.027085561627026727,0.02172348703427305,0.0005579818825238088,0.00025038274192380733
39119,2026-03-16 13:00:00,133,1,1,2026-03-16 14:00:00,134,0.0033,0.027071511132167103,0.02592416454816775,0.02030132999192463,0.0005650847415067444,0.00028904522149431587
39119,2026-03-16 14:00:00,134,1,1,2026-03-16 15:00:00,135,0.0026,0.024113901720321653,0.025354117655921996,0.01811394751815462,0.0004628479672316589,0.00024068256759605594
39119,2026-03-16 15:00:00,135,1,1,2026-03-16 16:00:00,136,0.0024,0.01959638841360493,0.02196830654713456,0.014124935205076421,0.0002957157744715659,0.00013747410556324047
39119,2026-03-16 16:00:00,136,1,1,2026-03-16 17:00:00,137,0.0022,0.018176199632563252,0.02135874161034738,0.013258987621922251,0.0002552389546995142,0.00012230120722182957
39119,2026-03-16 17:00:00,137,1,1,2026-03-16 18:00:00,138,0.0017,0.01574214953004282,0.018184262827926064,0.011414442578742114,0.00019718196342408177,9.437039461567772e-05
39119,2026-03-16 18:00:00,138,1,1,2026-03-16 19:00:00,139,0.0012,0.012447790471429774,0.014634662492845422,0.009284953382660393,0.00012651279048918644,6.536647119979173e-05
39119,2026-03-16 19:00:00,139,1,1,2026-03-16 20:00:00,140,0.001,0.011235328332013952,0.01300350730737352,0.008520496702453913,0.00010476194606412753,5.6557870651620184e-05
39119,2026-03-16 20:00:00,140,1,1,2026-03-16 21:00:00,141,0.0011,0.010247459306958992,0.011196696030735939,0.008086409036847358,8.367601177247067e-05,4.880991123014242e-05
39119,2026-03-16 21:00:00,141,1,1,2026-03-16 22:00:00,142,0.0009,0.009211507223518833,0.010279329420167155,0.00748227356273602,6.908115232660574e-05,4.3326325254693545e-05
39119,2026-03-16 22:00:00,142,1,1,2026-03-16 23:00:00,143,0.0008,0.008454378855174478,0.010208977001212228,0.0068333538659004316,5.858951565854215e-05,3.6401358871175675e-05
39119,2026-03-16 23:00:00,143,1,1,2026-03-17 00:00:00,144,0.0008,0.007673153493261338,0.008679656105203298,0.006187945857315937,4.7240238941930534e-05,2.9029960561367967e-05
39119,2026-03-17 00:00:00,144,1,1,2026-03-17 01:00:00,145,0.0007,0.007419924222954605,0.008188380904163914,0.006045009635618658,4.515738156225205e-05,2.8569128004856298e-05
39119,2026-03-17 01:00:00,145,1,1,2026-03-17 02:00:00,146,0.0007,0.007248881423473014,0.008185267388962884,0.005892154710789134,4.288784789870993e-05,2.69584705407698e-05
39119,2026-03-17 02:00:00,146,1,1,2026-03-17 03:00:00,147,0.0007,0.007117962278203912,0.007858156045605427,0.005805156472819417,4.119023980444835e-05,2.606262261196999e-05
39119,2026-03-17 03:00:00,147,1,1,2026-03-17 04:00:00,148,0.0007,0.007248009002699963,0.0077574758129079924,0.005825394057461489,4.287642189943976e-05,2.6269664244261542e-05
39119,2026-03-17 04:00:00,148,1,1,2026-03-17 05:00:00,149,0.0007,0.007114811905752679,0.006756185512133549,0.005668292435168556,4.1149811786186316e-05,2.4683929721353097e-05
39119,2026-03-17 05:00:00,149,1,1,2026-03-17 06:00:00,150,0.0007,0.006978980860602214,0.006297041023202924,0.005394337482467968,3.942560064780891e-05,2.20368043993037e-05
39119,2026-03-17 06:00:00,150,1,1,2026-03-17 07:00:00,151,0.0007,0.006623108848836652,0.005998716058339697,0.005381182437738508,3.5083218435167045e-05,2.1913469015391437e-05
39119,2026-03-17 07:00:00,151,1,1,2026-03-17 08:00:00,152,0.0007,0.006126013404249176,0.005050940276369392,0.004838672215979114,2.9441621463091734e-05,1.7128607711317473e-05
39119,2026-03-17 08:00:00,152,1,1,2026-03-17 09:00:00,153,0.0008,0.005522155701102759,0.004732866520330376,0.0046146423587624455,2.2298754465457288e-05,1.4551496325264714e-05
39119,2026-03-17 09:00:00,153,1,1,2026-03-17 10:00:00,154,0.0008,0.004933545913472027,0.0038285592223715015,0.0043111022912640734,1.7086201818781293e-05,1.2327839299719828e-05
39119,2026-03-17 10:00:00,154,1,1,2026-03-17 11:00:00,155,0.0009,0.004971444321763808,0.0038727992489080132,0.004176454990899705,1.6576658865222755e-05,1.0735157307391586e-05
39119,2026-03-17 11:00:00,155,1,1,2026-03-17 12:00:00,156,0.0012,0.004792833198903015,0.0039039495660971755,0.0039101152601810326,1.2908450395139677e-05,7.344724723466108e-06
39119,2026-03-17 12:00:00,156,1,1,2026-03-17 13:00:00,157,0.0008,0.003901947835210014,0.002296042088938249,0.0032739952264266934,9.622080372364092e-06,6.120652380382066e-06
39119,2026-03-17 13:00:00,157,1,1,2026-03-17 14:00:00,158,0.0006,0.003977134736730493,0.0024539992946425887,0.0034303379060376476,1.1405039030031736e-05,8.010812662353577e-06
39119,2026-03-17 14:00:00,158,1,1,2026-03-17 15:00:00,159,0.0006,0.0031108876099940454,0.0022271465156880237,0.0029732868192465685,6.30455659002161e-06,5.632490326409495e-06
39119,2026-03-17 15:00:00,159,1,1,2026-03-17 16:00:00,160,0.0006,0.0029559583125287853,0.002070590585556752,0.0028887106747457095,5.550539570373482e-06,5.238196552694961e-06
39119,2026-03-17 16:00:00,160,1,1,2026-03-17 17:00:00,161,0.0005,0.002521896814972195,0.0010195853909554168,0.002651944165304522,4.088066730394706e-06,4.6308636905881765e-06
39119,2026-03-17 17:00:00,161,1,1,2026-03-17 18:00:00,162,0.0003,0.0018602867874751264,0.0011303902869574899,0.002352530421956605,2.4344948591694505e-06,4.2128811330573585e-06
39119,2026-03-17 18:00:00,162,1,1,2026-03-17 19:00:00,163,0.0002,0.0015479021011391213,0.001370899866441275,0.0020416857564643127,1.8168400742552576e-06,3.3918064255635274e-06
39119,2026-03-17 19:00:00,163,1,1,2026-03-17 20:00:00,164,0.0002,0.0014129654432996548,0.0013675865497066973,0.002035024907716537,1.4712851666391278e-06,3.3673164119400857e-06
39119,2026-03-17 20:00:00,164,1,1,2026-03-17 21:00:00,165,0.0001,0.0013231577508560387,0.0011360984515838917,0.001989253421544493,1.4961148834792032e-06,3.5692784908175744e-06
39119,2026-03-17 21:00:00,165,1,1,2026-03-17 22:00:00,166,0.0001,0.0012972278345539567,0.001368681258824465,0.002031157002898272,1.4333544878307562e-06,3.729367369843036e-06
39119,2026-03-17 22:00:00,166,1,1,2026-03-17 23:00:00,167,0.0001,0.0012798224020920616,0.0010127180118871051,0.0018602422665036993,1.3919809004782822e-06,3.09845283678608e-06
39119,2026-03-17 23:00:00,167,1,1,2026-03-18 00:00:00,168,0.0,0.0014375525529369167,0.0010428019472702914,0.0018193286006087507,2.0665573424554465e-06,3.309956556992995e-06
39119,2026-03-18 00:00:00,168,1,1,2026-03-18 01:00:00,169,0.0,0.0014669855876251684,0.0012950909185367853,0.0019322787798549072,2.1520467142999608e-06,3.7337012830775688e-06
39119,2026-03-18 01:00:00,169,1,1,2026-03-18 02:00:00,170,0.0,0.001473737934702848,0.0019996552672299607,0.002127871596424874,2.171903500182216e-06,4.527837530871741e-06
39119,2026-03-18 02:00:00,170,1,1,2026-03-18 03:00:00,171,0.0,0.0013397233955062485,0.0013745482432387611,0.0019140163084308205,1.7948587764667922e-06,3.663458428939146e-06
39119,2026-03-18 03:00:00,171,1,1,2026-03-18 04:00:00,172,0.0,0.001599240190839419,0.0017695110252819895,0.002169430677273756,2.557569187996101e-06,4.706429463496468e-06
39119,2026-03-18 04:00:00,172,1,1,2026-03-18 05:00:00,173,0.0,0.0011795219424793515,0.0017485087397691348,0.0020109609049996906,1.3912720127902625e-06,4.043963761437175e-06
39119,2026-03-18 05:00:00,173,1,1,2026-03-18 06:00:00,174,0.0,0.001343106112849211,0.0017236642274035077,0.0020544689980089375,1.8039340303729177e-06,4.220842863779848e-06
39119,2026-03-18 06:00:00,174,1,1,2026-03-18 07:00:00,175,0.0,0.0016177408339825396,0.0019985619577887674,0.002484258068259488,2.6170854059345228e-06,6.171538149712363e-06
39119,2026-03-18 07:00:00,175,1,1,2026-03-18 08:00:00,176,0.0001,0.0021192141110323703,0.0022910853024730635,0.002550312058925485,4.077225626192246e-06,6.004029186115651e-06
39119,2026-03-18 08:00:00,176,1,1,2026-03-18 09:00:00,177,0.0004,0.0025443614471420133,0.0022392996320396035,0.002740046239776755,4.598286015988988e-06,5.475816404293331e-06
39119,2026-03-18 09:00:00,177,1,1,2026-03-18 10:00:00,178,0.0003,0.004166480387678062,0.004291441312447216,0.0037002220035825,1.4949670588299095e-05,1.1561509673646593e-05
39119,2026-03-18 10:00:00,178,1,1,2026-03-18 11:00:00,179,0.0007,0.00594250136731263,0.004548348165880477,0.004236630431856673,2.7483820586274797e-05,1.2507754811534715e-05
39119,2026-03-18 11:00:00,179,1,1,2026-03-18 12:00:00,180,0.0003,0.005380135921505592,0.005255951682301174,0.003835896610343239,2.5807780980971468e-05,1.2502564839036808e-05
39119,2026-03-18 12:00:00,180,1,1,2026-03-18 13:00:00,181,0.0002,0.00473298270430793,0.004664526754521894,0.0032022677234907868,2.0547932197554837e-05,9.013611483514551e-06
39119,2026-03-18 13:00:00,181,1,1,2026-03-18 14:00:00,182,0.0003,0.002884859670331445,0.0030906057982420694,0.0026464677954371857,6.681499515305987e-06,5.505911115023847e-06
39119,2026-03-18 14:00:00,182,1,1,2026-03-18 15:00:00,183,0.0002,0.0023406140600836086,0.003093014467702035,0.0025061281049873316,4.582228554227631e-06,5.31822683661246e-06
39119,2026-03-18 15:00:00,183,1,1,2026-03-18 16:00:00,184,0.0002,0.0022965127176239946,0.0023344622711001764,0.0021535970733130277,4.395365575159147e-06,3.816541524857227e-06
39119,2026-03-18 16:00:00,184,1,1,2026-03-18 17:00:00,185,0.0001,0.0014154278943173068,0.0011795727904863199,0.001764202972021248,1.7303505451480635e-06,2.769571532084355e-06
39119,2026-03-18 17:00:00,185,1,1,2026-03-18 18:00:00,186,0.0001,0.0013220642637395738,0.0,0.0017218681473137095,1.4934410647093463e-06,2.6304562872708045e-06
39119,2026-03-18 18:00:00,186,1,1,2026-03-18 19:00:00,187,0.0001,0.0011835939542975149,0.0,0.0017051587624092868,1.1741758577901245e-06,2.576534652539313e-06
39119,2026-03-18 19:00:00,187,1,1,2026-03-18 20:00:00,188,0.0001,0.0011117686508718139,0.0,0.0016900921603879866,1.0236758028869703e-06,2.5283930785273342e-06
39119,2026-03-18 20:00:00,188,1,1,2026-03-18 21:00:00,189,0.0001,0.0,0.0,0.0016900668079506884,1e-08,2.528312453746491e-06
39119,2026-03-18 21:00:00,189,1,1,2026-03-18 22:00:00,190,0.0001,0.0,0.0,0.0016170759875620852,1e-08,2.301519552037476e-06
39119,2026-03-18 22:00:00,190,1,1,2026-03-18 23:00:00,191,0.0,0.0,0.0,0.0016251341050058188,0.0,2.641060859253064e-06
39119,2026-03-18 23:00:00,191,1,1,2026-03-19 00:00:00,192,0.0,0.0,0.0,0.0016356337322884567,0.0,2.6752977061998667e-06
39119,2026-03-19 00:00:00,192,1,1,2026-03-19 01:00:00,193,0.0001,0.0,0.0,0.0016465367929111574,1e-08,2.391776051827928e-06
39119,2026-03-19 01:00:00,193,1,1,2026-03-19 02:00:00,194,0.0001,0.0,0.001460714067892636,0.0017710627529974904,1e-08,2.7924507244555516e-06
39119,2026-03-19 02:00:00,194,1,1,2026-03-19 03:00:00,195,0.0,0.0,0.0015581264626080586,0.0018318524800713457,0.0,3.3556835087435397e-06
39119,2026-03-19 03:00:00,195,1,1,2026-03-19 04:00:00,196,0.0,0.0,0.0,0.0016368263382906497,0.0,2.6792004617219766e-06
39119,2026-03-19 04:00:00,196,1,1,2026-03-19 05:00:00,197,0.0,0.0,0.00128585167563544,0.0018640998056843729,0.0,3.4748680855525168e-06
39119,2026-03-19 05:00:00,197,1,1,2026-03-19 06:00:00,198,0.0,0.0,0.0,0.0016998572973381666,0.0,2.889514831313816e-06
39119,2026-03-19 06:00:00,198,1,1,2026-03-19 07:00:00,199,0.0,0.0,0.0,0.0017054864239611205,0.0,2.908683942315691e-06
39119,2026-03-19 07:00:00,199,1,1,2026-03-19 08:00:00,200,0.0001,0.0,0.0,0.0016591675027985285,1e-08,2.4310033017829995e-06
39119,2026-03-19 08:00:00,200,1,1,2026-03-19 09:00:00,201,0.0002,0.0,0.0017991478843038824,0.002009853943948247,4e-08,3.2755712984250245e-06
39119,2026-03-19 09:00:00,201,1,1,2026-03-19 10:00:00,202,0.0002,0.0,0.0011022786772571845,0.0017342209778269534,4e-08,2.353834008804293e-06
39119,2026-03-19 10:00:00,202,1,1,2026-03-19 11:00:00,203,0.0003,0.0012324390945382734,0.0012890393585999966,0.0018591109142981372,8.694426650233552e-07,2.4308268430835735e-06
39119,2026-03-19 11:00:00,203,1,1,2026-03-19 12:00:00,204,0.0006,0.0012941187026785626,0.0,0.0016530202422195262,4.818007734081709e-07,1.1088516305240694e-06
39119,2026-03-19 12:00:00,204,1,1,2026-03-19 13:00:00,205,0.0007,0.0014250069726800376,0.0,0.0017885749573275283,5.256351104346727e-07,1.1849954377206297e-06
39119,2026-03-19 13:00:00,205,1,1,2026-03-19 14:00:00,206,0.0006,0.0011855488536980092,0.001413666252019849,0.0018710171588113419,3.4286746006705266e-07,1.6154846179928558e-06
39119,2026-03-19 14:00:00,206,1,1,2026-03-19 15:00:00,207,0.0002,0.0010023104965229894,0.0011233637353219234,0.0017993058979296147,6.437021328309658e-07,2.557779355152451e-06
39119,2026-03-19 15:00:00,207,1,1,2026-03-19 16:00:00,208,0.0002,0.0,0.0011471890053071695,0.0017226331296113207,4e-08,2.3184116473899648e-06
39119,2026-03-19 16:00:00,208,1,1,2026-03-19 17:00:00,209,0.0002,0.0,0.0011852254164806595,0.001714224203778861,4e-08,2.2928749393097256e-06
39119,2026-03-19 17:00:00,209,1,1,2026-03-19 18:00:00,210,0.0002,0.0,0.0011823025970531238,0.0016878338252927566,4e-08,2.2136494916852767e-06
39119,2026-03-19 18:00:00,210,1,1,2026-03-19 19:00:00,211,0.0001,0.0,0.0,0.0016207543461188307,1e-08,2.3126937812393123e-06
39119,2026-03-19 19:00:00,211,1,1,2026-03-19 20:00:00,212,0.0001,0.0,0.0,0.001607563858961623,1e-08,2.27274878884726e-06
39119,2026-03-19 20:00:00,212,1,1,2026-03-19 21:00:00,213,0.0,0.0,0.0,0.001566766027024077,0.0,2.4547557834368107e-06
39119,2026-03-19 21:00:00,213,1,1,2026-03-19 22:00:00,214,0.0,0.0,0.0,0.001580558392418576,0.0,2.4981648318447935e-06
39119,2026-03-19 22:00:00,214,1,1,2026-03-19 23:00:00,215,0.0,0.0,0.0,0.001613330667355733,0.0,2.6028358422304947e-06
42053,2026-03-14 00:00:00,72,3,1,2026-03-14 01:00:00,73,0.1337,0.08389633677573301,0.08389633677573301,0.0844256360309802,0.002480404870556206,0.0024279629445514376
42053,2026-03-14 01:00:00,73,3,1,2026-03-14 02:00:00,74,0.3865,0.09284522489042277,0.09284522489042277,0.09308727001033404,0.0862331269446564,0.08609103011998862
42053,2026-03-14 02:00:00,74,3,1,2026-03-14 03:00:00,75,0.5049,0.0894293515215461,0.0894293515215461,0.09030375462975791,0.17261585974710705,0.171890046675102
42053,2026-03-14 03:00:00,75,3,1,2026-03-14 04:00:00,76,0.4887,0.08978970732349577,0.08978970732349577,0.09050512175733899,0.15912942160325427,0.15855916105868764
42053,2026-03-14 04:00:00,76,3,1,2026-03-14 05:00:00,77,0.5447,0.08735760065227259,0.08735760065227259,0.0885775325509806,0.20916207024113612,0.2080477053117817
42053,2026-03-14 05:00:00,77,3,1,2026-03-14 06:00:00,78,0.4677,0.0887142144790554,0.0862326999044166,0.08908181169047778,0.1436302256269274,0.14335173251878483
42053,2026-03-14 06:00:00,78,3,1,2026-03-14 07:00:00,79,0.4704,0.08365506190225146,0.07776165734699945,0.083409876760652,0.14957164714423132,0.14976135548480576
42053,2026-03-14 07:00:00,79,3,1,2026-03-14 08:00:00,80,0.4185,0.0819702987836603,0.07861743032082251,0.08296158256604702,0.11325223980075885,0.11258602957408168
42053,2026-03-14 08:00:00,80,3,1,2026-03-14 09:00:00,81,0.3444,0.08164714612612158,0.07855933580369669,0.08237022906142792,0.06903906221886771,0.06865960085812053
42053,2026-03-14 09:00:00,81,3,1,2026-03-14 10:00:00,82,0.2916,0.07943323975320363,0.07475917305299491,0.080275014902753,0.04501473415362158,0.04465824932635167
42053,2026-03-14 10:00:00,82,3,1,2026-03-14 11:00:00,83,0.2639,0.0748145993491659,0.0725281377282237,0.07459675240217974,0.03575328873928646,0.035835719551081655
42053,2026-03-14 11:00:00,83,3,1,2026-03-14 12:00:00,84,0.2475,0.07088319433346746,0.06644740845167178,0.07165295449159939,0.03119349604384972,0.030922183414033515
42053,2026-03-14 12:00:00,84,3,1,2026-03-14 13:00:00,85,0.2309,0.06848625433311971,0.062195016804586466,0.06913345145742893,0.02637822478154607,0.026168416227375996
42053,2026-03-14 13:00:00,85,3,1,2026-03-14 14:00:00,86,0.2138,0.06458880999663355,0.05536357665573147,0.06550332298408333,0.02226397922222072,0.0219919044139631
42053,2026-03-14 14:00:00,86,3,1,2026-03-14 15:00:00,87,0.1917,0.052739218202200434,0.049743969518303184,0.05351934646603029,0.019310098877855668,0.01909389301107498
42053,2026-03-14 15:00:00,87,3,1,2026-03-14 16:00:00,88,0.0656,0.048334466783250735,0.047816107845362534,0.04830769766619764,0.00029809863725867243,0.00029902372000362664
42053,2026-03-14 16:00:00,88,3,1,2026-03-14 17:00:00,89,0.0515,0.04095104101704512,0.03491780816392648,0.040587519703458995,0.00011128053562406434,0.0001190822262223956
42053,2026-03-14 17:00:00,89,3,1,2026-03-14 18:00:00,90,0.0439,0.03435970762855136,0.030299041094308747,0.03444928773335387,9.101717853272114e-05,8.931596234693561e-05
42053,2026-03-14 18:00:00,90,3,1,2026-03-14 19:00:00,91,0.0287,0.029514511258629826,0.028537744538820905,0.030698260015138104,6.634285904347438e-07,3.993043088099737e-06
42053,2026-03-14 19:00:00,91,3,1,2026-03-14 20:00:00,92,0.0165,0.025106359979372068,0.023434598242135042,0.02483563871831613,7.406943209453716e-05,6.948287284229094e-05
42053,2026-03-14 20:00:00,92,3,1,2026-03-14 21:00:00,93,0.0042,0.023286965302353507,0.019569855280268444,0.02262994878220313,0.00036431224445324675,0.0003396630121146306
42053,2026-03-14 21:00:00,93,3,1,2026-03-14 22:00:00,94,0.0035,0.021064607675902514,0.020236256593603223,0.02075077548004935,0.0003085154428083735,0.0002975892546630719
42053,2026-03-14 22:00:00,94,3,1,2026-03-14 23:00:00,95,0.0031,0.020342284794250945,0.019779075169205657,0.019686886403805573,0.0002972963849260574,0.0002751248005727502
42053,2026-03-14 23:00:00,95,3,1,2026-03-15 00:00:00,96,0.0034,0.019253211695578296,0.02008460059030845,0.018550991728665343,0.00025132432106482044,0.00022955255036208563
42053,2026-03-15 00:00:00,96,3,1,2026-03-15 01:00:00,97,0.0029,0.017082492005173158,0.01687517944108062,0.017329280959850844,0.00020114307947680056,0.0002082041490183141
42053,2026-03-15 01:00:00,97,3,1,2026-03-15 02:00:00,98,0.0028,0.016591146422429225,0.016565806156059952,0.01666934821583328,0.00019019571964488239,0.00019235881993203774
42053,2026-03-15 02:00:00,98,3,1,2026-03-15 03:00:00,99,0.0028,0.014678142481286953,0.01107107204488077,0.014837248545880468,0.00014109026880575377,0.00014489535255530144
42053,2026-03-15 03:00:00,99,3,1,2026-03-15 04:00:00,100,0.0028,0.014281368379085313,0.010968337415717355,0.014594846029627594,0.0001318218198562601,0.0001391183928626218
42053,2026-03-15 04:00:00,100,3,1,2026-03-15 05:00:00,101,0.0027,0.013480615701737805,0.012327850980461335,0.013830724305049207,0.00011622167490855568,0.00012389302355501314
42053,2026-03-15 05:00:00,101,3,1,2026-03-15 06:00:00,102,0.0016,0.012552385294149291,0.010862213416979979,0.012700373473995443,0.00011995474363149763,0.00012321829126218163
42053,2026-03-15 06:00:00,102,3,1,2026-03-15 07:00:00,103,0.0015,0.011343077615855558,0.009605703517360863,0.01158331985396898,9.688617695175673e-05,0.00010167333927744503
42053,2026-03-15 07:00:00,103,3,1,2026-03-15 08:00:00,104,0.0016,0.012162997122656121,0.010506294920093626,0.011978173472703349,0.00011157690821324149,0.00010770648462952347
42053,2026-03-15 08:00:00,104,3,1,2026-03-15 09:00:00,105,0.0018,0.013091295466267342,0.009825676256555234,0.012422588112822291,0.00012749335330654944,0.00011283937821467346
42053,2026-03-15 09:00:00,105,3,1,2026-03-15 10:00:00,106,0.0024,0.015987474914292067,0.011998001258987843,0.014221936494158628,0.00018461947454651625,0.0001397581824719196
42053,2026-03-15 10:00:00,106,3,1,2026-03-15 11:00:00,107,0.0019,0.016931342306339785,0.01535704670893113,0.01527587505521731,0.00022594125153036024,0.00017891403349278465
42053,2026-03-15 11:00:00,107,3,1,2026-03-15 12:00:00,108,0.0184,0.01765878777739447,0.015101055604050296,0.015813116986005626,5.493955589398287e-07,6.691963728092613e-06
42053,2026-03-15 12:00:00,108,3,1,2026-03-15 13:00:00,109,0.075,0.016748271427950073,0.01865120056415675,0.016464362830040845,0.0033932638816317777,0.0034264208188931034
42053,2026-03-15 13:00:00,109,3,1,2026-03-15 14:00:00,110,0.0191,0.01796865269143634,0.02081528759204476,0.01734145654128569,1.279946732594234e-06,3.092475096186879e-06
42053,2026-03-15 14:00:00,110,3,1,2026-03-15 15:00:00,111,0.0034,0.018827157522678165,0.0207147625460445,0.017785586966202308,0.0002379971892295255,0.00020694511236216972
42053,2026-03-15 15:00:00,111,3,1,2026-03-15 16:00:00,112,0.0109,0.02339451617212322,0.024845612320231053,0.02010474543866072,0.00015611293437544865,8.472733859054532e-05
42053,2026-03-15 16:00:00,112,3,1,2026-03-15 17:00:00,113,0.0186,0.029013209780003376,0.030243176774224972,0.02377154641414911,0.00010843493792235798,2.6744892313698517e-05
42053,2026-03-15 17:00:00,113,3,1,2026-03-15 18:00:00,114,0.0365,0.029682809212856653,0.03018186081447395,0.02480008250756061,4.647409022831209e-05,0.00013688806932988918
42053,2026-03-15 18:00:00,114,3,1,2026-03-15 19:00:00,115,0.0429,0.02780996857950291,0.027394306725857742,0.023141662872493782,0.00022770904827158948,0.0003903918860441907
42053,2026-03-15 19:00:00,115,3,1,2026-03-15 20:00:00,116,0.0429,0.02380750577784385,0.02218397688647831,0.0202668111731349,0.0003645233356230659,0.0005122612364725312
42053,2026-03-15 20:00:00,116,3,1,2026-03-15 21:00:00,117,0.0318,0.021607164295252352,0.017431616563435975,0.01843854070276925,0.00010389389970397852,0.00017852859455155413
42053,2026-03-15 21:00:00,117,3,1,2026-03-15 22:00:00,118,0.0339,0.020167984734203004,0.018861119406001606,0.018316872287403488,0.00018856824326008174,0.0002428338693070934
42053,2026-03-15 22:00:00,118,3,1,2026-03-15 23:00:00,119,0.0367,0.019278969852043425,0.01660377979141048,0.017535288847155613,0.00030349229141601197,0.0003672861535719582
42053,2026-03-15 23:00:00,119,3,1,2026-03-16 00:00:00,120,0.026,0.014853564605966629,0.016137387401973236,0.013855028808876183,0.00012424302199335983,0.00014750032523322743
42053,2026-03-16 00:00:00,120,3,1,2026-03-16 01:00:00,121,0.0239,0.015126845785896,0.016949491639110466,0.013914699160644525,7.69682348644508e-05,9.970623285243319e-05
42053,2026-03-16 01:00:00,121,3,1,2026-03-16 02:00:00,122,0.0228,0.014753506316044862,0.016363404283006304,0.013107985499421626,6.474606060592995e-05,9.393514507942147e-05
42053,2026-03-16 02:00:00,122,3,1,2026-03-16 03:00:00,123,0.0219,0.013829813479112786,0.015714242020693433,0.012705839596569667,6.512791048190966e-05,8.453258552400622e-05
42053,2026-03-16 03:00:00,123,3,1,2026-03-16 04:00:00,124,0.0206,0.01124340572724612,0.012722506294194953,0.011140997442354202,8.75458563849307e-05,8.947272938554976e-05
42053,2026-03-16 04:00:00,124,3,1,2026-03-16 05:00:00,125,0.0141,0.012105726666694619,0.011638046522065583,0.011850455217793512,3.977126127932956e-06,5.0604517271524354e-06
42053,2026-03-16 05:00:00,125,3,1,2026-03-16 06:00:00,126,0.0134,0.011769543708665876,0.011445766922972491,0.011321046903260733,2.658387717951026e-06,4.3220459784417895e-06
42053,2026-03-16 06:00:00,126,3,1,2026-03-16 07:00:00,127,0.0133,0.014180221224604063,0.016615616488946848,0.01370820775479892,7.747894042434767e-07,1.666335710779754e-07
42053,2026-03-16 07:00:00,127,3,1,2026-03-16 08:00:00,128,0.0126,0.013514554857311492,0.01798995481547586,0.013058909194574619,8.364105870320441e-07,2.105976488651255e-07
42053,2026-03-16 08:00:00,128,3,1,2026-03-16 09:00:00,129,0.01,0.013267852234115729,0.017563898073584414,0.012026418217196664,1.0678858224015158e-05,4.106370790986505e-06
42053,2026-03-16 09:00:00,129,3,1,2026-03-16 10:00:00,130,0.007,0.013984341482754742,0.01933516837844064,0.012399069937345361,4.87810259477287e-05,2.9149956188346443e-05
42053,2026-03-16 10:00:00,130,3,1,2026-03-16 11:00:00,131,0.0057,0.014906994647062256,0.020479358748068117,0.012752228392405309,8.476875043103303e-05,4.9733925298647564e-05
42053,2026-03-16 11:00:00,131,3,1,2026-03-16 12:00:00,132,0.0025,0.014198020160464696,0.017744960342617376,0.012448688283758934,0.00013684367567463846,9.897639856740228e-05
42053,2026-03-16 12:00:00,132,3,1,2026-03-16 13:00:00,133,0.0017,0.013822802889371578,0.017932439611132982,0.012487840094632273,0.0001469623498945559,0.00011637749390735563
42053,2026-03-16 13:00:00,133,3,1,2026-03-16 14:00:00,134,0.0041,0.01334277040484973,0.01849346632479266,0.01257196056209075,8.542880475676606e-05,7.177411576562101e-05
42053,2026-03-16 14:00:00,134,3,1,2026-03-16 15:00:00,135,0.0144,0.012402967772512865,0.014391063481003186,0.011688214909090677,3.988137717622226e-06,7.353778379278085e-06
42053,2026-03-16 15:00:00,135,3,1,2026-03-16 16:00:00,136,0.0152,0.012403522545940052,0.012046433457972728,0.01169328696115499,7.82028615106561e-06,1.2297036336805607e-05
42053,2026-03-16 16:00:00,136,3,1,2026-03-16 17:00:00,137,0.0147,0.012244485149977193,0.014909391988570808,0.011961074781012987,6.029553178682525e-06,7.501711355203053e-06
42053,2026-03-16 17:00:00,137,3,1,2026-03-16 18:00:00,138,0.0217,0.012189110839460445,0.014531816032006123,0.012478835218132407,9.045701262406881e-05,8.502987993435523e-05
42053,2026-03-16 18:00:00,138,3,1,2026-03-16 19:00:00,139,0.0232,0.013145717257186528,0.013546608933935953,0.012671279424124195,0.00010108860147243675,0.00011085395696487051
42053,2026-03-16 19:00:00,139,3,1,2026-03-16 20:00:00,140,0.0228,0.015377511605031887,0.013808378788453028,0.013279900599691565,5.509333397343632e-05,9.063229259175305e-05
42053,2026-03-16 20:00:00,140,3,1,2026-03-16 21:00:00,141,0.0172,0.01651288823626444,0.016102539942782584,0.014447921720134262,4.721225758637942e-07,7.57393485850876e-06
42053,2026-03-16 21:00:00,141,3,1,2026-03-16 22:00:00,142,0.0172,0.020147241842445585,0.019236000921587528,0.01707900384754284,8.686234477862048e-06,1.4640068909436233e-08
42053,2026-03-16 22:00:00,142,3,1,2026-03-16 23:00:00,143,0.0177,0.02123104096108632,0.02045622818237147,0.017122282917797185,1.2468250268869408e-05,3.3375702706893515e-07
42053,2026-03-16 23:00:00,143,3,1,2026-03-17 00:00:00,144,0.0171,0.019898980851723588,0.01639170239943529,0.017077792277840745,7.834293808315296e-06,4.931829235027006e-10
42053,2026-03-17 00:00:00,144,3,1,2026-03-17 01:00:00,145,0.0158,0.018011381413609553,0.013449493462689213,0.015545457586874598,4.890207756457777e-06,6.479184007970366e-08
42053,2026-03-17 01:00:00,145,3,1,2026-03-17 02:00:00,146,0.0078,0.017894302553225733,0.013604111012984334,0.01530724437491729,0.00010189494403605957,5.6358718104727285e-05
42053,2026-03-17 02:00:00,146,3,1,2026-03-17 03:00:00,147,0.02,0.01836666179527328,0.017114684000010476,0.01550990739251569,2.6677936910199038e-06,2.0160931623785254e-05
42053,2026-03-17 03:00:00,147,3,1,2026-03-17 04:00:00,148,0.0209,0.016982226118505153,0.01451300443428767,0.01562084140656587,1.5348952186523184e-05,2.7869515454629412e-05
42053,2026-03-17 04:00:00,148,3,1,2026-03-17 05:00:00,149,0.0152,0.015267538177075388,0.012391907392894433,0.014488399776035187,4.561405362666466e-09,5.063748787467727e-07
42053,2026-03-17 05:00:00,149,3,1,2026-03-17 06:00:00,150,0.0153,0.013489455690491342,0.01251871285280138,0.013775693603041457,3.2780706966941808e-06,2.323509991808732e-06
42053,2026-03-17 06:00:00,150,3,1,2026-03-17 07:00:00,151,0.0154,0.012241315139912527,0.013509230875186408,0.013520227258402446,9.977290045345822e-06,3.5335455600531854e-06
42053,2026-03-17 07:00:00,151,3,1,2026-03-17 08:00:00,152,0.0165,0.01256561735021594,0.01342572946610235,0.01292670874180857,1.5479366834921843e-05,1.27684104158673e-05
42053,2026-03-17 08:00:00,152,3,1,2026-03-17 09:00:00,153,0.0207,0.013138892188192905,0.015372439552890013,0.013971948107356644,5.717035134177027e-05,4.526668227010184e-05
42053,2026-03-17 09:00:00,153,3,1,2026-03-17 10:00:00,154,0.0362,0.01335216399036715,0.015797804239020507,0.013150061033451312,0.0005220236103230758,0.0005312996863616197
42053,2026-03-17 10:00:00,154,3,1,2026-03-17 11:00:00,155,0.0376,0.01373491715123792,0.01651272194702746,0.012884890323912991,0.000569542179378278,0.0006108366463010098
42053,2026-03-17 11:00:00,155,3,1,2026-03-17 12:00:00,156,0.033,0.015314829501840216,0.01503068396681694,0.013138115676259202,0.0003127652555489812,0.0003944944488896606
42053,2026-03-17 12:00:00,156,3,1,2026-03-17 13:00:00,157,0.0076,0.01608768907304485,0.016089564292934858,0.013806717113068061,7.204086580068497e-05,3.852333732165193e-05
42053,2026-03-17 13:00:00,157,3,1,2026-03-17 14:00:00,158,0.0092,0.014412567596060272,0.014566448376888901,0.013294080480678155,2.717086094349756e-05,1.6761494982269874e-05
42053,2026-03-17 14:00:00,158,3,1,2026-03-17 15:00:00,159,0.0199,0.011135061804718235,0.012482774568897117,0.010912126931714656,7.682414156710919e-05,8.078186229160902e-05
42053,2026-03-17 15:00:00,159,3,1,2026-03-17 16:00:00,160,0.0175,0.010900674934069503,0.012279346475544014,0.01111083098013423,4.355109132581858e-05,4.0821480764412555e-05
42053,2026-03-17 16:00:00,160,3,1,2026-03-17 17:00:00,161,0.0036,0.009365057104789022,0.011497498933807393,0.01015621613739206,3.323588342147839e-05,4.298397004020007e-05
42053,2026-03-17 17:00:00,161,3,1,2026-03-17 18:00:00,162,0.0011,0.0073370288295686184,0.008278747118435428,0.008682084624804381,3.890052862087009e-05,5.7488007257695e-05
42053,2026-03-17 18:00:00,162,3,1,2026-03-17 19:00:00,163,0.0018,0.006735029287842138,0.0071949178029281375,0.008035375064938455,2.4354514071859677e-05,3.887990220045625e-05
42053,2026-03-17 19:00:00,163,3,1,2026-03-17 20:00:00,164,0.0018,0.006861056498559131,0.006070943433537782,0.007386542736487939,2.561429288160761e-05,3.120945974660614e-05
42053,2026-03-17 20:00:00,164,3,1,2026-03-17 21:00:00,165,0.0009,0.004822218098525817,0.001895414275368849,0.005614879418644248,1.538379481240348e-05,2.223008793235513e-05
42053,2026-03-17 21:00:00,165,3,1,2026-03-17 22:00:00,166,0.0,0.0050188617030407275,0.0027585957120780506,0.00535602815704411,2.5188972794248872e-05,2.8687037619049326e-05
42053,2026-03-17 22:00:00,166,3,1,2026-03-17 23:00:00,167,0.0,0.004328050001603465,0.002214911571164602,0.004659541052019707,1.873201681637975e-05,2.1711322815456914e-05
42053,2026-03-17 23:00:00,167,3,1,2026-03-18 00:00:00,168,0.0,0.0034212781171139408,0.0011453779424786897,0.003810383746516875,1.1705143954642712e-05,1.4519024295719976e-05
42053,2026-03-18 00:00:00,168,3,1,2026-03-18 01:00:00,169,0.0,0.0034402271108777975,0.0,0.0036293361556158205,1.1835162574418598e-05,1.3172080930460223e-05
42053,2026-03-18 01:00:00,169,3,1,2026-03-18 02:00:00,170,0.0,0.004346226933761101,0.0,0.0037937229529102176,1.8889688559750424e-05,1.439233384343782e-05
42053,2026-03-18 02:00:00,170,3,1,2026-03-18 03:00:00,171,0.0,0.004419140509034351,0.0,0.004002083595398238,1.9528802838588385e-05,1.6016673104555685e-05
42053,2026-03-18 03:00:00,171,3,1,2026-03-18 04:00:00,172,0.0,0.004074785699264831,0.0,0.003595559815495644,1.6603878494933178e-05,1.292805038680707e-05
42053,2026-03-18 04:00:00,172,3,1,2026-03-18 05:00:00,173,0.0,0.004119835224985313,0.0013389115885921602,0.003684556659048769,1.6973042281029784e-05,1.3575957773740627e-05
42053,2026-03-18 05:00:00,173,3,1,2026-03-18 06:00:00,174,0.0,0.004332509325378656,0.002064538407736296,0.003851388423890083,1.877063705449302e-05,1.4833192791674538e-05
42053,2026-03-18 06:00:00,174,3,1,2026-03-18 07:00:00,175,0.0,0.004679166967848631,0.00321685563905929,0.003909852585625164,2.1894603513005756e-05,1.528694724131978e-05
42053,2026-03-18 07:00:00,175,3,1,2026-03-18 08:00:00,176,0.0,0.0053226632868044145,0.003665772186078789,0.004472918372382721,2.8330744464695573e-05,2.0006998765998892e-05
42053,2026-03-18 08:00:00,176,3,1,2026-03-18 09:00:00,177,0.0002,0.006112234146137152,0.004007948111190393,0.0046782152956452465,3.4954512598750106e-05,2.0054412234151045e-05
42053,2026-03-18 09:00:00,177,3,1,2026-03-18 10:00:00,178,0.0006,0.006493289893386341,0.004303922122081011,0.004891515689492925,3.473086576748959e-05,1.841710691316394e-05
42053,2026-03-18 10:00:00,178,3,1,2026-03-18 11:00:00,179,0.0014,0.008033365143067898,0.005939018709027136,0.005839933991968185,4.4001533121268195e-05,1.971301385303454e-05
42053,2026-03-18 11:00:00,179,3,1,2026-03-18 12:00:00,180,0.0022,0.009021294172242,0.008114283032825607,0.006431076536427267,4.653005418426266e-05,1.7902008657105363e-05
42053,2026-03-18 12:00:00,180,3,1,2026-03-18 13:00:00,181,0.0022,0.011129340131663288,0.010245800358106592,0.007802292010900868,7.973311518693253e-05,3.138567577540368e-05
42053,2026-03-18 13:00:00,181,3,1,2026-03-18 14:00:00,182,0.0022,0.010078865518006064,0.00728177860441505,0.00697979382641466,6.207652185082496e-05,2.2846429023031695e-05
42053,2026-03-18 14:00:00,182,3,1,2026-03-18 15:00:00,183,0.0022,0.009731454561201584,0.008960566448065779,0.00699662680875705,5.6722807807444136e-05,2.3007628742486835e-05
42053,2026-03-18 15:00:00,183,3,1,2026-03-18 16:00:00,184,0.0023,0.008947304100853384,0.008861332706502899,0.006401612826836461,4.4186651809222224e-05,1.682322778126939e-05
42053,2026-03-18 16:00:00,184,3,1,2026-03-18 17:00:00,185,0.0024,0.007336500255445441,0.00689004706561233,0.005400375403958158,2.4369034772012902e-05,9.002252564677083e-06
42053,2026-03-18 17:00:00,185,3,1,2026-03-18 18:00:00,186,0.0024,0.0082604248365878,0.015505939829549491,0.007021351816573397,3.434457926529514e-05,2.1356892612546235e-05
42053,2026-03-18 18:00:00,186,3,1,2026-03-18 19:00:00,187,0.0024,0.005960399715859915,0.010903113872851481,0.005256527005359283,1.2676446136695363e-05,8.159746532346873e-06
42053,2026-03-18 19:00:00,187,3,1,2026-03-18 20:00:00,188,0.0024,0.004812732536845179,0.006856512335522047,0.00412449190315798,5.821278294351373e-06,2.9738723240574322e-06
42053,2026-03-18 20:00:00,188,3,1,2026-03-18 21:00:00,189,0.0022,0.004529095928408836,0.006919696668093804,0.003983501425445829,5.424687843730618e-06,3.180877334567304e-06
42053,2026-03-18 21:00:00,189,3,1,2026-03-18 22:00:00,190,0.0006,0.0037028547777493317,0.005713730317587143,0.003447516195399666,9.627707771801856e-06,8.108348483063389e-06
42053,2026-03-18 22:00:00,190,3,1,2026-03-18 23:00:00,191,0.0005,0.004000754770409742,0.007010844007896647,0.003704155037289005,1.2255283962546564e-05,1.0266609502984506e-05
42053,2026-03-18 23:00:00,191,3,1,2026-03-19 00:00:00,192,0.0005,0.0034870874567578796,0.004624564424847747,0.0030939915186017066,8.922691474320257e-06,6.728791998577588e-06
42053,2026-03-19 00:00:00,192,3,1,2026-03-19 01:00:00,193,0.0003,0.004165039767975227,0.006576506506361671,0.0036415827738753006,1.4938532408030001e-05,1.1166175434660149e-05
42053,2026-03-19 01:00:00,193,3,1,2026-03-19 02:00:00,194,0.0002,0.003907184938904002,0.0060923370447983185,0.0035728568069351256,1.3743220171236666e-05,1.1376163040088611e-05
42053,2026-03-19 02:00:00,194,3,1,2026-03-19 03:00:00,195,0.0,0.0038234712542905406,0.005581283389018238,0.0035753627184480436,1.461893243238608e-05,1.2783218568468184e-05
42053,2026-03-19 03:00:00,195,3,1,2026-03-19 04:00:00,196,0.0,0.0036523209927917084,0.0055776509984463915,0.003246164495208756,1.333944863438701e-05,1.0537583929953918e-05
42053,2026-03-19 04:00:00,196,3,1,2026-03-19 05:00:00,197,0.0,0.003925630528551741,0.006034599783176343,0.0032799166993372183,1.541057504669742e-05,1.0757853554591152e-05
42053,2026-03-19 05:00:00,197,3,1,2026-03-19 06:00:00,198,0.0,0.0036030003743254867,0.006633626579297698,0.003298820832860182,1.2981611697389598e-05,1.0882218887312344e-05
42053,2026-03-19 06:00:00,198,3,1,2026-03-19 07:00:00,199,0.0,0.0032201235455558905,0.005213624246702672,0.0030361550777679774,1.0369195648643438e-05,9.218237656256273e-06
42053,2026-03-19 07:00:00,199,3,1,2026-03-19 08:00:00,200,0.0001,0.002887411010731856,0.004405719568508167,0.0027700236506064805,7.769660142749187e-06,7.129026294797958e-06
42053,2026-03-19 08:00:00,200,3,1,2026-03-19 09:00:00,201,0.0002,0.0034718415885134934,0.005720090027719815,0.0030551751635697903,1.0704947380326499e-05,8.152025214665778e-06
42053,2026-03-19 09:00:00,201,3,1,2026-03-19 10:00:00,202,0.0001,0.0038833075257470747,0.005508968911345094,0.003017238917206952,1.4313415834374453e-05,8.510282900066791e-06
42053,2026-03-19 10:00:00,202,3,1,2026-03-19 11:00:00,203,0.0,0.004458606487542082,0.00647605223629477,0.003483304717915388,1.987917181075234e-05,1.2133411757851603e-05
42053,2026-03-19 11:00:00,203,3,1,2026-03-19 12:00:00,204,0.0,0.0053801172508065945,0.0069488326860747815,0.004245020408736855,2.8945661632426708e-05,1.8020198270592412e-05
42053,2026-03-19 12:00:00,204,3,1,2026-03-19 13:00:00,205,0.0,0.005542144911222253,0.00835193501002803,0.004491926198380476,3.071537021698671e-05,2.017740097169688e-05
42053,2026-03-19 13:00:00,205,3,1,2026-03-19 14:00:00,206,0.0,0.004768457359510818,0.008046928030736575,0.004131899623342433,2.2738185589472882e-05,1.707259449737734e-05
42053,2026-03-19 14:00:00,206,3,1,2026-03-19 15:00:00,207,0.0,0.004588762304365818,0.008210549700884178,0.003902829942052399,2.1056739485968692e-05,1.5232081556580734e-05
42053,2026-03-19 15:00:00,207,3,1,2026-03-19 16:00:00,208,0.0,0.0040459235868350735,0.0080774774270336,0.0038919195317904903,1.6369497670508386e-05,1.514703764193231e-05
42053,2026-03-19 16:00:00,208,3,1,2026-03-19 17:00:00,209,0.0,0.003725763845788317,0.0064653536720696925,0.0032409256019348283,1.388131623458335e-05,1.050359875727663e-05
42053,2026-03-19 17:00:00,209,3,1,2026-03-19 18:00:00,210,0.0,0.0029498602309349785,0.005465922734084532,0.0026243152188849613,8.701675382051765e-06,6.887030368071222e-06
42053,2026-03-19 18:00:00,210,3,1,2026-03-19 19:00:00,211,0.0,0.0021845928103227086,0.003948224893878978,0.0022700619555028824,4.77244574691367e-06,5.1531812818215705e-06
42053,2026-03-19 19:00:00,211,3,1,2026-03-19 20:00:00,212,0.0,0.0021237015765177758,0.0029382403072447942,0.0019723419031643296,4.510108386104086e-06,3.8901325829778894e-06
42053,2026-03-19 20:00:00,212,3,1,2026-03-19 21:00:00,213,0.0,0.002437281577432807,0.0034003362938863496,0.0020524911012636733,5.940341487693353e-06,4.212719720766566e-06
42053,2026-03-19 21:00:00,213,3,1,2026-03-19 22:00:00,214,0.0,0.0027137230118846607,0.002662585039558309,0.002061582127017351,7.364292585232354e-06,4.250120866437384e-06
42053,2026-03-19 22:00:00,214,3,1,2026-03-19 23:00:00,215,0.0,0.002300551282141121,0.0025410180468961666,0.0019757283563218184,5.292536201761155e-06,3.903502537974114e-06
54007,2026-03-14 00:00:00,72,4,1,2026-03-14 01:00:00,73,0.0,0.0,0.0,0.0,0.0,0.0
54007,2026-03-14 01:00:00,73,4,1,2026-03-14 02:00:00,74,0.0001,0.0,0.0,0.0,1e-08,1e-08
54007,2026-03-14 02:00:00,74,4,1,2026-03-14 03:00:00,75,0.0001,0.0,0.0,0.0,1e-08,1e-08
54007,2026-03-14 03:00:00,75,4,1,2026-03-14 04:00:00,76,0.0002,0.0,0.0,0.0,4e-08,4e-08
54007,2026-03-14 04:00:00,76,4,1,2026-03-14 05:00:00,77,0.0002,0.0,0.0,0.0,4e-08,4e-08
54007,2026-03-14 05:00:00,77,4,1,2026-03-14 06:00:00,78,0.0002,0.0,0.0,0.0,4e-08,4e-08
54007,2026-03-14 06:00:00,78,4,1,2026-03-14 07:00:00,79,0.0002,0.0014005899074455038,0.0017858885326920478,0.001290865955947023,1.4414161258600032e-06,1.189988533844212e-06
54007,2026-03-14 07:00:00,79,4,1,2026-03-14 08:00:00,80,0.0007,0.0,0.0,0.0,4.9e-07,4.9e-07
54007,2026-03-14 08:00:00,80,4,1,2026-03-14 09:00:00,81,0.0026,0.00159188202068873,0.0015883508440164896,0.0014868810789459513,1.016301860210638e-06,1.2390337324085292e-06
54007,2026-03-14 09:00:00,81,4,1,2026-03-14 10:00:00,82,0.0027,0.0023169098725020943,0.0017877569697570522,0.0020335149954011328,1.4675804578636178e-07,4.4420226135515225e-07
54007,2026-03-14 10:00:00,82,4,1,2026-03-14 11:00:00,83,0.0023,0.0022762816835692036,0.0022504113523963854,0.0017999627450035916,5.62558534311383e-10,2.5003725638434314e-07
54007,2026-03-14 11:00:00,83,4,1,2026-03-14 12:00:00,84,0.0006,0.0014910024400655233,0.0010216099017529455,0.0013467078208016649,7.938853482027164e-07,5.575725696463714e-07
54007,2026-03-14 12:00:00,84,4,1,2026-03-14 13:00:00,85,0.0004,0.0013467658553702362,0.0,0.0,8.963655848949351e-07,1.6e-07
54007,2026-03-14 13:00:00,85,4,1,2026-03-14 14:00:00,86,0.0006,0.0,0.0,0.0,3.5999999999999994e-07,3.5999999999999994e-07
54007,2026-03-14 14:00:00,86,4,1,2026-03-14 15:00:00,87,0.0005,0.0,0.0,0.0,2.5e-07,2.5e-07
54007,2026-03-14 15:00:00,87,4,1,2026-03-14 16:00:00,88,0.0003,0.0,0.001138461879977793,0.0,8.999999999999999e-08,8.999999999999999e-08
54007,2026-03-14 16:00:00,88,4,1,2026-03-14 17:00:00,89,0.0001,0.0,0.0,0.0,1e-08,1e-08
54007,2026-03-14 17:00:00,89,4,1,2026-03-14 18:00:00,90,0.0001,0.0,0.0,0.0,1e-08,1e-08
54007,2026-03-14 18:00:00,90,4,1,2026-03-14 19:00:00,91,0.0,0.0,0.0,0.0,0.0,0.0
54007,2026-03-14 19:00:00,91,4,1,2026-03-14 20:00:00,92,0.0,0.0,0.0,0.0,0.0,0.0
54007,2026-03-14 20:00:00,92,4,1,2026-03-14 21:00:00,93,0.0,0.0,0.0,0.0,0.0,0.0
54007,2026-03-14 21:00:00,93,4,1,2026-03-14 22:00:00,94,0.0,0.0,0.0,0.0,0.0,0.0
54007,2026-03-14 22:00:00,94,4,1,2026-03-14 23:00:00,95,0.0,0.0,0.0,0.0,0.0,0.0
54007,2026-03-14 23:00:00,95,4,1,2026-03-15 00:00:00,96,0.0,0.0011359939594367424,0.0,0.0,1.2904822758767671e-06,0.0
54007,2026-03-15 00:00:00,96,4,1,2026-03-15 01:00:00,97,0.0,0.0,0.0,0.0,0.0,0.0
54007,2026-03-15 01:00:00,97,4,1,2026-03-15 02:00:00,98,0.0,0.0,0.0,0.0,0.0,0.0
54007,2026-03-15 02:00:00,98,4,1,2026-03-15 03:00:00,99,0.0,0.0,0.0,0.0,0.0,0.0
54007,2026-03-15 03:00:00,99,4,1,2026-03-15 04:00:00,100,0.0,0.0,0.0,0.0,0.0,0.0
54007,2026-03-15 04:00:00,100,4,1,2026-03-15 05:00:00,101,0.0,0.0,0.0,0.0,0.0,0.0
54007,2026-03-15 05:00:00,101,4,1,2026-03-15 06:00:00,102,0.0,0.0,0.0,0.0,0.0,0.0
54007,2026-03-15 06:00:00,102,4,1,2026-03-15 07:00:00,103,0.0,0.0,0.0011026475234140712,0.0,0.0,0.0
54007,2026-03-15 07:00:00,103,4,1,2026-03-15 08:00:00,104,0.0,0.0019257239558963229,0.0015113336843093712,0.0018745272723947944,3.7084127543129827e-06,3.513852494951868e-06
54007,2026-03-15 08:00:00,104,4,1,2026-03-15 09:00:00,105,0.0,0.001833197870949714,0.002302880461318594,0.0019382995286894424,3.3606144340545643e-06,3.7570050629177146e-06
54007,2026-03-15 09:00:00,105,4,1,2026-03-15 10:00:00,106,0.0,0.003457414652597638,0.002289462983603975,0.003521854166474688,1.1953716079996847e-05,1.2403456769915118e-05
54007,2026-03-15 10:00:00,106,4,1,2026-03-15 11:00:00,107,0.0,0.004335676149209119,0.006535318320618098,0.004225301956122906,1.8798087670820817e-05,1.785317662041606e-05
54007,2026-03-15 11:00:00,107,4,1,2026-03-15 12:00:00,108,0.0001,0.0042079361444565515,0.0053017472815175435,0.004047010729396678,1.6875139366932556e-05,1.557889369797249e-05
54007,2026-03-15 12:00:00,108,4,1,2026-03-15 13:00:00,109,0.0005,0.003518116022458987,0.00451003540235658,0.0035061872326131345,9.109024325023656e-06,9.037161677526215e-06
54007,2026-03-15 13:00:00,109,4,1,2026-03-15 14:00:00,110,0.0006,0.0023477634512854982,0.00290866509584344,0.0023817271251978687,3.054677081649397e-06,3.1745515486658624e-06
54007,2026-03-15 14:00:00,110,4,1,2026-03-15 15:00:00,111,0.0022,0.003804524117481683,0.004209354828718994,0.003636170561737964,2.574497643580373e-06,2.062585882402739e-06
54007,2026-03-15 15:00:00,111,4,1,2026-03-15 16:00:00,112,0.0078,0.003845011498014205,0.0043162122062430095,0.0037526788377049386,1.564193405083984e-05,1.638080859076144e-05
54007,2026-03-15 16:00:00,112,4,1,2026-03-15 17:00:00,113,0.008,0.005884508071177461,0.005885746831768565,0.005415451806019447,4.475306100913308e-06,6.679889367008138e-06
54007,2026-03-15 17:00:00,113,4,1,2026-03-15 18:00:00,114,0.0015,0.006434066877778755,0.005490008581798047,0.006089539498093997,2.4345015954393393e-05,2.1063872804564894e-05
54007,2026-03-15 18:00:00,114,4,1,2026-03-15 19:00:00,115,0.0013,0.005376710315297587,0.005273944181724878,0.005220259321790395,1.6619566994853755e-05,1.536843315008449e-05
54007,2026-03-15 19:00:00,115,4,1,2026-03-15 20:00:00,116,0.0017,0.004945733350601532,0.0026448926425816054,0.00451916114533847,1.0534784983207047e-05,7.947669563386115e-06
54007,2026-03-15 20:00:00,116,4,1,2026-03-15 21:00:00,117,0.0016,0.0073735703286658,0.0038554610749973405,0.007100264529006411,3.333411434005011e-05,3.0252909889046118e-05
54007,2026-03-15 21:00:00,117,4,1,2026-03-15 22:00:00,118,0.0011,0.009951136937672904,0.00832981757863454,0.009570642689982426,7.834262508943767e-05,7.175178758135271e-05
54007,2026-03-15 22:00:00,118,4,1,2026-03-15 23:00:00,119,0.0005,0.01044704419411136,0.008815076928761397,0.010017206565577887,9.89436881996045e-05,9.057722081187884e-05
54007,2026-03-15 23:00:00,119,4,1,2026-03-16 00:00:00,120,0.0005,0.007550658632588722,0.007636374873522209,0.007312683003456308,4.971178715329787e-05,4.641264970558246e-05
54007,2026-03-16 00:00:00,120,4,1,2026-03-16 01:00:00,121,0.0005,0.006871585867694808,0.005670913454468019,0.0066484103616571335,4.059710646940819e-05,3.7802949975332795e-05
54007,2026-03-16 01:00:00,121,4,1,2026-03-16 02:00:00,122,0.0005,0.005914679496270428,0.005285284846396005,0.0058782816773183125,2.9318754047331376e-05,2.8925913800577885e-05
54007,2026-03-16 02:00:00,122,4,1,2026-03-16 03:00:00,123,0.0005,0.005490269118567368,0.001838835690918518,0.005232342026391236,2.4902785875727137e-05,2.23950610547487e-05
54007,2026-03-16 03:00:00,123,4,1,2026-03-16 04:00:00,124,0.0005,0.004478422167314494,0.0015239276620088043,0.0042418296516979455,1.582784294137936e-05,1.4001289142325968e-05
54007,2026-03-16 04:00:00,124,4,1,2026-03-16 05:00:00,125,0.0005,0.004348278797736813,0.0012272335561413807,0.004353487176590836,1.4809249705110691e-05,1.4849363420150015e-05
54007,2026-03-16 05:00:00,125,4,1,2026-03-16 06:00:00,126,0.0125,0.0035545942837666472,0.0,0.003774217002658172,8.002028342802036e-05,7.613928891669975e-05
54007,2026-03-16 06:00:00,126,4,1,2026-03-16 07:00:00,127,0.0557,0.004973648297428313,0.003086959182732353,0.0048668118736486625,0.002573162757052997,0.0025840130150890264
54007,2026-03-16 07:00:00,127,4,1,2026-03-16 08:00:00,128,0.0198,0.004674220596462738,0.003334059228165767,0.004521752014031705,0.00022878920256447208,0.00023342486152074432
54007,2026-03-16 08:00:00,128,4,1,2026-03-16 09:00:00,129,0.0102,0.0034871956323209354,0.001921734143759609,0.003563221982716655,4.5061742478731134e-05,4.4046822450695464e-05
54007,2026-03-16 09:00:00,129,4,1,2026-03-16 10:00:00,130,0.0138,0.004131268738475813,0.0013222271075014323,0.00411968386034262,9.348436420757511e-05,9.370852056371117e-05
54007,2026-03-16 10:00:00,130,4,1,2026-03-16 11:00:00,131,0.0137,0.0044200697207636775,0.003420301528394273,0.004707700755256907,8.611710598748715e-05,8.086144570700719e-05
54007,2026-03-16 11:00:00,131,4,1,2026-03-16 12:00:00,132,0.0115,0.0054063841495809945,0.005374760023845028,0.005925390969434172,3.713215413247774e-05,3.107626584366608e-05
54007,2026-03-16 12:00:00,132,4,1,2026-03-16 13:00:00,133,0.0083,0.005866275243796867,0.00214415614395514,0.006317620374787513,5.923016188955999e-06,3.929828978457601e-06
54007,2026-03-16 13:00:00,133,4,1,2026-03-16 14:00:00,134,0.0121,0.006576336374863478,0.0025163956793818718,0.007089638908987089,3.0510859843656336e-05,2.5103718262336083e-05
54007,2026-03-16 14:00:00,134,4,1,2026-03-16 15:00:00,135,0.015,0.006307256209475732,0.002089583915722154,0.0066062401359065085,7.55637946076982e-05,7.04552046560668e-05
54007,2026-03-16 15:00:00,135,4,1,2026-03-16 16:00:00,136,0.0086,0.004437401069862686,0.0020257187002687823,0.005173015025826946,1.7327229853180314e-05,1.1744226013207888e-05
54007,2026-03-16 16:00:00,136,4,1,2026-03-16 17:00:00,137,0.0093,0.004490717830163635,0.0010538918060593655,0.0051248983717493805,2.312919498910597e-05,1.743147360622097e-05
54007,2026-03-16 17:00:00,137,4,1,2026-03-16 18:00:00,138,0.0169,0.008598480608267177,0.004243787048116939,0.009296965132072989,6.891522421131609e-05,5.780613920291388e-05
54007,2026-03-16 18:00:00,138,4,1,2026-03-16 19:00:00,139,0.0253,0.011835477350990413,0.008097599169909413,0.013121523631225937,0.00018129337016569214,0.00014831528666478828
54007,2026-03-16 19:00:00,139,4,1,2026-03-16 20:00:00,140,0.0575,0.021624175336631628,0.021175480260159227,0.022286866177116695,0.0012870747952767505,0.0012399647936282886
54007,2026-03-16 20:00:00,140,4,1,2026-03-16 21:00:00,141,0.0649,0.023893955439671936,0.020030117984227734,0.02422906292596133,0.0016814956904836111,0.001654125122480413
54007,2026-03-16 21:00:00,141,4,1,2026-03-16 22:00:00,142,0.0713,0.024899950636579776,0.01789443492580911,0.024376025719210354,0.0021529645809278334,0.0022018593623042084
54007,2026-03-16 22:00:00,142,4,1,2026-03-16 23:00:00,143,0.0778,0.02845742118855939,0.021361535761043975,0.027837519483509158,0.0024346900837632275,0.002496249459360727
54007,2026-03-16 23:00:00,143,4,1,2026-03-17 00:00:00,144,0.0664,0.027690918045295467,0.028583934234623184,0.027380482341733955,0.001498393025776032,0.0015225227582837356
54007,2026-03-17 00:00:00,144,4,1,2026-03-17 01:00:00,145,0.069,0.024988722750775377,0.025746570242727064,0.024396776968009282,0.0019369925251081174,0.001989447504841508
54007,2026-03-17 01:00:00,145,4,1,2026-03-17 02:00:00,146,0.0702,0.022668120828256123,0.019697695766709176,0.022125321134960782,0.002259279537597259,0.0023111747479766485
54007,2026-03-17 02:00:00,146,4,1,2026-03-17 03:00:00,147,0.0695,0.020855485437288532,0.019722262926392807,0.02095510082373877,0.0023662887970418486,0.0023566072360333688
54007,2026-03-17 03:00:00,147,4,1,2026-03-17 04:00:00,148,0.0582,0.020677771947080984,0.019258836522272078,0.02055081257603493,0.0014079175980552631,0.0014174613136848496
54007,2026-03-17 04:00:00,148,4,1,2026-03-17 05:00:00,149,0.0512,0.02051628138053007,0.017794340539768708,0.02040453829162688,0.0009414905883188058,0.0009483604618318753
54007,2026-03-17 05:00:00,149,4,1,2026-03-17 06:00:00,150,0.0513,0.019375299812653596,0.01883032246528998,0.019622467685239554,0.0010191864820519555,0.0010034660535526924
54007,2026-03-17 06:00:00,150,4,1,2026-03-17 07:00:00,151,0.0576,0.022813877812414195,0.020802615911995285,0.023297526546888804,0.0012100742968496492,0.0011766596850013983
54007,2026-03-17 07:00:00,151,4,1,2026-03-17 08:00:00,152,0.0725,0.02365175077831587,0.022042482115412904,0.02417033621818729,0.002386151452023764,0.002335756401263059
54007,2026-03-17 08:00:00,152,4,1,2026-03-17 09:00:00,153,0.074,0.023837275230878432,0.02522872045879064,0.024622035280085938,0.002516298956262642,0.002438183399881077
54007,2026-03-17 09:00:00,153,4,1,2026-03-17 10:00:00,154,0.1069,0.023110094311753347,0.018290865159401325,0.02357386933637277,0.007020748295245269,0.006943244051371877
54007,2026-03-17 10:00:00,154,4,1,2026-03-17 11:00:00,155,0.1154,0.024808294580296215,0.01764067571753402,0.02498482646445892,0.00820685709085039,0.00817490360546201
54007,2026-03-17 11:00:00,155,4,1,2026-03-17 12:00:00,156,0.1097,0.024251250757055625,0.0192000944657154,0.0244221876072679,0.007301488747183588,0.007272305286490014
54007,2026-03-17 12:00:00,156,4,1,2026-03-17 13:00:00,157,0.1099,0.02204907648231713,0.017667401623080007,0.022198411699445524,0.007717784762909764,0.007691568590439952
54007,2026-03-17 13:00:00,157,4,1,2026-03-17 14:00:00,158,0.1075,0.017943073819078892,0.01431760243085558,0.01841200658115529,0.008020443026974952,0.00793667057139612
54007,2026-03-17 14:00:00,158,4,1,2026-03-17 15:00:00,159,0.0682,0.01313699090993704,0.010016853611972213,0.013302398201287079,0.0030319349700523553,0.003013746683250048
54007,2026-03-17 15:00:00,159,4,1,2026-03-17 16:00:00,160,0.0546,0.01105833378155215,0.008706379513642044,0.010932066616430114,0.0018958766970787228,0.0019068884059918977
54007,2026-03-17 16:00:00,160,4,1,2026-03-17 17:00:00,161,0.053,0.00941243080543659,0.00560289005097239,0.009688843471342997,0.001899876188290853,0.0018758562798498282
54007,2026-03-17 17:00:00,161,4,1,2026-03-17 18:00:00,162,0.0453,0.006930970350764208,0.004036112613993494,0.007261167377348498,0.001472182436223935,0.001446952787294096
54007,2026-03-17 18:00:00,162,4,1,2026-03-17 19:00:00,163,0.0344,0.003040822203610865,0.0018265482099442444,0.0033387927740612055,0.0009833980320655454,0.0009647985943327125
54007,2026-03-17 19:00:00,163,4,1,2026-03-17 20:00:00,164,0.0283,0.001298050620832864,0.0,0.0015023564219630479,0.0007291052702751045,0.000718113701335505
54007,2026-03-17 20:00:00,164,4,1,2026-03-17 21:00:00,165,0.0261,0.0017214035089878734,0.0,0.0018341181407607397,0.0005943159668715889,0.0005888330224065572
54007,2026-03-17 21:00:00,165,4,1,2026-03-17 22:00:00,166,0.0199,0.001904236002449201,0.0,0.0019447081318379083,0.0003238475218555456,0.0003223925060708878
54007,2026-03-17 22:00:00,166,4,1,2026-03-17 23:00:00,167,0.0181,0.001316737131979293,0.0,0.0013044032524236586,0.00028167791249708265,0.0002820920701071971
54007,2026-03-17 23:00:00,167,4,1,2026-03-18 00:00:00,168,0.016,0.0015486734084279687,0.0,0.001569153467608233,0.0002088408402562769,0.00020824933164144348
54007,2026-03-18 00:00:00,168,4,1,2026-03-18 01:00:00,169,0.0135,0.0013211607722148357,0.0,0.0013248569614830255,0.00014832412493623873,0.00014823410800834832
54007,2026-03-18 01:00:00,169,4,1,2026-03-18 02:00:00,170,0.0127,0.001102950866622703,0.0,0.0010780562642912679,0.00013449154860196711,0.00013506957619597942
54007,2026-03-18 02:00:00,170,4,1,2026-03-18 03:00:00,171,0.0117,0.0012525660519695323,0.0,0.0012086469187142846,0.00010914887609845948,0.0001100684894762033
54007,2026-03-18 03:00:00,171,4,1,2026-03-18 04:00:00,172,0.0113,0.0016064526779625914,0.0,0.0015659704092592208,9.39648596845786e-05,9.47513320734171e-05
54007,2026-03-18 04:00:00,172,4,1,2026-03-18 05:00:00,173,0.0103,0.001688503067370653,0.0,0.0015850047437184463,7.415787942068465e-05,7.595114231701e-05
54007,2026-03-18 05:00:00,173,4,1,2026-03-18 06:00:00,174,0.0102,0.0016231532039864172,0.0,0.0015235424717238238,7.356230096228848e-05,7.528091523998035e-05
54007,2026-03-18 06:00:00,174,4,1,2026-03-18 07:00:00,175,0.01,0.0012378510692691769,0.0,0.0012440550371663,7.67752538843073e-05,7.666657219217283e-05
54007,2026-03-18 07:00:00,175,4,1,2026-03-18 08:00:00,176,0.0086,0.0010995204958716845,0.0,0.0011806740356491243,5.625719279184894e-05,5.5046397765291056e-05
54007,2026-03-18 08:00:00,176,4,1,2026-03-18 09:00:00,177,0.0078,0.001303570806044508,0.0,0.0013391619206014158,4.22035922720772e-05,4.174242868820679e-05
54007,2026-03-18 09:00:00,177,4,1,2026-03-18 10:00:00,178,0.0079,0.0016033739923749326,0.0010174674514069153,0.0017581436247666759,3.964749907990041e-05,3.772239973399423e-05
54007,2026-03-18 10:00:00,178,4,1,2026-03-18 11:00:00,179,0.0055,0.0027482735833267054,0.0013755034739016399,0.002632256475916476,7.571998272217649e-06,8.223952919922988e-06
54007,2026-03-18 11:00:00,179,4,1,2026-03-18 12:00:00,180,0.0055,0.0024843656630470458,0.0,0.002427030219045863,9.094050454209681e-06,9.443143274657313e-06
54007,2026-03-18 12:00:00,180,4,1,2026-03-18 13:00:00,181,0.0052,0.0024074416524566466,0.0,0.002237391473188195,7.798382124434063e-06,8.777049283138013e-06
54007,2026-03-18 13:00:00,181,4,1,2026-03-18 14:00:00,182,0.0035,0.002039017126257544,0.0,0.0020209087011217345,2.134470957368765e-06,2.1877110704173945e-06
54007,2026-03-18 14:00:00,182,4,1,2026-03-18 15:00:00,183,0.0024,0.0014127657711033473,0.001449144528280978,0.0013065042246933987,9.74631422705168e-07,1.1957330106133848e-06
54007,2026-03-18 15:00:00,183,4,1,2026-03-18 16:00:00,184,0.0024,0.0013527688367251313,0.0,0.0013238274692718155,1.0966931093340343e-06,1.1581473158939048e-06
54007,2026-03-18 16:00:00,184,4,1,2026-03-18 17:00:00,185,0.0032,0.0012460011165382136,0.0,0.0012039310791743796,3.8181116365699085e-06,3.984291136685958e-06
54007,2026-03-18 17:00:00,185,4,1,2026-03-18 18:00:00,186,0.0028,0.0,0.0,0.0,7.84e-06,7.84e-06
54007,2026-03-18 18:00:00,186,4,1,2026-03-18 19:00:00,187,0.002,0.0,0.0,0.0,4e-06,4e-06
54007,2026-03-18 19:00:00,187,4,1,2026-03-18 20:00:00,188,0.0007,0.0,0.0,0.0,4.9e-07,4.9e-07
54007,2026-03-18 20:00:00,188,4,1,2026-03-18 21:00:00,189,0.0005,0.0,0.0,0.0,2.5e-07,2.5e-07
54007,2026-03-18 21:00:00,189,4,1,2026-03-18 22:00:00,190,0.0005,0.0,0.0,0.0,2.5e-07,2.5e-07
54007,2026-03-18 22:00:00,190,4,1,2026-03-18 23:00:00,191,0.0003,0.0010418132569069837,0.0,0.0010611843566003581,5.502869081229467e-07,5.794016247331013e-07
54007,2026-03-18 23:00:00,191,4,1,2026-03-19 00:00:00,192,0.0001,0.0,0.0,0.0,1e-08,1e-08
54007,2026-03-19 00:00:00,192,4,1,2026-03-19 01:00:00,193,0.0003,0.0,0.0,0.0,8.999999999999999e-08,8.999999999999999e-08
54007,2026-03-19 01:00:00,193,4,1,2026-03-19 02:00:00,194,0.0015,0.0,0.0,0.0,2.25e-06,2.25e-06
54007,2026-03-19 02:00:00,194,4,1,2026-03-19 03:00:00,195,0.0015,0.0,0.0,0.0,2.25e-06,2.25e-06
54007,2026-03-19 03:00:00,195,4,1,2026-03-19 04:00:00,196,0.0001,0.0,0.0,0.0,1e-08,1e-08
54007,2026-03-19 04:00:00,196,4,1,2026-03-19 05:00:00,197,0.0001,0.0,0.0,0.0,1e-08,1e-08
54007,2026-03-19 05:00:00,197,4,1,2026-03-19 06:00:00,198,0.0002,0.0,0.0,0.0,4e-08,4e-08
54007,2026-03-19 06:00:00,198,4,1,2026-03-19 07:00:00,199,0.0003,0.0,0.0,0.0,8.999999999999999e-08,8.999999999999999e-08
54007,2026-03-19 07:00:00,199,4,1,2026-03-19 08:00:00,200,0.0005,0.0,0.0,0.0,2.5e-07,2.5e-07
54007,2026-03-19 08:00:00,200,4,1,2026-03-19 09:00:00,201,0.0004,0.0,0.001175781398951258,0.0,1.6e-07,1.6e-07
54007,2026-03-19 09:00:00,201,4,1,2026-03-19 10:00:00,202,0.0009,0.0010546306148038079,0.0,0.0011399049172674785,2.3910627034603617e-08,5.755436932911572e-08
54007,2026-03-19 10:00:00,202,4,1,2026-03-19 11:00:00,203,0.0036,0.0010694300760188656,0.0,0.0011329254129526527,6.403784140157885e-06,6.0864570180548376e-06
54007,2026-03-19 11:00:00,203,4,1,2026-03-19 12:00:00,204,0.004,0.0010587861346311853,0.0,0.0010809343604263246,8.650739001837763e-06,8.520944208139672e-06
54007,2026-03-19 12:00:00,204,4,1,2026-03-19 13:00:00,205,0.0041,0.0,0.0,0.0,1.6810000000000003e-05,1.6810000000000003e-05
54007,2026-03-19 13:00:00,205,4,1,2026-03-19 14:00:00,206,0.0046,0.0,0.0,0.0,2.116e-05,2.116e-05
54007,2026-03-19 14:00:00,206,4,1,2026-03-19 15:00:00,207,0.0048,0.0,0.0,0.0,2.3039999999999996e-05,2.3039999999999996e-05
54007,2026-03-19 15:00:00,207,4,1,2026-03-19 16:00:00,208,0.0049,0.0,0.0,0.0,2.401e-05,2.401e-05
54007,2026-03-19 16:00:00,208,4,1,2026-03-19 17:00:00,209,0.0023,0.0,0.0,0.0,5.29e-06,5.29e-06
54007,2026-03-19 17:00:00,209,4,1,2026-03-19 18:00:00,210,0.0014,0.0,0.0,0.0,1.96e-06,1.96e-06
54007,2026-03-19 18:00:00,210,4,1,2026-03-19 19:00:00,211,0.0012,0.0,0.0,0.0,1.4399999999999998e-06,1.4399999999999998e-06
54007,2026-03-19 19:00:00,211,4,1,2026-03-19 20:00:00,212,0.001,0.0,0.0,0.0,1e-06,1e-06
54007,2026-03-19 20:00:00,212,4,1,2026-03-19 21:00:00,213,0.0009,0.0,0.0,0.0,8.1e-07,8.1e-07
54007,2026-03-19 21:00:00,213,4,1,2026-03-19 22:00:00,214,0.0006,0.0,0.0,0.0,3.5999999999999994e-07,3.5999999999999994e-07
54007,2026-03-19 22:00:00,214,4,1,2026-03-19 23:00:00,215,0.0005,0.0,0.0,0.0,2.5e-07,2.5e-07
54013,2026-03-14 00:00:00,72,2,1,2026-03-14 01:00:00,73,0.0027,0.0020546308002015764,0.0020546308002015764,0.0020747323765936032,4.165014040484577e-07,3.909596008802838e-07
54013,2026-03-14 01:00:00,73,2,1,2026-03-14 02:00:00,74,0.0003,0.0016339446676330077,0.0016339446676330077,0.0016263137475082802,1.7794083763065357e-06,1.7591081568294582e-06
54013,2026-03-14 02:00:00,74,2,1,2026-03-14 03:00:00,75,0.0003,0.001303523994990113,0.001303523994990113,0.0012358428375639986,1.0070604085209166e-06,8.758018166198369e-07
54013,2026-03-14 03:00:00,75,2,1,2026-03-14 04:00:00,76,0.0005,0.0012821949090856012,0.0012821949090856012,0.0012897288369043184,6.11828875799432e-07,6.236716358382475e-07
54013,2026-03-14 04:00:00,76,2,1,2026-03-14 05:00:00,77,0.0006,0.001385025650112767,0.001385025650112767,0.0013688807544840862,6.162652713349726e-07,5.911776146160177e-07
54013,2026-03-14 05:00:00,77,2,1,2026-03-14 06:00:00,78,0.0006,0.0012355236498967886,0.0,0.0012119750022369087,4.03890309578136e-07,3.7451340336286446e-07
54013,2026-03-14 06:00:00,78,2,1,2026-03-14 07:00:00,79,0.0004,0.0017035411963282102,0.0021958912366082358,0.0017397182171118718,1.6992196505247817e-06,1.7948449012614125e-06
54013,2026-03-14 07:00:00,79,2,1,2026-03-14 08:00:00,80,0.0005,0.0012990761362446717,0.0014725343650746562,0.001486672793571946,6.385226715157131e-07,9.73523201575068e-07
54013,2026-03-14 08:00:00,80,2,1,2026-03-14 09:00:00,81,0.0006,0.0,0.0015345072038367063,0.001137014578402687,3.5999999999999994e-07,2.883846574170158e-07
54013,2026-03-14 09:00:00,81,2,1,2026-03-14 10:00:00,82,0.001,0.001379052249438103,0.0019263627550771705,0.0012324999647215277,1.4368060780408581e-07,5.4056233595511605e-08
54013,2026-03-14 10:00:00,82,2,1,2026-03-14 11:00:00,83,0.0014,0.0014797727676892133,0.0023228449401482606,0.001400283810801736,6.363694464797192e-09,8.054857118208296e-14
54013,2026-03-14 11:00:00,83,2,1,2026-03-14 12:00:00,84,0.002,0.0022305487252449836,0.001969412676198344,0.002340178358801011,5.3152714712086915e-08,1.1572131579654941e-07
54013,2026-03-14 12:00:00,84,2,1,2026-03-14 13:00:00,85,0.0006,0.0,0.0,0.0,3.5999999999999994e-07,3.5999999999999994e-07
54013,2026-03-14 13:00:00,85,2,1,2026-03-14 14:00:00,86,0.0003,0.0,0.0,0.0,8.999999999999999e-08,8.999999999999999e-08
54013,2026-03-14 14:00:00,86,2,1,2026-03-14 15:00:00,87,0.0004,0.0,0.0,0.0,1.6e-07,1.6e-07
54013,2026-03-14 15:00:00,87,2,1,2026-03-14 16:00:00,88,0.0004,0.0,0.0017173441992612982,0.0,1.6e-07,1.6e-07
54013,2026-03-14 16:00:00,88,2,1,2026-03-14 17:00:00,89,0.0003,0.0,0.0,0.0,8.999999999999999e-08,8.999999999999999e-08
54013,2026-03-14 17:00:00,89,2,1,2026-03-14 18:00:00,90,0.0001,0.0,0.0,0.0,1e-08,1e-08
54013,2026-03-14 18:00:00,90,2,1,2026-03-14 19:00:00,91,0.0,0.0,0.0,0.0,0.0,0.0
54013,2026-03-14 19:00:00,91,2,1,2026-03-14 20:00:00,92,0.0,0.0,0.0,0.0,0.0,0.0
54013,2026-03-14 20:00:00,92,2,1,2026-03-14 21:00:00,93,0.0,0.0,0.0,0.0,0.0,0.0
54013,2026-03-14 21:00:00,93,2,1,2026-03-14 22:00:00,94,0.0,0.0,0.0,0.0,0.0,0.0
54013,2026-03-14 22:00:00,94,2,1,2026-03-14 23:00:00,95,0.0,0.0,0.0,0.0,0.0,0.0
54013,2026-03-14 23:00:00,95,2,1,2026-03-15 00:00:00,96,0.0,0.0,0.0,0.0,0.0,0.0
54013,2026-03-15 00:00:00,96,2,1,2026-03-15 01:00:00,97,0.0,0.0,0.0,0.0,0.0,0.0
54013,2026-03-15 01:00:00,97,2,1,2026-03-15 02:00:00,98,0.0,0.0,0.0,0.0,0.0,0.0
54013,2026-03-15 02:00:00,98,2,1,2026-03-15 03:00:00,99,0.0,0.0,0.0,0.0,0.0,0.0
54013,2026-03-15 03:00:00,99,2,1,2026-03-15 04:00:00,100,0.0,0.0,0.0,0.0,0.0,0.0
54013,2026-03-15 04:00:00,100,2,1,2026-03-15 05:00:00,101,0.0,0.0,0.0,0.0,0.0,0.0
54013,2026-03-15 05:00:00,101,2,1,2026-03-15 06:00:00,102,0.0,0.0,0.0,0.0,0.0,0.0
54013,2026-03-15 06:00:00,102,2,1,2026-03-15 07:00:00,103,0.0,0.0,0.0,0.0,0.0,0.0
54013,2026-03-15 07:00:00,103,2,1,2026-03-15 08:00:00,104,0.0,0.0,0.0,0.0,0.0,0.0
54013,2026-03-15 08:00:00,104,2,1,2026-03-15 09:00:00,105,0.0,0.0,0.0,0.0,0.0,0.0
54013,2026-03-15 09:00:00,105,2,1,2026-03-15 10:00:00,106,0.0,0.0010285938995211348,0.001016733587095837,0.0,1.0580054101320944e-06,0.0
54013,2026-03-15 10:00:00,106,2,1,2026-03-15 11:00:00,107,0.0,0.00226462375549834,0.004251748151196278,0.002176117182017038,5.128520753967405e-06,4.7354859898697755e-06
54013,2026-03-15 11:00:00,107,2,1,2026-03-15 12:00:00,108,0.0,0.0023934836720965512,0.0017074664443243795,0.0023479954005759685,5.728764088592791e-06,5.513082401125903e-06
54013,2026-03-15 12:00:00,108,2,1,2026-03-15 13:00:00,109,0.0,0.0017170210192484958,0.0012723082378932873,0.0015645413232154286,2.9481611805411433e-06,2.4477895520486844e-06
54013,2026-03-15 13:00:00,109,2,1,2026-03-15 14:00:00,110,0.0,0.0018188893167783238,0.0019674566288293872,0.0016292478671515456,3.3083583466903177e-06,2.6544486126178602e-06
54013,2026-03-15 14:00:00,110,2,1,2026-03-15 15:00:00,111,0.0003,0.0025083100947204586,0.0024719537898807284,0.002666643975580082,4.876633474444282e-06,5.601003707149495e-06
54013,2026-03-15 15:00:00,111,2,1,2026-03-15 16:00:00,112,0.0015,0.0029516773882154444,0.002539961002702238,0.0031511193863141703,2.107367239456014e-06,2.7261952278624824e-06
54013,2026-03-15 16:00:00,112,2,1,2026-03-15 17:00:00,113,0.0022,0.003009892272986448,0.003358316226115092,0.00331926930606296,6.559254938431547e-07,1.2527637794946593e-06
54013,2026-03-15 17:00:00,113,2,1,2026-03-15 18:00:00,114,0.0029,0.0028291102329768537,0.0035533794458541866,0.003110430009137118,5.025359068595939e-09,4.4280788745447693e-08
54013,2026-03-15 18:00:00,114,2,1,2026-03-15 19:00:00,115,0.003,0.0023112093270020407,0.0026161108567113855,0.0025060013088134075,4.7443259120898174e-07,2.440347068940665e-07
54013,2026-03-15 19:00:00,115,2,1,2026-03-15 20:00:00,116,0.0013,0.0024975348736243734,0.0022514585504247527,0.0026925254348363187,1.4340897735465442e-06,1.9391270866660787e-06
54013,2026-03-15 20:00:00,116,2,1,2026-03-15 21:00:00,117,0.0006,0.0021231976538378427,0.002049681947509038,0.0022839704164794652,2.320131092657109e-06,2.835756363578024e-06
54013,2026-03-15 21:00:00,117,2,1,2026-03-15 22:00:00,118,0.0006,0.0018274637892524107,0.0018178719472770766,0.0019813474619640357,1.5066673539258864e-06,1.9081208106744833e-06
54013,2026-03-15 22:00:00,118,2,1,2026-03-15 23:00:00,119,0.0005,0.0021311231378443934,0.002420280351708709,0.002427724457960454,2.6605626908113398e-06,3.7161215858189256e-06
54013,2026-03-15 23:00:00,119,2,1,2026-03-16 00:00:00,120,0.0003,0.0013723906240124227,0.0024734502282148904,0.0013788865453285958,1.1500216504697534e-06,1.1639961776910724e-06
54013,2026-03-16 00:00:00,120,2,1,2026-03-16 01:00:00,121,0.0001,0.0016405139616726722,0.0023618247662076045,0.0016018621987661577,2.3731832661084313e-06,2.255590064082718e-06
54013,2026-03-16 01:00:00,121,2,1,2026-03-16 02:00:00,122,0.0,0.002242411340745028,0.003253972839252482,0.0019668073100389434,5.028408621101913e-06,3.868330994822624e-06
54013,2026-03-16 02:00:00,122,2,1,2026-03-16 03:00:00,123,0.0,0.0025038826405803993,0.004545813598964205,0.0024540037143651917,6.269428277799873e-06,6.022134230118158e-06
54013,2026-03-16 03:00:00,123,2,1,2026-03-16 04:00:00,124,0.0,0.002853429451050972,0.0024843875013868897,0.0027108168277644785,8.142059632125051e-06,7.34852787369107e-06
54013,2026-03-16 04:00:00,124,2,1,2026-03-16 05:00:00,125,0.0001,0.003756296982914659,0.0036761337547525056,0.0034822805970956237,1.336850762727084e-05,1.143982203748953e-05
54013,2026-03-16 05:00:00,125,2,1,2026-03-16 06:00:00,126,0.0013,0.00982052768980033,0.00913162907915643,0.009891508816302035,7.259939211265417e-05,7.381402374059558e-05
54013,2026-03-16 06:00:00,126,2,1,2026-03-16 07:00:00,127,0.0048,0.01315444559956162,0.007269130182357785,0.014186840352341365,6.979676127603454e-05,8.811277180034416e-05
54013,2026-03-16 07:00:00,127,2,1,2026-03-16 08:00:00,128,0.0073,0.013454441602965111,0.007822780365219979,0.013957627297272499,3.787715144430777e-05,4.4324001229387914e-05
54013,2026-03-16 08:00:00,128,2,1,2026-03-16 09:00:00,129,0.0012,0.008267149711956339,0.005101395758519156,0.007966902515633107,4.994460505120457e-05,4.579096965608168e-05
54013,2026-03-16 09:00:00,129,2,1,2026-03-16 10:00:00,130,0.0014,0.008766493534850065,0.006159543536157427,0.008317540301468255,5.426522699898781e-05,4.785236382243751e-05
54013,2026-03-16 10:00:00,130,2,1,2026-03-16 11:00:00,131,0.0059,0.006474078185792683,0.0031288311923330383,0.006740208880111652,3.2956576340301816e-07,7.059509622184768e-07
54013,2026-03-16 11:00:00,131,2,1,2026-03-16 12:00:00,132,0.0074,0.00710944353053474,0.00537235200756229,0.006470121559478729,8.442306194811659e-08,8.646739141462722e-07
54013,2026-03-16 12:00:00,132,2,1,2026-03-16 13:00:00,133,0.0061,0.007127695430060469,0.006744794369706144,0.006482347900861182,1.0561578969671713e-06,1.461899172929519e-07
54013,2026-03-16 13:00:00,133,2,1,2026-03-16 14:00:00,134,0.0053,0.007122915371891651,0.0072224165995351105,0.006467634534494405,3.3230204530788755e-06,1.3633704061439663e-06
54013,2026-03-16 14:00:00,134,2,1,2026-03-16 15:00:00,135,0.0023,0.005605112910115051,0.004359649035751917,0.004847432821414067,1.092377134860918e-05,6.489413979617632e-06
54013,2026-03-16 15:00:00,135,2,1,2026-03-16 16:00:00,136,0.0024,0.005912367852607216,0.004849059956163054,0.004911868195492868,1.2336727932028625e-05,6.309481831528599e-06
54013,2026-03-16 16:00:00,136,2,1,2026-03-16 17:00:00,137,0.0122,0.010425532303943046,0.0052702276719829265,0.009010531209188084,3.1487356043496785e-06,1.017271116756323e-05
54013,2026-03-16 17:00:00,137,2,1,2026-03-16 18:00:00,138,0.055,0.017713864372323522,0.014214859034920955,0.016861603596193167,0.0013902559100454851,0.001454537280253906
54013,2026-03-16 18:00:00,138,2,1,2026-03-16 19:00:00,139,0.1019,0.0248439356266481,0.023044954601684892,0.025031193550607532,0.005937637056710154,0.005908813404954163
54013,2026-03-16 19:00:00,139,2,1,2026-03-16 20:00:00,140,0.1795,0.03467901029786006,0.028197624386252083,0.036132682297857724,0.020973119058307323,0.020554187785107
54013,2026-03-16 20:00:00,140,2,1,2026-03-16 21:00:00,141,0.191,0.038915496507603835,0.03369227033048048,0.04108868377674399,0.02312969620252866,0.022473402731789063
54013,2026-03-16 21:00:00,141,2,1,2026-03-16 22:00:00,142,0.182,0.04253315801620253,0.035973577705189504,0.044449142002180635,0.019451000012933532,0.018920238535936263
54013,2026-03-16 22:00:00,142,2,1,2026-03-16 23:00:00,143,0.157,0.04647290610546586,0.03948804784517877,0.048326766063667426,0.012216238484771165,0.011809871774180867
54013,2026-03-16 23:00:00,143,2,1,2026-03-17 00:00:00,144,0.163,0.0493422328619389,0.04169186163739584,0.05096658067553265,0.012918088030809724,0.012551487045531938
54013,2026-03-17 00:00:00,144,2,1,2026-03-17 01:00:00,145,0.1696,0.048268347678023356,0.04028782923188229,0.04977312185612052,0.014721369855181023,0.014358480725708144
54013,2026-03-17 01:00:00,145,2,1,2026-03-17 02:00:00,146,0.1549,0.046738138713601204,0.03905295824116665,0.047411690462578635,0.011698988236938176,0.011553736687212511
54013,2026-03-17 02:00:00,146,2,1,2026-03-17 03:00:00,147,0.1505,0.04687646803932652,0.045925701898469846,0.04732281112123052,0.010737836376004718,0.010645532304925272
54013,2026-03-17 03:00:00,147,2,1,2026-03-17 04:00:00,148,0.1467,0.044863951226928746,0.04194363277901726,0.045179612688475826,0.010370580829711347,0.010306389039881878
54013,2026-03-17 04:00:00,148,2,1,2026-03-17 05:00:00,149,0.1457,0.04642588351555022,0.04230073397778578,0.04625199248775021,0.009855350203768104,0.00988990619815649
54013,2026-03-17 05:00:00,149,2,1,2026-03-17 06:00:00,150,0.1448,0.04670680123411052,0.04153685995003183,0.04647699546971444,0.009622275644124302,0.009667413219862557
54013,2026-03-17 06:00:00,150,2,1,2026-03-17 07:00:00,151,0.1439,0.04724139548013545,0.042757640060113615,0.04657407434168114,0.00934288582772758,0.009472335805248608
54013,2026-03-17 07:00:00,151,2,1,2026-03-17 08:00:00,152,0.1441,0.04824529625696225,0.036862763929012686,0.0483000136740005,0.009188124229665535,0.009177637380061693
54013,2026-03-17 08:00:00,152,2,1,2026-03-17 09:00:00,153,0.1429,0.05178877211441719,0.04810290141676607,0.05247949358050906,0.008301255846818604,0.008175867981157202
54013,2026-03-17 09:00:00,153,2,1,2026-03-17 10:00:00,154,0.1297,0.052350850475973834,0.04986426725474982,0.05405995210824589,0.005982890932090159,0.005721416845066857
54013,2026-03-17 10:00:00,154,2,1,2026-03-17 11:00:00,155,0.1546,0.05127519631381658,0.044867373848054226,0.053340234533894484,0.01067601505678834,0.010253540102250693
54013,2026-03-17 11:00:00,155,2,1,2026-03-17 12:00:00,156,0.1752,0.049433076604741694,0.04548471662502211,0.05117983355987904,0.01581731902030877,0.015381001683835304
54013,2026-03-17 12:00:00,156,2,1,2026-03-17 13:00:00,157,0.1278,0.04491037525278882,0.03699111460213666,0.04660431726142662,0.006870689890733484,0.006592738895383062
54013,2026-03-17 13:00:00,157,2,1,2026-03-17 14:00:00,158,0.0981,0.03970952070411916,0.03347465333032439,0.04107440883157089,0.00340944807240269,0.003251918048108821
54013,2026-03-17 14:00:00,158,2,1,2026-03-17 15:00:00,159,0.0852,0.032031563680261124,0.029332747820351605,0.03268224048395925,0.0028268826206861277,0.0027581150645846885
54013,2026-03-17 15:00:00,159,2,1,2026-03-17 16:00:00,160,0.0866,0.02838185891237178,0.028734451561869042,0.0287349352845222,0.003389351951698984,0.0033483657145264335
54013,2026-03-17 16:00:00,160,2,1,2026-03-17 17:00:00,161,0.083,0.026557980647202124,0.02978806659543314,0.026728792372538085,0.003185701548621611,0.0031664488078529283
54013,2026-03-17 17:00:00,161,2,1,2026-03-17 18:00:00,162,0.0683,0.01871656002657449,0.018099821734356664,0.018923837350137133,0.002458517519598291,0.0024380054380257125
54013,2026-03-17 18:00:00,162,2,1,2026-03-17 19:00:00,163,0.0604,0.01541517202025009,0.014425660323892012,0.015573572049841769,0.0020236347483676906,0.002009408642770727
54013,2026-03-17 19:00:00,163,2,1,2026-03-17 20:00:00,164,0.0526,0.012146103196705253,0.010157234513564702,0.012167030576124177,0.001636517766571621,0.0016348250164320772
54013,2026-03-17 20:00:00,164,2,1,2026-03-17 21:00:00,165,0.0519,0.009339830124989708,0.00791576690515763,0.009268445461171854,0.0018113680597897338,0.001817449442397079
54013,2026-03-17 21:00:00,165,2,1,2026-03-17 22:00:00,166,0.0509,0.007662423300415677,0.007640902298873345,0.007536726524518258,0.001869488038852437,0.0018803734865094188
54013,2026-03-17 22:00:00,166,2,1,2026-03-17 23:00:00,167,0.0492,0.007391936930860231,0.007313938545726548,0.0074991068652857885,0.0017479141375931688,0.0017389644882328551
54013,2026-03-17 23:00:00,167,2,1,2026-03-18 00:00:00,168,0.0473,0.006416798417989348,0.006615530986273112,0.006512707340337777,0.0016714361715953186,0.0016636032425049359
54013,2026-03-18 00:00:00,168,2,1,2026-03-18 01:00:00,169,0.0334,0.0037819187591869056,0.00280381197392172,0.0037276107099096607,0.0008772307363874044,0.0008804506861826677
54013,2026-03-18 01:00:00,169,2,1,2026-03-18 02:00:00,170,0.0322,0.0035859145432381796,0.0028099863694087475,0.0034988953482436892,0.0008187658865268684,0.0008237534082310678
54013,2026-03-18 02:00:00,170,2,1,2026-03-18 03:00:00,171,0.0332,0.0037227085693272684,0.002850656247333814,0.003639929069083366,0.0008689107100888122,0.0008737977934408228
54013,2026-03-18 03:00:00,171,2,1,2026-03-18 04:00:00,172,0.0371,0.003714748923010284,0.0030272375919917927,0.0036169138336503187,0.0011145749894736431,0.0011211170592231973
54013,2026-03-18 04:00:00,172,2,1,2026-03-18 05:00:00,173,0.0364,0.003068874377136639,0.0029962414255660062,0.002959188171250569,0.0011109639352870984,0.0011182878957658278
54013,2026-03-18 05:00:00,173,2,1,2026-03-18 06:00:00,174,0.036,0.0022616826634495194,0.003018469580194324,0.002201899482931753,0.0011382740567017827,0.001142311598561849
54013,2026-03-18 06:00:00,174,2,1,2026-03-18 07:00:00,175,0.0424,0.002449480178971839,0.003065942617944499,0.0024205027013588327,0.0015960440339703639,0.0015983602042520565
54013,2026-03-18 07:00:00,175,2,1,2026-03-18 08:00:00,176,0.0402,0.002128136829815619,0.0022812381306321697,0.002099895925004412,0.0014494667652492417,0.0014516179305254955
54013,2026-03-18 08:00:00,176,2,1,2026-03-18 09:00:00,177,0.0386,0.0020499668331165994,0.0012183977883126278,0.002050168157117942,0.001335904924500277,0.0013358902077429554
54013,2026-03-18 09:00:00,177,2,1,2026-03-18 10:00:00,178,0.0255,0.0020633572280664854,0.0,0.0021502984505396925,0.0005492762244192235,0.0005452085624488689
54013,2026-03-18 10:00:00,178,2,1,2026-03-18 11:00:00,179,0.0211,0.0022708379093542945,0.0,0.0024289011466197747,0.00035453734503580937,0.00034860993239269636
54013,2026-03-18 11:00:00,179,2,1,2026-03-18 12:00:00,180,0.0162,0.0020459935154381447,0.0,0.0021853383676841715,0.00020033589956501902,0.00019641074066830533
54013,2026-03-18 12:00:00,180,2,1,2026-03-18 13:00:00,181,0.0134,0.0019349976049758857,0.0010055484643022683,0.0020383682206346833,0.00013144627991790866,0.0001290866766898839
54013,2026-03-18 13:00:00,181,2,1,2026-03-18 14:00:00,182,0.0095,0.001721361874543371,0.001172690675921625,0.0017877895900544928,6.050721108680741e-05,5.9478189407271844e-05
54013,2026-03-18 14:00:00,182,2,1,2026-03-18 15:00:00,183,0.0053,0.001483027995440951,0.0010886809642813927,0.0015235117374345479,1.4569275283587525e-05,1.4261863597294627e-05
54013,2026-03-18 15:00:00,183,2,1,2026-03-18 16:00:00,184,0.0039,0.0011784563224919297,0.0,0.0010864096711835868,7.4067999885841515e-06,7.916290538409251e-06
54013,2026-03-18 16:00:00,184,2,1,2026-03-18 17:00:00,185,0.0025,0.0010051317775501669,0.0,0.0,2.234631002490324e-06,6.25e-06
54013,2026-03-18 17:00:00,185,2,1,2026-03-18 18:00:00,186,0.0016,0.0011132030055858234,0.0,0.0010783099444316522,2.36971313770676e-07,2.721605140789059e-07
54013,2026-03-18 18:00:00,186,2,1,2026-03-18 19:00:00,187,0.0007,0.0010474366103260637,0.0,0.0,1.2071219819486502e-07,4.9e-07
54013,2026-03-18 19:00:00,187,2,1,2026-03-18 20:00:00,188,0.0005,0.0,0.0,0.0,2.5e-07,2.5e-07
54013,2026-03-18 20:00:00,188,2,1,2026-03-18 21:00:00,189,0.0004,0.0,0.0,0.0,1.6e-07,1.6e-07
54013,2026-03-18 21:00:00,189,2,1,2026-03-18 22:00:00,190,0.0001,0.0,0.0,0.0,1e-08,1e-08
54013,2026-03-18 22:00:00,190,2,1,2026-03-18 23:00:00,191,0.0001,0.0,0.0,0.0,1e-08,1e-08
54013,2026-03-18 23:00:00,191,2,1,2026-03-19 00:00:00,192,0.0,0.0,0.0,0.0,0.0,0.0
54013,2026-03-19 00:00:00,192,2,1,2026-03-19 01:00:00,193,0.0,0.0,0.0,0.0,0.0,0.0
54013,2026-03-19 01:00:00,193,2,1,2026-03-19 02:00:00,194,0.0,0.0,0.0,0.0,0.0,0.0
54013,2026-03-19 02:00:00,194,2,1,2026-03-19 03:00:00,195,0.0,0.0010506636454447487,0.0,0.0,1.1038940958592486e-06,0.0
54013,2026-03-19 03:00:00,195,2,1,2026-03-19 04:00:00,196,0.0,0.0,0.0,0.0,0.0,0.0
54013,2026-03-19 04:00:00,196,2,1,2026-03-19 05:00:00,197,0.0,0.0010115908853814497,0.0,0.0,1.0233161193868253e-06,0.0
54013,2026-03-19 05:00:00,197,2,1,2026-03-19 06:00:00,198,0.0002,0.0,0.0,0.0,4e-08,4e-08
54013,2026-03-19 06:00:00,198,2,1,2026-03-19 07:00:00,199,0.0003,0.0,0.0,0.0,8.999999999999999e-08,8.999999999999999e-08
54013,2026-03-19 07:00:00,199,2,1,2026-03-19 08:00:00,200,0.0003,0.0011582165207358274,0.0,0.001211044905395272,7.36535596463909e-07,8.300028196466804e-07
54013,2026-03-19 08:00:00,200,2,1,2026-03-19 09:00:00,201,0.0004,0.0011707847408536757,0.0,0.001206144898959514,5.941091167328681e-07,6.49869598118445e-07
54013,2026-03-19 09:00:00,201,2,1,2026-03-19 10:00:00,202,0.0005,0.0015367506097969349,0.0,0.0015299747570977366,1.0748518269143162e-06,1.0608480002585415e-06
54013,2026-03-19 10:00:00,202,2,1,2026-03-19 11:00:00,203,0.0003,0.0014348586176677089,0.0,0.0014159018008915464,1.2879040820946633e-06,1.2452368292329968e-06
54013,2026-03-19 11:00:00,203,2,1,2026-03-19 12:00:00,204,0.0002,0.001349677005579321,0.0,0.0013395077943317494,1.3217572171578337e-06,1.2984780133428083e-06
54013,2026-03-19 12:00:00,204,2,1,2026-03-19 13:00:00,205,0.0002,0.0013383067878568427,0.0,0.0013877867967544374,1.295742343280963e-06,1.4108374745441669e-06
54013,2026-03-19 13:00:00,205,2,1,2026-03-19 14:00:00,206,0.0002,0.0011685279353972505,0.0,0.0012115734973626483,9.380463616448606e-07,1.0232809405664998e-06
54013,2026-03-19 14:00:00,206,2,1,2026-03-19 15:00:00,207,0.0002,0.0011310829054974666,0.0,0.0011746027128677386,8.669153769096043e-07,9.498504479291559e-07
54013,2026-03-19 15:00:00,207,2,1,2026-03-19 16:00:00,208,0.0002,0.0012422569924619127,0.0,0.0012295063208215995,1.0862996383357514e-06,1.059883264611626e-06
54013,2026-03-19 16:00:00,208,2,1,2026-03-19 17:00:00,209,0.0003,0.0010163185558422676,0.0,0.0,5.131122734439519e-07,8.999999999999999e-08
54013,2026-03-19 17:00:00,209,2,1,2026-03-19 18:00:00,210,0.0002,0.0,0.0,0.0,4e-08,4e-08
54013,2026-03-19 18:00:00,210,2,1,2026-03-19 19:00:00,211,0.0002,0.0,0.0,0.0,4e-08,4e-08
54013,2026-03-19 19:00:00,211,2,1,2026-03-19 20:00:00,212,0.0002,0.0,0.0,0.0,4e-08,4e-08
54013,2026-03-19 20:00:00,212,2,1,2026-03-19 21:00:00,213,0.0002,0.0,0.0,0.0,4e-08,4e-08
54013,2026-03-19 21:00:00,213,2,1,2026-03-19 22:00:00,214,0.0002,0.0,0.0,0.0,4e-08,4e-08
54013,2026-03-19 22:00:00,214,2,1,2026-03-19 23:00:00,215,0.0002,0.0,0.0,0.0,4e-08,4e-08
54015,2026-03-14 00:00:00,72,2,1,2026-03-14 01:00:00,73,0.0,0.008121734644923956,0.008121734644923956,0.007876727956036025,6.596257364255806e-05,6.204284329339945e-05
54015,2026-03-14 01:00:00,73,2,1,2026-03-14 02:00:00,74,0.0,0.007468757335312269,0.007468757335312269,0.007236271285663625,5.578233613378082e-05,5.2363622119719896e-05
54015,2026-03-14 02:00:00,74,2,1,2026-03-14 03:00:00,75,0.0,0.0053332373140314,0.0053332373140314,0.005185162440473085,2.8443420247776864e-05,2.68859095340928e-05
54015,2026-03-14 03:00:00,75,2,1,2026-03-14 04:00:00,76,0.0,0.005812048634376405,0.005812048634376405,0.005809157290491569,3.3779909328356635e-05,3.374630842567135e-05
54015,2026-03-14 04:00:00,76,2,1,2026-03-14 05:00:00,77,0.0,0.005030932616293289,0.005030932616293289,0.004991301312874678,2.5310282989683638e-05,2.491308879590448e-05
54015,2026-03-14 05:00:00,77,2,1,2026-03-14 06:00:00,78,0.0,0.0069537594158558085,0.0051068639806713875,0.010598036221012675,4.835477001360331e-05,0.00011231837174189663
54015,2026-03-14 06:00:00,78,2,1,2026-03-14 07:00:00,79,0.0,0.006072429368177061,0.00340184927019354,0.00955929558915807,3.687439843149926e-05,9.138013216089694e-05
54015,2026-03-14 07:00:00,79,2,1,2026-03-14 08:00:00,80,0.017,0.004808317795549555,0.003904121195520103,0.007047131029415007,0.00014863711497431367,9.90596007456336e-05
54015,2026-03-14 08:00:00,80,2,1,2026-03-14 09:00:00,81,0.0822,0.004839041865632331,0.004806605540555064,0.007006172766043042,0.005984717843467387,0.0056541116540901664
54015,2026-03-14 09:00:00,81,2,1,2026-03-14 10:00:00,82,0.0921,0.002921296732662835,0.0018779279840135676,0.00498823079422695,0.007952841116443772,0.007588460334159871
54015,2026-03-14 10:00:00,82,2,1,2026-03-14 11:00:00,83,0.0765,0.0036022903476133823,0.0032268289642239643,0.005663328136049692,0.005314076072563662,0.005017834080760969
54015,2026-03-14 11:00:00,83,2,1,2026-03-14 12:00:00,84,0.0138,0.004152175318551126,0.00415014724560623,0.005873306126344591,9.308052108397406e-05,6.283247576664618e-05
54015,2026-03-14 12:00:00,84,2,1,2026-03-14 13:00:00,85,0.0138,0.002366481214527328,0.002474641042187954,0.0030180746831448414,0.00013072535181775648,0.0001162499135382422
54015,2026-03-14 13:00:00,85,2,1,2026-03-14 14:00:00,86,0.0189,0.002246850845962998,0.002321655189604868,0.0029833241188716125,0.00027732737674660327,0.0002533405711048941
54015,2026-03-14 14:00:00,86,2,1,2026-03-14 15:00:00,87,0.0129,0.002161850346022006,0.0026111425574604262,0.0030775655891437906,0.0001153078579912277,9.648021775557218e-05
54015,2026-03-14 15:00:00,87,2,1,2026-03-14 16:00:00,88,0.0066,0.0017951147364968132,0.0027122883010505723,0.002311029815407615,2.3086922395430085e-05,1.8395265244322433e-05
54015,2026-03-14 16:00:00,88,2,1,2026-03-14 17:00:00,89,0.0002,0.0020997119546106325,0.0031079359664606242,0.002735351225754434,3.6089055104905496e-06,6.4280058379345094e-06
54015,2026-03-14 17:00:00,89,2,1,2026-03-14 18:00:00,90,0.0003,0.0014679104867955373,0.0016986456197623577,0.0022394567834187456,1.364014905166989e-06,3.761492614748987e-06
54015,2026-03-14 18:00:00,90,2,1,2026-03-14 19:00:00,91,0.0003,0.0010544062713121222,0.0,0.0017366143153274894,5.691288221950594e-07,2.0638606910038714e-06
54015,2026-03-14 19:00:00,91,2,1,2026-03-14 20:00:00,92,0.0002,0.0010252111515492047,0.0,0.0016641499187500502,6.809734446411645e-07,2.1437349845757784e-06
54015,2026-03-14 20:00:00,92,2,1,2026-03-14 21:00:00,93,0.0001,0.0,0.0,0.0,1e-08,1e-08
54015,2026-03-14 21:00:00,93,2,1,2026-03-14 22:00:00,94,0.0001,0.0,0.0,0.0,1e-08,1e-08
54015,2026-03-14 22:00:00,94,2,1,2026-03-14 23:00:00,95,0.0001,0.0,0.0,0.0,1e-08,1e-08
54015,2026-03-14 23:00:00,95,2,1,2026-03-15 00:00:00,96,0.0,0.0,0.0,0.0,0.0,0.0
54015,2026-03-15 00:00:00,96,2,1,2026-03-15 01:00:00,97,0.0,0.0,0.0,0.0,0.0,0.0
54015,2026-03-15 01:00:00,97,2,1,2026-03-15 02:00:00,98,0.0,0.0,0.0,0.0,0.0,0.0
54015,2026-03-15 02:00:00,98,2,1,2026-03-15 03:00:00,99,0.0,0.0,0.0,0.0,0.0,0.0
54015,2026-03-15 03:00:00,99,2,1,2026-03-15 04:00:00,100,0.0,0.0,0.0,0.0,0.0,0.0
54015,2026-03-15 04:00:00,100,2,1,2026-03-15 05:00:00,101,0.0,0.0,0.0,0.0,0.0,0.0
54015,2026-03-15 05:00:00,101,2,1,2026-03-15 06:00:00,102,0.0,0.0,0.0,0.0,0.0,0.0
54015,2026-03-15 06:00:00,102,2,1,2026-03-15 07:00:00,103,0.0,0.0,0.0,0.0,0.0,0.0
54015,2026-03-15 07:00:00,103,2,1,2026-03-15 08:00:00,104,0.0,0.0,0.0,0.0,0.0,0.0
54015,2026-03-15 08:00:00,104,2,1,2026-03-15 09:00:00,105,0.0,0.0,0.0,0.0,0.0,0.0
54015,2026-03-15 09:00:00,105,2,1,2026-03-15 10:00:00,106,0.0,0.0,0.0,0.0,0.0,0.0
54015,2026-03-15 10:00:00,106,2,1,2026-03-15 11:00:00,107,0.0002,0.0,0.0,0.0,4e-08,4e-08
54015,2026-03-15 11:00:00,107,2,1,2026-03-15 12:00:00,108,0.0008,0.0015604671030032115,0.0,0.0013379340632948492,5.78310214750097e-07,2.893730564529068e-07
54015,2026-03-15 12:00:00,108,2,1,2026-03-15 13:00:00,109,0.0018,0.002611672967638874,0.0015516604101674682,0.0022741048563496595,6.58813006395697e-07,2.2477541481433127e-07
54015,2026-03-15 13:00:00,109,2,1,2026-03-15 14:00:00,110,0.0037,0.0027482700176884737,0.0011492328735143067,0.002540805905674545,9.057899592306986e-07,1.343730948319012e-06
54015,2026-03-15 14:00:00,110,2,1,2026-03-15 15:00:00,111,0.0067,0.003386292741506746,0.0024240128353959353,0.0033282663085576463,1.0980655794990877e-05,1.1368588086007482e-05
54015,2026-03-15 15:00:00,111,2,1,2026-03-15 16:00:00,112,0.0087,0.004353760646908265,0.00394867881033781,0.004289238968759369,1.888979651436326e-05,1.9454812874710913e-05
54015,2026-03-15 16:00:00,112,2,1,2026-03-15 17:00:00,113,0.0215,0.0035191053350470615,0.004219699859164525,0.0033862415592587083,0.000323312572952133,0.00032810824484952637
54015,2026-03-15 17:00:00,113,2,1,2026-03-15 18:00:00,114,0.0227,0.004420470770060945,0.00461504181895307,0.003916721721406594,0.00033414118886819635,0.00035281154289107885
54015,2026-03-15 18:00:00,114,2,1,2026-03-15 19:00:00,115,0.013,0.0035650441062773635,0.0040749707103409265,0.0033876196755706187,8.901839271649151e-05,9.239785550147709e-05
54015,2026-03-15 19:00:00,115,2,1,2026-03-15 20:00:00,116,0.0135,0.0044723234481661165,0.005371537092613041,0.004098540418240535,8.14989439245313e-05,8.838744226745685e-05
54015,2026-03-15 20:00:00,116,2,1,2026-03-15 21:00:00,117,0.0129,0.003341636386333707,0.003891437061898424,0.0030219943941626626,9.136231497105977e-05,9.757499474895386e-05
54015,2026-03-15 21:00:00,117,2,1,2026-03-15 22:00:00,118,0.0129,0.004791119268445927,0.002545803633750607,0.004615836910668376,6.575394671856891e-05,6.862735809064448e-05
54015,2026-03-15 22:00:00,118,2,1,2026-03-15 23:00:00,119,0.0062,0.00718475128441306,0.009343549716461013,0.007281193336572171,9.69735092153171e-07,1.1689790310480647e-06
54015,2026-03-15 23:00:00,119,2,1,2026-03-16 00:00:00,120,0.0048,0.007205908968821978,0.003434192148611065,0.007171962847766206,5.788397966258035e-06,5.626207751183171e-06
54015,2026-03-16 00:00:00,120,2,1,2026-03-16 01:00:00,121,0.0044,0.007471931103098006,0.00886932110858606,0.007215608642893795,9.436760702180931e-06,7.927652029938235e-06
54015,2026-03-16 01:00:00,121,2,1,2026-03-16 02:00:00,122,0.0037,0.007546980928220369,0.007979564125169305,0.006984039844292149,1.4799262262091247e-05,1.0784917698898403e-05
54015,2026-03-16 02:00:00,122,2,1,2026-03-16 03:00:00,123,0.0031,0.005917131751928662,0.002225802039771531,0.005323028702042183,7.93623130772465e-06,4.941856610103352e-06
54015,2026-03-16 03:00:00,123,2,1,2026-03-16 04:00:00,124,0.0025,0.0064973245365083565,0.0024260916163219483,0.005749005407152462,1.597860345017175e-05,1.0556036135705932e-05
54015,2026-03-16 04:00:00,124,2,1,2026-03-16 05:00:00,125,0.0027,0.008262230722976585,0.003915941497110812,0.008004914678201953,3.0938410615624626e-05,2.814211974300253e-05
54015,2026-03-16 05:00:00,125,2,1,2026-03-16 06:00:00,126,0.0036,0.012857950055467277,0.006302581621795641,0.013888765586422304,8.570963922952657e-05,0.00010585869729234791
54015,2026-03-16 06:00:00,126,2,1,2026-03-16 07:00:00,127,0.0037,0.016486047003353443,0.009712164551822595,0.01799052403881598,0.00016348299797196354,0.00020421907730397735
54015,2026-03-16 07:00:00,127,2,1,2026-03-16 08:00:00,128,0.0036,0.015052441697993697,0.00842468096608501,0.015009076617624718,0.00013115842084594477,0.0001301670292668311
54015,2026-03-16 08:00:00,128,2,1,2026-03-16 09:00:00,129,0.0042,0.01331735787264204,0.0070043496846331895,0.013110199446574065,8.312621457782781e-05,7.93916541777288e-05
54015,2026-03-16 09:00:00,129,2,1,2026-03-16 10:00:00,130,0.0194,0.011965602418937743,0.007320803412081599,0.011835339623345834,5.5270267393304355e-05,5.722408661412156e-05
54015,2026-03-16 10:00:00,130,2,1,2026-03-16 11:00:00,131,0.08,0.010468990661707032,0.006534850203007653,0.010450085288007286,0.004834561259601784,0.004837190636445461
54015,2026-03-16 11:00:00,131,2,1,2026-03-16 12:00:00,132,0.1106,0.010325638772732466,0.00740914568933399,0.010300310120957647,0.010054947519536537,0.010060027789832074
54015,2026-03-16 12:00:00,132,2,1,2026-03-16 13:00:00,133,0.1037,0.0109977128827132,0.010014402883357303,0.010874257034022889,0.008593714036775878,0.008616618557185648
54015,2026-03-16 13:00:00,133,2,1,2026-03-16 14:00:00,134,0.1043,0.01058564651003874,0.01026812052895329,0.010315881840205017,0.008782380050041415,0.008833014466274306
54015,2026-03-16 14:00:00,134,2,1,2026-03-16 15:00:00,135,0.1039,0.010405426394876939,0.00904039527938065,0.010211868672582208,0.008741235293603773,0.008777465951623483
54015,2026-03-16 15:00:00,135,2,1,2026-03-16 16:00:00,136,0.0849,0.011259927440562504,0.009357912924970069,0.010428063197963858,0.00542286028655922,0.005546069371046466
54015,2026-03-16 16:00:00,136,2,1,2026-03-16 17:00:00,137,0.0429,0.012950387273681647,0.008699234703564243,0.011592512441355268,0.0008969793024564503,0.0009801587772346949
54015,2026-03-16 17:00:00,137,2,1,2026-03-16 18:00:00,138,0.0863,0.01761367481717745,0.013640603650765,0.016729692965817812,0.0047178112671204435,0.004840027620830379
54015,2026-03-16 18:00:00,138,2,1,2026-03-16 19:00:00,139,0.1301,0.026761497466816726,0.029030065649712406,0.026962994290970613,0.010678846105800726,0.01063724194662436
54015,2026-03-16 19:00:00,139,2,1,2026-03-16 20:00:00,140,0.1724,0.034302946222606975,0.03685616489509876,0.03562677643850823,0.019070796261996176,0.01870691468340181
54015,2026-03-16 20:00:00,140,2,1,2026-03-16 21:00:00,141,0.1645,0.03277553318307766,0.026370275530604233,0.03391706942931698,0.017351335158202478,0.017051901756427828
54015,2026-03-16 21:00:00,141,2,1,2026-03-16 22:00:00,142,0.1607,0.03644730795715624,0.036914440760576935,0.03727076434852025,0.015438731479893771,0.015234776213508522
54015,2026-03-16 22:00:00,142,2,1,2026-03-16 23:00:00,143,0.1654,0.03836992623288097,0.03818638199424278,0.0395373597161952,0.0161366396412797,0.015841404219210438
54015,2026-03-16 23:00:00,143,2,1,2026-03-17 00:00:00,144,0.1721,0.04141316700735403,0.04009986438453554,0.0423953142025425,0.017079048317647737,0.016823305517817175
54015,2026-03-17 00:00:00,144,2,1,2026-03-17 01:00:00,145,0.1764,0.04072996923460373,0.03747959287937456,0.041670676234434836,0.01840635724788357,0.018151990682326487
54015,2026-03-17 01:00:00,145,2,1,2026-03-17 02:00:00,146,0.1241,0.03874419137660863,0.03557534693113179,0.039392850213211296,0.0072856140657530126,0.007175301225001457
54015,2026-03-17 02:00:00,146,2,1,2026-03-17 03:00:00,147,0.1185,0.03934138929932117,0.03885477065333271,0.039514311459791424,0.0062660856480616246,0.006238738994170836
54015,2026-03-17 03:00:00,147,2,1,2026-03-17 04:00:00,148,0.1173,0.03813827397680472,0.034078942632285635,0.0377922799272336,0.006266578866971433,0.0063214775511693825
54015,2026-03-17 04:00:00,148,2,1,2026-03-17 05:00:00,149,0.1139,0.03774667248948071,0.034019249074936295,0.037531014636705315,0.005799329290924414,0.005832221925419118
54015,2026-03-17 05:00:00,149,2,1,2026-03-17 06:00:00,150,0.1277,0.03744506339619707,0.03181076090517358,0.03657151030473542,0.008145953581356486,0.008304401634139945
54015,2026-03-17 06:00:00,150,2,1,2026-03-17 07:00:00,151,0.1772,0.03870058596133896,0.031475965286772524,0.038023496445660734,0.019182087689052458,0.019370099141611006
54015,2026-03-17 07:00:00,151,2,1,2026-03-17 08:00:00,152,0.1817,0.03970621272405572,0.03227147496409821,0.03956054989143345,0.020162235624966114,0.02020362327716568
54015,2026-03-17 08:00:00,152,2,1,2026-03-17 09:00:00,153,0.1674,0.04142570116753317,0.03520050069852445,0.04179564326112424,0.015869523966331654,0.015776454431786765
54015,2026-03-17 09:00:00,153,2,1,2026-03-17 10:00:00,154,0.1584,0.04242188304665153,0.03722338427731276,0.043646756653698104,0.013450923612044577,0.013168306858495583
54015,2026-03-17 10:00:00,154,2,1,2026-03-17 11:00:00,155,0.1627,0.03994078778139196,0.03535815957032465,0.041359943857371004,0.015069824184533249,0.01472340922469636
54015,2026-03-17 11:00:00,155,2,1,2026-03-17 12:00:00,156,0.167,0.039730891635293836,0.03230943012795652,0.041120337833124604,0.016197425943947324,0.015845689347246682
54015,2026-03-17 12:00:00,156,2,1,2026-03-17 13:00:00,157,0.1578,0.03713742946378433,0.03263877168463619,0.038353901513242014,0.014559455928407222,0.014267370443708287
54015,2026-03-17 13:00:00,157,2,1,2026-03-17 14:00:00,158,0.0979,0.03472232039016201,0.02772184614974239,0.03580076749525919,0.00399141920088334,0.0038563146776778574
54015,2026-03-17 14:00:00,158,2,1,2026-03-17 15:00:00,159,0.0904,0.028452150992981772,0.026096889403994846,0.029136202972316016,0.003837535996596328,0.00375325282624926
54015,2026-03-17 15:00:00,159,2,1,2026-03-17 16:00:00,160,0.0958,0.023520538617090407,0.020206805952859463,0.02392841809743937,0.005224320537803517,0.00516552428517648
54015,2026-03-17 16:00:00,160,2,1,2026-03-17 17:00:00,161,0.0883,0.01998304731055632,0.016670265080594465,0.02005426764266582,0.004667206024771687,0.004657479984988889
54015,2026-03-17 17:00:00,161,2,1,2026-03-17 18:00:00,162,0.061,0.017103702024556154,0.01221607869939369,0.017086869713948127,0.0019268849759489553,0.001928363011519766
54015,2026-03-17 18:00:00,162,2,1,2026-03-17 19:00:00,163,0.0527,0.01273274187645923,0.009487577058779256,0.012661557200209122,0.0015973817219137353,0.0016030769018321256
54015,2026-03-17 19:00:00,163,2,1,2026-03-17 20:00:00,164,0.0349,0.010025304537609851,0.005682055539693853,0.01006045011021723,0.000618750474346653,0.0006170032387270072
54015,2026-03-17 20:00:00,164,2,1,2026-03-17 21:00:00,165,0.0166,0.009252849566106617,0.006721633669613974,0.00917013846187604,5.3980619498259726e-05,5.520284247569373e-05
54015,2026-03-17 21:00:00,165,2,1,2026-03-17 22:00:00,166,0.0129,0.007616280385308107,0.005382255706131094,0.007559660742321788,2.7917692966679844e-05,2.851922338709907e-05
54015,2026-03-17 22:00:00,166,2,1,2026-03-17 23:00:00,167,0.0092,0.006462363052953896,0.004256459615779589,0.006328347850666239,7.494656053831912e-06,8.246386066773211e-06
54015,2026-03-17 23:00:00,167,2,1,2026-03-18 00:00:00,168,0.0061,0.005500407544039517,0.004182512978725769,0.005298979091767036,3.5951111324472405e-07,6.416344954263626e-07
54015,2026-03-18 00:00:00,168,2,1,2026-03-18 01:00:00,169,0.0031,0.00425341051626135,0.002730651296629311,0.004006844412289366,1.3303558190222733e-06,8.223667881004453e-07
54015,2026-03-18 01:00:00,169,2,1,2026-03-18 02:00:00,170,0.0012,0.003771036124121386,0.0027933752184626363,0.0035642722674740198,6.610226751537121e-06,5.589783354746744e-06
54015,2026-03-18 02:00:00,170,2,1,2026-03-18 03:00:00,171,0.0011,0.00394296662356662,0.003123129029122484,0.003736245518655049,8.082459222713787e-06,6.949790434628829e-06
54015,2026-03-18 03:00:00,171,2,1,2026-03-18 04:00:00,172,0.0011,0.004072183623697261,0.0030181974097342784,0.0038429906221678464,8.833875492974182e-06,7.52399755330075e-06
54015,2026-03-18 04:00:00,172,2,1,2026-03-18 05:00:00,173,0.0011,0.003974929145213826,0.0027636380322908515,0.003710565445298977,8.265217589999896e-06,6.815051944189046e-06
54015,2026-03-18 05:00:00,173,2,1,2026-03-18 06:00:00,174,0.0011,0.0031422412224017863,0.003045750939406998,0.0030430092126429863,4.170749210477143e-06,3.775284800415517e-06
54015,2026-03-18 06:00:00,174,2,1,2026-03-18 07:00:00,175,0.001,0.0028018890288776725,0.003202893115722821,0.002688946453668935,3.2468040723897215e-06,2.8525401233608722e-06
54015,2026-03-18 07:00:00,175,2,1,2026-03-18 08:00:00,176,0.001,0.0023754396237094873,0.0,0.0023389232136434967,1.891834158470096e-06,1.7927153720334287e-06
54015,2026-03-18 08:00:00,176,2,1,2026-03-18 09:00:00,177,0.0009,0.002656058458305748,0.0,0.002753697075194228,3.083741308987161e-06,3.436192846583635e-06
54015,2026-03-18 09:00:00,177,2,1,2026-03-18 10:00:00,178,0.0009,0.0026324601041986377,0.0,0.0028161462459282576,3.0014180126399544e-06,3.671616435784955e-06
54015,2026-03-18 10:00:00,178,2,1,2026-03-18 11:00:00,179,0.0009,0.0026258829235278804,0.0,0.0028611258800650503,2.9786718657251435e-06,3.846014717460919e-06
54015,2026-03-18 11:00:00,179,2,1,2026-03-18 12:00:00,180,0.0008,0.0025406663863504447,0.0,0.0026388808597222323,3.029919468570316e-06,3.3814828162527767e-06
54015,2026-03-18 12:00:00,180,2,1,2026-03-18 13:00:00,181,0.0016,0.0023075064673476276,0.0,0.002464416215114777,5.005654013387195e-07,7.472153929533566e-07
54015,2026-03-18 13:00:00,181,2,1,2026-03-18 14:00:00,182,0.0042,0.0021808624174170644,0.0,0.0022572357783689273,4.0769165773988595e-06,3.7743328208497867e-06
54015,2026-03-18 14:00:00,182,2,1,2026-03-18 15:00:00,183,0.0043,0.002139502314613787,0.0,0.0022949253097129317,4.667750248559184e-06,4.020324513629783e-06
54015,2026-03-18 15:00:00,183,2,1,2026-03-18 16:00:00,184,0.0037,0.0019472365248891863,0.0,0.0019796846880502893,3.0721797996825363e-06,2.959484772528631e-06
54015,2026-03-18 16:00:00,184,2,1,2026-03-18 17:00:00,185,0.0035,0.0017377930209402914,0.0,0.0017186874543018097,3.1053734370467444e-06,3.1730743854617675e-06
54015,2026-03-18 17:00:00,185,2,1,2026-03-18 18:00:00,186,0.0019,0.0018299277866835656,0.001037565574312304,0.0018318290422719861,4.910115079063888e-09,4.6472794775546525e-09
54015,2026-03-18 18:00:00,186,2,1,2026-03-18 19:00:00,187,0.002,0.0017395197158524387,0.0,0.0016185550238026721,6.784997842959432e-08,1.4550026986618007e-07
54015,2026-03-18 19:00:00,187,2,1,2026-03-18 20:00:00,188,0.0018,0.001480719465292684,0.0,0.0014269441668713168,1.0194005984298954e-07,1.391706546313359e-07
54015,2026-03-18 20:00:00,188,2,1,2026-03-18 21:00:00,189,0.0007,0.0014518385020336829,0.0,0.0013256345892455426,5.652611331402522e-07,3.914186392604388e-07
54015,2026-03-18 21:00:00,189,2,1,2026-03-18 22:00:00,190,0.0004,0.001411070562193592,0.0,0.0012962201300246398,1.0222636817344663e-06,8.032105214613823e-07
54015,2026-03-18 22:00:00,190,2,1,2026-03-18 23:00:00,191,0.0003,0.0012367394816956928,0.0,0.001126250140754609,8.774808565675153e-07,6.826892950970113e-07
54015,2026-03-18 23:00:00,191,2,1,2026-03-19 00:00:00,192,0.0002,0.001413070331650897,0.0,0.0012880053998980195,1.4715396295316172e-06,1.183755750207249e-06
54015,2026-03-19 00:00:00,192,2,1,2026-03-19 01:00:00,193,0.0001,0.0013346679963951505,0.0,0.0011728356532347737,1.5244050613224153e-06,1.1509763388516834e-06
54015,2026-03-19 01:00:00,193,2,1,2026-03-19 02:00:00,194,0.0,0.001435092671439353,0.0,0.0012765608326446379,2.0594909756189383e-06,1.629607559442371e-06
54015,2026-03-19 02:00:00,194,2,1,2026-03-19 03:00:00,195,0.0,0.0016016319317233205,0.0,0.0014517746752362964,2.5652248447157754e-06,2.107649707657454e-06
54015,2026-03-19 03:00:00,195,2,1,2026-03-19 04:00:00,196,0.0,0.0015648720174585358,0.0,0.0013850338077359065,2.448824431024748e-06,1.918318648571424e-06
54015,2026-03-19 04:00:00,196,2,1,2026-03-19 05:00:00,197,0.0,0.0015947775144467306,0.0,0.0014963780297193839,2.543315320584892e-06,2.2391472078268652e-06
54015,2026-03-19 05:00:00,197,2,1,2026-03-19 06:00:00,198,0.0,0.0014573072291479713,0.0,0.0013759508982008114,2.1237443601269377e-06,1.8932408742596196e-06
54015,2026-03-19 06:00:00,198,2,1,2026-03-19 07:00:00,199,0.0001,0.0016301678894727926,0.0,0.0015160958655864836,2.3414137699736203e-06,2.0053275005311323e-06
54015,2026-03-19 07:00:00,199,2,1,2026-03-19 08:00:00,200,0.0006,0.0018428913369042405,0.0,0.001807790786037249,1.5447788753516103e-06,1.4587585828364758e-06
54015,2026-03-19 08:00:00,200,2,1,2026-03-19 09:00:00,201,0.0006,0.001835999196412888,0.0,0.001777141806765518,1.5276940135333046e-06,1.3856628332351885e-06
54015,2026-03-19 09:00:00,201,2,1,2026-03-19 10:00:00,202,0.0001,0.0020063852817050714,0.0,0.0018988444773252264,3.6343048423017246e-06,3.235841453603467e-06
54015,2026-03-19 10:00:00,202,2,1,2026-03-19 11:00:00,203,0.0001,0.00197054115846484,0.0,0.001863204803560036,3.498924225510985e-06,3.108891179297185e-06
54015,2026-03-19 11:00:00,203,2,1,2026-03-19 12:00:00,204,0.0001,0.002087607768494779,0.0,0.0020456782671528454,3.950584641380796e-06,3.785663919270899e-06
54015,2026-03-19 12:00:00,204,2,1,2026-03-19 13:00:00,205,0.0001,0.0017124913463185001,0.0,0.0016581588341829721,2.600128341952049e-06,2.4278589525424385e-06
54015,2026-03-19 13:00:00,205,2,1,2026-03-19 14:00:00,206,0.0,0.0015366927514209525,0.0,0.0015612094116316318,2.3614246122696973e-06,2.437374826967186e-06
54015,2026-03-19 14:00:00,206,2,1,2026-03-19 15:00:00,207,0.0,0.0015239547211669203,0.0,0.0015582510520686494,2.322437992166946e-06,2.4281463412730525e-06
54015,2026-03-19 15:00:00,207,2,1,2026-03-19 16:00:00,208,0.0,0.0014954909731650697,0.0,0.001455329359856367,2.236493250818207e-06,2.1179835456599427e-06
54015,2026-03-19 16:00:00,208,2,1,2026-03-19 17:00:00,209,0.0,0.001473230922649461,0.0,0.001428929422207115,2.1704093514505823e-06,2.0418392936491595e-06
54015,2026-03-19 17:00:00,209,2,1,2026-03-19 18:00:00,210,0.0,0.0016764008537190906,0.0,0.0016023082611011821,2.8103198223500958e-06,2.567391763593094e-06
54015,2026-03-19 18:00:00,210,2,1,2026-03-19 19:00:00,211,0.0,0.0014165568929234808,0.0,0.0013900027116545246,2.0066334308890258e-06,1.9321075384069313e-06
54015,2026-03-19 19:00:00,211,2,1,2026-03-19 20:00:00,212,0.0,0.0012823619186860783,0.0,0.0012310473677239603,1.64445209049624e-06,1.5154776215800915e-06
54015,2026-03-19 20:00:00,212,2,1,2026-03-19 21:00:00,213,0.0,0.0012693455302233041,0.0,0.0011604287925966591,1.611238075097881e-06,1.34659498268734e-06
54015,2026-03-19 21:00:00,213,2,1,2026-03-19 22:00:00,214,0.0,0.0013859413759583885,0.0,0.001201417392857824,1.920833497593431e-06,1.4434037518612908e-06
54015,2026-03-19 22:00:00,214,2,1,2026-03-19 23:00:00,215,0.0,0.0017043691716190723,0.0,0.0016630982891689577,2.904874273165483e-06,2.765895919436714e-06
18013,2026-03-14 00:00:00,72,1,6,2026-03-14 06:00:00,78,0.0,0.011550786563734206,0.010728515531769922,0.009451056149582438,0.00013342067024094267,8.932246234256001e-05
18013,2026-03-14 01:00:00,73,1,6,2026-03-14 07:00:00,79,0.0,0.0126584216797793,0.011529888399322962,0.00968702317015543,0.00016023563942310659,9.383841789912814e-05
18013,2026-03-14 02:00:00,74,1,6,2026-03-14 08:00:00,80,0.0001,0.012234532807544359,0.010681040976444645,0.00911883566796079,0.0001472468864573704,8.133939680568175e-05
18013,2026-03-14 03:00:00,75,1,6,2026-03-14 09:00:00,81,0.0001,0.010646051110664958,0.010704684053729327,0.007210162782820678,0.00011121919402875761,5.0554414798208284e-05
18013,2026-03-14 04:00:00,76,1,6,2026-03-14 10:00:00,82,0.0001,0.006998646359061905,0.005635849656895889,0.005364307288701022,4.7591321587398074e-05,2.77129312298707e-05
18013,2026-03-14 05:00:00,77,1,6,2026-03-14 11:00:00,83,0.0001,0.0055077888174920675,0.005931972444424963,0.0038319883594790678,2.924417989459225e-05,1.3927737115287264e-05
18013,2026-03-14 06:00:00,78,1,6,2026-03-14 12:00:00,84,0.0,0.0042539100465804084,0.004584135725692281,0.003532726483795201,1.8095750684397733e-05,1.2480156409308003e-05
18013,2026-03-14 07:00:00,79,1,6,2026-03-14 13:00:00,85,0.0,0.0038652565044039427,0.004191716107182351,0.0030578661079984333,1.4940207844836986e-05,9.350545134445487e-06
18013,2026-03-14 08:00:00,80,1,6,2026-03-14 14:00:00,86,0.0,0.004085899970846355,0.004758903269335943,0.0030533185361891384,1.6694578571762246e-05,9.322754083436183e-06
18013,2026-03-14 09:00:00,81,1,6,2026-03-14 15:00:00,87,0.0,0.003099608083332701,0.004859114728830205,0.002522127569042585,9.607570270261422e-06,6.361127474524659e-06
18013,2026-03-14 10:00:00,82,1,6,2026-03-14 16:00:00,88,0.0,0.0033976099929934056,0.004640855829207854,0.0026832426813958596,1.1543753664488649e-05,7.199791287264442e-06
18013,2026-03-14 11:00:00,83,1,6,2026-03-14 17:00:00,89,0.0,0.0035692498758431814,0.004453605050336629,0.002704942696023354,1.2739544676206566e-05,7.316714988770091e-06
18013,2026-03-14 12:00:00,84,1,6,2026-03-14 18:00:00,90,0.0,0.0033518659697792815,0.003943145699250828,0.002633833507824648,1.1235005479364404e-05,6.937078946939891e-06
18013,2026-03-14 13:00:00,85,1,6,2026-03-14 19:00:00,91,0.0,0.002539508104996458,0.002946434182712647,0.0021782151180549576,6.449101415342701e-06,4.744621100523173e-06
18013,2026-03-14 14:00:00,86,1,6,2026-03-14 20:00:00,92,0.0,0.001830798645742787,0.002064510793704362,0.0015900379914543425,3.351823681253623e-06,2.5282208142681597e-06
18013,2026-03-14 15:00:00,87,1,6,2026-03-14 21:00:00,93,0.0,0.001955017199325467,0.002660994289413912,0.0016519475707965864,3.822092249658393e-06,2.728930776660743e-06
18013,2026-03-14 16:00:00,88,1,6,2026-03-14 22:00:00,94,0.0,0.0015497484396521854,0.0018740763046017615,0.0015455287113833019,2.4017202262043832e-06,2.3886589977101295e-06
18013,2026-03-14 17:00:00,89,1,6,2026-03-14 23:00:00,95,0.0,0.0017113599879016435,0.0014999328502118558,0.0015042152178105655,2.9287530081907133e-06,2.262663421492887e-06
18013,2026-03-14 18:00:00,90,1,6,2026-03-15 00:00:00,96,0.0,0.0018144907036749993,0.0012015318079028265,0.0023693461410874907,3.292376513722994e-06,5.613801136286183e-06
18013,2026-03-14 19:00:00,91,1,6,2026-03-15 01:00:00,97,0.0,0.0013261712878745117,0.0015059231253206442,0.001910318683089227,1.758730284782741e-06,3.649317470959758e-06
18013,2026-03-14 20:00:00,92,1,6,2026-03-15 02:00:00,98,0.0,0.0013094304499213392,0.001959287660770025,0.0020238371124206133,1.7146081031812008e-06,4.095916657611006e-06
18013,2026-03-14 21:00:00,93,1,6,2026-03-15 03:00:00,99,0.0,0.0,0.0,0.0014267002765541773,0.0,2.035473679119766e-06
18013,2026-03-14 22:00:00,94,1,6,2026-03-15 04:00:00,100,0.0,0.0,0.0,0.0015064586053918803,0.0,2.2694175297592488e-06
18013,2026-03-14 23:00:00,95,1,6,2026-03-15 05:00:00,101,0.0,0.0,0.0,0.0017244219929203972,0.0,2.9736312096675545e-06
18013,2026-03-15 00:00:00,96,1,6,2026-03-15 06:00:00,102,0.0,0.0,0.0010982314936478902,0.0017040515681680493,0.0,2.903791746975988e-06
18013,2026-03-15 01:00:00,97,1,6,2026-03-15 07:00:00,103,0.0,0.0010382966421166899,0.0011137832522395534,0.0018924186368198552,1.0780599170307935e-06,3.581248296983119e-06
18013,2026-03-15 02:00:00,98,1,6,2026-03-15 08:00:00,104,0.0003,0.0011602432156199477,0.0015509734807977048,0.0019810476229659237,7.40018390020148e-07,2.8259211106793827e-06
18013,2026-03-15 03:00:00,99,1,6,2026-03-15 09:00:00,105,0.0015,0.0014418711762119387,0.0021465924189444973,0.0021893522469110865,3.37896015498349e-09,4.752065203213635e-07
18013,2026-03-15 04:00:00,100,1,6,2026-03-15 10:00:00,106,0.0083,0.0033534210951442728,0.004196307929411739,0.003603718351878772,2.446864286196368e-05,2.2055061318480243e-05
18013,2026-03-15 05:00:00,101,1,6,2026-03-15 11:00:00,107,0.0539,0.009331750214054,0.009552647908175624,0.007181528949395415,0.0019863288889824765,0.002182615537306179
18013,2026-03-15 06:00:00,102,1,6,2026-03-15 12:00:00,108,0.1214,0.011762171979121527,0.011184971535423874,0.009148086925187652,0.012020453333135724,0.012600491988955227
18013,2026-03-15 07:00:00,103,1,6,2026-03-15 13:00:00,109,0.1379,0.013272016675004676,0.01134025946655965,0.0104785792420998,0.01553213422765531,0.01623621846796184
18013,2026-03-15 08:00:00,104,1,6,2026-03-15 14:00:00,110,0.1182,0.013281657256129512,0.013094542853467929,0.00981251126818115,0.011007858644120282,0.011747847713590158
18013,2026-03-15 09:00:00,105,1,6,2026-03-15 15:00:00,111,0.1161,0.012697031998546542,0.013355614961538927,0.008982074785139123,0.010692173791509609,0.011474249902336526
18013,2026-03-15 10:00:00,106,1,6,2026-03-15 16:00:00,112,0.1087,0.011359512007791546,0.01201941796520086,0.008896542423375687,0.009475170602561278,0.00996073014424905
18013,2026-03-15 11:00:00,107,1,6,2026-03-15 17:00:00,113,0.0835,0.009264881281953713,0.011700629024550218,0.007564815846078058,0.005510852851082427,0.005766152192490039
18013,2026-03-15 12:00:00,108,1,6,2026-03-15 18:00:00,114,0.0834,0.008437350510838184,0.011481360073402211,0.007276641688089255,0.005619398818434932,0.0057947656806835515
18013,2026-03-15 13:00:00,109,1,6,2026-03-15 19:00:00,115,0.1168,0.007356162766252944,0.009899192698620055,0.006370384369184217,0.011977953508446918,0.012194700008369714
18013,2026-03-15 14:00:00,110,1,6,2026-03-15 20:00:00,116,0.0684,0.006192526801348347,0.006453572589019686,0.005586435844983848,0.0038697697217609643,0.0039455438418563304
18013,2026-03-15 15:00:00,111,1,6,2026-03-15 21:00:00,117,0.0515,0.0057967901819037685,0.0046913198763558804,0.005464554211286428,0.0020887833876769278,0.0021192622689655857
18013,2026-03-15 16:00:00,112,1,6,2026-03-15 22:00:00,118,0.0457,0.005412945474468694,0.004056401294552232,0.005794645540785788,0.0016230467623431321,0.0015924373145155277
18013,2026-03-15 17:00:00,113,1,6,2026-03-15 23:00:00,119,0.0523,0.006118013483304837,0.004393358487134572,0.005755052919427673,0.0021327758786282135,0.0021664320987332788
18013,2026-03-15 18:00:00,114,1,6,2026-03-16 00:00:00,120,0.0532,0.009027910823500948,0.006411436027207168,0.007501588390308035,0.0019511734622165845,0.0020883448236488295
18013,2026-03-15 19:00:00,115,1,6,2026-03-16 01:00:00,121,0.0459,0.010150306597024915,0.005258562751593175,0.00770600582802285,0.0012780405784067206,0.0014587811908090245
18013,2026-03-15 20:00:00,116,1,6,2026-03-16 02:00:00,122,0.0498,0.00883790728346061,0.004777114456181845,0.007507358716889133,0.0016778930397183692,0.0017886675067018936
18013,2026-03-15 21:00:00,117,1,6,2026-03-16 03:00:00,123,0.0733,0.008776420687797458,0.0050678161504675925,0.007343384051268576,0.004163292287258091,0.004350275187408452
18013,2026-03-15 22:00:00,118,1,6,2026-03-16 04:00:00,124,0.0774,0.008143878136339601,0.0054779340177712665,0.006476293078183137,0.00479641041559418,0.005030172203531773
18013,2026-03-15 23:00:00,119,1,6,2026-03-16 05:00:00,125,0.0715,0.008674051460507677,0.006944659083885677,0.006811754511023068,0.003947099809886937,0.004184569104442142
18013,2026-03-16 00:00:00,120,1,6,2026-03-16 06:00:00,126,0.0474,0.007083560880908281,0.006991082192382381,0.005338455442354138,0.001625415263243429,0.001769173530574828
18013,2026-03-16 01:00:00,121,1,6,2026-03-16 07:00:00,127,0.0451,0.00820496400447546,0.00828631984667865,0.0063553463545365655,0.0013612436811110517,0.0015011481861069232
18013,2026-03-16 02:00:00,122,1,6,2026-03-16 08:00:00,128,0.042,0.009577086520378343,0.008332140880137923,0.007599337709336141,0.0010512453185070319,0.0011834055660363025
18013,2026-03-16 03:00:00,123,1,6,2026-03-16 09:00:00,129,0.0394,0.011232964082903113,0.008717051516806034,0.008442576447014453,0.000793381912355026,0.0009583620730389441
18013,2026-03-16 04:00:00,124,1,6,2026-03-16 10:00:00,130,0.0302,0.010504010841483726,0.008930217678222881,0.008250497875559728,0.00038793198893239056,0.0004817806435108081
18013,2026-03-16 05:00:00,125,1,6,2026-03-16 11:00:00,131,0.0227,0.010069627464130614,0.007296503107300862,0.007995059849109015,0.0001595263103948437,0.00021623526484128584
18013,2026-03-16 06:00:00,126,1,6,2026-03-16 12:00:00,132,0.0248,0.011435205630653441,0.007377336550581595,0.009448043007066195,0.00017861772853491745,0.00023568258351288916
18013,2026-03-16 07:00:00,127,1,6,2026-03-16 13:00:00,133,0.0194,0.011369516883761576,0.007220787059467084,0.009013585163392445,6.44886590801904e-05,0.00010787761315810156
18013,2026-03-16 08:00:00,128,1,6,2026-03-16 14:00:00,134,0.0126,0.01015492295846483,0.006880044531627569,0.008746842218366283,5.978401739042379e-06,1.4846824890164469e-05
18013,2026-03-16 09:00:00,129,1,6,2026-03-16 15:00:00,135,0.0081,0.010262836213659192,0.006483022550466665,0.009052435171813525,4.677860487115632e-06,9.071327565074588e-07
18013,2026-03-16 10:00:00,130,1,6,2026-03-16 16:00:00,136,0.0055,0.010712629404555434,0.006503736297792864,0.008949520545211058,2.717150530923594e-05,1.1899191991833194e-05
18013,2026-03-16 11:00:00,131,1,6,2026-03-16 17:00:00,137,0.0069,0.010830062772213446,0.006519948311210502,0.009074081367572972,1.5445393393538033e-05,4.726629792827962e-06
18013,2026-03-16 12:00:00,132,1,6,2026-03-16 18:00:00,138,0.0027,0.010757934439370318,0.0064649907454935335,0.009533527912100267,6.493030742919022e-05,4.669710372545343e-05
18013,2026-03-16 13:00:00,133,1,6,2026-03-16 19:00:00,139,0.001,0.011434121241051769,0.005916104053611756,0.010297247756387325,0.00010887088607296773,8.643881584364916e-05
18013,2026-03-16 14:00:00,134,1,6,2026-03-16 20:00:00,140,0.0015,0.013215008113335848,0.005784801942917785,0.01067856253190797,0.00013724141509552476,8.424601015214485e-05
18013,2026-03-16 15:00:00,135,1,6,2026-03-16 21:00:00,141,0.0037,0.012233558029504564,0.004975061979275475,0.01030803202450124,7.282161264292181e-05,4.3666087236833946e-05
18013,2026-03-16 16:00:00,136,1,6,2026-03-16 22:00:00,142,0.0036,0.014442460052963537,0.0052656249105853,0.011220404152111438,0.00011755894000011009,5.8070559441517246e-05
18013,2026-03-16 17:00:00,137,1,6,2026-03-16 23:00:00,143,0.0004,0.016290577387928933,0.00480115760351669,0.012881096478152198,0.00025251044972175827,0.00015577776929694322
18013,2026-03-16 18:00:00,138,1,6,2026-03-17 00:00:00,144,0.001,0.014569563222115082,0.005454324570244866,0.011298945831026079,0.00018413304603897827,0.00010606828523040943
18013,2026-03-16 19:00:00,139,1,6,2026-03-17 01:00:00,145,0.0035,0.012601814901482681,0.005759000391152328,0.00928915583995603,8.28430345008522e-05,3.351432533929702e-05
18013,2026-03-16 20:00:00,140,1,6,2026-03-17 02:00:00,146,0.0012,0.012274167817986823,0.005554311070122787,0.009705815685681497,0.00012263719286093505,7.23489004787854e-05
18013,2026-03-16 21:00:00,141,1,6,2026-03-17 03:00:00,147,0.0028,0.011447371792469805,0.006082010178076588,0.0091494292311907,7.477703891720243e-05,4.031525156189893e-05
18013,2026-03-16 22:00:00,142,1,6,2026-03-17 04:00:00,148,0.0123,0.01384677663654325,0.013620978150849644,0.011633632347368023,2.3925179633560495e-06,4.4404584847425156e-07
18013,2026-03-16 23:00:00,143,1,6,2026-03-17 05:00:00,149,0.0133,0.013050093553638594,0.010570233544463636,0.010997094906557084,6.245323193298608e-08,5.303371869405325e-06
18013,2026-03-17 00:00:00,144,1,6,2026-03-17 06:00:00,150,0.011,0.012976567145920982,0.01066501133800334,0.010706523617056854,3.906817682334217e-06,8.612838734539152e-08
18013,2026-03-17 01:00:00,145,1,6,2026-03-17 07:00:00,151,0.002,0.012947888293332438,0.011066468103600449,0.011020209226147533,0.00011985625808328543,8.136417448347707e-05
18013,2026-03-17 02:00:00,146,1,6,2026-03-17 08:00:00,152,0.002,0.012171361336819285,0.009863437257740502,0.010593149015864708,0.00010345659144414219,7.384221000885661e-05
18013,2026-03-17 03:00:00,147,1,6,2026-03-17 09:00:00,153,0.0028,0.011448080064070524,0.009035505208447769,0.009870887959407073,7.478928879457403e-05,4.999745653448792e-05
18013,2026-03-17 04:00:00,148,1,6,2026-03-17 10:00:00,154,0.0019,0.011028451842404,0.00901827191755421,0.009569679069305908,8.332863303908898e-05,5.8823977026149135e-05
18013,2026-03-17 05:00:00,149,1,6,2026-03-17 11:00:00,155,0.001,0.012550734512527615,0.009989520942192192,0.010986342875768412,0.00013341946777889653,9.97270440324105e-05
18013,2026-03-17 06:00:00,150,1,6,2026-03-17 12:00:00,156,0.0001,0.012208733346537583,0.009195240186359387,0.01075177611251052,0.00014662142325755126,0.00011346033435104972
18013,2026-03-17 07:00:00,151,1,6,2026-03-17 13:00:00,157,0.0008,0.011702280210664374,0.009073713296461972,0.010445189812223388,0.00011885971379184401,9.302968651381783e-05
18013,2026-03-17 08:00:00,152,1,6,2026-03-17 14:00:00,158,0.0015,0.009906705307149297,0.006891905938260146,0.009029508057493805,7.067269412125217e-05,5.669349158786414e-05
18013,2026-03-17 09:00:00,153,1,6,2026-03-17 15:00:00,159,0.0004,0.006155383848734666,0.005645251507170425,0.005940682739885146,3.3124443246275854e-05,3.069916522406117e-05
18013,2026-03-17 10:00:00,154,1,6,2026-03-17 16:00:00,160,0.0003,0.005335501230089303,0.005505934271774501,0.005360240808341053,2.5356272638230882e-05,2.560603703840011e-05
18013,2026-03-17 11:00:00,155,1,6,2026-03-17 17:00:00,161,0.0004,0.00397372866293842,0.0032808327771605807,0.004336941486764686,1.2771536556307623e-05,1.5499508270208936e-05
18013,2026-03-17 12:00:00,156,1,6,2026-03-17 18:00:00,162,0.0004,0.0025612832961461316,0.0017303257922161486,0.003104271631131915,4.671145486200286e-06,7.3130850549448675e-06
18013,2026-03-17 13:00:00,157,1,6,2026-03-17 19:00:00,163,0.0003,0.0,0.0,0.0017967186446048223,8.999999999999999e-08,2.240166701107697e-06
18013,2026-03-17 14:00:00,158,1,6,2026-03-17 20:00:00,164,0.0002,0.0,0.0,0.0013262950181693186,4e-08,1.2685404679530255e-06
18013,2026-03-17 15:00:00,159,1,6,2026-03-17 21:00:00,165,0.0003,0.0,0.0,0.0014312730727157933,8.999999999999999e-08,1.2797787650518327e-06
18013,2026-03-17 16:00:00,160,1,6,2026-03-17 22:00:00,166,0.0003,0.0,0.0,0.0013377237749251161,8.999999999999999e-08,1.0768706330448331e-06
18013,2026-03-17 17:00:00,161,1,6,2026-03-17 23:00:00,167,0.0002,0.0,0.0,0.0017019130860687617,4e-08,2.2557429181045915e-06
18013,2026-03-17 18:00:00,162,1,6,2026-03-18 00:00:00,168,0.0002,0.0,0.0,0.0019467793894151634,4e-08,3.0512382352856106e-06
18013,2026-03-17 19:00:00,163,1,6,2026-03-18 01:00:00,169,0.0001,0.0,0.0,0.0010334866915728904,1e-08,8.713974033437006e-07
18013,2026-03-17 20:00:00,164,1,6,2026-03-18 02:00:00,170,0.0,0.0,0.0,0.0,0.0,0.0
18013,2026-03-17 21:00:00,165,1,6,2026-03-18 03:00:00,171,0.0,0.0,0.0,0.0,0.0,0.0
18013,2026-03-17 22:00:00,166,1,6,2026-03-18 04:00:00,172,0.0,0.0,0.0,0.0010231439240013785,0.0,1.0468234892209384e-06
18013,2026-03-17 23:00:00,167,1,6,2026-03-18 05:00:00,173,0.0,0.0,0.0011064620608238795,0.0012324520196104808,0.0,1.5189379806419528e-06
18013,2026-03-18 00:00:00,168,1,6,2026-03-18 06:00:00,174,0.0,0.0,0.0,0.0010402150951006955,0.0,1.082047444075349e-06
18013,2026-03-18 01:00:00,169,1,6,2026-03-18 07:00:00,175,0.0,0.0,0.0,0.0010666177751167305,0.0,1.1376734781949644e-06
18013,2026-03-18 02:00:00,170,1,6,2026-03-18 08:00:00,176,0.0,0.0,0.0,0.0011123832633928915,0.0,1.237396524676619e-06
18013,2026-03-18 03:00:00,171,1,6,2026-03-18 09:00:00,177,0.0001,0.0,0.0,0.0010372193921893004,1e-08,8.783801890956815e-07
18013,2026-03-18 04:00:00,172,1,6,2026-03-18 10:00:00,178,0.0001,0.0,0.0,0.0011027825278292975,1e-08,1.0055727981197158e-06
18013,2026-03-18 05:00:00,173,1,6,2026-03-18 11:00:00,179,0.0001,0.0,0.0,0.0010776448063811765,1e-08,9.557893674440878e-07
18013,2026-03-18 06:00:00,174,1,6,2026-03-18 12:00:00,180,0.0001,0.0,0.0,0.0011016143595340303,1e-08,1.0032313252247655e-06
18013,2026-03-18 07:00:00,175,1,6,2026-03-18 13:00:00,181,0.0001,0.0,0.0,0.0010482067364237218,1e-08,8.990960149993253e-07
18013,2026-03-18 08:00:00,176,1,6,2026-03-18 14:00:00,182,0.0001,0.0,0.0,0.0010051567201829791,1e-08,8.193086880924079e-07
18013,2026-03-18 09:00:00,177,1,6,2026-03-18 15:00:00,183,0.0001,0.0,0.0,0.001051779084072759,1e-08,9.0588342487838e-07
18013,2026-03-18 10:00:00,178,1,6,2026-03-18 16:00:00,184,0.0001,0.0,0.0,0.001035955752615302,1e-08,8.760131708536763e-07
18013,2026-03-18 11:00:00,179,1,6,2026-03-18 17:00:00,185,0.0,0.0,0.0,0.0010989739413753742,0.0,1.2077437238221245e-06
18013,2026-03-18 12:00:00,180,1,6,2026-03-18 18:00:00,186,0.0,0.0,0.0,0.0,0.0,0.0
18013,2026-03-18 13:00:00,181,1,6,2026-03-18 19:00:00,187,0.0,0.0,0.0,0.0,0.0,0.0
18013,2026-03-18 14:00:00,182,1,6,2026-03-18 20:00:00,188,0.0,0.0,0.0,0.0,0.0,0.0
18013,2026-03-18 15:00:00,183,1,6,2026-03-18 21:00:00,189,0.0,0.0,0.0,0.0,0.0,0.0
18013,2026-03-18 16:00:00,184,1,6,2026-03-18 22:00:00,190,0.0,0.0,0.0,0.0,0.0,0.0
18013,2026-03-18 17:00:00,185,1,6,2026-03-18 23:00:00,191,0.0,0.0,0.0,0.0010667853338917335,0.0,1.1380309486064974e-06
18013,2026-03-18 18:00:00,186,1,6,2026-03-19 00:00:00,192,0.0,0.0,0.0,0.0,0.0,0.0
18013,2026-03-18 19:00:00,187,1,6,2026-03-19 01:00:00,193,0.0,0.0,0.0012833215236646002,0.001030452042629048,0.0,1.0618314121583771e-06
18013,2026-03-18 20:00:00,188,1,6,2026-03-19 02:00:00,194,0.0,0.0,0.0,0.0,0.0,0.0
18013,2026-03-18 21:00:00,189,1,6,2026-03-19 03:00:00,195,0.0,0.0,0.0,0.0,0.0,0.0
18013,2026-03-18 22:00:00,190,1,6,2026-03-19 04:00:00,196,0.0,0.0,0.0,0.0,0.0,0.0
18013,2026-03-18 23:00:00,191,1,6,2026-03-19 05:00:00,197,0.0,0.0,0.0,0.0,0.0,0.0
18013,2026-03-19 00:00:00,192,1,6,2026-03-19 06:00:00,198,0.0,0.0,0.0,0.0,0.0,0.0
18013,2026-03-19 01:00:00,193,1,6,2026-03-19 07:00:00,199,0.0,0.0,0.0,0.0010206983228449214,0.0,1.0418250662584353e-06
18013,2026-03-19 02:00:00,194,1,6,2026-03-19 08:00:00,200,0.0,0.0,0.0,0.001008543871807513,0.0,1.0171607413604894e-06
18013,2026-03-19 03:00:00,195,1,6,2026-03-19 09:00:00,201,0.0,0.0,0.0,0.0010429540446202778,0.0,1.0877531391897963e-06
18013,2026-03-19 04:00:00,196,1,6,2026-03-19 10:00:00,202,0.0001,0.0,0.0,0.0010500384750283262,1e-08,9.025731040341476e-07
18013,2026-03-19 05:00:00,197,1,6,2026-03-19 11:00:00,203,0.0001,0.0,0.0,0.001084949540773049,1e-08,9.7012559786904e-07
18013,2026-03-19 06:00:00,198,1,6,2026-03-19 12:00:00,204,0.0,0.0,0.0,0.0011667106068066738,0.0,1.3612136400351969e-06
18013,2026-03-19 07:00:00,199,1,6,2026-03-19 13:00:00,205,0.0,0.0,0.0,0.0010366707509947637,0.0,1.0746862459680475e-06
18013,2026-03-19 08:00:00,200,1,6,2026-03-19 14:00:00,206,0.0,0.0,0.0,0.001446588866544721,0.0,2.0926193488111403e-06
18013,2026-03-19 09:00:00,201,1,6,2026-03-19 15:00:00,207,0.0,0.0,0.0,0.0,0.0,0.0
18013,2026-03-19 10:00:00,202,1,6,2026-03-19 16:00:00,208,0.0,0.0,0.0,0.0010167618513457868,0.0,1.0338046623521117e-06
18013,2026-03-19 11:00:00,203,1,6,2026-03-19 17:00:00,209,0.0,0.0,0.0,0.0010397389372348111,0.0,1.0810570576021747e-06
18013,2026-03-19 12:00:00,204,1,6,2026-03-19 18:00:00,210,0.0,0.0,0.0,0.0,0.0,0.0
18013,2026-03-19 13:00:00,205,1,6,2026-03-19 19:00:00,211,0.0,0.0,0.0,0.0010057650565171467,0.0,1.0115633489109393e-06
18013,2026-03-19 14:00:00,206,1,6,2026-03-19 20:00:00,212,0.0,0.0,0.0,0.0010078584719886853,0.0,1.0157786995593674e-06
18013,2026-03-19 15:00:00,207,1,6,2026-03-19 21:00:00,213,0.0,0.0,0.0,0.0,0.0,0.0
18013,2026-03-19 16:00:00,208,1,6,2026-03-19 22:00:00,214,0.0,0.0,0.0,0.0,0.0,0.0
18013,2026-03-19 17:00:00,209,1,6,2026-03-19 23:00:00,215,0.0,0.0,0.0,0.0010216090214405214,0.0,1.0436849926886596e-06
39115,2026-03-14 00:00:00,72,2,6,2026-03-14 06:00:00,78,0.0382,0.03712089028665992,0.03109656820435584,0.037555826560669525,1.1644777734249016e-06,4.1495941993885017e-07
39115,2026-03-14 01:00:00,73,2,6,2026-03-14 07:00:00,79,0.0381,0.03655696455583084,0.03212350663003979,0.03669757389477203,2.3809583819623318e-06,1.9667989806248944e-06
39115,2026-03-14 02:00:00,74,2,6,2026-03-14 08:00:00,80,0.0363,0.0357763457872359,0.031892603596617185,0.035551403846732894,2.742137345455855e-07,5.603962006863063e-07
39115,2026-03-14 03:00:00,75,2,6,2026-03-14 09:00:00,81,0.0241,0.03328005281224284,0.028514934377041314,0.0327118168589079,8.427336963556768e-05,7.416338961137035e-05
39115,2026-03-14 04:00:00,76,2,6,2026-03-14 10:00:00,82,0.0222,0.02966692978411207,0.027138902647254097,0.02912544405904937,5.575504040085989e-05,4.79617754150222e-05
39115,2026-03-14 05:00:00,77,2,6,2026-03-14 11:00:00,83,0.0219,0.026153073263639318,0.024205040595734233,0.02595030280561746,1.8088632185883602e-05,1.640495281719267e-05
39115,2026-03-14 06:00:00,78,2,6,2026-03-14 12:00:00,84,0.0202,0.024333326983086424,0.023211768746844896,0.023973651972251167,1.708439194911032e-05,1.4240449207675129e-05
39115,2026-03-14 07:00:00,79,2,6,2026-03-14 13:00:00,85,0.0178,0.01921613599392788,0.01859552773364758,0.018748791157554456,2.0054411532981043e-06,9.002046606535255e-07
39115,2026-03-14 08:00:00,80,2,6,2026-03-14 14:00:00,86,0.0166,0.017213096365154217,0.015688087917492516,0.016754472900279736,3.758871529653122e-07,2.3861876920833084e-08
39115,2026-03-14 09:00:00,81,2,6,2026-03-14 15:00:00,87,0.0165,0.01458118482937389,0.013033981665032035,0.014294179306374263,3.6818516590249124e-06,4.865644932427529e-06
39115,2026-03-14 10:00:00,82,2,6,2026-03-14 16:00:00,88,0.0163,0.012292527644644159,0.011775419668773993,0.01197832277856949,1.6059834678941283e-05,1.8676894006231324e-05
39115,2026-03-14 11:00:00,83,2,6,2026-03-14 17:00:00,89,0.0162,0.010660955655801798,0.009653011609135813,0.010304823117874057,3.068101224699408e-05,3.4753110471552144e-05
39115,2026-03-14 12:00:00,84,2,6,2026-03-14 18:00:00,90,0.0161,0.009327215746998335,0.008595873600920722,0.0089493640488468,4.587060653770733e-05,5.1131594505924635e-05
39115,2026-03-14 13:00:00,85,2,6,2026-03-14 19:00:00,91,0.0158,0.00801823558861278,0.007383737677951665,0.007945355466050984,6.05558573543327e-05,6.169544075469519e-05
39115,2026-03-14 14:00:00,86,2,6,2026-03-14 20:00:00,92,0.0112,0.00692878262413115,0.00536932444217182,0.00683271109514247,1.8243297871923983e-05,1.907321237849168e-05
39115,2026-03-14 15:00:00,87,2,6,2026-03-14 21:00:00,93,0.0107,0.007257268004730682,0.004861794176939652,0.007073935316109463,1.1852403591251056e-05,1.3148345091758175e-05
39115,2026-03-14 16:00:00,88,2,6,2026-03-14 22:00:00,94,0.0105,0.007080532734267646,0.004598545895908464,0.007119454781254609,1.1692756381415103e-05,1.142808597598233e-05
39115,2026-03-14 17:00:00,89,2,6,2026-03-14 23:00:00,95,0.0101,0.006283819340974637,0.0044318431719827895,0.006354637579916012,1.4563234822319251e-05,1.4027739657777387e-05
39115,2026-03-14 18:00:00,90,2,6,2026-03-15 00:00:00,96,0.0098,0.00659876338041719,0.004657676741257286,0.0066265979141361415,1.0247915894557977e-05,1.0070480798565087e-05
39115,2026-03-14 19:00:00,91,2,6,2026-03-15 01:00:00,97,0.0093,0.006457070933768461,0.004846352639902876,0.006429202993831606,8.082245675624128e-06,8.241475450625411e-06
39115,2026-03-14 20:00:00,92,2,6,2026-03-15 02:00:00,98,0.0093,0.0061766737396072744,0.005179504698055079,0.006316535287334211,9.755166928858803e-06,8.901061691721955e-06
39115,2026-03-14 21:00:00,93,2,6,2026-03-15 03:00:00,99,0.0093,0.006162691205075637,0.0048641079609029695,0.0061784031258444805,9.842706474709755e-06,9.744367044737506e-06
39115,2026-03-14 22:00:00,94,2,6,2026-03-15 04:00:00,100,0.0093,0.006220183185561401,0.005099287638857237,0.006282574978457966,9.485271610498715e-06,9.104853760627943e-06
39115,2026-03-14 23:00:00,95,2,6,2026-03-15 05:00:00,101,0.0094,0.006012629930938352,0.004773274472579831,0.006158502284105487,1.1474275984774717e-05,1.0507307442149346e-05
39115,2026-03-15 00:00:00,96,2,6,2026-03-15 06:00:00,102,0.0094,0.006715678456505946,0.005022790194760989,0.006715172855293423,7.205582148866302e-06,7.208296796953273e-06
39115,2026-03-15 01:00:00,97,2,6,2026-03-15 07:00:00,103,0.0094,0.007041073979794274,0.005219431938482747,0.007176199995155572,5.564531968803629e-06,4.94528646154608e-06
39115,2026-03-15 02:00:00,98,2,6,2026-03-15 08:00:00,104,0.0092,0.006748466068294428,0.005323956315953383,0.006846248732826488,6.010018618303779e-06,5.540145027720913e-06
39115,2026-03-15 03:00:00,99,2,6,2026-03-15 09:00:00,105,0.0093,0.006296984899504665,0.00546250458914631,0.006393174029015762,9.018099693803005e-06,8.449637225588454e-06
39115,2026-03-15 04:00:00,100,2,6,2026-03-15 10:00:00,106,0.0093,0.006095257421818697,0.005986795196980189,0.006109673082689639,1.0270374992408141e-05,1.0178185839315024e-05
39115,2026-03-15 05:00:00,101,2,6,2026-03-15 11:00:00,107,0.0092,0.0077713294176755526,0.006220317541538624,0.007608550211872028,2.0410996327992753e-06,2.5327124281325663e-06
39115,2026-03-15 06:00:00,102,2,6,2026-03-15 12:00:00,108,0.0092,0.007122025313668387,0.007007009263142467,0.007140289185086836,4.317978797034965e-06,4.24240864107025e-06
39115,2026-03-15 07:00:00,103,2,6,2026-03-15 13:00:00,109,0.0092,0.007560429160213804,0.007297835483317733,0.007674815072175201,2.6881925386772128e-06,2.3261890640639357e-06
39115,2026-03-15 08:00:00,104,2,6,2026-03-15 14:00:00,110,0.0092,0.007851897730965507,0.007058687070719968,0.0077727553394429365,1.8173797277759482e-06,2.0370273210886467e-06
39115,2026-03-15 09:00:00,105,2,6,2026-03-15 15:00:00,111,0.0096,0.009696418363905284,0.008975345692103604,0.009548876414370619,9.296500898172017e-09,2.61362100760457e-09
39115,2026-03-15 10:00:00,106,2,6,2026-03-15 16:00:00,112,0.011,0.010697583170226324,0.00955012801707021,0.010543039883113225,9.145593893035987e-08,2.0881254842517404e-07
39115,2026-03-15 11:00:00,107,2,6,2026-03-15 17:00:00,113,0.0111,0.01058233385970436,0.009033387779266546,0.010603508427269764,2.679782328085849e-07,2.4650388179214366e-07
39115,2026-03-15 12:00:00,108,2,6,2026-03-15 18:00:00,114,0.0103,0.010630873063971697,0.009375119131842961,0.011009824035375518,1.0947698446201844e-07,5.038501611967846e-07
39115,2026-03-15 13:00:00,109,2,6,2026-03-15 19:00:00,115,0.0103,0.008857587478954449,0.009004862925763664,0.009210343060249069,2.080553880868982e-06,1.1873522463473644e-06
39115,2026-03-15 14:00:00,110,2,6,2026-03-15 20:00:00,116,0.0103,0.010348999814331256,0.012354909342718927,0.01049657755133673,2.400981804497577e-09,3.864273368954456e-08
39115,2026-03-15 15:00:00,111,2,6,2026-03-15 21:00:00,117,0.0094,0.009972203890687318,0.011773412460365439,0.010479881719627724,3.274172925177037e-07,1.1661445283861288e-06
39115,2026-03-15 16:00:00,112,2,6,2026-03-15 22:00:00,118,0.0093,0.007523695958353162,0.010119272612159367,0.00798940267695074,3.155256048370889e-06,1.7176653431838848e-06
39115,2026-03-15 17:00:00,113,2,6,2026-03-15 23:00:00,119,0.0092,0.00673507252524691,0.009471785749365634,0.007105850507848324,6.075867455792644e-06,4.385462095479123e-06
39115,2026-03-15 18:00:00,114,2,6,2026-03-16 00:00:00,120,0.0091,0.007231166020179437,0.008877073866976469,0.007504131535596951,3.4925404441319662e-06,2.5467961556761466e-06
39115,2026-03-15 19:00:00,115,2,6,2026-03-16 01:00:00,121,0.009,0.0067273137173549285,0.008600955949585702,0.0068338901760384325,5.165102939323071e-06,4.69203176946281e-06
39115,2026-03-15 20:00:00,116,2,6,2026-03-16 02:00:00,122,0.0089,0.006743429430439534,0.007042208139597857,0.007165834329930113,4.650796621494351e-06,3.00733057124894e-06
39115,2026-03-15 21:00:00,117,2,6,2026-03-16 03:00:00,123,0.0089,0.0063305947474902625,0.003254220091882246,0.00624055770627345,6.601843351624627e-06,7.072633313661532e-06
39115,2026-03-15 22:00:00,118,2,6,2026-03-16 04:00:00,124,0.0089,0.005917655204097926,0.0033258077485390737,0.006430398777051165,8.894380481644184e-06,6.098930200390381e-06
39115,2026-03-15 23:00:00,119,2,6,2026-03-16 05:00:00,125,0.0089,0.007012453870373335,0.0038264566397661287,0.007317288693975014,3.562830391468602e-06,2.5049750782193178e-06
39115,2026-03-16 00:00:00,120,2,6,2026-03-16 06:00:00,126,0.0089,0.008597617529711995,0.005594041669433767,0.009134178734803098,9.143515833747627e-08,5.4839679833979885e-08
39115,2026-03-16 01:00:00,121,2,6,2026-03-16 07:00:00,127,0.0089,0.0070608052971412785,0.0045463778303341746,0.007599616687309425,3.3826371550235808e-06,1.6909967599241144e-06
39115,2026-03-16 02:00:00,122,2,6,2026-03-16 08:00:00,128,0.0089,0.008157802497148132,0.005097689760818189,0.008696744697007592,5.508571332395482e-07,4.1312718194535725e-08
39115,2026-03-16 03:00:00,123,2,6,2026-03-16 09:00:00,129,0.0085,0.00614836897119774,0.004797062987433642,0.00613534439537676,5.530168495625579e-06,5.591596128476103e-06
39115,2026-03-16 04:00:00,124,2,6,2026-03-16 10:00:00,130,0.0037,0.004447085716584963,0.0033964704117160106,0.004282328960224623,5.581370679252677e-07,3.3910701791629044e-07
39115,2026-03-16 05:00:00,125,2,6,2026-03-16 11:00:00,131,0.0032,0.004501904874941528,0.004378426354110171,0.0043348131715852944,1.6949563033965159e-06,1.2878009344034746e-06
39115,2026-03-16 06:00:00,126,2,6,2026-03-16 12:00:00,132,0.0033,0.003377310344016074,0.0021411975295070884,0.0032685148007164573,5.976889291883711e-09,9.913177739243994e-10
39115,2026-03-16 07:00:00,127,2,6,2026-03-16 13:00:00,133,0.0036,0.0034721711002946853,0.0031375667779503496,0.0034817727779912168,1.634022759987137e-08,1.3977676023914098e-08
39115,2026-03-16 08:00:00,128,2,6,2026-03-16 14:00:00,134,0.0032,0.0031003215651025343,0.0027883993138619117,0.002643773578359198,9.935790383608342e-09,3.093878321313313e-07
39115,2026-03-16 09:00:00,129,2,6,2026-03-16 15:00:00,135,0.0026,0.0025308555860333965,0.001664877083824026,0.0023174593517522,4.7809499827850104e-09,7.982921791228705e-08
39115,2026-03-16 10:00:00,130,2,6,2026-03-16 16:00:00,136,0.0026,0.002765092848655671,0.0021476359213394927,0.0026339179230752395,2.7255648677244382e-08,1.150425505737869e-09
39115,2026-03-16 11:00:00,131,2,6,2026-03-16 17:00:00,137,0.0037,0.003376303560450416,0.0022636664624710707,0.0031611161320147796,1.0477938497707767e-07,2.903958231747126e-07
39115,2026-03-16 12:00:00,132,2,6,2026-03-16 18:00:00,138,0.0076,0.004168772432933737,0.003026020753474102,0.0041988200510075626,1.1773322616995466e-05,1.15680250454282e-05
39115,2026-03-16 13:00:00,133,2,6,2026-03-16 19:00:00,139,0.0079,0.004805576756439186,0.004185308089058342,0.004627003180579987,9.575455210289433e-06,1.0712508179933527e-05
39115,2026-03-16 14:00:00,134,2,6,2026-03-16 20:00:00,140,0.0073,0.0059964320667312675,0.004980032282714421,0.005979612778101812,1.6992893566465147e-06,1.7434224157520155e-06
39115,2026-03-16 15:00:00,135,2,6,2026-03-16 21:00:00,141,0.0076,0.006298229685766291,0.006817210111186098,0.006636564486247879,1.69460595102013e-06,9.282079891588134e-07
39115,2026-03-16 16:00:00,136,2,6,2026-03-16 22:00:00,142,0.008,0.0068458795238099165,0.007603782069372678,0.006922978125405512,1.3319940735612255e-06,1.159976118355025e-06
39115,2026-03-16 17:00:00,137,2,6,2026-03-16 23:00:00,143,0.0084,0.007297147288577949,0.007704120092986318,0.00776074228930354,1.216284103090968e-06,4.086504206848788e-07
39115,2026-03-16 18:00:00,138,2,6,2026-03-17 00:00:00,144,0.0084,0.007515261292208786,0.007698951242073615,0.007847462704158615,7.827625810640657e-07,3.052974632957101e-07
39115,2026-03-16 19:00:00,139,2,6,2026-03-17 01:00:00,145,0.0084,0.007108648372541604,0.0064528830717852275,0.007548153533867336,1.6675890257394469e-06,7.256424018627071e-07
39115,2026-03-16 20:00:00,140,2,6,2026-03-17 02:00:00,146,0.0084,0.006937836779835272,0.007105659489419005,0.007000092411762733,2.1379212824024853e-06,1.959741255604281e-06
39115,2026-03-16 21:00:00,141,2,6,2026-03-17 03:00:00,147,0.0084,0.006446319367769476,0.006588080169736203,0.006678923183086988,3.816868012752658e-06,2.9621054097154235e-06
39115,2026-03-16 22:00:00,142,2,6,2026-03-17 04:00:00,148,0.0084,0.006215618726523172,0.007113695977641547,0.006557812349327174,4.771521547916245e-06,3.3936553402914653e-06
39115,2026-03-16 23:00:00,143,2,6,2026-03-17 05:00:00,149,0.0084,0.006680899461972984,0.007911230590317423,0.006929584985981504,2.9553066598447748e-06,2.1621203134510128e-06
39115,2026-03-17 00:00:00,144,2,6,2026-03-17 06:00:00,150,0.008,0.005757623995561528,0.008156477783143505,0.005879605155653668,5.028250145281447e-06,4.496074295930505e-06
39115,2026-03-17 01:00:00,145,2,6,2026-03-17 07:00:00,151,0.0035,0.005639939973823018,0.008330297029367157,0.005787209010044723,4.579343091565659e-06,5.23132505562976e-06
39115,2026-03-17 02:00:00,146,2,6,2026-03-17 08:00:00,152,0.0031,0.005263393395436709,0.00764374699972537,0.005596963046258728,4.680270983419175e-06,6.234824454381665e-06
39115,2026-03-17 03:00:00,147,2,6,2026-03-17 09:00:00,153,0.003,0.005136942098191488,0.005684948189537834,0.0052995383272933785,4.56652153102304e-06,5.287876518691229e-06
39115,2026-03-17 04:00:00,148,2,6,2026-03-17 10:00:00,154,0.0025,0.004324546715813607,0.005383236451263201,0.004518093843744569,3.3289707181862173e-06,4.072702762159728e-06
39115,2026-03-17 05:00:00,149,2,6,2026-03-17 11:00:00,155,0.0013,0.0042452593896121415,0.0050485236903053485,0.004297152258672515,8.674552872098485e-06,8.982921661665759e-06
39115,2026-03-17 06:00:00,150,2,6,2026-03-17 12:00:00,156,0.0008,0.004076326615217897,0.004332739724837573,0.004052449999999655,1.0734316089585164e-05,1.0578431002497754e-05
39115,2026-03-17 07:00:00,151,2,6,2026-03-17 13:00:00,157,0.0008,0.0035130156222406474,0.003219365958494033,0.0036476985489281655,7.360453766521808e-06,8.10938702556758e-06
39115,2026-03-17 08:00:00,152,2,6,2026-03-17 14:00:00,158,0.0008,0.0029502092345818345,0.0026306008911179952,0.0030698080233529526,4.623399752480999e-06,5.152028462877438e-06
39115,2026-03-17 09:00:00,153,2,6,2026-03-17 15:00:00,159,0.001,0.0022988995121955404,0.0017274471892628823,0.0022719433574728055,1.6871399427818128e-06,1.617839904619193e-06
39115,2026-03-17 10:00:00,154,2,6,2026-03-17 16:00:00,160,0.0008,0.0020136686083524107,0.0015497186563689018,0.0021370285019394007,1.4729914909000775e-06,1.787645214998318e-06
39115,2026-03-17 11:00:00,155,2,6,2026-03-17 17:00:00,161,0.0006,0.0016788288890064323,0.0010925262556912246,0.0017788440505717188,1.1638717717548529e-06,1.389673295568337e-06
39115,2026-03-17 12:00:00,156,2,6,2026-03-17 18:00:00,162,0.0006,0.0014020014263942623,0.0010387304304276819,0.0013758946165811086,6.432062879384314e-07,6.020124560395455e-07
39115,2026-03-17 13:00:00,157,2,6,2026-03-17 19:00:00,163,0.0002,0.0012669535636885727,0.0,0.0012587426954763074,1.138389907067745e-06,1.1209360952244367e-06
39115,2026-03-17 14:00:00,158,2,6,2026-03-17 20:00:00,164,0.0002,0.001223182193973109,0.0,0.001214822443128523,1.0469018020636247e-06,1.0298645910773441e-06
39115,2026-03-17 15:00:00,159,2,6,2026-03-17 21:00:00,165,0.0001,0.0011842548336932323,0.0,0.001149389652304514,1.1756085443871388e-06,1.1012186423637888e-06
39115,2026-03-17 16:00:00,160,2,6,2026-03-17 22:00:00,166,0.0001,0.001114059751591242,0.0,0.0010775855815594669,1.0283171797972915e-06,9.55673569272961e-07
39115,2026-03-17 17:00:00,161,2,6,2026-03-17 23:00:00,167,0.0,0.0,0.0,0.0,0.0,0.0
39115,2026-03-17 18:00:00,162,2,6,2026-03-18 00:00:00,168,0.0,0.0,0.0,0.0,0.0,0.0
39115,2026-03-17 19:00:00,163,2,6,2026-03-18 01:00:00,169,0.0,0.0,0.0,0.0,0.0,0.0
39115,2026-03-17 20:00:00,164,2,6,2026-03-18 02:00:00,170,0.0,0.0,0.0,0.0,0.0,0.0
39115,2026-03-17 21:00:00,165,2,6,2026-03-18 03:00:00,171,0.0,0.0,0.0,0.0,0.0,0.0
39115,2026-03-17 22:00:00,166,2,6,2026-03-18 04:00:00,172,0.0,0.0,0.0,0.0,0.0,0.0
39115,2026-03-17 23:00:00,167,2,6,2026-03-18 05:00:00,173,0.0,0.0,0.0,0.0,0.0,0.0
39115,2026-03-18 00:00:00,168,2,6,2026-03-18 06:00:00,174,0.0,0.0,0.0,0.0,0.0,0.0
39115,2026-03-18 01:00:00,169,2,6,2026-03-18 07:00:00,175,0.0,0.0,0.0,0.0,0.0,0.0
39115,2026-03-18 02:00:00,170,2,6,2026-03-18 08:00:00,176,0.0001,0.0,0.0,0.0,1e-08,1e-08
39115,2026-03-18 03:00:00,171,2,6,2026-03-18 09:00:00,177,0.0015,0.0,0.0,0.0,2.25e-06,2.25e-06
39115,2026-03-18 04:00:00,172,2,6,2026-03-18 10:00:00,178,0.0764,0.0,0.0,0.0,0.0058369599999999995,0.0058369599999999995
39115,2026-03-18 05:00:00,173,2,6,2026-03-18 11:00:00,179,0.3277,0.0,0.0,0.0,0.10738729,0.10738729
39115,2026-03-18 06:00:00,174,2,6,2026-03-18 12:00:00,180,0.152,0.0,0.0,0.0,0.023104,0.023104
39115,2026-03-18 07:00:00,175,2,6,2026-03-18 13:00:00,181,0.0522,0.0,0.0,0.0,0.0027248400000000005,0.0027248400000000005
39115,2026-03-18 08:00:00,176,2,6,2026-03-18 14:00:00,182,0.0314,0.0,0.0,0.0,0.00098596,0.00098596
39115,2026-03-18 09:00:00,177,2,6,2026-03-18 15:00:00,183,0.0339,0.0,0.0,0.0,0.00114921,0.00114921
39115,2026-03-18 10:00:00,178,2,6,2026-03-18 16:00:00,184,0.0362,0.0,0.0,0.0,0.0013104400000000002,0.0013104400000000002
39115,2026-03-18 11:00:00,179,2,6,2026-03-18 17:00:00,185,0.0107,0.0,0.0,0.0,0.00011448999999999998,0.00011448999999999998
39115,2026-03-18 12:00:00,180,2,6,2026-03-18 18:00:00,186,0.0038,0.0,0.0,0.0,1.444e-05,1.444e-05
39115,2026-03-18 13:00:00,181,2,6,2026-03-18 19:00:00,187,0.0,0.0,0.0,0.0,0.0,0.0
39115,2026-03-18 14:00:00,182,2,6,2026-03-18 20:00:00,188,0.0,0.0,0.0,0.0,0.0,0.0
39115,2026-03-18 15:00:00,183,2,6,2026-03-18 21:00:00,189,0.0,0.0,0.0,0.0,0.0,0.0
39115,2026-03-18 16:00:00,184,2,6,2026-03-18 22:00:00,190,0.0,0.0,0.0,0.0,0.0,0.0
39115,2026-03-18 17:00:00,185,2,6,2026-03-18 23:00:00,191,0.0,0.0,0.0,0.0,0.0,0.0
39115,2026-03-18 18:00:00,186,2,6,2026-03-19 00:00:00,192,0.0,0.0,0.0,0.0,0.0,0.0
39115,2026-03-18 19:00:00,187,2,6,2026-03-19 01:00:00,193,0.0,0.0,0.0,0.0,0.0,0.0
39115,2026-03-18 20:00:00,188,2,6,2026-03-19 02:00:00,194,0.0,0.0,0.0,0.0,0.0,0.0
39115,2026-03-18 21:00:00,189,2,6,2026-03-19 03:00:00,195,0.0,0.0,0.0,0.0,0.0,0.0
39115,2026-03-18 22:00:00,190,2,6,2026-03-19 04:00:00,196,0.0,0.0,0.0,0.0,0.0,0.0
39115,2026-03-18 23:00:00,191,2,6,2026-03-19 05:00:00,197,0.0,0.0,0.0,0.0,0.0,0.0
39115,2026-03-19 00:00:00,192,2,6,2026-03-19 06:00:00,198,0.0,0.0,0.0,0.0,0.0,0.0
39115,2026-03-19 01:00:00,193,2,6,2026-03-19 07:00:00,199,0.0,0.0,0.0,0.0,0.0,0.0
39115,2026-03-19 02:00:00,194,2,6,2026-03-19 08:00:00,200,0.0001,0.0,0.0,0.0,1e-08,1e-08
39115,2026-03-19 03:00:00,195,2,6,2026-03-19 09:00:00,201,0.0,0.0,0.0,0.0,0.0,0.0
39115,2026-03-19 04:00:00,196,2,6,2026-03-19 10:00:00,202,0.0001,0.0,0.0,0.0,1e-08,1e-08
39115,2026-03-19 05:00:00,197,2,6,2026-03-19 11:00:00,203,0.0002,0.0,0.0,0.0,4e-08,4e-08
39115,2026-03-19 06:00:00,198,2,6,2026-03-19 12:00:00,204,0.0001,0.0,0.0,0.0,1e-08,1e-08
39115,2026-03-19 07:00:00,199,2,6,2026-03-19 13:00:00,205,0.0,0.0,0.0,0.0,0.0,0.0
39115,2026-03-19 08:00:00,200,2,6,2026-03-19 14:00:00,206,0.0,0.0,0.0,0.0,0.0,0.0
39115,2026-03-19 09:00:00,201,2,6,2026-03-19 15:00:00,207,0.0,0.0,0.0,0.0,0.0,0.0
39115,2026-03-19 10:00:00,202,2,6,2026-03-19 16:00:00,208,0.0,0.0,0.0,0.0,0.0,0.0
39115,2026-03-19 11:00:00,203,2,6,2026-03-19 17:00:00,209,0.0,0.0,0.0,0.0,0.0,0.0
39115,2026-03-19 12:00:00,204,2,6,2026-03-19 18:00:00,210,0.0,0.0,0.0,0.0,0.0,0.0
39115,2026-03-19 13:00:00,205,2,6,2026-03-19 19:00:00,211,0.0,0.0,0.0,0.0,0.0,0.0
39115,2026-03-19 14:00:00,206,2,6,2026-03-19 20:00:00,212,0.0,0.0,0.0,0.0,0.0,0.0
39115,2026-03-19 15:00:00,207,2,6,2026-03-19 21:00:00,213,0.0,0.0,0.0,0.0,0.0,0.0
39115,2026-03-19 16:00:00,208,2,6,2026-03-19 22:00:00,214,0.0,0.0,0.0,0.0,0.0,0.0
39115,2026-03-19 17:00:00,209,2,6,2026-03-19 23:00:00,215,0.0,0.0,0.0,0.0,0.0,0.0
39117,2026-03-14 00:00:00,72,4,6,2026-03-14 06:00:00,78,0.4088,0.2266315800178689,0.2220565707810508,0.22731661388561467,0.0331853332387861,0.03293621943554307
39117,2026-03-14 01:00:00,73,4,6,2026-03-14 07:00:00,79,0.3191,0.22171936053860927,0.22122845800285137,0.2218678971592974,0.009482988941909368,0.009454081822824967
39117,2026-03-14 02:00:00,74,4,6,2026-03-14 08:00:00,80,0.3131,0.2146920065957537,0.21325798448116087,0.21535862539603481,0.009684133165850184,0.009553376309472648
39117,2026-03-14 03:00:00,75,4,6,2026-03-14 09:00:00,81,0.3163,0.21315261685868792,0.20657120393001893,0.21390886304959586,0.010639382648900637,0.01048394492599642
39117,2026-03-14 04:00:00,76,4,6,2026-03-14 10:00:00,82,0.2951,0.20707850862554744,0.20474709405536673,0.207429543839383,0.007747782943782822,0.007686108883410662
39117,2026-03-14 05:00:00,77,4,6,2026-03-14 11:00:00,83,0.2774,0.2009140636691184,0.1948715672914996,0.20146300583380117,0.00585009845641167,0.005766427082997312
39117,2026-03-14 06:00:00,78,4,6,2026-03-14 12:00:00,84,0.2744,0.20039360225942843,0.19127029836632675,0.20098931631725514,0.005476946906535674,0.005389128478768019
39117,2026-03-14 07:00:00,79,4,6,2026-03-14 13:00:00,85,0.2568,0.19471070950317826,0.1803951925456405,0.195581108890465,0.0038550799943987153,0.003747752628681099
39117,2026-03-14 08:00:00,80,4,6,2026-03-14 14:00:00,86,0.2555,0.19614453849976268,0.18713830854650393,0.19683764778698445,0.003523070809906155,0.0034412715671638906
39117,2026-03-14 09:00:00,81,4,6,2026-03-14 15:00:00,87,0.2439,0.1950413768947249,0.1850700726129877,0.19528964821163042,0.002387165051743323,0.0023629663009890464
39117,2026-03-14 10:00:00,82,4,6,2026-03-14 16:00:00,88,0.2209,0.18828827765189726,0.1879591735536119,0.1888767775730248,0.0010635244345097443,0.0010254867746075289
39117,2026-03-14 11:00:00,83,4,6,2026-03-14 17:00:00,89,0.2173,0.18539614514646657,0.19207130006477985,0.18594762349436236,0.001017855954515328,0.0009829715125512584
39117,2026-03-14 12:00:00,84,4,6,2026-03-14 18:00:00,90,0.2163,0.1803836474393949,0.18020911709813917,0.1800059329986412,0.0012899843812576848,0.001317259299499121
39117,2026-03-14 13:00:00,85,4,6,2026-03-14 19:00:00,91,0.1875,0.17436224714386644,0.1806766181930131,0.17396498228258356,0.0001726005501088454,0.000183196704610777
39117,2026-03-14 14:00:00,86,4,6,2026-03-14 20:00:00,92,0.1782,0.16005147219268126,0.16921765001851358,0.1597020062969129,0.00032936906157302146,0.00034217577103945023
39117,2026-03-14 15:00:00,87,4,6,2026-03-14 21:00:00,93,0.1575,0.14820150122383885,0.1523947321826774,0.147776728273742,8.646207949027043e-05,9.45420130626483e-05
39117,2026-03-14 16:00:00,88,4,6,2026-03-14 22:00:00,94,0.1531,0.1418445114186504,0.14451341644036705,0.141387007298678,0.00012668602320489158,0.0001371941980212226
39117,2026-03-14 17:00:00,89,4,6,2026-03-14 23:00:00,95,0.1441,0.1422580613426678,0.14459604065088882,0.14178697813117705,3.392738017374762e-06,5.350070165653242e-06
39117,2026-03-14 18:00:00,90,4,6,2026-03-15 00:00:00,96,0.1341,0.12662470703151155,0.13536283739553462,0.12669744976320305,5.588000496473287e-05,5.479775000830259e-05
39117,2026-03-14 19:00:00,91,4,6,2026-03-15 01:00:00,97,0.131,0.12035279904918368,0.12995588232741145,0.12030906985480723,0.00011336288808706403,0.00011429598736939163
39117,2026-03-14 20:00:00,92,4,6,2026-03-15 02:00:00,98,0.1252,0.11948516662302236,0.12791050923655148,0.11936611245168402,3.2659320526617726e-05,3.40342439263963e-05
39117,2026-03-14 21:00:00,93,4,6,2026-03-15 03:00:00,99,0.1215,0.1177308344670884,0.12537082351730672,0.11763618622422695,1.4206608814488746e-05,1.4929056893853598e-05
39117,2026-03-14 22:00:00,94,4,6,2026-03-15 04:00:00,100,0.1194,0.11563009023552848,0.1262629479400288,0.11552918235509733,1.4212219632257784e-05,1.4983229240089864e-05
39117,2026-03-14 23:00:00,95,4,6,2026-03-15 05:00:00,101,0.1179,0.11377435991300199,0.1225731247862615,0.11375870816606631,1.702090612744503e-05,1.7150298053805876e-05
39117,2026-03-15 00:00:00,96,4,6,2026-03-15 06:00:00,102,0.1139,0.11233216110604775,0.11885367320089518,0.11243778301417942,2.458118797389407e-06,2.138078513622223e-06
39117,2026-03-15 01:00:00,97,4,6,2026-03-15 07:00:00,103,0.1075,0.11097894771985668,0.11858269119323211,0.11099461364900119,1.2103077237496022e-05,1.2212324555785438e-05
39117,2026-03-15 02:00:00,98,4,6,2026-03-15 08:00:00,104,0.1048,0.10676778570887804,0.10652014000322167,0.10686046471822865,3.8721805960646475e-06,4.245514855065034e-06
39117,2026-03-15 03:00:00,99,4,6,2026-03-15 09:00:00,105,0.0954,0.10505386948049818,0.10699485645410635,0.10516146687591921,9.319719594649417e-05,9.528623556966791e-05
39117,2026-03-15 04:00:00,100,4,6,2026-03-15 10:00:00,106,0.0902,0.10039864911883697,0.1016771336943916,0.1005760785688611,0.00010401244384915415,0.0001076630064671785
39117,2026-03-15 05:00:00,101,4,6,2026-03-15 11:00:00,107,0.0777,0.0955595436099828,0.09436703547456704,0.09574225082179239,0.0003189632979568772,0.0003255228147164678
39117,2026-03-15 06:00:00,102,4,6,2026-03-15 12:00:00,108,0.0634,0.0912590770436246,0.08504843268855798,0.09152278338615234,0.0007761281737226112,0.0007908909453844463
39117,2026-03-15 07:00:00,103,4,6,2026-03-15 13:00:00,109,0.0634,0.08749523237125992,0.07935312462640547,0.08773111281041915,0.0005805802230250119,0.0005920030505933429
39117,2026-03-15 08:00:00,104,4,6,2026-03-15 14:00:00,110,0.0637,0.08300698723612143,0.07948815409637844,0.08302744032764153,0.00037275975613575564,0.000373549949618544
39117,2026-03-15 09:00:00,105,4,6,2026-03-15 15:00:00,111,0.0722,0.07910806745897574,0.07011615820418077,0.07941444813466458,4.7721396017759485e-05,5.2048261887765286e-05
39117,2026-03-15 10:00:00,106,4,6,2026-03-15 16:00:00,112,0.1191,0.07652015431773802,0.06132342239581084,0.07680675600848262,0.0018130432583252437,0.0017887184873260206
39117,2026-03-15 11:00:00,107,4,6,2026-03-15 17:00:00,113,0.1347,0.0735562593734706,0.056613334989820435,0.07381864417569661,0.0037385570178043,0.003706539487005438
39117,2026-03-15 12:00:00,108,4,6,2026-03-15 18:00:00,114,0.1022,0.06865400833524588,0.055702395881084846,0.0687547323220886,0.0011253335567717531,0.0011185859300471446
39117,2026-03-15 13:00:00,109,4,6,2026-03-15 19:00:00,115,0.0574,0.06453525250996038,0.054684092987529014,0.06459922688901278,5.0911828380895916e-05,5.1828867799484574e-05
39117,2026-03-15 14:00:00,110,4,6,2026-03-15 20:00:00,116,0.0555,0.060855779301919065,0.05367185648806767,0.06077389583401781,2.868437193086466e-05,2.781397726807038e-05
39117,2026-03-15 15:00:00,111,4,6,2026-03-15 21:00:00,117,0.0571,0.05762358910969762,0.0512309423928471,0.05744164703338225,2.741455557939504e-07,1.1672269541889145e-07
39117,2026-03-15 16:00:00,112,4,6,2026-03-15 22:00:00,118,0.052,0.055874843815290516,0.051471824427876976,0.05592929137897196,1.5014414592895182e-05,1.5439330740863363e-05
39117,2026-03-15 17:00:00,113,4,6,2026-03-15 23:00:00,119,0.0452,0.053894787456601784,0.0495483700772678,0.0537577898451041,7.559932891547977e-05,7.323576703296687e-05
39117,2026-03-15 18:00:00,114,4,6,2026-03-16 00:00:00,120,0.0406,0.04697465399860747,0.04903159181575039,0.047072645923407576,4.063621360196228e-05,4.189514524980475e-05
39117,2026-03-15 19:00:00,115,4,6,2026-03-16 01:00:00,121,0.0402,0.04520397883714086,0.049381431025844344,0.04530027451546708,2.5039804202553623e-05,2.6012800133122964e-05
39117,2026-03-15 20:00:00,116,4,6,2026-03-16 02:00:00,122,0.0399,0.04459758220275742,0.05082344725995172,0.04489665507562487,2.2067278551663263e-05,2.4966561944767775e-05
39117,2026-03-15 21:00:00,117,4,6,2026-03-16 03:00:00,123,0.0386,0.043327685908968704,0.0487128082373968,0.043611336404984824,2.2351014053861214e-05,2.5113492563926195e-05
39117,2026-03-15 22:00:00,118,4,6,2026-03-16 04:00:00,124,0.0384,0.042790814224410174,0.0492227545293791,0.04277835100196909,1.9279249553282752e-05,1.916995749644377e-05
39117,2026-03-15 23:00:00,119,4,6,2026-03-16 05:00:00,125,0.0386,0.042862950737198605,0.04894105310545948,0.042899080436386135,1.8172748987782106e-05,1.848209259851798e-05
39117,2026-03-16 00:00:00,120,4,6,2026-03-16 06:00:00,126,0.0393,0.03994227975451328,0.0493762069974376,0.039913328461583165,4.125232830576402e-07,3.761718017879705e-07
39117,2026-03-16 01:00:00,121,4,6,2026-03-16 07:00:00,127,0.0387,0.03995939632587835,0.04887598408496001,0.0396381852741891,1.5860791056358997e-06,8.801916087052825e-07
39117,2026-03-16 02:00:00,122,4,6,2026-03-16 08:00:00,128,0.0383,0.03963899091654231,0.045678896959589786,0.039058964754501733,1.792896674582822e-06,5.760274985758756e-07
39117,2026-03-16 03:00:00,123,4,6,2026-03-16 09:00:00,129,0.0369,0.03776900584598424,0.04249786493036387,0.03743919312241671,7.551711603547848e-07,2.907292232614802e-07
39117,2026-03-16 04:00:00,124,4,6,2026-03-16 10:00:00,130,0.0364,0.03979635538776099,0.041355732368271725,0.039378696589180605,1.1535229919973082e-05,8.872633370396158e-06
39117,2026-03-16 05:00:00,125,4,6,2026-03-16 11:00:00,131,0.0353,0.0349322779478176,0.031726604652699684,0.03451637993746085,1.3521950766123437e-07,6.140604024138554e-07
39117,2026-03-16 06:00:00,126,4,6,2026-03-16 12:00:00,132,0.0349,0.03174488121994727,0.03298339343420562,0.03144950850125958,9.954774516241422e-06,1.1905891582879937e-05
39117,2026-03-16 07:00:00,127,4,6,2026-03-16 13:00:00,133,0.0345,0.02957639038597745,0.0333146415064714,0.029143638165388085,2.4241931631295323e-05,2.8690612103287156e-05
39117,2026-03-16 08:00:00,128,4,6,2026-03-16 14:00:00,134,0.0338,0.02530271986090958,0.029607265147676774,0.025139118302911715,7.220376976218043e-05,7.50108717709588e-05
39117,2026-03-16 09:00:00,129,4,6,2026-03-16 15:00:00,135,0.0312,0.021971317009858746,0.029146129677673195,0.02167337943558673,8.516858973252248e-05,9.07564993783018e-05
39117,2026-03-16 10:00:00,130,4,6,2026-03-16 16:00:00,136,0.0268,0.021525977276719437,0.026893547305726184,0.02131158536042792,2.7815315685679732e-05,3.0122695255869123e-05
39117,2026-03-16 11:00:00,131,4,6,2026-03-16 17:00:00,137,0.0236,0.01967698029103372,0.026372342919647435,0.019523286252855956,1.539008363693786e-05,1.661959497615323e-05
39117,2026-03-16 12:00:00,132,4,6,2026-03-16 18:00:00,138,0.0222,0.017368401689328402,0.020453431485866817,0.017347551783377522,2.334434223568465e-05,2.354625369500268e-05
39117,2026-03-16 13:00:00,133,4,6,2026-03-16 19:00:00,139,0.0202,0.01467321431399663,0.01729823436529065,0.014619692193992947,3.054536001901174e-05,3.1139835209783246e-05
39117,2026-03-16 14:00:00,134,4,6,2026-03-16 20:00:00,140,0.0183,0.01268703952620091,0.013750581544296047,0.012490878737779484,3.150532528043091e-05,3.3745889839182485e-05
39117,2026-03-16 15:00:00,135,4,6,2026-03-16 21:00:00,141,0.0174,0.011989550079913914,0.012318113694305393,0.011723268648253566,2.9272968337759522e-05,3.222527883990089e-05
39117,2026-03-16 16:00:00,136,4,6,2026-03-16 22:00:00,142,0.0169,0.011280491582163227,0.012540158762699281,0.011186161631397722,3.157887485813833e-05,3.264794890251152e-05
39117,2026-03-16 17:00:00,137,4,6,2026-03-16 23:00:00,143,0.0167,0.010208233664964872,0.011452011830024068,0.010205290715138355,4.2143030148695416e-05,4.218124869486805e-05
39117,2026-03-16 18:00:00,138,4,6,2026-03-17 00:00:00,144,0.0162,0.009458427305588973,0.009870622327563302,0.009372592899151136,4.5448802394028346e-05,4.661348772072148e-05
39117,2026-03-16 19:00:00,139,4,6,2026-03-17 01:00:00,145,0.0159,0.009010900304253736,0.009747570070241312,0.008890771568879838,4.745969461793128e-05,4.912928319962323e-05
39117,2026-03-16 20:00:00,140,4,6,2026-03-17 02:00:00,146,0.0145,0.008889209826900293,0.00988965854277167,0.008692436736410486,3.148096636655225e-05,3.3727791060594495e-05
39117,2026-03-16 21:00:00,141,4,6,2026-03-17 03:00:00,147,0.0141,0.007503551072351792,0.0075230522277419925,0.007479191563911796,4.351313845507119e-05,4.3835104347376723e-05
39117,2026-03-16 22:00:00,142,4,6,2026-03-17 04:00:00,148,0.0139,0.007062810913401091,0.006729440753514162,0.007044177755690676,4.674715460590721e-05,4.7002298645566523e-05
39117,2026-03-16 23:00:00,143,4,6,2026-03-17 05:00:00,149,0.0137,0.007817588663545863,0.009521238436813457,0.007834356195687961,3.4602763131244156e-05,3.440577723906421e-05
39117,2026-03-17 00:00:00,144,4,6,2026-03-17 06:00:00,150,0.0136,0.007344614431088688,0.009260040406855172,0.007323580331560986,3.912984861574388e-05,3.9393443854368096e-05
39117,2026-03-17 01:00:00,145,4,6,2026-03-17 07:00:00,151,0.0137,0.00690472559466494,0.00908701220894486,0.006970710735683491,4.617575424380176e-05,4.528333400284542e-05
39117,2026-03-17 02:00:00,146,4,6,2026-03-17 08:00:00,152,0.0137,0.007410816356125863,0.008925683746921206,0.007455567335646724,3.955383090637397e-05,3.8992939299642165e-05
39117,2026-03-17 03:00:00,147,4,6,2026-03-17 09:00:00,153,0.0137,0.00675374801793311,0.006602325813487643,0.006643216871374634,4.82504165983682e-05,4.979818812445161e-05
39117,2026-03-17 04:00:00,148,4,6,2026-03-17 10:00:00,154,0.0155,0.00553921928538246,0.004906706996567097,0.005476526351503981,9.921715244469674e-05,0.0001004700239820941
39117,2026-03-17 05:00:00,149,4,6,2026-03-17 11:00:00,155,0.0215,0.005133142563009242,0.0031891495452829833,0.0050789727826136355,0.0002678740223627796,0.0002696501348741437
39117,2026-03-17 06:00:00,150,4,6,2026-03-17 12:00:00,156,0.0187,0.0042071934495599185,0.0025158122436394104,0.004139405474797779,0.00021004144170847896,0.00021201091292734892
39117,2026-03-17 07:00:00,151,4,6,2026-03-17 13:00:00,157,0.0173,0.0041047444302035035,0.0026060479976403933,0.0041147191964412974,0.00017411476955224545,0.00017385162986869362
39117,2026-03-17 08:00:00,152,4,6,2026-03-17 14:00:00,158,0.018,0.004902186547695622,0.0026268523449889726,0.004878969111908297,0.00017155271723136553,0.0001721614515662565
39117,2026-03-17 09:00:00,153,4,6,2026-03-17 15:00:00,159,0.0178,0.004346298919869892,0.0013934976837288392,0.004345889968711624,0.00018100207275349402,0.0001810130767340145
39117,2026-03-17 10:00:00,154,4,6,2026-03-17 16:00:00,160,0.0137,0.004421335615762684,0.0011229395585089816,0.00451759956777495,8.609361275531405e-05,8.43164776977268e-05
39117,2026-03-17 11:00:00,155,4,6,2026-03-17 17:00:00,161,0.013,0.00470957975961988,0.004945661234250467,0.004732442149208033,6.873106776210433e-05,6.835251281619188e-05
39117,2026-03-17 12:00:00,156,4,6,2026-03-17 18:00:00,162,0.0126,0.004308191941802557,0.005003069412739873,0.004294499017192877,6.875408087398805e-05,6.89813465754101e-05
39117,2026-03-17 13:00:00,157,4,6,2026-03-17 19:00:00,163,0.0121,0.0032410065491927263,0.0014905241337380805,0.0032272060446763614,7.848176496144615e-05,7.87264725736277e-05
39117,2026-03-17 14:00:00,158,4,6,2026-03-17 20:00:00,164,0.0115,0.0032780344375743075,0.0015696398266909712,0.0033137459797128897,6.760071770971404e-05,6.701475488466685e-05
39117,2026-03-17 15:00:00,159,4,6,2026-03-17 21:00:00,165,0.011,0.001894195791392591,0.0012373766000080481,0.0020564101087864935,8.291567028549238e-05,7.99878001422164e-05
39117,2026-03-17 16:00:00,160,4,6,2026-03-17 22:00:00,166,0.0108,0.0017200569909941493,0.0015336206977028392,0.001858498350687872,8.244536504679424e-05,7.995045174465152e-05
39117,2026-03-17 17:00:00,161,4,6,2026-03-17 23:00:00,167,0.0087,0.0018037808808314118,0.0015587431164347115,0.0019135887290619433,4.755783813958637e-05,4.6055377938315076e-05
39117,2026-03-17 18:00:00,162,4,6,2026-03-18 00:00:00,168,0.0085,0.0017449115736313495,0.0013598796206639758,0.0018400029429316127,4.563121964805971e-05,4.435556080015959e-05
39117,2026-03-17 19:00:00,163,4,6,2026-03-18 01:00:00,169,0.0084,0.0017767187428744822,0.0,0.0018349631454932936,4.386785461099017e-05,4.30997089010313e-05
39117,2026-03-17 20:00:00,164,4,6,2026-03-18 02:00:00,170,0.0077,0.0016199790195252908,0.0,0.0016977336896673975,3.696665512301265e-05,3.602720086015375e-05
39117,2026-03-17 21:00:00,165,4,6,2026-03-18 03:00:00,171,0.0074,0.00147124636811082,0.0,0.0014869404915800182,3.515011962763914e-05,3.496427275011596e-05
39117,2026-03-17 22:00:00,166,4,6,2026-03-18 04:00:00,172,0.0072,0.001847609340673609,0.0,0.0018284805910401994,2.8648085770044395e-05,2.885322076083184e-05
39117,2026-03-17 23:00:00,167,4,6,2026-03-18 05:00:00,173,0.0068,0.0011840388020389085,0.0,0.001177521555667763,3.1539020177004575e-05,3.1612263856980646e-05
39117,2026-03-18 00:00:00,168,4,6,2026-03-18 06:00:00,174,0.0063,0.0012152024176921047,0.0,0.0012464623929535146,2.5855166453044215e-05,2.5538242345833117e-05
39117,2026-03-18 01:00:00,169,4,6,2026-03-18 07:00:00,175,0.0062,0.0014859883774507754,0.0,0.0014354003484924284,2.2221905577529173e-05,2.270140983914607e-05
39117,2026-03-18 02:00:00,170,4,6,2026-03-18 08:00:00,176,0.0062,0.0016601763965441764,0.0014231239806445247,0.0016271802923661914,2.060999835049462e-05,2.0910680078524147e-05
39117,2026-03-18 03:00:00,171,4,6,2026-03-18 09:00:00,177,0.0062,0.002689061195488638,0.003433081991594373,0.002286463837302845,1.2326691289023671e-05,1.531576529673837e-05
39117,2026-03-18 04:00:00,172,4,6,2026-03-18 10:00:00,178,0.006,0.0026824863105756195,0.0043745976691370895,0.0024514901075776054,1.1005897079518167e-05,1.2591922456619596e-05
39117,2026-03-18 05:00:00,173,4,6,2026-03-18 11:00:00,179,0.004,0.0018685318679520964,0.0022099242563721018,0.0019245245329084632,4.543156397935781e-06,4.3075984144988325e-06
39117,2026-03-18 06:00:00,174,4,6,2026-03-18 12:00:00,180,0.0036,0.0020194264851372394,0.0018318230998385038,0.0018914022885529248,2.498212635885621e-06,2.9193061395621826e-06
39117,2026-03-18 07:00:00,175,4,6,2026-03-18 13:00:00,181,0.0033,0.0016573942608065187,0.0016385411820482752,0.0016377209218321523,2.698153614431363e-06,2.7631717337145493e-06
39117,2026-03-18 08:00:00,176,4,6,2026-03-18 14:00:00,182,0.0038,0.0019957413723521162,0.002189004288071068,0.0019536530902995535,3.255349195441825e-06,3.4089969109603887e-06
39117,2026-03-18 09:00:00,177,4,6,2026-03-18 15:00:00,183,0.0029,0.0017177603121528013,0.0014533961273977807,0.0016865370951940802,1.3976906795210415e-06,1.4724922213400203e-06
39117,2026-03-18 10:00:00,178,4,6,2026-03-18 16:00:00,184,0.0025,0.0016912040442684842,0.0014564186025919578,0.001633604566198238,6.541508980076561e-07,7.506410477125436e-07
39117,2026-03-18 11:00:00,179,4,6,2026-03-18 17:00:00,185,0.0025,0.0015154387561031571,0.001547717069723279,0.001480143035455658,9.693608429836986e-07,1.0401082281295996e-06
39117,2026-03-18 12:00:00,180,4,6,2026-03-18 18:00:00,186,0.0024,0.0014720330770184103,0.0015203669956798513,0.0015032562565601155,8.611226101479192e-07,8.04149341398577e-07
39117,2026-03-18 13:00:00,181,4,6,2026-03-18 19:00:00,187,0.0023,0.0013464869847644538,0.0014960752161368778,0.001341322449554996,9.091870702235828e-07,9.190626457272333e-07
39117,2026-03-18 14:00:00,182,4,6,2026-03-18 20:00:00,188,0.0023,0.0012700712797220992,0.001295431933066524,0.0012954979879546817,1.0607531688532743e-06,1.0090242922030927e-06
39117,2026-03-18 15:00:00,183,4,6,2026-03-18 21:00:00,189,0.0021,0.001462523195806383,0.00132872323186959,0.0015175288191239518,4.0637667588490704e-07,3.392726765511379e-07
39117,2026-03-18 16:00:00,184,4,6,2026-03-18 22:00:00,190,0.0018,0.0012883155944019154,0.0012632800239649508,0.0013257346000112372,2.6182093093226504e-07,2.2492766962650115e-07
39117,2026-03-18 17:00:00,185,4,6,2026-03-18 23:00:00,191,0.0015,0.001485978605834122,0.0012976483704351606,0.001332696456970923,1.965994943549181e-10,2.79904755100822e-08
39117,2026-03-18 18:00:00,186,4,6,2026-03-19 00:00:00,192,0.0014,0.0012544949405769745,0.0012811712209147175,0.0012477271696894107,2.1171722317698186e-08,2.3187014850797534e-08
39117,2026-03-18 19:00:00,187,4,6,2026-03-19 01:00:00,193,0.0014,0.0013875103726956018,0.0012959844642390446,0.0013088552171556629,1.5599079020276839e-10,8.307371439741372e-09
39117,2026-03-18 20:00:00,188,4,6,2026-03-19 02:00:00,194,0.0013,0.0014069299186499865,0.001345202014954908,0.00139649779796931,1.1434007502492743e-08,9.31182501292578e-09
39117,2026-03-18 21:00:00,189,4,6,2026-03-19 03:00:00,195,0.0012,0.0012989620629913158,0.0013075802153722609,0.0013205610170832244,9.793489911497176e-09,1.4534958840141556e-08
39117,2026-03-18 22:00:00,190,4,6,2026-03-19 04:00:00,196,0.0012,0.001229845040973009,0.0012324100317862513,0.0012377632191933334,8.907264706805973e-10,1.4260607238437535e-09
39117,2026-03-18 23:00:00,191,4,6,2026-03-19 05:00:00,197,0.0012,0.0012590144079953041,0.0012904290255080044,0.0012521605867257754,3.4827003510362287e-09,2.7207268075771454e-09
39117,2026-03-19 00:00:00,192,4,6,2026-03-19 06:00:00,198,0.0012,0.0014334316071730575,0.0017119320494738519,0.001410994397236737,5.449031522739667e-08,4.451863566529403e-08
39117,2026-03-19 01:00:00,193,4,6,2026-03-19 07:00:00,199,0.0012,0.0014121264910407186,0.001682163501569187,0.0014325929811500634,4.499764820124811e-08,5.4099494880273814e-08
39117,2026-03-19 02:00:00,194,4,6,2026-03-19 08:00:00,200,0.0013,0.0013818154145330177,0.0016950919072222996,0.0013734241306711827,6.693762055209537e-09,5.391102964818918e-09
39117,2026-03-19 03:00:00,195,4,6,2026-03-19 09:00:00,201,0.001,0.0014169748315363115,0.0017041224405926181,0.0013605043073263428,1.7386801013473532e-07,1.2996335560084618e-07
39117,2026-03-19 04:00:00,196,4,6,2026-03-19 10:00:00,202,0.0009,0.0014540088526902692,0.0016018682164410899,0.0013681795350445644,3.0692580885918845e-07,2.1919207703454453e-07
39117,2026-03-19 05:00:00,197,4,6,2026-03-19 11:00:00,203,0.0008,0.0013300239104243972,0.0015506250220555893,0.0012751244002162474,2.8092534562156936e-07,2.257431956808488e-07
39117,2026-03-19 06:00:00,198,4,6,2026-03-19 12:00:00,204,0.0008,0.0013813135173611768,0.0014633010936109722,0.0013688652075136765,3.3792540546682317e-07,3.236076243195782e-07
39117,2026-03-19 07:00:00,199,4,6,2026-03-19 13:00:00,205,0.0008,0.0014023345289551378,0.0013401880365664692,0.0013950599468599179,3.628068847716077e-07,3.5409634035692823e-07
39117,2026-03-19 08:00:00,200,4,6,2026-03-19 14:00:00,206,0.0005,0.001370862000011735,0.0012413079028986435,0.0013639561674843302,7.584006230644391e-07,7.46420259334212e-07
39117,2026-03-19 09:00:00,201,4,6,2026-03-19 15:00:00,207,0.0004,0.0012961332313290337,0.001134578774701171,0.0013062292199898073,8.030547682922155e-07,8.212513991633346e-07
39117,2026-03-19 10:00:00,202,4,6,2026-03-19 16:00:00,208,0.0003,0.0013581024770498028,0.0,0.0013748692867387472,1.1195808519389285e-06,1.1553439835742635e-06
39117,2026-03-19 11:00:00,203,4,6,2026-03-19 17:00:00,209,0.0003,0.0014763303783990607,0.0014481256127156373,0.0014780547921385962,1.3837531591444774e-06,1.3878130932807112e-06
39117,2026-03-19 12:00:00,204,4,6,2026-03-19 18:00:00,210,0.0004,0.0013976943805135264,0.0013703461706546462,0.0014424298543534917,9.953940769082693e-07,1.086660001247442e-06
39117,2026-03-19 13:00:00,205,4,6,2026-03-19 19:00:00,211,0.0001,0.001623493569627061,0.001172196416749122,0.0015592760846320477,2.3210326566950043e-06,2.1294866911790393e-06
39117,2026-03-19 14:00:00,206,4,6,2026-03-19 20:00:00,212,0.0002,0.0014465857989076614,0.0,0.0013731522929933994,1.5539761540382522e-06,1.3762863025556707e-06
39117,2026-03-19 15:00:00,207,4,6,2026-03-19 21:00:00,213,0.0003,0.001469979493307154,0.0,0.0013954127753058763,1.368852014759265e-06,1.1999291483033225e-06
39117,2026-03-19 16:00:00,208,4,6,2026-03-19 22:00:00,214,0.0003,0.0015576534057188892,0.0,0.0014411076818046185,1.5816920889163212e-06,1.3021267414735106e-06
39117,2026-03-19 17:00:00,209,4,6,2026-03-19 23:00:00,215,0.0003,0.0016310174623869126,0.0,0.0016402069428391515,1.7716074851788966e-06,1.796154649634265e-06
39119,2026-03-14 00:00:00,72,1,6,2026-03-14 06:00:00,78,0.1758,0.20952249980765322,0.2134745256335609,0.19445498679607043,0.0011372069932771708,0.0003480085323615616
39119,2026-03-14 01:00:00,73,1,6,2026-03-14 07:00:00,79,0.1679,0.20781101538166727,0.21325770142216044,0.192753419214761,0.0015928891487956818,0.0006176924466646514
39119,2026-03-14 02:00:00,74,1,6,2026-03-14 08:00:00,80,0.1642,0.20436097347204854,0.20797914896339986,0.19082174301181765,0.0016129037902225857,0.000708717200987261
39119,2026-03-14 03:00:00,75,1,6,2026-03-14 09:00:00,81,0.162,0.19915993418722677,0.2043186269533815,0.18548661488457543,0.0013808607087990247,0.0005516210787363602
39119,2026-03-14 04:00:00,76,1,6,2026-03-14 10:00:00,82,0.1453,0.19124889525681474,0.19319743748989177,0.1825120002670129,0.002111300975321731,0.0013847329638721666
39119,2026-03-14 05:00:00,77,1,6,2026-03-14 11:00:00,83,0.1424,0.185682578493375,0.18711585144604798,0.17728553220037793,0.0018733816010351677,0.0012170003569036056
39119,2026-03-14 06:00:00,78,1,6,2026-03-14 12:00:00,84,0.1324,0.18152240749209944,0.18504433521484492,0.17360421447807856,0.0024130109178198684,0.0016977872907554992
39119,2026-03-14 07:00:00,79,1,6,2026-03-14 13:00:00,85,0.1199,0.17390580435348235,0.1814462620548,0.16530659202910333,0.0029166269038666125,0.0020617585996974296
39119,2026-03-14 08:00:00,80,1,6,2026-03-14 14:00:00,86,0.1193,0.1677361085065365,0.17983817698899304,0.1594743659164079,0.0023460566072569774,0.0016139796767854365
39119,2026-03-14 09:00:00,81,1,6,2026-03-14 15:00:00,87,0.1166,0.16091066481982108,0.16765575301009647,0.15265577897235347,0.00196343501677453,0.0013000191973032069
39119,2026-03-14 10:00:00,82,1,6,2026-03-14 16:00:00,88,0.1091,0.15784907522746777,0.16469959307854184,0.14995862667500576,0.0023764723355333118,0.0016694273737674918
39119,2026-03-14 11:00:00,83,1,6,2026-03-14 17:00:00,89,0.1066,0.15233582143511393,0.15948239347216883,0.14619751084941868,0.0020917653623446267,0.00156796286546983
39119,2026-03-14 12:00:00,84,1,6,2026-03-14 18:00:00,90,0.1012,0.14636646986635307,0.14878108016956934,0.14055763575666164,0.0020400100001881803,0.0015490234923540506
39119,2026-03-14 13:00:00,85,1,6,2026-03-14 19:00:00,91,0.0961,0.12449649123222241,0.1124713310227549,0.11988551640968996,0.0008063607143016839,0.0005657507908756301
39119,2026-03-14 14:00:00,86,1,6,2026-03-14 20:00:00,92,0.0621,0.10926473681265027,0.10870326263185634,0.10523670542978832,0.002224512398606567,0.0018607753553363286
39119,2026-03-14 15:00:00,87,1,6,2026-03-14 21:00:00,93,0.054,0.10511575520902998,0.10553602915472136,0.10108750751923064,0.0026128204305894756,0.002217233364373602
39119,2026-03-14 16:00:00,88,1,6,2026-03-14 22:00:00,94,0.05,0.10223683173775554,0.10327421744442793,0.09867042903355469,0.002728686589998584,0.0023688106623102833
39119,2026-03-14 17:00:00,89,1,6,2026-03-14 23:00:00,95,0.0453,0.09838734836440616,0.10122149330739239,0.09504001225329972,0.0028182665563638173,0.0024740688189584066
39119,2026-03-14 18:00:00,90,1,6,2026-03-15 00:00:00,96,0.0411,0.09797690504590917,0.09824738660077649,0.07702214482383857,0.0032349823276013683,0.001290400488744832
39119,2026-03-14 19:00:00,91,1,6,2026-03-15 01:00:00,97,0.0372,0.0946526220824261,0.09292601302990576,0.0739612712004793,0.0033008037841460755,0.0013513910602751887
39119,2026-03-14 20:00:00,92,1,6,2026-03-15 02:00:00,98,0.0339,0.09398337790440227,0.09308763253913956,0.07348100239730512,0.0036100123004032146,0.0015666557507754738
39119,2026-03-14 21:00:00,93,1,6,2026-03-15 03:00:00,99,0.0332,0.09368288939859616,0.09228530085288343,0.073500997757681,0.003658179910002816,0.001624170420264609
39119,2026-03-14 22:00:00,94,1,6,2026-03-15 04:00:00,100,0.0331,0.09348175666838372,0.0925711549102018,0.07352053908751202,0.0036459565383599023,0.0016338199801250873
39119,2026-03-14 23:00:00,95,1,6,2026-03-15 05:00:00,101,0.0328,0.0932546187917528,0.09292813517529254,0.07379155798926393,0.0036547609332561503,0.0016803078263871872
39119,2026-03-15 00:00:00,96,1,6,2026-03-15 06:00:00,102,0.0324,0.09267301575185703,0.09121223042619296,0.07308185035776542,0.0036328364278236064,0.0016550129485316185
39119,2026-03-15 01:00:00,97,1,6,2026-03-15 07:00:00,103,0.0322,0.09332242161459468,0.09180592791385213,0.07339873974120031,0.0037359504240322716,0.0016973361562631583
39119,2026-03-15 02:00:00,98,1,6,2026-03-15 08:00:00,104,0.032,0.092120998592957,0.09143033740243459,0.0733030145114603,0.003614534471814337,0.0017059390077339004
39119,2026-03-15 03:00:00,99,1,6,2026-03-15 09:00:00,105,0.0312,0.09114730467474996,0.09096603359544075,0.07254623635764423,0.0035936793377672987,0.001709511260942182
39119,2026-03-15 04:00:00,100,1,6,2026-03-15 10:00:00,106,0.0294,0.08756527292029771,0.08607781825851019,0.0699127994888671,0.003383198973892719,0.0016412869224251504
39119,2026-03-15 05:00:00,101,1,6,2026-03-15 11:00:00,107,0.0279,0.08600421736756185,0.0832363282543604,0.06760761817082775,0.003376100075896876,0.00157669494080025
39119,2026-03-15 06:00:00,102,1,6,2026-03-15 12:00:00,108,0.0277,0.08036348257261695,0.07896335670958196,0.0652552588211083,0.0027734423966763295,0.001410397465120433
39119,2026-03-15 07:00:00,103,1,6,2026-03-15 13:00:00,109,0.0336,0.077467865292083,0.07641258574802158,0.06365688424608469,0.0019243896052843399,0.0009034162905825343
39119,2026-03-15 08:00:00,104,1,6,2026-03-15 14:00:00,110,0.0311,0.07393240287438248,0.07158758281547131,0.061251487501433534,0.0018346147359934082,0.0009091121985491026
39119,2026-03-15 09:00:00,105,1,6,2026-03-15 15:00:00,111,0.0204,0.07028415587033517,0.06950195019507292,0.059177389457562735,0.0024884290068958943,0.0015036859331434974
39119,2026-03-15 10:00:00,106,1,6,2026-03-15 16:00:00,112,0.0177,0.0669646403759149,0.06915370227013148,0.05632973606139973,0.002427004791368225,0.0014922565081734067
39119,2026-03-15 11:00:00,107,1,6,2026-03-15 17:00:00,113,0.0155,0.06482537919595469,0.06949301741101548,0.05411737721561286,0.002432993032824719,0.0014913018230129354
39119,2026-03-15 12:00:00,108,1,6,2026-03-15 18:00:00,114,0.0133,0.06161949994110069,0.06610931372908821,0.05139473783237692,0.00233477407455803,0.0014512090505175294
39119,2026-03-15 13:00:00,109,1,6,2026-03-15 19:00:00,115,0.01,0.05295184325106137,0.058793804401408266,0.043951332202257457,0.0018448608386637461,0.0011526929583080441
39119,2026-03-15 14:00:00,110,1,6,2026-03-15 20:00:00,116,0.0082,0.04663411293968802,0.04921910157448373,0.038235704220141026,0.0014771810374606942,0.0009021435279997975
39119,2026-03-15 15:00:00,111,1,6,2026-03-15 21:00:00,117,0.0074,0.043236408007853944,0.04345630058239052,0.03632475112227828,0.001284248138905378,0.0008366412274857386
39119,2026-03-15 16:00:00,112,1,6,2026-03-15 22:00:00,118,0.0071,0.04111292261078797,0.041401447806763,0.03387590815105011,0.0011568789045274515,0.0007169492573134718
39119,2026-03-15 17:00:00,113,1,6,2026-03-15 23:00:00,119,0.0075,0.038546528644520114,0.03771215275510533,0.03162156142127111,0.000963886940875008,0.0005818497254001546
39119,2026-03-15 18:00:00,114,1,6,2026-03-16 00:00:00,120,0.0074,0.03780452396391207,0.03718468676773321,0.027298085037816968,0.0009244350774721032,0.0003959337881721955
39119,2026-03-15 19:00:00,115,1,6,2026-03-16 01:00:00,121,0.0072,0.036631582620764096,0.03681826992820256,0.026516016601898004,0.0008662180555628633,0.00037310849736479923
39119,2026-03-15 20:00:00,116,1,6,2026-03-16 02:00:00,122,0.0072,0.036870389136008826,0.03668851785184275,0.02652003538641059,0.0008803319914821907,0.00037326376733215743
39119,2026-03-15 21:00:00,117,1,6,2026-03-16 03:00:00,123,0.0073,0.036837944001906264,0.037011579654808766,0.026497196674956574,0.0008724901358597502,0.0003685323601769637
39119,2026-03-15 22:00:00,118,1,6,2026-03-16 04:00:00,124,0.0074,0.037069302049550924,0.03738636175009473,0.026924433858832572,0.0008802674841074866,0.0003812035175079278
39119,2026-03-15 23:00:00,119,1,6,2026-03-16 05:00:00,125,0.0092,0.03826339417240858,0.03814918194442094,0.027248343100670015,0.000844680880820793,0.0003257426886795029
39119,2026-03-16 00:00:00,120,1,6,2026-03-16 06:00:00,126,0.016,0.038162348504057725,0.03937160979478855,0.026653206834547305,0.0004911696912153097,0.0001134908158596454
39119,2026-03-16 01:00:00,121,1,6,2026-03-16 07:00:00,127,0.0168,0.039003984156382905,0.03965027985053046,0.02756369569359442,0.0004930169124169031,0.0001158571449843031
39119,2026-03-16 02:00:00,122,1,6,2026-03-16 08:00:00,128,0.0152,0.038666084468906896,0.03938279391762512,0.027612147370266456,0.0005506571203018735,0.0001540614023412125
39119,2026-03-16 03:00:00,123,1,6,2026-03-16 09:00:00,129,0.0088,0.03919332777816338,0.040391254462266296,0.027164546048064606,0.0009237543734308776,0.00033725655155148523
39119,2026-03-16 04:00:00,124,1,6,2026-03-16 10:00:00,130,0.0072,0.0397470036427345,0.04013609011443943,0.027276039261342165,0.001059307446120173,0.00040304735242295217
39119,2026-03-16 05:00:00,125,1,6,2026-03-16 11:00:00,131,0.0077,0.036333100766083704,0.033805718663638976,0.02503279413544637,0.0008198544594807032,0.000300425752541764
39119,2026-03-16 06:00:00,126,1,6,2026-03-16 12:00:00,132,0.0079,0.03306921570346589,0.03145627874262414,0.023716991873363357,0.0006334894191275938,0.00025017723192204247
39119,2026-03-16 07:00:00,127,1,6,2026-03-16 13:00:00,133,0.0059,0.029521640131959695,0.027689493884392655,0.02172348703427305,0.0005579818825238088,0.00025038274192380733
39119,2026-03-16 08:00:00,128,1,6,2026-03-16 14:00:00,134,0.0033,0.027071511132167103,0.026902460337163262,0.02030132999192463,0.0005650847415067444,0.00028904522149431587
39119,2026-03-16 09:00:00,129,1,6,2026-03-16 15:00:00,135,0.0026,0.024113901720321653,0.02451148286742795,0.01811394751815462,0.0004628479672316589,0.00024068256759605594
39119,2026-03-16 10:00:00,130,1,6,2026-03-16 16:00:00,136,0.0024,0.01959638841360493,0.016005466013351753,0.014124935205076421,0.0002957157744715659,0.00013747410556324047
39119,2026-03-16 11:00:00,131,1,6,2026-03-16 17:00:00,137,0.0022,0.018176199632563252,0.015318004237768605,0.013258987621922251,0.0002552389546995142,0.00012230120722182957
39119,2026-03-16 12:00:00,132,1,6,2026-03-16 18:00:00,138,0.0017,0.01574214953004282,0.014647133280933469,0.011414442578742114,0.00019718196342408177,9.437039461567772e-05
39119,2026-03-16 13:00:00,133,1,6,2026-03-16 19:00:00,139,0.0012,0.012447790471429774,0.012377857234443084,0.009284953382660393,0.00012651279048918644,6.536647119979173e-05
39119,2026-03-16 14:00:00,134,1,6,2026-03-16 20:00:00,140,0.001,0.011235328332013952,0.012058402828073479,0.008520496702453913,0.00010476194606412753,5.6557870651620184e-05
39119,2026-03-16 15:00:00,135,1,6,2026-03-16 21:00:00,141,0.0011,0.010247459306958992,0.011975191197679301,0.008086409036847358,8.367601177247067e-05,4.880991123014242e-05
39119,2026-03-16 16:00:00,136,1,6,2026-03-16 22:00:00,142,0.0009,0.009211507223518833,0.011343542481608302,0.00748227356273602,6.908115232660574e-05,4.3326325254693545e-05
39119,2026-03-16 17:00:00,137,1,6,2026-03-16 23:00:00,143,0.0008,0.008454378855174478,0.008242921326272034,0.0068333538659004316,5.858951565854215e-05,3.6401358871175675e-05
39119,2026-03-16 18:00:00,138,1,6,2026-03-17 00:00:00,144,0.0008,0.007673153493261338,0.008218034760392335,0.006187945857315937,4.7240238941930534e-05,2.9029960561367967e-05
39119,2026-03-16 19:00:00,139,1,6,2026-03-17 01:00:00,145,0.0007,0.007419924222954605,0.008171866349824261,0.006045009635618658,4.515738156225205e-05,2.8569128004856298e-05
39119,2026-03-16 20:00:00,140,1,6,2026-03-17 02:00:00,146,0.0007,0.007248881423473014,0.00738581086679161,0.005892154710789134,4.288784789870993e-05,2.69584705407698e-05
39119,2026-03-16 21:00:00,141,1,6,2026-03-17 03:00:00,147,0.0007,0.007117962278203912,0.007419278306116808,0.005805156472819417,4.119023980444835e-05,2.606262261196999e-05
39119,2026-03-16 22:00:00,142,1,6,2026-03-17 04:00:00,148,0.0007,0.007248009002699963,0.007535407657540425,0.005825394057461489,4.287642189943976e-05,2.6269664244261542e-05
39119,2026-03-16 23:00:00,143,1,6,2026-03-17 05:00:00,149,0.0007,0.007114811905752679,0.007736283756059139,0.005668292435168556,4.1149811786186316e-05,2.4683929721353097e-05
39119,2026-03-17 00:00:00,144,1,6,2026-03-17 06:00:00,150,0.0007,0.006978980860602214,0.00814776229582098,0.005394337482467968,3.942560064780891e-05,2.20368043993037e-05
39119,2026-03-17 01:00:00,145,1,6,2026-03-17 07:00:00,151,0.0007,0.006623108848836652,0.008139597444409757,0.005381182437738508,3.5083218435167045e-05,2.1913469015391437e-05
39119,2026-03-17 02:00:00,146,1,6,2026-03-17 08:00:00,152,0.0007,0.006126013404249176,0.006218232791744583,0.004838672215979114,2.9441621463091734e-05,1.7128607711317473e-05
39119,2026-03-17 03:00:00,147,1,6,2026-03-17 09:00:00,153,0.0008,0.005522155701102759,0.005773045264426001,0.0046146423587624455,2.2298754465457288e-05,1.4551496325264714e-05
39119,2026-03-17 04:00:00,148,1,6,2026-03-17 10:00:00,154,0.0008,0.004933545913472027,0.005807700596113681,0.0043111022912640734,1.7086201818781293e-05,1.2327839299719828e-05
39119,2026-03-17 05:00:00,149,1,6,2026-03-17 11:00:00,155,0.0009,0.004971444321763808,0.0050965499243007415,0.004176454990899705,1.6576658865222755e-05,1.0735157307391586e-05
39119,2026-03-17 06:00:00,150,1,6,2026-03-17 12:00:00,156,0.0012,0.004792833198903015,0.004444245468553668,0.0039101152601810326,1.2908450395139677e-05,7.344724723466108e-06
39119,2026-03-17 07:00:00,151,1,6,2026-03-17 13:00:00,157,0.0008,0.003901947835210014,0.003941397822948325,0.0032739952264266934,9.622080372364092e-06,6.120652380382066e-06
39119,2026-03-17 08:00:00,152,1,6,2026-03-17 14:00:00,158,0.0006,0.003977134736730493,0.003998106591433847,0.0034303379060376476,1.1405039030031736e-05,8.010812662353577e-06
39119,2026-03-17 09:00:00,153,1,6,2026-03-17 15:00:00,159,0.0006,0.0031108876099940454,0.003539498057017883,0.0029732868192465685,6.30455659002161e-06,5.632490326409495e-06
39119,2026-03-17 10:00:00,154,1,6,2026-03-17 16:00:00,160,0.0006,0.0029559583125287853,0.003449447590639344,0.0028887106747457095,5.550539570373482e-06,5.238196552694961e-06
39119,2026-03-17 11:00:00,155,1,6,2026-03-17 17:00:00,161,0.0005,0.002521896814972195,0.003411950343373781,0.002651944165304522,4.088066730394706e-06,4.6308636905881765e-06
39119,2026-03-17 12:00:00,156,1,6,2026-03-17 18:00:00,162,0.0003,0.0018602867874751264,0.0014555222028272417,0.002352530421956605,2.4344948591694505e-06,4.2128811330573585e-06
39119,2026-03-17 13:00:00,157,1,6,2026-03-17 19:00:00,163,0.0002,0.0015479021011391213,0.001357627624490552,0.0020416857564643127,1.8168400742552576e-06,3.3918064255635274e-06
39119,2026-03-17 14:00:00,158,1,6,2026-03-17 20:00:00,164,0.0002,0.0014129654432996548,0.0012685860391118962,0.002035024907716537,1.4712851666391278e-06,3.3673164119400857e-06
39119,2026-03-17 15:00:00,159,1,6,2026-03-17 21:00:00,165,0.0001,0.0013231577508560387,0.0011988957220563363,0.001989253421544493,1.4961148834792032e-06,3.5692784908175744e-06
39119,2026-03-17 16:00:00,160,1,6,2026-03-17 22:00:00,166,0.0001,0.0012972278345539567,0.0010227834976606414,0.002031157002898272,1.4333544878307562e-06,3.729367369843036e-06
39119,2026-03-17 17:00:00,161,1,6,2026-03-17 23:00:00,167,0.0001,0.0012798224020920616,0.0,0.0018602422665036993,1.3919809004782822e-06,3.09845283678608e-06
39119,2026-03-17 18:00:00,162,1,6,2026-03-18 00:00:00,168,0.0,0.0014375525529369167,0.0,0.0018193286006087507,2.0665573424554465e-06,3.309956556992995e-06
39119,2026-03-17 19:00:00,163,1,6,2026-03-18 01:00:00,169,0.0,0.0014669855876251684,0.0,0.0019322787798549072,2.1520467142999608e-06,3.7337012830775688e-06
39119,2026-03-17 20:00:00,164,1,6,2026-03-18 02:00:00,170,0.0,0.001473737934702848,0.0,0.002127871596424874,2.171903500182216e-06,4.527837530871741e-06
39119,2026-03-17 21:00:00,165,1,6,2026-03-18 03:00:00,171,0.0,0.0013397233955062485,0.0,0.0019140163084308205,1.7948587764667922e-06,3.663458428939146e-06
39119,2026-03-17 22:00:00,166,1,6,2026-03-18 04:00:00,172,0.0,0.001599240190839419,0.0010707751121962865,0.002169430677273756,2.557569187996101e-06,4.706429463496468e-06
39119,2026-03-17 23:00:00,167,1,6,2026-03-18 05:00:00,173,0.0,0.0011795219424793515,0.001124923733258222,0.0020109609049996906,1.3912720127902625e-06,4.043963761437175e-06
39119,2026-03-18 00:00:00,168,1,6,2026-03-18 06:00:00,174,0.0,0.001343106112849211,0.0016885122976660833,0.0020544689980089375,1.8039340303729177e-06,4.220842863779848e-06
39119,2026-03-18 01:00:00,169,1,6,2026-03-18 07:00:00,175,0.0,0.0016177408339825396,0.0027575597759702053,0.002484258068259488,2.6170854059345228e-06,6.171538149712363e-06
39119,2026-03-18 02:00:00,170,1,6,2026-03-18 08:00:00,176,0.0001,0.0021192141110323703,0.003494205272008062,0.002550312058925485,4.077225626192246e-06,6.004029186115651e-06
39119,2026-03-18 03:00:00,171,1,6,2026-03-18 09:00:00,177,0.0004,0.0025443614471420133,0.004590374463281994,0.002740046239776755,4.598286015988988e-06,5.475816404293331e-06
39119,2026-03-18 04:00:00,172,1,6,2026-03-18 10:00:00,178,0.0003,0.004166480387678062,0.0052297371231633675,0.0037002220035825,1.4949670588299095e-05,1.1561509673646593e-05
39119,2026-03-18 05:00:00,173,1,6,2026-03-18 11:00:00,179,0.0007,0.00594250136731263,0.006347209835791871,0.004236630431856673,2.7483820586274797e-05,1.2507754811534715e-05
39119,2026-03-18 06:00:00,174,1,6,2026-03-18 12:00:00,180,0.0003,0.005380135921505592,0.005263830887202078,0.003835896610343239,2.5807780980971468e-05,1.2502564839036808e-05
39119,2026-03-18 07:00:00,175,1,6,2026-03-18 13:00:00,181,0.0002,0.00473298270430793,0.0039324726042802,0.0032022677234907868,2.0547932197554837e-05,9.013611483514551e-06
39119,2026-03-18 08:00:00,176,1,6,2026-03-18 14:00:00,182,0.0003,0.002884859670331445,0.002402318350511111,0.0026464677954371857,6.681499515305987e-06,5.505911115023847e-06
39119,2026-03-18 09:00:00,177,1,6,2026-03-18 15:00:00,183,0.0002,0.0023406140600836086,0.0024643770235894223,0.0025061281049873316,4.582228554227631e-06,5.31822683661246e-06
39119,2026-03-18 10:00:00,178,1,6,2026-03-18 16:00:00,184,0.0002,0.0022965127176239946,0.001971550820291395,0.0021535970733130277,4.395365575159147e-06,3.816541524857227e-06
39119,2026-03-18 11:00:00,179,1,6,2026-03-18 17:00:00,185,0.0001,0.0014154278943173068,0.0015419726237691272,0.001764202972021248,1.7303505451480635e-06,2.769571532084355e-06
39119,2026-03-18 12:00:00,180,1,6,2026-03-18 18:00:00,186,0.0001,0.0013220642637395738,0.001420307563947795,0.0017218681473137095,1.4934410647093463e-06,2.6304562872708045e-06
39119,2026-03-18 13:00:00,181,1,6,2026-03-18 19:00:00,187,0.0001,0.0011835939542975149,0.001237038550861312,0.0017051587624092868,1.1741758577901245e-06,2.576534652539313e-06
39119,2026-03-18 14:00:00,182,1,6,2026-03-18 20:00:00,188,0.0001,0.0011117686508718139,0.0011027866313768329,0.0016900921603879866,1.0236758028869703e-06,2.5283930785273342e-06
39119,2026-03-18 15:00:00,183,1,6,2026-03-18 21:00:00,189,0.0001,0.0,0.0011000814302409311,0.0016900668079506884,1e-08,2.528312453746491e-06
39119,2026-03-18 16:00:00,184,1,6,2026-03-18 22:00:00,190,0.0001,0.0,0.0010645224959278511,0.0016170759875620852,1e-08,2.301519552037476e-06
39119,2026-03-18 17:00:00,185,1,6,2026-03-18 23:00:00,191,0.0,0.0,0.0010645224959278511,0.0016251341050058188,0.0,2.641060859253064e-06
39119,2026-03-18 18:00:00,186,1,6,2026-03-19 00:00:00,192,0.0,0.0,0.0010568861036752092,0.0016356337322884567,0.0,2.6752977061998667e-06
39119,2026-03-18 19:00:00,187,1,6,2026-03-19 01:00:00,193,0.0001,0.0,0.0,0.0016465367929111574,1e-08,2.391776051827928e-06
39119,2026-03-18 20:00:00,188,1,6,2026-03-19 02:00:00,194,0.0001,0.0,0.0,0.0017710627529974904,1e-08,2.7924507244555516e-06
39119,2026-03-18 21:00:00,189,1,6,2026-03-19 03:00:00,195,0.0,0.0,0.0010558861002918493,0.0018318524800713457,0.0,3.3556835087435397e-06
39119,2026-03-18 22:00:00,190,1,6,2026-03-19 04:00:00,196,0.0,0.0,0.0010411892140808035,0.0016368263382906497,0.0,2.6792004617219766e-06
39119,2026-03-18 23:00:00,191,1,6,2026-03-19 05:00:00,197,0.0,0.0,0.001051782665676653,0.0018640998056843729,0.0,3.4748680855525168e-06
39119,2026-03-19 00:00:00,192,1,6,2026-03-19 06:00:00,198,0.0,0.0,0.0012415993583829129,0.0016998572973381666,0.0,2.889514831313816e-06
39119,2026-03-19 01:00:00,193,1,6,2026-03-19 07:00:00,199,0.0,0.0,0.001236989185649063,0.0017054864239611205,0.0,2.908683942315691e-06
39119,2026-03-19 02:00:00,194,1,6,2026-03-19 08:00:00,200,0.0001,0.0,0.0017303441257668323,0.0016591675027985285,1e-08,2.4310033017829995e-06
39119,2026-03-19 03:00:00,195,1,6,2026-03-19 09:00:00,201,0.0002,0.0,0.00116313113400647,0.002009853943948247,4e-08,3.2755712984250245e-06
39119,2026-03-19 04:00:00,196,1,6,2026-03-19 10:00:00,202,0.0002,0.0,0.0010372330111416493,0.0017342209778269534,4e-08,2.353834008804293e-06
39119,2026-03-19 05:00:00,197,1,6,2026-03-19 11:00:00,203,0.0003,0.0012324390945382734,0.0011134556274140011,0.0018591109142981372,8.694426650233552e-07,2.4308268430835735e-06
39119,2026-03-19 06:00:00,198,1,6,2026-03-19 12:00:00,204,0.0006,0.0012941187026785626,0.0013081011931138017,0.0016530202422195262,4.818007734081709e-07,1.1088516305240694e-06
39119,2026-03-19 07:00:00,199,1,6,2026-03-19 13:00:00,205,0.0007,0.0014250069726800376,0.0015723935244702707,0.0017885749573275283,5.256351104346727e-07,1.1849954377206297e-06
39119,2026-03-19 08:00:00,200,1,6,2026-03-19 14:00:00,206,0.0006,0.0011855488536980092,0.001695872012588021,0.0018710171588113419,3.4286746006705266e-07,1.6154846179928558e-06
39119,2026-03-19 09:00:00,201,1,6,2026-03-19 15:00:00,207,0.0002,0.0010023104965229894,0.0017414406575227259,0.0017993058979296147,6.437021328309658e-07,2.557779355152451e-06
39119,2026-03-19 10:00:00,202,1,6,2026-03-19 16:00:00,208,0.0002,0.0,0.0013475302554505353,0.0017226331296113207,4e-08,2.3184116473899648e-06
39119,2026-03-19 11:00:00,203,1,6,2026-03-19 17:00:00,209,0.0002,0.0,0.0013475302554505353,0.001714224203778861,4e-08,2.2928749393097256e-06
39119,2026-03-19 12:00:00,204,1,6,2026-03-19 18:00:00,210,0.0002,0.0,0.001273298446304669,0.0016878338252927566,4e-08,2.2136494916852767e-06
39119,2026-03-19 13:00:00,205,1,6,2026-03-19 19:00:00,211,0.0001,0.0,0.0012605325726369417,0.0016207543461188307,1e-08,2.3126937812393123e-06
39119,2026-03-19 14:00:00,206,1,6,2026-03-19 20:00:00,212,0.0001,0.0,0.001270180449279507,0.001607563858961623,1e-08,2.27274878884726e-06
39119,2026-03-19 15:00:00,207,1,6,2026-03-19 21:00:00,213,0.0,0.0,0.0013134749551955008,0.001566766027024077,0.0,2.4547557834368107e-06
39119,2026-03-19 16:00:00,208,1,6,2026-03-19 22:00:00,214,0.0,0.0,0.0013212103045117593,0.001580558392418576,0.0,2.4981648318447935e-06
39119,2026-03-19 17:00:00,209,1,6,2026-03-19 23:00:00,215,0.0,0.0,0.0014415378349838955,0.001613330667355733,0.0,2.6028358422304947e-06
42053,2026-03-14 00:00:00,72,3,6,2026-03-14 06:00:00,78,0.4677,0.0887142144790554,0.09119572905369419,0.08908181169047778,0.1436302256269274,0.14335173251878483
42053,2026-03-14 01:00:00,73,3,6,2026-03-14 07:00:00,79,0.4704,0.08365506190225146,0.08954846645750346,0.083409876760652,0.14957164714423132,0.14976135548480576
42053,2026-03-14 02:00:00,74,3,6,2026-03-14 08:00:00,80,0.4185,0.0819702987836603,0.0853231672464981,0.08296158256604702,0.11325223980075885,0.11258602957408168
42053,2026-03-14 03:00:00,75,3,6,2026-03-14 09:00:00,81,0.3444,0.08164714612612158,0.08473495644854648,0.08237022906142792,0.06903906221886771,0.06865960085812053
42053,2026-03-14 04:00:00,76,3,6,2026-03-14 10:00:00,82,0.2916,0.07943323975320363,0.08410730645341236,0.080275014902753,0.04501473415362158,0.04465824932635167
42053,2026-03-14 05:00:00,77,3,6,2026-03-14 11:00:00,83,0.2639,0.0748145993491659,0.07710106097010809,0.07459675240217974,0.03575328873928646,0.035835719551081655
42053,2026-03-14 06:00:00,78,3,6,2026-03-14 12:00:00,84,0.2475,0.07088319433346746,0.0753189802152631,0.07165295449159939,0.03119349604384972,0.030922183414033515
42053,2026-03-14 07:00:00,79,3,6,2026-03-14 13:00:00,85,0.2309,0.06848625433311971,0.07477749186165294,0.06913345145742893,0.02637822478154607,0.026168416227375996
42053,2026-03-14 08:00:00,80,3,6,2026-03-14 14:00:00,86,0.2138,0.06458880999663355,0.07381404333753565,0.06550332298408333,0.02226397922222072,0.0219919044139631
42053,2026-03-14 09:00:00,81,3,6,2026-03-14 15:00:00,87,0.1917,0.052739218202200434,0.05573446688609768,0.05351934646603029,0.019310098877855668,0.01909389301107498
42053,2026-03-14 10:00:00,82,3,6,2026-03-14 16:00:00,88,0.0656,0.048334466783250735,0.048852825721138936,0.04830769766619764,0.00029809863725867243,0.00029902372000362664
42053,2026-03-14 11:00:00,83,3,6,2026-03-14 17:00:00,89,0.0515,0.04095104101704512,0.04698427387016377,0.040587519703458995,0.00011128053562406434,0.0001190822262223956
42053,2026-03-14 12:00:00,84,3,6,2026-03-14 18:00:00,90,0.0439,0.03435970762855136,0.038420374162793966,0.03444928773335387,9.101717853272114e-05,8.931596234693561e-05
42053,2026-03-14 13:00:00,85,3,6,2026-03-14 19:00:00,91,0.0287,0.029514511258629826,0.030491277978438747,0.030698260015138104,6.634285904347438e-07,3.993043088099737e-06
42053,2026-03-14 14:00:00,86,3,6,2026-03-14 20:00:00,92,0.0165,0.025106359979372068,0.0267781217166091,0.02483563871831613,7.406943209453716e-05,6.948287284229094e-05
42053,2026-03-14 15:00:00,87,3,6,2026-03-14 21:00:00,93,0.0042,0.023286965302353507,0.02700407532443856,0.02262994878220313,0.00036431224445324675,0.0003396630121146306
42053,2026-03-14 16:00:00,88,3,6,2026-03-14 22:00:00,94,0.0035,0.021064607675902514,0.021892958758201804,0.02075077548004935,0.0003085154428083735,0.0002975892546630719
42053,2026-03-14 17:00:00,89,3,6,2026-03-14 23:00:00,95,0.0031,0.020342284794250945,0.020905494419296223,0.019686886403805573,0.0002972963849260574,0.0002751248005727502
42053,2026-03-14 18:00:00,90,3,6,2026-03-15 00:00:00,96,0.0034,0.019253211695578296,0.020495579827230753,0.018550991728665343,0.00025132432106482044,0.00022955255036208563
42053,2026-03-14 19:00:00,91,3,6,2026-03-15 01:00:00,97,0.0029,0.017082492005173158,0.019193453013466755,0.017329280959850844,0.00020114307947680056,0.0002082041490183141
42053,2026-03-14 20:00:00,92,3,6,2026-03-15 02:00:00,98,0.0028,0.016591146422429225,0.020033624511881756,0.01666934821583328,0.00019019571964488239,0.00019235881993203774
42053,2026-03-14 21:00:00,93,3,6,2026-03-15 03:00:00,99,0.0028,0.014678142481286953,0.021142296327746904,0.014837248545880468,0.00014109026880575377,0.00014489535255530144
42053,2026-03-14 22:00:00,94,3,6,2026-03-15 04:00:00,100,0.0028,0.014281368379085313,0.02053167035631396,0.014594846029627594,0.0001318218198562601,0.0001391183928626218
42053,2026-03-14 23:00:00,95,3,6,2026-03-15 05:00:00,101,0.0027,0.013480615701737805,0.016123449252318137,0.013830724305049207,0.00011622167490855568,0.00012389302355501314
42053,2026-03-15 00:00:00,96,3,6,2026-03-15 06:00:00,102,0.0016,0.012552385294149291,0.015890992549221928,0.012700373473995443,0.00011995474363149763,0.00012321829126218163
42053,2026-03-15 01:00:00,97,3,6,2026-03-15 07:00:00,103,0.0015,0.011343077615855558,0.013503120622739038,0.01158331985396898,9.688617695175673e-05,0.00010167333927744503
42053,2026-03-15 02:00:00,98,3,6,2026-03-15 08:00:00,104,0.0016,0.012162997122656121,0.014508436173167319,0.011978173472703349,0.00011157690821324149,0.00010770648462952347
42053,2026-03-15 03:00:00,99,3,6,2026-03-15 09:00:00,105,0.0018,0.013091295466267342,0.015478651138237928,0.012422588112822291,0.00012749335330654944,0.00011283937821467346
42053,2026-03-15 04:00:00,100,3,6,2026-03-15 10:00:00,106,0.0024,0.015987474914292067,0.017506406381528814,0.014221936494158628,0.00018461947454651625,0.0001397581824719196
42053,2026-03-15 05:00:00,101,3,6,2026-03-15 11:00:00,107,0.0019,0.016931342306339785,0.01729687264311896,0.01527587505521731,0.00022594125153036024,0.00017891403349278465
42053,2026-03-15 06:00:00,102,3,6,2026-03-15 12:00:00,108,0.0184,0.01765878777739447,0.0175288910571827,0.015813116986005626,5.493955589398287e-07,6.691963728092613e-06
42053,2026-03-15 07:00:00,103,3,6,2026-03-15 13:00:00,109,0.075,0.016748271427950073,0.01522773462117145,0.016464362830040845,0.0033932638816317777,0.0034264208188931034
42053,2026-03-15 08:00:00,104,3,6,2026-03-15 14:00:00,110,0.0191,0.01796865269143634,0.0174092856320031,0.01734145654128569,1.279946732594234e-06,3.092475096186879e-06
42053,2026-03-15 09:00:00,105,3,6,2026-03-15 15:00:00,111,0.0034,0.018827157522678165,0.019983084661984906,0.017785586966202308,0.0002379971892295255,0.00020694511236216972
42053,2026-03-15 10:00:00,106,3,6,2026-03-15 16:00:00,112,0.0109,0.02339451617212322,0.022656407465974554,0.02010474543866072,0.00015611293437544865,8.472733859054532e-05
42053,2026-03-15 11:00:00,107,3,6,2026-03-15 17:00:00,113,0.0186,0.029013209780003376,0.02494661442799882,0.02377154641414911,0.00010843493792235798,2.6744892313698517e-05
42053,2026-03-15 12:00:00,108,3,6,2026-03-15 18:00:00,114,0.0365,0.029682809212856653,0.027519343246966525,0.02480008250756061,4.647409022831209e-05,0.00013688806932988918
42053,2026-03-15 13:00:00,109,3,6,2026-03-15 19:00:00,115,0.0429,0.02780996857950291,0.02570584230976643,0.023141662872493782,0.00022770904827158948,0.0003903918860441907
42053,2026-03-15 14:00:00,110,3,6,2026-03-15 20:00:00,116,0.0429,0.02380750577784385,0.024620379609702175,0.0202668111731349,0.0003645233356230659,0.0005122612364725312
42053,2026-03-15 15:00:00,111,3,6,2026-03-15 21:00:00,117,0.0318,0.021607164295252352,0.023231122011057377,0.01843854070276925,0.00010389389970397852,0.00017852859455155413
42053,2026-03-15 16:00:00,112,3,6,2026-03-15 22:00:00,118,0.0339,0.020167984734203004,0.02082670443206715,0.018316872287403488,0.00018856824326008174,0.0002428338693070934
42053,2026-03-15 17:00:00,113,3,6,2026-03-15 23:00:00,119,0.0367,0.019278969852043425,0.021918623961395774,0.017535288847155613,0.00030349229141601197,0.0003672861535719582
42053,2026-03-15 18:00:00,114,3,6,2026-03-16 00:00:00,120,0.026,0.014853564605966629,0.015411659816522453,0.013855028808876183,0.00012424302199335983,0.00014750032523322743
42053,2026-03-15 19:00:00,115,3,6,2026-03-16 01:00:00,121,0.0239,0.015126845785896,0.01659477510461295,0.013914699160644525,7.69682348644508e-05,9.970623285243319e-05
42053,2026-03-15 20:00:00,116,3,6,2026-03-16 02:00:00,122,0.0228,0.014753506316044862,0.016035003732644257,0.013107985499421626,6.474606060592995e-05,9.393514507942147e-05
42053,2026-03-15 21:00:00,117,3,6,2026-03-16 03:00:00,123,0.0219,0.013829813479112786,0.01426344887722454,0.012705839596569667,6.512791048190966e-05,8.453258552400622e-05
42053,2026-03-15 22:00:00,118,3,6,2026-03-16 04:00:00,124,0.0206,0.01124340572724612,0.009426264492231152,0.011140997442354202,8.75458563849307e-05,8.947272938554976e-05
42053,2026-03-15 23:00:00,119,3,6,2026-03-16 05:00:00,125,0.0141,0.012105726666694619,0.014317319746381106,0.011850455217793512,3.977126127932956e-06,5.0604517271524354e-06
42053,2026-03-16 00:00:00,120,3,6,2026-03-16 06:00:00,126,0.0134,0.011769543708665876,0.014452483077636892,0.011321046903260733,2.658387717951026e-06,4.3220459784417895e-06
42053,2026-03-16 01:00:00,121,3,6,2026-03-16 07:00:00,127,0.0133,0.014180221224604063,0.01576841583076456,0.01370820775479892,7.747894042434767e-07,1.666335710779754e-07
42053,2026-03-16 02:00:00,122,3,6,2026-03-16 08:00:00,128,0.0126,0.013514554857311492,0.012335314146260289,0.013058909194574619,8.364105870320441e-07,2.105976488651255e-07
42053,2026-03-16 03:00:00,123,3,6,2026-03-16 09:00:00,129,0.01,0.013267852234115729,0.008070203612618284,0.012026418217196664,1.0678858224015158e-05,4.106370790986505e-06
42053,2026-03-16 04:00:00,124,3,6,2026-03-16 10:00:00,130,0.007,0.013984341482754742,0.008323318125737812,0.012399069937345361,4.87810259477287e-05,2.9149956188346443e-05
42053,2026-03-16 05:00:00,125,3,6,2026-03-16 11:00:00,131,0.0057,0.014906994647062256,0.008151602958204485,0.012752228392405309,8.476875043103303e-05,4.9733925298647564e-05
42053,2026-03-16 06:00:00,126,3,6,2026-03-16 12:00:00,132,0.0025,0.014198020160464696,0.010598362946516041,0.012448688283758934,0.00013684367567463846,9.897639856740228e-05
42053,2026-03-16 07:00:00,127,3,6,2026-03-16 13:00:00,133,0.0017,0.013822802889371578,0.008958365607059883,0.012487840094632273,0.0001469623498945559,0.00011637749390735563
42053,2026-03-16 08:00:00,128,3,6,2026-03-16 14:00:00,134,0.0041,0.01334277040484973,0.009578981022916723,0.01257196056209075,8.542880475676606e-05,7.177411576562101e-05
42053,2026-03-16 09:00:00,129,3,6,2026-03-16 15:00:00,135,0.0144,0.012402967772512865,0.011245725962693215,0.011688214909090677,3.988137717622226e-06,7.353778379278085e-06
42053,2026-03-16 10:00:00,130,3,6,2026-03-16 16:00:00,136,0.0152,0.012403522545940052,0.010196444207834714,0.01169328696115499,7.82028615106561e-06,1.2297036336805607e-05
42053,2026-03-16 11:00:00,131,3,6,2026-03-16 17:00:00,137,0.0147,0.012244485149977193,0.009855263203539985,0.011961074781012987,6.029553178682525e-06,7.501711355203053e-06
42053,2026-03-16 12:00:00,132,3,6,2026-03-16 18:00:00,138,0.0217,0.012189110839460445,0.01048081791501862,0.012478835218132407,9.045701262406881e-05,8.502987993435523e-05
42053,2026-03-16 13:00:00,133,3,6,2026-03-16 19:00:00,139,0.0232,0.013145717257186528,0.010338734683518412,0.012671279424124195,0.00010108860147243675,0.00011085395696487051
42053,2026-03-16 14:00:00,134,3,6,2026-03-16 20:00:00,140,0.0228,0.015377511605031887,0.01308041665114185,0.013279900599691565,5.509333397343632e-05,9.063229259175305e-05
42053,2026-03-16 15:00:00,135,3,6,2026-03-16 21:00:00,141,0.0172,0.01651288823626444,0.013475192615056197,0.014447921720134262,4.721225758637942e-07,7.57393485850876e-06
42053,2026-03-16 16:00:00,136,3,6,2026-03-16 22:00:00,142,0.0172,0.020147241842445585,0.018213357997951467,0.01707900384754284,8.686234477862048e-06,1.4640068909436233e-08
42053,2026-03-16 17:00:00,137,3,6,2026-03-16 23:00:00,143,0.0177,0.02123104096108632,0.02134659271478308,0.017122282917797185,1.2468250268869408e-05,3.3375702706893515e-07
42053,2026-03-16 18:00:00,138,3,6,2026-03-17 00:00:00,144,0.0171,0.019898980851723588,0.022306215685881852,0.017077792277840745,7.834293808315296e-06,4.931829235027006e-10
42053,2026-03-16 19:00:00,139,3,6,2026-03-17 01:00:00,145,0.0158,0.018011381413609553,0.01928093838324958,0.015545457586874598,4.890207756457777e-06,6.479184007970366e-08
42053,2026-03-16 20:00:00,140,3,6,2026-03-17 02:00:00,146,0.0078,0.017894302553225733,0.0184150093904898,0.01530724437491729,0.00010189494403605957,5.6358718104727285e-05
42053,2026-03-16 21:00:00,141,3,6,2026-03-17 03:00:00,147,0.02,0.01836666179527328,0.018782442713695075,0.01550990739251569,2.6677936910199038e-06,2.0160931623785254e-05
42053,2026-03-16 22:00:00,142,3,6,2026-03-17 04:00:00,148,0.0209,0.016982226118505153,0.01978887828411325,0.01562084140656587,1.5348952186523184e-05,2.7869515454629412e-05
42053,2026-03-16 23:00:00,143,3,6,2026-03-17 05:00:00,149,0.0152,0.015267538177075388,0.01486314483738664,0.014488399776035187,4.561405362666466e-09,5.063748787467727e-07
42053,2026-03-17 00:00:00,144,3,6,2026-03-17 06:00:00,150,0.0153,0.013489455690491342,0.010399950193111072,0.013775693603041457,3.2780706966941808e-06,2.323509991808732e-06
42053,2026-03-17 01:00:00,145,3,6,2026-03-17 07:00:00,151,0.0154,0.012241315139912527,0.00948258644520499,0.013520227258402446,9.977290045345822e-06,3.5335455600531854e-06
42053,2026-03-17 02:00:00,146,3,6,2026-03-17 08:00:00,152,0.0165,0.01256561735021594,0.012221964364340228,0.01292670874180857,1.5479366834921843e-05,1.27684104158673e-05
42053,2026-03-17 03:00:00,147,3,6,2026-03-17 09:00:00,153,0.0207,0.013138892188192905,0.012698005928243467,0.013971948107356644,5.717035134177027e-05,4.526668227010184e-05
42053,2026-03-17 04:00:00,148,3,6,2026-03-17 10:00:00,154,0.0362,0.01335216399036715,0.016383968821718983,0.013150061033451312,0.0005220236103230758,0.0005312996863616197
42053,2026-03-17 05:00:00,149,3,6,2026-03-17 11:00:00,155,0.0376,0.01373491715123792,0.013854093032574528,0.012884890323912991,0.000569542179378278,0.0006108366463010098
42053,2026-03-17 06:00:00,150,3,6,2026-03-17 12:00:00,156,0.033,0.015314829501840216,0.017917471795241138,0.013138115676259202,0.0003127652555489812,0.0003944944488896606
42053,2026-03-17 07:00:00,151,3,6,2026-03-17 13:00:00,157,0.0076,0.01608768907304485,0.016283864481626654,0.013806717113068061,7.204086580068497e-05,3.852333732165193e-05
42053,2026-03-17 08:00:00,152,3,6,2026-03-17 14:00:00,158,0.0092,0.014412567596060272,0.014131400701706116,0.013294080480678155,2.717086094349756e-05,1.6761494982269874e-05
42053,2026-03-17 09:00:00,153,3,6,2026-03-17 15:00:00,159,0.0199,0.011135061804718235,0.007782198574120135,0.010912126931714656,7.682414156710919e-05,8.078186229160902e-05
42053,2026-03-17 10:00:00,154,3,6,2026-03-17 16:00:00,160,0.0175,0.010900674934069503,0.00781445443710512,0.01111083098013423,4.355109132581858e-05,4.0821480764412555e-05
42053,2026-03-17 11:00:00,155,3,6,2026-03-17 17:00:00,161,0.0036,0.009365057104789022,0.005198624471281759,0.01015621613739206,3.323588342147839e-05,4.298397004020007e-05
42053,2026-03-17 12:00:00,156,3,6,2026-03-17 18:00:00,162,0.0011,0.0073370288295686184,0.0040016461800807725,0.008682084624804381,3.890052862087009e-05,5.7488007257695e-05
42053,2026-03-17 13:00:00,157,3,6,2026-03-17 19:00:00,163,0.0018,0.006735029287842138,0.004273864154887064,0.008035375064938455,2.4354514071859677e-05,3.887990220045625e-05
42053,2026-03-17 14:00:00,158,3,6,2026-03-17 20:00:00,164,0.0018,0.006861056498559131,0.0069277709783802,0.007386542736487939,2.561429288160761e-05,3.120945974660614e-05
42053,2026-03-17 15:00:00,159,3,6,2026-03-17 21:00:00,165,0.0009,0.004822218098525817,0.004491561442503533,0.005614879418644248,1.538379481240348e-05,2.223008793235513e-05
42053,2026-03-17 16:00:00,160,3,6,2026-03-17 22:00:00,166,0.0,0.0050188617030407275,0.005914605660764497,0.00535602815704411,2.5188972794248872e-05,2.8687037619049326e-05
42053,2026-03-17 17:00:00,161,3,6,2026-03-17 23:00:00,167,0.0,0.004328050001603465,0.006465704420712327,0.004659541052019707,1.873201681637975e-05,2.1711322815456914e-05
42053,2026-03-17 18:00:00,162,3,6,2026-03-18 00:00:00,168,0.0,0.0034212781171139408,0.0053544222439512595,0.003810383746516875,1.1705143954642712e-05,1.4519024295719976e-05
42053,2026-03-17 19:00:00,163,3,6,2026-03-18 01:00:00,169,0.0,0.0034402271108777975,0.006347971615305653,0.0036293361556158205,1.1835162574418598e-05,1.3172080930460223e-05
42053,2026-03-17 20:00:00,164,3,6,2026-03-18 02:00:00,170,0.0,0.004346226933761101,0.009235637596124502,0.0037937229529102176,1.8889688559750424e-05,1.439233384343782e-05
42053,2026-03-17 21:00:00,165,3,6,2026-03-18 03:00:00,171,0.0,0.004419140509034351,0.01007138386707213,0.004002083595398238,1.9528802838588385e-05,1.6016673104555685e-05
42053,2026-03-17 22:00:00,166,3,6,2026-03-18 04:00:00,172,0.0,0.004074785699264831,0.009178264931853626,0.003595559815495644,1.6603878494933178e-05,1.292805038680707e-05
42053,2026-03-17 23:00:00,167,3,6,2026-03-18 05:00:00,173,0.0,0.004119835224985313,0.008821943582796381,0.003684556659048769,1.6973042281029784e-05,1.3575957773740627e-05
42053,2026-03-18 00:00:00,168,3,6,2026-03-18 06:00:00,174,0.0,0.004332509325378656,0.009161479954736857,0.003851388423890083,1.877063705449302e-05,1.4833192791674538e-05
42053,2026-03-18 01:00:00,169,3,6,2026-03-18 07:00:00,175,0.0,0.004679166967848631,0.009503666629795774,0.003909852585625164,2.1894603513005756e-05,1.528694724131978e-05
42053,2026-03-18 02:00:00,170,3,6,2026-03-18 08:00:00,176,0.0,0.0053226632868044145,0.011052333476579062,0.004472918372382721,2.8330744464695573e-05,2.0006998765998892e-05
42053,2026-03-18 03:00:00,171,3,6,2026-03-18 09:00:00,177,0.0002,0.006112234146137152,0.010104480528681879,0.0046782152956452465,3.4954512598750106e-05,2.0054412234151045e-05
42053,2026-03-18 04:00:00,172,3,6,2026-03-18 10:00:00,178,0.0006,0.006493289893386341,0.011218379278257114,0.004891515689492925,3.473086576748959e-05,1.841710691316394e-05
42053,2026-03-18 05:00:00,173,3,6,2026-03-18 11:00:00,179,0.0014,0.008033365143067898,0.011484363458418701,0.005839933991968185,4.4001533121268195e-05,1.971301385303454e-05
42053,2026-03-18 06:00:00,174,3,6,2026-03-18 12:00:00,180,0.0022,0.009021294172242,0.013108822415883396,0.006431076536427267,4.653005418426266e-05,1.7902008657105363e-05
42053,2026-03-18 07:00:00,175,3,6,2026-03-18 13:00:00,181,0.0022,0.011129340131663288,0.013781477274096846,0.007802292010900868,7.973311518693253e-05,3.138567577540368e-05
42053,2026-03-18 08:00:00,176,3,6,2026-03-18 14:00:00,182,0.0022,0.010078865518006064,0.013516309418356564,0.00697979382641466,6.207652185082496e-05,2.2846429023031695e-05
42053,2026-03-18 09:00:00,177,3,6,2026-03-18 15:00:00,183,0.0022,0.009731454561201584,0.012060940189623805,0.00699662680875705,5.6722807807444136e-05,2.3007628742486835e-05
42053,2026-03-18 10:00:00,178,3,6,2026-03-18 16:00:00,184,0.0023,0.008947304100853384,0.009977184315397025,0.006401612826836461,4.4186651809222224e-05,1.682322778126939e-05
42053,2026-03-18 11:00:00,179,3,6,2026-03-18 17:00:00,185,0.0024,0.007336500255445441,0.009656161006021378,0.005400375403958158,2.4369034772012902e-05,9.002252564677083e-06
42053,2026-03-18 12:00:00,180,3,6,2026-03-18 18:00:00,186,0.0024,0.0082604248365878,0.008188348389833233,0.007021351816573397,3.434457926529514e-05,2.1356892612546235e-05
42053,2026-03-18 13:00:00,181,3,6,2026-03-18 19:00:00,187,0.0024,0.005960399715859915,0.006516832341638506,0.005256527005359283,1.2676446136695363e-05,8.159746532346873e-06
42053,2026-03-18 14:00:00,182,3,6,2026-03-18 20:00:00,188,0.0024,0.004812732536845179,0.005610093959681392,0.00412449190315798,5.821278294351373e-06,2.9738723240574322e-06
42053,2026-03-18 15:00:00,183,3,6,2026-03-18 21:00:00,189,0.0022,0.004529095928408836,0.005784729111102008,0.003983501425445829,5.424687843730618e-06,3.180877334567304e-06
42053,2026-03-18 16:00:00,184,3,6,2026-03-18 22:00:00,190,0.0006,0.0037028547777493317,0.006129677309594271,0.003447516195399666,9.627707771801856e-06,8.108348483063389e-06
42053,2026-03-18 17:00:00,185,3,6,2026-03-18 23:00:00,191,0.0005,0.004000754770409742,0.006224820483822447,0.003704155037289005,1.2255283962546564e-05,1.0266609502984506e-05
42053,2026-03-18 18:00:00,186,3,6,2026-03-19 00:00:00,192,0.0005,0.0034870874567578796,0.006572276889999329,0.0030939915186017066,8.922691474320257e-06,6.728791998577588e-06
42053,2026-03-18 19:00:00,187,3,6,2026-03-19 01:00:00,193,0.0003,0.004165039767975227,0.007611651837712695,0.0036415827738753006,1.4938532408030001e-05,1.1166175434660149e-05
42053,2026-03-18 20:00:00,188,3,6,2026-03-19 02:00:00,194,0.0002,0.003907184938904002,0.007447347552847405,0.0035728568069351256,1.3743220171236666e-05,1.1376163040088611e-05
42053,2026-03-18 21:00:00,189,3,6,2026-03-19 03:00:00,195,0.0,0.0038234712542905406,0.007391198662899478,0.0035753627184480436,1.461893243238608e-05,1.2783218568468184e-05
42053,2026-03-18 22:00:00,190,3,6,2026-03-19 04:00:00,196,0.0,0.0036523209927917084,0.007380102824545069,0.003246164495208756,1.333944863438701e-05,1.0537583929953918e-05
42053,2026-03-18 23:00:00,191,3,6,2026-03-19 05:00:00,197,0.0,0.003925630528551741,0.007288331033127136,0.0032799166993372183,1.541057504669742e-05,1.0757853554591152e-05
42053,2026-03-19 00:00:00,192,3,6,2026-03-19 06:00:00,198,0.0,0.0036030003743254867,0.00563174263532437,0.003298820832860182,1.2981611697389598e-05,1.0882218887312344e-05
42053,2026-03-19 01:00:00,193,3,6,2026-03-19 07:00:00,199,0.0,0.0032201235455558905,0.005727630968418955,0.0030361550777679774,1.0369195648643438e-05,9.218237656256273e-06
42053,2026-03-19 02:00:00,194,3,6,2026-03-19 08:00:00,200,0.0001,0.002887411010731856,0.004960591236951264,0.0027700236506064805,7.769660142749187e-06,7.129026294797958e-06
42053,2026-03-19 03:00:00,195,3,6,2026-03-19 09:00:00,201,0.0002,0.0034718415885134934,0.005052770302351648,0.0030551751635697903,1.0704947380326499e-05,8.152025214665778e-06
42053,2026-03-19 04:00:00,196,3,6,2026-03-19 10:00:00,202,0.0001,0.0038833075257470747,0.005430789731027867,0.003017238917206952,1.4313415834374453e-05,8.510282900066791e-06
42053,2026-03-19 05:00:00,197,3,6,2026-03-19 11:00:00,203,0.0,0.004458606487542082,0.0055213019292331385,0.003483304717915388,1.987917181075234e-05,1.2133411757851603e-05
42053,2026-03-19 06:00:00,198,3,6,2026-03-19 12:00:00,204,0.0,0.0053801172508065945,0.007493030337869773,0.004245020408736855,2.8945661632426708e-05,1.8020198270592412e-05
42053,2026-03-19 07:00:00,199,3,6,2026-03-19 13:00:00,205,0.0,0.005542144911222253,0.006929533780447986,0.004491926198380476,3.071537021698671e-05,2.017740097169688e-05
42053,2026-03-19 08:00:00,200,3,6,2026-03-19 14:00:00,206,0.0,0.004768457359510818,0.005955545931098916,0.004131899623342433,2.2738185589472882e-05,1.707259449737734e-05
42053,2026-03-19 09:00:00,201,3,6,2026-03-19 15:00:00,207,0.0,0.004588762304365818,0.005365710070504484,0.003902829942052399,2.1056739485968692e-05,1.5232081556580734e-05
42053,2026-03-19 10:00:00,202,3,6,2026-03-19 16:00:00,208,0.0,0.0040459235868350735,0.00441692959266016,0.0038919195317904903,1.6369497670508386e-05,1.514703764193231e-05
42053,2026-03-19 11:00:00,203,3,6,2026-03-19 17:00:00,209,0.0,0.003725763845788317,0.004901854909913925,0.0032409256019348283,1.388131623458335e-05,1.050359875727663e-05
42053,2026-03-19 12:00:00,204,3,6,2026-03-19 18:00:00,210,0.0,0.0029498602309349785,0.003102394035139274,0.0026243152188849613,8.701675382051765e-06,6.887030368071222e-06
42053,2026-03-19 13:00:00,205,3,6,2026-03-19 19:00:00,211,0.0,0.0021845928103227086,0.0036176440777280334,0.0022700619555028824,4.77244574691367e-06,5.1531812818215705e-06
42053,2026-03-19 14:00:00,206,3,6,2026-03-19 20:00:00,212,0.0,0.0021237015765177758,0.004036570839023865,0.0019723419031643296,4.510108386104086e-06,3.8901325829778894e-06
42053,2026-03-19 15:00:00,207,3,6,2026-03-19 21:00:00,213,0.0,0.002437281577432807,0.0038652350162865913,0.0020524911012636733,5.940341487693353e-06,4.212719720766566e-06
42053,2026-03-19 16:00:00,208,3,6,2026-03-19 22:00:00,214,0.0,0.0027137230118846607,0.005843885745742967,0.002061582127017351,7.364292585232354e-06,4.250120866437384e-06
42053,2026-03-19 17:00:00,209,3,6,2026-03-19 23:00:00,215,0.0,0.002300551282141121,0.003968908115852187,0.0019757283563218184,5.292536201761155e-06,3.903502537974114e-06
54007,2026-03-14 00:00:00,72,4,6,2026-03-14 06:00:00,78,0.0002,0.0,0.0,0.0,4e-08,4e-08
54007,2026-03-14 01:00:00,73,4,6,2026-03-14 07:00:00,79,0.0002,0.0014005899074455038,0.00101529128219896,0.001290865955947023,1.4414161258600032e-06,1.189988533844212e-06
54007,2026-03-14 02:00:00,74,4,6,2026-03-14 08:00:00,80,0.0007,0.0,0.0,0.0,4.9e-07,4.9e-07
54007,2026-03-14 03:00:00,75,4,6,2026-03-14 09:00:00,81,0.0026,0.00159188202068873,0.0015954131973609706,0.0014868810789459513,1.016301860210638e-06,1.2390337324085292e-06
54007,2026-03-14 04:00:00,76,4,6,2026-03-14 10:00:00,82,0.0027,0.0023169098725020943,0.0028460627752471368,0.0020335149954011328,1.4675804578636178e-07,4.4420226135515225e-07
54007,2026-03-14 05:00:00,77,4,6,2026-03-14 11:00:00,83,0.0023,0.0022762816835692036,0.002302152014742022,0.0017999627450035916,5.62558534311383e-10,2.5003725638434314e-07
54007,2026-03-14 06:00:00,78,4,6,2026-03-14 12:00:00,84,0.0006,0.0014910024400655233,0.0019603949783781015,0.0013467078208016649,7.938853482027164e-07,5.575725696463714e-07
54007,2026-03-14 07:00:00,79,4,6,2026-03-14 13:00:00,85,0.0004,0.0013467658553702362,0.0020088646854406057,0.0,8.963655848949351e-07,1.6e-07
54007,2026-03-14 08:00:00,80,4,6,2026-03-14 14:00:00,86,0.0006,0.0,0.0,0.0,3.5999999999999994e-07,3.5999999999999994e-07
54007,2026-03-14 09:00:00,81,4,6,2026-03-14 15:00:00,87,0.0005,0.0,0.0,0.0,2.5e-07,2.5e-07
54007,2026-03-14 10:00:00,82,4,6,2026-03-14 16:00:00,88,0.0003,0.0,0.0,0.0,8.999999999999999e-08,8.999999999999999e-08
54007,2026-03-14 11:00:00,83,4,6,2026-03-14 17:00:00,89,0.0001,0.0,0.0,0.0,1e-08,1e-08
54007,2026-03-14 12:00:00,84,4,6,2026-03-14 18:00:00,90,0.0001,0.0,0.0,0.0,1e-08,1e-08
54007,2026-03-14 13:00:00,85,4,6,2026-03-14 19:00:00,91,0.0,0.0,0.0,0.0,0.0,0.0
54007,2026-03-14 14:00:00,86,4,6,2026-03-14 20:00:00,92,0.0,0.0,0.0,0.0,0.0,0.0
54007,2026-03-14 15:00:00,87,4,6,2026-03-14 21:00:00,93,0.0,0.0,0.0,0.0,0.0,0.0
54007,2026-03-14 16:00:00,88,4,6,2026-03-14 22:00:00,94,0.0,0.0,0.0,0.0,0.0,0.0
54007,2026-03-14 17:00:00,89,4,6,2026-03-14 23:00:00,95,0.0,0.0,0.0,0.0,0.0,0.0
54007,2026-03-14 18:00:00,90,4,6,2026-03-15 00:00:00,96,0.0,0.0011359939594367424,0.0,0.0,1.2904822758767671e-06,0.0
54007,2026-03-14 19:00:00,91,4,6,2026-03-15 01:00:00,97,0.0,0.0,0.0,0.0,0.0,0.0
54007,2026-03-14 20:00:00,92,4,6,2026-03-15 02:00:00,98,0.0,0.0,0.0,0.0,0.0,0.0
54007,2026-03-14 21:00:00,93,4,6,2026-03-15 03:00:00,99,0.0,0.0,0.0,0.0,0.0,0.0
54007,2026-03-14 22:00:00,94,4,6,2026-03-15 04:00:00,100,0.0,0.0,0.0,0.0,0.0,0.0
54007,2026-03-14 23:00:00,95,4,6,2026-03-15 05:00:00,101,0.0,0.0,0.0,0.0,0.0,0.0
54007,2026-03-15 00:00:00,96,4,6,2026-03-15 06:00:00,102,0.0,0.0,0.0,0.0,0.0,0.0
54007,2026-03-15 01:00:00,97,4,6,2026-03-15 07:00:00,103,0.0,0.0,0.0,0.0,0.0,0.0
54007,2026-03-15 02:00:00,98,4,6,2026-03-15 08:00:00,104,0.0,0.0019257239558963229,0.0028039862050353538,0.0018745272723947944,3.7084127543129827e-06,3.513852494951868e-06
54007,2026-03-15 03:00:00,99,4,6,2026-03-15 09:00:00,105,0.0,0.001833197870949714,0.0017154865541877343,0.0019382995286894424,3.3606144340545643e-06,3.7570050629177146e-06
54007,2026-03-15 04:00:00,100,4,6,2026-03-15 10:00:00,106,0.0,0.003457414652597638,0.004120520157040736,0.003521854166474688,1.1953716079996847e-05,1.2403456769915118e-05
54007,2026-03-15 05:00:00,101,4,6,2026-03-15 11:00:00,107,0.0,0.004335676149209119,0.003340890037341855,0.004225301956122906,1.8798087670820817e-05,1.785317662041606e-05
54007,2026-03-15 06:00:00,102,4,6,2026-03-15 12:00:00,108,0.0001,0.0042079361444565515,0.004779807752557003,0.004047010729396678,1.6875139366932556e-05,1.557889369797249e-05
54007,2026-03-15 07:00:00,103,4,6,2026-03-15 13:00:00,109,0.0005,0.003518116022458987,0.004263692414856094,0.0035061872326131345,9.109024325023656e-06,9.037161677526215e-06
54007,2026-03-15 08:00:00,104,4,6,2026-03-15 14:00:00,110,0.0006,0.0023477634512854982,0.0032745089234273756,0.0023817271251978687,3.054677081649397e-06,3.1745515486658624e-06
54007,2026-03-15 09:00:00,105,4,6,2026-03-15 15:00:00,111,0.0022,0.003804524117481683,0.005443347712099681,0.003636170561737964,2.574497643580373e-06,2.062585882402739e-06
54007,2026-03-15 10:00:00,106,4,6,2026-03-15 16:00:00,112,0.0078,0.003845011498014205,0.006199684248342766,0.0037526788377049386,1.564193405083984e-05,1.638080859076144e-05
54007,2026-03-15 11:00:00,107,4,6,2026-03-15 17:00:00,113,0.008,0.005884508071177461,0.007828419676302054,0.005415451806019447,4.475306100913308e-06,6.679889367008138e-06
54007,2026-03-15 12:00:00,108,4,6,2026-03-15 18:00:00,114,0.0015,0.006434066877778755,0.010273106532106035,0.006089539498093997,2.4345015954393393e-05,2.1063872804564894e-05
54007,2026-03-15 13:00:00,109,4,6,2026-03-15 19:00:00,115,0.0013,0.005376710315297587,0.007205725511282448,0.005220259321790395,1.6619566994853755e-05,1.536843315008449e-05
54007,2026-03-15 14:00:00,110,4,6,2026-03-15 20:00:00,116,0.0017,0.004945733350601532,0.00905081135034326,0.00451916114533847,1.0534784983207047e-05,7.947669563386115e-06
54007,2026-03-15 15:00:00,111,4,6,2026-03-15 21:00:00,117,0.0016,0.0073735703286658,0.009384083215421876,0.007100264529006411,3.333411434005011e-05,3.0252909889046118e-05
54007,2026-03-15 16:00:00,112,4,6,2026-03-15 22:00:00,118,0.0011,0.009951136937672904,0.011218474824692707,0.009570642689982426,7.834262508943767e-05,7.175178758135271e-05
54007,2026-03-15 17:00:00,113,4,6,2026-03-15 23:00:00,119,0.0005,0.01044704419411136,0.012424310180026762,0.010017206565577887,9.89436881996045e-05,9.057722081187884e-05
54007,2026-03-15 18:00:00,114,4,6,2026-03-16 00:00:00,120,0.0005,0.007550658632588722,0.00931805642580195,0.007312683003456308,4.971178715329787e-05,4.641264970558246e-05
54007,2026-03-15 19:00:00,115,4,6,2026-03-16 01:00:00,121,0.0005,0.006871585867694808,0.009935212927674108,0.0066484103616571335,4.059710646940819e-05,3.7802949975332795e-05
54007,2026-03-15 20:00:00,116,4,6,2026-03-16 02:00:00,122,0.0005,0.005914679496270428,0.009308596170924777,0.0058782816773183125,2.9318754047331376e-05,2.8925913800577885e-05
54007,2026-03-15 21:00:00,117,4,6,2026-03-16 03:00:00,123,0.0005,0.005490269118567368,0.008469133468648886,0.005232342026391236,2.4902785875727137e-05,2.23950610547487e-05
54007,2026-03-15 22:00:00,118,4,6,2026-03-16 04:00:00,124,0.0005,0.004478422167314494,0.0072209024728103685,0.0042418296516979455,1.582784294137936e-05,1.4001289142325968e-05
54007,2026-03-15 23:00:00,119,4,6,2026-03-16 05:00:00,125,0.0005,0.004348278797736813,0.006091276351621393,0.004353487176590836,1.4809249705110691e-05,1.4849363420150015e-05
54007,2026-03-16 00:00:00,120,4,6,2026-03-16 06:00:00,126,0.0125,0.0035545942837666472,0.003918666863417985,0.003774217002658172,8.002028342802036e-05,7.613928891669975e-05
54007,2026-03-16 01:00:00,121,4,6,2026-03-16 07:00:00,127,0.0557,0.004973648297428313,0.0020264440306336285,0.0048668118736486625,0.002573162757052997,0.0025840130150890264
54007,2026-03-16 02:00:00,122,4,6,2026-03-16 08:00:00,128,0.0198,0.004674220596462738,0.0034449242797310385,0.004521752014031705,0.00022878920256447208,0.00023342486152074432
54007,2026-03-16 03:00:00,123,4,6,2026-03-16 09:00:00,129,0.0102,0.0034871956323209354,0.0021441394677256982,0.003563221982716655,4.5061742478731134e-05,4.4046822450695464e-05
54007,2026-03-16 04:00:00,124,4,6,2026-03-16 10:00:00,130,0.0138,0.004131268738475813,0.0030522023337844987,0.00411968386034262,9.348436420757511e-05,9.370852056371117e-05
54007,2026-03-16 05:00:00,125,4,6,2026-03-16 11:00:00,131,0.0137,0.0044200697207636775,0.0035566404394535007,0.004707700755256907,8.611710598748715e-05,8.086144570700719e-05
54007,2026-03-16 06:00:00,126,4,6,2026-03-16 12:00:00,132,0.0115,0.0054063841495809945,0.0039369757897543605,0.005925390969434172,3.713215413247774e-05,3.107626584366608e-05
54007,2026-03-16 07:00:00,127,4,6,2026-03-16 13:00:00,133,0.0083,0.005866275243796867,0.005279607220023836,0.006317620374787513,5.923016188955999e-06,3.929828978457601e-06
54007,2026-03-16 08:00:00,128,4,6,2026-03-16 14:00:00,134,0.0121,0.006576336374863478,0.00686447062542122,0.007089638908987089,3.0510859843656336e-05,2.5103718262336083e-05
54007,2026-03-16 09:00:00,129,4,6,2026-03-16 15:00:00,135,0.015,0.006307256209475732,0.005167696656467305,0.0066062401359065085,7.55637946076982e-05,7.04552046560668e-05
54007,2026-03-16 10:00:00,130,4,6,2026-03-16 16:00:00,136,0.0086,0.004437401069862686,0.004034473657541556,0.005173015025826946,1.7327229853180314e-05,1.1744226013207888e-05
54007,2026-03-16 11:00:00,131,4,6,2026-03-16 17:00:00,137,0.0093,0.004490717830163635,0.004082887497306919,0.0051248983717493805,2.312919498910597e-05,1.743147360622097e-05
54007,2026-03-16 12:00:00,132,4,6,2026-03-16 18:00:00,138,0.0169,0.008598480608267177,0.011252087205257694,0.009296965132072989,6.891522421131609e-05,5.780613920291388e-05
54007,2026-03-16 13:00:00,133,4,6,2026-03-16 19:00:00,139,0.0253,0.011835477350990413,0.012266049539522577,0.013121523631225937,0.00018129337016569214,0.00014831528666478828
54007,2026-03-16 14:00:00,134,4,6,2026-03-16 20:00:00,140,0.0575,0.021624175336631628,0.017886669398056738,0.022286866177116695,0.0012870747952767505,0.0012399647936282886
54007,2026-03-16 15:00:00,135,4,6,2026-03-16 21:00:00,141,0.0649,0.023893955439671936,0.023429009641360906,0.02422906292596133,0.0016814956904836111,0.001654125122480413
54007,2026-03-16 16:00:00,136,4,6,2026-03-16 22:00:00,142,0.0713,0.024899950636579776,0.030489010318479604,0.024376025719210354,0.0021529645809278334,0.0022018593623042084
54007,2026-03-16 17:00:00,137,4,6,2026-03-16 23:00:00,143,0.0778,0.02845742118855939,0.04054567996576011,0.027837519483509158,0.0024346900837632275,0.002496249459360727
54007,2026-03-16 18:00:00,138,4,6,2026-03-17 00:00:00,144,0.0664,0.027690918045295467,0.03713316063924328,0.027380482341733955,0.001498393025776032,0.0015225227582837356
54007,2026-03-16 19:00:00,139,4,6,2026-03-17 01:00:00,145,0.069,0.024988722750775377,0.03339224849826843,0.024396776968009282,0.0019369925251081174,0.001989447504841508
54007,2026-03-16 20:00:00,140,4,6,2026-03-17 02:00:00,146,0.0702,0.022668120828256123,0.03378215913598582,0.022125321134960782,0.002259279537597259,0.0023111747479766485
54007,2026-03-16 21:00:00,141,4,6,2026-03-17 03:00:00,147,0.0695,0.020855485437288532,0.026356919486706397,0.02095510082373877,0.0023662887970418486,0.0023566072360333688
54007,2026-03-16 22:00:00,142,4,6,2026-03-17 04:00:00,148,0.0582,0.020677771947080984,0.024654636037670596,0.02055081257603493,0.0014079175980552631,0.0014174613136848496
54007,2026-03-16 23:00:00,143,4,6,2026-03-17 05:00:00,149,0.0512,0.02051628138053007,0.02740789885270329,0.02040453829162688,0.0009414905883188058,0.0009483604618318753
54007,2026-03-17 00:00:00,144,4,6,2026-03-17 06:00:00,150,0.0513,0.019375299812653596,0.025055765532963282,0.019622467685239554,0.0010191864820519555,0.0010034660535526924
54007,2026-03-17 01:00:00,145,4,6,2026-03-17 07:00:00,151,0.0576,0.022813877812414195,0.023936119916935117,0.023297526546888804,0.0012100742968496492,0.0011766596850013983
54007,2026-03-17 02:00:00,146,4,6,2026-03-17 08:00:00,152,0.0725,0.02365175077831587,0.025481609835845197,0.02417033621818729,0.002386151452023764,0.002335756401263059
54007,2026-03-17 03:00:00,147,4,6,2026-03-17 09:00:00,153,0.074,0.023837275230878432,0.02410562344327321,0.024622035280085938,0.002516298956262642,0.002438183399881077
54007,2026-03-17 04:00:00,148,4,6,2026-03-17 10:00:00,154,0.1069,0.023110094311753347,0.024126717915855047,0.02357386933637277,0.007020748295245269,0.006943244051371877
54007,2026-03-17 05:00:00,149,4,6,2026-03-17 11:00:00,155,0.1154,0.024808294580296215,0.02646711493861873,0.02498482646445892,0.00820685709085039,0.00817490360546201
54007,2026-03-17 06:00:00,150,4,6,2026-03-17 12:00:00,156,0.1097,0.024251250757055625,0.023416567033064533,0.0244221876072679,0.007301488747183588,0.007272305286490014
54007,2026-03-17 07:00:00,151,4,6,2026-03-17 13:00:00,157,0.1099,0.02204907648231713,0.02269831186565716,0.022198411699445524,0.007717784762909764,0.007691568590439952
54007,2026-03-17 08:00:00,152,4,6,2026-03-17 14:00:00,158,0.1075,0.017943073819078892,0.017370361759288785,0.01841200658115529,0.008020443026974952,0.00793667057139612
54007,2026-03-17 09:00:00,153,4,6,2026-03-17 15:00:00,159,0.0682,0.01313699090993704,0.009383378774078011,0.013302398201287079,0.0030319349700523553,0.003013746683250048
54007,2026-03-17 10:00:00,154,4,6,2026-03-17 16:00:00,160,0.0546,0.01105833378155215,0.008130553910451144,0.010932066616430114,0.0018958766970787228,0.0019068884059918977
54007,2026-03-17 11:00:00,155,4,6,2026-03-17 17:00:00,161,0.053,0.00941243080543659,0.007197202532734264,0.009688843471342997,0.001899876188290853,0.0018758562798498282
54007,2026-03-17 12:00:00,156,4,6,2026-03-17 18:00:00,162,0.0453,0.006930970350764208,0.0042485534310506955,0.007261167377348498,0.001472182436223935,0.001446952787294096
54007,2026-03-17 13:00:00,157,4,6,2026-03-17 19:00:00,163,0.0344,0.003040822203610865,0.0031781157663086316,0.0033387927740612055,0.0009833980320655454,0.0009647985943327125
54007,2026-03-17 14:00:00,158,4,6,2026-03-17 20:00:00,164,0.0283,0.001298050620832864,0.0,0.0015023564219630479,0.0007291052702751045,0.000718113701335505
54007,2026-03-17 15:00:00,159,4,6,2026-03-17 21:00:00,165,0.0261,0.0017214035089878734,0.0,0.0018341181407607397,0.0005943159668715889,0.0005888330224065572
54007,2026-03-17 16:00:00,160,4,6,2026-03-17 22:00:00,166,0.0199,0.001904236002449201,0.0,0.0019447081318379083,0.0003238475218555456,0.0003223925060708878
54007,2026-03-17 17:00:00,161,4,6,2026-03-17 23:00:00,167,0.0181,0.001316737131979293,0.0,0.0013044032524236586,0.00028167791249708265,0.0002820920701071971
54007,2026-03-17 18:00:00,162,4,6,2026-03-18 00:00:00,168,0.016,0.0015486734084279687,0.0,0.001569153467608233,0.0002088408402562769,0.00020824933164144348
54007,2026-03-17 19:00:00,163,4,6,2026-03-18 01:00:00,169,0.0135,0.0013211607722148357,0.0,0.0013248569614830255,0.00014832412493623873,0.00014823410800834832
54007,2026-03-17 20:00:00,164,4,6,2026-03-18 02:00:00,170,0.0127,0.001102950866622703,0.0,0.0010780562642912679,0.00013449154860196711,0.00013506957619597942
54007,2026-03-17 21:00:00,165,4,6,2026-03-18 03:00:00,171,0.0117,0.0012525660519695323,0.0,0.0012086469187142846,0.00010914887609845948,0.0001100684894762033
54007,2026-03-17 22:00:00,166,4,6,2026-03-18 04:00:00,172,0.0113,0.0016064526779625914,0.0019960113016338093,0.0015659704092592208,9.39648596845786e-05,9.47513320734171e-05
54007,2026-03-17 23:00:00,167,4,6,2026-03-18 05:00:00,173,0.0103,0.001688503067370653,0.0026498962779530734,0.0015850047437184463,7.415787942068465e-05,7.595114231701e-05
54007,2026-03-18 00:00:00,168,4,6,2026-03-18 06:00:00,174,0.0102,0.0016231532039864172,0.002080043844959085,0.0015235424717238238,7.356230096228848e-05,7.528091523998035e-05
54007,2026-03-18 01:00:00,169,4,6,2026-03-18 07:00:00,175,0.01,0.0012378510692691769,0.0012713757172643763,0.0012440550371663,7.67752538843073e-05,7.666657219217283e-05
54007,2026-03-18 02:00:00,170,4,6,2026-03-18 08:00:00,176,0.0086,0.0010995204958716845,0.0,0.0011806740356491243,5.625719279184894e-05,5.5046397765291056e-05
54007,2026-03-18 03:00:00,171,4,6,2026-03-18 09:00:00,177,0.0078,0.001303570806044508,0.001239303420894211,0.0013391619206014158,4.22035922720772e-05,4.174242868820679e-05
54007,2026-03-18 04:00:00,172,4,6,2026-03-18 10:00:00,178,0.0079,0.0016033739923749326,0.002152927580421305,0.0017581436247666759,3.964749907990041e-05,3.772239973399423e-05
54007,2026-03-18 05:00:00,173,4,6,2026-03-18 11:00:00,179,0.0055,0.0027482735833267054,0.0030914855263186234,0.002632256475916476,7.571998272217649e-06,8.223952919922988e-06
54007,2026-03-18 06:00:00,174,4,6,2026-03-18 12:00:00,180,0.0055,0.0024843656630470458,0.003484535179899454,0.002427030219045863,9.094050454209681e-06,9.443143274657313e-06
54007,2026-03-18 07:00:00,175,4,6,2026-03-18 13:00:00,181,0.0052,0.0024074416524566466,0.0019635118337004895,0.002237391473188195,7.798382124434063e-06,8.777049283138013e-06
54007,2026-03-18 08:00:00,176,4,6,2026-03-18 14:00:00,182,0.0035,0.002039017126257544,0.00221759489927074,0.0020209087011217345,2.134470957368765e-06,2.1877110704173945e-06
54007,2026-03-18 09:00:00,177,4,6,2026-03-18 15:00:00,183,0.0024,0.0014127657711033473,0.0012500122314517035,0.0013065042246933987,9.74631422705168e-07,1.1957330106133848e-06
54007,2026-03-18 10:00:00,178,4,6,2026-03-18 16:00:00,184,0.0024,0.0013527688367251313,0.0014257406409469077,0.0013238274692718155,1.0966931093340343e-06,1.1581473158939048e-06
54007,2026-03-18 11:00:00,179,4,6,2026-03-18 17:00:00,185,0.0032,0.0012460011165382136,0.0011646706285241427,0.0012039310791743796,3.8181116365699085e-06,3.984291136685958e-06
54007,2026-03-18 12:00:00,180,4,6,2026-03-18 18:00:00,186,0.0028,0.0,0.0016957153031390637,0.0,7.84e-06,7.84e-06
54007,2026-03-18 13:00:00,181,4,6,2026-03-18 19:00:00,187,0.002,0.0,0.0010003112196749525,0.0,4e-06,4e-06
54007,2026-03-18 14:00:00,182,4,6,2026-03-18 20:00:00,188,0.0007,0.0,0.0,0.0,4.9e-07,4.9e-07
54007,2026-03-18 15:00:00,183,4,6,2026-03-18 21:00:00,189,0.0005,0.0,0.0,0.0,2.5e-07,2.5e-07
54007,2026-03-18 16:00:00,184,4,6,2026-03-18 22:00:00,190,0.0005,0.0,0.0,0.0,2.5e-07,2.5e-07
54007,2026-03-18 17:00:00,185,4,6,2026-03-18 23:00:00,191,0.0003,0.0010418132569069837,0.0,0.0010611843566003581,5.502869081229467e-07,5.794016247331013e-07
54007,2026-03-18 18:00:00,186,4,6,2026-03-19 00:00:00,192,0.0001,0.0,0.0,0.0,1e-08,1e-08
54007,2026-03-18 19:00:00,187,4,6,2026-03-19 01:00:00,193,0.0003,0.0,0.0,0.0,8.999999999999999e-08,8.999999999999999e-08
54007,2026-03-18 20:00:00,188,4,6,2026-03-19 02:00:00,194,0.0015,0.0,0.0,0.0,2.25e-06,2.25e-06
54007,2026-03-18 21:00:00,189,4,6,2026-03-19 03:00:00,195,0.0015,0.0,0.0,0.0,2.25e-06,2.25e-06
54007,2026-03-18 22:00:00,190,4,6,2026-03-19 04:00:00,196,0.0001,0.0,0.0,0.0,1e-08,1e-08
54007,2026-03-18 23:00:00,191,4,6,2026-03-19 05:00:00,197,0.0001,0.0,0.0,0.0,1e-08,1e-08
54007,2026-03-19 00:00:00,192,4,6,2026-03-19 06:00:00,198,0.0002,0.0,0.0,0.0,4e-08,4e-08
54007,2026-03-19 01:00:00,193,4,6,2026-03-19 07:00:00,199,0.0003,0.0,0.001047963175669743,0.0,8.999999999999999e-08,8.999999999999999e-08
54007,2026-03-19 02:00:00,194,4,6,2026-03-19 08:00:00,200,0.0005,0.0,0.0,0.0,2.5e-07,2.5e-07
54007,2026-03-19 03:00:00,195,4,6,2026-03-19 09:00:00,201,0.0004,0.0,0.0,0.0,1.6e-07,1.6e-07
54007,2026-03-19 04:00:00,196,4,6,2026-03-19 10:00:00,202,0.0009,0.0010546306148038079,0.0,0.0011399049172674785,2.3910627034603617e-08,5.755436932911572e-08
54007,2026-03-19 05:00:00,197,4,6,2026-03-19 11:00:00,203,0.0036,0.0010694300760188656,0.0,0.0011329254129526527,6.403784140157885e-06,6.0864570180548376e-06
54007,2026-03-19 06:00:00,198,4,6,2026-03-19 12:00:00,204,0.004,0.0010587861346311853,0.0012276653668348984,0.0010809343604263246,8.650739001837763e-06,8.520944208139672e-06
54007,2026-03-19 07:00:00,199,4,6,2026-03-19 13:00:00,205,0.0041,0.0,0.0,0.0,1.6810000000000003e-05,1.6810000000000003e-05
54007,2026-03-19 08:00:00,200,4,6,2026-03-19 14:00:00,206,0.0046,0.0,0.0,0.0,2.116e-05,2.116e-05
54007,2026-03-19 09:00:00,201,4,6,2026-03-19 15:00:00,207,0.0048,0.0,0.0,0.0,2.3039999999999996e-05,2.3039999999999996e-05
54007,2026-03-19 10:00:00,202,4,6,2026-03-19 16:00:00,208,0.0049,0.0,0.0,0.0,2.401e-05,2.401e-05
54007,2026-03-19 11:00:00,203,4,6,2026-03-19 17:00:00,209,0.0023,0.0,0.0,0.0,5.29e-06,5.29e-06
54007,2026-03-19 12:00:00,204,4,6,2026-03-19 18:00:00,210,0.0014,0.0,0.0,0.0,1.96e-06,1.96e-06
54007,2026-03-19 13:00:00,205,4,6,2026-03-19 19:00:00,211,0.0012,0.0,0.0,0.0,1.4399999999999998e-06,1.4399999999999998e-06
54007,2026-03-19 14:00:00,206,4,6,2026-03-19 20:00:00,212,0.001,0.0,0.0,0.0,1e-06,1e-06
54007,2026-03-19 15:00:00,207,4,6,2026-03-19 21:00:00,213,0.0009,0.0,0.0,0.0,8.1e-07,8.1e-07
54007,2026-03-19 16:00:00,208,4,6,2026-03-19 22:00:00,214,0.0006,0.0,0.0,0.0,3.5999999999999994e-07,3.5999999999999994e-07
54007,2026-03-19 17:00:00,209,4,6,2026-03-19 23:00:00,215,0.0005,0.0,0.0,0.0,2.5e-07,2.5e-07
54013,2026-03-14 00:00:00,72,2,6,2026-03-14 06:00:00,78,0.0006,0.0012355236498967886,0.0016644869868808242,0.0012119750022369087,4.03890309578136e-07,3.7451340336286446e-07
54013,2026-03-14 01:00:00,73,2,6,2026-03-14 07:00:00,79,0.0004,0.0017035411963282102,0.001211191156048185,0.0017397182171118718,1.6992196505247817e-06,1.7948449012614125e-06
54013,2026-03-14 02:00:00,74,2,6,2026-03-14 08:00:00,80,0.0005,0.0012990761362446717,0.0011256179074146874,0.001486672793571946,6.385226715157131e-07,9.73523201575068e-07
54013,2026-03-14 03:00:00,75,2,6,2026-03-14 09:00:00,81,0.0006,0.0,0.0,0.001137014578402687,3.5999999999999994e-07,2.883846574170158e-07
54013,2026-03-14 04:00:00,76,2,6,2026-03-14 10:00:00,82,0.001,0.001379052249438103,0.0,0.0012324999647215277,1.4368060780408581e-07,5.4056233595511605e-08
54013,2026-03-14 05:00:00,77,2,6,2026-03-14 11:00:00,83,0.0014,0.0014797727676892133,0.0,0.001400283810801736,6.363694464797192e-09,8.054857118208296e-14
54013,2026-03-14 06:00:00,78,2,6,2026-03-14 12:00:00,84,0.002,0.0022305487252449836,0.0024916847742916235,0.002340178358801011,5.3152714712086915e-08,1.1572131579654941e-07
54013,2026-03-14 07:00:00,79,2,6,2026-03-14 13:00:00,85,0.0006,0.0,0.0,0.0,3.5999999999999994e-07,3.5999999999999994e-07
54013,2026-03-14 08:00:00,80,2,6,2026-03-14 14:00:00,86,0.0003,0.0,0.0,0.0,8.999999999999999e-08,8.999999999999999e-08
54013,2026-03-14 09:00:00,81,2,6,2026-03-14 15:00:00,87,0.0004,0.0,0.0,0.0,1.6e-07,1.6e-07
54013,2026-03-14 10:00:00,82,2,6,2026-03-14 16:00:00,88,0.0004,0.0,0.0,0.0,1.6e-07,1.6e-07
54013,2026-03-14 11:00:00,83,2,6,2026-03-14 17:00:00,89,0.0003,0.0,0.0,0.0,8.999999999999999e-08,8.999999999999999e-08
54013,2026-03-14 12:00:00,84,2,6,2026-03-14 18:00:00,90,0.0001,0.0,0.0,0.0,1e-08,1e-08
54013,2026-03-14 13:00:00,85,2,6,2026-03-14 19:00:00,91,0.0,0.0,0.0,0.0,0.0,0.0
54013,2026-03-14 14:00:00,86,2,6,2026-03-14 20:00:00,92,0.0,0.0,0.0,0.0,0.0,0.0
54013,2026-03-14 15:00:00,87,2,6,2026-03-14 21:00:00,93,0.0,0.0,0.0,0.0,0.0,0.0
54013,2026-03-14 16:00:00,88,2,6,2026-03-14 22:00:00,94,0.0,0.0,0.0,0.0,0.0,0.0
54013,2026-03-14 17:00:00,89,2,6,2026-03-14 23:00:00,95,0.0,0.0,0.0,0.0,0.0,0.0
54013,2026-03-14 18:00:00,90,2,6,2026-03-15 00:00:00,96,0.0,0.0,0.0,0.0,0.0,0.0
54013,2026-03-14 19:00:00,91,2,6,2026-03-15 01:00:00,97,0.0,0.0,0.0,0.0,0.0,0.0
54013,2026-03-14 20:00:00,92,2,6,2026-03-15 02:00:00,98,0.0,0.0,0.0,0.0,0.0,0.0
54013,2026-03-14 21:00:00,93,2,6,2026-03-15 03:00:00,99,0.0,0.0,0.0,0.0,0.0,0.0
54013,2026-03-14 22:00:00,94,2,6,2026-03-15 04:00:00,100,0.0,0.0,0.0,0.0,0.0,0.0
54013,2026-03-14 23:00:00,95,2,6,2026-03-15 05:00:00,101,0.0,0.0,0.0,0.0,0.0,0.0
54013,2026-03-15 00:00:00,96,2,6,2026-03-15 06:00:00,102,0.0,0.0,0.0,0.0,0.0,0.0
54013,2026-03-15 01:00:00,97,2,6,2026-03-15 07:00:00,103,0.0,0.0,0.0,0.0,0.0,0.0
54013,2026-03-15 02:00:00,98,2,6,2026-03-15 08:00:00,104,0.0,0.0,0.0,0.0,0.0,0.0
54013,2026-03-15 03:00:00,99,2,6,2026-03-15 09:00:00,105,0.0,0.0,0.0,0.0,0.0,0.0
54013,2026-03-15 04:00:00,100,2,6,2026-03-15 10:00:00,106,0.0,0.0010285938995211348,0.0,0.0,1.0580054101320944e-06,0.0
54013,2026-03-15 05:00:00,101,2,6,2026-03-15 11:00:00,107,0.0,0.00226462375549834,0.001154723818928954,0.002176117182017038,5.128520753967405e-06,4.7354859898697755e-06
54013,2026-03-15 06:00:00,102,2,6,2026-03-15 12:00:00,108,0.0,0.0023934836720965512,0.001973314040018127,0.0023479954005759685,5.728764088592791e-06,5.513082401125903e-06
54013,2026-03-15 07:00:00,103,2,6,2026-03-15 13:00:00,109,0.0,0.0017170210192484958,0.001974086028051952,0.0015645413232154286,2.9481611805411433e-06,2.4477895520486844e-06
54013,2026-03-15 08:00:00,104,2,6,2026-03-15 14:00:00,110,0.0,0.0018188893167783238,0.0020853439492134916,0.0016292478671515456,3.3083583466903177e-06,2.6544486126178602e-06
54013,2026-03-15 09:00:00,105,2,6,2026-03-15 15:00:00,111,0.0003,0.0025083100947204586,0.0026525681044420016,0.002666643975580082,4.876633474444282e-06,5.601003707149495e-06
54013,2026-03-15 10:00:00,106,2,6,2026-03-15 16:00:00,112,0.0015,0.0029516773882154444,0.003940473960282985,0.0031511193863141703,2.107367239456014e-06,2.7261952278624824e-06
54013,2026-03-15 11:00:00,107,2,6,2026-03-15 17:00:00,113,0.0022,0.003009892272986448,0.003615869583720552,0.00331926930606296,6.559254938431547e-07,1.2527637794946593e-06
54013,2026-03-15 12:00:00,108,2,6,2026-03-15 18:00:00,114,0.0029,0.0028291102329768537,0.0028699440881420194,0.003110430009137118,5.025359068595939e-09,4.4280788745447693e-08
54013,2026-03-15 13:00:00,109,2,6,2026-03-15 19:00:00,115,0.003,0.0023112093270020407,0.0030320245964462387,0.0025060013088134075,4.7443259120898174e-07,2.440347068940665e-07
54013,2026-03-15 14:00:00,110,2,6,2026-03-15 20:00:00,116,0.0013,0.0024975348736243734,0.0019763420579417437,0.0026925254348363187,1.4340897735465442e-06,1.9391270866660787e-06
54013,2026-03-15 15:00:00,111,2,6,2026-03-15 21:00:00,117,0.0006,0.0021231976538378427,0.002235104542993346,0.0022839704164794652,2.320131092657109e-06,2.835756363578024e-06
54013,2026-03-15 16:00:00,112,2,6,2026-03-15 22:00:00,118,0.0006,0.0018274637892524107,0.0018148536908031898,0.0019813474619640357,1.5066673539258864e-06,1.9081208106744833e-06
54013,2026-03-15 17:00:00,113,2,6,2026-03-15 23:00:00,119,0.0005,0.0021311231378443934,0.0027569883525022524,0.002427724457960454,2.6605626908113398e-06,3.7161215858189256e-06
54013,2026-03-15 18:00:00,114,2,6,2026-03-16 00:00:00,120,0.0003,0.0013723906240124227,0.0011771008459110152,0.0013788865453285958,1.1500216504697534e-06,1.1639961776910724e-06
54013,2026-03-15 19:00:00,115,2,6,2026-03-16 01:00:00,121,0.0001,0.0016405139616726722,0.0012473609055466588,0.0016018621987661577,2.3731832661084313e-06,2.255590064082718e-06
54013,2026-03-15 20:00:00,116,2,6,2026-03-16 02:00:00,122,0.0,0.002242411340745028,0.0010417729795233139,0.0019668073100389434,5.028408621101913e-06,3.868330994822624e-06
54013,2026-03-15 21:00:00,117,2,6,2026-03-16 03:00:00,123,0.0,0.0025038826405803993,0.0015784208897249886,0.0024540037143651917,6.269428277799873e-06,6.022134230118158e-06
54013,2026-03-15 22:00:00,118,2,6,2026-03-16 04:00:00,124,0.0,0.002853429451050972,0.0018054836873515382,0.0027108168277644785,8.142059632125051e-06,7.34852787369107e-06
54013,2026-03-15 23:00:00,119,2,6,2026-03-16 05:00:00,125,0.0001,0.003756296982914659,0.0027646396094832297,0.0034822805970956237,1.336850762727084e-05,1.143982203748953e-05
54013,2026-03-16 00:00:00,120,2,6,2026-03-16 06:00:00,126,0.0013,0.00982052768980033,0.01369200235897432,0.009891508816302035,7.259939211265417e-05,7.381402374059558e-05
54013,2026-03-16 01:00:00,121,2,6,2026-03-16 07:00:00,127,0.0048,0.01315444559956162,0.01619054629320466,0.014186840352341365,6.979676127603454e-05,8.811277180034416e-05
54013,2026-03-16 02:00:00,122,2,6,2026-03-16 08:00:00,128,0.0073,0.013454441602965111,0.014546753710452338,0.013957627297272499,3.787715144430777e-05,4.4324001229387914e-05
54013,2026-03-16 03:00:00,123,2,6,2026-03-16 09:00:00,129,0.0012,0.008267149711956339,0.010360948275530118,0.007966902515633107,4.994460505120457e-05,4.579096965608168e-05
54013,2026-03-16 04:00:00,124,2,6,2026-03-16 10:00:00,130,0.0014,0.008766493534850065,0.00947457708759812,0.008317540301468255,5.426522699898781e-05,4.785236382243751e-05
54013,2026-03-16 05:00:00,125,2,6,2026-03-16 11:00:00,131,0.0059,0.006474078185792683,0.010772712495622644,0.006740208880111652,3.2956576340301816e-07,7.059509622184768e-07
54013,2026-03-16 06:00:00,126,2,6,2026-03-16 12:00:00,132,0.0074,0.00710944353053474,0.011977792506468037,0.006470121559478729,8.442306194811659e-08,8.646739141462722e-07
54013,2026-03-16 07:00:00,127,2,6,2026-03-16 13:00:00,133,0.0061,0.007127695430060469,0.011170513490832926,0.006482347900861182,1.0561578969671713e-06,1.461899172929519e-07
54013,2026-03-16 08:00:00,128,2,6,2026-03-16 14:00:00,134,0.0053,0.007122915371891651,0.013154226492226098,0.006467634534494405,3.3230204530788755e-06,1.3633704061439663e-06
54013,2026-03-16 09:00:00,129,2,6,2026-03-16 15:00:00,135,0.0023,0.005605112910115051,0.0102498053925163,0.004847432821414067,1.092377134860918e-05,6.489413979617632e-06
54013,2026-03-16 10:00:00,130,2,6,2026-03-16 16:00:00,136,0.0024,0.005912367852607216,0.01087873575883571,0.004911868195492868,1.2336727932028625e-05,6.309481831528599e-06
54013,2026-03-16 11:00:00,131,2,6,2026-03-16 17:00:00,137,0.0122,0.010425532303943046,0.01498658552470115,0.009010531209188084,3.1487356043496785e-06,1.017271116756323e-05
54013,2026-03-16 12:00:00,132,2,6,2026-03-16 18:00:00,138,0.055,0.017713864372323522,0.02425257285999619,0.016861603596193167,0.0013902559100454851,0.001454537280253906
54013,2026-03-16 13:00:00,133,2,6,2026-03-16 19:00:00,139,0.1019,0.0248439356266481,0.026835320578786143,0.025031193550607532,0.005937637056710154,0.005908813404954163
54013,2026-03-16 14:00:00,134,2,6,2026-03-16 20:00:00,140,0.1795,0.03467901029786006,0.030837101022128187,0.036132682297857724,0.020973119058307323,0.020554187785107
54013,2026-03-16 15:00:00,135,2,6,2026-03-16 21:00:00,141,0.191,0.038915496507603835,0.03178001938735094,0.04108868377674399,0.02312969620252866,0.022473402731789063
54013,2026-03-16 16:00:00,136,2,6,2026-03-16 22:00:00,142,0.182,0.04253315801620253,0.037337962157849625,0.044449142002180635,0.019451000012933532,0.018920238535936263
54013,2026-03-16 17:00:00,137,2,6,2026-03-16 23:00:00,143,0.157,0.04647290610546586,0.041105425728597794,0.048326766063667426,0.012216238484771165,0.011809871774180867
54013,2026-03-16 18:00:00,138,2,6,2026-03-17 00:00:00,144,0.163,0.0493422328619389,0.043644787565857976,0.05096658067553265,0.012918088030809724,0.012551487045531938
54013,2026-03-16 19:00:00,139,2,6,2026-03-17 01:00:00,145,0.1696,0.048268347678023356,0.04485955485296897,0.04977312185612052,0.014721369855181023,0.014358480725708144
54013,2026-03-16 20:00:00,140,2,6,2026-03-17 02:00:00,146,0.1549,0.046738138713601204,0.04535538563470801,0.047411690462578635,0.011698988236938176,0.011553736687212511
54013,2026-03-16 21:00:00,141,2,6,2026-03-17 03:00:00,147,0.1505,0.04687646803932652,0.041650099830848546,0.04732281112123052,0.010737836376004718,0.010645532304925272
54013,2026-03-16 22:00:00,142,2,6,2026-03-17 04:00:00,148,0.1467,0.044863951226928746,0.03841252374654044,0.045179612688475826,0.010370580829711347,0.010306389039881878
54013,2026-03-16 23:00:00,143,2,6,2026-03-17 05:00:00,149,0.1457,0.04642588351555022,0.042910260782856785,0.04625199248775021,0.009855350203768104,0.00988990619815649
54013,2026-03-17 00:00:00,144,2,6,2026-03-17 06:00:00,150,0.1448,0.04670680123411052,0.0442590102115384,0.04647699546971444,0.009622275644124302,0.009667413219862557
54013,2026-03-17 01:00:00,145,2,6,2026-03-17 07:00:00,151,0.1439,0.04724139548013545,0.043023327292300906,0.04657407434168114,0.00934288582772758,0.009472335805248608
54013,2026-03-17 02:00:00,146,2,6,2026-03-17 08:00:00,152,0.1441,0.04824529625696225,0.04852288465730071,0.0483000136740005,0.009188124229665535,0.009177637380061693
54013,2026-03-17 03:00:00,147,2,6,2026-03-17 09:00:00,153,0.1429,0.05178877211441719,0.04844965553290721,0.05247949358050906,0.008301255846818604,0.008175867981157202
54013,2026-03-17 04:00:00,148,2,6,2026-03-17 10:00:00,154,0.1297,0.052350850475973834,0.048877751346639554,0.05405995210824589,0.005982890932090159,0.005721416845066857
54013,2026-03-17 05:00:00,149,2,6,2026-03-17 11:00:00,155,0.1546,0.05127519631381658,0.047345307908032146,0.053340234533894484,0.01067601505678834,0.010253540102250693
54013,2026-03-17 06:00:00,150,2,6,2026-03-17 12:00:00,156,0.1752,0.049433076604741694,0.04784197914599176,0.05117983355987904,0.01581731902030877,0.015381001683835304
54013,2026-03-17 07:00:00,151,2,6,2026-03-17 13:00:00,157,0.1278,0.04491037525278882,0.04165306530348199,0.04660431726142662,0.006870689890733484,0.006592738895383062
54013,2026-03-17 08:00:00,152,2,6,2026-03-17 14:00:00,158,0.0981,0.03970952070411916,0.03877494736711297,0.04107440883157089,0.00340944807240269,0.003251918048108821
54013,2026-03-17 09:00:00,153,2,6,2026-03-17 15:00:00,159,0.0852,0.032031563680261124,0.026487182021079882,0.03268224048395925,0.0028268826206861277,0.0027581150645846885
54013,2026-03-17 10:00:00,154,2,6,2026-03-17 16:00:00,160,0.0866,0.02838185891237178,0.022923327343689223,0.0287349352845222,0.003389351951698984,0.0033483657145264335
54013,2026-03-17 11:00:00,155,2,6,2026-03-17 17:00:00,161,0.083,0.026557980647202124,0.021911041869269534,0.026728792372538085,0.003185701548621611,0.0031664488078529283
54013,2026-03-17 12:00:00,156,2,6,2026-03-17 18:00:00,162,0.0683,0.01871656002657449,0.018912807862113586,0.018923837350137133,0.002458517519598291,0.0024380054380257125
54013,2026-03-17 13:00:00,157,2,6,2026-03-17 19:00:00,163,0.0604,0.01541517202025009,0.014681325940738035,0.015573572049841769,0.0020236347483676906,0.002009408642770727
54013,2026-03-17 14:00:00,158,2,6,2026-03-17 20:00:00,164,0.0526,0.012146103196705253,0.012698964630706211,0.012167030576124177,0.001636517766571621,0.0016348250164320772
54013,2026-03-17 15:00:00,159,2,6,2026-03-17 21:00:00,165,0.0519,0.009339830124989708,0.009388455263111193,0.009268445461171854,0.0018113680597897338,0.001817449442397079
54013,2026-03-17 16:00:00,160,2,6,2026-03-17 22:00:00,166,0.0509,0.007662423300415677,0.007091815502861385,0.007536726524518258,0.001869488038852437,0.0018803734865094188
54013,2026-03-17 17:00:00,161,2,6,2026-03-17 23:00:00,167,0.0492,0.007391936930860231,0.006579702636169278,0.0074991068652857885,0.0017479141375931688,0.0017389644882328551
54013,2026-03-17 18:00:00,162,2,6,2026-03-18 00:00:00,168,0.0473,0.006416798417989348,0.006682985129542652,0.006512707340337777,0.0016714361715953186,0.0016636032425049359
54013,2026-03-17 19:00:00,163,2,6,2026-03-18 01:00:00,169,0.0334,0.0037819187591869056,0.004656123164332338,0.0037276107099096607,0.0008772307363874044,0.0008804506861826677
54013,2026-03-17 20:00:00,164,2,6,2026-03-18 02:00:00,170,0.0322,0.0035859145432381796,0.0048375699566959324,0.0034988953482436892,0.0008187658865268684,0.0008237534082310678
54013,2026-03-17 21:00:00,165,2,6,2026-03-18 03:00:00,171,0.0332,0.0037227085693272684,0.0046726726122945875,0.003639929069083366,0.0008689107100888122,0.0008737977934408228
54013,2026-03-17 22:00:00,166,2,6,2026-03-18 04:00:00,172,0.0371,0.003714748923010284,0.005158230331256102,0.0036169138336503187,0.0011145749894736431,0.0011211170592231973
54013,2026-03-17 23:00:00,167,2,6,2026-03-18 05:00:00,173,0.0364,0.003068874377136639,0.003685301081876066,0.002959188171250569,0.0011109639352870984,0.0011182878957658278
54013,2026-03-18 00:00:00,168,2,6,2026-03-18 06:00:00,174,0.036,0.0022616826634495194,0.0017665319414007865,0.002201899482931753,0.0011382740567017827,0.001142311598561849
54013,2026-03-18 01:00:00,169,2,6,2026-03-18 07:00:00,175,0.0424,0.002449480178971839,0.0017664637079230856,0.0024205027013588327,0.0015960440339703639,0.0015983602042520565
54013,2026-03-18 02:00:00,170,2,6,2026-03-18 08:00:00,176,0.0402,0.002128136829815619,0.0017698471461819114,0.002099895925004412,0.0014494667652492417,0.0014516179305254955
54013,2026-03-18 03:00:00,171,2,6,2026-03-18 09:00:00,177,0.0386,0.0020499668331165994,0.002629969242718281,0.002050168157117942,0.001335904924500277,0.0013358902077429554
54013,2026-03-18 04:00:00,172,2,6,2026-03-18 10:00:00,178,0.0255,0.0020633572280664854,0.0029132577502315204,0.0021502984505396925,0.0005492762244192235,0.0005452085624488689
54013,2026-03-18 05:00:00,173,2,6,2026-03-18 11:00:00,179,0.0211,0.0022708379093542945,0.0026861575215402877,0.0024289011466197747,0.00035453734503580937,0.00034860993239269636
54013,2026-03-18 06:00:00,174,2,6,2026-03-18 12:00:00,180,0.0162,0.0020459935154381447,0.0024562864869441814,0.0021853383676841715,0.00020033589956501902,0.00019641074066830533
54013,2026-03-18 07:00:00,175,2,6,2026-03-18 13:00:00,181,0.0134,0.0019349976049758857,0.0023529434419026786,0.0020383682206346833,0.00013144627991790866,0.0001290866766898839
54013,2026-03-18 08:00:00,176,2,6,2026-03-18 14:00:00,182,0.0095,0.001721361874543371,0.0013435414115412021,0.0017877895900544928,6.050721108680741e-05,5.9478189407271844e-05
54013,2026-03-18 09:00:00,177,2,6,2026-03-18 15:00:00,183,0.0053,0.001483027995440951,0.0,0.0015235117374345479,1.4569275283587525e-05,1.4261863597294627e-05
54013,2026-03-18 10:00:00,178,2,6,2026-03-18 16:00:00,184,0.0039,0.0011784563224919297,0.0,0.0010864096711835868,7.4067999885841515e-06,7.916290538409251e-06
54013,2026-03-18 11:00:00,179,2,6,2026-03-18 17:00:00,185,0.0025,0.0010051317775501669,0.0,0.0,2.234631002490324e-06,6.25e-06
54013,2026-03-18 12:00:00,180,2,6,2026-03-18 18:00:00,186,0.0016,0.0011132030055858234,0.0,0.0010783099444316522,2.36971313770676e-07,2.721605140789059e-07
54013,2026-03-18 13:00:00,181,2,6,2026-03-18 19:00:00,187,0.0007,0.0010474366103260637,0.0,0.0,1.2071219819486502e-07,4.9e-07
54013,2026-03-18 14:00:00,182,2,6,2026-03-18 20:00:00,188,0.0005,0.0,0.0,0.0,2.5e-07,2.5e-07
54013,2026-03-18 15:00:00,183,2,6,2026-03-18 21:00:00,189,0.0004,0.0,0.0,0.0,1.6e-07,1.6e-07
54013,2026-03-18 16:00:00,184,2,6,2026-03-18 22:00:00,190,0.0001,0.0,0.0,0.0,1e-08,1e-08
54013,2026-03-18 17:00:00,185,2,6,2026-03-18 23:00:00,191,0.0001,0.0,0.0,0.0,1e-08,1e-08
54013,2026-03-18 18:00:00,186,2,6,2026-03-19 00:00:00,192,0.0,0.0,0.0010709882110939205,0.0,0.0,0.0
54013,2026-03-18 19:00:00,187,2,6,2026-03-19 01:00:00,193,0.0,0.0,0.0011536772927887387,0.0,0.0,0.0
54013,2026-03-18 20:00:00,188,2,6,2026-03-19 02:00:00,194,0.0,0.0,0.0013796537525092075,0.0,0.0,0.0
54013,2026-03-18 21:00:00,189,2,6,2026-03-19 03:00:00,195,0.0,0.0010506636454447487,0.001059727424995492,0.0,1.1038940958592486e-06,0.0
54013,2026-03-18 22:00:00,190,2,6,2026-03-19 04:00:00,196,0.0,0.0,0.0010395772492781407,0.0,0.0,0.0
54013,2026-03-18 23:00:00,191,2,6,2026-03-19 05:00:00,197,0.0,0.0010115908853814497,0.0010369962454046598,0.0,1.0233161193868253e-06,0.0
54013,2026-03-19 00:00:00,192,2,6,2026-03-19 06:00:00,198,0.0002,0.0,0.0,0.0,4e-08,4e-08
54013,2026-03-19 01:00:00,193,2,6,2026-03-19 07:00:00,199,0.0003,0.0,0.0,0.0,8.999999999999999e-08,8.999999999999999e-08
54013,2026-03-19 02:00:00,194,2,6,2026-03-19 08:00:00,200,0.0003,0.0011582165207358274,0.0013352779765983163,0.001211044905395272,7.36535596463909e-07,8.300028196466804e-07
54013,2026-03-19 03:00:00,195,2,6,2026-03-19 09:00:00,201,0.0004,0.0011707847408536757,0.0013305815087828242,0.001206144898959514,5.941091167328681e-07,6.49869598118445e-07
54013,2026-03-19 04:00:00,196,2,6,2026-03-19 10:00:00,202,0.0005,0.0015367506097969349,0.00157607904617726,0.0015299747570977366,1.0748518269143162e-06,1.0608480002585415e-06
54013,2026-03-19 05:00:00,197,2,6,2026-03-19 11:00:00,203,0.0003,0.0014348586176677089,0.0012453388420973766,0.0014159018008915464,1.2879040820946633e-06,1.2452368292329968e-06
54013,2026-03-19 06:00:00,198,2,6,2026-03-19 12:00:00,204,0.0002,0.001349677005579321,0.0,0.0013395077943317494,1.3217572171578337e-06,1.2984780133428083e-06
54013,2026-03-19 07:00:00,199,2,6,2026-03-19 13:00:00,205,0.0002,0.0013383067878568427,0.0,0.0013877867967544374,1.295742343280963e-06,1.4108374745441669e-06
54013,2026-03-19 08:00:00,200,2,6,2026-03-19 14:00:00,206,0.0002,0.0011685279353972505,0.0,0.0012115734973626483,9.380463616448606e-07,1.0232809405664998e-06
54013,2026-03-19 09:00:00,201,2,6,2026-03-19 15:00:00,207,0.0002,0.0011310829054974666,0.0,0.0011746027128677386,8.669153769096043e-07,9.498504479291559e-07
54013,2026-03-19 10:00:00,202,2,6,2026-03-19 16:00:00,208,0.0002,0.0012422569924619127,0.0,0.0012295063208215995,1.0862996383357514e-06,1.059883264611626e-06
54013,2026-03-19 11:00:00,203,2,6,2026-03-19 17:00:00,209,0.0003,0.0010163185558422676,0.0,0.0,5.131122734439519e-07,8.999999999999999e-08
54013,2026-03-19 12:00:00,204,2,6,2026-03-19 18:00:00,210,0.0002,0.0,0.0,0.0,4e-08,4e-08
54013,2026-03-19 13:00:00,205,2,6,2026-03-19 19:00:00,211,0.0002,0.0,0.0,0.0,4e-08,4e-08
54013,2026-03-19 14:00:00,206,2,6,2026-03-19 20:00:00,212,0.0002,0.0,0.0010516887118178363,0.0,4e-08,4e-08
54013,2026-03-19 15:00:00,207,2,6,2026-03-19 21:00:00,213,0.0002,0.0,0.0010669185875614986,0.0,4e-08,4e-08
54013,2026-03-19 16:00:00,208,2,6,2026-03-19 22:00:00,214,0.0002,0.0,0.0012786223431265422,0.0,4e-08,4e-08
54013,2026-03-19 17:00:00,209,2,6,2026-03-19 23:00:00,215,0.0002,0.0,0.0012651673078771224,0.0,4e-08,4e-08
54015,2026-03-14 00:00:00,72,2,6,2026-03-14 06:00:00,78,0.0,0.0069537594158558085,0.008800654851040231,0.010598036221012675,4.835477001360331e-05,0.00011231837174189663
54015,2026-03-14 01:00:00,73,2,6,2026-03-14 07:00:00,79,0.0,0.006072429368177061,0.00874300946616058,0.00955929558915807,3.687439843149926e-05,9.138013216089694e-05
54015,2026-03-14 02:00:00,74,2,6,2026-03-14 08:00:00,80,0.017,0.004808317795549555,0.005712514395579009,0.007047131029415007,0.00014863711497431367,9.90596007456336e-05
54015,2026-03-14 03:00:00,75,2,6,2026-03-14 09:00:00,81,0.0822,0.004839041865632331,0.0048714781907095986,0.007006172766043042,0.005984717843467387,0.0056541116540901664
54015,2026-03-14 04:00:00,76,2,6,2026-03-14 10:00:00,82,0.0921,0.002921296732662835,0.003964665481312102,0.00498823079422695,0.007952841116443772,0.007588460334159871
54015,2026-03-14 05:00:00,77,2,6,2026-03-14 11:00:00,83,0.0765,0.0036022903476133823,0.0039777517310028,0.005663328136049692,0.005314076072563662,0.005017834080760969
54015,2026-03-14 06:00:00,78,2,6,2026-03-14 12:00:00,84,0.0138,0.004152175318551126,0.004154203391496022,0.005873306126344591,9.308052108397406e-05,6.283247576664618e-05
54015,2026-03-14 07:00:00,79,2,6,2026-03-14 13:00:00,85,0.0138,0.002366481214527328,0.002258321386866702,0.0030180746831448414,0.00013072535181775648,0.0001162499135382422
54015,2026-03-14 08:00:00,80,2,6,2026-03-14 14:00:00,86,0.0189,0.002246850845962998,0.0021720465023211274,0.0029833241188716125,0.00027732737674660327,0.0002533405711048941
54015,2026-03-14 09:00:00,81,2,6,2026-03-14 15:00:00,87,0.0129,0.002161850346022006,0.0017125581345835861,0.0030775655891437906,0.0001153078579912277,9.648021775557218e-05
54015,2026-03-14 10:00:00,82,2,6,2026-03-14 16:00:00,88,0.0066,0.0017951147364968132,0.0,0.002311029815407615,2.3086922395430085e-05,1.8395265244322433e-05
54015,2026-03-14 11:00:00,83,2,6,2026-03-14 17:00:00,89,0.0002,0.0020997119546106325,0.0010914879427606407,0.002735351225754434,3.6089055104905496e-06,6.4280058379345094e-06
54015,2026-03-14 12:00:00,84,2,6,2026-03-14 18:00:00,90,0.0003,0.0014679104867955373,0.0012371753538287168,0.0022394567834187456,1.364014905166989e-06,3.761492614748987e-06
54015,2026-03-14 13:00:00,85,2,6,2026-03-14 19:00:00,91,0.0003,0.0010544062713121222,0.0013262922565100321,0.0017366143153274894,5.691288221950594e-07,2.0638606910038714e-06
54015,2026-03-14 14:00:00,86,2,6,2026-03-14 20:00:00,92,0.0002,0.0010252111515492047,0.0016711756383187425,0.0016641499187500502,6.809734446411645e-07,2.1437349845757784e-06
54015,2026-03-14 15:00:00,87,2,6,2026-03-14 21:00:00,93,0.0001,0.0,0.0015077600305755889,0.0,1e-08,1e-08
54015,2026-03-14 16:00:00,88,2,6,2026-03-14 22:00:00,94,0.0001,0.0,0.0,0.0,1e-08,1e-08
54015,2026-03-14 17:00:00,89,2,6,2026-03-14 23:00:00,95,0.0001,0.0,0.0,0.0,1e-08,1e-08
54015,2026-03-14 18:00:00,90,2,6,2026-03-15 00:00:00,96,0.0,0.0,0.0,0.0,0.0,0.0
54015,2026-03-14 19:00:00,91,2,6,2026-03-15 01:00:00,97,0.0,0.0,0.0,0.0,0.0,0.0
54015,2026-03-14 20:00:00,92,2,6,2026-03-15 02:00:00,98,0.0,0.0,0.0,0.0,0.0,0.0
54015,2026-03-14 21:00:00,93,2,6,2026-03-15 03:00:00,99,0.0,0.0,0.0,0.0,0.0,0.0
54015,2026-03-14 22:00:00,94,2,6,2026-03-15 04:00:00,100,0.0,0.0,0.0,0.0,0.0,0.0
54015,2026-03-14 23:00:00,95,2,6,2026-03-15 05:00:00,101,0.0,0.0,0.0,0.0,0.0,0.0
54015,2026-03-15 00:00:00,96,2,6,2026-03-15 06:00:00,102,0.0,0.0,0.0,0.0,0.0,0.0
54015,2026-03-15 01:00:00,97,2,6,2026-03-15 07:00:00,103,0.0,0.0,0.0,0.0,0.0,0.0
54015,2026-03-15 02:00:00,98,2,6,2026-03-15 08:00:00,104,0.0,0.0,0.0,0.0,0.0,0.0
54015,2026-03-15 03:00:00,99,2,6,2026-03-15 09:00:00,105,0.0,0.0,0.0,0.0,0.0,0.0
54015,2026-03-15 04:00:00,100,2,6,2026-03-15 10:00:00,106,0.0,0.0,0.0014008442362930334,0.0,0.0,0.0
54015,2026-03-15 05:00:00,101,2,6,2026-03-15 11:00:00,107,0.0002,0.0,0.001121699591032699,0.0,4e-08,4e-08
54015,2026-03-15 06:00:00,102,2,6,2026-03-15 12:00:00,108,0.0008,0.0015604671030032115,0.0019348008594694442,0.0013379340632948492,5.78310214750097e-07,2.893730564529068e-07
54015,2026-03-15 07:00:00,103,2,6,2026-03-15 13:00:00,109,0.0018,0.002611672967638874,0.00386252993938164,0.0022741048563496595,6.58813006395697e-07,2.2477541481433127e-07
54015,2026-03-15 08:00:00,104,2,6,2026-03-15 14:00:00,110,0.0037,0.0027482700176884737,0.004782093478061312,0.002540805905674545,9.057899592306986e-07,1.343730948319012e-06
54015,2026-03-15 09:00:00,105,2,6,2026-03-15 15:00:00,111,0.0067,0.003386292741506746,0.0049192352869968665,0.0033282663085576463,1.0980655794990877e-05,1.1368588086007482e-05
54015,2026-03-15 10:00:00,106,2,6,2026-03-15 16:00:00,112,0.0087,0.004353760646908265,0.004042010951435036,0.004289238968759369,1.888979651436326e-05,1.9454812874710913e-05
54015,2026-03-15 11:00:00,107,2,6,2026-03-15 17:00:00,113,0.0215,0.0035191053350470615,0.0028610054134453624,0.0033862415592587083,0.000323312572952133,0.00032810824484952637
54015,2026-03-15 12:00:00,108,2,6,2026-03-15 18:00:00,114,0.0227,0.004420470770060945,0.0028875172313421425,0.003916721721406594,0.00033414118886819635,0.00035281154289107885
54015,2026-03-15 13:00:00,109,2,6,2026-03-15 19:00:00,115,0.013,0.0035650441062773635,0.0017065854824642674,0.0033876196755706187,8.901839271649151e-05,9.239785550147709e-05
54015,2026-03-15 14:00:00,110,2,6,2026-03-15 20:00:00,116,0.0135,0.0044723234481661165,0.001955834839136729,0.004098540418240535,8.14989439245313e-05,8.838744226745685e-05
54015,2026-03-15 15:00:00,111,2,6,2026-03-15 21:00:00,117,0.0129,0.003341636386333707,0.0014080085645069302,0.0030219943941626626,9.136231497105977e-05,9.757499474895386e-05
54015,2026-03-15 16:00:00,112,2,6,2026-03-15 22:00:00,118,0.0129,0.004791119268445927,0.002822305015610262,0.004615836910668376,6.575394671856891e-05,6.862735809064448e-05
54015,2026-03-15 17:00:00,113,2,6,2026-03-15 23:00:00,119,0.0062,0.00718475128441306,0.001908469116638091,0.007281193336572171,9.69735092153171e-07,1.1689790310480647e-06
54015,2026-03-15 18:00:00,114,2,6,2026-03-16 00:00:00,120,0.0048,0.007205908968821978,0.002363366892751072,0.007171962847766206,5.788397966258035e-06,5.626207751183171e-06
54015,2026-03-15 19:00:00,115,2,6,2026-03-16 01:00:00,121,0.0044,0.007471931103098006,0.0011273516694737644,0.007215608642893795,9.436760702180931e-06,7.927652029938235e-06
54015,2026-03-15 20:00:00,116,2,6,2026-03-16 02:00:00,122,0.0037,0.007546980928220369,0.0,0.006984039844292149,1.4799262262091247e-05,1.0784917698898403e-05
54015,2026-03-15 21:00:00,117,2,6,2026-03-16 03:00:00,123,0.0031,0.005917131751928662,0.0011161386516010266,0.005323028702042183,7.93623130772465e-06,4.941856610103352e-06
54015,2026-03-15 22:00:00,118,2,6,2026-03-16 04:00:00,124,0.0025,0.0064973245365083565,0.002059418119890211,0.005749005407152462,1.597860345017175e-05,1.0556036135705932e-05
54015,2026-03-15 23:00:00,119,2,6,2026-03-16 05:00:00,125,0.0027,0.008262230722976585,0.002427661028258782,0.008004914678201953,3.0938410615624626e-05,2.814211974300253e-05
54015,2026-03-16 00:00:00,120,2,6,2026-03-16 06:00:00,126,0.0036,0.012857950055467277,0.0083389903213787,0.013888765586422304,8.570963922952657e-05,0.00010585869729234791
54015,2026-03-16 01:00:00,121,2,6,2026-03-16 07:00:00,127,0.0037,0.016486047003353443,0.01004562858346326,0.01799052403881598,0.00016348299797196354,0.00020421907730397735
54015,2026-03-16 02:00:00,122,2,6,2026-03-16 08:00:00,128,0.0036,0.015052441697993697,0.008757345214349111,0.015009076617624718,0.00013115842084594477,0.0001301670292668311
54015,2026-03-16 03:00:00,123,2,6,2026-03-16 09:00:00,129,0.0042,0.01331735787264204,0.008719213719033584,0.013110199446574065,8.312621457782781e-05,7.93916541777288e-05
54015,2026-03-16 04:00:00,124,2,6,2026-03-16 10:00:00,130,0.0194,0.011965602418937743,0.007641650409146967,0.011835339623345834,5.5270267393304355e-05,5.722408661412156e-05
54015,2026-03-16 05:00:00,125,2,6,2026-03-16 11:00:00,131,0.08,0.010468990661707032,0.007315626379521317,0.010450085288007286,0.004834561259601784,0.004837190636445461
54015,2026-03-16 06:00:00,126,2,6,2026-03-16 12:00:00,132,0.1106,0.010325638772732466,0.008809968180154231,0.010300310120957647,0.010054947519536537,0.010060027789832074
54015,2026-03-16 07:00:00,127,2,6,2026-03-16 13:00:00,133,0.1037,0.0109977128827132,0.009922784095818577,0.010874257034022889,0.008593714036775878,0.008616618557185648
54015,2026-03-16 08:00:00,128,2,6,2026-03-16 14:00:00,134,0.1043,0.01058564651003874,0.011305832066652257,0.010315881840205017,0.008782380050041415,0.008833014466274306
54015,2026-03-16 09:00:00,129,2,6,2026-03-16 15:00:00,135,0.1039,0.010405426394876939,0.008329624607665087,0.010211868672582208,0.008741235293603773,0.008777465951623483
54015,2026-03-16 10:00:00,130,2,6,2026-03-16 16:00:00,136,0.0849,0.011259927440562504,0.010497254608089502,0.010428063197963858,0.00542286028655922,0.005546069371046466
54015,2026-03-16 11:00:00,131,2,6,2026-03-16 17:00:00,137,0.0429,0.012950387273681647,0.011739550418025841,0.011592512441355268,0.0008969793024564503,0.0009801587772346949
54015,2026-03-16 12:00:00,132,2,6,2026-03-16 18:00:00,138,0.0863,0.01761367481717745,0.016004094860975194,0.016729692965817812,0.0047178112671204435,0.004840027620830379
54015,2026-03-16 13:00:00,133,2,6,2026-03-16 19:00:00,139,0.1301,0.026761497466816726,0.017008133865617663,0.026962994290970613,0.010678846105800726,0.01063724194662436
54015,2026-03-16 14:00:00,134,2,6,2026-03-16 20:00:00,140,0.1724,0.034302946222606975,0.01916100455398004,0.03562677643850823,0.019070796261996176,0.01870691468340181
54015,2026-03-16 15:00:00,135,2,6,2026-03-16 21:00:00,141,0.1645,0.03277553318307766,0.020524179701651338,0.03391706942931698,0.017351335158202478,0.017051901756427828
54015,2026-03-16 16:00:00,136,2,6,2026-03-16 22:00:00,142,0.1607,0.03644730795715624,0.02245557815792865,0.03727076434852025,0.015438731479893771,0.015234776213508522
54015,2026-03-16 17:00:00,137,2,6,2026-03-16 23:00:00,143,0.1654,0.03836992623288097,0.02520060276463409,0.0395373597161952,0.0161366396412797,0.015841404219210438
54015,2026-03-16 18:00:00,138,2,6,2026-03-17 00:00:00,144,0.1721,0.04141316700735403,0.036906342334550035,0.0423953142025425,0.017079048317647737,0.016823305517817175
54015,2026-03-16 19:00:00,139,2,6,2026-03-17 01:00:00,145,0.1764,0.04072996923460373,0.035748988610747545,0.041670676234434836,0.01840635724788357,0.018151990682326487
54015,2026-03-16 20:00:00,140,2,6,2026-03-17 02:00:00,146,0.1241,0.03874419137660863,0.031166490878830277,0.039392850213211296,0.0072856140657530126,0.007175301225001457
54015,2026-03-16 21:00:00,141,2,6,2026-03-17 03:00:00,147,0.1185,0.03934138929932117,0.03173345506456059,0.039514311459791424,0.0062660856480616246,0.006238738994170836
54015,2026-03-16 22:00:00,142,2,6,2026-03-17 04:00:00,148,0.1173,0.03813827397680472,0.02998045260052347,0.0377922799272336,0.006266578866971433,0.0063214775511693825
54015,2026-03-16 23:00:00,143,2,6,2026-03-17 05:00:00,149,0.1139,0.03774667248948071,0.03168544217095922,0.037531014636705315,0.005799329290924414,0.005832221925419118
54015,2026-03-17 00:00:00,144,2,6,2026-03-17 06:00:00,150,0.1277,0.03744506339619707,0.03209635845731215,0.03657151030473542,0.008145953581356486,0.008304401634139945
54015,2026-03-17 01:00:00,145,2,6,2026-03-17 07:00:00,151,0.1772,0.03870058596133896,0.03509277816371268,0.038023496445660734,0.019182087689052458,0.019370099141611006
54015,2026-03-17 02:00:00,146,2,6,2026-03-17 08:00:00,152,0.1817,0.03970621272405572,0.03495845954645551,0.03956054989143345,0.020162235624966114,0.02020362327716568
54015,2026-03-17 03:00:00,147,2,6,2026-03-17 09:00:00,153,0.1674,0.04142570116753317,0.03553532632333637,0.04179564326112424,0.015869523966331654,0.015776454431786765
54015,2026-03-17 04:00:00,148,2,6,2026-03-17 10:00:00,154,0.1584,0.04242188304665153,0.03528627504721901,0.043646756653698104,0.013450923612044577,0.013168306858495583
54015,2026-03-17 05:00:00,149,2,6,2026-03-17 11:00:00,155,0.1627,0.03994078778139196,0.033504532505283256,0.041359943857371004,0.015069824184533249,0.01472340922469636
54015,2026-03-17 06:00:00,150,2,6,2026-03-17 12:00:00,156,0.167,0.039730891635293836,0.03282268719523134,0.041120337833124604,0.016197425943947324,0.015845689347246682
54015,2026-03-17 07:00:00,151,2,6,2026-03-17 13:00:00,157,0.1578,0.03713742946378433,0.031461413264409537,0.038353901513242014,0.014559455928407222,0.014267370443708287
54015,2026-03-17 08:00:00,152,2,6,2026-03-17 14:00:00,158,0.0979,0.03472232039016201,0.02673161796004798,0.03580076749525919,0.00399141920088334,0.0038563146776778574
54015,2026-03-17 09:00:00,153,2,6,2026-03-17 15:00:00,159,0.0904,0.028452150992981772,0.017676536280270407,0.029136202972316016,0.003837535996596328,0.00375325282624926
54015,2026-03-17 10:00:00,154,2,6,2026-03-17 16:00:00,160,0.0958,0.023520538617090407,0.012150408255910598,0.02392841809743937,0.005224320537803517,0.00516552428517648
54015,2026-03-17 11:00:00,155,2,6,2026-03-17 17:00:00,161,0.0883,0.01998304731055632,0.009593870050278466,0.02005426764266582,0.004667206024771687,0.004657479984988889
54015,2026-03-17 12:00:00,156,2,6,2026-03-17 18:00:00,162,0.061,0.017103702024556154,0.010017157488259432,0.017086869713948127,0.0019268849759489553,0.001928363011519766
54015,2026-03-17 13:00:00,157,2,6,2026-03-17 19:00:00,163,0.0527,0.01273274187645923,0.008080355887351207,0.012661557200209122,0.0015973817219137353,0.0016030769018321256
54015,2026-03-17 14:00:00,158,2,6,2026-03-17 20:00:00,164,0.0349,0.010025304537609851,0.007306993264748669,0.01006045011021723,0.000618750474346653,0.0006170032387270072
54015,2026-03-17 15:00:00,159,2,6,2026-03-17 21:00:00,165,0.0166,0.009252849566106617,0.006553413768939241,0.00917013846187604,5.3980619498259726e-05,5.520284247569373e-05
54015,2026-03-17 16:00:00,160,2,6,2026-03-17 22:00:00,166,0.0129,0.007616280385308107,0.0038668360495869637,0.007559660742321788,2.7917692966679844e-05,2.851922338709907e-05
54015,2026-03-17 17:00:00,161,2,6,2026-03-17 23:00:00,167,0.0092,0.006462363052953896,0.003310319961599825,0.006328347850666239,7.494656053831912e-06,8.246386066773211e-06
54015,2026-03-17 18:00:00,162,2,6,2026-03-18 00:00:00,168,0.0061,0.005500407544039517,0.003423534827209312,0.005298979091767036,3.5951111324472405e-07,6.416344954263626e-07
54015,2026-03-17 19:00:00,163,2,6,2026-03-18 01:00:00,169,0.0031,0.00425341051626135,0.002909181308562326,0.004006844412289366,1.3303558190222733e-06,8.223667881004453e-07
54015,2026-03-17 20:00:00,164,2,6,2026-03-18 02:00:00,170,0.0012,0.003771036124121386,0.00340391492799103,0.0035642722674740198,6.610226751537121e-06,5.589783354746744e-06
54015,2026-03-17 21:00:00,165,2,6,2026-03-18 03:00:00,171,0.0011,0.00394296662356662,0.003032388716540375,0.003736245518655049,8.082459222713787e-06,6.949790434628829e-06
54015,2026-03-17 22:00:00,166,2,6,2026-03-18 04:00:00,172,0.0011,0.004072183623697261,0.0038541048046614526,0.0038429906221678464,8.833875492974182e-06,7.52399755330075e-06
54015,2026-03-17 23:00:00,167,2,6,2026-03-18 05:00:00,173,0.0011,0.003974929145213826,0.004367377208116871,0.003710565445298977,8.265217589999896e-06,6.815051944189046e-06
54015,2026-03-18 00:00:00,168,2,6,2026-03-18 06:00:00,174,0.0011,0.0031422412224017863,0.0019282379116275085,0.0030430092126429863,4.170749210477143e-06,3.775284800415517e-06
54015,2026-03-18 01:00:00,169,2,6,2026-03-18 07:00:00,175,0.001,0.0028018890288776725,0.0017816530463721583,0.002688946453668935,3.2468040723897215e-06,2.8525401233608722e-06
54015,2026-03-18 02:00:00,170,2,6,2026-03-18 08:00:00,176,0.001,0.0023754396237094873,0.0015981015844992272,0.0023389232136434967,1.891834158470096e-06,1.7927153720334287e-06
54015,2026-03-18 03:00:00,171,2,6,2026-03-18 09:00:00,177,0.0009,0.002656058458305748,0.0016392349161495389,0.002753697075194228,3.083741308987161e-06,3.436192846583635e-06
54015,2026-03-18 04:00:00,172,2,6,2026-03-18 10:00:00,178,0.0009,0.0026324601041986377,0.0017860150048372397,0.0028161462459282576,3.0014180126399544e-06,3.671616435784955e-06
54015,2026-03-18 05:00:00,173,2,6,2026-03-18 11:00:00,179,0.0009,0.0026258829235278804,0.0017847725103818967,0.0028611258800650503,2.9786718657251435e-06,3.846014717460919e-06
54015,2026-03-18 06:00:00,174,2,6,2026-03-18 12:00:00,180,0.0008,0.0025406663863504447,0.0017850140458866431,0.0026388808597222323,3.029919468570316e-06,3.3814828162527767e-06
54015,2026-03-18 07:00:00,175,2,6,2026-03-18 13:00:00,181,0.0016,0.0023075064673476276,0.0012024907014248976,0.002464416215114777,5.005654013387195e-07,7.472153929533566e-07
54015,2026-03-18 08:00:00,176,2,6,2026-03-18 14:00:00,182,0.0042,0.0021808624174170644,0.0011307520192679998,0.0022572357783689273,4.0769165773988595e-06,3.7743328208497867e-06
54015,2026-03-18 09:00:00,177,2,6,2026-03-18 15:00:00,183,0.0043,0.002139502314613787,0.0013210771856305282,0.0022949253097129317,4.667750248559184e-06,4.020324513629783e-06
54015,2026-03-18 10:00:00,178,2,6,2026-03-18 16:00:00,184,0.0037,0.0019472365248891863,0.0010204706298286232,0.0019796846880502893,3.0721797996825363e-06,2.959484772528631e-06
54015,2026-03-18 11:00:00,179,2,6,2026-03-18 17:00:00,185,0.0035,0.0017377930209402914,0.0,0.0017186874543018097,3.1053734370467444e-06,3.1730743854617675e-06
54015,2026-03-18 12:00:00,180,2,6,2026-03-18 18:00:00,186,0.0019,0.0018299277866835656,0.001198139340063159,0.0018318290422719861,4.910115079063888e-09,4.6472794775546525e-09
54015,2026-03-18 13:00:00,181,2,6,2026-03-18 19:00:00,187,0.002,0.0017395197158524387,0.0,0.0016185550238026721,6.784997842959432e-08,1.4550026986618007e-07
54015,2026-03-18 14:00:00,182,2,6,2026-03-18 20:00:00,188,0.0018,0.001480719465292684,0.0,0.0014269441668713168,1.0194005984298954e-07,1.391706546313359e-07
54015,2026-03-18 15:00:00,183,2,6,2026-03-18 21:00:00,189,0.0007,0.0014518385020336829,0.0,0.0013256345892455426,5.652611331402522e-07,3.914186392604388e-07
54015,2026-03-18 16:00:00,184,2,6,2026-03-18 22:00:00,190,0.0004,0.001411070562193592,0.0,0.0012962201300246398,1.0222636817344663e-06,8.032105214613823e-07
54015,2026-03-18 17:00:00,185,2,6,2026-03-18 23:00:00,191,0.0003,0.0012367394816956928,0.0,0.001126250140754609,8.774808565675153e-07,6.826892950970113e-07
54015,2026-03-18 18:00:00,186,2,6,2026-03-19 00:00:00,192,0.0002,0.001413070331650897,0.0011483428997379967,0.0012880053998980195,1.4715396295316172e-06,1.183755750207249e-06
54015,2026-03-18 19:00:00,187,2,6,2026-03-19 01:00:00,193,0.0001,0.0013346679963951505,0.0012085995151093626,0.0011728356532347737,1.5244050613224153e-06,1.1509763388516834e-06
54015,2026-03-18 20:00:00,188,2,6,2026-03-19 02:00:00,194,0.0,0.001435092671439353,0.0012365522283043341,0.0012765608326446379,2.0594909756189383e-06,1.629607559442371e-06
54015,2026-03-18 21:00:00,189,2,6,2026-03-19 03:00:00,195,0.0,0.0016016319317233205,0.0011567332827793766,0.0014517746752362964,2.5652248447157754e-06,2.107649707657454e-06
54015,2026-03-18 22:00:00,190,2,6,2026-03-19 04:00:00,196,0.0,0.0015648720174585358,0.001086053667309388,0.0013850338077359065,2.448824431024748e-06,1.918318648571424e-06
54015,2026-03-18 23:00:00,191,2,6,2026-03-19 05:00:00,197,0.0,0.0015947775144467306,0.0011067068277803456,0.0014963780297193839,2.543315320584892e-06,2.2391472078268652e-06
54015,2026-03-19 00:00:00,192,2,6,2026-03-19 06:00:00,198,0.0,0.0014573072291479713,0.0,0.0013759508982008114,2.1237443601269377e-06,1.8932408742596196e-06
54015,2026-03-19 01:00:00,193,2,6,2026-03-19 07:00:00,199,0.0001,0.0016301678894727926,0.0,0.0015160958655864836,2.3414137699736203e-06,2.0053275005311323e-06
54015,2026-03-19 02:00:00,194,2,6,2026-03-19 08:00:00,200,0.0006,0.0018428913369042405,0.0,0.001807790786037249,1.5447788753516103e-06,1.4587585828364758e-06
54015,2026-03-19 03:00:00,195,2,6,2026-03-19 09:00:00,201,0.0006,0.001835999196412888,0.0,0.001777141806765518,1.5276940135333046e-06,1.3856628332351885e-06
54015,2026-03-19 04:00:00,196,2,6,2026-03-19 10:00:00,202,0.0001,0.0020063852817050714,0.0,0.0018988444773252264,3.6343048423017246e-06,3.235841453603467e-06
54015,2026-03-19 05:00:00,197,2,6,2026-03-19 11:00:00,203,0.0001,0.00197054115846484,0.0,0.001863204803560036,3.498924225510985e-06,3.108891179297185e-06
54015,2026-03-19 06:00:00,198,2,6,2026-03-19 12:00:00,204,0.0001,0.002087607768494779,0.001447354361102389,0.0020456782671528454,3.950584641380796e-06,3.785663919270899e-06
54015,2026-03-19 07:00:00,199,2,6,2026-03-19 13:00:00,205,0.0001,0.0017124913463185001,0.0,0.0016581588341829721,2.600128341952049e-06,2.4278589525424385e-06
54015,2026-03-19 08:00:00,200,2,6,2026-03-19 14:00:00,206,0.0,0.0015366927514209525,0.0,0.0015612094116316318,2.3614246122696973e-06,2.437374826967186e-06
54015,2026-03-19 09:00:00,201,2,6,2026-03-19 15:00:00,207,0.0,0.0015239547211669203,0.0,0.0015582510520686494,2.322437992166946e-06,2.4281463412730525e-06
54015,2026-03-19 10:00:00,202,2,6,2026-03-19 16:00:00,208,0.0,0.0014954909731650697,0.0,0.001455329359856367,2.236493250818207e-06,2.1179835456599427e-06
54015,2026-03-19 11:00:00,203,2,6,2026-03-19 17:00:00,209,0.0,0.001473230922649461,0.0,0.001428929422207115,2.1704093514505823e-06,2.0418392936491595e-06
54015,2026-03-19 12:00:00,204,2,6,2026-03-19 18:00:00,210,0.0,0.0016764008537190906,0.0,0.0016023082611011821,2.8103198223500958e-06,2.567391763593094e-06
54015,2026-03-19 13:00:00,205,2,6,2026-03-19 19:00:00,211,0.0,0.0014165568929234808,0.0,0.0013900027116545246,2.0066334308890258e-06,1.9321075384069313e-06
54015,2026-03-19 14:00:00,206,2,6,2026-03-19 20:00:00,212,0.0,0.0012823619186860783,0.0,0.0012310473677239603,1.64445209049624e-06,1.5154776215800915e-06
54015,2026-03-19 15:00:00,207,2,6,2026-03-19 21:00:00,213,0.0,0.0012693455302233041,0.0,0.0011604287925966591,1.611238075097881e-06,1.34659498268734e-06
54015,2026-03-19 16:00:00,208,2,6,2026-03-19 22:00:00,214,0.0,0.0013859413759583885,0.0,0.001201417392857824,1.920833497593431e-06,1.4434037518612908e-06
54015,2026-03-19 17:00:00,209,2,6,2026-03-19 23:00:00,215,0.0,0.0017043691716190723,0.0,0.0016630982891689577,2.904874273165483e-06,2.765895919436714e-06
18013,2026-03-14 00:00:00,72,1,24,2026-03-15 00:00:00,96,0.0,0.001662234524680197,0.001662234524680197,0.002774065380883514,2.7630236150388003e-06,7.695438737416396e-06
18013,2026-03-14 01:00:00,73,1,24,2026-03-15 01:00:00,97,0.0,0.0013342157456692396,0.0013342157456692396,0.002735882595734731,1.780131655991725e-06,7.4850535776442086e-06
18013,2026-03-14 02:00:00,74,1,24,2026-03-15 02:00:00,98,0.0,0.0013265212546004078,0.0013265212546004078,0.003026292789433563,1.7596586389066399e-06,9.158448047377577e-06
18013,2026-03-14 03:00:00,75,1,24,2026-03-15 03:00:00,99,0.0,0.0,0.0,0.0026465464446281126,0.0,7.0042080835737035e-06
18013,2026-03-14 04:00:00,76,1,24,2026-03-15 04:00:00,100,0.0,0.0,0.0,0.0030185847072141518,0.0,9.111853634627147e-06
18013,2026-03-14 05:00:00,77,1,24,2026-03-15 05:00:00,101,0.0,0.0,0.0,0.002998672719312925,0.0,8.992038077551574e-06
18013,2026-03-14 06:00:00,78,1,24,2026-03-15 06:00:00,102,0.0,0.0,0.0,0.003005278394017234,0.0,9.031698225546805e-06
18013,2026-03-14 07:00:00,79,1,24,2026-03-15 07:00:00,103,0.0,0.0,0.0,0.0030639968909748952,0.0,9.388076947903824e-06
18013,2026-03-14 08:00:00,80,1,24,2026-03-15 08:00:00,104,0.0003,0.0,0.0,0.003018644562058696,8.999999999999999e-08,7.39102825481132e-06
18013,2026-03-14 09:00:00,81,1,24,2026-03-15 09:00:00,105,0.0015,0.0010177251085539405,0.0010177251085539405,0.00310454533241657,2.325890709193085e-07,2.5745657237798016e-06
18013,2026-03-14 10:00:00,82,1,24,2026-03-15 10:00:00,106,0.0083,0.0033775476412484726,0.0033775476412484726,0.003409019517456288,2.4230537224178476e-05,2.3921690080623524e-05
18013,2026-03-14 11:00:00,83,1,24,2026-03-15 11:00:00,107,0.0539,0.010028708056192255,0.010028708056192255,0.005423706086676312,0.0019246902568188105,0.0023499510715709435
18013,2026-03-14 12:00:00,84,1,24,2026-03-15 12:00:00,108,0.1214,0.011632551296884638,0.011632551296884638,0.006488728905450665,0.012048892794791061,0.013204600224565006
18013,2026-03-14 13:00:00,85,1,24,2026-03-15 13:00:00,109,0.1379,0.013982365074198687,0.013982365074198687,0.006468650428787301,0.015355580245604173,0.01727419965011031
18013,2026-03-14 14:00:00,86,1,24,2026-03-15 14:00:00,110,0.1182,0.01412705075311605,0.01412705075311605,0.006469429212464074,0.010831178764944483,0.012483720448508576
18013,2026-03-14 15:00:00,87,1,24,2026-03-15 15:00:00,111,0.1161,0.013270090406638194,0.013270090406638194,0.005035800375240716,0.010573990306978961,0.012335256438288379
18013,2026-03-14 16:00:00,88,1,24,2026-03-15 16:00:00,112,0.1087,0.010772110918088725,0.010772110918088725,0.004563776165126015,0.009589871460039118,0.010844353114586978
18013,2026-03-14 17:00:00,89,1,24,2026-03-15 17:00:00,113,0.0835,0.007810366443689151,0.007810366443689151,0.004021111390909386,0.005728920627888617,0.006316893734536235
18013,2026-03-14 18:00:00,90,1,24,2026-03-15 18:00:00,114,0.0834,0.0068841721336980926,0.0068841721336980926,0.003880536739079509,0.005854671914065544,0.006323345037304884
18013,2026-03-14 19:00:00,91,1,24,2026-03-15 19:00:00,115,0.1168,0.005875120222498114,0.005875120222498114,0.003883149309699321,0.012304328953653246,0.012750215169815657
18013,2026-03-14 20:00:00,92,1,24,2026-03-15 20:00:00,116,0.0684,0.006568752917378042,0.006568752917378042,0.004396440343342607,0.0038231031157922465,0.004096455648723302
18013,2026-03-14 21:00:00,93,1,24,2026-03-15 21:00:00,117,0.0515,0.006755724932076598,0.006755724932076598,0.004133225856344642,0.002002050151353992,0.0022436112927760573
18013,2026-03-14 22:00:00,94,1,24,2026-03-15 22:00:00,118,0.0457,0.0063107422208224006,0.0063107422208224006,0.004962065792644749,0.0015515136283945027,0.0016595792834828047
18013,2026-03-14 23:00:00,95,1,24,2026-03-15 23:00:00,119,0.0523,0.00811469667705891,0.00811469667705891,0.005755266018910593,0.0019523410297403085,0.0021664122613703793
18013,2026-03-15 00:00:00,96,1,24,2026-03-16 00:00:00,120,0.0532,0.00821597790336279,0.00821597790336279,0.005697427828680298,0.0020235622439907447,0.002256494362891437
18013,2026-03-15 01:00:00,97,1,24,2026-03-16 01:00:00,121,0.0459,0.012067452902247804,0.012067452902247804,0.0055639969201491555,0.0011446412431216208,0.0016269931444577372
18013,2026-03-15 02:00:00,98,1,24,2026-03-16 02:00:00,122,0.0498,0.009083373461061788,0.009083373461061788,0.004973431430478062,0.001657843676711367,0.0020094212497180517
18013,2026-03-15 03:00:00,99,1,24,2026-03-16 03:00:00,123,0.0733,0.007461110493082689,0.007461110493082689,0.004160882595949029,0.004334759371504067,0.004780217555411144
18013,2026-03-15 04:00:00,100,1,24,2026-03-16 04:00:00,124,0.0774,0.006830661056463362,0.006830661056463362,0.003941011084348254,0.004980031598927756,0.005396223052509845
18013,2026-03-15 05:00:00,101,1,24,2026-03-16 05:00:00,125,0.0715,0.007898158819847638,0.007898158819847638,0.00395737510028578,0.004045194201505324,0.004562006178343495
18013,2026-03-15 06:00:00,102,1,24,2026-03-16 06:00:00,126,0.0474,0.0075275432306799945,0.0075275432306799945,0.0038759709420704055,0.0015898128088212926,0.0018943411054354994
18013,2026-03-15 07:00:00,103,1,24,2026-03-16 07:00:00,127,0.0451,0.008050324356675131,0.008050324356675131,0.004916612924719442,0.00137267846527558,0.0016147045968418249
18013,2026-03-15 08:00:00,104,1,24,2026-03-16 08:00:00,128,0.042,0.011531491192849984,0.011531491192849984,0.008643502112515565,0.0009283300289313782,0.001112655951317754
18013,2026-03-15 09:00:00,105,1,24,2026-03-16 09:00:00,129,0.0394,0.016577690216070702,0.016577690216070702,0.008750772549958543,0.0005208578238736348,0.0009393751432843747
18013,2026-03-15 10:00:00,106,1,24,2026-03-16 10:00:00,130,0.0302,0.01295101767674908,0.01295101767674908,0.0075913607624590665,0.00029752739118782276,0.0005111505681732755
18013,2026-03-15 11:00:00,107,1,24,2026-03-16 11:00:00,131,0.0227,0.014351301341753659,0.014351301341753659,0.00946338475488515,6.970076928620428e-05,0.0001752079831472069
18013,2026-03-15 12:00:00,108,1,24,2026-03-16 12:00:00,132,0.0248,0.013530589321862728,0.013530589321862728,0.009650892745158037,0.00012699961703251434,0.00022949545061870535
18013,2026-03-15 13:00:00,109,1,24,2026-03-16 13:00:00,133,0.0194,0.015674082832026395,0.015674082832026395,0.010625731322691257,1.3882458742600456e-05,7.698779082160133e-05
18013,2026-03-15 14:00:00,110,1,24,2026-03-16 14:00:00,134,0.0126,0.014345736668876227,0.014345736668876227,0.010853055746488077,3.0475965170590634e-06,3.0518142248783317e-06
18013,2026-03-15 15:00:00,111,1,24,2026-03-16 15:00:00,135,0.0081,0.013609802057689135,0.013609802057689135,0.010701875040046846,3.0357918714915437e-05,6.769753724018776e-06
18013,2026-03-15 16:00:00,112,1,24,2026-03-16 16:00:00,136,0.0055,0.01519214377658188,0.01519214377658188,0.011466000534230431,9.393765098593488e-05,3.559316237443779e-05
18013,2026-03-15 17:00:00,113,1,24,2026-03-16 17:00:00,137,0.0069,0.015606099908192783,0.015606099908192783,0.011878073033426568,7.579617561143439e-05,2.4781211126128796e-05
18013,2026-03-15 18:00:00,114,1,24,2026-03-16 18:00:00,138,0.0027,0.013664177156121,0.013664177156121,0.011803832616996671,0.00012021318071080558,8.287976831829247e-05
18013,2026-03-15 19:00:00,115,1,24,2026-03-16 19:00:00,139,0.001,0.015262917331271589,0.015262917331271589,0.011775800353200446,0.0002034308107986875,0.00011611787325203486
18013,2026-03-15 20:00:00,116,1,24,2026-03-16 20:00:00,140,0.0015,0.01873098671053627,0.01873098671053627,0.012621232839439002,0.0002969069030186775,0.0001236818198690165
18013,2026-03-15 21:00:00,117,1,24,2026-03-16 21:00:00,141,0.0037,0.01713955924963482,0.01713955924963482,0.012581038034795709,0.0001806217528244448,7.887283657548803e-05
18013,2026-03-15 22:00:00,118,1,24,2026-03-16 22:00:00,142,0.0036,0.020846023126115037,0.020846023126115037,0.012748992544736258,0.0002974253136664947,8.370406458363962e-05
18013,2026-03-15 23:00:00,119,1,24,2026-03-16 23:00:00,143,0.0004,0.01806167703759816,0.01806167703759816,0.01000279476146698,0.000311934835780422,9.221366723085769e-05
18013,2026-03-16 00:00:00,120,1,24,2026-03-17 00:00:00,144,0.001,0.016858840444037355,0.016858840444037355,0.009550331249481714,0.0002515028202294349,7.310816447586353e-05
18013,2026-03-16 01:00:00,121,1,24,2026-03-17 01:00:00,145,0.0035,0.015226372601032854,0.015226372601032854,0.00832843572681143,0.00013750781437825402,2.3313791567949034e-05
18013,2026-03-16 02:00:00,122,1,24,2026-03-17 02:00:00,146,0.0012,0.01319249889062224,0.01319249889062224,0.008149183845627675,0.00014382002964157567,4.829115612033264e-05
18013,2026-03-16 03:00:00,123,1,24,2026-03-17 03:00:00,147,0.0028,0.012719173786850831,0.012719173786850831,0.008156362226993792,9.839000861374866e-05,2.8690616306765894e-05
18013,2026-03-16 04:00:00,124,1,24,2026-03-17 04:00:00,148,0.0123,0.012330378167000004,0.012330378167000004,0.00802345860625915,9.228330302800962e-10,1.8288806292378938e-05
18013,2026-03-16 05:00:00,125,1,24,2026-03-17 05:00:00,149,0.0133,0.012363800536014479,0.012363800536014479,0.008086104730988579,8.764694363667759e-07,2.7184703876219672e-05
18013,2026-03-16 06:00:00,126,1,24,2026-03-17 06:00:00,150,0.011,0.012760351721613572,0.012760351721613572,0.00807324744278471,3.0988381837878702e-06,8.565880531166234e-06
18013,2026-03-16 07:00:00,127,1,24,2026-03-17 07:00:00,151,0.002,0.012355011608729602,0.012355011608729602,0.008069234011153694,0.00010722626541692483,3.683560148214476e-05
18013,2026-03-16 08:00:00,128,1,24,2026-03-17 08:00:00,152,0.002,0.009196374846023637,0.009196374846023637,0.00689572996362164,5.178781092448172e-05,2.3968171876702742e-05
18013,2026-03-16 09:00:00,129,1,24,2026-03-17 09:00:00,153,0.0028,0.007075028562678988,0.007075028562678988,0.005265561002969648,1.8275869211721178e-05,6.078991059364697e-06
18013,2026-03-16 10:00:00,130,1,24,2026-03-17 10:00:00,154,0.0019,0.007102432862970046,0.007102432862970046,0.005516138717077742,2.706530769371071e-05,1.307645922114866e-05
18013,2026-03-16 11:00:00,131,1,24,2026-03-17 11:00:00,155,0.001,0.007924436841059104,0.007924436841059104,0.005439361039839734,4.794782556581659e-05,1.9707926442046925e-05
18013,2026-03-16 12:00:00,132,1,24,2026-03-17 12:00:00,156,0.0001,0.007855980466795452,0.007855980466795452,0.005305784359102308,6.015523300131258e-05,2.710019079347422e-05
18013,2026-03-16 13:00:00,133,1,24,2026-03-17 13:00:00,157,0.0008,0.008198249616196399,0.008198249616196399,0.0053524366730366806,5.473409738355016e-05,2.0724679662009277e-05
18013,2026-03-16 14:00:00,134,1,24,2026-03-17 14:00:00,158,0.0015,0.00486875844984458,0.00486875844984458,0.004041354599138162,1.1348533493399257e-05,6.4584831985606896e-06
18013,2026-03-16 15:00:00,135,1,24,2026-03-17 15:00:00,159,0.0004,0.0033104044197352247,0.0033104044197352247,0.003760081778317597,8.470453886414329e-06,1.1290149556981945e-05
18013,2026-03-16 16:00:00,136,1,24,2026-03-17 16:00:00,160,0.0003,0.003618474807870551,0.003618474807870551,0.0038421337788466705,1.101227505047149e-05,1.2546711707246595e-05
18013,2026-03-16 17:00:00,137,1,24,2026-03-17 17:00:00,161,0.0004,0.003238093553839135,0.003238093553839135,0.0037632655348601557,8.05477502034325e-06,1.1311555057978169e-05
18013,2026-03-16 18:00:00,138,1,24,2026-03-17 18:00:00,162,0.0004,0.002209290888136764,0.002209290888136764,0.0024135222568417306,3.2735335178947196e-06,4.054271878797015e-06
18013,2026-03-16 19:00:00,139,1,24,2026-03-17 19:00:00,163,0.0003,0.0,0.0,0.001871401229470542,8.999999999999999e-08,2.469301823981531e-06
18013,2026-03-16 20:00:00,140,1,24,2026-03-17 20:00:00,164,0.0002,0.0,0.0,0.0018648219090879829,4e-08,2.7716319889793554e-06
18013,2026-03-16 21:00:00,141,1,24,2026-03-17 21:00:00,165,0.0003,0.0,0.0,0.0018617654286890793,8.999999999999999e-08,2.439111254248384e-06
18013,2026-03-16 22:00:00,142,1,24,2026-03-17 22:00:00,166,0.0003,0.0,0.0,0.001768544588724115,8.999999999999999e-08,2.15662320907088e-06
18013,2026-03-16 23:00:00,143,1,24,2026-03-17 23:00:00,167,0.0002,0.0,0.0,0.001770858922953138,4e-08,2.4675977558214923e-06
18013,2026-03-17 00:00:00,144,1,24,2026-03-18 00:00:00,168,0.0002,0.0,0.0,0.0018847080423887315,4e-08,2.838241188089272e-06
18013,2026-03-17 01:00:00,145,1,24,2026-03-18 01:00:00,169,0.0001,0.0,0.0,0.0018855389605516555,1e-08,3.1881493796478863e-06
18013,2026-03-17 02:00:00,146,1,24,2026-03-18 02:00:00,170,0.0,0.0,0.0,0.001886223391323589,0.0,3.557838681976261e-06
18013,2026-03-17 03:00:00,147,1,24,2026-03-18 03:00:00,171,0.0,0.0,0.0,0.001886223391323589,0.0,3.557838681976261e-06
18013,2026-03-17 04:00:00,148,1,24,2026-03-18 04:00:00,172,0.0,0.0,0.0,0.001886223391323589,0.0,3.557838681976261e-06
18013,2026-03-17 05:00:00,149,1,24,2026-03-18 05:00:00,173,0.0,0.0,0.0,0.001886223391323589,0.0,3.557838681976261e-06
18013,2026-03-17 06:00:00,150,1,24,2026-03-18 06:00:00,174,0.0,0.0,0.0,0.001886223391323589,0.0,3.557838681976261e-06
18013,2026-03-17 07:00:00,151,1,24,2026-03-18 07:00:00,175,0.0,0.0,0.0,0.001886223391323589,0.0,3.557838681976261e-06
18013,2026-03-17 08:00:00,152,1,24,2026-03-18 08:00:00,176,0.0,0.0,0.0,0.001886223391323589,0.0,3.557838681976261e-06
18013,2026-03-17 09:00:00,153,1,24,2026-03-18 09:00:00,177,0.0001,0.0,0.0,0.001886223391323589,1e-08,3.190594003711543e-06
18013,2026-03-17 10:00:00,154,1,24,2026-03-18 10:00:00,178,0.0001,0.0013366908848497837,0.0013366908848497837,0.0018541283084069768,1.529404344670541e-06,3.076966122354722e-06
18013,2026-03-17 11:00:00,155,1,24,2026-03-18 11:00:00,179,0.0001,0.0018050438981601297,0.0018050438981601297,0.0018822040966579184,2.9071746946530906e-06,3.176251442144267e-06
18013,2026-03-17 12:00:00,156,1,24,2026-03-18 12:00:00,180,0.0001,0.0021119535416203325,0.0021119535416203325,0.002101602803253251,4.0479570536386e-06,4.0064137819912736e-06
18013,2026-03-17 13:00:00,157,1,24,2026-03-18 13:00:00,181,0.0001,0.0016680623067663266,0.0016680623067663266,0.0017912659325287775,2.4588193979013333e-06,2.8603804545324354e-06
18013,2026-03-17 14:00:00,158,1,24,2026-03-18 14:00:00,182,0.0001,0.0012137990732894075,0.0012137990732894075,0.0018605783059447948,1.240548375660343e-06,3.0996359713634433e-06
18013,2026-03-17 15:00:00,159,1,24,2026-03-18 15:00:00,183,0.0001,0.0,0.0,0.001964783076215244,1e-08,3.4774159213387886e-06
18013,2026-03-17 16:00:00,160,1,24,2026-03-18 16:00:00,184,0.0001,0.0,0.0,0.001843465490019455,1e-08,3.039671914888778e-06
18013,2026-03-17 17:00:00,161,1,24,2026-03-18 17:00:00,185,0.0,0.0,0.0,0.001894280168354252,0.0,3.588297356220213e-06
18013,2026-03-17 18:00:00,162,1,24,2026-03-18 18:00:00,186,0.0,0.0,0.0,0.001886223391323589,0.0,3.557838681976261e-06
18013,2026-03-17 19:00:00,163,1,24,2026-03-18 19:00:00,187,0.0,0.0,0.0,0.0018822354576631104,0.0,3.5428103180842587e-06
18013,2026-03-17 20:00:00,164,1,24,2026-03-18 20:00:00,188,0.0,0.0,0.0,0.0018806628074303651,0.0,3.5368925952518626e-06
18013,2026-03-17 21:00:00,165,1,24,2026-03-18 21:00:00,189,0.0,0.0,0.0,0.001879908256659811,0.0,3.53405505345773e-06
18013,2026-03-17 22:00:00,166,1,24,2026-03-18 22:00:00,190,0.0,0.0,0.0,0.0018799952677551266,0.0,3.5343822067816704e-06
18013,2026-03-17 23:00:00,167,1,24,2026-03-18 23:00:00,191,0.0,0.0,0.0,0.001882040893859553,0.0,3.542077926159665e-06
18013,2026-03-18 00:00:00,168,1,24,2026-03-19 00:00:00,192,0.0,0.0,0.0,0.001882859423738593,0.0,3.5451596095612265e-06
18013,2026-03-18 01:00:00,169,1,24,2026-03-19 01:00:00,193,0.0,0.0,0.0,0.001882471058279318,0.0,3.543697285259255e-06
18013,2026-03-18 02:00:00,170,1,24,2026-03-19 02:00:00,194,0.0,0.0,0.0,0.0018836035621245533,0.0,3.5479623792483058e-06
18013,2026-03-18 03:00:00,171,1,24,2026-03-19 03:00:00,195,0.0,0.0,0.0,0.0018858068674027686,0.0,3.5562675411434434e-06
18013,2026-03-18 04:00:00,172,1,24,2026-03-19 04:00:00,196,0.0,0.0,0.0,0.001886223391323589,0.0,3.557838681976261e-06
18013,2026-03-18 05:00:00,173,1,24,2026-03-19 05:00:00,197,0.0,0.0011369466567347725,0.0011369466567347725,0.0018861106402952882,1.2926477002603766e-06,3.557413347435102e-06
18013,2026-03-18 06:00:00,174,1,24,2026-03-19 06:00:00,198,0.0,0.0,0.0,0.001886223391323589,0.0,3.557838681976261e-06
18013,2026-03-18 07:00:00,175,1,24,2026-03-19 07:00:00,199,0.0,0.0,0.0,0.001886223391323589,0.0,3.557838681976261e-06
18013,2026-03-18 08:00:00,176,1,24,2026-03-19 08:00:00,200,0.0,0.0,0.0,0.0018823906522866668,0.0,3.543394567816223e-06
18013,2026-03-18 09:00:00,177,1,24,2026-03-19 09:00:00,201,0.0,0.0,0.0,0.0018856702045044083,0.0,3.555752120155697e-06
18013,2026-03-18 10:00:00,178,1,24,2026-03-19 10:00:00,202,0.0001,0.0,0.0,0.0018955074568003066,1e-08,3.223847027425505e-06
18013,2026-03-18 11:00:00,179,1,24,2026-03-19 11:00:00,203,0.0001,0.0,0.0,0.001884327332523675,1e-08,3.183824029591053e-06
18013,2026-03-18 12:00:00,180,1,24,2026-03-19 12:00:00,204,0.0,0.0,0.0,0.0019032720620208686,0.0,3.622444542069169e-06
18013,2026-03-18 13:00:00,181,1,24,2026-03-19 13:00:00,205,0.0,0.0,0.0,0.0018840245125863006,0.0,3.5495483640260477e-06
18013,2026-03-18 14:00:00,182,1,24,2026-03-19 14:00:00,206,0.0,0.0,0.0,0.0018899386709992432,0.0,3.5718681801383855e-06
18013,2026-03-18 15:00:00,183,1,24,2026-03-19 15:00:00,207,0.0,0.0,0.0,0.0018837522050943656,0.0,3.5485223701978847e-06
18013,2026-03-18 16:00:00,184,1,24,2026-03-19 16:00:00,208,0.0,0.0,0.0,0.0018849829280990766,0.0,3.5531606392249687e-06
18013,2026-03-18 17:00:00,185,1,24,2026-03-19 17:00:00,209,0.0,0.0,0.0,0.0018808982367754742,0.0,3.5377781771050877e-06
18013,2026-03-18 18:00:00,186,1,24,2026-03-19 18:00:00,210,0.0,0.0,0.0,0.001896202709521521,0.0,3.5955847155967577e-06
18013,2026-03-18 19:00:00,187,1,24,2026-03-19 19:00:00,211,0.0,0.0,0.0,0.0018743375809874801,0.0,3.513141367501999e-06
18013,2026-03-18 20:00:00,188,1,24,2026-03-19 20:00:00,212,0.0,0.0,0.0,0.0019054152119762976,0.0,3.630607130030679e-06
18013,2026-03-18 21:00:00,189,1,24,2026-03-19 21:00:00,213,0.0,0.0,0.0,0.0018839057740616433,0.0,3.5491009655427995e-06
18013,2026-03-18 22:00:00,190,1,24,2026-03-19 22:00:00,214,0.0,0.0,0.0,0.0018839057740616433,0.0,3.5491009655427995e-06
18013,2026-03-18 23:00:00,191,1,24,2026-03-19 23:00:00,215,0.0,0.0,0.0,0.001883942056278513,0.0,3.549237671414912e-06
39115,2026-03-14 00:00:00,72,2,24,2026-03-15 00:00:00,96,0.0098,0.0067676070029162715,0.0067676070029162715,0.0067398575702028885,9.195407288762435e-06,9.364471690644567e-06
39115,2026-03-14 01:00:00,73,2,24,2026-03-15 01:00:00,97,0.0093,0.006533558183316617,0.006533558183316617,0.006586494733872439,7.653200325094452e-06,7.3631108293019995e-06
39115,2026-03-14 02:00:00,74,2,24,2026-03-15 02:00:00,98,0.0093,0.005843643069916337,0.005843643069916337,0.005816081366594342,1.1946403228137355e-05,1.213768904419114e-05
39115,2026-03-14 03:00:00,75,2,24,2026-03-15 03:00:00,99,0.0093,0.006206814599457654,0.006206814599457654,0.006211530057962137,9.567795922128306e-06,9.538646582871358e-06
39115,2026-03-14 04:00:00,76,2,24,2026-03-15 04:00:00,100,0.0093,0.0059100245319391,0.0059100245319391,0.005908837449487528,1.149193367405471e-05,1.1499983443998249e-05
39115,2026-03-14 05:00:00,77,2,24,2026-03-15 05:00:00,101,0.0094,0.006557712008489542,0.006557712008489542,0.006797502602533863,8.078601026684557e-06,6.77299270381802e-06
39115,2026-03-14 06:00:00,78,2,24,2026-03-15 06:00:00,102,0.0094,0.00837026344224415,0.00837026344224415,0.008457006751081632,1.060357378378867e-06,8.892362675056194e-07
39115,2026-03-14 07:00:00,79,2,24,2026-03-15 07:00:00,103,0.0094,0.009157215211119977,0.009157215211119977,0.009203921538324751,5.894445371151742e-08,3.8446763132932074e-08
39115,2026-03-14 08:00:00,80,2,24,2026-03-15 08:00:00,104,0.0092,0.007389765431680209,0.007389765431680209,0.007454760919020136,3.276949192339938e-06,3.045859449779438e-06
39115,2026-03-14 09:00:00,81,2,24,2026-03-15 09:00:00,105,0.0093,0.006298402877644797,0.006298402877644797,0.0062740786862405485,9.009585284931031e-06,9.15619979706372e-06
39115,2026-03-14 10:00:00,82,2,24,2026-03-15 10:00:00,106,0.0093,0.005550154773525689,0.005550154773525689,0.005381212063778827,1.4061339222512174e-05,1.53568988890726e-05
39115,2026-03-14 11:00:00,83,2,24,2026-03-15 11:00:00,107,0.0092,0.006295801833674568,0.006295801833674568,0.00580911855216088,8.434366989288001e-06,1.1498076993299527e-05
39115,2026-03-14 12:00:00,84,2,24,2026-03-15 12:00:00,108,0.0092,0.0066267863173887975,0.0066267863173887975,0.006874831157410161,6.621428656377505e-06,5.406410146550571e-06
39115,2026-03-14 13:00:00,85,2,24,2026-03-15 13:00:00,109,0.0092,0.007169768418825032,0.007169768418825032,0.007468260848171269,4.121840273200211e-06,2.998920489976491e-06
39115,2026-03-14 14:00:00,86,2,24,2026-03-15 14:00:00,110,0.0092,0.006914210952270045,0.006914210952270045,0.006893129576832575,5.224831570722212e-06,5.321651149284653e-06
39115,2026-03-14 15:00:00,87,2,24,2026-03-15 15:00:00,111,0.0096,0.007735829313238596,0.007735829313238596,0.0077059458410759785,3.4751323493804808e-06,3.5874411569373796e-06
39115,2026-03-14 16:00:00,88,2,24,2026-03-15 16:00:00,112,0.011,0.009074851834448526,0.009074851834448526,0.00902518788076514,3.706195459326203e-06,3.899882906276876e-06
39115,2026-03-14 17:00:00,89,2,24,2026-03-15 17:00:00,113,0.0111,0.007142467069565905,0.007142467069565905,0.0073853322814176215,1.5662066895470283e-05,1.3798756259478017e-05
39115,2026-03-14 18:00:00,90,2,24,2026-03-15 18:00:00,114,0.0103,0.0074834911273115754,0.0074834911273115754,0.007741211269790488,7.932722229932621e-06,6.547399765847207e-06
39115,2026-03-14 19:00:00,91,2,24,2026-03-15 19:00:00,115,0.0103,0.005554255120745612,0.005554255120745612,0.005571216724284728,2.2522094458969244e-05,2.236139126868446e-05
39115,2026-03-14 20:00:00,92,2,24,2026-03-15 20:00:00,116,0.0103,0.00582495087229909,0.00582495087229909,0.005579135494142034,2.0026064695336674e-05,2.2286561682669576e-05
39115,2026-03-14 21:00:00,93,2,24,2026-03-15 21:00:00,117,0.0094,0.00604276844395154,0.00604276844395154,0.0062163845743458835,1.1271003720927566e-05,1.0135407178462844e-05
39115,2026-03-14 22:00:00,94,2,24,2026-03-15 22:00:00,118,0.0093,0.0060814767916109146,0.0060814767916109146,0.006217697338959351,1.0358891642939168e-05,9.50058969425826e-06
39115,2026-03-14 23:00:00,95,2,24,2026-03-15 23:00:00,119,0.0092,0.0053581599438207155,0.0053581599438207155,0.005455860804043791,1.4759735017263647e-05,1.4018578318695609e-05
39115,2026-03-15 00:00:00,96,2,24,2026-03-16 00:00:00,120,0.0091,0.006538234023450407,0.006538234023450407,0.006318835853937408,6.562644918607092e-06,7.73487400734407e-06
39115,2026-03-15 01:00:00,97,2,24,2026-03-16 01:00:00,121,0.009,0.007022544198789691,0.007022544198789691,0.00703910310505448,3.9103314457403035e-06,3.845116632606977e-06
39115,2026-03-15 02:00:00,98,2,24,2026-03-16 02:00:00,122,0.0089,0.006239161836166753,0.006239161836166753,0.006303968307662042,7.080059734111485e-06,6.7393805476230834e-06
39115,2026-03-15 03:00:00,99,2,24,2026-03-16 03:00:00,123,0.0089,0.005822171689970788,0.005822171689970788,0.005479755736977009,9.473027106017274e-06,1.1698070818741681e-05
39115,2026-03-15 04:00:00,100,2,24,2026-03-16 04:00:00,124,0.0089,0.004504324331504136,0.004504324331504136,0.005168323409891096,1.9321964582606558e-05,1.3925410173166819e-05
39115,2026-03-15 05:00:00,101,2,24,2026-03-16 05:00:00,125,0.0089,0.0057603893161610525,0.0057603893161610525,0.0064870605676339765,9.857155246075663e-06,5.822276704266867e-06
39115,2026-03-15 06:00:00,102,2,24,2026-03-16 06:00:00,126,0.0089,0.0067219226245416215,0.0067219226245416215,0.007604813138620301,4.744021053483658e-06,1.677509005890595e-06
39115,2026-03-15 07:00:00,103,2,24,2026-03-16 07:00:00,127,0.0089,0.0061794202071619115,0.0061794202071619115,0.006824280724439959,7.401554409198936e-06,4.3086105109315015e-06
39115,2026-03-15 08:00:00,104,2,24,2026-03-16 08:00:00,128,0.0089,0.007297158037329813,0.007297158037329813,0.007767245932284108,2.569102357296418e-06,1.2831317779268989e-06
39115,2026-03-15 09:00:00,105,2,24,2026-03-16 09:00:00,129,0.0085,0.005218080845479072,0.005218080845479072,0.005261502672254036,1.0770993336811366e-05,1.0487864941817755e-05
39115,2026-03-15 10:00:00,106,2,24,2026-03-16 10:00:00,130,0.0037,0.004192642491238171,0.004192642491238171,0.0034088600450785755,2.426966241733509e-07,8.476247335164917e-08
39115,2026-03-15 11:00:00,107,2,24,2026-03-16 11:00:00,131,0.0032,0.0039091314338760424,0.0039091314338760424,0.0038338700501110747,5.028673905110917e-07,4.017912404278161e-07
39115,2026-03-15 12:00:00,108,2,24,2026-03-16 12:00:00,132,0.0033,0.0030583959070087105,0.0030583959070087105,0.0027218224073027853,5.837253775014364e-08,3.342893286971463e-07
39115,2026-03-15 13:00:00,109,2,24,2026-03-16 13:00:00,133,0.0036,0.002369923982556153,0.002369923982556153,0.0019231176188765902,1.5130870086905149e-06,2.8119345201221163e-06
39115,2026-03-15 14:00:00,110,2,24,2026-03-16 14:00:00,134,0.0032,0.0023987369854736543,0.0023987369854736543,0.0018452356474781052,6.42022418447847e-07,1.8353864508640693e-06
39115,2026-03-15 15:00:00,111,2,24,2026-03-16 15:00:00,135,0.0026,0.002767063833373288,0.002767063833373288,0.002123685800108821,2.7910324421377802e-08,2.2687521701797398e-07
39115,2026-03-15 16:00:00,112,2,24,2026-03-16 16:00:00,136,0.0026,0.003568430418847782,0.003568430418847782,0.0031264736405360164,9.378574761496907e-07,2.7717449417924677e-07
39115,2026-03-15 17:00:00,113,2,24,2026-03-16 17:00:00,137,0.0037,0.004810528861218517,0.004810528861218517,0.004387893119343456,1.2332743515992963e-06,4.7319694364006945e-07
39115,2026-03-15 18:00:00,114,2,24,2026-03-16 18:00:00,138,0.0076,0.005978809394779008,0.005978809394779008,0.005564462250664496,2.6282589784568065e-06,4.143413928969848e-06
39115,2026-03-15 19:00:00,115,2,24,2026-03-16 19:00:00,139,0.0079,0.006158503867684488,0.006158503867684488,0.005713278949483311,3.032808778869891e-06,4.781748952772815e-06
39115,2026-03-15 20:00:00,116,2,24,2026-03-16 20:00:00,140,0.0073,0.006493417650710005,0.006493417650710005,0.006329860830023175,6.505750861861683e-07,9.411700091233234e-07
39115,2026-03-15 21:00:00,117,2,24,2026-03-16 21:00:00,141,0.0076,0.005454434680673369,0.005454434680673369,0.005735886898451931,4.603450539497186e-06,3.4749176553631617e-06
39115,2026-03-15 22:00:00,118,2,24,2026-03-16 22:00:00,142,0.008,0.005033036867706007,0.005033036867706007,0.005267648679786421,8.802870228391782e-06,7.465743737072887e-06
39115,2026-03-15 23:00:00,119,2,24,2026-03-16 23:00:00,143,0.0084,0.006409171920776007,0.006409171920776007,0.0072546113589437074,3.963396441026693e-06,1.3119151390607793e-06
39115,2026-03-16 00:00:00,120,2,24,2026-03-17 00:00:00,144,0.0084,0.007120516070583671,0.007120516070583671,0.0076462480688380555,1.6370791256346476e-06,5.681419737303599e-07
39115,2026-03-16 01:00:00,121,2,24,2026-03-17 01:00:00,145,0.0084,0.007483588266180695,0.007483588266180695,0.007872074211468476,8.39810465881704e-07,2.787056381966307e-07
39115,2026-03-16 02:00:00,122,2,24,2026-03-17 02:00:00,146,0.0084,0.0067722476856123415,0.0067722476856123415,0.006891619472216058,2.649577596994377e-06,2.2752118165977625e-06
39115,2026-03-16 03:00:00,123,2,24,2026-03-17 03:00:00,147,0.0084,0.006510773132888632,0.006510773132888632,0.0065009526691083555,3.569178155415434e-06,3.606380764966677e-06
39115,2026-03-16 04:00:00,124,2,24,2026-03-17 04:00:00,148,0.0084,0.0058204055353770325,0.0058204055353770325,0.006001630753903507,6.654307601913452e-06,5.752175040621456e-06
39115,2026-03-16 05:00:00,125,2,24,2026-03-17 05:00:00,149,0.0084,0.007227350507460932,0.007227350507460932,0.00745870041973812,1.375106832352132e-06,8.860448998011911e-07
39115,2026-03-16 06:00:00,126,2,24,2026-03-17 06:00:00,150,0.008,0.004668609010799921,0.004668609010799921,0.0048221815028537725,1.1098165922923485e-05,1.0098530400804709e-05
39115,2026-03-16 07:00:00,127,2,24,2026-03-17 07:00:00,151,0.0035,0.004116357092061097,0.004116357092061097,0.004516964069306019,3.7989606493401124e-07,1.034215918259458e-06
39115,2026-03-16 08:00:00,128,2,24,2026-03-17 08:00:00,152,0.0031,0.0039178326803008595,0.0039178326803008595,0.004128084439595378,6.68850292968088e-07,1.0569576149381428e-06
39115,2026-03-16 09:00:00,129,2,24,2026-03-17 09:00:00,153,0.003,0.004861090380944709,0.004861090380944709,0.005071714053278267,3.4636574060449222e-06,4.2919991185506656e-06
39115,2026-03-16 10:00:00,130,2,24,2026-03-17 10:00:00,154,0.0025,0.00293789018570617,0.00293789018570617,0.0029875232519723568,1.9174781473778393e-07,2.3767892121370204e-07
39115,2026-03-16 11:00:00,131,2,24,2026-03-17 11:00:00,155,0.0013,0.002782686748484551,0.002782686748484551,0.003100253164005393,2.198359994131691e-06,3.2409114545114283e-06
39115,2026-03-16 12:00:00,132,2,24,2026-03-17 12:00:00,156,0.0008,0.0031144356971973108,0.0031144356971973108,0.0030746234958596106,5.356612596461203e-06,5.173912047916596e-06
39115,2026-03-16 13:00:00,133,2,24,2026-03-17 13:00:00,157,0.0008,0.0018754132566012435,0.0018754132566012435,0.001864959843090109,1.1565136724736923e-06,1.1341394673945094e-06
39115,2026-03-16 14:00:00,134,2,24,2026-03-17 14:00:00,158,0.0008,0.0014255279295552438,0.0014255279295552438,0.0013887885182289862,3.9128519065366996e-07,3.466719191982851e-07
39115,2026-03-16 15:00:00,135,2,24,2026-03-17 15:00:00,159,0.001,0.0011871872462582706,0.0011871872462582706,0.0010284045078252,3.5039065161754445e-08,8.06816064791846e-10
39115,2026-03-16 16:00:00,136,2,24,2026-03-17 16:00:00,160,0.0008,0.0,0.0,0.0,6.4e-07,6.4e-07
39115,2026-03-16 17:00:00,137,2,24,2026-03-17 17:00:00,161,0.0006,0.0,0.0,0.0,3.5999999999999994e-07,3.5999999999999994e-07
39115,2026-03-16 18:00:00,138,2,24,2026-03-17 18:00:00,162,0.0006,0.0,0.0,0.0,3.5999999999999994e-07,3.5999999999999994e-07
39115,2026-03-16 19:00:00,139,2,24,2026-03-17 19:00:00,163,0.0002,0.0,0.0,0.0,4e-08,4e-08
39115,2026-03-16 20:00:00,140,2,24,2026-03-17 20:00:00,164,0.0002,0.0,0.0,0.0,4e-08,4e-08
39115,2026-03-16 21:00:00,141,2,24,2026-03-17 21:00:00,165,0.0001,0.001645927596405784,0.001645927596405784,0.0015723799227635848,2.3898921333289647e-06,2.1679026369572995e-06
39115,2026-03-16 22:00:00,142,2,24,2026-03-17 22:00:00,166,0.0001,0.0019456388137927532,0.0019456388137927532,0.0019449223247926892,3.406382630978321e-06,3.403738384518461e-06
39115,2026-03-16 23:00:00,143,2,24,2026-03-17 23:00:00,167,0.0,0.0,0.0,0.0,0.0,0.0
39115,2026-03-17 00:00:00,144,2,24,2026-03-18 00:00:00,168,0.0,0.0,0.0,0.0,0.0,0.0
39115,2026-03-17 01:00:00,145,2,24,2026-03-18 01:00:00,169,0.0,0.0,0.0,0.0,0.0,0.0
39115,2026-03-17 02:00:00,146,2,24,2026-03-18 02:00:00,170,0.0,0.0,0.0,0.0,0.0,0.0
39115,2026-03-17 03:00:00,147,2,24,2026-03-18 03:00:00,171,0.0,0.0,0.0,0.0,0.0,0.0
39115,2026-03-17 04:00:00,148,2,24,2026-03-18 04:00:00,172,0.0,0.0,0.0,0.0,0.0,0.0
39115,2026-03-17 05:00:00,149,2,24,2026-03-18 05:00:00,173,0.0,0.0,0.0,0.0,0.0,0.0
39115,2026-03-17 06:00:00,150,2,24,2026-03-18 06:00:00,174,0.0,0.0,0.0,0.0,0.0,0.0
39115,2026-03-17 07:00:00,151,2,24,2026-03-18 07:00:00,175,0.0,0.0,0.0,0.0,0.0,0.0
39115,2026-03-17 08:00:00,152,2,24,2026-03-18 08:00:00,176,0.0001,0.0,0.0,0.0,1e-08,1e-08
39115,2026-03-17 09:00:00,153,2,24,2026-03-18 09:00:00,177,0.0015,0.0,0.0,0.0,2.25e-06,2.25e-06
39115,2026-03-17 10:00:00,154,2,24,2026-03-18 10:00:00,178,0.0764,0.0011996233730502226,0.0011996233730502226,0.0011582178593345996,0.005655096644835093,0.005661325779703355
39115,2026-03-17 11:00:00,155,2,24,2026-03-18 11:00:00,179,0.3277,0.0,0.0,0.0,0.10738729,0.10738729
39115,2026-03-17 12:00:00,156,2,24,2026-03-18 12:00:00,180,0.152,0.0,0.0,0.0,0.023104,0.023104
39115,2026-03-17 13:00:00,157,2,24,2026-03-18 13:00:00,181,0.0522,0.0,0.0,0.0,0.0027248400000000005,0.0027248400000000005
39115,2026-03-17 14:00:00,158,2,24,2026-03-18 14:00:00,182,0.0314,0.0,0.0,0.0,0.00098596,0.00098596
39115,2026-03-17 15:00:00,159,2,24,2026-03-18 15:00:00,183,0.0339,0.0,0.0,0.0,0.00114921,0.00114921
39115,2026-03-17 16:00:00,160,2,24,2026-03-18 16:00:00,184,0.0362,0.0,0.0,0.0,0.0013104400000000002,0.0013104400000000002
39115,2026-03-17 17:00:00,161,2,24,2026-03-18 17:00:00,185,0.0107,0.0,0.0,0.0,0.00011448999999999998,0.00011448999999999998
39115,2026-03-17 18:00:00,162,2,24,2026-03-18 18:00:00,186,0.0038,0.0,0.0,0.0,1.444e-05,1.444e-05
39115,2026-03-17 19:00:00,163,2,24,2026-03-18 19:00:00,187,0.0,0.0,0.0,0.0,0.0,0.0
39115,2026-03-17 20:00:00,164,2,24,2026-03-18 20:00:00,188,0.0,0.0,0.0,0.0,0.0,0.0
39115,2026-03-17 21:00:00,165,2,24,2026-03-18 21:00:00,189,0.0,0.0,0.0,0.0,0.0,0.0
39115,2026-03-17 22:00:00,166,2,24,2026-03-18 22:00:00,190,0.0,0.0,0.0,0.0,0.0,0.0
39115,2026-03-17 23:00:00,167,2,24,2026-03-18 23:00:00,191,0.0,0.0,0.0,0.0,0.0,0.0
39115,2026-03-18 00:00:00,168,2,24,2026-03-19 00:00:00,192,0.0,0.0,0.0,0.0,0.0,0.0
39115,2026-03-18 01:00:00,169,2,24,2026-03-19 01:00:00,193,0.0,0.0,0.0,0.0,0.0,0.0
39115,2026-03-18 02:00:00,170,2,24,2026-03-19 02:00:00,194,0.0,0.0,0.0,0.0,0.0,0.0
39115,2026-03-18 03:00:00,171,2,24,2026-03-19 03:00:00,195,0.0,0.0,0.0,0.0,0.0,0.0
39115,2026-03-18 04:00:00,172,2,24,2026-03-19 04:00:00,196,0.0,0.0,0.0,0.0,0.0,0.0
39115,2026-03-18 05:00:00,173,2,24,2026-03-19 05:00:00,197,0.0,0.0,0.0,0.0,0.0,0.0
39115,2026-03-18 06:00:00,174,2,24,2026-03-19 06:00:00,198,0.0,0.0,0.0,0.0,0.0,0.0
39115,2026-03-18 07:00:00,175,2,24,2026-03-19 07:00:00,199,0.0,0.0,0.0,0.0,0.0,0.0
39115,2026-03-18 08:00:00,176,2,24,2026-03-19 08:00:00,200,0.0001,0.0,0.0,0.0,1e-08,1e-08
39115,2026-03-18 09:00:00,177,2,24,2026-03-19 09:00:00,201,0.0,0.0,0.0,0.0,0.0,0.0
39115,2026-03-18 10:00:00,178,2,24,2026-03-19 10:00:00,202,0.0001,0.0,0.0,0.0,1e-08,1e-08
39115,2026-03-18 11:00:00,179,2,24,2026-03-19 11:00:00,203,0.0002,0.0,0.0,0.0,4e-08,4e-08
39115,2026-03-18 12:00:00,180,2,24,2026-03-19 12:00:00,204,0.0001,0.0,0.0,0.0,1e-08,1e-08
39115,2026-03-18 13:00:00,181,2,24,2026-03-19 13:00:00,205,0.0,0.0,0.0,0.0,0.0,0.0
39115,2026-03-18 14:00:00,182,2,24,2026-03-19 14:00:00,206,0.0,0.0,0.0,0.0,0.0,0.0
39115,2026-03-18 15:00:00,183,2,24,2026-03-19 15:00:00,207,0.0,0.0,0.0,0.0,0.0,0.0
39115,2026-03-18 16:00:00,184,2,24,2026-03-19 16:00:00,208,0.0,0.0,0.0,0.0,0.0,0.0
39115,2026-03-18 17:00:00,185,2,24,2026-03-19 17:00:00,209,0.0,0.0,0.0,0.0,0.0,0.0
39115,2026-03-18 18:00:00,186,2,24,2026-03-19 18:00:00,210,0.0,0.0,0.0,0.0,0.0,0.0
39115,2026-03-18 19:00:00,187,2,24,2026-03-19 19:00:00,211,0.0,0.0,0.0,0.0,0.0,0.0
39115,2026-03-18 20:00:00,188,2,24,2026-03-19 20:00:00,212,0.0,0.0,0.0,0.0,0.0,0.0
39115,2026-03-18 21:00:00,189,2,24,2026-03-19 21:00:00,213,0.0,0.0,0.0,0.0,0.0,0.0
39115,2026-03-18 22:00:00,190,2,24,2026-03-19 22:00:00,214,0.0,0.0,0.0,0.0,0.0,0.0
39115,2026-03-18 23:00:00,191,2,24,2026-03-19 23:00:00,215,0.0,0.0,0.0,0.0,0.0,0.0
39117,2026-03-14 00:00:00,72,4,24,2026-03-15 00:00:00,96,0.1341,0.11245390864727518,0.11245390864727518,0.11319217718612504,0.00046855327085050795,0.00043713705481639024
39117,2026-03-14 01:00:00,73,4,24,2026-03-15 01:00:00,97,0.131,0.10801236280020109,0.10801236280020109,0.10849570476491051,0.0005284314640295791,0.0005064433040280718
39117,2026-03-14 02:00:00,74,4,24,2026-03-15 02:00:00,98,0.1252,0.10770761065510309,0.10770761065510309,0.10804387039270759,0.00030598368499346306,0.00029433278310221547
39117,2026-03-14 03:00:00,75,4,24,2026-03-15 03:00:00,99,0.1215,0.10729626373388079,0.10729626373388079,0.10753336916096523,0.00020174612391746992,0.00019506677699387696
39117,2026-03-14 04:00:00,76,4,24,2026-03-15 04:00:00,100,0.1194,0.10649143030701219,0.10649143030701219,0.10657996174766059,0.00016663117151872352,0.00016435338079144596
39117,2026-03-14 05:00:00,77,4,24,2026-03-15 05:00:00,101,0.1179,0.1041022457944531,0.1041022457944531,0.10406416555548725,0.0001903780211166874,0.00019143031477596547
39117,2026-03-14 06:00:00,78,4,24,2026-03-15 06:00:00,102,0.1139,0.10579661695864202,0.10579661695864202,0.10628356601110055,6.566481671496808e-05,5.801006670726285e-05
39117,2026-03-14 07:00:00,79,4,24,2026-03-15 07:00:00,103,0.1075,0.10400672123985559,0.10400672123985559,0.10421994870151585,1.2202996496076054e-05,1.0758736520687534e-05
39117,2026-03-14 08:00:00,80,4,24,2026-03-15 08:00:00,104,0.1048,0.10565230364553864,0.10565230364553864,0.10591522345962522,7.264215041984475e-07,1.2437233648984255e-06
39117,2026-03-14 09:00:00,81,4,24,2026-03-15 09:00:00,105,0.0954,0.09943400629460716,0.09943400629460716,0.09958655099990515,1.6273206784930228e-05,1.752720927480686e-05
39117,2026-03-14 10:00:00,82,4,24,2026-03-15 10:00:00,106,0.0902,0.10160605791139352,0.10160605791139352,0.10153739774018922,0.00013009815707806257,0.0001285365875192475
39117,2026-03-14 11:00:00,83,4,24,2026-03-15 11:00:00,107,0.0777,0.10236793527616336,0.10236793527616336,0.1024494277618439,0.0006085070307889846,0.0006125341745387295
39117,2026-03-14 12:00:00,84,4,24,2026-03-15 12:00:00,108,0.0634,0.10066140865294024,0.10066140865294024,0.1006987965960464,0.0013884125748014097,0.0013912002275132426
39117,2026-03-14 13:00:00,85,4,24,2026-03-15 13:00:00,109,0.0634,0.09933680150097152,0.09933680150097152,0.09956602416789304,0.0012914537021202288,0.0013079813041126233
39117,2026-03-14 14:00:00,86,4,24,2026-03-15 14:00:00,110,0.0637,0.09428023312168919,0.09428023312168919,0.09444654659172365,0.0009351506577768562,0.0009453501273170328
39117,2026-03-14 15:00:00,87,4,24,2026-03-15 15:00:00,111,0.0722,0.09393547268698355,0.09393547268698355,0.09453886882488571,0.0004724307729266077,0.0004990250603754508
39117,2026-03-14 16:00:00,88,4,24,2026-03-15 16:00:00,112,0.1191,0.09068148744325105,0.09068148744325105,0.09136640221102146,0.0008076118559380975,0.000769152446320835
39117,2026-03-14 17:00:00,89,4,24,2026-03-15 17:00:00,113,0.1347,0.09027171064381857,0.09027171064381857,0.09087495438562673,0.0019738728951165826,0.0019206346231018963
39117,2026-03-14 18:00:00,90,4,24,2026-03-15 18:00:00,114,0.1022,0.07959109363258052,0.07959109363258052,0.08016018240042957,0.0005111626471307411,0.0004857535598223342
39117,2026-03-14 19:00:00,91,4,24,2026-03-15 19:00:00,115,0.0574,0.07078137580409842,0.07078137580409842,0.07116776034881021,0.00017906121841051065,0.00018955122502227074
39117,2026-03-14 20:00:00,92,4,24,2026-03-15 20:00:00,116,0.0555,0.06422395623632306,0.06422395623632306,0.06406289647815391,7.610741241327994e-05,7.332319609558068e-05
39117,2026-03-14 21:00:00,93,4,24,2026-03-15 21:00:00,117,0.0571,0.059004013776059905,0.059004013776059905,0.0584644712282925,3.625268459425905e-06,1.861781732838049e-06
39117,2026-03-14 22:00:00,94,4,24,2026-03-15 22:00:00,118,0.052,0.05401600200686454,0.05401600200686454,0.053638053471752795,4.064264091681851e-06,2.683219176321391e-06
39117,2026-03-14 23:00:00,95,4,24,2026-03-15 23:00:00,119,0.0452,0.05239281913983423,0.05239281913983423,0.05177511129194987,5.173664717836564e-05,4.323208850152676e-05
39117,2026-03-15 00:00:00,96,4,24,2026-03-16 00:00:00,120,0.0406,0.04493757381047267,0.04493757381047267,0.044167490294590425,1.881454656129842e-05,1.2726987001996899e-05
39117,2026-03-15 01:00:00,97,4,24,2026-03-16 01:00:00,121,0.0402,0.04197415704522605,0.04197415704522605,0.04122166958375934,3.1476332211252303e-06,1.0438087383789877e-06
39117,2026-03-15 02:00:00,98,4,24,2026-03-16 02:00:00,122,0.0399,0.042157574059182266,0.042157574059182266,0.041670218660319676,5.096640632692705e-06,3.133674105343995e-06
39117,2026-03-15 03:00:00,99,4,24,2026-03-16 03:00:00,123,0.0386,0.037571883486492964,0.037571883486492964,0.037128792707189544,1.0570235653458675e-06,2.1644508984186784e-06
39117,2026-03-15 04:00:00,100,4,24,2026-03-16 04:00:00,124,0.0384,0.03582232674779541,0.03582232674779541,0.03582768603309009,6.644399395130968e-06,6.616799144359777e-06
39117,2026-03-15 05:00:00,101,4,24,2026-03-16 05:00:00,125,0.0386,0.03650466875999205,0.03650466875999205,0.03658013590951074,4.3904130053532525e-06,4.079850944048026e-06
39117,2026-03-15 06:00:00,102,4,24,2026-03-16 06:00:00,126,0.0393,0.03370191081394495,0.03370191081394495,0.03378672364773595,3.1338602535026536e-05,3.0396216136433974e-05
39117,2026-03-15 07:00:00,103,4,24,2026-03-16 07:00:00,127,0.0387,0.03326262065431982,0.03326262065431982,0.033143282357076434,2.95650941488294e-05,3.0877110963178014e-05
39117,2026-03-15 08:00:00,104,4,24,2026-03-16 08:00:00,128,0.0383,0.03277044747956635,0.03277044747956635,0.03274527044097457,3.05759510762341e-05,3.0855020473910865e-05
39117,2026-03-15 09:00:00,105,4,24,2026-03-16 09:00:00,129,0.0369,0.0316513963667797,0.0316513963667797,0.03172669284417414,2.7547840098653335e-05,2.676310692851906e-05
39117,2026-03-15 10:00:00,106,4,24,2026-03-16 10:00:00,130,0.0364,0.03123374166270037,0.03123374166270037,0.03166361068572153,2.6690225207717963e-05,2.2433383736411293e-05
39117,2026-03-15 11:00:00,107,4,24,2026-03-16 11:00:00,131,0.0353,0.029805406017694627,0.029805406017694627,0.029615039891838835,3.01905630303864e-05,3.2318771431383784e-05
39117,2026-03-15 12:00:00,108,4,24,2026-03-16 12:00:00,132,0.0349,0.024968586479089405,0.024968586479089405,0.025085524346287087,9.86329745233258e-05,9.632393235732351e-05
39117,2026-03-15 13:00:00,109,4,24,2026-03-16 13:00:00,133,0.0345,0.02427378048818391,0.02427378048818391,0.0242335385539087,0.00010457556550384813,0.00010540023062407915
39117,2026-03-15 14:00:00,110,4,24,2026-03-16 14:00:00,134,0.0338,0.022433802687474594,0.022433802687474594,0.02254534192667607,0.00012919044134725968,0.00012666732834743546
39117,2026-03-15 15:00:00,111,4,24,2026-03-16 15:00:00,135,0.0312,0.02225445074122941,0.02225445074122941,0.02219902174335443,8.002285154109103e-05,8.101760957660631e-05
39117,2026-03-15 16:00:00,112,4,24,2026-03-16 16:00:00,136,0.0268,0.02112596686228642,0.02112596686228642,0.021499025847303295,3.2194652047871836e-05,2.810032696755856e-05
39117,2026-03-15 17:00:00,113,4,24,2026-03-16 17:00:00,137,0.0236,0.01890878874859794,0.01890878874859794,0.01901750716891725,2.200746300528128e-05,2.0999240546924783e-05
39117,2026-03-15 18:00:00,114,4,24,2026-03-16 18:00:00,138,0.0222,0.017305582646147705,0.017305582646147705,0.017694207946886233,2.3955321233690513e-05,2.030216202590319e-05
39117,2026-03-15 19:00:00,115,4,24,2026-03-16 19:00:00,139,0.0202,0.015078639038498817,0.015078639038498817,0.015103808878387335,2.6228338097988317e-05,2.5971163948003745e-05
39117,2026-03-15 20:00:00,116,4,24,2026-03-16 20:00:00,140,0.0183,0.012982921985648843,0.012982921985648843,0.012957964639562518,2.827131861069644e-05,2.853734179216442e-05
39117,2026-03-15 21:00:00,117,4,24,2026-03-16 21:00:00,141,0.0174,0.012368866636854154,0.012368866636854154,0.012261712827512825,2.5312302917759223e-05,2.6401995066946237e-05
39117,2026-03-15 22:00:00,118,4,24,2026-03-16 22:00:00,142,0.0169,0.012359721405859269,0.012359721405859269,0.012329170030547041,2.061412971241252e-05,2.0892486609649323e-05
39117,2026-03-15 23:00:00,119,4,24,2026-03-16 23:00:00,143,0.0167,0.011622558836465244,0.011622558836465244,0.01153307568229731,2.578040876915717e-05,2.6697106904867414e-05
39117,2026-03-16 00:00:00,120,4,24,2026-03-17 00:00:00,144,0.0162,0.011066991595276708,0.011066991595276708,0.011000086517354575,2.6347775282959945e-05,2.7039100226997664e-05
39117,2026-03-16 01:00:00,121,4,24,2026-03-17 01:00:00,145,0.0159,0.010241238537851565,0.010241238537851565,0.010017977345021386,3.2021581285496304e-05,3.459819051368168e-05
39117,2026-03-16 02:00:00,122,4,24,2026-03-17 02:00:00,146,0.0145,0.009890109795469509,0.009890109795469509,0.00974017353892607,2.1251087697826178e-05,2.265594793953958e-05
39117,2026-03-16 03:00:00,123,4,24,2026-03-17 03:00:00,147,0.0141,0.0082007658508313,0.0082007658508313,0.008231082880509331,3.4800963546718154e-05,3.444418815545065e-05
39117,2026-03-16 04:00:00,124,4,24,2026-03-17 04:00:00,148,0.0139,0.007936302344266382,0.007936302344266382,0.008093079279255481,3.556568972900264e-05,3.3720328257012036e-05
39117,2026-03-16 05:00:00,125,4,24,2026-03-17 05:00:00,149,0.0137,0.007800835609781658,0.007800835609781658,0.007944136376808405,3.4800140502820145e-05,3.312996604878028e-05
39117,2026-03-16 06:00:00,126,4,24,2026-03-17 06:00:00,150,0.0136,0.008075646065614768,0.008075646065614768,0.008382116214788298,3.0518486392357585e-05,2.7226311195975185e-05
39117,2026-03-16 07:00:00,127,4,24,2026-03-17 07:00:00,151,0.0137,0.007947060572604399,0.007947060572604399,0.008148544444938973,3.3096312055282835e-05,3.081865877981794e-05
39117,2026-03-16 08:00:00,128,4,24,2026-03-17 08:00:00,152,0.0137,0.008537022215012194,0.008537022215012194,0.008802369572468608,2.6656339608277596e-05,2.398678380468133e-05
39117,2026-03-16 09:00:00,129,4,24,2026-03-17 09:00:00,153,0.0137,0.0071146987828313735,0.0071146987828313735,0.0070609344116134174,4.3366192120842595e-05,4.4077191886898886e-05
39117,2026-03-16 10:00:00,130,4,24,2026-03-17 10:00:00,154,0.0155,0.007327456142764901,0.007327456142764901,0.007475244763965133,6.679047309843116e-05,6.439669659826902e-05
39117,2026-03-16 11:00:00,131,4,24,2026-03-17 11:00:00,155,0.0215,0.00830446490623739,0.00830446490623739,0.008478434100677551,0.00017412214641072057,0.00016956117847039722
39117,2026-03-16 12:00:00,132,4,24,2026-03-17 12:00:00,156,0.0187,0.005695267320986562,0.005695267320986562,0.005836661524154083,0.00016912307205260005,0.000165465476744178
39117,2026-03-16 13:00:00,133,4,24,2026-03-17 13:00:00,157,0.0173,0.0056893908250103984,0.0056893908250103984,0.005809730766252151,0.0001348062454143527,0.00013202628706401236
39117,2026-03-16 14:00:00,134,4,24,2026-03-17 14:00:00,158,0.018,0.004439520614392681,0.004439520614392681,0.004981030572775596,0.000183886601167481,0.0001694935649470037
39117,2026-03-16 15:00:00,135,4,24,2026-03-17 15:00:00,159,0.0178,0.0036512811027014504,0.0036512811027014504,0.0039809865039091685,0.00020018624643477307,0.00019096513400514053
39117,2026-03-16 16:00:00,136,4,24,2026-03-17 16:00:00,160,0.0137,0.0034727021749535445,0.0034727021749535445,0.0037918762495042745,0.00010459762080219997,9.81709162551375e-05
39117,2026-03-16 17:00:00,137,4,24,2026-03-17 17:00:00,161,0.013,0.0037605236180990463,0.0037605236180990463,0.003985999287854014,8.536792381170553e-05,8.125220883856833e-05
39117,2026-03-16 18:00:00,138,4,24,2026-03-17 18:00:00,162,0.0126,0.003181770734363968,0.003181770734363968,0.0032771969145055243,8.870304250008304e-05,8.691465737090531e-05
39117,2026-03-16 19:00:00,139,4,24,2026-03-17 19:00:00,163,0.0121,0.003108600218505782,0.003108600218505782,0.003279501325939337,8.084527003065425e-05,7.78011968591059e-05
39117,2026-03-16 20:00:00,140,4,24,2026-03-17 20:00:00,164,0.0115,0.0038650504440023224,0.0038650504440023224,0.004065691856284068,5.829245472262912e-05,5.5268937575721027e-05
39117,2026-03-16 21:00:00,141,4,24,2026-03-17 21:00:00,165,0.011,0.003179835294373667,0.003179835294373667,0.0033735180433559606,6.115497602312379e-05,5.8163227035017094e-05
39117,2026-03-16 22:00:00,142,4,24,2026-03-17 22:00:00,166,0.0108,0.0035402127747886716,0.0035402127747886716,0.003588278736678416,5.2704510555341604e-05,5.200892357984466e-05
39117,2026-03-16 23:00:00,143,4,24,2026-03-17 23:00:00,167,0.0087,0.0037725276037911732,0.0037725276037911732,0.0038269821603224585,2.4279984215399954e-05,2.3746302865815573e-05
39117,2026-03-17 00:00:00,144,4,24,2026-03-18 00:00:00,168,0.0085,0.0036711380700437915,0.0036711380700437915,0.003629468457138503,2.331790753858041e-05,2.3722077510008805e-05
39117,2026-03-17 01:00:00,145,4,24,2026-03-18 01:00:00,169,0.0084,0.0036245305212538395,0.0036245305212538395,0.00351769196253174,2.280510874243612e-05,2.383693177272717e-05
39117,2026-03-17 02:00:00,146,4,24,2026-03-18 02:00:00,170,0.0077,0.003582808479977381,0.003582808479977381,0.0035093839123993653,1.695126601254617e-05,1.7561263193657247e-05
39117,2026-03-17 03:00:00,147,4,24,2026-03-18 03:00:00,171,0.0074,0.0026781085503118154,0.0026781085503118154,0.0027326868838133487,2.2296258862638388e-05,2.1783811724527954e-05
39117,2026-03-17 04:00:00,148,4,24,2026-03-18 04:00:00,172,0.0072,0.003712861349874321,0.003712861349874321,0.0036507680539989837,1.2160135965200342e-05,1.259704740651416e-05
39117,2026-03-17 05:00:00,149,4,24,2026-03-18 05:00:00,173,0.0068,0.0013057274122205739,0.0013057274122205739,0.001334546545954238,3.0187031268824424e-05,2.9871181458340743e-05
39117,2026-03-17 06:00:00,150,4,24,2026-03-18 06:00:00,174,0.0063,0.0014320167978370236,0.0014320167978370236,0.001423662825746502,2.3697260456540907e-05,2.3778664237006593e-05
39117,2026-03-17 07:00:00,151,4,24,2026-03-18 07:00:00,175,0.0062,0.0,0.0,0.0010265116554903889,3.844e-05,2.676498165077679e-05
39117,2026-03-17 08:00:00,152,4,24,2026-03-18 08:00:00,176,0.0062,0.0025408054714150044,0.0025408054714150044,0.002489365669518467,1.3389704598026366e-05,1.3768807134548133e-05
39117,2026-03-17 09:00:00,153,4,24,2026-03-18 09:00:00,177,0.0062,0.0024570545646638094,0.0024570545646638094,0.0026516524835631782,1.4009640531904024e-05,1.2590770097403359e-05
39117,2026-03-17 10:00:00,154,4,24,2026-03-18 10:00:00,178,0.006,0.0028802574681720695,0.0028802574681720695,0.0028384068972197884,9.732793464896148e-06,9.995670947547406e-06
39117,2026-03-17 11:00:00,155,4,24,2026-03-18 11:00:00,179,0.004,0.003006287435821095,0.003006287435821095,0.002835091995545816,9.874646602070142e-07,1.3570106588414294e-06
39117,2026-03-17 12:00:00,156,4,24,2026-03-18 12:00:00,180,0.0036,0.0030721977407845748,0.0030721977407845748,0.002912082680695083,2.785752248329068e-07,4.732302381996629e-07
39117,2026-03-17 13:00:00,157,4,24,2026-03-18 13:00:00,181,0.0033,0.002385639708100564,0.002385639708100564,0.0021560620166564057,8.360547434024217e-07,1.3085941097362095e-06
39117,2026-03-17 14:00:00,158,4,24,2026-03-18 14:00:00,182,0.0038,0.002279367760289606,0.002279367760289606,0.0023669356933015704,2.312322408446649e-06,2.053673307133051e-06
39117,2026-03-17 15:00:00,159,4,24,2026-03-18 15:00:00,183,0.0029,0.0027350195351295635,0.0027350195351295635,0.002563458976903934,2.7218553788865273e-08,1.132598602265468e-07
39117,2026-03-17 16:00:00,160,4,24,2026-03-18 16:00:00,184,0.0025,0.0021421928749101537,0.0021421928749101537,0.0019704041714673115,1.28025938765061e-07,2.804717415992248e-07
39117,2026-03-17 17:00:00,161,4,24,2026-03-18 17:00:00,185,0.0025,0.0019111028048982193,0.0019111028048982193,0.0017395714756520296,3.467999063987448e-07,5.782515406420319e-07
39117,2026-03-17 18:00:00,162,4,24,2026-03-18 18:00:00,186,0.0024,0.0015889463051505946,0.0015889463051505946,0.0016005281262305364,6.57808095928872e-07,6.391552769484568e-07
39117,2026-03-17 19:00:00,163,4,24,2026-03-18 19:00:00,187,0.0023,0.0012664477497186988,0.0012664477497186988,0.0012679676822281067,1.0682302540615414e-06,1.0650907049256259e-06
39117,2026-03-17 20:00:00,164,4,24,2026-03-18 20:00:00,188,0.0023,0.0012382273107340068,0.0012382273107340068,0.001233710726878229,1.1273612436711393e-06,1.1369728139745544e-06
39117,2026-03-17 21:00:00,165,4,24,2026-03-18 21:00:00,189,0.0021,0.002052570755803178,0.002052570755803178,0.002054397840470184,2.2495332050817663e-09,2.0795569537827938e-09
39117,2026-03-17 22:00:00,166,4,24,2026-03-18 22:00:00,190,0.0018,0.001440170334859738,0.001440170334859738,0.0013710795798387904,1.2947738791495307e-07,1.8397272683126857e-07
39117,2026-03-17 23:00:00,167,4,24,2026-03-18 23:00:00,191,0.0015,0.0011851285691621026,0.0011851285691621026,0.001196358947847294,9.914401795790485e-08,9.219788855240238e-08
39117,2026-03-18 00:00:00,168,4,24,2026-03-19 00:00:00,192,0.0014,0.0011869357754498817,0.0011869357754498817,0.0012034620048088744,4.5396363783143236e-08,3.86271835537469e-08
39117,2026-03-18 01:00:00,169,4,24,2026-03-19 01:00:00,193,0.0014,0.0012623111904667263,0.0012623111904667263,0.0012940090613582438,1.8958208270690124e-08,1.1234079074160517e-08
39117,2026-03-18 02:00:00,170,4,24,2026-03-19 02:00:00,194,0.0013,0.0013734973835732279,0.0013734973835732279,0.001444628088112459,5.4018653921101944e-09,2.0917283871065236e-08
39117,2026-03-18 03:00:00,171,4,24,2026-03-19 03:00:00,195,0.0012,0.0011223465192346854,0.0011223465192346854,0.0011828172134964393,6.03006307496907e-09,2.952481520269425e-10
39117,2026-03-18 04:00:00,172,4,24,2026-03-19 04:00:00,196,0.0012,0.0010748913400355537,0.0010748913400355537,0.0,1.565217679809943e-08,1.4399999999999998e-06
39117,2026-03-18 05:00:00,173,4,24,2026-03-19 05:00:00,197,0.0012,0.0010351825964220389,0.0010351825964220389,0.0,2.716477652218048e-08,1.4399999999999998e-06
39117,2026-03-18 06:00:00,174,4,24,2026-03-19 06:00:00,198,0.0012,0.0012210520526461464,0.0012210520526461464,0.0011505324147039861,4.431889206161229e-10,2.447041995018399e-09
39117,2026-03-18 07:00:00,175,4,24,2026-03-19 07:00:00,199,0.0012,0.0013074446025175984,0.0013074446025175984,0.001402797023527519,1.1544342610164729e-08,4.112663275162115e-08
39117,2026-03-18 08:00:00,176,4,24,2026-03-19 08:00:00,200,0.0013,0.0011289922925095033,0.0011289922925095033,0.0011272589526571714,2.9243636021155273e-08,2.9839469437097344e-08
39117,2026-03-18 09:00:00,177,4,24,2026-03-19 09:00:00,201,0.001,0.001214884262945312,0.001214884262945312,0.001196894550528993,4.617524646155001e-08,3.8767464028014187e-08
39117,2026-03-18 10:00:00,178,4,24,2026-03-19 10:00:00,202,0.0009,0.001124746028407013,0.001124746028407013,0.0010338555434115885,5.0510777284725956e-08,1.7917306502011658e-08
39117,2026-03-18 11:00:00,179,4,24,2026-03-19 11:00:00,203,0.0008,0.0011157271602615748,0.0011157271602615748,0.0,9.968363972683811e-08,6.4e-07
39117,2026-03-18 12:00:00,180,4,24,2026-03-19 12:00:00,204,0.0008,0.0019926622771218295,0.0019926622771218295,0.0018686901233726449,1.4224433072694276e-06,1.1420985797942387e-06
39117,2026-03-18 13:00:00,181,4,24,2026-03-19 13:00:00,205,0.0008,0.0019522724665156559,0.0019522724665156559,0.0018124515512011894,1.327731837090073e-06,1.0250581435296946e-06
39117,2026-03-18 14:00:00,182,4,24,2026-03-19 14:00:00,206,0.0005,0.00195964929540833,0.00195964929540833,0.0018563252675152244,2.1305760655860344e-06,1.8396182313002451e-06
39117,2026-03-18 15:00:00,183,4,24,2026-03-19 15:00:00,207,0.0004,0.0018331669384227178,0.0018331669384227178,0.0017608462265629942,2.0539674733879464e-06,1.8519024523507403e-06
39117,2026-03-18 16:00:00,184,4,24,2026-03-19 16:00:00,208,0.0003,0.0017684862022079363,0.0017684862022079363,0.0016879393120703091,2.1564517260750882e-06,1.926375533990203e-06
39117,2026-03-18 17:00:00,185,4,24,2026-03-19 17:00:00,209,0.0003,0.0017463637940623388,0.0017463637940623388,0.001723470502139252,2.0919682247744037e-06,2.0262682704605745e-06
39117,2026-03-18 18:00:00,186,4,24,2026-03-19 18:00:00,210,0.0004,0.001959128968738546,0.001959128968738546,0.001945402166311652,2.430883141159722e-06,2.3882678556407474e-06
39117,2026-03-18 19:00:00,187,4,24,2026-03-19 19:00:00,211,0.0001,0.0020478941372560097,0.0020478941372560097,0.0019758773068137584,3.794291569956334e-06,3.5189156702188396e-06
39117,2026-03-18 20:00:00,188,4,24,2026-03-19 20:00:00,212,0.0002,0.0020325554820129514,0.0020325554820129514,0.001963672957187879,3.3582595946557202e-06,3.1105422999158374e-06
39117,2026-03-18 21:00:00,189,4,24,2026-03-19 21:00:00,213,0.0003,0.0020452261554350943,0.0020452261554350943,0.001989037493914914,3.0458143336147603e-06,2.852847655850374e-06
39117,2026-03-18 22:00:00,190,4,24,2026-03-19 22:00:00,214,0.0003,0.002091842874657155,0.002091842874657155,0.0020410706486773873,3.2107008874596166e-06,3.0313270036858984e-06
39117,2026-03-18 23:00:00,191,4,24,2026-03-19 23:00:00,215,0.0003,0.002090468377934368,0.002090468377934368,0.002121065418049276,3.2057770123829274e-06,3.3162792568149842e-06
39119,2026-03-14 00:00:00,72,1,24,2026-03-15 00:00:00,96,0.0411,0.10194186481965857,0.10194186481965857,0.045479950324594,0.0037017325147336074,1.918396484591113e-05
39119,2026-03-14 01:00:00,73,1,24,2026-03-15 01:00:00,97,0.0372,0.10174954635834996,0.10174954635834996,0.04541556649490766,0.004166643935068771,6.74955328322494e-05
39119,2026-03-14 02:00:00,74,1,24,2026-03-15 02:00:00,98,0.0339,0.10123572569413772,0.10123572569413772,0.045511678721005214,0.0045340999547561585,0.0001348310827198453
39119,2026-03-14 03:00:00,75,1,24,2026-03-15 03:00:00,99,0.0332,0.10072928795918003,0.10072928795918003,0.045575361459356735,0.004560204732273858,0.00015314957124973205
39119,2026-03-14 04:00:00,76,1,24,2026-03-15 04:00:00,100,0.0331,0.10011257163476216,0.10011257163476216,0.04543831563251661,0.004490684757104129,0.00015223403264760378
39119,2026-03-14 05:00:00,77,1,24,2026-03-15 05:00:00,101,0.0328,0.09821953063533277,0.09821953063533277,0.0454184279025501,0.004279714988547242,0.00015922472273185488
39119,2026-03-14 06:00:00,78,1,24,2026-03-15 06:00:00,102,0.0324,0.09811498260596672,0.09811498260596672,0.045209878159036286,0.004318458938902509,0.00016409297844935492
39119,2026-03-14 07:00:00,79,1,24,2026-03-15 07:00:00,103,0.0322,0.09905590548715174,0.09905590548715174,0.04527672064978458,0.0044697120985069646,0.00017100062295250244
39119,2026-03-14 08:00:00,80,1,24,2026-03-15 08:00:00,104,0.032,0.09624726031450997,0.09624726031450997,0.04535590099088941,0.004127710457920408,0.0001783800912784407
39119,2026-03-14 09:00:00,81,1,24,2026-03-15 09:00:00,105,0.0312,0.09562345458883971,0.09562345458883971,0.045347648219687675,0.004150381501160294,0.00020015595014803188
39119,2026-03-14 10:00:00,82,1,24,2026-03-15 10:00:00,106,0.0294,0.0941154527787625,0.0941154527787625,0.045518840184907566,0.00418808982836024,0.00025981700890659104
39119,2026-03-14 11:00:00,83,1,24,2026-03-15 11:00:00,107,0.0279,0.09354782367892131,0.09354782367892131,0.04436557434656222,0.00430963675377874,0.00027111513856216787
39119,2026-03-14 12:00:00,84,1,24,2026-03-15 12:00:00,108,0.0277,0.08304910424319206,0.08304910424319206,0.04386529353628946,0.0030635233405237414,0.0002613167151144017
39119,2026-03-14 13:00:00,85,1,24,2026-03-15 13:00:00,109,0.0336,0.07965172472007795,0.07965172472007795,0.04396693378279435,0.0021207613496938386,0.00010747331605684281
39119,2026-03-14 14:00:00,86,1,24,2026-03-15 14:00:00,110,0.0311,0.07644346998144616,0.07644346998144616,0.043785541354043306,0.0020560302699583087,0.00016092295944514288
39119,2026-03-14 15:00:00,87,1,24,2026-03-15 15:00:00,111,0.0204,0.07125673806712222,0.07125673806712222,0.04284390331064298,0.0025864078068278786,0.0005037287958174908
39119,2026-03-14 16:00:00,88,1,24,2026-03-15 16:00:00,112,0.0177,0.06965348561710016,0.06965348561710016,0.04311784827254903,0.0026991646677662334,0.0006460670108063238
39119,2026-03-14 17:00:00,89,1,24,2026-03-15 17:00:00,113,0.0155,0.06389292783343326,0.06389292783343326,0.03708827237544818,0.002341875464291879,0.0004660535041565389
39119,2026-03-14 18:00:00,90,1,24,2026-03-15 18:00:00,114,0.0133,0.06089937575154286,0.06089937575154286,0.035516225420232465,0.0022657005719365665,0.0004935606719225832
39119,2026-03-14 19:00:00,91,1,24,2026-03-15 19:00:00,115,0.01,0.05321050899158417,0.05321050899158417,0.030667494000385296,0.0018671480873117764,0.0004271453082559623
39119,2026-03-14 20:00:00,92,1,24,2026-03-15 20:00:00,116,0.0082,0.04737686776669915,0.04737686776669915,0.02673319072361583,0.001534826968009431,0.00034347915839791994
39119,2026-03-14 21:00:00,93,1,24,2026-03-15 21:00:00,117,0.0074,0.04381492277564687,0.04381492277564687,0.026137857129087453,0.001326046600756325,0.0003511072897900935
39119,2026-03-14 22:00:00,94,1,24,2026-03-15 22:00:00,118,0.0071,0.042651945512492136,0.042651945512492136,0.02341558261250003,0.0012639408297232095,0.00026619823598531336
39119,2026-03-14 23:00:00,95,1,24,2026-03-15 23:00:00,119,0.0075,0.039766222001946204,0.039766222001946204,0.021392620228659242,0.0010411090822788774,0.00019300489681775196
39119,2026-03-15 00:00:00,96,1,24,2026-03-16 00:00:00,120,0.0074,0.039094923032121656,0.039094923032121656,0.02048275670073934,0.0010045681460121155,0.00017115852289074007
39119,2026-03-15 01:00:00,97,1,24,2026-03-16 01:00:00,121,0.0072,0.03799004994178511,0.03799004994178511,0.020444265458848556,0.0009480271754176216,0.00017541056754444897
39119,2026-03-15 02:00:00,98,1,24,2026-03-16 02:00:00,122,0.0072,0.039142402425819615,0.039142402425819615,0.020550239192716764,0.0010203170727330069,0.00017822888650275077
39119,2026-03-15 03:00:00,99,1,24,2026-03-16 03:00:00,123,0.0073,0.038635940254385645,0.038635940254385645,0.020459702132859525,0.0009819411516264265,0.0001731777602255875
39119,2026-03-15 04:00:00,100,1,24,2026-03-16 04:00:00,124,0.0074,0.03830919632729299,0.03830919632729299,0.020640438261835353,0.0009553784175991423,0.00017530920536547355
39119,2026-03-15 05:00:00,101,1,24,2026-03-16 05:00:00,125,0.0092,0.04132363943474287,0.04132363943474287,0.02078443289601177,0.001031928210533367,0.00013419908552219964
39119,2026-03-15 06:00:00,102,1,24,2026-03-16 06:00:00,126,0.016,0.04200330485298924,0.04200330485298924,0.02085590032656221,0.0006761718632774937,2.3579767981506987e-05
39119,2026-03-15 07:00:00,103,1,24,2026-03-16 07:00:00,127,0.0168,0.04114828752783041,0.04114828752783041,0.020718666071161875,0.0005928391055379019,1.5355943777275255e-05
39119,2026-03-15 08:00:00,104,1,24,2026-03-16 08:00:00,128,0.0152,0.04117699083594308,0.04117699083594308,0.02061095476945585,0.000674804052890671,2.9278431517097018e-05
39119,2026-03-15 09:00:00,105,1,24,2026-03-16 09:00:00,129,0.0088,0.042389256153398475,0.042389256153398475,0.020568499829986677,0.001128238128938617,0.00013849758824839643
39119,2026-03-15 10:00:00,106,1,24,2026-03-16 10:00:00,130,0.0072,0.04241060055539612,0.04241060055539612,0.0204309627150936,0.0012397863914716616,0.000175058374368197
39119,2026-03-15 11:00:00,107,1,24,2026-03-16 11:00:00,131,0.0077,0.039876623264579934,0.039876623264579934,0.02035163644759405,0.0010353350847107068,0.00016006390480209021
39119,2026-03-15 12:00:00,108,1,24,2026-03-16 12:00:00,132,0.0079,0.03608681376434218,0.03608681376434218,0.017929885670344443,0.0007944964701857098,0.00010059860656018077
39119,2026-03-15 13:00:00,109,1,24,2026-03-16 13:00:00,133,0.0059,0.03244980607089946,0.03244980607089946,0.01750312799936254,0.0007048922024023698,0.000134632579369591
39119,2026-03-15 14:00:00,110,1,24,2026-03-16 14:00:00,134,0.0033,0.02528315487636548,0.02528315487636548,0.01373873443954375,0.0004832590983182713,0.00010896717669931677
39119,2026-03-15 15:00:00,111,1,24,2026-03-16 15:00:00,135,0.0026,0.022943452379827145,0.022943452379827145,0.012893413896581312,0.00041385605473029483,0.00010595436964633327
39119,2026-03-15 16:00:00,112,1,24,2026-03-16 16:00:00,136,0.0024,0.018066556923321694,0.018066556923321694,0.009684931087945768,0.00024544100583167894,5.3070220956118716e-05
39119,2026-03-15 17:00:00,113,1,24,2026-03-16 17:00:00,137,0.0022,0.014945942144444233,0.014945942144444233,0.008056091526369288,0.00016245904114951963,3.429380796521417e-05
39119,2026-03-15 18:00:00,114,1,24,2026-03-16 18:00:00,138,0.0017,0.010700430683417781,0.010700430683417781,0.006098033024605491,8.100775248700826e-05,1.9342694485520526e-05
39119,2026-03-15 19:00:00,115,1,24,2026-03-16 19:00:00,139,0.0012,0.0076499813473045715,0.0076499813473045715,0.004077178895748037,4.16022593805769e-05,8.278158398137898e-06
39119,2026-03-15 20:00:00,116,1,24,2026-03-16 20:00:00,140,0.001,0.006898077109132981,0.006898077109132981,0.004128145617558737,3.478731358527846e-05,9.785295004651934e-06
39119,2026-03-15 21:00:00,117,1,24,2026-03-16 21:00:00,141,0.0011,0.006087824124343284,0.006087824124343284,0.004038232036557402,2.4878389495380848e-05,8.633207500652257e-06
39119,2026-03-15 22:00:00,118,1,24,2026-03-16 22:00:00,142,0.0009,0.004396087418255255,0.004396087418255255,0.003657047151656229,1.2222627236082696e-05,7.601308996455724e-06
39119,2026-03-15 23:00:00,119,1,24,2026-03-16 23:00:00,143,0.0008,0.00475768105079962,0.00475768105079962,0.0036783434477727535,1.5663239299858384e-05,8.284861003336342e-06
39119,2026-03-16 00:00:00,120,1,24,2026-03-17 00:00:00,144,0.0008,0.003703653170235811,0.003703653170235811,0.003185515540170454,8.431201733020475e-06,5.690684392394732e-06
39119,2026-03-16 01:00:00,121,1,24,2026-03-17 01:00:00,145,0.0007,0.003219927725707054,0.003219927725707054,0.0031703104564174125,6.3500357427871245e-06,6.102433751085204e-06
39119,2026-03-16 02:00:00,122,1,24,2026-03-17 02:00:00,146,0.0007,0.0032922568410583193,0.0032922568410583193,0.0031324819951082496,6.719795530013656e-06,5.91696865652581e-06
39119,2026-03-16 03:00:00,123,1,24,2026-03-17 03:00:00,147,0.0007,0.003183760703377002,0.003183760703377002,0.003161394512504955,6.169067231639819e-06,6.058462946189504e-06
39119,2026-03-16 04:00:00,124,1,24,2026-03-17 04:00:00,148,0.0007,0.0033021527723939145,0.0033021527723939145,0.0031725451430622293,6.771199050877335e-06,6.11347948448062e-06
39119,2026-03-16 05:00:00,125,1,24,2026-03-17 05:00:00,149,0.0007,0.0032089571385925876,0.0032089571385925876,0.0031923099141870593,6.294865923294705e-06,6.2116087083551065e-06
39119,2026-03-16 06:00:00,126,1,24,2026-03-17 06:00:00,150,0.0007,0.0027529785208279616,0.0027529785208279616,0.003187439933111605,4.214720806980965e-06,6.1873574208382665e-06
39119,2026-03-16 07:00:00,127,1,24,2026-03-17 07:00:00,151,0.0007,0.0027393392781590643,0.0027393392781590643,0.003192714774847214,4.158904691442333e-06,6.213626948741596e-06
39119,2026-03-16 08:00:00,128,1,24,2026-03-17 08:00:00,152,0.0007,0.00332729662567131,0.00332729662567131,0.0031926991044103374,6.90268755926385e-06,6.213548825128098e-06
39119,2026-03-16 09:00:00,129,1,24,2026-03-17 09:00:00,153,0.0008,0.003775288422149822,0.003775288422149822,0.003174693151996167,8.852341194978777e-06,5.639167566137492e-06
39119,2026-03-16 10:00:00,130,1,24,2026-03-17 10:00:00,154,0.0008,0.0036224908307550103,0.0036224908307550103,0.0031775006619930925,7.966454489696108e-06,5.652509397777593e-06
39119,2026-03-16 11:00:00,131,1,24,2026-03-17 11:00:00,155,0.0009,0.0038858461013435075,0.0038858461013435075,0.003381210696390506,8.915276940908225e-06,6.1564065198826605e-06
39119,2026-03-16 12:00:00,132,1,24,2026-03-17 12:00:00,156,0.0012,0.005344399995079867,0.005344399995079867,0.0033711011896651213,1.7176051319218006e-05,4.713680375765304e-06
39119,2026-03-16 13:00:00,133,1,24,2026-03-17 13:00:00,157,0.0008,0.004750073263778414,0.004750073263778414,0.00321779308559487,1.5603078789217046e-05,5.845723404750364e-06
39119,2026-03-16 14:00:00,134,1,24,2026-03-17 14:00:00,158,0.0006,0.005242974547715095,0.005242974547715095,0.003759813020309697,2.155721265073019e-05,9.98441832331869e-06
39119,2026-03-16 15:00:00,135,1,24,2026-03-17 15:00:00,159,0.0006,0.0037430235393027408,0.0037430235393027408,0.002937104843525994,9.878596968611128e-06,5.462059049632662e-06
39119,2026-03-16 16:00:00,136,1,24,2026-03-17 16:00:00,160,0.0006,0.003508641466411128,0.003508641466411128,0.003049179316826574,8.460195180126278e-06,5.998479325971085e-06
39119,2026-03-16 17:00:00,137,1,24,2026-03-17 17:00:00,161,0.0005,0.003303987335498798,0.003303987335498798,0.0031848752191131974,7.862344977637648e-06,7.20855494220814e-06
39119,2026-03-16 18:00:00,138,1,24,2026-03-17 18:00:00,162,0.0003,0.002375818705117014,0.002375818705117014,0.003393812962998382,4.309023296513677e-06,9.571678650016828e-06
39119,2026-03-16 19:00:00,139,1,24,2026-03-17 19:00:00,163,0.0002,0.0017142926461464702,0.0017142926461464702,0.002951645962254276,2.2930822181732786e-06,7.57155550159026e-06
39119,2026-03-16 20:00:00,140,1,24,2026-03-17 20:00:00,164,0.0002,0.001634816059523795,0.001634816059523795,0.002898167851383026,2.0586971246673904e-06,7.2801097542368935e-06
39119,2026-03-16 21:00:00,141,1,24,2026-03-17 21:00:00,165,0.0001,0.0016221073569936866,0.0016221073569936866,0.002898167851383026,2.316810806214306e-06,7.8297433245135e-06
39119,2026-03-16 22:00:00,142,1,24,2026-03-17 22:00:00,166,0.0001,0.0014217131734580821,0.0014217131734580821,0.002898167851383026,1.746925712892634e-06,7.8297433245135e-06
39119,2026-03-16 23:00:00,143,1,24,2026-03-17 23:00:00,167,0.0001,0.0018651022171051663,0.0018651022171051663,0.0030837162716577586,3.1155858368295736e-06,8.902562789755276e-06
39119,2026-03-17 00:00:00,144,1,24,2026-03-18 00:00:00,168,0.0,0.0020837481445616433,0.0020837481445616433,0.003082450051514297,4.342006329964091e-06,9.501498320080493e-06
39119,2026-03-17 01:00:00,145,1,24,2026-03-18 01:00:00,169,0.0,0.0022765527663984294,0.0022765527663984294,0.002824705872645082,5.1826924981963414e-06,7.978963266955613e-06
39119,2026-03-17 02:00:00,146,1,24,2026-03-18 02:00:00,170,0.0,0.0016829157731132977,0.0016829157731132977,0.0028891925583451866,2.8322054993935284e-06,8.347433639197204e-06
39119,2026-03-17 03:00:00,147,1,24,2026-03-18 03:00:00,171,0.0,0.002177547887242912,0.002177547887242912,0.002841865769079605,4.74171480123607e-06,8.076201049466414e-06
39119,2026-03-17 04:00:00,148,1,24,2026-03-18 04:00:00,172,0.0,0.002496100032217412,0.002496100032217412,0.0030502333379033506,6.230515370835766e-06,9.303923415657016e-06
39119,2026-03-17 05:00:00,149,1,24,2026-03-18 05:00:00,173,0.0,0.0012061745125921382,0.0012061745125921382,0.002838250319334794,1.4548569548268822e-06,8.05566487520406e-06
39119,2026-03-17 06:00:00,150,1,24,2026-03-18 06:00:00,174,0.0,0.001219953948678468,0.001219953948678468,0.0027558931601099753,1.488287636896186e-06,7.5949471099409465e-06
39119,2026-03-17 07:00:00,151,1,24,2026-03-18 07:00:00,175,0.0,0.0013897244048498131,0.0013897244048498131,0.0030096052479798617,1.931333921435167e-06,9.057723748667925e-06
39119,2026-03-17 08:00:00,152,1,24,2026-03-18 08:00:00,176,0.0001,0.0015714081718297464,0.0015714081718297464,0.003008935774273398,2.1650420081273564e-06,8.461907338847574e-06
39119,2026-03-17 09:00:00,153,1,24,2026-03-18 09:00:00,177,0.0004,0.002114966112724897,0.002114966112724897,0.0030388374886543873,2.941108767794744e-06,6.963463291527792e-06
39119,2026-03-17 10:00:00,154,1,24,2026-03-18 10:00:00,178,0.0003,0.0033467801879764596,0.0033467801879764596,0.003936179610972711,9.282869513845872e-06,1.3221802163253659e-05
39119,2026-03-17 11:00:00,155,1,24,2026-03-18 11:00:00,179,0.0007,0.00566664640226338,0.00566664640226338,0.0039513634733147176,2.4667576485115774e-05,1.0571364435605143e-05
39119,2026-03-17 12:00:00,156,1,24,2026-03-18 12:00:00,180,0.0003,0.007066852841433229,0.007066852841433229,0.0033157441281427666,4.5790297377612966e-05,9.094712646427575e-06
39119,2026-03-17 13:00:00,157,1,24,2026-03-18 13:00:00,181,0.0002,0.006743240039134365,0.006743240039134365,0.003067795234631122,4.281399020973109e-05,8.224249507772973e-06
39119,2026-03-17 14:00:00,158,1,24,2026-03-18 14:00:00,182,0.0003,0.0036754533224369196,0.0036754533224369196,0.003299287662903076,1.139368513195044e-05,8.995726484842596e-06
39119,2026-03-17 15:00:00,159,1,24,2026-03-18 15:00:00,183,0.0002,0.0029604964013565265,0.0029604964013565265,0.0025850851819759794,7.620340381902333e-06,5.68863132528139e-06
39119,2026-03-17 16:00:00,160,1,24,2026-03-18 16:00:00,184,0.0002,0.003903675409213138,0.003903675409213138,0.0024927927685163675,1.3717211536810103e-05,5.256898679360948e-06
39119,2026-03-17 17:00:00,161,1,24,2026-03-18 17:00:00,185,0.0001,0.0025885791692198527,0.0025885791692198527,0.0024603587096274884,6.193026281474973e-06,5.571293238114343e-06
39119,2026-03-17 18:00:00,162,1,24,2026-03-18 18:00:00,186,0.0001,0.002838033658714095,0.002838033658714095,0.002760580139150475,7.496828316251295e-06,7.078686676841961e-06
39119,2026-03-17 19:00:00,163,1,24,2026-03-18 19:00:00,187,0.0001,0.002438207050756249,0.002438207050756249,0.002665675185505388,5.467212212206237e-06,6.582689157518109e-06
39119,2026-03-17 20:00:00,164,1,24,2026-03-18 20:00:00,188,0.0001,0.0021442169033791727,0.0021442169033791727,0.0026709852569092394,4.178822748061134e-06,6.609965191244669e-06
39119,2026-03-17 21:00:00,165,1,24,2026-03-18 21:00:00,189,0.0001,0.0012936036890502539,0.0012936036890502539,0.002696095573767522,1.424689766514375e-06,6.739712228135321e-06
39119,2026-03-17 22:00:00,166,1,24,2026-03-18 22:00:00,190,0.0001,0.0,0.0,0.00262433538123929,1e-08,6.372269116976512e-06
39119,2026-03-17 23:00:00,167,1,24,2026-03-18 23:00:00,191,0.0,0.0,0.0,0.002672936784608915,0.0,7.144591054515446e-06
39119,2026-03-18 00:00:00,168,1,24,2026-03-19 00:00:00,192,0.0,0.0,0.0,0.0026843045204413,0.0,7.205490758461598e-06
39119,2026-03-18 01:00:00,169,1,24,2026-03-19 01:00:00,193,0.0001,0.0,0.0,0.0026846820302025842,1e-08,6.6805811972521536e-06
39119,2026-03-18 02:00:00,170,1,24,2026-03-19 02:00:00,194,0.0001,0.0,0.0,0.0026773897724796394,1e-08,6.642938039282648e-06
39119,2026-03-18 03:00:00,171,1,24,2026-03-19 03:00:00,195,0.0,0.0,0.0,0.002671591836404595,0.0,7.137402940343676e-06
39119,2026-03-18 04:00:00,172,1,24,2026-03-19 04:00:00,196,0.0,0.0,0.0,0.002601951667801179,0.0,6.770152481573336e-06
39119,2026-03-18 05:00:00,173,1,24,2026-03-19 05:00:00,197,0.0,0.0,0.0,0.0025059281032806325,0.0,6.279675658811668e-06
39119,2026-03-18 06:00:00,174,1,24,2026-03-19 06:00:00,198,0.0,0.0,0.0,0.0026081082936176723,0.0,6.802228871237286e-06
39119,2026-03-18 07:00:00,175,1,24,2026-03-19 07:00:00,199,0.0,0.0,0.0,0.0025161361405304835,0.0,6.330941077683637e-06
39119,2026-03-18 08:00:00,176,1,24,2026-03-19 08:00:00,200,0.0001,0.0,0.0,0.0025265590299437465,1e-08,5.888188725801537e-06
39119,2026-03-18 09:00:00,177,1,24,2026-03-19 09:00:00,201,0.0002,0.0,0.0,0.002554372814848216,4e-08,5.543071351296311e-06
39119,2026-03-18 10:00:00,178,1,24,2026-03-19 10:00:00,202,0.0002,0.0,0.0,0.0027635151261750208,4e-08,6.571609802128132e-06
39119,2026-03-18 11:00:00,179,1,24,2026-03-19 11:00:00,203,0.0003,0.0018312935237789236,0.0018312935237789236,0.0027116908779184906,2.344859855967273e-06,5.81625289063526e-06
39119,2026-03-18 12:00:00,180,1,24,2026-03-19 12:00:00,204,0.0006,0.0023456709409297497,0.0023456709409297497,0.0028830467810515813,3.047367034006558e-06,5.212302604469988e-06
39119,2026-03-18 13:00:00,181,1,24,2026-03-19 13:00:00,205,0.0007,0.002595027136568677,0.002595027136568677,0.002917298871057136,3.591127848331679e-06,4.9164142835912505e-06
39119,2026-03-18 14:00:00,182,1,24,2026-03-19 14:00:00,206,0.0006,0.0011998353146157397,0.0011998353146157397,0.002707558393067201,3.598024046601635e-07,4.4418023801880025e-06
39119,2026-03-18 15:00:00,183,1,24,2026-03-19 15:00:00,207,0.0002,0.0,0.0,0.0024947620246400077,4e-08,5.265932749729907e-06
39119,2026-03-18 16:00:00,184,1,24,2026-03-19 16:00:00,208,0.0002,0.0,0.0,0.0025492964053884025,4e-08,5.519193600370868e-06
39119,2026-03-18 17:00:00,185,1,24,2026-03-19 17:00:00,209,0.0002,0.0,0.0,0.0025221915901607324,4e-08,5.3925737814132304e-06
39119,2026-03-18 18:00:00,186,1,24,2026-03-19 18:00:00,210,0.0002,0.0,0.0,0.002513435456925062,4e-08,5.35198361335807e-06
39119,2026-03-18 19:00:00,187,1,24,2026-03-19 19:00:00,211,0.0001,0.0,0.0,0.0025399018060590635,1e-08,5.953120823210281e-06
39119,2026-03-18 20:00:00,188,1,24,2026-03-19 20:00:00,212,0.0001,0.0,0.0,0.0026169144568498563,1e-08,6.334858383099808e-06
39119,2026-03-18 21:00:00,189,1,24,2026-03-19 21:00:00,213,0.0,0.0,0.0,0.0025074465722781988,0.0,6.287288312829688e-06
39119,2026-03-18 22:00:00,190,1,24,2026-03-19 22:00:00,214,0.0,0.0,0.0,0.0025089420148322944,0.0,6.294790033790732e-06
39119,2026-03-18 23:00:00,191,1,24,2026-03-19 23:00:00,215,0.0,0.0,0.0,0.002534584534003382,0.0,6.424118760009142e-06
42053,2026-03-14 00:00:00,72,3,24,2026-03-15 00:00:00,96,0.0034,0.01717945466919568,0.01717945466919568,0.01481002931810019,0.00018987337098041857,0.00013018876903990586
42053,2026-03-14 01:00:00,73,3,24,2026-03-15 01:00:00,97,0.0029,0.015178843560972096,0.015178843560972096,0.015079682502607978,0.0001507699991948259,0.00014834466586433496
42053,2026-03-14 02:00:00,74,3,24,2026-03-15 02:00:00,98,0.0028,0.013174008599345952,0.013174008599345952,0.013042730621134313,0.00010762005441930376,0.0001049135305771225
42053,2026-03-14 03:00:00,75,3,24,2026-03-15 03:00:00,99,0.0028,0.011821059071233186,0.011821059071233186,0.011931885075071143,8.137950676667854e-05,8.33913250243071e-05
42053,2026-03-14 04:00:00,76,3,24,2026-03-15 04:00:00,100,0.0028,0.011344097365224627,0.011344097365224627,0.011808097267692564,7.300159978643841e-05,8.114581638421023e-05
42053,2026-03-14 05:00:00,77,3,24,2026-03-15 05:00:00,101,0.0027,0.011990546872433939,0.011990546872433939,0.011788728741081899,8.631426118889202e-05,8.260499012896814e-05
42053,2026-03-14 06:00:00,78,3,24,2026-03-15 06:00:00,102,0.0016,0.010903949916245978,0.010903949916245978,0.010487062908297614,8.656348404401352e-05,7.897988713603923e-05
42053,2026-03-14 07:00:00,79,3,24,2026-03-15 07:00:00,103,0.0015,0.01092040870746677,0.01092040870746677,0.010763498861719704,8.874410021571576e-05,8.581241116108226e-05
42053,2026-03-14 08:00:00,80,3,24,2026-03-15 08:00:00,104,0.0016,0.011474260274707422,0.011474260274707422,0.010940427941080775,9.750101597266507e-05,8.724359412252242e-05
42053,2026-03-14 09:00:00,81,3,24,2026-03-15 09:00:00,105,0.0018,0.013969559004008866,0.013969559004008866,0.01195796663753398,0.00014809816635205327,0.00010318428620925338
42053,2026-03-14 10:00:00,82,3,24,2026-03-15 10:00:00,106,0.0024,0.018458017102359538,0.018458017102359538,0.01473289496666181,0.00025785991325967143,0.0001521002982587122
42053,2026-03-14 11:00:00,83,3,24,2026-03-15 11:00:00,107,0.0019,0.018140107566969262,0.018140107566969262,0.013905535034541167,0.00026374109378673235,0.00014413287146559537
42053,2026-03-14 12:00:00,84,3,24,2026-03-15 12:00:00,108,0.0184,0.020346416670950412,0.020346416670950412,0.01488757434544614,3.788537856953687e-06,1.2337133978768113e-05
42053,2026-03-14 13:00:00,85,3,24,2026-03-15 13:00:00,109,0.075,0.016365879098522017,0.016365879098522017,0.014077883472523261,0.003437960133889137,0.003711504282187454
42053,2026-03-14 14:00:00,86,3,24,2026-03-15 14:00:00,110,0.0191,0.015681384850261156,0.015681384850261156,0.0139797196814523,1.168692954202393e-05,2.6217270540506918e-05
42053,2026-03-14 15:00:00,87,3,24,2026-03-15 15:00:00,111,0.0034,0.015783625360005094,0.015783625360005094,0.01380242978196366,0.0001533541770569613,0.00010821054536868452
42053,2026-03-14 16:00:00,88,3,24,2026-03-15 16:00:00,112,0.0109,0.022681528730164054,0.022681528730164054,0.015927416242402872,0.00013880441921968102,2.527491407437621e-05
42053,2026-03-14 17:00:00,89,3,24,2026-03-15 17:00:00,113,0.0186,0.031849838137786336,0.031849838137786336,0.019474902259806148,0.00017555821067753732,7.654539642139065e-07
42053,2026-03-14 18:00:00,90,3,24,2026-03-15 18:00:00,114,0.0365,0.031347223577129484,0.031347223577129484,0.019793411575790933,2.655110486409025e-05,0.00027911009677591633
42053,2026-03-14 19:00:00,91,3,24,2026-03-15 19:00:00,115,0.0429,0.030329756702884552,0.030329756702884552,0.019002949561128746,0.00015801101654867587,0.0005710690196779569
42053,2026-03-14 20:00:00,92,3,24,2026-03-15 20:00:00,116,0.0429,0.024618160837351067,0.024618160837351067,0.01568951171599281,0.0003342256431689643,0.0007404106726540926
42053,2026-03-14 21:00:00,93,3,24,2026-03-15 21:00:00,117,0.0318,0.024158754311263707,0.024158754311263707,0.015384554252830028,5.8388635675631014e-05,0.00026946685907828073
42053,2026-03-14 22:00:00,94,3,24,2026-03-15 22:00:00,118,0.0339,0.020816130364540265,0.020816130364540265,0.013672385008900953,0.00017118764463770525,0.00040915640822813493
42053,2026-03-14 23:00:00,95,3,24,2026-03-15 23:00:00,119,0.0367,0.019314505803324025,0.019314505803324025,0.014105118151535841,0.00030225540846265413,0.0005105286857460553
42053,2026-03-15 00:00:00,96,3,24,2026-03-16 00:00:00,120,0.026,0.01548560268567311,0.01548560268567311,0.012923344108687897,0.0001105525508835245,0.0001709989292997875
42053,2026-03-15 01:00:00,97,3,24,2026-03-16 01:00:00,121,0.0239,0.014749089105119179,0.014749089105119179,0.014478144505600145,8.373917020604853e-05,8.877136095735276e-05
42053,2026-03-15 02:00:00,98,3,24,2026-03-16 02:00:00,122,0.0228,0.014394104915003446,0.014394104915003446,0.013725142227053412,7.065907217996924e-05,8.235304359920913e-05
42053,2026-03-15 03:00:00,99,3,24,2026-03-16 03:00:00,123,0.0219,0.01317582581891691,0.01317582581891691,0.013593144713608145,7.611121514187678e-05,6.90038447490563e-05
42053,2026-03-15 04:00:00,100,3,24,2026-03-16 04:00:00,124,0.0206,0.011050190724905507,0.011050190724905507,0.013053035676244289,9.119885719068081e-05,5.69566705040415e-05
42053,2026-03-15 05:00:00,101,3,24,2026-03-16 05:00:00,125,0.0141,0.01204771339681568,0.01204771339681568,0.013411362315333847,4.21188030160983e-06,4.742218607423593e-07
42053,2026-03-15 06:00:00,102,3,24,2026-03-16 06:00:00,126,0.0134,0.01106109675766959,0.01106109675766959,0.012990258271258215,5.4704683769837085e-06,1.67888284272307e-07
42053,2026-03-15 07:00:00,103,3,24,2026-03-16 07:00:00,127,0.0133,0.011283995026660106,0.011283995026660106,0.011988488415513693,4.064276052531183e-06,1.7200626362417814e-06
42053,2026-03-15 08:00:00,104,3,24,2026-03-16 08:00:00,128,0.0126,0.010206524951465698,0.010206524951465698,0.013250476062485438,5.728722807956281e-06,4.231191078665588e-07
42053,2026-03-15 09:00:00,105,3,24,2026-03-16 09:00:00,129,0.01,0.013328438315903749,0.013328438315903749,0.013024464095876936,1.1078501622776184e-05,9.147383067248692e-06
42053,2026-03-15 10:00:00,106,3,24,2026-03-16 10:00:00,130,0.007,0.014626448054425121,0.014626448054425121,0.012711738715035328,5.816270992684471e-05,3.262395914883342e-05
42053,2026-03-15 11:00:00,107,3,24,2026-03-16 11:00:00,131,0.0057,0.018529123547308103,0.018529123547308103,0.012978026722772028,0.00016458641099209524,5.296967297738375e-05
42053,2026-03-15 12:00:00,108,3,24,2026-03-16 12:00:00,132,0.0025,0.017055856468489086,0.017055856468489086,0.012927925977221678,0.00021187295753125553,0.00010874164018641468
42053,2026-03-15 13:00:00,109,3,24,2026-03-16 13:00:00,133,0.0017,0.017070982764350907,0.017070982764350907,0.012674629475789055,0.00023626711114197265,0.00012044249213085795
42053,2026-03-15 14:00:00,110,3,24,2026-03-16 14:00:00,134,0.0041,0.013708859965450657,0.013708859965450657,0.013153804403963491,9.233018983564042e-05,8.197137418522868e-05
42053,2026-03-15 15:00:00,111,3,24,2026-03-16 15:00:00,135,0.0144,0.012818938997945069,0.012818938997945069,0.01336204452861506,2.4997538922189417e-06,1.0773515605779328e-06
42053,2026-03-15 16:00:00,112,3,24,2026-03-16 16:00:00,136,0.0152,0.01402286232261158,0.01402286232261158,0.014244790155664972,1.3856531115274031e-06,9.124258467145475e-07
42053,2026-03-15 17:00:00,113,3,24,2026-03-16 17:00:00,137,0.0147,0.013002139040671188,0.013002139040671188,0.013629055238421025,2.8827318372129523e-06,1.146922682353446e-06
42053,2026-03-15 18:00:00,114,3,24,2026-03-16 18:00:00,138,0.0217,0.014859648653211623,0.014859648653211623,0.01471578164659769,4.679040654750957e-05,4.877930600800169e-05
42053,2026-03-15 19:00:00,115,3,24,2026-03-16 19:00:00,139,0.0232,0.017730367614273317,0.017730367614273317,0.015278598658879082,2.9916878434990153e-05,6.274859920711225e-05
42053,2026-03-15 20:00:00,116,3,24,2026-03-16 20:00:00,140,0.0228,0.019262184742312765,0.019262184742312765,0.016693456299248104,1.2516136797524602e-05,3.7289875969192664e-05
42053,2026-03-15 21:00:00,117,3,24,2026-03-16 21:00:00,141,0.0172,0.01892596004284385,0.01892596004284385,0.016412968432767256,2.9789380694935397e-06,6.194186878208291e-07
42053,2026-03-15 22:00:00,118,3,24,2026-03-16 22:00:00,142,0.0172,0.021105908357861834,0.021105908357861834,0.01774369375261104,1.5256120100014926e-05,2.956028966282756e-07
42053,2026-03-15 23:00:00,119,3,24,2026-03-16 23:00:00,143,0.0177,0.021247494235546987,0.021247494235546987,0.017052365637304,1.2584715351239097e-05,4.194302677446532e-07
42053,2026-03-16 00:00:00,120,3,24,2026-03-17 00:00:00,144,0.0171,0.019276163470282753,0.019276163470282753,0.01774393818944409,4.73568744939307e-06,4.146563918245315e-07
42053,2026-03-16 01:00:00,121,3,24,2026-03-17 01:00:00,145,0.0158,0.020879174831813473,0.020879174831813473,0.017932239964294643,2.57980169721274e-05,4.546447265335215e-06
42053,2026-03-16 02:00:00,122,3,24,2026-03-17 02:00:00,146,0.0078,0.021602626618776655,0.021602626618776655,0.019019853394381156,0.0001905125015773619,0.00012588511019140635
42053,2026-03-16 03:00:00,123,3,24,2026-03-17 03:00:00,147,0.02,0.019142537142821575,0.019142537142821575,0.0177633299786018,7.352425514405886e-07,5.0026927846214194e-06
42053,2026-03-16 04:00:00,124,3,24,2026-03-17 04:00:00,148,0.0209,0.01877576193669356,0.01877576193669356,0.017685537901298346,4.512387349599882e-06,1.0332766583989431e-05
42053,2026-03-16 05:00:00,125,3,24,2026-03-17 05:00:00,149,0.0152,0.01683703465765548,0.01683703465765548,0.01734411290504532,2.679882470365193e-06,4.597220149581874e-06
42053,2026-03-16 06:00:00,126,3,24,2026-03-17 06:00:00,150,0.0153,0.013770235856672978,0.013770235856672978,0.014648302609186646,2.3401783342090562e-06,4.247094891929329e-07
42053,2026-03-16 07:00:00,127,3,24,2026-03-17 07:00:00,151,0.0154,0.00904725072373206,0.00904725072373206,0.011962614518749031,4.035742336712284e-05,1.1815618946714956e-05
42053,2026-03-16 08:00:00,128,3,24,2026-03-17 08:00:00,152,0.0165,0.009238819103878014,0.009238819103878014,0.010522953729376202,5.272474800620689e-05,3.572508212117787e-05
42053,2026-03-16 09:00:00,129,3,24,2026-03-17 09:00:00,153,0.0207,0.010765810186751872,0.010765810186751872,0.011484709472482991,9.868812724564288e-05,8.49215795065447e-05
42053,2026-03-16 10:00:00,130,3,24,2026-03-17 10:00:00,154,0.0362,0.00936969524603183,0.00936969524603183,0.007726459392557586,0.0007198652531908071,0.0008107425147236724
42053,2026-03-16 11:00:00,131,3,24,2026-03-17 11:00:00,155,0.0376,0.011816693603026722,0.011816693603026722,0.007847372261853008,0.0006647788887602032,0.0008852188573247537
42053,2026-03-16 12:00:00,132,3,24,2026-03-17 12:00:00,156,0.033,0.014016370629283199,0.014016370629283199,0.008101781892684377,0.00036037818408474166,0.0006199212649194597
42053,2026-03-16 13:00:00,133,3,24,2026-03-17 13:00:00,157,0.0076,0.0151774542436038,0.0151774542436038,0.009509570412080922,5.741781281390924e-05,3.6464591586949008e-06
42053,2026-03-16 14:00:00,134,3,24,2026-03-17 14:00:00,158,0.0092,0.012894329174169987,0.012894329174169987,0.009049786421714764,1.3648068047123499e-05,2.2564119101254544e-08
42053,2026-03-16 15:00:00,135,3,24,2026-03-17 15:00:00,159,0.0199,0.008720855723200027,0.008720855723200027,0.006407454342247274,0.00012497326676150962,0.00018204878832654196
42053,2026-03-16 16:00:00,136,3,24,2026-03-17 16:00:00,160,0.0175,0.010363490785774065,0.010363490785774065,0.007798200545932143,5.0929763764731696e-05,9.41249126469514e-05
42053,2026-03-16 17:00:00,137,3,24,2026-03-17 17:00:00,161,0.0036,0.008511541445054548,0.008511541445054548,0.00782182570999161,2.412323936648852e-05,1.7823812325546163e-05
42053,2026-03-16 18:00:00,138,3,24,2026-03-17 18:00:00,162,0.0011,0.005737908225131361,0.005737908225131361,0.007142547938282871,2.1510192704741134e-05,3.6512385586446566e-05
42053,2026-03-16 19:00:00,139,3,24,2026-03-17 19:00:00,163,0.0018,0.005655079543971435,0.005655079543971435,0.006545367652244407,1.4861638290347008e-05,2.251851415496759e-05
42053,2026-03-16 20:00:00,140,3,24,2026-03-17 20:00:00,164,0.0018,0.0033643313284308727,0.0033643313284308727,0.00472780830402745,2.4471325051102993e-06,8.572061465132092e-06
42053,2026-03-16 21:00:00,141,3,24,2026-03-17 21:00:00,165,0.0009,0.0016743428317694744,0.0016743428317694744,0.0025076875992824364,5.996068211127685e-07,2.584659416886524e-06
42053,2026-03-16 22:00:00,142,3,24,2026-03-17 22:00:00,166,0.0,0.002398951943468922,0.002398951943468922,0.0025076875992824364,5.754970427073319e-06,6.2884970955949095e-06
42053,2026-03-16 23:00:00,143,3,24,2026-03-17 23:00:00,167,0.0,0.0022041442402406146,0.0022041442402406146,0.0025042994603883067,4.858251831785876e-06,6.271515787301164e-06
42053,2026-03-17 00:00:00,144,3,24,2026-03-18 00:00:00,168,0.0,0.0026522219271577934,0.0026522219271577934,0.0025061256601590087,7.0342811508966e-06,6.280665824507427e-06
42053,2026-03-17 01:00:00,145,3,24,2026-03-18 01:00:00,169,0.0,0.002744807185490587,0.002744807185490587,0.0016011452876988931,7.533966485520758e-06,2.563666232320371e-06
42053,2026-03-17 02:00:00,146,3,24,2026-03-18 02:00:00,170,0.0,0.0040506399271500815,0.0040506399271500815,0.002207784030310058,1.6407683819422417e-05,4.874310324492123e-06
42053,2026-03-17 03:00:00,147,3,24,2026-03-18 03:00:00,171,0.0,0.0033009874046626333,0.0033009874046626333,0.0019937219949935697,1.0896517845741347e-05,3.974927393321139e-06
42053,2026-03-17 04:00:00,148,3,24,2026-03-18 04:00:00,172,0.0,0.0046254032048426335,0.0046254032048426335,0.0019937219949935697,2.1394354807368506e-05,3.974927393321139e-06
42053,2026-03-17 05:00:00,149,3,24,2026-03-18 05:00:00,173,0.0,0.004501745744045438,0.004501745744045438,0.0019937219949935697,2.0265714744031213e-05,3.974927393321139e-06
42053,2026-03-17 06:00:00,150,3,24,2026-03-18 06:00:00,174,0.0,0.0042641202169662815,0.0042641202169662815,0.0019937219949935697,1.8182721224740567e-05,3.974927393321139e-06
42053,2026-03-17 07:00:00,151,3,24,2026-03-18 07:00:00,175,0.0,0.004294875617967902,0.004294875617967902,0.0014576833128428844,1.8445956573815168e-05,2.1248406405406065e-06
42053,2026-03-17 08:00:00,152,3,24,2026-03-18 08:00:00,176,0.0,0.005388382747503301,0.005388382747503301,0.0024704620409358425,2.9034668633591223e-05,6.103182695704888e-06
42053,2026-03-17 09:00:00,153,3,24,2026-03-18 09:00:00,177,0.0002,0.006074893411283432,0.006074893411283432,0.001353587002363121,3.451437259394149e-05,1.3307629720211313e-06
42053,2026-03-17 10:00:00,154,3,24,2026-03-18 10:00:00,178,0.0006,0.005837846986643974,0.005837846986643974,0.0012547637177651315,2.743504105549536e-05,4.2871552610161686e-07
42053,2026-03-17 11:00:00,155,3,24,2026-03-18 11:00:00,179,0.0014,0.006854117823724578,0.006854117823724578,0.0013525372262022822,2.9747401235070124e-05,2.2527148965733283e-09
42053,2026-03-17 12:00:00,156,3,24,2026-03-18 12:00:00,180,0.0022,0.007521861305474634,0.007521861305474634,0.0011584376110747746,2.8322207754708176e-05,1.084852210023623e-06
42053,2026-03-17 13:00:00,157,3,24,2026-03-18 13:00:00,181,0.0022,0.009881198001551728,0.009881198001551728,0.002537554014675996,5.9000802739042255e-05,1.1394271282388251e-07
42053,2026-03-17 14:00:00,158,3,24,2026-03-18 14:00:00,182,0.0022,0.006799671084630795,0.006799671084630795,0.0022088936098898903,2.1156974086788635e-05,7.90962968735521e-11
42053,2026-03-17 15:00:00,159,3,24,2026-03-18 15:00:00,183,0.0022,0.004797166386683841,0.004797166386683841,0.0018155691748737075,6.745273240120396e-06,1.477870593072822e-07
42053,2026-03-17 16:00:00,160,3,24,2026-03-18 16:00:00,184,0.0023,0.004315233756343375,0.004315233756343375,0.0018155691748737075,4.06116709270583e-06,2.3467322433254057e-07
42053,2026-03-17 17:00:00,161,3,24,2026-03-18 17:00:00,185,0.0024,0.005605872810765124,0.005605872810765124,0.0020684199371205636,1.0277620478803077e-05,1.0994533809913085e-07
42053,2026-03-17 18:00:00,162,3,24,2026-03-18 18:00:00,186,0.0024,0.0025349061904326267,0.0025349061904326267,0.0019823307770223475,1.8199680217044187e-08,1.744475798227558e-07
42053,2026-03-17 19:00:00,163,3,24,2026-03-18 19:00:00,187,0.0024,0.0,0.0,0.0,5.759999999999999e-06,5.759999999999999e-06
42053,2026-03-17 20:00:00,164,3,24,2026-03-18 20:00:00,188,0.0024,0.0,0.0,0.0,5.759999999999999e-06,5.759999999999999e-06
42053,2026-03-17 21:00:00,165,3,24,2026-03-18 21:00:00,189,0.0022,0.0,0.0,0.0,4.84e-06,4.84e-06
42053,2026-03-17 22:00:00,166,3,24,2026-03-18 22:00:00,190,0.0006,0.0,0.0,0.001858160683064775,3.5999999999999994e-07,1.582968304410022e-06
42053,2026-03-17 23:00:00,167,3,24,2026-03-18 23:00:00,191,0.0005,0.0,0.0,0.001861548821958905,2.5e-07,1.853815194577682e-06
42053,2026-03-18 00:00:00,168,3,24,2026-03-19 00:00:00,192,0.0005,0.0,0.0,0.0017175170742128646,2.5e-07,1.482347825999854e-06
42053,2026-03-18 01:00:00,169,3,24,2026-03-19 01:00:00,193,0.0003,0.0010349967871065263,0.0010349967871065263,0.0017175170742128646,5.402202770569164e-07,2.009354655685e-06
42053,2026-03-18 02:00:00,170,3,24,2026-03-19 02:00:00,194,0.0002,0.0,0.0,0.0017175170742128646,4e-08,2.3028580705275725e-06
42053,2026-03-18 03:00:00,171,3,24,2026-03-19 03:00:00,195,0.0,0.0,0.0,0.0017141289353187344,0.0,2.938238006896938e-06
42053,2026-03-18 04:00:00,172,3,24,2026-03-19 04:00:00,196,0.0,0.0,0.0,0.0,0.0,0.0
42053,2026-03-18 05:00:00,173,3,24,2026-03-19 05:00:00,197,0.0,0.0,0.0,0.0,0.0,0.0
42053,2026-03-18 06:00:00,174,3,24,2026-03-19 06:00:00,198,0.0,0.0,0.0,0.0,0.0,0.0
42053,2026-03-18 07:00:00,175,3,24,2026-03-19 07:00:00,199,0.0,0.0,0.0,0.0,0.0,0.0
42053,2026-03-18 08:00:00,176,3,24,2026-03-19 08:00:00,200,0.0001,0.0,0.0,0.0,1e-08,1e-08
42053,2026-03-18 09:00:00,177,3,24,2026-03-19 09:00:00,201,0.0002,0.0,0.0,0.0,4e-08,4e-08
42053,2026-03-18 10:00:00,178,3,24,2026-03-19 10:00:00,202,0.0001,0.0020838417928839242,0.0020838417928839242,0.0,3.9356282591929035e-06,1e-08
42053,2026-03-18 11:00:00,179,3,24,2026-03-19 11:00:00,203,0.0,0.002677655485800882,0.002677655485800882,0.0011330198699877451,7.169838900639557e-06,1.2837340257870469e-06
42053,2026-03-18 12:00:00,180,3,24,2026-03-19 12:00:00,204,0.0,0.003793189358558711,0.003793189358558711,0.0020332431479717222,1.4388285509883046e-05,4.134077698773959e-06
42053,2026-03-18 13:00:00,181,3,24,2026-03-19 13:00:00,205,0.0,0.0033386769841057713,0.0033386769841057713,0.0020477113168911936,1.1146764004197609e-05,4.193121637324266e-06
42053,2026-03-18 14:00:00,182,3,24,2026-03-19 14:00:00,206,0.0,0.0023657023398236136,0.0023657023398236136,0.001731222294401361,5.59654756064692e-06,2.997130632632313e-06
42053,2026-03-18 15:00:00,183,3,24,2026-03-19 15:00:00,207,0.0,0.002365698036536033,0.002365698036536033,0.0017272281486561975,5.596527200070443e-06,2.9833170775103156e-06
42053,2026-03-18 16:00:00,184,3,24,2026-03-19 16:00:00,208,0.0,0.0013992745789145316,0.0013992745789145316,0.0017141289353187344,1.9579693471964397e-06,2.938238006896938e-06
42053,2026-03-18 17:00:00,185,3,24,2026-03-19 17:00:00,209,0.0,0.0017164544115867556,0.0017164544115867556,0.0,2.9462157470556356e-06,0.0
42053,2026-03-18 18:00:00,186,3,24,2026-03-19 18:00:00,210,0.0,0.0015414014336263854,0.0015414014336263854,0.0,2.3759183795854762e-06,0.0
42053,2026-03-18 19:00:00,187,3,24,2026-03-19 19:00:00,211,0.0,0.0,0.0,0.0,0.0,0.0
42053,2026-03-18 20:00:00,188,3,24,2026-03-19 20:00:00,212,0.0,0.0,0.0,0.0,0.0,0.0
42053,2026-03-18 21:00:00,189,3,24,2026-03-19 21:00:00,213,0.0,0.0,0.0,0.0,0.0,0.0
42053,2026-03-18 22:00:00,190,3,24,2026-03-19 22:00:00,214,0.0,0.0,0.0,0.0,0.0,0.0
42053,2026-03-18 23:00:00,191,3,24,2026-03-19 23:00:00,215,0.0,0.0,0.0,0.0,0.0,0.0
54007,2026-03-14 00:00:00,72,4,24,2026-03-15 00:00:00,96,0.0,0.002312212683964226,0.002312212683964226,0.0017951715169543926,5.34632749588505e-06,3.222640775284335e-06
54007,2026-03-14 01:00:00,73,4,24,2026-03-15 01:00:00,97,0.0,0.0,0.0,0.0,0.0,0.0
54007,2026-03-14 02:00:00,74,4,24,2026-03-15 02:00:00,98,0.0,0.0014006073418930214,0.0014006073418930214,0.001080758427241311,1.961700926164635e-06,1.168038778053112e-06
54007,2026-03-14 03:00:00,75,4,24,2026-03-15 03:00:00,99,0.0,0.0,0.0,0.0,0.0,0.0
54007,2026-03-14 04:00:00,76,4,24,2026-03-15 04:00:00,100,0.0,0.0,0.0,0.0,0.0,0.0
54007,2026-03-14 05:00:00,77,4,24,2026-03-15 05:00:00,101,0.0,0.0,0.0,0.0,0.0,0.0
54007,2026-03-14 06:00:00,78,4,24,2026-03-15 06:00:00,102,0.0,0.0,0.0,0.0,0.0,0.0
54007,2026-03-14 07:00:00,79,4,24,2026-03-15 07:00:00,103,0.0,0.0,0.0,0.0,0.0,0.0
54007,2026-03-14 08:00:00,80,4,24,2026-03-15 08:00:00,104,0.0,0.0014618519783442428,0.0014618519783442428,0.0015213807639766247,2.1370112065889766e-06,2.314599428998098e-06
54007,2026-03-14 09:00:00,81,4,24,2026-03-15 09:00:00,105,0.0,0.0014812265973428121,0.0014812265973428121,0.0014901506352245208,2.194032232675765e-06,2.2205489156600426e-06
54007,2026-03-14 10:00:00,82,4,24,2026-03-15 10:00:00,106,0.0,0.003962260817148203,0.003962260817148203,0.004051896624234342,1.5699510783107945e-05,1.6417866253481658e-05
54007,2026-03-14 11:00:00,83,4,24,2026-03-15 11:00:00,107,0.0,0.0031308200896674023,0.0031308200896674023,0.003136460739724436,9.802034433865e-06,9.837385971832756e-06
54007,2026-03-14 12:00:00,84,4,24,2026-03-15 12:00:00,108,0.0001,0.00254225339929511,0.00254225339929511,0.0028489228718002065,5.964601666368521e-06,7.556576955106295e-06
54007,2026-03-14 13:00:00,85,4,24,2026-03-15 13:00:00,109,0.0005,0.0017806202501642865,0.0017806202501642865,0.002410346847778122,1.6399882251308398e-06,3.6494250788158065e-06
54007,2026-03-14 14:00:00,86,4,24,2026-03-15 14:00:00,110,0.0006,0.0,0.0,0.0012135521097564636,3.5999999999999994e-07,3.764461913866076e-07
54007,2026-03-14 15:00:00,87,4,24,2026-03-15 15:00:00,111,0.0022,0.0017608698116263755,0.0017608698116263755,0.0019018159439186273,1.9283532234105509e-07,8.891373130113927e-08
54007,2026-03-14 16:00:00,88,4,24,2026-03-15 16:00:00,112,0.0078,0.0010191380394568412,0.0010191380394568412,0.0013005135863763777,4.59800889279412e-05,4.224332364087805e-05
54007,2026-03-14 17:00:00,89,4,24,2026-03-15 17:00:00,113,0.008,0.003939357705461764,0.003939357705461764,0.004025965100341182,1.6488815844192752e-05,1.5792953383706275e-05
54007,2026-03-14 18:00:00,90,4,24,2026-03-15 18:00:00,114,0.0015,0.0035390855194321813,0.0035390855194321813,0.0033808562269762505,4.1578697555580085e-06,3.5376201465553367e-06
54007,2026-03-14 19:00:00,91,4,24,2026-03-15 19:00:00,115,0.0013,0.0036504612528854364,0.0036504612528854364,0.004023414247775089,5.524668101315776e-06,7.416985164984354e-06
54007,2026-03-14 20:00:00,92,4,24,2026-03-15 20:00:00,116,0.0017,0.0031414960588797315,0.0031414960588797315,0.0032110223450486823,2.0779108877657985e-06,2.2831885272364196e-06
54007,2026-03-14 21:00:00,93,4,24,2026-03-15 21:00:00,117,0.0016,0.008881166695578188,0.008881166695578188,0.008602350921665261,5.301538844879699e-05,4.9032918430146335e-05
54007,2026-03-14 22:00:00,94,4,24,2026-03-15 22:00:00,118,0.0011,0.010305118409691462,0.010305118409691462,0.010419430617780211,8.473420493644065e-05,8.685178703961924e-05
54007,2026-03-14 23:00:00,95,4,24,2026-03-15 23:00:00,119,0.0005,0.010101745473545918,0.010101745473545918,0.009597820207627604,9.219351613875952e-05,8.277033253031717e-05
54007,2026-03-15 00:00:00,96,4,24,2026-03-16 00:00:00,120,0.0005,0.007441592973155252,0.007441592973155252,0.0074564515157462645,4.818571300495838e-05,4.8392217690928496e-05
54007,2026-03-15 01:00:00,97,4,24,2026-03-16 01:00:00,121,0.0005,0.006566639201830635,0.006566639201830635,0.006429587571039437,3.6804111205188235e-05,3.516000876262536e-05
54007,2026-03-15 02:00:00,98,4,24,2026-03-16 02:00:00,122,0.0005,0.006047288338572134,0.006047288338572134,0.006003369260327568,3.07724079112584e-05,3.0287073215518402e-05
54007,2026-03-15 03:00:00,99,4,24,2026-03-16 03:00:00,123,0.0005,0.009362404866919933,0.009362404866919933,0.008230030451243795,7.854222002520611e-05,5.975337077715634e-05
54007,2026-03-15 04:00:00,100,4,24,2026-03-16 04:00:00,124,0.0005,0.00501429724029884,0.00501429724029884,0.0038692083498513513,2.0378879573769725e-05,1.1351564904708066e-05
54007,2026-03-15 05:00:00,101,4,24,2026-03-16 05:00:00,125,0.0005,0.004390636065713158,0.004390636065713158,0.004152848408019278,1.513704899582796e-05,1.3343301491968973e-05
54007,2026-03-15 06:00:00,102,4,24,2026-03-16 06:00:00,126,0.0125,0.005127944584806616,0.005127944584806616,0.005150193765816194,5.434720104468211e-05,5.4019651680047144e-05
54007,2026-03-15 07:00:00,103,4,24,2026-03-16 07:00:00,127,0.0557,0.006228223251976994,0.006228223251976994,0.005487128598482379,0.00244745669460623,0.0025213324543853456
54007,2026-03-15 08:00:00,104,4,24,2026-03-16 08:00:00,128,0.0198,0.004790482646796627,0.004790482646796627,0.004206117582304648,0.00022528561117611323,0.0002431691688569083
54007,2026-03-15 09:00:00,105,4,24,2026-03-16 09:00:00,129,0.0102,0.004568403981948371,0.004568403981948371,0.0036146182078886503,3.171487371053497e-05,4.3367253347871694e-05
54007,2026-03-15 10:00:00,106,4,24,2026-03-16 10:00:00,130,0.0138,0.0046104398536767534,0.0046104398536767534,0.0039477805488217395,8.444801568289253e-05,9.706622811417526e-05
54007,2026-03-15 11:00:00,107,4,24,2026-03-16 11:00:00,131,0.0137,0.003517719239391296,0.003517719239391296,0.003961366660093499,0.00010367884148786218,9.484097932913847e-05
54007,2026-03-15 12:00:00,108,4,24,2026-03-16 12:00:00,132,0.0115,0.004460777441402316,0.004460777441402316,0.005091190895835229,4.955065422947052e-05,4.107283413362526e-05
54007,2026-03-15 13:00:00,109,4,24,2026-03-16 13:00:00,133,0.0083,0.008669481155223431,0.008669481155223431,0.009183816973905613,1.3651632406524109e-07,7.811324433636754e-07
54007,2026-03-15 14:00:00,110,4,24,2026-03-16 14:00:00,134,0.0121,0.007867114967219268,0.007867114967219268,0.008492504731315206,1.7917315700739136e-05,1.3014022113583172e-05
54007,2026-03-15 15:00:00,111,4,24,2026-03-16 15:00:00,135,0.015,0.008599009481413318,0.008599009481413318,0.00875224943772217,4.0972679619036585e-05,3.903438708844294e-05
54007,2026-03-15 16:00:00,112,4,24,2026-03-16 16:00:00,136,0.0086,0.0056061105963199735,0.0056061105963199735,0.005660842944893527,8.963373761467545e-06,8.638644194582153e-06
54007,2026-03-15 17:00:00,113,4,24,2026-03-16 17:00:00,137,0.0093,0.006979457368452343,0.006979457368452343,0.006414939528804019,5.3849181048301214e-06,8.32357392245757e-06
54007,2026-03-15 18:00:00,114,4,24,2026-03-16 18:00:00,138,0.0169,0.008436123374435276,0.008436123374435276,0.008776177106749527,7.163720753278087e-05,6.599649840090046e-05
54007,2026-03-15 19:00:00,115,4,24,2026-03-16 19:00:00,139,0.0253,0.01137067189382185,0.01137067189382185,0.01278679664700972,0.00019402618148956454,0.00015658025815328718
54007,2026-03-15 20:00:00,116,4,24,2026-03-16 20:00:00,140,0.0575,0.021002184321549575,0.021002184321549575,0.023145196111855955,0.0013320905492981417,0.0011802525501928374
54007,2026-03-15 21:00:00,117,4,24,2026-03-16 21:00:00,141,0.0649,0.02249306540481292,0.02249306540481292,0.025074607151038528,0.0017983481017604748,0.0015860619155741115
54007,2026-03-15 22:00:00,118,4,24,2026-03-16 22:00:00,142,0.0713,0.02336289254407708,0.02336289254407708,0.025328625985860984,0.0022979662712407007,0.0021133672287478563
54007,2026-03-15 23:00:00,119,4,24,2026-03-16 23:00:00,143,0.0778,0.02383216018327437,0.02383216018327437,0.02582816467999613,0.0029125277344837553,0.0027010716665296012
54007,2026-03-16 00:00:00,120,4,24,2026-03-17 00:00:00,144,0.0664,0.018882110732027328,0.018882110732027328,0.020331903504111206,0.0022579498004833124,0.002122269514754521
54007,2026-03-16 01:00:00,121,4,24,2026-03-17 01:00:00,145,0.069,0.017278874685095345,0.017278874685095345,0.017971557583291248,0.002675074803840072,0.0026039019354753617
54007,2026-03-16 02:00:00,122,4,24,2026-03-17 02:00:00,146,0.0702,0.01580522229891468,0.01580522229891468,0.016698440009811133,0.002958791841150489,0.002862416921383778
54007,2026-03-16 03:00:00,123,4,24,2026-03-17 03:00:00,147,0.0695,0.01645473162566462,0.01645473162566462,0.017002789675248455,0.002813800496905266,0.0027559570918812004
54007,2026-03-16 04:00:00,124,4,24,2026-03-17 04:00:00,148,0.0582,0.015731414930861366,0.015731414930861366,0.01614710104143436,0.001803580717774665,0.0017684463108193313
54007,2026-03-16 05:00:00,125,4,24,2026-03-17 05:00:00,149,0.0512,0.015301622580576818,0.015301622580576818,0.015399585558011405,0.0012886935013473526,0.001281669674218146
54007,2026-03-16 06:00:00,126,4,24,2026-03-17 06:00:00,150,0.0513,0.01455586610811291,0.01455586610811291,0.014786718571674053,0.0013501313754649255,0.0013332197206641324
54007,2026-03-16 07:00:00,127,4,24,2026-03-17 07:00:00,151,0.0576,0.027958666175181474,0.027958666175181474,0.028599530348692778,0.0008786086709143308,0.0008410272399963912
54007,2026-03-16 08:00:00,128,4,24,2026-03-17 08:00:00,152,0.0725,0.028604016515617853,0.028604016515617853,0.029430867766425714,0.00192685736606115,0.001854950151353107
54007,2026-03-16 09:00:00,129,4,24,2026-03-17 09:00:00,153,0.074,0.027368665945124195,0.027368665945124195,0.028304491019340024,0.0021744813157374195,0.002088079541001576
54007,2026-03-16 10:00:00,130,4,24,2026-03-17 10:00:00,154,0.1069,0.031240488352850686,0.031240488352850686,0.03170285534188619,0.005724361702685122,0.005654610564733294
54007,2026-03-16 11:00:00,131,4,24,2026-03-17 11:00:00,155,0.1154,0.03452010771323031,0.03452010771323031,0.0351389207341505,0.006541556976319468,0.006441840844918976
54007,2026-03-16 12:00:00,132,4,24,2026-03-17 12:00:00,156,0.1097,0.03445735033129051,0.03445735033129051,0.03504314935152156,0.00566145632916815,0.005573645348749217
54007,2026-03-16 13:00:00,133,4,24,2026-03-17 13:00:00,157,0.1099,0.0304913432816648,0.0304913432816648,0.03111823923468281,0.006305734761810401,0.006206565829283671
54007,2026-03-16 14:00:00,134,4,24,2026-03-17 14:00:00,158,0.1075,0.025079954495675922,0.025079954495675922,0.02562633843336037,0.006793063900934852,0.0067032964583286425
54007,2026-03-16 15:00:00,135,4,24,2026-03-17 15:00:00,159,0.0682,0.01982619150018974,0.01982619150018974,0.0202513894687467,0.0023400253487763146,0.002299069251877814
54007,2026-03-16 16:00:00,136,4,24,2026-03-17 16:00:00,160,0.0546,0.017897174775892834,0.017897174775892834,0.01727315926945828,0.0013470973794313577,0.0013932930389232287
54007,2026-03-16 17:00:00,137,4,24,2026-03-17 17:00:00,161,0.053,0.018044379438486875,0.018044379438486875,0.017790739901286948,0.0012218954088404788,0.001239691996698827
54007,2026-03-16 18:00:00,138,4,24,2026-03-17 18:00:00,162,0.0453,0.015092356324399194,0.015092356324399194,0.014564821480845381,0.0009125017364320652,0.0009446511986043034
54007,2026-03-16 19:00:00,139,4,24,2026-03-17 19:00:00,163,0.0344,0.002531371853453515,0.002531371853453515,0.002646613033493675,0.0010156094599428549,0.0010082775838446939
54007,2026-03-16 20:00:00,140,4,24,2026-03-17 20:00:00,164,0.0283,0.0018557356452544385,0.0018557356452544385,0.001897015108184312,0.0006992991172636667,0.0006971176111974475
54007,2026-03-16 21:00:00,141,4,24,2026-03-17 21:00:00,165,0.0261,0.0033489391995403586,0.0033489391995403586,0.0032291756759681594,0.0005176107675462113,0.0005230746052607265
54007,2026-03-16 22:00:00,142,4,24,2026-03-17 22:00:00,166,0.0199,0.0027142947315325246,0.0027142947315325246,0.0026268978548436525,0.0002953484655746308,0.0002983600577170048
54007,2026-03-16 23:00:00,143,4,24,2026-03-17 23:00:00,167,0.0181,0.0017386996991156348,0.0017386996991156348,0.0014479693968083899,0.0002676921475357189,0.00027729012320963
54007,2026-03-17 00:00:00,144,4,24,2026-03-18 00:00:00,168,0.016,0.0021895192456269073,0.0021895192456269073,0.002560727585645719,0.00019072937866690962,0.00018061404302722398
54007,2026-03-17 01:00:00,145,4,24,2026-03-18 01:00:00,169,0.0135,0.0024816263031763146,0.0024816263031763146,0.0025831767177572694,0.00012140455892285604,0.00011917703057571693
54007,2026-03-17 02:00:00,146,4,24,2026-03-18 02:00:00,170,0.0127,0.0024847349473898694,0.0024847349473898694,0.002395172988857019,0.00010435164009507783,0.000106189459729582
54007,2026-03-17 03:00:00,147,4,24,2026-03-18 03:00:00,171,0.0117,0.0031396230530103967,0.0031396230530103967,0.0029731776903860964,7.328005347455103e-05,7.615742762357496e-05
54007,2026-03-17 04:00:00,148,4,24,2026-03-18 04:00:00,172,0.0113,0.0027945166409012374,0.0027945166409012374,0.0026482878862680217,7.234324717190597e-05,7.485212249889664e-05
54007,2026-03-17 05:00:00,149,4,24,2026-03-18 05:00:00,173,0.0103,0.002396713858950032,0.002396713858950032,0.00225493465349636,6.246193182731249e-05,6.472307642951374e-05
54007,2026-03-17 06:00:00,150,4,24,2026-03-18 06:00:00,174,0.0102,0.002803910806594998,0.002803910806594998,0.0026611958038178086,5.470213535680226e-05,5.683356870837422e-05
54007,2026-03-17 07:00:00,151,4,24,2026-03-18 07:00:00,175,0.01,0.0015785748999519321,0.0015785748999519321,0.0015562014918813784,7.092040071571962e-05,7.129773324570628e-05
54007,2026-03-17 08:00:00,152,4,24,2026-03-18 08:00:00,176,0.0086,0.0014836732725058395,0.0014836732725058395,0.0013663718344540956,5.064210609244775e-05,5.2325376437379e-05
54007,2026-03-17 09:00:00,153,4,24,2026-03-18 09:00:00,177,0.0078,0.0020688468156337698,0.0020688468156337698,0.0018284855860944559,3.2846116822671176e-05,3.565898439548168e-05
54007,2026-03-17 10:00:00,154,4,24,2026-03-18 10:00:00,178,0.0079,0.001539958324469613,0.001539958324469613,0.001694703560708989,4.0450130114483384e-05,3.8505703899477705e-05
54007,2026-03-17 11:00:00,155,4,24,2026-03-18 11:00:00,179,0.0055,0.004399274462926396,0.004399274462926396,0.004414319758678105,1.2115967079659735e-06,1.1787015863967683e-06
54007,2026-03-17 12:00:00,156,4,24,2026-03-18 12:00:00,180,0.0055,0.0029924311485472303,0.0029924311485472303,0.00294241652833178,6.287901544776161e-06,6.541233214550463e-06
54007,2026-03-17 13:00:00,157,4,24,2026-03-18 13:00:00,181,0.0052,0.0026524949543495035,0.0026524949543495035,0.002559366789477705,6.4897819576147365e-06,6.972943752513282e-06
54007,2026-03-17 14:00:00,158,4,24,2026-03-18 14:00:00,182,0.0035,0.001144625928581966,0.001144625928581966,0.0010072302969766403,5.5477870163083666e-06,6.213900792311169e-06
54007,2026-03-17 15:00:00,159,4,24,2026-03-18 15:00:00,183,0.0024,0.0010348470390873557,0.0010348470390873557,0.0,1.863642606688559e-06,5.759999999999999e-06
54007,2026-03-17 16:00:00,160,4,24,2026-03-18 16:00:00,184,0.0024,0.0013428914405210744,0.0013428914405210744,0.0012971023939555822,1.1174785065236087e-06,1.2163831294185073e-06
54007,2026-03-17 17:00:00,161,4,24,2026-03-18 17:00:00,185,0.0032,0.0010669092124844,0.0010669092124844,0.0,4.5500763077839235e-06,1.024e-05
54007,2026-03-17 18:00:00,162,4,24,2026-03-18 18:00:00,186,0.0028,0.0,0.0,0.0,7.84e-06,7.84e-06
54007,2026-03-17 19:00:00,163,4,24,2026-03-18 19:00:00,187,0.002,0.0,0.0,0.0,4e-06,4e-06
54007,2026-03-17 20:00:00,164,4,24,2026-03-18 20:00:00,188,0.0007,0.0,0.0,0.0,4.9e-07,4.9e-07
54007,2026-03-17 21:00:00,165,4,24,2026-03-18 21:00:00,189,0.0005,0.0,0.0,0.0011661989843261074,2.5e-07,4.438210867171371e-07
54007,2026-03-17 22:00:00,166,4,24,2026-03-18 22:00:00,190,0.0005,0.0,0.0,0.001114021639102423,2.5e-07,3.770225732860263e-07
54007,2026-03-17 23:00:00,167,4,24,2026-03-18 23:00:00,191,0.0003,0.0,0.0,0.0,8.999999999999999e-08,8.999999999999999e-08
54007,2026-03-18 00:00:00,168,4,24,2026-03-19 00:00:00,192,0.0001,0.0,0.0,0.0,1e-08,1e-08
54007,2026-03-18 01:00:00,169,4,24,2026-03-19 01:00:00,193,0.0003,0.0,0.0,0.0,8.999999999999999e-08,8.999999999999999e-08
54007,2026-03-18 02:00:00,170,4,24,2026-03-19 02:00:00,194,0.0015,0.0,0.0,0.0,2.25e-06,2.25e-06
54007,2026-03-18 03:00:00,171,4,24,2026-03-19 03:00:00,195,0.0015,0.0,0.0,0.0,2.25e-06,2.25e-06
54007,2026-03-18 04:00:00,172,4,24,2026-03-19 04:00:00,196,0.0001,0.0,0.0,0.0,1e-08,1e-08
54007,2026-03-18 05:00:00,173,4,24,2026-03-19 05:00:00,197,0.0001,0.0,0.0,0.0,1e-08,1e-08
54007,2026-03-18 06:00:00,174,4,24,2026-03-19 06:00:00,198,0.0002,0.0,0.0,0.0010102697370151957,4e-08,6.565370467226744e-07
54007,2026-03-18 07:00:00,175,4,24,2026-03-19 07:00:00,199,0.0003,0.0,0.0,0.0,8.999999999999999e-08,8.999999999999999e-08
54007,2026-03-18 08:00:00,176,4,24,2026-03-19 08:00:00,200,0.0005,0.0,0.0,0.0,2.5e-07,2.5e-07
54007,2026-03-18 09:00:00,177,4,24,2026-03-19 09:00:00,201,0.0004,0.0,0.0,0.0,1.6e-07,1.6e-07
54007,2026-03-18 10:00:00,178,4,24,2026-03-19 10:00:00,202,0.0009,0.001299371148416347,0.001299371148416347,0.0017682972356655112,1.5949731418739192e-07,7.539400894643684e-07
54007,2026-03-18 11:00:00,179,4,24,2026-03-19 11:00:00,203,0.0036,0.0017470378641940211,0.0017470378641940211,0.002059946521786419,3.4334686767306546e-06,2.371764715757748e-06
54007,2026-03-18 12:00:00,180,4,24,2026-03-19 12:00:00,204,0.004,0.0019162625316815618,0.0019162625316815618,0.0021455469778467137,4.341961836874135e-06,3.4389960113734573e-06
54007,2026-03-18 13:00:00,181,4,24,2026-03-19 13:00:00,205,0.0041,0.001423599158636702,0.001423599158636702,0.0016488292415947554,7.163121463650171e-06,6.008238086860943e-06
54007,2026-03-18 14:00:00,182,4,24,2026-03-19 14:00:00,206,0.0046,0.0,0.0,0.0,2.116e-05,2.116e-05
54007,2026-03-18 15:00:00,183,4,24,2026-03-19 15:00:00,207,0.0048,0.0011928962121111276,0.0011928962121111276,0.001578907281151144,1.3011197736602247e-05,1.0375438303421111e-05
54007,2026-03-18 16:00:00,184,4,24,2026-03-19 16:00:00,208,0.0049,0.0,0.0,0.0,2.401e-05,2.401e-05
54007,2026-03-18 17:00:00,185,4,24,2026-03-19 17:00:00,209,0.0023,0.0011537295215288995,0.0011537295215288995,0.0015568018547025728,1.3139360098143655e-06,5.523434831735356e-07
54007,2026-03-18 18:00:00,186,4,24,2026-03-19 18:00:00,210,0.0014,0.0,0.0,0.0,1.96e-06,1.96e-06
54007,2026-03-18 19:00:00,187,4,24,2026-03-19 19:00:00,211,0.0012,0.001060609809289507,0.001060609809289507,0.0011505016719436801,1.9429625266307564e-08,2.4500844803710534e-09
54007,2026-03-18 20:00:00,188,4,24,2026-03-19 20:00:00,212,0.001,0.0,0.0,0.0010072740675125735,1e-06,5.291205817747692e-11
54007,2026-03-18 21:00:00,189,4,24,2026-03-19 21:00:00,213,0.0009,0.0,0.0,0.0,8.1e-07,8.1e-07
54007,2026-03-18 22:00:00,190,4,24,2026-03-19 22:00:00,214,0.0006,0.0010181621854158257,0.0010181621854158257,0.0010355913057627903,1.7485961331173943e-07,1.897397856561327e-07
54007,2026-03-18 23:00:00,191,4,24,2026-03-19 23:00:00,215,0.0005,0.0,0.0,0.0,2.5e-07,2.5e-07
54013,2026-03-14 00:00:00,72,2,24,2026-03-15 00:00:00,96,0.0,0.0,0.0,0.0,0.0,0.0
54013,2026-03-14 01:00:00,73,2,24,2026-03-15 01:00:00,97,0.0,0.0,0.0,0.0,0.0,0.0
54013,2026-03-14 02:00:00,74,2,24,2026-03-15 02:00:00,98,0.0,0.0,0.0,0.0,0.0,0.0
54013,2026-03-14 03:00:00,75,2,24,2026-03-15 03:00:00,99,0.0,0.0,0.0,0.0,0.0,0.0
54013,2026-03-14 04:00:00,76,2,24,2026-03-15 04:00:00,100,0.0,0.0,0.0,0.0,0.0,0.0
54013,2026-03-14 05:00:00,77,2,24,2026-03-15 05:00:00,101,0.0,0.0,0.0,0.0,0.0,0.0
54013,2026-03-14 06:00:00,78,2,24,2026-03-15 06:00:00,102,0.0,0.0,0.0,0.0,0.0,0.0
54013,2026-03-14 07:00:00,79,2,24,2026-03-15 07:00:00,103,0.0,0.0,0.0,0.0,0.0,0.0
54013,2026-03-14 08:00:00,80,2,24,2026-03-15 08:00:00,104,0.0,0.0,0.0,0.0,0.0,0.0
54013,2026-03-14 09:00:00,81,2,24,2026-03-15 09:00:00,105,0.0,0.0,0.0,0.0,0.0,0.0
54013,2026-03-14 10:00:00,82,2,24,2026-03-15 10:00:00,106,0.0,0.0012011936387892948,0.0012011936387892948,0.0010880891179348273,1.442866157867867e-06,1.1839379285681905e-06
54013,2026-03-14 11:00:00,83,2,24,2026-03-15 11:00:00,107,0.0,0.001387399296369788,0.001387399296369788,0.0013152181126276483,1.9248768075673827e-06,1.7297986837838332e-06
54013,2026-03-14 12:00:00,84,2,24,2026-03-15 12:00:00,108,0.0,0.0034996705319471464,0.0034996705319471464,0.0033656913706125065,1.2247693832179222e-05,1.1327878402215493e-05
54013,2026-03-14 13:00:00,85,2,24,2026-03-15 13:00:00,109,0.0,0.0019046687918002482,0.0019046687918002482,0.0019309256295042337,3.627763206457817e-06,3.728473786676321e-06
54013,2026-03-14 14:00:00,86,2,24,2026-03-15 14:00:00,110,0.0,0.0014038673722920924,0.0014038673722920924,0.0013736064527099941,1.9708435989863044e-06,1.8867946869265334e-06
54013,2026-03-14 15:00:00,87,2,24,2026-03-15 15:00:00,111,0.0003,0.0024004083898386446,0.0024004083898386446,0.0028220982633443124,4.411715404104568e-06,6.360979649964397e-06
54013,2026-03-14 16:00:00,88,2,24,2026-03-15 16:00:00,112,0.0015,0.0023745972016611105,0.0023745972016611105,0.00292831927752724,7.649202651534452e-07,2.0400959585559362e-06
54013,2026-03-14 17:00:00,89,2,24,2026-03-15 17:00:00,113,0.0022,0.0020554910091236988,0.0020554910091236988,0.0022423959796439605,2.0882848444086954e-08,1.7974190899710986e-09
54013,2026-03-14 18:00:00,90,2,24,2026-03-15 18:00:00,114,0.0029,0.0020640071649343553,0.0020640071649343553,0.0024686804648854873,6.988840202810939e-07,1.8603654137139916e-07
54013,2026-03-14 19:00:00,91,2,24,2026-03-15 19:00:00,115,0.003,0.0012854925278484993,0.0012854925278484993,0.0015639171159952073,2.939535872063329e-06,2.062334049731523e-06
54013,2026-03-14 20:00:00,92,2,24,2026-03-15 20:00:00,116,0.0013,0.0032648040125066234,0.0032648040125066234,0.0035247009174954793,3.860454807562128e-06,4.949294172305227e-06
54013,2026-03-14 21:00:00,93,2,24,2026-03-15 21:00:00,117,0.0006,0.002084806471011144,0.002084806471011144,0.0021461675208497553,2.2046502563565676e-06,2.3906340025306788e-06
54013,2026-03-14 22:00:00,94,2,24,2026-03-15 22:00:00,118,0.0006,0.0018496657296769663,0.0018496657296769663,0.001972018135778005,1.561664435929065e-06,1.8824337649037527e-06
54013,2026-03-14 23:00:00,95,2,24,2026-03-15 23:00:00,119,0.0005,0.0012161007093222185,0.0012161007093222185,0.0017740823200231028,5.128002258917844e-07,1.6232857581954522e-06
54013,2026-03-15 00:00:00,96,2,24,2026-03-16 00:00:00,120,0.0003,0.0,0.0,0.00106630902195499,8.999999999999999e-08,5.872295171296135e-07
54013,2026-03-15 01:00:00,97,2,24,2026-03-16 01:00:00,121,0.0001,0.0024513329384194286,0.0024513329384194286,0.00263566146747295,5.528766587296145e-06,6.429579077627076e-06
54013,2026-03-15 02:00:00,98,2,24,2026-03-16 02:00:00,122,0.0,0.0038820086546953575,0.0038820086546953575,0.003988403730492203,1.506999119512966e-05,1.590736431740412e-05
54013,2026-03-15 03:00:00,99,2,24,2026-03-16 03:00:00,123,0.0,0.001735464323706991,0.001735464323706991,0.001659691101426175,3.0118364188597637e-06,2.75457455215323e-06
54013,2026-03-15 04:00:00,100,2,24,2026-03-16 04:00:00,124,0.0,0.003802939397527825,0.003802939397527825,0.003750717067758358,1.4462348061269295e-05,1.4067878522373856e-05
54013,2026-03-15 05:00:00,101,2,24,2026-03-16 05:00:00,125,0.0001,0.004988322878706803,0.004988322878706803,0.004174154813799187,2.3895700566488366e-05,1.659873744680309e-05
54013,2026-03-15 06:00:00,102,2,24,2026-03-16 06:00:00,126,0.0013,0.007886618426960111,0.007886618426960111,0.006902229094061415,4.338354230237049e-05,3.138497082234818e-05
54013,2026-03-15 07:00:00,103,2,24,2026-03-16 07:00:00,127,0.0048,0.014236603006185237,0.014236603006185237,0.015795314151116575,8.904947629634428e-05,0.00012089693328174445
54013,2026-03-15 08:00:00,104,2,24,2026-03-16 08:00:00,128,0.0073,0.014578160234988521,0.014578160234988521,0.015725559644724933,5.297161640616817e-05,7.099005532681733e-05
54013,2026-03-15 09:00:00,105,2,24,2026-03-16 09:00:00,129,0.0012,0.009287085103120506,0.009287085103120506,0.00886097651305266,6.54009454651136e-05,5.8690561133544505e-05
54013,2026-03-15 10:00:00,106,2,24,2026-03-16 10:00:00,130,0.0014,0.012337788277171196,0.012337788277171196,0.010776545694437489,0.00011963521239622364,8.79196091598742e-05
54013,2026-03-15 11:00:00,107,2,24,2026-03-16 11:00:00,131,0.0059,0.004777275377874918,0.004777275377874918,0.003912955488194393,1.2605105771259076e-06,3.948345891896782e-06
54013,2026-03-15 12:00:00,108,2,24,2026-03-16 12:00:00,132,0.0074,0.003872255679458346,0.003872255679458346,0.0027671336042111344,1.2444979991113897e-05,2.146345104122972e-05
54013,2026-03-15 13:00:00,109,2,24,2026-03-16 13:00:00,133,0.0061,0.004509857433662357,0.004509857433662357,0.0031055036636551204,2.528553381278867e-06,8.96700830838291e-06
54013,2026-03-15 14:00:00,110,2,24,2026-03-16 14:00:00,134,0.0053,0.0033207041258530114,0.0033207041258530114,0.002355055736702476,3.917612157415291e-06,8.672696713928997e-06
54013,2026-03-15 15:00:00,111,2,24,2026-03-16 15:00:00,135,0.0023,0.005383183389919712,0.005383183389919712,0.004116620994097329,9.506019815876806e-06,3.3001118361951692e-06
54013,2026-03-15 16:00:00,112,2,24,2026-03-16 16:00:00,136,0.0024,0.004279250470639704,0.004279250470639704,0.003075044726743966,3.531582331399551e-06,4.556853831048361e-07
54013,2026-03-15 17:00:00,113,2,24,2026-03-16 17:00:00,137,0.0122,0.008621770426941414,0.008621770426941414,0.006947950684291944,1.280372687751104e-05,2.7584022014629468e-05
54013,2026-03-15 18:00:00,114,2,24,2026-03-16 18:00:00,138,0.055,0.010562209756826308,0.010562209756826308,0.009861189662295928,0.0019747172016963033,0.00203751219870322
54013,2026-03-15 19:00:00,115,2,24,2026-03-16 19:00:00,139,0.1019,0.019291716027970543,0.019291716027970543,0.020033934820331594,0.00682412858080346,0.006702052628001716
54013,2026-03-15 20:00:00,116,2,24,2026-03-16 20:00:00,140,0.1795,0.03442936686160306,0.03442936686160306,0.03603965839227061,0.021045488599175353,0.02058086961420641
54013,2026-03-15 21:00:00,117,2,24,2026-03-16 21:00:00,141,0.191,0.04148097147478212,0.04148097147478212,0.044318229766041106,0.022355939891124915,0.02151554171896791
54013,2026-03-15 22:00:00,118,2,24,2026-03-16 22:00:00,142,0.182,0.04219470578179608,0.04219470578179608,0.044645280981651034,0.019545520291438565,0.01886631883660959
54013,2026-03-15 23:00:00,119,2,24,2026-03-16 23:00:00,143,0.157,0.04652883062410536,0.04652883062410536,0.04960256236378494,0.012203879263277602,0.011534209610824703
54013,2026-03-16 00:00:00,120,2,24,2026-03-17 00:00:00,144,0.163,0.053281977440885614,0.053281977440885614,0.05513449528880051,0.012038044474282335,0.0116349671066018
54013,2026-03-16 01:00:00,121,2,24,2026-03-17 01:00:00,145,0.1696,0.05203471520860061,0.05203471520860061,0.05370706998076125,0.013821596188082843,0.013431171228444172
54013,2026-03-16 02:00:00,122,2,24,2026-03-17 02:00:00,146,0.1549,0.05085364694370863,0.05085364694370863,0.0513008069453257,0.010825643584314435,0.010732792801579679
54013,2026-03-16 03:00:00,123,2,24,2026-03-17 03:00:00,147,0.1505,0.04851868971068248,0.04851868971068248,0.04859864980217427,0.010400187648326056,0.010383885172139918
54013,2026-03-16 04:00:00,124,2,24,2026-03-17 04:00:00,148,0.1467,0.050104877659519625,0.050104877659519625,0.0500879048280113,0.00933061765997237,0.009333896933521402
54013,2026-03-16 05:00:00,125,2,24,2026-03-17 05:00:00,149,0.1457,0.049626138396822006,0.049626138396822006,0.04857348471240328,0.009230186883346599,0.009433559971911759
54013,2026-03-16 06:00:00,126,2,24,2026-03-17 06:00:00,150,0.1448,0.05022071043189129,0.05022071043189129,0.049732298119268256,0.00894524201520816,0.009037867940883688
54013,2026-03-16 07:00:00,127,2,24,2026-03-17 07:00:00,151,0.1439,0.05265065793893203,0.05265065793893203,0.05224656128796238,0.008326442426577787,0.008400352827741238
54013,2026-03-16 08:00:00,128,2,24,2026-03-17 08:00:00,152,0.1441,0.0523653472185919,0.0523653472185919,0.0526455463007427,0.008415246520925505,0.0083639171014296
54013,2026-03-16 09:00:00,129,2,24,2026-03-17 09:00:00,153,0.1429,0.052362857441658014,0.052362857441658014,0.05353180843398741,0.00819697418262954,0.007986673663779522
54013,2026-03-16 10:00:00,130,2,24,2026-03-17 10:00:00,154,0.1297,0.0534218980244897,0.0534218980244897,0.05629606997465441,0.00581834884098635,0.005388136943165832
54013,2026-03-16 11:00:00,131,2,24,2026-03-17 11:00:00,155,0.1546,0.05352968888558602,0.05352968888558602,0.056090981879511025,0.010215207788764433,0.009704026651062821
54013,2026-03-16 12:00:00,132,2,24,2026-03-17 12:00:00,156,0.1752,0.04895052835076859,0.04895052835076859,0.051068357350256666,0.01593892909171008,0.015408664706923578
54013,2026-03-16 13:00:00,133,2,24,2026-03-17 13:00:00,157,0.1278,0.04670814584157727,0.04670814584157727,0.04890605753234281,0.0065758888108509005,0.006224254158090002
54013,2026-03-16 14:00:00,134,2,24,2026-03-17 14:00:00,158,0.0981,0.043389646494275506,0.043389646494275506,0.044284860675713474,0.002993222780721341,0.0028960692204923707
54013,2026-03-16 15:00:00,135,2,24,2026-03-17 15:00:00,159,0.0852,0.035757086086221676,0.035757086086221676,0.03587314741683403,0.002444601736285294,0.0024331383857613873
54013,2026-03-16 16:00:00,136,2,24,2026-03-17 16:00:00,160,0.0866,0.02777103963902169,0.02777103963902169,0.027648091981667292,0.0034608465771535563,0.00347532745900196
54013,2026-03-16 17:00:00,137,2,24,2026-03-17 17:00:00,161,0.083,0.028077080310681877,0.028077080310681877,0.027852034573255902,0.003016527107199289,0.003041298090709363
54013,2026-03-16 18:00:00,138,2,24,2026-03-17 18:00:00,162,0.0683,0.01618857797536113,0.01618857797536113,0.01685312505172151,0.0027156003054300167,0.0026467809419438047
54013,2026-03-16 19:00:00,139,2,24,2026-03-17 19:00:00,163,0.0604,0.013758574408242559,0.013758574408242559,0.014257057324786415,0.002175422581231446,0.002129171158728047
54013,2026-03-16 20:00:00,140,2,24,2026-03-17 20:00:00,164,0.0526,0.0134555776325109,0.0134555776325109,0.014044706299405756,0.001532285802484381,0.0014865106723390823
54013,2026-03-16 21:00:00,141,2,24,2026-03-17 21:00:00,165,0.0519,0.009449004546028393,0.009449004546028393,0.009638090632459979,0.0018020870150331182,0.0017860689833901675
54013,2026-03-16 22:00:00,142,2,24,2026-03-17 22:00:00,166,0.0509,0.005632869046905064,0.005632869046905064,0.005521421605712782,0.002049113144724646,0.0020592153770864706
54013,2026-03-16 23:00:00,143,2,24,2026-03-17 23:00:00,167,0.0492,0.0057105429008698,0.0057105429008698,0.005999616429817544,0.0018913328787770862,0.0018662731406108904
54013,2026-03-17 00:00:00,144,2,24,2026-03-18 00:00:00,168,0.0473,0.005569226919625421,0.005569226919625421,0.005870747297092612,0.0017414574218857157,0.0017163829795213594
54013,2026-03-17 01:00:00,145,2,24,2026-03-18 01:00:00,169,0.0334,0.003025285940147316,0.003025285940147316,0.0029564173243705944,0.0009226232542178122,0.0009268117261278828
54013,2026-03-17 02:00:00,146,2,24,2026-03-18 02:00:00,170,0.0322,0.0024762637068409935,0.0024762637068409935,0.002334406299066229,0.0008835004992252578,0.000891953687109255
54013,2026-03-17 03:00:00,147,2,24,2026-03-18 03:00:00,171,0.0332,0.00260495801454288,0.00260495801454288,0.002513948775567096,0.0009360565940918841,0.0009416337397485202
54013,2026-03-17 04:00:00,148,2,24,2026-03-18 04:00:00,172,0.0371,0.0028965977468932386,0.0028965977468932386,0.0027948259079726796,0.001169872725687829,0.0011768449694843028
54013,2026-03-17 05:00:00,149,2,24,2026-03-18 05:00:00,173,0.0364,0.0024972640897714003,0.0024972640897714003,0.002349277307816452,0.0011493955021987042,0.0011594517158599838
54013,2026-03-17 06:00:00,150,2,24,2026-03-18 06:00:00,174,0.036,0.0022423570133233203,0.0022423570133233203,0.0021263960749621762,0.001139578460015921,0.0011474210428703375
54013,2026-03-17 07:00:00,151,2,24,2026-03-18 07:00:00,175,0.0424,0.0023811066862644554,0.0023811066862644554,0.002307818323699104,0.0016015118220561475,0.0016073830315655173
54013,2026-03-17 08:00:00,152,2,24,2026-03-18 08:00:00,176,0.0402,0.0023162615946200104,0.0023162615946200104,0.002258081305731126,0.0014351776355672626,0.00143958919420251
54013,2026-03-17 09:00:00,153,2,24,2026-03-18 09:00:00,177,0.0386,0.0024658705211751146,0.0024658705211751146,0.0024393896975804033,0.001305675313192482,0.0013075897374434545
54013,2026-03-17 10:00:00,154,2,24,2026-03-18 10:00:00,178,0.0255,0.002612152524344337,0.002612152524344337,0.0024727285508900675,0.0005238535620688771,0.0005302552303909934
54013,2026-03-17 11:00:00,155,2,24,2026-03-18 11:00:00,179,0.0211,0.0027251945136303486,0.0027251945136303486,0.0027467470310505735,0.00033763347666192033,0.000336841894542251
54013,2026-03-17 12:00:00,156,2,24,2026-03-18 12:00:00,180,0.0162,0.0021298571045040224,0.0021298571045040224,0.0020300163351314425,0.00019796892109967592,0.00020078843706264172
54013,2026-03-17 13:00:00,157,2,24,2026-03-18 13:00:00,181,0.0134,0.0020663003144448786,0.0020663003144448786,0.001996013025212241,0.00012845274856235228,0.00013005091892112885
54013,2026-03-17 14:00:00,158,2,24,2026-03-18 14:00:00,182,0.0095,0.002165119252026122,0.002165119252026122,0.0020796957042615942,5.380047558699783e-05,5.506091584135383e-05
54013,2026-03-17 15:00:00,159,2,24,2026-03-18 15:00:00,183,0.0053,0.0015156513134181725,0.0015156513134181725,0.0014183452489731577,1.4321294981633604e-05,1.5067243606169257e-05
54013,2026-03-17 16:00:00,160,2,24,2026-03-18 16:00:00,184,0.0039,0.0013415796692114507,0.0013415796692114507,0.0012253911701891015,6.545514588992188e-06,7.153532392502422e-06
54013,2026-03-17 17:00:00,161,2,24,2026-03-18 17:00:00,185,0.0025,0.0013494214184280738,0.0013494214184280738,0.0012071032472884403,1.3238310723720658e-06,1.671582013172096e-06
54013,2026-03-17 18:00:00,162,2,24,2026-03-18 18:00:00,186,0.0016,0.0013398083912548322,0.0013398083912548322,0.00122061014387008,6.769967326139852e-08,1.4393666293428151e-07
54013,2026-03-17 19:00:00,163,2,24,2026-03-18 19:00:00,187,0.0007,0.0011461015003752118,0.0011461015003752118,0.0010830532550721913,1.990065486370151e-07,1.4672979622140125e-07
54013,2026-03-17 20:00:00,164,2,24,2026-03-18 20:00:00,188,0.0005,0.0,0.0,0.0,2.5e-07,2.5e-07
54013,2026-03-17 21:00:00,165,2,24,2026-03-18 21:00:00,189,0.0004,0.0,0.0,0.0,1.6e-07,1.6e-07
54013,2026-03-17 22:00:00,166,2,24,2026-03-18 22:00:00,190,0.0001,0.0,0.0,0.0,1e-08,1e-08
54013,2026-03-17 23:00:00,167,2,24,2026-03-18 23:00:00,191,0.0001,0.0,0.0,0.0,1e-08,1e-08
54013,2026-03-18 00:00:00,168,2,24,2026-03-19 00:00:00,192,0.0,0.0,0.0,0.0,0.0,0.0
54013,2026-03-18 01:00:00,169,2,24,2026-03-19 01:00:00,193,0.0,0.0,0.0,0.0,0.0,0.0
54013,2026-03-18 02:00:00,170,2,24,2026-03-19 02:00:00,194,0.0,0.0,0.0,0.0,0.0,0.0
54013,2026-03-18 03:00:00,171,2,24,2026-03-19 03:00:00,195,0.0,0.0010389608389138176,0.0010389608389138176,0.0,1.0794396247965036e-06,0.0
54013,2026-03-18 04:00:00,172,2,24,2026-03-19 04:00:00,196,0.0,0.0010163626985591869,0.0010163626985591869,0.0,1.0329931350225125e-06,0.0
54013,2026-03-18 05:00:00,173,2,24,2026-03-19 05:00:00,197,0.0,0.0,0.0,0.0,0.0,0.0
54013,2026-03-18 06:00:00,174,2,24,2026-03-19 06:00:00,198,0.0002,0.0,0.0,0.0,4e-08,4e-08
54013,2026-03-18 07:00:00,175,2,24,2026-03-19 07:00:00,199,0.0003,0.0,0.0,0.0,8.999999999999999e-08,8.999999999999999e-08
54013,2026-03-18 08:00:00,176,2,24,2026-03-19 08:00:00,200,0.0003,0.0,0.0,0.0,8.999999999999999e-08,8.999999999999999e-08
54013,2026-03-18 09:00:00,177,2,24,2026-03-19 09:00:00,201,0.0004,0.0,0.0,0.0,1.6e-07,1.6e-07
54013,2026-03-18 10:00:00,178,2,24,2026-03-19 10:00:00,202,0.0005,0.0010975662643019168,0.0010975662643019168,0.0010131187946128713,3.570854402317483e-07,2.63290897384966e-07
54013,2026-03-18 11:00:00,179,2,24,2026-03-19 11:00:00,203,0.0003,0.0010516657225078468,0.0010516657225078468,0.0010020410443360682,5.650013583932435e-07,4.928616279324774e-07
54013,2026-03-18 12:00:00,180,2,24,2026-03-19 12:00:00,204,0.0002,0.0,0.0,0.0,4e-08,4e-08
54013,2026-03-18 13:00:00,181,2,24,2026-03-19 13:00:00,205,0.0002,0.0,0.0,0.0,4e-08,4e-08
54013,2026-03-18 14:00:00,182,2,24,2026-03-19 14:00:00,206,0.0002,0.0,0.0,0.0,4e-08,4e-08
54013,2026-03-18 15:00:00,183,2,24,2026-03-19 15:00:00,207,0.0002,0.0,0.0,0.0,4e-08,4e-08
54013,2026-03-18 16:00:00,184,2,24,2026-03-19 16:00:00,208,0.0002,0.0,0.0,0.0,4e-08,4e-08
54013,2026-03-18 17:00:00,185,2,24,2026-03-19 17:00:00,209,0.0003,0.0,0.0,0.0,8.999999999999999e-08,8.999999999999999e-08
54013,2026-03-18 18:00:00,186,2,24,2026-03-19 18:00:00,210,0.0002,0.0,0.0,0.0,4e-08,4e-08
54013,2026-03-18 19:00:00,187,2,24,2026-03-19 19:00:00,211,0.0002,0.0,0.0,0.0,4e-08,4e-08
54013,2026-03-18 20:00:00,188,2,24,2026-03-19 20:00:00,212,0.0002,0.0,0.0,0.0,4e-08,4e-08
54013,2026-03-18 21:00:00,189,2,24,2026-03-19 21:00:00,213,0.0002,0.0,0.0,0.0,4e-08,4e-08
54013,2026-03-18 22:00:00,190,2,24,2026-03-19 22:00:00,214,0.0002,0.0,0.0,0.0,4e-08,4e-08
54013,2026-03-18 23:00:00,191,2,24,2026-03-19 23:00:00,215,0.0002,0.0,0.0,0.0,4e-08,4e-08
54015,2026-03-14 00:00:00,72,2,24,2026-03-15 00:00:00,96,0.0,0.0,0.0,0.0,0.0,0.0
54015,2026-03-14 01:00:00,73,2,24,2026-03-15 01:00:00,97,0.0,0.0,0.0,0.0,0.0,0.0
54015,2026-03-14 02:00:00,74,2,24,2026-03-15 02:00:00,98,0.0,0.0,0.0,0.0,0.0,0.0
54015,2026-03-14 03:00:00,75,2,24,2026-03-15 03:00:00,99,0.0,0.0,0.0,0.0,0.0,0.0
54015,2026-03-14 04:00:00,76,2,24,2026-03-15 04:00:00,100,0.0,0.0,0.0,0.0,0.0,0.0
54015,2026-03-14 05:00:00,77,2,24,2026-03-15 05:00:00,101,0.0,0.0,0.0,0.0,0.0,0.0
54015,2026-03-14 06:00:00,78,2,24,2026-03-15 06:00:00,102,0.0,0.0,0.0,0.0,0.0,0.0
54015,2026-03-14 07:00:00,79,2,24,2026-03-15 07:00:00,103,0.0,0.0,0.0,0.0,0.0,0.0
54015,2026-03-14 08:00:00,80,2,24,2026-03-15 08:00:00,104,0.0,0.0,0.0,0.0,0.0,0.0
54015,2026-03-14 09:00:00,81,2,24,2026-03-15 09:00:00,105,0.0,0.0,0.0,0.0,0.0,0.0
54015,2026-03-14 10:00:00,82,2,24,2026-03-15 10:00:00,106,0.0,0.00124857850872564,0.00124857850872564,0.0,1.558948292451543e-06,0.0
54015,2026-03-14 11:00:00,83,2,24,2026-03-15 11:00:00,107,0.0002,0.0011338047378890402,0.0011338047378890402,0.0,8.719912885040191e-07,4e-08
54015,2026-03-14 12:00:00,84,2,24,2026-03-15 12:00:00,108,0.0008,0.0017710909387209529,0.0017710909387209529,0.0010906514973900514,9.430176112659414e-07,8.447829293507906e-08
54015,2026-03-14 13:00:00,85,2,24,2026-03-15 13:00:00,109,0.0018,0.0024208285533675166,0.0024208285533675166,0.0018425447134769294,3.854280926764035e-07,1.8100526448340259e-09
54015,2026-03-14 14:00:00,86,2,24,2026-03-15 14:00:00,110,0.0037,0.002313483701489803,0.002313483701489803,0.001976722612921373,1.9224274460344177e-06,2.96968495281654e-06
54015,2026-03-14 15:00:00,87,2,24,2026-03-15 15:00:00,111,0.0067,0.0028156301021274375,0.0028156301021274375,0.002332059856590231,1.5088329503498503e-05,1.9078901096410554e-05
54015,2026-03-14 16:00:00,88,2,24,2026-03-15 16:00:00,112,0.0087,0.0050705921789519475,0.0050705921789519475,0.004440591852641946,1.3172601131484768e-05,1.8142557765780167e-05
54015,2026-03-14 17:00:00,89,2,24,2026-03-15 17:00:00,113,0.0215,0.0034766107325312993,0.0034766107325312993,0.003167967379544351,0.00032484256068670593,0.0003360634199974499
54015,2026-03-14 18:00:00,90,2,24,2026-03-15 18:00:00,114,0.0227,0.005758853259887621,0.005758853259887621,0.005397796628176916,0.00028700245287002025,0.00029936624151992615
54015,2026-03-14 19:00:00,91,2,24,2026-03-15 19:00:00,115,0.013,0.004913576126026895,0.004913576126026895,0.004660785979457559,6.539025106956219e-05,6.954249048041161e-05
54015,2026-03-14 20:00:00,92,2,24,2026-03-15 20:00:00,116,0.0135,0.006089598412748582,0.006089598412748582,0.005499033028869524,5.491405168433834e-05,6.401547247312078e-05
54015,2026-03-14 21:00:00,93,2,24,2026-03-15 21:00:00,117,0.0129,0.004725463532595764,0.004725463532595764,0.0039112806133285395,6.682304645692173e-05,8.079707621232338e-05
54015,2026-03-14 22:00:00,94,2,24,2026-03-15 22:00:00,118,0.0129,0.00900524915597691,0.00900524915597691,0.00776344355818861,1.5169084137018572e-05,2.638421207991409e-05
54015,2026-03-14 23:00:00,95,2,24,2026-03-15 23:00:00,119,0.0062,0.010302235020140074,0.010302235020140074,0.01069796401321477,1.682833216046363e-05,2.0231680264175126e-05
54015,2026-03-15 00:00:00,96,2,24,2026-03-16 00:00:00,120,0.0048,0.01768040948651046,0.01768040948651046,0.017757505794688485,0.00016590494854018873,0.0001678969564193857
54015,2026-03-15 01:00:00,97,2,24,2026-03-16 01:00:00,121,0.0044,0.015836203363269314,0.015836203363269314,0.016424512468355117,0.00013078674736605235,0.00014458890010162764
54015,2026-03-15 02:00:00,98,2,24,2026-03-16 02:00:00,122,0.0037,0.014220939445762743,0.014220939445762743,0.013385025369107312,0.00011069016682140645,9.379971640025223e-05
54015,2026-03-15 03:00:00,99,2,24,2026-03-16 03:00:00,123,0.0031,0.012912989313912455,0.012912989313912455,0.012150358554129076,9.629475927496003e-05,8.190898995829733e-05
54015,2026-03-15 04:00:00,100,2,24,2026-03-16 04:00:00,124,0.0025,0.010260934977462503,0.010260934977462503,0.009746241913772938,6.023211172440089e-05,5.2508021872919694e-05
54015,2026-03-15 05:00:00,101,2,24,2026-03-16 05:00:00,125,0.0027,0.012914795710599069,0.012914795710599069,0.013642080109540468,0.00010434205140927312,0.00011972911712360112
54015,2026-03-15 06:00:00,102,2,24,2026-03-16 06:00:00,126,0.0036,0.01714351849190678,0.01714351849190678,0.01828015750177531,0.0001834268931406209,0.00021550702427692995
54015,2026-03-15 07:00:00,103,2,24,2026-03-16 07:00:00,127,0.0037,0.0218315947996884,0.0218315947996884,0.02256460119310165,0.0003287547299800874,0.0003558731781747721
54015,2026-03-15 08:00:00,104,2,24,2026-03-16 08:00:00,128,0.0036,0.02079265481910943,0.02079265481910943,0.02072326706867971,0.00029558737972904675,0.0002932062751053311
54015,2026-03-15 09:00:00,105,2,24,2026-03-16 09:00:00,129,0.0042,0.02011309628963832,0.02011309628963832,0.020456753766958654,0.00025322663352330094,0.00026428204303952443
54015,2026-03-15 10:00:00,106,2,24,2026-03-16 10:00:00,130,0.0194,0.01758287669085023,0.01758287669085023,0.017709258266778,3.301937120655418e-06,2.8586076084585312e-06
54015,2026-03-15 11:00:00,107,2,24,2026-03-16 11:00:00,131,0.08,0.014229915187795308,0.014229915187795308,0.014271368900321517,0.004325704056204599,0.004320252946237621
54015,2026-03-15 12:00:00,108,2,24,2026-03-16 12:00:00,132,0.1106,0.010484328479845553,0.010484328479845553,0.0100810772726669,0.010023147683931465,0.010104053826263565
54015,2026-03-15 13:00:00,109,2,24,2026-03-16 13:00:00,133,0.1037,0.009561646955297832,0.009561646955297832,0.009143202846215445,0.008862029513968986,0.008940987887981958
54015,2026-03-15 14:00:00,110,2,24,2026-03-16 14:00:00,134,0.1043,0.009756433382304159,0.009756433382304159,0.008852488969989344,0.008938485988794693,0.009110227361824007
54015,2026-03-15 15:00:00,111,2,24,2026-03-16 15:00:00,135,0.1039,0.01064498690728258,0.01064498690728258,0.00959066323765359,0.008696497466922899,0.008894251000553665
54015,2026-03-15 16:00:00,112,2,24,2026-03-16 16:00:00,136,0.0849,0.013121387782066778,0.013121387782066778,0.011993974431102143,0.005152169171932432,0.005315288564252788
54015,2026-03-15 17:00:00,113,2,24,2026-03-16 17:00:00,137,0.0429,0.01545881827912789,0.01545881827912789,0.014093877553229411,0.0007530184542379256,0.0008297926904183404
54015,2026-03-15 18:00:00,114,2,24,2026-03-16 18:00:00,138,0.0863,0.019256782307603283,0.019256782307603283,0.0184669565594538,0.004494793038550096,0.004601321782407028
54015,2026-03-15 19:00:00,115,2,24,2026-03-16 19:00:00,139,0.1301,0.02995084769739832,0.02995084769739832,0.03037957902437179,0.010029852706929706,0.00994416235955651
54015,2026-03-15 20:00:00,116,2,24,2026-03-16 20:00:00,140,0.1724,0.03765633927221492,0.03765633927221492,0.038770571672395046,0.01815585410632445,0.017856824115162505
54015,2026-03-15 21:00:00,117,2,24,2026-03-16 21:00:00,141,0.1645,0.04261344239701957,0.04261344239701957,0.04389043599701941,0.014856332924304667,0.014546666928989071
54015,2026-03-15 22:00:00,118,2,24,2026-03-16 22:00:00,142,0.1607,0.04551667700334208,0.04551667700334208,0.04707070776517164,0.013267197896552427,0.012911616053788027
54015,2026-03-15 23:00:00,119,2,24,2026-03-16 23:00:00,143,0.1654,0.04601463635795311,0.04601463635795311,0.048420875589135416,0.01425286505194377,0.013684115547932535
54015,2026-03-16 00:00:00,120,2,24,2026-03-17 00:00:00,144,0.1721,0.04806453997609159,0.04806453997609159,0.049747551521222885,0.015384795343342583,0.014970121648751809
54015,2026-03-16 01:00:00,121,2,24,2026-03-17 01:00:00,145,0.1764,0.051104652311525306,0.051104652311525306,0.05253374540947405,0.01569892415237576,0.015342849026284988
54015,2026-03-16 02:00:00,122,2,24,2026-03-17 02:00:00,146,0.1241,0.047424289893376124,0.047424289893376124,0.04768077107185427,0.005879164520355024,0.005839898549972346
54015,2026-03-16 03:00:00,123,2,24,2026-03-17 03:00:00,147,0.1185,0.046360007036751576,0.046360007036751576,0.046126144043902376,0.00520417858473753,0.005237975025953967
54015,2026-03-16 04:00:00,124,2,24,2026-03-17 04:00:00,148,0.1173,0.04732217889385043,0.04732217889385043,0.046238913348218225,0.004896895446764272,0.0050496780361320385
54015,2026-03-16 05:00:00,125,2,24,2026-03-17 05:00:00,149,0.1139,0.04597278223970038,0.04597278223970038,0.04510219189915304,0.004614106912655163,0.0047331383994809635
54015,2026-03-16 06:00:00,126,2,24,2026-03-17 06:00:00,150,0.1277,0.046666751521642486,0.046666751521642486,0.045463891225717055,0.006566387358955232,0.006762777586335696
54015,2026-03-16 07:00:00,127,2,24,2026-03-17 07:00:00,151,0.1772,0.04778945676329992,0.04778945676329992,0.04661757730573082,0.016747088700817824,0.017051769116704786
54015,2026-03-16 08:00:00,128,2,24,2026-03-17 08:00:00,152,0.1817,0.049614390425183834,0.049614390425183834,0.04922435367915146,0.017446608256750765,0.017549796868126553
54015,2026-03-16 09:00:00,129,2,24,2026-03-17 09:00:00,153,0.1674,0.050440905610882956,0.050440905610882956,0.05108492092005506,0.013679429760322387,0.013529197621373843
54015,2026-03-16 10:00:00,130,2,24,2026-03-17 10:00:00,154,0.1584,0.04991871822127408,0.04991871822127408,0.05126654250930003,0.011768188496355334,0.01147757771391162
54015,2026-03-16 11:00:00,131,2,24,2026-03-17 11:00:00,155,0.1627,0.047820437425576234,0.047820437425576234,0.048695536500773295,0.013197313897290949,0.012997017697746516
54015,2026-03-16 12:00:00,132,2,24,2026-03-17 12:00:00,156,0.167,0.04684703918243489,0.04684703918243489,0.04743835962208503,0.01443673399322734,0.014294985849857868
54015,2026-03-16 13:00:00,133,2,24,2026-03-17 13:00:00,157,0.1578,0.041589785392081864,0.041589785392081864,0.04183052598648688,0.01350481397921839,0.013448918902970897
54015,2026-03-16 14:00:00,134,2,24,2026-03-17 14:00:00,158,0.0979,0.04145052130016061,0.04145052130016061,0.04118962467381629,0.0031865436454836214,0.0032160666696366266
54015,2026-03-16 15:00:00,135,2,24,2026-03-17 15:00:00,159,0.0904,0.034469961441963085,0.034469961441963085,0.03398139998299286,0.0031281692131034954,0.0031830584278790372
54015,2026-03-16 16:00:00,136,2,24,2026-03-17 16:00:00,160,0.0958,0.029867557691496148,0.029867557691496148,0.029037737669472628,0.004347086948764187,0.0044571996714901545
54015,2026-03-16 17:00:00,137,2,24,2026-03-17 17:00:00,161,0.0883,0.02620845421237241,0.02620845421237241,0.025401450488575558,0.0038553600582970538,0.003956227530641112
54015,2026-03-16 18:00:00,138,2,24,2026-03-17 18:00:00,162,0.061,0.022835044870145763,0.022835044870145763,0.022294395760461903,0.0014565638000637875,0.0014981237995477495
54015,2026-03-16 19:00:00,139,2,24,2026-03-17 19:00:00,163,0.0527,0.010993891558678782,0.010993891558678782,0.010718909169179308,0.0017393994813192446,0.001762411987345617
54015,2026-03-16 20:00:00,140,2,24,2026-03-17 20:00:00,164,0.0349,0.00980446466940194,0.00980446466940194,0.009449177049768272,0.0006297858935292954,0.000647744388844042
54015,2026-03-16 21:00:00,141,2,24,2026-03-17 21:00:00,165,0.0166,0.007831397151701216,0.007831397151701216,0.007667117781311175,7.688839591119355e-05,7.9796384732967e-05
54015,2026-03-16 22:00:00,142,2,24,2026-03-17 22:00:00,166,0.0129,0.00601814851085093,0.00601814851085093,0.005884730722607558,4.735987991870327e-05,4.921400303432627e-05
54015,2026-03-16 23:00:00,143,2,24,2026-03-17 23:00:00,167,0.0092,0.005051109911339805,0.005051109911339805,0.004941289899773376,1.7213288967782804e-05,1.813661171777226e-05
54015,2026-03-17 00:00:00,144,2,24,2026-03-18 00:00:00,168,0.0061,0.004691803076047109,0.004691803076047109,0.004590520490967207,1.9830185766303847e-06,2.2785283881898835e-06
54015,2026-03-17 01:00:00,145,2,24,2026-03-18 01:00:00,169,0.0031,0.0043729079038709335,0.0043729079038709335,0.0043520981543851145,1.620294531737094e-06,1.5677497882146102e-06
54015,2026-03-17 02:00:00,146,2,24,2026-03-18 02:00:00,170,0.0012,0.004550282559917373,0.004550282559917373,0.004414732768963627,1.1224393231286508e-05,1.0334506775848553e-05
54015,2026-03-17 03:00:00,147,2,24,2026-03-18 03:00:00,171,0.0011,0.004334131764717758,0.004334131764717758,0.004252519403955404,1.0459608271556395e-05,9.938378592315332e-06
54015,2026-03-17 04:00:00,148,2,24,2026-03-18 04:00:00,172,0.0011,0.004261116226221019,0.004261116226221019,0.004181917851799862,9.992655795677814e-06,9.498217645242674e-06
54015,2026-03-17 05:00:00,149,2,24,2026-03-18 05:00:00,173,0.0011,0.004374343907720455,0.004374343907720455,0.004254721815270288,1.072132802602606e-05,9.952269731742261e-06
54015,2026-03-17 06:00:00,150,2,24,2026-03-18 06:00:00,174,0.0011,0.004049963507854042,0.004049963507854042,0.003949776685298721,8.702284697670523e-06,8.121227156072163e-06
54015,2026-03-17 07:00:00,151,2,24,2026-03-18 07:00:00,175,0.001,0.0040189408410190265,0.0040189408410190265,0.0038783783009947916,9.114003801572666e-06,8.285061643637663e-06
54015,2026-03-17 08:00:00,152,2,24,2026-03-18 08:00:00,176,0.001,0.004429708089023511,0.004429708089023511,0.004292377274799468,1.1762897575913302e-05,1.083974811961597e-05
54015,2026-03-17 09:00:00,153,2,24,2026-03-18 09:00:00,177,0.0009,0.00464038969971777,0.00464038969971777,0.004629706816887298,1.399051510575479e-05,1.3910712939935584e-05
54015,2026-03-17 10:00:00,154,2,24,2026-03-18 10:00:00,178,0.0009,0.004442614818306691,0.004442614818306691,0.004394755249771844,1.255011975088615e-05,1.2213314255807865e-05
54015,2026-03-17 11:00:00,155,2,24,2026-03-18 11:00:00,179,0.0009,0.004239110610567301,0.004239110610567301,0.004181471695115065,1.1149659669603133e-05,1.0768056485841342e-05
54015,2026-03-17 12:00:00,156,2,24,2026-03-18 12:00:00,180,0.0008,0.00394608099359027,0.00394608099359027,0.003896130713445888,9.897825618229941e-06,9.586025394742945e-06
54015,2026-03-17 13:00:00,157,2,24,2026-03-18 13:00:00,181,0.0016,0.0037405334067655335,0.0037405334067655335,0.003687144872432943,4.581883265479261e-06,4.356173718523125e-06
54015,2026-03-17 14:00:00,158,2,24,2026-03-18 14:00:00,182,0.0042,0.0036445375485389263,0.0036445375485389263,0.0035490790915675293,3.085385349831454e-07,4.236980290345526e-07
54015,2026-03-17 15:00:00,159,2,24,2026-03-18 15:00:00,183,0.0043,0.0034274792325439504,0.0034274792325439504,0.0032991332034853276,7.612924896420937e-07,1.0017343443655425e-06
54015,2026-03-17 16:00:00,160,2,24,2026-03-18 16:00:00,184,0.0037,0.003142092026657958,0.003142092026657958,0.003042654562054361,3.112613067186249e-07,4.3210302478794406e-07
54015,2026-03-17 17:00:00,161,2,24,2026-03-18 17:00:00,185,0.0035,0.003015286327685074,0.003015286327685074,0.0028842415339523923,2.3494734412902172e-07,3.791584885093029e-07
54015,2026-03-17 18:00:00,162,2,24,2026-03-18 18:00:00,186,0.0019,0.0029579377345655693,0.0029579377345655693,0.002854570685422245,1.1192322502177289e-06,9.112051934674944e-07
54015,2026-03-17 19:00:00,163,2,24,2026-03-18 19:00:00,187,0.002,0.0027821049320960745,0.0027821049320960745,0.0026462622125122755,6.116881248090052e-07,4.176548473212615e-07
54015,2026-03-17 20:00:00,164,2,24,2026-03-18 20:00:00,188,0.0018,0.0022979687854831673,0.0022979687854831673,0.002115723839919883,2.4797291131558075e-07,9.968154309375601e-08
54015,2026-03-17 21:00:00,165,2,24,2026-03-18 21:00:00,189,0.0007,0.0022888229206778567,0.0022888229206778567,0.002112971683420181,2.5243582732713145e-06,1.99648897814726e-06
54015,2026-03-17 22:00:00,166,2,24,2026-03-18 22:00:00,190,0.0004,0.0023152973032150915,0.0023152973032150915,0.0021419721634470383,3.6683637597030024e-06,3.0344670182243552e-06
54015,2026-03-17 23:00:00,167,2,24,2026-03-18 23:00:00,191,0.0003,0.002381585790610228,0.002381585790610228,0.002245949415333362,4.332999403670409e-06,3.7867191270362536e-06
54015,2026-03-18 00:00:00,168,2,24,2026-03-19 00:00:00,192,0.0002,0.002237433194328364,0.002237433194328364,0.002067168969860975,4.151134021351081e-06,3.4863199620116935e-06
54015,2026-03-18 01:00:00,169,2,24,2026-03-19 01:00:00,193,0.0001,0.0022110155270178844,0.0022110155270178844,0.002043103740600541,4.456386555310597e-06,3.7756521467358145e-06
54015,2026-03-18 02:00:00,170,2,24,2026-03-19 02:00:00,194,0.0,0.0022085755185160105,0.0022085755185160105,0.00205775363802008,4.877805820988264e-06,4.234350034784875e-06
54015,2026-03-18 03:00:00,171,2,24,2026-03-19 03:00:00,195,0.0,0.002270634925105365,0.002270634925105365,0.0020987188777336343,5.155782963108246e-06,4.404620927755526e-06
54015,2026-03-18 04:00:00,172,2,24,2026-03-19 04:00:00,196,0.0,0.0024618294033717015,0.0024618294033717015,0.002298217396529543,6.0606040113054675e-06,5.281803201711031e-06
54015,2026-03-18 05:00:00,173,2,24,2026-03-19 05:00:00,197,0.0,0.0026082630811446192,0.0026082630811446192,0.002491276353472842,6.8030363004620225e-06,6.20645786937294e-06
54015,2026-03-18 06:00:00,174,2,24,2026-03-19 06:00:00,198,0.0,0.0024604194964450233,0.0024604194964450233,0.002356071647457864,6.0536640984867815e-06,5.551073607954814e-06
54015,2026-03-18 07:00:00,175,2,24,2026-03-19 07:00:00,199,0.0001,0.002885081577792695,0.002885081577792695,0.002788261449549481,7.75667939496025e-06,7.226749621133879e-06
54015,2026-03-18 08:00:00,176,2,24,2026-03-19 08:00:00,200,0.0006,0.003287493022996305,0.003287493022996305,0.003177770139346472,7.222618748653818e-06,6.644898891306331e-06
54015,2026-03-18 09:00:00,177,2,24,2026-03-19 09:00:00,201,0.0006,0.0029831759390340214,0.0029831759390340214,0.002893901506955044,5.6795275563906906e-06,5.261984123610622e-06
54015,2026-03-18 10:00:00,178,2,24,2026-03-19 10:00:00,202,0.0001,0.0035217175549143447,0.0035217175549143447,0.003424434404458133,1.1708151025609003e-05,1.1051864109544902e-05
54015,2026-03-18 11:00:00,179,2,24,2026-03-19 11:00:00,203,0.0001,0.0035141375696383366,0.0035141375696383366,0.003457583521548899,1.165633534441597e-05,1.1273367104176707e-05
54015,2026-03-18 12:00:00,180,2,24,2026-03-19 12:00:00,204,0.0001,0.0032395124769493216,0.0032395124769493216,0.003187962785493557,9.856538592920466e-06,9.535514164593127e-06
54015,2026-03-18 13:00:00,181,2,24,2026-03-19 13:00:00,205,0.0001,0.003027931551504869,0.003027931551504869,0.0029574635069248324,8.57278317029771e-06,8.165097693407164e-06
54015,2026-03-18 14:00:00,182,2,24,2026-03-19 14:00:00,206,0.0,0.002635923945805993,0.002635923945805993,0.002606311095841093,6.9480950480734355e-06,6.792857528304399e-06
54015,2026-03-18 15:00:00,183,2,24,2026-03-19 15:00:00,207,0.0,0.002665531343888883,0.002665531343888883,0.002630474395274517,7.105057345254076e-06,6.9193955441948355e-06
54015,2026-03-18 16:00:00,184,2,24,2026-03-19 16:00:00,208,0.0,0.0026832798254305345,0.0026832798254305345,0.0026103424635077806,7.19999062156252e-06,6.813887776791869e-06
54015,2026-03-18 17:00:00,185,2,24,2026-03-19 17:00:00,209,0.0,0.0029153933699685645,0.0029153933699685645,0.0027594786802888445,8.499518501656664e-06,7.614722586968662e-06
54015,2026-03-18 18:00:00,186,2,24,2026-03-19 18:00:00,210,0.0,0.0026607477570586902,0.0026607477570586902,0.0026781989615841323,7.079578626692851e-06,7.172749677830325e-06
54015,2026-03-18 19:00:00,187,2,24,2026-03-19 19:00:00,211,0.0,0.00264371106794991,0.00264371106794991,0.002676452507169827,6.989208210800853e-06,7.163398023135653e-06
54015,2026-03-18 20:00:00,188,2,24,2026-03-19 20:00:00,212,0.0,0.002589314607493486,0.002589314607493486,0.0025161450677829347,6.704550136579147e-06,6.330986002128389e-06
54015,2026-03-18 21:00:00,189,2,24,2026-03-19 21:00:00,213,0.0,0.0026822417393123923,0.0026822417393123923,0.0026140566344382233,7.1944207481095675e-06,6.833292088050491e-06
54015,2026-03-18 22:00:00,190,2,24,2026-03-19 22:00:00,214,0.0,0.002916245240081544,0.002916245240081544,0.0028345350016222917,8.504486300298264e-06,8.034588675421885e-06
54015,2026-03-18 23:00:00,191,2,24,2026-03-19 23:00:00,215,0.0,0.0030390253328391854,0.0030390253328391854,0.002964171212391004,9.23567497363832e-06,8.786310976367555e-06
18013,2026-03-14 00:00:00,72,1,48,2026-03-16 00:00:00,120,0.0532,0.008451983623077274,0.008451983623077274,0.003739556693295288,0.0020023849696693442,0.0024463354520957506
18013,2026-03-14 01:00:00,73,1,48,2026-03-16 01:00:00,121,0.0459,0.00932887081017854,0.00932887081017854,0.003611280772020757,0.0013374474902186117,0.001788335773942862
18013,2026-03-14 02:00:00,74,1,48,2026-03-16 02:00:00,122,0.0498,0.0075403148312972405,0.0075403148312972405,0.004146626716464485,0.0017858809905578758,0.002084230492165834
18013,2026-03-14 03:00:00,75,1,48,2026-03-16 03:00:00,123,0.0733,0.0062382067110758966,0.0062382067110758966,0.0037302321210007793,0.004497284119126386,0.0048399526027378325
18013,2026-03-14 04:00:00,76,1,48,2026-03-16 04:00:00,124,0.0774,0.006272276603813152,0.006272276603813152,0.0037109642866481013,0.0050591530355244664,0.00543007398436365
18013,2026-03-14 05:00:00,77,1,48,2026-03-16 05:00:00,125,0.0715,0.006254514656777314,0.006254514656777314,0.004197647422384258,0.004256973357672686,0.004529606662481701
18013,2026-03-14 06:00:00,78,1,48,2026-03-16 06:00:00,126,0.0474,0.006352909630960736,0.006352909630960736,0.004561131025094415,0.0016848636277640755,0.001835168695049128
18013,2026-03-14 07:00:00,79,1,48,2026-03-16 07:00:00,127,0.0451,0.006678302602624085,0.006678302602624085,0.004426773482989624,0.0014762268308955231,0.0016543113553040363
18013,2026-03-14 08:00:00,80,1,48,2026-03-16 08:00:00,128,0.042,0.009099159709964564,0.009099159709964564,0.006185639844497023,0.0010824652917904194,0.0012826683933480796
18013,2026-03-14 09:00:00,81,1,48,2026-03-16 09:00:00,129,0.0394,0.008136291917121239,0.008136291917121239,0.00564372560083745,0.0009774194430914587,0.0011394860613115566
18013,2026-03-14 10:00:00,82,1,48,2026-03-16 10:00:00,130,0.0302,0.008326478066302004,0.008326478066302004,0.006063960504570751,0.00047845096178396736,0.0005825484025249207
18013,2026-03-14 11:00:00,83,1,48,2026-03-16 11:00:00,131,0.0227,0.009289943344521023,0.009289943344521023,0.006344510426303407,0.00017982961950315605,0.000267502039195298
18013,2026-03-14 12:00:00,84,1,48,2026-03-16 12:00:00,132,0.0248,0.013360983240236043,0.013360983240236043,0.01051269157225072,0.00013085110443016067,0.00020412718210963558
18013,2026-03-14 13:00:00,85,1,48,2026-03-16 13:00:00,133,0.0194,0.013004369040460982,0.013004369040460982,0.010582320600352007,4.090409537061399e-05,7.775146999497661e-05
18013,2026-03-14 14:00:00,86,1,48,2026-03-16 14:00:00,134,0.0126,0.01273520829516269,0.01273520829516269,0.010551297890546506,1.8281283080801283e-08,4.197180333279197e-06
18013,2026-03-14 15:00:00,87,1,48,2026-03-16 15:00:00,135,0.0081,0.013158834965432962,0.013158834965432962,0.010780579303140475,2.5591811207487125e-05,7.185505400425075e-06
18013,2026-03-14 16:00:00,88,1,48,2026-03-16 16:00:00,136,0.0055,0.014354042038978852,0.014354042038978852,0.011019192999291563,7.83940604280048e-05,3.0461491363429005e-05
18013,2026-03-14 17:00:00,89,1,48,2026-03-16 17:00:00,137,0.0069,0.014362835608423935,0.014362835608423935,0.011237117381416195,5.5693915318360254e-05,1.8810587180182475e-05
18013,2026-03-14 18:00:00,90,1,48,2026-03-16 18:00:00,138,0.0027,0.01391236012292494,0.01391236012292494,0.011147818604297779,0.00012571701952615735,7.136563917111966e-05
18013,2026-03-14 19:00:00,91,1,48,2026-03-16 19:00:00,139,0.001,0.013226780482368795,0.013226780482368795,0.011115506511010464,0.00014949416096403446,0.00010232347197429507
18013,2026-03-14 20:00:00,92,1,48,2026-03-16 20:00:00,140,0.0015,0.016257872020502568,0.016257872020502568,0.013145640395291858,0.00021779478657353257,0.00013562094021645353
18013,2026-03-14 21:00:00,93,1,48,2026-03-16 21:00:00,141,0.0037,0.016202386783085866,0.016202386783085866,0.013249688608972299,0.00015630967527388015,9.119655252833527e-05
18013,2026-03-14 22:00:00,94,1,48,2026-03-16 22:00:00,142,0.0036,0.018048272548923848,0.018048272548923848,0.014212275999768707,0.00020875257964798647,0.00011262040189526689
18013,2026-03-14 23:00:00,95,1,48,2026-03-16 23:00:00,143,0.0004,0.017705438233611426,0.017705438233611426,0.01331536478652236,0.0002994781924573401,0.0001668066475689418
18013,2026-03-15 00:00:00,96,1,48,2026-03-17 00:00:00,144,0.001,0.01834059194984351,0.01834059194984351,0.013046303517170628,0.0003006961291709775,0.0001451134284277974
18013,2026-03-15 01:00:00,97,1,48,2026-03-17 01:00:00,145,0.0035,0.01762662750651935,0.01762662750651935,0.013128688316774684,0.00019956160470794912,9.271163870159331e-05
18013,2026-03-15 02:00:00,98,1,48,2026-03-17 02:00:00,146,0.0012,0.015848157468850942,0.015848157468850942,0.01271276621897516,0.00021456851723225366,0.00013254378601277559
18013,2026-03-15 03:00:00,99,1,48,2026-03-17 03:00:00,147,0.0028,0.015748018900477972,0.015748018900477972,0.013069666876185071,0.0001676511934471348,0.00010546605774781283
18013,2026-03-15 04:00:00,100,1,48,2026-03-17 04:00:00,148,0.0123,0.015077709965049521,0.015077709965049521,0.012630766304796358,7.71567264993541e-06,1.0940634838863719e-07
18013,2026-03-15 05:00:00,101,1,48,2026-03-17 05:00:00,149,0.0133,0.015150739195054918,0.015150739195054918,0.012760862112995167,3.4252355681125293e-06,2.9066966120403577e-07
18013,2026-03-15 06:00:00,102,1,48,2026-03-17 06:00:00,150,0.011,0.014968825513345621,0.014968825513345621,0.01285216815431684,1.5751575955383137e-05,3.4305268718654498e-06
18013,2026-03-15 07:00:00,103,1,48,2026-03-17 07:00:00,151,0.002,0.015256867274587759,0.015256867274587759,0.012850556192157084,0.00017574452993603587,0.00011773456967915844
18013,2026-03-15 08:00:00,104,1,48,2026-03-17 08:00:00,152,0.002,0.015337140081018564,0.015337140081018564,0.012873647413410351,0.00017787930554071188,0.00011823620807116563
18013,2026-03-15 09:00:00,105,1,48,2026-03-17 09:00:00,153,0.0028,0.015549285091097514,0.015549285091097514,0.012722988827137875,0.00016254427033408135,9.84657072635031e-05
18013,2026-03-15 10:00:00,106,1,48,2026-03-17 10:00:00,154,0.0019,0.015506032161789038,0.015506032161789038,0.01265481545161372,0.00018512411118763768,0.00011566605539826921
18013,2026-03-15 11:00:00,107,1,48,2026-03-17 11:00:00,155,0.001,0.015232861876485237,0.015232861876485237,0.012684449265369786,0.0002025743571951069,0.0001365263546350005
18013,2026-03-15 12:00:00,108,1,48,2026-03-17 12:00:00,156,0.0001,0.013987503652873039,0.013987503652873039,0.011888384436226604,0.00019286275770856202,0.00013896600761626962
18013,2026-03-15 13:00:00,109,1,48,2026-03-17 13:00:00,157,0.0008,0.013406745353428362,0.013406745353428362,0.011995513021774068,0.00015893002840618758,0.0001253395118207127
18013,2026-03-15 14:00:00,110,1,48,2026-03-17 14:00:00,158,0.0015,0.013842097582232099,0.013842097582232099,0.012000681340225798,0.00015232737272933942,0.00011026430860896628
18013,2026-03-15 15:00:00,111,1,48,2026-03-17 15:00:00,159,0.0004,0.005449349718683161,0.005449349718683161,0.004036696416338985,2.5495932581565712e-05,1.3225560824612817e-05
18013,2026-03-15 16:00:00,112,1,48,2026-03-17 16:00:00,160,0.0003,0.002402458239267015,0.002402458239267015,0.0020525162258085736,4.420330647861758e-06,3.0713131217223274e-06
18013,2026-03-15 17:00:00,113,1,48,2026-03-17 17:00:00,161,0.0004,0.0,0.0,0.001270282809828322,1.6e-07,7.573921690826793e-07
18013,2026-03-15 18:00:00,114,1,48,2026-03-17 18:00:00,162,0.0004,0.0,0.0,0.001259724525525849,1.6e-07,7.391262597906463e-07
18013,2026-03-15 19:00:00,115,1,48,2026-03-17 19:00:00,163,0.0003,0.0,0.0,0.0012349640134656915,8.999999999999999e-08,8.741577064758739e-07
18013,2026-03-15 20:00:00,116,1,48,2026-03-17 20:00:00,164,0.0002,0.0,0.0,0.001279749321924111,4e-08,1.1658585981955772e-06
18013,2026-03-15 21:00:00,117,1,48,2026-03-17 21:00:00,165,0.0003,0.0,0.0,0.0012849164083544656,8.999999999999999e-08,9.700603314458606e-07
18013,2026-03-15 22:00:00,118,1,48,2026-03-17 22:00:00,166,0.0003,0.0,0.0,0.0013308519432966295,8.999999999999999e-08,1.0626557289984375e-06
18013,2026-03-15 23:00:00,119,1,48,2026-03-17 23:00:00,167,0.0002,0.0,0.0,0.0013367507514985158,4e-08,1.2922022710324403e-06
18013,2026-03-16 00:00:00,120,1,48,2026-03-18 00:00:00,168,0.0002,0.0,0.0,0.001338849996866541,4e-08,1.2969793153629202e-06
18013,2026-03-16 01:00:00,121,1,48,2026-03-18 01:00:00,169,0.0001,0.0,0.0,0.0015793056075272898,1e-08,2.1883450804616837e-06
18013,2026-03-16 02:00:00,122,1,48,2026-03-18 02:00:00,170,0.0,0.0,0.0,0.0014472590015119002,0.0,2.0945586174572224e-06
18013,2026-03-16 03:00:00,123,1,48,2026-03-18 03:00:00,171,0.0,0.0,0.0,0.001336922326798228,0.0,1.787361307891588e-06
18013,2026-03-16 04:00:00,124,1,48,2026-03-18 04:00:00,172,0.0,0.0,0.0,0.0013335650041077579,0.0,1.7783956201809243e-06
18013,2026-03-16 05:00:00,125,1,48,2026-03-18 05:00:00,173,0.0,0.0,0.0,0.0014610328609593565,0.0,2.1346170208030823e-06
18013,2026-03-16 06:00:00,126,1,48,2026-03-18 06:00:00,174,0.0,0.0,0.0,0.0013360836238971478,0.0,1.785119450046135e-06
18013,2026-03-16 07:00:00,127,1,48,2026-03-18 07:00:00,175,0.0,0.0,0.0,0.0013358082789263889,0.0,1.7843837580482813e-06
18013,2026-03-16 08:00:00,128,1,48,2026-03-18 08:00:00,176,0.0,0.0,0.0,0.0013450599438179067,0.0,1.8091862524634302e-06
18013,2026-03-16 09:00:00,129,1,48,2026-03-18 09:00:00,177,0.0001,0.0010636699042362427,0.0010636699042362427,0.0013495279548167906,9.28659684330689e-07,1.5613201098686314e-06
18013,2026-03-16 10:00:00,130,1,48,2026-03-18 10:00:00,178,0.0001,0.0,0.0,0.0013333599743504563,1e-08,1.5211768263297581e-06
18013,2026-03-16 11:00:00,131,1,48,2026-03-18 11:00:00,179,0.0001,0.0,0.0,0.0013398491310353897,1e-08,1.5372258677292109e-06
18013,2026-03-16 12:00:00,132,1,48,2026-03-18 12:00:00,180,0.0001,0.0,0.0,0.0013342451033038756,1e-08,1.5233609750295946e-06
18013,2026-03-16 13:00:00,133,1,48,2026-03-18 13:00:00,181,0.0001,0.0,0.0,0.0013880010747130177,1e-08,1.6589467684618885e-06
18013,2026-03-16 14:00:00,134,1,48,2026-03-18 14:00:00,182,0.0001,0.0,0.0,0.0014227276494720377,1e-08,1.7496084346778219e-06
18013,2026-03-16 15:00:00,135,1,48,2026-03-18 15:00:00,183,0.0001,0.0,0.0,0.0013425497233859071,1e-08,1.5439298150863942e-06
18013,2026-03-16 16:00:00,136,1,48,2026-03-18 16:00:00,184,0.0001,0.0,0.0,0.001371178129012376,1e-08,1.6158938356794045e-06
18013,2026-03-16 17:00:00,137,1,48,2026-03-18 17:00:00,185,0.0,0.0,0.0,0.001339427282648825,0.0,1.7940654455040151e-06
18013,2026-03-16 18:00:00,138,1,48,2026-03-18 18:00:00,186,0.0,0.0,0.0,0.001372227772239296,0.0,1.883009058904821e-06
18013,2026-03-16 19:00:00,139,1,48,2026-03-18 19:00:00,187,0.0,0.0,0.0,0.0013722714781141318,0.0,1.8831290096455443e-06
18013,2026-03-16 20:00:00,140,1,48,2026-03-18 20:00:00,188,0.0,0.0,0.0,0.0013739078261475652,0.0,1.8876227147495284e-06
18013,2026-03-16 21:00:00,141,1,48,2026-03-18 21:00:00,189,0.0,0.0,0.0,0.0013411440625093543,0.0,1.7986673964040948e-06
18013,2026-03-16 22:00:00,142,1,48,2026-03-18 22:00:00,190,0.0,0.0,0.0,0.0013761484760977472,0.0,1.8937846282661518e-06
18013,2026-03-16 23:00:00,143,1,48,2026-03-18 23:00:00,191,0.0,0.0,0.0,0.0016276820900378833,0.0,2.649348986230092e-06
18013,2026-03-17 00:00:00,144,1,48,2026-03-19 00:00:00,192,0.0,0.0,0.0,0.0013663531540526934,0.0,1.8669209415897432e-06
18013,2026-03-17 01:00:00,145,1,48,2026-03-19 01:00:00,193,0.0,0.0,0.0,0.0013420926749813788,0.0,1.8012127482386728e-06
18013,2026-03-17 02:00:00,146,1,48,2026-03-19 02:00:00,194,0.0,0.0,0.0,0.0013446025326739337,0.0,1.807955970873157e-06
18013,2026-03-17 03:00:00,147,1,48,2026-03-19 03:00:00,195,0.0,0.0,0.0,0.0013415500113808166,0.0,1.799756433035869e-06
18013,2026-03-17 04:00:00,148,1,48,2026-03-19 04:00:00,196,0.0,0.0,0.0,0.0013443418404290497,0.0,1.8072549839281644e-06
18013,2026-03-17 05:00:00,149,1,48,2026-03-19 05:00:00,197,0.0,0.0,0.0,0.0013443418404290497,0.0,1.8072549839281644e-06
18013,2026-03-17 06:00:00,150,1,48,2026-03-19 06:00:00,198,0.0,0.0,0.0,0.0013474386048940106,0.0,1.8155907939587176e-06
18013,2026-03-17 07:00:00,151,1,48,2026-03-19 07:00:00,199,0.0,0.0,0.0,0.0013517445400565052,0.0,1.8272133015725726e-06
18013,2026-03-17 08:00:00,152,1,48,2026-03-19 08:00:00,200,0.0,0.0,0.0,0.0013712374583194316,0.0,1.8802921670983351e-06
18013,2026-03-17 09:00:00,153,1,48,2026-03-19 09:00:00,201,0.0,0.0,0.0,0.0013733909430071448,0.0,1.8862026823340544e-06
18013,2026-03-17 10:00:00,154,1,48,2026-03-19 10:00:00,202,0.0001,0.0,0.0,0.0013711672483872526,1e-08,1.6158661733724189e-06
18013,2026-03-17 11:00:00,155,1,48,2026-03-19 11:00:00,203,0.0001,0.0,0.0,0.0013659053984653765,1e-08,1.6025164778637835e-06
18013,2026-03-17 12:00:00,156,1,48,2026-03-19 12:00:00,204,0.0,0.0,0.0,0.0013622218944043312,0.0,1.855648489594525e-06
18013,2026-03-17 13:00:00,157,1,48,2026-03-19 13:00:00,205,0.0,0.0,0.0,0.0014732941978852936,0.0,2.170595793522471e-06
18013,2026-03-17 14:00:00,158,1,48,2026-03-19 14:00:00,206,0.0,0.0,0.0,0.0013509552394369818,0.0,1.8250800589622328e-06
18013,2026-03-17 15:00:00,159,1,48,2026-03-19 15:00:00,207,0.0,0.0,0.0,0.0013495663924307237,0.0,1.8213294475784782e-06
18013,2026-03-17 16:00:00,160,1,48,2026-03-19 16:00:00,208,0.0,0.0,0.0,0.0013490402237394863,0.0,1.8199095252670831e-06
18013,2026-03-17 17:00:00,161,1,48,2026-03-19 17:00:00,209,0.0,0.0,0.0,0.00134540700917788,0.0,1.8101200203449684e-06
18013,2026-03-17 18:00:00,162,1,48,2026-03-19 18:00:00,210,0.0,0.0,0.0,0.0013453021875059889,0.0,1.8098379757083989e-06
18013,2026-03-17 19:00:00,163,1,48,2026-03-19 19:00:00,211,0.0,0.0,0.0,0.0013534416238702445,0.0,1.8318042292245243e-06
18013,2026-03-17 20:00:00,164,1,48,2026-03-19 20:00:00,212,0.0,0.0,0.0,0.0013534416238702445,0.0,1.8318042292245243e-06
18013,2026-03-17 21:00:00,165,1,48,2026-03-19 21:00:00,213,0.0,0.0,0.0,0.0013401469041799587,0.0,1.7959937247831274e-06
18013,2026-03-17 22:00:00,166,1,48,2026-03-19 22:00:00,214,0.0,0.0,0.0,0.0013481971818558552,0.0,1.81763564116407e-06
18013,2026-03-17 23:00:00,167,1,48,2026-03-19 23:00:00,215,0.0,0.0,0.0,0.0013517405034466586,0.0,1.8272023886582262e-06
39115,2026-03-14 00:00:00,72,2,48,2026-03-16 00:00:00,120,0.0091,0.0088942732187588,0.0088942732187588,0.009638908965938746,4.232350851986457e-08,2.9042287356916746e-07
39115,2026-03-14 01:00:00,73,2,48,2026-03-16 01:00:00,121,0.009,0.007207624303121023,0.007207624303121023,0.007987635473289744,3.212610638762395e-06,1.0248819349412792e-06
39115,2026-03-14 02:00:00,74,2,48,2026-03-16 02:00:00,122,0.0089,0.007780027573667751,0.007780027573667751,0.009127424985616403,1.2543382357445457e-06,5.172212408262116e-08
39115,2026-03-14 03:00:00,75,2,48,2026-03-16 03:00:00,123,0.0089,0.009134026797700154,0.009134026797700154,0.009365287005397493,5.476854204178891e-08,2.1649199739176687e-07
39115,2026-03-14 04:00:00,76,2,48,2026-03-16 04:00:00,124,0.0089,0.009784280682771509,0.009784280682771509,0.010989533438420386,7.819523259228459e-07,4.366149990276921e-06
39115,2026-03-14 05:00:00,77,2,48,2026-03-16 05:00:00,125,0.0089,0.011283525289108825,0.011283525289108825,0.011865504653480118,5.681192803821306e-06,8.794217849812235e-06
39115,2026-03-14 06:00:00,78,2,48,2026-03-16 06:00:00,126,0.0089,0.010182855168145257,0.010182855168145257,0.011293208061731128,1.645717382436997e-06,5.727444826734862e-06
39115,2026-03-14 07:00:00,79,2,48,2026-03-16 07:00:00,127,0.0089,0.009789142439432637,0.009789142439432637,0.011235443677929,7.905742776002203e-07,5.4542971727785376e-06
39115,2026-03-14 08:00:00,80,2,48,2026-03-16 08:00:00,128,0.0089,0.011230188647255227,0.011230188647255227,0.012529276302792224,5.429779131797146e-06,1.3171646482009196e-05
39115,2026-03-14 09:00:00,81,2,48,2026-03-16 09:00:00,129,0.0085,0.0063290427307287405,0.0063290427307287405,0.005887167511529523,4.713055465001727e-06,6.826893612806828e-06
39115,2026-03-14 10:00:00,82,2,48,2026-03-16 10:00:00,130,0.0037,0.0057313421047903036,0.0057313421047903036,0.005560303529248706,4.1263507466939e-06,3.460729220935189e-06
39115,2026-03-14 11:00:00,83,2,48,2026-03-16 11:00:00,131,0.0032,0.00472071988093825,0.00472071988093825,0.004778247168737593,2.3125889562808455e-06,2.490864125628227e-06
39115,2026-03-14 12:00:00,84,2,48,2026-03-16 12:00:00,132,0.0033,0.003922607489486824,0.003922607489486824,0.004542591502098382,3.876400859650859e-07,1.544033641087114e-06
39115,2026-03-14 13:00:00,85,2,48,2026-03-16 13:00:00,133,0.0036,0.0035916196236566115,0.0035916196236566115,0.004064632093780035,7.023070765682421e-11,2.1588298257041958e-07
39115,2026-03-14 14:00:00,86,2,48,2026-03-16 14:00:00,134,0.0032,0.0027488254416010195,0.0027488254416010195,0.002784088869327745,2.0355848214651518e-07,1.7298206861707381e-07
39115,2026-03-14 15:00:00,87,2,48,2026-03-16 15:00:00,135,0.0026,0.0020431470784412105,0.0020431470784412105,0.0020250394877862287,3.1008517624855924e-07,3.305795906051221e-07
39115,2026-03-14 16:00:00,88,2,48,2026-03-16 16:00:00,136,0.0026,0.001807590096053551,0.001807590096053551,0.0014693460435410246,6.279134558724205e-07,1.2783783692563345e-06
39115,2026-03-14 17:00:00,89,2,48,2026-03-16 17:00:00,137,0.0037,0.002543665576734676,0.002543665576734676,0.0021975526722123884,1.3371092984283496e-06,2.2573479727761354e-06
39115,2026-03-14 18:00:00,90,2,48,2026-03-16 18:00:00,138,0.0076,0.003430946208715731,0.003430946208715731,0.004185918406013069,1.7381009514621735e-05,1.1655953130400344e-05
39115,2026-03-14 19:00:00,91,2,48,2026-03-16 19:00:00,139,0.0079,0.003829180303803421,0.003829180303803421,0.003938847812451397,1.657157299894201e-05,1.5690726652921093e-05
39115,2026-03-14 20:00:00,92,2,48,2026-03-16 20:00:00,140,0.0073,0.006746682345166321,0.006746682345166321,0.006804572391864887,3.0616042715064216e-07,2.454485149024792e-07
39115,2026-03-14 21:00:00,93,2,48,2026-03-16 21:00:00,141,0.0076,0.007148193597462022,0.007148193597462022,0.007430677678598648,2.0412902537430913e-07,2.8670048524742784e-08
39115,2026-03-14 22:00:00,94,2,48,2026-03-16 22:00:00,142,0.008,0.006367339180923772,0.006367339180923772,0.0061875594396570465,2.6655813501466598e-06,3.28494078477628e-06
39115,2026-03-14 23:00:00,95,2,48,2026-03-16 23:00:00,143,0.0084,0.006574129102345062,0.006574129102345062,0.006684915033782503,3.333804534903248e-06,2.94151644134527e-06
39115,2026-03-15 00:00:00,96,2,48,2026-03-17 00:00:00,144,0.0084,0.005996202490965095,0.005996202490965095,0.005747352033799562,5.778242464442412e-06,7.036541232587317e-06
39115,2026-03-15 01:00:00,97,2,48,2026-03-17 01:00:00,145,0.0084,0.00595690287134823,0.00595690287134823,0.005935989491147462,5.968723580026522e-06,6.07134778773574e-06
39115,2026-03-15 02:00:00,98,2,48,2026-03-17 02:00:00,146,0.0084,0.005855162713344721,0.005855162713344721,0.0059405748551867015,6.476196815551002e-06,6.048772042939911e-06
39115,2026-03-15 03:00:00,99,2,48,2026-03-17 03:00:00,147,0.0084,0.0055265036693446755,0.0055265036693446755,0.005739872802842735,8.25698116228961e-06,7.0762767050557636e-06
39115,2026-03-15 04:00:00,100,2,48,2026-03-17 04:00:00,148,0.0084,0.00520335601013612,0.00520335601013612,0.005574558960811906,1.021853279793286e-05,7.983117065928294e-06
39115,2026-03-15 05:00:00,101,2,48,2026-03-17 05:00:00,149,0.0084,0.005675402769598435,0.005675402769598435,0.00577458405751417,7.4234300679118766e-06,6.892808871058758e-06
39115,2026-03-15 06:00:00,102,2,48,2026-03-17 06:00:00,150,0.008,0.005138581091913825,0.005138581091913825,0.00550226721136993,8.187718167553079e-06,6.238669083397746e-06
39115,2026-03-15 07:00:00,103,2,48,2026-03-17 07:00:00,151,0.0035,0.00544379538342927,0.00544379538342927,0.005717479423018895,3.778340492640941e-06,4.917214991512212e-06
39115,2026-03-15 08:00:00,104,2,48,2026-03-17 08:00:00,152,0.0031,0.005109960014160244,0.005109960014160244,0.005315355932764004,4.0399392585230504e-06,4.90780190883267e-06
39115,2026-03-15 09:00:00,105,2,48,2026-03-17 09:00:00,153,0.003,0.00567437128192154,0.00567437128192154,0.006020072901558154,7.152261753566661e-06,9.120840330725888e-06
39115,2026-03-15 10:00:00,106,2,48,2026-03-17 10:00:00,154,0.0025,0.005462517986755912,0.005462517986755912,0.005814827286706766,8.776512821852304e-06,1.0988079940695738e-05
39115,2026-03-15 11:00:00,107,2,48,2026-03-17 11:00:00,155,0.0013,0.004961005660931312,0.004961005660931312,0.004688715312854402,1.3402962449371116e-05,1.1483391471573906e-05
39115,2026-03-15 12:00:00,108,2,48,2026-03-17 12:00:00,156,0.0008,0.005001423402893255,0.005001423402893255,0.004706539863114164,1.7651958610379133e-05,1.526105370210003e-05
39115,2026-03-15 13:00:00,109,2,48,2026-03-17 13:00:00,157,0.0008,0.004689656026331243,0.004689656026331243,0.004846500445058265,1.5129424003174957e-05,1.637416585185673e-05
39115,2026-03-15 14:00:00,110,2,48,2026-03-17 14:00:00,158,0.0008,0.004187231760656164,0.004187231760656164,0.0042201758456751415,1.1473339000397859e-05,1.169760281533967e-05
39115,2026-03-15 15:00:00,111,2,48,2026-03-17 15:00:00,159,0.001,0.0032018744177735523,0.0032018744177735523,0.0033106064062753174,4.84825095164562e-06,5.338901964720537e-06
39115,2026-03-15 16:00:00,112,2,48,2026-03-17 16:00:00,160,0.0008,0.0030032158659629208,0.0030032158659629208,0.0034064045580082638,4.854160152030743e-06,6.793344720006253e-06
39115,2026-03-15 17:00:00,113,2,48,2026-03-17 17:00:00,161,0.0006,0.0026984851330727625,0.0026984851330727625,0.003186530526368755,4.40363985372741e-06,6.690140163837429e-06
39115,2026-03-15 18:00:00,114,2,48,2026-03-17 18:00:00,162,0.0006,0.0025481870853736486,0.0025481870853736486,0.002741868200295452,3.795432919616673e-06,4.587599387436879e-06
39115,2026-03-15 19:00:00,115,2,48,2026-03-17 19:00:00,163,0.0002,0.0023415494228200976,0.0023415494228200976,0.002370471055404344,4.586233930381092e-06,4.710944602348047e-06
39115,2026-03-15 20:00:00,116,2,48,2026-03-17 20:00:00,164,0.0002,0.0020223360492989456,0.0020223360492989456,0.0021700477658438194,3.3209086765744886e-06,3.881088199706224e-06
39115,2026-03-15 21:00:00,117,2,48,2026-03-17 21:00:00,165,0.0001,0.0,0.0,0.0,1e-08,1e-08
39115,2026-03-15 22:00:00,118,2,48,2026-03-17 22:00:00,166,0.0001,0.0,0.0,0.0,1e-08,1e-08
39115,2026-03-15 23:00:00,119,2,48,2026-03-17 23:00:00,167,0.0,0.0,0.0,0.0,0.0,0.0
39115,2026-03-16 00:00:00,120,2,48,2026-03-18 00:00:00,168,0.0,0.0,0.0,0.0,0.0,0.0
39115,2026-03-16 01:00:00,121,2,48,2026-03-18 01:00:00,169,0.0,0.0,0.0,0.0,0.0,0.0
39115,2026-03-16 02:00:00,122,2,48,2026-03-18 02:00:00,170,0.0,0.0,0.0,0.0,0.0,0.0
39115,2026-03-16 03:00:00,123,2,48,2026-03-18 03:00:00,171,0.0,0.0,0.0,0.0,0.0,0.0
39115,2026-03-16 04:00:00,124,2,48,2026-03-18 04:00:00,172,0.0,0.0,0.0,0.0,0.0,0.0
39115,2026-03-16 05:00:00,125,2,48,2026-03-18 05:00:00,173,0.0,0.0,0.0,0.0,0.0,0.0
39115,2026-03-16 06:00:00,126,2,48,2026-03-18 06:00:00,174,0.0,0.0,0.0,0.0,0.0,0.0
39115,2026-03-16 07:00:00,127,2,48,2026-03-18 07:00:00,175,0.0,0.0,0.0,0.0,0.0,0.0
39115,2026-03-16 08:00:00,128,2,48,2026-03-18 08:00:00,176,0.0001,0.0,0.0,0.0,1e-08,1e-08
39115,2026-03-16 09:00:00,129,2,48,2026-03-18 09:00:00,177,0.0015,0.0,0.0,0.0,2.25e-06,2.25e-06
39115,2026-03-16 10:00:00,130,2,48,2026-03-18 10:00:00,178,0.0764,0.0,0.0,0.0,0.0058369599999999995,0.0058369599999999995
39115,2026-03-16 11:00:00,131,2,48,2026-03-18 11:00:00,179,0.3277,0.0,0.0,0.0,0.10738729,0.10738729
39115,2026-03-16 12:00:00,132,2,48,2026-03-18 12:00:00,180,0.152,0.0,0.0,0.0,0.023104,0.023104
39115,2026-03-16 13:00:00,133,2,48,2026-03-18 13:00:00,181,0.0522,0.0,0.0,0.0,0.0027248400000000005,0.0027248400000000005
39115,2026-03-16 14:00:00,134,2,48,2026-03-18 14:00:00,182,0.0314,0.0,0.0,0.0,0.00098596,0.00098596
39115,2026-03-16 15:00:00,135,2,48,2026-03-18 15:00:00,183,0.0339,0.0,0.0,0.0,0.00114921,0.00114921
39115,2026-03-16 16:00:00,136,2,48,2026-03-18 16:00:00,184,0.0362,0.0,0.0,0.0,0.0013104400000000002,0.0013104400000000002
39115,2026-03-16 17:00:00,137,2,48,2026-03-18 17:00:00,185,0.0107,0.0,0.0,0.0,0.00011448999999999998,0.00011448999999999998
39115,2026-03-16 18:00:00,138,2,48,2026-03-18 18:00:00,186,0.0038,0.0,0.0,0.0,1.444e-05,1.444e-05
39115,2026-03-16 19:00:00,139,2,48,2026-03-18 19:00:00,187,0.0,0.0,0.0,0.0,0.0,0.0
39115,2026-03-16 20:00:00,140,2,48,2026-03-18 20:00:00,188,0.0,0.0,0.0,0.0,0.0,0.0
39115,2026-03-16 21:00:00,141,2,48,2026-03-18 21:00:00,189,0.0,0.0,0.0,0.0,0.0,0.0
39115,2026-03-16 22:00:00,142,2,48,2026-03-18 22:00:00,190,0.0,0.0,0.0,0.0,0.0,0.0
39115,2026-03-16 23:00:00,143,2,48,2026-03-18 23:00:00,191,0.0,0.0,0.0,0.0,0.0,0.0
39115,2026-03-17 00:00:00,144,2,48,2026-03-19 00:00:00,192,0.0,0.0,0.0,0.0,0.0,0.0
39115,2026-03-17 01:00:00,145,2,48,2026-03-19 01:00:00,193,0.0,0.0,0.0,0.0,0.0,0.0
39115,2026-03-17 02:00:00,146,2,48,2026-03-19 02:00:00,194,0.0,0.0,0.0,0.0,0.0,0.0
39115,2026-03-17 03:00:00,147,2,48,2026-03-19 03:00:00,195,0.0,0.0,0.0,0.0,0.0,0.0
39115,2026-03-17 04:00:00,148,2,48,2026-03-19 04:00:00,196,0.0,0.0,0.0,0.0,0.0,0.0
39115,2026-03-17 05:00:00,149,2,48,2026-03-19 05:00:00,197,0.0,0.0,0.0,0.0,0.0,0.0
39115,2026-03-17 06:00:00,150,2,48,2026-03-19 06:00:00,198,0.0,0.0,0.0,0.0,0.0,0.0
39115,2026-03-17 07:00:00,151,2,48,2026-03-19 07:00:00,199,0.0,0.0,0.0,0.0,0.0,0.0
39115,2026-03-17 08:00:00,152,2,48,2026-03-19 08:00:00,200,0.0001,0.0,0.0,0.0,1e-08,1e-08
39115,2026-03-17 09:00:00,153,2,48,2026-03-19 09:00:00,201,0.0,0.0,0.0,0.0,0.0,0.0
39115,2026-03-17 10:00:00,154,2,48,2026-03-19 10:00:00,202,0.0001,0.0,0.0,0.0,1e-08,1e-08
39115,2026-03-17 11:00:00,155,2,48,2026-03-19 11:00:00,203,0.0002,0.0,0.0,0.0,4e-08,4e-08
39115,2026-03-17 12:00:00,156,2,48,2026-03-19 12:00:00,204,0.0001,0.0,0.0,0.0,1e-08,1e-08
39115,2026-03-17 13:00:00,157,2,48,2026-03-19 13:00:00,205,0.0,0.0,0.0,0.0,0.0,0.0
39115,2026-03-17 14:00:00,158,2,48,2026-03-19 14:00:00,206,0.0,0.0,0.0,0.0,0.0,0.0
39115,2026-03-17 15:00:00,159,2,48,2026-03-19 15:00:00,207,0.0,0.0,0.0,0.0,0.0,0.0
39115,2026-03-17 16:00:00,160,2,48,2026-03-19 16:00:00,208,0.0,0.0,0.0,0.0,0.0,0.0
39115,2026-03-17 17:00:00,161,2,48,2026-03-19 17:00:00,209,0.0,0.0,0.0,0.0,0.0,0.0
39115,2026-03-17 18:00:00,162,2,48,2026-03-19 18:00:00,210,0.0,0.0,0.0,0.0,0.0,0.0
39115,2026-03-17 19:00:00,163,2,48,2026-03-19 19:00:00,211,0.0,0.0,0.0,0.0,0.0,0.0
39115,2026-03-17 20:00:00,164,2,48,2026-03-19 20:00:00,212,0.0,0.0,0.0,0.0,0.0,0.0
39115,2026-03-17 21:00:00,165,2,48,2026-03-19 21:00:00,213,0.0,0.0,0.0,0.0,0.0,0.0
39115,2026-03-17 22:00:00,166,2,48,2026-03-19 22:00:00,214,0.0,0.0,0.0,0.0,0.0,0.0
39115,2026-03-17 23:00:00,167,2,48,2026-03-19 23:00:00,215,0.0,0.0,0.0,0.0,0.0,0.0
39117,2026-03-14 00:00:00,72,4,48,2026-03-16 00:00:00,120,0.0406,0.03949138656302716,0.03949138656302716,0.03980629388755059,1.2290237526367204e-06,6.29969392939554e-07
39117,2026-03-14 01:00:00,73,4,48,2026-03-16 01:00:00,121,0.0402,0.03861438923144471,0.03861438923144471,0.03905531078110948,2.5141615093584974e-06,1.3103134078441914e-06
39117,2026-03-14 02:00:00,74,4,48,2026-03-16 02:00:00,122,0.0399,0.03658162920704847,0.03658162920704847,0.03727842042301273,1.1011584719513732e-05,6.87267947847675e-06
39117,2026-03-14 03:00:00,75,4,48,2026-03-16 03:00:00,123,0.0386,0.03850450331549864,0.03850450331549864,0.03894996097872151,9.119616750753395e-09,1.2247268662771713e-07
39117,2026-03-14 04:00:00,76,4,48,2026-03-16 04:00:00,124,0.0384,0.03696930256445921,0.03696930256445921,0.03720249493517503,2.0468951520629803e-06,1.4340183802814467e-06
39117,2026-03-14 05:00:00,77,4,48,2026-03-16 05:00:00,125,0.0386,0.03848479810742535,0.03848479810742535,0.038574580450006876,1.3271476052782431e-08,6.461535218530411e-10
39117,2026-03-14 06:00:00,78,4,48,2026-03-16 06:00:00,126,0.0393,0.03931889109809633,0.03931889109809633,0.039407885991649405,3.568735872851523e-10,1.163938719417516e-08
39117,2026-03-14 07:00:00,79,4,48,2026-03-16 07:00:00,127,0.0387,0.040219959519701705,0.040219959519701705,0.039523778395881684,2.3102769415318425e-06,6.786108455214034e-07
39117,2026-03-14 08:00:00,80,4,48,2026-03-16 08:00:00,128,0.0383,0.0395200238024677,0.0395200238024677,0.039226869429074836,1.4884580785877384e-06,8.590869385535106e-07
39117,2026-03-14 09:00:00,81,4,48,2026-03-16 09:00:00,129,0.0369,0.03794104185112639,0.03794104185112639,0.03719630015805378,1.0837681357966631e-06,8.779378366269368e-08
39117,2026-03-14 10:00:00,82,4,48,2026-03-16 10:00:00,130,0.0364,0.043123763574217495,0.043123763574217495,0.04174960769874526,4.5208996601974006e-05,2.8618302530474508e-05
39117,2026-03-14 11:00:00,83,4,48,2026-03-16 11:00:00,131,0.0353,0.035555367510431486,0.035555367510431486,0.034670699958061595,6.521256538397621e-08,3.9601854278367634e-07
39117,2026-03-14 12:00:00,84,4,48,2026-03-16 12:00:00,132,0.0349,0.030013241062458045,0.030013241062458045,0.02982224372595661,2.388041291364618e-05,2.5783608778587024e-05
39117,2026-03-14 13:00:00,85,4,48,2026-03-16 13:00:00,133,0.0345,0.030433917989809836,0.030433917989809836,0.030113496724150143,1.6533022913592108e-05,1.9241410989041554e-05
39117,2026-03-14 14:00:00,86,4,48,2026-03-16 14:00:00,134,0.0338,0.025180358337304667,0.025180358337304667,0.024939305836985653,7.429822239327311e-05,7.851190105047647e-05
39117,2026-03-14 15:00:00,87,4,48,2026-03-16 15:00:00,135,0.0312,0.019729435100745454,0.019729435100745454,0.019736687008641698,0.00013157385910801043,0.000131407544737844
39117,2026-03-14 16:00:00,88,4,48,2026-03-16 16:00:00,136,0.0268,0.01703264818175632,0.01703264818175632,0.016933514007978916,9.540116154134816e-05,9.734754583074829e-05
39117,2026-03-14 17:00:00,89,4,48,2026-03-16 17:00:00,137,0.0236,0.016643034025085903,0.016643034025085903,0.01664802332951551,4.839937557611244e-05,4.832997962696061e-05
39117,2026-03-14 18:00:00,90,4,48,2026-03-16 18:00:00,138,0.0222,0.012984118879761487,0.012984118879761487,0.012858511350064675,8.493246482236868e-05,8.726341019687052e-05
39117,2026-03-14 19:00:00,91,4,48,2026-03-16 19:00:00,139,0.0202,0.012230643819377102,0.012230643819377102,0.01200361504501886,6.351063793363237e-05,6.718072633024115e-05
39117,2026-03-14 20:00:00,92,4,48,2026-03-16 20:00:00,140,0.0183,0.010233484920291795,0.010233484920291795,0.009998005136908645,6.506866553115987e-05,6.892311870679525e-05
39117,2026-03-14 21:00:00,93,4,48,2026-03-16 21:00:00,141,0.0174,0.009296869505757525,0.009296869505757525,0.008938520899640765,6.566072380672227e-05,7.15966285658161e-05
39117,2026-03-14 22:00:00,94,4,48,2026-03-16 22:00:00,142,0.0169,0.007593258190743669,0.007593258190743669,0.007450977288096185,8.661544310415977e-05,8.928403021007409e-05
39117,2026-03-14 23:00:00,95,4,48,2026-03-16 23:00:00,143,0.0167,0.007790300121961098,0.007790300121961098,0.007532770564909349,7.938275191672643e-05,8.403809551559244e-05
39117,2026-03-15 00:00:00,96,4,48,2026-03-17 00:00:00,144,0.0162,0.006472750469002997,0.006472750469002997,0.006382267925631063,9.46193834382814e-05,9.63878630840926e-05
39117,2026-03-15 01:00:00,97,4,48,2026-03-17 01:00:00,145,0.0159,0.006757357688611152,0.006757357688611152,0.006505189433597807,8.358790843399762e-05,8.826246557858232e-05
39117,2026-03-15 02:00:00,98,4,48,2026-03-17 02:00:00,146,0.0145,0.007089687807364035,0.007089687807364035,0.006564421865464106,5.4912726792329254e-05,6.29734003293242e-05
39117,2026-03-15 03:00:00,99,4,48,2026-03-17 03:00:00,147,0.0141,0.006356360298570439,0.006356360298570439,0.006171841719094479,5.996395582555609e-05,6.285569372709078e-05
39117,2026-03-15 04:00:00,100,4,48,2026-03-17 04:00:00,148,0.0139,0.005510766319022107,0.005510766319022107,0.005250704239652483,7.037924175405387e-05,7.481031714996551e-05
39117,2026-03-15 05:00:00,101,4,48,2026-03-17 05:00:00,149,0.0137,0.005347235146052905,0.005347235146052905,0.005186813650871712,6.976868070533384e-05,7.247434181498422e-05
39117,2026-03-15 06:00:00,102,4,48,2026-03-17 06:00:00,150,0.0136,0.005566268499022625,0.005566268499022625,0.005235248738153751,6.454084182979615e-05,6.99690636725584e-05
39117,2026-03-15 07:00:00,103,4,48,2026-03-17 07:00:00,151,0.0137,0.004979963073521422,0.004979963073521422,0.004718230732183998,7.603904399914997e-05,8.067217918028402e-05
39117,2026-03-15 08:00:00,104,4,48,2026-03-17 08:00:00,152,0.0137,0.00524981830488529,0.00524981830488529,0.005077189807737213,7.140557068045172e-05,7.435285561179101e-05
39117,2026-03-15 09:00:00,105,4,48,2026-03-17 09:00:00,153,0.0137,0.005662880447486691,0.005662880447486691,0.005372814570808457,6.459529070139172e-05,6.934201717213996e-05
39117,2026-03-15 10:00:00,106,4,48,2026-03-17 10:00:00,154,0.0155,0.005154289640802769,0.005154289640802769,0.004713747459756591,0.00010703372283640091,0.00011634324386190739
39117,2026-03-15 11:00:00,107,4,48,2026-03-17 11:00:00,155,0.0215,0.004491785414083653,0.004491785414083653,0.004090809769628115,0.00028927936340057746,0.00030307990447727583
39117,2026-03-15 12:00:00,108,4,48,2026-03-17 12:00:00,156,0.0187,0.0046046931190224585,0.0046046931190224585,0.00413144388729186,0.00019867767606893287,0.00021224282720912576
39117,2026-03-15 13:00:00,109,4,48,2026-03-17 13:00:00,157,0.0173,0.004384110664701885,0.004384110664701885,0.0041146838838042234,0.00016682019732166758,0.00017385256108401207
39117,2026-03-15 14:00:00,110,4,48,2026-03-17 14:00:00,158,0.018,0.006155033433401332,0.006155033433401332,0.005753635628390151,0.00014030323296384018,0.00014997344032223508
39117,2026-03-15 15:00:00,111,4,48,2026-03-17 15:00:00,159,0.0178,0.002908962738191698,0.002908962738191698,0.0027479372176161063,0.0002217429907325633,0.00022656459400482635
39117,2026-03-15 16:00:00,112,4,48,2026-03-17 16:00:00,160,0.0137,0.004693157604775758,0.004693157604775758,0.0045531313134577695,8.112320993240878e-05,8.366520676884682e-05
39117,2026-03-15 17:00:00,113,4,48,2026-03-17 17:00:00,161,0.013,0.00212661790607492,0.00212661790607492,0.001913495308283995,0.00011823043816049057,0.00012291058627944098
39117,2026-03-15 18:00:00,114,4,48,2026-03-17 18:00:00,162,0.0126,0.0016330420419885668,0.0016330420419885668,0.0014993816961400123,0.00012027416685279031,0.00012322372672799137
39117,2026-03-15 19:00:00,115,4,48,2026-03-17 19:00:00,163,0.0121,0.0010754929203636455,0.0010754929203636455,0.0,0.0001215397563489521,0.00014641
39117,2026-03-15 20:00:00,116,4,48,2026-03-17 20:00:00,164,0.0115,0.0,0.0,0.0,0.00013225,0.00013225
39117,2026-03-15 21:00:00,117,4,48,2026-03-17 21:00:00,165,0.011,0.0017780231697589928,0.0017780231697589928,0.0019645163133510096,8.504485665750196e-05,8.163996545170003e-05
39117,2026-03-15 22:00:00,118,4,48,2026-03-17 22:00:00,166,0.0108,0.0,0.0,0.0,0.00011664000000000001,0.00011664000000000001
39117,2026-03-15 23:00:00,119,4,48,2026-03-17 23:00:00,167,0.0087,0.0,0.0,0.0,7.568999999999999e-05,7.568999999999999e-05
39117,2026-03-16 00:00:00,120,4,48,2026-03-18 00:00:00,168,0.0085,0.0,0.0,0.0,7.225000000000001e-05,7.225000000000001e-05
39117,2026-03-16 01:00:00,121,4,48,2026-03-18 01:00:00,169,0.0084,0.0,0.0,0.0,7.055999999999999e-05,7.055999999999999e-05
39117,2026-03-16 02:00:00,122,4,48,2026-03-18 02:00:00,170,0.0077,0.0,0.0,0.0,5.929e-05,5.929e-05
39117,2026-03-16 03:00:00,123,4,48,2026-03-18 03:00:00,171,0.0074,0.0,0.0,0.0,5.4760000000000004e-05,5.4760000000000004e-05
39117,2026-03-16 04:00:00,124,4,48,2026-03-18 04:00:00,172,0.0072,0.0,0.0,0.0,5.184e-05,5.184e-05
39117,2026-03-16 05:00:00,125,4,48,2026-03-18 05:00:00,173,0.0068,0.0,0.0,0.0,4.624e-05,4.624e-05
39117,2026-03-16 06:00:00,126,4,48,2026-03-18 06:00:00,174,0.0063,0.0,0.0,0.0,3.969e-05,3.969e-05
39117,2026-03-16 07:00:00,127,4,48,2026-03-18 07:00:00,175,0.0062,0.0,0.0,0.0,3.844e-05,3.844e-05
39117,2026-03-16 08:00:00,128,4,48,2026-03-18 08:00:00,176,0.0062,0.0,0.0,0.0,3.844e-05,3.844e-05
39117,2026-03-16 09:00:00,129,4,48,2026-03-18 09:00:00,177,0.0062,0.0022600294358961683,0.0022600294358961683,0.0014778967552909112,1.5523368046004664e-05,2.2298259053692098e-05
39117,2026-03-16 10:00:00,130,4,48,2026-03-18 10:00:00,178,0.006,0.001209550774559863,0.001209550774559863,0.0011867025760739721,2.2948403781520014e-05,2.316783209117294e-05
39117,2026-03-16 11:00:00,131,4,48,2026-03-18 11:00:00,179,0.004,0.0,0.0,0.0,1.6e-05,1.6e-05
39117,2026-03-16 12:00:00,132,4,48,2026-03-18 12:00:00,180,0.0036,0.0,0.0,0.0,1.296e-05,1.296e-05
39117,2026-03-16 13:00:00,133,4,48,2026-03-18 13:00:00,181,0.0033,0.0,0.0,0.0,1.0889999999999999e-05,1.0889999999999999e-05
39117,2026-03-16 14:00:00,134,4,48,2026-03-18 14:00:00,182,0.0038,0.0,0.0,0.0,1.444e-05,1.444e-05
39117,2026-03-16 15:00:00,135,4,48,2026-03-18 15:00:00,183,0.0029,0.0,0.0,0.0,8.409999999999999e-06,8.409999999999999e-06
39117,2026-03-16 16:00:00,136,4,48,2026-03-18 16:00:00,184,0.0025,0.0,0.0,0.0,6.25e-06,6.25e-06
39117,2026-03-16 17:00:00,137,4,48,2026-03-18 17:00:00,185,0.0025,0.0,0.0,0.0,6.25e-06,6.25e-06
39117,2026-03-16 18:00:00,138,4,48,2026-03-18 18:00:00,186,0.0024,0.0,0.0,0.0,5.759999999999999e-06,5.759999999999999e-06
39117,2026-03-16 19:00:00,139,4,48,2026-03-18 19:00:00,187,0.0023,0.0,0.0,0.0,5.29e-06,5.29e-06
39117,2026-03-16 20:00:00,140,4,48,2026-03-18 20:00:00,188,0.0023,0.0,0.0,0.0,5.29e-06,5.29e-06
39117,2026-03-16 21:00:00,141,4,48,2026-03-18 21:00:00,189,0.0021,0.0,0.0,0.0,4.409999999999999e-06,4.409999999999999e-06
39117,2026-03-16 22:00:00,142,4,48,2026-03-18 22:00:00,190,0.0018,0.0,0.0,0.0,3.24e-06,3.24e-06
39117,2026-03-16 23:00:00,143,4,48,2026-03-18 23:00:00,191,0.0015,0.0012623633329747702,0.0012623633329747702,0.0,5.6471185514859943e-08,2.25e-06
39117,2026-03-17 00:00:00,144,4,48,2026-03-19 00:00:00,192,0.0014,0.0,0.0,0.0,1.96e-06,1.96e-06
39117,2026-03-17 01:00:00,145,4,48,2026-03-19 01:00:00,193,0.0014,0.0,0.0,0.0,1.96e-06,1.96e-06
39117,2026-03-17 02:00:00,146,4,48,2026-03-19 02:00:00,194,0.0013,0.0,0.0,0.0,1.69e-06,1.69e-06
39117,2026-03-17 03:00:00,147,4,48,2026-03-19 03:00:00,195,0.0012,0.0,0.0,0.0,1.4399999999999998e-06,1.4399999999999998e-06
39117,2026-03-17 04:00:00,148,4,48,2026-03-19 04:00:00,196,0.0012,0.0,0.0,0.0,1.4399999999999998e-06,1.4399999999999998e-06
39117,2026-03-17 05:00:00,149,4,48,2026-03-19 05:00:00,197,0.0012,0.0,0.0,0.0,1.4399999999999998e-06,1.4399999999999998e-06
39117,2026-03-17 06:00:00,150,4,48,2026-03-19 06:00:00,198,0.0012,0.0,0.0,0.0,1.4399999999999998e-06,1.4399999999999998e-06
39117,2026-03-17 07:00:00,151,4,48,2026-03-19 07:00:00,199,0.0012,0.0,0.0,0.0,1.4399999999999998e-06,1.4399999999999998e-06
39117,2026-03-17 08:00:00,152,4,48,2026-03-19 08:00:00,200,0.0013,0.0,0.0,0.0,1.69e-06,1.69e-06
39117,2026-03-17 09:00:00,153,4,48,2026-03-19 09:00:00,201,0.001,0.0,0.0,0.0,1e-06,1e-06
39117,2026-03-17 10:00:00,154,4,48,2026-03-19 10:00:00,202,0.0009,0.0,0.0,0.0,8.1e-07,8.1e-07
39117,2026-03-17 11:00:00,155,4,48,2026-03-19 11:00:00,203,0.0008,0.0,0.0,0.0,6.4e-07,6.4e-07
39117,2026-03-17 12:00:00,156,4,48,2026-03-19 12:00:00,204,0.0008,0.0,0.0,0.0,6.4e-07,6.4e-07
39117,2026-03-17 13:00:00,157,4,48,2026-03-19 13:00:00,205,0.0008,0.0,0.0,0.0,6.4e-07,6.4e-07
39117,2026-03-17 14:00:00,158,4,48,2026-03-19 14:00:00,206,0.0005,0.0,0.0,0.0,2.5e-07,2.5e-07
39117,2026-03-17 15:00:00,159,4,48,2026-03-19 15:00:00,207,0.0004,0.0,0.0,0.0,1.6e-07,1.6e-07
39117,2026-03-17 16:00:00,160,4,48,2026-03-19 16:00:00,208,0.0003,0.0,0.0,0.0,8.999999999999999e-08,8.999999999999999e-08
39117,2026-03-17 17:00:00,161,4,48,2026-03-19 17:00:00,209,0.0003,0.0,0.0,0.0,8.999999999999999e-08,8.999999999999999e-08
39117,2026-03-17 18:00:00,162,4,48,2026-03-19 18:00:00,210,0.0004,0.0,0.0,0.0,1.6e-07,1.6e-07
39117,2026-03-17 19:00:00,163,4,48,2026-03-19 19:00:00,211,0.0001,0.0010210903475874494,0.0010210903475874494,0.0,8.484074284187683e-07,1e-08
39117,2026-03-17 20:00:00,164,4,48,2026-03-19 20:00:00,212,0.0002,0.0010564411268523383,0.0010564411268523383,0.0,7.33491403764103e-07,4e-08
39117,2026-03-17 21:00:00,165,4,48,2026-03-19 21:00:00,213,0.0003,0.0,0.0,0.0,8.999999999999999e-08,8.999999999999999e-08
39117,2026-03-17 22:00:00,166,4,48,2026-03-19 22:00:00,214,0.0003,0.00120540043224353,0.00120540043224353,0.0,8.19749942706771e-07,8.999999999999999e-08
39117,2026-03-17 23:00:00,167,4,48,2026-03-19 23:00:00,215,0.0003,0.0,0.0,0.0,8.999999999999999e-08,8.999999999999999e-08
39119,2026-03-14 00:00:00,72,1,48,2026-03-16 00:00:00,120,0.0074,0.040334433876488086,0.040334433876488086,0.01904132825069269,0.0010846769347647664,0.00013552052344037568
39119,2026-03-14 01:00:00,73,1,48,2026-03-16 01:00:00,121,0.0072,0.039698221061548196,0.039698221061548196,0.01895893447116694,0.0010561343721652548,0.0001382725398971981
39119,2026-03-14 02:00:00,74,1,48,2026-03-16 02:00:00,122,0.0072,0.03973343805499768,0.03973343805499768,0.018946997610814142,0.0010584245916783715,0.00013799195286847319
39119,2026-03-14 03:00:00,75,1,48,2026-03-16 03:00:00,123,0.0073,0.03984282497805926,0.03984282497805926,0.018984032062482954,0.0010590354575525974,0.00013651660523712967
39119,2026-03-14 04:00:00,76,1,48,2026-03-16 04:00:00,124,0.0074,0.03965229561488789,0.03965229561488789,0.018978906702034157,0.0010402105724301167,0.0001340710804144115
39119,2026-03-14 05:00:00,77,1,48,2026-03-16 05:00:00,125,0.0092,0.03987669401527202,0.03987669401527202,0.019079282755685895,0.000941059555706626,9.76002277667927e-05
39119,2026-03-14 06:00:00,78,1,48,2026-03-16 06:00:00,126,0.016,0.04020158080109008,0.04020158080109008,0.019081822227099626,0.0005857165132716918,9.497628239445295e-06
39119,2026-03-14 07:00:00,79,1,48,2026-03-16 07:00:00,127,0.0168,0.04105285166773262,0.04105285166773262,0.019264817252095546,0.000588200814017041,6.075324086227843e-06
39119,2026-03-14 08:00:00,80,1,48,2026-03-16 08:00:00,128,0.0152,0.040132305102617845,0.040132305102617845,0.01918656761178983,0.0006216198377300239,1.589272132337166e-05
39119,2026-03-14 09:00:00,81,1,48,2026-03-16 09:00:00,129,0.0088,0.04059671336247509,0.04059671336247509,0.018996801830634128,0.001011030980655402,0.00010397476757322349
39119,2026-03-14 10:00:00,82,1,48,2026-03-16 10:00:00,130,0.0072,0.04193592823685463,0.04193592823685463,0.018863845395462358,0.001206584710475915,0.00013604528940924844
39119,2026-03-14 11:00:00,83,1,48,2026-03-16 11:00:00,131,0.0077,0.040369121908716415,0.040369121908716415,0.018814424259888687,0.001067271526286575,0.00012353042662880217
39119,2026-03-14 12:00:00,84,1,48,2026-03-16 12:00:00,132,0.0079,0.03547296910930958,0.03547296910930958,0.01873502463908428,0.0007602686255029404,0.00011739775892956344
39119,2026-03-14 13:00:00,85,1,48,2026-03-16 13:00:00,133,0.0059,0.030861698945519954,0.030861698945519954,0.016383862875602506,0.000623086414246772,0.00010991138079443647
39119,2026-03-14 14:00:00,86,1,48,2026-03-16 14:00:00,134,0.0033,0.03017626476697191,0.03017626476697191,0.016432969663241096,0.0007223336078243757,0.00017247489217561094
39119,2026-03-14 15:00:00,87,1,48,2026-03-16 15:00:00,135,0.0026,0.02364655397810952,0.02364655397810952,0.011036339470264164,0.0004429574343534776,7.117182365753703e-05
39119,2026-03-14 16:00:00,88,1,48,2026-03-16 16:00:00,136,0.0024,0.022345224170611702,0.022345224170611702,0.01011030205415672,0.0003978119672159533,5.9448757766333355e-05
39119,2026-03-14 17:00:00,89,1,48,2026-03-16 17:00:00,137,0.0022,0.02108211053769278,0.02108211053769278,0.00954468776484431,0.0003565340983576487,5.394443836305371e-05
39119,2026-03-14 18:00:00,90,1,48,2026-03-16 18:00:00,138,0.0017,0.019436771327893954,0.019436771327893954,0.008148597286442029,0.00031459305713800104,4.158440696270749e-05
39119,2026-03-14 19:00:00,91,1,48,2026-03-16 19:00:00,139,0.0012,0.01512866081112602,0.01512866081112602,0.007207003850369332,0.00019400759199139774,3.608409525835199e-05
39119,2026-03-14 20:00:00,92,1,48,2026-03-16 20:00:00,140,0.001,0.012981326083475825,0.012981326083475825,0.006175097592974846,0.00014355217471857812,2.6781635096814047e-05
39119,2026-03-14 21:00:00,93,1,48,2026-03-16 21:00:00,141,0.0011,0.011730125875077439,0.011730125875077439,0.005728867308751716,0.00011299957611999087,2.1426412562030353e-05
39119,2026-03-14 22:00:00,94,1,48,2026-03-16 22:00:00,142,0.0009,0.010827069574044614,0.010827069574044614,0.005466375323809515,9.854671032792231e-05,2.0851783597896454e-05
39119,2026-03-14 23:00:00,95,1,48,2026-03-16 23:00:00,143,0.0008,0.010607936042414027,0.010607936042414027,0.005390828595541932,9.619560941208412e-05,2.1075707193645506e-05
39119,2026-03-15 00:00:00,96,1,48,2026-03-17 00:00:00,144,0.0008,0.010091269937213909,0.010091269937213909,0.005402218807622119,8.632769704617495e-05,2.1180417953230755e-05
39119,2026-03-15 01:00:00,97,1,48,2026-03-17 01:00:00,145,0.0007,0.01009952191212319,0.01009952191212319,0.0053726713311954945,8.8351012176484e-05,2.1833857369376272e-05
39119,2026-03-15 02:00:00,98,1,48,2026-03-17 02:00:00,146,0.0007,0.010132190597079245,0.010132190597079245,0.005383624244093603,8.896621945963013e-05,2.1936336059861374e-05
39119,2026-03-15 03:00:00,99,1,48,2026-03-17 03:00:00,147,0.0007,0.010010654057716414,0.010010654057716414,0.0053773328754723685,8.668827898247114e-05,2.1877442827974614e-05
39119,2026-03-15 04:00:00,100,1,48,2026-03-17 04:00:00,148,0.0007,0.010396999767957523,0.010396999767957523,0.005382536374239837,9.403180449976827e-05,2.192614689607916e-05
39119,2026-03-15 05:00:00,101,1,48,2026-03-17 05:00:00,149,0.0007,0.010757821216225441,0.010757821216225441,0.005426415080973749,0.00010115976761755463,2.233899951765609e-05
39119,2026-03-15 06:00:00,102,1,48,2026-03-17 06:00:00,150,0.0007,0.010718141602556987,0.010718141602556987,0.0054366550127578,0.0001003631611688831,2.2435900709883598e-05
39119,2026-03-15 07:00:00,103,1,48,2026-03-17 07:00:00,151,0.0007,0.009614782614438086,0.009614782614438086,0.00541669085277258,7.947334906268757e-05,2.2247172600628528e-05
39119,2026-03-15 08:00:00,104,1,48,2026-03-17 08:00:00,152,0.0007,0.00990758392321142,0.00990758392321142,0.00542074942176817,8.477960170298142e-05,2.2285475103124507e-05
39119,2026-03-15 09:00:00,105,1,48,2026-03-17 09:00:00,153,0.0008,0.007807422597504834,0.007807422597504834,0.00515469382031359,4.9103971460021395e-05,1.8963358268677364e-05
39119,2026-03-15 10:00:00,106,1,48,2026-03-17 10:00:00,154,0.0008,0.006475433004647913,0.006475433004647913,0.004949851531460538,3.2210539790246835e-05,1.7221267733165367e-05
39119,2026-03-15 11:00:00,107,1,48,2026-03-17 11:00:00,155,0.0009,0.0070305820125029705,0.0070305820125029705,0.004946936735738993,3.7584035812024974e-05,1.6377696943073778e-05
39119,2026-03-15 12:00:00,108,1,48,2026-03-17 12:00:00,156,0.0012,0.005478737765881348,0.005478737765881348,0.004382532058296647,1.830759686917931e-05,1.0128510302085893e-05
39119,2026-03-15 13:00:00,109,1,48,2026-03-17 13:00:00,157,0.0008,0.004620278165175068,0.004620278165175068,0.003949742767168168,1.4594525259313386e-05,9.920879499328192e-06
39119,2026-03-15 14:00:00,110,1,48,2026-03-17 14:00:00,158,0.0006,0.004213458513130442,0.004213458513130442,0.0039351452924360104,1.3057082426114862e-05,1.1123194121658083e-05
39119,2026-03-15 15:00:00,111,1,48,2026-03-17 15:00:00,159,0.0006,0.0029338823279675347,0.0029338823279675347,0.003245632860211062,5.44700672079916e-06,6.9993732310285664e-06
39119,2026-03-15 16:00:00,112,1,48,2026-03-17 16:00:00,160,0.0006,0.0027951536075079162,0.0027951536075079162,0.003208690041295727,4.8186993605550195e-06,6.8052637315555026e-06
39119,2026-03-15 17:00:00,113,1,48,2026-03-17 17:00:00,161,0.0005,0.002352064190060784,0.002352064190060784,0.0030507211694586114,3.430141764105508e-06,6.506178484324306e-06
39119,2026-03-15 18:00:00,114,1,48,2026-03-17 18:00:00,162,0.0003,0.0024794159549987606,0.0024794159549987606,0.00302599275903657,4.7498539049031604e-06,7.431036522319812e-06
39119,2026-03-15 19:00:00,115,1,48,2026-03-17 19:00:00,163,0.0002,0.0017487882674781872,0.0017487882674781872,0.0022540376355367248,2.3987450974780845e-06,4.219070608201298e-06
39119,2026-03-15 20:00:00,116,1,48,2026-03-17 20:00:00,164,0.0002,0.0013808731248562305,0.0013808731248562305,0.0022563378975133065,1.3944613370077184e-06,4.228525548749446e-06
39119,2026-03-15 21:00:00,117,1,48,2026-03-17 21:00:00,165,0.0001,0.0013355294727902403,0.0013355294727902403,0.002262550680909531,1.5265330781333292e-06,4.676625447502277e-06
39119,2026-03-15 22:00:00,118,1,48,2026-03-17 22:00:00,166,0.0001,0.0013757334082726382,0.0013757334082726382,0.0023539036412817114,1.6274957289829216e-06,5.080081624182958e-06
39119,2026-03-15 23:00:00,119,1,48,2026-03-17 23:00:00,167,0.0001,0.0012457067037378931,0.0012457067037378931,0.001882847547132469,1.3126438509899483e-06,3.1785453763162613e-06
39119,2026-03-16 00:00:00,120,1,48,2026-03-18 00:00:00,168,0.0,0.0016431425557946924,0.0016431425557946924,0.001756470462720503,2.6999174586635137e-06,3.0851884864095778e-06
39119,2026-03-16 01:00:00,121,1,48,2026-03-18 01:00:00,169,0.0,0.0013452914769674063,0.0013452914769674063,0.0017517046094311407,1.8098091580011454e-06,3.068469038702305e-06
39119,2026-03-16 02:00:00,122,1,48,2026-03-18 02:00:00,170,0.0,0.001311265079128025,0.001311265079128025,0.0017502417256637147,1.7194161077406254e-06,3.063346098254298e-06
39119,2026-03-16 03:00:00,123,1,48,2026-03-18 03:00:00,171,0.0,0.0,0.0,0.0017502417256637147,0.0,3.063346098254298e-06
39119,2026-03-16 04:00:00,124,1,48,2026-03-18 04:00:00,172,0.0,0.0010605745936619877,0.0010605745936619877,0.0018559146272964164,1.1248184687212904e-06,3.4444191038127962e-06
39119,2026-03-16 05:00:00,125,1,48,2026-03-18 05:00:00,173,0.0,0.0,0.0,0.0013971563386250484,0.0,1.952045834560151e-06
39119,2026-03-16 06:00:00,126,1,48,2026-03-18 06:00:00,174,0.0,0.0,0.0,0.001396218377904387,0.0,1.949425758797958e-06
39119,2026-03-16 07:00:00,127,1,48,2026-03-18 07:00:00,175,0.0,0.0,0.0,0.0014010126905499897,0.0,1.962836559082121e-06
39119,2026-03-16 08:00:00,128,1,48,2026-03-18 08:00:00,176,0.0001,0.00112015769781861,0.00112015769781861,0.001697365954494854,1.0407217284185665e-06,2.551577992579256e-06
39119,2026-03-16 09:00:00,129,1,48,2026-03-18 09:00:00,177,0.0004,0.0012328055805215584,0.0012328055805215584,0.0017719464593957401,6.935651349478498e-07,1.8822370874485072e-06
39119,2026-03-16 10:00:00,130,1,48,2026-03-18 10:00:00,178,0.0003,0.0037979629271252015,0.0037979629271252015,0.0019057283555207142,1.2235744639542309e-05,2.5783635517232575e-06
39119,2026-03-16 11:00:00,131,1,48,2026-03-18 11:00:00,179,0.0007,0.007207801065314789,0.007207801065314789,0.0020350001676065228,4.23514747057123e-05,1.7822254475094437e-06
39119,2026-03-16 12:00:00,132,1,48,2026-03-18 12:00:00,180,0.0003,0.003933908275085887,0.003933908275085887,0.0016851338154970738,1.3205289351737687e-05,1.918595686833482e-06
39119,2026-03-16 13:00:00,133,1,48,2026-03-18 13:00:00,181,0.0002,0.00359169141929526,0.00359169141929526,0.0017041425618400752,1.1503570683721096e-05,2.262444846338824e-06
39119,2026-03-16 14:00:00,134,1,48,2026-03-18 14:00:00,182,0.0003,0.002371061210135677,0.002371061210135677,0.0015115585346618756,4.289294536128655e-06,1.4678740829120315e-06
39119,2026-03-16 15:00:00,135,1,48,2026-03-18 15:00:00,183,0.0002,0.0,0.0,0.0014000561987304596,4e-08,1.4401348801114002e-06
39119,2026-03-16 16:00:00,136,1,48,2026-03-18 16:00:00,184,0.0002,0.0,0.0,0.0013915398966175979,4e-08,1.4197673252314756e-06
39119,2026-03-16 17:00:00,137,1,48,2026-03-18 17:00:00,185,0.0001,0.0,0.0,0.0013926437004095201,1e-08,1.670927736208417e-06
39119,2026-03-16 18:00:00,138,1,48,2026-03-18 18:00:00,186,0.0001,0.0,0.0,0.0013959899987963597,1e-08,1.6795900769801882e-06
39119,2026-03-16 19:00:00,139,1,48,2026-03-18 19:00:00,187,0.0001,0.0,0.0,0.001398363320794973,1e-08,1.6857473127857498e-06
39119,2026-03-16 20:00:00,140,1,48,2026-03-18 20:00:00,188,0.0001,0.0,0.0,0.0013976502512770318,1e-08,1.6838961746393436e-06
39119,2026-03-16 21:00:00,141,1,48,2026-03-18 21:00:00,189,0.0001,0.0,0.0,0.0013975429898121971,1e-08,1.6836178104107755e-06
39119,2026-03-16 22:00:00,142,1,48,2026-03-18 22:00:00,190,0.0001,0.0,0.0,0.001399610004414881,1e-08,1.6889861635752467e-06
39119,2026-03-16 23:00:00,143,1,48,2026-03-18 23:00:00,191,0.0,0.0,0.0,0.0014005871461220322,0.0,1.9616443538822588e-06
39119,2026-03-17 00:00:00,144,1,48,2026-03-19 00:00:00,192,0.0,0.0,0.0,0.0014005871461220322,0.0,1.9616443538822588e-06
39119,2026-03-17 01:00:00,145,1,48,2026-03-19 01:00:00,193,0.0001,0.0,0.0,0.0014005871461220322,1e-08,1.6915269246578522e-06
39119,2026-03-17 02:00:00,146,1,48,2026-03-19 02:00:00,194,0.0001,0.0,0.0,0.001400352039720477,1e-08,1.6909154272052049e-06
39119,2026-03-17 03:00:00,147,1,48,2026-03-19 03:00:00,195,0.0,0.0,0.0,0.0013998178539995632,0.0,1.9594900243759423e-06
39119,2026-03-17 04:00:00,148,1,48,2026-03-19 04:00:00,196,0.0,0.0,0.0,0.0014026075772402987,0.0,1.9673080157319006e-06
39119,2026-03-17 05:00:00,149,1,48,2026-03-19 05:00:00,197,0.0,0.0,0.0,0.0014009852882948715,0.0,1.962759778018664e-06
39119,2026-03-17 06:00:00,150,1,48,2026-03-19 06:00:00,198,0.0,0.0,0.0,0.0014017273814824795,0.0,1.9648396519977283e-06
39119,2026-03-17 07:00:00,151,1,48,2026-03-19 07:00:00,199,0.0,0.0,0.0,0.0014033496704279067,0.0,1.9693902974901144e-06
39119,2026-03-17 08:00:00,152,1,48,2026-03-19 08:00:00,200,0.0001,0.0,0.0,0.001401282655825223,1e-08,1.6933365503515453e-06
39119,2026-03-17 09:00:00,153,1,48,2026-03-19 09:00:00,201,0.0002,0.0,0.0,0.0014020690603775768,4e-08,1.4449700259170302e-06
39119,2026-03-17 10:00:00,154,1,48,2026-03-19 10:00:00,202,0.0002,0.0,0.0,0.0013975565555674541,4e-08,1.4341417037825847e-06
39119,2026-03-17 11:00:00,155,1,48,2026-03-19 11:00:00,203,0.0003,0.0,0.0,0.0013528240030051208,8.999999999999999e-08,1.1084383813037268e-06
39119,2026-03-17 12:00:00,156,1,48,2026-03-19 12:00:00,204,0.0006,0.0,0.0,0.0013479096601978274,3.5999999999999994e-07,5.593688598172297e-07
39119,2026-03-17 13:00:00,157,1,48,2026-03-19 13:00:00,205,0.0007,0.0,0.0,0.0013532154532042997,4.9e-07,4.266904283048986e-07
39119,2026-03-17 14:00:00,158,1,48,2026-03-19 14:00:00,206,0.0006,0.0,0.0,0.001399057247616976,3.5999999999999994e-07,6.384924849692173e-07
39119,2026-03-17 15:00:00,159,1,48,2026-03-19 15:00:00,207,0.0002,0.0,0.0,0.0013990151121373183,4e-08,1.4376372391336657e-06
39119,2026-03-17 16:00:00,160,1,48,2026-03-19 16:00:00,208,0.0002,0.0,0.0,0.001398178337020246,4e-08,1.435631327304602e-06
39119,2026-03-17 17:00:00,161,1,48,2026-03-19 17:00:00,209,0.0002,0.0,0.0,0.001398850698581176,4e-08,1.4372429974885737e-06
39119,2026-03-17 18:00:00,162,1,48,2026-03-19 18:00:00,210,0.0002,0.0,0.0,0.001397165723443515,4e-08,1.4332057693880346e-06
39119,2026-03-17 19:00:00,163,1,48,2026-03-19 19:00:00,211,0.0001,0.0,0.0,0.001381153714478914,1e-08,1.6413548401231185e-06
39119,2026-03-17 20:00:00,164,1,48,2026-03-19 20:00:00,212,0.0001,0.0,0.0,0.0014141185514833679,1e-08,1.726907567352745e-06
39119,2026-03-17 21:00:00,165,1,48,2026-03-19 21:00:00,213,0.0,0.0,0.0,0.0014161855660860519,0.0,2.005581557590471e-06
39119,2026-03-17 22:00:00,166,1,48,2026-03-19 22:00:00,214,0.0,0.0,0.0,0.0014161855660860519,0.0,2.005581557590471e-06
39119,2026-03-17 23:00:00,167,1,48,2026-03-19 23:00:00,215,0.0,0.0,0.0,0.0014161855660860519,0.0,2.005581557590471e-06
42053,2026-03-14 00:00:00,72,3,48,2026-03-16 00:00:00,120,0.026,0.012379608519697714,0.012379608519697714,0.008440104533831084,0.00018551506407669106,0.0003083499287827796
42053,2026-03-14 01:00:00,73,3,48,2026-03-16 01:00:00,121,0.0239,0.012214027294741404,0.012214027294741404,0.008440104533831084,0.00013656195806804894,0.00023900836782487025
42053,2026-03-14 02:00:00,74,3,48,2026-03-16 02:00:00,122,0.0228,0.01222151233352545,0.01222151233352545,0.008467427779331835,0.00011190440130975418,0.0002054226264606688
42053,2026-03-14 03:00:00,75,3,48,2026-03-16 03:00:00,123,0.0219,0.012165737199616248,0.012165737199616248,0.00842464250228168,9.475587226693491e-05,0.00018158525969131335
42053,2026-03-14 04:00:00,76,3,48,2026-03-16 04:00:00,124,0.0206,0.011774661397652866,0.011774661397652866,0.00842464250228168,7.788660144607847e-05,0.00014823933019724573
42053,2026-03-14 05:00:00,77,3,48,2026-03-16 05:00:00,125,0.0141,0.010419827001516098,0.010419827001516098,0.00790700722063778,1.3543673298769994e-05,3.83531595652326e-05
42053,2026-03-14 06:00:00,78,3,48,2026-03-16 06:00:00,126,0.0134,0.010118828076384532,0.010118828076384532,0.007909192768494201,1.0766089192322432e-05,3.014896405355638e-05
42053,2026-03-14 07:00:00,79,3,48,2026-03-16 07:00:00,127,0.0133,0.013052857552044734,0.013052857552044734,0.010260145355477503,6.107938958132109e-08,9.24071625982499e-06
42053,2026-03-14 08:00:00,80,3,48,2026-03-16 08:00:00,128,0.0126,0.013526425516044127,0.013526425516044127,0.010136549712307295,8.582642367776278e-07,6.068587319933273e-06
42053,2026-03-14 09:00:00,81,3,48,2026-03-16 09:00:00,129,0.01,0.014108868934356469,0.014108868934356469,0.01006920515409345,1.6882803919719665e-05,4.789353353098031e-09
42053,2026-03-14 10:00:00,82,3,48,2026-03-16 10:00:00,130,0.007,0.01365243137241539,0.01365243137241539,0.009802890318959787,4.42548431646965e-05,7.856194140118497e-06
42053,2026-03-14 11:00:00,83,3,48,2026-03-16 11:00:00,131,0.0057,0.012467893334668316,0.012467893334668316,0.009861863764888403,4.580438018944782e-05,1.7321109997491068e-05
42053,2026-03-14 12:00:00,84,3,48,2026-03-16 12:00:00,132,0.0025,0.011392900884236288,0.011392900884236288,0.0100024500804217,7.908368613685053e-05,5.6286757209219564e-05
42053,2026-03-14 13:00:00,85,3,48,2026-03-16 13:00:00,133,0.0017,0.011329423574942538,0.011329423574942538,0.009791013130678376,9.272579838565913e-05,6.546449348080988e-05
42053,2026-03-14 14:00:00,86,3,48,2026-03-16 14:00:00,134,0.0041,0.011589774306238873,0.011589774306238873,0.009611762705754366,5.6096719158395994e-05,3.0379528124544685e-05
42053,2026-03-14 15:00:00,87,3,48,2026-03-16 15:00:00,135,0.0144,0.011156142648409986,0.011156142648409986,0.009907948735779305,1.0522610517464576e-05,2.0178524560386738e-05
42053,2026-03-14 16:00:00,88,3,48,2026-03-16 16:00:00,136,0.0152,0.013348350195341188,0.013348350195341188,0.010306355575876685,3.428606999093017e-06,2.3947755749753214e-05
42053,2026-03-14 17:00:00,89,3,48,2026-03-16 17:00:00,137,0.0147,0.011211146367126794,0.011211146367126794,0.010095442953863255,1.2172099671612563e-05,2.120194559112754e-05
42053,2026-03-14 18:00:00,90,3,48,2026-03-16 18:00:00,138,0.0217,0.008884160757605413,0.008884160757605413,0.010623294015638086,0.00016424573548690107,0.00012269341546399903
42053,2026-03-14 19:00:00,91,3,48,2026-03-16 19:00:00,139,0.0232,0.010967157797018432,0.010967157797018432,0.012914540283806706,0.0001496424283630469,0.00010579068157343501
42053,2026-03-14 20:00:00,92,3,48,2026-03-16 20:00:00,140,0.0228,0.015359066238219898,0.015359066238219898,0.015039165386304223,5.536749524719899e-05,6.023055390113849e-05
42053,2026-03-14 21:00:00,93,3,48,2026-03-16 21:00:00,141,0.0172,0.017547860344375114,0.017547860344375114,0.017039543192505942,1.2100681918877267e-07,2.5746387071185035e-08
42053,2026-03-14 22:00:00,94,3,48,2026-03-16 22:00:00,142,0.0172,0.02203370009238151,0.02203370009238151,0.019991158474311904,2.3364656583089004e-05,7.790565628723157e-06
42053,2026-03-14 23:00:00,95,3,48,2026-03-16 23:00:00,143,0.0177,0.021873848711643745,0.021873848711643745,0.01854161160681597,1.7421013067690147e-05,7.083100967273556e-07
42053,2026-03-15 00:00:00,96,3,48,2026-03-17 00:00:00,144,0.0171,0.021621841851294468,0.021621841851294468,0.018827116849282104,2.044705372811818e-05,2.982932611074141e-06
42053,2026-03-15 01:00:00,97,3,48,2026-03-17 01:00:00,145,0.0158,0.018435918976685943,0.018435918976685943,0.014924737156417872,6.948068851653061e-06,7.660850453554752e-07
42053,2026-03-15 02:00:00,98,3,48,2026-03-17 02:00:00,146,0.0078,0.017955463190652148,0.017955463190652148,0.014647982625665551,0.00010313343261669071,4.689486604141726e-05
42053,2026-03-15 03:00:00,99,3,48,2026-03-17 03:00:00,147,0.02,0.018426983324565993,0.018426983324565993,0.014523897868299624,2.474381461193457e-06,2.9987694556813406e-05
42053,2026-03-15 04:00:00,100,3,48,2026-03-17 04:00:00,148,0.0209,0.014851259818926118,0.014851259818926118,0.014667858448321972,3.6587257778137676e-05,3.88395883201518e-05
42053,2026-03-15 05:00:00,101,3,48,2026-03-17 05:00:00,149,0.0152,0.016978065820365,0.016978065820365,0.016141323748223288,3.161518061550256e-06,8.860903989691401e-07
42053,2026-03-15 06:00:00,102,3,48,2026-03-17 06:00:00,150,0.0153,0.01726892385937994,0.01726892385937994,0.016959864297532965,3.876661164035603e-06,2.755149486224606e-06
42053,2026-03-15 07:00:00,103,3,48,2026-03-17 07:00:00,151,0.0154,0.016926192515526656,0.016926192515526656,0.01711783964726504,2.32926359444958e-06,2.9509730537156736e-06
42053,2026-03-15 08:00:00,104,3,48,2026-03-17 08:00:00,152,0.0165,0.015375956466543168,0.015375956466543168,0.01638537662419854,1.2634738651061212e-06,1.3138518280122861e-08
42053,2026-03-15 09:00:00,105,3,48,2026-03-17 09:00:00,153,0.0207,0.013719313084886275,0.013719313084886275,0.015124385027441302,4.8729989806839966e-05,3.108748232222073e-05
42053,2026-03-15 10:00:00,106,3,48,2026-03-17 10:00:00,154,0.0362,0.011857187654697275,0.011857187654697275,0.013844703245960719,0.000592572512878623,0.0004997592929611595
42053,2026-03-15 11:00:00,107,3,48,2026-03-17 11:00:00,155,0.0376,0.012756160022322969,0.012756160022322969,0.013636469393154911,0.0006172163848364235,0.0005742507991452015
42053,2026-03-15 12:00:00,108,3,48,2026-03-17 12:00:00,156,0.033,0.014294791616019592,0.014294791616019592,0.013637028869894163,0.0003498848206881311,0.0003749246509853122
42053,2026-03-15 13:00:00,109,3,48,2026-03-17 13:00:00,157,0.0076,0.016799873274014096,0.016799873274014096,0.013637028869894163,8.463766825791886e-05,3.644571757593559e-05
42053,2026-03-15 14:00:00,110,3,48,2026-03-17 14:00:00,158,0.0092,0.01605809213147608,0.01605809213147608,0.013608118246416381,4.703342768381412e-05,1.943150647438903e-05
42053,2026-03-15 15:00:00,111,3,48,2026-03-17 15:00:00,159,0.0199,0.015554418352655659,0.015554418352655659,0.013322602326173619,1.888407985373597e-05,4.32621601596567e-05
42053,2026-03-15 16:00:00,112,3,48,2026-03-17 16:00:00,160,0.0175,0.013145408037854812,0.013145408037854812,0.012957114366773992,1.896247115677949e-05,2.0637809876571285e-05
42053,2026-03-15 17:00:00,113,3,48,2026-03-17 17:00:00,161,0.0036,0.012252563569012392,0.012252563569012392,0.013012621337839215,7.486685631580045e-05,8.859744044954608e-05
42053,2026-03-15 18:00:00,114,3,48,2026-03-17 18:00:00,162,0.0011,0.011329813794626912,0.011329813794626912,0.01265300059671305,0.00010464909027273907,0.00013347182278765208
42053,2026-03-15 19:00:00,115,3,48,2026-03-17 19:00:00,163,0.0018,0.009816255649581914,0.009816255649581914,0.011582786665357999,6.426035463945396e-05,9.57029149399063e-05
42053,2026-03-15 20:00:00,116,3,48,2026-03-17 20:00:00,164,0.0018,0.011081180253887673,0.011081180253887673,0.011504620108159188,8.614030690515445e-05,9.417965144368767e-05
42053,2026-03-15 21:00:00,117,3,48,2026-03-17 21:00:00,165,0.0009,0.011227553844461415,0.011227553844461415,0.011504620108159188,0.00010665836841024976,0.0001124579676383742
42053,2026-03-15 22:00:00,118,3,48,2026-03-17 22:00:00,166,0.0,0.009003293495851439,0.009003293495851439,0.009607635964509314,8.105929377244082e-05,9.230666882653282e-05
42053,2026-03-15 23:00:00,119,3,48,2026-03-17 23:00:00,167,0.0,0.006427439774296311,0.006427439774296311,0.007693678775085036,4.1311982052206216e-05,5.919269309419398e-05
42053,2026-03-16 00:00:00,120,3,48,2026-03-18 00:00:00,168,0.0,0.004533090354868019,0.004533090354868019,0.005621029227672278,2.0548908165397458e-05,3.159596957834601e-05
42053,2026-03-16 01:00:00,121,3,48,2026-03-18 01:00:00,169,0.0,0.0038200865627396542,0.0038200865627396542,0.0055953476808581655,1.4593061346824067e-05,3.130791566968485e-05
42053,2026-03-16 02:00:00,122,3,48,2026-03-18 02:00:00,170,0.0,0.004030455722377208,0.004030455722377208,0.0055953476808581655,1.6244573330043182e-05,3.130791566968485e-05
42053,2026-03-16 03:00:00,123,3,48,2026-03-18 03:00:00,171,0.0,0.003964237137151255,0.003964237137151255,0.0055953476808581655,1.571517607956918e-05,3.130791566968485e-05
42053,2026-03-16 04:00:00,124,3,48,2026-03-18 04:00:00,172,0.0,0.0017075904403073769,0.0017075904403073769,0.0033859351515588714,2.915865111829141e-06,1.1464556850561998e-05
42053,2026-03-16 05:00:00,125,3,48,2026-03-18 05:00:00,173,0.0,0.001816739984507273,0.001816739984507273,0.0033859351515588714,3.3005441713074863e-06,1.1464556850561998e-05
42053,2026-03-16 06:00:00,126,3,48,2026-03-18 06:00:00,174,0.0,0.0018398987220751921,0.0018398987220751921,0.0033859351515588714,3.385227307493925e-06,1.1464556850561998e-05
42053,2026-03-16 07:00:00,127,3,48,2026-03-18 07:00:00,175,0.0,0.0017012699845715574,0.0017012699845715574,0.0027903072860839175,2.894319560404107e-06,7.785814750772997e-06
42053,2026-03-16 08:00:00,128,3,48,2026-03-18 08:00:00,176,0.0,0.0011841647370565045,0.0011841647370565045,0.0023393124766655517,1.4022461244881005e-06,5.472382863483118e-06
42053,2026-03-16 09:00:00,129,3,48,2026-03-18 09:00:00,177,0.0002,0.004261614533392902,0.004261614533392902,0.004485480817342212,1.6496712617868445e-05,1.836534583580808e-05
42053,2026-03-16 10:00:00,130,3,48,2026-03-18 10:00:00,178,0.0006,0.004613011186563265,0.004613011186563265,0.004485480817342212,1.6104258783481904e-05,1.5096961181934306e-05
42053,2026-03-16 11:00:00,131,3,48,2026-03-18 11:00:00,179,0.0014,0.007855960581101183,0.007855960581101183,0.005756892775328413,4.1679427024732325e-05,1.898251465570892e-05
42053,2026-03-16 12:00:00,132,3,48,2026-03-18 12:00:00,180,0.0022,0.007340209934784353,0.007340209934784353,0.005250350969419509,2.6421758173655754e-05,9.304641036638538e-06
42053,2026-03-16 13:00:00,133,3,48,2026-03-18 13:00:00,181,0.0022,0.010608884892897992,0.010608884892897992,0.006511764165320948,7.070934514200808e-05,1.8591310217345842e-05
42053,2026-03-16 14:00:00,134,3,48,2026-03-18 14:00:00,182,0.0022,0.012717702964621845,0.012717702964621845,0.0069089159344691,0.00011062207565201514,2.2173889277897e-05
42053,2026-03-16 15:00:00,135,3,48,2026-03-18 15:00:00,183,0.0022,0.013107145220432912,0.013107145220432912,0.007194669359800948,0.0001189658168596125,2.4946722013734412e-05
42053,2026-03-16 16:00:00,136,3,48,2026-03-18 16:00:00,184,0.0023,0.01263546562517024,0.01263546562517024,0.007192909208717108,0.00010682184968907568,2.3940560524748674e-05
42053,2026-03-16 17:00:00,137,3,48,2026-03-18 17:00:00,185,0.0024,0.007193920139382931,0.007193920139382931,0.005194140672132386,2.2981670302781256e-05,7.807222095664423e-06
42053,2026-03-16 18:00:00,138,3,48,2026-03-18 18:00:00,186,0.0024,0.006812504936535844,0.006812504936535844,0.005009484893701735,1.94701998149532e-05,6.809411410457555e-06
42053,2026-03-16 19:00:00,139,3,48,2026-03-18 19:00:00,187,0.0024,0.006330578545481597,0.006330578545481597,0.004980448283965741,1.5449447702200234e-05,6.658713346221738e-06
42053,2026-03-16 20:00:00,140,3,48,2026-03-18 20:00:00,188,0.0024,0.006603393728082021,0.006603393728082021,0.004998744137680719,1.7668518833279275e-05,6.753471093129903e-06
42053,2026-03-16 21:00:00,141,3,48,2026-03-18 21:00:00,189,0.0022,0.004993106334664048,0.004993106334664048,0.004453639674105291,7.801442996740431e-06,5.078891780701403e-06
42053,2026-03-16 22:00:00,142,3,48,2026-03-18 22:00:00,190,0.0006,0.002365363273807646,0.002365363273807646,0.002153298107035778,3.11650748850885e-06,2.4127350093209315e-06
42053,2026-03-16 23:00:00,143,3,48,2026-03-18 23:00:00,191,0.0005,0.002002226135392841,0.002002226135392841,0.0016359136144367841,2.256683361857311e-06,1.290299739462839e-06
42053,2026-03-17 00:00:00,144,3,48,2026-03-19 00:00:00,192,0.0005,0.0018898210592403508,0.0018898210592403508,0.0016359136144367841,1.9316025767079708e-06,1.290299739462839e-06
42053,2026-03-17 01:00:00,145,3,48,2026-03-19 01:00:00,193,0.0003,0.0014370039407200178,0.0014370039407200178,0.00166235171572325,1.29277796121285e-06,1.8560021973340833e-06
42053,2026-03-17 02:00:00,146,3,48,2026-03-19 02:00:00,194,0.0002,0.0012502507718295274,0.0012502507718295274,0.001623571881458447,1.103026683728518e-06,2.026556901679142e-06
42053,2026-03-17 03:00:00,147,3,48,2026-03-19 03:00:00,195,0.0,0.0015316383434345895,0.0015316383434345895,0.001623571881458447,2.3459160150790536e-06,2.635985654262521e-06
42053,2026-03-17 04:00:00,148,3,48,2026-03-19 04:00:00,196,0.0,0.0012996994526947893,0.0012996994526947893,0.001623571881458447,1.6892186673351348e-06,2.635985654262521e-06
42053,2026-03-17 05:00:00,149,3,48,2026-03-19 05:00:00,197,0.0,0.0018943170907011332,0.0018943170907011332,0.001623571881458447,3.5884372401224054e-06,2.635985654262521e-06
42053,2026-03-17 06:00:00,150,3,48,2026-03-19 06:00:00,198,0.0,0.001671876256075135,0.001671876256075135,0.001623571881458447,2.7951702156278102e-06,2.635985654262521e-06
42053,2026-03-17 07:00:00,151,3,48,2026-03-19 07:00:00,199,0.0,0.0015573590278740918,0.0015573590278740918,0.001809987810972938,2.4253671417009365e-06,3.276055875870608e-06
42053,2026-03-17 08:00:00,152,3,48,2026-03-19 08:00:00,200,0.0001,0.0016866013467328079,0.0016866013467328079,0.001809987810972938,2.5173038334543593e-06,2.9240583136760203e-06
42053,2026-03-17 09:00:00,153,3,48,2026-03-19 09:00:00,201,0.0002,0.0021649173848923195,0.0021649173848923195,0.001809987810972938,3.860900329452071e-06,2.5920607514814325e-06
42053,2026-03-17 10:00:00,154,3,48,2026-03-19 10:00:00,202,0.0001,0.002509629667731417,0.002509629667731417,0.001809987810972938,5.806315135611419e-06,2.9240583136760203e-06
42053,2026-03-17 11:00:00,155,3,48,2026-03-19 11:00:00,203,0.0,0.0031594162988395373,0.0031594162988395373,0.002125520374273059,9.98191134937292e-06,4.517836861449884e-06
42053,2026-03-17 12:00:00,156,3,48,2026-03-19 12:00:00,204,0.0,0.00328541662072311,0.00328541662072311,0.002125520374273059,1.0793962371723658e-05,4.517836861449884e-06
42053,2026-03-17 13:00:00,157,3,48,2026-03-19 13:00:00,205,0.0,0.0035484338703072223,0.0035484338703072223,0.002164300208537862,1.2591382931943492e-05,4.684195392677033e-06
42053,2026-03-17 14:00:00,158,3,48,2026-03-19 14:00:00,206,0.0,0.0027056531363841706,0.0027056531363841706,0.0018497959191705994,7.320558894425499e-06,3.4217449425802027e-06
42053,2026-03-17 15:00:00,159,3,48,2026-03-19 15:00:00,207,0.0,0.0024130914095385762,0.0024130914095385762,0.0018497959191705994,5.823010150788873e-06,3.4217449425802027e-06
42053,2026-03-17 16:00:00,160,3,48,2026-03-19 16:00:00,208,0.0,0.0022900127487320027,0.0022900127487320027,0.0018110160849057963,5.244158389355103e-06,3.2797792597875185e-06
42053,2026-03-17 17:00:00,161,3,48,2026-03-19 17:00:00,209,0.0,0.001819392389582896,0.001819392389582896,0.0017527727121574937,3.3101886672721607e-06,3.0722121804839363e-06
42053,2026-03-17 18:00:00,162,3,48,2026-03-19 18:00:00,210,0.0,0.001689722720889726,0.001689722720889726,0.0016246001553913052,2.855162873490979e-06,2.6393256648974532e-06
42053,2026-03-17 19:00:00,163,3,48,2026-03-19 19:00:00,211,0.0,0.001166189091258632,0.001166189091258632,0.0016246001553913052,1.3599969965706338e-06,2.6393256648974532e-06
42053,2026-03-17 20:00:00,164,3,48,2026-03-19 20:00:00,212,0.0,0.0015483559285266546,0.0015483559285266546,0.0016246001553913052,2.3974060814036388e-06,2.6393256648974532e-06
42053,2026-03-17 21:00:00,165,3,48,2026-03-19 21:00:00,213,0.0,0.0025280682098481437,0.0025280682098481437,0.0016246001553913052,6.391128873644798e-06,2.6393256648974532e-06
42053,2026-03-17 22:00:00,166,3,48,2026-03-19 22:00:00,214,0.0,0.0023848367855581853,0.0023848367855581853,0.0016246001553913052,5.687446493751498e-06,2.6393256648974532e-06
42053,2026-03-17 23:00:00,167,3,48,2026-03-19 23:00:00,215,0.0,0.0022226344040204397,0.0022226344040204397,0.0016246001553913052,4.9401036939352956e-06,2.6393256648974532e-06
54007,2026-03-14 00:00:00,72,4,48,2026-03-16 00:00:00,120,0.0005,0.005806610257875478,0.005806610257875478,0.0049991604075371185,2.8160112428989243e-05,2.0242444372749576e-05
54007,2026-03-14 01:00:00,73,4,48,2026-03-16 01:00:00,121,0.0005,0.005313577886806465,0.005313577886806465,0.0046921688976814925,2.3170532072352188e-05,1.7574280066688063e-05
54007,2026-03-14 02:00:00,74,4,48,2026-03-16 02:00:00,122,0.0005,0.0030175486291887997,0.0030175486291887997,0.0030042039302931862,6.338051100330404e-06,6.271037324495841e-06
54007,2026-03-14 03:00:00,75,4,48,2026-03-16 03:00:00,123,0.0005,0.002290702447782137,0.002290702447782137,0.002579758152551104,3.2066152564929365e-06,4.325393973102781e-06
54007,2026-03-14 04:00:00,76,4,48,2026-03-16 04:00:00,124,0.0005,0.004154561294139964,0.004154561294139964,0.004017152289261874,1.335581825262597e-05,1.2370360225860044e-05
54007,2026-03-14 05:00:00,77,4,48,2026-03-16 05:00:00,125,0.0005,0.005683969217471318,0.005683969217471318,0.005449053345974027,2.68735368476902e-05,2.4493129021296716e-05
54007,2026-03-14 06:00:00,78,4,48,2026-03-16 06:00:00,126,0.0125,0.004586040300651717,0.004586040300651717,0.005062781598055838,6.263075812290879e-05,5.5312217558216886e-05
54007,2026-03-14 07:00:00,79,4,48,2026-03-16 07:00:00,127,0.0557,0.008552966724370274,0.008552966724370274,0.008495949259916305,0.0022228427466933365,0.0022282224062723957
54007,2026-03-14 08:00:00,80,4,48,2026-03-16 08:00:00,128,0.0198,0.0071274162311575195,0.0071274162311575195,0.007078847297153363,0.00016059437937832993,0.0001618277260891423
54007,2026-03-14 09:00:00,81,4,48,2026-03-16 09:00:00,129,0.0102,0.005314504935850064,0.005314504935850064,0.006058566925524097,2.386806202183339e-05,1.7151467910362937e-05
54007,2026-03-14 10:00:00,82,4,48,2026-03-16 10:00:00,130,0.0138,0.007540205658940568,0.007540205658940568,0.007220922566271919,3.9185025192359685e-05,4.3284259878990067e-05
54007,2026-03-14 11:00:00,83,4,48,2026-03-16 11:00:00,131,0.0137,0.007185617675815636,0.007185617675815636,0.007246608570413293,4.243717706564568e-05,4.164626094346317e-05
54007,2026-03-14 12:00:00,84,4,48,2026-03-16 12:00:00,132,0.0115,0.007853023343322272,0.007853023343322272,0.009062083688211644,1.3300438734352255e-05,5.9434359432837384e-06
54007,2026-03-14 13:00:00,85,4,48,2026-03-16 13:00:00,133,0.0083,0.0073718564559850635,0.0073718564559850635,0.007899947695828882,8.614504382966065e-07,1.6004184607262116e-07
54007,2026-03-14 14:00:00,86,4,48,2026-03-16 14:00:00,134,0.0121,0.009057364227431553,0.009057364227431553,0.009400561006493079,9.257632444513189e-06,7.286970879665658e-06
54007,2026-03-14 15:00:00,87,4,48,2026-03-16 15:00:00,135,0.015,0.00937273478430015,0.00937273478430015,0.009810259853064829,3.166611380782547e-05,2.6933402792710686e-05
54007,2026-03-14 16:00:00,88,4,48,2026-03-16 16:00:00,136,0.0086,0.006083301325320427,0.006083301325320427,0.007697336336358538,6.333772219133919e-06,8.148016896586261e-07
54007,2026-03-14 17:00:00,89,4,48,2026-03-16 17:00:00,137,0.0093,0.005846634648835915,0.005846634648835915,0.007449338714457167,1.1925732248620636e-05,3.424947193807049e-06
54007,2026-03-14 18:00:00,90,4,48,2026-03-16 18:00:00,138,0.0169,0.0104619248052588,0.0104619248052588,0.010850544006931863,4.1448812213141924e-05,3.6595917812067976e-05
54007,2026-03-14 19:00:00,91,4,48,2026-03-16 19:00:00,139,0.0253,0.015607588800707815,0.015607588800707815,0.016404760465452483,9.394283485616458e-05,7.912528637697712e-05
54007,2026-03-14 20:00:00,92,4,48,2026-03-16 20:00:00,140,0.0575,0.026432367366760967,0.026432367366760967,0.02529527326698522,0.0009651977974338991,0.001037144423948157
54007,2026-03-14 21:00:00,93,4,48,2026-03-16 21:00:00,141,0.0649,0.029623628728286177,0.029623628728286177,0.026871956818930866,0.001244422370099796,0.0014461320681812583
54007,2026-03-14 22:00:00,94,4,48,2026-03-16 22:00:00,142,0.0713,0.027853464757953306,0.027853464757953306,0.02658010396748918,0.0018876014245384056,0.001999869101158577
54007,2026-03-14 23:00:00,95,4,48,2026-03-16 23:00:00,143,0.0778,0.028090308844159115,0.028090308844159115,0.026176092687660267,0.002471053394809085,0.0026650278061930432
54007,2026-03-15 00:00:00,96,4,48,2026-03-17 00:00:00,144,0.0664,0.026164466575288096,0.026164466575288096,0.024588880599346052,0.0016188981499711092,0.0017481697055357409
54007,2026-03-15 01:00:00,97,4,48,2026-03-17 01:00:00,145,0.069,0.023537197577010657,0.023537197577010657,0.022364923379959985,0.002066866404151766,0.002174830371357003
54007,2026-03-15 02:00:00,98,4,48,2026-03-17 02:00:00,146,0.0702,0.021387406111414806,0.021387406111414806,0.021214745702962536,0.0023826693221319444,0.002399555138545427
54007,2026-03-15 03:00:00,99,4,48,2026-03-17 03:00:00,147,0.0695,0.0208880277103903,0.0208880277103903,0.021669345294395227,0.002363123849885782,0.002287771529566793
54007,2026-03-15 04:00:00,100,4,48,2026-03-17 04:00:00,148,0.0582,0.0230662002975199,0.0230662002975199,0.023606742174871555,0.001234383881533991,0.0011966934869558105
54007,2026-03-15 05:00:00,101,4,48,2026-03-17 05:00:00,149,0.0512,0.021561263549071463,0.021561263549071463,0.0219320594682598,0.0008784546984076001,0.000856612342969481
54007,2026-03-15 06:00:00,102,4,48,2026-03-17 06:00:00,150,0.0513,0.01905924514424822,0.01905924514424822,0.019922458329850297,0.0010394662736686819,0.000984550121261981
54007,2026-03-15 07:00:00,103,4,48,2026-03-17 07:00:00,151,0.0576,0.018558109245544904,0.018558109245544904,0.019712475103903424,0.001524269233682806,0.001435464542752338
54007,2026-03-15 08:00:00,104,4,48,2026-03-17 08:00:00,152,0.0725,0.018478894646387512,0.018478894646387512,0.01945723759667089,0.0029182798236261,0.002813534643376024
54007,2026-03-15 09:00:00,105,4,48,2026-03-17 09:00:00,153,0.074,0.018646091076325706,0.018646091076325706,0.020053111541843416,0.003064055233130428,0.0029102667743167877
54007,2026-03-15 10:00:00,106,4,48,2026-03-17 10:00:00,154,0.1069,0.018782305818906327,0.018782305818906327,0.019827688290762507,0.007764728027792748,0.007581587466390616
54007,2026-03-15 11:00:00,107,4,48,2026-03-17 11:00:00,155,0.1154,0.0206052799518018,0.0206052799518018,0.02120581174486861,0.008986038949016268,0.008872545101043135
54007,2026-03-15 12:00:00,108,4,48,2026-03-17 12:00:00,156,0.1097,0.01993099119815206,0.01993099119815206,0.02086325702366695,0.008058474941266254,0.00789196690264306
54007,2026-03-15 13:00:00,109,4,48,2026-03-17 13:00:00,157,0.1099,0.017339249158866577,0.017339249158866577,0.01840712306624917,0.008567492596274382,0.008370946529614474
54007,2026-03-15 14:00:00,110,4,48,2026-03-17 14:00:00,158,0.1075,0.015004376590495269,0.015004376590495269,0.016480420839572647,0.00855544034991292,0.0082845637905413
54007,2026-03-15 15:00:00,111,4,48,2026-03-17 15:00:00,159,0.0682,0.013321539753508194,0.013321539753508194,0.013764588945805012,0.003011645399025781,0.0029632139766391737
54007,2026-03-15 16:00:00,112,4,48,2026-03-17 16:00:00,160,0.0546,0.00949922692622257,0.00949922692622257,0.010053398958046928,0.0020340797318523676,0.0019843996643909346
54007,2026-03-15 17:00:00,113,4,48,2026-03-17 17:00:00,161,0.053,0.006805251199552834,0.006805251199552834,0.007700021255048248,0.0021339548167364146,0.0020520880742930805
54007,2026-03-15 18:00:00,114,4,48,2026-03-17 18:00:00,162,0.0453,0.004346859033613452,0.004346859033613452,0.005631361651925822,0.001677159755012728,0.0015736008683903014
54007,2026-03-15 19:00:00,115,4,48,2026-03-17 19:00:00,163,0.0344,0.004627252984737069,0.004627252984737069,0.005440174099272353,0.0008864164648348478,0.0008386715162004559
54007,2026-03-15 20:00:00,116,4,48,2026-03-17 20:00:00,164,0.0283,0.0025966929961298477,0.0025966929961298477,0.003141592740285686,0.0006606599909352004,0.0006329454558456458
54007,2026-03-15 21:00:00,117,4,48,2026-03-17 21:00:00,165,0.0261,0.002574201050262402,0.002574201050262402,0.002548433095555645,0.0005534632162234748,0.0005546763036545187
54007,2026-03-15 22:00:00,118,4,48,2026-03-17 22:00:00,166,0.0199,0.003962766305152509,0.003962766305152509,0.0037809103054495708,0.0002539954178441823,0.0002598250525809619
54007,2026-03-15 23:00:00,119,4,48,2026-03-17 23:00:00,167,0.0181,0.0032594121075613016,0.0032594121075613016,0.003441548060872408,0.00022024304899319813,0.00021487021325171355
54007,2026-03-16 00:00:00,120,4,48,2026-03-18 00:00:00,168,0.016,0.0039498079668674165,0.0039498079668674165,0.0036498396283539585,0.00014520712803537203,0.00015252646120537632
54007,2026-03-16 01:00:00,121,4,48,2026-03-18 01:00:00,169,0.0135,0.0028871421111985934,0.0028871421111985934,0.002686479375826699,0.00011263275256789426,0.00011693222828942131
54007,2026-03-16 02:00:00,122,4,48,2026-03-18 02:00:00,170,0.0127,0.001829088895815702,0.001829088895815702,0.0015574831544805448,0.00011817670823507745,0.00012415568165268482
54007,2026-03-16 03:00:00,123,4,48,2026-03-18 03:00:00,171,0.0117,0.0016868749121960087,0.0016868749121960087,0.0015928116174592608,0.00010026267402400968,0.0001021552570001665
54007,2026-03-16 04:00:00,124,4,48,2026-03-18 04:00:00,172,0.0113,0.001621097082384672,0.001621097082384672,0.001618756137843332,9.368116168862249e-05,9.372648271854616e-05
54007,2026-03-16 05:00:00,125,4,48,2026-03-18 05:00:00,173,0.0103,0.0011626498991743296,0.0011626498991743296,0.0011758463944034814,8.349116686505887e-05,8.325017901851996e-05
54007,2026-03-16 06:00:00,126,4,48,2026-03-18 06:00:00,174,0.0102,0.0010961283677949868,0.0010961283677949868,0.001051152502589724,8.288047869566718e-05,8.370141053087028e-05
54007,2026-03-16 07:00:00,127,4,48,2026-03-18 07:00:00,175,0.01,0.0015612712070412985,0.0015612712070412985,0.0010934256921382153,7.121214364111023e-05,7.932706590146364e-05
54007,2026-03-16 08:00:00,128,4,48,2026-03-18 08:00:00,176,0.0086,0.0014461224290002444,0.0014461224290002444,0.0013284450645871815,5.117796430085336e-05,5.287551117872652e-05
54007,2026-03-16 09:00:00,129,4,48,2026-03-18 09:00:00,177,0.0078,0.0014425876676916571,0.0014425876676916571,0.0012959396267900537,4.041669156298619e-05,4.230280133835991e-05
54007,2026-03-16 10:00:00,130,4,48,2026-03-18 10:00:00,178,0.0079,0.0017031426132018965,0.0017031426132018965,0.0020628209020511538,3.8401041472314224e-05,3.407265982153091e-05
54007,2026-03-16 11:00:00,131,4,48,2026-03-18 11:00:00,179,0.0055,0.0021268308701601637,0.0021268308701601637,0.0020612784941702223,1.1378269978504437e-05,1.1824805594656212e-05
54007,2026-03-16 12:00:00,132,4,48,2026-03-18 12:00:00,180,0.0055,0.0024874164686602843,0.0024874164686602843,0.0027553171215317224,9.07565953329927e-06,7.533284103356908e-06
54007,2026-03-16 13:00:00,133,4,48,2026-03-18 13:00:00,181,0.0052,0.004111248233171272,0.004111248233171272,0.003564950669432218,1.1853804097726767e-06,2.6733863133901517e-06
54007,2026-03-16 14:00:00,134,4,48,2026-03-18 14:00:00,182,0.0035,0.004092188915429928,0.004092188915429928,0.004053281889779663,3.5068771155807447e-07,3.0612084955815495e-07
54007,2026-03-16 15:00:00,135,4,48,2026-03-18 15:00:00,183,0.0024,0.0019170592855933515,0.0019170592855933515,0.0016437125005080001,2.332317336316038e-07,5.719707818878614e-07
54007,2026-03-16 16:00:00,136,4,48,2026-03-18 16:00:00,184,0.0024,0.0018256431224604715,0.0018256431224604715,0.001891056325045426,3.298858227769567e-07,2.5902366427626684e-07
54007,2026-03-16 17:00:00,137,4,48,2026-03-18 17:00:00,185,0.0032,0.0018753779712430755,0.0018753779712430755,0.0018009632676453263,1.754623519068111e-06,1.9573037784776434e-06
54007,2026-03-16 18:00:00,138,4,48,2026-03-18 18:00:00,186,0.0028,0.0010010034735720066,0.0010010034735720066,0.0010284871611251916,3.236388502099986e-06,3.138257738298283e-06
54007,2026-03-16 19:00:00,139,4,48,2026-03-18 19:00:00,187,0.002,0.0,0.0,0.0,4e-06,4e-06
54007,2026-03-16 20:00:00,140,4,48,2026-03-18 20:00:00,188,0.0007,0.0,0.0,0.0,4.9e-07,4.9e-07
54007,2026-03-16 21:00:00,141,4,48,2026-03-18 21:00:00,189,0.0005,0.0,0.0,0.0,2.5e-07,2.5e-07
54007,2026-03-16 22:00:00,142,4,48,2026-03-18 22:00:00,190,0.0005,0.0,0.0,0.0,2.5e-07,2.5e-07
54007,2026-03-16 23:00:00,143,4,48,2026-03-18 23:00:00,191,0.0003,0.0028906643331045394,0.0028906643331045394,0.0028919756286260043,6.711541686819989e-06,6.718337659391171e-06
54007,2026-03-17 00:00:00,144,4,48,2026-03-19 00:00:00,192,0.0001,0.001930920700764832,0.001930920700764832,0.0017936602589272202,3.3522706124891833e-06,2.8684850726694184e-06
54007,2026-03-17 01:00:00,145,4,48,2026-03-19 01:00:00,193,0.0003,0.0013577452336696353,0.0013577452336696353,0.0011998523469852326,1.1188249793508316e-06,8.097342463748315e-07
54007,2026-03-17 02:00:00,146,4,48,2026-03-19 02:00:00,194,0.0015,0.0010440713744175158,0.0010440713744175158,0.0,2.0787091162553308e-07,2.25e-06
54007,2026-03-17 03:00:00,147,4,48,2026-03-19 03:00:00,195,0.0015,0.0011371532174197238,0.0011371532174197238,0.0,1.3165778762885822e-07,2.25e-06
54007,2026-03-17 04:00:00,148,4,48,2026-03-19 04:00:00,196,0.0001,0.0010666425194629143,0.0010666425194629143,0.0,9.343977604336106e-07,1e-08
54007,2026-03-17 05:00:00,149,4,48,2026-03-19 05:00:00,197,0.0001,0.0,0.0,0.0,1e-08,1e-08
54007,2026-03-17 06:00:00,150,4,48,2026-03-19 06:00:00,198,0.0002,0.0,0.0,0.0,4e-08,4e-08
54007,2026-03-17 07:00:00,151,4,48,2026-03-19 07:00:00,199,0.0003,0.0,0.0,0.0,8.999999999999999e-08,8.999999999999999e-08
54007,2026-03-17 08:00:00,152,4,48,2026-03-19 08:00:00,200,0.0005,0.0,0.0,0.0,2.5e-07,2.5e-07
54007,2026-03-17 09:00:00,153,4,48,2026-03-19 09:00:00,201,0.0004,0.0,0.0,0.0,1.6e-07,1.6e-07
54007,2026-03-17 10:00:00,154,4,48,2026-03-19 10:00:00,202,0.0009,0.0012394909906594685,0.0012394909906594685,0.001058192198837808,1.1525413273894736e-07,2.5024771773140622e-08
54007,2026-03-17 11:00:00,155,4,48,2026-03-19 11:00:00,203,0.0036,0.0,0.0,0.0,1.296e-05,1.296e-05
54007,2026-03-17 12:00:00,156,4,48,2026-03-19 12:00:00,204,0.004,0.0,0.0,0.0,1.6e-05,1.6e-05
54007,2026-03-17 13:00:00,157,4,48,2026-03-19 13:00:00,205,0.0041,0.001144876094267763,0.001144876094267763,0.0,8.732757298230151e-06,1.6810000000000003e-05
54007,2026-03-17 14:00:00,158,4,48,2026-03-19 14:00:00,206,0.0046,0.0010466662593831648,0.0010466662593831648,0.0,1.2626180672206028e-05,2.116e-05
54007,2026-03-17 15:00:00,159,4,48,2026-03-19 15:00:00,207,0.0048,0.0012288057898178838,0.0012288057898178838,0.0012370676471347957,1.2753428086838265e-05,1.2694486951093576e-05
54007,2026-03-17 16:00:00,160,4,48,2026-03-19 16:00:00,208,0.0049,0.0,0.0,0.0,2.401e-05,2.401e-05
54007,2026-03-17 17:00:00,161,4,48,2026-03-19 17:00:00,209,0.0023,0.0,0.0,0.0,5.29e-06,5.29e-06
54007,2026-03-17 18:00:00,162,4,48,2026-03-19 18:00:00,210,0.0014,0.0,0.0,0.0,1.96e-06,1.96e-06
54007,2026-03-17 19:00:00,163,4,48,2026-03-19 19:00:00,211,0.0012,0.0,0.0,0.0,1.4399999999999998e-06,1.4399999999999998e-06
54007,2026-03-17 20:00:00,164,4,48,2026-03-19 20:00:00,212,0.001,0.0013009625067894564,0.0013009625067894564,0.0015475538269159826,9.05784304929936e-08,2.9981519337033787e-07
54007,2026-03-17 21:00:00,165,4,48,2026-03-19 21:00:00,213,0.0009,0.0,0.0,0.0010801459729566597,8.1e-07,3.245257157250158e-08
54007,2026-03-17 22:00:00,166,4,48,2026-03-19 22:00:00,214,0.0006,0.001839952994916431,0.001839952994916431,0.002189754276972362,1.5374834296022273e-06,2.527318661151918e-06
54007,2026-03-17 23:00:00,167,4,48,2026-03-19 23:00:00,215,0.0005,0.0012729795413093884,0.0012729795413093884,0.0018919531127545145,5.974973712828725e-07,1.9375334681069823e-06
54013,2026-03-14 00:00:00,72,2,48,2026-03-16 00:00:00,120,0.0003,0.0,0.0,0.0,8.999999999999999e-08,8.999999999999999e-08
54013,2026-03-14 01:00:00,73,2,48,2026-03-16 01:00:00,121,0.0001,0.0,0.0,0.0,1e-08,1e-08
54013,2026-03-14 02:00:00,74,2,48,2026-03-16 02:00:00,122,0.0,0.0,0.0,0.0,0.0,0.0
54013,2026-03-14 03:00:00,75,2,48,2026-03-16 03:00:00,123,0.0,0.0021558317499254095,0.0021558317499254095,0.002393275836844556,4.647610533986453e-06,5.727769231224011e-06
54013,2026-03-14 04:00:00,76,2,48,2026-03-16 04:00:00,124,0.0,0.0033209072179376364,0.0033209072179376364,0.0026431535118319016,1.1028424750150291e-05,6.9862604871093145e-06
54013,2026-03-14 05:00:00,77,2,48,2026-03-16 05:00:00,125,0.0001,0.0035960916887160985,0.0035960916887160985,0.00286354163273498,1.2222657095909783e-05,7.63716235585952e-06
54013,2026-03-14 06:00:00,78,2,48,2026-03-16 06:00:00,126,0.0013,0.008571860894110463,0.008571860894110463,0.00889889030132611,5.287996086329303e-05,5.774313381158801e-05
54013,2026-03-14 07:00:00,79,2,48,2026-03-16 07:00:00,127,0.0048,0.014921502916498797,0.014921502916498797,0.01692042721456008,0.00010244482128869368,0.00014690475586344866
54013,2026-03-14 08:00:00,80,2,48,2026-03-16 08:00:00,128,0.0073,0.016870072101199608,0.016870072101199608,0.01757476886926355,9.158628002215905e-05,0.00010557087531678738
54013,2026-03-14 09:00:00,81,2,48,2026-03-16 09:00:00,129,0.0012,0.008319169710655579,0.008319169710655579,0.007693789173720003,5.068257736911585e-05,4.216929783272313e-05
54013,2026-03-14 10:00:00,82,2,48,2026-03-16 10:00:00,130,0.0014,0.007094065238473519,0.007094065238473519,0.0056756304536630196,3.2422378939992485e-05,1.8281015776290637e-05
54013,2026-03-14 11:00:00,83,2,48,2026-03-16 11:00:00,131,0.0059,0.007217493677340131,0.007217493677340131,0.007275309139013613,1.735789589831222e-06,1.8914752278543655e-06
54013,2026-03-14 12:00:00,84,2,48,2026-03-16 12:00:00,132,0.0074,0.007215373928650286,0.007215373928650286,0.006666288567425469,3.408678622202989e-08,5.383324662905713e-07
54013,2026-03-14 13:00:00,85,2,48,2026-03-16 13:00:00,133,0.0061,0.006085616426040449,0.006085616426040449,0.005934377237250332,2.0688719984988854e-10,2.7430899540833078e-08
54013,2026-03-14 14:00:00,86,2,48,2026-03-16 14:00:00,134,0.0053,0.004794314269952384,0.004794314269952384,0.005413492278321396,2.5571805757379013e-07,1.2880497238581229e-08
54013,2026-03-14 15:00:00,87,2,48,2026-03-16 15:00:00,135,0.0023,0.002427813822272277,0.002427813822272277,0.002567655887961502,1.6336373163849274e-08,7.163967436046009e-08
54013,2026-03-14 16:00:00,88,2,48,2026-03-16 16:00:00,136,0.0024,0.0036424252247904006,0.0036424252247904006,0.0033853567231170757,1.5436204391954781e-06,9.709278717920218e-07
54013,2026-03-14 17:00:00,89,2,48,2026-03-16 17:00:00,137,0.0122,0.012823545592146697,0.012823545592146697,0.011875954030178569,3.8880910548557364e-07,1.0500579055751224e-07
54013,2026-03-14 18:00:00,90,2,48,2026-03-16 18:00:00,138,0.055,0.021825815837550635,0.021825815837550635,0.020563390167322917,0.0011005264948441066,0.0011858800967680322
54013,2026-03-14 19:00:00,91,2,48,2026-03-16 19:00:00,139,0.1019,0.030203751298150807,0.030203751298150807,0.03131646768265818,0.005140352077917412,0.0049820350343932375
54013,2026-03-14 20:00:00,92,2,48,2026-03-16 20:00:00,140,0.1795,0.04525194892145689,0.04525194892145689,0.048900379810618476,0.018022539218387115,0.017056260793610705
54013,2026-03-14 21:00:00,93,2,48,2026-03-16 21:00:00,141,0.191,0.04870872483780176,0.04870872483780176,0.053077119041819915,0.020246806987284417,0.019022721091804317
54013,2026-03-14 22:00:00,94,2,48,2026-03-16 22:00:00,142,0.182,0.054626386419974894,0.054626386419974894,0.05842364017699972,0.016224037436433556,0.015271116707103637
54013,2026-03-14 23:00:00,95,2,48,2026-03-16 23:00:00,143,0.157,0.058769320223981514,0.058769320223981514,0.06179903689295654,0.009649266449258688,0.00906322337650865
54013,2026-03-15 00:00:00,96,2,48,2026-03-17 00:00:00,144,0.163,0.058750304803616156,0.058750304803616156,0.06163569512375236,0.010867998948538939,0.010274722303044883
54013,2026-03-15 01:00:00,97,2,48,2026-03-17 01:00:00,145,0.1696,0.055891291418641555,0.055891291418641555,0.05808741512103874,0.012929670407240301,0.01243505658638754
54013,2026-03-15 02:00:00,98,2,48,2026-03-17 02:00:00,146,0.1549,0.05169056403482155,0.05169056403482155,0.05254250270242874,0.010652187672250272,0.01047705725302231
54013,2026-03-15 03:00:00,99,2,48,2026-03-17 03:00:00,147,0.1505,0.0514113807173052,0.0514113807173052,0.052120939786204135,0.009818554471350835,0.009678439488549672
54013,2026-03-15 04:00:00,100,2,48,2026-03-17 04:00:00,148,0.1467,0.04899477072263767,0.04899477072263767,0.049361165298893464,0.009546311828141942,0.00947484874096934
54013,2026-03-15 05:00:00,101,2,48,2026-03-17 05:00:00,149,0.1457,0.05086640090473633,0.05086640090473633,0.05050259523993675,0.008993411517361195,0.009062545873051314
54013,2026-03-15 06:00:00,102,2,48,2026-03-17 06:00:00,150,0.1448,0.05081062434298057,0.05081062434298057,0.04979817599107151,0.008834002736396318,0.009025346565023426
54013,2026-03-15 07:00:00,103,2,48,2026-03-17 07:00:00,151,0.1439,0.05053395662919525,0.05053395662919525,0.04876929940810025,0.008717218054718995,0.009049850195105676
54013,2026-03-15 08:00:00,104,2,48,2026-03-17 08:00:00,152,0.1441,0.05523018922294368,0.05523018922294368,0.054418827402344425,0.007897843267549798,0.00804271271849049
54013,2026-03-15 09:00:00,105,2,48,2026-03-17 09:00:00,153,0.1429,0.05823967406633746,0.05823967406633746,0.059072598157274635,0.007167370787193975,0.007027033299701755
54013,2026-03-15 10:00:00,106,2,48,2026-03-17 10:00:00,154,0.1297,0.057239485278016256,0.057239485278016256,0.05888484144509045,0.0052505261937748245,0.005014786681156979
54013,2026-03-15 11:00:00,107,2,48,2026-03-17 11:00:00,155,0.1546,0.05935841461359391,0.05935841461359391,0.061932949881020403,0.00907095958691608,0.008587182177753472
54013,2026-03-15 12:00:00,108,2,48,2026-03-17 12:00:00,156,0.1752,0.05545508229718431,0.05545508229718431,0.05724153393881244,0.014338845315654101,0.013914199715508335
54013,2026-03-15 13:00:00,109,2,48,2026-03-17 13:00:00,157,0.1278,0.05428917526395937,0.05428917526395937,0.05632420300493482,0.005403841353372882,0.005108789556079768
54013,2026-03-15 14:00:00,110,2,48,2026-03-17 14:00:00,158,0.0981,0.043198835624763725,0.043198835624763725,0.04412498085096798,0.0030141378497567134,0.0029133026921383744
54013,2026-03-15 15:00:00,111,2,48,2026-03-17 15:00:00,159,0.0852,0.03654923879339131,0.03654923879339131,0.03646242498026217,0.002366896565982461,0.002375351218804573
54013,2026-03-15 16:00:00,112,2,48,2026-03-17 16:00:00,160,0.0866,0.03409861710490717,0.03409861710490717,0.03439132100178694,0.0027563952058971457,0.002725746162738453
54013,2026-03-15 17:00:00,113,2,48,2026-03-17 17:00:00,161,0.083,0.02645573381342396,0.02645573381342396,0.026509831279728162,0.0031972540385783667,0.0031911391620447795
54013,2026-03-15 18:00:00,114,2,48,2026-03-17 18:00:00,162,0.0683,0.021665032534466583,0.021665032534466583,0.021207514363486692,0.00217482019051136,0.002217702203425212
54013,2026-03-15 19:00:00,115,2,48,2026-03-17 19:00:00,163,0.0604,0.01879512740812775,0.01879512740812775,0.018637602446561513,0.001730965423385923,0.001744097849411445
54013,2026-03-15 20:00:00,116,2,48,2026-03-17 20:00:00,164,0.0526,0.012272636010039193,0.012272636010039193,0.011730025180287075,0.0016262962863787876,0.0016703548417639686
54013,2026-03-15 21:00:00,117,2,48,2026-03-17 21:00:00,165,0.0519,0.010606093785661616,0.010606093785661616,0.010032205732481023,0.0017051866904385744,0.001752912196827295
54013,2026-03-15 22:00:00,118,2,48,2026-03-17 22:00:00,166,0.0509,0.01028410635302292,0.01028410635302292,0.009762288110302015,0.0016496508167425535,0.0016923113395197994
54013,2026-03-15 23:00:00,119,2,48,2026-03-17 23:00:00,167,0.0492,0.0099635636406753,0.0099635636406753,0.009774395859772557,0.0015394979381793375,0.0015543782618219193
54013,2026-03-16 00:00:00,120,2,48,2026-03-18 00:00:00,168,0.0473,0.006799450636516204,0.006799450636516204,0.006580479986730011,0.0016402944987439878,0.0016580793101110955
54013,2026-03-16 01:00:00,121,2,48,2026-03-18 01:00:00,169,0.0334,0.00464245395834625,0.00464245395834625,0.004606753998161966,0.0008269964543378351,0.0008290510153223618
54013,2026-03-16 02:00:00,122,2,48,2026-03-18 02:00:00,170,0.0322,0.004219838140007045,0.004219838140007045,0.004315284724135324,0.0007828894577114044,0.0007775573460160408
54013,2026-03-16 03:00:00,123,2,48,2026-03-18 03:00:00,171,0.0332,0.004762547403137791,0.004762547403137791,0.004750952984536827,0.0008086887101987851,0.0008093482760880342
54013,2026-03-16 04:00:00,124,2,48,2026-03-18 04:00:00,172,0.0371,0.0037769300219000026,0.0037769300219000026,0.0037631404501380036,0.0011104269927653496,0.0011113462046472252
54013,2026-03-16 05:00:00,125,2,48,2026-03-18 05:00:00,173,0.0364,0.003096690911333084,0.003096690911333084,0.003055079811452418,0.0011091103962552844,0.001111883702380608
54013,2026-03-16 06:00:00,126,2,48,2026-03-18 06:00:00,174,0.036,0.0020193721188796455,0.0020193721188796455,0.001881475855451565,0.0011546830711951738,0.0011640736898021343
54013,2026-03-16 07:00:00,127,2,48,2026-03-18 07:00:00,175,0.0424,0.002584407703755317,0.002584407703755317,0.0025310428784480928,0.0015852813899007792,0.0015895337419601443
54013,2026-03-16 08:00:00,128,2,48,2026-03-18 08:00:00,176,0.0402,0.002145200447828386,0.002145200447828386,0.0020307294625971223,0.001448167768955961,0.0014568932133574514
54013,2026-03-16 09:00:00,129,2,48,2026-03-18 09:00:00,177,0.0386,0.0018856297802603748,0.0018856297802603748,0.0017632381498846412,0.001347944980632104,0.0013569470236021147
54013,2026-03-16 10:00:00,130,2,48,2026-03-18 10:00:00,178,0.0255,0.0018704908692481323,0.0018704908692481323,0.001868537292888702,0.0005583537017602859,0.000558446029677592
54013,2026-03-16 11:00:00,131,2,48,2026-03-18 11:00:00,179,0.0211,0.00277987415547456,0.00277987415547456,0.0029182230029044425,0.00033562701095924904,0.0003305770147721132
54013,2026-03-16 12:00:00,132,2,48,2026-03-18 12:00:00,180,0.0162,0.0027040198599743294,0.0027040198599743294,0.0028662938088235075,0.00018214147993996727,0.00017778772079261832
54013,2026-03-16 13:00:00,133,2,48,2026-03-18 13:00:00,181,0.0134,0.0023151981992537156,0.0023151981992537156,0.0024462721675755084,0.0001228728309618281,0.00011998415342683097
54013,2026-03-16 14:00:00,134,2,48,2026-03-18 14:00:00,182,0.0095,0.002204096158684535,0.002204096158684535,0.0022069480521436464,5.3230212861721756e-05,5.318860671413135e-05
54013,2026-03-16 15:00:00,135,2,48,2026-03-18 15:00:00,183,0.0053,0.002509649259267882,0.002509649259267882,0.002505480077687525,7.78605725630428e-06,7.809341596201322e-06
54013,2026-03-16 16:00:00,136,2,48,2026-03-18 16:00:00,184,0.0039,0.0017922807074069208,0.0017922807074069208,0.0016512577077857002,4.44248061636907e-06,5.056841896793222e-06
54013,2026-03-16 17:00:00,137,2,48,2026-03-18 17:00:00,185,0.0025,0.0013103280533263084,0.0013103280533263084,0.001369383473101474,1.415319340702371e-06,1.2782937308960853e-06
54013,2026-03-16 18:00:00,138,2,48,2026-03-18 18:00:00,186,0.0016,0.0016099991554673059,0.0016099991554673059,0.001665224570226239,9.998311005935177e-11,4.2542445611975636e-09
54013,2026-03-16 19:00:00,139,2,48,2026-03-18 19:00:00,187,0.0007,0.001643312432273597,0.001643312432273597,0.0013822141207575785,8.898383448819295e-07,4.6541610656103593e-07
54013,2026-03-16 20:00:00,140,2,48,2026-03-18 20:00:00,188,0.0005,0.0,0.0,0.0,2.5e-07,2.5e-07
54013,2026-03-16 21:00:00,141,2,48,2026-03-18 21:00:00,189,0.0004,0.0,0.0,0.0,1.6e-07,1.6e-07
54013,2026-03-16 22:00:00,142,2,48,2026-03-18 22:00:00,190,0.0001,0.001018259197751116,0.001018259197751116,0.0010210335921870379,8.431999542545229e-07,8.483028779369587e-07
54013,2026-03-16 23:00:00,143,2,48,2026-03-18 23:00:00,191,0.0001,0.001219643840552322,0.001219643840552322,0.0011520018107892,1.2536023296867534e-06,1.1067078099037558e-06
54013,2026-03-17 00:00:00,144,2,48,2026-03-19 00:00:00,192,0.0,0.0014196685986872107,0.0014196685986872107,0.0013607083570762303,2.0154589300985086e-06,1.851527233017094e-06
54013,2026-03-17 01:00:00,145,2,48,2026-03-19 01:00:00,193,0.0,0.0013716902519362176,0.0013716902519362176,0.0,1.881534147256844e-06,0.0
54013,2026-03-17 02:00:00,146,2,48,2026-03-19 02:00:00,194,0.0,0.0012620736135512771,0.0012620736135512771,0.0010243069948108424,1.5928298060223783e-06,1.0492048196184192e-06
54013,2026-03-17 03:00:00,147,2,48,2026-03-19 03:00:00,195,0.0,0.0015210842184396904,0.0015210842184396904,0.001236517230016947,2.3136971995862837e-06,1.5289748601287835e-06
54013,2026-03-17 04:00:00,148,2,48,2026-03-19 04:00:00,196,0.0,0.0012529969830539017,0.0012529969830539017,0.0010309842956098608,1.5700014395421795e-06,1.062928617794161e-06
54013,2026-03-17 05:00:00,149,2,48,2026-03-19 05:00:00,197,0.0,0.0015815970327180886,0.0015815970327180886,0.0015363647328181615,2.5014491739026625e-06,2.360416592247421e-06
54013,2026-03-17 06:00:00,150,2,48,2026-03-19 06:00:00,198,0.0002,0.0016317098410064512,0.0016317098410064512,0.0014814374214649532,2.0497930688347176e-06,1.6420818651307477e-06
54013,2026-03-17 07:00:00,151,2,48,2026-03-19 07:00:00,199,0.0003,0.0015836543097456663,0.0015836543097456663,0.0015090816052552867,1.6477683869286232e-06,1.461878328166701e-06
54013,2026-03-17 08:00:00,152,2,48,2026-03-19 08:00:00,200,0.0003,0.0019330471192982048,0.0019330471192982048,0.00192216880860429,2.6668428938481655e-06,2.631431643608662e-06
54013,2026-03-17 09:00:00,153,2,48,2026-03-19 09:00:00,201,0.0004,0.0021406731831221954,0.0021406731831221954,0.002070945898663574,3.029943130440756e-06,2.792060196260619e-06
54013,2026-03-17 10:00:00,154,2,48,2026-03-19 10:00:00,202,0.0005,0.0029632467571892177,0.0029632467571892177,0.002905186508370935,6.067584586803196e-06,5.784922140049569e-06
54013,2026-03-17 11:00:00,155,2,48,2026-03-19 11:00:00,203,0.0003,0.0029467158520157313,0.0029467158520157313,0.0028094430679314877,7.005104801311359e-06,6.297304511189397e-06
54013,2026-03-17 12:00:00,156,2,48,2026-03-19 12:00:00,204,0.0002,0.0031045807792628656,0.0031045807792628656,0.0029711582465316144,8.436589503263275e-06,7.67931802732017e-06
54013,2026-03-17 13:00:00,157,2,48,2026-03-19 13:00:00,205,0.0002,0.0029653133762237768,0.0029653133762237768,0.002775200713839272,7.646958068722143e-06,6.631658716558295e-06
54013,2026-03-17 14:00:00,158,2,48,2026-03-19 14:00:00,206,0.0002,0.002495331779239351,0.002495331779239351,0.002338767539978157,5.268547976786084e-06,4.5743265900642175e-06
54013,2026-03-17 15:00:00,159,2,48,2026-03-19 15:00:00,207,0.0002,0.0022843713372448227,0.0022843713372448227,0.002070521681419336,4.34460387152777e-06,3.4988513606598194e-06
54013,2026-03-17 16:00:00,160,2,48,2026-03-19 16:00:00,208,0.0002,0.002876634006420303,0.002876634006420303,0.002692472783202623,7.164369604325602e-06,6.212420575005829e-06
54013,2026-03-17 17:00:00,161,2,48,2026-03-19 17:00:00,209,0.0003,0.0023719329633120874,0.0023719329633120874,0.0023240507399742436,4.292906204459208e-06,4.096781397990284e-06
54013,2026-03-17 18:00:00,162,2,48,2026-03-19 18:00:00,210,0.0002,0.0014598112744657384,0.0014598112744657384,0.001285711048683794,1.587124447270988e-06,1.1787684812340633e-06
54013,2026-03-17 19:00:00,163,2,48,2026-03-19 19:00:00,211,0.0002,0.0011022841734023257,0.0011022841734023257,0.0,8.141167295723182e-07,4e-08
54013,2026-03-17 20:00:00,164,2,48,2026-03-19 20:00:00,212,0.0002,0.0010343604525236206,0.0010343604525236206,0.0011834107949736878,6.961573647354209e-07,9.670967916707804e-07
54013,2026-03-17 21:00:00,165,2,48,2026-03-19 21:00:00,213,0.0002,0.0014296408932044102,0.0014296408932044102,0.0016272497574525108,1.5120167262405396e-06,2.0370418701482504e-06
54013,2026-03-17 22:00:00,166,2,48,2026-03-19 22:00:00,214,0.0002,0.001094261450301917,0.001094261450301917,0.0,7.997035414960881e-07,4e-08
54013,2026-03-17 23:00:00,167,2,48,2026-03-19 23:00:00,215,0.0002,0.0,0.0,0.0,4e-08,4e-08
54015,2026-03-14 00:00:00,72,2,48,2026-03-16 00:00:00,120,0.0048,0.005345667347415312,0.005345667347415312,0.0041878310781370675,2.977528540352632e-07,3.7475078889482465e-07
54015,2026-03-14 01:00:00,73,2,48,2026-03-16 01:00:00,121,0.0044,0.004054848271062882,0.004054848271062882,0.0028802352501974353,1.1912971598828197e-07,2.309684894742453e-06
54015,2026-03-14 02:00:00,74,2,48,2026-03-16 02:00:00,122,0.0037,0.007236048615930021,0.007236048615930021,0.006056704030105607,1.2503639814220614e-05,5.5540538855160085e-06
54015,2026-03-14 03:00:00,75,2,48,2026-03-16 03:00:00,123,0.0031,0.007413597002429632,0.007413597002429632,0.005797196557390058,1.8607119099369906e-05,7.27486926919678e-06
54015,2026-03-14 04:00:00,76,2,48,2026-03-16 04:00:00,124,0.0025,0.011242853432358766,0.011242853432358766,0.009624991300064693,7.643748613970744e-05,5.076550102599756e-05
54015,2026-03-14 05:00:00,77,2,48,2026-03-16 05:00:00,125,0.0027,0.013790524655937685,0.013790524655937685,0.012648062695870984,0.00012299973714396167,9.896395140097984e-05
54015,2026-03-14 06:00:00,78,2,48,2026-03-16 06:00:00,126,0.0036,0.01964670978678798,0.01964670978678798,0.021756580047209845,0.00025749689498139717,0.0003296613990107387
54015,2026-03-14 07:00:00,79,2,48,2026-03-16 07:00:00,127,0.0037,0.024354800078439508,0.024354800078439508,0.028424875468426584,0.0004266207662803046,0.0006113194669292026
54015,2026-03-14 08:00:00,80,2,48,2026-03-16 08:00:00,128,0.0036,0.022235085792431244,0.022235085792431244,0.021320209392967433,0.0003472664224912728,0.00031400582093061126
54015,2026-03-14 09:00:00,81,2,48,2026-03-16 09:00:00,129,0.0042,0.017432771797263064,0.017432771797263064,0.016230029775549357,0.00017510624943844078,0.00014472161640060414
54015,2026-03-14 10:00:00,82,2,48,2026-03-16 10:00:00,130,0.0194,0.015317079163672191,0.015317079163672191,0.014838167026225124,1.6670242555719777e-05,2.0810320080619736e-05
54015,2026-03-14 11:00:00,83,2,48,2026-03-16 11:00:00,131,0.08,0.013795570876503856,0.013795570876503856,0.013354604696766971,0.004383026435568023,0.004441608715124196
54015,2026-03-14 12:00:00,84,2,48,2026-03-16 12:00:00,132,0.1106,0.014599112741596088,0.014599112741596088,0.014857932032029696,0.009216170354400779,0.009166543578783444
54015,2026-03-14 13:00:00,85,2,48,2026-03-16 13:00:00,133,0.1037,0.014492017596379081,0.014492017596379081,0.015170507578705845,0.00795806412452474,0.007837471028371979
54015,2026-03-14 14:00:00,86,2,48,2026-03-16 14:00:00,134,0.1043,0.011012200062245254,0.011012200062245254,0.011709432315731728,0.008702613617226556,0.008573013224095066
54015,2026-03-14 15:00:00,87,2,48,2026-03-16 15:00:00,135,0.1039,0.013606698785179441,0.013606698785179441,0.014464111057859873,0.008152880244270319,0.007998778230870824
54015,2026-03-14 16:00:00,88,2,48,2026-03-16 16:00:00,136,0.0849,0.01206315444712367,0.01206315444712367,0.011105166561640206,0.005305206070093562,0.005445677442195265
54015,2026-03-14 17:00:00,89,2,48,2026-03-16 17:00:00,137,0.0429,0.015903945694008614,0.015903945694008614,0.014319382837098786,0.0007287869480920361,0.0008168516774123236
54015,2026-03-14 18:00:00,90,2,48,2026-03-16 18:00:00,138,0.0863,0.02155321844936631,0.02155321844936631,0.02020945854038965,0.00419214572116548,0.004367959670424475
54015,2026-03-14 19:00:00,91,2,48,2026-03-16 19:00:00,139,0.1301,0.03105694265453852,0.03105694265453852,0.031560611876953346,0.00980952720833637,0.009710011011664427
54015,2026-03-14 20:00:00,92,2,48,2026-03-16 20:00:00,140,0.1724,0.04353827616913415,0.04353827616913415,0.0461159702937732,0.01660534386866234,0.015947656158843172
54015,2026-03-14 21:00:00,93,2,48,2026-03-16 21:00:00,141,0.1645,0.041594235103035504,0.041594235103035504,0.043539806650183484,0.015105827044907911,0.014631368375225
54015,2026-03-14 22:00:00,94,2,48,2026-03-16 22:00:00,142,0.1607,0.04090253590677729,0.04090253590677729,0.041702328435388375,0.014351432403166988,0.01416044583779918
54015,2026-03-14 23:00:00,95,2,48,2026-03-16 23:00:00,143,0.1654,0.04407808381469391,0.04407808381469391,0.04486331880506147,0.014719007346874433,0.014529091513490244
54015,2026-03-15 00:00:00,96,2,48,2026-03-17 00:00:00,144,0.1721,0.04058192133423894,0.04058192133423894,0.041220396864989815,0.017297005015933318,0.017129470516777767
54015,2026-03-15 01:00:00,97,2,48,2026-03-17 01:00:00,145,0.1764,0.03858664313676749,0.03858664313676749,0.03892737535793722,0.018992521329912675,0.018898722525977487
54015,2026-03-15 02:00:00,98,2,48,2026-03-17 02:00:00,146,0.1241,0.04081063780309634,0.04081063780309634,0.04100771946202167,0.006937117855167005,0.006904327085002093
54015,2026-03-15 03:00:00,99,2,48,2026-03-17 03:00:00,147,0.1185,0.04041732444263982,0.04041732444263982,0.03996412362624691,0.006096904222195972,0.006167883877793429
54015,2026-03-15 04:00:00,100,2,48,2026-03-17 04:00:00,148,0.1173,0.041171521780559335,0.041171521780559335,0.04071126099910555,0.005795545196007851,0.005865834941747131
54015,2026-03-15 05:00:00,101,2,48,2026-03-17 05:00:00,149,0.1139,0.039309216472326935,0.039309216472326935,0.03887874569956148,0.005563784987272184,0.005628188596811064
54015,2026-03-15 06:00:00,102,2,48,2026-03-17 06:00:00,150,0.1277,0.03920638270066005,0.03920638270066005,0.0376332060406555,0.007831120302722042,0.008112027374115014
54015,2026-03-15 07:00:00,103,2,48,2026-03-17 07:00:00,151,0.1772,0.040444143631570756,0.040444143631570756,0.03885692805634104,0.01870216425106245,0.019138805554808402
54015,2026-03-15 08:00:00,104,2,48,2026-03-17 08:00:00,152,0.1817,0.04198052596048532,0.04198052596048532,0.0413420129247153,0.019521531425878615,0.01970036453582578
54015,2026-03-15 09:00:00,105,2,48,2026-03-17 09:00:00,153,0.1674,0.04452607203738891,0.04452607203738891,0.04471304852635223,0.015098002172960938,0.0150520880618972
54015,2026-03-15 10:00:00,106,2,48,2026-03-17 10:00:00,154,0.1584,0.047259154640800285,0.047259154640800285,0.048024418717508954,0.012352287507157547,0.01218276894344779
54015,2026-03-15 11:00:00,107,2,48,2026-03-17 11:00:00,155,0.1627,0.043080021624383714,0.043080021624383714,0.045704652948315626,0.014308939226582912,0.013687911231744072
54015,2026-03-15 12:00:00,108,2,48,2026-03-17 12:00:00,156,0.167,0.04694441003555261,0.04694441003555261,0.0495276275736078,0.014413344681711524,0.013799758283484995
54015,2026-03-15 13:00:00,109,2,48,2026-03-17 13:00:00,157,0.1578,0.0428597475140097,0.0428597475140097,0.045254236441925284,0.013211261641543199,0.01266654889487006
54015,2026-03-15 14:00:00,110,2,48,2026-03-17 14:00:00,158,0.0979,0.042985296150697065,0.042985296150697065,0.04529923781227009,0.0030156246988566468,0.0027668401827301166
54015,2026-03-15 15:00:00,111,2,48,2026-03-17 15:00:00,159,0.0904,0.03556521684569873,0.03556521684569873,0.037131546215082925,0.003006853443579242,0.0028375281686358455
54015,2026-03-15 16:00:00,112,2,48,2026-03-17 16:00:00,160,0.0958,0.03185738256809541,0.03185738256809541,0.03349588628126926,0.004088658324042908,0.0038818025862765314
54015,2026-03-15 17:00:00,113,2,48,2026-03-17 17:00:00,161,0.0883,0.02745959989897993,0.02745959989897993,0.02850858273711347,0.003701554284452203,0.0035750135783046053
54015,2026-03-15 18:00:00,114,2,48,2026-03-17 18:00:00,162,0.061,0.023346527040425738,0.023346527040425738,0.02377890778808459,0.00141778402591739,0.0013854097054479101
54015,2026-03-15 19:00:00,115,2,48,2026-03-17 19:00:00,163,0.0527,0.022369143001027672,0.022369143001027672,0.02262159839961455,0.0009199608862921084,0.0009047102428340699
54015,2026-03-15 20:00:00,116,2,48,2026-03-17 20:00:00,164,0.0349,0.017307704676594936,0.017307704676594936,0.01776370473679333,0.00030948885474589967,0.0002936526153477994
54015,2026-03-15 21:00:00,117,2,48,2026-03-17 21:00:00,165,0.0166,0.015904953674172037,0.015904953674172037,0.01575663798662741,4.83089395046951e-07,7.112594855998712e-07
54015,2026-03-15 22:00:00,118,2,48,2026-03-17 22:00:00,166,0.0129,0.015197881274663438,0.015197881274663438,0.015158562081299235,5.280258352448865e-06,5.101102675082733e-06
54015,2026-03-15 23:00:00,119,2,48,2026-03-17 23:00:00,167,0.0092,0.013231562723096361,0.013231562723096361,0.012950078658304531,1.625349799026015e-05,1.4063089943471112e-05
54015,2026-03-16 00:00:00,120,2,48,2026-03-18 00:00:00,168,0.0061,0.009703779294175877,0.009703779294175877,0.009236331632861696,1.2987225201130782e-05,9.836576111288909e-06
54015,2026-03-16 01:00:00,121,2,48,2026-03-18 01:00:00,169,0.0031,0.007000901555982827,0.007000901555982827,0.006576442989342628,1.5217032949469242e-05,1.2085655858149506e-05
54015,2026-03-16 02:00:00,122,2,48,2026-03-18 02:00:00,170,0.0012,0.004336571790114503,0.004336571790114503,0.0039267110651582384,9.838082594542103e-06,7.434953232856377e-06
54015,2026-03-16 03:00:00,123,2,48,2026-03-18 03:00:00,171,0.0011,0.0052822169838858644,0.0052822169838858644,0.0049773888119089655,1.7490938900303374e-05,1.5034143998716817e-05
54015,2026-03-16 04:00:00,124,2,48,2026-03-18 04:00:00,172,0.0011,0.0051553160541722995,0.0051553160541722995,0.004860436209916427,1.6445588299227586e-05,1.4140880488850621e-05
54015,2026-03-16 05:00:00,125,2,48,2026-03-18 05:00:00,173,0.0011,0.004394357432727124,0.004394357432727124,0.004018576159257162,1.0852790894564445e-05,8.518086797384288e-06
54015,2026-03-16 06:00:00,126,2,48,2026-03-18 06:00:00,174,0.0011,0.003545012530718595,0.003545012530718595,0.0033155372320316547,5.978086275370948e-06,4.908605226518485e-06
54015,2026-03-16 07:00:00,127,2,48,2026-03-18 07:00:00,175,0.001,0.0022040691123966826,0.0022040691123966826,0.001948356307786672,1.4497824274277349e-06,8.993796865187691e-07
54015,2026-03-16 08:00:00,128,2,48,2026-03-18 08:00:00,176,0.001,0.0027937637737570514,0.0027937637737570514,0.002725215556317906,3.217588476043138e-06,2.976368715761301e-06
54015,2026-03-16 09:00:00,129,2,48,2026-03-18 09:00:00,177,0.0009,0.0034139230250456037,0.0034139230250456037,0.0035332367962785604,6.31980897585444e-06,6.933936025275376e-06
54015,2026-03-16 10:00:00,130,2,48,2026-03-18 10:00:00,178,0.0009,0.003953082154127684,0.003953082154127684,0.004327066812649615,9.32131063985294e-06,1.1744786938364395e-05
54015,2026-03-16 11:00:00,131,2,48,2026-03-18 11:00:00,179,0.0009,0.003786964488401435,0.003786964488401435,0.004438207510806212,8.33456395729096e-06,1.2518912389525493e-05
54015,2026-03-16 12:00:00,132,2,48,2026-03-18 12:00:00,180,0.0008,0.003652867384164714,0.003652867384164714,0.003816281672615866,8.138852311630819e-06,9.097955128558368e-06
54015,2026-03-16 13:00:00,133,2,48,2026-03-18 13:00:00,181,0.0016,0.0034633945421661755,0.0034633945421661755,0.0037917849972085855,3.4722392197746905e-06,4.803921473988638e-06
54015,2026-03-16 14:00:00,134,2,48,2026-03-18 14:00:00,182,0.0042,0.0029738112715593746,0.0029738112715593746,0.003072147611831744,1.5035387977548371e-06,1.2720510094968377e-06
54015,2026-03-16 15:00:00,135,2,48,2026-03-18 15:00:00,183,0.0043,0.0031901116689404176,0.0031901116689404176,0.003575169696101799,1.2318521074222252e-06,5.253789694491584e-07
54015,2026-03-16 16:00:00,136,2,48,2026-03-18 16:00:00,184,0.0037,0.0029513432873176705,0.0029513432873176705,0.003258541552556316,5.604868734443124e-07,1.9488556081938802e-07
54015,2026-03-16 17:00:00,137,2,48,2026-03-18 17:00:00,185,0.0035,0.0022782294077532744,0.0022782294077532744,0.002464328623245308,1.492723380078915e-06,1.0726152006289599e-06
54015,2026-03-16 18:00:00,138,2,48,2026-03-18 18:00:00,186,0.0019,0.00212606849779323,0.00212606849779323,0.002358323351121647,5.110696569448758e-08,2.1006029418337633e-07
54015,2026-03-16 19:00:00,139,2,48,2026-03-18 19:00:00,187,0.002,0.0024503831155126654,0.0024503831155126654,0.0023070838708325065,2.0284495073889486e-07,9.430050372547552e-08
54015,2026-03-16 20:00:00,140,2,48,2026-03-18 20:00:00,188,0.0018,0.002126876759039837,0.002126876759039837,0.002301326898146746,1.0684841560038758e-07,2.5132865880543793e-07
54015,2026-03-16 21:00:00,141,2,48,2026-03-18 21:00:00,189,0.0007,0.0020901796249403774,0.0020901796249403774,0.0019835667084402465,1.9325993895993683e-06,1.6475434950161286e-06
54015,2026-03-16 22:00:00,142,2,48,2026-03-18 22:00:00,190,0.0004,0.0020817163215820327,0.0020817163215820327,0.0020267310180090295,2.8281697862754028e-06,2.6462538049526936e-06
54015,2026-03-16 23:00:00,143,2,48,2026-03-18 23:00:00,191,0.0003,0.0016256669053360017,0.0016256669053360017,0.001548823358301087,1.7573927439031319e-06,1.5595597802384055e-06
54015,2026-03-17 00:00:00,144,2,48,2026-03-19 00:00:00,192,0.0002,0.002245043262373895,0.002245043262373895,0.0021344023345652185,4.182201944980864e-06,3.741912391971367e-06
54015,2026-03-17 01:00:00,145,2,48,2026-03-19 01:00:00,193,0.0001,0.0019148530068696997,0.0019148530068696997,0.0016486902601640066,3.29369143654399e-06,2.3984415219268585e-06
54015,2026-03-17 02:00:00,146,2,48,2026-03-19 02:00:00,194,0.0,0.002271912418667552,0.002271912418667552,0.001980549164928677,5.161586038095846e-06,3.92257499469968e-06
54015,2026-03-17 03:00:00,147,2,48,2026-03-19 03:00:00,195,0.0,0.0022807765783252514,0.0022807765783252514,0.002018561609785285,5.2019418002370415e-06,4.0745909724989615e-06
54015,2026-03-17 04:00:00,148,2,48,2026-03-19 04:00:00,196,0.0,0.0020117920661688977,0.0020117920661688977,0.0017271210952378817,4.0473073175001225e-06,2.9829472776157e-06
54015,2026-03-17 05:00:00,149,2,48,2026-03-19 05:00:00,197,0.0,0.00251465014301807,0.00251465014301807,0.0025219434765825026,6.323465341780799e-06,6.36019889907704e-06
54015,2026-03-17 06:00:00,150,2,48,2026-03-19 06:00:00,198,0.0,0.0021957760840653146,0.0021957760840653146,0.0020734186145506053,4.821432611353208e-06,4.299064751164952e-06
54015,2026-03-17 07:00:00,151,2,48,2026-03-19 07:00:00,199,0.0001,0.0024597597193897983,0.0024597597193897983,0.0021888029139356317,5.568465933254621e-06,4.3630976132659865e-06
54015,2026-03-17 08:00:00,152,2,48,2026-03-19 08:00:00,200,0.0006,0.002824303153876115,0.002824303153876115,0.00265647266031282,4.9475245203432335e-06,4.229079802614088e-06
54015,2026-03-17 09:00:00,153,2,48,2026-03-19 09:00:00,201,0.0006,0.002677833508062613,0.002677833508062613,0.002451659228576747,4.317392087227785e-06,3.4286418987734345e-06
54015,2026-03-17 10:00:00,154,2,48,2026-03-19 10:00:00,202,0.0001,0.0029454483354927827,0.0029454483354927827,0.002760962996824224,8.096576229958648e-06,7.080724070467755e-06
54015,2026-03-17 11:00:00,155,2,48,2026-03-19 11:00:00,203,0.0001,0.002881292222986978,0.002881292222986978,0.002617023851645239,7.735586429647846e-06,6.3354090697510354e-06
54015,2026-03-17 12:00:00,156,2,48,2026-03-19 12:00:00,204,0.0001,0.0028967932704941656,0.0028967932704941656,0.0027078602652262657,7.822052597881453e-06,6.80093516294601e-06
54015,2026-03-17 13:00:00,157,2,48,2026-03-19 13:00:00,205,0.0001,0.0022301354852642783,0.0022301354852642783,0.0019163651515280342,4.537477185582083e-06,3.2991823636854586e-06
54015,2026-03-17 14:00:00,158,2,48,2026-03-19 14:00:00,206,0.0,0.0021698388320963717,0.0021698388320963717,0.001978553584362714,4.708200557273346e-06,3.914674286194544e-06
54015,2026-03-17 15:00:00,159,2,48,2026-03-19 15:00:00,207,0.0,0.0020824584595444963,0.0020824584595444963,0.0019215707458421242,4.336633235728437e-06,3.6924341312762575e-06
54015,2026-03-17 16:00:00,160,2,48,2026-03-19 16:00:00,208,0.0,0.0019874798089149484,0.0019874798089149484,0.0017973910418623649,3.9500759908445995e-06,3.2306145573670776e-06
54015,2026-03-17 17:00:00,161,2,48,2026-03-19 17:00:00,209,0.0,0.0019014234564521774,0.0019014234564521774,0.0018716683078859788,3.6154111607465456e-06,3.503142254744763e-06
54015,2026-03-17 18:00:00,162,2,48,2026-03-19 18:00:00,210,0.0,0.0028337649931565816,0.0028337649931565816,0.002645006147800156,8.03022403643972e-06,6.99605752190062e-06
54015,2026-03-17 19:00:00,163,2,48,2026-03-19 19:00:00,211,0.0,0.0014152519196090063,0.0014152519196090063,0.0013653214118896537,2.002937995956977e-06,1.8641025577643576e-06
54015,2026-03-17 20:00:00,164,2,48,2026-03-19 20:00:00,212,0.0,0.0014007895271490262,0.0014007895271490262,0.0014529877223535272,1.9622112993703923e-06,2.1111733213100906e-06
54015,2026-03-17 21:00:00,165,2,48,2026-03-19 21:00:00,213,0.0,0.0011929918145304268,0.0011929918145304268,0.00101729021221906,1.4232294695366003e-06,1.0348793758767e-06
54015,2026-03-17 22:00:00,166,2,48,2026-03-19 22:00:00,214,0.0,0.0014631657556874412,0.0014631657556874412,0.0,2.140854028616401e-06,0.0
54015,2026-03-17 23:00:00,167,2,48,2026-03-19 23:00:00,215,0.0,0.002222171842238416,0.002222171842238416,0.002345486388101046,4.938047696437275e-06,5.501306396767291e-06
