tree
version=v4
num_class=1
num_tree_per_iteration=1
label_index=0
max_feature_idx=162
objective=huber
feature_names=last_osi last_P_t last_N_t last_D_t last_R_t last_outage_pct osi_mean_72h osi_max_72h osi_std_72h outage_pct_mean_72h outage_pct_max_72h N_t_mean_72h N_t_max_72h R_t_mean_72h R_t_max_72h pre_event_mean_osi pre_event_max_outage_pct storm_onset_max_osi storm_onset_mean_osi osi_trend_last6h is_worsening frac_zero_72h hours_since_peak gust_mean_obs gust_max_obs gust_gt30_obs gust_gt40_obs cumul_gust_obs gust_last_obs gust_max_last6h_obs gust_trend_last6h_obs gust_t wind_speed_t wind_sin_t wind_cos_t t2m_t d2m_t tp_t rain_t csnow_t sdwe_t r2_t vpd_t soil_moist_t blh_t tcc_t lcc_t mcc_t hcc_t sp_t mslma_t sdswrf_t direct_rad_t diffuse_rad_t et0_t temp_c_t dewpoint_c_t icing_risk_t gust_exceed_30 soil_moist_x_gust is_snowing gust_x_hso gust_x_phase soil_gust_x_phase gust_exceed30_x_hso gust_max_next_1h gust_mean_next_1h wind_speed_max_next_1h total_tp_next_1h min_t2m_next_1h gust_gt30_next_1h gust_gt40_next_1h gust_peak4h_mean_next_1h gust_max_next_6h gust_mean_next_6h wind_speed_max_next_6h total_tp_next_6h min_t2m_next_6h gust_gt30_next_6h gust_gt40_next_6h gust_peak4h_mean_next_6h gust_max_next_24h gust_mean_next_24h wind_speed_max_next_24h total_tp_next_24h min_t2m_next_24h gust_gt30_next_24h gust_gt40_next_24h gust_peak4h_mean_next_24h gust_max_next_48h gust_mean_next_48h wind_speed_max_next_48h total_tp_next_48h min_t2m_next_48h gust_gt30_next_48h gust_gt40_next_48h gust_peak4h_mean_next_48h gust_change_1h gust_change_3h pressure_change_3h pressure_change_6h temp_change_6h wind_change_1h cumul_gust_since_onset cumul_tp_since_onset gust_gt30_since_onset gust_at_t1h wind_speed_at_t1h t2m_at_t1h tp_at_t1h gust_at_t6h wind_speed_at_t6h t2m_at_t6h tp_at_t6h gust_at_t24h wind_speed_at_t24h t2m_at_t24h tp_at_t24h gust_at_t48h wind_speed_at_t48h t2m_at_t48h tp_at_t48h hour_of_day hour_sin hour_cos days_since_onset hours_since_obs storm_phase log_customers rural_urban_code is_metro pop_density n_utilities pct_forest pct_developed pct_agriculture pct_water pct_wetland pct_unmapped pct_forest_classified tree_canopy_pct tree_canopy_std forest_x_customers window_len_next_1h is_full_next_1h tp_rate_next_1h gust_gt30_frac_next_1h has_weather_at_t1h window_len_next_6h is_full_next_6h tp_rate_next_6h gust_gt30_frac_next_6h has_weather_at_t6h window_len_next_24h is_full_next_24h tp_rate_next_24h gust_gt30_frac_next_24h has_weather_at_t24h window_len_next_48h is_full_next_48h tp_rate_next_48h gust_gt30_frac_next_48h has_weather_at_t48h
feature_infos=[0:0.27039999999999997] [0:0.41508846799999999] [0:0.021710291] [0:0.434707277] [0:0.035979253000000003] [0:41.509999999999998] [4.1666666666666669e-06:0.26529999999999998] [0.0001:0.65049999999999997] [1.9982631347136334e-05:0.22470370552747407] [0.00083333333333333328:39.644861111111112] [0.02:100] [3.1208333333333337e-06:0.0065975708888888901] [7.4900000000000005e-05:0.13327557900000001] [3.1208333333333337e-06:0.017093115180555556] [7.4900000000000005e-05:0.081863035000000001] [0:0.38653749999999998] [0:100] [0:0.27660000000000001] [0:0.09214583333333333] [-0.022628571428571428:0.017611428571428573] [0:1] [0:0.95833333333333337] [0:71] [13.03611111111111:31.022222222222222] [29.300000000000001:70] [0:35] [0:18] [938.59999999999991:2233.5999999999999] [3.5:47.5] [15.4:64.5] [-6.477142857142856:2.0142857142857129] [0.59999999999999998:57.799999999999997] [0:38] [-0.99999999952007834:0.99999985065946917] [-0.99999999329043221:1] [259.42265909999998:298.2982313] [257.33913039999999:289.8677619] [0:11.300000000000001] [0:11.300000000000001] [0:2.6600000000000001] [0:0.089999999999999997] [15:100] [0:2.5] [0.16700000000000001:0.52000000000000002] [15:3090] [0:100] [0:100] [0:100] [0:100] [884.60000000000002:1027.2] [986.70000000000005:1031.8] [0:863] [0:737] [0:463] [0:0.60999999999999999] [-13.727340900000002:25.14823130000002] [-15.81086959999999:16.717761900000028] [0:1] [0:27.799999999999997] [0.19259999999999999:21.359999999999999] [0:1] [0.80000000000000004:3663.5999999999999] [0:106.59999999999999] [0:41.839199999999998] [0:1533.6000000000001] [1.2:57.799999999999997] [0.89999999999999991:54.5] [0:38] [0:14.4] [259.42265909999998:298.21776599999998] [0:2] [0:2] [0.89999999999999991:54.5] [2.7999999999999998:57.799999999999997] [2.0571428571428569:49.328571428571429] [0.40000000000000002:38] [0:26.699999999999999] [259.42265909999998:296.01301139999998] [0:7] [0:7] [2.5999999999999996:52.550000000000004] [8.3000000000000007:57.799999999999997] [4.5520000000000005:43.052] [5.0999999999999996:38] [0:51.199999999999996] [259.42265909999998:286.3086935] [0:25] [0:18] [7.5:52.550000000000004] [10.300000000000001:57.799999999999997] [5.3827586206896552:37.897959183673471] [5.0999999999999996:38] [0:52.900000000000006] [259.42265909999998:281.94003939999999] [0:40] [0:20] [9.4499999999999993:52.550000000000004] [-22.599999999999998:28.199999999999999] [-32:35.700000000000003] [-6.1999999999999318:10.599999999999909] [-10.899999999999977:14.599999999999909] [-19.418857099999968:20.923636399999964] [-15.1:19] [347.09999999999997:4123.8999999999996] [0:53.200000000000003] [0:60] [0.59999999999999998:57.799999999999997] [0:38] [259.42265909999998:298.2982313] [0:11.300000000000001] [0.90000000000000002:57.799999999999997] [0:38] [259.42265909999998:298.2982313] [0:11.300000000000001] [0.90000000000000002:57.799999999999997] [0:38] [259.42265909999998:298.2982313] [0:11.300000000000001] [0.90000000000000002:53.299999999999997] [0:34.299999999999997] [259.42265909999998:296.01505680000002] [0:11.300000000000001] [0:23] [-1:1] [-1:1] [1:5] [1:120] [0:3] [7.1180162044653335:13.453719692845613] [1:9] [0:1] [8.8255199219102849:11939.655837338518] [1:14] [0.96999999999999997:88.719999999999999] [2.21:86.629999999999995] [0.040000000000000001:87.469999999999999] [0.01:5.4699999999999998] [0:19.780000000000001] [1.8899999999999999:18.32] [0.98868616858628067:95.815074496056084] [2.2000000000000002:80.340000000000003] [12.65:40.140000000000001] [8.0679963363985543:851.59337963521523] none none [0:7.2000000000000002] [0:1] none none none [0:3.8142857142857141] [0:1] none none none [0:2.048] [0:1] none [25:49] [0:1] [0:1.0795918367346939] [0:0.81632653061224492] [0:1]
tree_sizes=2926 2936 2944 2937 2988 2960 2996 2968 2997 2926 2988 2927 2962 2990 2952 2914 2966 2978 2975 2849 2893 2961 2899 2962 2926 2912 2916 2932 2964 2947 2919 2908 2944 2967 2887 2979 3016 2936 3010 2842 2901 2800 2947 2918 2908 2923 2938 2912 2999 2958 2963 2905 2869 2899 3003 2952 2943 2908 2919 2962 2980 2930 2939 2916 2950 2964 2882 2832 2949 2899 2977 2895 2972 2903 2925 2973 2952 2916 2938 2912 2972 2932 2814 2910 2867 2904 2830 2861 2854 2858 2929 2940 2862 2814 2886 2859 2816 2948 2842 2876 2828 2969 2840 2890 2897 2835 2838 2835 2851 2810 2894 2851 2835 2864 2801 2800 2772 2861 2917 2820 2868 2928 2830 2797 2895 2848 2861 2785 2826 2862 2881 2799 2689 2826 2801 2784 2970 2811 2892 2826 2695 2770 2759 2705 2840 2748 2763 2893 2791 2873 2750 2847 2768 2934 2830 2847 2809 2839 2782 2845 2847 2867 2822 2818 2811 2898 2877 2764 2746 2749 2745 2835 2729 2849 2833 2816 2767 2854 2788 2800 2721 2767 2817 2826 2796 2810 2763 2802 2745 2682 2747 2721 2711 2701 2724 2781 2741 2680 2721 2829 2783 2753 2803 2809 2743 2799 2827 2752 2827 2841 2830 2849 2860 2726 2708 2711 2825 2786 2779 2750 2737 2741 2771 2739 2752 2708 2678 2735 2682 2726 2834 2799 2684 2776 2670 2662 2790 2764 2711 2747 2702 2672 2728 2720 2713 2780 2791 2715 2739 2750 2713 2686 2825 2750 2652 2717 2710 2695 2736 2721 2727 2648 2680 2696 2668 2706 2749 2706 2689 2639 2658 2715 2625 2707

Tree=0
num_leaves=31
num_cat=0
split_feature=0 105 140 50 93 103 12 92 2 50 140 43 83 77 81 142 43 104 103 3 3 155 138 155 19 43 29 16 92 81
split_gain=0.457849 0.771606 0.190121 0.523439 0.118656 0.11151 0.184198 0.0678042 0.0517193 0.0516437 0.0313298 0.0222027 0.0254145 0.0186187 0.0165743 0.0197127 0.0133709 0.0116999 0.0112234 0.0113407 0.0109257 0.0112335 0.00696885 0.006493 0.0103877 0.00563635 0.00488425 0.00466981 0.00523968 0.00449318
threshold=0.21365000000000003 18.500000000000004 76.510000000000005 1004.1500000000002 271.07134520000005 1717.1500000000003 0.076740456500000012 10.550000000000002 0.0011514315000000002 1012.5500000000001 54.865000000000002 0.34550000000000003 18.150000000000002 278.01423785000003 38.95000000000001 325.33901779365141 0.41150000000000003 11.250000000000002 1017.3500000000001 0.07530173900000002 0.10097021400000002 0.76200000000000012 5.4300000000000006 0.25800000000000006 -0.0063771428571428564 0.31850000000000006 26.850000000000005 0.85000000000000009 10.250000000000002 24.850000000000005
decision_type=2 2 2 2 2 2 2 2 2 2 2 2 2 2 2 2 2 2 2 2 2 2 2 2 2 2 2 2 2 2
left_child=2 4 5 -4 -2 6 8 11 14 -5 18 25 -13 -9 20 -16 22 -3 -10 -20 21 -1 27 -7 -25 -8 -23 -17 -29 -11
right_child=1 17 3 9 -6 23 7 13 10 29 -12 12 -14 -15 15 16 -18 -19 19 -21 -22 26 -24 24 -26 -27 -28 28 -30 -31
leaf_value=0.004834581575530808 0.0084966809520928277 0.0057369539610112093 0.0094239021027883868 0.0064113332465051773 0.012260231849521713 0.0047996978371303341 0.0065883870667071773 0.0062785643487603786 0.0065849434465298185 0.0048374571992754103 0.0051149825449053991 0.0063651074067137981 0.0082557610756039262 0.0051305451259527042 0.0049760383274812135 0.0050250488409878885 0.0061121872927374877 0.0048663883281974173 0.006041415649398146 0.0051537036721861964 0.0053348299756169216 0.0055872171886508061 0.0051100599155068944 0.0055635251002956534 0.0048999715989574439 0.0055820064424643998 0.0050224566917498551 0.0052481884822481607 0.0060799875919659348 0.005167138256580623
leaf_weight=2210 55 50 87 75 50 6565 52 51 60 218 264 51 50 149 1219 53 51 146 98 80 125 60 405 60 919 50 145 59 55 186
leaf_count=2210 55 50 87 75 50 6565 52 51 60 218 264 51 50 149 1219 53 51 146 98 80 125 60 405 60 919 50 145 59 55 186
internal_value=0.00502461 0.00695021 0.00498158 0.00587682 0.0103874 0.00494164 0.00511705 0.0061432 0.00503115 0.00521432 0.0055122 0.00679328 0.00737262 0.00545296 0.00497708 0.00508947 0.00531915 0.00506559 0.00592965 0.00567334 0.00489361 0.00486858 0.00523794 0.00481804 0.00494625 0.00615383 0.00521 0.00551594 0.00569868 0.00500157
internal_weight=13698 301 13397 566 105 12831 5287 403 4884 479 502 203 101 200 4382 1842 623 196 238 178 2540 2415 572 7544 979 102 205 167 114 404
internal_count=13698 301 13397 566 105 12831 5287 403 4884 479 502 203 101 200 4382 1842 623 196 238 178 2540 2415 572 7544 979 102 205 167 114 404
is_linear=0
shrinkage=1


Tree=1
num_leaves=31
num_cat=0
split_feature=0 105 133 50 103 8 126 136 2 103 49 88 81 133 21 96 84 138 84 89 3 15 73 84 19 141 85 80 5 89
split_gain=0.414222 0.69838 0.409163 0.979944 0.110389 0.139021 0.10266 0.062431 0.058785 0.0555515 0.0222327 0.014627 0.014386 0.0181579 0.0181965 0.0134842 0.0132547 0.0129491 0.0102998 0.00982707 0.00978105 0.00917624 0.00752281 0.00627907 0.00951542 0.00616065 0.00570448 0.00473436 0.00328368 0.00311732
threshold=0.21365000000000003 18.500000000000004 88.200000000000003 1011.7500000000001 1717.1500000000003 0.031550656705225819 18.500000000000004 0.41500000000000004 0.0011514315000000002 1069.3500000000001 963.55000000000007 40.587500000000013 38.95000000000001 23.815000000000001 0.34027777777777785 36.987500000000004 18.650000000000006 6.4350000000000014 6.950000000000002 39.650000000000013 0.10097021400000002 0.00093958333333333339 25.150000000000002 6.5500000000000016 -0.0063771428571428564 30.73 276.47172085000005 20.062500000000004 1.2400000000000002 45.850000000000001
decision_type=2 2 2 2 2 2 2 2 2 2 2 2 2 2 2 2 2 2 2 2 2 2 2 2 2 2 2 2 2 2
left_child=2 6 4 -4 5 8 -2 19 12 21 -10 17 16 28 -15 -11 20 -12 -3 -7 -1 -9 29 -6 -25 -18 -19 -5 -14 -16
right_child=1 18 3 27 23 7 -8 9 10 15 11 -13 13 14 22 -17 25 26 -20 -21 -22 -23 -24 24 -26 -27 -28 -29 -30 -31
leaf_value=-0.00017443789098987267 0.0068576654251299666 -0.00016485294561217808 0.0081928171521947531 -0.00010422277602708125 -0.00021150087373886128 0.00080900251447661394 0.0033266716117837597 0.0015729782868855458 0 0.00020608229241042867 0.00013263954301674535 0.00126651114577169 -0.00012401444161114062 0.00098135949680363405 0.00054426735006062033 0.0011832629847604321 0.00066998879795724026 0.0011149730242834847 0.0006194789498062918 0 0.0003374993723272193 0.0029102196684969522 2.4385003284606319e-05 0.00052715506914440392 -0.00011239247705082192 4.3551180732923605e-05 0.00033219083896256056 0.0004746059629513755 5.7460263369757862e-05 8.7930431131415243e-05
leaf_weight=2289 50 139 50 91 6740 50 55 58 150 79 154 97 738 79 144 96 62 90 57 156 90 53 432 59 944 160 63 50 332 91
leaf_count=2289 50 139 50 91 6740 50 55 58 150 79 154 97 738 79 144 96 62 90 57 156 90 53 432 59 944 160 63 50 332 91
internal_value=2.4861e-06 0.00183406 -3.84257e-05 0.00225234 -7.2104e-05 9.93834e-05 0.0051041 0.000900462 1.89267e-05 0.00138056 0.000504629 0.000697284 -4.0961e-05 6.52523e-05 0.000255791 0.000774222 -0.000117037 0.000497668 3.98496e-05 0.000206314 -0.000152836 0.00227641 0.000161029 -0.000193738 -6.93044e-05 0.000243144 0.000829369 6.77212e-05 -6.30368e-05 0.000389866
internal_weight=13698 301 13397 191 13206 5463 105 492 4971 286 554 404 4417 1816 746 175 2601 307 196 206 2379 111 667 7743 1003 222 153 141 1070 235
internal_count=13698 301 13397 191 13206 5463 105 492 4971 286 554 404 4417 1816 746 175 2601 307 196 206 2379 111 667 7743 1003 222 153 141 1070 235
is_linear=0
shrinkage=0.05


Tree=2
num_leaves=31
num_cat=0
split_feature=0 105 133 50 93 103 8 2 92 133 91 140 41 81 133 43 43 87 21 155 133 155 0 0 25 61 104 93 2 92
split_gain=0.374769 0.632721 0.369912 0.886206 0.10202 0.100256 0.131957 0.0559245 0.0487434 0.0570507 0.0197945 0.0191709 0.0143537 0.0127554 0.0117445 0.0104238 0.00983635 0.0164868 0.00924595 0.0080755 0.00887488 0.00740894 0.00786088 0.00738112 0.00728795 0.00679054 0.00667376 0.00485995 0.00442207 0.00434576
threshold=0.21365000000000003 19.500000000000004 88.200000000000003 1011.7500000000001 271.07134520000005 1643.5500000000004 0.031550656705225819 0.0011514315000000002 11.450000000000003 26.395000000000007 19.850000000000005 54.865000000000002 96.500000000000014 38.95000000000001 23.815000000000001 0.31050000000000005 0.31750000000000006 2.5000000000000004 0.34027777777777785 0.25800000000000006 84.075000000000017 0.80200000000000016 0.025450000000000004 0.034000000000000009 18.500000000000004 389.10000000000008 12.350000000000003 267.52923855000006 1.2845000000000002e-05 11.050000000000002
decision_type=2 2 2 2 2 2 2 2 2 2 2 2 2 2 2 2 2 2 2 2 2 2 2 2 2 2 2 2 2 2
left_child=2 4 5 -4 -2 6 7 12 9 -8 -11 16 13 21 -15 -10 -9 -18 -16 -7 -21 22 -1 -13 -24 28 -3 -25 29 -20
right_child=1 26 3 -5 -6 19 8 11 15 10 -12 23 -14 14 18 -17 17 -19 25 20 -22 -23 24 27 -26 -27 -28 -29 -30 -31
leaf_value=-0.00018312227541490001 0.0031032336257019286 0.00051446039679314143 0.007791208370460892 6.2704981197307921e-05 0.0065502839141032276 -0.00020088524639837185 0.00023167485361709735 0.00017984546061629303 1.0896339449876298e-05 0.0010524417926790193 0.0023948484532929099 -8.7757755951215782e-07 0.00054097875839413494 -5.3200207411310226e-05 0.0007942436811985813 0.00076274736533551253 0.00064399219016132009 0.0018350976041772151 0.00059409031432908807 -8.8290143135712291e-05 0.00053773217567579885 0.00021846354925650374 -8.6210005772045415e-05 0.00078813439896690965 0.00044180453948793004 0 -0.00014875097425093349 0.00013274611404096045 0 0
leaf_weight=2044 58 50 50 141 50 6803 82 57 134 64 103 145 102 1008 65 83 114 54 144 1140 57 134 159 70 99 348 143 86 58 53
leaf_count=2044 58 50 50 141 50 6803 82 57 134 64 103 145 102 1008 65 83 114 54 144 1140 57 134 159 70 99 348 143 86 58 53
internal_value=2.7651e-06 0.00174494 -3.61318e-05 0.00214196 0.00479042 -6.81721e-05 0.000101983 2.18901e-05 0.000904162 0.00138681 0.00191948 0.000508157 -3.77267e-05 -5.34254e-05 5.06063e-05 0.000323586 0.000864693 0.00106503 0.000214568 -0.000179524 -5.3882e-05 -0.000127044 -0.000149413 0.000223107 9.80187e-05 0.000142592 0 0.000461825 0.000338062 0.000451218
internal_weight=13698 301 13397 191 108 13206 5206 4740 466 249 167 526 4214 4112 1676 217 225 168 668 8000 1197 2436 2302 301 258 603 193 156 255 197
internal_count=13698 301 13397 191 108 13206 5206 4740 466 249 167 526 4214 4112 1676 217 225 168 668 8000 1197 2436 2302 301 258 603 193 156 255 197
is_linear=0
shrinkage=0.05


Tree=3
num_leaves=31
num_cat=0
split_feature=0 105 133 50 93 104 12 92 2 129 91 21 50 76 140 84 140 81 23 141 56 4 61 0 104 6 100 15 80 116
split_gain=0.339102 0.572704 0.334837 0.801062 0.091401 0.0761892 0.118653 0.0764373 0.0411778 0.0284416 0.0185462 0.0144938 0.0128804 0.00934405 0.00981508 0.00863095 0.0211553 0.0100185 0.0182582 0.00797879 0.00887264 0.00779998 0.00781996 0.00749525 0.00603398 0.00574528 0.00519165 0.00439188 0.00428168 0.00267136
threshold=0.21365000000000003 19.500000000000004 88.200000000000003 1011.7500000000001 271.07134520000005 5.8500000000000014 0.076740456500000012 9.3500000000000032 0.0011514315000000002 3.5000000000000004 34.350000000000001 0.56250000000000011 1022.85 4.1500000000000012 71.610000000000014 20.250000000000004 70.640000000000015 38.95000000000001 17.979166666666668 33.775000000000013 2.5351400500000243 0.0099214645000000028 1314.6000000000001 0.025450000000000004 12.350000000000003 0.021504166666666668 6.0499999999999554 0.00038020833333333336 20.062500000000004 272.28067670000007
decision_type=2 2 2 2 2 2 2 2 2 2 2 2 2 2 2 2 2 2 2 2 2 2 2 2 2 2 2 2 2 2
left_child=2 4 5 -4 -2 6 8 9 15 -8 11 21 25 -7 -15 17 -17 23 -19 29 27 22 -10 -1 -3 -9 -25 -21 -5 -20
right_child=1 24 3 28 -6 13 7 12 10 -11 -12 -13 -14 14 -16 16 -18 18 19 20 -22 -23 -24 26 -26 -27 -28 -29 -30 -31
leaf_value=-0.00017318633505214551 0.0029507019459191017 0.00048924174748689818 0.0074092864584835126 -0.00010216945029163112 0.0062291916401362897 -0.00018798928096153494 0.0022467126604635269 0 0.00072603998687363375 0.00080691505726215168 0.0012727397876758978 -7.3823666103709802e-05 0.00097395133845219826 -5.7403254806067873e-05 0.00054662914410493195 0 0.0010722676445035623 0.00088587867699720059 -0.00015842393129590604 0.0001178255295861265 -7.2244991241189534e-05 0 5.3059705083433074e-05 -1.5626723396866517e-05 -0.00014136507597059891 0.0005636299289249958 0.00044666501643261753 0.00058317952654245414 0.00044826719823165561 -1.5746561475637995e-05
leaf_weight=2040 58 50 50 91 50 6805 99 187 227 76 56 170 62 451 77 266 56 57 544 142 189 89 74 216 143 58 75 126 50 1064
leaf_count=2040 58 50 50 91 50 6805 99 187 227 76 56 170 62 451 77 266 56 57 544 142 189 89 74 216 143 58 75 126 50 1064
internal_value=2.96776e-06 0.00166018 -3.4014e-05 0.00203821 0.00455762 -6.45154e-05 6.90686e-05 0.000819849 8.75741e-07 0.00165798 0.000386171 0.000286491 0.000322024 -0.000172179 2.20998e-05 -4.78529e-05 0.000197883 -6.67853e-05 9.63549e-06 -1.25483e-05 0.000168529 0.000456126 0.00057787 -0.000138472 0 0.000133432 8.7519e-05 0.000356553 5.95918e-05 -6.71915e-05
internal_weight=13698 301 13397 191 108 13206 5873 482 5391 175 616 560 307 7333 528 4775 322 4453 2122 2065 457 390 301 2331 193 245 291 268 141 1608
internal_count=13698 301 13397 191 108 13206 5873 482 5391 175 616 560 307 7333 528 4775 322 4453 2122 2065 457 390 301 2331 193 245 291 268 141 1608
is_linear=0
shrinkage=0.05


Tree=4
num_leaves=31
num_cat=0
split_feature=0 105 133 50 103 12 93 92 2 43 28 49 81 129 88 41 81 133 21 104 3 137 84 92 11 2 137 1 80 0
split_gain=0.306873 0.518633 0.302755 0.724434 0.083301 0.123086 0.0765524 0.0474936 0.0435164 0.0200752 0.0199038 0.0174385 0.0151762 0.0123176 0.0199216 0.0105131 0.00955969 0.00990994 0.0106601 0.00788939 0.00775737 0.00702088 0.00684839 0.00642395 0.00636276 0.00588787 0.00472653 0.00636944 0.00388264 0.0038119
threshold=0.21365000000000003 18.500000000000004 88.200000000000003 1011.7500000000001 1717.1500000000003 0.076740456500000012 271.07134520000005 12.550000000000004 0.0011514315000000002 0.34550000000000003 33.650000000000006 963.55000000000007 38.750000000000007 3.5000000000000004 44.937500000000007 96.500000000000014 38.95000000000001 23.815000000000001 0.34027777777777785 11.250000000000002 0.10097021400000002 1.5500000000000003 19.050000000000008 12.050000000000002 0.0020948164027777779 0.0017786885000000002 1.0000000180025095e-35 0.00031129350000000004 20.062500000000004 0.17725000000000005
decision_type=2 2 2 2 2 2 2 2 2 2 2 2 2 2 2 2 2 2 2 2 2 2 2 2 2 2 2 2 2 2
left_child=2 6 4 -4 5 8 -2 9 15 10 -7 -10 -11 -13 24 16 20 -18 -19 -3 22 -17 -1 -20 -15 -9 27 -6 -5 -27
right_child=1 19 3 28 26 7 -8 25 11 12 -12 13 -14 14 -16 21 17 18 23 -21 -22 -23 -24 -25 -26 29 -28 -29 -30 -31
leaf_value=-0.00015372707191433878 0.0028398076019116813 0.00058505156445522416 0.007046086037641063 -9.7116505247591388e-05 0.000524221853794236 0.00013611754384064333 0.0059238390756004003 -7.8375984514423186e-05 0 0.0011059446021121962 0.0014957880570242803 0.00013057667656855401 0.0026073328881258411 4.7619485302482532e-05 0.0017180214924649951 1.8771892763361895e-05 -4.9622312753119294e-05 0.00077113486706815049 0.00025960405242792396 -0.00012891200942422509 0.00026177207122802631 0.00086164757139587625 0.00016110011318740491 -4.3297700143112949e-05 0.00072358766750983791 0.00077648544953012009 -0.00017271554873764529 -0.00011228665913499538 0.00042629331187830157 6.8930226194165048e-05
leaf_weight=2244 55 50 50 91 56 61 50 59 150 51 65 120 55 65 52 71 1119 72 351 146 125 52 171 301 167 57 7583 104 50 55
leaf_count=2244 55 50 50 91 56 61 50 59 150 51 65 120 55 65 52 71 1119 72 351 146 125 52 171 301 167 57 7583 104 50 55
internal_value=3.06764e-06 0.00157958 -3.2095e-05 0.00193832 -6.11165e-05 8.77779e-05 0.00439759 0.000927908 1.97083e-05 0.00139777 0.00088316 0.00043807 0.00194878 0.000608791 0.000792143 -3.07045e-05 -4.45721e-05 4.01413e-05 0.000185652 2.98861e-05 -0.000107999 0.000419507 -0.000129308 0.000112258 0.000556676 0.00025694 -0.000166811 8.13077e-05 5.49735e-05 0.000476958
internal_weight=13698 301 13397 191 13206 5463 105 403 5060 232 126 554 106 404 284 4506 4383 1843 724 196 2540 123 2415 652 232 171 7743 160 141 112
internal_count=13698 301 13397 191 13206 5463 105 403 5060 232 126 554 106 404 284 4506 4383 1843 724 196 2540 123 2415 652 232 171 7743 160 141 112
is_linear=0
shrinkage=0.05


Tree=5
num_leaves=31
num_cat=0
split_feature=133 50 0 126 103 12 88 92 2 129 94 155 140 21 77 5 103 4 110 100 27 77 31 48 92 19 92 90 2 120
split_gain=0.299293 0.663791 0.214276 0.394141 0.0809894 0.120416 0.0544459 0.0501583 0.0258389 0.0190637 0.0202985 0.016169 0.026831 0.0130573 0.0124847 0.0113241 0.0102086 0.00840472 0.00765079 0.00586329 0.00692543 0.00993404 0.00504973 0.00447354 0.00366192 0.00650817 0.00358322 0.00318571 0.0031743 0.00929894
threshold=88.200000000000003 1010.35 0.21365000000000003 40.500000000000007 1746.2500000000002 0.076740456500000012 51.037500000000009 10.550000000000002 0.0011514315000000002 3.5000000000000004 13.500000000000002 0.76600000000000013 71.610000000000014 0.56250000000000011 278.01423785000003 1.5950000000000004 747.10000000000002 0.0009277545000000001 17.050000000000004 -0.95000000000004536 1335.6500000000003 281.37332475000005 16.950000000000003 38.500000000000007 7.2500000000000018 -0.0061371428571428506 6.450000000000002 24.466326530612246 0.0059917800000000012 282.95613695000003
decision_type=2 2 2 2 2 2 2 2 2 2 2 2 2 2 2 2 2 2 2 2 2 2 2 2 2 2 2 2 2 10
left_child=2 -2 4 -4 5 6 8 9 11 10 -7 15 22 16 -9 19 -10 27 -3 20 21 -1 -13 -17 28 -26 -5 -18 -6 -30
right_child=1 18 3 26 24 7 -8 14 13 -11 -12 12 -14 -15 -16 23 17 -19 -20 -21 -22 -23 -24 -25 25 -27 -28 -29 29 -31
leaf_value=-5.5109618282767768e-05 0.0068555478190126667 -0.00010765566453792627 0.0039612434086831001 -0.00013933875184577322 -0.00018012676620562885 0.00087758193088962743 0.0015604553778713014 0.0010015009929758469 -4.8049404022974832e-05 0.00067058121474449406 0.0023548158877803125 0.000547171672600705 0.0013442161205099324 -4.3413947550161909e-05 6.3070506958419679e-05 0.00028726347732964196 0.0013026825888264998 0.00029464591662841755 0.00062867452234618569 -0.00017189174452370595 -7.4592636190792924e-05 0.00063141600470488707 0 2.090154453652723e-05 0.00045938363875460786 -9.5476945854234012e-05 0.00035249781604244505 0.00061204560596103089 -0.00013884682564634627 0.00059436314813725549
leaf_weight=99 50 86 94 134 6467 53 56 51 61 72 84 50 51 148 156 216 50 177 51 1692 1370 89 262 769 53 881 50 118 252 51
leaf_count=99 50 86 94 134 6467 53 56 51 61 72 84 50 51 148 156 216 50 177 51 1692 1370 89 262 769 53 881 50 118 252 51
internal_value=2.1454e-06 0.00198382 -2.48669e-05 0.00134582 -5.39312e-05 8.97486e-05 2.32971e-05 0.000907629 5.319e-06 0.00145953 0.00183006 -3.25855e-05 0.000284812 0.000328413 0.00032202 -6.10322e-05 0.000476015 0.000582998 0.00013279 -0.000106725 -3.26812e-05 0.000245061 9.19249e-05 8.4615e-05 -0.000159466 -5.8186e-05 0 0.00085367 -0.00017269 0
internal_weight=13793 187 13606 278 13328 5624 5208 416 5152 209 137 4598 363 554 207 4235 406 345 137 3250 1558 188 312 985 7704 934 184 168 6770 303
internal_count=13793 187 13606 278 13328 5624 5208 416 5152 209 137 4598 363 554 207 4235 406 345 137 3250 1558 188 312 985 7704 934 184 168 6770 303
is_linear=0
shrinkage=0.05


Tree=6
num_leaves=31
num_cat=0
split_feature=11 105 30 90 137 50 88 88 0 85 103 2 29 0 100 41 1 136 84 100 103 139 125 131 33 12 22 43 137 19
split_gain=0.208414 0.34205 0.22826 0.239704 0.0790204 0.216094 0.0620849 0.0566882 0.0411281 0.0399775 0.0304151 0.0277006 0.0258533 0.0166896 0.0139659 0.0130182 0.00953893 0.00940632 0.00894095 0.00634775 0.00785141 0.00600567 0.00422714 0.00402607 0.00477974 0.00456418 0.00356421 0.00837365 0.00306982 0.00304474
threshold=0.0040165472500000013 24.500000000000004 -2.1671428571428568 22.758163265306127 1.0000000180025095e-35 1007.9500000000002 39.212500000000006 51.037500000000009 0.21365000000000003 276.47172085000005 1688.4000000000003 0.0011514315000000002 49.600000000000001 0.052550000000000006 -0.19999999999987492 96.500000000000014 0.015902566000000003 2.0500000000000003 0.45000000000000007 -0.95000000000004536 785.50000000000011 39.544498705434592 2.5000000000000004 65.720713804132885 -0.63518687680070574 0.034995193500000008 1.0000000180025095e-35 0.33050000000000007 1.6200000000000003 -0.0030385714285714282
decision_type=2 2 2 2 2 2 2 2 2 2 2 2 2 2 2 2 2 2 2 2 2 2 2 2 2 2 2 2 2 2
left_child=4 2 6 -4 5 -1 12 10 9 -5 11 15 -2 17 -15 16 19 -13 -7 20 21 -6 -22 -18 25 -25 27 -12 -17 -26
right_child=1 -3 3 8 7 18 -8 -9 -10 -11 26 13 -14 14 -16 28 23 -19 -20 -21 22 -23 -24 24 29 -27 -28 -29 -30 -31
leaf_value=0.0028839872429532645 -0.00018498590385956961 -0.00010432375629283134 0.0054672315320128517 0.0019674945623338433 0 -0.00014380092413706033 0.001908169132862788 0.0014838014312472455 0.0027028809520415966 0.00015506456488792813 0.00057868696671600154 2.7446124058357714e-05 0.00085960854299547561 0.00029859809322025049 0.0014125250059089834 0.00015007888187450378 -9.4680667847200754e-05 0.00072388620481961567 0.00044432704069671071 -0.00016485720941251166 -8.9023988772188236e-05 0.00072981602613661641 0.00014838654706190717 0 -8.2075310555850217e-05 0.00052239382000111823 -0.00016463780836163881 -0.0001201426876065656 0.00079623735966519106 0.00014915070245342314
leaf_weight=83 159 752 57 70 58 222 67 56 79 65 53 308 89 80 61 68 216 61 89 1613 1331 57 204 71 212 133 6885 198 51 345
leaf_count=83 159 752 57 70 58 222 67 56 79 65 53 308 89 80 61 68 216 61 89 1613 1331 57 204 71 212 133 6885 198 51 345
internal_value=2.28908e-06 0.000595387 0.00150047 0.00256712 -6.10668e-05 0.000633359 0.00056178 -8.42169e-05 0.00174957 0.00113916 -9.20707e-05 3.27605e-06 0.000171755 0.000352495 0.000822275 -3.6507e-05 -5.20939e-05 0.000157735 9.36483e-06 -9.38489e-05 -2.13467e-05 0.000369977 -5.41411e-05 8.22011e-05 0.000139027 0.000350314 -0.000157819 9.2885e-06 0.000472998 5.21937e-05
internal_weight=13793 1338 586 271 12455 394 315 12061 214 135 12005 4869 248 510 141 4359 4240 369 311 3263 1650 115 1535 977 761 204 7136 251 119 557
internal_count=13793 1338 586 271 12455 394 315 12061 214 135 12005 4869 248 510 141 4359 4240 369 311 3263 1650 115 1535 977 761 204 7136 251 119 557
is_linear=0
shrinkage=0.05


Tree=7
num_leaves=31
num_cat=0
split_feature=133 116 0 105 103 12 88 92 2 105 93 84 140 21 77 1 103 104 4 41 31 25 116 23 141 92 118 137 114 21
split_gain=0.256235 0.502034 0.175748 0.325501 0.0665797 0.0976643 0.044486 0.0435451 0.0207729 0.01632 0.025992 0.0137352 0.0228351 0.0108888 0.00996958 0.00935654 0.00864531 0.00674107 0.00637097 0.00484421 0.00434251 0.00412892 0.00401471 0.00423101 0.00329962 0.00613528 0.00313502 0.00305426 0.00829553 0.0176262
threshold=88.200000000000003 271.12386600000008 0.21365000000000003 17.500000000000004 1746.2500000000002 0.076740456500000012 51.037500000000009 10.550000000000002 0.0011514315000000002 17.500000000000004 272.57128800000004 19.150000000000006 71.610000000000014 0.56250000000000011 278.01423785000003 0.013526559500000002 747.10000000000002 12.150000000000004 0.0009277545000000001 95.500000000000014 16.950000000000003 18.500000000000004 292.40872695000007 21.087500000000002 35.815000000000005 11.250000000000002 23.150000000000002 0.065000000000000016 14.65 0.43750000000000006
decision_type=2 2 2 2 2 2 2 2 2 2 2 2 2 2 2 2 2 2 2 2 2 2 2 2 2 2 8 2 2 2
left_child=2 -2 4 -4 5 6 8 9 11 10 -7 15 20 16 -9 19 -10 -5 -18 22 -13 -17 -1 -24 -23 -26 -3 28 -6 -30
right_child=1 26 3 17 27 7 -8 14 13 -11 -12 12 -14 -15 -16 21 18 -19 -20 -21 -22 24 23 -25 25 -27 -28 -29 29 -31
leaf_value=-0.00013008841089803824 0.0056106380793110788 0.00034380606774522511 0.0037355390322310008 0.00054497247144086834 -0.00015108445660805728 0.0023941358214622176 0.0014109129123844148 0.00087693362688206925 -4.7495942487711863e-05 0.00047727377118416509 0.00090908012815773306 0.00050642130923840936 0.0012415153946382746 -4.2378018286326066e-05 3.6747007793478095e-05 -5.2668063515429439e-05 0.00076753248229955904 -0.00011607848757245246 0.0002706384909989344 0.00031254189382707415 0 8.6886968364832814e-05 0.00034092401920659339 -4.4322151200310566e-05 0.00077751736605672977 0 -0.00013825410401138168 -0.0001579702402645698 0.00074051875939783337 -6.5905236625779612e-05
leaf_weight=2740 59 54 87 50 781 68 56 51 61 58 83 50 51 148 156 375 168 141 177 63 262 574 89 286 55 53 74 6601 90 232
leaf_count=2740 59 54 87 50 781 68 56 51 61 58 83 50 51 148 156 375 168 141 177 63 262 574 89 286 55 53 74 6601 90 232
internal_value=2.44526e-06 0.00183606 -2.25214e-05 0.00121877 -4.88774e-05 8.13422e-05 2.13981e-05 0.000817955 5.05349e-06 0.00133199 0.00162209 -2.88295e-05 0.000263568 0.000294824 0.000271009 -5.51288e-05 0.000429833 3.28669e-05 0.000528574 -9.86496e-05 8.42809e-05 7.09653e-05 -0.000108668 3.44753e-05 0.000146244 0.000412151 2.7444e-05 -0.000144586 -5.98884e-05 0.000145608
internal_weight=13793 187 13606 278 13328 5624 5208 416 5152 209 151 4598 363 554 207 4235 406 191 345 3178 312 1057 3115 375 682 108 128 7704 1103 322
internal_count=13793 187 13606 278 13328 5624 5208 416 5152 209 151 4598 363 554 207 4235 406 191 345 3178 312 1057 3115 375 682 108 128 7704 1103 322
is_linear=0
shrinkage=0.05


Tree=8
num_leaves=31
num_cat=0
split_feature=11 105 30 83 137 50 88 88 0 103 2 29 0 41 100 120 1 137 84 99 103 126 139 131 19 11 22 41 84 6
split_gain=0.170938 0.283688 0.191294 0.143986 0.0657277 0.182692 0.0535196 0.0463614 0.0295007 0.0253493 0.0243975 0.0222824 0.0142137 0.0115715 0.0112688 0.0112114 0.00821782 0.00754306 0.00716241 0.00544731 0.00681124 0.00574026 0.00524204 0.00356687 0.00345561 0.00338307 0.0031092 0.00613697 0.00281576 0.002722
threshold=0.0040165472500000013 24.500000000000004 -2.1671428571428568 14.450000000000001 1.0000000180025095e-35 1007.9500000000002 39.212500000000006 51.037500000000009 0.21365000000000003 1613.5500000000004 0.0011514315000000002 49.600000000000001 0.052550000000000006 96.500000000000014 -0.19999999999987492 269.27295610000004 0.013526559500000002 8.3900000000000023 0.45000000000000007 -1.1999999999998747 785.50000000000011 47.500000000000007 39.544498705434592 65.720713804132885 -0.004018571428571426 0.0027636201527777783 1.0000000180025095e-35 55.500000000000007 14.450000000000005 0.00035972222222222227
decision_type=2 2 2 2 2 2 2 2 2 2 2 2 2 2 2 10 2 2 2 2 2 2 2 2 2 2 2 2 2 2
left_child=4 2 6 -4 5 -1 11 9 15 10 13 -2 17 16 -14 -5 19 -12 -7 20 22 -22 -6 -18 -25 -26 27 -11 -28 -23
right_child=1 -3 3 8 7 18 -8 -9 -10 26 12 -13 14 -15 -16 -17 23 -19 -20 -21 21 29 -24 24 25 -27 28 -29 -30 -31
leaf_value=0.0026477388561414999 -0.00019015299032294308 -9.6968762833567266e-05 0.004288885380485899 0.00041159385321883573 0 -0.00013208079430971069 0.0017528376105410111 0.0013416049370681051 0.0023837699633764311 0.00044555566862761751 3.320102728647381e-05 0.00078018692626372077 0.00027405722796715597 0.00050235982683985566 0.0013135980894308417 0.0015448633618080779 -9.2299681164836076e-05 0.00067788110126472889 0.00039467814299536666 -0.00014773771665089217 -9.0867970111596844e-05 0 0.00067097000800205313 -1.2849811853414418e-05 0.00012394665212994761 0.00048014114944380706 -0.00015490373325049387 -0.00010912848525549636 -7.853189394236411e-06 0.00039420643631724251
leaf_weight=83 159 752 72 62 59 222 67 56 80 65 289 89 73 97 61 57 211 58 89 1655 1112 71 60 237 458 99 6697 191 418 94
leaf_count=83 159 752 72 62 59 222 67 56 80 65 289 89 73 97 61 57 211 58 89 1655 1112 71 60 237 458 99 6697 191 418 94
internal_value=2.54909e-06 0.000539712 0.00136404 0.00234083 -5.47938e-05 0.000578423 0.000503118 -7.59401e-05 0.00159309 -8.30802e-05 7.53419e-06 0.000139728 0.000345117 -3.04347e-05 0.000790543 0.00100444 -4.45297e-05 0.000156963 3.41992e-06 -8.61523e-05 -9.50829e-06 -4.67843e-05 0.000345894 7.68189e-05 0.00012811 0.000196963 -0.000140719 1.34397e-05 -0.00014697 0.00021895
internal_weight=13793 1338 586 271 12455 394 315 12061 199 12005 4634 248 481 4153 134 119 4056 347 311 3051 1396 1277 119 1005 794 557 7371 256 7115 165
internal_count=13793 1338 586 271 12455 394 315 12061 199 12005 4634 248 481 4153 134 119 4056 347 311 3051 1396 1277 119 1005 794 557 7371 256 7115 165
is_linear=0
shrinkage=0.05


Tree=9
num_leaves=31
num_cat=0
split_feature=133 50 0 126 126 12 62 126 81 50 131 2 84 139 21 81 49 85 110 5 41 62 106 131 138 141 116 50 141 2
split_gain=0.21643 0.507319 0.145269 0.278758 0.0469095 0.065271 0.0535465 0.0452733 0.0369722 0.023747 0.0203876 0.0148419 0.0123394 0.019763 0.0118989 0.00897792 0.0076089 0.00659053 0.00537719 0.0052619 0.00608487 0.00541711 0.00478256 0.00457602 0.00413406 0.00401107 0.00354048 0.00396886 0.0023556 0.00188288
threshold=88.200000000000003 1010.35 0.21365000000000003 22.500000000000004 62.500000000000007 0.076740456500000012 11.450000000000001 43.500000000000007 55.20000000000001 1019.2500000000001 100.41349836857042 0.0011514315000000002 19.750000000000004 84.423525025859234 0.56250000000000011 43.850000000000001 963.55000000000007 278.26281970000008 17.050000000000004 1.5950000000000004 96.500000000000014 19.550000000000004 16.950000000000003 65.720713804132885 6.4350000000000014 35.815000000000005 292.21002510000005 1020.2500000000001 34.190000000000005 0.0059917800000000012
decision_type=2 2 2 2 2 2 2 2 2 2 2 2 2 2 2 2 2 2 2 2 2 2 2 2 2 2 2 2 2 2
left_child=2 -2 4 -4 5 8 9 -5 11 -7 -11 12 19 22 16 -8 -13 24 -3 20 26 23 -14 -21 -18 -25 -1 28 -28 -6
right_child=1 18 3 7 29 6 15 -9 -10 10 -12 14 13 -15 -16 -17 17 -19 -20 21 -22 -23 -24 25 -26 -27 27 -29 -30 -31
leaf_value=-0.00011906761045622119 0.0059462927803214573 -0.00013181655559335546 0.0044185902937673611 0.0016412050897876421 -0.00014778915339059624 0.0020328132482961966 -3.7244664727511221e-06 -2.4052535238828813e-05 0.0011961443981749653 0 0.0012150052843487239 3.7358797888171251e-06 0.00050327764593398664 0.0010721769429579519 -8.6742589615678957e-05 0.00054355955124192406 0.00035762195205898023 4.950243263084879e-05 0.0004907833258710946 -0.00010181974755238464 0.00040266820135409368 -7.1852364383308482e-05 0 0.00013016442483195252 0.00086658197150042335 0.00058257454591084223 0 -5.4879250949917768e-05 0.00052188413292112411 -5.712381645025743e-06
leaf_weight=3326 50 86 51 50 6117 64 231 177 63 58 98 152 52 58 225 99 149 97 51 140 56 702 308 433 110 67 57 292 55 319
leaf_count=3326 50 86 51 50 6117 64 231 177 63 58 98 152 52 58 225 99 149 97 51 140 56 702 308 433 110 67 57 292 55 319
internal_value=2.63514e-06 0.00168784 -2.02811e-05 0.0011082 -4.42757e-05 4.58219e-05 0.000567816 0.000326404 0 0.00117364 0.00077861 -1.17148e-05 -4.04222e-05 0.000217848 0.000198437 0.000146501 0.000334493 0.000461303 6.55992e-05 -6.24878e-05 -9.28803e-05 1.95366e-05 6.37665e-05 0.000127535 0.000595515 0.000201809 -0.000101766 2.8267e-05 0.000287856 -0.000141526
internal_weight=13793 187 13606 278 13328 6892 550 227 6342 220 156 6279 5546 418 733 330 508 356 137 5128 3786 1342 360 640 259 500 3730 404 112 6436
internal_count=13793 187 13606 278 13328 6892 550 227 6342 220 156 6279 5546 418 733 330 508 356 137 5128 3786 1342 360 640 259 500 3730 404 112 6436
is_linear=0
shrinkage=0.05


Tree=10
num_leaves=31
num_cat=0
split_feature=133 50 0 126 103 12 94 92 2 128 92 83 42 140 103 81 91 141 110 44 18 155 131 137 1 137 48 1 128 47
split_gain=0.189919 0.440809 0.132054 0.27209 0.046113 0.0624226 0.0436667 0.0282347 0.0206939 0.0163608 0.0100876 0.0124975 0.00892186 0.00862557 0.00821377 0.00698943 0.00964187 0.00645372 0.0054233 0.00487299 0.00481421 0.00411285 0.00397256 0.00372176 0.0099912 0.00332357 0.00309375 0.00303229 0.00300857 0.0026385
threshold=88.200000000000003 1011.5500000000001 0.21365000000000003 22.500000000000004 1688.4000000000003 0.076740456500000012 12.500000000000002 13.050000000000002 0.0011514315000000002 9.2733582824178651 8.8500000000000032 15.050000000000002 0.045000000000000005 54.865000000000002 1017.3500000000001 38.95000000000001 17.950000000000003 33.775000000000013 16.250000000000004 862.50000000000011 0.014162500000000001 0.7140000000000003 91.467890746291033 1.0000000180025095e-35 0.00031129350000000004 2.4500000000000006 67.500000000000014 0.013526559500000002 10.581287651958503 29.500000000000004
decision_type=2 2 2 2 2 2 2 2 2 2 2 2 2 2 2 2 2 2 2 2 2 2 2 2 2 2 2 2 2 2
left_child=2 -2 4 -4 5 8 -5 9 12 -7 11 -11 -1 14 -10 20 -17 27 -3 -16 21 -14 -19 24 -6 -24 -22 -18 -9 -15
right_child=1 18 3 6 23 7 -8 28 13 10 -12 -13 15 29 19 16 17 22 -20 -21 26 -23 25 -25 -26 -27 -28 -29 -30 -31
leaf_value=0.00046217526630572785 0.0055479315640039606 -0.0001161490863030647 0.0043196285265282948 -4.7352905096530503e-05 0.00063034680823451106 9.5744395443676594e-05 0.0015716036133324872 -5.0278556072720302e-05 0.0011027610476791732 0.00086128809497933157 0.00068672388181032851 0.0022136795322445254 -0.00013243141257662431 0 0.00050659693948701661 0.00056536560358911041 -8.8474143223529669e-05 -6.3767723813725727e-06 0.0005071741835597684 0 0.00029403462487546982 0.00010757296877546269 0.00010969823417692638 -0.00012769404027468691 -0.00015217192604073459 0.00052054429195652174 -9.462507293786214e-06 6.3978321295809636e-05 0.00033526768340545298 0.00030515927669754698
leaf_weight=93 50 89 51 183 59 50 51 77 58 53 82 53 2001 196 116 84 904 119 50 50 119 172 158 7689 111 115 186 474 87 119
leaf_count=93 50 89 51 183 59 50 51 77 58 53 82 53 2001 196 116 84 904 119 50 50 119 172 158 7689 111 115 186 474 87 119
internal_value=1.36997e-07 0.0015703 -2.15735e-05 0.00104067 -4.49199e-05 6.74638e-05 0.000289406 0.000666281 1.78383e-05 0.00101644 0.00123305 0.00159858 -1.67469e-05 0.000310535 0.000554011 -2.82867e-05 4.33621e-05 1.54605e-05 7.43748e-05 0.000326884 -8.3906e-05 -0.000111094 0.000196081 -0.000122289 9.22664e-05 0.000302282 9.31852e-05 -3.23999e-05 0.000124738 0.000120369
internal_weight=13699 189 13510 285 13225 5366 234 402 4964 238 188 106 4425 539 224 4332 1854 1770 139 166 2478 2173 392 7859 170 273 305 1378 164 315
internal_count=13699 189 13510 285 13225 5366 234 402 4964 238 188 106 4425 539 224 4332 1854 1770 139 166 2478 2173 392 7859 170 273 305 1378 164 315
is_linear=0
shrinkage=0.05


Tree=11
num_leaves=31
num_cat=0
split_feature=133 84 1 126 126 126 12 126 88 85 116 2 139 118 21 128 100 116 26 61 35 1 48 142 14 84 28 100 2 120
split_gain=0.171702 0.393516 0.11937 0.246137 0.0410246 0.0363719 0.0455527 0.0340567 0.0177441 0.015804 0.0121827 0.0105879 0.0126937 0.02624 0.00962265 0.00620901 0.00514719 0.00550036 0.00480233 0.00459222 0.00434681 0.00364279 0.00350511 0.00292273 0.00272161 0.00249714 0.00362223 0.00407521 0.00161222 0.00767993
threshold=88.200000000000003 7.7500000000000018 0.32127834050000009 21.500000000000004 44.500000000000007 61.500000000000007 0.076740456500000012 35.500000000000007 51.037500000000009 275.42736185000007 292.90031595000005 0.0011514315000000002 86.716077848590643 13.950000000000001 0.56250000000000011 10.581287651958503 -8.850000000000021 293.15190500000006 1.5000000000000002 1298.6500000000003 280.78283095 0.015902566000000003 38.500000000000007 612.68486539665048 0.015602906500000001 7.450000000000002 7.0500000000000007 -5.3500000000000218 0.0059917800000000012 282.27086065000009
decision_type=2 2 2 2 2 2 2 2 2 2 2 2 2 10 2 2 2 2 2 2 2 2 2 2 2 2 2 2 2 10
left_child=2 19 5 -4 -5 6 8 9 11 -8 15 12 16 -14 20 -11 -1 21 -19 -2 23 25 24 -13 -23 -18 27 -27 -7 -30
right_child=1 -3 3 4 -6 28 7 -9 -10 10 -12 14 13 -15 -16 -17 17 18 -20 -21 -22 22 -24 -25 -26 26 -28 -29 29 -31
leaf_value=0.00032282380488339547 -0.00011482203529697709 0.0052017319276749805 0.0041460235855158645 0.0015256114828830155 -4.1822867854608449e-05 -0.00013274716575532319 0.0013642276211245224 0 0.00092850378004596674 -7.8374292934313388e-06 0.0011610609710429951 0.00062520068853085778 0.0011962418836940613 0 -7.6628659813524861e-05 0.00056231488473354094 -0.00013467110952174576 0.00046306281125044993 1.6358614660758342e-05 0.00046010129002895038 0.00012633437831033892 0 -3.97242750798764e-05 0.00016216867124009004 0.00034440655938682138 0.00052409569185775504 -7.4124952230278119e-05 0 -0.00012116678063969382 0.00054526941942087577
leaf_weight=86 88 51 50 51 184 6176 100 231 50 77 59 141 62 179 231 80 2156 77 390 50 250 99 994 92 117 54 1100 100 274 50
leaf_count=86 88 51 50 51 184 6176 100 231 50 77 59 141 62 179 231 80 2156 77 390 50 250 99 994 92 117 54 1100 100 274 50
internal_value=3.73985e-07 0.00149335 -2.02511e-05 0.000989657 0.00028218 -4.24659e-05 3.84831e-05 0.000475384 0 0.000811946 0.00052811 -7.99918e-06 -3.26536e-05 0.000318524 0.000171737 0.000252761 -5.00391e-05 -5.73875e-05 0.000101528 5.93238e-05 0.000300765 -7.45516e-05 0 0.000465214 0.00018206 -0.000100992 -3.90428e-05 0.000178148 -0.000126979 -1.57577e-06
internal_weight=13699 189 13510 285 235 13225 6725 547 6178 316 216 6128 5414 241 714 157 5173 5087 467 138 483 4620 1210 233 216 3410 1254 154 6500 324
internal_count=13699 189 13510 285 235 13225 6725 547 6178 316 216 6128 5414 241 714 157 5173 5087 467 138 483 4620 1210 233 216 3410 1254 154 6500 324
is_linear=0
shrinkage=0.05


Tree=12
num_leaves=31
num_cat=0
split_feature=133 84 0 126 94 126 12 126 88 4 7 44 137 128 2 21 119 100 116 141 119 61 128 139 76 1 62 131 84 28
split_gain=0.155228 0.355851 0.107909 0.222543 0.0371512 0.0330372 0.0396776 0.0329035 0.0161134 0.0146135 0.0167336 0.0133998 0.0116144 0.0174379 0.00763518 0.00772935 0.00530674 0.00446181 0.00465059 0.00439407 0.0042302 0.00280424 0.00256101 0.00251196 0.00450019 0.00284224 0.00358925 0.00323024 0.00290931 0.00394368
threshold=88.200000000000003 7.7500000000000018 0.21365000000000003 21.500000000000004 12.500000000000002 64.500000000000014 0.076740456500000012 35.500000000000007 51.037500000000009 0.00018379200000000003 0.19335000000000005 547.50000000000011 1.0000000180025095e-35 9.0361655385470883 0.0011514315000000002 0.56250000000000011 13.050000000000002 -8.850000000000021 292.90031595000005 34.190000000000005 5.5500000000000007 154.25000000000003 10.675527610827446 87.909013442563847 1.0000000180025095e-35 0.015902566000000003 18.350000000000005 57.257815097269223 7.450000000000002 7.0500000000000007
decision_type=2 2 2 2 2 2 2 2 2 2 2 2 2 2 2 2 10 2 2 2 8 2 2 2 2 2 2 2 2 2
left_child=2 20 5 -4 -5 6 8 9 12 -8 11 -11 13 -1 17 16 -16 -14 23 -20 -2 -21 -12 25 -25 28 27 -27 -19 -30
right_child=1 -3 3 4 -6 -7 7 -9 -10 10 22 -13 14 -15 15 -17 -18 18 19 21 -22 -23 -24 24 -26 26 -28 -29 29 -31
leaf_value=-0.00016926702513144566 0.00043518849315520269 0.0049466470606589269 0.0039427871684379438 -4.3770214832203123e-05 0.0014366556118014006 -0.00012476785490541192 0 0 0.00088298887014389045 0.00068991311316910604 8.9688211437085734e-05 0.001859342025225641 0.00030686813822630314 0.00083682039401797477 0.00010871707180592501 -7.7953455671748249e-05 0.00049884773830605547 -0.00012902871190810091 0 0 -0.00011396401743034155 0.00053234383611773333 0.00068034092409748092 -2.5024538359827227e-05 0.00047085505882053747 -0.00011106382857762137 -6.9708277681236502e-05 0.00018105984008500971 0.00018596576402312741 -6.6292167455935208e-05
leaf_weight=64 51 51 50 183 52 6174 57 257 50 69 60 70 86 97 294 244 160 2217 364 64 87 78 60 128 59 105 804 360 172 1132
leaf_count=64 51 51 50 183 52 6174 57 257 50 69 60 70 86 97 294 244 160 2217 364 64 87 78 60 128 59 105 804 360 172 1132
internal_value=5.79483e-07 0.00142014 -1.90132e-05 0.000941158 0.000267326 -4.01526e-05 3.32363e-05 0.0004317 -1.29849e-06 0.000772623 0.000931842 0.00132362 -9.09089e-06 0.000407445 -2.06527e-05 0.000133458 0.000257991 -4.08867e-05 -4.73079e-05 9.3074e-05 5.46832e-05 0.000327922 0.000429519 -6.26004e-05 0.000106506 -7.02667e-05 -1.98845e-06 0.00010427 -9.34477e-05 -2.90705e-05
internal_weight=13699 189 13510 285 235 13225 7051 573 6478 316 259 139 6428 161 6267 698 454 5569 5483 506 138 142 120 4977 187 4790 1269 465 3521 1304
internal_count=13699 189 13510 285 235 13225 7051 573 6478 316 259 139 6428 161 6267 698 454 5569 5483 506 138 142 120 4977 187 4790 1269 465 3521 1304
is_linear=0
shrinkage=0.05


Tree=13
num_leaves=31
num_cat=0
split_feature=133 50 0 126 126 12 2 92 83 131 84 139 142 85 81 141 0 104 36 65 15 131 73 92 92 0 15 15 118 140
split_gain=0.140335 0.339724 0.097548 0.201396 0.0300064 0.0592944 0.0160608 0.0141723 0.0175307 0.0288406 0.0133504 0.0223683 0.0111182 0.0057654 0.00575395 0.00699355 0.00560683 0.00418476 0.00392122 0.00384866 0.0038233 0.0073091 0.0104997 0.00427299 0.00374013 0.0071093 0.0036218 0.00406303 0.00360487 0.00351355
threshold=88.200000000000003 1011.5500000000001 0.21365000000000003 36.500000000000007 36.500000000000007 0.076740456500000012 0.0011514315000000002 9.5500000000000025 19.850000000000005 129.04709205156436 19.650000000000006 86.716077848590643 634.5057421705252 277.89081280000005 38.050000000000004 33.775000000000013 0.025450000000000004 12.150000000000004 287.69271115000009 20.750000000000004 0.00092500000000000015 33.794363026180044 25.950000000000003 1.9500000000000006 10.150000000000004 0.036650000000000009 0.00038020833333333336 0.0012791666666666669 19.250000000000004 76.225000000000009
decision_type=2 2 2 2 2 2 2 2 2 2 2 2 2 2 2 2 2 2 2 2 2 2 2 2 2 2 2 2 8 2
left_child=2 -2 4 -4 5 6 14 8 9 -7 18 19 24 -9 16 -16 -1 -5 20 -12 -6 22 -22 -23 -8 -26 -17 -28 -3 -25
right_child=1 28 3 17 10 7 12 13 -10 -11 11 -13 -14 -15 15 26 -18 -19 -20 -21 21 23 -24 29 25 -27 27 -29 -30 -31
leaf_value=-0.00012003274724959475 0.0048420060350440955 0.00038980609956384944 0.0029357647795011017 0.00041007665214392382 -0.00012656474234592411 -6.1320361459902566e-05 0.00017350156455996627 0.00063125272771102556 0.0018026133367626028 0.0014747366753335182 0.00038247610653231214 0.0010842707034070202 0 0 -4.8470604099774434e-06 4.3510915734476016e-05 0.00015640713304851373 -0.00010196445225252928 0.00029675419662486427 -3.2106952769488678e-05 -4.4979740356067472e-05 -0.00011872415716095509 0.00068335217931144148 -3.5684605165997677e-06 0.0011839545783836262 0.00036060595644091839 0.00063504904033871582 7.0288414444359841e-05 -0.00011925334214191006 0.00040625190556668468
leaf_weight=1474 50 51 84 52 6143 60 88 77 58 51 64 58 173 78 1204 167 194 149 54 326 100 1704 79 681 55 105 97 81 88 54
leaf_count=1474 50 51 84 52 6143 60 88 77 58 51 64 58 173 78 1204 167 194 149 54 326 100 1704 79 681 55 105 97 81 88 54
internal_value=7.61473e-07 0.00135052 -1.78496e-05 0.000895033 -3.79666e-05 7.65081e-05 1.72876e-05 0.000723976 0.00105471 0.000606659 -8.74728e-05 0.000174463 0.000308036 0.000326873 -1.92919e-05 4.80436e-05 -8.48106e-05 7.12572e-06 -0.00010137 2.39437e-05 -0.000104429 -5.05496e-05 0.000250696 -7.4801e-05 0.000521957 0.000680284 0.000246556 0.000407813 3.32598e-05 2.02584e-05
internal_weight=13699 189 13510 285 13225 3962 3638 324 169 111 9263 448 421 155 3217 1549 1668 201 8815 390 8761 2618 179 2439 248 160 345 178 139 735
internal_count=13699 189 13510 285 13225 3962 3638 324 169 111 9263 448 421 155 3217 1549 1668 201 8815 390 8761 2618 179 2439 248 160 345 178 139 735
is_linear=0
shrinkage=0.05


Tree=14
num_leaves=31
num_cat=0
split_feature=133 50 0 103 103 12 94 92 83 131 2 80 88 42 0 81 91 128 141 50 15 49 3 83 15 131 114 1 43 3
split_gain=0.126873 0.307224 0.0881142 0.185271 0.0320795 0.0421131 0.0287289 0.0203048 0.0169325 0.0301383 0.0141145 0.00696508 0.00928362 0.00695666 0.00518162 0.00510267 0.0117673 0.0050035 0.00480064 0.00393366 0.00437905 0.00382498 0.00361197 0.00350557 0.0030846 0.0118056 0.0203384 0.00285649 0.00276096 0.0025773
threshold=88.200000000000003 1011.5500000000001 0.21365000000000003 1093.1500000000003 1688.4000000000003 0.076740456500000012 12.500000000000002 9.5500000000000025 19.850000000000005 100.41349836857042 0.0011514315000000002 30.562500000000004 40.437500000000007 0.045000000000000005 0.036650000000000009 38.050000000000004 17.550000000000004 10.581287651958503 33.775000000000013 1010.5500000000001 0.00023854166666666669 981.85000000000002 0.10097021400000002 11.250000000000002 0.00092500000000000015 33.794363026180044 14.450000000000001 0.013526559500000002 0.30350000000000005 0.029671091000000004
decision_type=2 2 2 2 2 2 2 2 2 2 2 2 2 2 2 2 2 2 2 2 2 2 2 2 2 2 2 2 2 2
left_child=2 -2 4 -4 5 10 -5 8 9 -7 13 12 14 -1 -12 22 -17 -9 27 -20 -21 -16 -15 -3 -6 26 -26 -18 -19 -29
right_child=1 23 3 6 24 7 -8 17 -10 -11 11 -13 -14 15 21 16 18 28 19 20 -22 -23 -24 -25 25 -27 -28 29 -30 -31
leaf_value=0.00041138606585631586 0.0046046529062019259 -0.00014965823694217738 0.0035575330952325695 -4.1253897730000417e-05 -0.00012183957205144798 -0.0002848814934369107 0.0012681081318833794 -3.6484232918515413e-05 0.0016781559745307829 0.0012596231296827848 0 0 0.00089302820366710513 -8.8964941594435313e-05 0.0005999690696290123 0.00064606597598819806 -8.2454839045852904e-05 0 -1.1295527891883541e-05 5.7118203358299985e-05 0.0004984293567723662 2.2831320990252294e-05 0.00018315689219951129 0.00033887227480825519 -2.0558218838798566e-05 -8.1468097570102239e-05 0.0010906619945114167 0.00028529476664944549 0.0005777799209165604 0
leaf_weight=93 50 78 51 183 5467 52 51 90 60 65 125 168 76 2206 104 75 1006 50 168 159 123 66 117 61 105 2228 59 101 85 377
leaf_count=93 50 78 51 183 5467 52 51 90 60 65 125 168 76 2206 104 75 1006 50 168 159 123 66 117 61 105 2228 59 101 85 377
internal_value=9.38755e-07 0.00128434 -1.67392e-05 0.000850848 -3.58768e-05 5.77687e-05 0.000227025 0.000549733 0.000957325 0.000534207 1.68181e-05 0.000258558 0.000379278 -1.15498e-05 0.000227461 -2.18762e-05 3.47978e-05 0.000204153 8.18734e-06 0.000153071 0.000268354 0.000406587 -7.30349e-05 2.99077e-05 -0.000100452 -4.94492e-05 0.000353094 -3.2453e-05 0.000400431 6.2295e-05
internal_weight=13699 189 13510 285 13225 5366 234 402 177 117 4964 539 371 4425 295 4332 2009 225 1934 450 282 170 2323 139 7859 2392 164 1484 135 478
internal_count=13699 189 13510 285 13225 5366 234 402 177 117 4964 539 371 4425 295 4332 2009 225 1934 450 282 170 2323 139 7859 2392 164 1484 135 478
is_linear=0
shrinkage=0.05


Tree=15
num_leaves=31
num_cat=0
split_feature=133 50 1 126 126 103 10 92 81 105 93 47 81 125 6 134 92 84 89 43 50 9 93 104 137 4 49 137 15 6
split_gain=0.116112 0.299982 0.0945407 0.188697 0.0329712 0.0312569 0.0406669 0.030102 0.0218995 0.0213665 0.0175744 0.0122422 0.00715262 0.0076178 0.00996859 0.00626332 0.0063492 0.00464422 0.00730098 0.00436389 0.00793063 0.00308683 0.00266356 0.002414 0.00222693 0.00199685 0.00257815 0.00182802 0.00178555 0.00289297
threshold=88.200000000000003 1011.35 0.32127834050000009 20.500000000000004 42.500000000000007 1732.2000000000003 16.980000000000004 11.250000000000002 55.20000000000001 17.500000000000004 274.40498930000007 41.500000000000007 39.850000000000001 2.5000000000000004 0.00023333333333333336 13.275000000000002 20.250000000000004 8.7500000000000018 33.650000000000013 0.38050000000000006 1023.6500000000002 0.81826388888888901 267.52923855000006 1.2500000000000004 0.10000000000000002 1.0000000180025095e-35 982.85000000000002 18.300000000000004 0.00077291666666666687 0.0075847222222222236
decision_type=2 2 2 2 2 2 2 2 2 2 2 2 2 2 2 2 2 2 2 2 2 2 2 2 2 2 2 2 2 2
left_child=2 -2 5 -4 -5 6 8 9 12 10 11 -8 17 19 -15 -9 -17 21 24 28 -21 -1 -3 -11 -19 26 -20 -7 -14 -30
right_child=1 22 3 4 -6 27 7 15 -10 23 -12 -13 13 14 -16 16 -18 18 25 20 -22 -23 -24 -25 -26 -27 -28 -29 29 -31
leaf_value=-0.00011480984906127419 0.0045122730268128955 0.00027270263218489514 0.0035444161540794158 0.0013112181569610176 -2.1795130069496288e-05 -0.00010160496708090251 0.0017673459728198345 -3.7163937542531155e-05 0.00098652784684808066 0 0.00026883376324803981 0.00059101652450268519 -2.8107350391257645e-05 0 0.00097871698363283374 0.0006944324347568909 0 0.00066340033697135942 0 1.8935050345786778e-05 0.00079986100005219037 4.6699360274700069e-05 -0.00017123170006379953 0.00040242851256104924 0.00010176349091433132 -0.00010472070966477275 0.00038892768916277292 0.00012424561614826532 0.00015431364111513515 -7.7217673851371366e-05
leaf_weight=1988 50 57 53 57 198 7579 92 260 55 62 63 51 980 57 51 70 62 56 165 126 51 299 79 75 64 308 53 70 422 165
leaf_count=1988 50 57 53 57 198 7579 92 260 55 62 63 51 980 57 51 70 62 56 165 126 51 299 79 75 64 308 53 70 422 165
internal_value=4.28735e-06 0.00124195 -1.24456e-05 0.000851495 0.000260599 -3.30085e-05 5.64574e-05 0.000402782 2.75955e-06 0.000746291 0.00107392 0.00138956 -7.70718e-06 6.79794e-05 0.000477845 8.83547e-05 0.000371603 -5.72094e-05 5.64058e-05 3.94732e-05 0.000275267 -9.14978e-05 0 0.000213207 0.0004085 -1.50549e-05 8.86976e-05 -9.88685e-05 9.49185e-06 8.07084e-05
internal_weight=13718 186 13532 308 255 13224 5575 735 4840 343 206 143 4785 1852 108 392 132 2933 646 1744 177 2287 136 137 120 526 218 7649 1567 587
internal_count=13718 186 13532 308 255 13224 5575 735 4840 343 206 143 4785 1852 108 392 132 2933 646 1744 177 2287 136 137 120 526 218 7649 1567 587
is_linear=0
shrinkage=0.05


Tree=16
num_leaves=31
num_cat=0
split_feature=133 50 0 61 94 103 12 81 29 82 95 81 0 93 138 125 139 30 81 75 129 2 43 63 0 138 138 84 19 1
split_gain=0.104967 0.27129 0.0854402 0.170351 0.0291661 0.0283599 0.0372555 0.0222888 0.022404 0.0232365 0.0198003 0.0192279 0.00793627 0.00852205 0.00809979 0.0074788 0.00926787 0.0123 0.00481242 0.00511576 0.00434286 0.00302742 0.00369518 0.00247199 0.00206917 0.00184741 0.00225981 0.00172825 0.00406105 0.00154248
threshold=88.200000000000003 1011.35 0.21365000000000003 223.25000000000003 13.500000000000002 1732.2000000000003 0.076740456500000012 39.95000000000001 46.550000000000004 19.554000000000006 7.5000000000000009 55.20000000000001 0.052550000000000006 271.40338830000002 6.4000000000000012 2.5000000000000004 86.716077848590643 -3.3871428571428583 38.050000000000004 9.0500000000000025 5.5000000000000009 0.0023607900000000002 0.36250000000000004 10.072950000000001 0.039050000000000008 3.8050000000000002 2.9800000000000004 6.8500000000000023 -0.0063771428571428564 0.00012807100000000003
decision_type=2 2 2 2 2 2 2 2 2 2 2 2 2 2 2 2 2 2 2 2 2 2 2 2 2 2 2 2 2 2
left_child=2 -2 5 -4 -5 6 11 8 -8 -10 -9 12 15 -14 -15 18 17 -17 24 20 -20 25 -23 -3 -1 26 -21 -7 -29 -19
right_child=1 23 3 4 -6 27 7 10 9 -11 -12 -13 13 14 -16 16 -18 29 19 21 -22 22 -24 -25 -26 -27 -28 28 -30 -31
leaf_value=-0.00010422457238684923 0.0042910830399441524 -0.00016247775529246825 0.0033402137133208189 -2.4259897181764244e-05 0.0012291327605409355 -0.00010303226925864023 -0.00027035962821894921 0.0018206882786683061 0.0012861940683167731 7.1490980115516519e-05 0.00042956759628518865 0.00093808225462453263 1.7757562392835897e-05 0 0.0007312440455981852 0.0006224252703878148 0.00079173954330649915 -0.00010390858213479052 0 -3.2208842478561036e-05 0.00046377901382080772 -8.0920317299791718e-06 0.00041749559111518798 0.00026628206547843952 7.7512743238411787e-05 -6.3311363569830116e-05 0.00020561021068845418 0.00040002582859540104 -5.2952209834195745e-05 0.00010051180889762285
leaf_weight=2020 50 80 54 197 57 6712 115 54 73 105 73 55 318 78 112 85 53 273 80 192 111 71 87 56 137 1203 160 50 887 120
leaf_count=2020 50 80 54 197 57 6712 115 54 73 105 73 55 318 78 112 85 53 273 80 192 111 71 87 56 137 1203 160 50 887 120
internal_value=4.31186e-06 0.00118108 -1.15797e-05 0.000809702 0.000241123 -3.1146e-05 5.40476e-05 0.0005067 0.000242839 0.000601991 0.00106973 1.61073e-05 5.00226e-06 0.000193048 0.000458621 -1.47496e-05 0.000159725 7.77026e-05 -3.88277e-05 1.69149e-05 0.00026253 -7.69134e-06 0.000195956 0 -9.03342e-05 -3.17095e-05 6.20027e-05 -9.38923e-05 -2.30493e-05 -2.87031e-05
internal_weight=13718 186 13532 308 254 13224 5575 420 293 178 127 5155 5100 508 190 4592 531 478 4061 1904 191 1713 158 136 2157 1555 352 7649 937 393
internal_count=13718 186 13532 308 254 13224 5575 420 293 178 127 5155 5100 508 190 4592 531 478 4061 1904 191 1713 158 136 2157 1555 352 7649 937 393
is_linear=0
shrinkage=0.05


Tree=17
num_leaves=31
num_cat=0
split_feature=11 105 131 96 82 96 137 50 81 161 126 0 61 138 93 77 0 137 99 23 83 7 126 141 98 96 120 86 49 49
split_gain=0.0762414 0.132268 0.089405 0.0643672 0.0512101 0.0330714 0.0250593 0.117885 0.019983 0.0130926 0.00992893 0.0107161 0.0135321 0.011703 0.00414475 0.00464092 0.00380373 0.00357253 0.00348121 0.00654247 0.0107367 0.00556701 0.00225201 0.00323886 0.00237318 0.00231964 0.00236148 0.00189605 0.00184 0.00183661
threshold=0.0040165472500000013 24.500000000000004 86.769874021242742 43.13750000000001 27.042000000000005 36.987500000000004 1.0000000180025095e-35 1004.9500000000002 55.20000000000001 0.39795918367346944 62.500000000000007 0.052550000000000006 300.15000000000003 5.9750000000000005 267.48674725000006 267.47081395000004 0.17725000000000005 18.300000000000004 -1.1999999999998747 18.550694444444449 16.850000000000005 0.0023500000000000001 33.500000000000007 34.190000000000005 -0.40000000000000119 32.862500000000004 267.02582875000002 3.5000000000000004 959.95000000000016 988.6500000000002
decision_type=2 2 2 2 2 2 2 2 2 2 2 2 2 2 2 2 2 2 2 2 2 2 2 2 2 2 10 2 2 2
left_child=6 2 3 4 -2 16 7 -1 10 -7 11 17 13 -13 15 -9 -4 18 19 20 -8 -22 23 -21 -25 26 -24 -15 -3 -26
right_child=1 28 5 -5 -6 9 8 14 -10 -11 -12 12 -14 27 -16 -17 -18 -19 -20 22 21 -23 25 24 29 -27 -28 -29 -30 -31
leaf_value=0.0023984531907675168 0.0031729740087064065 8.2769362447184644e-05 -0.00012553448786700649 0.00038291630635178407 0.0010445624701116748 0.0015991525451141981 -0.00010381126231186499 -4.7032338383539836e-05 0.0008819814866435256 0.00055434866645747208 -9.9066920916027182e-05 2.268419280881062e-05 7.6232967046299446e-06 0.00097349242036512428 -0.0001958808537326857 0.00045570561317338928 0.00030728297686996836 0.00036805243718433464 -7.6133120331830015e-05 -5.9525727837515736e-06 0.00013541907082091913 0.00079368674454772614 0.00037566199668733385 0 0.00060349771210414208 -8.7695688440991558e-05 0 0.00036588247109742457 -0.00010909767173219441 7.5539503739037174e-05
leaf_weight=59 85 125 136 67 57 61 119 80 56 108 5789 106 490 85 161 74 77 52 2759 729 89 83 54 64 52 1270 81 57 630 63
leaf_count=59 85 125 136 67 57 61 119 80 56 108 5789 106 490 85 161 74 77 52 2759 729 89 83 54 64 52 1270 81 57 630 63
internal_value=4.31496e-06 0.000361862 0.000922027 0.00175952 0.00236686 0.000447366 -3.4206e-05 0.000366781 -4.71518e-05 0.000968067 -5.20009e-05 -6.8979e-06 0.000170652 0.00047136 -4.31771e-06 0.000163666 8.27031e-06 -3.20461e-05 -3.69255e-05 2.70986e-06 0.000227397 0.000484725 -2.34835e-05 3.435e-05 0.000225386 -6.44132e-05 0.000116884 0.000768822 -7.06504e-05 0.000360516
internal_weight=13718 1346 591 209 142 382 12372 374 11998 169 11942 6153 738 248 315 154 213 5415 5363 2604 291 172 2313 908 179 1405 135 142 755 115
internal_count=13718 1346 591 209 142 382 12372 374 11998 169 11942 6153 738 248 315 154 213 5415 5363 2604 291 172 2313 908 179 1405 135 142 755 115
is_linear=0
shrinkage=0.05


Tree=18
num_leaves=31
num_cat=0
split_feature=133 50 0 126 126 103 3 136 92 81 74 126 81 112 138 33 128 43 50 24 142 84 19 94 93 1 6 26 108 137
split_gain=0.0901484 0.233776 0.0701966 0.142588 0.0236553 0.0235782 0.0345478 0.0172528 0.0178298 0.0165071 0.0111727 0.00714785 0.00634726 0.00591513 0.00581011 0.00417707 0.00513134 0.00375188 0.00587529 0.00358056 0.00356735 0.00321179 0.0113716 0.00260559 0.00225156 0.00188754 0.00208806 0.00165015 0.00171475 0.00163781
threshold=88.200000000000003 1011.35 0.21365000000000003 20.500000000000004 42.500000000000007 1569.1000000000001 0.094158592000000013 0.6100000000000001 9.6500000000000039 55.20000000000001 11.50714285714286 49.500000000000007 38.050000000000004 277.69484685000003 13.335000000000003 -0.66109055306996023 10.675527610827446 0.38050000000000006 1023.5500000000001 57.000000000000007 515.86460434107755 7.1500000000000021 -0.0063771428571428564 7.5000000000000009 267.52923855000006 0.013526559500000002 0.0061784722222222232 11.500000000000002 290.70662965000002 18.300000000000004
decision_type=2 2 2 2 2 2 2 2 2 2 2 2 2 2 2 2 2 2 2 2 2 2 2 2 2 2 2 2 2 2
left_child=2 -2 5 -4 -5 6 9 15 10 11 -9 12 27 -12 20 16 -8 23 -19 -10 -13 29 -23 -14 -3 -25 -27 28 -1 -7
right_child=1 24 3 4 -6 21 7 8 19 -11 13 14 17 -15 -16 -17 -18 18 -20 -21 -22 22 -24 25 -26 26 -28 -29 -30 -31
leaf_value=-0.00011634148151970356 0.0039818353449706653 0.00024885014450209671 0.0030756215992625113 0.0011079719066138154 -1.7823928008593112e-05 -9.661549330093261e-05 1.5424812403840143e-05 0.00024024877580814064 0.00058357547377358733 0.00086775045113258618 0.00079597250414628758 -0.00010238725972655966 0.00033206012755652444 0.0017906317264572078 0.00065409823679735439 0 0.00070959653396328749 3.1083616789927204e-05 0.00071363838719872344 0.00011000904969489034 0.00034827278069860771 0.00059782009306031357 -4.3956164963868978e-05 -3.5763268337044685e-05 -0.00015957588415767534 0.00018140511700693196 -2.6618957672552322e-05 3.1821825041652116e-05 3.5803081550779201e-05 0.00013582387744001177
leaf_weight=1807 50 57 53 57 198 6881 83 51 75 53 67 94 60 50 67 260 54 126 51 166 69 72 1220 1094 79 255 160 199 152 58
leaf_count=1807 50 57 53 57 198 6881 83 51 75 53 67 94 60 50 67 260 54 126 51 166 69 72 1220 1094 79 255 160 199 152 58
internal_value=4.30963e-06 0.00109487 -1.03907e-05 0.000733977 0.000217638 -2.816e-05 5.69699e-05 0.000356525 0.000586987 0 0.000993735 -1.2108e-05 -2.92439e-05 0.00127499 0.000255978 0.000105656 0.000328431 3.96713e-05 0.000258746 0.000279848 5.88555e-05 -8.04086e-05 -3.88988e-06 1.16235e-05 0 0 8.93126e-05 -8.73104e-05 -0.000101973 -9.39329e-05
internal_weight=13718 186 13532 308 255 13224 4993 806 409 4187 168 4134 3904 117 230 397 137 1746 177 241 163 8231 1292 1569 136 1509 415 2158 1959 6939
internal_count=13718 186 13532 308 255 13224 4993 806 409 4187 168 4134 3904 117 230 397 137 1746 177 241 163 8231 1292 1569 136 1509 415 2158 1959 6939
is_linear=0
shrinkage=0.05


Tree=19
num_leaves=31
num_cat=0
split_feature=133 50 12 61 105 103 3 103 136 81 73 28 93 29 28 136 112 16 92 28 80 137 137 114 21 63 83 24 137 28
split_gain=0.0814847 0.211416 0.0637899 0.120426 0.027811 0.0181507 0.0189539 0.0195883 0.0201401 0.0149876 0.0120397 0.00847965 0.00604051 0.00438279 0.00429117 0.00688601 0.00879715 0.00395726 0.00420048 0.00979468 0.0036553 0.00276481 0.00266225 0.00670204 0.014146 0.00212842 0.00208579 0.00177672 0.00161864 0.00156645
threshold=88.200000000000003 1011.35 0.09273153100000002 169.55000000000004 22.500000000000004 1630.45 0.094158592000000013 1076.7500000000002 0.69000000000000006 55.20000000000001 17.750000000000004 34.000000000000007 271.14740485000004 52.000000000000007 6.4500000000000011 1.0750000000000004 282.5220844000001 1.5300000000000002 7.9500000000000011 28.700000000000006 30.187500000000004 1.0000000180025095e-35 0.055000000000000007 15.450000000000001 0.43750000000000006 10.072950000000001 20.550000000000004 60.350000000000001 18.300000000000004 29.250000000000004
decision_type=2 2 2 2 2 2 2 2 2 2 2 2 2 2 2 2 2 2 2 2 2 2 2 2 2 2 2 2 2 2
left_child=2 -2 5 -4 13 6 9 8 11 12 -10 -8 14 -5 15 16 -1 27 -19 21 -21 -20 23 -7 -25 -3 -6 -16 -24 -29
right_child=1 25 3 4 26 22 7 -9 10 -11 -12 -13 -14 -15 17 -17 -18 18 19 20 -22 -23 28 24 -26 -27 -28 29 -30 -31
leaf_value=0 0.003786647362114095 -0.00015292996776370722 0.0023631134539793589 0.0011607598807608737 -5.7053018032793436e-05 -8.6358676266910569e-05 0 1.8845807644469505e-05 0.00035279859371009729 0.00082009748077358717 0.0013914930014288984 0.00071752718922172523 -8.8856943066707697e-05 0.00039984307468934438 -4.6554332169356238e-05 -6.6792382161266439e-05 0.00081807156744896636 -6.5338191966970982e-05 0.0003742336684266444 0.00074727994127577726 0.00010601235278139438 0 -9.462471722209383e-05 0.00079309996790495163 0 0.00024518714332340388 0.00026573686882206321 0.00031511669008891445 0.00011229566064807964 0
leaf_weight=60 50 80 75 68 321 662 142 394 65 54 87 52 1588 66 1551 81 77 210 54 90 57 359 6845 74 190 56 58 62 73 117
leaf_count=60 50 80 75 68 321 662 142 394 65 54 87 52 1588 66 1551 81 77 210 54 90 57 359 6845 74 190 56 58 62 73 117
internal_value=4.3774e-06 0.00104122 -9.58056e-06 0.000498788 0.000212431 -3.30969e-05 3.96711e-05 0.000273461 0.000548099 0 0.000985203 0.000176689 -1.05357e-05 0.000828755 3.34006e-05 0.000246979 0.000467866 1.2686e-05 0.000108247 0.000182254 0.000534805 4.37041e-05 -8.10455e-05 0 0.000211112 0 0 -2.69963e-05 -9.17027e-05 0.00011401
internal_weight=13718 186 13532 588 513 12944 5100 740 346 4360 152 194 4306 134 2718 218 137 2500 770 560 147 413 7844 926 264 136 379 1730 6918 179
internal_count=13718 186 13532 588 513 12944 5100 740 346 4360 152 194 4306 134 2718 218 137 2500 770 560 147 413 7844 926 264 136 379 1730 6918 179
is_linear=0
shrinkage=0.05


Tree=20
num_leaves=31
num_cat=0
split_feature=11 105 30 89 103 104 137 50 103 2 140 103 118 99 36 116 92 1 3 120 103 139 22 43 25 126 21 43 11 155
split_gain=0.0500146 0.0907532 0.0796301 0.0601105 0.0228038 0.020704 0.0182119 0.082698 0.0109861 0.0157179 0.0100705 0.00974361 0.00728105 0.00474367 0.00407718 0.00378599 0.00318385 0.00315697 0.00282693 0.00263412 0.00629493 0.00658821 0.00254343 0.0106481 0.00233668 0.0021605 0.0024053 0.0019957 0.00200601 0.00160309
threshold=0.0040165472500000013 24.500000000000004 -1.9014285714285701 43.95000000000001 1069.3500000000001 0.35000000000000009 1.0000000180025095e-35 1004.4500000000002 1540.0000000000002 0.0011514315000000002 54.865000000000002 995.60000000000014 18.150000000000002 -4.599999999999965 266.84974790000007 285.33372205000006 11.250000000000002 0.013526559500000002 0.028829380000000005 271.47224845000005 806.9000000000002 39.544498705434592 1.0000000180025095e-35 0.32850000000000007 18.500000000000004 47.500000000000007 0.49305555555555564 0.32850000000000007 0.0027636201527777783 0.6020000000000002
decision_type=2 2 2 2 2 2 2 2 2 2 2 2 8 2 2 2 2 2 2 10 2 2 2 2 2 2 2 2 2 2
left_child=6 2 4 -4 5 -2 7 -1 9 13 11 -11 14 -8 -9 -5 -13 19 -14 20 21 -15 23 -10 -19 -22 -27 -26 -29 -24
right_child=1 -3 3 15 -6 -7 8 12 22 10 -12 16 18 17 -16 -17 -18 24 -20 -21 25 -23 29 -25 27 26 -28 28 -30 -31
leaf_value=0.0020298607875119455 6.109337779387498e-05 -6.1162024659568788e-05 0.0025871346512047408 0.0010752831698606178 0 0.0013294861573068535 0.00045595743488140118 0 0.00069383659577843828 0.0010504530417466804 3.2323867236356772e-05 0 -3.8271892801372146e-05 0 0.00059487137728137906 0.00028710536504409641 0.00044879140667900588 -3.4369542155899828e-05 -0.0005093193482348903 -9.7352037980449608e-05 -5.6234514505856787e-05 0.00061333517364767405 -8.9436174049002697e-05 -7.7529754041209418e-05 1.0332467412182503e-05 0.0003909945237005716 0 0.00012058217616579864 0.00050622129226813759 0
leaf_weight=58 66 763 87 52 235 84 52 55 54 69 225 66 151 77 59 55 102 342 53 1311 1354 80 6912 207 301 57 85 247 58 435
leaf_count=58 66 763 87 52 235 84 52 55 54 69 225 66 151 77 59 55 102 342 53 1311 1354 80 6912 207 301 57 85 247 58 435
internal_value=8.74208e-07 0.000291073 0.00076317 0.00159352 0.000328764 0.000808606 -3.01255e-05 0.000310535 -4.12098e-05 2.0533e-05 0.000296591 0.000525279 0 -1.0447e-05 0.00030983 0.000722851 0.000275058 -1.80393e-05 -0.00018693 -4.44152e-05 0 0.000297671 -7.77841e-05 6.50184e-05 5.91181e-05 -3.40662e-05 0.000141263 0.000120085 0.000211671 -8.35457e-05
internal_weight=13752 1342 579 194 385 150 12410 376 12034 4426 462 237 318 3964 114 107 168 3912 204 2964 1653 157 7608 261 948 1496 142 606 305 7347
internal_count=13752 1342 579 194 385 150 12410 376 12034 4426 462 237 318 3964 114 107 168 3912 204 2964 1653 157 7608 261 948 1496 142 606 305 7347
is_linear=0
shrinkage=0.05


Tree=21
num_leaves=31
num_cat=0
split_feature=133 50 12 61 88 90 126 10 62 50 128 126 15 137 93 29 100 63 52 2 53 114 66 104 141 31 91 93 92 88
split_gain=0.0677043 0.196133 0.0422182 0.0808733 0.0171853 0.015502 0.00990656 0.00950193 0.0165359 0.012197 0.00970143 0.0071134 0.00541074 0.00678222 0.0200331 0.00553536 0.00367272 0.00240501 0.00208966 0.00171426 0.00934415 0.00166761 0.00206093 0.00232036 0.00184397 0.00201497 0.00226888 0.0019798 0.00136771 0.00129145
threshold=88.200000000000003 1010.1500000000002 0.09273153100000002 484.4500000000001 51.037500000000009 24.929591836734698 62.500000000000007 16.980000000000004 11.450000000000001 1017.5500000000001 10.711836656579971 46.500000000000007 0.0019656250000000008 0.015000000000000001 267.52923855000006 43.250000000000007 -8.850000000000021 10.624350000000003 63.500000000000007 0.0059917800000000012 184.50000000000003 24.650000000000002 25.025000000000002 4.7500000000000009 34.190000000000005 15.350000000000003 22.850000000000005 270.72598620000008 8.9500000000000028 42.587500000000013
decision_type=2 2 2 2 2 2 2 2 2 2 2 2 2 2 2 2 2 2 2 2 2 2 2 2 2 2 2 2 2 2
left_child=2 -2 4 5 6 -4 7 12 9 -9 18 -5 16 14 -14 -15 -1 -3 -11 -8 -21 -18 23 24 29 26 27 -26 -17 -23
right_child=1 17 3 11 -6 -7 19 8 -10 10 -12 -13 13 15 -16 28 21 -19 -20 20 -22 22 -24 -25 25 -27 -28 -29 -30 -31
leaf_value=0.00027189482479330723 0.0034897272616055694 -0.00022812096170638123 0.0022790057563151305 0.00046436248422506788 0.00087277510824116267 0.0009234356027524415 -8.5726022571767073e-05 0.0010551033661181134 -8.6746619538579847e-06 -6.6017952581773893e-05 0.00067591825166701987 -9.316037220217636e-06 0.0011493530028721059 -2.4113641085855725e-05 -5.5476885641433483e-06 5.6391659974864543e-05 -8.3617081946501636e-05 0.00017418611239797125 0.00030322047028069702 -9.1540998307826685e-05 0.00064632258937658319 -7.4747722531192734e-05 -6.7291024004962951e-05 0.00025759561463425425 0.00048051669582842391 0 0 0 0.00042099900093805391 3.2340324100301317e-05
leaf_weight=88 53 81 51 95 51 73 6000 68 494 127 91 351 55 756 89 86 1823 59 50 223 51 701 1270 93 82 183 69 50 97 392
leaf_count=88 53 81 51 95 51 73 6000 68 494 127 91 351 55 756 89 86 1823 59 50 223 51 701 1270 93 82 183 69 50 97 392
internal_value=1.03256e-06 0.000928817 -1.18724e-05 0.000408305 -3.07261e-05 0.00153474 -3.47412e-05 7.02507e-06 0.000165712 0.000436203 0.000257243 8.12071e-05 -1.47189e-05 8.46628e-05 0.000405962 2.96914e-05 -3.84383e-05 -2.30833e-05 1.13143e-05 -7.98945e-05 2.94676e-05 -4.5424e-05 -1.91271e-05 1.66689e-05 0 9.54183e-05 0.000205647 0.000326924 0.000278065 -3.17762e-05
internal_weight=13752 193 13559 570 12989 124 12938 6664 830 336 268 446 5834 1083 144 939 4751 140 177 6274 274 4663 2840 1570 1477 384 201 132 183 1093
internal_count=13752 193 13559 570 12989 124 12938 6664 830 336 268 446 5834 1083 144 939 4751 140 177 6274 274 4663 2840 1570 1477 384 201 132 183 1093
is_linear=0
shrinkage=0.05


Tree=22
num_leaves=31
num_cat=0
split_feature=11 103 30 90 103 104 88 137 76 118 103 0 36 100 2 90 81 130 73 91 15 22 3 137 22 90 84 128 93 15
split_gain=0.041182 0.0686395 0.063869 0.051754 0.0210186 0.0177337 0.0154623 0.0150602 0.0567749 0.00917003 0.00726267 0.00825164 0.0057627 0.00554747 0.00513668 0.00405494 0.0035207 0.00366659 0.00353879 0.00426153 0.00302536 0.00263609 0.00260779 0.00222437 0.00507776 0.00216481 0.00207922 0.00198919 0.00212186 0.00176859
threshold=0.0040165472500000013 2051.2500000000005 -1.9014285714285701 24.124489795918372 1069.3500000000001 0.35000000000000009 51.037500000000009 1.0000000180025095e-35 3.7500000000000004 18.150000000000002 1540.0000000000002 0.052550000000000006 266.84974790000007 -8.0999999999999641 0.0011514315000000002 24.620408163265314 38.050000000000004 1.0000000180025095e-35 34.850000000000001 20.550000000000004 0.00077291666666666687 58.000000000000007 0.028829380000000005 0.065000000000000016 1.0000000180025095e-35 28.455102040816332 6.1500000000000012 10.667291219939363 268.78089140000003 0.001522916666666667
decision_type=2 2 2 2 2 2 2 2 2 8 2 2 2 2 2 2 2 2 2 2 2 2 2 2 2 2 2 2 2 2
left_child=6 2 4 -4 5 -2 7 8 9 12 11 13 -1 -9 27 -16 -15 18 19 -18 -21 -22 -11 24 -12 -5 -26 -13 -29 -28
right_child=1 -3 3 25 -6 -7 -8 10 -10 22 23 14 -14 16 15 -17 17 -19 -20 20 21 -23 -24 -25 26 -27 29 28 -30 -31
leaf_value=0 3.8974162857371011e-05 -7.2143015078066647e-05 0.002726051416248083 0.0010824954615532329 0 0.0012172267293447958 0.0008299755535643692 0.00038805609279668452 0.0017482648884574051 -3.5381859350213506e-05 0.00043134702175848363 -1.5072472205093772e-05 0.00069846935727308325 -6.653853289498639e-05 0.00087019939523409404 0.00016529428950549723 0.00048870587929574264 -4.669530167088326e-05 -1.7801052976103486e-05 0 0.0003791103679505988 0 -0.0004895075107574316 -8.0908949181157113e-05 -7.8105172072272662e-05 0.00049704108926772075 0 0 0.00033748982763185737 0.00030857847604089171
leaf_weight=55 66 699 53 90 273 84 51 82 55 151 63 153 62 2137 50 74 97 786 339 276 131 80 53 6666 659 77 145 67 112 66
leaf_count=55 66 699 53 90 273 84 51 82 55 151 63 153 62 2137 50 74 97 786 339 276 131 80 53 6666 659 77 145 67 112 66
internal_value=1.10694e-06 0.000264465 0.000637697 0.0013325 0.00026225 0.0007356 -2.69884e-05 -3.09961e-05 0.000278478 6.4699e-06 -4.11463e-05 9.09687e-06 0.000371989 -1.31e-05 0.000210853 0.000494218 -2.30514e-05 2.84098e-05 9.77597e-05 0.000173303 9.9363e-05 0.000241667 -0.000179568 -7.07878e-05 0 0.000846883 -3.00503e-05 8.88363e-05 0.00020502 9.61111e-05
internal_weight=13752 1342 643 220 423 150 12410 12359 376 321 11983 4384 117 3928 456 124 3846 1709 923 584 487 211 204 7599 933 167 870 332 179 211
internal_count=13752 1342 643 220 423 150 12410 12359 376 321 11983 4384 117 3928 456 124 3846 1709 923 584 487 211 204 7599 933 167 870 332 179 211
is_linear=0
shrinkage=0.05


Tree=23
num_leaves=31
num_cat=0
split_feature=133 50 12 61 88 90 103 3 103 136 50 86 28 100 93 2 103 41 21 119 93 141 85 5 137 114 21 138 17 93
split_gain=0.0574924 0.170169 0.0348686 0.0678063 0.0140684 0.012617 0.0101005 0.0127524 0.0123912 0.0130361 0.00841419 0.0059623 0.00541744 0.00482347 0.00381841 0.00364817 0.00279421 0.00447322 0.00277299 0.00233645 0.00229053 0.00215869 0.00387005 0.00228131 0.00193024 0.00419449 0.0145966 0.0122549 0.00192082 0.00136926
threshold=88.200000000000003 1010.1500000000002 0.09273153100000002 484.4500000000001 51.037500000000009 24.929591836734698 1630.45 0.084415223500000011 1084.3500000000001 0.69000000000000006 1019.2500000000001 11.500000000000002 34.000000000000007 -8.850000000000021 271.60975230000003 0.0012152840000000003 818.1500000000002 48.500000000000007 0.56250000000000011 9.1500000000000004 267.52923855000006 27.865000000000006 270.05314100000004 1.3500000000000003 0.065000000000000016 14.450000000000001 0.43750000000000006 6.5150000000000006 0.048900000000000006 266.27744520000005
decision_type=2 2 2 2 2 2 2 2 2 2 2 2 2 2 2 2 2 2 2 10 2 2 2 2 2 2 2 2 2 2
left_child=2 -2 4 5 6 -4 7 13 9 12 -11 -5 -9 -1 15 16 17 -15 19 -17 -3 22 -18 -24 25 -8 27 -27 -25 -13
right_child=1 20 3 11 -6 -7 24 8 -10 10 -12 29 -14 14 -16 18 21 -19 -20 -21 -22 -23 23 28 -26 26 -28 -29 -30 -31
leaf_value=0.00044382155726341077 0.0032418477352001464 0.00016212977675604634 0.0020820636307605756 -2.0949227170625646e-05 0.00078927483927915233 0.00083872172397850839 -7.3944227262605269e-05 0 9.9365160809170974e-06 0.0012917902716040864 0.00040759940744699116 7.7705156237007709e-05 0.00056619665520523787 0.00040913610898147038 -8.5987417858520356e-05 1.2517902196614646e-05 0.00045682779240171215 -6.0109557764521083e-06 0 0.00046475328786484105 -0.00022794361694761353 -6.009990176815009e-05 -3.9615410283168834e-05 0.00024576698406995494 -7.7429814994086127e-05 0.0011602513925687095 -4.8149415354182603e-05 9.4706164548239574e-07 0 0.00058348529678631288
leaf_weight=56 53 59 51 335 51 73 782 154 416 58 100 53 52 102 1379 73 51 116 96 103 81 1419 628 157 6713 53 280 55 95 58
leaf_count=56 53 59 51 335 51 73 782 154 416 58 100 53 52 102 1379 73 51 116 96 103 81 1419 628 157 6713 53 280 55 95 58
internal_value=1.19058e-06 0.000856166 -1.06727e-05 0.00037113 -2.78397e-05 0.00140266 -3.15078e-05 2.29244e-05 0.000209013 0.000422179 0.000769705 7.0655e-05 0.000129045 -9.90023e-06 -1.72112e-05 1.44426e-05 -2.11458e-06 0.000166382 0.000188512 0.000306557 -2.81106e-05 -1.99362e-05 3.59139e-05 5.35383e-06 -6.70453e-05 -3.17823e-06 0.000126418 0.000621162 0.000136897 0.00038948
internal_weight=13752 193 13559 570 12989 124 12938 5055 780 364 158 446 206 4275 4219 2840 2568 218 272 176 140 2350 931 880 7883 1170 388 108 252 111
internal_count=13752 193 13559 570 12989 124 12938 5055 780 364 158 446 206 4275 4219 2840 2568 218 272 176 140 2350 931 880 7883 1170 388 108 252 111
is_linear=0
shrinkage=0.05


Tree=24
num_leaves=31
num_cat=0
split_feature=133 116 12 105 90 88 103 10 92 105 93 91 100 81 43 115 43 161 9 19 137 114 21 83 69 9 89 90 10 124
split_gain=0.0519682 0.155 0.031648 0.0617792 0.0140301 0.012723 0.00915932 0.0105828 0.0119427 0.010506 0.00866338 0.00743468 0.00420607 0.00323189 0.00347548 0.00523777 0.0026894 0.00253917 0.00198582 0.00174976 0.00174402 0.00379179 0.0133139 0.0118719 0.00174143 0.00205848 0.00175396 0.00173272 0.00219551 0.00165103
threshold=88.200000000000003 270.58086540000005 0.09273153100000002 16.500000000000004 26.117346938775515 51.037500000000009 1630.45 16.980000000000004 11.250000000000002 15.500000000000002 273.24895505000006 20.550000000000004 -8.850000000000021 38.95000000000001 0.38050000000000006 12.450000000000001 0.33750000000000008 0.19387755102040818 0.22659722222222226 -0.0026485714285714285 0.065000000000000016 14.450000000000001 0.43750000000000006 15.550000000000002 286.00756280000002 0.81826388888888901 33.750000000000007 29.182653061224496 11.035000000000002 1.0000000180025095e-35
decision_type=2 2 2 2 2 2 2 2 2 2 2 2 2 2 2 2 2 2 2 2 2 2 2 2 2 2 2 2 2 2
left_child=2 -2 5 4 -4 6 7 12 9 10 -9 -5 -1 24 17 -16 -3 29 -19 -20 21 -8 23 -23 25 -14 -26 -21 -29 -15
right_child=1 16 3 11 -6 -7 20 8 -10 -11 -12 -13 13 14 15 -17 -18 18 19 27 -22 22 -24 -25 26 -27 -28 28 -30 -31
leaf_value=0.00042201980033464604 0.0028561084039069509 -0.00040999153667384378 0.0020791804826316928 -1.8567873774182498e-05 0.00073397443229504327 0.00075057001127089079 -7.0251737506089296e-05 0.0012117761962025413 0 8.8462399191428619e-05 0.00030478635527451383 0.00043158365239856391 -8.5577586823185175e-05 0 -3.1732452690173589e-05 0.00041891272259713232 0 -7.887181092482425e-05 -5.8472738486892513e-05 0 -7.3558901007849211e-05 0.0011546242525390185 -4.5750512392286031e-05 1.2601756530723104e-05 0.00019870512142958999 5.110450039871715e-05 -1.1828972442900123e-05 0.00023583020471336925 0 0.00045267674628121321
leaf_weight=56 62 52 51 343 60 51 782 66 306 128 77 116 1876 51 85 138 79 571 270 276 6713 50 280 58 125 274 302 263 140 51
leaf_count=56 62 52 51 343 60 51 782 66 306 128 77 116 1876 51 85 138 79 571 270 276 6713 50 280 58 125 274 302 263 140 51
internal_value=1.30307e-06 0.000814176 -9.9579e-06 0.000353761 0.00140973 -2.633e-05 -2.98367e-05 2.19643e-05 0.000223444 0.00046461 0.000763627 8.50173e-05 -2.92448e-06 -9.53061e-06 3.95281e-05 0.000225446 -0.000128672 1.07634e-05 -2.27583e-06 3.85823e-05 -6.3687e-05 -2.76146e-06 0.00012024 0.00059293 -4.65953e-05 -6.58184e-05 3.84408e-05 8.45577e-05 0.000150854 0.000251753
internal_weight=13752 193 13559 570 111 12989 12938 5055 577 271 143 459 4478 4422 1845 223 131 1622 1520 949 7883 1170 388 108 2577 2150 427 679 403 102
internal_count=13752 193 13559 570 111 12989 12938 5055 577 271 143 459 4478 4422 1845 223 131 1622 1520 949 7883 1170 388 108 2577 2150 427 679 403 102
is_linear=0
shrinkage=0.05


Tree=25
num_leaves=31
num_cat=0
split_feature=133 84 3 126 81 43 49 2 33 118 5 126 28 136 84 140 116 14 5 36 81 19 136 2 5 137 62 128 138 116
split_gain=0.0473763 0.147491 0.039296 0.0802172 0.012115 0.0175594 0.0200646 0.0112757 0.0124254 0.0101396 0.00514876 0.0224332 0.0103261 0.00380939 0.00310615 0.00357237 0.00279786 0.00270223 0.00255769 0.00249371 0.00133264 0.0019186 0.00164649 0.00252286 0.00113018 0.00107982 0.00104706 0.000899096 0.000832038 0.000780476
threshold=88.200000000000003 8.0500000000000025 0.34168884800000004 22.500000000000004 40.45000000000001 0.42850000000000005 969.95000000000016 0.0034061355000000004 0.89381043758450895 19.350000000000005 13.425000000000002 21.500000000000004 33.650000000000006 0.025000000000000005 15.250000000000002 71.610000000000014 272.28067670000007 0.021183272000000003 1.0000000180025095e-35 264.96580990000001 43.550000000000004 -0.004018571428571426 0.31500000000000006 4.1050000000000008e-05 2.2900000000000005 18.300000000000004 20.850000000000005 10.697866186773167 13.335000000000003 294.01547295000006
decision_type=2 2 2 2 2 2 2 2 2 10 2 2 2 2 2 2 2 2 2 2 2 2 2 2 2 2 2 2 2 2
left_child=2 -2 4 -4 10 7 -7 13 17 -5 14 12 -12 -6 25 28 27 -9 -17 -18 -21 -22 23 -23 -24 29 -26 -15 -16 -1
right_child=1 -3 3 9 5 6 -8 8 -10 -11 11 -13 -14 16 15 18 19 -19 -20 20 21 22 24 -25 26 -27 -28 -29 -30 -31
leaf_value=-6.8361050165264607e-05 -1.6557326918494297e-05 0.0030897368308083683 0.0023396206875595281 -1.6517444731995606e-05 0.00042935769050997743 2.8697040494159366e-05 0.0014232030700676501 0 0.00089431238101832082 0.00075675995834619534 0 -4.3286958586769883e-05 0.00081240992752035831 -0.00010445504125336628 -3.6738175877651147e-05 0.0005497635948995594 0.00033471720966086397 0.00034361926208889191 0 -5.9691497746660554e-05 -7.8614557369292027e-05 0.00027945272942858895 -1.8049780256234876e-05 0 0.00024143716833273894 0.00012313824498803649 0 0 0.0001701394568469065 1.3600064999705209e-05
leaf_weight=8494 140 50 52 170 51 68 50 152 75 51 58 866 126 646 382 55 69 87 57 340 197 210 375 129 94 57 82 271 53 196
leaf_count=8494 140 50 52 170 51 68 50 152 75 51 58 866 126 646 382 55 69 87 57 340 197 210 375 129 94 57 82 271 53 196
internal_value=4.43182e-06 0.000786607 -6.25339e-06 0.000585865 -1.88834e-05 7.08304e-05 0.0006686 4.34085e-05 0.000325409 0.000142014 -4.44882e-05 5.80984e-05 0.000559952 5.32583e-06 -5.6621e-05 5.40394e-05 -1.7392e-06 0.000123068 0.000305281 3.82514e-05 2.01906e-05 4.98042e-05 8.38974e-05 0.000172956 1.98328e-05 -6.41182e-05 0.000128443 -7.23973e-05 0 -6.59358e-05
internal_weight=13703 190 13513 273 13240 2896 118 2778 314 221 10344 1050 184 2464 9294 547 2413 239 112 1496 1427 1087 890 339 551 8747 176 917 435 8690
internal_count=13703 190 13513 273 13240 2896 118 2778 314 221 10344 1050 184 2464 9294 547 2413 239 112 1496 1427 1087 890 339 551 8747 176 917 435 8690
is_linear=0
shrinkage=0.05


Tree=26
num_leaves=31
num_cat=0
split_feature=133 84 1 126 103 3 62 133 86 88 28 88 120 27 86 15 137 103 131 99 6 28 1 96 6 27 15 131 29 54
split_gain=0.0426794 0.133531 0.0355138 0.0725126 0.0115146 0.0134327 0.0119748 0.0106207 0.00923856 0.0074903 0.015476 0.00659062 0.00409573 0.00454956 0.00483205 0.00337245 0.00413117 0.0036072 0.00408198 0.0033302 0.00208228 0.00201052 0.00299923 0.00159433 0.00289988 0.00154301 0.00137869 0.00391807 0.00163326 0.00202889
threshold=88.200000000000003 8.0500000000000025 0.32127834050000009 22.500000000000004 1688.4000000000003 0.084415223500000011 11.450000000000001 26.395000000000007 10.500000000000002 38.862500000000004 33.650000000000006 50.912500000000001 271.47224845000005 1284.3500000000001 4.5000000000000009 0.001522916666666667 0.015000000000000001 860.85000000000002 91.467890746291033 0.95000000000004559 0.010700000000000003 41.000000000000007 0.022884034500000004 43.287500000000009 0.0081277777777777806 1985.9500000000003 0.00092500000000000015 30.210440651388549 40.900000000000006 0.13500000000000004
decision_type=2 2 2 2 2 2 2 2 2 2 2 2 10 2 2 2 2 2 2 2 2 2 2 2 2 2 2 2 2 2
left_child=2 -2 4 -4 5 11 7 -7 -5 10 20 12 13 14 -1 17 -17 18 -15 -12 -9 -19 -23 -18 -25 -14 -6 -28 -29 -30
right_child=1 -3 3 8 26 6 -8 9 -10 -11 19 -13 25 15 -16 16 23 21 -20 -21 -22 22 -24 24 -26 -27 27 28 29 -31
leaf_value=0 -1.5735336330038965e-05 0.002938279152172161 0.0022248468729491647 -1.8276706273729146e-05 -7.1257574946716713e-05 0 0 0.00022983059041871458 0.00071405162241854623 0.0011234219688859017 0.00026392426290280691 0.00045983994547931585 -7.7685604087963529e-05 0 0.00061329899350633186 0.00041947165852861319 0 -6.1907496824539058e-05 0.00049589589066967809 0.00094973516227785972 -0.00011221006018219187 -3.7437055975065702e-05 0.0004003399191686663 0.00041475636777593889 0 0.00011977189313721854 0.00039189576602506425 -6.0399585293181294e-05 -2.2961378388486855e-07 0.00023581503533626679
leaf_weight=56 140 50 52 169 5424 156 426 79 52 52 51 76 1715 101 67 97 454 1502 67 102 84 62 60 73 55 85 53 1702 541 100
leaf_count=56 140 50 52 169 5424 156 426 79 52 52 51 76 1715 101 67 97 454 1502 67 102 84 62 60 73 55 85 53 1702 541 100
internal_value=4.37649e-06 0.000746773 -5.74649e-06 0.000557134 -1.77715e-05 3.76803e-05 0.000208339 0.000368304 0.000133954 0.000514734 0.000395569 2.53813e-07 -6.6605e-06 3.22679e-05 0.00032992 1.53014e-05 0.00011121 -1.8292e-05 0.000196374 0.000756797 2.3467e-05 -4.36829e-05 0.000138717 5.06251e-05 0.000206108 -6.55237e-05 -5.68441e-05 -2.21132e-05 -3.37746e-05 2.91166e-05
internal_weight=13703 190 13513 273 13240 5420 950 524 221 368 316 4470 4394 2594 123 2471 679 1792 168 153 163 1624 122 582 128 1800 7820 2396 2343 641
internal_count=13703 190 13513 273 13240 5420 950 524 221 368 316 4470 4394 2594 123 2471 679 1792 168 153 163 1624 122 582 128 1800 7820 2396 2343 641
is_linear=0
shrinkage=0.05


Tree=27
num_leaves=31
num_cat=0
split_feature=133 84 0 126 81 43 29 2 33 118 0 126 28 136 84 140 36 14 1 83 24 28 105 136 10 88 1 83 137 140
split_gain=0.0384396 0.120899 0.0320936 0.0655471 0.0102357 0.0153342 0.0173833 0.00991496 0.0110394 0.00845144 0.00421639 0.0184797 0.00850987 0.00329084 0.00269511 0.003045 0.00246029 0.00237517 0.00218112 0.00174004 0.00201948 0.00107861 0.00110829 0.00195842 0.00356507 0.00194006 0.00102694 0.000961788 0.000959753 0.000787384
threshold=88.200000000000003 8.0500000000000025 0.21365000000000003 22.500000000000004 40.45000000000001 0.42850000000000005 28.600000000000005 0.0034061355000000004 0.76427307453986282 19.350000000000005 0.093650000000000025 21.500000000000004 33.650000000000006 0.025000000000000005 15.250000000000002 71.610000000000014 264.96580990000001 0.021183272000000003 0.00010453450000000001 18.850000000000005 36.20000000000001 41.850000000000009 18.500000000000004 0.31500000000000006 6.7100000000000017 40.962500000000013 0.031652563000000009 10.550000000000002 18.300000000000004 11.520000000000001
decision_type=2 2 2 2 2 2 2 2 2 10 2 2 2 2 2 2 2 2 2 2 2 2 2 2 2 2 2 2 2 2
left_child=2 27 4 -4 10 7 -7 13 17 -5 14 12 -12 -6 28 -16 -15 -9 -17 -18 -21 22 23 24 25 -22 -25 -2 -1 -27
right_child=1 -3 3 9 5 6 -8 8 -10 -11 11 -13 -14 16 15 18 19 -19 -20 20 21 -23 -24 26 -26 29 -28 -29 -30 -31
leaf_value=-6.002655334267772e-05 -0.00017109287398519703 0.0027942458584028131 0.0021157034507838413 -1.6072698104537734e-05 0.00039846683705176334 0.0012137542334222998 0 -9.3172384940771728e-06 0.000762572967876239 0.00068815443533821975 0 -3.9187029961221102e-05 0.00073720958088909633 0.00026931614139046571 0 0.00050926227104875063 -0.00017131013645401791 0.00030169087482801582 0 0.00026620918666648164 0 9.2374759539563385e-05 -7.1951321665383365e-05 -7.0010977784978095e-05 -3.9849017878206217e-05 0.00012132195266176851 6.9280979886394533e-05 7.0972665660673566e-05 0.00011756617668213258 0.00049711080390620304
leaf_weight=8690 70 50 52 170 51 60 58 139 94 51 58 866 126 78 435 55 162 81 57 67 53 209 752 631 180 76 133 70 57 72
leaf_count=8690 70 50 52 170 51 60 58 139 94 51 58 866 126 78 435 55 162 81 57 67 53 209 752 631 180 76 133 70 57 72
internal_value=4.32998e-06 0.00070889 -5.25824e-06 0.00052981 -1.67078e-05 6.57114e-05 0.000624479 3.99615e-05 0.000304377 0.000126286 -4.02701e-05 5.23406e-05 0.000508028 4.12751e-06 -5.12753e-05 5.15843e-05 -2.29742e-06 8.34128e-05 0.000283323 -1.36224e-05 0 -1.04417e-05 -2.44464e-05 2.42586e-06 9.88045e-05 0.000247307 -3.91677e-05 -1.49541e-05 -5.82844e-05 0.000339805
internal_weight=13703 190 13513 273 13240 2896 118 2778 314 221 10344 1050 184 2464 9294 547 2413 220 112 2335 2173 2106 1897 1145 381 201 764 140 8747 148
internal_count=13703 190 13513 273 13240 2896 118 2778 314 221 10344 1050 184 2464 9294 547 2413 220 112 2335 2173 2106 1897 1145 381 201 764 140 8747 148
is_linear=0
shrinkage=0.05


Tree=28
num_leaves=31
num_cat=0
split_feature=133 84 0 126 81 43 49 141 156 15 24 90 0 126 29 50 84 140 1 16 93 139 137 91 81 96 137 83 19 81
split_gain=0.0347475 0.109333 0.0290049 0.0592496 0.00930354 0.0138418 0.016486 0.00907466 0.00769998 0.00532759 0.00395665 0.003948 0.00379477 0.0167339 0.00737099 0.00342376 0.00244174 0.00279088 0.00193505 0.001906 0.00190558 0.00276396 0.0034975 0.00304815 0.00137381 0.000951361 0.000878038 0.000872792 0.000860463 0.00125404
threshold=88.200000000000003 8.0500000000000025 0.21365000000000003 22.500000000000004 40.45000000000001 0.42850000000000005 969.95000000000016 38.930000000000014 0.4200000000000001 0.00092500000000000015 50.500000000000007 25.380612244897964 0.093650000000000025 22.500000000000004 47.300000000000004 1020.9500000000002 15.250000000000002 71.610000000000014 0.00010453450000000001 1.1850000000000003 266.18375340000006 33.617228999118097 0.26500000000000007 21.550000000000004 49.150000000000006 47.662500000000009 18.300000000000004 11.250000000000002 -0.0022300000000000006 43.650000000000013
decision_type=2 2 2 2 2 2 2 2 2 2 2 2 2 2 2 2 2 2 2 2 2 2 2 2 2 2 2 2 2 2
left_child=2 27 4 -4 12 7 -7 9 -5 20 11 -11 16 14 -14 -13 26 -18 -19 -12 25 -22 -23 -24 28 -6 -1 -2 -21 -30
right_child=1 -3 3 8 5 6 -8 -9 -10 10 19 15 13 -15 -16 -17 17 18 -20 24 21 22 23 -25 -26 -27 -28 -29 29 -31
leaf_value=-5.7025571020491637e-05 -0.00015488295691044952 0.0026572730139756175 0.0020119142131546329 -1.7604965407265221e-05 -9.0058070629396331e-05 7.8153270192490051e-06 0.0012771079135036059 0.00055563945930376822 0.00064925033350382881 0.00072319834388383925 0.00028101161073952342 8.3673220158802454e-06 4.7742926081009937e-05 -3.9100706626551064e-05 0.00075014095295513261 0.00050096922241081891 0 0.00048425385763299091 0 -5.4651452857881866e-05 -3.319285347048154e-05 -6.2251355381342312e-05 0.00060483562525665295 0.00011676117446059235 -0.0001592223523550729 3.4970075166105137e-05 0.00011178921627137682 7.5954407242754694e-05 0 0.00018931889244590933
leaf_weight=8690 75 50 52 169 897 68 50 82 52 50 70 154 82 860 108 56 435 55 57 85 568 102 55 176 101 119 57 65 100 163
leaf_count=8690 75 50 52 169 897 68 50 82 52 50 70 154 82 860 108 56 435 55 57 85 568 102 55 176 101 119 57 65 100 163
internal_value=4.27798e-06 0.000674151 -4.81999e-06 0.000503828 -1.57229e-05 6.28268e-05 0.00059388 3.82646e-05 0.000118997 2.04743e-05 0.00013161 0.000294005 -3.82016e-05 4.9536e-05 0.000475016 0.000165176 -4.8656e-05 4.90287e-05 0.000270929 4.02324e-05 -2.21256e-05 2.68724e-05 0.000144089 0.000256627 0 -7.04776e-05 -5.53413e-05 -1.24689e-05 4.93115e-05 0.000101931
internal_weight=13703 190 13513 273 13240 2896 118 2778 221 2696 779 260 10344 1050 190 210 9294 547 112 519 1917 901 333 231 449 1016 8747 140 348 263
internal_count=13703 190 13513 273 13240 2896 118 2778 221 2696 779 260 10344 1050 190 210 9294 547 112 519 1917 901 333 231 449 1016 8747 140 348 263
is_linear=0
shrinkage=0.05


Tree=29
num_leaves=31
num_cat=0
split_feature=133 50 0 126 126 3 19 141 82 118 88 88 112 23 133 85 129 77 21 119 12 43 63 129 141 22 77 133 76 50
split_gain=0.0314076 0.0870765 0.0262099 0.0535564 0.00858186 0.0157297 0.00957724 0.00718042 0.00800273 0.0070466 0.0065213 0.00331119 0.00325103 0.0064942 0.00428479 0.00675551 0.00275074 0.00298825 0.00238004 0.00413748 0.00207925 0.00206176 0.00203465 0.0019567 0.00171233 0.00128515 0.00147577 0.00116294 0.00485294 0.000882949
threshold=88.200000000000003 1010.1500000000002 0.21365000000000003 22.500000000000004 35.500000000000007 0.084415223500000011 -0.0088814285714285662 35.775000000000013 19.700000000000003 19.350000000000005 50.912500000000001 37.287500000000009 285.64388565000007 18.846527777777784 27.450000000000003 270.22072160000005 3.5000000000000004 275.42299245000009 0.43750000000000006 2.2500000000000004 0.025205075500000004 0.38050000000000006 10.072950000000001 6.5000000000000009 37.080000000000005 49.500000000000007 281.37332475000005 84.075000000000017 3.850000000000001 1014.7500000000001
decision_type=2 2 2 2 2 2 2 2 2 10 2 2 2 2 2 2 2 2 2 10 2 2 2 2 2 2 2 2 2 2
left_child=2 -2 4 -4 5 10 -7 -8 -9 -5 11 25 27 14 -14 -16 -13 21 19 -15 23 -18 -3 29 -10 -1 -27 -6 -29 -19
right_child=1 22 3 9 12 6 7 8 24 -11 -12 16 13 18 15 -17 17 20 -20 -21 -22 -23 -24 -25 -26 26 -28 28 -30 -31
leaf_value=-7.5283686913291971e-05 0.0023866551313459733 -0.00017725733578481597 0.0019132165037060403 -1.5568582490625657e-05 -5.6434059515730732e-05 0.00092722134415899361 1.876976213041685e-05 0.0006622559939929171 0.0002855393171344029 0.00062577620005378363 0.00050117561424572381 -3.2771393754854597e-05 0 0.00048800432713786991 0 0.00085944377179076258 0.00010637110886031979 4.2792630359125472e-05 -6.9898517688719855e-05 3.3093848868541976e-06 -6.3993863045265674e-05 0.00060856384508540195 0.00020537874726273247 0 0 -1.4655705073459457e-05 0.00022752651333373961 -4.280542499621275e-05 0.00048807372936554366 0.00033493576791696127
leaf_weight=1531 51 79 52 170 7864 52 351 137 96 51 62 465 50 54 53 60 88 93 667 339 187 52 60 145 115 327 71 217 50 114
leaf_count=1531 51 79 52 170 7864 52 351 137 96 51 62 465 50 54 53 60 88 93 667 339 187 52 60 145 115 327 71 217 50 114
internal_value=4.25027e-06 0.000641118 -4.38123e-06 0.000479119 -1.47637e-05 4.70873e-05 0.000252492 0.000193901 0.000355656 0.000112064 -5.88482e-07 -1.24982e-05 -4.09957e-05 3.24992e-05 0.000326255 0.000497083 5.26989e-05 0.000118547 -8.22505e-06 8.36686e-05 5.35015e-05 0.000331354 0 0.00013009 0.000130815 -5.37615e-05 1.64783e-05 -5.26677e-05 3.94036e-05 0.000228558
internal_weight=13703 190 13513 273 13240 3886 751 699 348 221 3135 3073 9354 1223 163 113 1144 679 1060 393 539 140 139 352 211 1929 398 8131 267 207
internal_count=13703 190 13513 273 13240 3886 751 699 348 221 3135 3073 9354 1223 163 113 1144 679 1060 393 539 140 139 352 211 1929 398 8131 267 207
is_linear=0
shrinkage=0.05


Tree=30
num_leaves=31
num_cat=0
split_feature=1 126 133 116 88 90 103 3 160 77 141 93 28 126 30 88 129 77 83 15 136 31 15 44 12 11 28 2 85 120
split_gain=0.0228338 0.0522628 0.0182971 0.0842292 0.00968527 0.0084095 0.00636524 0.0129738 0.00935652 0.0106894 0.00722968 0.00423961 0.0039108 0.00344527 0.0061415 0.00227347 0.0019541 0.00292141 0.00183154 0.00178637 0.00483999 0.00773103 0.00298603 0.00494569 0.00166093 0.0032561 0.0016453 0.00140654 0.00147163 0.00139366
threshold=0.32127834050000009 21.500000000000004 88.200000000000003 270.58086540000005 51.037500000000009 26.468367346938781 1569.1000000000001 0.084415223500000011 0.18673469387755107 277.66595250000006 35.180000000000007 267.48674725000006 33.650000000000006 49.500000000000007 -3.3871428571428583 37.562500000000007 3.5000000000000004 275.42299245000009 15.350000000000003 0.00092500000000000015 0.065000000000000016 19.050000000000004 0.00095937500000000005 1327.5000000000002 0.022123675000000002 0.0011026268888888891 29.350000000000005 0.0014942165000000002 277.89081280000005 266.95245455000003
decision_type=2 2 2 2 2 2 2 2 2 2 2 2 2 2 2 2 2 2 2 2 2 2 2 2 2 2 2 2 2 10
left_child=2 -2 4 -4 6 -3 7 13 9 10 18 -5 -12 15 -15 -1 -17 26 -9 -8 21 -21 23 -22 25 -19 -18 -10 -29 -16
right_child=1 5 3 11 -6 -7 19 8 27 -11 12 -13 -14 14 29 16 17 24 -20 20 22 -23 -24 -25 -26 -27 -28 28 -30 -31
leaf_value=-4.931342198835981e-05 0.0018828490474529997 -1.6104359542020333e-05 0.0020735223497392544 8.2575196751813384e-05 0.00065837439931577682 0.00068427537458346172 -5.9396646589618021e-05 -0.0001950446271879819 0 0.0011133791462292293 9.963505547217456e-05 -0.00044199038301602023 0.00075971297537242731 0.00065241808266947845 0.00025363161055686178 -3.5929541759181591e-05 0 1.2592727315846483e-05 0.00015928914638865729 0 0 0.00077026292340437365 -3.78673620137632e-05 0.00058609022157235394 -5.0853939970489759e-05 0.000397354122234736 0.0004518980657736347 0.0003132129722311465 0 -4.0551287999343393e-05
leaf_weight=2527 51 195 57 50 52 50 5775 56 344 50 58 77 83 52 50 557 51 306 94 57 67 50 2253 51 276 76 78 88 61 139
leaf_count=2527 51 195 57 50 52 50 5775 56 344 50 58 77 83 52 50 557 51 306 94 57 67 50 2253 51 276 76 78 88 61 139
internal_value=2.63004e-06 0.000436531 -6.58931e-06 0.000486489 -1.38496e-05 0.000108706 -1.69264e-05 2.73019e-05 0.000207227 0.000410794 0.000269552 -0.000197374 0.000526017 -8.01659e-06 0.000172877 -2.06117e-05 2.96326e-05 8.23662e-05 0 -4.40381e-05 -6.21854e-06 0.000318139 -2.30922e-05 0.000214943 3.09191e-05 0.000103035 0.000304068 5.57554e-05 0.000183522 1.18844e-05
internal_weight=13731 296 13435 184 13251 245 13199 4946 834 341 291 127 141 4112 241 3871 1344 787 150 8253 2478 107 2371 118 658 382 129 493 149 189
internal_count=13731 296 13435 184 13251 245 13199 4946 834 341 291 127 141 4112 241 3871 1344 787 150 8253 2478 107 2371 118 658 382 129 493 149 189
is_linear=0
shrinkage=0.05


Tree=31
num_leaves=31
num_cat=0
split_feature=0 126 133 116 88 126 103 3 92 69 131 43 126 116 133 88 129 75 61 136 3 91 11 2 133 16 84 131 131 16
split_gain=0.0206357 0.0472418 0.0165369 0.076114 0.00875702 0.00747324 0.00579755 0.0118092 0.00849741 0.0103868 0.00630385 0.00394698 0.00311222 0.00322434 0.00540774 0.00206456 0.00178871 0.00245562 0.00172321 0.00151492 0.00669465 0.00148331 0.00136631 0.00126921 0.00132674 0.00126005 0.00314527 0.00116562 0.00109058 0.00117019
threshold=0.21365000000000003 21.500000000000004 88.200000000000003 270.58086540000005 51.037500000000009 41.500000000000007 1569.1000000000001 0.084415223500000011 9.1500000000000039 279.16020640000005 129.04709205156436 0.33750000000000008 49.500000000000007 268.22201485000005 27.450000000000003 37.562500000000007 3.5000000000000004 16.050000000000004 121.7 0.025000000000000005 0.016310186000000004 21.150000000000002 0.0027636201527777783 0.0014942165000000002 58.635000000000012 6.3550000000000013 1.1500000000000004 74.21506061840644 91.467890746291033 0.25500000000000006
decision_type=2 2 2 2 2 2 2 2 2 2 2 2 2 2 2 2 2 2 2 2 2 2 2 2 2 2 2 2 2 2
left_child=2 -2 4 -4 6 -3 7 12 9 10 18 -5 15 -14 -15 25 -17 21 -9 20 -8 -18 -12 -10 -25 -1 -27 -19 -23 -30
right_child=1 5 3 11 -6 -7 19 8 23 -11 22 -13 13 14 -16 16 17 27 -20 -21 -22 28 -24 24 -26 26 -28 -29 29 -31
leaf_value=-5.7173113214995575e-05 0.0017905170078693817 0.00063252585807379745 0.0019716337384206467 -0.00051909075521387358 0.00062607676731719084 -1.719562341424966e-05 -3.0420166950494763e-05 -0.00014207893481820783 0 0.0010753776726778596 0.00014597749524731553 0 -9.1837373778792919e-05 -1.6390265364228096e-05 0.00048761491579076894 -3.4136284285155746e-05 0.00041082969377574918 -9.0737176141674497e-05 0.00017892413283051512 -4.6414484422646669e-05 0.00056611239105007949 0 0.00066687594329378937 0.00029916004337627038 0 -4.2277873373957562e-05 0.00039959153626114132 8.097312406599676e-05 0 0.00029286084384856848
leaf_weight=2371 51 52 57 52 52 193 250 70 344 51 50 75 61 65 115 557 66 208 89 7949 54 172 81 87 62 103 53 181 55 105
leaf_count=2371 51 52 57 52 52 193 250 70 344 51 50 75 61 65 115 557 66 208 89 7949 54 172 81 87 62 103 53 181 55 105
internal_value=2.63944e-06 0.000415134 -6.10673e-06 0.000462627 -1.30272e-05 0.00010239 -1.59711e-05 2.62131e-05 0.000197879 0.000392 0.000251355 -0.000185693 -7.42831e-06 0.000164412 0.000278904 -1.94577e-05 2.83222e-05 7.88596e-05 6.3473e-06 -4.18578e-05 6.06581e-05 0.000166337 0.000508551 5.29656e-05 0.000174334 -4.68487e-05 7.75863e-05 0 0.00010163 0.000195697
internal_weight=13731 296 13435 184 13251 245 13199 4946 834 341 290 127 4112 241 180 3871 1344 787 159 8253 304 398 131 493 149 2527 156 389 332 160
internal_count=13731 296 13435 184 13251 245 13199 4946 834 341 290 127 4112 241 180 3871 1344 787 159 8253 304 398 131 493 149 2527 156 389 332 160
is_linear=0
shrinkage=0.05


Tree=32
num_leaves=31
num_cat=0
split_feature=1 103 133 116 103 12 88 128 81 61 93 100 1 15 131 15 115 21 19 91 85 160 80 160 135 25 62 160 30 43
split_gain=0.018763 0.026262 0.0146729 0.0688145 0.00847504 0.018271 0.0108325 0.0162019 0.00757495 0.00439431 0.00368945 0.00288327 0.00289772 0.00181785 0.00759515 0.00261095 0.00430635 0.00160251 0.00223512 0.00193752 0.00128591 0.00304446 0.0011564 0.00115162 0.00122969 0.00103758 0.000942531 0.00154126 0.000942264 0.00134873
threshold=0.41087726350000003 2076.9500000000003 88.200000000000003 270.58086540000005 1540.0000000000002 0.076740456500000012 38.437500000000007 9.986477217735418 55.20000000000001 169.55000000000004 267.48674725000006 -8.0999999999999641 0.015902566000000003 0.00092500000000000015 30.210440651388549 0.00095937500000000005 8.3500000000000032 0.56250000000000011 -0.0022300000000000006 17.350000000000005 281.39860740000006 0.23163265306122452 12.737500000000002 0.038832199546485272 4.3900000000000015 19.500000000000004 43.250000000000007 0.23163265306122452 -2.1957142857142848 0.39650000000000007
decision_type=2 2 2 2 2 2 2 2 2 2 2 2 2 2 2 2 2 2 2 2 2 2 2 2 2 2 2 2 2 2
left_child=2 -2 4 -4 5 8 7 -7 11 -9 -5 -1 20 -6 -15 16 -16 18 -14 -20 26 -22 -21 -17 -25 -26 -13 -28 -24 -30
right_child=1 -3 3 10 13 6 -8 9 -10 -11 -12 12 17 14 15 23 -18 -19 19 22 21 -23 28 24 25 -27 27 -29 29 -31
leaf_value=0.00030598780504451735 0.0014858192437860256 0 0.0018747517265829032 8.2089782009978657e-05 -5.4317730401337111e-05 -0.000210138563087412 0.00083300947622610684 0.0007842457295522432 0.0005916542997562959 0.00018995885889575893 -0.000405200421407174 -4.385713313574523e-05 0 0.00057185809848306238 -2.5331510515343323e-05 -5.3037721131545646e-05 0.00050485893734026656 -5.6224520458144209e-06 -2.8059325329616227e-05 0 0.00035892881553465977 -1.9569594518212728e-05 4.0502711446035886e-05 0.00024676674895454204 -6.416840304195845e-05 6.5946501185456318e-05 -1.1814634510364124e-05 0.00027232731462896079 0.00035031828557794743 0
leaf_weight=77 50 56 57 50 5973 127 99 87 55 94 77 2787 316 55 59 1683 61 425 66 74 70 131 101 54 310 301 86 62 226 62
leaf_count=77 50 56 57 50 5973 127 99 87 55 94 77 2787 316 55 59 1683 61 425 66 74 70 131 101 54 310 301 86 62 226 62
internal_value=2.61641e-06 0.000662307 -2.19715e-06 0.000439549 -8.64863e-06 4.29069e-05 0.00036388 0.000194699 1.29444e-05 0.000505823 -0.000175149 4.59904e-06 0 -3.92459e-05 -1.57625e-06 -1.66069e-05 0.000204805 6.2942e-05 0.000103303 0.000166064 -2.65362e-05 8.86176e-05 0.000204512 -3.01336e-05 2.03178e-05 0 -3.61529e-05 7.46896e-05 0.000239111 0.00029108
internal_weight=13731 106 13625 184 13441 4945 407 308 4538 181 127 4483 4406 8496 2523 2468 120 1270 845 529 3136 201 463 2348 665 611 2935 148 389 288
internal_count=13731 106 13625 184 13441 4945 407 308 4538 181 127 4483 4406 8496 2523 2468 120 1270 845 529 3136 201 463 2348 665 611 2935 148 389 288
is_linear=0
shrinkage=0.05


Tree=33
num_leaves=31
num_cat=0
split_feature=0 126 133 116 81 105 92 13 43 21 136 83 141 133 114 93 128 134 46 42 49 0 126 138 2 52 105 137 24 83
split_gain=0.0170544 0.0406356 0.0134916 0.0621818 0.00686681 0.00610369 0.00512123 0.0069036 0.00343636 0.00315629 0.006969 0.00428214 0.00334778 0.00378974 0.00259164 0.00290359 0.00155162 0.00212442 0.00199976 0.00153031 0.0014658 0.00131024 0.00503393 0.00242902 0.00127489 0.00402127 0.00119765 0.00118058 0.00110315 0.00252091
threshold=0.21365000000000003 21.500000000000004 88.200000000000003 270.58086540000005 55.20000000000001 20.500000000000004 7.5500000000000016 0.0042257137986111111 0.33750000000000008 0.52083333333333337 0.040000000000000008 33.550000000000004 34.875000000000007 55.255000000000003 22.950000000000003 266.18375340000006 10.270523633424574 9.6250000000000018 25.500000000000004 0.29500000000000004 945.05000000000007 0.041150000000000013 9.5000000000000018 5.9750000000000005 0.0059917800000000012 23.500000000000004 14.500000000000002 18.300000000000004 36.20000000000001 18.650000000000002
decision_type=2 2 2 2 2 2 2 2 2 2 2 2 2 2 2 2 2 2 2 2 2 2 2 2 2 2 2 2 2 2
left_child=2 -2 4 -4 6 -3 21 9 -5 10 -8 20 16 14 -14 -16 17 18 -12 -17 -11 27 23 -23 -24 -26 -15 -1 29 -22
right_child=1 5 3 8 -6 -7 7 -9 -10 11 12 -13 13 26 15 19 -18 -19 -20 -21 28 22 24 -25 25 -27 -28 -29 -30 -31
leaf_value=-5.1241563808991057e-05 0.0016531517109923208 0.00057207563500224546 0.0017826302953321358 -0.00047696612872041101 0.00050698297623302867 -1.8282587431036891e-05 0.00049301183294543692 0.00050720102901372283 0 -0.0001374838549143417 -2.7820206537601029e-05 0.00037552361518637992 0 8.6172224751602977e-05 2.9028377610416101e-05 0.00065072441103568833 -5.0678160065615166e-05 0.00022464212812134548 0.00023080884752342299 0.0002514535611923445 -1.7964770205298668e-05 0 -4.4215836768075534e-05 0.0004165480060342672 -4.3378090385305499e-05 0.00047401286275285831 -0.00010137883033021355 0.00016125881507865746 -3.5488396911191159e-05 0.00027615095565565619
leaf_weight=6543 51 51 57 52 62 194 89 73 75 328 539 62 121 160 127 62 847 138 85 191 180 58 1399 100 93 50 174 54 1618 98
leaf_count=6543 51 51 57 52 62 194 89 73 75 328 539 62 121 160 127 62 847 138 85 191 180 58 1399 100 93 50 174 54 1618 98
internal_value=2.58881e-06 0.000377598 -5.32876e-06 0.000417991 -1.16153e-05 8.61091e-05 -1.44705e-05 2.54901e-05 -0.000164565 1.70519e-05 5.60903e-05 -2.40239e-05 3.79394e-05 0.00011924 0.00020628 0.000270316 -1.19452e-06 4.72502e-05 0 0.00037116 -3.75733e-05 -3.86344e-05 0 0.000268377 -2.70934e-05 0.000104841 0 -4.87202e-05 -1.75901e-05 6.84133e-05
internal_weight=13731 296 13435 184 13251 245 13189 4892 127 4819 2533 2286 2444 835 501 380 1609 762 624 253 2224 8297 1700 158 1542 143 334 6597 1896 278
internal_count=13731 296 13435 184 13251 245 13189 4892 127 4819 2533 2286 2444 835 501 380 1609 762 624 253 2224 8297 1700 158 1542 143 334 6597 1896 278
is_linear=0
shrinkage=0.05


Tree=34
num_leaves=31
num_cat=0
split_feature=1 103 133 62 88 103 12 87 128 93 61 100 18 19 2 92 30 94 44 77 22 23 41 43 4 92 104 101 140 2
split_gain=0.0158525 0.0225794 0.0119746 0.0517417 0.00696085 0.00570759 0.015841 0.00982365 0.0134035 0.00507025 0.00373205 0.0024656 0.00259837 0.00236995 0.00207942 0.00159443 0.00398743 0.0015205 0.00127975 0.00119923 0.00227715 0.00247988 0.00257074 0.000959478 0.00112369 0.00100328 0.000937426 0.000910029 0.00167365 0.000794924
threshold=0.41087726350000003 2076.9500000000003 88.200000000000003 41.45000000000001 51.037500000000009 1540.0000000000002 0.076740456500000012 1.5000000000000002 9.986477217735418 267.48674725000006 169.55000000000004 -8.0999999999999641 0.0061020833333333335 -0.0023628571428571427 0.0011514315000000002 21.150000000000006 -0.23428571428571482 19.500000000000004 1007.5000000000001 281.37332475000005 36.500000000000007 19.520138888888891 48.500000000000007 0.31050000000000005 8.5200000000000025e-05 10.150000000000004 1.0500000000000003 -5.6879933999999812 71.610000000000014 0.00019590900000000002
decision_type=2 2 2 2 2 2 2 2 2 2 2 2 2 2 2 2 2 2 2 2 2 2 2 2 2 2 2 2 2 2
left_child=2 -2 4 9 5 6 11 8 29 -4 -10 -1 19 -14 17 27 -17 26 -16 -13 -21 22 -22 -19 -25 -26 -15 28 -7 -8
right_child=1 -3 3 -5 -6 15 7 -9 10 -11 -12 12 13 14 18 16 -18 23 -20 20 21 -23 -24 24 25 -27 -28 -29 -30 -31
leaf_value=0.00028268885030485811 0.0013729072826176622 0 0.00021584513096999124 0.0017580165957812876 0.00056255930216482161 -1.2666638796794738e-05 -0.00033868946275434296 0.0007828831673551966 0.00070972637049139433 -0.0003753998743249886 0.00016256865785189989 -5.4828928602595193e-05 -9.7546692704683623e-06 -6.7292509050769181e-05 0.00034900549172286419 0 0.00045982591334772723 0 1.9233108126042808e-05 -6.2602197608453819e-05 0.00048048306013336284 0 2.2753296768195183e-05 0 0.00029320083077419117 0 0.00014191701524334533 -4.5792286847100642e-05 0.00023217963422115042 0
leaf_weight=77 50 56 58 50 52 887 60 97 87 76 97 1858 832 270 131 211 54 98 83 401 72 232 98 52 154 80 58 7260 74 66
leaf_count=77 50 56 58 50 52 887 60 97 87 76 97 1858 832 270 131 211 54 98 83 401 72 232 98 52 154 80 58 7260 74 66
internal_value=2.59796e-06 0.000608968 -1.79688e-06 0.000397232 -7.66048e-06 -1.02904e-05 3.21222e-05 0.000330602 0.000170943 -8.27476e-05 0.000450744 3.92293e-06 0 4.61424e-05 0.000101715 -3.53853e-05 7.90124e-05 5.13404e-05 0.000245043 -3.2146e-05 1.41222e-05 0.000103028 0.000247531 0.000120698 0.000167034 0.000214542 -1.47817e-05 -3.96901e-05 1.21154e-06 -0.000198618
internal_weight=13731 106 13625 184 13441 13389 4903 407 310 134 184 4496 4419 1758 926 8486 265 712 214 2661 803 402 170 384 286 234 328 8221 961 126
internal_count=13731 106 13625 184 13441 13389 4903 407 310 134 184 4496 4419 1758 926 8486 265 712 214 2661 803 402 170 384 286 234 328 8221 961 126
is_linear=0
shrinkage=0.05


Tree=35
num_leaves=31
num_cat=0
split_feature=133 116 1 103 12 87 28 94 120 43 88 17 43 28 19 68 142 112 28 84 3 131 137 114 138 85 92 134 82 10
split_gain=0.0159927 0.0662399 0.0131609 0.00634728 0.0136568 0.00667328 0.0134551 0.0120923 0.00800088 0.00360416 0.00298766 0.00217511 0.00216667 0.00217997 0.00201764 0.00170297 0.00244978 0.00292286 0.00135762 0.00119368 0.00216922 0.00107802 0.0012091 0.00372254 0.00820818 0.00104497 0.00203585 0.000803837 0.000784978 0.000732619
threshold=88.200000000000003 270.91426480000007 0.41087726350000003 1599.2000000000005 0.076740456500000012 1.0000000180025095e-35 33.650000000000006 23.500000000000004 273.99911465000008 0.33650000000000008 50.912500000000001 0.03425000000000001 0.31750000000000006 22.950000000000003 -0.0023628571428571427 0.35000000000000009 336.72854204299568 282.5220844000001 32.95000000000001 10.050000000000002 0.03267248100000001 12.227529829379685 0.065000000000000016 14.65 4.4400000000000004 281.39860740000006 12.250000000000002 6.3000000000000016 24.270000000000003 6.8150000000000013
decision_type=2 2 2 2 2 2 2 2 10 2 2 2 2 2 2 2 2 2 2 2 2 2 2 2 2 2 2 2 2 2
left_child=2 -2 3 4 10 6 -6 -7 -8 -3 11 15 19 -14 -15 25 -17 -18 29 -13 -21 28 23 -23 -25 -1 -27 -26 -5 -16
right_child=1 9 -4 21 5 7 8 -9 -10 -11 -12 12 13 14 18 16 17 -19 -20 20 -22 22 -24 24 27 26 -28 -29 -30 -31
leaf_value=-4.2815753041960551e-05 0.0018391240710043347 -0.00047454631952289269 0.00059457308458609522 0 -0.00027304693197357989 0.0012308907766219266 5.8348592506821694e-05 0.00017683221570844303 0.0007381868736365026 1.3137312231575799e-05 0.00030774123322061783 -5.3889445935003874e-05 -4.1348995174692915e-05 2.950695838869509e-05 0.00025374044003375972 -2.9692617563341627e-05 0 0.00054273226531222464 0.00039201961094057999 0.00032657955222888498 0 -4.6951190269693276e-05 -4.0873116318676065e-05 0.00059151565530667961 0.00012274747823142786 0.00029938385168345885 -1.3387782227946444e-05 -4.4687037121640689e-05 -0.00034941494109038762 3.7859759639804955e-05
leaf_weight=2642 59 50 90 68 110 50 113 90 94 81 81 524 160 323 101 95 56 53 114 64 133 746 7001 80 109 66 124 176 52 186
leaf_count=2642 59 50 90 68 110 50 113 90 94 81 81 524 160 323 101 95 56 53 114 64 133 746 7001 80 109 66 124 176 52 186
internal_value=2.10751e-06 0.000456664 -3.95251e-06 -8.38599e-06 3.44873e-05 0.000295499 0.000146136 0.000594803 0.000393171 -0.000137308 8.11042e-06 1.73863e-06 4.97775e-05 0.000102765 0.000141522 -2.20191e-05 0.000111731 0.000279594 0.000219014 -8.31567e-06 8.73134e-05 -3.59671e-05 -3.30039e-05 1.20799e-05 0.00014619 -3.34546e-05 7.00798e-05 2.07209e-06 -0.000193026 0.00013181
internal_weight=13691 190 13501 13411 5179 457 317 140 207 131 4722 4641 1605 884 724 3036 204 109 401 721 197 8232 8112 1111 365 2832 190 285 120 287
internal_count=13691 190 13501 13411 5179 457 317 140 207 131 4722 4641 1605 884 724 3036 204 109 401 721 197 8232 8112 1111 365 2832 190 285 120 287
is_linear=0
shrinkage=0.05


Tree=36
num_leaves=31
num_cat=0
split_feature=133 116 1 103 12 81 128 94 88 2 43 103 103 30 21 44 126 30 120 1 43 25 15 131 114 85 92 131 2 92
split_gain=0.0144513 0.0598627 0.0118883 0.00578328 0.0124277 0.00609397 0.0123828 0.0107787 0.00481505 0.00396018 0.00328485 0.00327303 0.00594721 0.0107613 0.00242532 0.00195309 0.00163571 0.00354717 0.00159677 0.0012543 0.00105237 0.00149042 0.00102347 0.00366119 0.0121743 0.000806133 0.00200263 0.000792708 0.000761837 0.000693854
threshold=88.200000000000003 270.91426480000007 0.41087726350000003 1599.2000000000005 0.076740456500000012 39.95000000000001 9.986477217735418 23.500000000000004 27.787500000000005 0.0011514315000000002 0.33650000000000008 785.50000000000011 1069.3500000000001 -1.548571428571426 0.53472222222222232 862.50000000000011 47.500000000000007 -3.3871428571428583 267.09232255000006 0.013526559500000002 0.33150000000000007 21.500000000000004 0.00092500000000000015 33.794363026180044 14.250000000000002 281.39860740000006 12.250000000000002 12.227529829379685 0.00019590900000000002 1.9500000000000006
decision_type=2 2 2 2 2 2 2 2 2 2 2 2 2 2 2 2 2 2 10 2 2 2 2 2 2 2 2 2 2 2
left_child=2 -2 3 4 9 6 28 -7 -8 16 -3 -11 13 -13 15 -14 19 -18 -19 25 -21 -22 27 24 -24 -1 -27 -5 -6 -25
right_child=1 10 -4 22 5 7 8 -9 -10 11 -12 12 14 -15 -16 -17 17 18 -20 20 21 -23 23 29 -26 26 -28 -29 -30 -31
leaf_value=-4.2917535789061578e-05 0.0017487004893385651 -0.00045128424644502176 0.00056517109224652091 -0.00018551840088984445 -0.00033612286095944914 0.0011705529862699811 0.00079383180371223711 0.00017191949165546409 0.00016838383762599008 -0.0001061197843996473 1.2488456201337123e-05 0.00095347593929233192 0.00029933105521783357 5.9499312101432244e-05 -0.00011610989092150704 0 0.00045905195644400812 0.0001960184423972832 -6.4245187037902885e-05 -7.8764208457522447e-06 0 0.00020748031784034585 -3.1306272860092575e-05 -4.0585600956131109e-05 0.00086685085417782684 0.00028463808079241473 -2.6550883071779802e-05 -4.2035000173006303e-05 -6.8834746702663826e-06 1.6491476025474561e-05
leaf_weight=2703 59 50 90 120 63 50 63 91 117 88 81 63 108 100 114 58 56 84 175 555 248 165 109 1689 50 66 139 5635 73 629
leaf_count=2703 59 50 90 120 63 50 63 91 117 88 81 63 108 100 114 58 56 84 175 555 248 165 109 1689 50 66 139 5635 73 629
internal_value=2.0891e-06 0.000434192 -3.65328e-06 -7.88526e-06 3.30182e-05 0.000282026 0.000137708 0.000567006 0.000418091 7.80565e-06 -0.000128723 0.000136828 0.00019648 0.000439219 3.63178e-05 0.000171006 -7.3775e-06 9.9748e-05 1.36313e-06 -1.73967e-05 2.91523e-05 9.08885e-05 -3.42271e-05 -5.01789e-06 0.000223536 -3.46151e-05 5.02603e-05 -4.59272e-05 -0.000197235 -2.29409e-05
internal_weight=13691 190 13501 13411 5179 457 316 141 180 4722 131 531 443 163 280 166 4191 315 259 3876 968 413 8232 2477 159 2908 205 5755 136 2318
internal_count=13691 190 13501 13411 5179 457 316 141 180 4722 131 531 443 163 280 166 4191 315 259 3876 968 413 8232 2477 159 2908 205 5755 136 2318
is_linear=0
shrinkage=0.05


Tree=37
num_leaves=31
num_cat=0
split_feature=133 84 1 126 12 2 28 2 141 33 119 1 84 140 23 112 36 2 120 16 117 28 122 1 104 73 131 82 84 100
split_gain=0.01306 0.0556463 0.0107399 0.00528152 0.0134558 0.00577941 0.00577137 0.00347221 0.00438157 0.0048224 0.00200255 0.0019521 0.00177293 0.00457932 0.00144063 0.0051537 0.00142024 0.00111241 0.00600936 0.00113672 0.00164952 0.00102188 0.000903233 0.00129295 0.00149287 0.00088463 0.000716023 0.00066264 0.000616673 0.000623564
threshold=88.200000000000003 8.8500000000000032 0.41087726350000003 37.500000000000007 0.076740456500000012 2.8550000000000003e-05 33.650000000000006 0.0011514315000000002 31.090000000000003 0.90388886736361618 3.8500000000000001 0.072925425000000016 20.650000000000006 71.610000000000014 17.729861111111116 286.17535390000006 266.34456785000003 0.0034061355000000004 284.87186575000004 6.1550000000000011 1.0000000180025095e-35 41.850000000000009 15.500000000000002 1.0000000180025095e-35 0.45000000000000007 27.350000000000005 12.227529829379685 24.270000000000003 8.4500000000000028 6.6999999999999895
decision_type=2 2 2 2 2 2 2 2 2 2 10 2 2 2 2 2 2 2 10 2 2 2 2 2 2 2 2 2 2 2
left_child=2 10 3 4 7 -6 25 21 -9 11 -2 -10 14 -14 15 -5 -8 26 19 -19 -21 22 28 24 -24 -7 27 -16 29 -1
right_child=1 -3 -4 12 5 6 16 8 9 -11 -12 -13 13 -15 17 -17 -18 18 -20 20 -22 -23 23 -25 -26 -27 -28 -29 -30 -31
leaf_value=-5.1476129540476043e-05 -0.00027605935906935237 0.001831215631773732 0.00053722309762903667 -4.913916912891438e-07 0.0006856782898735812 -0.00018450588017214511 3.7907402194312971e-05 -7.8136346575108844e-06 0 0.00064251259106236434 6.6412605670444056e-05 0.00030042402611127876 0 0.00047374779892561496 0 0.00051210108902832534 0.00046624907431279785 -6.3002986484190536e-05 0.00052474843841520389 0 0.00025459636320227641 0.00011259636674344185 0 0 0.00035071201217379576 4.1706135775062387e-05 -4.23155337327337e-05 -0.00030818596150789229 2.0192481447382018e-05 3.3849272856189473e-05
leaf_weight=1941 69 50 90 421 91 68 55 212 103 71 71 75 317 59 68 52 130 544 53 169 77 156 112 537 61 55 7393 58 366 167
leaf_count=1941 69 50 90 421 91 68 55 212 103 71 71 75 317 59 68 52 130 544 53 169 77 156 112 537 61 55 7393 58 366 167
internal_value=2.04174e-06 0.000412825 -3.39906e-06 -7.43971e-06 3.85147e-05 0.000314721 0.000187075 8.13037e-06 0.000137269 0.000280331 -6.76769e-05 0.000105149 -2.89385e-05 7.31615e-05 -3.38573e-05 4.62742e-05 0.000366674 -3.89929e-05 1.08686e-05 -1.79056e-05 6.14304e-05 -8.23307e-06 -1.57565e-05 3.04993e-05 0.000149592 -4.3511e-05 -4.52487e-05 -0.000176295 -3.10583e-05 -4.23328e-05
internal_weight=13691 190 13501 13411 4200 399 308 3801 461 249 140 178 9211 376 8835 473 185 8362 843 790 246 3340 3184 710 173 123 7519 126 2474 2108
internal_count=13691 190 13501 13411 4200 399 308 3801 461 249 140 178 9211 376 8835 473 185 8362 843 790 246 3340 3184 710 173 123 7519 126 2474 2108
is_linear=0
shrinkage=0.05


Tree=38
num_leaves=31
num_cat=0
split_feature=11 103 30 128 103 93 88 84 139 2 120 0 41 82 136 103 116 104 69 28 104 139 118 25 103 103 41 43 83 49
split_gain=0.0095246 0.0245777 0.0232293 0.0261453 0.00905459 0.00870753 0.00398412 0.00397975 0.0233857 0.00234926 0.00351805 0.00950509 0.00212159 0.00353919 0.00201878 0.00160102 0.00128487 0.00141125 0.00503449 0.00126877 0.00113678 0.0010589 0.00174831 0.00222502 0.00104795 0.00298829 0.000830109 0.00132296 0.000852098 0.000805114
threshold=0.0040165472500000013 2038.0000000000005 -1.9014285714285701 10.021315006960169 1039.7500000000005 272.57128800000004 51.037500000000009 21.050000000000008 84.612598517848554 0.0011514315000000002 284.87186575000004 0.045450000000000011 94.500000000000014 25.230000000000008 1.6100000000000001 1540.0000000000002 292.01624035000003 1.0000000180025095e-35 291.60103075000006 7.0500000000000007 17.150000000000009 86.716077848590643 8.1500000000000004 14.500000000000002 1142.3000000000004 840.14999999999998 45.500000000000007 0.33450000000000008 25.450000000000003 977.1500000000002
decision_type=2 2 2 2 2 2 2 2 2 2 10 2 2 2 2 2 2 2 2 2 2 2 10 2 2 2 2 2 2 2
left_child=6 2 4 -4 5 -2 7 9 -9 12 14 -12 16 -14 24 -16 17 18 -1 -15 -3 -19 -23 -24 25 -11 27 -18 -29 -6
right_child=1 20 3 -5 29 -7 -8 8 -10 10 11 -13 13 19 15 -17 26 21 -20 -21 -22 22 23 -25 -26 -27 -28 28 -30 -31
leaf_value=-6.0761647271926348e-05 0.00095424352248664945 -1.0331534560974658e-05 0.0014955067178220262 0.00031135620099917894 -9.537188565811555e-05 6.201846342494729e-05 0.0004102989599053796 -1.0649495866662095e-06 0.0010982248351488536 -0.00015817306198803109 -4.4396343357139006e-05 0.00067334498509329641 0.00045598636239127819 0.00022386319998380107 0.00034903757482451125 3.0684636489396195e-05 0 -3.4616113835008763e-05 -0.00055918317977773121 -5.1884565731429598e-05 -0.0001569146365737518 -5.2069869051336122e-05 0 0.00035118088331490162 -4.5333264950903544e-05 0.0002402866890396973 -1.1839680128278567e-05 0.00028660518188658413 5.4359455146155529e-06 6.355647415851841e-05
leaf_weight=755 54 448 81 144 188 82 54 330 54 61 88 75 56 53 69 198 170 8166 58 172 257 154 105 83 895 122 425 96 93 105
leaf_count=755 54 448 81 144 188 82 54 330 54 61 88 75 56 53 69 198 170 8166 58 172 257 154 105 83 895 122 425 96 93 105
internal_value=2.05707e-06 0.00012794 0.000349803 0.000764505 0.000119401 0.00045716 -1.14192e-05 -1.37144e-05 0.000142987 -1.92055e-05 3.77016e-05 0.000257457 -2.79523e-05 0.000103205 7.18336e-06 0.000132608 -3.21041e-05 -3.75025e-05 -0.000103105 0 -7.09955e-05 -3.06347e-05 4.9678e-05 0.000159314 -1.93421e-05 8.01551e-05 2.56731e-05 8.38808e-05 0.000175325 -2.13888e-05
internal_weight=13691 1359 654 225 429 136 12332 12278 384 11894 1508 163 10386 281 1345 267 10105 9321 813 225 705 8508 342 188 1078 183 784 359 189 293
internal_count=13691 1359 654 225 429 136 12332 12278 384 11894 1508 163 10386 281 1345 267 10105 9321 813 225 705 8508 342 188 1078 183 784 359 189 293
is_linear=0
shrinkage=0.05


Tree=39
num_leaves=31
num_cat=0
split_feature=133 116 5 126 12 137 69 85 43 2 33 5 9 134 21 120 91 73 75 5 25 43 29 133 41 23 6 91 13 82
split_gain=0.0106162 0.0508815 0.00880888 0.00450654 0.0111727 0.00496525 0.00670865 0.00379136 0.0034039 0.00279702 0.00386699 0.00748667 0.00312999 0.00195112 0.00150397 0.00327865 0.00571195 0.00142703 0.00594732 0.000899736 0.00086611 0.00119784 0.000856394 0.00156402 0.0013177 0.000845559 0.00162271 0.000783071 0.000633665 0.000625349
threshold=88.200000000000003 270.91426480000007 41.090000000000011 37.500000000000007 0.076740456500000012 0.38500000000000006 281.14665500000007 275.42736185000007 0.33650000000000008 0.0011514315000000002 0.90388886736361618 4.495000000000001 0.81826388888888901 10.31 0.43750000000000006 266.03874830000007 18.050000000000004 25.850000000000005 12.750000000000002 1.3500000000000003 18.500000000000004 0.32850000000000007 20.250000000000004 37.800000000000004 51.500000000000007 20.248611111111114 0.00035972222222222227 33.850000000000001 0.001541848201388889 15.090000000000002
decision_type=2 2 2 2 2 2 2 2 2 2 2 2 2 2 2 8 2 2 2 2 2 2 2 2 2 2 2 2 2 2
left_child=2 -2 3 4 9 -6 7 -7 -3 19 12 -12 -11 -9 15 16 -5 -17 -19 22 -21 -22 23 -1 -25 26 -20 -16 -14 -23
right_child=1 8 -4 14 5 6 -8 13 -10 10 11 -13 28 -15 27 17 -18 18 25 20 21 29 -24 24 -26 -27 -28 -29 -30 -31
leaf_value=-1.7267835552202279e-05 0.0015860917136693996 -0.00046980867337540486 0.00048670024305305719 0.00064464563693928658 0 0.00050202274612288556 0.00093349974934134718 -0.00010837076088454712 0 -0.00011110315477451556 0.0008314669509498203 0 0.00027447395953204254 0.00021798149579190068 -4.4204533447626958e-05 -4.4966348092787006e-05 0 0.00045526494939282812 0 -2.3402001597386808e-05 0 0 -3.5712776009106162e-05 0.00038177271258771524 0 -1.5157482954965952e-05 0.00027636769661784188 0.0001105114255036684 3.454797280690756e-06 0.00018083428966298416
leaf_weight=187 59 50 90 52 88 98 52 62 81 169 50 63 99 99 5816 1652 143 74 75 294 291 65 2156 53 62 1259 76 64 80 232
leaf_count=187 59 50 90 52 88 98 52 62 81 169 50 63 99 99 5816 1652 143 74 75 294 291 65 2156 53 62 1259 76 64 80 232
internal_value=2.00251e-06 0.000372374 -2.86661e-06 -6.56089e-06 3.58552e-05 0.000287604 0.00038188 0.000248735 -0.000144258 8.0447e-06 0.00012395 0.000380921 2.53286e-05 6.15481e-05 -2.64462e-05 0 0.000198788 -1.19956e-05 2.13462e-05 -6.48871e-06 3.46091e-05 7.20942e-05 -2.32772e-05 4.88244e-05 0.000198622 0 0.000109557 -4.16518e-05 0.000181818 0.000142555
internal_weight=13691 190 13501 13411 4200 399 311 259 131 3801 461 113 348 161 9211 3331 195 3136 1484 3340 882 588 2458 302 115 1410 151 5880 179 297
internal_count=13691 190 13501 13411 4200 399 311 259 131 3801 461 113 348 161 9211 3331 195 3136 1484 3340 882 588 2458 302 115 1410 151 5880 179 297
is_linear=0
shrinkage=0.05


Tree=40
num_leaves=31
num_cat=0
split_feature=133 155 81 12 61 89 103 3 44 136 93 2 95 155 61 92 155 140 41 23 77 92 41 4 103 128 28 103 2 120
split_gain=0.0113842 0.0524225 0.00968174 0.00614482 0.020689 0.00349663 0.00230028 0.00565233 0.00409686 0.00400111 0.00235135 0.00214467 0.00207755 0.00186758 0.00177569 0.00253208 0.00171425 0.00680645 0.00134689 0.00133722 0.00363926 0.00117951 0.00181134 0.00119751 0.00114679 0.00102387 0.000940883 0.000938974 0.000910845 0.00223529
threshold=88.200000000000003 0.32200000000000012 55.20000000000001 0.09273153100000002 147.55000000000004 40.750000000000007 1242.9500000000005 0.084415223500000011 692.50000000000011 0.63500000000000012 271.60975230000003 0.0012152840000000003 7.5000000000000009 0.006000000000000001 108.15000000000002 10.650000000000004 0.84000000000000019 70.640000000000015 64.500000000000014 17.729861111111116 280.27027840000005 10.650000000000004 45.500000000000007 3.2750000000000003e-05 910.25000000000011 10.041791911176277 34.95000000000001 850.1500000000002 0.0034061355000000004 283.19008025000005
decision_type=2 2 2 2 2 2 2 2 2 2 2 2 2 2 2 2 2 2 2 2 2 2 2 2 2 2 2 2 2 10
left_child=2 18 3 6 -5 -6 7 10 14 26 11 21 -7 -13 -9 -16 19 -18 -2 20 -8 22 27 -24 -11 -25 -10 -1 -21 -30
right_child=1 -3 -4 4 5 12 16 8 9 24 -12 13 -14 -15 15 -17 17 -19 -20 28 -22 -23 23 25 -26 -27 -28 -29 29 -31
leaf_value=0.00042629612991172162 0 0.001764051582271635 0.00062985419221028383 0.0010433281683713252 -3.5857118641513483e-05 0.00034506881762775096 0 -0.00022996963351857322 0 0.00077751570320497895 -5.6051221502533521e-05 0 0 0.00035693447699496566 0.00039546039046542197 0 -2.2180175570511348e-06 0.00058444447836206702 -0.00026834619670760158 -4.1369566642137891e-05 0.00044700394784027314 -2.1570791195666541e-05 -4.2731701994440728e-05 0.00020988841561212846 0.00027264145627123071 0 0.0002517154179063668 2.0361995820904437e-07 -9.6461930638499112e-06 0.00027917004126114383
leaf_weight=51 89 50 59 58 355 120 364 52 100 51 1348 59 52 90 50 163 291 55 56 7854 50 890 268 117 79 114 54 52 704 71
leaf_count=51 89 50 59 58 355 120 364 52 100 51 1348 59 52 90 50 163 291 55 56 7854 50 890 268 117 79 114 54 52 704 71
internal_value=2.01231e-06 0.000380567 -3.08634e-06 -6.26649e-06 0.000151393 4.19694e-05 -1.37991e-05 1.97488e-05 0.000167399 0.000299972 -5.74538e-06 3.25423e-05 0.00023078 0.000214859 5.93099e-06 8.76917e-05 -2.6974e-05 7.80439e-05 -7.10647e-05 -3.15532e-05 5.13034e-05 1.08544e-05 6.70401e-05 1.64939e-05 0.000513299 0.000106646 8.54826e-05 0.000261329 -3.61134e-05 1.06955e-05
internal_weight=13766 195 13571 13512 585 527 12927 3538 549 284 2989 1641 172 149 265 213 9389 346 145 9043 414 1492 602 499 130 231 154 103 8629 775
internal_count=13766 195 13571 13512 585 527 12927 3538 549 284 2989 1641 172 149 265 213 9389 346 145 9043 414 1492 602 499 130 231 154 103 8629 775
is_linear=0
shrinkage=0.05


Tree=41
num_leaves=31
num_cat=0
split_feature=133 84 81 0 118 83 81 142 49 82 131 133 93 74 80 132 43 1 126 131 0 41 84 139 28 28 83 25 128 94
split_gain=0.0102882 0.0473967 0.00874994 0.00548742 0.0183452 0.00593369 0.00227391 0.00397618 0.00999265 0.0108862 0.00251555 0.00216746 0.00241596 0.00203667 0.00196745 0.00214188 0.00130877 0.00129085 0.00421848 0.00484356 0.00212529 0.00123072 0.0011511 0.00334062 0.00160788 0.0012265 0.00157981 0.00108452 0.00092322 0.00148042
threshold=88.200000000000003 8.0500000000000025 55.20000000000001 0.21365000000000003 19.750000000000004 18.250000000000004 39.850000000000001 722.14858211049466 961.35000000000002 29.026000000000007 64.936761357106477 23.815000000000001 266.15665860000007 33.93571428571429 13.537500000000003 4.5000000000000009 0.32750000000000007 0.072925425000000016 19.500000000000004 129.04709205156436 0.049400000000000006 64.500000000000014 6.8500000000000023 86.716077848590643 27.700000000000003 5.1500000000000012 16.450000000000003 32.000000000000007 9.6939078444960973 28.500000000000004
decision_type=2 2 2 2 10 2 2 2 2 2 2 2 2 2 2 2 2 2 2 2 2 2 2 2 2 2 2 2 2 2
left_child=2 21 3 6 -5 -6 17 10 -9 -10 27 28 -13 14 -14 16 -16 22 19 -19 -20 -2 -1 25 -25 26 -24 -8 29 -12
right_child=1 -3 -4 4 5 -7 7 8 9 -11 11 12 13 -15 15 -17 -18 18 20 -21 -22 -23 23 24 -26 -27 -28 -29 -30 -31
leaf_value=-3.8697098170157908e-05 0 0.0016775784758147874 0.00059888636875742431 -5.5836002922048039e-05 0.0011689776779102805 0.00023707080050097023 -4.7099261206875984e-05 0 0.0010607704571335937 0 0 0 0 0 3.2379738144952154e-05 0 0.00045223716057909221 0 0.00026811650603372463 0.00036930239385842332 -3.2310535125141011e-05 -0.00025516427957387485 0 0.00047123678625212052 0 -3.5719022978311326e-05 0.00034045019901756096 -0.00028996654635799743 -2.8982204118943378e-05 0.00022820858511780982
leaf_weight=7208 89 50 59 195 50 52 561 195 56 56 262 334 63 84 52 65 157 144 58 164 1483 56 57 55 56 874 51 65 1017 98
leaf_count=7208 89 50 59 195 50 52 561 195 56 56 262 334 63 84 52 65 157 144 58 164 1483 56 57 55 56 874 51 65 1017 98
internal_value=2.02568e-06 0.0003619 -2.80319e-06 -5.8446e-06 0.000205499 0.000749346 -1.0988e-05 2.59984e-05 0.0001969 0.00057162 5.09812e-06 3.26645e-05 0.000100874 0.000180393 0.000235994 0.000293833 0.000372236 -2.26508e-05 1.32668e-05 0.00018341 -1.7594e-05 -6.59183e-05 -3.12541e-05 1.32503e-05 0.00027412 -1.13994e-05 0.00013806 -8.07138e-05 -1.15174e-06 6.34814e-05
internal_weight=13766 195 13571 13512 297 102 13215 3065 307 112 2758 2132 755 421 337 274 209 10150 1849 308 1541 145 8301 1093 111 982 108 626 1377 360
internal_count=13766 195 13571 13512 297 102 13215 3065 307 112 2758 2132 755 421 337 274 209 10150 1849 308 1541 145 8301 1093 111 982 108 626 1377 360
is_linear=0
shrinkage=0.05


Tree=42
num_leaves=31
num_cat=0
split_feature=133 84 81 1 105 103 3 44 15 93 61 92 2 22 56 84 141 116 41 23 77 25 129 2 120 142 92 94 2 131
split_gain=0.0092992 0.0428525 0.00790871 0.00496166 0.0168805 0.00224503 0.00602183 0.0033927 0.002935 0.00202683 0.00186135 0.00222427 0.00181548 0.0018531 0.00162486 0.00137513 0.00546393 0.00122101 0.00112474 0.00110666 0.00307957 0.00103482 0.000742856 0.000719827 0.00203299 0.00107072 0.000928672 0.000633908 0.000646016 0.00055556
threshold=88.200000000000003 8.0500000000000025 55.20000000000001 0.32127834050000009 18.500000000000004 1242.9500000000005 0.084415223500000011 692.50000000000011 0.0003062500000000001 271.60975230000003 113.25000000000001 10.550000000000002 0.0012152840000000003 5.5000000000000009 -5.3688854499999641 21.050000000000008 27.865000000000006 294.82292400000006 64.500000000000014 17.729861111111116 280.27027840000005 21.500000000000004 6.5000000000000009 0.0034061355000000004 283.19008025000005 547.28537512356218 11.950000000000005 19.500000000000004 8.6800000000000016e-06 12.227529829379685
decision_type=2 2 2 2 2 2 2 2 2 2 2 2 2 2 2 2 2 2 2 2 2 2 2 2 10 2 2 2 2 2
left_child=2 18 3 5 -5 6 9 10 -9 12 -8 -12 17 -14 -10 19 -17 21 -2 20 -7 -1 -18 29 25 26 -25 -11 -29 -21
right_child=1 -3 -4 4 -6 15 7 8 14 27 11 -13 13 -15 -16 16 22 -19 -20 23 -22 -23 -24 24 -26 -27 -28 28 -30 -31
leaf_value=-1.3855247772089936e-05 0 0.0015953442275606314 0.00056944112427299842 0.00074070687706854685 -4.2595225437289267e-05 0 -0.00021449468528122193 5.1304758284699987e-05 0.00025458147711500325 -6.6785126541010382e-05 0.00038568534437777443 0 0 0.00036285275933914824 0.00071340394385361098 0.00044278707509548467 -8.5621759758090072e-05 0.00018179176847982106 -0.00024262989880394583 -0.00014616659894653314 0.00041185354823563316 0.00015140728448279658 8.296148946287875e-05 0 0.00025021890529751547 -7.5074909653353869e-05 0.00017339742480084841 0.00015015101199709793 -2.4477932395787619e-05 -3.3734553459324966e-05
leaf_weight=1295 89 50 59 96 201 364 55 135 142 1160 51 176 70 79 52 77 192 96 56 140 50 101 77 352 79 398 94 69 119 7792
leaf_count=1295 89 50 59 96 201 364 55 135 142 1160 51 176 70 79 52 77 192 96 56 140 50 101 77 352 79 398 94 69 119 7792
internal_value=2.00443e-06 0.000344148 -2.56838e-06 -5.47802e-06 0.000195451 -1.03866e-05 2.25919e-05 0.000165764 0.000276342 -5.04811e-06 1.85669e-05 9.76585e-05 3.03718e-05 0.00019833 0.000406234 -2.32552e-05 7.05573e-05 1.01279e-05 -6.10248e-05 -2.73038e-05 4.78919e-05 0 -1.87185e-05 -3.1389e-05 5.97613e-06 -1.12374e-05 3.45846e-05 -5.18638e-05 1.36149e-05 -3.63674e-05
internal_weight=13766 195 13571 13512 297 13215 3600 611 329 2989 282 227 1641 149 194 9615 346 1492 145 9269 414 1396 269 8855 923 844 446 1348 188 7932
internal_count=13766 195 13571 13512 297 13215 3600 611 329 2989 282 227 1641 149 194 9615 346 1492 145 9269 414 1396 269 8855 923 844 446 1348 188 7932
is_linear=0
shrinkage=0.05


Tree=43
num_leaves=31
num_cat=0
split_feature=88 84 139 12 61 81 41 19 116 93 89 2 118 50 19 19 88 14 38 50 14 92 42 141 116 19 4 92 128 22
split_gain=0.0071848 0.00677188 0.0520113 0.00467025 0.0166869 0.0026905 0.00237299 0.00480708 0.00221972 0.00559898 0.00190855 0.00184922 0.00206439 0.0031719 0.00336126 0.00492895 0.00095541 0.0034298 0.00166896 0.0045567 0.00198067 0.00189992 0.00135352 0.00285407 0.00130067 0.00107577 0.00100705 0.00114187 0.00116781 0.00121432
threshold=51.037500000000009 21.050000000000008 86.716077848590643 0.09273153100000002 147.55000000000004 40.750000000000007 96.500000000000014 -0.00046142857142857129 294.82292400000006 270.48460225000002 47.800000000000004 0.0011514315000000002 8.6500000000000004 1020.5500000000001 0.0012428571428571432 -0.00099428571428571426 38.63750000000001 0.056325139500000003 0.15000000000000005 1000.5500000000001 0.061309237500000009 1.3500000000000005 1.2850000000000004 29.160000000000004 272.28067670000007 -0.0026485714285714285 7.2100000000000018e-05 13.750000000000005 9.840813956591143 10.500000000000002
decision_type=2 2 2 2 2 2 2 2 2 2 2 2 10 2 2 2 2 2 2 2 2 2 2 2 2 2 2 2 2 2
left_child=1 3 -3 6 -5 -6 8 -8 11 -10 -7 16 -13 -14 15 -15 18 24 20 -20 22 -22 -1 -24 -18 -26 -27 28 29 -28
right_child=-2 2 -4 4 5 10 7 -9 9 -11 -12 12 13 14 -16 -17 17 -19 19 -21 21 -23 23 -25 25 26 27 -29 -30 -31
leaf_value=-3.123351228603862e-05 0.00057238029955227507 -8.6858883404506899e-06 0.0016314348028443585 0.00093175663371073173 -2.8938462097125633e-05 0.00034221666763478427 0.00056339210551396835 0 0.00058678830590976701 4.343520015427818e-06 0 -4.7323518243010464e-05 1.0708716715703276e-05 9.7953308000936755e-05 0 0.00075205261796985857 -5.8927908514214861e-05 0.00040873076382672924 0 0.0005045941421150358 -3.1458576960336782e-05 -0.0003838292517822742 -0.00049397530041880183 0 -6.9323862365838881e-05 0 0.00035702913796928945 -7.2874810103159802e-06 3.9837205370834764e-05 0
leaf_weight=8032 54 352 54 58 375 99 52 158 51 294 53 532 798 103 134 57 736 50 289 50 135 86 51 116 186 318 105 101 227 60
leaf_count=8032 54 352 54 58 375 99 52 158 51 294 53 532 798 103 134 57 736 50 289 50 135 86 51 116 186 318 105 101 227 60
internal_value=2.03597e-06 0 0.000200646 -6.39622e-06 0.00013085 3.16371e-05 -1.31106e-05 0.000150907 -1.62751e-05 0.000106342 0.000212975 -2.01716e-05 2.79639e-05 6.92267e-05 0.000210537 0.000365256 -2.80631e-05 2.78492e-06 -3.4913e-05 6.84626e-05 -3.96764e-05 -0.000192214 -3.49321e-05 -0.000181813 -6.27276e-06 2.76081e-05 5.60548e-05 0.000101298 0.000141945 0.000251214
internal_weight=13766 13712 406 13306 585 527 12721 210 12511 345 152 12166 1624 1092 294 160 10542 1783 8759 339 8420 221 8199 167 1733 997 811 493 392 165
internal_count=13766 13712 406 13306 585 527 12721 210 12511 345 152 12166 1624 1092 294 160 10542 1783 8759 339 8420 221 8199 167 1733 997 811 493 392 165
is_linear=0
shrinkage=0.05


Tree=44
num_leaves=31
num_cat=0
split_feature=133 84 81 12 61 81 116 93 89 2 118 50 138 139 50 105 138 100 42 160 34 83 30 84 128 88 28 133 133 89
split_gain=0.00803406 0.0369586 0.00671757 0.00413502 0.0150873 0.00242527 0.00183703 0.00540098 0.00173738 0.00126407 0.00188185 0.00312835 0.00395417 0.00172212 0.00564715 0.00115829 0.00111178 0.0019653 0.00105123 0.00103795 0.000722826 0.00118814 0.000661602 0.00141821 0.000704492 0.00061109 0.00145524 0.00179196 0.000890683 0.00176153
threshold=88.200000000000003 8.0500000000000025 55.20000000000001 0.09273153100000002 147.55000000000004 40.750000000000007 294.82292400000006 270.48460225000002 47.800000000000004 0.0011514315000000002 9.4500000000000011 1020.5500000000001 4.4400000000000004 86.716077848590643 1004.9500000000002 17.500000000000004 11.99 -6.8500000000000218 0.44500000000000006 0.024744897959183679 0.20239469305923544 13.850000000000003 -2.1171428571428605 7.1500000000000021 10.145590238058928 42.587500000000013 28.300000000000001 13.840000000000002 80.670000000000002 37.250000000000007
decision_type=2 2 2 2 2 2 2 2 2 2 10 2 2 2 2 2 2 2 2 2 2 2 2 2 2 2 2 2 2 2
left_child=2 19 3 6 -5 -6 9 -8 -7 13 -11 22 -13 16 -15 18 25 -18 -14 -2 -16 -22 23 -12 -24 28 27 -27 -1 -30
right_child=1 -3 -4 4 5 8 7 -9 -10 10 11 12 15 14 20 -17 17 -19 -20 -21 21 -23 24 -25 -26 26 -28 -29 29 -31
leaf_value=-3.2525382379664232e-05 1.4866821350967064e-05 0.0014822112865787111 0.00052490519408699289 0.00088595840050556475 -2.7495386776352347e-05 0.00032527694546588467 0.00057755023611992095 9.9077361043788839e-07 0 -4.2023188483560547e-05 0 0.00060001066531536681 0.0002669642495168898 0.00046493140157652217 -5.2118915238574427e-05 -2.4874402164161638e-05 0.00031063062352371747 0 0 -0.00021324293565130301 0 0.00027384167918676725 -6.042631467446933e-05 0.00026937819419069626 5.0104931036359587e-05 8.6239211843970157e-06 -5.1611316560152079e-05 0.00029006013910164743 0 -0.00035291996920326109
leaf_weight=8309 80 50 59 58 375 99 50 293 53 593 155 56 101 75 267 71 54 1066 55 65 60 53 372 70 198 327 452 81 101 68
leaf_count=8309 80 50 59 58 375 99 50 293 53 593 155 56 101 75 267 71 54 1066 55 65 60 53 372 70 198 327 452 81 101 68
internal_value=1.9934e-06 0.000320015 -2.23105e-06 -4.94147e-06 0.000124274 2.94564e-05 -1.11849e-05 0.000101007 0.000201904 -1.4648e-05 2.44791e-05 6.57005e-05 0.00020917 -2.1099e-05 7.11801e-05 8.86126e-05 -2.55983e-05 1.87421e-05 0.00017194 -5.39029e-05 0 9.72911e-05 8.14894e-06 8.43128e-05 -1.32542e-05 -3.14533e-05 3.75569e-06 7.72948e-05 -3.56146e-05 -0.000156999
internal_weight=13766 195 13571 13512 585 527 12927 343 152 12584 1671 1078 283 10913 455 227 10458 1120 156 145 380 113 795 225 570 9338 860 408 8478 169
internal_count=13766 195 13571 13512 585 527 12927 343 152 12584 1671 1078 283 10913 455 227 10458 1120 156 145 380 113 795 225 570 9338 860 408 8478 169
is_linear=0
shrinkage=0.05


Tree=45
num_leaves=31
num_cat=0
split_feature=133 84 1 116 100 1 120 28 13 121 128 118 120 61 84 15 137 88 28 112 136 23 75 131 83 28 36 141 1 30
split_gain=0.0066987 0.0307344 0.00626604 0.00273436 0.00832872 0.00183514 0.00438138 0.00574322 0.00409502 0.00178762 0.00206906 0.00159102 0.000947372 0.000940624 0.000883392 0.00296367 0.00436959 0.00232628 0.00139108 0.00250512 0.00523723 0.000994043 0.00125886 0.000928206 0.000854128 0.000852405 0.000852248 0.000799505 0.000584576 0.000578419
threshold=88.200000000000003 8.0500000000000025 0.41087726350000003 292.01624035000003 -4.2499999999999991 0.072925425000000016 284.87186575000004 35.250000000000007 0.0010634272638888891 1.0000000180025095e-35 9.986477217735418 10.350000000000003 270.06036215000006 1298.6500000000003 1.1500000000000004 0.001522916666666667 0.015000000000000001 29.012500000000006 7.0500000000000007 285.42987850000003 1.0500000000000003 21.50416666666667 17.150000000000002 12.227529829379685 16.050000000000004 33.650000000000006 269.66922430000005 23.870000000000001 0.0042704430000000014 -1.4300000000000026
decision_type=2 2 2 2 2 2 10 2 2 10 2 10 8 2 2 2 2 2 2 2 2 2 2 2 2 2 2 2 2 2
left_child=2 11 3 5 -5 14 9 -8 -9 -7 -11 -2 26 -12 -1 18 17 -17 19 -16 -21 -18 24 -20 -23 29 -6 -27 -26 -14
right_child=1 -3 -4 4 12 6 7 8 -10 10 13 -13 25 -15 15 16 21 -19 23 20 -22 22 -24 -25 28 27 -28 -29 -30 -31
leaf_value=-3.2933743229622613e-05 -0.00024150742957202277 0.0013514577536165341 0.00040435461055901041 0.00056779516438746215 0 -1.7973182340575658e-05 0 0.00075723254781839779 0.00013482532349684415 -4.5797649813721368e-05 0.00025592159058850864 6.3890492475526545e-05 -8.3060319311088158e-05 0 -1.8252308201679395e-05 1.8159161796266174e-05 -9.1833621587472316e-05 0.00059703492416277493 -0.00023806209955711975 0.00055356104449245653 -3.2908899439852185e-05 0 0 -3.37179223676401e-05 0.000272207075802991 0 0.00021105798994534202 0.00017080914266534821 5.3270317747726341e-06 9.5591201519328446e-06
leaf_weight=6244 70 50 93 79 67 1832 152 61 92 95 170 67 297 54 221 52 115 59 66 66 55 94 393 2458 119 58 112 119 75 205
leaf_count=6244 70 50 93 79 67 1832 152 61 92 95 170 67 297 54 221 52 115 59 66 66 55 94 393 2458 119 58 112 119 75 205
internal_value=1.93928e-06 0.000298521 -1.81955e-06 -5.03919e-06 7.66022e-05 -1.15788e-05 2.62449e-05 0.000203288 0.000418748 0 0.00011007 -5.65397e-05 2.49467e-05 0.000198307 -2.13533e-05 -8.60086e-07 7.64569e-05 0.000373076 -2.70906e-05 6.17892e-05 0.000247916 2.84045e-05 5.61452e-05 -4.11337e-05 0.000135384 0 0.000126996 9.18698e-05 0.000195229 -3.53535e-05
internal_weight=13690 187 13503 13410 937 12473 2456 305 153 2151 319 137 858 224 10017 3773 907 111 2866 342 121 796 681 2524 288 679 179 177 194 502
internal_count=13690 187 13503 13410 937 12473 2456 305 153 2151 319 137 858 224 10017 3773 907 111 2866 342 121 796 681 2524 288 679 179 177 194 502
is_linear=0
shrinkage=0.05


Tree=46
num_leaves=31
num_cat=0
split_feature=133 76 1 88 103 1 120 28 14 24 93 105 119 128 13 77 15 96 137 136 50 93 138 112 122 84 136 103 133 89
split_gain=0.00605605 0.0320805 0.00565964 0.0025882 0.013277 0.00197218 0.00376515 0.00533783 0.0036398 0.00187033 0.00568015 0.00172896 0.00153475 0.00260363 0.0013736 0.00133343 0.00125721 0.00109275 0.00108882 0.000890671 0.00369425 0.000790814 0.000767965 0.00191625 0.000757273 0.000707026 0.000686814 0.000587128 0.000586309 0.00168086
threshold=88.200000000000003 0.55000000000000016 0.41087726350000003 42.587500000000013 927.9000000000002 0.072925425000000016 284.87186575000004 35.250000000000007 0.016563573000000002 50.850000000000009 266.18375340000006 12.500000000000002 9.9500000000000011 9.986477217735418 0.0011006858958333336 271.42107860000004 0.0016114583333333334 47.662500000000009 18.300000000000004 0.025000000000000005 1004.9500000000002 266.45127980000007 11.485000000000001 288.26895500000006 7.5000000000000009 12.250000000000002 0.6100000000000001 1746.2500000000002 80.670000000000002 44.350000000000001
decision_type=2 2 2 2 2 2 10 2 2 2 2 2 10 2 2 2 2 2 2 2 2 2 2 2 2 2 2 2 2 2
left_child=2 11 3 5 -5 18 12 -8 -9 10 -6 -2 -7 -14 16 -10 17 -11 19 20 -1 -15 28 -24 -23 -25 27 -16 -21 -30
right_child=1 -3 -4 4 9 6 7 8 15 14 -12 -13 13 21 26 -17 -18 -19 -20 22 -22 24 23 25 -26 -27 -28 -29 29 -31
leaf_value=0.00034946323073480604 6.9216448218371201e-05 0.0013470757789372538 0.00038435197643806577 0.00073931138833609438 -1.8625702471008817e-05 -2.4046834911686668e-05 0 0.0007677033191924599 0 -2.334609291900032e-05 0.00046774685356384998 -0.00024675154013132137 -6.1864372932215209e-05 7.2483186487956744e-06 -0.00016161164381356196 0.00033404529361108037 0.00025564353684395818 0.0001632996031234813 0.00015656029471272206 -2.9432899024436536e-05 -1.4937965300117227e-05 0 -9.7985242937201451e-06 0 0.00025582969187483814 0.00033681264133376417 0 0 -3.7188220049317171e-05 -0.00032519446175995168
leaf_weight=80 54 51 93 68 134 1453 154 52 50 375 87 82 192 135 216 51 62 94 76 7512 357 68 1210 51 192 56 111 116 386 72
leaf_count=80 54 51 93 68 134 1453 154 52 50 375 87 82 192 135 216 51 62 94 76 7512 357 68 1210 51 192 56 111 116 386 72
internal_value=1.90878e-06 0.000283907 -1.64702e-06 -4.72526e-06 6.27363e-05 -1.21558e-05 2.80736e-05 0.000191214 0.000399723 1.947e-05 0.000151564 -8.52078e-05 9.91033e-07 7.14061e-05 -5.49858e-06 0.00015558 4.2934e-05 3.69219e-06 -2.23024e-05 -2.42304e-05 4.10017e-05 0.000148805 -2.78423e-05 4.29498e-06 0.000202839 0.000208581 -7.47793e-05 -0.000112304 -3.378e-05 -9.39674e-05
internal_weight=13690 187 13503 13410 1263 12147 2347 307 153 1195 221 136 2040 587 974 101 531 469 9800 9724 437 395 9287 1317 260 107 443 332 7970 458
internal_count=13690 187 13503 13410 1263 12147 2347 307 153 1195 221 136 2040 587 974 101 531 469 9800 9724 437 395 9287 1317 260 107 443 332 7970 458
is_linear=0
shrinkage=0.05


Tree=47
num_leaves=31
num_cat=0
split_feature=133 76 1 96 33 77 104 105 118 9 61 28 86 131 118 115 11 135 30 83 13 88 138 112 82 28 43 63 23 136
split_gain=0.00547538 0.0289935 0.00514478 0.0195307 0.00253814 0.00814898 0.0207164 0.00157833 0.00136811 0.00134362 0.00186914 0.00537141 0.00311708 0.00279531 0.0071583 0.00887466 0.00264188 0.00203045 0.000838218 0.000873818 0.000746987 0.000804602 0.000673522 0.00142068 0.00161988 0.000629328 0.000579896 0.000480956 0.000681512 0.000343245
threshold=88.200000000000003 0.55000000000000016 0.32127834050000009 38.63750000000001 0.92906865306356357 280.27027840000005 0.55000000000000016 12.500000000000002 16.250000000000004 0.71131944444444462 367.35000000000008 33.650000000000006 6.5000000000000009 33.794363026180044 14.65 8.3500000000000032 0.0043679039444444448 75.560000000000016 -1.0271428571428574 19.450000000000003 0.0011006858958333336 43.162500000000016 11.485000000000001 288.84297655000006 30.126000000000005 21.950000000000003 0.33650000000000008 19.116300000000006 22.563194444444452 3.5850000000000004
decision_type=2 2 2 2 2 2 2 2 10 2 2 2 2 2 8 2 2 2 2 2 2 2 2 2 2 2 2 2 2 2
left_child=2 7 4 8 9 18 -7 -2 -4 22 11 12 16 14 15 -12 -11 -13 20 -20 21 -6 -1 27 -25 -23 -21 -24 -29 -15
right_child=1 -3 3 -5 5 6 -8 -9 -10 10 13 17 -14 29 -16 -17 -18 -19 19 26 -22 25 23 24 -26 -27 -28 28 -30 -31
leaf_value=-3.2570790219878677e-05 6.5818554555087099e-05 0.0012810172849836259 -8.1832998650878204e-05 0.0010547711564391977 -1.9795810064941838e-05 0 0.0011129398057856898 -0.00023456260439610541 0.00018240992263094492 -1.0768589767295497e-05 1.9439852172892152e-05 0.00032503162752073805 0.00027741096660853758 -2.2890956160350036e-05 -7.1503689460554495e-05 0.00092302211904321009 -0.00038637461744709826 4.2077519747880563e-07 0 0 -8.0898490456808667e-05 0 -3.3955995270392654e-05 0.00037841590466241378 0 0.00018686279519717556 0.00025491603409104487 0.00014402298748599117 0 7.3083708229741242e-05
leaf_weight=6579 54 51 152 54 352 127 61 82 71 256 81 216 59 3291 143 52 67 103 72 50 304 74 698 52 54 100 84 103 176 72
leaf_count=6579 54 51 152 54 352 127 61 82 71 256 81 216 59 3291 143 52 67 103 72 50 304 74 698 52 54 100 84 103 176 72
internal_value=1.88375e-06 0.000270022 -1.4791e-06 0.000210883 -6.32035e-06 6.15077e-05 0.000363728 -7.91874e-05 0 -1.36588e-05 7.68834e-06 8.28765e-05 -3.23664e-05 -5.44072e-06 0.00014519 0.000414285 -0.000105065 0.000236174 1.54512e-06 9.55331e-05 -1.58521e-05 1.23358e-05 -2.64024e-05 6.45246e-06 0.000181886 0.000105651 0.000173712 -7.63528e-06 4.02426e-05 -1.93288e-05
internal_weight=13690 187 13503 277 13226 1224 188 136 223 12002 4340 701 382 3639 276 133 323 319 1036 206 830 526 7662 1083 106 174 134 977 279 3363
internal_count=13690 187 13503 277 13226 1224 188 136 223 12002 4340 701 382 3639 276 133 323 319 1036 206 830 526 7662 1083 106 174 134 977 279 3363
is_linear=0
shrinkage=0.05


Tree=48
num_leaves=31
num_cat=0
split_feature=133 76 1 85 19 1 120 22 92 26 93 81 131 105 141 137 140 84 47 88 122 22 28 112 136 141 4 88 67 133
split_gain=0.00495038 0.0262033 0.00465187 0.00326103 0.0182967 0.00174875 0.00318712 0.00637539 0.00159645 0.00200867 0.00152837 0.00139721 0.00115361 0.00121344 0.000982716 0.000920097 0.000715749 0.00252315 0.00107206 0.00196198 0.000687111 0.000621292 0.000608109 0.00210053 0.00417983 0.000483886 0.000445077 0.00154702 0.00195205 0.00267094
threshold=88.200000000000003 0.55000000000000016 0.41087726350000003 280.31944675000005 -0.0015185714285714284 0.072925425000000016 284.87186575000004 1.5000000000000002 7.5500000000000016 10.500000000000002 267.48674725000006 31.650000000000002 189.71052005291051 18.500000000000004 38.660000000000004 18.300000000000004 71.610000000000014 21.050000000000008 99.500000000000014 26.187500000000007 5.5000000000000009 4.5000000000000009 7.0500000000000007 286.0189453000001 1.0500000000000003 37.080000000000005 3.2750000000000003e-05 39.475000000000009 12.350000000000003 33.680000000000007
decision_type=2 2 2 2 2 2 10 2 2 2 2 2 2 2 2 2 2 2 2 2 2 2 2 2 2 2 2 2 2 2
left_child=2 10 3 5 -5 15 8 -8 -7 11 -2 -10 -9 -14 -6 16 22 18 -18 -20 -11 -22 23 -1 -25 -13 -24 -28 29 -29
right_child=1 -3 -4 4 14 6 7 12 9 20 -12 25 13 -15 -16 -17 17 -19 19 -21 21 -23 26 24 -26 -27 27 28 -30 -31
leaf_value=-1.445664002471916e-05 5.4148384174293855e-05 0.0012181981507903682 0.000348592582802744 0.00095630400553185107 -2.8998516130144058e-05 -2.8302010420068384e-05 0.0005464800153479934 -6.9585677640510577e-05 0.00023210533977817253 0 -0.00023854196971764656 2.4174094921593131e-05 0.00031314990457295531 0 0.00018017747899892725 0.00012695996797280101 -3.1301004543982565e-05 0.00034175945689958898 -1.5933125276654344e-05 0.00028913161033371405 0.00035333047795917512 7.4945802705502892e-05 -4.5731803009435313e-05 0.00047853753458612658 -3.1459794340965649e-05 -5.763551543584361e-05 -3.2147351586313275e-05 4.6278536026403785e-05 -7.0975880624702301e-06 0.00044653714348926577
leaf_weight=785 60 51 93 57 334 1351 85 115 63 55 76 312 54 53 66 97 640 56 72 82 84 108 3033 67 59 327 4453 269 673 60
leaf_count=785 60 51 93 57 334 1351 85 115 63 55 76 312 54 53 66 97 640 56 72 82 84 108 3033 67 59 327 4453 269 673 60
internal_value=1.857e-06 0.000256817 -1.32238e-06 -4.14773e-06 0.000126251 -9.14375e-06 2.66691e-05 0.000178214 4.19952e-06 5.57131e-05 -7.34648e-05 5.00254e-06 1.29711e-05 0.000147819 0 -1.86529e-05 -2.0531e-05 2.02716e-05 0 0.000115063 0.000179075 0.000223846 -2.47547e-05 1.01865e-05 0.000201992 -9.90306e-06 -2.90946e-05 -1.89212e-05 3.48457e-05 0.000135557
internal_weight=13690 187 13503 13410 457 12953 2607 307 2300 949 136 702 222 107 400 10346 10249 850 794 154 247 192 9399 911 126 639 8488 5455 1002 329
internal_count=13690 187 13503 13410 457 12953 2607 307 2300 949 136 702 222 107 400 10346 10249 850 794 154 247 192 9399 911 126 639 8488 5455 1002 329
is_linear=0
shrinkage=0.05


Tree=49
num_leaves=31
num_cat=0
split_feature=133 84 0 96 85 18 92 104 29 36 1 120 22 36 28 128 61 82 139 82 1 115 2 116 28 112 138 4 88 15
split_gain=0.00447456 0.0243673 0.0042755 0.0173039 0.0029831 0.0207116 0.00184682 0.00125644 0.00108034 0.00132512 0.00107328 0.00255763 0.00470382 0.00107718 0.00175047 0.000908637 0.00172188 0.000702339 0.00256113 0.00405438 0.00350849 0.0010263 0.000794494 0.00282279 0.000912887 0.00174838 0.00298323 0.000778176 0.000624629 0.00114782
threshold=88.200000000000003 8.0500000000000025 0.21365000000000003 38.63750000000001 280.31944675000005 0.013114583333333334 1.2500000000000004 10.850000000000003 20.250000000000004 272.41906945000005 0.072925425000000016 284.87186575000004 1.0000000180025095e-35 266.57492170000006 35.250000000000007 10.145590238058928 300.15000000000003 19.554000000000006 85.299518965764761 27.042000000000005 0.00016049000000000003 9.1500000000000004 0.0034061355000000004 274.5337068500001 7.0500000000000007 284.03237610000002 6.0200000000000005 3.2750000000000003e-05 39.787500000000016 0.00082916666666666664
decision_type=2 2 2 2 2 2 2 2 2 2 2 10 2 2 2 2 2 2 2 2 2 2 2 2 2 2 2 2 2 2
left_child=2 6 4 7 10 8 -2 -4 9 -6 17 15 -13 -14 -15 -12 -17 -1 22 20 -20 -22 24 -24 25 -19 -27 28 -26 -30
right_child=1 -3 3 -5 5 -7 -8 -9 -10 -11 11 12 13 14 -16 16 -18 18 19 -21 21 -23 23 -25 27 26 -28 -29 29 -31
leaf_value=-3.001522436345792e-05 3.9321936436161055e-05 0.0011839233618800291 0.00015101306445421323 0.00098675189945127118 0.00031779772180575848 0.0010484230040489115 -0.00029278815678359635 -9.3759032643601155e-05 -5.0061833941793124e-05 0 -4.1552397961587483e-05 0.00058765720488466934 -3.2417947501526211e-05 0 0.00036365153820158664 0.00017312596264314065 0 -1.0928779084175792e-05 0.00052172604344460438 -2.8193624909963161e-05 -2.0098443922546244e-05 0.00022731335732334467 -1.3056435857344274e-05 0.00037763311702794207 -3.0793709899118156e-05 0 0.00041551686593634633 -7.9134199016139341e-06 -4.4278102916708588e-05 -0.00027477886173415971
leaf_weight=5514 78 50 82 54 51 52 59 141 303 50 822 53 124 56 54 171 1144 223 87 187 68 54 129 57 1077 52 73 2435 290 100
leaf_count=5514 78 50 82 54 51 52 59 141 303 50 822 53 124 56 54 171 1144 223 87 187 68 54 129 57 1077 52 73 2435 290 100
internal_value=1.85683e-06 0.000244251 -1.14761e-06 0.000192416 -5.59378e-06 0.000119061 -6.85569e-05 0 0 0.000137875 -1.04455e-05 1.85046e-05 0.000158382 3.77897e-05 0.000161557 0 2.54234e-05 -1.77127e-05 -2.63595e-06 0.0001177 0.000271559 4.9719e-05 -1.45293e-05 8.13122e-05 -1.99181e-05 5.28322e-05 0.000205448 -2.76993e-05 -5.71071e-05 -0.00011672
internal_weight=13690 187 13503 277 13226 456 137 223 404 101 12770 2424 287 234 110 2137 1315 10346 4832 396 209 122 4436 186 4250 348 125 3902 1467 390
internal_count=13690 187 13503 277 13226 456 137 223 404 101 12770 2424 287 234 110 2137 1315 10346 4832 396 209 122 4436 186 4250 348 125 3902 1467 390
is_linear=0
shrinkage=0.05


Tree=50
num_leaves=31
num_cat=0
split_feature=133 116 12 61 105 85 19 119 99 137 1 126 138 120 21 100 2 44 103 131 0 155 138 155 82 30 22 41 92 11
split_gain=0.00471975 0.0318561 0.00356719 0.0198185 0.00269619 0.00185595 0.0182098 0.00167448 0.00106217 0.000914038 0.000774777 0.0024035 0.00457946 0.000904862 0.00438782 0.000846348 0.000779277 0.00374925 0.000768775 0.00103147 0.000676371 0.000633281 0.000614332 0.00194171 0.000589159 0.000542762 0.00045736 0.000784999 0.000412269 0.000372699
threshold=88.200000000000003 270.58086540000005 0.09273153100000002 142.55000000000004 12.500000000000002 280.31944675000005 -0.0016314285714285712 8.2500000000000018 -4.9500000000000446 18.300000000000004 0.072925425000000016 22.500000000000004 5.9750000000000005 266.49292400000007 0.20833333333333334 1.2500000000000002 0.0059917800000000012 1367.5000000000002 1142.3000000000004 38.841628543372224 0.24405000000000002 0.80800000000000016 11.485000000000001 0.44800000000000006 32.430000000000014 -3.7428571428571438 42.500000000000007 45.500000000000007 7.5500000000000016 0.0043679039444444448
decision_type=2 2 2 2 2 2 2 10 2 2 2 2 2 8 2 2 2 2 2 2 2 2 2 2 2 2 2 2 2 2
left_child=2 -2 5 -4 -3 8 -7 20 -1 10 13 12 28 14 -10 -14 -13 -18 -16 -20 -5 22 29 -24 -9 -23 -8 -28 -12 -15
right_child=1 4 3 7 -6 6 26 24 9 -11 11 16 15 21 18 -17 17 -19 19 -21 -22 25 23 -25 -26 -27 27 -29 -30 -31
leaf_value=0.00019879609449194031 0.0012495689432385883 4.4004840023203016e-05 0.00099070656725154418 0 -0.00034962595530087129 0.00097410643712814464 -5.6827455920612742e-05 0.00018915997053362788 0.00039099995310152734 0.00013628413988489953 -0.00011831905163489864 -2.2977543156660843e-05 0 -2.4506348386544425e-05 0.00012153051419401741 0.00033870403442704303 -4.1525902756935131e-05 0.00044894356852287628 -0.00013817572567131721 0 -0.00014084753007349114 0 -4.1085213052317112e-06 0.00023936903193612653 0 -0.00015213945685400677 0.00017045660453885678 -2.3286174693426941e-05 0 -0.00014802502441976754
leaf_weight=57 56 60 58 206 74 51 267 140 75 97 91 1581 50 7759 97 169 102 51 159 523 119 55 1166 85 52 181 76 64 92 78
leaf_count=57 56 60 58 206 74 51 267 140 75 97 91 1581 50 7759 97 169 102 51 159 523 119 55 1166 85 52 181 76 64 92 78
internal_value=2.81284e-06 0.000249674 -3.09164e-07 0.000121033 -0.000137316 -6.10268e-06 9.15802e-05 1.20915e-05 -1.0099e-05 -1.14772e-05 -1.30581e-05 1.29547e-05 0.000123987 -1.90092e-05 2.75939e-05 0.000281123 -9.96114e-06 9.135e-05 -1.43997e-06 -2.64029e-05 -4.5994e-05 -2.38164e-05 -2.10224e-05 8.61908e-06 0.000136049 -0.00010977 -8.86814e-06 4.68905e-05 -3.73927e-05 -2.63924e-05
internal_weight=13691 190 13501 575 134 12926 458 517 12468 12411 12314 2136 402 10178 854 219 1734 153 779 682 325 9324 9088 1251 192 236 407 140 183 7837
internal_count=13691 190 13501 575 134 12926 458 517 12468 12411 12314 2136 402 10178 854 219 1734 153 779 682 325 9324 9088 1251 192 236 407 140 183 7837
is_linear=0
shrinkage=0.05


Tree=51
num_leaves=31
num_cat=0
split_feature=133 116 0 103 43 88 85 83 120 29 9 141 9 118 115 126 28 105 142 128 99 105 19 116 6 29 118 126 103 133
split_gain=0.00426615 0.0287762 0.00329108 0.016675 0.00312663 0.00164414 0.0144011 0.00191964 0.00124673 0.00107499 0.000980775 0.00194452 0.00275581 0.0059031 0.00853005 0.0032482 0.0045265 0.00107432 0.000958249 0.000917103 0.000839278 0.000801255 0.000772679 0.000737629 0.000643655 0.000598148 0.00050702 0.000445823 0.00131702 0.0024954
threshold=88.200000000000003 270.58086540000005 0.21365000000000003 1093.1500000000003 0.33750000000000008 42.587500000000013 280.31944675000005 20.650000000000002 274.76122315000003 29.350000000000005 0.75604166666666683 27.610000000000003 0.84083333333333343 14.65 6.7500000000000009 15.500000000000002 33.650000000000006 12.500000000000002 525.57880762752825 9.0640421076593753 -4.8000000000000105 16.500000000000004 -0.0026485714285714285 272.55657105000006 0.0016104166666666669 47.70000000000001 12.15 16.500000000000004 1117.1500000000003 79.800000000000011
decision_type=2 2 2 2 2 2 2 2 8 2 2 2 2 8 2 2 2 2 2 2 2 2 2 2 2 2 10 2 2 2
left_child=2 -2 5 -4 -3 10 7 -7 18 -9 20 17 13 14 -13 16 -14 26 -5 -15 -1 -18 -11 -24 -25 -26 -12 -22 29 -29
right_child=1 4 3 8 -6 6 -8 9 -10 22 11 12 15 19 -16 -17 21 -19 -20 -21 27 -23 23 24 25 -27 -28 28 -30 -31
leaf_value=0.00015877708454479882 0.0011881866275635141 -0.00043962997120615914 0.00098695760344009033 0.00025697737013929175 5.7703371298668458e-06 0.0002864465903708074 0.0007869326217388291 -0.00019557805647319327 -0.00011375658225509913 -5.9198395106832266e-05 0 0 0 -9.34268150720547e-05 0.00093258305125923499 -8.8854697585115686e-06 0.00050996646128579075 -1.6498134267298594e-05 0 0.00010123344541585341 -5.3334925638425732e-05 0.00010134120063396996 -1.1651619999745197e-05 0 0.00014862193523874865 0 -0.00025567169527979181 1.0543379088822373e-05 -2.5464509275948306e-05 0.00037104764162062637
leaf_weight=57 56 51 50 57 83 58 62 69 129 292 50 59 141 90 52 1772 80 1338 54 146 1149 58 325 140 263 73 80 835 5969 53
leaf_count=57 56 51 50 57 83 58 62 69 129 292 50 59 141 90 52 1772 80 1338 54 146 1149 58 325 140 263 73 80 835 5969 53
internal_value=2.74446e-06 0.000237438 -2.05411e-07 0.000165711 -0.000128711 -4.23823e-06 4.88764e-05 6.65983e-06 0 -3.24049e-06 -1.03691e-05 9.46328e-06 3.82053e-05 0.000169684 0.000470273 1.34524e-05 0.000172708 -3.40775e-05 0.000113174 5.82058e-06 -2.04983e-05 0.000376161 4.49888e-06 3.39986e-05 7.56087e-05 0.00011343 -0.000175335 -2.24188e-05 -1.65022e-05 3.80774e-05
internal_weight=13691 190 13501 290 134 13211 1282 1220 240 1162 11929 3866 2398 347 111 2051 279 1468 111 236 8063 138 1093 801 476 336 130 8006 6857 888
internal_count=13691 190 13501 290 134 13211 1282 1220 240 1162 11929 3866 2398 347 111 2051 279 1468 111 236 8063 138 1093 801 476 336 130 8006 6857 888
is_linear=0
shrinkage=0.05


Tree=52
num_leaves=31
num_cat=0
split_feature=84 134 103 7 83 3 77 128 104 129 30 93 38 140 28 140 4 140 28 90 21 93 140 134 103 30 92 131 128 4
split_gain=0.00368656 0.0253531 0.00332281 0.0156348 0.00494647 0.00414127 0.00481284 0.00311164 0.002394 0.00321874 0.00136874 0.00135248 0.00133444 0.00872276 0.001117 0.00114718 0.000988826 0.00135985 0.000856075 0.000826317 0.000815723 0.000694281 0.000574714 0.000571056 0.000889891 0.00042814 0.00080752 0.000771795 0.00215386 0.000428529
threshold=21.050000000000008 5.245000000000001 1252.6500000000003 0.25110000000000005 34.350000000000001 0.084415223500000011 280.10533865000008 10.092461289402161 1.0000000180025095e-35 7.5000000000000009 -2.1171428571428605 271.14740485000004 1.0000000180025095e-35 76.225000000000009 39.95000000000001 77.225000000000009 0.011993662 23.570000000000004 5.1500000000000012 25.012244897959189 0.24305555555555558 266.83713505000009 65.14500000000001 3.7100000000000004 2584.9500000000007 -2.5128571428571411 10.650000000000004 91.467890746291033 9.9299403968017188 0.00055744050000000004
decision_type=2 2 2 2 2 2 2 2 2 2 2 2 2 2 2 2 2 2 2 2 2 2 2 2 2 2 2 2 2 2
left_child=2 -2 3 4 5 11 7 10 9 -4 -7 14 23 20 15 18 17 -9 -1 -19 -14 22 -3 24 -10 29 27 -27 -29 -20
right_child=1 21 8 -5 -6 6 -8 16 12 -11 -12 -13 13 -15 -16 -17 -18 19 25 -21 -22 -23 -24 -25 -26 26 -28 28 -30 -31
leaf_value=0.00017491843056197822 0.0011004828542645554 0 0 0.00078559535101690471 0.00049586797675014668 -0.00024286533137025178 0.0006121057144956271 0 -0.00023163395132634037 -0.00052510415318829471 0 -4.219130684786926e-05 0.00013707104984241598 0.00065804830592781037 0.00024351830039512579 0.00021132103184808173 0 0.00039439927240491338 -9.0466519935845243e-05 0.00010919769230582223 -1.4435665431513477e-05 -0.00011139437290974178 0.00016270168847236515 -1.7302145286885795e-05 -1.2950729056274813e-05 0 -2.4223764700938244e-05 0.0003403481420126553 0 0
leaf_weight=66 59 161 88 68 54 75 50 70 88 54 102 1575 99 53 57 67 114 108 268 121 769 116 64 8118 226 139 558 77 110 117
leaf_count=66 59 161 88 68 54 75 50 70 88 54 102 1575 99 53 57 67 114 108 268 121 769 116 64 8118 226 139 558 77 110 117
internal_value=2.62998e-06 0.000152134 -1.50436e-06 3.76124e-05 2.24211e-05 1.39689e-05 0.000129985 7.97001e-05 -1.76717e-05 -0.000223114 -7.72021e-05 -8.89112e-06 -1.39946e-05 4.13517e-05 2.36363e-05 1.09657e-05 0.000159045 0.000207721 0 0.000266572 0 -6.80617e-08 3.54419e-05 -2.06369e-05 -9.06515e-05 -8.42871e-06 5.85598e-06 7.25493e-05 0.000139349 -5.41114e-05
internal_weight=13691 400 13291 3796 3728 3674 640 590 9495 142 177 3034 9353 921 1459 1402 413 299 1335 229 868 341 225 8432 314 1269 884 326 187 385
internal_count=13691 400 13291 3796 3728 3674 640 590 9495 142 177 3034 9353 921 1459 1402 413 299 1335 229 868 341 225 8432 314 1269 884 326 187 385
is_linear=0
shrinkage=0.05


Tree=53
num_leaves=31
num_cat=0
split_feature=133 62 12 126 93 87 83 24 73 115 137 99 23 13 6 120 21 1 126 128 2 53 73 105 91 82 2 81 50 84
split_gain=0.00363988 0.0248424 0.00276202 0.0151815 0.00250269 0.00141183 0.0122825 0.00322676 0.00621631 0.0012718 0.000760739 0.000712523 0.000710905 0.00069587 0.000994625 0.000634633 0.00390472 0.000713888 0.00215339 0.0023526 0.00096015 0.000925014 0.00148209 0.000554857 0.000523089 0.000517222 0.000534254 0.000500889 0.000514275 0.000483146
threshold=88.200000000000003 41.250000000000007 0.09273153100000002 14.500000000000002 267.52923855000006 2.5000000000000004 20.650000000000002 42.650000000000006 31.950000000000003 10.050000000000002 18.300000000000004 -4.8000000000000105 25.72569444444445 0.0011006858958333336 0.0016104166666666669 266.28082010000008 0.20833333333333334 0.072925425000000016 22.500000000000004 10.667291219939363 0.0011514315000000002 276.50000000000006 25.650000000000002 20.500000000000004 23.550000000000004 26.678000000000004 1.9650000000000003e-05 46.550000000000004 1000.85 20.250000000000004
decision_type=2 2 2 2 2 2 2 2 2 2 2 2 2 2 2 8 2 2 2 2 2 2 2 2 2 2 2 2 2 2
left_child=2 4 5 -4 -2 10 -7 8 -8 -5 11 -1 -11 14 -9 16 -13 29 19 20 -19 -20 -23 25 -21 -16 -27 -15 -29 -17
right_child=1 -3 3 9 -6 6 7 13 -10 12 -12 15 -14 27 23 17 -18 18 21 24 -22 22 -24 -25 -26 26 -28 28 -30 -31
leaf_value=0.0001505703878394313 0.0001071622214786067 0.0011725189933306812 0.00082728557432095004 -6.0079740420122734e-05 -0.00028248783787036222 0.00076077139006724406 0.00064773212437492999 -4.6169068935395645e-05 -2.652144724769251e-05 0 0.0001417672770563513 0.00039419772553669452 0.00015320619576104363 0 0 -2.0727977110618325e-05 -3.1983202908039936e-06 -0.00010406150085821645 -2.928094438048908e-05 0.00029998970738022868 0.00014380047000131681 0 0.00031901782891438028 0 0 4.2098510996395448e-05 0.00025830780128206581 0 -0.00013759436696339551 -0.00010069977042811534
leaf_weight=60 56 50 64 264 84 56 55 303 55 77 74 66 170 222 58 8703 527 108 1330 137 58 58 50 157 53 161 85 96 224 230
leaf_count=60 56 50 64 264 84 56 55 303 55 77 74 66 170 222 58 8703 527 108 1330 137 58 58 50 157 53 161 85 96 224 230
internal_value=2.56566e-06 0.000219347 -1.30812e-07 0.000106603 -9.15122e-05 -5.27343e-06 4.006e-05 7.51194e-06 0.000268359 5.1363e-06 -1.15389e-05 -1.29875e-05 9.49634e-05 -1.08213e-05 1.4946e-05 -1.43093e-05 3.32029e-05 -1.74047e-05 9.44854e-06 0.000121036 0 -1.47669e-05 0.000116728 6.59504e-05 0.000241195 0.000105529 0.000137791 -5.63114e-05 -9.62548e-05 -2.33577e-05
internal_weight=13691 190 13501 575 140 12926 1472 1416 110 511 11454 11380 247 1306 764 11320 593 10727 1794 356 166 1438 108 461 190 304 246 542 320 8933
internal_count=13691 190 13501 575 140 12926 1472 1416 110 511 11454 11380 247 1306 764 11320 593 10727 1794 356 166 1438 108 461 190 304 246 542 320 8933
is_linear=0
shrinkage=0.05


Tree=54
num_leaves=31
num_cat=0
split_feature=133 116 47 103 7 100 0 3 128 84 128 121 15 15 18 1 73 82 137 116 14 2 10 141 120 29 120 8 82 55
split_gain=0.00329177 0.0230733 0.00274375 0.00261678 0.0146171 0.00604423 0.0190474 0.00244225 0.00226042 0.00116012 0.00136154 0.00147264 0.00115033 0.00103778 0.000911252 0.00208783 0.00121147 0.00375179 0.00128563 0.000989341 0.000803627 0.000661201 0.000658684 0.000639333 0.000615739 0.00126336 0.000611382 0.000756538 0.000538563 0.000535753
threshold=88.200000000000003 270.58086540000005 9.5000000000000018 1142.3000000000004 0.25110000000000005 -4.2499999999999991 0.010600000000000002 0.10097021400000002 10.667291219939363 0.15000000000000005 10.0093329142048 1.0000000180025095e-35 0.00023854166666666669 0.00025104166666666672 0.0071375000000000006 0.00018650050000000001 25.950000000000003 15.186000000000002 0.97500000000000009 276.88396300000005 0.020547432000000001 0.0011514315000000002 2.6550000000000007 38.535000000000004 266.49292400000007 31.050000000000004 271.31428060000007 0.02165876179152482 20.734000000000005 7.7846666500000206
decision_type=2 2 2 2 2 2 2 2 2 2 2 10 2 2 2 2 2 2 2 2 2 2 2 2 8 2 10 2 2 2
left_child=3 -2 -3 4 5 6 23 9 21 26 11 -11 -5 -14 22 -16 -17 -18 -19 20 -20 -9 24 -1 25 -15 -7 -28 -13 -24
right_child=1 2 -4 12 -6 7 -8 8 -10 10 -12 28 13 14 15 16 17 18 19 -21 -22 -23 29 -25 -26 -27 27 -29 -30 -31
leaf_value=0 0.0010611700204307246 -0.00036579424450337687 3.8534517801357043e-05 -3.1874639732634549e-05 0.00082843764156207518 2.6816817475480748e-06 0.0011217676643162336 -9.6407379816668853e-05 0.0002291431775082033 1.1843172315874946e-05 -2.2200178899251425e-05 1.2173466236038384e-05 0.0001941234125220892 0.00029432738125951104 0.00028542257042056313 -2.5236063081486209e-05 0.00046710904702337635 -1.7583953090858898e-05 0 0.00023667472092393056 9.6309327842082599e-05 0.00010858731082407757 -2.2452933541812641e-05 0.00016613865719409659 -1.0856831873102958e-05 0 -4.5355770757667795e-05 -0.00026506692053445942 0.00037925108197023587 -0.0001130482373290545
leaf_weight=169 56 63 71 4433 57 386 50 102 209 235 395 50 68 51 72 1214 50 786 349 91 332 58 860 64 1637 108 1264 52 61 298
leaf_count=169 56 63 71 4433 57 386 50 102 209 235 395 50 68 51 72 1214 50 786 349 91 332 58 860 64 1637 108 1264 52 61 298
internal_value=2.49179e-06 0.000208641 -0.000115825 -5.42726e-08 3.94474e-05 2.30388e-05 0.000242884 0 0.000120532 -1.72863e-05 3.11835e-05 0.000106425 -1.2571e-05 1.05152e-06 -3.7146e-07 1.86762e-05 1.00006e-05 3.97101e-05 2.24958e-05 6.97407e-05 3.97881e-05 0 -2.07243e-05 2.89268e-05 0 9.17291e-05 -4.13305e-05 -5.80285e-05 0.000260129 -5.01582e-05
internal_weight=13691 190 134 13501 3152 3095 283 2812 369 2443 741 346 10349 5916 5848 2894 2822 1608 1558 772 681 160 2954 233 1796 159 1702 1316 111 1158
internal_count=13691 190 134 13501 3152 3095 283 2812 369 2443 741 346 10349 5916 5848 2894 2822 1608 1558 772 681 160 2954 233 1796 159 1702 1316 111 1158
is_linear=0
shrinkage=0.05


Tree=55
num_leaves=31
num_cat=0
split_feature=133 84 118 0 81 50 43 81 136 15 84 23 112 9 141 141 134 5 4 19 14 121 69 90 132 137 85 35 83 13
split_gain=0.00320086 0.0215667 0.00290088 0.011261 0.00649895 0.00287538 0.00163953 0.0041083 0.00690452 0.000997936 0.00140143 0.00142337 0.00325301 0.00167031 0.00134449 0.00210565 0.000906464 0.00125933 0.000725149 0.000619042 0.000593244 0.000508544 0.000789731 0.000500725 0.000473561 0.000767062 0.000370606 0.000358705 0.000334299 0.000317628
threshold=88.200000000000003 8.9500000000000011 26.250000000000004 0.19770000000000001 53.850000000000001 1018.5500000000001 0.38050000000000006 38.750000000000007 0.7350000000000001 0.00023854166666666669 5.6500000000000012 19.043055555555558 286.99903905000002 3.4161111111111118 27.865000000000006 25.930000000000003 8.3400000000000016 1.5950000000000004 3.7700000000000002e-05 -0.0026485714285714285 0.0087279100000000019 0.15000000000000005 275.51483145000003 21.284693877551025 2.5000000000000004 0.16500000000000004 279.46664460000005 283.56730935000002 16.650000000000002 0.00021903498611111112
decision_type=2 2 10 2 2 2 2 2 2 2 2 2 2 2 2 2 2 2 2 2 2 10 2 2 2 2 2 2 2 2
left_child=2 5 9 4 6 -2 16 -8 -9 21 24 12 -12 14 15 23 20 -18 28 -19 -4 27 -23 -13 -11 -26 -27 -1 -16 -30
right_child=1 -3 3 -5 -6 -7 7 8 -10 10 11 13 -14 -15 18 -17 17 19 -20 -21 -22 22 -24 -25 25 26 -28 -29 29 -31
leaf_value=-2.38689303171445e-05 -0.00038992273566192115 0.0010857479273755205 0 0.00074107690510886483 0.00059154757715541395 4.0661527579791604e-05 -8.7150021991988455e-07 1.2450155241601872e-05 0.00077976644299715707 -3.2720055784175637e-05 0 0.00015738608342408223 0.00041245435557851323 0.00026663057765450936 0 0.00029881820653709814 -1.2210159153056746e-05 0 2.9486009936679602e-06 0.00013076785692450643 -8.9663014863452359e-05 0.00017122380453256486 -5.8916453035351278e-07 -3.5212912733058975e-06 0.00018332753312539092 -7.6067287253501357e-06 0.0001191935347592984 -6.5687536412842933e-05 0 -0.00014055739993882007
leaf_weight=3484 50 51 310 57 50 103 230 98 52 1752 84 50 80 67 84 92 786 216 714 305 384 74 191 256 55 2876 55 877 56 192
leaf_count=3484 50 51 310 57 50 103 230 98 52 1752 84 50 80 67 84 92 786 216 714 305 384 74 191 256 55 2876 55 877 56 192
internal_value=2.94001e-06 0.000199032 0 4.87294e-05 3.01419e-05 -6.9203e-05 1.60101e-05 0.000111178 0.000314968 -1.10251e-05 9.99586e-07 4.09982e-05 0.000184999 2.19498e-05 6.96003e-06 8.74983e-05 0 2.2362e-05 -1.89633e-05 8.40209e-05 -4.81616e-05 -2.8772e-05 2.90551e-05 6.91113e-06 -1.20915e-05 0 -3.48217e-06 -3.34381e-05 -8.09694e-05 -0.00011011
internal_weight=13731 204 13527 2488 2431 153 2381 380 150 11039 6413 1675 164 1511 1444 398 2001 1307 1046 521 694 4626 265 306 4738 2986 2931 4361 332 248
internal_count=13731 204 13527 2488 2431 153 2381 380 150 11039 6413 1675 164 1511 1444 398 2001 1307 1046 521 694 4626 265 306 4738 2986 2931 4361 332 248
is_linear=0
shrinkage=0.05


Tree=56
num_leaves=31
num_cat=0
split_feature=92 91 83 14 81 18 44 131 69 16 103 15 34 22 104 23 25 29 50 86 81 136 82 96 29 75 14 81 16 121
split_gain=0.0027212 0.0233247 0.00542314 0.00414291 0.0108389 0.00283773 0.00331935 0.00226716 0.00470629 0.00217856 0.00307308 0.00137643 0.00111222 0.00923675 0.00105188 0.00174439 0.0013698 0.00100963 0.000711832 0.000688343 0.000836375 0.000820112 0.000475225 0.000472181 0.000467247 0.000600404 0.000928042 0.00059921 0.000468154 0.000356139
threshold=8.1500000000000039 14.15 33.850000000000001 0.061309237500000009 40.550000000000004 0.06499583333333335 1197.5000000000002 22.321942539713117 286.37640570000002 14.870000000000003 2551.1000000000004 0.00023854166666666669 0.22907510984661886 1.0000000180025095e-35 1.2500000000000004 18.702777777777783 19.500000000000004 51.100000000000009 1021.4500000000002 8.5000000000000018 41.650000000000013 0.41500000000000004 26.854000000000003 49.600000000000016 45.150000000000013 14.65 0.018163198500000002 34.050000000000004 5.6750000000000016 0.25000000000000006
decision_type=2 2 2 2 2 2 2 2 2 2 2 2 2 2 2 2 2 2 2 2 2 2 2 2 2 2 2 2 2 10
left_child=9 -2 3 5 -5 7 -7 8 22 12 -11 29 23 -14 19 -16 -17 -15 -18 20 24 -21 -3 -1 25 28 -27 -26 -13 -9
right_child=1 2 -4 4 -6 6 -8 11 -10 10 -12 14 13 17 15 16 18 -19 -20 21 -22 -23 -24 -25 27 26 -28 -29 -30 -31
leaf_value=-1.7647804423523905e-05 0.00090966432099618636 8.114524314342084e-05 0.00038797858634598948 -7.6289152489456068e-05 0.00084959605650230792 0.00044871570799793857 0 -3.8362214721917672e-05 -0.00057422601888044121 -0.00052087901979022862 0 -2.6766934547050248e-06 0.00063261383629530132 -2.7995126852763362e-06 0.00027825795935268157 -2.1389513623195321e-07 5.4175063169862118e-05 0.00021965740547294933 0.00028807270038565291 1.7125041089941094e-05 0.00017166878980029462 -9.480375879614497e-05 -7.8170153824915552e-05 -0.00014430539484300395 0.00020499312999390897 0 0.00022787691964472066 0 -0.00014320814419437064 1.7828395253722648e-05
leaf_weight=6606 74 50 97 59 51 75 63 1579 52 50 64 458 59 1977 98 526 235 51 69 202 94 330 142 86 63 113 60 50 88 210
leaf_count=6606 74 50 97 59 51 75 63 1579 52 50 64 458 59 1977 98 526 235 51 69 202 94 330 142 86 63 113 60 50 88 210
internal_value=2.87093e-06 3.33414e-05 1.8492e-05 9.65991e-06 0.000311727 1.20466e-06 0.000224472 -4.6857e-06 -0.000152955 -1.31455e-05 -0.000231336 2.81683e-06 -9.71663e-06 2.09969e-05 2.87447e-05 7.03824e-05 3.95159e-05 4.36052e-07 0.000124428 0 2.81899e-05 -4.29712e-05 -1.05696e-05 -2.00439e-05 5.79052e-06 -2.54255e-06 6.97902e-05 0.000102229 -3.46876e-05 -2.89668e-05
internal_weight=13731 4838 4764 4667 110 4557 138 4419 244 8893 114 4175 8779 2087 2386 928 830 2028 304 1458 926 532 192 6692 832 719 173 113 546 1789
internal_count=13731 4838 4764 4667 110 4557 138 4419 244 8893 114 4175 8779 2087 2386 928 830 2028 304 1458 926 532 192 6692 832 719 173 113 546 1789
is_linear=0
shrinkage=0.05


Tree=57
num_leaves=31
num_cat=0
split_feature=88 113 91 12 61 91 88 13 14 34 74 90 49 43 91 13 136 21 131 15 15 118 112 14 29 103 36 92 43 49
split_gain=0.00254779 0.00232101 0.022828 0.0023779 0.0127539 0.00161185 0.00156324 0.0123024 0.00170253 0.0027715 0.00132047 0.00309149 0.000852366 0.00164156 0.00322586 0.000620211 0.000709472 0.000751571 0.000687501 0.000619582 0.00180123 0.00223227 0.00256139 0.000585472 0.000516273 0.00124923 0.000453869 0.000434136 0.000386287 0.000361141
threshold=51.037500000000009 0.95000000000000007 15.050000000000002 0.09273153100000002 147.55000000000004 20.550000000000004 38.63750000000001 0.0039296913055555565 0.061309237500000009 0.025623425681338446 34.092857142857149 24.696938775510208 945.05000000000007 0.38150000000000006 21.650000000000002 0.0011006858958333336 0.95500000000000007 0.64583333333333337 75.867148221740592 0.00023854166666666669 0.00032708333333333336 15.450000000000001 269.46504470000008 0.021360750500000001 47.000000000000007 1186.1500000000005 268.90639225000001 9.1500000000000039 0.30850000000000005 979.45000000000016
decision_type=2 2 2 2 2 2 2 2 2 2 2 2 2 2 2 2 2 2 2 2 2 8 2 2 2 2 2 2 2 2
left_child=1 3 -3 6 -5 -6 8 12 10 -10 19 -12 -8 15 -15 16 17 18 29 24 21 22 -21 -17 -1 -26 -7 -25 -20 -14
right_child=-2 2 -4 4 5 26 7 -9 9 -11 11 -13 13 14 -16 23 -18 -19 28 20 -22 -23 -24 27 25 -27 -28 -29 -30 -31
leaf_value=-3.0714316850466902e-05 0.00035241535367066932 0.0010143469260899601 0 0.00076205183179808963 -4.1040002589032003e-05 0 -8.3716443796978045e-05 0.00070280978287028681 0 -0.00035471252146505454 0 -0.0004747658493971148 -2.6384387517002076e-05 0.00044498195782048601 0 -0.00010141788015187209 -2.148076823672465e-05 -1.4321775502050476e-05 0 0 -5.4559188944688021e-06 0 0.00056039885006332326 -3.7430890828759764e-05 0.00018311521749825429 -9.5808716372533242e-06 0.00025851739295831069 6.5907235768043819e-05 0.00018776892938835867 8.1931933220075149e-05
leaf_weight=3819 51 60 568 63 367 52 215 65 144 97 129 51 132 64 134 217 343 152 92 51 5299 199 51 290 96 392 67 155 195 121
leaf_count=3819 51 60 568 63 367 52 215 65 144 97 129 51 132 64 134 217 343 152 92 51 5299 199 51 290 96 392 67 155 195 121
internal_value=2.75263e-06 1.05793e-06 9.5136e-05 -3.09255e-06 9.79943e-05 2.57768e-07 -7.93857e-06 2.97754e-05 -1.6367e-05 -0.000149402 -1.26784e-05 -0.000148514 6.35046e-06 1.9245e-05 0.000155404 3.31664e-07 2.73003e-05 5.86905e-05 8.84727e-05 -9.69103e-06 4.12979e-07 0.000119965 0.000310448 -3.42684e-05 -2.3986e-05 1.83986e-05 0.000168569 0 0.000143671 5.85265e-06
internal_weight=13731 13680 628 13052 549 486 12503 2175 10328 241 10087 180 2110 1895 198 1697 1035 692 540 9907 5600 301 102 662 4307 488 119 445 287 253
internal_count=13731 13680 628 13052 549 486 12503 2175 10328 241 10087 180 2110 1895 198 1697 1035 692 540 9907 5600 301 102 662 4307 488 119 445 287 253
is_linear=0
shrinkage=0.05


Tree=58
num_leaves=31
num_cat=0
split_feature=133 155 50 118 0 85 92 28 9 141 42 28 99 19 9 89 19 103 120 21 131 77 4 81 105 29 36 34 22 133
split_gain=0.00249683 0.0177591 0.0026167 0.00239326 0.00926353 0.00575799 0.0154883 0.00166369 0.00106019 0.000904269 0.000864233 0.000668194 0.000667067 0.000590149 0.000783938 0.000522618 0.000509717 0.000510622 0.000508878 0.00123556 0.00246987 0.00048446 0.000463547 0.0004181 0.000491899 0.00032384 0.000958657 0.000333651 0.000819222 0.000896863
threshold=88.200000000000003 0.35800000000000004 1018.5500000000001 26.250000000000004 0.19770000000000001 280.31944675000005 11.250000000000002 38.100000000000009 1.6879166666666667 35.180000000000007 0.40500000000000008 22.300000000000001 -4.9500000000000446 -0.0023628571428571427 0.79166666666666685 54.850000000000009 0.0050742857142857135 1062.8000000000002 266.80846900000006 0.29861111111111122 58.815508921636585 275.56347975000006 0.012674918000000002 43.650000000000013 13.500000000000002 49.95000000000001 268.59668460000006 -0.13631970485098288 1.0000000180025095e-35 82.02000000000001
decision_type=2 2 2 10 2 2 2 2 2 2 2 2 2 2 2 2 2 2 8 2 2 2 2 2 2 2 2 2 2 2
left_child=3 2 -2 12 5 7 -7 8 11 -9 -11 -5 -1 -13 23 16 18 -18 19 20 -14 -16 -10 -15 -25 27 -27 -20 -29 -30
right_child=1 -3 -4 4 -6 6 -8 9 22 10 -12 13 15 14 21 -17 17 -19 25 -21 -22 -23 -24 24 -26 26 -28 28 29 -31
leaf_value=0.00015942933616214659 -0.00037152244026348105 0.00098142816177502167 3.8041661466037953e-05 -3.692484455594261e-05 0.00067259411361662608 0.0010269901168598714 -2.3308903121599719e-06 2.0520604373951994e-05 -0.00021155481945768571 0.00035012684052858014 0 -2.1326073980239146e-05 0.0004134281385681946 -1.1370706231376034e-05 0.00020155960268933629 -0.00017549853115269798 2.5813424810335517e-05 -7.0718253649354433e-05 -2.2035973490290524e-05 0 0 0 0 0.00018618907189990681 0 0 0.00017774548125486749 0.00015452845546086018 -1.1853397558492188e-05 0.00010669285622262343
leaf_weight=53 50 51 103 697 57 51 92 237 89 67 65 308 57 356 127 51 88 628 4851 905 107 106 82 64 90 305 86 80 3667 161
leaf_count=53 50 51 103 697 57 51 92 237 89 67 65 308 57 356 127 51 88 628 4851 905 107 106 82 64 90 305 86 80 3667 161
internal_value=2.62995e-06 0.000175819 -6.48786e-05 0 4.42951e-05 2.72369e-05 0.00033463 5.70268e-06 -1.06716e-05 0.00010417 0.000215481 0 -9.97999e-06 2.61395e-05 5.25383e-05 -1.12668e-05 -1.00277e-05 -5.18611e-05 -6.60254e-06 2.46461e-05 0.000150531 0.000130564 -0.000129155 6.92056e-06 8.12629e-05 -1.0802e-05 2.99654e-05 -1.31959e-05 -9.40705e-07 -5.53513e-06
internal_weight=13731 204 153 13527 2488 2431 143 2288 1919 369 132 1748 11039 1051 743 10986 10935 716 10219 1069 164 233 171 510 154 9150 391 8759 3908 3828
internal_count=13731 204 153 13527 2488 2431 143 2288 1919 369 132 1748 11039 1051 743 10986 10935 716 10219 1069 164 233 171 510 154 9150 391 8759 3908 3828
is_linear=0
shrinkage=0.05


Tree=59
num_leaves=31
num_cat=0
split_feature=81 133 84 50 12 103 91 43 88 112 36 96 118 28 136 120 29 29 30 84 131 96 135 112 96 83 83 90 120 49
split_gain=0.00228361 0.00229549 0.0160485 0.00237824 0.00194363 0.01124 0.00132881 0.000900203 0.00462368 0.000764043 0.000676738 0.000609157 0.000498153 0.000856662 0.000940571 0.000390019 0.000890596 0.000949926 0.000829981 0.000486672 0.000388102 0.000373605 0.000347313 0.000326339 0.000300897 0.000282544 0.00028128 0.000256549 0.00023237 0.000254647
threshold=55.20000000000001 88.200000000000003 8.9500000000000011 1018.5500000000001 0.09273153100000002 1017.3500000000001 20.550000000000004 0.41250000000000003 40.437500000000007 288.26895500000006 267.27762420000005 50.937500000000007 29.650000000000002 32.550000000000004 0.63500000000000012 266.87545610000001 31.950000000000003 30.250000000000004 -1.3257142857142865 20.350000000000005 252.82482637764227 38.550000000000011 13.790000000000001 276.55986705000004 35.487500000000004 14.750000000000002 18.150000000000002 32.922448979591842 271.97731490000007 988.75000000000011
decision_type=2 2 2 2 2 2 2 2 2 2 2 2 10 2 2 8 2 2 2 2 2 2 2 2 2 2 2 2 10 2
left_child=1 4 3 -3 7 -6 25 11 9 21 -8 12 15 28 -15 16 17 24 -19 -17 -16 -9 -21 -23 -1 -7 -27 -18 29 -14
right_child=-2 2 -4 -5 5 6 10 8 -10 -11 -12 -13 13 14 20 19 27 18 -20 22 -22 23 -24 -25 -26 26 -28 -29 -30 -31
leaf_value=0.00010959300020961868 0.00032443357684347907 -0.00035331055337640776 0.00093330044214291362 3.6157865986472012e-05 0.00074297571453533216 -8.582413951249842e-05 0 7.0625485064308688e-06 0.00045569889586336254 0.00016288538562269728 0.00023287519760564076 -0.00014311955372489808 5.455956292946135e-05 1.8457051727752243e-06 0.00026385125192020844 -1.4411542655473362e-05 -2.3844975525519963e-05 0 0.0003202067023228279 -0.00016238972815939772 1.8171610706571406e-05 0 0 -0.00017396590073206296 -3.3839077720034258e-05 6.2045654102829876e-05 -5.1418152191311902e-05 5.8025275371450293e-05 -3.3354038616180023e-05 -9.8985937257599533e-06
leaf_weight=50 54 50 51 103 58 158 56 1103 61 74 83 90 234 291 83 8778 749 69 65 105 84 55 86 55 121 102 115 85 471 192
leaf_count=50 54 50 51 103 58 158 56 1103 61 74 83 90 234 291 83 8778 749 69 65 105 84 55 86 55 121 102 115 85 471 192
internal_value=2.58648e-06 9.26574e-07 0.000167186 -6.01196e-05 -1.23197e-06 8.83737e-05 3.50012e-06 -5.59895e-06 3.21641e-05 7.86962e-06 0.000143017 -1.04403e-05 -8.95003e-06 1.80052e-05 7.46123e-05 -1.30595e-05 1.20488e-05 8.70235e-05 0.000186432 -1.68064e-05 0.000170882 0 -0.000100182 -8.89855e-05 0 -3.51592e-05 0 -9.45336e-06 -5.38089e-06 1.38433e-05
internal_weight=13731 13677 204 153 13473 572 514 12901 1348 1287 139 11553 11463 1355 458 10108 1139 305 134 8969 167 1213 191 110 171 375 217 834 897 426
internal_count=13731 13677 204 153 13473 572 514 12901 1348 1287 139 11553 11463 1355 458 10108 1139 305 134 8969 167 1213 191 110 171 375 217 834 897 426
is_linear=0
shrinkage=0.05


Tree=60
num_leaves=31
num_cat=0
split_feature=88 120 35 1 92 136 84 82 133 138 89 88 75 43 9 19 2 131 14 103 101 29 137 103 103 134 92 89 75 84
split_gain=0.00335168 0.00239623 0.0182909 0.00298475 0.00128563 0.00416024 0.00162111 0.00744678 0.00254688 0.00101286 0.000925928 0.000877611 0.00348144 0.00342012 0.000718197 0.00103948 0.00116878 0.000656623 0.000635016 0.00172441 0.000706537 0.00181658 0.00160167 0.00106609 0.000588832 0.00070086 0.000711488 0.000560529 0.00045696 0.000385395
threshold=51.037500000000009 264.87381795000005 289.44483940000003 0.41087726350000003 22.450000000000006 0.28000000000000008 14.150000000000004 25.034000000000002 88.64500000000001 8.5650000000000013 55.20000000000001 38.63750000000001 9.6500000000000004 0.34750000000000003 0.22659722222222226 -0.0026485714285714285 0.0034061355000000004 57.257815097269223 0.046876099500000004 935.60000000000014 -5.6879933999999812 46.750000000000007 0.015000000000000001 1017.3500000000001 1554.8500000000004 8.0800000000000018 8.2500000000000018 35.150000000000013 15.850000000000003 1.6500000000000006
decision_type=2 8 2 2 2 2 2 2 2 2 2 2 2 2 2 2 2 2 2 2 2 2 2 2 2 2 2 2 2 2
left_child=1 2 27 4 6 -6 8 -8 10 -9 11 18 13 -13 -14 -16 24 28 20 -20 21 22 -3 -23 25 -17 -27 -1 -7 -28
right_child=-2 3 -4 -5 5 17 7 9 -10 -11 -12 12 14 -15 15 16 -18 -19 19 -21 -22 23 -24 -25 -26 26 29 -29 -30 -31
leaf_value=0.00014795780041402815 0.00039841744903516786 0.00023159789178660306 0.0009954793264310305 0.00028205814787037931 -0.00051112710638656557 0 0.0005189284699841358 -4.6622651738563239e-05 -0.00033405114437963512 0.00018964422180016419 -0.00020359175400417058 0 -4.5188517061226729e-05 0.00052821903953453831 -3.2613217179155052e-05 0 0.0002211184365695972 -5.4576826116912895e-05 -0.00034591553326418555 -1.7824994736254522e-05 -1.0199533830303037e-05 0.00040279892750321806 -1.3358512882738466e-05 2.5789462673813873e-05 -3.53975444770454e-06 3.6332353131456311e-06 1.2406425431436215e-05 -2.8186024181063646e-05 0.0001597484042445774 0.00027928842371128951
leaf_weight=51 52 71 51 89 50 58 82 287 58 52 57 53 413 66 393 159 108 662 51 388 8429 50 802 85 378 159 69 330 60 86
leaf_count=51 52 71 51 89 50 58 82 287 58 52 57 53 413 66 393 159 108 662 51 388 8429 50 802 85 378 159 69 330 60 86
internal_value=1.57128e-06 0 0.000115772 -3.76201e-06 -6.10223e-06 -6.64627e-05 -1.61613e-06 9.40637e-05 -5.43688e-06 0 -3.37277e-06 -1.95996e-06 2.87235e-05 0.000290742 8.07171e-06 2.80582e-05 5.81378e-05 -3.09385e-05 -8.32184e-06 -6.80035e-05 -5.00882e-06 3.34081e-05 1.08485e-06 0.000204122 3.13502e-05 6.97298e-05 0.000113485 0 5.90038e-05 0.000193375
internal_weight=13699 13647 432 13215 13126 830 12296 421 11875 339 11817 11760 1884 119 1765 1352 959 780 9876 439 9437 1008 873 135 851 473 314 381 118 155
internal_count=13699 13647 432 13215 13126 830 12296 421 11875 339 11817 11760 1884 119 1765 1352 959 780 9876 439 9437 1008 873 135 851 473 314 381 118 155
is_linear=0
shrinkage=0.05


Tree=61
num_leaves=31
num_cat=0
split_feature=88 56 140 1 89 88 13 74 32 84 140 14 92 141 30 49 107 23 33 25 105 105 19 84 134 2 1 136 123 49
split_gain=0.00303082 0.00225457 0.0217802 0.00222741 0.00104435 0.00090108 0.00504551 0.00193104 0.00246254 0.00141244 0.00453264 0.00252636 0.00257852 0.0011944 0.000716578 0.000679953 0.000649839 0.000608843 0.00059119 0.00108016 0.00253393 0.00200544 0.00192643 0.00114174 0.00102624 0.000677745 0.000675307 0.000589934 0.000540742 0.000703167
threshold=51.037500000000009 11.863224200000021 70.640000000000015 0.41087726350000003 55.20000000000001 38.63750000000001 0.0039296913055555565 34.521428571428579 20.550000000000004 14.950000000000005 76.225000000000009 0.061309237500000009 1.3500000000000005 37.625000000000007 -3.5399999999999996 945.05000000000007 4.8500000000000005 19.718055555555562 -0.54169736698423598 18.500000000000004 31.500000000000004 30.500000000000004 0.0033899999999999959 6.8500000000000023 8.8950000000000014 0.00036114100000000004 0.0097925145000000019 0.87500000000000011 -0.37940952255126059 965.55000000000007
decision_type=2 2 2 2 2 2 2 2 2 2 2 2 2 2 2 2 2 2 2 2 2 2 2 2 2 2 2 2 2 2
left_child=1 3 14 4 5 7 13 9 -9 11 27 18 -13 15 17 -7 -17 -3 19 -1 21 22 23 24 -21 26 -26 28 -11 -30
right_child=-2 2 -4 -5 -6 6 -8 8 -10 10 -12 12 -14 -15 -16 16 -18 -19 -20 20 -22 -23 -24 -25 25 -27 -28 -29 29 -31
leaf_value=-1.5627493764441444e-05 0.00037887244074570267 0.00019946641671250007 0.0010837767452432992 0.00023642554329202735 -0.00021057381445311807 -7.6245297146467153e-05 0.00047010630566957491 -0.00047585674847177157 0 0 0.00048994092993309788 -8.81962548436812e-07 -0.00039861411865010086 0.00018136726746855443 -6.196415787142644e-05 0.00018150014568163897 3.3529387795959549e-06 0 -2.2478456411585508e-05 -3.3449739006926228e-05 -9.8480491897231764e-06 0.00041456406698139382 0.00031027994048925419 0.0002551922450245535 0 0 0.00018642385908541266 -3.6541554802425438e-05 0 0.00024631990567644942
leaf_weight=3367 52 57 50 94 62 250 61 50 72 95 57 129 85 95 264 55 1828 53 4258 393 1408 52 80 57 67 78 160 227 73 70
leaf_count=3367 52 57 50 94 62 250 61 50 72 95 57 129 85 95 264 55 1828 53 4258 393 1408 52 80 57 67 78 160 227 73 70
internal_value=1.49939e-06 0 0.000113388 -3.60923e-06 -5.72649e-06 -4.35589e-06 2.34571e-05 -1.07282e-05 -0.000209375 -7.96532e-06 7.07581e-05 -1.25203e-05 -0.000183235 8.77982e-06 -5.55398e-06 0 1.13039e-05 8.4124e-05 -8.31543e-06 1.45477e-06 2.86898e-05 9.54365e-05 6.91097e-05 3.65649e-05 1.12188e-05 8.50363e-05 0.000130906 7.70365e-06 7.08007e-05 0.00013307
internal_weight=13699 13647 424 13223 13129 13067 2289 10778 122 10656 522 10134 214 2228 374 2133 1883 110 9920 5662 2295 887 835 755 698 305 227 465 238 143
internal_count=13699 13647 424 13223 13129 13067 2289 10778 122 10656 522 10134 214 2228 374 2133 1883 110 9920 5662 2295 887 835 755 698 305 227 465 238 143
is_linear=0
shrinkage=0.05


Tree=62
num_leaves=31
num_cat=0
split_feature=88 133 62 54 1 89 141 119 92 28 77 23 103 14 15 15 84 29 93 29 43 13 4 120 89 30 92 89 100 44
split_gain=0.00274048 0.00211115 0.0203658 0.00364132 0.00191353 0.000959025 0.00066445 0.00128469 0.00170848 0.00138862 0.00309802 0.00124043 0.000839148 0.00140691 0.00139495 0.000828211 0.00163233 0.00217239 0.00289256 0.00090785 0.000626958 0.000451841 0.00031901 0.000782966 0.00183537 0.000281763 0.000507379 0.000279762 0.000292026 0.000237424
threshold=51.037500000000009 88.200000000000003 42.050000000000004 0.12500000000000003 0.41087726350000003 55.20000000000001 34.190000000000005 12.850000000000003 14.050000000000002 7.0500000000000007 280.98608435000006 22.361111111111114 772.80000000000007 0.062282603999999998 0.0029166666666666668 0.0010781250000000003 1.1500000000000004 30.450000000000003 265.98484370000006 43.250000000000007 0.29650000000000004 0.00082424851388888888 0.0031315260000000004 285.83167460000004 25.950000000000003 -3.7428571428571438 13.150000000000004 34.850000000000001 -1.4500000000000453 1387.5000000000002
decision_type=2 2 2 2 2 2 2 10 2 2 2 2 2 2 2 2 2 2 2 2 2 2 2 10 2 2 2 2 2 2
left_child=1 4 3 -3 5 6 12 9 11 10 -8 -9 14 15 -1 25 -17 18 -18 -19 -13 -22 -11 -24 -25 -14 -27 -28 -29 -21
right_child=-2 2 -4 -5 -6 -7 7 8 -10 22 -12 20 13 -15 -16 16 17 19 -20 29 21 -23 23 24 -26 26 27 28 -30 -31
leaf_value=-2.0270264176554581e-05 0.000360286252920182 3.7819922870457569e-05 0.0010334903474522792 -0.00043931005904133518 0.00021913643439499237 -0.00020021224542630546 2.6483910363767135e-07 2.3699829353785058e-06 -7.6179080428119045e-06 -2.2504807304579066e-05 0.00040026991502279145 0 9.5527591653122251e-07 0.00019888025464902628 -0.00027017405404573461 -1.7210894826850892e-05 0.00041890485138828035 -5.6144227679214288e-06 0 0.00015687146543546821 0.00039317374861514527 0.00013032279283356146 -5.9733632419750525e-07 0 0.00034061189183711056 -1.5574717506024213e-05 0 -9.0568995183749242e-05 0 0
leaf_weight=351 52 93 50 54 95 62 263 188 299 2076 67 57 922 79 83 1386 93 537 96 128 72 155 1123 51 56 4233 78 575 235 90
leaf_count=351 52 93 50 54 95 62 263 188 299 2076 67 57 922 79 83 1386 93 537 96 128 72 155 1123 51 56 4233 78 575 235 90
internal_value=1.44274e-06 0 0.000162126 -0.000105453 -2.33668e-06 -4.30277e-06 -2.99792e-06 1.23447e-05 7.09252e-05 0 9.75476e-05 0.000131162 -1.11702e-05 -7.03182e-06 -8.00684e-05 -9.59522e-06 1.45158e-05 6.63575e-05 0.00022081 2.08386e-05 0.000198567 0.000236983 -9.86609e-06 7.40481e-06 0.000136914 -1.97198e-05 -2.44179e-05 -6.08831e-05 -7.01831e-05 0.00010856
internal_weight=13699 13647 197 147 13450 13355 13293 4407 771 3636 330 472 8886 8452 434 8373 2330 944 189 755 284 227 3306 1230 107 6043 5121 888 810 218
internal_count=13699 13647 197 147 13450 13355 13293 4407 771 3636 330 472 8886 8452 434 8373 2330 944 189 755 284 227 3306 1230 107 6043 5121 888 810 218
is_linear=0
shrinkage=0.05


Tree=63
num_leaves=31
num_cat=0
split_feature=81 120 91 1 160 138 160 91 14 120 36 21 104 50 43 160 131 89 94 1 134 0 81 30 112 131 75 73 6 80
split_gain=0.00196779 0.00221561 0.0172827 0.00226983 0.00115799 0.00380541 0.00134143 0.00650443 0.00178068 0.00287323 0.0031257 0.00102936 0.000891332 0.00146601 0.00230361 0.000750537 0.000572992 0.000534433 0.000625992 0.00158461 0.000593354 0.000503206 0.000942589 0.000481323 0.000433943 0.000425127 0.000532107 0.000422613 0.000391372 0.000381291
threshold=55.20000000000001 264.87381795000005 16.450000000000003 0.41087726350000003 0.45816326530612256 4.0050000000000008 0.16836734693877556 14.450000000000001 0.061309237500000009 271.31428060000007 266.41005475000003 0.52083333333333337 0.65000000000000013 1000.35 0.39550000000000007 0.24795918367346945 91.467890746291033 49.550000000000004 8.5000000000000018 0.18311337450000004 8.9850000000000012 0.00015000000000000004 43.650000000000013 -1.8842857142857132 293.65994575000008 57.257815097269223 15.850000000000003 25.850000000000005 0.0019312500000000005 30.562500000000004
decision_type=2 8 2 2 2 2 2 2 2 10 2 2 2 2 2 2 2 2 2 2 2 2 2 2 2 2 2 2 2 2
left_child=1 2 -1 4 6 -6 8 -8 17 -10 -11 12 29 -14 15 23 24 18 -3 -20 27 22 -18 -15 -13 26 -7 -19 -27 -9
right_child=-2 3 -4 -5 5 25 7 11 9 10 -12 16 13 14 -16 -17 21 20 19 -21 -22 -23 -24 -25 -26 28 -28 -29 -30 -31
leaf_value=0.00097605451832493469 0.00028478551012860827 -1.1808365563276511e-05 0 0.0002455869245459326 -0.00039020343479545023 0 0.00053018694191927184 2.0889671857270081e-05 3.6754868766189658e-05 0 -0.00059319077343005986 -5.6253926459127268e-05 -7.1932592704751627e-06 9.9816786472001694e-05 0.00035386599514075851 0.00012126912104581445 0 -0.00026829136955681048 7.9188716863000924e-06 0.00025175709595222964 -8.7434301078322565e-06 -2.1181186329129418e-06 0.00019464952502701896 -3.1026461122247527e-05 5.1561867893379434e-05 0 0.0001577635925509856 0 -9.3038421767784312e-05 -5.9184590313270746e-05
leaf_weight=50 60 6762 377 89 81 85 62 578 61 56 56 785 296 99 94 310 102 58 1406 73 287 590 98 214 57 359 62 50 243 199
leaf_count=50 60 6762 377 89 81 85 62 578 61 56 56 785 296 99 94 310 102 58 1406 73 287 590 98 214 57 359 62 50 243 199
internal_value=1.42423e-06 0 0.000112116 -3.46974e-06 -5.5584e-06 -6.28285e-05 -1.28014e-06 2.45141e-05 -1.2051e-05 -0.000171928 -0.000329153 1.37394e-05 4.0628e-05 7.15055e-05 0.000110923 6.57463e-05 -1.26974e-05 -8.24986e-06 -4.86388e-06 2.34945e-05 -6.60757e-05 1.32618e-05 8.3293e-05 0 -4.29715e-05 -2.02851e-05 4.00811e-05 -0.000171081 -4.33595e-05 0
internal_weight=13699 13639 427 13212 13123 830 12293 3484 8809 173 112 3422 1790 1013 717 623 1632 8636 8241 1479 395 790 200 313 842 749 147 108 602 777
internal_count=13699 13639 427 13212 13123 830 12293 3484 8809 173 112 3422 1790 1013 717 623 1632 8636 8241 1479 395 790 200 313 842 749 147 108 602 777
is_linear=0
shrinkage=0.05


Tree=64
num_leaves=31
num_cat=0
split_feature=88 133 116 50 1 89 116 120 14 103 18 103 120 19 1 15 90 19 103 14 133 2 115 28 120 121 74 19 118 36
split_gain=0.00237661 0.00186242 0.0190289 0.00429664 0.00154873 0.00093193 0.000623424 0.00422036 0.000638873 0.00122893 0.000725278 0.00115789 0.00171128 0.00430489 0.00149675 0.000508901 0.000778619 0.000987455 0.000730314 0.000495165 0.000799093 0.000439057 0.00039682 0.000361532 0.00128988 0.00027045 0.000268616 0.000268398 0.000589373 0.00024606
threshold=51.037500000000009 88.200000000000003 270.58086540000005 1020.85 0.41087726350000003 55.20000000000001 294.82292400000006 270.58086540000005 0.042712621500000006 919.45000000000016 0.0071375000000000006 2744.6500000000001 285.83167460000004 -0.00087142857142856716 0.00027131400000000009 0.00025104166666666672 27.613265306122454 -0.0026385714285714268 1540.0000000000002 0.020547432000000001 60.625000000000007 1.9650000000000003e-05 9.2500000000000018 7.0500000000000007 268.75072570000003 0.25000000000000006 27.921428571428574 -1.0000000180025095e-35 15.65 281.67623185000008
decision_type=2 2 2 2 2 2 2 8 2 2 2 2 10 2 2 2 2 2 2 2 2 2 2 2 8 10 2 2 8 2
left_child=1 4 -3 -4 5 6 8 -8 10 -10 23 12 14 -14 -12 25 19 -18 21 -17 22 -19 -21 24 -1 -16 -11 28 -26 -25
right_child=-2 2 3 -5 -6 -7 7 -9 9 26 11 -13 13 -15 15 16 17 18 -20 20 -22 -23 -24 29 27 -27 -28 -29 -30 -31
leaf_value=0.00021079378446110672 0.0003355020393380228 0.0008826782063780618 -0.00052030091346608187 1.2497709539232787e-05 0.00019690977097676905 -0.00019705976178080337 0.00046098654658310677 0 -0.00029431446977640631 0 0.00026385298408616024 -1.8593036515622011e-05 0 0.00041298188850050796 -1.8722381064058568e-05 -1.6098073236752828e-05 -9.0227270412688163e-07 3.7299021883795614e-05 0 0 0 0.0002580719426009287 0.00014234548259273652 -1.2723003090881348e-05 0.00011000570813570065 6.0214424408617011e-05 -7.7702972994356549e-05 -2.8291489292669218e-05 -2.6046437090349351e-06 -4.7523874335464434e-05
leaf_weight=75 52 62 50 85 95 62 55 299 52 439 61 1890 179 99 1290 779 128 104 122 54 264 129 199 5183 143 96 167 499 241 746
leaf_count=75 52 62 50 85 95 62 55 299 52 439 61 1890 179 99 1290 779 128 104 122 54 264 129 199 5183 143 96 167 499 241 746
internal_value=1.33053e-06 0 0.000152264 -0.000150445 -2.20813e-06 -4.01355e-06 -2.72229e-06 6.16577e-05 -4.8747e-06 -5.31467e-05 -1.87713e-06 1.13654e-05 2.89517e-05 0.000150187 1.69115e-05 1.04911e-05 2.89576e-05 8.3965e-05 0.000128527 4.55311e-06 4.52932e-05 0.000181478 0.000109767 -1.29749e-05 1.26018e-05 -9.61052e-06 -2.37645e-05 0 2.65208e-05 -1.79522e-05
internal_weight=13699 13647 197 135 13450 13355 13293 354 12939 658 12281 5394 3504 278 3226 3165 1779 483 355 1296 517 233 253 6887 958 1386 606 883 384 5929
internal_count=13699 13647 197 135 13450 13355 13293 354 12939 658 12281 5394 3504 278 3226 3165 1779 483 355 1296 517 233 253 6887 958 1386 606 883 384 5929
is_linear=0
shrinkage=0.05


Tree=65
num_leaves=31
num_cat=0
split_feature=88 84 139 61 7 88 83 43 28 9 11 0 92 136 134 119 137 110 0 140 18 80 41 131 27 112 61 2 120 4
split_gain=0.00322633 0.00128152 0.0113156 0.00139958 0.0102384 0.00181495 0.00622178 0.00390565 0.00171546 0.00154325 0.00134457 0.00128266 0.00115366 0.00611217 0.000698563 0.00115264 0.000760544 0.00220588 0.000706717 0.000670975 0.000453034 0.00109103 0.000439375 0.000436938 0.000387733 0.00237028 0.000363163 0.000295281 0.00200009 0.000623525
threshold=51.037500000000009 21.050000000000008 86.716077848590643 367.35000000000008 0.25110000000000005 38.63750000000001 21.750000000000004 0.38150000000000006 32.95000000000001 0.71131944444444462 0.0051753101944444456 0.010800000000000002 21.750000000000007 0.17500000000000002 3.8750000000000004 3.5500000000000003 1.0000000180025095e-35 19.650000000000002 0.24405000000000002 6.1000000000000005 0.063537500000000011 26.087500000000006 88.500000000000014 57.257815097269223 1276.5500000000002 286.0189453000001 1807.9000000000003 0.0034061355000000004 284.87186575000004 0.0041487775000000008
decision_type=2 2 2 2 2 2 2 2 2 2 2 2 2 2 2 8 2 2 2 2 2 2 2 2 2 2 2 2 10 2
left_child=1 3 -3 4 5 8 7 -7 11 -10 19 -1 14 -14 15 -5 17 -16 20 -11 24 -22 -17 -13 25 -18 -23 -26 29 -29
right_child=-2 2 -4 12 -6 6 -8 -9 9 10 -12 23 13 -15 16 22 18 -19 -20 -21 21 26 -24 -25 27 -27 -28 28 -30 -31
leaf_value=-4.8071549294221026e-06 0.0003901026841859281 -6.5501976238398594e-06 0.00074113501566196714 -0.00024501798128329099 0.0007112519343421877 7.7358070124899025e-05 0 0.00076423567938892288 -2.9021229903292742e-05 0 -1.6273597829622566e-05 -0.00023927086808593173 -0.0005828188953455538 -4.279378827692394e-06 -6.2872828718879202e-06 -5.1672112008015543e-05 0 0.00032418558302999695 -0.00011128698468118356 0.00020675512290753512 0 0.00029210867242720687 7.709137366609573e-05 -5.836361704800353e-05 -1.3405603144126865e-05 0.00034663124099164702 0 3.2923627478662098e-05 0.00031349780606896677 -5.9081859764253294e-05
leaf_weight=1254 52 346 56 82 53 68 329 50 193 55 68 88 55 353 97 315 434 67 164 263 140 52 61 274 7802 53 52 442 52 308
leaf_count=1254 52 346 56 82 53 68 329 50 193 55 68 88 55 353 97 315 434 67 164 263 140 52 61 274 7802 53 52 442 52 308
internal_value=5.64885e-07 -5.83282e-07 8.67786e-05 -3.62345e-06 2.79679e-05 1.21051e-05 0.000104382 0.000414401 -4.44864e-06 6.6567e-05 0.000127233 -3.30106e-05 -1.21863e-05 -9.5728e-05 -8.31543e-06 -6.94667e-05 -4.89276e-06 9.95665e-05 -7.23285e-06 0.000173548 -4.85751e-06 6.01659e-05 -1.73706e-05 -0.000116653 -7.15908e-06 3.39534e-05 0.000185535 -1.00709e-05 1.61199e-05 0
internal_weight=13678 13626 402 13224 2695 2642 447 118 2195 579 386 1616 10529 408 10121 458 9663 164 9499 318 9335 244 376 362 9091 487 104 8604 802 750
internal_count=13678 13626 402 13224 2695 2642 447 118 2195 579 386 1616 10529 408 10121 458 9663 164 9499 318 9335 244 376 362 9091 487 104 8604 802 750
is_linear=0
shrinkage=0.05


Tree=66
num_leaves=31
num_cat=0
split_feature=81 120 35 1 104 3 85 122 96 115 140 141 131 83 116 119 28 13 104 161 35 22 112 28 10 95 128 85 6 85
split_gain=0.003432 0.00121637 0.00836009 0.00122751 0.000882026 0.00316109 0.000793895 0.00337929 0.000672278 0.00058532 0.00196279 0.00116412 0.00146154 0.00161946 0.00185473 0.00104101 0.00071122 0.000656098 0.00142494 0.00047824 0.000432473 0.000409278 0.0010537 0.000323681 0.000368511 0.000426957 0.000279456 0.000375038 0.000308812 0.00035645
threshold=55.20000000000001 264.87381795000005 289.44483940000003 0.41087726350000003 1.0000000180025095e-35 0.028829380000000005 280.78283095 13.500000000000002 51.087500000000006 7.1500000000000012 76.225000000000009 34.875000000000007 34.433106106616698 25.150000000000002 274.35517375000001 13.550000000000002 38.100000000000009 0.0039296913055555565 15.650000000000004 0.29591836734693883 292.06988280000002 49.500000000000007 282.78811720000004 21.600000000000005 11.035000000000002 4.5000000000000009 10.392034384726395 270.94401330000005 0.0016104166666666669 275.51014985000006
decision_type=2 8 2 2 2 2 2 2 2 2 2 2 2 2 2 10 2 2 2 2 2 2 2 2 2 2 2 2 2 2
left_child=1 2 -1 4 5 20 8 -8 9 17 11 23 -13 15 -15 21 -17 -6 -19 -18 -3 -14 -23 -11 25 -25 27 -27 -29 -30
right_child=-2 3 -4 -5 6 -7 7 -9 -10 10 -12 12 13 14 -16 16 19 18 -20 -21 -22 22 -24 24 -26 26 -28 28 29 -31
leaf_value=0 0.00038449538574586147 -3.2571317863691711e-05 0.00068259467228712952 0.00017193116241728183 -1.1455128183560435e-05 -0.00034974278549029753 -2.9643393590331782e-05 0.00042814311347683543 -0.00017533986598688276 -2.8511677002744767e-05 0.00025546390056511379 0.00025877907098426176 -1.742638133327867e-05 0.00041488419793105492 0 2.3792080652223749e-06 0.00031309273603619662 0 -0.00031569759207772667 5.2962574118282644e-05 7.9000477378844824e-05 0 0.00024911304917142575 0 -2.2923286331301551e-05 0 0 0 0.00016071164306245264 0
leaf_weight=351 57 878 50 96 4568 82 86 55 56 1517 78 74 1361 55 50 248 54 73 57 133 75 113 52 1669 1215 65 208 66 179 57
leaf_count=351 57 878 50 96 4568 82 86 55 56 1517 78 74 1361 55 50 248 54 73 57 133 75 113 52 1669 1215 65 208 66 179 57
internal_value=4.75186e-07 -7.92884e-07 8.43838e-05 -3.76091e-06 -5.44002e-06 -4.98598e-05 -1.21964e-06 0.000115472 -3.02473e-06 -1.7782e-06 6.70423e-06 3.23947e-06 3.45802e-05 2.40096e-05 0.000217238 1.10094e-05 8.00677e-05 -1.583e-05 -0.000130127 0.000155942 -1.84761e-05 -5.44138e-06 6.28057e-05 -9.23868e-06 0 1.12136e-05 4.84067e-05 7.46064e-05 9.927e-05 0.000125922
internal_weight=13678 13621 401 13220 13124 1035 12089 141 11948 11892 7194 7116 2140 2066 105 1961 435 4698 130 187 953 1526 165 4976 3459 2244 575 367 302 236
internal_count=13678 13621 401 13220 13124 1035 12089 141 11948 11892 7194 7116 2140 2066 105 1961 435 4698 130 187 953 1526 165 4976 3459 2244 575 367 302 236
is_linear=0
shrinkage=0.05


Tree=67
num_leaves=31
num_cat=0
split_feature=81 84 139 103 7 104 49 13 28 1 7 4 46 100 120 128 134 116 1 96 92 129 131 131 120 141 76 91 133 112
split_gain=0.00310234 0.00109653 0.0101453 0.00131828 0.00691327 0.00247621 0.00372702 0.00173299 0.00151107 0.000986371 0.000934047 0.0010015 0.000922993 0.000939624 0.000881161 0.000781238 0.000693499 0.00187893 0.00302583 0.00056995 0.000507011 0.00076383 0.000987879 0.000503296 0.0033725 0.000564147 0.00105199 0.000413292 0.0013026 0.000990047
threshold=55.20000000000001 21.050000000000008 86.716077848590643 1223.2500000000002 0.25110000000000005 1.0000000180025095e-35 961.85000000000002 0.0039296913055555565 32.550000000000004 0.41087726350000003 0.21005000000000004 7.2100000000000018e-05 56.500000000000007 -0.19999999999987492 272.09852640000008 11.53249223041597 3.7100000000000004 269.29441295000004 0.0010886570000000003 50.250000000000007 9.9500000000000028 5.5000000000000009 96.419912394023555 33.15434016127945 284.87186575000004 33.405000000000008 0.75000000000000011 24.650000000000002 23.815000000000001 287.20057720000005
decision_type=2 2 2 2 2 2 2 2 2 2 2 2 2 2 10 2 2 2 2 2 2 2 2 2 10 2 2 2 2 2
left_child=1 3 -3 4 7 6 -5 8 14 16 11 -10 13 -13 20 -15 17 18 -7 23 21 -1 -23 24 25 26 -18 -25 -29 -30
right_child=-2 2 -4 5 -6 9 -8 -9 10 -11 -12 12 -14 15 -16 -17 19 -19 -20 -21 -22 22 -24 27 -26 -27 -28 28 29 -31
leaf_value=0 0.0003656020717984387 -7.5946310696947602e-06 0.00069994941378114938 0 0.0005155632408672578 -0.00045977851756427246 -0.00054043935995390976 0.00028822701827656212 0 -0.0001873254042984627 -9.8536869296507438e-05 0 0 0.00021819910863564245 -4.1025754337339616e-05 0 0 0 0 -0.00014215688322828532 -1.288956651678603e-07 7.5065038437405106e-06 0.00027221238190031728 -1.1559177593862029e-05 0.00038968942545726618 -6.0209973444095038e-05 0.00020598464934808267 0 0 0.00029444927866779198
leaf_weight=161 57 346 56 94 69 67 55 55 164 79 51 117 68 302 1355 78 237 215 73 75 911 144 79 7095 61 224 75 1141 104 70
leaf_count=161 57 346 56 94 69 67 55 55 164 79 51 117 68 302 1355 78 237 215 73 75 911 144 79 7095 61 224 75 1141 104 70
internal_value=4.92025e-07 -6.9553e-07 8.0054e-05 -3.53527e-06 2.19736e-05 -1.34339e-05 -0.00021662 1.06215e-05 4.6301e-06 -9.70467e-06 6.67757e-05 8.53093e-05 0.000117516 0.00014258 -1.1794e-05 0.000180935 -7.66829e-06 -7.70423e-05 -0.000219774 -4.39791e-06 1.49421e-05 6.35909e-05 0.000124399 -2.6801e-06 4.05631e-05 0 4.35886e-05 -6.34871e-06 1.7952e-05 0.000145024
internal_weight=13678 13621 402 13219 3554 9665 149 3485 3430 9516 780 729 565 497 2650 380 9437 355 140 9082 1295 384 223 9007 597 536 312 8410 1315 174
internal_count=13678 13621 402 13219 3554 9665 149 3485 3430 9516 780 729 565 497 2650 380 9437 355 140 9082 1295 384 223 9007 597 536 312 8410 1315 174
is_linear=0
shrinkage=0.05


Tree=68
num_leaves=31
num_cat=0
split_feature=88 120 137 1 92 19 118 133 19 133 28 104 61 30 36 126 61 104 136 105 128 92 133 18 131 75 90 136 1 134
split_gain=0.00263189 0.000979975 0.00801614 0.00111243 0.000916096 0.00484048 0.000756521 0.00227419 0.00112161 0.00105271 0.00085585 0.00327041 0.00188259 0.00150004 0.00172079 0.000766973 0.000607443 0.000894431 0.000981068 0.00140166 0.00060023 0.000474972 0.00081397 0.000423884 0.000417194 0.000643472 0.000405095 0.000403992 0.000390142 0.000423481
threshold=51.037500000000009 264.87381795000005 0.025000000000000005 0.41087726350000003 21.750000000000007 -0.0057557142857142824 10.350000000000003 88.200000000000003 -0.010854285714285712 88.200000000000003 33.650000000000006 20.450000000000006 162.90000000000003 -1.9414285714285726 266.20756090000003 14.500000000000002 1183.1000000000001 1.2500000000000004 0.65000000000000013 11.500000000000002 10.145590238058928 9.9500000000000028 46.665000000000013 0.0044916666666666672 59.018987251039285 15.250000000000002 27.709183673469386 0.6100000000000001 0.013526559500000002 12.135000000000002
decision_type=2 8 2 2 2 2 10 2 2 2 2 2 2 2 2 2 2 2 2 2 2 2 2 2 2 2 2 2 2 2
left_child=1 2 -1 4 6 -6 9 8 -8 -3 15 12 13 14 -12 28 17 -17 19 -19 -14 -22 -23 -21 25 -7 -24 -15 -10 -30
right_child=-2 3 -4 -5 5 24 7 -9 10 -11 11 -13 20 27 -16 16 -18 18 -20 23 21 22 26 -25 -26 -27 -28 -29 29 -31
leaf_value=0.00062622330212003653 0.00035229729692767961 -1.2017125744390581e-05 -2.6113463689836218e-07 0.0001639974096021255 -0.00051631312359758249 -2.0643623917036361e-05 0.00021080501109811022 0.00030769499742746122 -1.9158257249374196e-05 -0.0002087408641188494 0 0.0004302127948247682 -4.0554276598086556e-05 -4.5733597343987856e-06 0.00038054662378272041 0 -1.3316051181196502e-05 0.00037398998293596496 0 0 0 0 1.9127822296078186e-07 0.00012518339474259883 -4.1799508958139764e-05 0.00012787245793614068 0.0002816980649016653 0.00010471864614892183 -0.00013537552623253939 0
leaf_weight=56 52 5066 348 96 53 110 66 63 816 72 56 50 694 153 91 1108 2200 62 136 93 638 228 69 100 661 106 57 99 213 66
leaf_count=56 52 5066 348 96 53 110 66 63 816 72 56 50 694 153 91 1108 2200 62 136 93 638 228 69 100 661 106 57 99 213 66
internal_value=4.37465e-07 -5.6415e-07 7.55644e-05 -3.27394e-06 -4.89061e-06 -5.28048e-05 -8.22968e-07 9.36268e-06 5.91747e-06 -1.57869e-05 3.21424e-06 3.00392e-05 1.78441e-05 0.000115767 0.000246887 -7.69322e-06 1.91282e-06 2.75907e-05 9.28289e-05 0.000150917 -2.42085e-06 1.92359e-05 6.61807e-05 5.19242e-05 -1.85426e-05 2.94512e-05 0.000168125 1.88441e-05 -4.46774e-05 -0.000101122
internal_weight=13678 13626 404 13222 13126 930 12196 7058 6995 5138 6929 2135 2085 399 147 4794 3699 1499 391 255 1686 992 354 193 877 216 126 252 1095 279
internal_count=13678 13626 404 13222 13126 930 12196 7058 6995 5138 6929 2135 2085 399 147 4794 3699 1499 391 255 1686 992 354 193 877 216 126 252 1095 279
is_linear=0
shrinkage=0.05


Tree=69
num_leaves=31
num_cat=0
split_feature=81 120 133 1 92 138 92 133 133 88 16 142 91 131 89 2 22 134 128 105 96 100 74 34 22 0 114 10 44 123
split_gain=0.0026439 0.00095659 0.00736808 0.00100905 0.00082887 0.00525696 0.000781431 0.00275265 0.0027438 0.00129307 0.00364864 0.00296813 0.00149153 0.000959758 0.000851867 0.00071235 0.000693669 0.000671935 0.000667383 0.000576124 0.000494313 0.000923496 0.00123542 0.000440001 0.00175602 0.000418655 0.000403269 0.000297105 0.000266551 0.000311154
threshold=55.20000000000001 264.87381795000005 82.02000000000001 0.41087726350000003 21.750000000000007 3.7650000000000001 8.1500000000000039 87.64500000000001 88.64500000000001 42.587500000000013 1.5950000000000002 77.053573280108665 33.550000000000004 91.467890746291033 49.550000000000004 9.4850000000000015e-05 51.000000000000007 8.9850000000000012 10.159098293238138 18.500000000000004 34.737500000000004 -1.0499999999999543 10.192857142857145 0.26827879573927066 1.5000000000000002 0.024700000000000003 33.750000000000007 8.5150000000000023 422.50000000000006 -0.25881904510252113
decision_type=2 8 2 2 2 2 2 2 2 2 2 2 2 2 2 2 2 2 2 2 2 2 2 2 2 2 2 2 2 2
left_child=1 2 -1 4 6 -6 8 9 14 13 12 -12 -11 20 23 16 -15 -16 -18 28 21 27 -23 -3 -25 -7 -26 -8 -17 -30
right_child=-2 3 -4 -5 5 25 7 -9 -10 10 11 -13 -14 15 17 19 18 -19 -20 -21 -22 22 -24 24 26 -27 -28 -29 29 -31
leaf_value=-3.6265144678108919e-07 0.00033751431848564798 -8.7049083799933243e-06 0.00058698541992453107 0.00015588205829490765 -0.00053252801131209177 0 -9.7795144475100199e-05 0.00035190526387117232 -0.00037312051738061102 -9.4381534165959166e-06 1.8549309742907509e-05 0.00062178332992166713 0.00024965437307885929 -1.5397511967596083e-05 -0.00019015081071708148 0 0.00021498288924862134 -1.6427153376179535e-05 0 0 -5.5814733412215675e-05 0 0.00026649816312939427 0.00022969071839409145 0 -9.7143579435561911e-05 0.00014208733383223743 0 0 0.00023796339194101773
leaf_weight=342 57 6707 59 96 53 746 122 61 51 483 65 51 59 900 111 74 68 278 99 149 921 56 69 94 1507 131 50 58 66 95
leaf_count=342 57 6707 59 96 53 746 122 61 51 483 65 51 59 900 111 74 68 278 99 149 921 56 69 94 1507 131 50 58 66 95
internal_value=4.4333e-07 -6.24837e-07 7.48625e-05 -3.29826e-06 -4.85538e-06 -5.04573e-05 -9.63597e-07 1.89348e-05 -9.21383e-06 1.1242e-05 7.43068e-05 0.000329547 9.96537e-06 -2.41406e-06 -6.47808e-06 2.30388e-05 0 -7.91797e-05 9.51365e-05 8.14093e-05 -3.66073e-05 5.04569e-06 0.000122245 -2.48716e-06 1.97351e-05 -1.50561e-05 3.71099e-06 -4.89444e-05 0.000130057 0.000169572
internal_weight=13678 13621 401 13220 13124 930 12194 3396 8798 3335 658 116 542 2677 8747 1451 1067 389 167 384 1226 305 125 8358 1651 877 1557 180 235 161
internal_count=13678 13621 401 13220 13124 930 12194 3396 8798 3335 658 116 542 2677 8747 1451 1067 389 167 384 1226 305 125 8358 1651 877 1557 180 235 161
is_linear=0
shrinkage=0.05


Tree=70
num_leaves=31
num_cat=0
split_feature=36 140 1 85 92 120 101 140 73 29 15 93 30 62 110 85 4 88 24 36 139 15 119 91 11 85 105 83 123 84
split_gain=0.00165217 0.0149595 0.00137234 0.000968106 0.00856996 0.00780293 0.000652856 0.00234619 0.000725144 0.000681913 0.000622746 0.00136646 0.000595215 0.000412601 0.000488474 0.000399374 0.000396863 0.000549641 0.000980582 0.000447136 0.00152579 0.000388617 0.000559871 0.00260098 0.000415311 0.000308794 0.000272114 0.000561131 0.00110451 0.000613039
threshold=285.21137320000008 70.640000000000015 0.41087726350000003 280.31944675000005 11.250000000000002 270.06036215000006 -5.6879933999999812 76.225000000000009 52.95000000000001 49.250000000000007 0.0070322916666666685 263.64252300000004 -3.4242857142857139 21.650000000000002 11.550000000000002 267.15794365000005 0.00027843250000000007 48.32500000000001 61.850000000000001 281.36420475000006 87.909013442563847 0.00023854166666666669 4.3500000000000005 12.850000000000003 0.0026695279791666671 268.79086320000005 11.500000000000002 16.850000000000005 -0.60355339059327362 8.4500000000000028
decision_type=2 2 2 2 2 10 2 2 2 2 2 2 2 2 2 2 2 2 2 2 2 2 10 2 2 2 2 2 2 2
left_child=2 12 3 6 5 -5 7 9 10 -1 16 -12 25 14 -13 -11 19 21 -19 26 -21 -18 -23 -24 -25 -2 27 -8 -29 -30
right_child=1 -3 -4 4 -6 -7 8 -9 -10 15 11 13 -14 -15 -16 -17 17 18 -20 20 -22 22 23 24 -26 -27 -28 28 29 -31
leaf_value=-2.316234561060171e-06 0 0.0008941406029393525 0.00018520140267875315 0.00089393389510113825 -4.5168942575423317e-05 0 -1.1762743357307838e-05 0.00031066751168275789 -0.00020196196563191217 0 -0.00028564216790031286 0 -6.210320000825407e-05 1.5033792713747491e-06 -0.00016377377027781091 0.00017054884387413807 -1.5174831102236437e-05 0.00027381443324534654 0 -2.0896814922847222e-05 -0.00032017647633673972 -9.8731533133576928e-06 0.00035099864196141316 0 4.7380035398861695e-05 0.00016429938046819777 -1.6424560757669866e-05 0.00022534784151817511 -1.9478984787828008e-05 0.00010908144321551057
leaf_weight=1122 59 51 97 52 348 67 861 69 50 65 64 53 229 270 88 94 2086 51 51 498 53 1299 62 1107 687 50 3692 80 287 120
leaf_count=1122 59 51 97 52 348 67 861 69 50 65 64 53 229 270 88 94 2086 51 51 498 53 1299 62 1107 687 50 3692 80 287 120
internal_value=1.96364e-06 0.000103507 -6.23747e-07 -2.3719e-06 6.75117e-05 0.000436329 -5.31516e-06 2.66095e-05 -9.51455e-06 7.17845e-06 -8.21531e-06 -6.51819e-05 -3.32677e-06 -1.81064e-05 -9.06145e-05 0.000105024 -5.27755e-06 3.73508e-06 0.000118535 -1.47837e-05 -5.927e-05 5.2483e-07 1.24908e-05 3.08326e-05 1.67929e-05 7.41451e-05 -8.91754e-06 7.93373e-06 5.29551e-05 6.34536e-06
internal_weight=13762 389 13373 13276 467 119 12809 1350 11459 1281 11409 475 338 411 141 159 10934 5343 102 5591 551 5241 3155 1856 1794 109 5040 1348 487 407
internal_count=13762 389 13373 13276 467 119 12809 1350 11459 1281 11409 475 338 411 141 159 10934 5343 102 5591 551 5241 3155 1856 1794 109 5040 1348 487 407
is_linear=0
shrinkage=0.05


Tree=71
num_leaves=31
num_cat=0
split_feature=36 83 103 8 100 12 28 117 19 126 10 81 84 131 119 139 133 138 6 49 30 99 30 4 119 91 44 0 132 85
split_gain=0.00149452 0.0138826 0.00163385 0.00903265 0.0053272 0.0137654 0.00141543 0.0008874 0.00261561 0.000864744 0.00139171 0.000812606 0.000742635 0.00134358 0.00102027 0.00336967 0.00147605 0.000731453 0.00100726 0.00103091 0.000761362 0.000808949 0.000702007 0.000451723 0.000679359 0.00137686 0.000505385 0.00043429 0.000347179 0.000325362
threshold=285.21137320000008 15.15 1093.1500000000003 0.067883565386171033 -4.2499999999999991 0.018381757000000002 32.550000000000004 0.65000000000000002 -0.0057557142857142824 14.500000000000002 18.090000000000003 53.750000000000007 20.850000000000005 57.257815097269223 2.7500000000000004 90.61646151329019 88.200000000000003 5.54 0.019915277777777785 961.85000000000002 0.64571428571428613 0.75000000000000011 -3.4242857142857139 0.00049989300000000006 6.3500000000000005 13.65 292.50000000000006 0.17725000000000005 2.5000000000000004 275.42736185000007
decision_type=2 2 2 2 2 2 2 2 2 2 2 2 2 2 8 2 2 2 2 2 2 2 2 2 10 2 2 2 2 2
left_child=2 -2 3 4 5 -1 9 11 -9 10 -6 12 14 -14 15 -4 23 -8 19 -19 21 -21 -3 27 -25 -26 29 -16 -24 -27
right_child=1 22 7 -5 6 -7 17 8 -10 -11 -12 -13 13 -15 16 -17 -18 18 -20 20 -22 -23 28 24 25 26 -28 -29 -30 -31
leaf_value=2.9967981981550975e-06 0.0008362772622508189 8.592912833057537e-05 -2.3609273627777782e-05 0.00065842469163614799 -3.0475219559631932e-05 0.0009765318246540048 0 -0.00040641846654365177 -2.6556051262610308e-05 9.7841116338067161e-06 -0.00026761439429576157 -0.00015295575131925657 0.00031188197908740421 0 -1.0490048664063179e-05 -0.00039688165190771392 0.00021530121877801254 0 -2.5899214966807e-05 0 0 0.00031644485924496422 -0.00014394475678664191 -8.3004140192204406e-06 0.00029347319105559462 0.0002240172273700152 1.1155052125887197e-05 -0.0001136698724322911 0 0
leaf_weight=164 54 96 925 56 1011 50 124 54 539 981 75 94 50 167 4391 68 77 72 50 52 55 134 92 2250 51 52 1664 117 147 50
leaf_count=164 54 96 925 56 1011 50 124 54 539 981 75 94 50 167 4391 68 77 72 50 52 55 134 92 2250 51 52 1664 117 147 50
internal_value=1.84742e-06 9.84303e-05 -5.95312e-07 3.27698e-05 1.80731e-05 0.000257198 -9.91152e-08 -1.00034e-05 -7.01907e-05 -2.01023e-05 -5.16832e-05 -5.90971e-06 -3.98582e-06 8.57195e-05 -6.5311e-06 -5.45745e-05 -4.33608e-07 7.44229e-05 0.000111577 0.000149474 0.000199097 0.000247945 -7.76023e-06 -2.97872e-06 8.34312e-06 3.16964e-05 2.11451e-05 -1.43015e-05 -6.64273e-05 0.000133886
internal_weight=13762 389 13373 2824 2768 214 2554 10549 593 2067 1086 9956 9862 217 9645 993 8652 487 363 313 241 186 335 8575 4067 1817 1766 4508 239 102
internal_count=13762 389 13373 2824 2768 214 2554 10549 593 2067 1086 9956 9862 217 9645 993 8652 487 363 313 241 186 335 8575 4067 1817 1766 4508 239 102
is_linear=0
shrinkage=0.05


Tree=72
num_leaves=31
num_cat=0
split_feature=56 140 103 7 88 3 28 10 117 19 120 41 23 81 84 131 119 139 133 137 43 30 15 73 89 18 111 116 43 118
split_gain=0.00134207 0.0127652 0.00148492 0.00816088 0.00377948 0.0126471 0.00125458 0.00122177 0.000812239 0.00235235 0.000739962 0.00126406 0.000797445 0.000733863 0.000681358 0.00120617 0.000932399 0.00303587 0.00133326 0.000661629 0.0013163 0.000470571 0.000446332 0.000681063 0.00205209 0.000675254 0.000427687 0.000356005 0.000496745 0.00042377
threshold=12.06137320000005 70.640000000000015 1093.1500000000003 0.25110000000000005 42.662500000000009 0.035551742000000004 32.550000000000004 23.555000000000003 0.65000000000000002 -0.0057557142857142824 271.31428060000007 46.500000000000007 19.520138888888891 53.750000000000007 20.850000000000005 57.257815097269223 2.7500000000000004 90.61646151329019 88.200000000000003 0.78000000000000014 0.28950000000000004 -3.4242857142857139 0.00023854166666666669 25.650000000000002 26.150000000000002 0.063537500000000011 6.9500000000000011 286.23552590000003 0.34450000000000003 21.350000000000005
decision_type=2 2 2 2 2 2 2 2 2 2 10 2 2 2 2 2 8 2 2 2 2 2 2 2 2 2 2 2 2 10
left_child=2 21 3 4 6 -6 7 10 13 -10 11 12 -1 14 16 -16 17 -4 22 20 -8 -2 -18 -24 -25 -26 -22 28 29 -13
right_child=1 -3 8 -5 5 -7 19 -9 9 -11 -12 27 -14 -15 15 -17 18 -19 -20 -21 26 -23 23 24 25 -27 -28 -29 -30 -31
leaf_value=0.00029163323479389707 6.1719756991062075e-05 0.00082392234428285661 -2.2430084697762937e-05 0.00062608102614288789 0 0.00090623512236525847 0 -0.00022633928202915691 -0.00038646701701542378 -2.5230707450326145e-05 -2.9058560100137215e-05 0.00020912448099961523 3.810796020641444e-05 -0.00014538846636117487 0.000296593635955337 0 -1.6212628970655422e-05 -0.0003773251624704205 0.00020467417361849074 0 0.00029890849544811918 -5.7624287889706001e-05 -1.1253598434056729e-05 0.00029861061139498541 8.3077579723715695e-06 0.00016044098373130535 5.647874845440171e-05 -6.7332535582772371e-05 -2.0466856110395724e-05 0
leaf_weight=65 109 51 925 56 140 50 82 67 54 539 1363 52 188 94 50 167 3722 68 77 202 92 229 2371 68 2333 81 106 188 122 51
leaf_count=65 109 51 925 56 140 50 82 67 54 539 1363 52 188 94 50 167 3722 68 77 202 92 229 2371 68 2333 81 106 188 122 51
internal_value=1.75286e-06 9.32809e-05 -5.42462e-07 3.12474e-05 1.71857e-05 0.000231843 0 -1.54411e-05 -9.52879e-06 -6.71385e-05 -5.90583e-06 3.39536e-05 0.00012382 -5.58887e-06 -3.73482e-06 8.21429e-05 -6.19362e-06 -5.21184e-05 -3.39532e-07 7.3882e-05 0.000123567 -4.3198e-06 -2.78714e-06 6.48065e-06 2.54332e-05 1.55472e-05 0.000195185 -9.18637e-06 1.73571e-05 0.000110001
internal_weight=13762 389 13373 2824 2768 190 2578 2096 10549 593 2029 666 253 9956 9862 217 9645 993 8652 482 280 338 8575 4853 2482 2414 198 413 225 103
internal_count=13762 389 13373 2824 2768 190 2578 2096 10549 593 2029 666 253 9956 9862 217 9645 993 8652 482 280 338 8575 4853 2482 2414 198 413 225 103
is_linear=0
shrinkage=0.05


Tree=73
num_leaves=31
num_cat=0
split_feature=36 83 103 7 100 12 28 61 11 123 133 38 82 14 137 43 49 30 2 73 137 119 139 92 118 41 36 103 132 112
split_gain=0.00121355 0.0118041 0.0013499 0.00737248 0.00462933 0.0120156 0.00115451 0.000796403 0.00136813 0.000695031 0.0030877 0.000674912 0.00247836 0.000977542 0.000665644 0.00120317 0.00119225 0.000623321 0.000540686 0.000455855 0.000417925 0.000432229 0.000467258 0.0020493 0.000515143 0.000321529 0.000647502 0.00120392 0.000316127 0.000290509
threshold=285.21137320000008 15.15 1093.1500000000003 0.25110000000000005 -4.2499999999999991 0.018381757000000002 32.550000000000004 162.90000000000003 0.0040165472500000013 -0.70710678118654735 87.64500000000001 0.15000000000000005 25.350000000000001 0.018659123000000003 0.78000000000000014 0.28950000000000004 962.25000000000011 -3.4242857142857139 0.00036114100000000004 52.250000000000007 18.300000000000004 0.35000000000000003 90.61646151329019 1.2500000000000004 12.15 48.500000000000007 270.38586205000007 860.85000000000002 3.5000000000000004 295.23732230000007
decision_type=2 2 2 2 2 2 2 2 2 2 2 2 2 2 2 2 2 2 2 2 2 8 2 2 10 2 2 2 2 2
left_child=2 -2 3 4 5 -1 7 8 -6 10 -4 19 13 -13 15 -8 -17 -3 -16 20 21 -11 29 -24 -25 26 -9 -28 -19 -23
right_child=1 17 9 -5 6 -7 14 25 -10 11 -12 12 -14 -15 18 16 -18 28 -20 -21 -22 22 23 24 -26 -27 27 -29 -30 -31
leaf_value=0 0.00076939424560259801 7.8622792003143428e-05 -2.0781422559729872e-05 0.00059532614932354677 -3.1649441802258136e-05 0.00091128790339080671 0 0 -0.00031532675297200392 0.00013377000791339156 -0.00039324907120193901 4.3681349101507871e-05 0 0.00042208872134486751 9.4267925304911628e-05 0 0.00025754600734687202 -0.00011762439820103056 -6.9393219760729787e-05 -0.00015529239688755927 0.00012262519111485038 -6.0630750950761453e-06 2.238374428132625e-05 -0.00036809888118449112 -2.5264934094414709e-05 -1.7384548411402792e-05 0.00030709279899734584 0 0 5.9761689524377827e-05
leaf_weight=164 54 96 2769 56 987 50 82 432 50 51 58 78 404 55 85 52 147 127 121 51 61 6601 144 56 60 430 56 112 112 161
leaf_count=164 54 96 2769 56 987 50 82 432 50 51 58 78 404 55 85 52 147 127 121 51 61 6601 144 56 60 430 56 112 112 161
internal_value=1.6868e-06 8.8723e-05 -4.77533e-07 2.9815e-05 1.63575e-05 0.000239318 -4.53799e-07 -1.86932e-05 -5.04348e-05 -9.06294e-06 -3.03275e-05 -6.27705e-07 5.25889e-05 0.000239461 6.65943e-05 0.000116514 0.000184881 -8.0795e-06 0 -5.30762e-06 -3.51302e-06 -5.32487e-06 -7.06595e-06 -7.38588e-05 -0.000235238 8.43244e-06 3.52522e-05 0.000118312 -6.39213e-05 -3.7479e-06
internal_weight=13762 389 13373 2824 2768 214 2554 2067 1037 10549 2827 7722 537 133 487 281 199 335 206 7185 7134 7073 7022 260 116 1030 600 168 239 6762
internal_count=13762 389 13373 2824 2768 214 2554 2067 1037 10549 2827 7722 537 133 487 281 199 335 206 7185 7134 7073 7022 260 116 1030 600 168 239 6762
is_linear=0
shrinkage=0.05


Tree=74
num_leaves=31
num_cat=0
split_feature=84 134 118 0 81 104 133 84 82 140 116 88 11 36 14 43 31 0 129 120 112 129 28 61 136 140 117 2 85 76
split_gain=0.0011137 0.0108756 0.00126643 0.00937388 0.00268294 0.000897672 0.00160494 0.00140549 0.00282738 0.00168222 0.0027443 0.000677926 0.00257097 0.0044336 0.00176488 0.000653895 0.00157686 0.000583865 0.000566305 0.000628311 0.000519982 0.000465943 0.000395011 0.000745249 0.000661568 0.000363203 0.000353698 0.000726415 0.000347933 0.000336297
threshold=21.050000000000008 5.245000000000001 22.150000000000002 0.24405000000000002 54.850000000000009 1.2500000000000004 87.64500000000001 14.350000000000003 25.230000000000008 78.385000000000019 269.46504470000008 38.112500000000004 0.0040165472500000013 269.81867415000005 0.050493375000000007 0.38050000000000006 27.650000000000002 0.24405000000000002 3.5000000000000004 267.09232255000006 293.65994575000008 6.5000000000000009 32.95000000000001 162.90000000000003 0.6100000000000001 6.4650000000000007 0.15000000000000005 0.0019842340000000005 281.39860740000006 7.9500000000000011
decision_type=2 2 10 2 2 2 2 2 2 2 2 2 2 2 2 2 2 2 2 8 2 2 2 2 2 2 2 2 2 2
left_child=2 -2 5 4 11 6 20 9 -9 17 -11 14 15 -14 22 21 -17 -7 -3 -20 26 25 28 24 -24 -13 27 -1 -4 -10
right_child=1 18 3 -5 -6 7 -8 8 29 10 -12 12 13 -15 -16 16 -18 -19 19 -21 -22 -23 23 -25 -26 -27 -28 -29 -30 -31
leaf_value=-4.038700377056141e-05 0.00072545804860725961 -6.441683144823955e-05 -2.2222222814319893e-05 0.00065558101895319483 0.0003512156123668257 -1.4952028976002358e-06 -0.0003343679990468766 0.00044721708164143273 9.8386704513814044e-05 -0.00043298934444166784 0 -2.6715127439141224e-05 0 0.00059910365367585967 -0.00026178567055653933 0.0002833866986833861 0 -0.00012220970899971481 0.0001638073506853145 0 1.8862492348421435e-05 -6.7303186349182303e-05 0 -5.469381559883564e-06 0.00016360710734302452 3.7336059325465035e-05 0 -0.00021063843019033146 6.6491683730115871e-05 -2.3615621877460006e-05
leaf_weight=826 56 229 1599 57 57 7437 50 50 79 60 98 260 59 52 66 70 86 103 75 67 253 225 155 364 154 618 252 92 95 118
leaf_count=826 56 229 1599 57 57 7437 50 50 79 60 98 260 59 52 66 70 86 103 75 67 253 225 155 364 154 618 252 92 95 118
internal_value=1.6265e-06 8.11226e-05 -5.50009e-07 2.29365e-05 1.2132e-05 -1.08504e-05 -4.69915e-05 -3.51557e-06 0.000112374 -7.89758e-06 -0.000169638 5.64435e-06 3.45503e-05 0.000266241 -8.58558e-06 9.95987e-06 0.00010587 -3.82325e-06 -4.3834e-06 5.72395e-05 -3.3155e-05 0 0 3.08823e-05 8.9713e-05 1.26716e-05 -4.86796e-05 -6.31006e-05 -1.4261e-05 3.06451e-07
internal_weight=13762 427 13335 3917 3860 9418 1473 7945 247 7698 158 3803 1370 111 2433 1259 156 7540 371 142 1423 1103 2367 673 309 878 1170 918 1694 197
internal_count=13762 427 13335 3917 3860 9418 1473 7945 247 7698 158 3803 1370 111 2433 1259 156 7540 371 142 1423 1103 2367 673 309 878 1170 918 1694 197
is_linear=0
shrinkage=0.05


Tree=75
num_leaves=31
num_cat=0
split_feature=120 21 42 93 118 18 81 1 123 133 133 15 15 81 43 133 28 120 22 4 43 43 28 49 93 81 61 141 137 106
split_gain=0.00150384 0.0087794 0.000865408 0.00206037 0.000776873 0.00747812 0.0011726 0.00107309 0.000610791 0.00195267 0.00194542 0.000609557 0.000618784 0.00127393 0.00182718 0.000844463 0.000553283 0.00104286 0.000361032 0.000554819 0.000412726 0.000478717 0.000304663 0.000365237 0.000279578 0.000271424 0.000253498 0.000238125 0.000199664 0.000903424
threshold=264.01205285000009 0.40972222222222227 1.5450000000000002 267.48674725000006 21.750000000000004 0.069356250000000022 54.850000000000009 0.41087726350000003 -0.70710678118654735 88.200000000000003 87.64500000000001 0.011683333333333335 0.00086145833333333354 33.650000000000013 0.41750000000000004 75.13000000000001 7.0500000000000007 270.14003800000006 59.500000000000007 0.0075691535000000009 0.39150000000000007 0.32750000000000007 38.100000000000009 973.95000000000016 267.76659265000006 51.45000000000001 812.30000000000007 36.410000000000004 0.065000000000000016 21.550000000000004
decision_type=8 2 2 2 10 2 2 2 2 2 2 2 2 2 2 2 2 8 2 2 2 2 2 2 2 2 2 2 2 2
left_child=1 -1 4 -4 7 6 11 8 10 16 -2 12 22 15 18 -14 17 -10 19 20 21 -15 -6 -24 -25 28 -23 -26 29 -18
right_child=2 -3 3 -5 5 -7 -8 -9 9 -11 -12 -13 13 14 -16 -17 25 -19 -20 -21 -22 26 23 24 27 -27 -28 -29 -30 -31
leaf_value=0.00066307338579180998 -1.8616854745884507e-05 -2.9239309347992798e-05 0 -0.0003270040914635436 -1.3863749862476269e-05 0.00050669459838309787 0.0002289450517559614 -0.00020469910265553194 0.00019400656955725147 0.00022857396308863438 -0.00031458098466100645 -0.00012488260476724403 1.2377742895862531e-06 5.5057679716040944e-06 0.00038299129906590687 -0.00015948025112175949 -2.0899763721343888e-05 4.9923497963704677e-07 -4.7530394783868377e-06 0 0 0.00019230652100646415 -6.2082438213906225e-06 0 2.5077363465821477e-05 -9.2841297068984782e-05 0 0.00022188786288133283 -9.3717181290988356e-06 6.9373293322309558e-05
leaf_weight=57 2463 164 95 68 2231 76 58 70 98 92 59 88 317 155 51 90 596 434 84 114 51 180 127 50 150 96 53 50 5043 453
leaf_count=57 2463 164 95 68 2231 76 58 70 98 92 59 88 317 155 51 90 596 434 84 114 51 180 127 50 150 96 53 50 5043 453
internal_value=0 0.000128981 -2.21808e-06 -0.00011654 -4.36315e-07 1.78404e-05 6.75998e-06 -8.59728e-06 -6.56924e-06 5.02416e-07 -2.76444e-05 1.98263e-06 6.38032e-06 3.8528e-05 8.17791e-05 -2.23507e-05 -1.9096e-06 4.58233e-05 4.92637e-05 6.64879e-05 9.33722e-05 0.000111865 -5.21043e-06 3.26716e-05 7.22889e-05 -6.82796e-06 0.000160926 0.000100015 -4.6369e-06 1.33508e-05
internal_weight=13713 221 13492 163 13329 3925 3849 9404 9334 6812 2522 3791 3703 1095 688 407 6720 532 637 553 439 388 2608 377 250 6188 233 200 6092 1049
internal_count=13713 221 13492 163 13329 3925 3849 9404 9334 6812 2522 3791 3703 1095 688 407 6720 532 637 553 439 388 2608 377 250 6188 233 200 6092 1049
is_linear=0
shrinkage=0.05


Tree=76
num_leaves=31
num_cat=0
split_feature=120 49 118 1 85 131 19 117 19 131 9 4 84 139 28 136 138 134 116 117 19 28 160 36 3 90 15 118 131 96
split_gain=0.00133561 0.00768121 0.000716841 0.00483168 0.00142106 0.00472287 0.000705873 0.000826682 0.00449061 0.000696681 0.000886601 0.000615255 0.00055486 0.00494466 0.000798787 0.00138227 0.000461938 0.000454124 0.00172452 0.0004082 0.000401829 0.000388402 0.000310542 0.0002895 0.000240593 0.000188956 0.00018284 0.000383077 0.00130865 0.00357539
threshold=264.01205285000009 959.95000000000016 26.250000000000004 0.30883872200000007 280.31944675000005 54.931460632090001 0.0050742857142857135 0.75000000000000011 -0.0057557142857142824 65.720713804132885 1.6879166666666667 0.00049989300000000006 10.950000000000005 86.716077848590643 7.0500000000000007 1.0500000000000003 7.705000000000001 3.7100000000000004 269.46504470000008 1.0000000180025095e-35 -0.002749999999999999 29.350000000000005 0.0061862244897959206 282.43413310000005 0.014970919000000001 27.262244897959185 0.00023854166666666669 8.6500000000000004 33.15434016127945 25.312500000000007
decision_type=8 2 10 2 2 2 2 2 2 2 2 2 2 2 2 2 2 2 2 2 2 2 2 2 2 2 2 10 2 2
left_child=1 -1 6 4 9 -6 7 12 -9 10 -4 -11 17 14 15 -14 22 18 -2 -18 -13 25 -8 -16 -25 -22 -19 -28 29 -29
right_child=2 -3 3 -5 5 -7 16 8 -10 11 -12 20 13 -15 23 -17 19 26 -20 -21 21 -23 -24 24 -26 -27 27 28 -30 -31
leaf_value=-1.0830815262399778e-05 -0.00028365843031899983 0.00066366028299443339 -1.1084973438161705e-05 0.0004745169156605447 0.00055209255293376899 0 0 -0.00049476873085156766 -6.8207987695653626e-07 -1.0131687974427952e-05 -0.00019777089058816582 0 0.00025354880030903018 0.00044249377084771115 1.2544935980982205e-05 -2.110237384737763e-06 -3.6056302914201204e-05 -1.1397902522346767e-05 0 0.00012187507788675485 -1.9009809972673699e-06 0.00012595823416612875 -0.00011613946733810292 -6.1737018023947686e-05 0 5.7511537421590491e-05 -1.1332654838814757e-05 0.00050173473512746996 6.108313033131577e-06 0
leaf_weight=171 69 50 515 57 50 93 158 54 417 826 88 314 82 68 395 52 167 3604 212 53 132 238 311 361 172 157 2163 50 2543 91
leaf_count=171 69 50 515 57 50 93 158 54 417 826 88 314 82 68 395 52 167 3604 212 53 132 238 311 361 172 157 2163 50 2543 91
internal_value=0 0.000121549 -2.0945e-06 2.17201e-05 8.76069e-06 0.000161114 -7.88637e-06 -4.09255e-06 -6.88504e-05 0 -4.68898e-05 1.5749e-05 -4.86168e-07 3.18713e-05 4.83896e-07 0.00011802 -5.74478e-05 -5.24923e-06 -6.84438e-05 0 4.70881e-05 7.37462e-05 -8.54527e-05 -1.12146e-05 -3.81763e-05 1.32207e-05 -2.54855e-06 3.00105e-06 1.64145e-05 0.000165728
internal_weight=13713 221 13492 2470 2413 143 11022 10333 471 2270 603 1667 9862 1130 1062 134 689 8732 281 220 841 527 469 928 533 289 8451 4847 2684 141
internal_count=13713 221 13492 2470 2413 143 11022 10333 471 2270 603 1667 9862 1130 1062 134 689 8732 281 220 841 527 469 928 533 289 8451 4847 2684 141
is_linear=0
shrinkage=0.05


Tree=77
num_leaves=31
num_cat=0
split_feature=84 139 92 136 4 118 18 81 81 1 137 92 15 16 122 89 129 80 116 85 14 88 21 84 82 140 89 81 116 89
split_gain=0.00119478 0.0120413 0.000861107 0.00584644 0.00077829 0.00167821 0.00482473 0.00241976 0.00128319 0.00107871 0.000651482 0.000595273 0.000443374 0.00115167 0.00173868 0.000437512 0.000408899 0.000446726 0.000328697 0.000637514 0.000509475 0.000357308 0.00032138 0.00127794 0.00207554 0.0011595 0.00206231 0.000385955 0.000341376 0.000307972
threshold=21.050000000000008 86.716077848590643 21.750000000000007 0.17500000000000002 7.6200000000000023e-05 22.150000000000002 0.069356250000000022 54.250000000000007 52.95000000000001 0.41087726350000003 3.7250000000000001 8.2500000000000018 0.00023854166666666669 0.33500000000000008 12.500000000000002 46.250000000000007 3.5000000000000004 30.562500000000004 294.35124200000007 277.80705660000007 0.046876099500000004 39.212500000000006 0.52083333333333337 9.3500000000000032 25.230000000000008 77.225000000000009 22.550000000000004 38.350000000000001 294.01547295000006 47.800000000000004
decision_type=2 2 2 2 2 10 2 2 2 2 2 2 2 2 2 2 2 2 2 2 2 2 2 2 2 2 2 2 2 2
left_child=2 16 4 -4 8 9 7 10 22 12 18 29 -6 14 -14 -13 -2 -18 20 -20 -7 -22 23 25 -25 28 -27 -24 -1 -12
right_child=1 -3 3 -5 5 6 -8 -9 -10 -11 11 15 13 -15 -16 -17 17 -19 19 -21 21 -23 27 24 -26 26 -28 -29 -30 -31
leaf_value=-1.9942339473187244e-06 -6.660541287250412e-05 0.00073463915352476759 -0.0005749964180561209 -4.5461271567068789e-06 -1.7066619653459107e-05 4.528125453778595e-06 0.00042822933539222194 0.00037229102488289269 -0.00023862655975266756 -0.00019518191328456419 8.537689985117692e-05 0 0.00033161693368616611 3.1876656621931016e-06 0 0.00021126968790849789 0.00012906548660394037 -2.7820704862709725e-06 0 0.00017369005189024912 -0.00017864664007237168 0 -9.3020643942516921e-06 0.00039839014630370704 0 0 -0.00033266624314057632 -5.7084605610049587e-05 0.00010487702678848971 -6.9678045099510151e-05
leaf_weight=1634 214 60 50 550 2464 1429 81 51 65 72 60 68 68 2912 57 109 74 75 121 80 66 58 2150 51 132 66 73 681 76 66
leaf_count=1634 214 60 50 550 2464 1429 81 51 65 72 60 68 68 2912 57 109 74 75 121 80 66 58 2150 51 132 66 73 681 76 66
internal_value=0 8.24559e-05 -2.79981e-06 -6.12808e-05 0 9.83582e-06 4.71135e-05 2.99022e-05 -1.55687e-05 -3.91515e-06 1.88069e-05 8.7507e-05 -4.6797e-07 1.13543e-05 0.000160387 0.000146419 -1.33288e-05 2.97898e-05 4.04696e-06 6.48625e-05 -6.43378e-07 -9.98002e-05 -1.15108e-05 1.45197e-06 0.00012905 -8.53692e-06 -0.000147202 -2.25778e-05 0 0
internal_weight=13713 423 13290 600 12690 7762 2189 2108 4928 5573 2057 303 5501 3037 125 177 363 149 1754 201 1553 124 4863 2032 183 1849 139 2831 1710 126
internal_count=13713 423 13290 600 12690 7762 2189 2108 4928 5573 2057 303 5501 3037 125 177 363 149 1754 201 1553 124 4863 2032 183 1849 139 2831 1710 126
is_linear=0
shrinkage=0.05


Tree=78
num_leaves=31
num_cat=0
split_feature=84 131 160 136 4 103 0 88 141 81 43 138 1 14 11 0 77 129 123 133 86 134 73 47 131 124 105 119 103 21
split_gain=0.0010645 0.00970057 0.000790845 0.00527594 0.000709812 0.00151475 0.00470158 0.00174984 0.00398997 0.00115748 0.00110802 0.00183162 0.00106488 0.000858954 0.000606448 0.000819471 0.000526402 0.000494843 0.000648901 0.000479941 0.000845898 0.000423951 0.000643454 0.000422251 0.000411872 0.00247727 0.000330234 0.000576021 0.000267031 0.000247913
threshold=21.050000000000008 29.194863695571673 0.44387755102040827 0.17500000000000002 7.6200000000000023e-05 1495.8500000000004 0.24405000000000002 38.287500000000009 37.625000000000007 52.95000000000001 0.33950000000000008 3.9100000000000006 0.41087726350000003 0.046876099500000004 0.0025682991041666671 0.18590000000000004 277.27072010000001 3.5000000000000004 0.12940952255126045 68.595000000000013 6.5000000000000009 3.8750000000000004 31.050000000000004 86.500000000000014 33.794363026180044 -0.60355339059327384 35.500000000000007 10.450000000000001 1717.1500000000003 0.40972222222222227
decision_type=2 2 2 2 2 2 2 2 2 2 2 2 2 2 2 2 2 2 2 2 2 2 2 2 2 2 2 10 2 2
left_child=2 -2 4 -4 9 6 7 13 10 21 -9 -12 24 14 29 19 -13 -3 -19 20 -16 22 23 -1 25 -7 27 -24 -26 -6
right_child=1 17 3 -5 5 12 -8 8 -10 -11 11 16 -14 -15 15 -17 -18 18 -20 -21 -22 -23 26 -25 28 -27 -28 -29 -30 -31
leaf_value=-4.5267157427915097e-05 0.0007113668528843435 -5.6909379759694598e-05 -0.0005468103295442787 -4.319233024363774e-06 1.127469396631936e-05 0.00028887236140560295 0.00047067599894489836 0 0.00047044313093423488 -0.00022687600930222483 0.00036152245799124055 0.00010547835966111356 -0.00019747051622404584 -0.00015832296902182547 0.0001886356983289614 -5.7965841272508604e-05 -8.8615216454541175e-06 0 0.00017633796180716138 0 0 -4.6307282339862401e-06 -0.00032585040480126725 8.3780264223338129e-05 -4.6120398389563593e-05 -2.2004644319106398e-05 0 -8.061489598067298e-06 -7.5561500597712612e-07 -3.4199893049870547e-05
leaf_weight=223 52 229 50 550 350 83 63 508 64 65 67 149 70 84 182 67 115 75 67 88 51 4361 50 84 374 177 72 73 4641 629
leaf_count=223 52 229 50 550 350 83 63 508 64 65 67 149 70 84 182 67 115 75 67 88 51 4361 50 84 374 177 72 73 4641 629
internal_value=0 7.78371e-05 -2.63668e-06 -5.86809e-05 0 9.43953e-06 4.24953e-05 2.87178e-05 8.35536e-05 -1.48217e-05 4.75639e-05 0.000118606 -4.57813e-06 -1.99862e-06 4.061e-06 5.94961e-05 3.69578e-05 0 5.8669e-05 9.96449e-05 0.000137079 -1.09133e-05 -5.54332e-05 0 -1.03379e-06 5.88063e-05 -0.000126859 -0.000179153 -5.14408e-06 -1.28454e-05
internal_weight=13713 423 13290 600 12690 7762 2417 2354 903 4928 839 331 5345 1451 1367 388 264 371 142 321 233 4863 502 307 5275 260 195 123 5015 979
internal_count=13713 423 13290 600 12690 7762 2417 2354 903 4928 839 331 5345 1451 1367 388 264 371 142 321 233 4863 502 307 5275 260 195 123 5015 979
is_linear=0
shrinkage=0.05


Tree=79
num_leaves=31
num_cat=0
split_feature=120 21 42 93 118 1 81 1 96 126 112 136 22 134 88 75 27 28 9 7 90 19 17 92 19 92 124 133 140 84
split_gain=0.00114156 0.00731213 0.000707742 0.00179666 0.000582367 0.00488495 0.000886808 0.00083945 0.000559395 0.000484284 0.000709603 0.00171112 0.000500633 0.0015446 0.000441792 0.00109251 0.00177086 0.000593228 0.000909602 0.000895849 0.000641064 0.000454727 0.000803373 0.000570651 0.00108611 0.000983057 0.000392902 0.00282363 0.00100127 0.00216197
threshold=264.01205285000009 0.40972222222222227 1.5450000000000002 267.48674725000006 21.750000000000004 0.32127834050000009 54.850000000000009 0.36432711350000008 50.937500000000007 46.500000000000007 286.76962240000006 0.39500000000000007 4.5000000000000009 6.3000000000000016 38.437500000000007 9.6500000000000004 1638.0000000000002 34.000000000000007 0.81826388888888901 0.10380000000000002 25.844897959183676 -0.0026485714285714285 0.010800000000000002 8.5500000000000025 -6.9999999999999357e-05 14.150000000000004 -0.60355339059327384 87.64500000000001 77.225000000000009 1.7500000000000004
decision_type=8 2 2 2 10 2 2 2 2 2 2 2 2 2 2 2 2 2 2 2 2 2 2 2 2 2 2 2 2 2
left_child=1 -1 4 -4 7 6 8 9 14 12 26 -12 13 -2 17 16 -16 19 -19 -6 -20 -17 -23 -24 25 -25 27 -11 -28 -30
right_child=2 -3 3 -5 5 -7 -8 -9 -10 10 11 -13 -14 -15 15 21 -18 18 20 -21 -22 22 23 24 -26 -27 28 -29 29 -31
leaf_value=0.00060065288200599636 -0.00033762657954152279 -2.9924799058018392e-05 0 -0.00030261999346860823 -6.0778306436400756e-06 0.00044308909848041368 0.00020033419182671083 -0.00013068121261000803 -0.0001210424422077817 2.5581901012011084e-06 0.00026197884718542278 0 -1.1626595550970471e-05 -1.3776481624564564e-05 0.00036203893038743579 -3.7865564086828386e-05 0 -1.7673496466417891e-05 0.00015276656478022379 -0.00013732018963298224 0 -3.3051074668935923e-05 0 0.00025532540001191876 0 0 -6.2399953350451198e-06 0.00038267673503415771 0 -0.0003858726078033215
leaf_weight=57 55 164 95 68 1726 65 58 139 85 2041 86 183 1079 230 62 280 75 238 197 152 106 246 264 140 158 73 5393 50 93 55
leaf_count=57 55 164 95 68 1726 65 58 139 85 2041 86 183 1079 230 62 280 75 238 197 152 106 246 264 140 158 73 5393 50 93 55
internal_value=0 0.000112163 -2.12619e-06 -0.000105556 -4.78431e-07 1.52844e-05 6.67254e-06 -7.59001e-06 2.35155e-06 -5.1898e-06 0 7.91921e-05 -3.27078e-05 -9.47184e-05 6.54992e-06 3.0633e-05 0.000166603 -4.31389e-06 3.88686e-05 -1.94286e-05 9.96406e-05 1.01558e-05 3.11126e-05 6.38442e-05 0.000103941 0.000177394 -3.25224e-06 1.42162e-05 -1.07479e-05 -0.00014031
internal_weight=13713 221 13492 163 13329 3925 3860 9404 3802 9265 7901 269 1364 285 3717 1298 137 2419 541 1878 303 1161 881 635 371 213 7632 2091 5541 148
internal_count=13713 221 13492 163 13329 3925 3860 9404 3802 9265 7901 269 1364 285 3717 1298 137 2419 541 1878 303 1161 881 635 371 213 7632 2091 5541 148
is_linear=0
shrinkage=0.05


Tree=80
num_leaves=31
num_cat=0
split_feature=113 139 42 30 83 139 34 44 72 128 43 128 11 89 2 104 33 1 128 131 91 105 21 35 89 82 101 160 81 141
split_gain=0.00130465 0.0130701 0.000570415 0.00220832 0.00049341 0.000998349 0.0024419 0.00329428 0.00184263 0.00302844 0.00224233 0.00173854 0.000968373 0.00186092 0.000667649 0.00387773 0.00143237 0.000699433 0.000689213 0.000485254 0.000374543 0.000372571 0.000502229 0.000363967 0.000323991 0.000424875 0.00041382 0.000341594 0.000309823 0.00039226
threshold=1.4500000000000002 86.716077848590643 1.5450000000000002 -0.86142857142857199 10.750000000000002 85.299518965764761 -0.9624009431220415 1072.5000000000002 22.625000000000004 9.293439940087163 0.37850000000000006 8.9399741687033139 0.0040165472500000013 22.550000000000004 0.0034061355000000004 20.450000000000006 0.9139178211866883 0.41087726350000003 9.0640421076593753 92.98559840874789 24.850000000000005 15.500000000000002 0.46527777777777785 276.53971815000006 39.250000000000007 36.568000000000012 7.5010092500000107 0.085565476190476206 51.300000000000004 33.775000000000013
decision_type=2 2 2 2 2 2 2 2 2 2 2 2 2 2 2 2 2 2 2 2 2 2 2 2 2 2 2 2 2 2
left_child=2 -2 4 -4 12 14 7 -7 9 10 -8 -10 -1 -14 17 16 18 19 -16 24 -20 -13 -23 -11 26 27 -6 -26 29 -21
right_child=1 -3 3 -5 5 6 8 -9 11 23 -12 21 13 -15 15 -17 -18 -19 20 28 -22 22 -24 -25 25 -27 -28 -29 -30 -31
leaf_value=-6.6980317201157131e-06 -4.5460921623759383e-06 0.00082196852888578105 0 -0.00036796005179544762 -1.2694153612761445e-05 0 4.6617745050613074e-05 0.00056297105380920438 -0.00026002470790245289 4.1330839972751597e-05 0.0005690698082460086 -8.9492856604920232e-05 -2.6614468806378273e-05 -0.00036794028667596441 -0.00014303632696095988 0.0004302245675007726 0.00019486288916756008 0.00015150801928992975 -1.4168133887028889e-05 -4.4574173770612207e-06 8.5340147060974393e-05 0.00017125533543989492 0 -9.1161197001867473e-05 0 4.0587201845910919e-05 9.6891439558152874e-05 -6.129890233391254e-05 -7.1721317929844723e-05 2.2877429395700587e-05
leaf_weight=1921 379 52 122 51 2146 51 77 52 81 75 50 67 265 58 90 59 90 67 455 3554 115 55 110 93 263 84 82 1100 133 1926
leaf_count=1921 379 52 122 51 2146 51 77 52 81 75 50 67 265 58 90 59 90 67 455 3554 115 55 110 93 263 84 82 1100 133 1926
internal_value=0 8.52704e-05 -3.01124e-06 -9.34563e-05 -1.43042e-06 2.56477e-06 5.99391e-05 0.000286925 1.28677e-05 0.000108888 0.000294209 -6.17653e-05 -2.30118e-05 -0.000104284 -9.6234e-07 4.19364e-05 4.20107e-06 -5.21063e-06 -1.44894e-05 -6.8956e-06 0 0 4.82725e-05 -2.5326e-06 -2.1132e-05 -4.03791e-05 -6.37611e-06 -4.90607e-05 1.53688e-06 4.23986e-06
internal_weight=13723 431 13292 173 13119 10875 711 103 608 295 127 313 2244 323 10164 809 750 9355 660 9288 570 232 165 168 3675 1447 2228 1363 5613 5480
internal_count=13723 431 13292 173 13119 10875 711 103 608 295 127 313 2244 323 10164 809 750 9355 660 9288 570 232 165 168 3675 1447 2228 1363 5613 5480
is_linear=0
shrinkage=0.05


Tree=81
num_leaves=31
num_cat=0
split_feature=84 139 80 137 38 133 89 88 43 13 92 2 23 105 22 50 89 108 34 22 43 2 0 81 85 36 28 30 139 9
split_gain=0.00118293 0.0107096 0.000728491 0.00520783 0.00111334 0.00286575 0.000919767 0.000811228 0.00422785 0.00139133 0.00299317 0.0012412 0.00054405 0.000802693 0.000755556 0.000535431 0.000497386 0.000424825 0.000507226 0.00340133 0.00675304 0.000533352 0.000432279 0.000412156 0.000351207 0.000280356 0.000741214 0.000836991 0.000410847 0.000234152
threshold=21.250000000000007 84.612598517848554 31.262500000000006 0.015000000000000001 0.15000000000000005 80.670000000000002 54.250000000000007 38.63750000000001 0.38150000000000006 0.0039296913055555565 1.5500000000000005 0.0034061355000000004 26.115972222222226 18.500000000000004 7.5000000000000009 1001.7500000000001 53.750000000000007 292.32644315000005 0.12833319952918842 1.0000000180025095e-35 0.32550000000000007 0.0040711290000000006 0.24405000000000002 40.850000000000001 266.41754410000004 266.28541085000006 34.000000000000007 -1.9414285714285726 86.716077848590643 0.044930555555555564
decision_type=2 2 2 2 2 2 2 2 2 2 2 2 2 2 2 2 2 2 2 2 2 2 2 2 2 2 2 2 2 2
left_child=2 29 4 -4 7 15 12 9 11 17 -11 16 -5 14 -14 -6 -9 18 22 20 -20 25 23 -1 -23 -21 28 -28 -27 -2
right_child=1 -3 3 6 5 -7 -8 8 -10 10 -12 -13 13 -15 -16 -17 -18 -19 19 21 -22 24 -24 -25 -26 26 27 -29 -30 -31
leaf_value=-5.8257474985410407e-06 -7.328666921239347e-05 0.00070818803242557709 -0.00039854081837772384 -2.1218041690264274e-05 0 0.00044271574363651163 -0.00021469910194615036 0 0.00035215350923244843 0 -0.00042388890099074716 0.00021355035826007825 0.00028900374672134006 6.3221747429153871e-07 0 0.00016573463534644129 -0.00015801242203801501 0.00011302217281843673 0.00065684983760123342 -3.256682686085769e-06 -9.1278756169938203e-07 0 -0.00011768923012067052 -8.8967202372188848e-05 -0.00014891795471602893 -6.3665589496718769e-06 0.00025663946663876742 8.8156736857831941e-06 0.00010521896310132838 0
leaf_weight=5264 116 58 90 2045 251 50 55 778 99 132 61 66 52 797 53 50 51 78 59 1736 71 64 103 166 93 757 71 161 89 207
leaf_count=5264 116 58 90 2045 251 50 55 778 99 132 61 66 52 797 53 50 51 78 59 1736 71 64 103 166 93 757 71 161 89 207
internal_value=0 8.65174e-05 -2.70948e-06 -2.41825e-05 3.28201e-06 9.06695e-05 -1.11652e-05 0 4.29899e-05 -4.60888e-06 -0.000137304 2.85667e-06 -5.59907e-06 2.42592e-05 0.000154732 1.43615e-05 -8.13047e-06 -1.07997e-06 -2.70278e-06 1.27115e-05 0.000262178 2.89187e-08 -1.22461e-05 -9.30401e-06 -8.73875e-05 6.71161e-06 2.73865e-05 0.000106893 0 -1.1523e-05
internal_weight=13723 381 13342 3092 10250 351 3002 9899 994 8905 193 895 2947 902 105 301 829 8712 8634 3101 130 2971 5533 5430 157 2814 1078 232 846 323
internal_count=13723 381 13342 3092 10250 351 3002 9899 994 8905 193 895 2947 902 105 301 829 8712 8634 3101 130 2971 5533 5430 157 2814 1078 232 846 323
is_linear=0
shrinkage=0.05


Tree=82
num_leaves=31
num_cat=0
split_feature=113 139 42 138 118 18 85 128 89 0 14 120 133 4 28 4 84 141 84 136 133 26 99 114 104 95 116 128 108 104
split_gain=0.00109854 0.0113213 0.000500377 0.00199421 0.000413967 0.00247622 0.000949114 0.0041685 0.000716255 0.000719386 0.000688863 0.000468947 0.00314077 0.000415588 0.000408978 0.000717335 0.000387015 0.00110837 0.00035539 0.000966552 0.000612337 0.000328466 0.000358658 0.00032617 0.000260313 0.000258088 0.000231351 0.00039103 0.000215238 0.000158494
threshold=1.4500000000000002 86.716077848590643 1.5450000000000002 5.3850000000000007 26.250000000000004 0.069356250000000022 280.31944675000005 9.3634905477890324 54.250000000000007 0.24405000000000002 0.046876099500000004 266.19714850000008 82.02000000000001 7.2100000000000018e-05 28.700000000000006 0.0051473125000000008 18.850000000000005 25.930000000000003 14.150000000000004 0.34500000000000003 88.64500000000001 4.5000000000000009 -2.2499999999999996 32.850000000000001 0.65000000000000013 4.5000000000000009 272.28067670000007 9.6939078444960973 272.91327100000007 0.8500000000000002
decision_type=2 2 2 2 10 2 2 2 2 2 2 8 2 2 2 2 2 2 2 2 2 2 2 2 2 2 2 2 2 2
left_child=2 -2 4 -4 8 6 10 -8 9 11 13 12 26 23 -15 21 18 -18 20 -20 29 -16 -23 -6 -25 -12 -1 -28 -24 -13
right_child=1 -3 3 -5 5 -7 7 -9 -10 -11 25 16 -14 14 15 -17 17 -19 19 -21 -22 22 28 24 -26 -27 27 -29 -30 -31
leaf_value=-1.4666867247515492e-05 -4.4577964986513646e-06 0.00076405615617359049 -0.0003519488966070212 0 0 0.00036022837969120213 0.00049759058224691009 -2.2372099135686814e-05 -0.00017618438525546698 -0.0001135618312744085 -0.00021260598527756064 -2.0474864257448252e-05 0.00035365963419079502 0 0 0 -0.00027790286650997592 0 0.00020618360855567862 0 -0.00016057770485349465 0 0 0 -0.00010940429853944808 0 0.00013033333913635409 0 0.00015571515325554558 -6.0907439825149489e-07
leaf_weight=520 379 52 50 123 596 51 51 90 62 150 50 1273 69 672 71 313 50 185 73 116 64 56 53 55 149 50 84 105 240 7871
leaf_count=520 379 52 50 123 596 51 51 90 62 150 50 1273 69 672 71 313 50 185 73 116 64 56 53 55 149 50 84 105 240 7871
internal_value=0 7.82431e-05 -2.76541e-06 -8.74858e-05 -1.26052e-06 1.65443e-05 7.19072e-06 0.000132668 -5.91788e-06 -4.42818e-06 0 -2.36463e-06 3.40531e-05 5.30616e-06 2.34307e-05 4.94429e-05 -5.82845e-06 -7.03443e-05 -3.6757e-06 6.19628e-05 -5.5725e-06 9.23136e-05 0.000112235 -2.02724e-05 -7.47226e-05 -0.000128203 0 4.95401e-05 0.000134335 -3.92341e-06
internal_weight=13723 431 13292 173 13119 2497 2446 141 10622 10560 2305 10410 778 2205 1405 733 9632 235 9397 189 9208 420 349 800 204 100 709 189 293 9144
internal_count=13723 431 13292 173 13119 2497 2446 141 10622 10560 2305 10410 778 2205 1405 733 9632 235 9397 189 9208 420 349 800 204 100 709 189 293 9144
is_linear=0
shrinkage=0.05


Tree=83
num_leaves=31
num_cat=0
split_feature=84 30 80 137 38 19 21 89 88 43 13 92 2 77 23 34 22 43 23 105 22 2 89 129 80 19 81 85 7 90
split_gain=0.00104706 0.00967188 0.000632348 0.00466803 0.000924326 0.00260408 0.00234746 0.000778867 0.000718541 0.00378239 0.0011989 0.00264827 0.00109951 0.000549714 0.000972252 0.000505434 0.00298933 0.00606594 0.000490534 0.000714964 0.000675464 0.000452926 0.000430626 0.00035267 0.000380514 0.00035187 0.000339696 0.000309516 0.000282402 0.000367852
threshold=21.250000000000007 -0.70142857142857051 31.262500000000006 0.015000000000000001 0.15000000000000005 -0.00046142857142857129 0.38194444444444448 54.250000000000007 38.63750000000001 0.38150000000000006 0.0039296913055555565 1.5500000000000005 0.0034061355000000004 286.31929455000005 20.248611111111114 0.12833319952918842 1.0000000180025095e-35 0.32550000000000007 26.115972222222226 18.500000000000004 7.5000000000000009 0.0040711290000000006 53.750000000000007 3.5000000000000004 30.562500000000004 0.0074985714285714334 40.850000000000001 266.41754410000004 0.19335000000000005 21.36224489795919
decision_type=2 2 2 2 2 2 2 2 2 2 2 2 2 2 2 2 2 2 2 2 2 2 2 2 2 2 2 2 2 2
left_child=2 23 4 -4 8 6 -6 18 10 12 13 -12 22 15 -15 25 17 -17 -5 20 -20 28 -10 -2 -25 26 -1 -23 29 -18
right_child=1 -3 3 7 5 -7 -8 -9 9 -11 11 -13 -14 14 -16 16 21 -19 19 -21 -22 27 -24 24 -26 -27 -28 -29 -30 -31
leaf_value=-5.3163945725123108e-06 -7.4788925655707849e-05 0.00063477712870129235 -0.00037715762364933945 -1.99186643798775e-05 0.00045936447259425353 -4.0877052955086874e-06 0 -0.00019774539014698737 0 0.00033274321036033146 0 -0.00039723473745271483 0.00020076440557109459 0.00026494108366435131 0 0.00062024522629856925 0 -1.3118337746062449e-07 0.00027348893801659735 5.8881813415252322e-07 0 0 -0.00014733096174985314 0.00011169666702986242 -2.0822861335776468e-05 -6.6937101299213375e-05 -8.3291126913904989e-05 -0.00014054310686853052 -7.8727531436459516e-05 3.9394749333064574e-05
leaf_weight=4998 171 65 90 2045 69 215 67 55 778 99 132 61 66 52 94 59 1944 71 52 797 53 64 51 75 70 313 157 90 81 789
leaf_count=4998 171 65 90 2045 69 215 67 55 778 99 132 61 66 52 94 59 1944 71 52 797 53 64 51 75 70 313 157 90 81 789
internal_value=0 8.12621e-05 -2.66971e-06 -2.26796e-05 2.88031e-06 8.2501e-05 0.000254915 -1.02653e-05 0 4.0347e-05 -4.45314e-06 -0.00012768 2.08812e-06 -1.13505e-06 9.36647e-05 -3.3452e-06 1.19705e-05 0.000245842 -5.00437e-06 2.32566e-05 0.000146517 0 -7.92802e-06 -1.84643e-05 1.37707e-05 -1.29374e-05 -8.67662e-06 -8.12672e-05 6.21233e-06 1.05865e-05
internal_weight=13723 381 13342 3092 10250 351 136 3002 9899 994 8905 193 895 8712 146 8566 3098 130 2947 902 105 2968 829 316 145 5468 5155 154 2814 2733
internal_count=13723 381 13342 3092 10250 351 136 3002 9899 994 8905 193 895 8712 146 8566 3098 130 2947 902 105 2968 829 316 145 5468 5155 154 2814 2733
is_linear=0
shrinkage=0.05


Tree=84
num_leaves=31
num_cat=0
split_feature=113 91 103 19 91 123 134 59 19 128 108 10 84 135 103 128 120 25 28 6 10 126 81 44 81 15 92 81 19 86
split_gain=0.000939927 0.00945211 0.000442511 0.00208005 0.00307663 0.00133848 0.00355787 0.00373618 0.000614771 0.000619141 0.00252636 0.00409379 0.000973587 0.00115466 0.0018217 0.000874979 0.00234274 0.000521582 0.000461053 0.000991837 0.000450918 0.00111062 0.000318821 0.000312323 0.000309549 0.000286195 0.000316804 0.000342888 0.000259829 0.000448967
threshold=1.4500000000000002 15.350000000000003 1117.1500000000003 0.008150000000000001 20.150000000000002 -0.70710678118654735 6.3400000000000007 3.4261000000000004 0.0050742857142857135 9.0361655385470883 291.49900280000003 5.9400000000000004 17.550000000000008 3.0500000000000003 2538.0000000000005 9.0640421076593753 276.62852380000004 21.500000000000004 38.100000000000009 0.0053986111111111118 18.090000000000003 13.500000000000002 40.050000000000004 392.50000000000006 36.150000000000013 0.0017010416666666669 11.550000000000002 45.95000000000001 -0.0025728571428571419 6.5000000000000009
decision_type=2 2 2 2 2 2 2 2 2 2 2 2 2 2 2 2 10 2 2 2 2 2 2 2 2 2 2 2 2 2
left_child=2 -2 3 5 -5 6 7 -1 9 10 12 -12 13 14 -4 16 17 -11 20 -20 22 -22 -7 -24 -8 26 27 -26 -17 -30
right_child=1 -3 8 4 -6 18 24 -9 -10 15 11 -13 -14 -15 -16 28 -18 -19 19 -21 21 -23 23 -25 25 -27 -28 -29 29 -31
leaf_value=0 0.00068588960028335521 -4.0840164503471755e-06 -0.00038693578451321549 0.00048950737235957473 0 0 -4.1487279865200768e-05 0.00063999195146047553 -5.6760775294853374e-05 6.0677053276393919e-05 -0.00058790502905279804 0 0.00016486526588914107 -8.7032793183565432e-06 0 -1.7326074585643925e-05 0.00039325236229755179 -0.00012080903020379242 -3.0093242434141052e-05 0.00015949038776590774 -0.00019580918916303476 0 0 -8.4075199968164867e-05 0.00020200116870286629 0 0 0 -4.6486929855678741e-06 2.5712799001180899e-05
leaf_weight=54 54 377 54 55 78 1552 163 51 624 151 51 50 66 1509 56 1978 51 50 88 117 118 69 176 250 69 52 79 52 3959 1670
leaf_count=54 54 377 54 55 78 1552 163 51 624 151 51 50 66 1509 56 1978 51 50 88 117 118 69 176 250 69 52 79 52 3959 1670
internal_value=-1.16879e-08 7.21763e-05 -2.73381e-06 1.34781e-05 0.000206734 2.78635e-06 7.66821e-05 0.000335877 -7.99399e-06 -4.31503e-06 -3.10031e-05 -0.000275439 -1.32311e-05 -2.36751e-05 -0.000182088 1.11701e-06 9.2928e-05 0 -1.13437e-05 5.40853e-05 -1.98696e-05 -9.74698e-05 -9.96123e-06 -4.82339e-05 0 4.40803e-05 7.74945e-05 0.000128008 -1.27905e-06 3.47376e-06
internal_weight=13723 431 13292 3023 133 2890 520 105 10269 9645 1786 101 1685 1619 110 7859 252 201 2370 205 2165 187 1978 426 415 252 200 121 7607 5629
internal_count=13723 431 13292 3023 133 2890 520 105 10269 9645 1786 101 1685 1619 110 7859 252 201 2370 205 2165 187 1978 426 415 252 200 121 7607 5629
is_linear=0
shrinkage=0.05


Tree=85
num_leaves=31
num_cat=0
split_feature=103 19 83 3 88 28 12 133 123 19 103 21 131 114 83 92 28 120 126 139 29 92 28 100 129 96 86 19 141 84
split_gain=0.00101938 0.0059378 0.00515068 0.00106851 0.00303241 0.000983471 0.000872392 0.000865245 0.0130227 0.000669152 0.00063534 0.000620604 0.00136132 0.00333543 0.00530863 0.000590218 0.000455085 0.000533295 0.000434453 0.00114633 0.000341404 0.000477163 0.000512616 0.000610412 0.000335925 0.000410217 0.000646377 0.000544056 0.00033341 0.000329899
threshold=1084.3500000000001 0.0096585714285714278 31.900000000000002 0.09041131550000002 38.562500000000007 38.100000000000009 0.067344018500000005 88.200000000000003 -0.5 0.0050742857142857135 989.45000000000016 0.50694444444444453 33.794363026180044 14.450000000000001 15.550000000000002 19.150000000000009 7.0500000000000007 272.64861585000006 16.500000000000004 90.61646151329019 41.95000000000001 9.3500000000000032 34.350000000000009 -5.1499999999999764 7.5000000000000009 32.862500000000004 18.500000000000004 0.0012428571428571432 38.660000000000004 1.0000000180025095e-35
decision_type=2 2 2 2 2 2 2 2 2 2 2 2 2 2 2 2 2 8 2 2 2 2 2 2 2 2 2 2 2 2
left_child=1 2 3 18 5 6 -5 9 -9 11 -7 12 13 -2 -15 -11 17 -14 -1 28 -18 -22 -23 -24 -13 -26 27 -27 -20 -25
right_child=7 -3 -4 4 -6 10 -8 8 -10 15 -12 24 16 14 -16 -17 20 -19 19 -21 21 22 23 29 25 26 -28 -29 -30 -31
leaf_value=-2.6280172758888195e-05 -2.2601675542409148e-05 0.00051334273290468992 0.00051644156047248046 2.1625701728800688e-05 0.00043097284753325355 0.00027612015289867905 -0.00015455991980722523 -0.00044492006412209865 0.00050970644543877621 -2.5696829379789536e-05 0 -6.890085426220623e-06 0.00020620783424435057 0.00070597651419709168 9.644278212322226e-07 -0.00018786726857205249 -1.0484653916439567e-05 0 -1.2128835673692326e-05 0.00019324322665657489 0 0 0 0 -4.8696601409854779e-06 -0.00015246718708250247 9.263742869974654e-06 0 7.921220562520435e-05 0.00021375504915993544
leaf_weight=1282 140 62 50 162 54 51 93 54 90 595 50 3999 58 50 88 85 3027 168 760 83 1140 186 120 50 544 244 52 80 114 116
leaf_count=1282 140 62 50 162 54 51 93 54 90 595 50 3999 58 50 88 85 3027 168 760 83 1140 186 120 50 544 244 52 80 114 116
internal_value=3.22352e-06 3.05365e-05 1.74079e-05 5.91044e-06 8.09449e-05 1.27867e-05 -2.34517e-05 -3.24673e-06 0.000116639 -5.32997e-06 0.000152632 -1.56891e-06 1.00061e-05 0.000117935 0.000295616 -5.35564e-05 2.7882e-06 7.19625e-05 -5.62753e-06 1.68182e-05 0 1.79662e-05 6.01892e-05 0.000102156 -1.46868e-05 -4.3104e-05 -8.49995e-05 -0.000115495 0 0.000164538
internal_weight=13647 2761 2699 2649 410 356 255 10886 144 10742 101 10062 5143 278 138 680 4865 226 2239 957 4639 1612 472 286 4919 920 376 324 874 166
internal_count=13647 2761 2699 2649 410 356 255 10886 144 10742 101 10062 5143 278 138 680 4865 226 2239 957 4639 1612 472 286 4919 920 376 324 874 166
is_linear=0
shrinkage=0.05


Tree=86
num_leaves=31
num_cat=0
split_feature=103 8 100 0 113 133 104 24 49 134 103 92 5 2 120 83 8 103 133 30 15 134 21 11 8 29 77 99 105 88
split_gain=0.000942058 0.00501572 0.0037306 0.0155545 0.00108432 0.0156241 0.000823583 0.00124737 0.00382598 0.000681175 0.00105832 0.00234054 0.000470846 0.000364616 0.00238465 0.000634516 0.000400277 0.000322149 0.000730743 0.00102243 0.00067484 0.000286173 0.000377033 0.00026938 0.000509085 0.000643647 0.000682944 0.000224925 0.000188002 0.00016237
threshold=1117.1500000000003 0.067883565386171033 -4.1499999999999764 0.0077000000000000011 1.0500000000000003 83.585000000000022 0.65000000000000013 42.650000000000006 969.6500000000002 3.7100000000000004 2561.3000000000006 14.650000000000004 41.090000000000011 0.0034061355000000004 283.19008025000005 18.150000000000002 0.011668712943750105 760.00000000000011 79.800000000000011 -0.23428571428571482 0.0029166666666666668 7.5950000000000015 0.46527777777777785 0.0019443810277777779 0.052445627852836664 40.900000000000006 277.82105435000005 3.5999999999999663 31.500000000000004 49.737500000000004
decision_type=2 2 2 2 2 2 2 2 2 2 2 2 2 2 10 2 2 2 2 2 2 2 2 2 2 2 2 2 2 2
left_child=1 2 3 -1 6 -6 7 8 -2 10 11 -8 13 29 15 28 -17 20 23 -20 -4 22 -9 -19 25 -25 27 -27 -15 -11
right_child=4 -3 17 -5 5 -7 9 21 -10 12 -12 -13 -14 14 -16 16 -18 18 19 -21 -22 -23 -24 24 -26 26 -28 -29 -30 -31
leaf_value=0 0 0.00048785232860393729 -9.6803751628703259e-07 0.00098094080604485003 -1.2240020071214569e-05 0.0008737622287891874 -0.0004036249886525588 9.7991502944721776e-05 -0.0004562753922214648 -3.401658590711069e-07 0 0 -0.00014714888322891461 -7.3591097024899244e-05 0.00030442346084463362 0.00011151529656138495 0 -1.319717917012576e-05 0.00025533388771197809 0 -0.00014979456091495399 -4.9793207800369674e-05 -1.4210431378846806e-05 0 -7.5199175489231012e-05 0.00019105621520717328 0 0 0 -7.2262371638605205e-05
leaf_weight=219 79 58 604 50 518 53 62 92 71 7919 226 52 53 180 73 166 163 1168 69 71 102 400 249 311 70 142 60 59 227 81
leaf_count=219 79 58 604 50 518 53 62 92 71 7919 226 52 53 180 73 166 163 1168 69 71 102 400 249 311 70 142 60 59 227 81
internal_value=3.12388e-06 2.81487e-05 1.71607e-05 0.000194252 -3.40937e-06 6.26409e-05 -7.64726e-06 -5.38413e-05 -0.000189536 -2.62577e-06 -7.19724e-05 -0.000195874 0 9.44793e-07 3.32633e-05 0 5.71034e-05 0 9.62515e-06 0.000119324 -2.97235e-05 -1.94157e-05 1.63919e-06 0 2.70318e-05 4.83779e-05 0.000106114 0.000151846 -3.53632e-05 -1.70224e-06
internal_weight=13647 2983 2925 269 10664 571 10093 891 150 9202 340 114 8862 8809 809 736 329 2656 1950 140 706 741 341 1810 642 572 261 201 407 8000
internal_count=13647 2983 2925 269 10664 571 10093 891 150 9202 340 114 8862 8809 809 736 329 2656 1950 140 706 741 341 1810 642 572 261 201 407 8000
is_linear=0
shrinkage=0.05


Tree=87
num_leaves=31
num_cat=0
split_feature=103 19 83 113 133 3 88 28 11 139 103 116 105 56 81 114 1 2 104 83 108 2 19 28 112 88 92 103 136 123
split_gain=0.000865543 0.005201 0.0045353 0.000963668 0.0119315 0.000891345 0.00258 0.000804697 0.000755232 0.000618378 0.0019843 0.00108465 0.0020983 0.00126505 0.000615075 0.000588 0.000581204 0.000386008 0.00361058 0.000444158 0.000385599 0.000374551 0.000358243 0.000299588 0.00137953 0.000271314 0.000280374 0.000201245 0.000198641 0.000713014
threshold=1084.3500000000001 0.0096585714285714278 31.900000000000002 1.2500000000000002 80.670000000000002 0.09041131550000002 38.562500000000007 38.100000000000009 0.0043679039444444448 88.861231950955485 1525.0500000000004 267.84749525000007 30.500000000000004 -0.56382454999999243 53.750000000000007 22.650000000000002 0.41087726350000003 0.0034061355000000004 20.550000000000008 19.550000000000004 290.16319625000006 3.7150000000000002e-05 -0.0023628571428571427 7.0500000000000007 285.42987850000003 38.287500000000009 14.050000000000002 919.45000000000016 0.16500000000000004 -0.25881904510252113
decision_type=2 2 2 2 2 2 2 2 2 2 2 2 2 2 2 2 2 2 2 2 2 2 2 2 2 2 2 2 2 2
left_child=1 2 5 9 -5 20 7 8 -7 14 -11 12 -12 -13 16 -9 17 23 19 -19 21 28 -21 24 -2 -24 -27 -23 29 -1
right_child=3 -3 -4 4 -6 6 -8 15 -10 10 11 13 -14 -15 -16 -17 -18 18 -20 22 -22 27 25 -25 -26 26 -28 -29 -30 -31
leaf_value=0.00016120680631978587 0 0.0004800234113460488 0.00048387205926344766 -8.9785420791527255e-06 0.00078242358702062555 1.1828709563753197e-05 0.00039624397572002974 0.00025538527278583321 -0.00015658472766652402 -0.00029068136116328801 -0.00036767706622030301 0 0 0.00025945776084257643 -0.00013581109469999899 0 -0.00013778100892429789 -3.3070528215531672e-05 0.00037568792121185526 0 8.6715704987909697e-05 -7.655164530220923e-05 0 -6.4579464851844647e-06 0.00025483167727289869 0.00021357532914862535 0 0 -8.366465127913711e-06 0
leaf_weight=83 525 62 50 441 51 175 54 51 80 80 56 269 63 50 87 50 77 425 69 85 95 298 78 8346 60 63 61 198 1373 192
leaf_count=83 525 62 50 441 51 175 54 51 80 80 56 269 63 50 87 50 77 425 69 85 95 298 78 8346 60 63 61 198 1373 192
internal_value=2.88649e-06 2.80728e-05 1.5665e-05 -3.0442e-06 6.43357e-05 4.76152e-06 7.34593e-05 9.51915e-06 -2.18809e-05 -6.72051e-06 -6.05407e-05 -6.54999e-06 -0.000143174 2.90796e-05 -3.38555e-06 0.000137253 -1.68414e-06 -7.62703e-08 3.3036e-05 0 -5.61327e-06 -1.20739e-05 4.73058e-05 -3.53504e-06 2.95725e-05 8.71018e-05 0.000133218 -5.01321e-05 0 3.80896e-05
internal_weight=13647 2761 2699 10886 492 2649 410 356 255 10394 518 438 119 319 9876 101 9789 9712 781 712 2239 2144 287 8931 585 202 124 496 1648 275
internal_count=13647 2761 2699 10886 492 2649 410 356 255 10394 518 438 119 319 9876 101 9789 9712 781 712 2239 2144 287 8931 585 202 124 496 1648 275
is_linear=0
shrinkage=0.05


Tree=88
num_leaves=31
num_cat=0
split_feature=88 1 133 123 75 15 52 138 49 1 131 141 23 49 86 103 141 116 114 75 56 17 103 28 112 138 88 105 1 155
split_gain=0.000849766 0.000789418 0.000736092 0.00755596 0.0142017 0.000458343 0.00134282 0.00332125 0.00589398 0.000700792 0.000698177 0.000656519 0.000484503 0.000327122 0.000440819 0.000307834 0.000320566 0.000291647 0.000450661 0.000266422 0.000535768 0.000501227 0.00042461 0.000255772 0.00105133 0.00135735 0.000221429 0.000217344 0.000842637 0.00027456
threshold=50.912500000000001 0.41087726350000003 88.200000000000003 -0.5 10.450000000000001 0.00086145833333333354 73.500000000000014 4.4250000000000007 987.6500000000002 0.058572534000000002 30.210440651388549 35.775000000000013 25.400694444444444 945.05000000000007 5.5000000000000009 1274.8500000000001 22.715000000000003 287.07648125000009 31.750000000000004 15.350000000000003 -3.783098999999964 0.039450000000000006 1717.1500000000003 7.0500000000000007 284.52486770000002 6.0200000000000005 39.662500000000016 12.500000000000002 8.390000000000002e-05 0.23800000000000004
decision_type=2 2 2 2 2 2 2 2 2 2 2 2 2 2 2 2 2 2 2 2 2 2 2 2 2 2 2 2 2 2
left_child=1 2 5 -4 -5 13 10 8 26 -9 -7 -11 19 14 -1 16 -14 23 -19 20 -12 -22 -23 24 -15 -26 -8 28 -21 -30
right_child=-2 -3 3 4 -6 6 7 9 -10 11 12 -13 15 17 -16 -17 -18 18 -20 27 21 22 -24 -25 25 -27 -28 -29 29 -31
leaf_value=0 0.0001701263153948898 0.00014149958756315756 -0.00031131691214839177 -8.3757700310733128e-05 0.00091711310492690365 0.00015365806586012932 -1.5797685286048402e-05 -2.5266874956946073e-05 0.00052503337149926435 0.000177496057507114 -5.22487395965339e-06 0 0 0 -7.4472621539622857e-05 7.4558195780275058e-07 0.00013280984898021697 0 -6.3868467863816597e-05 -3.1056146093860285e-05 -2.0416198312473877e-05 -0.00021379705980807811 0 -3.2452101143961941e-06 0 0.0002871764946203257 8.7713370974044024e-05 -8.4995345256396703e-06 0 0.00023172551565827846
leaf_weight=485 75 99 62 69 58 68 90 478 97 97 1090 96 54 680 420 655 116 816 483 72 354 108 70 6030 57 79 68 610 52 59
leaf_count=485 75 99 62 69 58 68 90 478 97 97 1090 96 54 680 420 655 116 816 483 72 354 108 70 6030 57 79 68 610 52 59
internal_value=2.75972e-06 1.454e-06 4.34266e-08 9.80719e-05 0.000337864 -9.82201e-07 1.21486e-05 6.54962e-05 0.000219015 0 -1.2891e-06 8.63396e-05 -6.13022e-06 -7.67847e-06 -3.68891e-05 2.44321e-05 8.59173e-05 -3.81492e-06 -2.55354e-05 -1.86461e-05 -3.04621e-05 -7.26822e-05 -0.000147999 0 2.65502e-05 0.000152933 0 0 5.20879e-05 0.000150458
internal_weight=13647 13572 13473 189 127 13284 4234 926 255 671 3308 193 3240 9050 905 825 170 8145 1299 2415 1622 532 178 6846 816 136 158 793 183 111
internal_count=13647 13572 13473 189 127 13284 4234 926 255 671 3308 193 3240 9050 905 825 170 8145 1299 2415 1622 532 178 6846 816 136 158 793 183 111
is_linear=0
shrinkage=0.05


Tree=89
num_leaves=31
num_cat=0
split_feature=103 8 88 128 113 133 133 155 49 1 88 3 131 4 82 139 131 21 131 61 91 43 44 92 10 112 43 69 128 119
split_gain=0.000803514 0.00595917 0.00433014 0.0141861 0.000795836 0.0126636 0.00064533 0.00195015 0.00814462 0.000562327 0.000547878 0.000390097 0.000549313 0.00046923 0.000654766 0.00124748 0.000410626 0.0003074 0.000674171 0.00405212 0.000441507 0.000557248 0.000408891 0.000287374 0.000308467 0.000216761 0.000347136 0.000300182 0.000245171 0.000304057
threshold=1062.8000000000002 0.067883565386171033 42.662500000000009 9.6606001815219589 1.0500000000000003 83.585000000000022 84.635000000000005 0.05000000000000001 970.25000000000011 0.41087726350000003 49.737500000000004 0.096214196500000015 189.71052005291051 0.00016973850000000004 21.940000000000008 89.534192748478475 92.98559840874789 0.50694444444444453 33.794363026180044 1738.45 24.650000000000002 0.32350000000000007 1187.5000000000002 18.050000000000008 11.140000000000002 291.1701104500001 0.28550000000000003 277.59086795000007 10.017552567605188 0.25000000000000006
decision_type=2 2 2 2 2 2 2 2 2 2 2 2 2 2 2 2 2 2 2 2 2 2 2 2 2 2 2 2 2 10
left_child=1 2 11 -4 6 -6 9 -8 -9 10 17 13 -13 14 -1 -16 -15 18 19 -2 25 -22 23 24 -23 27 -27 -20 29 -29
right_child=4 -3 3 -5 5 -7 7 8 -10 -11 -12 12 -14 16 15 -17 -18 -19 20 -21 21 22 -24 -25 -26 26 -28 28 -30 -31
leaf_value=-1.1012032949533332e-05 -3.0436873459795389e-06 0.00056047551857773225 0.00095820745523126922 -1.7573683254470647e-05 -1.2402295628853971e-05 0.00078433442242115874 0 4.6315357376656988e-05 -0.00067060034278741427 -0.00013923166160790745 -0.00011268238210545904 0 0.0001316068048037414 -8.0784158184653802e-05 9.1023145873070848e-06 0.00030205728263193608 0 -9.5793538338067903e-06 0 0.00048205139904614329 0 0.00018079085648081109 0 0 0 0.0001136825648456579 0 0 -5.7390056312341269e-06 -0.00014041782334843128
leaf_weight=977 145 51 50 104 525 53 239 84 59 76 110 182 124 358 290 50 412 4933 3171 51 333 153 153 50 83 99 76 68 475 113
leaf_count=977 145 51 50 104 525 53 239 84 59 76 110 182 124 358 290 50 412 4933 3171 51 333 153 153 50 83 99 76 68 475 113
internal_value=2.56532e-06 2.77744e-05 1.49298e-05 0.000271118 -2.9117e-06 5.32478e-05 -6.49395e-06 -7.09446e-05 -0.000217356 -3.55133e-06 -2.0084e-06 0 5.07842e-05 -9.37406e-06 5.5265e-06 6.76061e-05 -4.1319e-05 -2.62958e-07 7.97831e-06 9.96056e-05 3.1493e-06 3.82101e-05 7.57044e-05 0.000111123 0.000134107 -2.37284e-06 4.91132e-05 -6.04557e-06 -3.6813e-05 -9.04085e-05
internal_weight=13647 2598 2547 154 11049 578 10471 382 143 10089 10013 2393 306 2087 1317 340 770 9903 4970 196 4774 772 439 286 236 4002 175 3827 656 181
internal_count=13647 2598 2547 154 11049 578 10471 382 143 10089 10013 2393 306 2087 1317 340 770 9903 4970 196 4774 772 439 286 236 4002 175 3827 656 181
is_linear=0
shrinkage=0.05


Tree=90
num_leaves=31
num_cat=0
split_feature=85 104 89 120 137 160 138 14 77 84 0 46 1 100 34 29 0 88 4 87 16 83 44 84 82 125 128 120 75 22
split_gain=0.000501247 0.00618383 0.00114213 0.000533833 0.00609371 0.000455627 0.00270284 0.000589873 0.000568277 0.000939898 0.000502945 0.000495978 0.000648269 0.00241348 0.000326906 0.00202382 0.0003994 0.000311625 0.000229511 0.00033871 0.00056331 0.000622282 0.000618326 0.00099073 0.00049186 0.000249307 0.000234742 0.00120965 0.00282058 0.000268526
threshold=280.31944675000005 0.55000000000000016 55.20000000000001 264.59503830000006 0.025000000000000005 0.45000000000000007 4.0050000000000008 0.042712621500000006 290.42491665000006 20.450000000000006 0.024700000000000003 99.500000000000014 0.00031129350000000004 2.0999999999999663 0.34051235761127191 51.650000000000006 0.24405000000000002 37.812500000000007 7.6200000000000023e-05 1.0000000180025095e-35 0.24000000000000002 26.550000000000004 1202.5000000000002 1.0000000180025095e-35 32.598000000000006 2.5000000000000004 9.0769232520067131 282.27086065000009 10.850000000000003 1.0000000180025095e-35
decision_type=2 2 2 8 2 2 2 2 2 2 2 2 2 2 2 2 2 2 2 2 2 2 2 2 2 2 2 10 2 2
left_child=2 -2 3 4 -1 7 -7 14 10 -10 -8 12 13 -9 16 17 18 -16 25 26 -21 22 23 -22 -25 -5 27 29 -29 -20
right_child=1 -3 -4 5 -6 6 8 11 9 -11 -12 -13 -14 -15 15 -17 -18 -19 19 20 21 -23 -24 24 -26 -27 -28 28 -30 -31
leaf_value=0.00056674692843265739 -1.6824706598902484e-05 0.00047513523856289563 -0.00017740134699047207 -2.9315002628149353e-05 -1.4466258687523005e-05 -0.00033877451852822564 -1.0932739531340767e-06 0 0.00025294280826118685 0 -0.00013921926855049529 1.7274917800959345e-05 -2.743966523135457e-05 -0.00044244428624640978 7.636017651257156e-07 0.00031551020155191136 -7.8528298055365075e-05 0.00012608720359172105 -0.00010985446560914839 -1.0376009954197016e-05 0 2.893544053465517e-07 0 0.00022582328947248634 0 0 -5.7355148848485684e-06 0 0.00045458769533533825 7.8242887688209093e-06
leaf_weight=50 395 72 93 1139 277 69 552 63 50 51 91 118 434 50 1500 57 164 55 52 464 83 515 177 180 51 2594 3747 58 50 517
leaf_count=50 395 72 93 1139 277 69 552 63 50 51 91 118 434 50 1500 57 164 55 52 464 83 515 177 180 51 2594 3747 58 50 517
internal_value=-1.0518e-06 4.91929e-05 -3.19534e-06 -1.57686e-06 6.06173e-05 -3.54846e-06 -3.98962e-05 -6.82383e-07 -5.04874e-06 9.46219e-05 -2.85912e-05 -4.66975e-05 -6.96282e-05 -0.00018614 1.56654e-06 2.26328e-05 -1.39316e-06 8.48782e-06 0 6.07229e-06 2.68963e-05 4.9046e-05 8.99188e-05 0.000132423 0.000185703 -9.76989e-06 0 2.6148e-05 0.000178878 0
internal_weight=13768 467 13301 13208 327 12881 813 12068 744 101 643 665 547 113 11403 1612 9791 1555 9627 5894 1470 1006 491 314 231 3733 4424 677 108 569
internal_count=13768 467 13301 13208 327 12881 813 12068 744 101 643 665 547 113 11403 1612 9791 1555 9627 5894 1470 1006 491 314 231 3733 4424 677 108 569
is_linear=0
shrinkage=0.05


Tree=91
num_leaves=31
num_cat=0
split_feature=85 138 89 120 133 84 141 138 84 136 43 33 136 43 2 100 6 104 92 133 16 141 137 50 29 2 103 28 128 29
split_gain=0.000444738 0.00598012 0.00103106 0.000476028 0.00600964 0.000793707 0.0019899 0.00032567 0.0014819 0.00122577 0.000561431 0.00111054 0.00172053 0.000460155 0.00281816 0.000691483 0.000451064 0.00109418 0.000422376 0.0024696 0.000974986 0.000321597 0.000259814 0.000398836 0.000227911 0.000218323 0.000195411 0.000196667 0.000393645 0.000186618
threshold=280.31944675000005 4.0050000000000008 55.20000000000001 266.28082010000008 84.075000000000017 20.350000000000005 25.930000000000003 7.9400000000000004 12.950000000000005 0.34500000000000003 0.30350000000000005 0.10227301964115433 0.14000000000000004 0.32950000000000007 0.0059917800000000012 6.4500000000000464 0.013575000000000002 1.8500000000000005 11.350000000000003 83.585000000000022 14.870000000000003 38.660000000000004 7.6850000000000014 1023.6500000000002 47.300000000000004 0.0040711290000000006 1495.8500000000004 24.050000000000004 9.6939078444960973 50.400000000000013
decision_type=2 2 2 8 2 2 2 2 2 2 2 2 2 2 2 2 2 2 2 2 2 2 2 2 2 2 2 2 2 2
left_child=2 -2 3 4 26 7 -7 10 -9 -10 11 29 -13 14 15 -12 18 -18 20 22 25 -3 -20 -24 -14 -15 27 -1 -29 -5
right_child=1 21 -4 5 -6 6 -8 8 9 -11 13 12 24 16 -16 -17 17 -19 19 -21 -22 -23 23 -25 -26 -27 -28 28 -30 -31
leaf_value=0 0.00043797292071714056 -5.3197971588288568e-05 -0.00016862564595748099 -6.7884429615492572e-06 0.00050770965261636455 -0.00033715829809865226 0 2.2883423000490456e-06 0.00033659145946980326 0 -2.6912617203424258e-06 -0.00032163411282062611 0 -1.8202657123864904e-06 0.00034746463901291676 0.00016829383278774436 -0.00023549154306141043 -2.0839661400112849e-06 -1.4043363867724269e-05 0.00034709623850000775 -0.00021542302344422406 4.1893407377851396e-05 0 0.0001741553606738236 -9.7301936666826182e-05 -4.1902193003319577e-05 -1.7918087544393931e-05 0.00015481454669694555 0 7.6494040901646561e-05
leaf_weight=213 81 320 93 600 61 62 218 2916 62 61 1000 78 291 4961 64 60 74 306 505 56 57 66 132 50 141 402 593 73 98 74
leaf_count=213 81 320 93 600 61 62 218 2916 62 61 1000 78 291 4961 64 60 74 306 505 56 57 66 132 50 141 402 593 73 98 74
internal_value=-1.03274e-06 4.62481e-05 -3.07201e-06 -1.51511e-06 3.03586e-05 -4.64676e-06 -8.82171e-05 -2.251e-06 1.12331e-05 0.000181239 -7.44638e-06 -3.97184e-05 -9.53492e-05 -1.80609e-06 2.68064e-05 2.4241e-06 -7.48873e-06 -6.11592e-05 -3.35896e-06 3.05224e-05 -8.93069e-06 -2.39527e-05 0 5.48094e-05 -4.22964e-05 -5.76412e-06 0 2.78129e-05 6.77498e-05 0
internal_weight=13768 467 13301 13208 1038 12170 280 11890 3039 123 8851 1184 510 7667 1124 1060 6543 380 6163 743 5420 386 687 182 432 5363 977 384 171 674
internal_count=13768 467 13301 13208 1038 12170 280 11890 3039 123 8851 1184 510 7667 1124 1060 6543 380 6163 743 5420 386 687 182 432 5363 977 384 171 674
is_linear=0
shrinkage=0.05


Tree=92
num_leaves=31
num_cat=0
split_feature=114 87 13 75 2 136 90 74 77 96 8 137 84 133 49 160 41 22 85 128 61 24 43 19 136 8 137 53 90 104
split_gain=0.000414666 0.000732115 0.00410318 0.00126552 0.00372084 0.00137988 0.00221201 0.00107367 0.00201203 0.000890632 0.000767025 0.000759338 0.00323808 0.000487526 0.000662464 0.00186 0.00169117 0.000422147 0.000410122 0.000343636 0.000327856 0.00191363 0.0011608 0.00049958 0.000337568 0.0002943 0.000292311 0.00157102 0.0032415 0.000317523
threshold=40.850000000000001 1.0000000180025095e-35 0.0039296913055555565 13.850000000000003 0.0034061355000000004 0.37000000000000005 27.709183673469386 34.092857142857149 276.76607270000005 50.937500000000007 0.048380708384198286 1.0000000180025095e-35 7.1500000000000021 78.710000000000022 970.25000000000011 0.020204081632653064 50.500000000000007 7.5000000000000009 275.42736185000007 8.922324908399462 196.10000000000005 62.750000000000007 0.32850000000000007 0.0096585714285714278 0.63500000000000012 0.015324382675022698 0.080000000000000016 222.50000000000003 11.839763001974985 2.6500000000000012
decision_type=2 2 2 2 2 2 2 2 2 2 2 2 2 2 2 2 2 2 2 2 2 2 2 2 2 2 2 2 2 2
left_child=1 7 3 4 5 6 -3 11 -9 10 19 12 -1 20 17 -16 -17 -15 -2 -5 21 24 -23 26 25 -13 27 -22 -29 -28
right_child=18 2 -4 9 -6 -7 -8 8 -10 -11 -12 13 -14 14 15 16 -18 -19 -20 -21 23 22 -24 -25 -26 -27 29 28 -30 -31
leaf_value=0 0 0.00033079367847433012 0.00041543330468950008 -6.3426804884645789e-05 0.00048820150541919603 -2.5120058831885005e-05 0 0 -0.0003942951389315425 -0.00020857311684616996 0.00012702060508576994 0 0.00040613044755754332 -2.7660359522133323e-05 0 -8.0258907051756943e-06 -0.00045195370819320975 0.00010987882627477388 -9.8053653747761618e-05 0 0 0.00040089048579330651 0 -7.4058091818915279e-05 2.9574802493220853e-05 -7.5961057961590537e-05 -3.1413241508067856e-05 0 0.00048933060449126765 -2.0041430386204669e-06
leaf_weight=263 162 83 65 232 51 320 129 89 50 51 113 441 58 258 193 74 58 70 215 1674 801 50 51 274 578 185 1210 66 51 5853
leaf_count=263 162 83 65 232 51 320 129 89 50 51 113 441 58 258 193 74 58 70 215 1674 801 50 51 274 578 185 1210 66 51 5853
internal_value=-1.03666e-06 4.94456e-08 2.357e-05 1.19323e-05 7.74831e-05 2.78868e-05 0.000131114 -5.47356e-06 -0.000143896 -4.14382e-06 0 -3.15893e-06 7.12874e-05 -5.99509e-06 -4.82444e-05 -9.87399e-05 -0.000242611 0 -5.27405e-05 -6.40608e-06 -2.58153e-06 1.97669e-05 0.000227828 -6.7221e-06 0 -2.32003e-05 -3.77495e-06 2.13732e-05 0.000191943 -7.75392e-06
internal_weight=13768 13391 2718 2653 583 532 212 10673 139 2070 2019 10534 321 10213 653 325 132 328 377 1906 9560 1305 101 8255 1204 626 7981 918 117 7063
internal_count=13768 13391 2718 2653 583 532 212 10673 139 2070 2019 10534 321 10213 653 325 132 328 377 1906 9560 1305 101 8255 1204 626 7981 918 117 7063
is_linear=0
shrinkage=0.05


Tree=93
num_leaves=31
num_cat=0
split_feature=114 116 138 49 116 33 2 89 52 13 12 41 112 73 91 42 138 137 3 118 150 74 15 140 92 49 34 22 114 1
split_gain=0.000371567 0.00085958 0.00361366 0.00603435 0.000365238 0.000459189 0.00137674 0.000815955 0.000330806 0.00032199 0.000309094 0.000614352 0.000546818 0.000283199 0.00263313 0.000671528 0.00304515 0.000604581 0.00271719 0.000313078 0.000269705 0.000290497 0.00026491 0.000292977 0.00064782 0.00177099 0.000238308 0.00181057 0.000440722 0.000376659
threshold=40.850000000000001 292.01624035000003 3.8050000000000002 991.55000000000007 287.07648125000009 0.92906865306356357 0.00036114100000000004 55.20000000000001 11.500000000000002 0.00080076865277777778 0.0028856460000000004 46.500000000000007 279.30235815000009 40.750000000000007 18.250000000000004 1.0850000000000002 3.9100000000000006 1.0000000180025095e-35 0.028829380000000005 7.4500000000000011 1.0000000180025095e-35 22.721428571428579 0.0027375000000000003 66.940000000000012 0.95000000000000029 970.25000000000011 0.26827879573927066 1.0000000180025095e-35 32.250000000000007 0.41087726350000003
decision_type=2 2 2 2 2 2 2 2 2 2 2 2 2 2 2 2 2 2 2 10 2 2 2 2 2 2 2 2 2 2
left_child=1 4 3 -3 5 7 -7 13 -6 10 -4 12 -12 15 -15 17 -17 18 19 -1 21 -2 26 -24 -25 -26 29 -28 -29 -19
right_child=20 2 9 -5 8 6 -8 -9 -10 -11 11 -13 -14 14 -16 16 -18 22 -20 -21 -22 -23 23 24 25 -27 27 28 -30 -31
leaf_value=-9.7158218062152937e-05 -0.00010640566088254301 0 0 0.00070268232882160692 -5.6126099545581824e-05 0 0.00025663874200277412 -0.00018783184965101655 0 -3.7558902739047532e-05 0 0 0.00027625324361065824 0.00037452921037352195 1.3847985191045335e-06 -0.00040316858284313647 0 -2.2633310600309082e-06 0.00036400146806338479 2.8483485281409287e-05 0 0 -4.5098972816570761e-06 0 0 -0.00030272676652047515 0.00028126838436802492 0 0.00014160542907445362 -0.00012769313905635732
leaf_weight=71 206 97 112 52 583 344 68 58 587 308 50 120 52 50 1094 57 344 6134 61 126 78 93 937 151 82 81 62 1593 55 62
leaf_count=71 206 97 112 52 583 344 68 58 587 308 50 120 52 50 1094 57 344 6134 61 126 78 93 937 151 82 81 62 1593 55 62
internal_value=-1.01791e-06 0 5.08685e-05 0.000271828 -2.81101e-06 0 5.16727e-05 -2.02618e-06 -2.94073e-05 0 3.31922e-05 7.15559e-05 0.000161236 -5.69692e-07 2.23732e-05 -3.75489e-06 -6.71882e-05 -5.15302e-07 7.40931e-05 0 -4.99519e-05 -7.34267e-05 -3.17124e-06 -2.45466e-05 -6.82605e-05 -0.000137204 0 1.67273e-05 3.57819e-06 -4.34568e-06
internal_weight=13768 13391 791 149 12600 11430 412 11018 1170 642 334 222 102 10960 1144 9816 401 9415 258 197 377 299 9157 1251 314 163 7906 1710 1648 6196
internal_count=13768 13391 791 149 12600 11430 412 11018 1170 642 334 222 102 10960 1144 9816 401 9415 258 197 377 299 9157 1251 314 163 7906 1710 1648 6196
is_linear=0
shrinkage=0.05


Tree=94
num_leaves=31
num_cat=0
split_feature=85 18 89 73 91 43 74 137 14 118 133 28 82 43 50 140 2 93 74 61 10 112 18 131 84 91 26 134 33 137
split_gain=0.000379589 0.00628079 0.00083272 0.000352481 0.00228728 0.000521472 0.00165735 0.000786155 0.000320726 0.000305244 0.00126691 0.000704993 0.00363485 0.00497227 0.000835498 0.000722593 0.000328673 0.000478674 0.000306333 0.000266549 0.000922133 0.000223881 0.000219257 0.000210836 0.000226878 0.000694482 0.000290497 0.00019891 0.000350112 0.000263851
threshold=280.31944675000005 0.013114583333333334 55.20000000000001 40.750000000000007 18.150000000000002 0.30750000000000005 34.092857142857149 1.0000000180025095e-35 0.0023100800000000004 10.450000000000001 88.200000000000003 32.550000000000004 14.586000000000004 0.33450000000000008 1025.0500000000002 27.300000000000001 0.0019842340000000005 272.03658780000006 21.692857142857147 136.45000000000002 23.095000000000002 276.40658725000009 0.063537500000000011 101.24299596218488 1.1500000000000004 13.550000000000002 1.0000000180025095e-35 14.945000000000002 0.83612933979820336 0.51500000000000012
decision_type=2 2 2 2 2 2 2 2 2 10 2 2 2 2 2 2 2 2 2 2 2 2 2 2 2 2 2 2 2 2
left_child=2 -2 3 5 -5 6 7 -1 -9 23 11 19 13 -13 16 -16 17 -14 -18 20 -11 -19 -6 24 -7 -26 -27 28 -10 -30
right_child=1 -3 -4 4 22 9 -8 8 27 10 -12 12 14 -15 15 -17 18 21 -20 -21 -22 -23 -24 -25 25 26 -28 -29 29 -31
leaf_value=0.00015309558671297533 -1.1062835227273984e-05 0.00055801966115568747 -0.0001517291652364409 0.00034671276931888165 0 -9.374395806677505e-06 -0.0003081490381919139 8.5480331580037578e-06 -2.5274674413737911e-05 -9.7171238321853051e-06 0.00025575712898549124 0.00067440811099396688 0 0 0 0.00027222865020761405 -0.00013745187199296576 0.00019246283419146066 0 0 -0.0002426819700111296 0 8.9193592009703736e-05 0 -0.00020702531524252016 -7.6753019199066221e-05 3.0385065992939981e-06 0 0 -0.00015203498279620426
leaf_weight=56 415 52 93 52 1095 2074 53 302 964 730 51 50 768 55 51 53 76 50 223 3160 50 114 71 2238 69 131 233 217 77 145
leaf_count=56 415 52 93 52 1095 2074 53 302 964 730 51 50 768 55 51 53 76 50 223 3160 50 114 71 2238 69 131 233 217 77 145
internal_value=-9.52864e-07 4.26771e-05 -2.8637e-06 -1.42557e-06 2.35763e-05 -4.38411e-06 -2.90734e-05 -1.76664e-05 -2.62923e-05 0 8.11315e-06 4.78931e-06 3.51952e-05 0.000318686 8.93377e-06 0.000144597 0 1.19284e-05 -4.79211e-05 -5.0609e-06 -3.13444e-05 8.97618e-05 4.59622e-06 -9.24406e-06 -1.92839e-05 -5.50971e-05 -1.21107e-05 -3.73538e-05 -4.54898e-05 -0.000110342
internal_weight=13768 467 13301 13208 1218 11990 1814 1761 1705 10176 5431 5380 1440 105 1335 104 1231 932 299 3940 780 164 1166 4745 2507 433 364 1403 1186 222
internal_count=13768 467 13301 13208 1218 11990 1814 1761 1705 10176 5431 5380 1440 105 1335 104 1231 932 299 3940 780 164 1166 4745 2507 433 364 1403 1186 222
is_linear=0
shrinkage=0.05


Tree=95
num_leaves=31
num_cat=0
split_feature=1 41 117 137 35 88 85 83 13 44 88 105 137 15 100 138 96 139 34 22 43 90 33 27 120 12 85 137 90 137
split_gain=0.000886148 0.000452329 0.00122273 0.000804065 0.00402862 0.000474996 0.00316298 0.00088643 0.000553274 0.000787023 0.00130017 0.000538862 0.000508888 0.00043562 0.00039808 0.000299603 0.000584832 0.00110394 0.000320324 0.000795627 0.00289632 0.00035544 0.000281409 0.000281197 0.000779992 0.000272212 0.000246079 0.000245213 0.000211128 0.00016302
threshold=0.41087726350000003 35.500000000000007 0.65000000000000002 1.0000000180025095e-35 286.17535390000006 42.587500000000013 280.31944675000005 20.650000000000002 0.0011006858958333336 427.50000000000006 46.525000000000013 19.500000000000004 2.0950000000000006 8.5416666666666678e-05 -4.2499999999999991 4.3400000000000007 42.487500000000011 14.353926071274747 0.26827879573927066 1.5000000000000002 0.34650000000000003 25.012244897959189 -0.97582970874250952 1257.2000000000005 270.35554825000003 0.020877561000000003 276.77489255000006 1.2600000000000002 25.192857142857147 0.81000000000000016
decision_type=2 2 2 2 2 2 2 2 2 2 2 2 2 2 2 2 2 2 2 2 2 2 2 2 8 2 2 2 2 2
left_child=1 2 25 4 22 15 7 -7 9 10 -9 12 -10 14 -11 16 -5 -18 23 20 -20 -21 -3 24 -17 -1 -27 29 -25 -15
right_child=-2 3 -4 5 -6 6 -8 8 11 13 -12 -13 -14 27 -16 18 17 -19 19 21 -22 -23 -24 28 -26 26 -28 -29 -30 -31
leaf_value=3.2489048381048423e-06 0.0001511041155656843 8.4127552691213952e-05 -0.00027850256948113388 -7.7323192753178671e-06 0.00043840996423987529 0.00020492055400137801 0.00038159453491135487 0 -0.00013981461283919799 -0.00017074654592720638 0.00031799574478100115 0 0 0 0 0.0002175125076889974 -1.9304362369848422e-05 -0.00030403699386504678 0.00043147567969119239 0 0 7.2828169582054319e-05 -3.723884899393536e-05 -1.0409131993362257e-06 0 0 -9.9669295649383702e-05 0 -2.3875812953913644e-05 0.00011009516164827609
leaf_weight=400 96 60 51 2339 62 53 60 140 181 66 55 209 71 74 62 51 248 52 52 1220 72 179 195 5456 287 171 142 210 1424 94
leaf_count=400 96 60 51 2339 62 53 60 140 181 66 55 209 71 74 62 51 248 52 52 1220 72 179 195 5456 287 171 142 210 1424 94
internal_value=3.17616e-07 -3.83163e-07 -3.80152e-05 1.45056e-06 8.00402e-05 -1.29164e-07 2.83637e-05 6.50891e-06 0 2.51718e-05 0.000110941 -4.50681e-05 -9.50461e-05 0 -8.61827e-05 -3.76301e-06 -1.85661e-05 -8.61154e-05 1.35847e-07 2.14824e-05 0.000144949 6.87182e-06 0 -3.67801e-06 3.87956e-05 -1.34446e-05 -5.06442e-05 1.8585e-05 -6.49663e-06 6.63476e-05
internal_weight=13832 13736 764 12972 317 12655 1275 1215 1162 701 195 461 252 506 128 11380 2639 300 8741 1523 124 1399 255 7218 338 713 313 378 6880 168
internal_count=13832 13736 764 12972 317 12655 1275 1215 1162 701 195 461 252 506 128 11380 2639 300 8741 1523 124 1399 255 7218 338 713 313 378 6880 168
is_linear=0
shrinkage=0.05


Tree=96
num_leaves=31
num_cat=0
split_feature=101 0 139 88 85 84 133 133 35 88 14 103 133 49 4 88 54 84 85 2 53 75 128 128 30 86 128 141 103 73
split_gain=0.000401633 0.00345269 0.000883099 0.000521152 0.00270983 0.000589594 0.00475347 0.000967937 0.00366932 0.000542695 0.000770556 0.000669933 0.000630633 0.000681128 0.000590751 0.000483533 0.000790157 0.000470686 0.00103583 0.000340855 0.0072516 0.000649881 0.000340619 0.000294009 0.000229409 0.000227891 0.00021087 0.000267698 0.000279106 0.000280524
threshold=-5.6879933999999812 0.19770000000000001 90.61646151329019 42.587500000000013 280.31944675000005 20.650000000000006 84.075000000000017 80.670000000000002 287.91408530000007 45.050000000000004 0.012456766000000003 1554.8500000000004 10.345000000000001 960.55000000000007 0.0015534190000000001 46.525000000000013 0.13500000000000004 1.2500000000000004 266.83713505000009 0.0059917800000000012 200.50000000000003 16.350000000000005 9.4793745449579916 8.6546513695753227 -1.4371428571428584 9.5000000000000018 11.11772088152023 33.775000000000013 2454.5000000000005 31.350000000000005
decision_type=2 2 2 2 2 2 2 2 2 2 2 2 2 2 2 2 2 2 2 2 2 2 2 2 2 2 2 2 2 2
left_child=1 2 -1 5 9 7 -7 19 17 12 15 24 -5 -14 -15 -11 -17 23 -19 26 21 22 -21 -9 25 -12 -2 -28 29 -29
right_child=3 -3 -4 4 -6 6 -8 8 -10 10 11 -13 13 14 -16 16 -18 18 -20 20 -22 -23 -24 -25 -26 -27 27 28 -30 -31
leaf_value=0 -1.0727298579991627e-05 0.00041241532402766881 0.00018938831610804691 0 0.00033909259824891952 0 0.00050403451951056292 4.8572306392062663e-05 -0.00047187684708437441 -1.4293162606471714e-05 0 0 0 0.00027480746815387814 8.988488030299374e-06 0.00018627806102464241 0 -0.0002273986343214257 0 -0.0001507153605073121 0.00057762831513041011 5.7039069832573257e-05 0 -2.9872741879809533e-05 0 -0.00017863706236533514 -5.9522893251360097e-06 8.1016963851320939e-05 0 0
leaf_weight=1290 7361 55 62 291 66 365 50 174 52 113 53 109 56 77 90 98 61 80 50 115 54 76 127 360 54 147 1378 317 379 272
leaf_count=1290 7361 55 62 291 66 365 50 174 52 113 53 109 56 77 90 98 61 80 50 115 54 76 127 360 54 147 1378 317 379 272
internal_value=2.97229e-07 2.59074e-05 6.19534e-06 -2.20232e-06 2.81978e-05 -5.94545e-06 5.07851e-05 -8.59402e-06 -6.52248e-05 5.7124e-06 -1.99332e-05 -7.23388e-05 4.70811e-05 0.000110157 0.00016222 3.1699e-05 9.55203e-05 -2.51981e-05 -0.00011048 -4.06893e-06 4.11369e-05 -3.58166e-05 -8.56687e-05 0 -0.000118481 -0.000143744 -6.32045e-06 5.37515e-06 2.66498e-05 4.84674e-05
internal_weight=13832 1407 1352 12425 1215 11210 415 10795 716 1149 635 363 514 223 167 272 159 664 130 10079 372 318 242 534 254 200 9707 2346 968 589
internal_count=13832 1407 1352 12425 1215 11210 415 10795 716 1149 635 363 514 223 167 272 159 664 130 10079 372 318 242 534 254 200 9707 2346 968 589
is_linear=0
shrinkage=0.05


Tree=97
num_leaves=31
num_cat=0
split_feature=1 41 133 36 43 117 85 138 15 85 21 131 118 89 77 133 49 49 94 89 141 12 85 88 44 89 0 137 135 21
split_gain=0.000772794 0.000395819 0.00122479 0.00818098 0.00111259 0.00108429 0.000322647 0.00478651 0.000355433 0.000742981 0.00047294 0.00108809 0.0055979 0.000674765 0.000374473 0.000797072 0.00137068 0.000347272 0.000309626 0.000297472 0.000261578 0.000242733 0.000212238 0.000202017 0.000488346 0.000259349 0.00021837 0.000179267 0.000164107 0.000172221
threshold=0.41087726350000003 35.500000000000007 88.200000000000003 273.24284590000008 0.38750000000000007 0.65000000000000002 280.31944675000005 4.0050000000000008 0.0038104166666666672 276.23717085000004 0.43750000000000006 42.618209537865361 14.65 55.20000000000001 281.49947715000002 26.395000000000007 972.35000000000002 941.45000000000016 5.5000000000000009 43.45000000000001 38.660000000000004 0.020877561000000003 276.77489255000006 38.63750000000001 242.50000000000003 49.550000000000004 0.018000000000000006 3.8950000000000005 13.790000000000001 0.35416666666666669
decision_type=2 2 2 2 2 2 2 2 2 2 2 2 8 2 2 2 2 2 2 2 2 2 2 2 2 2 2 2 2 2
left_child=1 5 6 4 -4 21 8 -8 10 27 11 12 -3 17 -13 28 -17 18 -12 -11 -9 -1 -23 25 -25 -19 -27 -10 -16 -30
right_child=-2 2 3 -5 -6 -7 7 20 9 19 13 14 -14 -15 15 16 -18 23 -20 -21 -22 22 -24 24 -26 26 -28 -29 29 -31
leaf_value=3.2595722920990749e-06 0.00014110402745667598 0.00047804700251057112 1.6274396302192845e-05 0.00067440980943787258 -0.00024670262839921923 -0.00026223089671160641 0.00044365905738465551 -5.262977339025879e-05 -2.0700725257003581e-05 0 0 2.7530518485353164e-07 -9.4460996369073266e-05 -0.00018770943456239856 -7.2776323354269327e-05 0 0.00027562065215763938 -2.0513460476944963e-06 -6.6683867269993111e-05 -0.00019076033490311701 3.7353577723313883e-05 0 -9.2978114362967287e-05 0.00013325566170484368 4.0575009094089275e-06 0 -0.00013614970078924671 2.6499558915866583e-05 9.038732859239044e-05 0
leaf_weight=400 96 72 70 50 50 51 63 256 902 54 232 2898 77 51 76 167 86 5647 396 94 54 171 142 88 1126 78 69 186 52 78
leaf_count=400 96 72 70 50 50 51 63 256 902 54 232 2898 77 51 76 167 86 5647 396 94 54 171 142 88 1126 78 69 186 52 78
internal_value=2.75414e-07 -3.55048e-07 1.33637e-06 0.000134319 -5.31103e-05 -3.55739e-05 -4.93455e-08 4.52481e-05 -1.81452e-06 -2.73599e-05 5.61876e-07 1.61738e-05 0.000150196 -5.90946e-06 8.69331e-06 5.08566e-05 0.000111934 -4.01611e-06 -3.96986e-05 -0.000134945 -2.08084e-05 -1.20141e-05 -4.74049e-05 -9.99667e-08 1.764e-05 -4.68218e-06 -7.1265e-05 -8.02327e-06 -1.79586e-07 4.32521e-06
internal_weight=13832 13736 12972 170 120 764 12802 373 12429 1236 11193 3506 149 7687 3357 459 253 7636 628 148 310 713 313 7008 1214 5794 147 1088 206 130
internal_count=13832 13736 12972 170 120 764 12802 373 12429 1236 11193 3506 149 7687 3357 459 253 7636 628 148 310 713 313 7008 1214 5794 147 1088 206 130
is_linear=0
shrinkage=0.05


Tree=98
num_leaves=31
num_cat=0
split_feature=1 88 85 44 141 120 55 133 43 76 43 92 116 6 96 133 22 120 139 51 114 44 12 104 28 99 104 104 134 114
split_gain=0.000698185 0.000370808 0.00237015 0.000598505 0.000581965 0.00057966 0.00547644 0.000530473 0.00509074 0.00109931 0.000963345 0.00183143 0.000308455 0.000652286 0.000288345 0.000263947 0.000578949 0.000326617 0.000255212 0.00116249 0.000238824 0.00022343 0.000220749 0.000543938 0.000195134 0.00017763 0.00016998 0.00195546 0.000163132 0.000148819
threshold=0.41087726350000003 42.587500000000013 280.31944675000005 252.50000000000003 37.415000000000006 264.59503830000006 15.692976550000028 80.670000000000002 0.29250000000000004 6.7500000000000009 0.39150000000000007 1.1500000000000004 287.07648125000009 0.022136805555555559 50.250000000000007 13.840000000000002 6.5000000000000009 267.51804395000005 87.909013442563847 63.500000000000007 33.45000000000001 622.50000000000011 0.095655822500000001 11.150000000000004 25.800000000000001 -4.8000000000000105 20.550000000000008 20.750000000000011 4.2100000000000017 26.450000000000003
decision_type=2 2 2 2 2 8 2 2 2 2 2 2 2 2 2 2 2 10 2 2 2 2 2 2 2 2 2 2 2 2
left_child=1 5 3 -3 14 6 28 12 -9 10 20 -12 18 21 15 -5 -17 -18 22 -20 24 29 25 -24 -10 -7 -27 -28 -1 -14
right_child=-2 2 -4 4 -6 7 -8 8 9 -11 11 -13 13 -15 -16 16 17 -19 19 -21 -22 -23 23 -25 -26 26 27 -29 -30 -31
leaf_value=-7.5861786216614203e-05 0.00013412155858457051 0.00017295719634478467 0.00031586006555441075 0 -0.00015243614213655658 8.5818582320247182e-05 0.00053986288207085516 -0.00052499096449957084 5.5399342874877642e-05 0.0002020886085476916 0 -0.00029295818778981962 0 -0.00018098902688880523 -6.6417796125460882e-05 0 0 0.00024274865936472039 0 0.00024746810351581222 0.00010773128234195253 0 0.00013687457005886192 0 -2.622420996214032e-05 -6.0222040194601642e-06 0.00026982154753464529 0 0 -5.0279430210197928e-05
leaf_weight=81 96 50 66 820 60 54 50 51 70 53 106 87 215 66 99 112 55 54 91 57 50 981 100 177 399 7606 69 1441 150 466
leaf_count=81 96 50 66 820 60 54 50 51 70 53 106 87 215 66 99 112 55 54 91 57 50 981 100 177 399 7606 69 1441 150 466
internal_value=2.54555e-07 -3.26747e-07 2.44672e-05 4.84463e-06 0 -3.35817e-06 6.62315e-05 -5.38625e-06 -4.46372e-05 -5.44261e-06 -2.81653e-05 -0.000123813 -2.11237e-06 -2.16974e-05 5.73043e-06 1.74474e-05 6.63415e-05 0.00014846 8.95607e-07 6.58312e-05 0 -1.226e-05 0 4.376e-05 -3.31134e-06 -1.45893e-06 -2.53372e-06 1.17214e-05 -1.66195e-05 -3.44317e-05
internal_weight=13832 13736 1316 1250 1200 12420 281 12139 816 765 712 193 11323 1728 1140 1041 221 109 9595 148 519 1662 9447 277 469 9170 9116 1510 231 681
internal_count=13832 13736 1316 1250 1200 12420 281 12139 816 765 712 193 11323 1728 1140 1041 221 109 9595 148 519 1662 9447 277 469 9170 9116 1510 231 681
is_linear=0
shrinkage=0.05


Tree=99
num_leaves=31
num_cat=0
split_feature=5 41 133 36 137 43 88 85 13 85 6 41 49 134 85 138 92 75 137 74 28 83 120 5 120 61 124 46 22 105
split_gain=0.0006304 0.000344584 0.00107047 0.0071934 0.00102626 0.000967161 0.000288583 0.00381938 0.000506672 0.000898921 0.000995687 0.000744485 0.00115881 0.000820936 0.000368408 0.000294624 0.000545983 0.00056356 0.000315983 0.00257129 0.000284057 0.000766885 0.00114722 0.000329005 0.000803123 0.000449671 0.000372598 0.000499675 0.000345217 0.000308412
threshold=41.090000000000011 35.500000000000007 88.200000000000003 273.24284590000008 1.0000000180025095e-35 0.38750000000000007 42.587500000000013 280.31944675000005 0.0011006858958333336 272.26707250000004 0.0016104166666666669 45.500000000000007 988.05000000000007 8.9850000000000012 275.42736185000007 3.1850000000000005 7.450000000000002 18.650000000000002 1.0000000180025095e-35 22.721428571428579 6.4500000000000011 16.850000000000005 270.20680095000006 7.2950000000000008 289.15311450000007 136.45000000000002 -0.9159756150367534 99.500000000000014 1.0000000180025095e-35 31.500000000000004
decision_type=2 2 2 2 2 2 2 2 2 2 2 2 2 2 2 2 2 2 2 2 2 2 10 2 10 2 2 2 2 2
left_child=1 4 6 5 -1 -4 15 8 9 -8 -11 -12 13 -13 -10 16 -3 -18 19 -17 21 -20 -23 -22 25 -25 27 -27 29 -28
right_child=-2 2 3 -5 -6 -7 7 -9 14 10 11 12 -14 -15 -16 18 17 -19 20 -21 23 22 -24 24 -26 26 28 -29 -30 -31
leaf_value=-0.00022572834757518266 0.00012748461685349838 -2.0470927321492076e-06 1.291977080129559e-05 0.00063255395345371583 -7.7801690265719765e-06 -0.0002293196685793958 -3.0196852126036139e-05 0.00044673567395269256 0 -1.9114970009089404e-06 0 0.00042626061084269574 0 7.7998812000158878e-05 -9.3144988115318234e-05 -2.618450637774905e-05 -0.00013549547852618367 0 0 0.00037377651877856506 -9.0368803260511149e-06 0.00029666786486978101 0 8.9177041922807379e-05 0.00017811317891481515 0 -0.00012233435098812047 0.000195573132017706 0 0
leaf_weight=65 96 866 70 50 699 50 261 50 317 143 88 62 75 89 172 110 195 61 426 50 7605 60 134 145 72 176 121 51 1366 107
leaf_count=65 96 866 70 50 699 50 261 50 317 143 88 62 75 89 172 110 195 61 426 50 7605 60 134 145 72 176 121 51 1366 107
internal_value=2.98942e-07 -2.35186e-07 1.31916e-06 0.000125627 -3.31297e-05 -4.77521e-05 0 2.23762e-05 3.02766e-07 3.09081e-05 7.67128e-05 0.000128285 0.00017617 0.000255752 -3.44023e-05 -2.81639e-06 -2.71558e-05 -9.23002e-05 0 6.92927e-05 -1.28392e-06 3.06523e-05 0.000113243 -3.8587e-06 1.3007e-05 4.33095e-06 0 5.69608e-05 -1.09642e-05 -6.78679e-05
internal_weight=13832 13736 12972 170 764 120 12802 1257 1207 718 457 314 226 151 489 11545 1122 256 10423 160 10263 620 194 9643 2038 1966 1821 227 1594 228
internal_count=13832 13736 12972 170 764 120 12802 1257 1207 718 457 314 226 151 489 11545 1122 256 10423 160 10263 620 194 9643 2038 1966 1821 227 1594 228
is_linear=0
shrinkage=0.05


Tree=100
num_leaves=31
num_cat=0
split_feature=88 101 139 12 116 120 91 120 108 133 43 43 92 108 128 83 142 2 120 99 133 2 83 100 22 61 28 131 103 134
split_gain=0.00207846 0.000484682 0.00146495 0.0014684 0.000401018 0.0011255 0.00281905 0.000339193 0.00543653 0.000886616 0.00350225 0.00051662 0.00132456 0.000604435 0.000480644 0.000619337 0.000295297 0.000175207 0.00260937 0.000177087 0.000146459 0.00018459 0.000139378 0.000131851 0.000451997 0.000404501 0.000879967 0.000156218 0.000170719 0.000220267
threshold=51.037500000000009 -5.6879933999999812 90.61646151329019 0.095655822500000001 294.01547295000006 270.67740480000003 25.250000000000004 264.87381795000005 288.84297655000006 78.710000000000022 0.29550000000000004 0.39150000000000007 1.5500000000000005 281.22368280000006 8.3844366951598737 11.250000000000002 738.37694582567906 0.0059917800000000012 283.19008025000005 -4.9500000000000446 24.325000000000006 0.00012363450000000002 18.850000000000005 5.9500000000000464 1.0000000180025095e-35 177.70000000000002 38.100000000000009 70.346590529756341 1151.1000000000001 5.4450000000000012
decision_type=2 2 2 2 2 8 2 8 2 2 2 2 2 2 2 2 2 2 10 2 2 2 2 2 2 2 2 2 2 2
left_child=1 2 3 -1 7 6 -6 8 16 17 -11 14 -13 -14 15 -12 20 19 22 -9 -3 -22 -19 24 -21 26 -25 28 29 -26
right_child=-2 4 -4 -5 5 -7 -8 9 -10 10 11 12 13 -15 -16 -17 -18 18 -20 23 21 -23 -24 25 27 -27 -28 -29 -30 -31
leaf_value=0 0.00030266949516851788 0 0.00025518012495428724 0.00026058513667074999 0.00044804311971364651 0 0 7.8757482523654108e-05 0.00051955226666625381 -0.00046276992217648445 0 0 -0.00036281377539054639 -5.3047490408801894e-06 -2.1632824885047267e-05 0.00020636843396567786 2.5266657260223889e-05 -4.7042123115602411e-05 0.00035834827952093518 -8.3072835407714096e-05 -0.00011457570885333496 0 0 0 0 0 0.00021411442052264346 0 -5.6681982451912495e-06 -5.903388239170679e-05
leaf_weight=1274 56 58 69 56 52 415 68 56 51 50 72 197 50 58 506 58 101 179 52 202 123 74 89 133 123 977 71 5976 1998 439
leaf_count=1274 56 58 69 56 52 415 68 56 51 50 72 197 50 58 506 58 101 179 52 202 123 74 89 133 123 977 71 5976 1998 439
internal_value=1.36624e-06 0 2.79716e-05 1.22447e-05 -3.08422e-06 3.80981e-05 0.00017229 -5.39913e-06 3.74542e-05 -7.39069e-06 -5.28166e-05 -2.52578e-05 -7.86426e-05 -0.0002185 0 8.57987e-05 -1.88667e-05 -2.52765e-06 3.21781e-05 -4.14533e-06 -5.59087e-05 -7.67505e-05 -1.36182e-05 -5.1253e-06 -7.56816e-06 8.70994e-06 7.32827e-05 -5.18617e-06 -1.55613e-05 -4.17795e-05
internal_weight=13683 13627 1399 1330 12228 535 120 11693 407 11286 991 941 305 108 636 130 356 10295 320 9975 255 197 268 9919 8738 1181 204 8536 2560 562
internal_count=13683 13627 1399 1330 12228 535 120 11693 407 11286 991 941 305 108 636 130 356 10295 320 9975 255 197 268 9919 8738 1181 204 8536 2560 562
is_linear=0
shrinkage=0.05


Tree=101
num_leaves=31
num_cat=0
split_feature=96 117 133 92 19 103 1 36 21 29 134 120 116 18 13 138 21 75 134 114 103 30 30 101 122 91 120 4 22 101
split_gain=0.000828896 0.000432608 0.00198578 0.0093465 0.00136026 0.0010736 0.000514755 0.000294058 0.000562206 0.000955193 0.000614113 0.000309846 0.0013023 0.000327813 0.000361679 0.000340567 0.000338896 0.000315692 0.000483131 0.000243565 0.000235829 0.000322031 0.000179578 0.000206792 0.000172594 0.000139825 0.000135369 0.000124475 0.000489664 0.00380703
threshold=51.087500000000006 0.75000000000000011 88.200000000000003 11.050000000000002 -0.0057557142857142824 2477.9500000000003 0.41087726350000003 282.64040640000002 0.28472222222222227 30.450000000000003 4.6050000000000013 270.67740480000003 294.35124200000007 0.063537500000000011 0.0011006858958333336 6.535000000000001 0.57638888888888895 14.850000000000003 8.3650000000000002 40.550000000000004 1746.2500000000002 -1.3257142857142865 -3.6171428571428557 0.80185829999999225 16.500000000000004 27.050000000000004 265.68179285000002 0.00055744050000000004 1.0000000180025095e-35 0.047201849999993335
decision_type=2 2 2 2 2 2 2 2 2 2 2 8 2 2 2 2 2 2 2 2 2 2 2 2 2 2 10 2 2 2
left_child=1 2 6 5 -3 -4 7 11 9 -9 -10 12 13 14 15 16 17 18 -1 27 21 26 -12 -24 -6 -19 -16 -13 29 -29
right_child=-2 4 3 -5 24 -7 -8 8 10 -11 22 19 -14 -15 20 -17 -18 25 -20 -21 -22 -23 23 -25 -26 -27 -28 28 -30 -31
leaf_value=0 0.00014620303413183288 -0.00028403295702177008 -0.00023205765649771299 0.00064642204009317944 1.9275702290784724e-06 1.5241491655871584e-05 0.00012323425410018206 0.00020335134227103318 -0.00015693779701842175 -7.8840979335103205e-07 9.2131576121647472e-06 -6.4844882245405688e-06 0.00019640469273435885 0.00010368293260316105 0 -1.5109797274314312e-06 0 0 0.00022270195507770546 -6.4896766120243698e-05 6.0659305760243672e-06 0 0 -5.9397687132468838e-05 -4.1594675499605404e-05 5.902757432628531e-05 -8.403577813790916e-05 -5.3391486207436336e-05 3.6968249279280611e-07 0.00045583321769192807
leaf_weight=60 97 53 56 66 352 70 83 66 114 123 147 5028 99 87 83 590 348 154 82 156 235 252 475 398 281 128 298 87 3565 50
leaf_count=60 97 53 56 66 352 70 83 66 114 123 147 5028 99 87 83 590 348 154 82 156 235 252 475 398 281 128 298 87 3565 50
internal_value=1.28349e-06 0 2.29614e-06 0.000161477 -3.84091e-05 -5.62609e-05 0 -9.4205e-07 -2.34585e-05 4.48778e-05 -3.92827e-05 1.25318e-06 1.74169e-05 7.53071e-06 1.49354e-06 1.95703e-05 4.2131e-05 7.22631e-05 0.000142619 -2.58039e-06 -2.11072e-05 -3.90753e-05 -2.1095e-05 -3.19239e-05 -9.54143e-06 1.87889e-05 -6.81298e-05 -8.86858e-07 5.3652e-06 9.81815e-05
internal_weight=13683 13586 12900 192 686 126 12708 12625 1323 189 1134 11302 2416 2317 2230 1362 772 424 142 8886 868 633 1020 873 633 282 381 8730 3702 137
internal_count=13683 13586 12900 192 686 126 12708 12625 1323 189 1134 11302 2416 2317 2230 1362 772 424 142 8886 868 633 1020 873 633 282 381 8730 3702 137
is_linear=0
shrinkage=0.05


Tree=102
num_leaves=31
num_cat=0
split_feature=88 101 140 12 117 138 133 92 0 114 116 120 50 24 133 9 85 92 73 81 2 6 35 94 93 135 7 49 112 116
split_gain=0.00178687 0.000435336 0.00135772 0.00131772 0.000336515 0.00299784 0.0009857 0.00560771 0.000432516 0.000331021 0.00071716 0.00131519 0.000293586 0.000348446 0.000367378 0.000257628 0.00053922 0.000998973 0.000224911 0.00323986 0.000448621 0.000293884 0.000835367 0.000253 0.000352816 0.000336261 0.000286574 0.000220689 0.000246965 0.000152373
threshold=51.037500000000009 -5.6879933999999812 76.225000000000009 0.095655822500000001 0.25000000000000006 2.8900000000000001 88.200000000000003 9.9500000000000028 0.0073000000000000009 40.850000000000001 293.15190500000006 269.74019710000005 1000.85 47.350000000000009 74.605000000000018 0.23722222222222225 277.89081280000005 13.050000000000002 25.950000000000003 26.150000000000002 0.0040711290000000006 0.021504166666666668 270.11765930000007 17.500000000000004 271.40338830000002 64.625000000000014 0.22520000000000004 983.25000000000011 276.40658725000009 285.81140360000006
decision_type=2 2 2 2 2 2 2 2 2 2 2 8 2 2 2 2 2 2 2 2 2 2 2 2 2 2 2 2 2 2
left_child=1 2 3 -1 6 -6 9 8 -8 10 12 -12 13 14 -3 -13 -17 -18 20 -20 23 -21 -23 26 -25 -26 -14 -11 -29 -7
right_child=-2 4 -4 -5 5 29 7 -9 -10 27 11 15 18 -15 -16 16 17 -19 19 21 -22 22 -24 24 25 -27 -28 28 -30 -31
leaf_value=0 0.00028061961067387054 -1.5343371229556859e-05 0.00023432354660109052 0.00024578294520643688 -0.00039834289015589267 9.4122082944701099e-07 -0.00014098780146073819 0.00056532848240749441 0 0 0.00028134482331060117 -1.2130143986622231e-05 -2.4771125816526154e-06 0 -0.00015265611560083404 0 0.00029408708312779334 0 0.00038011522728632788 0 -5.5866388798847565e-05 0 0.00023560091555826186 0 0.00016294573113676998 0 -7.2716765727515547e-05 0 -0.00010852276918750698 -3.6340930286370623e-05
leaf_weight=1267 56 291 76 56 52 703 60 50 54 113 60 178 4462 652 110 189 52 51 57 3437 441 74 50 251 82 64 161 50 173 311
leaf_count=1267 56 291 76 56 52 703 60 50 54 113 60 178 4462 652 110 189 52 51 57 3437 441 74 50 251 82 64 161 50 173 311
internal_value=1.25156e-06 0 2.64927e-05 1.06094e-05 -2.94044e-06 -2.97919e-05 0 0.00012089 -3.3782e-05 -2.19271e-06 -1.77784e-07 5.59304e-05 -3.61144e-06 -2.86627e-05 -6.57341e-05 1.60021e-05 5.01989e-05 0.000141638 -1.52453e-07 8.92708e-06 -7.08374e-06 1.47682e-06 7.70703e-05 -1.79216e-06 3.47664e-05 9.62955e-05 -6.01978e-06 -5.11035e-05 -7.99503e-05 -5.59187e-06
internal_weight=13683 13627 1399 1323 12228 1066 11162 164 114 10998 10662 530 10132 1053 401 470 292 103 9079 3618 5461 3561 124 5020 397 146 4623 336 223 1014
internal_count=13683 13627 1399 1323 12228 1066 11162 164 114 10998 10662 530 10132 1053 401 470 292 103 9079 3618 5461 3561 124 5020 397 146 4623 336 223 1014
is_linear=0
shrinkage=0.05


Tree=103
num_leaves=31
num_cat=0
split_feature=88 101 140 12 117 138 133 100 103 50 114 116 138 133 1 65 142 19 22 100 136 30 120 0 23 86 138 138 108 76
split_gain=0.00161602 0.000400025 0.00122197 0.00119142 0.000302638 0.00271006 0.000891379 0.0051617 0.000421268 0.000294677 0.000354812 0.000599509 0.00128117 0.000281661 0.000366462 0.000208365 0.000447598 0.000190105 0.0012761 0.000348521 0.000454622 0.000279645 0.00021489 0.000363573 0.000305903 0.00078206 0.000214081 0.000619408 0.000192998 0.000185543
threshold=51.037500000000009 -5.6879933999999812 76.225000000000009 0.095655822500000001 0.25000000000000006 2.8900000000000001 88.200000000000003 -1.5999999999999657 2477.9500000000003 1000.85 40.850000000000001 294.01547295000006 3.9100000000000006 74.605000000000018 0.00018650050000000001 11.950000000000001 361.26706387662841 0.00032999999999999994 1.0000000180025095e-35 6.3000000000000123 0.47500000000000003 -3.855714285714285 271.67620090000008 0.12160000000000001 18.453472222222228 4.5000000000000009 3.5850000000000004 2.9800000000000004 276.6105065000001 1.0000000180025095e-35
decision_type=2 2 2 2 2 2 2 2 2 2 2 2 2 2 2 2 2 2 2 2 2 2 8 2 2 2 2 2 2 2
left_child=1 2 3 -1 6 -6 9 -8 -9 13 11 17 -13 -3 -15 -14 -17 18 -11 21 -21 -19 23 24 25 -20 27 -26 -28 -12
right_child=-2 4 -4 -5 5 -7 7 8 -10 10 29 12 15 14 -16 16 -18 19 22 20 -22 -23 -24 -25 26 -27 28 -29 -30 -31
leaf_value=0 0.00026683479515227516 -1.1391482290984257e-05 0.0002227595335527629 0.00023370939600378434 -0.00037880153541818636 -5.0677169719761128e-06 0.00053071869685499104 -0.00014552825994957076 0 0.00023067569380652803 -7.0881268339219444e-05 0.00028269785164951122 -3.9466773096091154e-06 0 -0.00017117450502411935 0 0.00016698364001543572 3.6773223627647429e-07 0 0 0.00016632368198503066 -4.1965211689992828e-05 -3.1940710130318436e-06 0.00013606088835133604 0 0.00021701056503419148 2.6593443027510288e-05 0.00016097571612193958 -2.1155833329221908e-05 0
leaf_weight=1267 56 940 76 56 52 1014 52 56 56 60 258 58 196 51 77 98 59 285 66 101 50 973 6225 68 139 59 207 77 888 63
leaf_count=1267 56 940 76 56 52 1014 52 56 56 60 258 58 196 51 77 98 59 285 66 101 50 973 6225 68 139 59 207 77 888 63
internal_value=1.15973e-06 0 2.53651e-05 1.00896e-05 -2.84987e-06 -2.83226e-05 0 0.000114888 -3.69171e-05 -2.14449e-06 4.25659e-08 2.273e-06 6.13051e-05 -2.71375e-05 -0.000103028 1.01088e-05 5.92152e-05 0 2.68265e-06 -1.72426e-05 4.24797e-05 -2.84106e-05 2.36304e-07 1.77494e-05 8.5767e-06 8.31171e-05 0 4.66731e-05 -7.55119e-06 -5.09962e-05
internal_weight=13683 13627 1399 1323 12228 1066 11162 164 112 10998 9930 9609 411 1068 128 353 157 9198 7789 1409 151 1258 7729 1504 1436 125 1311 216 1095 321
internal_count=13683 13627 1399 1323 12228 1066 11162 164 112 10998 9930 9609 411 1068 128 353 157 9198 7789 1409 151 1258 7729 1504 1436 125 1311 216 1095 321
is_linear=0
shrinkage=0.05


Tree=104
num_leaves=31
num_cat=0
split_feature=88 101 11 138 116 117 133 133 92 0 50 133 5 92 43 115 18 137 89 89 118 19 4 23 81 89 22 92 89 141
split_gain=0.0014607 0.000365852 0.000953082 0.00126752 0.00179609 0.00027944 0.00259979 0.000801488 0.00476562 0.000393619 0.000272118 0.000249329 0.000263146 0.000207263 0.000799681 0.00135896 0.000595265 0.000352615 0.000304748 0.000276481 0.000248205 0.00022444 0.000372493 0.000540138 0.000190381 0.00157312 0.000357214 0.000351491 0.000192036 0.000217084
threshold=51.037500000000009 -5.6879933999999812 0.0029154279444444449 5.1850000000000014 269.91787575000006 0.25000000000000006 84.635000000000005 88.200000000000003 9.9500000000000028 0.0073000000000000009 1000.85 74.605000000000018 0.025000000000000005 8.2500000000000018 0.42750000000000005 12.550000000000002 0.06499583333333335 3.7250000000000001 49.550000000000004 45.750000000000007 29.450000000000003 -0.0016728571428571424 0.0041487775000000008 23.551388888888891 26.050000000000004 26.150000000000002 1.0000000180025095e-35 0.25000000000000006 43.550000000000004 27.385000000000002
decision_type=2 2 2 2 2 2 2 2 2 2 2 2 2 2 2 2 2 2 2 2 10 2 2 2 2 2 2 2 2 2
left_child=1 2 -1 -4 -5 7 -7 10 9 -9 11 -3 -13 19 16 -16 17 21 -19 24 -21 22 23 -15 26 -26 27 -12 -27 -30
right_child=-2 5 3 4 -6 6 -8 8 -10 -11 13 12 -14 14 15 -17 -18 18 -20 20 -22 -23 -24 -25 25 28 -28 -29 29 -31
leaf_value=0 0.00025372711746553126 -1.0822513453710868e-05 -3.0449752363270598e-06 2.735378084398162e-05 0.00038936216061827029 -3.5775160801940552e-06 -0.00035721978415447094 -0.00013375909054569792 0.00051955653086313807 0 0 0 -0.00016335978393047773 0.00016053662238266623 0 0.00028727725223130361 0.00015000653455899738 2.5418565600899279e-06 0.00014466298310960863 -7.8571970370830988e-05 0 -1.9659382345348259e-05 -1.642277647300255e-05 0 0.00021971617547997537 -4.6443803290378966e-07 -3.3820155857645765e-06 -0.00016842867957062222 0 0.00012645205875287503
leaf_weight=1098 56 940 94 137 70 1010 56 60 50 54 106 58 70 90 60 69 67 276 71 227 335 1480 221 181 85 2789 3667 69 74 63
leaf_count=1098 56 940 94 137 70 1010 56 60 50 54 106 58 70 90 60 69 67 276 71 227 335 1480 221 181 85 2789 3667 69 74 63
internal_value=1.13931e-06 0 2.4293e-05 0.00010308 0.000175094 -2.68888e-06 -2.71588e-05 0 0.000108994 -3.05505e-05 -1.99e-06 -2.60202e-05 -9.79191e-05 9.34005e-08 1.2956e-05 0.000135294 4.19323e-06 0 4.63213e-05 -3.59626e-06 -3.73895e-05 -8.26712e-06 1.58307e-05 6.04793e-05 -9.03981e-08 8.5472e-06 -8.16127e-06 -7.93098e-05 6.31561e-07 5.90171e-05
internal_weight=13683 13627 1399 301 207 12228 1066 11162 164 114 10998 1068 128 9930 2515 129 2386 2319 347 7415 562 1972 492 271 6853 3011 3842 175 2926 137
internal_count=13683 13627 1399 301 207 12228 1066 11162 164 114 10998 1068 128 9930 2515 129 2386 2319 347 7415 562 1972 492 271 6853 3011 3842 175 2926 137
is_linear=0
shrinkage=0.05


Tree=105
num_leaves=31
num_cat=0
split_feature=118 141 113 133 133 84 4 28 81 22 82 89 25 75 138 21 14 126 126 131 104 96 19 131 0 128 104 19 43 122
split_gain=0.00049188 0.00235025 0.000433768 0.00772716 0.00100556 0.00567731 0.000366177 0.000280746 0.000208477 0.000202168 0.000426705 0.00142497 0.00231651 0.000364194 0.000302982 0.000292245 0.000269907 0.000230612 0.000440221 0.00116163 0.00169221 0.000430666 0.000276388 0.000214841 0.000520009 0.000213626 0.000198095 0.000167769 0.000175031 0.000155302
threshold=29.750000000000004 38.535000000000004 1.0500000000000003 84.075000000000017 88.200000000000003 1.5500000000000005 7.2100000000000018e-05 32.550000000000004 39.750000000000007 3.5000000000000004 15.266000000000002 25.950000000000003 18.500000000000004 18.350000000000005 6.6400000000000015 0.42361111111111122 0.010832281500000001 14.500000000000002 25.500000000000004 51.02667285239221 0.55000000000000016 49.737500000000004 0.008150000000000001 164.98239548407855 0.018000000000000006 8.948520956939932 0.65000000000000013 -0.002749999999999999 0.31450000000000006 16.500000000000004
decision_type=10 2 2 2 2 2 2 2 2 2 2 2 2 2 2 2 2 2 2 2 2 2 2 2 2 2 2 2 2 2
left_child=2 6 4 -4 9 -6 8 29 -2 10 11 15 -13 14 25 16 -1 23 19 20 -19 22 -20 24 -11 -12 -10 -9 -29 -8
right_child=1 -3 3 -5 5 -7 7 27 26 17 13 12 -14 -15 -16 -17 -18 18 21 -21 -22 -23 -24 -25 -26 -27 -28 28 -30 -31
leaf_value=-0.00017530481572667104 0 0.0002674005513574206 -1.1065760117412623e-05 0.00062623880929701654 4.2866265202459513e-05 -0.00054344612757855086 -1.0923042921598367e-05 0 0 -5.3364515049924066e-06 0 0 0.00040068074027658444 0 -9.1804292403792738e-06 0 0 0 -1.7347979516827617e-06 0 0.00039710020532276341 -0.00010993456795404199 9.6273896023780662e-05 0 -0.00016407666630402674 -9.5923192254161521e-05 -0.0001015031933210204 0 0.00011906513714004892 4.6565648206360961e-05
leaf_weight=52 333 94 537 50 105 56 418 135 57 317 59 68 56 371 429 415 135 69 8008 411 51 91 71 262 89 433 125 79 157 155
leaf_count=52 333 94 537 50 105 56 418 135 57 317 59 68 56 371 429 415 135 69 8008 411 51 91 71 262 89 433 125 79 157 155
internal_value=-1.07221e-06 2.49128e-05 -4.81147e-06 3.56884e-05 -7.30599e-06 -0.0001323 5.69277e-06 2.68451e-05 -2.33666e-05 -5.08818e-06 -1.96754e-05 5.34619e-06 0.000163946 -3.75958e-05 -5.4495e-05 -1.92481e-05 -7.12359e-05 -1.41084e-06 1.98693e-07 4.47468e-05 0.000181119 -2.08986e-06 -2.42856e-07 -2.98185e-05 -5.27368e-05 -8.37663e-05 -6.62389e-05 6.09708e-05 8.72048e-05 0
internal_weight=13688 1553 12135 587 11548 161 1459 944 515 11387 2018 726 124 1292 921 602 187 9369 8701 531 120 8170 8079 668 406 492 182 371 236 573
internal_count=13688 1553 12135 587 11548 161 1459 944 515 11387 2018 726 124 1292 921 602 187 9369 8701 531 120 8170 8079 668 406 492 182 371 236 573
is_linear=0
shrinkage=0.05


Tree=106
num_leaves=31
num_cat=0
split_feature=118 141 113 133 133 80 4 36 83 27 112 136 92 85 86 89 141 88 65 26 25 101 101 83 104 119 22 49 22 82
split_gain=0.000450801 0.00211907 0.000390153 0.00762058 0.00107024 0.0061539 0.000334112 0.000263124 0.000235741 0.000188617 0.000981809 0.00118737 0.000248419 0.000289676 0.00123845 0.00026546 0.000162652 0.000267747 0.000407694 0.000257127 0.000240982 0.000146548 0.000182346 0.000114086 0.000120635 0.000111024 0.000425896 0.00104667 0.000255502 0.000179527
threshold=29.750000000000004 38.535000000000004 0.95000000000000007 84.075000000000017 88.200000000000003 26.937500000000007 7.2100000000000018e-05 266.89984715000008 28.250000000000004 1356.9500000000003 288.26895500000006 0.70500000000000007 14.150000000000004 280.31944675000005 3.5000000000000004 54.250000000000007 23.190000000000001 40.962500000000013 20.050000000000004 9.5000000000000018 20.500000000000004 -3.1670548500000275 10.550171000000036 17.050000000000004 8.1500000000000039 6.8500000000000005 1.0000000180025095e-35 977.75000000000011 1.0000000180025095e-35 20.054000000000006
decision_type=10 2 2 2 2 2 2 2 2 2 2 2 2 2 2 2 2 2 2 2 2 2 2 2 2 10 2 2 2 2
left_child=2 6 4 23 9 7 8 -6 -2 10 -1 -12 13 15 -15 25 -8 19 -19 -18 -21 -14 -23 24 -4 28 27 -27 -11 -28
right_child=1 -3 3 -5 5 -7 16 -9 -10 12 11 -13 21 14 -16 -17 17 18 -20 20 -22 22 -24 -25 -26 26 29 -29 -30 -31
leaf_value=0 0 0.0002541712588547996 -8.7390325133229559e-05 0.00059171213592760206 0 -0.00059216555996009941 0 0.00012275803296808659 -8.8308247887417335e-05 -5.8377765804968871e-05 0.00028905033683347166 0 0 -2.1919774544739528e-05 0.0002495956444674787 -0.0001129915480460113 -1.9182187983316413e-06 0.00017791982018371488 0 0 0.00011044380674212189 -4.1418308843847973e-05 0 0 0 0 -2.0252297312454917e-05 0.00025276472406748614 -4.722143161035906e-06 6.8386914754284673e-06
leaf_weight=1194 408 94 89 55 56 51 299 52 107 261 66 64 291 58 58 59 327 83 58 71 106 1109 143 443 51 91 870 57 5060 1957
leaf_count=1194 408 94 89 55 56 51 299 52 107 261 66 64 291 58 58 59 327 83 58 71 106 1109 143 443 51 91 870 57 5060 1957
internal_value=-1.0283e-06 2.38255e-05 -4.62271e-06 3.204e-05 -7.09469e-06 -0.000136713 5.3963e-06 3.59504e-05 -2.21372e-05 -4.82413e-06 1.14893e-05 0.000141676 -7.48118e-06 -3.42919e-06 7.20759e-05 -5.08436e-06 2.57157e-05 3.99605e-05 0.000107462 1.09997e-05 6.28317e-05 -2.64715e-05 -3.39982e-05 -1.31204e-05 -5.23049e-05 -3.70079e-06 2.85225e-06 8.54891e-05 -8.30397e-06 0
internal_weight=13688 1553 12135 638 11497 159 1459 108 515 11338 1324 130 10014 8471 116 8355 944 645 141 504 177 1543 1252 583 140 8296 2975 148 5321 2827
internal_count=13688 1553 12135 638 11497 159 1459 108 515 11338 1324 130 10014 8471 116 8355 944 645 141 504 177 1543 1252 583 140 8296 2975 148 5321 2827
is_linear=0
shrinkage=0.05


Tree=107
num_leaves=31
num_cat=0
split_feature=118 141 113 133 133 80 4 28 122 22 36 122 92 128 22 92 61 23 112 29 122 61 59 89 142 81 26 112 23 122
split_gain=0.00040503 0.00191617 0.000347837 0.00689603 0.000954521 0.00557398 0.000303394 0.000252985 0.000311641 0.000350451 0.000241354 0.000218536 0.000214514 0.000187854 0.000178076 0.000258873 0.0002891 0.000206575 0.00136055 0.000988676 0.000299516 0.00108819 0.00102658 0.000346033 0.000434783 0.000172669 0.00019882 0.000162017 0.00013278 0.000125748
threshold=29.750000000000004 38.535000000000004 0.95000000000000007 84.075000000000017 88.200000000000003 26.937500000000007 7.2100000000000018e-05 32.95000000000001 16.500000000000004 8.5000000000000018 266.89984715000008 17.500000000000004 10.150000000000004 9.3587172494913577 3.5000000000000004 13.050000000000002 132.15000000000001 18.970833333333335 286.76962240000006 25.950000000000006 16.500000000000004 312.60000000000008 4.0554000000000014 46.350000000000001 336.71847334416515 39.750000000000007 7.5000000000000009 293.99452690000004 22.102777777777778 16.500000000000004
decision_type=10 2 2 2 2 2 2 2 2 2 2 2 2 2 2 2 2 2 2 2 2 2 2 2 2 2 2 2 2 2
left_child=2 6 4 -4 14 10 25 8 13 12 -6 -9 -10 -8 15 16 -1 18 29 -20 23 22 -22 28 -25 -2 -27 -17 -19 -16
right_child=1 -3 3 -5 5 -7 7 11 9 -11 -12 -13 -14 -15 17 27 -18 20 19 -21 21 -23 -24 24 -26 26 -28 -29 -30 -31
leaf_value=9.2741160749483249e-05 0 0.00024159647742941928 -1.245450018768601e-05 0.00056265483885778987 0 -0.00056312668371202358 -8.3848658355718196e-05 7.9234367568207771e-05 0.00019548356860199148 0 0.00011673593849716884 0 0 0 1.014048817324879e-05 -6.0352902286091566e-05 -1.1670632948878373e-05 -2.015996300084669e-05 0 0.00031733096166018161 8.8487594826581303e-06 0 0.00032174241351280014 -1.7706221631884963e-05 -0.00014330786232660377 0 -9.6378636352310423e-05 0 0 -2.7872775771173178e-05
leaf_weight=63 333 94 583 55 56 51 84 276 53 52 52 69 54 356 699 467 1424 1160 68 61 131 2228 52 599 112 58 124 58 3905 311
leaf_count=63 333 94 583 55 56 51 84 276 53 52 52 69 54 356 699 467 1424 1160 68 61 131 2228 52 599 112 58 124 58 3905 311
internal_value=-9.98943e-07 2.25292e-05 -4.42361e-06 3.01021e-05 -6.77684e-06 -0.00012927 4.83471e-06 2.43482e-05 0 6.37934e-05 3.30222e-05 5.87118e-05 0.000118917 -1.70345e-05 -4.60684e-06 -1.83016e-05 -3.82743e-06 -1.1146e-06 1.8022e-05 0.000170331 -4.38946e-06 9.32814e-06 0.000126198 -1.09815e-05 -4.46875e-05 -2.12216e-05 -6.02388e-05 -4.9707e-05 -5.2552e-06 0
internal_weight=13688 1553 12135 638 11497 159 1459 944 599 159 108 345 107 440 11338 2012 1487 9326 1139 129 8187 2411 183 5776 711 515 182 525 5065 1010
internal_count=13688 1553 12135 638 11497 159 1459 944 599 159 108 345 107 440 11338 2012 1487 9326 1139 129 8187 2411 183 5776 711 515 182 525 5065 1010
is_linear=0
shrinkage=0.05


Tree=108
num_leaves=31
num_cat=0
split_feature=118 100 19 113 133 133 80 89 115 23 99 50 6 160 118 122 133 81 19 133 93 6 84 103 1 14 42 135 53 11
split_gain=0.000365074 0.00124915 0.000814379 0.000310248 0.00573533 0.00069622 0.00458432 0.000350811 0.000178099 0.000140799 0.00064992 0.00104169 0.00163181 0.000194444 0.00016897 0.00107457 0.00111444 0.0012892 0.000426022 0.000443956 0.000379859 0.000319912 0.000216679 0.000202009 0.000305019 0.000176644 0.000167284 0.000152119 0.000136589 0.000286121
threshold=29.750000000000004 -4.6999999999999877 0.0088414285714285713 1.0500000000000003 84.075000000000017 88.200000000000003 27.537500000000005 24.950000000000003 25.650000000000002 18.846527777777784 -2.5500000000000109 1004.6500000000002 0.00030833333333333337 0.28877551020408171 21.750000000000004 16.500000000000004 36.430000000000007 41.45000000000001 0.0029428571428571394 62.130000000000003 267.00873945000006 0.011576388888888891 7.450000000000002 1702.95 0.41087726350000003 0.0024768410000000005 0.51500000000000012 73.085000000000022 144.50000000000003 0.00022561181250000003
decision_type=10 2 2 2 2 2 2 2 2 2 2 2 2 2 10 2 2 2 2 2 2 2 2 2 2 2 2 2 2 2
left_child=3 -2 8 5 -5 9 7 -7 -3 10 11 -1 -13 14 23 18 -17 -18 20 -20 22 -22 -16 25 -25 -11 -24 -27 -12 -30
right_child=1 2 -4 4 -6 6 -8 -9 -10 13 28 12 -14 -15 15 16 17 -19 19 -21 21 -23 26 24 -26 27 -28 -29 29 -31
leaf_value=0 0.00026659203534388961 8.3211772460221083e-06 0.00019876718169755558 -9.2421907040460493e-06 0.00053895420940962681 0 -0.00050649824699716055 0.00013874585727428304 -4.8199057774920716e-05 0 -1.3819673112677115e-05 0 0.00033968004569082767 -2.3550528320071139e-05 0 0 0 0.00040161990938147277 0.00018255997435086388 0 -2.0173508365031655e-05 -0.00016083158314754458 0.00012364456457390378 -1.2080657765257744e-06 -0.00012605628823888872 -5.6146609365491322e-05 0 0 0 0.00012144630529777109
leaf_weight=80 51 1296 54 537 50 60 51 50 152 135 907 50 72 1560 372 104 51 54 56 53 528 68 64 6312 50 503 63 79 167 59
leaf_count=80 51 1296 54 537 50 60 51 50 152 135 907 50 72 1560 372 104 51 54 56 53 528 68 64 6312 50 503 63 79 167 59
internal_value=-9.39203e-07 2.13726e-05 9.54778e-06 -4.20813e-06 2.97863e-05 -6.37148e-06 -0.000110667 3.07187e-05 0 -4.4482e-06 9.31671e-06 9.25601e-05 0.000187915 -6.77442e-06 -3.10147e-06 1.14431e-05 0.000116748 0.00023084 -2.76898e-06 8.47357e-05 -1.61109e-05 -4.48395e-05 8.22323e-06 -6.71205e-06 -2.99472e-06 -3.26824e-05 6.70534e-05 -4.55297e-05 -1.18393e-06 2.73378e-05
internal_weight=13688 1553 1502 12135 587 11548 161 110 1448 11387 1335 202 122 10052 8492 1413 209 105 1204 109 1095 596 499 7079 6362 717 127 582 1133 226
internal_count=13688 1553 1502 12135 587 11548 161 110 1448 11387 1335 202 122 10052 8492 1413 209 105 1204 109 1095 596 499 7079 6362 717 127 582 1133 226
is_linear=0
shrinkage=0.05


Tree=109
num_leaves=31
num_cat=0
split_feature=118 141 113 133 133 84 4 28 122 92 122 83 128 22 82 89 26 75 128 25 23 112 29 122 61 88 89 133 14 43
split_gain=0.000335851 0.0017204 0.000277591 0.00570695 0.000770732 0.00471304 0.000265931 0.000224676 0.000274824 0.000256298 0.000197368 0.000192742 0.00016622 0.000158517 0.00031353 0.00135776 0.00213932 0.000334888 0.00022628 0.000209283 0.000180943 0.00118151 0.000873733 0.000269449 0.00107671 0.000997502 0.00039164 0.000417549 0.000242321 0.00014259
threshold=29.750000000000004 38.535000000000004 0.95000000000000007 84.075000000000017 88.200000000000003 1.5500000000000005 7.2100000000000018e-05 32.95000000000001 16.500000000000004 11.050000000000002 17.500000000000004 28.250000000000004 9.3587172494913577 2.5000000000000004 15.266000000000002 25.950000000000003 7.5000000000000009 18.350000000000005 10.711836656579971 18.500000000000004 18.970833333333335 286.76962240000006 25.950000000000006 16.500000000000004 312.60000000000008 38.437500000000007 46.350000000000001 31.585000000000004 0.0028061725000000002 0.37750000000000006
decision_type=10 2 2 2 2 2 2 2 2 2 2 2 2 2 2 2 2 2 2 2 2 2 2 2 2 2 2 2 2 2
left_child=2 6 4 -4 13 -6 11 8 12 -10 -9 -2 -8 14 15 19 -17 18 -16 -1 21 -15 -23 26 25 -25 29 -28 -29 -22
right_child=1 -3 3 -5 5 -7 7 10 9 -11 -12 -13 -14 20 17 16 -18 -19 -20 -21 23 22 -24 24 -26 -27 27 28 -30 -31
leaf_value=0 0 0.00022790527489269154 -1.1352474433532398e-05 0.00051138454182234592 3.7078769982024754e-05 -0.00050099517442123967 -7.9736681637608428e-05 7.3985657739282395e-05 0.00012262392778575304 0 0 -8.0729055445974356e-05 0 0 -6.9668806059960191e-05 0 0.00040574399214896332 0 0 -6.7407830539458768e-05 -1.0844046328652093e-05 0 0.00029648684710639745 0 0 0.0002748166829451613 -1.0809085308257191e-05 0 -0.0001373279478724395 5.0975149216010234e-06
leaf_weight=252 408 94 583 55 105 54 84 276 79 80 69 107 356 1010 568 63 50 212 142 191 3530 68 61 121 2381 70 562 55 164 1838
leaf_count=252 408 94 583 55 105 54 84 276 79 80 69 107 356 1010 568 63 50 212 142 191 3530 68 61 121 2381 70 562 55 164 1838
internal_value=-9.00096e-07 2.04786e-05 -4.04953e-06 2.66161e-05 -6.18828e-06 -0.000116402 3.54295e-06 2.20906e-05 0 5.92761e-05 5.43709e-05 -2.0742e-05 -1.68275e-05 -4.19159e-06 -1.97614e-05 2.1328e-06 0.000163507 -3.83695e-05 -5.55763e-05 -2.80446e-05 -1.34888e-06 1.65429e-05 0.000158496 -4.26051e-06 8.28652e-06 0.000122229 -1.03222e-05 -4.42012e-05 -0.000106727 -4.45446e-06
internal_weight=13688 1553 12135 638 11497 159 1459 944 599 159 345 515 440 11338 1478 556 113 922 710 443 9860 1139 129 8721 2572 191 6149 781 219 5368
internal_count=13688 1553 12135 638 11497 159 1459 944 599 159 345 515 440 11338 1478 556 113 922 710 443 9860 1139 129 8721 2572 191 6149 781 219 5368
is_linear=0
shrinkage=0.05


Tree=110
num_leaves=31
num_cat=0
split_feature=83 86 117 19 19 155 43 81 59 1 49 86 155 139 50 104 136 92 137 89 16 134 7 94 29 137 53 89 94 4
split_gain=0.00033101 0.00246248 0.000399183 0.000941418 0.000726086 0.00508048 0.000877037 0.00127578 0.00279013 0.000420742 0.00023723 0.000451014 0.000288731 0.00172766 0.000610692 0.000701299 0.000755615 0.000494638 0.000470595 0.000590079 0.000854501 0.000220771 0.000215961 0.000469003 0.000223072 0.000553883 0.000269202 0.000243492 0.000196352 0.000289294
threshold=35.050000000000004 11.500000000000002 1.1500000000000001 -0.0052885714285714281 -0.0064871428571428537 0.57400000000000018 0.37450000000000006 24.750000000000004 11.009850000000002 0.41087726350000003 944.1500000000002 7.5000000000000009 0.35000000000000009 92.301408831280156 1009.1500000000002 0.65000000000000013 0.92000000000000004 19.450000000000006 0.03500000000000001 22.550000000000004 6.8400000000000007 5.4450000000000012 0.21005000000000004 12.500000000000002 40.900000000000006 0.055000000000000007 128.50000000000003 51.45000000000001 7.5000000000000009 0.00012866050000000004
decision_type=2 2 2 2 2 2 2 2 2 2 2 2 2 2 2 2 2 2 2 2 2 2 2 2 2 2 2 2 2 2
left_child=2 -2 4 -4 5 6 -1 -8 -9 10 11 -6 18 14 -14 -16 17 -17 19 -12 -21 -13 24 -24 27 -26 28 -20 -27 -30
right_child=1 -3 3 -5 9 -7 7 8 -10 -11 12 21 13 -15 15 16 -18 -19 22 20 -22 -23 23 -25 25 26 -28 -29 29 -31
leaf_value=-9.188457961350551e-06 0.00036265128786584896 -5.1525943006189268e-05 -0.00024630466177674162 -8.2988420231565399e-06 0 0.00053344460640801115 -2.5148884506977031e-05 0.00045802209567212277 0 0.0001072900936511966 0 -0.00010883160200660433 -7.4446599477718322e-06 0.00028662552118278957 0 0.00032683852124318954 0 0 -3.7182233697088214e-07 -2.5461105504684435e-05 -0.00024418735551313525 0 0 -0.00012742867166433855 0.00015461564037812497 4.4839042788773359e-07 -1.3479669011429079e-05 -7.616354333143656e-05 0 5.6186320620751012e-05
leaf_weight=675 51 69 52 496 639 50 58 58 83 89 214 192 1105 59 160 59 74 50 5772 286 77 120 271 102 72 1102 739 111 243 616
leaf_count=675 51 69 52 496 639 50 58 58 83 89 214 192 1105 59 160 59 74 50 5772 286 77 120 271 102 72 1102 739 111 243 616
internal_value=1.89941e-06 8.47194e-05 7.96798e-07 -4.03983e-05 2.90854e-06 4.56288e-05 1.14297e-05 0.000106062 0.000195043 0 -1.1462e-06 -2.52402e-05 4.68009e-07 2.116e-05 6.70242e-06 6.67023e-05 0.000133591 0.000216854 -2.25987e-06 -4.60469e-05 -8.61372e-05 -7.44313e-05 0 -3.65641e-05 2.14669e-06 1.41574e-05 8.50486e-06 -2.66432e-06 1.93408e-05 3.77349e-05
internal_weight=13744 120 13624 548 13076 924 874 199 141 12152 12063 951 11112 1507 1448 343 183 109 9605 577 363 312 9028 373 8655 2772 2700 5883 1961 859
internal_count=13744 120 13624 548 13076 924 874 199 141 12152 12063 951 11112 1507 1448 343 183 109 9605 577 363 312 9028 373 8655 2772 2700 5883 1961 859
is_linear=0
shrinkage=0.05


Tree=111
num_leaves=31
num_cat=0
split_feature=88 103 88 93 85 85 16 105 89 89 93 131 1 155 19 43 19 112 14 132 138 43 22 1 105 96 128 22 14 114
split_gain=0.000295738 0.00312052 0.000594692 0.000454193 0.000545941 0.000396713 0.000554494 0.000443132 0.000363247 0.00180278 0.00311007 0.000761519 0.000508988 0.000478057 0.00706361 0.000452 0.00225461 0.000574778 0.0010283 0.000392226 0.000469444 0.000304787 0.00292562 0.000300903 0.000272124 0.00025263 0.000240215 0.000206736 0.000178125 0.000174277
threshold=42.587500000000013 958.85000000000014 45.050000000000004 265.72387760000009 275.42736185000007 275.57644110000007 0.25500000000000006 14.500000000000002 44.050000000000004 43.550000000000004 271.47531805000006 91.467890746291033 0.41087726350000003 0.8520000000000002 -0.0031385714285714285 0.30950000000000005 -0.0063771428571428564 290.70662965000002 0.020515498000000004 5.5000000000000009 4.3950000000000005 0.32850000000000007 1.5000000000000002 0.051499178000000007 18.500000000000004 34.962500000000013 10.834676746694177 1.5000000000000002 0.021183272000000003 32.850000000000001
decision_type=2 2 2 2 2 2 2 2 2 2 2 2 2 2 2 2 2 2 2 2 2 2 2 2 2 2 2 2 2 2
left_child=8 -2 3 -3 -5 7 -7 -4 9 12 -11 19 13 15 -15 16 -1 23 -19 20 -10 22 -17 -18 -9 -16 -25 -23 -13 -29
right_child=1 2 5 4 -6 6 -8 24 11 10 -12 28 -14 14 25 21 17 18 -20 -21 -22 27 -24 26 -26 -27 -28 29 -30 -31
leaf_value=-0.00031012630817592844 0.00032153388140537266 0 -0.00012555220671702508 0.00021385919821628516 1.2427001141907606e-05 0 -0.00012435347330484866 0.0001016789132130265 -0.00014502267013679861 0 0.00047382278094565584 -3.5081307772105301e-06 -0.00014540772610295487 0.00059945528967476165 -6.930596261773612e-05 0.00030992090853268408 0 0 0.00022221120588378045 0 -2.280605696443983e-05 -2.9221625637965883e-05 0 -6.3252707585343627e-05 0 0 0 2.4184888587059803e-07 4.837173005287975e-05 4.583445493946494e-05
leaf_weight=67 82 286 58 75 183 59 184 82 224 131 54 626 59 51 165 84 629 170 66 103 315 558 782 548 298 102 121 7169 188 225
leaf_count=67 82 286 58 75 183 59 184 82 224 131 54 626 59 51 165 84 629 170 66 103 315 558 782 548 298 102 121 7169 188 225
internal_value=1.72914e-06 2.44142e-05 2.00987e-07 4.29208e-05 9.08875e-05 -2.66062e-05 -7.77387e-05 0 -2.54596e-07 2.44784e-06 0.000156795 -2.40555e-05 0 6e-07 6.11481e-05 -7.73843e-07 -2.5576e-05 -9.69648e-06 5.57862e-05 -6.53057e-05 -8.30311e-05 3.16467e-06 3.13166e-05 -2.54853e-05 2.1602e-05 -2.4871e-05 -4.8806e-05 0 2.38363e-06 2.31138e-06
internal_weight=13744 1307 1225 544 258 681 243 438 12437 10981 185 1456 10796 10737 318 10419 1601 1534 236 642 539 8818 866 1298 380 267 669 7952 814 7394
internal_count=13744 1307 1225 544 258 681 243 438 12437 10981 185 1456 10796 10737 318 10419 1601 1534 236 642 539 8818 866 1298 380 267 669 7952 814 7394
is_linear=0
shrinkage=0.05


Tree=112
num_leaves=31
num_cat=0
split_feature=117 19 133 56 85 138 96 92 1 14 89 112 120 131 91 112 9 28 138 138 128 77 19 114 91 112 54 14 1 29
split_gain=0.000294165 0.000976725 0.000821819 0.00479731 0.000389178 0.0088217 0.000695075 0.000380374 0.000287532 0.000245089 0.000373532 0.000242458 0.000236716 0.000230059 0.000229867 0.000224254 0.000717921 0.000545933 0.0010362 0.000487992 0.000813793 0.000262094 0.000358267 0.000232098 0.000689 0.000225159 0.000176852 0.000165084 0.000140761 0.000135571
threshold=1.5500000000000003 -0.0044257142857142863 88.200000000000003 -0.56382454999999243 280.31944675000005 4.2600000000000007 51.087500000000006 1.3500000000000005 0.41087726350000003 0.03786909850000001 37.050000000000004 283.48393300000004 266.19714850000008 84.828124735511878 19.650000000000002 286.17535390000006 3.3623611111111114 7.0500000000000007 6.0200000000000005 3.5850000000000004 9.0361655385470883 275.42299245000009 0.0039700000000000056 34.150000000000013 21.250000000000004 279.94723210000006 0.115 0.018163198500000002 0.058572534000000002 39.100000000000001
decision_type=2 2 2 2 2 2 2 2 2 2 2 2 10 2 2 2 2 2 2 2 2 2 2 2 2 2 2 2 2 2
left_child=2 -2 4 7 6 -6 8 -4 9 15 -11 -7 -12 -14 -13 21 17 18 -17 20 -19 23 -23 29 -25 -24 -21 -28 -29 -1
right_child=1 -3 3 -5 5 11 -8 -9 -10 10 12 14 13 -15 -16 16 -18 19 -20 26 -22 22 25 24 -26 -27 27 28 -30 -31
leaf_value=-2.7639046202047068e-06 -0.00024530829119897798 0 4.1814027460145833e-06 0.00052122418719451307 0.00058373925111178935 0 -0.00014787136164458493 -0.00013060088955861484 8.9022979404746922e-05 0 0 0 -0.00019553305149946193 -2.7410583165183959e-05 -0.00010169070708502256 0 0.00019034068615707969 0 0.00023154769077193219 -3.363447284268851e-05 0.00018822551080360762 -6.6438773087527661e-06 -0.00013127499591328987 0.00019056421517716724 0 0 -1.0829602134747539e-05 0 0.00010206243996989264 1.0477886610979927e-05
leaf_weight=4690 50 359 72 51 65 97 78 57 91 415 56 63 65 190 168 53 62 78 75 542 86 2308 109 65 154 93 390 130 68 2964
leaf_count=4690 50 359 72 51 65 97 78 57 91 415 56 63 65 190 168 53 62 78 75 542 86 2308 109 65 154 93 390 130 68 2964
internal_value=1.70286e-06 -3.91112e-05 3.33243e-06 0.00010958 1.49037e-06 5.04338e-05 0 -1.74585e-05 9.00134e-07 0 -2.79055e-05 -4.15072e-05 -6.93365e-05 -9.0393e-05 -7.11046e-05 1.98141e-06 2.02178e-05 9.15814e-06 0.000107263 0 7.96899e-05 -1.45233e-07 -1.46512e-05 3.84569e-06 5.53613e-05 -8.10263e-05 -1.23375e-05 0 4.29357e-05 1.71149e-06
internal_weight=13744 409 13335 180 13155 393 12762 129 12684 12593 726 328 311 255 231 11867 1484 1422 128 1294 164 10383 2510 7873 219 202 1130 588 198 7654
internal_count=13744 409 13335 180 13155 393 12762 129 12684 12593 726 328 311 255 231 11867 1484 1422 128 1294 164 10383 2510 7873 219 202 1130 588 198 7654
is_linear=0
shrinkage=0.05


Tree=113
num_leaves=31
num_cat=0
split_feature=49 120 108 88 134 126 74 133 1 96 16 86 123 131 53 84 49 21 76 114 30 114 141 104 141 131 138 103 141 16
split_gain=0.000278081 0.000790439 0.00221796 0.000428098 0.00317459 0.010662 0.000775114 0.00221742 0.000499112 0.000420695 0.000548949 0.000398294 0.000382155 0.000289061 0.00111654 0.00426704 0.00135364 0.00249282 0.000554204 0.000320201 0.00026062 0.000271917 0.000519306 0.00054686 0.000255726 0.000248257 0.000241059 0.000268139 0.000265439 0.000192171
threshold=945.05000000000007 264.01205285000009 286.17535390000006 38.862500000000004 6.205000000000001 25.500000000000004 34.092857142857149 46.665000000000013 0.41087726350000003 49.737500000000004 1.2750000000000001 7.5000000000000009 0.25881904510252091 35.897813711905684 198.50000000000003 1.0000000180025095e-35 969.35000000000002 0.46527777777777785 1.2500000000000007 31.550000000000004 -1.3700000000000008 24.950000000000003 34.190000000000005 1.4500000000000006 37.080000000000005 14.058381271834461 4.4600000000000009 1762.0000000000002 24.285000000000004 0.31000000000000005
decision_type=2 8 2 2 2 2 2 2 2 2 2 2 2 2 2 2 2 2 2 2 2 2 2 2 2 2 2 2 2 2
left_child=11 2 -2 6 5 -5 8 -8 13 20 -11 -1 -7 14 16 -16 17 -3 29 26 -6 -22 -23 -24 -21 -13 27 28 -15 -18
right_child=1 3 -4 4 9 12 7 -9 -10 10 -12 25 -14 19 15 -17 18 -19 -20 24 21 22 23 -25 -26 -27 -28 -29 -30 -31
leaf_value=0 0 0.0003934763761325095 0.00038354040584671076 0.00079154277892564762 0 7.4037917049281533e-05 0 -0.00038347120860884854 0.00012035560088491387 0 -0.00016232211038689405 -0.0001793074810120743 -8.6879689132104672e-05 0 0.00046122661633758488 -4.3831989304857124e-06 7.5577936941061223e-06 0 -0.00020282715040628079 -7.5197593541207548e-06 0 0 0.00028090143303896462 0 -0.00010031485513111391 -2.4955535823744184e-05 3.6269571765616221e-06 -1.8308338980671433e-06 -7.2187721106813752e-05 -3.7789678013217375e-05
leaf_weight=697 62 55 51 56 1377 59 145 50 85 75 84 60 82 223 65 118 206 238 52 455 71 186 52 57 153 297 6191 1654 355 433
leaf_count=697 62 55 51 56 1377 59 145 50 85 75 84 60 82 223 65 118 206 238 52 455 71 186 52 57 153 297 6191 1654 355 433
internal_value=1.56695e-06 3.95506e-06 0.000135868 2.36164e-06 2.31159e-05 0.000213885 -1.3206e-06 -9.98981e-05 7.20926e-08 6.27493e-07 -7.36227e-05 -2.24227e-05 0 -4.51925e-07 2.23512e-05 0.000135431 0 9.10645e-05 -3.69741e-05 -3.95432e-06 1.0306e-05 4.77502e-05 7.15792e-05 0.000159967 -3.92077e-05 -6.52919e-05 -8.11718e-07 -1.53587e-05 -4.53644e-05 -1.53692e-05
internal_weight=13744 12690 113 12577 2099 197 10478 195 10283 1902 159 1054 141 10198 1167 183 984 293 691 9031 1743 366 295 109 608 357 8423 2232 578 639
internal_count=13744 12690 113 12577 2099 197 10478 195 10283 1902 159 1054 141 10198 1167 183 984 293 691 9031 1743 366 295 109 608 357 8423 2232 578 639
is_linear=0
shrinkage=0.05


Tree=114
num_leaves=31
num_cat=0
split_feature=117 49 92 133 36 74 85 138 96 14 96 120 28 137 32 112 120 94 11 0 47 85 114 134 4 91 28 83 120 36
split_gain=0.000265993 0.000862267 0.00102115 0.000695094 0.00458797 0.000411105 0.000330512 0.00766916 0.000600505 0.000238216 0.000319625 0.000248202 0.00371114 0.000261278 0.00143126 0.000218675 0.000215993 0.000209764 0.000552558 0.000368006 0.000301201 0.000207742 0.000274264 0.000574286 0.000707425 0.000207661 0.000163978 0.000372205 0.000624656 0.000218839
threshold=1.5500000000000003 974.75000000000011 22.250000000000007 88.200000000000003 272.63745885000009 16.092857142857145 280.31944675000005 4.2600000000000007 51.087500000000006 0.03786909850000001 35.38750000000001 290.24338890000007 33.650000000000006 1.0000000180025095e-35 9.3500000000000032 283.48393300000004 266.19714850000008 17.500000000000004 0.0056461346597222236 0.24405000000000002 32.500000000000007 275.72751060000002 34.150000000000013 8.8950000000000014 7.2100000000000018e-05 19.650000000000002 6.4500000000000011 16.750000000000004 270.35554825000003 282.43413310000005
decision_type=2 2 2 2 2 2 2 2 2 2 2 10 2 2 2 2 10 2 2 2 2 2 2 2 2 2 2 2 10 2
left_child=3 2 -2 6 5 -5 8 -8 9 11 -11 13 -13 14 -1 -9 -12 19 21 26 -21 22 -19 24 -24 -17 27 -15 -29 -28
right_child=1 -3 -4 4 -6 -7 7 15 -10 10 16 12 -14 17 -16 25 -18 18 -20 20 -22 -23 23 -25 -26 -27 29 28 -30 -31
leaf_value=-4.6826244688417954e-07 0 0 -0.00032180466342491431 0 0.00050967777675324738 -0.00014592213134628586 0.0005440565022625819 0 -0.00013753028868335076 0 0 -2.5327123399269254e-06 0.00044232963219495593 0 0.00028033408181120958 0 -8.527242795269301e-05 0 0.00014029982509121262 0 -0.00013354075192052866 -1.2216559157332525e-05 0 0 0.00020077508927939447 -9.5791471802054827e-05 -4.2936933750025376e-07 0.00023225996061228217 0 -2.9377436939429577e-05
leaf_weight=99 83 276 50 80 50 50 65 97 78 420 53 345 50 473 53 63 253 845 87 55 97 671 68 363 108 168 7703 51 130 760
leaf_count=99 83 276 50 80 50 50 65 97 78 420 53 345 50 473 53 63 253 845 87 55 97 671 68 363 108 168 7703 51 130 760
internal_value=1.43683e-06 -3.73816e-05 -0.000142698 3.00507e-06 0.000100732 -2.10767e-05 1.28026e-06 4.63885e-05 0 7.43475e-07 -2.64312e-05 2.81348e-06 4.21275e-05 1.03459e-06 6.59556e-05 -3.83911e-05 -6.5247e-05 0 1.42582e-05 -3.09413e-06 -8.06284e-05 6.42457e-06 1.90747e-05 4.69354e-05 0.000121787 -6.66822e-05 -1.2444e-06 2.18591e-05 8.26579e-05 -3.62288e-06
internal_weight=13744 409 133 13335 180 130 13155 393 12762 12684 726 11958 395 11563 152 328 306 11411 2142 9269 152 2055 1384 539 176 231 9117 654 181 8463
internal_count=13744 409 133 13335 180 130 13155 393 12762 12684 726 11958 395 11563 152 328 306 11411 2142 9269 152 2055 1384 539 176 231 9117 654 181 8463
is_linear=0
shrinkage=0.05


Tree=115
num_leaves=31
num_cat=0
split_feature=101 0 84 19 74 129 23 81 108 120 103 134 131 92 34 93 135 135 12 16 136 138 67 135 85 42 135 89 43 82
split_gain=0.000269874 0.00200289 0.000540499 0.000330228 0.000243782 0.0012471 0.00358377 0.000476026 0.000384323 0.00271197 0.000491064 0.000439205 0.000369391 0.000503432 0.000338927 0.000318117 0.000571746 0.000303626 0.000293355 0.000242707 0.000219189 0.000236966 0.000190663 0.000217816 0.000187608 0.000176469 0.000149377 0.000200174 0.000142179 0.000119787
threshold=-5.6879933999999812 0.19770000000000001 14.750000000000002 -0.016885714285714282 32.821428571428577 7.5000000000000009 22.750000000000004 54.850000000000009 289.44483940000003 265.17552400000005 1117.1500000000003 6.4400000000000004 91.467890746291033 1.2500000000000004 -0.96594747489504729 272.84826455000007 1.8 8.0100000000000016 0.057609038500000008 0.26500000000000007 2.0500000000000003 3.6700000000000004 14.65 25.400000000000002 269.62935425000006 0.56500000000000006 73.985000000000014 41.550000000000004 0.25750000000000006 13.508000000000003
decision_type=2 2 2 2 2 2 2 2 2 10 2 2 2 2 2 2 2 2 2 2 2 2 2 2 2 2 2 2 2 2
left_child=1 2 -1 -2 7 14 -7 8 12 -10 11 -11 13 29 18 16 -15 -12 -6 25 21 -18 23 -23 -16 -17 27 -26 -25 -5
right_child=3 -3 -4 4 5 6 -8 -9 9 10 17 -13 -14 15 24 19 20 -19 -20 -21 -22 22 -24 28 26 -27 -28 -29 -30 -31
leaf_value=0 9.1613400247643722e-05 0.00032473917654897384 0.00016054125664870196 -1.2907181648030395e-05 0 -0.00045709487506443228 0 0.00014636567897888689 0.00037516582074667386 0.00020586693960824196 -0.00012617009035019347 0 1.1957050724298375e-06 -0.00016468667844389491 0 0.00013880616877544276 0 0 0.00012785476486180524 -1.7678278382795703e-05 1.3708380935861005e-05 -3.1406856931054799e-05 0 0 0 0 0 -0.000105100854864481 -0.00013098908574984007 8.2745441477371324e-06
leaf_weight=1312 83 51 52 1275 353 61 123 51 52 50 57 63 5793 114 266 50 470 465 65 208 78 590 169 61 77 50 53 166 210 1273
leaf_count=1312 83 51 52 1275 353 61 123 51 52 50 57 63 5793 114 266 50 470 465 65 208 78 590 169 61 77 50 53 166 210 1273
internal_value=-1.43508e-06 1.86252e-05 3.28706e-06 -4.1449e-06 -5.20987e-06 -2.74343e-05 -0.000146943 -2.42136e-06 -3.576e-06 3.14339e-05 0 9.65833e-05 -6.38814e-06 -1.71453e-05 0 -3.60151e-05 -4.47528e-05 -1.77204e-05 2.87157e-05 0 -3.28231e-05 -3.85813e-05 -5.23611e-05 -6.19046e-05 -2.9855e-05 7.32182e-05 -5.71734e-05 -7.42249e-05 -0.00010956 -3.63984e-07
internal_weight=13741 1415 1364 12326 12243 1164 184 11079 11028 687 635 113 10341 4548 980 2000 1692 522 418 308 1578 1500 1030 861 562 100 296 243 271 2548
internal_count=13741 1415 1364 12326 12243 1164 184 11079 11028 687 635 113 10341 4548 980 2000 1692 522 418 308 1578 1500 1030 861 562 100 296 243 271 2548
is_linear=0
shrinkage=0.05


Tree=116
num_leaves=31
num_cat=0
split_feature=47 33 138 0 22 133 112 74 85 34 140 120 133 108 140 2 61 43 95 12 12 85 30 0 131 50 81 122 93 82
split_gain=0.000246672 0.000798891 0.00270096 0.00067655 0.000609589 0.000495797 0.000460758 0.000301771 0.000292392 0.000275667 0.00118118 0.00076489 0.00093709 0.000595802 0.00075557 0.000249851 0.000225739 0.000537134 0.000754408 0.000224508 0.000976227 0.000200457 0.00019698 0.000193333 0.000195724 0.000191581 0.000186909 0.00018046 0.000161453 0.000132712
threshold=59.500000000000007 0.9757051542275087 3.7300000000000004 0.24405000000000002 1.5000000000000002 88.200000000000003 279.94723210000006 28.178571428571434 275.42736185000007 -0.9624009431220415 76.750000000000014 264.40128965000002 80.670000000000002 290.92483360000006 62.530000000000008 0.0014942165000000002 707.30000000000007 0.38150000000000006 1.5000000000000002 0.020877561000000003 0.020393872000000004 275.42736185000007 -1.3514285714285716 0.051850000000000007 252.82482637764227 1022.0500000000001 22.350000000000005 15.500000000000002 273.35313955000009 25.230000000000008
decision_type=2 2 2 2 2 2 2 2 2 2 2 8 2 2 2 2 2 2 2 2 2 2 2 2 2 2 2 2 2 2
left_child=1 3 -3 9 6 8 7 -2 16 10 11 -1 23 19 -15 22 17 -6 -19 20 -11 -21 28 -13 26 27 -25 -23 -10 -18
right_child=4 2 -4 -5 5 -7 -8 -9 15 13 -12 12 -14 14 -16 -17 29 18 -20 21 -22 25 -24 24 -26 -27 -28 -29 -30 -31
leaf_value=0.00018796779018421974 -0.00010429757828889165 0.0003785294714731619 0 0.00013855891171353754 0 0.00012407755756915626 3.3961050627801084e-06 0 -6.9350971735274473e-05 0 0.00024039203916198846 0 -0.00020442138311277218 0 -0.000263967128998689 2.0521999879563388e-05 0 0 0.00026082783455354665 -5.122771993273987e-06 0.00019492971724861439 -9.623199940532802e-05 0 0 0 0 0.00010644482089467512 0 0 -1.8733174986560928e-05
leaf_weight=54 355 61 222 87 648 71 73 82 500 3589 58 905 54 122 50 83 2426 75 53 1782 65 205 310 60 68 137 130 50 81 1285
leaf_count=54 355 61 222 87 648 71 73 82 500 3589 58 905 54 122 50 83 2426 75 53 1782 65 205 310 60 68 137 130 50 81 1285
internal_value=-1.31171e-06 4.18658e-06 8.6628e-05 3.55169e-07 -9.14483e-06 -3.35397e-06 -6.20443e-05 -8.43743e-05 -5.94858e-06 -6.21951e-07 1.9147e-05 4.93894e-06 0 -5.83642e-06 -9.80942e-05 -3.07889e-05 0 2.39269e-05 0.000117719 -2.2395e-06 4.29018e-06 -1.55102e-05 -4.11917e-05 6.17464e-06 4.51387e-05 -4.98747e-05 7.29707e-05 -7.54294e-05 -5.87083e-05 -5.67434e-06
internal_weight=13741 7699 283 7416 6042 5532 510 437 5461 7329 1329 1271 1217 6000 172 974 4487 776 128 5828 3654 2174 891 1163 258 392 190 255 581 3711
internal_count=13741 7699 283 7416 6042 5532 510 437 5461 7329 1329 1271 1217 6000 172 974 4487 776 128 5828 3654 2174 891 1163 258 392 190 255 581 3711
is_linear=0
shrinkage=0.05


Tree=117
num_leaves=31
num_cat=0
split_feature=101 0 133 19 74 24 3 81 69 134 131 92 16 107 74 4 16 111 34 7 112 81 92 88 133 98 4 91 24 100
split_gain=0.00024682 0.00180203 0.000807466 0.000300505 0.000214534 0.00194041 0.00422123 0.000410656 0.000374022 0.00292493 0.000339359 0.000454475 0.000316187 0.000378348 0.000613892 0.000624054 0.000329617 0.000257574 0.000242346 0.000262006 0.000202788 0.000207285 0.00033718 0.000216433 0.000174498 0.000146748 0.000410038 0.000119724 0.000205586 0.000343335
threshold=-5.6879933999999812 0.19770000000000001 87.315000000000012 -0.016885714285714282 32.821428571428577 42.650000000000006 0.0077787110000000007 54.850000000000009 289.44322330000006 4.6050000000000013 91.467890746291033 1.2500000000000004 5.9500000000000011 13.450000000000001 15.335714285714289 0.00015182700000000002 1.5300000000000002 3.0500000000000003 -0.96725686226446483 0.10380000000000002 291.1701104500001 35.150000000000013 3.850000000000001 46.525000000000013 38.570000000000007 0.8999999999999998 0.00069950850000000011 24.950000000000003 53.20000000000001 -5.599999999999965
decision_type=2 2 2 2 2 2 2 2 2 2 2 2 2 2 2 2 2 2 2 2 2 2 2 2 2 2 2 2 2 2
left_child=1 2 -1 -2 7 6 -6 8 10 -10 11 -5 16 14 -14 -16 17 -13 19 -7 21 -19 -23 -24 -20 -18 -27 -12 29 -29
right_child=3 -3 -4 4 5 18 -8 -9 9 -11 27 12 13 -15 15 -17 25 20 24 -21 -22 22 23 -25 -26 26 -28 28 -30 -31
leaf_value=-6.1855266374038537e-07 8.7529471597268379e-05 0.00030853573396878069 0.00019771728573267377 -1.324962297504447e-07 0 0 -0.00056311790951797008 0.00013591322187634291 0.00034295660131125692 0 -8.0894619034279079e-07 2.1035261696156605e-05 0 0 -0.00032342837987911125 -7.0296276200881196e-06 -3.8706740736873727e-06 -8.5202478429511857e-06 0 0.00010376280706158798 0 0 -9.541586029530527e-05 0 -5.711528524040789e-05 0.00012284367694245636 0 0.00017881890036873161 0 7.4478022525661138e-06
leaf_weight=1313 83 51 51 2548 114 339 50 51 67 558 4936 67 109 74 60 71 273 442 359 93 76 98 503 55 209 92 111 51 563 274
leaf_count=1313 83 51 51 2548 114 339 50 51 67 558 4936 67 109 74 60 71 273 442 359 93 76 98 503 55 209 92 111 51 563 274
internal_value=-1.1715e-06 1.80172e-05 3.27364e-06 -3.78122e-06 -4.81571e-06 -2.56768e-05 -0.00018454 -2.17059e-06 -3.27479e-06 3.30986e-05 -5.94361e-06 -1.62291e-05 -3.39526e-05 -8.62588e-05 -0.000116833 -0.000191176 -2.1432e-05 -3.58653e-05 0 2.87161e-05 -4.3383e-05 -4.97347e-05 -6.98386e-05 -8.5091e-05 -2.0911e-05 5.7119e-06 4.30644e-05 1.28618e-06 1.85442e-05 5.01433e-05
internal_weight=13741 1415 1364 12326 12243 1164 164 11079 11028 625 10403 4579 2031 314 240 131 1717 1241 1000 432 1174 1098 656 558 568 476 203 5824 888 325
internal_count=13741 1415 1364 12326 12243 1164 164 11079 11028 625 10403 4579 2031 314 240 131 1717 1241 1000 432 1174 1098 656 558 568 476 203 5824 888 325
is_linear=0
shrinkage=0.05


Tree=118
num_leaves=31
num_cat=0
split_feature=101 0 133 43 115 49 85 86 74 24 131 137 108 88 0 75 93 133 75 49 81 85 92 43 22 141 81 66 85 131
split_gain=0.00022336 0.00162902 0.000730805 0.000286405 0.00141624 0.00244048 0.000278877 0.000275282 0.000492589 0.00206936 0.00321522 0.000800246 0.00294215 0.00044136 0.00034954 0.000591898 0.000478225 0.000215469 0.000418726 0.000553835 0.000222427 0.000176184 0.000174175 0.000166337 0.00027568 0.000167982 0.000167658 0.000126404 0.000115754 0.000114513
threshold=-5.6879933999999812 0.19770000000000001 87.315000000000012 0.42750000000000005 12.550000000000002 980.6500000000002 281.97800695000006 21.500000000000004 33.178571428571438 42.650000000000006 41.157541858735875 1.0000000180025095e-35 286.0189453000001 50.037500000000001 0.17725000000000005 13.550000000000002 273.10764210000008 78.710000000000022 8.9500000000000011 970.45000000000016 51.550000000000004 271.65902920000002 9.0500000000000025 0.31950000000000006 1.0000000180025095e-35 36.860000000000007 49.550000000000004 24.925000000000004 276.12938400000002 53.280281257982935
decision_type=2 2 2 2 2 2 2 2 2 2 2 2 2 2 2 2 2 2 2 2 2 2 2 2 2 2 2 2 2 2
left_child=1 2 29 6 28 -6 7 8 11 10 -10 12 -2 14 17 16 -16 20 -19 27 23 -17 -9 25 -25 -13 -26 -20 -5 -1
right_child=3 -3 -4 4 5 -7 -8 22 9 -11 -12 13 -14 -15 15 21 -18 18 19 -21 -22 -23 -24 24 26 -27 -28 -29 -30 -31
leaf_value=-3.08375449598272e-05 0 0.00029340561626738169 0.00018802153312628015 1.7360577005086995e-06 0 0.00044501450878634197 -6.8628918955396405e-05 0 -0.00053844995666248207 -1.1320115404359857e-06 0 -2.2357825224680757e-06 0.00042310976920370932 0.00012794680410667657 -0.0001518682308064087 -1.268773418591297e-05 0 0 -5.6926542042215207e-05 -0.00019003386735559703 -7.5750820760196594e-05 9.0028121686862924e-05 0.00010464217035786173 9.8799857969667453e-05 0 -4.1971452705437775e-05 9.1173742895240566e-05 0 -5.1363241476054168e-05 3.1265190454304867e-06
leaf_weight=290 231 51 51 604 98 50 186 169 50 677 82 1538 50 57 165 117 64 223 98 85 101 51 85 74 6765 443 50 105 108 1023
leaf_count=290 231 51 51 604 98 50 186 169 50 677 82 1538 50 57 165 117 64 223 98 85 101 51 85 74 6765 443 50 105 108 1023
internal_value=-1.09348e-06 1.71342e-05 2.93403e-06 -3.59282e-06 2.30673e-05 0.000163821 -6.03032e-06 -4.54889e-06 -6.13749e-06 -4.41064e-05 -0.000225253 -2.63769e-06 7.93308e-05 -5.46676e-06 -6.75548e-06 -5.38309e-05 -0.000106996 -4.25176e-06 -3.64198e-05 -7.72793e-05 -1.85828e-06 0 4.45572e-05 -4.44813e-07 2.63139e-06 -1.3661e-05 8.39241e-07 -4.85683e-06 0 -5.87648e-07
internal_weight=13741 1415 1364 12326 860 148 11466 11280 11026 809 132 10217 281 9936 9879 397 229 9482 511 288 8971 168 254 8870 6889 1981 6815 203 712 1313
internal_count=13741 1415 1364 12326 860 148 11466 11280 11026 809 132 10217 281 9936 9879 397 229 9482 511 288 8971 168 254 8870 6889 1981 6815 203 712 1313
is_linear=0
shrinkage=0.05


Tree=119
num_leaves=31
num_cat=0
split_feature=47 33 138 0 22 112 28 133 93 133 92 34 137 85 137 61 28 92 53 107 67 30 137 93 92 16 134 93 131 91
split_gain=0.000225972 0.000706913 0.00237277 0.000589538 0.00052864 0.000439459 0.000480379 0.000433774 0.000265274 0.00125684 0.000564247 0.00204441 0.00529307 0.000258307 0.000234106 0.000208881 0.000450064 0.000873958 0.000174329 0.000670393 0.000173315 0.000368833 0.000164486 0.000161095 0.000267734 0.000150758 0.000222931 0.000158689 0.000142386 0.00020017
threshold=59.500000000000007 0.9757051542275087 3.7300000000000004 0.24405000000000002 1.5000000000000002 279.94723210000006 36.050000000000004 88.200000000000003 267.52923855000006 88.200000000000003 20.850000000000005 -0.95873475736209246 0.03500000000000001 275.42736185000007 0.45500000000000007 707.30000000000007 29.350000000000005 7.8500000000000014 271.50000000000006 11.050000000000002 14.65 -1.0485714285714269 0.78000000000000014 266.26511550000004 8.6500000000000039 0.085000000000000006 16.450000000000006 273.24895505000006 91.467890746291033 19.950000000000003
decision_type=2 2 2 2 2 2 2 2 2 2 2 2 2 2 2 2 2 2 2 2 2 2 2 2 2 2 2 2 2 2
left_child=1 3 -3 8 5 6 -2 13 10 28 18 12 -12 15 -15 16 -6 -18 22 -20 21 -13 -1 -24 -25 -16 27 -27 29 -10
right_child=4 2 -4 -5 7 -7 -8 -9 9 -11 11 20 -14 14 25 -17 17 -19 19 -21 -22 -23 23 24 -26 26 -28 -29 -30 -31
leaf_value=-1.1316585058930557e-05 -1.0772795688710793e-05 0.00035552013679813587 0 0.00012951984463577241 0 6.7194181613288196e-06 -0.00014541412626451175 0.00011597446605669069 -2.13657655430789e-07 -0.00025661946358631439 0.00062544772441398507 0 0 0 0 -5.3997700784917437e-06 0 0.00018922974829925249 0.00020324238254954485 0 1.0092587630323474e-05 -0.00016266302166674423 0 0 0.00011346780715958882 -9.0269353715620364e-05 0 0 1.1544737736148404e-06 -4.9329954198721693e-05
leaf_weight=2172 250 61 222 87 508 73 187 71 919 52 50 69 85 326 74 3711 165 103 50 189 107 50 1347 212 93 334 174 66 1537 397
leaf_count=2172 250 61 222 87 508 73 187 71 919 52 50 69 85 326 74 3711 165 103 50 189 107 50 1347 212 93 334 174 66 1537 397
internal_value=-9.91436e-07 4.26539e-06 8.18909e-05 6.18379e-07 -8.51693e-06 -5.78172e-05 -8.00042e-05 -3.0586e-06 -2.47098e-07 -1.26136e-05 6.74439e-06 6.67265e-05 0.00022225 -5.54255e-06 -2.88863e-05 0 2.3082e-05 7.56417e-05 1.69514e-07 4.23624e-05 -4.71835e-06 -5.96755e-05 -1.17074e-06 9.14269e-06 4.20438e-05 -4.64258e-05 -5.55716e-05 -7.62763e-05 -6.32597e-06 -1.88534e-05
internal_weight=13741 7699 283 7416 6042 510 437 5532 7329 2905 4424 361 135 5461 974 4487 776 268 4063 239 226 119 3824 1652 305 648 574 400 2853 1316
internal_count=13741 7699 283 7416 6042 510 437 5532 7329 2905 4424 361 135 5461 974 4487 776 268 4063 239 226 119 3824 1652 305 648 574 400 2853 1316
is_linear=0
shrinkage=0.05


Tree=120
num_leaves=31
num_cat=0
split_feature=61 7 96 1 133 123 131 81 16 81 96 141 131 50 93 137 77 137 118 137 53 150 15 6 112 28 82 49 104 85
split_gain=0.000273004 0.00139257 0.00135919 0.000582566 0.000359489 0.00235443 0.000327627 0.000280595 0.000250427 0.000292611 0.000757596 0.00109137 0.000242437 0.000348507 0.000247701 0.0017027 0.00232293 0.00112356 0.000185772 0.00081936 0.00259751 0.000670624 0.00017396 0.000164246 0.000303607 0.000152497 0.000140623 0.00014863 0.000131572 0.000212374
threshold=420.10000000000008 0.25110000000000005 51.087500000000006 0.41087726350000003 82.02000000000001 -0.5 64.936761357106477 54.850000000000009 0.94500000000000006 38.050000000000004 45.412500000000001 34.190000000000005 12.227529829379685 1011.7500000000001 267.48674725000006 1.0000000180025095e-35 268.0608855000001 1.0000000180025095e-35 11.15 0.055000000000000007 207.50000000000003 0.89285714285714313 0.00092500000000000015 0.021504166666666668 290.70662965000002 38.100000000000009 15.674000000000001 950.85000000000002 5.3500000000000014 269.08825340000004
decision_type=2 2 2 2 2 2 2 2 2 2 2 2 2 2 2 2 2 2 10 2 2 2 2 2 2 2 2 2 2 2
left_child=1 2 4 7 6 -6 26 12 25 -10 11 -11 13 -2 15 16 -14 -16 28 20 21 22 -20 -21 -25 -8 -1 -28 -17 -30
right_child=3 -3 -4 -5 5 -7 8 -9 9 10 -12 -13 14 -15 17 18 -18 -19 19 23 -22 -23 -24 24 -26 -27 27 -29 29 -31
leaf_value=0 -0.00017013989187193444 0.00025992406205753882 0.00024409385764738545 -0.00014210351999305811 0.00034443551081175545 -1.2182005636662193e-05 -1.2227256431726888e-05 -0.00011617240789214606 0 0 0 0.00030300641046117317 0 0 -0.00022580798737829465 -2.6434486934530808e-05 0.00034997888249779953 -5.0901058117835069e-06 0 -4.5052096676589784e-08 0.00038166510621999439 0.00017046107616514971 -8.4516374839950015e-05 0 0.00014493950646023482 3.4430439787104778e-05 0 -6.5857756181909559e-05 -3.5599031602373276e-06 8.5519750143302027e-05
leaf_weight=265 50 57 59 74 56 132 1184 52 415 100 84 65 71 98 60 657 83 2988 116 3377 60 52 79 189 55 178 100 336 2651 67
leaf_count=265 50 57 59 74 56 132 1184 52 415 100 84 65 71 98 60 657 83 2988 116 3377 60 52 79 189 55 178 100 336 2651 67
internal_value=7.56094e-07 1.42815e-05 7.80701e-06 -2.58433e-06 1.22779e-06 6.88498e-05 -1.62478e-06 -1.13967e-06 6.57961e-06 3.25761e-05 7.58216e-05 0.00014166 -9.80043e-08 -6.37245e-05 3.28461e-07 5.69046e-06 0.000170037 -1.11475e-05 1.51749e-06 9.44341e-06 8.8126e-05 0 -2.63939e-05 1.3695e-06 4.12756e-05 -2.44039e-06 -3.24349e-05 -4.99445e-05 -6.22613e-06 0
internal_weight=13810 3031 2974 10779 2915 188 2727 10705 2026 664 249 165 10653 148 10505 7457 154 3048 7303 3928 307 247 195 3621 244 1362 701 436 3375 2718
internal_count=13810 3031 2974 10779 2915 188 2727 10705 2026 664 249 165 10653 148 10505 7457 154 3048 7303 3928 307 247 195 3621 244 1362 701 436 3375 2718
is_linear=0
shrinkage=0.05


Tree=121
num_leaves=31
num_cat=0
split_feature=103 91 24 90 96 5 6 123 133 123 133 133 89 75 6 131 15 108 118 2 59 10 140 4 141 2 40 33 91 112
split_gain=0.000303293 0.00195574 0.00187879 0.00266606 0.000582824 0.000513901 0.000402354 0.000533915 0.00176508 0.000237447 0.00204842 0.00141498 0.000218984 0.000261376 0.000511824 0.000233286 0.000218474 0.000266346 0.000246191 0.000354952 0.000761916 0.00167134 0.000227996 0.000200329 0.000181244 0.000180659 0.000252455 0.000179098 0.000191356 0.000168065
threshold=1100.6500000000003 34.600000000000001 62.750000000000007 25.012244897959189 51.087500000000006 41.090000000000011 0.022136805555555559 -0.70710678118654735 78.945000000000007 -0.60355339059327362 88.200000000000003 87.64500000000001 44.550000000000004 19.650000000000002 0.001002777777777778 92.98559840874789 0.00023854166666666669 283.27671185000003 9.5500000000000025 9.4850000000000015e-05 8.2487500000000029 8.1050000000000022 44.725000000000009 0.0015534190000000001 37.765000000000008 0.0059917800000000012 0.025000000000000005 0.96856120723519545 27.250000000000004 270.38786045000006
decision_type=2 2 2 2 2 2 2 2 2 2 2 2 2 2 2 2 2 2 10 2 2 2 2 2 2 2 2 2 2 2
left_child=1 2 6 -4 5 9 7 8 23 11 16 -2 13 -9 -15 27 17 -11 25 -20 21 -21 29 24 -1 -18 -27 28 -14 -22
right_child=4 -3 3 -5 -6 -7 -8 12 -10 10 -12 -13 15 14 -16 -17 18 -19 19 20 22 -23 -24 -25 -26 26 -28 -29 -30 -31
leaf_value=-3.6552757186100846e-05 -5.1506394541968789e-06 0.0002728215947682619 0.00047481636318016354 0 -0.00015779010837250695 -0.000131161985350206 -0.00013113804219756274 -1.4193256861609855e-06 0.00032648287598347901 0 0.00024883359600789848 -0.00023257636003892106 -0.00010898953640403734 0 0.00019470531723581031 0 7.7335382633743938e-07 -3.9326607919353104e-05 2.6206596617030427e-06 0.00035656081320388283 0 6.2101240047127989e-06 -8.5064487464582948e-06 6.404417973264512e-05 4.6270710136879987e-05 -0.00011105540430063147 0 0 0 8.7380118080825642e-05
leaf_weight=239 3313 72 50 54 60 75 57 1352 52 2546 84 71 180 75 50 394 1826 567 1429 61 88 150 304 123 62 87 95 54 111 129
leaf_count=239 3313 72 50 54 60 75 57 1352 52 2546 84 71 180 75 50 394 1826 567 1429 61 88 150 304 123 62 87 95 54 111 129
internal_value=6.72194e-07 1.52448e-05 6.89915e-06 0.000214539 -2.78546e-06 -1.44996e-06 0 1.77112e-06 5.11268e-05 -6.7806e-08 4.49107e-06 -1.14667e-05 -6.59352e-06 1.45896e-06 7.20372e-05 -2.94246e-05 9.52201e-07 -8.26256e-06 9.03225e-06 2.09845e-05 4.99603e-05 0.000132285 6.85135e-06 4.90323e-06 -2.83976e-06 -1.34592e-06 -4.9819e-05 -5.94753e-05 -7.56628e-05 5.12425e-05
internal_weight=13810 2925 2853 104 10885 10825 2749 2692 476 10750 7366 3384 2216 1477 125 739 7282 3113 4169 2161 732 211 521 424 301 2008 182 345 291 217
internal_count=13810 2925 2853 104 10885 10825 2749 2692 476 10750 7366 3384 2216 1477 125 739 7282 3113 4169 2161 732 211 521 424 301 2008 182 345 291 217
is_linear=0
shrinkage=0.05


Tree=122
num_leaves=31
num_cat=0
split_feature=103 91 24 81 1 123 82 123 133 133 15 36 135 118 91 141 8 92 12 49 81 114 9 51 81 3 6 19 24 74
split_gain=0.000275329 0.00209088 0.00199199 0.000530953 0.000488213 0.000363164 0.000681095 0.000229806 0.00153134 0.00113401 0.000242724 0.000341798 0.000284433 0.000213523 0.000285822 0.000929796 0.000192043 0.000212068 0.000338485 0.000381221 0.000198362 0.000176579 0.000167655 0.00015901 0.000158898 0.000654995 0.000473487 0.000674118 0.000206024 0.000304809
threshold=1069.3500000000001 34.600000000000001 62.750000000000007 54.850000000000009 0.41087726350000003 -0.9159756150367534 22.226000000000003 -0.5 88.200000000000003 88.200000000000003 0.00023854166666666669 281.67623185000008 9.7550000000000008 9.5500000000000025 12.850000000000003 31.795000000000005 0.012074749575553349 1.9500000000000006 0.014471690000000001 945.05000000000007 46.350000000000001 37.850000000000001 3.4161111111111118 238.50000000000003 36.350000000000001 0.09041131550000002 0.012881250000000002 0.0027257142857142857 37.500000000000007 22.38571428571429
decision_type=2 2 2 2 2 2 2 2 2 2 2 2 2 10 2 2 2 2 2 2 2 2 2 2 2 2 2 2 2 2
left_child=1 2 5 4 7 6 -1 9 10 -2 11 -9 -13 -12 15 -15 17 -16 -19 -20 22 24 -18 -21 26 28 -7 -28 29 -26
right_child=3 -3 -4 -5 -6 21 -8 8 -10 -11 13 12 -14 14 16 -17 20 18 19 23 -22 -23 -24 -25 25 -27 27 -29 -30 -31
leaf_value=0 -5.5338216309679996e-06 0.00030920351288720371 0.00023928964857976794 -0.00014917158483219664 -0.0001259079683096878 -8.7368780813021268e-08 0.00017309716837452614 0 0.00022188625105447931 -0.00024440104634637611 0 -0.00016095064704019864 -1.4899126506867062e-05 0 0 0.00026074622559634631 0 4.0957744899691022e-06 0 0.00014155145687416533 -5.7915504339817606e-05 -5.7882432307455444e-05 6.8319150287761844e-05 0 0.00011386400361738107 0.00014670458366676672 -0.00023031752034700641 0 -2.4515102929164251e-05 0
leaf_weight=138 3913 59 88 61 77 1440 82 2552 80 51 1838 64 335 57 488 52 538 472 58 179 141 167 93 68 81 84 57 61 355 81
leaf_count=138 3913 59 88 61 77 1440 82 2552 80 51 1838 64 335 57 488 52 538 472 58 179 141 167 93 68 81 84 57 61 355 81
internal_value=6.15428e-07 1.52353e-05 6.6382e-06 -2.47744e-06 -1.20246e-06 0 5.95671e-05 0 5.11595e-06 -9.92894e-06 1.86285e-06 -8.08246e-06 -5.11697e-05 1.04843e-05 2.12756e-05 0.000107826 1.41403e-05 2.64784e-05 4.26887e-05 8.58645e-05 0 -7.29241e-06 5.57e-06 0.000113754 -1.03944e-06 1.78543e-05 -1.15417e-05 -0.000108131 0 4.29801e-05
internal_weight=13810 2693 2634 11117 11056 2546 220 10979 7015 3964 6935 2951 399 3984 2146 109 2037 1265 777 305 772 2326 631 247 2159 601 1558 118 517 162
internal_count=13810 2693 2634 11117 11056 2546 220 10979 7015 3964 6935 2951 399 3984 2146 109 2037 1265 777 305 772 2326 631 247 2159 601 1558 118 517 162
is_linear=0
shrinkage=0.05


Tree=123
num_leaves=31
num_cat=0
split_feature=88 89 34 22 43 1 14 82 120 100 88 123 133 133 129 92 92 74 36 132 84 136 23 59 21 0 116 61 83 2
split_gain=0.000296787 0.000322752 0.000219126 0.00250446 0.0053674 0.00040357 0.000319772 0.0018696 0.00283247 0.000601687 0.000270695 0.000228821 0.00140995 0.000304498 0.000241555 0.000253889 0.000314586 0.000217508 0.000167681 0.000499211 0.000490129 0.000425954 0.00042227 0.000392342 0.000300914 0.000421273 0.000292091 0.00038731 0.000284929 0.000160524
threshold=51.037500000000009 55.20000000000001 0.22907510984661886 1.0000000180025095e-35 0.32350000000000007 0.41087726350000003 0.061309237500000009 21.380000000000006 268.64483335000006 2.549999999999955 38.287500000000009 -0.37940952255126059 87.64500000000001 87.64500000000001 6.5000000000000009 16.250000000000007 8.6500000000000039 15.714285714285717 281.67623185000008 1.5000000000000002 8.4500000000000028 1.0650000000000002 18.846527777777784 9.3611500000000021 0.28472222222222227 0.010800000000000002 272.28067670000007 495.30000000000001 18.350000000000005 0.0045051920000000007
decision_type=2 2 2 2 2 2 2 2 10 2 2 2 2 2 2 2 2 2 2 2 2 2 2 2 2 2 2 2 2 2
left_child=1 2 5 4 -4 6 11 9 -9 -8 29 12 14 18 -1 16 -16 -12 20 23 -13 22 -22 -20 25 -21 -24 -28 -26 -5
right_child=-2 -3 3 10 -6 -7 7 8 -10 -11 17 13 -14 -15 15 -17 -18 -19 19 24 21 -23 26 -25 28 -27 27 -29 -30 -31
leaf_value=0 0.00011859354417057783 -0.00011286480287607347 0.00062280348600604791 7.4634528418079601e-07 0 -0.00011699575758856637 0 0 0.00048859844240331431 -0.00018700599308431266 0.00015074019381481103 0 -0.00026426812710789302 9.2751752511268867e-05 -1.3455344057055735e-05 2.2455443119042546e-07 -0.0001044170184075617 0 -0.00017612102497212886 0.00018035314376617202 0.00022053803606346875 0 0 0 -6.7234799672668931e-05 0 0 0.0001116591820489032 0 -6.3882127102557696e-05
leaf_weight=3032 52 62 51 2477 65 76 60 59 50 51 53 4982 55 92 545 199 196 54 81 50 59 172 131 60 189 52 72 178 458 97
leaf_count=3032 52 62 51 2477 65 76 60 59 50 51 53 4982 55 92 545 199 196 54 81 50 59 172 131 60 189 52 72 178 458 97
internal_value=4.99647e-07 0 5.64039e-07 1.33255e-05 0.000240219 -2.25313e-06 -9.74726e-07 5.76401e-05 0.000215195 -5.2973e-05 1.55823e-06 -2.66776e-06 -1.22827e-05 2.461e-06 -7.46938e-06 -2.96194e-05 -4.43622e-05 7.95386e-05 3.94765e-07 -1.87919e-05 4.34381e-06 4.65952e-05 7.37062e-05 -0.000104903 0 7.66854e-05 3.73616e-05 7.09485e-05 -1.50399e-05 0
internal_weight=13810 13758 13696 2797 116 10899 10823 220 109 111 2681 10603 4027 6576 3972 940 741 107 6484 890 5594 612 440 141 749 102 381 250 647 2574
internal_count=13810 13758 13696 2797 116 10899 10823 220 109 111 2681 10603 4027 6576 3972 940 741 107 6484 890 5594 612 440 141 749 102 381 250 647 2574
is_linear=0
shrinkage=0.05


Tree=124
num_leaves=31
num_cat=0
split_feature=88 89 101 11 111 24 41 137 52 15 119 131 105 81 155 124 121 16 107 133 92 128 4 90 50 43 42 30 7 126
split_gain=0.000268651 0.000291466 0.000204894 0.000736688 0.000978315 0.000290086 0.000206817 0.000347164 0.000283736 0.00115784 0.00168646 0.00424719 0.000149894 0.000223419 0.000196541 0.00159226 0.000188377 0.000312812 0.000351676 0.000181938 0.000892964 0.00117302 0.000176601 0.000157586 0.00012092 0.000190301 0.000160345 0.000299441 0.00011979 0.000194224
threshold=51.037500000000009 55.20000000000001 -5.7949614000000329 0.0029154279444444449 7.1500000000000012 52.150000000000013 35.500000000000007 1.0000000180025095e-35 257.50000000000006 0.00089583333333333344 6.8500000000000005 57.257815097269223 8.5000000000000018 39.050000000000004 0.8520000000000002 0.78656609248549303 0.45000000000000007 0.34500000000000003 7.1500000000000012 80.670000000000002 1.5500000000000005 8.6546513695753227 0.00011032200000000001 24.696938775510208 1008.1500000000002 0.38950000000000007 0.54500000000000015 -1.0485714285714269 0.048350000000000011 4.5000000000000009
decision_type=2 2 2 2 2 2 2 2 2 2 10 2 2 2 2 2 10 2 2 2 2 2 2 2 2 2 2 2 2 2
left_child=1 2 3 -1 -5 -6 7 -4 12 -10 -11 -12 13 24 16 -16 19 18 -18 28 -21 -22 -15 -23 25 -8 -26 -28 -14 -30
right_child=-2 -3 6 4 5 -7 8 -9 9 10 11 -13 14 22 15 -17 17 -19 -20 20 21 23 -24 -25 26 -27 27 -29 29 -31
leaf_value=0 0.00011277574067413675 -0.00010731113915209703 -0.00014748065862326873 0.00026213593469130004 0.00012168597016100718 0 -0.00011192070611580293 -8.6513540309281992e-06 -2.6852360471567898e-06 0 0.00058318306614671238 1.063270321058994e-05 3.5663251126648062e-06 -8.2012918942639797e-05 -1.3685950578881004e-05 0.00022525044888791219 0.00018511372272951121 0 0 7.7278745063980985e-06 -0.00032099348707594224 -7.4613236209127845e-05 0 0 -1.3086825911173625e-06 0 0.00014459628194295378 0 6.8743213761271978e-05 -1.156856373605156e-05
leaf_weight=1060 52 62 61 68 51 175 61 709 895 186 53 131 4762 211 206 86 59 175 51 320 54 74 64 91 588 68 54 60 61 3262
leaf_count=1060 52 62 61 68 51 175 61 709 895 186 53 131 4762 211 206 86 59 175 51 320 54 74 64 91 588 68 54 60 61 3262
internal_value=4.20904e-07 0 4.81609e-07 1.91829e-05 8.90694e-05 1.40444e-05 -1.16635e-06 -2.63116e-05 7.69007e-08 2.28013e-05 9.77694e-05 0.00020484 -2.229e-06 -1.96158e-05 0 4.01495e-05 -1.46191e-06 3.71543e-05 0.000102967 -3.32194e-06 -3.1763e-05 -0.000111967 -5.97226e-05 -1.19159e-05 -2.779e-07 -4.81084e-05 1.45503e-06 5.90756e-05 -8.03826e-07 -8.56984e-06
internal_weight=13810 13758 13696 1354 294 226 12342 770 11572 1265 370 184 10307 1106 9201 292 8909 285 110 8624 539 219 275 165 831 129 702 114 8085 3323
internal_count=13810 13758 13696 1354 294 226 12342 770 11572 1265 370 184 10307 1106 9201 292 8909 285 110 8624 539 219 275 165 831 129 702 114 8085 3323
is_linear=0
shrinkage=0.05


Tree=125
num_leaves=31
num_cat=0
split_feature=81 119 120 133 84 135 96 42 93 5 129 77 13 23 44 141 112 11 119 82 77 139 83 133 107 69 105 15 2 12
split_gain=0.00031192 0.00239052 0.00036547 0.00405641 0.000615312 0.00158812 0.000335483 0.000287164 0.000926245 0.000359184 0.000280389 0.000251954 0.00156918 0.000737194 0.000832007 0.000277378 0.000259171 0.000605269 0.000437537 0.000402149 0.000182157 0.00145494 0.00157932 0.000242751 0.000145082 0.000139388 0.00014478 0.000198739 0.000174295 0.000119926
threshold=53.850000000000001 13.15 266.28082010000008 84.075000000000017 18.650000000000006 4.7900000000000009 47.912500000000009 1.5450000000000002 267.21821860000006 41.090000000000011 6.5000000000000009 281.37332475000005 0.0035841718888888889 18.550694444444449 932.50000000000011 39.285000000000004 275.93796795000009 0.0043679039444444448 14.550000000000002 24.270000000000003 268.38173355000009 90.61646151329019 11.250000000000002 88.200000000000003 11.350000000000003 277.20659510000002 12.500000000000002 0.00040000000000000002 0.00010969900000000001 0.076501914000000018
decision_type=2 10 8 2 2 2 2 2 2 2 2 2 2 2 2 2 2 2 8 2 2 2 2 2 2 2 2 2 2 2
left_child=2 -2 3 25 6 -6 7 9 -9 11 -8 16 13 14 -13 24 20 29 19 -19 23 -22 -23 -4 -15 -1 27 -27 -28 -18
right_child=1 -3 4 -5 5 -7 10 8 -10 -11 -12 12 -14 15 -16 -17 17 18 -20 -21 21 22 -24 -25 -26 26 28 -29 -30 -31
leaf_value=6.6793069251037775e-05 -7.7937128391538147e-05 0.00033124222158221529 -2.2720781269279096e-06 0.00043678329338977243 -0.0002539716881520607 0 0 0 -0.00024143767665359172 0.00010291584570864764 -0.00012807687327949681 0.00026941641056004708 0.00028726941679013657 -4.6351252492845023e-05 0 7.5017393454673549e-05 -9.9429717849107379e-06 -0.00022732345005935692 0 0 3.1458838134979324e-06 0 0.00038305503991540284 -0.00010926792266124314 0 0 -3.8965056675581719e-05 8.5736462466086511e-05 0 4.6496051061492637e-05
leaf_weight=76 60 57 3595 56 87 269 213 72 51 84 95 53 53 294 55 78 2768 80 101 57 3645 57 53 57 600 94 424 88 322 71
leaf_count=76 60 57 3595 56 87 269 213 72 51 84 95 53 53 294 55 78 2768 80 101 57 3645 57 53 57 600 94 424 88 322 71
internal_value=-2.16063e-07 8.01516e-05 -1.28501e-06 2.62916e-05 -4.02802e-06 -6.9125e-05 -1.70019e-06 0 -7.59658e-05 4.46337e-07 -5.31768e-05 0 2.20661e-05 4.17243e-06 0.000129911 -4.77895e-06 -2.72272e-06 -1.51123e-05 -9.3436e-05 -0.00015181 1.75051e-06 9.97757e-06 0.000189242 -5.34025e-06 -1.74037e-05 0 -2.30823e-06 2.93247e-05 -1.6748e-05 -6.75506e-06
internal_weight=13665 117 13548 1060 12488 356 12132 11824 123 11701 308 11617 1133 1080 108 972 10484 3077 238 137 7407 3755 110 3652 894 1004 928 182 746 2839
internal_count=13665 117 13548 1060 12488 356 12132 11824 123 11701 308 11617 1133 1080 108 972 10484 3077 238 137 7407 3755 110 3652 894 1004 928 182 746 2839
is_linear=0
shrinkage=0.05


Tree=126
num_leaves=31
num_cat=0
split_feature=42 75 133 48 92 85 18 89 85 21 89 12 0 141 133 98 56 22 108 82 100 36 135 89 85 92 94 136 112 89
split_gain=0.000261295 0.000970935 0.000714366 0.00528402 0.00147411 0.000334203 0.00537535 0.000306155 0.000430799 0.000746971 0.000324355 0.00181197 0.000462105 0.000295606 0.000274387 0.000183313 0.00016565 0.000346887 0.000211587 0.000139657 0.000135878 0.000149225 0.000438744 0.000124757 0.00026759 0.000474587 0.000124417 9.46866e-05 0.000142835 0.000102766
threshold=1.5350000000000004 18.150000000000002 88.200000000000003 99.500000000000014 1.2500000000000004 280.31944675000005 0.013114583333333334 46.550000000000004 275.42736185000007 0.29861111111111122 41.350000000000001 0.09273153100000002 0.24405000000000002 37.415000000000006 84.075000000000017 3.9000000000000017 -1.1291043999999884 42.500000000000007 288.26895500000006 14.312000000000001 -8.850000000000021 282.43413310000005 3.4750000000000005 51.850000000000001 272.26707250000004 9.0500000000000025 32.500000000000007 1.6100000000000001 279.94723210000006 44.350000000000001
decision_type=2 2 2 2 2 2 2 2 2 2 2 2 2 2 2 2 2 2 2 2 2 2 2 2 2 2 2 2 2 2
left_child=2 -2 5 4 -4 7 16 10 13 -10 12 14 20 23 26 -11 17 -7 -18 -14 -1 -22 -23 -9 -25 -26 27 29 -29 -12
right_child=1 -3 3 -5 -6 6 -8 8 9 15 11 -13 19 -15 -16 -17 18 -19 -20 -21 21 22 -24 24 25 -27 -28 28 -30 -31
leaf_value=7.3298413169635619e-05 -0.00024576891528376311 0 3.5258682158953125e-05 0.00047827538005151387 -0.00026738307670827704 -7.7361151366839615e-06 0.00052174587547745854 -1.1963128661256323e-06 -0.00023092065839313576 -4.7223131056583004e-05 0 0.0002662955861588883 0 -9.3285741356902732e-05 0.0001034443336190764 0 -7.220246988091842e-05 0.00012081737649956874 0 -0.00013288506545925177 0 -0.0001418561218563506 -3.7778585186837016e-06 0 0 0.00017881284016485713 7.1826354777537439e-05 6.0575946998083604e-05 0 -2.6344976800446779e-05
leaf_weight=56 50 114 80 63 54 96 51 787 64 355 726 72 61 83 69 140 184 59 57 89 8505 74 724 118 58 67 59 131 90 529
leaf_count=56 50 114 80 63 54 96 51 787 64 355 726 72 61 83 69 140 184 59 57 89 8505 74 724 118 58 67 59 131 90 529
internal_value=-1.9238e-07 -6.2918e-05 2.03852e-07 9.4745e-05 -5.07416e-05 -8.27291e-07 4.09904e-05 -2.67311e-06 -2.26365e-05 -5.87711e-05 0 2.05736e-05 -3.25991e-06 0 6.26933e-06 -2.6012e-05 -9.48884e-06 9.60666e-06 -4.24203e-05 -9.06239e-05 -1.31598e-06 -2.31036e-06 -2.30014e-05 2.79041e-06 3.61459e-05 8.85405e-05 0 -1.00773e-06 2.39444e-05 -9.39814e-06
internal_weight=13665 164 13501 197 134 13304 447 12857 1672 559 11185 1676 9509 1113 1604 495 396 155 241 150 9359 9303 798 1030 243 125 1535 1476 221 1255
internal_count=13665 164 13501 197 134 13304 447 12857 1672 559 11185 1676 9509 1113 1604 495 396 155 241 150 9359 9303 798 1030 243 125 1535 1476 221 1255
is_linear=0
shrinkage=0.05


Tree=127
num_leaves=31
num_cat=0
split_feature=81 48 120 83 84 135 96 129 42 16 1 77 13 23 49 141 112 11 103 137 103 108 140 103 108 138 131 12 88 85
split_gain=0.000261416 0.00160862 0.000336037 0.00303662 0.000544305 0.00152682 0.000303309 0.000233064 0.00022675 0.000876677 0.000306895 0.000223139 0.00133455 0.000665507 0.000604249 0.000250221 0.00022953 0.000562906 0.000317487 0.000665816 0.000224718 0.00016409 0.000647021 0.00150339 0.000298051 0.000442303 0.000160189 0.000137791 0.000152536 0.000334357
threshold=53.850000000000001 99.500000000000014 266.28082010000008 15.15 18.750000000000007 4.7900000000000009 47.912500000000009 6.5000000000000009 1.5450000000000002 0.31000000000000005 0.41087726350000003 281.37332475000005 0.0035841718888888889 18.550694444444449 990.05000000000007 39.285000000000004 275.93796795000009 0.0043679039444444448 1133.8500000000001 0.56500000000000006 794.95000000000016 269.21320775000004 76.225000000000009 2104.2500000000005 269.37131390000008 5.7000000000000002 34.433106106616698 0.036491211500000009 25.387500000000006 267.15794365000005
decision_type=2 2 8 2 2 2 2 2 2 2 2 2 2 2 2 2 2 2 2 2 2 2 2 2 2 2 2 2 2 2
left_child=2 -2 3 -1 6 -6 8 -8 10 -10 11 16 13 14 -13 20 21 -18 19 -19 -15 -4 24 -24 25 -23 -26 -28 -29 -30
right_child=1 -3 4 -5 5 -7 7 -9 9 -11 -12 12 -14 15 -16 -17 17 18 -20 -21 -22 22 23 -25 26 -27 27 28 29 -31
leaf_value=0.00037751755600860137 0.00028563023786188881 -3.7198399449051871e-05 -5.7307196002060365e-06 0 -0.00025041188758298045 0 0 -0.00011963288783382116 -0.000228085089494136 0 9.5091210091007215e-05 0 0.00026309235972753827 -8.0052208150581161e-05 0.00024224725678828293 7.0600526142249081e-05 -6.1703278381653006e-06 0 0 -0.00027739552374553397 0 0.00019116046634093864 0.00030416986141182091 0 -3.2171135520782653e-05 0 0 0 0 9.2290441279818173e-05
leaf_weight=57 55 62 3375 1003 84 267 213 95 52 71 84 55 54 126 53 78 2839 91 91 56 768 51 60 91 323 56 2602 376 287 190
leaf_count=57 55 62 3375 1003 84 267 213 95 52 71 84 55 54 126 53 78 2839 91 91 56 768 51 60 91 323 56 2602 376 287 190
internal_value=-1.97065e-07 7.33203e-05 -1.20635e-06 2.52149e-05 -3.85122e-06 -6.55609e-05 -1.64941e-06 -5.06046e-05 0 -6.75323e-05 3.40851e-07 0 2.06803e-05 3.70214e-06 0.000123344 -4.56577e-06 -2.62794e-06 -1.42913e-05 -8.98114e-05 -0.000135605 -1.67821e-05 1.5413e-06 8.8608e-06 0.000111367 3.56234e-06 8.57669e-05 0 4.3414e-06 2.19007e-05 4.06782e-05
internal_weight=13665 117 13548 1060 12488 351 12137 308 11829 123 11706 11622 1134 1080 108 972 10488 3077 238 147 894 7411 4036 151 3885 107 3778 3455 853 477
internal_count=13665 117 13548 1060 12488 351 12137 308 11829 123 11706 11622 1134 1080 108 972 10488 3077 238 147 894 7411 4036 151 3885 107 3778 3455 853 477
is_linear=0
shrinkage=0.05


Tree=128
num_leaves=31
num_cat=0
split_feature=103 141 141 17 83 0 96 120 83 92 139 138 108 36 85 46 84 49 54 93 12 88 24 108 48 24 112 137 10 99
split_gain=0.00022221 0.002806 0.00642664 0.000642538 0.00237196 0.000472131 0.000467542 0.000399638 0.00308447 0.000680135 0.00350777 0.000324666 0.000169067 0.00022469 0.000326838 0.00015195 0.000558479 0.00045891 0.000151865 0.000126813 0.000111222 0.000108311 0.000252508 0.000193096 0.000142757 0.000116435 0.000108832 0.00011516 0.000115574 0.000106668
threshold=1032.1500000000003 38.640000000000008 39.095000000000006 0.087300000000000003 19.450000000000003 0.24405000000000002 51.087500000000006 266.03874830000007 15.15 21.850000000000005 88.861231950955485 6.4000000000000012 289.44483940000003 271.7442918000001 279.85589890000006 99.500000000000014 13.950000000000005 967.05000000000007 0.14500000000000005 264.49502305000004 0.022757686500000002 31.637500000000006 60.350000000000001 290.92483360000006 41.500000000000007 63.750000000000007 295.47085495000005 3.6250000000000004 13.345000000000002 0.14999999999997729
decision_type=2 2 2 2 2 2 2 8 2 2 2 2 2 2 2 2 2 2 2 2 2 2 2 2 2 2 2 2 2 2
left_child=1 3 -3 12 11 6 7 8 -2 15 -11 -5 13 20 -15 21 18 -18 -17 -10 -1 -9 24 -24 -23 -25 27 28 -26 -30
right_child=5 2 -4 4 -6 -7 -8 9 19 10 -12 -13 -14 14 -16 16 17 -19 -20 -21 -22 22 23 25 26 -27 -28 -29 29 -31
leaf_value=0 0.00040977606794388288 0.00050229594141563473 0 -9.2712501298403561e-05 0.00036651964113500657 -8.7152965957828951e-05 -0.00013389049304174451 0 -1.2759541262475315e-05 -7.3143311102665189e-06 -0.00044278977461241698 4.300494516271247e-05 4.7504996842251096e-05 0 -0.00012678244535085307 0 0 0.00022491776912118605 7.5724989312444787e-05 2.3219089425551083e-05 -3.2768087664176098e-05 0 0 8.2605026847768311e-05 -2.095599444582864e-05 0 0 0 -8.7448996072587903e-05 0
leaf_weight=1219 50 92 184 76 52 168 66 4778 356 528 53 80 57 122 122 2153 55 54 68 486 393 329 408 122 840 57 71 303 269 54
leaf_count=1219 50 92 184 76 52 168 66 4778 356 528 53 80 57 122 122 2153 55 54 68 486 393 329 408 122 840 57 71 303 269 54
internal_value=-2.1121e-07 1.31947e-05 0.000163418 -4.06506e-06 7.54549e-05 -3.5076e-06 -1.78347e-06 -5.28107e-07 3.09643e-05 -3.79363e-06 -5.63229e-05 0 -1.53585e-05 -2.00062e-05 -6.88086e-05 -7.30862e-08 1.04566e-05 0.000121919 2.68372e-06 2.07893e-06 -9.48129e-06 -4.15835e-06 -1.27004e-05 1.05524e-05 -2.26951e-05 5.51873e-05 -2.92796e-05 -3.2928e-05 -4.01725e-05 -7.44964e-05
internal_weight=13665 2397 276 2121 208 11268 11100 11034 892 10142 581 156 1913 1856 244 9561 2330 109 2221 842 1612 7231 2453 587 1866 179 1537 1466 1163 323
internal_count=13665 2397 276 2121 208 11268 11100 11034 892 10142 581 156 1913 1856 244 9561 2330 109 2221 842 1612 7231 2453 587 1866 179 1537 1466 1163 323
is_linear=0
shrinkage=0.05


Tree=129
num_leaves=31
num_cat=0
split_feature=13 77 82 89 35 128 133 81 2 53 75 128 43 100 29 0 14 63 14 69 142 85 27 90 43 90 80 103 9 56
split_gain=0.000237767 0.00422425 0.000362656 0.00111796 0.000263163 0.00392253 0.00120746 0.000334094 0.000261409 0.000769209 0.00039943 0.000410216 0.000432472 0.000223042 0.00275557 0.000439308 0.000198856 0.000327236 0.000500592 0.000197598 0.000287238 0.000165557 0.000374983 0.000214085 0.000167402 0.000246598 0.000835487 0.00014787 0.000130218 0.00012645
threshold=0.0039296913055555565 281.37332475000005 21.702000000000005 22.550000000000004 291.49900280000003 8.6097723560898789 88.200000000000003 55.20000000000001 0.0040711290000000006 247.50000000000003 16.550000000000004 9.4793745449579916 0.36350000000000005 5.8000000000000123 51.650000000000006 0.24405000000000002 0.018163198500000002 9.4163000000000014 0.024988164500000003 290.19822840000006 344.29313150084175 275.42736185000007 1943.9500000000003 32.922448979591842 0.37750000000000006 22.850000000000005 24.937500000000007 1252.6500000000003 3.1854166666666672 -0.89533969999999374
decision_type=2 2 2 2 2 2 2 2 2 2 2 2 2 2 2 2 2 2 2 2 2 2 2 2 2 2 2 2 2 2
left_child=4 2 3 -2 6 -6 7 8 13 10 11 12 -10 15 28 19 -7 18 -18 21 -21 23 29 24 -1 -26 -27 -24 -15 -23
right_child=1 -3 -4 -5 5 16 -8 -9 9 -11 -12 -13 -14 14 -16 -17 17 -19 -20 20 -22 22 27 -25 25 26 -28 -29 -30 -31
leaf_value=-5.7197908803696416e-06 0 0.00045473498506564872 2.5219805949795766e-05 -0.00024428859382680913 -0.00045365811732492653 -1.9806956227285745e-05 0.00017880844115446035 0.00012409641128705026 -0.00019193595891890691 0.00010087311957688833 0 -2.5643622924603675e-05 0 6.1341569711128175e-06 0.00032477978367127699 -8.8100345463122044e-05 0.00021082253654691708 0 0 0 0.00011554716274490189 0 0 7.3553594632539895e-05 1.6827150007043246e-07 0.0001732306290913851 0 -0.00012217536702209737 -7.1006556699339178e-05 -2.7148587012169472e-05
leaf_weight=4669 104 52 72 63 50 537 93 51 122 86 299 475 63 1415 69 148 52 178 62 61 87 1499 75 99 2039 98 378 113 53 503
leaf_count=4669 104 52 72 63 50 537 93 51 122 86 299 475 63 1415 69 148 52 178 62 61 87 1499 75 99 2039 98 378 113 53 503
internal_value=-2.06437e-07 4.39152e-05 -2.61571e-05 -7.80879e-05 -1.54351e-06 -2.7997e-05 0 -1.03322e-06 -1.96471e-06 -2.58914e-05 -4.25608e-05 -6.43546e-05 -0.000136194 0 1.79364e-05 -2.5355e-06 0 3.12468e-05 9.79869e-05 -6.90588e-07 5.53698e-05 -2.09995e-06 -1.43292e-05 8.92417e-07 0 1.02768e-05 4.30045e-05 -8.39495e-05 0 -5.25654e-06
internal_weight=13665 291 239 167 13374 879 12495 12402 12351 1045 959 660 185 11306 1537 9769 829 292 114 9621 148 9473 2190 7283 7184 2515 476 188 1468 2002
internal_count=13665 291 239 167 13374 879 12495 12402 12351 1045 959 660 185 11306 1537 9769 829 292 114 9621 148 9473 2190 7283 7184 2515 476 188 1468 2002
is_linear=0
shrinkage=0.05


Tree=130
num_leaves=31
num_cat=0
split_feature=88 120 133 133 80 83 1 104 101 142 132 6 80 131 90 141 93 56 33 61 100 128 140 88 13 77 28 22 1 94
split_gain=0.000842415 0.000233807 0.00231994 0.000433479 0.00346896 0.000905068 0.000369204 0.000252835 0.00023134 0.000386577 0.000720552 0.00036314 0.000429516 0.000234632 0.000179771 0.0004964 0.000161681 0.000158295 0.000156902 0.000149912 0.000201617 0.000287327 0.000159835 0.000143127 0.000140654 0.000186402 0.000240634 0.000423262 0.00014049 0.000204199
threshold=51.037500000000009 266.28082010000008 84.075000000000017 88.200000000000003 26.437500000000007 11.250000000000002 0.41087726350000003 1.3500000000000005 8.3708967500000444 497.68379080742426 3.5000000000000004 0.022136805555555559 18.287500000000005 91.467890746291033 23.890816326530619 36.235000000000007 264.49502305000004 4.348282250000012 0.44816060208184655 356.4500000000001 -2.1999999999998745 10.270523633424574 13.450000000000001 40.962500000000013 6.6802687500000006e-05 286.88586275000006 22.500000000000004 55.500000000000007 0.11537328350000002 13.500000000000002
decision_type=2 8 2 2 2 2 2 2 2 2 2 2 2 2 2 2 2 2 2 2 2 2 2 2 2 2 2 2 2 2
left_child=1 2 16 6 5 -5 7 8 11 -10 -11 13 -13 23 17 18 -1 -9 -16 20 21 -15 -21 24 -3 26 27 -26 -22 -30
right_child=-2 3 -4 4 -6 -7 -8 14 9 10 -12 12 -14 19 15 -17 -18 -19 -20 22 28 -23 -24 -25 25 -27 -28 -29 29 -31
leaf_value=-2.2304462563682285e-05 0.00019993050033248577 0 0.00030328275019543809 -3.3096290181455961e-05 -0.00043653755568597908 0.00021006906944519727 9.8953514920456493e-05 1.8296483413870779e-06 -4.1435155612694922e-06 0 0.00023401157313547062 -0.00020869413736938056 0 0.00016116348110909503 2.436161708861736e-05 0.0001505745189730078 1.8463216578189332e-05 -3.0947701934944902e-05 -9.7121947315057917e-06 5.362896763573854e-06 -3.6869040584762556e-06 0 -3.1972529412673197e-05 0 -0.00015017568635777959 0 -2.3721844833280125e-05 0 0.00010788803611569463 0
leaf_weight=375 52 178 68 78 50 50 91 6920 223 105 52 56 59 51 710 74 636 388 388 178 883 66 626 204 157 130 667 86 72 58
leaf_count=375 52 178 68 78 50 50 91 6920 223 105 52 56 59 51 710 74 636 388 388 178 883 66 626 204 157 130 667 86 72 58
internal_value=9.53709e-07 0 2.2501e-05 -1.73011e-06 -7.91313e-05 2.40226e-05 -2.12234e-07 -1.35747e-06 -1.22536e-05 1.90578e-05 8.34757e-05 -1.71261e-05 -0.000110201 -1.24154e-05 3.00206e-06 2.11732e-05 0 0 7.77349e-06 0 1.06496e-05 7.32024e-05 -1.74992e-05 -2.78541e-05 -3.46298e-05 -4.1738e-05 -5.00219e-05 -0.000101327 0 5.0886e-05
internal_weight=13731 13679 1079 12600 178 128 12422 12331 3851 380 157 3471 115 3356 8480 1172 1011 7308 1098 1934 1130 117 804 1422 1218 1040 910 243 1013 130
internal_count=13731 13679 1079 12600 178 128 12422 12331 3851 380 157 3471 115 3356 8480 1172 1011 7308 1098 1934 1130 117 804 1422 1218 1040 910 243 1013 130
is_linear=0
shrinkage=0.05


Tree=131
num_leaves=31
num_cat=0
split_feature=88 41 118 0 104 105 89 51 21 134 34 29 11 0 131 50 49 133 1 133 92 76 83 84 23 136 161 15 104 128
split_gain=0.000761636 0.0002251 0.000256552 0.000372676 0.00031579 0.000347767 0.00023395 0.000203601 0.000635919 0.00232856 0.000160047 0.00208718 0.000272924 0.000235277 0.000232305 0.000301351 0.000197221 0.00229927 0.00420977 0.000660321 0.00136748 0.000166182 0.000205725 0.000165203 0.000568975 0.00135251 0.000273189 0.000245283 0.000155217 0.000122906
threshold=51.037500000000009 33.500000000000007 25.150000000000002 0.0045500000000000011 0.65000000000000013 13.500000000000002 55.20000000000001 548.50000000000011 0.40972222222222227 6.6000000000000005 0.34804824811008483 50.400000000000013 0.0043679039444444448 0.24405000000000002 12.227529829379685 1009.9500000000002 969.05000000000007 84.075000000000017 0.0010886570000000003 88.200000000000003 1.2500000000000004 3.350000000000001 18.050000000000004 7.450000000000002 18.846527777777784 0.39500000000000007 0.5408163265306124 0.000109375 8.8500000000000032 8.9042906398608448
decision_type=2 2 8 2 2 2 2 2 2 2 2 2 2 2 2 2 2 2 2 2 2 2 2 2 2 2 2 2 2 2
left_child=1 2 3 -1 5 -5 7 10 9 -9 13 12 -12 14 15 -3 17 28 -19 21 -21 23 -23 -18 25 -25 29 -28 -16 -26
right_child=-2 6 -4 4 -6 -7 -8 8 -10 -11 11 -13 -14 -15 16 -17 19 18 -20 20 -22 22 -24 24 26 -27 27 -29 -30 -31
leaf_value=0 0.00019012257736835206 -0.00016175205340522214 0 0 0 -0.00026650029846523644 -9.3557080106092467e-05 0.00037779459344603443 0 0 7.9958999166821132e-06 0.00030782889550656843 -0.00010616299431003083 -6.4463574218968242e-05 -8.3106800085484041e-06 0 -2.4252697177056073e-06 0.00056611611474811354 0 0 -0.00030910491400087877 -9.286968461160415e-05 0 0.0003097630711315308 1.4367150364325468e-06 0 0.00013310399504252781 0 1.4857389674818658e-05 -3.3274196967340692e-05
leaf_weight=134 52 50 268 54 61 52 61 55 734 256 1328 58 52 147 1551 103 5993 51 76 50 53 108 242 53 66 126 62 123 1273 439
leaf_count=134 52 50 268 54 61 52 61 55 734 256 1328 58 52 147 1551 103 5993 51 76 50 53 108 242 53 66 126 62 123 1273 439
internal_value=9.22208e-07 0 -3.0557e-05 -6.23387e-05 -0.000111944 -0.000164481 1.5258e-06 2.36056e-06 2.35804e-05 8.34245e-05 9.49806e-08 1.60958e-05 0 -1.61082e-06 -2.38097e-07 -6.1421e-05 1.92644e-07 1.15402e-05 0.000219034 -3.70266e-06 -0.000129376 -1.19694e-06 -3.48292e-05 0 2.08374e-05 0.000100005 0 5.19999e-05 3.64651e-07 -1.88624e-05
internal_weight=13731 13679 569 301 167 106 13110 13049 1045 311 12004 1438 1380 10566 10419 153 10266 2951 127 7315 103 7212 350 6862 869 179 690 185 2824 505
internal_count=13731 13679 569 301 167 106 13110 13049 1045 311 12004 1438 1380 10566 10419 153 10266 2951 127 7315 103 7212 350 6862 869 179 690 185 2824 505
is_linear=0
shrinkage=0.05


Tree=132
num_leaves=31
num_cat=0
split_feature=88 41 120 28 43 3 103 120 133 155 133 155 29 114 116 65 14 43 92 49 103 129 104 2 131 113 100 43 22 22
split_gain=0.000689024 0.000207045 0.000228591 0.00259455 0.00022415 0.000236038 0.000243514 0.000206703 0.00202079 0.00031657 0.000793582 0.000256984 0.000715405 0.000200081 0.000284525 0.00102274 0.000336303 0.000621391 0.00123027 0.000148988 0.000135153 0.00015221 0.000317297 0.000110115 0.000106723 0.000100414 9.74259e-05 0.000500827 0.00322041 0.000229982
threshold=51.037500000000009 33.500000000000007 290.24338890000007 32.20000000000001 0.32350000000000007 0.018839464000000004 1003.5 266.28082010000008 84.075000000000017 0.74600000000000011 78.555000000000021 0.5980000000000002 30.450000000000003 39.750000000000007 294.82292400000006 11.950000000000001 0.042712621500000006 0.39150000000000007 1.6500000000000006 975.95000000000016 1510.5000000000002 3.5000000000000004 0.95000000000000018 0.00036114100000000004 102.33732734383671 1.0000000180025095e-35 4.2500000000000009 0.32850000000000007 1.5000000000000002 1.5000000000000002
decision_type=2 2 10 2 2 2 2 8 2 2 2 2 2 2 2 2 2 2 2 2 2 2 2 2 2 2 2 2 2 2
left_child=1 4 7 -4 5 -1 -7 8 20 11 -11 13 -13 14 16 -16 26 -18 -19 -15 21 -3 -23 24 25 -22 29 28 -28 -9
right_child=-2 2 3 -5 -6 6 -8 9 -10 10 -12 12 -14 19 15 -17 17 18 -20 -21 23 22 -24 -25 -26 -27 27 -29 -30 -31
leaf_value=0 0.00018079580955154083 0 0 0.00037271525151892079 0 0 -0.00015230119638985835 -3.2224390381989486e-05 0.00028538966618404688 0 -0.00021624481893801813 0.00017491118566208055 0 0 -6.45666132160071e-06 0.00018704850414011281 0 0 -0.00025379446993311461 -5.4640642799438913e-05 0 0 0.00013375548572662409 0 0 -8.7922739530285089e-05 0.00036623784593219582 0 0 0
leaf_weight=93 52 175 312 50 295 85 96 580 67 303 59 78 112 81 103 92 417 86 84 296 75 161 79 220 184 112 70 2638 362 6314
leaf_count=93 52 175 312 50 295 85 96 580 67 303 59 78 112 81 103 92 417 86 84 296 75 161 79 220 184 112 70 2638 362 6314
internal_value=8.47222e-07 0 1.43212e-06 4.06004e-05 -2.93414e-05 -6.18237e-05 -9.49607e-05 0 2.12818e-05 -1.61169e-06 -4.75792e-05 0 5.73593e-05 -1.12392e-06 0 5.98164e-05 -9.74618e-07 -3.79276e-05 -0.000118453 -3.68844e-05 0 2.48784e-05 5.14519e-05 -1.16542e-05 -3.09219e-05 -5.75428e-05 7.04188e-07 8.4667e-06 5.83098e-05 -2.02814e-06
internal_weight=13731 13679 13110 362 569 274 181 12748 1073 11675 362 11313 190 11123 10746 195 10551 587 170 377 1006 415 240 591 371 187 9964 3070 432 6894
internal_count=13731 13679 13110 362 569 274 181 12748 1073 11675 362 11313 190 11123 10746 195 10551 587 170 377 1006 415 240 591 371 187 9964 3070 432 6894
is_linear=0
shrinkage=0.05


Tree=133
num_leaves=31
num_cat=0
split_feature=83 86 89 120 91 1 43 139 116 12 103 128 128 2 128 128 34 35 105 23 120 118 137 53 43 28 110 13 135 77
split_gain=0.000448478 0.00305597 0.000280156 0.00022141 0.00165092 0.000348673 0.000331314 0.00143082 0.000213768 0.000219163 0.000152098 0.000197087 0.00068364 0.00015361 0.000162837 0.000149246 0.000208103 0.000128522 0.000117726 0.000156734 0.000233583 0.000208056 0.000429096 0.00226863 0.00429984 0.000399703 0.000961394 0.000276118 0.000149368 0.00014522
threshold=35.050000000000004 11.500000000000002 55.20000000000001 266.28082010000008 15.250000000000002 0.41087726350000003 0.30950000000000005 90.61646151329019 278.28140920000004 0.020595137500000003 1599.2000000000005 9.5358599736102736 9.0361655385470883 0.00021400400000000003 10.041791911176277 11.212245957264988 -0.550953335140144 280.51584670000005 8.5000000000000018 17.729861111111116 272.64861585000006 10.350000000000003 0.055000000000000007 210.50000000000003 0.35050000000000003 26.850000000000005 19.950000000000003 0.0039296913055555565 12.950000000000001 273.47714670000005
decision_type=2 2 2 8 2 2 2 2 2 2 2 2 2 2 2 2 2 2 2 2 8 8 2 2 2 2 2 2 2 2
left_child=2 -2 3 4 -1 6 7 8 -5 -10 11 12 -6 14 -12 16 -11 -18 28 20 -20 27 23 25 -25 26 -23 -21 29 -8
right_child=1 -3 -4 5 10 -7 18 -9 9 15 13 -13 -14 -15 -16 -17 17 -19 19 21 -22 22 -24 24 -26 -27 -28 -29 -30 -31
leaf_value=0.00027884642980886083 0.0003731069517837872 -7.7722781115221887e-05 -9.5195477374250304e-05 4.4695048129192076e-07 0 9.4850035371643536e-05 0 -0.00025719760857782607 0 0 -7.2346320645209523e-05 0 0.0001837822082830826 5.7804726295503136e-06 0 0 -0.0001113101830123207 0 0.00010822578718624163 -6.3961968023900255e-06 0 0 6.5643442587655281e-07 0.00058964311390379378 0 -2.2915540957649789e-05 0.00019452374110975209 -0.00013147573754257845 0 -5.6254511411435431e-05
leaf_weight=59 59 68 76 1060 110 91 184 63 377 204 159 283 74 215 150 59 202 72 90 1755 307 142 6120 50 63 426 83 52 784 294
leaf_count=59 59 68 76 1060 110 91 184 63 377 204 159 283 74 215 150 59 202 72 90 1755 307 142 6120 50 63 426 83 52 784 294
internal_value=7.73893e-07 9.39339e-05 0 4.38584e-07 2.27235e-05 -1.03765e-06 -2.15329e-06 -2.07202e-05 -1.0515e-05 -2.8679e-05 2.16897e-06 2.66095e-05 6.67425e-05 -1.00983e-05 -3.72587e-05 -4.91656e-05 -5.91095e-05 -8.93177e-05 1.01949e-06 3.44698e-06 3.47969e-05 1.43586e-06 5.90856e-06 4.13887e-05 0.000247479 0 5.85606e-05 -1.28318e-05 -1.24916e-05 -3.45112e-05
internal_weight=13731 127 13604 13528 1050 12478 12387 2037 1974 914 991 467 184 524 309 537 478 274 10350 9088 397 8691 6884 764 113 651 225 1807 1262 478
internal_count=13731 127 13604 13528 1050 12478 12387 2037 1974 914 991 467 184 524 309 537 478 274 10350 9088 397 8691 6884 764 113 651 225 1807 1262 478
is_linear=0
shrinkage=0.05


Tree=134
num_leaves=31
num_cat=0
split_feature=81 116 12 114 18 126 6 105 133 120 108 133 82 30 76 84 104 104 131 81 80 17 28 120 49 128 134 134 137 114
split_gain=0.000431857 0.000218388 0.000280851 0.000253188 0.000311499 0.000741732 0.000206594 0.00297797 0.000409259 0.000212736 0.00316281 0.000434668 0.00175621 0.0032371 0.000640171 0.000975301 0.000154276 0.00143121 0.000149296 0.000145362 0.000533795 0.000138316 0.000124749 0.000427063 0.000271192 0.000114192 8.60644e-05 8.26231e-05 8.40056e-05 7.5299e-05
threshold=55.20000000000001 285.66117885000006 0.10688716000000001 37.650000000000013 0.033595833333333339 21.500000000000004 0.021504166666666668 17.500000000000004 58.125000000000007 264.87381795000005 288.49948140000004 80.670000000000002 26.762000000000004 -0.39714285714285813 6.1500000000000012 1.5500000000000005 20.550000000000008 20.750000000000011 64.936761357106477 24.750000000000004 23.562500000000004 0.007000000000000001 7.0500000000000007 269.74019710000005 986.6500000000002 10.60711709992192 4.2100000000000017 8.8950000000000014 0.33000000000000007 10.850000000000003
decision_type=2 2 2 2 2 2 2 2 2 8 2 2 2 2 2 2 2 2 2 2 2 2 2 8 2 2 2 2 2 2
left_child=1 6 3 4 18 -6 9 -8 25 10 26 16 14 -14 15 19 22 -18 21 -13 -21 -3 23 24 -11 -9 -1 28 -5 -23
right_child=-2 2 -4 27 5 -7 7 8 -10 11 -12 12 13 -15 -16 -17 17 -19 -20 20 -22 29 -24 -25 -26 -27 -28 -29 -30 -31
leaf_value=-4.8962591283407649e-05 0.00013239520931928117 0 -0.00012944002502639736 0 0.00016490860527216251 0 0.00034178663720461151 0 -0.00012665315559836076 0 0.00039549679474374803 -6.7865530722932949e-06 -0.0004867767805658412 0 0.0001687953568533903 -0.00018322761251263068 0.00023291520833752018 2.9304655646885727e-06 0 0.00018180228792587905 0 0 -2.0094027053757495e-06 0 0.00019561968491613678 6.0762559348662716e-05 0 -8.2335317125413422e-07 -0.00010758551163406699 -5.0265269087512141e-05
leaf_weight=92 61 231 56 57 91 153 68 309 62 52 53 276 56 72 50 76 73 1507 1240 50 103 95 7270 441 52 80 250 240 105 410
leaf_count=92 61 231 56 57 91 153 68 309 62 52 53 276 56 72 50 76 73 1507 1240 50 103 95 7270 441 52 80 250 240 105 410
internal_value=7.2028e-07 0 -1.26754e-05 -8.22697e-06 0 5.14125e-05 3.24205e-06 3.44336e-05 -1.4996e-06 1.21581e-06 3.7177e-05 0 -3.86726e-05 -0.000204854 0 -1.70642e-05 2.6037e-06 1.68595e-05 -8.14488e-06 1.1024e-06 4.77526e-05 -2.61608e-05 0 2.2747e-05 0.000113397 5.90084e-06 -4.76601e-06 -4.48461e-05 -7.89851e-05 -4.09903e-05
internal_weight=13731 13670 2678 2622 2220 244 10992 519 451 10473 395 10078 683 128 555 505 9395 1580 1976 429 153 736 7815 545 104 389 342 402 162 505
internal_count=13731 13670 2678 2622 2220 244 10992 519 451 10473 395 10078 683 128 555 505 9395 1580 1976 429 153 736 7815 545 104 389 342 402 162 505
is_linear=0
shrinkage=0.05


Tree=135
num_leaves=31
num_cat=0
split_feature=114 83 21 35 133 133 107 137 160 1 85 77 85 19 75 142 36 142 36 132 160 89 103 83 131 136 90 16 19 74
split_gain=0.000254074 0.000324643 0.00204731 0.000174233 0.00300933 0.00111771 0.00473465 0.000229379 0.000167692 0.000329028 0.000231851 0.0013508 0.000159453 0.000137714 0.000273648 0.000149902 0.000208792 0.000153997 0.000205516 0.000146917 0.000133151 0.000123092 0.000178255 0.000162696 0.000145986 0.000159365 0.000145602 0.000148302 0.000115196 0.000175541
threshold=40.850000000000001 33.550000000000004 0.61805555555555569 291.49900280000003 84.635000000000005 88.200000000000003 8.5500000000000025 0.045000000000000005 0.28877551020408171 0.41087726350000003 280.78283095 283.32749210000003 275.42736185000007 0.0039700000000000056 15.250000000000002 744.87987457566749 284.74790355000005 770.77341774651416 278.95754005000009 2.5000000000000004 0.028416149068322988 46.45000000000001 995.60000000000014 23.750000000000004 102.33732734383671 0.41500000000000004 24.386734693877553 7.8350000000000009 -0.0023628571428571427 16.364285714285717
decision_type=2 2 2 2 2 2 2 2 2 2 2 2 2 2 2 2 2 2 2 2 2 2 2 2 2 2 2 2 2 2
left_child=1 3 -3 5 7 8 20 -5 9 10 21 -12 -2 15 -15 16 -10 18 -17 -18 -7 23 24 -1 25 -23 -25 28 -28 -30
right_child=12 2 -4 4 -6 6 -8 -9 13 -11 11 -13 -14 14 -16 17 19 -19 -20 -21 -22 22 -24 26 -26 -27 27 -29 29 -31
leaf_value=-8.0337995989432126e-07 0 -2.2993313246232418e-05 0.00027558250243884408 0.00010148786453152391 -0.00039526163155481788 0 0.00053009066868141351 -6.127451389184471e-06 -5.217263338434343e-06 0.00011515333251852084 0.00026019322556560936 -1.9541674517138942e-05 -7.2701565361581533e-05 -0.00012878067286381826 0 0 -0.0001178753570550018 0 0.00013512380357599984 0 -8.1281228380177315e-05 0 0 0 0 -0.00012121724140422321 0 0 0 8.8980053684258189e-05
leaf_weight=8117 150 136 76 52 50 70 51 733 1294 62 57 72 197 81 128 104 89 332 52 83 50 85 591 418 119 102 70 61 55 235
leaf_count=8117 150 136 76 52 50 70 51 733 1294 62 57 72 197 81 128 104 89 332 52 83 50 85 591 418 119 102 70 61 55 235
internal_value=-9.60792e-07 0 6.13604e-05 -8.5418e-07 -2.30587e-05 2.4153e-07 0.000127115 0 -1.13646e-06 1.13007e-06 0 6.66513e-05 -4.31483e-05 -1.39674e-05 -5.67285e-05 -6.80944e-06 -1.644e-05 1.18712e-05 5.37692e-05 -7.14516e-05 -5.79263e-06 -4.63548e-07 -1.84121e-05 7.77749e-07 -4.94288e-05 -7.70131e-05 2.20097e-05 4.27414e-05 5.62365e-05 7.00924e-05
internal_weight=13772 13425 212 13213 835 12378 171 785 12207 10044 9982 129 347 2163 209 1954 1466 488 156 172 120 9853 897 8956 306 187 839 421 360 290
internal_count=13772 13425 212 13213 835 12378 171 785 12207 10044 9982 129 347 2163 209 1954 1466 488 156 172 120 9853 897 8956 306 187 839 421 360 290
is_linear=0
shrinkage=0.05


Tree=136
num_leaves=31
num_cat=0
split_feature=114 83 21 117 138 133 107 140 36 132 59 90 0 19 52 7 28 141 85 85 114 83 2 82 22 138 14 112 49 19
split_gain=0.000229575 0.000282608 0.00186157 0.000162685 0.00285753 0.00110617 0.00446062 0.000416377 0.000236196 0.000290882 0.000287758 0.000169307 0.000689462 0.000256045 0.000652088 0.000163989 0.000165318 0.000285515 0.000176575 0.000142969 0.000125891 0.000138498 0.000632125 0.00332637 0.000259408 0.000278678 0.000127103 0.000125467 0.000138478 0.000113666
threshold=40.850000000000001 33.550000000000004 0.61805555555555569 0.45000000000000007 3.1050000000000004 88.200000000000003 8.1500000000000004 76.225000000000009 282.64040640000002 1.5000000000000002 9.5051000000000023 21.935714285714287 0.24405000000000002 -0.0088814285714285662 2.5000000000000004 0.19335000000000005 22.100000000000005 38.660000000000004 279.85589890000006 275.42736185000007 20.750000000000004 11.250000000000002 0.0059917800000000012 14.934000000000003 1.0000000180025095e-35 6.4150000000000009 0.016254121000000003 283.00255040000008 944.1500000000002 -1.5714285714285702e-05
decision_type=2 2 2 2 2 2 2 2 2 2 2 2 2 2 2 2 2 2 2 2 2 2 2 2 2 2 2 2 2 2
left_child=1 3 -3 5 -5 8 -7 -6 11 10 -10 20 13 14 -13 16 17 18 -15 -2 21 24 -23 -24 25 -1 -26 28 -18 -22
right_child=19 2 -4 4 7 6 -8 -9 9 -11 -12 12 -14 15 -16 -17 27 -19 -20 -21 29 22 23 -25 26 -27 -28 -29 -30 -31
leaf_value=-0.00015588066897180398 0 -2.1852039548865414e-05 0.00026198232604656373 -0.00038502067967213002 -9.5044522418368365e-06 -5.9991621678856758e-07 0.0005220723177555164 0.00012435134800600482 -0.00013783107487582433 -7.017992771771435e-06 0 0 0.0001910978474188596 -6.7559704212327244e-06 0.00021390865064999022 -4.8277599333415713e-05 -3.1025530848683407e-06 6.008585699294743e-05 -9.2571795120602475e-05 -6.9084845275797034e-05 0 2.9378035938275437e-08 0.00043380729422422964 -1.6964696179684324e-05 2.7043898613759029e-06 0 -2.0090521133309187e-05 0 2.8138359011409059e-05 -4.4456762393416128e-05
leaf_weight=63 150 136 76 50 738 118 50 62 104 1078 68 67 53 712 51 138 118 94 99 197 677 4075 52 103 1389 70 832 643 1375 334
leaf_count=63 150 136 76 50 738 118 50 62 104 1078 68 67 53 712 51 138 118 94 99 197 677 4075 52 103 1389 70 832 643 1375 334
internal_value=-9.95027e-07 0 5.7178e-05 -8.76639e-07 -2.21219e-05 1.81317e-07 0.00012754 0 -1.17354e-06 -2.19234e-05 -8.58596e-05 7.41242e-07 1.0452e-05 5.97494e-06 7.93428e-05 1.65521e-06 5.57993e-06 -9.23403e-06 -2.34904e-05 -4.10905e-05 -2.88455e-06 0 5.04543e-06 0.000104022 -1.00643e-05 -8.00385e-05 -3.58969e-06 1.41976e-05 2.23221e-05 -1.93248e-05
internal_weight=13772 13425 212 13213 850 12363 168 800 12195 1250 172 10945 3350 3297 118 3179 3041 905 811 347 7595 6584 4230 155 2354 133 2221 2136 1493 1011
internal_count=13772 13425 212 13213 850 12363 168 800 12195 1250 172 10945 3350 3297 118 3179 3041 905 811 347 7595 6584 4230 155 2354 133 2221 2136 1493 1011
is_linear=0
shrinkage=0.05


Tree=137
num_leaves=31
num_cat=0
split_feature=114 83 21 116 78 137 133 92 1 17 90 82 83 12 82 142 13 49 74 21 0 23 92 134 119 10 28 53 46 2
split_gain=0.000208775 0.000249274 0.00156188 0.00019554 0.000171773 0.00207445 0.000619391 0.00188765 0.000228918 0.000224735 0.000327666 0.000316588 0.000261089 0.000664571 0.000366357 0.000210368 0.000236003 0.000250546 0.000396165 0.000348836 0.000250379 0.000163318 0.000209384 0.000749987 0.000140338 0.000138049 0.000129334 0.000594758 0.00341837 0.000260436
threshold=40.250000000000007 33.550000000000004 0.61805555555555569 285.66117885000006 2.5000000000000004 1.0000000180025095e-35 88.200000000000003 8.8500000000000032 0.41087726350000003 0.18180000000000004 20.770408163265312 24.012000000000004 18.050000000000004 0.076740456500000012 25.130000000000003 450.57523360879048 8.4531069444444465e-05 956.55000000000007 13.378571428571432 0.25694444444444448 0.045450000000000011 26.115972222222226 23.950000000000006 5.79 9.9500000000000011 31.420000000000005 34.800000000000004 222.50000000000003 88.500000000000014 0.0047217085000000004
decision_type=2 2 2 2 2 2 2 2 2 2 2 2 2 2 2 2 2 2 2 2 2 2 2 2 10 2 2 2 2 2
left_child=1 4 -3 -2 6 -6 8 -8 9 12 -11 -12 14 15 26 -14 -17 -18 -19 -20 -21 22 -7 -24 -16 -23 -1 29 -29 -28
right_child=3 2 -4 -5 5 21 7 -9 -10 10 11 -13 13 -15 24 16 17 18 19 20 -22 25 23 -25 -26 -27 27 28 -30 -31
leaf_value=-3.6845782357711763e-06 0 -1.441060084723106e-05 0.0002497725092366131 -6.4066308888577632e-05 -0.00028572437852049279 -1.8148662814162228e-05 0 0.00035156182991337198 8.8481439424244925e-05 0 -0.00014931600239336703 0 0 0.0001526594003014705 -6.8335235477023082e-05 -7.2176223760730096e-07 0 0 0 0.00015231045926979972 0 0 0.0001875594083986502 -2.1036232401732382e-06 0 7.1852663072894893e-05 9.6334904345374678e-06 -3.3269913495724515e-06 0.00044896981651026431 -6.6854486834312088e-05
leaf_weight=5486 153 129 71 249 67 2012 98 50 72 395 96 78 1524 89 286 156 215 79 73 188 67 676 57 131 77 93 802 125 50 128
leaf_count=5486 153 129 71 249 67 2012 98 50 72 395 96 78 1524 89 286 156 215 79 73 188 67 676 57 131 77 93 802 125 50 128
internal_value=-1.05522e-06 0 5.52748e-05 -3.65128e-05 -8.2979e-07 -1.15154e-05 1.87895e-06 0.000103115 0 -2.80388e-07 -3.11196e-05 -8.8517e-05 1.0655e-06 1.57035e-05 -3.25012e-06 8.17341e-06 2.95401e-05 4.51446e-05 6.81704e-05 9.36668e-05 0.000121169 -3.54986e-06 -1.17821e-05 2.96337e-05 -5.21347e-05 1.34928e-05 0 1.49998e-05 9.93083e-05 0
internal_weight=13772 13370 200 402 13170 3036 10134 148 9986 9914 569 174 9345 2391 6954 2302 778 622 407 328 255 2969 2200 188 363 769 6591 1105 175 930
internal_count=13772 13370 200 402 13170 3036 10134 148 9986 9914 569 174 9345 2391 6954 2302 778 622 407 328 255 2969 2200 188 363 769 6591 1105 175 930
is_linear=0
shrinkage=0.05


Tree=138
num_leaves=31
num_cat=0
split_feature=114 83 82 2 85 78 133 133 107 50 140 1 100 88 133 11 96 77 13 136 8 33 114 31 30 2 52 140 141 116
split_gain=0.000186336 0.000215252 0.00146637 0.000197359 0.000179213 0.000159554 0.00147437 0.000805852 0.00382162 0.00023907 0.000311486 0.000310106 0.000245568 0.000192371 0.00136471 0.000254635 0.000622828 0.000407364 0.00016347 0.000225983 0.000344322 0.000272138 0.000225352 0.000248934 0.000125107 0.000630717 0.0054247 0.000119463 0.000142589 0.000105255
threshold=40.250000000000007 33.550000000000004 31.478000000000005 0.00027870800000000007 275.42736185000007 4.5000000000000009 86.120000000000019 88.200000000000003 8.3500000000000032 1002.2500000000001 69.295000000000016 0.41087726350000003 -1.5999999999999657 35.212500000000013 82.02000000000001 0.0043679039444444448 34.737500000000004 278.24220090000006 5.9823902777777786e-05 0.33500000000000008 0.0085327799632802081 0.65926396141211174 34.750000000000007 18.050000000000004 -1.5214285714285691 0.0059917800000000012 25.500000000000004 33.835000000000001 29.160000000000004 268.39403140000007
decision_type=2 2 2 2 2 2 2 2 2 2 2 2 2 2 2 2 2 2 2 2 2 2 2 2 2 2 2 2 2 2
left_child=1 5 -3 -4 -2 7 -7 9 -9 10 -1 13 -12 15 18 24 -17 -18 -15 20 21 -20 23 -23 25 -11 -27 28 -21 -26
right_child=4 2 3 -5 -6 6 -8 8 -10 11 12 -13 -14 14 -16 16 17 -19 19 27 -22 22 -24 -25 29 26 -28 -29 -30 -31
leaf_value=-5.5368941157589502e-06 0 0.00027618915062405661 5.1408277039526056e-06 -9.2009988900450669e-05 -6.381981535788217e-05 -3.2274680546641877e-06 -0.00025200759891703229 -6.6910983159763428e-06 0.00047637627203264005 1.8300361634243972e-06 -0.00011580465468370194 0.00010987204506927268 0 -4.6348871332523837e-05 0.00025785905013780681 0 -0.00016408862966212231 0 0 0 0 0.00025898793188389396 0 0 1.060968143470078e-05 -6.9386129818954743e-05 0.00053970145011215422 1.7121360197572474e-05 -5.5030389896805238e-05 -1.0653999599446525e-05
leaf_weight=1114 175 54 89 57 227 1739 63 118 50 4221 142 66 50 108 57 495 119 52 66 239 172 51 52 52 506 94 50 395 177 2922
leaf_count=1114 175 54 89 57 227 1739 63 118 50 4221 142 66 50 108 57 495 119 52 66 239 172 51 52 52 506 94 50 395 177 2922
internal_value=-1.03536e-06 0 5.13259e-05 0 -3.45336e-05 -8.09312e-07 -1.48332e-05 9.75005e-07 0.000109461 -2.15527e-07 -2.06861e-05 1.98308e-06 -8.21919e-05 7.38746e-07 1.84485e-05 -1.53821e-06 -3.13497e-05 -0.000113419 4.05069e-06 1.27557e-05 4.39491e-05 8.54724e-05 0.000121481 0.000165992 3.71693e-07 6.56425e-06 0.000109883 0 -2.09243e-05 -6.05498e-06
internal_weight=13772 13370 200 146 402 13170 1802 11368 168 11200 1306 9894 192 9828 1369 8459 666 171 1312 1204 393 221 155 103 7793 4365 144 811 416 3428
internal_count=13772 13370 200 146 402 13170 1802 11368 168 11200 1306 9894 192 9828 1369 8459 666 171 1312 1204 393 221 155 103 7793 4365 144 811 416 3428
is_linear=0
shrinkage=0.05


Tree=139
num_leaves=31
num_cat=0
split_feature=85 85 132 81 65 42 131 133 104 135 133 50 30 82 122 36 21 21 43 100 19 59 82 128 89 22 19 33 92 28
split_gain=0.000193237 0.000492031 0.00381686 0.000542238 0.000662487 0.000181953 0.00193737 0.00120144 0.0039369 0.000214301 0.000186811 0.000364423 0.000173959 0.000135019 0.000176447 0.000126333 0.000119641 0.000500278 0.00277524 0.00897376 0.000555627 0.000122539 0.000115537 0.000238303 0.00017861 0.000470544 0.000134616 0.000139583 0.000133769 0.000251058
threshold=282.82789520000006 280.31944675000005 3.5000000000000004 53.750000000000007 22.950000000000003 0.71500000000000008 22.74097314280726 88.200000000000003 13.750000000000002 2.2700000000000005 78.710000000000022 1000.85 -1.8385714285714283 19.700000000000003 6.5000000000000009 267.53190270000005 0.39583333333333343 0.42361111111111122 0.32850000000000007 1.1499999999999775 0.00022142857142857524 9.2626500000000025 28.294 9.6543528891822543 49.550000000000004 6.5000000000000009 -0.0023628571428571427 -0.90123183929797956 15.150000000000004 24.600000000000005
decision_type=2 2 2 2 2 2 2 2 2 2 2 2 2 2 2 2 2 2 2 2 2 2 2 2 2 2 2 2 2 2
left_child=1 3 -3 5 -5 7 -7 10 -9 -8 16 -12 -11 15 -15 -13 21 18 19 -18 -20 -1 24 26 -19 -26 -24 -28 29 -29
right_child=-2 2 -4 4 -6 6 9 8 -10 12 11 13 -14 14 -16 -17 17 22 20 -21 -22 -23 23 -25 25 -27 27 28 -30 -31
leaf_value=-1.3012324304491092e-05 -5.5521783727101587e-05 -2.5832514498392284e-05 0.00036154776433968555 -0.00021026824145667272 0 -0.00028720076069987504 8.9999499702605171e-05 0.0005022492246101976 -1.3083868408726048e-06 -3.0659521948562766e-05 -0.0001151588509866783 0 1.2780455514229609e-06 0 6.4136152558476171e-05 -6.9445452422591818e-05 0 0 9.7597351985338094e-06 0.00077726325689305743 -0.00014732196951186896 7.7546657330200388e-06 0 0 -0.00012445012701854864 0 0 0 0 0.00017198208735456268
leaf_weight=2313 160 214 80 68 59 63 53 50 88 567 101 363 743 105 124 121 101 5707 455 50 61 704 86 781 105 131 81 77 77 84
leaf_count=2313 160 214 80 68 59 63 53 50 88 567 101 363 743 105 124 121 101 5707 455 50 61 704 86 781 105 131 81 77 77 84
internal_value=-9.796e-07 0 6.34962e-05 -1.74821e-06 -0.000104375 -3.73283e-07 -1.75085e-05 1.27998e-06 0.00014747 -1.17578e-06 -3.76667e-08 -2.34893e-05 -8.74427e-06 -3.35793e-06 1.78233e-05 -2.3705e-05 1.26741e-06 4.91846e-06 4.64058e-05 0.000234754 0 -6.50877e-06 3.29614e-07 1.5104e-05 -1.77966e-06 -4.43115e-05 4.61991e-05 6.1316e-05 8.05849e-05 0.000107911
internal_weight=13772 13612 294 13318 127 13191 1426 11765 138 1363 11627 814 1310 713 229 484 10813 7796 667 151 516 3017 7129 1186 5943 236 405 319 238 161
internal_count=13772 13612 294 13318 127 13191 1426 11765 138 1363 11627 814 1310 713 229 484 10813 7796 667 151 516 3017 7129 1186 5943 236 405 319 238 161
is_linear=0
shrinkage=0.05


Tree=140
num_leaves=31
num_cat=0
split_feature=114 81 43 43 92 4 91 113 137 16 75 50 137 133 116 85 85 85 4 30 94 19 73 49 136 35 85 35 133 76
split_gain=0.000214329 0.000465687 0.000189168 0.000492946 0.000572942 0.000471843 0.00183662 0.000172747 0.00137212 0.00020519 0.000412124 0.000967548 0.000845144 0.000355434 0.000158241 0.00101439 0.000168987 0.00014971 0.000120448 0.00013184 9.18352e-05 0.000181416 0.000132463 0.000134607 0.000164665 0.000350608 0.000151741 0.000162604 0.000147507 8.92708e-05
threshold=40.250000000000007 53.850000000000001 0.28250000000000003 0.28950000000000004 20.150000000000006 0.00044032750000000008 18.250000000000004 1.5500000000000003 0.055000000000000007 6.4500000000000002 15.65 1019.0500000000001 0.28500000000000009 75.13000000000001 293.15190500000006 280.78283095 279.99360505000004 275.42736185000007 0.010293475500000001 -1.4371428571428584 17.500000000000004 -0.0023628571428571427 44.45000000000001 955.1500000000002 0.96500000000000008 274.17683990000006 277.99166955000004 292.32644315000005 12.760000000000002 2.2500000000000004
decision_type=2 2 2 2 2 2 2 2 2 2 2 2 2 2 2 2 2 2 2 2 2 2 2 2 2 2 2 2 2 2
left_child=1 2 5 4 -4 6 -1 9 -9 14 11 12 -11 -12 16 -16 20 -2 19 -19 29 -22 23 -23 25 -25 27 28 -27 -5
right_child=17 -3 3 7 -6 -7 -8 8 -10 10 13 -13 -14 -15 15 -17 -18 18 -20 -21 21 22 -24 24 -26 26 -28 -29 -30 -31
leaf_value=0.00030243654863123566 0 0.00011349178430681722 0 0 -0.00022962485894608751 0 0 0.00025539912671882712 0 -0.00028108094840812462 -3.7938438701179994e-06 0 0 0.00011966615817073034 0 0.00021920254362411192 -3.913056221724944e-05 -0.00011116215394639126 0 0 -8.7857418413766087e-06 0 0 0 0 6.8159999556916782e-06 0 0 0.00015699912412652628 -1.7133327557372661e-05
leaf_weight=67 179 91 151 7795 50 908 250 58 249 76 318 355 58 61 379 60 276 122 50 60 368 136 198 84 209 107 81 51 151 806
leaf_count=67 179 91 151 7795 50 908 250 58 249 76 318 355 58 61 379 60 276 122 50 60 368 136 198 84 209 107 81 51 151 806
internal_value=0 1.24925e-06 9.70664e-08 -1.42093e-06 -7.88767e-05 1.91299e-05 7.15565e-05 0 3.6848e-05 -1.08713e-06 -2.45866e-05 -5.62751e-05 -0.0001715 3.18175e-06 3.53916e-07 2.99644e-05 -4.28403e-07 -3.53526e-05 -6.1776e-05 -8.06502e-05 1.44434e-07 1.2486e-05 2.50958e-05 3.44344e-05 4.37432e-05 6.01835e-05 8.1498e-05 9.79853e-05 0.000114286 -1.26286e-06
internal_weight=13804 13393 13302 12077 201 1225 317 11876 307 11569 868 489 134 379 10701 439 10262 411 232 182 9986 1385 1017 819 683 474 390 309 258 8601
internal_count=13804 13393 13302 12077 201 1225 317 11876 307 11569 868 489 134 379 10701 439 10262 411 232 182 9986 1385 1017 819 683 474 390 309 258 8601
is_linear=0
shrinkage=0.05


Tree=141
num_leaves=31
num_cat=0
split_feature=114 81 43 43 36 4 91 113 19 15 75 74 116 138 36 133 44 44 111 115 136 56 135 75 121 49 15 19 103 22
split_gain=0.000194239 0.000421275 0.000173919 0.000457498 0.000533476 0.000430306 0.00165423 0.000151389 0.00133163 0.000242862 0.000448082 0.00167099 0.000130275 0.000721249 0.00122204 0.00155573 0.000123096 0.000155365 0.000118058 0.000113616 0.00010101 8.49831e-05 0.000234864 0.000139959 0.000150331 0.000164652 0.000161247 0.00014986 0.000139923 0.00159496
threshold=40.250000000000007 53.850000000000001 0.28250000000000003 0.28950000000000004 281.36420475000006 0.00044032750000000008 18.250000000000004 1.5500000000000003 -0.0022300000000000006 0.0070322916666666685 15.350000000000003 17.178571428571434 293.15190500000006 5.3850000000000007 272.07844575000007 38.060000000000009 372.50000000000006 772.50000000000011 12.750000000000002 11.350000000000003 0.55500000000000005 -4.1432999499999701 27.145000000000003 13.950000000000001 0.55000000000000016 963.1500000000002 0.00021875000000000006 -0.0062885714285714255 2744.6500000000001 1.0000000180025095e-35
decision_type=2 2 2 2 2 2 2 2 2 2 2 2 2 2 2 2 2 2 2 2 2 2 2 2 8 2 2 2 2 2
left_child=1 2 5 4 -4 6 -1 9 -9 12 11 -11 21 14 15 -14 -2 18 -18 -12 -15 28 23 24 25 -23 -27 -25 29 -5
right_child=16 -3 3 7 -6 -7 -8 8 -10 10 19 -13 13 20 -16 -17 17 -19 -20 -21 -22 22 -24 27 -26 26 -28 -29 -30 -31
leaf_value=0.0002875370988723556 0 0.00010787886892577935 0 0.00019581173995394642 -0.00019468357064893513 0 0 0.00026402033834494674 0 0 6.5636383664461779e-05 -0.00026701431535429838 0 -6.4379505145129083e-05 0 0.00041242922059403638 -9.5504858527391444e-05 0 0 0 0 0 1.1278137474709821e-06 5.6400806242753321e-05 0 0 -0.00010254807259589642 -1.4204754192143208e-05 -5.7625346060006588e-06 1.8447776304536751e-06
leaf_weight=67 84 91 136 110 65 908 250 52 255 152 65 82 71 72 80 52 159 96 72 64 178 187 2272 65 137 59 218 901 2782 4022
leaf_count=67 84 91 136 110 65 908 250 52 255 152 65 82 71 72 80 52 159 96 72 64 178 187 2272 65 137 59 218 901 2782 4022
internal_value=0 1.14324e-06 2.91424e-08 -1.41186e-06 -7.60348e-05 1.83035e-05 6.83705e-05 0 3.44432e-05 -1.06326e-06 -4.12788e-05 -8.60515e-05 0 2.64521e-05 0.000100751 0.000203316 -3.37067e-05 -4.86347e-05 -7.08399e-05 1.51238e-06 -1.41194e-05 -8.63464e-07 -7.13677e-06 -2.23015e-05 -4.29875e-05 -5.65738e-05 -8.26693e-05 -4.22982e-06 1.89725e-06 8.26437e-06
internal_weight=13804 13393 13302 12077 201 1225 317 11876 307 11569 363 234 11206 453 203 123 411 327 231 129 250 10753 3839 1567 601 464 277 966 6914 4132
internal_count=13804 13393 13302 12077 201 1225 317 11876 307 11569 363 234 11206 453 203 123 411 327 231 129 250 10753 3839 1567 601 464 277 966 6914 4132
is_linear=0
shrinkage=0.05


Tree=142
num_leaves=31
num_cat=0
split_feature=114 81 43 43 160 43 4 129 160 44 160 113 115 15 93 85 116 120 85 103 19 77 15 160 142 109 103 22 41 22
split_gain=0.000173728 0.000380554 0.000159252 0.000420672 0.000485719 0.000417276 0.000748702 0.0012502 0.000147408 0.000272784 0.000190697 0.000132395 0.00128181 0.000215298 0.000420499 0.000157707 0.000112581 0.000719785 0.000147931 9.27087e-05 8.59089e-05 0.00015599 8.088e-05 8.43667e-05 8.80805e-05 7.18972e-05 8.83705e-05 0.000804857 0.00389226 0.000341793
threshold=40.250000000000007 53.850000000000001 0.28250000000000003 0.28950000000000004 0.40918367346938783 0.26350000000000007 0.00044032750000000008 3.5000000000000004 0.18061224489795921 862.50000000000011 0.13137755102040818 1.5500000000000003 9.6500000000000004 0.0070322916666666685 264.19203830000004 276.23717085000004 293.15190500000006 269.80794075000006 279.46664460000005 1717.1500000000003 -0.0014028571428571397 286.11886920000006 0.00019583333333333337 0.42142857142857149 763.27923836001742 0.55000000000000016 2744.6500000000001 1.0000000180025095e-35 58.500000000000007 1.0000000180025095e-35
decision_type=2 2 2 2 2 2 2 2 2 2 2 2 2 2 2 2 2 8 2 2 2 2 2 2 2 2 2 2 2 2
left_child=1 2 5 4 -4 20 7 -7 9 10 -2 13 -13 16 -15 19 18 -18 25 -16 21 -1 -20 24 -24 26 27 28 -5 -28
right_child=8 -3 3 11 -6 6 -8 -9 -10 -11 -12 12 -14 14 15 -17 17 -19 22 -21 -22 -23 23 -25 -26 -27 29 -29 -30 -31
leaf_value=0 0 0.00010254355955468149 0 0.00045165315845224546 -0.00020975637581264331 0 0 0.00032978328286968096 0 0 -0.0001504074534921867 0.00024036029430478314 0 -0.00015122575656174116 7.0327784400718633e-05 -6.63142633249449e-05 0.00018910945584389867 0 0 0 -1.4251610712374353e-05 7.3849270425293626e-05 -8.5855116924167109e-05 0 0 -1.6051508514490586e-05 -6.997740782230602e-05 1.4997555156192282e-06 -2.5066317292234404e-05 0
leaf_weight=219 77 91 150 57 51 59 266 58 199 50 85 60 247 69 50 84 57 396 101 160 533 90 136 72 50 627 188 6431 102 2989
leaf_count=219 77 91 150 57 51 59 266 58 199 50 85 60 247 69 50 84 57 396 101 160 533 90 136 72 50 627 188 6431 102 2989
internal_value=0 1.09344e-06 1.58977e-08 -1.3467e-06 -7.29025e-05 1.75179e-05 6.0798e-05 0.000167007 -3.18638e-05 -6.07784e-05 -9.4926e-05 0 3.22145e-05 -9.90592e-07 -3.88573e-05 0 0 2.46006e-05 -7.89082e-07 9.85058e-06 0 1.85187e-05 -3.23403e-05 -4.727e-05 -6.49821e-05 0 1.35515e-06 5.04635e-06 0.000116338 -4.72732e-06
internal_weight=13804 13393 13302 12077 201 1225 383 117 411 212 162 11876 307 11569 363 294 11206 453 10753 210 842 309 359 258 186 10394 9767 6590 159 3177
internal_count=13804 13393 13302 12077 201 1225 383 117 411 212 162 11876 307 11569 363 294 11206 453 10753 210 842 309 359 258 186 10394 9767 6590 159 3177
is_linear=0
shrinkage=0.05


Tree=143
num_leaves=31
num_cat=0
split_feature=114 81 43 43 129 43 129 85 92 44 92 113 137 15 75 74 116 85 115 85 19 35 13 15 92 30 112 150 24 103
split_gain=0.000156685 0.000344369 0.000146783 0.000394512 0.000688486 0.00038418 0.0005788 0.00123501 0.000132992 0.000255557 0.000163222 0.000124667 0.0012313 0.000192429 0.000386031 0.0015166 0.000111332 0.000681228 0.000111263 0.000107833 7.69059e-05 0.000159862 0.000121007 7.29656e-05 0.000107022 7.72416e-05 6.80978e-05 5.83223e-05 0.00010443 9.32455e-05
threshold=40.250000000000007 53.850000000000001 0.28250000000000003 0.29250000000000004 7.5000000000000009 0.26350000000000007 3.5000000000000004 273.75006565000007 8.8500000000000032 862.50000000000011 6.450000000000002 1.5500000000000003 0.055000000000000007 0.0070322916666666685 15.350000000000003 16.607142857142861 293.15190500000006 280.78283095 11.350000000000003 279.46664460000005 -0.0014028571428571397 290.41988155000007 0.0019380946180555558 0.00019583333333333337 20.650000000000006 -0.36428571428571499 292.32644315000005 0.32142857142857156 46.000000000000007 2744.6500000000001
decision_type=2 2 2 2 2 2 2 2 2 2 2 2 2 2 2 2 2 2 2 2 2 2 2 2 2 2 2 2 2 2
left_child=1 2 5 4 -4 20 -7 -8 9 10 -2 13 -13 16 15 -15 19 -18 -16 27 21 -1 -23 -21 25 -25 -22 29 -29 -5
right_child=8 -3 3 11 -6 6 7 -9 -10 -11 -12 12 -14 14 18 -17 17 -19 -20 23 26 22 -24 24 -26 -27 -28 28 -30 -31
leaf_value=0 0 9.7472112381143702e-05 -2.0872737309699765e-06 5.5238157926508382e-06 -0.00022272119379142003 0 0.00028884111132187438 0 0 0 -0.00014297453109552303 0.00024155392555383454 0 0 6.5947633970893087e-05 -0.00024836343586759861 0 0.00017182621276727182 0 0 -2.378476602737686e-05 0.00011244269697459775 0 -8.4263031630982816e-05 0 0 0 -2.9774040715653176e-05 0 -4.6015184832683283e-06
leaf_weight=197 77 91 259 6198 54 230 69 84 199 50 85 57 245 148 63 84 377 66 64 98 473 62 50 128 69 56 60 432 516 3163
leaf_count=197 77 91 259 6198 54 230 69 84 199 50 85 57 245 148 63 84 377 66 64 98 473 62 50 128 69 56 60 432 516 3163
internal_value=0 9.90928e-07 0 -1.34649e-06 -5.66636e-05 1.67765e-05 5.83075e-05 0.000133692 -3.03123e-05 -5.77773e-05 -9.10044e-05 0 3.17761e-05 -7.06511e-07 -3.67723e-05 -7.89329e-05 1.25433e-08 2.48896e-05 1.19812e-06 -5.54517e-07 0 1.74467e-05 6.61197e-05 -2.7842e-05 -4.2337e-05 -6.25075e-05 -1.35404e-05 0 -1.13744e-05 1.56835e-06
internal_weight=13804 13393 13302 12077 313 1225 383 153 411 212 162 11764 302 11462 359 232 11103 443 127 10660 842 309 112 351 253 184 533 10309 948 9361
internal_count=13804 13393 13302 12077 313 1225 383 153 411 212 162 11764 302 11462 359 232 11103 443 127 10660 842 309 112 351 253 184 533 10309 948 9361
is_linear=0
shrinkage=0.05


Tree=144
num_leaves=31
num_cat=0
split_feature=115 83 116 44 150 114 39 133 46 105 133 150 134 1 81 31 44 137 17 103 6 90 73 104 94 77 69 16 30 120
split_gain=0.000144294 0.000801696 0.000191269 0.000175924 0.000192401 0.000127076 0.000117973 0.000570195 0.00365668 0.000569548 0.000472077 0.000167037 0.000306933 0.000306923 0.000139624 0.000496253 0.000578977 0.00103039 0.000274804 0.00042924 0.00024988 0.000167647 0.000165219 0.000164562 0.000241101 0.000149369 0.000152631 0.000189707 0.000132254 0.000126352
threshold=20.750000000000004 33.550000000000004 273.40115700000007 712.50000000000011 1.0000000180025095e-35 33.650000000000013 1.0000000180025095e-35 88.200000000000003 13.500000000000002 12.500000000000002 84.635000000000005 0.46428571428571447 4.0050000000000008 0.41087726350000003 36.850000000000001 15.050000000000002 652.50000000000011 0.76500000000000012 0.18180000000000004 1159.4000000000003 0.018594444444444448 22.670408163265311 17.150000000000002 0.35000000000000009 20.500000000000004 289.51812500000005 276.37251885000006 0.34500000000000003 -1.5699999999999987 265.07731195000008
decision_type=2 2 2 2 2 2 2 2 2 2 2 2 2 2 2 2 2 2 2 2 2 2 2 2 2 2 2 2 2 10
left_child=1 6 -2 4 5 -4 7 11 9 -9 -8 13 -13 14 18 16 22 -18 25 21 -17 -20 -16 -24 -25 26 -1 -28 -22 -29
right_child=2 -3 3 -5 -6 -7 10 8 -10 -11 -12 12 -14 -15 15 20 17 -19 19 -21 28 -23 23 24 -26 -27 27 29 -30 -31
leaf_value=3.7674444197816767e-06 0 0.00016348280231652195 0 0 0 -7.6537790224607053e-05 -2.4507680974550855e-06 2.0117624095943406e-05 0.00045532853362137936 -0.00016513777035727817 -0.00013444626301076113 -0.00011765694137676083 -4.9432602666955278e-06 0.00010624348395862871 -1.9903738851168712e-05 -3.3080282999932323e-06 0.00029362433663202237 0 0 0 0 -0.00018640952534042297 0 0.00012727603759889587 0 6.7189298195400443e-05 3.0754777730127946e-06 0 0.00011992205678073403 -3.7100870395865605e-05
leaf_weight=5280 334 75 67 146 82 349 1439 66 50 52 77 77 1015 72 103 1877 64 67 51 306 50 62 76 86 87 82 551 305 64 792
leaf_count=5280 334 75 67 146 82 349 1439 66 50 52 77 77 1015 72 103 1877 64 67 51 306 50 62 76 86 87 82 551 305 64 792
internal_value=0 1.45356e-06 -1.84605e-05 -3.5477e-05 -5.00824e-05 -6.4459e-05 9.56844e-08 2.246e-06 9.35937e-05 -2.02052e-05 -1.25352e-05 3.99236e-07 -1.7566e-05 2.86872e-06 1.60163e-06 1.21151e-05 5.7566e-05 0.000151458 -1.22775e-06 -4.07354e-05 0 -0.000124606 8.12884e-06 3.97579e-05 6.80845e-05 4.25999e-07 0 -1.36361e-05 7.24809e-05 -2.65788e-05
internal_weight=13804 12826 978 644 498 416 12751 11235 168 118 1516 11067 1092 9975 9903 2474 483 131 7429 419 1991 113 352 249 173 7010 6928 1648 114 1097
internal_count=13804 12826 978 644 498 416 12751 11235 168 118 1516 11067 1092 9975 9903 2474 483 131 7429 419 1991 113 352 249 173 7010 6928 1648 114 1097
is_linear=0
shrinkage=0.05


Tree=145
num_leaves=31
num_cat=0
split_feature=81 114 156 88 91 120 77 133 77 92 18 6 92 82 11 52 2 116 93 11 90 75 92 131 21 120 30 120 126 12
split_gain=0.000244248 0.000626498 0.000622822 0.000170564 0.00163766 0.000203031 0.00210458 0.000420198 0.00170577 0.000605863 0.000709281 0.00066827 0.00125307 0.000159562 0.000155179 0.000133162 0.000648849 0.000230164 0.000196568 0.000195364 0.000178538 0.000254438 0.000212149 0.000277193 0.000172812 0.000245911 0.00014577 0.000128442 0.000109892 0.000535518
threshold=52.000000000000007 28.750000000000004 0.7400000000000001 42.587500000000013 20.450000000000003 264.87381795000005 285.89263250000005 80.670000000000002 286.58733855000008 15.650000000000004 0.0057645833333333342 0.0078395833333333356 0.75000000000000011 26.762000000000004 0.00073301294444444453 189.50000000000003 0.0059917800000000012 287.07648125000009 266.13631040000007 0.0019846850833333336 13.321938775510207 6.7500000000000009 17.250000000000007 164.98239548407855 0.56250000000000011 271.09951780000006 -0.78285714285714336 275.49233735000001 2.5000000000000004 0.036491211500000009
decision_type=2 2 2 2 2 8 2 2 2 2 2 2 2 2 2 2 2 2 2 2 2 2 2 2 2 8 2 8 2 2
left_child=3 -2 14 5 -5 6 -1 15 9 11 -11 13 -13 27 -3 17 18 28 -17 -20 -21 -22 23 -23 25 26 -19 -9 29 -7
right_child=1 2 -4 4 -6 7 -8 8 -10 10 -12 12 -14 -15 -16 16 -18 24 19 20 21 22 -24 -25 -26 -27 -28 -29 -30 -31
leaf_value=-2.5937360361151373e-06 5.1915340324646008e-05 0 0 0.00024053534962056292 0 0 0.00032227270248801109 5.9463173873636676e-05 -0.00031289325111881938 0.00021622298586192881 0 0 -0.00030087283663599544 -8.7513466064942445e-05 -0.00022544362716032018 -2.2470508705849292e-05 0.00015899807087856366 -8.5095456867293262e-05 0 0 0 0.00020066085750640217 0 0 0 0 0 0 -8.3837612755331739e-08 0.00017616767544215972
leaf_weight=265 57 54 85 77 960 148 54 90 53 54 61 85 61 51 77 401 74 279 860 113 54 76 53 74 384 410 72 371 8203 51
leaf_count=265 57 54 85 77 960 148 54 90 53 54 61 85 61 51 77 401 74 279 860 113 54 76 53 74 384 410 72 371 8203 51
internal_value=-2.14947e-07 -4.71607e-05 -9.6466e-05 3.70341e-07 2.00846e-05 -8.76936e-07 3.76096e-05 -2.3104e-06 -3.6718e-05 -1.09426e-05 8.29509e-05 -3.50408e-05 -0.000129883 0 -0.000164602 0 1.3075e-05 -2.0787e-06 3.29721e-06 1.57711e-05 4.62791e-05 6.93529e-05 9.59226e-05 0.000126266 -2.31904e-05 -3.70915e-05 -6.8737e-05 1.19402e-06 2.05732e-07 3.70829e-05
internal_weight=13707 273 216 13434 1037 12397 319 12078 826 773 115 658 146 512 131 11252 1705 9547 1631 1230 370 257 203 150 1145 761 351 461 8402 199
internal_count=13707 273 216 13434 1037 12397 319 12078 826 773 115 658 146 512 131 11252 1705 9547 1631 1230 370 257 203 150 1145 761 351 461 8402 199
is_linear=0
shrinkage=0.05


Tree=146
num_leaves=31
num_cat=0
split_feature=81 86 86 88 13 88 108 137 84 50 91 112 133 92 92 112 83 99 141 126 90 137 84 22 103 22 142 142 108 80
split_gain=0.000217621 0.000370865 0.000668178 0.000159145 0.00187465 0.000369865 0.0012258 0.000278546 0.00198999 0.000266447 0.000356884 0.000696571 0.000259943 0.000415765 0.00131101 0.000396808 0.000271597 0.000172887 0.000144476 0.000154044 0.000337842 0.000379354 0.00015115 0.00215677 0.00657587 0.000748952 0.00013878 0.000134985 0.000218616 0.000234442
threshold=52.000000000000007 10.500000000000002 17.500000000000004 38.112500000000004 0.0039296913055555565 37.13750000000001 291.49900280000003 1.0000000180025095e-35 6.0500000000000016 1022.5500000000001 21.350000000000005 277.53293690000004 78.710000000000022 15.550000000000002 1.6500000000000006 286.76962240000006 15.15 -4.8000000000000105 38.720000000000006 27.500000000000004 20.66836734693878 0.92500000000000016 1.0000000180025095e-35 1.0000000180025095e-35 2764.7000000000003 1.0000000180025095e-35 518.59598981673639 325.33901779365141 280.86019445000005 37.062500000000007
decision_type=2 2 2 2 2 2 2 2 2 2 2 2 2 2 2 2 2 2 2 2 2 2 2 2 2 2 2 2 2 2
left_child=3 -2 -3 5 9 7 -7 8 -1 26 11 -11 17 14 -14 -15 -16 -9 22 20 -20 -22 23 24 -19 -24 27 -5 -29 -30
right_child=1 2 -4 4 -6 6 -8 12 -10 10 -12 -13 13 15 16 -17 -18 18 19 -21 21 -23 25 -25 -26 -27 -28 28 29 -31
leaf_value=0 6.9280611781626517e-06 -0.00018079617585192056 0 -3.9832120270705673e-07 0.00027826516951049254 0 -0.00027053490517937466 9.2059036970193326e-05 0.00032334997975677084 0.00024316991936107767 0 0 0 0.00013628986530450979 -0.00023794776707959225 0 0 0.00055956147827107225 0 -1.963524289738649e-06 0 -0.00020823184904217889 -0.00010806711534492135 0 -5.7411434281259686e-05 0 -2.8926539042702907e-05 0 0.00012476059305941147 0
leaf_weight=249 62 95 116 1335 64 283 54 50 53 55 194 51 404 59 97 50 64 69 80 792 52 57 163 3093 81 5329 409 83 94 70
leaf_count=249 62 95 116 1335 64 283 54 50 53 55 194 51 404 59 97 50 64 69 80 792 52 57 163 3093 81 5329 409 83 94 70
internal_value=-2.18687e-07 -4.4533e-05 -8.32005e-05 3.12934e-07 1.24117e-05 -1.80845e-06 -5.33188e-05 0 4.70586e-05 2.68528e-06 4.74511e-05 0.00012113 -1.55872e-06 -3.1628e-05 -5.30378e-05 3.33678e-05 -0.000173378 7.60767e-09 0 -1.86037e-05 -6.16407e-05 -0.000119336 1.56228e-06 1.04802e-05 0.00019511 -2.7944e-06 -1.57034e-06 2.3574e-06 3.73545e-05 7.35502e-05
internal_weight=13707 273 211 13434 2355 11079 337 10742 302 2291 300 106 10440 674 565 109 161 9766 9716 981 189 109 8735 3243 150 5492 1991 1582 247 164
internal_count=13707 273 211 13434 2355 11079 337 10742 302 2291 300 106 10440 674 565 109 161 9766 9716 981 189 109 8735 3243 150 5492 1991 1582 247 164
is_linear=0
shrinkage=0.05


Tree=147
num_leaves=31
num_cat=0
split_feature=96 86 86 49 88 13 74 16 137 82 65 43 160 22 103 2 75 17 101 14 43 128 43 128 137 81 19 101 85 90
split_gain=0.000190712 0.000500603 0.000454527 0.000329245 0.000139424 0.0016518 0.000362867 0.000623956 0.00029385 0.00188268 0.000193352 0.000564571 0.000193221 0.000839401 0.00665882 0.000279768 0.000259008 0.00018137 0.000149215 0.000533406 0.000865005 0.000276212 0.000133121 0.000138404 0.000122792 0.000130499 0.000121723 0.000117854 0.000117283 0.000166147
threshold=49.737500000000004 9.5000000000000018 16.500000000000004 991.85000000000002 38.437500000000007 0.0039296913055555565 34.521428571428579 0.64500000000000013 1.0000000180025095e-35 23.734000000000005 20.250000000000004 0.38150000000000006 0.0082482993197278941 1.0000000180025095e-35 2773.3500000000008 0.0045051920000000007 15.65 0.010800000000000002 -6.761580300000019 0.061309237500000009 0.39150000000000007 8.6097723560898789 0.37850000000000006 9.0316322626687189 2.6550000000000007 39.250000000000007 -0.0014528571428571422 9.4173905500000235 275.88645125000011 23.526530612244901
decision_type=2 2 2 2 2 2 2 2 2 2 2 2 2 2 2 2 2 2 2 2 2 2 2 2 2 2 2 2 2 2
left_child=4 3 -3 -2 6 10 8 -8 9 22 11 17 13 14 -10 18 -17 -6 21 24 -21 -14 23 -1 25 27 -27 -20 29 -26
right_child=1 2 -4 -5 5 -7 7 -9 12 -11 -12 -13 15 -15 -16 16 -18 -19 19 20 -22 -23 -24 -25 28 26 -28 -29 -30 -31
leaf_value=0 9.9661232232982593e-05 -0.00018357537601567699 0 -3.681924216932832e-05 -1.9435422963508977e-05 0.00026326353170055941 -0.00021913474536561879 0 0.00060641024523076846 0.00027956349982533556 -4.2473868385420758e-06 0.00018444097343006598 0.00012838802912912522 0 -2.9942896324939365e-05 -7.7651881385227856e-05 0 3.2703745073948605e-05 -6.6421770564387913e-06 0 -0.00025720110382345806 0 2.9884806483403426e-05 -8.3260454602276978e-05 0 0 -5.9445037514493503e-05 4.5734603971662518e-05 -3.0940008806464901e-05 4.8237288177251877e-05
leaf_weight=87 73 84 83 64 227 63 51 62 50 68 1617 54 52 3594 152 269 157 349 3898 76 55 547 76 87 899 180 247 91 99 296
leaf_count=87 73 84 83 64 227 63 51 62 50 68 1617 54 52 3594 152 269 157 349 3898 76 55 547 76 87 899 180 247 91 99 296
internal_value=-2.50836e-07 -3.95328e-05 -0.000101424 0 2.69997e-07 1.17421e-05 -1.66909e-06 -9.06677e-05 -2.89658e-07 4.63747e-05 2.35188e-06 2.71938e-05 -2.15458e-06 6.20124e-06 0.000105151 -7.5026e-06 -4.792e-05 3.49226e-06 -4.04573e-06 -7.11054e-06 -0.000108083 1.74687e-05 0 -3.88427e-05 -3.89998e-06 -8.45315e-06 -3.65591e-05 -4.18302e-06 7.77204e-06 1.51829e-05
internal_weight=13707 304 167 137 13403 2310 11093 113 10980 318 2247 630 10662 3796 202 6866 426 576 6440 5841 131 599 250 174 5710 4416 427 3989 1294 1195
internal_count=13707 304 167 137 13403 2310 11093 113 10980 318 2247 630 10662 3796 202 6866 426 576 6440 5841 131 599 250 174 5710 4416 427 3989 1294 1195
is_linear=0
shrinkage=0.05


Tree=148
num_leaves=31
num_cat=0
split_feature=96 114 93 86 88 13 88 108 133 103 50 43 133 35 43 99 92 133 142 93 92 49 128 85 120 52 2 116 93 141
split_gain=0.000174531 0.000478421 0.000290752 0.000447924 0.000126555 0.00153756 0.000322283 0.00110892 0.000241109 0.00276961 0.00022639 0.000606743 0.000162598 0.000231045 0.000326469 0.00015661 0.000144401 0.000126935 0.000140359 0.000193297 0.000127584 0.000124692 0.000162076 0.000460974 0.000251478 0.00011395 0.000566806 0.000218884 0.000177657 0.000202937
threshold=49.737500000000004 28.750000000000004 271.65902920000002 16.500000000000004 38.112500000000004 0.0039296913055555565 37.13750000000001 291.49900280000003 88.200000000000003 2038.0000000000005 1022.5500000000001 0.38150000000000006 82.02000000000001 275.43135085000006 0.34250000000000008 -4.8000000000000105 7.9500000000000011 50.285000000000004 325.33901779365141 265.16145900000009 21.750000000000007 987.45000000000016 9.6939078444960973 272.80050665000005 267.29009615000007 230.50000000000003 0.0059917800000000012 288.27734800000002 273.10764210000008 37.080000000000005
decision_type=2 2 2 2 2 2 2 2 2 2 2 2 2 2 2 2 2 2 2 2 2 2 2 2 10 2 2 2 2 2
left_child=4 -2 3 -3 6 10 8 -8 12 -10 17 -12 15 -14 -15 -1 -16 18 21 -20 -19 22 23 -6 -25 27 -27 -17 29 -29
right_child=1 2 -4 -5 5 -7 7 -9 9 -11 11 -13 13 14 16 25 -18 20 19 -21 -22 -23 -24 24 -26 26 -28 28 -30 -31
leaf_value=8.7616022587206e-05 2.1504591698700733e-05 -0.0001932759797368224 0 0 0 0.00025180780952751566 0 -0.00025609064123140841 0.00034364614534933936 -6.9172402961056729e-05 0 0.00017153611362003395 0 0 0 0 -0.00019025801417107383 -4.2751341016741996e-05 0 6.9572248345640877e-05 0 -3.4398046350929691e-05 -6.2065094638872364e-06 0.00017232752044398934 0 2.2514457330857108e-06 0.00017404177779637933 -8.5599764243549231e-06 0 -0.00011558914072915503
leaf_weight=50 90 91 53 70 289 64 279 54 59 89 226 70 300 99 50 7900 59 345 66 173 90 255 714 72 51 1269 53 299 314 114
leaf_count=50 90 91 53 70 289 64 279 54 59 89 226 70 300 99 50 7900 59 345 66 173 90 255 714 72 51 1269 53 299 314 114
internal_value=-2.18933e-07 -3.78112e-05 -8.59969e-05 -0.00011959 2.6345e-07 1.09236e-05 -1.62528e-06 -4.99921e-05 0 6.3042e-05 2.13604e-06 4.38965e-05 -1.00458e-06 -2.8626e-05 -6.89883e-05 0 -0.000128307 -1.46561e-06 2.26799e-06 3.86744e-05 -2.68113e-05 -4.38093e-07 2.8398e-06 3.06008e-05 0.000111412 -4.56132e-08 1.30443e-05 -2.6323e-06 -2.88753e-05 -5.03883e-05
internal_weight=13707 304 214 161 13403 2415 10988 333 10655 148 2351 296 10507 508 208 9999 109 2055 1620 239 435 1381 1126 412 123 9949 1322 8627 727 413
internal_count=13707 304 214 161 13403 2415 10988 333 10655 148 2351 296 10507 508 208 9999 109 2055 1620 239 435 1381 1126 412 123 9949 1322 8627 727 413
is_linear=0
shrinkage=0.05


Tree=149
num_leaves=31
num_cat=0
split_feature=96 114 81 86 120 133 133 75 83 36 135 88 91 73 89 2 6 85 11 94 33 19 81 28 137 131 77 85 114 6
split_gain=0.000151535 0.000440606 0.000404928 0.000362245 0.000121544 0.00183323 0.000209352 0.00141329 0.000390892 0.000133218 0.000205375 0.000145804 0.00126064 0.000143924 0.00233846 0.000371911 0.000259373 0.000838247 0.00017412 0.000190191 0.00063635 0.00101836 0.000173645 0.000158825 0.000227806 0.000139193 0.000155471 0.000187746 0.000129617 0.000113709
threshold=49.737500000000004 28.750000000000004 53.750000000000007 15.500000000000002 264.98413475000007 82.02000000000001 88.200000000000003 11.750000000000002 10.65 282.64040640000002 3.8850000000000002 42.587500000000013 20.450000000000003 25.950000000000003 26.150000000000002 0.0045051920000000007 0.021504166666666668 271.65902920000002 0.0059095402291666679 15.500000000000002 -0.51190925318528813 -0.00025857142857142837 21.750000000000004 30.300000000000001 1.0000000180025095e-35 34.954889260841185 275.29665565000005 263.13994410000004 30.350000000000005 0.0016104166666666669
decision_type=2 2 2 2 8 2 2 2 2 2 2 2 2 2 2 2 2 2 2 2 2 2 2 2 2 2 2 2 2 2
left_child=4 -2 -3 -4 5 -1 9 8 -8 11 -11 13 -13 15 -15 18 23 -18 19 28 21 -21 -20 24 -16 26 27 -25 -6 -14
right_child=1 2 3 -5 6 -7 7 -9 -10 10 -12 12 29 14 16 -17 17 -19 22 20 -22 -23 -24 25 -26 -27 -28 -29 -30 -31
leaf_value=-1.9048043418899154e-06 2.0441174309490923e-05 0 -0.00024945508278000897 0 0 0.00028298974372103022 -2.914203629280806e-05 -0.00028206534772299863 0.00013104357285933561 -9.3718839718369491e-05 -4.2336557521917431e-06 0.00025929161193727064 -2.7191408442528579e-05 0.00033208776856494384 0.00011252989193516836 -4.8063783203557629e-05 0 0.00022842341047540893 0 0 0 0.00029996472840709848 -0.00012036061811037749 0 2.6952245306172781e-06 -2.6433665498960639e-06 0 -0.00011172613068470899 -3.6428821651987318e-05 1.641629724090344e-05
leaf_weight=378 90 111 53 50 4891 60 78 50 52 88 983 52 179 54 52 453 168 52 56 137 480 50 59 55 2678 1293 67 117 261 560
leaf_count=378 90 111 53 50 4891 60 78 50 52 88 983 52 179 54 52 453 168 52 56 137 480 50 59 55 2678 1293 67 117 261 560
internal_value=-2.14381e-07 -3.52452e-05 -8.19066e-05 -0.000153632 2.09717e-07 2.6288e-05 -2.8763e-07 -5.38246e-05 0 7.92141e-08 -1.63311e-05 2.00766e-06 2.27999e-05 4.23087e-08 7.28389e-06 -4.31823e-06 2.18206e-06 5.50515e-05 -1.28707e-07 2.30304e-07 2.60164e-05 0.000104245 -6.12435e-05 0 6.65858e-06 -1.34173e-05 -5.06178e-05 -7.61652e-05 -2.14217e-06 0
internal_weight=13707 304 214 103 13403 438 12965 180 130 12785 1071 11714 791 10923 4536 6387 4482 220 5934 5819 667 187 115 4262 2730 1532 239 172 5152 739
internal_count=13707 304 214 103 13403 438 12965 180 130 12785 1071 11714 791 10923 4536 6387 4482 220 5934 5819 667 187 115 4262 2730 1532 239 172 5152 739
is_linear=0
shrinkage=0.05


Tree=150
num_leaves=31
num_cat=0
split_feature=74 89 141 88 85 133 108 65 65 116 128 93 82 136 50 75 43 22 50 22 88 74 33 129 56 30 19 136 129 43
split_gain=0.000204724 0.00154801 0.000342473 0.000339332 0.000119593 0.000265554 0.00362494 0.000224298 0.000328044 0.000607001 0.000214183 0.000195924 0.000190134 0.00023245 0.00016268 0.000328068 0.000232859 0.00187281 0.00707847 0.000266692 0.000191142 0.00039037 0.000399917 0.000168756 0.000337123 0.000557979 0.000166134 0.00013602 0.000155403 0.00023074
threshold=33.664285714285718 38.050000000000004 37.415000000000006 50.037500000000001 275.42736185000007 88.200000000000003 272.32070905000006 11.950000000000001 14.350000000000003 294.01547295000006 10.888660483062997 273.01871655000008 23.222000000000005 0.28000000000000008 1003.5500000000001 15.050000000000002 0.32850000000000007 1.0000000180025095e-35 1022.5500000000001 1.0000000180025095e-35 36.087500000000013 21.807142857142864 0.86316211916577401 6.5000000000000009 -5.8220352999999809 -1.9214285714285693 -0.0016728571428571424 0.96500000000000008 5.5000000000000009 0.38050000000000006
decision_type=2 2 2 2 2 2 2 2 2 2 2 2 2 2 2 2 2 2 2 2 2 2 2 2 2 2 2 2 2 2
left_child=3 -2 -3 4 5 14 -7 10 9 -9 11 12 13 -6 15 26 17 18 -16 -18 -21 22 -22 -19 -25 -26 -1 28 -28 -30
right_child=1 2 -4 -5 7 6 -8 8 -10 -11 -12 -13 -14 -15 16 -17 19 23 -20 20 21 -23 -24 24 25 -27 27 -29 29 -31
leaf_value=0 -0.00028002004333164417 0 -0.0001099295431109343 0.00011986737003807922 0 -0.00011554990686216535 0.00041350963807067627 0 -9.2451992774901719e-06 0.00017352246352645239 0 0 0 -0.00013606838379001505 0.00066011623372455347 0 -5.0180927274272595e-05 -2.3206074273087509e-06 -8.4548005999395321e-05 0 0.0001667826624850094 0 0 0 0.00022425595073194551 0 0 0 -0.00019913228633323715 -4.305975176471786e-06
leaf_weight=58 55 1135 72 58 72 64 51 186 1632 72 158 269 70 156 51 1436 255 1136 58 5596 88 219 73 191 52 82 88 93 70 100
leaf_count=58 55 1135 72 58 72 64 51 186 1632 72 158 269 70 156 51 1436 255 1136 58 5596 88 219 73 191 52 82 88 93 70 100
internal_value=-1.60268e-06 -2.08108e-05 -4.63815e-06 0 -2.21383e-07 1.9008e-06 7.75151e-05 -1.00518e-05 0 5.12594e-05 -3.37113e-05 -4.89417e-05 -7.86664e-05 -0.000100776 4.73081e-07 -1.22357e-05 4.12085e-06 2.13282e-05 0.000221252 0 1.92247e-06 3.62242e-05 9.5448e-05 2.85151e-06 3.62191e-05 9.70094e-05 -5.17154e-05 -6.5537e-05 -8.45594e-05 -0.000114464
internal_weight=13696 1262 1207 12434 12376 9761 115 2615 1890 258 725 567 298 228 9646 1845 7801 1570 109 6231 5976 380 161 1461 325 134 409 351 258 170
internal_count=13696 1262 1207 12434 12376 9761 115 2615 1890 258 725 567 298 228 9646 1845 7801 1570 109 6231 5976 380 161 1461 325 134 409 351 258 170
is_linear=0
shrinkage=0.05


Tree=151
num_leaves=31
num_cat=0
split_feature=110 128 138 81 116 112 103 59 65 39 133 133 118 0 2 52 83 12 107 91 115 22 138 103 137 22 88 93 6 21
split_gain=0.000199118 0.00122043 0.0020432 0.000421683 0.000140908 0.000184411 0.00028027 0.000784287 0.000152826 0.000147591 0.000870936 0.000343879 0.000215558 0.00124889 0.000574542 0.00447221 0.000210901 0.000267627 0.000183943 0.000266237 0.000361733 0.000145093 0.000162024 0.00015489 0.000215127 0.000142436 0.00013707 0.00013444 0.000276512 0.000253598
threshold=35.650000000000013 8.922324908399462 4.955000000000001 54.850000000000009 284.93681115000004 283.48393300000004 871.1500000000002 4.1503500000000004 11.950000000000001 1.0000000180025095e-35 88.200000000000003 84.635000000000005 10.450000000000001 0.24405000000000002 0.0059917800000000012 25.500000000000004 15.950000000000001 0.09273153100000002 7.8500000000000005 21.550000000000004 9.8500000000000032 1.0000000180025095e-35 6.4150000000000009 1412.5500000000004 1.5500000000000003 4.5000000000000009 34.712500000000013 273.10764210000008 0.011576388888888891 0.60416666666666685
decision_type=2 2 2 2 2 2 2 2 2 2 2 2 10 2 2 2 2 2 2 2 2 2 2 2 2 2 2 2 2 2
left_child=3 2 -2 4 9 6 7 -6 -7 10 12 -11 21 14 16 -16 25 18 19 20 -18 22 -1 24 -23 -14 -22 28 -8 -30
right_child=1 -3 -4 -5 5 8 27 -9 -10 11 -12 -13 13 -15 15 -17 17 -19 -20 -21 26 23 -24 -25 -26 -27 -28 -29 29 -31
leaf_value=-0.00010484451705964696 -0.00041282983439326507 0 0 0.00014220693764995163 0 -8.8206356158919132e-05 -5.8236616544940106e-06 0.00019047768878301536 -7.702898814501566e-06 -1.8795976212269247e-06 0.00015975292142174623 -0.00011237586342802043 -4.6205510357967525e-05 0.000247943033464253 -2.6684412953154942e-05 0.00048933703222126435 0 0.00012192855867177624 0 0 0 -0.00011081380665066382 0 0 0 -8.0740326820955183e-08 0.00019955737012717311 0 -0.00013079206553607677 0
leaf_weight=77 50 920 69 51 181 144 931 67 434 1303 90 83 280 55 134 52 68 57 2331 154 64 75 108 3653 80 1058 61 909 106 51
leaf_count=77 50 920 69 51 181 144 931 67 434 1303 90 83 280 55 134 52 68 57 2331 154 64 75 108 3653 80 1058 61 909 106 51
internal_value=-1.59832e-06 -2.26339e-05 -0.000172816 0 -4.55916e-07 -1.05994e-05 -1.6884e-06 4.50988e-05 -3.65124e-05 1.96086e-06 4.89112e-06 -1.21778e-05 2.59246e-06 1.07311e-05 6.43664e-06 9.2687e-05 1.24881e-06 1.02913e-05 6.00412e-06 3.99869e-05 7.93669e-05 -4.94911e-06 -4.93149e-05 -1.46868e-06 -5.03475e-05 -1.34946e-05 0.000129907 -1.00209e-05 -2.22007e-05 -8.70184e-05
internal_weight=13696 1039 119 12657 12606 2823 2245 248 578 9783 8397 1386 8307 4314 4259 186 4073 2735 2678 347 193 3993 185 3808 155 1338 125 1997 1088 157
internal_count=13696 1039 119 12657 12606 2823 2245 248 578 9783 8397 1386 8307 4314 4259 186 4073 2735 2678 347 193 3993 185 3808 155 1338 125 1997 1088 157
is_linear=0
shrinkage=0.05


Tree=152
num_leaves=31
num_cat=0
split_feature=74 128 0 88 77 120 77 131 90 85 107 43 22 89 22 25 83 43 75 80 23 120 103 101 141 93 138 16 133 103
split_gain=0.000183091 0.00142898 0.00287073 0.000305466 0.000154853 0.00134225 0.000180156 0.000285579 0.000235364 0.000243805 0.000247927 0.00017267 0.00202512 0.00829028 0.00037511 0.000168567 0.000203345 0.000157205 0.000231772 0.000138524 0.000118917 0.000204149 0.000255865 0.000338196 0.000307127 0.000127353 0.000208911 0.000155638 0.000111189 0.000100923
threshold=33.664285714285718 8.922324908399462 0.0069500000000000004 50.037500000000001 286.11886920000006 265.07731195000008 276.00693230000007 64.936761357106477 25.106122448979594 278.55327870000008 7.6500000000000012 0.32850000000000007 1.0000000180025095e-35 25.950000000000003 1.0000000180025095e-35 20.500000000000004 16.150000000000002 0.38350000000000006 15.550000000000002 22.937500000000007 23.861111111111114 270.76745550000004 1481.4000000000003 0.80185829999999225 34.190000000000005 273.01871655000008 5.1850000000000014 0.17000000000000001 78.945000000000007 1117.1500000000003
decision_type=2 2 2 2 2 10 2 2 2 2 2 2 2 2 2 2 2 2 2 2 2 8 2 2 2 2 2 2 2 2
left_child=3 2 -2 4 6 -6 11 8 15 19 -11 12 13 -1 17 16 28 18 -13 -10 21 22 23 -9 -25 26 -22 -28 -8 -7
right_child=1 -3 -4 -5 5 29 7 20 9 10 -12 14 -14 -15 -16 -17 -18 -19 -20 -21 25 -23 -24 24 -26 -27 27 -29 -30 -31
leaf_value=-8.7293256961422578e-05 0 0 -0.00044802553820967925 0.00011370467809714591 0.00026664624251190199 4.2845171462280023e-05 0 0 -5.7510268376743006e-05 0.00012980815928849071 0 -0.00013392077045082433 0 0.00071006888828432089 4.9876087926205501e-07 0 -0.00011402582004133625 0 0 0 0 -4.9749510294176956e-06 0 0 0.00018050240739002818 4.9092756873120759e-06 0 -6.7511611280751248e-05 -5.5891260096397908e-05 -8.0676704319779587e-06
leaf_weight=66 84 1123 55 58 51 119 222 239 185 56 83 106 1299 50 6748 92 195 145 52 151 282 659 196 87 86 156 105 314 141 491
leaf_count=66 84 1123 55 58 51 119 222 239 185 56 83 106 1299 50 6748 92 195 145 52 151 282 659 196 87 86 156 105 314 141 491
internal_value=-1.56863e-06 -1.97256e-05 -0.000170375 0 -2.6507e-07 2.27156e-05 -1.99031e-06 -1.21762e-05 -3.2588e-05 0 4.9327e-05 1.32917e-06 1.75504e-05 0.000216794 -1.21913e-06 -5.23518e-05 -6.28144e-05 -5.58009e-05 -9.17883e-05 -2.82461e-05 0 8.30946e-06 3.09029e-05 5.43785e-05 0.000108985 -1.5635e-05 -2.73299e-05 -4.99194e-05 -2.13302e-05 0
internal_weight=13696 1262 139 12434 12376 661 11715 3249 1125 475 139 8466 1415 116 7051 650 558 303 158 336 2124 1267 608 412 173 857 701 419 363 610
internal_count=13696 1262 139 12434 12376 661 11715 3249 1125 475 139 8466 1415 116 7051 650 558 303 158 336 2124 1267 608 412 173 857 701 419 363 610
is_linear=0
shrinkage=0.05


Tree=153
num_leaves=31
num_cat=0
split_feature=96 88 112 131 54 42 94 91 61 131 0 75 28 136 84 85 26 122 12 1 124 2 139 84 128 115 92 15 112 22
split_gain=0.00018287 0.000483898 0.000145131 0.00032674 0.00226858 0.000536612 0.000181612 0.000669315 0.000162274 0.000184786 0.000249033 0.000183406 0.000357428 0.000287832 0.000320858 0.000484294 0.000573063 0.000770274 0.000184555 0.000138409 0.000128212 0.000576068 0.000202105 0.000611106 0.000177088 0.000119985 0.000227532 0.000120214 0.000116591 0.000239611
threshold=51.625000000000007 50.037500000000001 276.08780975000008 22.321942539713117 0.13500000000000004 0.40500000000000008 13.500000000000002 19.050000000000004 117.55000000000003 57.257815097269223 0.019050000000000004 8.2500000000000018 39.250000000000007 0.37000000000000005 10.950000000000005 268.04480300000006 1.5000000000000002 10.500000000000002 0.023435599000000005 0.41087726350000003 -0.78656609248549325 0.0059917800000000012 93.65491565332664 1.6500000000000006 8.3844366951598737 14.450000000000001 9.5500000000000025 0.0010177083333333336 295.47085495000005 3.5000000000000004
decision_type=2 2 2 2 2 2 2 2 2 2 2 2 2 2 2 2 2 2 2 2 2 2 2 2 2 2 2 2 2 2
left_child=1 2 6 4 5 -4 19 -8 9 10 -5 12 -10 14 18 -16 17 -17 25 20 21 24 -22 -24 -1 -13 27 -27 29 -15
right_child=-2 -3 3 8 -6 -7 7 -9 11 -11 -12 13 -14 28 15 16 -18 -19 -20 -21 22 -23 23 -25 -26 26 -28 -29 -30 -31
leaf_value=8.1476668635272967e-05 -8.4046353848166562e-05 0.00012347327616993566 -2.5564268569623807e-05 0 -0.0003244512266905986 0.00015634226355429676 0.00020253250913321189 6.2288240917356284e-06 2.270854092842761e-06 -1.2706613649413606e-06 -0.0001584515417152943 0 0.0001546468659950379 -5.5661707572528104e-05 -1.0349998076043415e-05 0.00032587717285178564 3.7335711715934807e-06 0 -3.1417491932217645e-05 -8.0791544855598647e-05 -3.6066220731105511e-09 0.00015234266434925155 0 -0.00018563846497757672 0 0 0 0.00014777729211537486 1.0492025880571768e-05 -9.2669764726521626e-06
leaf_weight=67 67 76 108 101 63 51 51 811 522 479 63 388 51 434 115 51 215 76 390 52 5402 73 85 59 1202 64 209 56 155 2160
leaf_count=67 67 76 108 101 63 51 51 811 522 479 63 388 51 434 115 51 215 76 390 52 5402 73 85 59 1202 64 209 56 155 2160
internal_value=-1.47346e-06 -6.94557e-07 -1.7688e-06 -7.99903e-06 -6.91551e-05 2.14558e-06 2.18329e-06 2.3858e-05 -4.62728e-06 -2.84995e-05 -7.72348e-05 -4.57376e-07 2.47897e-05 -4.97554e-06 1.03115e-05 4.59862e-05 7.94819e-05 0.000167624 0 0 1.05768e-07 1.45914e-05 -2.50003e-06 -6.10219e-05 2.61649e-06 1.02508e-05 3.37284e-05 8.83381e-05 -1.54916e-05 -1.89745e-05
internal_weight=13696 13629 13553 5751 222 159 7802 862 5529 643 164 4886 573 4313 1564 457 342 127 1107 6940 6888 1342 5546 144 1269 717 329 120 2749 2594
internal_count=13696 13629 13553 5751 222 159 7802 862 5529 643 164 4886 573 4313 1564 457 342 127 1107 6940 6888 1342 5546 144 1269 717 329 120 2749 2594
is_linear=0
shrinkage=0.05


Tree=154
num_leaves=31
num_cat=0
split_feature=110 139 49 83 96 84 91 1 112 65 116 0 161 14 88 91 14 92 27 137 21 15 104 35 10 75 91 24 36 49
split_gain=0.000170786 0.00136751 0.00151854 0.000711205 0.000585099 0.000191865 0.00297293 0.000203117 0.000121395 0.000135501 0.00011763 0.000102836 0.000411186 9.5258e-05 8.69181e-05 0.000969724 0.000236109 0.000301972 7.18843e-05 0.000116581 0.000128295 0.000150219 6.68014e-05 0.000160007 0.000133559 6.33317e-05 0.000134663 0.000122667 5.78403e-05 7.96381e-05
threshold=27.450000000000003 90.61646151329019 969.6500000000002 35.050000000000004 50.437500000000007 15.150000000000004 16.050000000000004 0.41087726350000003 283.48393300000004 11.950000000000001 290.75695465000007 0.17725000000000005 0.29591836734693883 0.035521102500000006 37.562500000000007 20.550000000000004 0.061309237500000009 0.8500000000000002 1880.3500000000001 1.7250000000000003 0.56250000000000011 0.0038104166666666672 0.8500000000000002 280.78283095 4.1550000000000002 24.350000000000005 24.750000000000004 53.95000000000001 284.74790355000005 974.1500000000002
decision_type=2 2 2 2 2 2 2 2 2 2 2 2 2 2 2 2 2 2 2 2 2 2 2 2 2 2 2 2 2 2
left_child=3 4 -3 5 13 7 -7 8 11 10 -10 14 -13 18 16 -16 -1 -18 25 20 21 -20 23 -17 -24 26 -2 -28 29 -8
right_child=1 2 -4 -5 -6 6 28 -9 9 -11 -12 12 -14 -15 15 22 17 -19 19 -21 -22 -23 24 -25 -26 -27 27 -29 -30 -31
leaf_value=2.4839614038360333e-07 -1.1707923114802601e-06 0 -0.00038603322331576186 0.0001627957600592655 -0.00015979568715334547 0.00038246485813201787 -6.0258250164589632e-06 8.3190980024964496e-05 0 -9.7668436110547236e-07 -0.0001040820590000354 0 -0.00012825557080736288 -2.7489395404493077e-05 0.00017950404065298403 0 0 -0.00015234778956569087 7.9481005542728921e-05 0 0 0 -5.7993317492963051e-05 7.7542176882400922e-05 0 -2.0716675543870334e-05 6.9173116411097026e-05 0 -3.642414789833769e-05 3.6692429289263934e-05
leaf_weight=7434 1779 77 50 67 58 53 217 67 79 593 90 266 77 302 81 192 116 57 185 323 248 53 131 75 223 371 133 50 108 141
leaf_count=7434 1779 77 50 67 58 53 217 67 79 593 90 266 77 302 81 192 116 57 185 323 248 53 131 75 223 371 133 50 108 141
internal_value=-1.37673e-06 -1.08682e-05 -0.000172386 1.54894e-06 -3.53592e-06 0 2.99607e-05 -1.16589e-06 -2.3061e-06 -2.15259e-05 -6.37889e-05 -3.32503e-08 -2.72316e-05 0 4.90969e-07 1.76044e-05 -4.33222e-07 -5.82918e-05 1.70885e-06 1.52051e-05 3.13528e-05 5.78361e-05 0 1.45781e-05 -1.76067e-05 -8.33426e-07 3.8787e-07 4.2638e-05 -1.57467e-07 0
internal_weight=13696 3629 127 10067 3502 10000 519 9481 9414 762 169 8652 343 3444 8309 702 7607 173 3142 809 486 238 621 267 354 2333 1962 183 466 358
internal_count=13696 3629 127 10067 3502 10000 519 9481 9414 762 169 8652 343 3444 8309 702 7607 173 3142 809 486 238 621 267 354 2333 1962 183 466 358
is_linear=0
shrinkage=0.05


Tree=155
num_leaves=31
num_cat=0
split_feature=88 2 126 117 138 142 100 21 53 73 61 137 49 49 1 135 76 1 124 105 82 73 138 133 53 2 4 96 77 33
split_gain=0.000704085 0.00018547 0.000398959 0.000208889 0.000504077 0.000240384 0.00103105 0.00271313 0.000195646 0.000679998 0.000333628 0.000343183 0.000236716 0.000210339 0.000177725 0.000134962 0.000394509 0.000504655 0.00054049 0.000644418 0.000130344 0.000351462 0.00123723 0.000453994 0.000108815 0.000127526 9.21251e-05 0.000120312 0.000160947 7.9139e-05
threshold=51.037500000000009 0.0040711290000000006 20.500000000000004 1.2500000000000002 3.7650000000000001 735.2455790236944 -4.9999999999999423 0.43750000000000006 215.50000000000003 25.950000000000003 1072.2500000000002 0.12000000000000001 980.25000000000011 971.85000000000002 0.41087726350000003 13.790000000000001 0.45000000000000007 0.00035859950000000003 -0.60355339059327384 21.500000000000004 13.274000000000003 31.450000000000003 3.2800000000000007 87.315000000000012 208.50000000000003 0.00093457300000000007 0.016199915000000006 26.362500000000004 278.35710765000005 -0.96107964865186146
decision_type=2 2 2 2 2 2 2 2 2 2 2 2 2 2 2 2 2 2 2 2 2 2 2 2 2 2 2 2 2 2
left_child=1 3 29 5 -5 14 7 -7 10 -10 12 -12 13 -4 15 16 -1 18 -18 -20 -8 22 -22 -23 25 -17 27 -27 -29 -3
right_child=-2 2 8 4 -6 6 20 -9 9 -11 11 -13 -14 -15 -16 24 17 -19 19 -21 21 23 -24 -25 -26 26 -28 28 -30 -31
leaf_value=0 0.00018461754762421492 0 0 -0.00016389116330481975 0 0.00041874101328032441 -1.8229580718197109e-05 0 -8.9618639738736342e-06 0.00016701279089496716 -0.00011741936905288243 -6.9956455480018432e-06 0 0.00015525267239318769 6.9206882648855251e-05 9.5632747231363044e-07 0 0 -7.6916844930419281e-06 -0.0003180965826640287 0.00023712797772734324 0 4.1102543960806837e-06 -0.0001544905598397096 -1.1142693073273441e-05 0 0 8.2339581311665686e-05 0 -0.00010910174303162487
leaf_weight=1496 50 51 68 64 402 56 404 141 66 70 127 451 122 50 87 6558 60 242 80 54 71 274 540 51 1440 106 168 197 67 140
leaf_count=1496 50 51 68 64 402 56 404 141 66 70 127 451 122 50 87 6558 60 242 80 54 71 274 540 51 1440 106 168 197 67 140
internal_value=-2.34329e-07 -1.2871e-06 -2.05997e-05 7.71408e-08 -3.22506e-05 1.73901e-06 2.03185e-05 0.000127362 -1.8297e-06 4.56749e-05 -1.58789e-05 -4.00548e-05 2.15224e-05 7.68839e-05 -4.94508e-07 -1.55796e-06 -1.36434e-05 -5.55003e-05 -0.000115641 -0.000171247 7.69718e-07 1.43172e-05 3.97008e-05 -1.8042e-05 5.93003e-07 3.6803e-06 2.75446e-05 4.15097e-05 5.95592e-05 -8.7812e-05
internal_weight=13753 13703 1145 12558 466 12092 1537 197 954 136 818 578 240 118 10555 10468 1932 436 194 134 1340 936 611 325 8536 7096 538 370 264 191
internal_count=13753 13703 1145 12558 466 12092 1537 197 954 136 818 578 240 118 10555 10468 1932 436 194 134 1340 936 611 325 8536 7096 538 370 264 191
is_linear=0
shrinkage=0.05


Tree=156
num_leaves=31
num_cat=0
split_feature=88 2 44 53 111 90 117 35 142 35 19 93 1 2 116 128 85 49 160 56 94 54 30 85 56 33 85 43 0 100
split_gain=0.000637372 0.000173853 0.000345274 0.000429633 0.000298746 0.000337692 0.000194133 0.000442819 0.000220095 0.000936522 0.00257818 0.000209199 0.00125195 0.000215088 0.00032106 0.000793968 0.000167292 0.000100767 0.000257062 0.000100456 9.63856e-05 9.68218e-05 0.000151663 0.000130515 0.000251631 0.000123593 7.05226e-05 6.95537e-05 0.000132328 8.96573e-05
threshold=51.037500000000009 0.0040711290000000006 1572.5000000000002 200.50000000000003 10.450000000000001 13.880868902439026 1.2500000000000002 290.70662965000002 735.2455790236944 284.97475065000003 -0.0010742857142857145 263.95708545000008 0.41087726350000003 6.605000000000002e-05 268.10770410000003 8.820330215695984 266.83713505000009 971.25000000000011 0.24795918367346945 -7.1686014499999819 37.500000000000007 0.38500000000000006 -1.9214285714285693 279.85589890000006 -1.1291043999999884 -0.14172542804663846 267.4894802500001 0.41250000000000003 0.00045000000000000004 -6.599999999999965
decision_type=2 2 2 2 2 2 2 2 2 2 2 2 2 2 2 2 2 2 2 2 2 2 2 2 2 2 2 2 2 2
left_child=1 6 4 -4 5 -3 8 -8 11 -10 -11 13 20 14 15 -1 -16 26 -19 -7 21 23 -23 27 -25 -24 -6 29 -29 -13
right_child=-2 2 3 -5 17 19 7 -9 9 10 -12 12 -14 -15 16 -17 -18 18 -20 -21 -22 22 25 24 -26 -27 -28 28 -30 -31
leaf_value=-0.00023492258115542089 0.00017556766571942718 0 0 0.0001553940343811124 0 0 -1.4889737200093049e-06 -0.00017481711676480826 0 0.00041650073900840394 0 -2.6633286138965529e-05 0.00024864142752645138 0 -2.3099888772901131e-05 -9.2729110754876244e-06 6.0262009542116981e-05 0 0.00011315768165439881 -0.0001237712295961534 6.5555941928323593e-05 0 0 0 -8.2945581647497324e-05 9.8859288036777884e-05 -4.833540112061504e-05 0 3.7429565267105317e-05 -3.8263280192128744e-08
leaf_weight=68 50 270 94 52 158 69 416 50 1283 53 201 353 50 527 320 226 67 118 58 192 55 83 64 115 141 92 134 372 340 7682
leaf_count=68 50 270 94 52 158 69 416 50 1283 53 201 353 50 527 320 226 67 118 58 192 55 83 64 115 141 92 134 372 340 7682
internal_value=-2.56865e-07 -1.27604e-06 -1.9968e-05 3.74098e-05 -3.33825e-05 -5.9149e-05 3.15648e-08 -3.11276e-05 1.64831e-06 1.94322e-05 0.000107047 -4.69288e-07 1.57124e-06 -2.03819e-05 -3.90496e-05 -7.90326e-05 0 0 2.52469e-05 -0.000101618 0 -1.8002e-07 3.0329e-05 -1.54852e-06 -3.67915e-05 6.18154e-05 -2.17883e-05 0 1.43544e-05 -1.83203e-06
internal_weight=13753 13703 1145 146 999 531 12558 466 12092 1537 254 10555 9347 1208 681 294 387 468 176 261 9297 9242 239 9003 256 156 292 8747 712 8035
internal_count=13753 13703 1145 146 999 531 12558 466 12092 1537 254 10555 9347 1208 681 294 387 468 176 261 9297 9242 239 9003 256 156 292 8747 712 8035
is_linear=0
shrinkage=0.05


Tree=157
num_leaves=31
num_cat=0
split_feature=88 89 88 94 123 133 0 63 133 75 22 120 104 139 116 14 139 83 85 21 77 22 22 106 49 92 74 128 142 33
split_gain=0.00057683 0.000262667 0.000129853 0.000966262 0.000187307 0.0016196 0.000696315 0.00359999 0.000635527 0.00363689 0.000475207 0.000238583 0.000230884 0.000227556 0.000165275 0.000134476 0.00012025 0.000383236 0.000119644 9.30378e-05 0.000120776 0.000264649 9.40417e-05 0.000128049 0.000351197 0.000227871 0.000119586 0.000178035 0.000138622 0.000113084
threshold=51.037500000000009 55.20000000000001 42.587500000000013 16.500000000000004 -0.37940952255126059 88.200000000000003 0.24405000000000002 6.5726000000000013 88.200000000000003 10.350000000000003 1.5000000000000002 290.74070855000008 8.5500000000000025 94.094592959961304 271.02577205000006 0.03786909850000001 86.062514532428807 15.350000000000003 279.99360505000004 0.29861111111111122 282.13395670000006 21.500000000000004 49.500000000000007 19.650000000000002 998.75000000000011 8.3500000000000032 28.700000000000006 11.367266977279732 32.622723150671838 -0.97131915638831756
decision_type=2 2 2 2 2 2 2 2 2 2 2 8 2 2 2 2 2 2 2 2 2 2 2 2 2 2 2 2 2 2
left_child=1 2 4 -4 5 10 8 -8 12 -10 11 14 13 15 -1 19 -12 -18 -5 20 -6 -22 26 24 25 -24 27 28 -21 -30
right_child=-2 -3 3 18 6 -7 7 -9 9 -11 16 -13 -14 -15 -16 -17 17 -19 -20 22 21 -23 23 -25 -26 -27 -28 -29 29 -31
leaf_value=0 0.00016696140267395451 -0.00010275580125977512 0.00016785988835894578 5.6597683827477059e-06 0 -0.00024585982486314607 0.00045592527381029191 -4.7954718080191387e-05 -7.1747545016194179e-05 0.00045001619401434666 -2.6567041972079595e-06 0 6.1982645674287235e-06 -9.271918784054976e-05 -0.00011369317161152844 -4.6499432794518448e-05 0 0.00010879605228672938 -6.4765493342069e-05 0 0.000103739996937424 0 0 -4.8248790115916902e-06 0 0.0001340411985320959 0 0 0 -3.8926829032800254e-05
leaf_weight=118 50 63 94 1087 408 72 50 72 63 50 3925 100 3753 94 180 232 132 103 62 153 96 60 50 241 96 98 547 401 126 1177
leaf_count=118 50 63 94 1087 408 72 50 72 63 50 3925 100 3753 94 180 232 132 103 62 153 96 60 50 241 96 98 547 401 126 1177
internal_value=-2.60276e-07 -1.24744e-06 -4.04552e-07 1.4489e-05 -2.30221e-06 -1.04489e-05 1.91116e-06 0.000119931 0 0.000117184 -5.58037e-06 -5.77347e-05 -1.76086e-06 -1.09875e-05 -8.0268e-05 -7.52158e-06 0 3.40062e-05 0 -3.44244e-06 1.19252e-05 4.93454e-05 -8.17576e-06 5.8407e-06 3.676e-05 9.00805e-05 -1.30838e-05 -1.95574e-05 -2.81646e-05 -3.39423e-05
internal_weight=13753 13703 13640 1243 12397 4630 7767 122 7645 113 4558 398 7532 3779 298 3685 4160 235 1149 3453 564 156 2889 485 244 148 2404 1857 1456 1303
internal_count=13753 13703 13640 1243 12397 4630 7767 122 7645 113 4558 398 7532 3779 298 3685 4160 235 1149 3453 564 156 2889 485 244 148 2404 1857 1456 1303
is_linear=0
shrinkage=0.05


Tree=158
num_leaves=31
num_cat=0
split_feature=88 89 117 138 77 1 19 77 108 85 75 21 131 36 1 2 111 131 76 94 105 19 15 81 142 123 94 142 103 96
split_gain=0.000522017 0.000237108 0.000127828 0.000470613 0.000134441 0.000669818 0.000235313 0.00101161 0.00358382 0.000237616 0.000260309 0.000154399 0.000307338 0.000146485 0.000360771 0.000238558 0.000274829 0.000128131 0.000189156 0.000133626 0.000274663 0.000568619 0.000119373 0.000214738 0.000774321 0.000415438 0.000460164 0.000466497 0.000770545 0.000154729
threshold=51.037500000000009 55.20000000000001 1.1500000000000001 3.7650000000000001 268.30635260000003 0.41087726350000003 -0.0064871428571428537 281.37332475000005 291.1701104500001 268.04480300000006 16.350000000000005 0.40972222222222227 27.937552244576551 263.20946785000007 0.072925425000000016 0.0049793635000000011 15.65 22.74097314280726 0.8500000000000002 32.500000000000007 19.500000000000004 -0.0015614285714285712 0.00023854166666666669 38.050000000000004 497.68379080742426 -0.78656609248549292 19.500000000000004 749.36518985137138 1717.1500000000003 34.687500000000007
decision_type=2 2 2 2 2 2 2 2 2 2 2 2 2 2 2 2 2 2 2 2 2 2 2 2 2 2 2 2 2 2
left_child=1 2 4 -4 11 6 7 9 -9 10 -6 12 -1 14 -8 17 -17 18 -15 22 21 -21 -19 29 -25 -26 27 28 -27 -24
right_child=-2 -3 3 -5 5 -7 13 8 -10 -11 -12 -13 -14 15 -16 16 -18 19 -20 20 -22 -23 23 24 25 26 -28 -29 -30 -31
leaf_value=-0.00014659862803585255 0.0001587770155510596 -9.7698290408061435e-05 -0.00014951106195059847 0 0.00013516264165759666 0.00017003883020360726 0 0.00048746174310651319 0 -2.2588304151462677e-05 0 0 -1.1741880399196344e-05 0 0.00012990494980398136 -5.357204454120446e-05 4.7185496784285883e-06 -5.9083891245690604e-06 -0.00010202509142763033 0 0 0.00019820512490638527 6.5596308986615199e-06 0 0 0.00029216192753626268 0 0 0 -1.9737366807373881e-05
leaf_weight=55 50 63 66 468 57 60 373 50 84 362 82 2472 1135 256 73 452 116 3297 72 56 72 62 1918 894 66 92 69 51 50 780
leaf_count=55 50 63 66 468 57 60 373 50 84 362 82 2472 1135 256 73 452 116 3297 72 56 72 62 1918 894 66 92 69 51 50 780
internal_value=-2.58822e-07 -1.21552e-06 -3.96215e-07 -2.45008e-05 2.06238e-07 3.72243e-06 2.10826e-06 3.14732e-05 0.000152971 0 5.40387e-05 -7.49528e-06 -2.22908e-05 0 2.78557e-05 -1.52727e-06 -3.28929e-05 1.33615e-07 -2.95342e-05 2.12613e-06 4.38207e-05 9.40867e-05 3.29822e-07 6.85196e-06 2.42792e-05 8.98621e-05 0.000118536 0.000158044 0.000205041 0
internal_weight=13753 13703 13640 534 13106 9444 9384 635 134 501 139 3662 1190 8749 446 8303 568 7735 328 7407 190 118 7217 3920 1222 328 262 193 142 2698
internal_count=13753 13703 13640 534 13106 9444 9384 635 134 501 139 3662 1190 8749 446 8303 568 7735 328 7407 190 118 7217 3920 1222 328 262 193 142 2698
is_linear=0
shrinkage=0.05


Tree=159
num_leaves=31
num_cat=0
split_feature=88 2 44 135 111 96 34 29 43 116 49 128 44 131 11 120 11 112 107 131 28 137 105 18 131 88 111 128 128 49
split_gain=0.00047245 0.00013812 0.000306199 0.000365112 0.000256674 0.000252122 0.000137002 0.00173576 0.000217186 0.000860478 0.000191213 0.00091299 0.00140069 0.000874863 0.000155864 0.000131657 0.000214174 0.000365929 0.000248365 0.00046907 0.000122511 0.000120603 0.000115457 9.49484e-05 0.00027788 0.000122375 0.000111555 0.000112219 8.6722e-05 8.54821e-05
threshold=51.037500000000009 0.0040711290000000006 1572.5000000000002 22.375000000000004 10.450000000000001 22.937500000000004 0.35541667245320069 51.650000000000006 0.42750000000000005 291.78977525000005 970.45000000000016 8.3844366951598737 1282.5000000000002 22.321942539713117 0.0043679039444444448 267.09232255000006 0.0040165472500000013 278.87430250000006 13.350000000000003 86.769874021242742 29.150000000000002 0.44500000000000006 31.500000000000004 0.0075854166666666674 44.562915032349551 33.687500000000007 16.750000000000004 9.8280902847934275 10.550420622277036 971.25000000000011
decision_type=2 2 2 2 2 2 2 2 2 2 2 2 2 2 2 10 2 2 2 2 2 2 2 2 2 2 2 2 2 2
left_child=1 6 4 -4 5 -3 8 14 10 -10 11 12 -1 -12 20 -15 -17 18 19 -18 -8 -22 -7 25 -25 -13 27 -27 -26 -6
right_child=-2 2 3 -5 29 22 7 -9 9 -11 13 23 -14 15 -16 16 17 -19 -20 -21 21 -23 -24 24 28 26 -28 -29 -30 -31
leaf_value=0.00028979669911703763 0.00015099383154330438 0 0.00013012664018046614 0 -1.9890173080266662e-05 -0.00010546956277911761 0 0.00030193962953418643 1.6886561553881333e-06 0.00022180288716649207 -0.00020341296984197006 5.1420354222282485e-07 0 1.0622872939642305e-06 -7.4350393751306657e-05 -6.9642158540561196e-06 -0.00019521065315871057 0 0 0 0 4.9828867556391545e-05 0 0.00010274380958711661 -8.5694603925722328e-06 -5.8969902745231755e-05 0 0 1.9623075951758776e-05 2.3504898005226441e-05
leaf_weight=69 50 248 64 82 292 224 1092 50 718 51 58 919 63 2527 55 4228 95 140 58 85 118 277 59 78 555 276 274 316 456 176
leaf_count=69 50 248 64 82 292 224 1092 50 718 51 58 919 63 2527 55 4228 95 140 58 85 118 277 59 78 555 276 274 316 456 176
internal_value=-2.58723e-07 -1.18645e-06 -1.78366e-05 3.57486e-05 -3.06957e-05 -5.45645e-05 0 1.40068e-05 -1.65326e-06 2.30492e-05 -4.00855e-06 5.60765e-06 0.000133688 -8.72377e-06 1.24035e-06 -6.41155e-06 -1.15966e-05 -5.00628e-05 -8.83295e-05 -0.000117187 7.44455e-06 3.13317e-05 -8.8298e-05 0 1.13026e-05 -7.41218e-06 -2.15816e-05 -3.39304e-05 0 0
internal_weight=13753 13703 1145 146 999 531 12558 1592 10966 769 10197 3006 132 7191 1542 7133 4606 378 238 180 1487 395 283 2874 1089 1785 866 592 1011 468
internal_count=13753 13703 1145 146 999 531 12558 1592 10966 769 10197 3006 132 7191 1542 7133 4606 378 238 180 1487 395 283 2874 1089 1785 866 592 1011 468
is_linear=0
shrinkage=0.05


Tree=160
num_leaves=31
num_cat=0
split_feature=85 138 96 123 133 133 110 22 106 0 103 100 96 62 11 136 11 141 56 84 90 89 103 104 132 59 33 73 22 10
split_gain=0.000247102 0.00441668 0.000405089 0.000171518 0.00104653 0.00086607 0.00273893 0.0003194 0.000281026 0.000266782 0.00276864 0.000181261 0.000105242 9.87758e-05 0.000181493 0.000251665 0.000177965 0.000156689 0.000131264 0.000205044 0.000274139 0.000334656 0.000331785 0.000265733 0.000193299 0.000316565 9.88402e-05 0.000144656 9.33188e-05 7.44989e-05
threshold=280.31944675000005 4.0050000000000008 51.087500000000006 -0.60355339059327362 88.200000000000003 88.200000000000003 19.550000000000004 1.5000000000000002 24.150000000000002 0.24405000000000002 1658.4000000000003 -1.6999999999999884 38.51250000000001 9.9500000000000011 0.0043679039444444448 0.92000000000000004 0.002339858020833334 35.815000000000005 9.2841331000000213 7.450000000000002 32.922448979591842 44.150000000000013 1468.6000000000004 0.65000000000000013 1.5000000000000002 9.3611500000000021 -0.14172542804663846 41.95000000000001 7.5000000000000009 8.3450000000000006
decision_type=2 2 2 2 2 2 2 2 2 2 2 2 2 2 2 2 2 2 2 2 2 2 2 2 2 2 2 2 2 2
left_child=2 -2 3 4 7 9 -7 8 11 13 -11 -1 -3 14 16 -16 28 -18 19 29 21 22 23 -21 25 -20 -26 -28 -5 -15
right_child=1 12 -4 5 -6 6 -8 -9 -10 10 -12 -13 -14 18 15 -17 17 -19 24 20 -22 -23 -24 -25 26 -27 27 -29 -30 -31
leaf_value=0 0.00038640549689253258 0 -0.00010633654960272705 -2.7200995263311517e-05 -0.00022149921475923706 -8.0755375322321601e-06 0.0004187922460131142 0 0 0.00037924058275986649 -5.7528865102167733e-05 -0.00012714548884483519 -5.0109779281986757e-05 7.0114389318208124e-06 -0.00012981963544990394 0 0 8.5742031860932275e-05 -0.00012235009603280464 3.4765868612706939e-06 0.00015378203551421701 -1.550779424361592e-05 0 0.00015770577692002957 -2.1515465403899978e-05 0 0 7.4846262869419965e-05 0 -4.398146452709107e-06
leaf_weight=79 76 221 89 615 57 64 51 3472 111 50 82 124 167 3334 73 55 238 84 94 150 52 297 243 97 358 67 359 78 850 2021
leaf_count=79 76 221 89 615 57 64 51 3472 111 50 82 124 167 3334 73 55 238 84 94 150 52 297 243 97 358 67 359 78 850 2021
internal_value=2.77119e-07 3.63335e-05 -6.11255e-07 0 -8.77211e-06 3.77904e-06 0.000140106 -4.19146e-06 -5.24035e-05 1.51576e-06 7.19276e-05 -8.76601e-05 -2.02009e-05 0 -9.55628e-06 -6.92132e-05 -2.4504e-06 2.6868e-05 3.17234e-06 6.38649e-06 2.98503e-05 1.51317e-05 4.388e-05 8.45973e-05 -1.24127e-05 -6.23954e-05 0 1.35917e-05 -1.2319e-05 1.77186e-06
internal_weight=13708 464 13244 13155 3843 9312 115 3786 314 9197 132 203 388 9065 1915 128 1787 322 7150 6194 839 787 490 247 956 161 795 437 1465 5355
internal_count=13708 464 13244 13155 3843 9312 115 3786 314 9197 132 203 388 9065 1915 128 1787 322 7150 6194 839 787 490 247 956 161 795 437 1465 5355
is_linear=0
shrinkage=0.05


Tree=161
num_leaves=31
num_cat=0
split_feature=83 136 77 14 81 32 160 90 133 133 90 22 142 93 77 25 67 142 133 138 91 76 140 1 36 18 85 8 1 80
split_gain=0.000283997 0.00262121 0.000269882 0.000196311 0.00184608 0.000350702 0.000605361 0.000214724 0.0016522 0.000462811 0.00018859 0.000881368 0.000196585 0.000265232 0.000241346 0.00030341 0.000165918 0.000152349 0.000145875 0.000167978 0.000180114 0.000313116 0.000414194 0.000134174 0.000109527 9.94985e-05 9.77551e-05 9.5391e-05 0.000150345 6.44195e-05
threshold=33.550000000000004 0.6100000000000001 278.86763515000007 0.061309237500000009 37.650000000000013 10.450000000000001 0.034846938775510213 24.620408163265314 87.315000000000012 88.200000000000003 21.780612244897963 1.0000000180025095e-35 735.72307543921795 267.48674725000006 283.98948685000011 6.5000000000000009 14.850000000000003 640.00813109452349 38.060000000000009 7.9150000000000009 19.450000000000003 1.0000000180025095e-35 56.040000000000006 0.41087726350000003 276.08673980000009 0.0071375000000000006 269.49592565000006 0.053811235769425307 0.13423565300000004 23.887500000000006
decision_type=2 2 2 2 2 2 2 2 2 2 2 2 2 2 2 2 2 2 2 2 2 2 2 2 2 2 2 2 2 2
left_child=3 2 -2 7 5 6 -5 9 18 10 23 -12 14 -14 15 -13 17 -16 -9 20 -20 22 -22 24 29 26 -26 28 -17 -1
right_child=1 -3 -4 4 -6 -7 -8 8 -10 -11 11 12 13 -15 16 27 -18 -19 19 -21 21 -23 -24 -25 25 -27 -28 -29 -30 -31
leaf_value=-3.3757284789578349e-06 -6.6209954194105418e-05 0.00034478675968397304 2.6803080452995602e-05 0 0.00030925946935620336 8.3405482647112169e-05 -0.00018387178708993211 5.8637577167331697e-07 -0.00026237095937038695 0.0001329189516001128 0.00018195221572860206 9.1086849893895076e-05 0.00010875050625658657 0 -0.00011748936969673437 0 0 0 0 0 -0.00012065005724647372 0 -2.5607530177904446e-06 -8.5534604800426779e-05 -6.2546985909739313e-05 0 0 -6.5769663866645982e-05 5.8568090830990799e-05 6.5674627900195293e-06
leaf_weight=4779 138 60 102 115 52 51 59 1920 65 66 77 96 100 160 97 990 72 50 455 496 218 132 259 50 199 98 119 53 110 2470
leaf_count=4779 138 60 102 115 52 51 59 1920 65 66 77 96 100 160 97 990 72 50 455 496 218 132 259 50 199 98 119 53 110 2470
internal_value=2.05786e-07 4.84702e-05 -5.98534e-06 -5.04766e-07 4.04073e-05 -6.96948e-07 -5.42548e-05 -1.75157e-06 -1.24527e-05 1.68514e-06 2.36311e-07 1.52289e-05 4.80686e-06 4.51228e-05 0 6.08382e-06 -5.03217e-05 -8.10361e-05 -6.27424e-06 -1.79161e-05 -2.94074e-05 -4.74132e-05 -6.713e-05 -2.62486e-06 -1.42071e-06 -2.6339e-05 -4.10687e-05 0 2.108e-06 0
internal_weight=13708 300 240 13408 277 225 174 13131 3545 9586 9520 1805 1728 260 1468 1249 219 147 3480 1560 1064 609 477 7715 7665 416 318 1153 1100 7249
internal_count=13708 300 240 13408 277 225 174 13131 3545 9586 9520 1805 1728 260 1468 1249 219 147 3480 1560 1064 609 477 7715 7665 416 318 1153 1100 7249
is_linear=0
shrinkage=0.05


Tree=162
num_leaves=31
num_cat=0
split_feature=83 136 77 14 81 32 160 90 133 133 90 19 15 128 4 111 86 141 137 103 81 91 137 19 128 93 90 75 49 16
split_gain=0.00025666 0.00236857 0.000244788 0.000179866 0.00166699 0.000314032 0.000550404 0.000194482 0.00149218 0.000418381 0.000171959 0.00133214 0.000163979 0.000271014 0.000319429 0.000272044 0.000280864 0.00016239 0.000226481 0.000245319 0.000168866 0.000202582 0.000142736 0.000128237 0.000121536 0.000113575 0.000110165 0.000118882 0.000116726 8.63293e-05
threshold=33.550000000000004 0.6100000000000001 278.86763515000007 0.061309237500000009 37.650000000000013 10.450000000000001 0.034846938775510213 24.620408163265314 87.315000000000012 88.200000000000003 21.780612244897963 0.008150000000000001 0.00044062500000000004 9.0361655385470883 2.7200000000000006e-06 12.750000000000002 3.5000000000000004 36.960000000000001 0.92500000000000016 1167.7500000000002 35.350000000000001 19.450000000000003 0.74500000000000011 0.0050742857142857135 9.4398986113331897 267.42453710000007 11.769331526648601 16.550000000000004 961.85000000000002 0.085000000000000006
decision_type=2 2 2 2 2 2 2 2 2 2 2 2 2 2 2 2 2 2 2 2 2 2 2 2 2 2 2 2 2 2
left_child=3 2 -2 7 5 6 -5 9 17 10 23 12 22 -14 15 16 -15 -9 20 -20 -19 -22 -12 -1 -25 -24 -26 28 -28 -27
right_child=1 -3 -4 4 -6 -7 -8 8 -10 -11 11 -13 13 14 -16 -17 -18 18 19 -21 21 -23 25 24 26 29 27 -29 -30 -31
leaf_value=-5.0469762340341635e-08 -6.2923272381416284e-05 0.0003278300252773601 2.5475937251578159e-05 0 0.00029408824901076759 7.9315405987997041e-05 -0.00017483142727724044 0 -0.00024945117001676188 0.00012637219751000044 6.6072616282508644e-06 0.00021512473009715908 -2.3031247063337257e-05 0 7.1273988119092828e-06 0 0.00024259145559417966 0 -1.9651289991428371e-05 9.5797046078009848e-05 0 -9.3561093242314485e-05 0 0 0 0 0 0 -9.1918855133418066e-05 -5.9217407597820498e-05
leaf_weight=7181 138 60 102 115 52 51 59 2891 65 66 380 79 136 50 486 51 52 87 90 62 120 230 262 124 106 53 63 60 181 256
leaf_count=7181 138 60 102 115 52 51 59 2891 65 66 380 79 136 50 486 51 52 87 90 62 120 230 262 124 106 53 63 60 181 256
internal_value=2.12331e-07 4.60974e-05 -4.6569e-06 -4.44812e-07 3.87011e-05 0 -5.11553e-05 -1.65423e-06 -1.18478e-05 1.59477e-06 1.91382e-07 1.45315e-05 2.33576e-06 2.14823e-05 3.87899e-05 0.000106198 0.000153184 -5.9031e-06 -2.98946e-05 0 -4.99653e-05 -6.57121e-05 -8.02143e-06 -2.51707e-06 -2.62789e-05 -2.64926e-05 -4.04747e-05 -5.57722e-05 -7.13118e-05 -4.70209e-05
internal_weight=13708 300 240 13408 277 225 174 13131 3545 9586 9520 1805 1726 775 639 153 102 3480 589 152 437 350 951 7715 534 571 410 304 244 309
internal_count=13708 300 240 13408 277 225 174 13131 3545 9586 9520 1805 1726 775 639 153 102 3480 589 152 437 350 951 7715 534 571 410 304 244 309
is_linear=0
shrinkage=0.05


Tree=163
num_leaves=31
num_cat=0
split_feature=83 161 19 111 14 77 53 160 101 160 74 83 1 19 41 36 132 22 83 96 82 50 96 101 136 76 112 18 43 103
split_gain=0.00023194 0.00216719 0.000366728 0.000274214 0.000164853 0.00152342 0.000377168 0.00032391 0.000171725 0.000170607 0.000489398 0.00189404 0.000293079 0.00026062 0.000671053 0.000172518 0.000231431 0.000177764 0.000124515 0.000272117 0.000203935 0.000324632 8.78525e-05 8.17006e-05 7.73478e-05 7.69791e-05 6.35224e-05 9.32462e-05 0.000184842 0.000153054
threshold=33.550000000000004 0.47959183673469391 -0.0026557142857142851 24.450000000000003 0.061309237500000009 281.37332475000005 4.5000000000000009 0.018274582560296852 1.0285057999999767 0.28877551020408171 34.092857142857149 18.750000000000004 0.41087726350000003 -0.0063771428571428564 49.500000000000007 284.41175290000007 2.5000000000000004 1.5000000000000002 17.050000000000004 35.237500000000004 26.678000000000004 1016.0500000000001 47.912500000000009 1.904702950000001 0.33500000000000008 0.15000000000000005 268.33406435000006 0.003060416666666667 0.31350000000000006 2673.7000000000003
decision_type=2 2 2 2 2 2 2 2 2 2 2 2 2 2 2 2 2 2 2 2 2 2 2 2 2 2 2 2 2 2
left_child=4 -2 -3 -4 9 6 7 -6 -8 12 13 -12 22 14 -11 17 -17 23 25 20 21 -20 26 -15 -24 -19 -1 -28 -29 -30
right_child=1 2 3 -5 5 -7 8 -9 -10 10 11 -13 -14 15 -16 16 -18 18 19 -21 -22 -23 24 -25 -26 -27 27 28 29 -31
leaf_value=-5.3252378288278018e-06 0.00034289678808443786 -8.7780965283510597e-05 0 0.00012588913917800082 0 0.00025989322417444786 0.00010102974752160001 -0.00017670124400795501 0 0 -0.00035354877616091654 0 0.0001066745494877418 -6.2618275192149182e-05 0.00020557832716411783 -9.1572071286244536e-05 0 0 0.00014591663002231926 0 0 0 0 0 -5.7914418104153677e-05 -3.8626885544475875e-05 -1.2360231112133617e-06 -6.5374199803423135e-06 2.4418350905826378e-05 0
leaf_weight=2526 50 100 99 51 60 61 54 51 51 65 50 193 64 164 50 144 167 490 104 740 71 77 105 70 120 183 3611 1012 1883 1242
leaf_count=2526 50 100 99 51 60 61 54 51 51 65 50 193 64 164 50 144 167 490 104 740 71 77 105 70 120 183 3611 1012 1883 1242
internal_value=2.20799e-07 4.38408e-05 0 3.02928e-05 -3.85498e-07 3.70783e-05 -3.71247e-06 -8.52432e-05 3.52984e-05 -1.55931e-06 -1.32568e-05 -8.19769e-05 8.12165e-07 -3.89263e-06 6.41759e-05 -9.72351e-06 -4.51959e-05 -1.26187e-06 1.68212e-06 1.5348e-05 6.01121e-05 8.84557e-05 0 -4.34042e-05 -3.06619e-05 -1.10359e-05 8.34593e-07 3.48849e-06 8.81992e-06 1.53932e-05
internal_weight=13708 300 250 150 13408 277 216 111 105 13131 2568 243 10563 2325 115 2210 311 1899 1665 992 252 181 10499 234 225 673 10274 7748 4137 3125
internal_count=13708 300 250 150 13408 277 216 111 105 13131 2568 243 10563 2325 115 2210 311 1899 1665 992 252 181 10499 234 225 673 10274 7748 4137 3125
is_linear=0
shrinkage=0.05


Tree=164
num_leaves=31
num_cat=0
split_feature=83 136 69 13 41 46 67 89 90 133 133 90 19 15 6 66 18 141 141 76 50 94 120 1 82 43 43 22 43 16
split_gain=0.000207091 0.00209401 0.0001947 0.000151904 0.00151118 0.000653909 0.000672116 0.000481041 0.000164786 0.00133612 0.000369007 0.000166652 0.00118062 0.000160221 0.000224846 0.000160133 0.00017591 0.000140181 0.000173877 0.000250526 0.000163706 0.000180564 0.000137169 0.000124845 9.91324e-05 8.14515e-05 0.000337779 0.00176613 0.000117269 0.000118315
threshold=33.550000000000004 0.6100000000000001 278.72089930000004 0.0039296913055555565 47.500000000000007 37.500000000000007 10.65 31.150000000000002 24.620408163265314 87.315000000000012 88.200000000000003 21.780612244897963 0.008150000000000001 0.00044062500000000004 0.0011222222222222226 31.275000000000002 0.0071375000000000006 36.960000000000001 38.720000000000006 1.0000000180025095e-35 1024.4500000000003 14.500000000000002 272.84574075000006 0.41087726350000003 25.130000000000003 0.31350000000000006 0.32850000000000007 1.5000000000000002 0.37750000000000006 1.1600000000000001
decision_type=2 2 2 2 2 2 2 2 2 2 2 2 2 2 2 2 2 2 2 2 2 2 10 2 2 2 2 2 2 2
left_child=3 2 -2 8 -5 7 -7 -6 10 17 11 23 13 -13 22 -16 -17 -10 19 20 21 -19 -15 24 25 -1 27 -27 -28 -30
right_child=1 -3 -4 4 5 6 -8 -9 9 -11 -12 12 -14 14 15 16 -18 18 -20 -21 -22 -23 -24 -25 -26 26 28 -29 29 -31
leaf_value=-1.3873796123944156e-05 -6.1970573734945151e-05 0.00030685989369587456 1.2056059069775873e-05 0.0002817420723644878 0 0 0.00020691222440665809 -0.00017881726461476083 0 -0.00023582683596879925 0.00011848708613078048 -7.6192242955798283e-06 0.00020322015569229279 0.00011174325934502625 -6.8993017645066208e-06 0 9.2812940454773768e-05 0 0 0 0 -0.00011020287056696059 0 -8.2785981985758632e-05 -1.8833764367578229e-05 0.00029711172854028222 -6.7423673611606327e-06 0 0 2.1758856326280898e-05
leaf_weight=866 123 60 117 51 54 54 50 72 2881 65 66 951 79 100 456 67 94 58 198 80 59 194 53 50 743 59 3269 319 1491 929
leaf_count=866 123 60 117 51 54 54 50 72 2881 65 66 951 79 100 456 67 94 58 198 80 59 194 53 50 743 59 3269 319 1491 929
internal_value=1.27199e-07 4.13844e-05 -5.23542e-06 -4.26053e-07 3.52162e-05 0 6.92239e-05 -9.43948e-05 -1.57251e-06 -1.09802e-05 1.37413e-06 2.55434e-08 1.41998e-05 2.50655e-06 2.14913e-05 0 4.83416e-05 -5.26112e-06 -2.75105e-05 -4.74132e-05 -6.95115e-05 -8.70419e-05 7.7217e-05 -2.6311e-06 -1.44698e-06 0 2.46085e-06 4.82188e-05 0 7.72618e-06
internal_weight=13708 300 240 13408 281 230 104 126 13127 3535 9592 9526 1800 1721 770 617 161 3470 589 391 311 252 153 7726 7676 6933 6067 378 5689 2420
internal_count=13708 300 240 13408 281 230 104 126 13127 3535 9592 9526 1800 1721 770 617 161 3470 589 391 311 252 153 7726 7676 6933 6067 378 5689 2420
is_linear=0
shrinkage=0.05


Tree=165
num_leaves=31
num_cat=0
split_feature=2 35 133 81 69 83 75 91 43 114 107 114 50 131 126 83 29 84 29 133 112 117 35 93 93 126 29 0 7 92
split_gain=0.000211483 0.000284527 0.00172506 0.000445569 0.000335481 0.00115156 0.000193907 0.000242928 0.000150824 0.000528403 0.000850962 0.000146617 0.000142357 0.000131908 0.000236724 0.000304667 0.000210741 0.00012297 0.000925613 0.000122339 0.000113612 0.000108771 0.000137822 0.000111323 0.000165136 0.000108424 0.00083343 0.00015256 0.000115976 0.000104802
threshold=0.0049793635000000011 290.92483360000006 82.02000000000001 54.850000000000009 289.77750380000003 19.050000000000004 19.450000000000003 12.550000000000002 0.38150000000000006 34.150000000000013 7.9500000000000011 29.050000000000004 1023.1500000000002 64.936761357106477 30.500000000000004 17.150000000000002 45.900000000000006 13.150000000000004 28.450000000000003 4.2550000000000008 293.65994575000008 0.15000000000000005 267.76783245000007 264.72008965000003 267.94758585000005 28.500000000000004 51.100000000000009 0.24405000000000002 0.18355000000000002 1.0000000180025095e-35
decision_type=2 2 2 2 2 2 2 2 2 2 2 2 2 2 2 2 2 2 2 2 2 2 2 2 2 2 2 2 2 2
left_child=1 3 -3 4 8 -6 7 12 13 17 -11 21 -2 14 15 -1 -17 19 -19 -10 -16 22 -9 -24 -25 26 28 -27 -15 -21
right_child=6 2 -4 -5 5 -7 -8 11 9 10 -12 -13 -14 25 20 16 -18 18 -20 29 -22 -23 23 24 -26 27 -28 -29 -30 -31
leaf_value=0 5.8915930480851129e-05 -2.6337920278168185e-06 -0.00029382833038669147 0.00013355555593245135 0.00027121554348245722 0 6.4055248353971639e-06 0 7.3251215985612622e-05 0.00026175403207330587 0 0 -2.2624601859779556e-05 6.8090818188693307e-06 -4.2672139955230247e-06 -2.6261438379071265e-05 -0.00015233822209583282 0.00018909141555583728 0 1.7245586941861079e-05 6.4953197204170568e-05 0 0 -0.00020182950183277628 -1.8822297154775552e-05 -8.7687521981483894e-07 0.00017903750418554412 -8.6071982531983951e-05 -5.4788856780810922e-05 -5.8146399132288408e-06
leaf_weight=368 80 887 56 65 50 90 128 62 56 53 66 141 145 1661 1464 339 87 74 157 597 60 56 67 79 106 4069 71 56 71 2488
leaf_count=368 80 887 56 65 50 90 128 62 56 53 66 141 145 1661 1464 339 87 74 157 597 60 56 67 79 106 4069 71 56 71 2488
internal_value=-8.1823e-07 4.09487e-07 -2.55159e-05 2.87731e-06 1.73001e-06 7.86662e-05 -2.48871e-05 -3.71148e-05 3.79713e-07 9.44654e-06 0.00011447 -5.62942e-05 0 -2.85319e-06 -1.30737e-05 -3.5256e-05 -6.40156e-05 4.22499e-06 3.98075e-05 4.94639e-09 0 -7.32218e-05 -8.47221e-05 -0.000101483 -0.000124518 3.01503e-07 1.1232e-05 -3.26587e-06 1.36866e-06 0
internal_weight=13749 12885 943 11942 11877 140 864 736 11737 3491 119 511 225 8246 2318 794 426 3372 231 3141 1524 370 314 252 185 5928 1803 4125 1732 3085
internal_count=13749 12885 943 11942 11877 140 864 736 11737 3491 119 511 225 8246 2318 794 426 3372 231 3141 1524 370 314 252 185 5928 1803 4125 1732 3085
is_linear=0
shrinkage=0.05


Tree=166
num_leaves=31
num_cat=0
split_feature=2 112 133 81 18 8 133 84 88 142 89 83 75 90 18 128 88 114 96 112 81 63 53 141 103 137 61 19 0 8
split_gain=0.000195783 0.000276722 0.00170228 0.00134965 0.000257695 0.000245943 0.00023338 0.00241574 0.000695465 0.000230919 0.000187387 0.000225302 0.000184897 0.000252327 0.00015296 0.000159072 0.000150891 0.000145639 0.000145186 0.000168284 0.000124388 0.000123376 0.000110615 0.000106437 0.000109208 0.000101343 9.88667e-05 0.00173772 0.000336307 9.75151e-05
threshold=0.0049793635000000011 289.74140840000007 87.64500000000001 54.850000000000009 0.063537500000000011 0.0085327799632802081 82.02000000000001 14.550000000000002 38.112500000000004 657.85111158034476 31.150000000000002 15.850000000000003 19.450000000000003 13.566326530612246 0.0044916666666666672 9.7914939505541039 18.887500000000006 29.050000000000004 48.937500000000007 276.31688940000009 24.950000000000003 21.279800000000005 202.50000000000003 35.760000000000012 1151.1000000000001 18.300000000000004 169.55000000000004 0.0029428571428571394 0.24405000000000002 0.05116026572753498
decision_type=2 2 2 2 2 2 2 2 2 2 2 2 2 2 2 2 2 2 2 2 2 2 2 2 2 2 2 2 2 2
left_child=1 3 4 6 5 14 18 8 10 -7 20 -12 13 16 -3 -16 -2 21 22 -20 -8 -15 25 -24 -25 26 27 29 -28 -1
right_child=12 2 -4 -5 -6 9 7 -9 -10 -11 11 -13 -14 17 15 -17 -18 -19 19 -21 -22 -23 23 24 -26 -27 28 -29 -30 -31
leaf_value=2.704830521626712e-06 -1.4813853945475772e-05 -6.5183328349430926e-06 -0.00029886458941392552 0.00025068922620729694 8.0290520042634693e-05 -5.9772516311068345e-05 -1.152482838247322e-05 0.00035081322007196532 0.00014859925634943692 0 -9.5049349091414783e-05 0 6.0877313197392649e-06 -8.5766062132468948e-05 0.0001015280186913662 0 7.7049251423184681e-05 0 0 -8.425741376432619e-05 7.0140249338038026e-05 0 0 -9.5655677952108126e-05 -4.4132039079506228e-06 6.6208730147569657e-05 1.4069023795722261e-06 0.0002468457935710352 -8.2239648260286634e-05 -6.6805489775518097e-05
leaf_weight=990 176 406 53 54 67 396 229 53 68 68 137 55 128 306 73 71 56 141 74 109 56 57 1274 78 359 68 7899 75 121 52
leaf_count=990 176 406 53 54 67 396 229 53 68 68 137 55 128 306 73 71 56 141 74 109 56 57 1274 78 359 68 7899 75 121 52
internal_value=-8.28406e-07 3.3776e-07 -2.27597e-05 2.99393e-06 -4.33786e-06 -1.49294e-05 1.40167e-06 3.18183e-05 0 -4.25299e-05 -2.12094e-05 -5.95096e-05 -2.39803e-05 -3.59949e-05 0 5.01795e-05 0 -5.60357e-05 0 -4.42458e-05 0 -7.31887e-05 5.01856e-07 -1.05555e-05 -3.22958e-05 3.10121e-06 2.07719e-06 1.60108e-05 0 0
internal_weight=13749 12885 1134 11751 1081 1014 11697 598 545 464 477 192 864 736 550 144 232 504 11099 183 285 363 10916 1711 437 9205 9137 1117 8020 1042
internal_count=13749 12885 1134 11751 1081 1014 11697 598 545 464 477 192 864 736 550 144 232 504 11099 183 285 363 10916 1711 437 9205 9137 1117 8020 1042
is_linear=0
shrinkage=0.05


Tree=167
num_leaves=31
num_cat=0
split_feature=35 138 81 69 134 43 116 85 139 93 108 67 90 9 34 14 32 30 105 43 93 120 21 74 138 14 63 75 135 73
split_gain=0.000178361 0.00159527 0.000366017 0.000319428 0.0010589 0.000168046 0.000378463 0.000254988 0.000249351 0.000153338 0.00014142 0.00013081 0.000290182 0.000124831 0.000253552 0.00103976 0.000179743 0.000175884 0.00019377 0.000172813 0.000218801 0.00012112 0.000227503 0.000270705 0.000343879 0.000116462 0.000202905 0.000113727 0.000288921 0.000226935
threshold=290.92483360000006 2.8900000000000001 54.250000000000007 289.77750380000003 6.6000000000000005 0.37650000000000006 293.74869935000009 276.30054925000007 93.65491565332664 264.54216960000002 281.38028880000007 12.050000000000002 25.844897959183676 0.66729166666666673 0.33475322749048692 0.0087279100000000019 14.350000000000003 -2.1671428571428568 39.500000000000007 0.27950000000000008 271.47531805000006 270.06036215000006 0.61805555555555569 19.157142857142862 6.4750000000000005 0.018163198500000002 13.128600000000002 9.6500000000000004 8.4550000000000018 32.550000000000004
decision_type=2 2 2 2 2 2 2 2 2 2 2 2 2 2 2 2 2 2 2 2 2 8 2 2 2 2 2 2 2 2
left_child=2 -2 3 5 -5 8 7 11 13 -3 -10 12 27 21 16 -16 17 -15 19 -19 -21 22 23 24 -1 -11 -27 -7 29 -29
right_child=1 9 -4 4 -6 6 -8 -9 10 25 -12 -13 -14 14 15 -17 -18 18 -20 20 -22 -23 -24 -25 -26 26 -28 28 -30 -31
leaf_value=0.00017367813864182564 -0.00021848696107026042 -5.0184894094585342e-05 0.00010329761001590076 0.00025932684748327387 0 0 0.00014190329421220462 -3.8168040733901886e-05 0 0 -0.00012445531088057276 0 0.00010561729535088401 0 0.00020223892410340069 0 0 0 0 -6.7319322225851819e-05 0 -2.9338215662993604e-06 -3.5350169575739301e-06 6.668544651076538e-06 0 5.9849544974895265e-05 0 9.292801255585901e-05 0 0
leaf_weight=77 92 134 85 50 105 951 52 302 50 486 71 2125 101 767 66 483 717 187 448 723 264 3272 432 534 86 234 57 200 541 57
leaf_count=77 92 134 85 50 105 951 52 302 50 486 71 2125 101 767 66 483 717 187 448 723 264 3272 432 534 86 234 57 200 541 57
internal_value=-7.64883e-07 -2.12023e-05 4.52654e-07 0 7.08254e-05 -1.13236e-06 6.30541e-06 3.45525e-06 -5.68168e-06 0 -7.90138e-05 7.88392e-06 1.76121e-05 -3.95e-06 -1.09158e-05 1.60083e-05 -1.72876e-05 -2.40111e-05 -3.34652e-05 -4.42628e-05 -5.26051e-05 7.0034e-07 1.56507e-05 3.46933e-05 9.54164e-05 7.46417e-06 3.38459e-05 9.61549e-06 2.36293e-05 6.72961e-05
internal_weight=13749 1003 12746 12661 155 12506 4329 4277 8177 911 121 3975 1850 8056 3655 549 3106 2389 1622 1174 987 4401 1129 697 163 777 291 1749 798 257
internal_count=13749 1003 12746 12661 155 12506 4329 4277 8177 911 121 3975 1850 8056 3655 549 3106 2389 1622 1174 987 4401 1129 697 163 777 291 1749 798 257
is_linear=0
shrinkage=0.05


Tree=168
num_leaves=31
num_cat=0
split_feature=29 33 35 86 86 100 50 123 29 92 74 19 108 134 77 81 41 89 19 84 100 90 19 22 111 138 84 19 115 44
split_gain=0.000170501 0.00166502 0.00416934 0.000332057 0.000333167 0.000345041 0.000642157 0.000265406 0.000207086 0.000202993 0.000543082 0.00200439 0.000205575 0.000491309 0.000185542 0.000180087 0.000167381 0.000269244 0.000132767 0.00012925 0.000313307 0.0001162 0.000752714 0.000254387 0.0002632 0.000454958 0.00012227 0.00027719 0.000183177 0.000348574
threshold=28.600000000000005 0.9757051542275087 280.51584670000005 10.500000000000002 4.5000000000000009 -4.2499999999999991 1002.0500000000001 -0.37940952255126059 23.950000000000003 14.150000000000004 34.092857142857149 -0.0043614285714285725 290.16319625000006 5.080000000000001 276.13041500000003 44.550000000000004 37.500000000000007 34.850000000000001 0.0039700000000000056 2.7500000000000009 -2.0999999999999654 21.36224489795919 0.0088414285714285713 1.0000000180025095e-35 3.1500000000000008 6.4150000000000009 0.15000000000000005 -0.0026485714285714285 13.15 302.50000000000006
decision_type=2 2 2 2 2 2 2 2 2 2 2 2 2 2 2 2 2 2 2 2 2 2 2 2 2 2 2 2 2 2
left_child=1 3 -3 4 14 6 -6 -5 -8 21 12 -12 18 -14 19 -9 -16 -18 -11 -1 -21 23 26 24 -2 -26 -23 -28 -29 -30
right_child=9 2 -4 7 5 -7 8 15 -10 10 11 -13 13 -15 16 -17 17 -19 -20 20 -22 22 -24 -25 25 -27 27 28 29 -31
leaf_value=0 0 0 0.00049358884000553864 0 0 0 0 0 0.00027396047705014311 -6.9272511166590677e-06 -0.00036945898851020812 0 0.00014852817137011697 0 0 -0.00014620397543046564 0 -8.2975397622575488e-05 -6.4210199520464722e-05 0 0.00013876909924457308 -9.6604388720240314e-06 0.00015047577240713712 -1.0104812493075312e-06 -0.00014070733382260899 0 -1.8133978668195784e-05 0 0.00013520596986665468 1.8426601495549558e-05
leaf_weight=1227 50 92 60 68 69 195 51 71 51 1404 50 176 63 306 77 86 220 215 161 52 60 1137 89 5370 128 188 473 373 92 1095
leaf_count=1227 50 92 60 68 69 195 51 71 51 1404 50 176 63 306 77 86 220 215 161 52 60 1137 89 5370 128 188 473 373 92 1095
internal_value=-7.49167e-07 1.03044e-05 0.000170315 0 6.16131e-06 4.99895e-05 0.000101721 -5.74512e-05 0.000181287 -3.76847e-06 -1.75542e-05 -9.26964e-05 -6.14604e-06 2.22764e-05 0 -9.44491e-05 -2.77689e-05 -4.32093e-05 -1.60503e-05 7.1381e-06 5.88534e-05 0 7.05726e-06 -4.72599e-06 -4.54652e-05 -6.68493e-05 1.40771e-06 1.00577e-05 2.18148e-05 3.17927e-05
internal_weight=13749 2594 152 2442 2217 366 171 225 102 11155 2160 226 1934 369 1851 157 512 435 1565 1339 112 8995 3259 5736 366 316 3170 2033 1560 1187
internal_count=13749 2594 152 2442 2217 366 171 225 102 11155 2160 226 1934 369 1851 157 512 435 1565 1339 112 8995 3259 5736 366 316 3170 2033 1560 1187
is_linear=0
shrinkage=0.05


Tree=169
num_leaves=31
num_cat=0
split_feature=35 139 81 69 134 2 86 90 75 35 74 59 14 101 11 138 134 31 82 43 115 19 66 67 15 77 30 81 15 21
split_gain=0.000166498 0.00148991 0.000318795 0.000277477 0.000938214 0.000233577 0.000219539 0.000338853 0.000266779 0.000155605 0.000144918 0.000124028 0.000119705 0.000119553 0.000303231 0.00053924 0.000302263 0.000216782 0.000234742 0.0001226 0.000731325 0.000824266 0.000118642 0.000145949 0.000200727 0.000135728 0.000107432 9.56115e-05 7.26674e-05 0.000158403
threshold=290.92483360000006 88.861231950955485 54.250000000000007 289.77750380000003 6.6000000000000005 0.0040711290000000006 8.5000000000000018 13.697669376693769 16.850000000000005 268.03537880000005 16.878571428571433 2.5887500000000006 0.015330573500000002 -5.4909283499999892 0.0025682991041666671 5.1850000000000014 13.275000000000002 22.950000000000003 24.922000000000004 0.42650000000000005 13.250000000000002 -0.00022857142857142865 19.725000000000005 14.050000000000002 0.0070322916666666685 283.32749210000003 -1.9414285714285726 32.850000000000001 0.0031416666666666667 0.4513888888888889
decision_type=2 2 2 2 2 2 2 2 2 2 2 2 2 2 2 2 2 2 2 2 2 2 2 2 2 2 2 2 2 2
left_child=2 12 3 5 -5 13 7 10 9 -9 -7 -11 -2 14 -1 -16 17 -17 -19 22 -21 -22 25 24 27 -15 -14 -24 29 -28
right_child=1 -3 -4 4 -6 6 -8 8 -10 11 -12 -13 26 19 15 16 -18 18 -20 20 21 -23 23 -25 -26 -27 28 -29 -30 -31
leaf_value=0 -2.0096478836950822e-05 -0.00027209173385797062 9.6409915749127114e-05 0.00024356507702684798 0 -1.1000024474518139e-05 1.9484334755521518e-06 0 0 0 7.9996637030909859e-05 -0.00012130389809586222 0 4.1730797224911561e-06 0 0 0 0.0002529274956618589 0 0 0.00028437161022998677 0 0 0 -0.00010008689767082322 -4.0344271905877282e-05 0.00010311914695695782 -2.6557336083768085e-05 0 0
leaf_weight=1029 545 55 85 50 105 243 232 78 145 53 51 227 118 4724 115 50 67 66 50 673 50 52 1144 2441 92 165 86 759 59 140
leaf_count=1029 545 55 85 50 105 243 232 78 145 53 51 227 118 4724 115 50 67 66 50 673 50 52 1144 2441 92 165 86 759 59 140
internal_value=-7.3219e-07 -2.04834e-05 4.31292e-07 0 6.60219e-05 -1.04685e-06 -2.40107e-05 -3.78258e-05 -6.28191e-05 -8.60112e-05 0 -0.000104095 -3.45781e-07 5.78328e-07 1.46438e-05 5.4944e-05 0.000101309 0.0001375 0.000177814 -8.45567e-07 1.74114e-05 0.000141544 -2.90074e-06 -9.03155e-06 -1.90821e-05 1.64022e-06 1.39716e-05 -1.24893e-05 3.48545e-05 4.82793e-05
internal_weight=13749 1003 12746 12661 155 12506 1029 797 503 358 294 280 948 11477 1377 348 233 166 116 10100 775 102 9325 4436 1995 4889 403 1903 285 226
internal_count=13749 1003 12746 12661 155 12506 1029 797 503 358 294 280 948 11477 1377 348 233 166 116 10100 775 102 9325 4436 1995 4889 403 1903 285 226
is_linear=0
shrinkage=0.05


Tree=170
num_leaves=31
num_cat=0
split_feature=41 137 52 33 139 42 69 23 120 134 19 103 88 138 61 0 89 88 122 15 69 6 44 75 32 3 131 19 35 11
split_gain=0.000150759 0.000406317 0.00020776 0.00140512 0.000263325 0.000127485 0.000314745 0.000261702 0.000299528 0.000271299 9.22579e-05 0.000275037 0.000163568 0.000135284 0.000151452 0.0014321 0.000139038 0.000267153 0.000210358 0.000143362 0.000128133 0.00016384 0.00010452 0.000101116 8.85733e-05 0.00025806 0.00041662 8.07407e-05 0.00021232 0.000326522
threshold=35.500000000000007 1.0000000180025095e-35 124.50000000000001 0.9757051542275087 93.65491565332664 0.6150000000000001 289.77750380000003 21.947916666666668 268.18022475000004 6.8100000000000014 -0.004302857142857143 1831.2500000000002 48.32500000000001 4.4600000000000009 154.25000000000003 0.093650000000000025 39.45000000000001 42.88750000000001 15.500000000000002 0.0017010416666666669 273.92880030000009 0.0087812500000000026 302.50000000000006 24.650000000000002 8.5500000000000025 0.063342813000000012 86.769874021242742 -0.00043714285714285697 275.27841445000007 0.0035645541319444447
decision_type=2 2 2 2 2 2 2 2 10 2 2 2 2 2 2 2 2 2 2 2 2 2 2 2 2 2 2 2 2 2
left_child=1 -1 5 4 24 6 10 8 9 -7 11 20 13 16 15 -15 -12 19 -19 22 -2 -22 -18 -24 25 -4 -27 28 -16 -30
right_child=2 -3 3 -5 -6 7 -8 -9 -10 -11 12 -13 -14 14 27 -17 17 18 -20 -21 21 -23 23 -25 -26 26 -28 -29 29 -31
leaf_value=-0.00014494347861483277 0 -3.4513896260879559e-06 0 0.00025815225931444854 0.00010853419142729196 -0.00021669552586480188 0.00010041629925427668 0 0 0 0 0 6.7496649000935979e-05 0 0 0.00022604392111099538 0 0 9.5437023352996364e-05 0 0 -8.6407462671060414e-05 -7.7045990325473216e-05 0 -4.3704900160009547e-06 0.00018498357118534674 0 -3.8971661767212713e-06 1.0015871792635001e-05 0.00013568266311127586
leaf_weight=65 84 693 398 58 60 51 76 735 158 53 1508 936 89 554 1403 78 82 117 58 149 143 221 359 77 1365 54 81 3350 618 77
leaf_count=65 84 693 398 58 60 51 76 735 158 53 1508 936 89 554 1403 78 82 117 58 149 143 221 359 77 1365 54 81 3350 618 77
internal_value=-5.28564e-07 -2.23472e-05 3.61214e-07 1.54164e-05 5.5456e-06 -1.94967e-06 0 -1.90042e-05 -6.2114e-05 -0.000129597 -1.02659e-06 -1.31633e-05 3.59591e-07 0 3.57456e-06 2.68496e-05 -1.05265e-05 -2.68581e-05 8.07988e-06 -4.35081e-05 -4.54518e-05 -5.84716e-05 -5.59194e-05 -6.56633e-05 0 1.91261e-05 7.86134e-05 0 8.48048e-06 3.12975e-05
internal_weight=13750 758 12992 2016 1958 10976 9979 997 262 104 9903 1384 8519 8430 6080 632 2350 842 175 667 448 364 518 436 1898 533 135 5448 2098 695
internal_count=13750 758 12992 2016 1958 10976 9979 997 262 104 9903 1384 8519 8430 6080 632 2350 842 175 667 448 364 518 436 1898 533 135 5448 2098 695
is_linear=0
shrinkage=0.05


Tree=171
num_leaves=31
num_cat=0
split_feature=41 137 52 33 139 47 84 84 104 67 67 138 84 29 16 66 26 119 27 93 93 2 11 103 89 45 96 141 103 141
split_gain=0.000140349 0.000363093 0.000191134 0.00126743 0.00023803 0.000111031 0.00107187 0.00018778 0.000242135 0.000140545 0.000131357 0.000117589 0.000229477 0.000520751 0.000152953 0.000335787 0.000100502 0.000119327 0.00022509 9.70377e-05 0.00015647 0.000149246 0.000148381 0.000425537 0.000160415 9.2671e-05 0.000377522 0.00016635 0.000547697 0.000110475
threshold=35.500000000000007 1.0000000180025095e-35 124.50000000000001 0.9757051542275087 93.65491565332664 1.5000000000000002 21.250000000000007 17.750000000000007 4.1500000000000012 14.350000000000003 11.250000000000002 5.4800000000000013 15.050000000000002 31.750000000000004 8.1550000000000011 17.625000000000004 9.5000000000000018 11.450000000000001 1941.4500000000003 264.72008965000003 264.91240900000008 0.0040711290000000006 0.0021637427500000007 1400.25 40.95000000000001 99.500000000000014 50.912500000000001 38.640000000000008 1167.7500000000002 28.635000000000002
decision_type=2 2 2 2 2 2 2 2 2 2 2 2 2 2 2 2 2 10 2 2 2 2 2 2 2 2 2 2 2 2
left_child=1 -1 5 4 19 6 16 11 9 -9 -10 25 14 -14 -13 -16 -2 -18 -19 -4 -21 22 -22 24 -24 27 -27 29 -29 -7
right_child=2 -3 3 -5 -6 7 -8 8 10 -11 -12 12 13 -15 15 -17 17 18 -20 20 21 -23 23 -25 -26 26 -28 28 -30 -31
leaf_value=-0.00013780611075741366 -3.0572578756582777e-06 -3.279068535951204e-06 -1.8865177675917883e-05 0.00024546342603941215 0.00010319644416413809 3.3216729287531228e-06 0.00023391632959115385 -8.2609932984198858e-05 7.6653370910611957e-05 0 -9.540077738568126e-06 2.4306284653672679e-06 0.00018963839569379455 0 0 -0.00011606986956352241 0 0.00013180107622160687 0 9.4664235158756197e-05 0 -4.6488369208418591e-05 0 0 0.00017742635133477199 -9.0071415276894925e-06 -0.00013806155312433036 0.00018501597058905017 0 -2.9223283405319643e-05
leaf_weight=65 1913 693 414 58 60 648 50 232 53 148 121 3862 52 78 50 88 330 62 61 53 940 119 57 254 61 2737 65 51 55 320
leaf_count=65 1913 693 414 58 60 648 50 232 53 148 121 3862 52 78 50 88 330 62 61 53 940 119 57 254 61 2737 65 51 55 320
internal_value=-5.15021e-07 -2.1569e-05 3.30087e-07 1.4784e-05 5.2767e-06 -1.87033e-06 6.77336e-06 -4.8945e-06 -3.37821e-05 -5.70196e-05 0 -2.2671e-06 2.71513e-06 6.79103e-05 0 -5.08602e-05 0 2.2672e-05 6.54809e-05 0 7.99402e-06 1.22853e-06 9.39669e-06 3.61293e-05 0.000114155 -8.86482e-06 -1.38329e-05 0 6.19591e-05 -2.29609e-06
internal_weight=13750 758 12992 2016 1958 10976 2416 8560 554 380 174 8006 4130 130 4000 138 2366 453 123 1898 1484 1431 1312 372 118 3876 2802 1074 106 968
internal_count=13750 758 12992 2016 1958 10976 2416 8560 554 380 174 8006 4130 130 4000 138 2366 453 123 1898 1484 1431 1312 372 118 3876 2802 1074 106 968
is_linear=0
shrinkage=0.05


Tree=172
num_leaves=31
num_cat=0
split_feature=41 128 52 33 139 42 23 120 134 133 35 32 93 3 84 131 76 50 83 21 90 88 126 136 140 49 91 134 138 128
split_gain=0.000131102 0.000348395 0.000176029 0.00114258 0.000214895 0.000122466 0.000238185 0.000267686 0.000229069 0.000182105 0.00207348 0.000101899 8.80665e-05 0.000159897 0.000478883 0.00116016 8.71901e-05 8.14737e-05 0.00031109 0.000150895 0.000152046 0.000363251 0.000452155 0.000528945 0.000645791 0.000566179 0.000130926 0.000216885 6.38188e-05 6.11851e-05
threshold=35.500000000000007 8.3844366951598737 124.50000000000001 0.9757051542275087 93.65491565332664 0.6150000000000001 21.947916666666668 268.18022475000004 6.8100000000000014 88.200000000000003 272.40926080000003 4.7500000000000009 264.72008965000003 0.063342813000000012 1.0000000180025095e-35 86.769874021242742 7.7500000000000018 1016.1500000000002 33.550000000000004 0.57638888888888895 21.780612244897963 37.287500000000009 54.500000000000007 0.96500000000000008 34.675000000000004 963.95000000000016 33.550000000000004 8.3850000000000016 3.1950000000000007 10.475102485556947
decision_type=2 2 2 2 2 2 2 10 2 2 2 2 2 2 2 2 2 2 2 2 2 2 2 2 2 2 2 2 2 2
left_child=1 -1 5 4 12 9 7 8 -7 16 -11 -3 28 -14 15 -15 17 18 19 20 -2 22 23 24 -22 -26 -19 -28 -4 -21
right_child=2 11 3 -5 -6 6 -8 -9 -10 10 -12 -13 13 14 -16 -17 -18 26 -20 29 21 -23 -24 -25 25 -27 27 -29 -30 -31
leaf_value=-0.00013873270362256012 0 -4.3237907493373436e-05 0 0.00023339826453100279 9.8121209200934439e-05 -0.00020463154942122996 0 0 0 -8.7794880196270233e-05 0.00032030080175187039 0 0 0.00029136322613146186 0 0 -2.3340040201630978e-05 -1.0591445805468443e-06 9.4516228145221249e-05 -1.7137459702587881e-05 0 0 0 0 0 0.00031717263392264225 -0.00012086061113222968 0 -2.8562432988244504e-05 0
leaf_weight=61 1354 139 56 58 60 51 735 158 53 51 50 558 1122 53 200 109 410 5513 99 938 81 578 140 84 50 69 63 162 358 337
leaf_count=61 1354 139 56 58 60 51 735 158 53 51 50 558 1122 53 200 109 410 5513 99 938 81 578 140 84 50 69 63 162 358 337
internal_value=-4.68126e-07 -2.08292e-05 3.36503e-07 1.42157e-05 5.05491e-06 -1.7583e-06 -1.84603e-05 -5.96429e-05 -0.000123627 0 6.63726e-05 -3.16327e-06 0 7.64695e-06 3.66119e-05 0.000101636 -7.74117e-07 0 5.95164e-06 2.1349e-06 1.07223e-05 2.54783e-05 6.05702e-05 9.71454e-05 0.00014128 0.000216534 -3.53029e-06 -4.16823e-05 -1.79242e-05 -9.81069e-06
internal_weight=13750 758 12992 2016 1958 10976 997 262 104 9979 101 697 1898 1484 362 162 9878 9468 3730 3631 2356 1002 424 284 200 119 5738 225 414 1275
internal_count=13750 758 12992 2016 1958 10976 997 262 104 9979 101 697 1898 1484 362 162 9878 9468 3730 3631 2356 1002 424 284 200 119 5738 225 414 1275
is_linear=0
shrinkage=0.05


Tree=173
num_leaves=31
num_cat=0
split_feature=81 119 68 13 77 90 115 42 138 77 136 54 65 116 49 1 128 33 90 1 139 49 30 2 95 53 142 114 4 138
split_gain=0.000124162 0.00221267 0.000102257 0.000140352 0.00222769 0.000349527 0.000277507 0.000147173 0.000629405 0.00128736 0.000111301 0.00012108 0.000102171 0.000137892 0.00012634 9.72289e-05 9.71522e-05 8.61928e-05 0.000144293 0.000492589 0.000252236 0.000898669 0.000167215 9.73266e-05 0.000204612 0.000118675 0.000203714 9.72073e-05 0.000193761 0.000121356
threshold=53.850000000000001 12.950000000000001 2.6500000000000008 0.0039296913055555565 281.37332475000005 18.939795918367352 3.1500000000000008 0.68500000000000016 2.8900000000000001 289.51812500000005 0.87500000000000011 0.38500000000000006 11.950000000000001 291.32630005000004 988.55000000000007 0.00059309700000000011 10.278045605600141 0.76427307453986282 21.36224489795919 0.29207440000000007 86.716077848590643 959.45000000000016 -0.64000000000000101 9.4850000000000015e-05 5.5000000000000009 139.50000000000003 631.79624996662881 31.250000000000004 0.00041042350000000005 3.8050000000000002
decision_type=2 10 2 2 2 2 2 2 2 2 2 2 2 2 2 2 2 2 2 2 2 2 2 2 2 2 2 2 2 2
left_child=2 -2 3 7 5 6 -5 17 9 -9 11 12 14 -14 -10 -4 -12 18 -1 20 22 -22 23 -20 25 26 -25 -19 29 -29
right_child=1 -3 15 4 -6 -7 -8 8 10 -11 16 -13 13 -15 -16 -17 -18 27 19 -21 21 -23 -24 24 -26 -27 -28 28 -30 -31
leaf_value=-4.0804632104204195e-07 -0.00010734396538328699 0.00030038646305911246 -4.7180505306412062e-05 -1.8323761888121437e-05 0.00033269862076300554 -0.00010063204683871611 9.2701123751829048e-05 0 0 -0.00031801064830420624 -4.0143993940608527e-05 4.1399635558756625e-05 0 8.14425272187691e-05 -9.8385115649099293e-05 0 0 0 1.0604733737978532e-07 0.00016447778736619514 0 0.00024332341758196764 -2.0878416101634132e-05 0.00010481892312679976 0 0 0 0 0 -6.2022725020161715e-05
leaf_weight=6800 58 56 233 67 52 88 78 66 55 50 330 179 661 51 58 271 227 970 1453 55 104 50 518 159 149 75 79 77 376 305
leaf_count=6800 58 56 233 67 52 88 78 66 55 50 330 179 661 51 58 271 227 970 1453 55 104 50 518 159 149 75 79 77 376 305
internal_value=-4.8054e-07 5.03368e-05 -1.27569e-06 -4.20338e-08 3.41054e-05 -1.23029e-05 7.37927e-06 -1.19133e-06 -1.51249e-05 -0.000128744 -3.40365e-06 2.40416e-06 -4.32881e-08 5.02834e-07 -4.73182e-05 -2.34547e-05 -2.28184e-05 4.54156e-07 2.75111e-06 1.2771e-05 7.55143e-06 7.06124e-05 1.47829e-06 1.0143e-05 3.08421e-05 5.50607e-05 7.22801e-05 -9.19916e-06 -2.26486e-05 -4.77629e-05
internal_weight=13750 114 13636 13132 285 233 145 12847 1677 116 1561 1004 825 712 113 504 557 11170 9442 2642 2587 154 2433 1915 462 313 238 1728 758 382
internal_count=13750 114 13636 13132 285 233 145 12847 1677 116 1561 1004 825 712 113 504 557 11170 9442 2642 2587 154 2433 1915 462 313 238 1728 758 382
is_linear=0
shrinkage=0.05


Tree=174
num_leaves=31
num_cat=0
split_feature=41 137 52 13 88 54 133 103 133 35 128 24 142 135 80 137 19 103 88 55 6 92 138 61 0 103 17 11 131 81
split_gain=0.000116645 0.000314055 0.000159222 0.000651308 0.000231705 9.64951e-05 0.000204669 0.0021222 0.000164383 9.59275e-05 0.000193567 0.000327404 0.000110727 9.66557e-05 9.44856e-05 0.000143777 6.86467e-05 0.000177891 0.000124178 8.2339e-05 0.000162676 0.000207636 8.1803e-05 0.000137465 0.00118468 0.000102233 0.00018245 7.26664e-05 6.80593e-05 6.73786e-05
threshold=35.500000000000007 1.0000000180025095e-35 124.50000000000001 0.0038005791250000005 47.512500000000003 0.10500000000000002 88.200000000000003 2038.0000000000005 80.670000000000002 283.32596885000004 10.55025041396661 47.550000000000004 770.77341774651416 13.790000000000001 35.837500000000013 0.81000000000000016 -0.004302857142857143 1717.1500000000003 48.32500000000001 0.80504055000002961 0.011576388888888891 8.5500000000000025 4.4600000000000009 154.25000000000003 0.093650000000000025 1024.2000000000003 0.010800000000000002 0.0021851120902777782 38.841628543372224 45.95000000000001
decision_type=2 2 2 2 2 2 2 2 2 2 2 2 2 2 2 2 2 2 2 2 2 2 2 2 2 2 2 2 2 2
left_child=1 -1 5 4 29 6 9 -8 -7 16 11 12 -11 -12 15 -15 17 19 22 -2 -21 -22 25 24 -24 26 -18 -28 -13 -4
right_child=2 -3 3 -5 -6 8 7 -9 -10 10 13 28 -14 14 -16 -17 18 -19 -20 20 21 -23 23 -25 -26 -27 27 -29 -30 -31
leaf_value=-0.00012765618972149573 0 -2.1675416560480593e-06 5.6372165550979518e-06 0.00018223913974593572 0.00010855909690144473 -5.6055274273796177e-06 0.00032283929947330976 -6.6210430882303177e-05 -8.7202357289936037e-05 -7.6237363654190618e-05 -1.0562390897232075e-05 5.5620172522718679e-05 0 0 0 9.5734644717595081e-05 0 0 6.9175477495977045e-05 0 -0.00015431407820613741 0 0 1.2040287671856545e-06 0.00020888542543915823 0 -7.6954460991553669e-05 0 0 -2.6918613724372055e-05
leaf_weight=65 71 693 1750 57 54 1441 52 65 83 312 126 54 86 77 54 89 139 792 73 180 70 54 526 4531 78 1651 162 57 153 155
leaf_count=65 71 693 1750 57 54 1441 52 65 83 312 126 54 86 77 54 89 139 792 73 180 70 54 526 4531 78 1651 162 57 153 155
internal_value=-4.67036e-07 -1.96701e-05 2.69943e-07 1.34914e-05 5.9399e-06 -1.70399e-06 0 6.55983e-05 -1.33824e-05 -6.46652e-07 -1.59334e-05 -3.45616e-05 -6.21741e-05 2.23561e-06 3.22044e-05 5.27915e-05 4.92718e-07 -9.89475e-06 2.86624e-06 -3.85606e-05 -5.00796e-05 -9.68141e-05 1.47929e-06 5.37228e-06 2.83229e-05 -5.98134e-06 -3.02033e-05 -5.96817e-05 0 3.52289e-07
internal_weight=13750 758 12992 2016 1959 10976 9452 117 1524 9335 951 605 398 346 220 166 8384 1167 7217 375 304 124 7144 5135 604 2009 358 219 207 1905
internal_count=13750 758 12992 2016 1959 10976 9452 117 1524 9335 951 605 398 346 220 166 8384 1167 7217 375 304 124 7144 5135 604 2009 358 219 207 1905
is_linear=0
shrinkage=0.05


Tree=175
num_leaves=31
num_cat=0
split_feature=112 131 28 81 84 47 155 91 129 4 94 8 85 103 11 66 66 43 138 21 83 25 131 43 131 1 136 16 27 16
split_gain=0.000158854 0.00108495 0.00214962 0.000325732 0.000178511 0.00117632 0.00018949 0.00017376 0.000160756 0.000125339 0.00026388 0.00117746 0.000230437 0.000213433 0.000167827 0.000142044 0.000264956 0.000522972 0.00012786 0.000125288 0.000112695 0.000123512 0.000103109 0.000157329 0.000103081 0.000220939 0.00056439 0.000700954 9.17706e-05 9.03947e-05
threshold=289.74140840000007 38.841628543372224 25.600000000000005 54.250000000000007 20.650000000000006 5.5000000000000009 0.70600000000000018 33.550000000000004 6.5000000000000009 0.0051473125000000008 13.500000000000002 0.049879399309162332 276.86154860000005 1010.5500000000001 0.0043679039444444448 9.8250000000000028 15.025000000000002 0.37750000000000006 5.54 0.40972222222222227 17.050000000000004 6.5000000000000009 86.769874021242742 0.47050000000000003 164.98239548407855 0.013526559500000002 0.67000000000000015 0.26500000000000007 1828.8500000000001 0.32500000000000007
decision_type=2 2 2 2 2 2 2 2 2 2 2 2 2 2 2 2 2 2 2 2 2 2 2 2 2 2 2 2 2 2
left_child=3 2 -2 4 6 -6 7 9 -9 10 14 15 -11 -14 -1 -12 17 -17 -15 -8 -7 -22 23 -16 25 -3 27 -27 -18 -26
right_child=1 24 -4 -5 5 20 19 8 -10 12 11 -13 13 18 22 16 28 -19 -20 -21 21 -23 -24 -25 29 26 -28 -29 -30 -31
leaf_value=1.8344813192324469e-06 -0.00032939299475463589 0 0 0.0001099394679105266 0.00022653716431677548 -5.5914044634846499e-05 -0.00010459966921441973 0 -0.00011708106285245237 -4.2790149381066387e-07 -1.4195860900477158e-05 0.00022914250305642355 0 0 -0.00011513033437811919 1.1113208573244098e-05 -2.4084291505821621e-06 0.0002184401477693338 -0.00012727659234472839 0 7.1799633055528078e-05 0 0 0 0 0 -2.5799719062663159e-06 0.0001893845137084805 2.0483074253979715e-05 -3.5650802635604457e-05
leaf_weight=6987 77 369 94 68 65 84 71 266 58 1936 270 67 65 55 78 263 756 50 97 129 62 101 260 50 114 68 108 106 582 283
leaf_count=6987 77 369 94 68 65 84 71 266 58 1936 270 67 65 55 78 263 756 50 97 129 62 101 260 50 114 68 108 106 582 283
internal_value=-3.23828e-08 -1.75686e-05 -0.000134011 1.2875e-06 2.75737e-07 3.77586e-05 -2.83388e-07 1.14357e-07 -3.53827e-05 1.55019e-06 4.41419e-06 2.05769e-05 -8.57987e-06 -5.80376e-05 0 1.05857e-05 1.76712e-05 6.07463e-05 -9.1032e-05 -4.85889e-05 0 9.87618e-06 -3.19081e-05 -7.11926e-05 0 1.372e-05 4.8841e-05 0.000109161 3.82259e-06 -1.84153e-05
internal_weight=13639 1219 171 12420 12352 312 12040 11840 324 11516 9363 1988 2153 217 7375 1921 1651 313 152 200 247 163 388 128 1048 651 282 174 1338 397
internal_count=13639 1219 171 12420 12352 312 12040 11840 324 11516 9363 1988 2153 217 7375 1921 1651 313 152 200 247 163 388 128 1048 651 282 174 1338 397
is_linear=0
shrinkage=0.05


Tree=176
num_leaves=31
num_cat=0
split_feature=156 137 96 96 77 19 84 27 120 1 17 96 103 8 21 140 19 4 141 126 129 33 104 14 55 104 132 3 51 133
split_gain=0.000148886 0.00167467 0.000539971 0.000455492 0.00043508 0.00166407 0.000261053 0.000195887 0.00012027 0.000178958 0.00014691 0.000354577 9.70531e-05 0.000131658 0.000116286 0.000154114 9.67732e-05 0.000244074 0.000247611 0.000216111 0.000207596 0.000252561 0.000234064 0.000188253 0.000152765 9.90776e-05 0.000129004 8.88288e-05 0.000564952 0.00221152
threshold=0.34000000000000002 1.0000000180025095e-35 50.937500000000007 50.937500000000007 285.14514225000005 -0.004018571428571426 20.050000000000004 1405.4500000000003 264.59503830000006 0.41087726350000003 0.18355000000000002 34.862500000000004 785.50000000000011 0.0037767816372335354 0.24305555555555558 55.805000000000007 -0.0026385714285714268 0.00047263250000000007 29.160000000000004 38.500000000000007 1.5000000000000002 0.95932252921262828 1.6500000000000006 0.0076074215000000002 19.521521450000026 5.7500000000000018 1.5000000000000002 0.063342813000000012 292.50000000000006 67.820000000000007
decision_type=2 2 2 2 2 2 2 2 8 2 2 2 2 2 2 2 2 2 2 2 2 2 2 2 2 2 2 2 2 2
left_child=2 -2 4 16 8 -6 7 -7 -1 10 12 -12 13 -10 -15 -16 24 18 -18 20 -19 22 23 -22 -3 26 -20 -14 -29 -30
right_child=1 3 -4 -5 5 6 -8 -9 9 -11 11 -13 27 14 15 -17 17 19 25 -21 21 -23 -24 -25 -26 -27 -28 28 29 -31
leaf_value=-5.3245234251719831e-05 -0.00026026699428643264 -3.0773046220326806e-05 0.00016238534497426611 -0.00012555733115938303 0.0003149711780408222 9.7101859835292041e-05 -4.6308734093244035e-05 0 0 7.8047236789668568e-05 0 -0.00010541781025470712 0 0 0 -0.00010229508460646803 6.1632878438566434e-06 0 0 0 0 0 0 0.00018722123022522891 8.0176027507527244e-06 0 -5.830241458223999e-05 0 0 0.00029469853531528399
leaf_weight=106 65 584 52 73 52 94 114 168 518 72 324 112 7019 62 53 114 792 84 61 528 58 135 94 95 163 91 355 1211 308 82
leaf_count=106 65 584 52 73 52 94 114 168 518 72 324 112 7019 62 53 114 792 84 61 528 58 135 94 95 163 91 355 1211 308 82
internal_value=-9.91347e-08 -9.90589e-06 2.40285e-06 -2.99075e-06 1.1078e-06 5.05863e-05 2.13235e-08 3.9291e-05 -5.17863e-07 0 -5.27287e-07 -2.90709e-05 2.70544e-07 -1.62799e-05 -4.78853e-05 -6.97831e-05 0 5.08517e-06 -6.26324e-06 2.49323e-05 4.98131e-05 6.61862e-05 9.64946e-05 0.000137093 -1.56248e-05 -3.54915e-05 -4.6136e-05 2.28649e-06 1.29134e-05 6.55397e-05
internal_weight=13639 3178 10461 3113 10409 428 376 262 9981 9875 9803 436 9367 747 229 167 3040 2293 1299 994 466 382 247 153 747 507 416 8620 1601 390
internal_count=13639 3178 10461 3113 10409 428 376 262 9981 9875 9803 436 9367 747 229 167 3040 2293 1299 994 466 382 247 153 747 507 416 8620 1601 390
is_linear=0
shrinkage=0.05


Tree=177
num_leaves=31
num_cat=0
split_feature=110 137 88 88 83 88 138 108 139 101 13 11 119 105 21 120 76 23 137 137 129 36 85 106 75 73 73 2 90 44
split_gain=0.000167486 0.000951177 0.000721731 0.000324108 0.000144377 0.000372929 0.00100881 0.000198565 0.00133852 0.000114926 0.000339998 0.000272332 0.000261441 0.000244366 0.000257426 0.000185328 0.000151948 9.02042e-05 0.00011745 0.000120775 9.4371e-05 0.00011665 7.69383e-05 0.000177112 8.19859e-05 0.000178413 0.00177652 0.000113217 8.70496e-05 0.000231392
threshold=27.850000000000005 1.0000000180025095e-35 50.912500000000001 48.32500000000001 28.550000000000004 42.587500000000013 4.8350000000000009 289.74140840000007 84.776263981478465 -5.6879933999999812 7.9399930555555575e-05 0.0040165472500000013 12.950000000000001 25.500000000000004 0.4513888888888889 276.09880530000004 6.950000000000002 26.115972222222226 1.7250000000000003 0.96500000000000008 5.5000000000000009 271.85701590000008 279.99360505000004 11.950000000000001 12.850000000000003 25.550000000000004 26.150000000000002 0.0019842340000000005 21.687755102040821 577.50000000000011
decision_type=2 2 2 2 2 2 2 2 2 2 2 2 8 2 2 10 2 2 2 2 2 2 2 2 2 2 2 2 2 2
left_child=3 -2 17 4 5 7 -7 9 -9 10 -1 22 13 14 -13 -14 -12 -3 19 -19 21 -21 24 -24 25 27 -27 28 -11 -30
right_child=1 2 -4 -5 -6 6 -8 8 -10 11 16 12 15 -15 -16 -17 -18 18 -20 20 -22 -23 23 -25 -26 26 -28 -29 29 -31
leaf_value=0.00011596515206596756 -0.00019181977702020152 -6.4160279988575364e-06 -0.00017821803997552924 0.00010742166875473533 -2.7761381514995842e-05 0.00024268299779456966 0 0 0.00027240856601985379 6.198918463291831e-08 -1.3089870963497643e-06 -0.00015504518520376428 -1.2356811727920064e-05 -5.8700199529987824e-06 0 8.9731762712058386e-05 8.2259218806939309e-05 0 0 0 0 0.00010661940133203725 -7.9483338571567169e-05 0 -3.5747395605288609e-06 0.00027921716995507059 0 -2.0190785081417992e-05 0 4.6490502168085791e-05
leaf_weight=82 71 2384 58 74 373 59 111 249 51 3034 548 107 344 281 55 50 55 241 375 72 85 109 94 173 2703 64 314 401 586 436
leaf_count=82 71 2384 58 74 373 59 111 249 51 3034 548 107 344 281 55 50 55 241 375 72 85 109 94 173 2703 64 314 401 586 436
internal_value=-5.72194e-08 -1.0019e-05 -4.57553e-06 2.75688e-06 1.49322e-06 3.12006e-06 7.69175e-05 1.28972e-06 4.12604e-05 0 1.96982e-05 -1.56369e-06 -2.88575e-05 -5.51707e-05 -0.000109451 0 0 0 1.20084e-05 2.87864e-05 5.20333e-05 7.25827e-05 7.26062e-07 -2.42339e-05 2.27647e-06 6.58156e-06 4.06493e-05 2.56221e-06 6.04857e-06 1.89158e-05
internal_weight=13639 3395 3324 10244 10170 9797 170 9627 300 9327 685 8642 837 443 162 394 603 3266 882 507 266 181 7805 267 7538 4835 378 4457 4056 1022
internal_count=13639 3395 3324 10244 10170 9797 170 9627 300 9327 685 8642 837 443 162 394 603 3266 882 507 266 181 7805 267 7538 4835 378 4457 4056 1022
is_linear=0
shrinkage=0.05


Tree=178
num_leaves=31
num_cat=0
split_feature=110 137 96 96 133 92 155 43 49 96 89 19 0 86 15 90 43 128 7 112 27 137 137 129 36 104 104 100 120 13
split_gain=0.000153323 0.00100499 0.000707092 0.000583045 0.00018678 0.00151339 0.000428251 0.000220442 0.000224067 0.000136516 0.000107858 0.0013514 0.000303744 0.000129825 0.000291985 0.000611666 0.000250463 0.00011199 9.91136e-05 9.66572e-05 8.22844e-05 0.000116988 0.000110014 9.02363e-05 9.89098e-05 6.35212e-05 0.00047825 7.25436e-05 0.000112941 0.000179082
threshold=28.750000000000004 1.0000000180025095e-35 50.937500000000007 51.087500000000006 86.120000000000019 15.450000000000005 0.058000000000000017 0.38150000000000006 962.25000000000011 48.937500000000007 41.850000000000001 0.0088414285714285713 0.19770000000000001 4.5000000000000009 0.0010177083333333336 26.827551020408166 0.39250000000000007 10.60662219189628 0.028900000000000002 276.31688940000009 1880.3500000000001 1.7250000000000003 0.96500000000000008 5.5000000000000009 272.31078325000004 20.550000000000008 20.750000000000011 -8.0999999999999641 268.64483335000006 0.0012161110000000002
decision_type=2 2 2 2 2 2 2 2 2 2 2 2 2 2 2 2 2 2 2 2 2 2 2 2 2 2 2 2 8 2
left_child=3 -2 20 4 9 6 7 -6 -9 10 12 13 25 16 -15 -16 -12 -14 -18 -11 -3 22 -22 24 -24 27 -27 -1 29 -29
right_child=1 2 -4 -5 5 -7 -8 8 -10 19 11 -13 17 14 15 -17 18 -19 -20 -21 21 -23 23 -25 -26 26 -28 28 -30 -31
leaf_value=4.303724340473612e-05 -0.00021328090475972357 -6.3877613616843052e-06 -0.00018398480248059195 0.00016118803416812345 0 0.00025606384458772555 -0.00013661045772702589 0 0.00013044691601717733 0 0 0.00022785257552667256 -7.8572245021636626e-05 0 0.0001664752742213346 0 0 0 -0.00013003209706846717 -7.3980471779749388e-05 0 0 0 0 0.00010410365346921434 0.00014777796109184075 6.3739169862953541e-07 0 -1.5216702038715503e-07 -6.6233229713386768e-05
leaf_weight=74 60 2118 53 57 129 64 53 50 68 59 758 69 170 645 89 183 55 118 56 105 229 355 67 82 106 60 1585 382 5560 180
leaf_count=74 60 2118 53 57 129 64 53 50 68 59 758 69 170 645 89 183 55 118 56 105 229 355 67 82 106 60 1585 382 5560 180
internal_value=-8.13586e-08 -1.02483e-05 -4.47108e-06 2.39951e-06 1.04765e-06 3.62067e-05 0 1.59204e-05 7.18287e-05 0 5.2799e-07 1.17462e-05 -1.41808e-06 4.76396e-07 1.60043e-05 5.94571e-05 -1.01616e-05 -5.18085e-05 -7.99549e-05 -4.52941e-05 0 1.19148e-05 2.9136e-05 5.17942e-05 7.24111e-05 0 9.12841e-06 -1.86892e-06 -3.23526e-06 -2.48016e-05
internal_weight=13639 3070 3010 10569 10512 364 300 247 118 10148 9984 1855 8129 1786 917 272 869 288 111 164 2957 839 484 255 173 7841 1645 6196 6122 562
internal_count=13639 3070 3010 10569 10512 364 300 247 118 10148 9984 1855 8129 1786 917 272 869 288 111 164 2957 839 484 255 173 7841 1645 6196 6122 562
is_linear=0
shrinkage=0.05


Tree=179
num_leaves=31
num_cat=0
split_feature=112 131 24 81 91 131 84 47 155 21 4 94 8 85 103 11 66 66 43 138 103 131 43 84 0 23 21 19 160 131
split_gain=0.000145184 0.000887083 0.00279126 0.000338859 0.000159639 0.00016667 0.000132862 0.0010008 0.000181138 0.000108879 0.000102404 0.000223271 0.00104105 0.000195665 0.000186344 0.000153074 0.000129853 0.00023878 0.000433871 0.000104213 0.000101764 9.60108e-05 0.000134785 8.31519e-05 0.000360649 7.96586e-05 7.78993e-05 8.50844e-05 8.89435e-05 7.72928e-05
threshold=289.74140840000007 38.841628543372224 43.500000000000007 54.250000000000007 33.550000000000004 65.720713804132885 20.650000000000006 2.5000000000000004 0.70600000000000018 0.40972222222222227 0.0051473125000000008 13.500000000000002 0.049879399309162332 276.86154860000005 1010.5500000000001 0.0043679039444444448 9.8250000000000028 15.025000000000002 0.37750000000000006 5.54 1495.8500000000004 86.769874021242742 0.47050000000000003 14.150000000000004 0.00095000000000000011 25.400694444444444 0.5902777777777779 -0.0023628571428571427 0.29489795918367356 57.257815097269223
decision_type=2 2 2 2 2 2 2 2 2 2 2 2 2 2 2 2 2 2 2 2 2 2 2 2 2 2 2 2 2 2
left_child=3 2 -2 4 6 -6 8 -8 10 -10 11 15 16 -12 -15 23 -13 18 -18 -16 -9 22 -17 -1 -25 -19 27 -27 -29 -3
right_child=1 29 -4 -5 5 -7 7 20 9 -11 13 12 -14 14 19 21 17 25 -20 -21 -22 -23 -24 24 -26 26 -28 28 -30 -31
leaf_value=1.5454199256767887e-07 -0.0004203755821489958 3.4840984715835428e-05 0 0.0001118528967655315 -0.00011572953118248132 0 0.00023011883770609359 3.2460960479586426e-05 -9.8779322122229346e-05 0 0 -1.4364609185432825e-05 0.0002150600313453812 0 0 -0.00010902211583660447 9.8940126668622936e-06 -2.643926674037423e-06 0.00020198930701143599 -0.00011703255303751688 -3.0463939114652684e-05 0 0 0 0.00013723653115327276 0 0 5.3668387871798124e-05 0 -4.9277504398267541e-06
leaf_weight=6832 53 140 118 68 58 270 53 96 71 125 1936 270 67 65 55 78 263 756 50 97 163 260 50 96 59 67 138 289 88 908
leaf_count=6832 53 140 118 68 58 270 53 96 71 125 1936 270 67 65 55 78 263 756 50 97 163 260 50 96 59 67 138 289 88 908
internal_value=-9.81778e-08 -1.68598e-05 -0.000122106 1.14563e-06 1.22397e-07 -3.36949e-05 1.46342e-06 3.37989e-05 1.72335e-07 -4.67379e-05 1.40887e-06 4.03105e-06 1.8898e-05 -7.66984e-06 -5.31518e-05 0 9.3465e-06 1.62571e-05 5.70493e-05 -8.40843e-05 0 -3.05052e-05 -6.8314e-05 1.72084e-06 3.82644e-05 2.94496e-06 1.87732e-05 2.99894e-05 4.02679e-05 0
internal_weight=13639 1219 171 12420 12352 328 12024 312 11712 196 11516 9363 1988 2153 217 7375 1921 1651 313 152 259 388 128 6987 155 1338 582 444 377 1048
internal_count=13639 1219 171 12420 12352 328 12024 312 11712 196 11516 9363 1988 2153 217 7375 1921 1651 313 152 259 388 128 6987 155 1338 582 444 377 1048
is_linear=0
shrinkage=0.05


Tree=180
num_leaves=31
num_cat=0
split_feature=47 33 138 0 96 84 120 141 42 96 138 84 23 115 89 69 136 22 84 43 112 85 161 43 83 91 137 128 21 90
split_gain=0.000152922 0.00091321 0.00231332 0.000931215 0.000291456 0.000279642 0.00182208 0.000139586 0.000187931 0.000142069 0.000128955 0.00037934 0.000840277 0.000126145 0.000123412 0.000119503 0.000246857 0.000117045 0.000116532 0.000119087 0.000104804 0.000127934 0.000101774 9.51429e-05 7.93157e-05 0.000515164 0.002914 0.000109806 0.000151569 0.000152505
threshold=17.500000000000004 0.9757051542275087 4.8050000000000006 0.24405000000000002 50.937500000000007 21.250000000000007 265.29446090000005 37.910000000000004 0.43500000000000005 34.687500000000007 4.4600000000000009 9.8500000000000032 22.750000000000004 15.750000000000002 39.050000000000004 292.53865275000004 0.49500000000000005 51.000000000000007 21.850000000000005 0.38650000000000007 285.15314680000006 271.01945125000003 0.39795918367346944 0.33950000000000008 11.15 12.550000000000002 0.055000000000000007 9.2926574102243773 0.49305555555555564 9.9727884615384639
decision_type=2 2 2 2 2 2 10 2 2 2 2 2 2 2 2 2 2 2 2 2 2 2 2 2 2 2 2 2 2 2
left_child=1 3 -3 5 7 10 -7 18 -9 -10 11 13 -13 14 -1 22 -17 20 24 -20 21 -16 -12 -15 27 26 -26 28 29 -2
right_child=4 2 -4 -5 -6 6 -8 8 9 -11 15 12 -14 23 17 16 -18 -19 19 -21 -22 -23 -24 -25 25 -27 -28 -29 -30 -31
leaf_value=0 0 0.00037540305159459194 0 0.00018823736310783282 -0.00010028807732932008 0.00031083404435776178 -1.6679078213463671e-05 0 0 -8.4521442708938572e-05 3.2176427624816943e-06 -0.00025629779754215672 0 0 0 0.00011919171754532892 0 0 -6.366754142108872e-05 0 0 -9.8291634260707402e-05 -2.5071798755496059e-05 7.8464412594013398e-05 0.00041264328296129673 1.5460554638034018e-07 0 0 0 -0.00011645869070629747
leaf_weight=864 61 58 91 66 78 53 96 650 80 167 3142 50 75 63 68 65 118 52 140 58 54 137 352 66 50 5823 240 618 186 83
leaf_count=864 61 58 91 66 78 53 96 650 80 167 3142 50 75 63 68 65 118 52 140 58 54 137 352 66 50 5823 240 618 186 83
internal_value=5.53669e-07 7.33536e-06 0.000129908 2.93979e-06 -3.34471e-06 0 6.77811e-05 -1.79244e-06 -2.04398e-05 -5.83717e-05 -1.39681e-06 -1.47381e-05 -9.95794e-05 -2.70383e-06 -1.13038e-05 2.43121e-06 4.17352e-05 -3.8347e-05 0 -3.70952e-05 -5.3759e-05 -7.01391e-05 0 3.66521e-05 1.57405e-06 4.26518e-06 6.93364e-05 -1.04967e-05 -3.38414e-05 -7.23019e-05
internal_weight=13704 5470 149 5321 8234 5255 149 8156 897 247 5106 1429 125 1304 1175 3677 183 311 7259 198 259 205 3494 129 7061 6113 290 948 330 144
internal_count=13704 5470 149 5321 8234 5255 149 8156 897 247 5106 1429 125 1304 1175 3677 183 311 7259 198 259 205 3494 129 7061 6113 290 948 330 144
is_linear=0
shrinkage=0.05


Tree=181
num_leaves=31
num_cat=0
split_feature=47 33 9 0 96 36 43 116 128 88 74 83 22 42 6 54 21 86 99 139 128 132 53 43 2 114 85 90 139 42
split_gain=0.000140195 0.000812088 0.00212951 0.000841721 0.000262562 0.000254376 0.00011682 0.000128866 0.000207117 0.000183304 0.000183874 0.000105006 9.6869e-05 0.000551474 0.000896137 9.72088e-05 0.000143135 8.516e-05 9.62164e-05 0.000124775 0.00012949 0.000189283 0.000101651 0.000779232 0.000140902 8.19275e-05 6.67402e-05 6.5734e-05 0.000104015 5.70545e-05
threshold=17.500000000000004 0.9757051542275087 0.23722222222222225 0.24405000000000002 50.937500000000007 285.21137320000008 0.37750000000000006 269.29441295000004 8.6097723560898789 36.162500000000009 26.235714285714291 13.550000000000002 4.5000000000000009 1.0650000000000002 0.0056194444444444451 0.37500000000000006 0.50694444444444453 21.500000000000004 0.64999999999997737 39.964071320971549 11.085115049664099 1.5000000000000002 276.50000000000006 0.33050000000000007 0.0045051920000000007 10.15 282.82789520000006 18.316326530612248 81.174722765427376 1.2150000000000001
decision_type=2 2 2 2 2 2 2 2 2 2 2 2 2 2 2 2 2 2 2 2 2 2 2 2 2 2 2 2 2 2
left_child=1 3 -3 5 6 12 17 11 -9 -10 -11 -8 13 -1 -15 26 -17 18 19 -2 21 -21 24 -24 -20 -23 -14 28 -13 -27
right_child=4 2 -4 -5 -6 -7 7 8 9 10 -12 27 15 14 -16 16 -18 -19 22 20 -22 25 23 -25 -26 29 -28 -29 -30 -31
leaf_value=0 -2.8187371740729513e-06 0 0.0003855284322119534 0.0001789659677942565 -9.533714862058494e-05 8.675421544802745e-05 -5.9456084808887582e-05 0.00010104662626710187 0 0.00010970500898461562 0 0 1.7504929648419231e-06 -0.00027461892727610667 0 9.1503797251592714e-05 0 1.9533430746939891e-05 0 0 0 0 0.00020524119739241963 0 -5.3964256119215863e-05 -5.4658562957629743e-05 -4.0953096309964675e-05 -5.2221682060388803e-06 8.807483221473305e-05 0
leaf_weight=1289 2242 99 50 66 78 83 75 83 1047 82 92 195 3548 50 56 73 64 203 1643 286 198 151 51 133 124 677 92 769 51 54
leaf_count=1289 2242 99 50 66 78 83 75 83 1047 82 92 195 3548 50 56 73 64 203 1643 286 198 151 51 133 124 677 92 769 51 54
internal_value=4.87944e-07 6.99721e-06 0.00012265 2.79674e-06 -3.22945e-06 0 -1.72402e-06 6.61622e-06 1.79582e-05 8.14037e-06 5.55099e-05 -2.3736e-06 -8.49378e-07 -1.27564e-05 -0.000122507 2.22713e-06 4.35525e-05 -6.05738e-06 -7.89452e-06 -1.2754e-05 -2.53891e-05 -3.21047e-05 0 3.61951e-05 -2.57936e-06 -4.35943e-05 0 0 2.40896e-05 -5.07179e-05
internal_weight=13704 5470 149 5321 8234 5255 8156 2394 1304 1221 174 1090 5172 1395 106 3777 137 5762 5559 3608 1366 1168 1951 184 1767 882 3640 1015 246 731
internal_count=13704 5470 149 5321 8234 5255 8156 2394 1304 1221 174 1090 5172 1395 106 3777 137 5762 5559 3608 1366 1168 1951 184 1767 882 3640 1015 246 731
is_linear=0
shrinkage=0.05


Tree=182
num_leaves=31
num_cat=0
split_feature=41 133 84 50 137 103 19 87 96 1 42 2 28 3 9 135 103 23 93 118 12 94 50 112 21 87 34 25 103 120
split_gain=0.000103311 0.000438573 0.00346399 0.000395006 0.000365818 0.000228251 0.00155371 0.00102388 0.000490089 0.000287824 0.000242637 0.000197661 0.000125981 0.000135231 0.000107312 0.000107065 0.000274522 0.000164055 0.000140405 0.000140402 9.24269e-05 8.04225e-05 6.56037e-05 6.12188e-05 0.00041327 4.82358e-05 0.000110192 5.94846e-05 0.000298275 0.00156373
threshold=35.500000000000007 88.200000000000003 7.3500000000000023 1020.2500000000001 1.0000000180025095e-35 1100.6500000000003 0.008150000000000001 4.5000000000000009 51.087500000000006 0.41087726350000003 0.84500000000000008 0.0040711290000000006 38.100000000000009 0.0310506545 2.0659027777777781 8.2150000000000016 1400.25 17.618750000000006 265.98484370000006 17.350000000000005 0.022757686500000002 15.500000000000002 998.85000000000002 293.65994575000008 0.63194444444444453 7.5000000000000009 -0.96725686226446483 19.500000000000004 2725.5500000000006 282.95613695000003
decision_type=2 2 2 2 2 2 2 2 2 2 2 2 2 2 2 2 2 2 2 8 2 2 2 2 2 2 2 2 2 10
left_child=4 5 3 -3 -1 6 7 10 9 15 11 12 14 -14 -2 16 18 19 -7 -17 -13 -15 -18 25 -25 27 -27 -19 29 -29
right_child=1 2 -4 -5 -6 8 -8 -9 -10 -11 -12 20 13 21 -16 17 22 23 -20 -21 -22 -23 -24 24 -26 26 -28 28 -30 -31
leaf_value=-0.00013288418153962312 0 -0.0001447787061025498 0.00043653068455693986 0 0 0 0.00022232329606512477 0.00020029321869123335 -0.00015207428932824936 -9.752303113895938e-05 7.4850778399618894e-05 -0.00011339814588185011 0 0.00011772818784759121 -5.9865619297317398e-05 8.4914689531940721e-05 -3.2128818600414553e-05 -2.9471769916408253e-06 -9.7010217185229797e-05 0 0 0 0 0 0.00015104025219871942 0 -6.1134804947079899e-05 9.527940884783854e-06 -7.4471957870280441e-06 0.00029813932654963309
leaf_weight=63 1762 50 50 73 702 57 87 64 54 76 99 59 55 58 84 108 158 4946 135 62 77 53 1102 278 51 72 105 1548 1566 50
leaf_count=63 1762 50 50 73 702 57 87 64 54 76 99 59 55 58 84 108 158 4946 135 62 77 53 1102 278 51 72 105 1548 1566 50
internal_value=4.73127e-07 1.88058e-06 8.09441e-05 -2.56355e-05 -1.67761e-05 4.11251e-07 1.46272e-05 4.55287e-06 -2.39563e-06 -1.11257e-06 0 -4.64305e-06 0 4.08445e-05 -4.43635e-06 0 -1.2924e-05 1.68564e-06 -6.93747e-05 5.04333e-05 -6.28102e-05 7.42029e-05 -3.08686e-07 1.37821e-07 2.15398e-05 -1.1107e-07 -2.60393e-05 0 5.78014e-06 2.18661e-05
internal_weight=13704 12939 173 123 765 12766 2398 2311 10368 10314 2247 2148 2012 166 1846 10238 1452 8786 192 170 136 111 1260 8616 329 8287 177 8110 3164 1598
internal_count=13704 12939 173 123 765 12766 2398 2311 10368 10314 2247 2148 2012 166 1846 10238 1452 8786 192 170 136 111 1260 8616 329 8287 177 8110 3164 1598
is_linear=0
shrinkage=0.05


Tree=183
num_leaves=31
num_cat=0
split_feature=47 33 138 1 155 131 133 96 43 116 128 88 129 75 83 86 34 2 133 135 108 140 103 2 117 129 13 90 139 4
split_gain=0.000122183 0.000718195 0.00200698 0.000756203 0.000316217 0.00172854 0.000246951 0.000214842 0.000106516 0.000116056 0.000172383 0.000166447 0.000172891 0.00024134 9.09915e-05 7.76767e-05 8.52934e-05 0.000370224 0.000127112 0.00012127 6.06735e-05 0.000120903 0.000103371 0.000221498 0.000157433 0.000267407 0.000161987 6.0041e-05 9.15546e-05 5.87362e-05
threshold=17.500000000000004 0.9757051542275087 4.8050000000000006 0.36432711350000008 0.8520000000000002 57.257815097269223 88.200000000000003 50.937500000000007 0.37750000000000006 269.29441295000004 8.6097723560898789 36.162500000000009 6.5000000000000009 15.15 13.550000000000002 21.500000000000004 0.061288514427595454 0.0059917800000000012 58.125000000000007 20.085000000000004 292.67152145000006 62.035000000000004 1717.1500000000003 0.00036114100000000004 0.65000000000000002 2.5000000000000004 0.00060948318055555571 18.316326530612248 81.174722765427376 7.6200000000000023e-05
decision_type=2 2 2 2 2 2 2 2 2 2 2 2 2 2 2 2 2 2 2 2 2 2 2 2 2 2 2 2 2 2
left_child=1 3 -3 4 6 -6 20 8 15 14 -11 -12 13 -13 -10 16 18 -18 -2 29 22 -22 23 -1 25 -25 -27 28 -16 -20
right_child=7 2 -4 -5 5 -7 -8 -9 9 10 11 12 -14 -15 27 -17 17 -19 19 -21 21 -23 -24 24 -26 26 -28 -29 -30 -31
leaf_value=0 -4.5201146647142368e-06 0.00034471634548735586 0 0.0001694389116636924 0.00031297136092549554 -5.7957406294083234e-06 -8.5268720114940169e-05 -8.6573020339931683e-05 -5.5245245560663048e-05 9.3803014360457305e-05 0 0.00016497216286495589 0 0 0 1.8332037235785381e-05 -1.9784347196632397e-06 0.00013172400317276731 -2.8664190197980069e-05 -8.5360098835849386e-05 0 8.2379752232554883e-05 3.0772610866274467e-06 0 0 0 -0.00011543287790289684 -4.8354778399574237e-06 8.3318775553449929e-05 0
leaf_weight=1530 3043 58 91 66 51 96 86 78 75 83 1047 55 61 58 195 203 1518 52 370 127 230 64 2835 85 54 55 169 769 51 449
leaf_count=1530 3043 58 91 66 51 96 86 78 75 83 1047 55 61 58 195 203 1518 52 370 127 230 64 2835 85 54 55 169 769 51 449
internal_value=3.96617e-07 6.49811e-06 0.000115281 2.49135e-06 0 7.23806e-05 -1.72358e-06 -3.04985e-06 -1.62759e-06 6.29443e-06 1.70766e-05 7.69684e-06 5.28345e-05 8.98701e-05 -2.02551e-06 -5.78716e-06 -7.57035e-06 0 -1.15457e-05 -2.88364e-05 0 2.16958e-05 -1.64679e-06 -1.13594e-05 -4.68262e-05 -6.20021e-05 -9.09271e-05 0 2.3126e-05 -1.38804e-05
internal_weight=13704 5470 149 5321 5255 147 5108 8234 8156 2394 1304 1221 174 113 1090 5762 5559 1570 3989 946 5022 294 4728 1893 363 309 224 1015 246 819
internal_count=13704 5470 149 5321 5255 147 5108 8234 8156 2394 1304 1221 174 113 1090 5762 5559 1570 3989 946 5022 294 4728 1893 363 309 224 1015 246 819
is_linear=0
shrinkage=0.05


Tree=184
num_leaves=31
num_cat=0
split_feature=47 91 3 155 120 133 141 114 138 101 33 84 43 103 43 91 141 53 134 120 22 84 83 50 116 30 136 36 94 44
split_gain=0.000111286 0.000668002 0.000669889 0.000261856 0.00161304 0.000226658 0.000196101 0.000339006 0.000155104 0.00010112 0.000301181 9.34645e-05 0.000103878 8.61303e-05 0.000110279 0.000112202 7.4976e-05 0.000443856 0.000152305 8.17233e-05 0.000157081 8.08719e-05 0.00054874 0.000282262 0.000232538 0.000197138 0.000207361 0.000109062 7.90416e-05 0.000145069
threshold=17.500000000000004 34.250000000000007 0.38912885600000008 0.8520000000000002 265.17552400000005 88.200000000000003 37.910000000000004 30.850000000000005 6.6400000000000015 5.8973813500000185 0.79683739593120151 21.850000000000005 0.38650000000000007 1717.1500000000003 0.37050000000000005 21.950000000000003 36.235000000000007 271.50000000000006 6.5400000000000009 270.27875700000004 3.5000000000000004 7.450000000000002 14.15 1000.35 276.79230060000003 -0.91000000000000114 1.2900000000000003 281.67623185000008 25.500000000000004 772.50000000000011
decision_type=2 2 2 2 10 2 2 2 2 2 2 2 2 2 2 2 2 2 2 8 2 2 2 2 2 2 2 2 2 2
left_child=1 2 3 5 -5 9 11 -8 -9 13 -11 16 -13 14 -1 -16 21 18 -18 20 -20 28 -23 -24 25 26 27 -25 -2 -30
right_child=6 -3 -4 4 -6 -7 7 8 -10 10 -12 12 -14 -15 15 -17 17 -19 19 -21 -22 22 23 24 -26 -27 -28 -29 29 -31
leaf_value=0 -1.6765869895580616e-07 0.00018160097227990429 0.00016109341977045997 0.00030011474183433727 -6.9499471981250048e-06 -7.9836832574687062e-05 -6.287584062684321e-06 -0.00016602284011241864 0 1.0991257594827609e-06 0.0001367803521806875 -5.8907511691404258e-05 0 2.4781495221164843e-06 -4.0965231444529095e-05 0 -4.26419643887708e-05 0.00014146504756941934 0 0 8.723059613771511e-05 0.00015473796796868554 -2.1412945938308197e-05 0.00012217577943797112 0 0 0 0 -3.6458448745708435e-05 0
leaf_weight=1213 4664 54 66 51 98 88 802 63 52 649 52 140 58 2661 457 81 135 64 53 390 95 62 560 154 119 82 53 57 470 161
leaf_count=1213 4664 54 66 51 98 88 802 63 52 649 52 140 58 2661 457 81 135 64 53 390 95 62 560 154 119 82 53 57 470 161
internal_value=3.50659e-07 6.18979e-06 3.48463e-06 5.76155e-07 6.61195e-05 -3.52733e-07 -2.9215e-06 -2.47105e-05 -0.000108925 5.29063e-08 1.84669e-05 0 -3.39663e-05 -1.74331e-06 -1.10103e-05 -3.00922e-05 7.56324e-07 1.60944e-05 0 1.57361e-05 4.76126e-05 -2.33846e-07 1.12054e-05 0 3.10208e-05 5.44761e-05 7.58005e-05 9.81195e-05 -3.52798e-06 -2.04146e-05
internal_weight=13704 5470 5416 5350 149 5201 8234 917 115 5113 701 7317 198 4412 1751 538 7119 737 673 538 148 6382 1087 1025 465 346 264 211 5295 631
internal_count=13704 5470 5416 5350 149 5201 8234 917 115 5113 701 7317 198 4412 1751 538 7119 737 673 538 148 6382 1087 1025 465 346 264 211 5295 631
is_linear=0
shrinkage=0.05


Tree=185
num_leaves=31
num_cat=0
split_feature=4 81 103 100 24 0 43 43 100 131 89 81 19 42 104 112 84 19 141 105 123 75 83 128 22 103 2 44 16 97
split_gain=0.000139002 0.000431367 0.000349086 0.0038281 0.00115131 0.000246233 0.000159066 0.000686241 0.00034926 0.000155053 0.000139347 0.000127285 0.000113644 0.000113243 0.000159221 0.00010932 0.00010906 0.00133487 0.000102117 0.000244472 0.000117645 9.53437e-05 0.000705438 0.000171207 0.000154925 0.000157975 9.94796e-05 0.000192814 0.000259997 0.000176152
threshold=8.5200000000000025e-05 52.95000000000001 1003.5 -4.099999999999965 61.850000000000001 0.24405000000000002 0.28050000000000008 0.29050000000000004 -5.1999999999999877 58.815508921636585 54.850000000000009 44.350000000000001 -0.00013142857142857137 0.64500000000000013 0.45000000000000007 278.56733515000002 8.9500000000000011 -0.0016728571428571424 30.73 23.500000000000004 -0.5 11.750000000000002 12.550000000000002 9.2762685509947076 8.5000000000000018 3088.5500000000006 8.6800000000000016e-06 642.50000000000011 0.24000000000000002 -1.2000000000000004
decision_type=2 2 2 2 2 2 2 2 2 2 2 2 2 2 2 2 2 2 2 2 2 2 2 2 2 2 2 2 2 2
left_child=1 6 3 -2 9 10 8 -8 -1 13 21 16 -13 14 -5 -7 -9 -18 19 20 -19 23 -23 24 25 -4 -24 28 -28 -30
right_child=2 -3 5 4 -6 15 7 11 -10 -11 -12 12 -14 -15 -16 -17 17 18 -20 -21 -22 22 26 -25 -26 -27 27 -29 29 -31
leaf_value=0.0001313285765191627 0.000434444817943326 -0.00013547130382462593 -8.6002047705383488e-05 0 0.00023523807734538704 -8.2842308038380005e-05 -0.00014026996760544295 -3.2475980651755892e-06 0 1.7234160697360636e-06 -6.6332402917475481e-05 -4.9113707517610134e-05 0 0 -9.5275984156332084e-05 0 0.00024174709337740591 0 -1.9849656067324449e-05 -1.305939176459463e-05 9.1544238764508005e-05 0.0001519529778742093 -1.3733923206616369e-06 3.1340518933046418e-08 0 0 0 1.509852848430009e-06 0 9.3807658472435504e-05
leaf_weight=66 55 65 168 57 51 126 94 4255 96 722 68 264 221 68 118 51 60 74 375 88 118 84 2453 1688 191 73 125 1658 54 212
leaf_count=66 55 65 168 57 51 126 94 4255 96 722 68 264 221 68 118 51 60 74 375 88 118 84 2453 1688 191 73 125 1658 54 212
internal_value=0 -6.00151e-06 4.16878e-06 3.07273e-05 3.55036e-06 0 -3.62913e-06 -5.85845e-06 4.16244e-05 -3.74913e-06 1.59794e-06 -2.60057e-06 -2.70311e-05 -4.04414e-05 -6.22573e-05 -5.79753e-05 0 1.78354e-05 0 1.9527e-05 6.03594e-05 3.04205e-06 7.53899e-06 -4.32736e-06 -3.28667e-05 -5.94411e-05 3.70094e-06 1.22125e-05 4.47214e-05 7.32855e-05
internal_weight=13798 5776 8022 1071 1016 6951 5711 5549 162 965 6774 5455 485 243 175 177 4970 715 655 280 192 6706 4586 2120 432 241 4502 2049 391 266
internal_count=13798 5776 8022 1071 1016 6951 5711 5549 162 965 6774 5455 485 243 175 177 4970 715 655 280 192 6706 4586 2120 432 241 4502 2049 391 266
is_linear=0
shrinkage=0.05


Tree=186
num_leaves=31
num_cat=0
split_feature=4 85 134 81 134 104 0 54 133 69 103 0 1 82 6 2 16 14 13 14 115 134 93 23 43 13 110 100 53 129
split_gain=0.000128856 0.000750867 0.00327648 0.000388266 0.000215337 0.000247848 0.000273977 0.000153913 0.000880184 0.000477906 0.00013886 0.000669222 0.00023394 0.000222767 0.000325227 0.000285293 0.000501665 0.000269706 0.000206766 0.000188258 0.000138752 0.000132313 0.000101316 8.55941e-05 7.33188e-05 7.29113e-05 7.04349e-05 6.21236e-05 5.40434e-05 5.96652e-05
threshold=8.5200000000000025e-05 280.31944675000005 6.5400000000000009 52.95000000000001 6.3850000000000007 3.0500000000000012 0.019050000000000004 0.13500000000000004 87.64500000000001 289.77750380000003 1426.4000000000003 0.24405000000000002 0.41087726350000003 26.854000000000003 0.022078472222222225 1.9650000000000003e-05 0.21500000000000002 0.020515498000000004 0.0021771577361111116 0.03649768300000001 11.15 6.4800000000000013 271.72451470000004 25.891666666666669 0.30050000000000004 0.00016224340972222225 11.350000000000003 -5.4500000000000446 158.50000000000003 6.5000000000000009
decision_type=2 2 2 2 2 2 2 2 2 2 2 2 2 2 2 2 2 2 2 2 2 2 2 2 2 2 2 2 2 2
left_child=3 4 -3 7 5 6 -2 9 24 -1 11 13 21 14 17 -15 -17 22 -18 20 -19 -12 23 -6 -9 -26 -27 -28 29 -23
right_child=1 2 -4 -5 10 -7 -8 8 -10 -11 12 -13 -14 15 -16 16 18 19 -20 -21 -22 28 -24 -25 25 26 27 -29 -30 -31
leaf_value=-1.2791471256894019e-06 0 0.00044694902821313867 0 -0.00012880036783165203 -4.473024805605628e-05 0 -0.00013013824536616572 1.7858676972572734e-05 -0.00018874323510661615 0.00012754538817355516 7.3816966482369151e-05 0.00018276057254312393 -8.9582372850903388e-05 0 -0.00010842915607508325 0 0.00014287796613420906 0 0 0 9.2280005840835618e-05 0 0 0 0 0 0 -4.1849282040304149e-05 -8.9797447538189943e-06 1.9462534244276216e-05
leaf_weight=4408 199 50 129 65 260 529 100 152 73 72 61 60 71 391 68 79 154 54 64 93 168 3100 605 105 341 208 77 380 1185 497
leaf_count=4408 199 50 129 65 260 529 100 152 73 72 61 60 71 391 68 79 154 54 64 93 168 3100 605 105 341 208 77 380 1185 497
internal_value=0 3.99219e-06 0.000105323 -5.79903e-06 1.02896e-06 -2.21294e-05 -5.8469e-05 -3.50143e-06 -1.92137e-05 0 4.47783e-06 1.52341e-05 0 7.77361e-06 -5.68412e-07 3.14127e-05 6.8373e-05 1.33125e-06 0.000109945 4.43523e-05 6.99858e-05 1.2065e-06 -7.52146e-06 -2.90196e-05 -4.05888e-06 -1.23502e-05 -2.24569e-05 -3.34338e-05 0 3.31228e-06
internal_weight=13798 8022 179 5776 7843 828 299 5711 1231 4480 7015 2101 4914 2041 1353 688 297 1285 218 315 222 4843 970 365 1158 1006 665 457 4782 3597
internal_count=13798 8022 179 5776 7843 828 299 5711 1231 4480 7015 2101 4914 2041 1353 688 297 1285 218 315 222 4843 970 365 1158 1006 665 457 4782 3597
is_linear=0
shrinkage=0.05


Tree=187
num_leaves=31
num_cat=0
split_feature=4 83 82 139 84 139 142 89 91 22 82 22 10 36 114 92 89 135 83 140 19 115 136 61 142 92 112 141 16 138
split_gain=0.000116073 0.000308344 0.000278871 0.00134038 0.000430218 0.00200767 0.000527285 0.000143645 0.000107612 0.000521739 0.00620347 0.000254638 9.29824e-05 8.88561e-05 0.000116778 9.67711e-05 7.82315e-05 0.000353537 7.74452e-05 0.000279308 0.000241531 0.000490779 0.000421638 0.000384493 0.000130504 0.000105545 0.000131832 7.70108e-05 8.83577e-05 7.6535e-05
threshold=8.5200000000000025e-05 35.050000000000004 27.782000000000007 90.61646151329019 8.9500000000000011 86.716077848590643 763.23924446989861 53.100000000000001 11.750000000000002 1.0000000180025095e-35 16.270000000000007 1.0000000180025095e-35 7.0550000000000006 271.95743905000006 25.650000000000002 10.150000000000004 22.550000000000004 8.2150000000000016 18.050000000000004 35.305000000000007 -0.00043714285714285697 13.850000000000003 0.32500000000000007 1160.2500000000002 628.40837447807701 13.850000000000003 278.19762275000005 28.635000000000002 0.18500000000000003 4.8700000000000001
decision_type=2 2 2 2 2 2 2 2 2 2 2 2 2 2 2 2 2 2 2 2 2 2 2 2 2 2 2 2 2 2
left_child=2 8 4 7 12 -6 -7 27 11 10 -10 -2 13 -1 -15 -16 -14 -18 24 25 21 -21 -23 -24 -11 -20 -27 29 -29 -4
right_child=1 -3 3 -5 5 6 -8 -9 9 18 -12 -13 16 14 15 -17 17 -19 19 20 -22 22 23 -25 -26 26 -28 28 -30 -31
leaf_value=1.6867638369149063e-06 -9.060839499260931e-05 9.8839111611261771e-05 3.0196804528895144e-05 -0.00024158388493881024 0 0.00037089525472662715 7.379469868094427e-06 -9.0240780323424749e-05 0.00057122522858502219 4.1711920828718128e-07 -4.6439649389421841e-05 0 0 0 -0.00011556354196857553 0 -0.00014159677528784544 -6.8607129495995541e-06 2.9803073364942382e-06 0 0 0 0.00022809553007751318 0 -2.3900256039392241e-05 0 -4.0844804523420984e-05 0 -3.2240743007329039e-05 0
leaf_weight=2859 92 86 245 70 389 52 52 53 50 2290 150 1180 205 332 55 51 69 585 2012 331 529 66 90 54 616 132 344 97 365 297
leaf_count=2859 92 86 245 70 389 52 52 53 50 2290 150 1180 205 332 55 51 69 585 2012 331 529 66 90 54 616 132 344 97 365 297
internal_value=0 3.76798e-06 -5.52386e-06 -2.78269e-05 0 4.39995e-05 0.000238558 -8.72993e-06 2.09544e-06 5.15269e-06 8.51746e-05 -9.98522e-06 -5.35443e-06 0 -2.20789e-05 -6.8764e-05 -2.02208e-05 -2.8904e-05 1.89058e-06 7.30919e-06 2.88012e-05 5.2471e-05 0.000113521 0.000161315 -3.02402e-06 0 -2.27088e-05 0 -1.85634e-05 7.793e-06
internal_weight=13798 8022 5776 1127 4649 493 104 1057 7936 6664 200 1272 4156 3297 438 106 859 654 6464 3558 1070 541 210 144 2906 2488 476 1004 462 542
internal_count=13798 8022 5776 1127 4649 493 104 1057 7936 6664 200 1272 4156 3297 438 106 859 654 6464 3558 1070 541 210 144 2906 2488 476 1004 462 542
is_linear=0
shrinkage=0.05


Tree=188
num_leaves=31
num_cat=0
split_feature=114 83 82 19 73 76 123 133 133 49 0 85 22 139 103 32 104 50 84 23 135 24 82 43 49 104 54 119 128 3
split_gain=9.20422e-05 0.000224589 0.00210359 0.000236028 0.000136316 0.000132167 0.000108404 0.00161103 0.000191556 0.00223854 0.00017263 0.00127237 0.00015041 0.000258428 0.00123314 0.000141955 0.000133169 0.000111088 0.000259771 0.000371723 0.000152284 0.000131927 0.000104067 0.000251193 0.000781098 0.000103559 9.2152e-05 9.11011e-05 8.69957e-05 0.000119878
threshold=40.250000000000007 33.550000000000004 31.334000000000007 -0.0026557142857142851 27.550000000000004 1.0000000180025095e-35 -0.5 88.200000000000003 88.200000000000003 980.85000000000002 0.21365000000000003 272.48062380000005 1.5000000000000002 85.299518965764761 1242.9500000000005 11.750000000000002 11.350000000000003 1008.1500000000002 8.4500000000000028 18.846527777777784 13.790000000000001 47.550000000000004 13.778000000000002 0.32850000000000007 983.25000000000011 8.5500000000000025 0.115 18.750000000000004 11.212245957264988 0.053302391500000011
decision_type=2 2 2 2 2 2 2 2 2 2 2 2 2 2 2 2 2 2 2 2 2 2 2 2 2 2 2 8 2 2
left_child=1 6 -3 -4 5 -2 7 12 10 -10 16 -12 15 -14 -15 27 17 21 28 20 -20 25 -18 24 -24 26 -8 -1 29 -19
right_child=4 2 3 -5 -6 -7 8 -9 9 -11 11 -13 13 14 -16 -17 22 18 19 -21 -22 -23 23 -25 -26 -27 -28 -29 -30 -31
leaf_value=-8.2026901224112255e-05 -6.3696643462385122e-05 0.00033428369391983256 -9.7179617965821309e-05 0 0 0 -5.5330796255784805e-05 -0.00027162838954234504 0.00031877724608006124 -6.9248347904825823e-05 -2.4043063622074497e-05 0.00020596424665979743 -2.4537764709455951e-06 0.00026960061400970126 0 0 0 -9.552758805687074e-07 0 0 0.00019061432901743014 0 0 7.8014105725801525e-06 0.00024110983764437738 0 0 0 7.899740704100521e-06 -2.8311116961319692e-05
leaf_weight=144 220 51 63 94 128 53 390 56 56 70 116 83 3653 50 191 132 1143 2131 50 356 51 877 88 1786 50 140 127 78 696 675
leaf_count=144 220 51 63 94 128 53 390 56 56 70 116 83 3653 50 191 132 1143 2131 50 356 51 877 88 1786 50 140 127 78 696 675
internal_value=0 5.89737e-07 5.20458e-05 -9.52645e-06 -2.36814e-05 -4.54594e-05 0 -6.72963e-06 2.92536e-06 6.49895e-05 1.45446e-06 4.74398e-05 -1.9977e-06 0 5.07819e-05 -3.32714e-05 0 -4.2712e-06 0 3.5566e-05 0.000121617 -1.56914e-05 8.70897e-06 1.6001e-05 8.53299e-05 -3.27969e-05 -4.3199e-05 -5.79108e-05 -4.47298e-06 -9.32489e-06
internal_weight=13798 13397 208 157 401 273 13189 4304 8885 126 8759 199 4248 3894 241 354 8560 5493 3959 457 101 1534 3067 1924 138 657 517 222 3502 2806
internal_count=13798 13397 208 157 401 273 13189 4304 8885 126 8759 199 4248 3894 241 354 8560 5493 3959 457 101 1534 3067 1924 138 657 517 222 3502 2806
is_linear=0
shrinkage=0.05


Tree=189
num_leaves=31
num_cat=0
split_feature=4 85 134 81 134 104 117 0 82 133 77 134 108 84 122 115 46 16 91 83 133 22 112 19 134 16 18 112 118 28
split_gain=0.000107429 0.000648307 0.00290449 0.00032836 0.000191375 0.000228388 0.000240044 0.000398311 0.000131194 0.00134702 0.000379536 0.00121268 0.000145644 0.000213306 0.000525022 0.000466252 0.000144035 0.000234034 0.000117914 0.000461176 0.00261115 0.000235238 8.57089e-05 0.000194413 0.000184886 0.000188984 0.000145286 0.000186384 8.51121e-05 0.000132078
threshold=8.5200000000000025e-05 280.31944675000005 6.5400000000000009 52.95000000000001 6.3850000000000007 3.0500000000000012 0.15000000000000005 0.019050000000000004 27.782000000000007 86.120000000000019 286.11886920000006 6.4400000000000004 285.15759595000003 8.4500000000000028 13.500000000000002 11.950000000000001 38.500000000000007 2.5650000000000004 11.750000000000002 12.550000000000002 58.125000000000007 1.0000000180025095e-35 293.65994575000008 -0.0026385714285714268 11.960000000000003 0.26500000000000007 0.076720833333333349 276.23237070000005 31.050000000000004 34.000000000000007
decision_type=2 2 2 2 2 2 2 2 2 2 2 2 2 2 2 2 2 2 2 2 2 2 2 2 2 2 2 2 10 2
left_child=3 4 -3 8 5 6 7 -2 10 -10 12 -12 13 -1 15 -15 17 -14 21 20 -20 -6 26 -24 25 -25 28 -28 -21 -30
right_child=1 2 -4 -5 18 -7 -8 -9 9 -11 11 -13 16 14 -16 -17 -18 -19 19 22 -22 -23 23 24 -26 -27 27 -29 29 -31
leaf_value=-2.5166908250610643e-06 0 0.00041966414271240975 0 -0.00011858634199046663 -8.5561386664286611e-05 0 0 -0.00016680040796367956 0 -0.00022986499856133508 0.00025695273478534852 0 0 0.00020804999860099972 0 0 0 -0.00014756744257775594 0 0 0.00035255413685028716 0 0 0 0 0.00016598160599537773 0 -0.00012332687517965286 0 4.6885128410103103e-05
leaf_weight=3914 147 50 129 65 92 529 62 90 1004 70 59 87 169 68 134 61 85 60 292 4560 63 959 107 55 62 60 87 51 363 264
leaf_count=3914 147 50 129 65 92 529 62 90 1004 70 59 87 169 68 134 61 85 60 292 4560 63 959 107 55 62 60 87 51 363 264
internal_value=0 3.62412e-06 9.77751e-05 -5.31503e-06 8.25698e-07 -2.09825e-05 -5.58554e-05 -8.03369e-05 -3.12995e-06 -1.88986e-05 0 7.953e-05 -2.05992e-06 0 4.38864e-05 0.000118355 -3.48772e-05 -5.68468e-05 4.11506e-06 7.33416e-06 6.33113e-05 -9.38883e-06 2.88939e-06 3.01944e-05 6.47323e-05 0.000102052 4.88936e-07 -4.83494e-05 2.76111e-06 2.0045e-05
internal_weight=13798 8022 179 5776 7843 828 299 237 5711 1074 4637 146 4491 4177 263 129 314 229 7015 5964 355 1051 5609 284 177 115 5325 138 5187 627
internal_count=13798 8022 179 5776 7843 828 299 237 5711 1074 4637 146 4491 4177 263 129 314 229 7015 5964 355 1051 5609 284 177 115 5325 138 5187 627
is_linear=0
shrinkage=0.05


Tree=190
num_leaves=31
num_cat=0
split_feature=52 18 139 7 88 80 131 118 0 35 100 82 29 46 92 92 139 28 10 83 81 14 51 82 141 2 4 126 93 93
split_gain=9.95047e-05 0.000239056 0.000573663 0.000111209 0.000341162 0.0001276 0.000267685 0.000245573 0.000271749 0.000181296 0.000234254 0.000176093 0.000211073 0.000723489 0.000160928 0.000294344 0.000120069 0.000148255 0.000106192 0.000250684 0.000141099 0.000342503 0.000627814 0.000118604 0.00013238 0.000129712 0.00017324 0.000175338 0.000107661 0.000100656
threshold=381.50000000000006 0.013597916666666666 70.743710916358793 0.040350000000000004 50.912500000000001 23.987500000000008 66.5324662844301 9.0500000000000025 0.0034500000000000004 281.89263745000005 4.5499999999999554 15.186000000000002 30.450000000000003 41.500000000000007 16.250000000000007 1.6500000000000006 59.039552579216206 36.050000000000004 6.0650000000000004 18.150000000000002 37.95000000000001 0.012456766000000003 8.5000000000000018 26.762000000000004 23.555000000000003 9.4850000000000015e-05 0.00017288850000000004 55.500000000000007 264.54216960000002 273.60347820000004
decision_type=2 2 2 2 2 2 2 10 2 2 2 2 2 2 2 2 2 2 2 2 2 2 2 2 2 2 2 2 2 2
left_child=3 -2 -3 4 18 6 7 -5 -9 10 14 -7 13 -13 15 -10 -14 -18 20 -20 -1 23 -23 24 -22 -25 -27 -28 -21 -8
right_child=1 2 -4 5 -6 11 29 8 9 -11 -12 12 16 -15 -16 -17 17 -19 19 28 21 22 -24 25 -26 26 27 -29 -30 -31
leaf_value=1.7419731030845078e-06 0 0 0.00019221856885026986 0 0.00011592976303973046 7.0158911989575386e-05 -8.910765505992665e-06 0 0 0 0 -2.8128751434952381e-06 0 0.00016133329606461867 0 -0.00022721705266248854 -1.8074227271568891e-06 -6.3668853358376869e-05 0 0 0 0 -0.0002251275856084518 -4.3377901734939431e-06 -4.1555396610903751e-05 0 0.00013777654763837363 0 8.1478283451191563e-05 2.1773437988548692e-05
leaf_weight=4995 744 238 59 470 63 85 1457 103 72 52 110 97 1582 83 55 92 582 205 301 52 65 58 53 999 389 101 61 50 171 289
leaf_count=4995 744 238 59 470 63 85 1457 103 72 52 110 97 1582 83 55 92 582 205 301 52 65 58 53 999 389 101 61 50 171 289
internal_value=-8.50458e-07 1.33275e-05 5.12502e-05 -2.40821e-06 9.91589e-07 -8.03459e-06 -1.5672e-05 -3.73325e-05 -6.33259e-05 -8.28849e-05 -9.65707e-05 0 -2.5757e-06 4.57256e-05 -0.000129038 -0.000156969 -8.37316e-06 -2.43268e-05 0 2.16463e-05 -1.69621e-06 -1.41754e-05 -0.00010209 -5.2554e-06 -2.74372e-05 0 3.78695e-05 8.12054e-05 6.2418e-05 -9.60274e-07
internal_weight=13733 1041 297 12692 7358 5334 2700 954 484 381 329 2634 2549 180 219 164 2369 787 7295 524 6771 1776 111 1665 454 1211 212 111 223 1746
internal_count=13733 1041 297 12692 7358 5334 2700 954 484 381 329 2634 2549 180 219 164 2369 787 7295 524 6771 1776 111 1665 454 1211 212 111 223 1746
is_linear=0
shrinkage=0.05


Tree=191
num_leaves=31
num_cat=0
split_feature=85 112 81 86 160 81 82 112 74 43 116 18 18 11 93 90 96 128 75 75 100 25 66 83 137 49 19 103 43 103
split_gain=9.22339e-05 0.002932 0.000363816 0.000489431 0.000134919 0.000145883 6.78274e-05 0.000129632 0.000535642 9.20497e-05 0.000116349 0.000174353 0.000495675 8.1017e-05 0.000420579 0.000937553 0.000552656 0.000456065 9.20784e-05 8.21501e-05 0.00080307 7.03609e-05 0.000627377 6.62746e-05 0.000127872 0.000350986 6.57845e-05 7.27912e-05 6.56147e-05 8.33656e-05
threshold=280.31944675000005 281.75251100000008 53.750000000000007 15.500000000000002 0.17653061224489799 38.95000000000001 30.126000000000005 289.74140840000007 33.178571428571438 0.32250000000000006 272.35983380000005 0.0044916666666666672 0.012547916666666669 0.0043679039444444448 273.60347820000004 20.868367346938779 34.862500000000004 10.60711709992192 13.950000000000001 12.950000000000001 -6.599999999999965 21.500000000000004 22.325000000000006 18.150000000000002 0.055000000000000007 967.6500000000002 0.00022142857142857524 3371.1000000000004 0.34750000000000003 1186.1500000000005
decision_type=2 2 2 2 2 2 2 2 2 2 2 2 2 2 2 2 2 2 2 2 2 2 2 2 2 2 2 2 2 2
left_child=2 -2 6 -4 -3 -6 7 13 -9 -8 -11 -12 -13 19 16 -16 -15 18 -18 20 -1 -22 26 24 25 -21 28 -28 29 -23
right_child=1 4 3 -5 5 -7 9 8 -10 10 11 12 -14 14 15 -17 17 -19 -20 23 21 22 -24 -25 -26 -27 27 -29 -30 -31
leaf_value=0.0001992077051380755 0.000374780334053146 2.1354323748878579e-05 -0.00018435052810616525 0 0 -7.1337318721681505e-05 0 0 -0.00018211824640485037 0 0 0.00015819392458544591 0 0 0 0.00022547634048985959 -0.00017930488836371522 0 0 0 0 6.0515605939274667e-05 0.00015316655043134234 0 -3.4475016096389735e-06 -0.00011260028855036356 -6.945441199621815e-05 0 0 0
leaf_weight=52 52 53 63 52 204 147 769 402 51 573 149 91 100 537 108 52 113 71 53 176 4612 111 74 2245 2084 112 63 54 336 174
leaf_count=52 52 53 63 52 204 147 769 402 51 573 149 91 100 537 108 52 113 71 53 176 4612 111 74 2245 2084 112 63 54 336 174
internal_value=-8.30927e-07 2.04002e-05 -1.93816e-06 -9.05667e-05 -1.36801e-05 -3.32204e-05 -7.77112e-07 -2.49126e-06 -2.91427e-05 7.94597e-06 1.91843e-05 4.2889e-05 7.44123e-05 -9.40462e-07 -1.50683e-05 4.66661e-05 -3.43254e-05 -9.81931e-05 -0.000143417 0 4.4961e-06 1.67136e-06 1.53298e-05 -4.52743e-06 -1.04743e-05 -4.38321e-05 0 -3.27746e-05 7.78621e-06 2.65594e-05
internal_weight=13733 456 13277 115 404 351 13162 11480 453 1682 913 340 191 11027 934 160 774 237 166 10093 5476 5424 812 4617 2372 288 738 117 621 285
internal_count=13733 456 13277 115 404 351 13162 11480 453 1682 913 340 191 11027 934 160 774 237 166 10093 5476 5424 812 4617 2372 288 738 117 621 285
is_linear=0
shrinkage=0.05


Tree=192
num_leaves=31
num_cat=0
split_feature=85 138 88 86 89 11 82 112 135 128 85 155 87 11 91 96 103 1 155 133 83 100 76 134 49 100 133 133 80 103
split_gain=8.33828e-05 0.00285591 0.000322671 0.000328218 0.000149925 9.23157e-05 8.12199e-05 0.000118333 0.000634913 0.000113482 0.000337376 0.000286659 0.000207293 7.48935e-05 0.000261032 0.00070977 0.000359246 0.000110509 8.59985e-05 0.00119387 0.000111551 0.00014616 9.33487e-05 0.000245787 8.42394e-05 4.82977e-05 4.44614e-05 0.000106786 7.29893e-05 6.35303e-05
threshold=280.31944675000005 4.0050000000000008 49.737500000000004 15.500000000000002 40.350000000000001 0.00015953587500000004 30.126000000000005 289.74140840000007 6.7300000000000013 9.6939078444960973 272.26707250000004 0.22200000000000003 3.5000000000000004 0.0043679039444444448 20.250000000000004 38.287500000000009 1167.7500000000002 0.36432711350000008 0.56600000000000017 84.075000000000017 17.850000000000005 -7.599999999999965 1.2500000000000007 3.7100000000000004 953.6500000000002 3.7500000000000004 31.160000000000004 55.255000000000003 38.487500000000004 1643.5500000000004
decision_type=2 2 2 2 2 2 2 2 2 2 2 2 2 2 2 2 2 2 2 2 2 2 2 2 2 2 2 2 2 2
left_child=2 -2 6 -4 -3 -6 7 13 -9 10 -8 -12 -13 18 15 17 -16 -15 22 20 24 -22 -1 -24 -20 -19 29 28 -28 -11
right_child=1 4 3 -5 5 -7 9 8 -10 26 11 12 -14 14 16 -17 -18 25 19 -21 21 -23 23 -25 -26 -27 27 -29 -30 -31
leaf_value=0 0.00030739794327528215 0 -0.0001532790820896429 0 0 -7.1957148263209085e-05 0 -0.00018010504698880443 0 -2.2822171875465706e-05 0 0 0.00018751317091223878 0 -0.00013718845992585676 0.00017488334046412583 0 -8.1724616069466768e-05 0 0.00023056225694017489 8.8158455259154396e-05 0 -0.00012693362082365708 -2.4266314562787394e-06 -5.2226996028083468e-05 0 6.9730981225196348e-05 0 0 0
leaf_weight=8694 74 173 70 63 50 159 361 59 394 372 56 56 70 603 92 51 51 86 114 59 56 293 52 683 150 51 107 179 54 401
leaf_count=8694 74 173 70 63 50 159 361 59 394 372 56 56 70 603 92 51 51 86 114 59 56 293 52 683 150 51 107 179 54 401
internal_value=-8.28487e-07 1.92915e-05 -1.89747e-06 -7.95305e-05 -2.41218e-05 -5.33481e-05 -7.25565e-07 -2.56435e-06 -2.81198e-05 9.00679e-06 2.77238e-05 8.30289e-05 0.000124806 -1.05975e-06 -1.46118e-05 0 -7.69293e-05 -1.576e-05 0 1.74471e-05 0 1.48901e-05 -1.03662e-06 -1.81893e-05 -2.75598e-05 -5.77552e-05 0 1.48996e-05 4.59916e-05 -6.76782e-06
internal_weight=13733 456 13277 133 382 209 13144 11488 453 1656 543 182 126 11035 934 791 143 740 10101 672 613 349 9429 735 264 137 1113 340 161 773
internal_count=13733 456 13277 133 382 209 13144 11488 453 1656 543 182 126 11035 934 791 143 740 10101 672 613 349 9429 735 264 137 1113 340 161 773
is_linear=0
shrinkage=0.05


Tree=193
num_leaves=31
num_cat=0
split_feature=52 18 134 137 88 98 129 100 43 64 81 119 131 73 115 63 44 139 110 9 100 69 122 14 36 114 120 43 15 4
split_gain=8.74653e-05 0.000214843 0.000675835 9.95682e-05 0.000947199 0.000126149 0.000167248 0.000313687 0.000744115 0.000114058 0.000197294 0.00017581 0.000182095 0.00162583 0.000113883 0.00010331 7.50763e-05 7.35735e-05 6.938e-05 6.82545e-05 0.00011405 8.4235e-05 6.0266e-05 6.87156e-05 0.00011197 7.60844e-05 5.26296e-05 0.000185361 0.000372248 0.00034413
threshold=381.50000000000006 0.013597916666666666 6.9850000000000003 1.4600000000000002 48.487500000000004 -4.5 5.5000000000000009 4.3000000000000123 0.33350000000000007 372.85000000000008 53.750000000000007 10.050000000000002 22.321942539713117 32.150000000000013 20.750000000000004 18.068900000000003 732.50000000000011 86.716077848590643 31.750000000000004 0.69284722222222228 -4.599999999999965 267.50895835000006 9.5000000000000018 0.019346783500000003 266.41005475000003 21.750000000000004 270.20680095000006 0.38850000000000007 0.00023854166666666669 0.00098583250000000024
decision_type=2 2 2 2 2 2 2 2 2 2 2 8 2 2 2 2 2 2 2 2 2 2 2 2 2 2 8 2 2 2
left_child=3 -2 -3 5 14 6 22 -8 -9 10 11 12 13 -7 26 18 -16 -11 19 20 -14 -21 23 -1 -25 -26 27 -5 -29 -30
right_child=1 2 -4 4 -6 9 7 8 -10 17 -12 -13 15 -15 16 -17 -18 -19 -20 21 -22 -23 -24 24 25 -27 -28 28 29 -31
leaf_value=0 0 0.00021638272438145113 0 0 0.00020754924376498301 1.8576261382037271e-05 0 0.00019732431775515546 0 0 -0.00011768684641212085 -4.1960218153741797e-08 -4.0461773709261824e-05 -0.00029597647884346768 -4.5099612990540024e-05 0 0 6.4373532137464141e-05 0 0 0 -5.1894835880801534e-05 0 0 -0.00012831101818490281 0 0 0 0.0001525104138034714 0
leaf_weight=402 744 50 247 751 55 63 618 77 252 474 52 3018 202 56 215 1008 120 51 160 120 600 477 631 61 50 51 2886 86 103 53
leaf_count=402 744 50 247 751 55 63 618 77 252 474 52 3018 202 56 215 1008 120 51 160 120 600 477 631 61 50 51 2886 86 103 53
internal_value=-8.05788e-07 1.24379e-05 4.84078e-05 -2.28685e-06 3.22086e-06 -5.6719e-06 3.16809e-06 2.03495e-05 5.97162e-05 -9.48254e-06 -1.19234e-05 -1.00624e-05 -1.94563e-05 -8.90148e-05 0 -1.42513e-05 -2.7367e-05 7.74494e-06 -2.23583e-05 -2.60944e-05 -7.66823e-06 -4.24324e-05 -6.27269e-06 -1.8707e-05 -4.76125e-05 -7.97938e-05 2.91898e-06 1.28696e-05 5.08381e-05 9.96381e-05
internal_weight=13733 1041 297 12692 4269 8423 2142 947 329 6281 5756 5704 2686 119 4214 2567 335 525 1559 1399 802 597 1195 564 162 101 3879 993 242 156
internal_count=13733 1041 297 12692 4269 8423 2142 947 329 6281 5756 5704 2686 119 4214 2567 335 525 1559 1399 802 597 1195 564 162 101 3879 993 242 156
is_linear=0
shrinkage=0.05


Tree=194
num_leaves=31
num_cat=0
split_feature=52 18 134 10 83 85 11 51 161 43 12 104 91 85 108 83 34 108 133 90 78 73 133 14 83 126 104 50 36 51
split_gain=8.03946e-05 0.000199557 0.000605044 9.38567e-05 0.000317545 0.000135859 0.00019883 0.000173358 0.000242541 0.000177535 0.000165484 0.000218101 0.00100669 0.000205571 0.00020695 0.000130052 0.000195756 0.000190125 0.0001383 9.62538e-05 0.000114916 8.65344e-05 0.000595698 0.000190275 0.000277772 0.000137502 6.99984e-05 6.26727e-05 0.00017517 0.00013516
threshold=381.50000000000006 0.013597916666666666 6.9850000000000003 7.0550000000000006 33.850000000000001 275.30489940000007 0.0029154279444444449 295.50000000000006 0.23469387755102042 0.27850000000000008 0.025899375000000006 0.65000000000000013 18.150000000000002 266.70964495000004 269.29441295000004 13.750000000000002 -0.024993496150394746 267.53223960000008 48.340000000000011 11.483772218564846 3.5000000000000004 32.750000000000007 86.120000000000019 0.018659123000000003 11.250000000000002 83.500000000000014 1.0500000000000003 998.25000000000011 267.27762420000005 161.50000000000003
decision_type=2 2 2 2 2 2 2 2 2 2 2 2 2 2 2 2 2 2 2 2 2 2 2 2 2 2 2 2 2 2
left_child=3 -2 -3 4 21 10 -7 8 -8 -10 13 12 -12 14 -5 16 -13 -18 -19 -15 -21 23 -23 -1 -25 -26 -17 -28 -29 -30
right_child=1 2 -4 5 -6 6 7 -9 9 -11 11 15 -14 19 -16 26 17 18 -20 20 -22 22 -24 24 25 -27 27 28 29 -31
leaf_value=0 0 0.00020577572666636616 0 -1.993387452215417e-05 9.0796347378516702e-05 0 0 0 0 -0.00010055137256757441 0.00020560240670268589 0 0 0 7.5537067472722795e-05 -1.7536477671582762e-05 0 0 -0.00010866342735955855 -7.6842879183623168e-05 0 -4.5003312367624433e-07 -0.00013273056844364544 0 9.8837830238494465e-05 0 -2.5752066435191177e-06 0 5.2913131295057888e-05 0
leaf_weight=4903 744 50 247 181 96 528 80 69 65 255 71 736 347 69 77 250 109 52 138 249 55 1918 93 136 159 53 363 1100 371 169
leaf_count=4903 744 50 247 181 96 528 80 69 65 255 71 736 347 69 77 250 109 52 138 249 55 1918 93 136 159 53 363 1100 371 169
internal_value=-7.53838e-07 1.19188e-05 4.65925e-05 -2.18802e-06 8.87966e-07 -7.36778e-06 -2.46752e-05 -4.84817e-05 -6.19331e-05 -8.17349e-05 -2.23173e-06 5.09087e-07 3.54613e-05 -2.62159e-05 0 -2.42356e-06 -1.78697e-05 -5.2288e-05 -8.23581e-05 -5.03539e-05 -6.24347e-05 0 -9.11545e-06 3.05933e-06 3.87795e-05 7.5659e-05 2.4587e-06 7.45687e-06 1.27245e-05 3.60639e-05
internal_weight=13733 1041 297 12692 7358 5334 997 469 400 320 4337 3706 418 631 258 3288 1035 299 190 373 304 7262 2011 5251 348 212 2253 2003 1640 540
internal_count=13733 1041 297 12692 7358 5334 997 469 400 320 4337 3706 418 631 258 3288 1035 299 190 373 304 7262 2011 5251 348 212 2253 2003 1640 540
is_linear=0
shrinkage=0.05


Tree=195
num_leaves=31
num_cat=0
split_feature=82 96 156 19 92 109 101 19 13 6 49 132 96 1 36 96 93 81 75 136 75 36 131 52 140 61 131 22 105 36
split_gain=0.000113051 0.000534031 0.000399661 0.000321931 0.000299289 6.79692e-05 8.25662e-05 0.000249177 0.000222371 0.000378943 8.20219e-05 6.07925e-05 5.94951e-05 5.35842e-05 0.000223923 0.000176189 9.75869e-05 0.000118353 0.000153698 0.00011496 7.24925e-05 0.000474825 0.000328552 0.000833893 0.00018775 0.00015952 0.00114039 0.000107284 8.36156e-05 7.28107e-05
threshold=33.374000000000002 51.087500000000006 0.82000000000000017 -0.0011528571428571428 6.7500000000000018 1.5500000000000003 -5.6879933999999812 0.008150000000000001 0.0023272837500000003 0.010977777777777779 961.35000000000002 4.5000000000000009 48.937500000000007 0.17872189800000002 267.0871836500001 38.63750000000001 274.28042915000009 20.050000000000004 13.350000000000003 0.47500000000000003 12.950000000000001 284.20706845000007 22.321942539713117 9.5000000000000018 76.225000000000009 2038.9000000000003 33.15434016127945 1.0000000180025095e-35 51.500000000000007 272.19559545000004
decision_type=2 2 2 2 2 2 2 2 2 2 2 2 2 2 2 2 2 2 2 2 2 2 2 2 2 2 2 2 2 2
left_child=1 5 3 4 -2 6 7 8 -1 -10 -7 -6 -4 20 16 -16 17 -15 19 -19 21 25 23 -22 -24 27 -27 28 -8 -29
right_child=2 -3 12 -5 11 10 13 -9 9 -11 -12 -13 -14 14 15 -17 -18 18 -20 -21 22 -23 24 -25 -26 26 -28 29 -30 -31
leaf_value=0 0 0.00014116086216935361 0 0 -0.00023991370829011717 0 -7.8565442105740096e-05 0.0001249843371330756 0.00017060275636219139 0 -4.5536120657808918e-05 -2.2778799651486897e-05 5.4512885659939697e-05 0 0 7.6510842553505898e-05 0 0 0 -0.00010903752546940419 0 0.00015306155536180726 -2.9408714358673998e-06 -0.00023979788364788244 6.9461884678490558e-05 0.00024596932771382181 0 3.7613074708969758e-06 0 -1.4352900486526671e-05
leaf_weight=921 83 66 328 178 50 201 76 51 51 67 180 77 54 92 225 80 65 90 148 157 132 53 4836 51 88 53 320 4413 52 589
leaf_count=921 83 66 328 178 50 201 76 51 51 67 180 77 54 92 225 80 65 90 148 157 132 53 4836 51 88 53 320 4413 52 589
internal_value=-5.52884e-07 1.6975e-07 -1.92761e-05 -5.71592e-05 -9.91852e-05 -1.72504e-07 6.52937e-08 1.35241e-05 3.1304e-06 6.89732e-05 -2.11115e-05 -0.000148534 6.19592e-06 -7.75226e-07 -1.28141e-05 1.04933e-05 -3.47296e-05 -4.32057e-05 -5.5205e-05 -8.0098e-05 0 4.14132e-06 -4.10145e-06 -7.01484e-05 -6.17845e-07 1.77107e-06 3.33537e-05 0 -4.54304e-05 6.26464e-07
internal_weight=13827 13057 770 388 210 12991 12610 1090 1039 118 381 127 382 11520 857 305 552 487 395 247 10663 5556 5107 183 4924 5503 373 5130 128 5002
internal_count=13827 13057 770 388 210 12991 12610 1090 1039 118 381 127 382 11520 857 305 552 487 395 247 10663 5556 5107 183 4924 5503 373 5130 128 5002
is_linear=0
shrinkage=0.05


Tree=196
num_leaves=31
num_cat=0
split_feature=82 96 86 89 88 91 42 114 33 2 137 91 133 108 155 76 90 0 29 133 33 15 126 137 93 83 91 14 0 66
split_gain=0.000104878 0.000482764 0.000376184 0.00020034 6.24921e-05 0.000734521 0.000117331 0.000102973 0.000200505 0.000127851 0.000128152 0.000227397 8.50051e-05 0.00108031 0.000653979 0.00020925 9.96738e-05 0.0004913 0.000120571 0.000255586 0.000291071 0.000189418 9.2778e-05 0.000168816 9.02533e-05 8.1557e-05 9.51297e-05 9.74087e-05 9.94143e-05 9.6005e-05
threshold=33.374000000000002 51.087500000000006 20.500000000000004 51.850000000000001 42.587500000000013 20.450000000000003 0.47500000000000003 31.250000000000004 0.72734797914554006 0.00012363450000000002 0.37500000000000006 27.050000000000004 80.670000000000002 291.79218000000009 0.58200000000000018 1.2500000000000007 21.037755102040823 0.24405000000000002 29.150000000000002 44.730000000000011 0.074260631295132121 0.0004645833333333334 57.500000000000007 0.10000000000000002 275.68086360000001 18.150000000000002 21.450000000000003 0.022801609000000004 0.0016000000000000001 32.775000000000006
decision_type=2 2 2 2 2 2 2 2 2 2 2 2 2 2 2 2 2 2 2 2 2 2 2 2 2 2 2 2 2 2
left_child=1 4 3 -2 7 -6 -7 12 -9 10 -10 -12 16 14 15 -14 22 18 19 -18 -21 -22 23 24 -1 -20 27 28 -27 -30
right_child=2 -3 -4 -5 5 6 -8 8 9 -11 11 -13 13 -15 -16 -17 17 -19 25 20 21 -23 -24 -25 -26 26 -28 -29 29 -31
leaf_value=-9.6528089317568337e-05 -1.5600401826891117e-05 0.00013420817142077929 5.8116246406419595e-06 -0.00013726644294365542 0.00018926924059368586 1.6231476168050577e-05 -2.7969686312264753e-05 0 0 0 -9.8762875521542297e-05 0 0 -0.00023369281096474539 0.0001466053801582809 -9.2438467083089178e-05 0 0.0001615546178463437 -1.1316825626727985e-05 0 0 0.00014250743304394773 0 0 0 0 0 0 6.0842878510134435e-05 0
leaf_weight=95 303 66 382 85 54 373 248 710 117 105 203 96 554 52 68 78 410 53 1013 69 97 108 6181 627 76 126 1012 96 281 89
leaf_count=95 303 66 382 85 54 373 248 710 117 105 203 96 554 52 68 78 410 53 1013 69 97 108 6181 627 76 126 1012 96 281 89
internal_value=-5.4339e-07 1.38427e-07 -1.85753e-05 -5.53919e-05 -1.68132e-07 1.40768e-05 0 -1.35587e-06 -1.50776e-05 -3.86887e-05 -5.13829e-05 -6.88318e-05 0 -1.60377e-05 0 -1.5492e-05 1.35008e-06 8.68631e-06 4.66948e-06 2.33483e-05 6.06747e-05 9.19071e-05 -1.46001e-06 -1.7576e-05 -6.23598e-05 0 6.79146e-06 2.29323e-05 3.34283e-05 4.65497e-05
internal_weight=13827 13057 770 388 12991 675 621 12316 1231 521 416 299 11085 752 700 632 10333 3354 3301 684 274 205 6979 798 171 2617 1604 592 496 370
internal_count=13827 13057 770 388 12991 675 621 12316 1231 521 416 299 11085 752 700 632 10333 3354 3301 684 274 205 6979 798 171 2617 1604 592 496 370
is_linear=0
shrinkage=0.05


Tree=197
num_leaves=31
num_cat=0
split_feature=86 83 137 81 86 77 134 114 19 104 105 105 55 77 104 105 30 93 28 115 115 136 136 28 136 94 94 141 0 104
split_gain=0.000105484 0.000628865 0.000479779 0.000286244 0.000224079 0.000220455 0.00135099 0.000136692 0.000131627 0.000117579 0.000209028 0.000168744 9.53607e-05 0.000147822 0.000773834 0.00157784 8.83682e-05 0.000240516 0.000112118 0.000145979 8.67211e-05 7.78773e-05 8.22115e-05 7.78457e-05 0.000141196 6.35538e-05 0.00013816 5.24581e-05 0.000137572 7.44109e-05
threshold=8.5000000000000018 32.050000000000004 1.0000000180025095e-35 53.750000000000007 17.500000000000004 286.11886920000006 4.6050000000000013 36.050000000000004 -0.0019928571428571525 0.8500000000000002 13.500000000000002 8.5000000000000018 15.11895500000003 281.37332475000005 0.75000000000000011 12.500000000000002 -1.6271428571428566 265.43303845000008 42.150000000000013 13.050000000000002 12.450000000000001 0.26500000000000007 1.2900000000000003 25.600000000000005 0.28000000000000008 15.500000000000002 22.500000000000004 38.660000000000004 0.24405000000000002 4.8500000000000014
decision_type=2 2 2 2 2 2 2 2 2 2 2 2 2 2 2 2 2 2 2 2 2 2 2 2 2 2 2 2 2 2
left_child=1 5 -2 9 -5 7 -7 12 -9 10 11 -4 13 27 -15 -16 -11 -18 19 -19 -14 -10 -23 -13 -25 -21 -27 28 -1 -29
right_child=2 -3 3 4 -6 6 -8 8 21 16 -12 23 20 14 15 -17 17 18 -20 25 -22 22 -24 24 -26 26 -28 29 -30 -31
leaf_value=0 -0.00014276048285329822 0.00016045218230271619 -2.6532844981491694e-05 -0.00013999920200256062 0 0.00026954264107458854 0 0 0 0 -3.5015851523573037e-05 0 -6.0075404126701325e-05 0 0.00035035091109902547 0 0 0 0 0 0 -9.2798761519370608e-05 0 0 9.6731138797899206e-05 0.00015769433149771209 0 -3.980523389034307e-05 6.8826844116965489e-05 0
leaf_weight=8318 67 61 155 67 50 53 277 82 69 1303 609 152 122 323 50 61 305 66 123 55 106 124 50 68 91 81 79 195 73 592
leaf_count=8318 67 61 155 67 50 53 277 82 69 1303 609 152 122 323 50 61 305 66 123 55 106 124 50 68 91 81 79 195 73 592
internal_value=-5.25295e-07 1.51153e-06 -8.62499e-06 -4.2163e-06 -8.09157e-05 9.61455e-08 4.06073e-05 -7.3105e-07 -3.2633e-05 0 -1.45103e-05 1.59876e-06 0 1.08376e-06 2.9589e-05 0.000143783 5.78631e-06 2.01515e-05 4.68675e-05 6.44096e-05 -3.14921e-05 -5.26444e-05 -7.05457e-05 3.16851e-05 5.63385e-05 8.42959e-05 0.000102568 0 8.88091e-07 -1.25709e-05
internal_weight=13827 10556 3271 3204 117 10495 330 10165 325 3087 1075 466 9840 9612 434 111 2012 709 404 281 228 243 174 311 159 215 160 9178 8391 787
internal_count=13827 10556 3271 3204 117 10495 330 10165 325 3087 1075 466 9840 9612 434 111 2012 709 404 281 228 243 174 311 159 215 160 9178 8391 787
is_linear=0
shrinkage=0.05


Tree=198
num_leaves=31
num_cat=0
split_feature=86 87 137 81 86 77 134 114 28 1 104 105 105 29 81 104 104 131 14 19 3 81 21 36 4 19 63 129 95 116
split_gain=9.66603e-05 0.000637227 0.000432036 0.000258809 0.000202459 0.000198112 0.00122333 0.0001431 0.00015571 0.000111095 0.000105306 0.000189051 0.000153832 9.63287e-05 0.000399261 0.00112226 0.000169148 0.000171986 0.000146891 0.000136905 0.00015769 0.000102882 9.31909e-05 9.23217e-05 8.19745e-05 0.000139702 0.000276481 0.000211796 7.1582e-05 6.77216e-05
threshold=8.5000000000000018 4.5000000000000009 1.0000000180025095e-35 53.750000000000007 17.500000000000004 286.11886920000006 4.6050000000000013 36.050000000000004 28.550000000000004 0.41087726350000003 0.8500000000000002 13.500000000000002 8.5000000000000018 28.050000000000001 38.050000000000004 0.75000000000000011 1.6500000000000006 92.98559840874789 0.00086026250000000015 -0.004302857142857143 0.010103200500000001 25.850000000000005 0.31250000000000006 265.75998025000007 0.00049989300000000006 -0.0019928571428571525 9.8275000000000023 3.5000000000000004 4.5000000000000009 280.60862895000008
decision_type=2 2 2 2 2 2 2 2 2 2 2 2 2 2 2 2 2 2 2 2 2 2 2 2 2 2 2 2 2 2
left_child=1 5 -2 10 -5 7 -7 9 -9 13 11 12 -4 14 -1 -16 17 18 -15 -20 -21 -22 -23 -24 -12 -26 27 -27 -14 -29
right_child=2 -3 3 4 -6 6 -8 8 -10 -11 24 -13 28 16 15 -17 -18 -19 19 20 21 22 23 -25 25 26 -28 29 -30 -31
leaf_value=0 -0.00013572743013221897 0.00016135791393935507 -2.5214707145244992e-05 -0.00013310218529702123 0 0.00025631509044345607 0 -6.166745787917112e-05 0 6.0834756706996509e-05 -6.1821160945491793e-07 -3.3267929048462502e-05 0 0 0 0.00024340910724114019 6.2711355031956358e-08 0 0 0 0 0 0 -0.00013874312212382476 0 0 0 0.00017558799544119751 7.0704253766668831e-05 0
leaf_weight=1779 67 61 155 67 50 53 277 197 137 74 971 609 219 126 96 66 6055 948 149 209 68 60 59 142 425 102 381 64 92 69
leaf_count=1779 67 61 155 67 50 53 277 197 137 74 971 609 219 126 96 66 6055 948 149 209 68 60 59 142 425 102 381 64 92 69
internal_value=-5.15209e-07 1.41672e-06 -8.27648e-06 -4.00973e-06 -7.69411e-05 0 3.84493e-05 -7.64762e-07 -3.29493e-05 0 0 -1.37373e-05 1.09663e-06 -1.33139e-07 9.24009e-06 8.45035e-05 -3.10137e-06 -1.68123e-05 -3.37646e-05 -4.33889e-05 -5.51182e-05 -7.84647e-05 -9.34684e-05 -0.000111735 5.46905e-06 1.59406e-05 3.15466e-05 7.43683e-05 3.02744e-05 0.000117013
internal_weight=13827 10556 3271 3204 117 10495 330 10165 334 9831 3087 1075 466 9757 1941 162 7816 1761 813 687 538 329 261 201 2012 1041 616 235 311 133
internal_count=13827 10556 3271 3204 117 10495 330 10165 334 9831 3087 1075 466 9757 1941 162 7816 1761 813 687 538 329 261 201 2012 1041 616 235 311 133
is_linear=0
shrinkage=0.05


Tree=199
num_leaves=31
num_cat=0
split_feature=82 96 86 19 92 109 49 2 50 73 6 47 110 22 140 84 99 92 112 84 92 22 1 120 103 89 2 16 137 28
split_gain=9.03313e-05 0.000448354 0.000340917 0.000288497 0.000256246 6.19954e-05 7.34443e-05 6.1422e-05 0.000182428 5.98603e-05 0.00026165 0.000714293 9.58987e-05 0.000218638 0.000114649 0.000989696 8.69809e-05 0.000138041 0.000185884 0.000140411 8.10916e-05 0.000129522 7.89437e-05 8.56568e-05 0.000585577 0.000156529 0.000192967 0.000207369 0.000133769 0.000126909
threshold=33.374000000000002 51.087500000000006 20.500000000000004 -0.0011528571428571428 6.7500000000000018 1.5500000000000003 961.35000000000002 4.1050000000000008e-05 1000.0500000000001 40.750000000000007 0.0053625000000000001 2.5000000000000004 36.250000000000007 4.5000000000000009 76.225000000000009 15.150000000000004 -0.900000000000034 4.0500000000000016 283.00255040000008 1.2500000000000004 14.550000000000006 1.5000000000000002 0.41087726350000003 269.80794075000006 871.1500000000002 40.45000000000001 1.9650000000000003e-05 0.24000000000000002 0.62500000000000011 28.300000000000001
decision_type=2 2 2 2 2 2 2 2 2 2 2 2 2 2 2 2 2 2 2 2 2 2 2 8 2 2 2 2 2 2
left_child=1 5 3 4 -2 9 -7 8 -4 12 -11 -12 14 -14 20 16 -16 19 -19 -18 22 -22 23 24 -1 -25 29 -28 -26 -27
right_child=2 -3 7 -5 -6 6 -8 -9 -10 10 11 -13 13 -15 15 -17 17 18 -20 -21 21 -23 -24 25 28 26 27 -29 -30 -31
leaf_value=0.00014396772340114695 0 0.00012934128037539187 0 0 -0.00013781456295473894 0 -4.3265910369591038e-05 0 8.8684481585534993e-05 0 0.00018829529208257918 0 -0.00010762677934133749 0 -4.3279034481793577e-05 0.0001969242148375152 5.3421994103238644e-06 0.00012790441213891268 0 -7.8383641283120856e-05 -4.9940648495715243e-05 -2.4733606557748196e-06 5.3880291791005142e-05 5.8099121205637525e-07 -1.864208924152214e-05 -1.5222552710436497e-05 0 -6.1725930890539494e-05 1.8350191444341634e-05 3.1875566266530725e-05
leaf_weight=79 83 66 99 178 127 201 180 205 78 396 72 180 67 165 102 70 243 50 54 55 208 1611 68 7041 409 500 105 369 569 197
leaf_count=79 83 66 99 178 127 201 180 205 78 396 72 180 67 165 102 70 243 50 54 55 208 1611 68 7041 409 500 105 369 569 197
internal_value=-4.69961e-07 1.36199e-07 -1.72206e-05 -5.24277e-05 -9.21175e-05 -1.45273e-07 -2.01571e-05 5.52809e-06 3.047e-05 6.4439e-08 1.51197e-05 5.63196e-05 -3.3437e-07 -3.21667e-05 0 2.20308e-05 0 7.80112e-06 5.93318e-05 0 -8.22171e-07 -1.06729e-05 5.624e-07 0 1.3548e-05 -1.55848e-06 -1.86785e-05 -4.33179e-05 0 0
internal_weight=13827 13057 770 388 210 12991 381 382 177 12610 648 252 11962 232 11730 574 504 402 104 298 11156 1819 9337 9269 1057 8212 1171 474 978 697
internal_count=13827 13057 770 388 210 12991 381 382 177 12610 648 252 11962 232 11730 574 504 402 104 298 11156 1819 9337 9269 1057 8212 1171 474 978 697
is_linear=0
shrinkage=0.05


Tree=200
num_leaves=31
num_cat=0
split_feature=73 88 49 49 133 128 44 73 2 0 131 6 105 104 92 136 90 142 43 116 104 122 114 44 75 138 142 43 16 141
split_gain=0.000133443 0.0011615 6.42649e-05 0.000310897 0.00127261 0.000718104 0.00055081 0.000153307 0.0011026 0.000636633 0.00017839 0.000190279 0.000185205 0.00026078 0.000364955 0.000103237 9.75746e-05 0.000279833 0.000442334 0.000449437 9.0478e-05 9.07462e-05 7.99175e-05 8.26446e-05 0.000198334 7.63688e-05 0.000176342 0.000322412 0.000145074 0.000140845
threshold=52.95000000000001 50.912500000000001 977.45000000000016 969.05000000000007 84.635000000000005 8.3844366951598737 1257.5000000000002 25.950000000000003 0.0059917800000000012 0.18590000000000004 45.987773228168656 0.0043972222222222234 31.500000000000004 23.150000000000006 15.750000000000005 0.16500000000000004 23.094897959183676 582.05391141393363 0.30150000000000005 286.54157035000009 7.6500000000000012 18.500000000000004 18.750000000000004 312.50000000000006 15.350000000000003 5.3850000000000007 70.611725813857859 0.35150000000000003 0.24000000000000002 37.080000000000005
decision_type=2 2 2 2 2 2 2 2 2 2 2 2 2 2 2 2 2 2 2 2 2 2 2 2 2 2 2 2 2 2
left_child=1 2 3 5 15 6 -1 10 9 -9 11 -4 13 14 -13 -5 -12 25 -19 -20 21 -7 -17 -24 -25 26 -18 28 -28 -27
right_child=-2 -3 7 4 -6 20 -8 8 -10 -11 16 12 -14 -15 -16 22 17 18 19 -21 -22 -23 23 24 -26 29 27 -29 -30 -31
leaf_value=0.00023455260565242498 -7.5222305789238663e-05 0.00023378591160267979 0 7.517175132734872e-06 -0.00025680659900460568 -1.553841738104182e-05 0 0 0.0002166876513404008 0.00015407869764427577 -2.1721929369696066e-06 -0.00013875271720410509 0 0 0 0 0 0 0 0.00023540133702886924 6.3968853987808622e-06 5.15442385173291e-06 0 -7.4805631079019933e-05 -8.6220252765481849e-06 0 0 0 0.00011904081711779122 -5.5800359718206862e-05
leaf_weight=57 58 52 364 237 57 1534 50 2069 65 68 3675 153 141 71 67 662 252 67 50 56 1785 355 83 241 683 399 60 97 123 126
leaf_count=57 58 52 364 237 57 1534 50 2069 65 68 3675 153 141 71 67 662 252 67 50 56 1785 355 83 241 683 399 60 97 123 126
internal_value=-1.31806e-07 0 -7.15557e-07 -4.99192e-06 -2.14273e-05 2.22226e-06 0.000129595 1.7602e-06 1.32872e-05 4.66337e-06 -1.81673e-06 -2.40715e-05 -4.65311e-05 -6.92554e-05 -9.63701e-05 -1.16352e-05 7.7985e-07 1.36563e-05 7.30752e-05 0.000137908 -1.60996e-07 -9.00344e-06 -1.73518e-05 -2.64013e-05 -3.13518e-05 0 1.66409e-05 4.57618e-05 8.70558e-05 -9.07556e-06
internal_weight=13757 13699 13647 5744 1963 3781 107 7903 2202 2137 5701 796 432 291 220 1906 4905 1230 173 106 3674 1889 1669 1007 924 1057 532 280 183 525
internal_count=13757 13699 13647 5744 1963 3781 107 7903 2202 2137 5701 796 432 291 220 1906 4905 1230 173 106 3674 1889 1669 1007 924 1057 532 280 183 525
is_linear=0
shrinkage=0.05


Tree=201
num_leaves=31
num_cat=0
split_feature=80 88 24 19 81 31 122 0 93 83 75 81 160 135 138 77 69 141 84 86 84 2 83 30 118 85 53 131 50 41
split_gain=9.74326e-05 0.00116282 0.000448359 0.00126341 0.000119587 9.39494e-05 0.000489774 9.24351e-05 0.000300176 0.00039036 0.000279321 0.000181072 7.38468e-05 9.3508e-05 7.05766e-05 6.30357e-05 0.000103789 6.006e-05 0.000123644 0.000250401 9.39758e-05 0.000606481 7.39572e-05 0.000114406 0.000165458 0.000182351 7.20789e-05 7.15812e-05 6.39732e-05 5.65964e-05
threshold=35.837500000000013 50.037500000000001 42.650000000000006 -1.5714285714285702e-05 52.150000000000013 34.150000000000013 1.5000000000000002 0.12275000000000001 273.60347820000004 10.750000000000002 13.350000000000003 21.750000000000004 0.42959183673469398 29.200000000000006 7.705000000000001 277.90684360000006 268.73051000000004 33.775000000000013 20.450000000000006 4.5000000000000009 1.0000000180025095e-35 0.0059917800000000012 17.750000000000004 -1.9342857142857135 16.950000000000003 270.05314100000004 220.50000000000003 248.85538500663333 1018.2500000000001 55.500000000000007
decision_type=2 2 2 2 2 2 2 2 2 2 2 2 2 2 2 2 2 2 2 2 2 2 2 2 10 2 2 2 2 2
left_child=1 4 3 -2 5 7 -7 17 10 -10 11 -9 13 14 -4 16 -13 18 26 -20 21 27 -22 24 25 -24 -1 -19 -25 -29
right_child=2 -3 12 -5 -6 6 -8 8 9 -11 -12 15 -14 -15 -16 -17 -18 20 19 -21 22 -23 23 28 -26 -27 -28 29 -30 -31
leaf_value=1.8036474739929506e-06 -0.00028901895070400011 0.00023039305913897065 -5.1844802625781789e-05 0 -7.0442222275839106e-05 0.00013105970671131216 0 0 0 0.00014737563952438315 0 0 4.3605345902247837e-05 0 0 0 -0.00014549960865240663 0 -9.6595258132854765e-05 0 -8.4138403509587658e-06 0.00017806691935604626 0 -7.4389390113988282e-06 0 0.00014690647420577771 -1.2835911590307283e-05 4.0189559788746706e-05 5.0765502243188634e-05 0
leaf_weight=5909 53 54 163 136 59 84 464 143 87 52 342 50 80 901 168 61 111 1076 101 147 1252 57 132 514 83 57 976 228 50 167
leaf_count=5909 53 54 163 136 59 84 464 143 87 52 342 50 80 901 168 61 111 1076 101 147 1252 57 132 514 83 57 976 228 50 167
internal_value=-9.5268e-08 1.00584e-06 -1.24096e-05 -8.43615e-05 0 3.19784e-07 2.0715e-05 -2.14648e-07 -1.64e-05 3.53793e-05 -3.36778e-05 -6.40465e-05 0 -4.98183e-06 -2.82188e-05 -9.36072e-05 -0.000114169 5.95513e-07 -1.52607e-06 -3.61681e-05 6.16222e-06 1.5604e-05 0 1.07202e-05 3.74168e-05 6.472e-05 0 5.79525e-06 0 2.40155e-05
internal_weight=13757 12256 1501 189 12202 12143 548 11595 846 139 707 365 1312 1232 331 222 161 10749 7133 248 3616 1528 2088 836 272 189 6885 1471 564 395
internal_count=13757 12256 1501 189 12202 12143 548 11595 846 139 707 365 1312 1232 331 222 161 10749 7133 248 3616 1528 2088 836 272 189 6885 1471 564 395
is_linear=0
shrinkage=0.05


Tree=202
num_leaves=31
num_cat=0
split_feature=73 88 88 85 108 88 52 42 19 31 83 119 135 133 111 22 92 80 134 137 91 96 111 1 11 61 83 133 90 22
split_gain=0.000113237 0.000964442 4.94318e-05 0.000100475 8.60601e-05 6.77018e-05 0.000373733 9.66083e-05 0.000471928 0.000102051 0.000472882 9.81745e-05 0.000302063 0.000232341 0.000370399 7.72155e-05 7.25514e-05 0.000114915 0.000173571 0.000106704 7.09221e-05 0.0001385 0.000793504 0.000136598 0.000102657 0.000563747 7.17587e-05 0.000157788 0.00012579 0.000226794
threshold=52.95000000000001 50.912500000000001 45.050000000000004 275.57644110000007 278.93460080000006 42.587500000000013 257.50000000000006 1.0850000000000002 -0.0063771428571428564 33.750000000000007 16.050000000000004 2.7500000000000004 1.8 88.200000000000003 4.3500000000000005 5.5000000000000009 15.150000000000004 41.062500000000007 8.5550000000000015 0.81000000000000016 19.550000000000004 38.287500000000009 7.6500000000000012 0.36432711350000008 0.0043679039444444448 185.95000000000002 15.850000000000003 26.395000000000007 18.686734693877558 1.0000000180025095e-35
decision_type=2 2 2 2 2 2 2 2 2 2 2 8 2 2 2 2 2 2 2 2 2 2 2 2 2 2 2 2 2 2
left_child=1 2 5 -4 -5 7 16 9 -9 11 -11 12 -1 20 -15 -14 17 18 -7 -20 21 23 -23 26 -22 -26 28 -28 29 -13
right_child=-2 -3 3 4 -6 6 -8 8 -10 10 -12 13 15 14 -16 -17 -18 -19 19 -21 24 22 -24 -25 25 -27 27 -29 -30 -31
leaf_value=-0.00013700262314468657 -6.9278660501645466e-05 0.00021306885725281524 0 0 -8.6778404524172597e-05 0 0.0001451897205561181 -0.00016266106021012766 0 0.00013767705095075751 7.6367107492705171e-08 6.0619222074044446e-05 -2.7199265160341948e-05 0 0.00016107754303604829 0 -2.5857921774484564e-05 0 0 8.3015104121794808e-05 -3.0234033913376793e-06 0.00021068967322448 0 -4.9793470837567627e-05 -0.00015582310594598658 0 -1.7210398173768333e-06 2.3111934735823431e-05 -2.3732322421163548e-05 0
leaf_weight=52 58 52 370 134 78 85 51 53 518 74 915 155 289 62 57 769 140 115 73 155 2827 52 108 129 73 96 765 1101 550 3801
leaf_count=52 58 52 370 134 78 85 51 53 518 74 915 155 289 62 57 769 140 115 73 155 2827 52 108 129 73 96 765 1101 550 3801
internal_value=-7.62534e-08 0 -6.04799e-07 -1.48504e-05 -4.22244e-05 0 1.6156e-05 -7.72333e-07 -2.08619e-05 0 1.55512e-05 -1.20106e-06 -1.53314e-05 0 6.94544e-05 -4.50614e-06 0 1.4249e-05 3.45299e-05 5.94118e-05 -4.53234e-07 1.84453e-06 4.78687e-05 0 -7.2291e-06 -4.77379e-05 1.7346e-06 1.02577e-05 -6.87031e-07 1.25854e-06
internal_weight=13757 13699 13647 582 212 13065 619 12446 571 11875 989 10886 1110 9776 119 1058 568 428 313 228 9657 6661 160 6501 2996 169 6372 1866 4506 3956
internal_count=13757 13699 13647 582 212 13065 619 12446 571 11875 989 10886 1110 9776 119 1058 568 428 313 228 9657 6661 160 6501 2996 169 6372 1866 4506 3956
is_linear=0
shrinkage=0.05


Tree=203
num_leaves=31
num_cat=0
split_feature=73 88 49 49 133 128 44 73 22 6 129 8 136 114 21 42 90 133 138 7 118 44 94 8 123 104 123 44 15 137
split_gain=0.000102298 0.000872599 5.5672e-05 0.000277955 0.00112645 0.000643848 0.000490531 0.000137427 0.0012671 0.000178953 0.000142358 0.000178521 9.4847e-05 8.33495e-05 8.24778e-05 0.000204016 0.000150961 0.000418034 0.000316404 0.000124015 0.000287887 0.00011027 0.000109805 9.2252e-05 0.000132228 8.05908e-05 8.19737e-05 7.86126e-05 0.000114446 7.51131e-05
threshold=52.95000000000001 50.912500000000001 977.45000000000016 969.05000000000007 84.635000000000005 8.3844366951598737 1257.5000000000002 25.950000000000003 1.0000000180025095e-35 0.022078472222222225 7.5000000000000009 0.010133979621826293 0.16500000000000004 10.450000000000001 0.39583333333333343 0.75500000000000012 21.445918367346945 44.730000000000011 6.1100000000000003 0.10380000000000002 8.5500000000000025 352.50000000000006 17.500000000000004 0.0069713496109996753 -1.0000000180025095e-35 7.6500000000000012 0.25881904510252091 412.50000000000006 0.00038020833333333336 8.3900000000000023
decision_type=2 2 2 2 2 2 2 2 2 2 2 2 2 2 2 2 2 2 2 2 10 2 2 2 2 2 2 2 2 2
left_child=1 2 3 5 12 6 -1 10 -9 -10 14 -12 -5 -13 15 19 -16 23 21 -4 -21 -19 -22 24 -18 26 -7 -25 -29 -14
right_child=-2 -3 7 4 -6 25 -8 8 9 -11 11 13 29 -15 16 -17 17 18 -20 20 22 -23 -24 27 -26 -27 -28 28 -30 -31
leaf_value=0.00022178295925211335 -6.5873437865235956e-05 0.0002026164227490366 -8.4810657844402115e-07 7.2005729924596776e-06 -0.00024191326527968693 0 0 0.00022027993715811238 0 8.3064668450494056e-05 0 0 -2.0253175608176998e-05 -6.4141303063055738e-05 0 7.7923084628074086e-05 -4.4425297360070597e-05 0 0 0 -0.00011004957683030098 0.00022033179610271301 0 0 0 6.0460948166047649e-06 -2.0249047800504632e-05 0 9.9184707035327439e-05 0
leaf_weight=57 58 52 1269 237 57 1058 50 71 2064 67 550 134 1550 248 2079 53 184 51 88 193 128 53 50 98 214 1785 831 241 68 119
leaf_count=57 58 52 1269 237 57 1058 50 71 2064 67 550 134 1550 248 2079 53 184 51 88 193 128 53 50 98 214 1785 831 241 68 119
internal_value=-1.41166e-07 0 -6.44366e-07 -4.64316e-06 -2.0205e-05 2.11733e-06 0.000122722 1.62964e-06 1.25635e-05 3.1976e-06 -1.71813e-06 -1.9907e-05 -1.08294e-05 -4.6159e-05 7.917e-07 -6.73333e-06 6.5592e-06 2.2601e-05 8.97551e-05 -1.25619e-05 -3.9078e-05 0.000149469 -8.48197e-05 2.89211e-07 -9.30522e-06 -6.70109e-08 -8.4892e-06 2.19262e-05 3.55909e-05 -1.63865e-05
internal_weight=13757 13699 13647 5744 1963 3781 107 7903 2202 2131 5701 932 1906 382 4769 1693 3076 997 192 1640 371 104 178 805 398 3674 1889 407 309 1669
internal_count=13757 13699 13647 5744 1963 3781 107 7903 2202 2131 5701 932 1906 382 4769 1693 3076 997 192 1640 371 104 178 805 398 3674 1889 407 309 1669
is_linear=0
shrinkage=0.05


Tree=204
num_leaves=31
num_cat=0
split_feature=73 88 41 88 41 29 85 114 56 30 43 129 46 15 22 103 28 134 115 103 73 77 32 104 120 1 6 119 133 139
split_gain=9.25753e-05 0.000788545 4.79275e-05 9.90498e-05 8.17383e-05 0.000528465 0.000203554 0.000134242 0.000127347 0.00010279 4.92053e-05 0.00030973 0.0008663 0.00250016 0.000156055 0.000145747 0.00119572 0.000144965 0.000200063 0.000162173 0.000125398 9.39532e-05 7.97488e-05 9.3415e-05 7.5331e-05 7.50704e-05 6.37852e-05 6.03239e-05 0.000222792 0.000210023
threshold=52.95000000000001 50.912500000000001 33.500000000000007 37.037500000000009 37.500000000000007 28.450000000000003 279.46664460000005 26.150000000000002 -1.9561616499999841 -1.3700000000000008 0.32950000000000007 6.5000000000000009 26.500000000000004 0.00028333333333333341 1.0000000180025095e-35 1151.1000000000001 38.100000000000009 6.5400000000000009 10.15 1582.2500000000002 28.250000000000004 277.82105435000005 17.650000000000002 22.950000000000006 277.98170770000007 0.026048387000000003 0.001905555555555556 2.7500000000000004 88.200000000000003 88.861231950955485
decision_type=2 2 2 2 2 2 2 2 2 2 2 2 2 2 2 2 2 2 2 2 2 2 2 2 10 2 2 8 2 2
left_child=1 2 3 -1 5 -4 10 -8 -9 -10 11 15 17 -14 22 16 21 18 19 -13 -19 25 23 -12 27 -6 -26 29 -29 -16
right_child=-2 -3 4 -5 6 -7 7 8 9 -11 14 12 13 -15 24 -17 -18 20 -20 -21 -22 -23 -24 -25 26 -27 -28 28 -30 -31
leaf_value=0 -6.2635591411736193e-05 0.00019267675681750813 0.00013447803927333336 -6.3869439876785625e-05 0 0 0 0 -0.00010992897161840876 0 -6.0242437962365162e-05 -0.00012687179211632482 0 0.00037822230663508755 0 -8.6464107345766567e-06 0.00023317694142783931 0 0 0 7.4927699336703763e-05 2.6709156465017257e-05 0 0 0 -4.6604285401013508e-05 -1.7080107830036511e-05 2.9434622912905035e-06 0.00010608622742390587 -0.00010438045943845755
leaf_weight=450 58 52 83 90 229 421 191 97 117 85 230 69 152 64 470 1950 58 134 87 72 80 159 50 77 1081 141 1027 5874 56 53
leaf_count=450 58 52 83 90 229 421 191 97 117 85 230 69 152 64 470 1950 58 134 87 72 80 159 50 77 1081 141 1027 5874 56 53
internal_value=-4.79867e-08 0 -5.25833e-07 -1.51146e-05 0 1.97972e-05 -7.13831e-07 -3.23867e-05 -5.32483e-05 -7.5885e-05 1.57234e-07 5.81383e-06 3.6589e-05 0.000118516 -1.30915e-06 -2.0929e-07 1.92823e-05 0 -3.10768e-05 -7.12721e-05 2.56316e-05 0 -3.36522e-05 -4.43128e-05 0 -1.80403e-05 -8.16019e-06 2.72406e-06 4.77824e-06 -1.09899e-05
internal_weight=13757 13699 13647 540 13107 504 12603 490 299 202 12113 3195 658 216 8918 2537 587 442 228 141 214 529 357 307 8561 370 2108 6453 5930 523
internal_count=13757 13699 13647 540 13107 504 12603 490 299 202 12113 3195 658 216 8918 2537 587 442 228 141 214 529 357 307 8561 370 2108 6453 5930 523
is_linear=0
shrinkage=0.05


Tree=205
num_leaves=31
num_cat=0
split_feature=75 73 2 133 137 61 96 2 14 103 108 116 67 16 133 61 77 32 43 94 33 13 118 3 120 137 6 136 84 84
split_gain=0.000101537 0.000850393 0.00434712 0.00120281 0.000363846 0.00117862 0.000250156 0.000124015 0.000114561 0.000154657 0.000121176 0.000126046 8.69838e-05 0.000151798 0.000129261 0.000103341 8.98106e-05 7.84102e-05 8.52776e-05 7.36215e-05 0.000340456 8.37295e-05 6.83917e-05 6.81168e-05 5.34958e-05 6.85451e-05 8.20305e-05 7.64432e-05 8.72014e-05 0.000131188
threshold=12.950000000000001 25.250000000000004 0.0040711290000000006 84.075000000000017 1.0000000180025095e-35 1287.3000000000002 50.937500000000007 0.00036114100000000004 0.020612574500000005 3039.9000000000001 279.96135030000011 275.23116510000006 13.850000000000003 14.870000000000003 83.585000000000022 79.350000000000009 275.29665565000005 10.950000000000001 0.37650000000000006 17.500000000000004 -0.48426264711114636 0.0011588721597222225 27.450000000000003 0.0028776700000000001 280.81438530000008 0.89500000000000013 0.014181250000000001 0.8650000000000001 15.650000000000004 7.7500000000000018
decision_type=2 2 2 2 2 2 2 2 2 2 2 2 2 2 2 2 2 2 2 2 2 2 8 2 8 2 2 2 2 2
left_child=1 7 3 22 5 -2 12 19 9 10 11 -9 14 15 17 -14 -16 18 -6 -1 21 -21 -3 -20 25 26 -17 28 29 -27
right_child=4 2 -4 -5 6 -7 -8 8 -10 -11 -12 -13 13 -15 16 24 -18 -19 23 20 -22 -23 -24 -25 -26 27 -28 -29 -30 -31
leaf_value=0 5.7386001662962324e-06 -2.274818224567425e-05 0.00043612123310647779 0.00020414268074495746 0 -0.00024583704467966947 -9.1025413054815656e-05 0 0 0 0 -7.693326371106941e-05 5.4398931603358065e-05 9.1606997179684085e-05 0 0 -0.00011442567376574375 -1.3829812709164519e-05 0 0.00015756910614322361 0 0 0 5.1209047933725555e-05 -1.1349760222229338e-05 6.5117703618970812e-06 -3.6375825181313521e-05 0 0 5.4816357600864757e-05
leaf_weight=4092 51 413 68 71 893 64 76 70 429 202 62 266 90 50 52 1663 51 1116 127 50 420 74 141 148 786 952 160 689 104 296
leaf_count=4092 51 413 68 71 893 64 76 70 429 202 62 266 90 50 52 1663 51 1116 127 50 420 74 141 148 786 952 160 689 104 296
internal_value=1.76522e-07 5.13693e-06 5.74796e-05 7.66531e-06 -3.42551e-06 -9.20776e-05 -1.31812e-06 -3.92716e-07 -1.67564e-05 -3.09474e-05 -4.91085e-05 -6.1272e-05 0 3.52194e-06 -8.13495e-06 1.51902e-06 -6.62398e-05 -3.29861e-06 2.4898e-06 2.16388e-06 1.94307e-05 9.19524e-05 -8.82844e-06 2.82613e-05 0 2.89356e-06 -2.08889e-06 9.79126e-06 1.69097e-05 2.20065e-05
internal_weight=13726 6358 693 625 7368 115 7253 5665 1029 600 398 336 7177 4790 2387 4740 103 2284 1168 4636 544 124 554 275 4650 3864 1823 2041 1352 1248
internal_count=13726 6358 693 625 7368 115 7253 5665 1029 600 398 336 7177 4790 2387 4740 103 2284 1168 4636 544 124 554 275 4650 3864 1823 2041 1352 1248
is_linear=0
shrinkage=0.05


Tree=206
num_leaves=31
num_cat=0
split_feature=111 88 134 96 22 73 126 92 113 93 140 119 9 139 81 82 128 49 81 76 46 140 128 100 84 18 141 99 56 45
split_gain=7.91829e-05 0.000805492 0.00327901 0.000300131 0.000207628 0.00247146 0.000289622 0.000167643 0.00015456 0.000143431 0.000886358 9.32096e-05 0.000134129 9.09824e-05 0.000114809 0.000196558 8.80816e-05 9.00209e-05 8.68811e-05 6.79061e-05 0.000101075 0.000219211 7.81413e-05 0.000178951 0.000292394 0.000353864 0.00086816 6.78771e-05 9.13428e-05 6.56033e-05
threshold=9.6500000000000004 38.63750000000001 6.4400000000000004 50.937500000000007 1.0000000180025095e-35 25.950000000000003 17.500000000000004 0.25000000000000006 1.4500000000000002 267.48674725000006 76.225000000000009 17.850000000000005 0.39895833333333336 39.149724511498469 21.750000000000004 20.890000000000004 10.55025041396661 994.45000000000016 39.750000000000007 7.4500000000000011 96.500000000000014 66.940000000000012 9.7914939505541039 -7.1999999999999877 7.450000000000002 0.0039416666666666671 26.890000000000004 -2.5500000000000109 -1.2452974999999638 37.500000000000007
decision_type=2 2 2 2 2 2 2 2 2 2 2 8 2 2 2 2 2 2 2 2 2 2 2 2 2 2 2 2 2 2
left_child=1 4 -3 9 5 6 -1 -8 11 19 16 12 18 -14 -15 29 17 -11 27 22 21 -21 23 -2 -25 -26 -27 -6 -29 -16
right_child=3 2 -4 -5 8 -7 7 -9 -10 10 -12 -13 13 14 15 -17 -18 -19 -20 20 -22 -23 -24 24 25 26 -28 28 -30 -31
leaf_value=6.7520376904248416e-05 -3.7346681292197338e-05 0.00038173020582741028 0 -0.00010346703086203586 4.5879688967986671e-05 0.00035822738607328995 0 -0.00010337311833461362 6.2832190499572481e-05 -2.5585773166838139e-05 -0.0002178873629627732 2.090068169953996e-06 0 0 0 0 2.5658537113773428e-06 0 -4.3701488990005931e-05 0 0 -0.00011932392974901426 0 1.7167237831805065e-06 0 0.00021850007294609027 0 3.4680661571602136e-06 -3.8961448882454524e-05 -6.4449171881602747e-05
leaf_weight=50 103 70 255 74 83 51 109 85 83 739 52 2478 436 194 53 195 837 279 109 321 191 61 3026 1285 228 91 176 1442 138 432
leaf_count=50 103 70 255 74 83 51 109 85 83 739 52 2478 436 194 53 195 837 279 109 321 191 61 3026 1285 228 91 176 1442 138 432
internal_value=1.64575e-07 4.63749e-06 8.11808e-05 -2.91937e-06 0 4.12103e-05 -5.83495e-06 -5.06313e-05 -1.70339e-06 -1.22194e-06 -1.34461e-05 -3.57703e-06 -9.7545e-06 -2.18983e-05 -3.12799e-05 -4.09711e-05 -4.90691e-06 -1.59543e-05 0 2.12021e-06 -1.19562e-05 -2.95634e-05 4.7837e-06 1.278e-05 1.85074e-05 5.19233e-05 9.10529e-05 2.06891e-06 0 -5.79936e-05
internal_weight=13726 6263 325 7463 5938 295 244 194 5643 7389 1907 5560 3082 1310 874 680 1855 1018 1772 5482 573 382 4909 1883 1780 495 267 1663 1580 485
internal_count=13726 6263 325 7463 5938 295 244 194 5643 7389 1907 5560 3082 1310 874 680 1855 1018 1772 5482 573 382 4909 1883 1780 495 267 1663 1580 485
is_linear=0
shrinkage=0.05


Tree=207
num_leaves=31
num_cat=0
split_feature=111 88 134 96 80 43 83 84 133 44 2 94 81 114 19 136 1 110 136 105 96 1 77 49 11 118 133 76 4 63
split_gain=7.25543e-05 0.000724702 0.00296564 0.000271239 0.000148699 0.000849368 0.0024394 0.000154497 0.000145442 0.000791168 0.000129596 0.000122365 0.000186869 0.000107517 0.000103323 9.73581e-05 9.18753e-05 0.000110849 0.000152845 0.000300618 8.68119e-05 0.000111326 0.000135069 8.17104e-05 0.000127692 6.76826e-05 6.53077e-05 5.61123e-05 9.03275e-05 8.83013e-05
threshold=9.6500000000000004 38.63750000000001 6.4400000000000004 50.937500000000007 23.662500000000005 0.32650000000000007 14.750000000000002 15.150000000000004 84.635000000000005 1362.5000000000002 0.00036114100000000004 16.500000000000004 39.850000000000001 24.950000000000003 0.0096585714285714278 0.67000000000000015 0.16196420900000003 21.450000000000003 0.45500000000000002 19.500000000000004 22.762500000000006 0.012583762000000002 275.71353480000005 969.35000000000002 0.00088056220833333343 11.550000000000002 50.805000000000014 9.4500000000000028 0.0041487775000000008 5.09985
decision_type=2 2 2 2 2 2 2 2 2 2 2 2 2 2 2 2 2 2 2 2 2 2 2 2 2 10 2 2 2 2
left_child=1 4 -3 8 10 6 -6 23 14 13 11 12 -1 -10 16 -13 27 -18 -19 -20 -12 -22 25 -7 -25 -23 -26 28 29 -2
right_child=3 2 -4 -5 5 7 -8 -9 9 -11 20 15 -14 -15 -16 -17 17 18 19 -21 21 22 -24 24 26 -27 -28 -29 -30 -31
leaf_value=0 -7.8183416982754166e-06 0.00036291251637649881 0 -9.8362657846882929e-05 0.00040966083680132214 0 0 6.030863212579403e-05 6.9666237602885101e-05 -0.0002126103143508282 0 0 -7.3168432618537986e-05 -1.008310413288365e-05 -3.5107069696666666e-05 7.1394607161042053e-05 0 0 0.00012585614799738541 0 0 0 0 0 0 -9.6547573117426871e-05 -8.5106964366233402e-05 -1.9984799800019054e-05 -1.085973591181734e-05 7.9538678852171247e-06
leaf_weight=3799 849 70 255 74 50 243 131 65 53 51 575 180 87 65 203 106 112 168 103 245 51 50 161 120 61 145 114 349 1217 3974
leaf_count=3799 849 70 255 74 50 243 131 65 53 51 575 180 87 65 203 106 112 168 103 245 51 50 161 120 61 145 114 349 1217 3974
internal_value=1.79078e-07 4.47146e-06 7.70825e-05 -2.75335e-06 0 2.07195e-05 0.00011627 0 -1.10606e-06 -4.68191e-05 -2.5964e-06 9.42652e-08 -1.00761e-06 0 0 3.24388e-05 9.89924e-07 1.93928e-05 3.1521e-05 5.0663e-05 -1.91026e-05 -3.75648e-05 -4.89111e-05 -1.6469e-05 -3.44095e-05 -7.79758e-05 -6.16855e-05 -3.92494e-08 2.88673e-07 4.13993e-06
internal_weight=13726 6263 325 7463 5938 784 181 603 7389 169 5154 4172 3886 118 7220 286 7017 628 516 348 982 407 356 538 295 195 175 6389 6040 4823
internal_count=13726 6263 325 7463 5938 784 181 603 7389 169 5154 4172 3886 118 7220 286 7017 628 516 348 982 407 356 538 295 195 175 6389 6040 4823
is_linear=0
shrinkage=0.05


Tree=208
num_leaves=31
num_cat=0
split_feature=75 73 2 133 133 96 2 43 136 73 6 63 4 108 105 118 136 49 101 132 43 93 85 2 161 33 10 12 13 114
split_gain=9.34779e-05 0.000749776 0.00380027 0.00108245 0.00030891 0.000187812 0.00010131 9.83394e-05 0.000160057 7.6326e-05 0.000144335 0.000790951 9.72986e-05 7.4891e-05 0.000116131 6.26248e-05 6.12011e-05 0.000100631 9.9212e-05 0.000130578 9.01758e-05 9.99062e-05 8.38898e-05 6.24681e-05 5.75595e-05 0.000299044 5.87405e-05 6.37058e-05 5.50143e-05 4.70011e-05
threshold=12.950000000000001 25.250000000000004 0.0040711290000000006 84.075000000000017 87.64500000000001 51.087500000000006 0.00036114100000000004 0.33250000000000007 0.94500000000000006 27.350000000000005 0.021504166666666668 7.9920500000000008 0.010930737000000001 279.59269805000008 34.500000000000007 27.450000000000003 0.37000000000000005 945.05000000000007 2.4489060999999883 4.5000000000000009 0.37450000000000006 265.09074330000004 267.53708350000005 9.4850000000000015e-05 0.35714285714285721 -0.48426264711114636 3.9900000000000002 0.037016973000000009 0.0011588721597222225 13.850000000000003
decision_type=2 2 2 2 2 2 2 2 2 2 2 2 2 2 2 8 2 2 2 2 2 2 2 2 2 2 2 2 2 2
left_child=1 6 3 15 5 9 24 8 13 29 16 -12 -13 14 -8 -3 17 -11 23 -20 21 22 -18 -19 -1 28 -27 -28 -26 -2
right_child=4 2 -4 -5 -6 -7 7 -9 -10 10 11 12 -14 -15 -16 -17 20 18 19 -21 -22 -23 -24 -25 25 26 27 -29 -30 -31
leaf_value=0 0 -2.1695964402973968e-05 0.00040817687359025434 0.00019356660346602441 -0.0001062768701081655 -9.2561057536569703e-05 -0.00010687967310347457 0 0 -8.0474244789888469e-06 0.0001796590725576632 -3.1562289889381163e-05 3.5477416324969107e-05 0 0 0 0 -1.541283643629996e-06 5.5186509117385921e-05 0 2.3420681945076087e-06 0 -4.5359251910344971e-05 1.8161818439253247e-05 0.0001432731970385694 -2.5101517983606273e-05 3.8070244991639117e-05 0 0 -1.7282272078598802e-05
leaf_weight=4092 625 413 68 71 73 56 118 720 77 510 72 156 68 50 64 141 297 819 286 153 1321 1118 361 481 50 172 135 113 74 972
leaf_count=4092 625 413 68 71 73 56 118 720 77 510 72 156 68 50 64 141 297 819 286 153 1321 1118 361 481 50 172 135 113 74 972
internal_value=9.58889e-08 4.87512e-06 5.40197e-05 6.90971e-06 -3.34979e-06 -1.62008e-06 -2.62764e-07 -1.51312e-05 -3.94179e-05 -2.13277e-07 1.78771e-06 3.57164e-05 0 -6.15191e-05 -7.64314e-05 -8.30868e-06 0 6.17808e-06 1.32258e-05 3.5279e-05 -4.65475e-06 -1.26711e-05 -2.84948e-05 1.91402e-06 1.96168e-06 1.72272e-05 0 1.23285e-05 8.52925e-05 -1.04081e-05
internal_weight=13726 6358 693 625 7368 7295 5665 1029 309 7239 5642 296 224 232 182 554 5346 2249 1739 439 3097 1776 658 1300 4636 544 420 248 124 1597
internal_count=13726 6358 693 625 7368 7295 5665 1029 309 7239 5642 296 224 232 182 554 5346 2249 1739 439 3097 1776 658 1300 4636 544 420 248 124 1597
is_linear=0
shrinkage=0.05


Tree=209
num_leaves=31
num_cat=0
split_feature=86 96 96 137 29 43 69 142 120 100 111 120 36 92 114 19 14 43 22 82 22 43 1 141 92 15 41 134 103 6
split_gain=7.26387e-05 0.00134126 0.000688449 0.000468953 0.000147579 9.53616e-05 8.19568e-05 0.000453821 0.00070142 7.94416e-05 9.43107e-05 0.000212568 7.56333e-05 0.000233996 7.0209e-05 0.000338906 0.000108793 0.000104208 0.00134601 0.00642724 0.000105642 0.000118268 9.74055e-05 9.25878e-05 8.13144e-05 0.000340416 7.8901e-05 5.62578e-05 0.000124494 8.02703e-05
threshold=9.5000000000000018 50.937500000000007 50.937500000000007 1.0000000180025095e-35 28.050000000000001 0.32850000000000007 289.77750380000003 640.00813109452349 266.28082010000008 -6.7499999999999991 14.250000000000002 269.01009405000008 284.74790355000005 20.050000000000008 31.450000000000003 -0.0019928571428571525 0.021360750500000001 0.32850000000000007 1.0000000180025095e-35 13.274000000000003 1.0000000180025095e-35 0.44150000000000006 0.072925425000000016 22.130000000000006 8.3500000000000032 0.0035489583333333337 44.500000000000007 8.7300000000000022 1702.95 0.0023347222222222228
decision_type=2 2 2 2 2 2 2 2 10 2 2 10 2 2 2 2 2 2 2 2 2 2 2 2 2 2 2 2 2 2
left_child=1 6 3 -2 -5 -6 12 -8 -9 -7 11 -11 14 -14 17 16 -16 18 19 -1 21 22 -19 -17 27 -26 -18 28 29 -22
right_child=2 -3 -4 4 5 9 7 8 -10 10 -12 -13 13 -15 15 23 26 20 -20 -21 24 -23 -24 -25 25 -27 -28 -29 -30 -31
leaf_value=-7.5894468071579829e-05 -0.00014109728722159763 0.00023633727901395735 -0.00016002167262829265 -3.714625517262067e-05 -9.8043869136999863e-07 0 0 0.00023942929863551401 0 0 5.2198575216339781e-06 0.0001220827748546158 0 -9.4810473810655324e-05 0 0 0.00010111049573879427 0 0 0.00060950176384582083 0 0 -7.4317256485113015e-05 -4.3625822721378596e-05 1.6868469448987411e-06 0.00013569645036560569 0 2.676357327408581e-06 -2.5665838036529013e-07 -6.7530915459572744e-05
leaf_weight=71 58 60 71 214 1300 122 210 53 78 222 860 83 127 85 111 77 63 107 1793 51 259 65 144 541 969 56 51 3201 2486 138
leaf_count=71 58 60 71 214 1300 122 210 53 78 222 860 83 127 85 111 77 63 107 1793 51 259 65 144 541 969 56 51 3201 2486 138
internal_value=4.31871e-08 2.2906e-06 -6.52978e-06 -9.15115e-07 2.52502e-07 5.29133e-06 4.95021e-07 2.46332e-05 0.000100833 1.55043e-05 2.08773e-05 4.85251e-05 0 -2.97142e-05 3.16147e-07 -1.27808e-05 2.86154e-05 2.03475e-06 1.24962e-05 0.000172599 0 -2.87301e-05 -4.70279e-05 -3.59517e-05 5.86686e-07 1.40068e-05 6.30418e-05 -8.54495e-07 -6.50808e-06 -3.29924e-05
internal_weight=13726 10796 2930 2859 2801 2587 10736 341 131 1287 1165 305 10395 212 10183 843 225 9340 1915 122 7425 316 251 618 7109 1025 114 6084 2883 397
internal_count=13726 10796 2930 2859 2801 2587 10736 341 131 1287 1165 305 10395 212 10183 843 225 9340 1915 122 7425 316 251 618 7109 1025 114 6084 2883 397
is_linear=0
shrinkage=0.05


Tree=210
num_leaves=31
num_cat=0
split_feature=115 156 81 122 84 155 130 59 133 81 85 131 61 23 82 2 61 122 114 63 0 77 131 92 82 69 34 61 29 2
split_gain=9.87914e-05 0.000123585 0.00012522 0.000219673 9.47212e-05 0.000457903 0.000161905 0.000136185 0.000913109 0.000192736 0.00107885 0.000150359 0.00219088 0.000127967 0.000127889 0.00012255 0.000147766 0.000117972 0.00010542 0.000134519 8.64851e-05 6.06859e-05 9.29242e-05 0.000196866 0.000175086 0.000186704 0.000131809 6.90412e-05 0.000265365 5.99927e-05
threshold=18.950000000000003 0.78000000000000014 49.750000000000007 14.500000000000002 22.750000000000004 0.8520000000000002 1.0000000180025095e-35 8.2487500000000029 88.200000000000003 45.650000000000013 280.31944675000005 33.15434016127945 1790.9000000000003 22.750000000000004 17.446000000000005 0.0047217085000000004 79.350000000000009 10.500000000000002 27.750000000000004 21.279800000000005 0.0028000000000000004 290.06145445000004 64.936761357106477 8.6500000000000039 24.012000000000004 276.90131505000005 0.3064610210628631 378.80000000000007 51.100000000000009 0.00036114100000000004
decision_type=2 2 2 2 2 2 2 2 2 2 2 2 2 2 2 2 2 2 2 2 2 2 2 2 2 2 2 2 2 2
left_child=4 2 -2 -4 5 7 -6 9 15 11 -11 12 13 14 -1 16 -9 -8 19 -17 -15 22 23 -13 25 -25 -27 28 29 -24
right_child=1 -3 3 -5 6 -7 17 8 -10 10 -12 21 -14 20 -16 18 -18 -19 -20 -21 -22 -23 27 24 -26 26 -28 -29 -30 -31
leaf_value=0 -7.9859860326473293e-06 2.661436787491674e-06 -0.00011139167141267205 0 0 0.00012565829214106482 -8.9906092464599402e-05 6.2421352104774025e-05 -0.00019600474964901217 0 0.00024564768695563543 0 0.00033665212241867969 0 6.8725772939352771e-05 -7.1863765579716226e-05 -1.2751710499336215e-06 0 0 0 -3.9475044321261326e-05 3.9908289797093987e-05 9.8091335322037054e-06 0 0 -0.00013426249491607856 0 -4.6805662333936635e-07 0.00010700069764867738 -2.1928892788346867e-05
leaf_weight=206 891 312 109 81 130 73 112 92 62 270 54 1051 51 134 103 179 4333 69 75 102 233 92 977 69 162 107 59 3314 73 122
leaf_count=206 891 312 109 81 130 73 112 92 62 270 54 1051 51 134 103 179 4333 69 75 102 233 92 977 69 162 107 59 3314 73 122
internal_value=-7.18763e-07 -1.34666e-05 -2.27408e-05 -6.53508e-05 3.19127e-07 1.42507e-06 -2.61712e-05 2.34339e-07 -5.76373e-06 5.04565e-06 4.37382e-05 2.44273e-06 2.39102e-05 0 2.35203e-05 -2.21063e-06 0 -5.82936e-05 -3.03917e-05 -4.58681e-05 -2.0083e-05 0 -7.78424e-07 -1.23412e-05 -4.23214e-05 -6.98234e-05 -9.84105e-05 1.84144e-06 1.26293e-05 1.72371e-06
internal_weight=13697 1393 1081 190 12304 11993 311 11920 4843 7077 324 6753 727 676 309 4781 4425 181 356 281 367 6026 5934 1448 397 235 166 4486 1172 1099
internal_count=13697 1393 1081 190 12304 11993 311 11920 4843 7077 324 6753 727 676 309 4781 4425 181 356 281 367 6026 5934 1448 397 235 166 4486 1172 1099
is_linear=0
shrinkage=0.05


Tree=211
num_leaves=31
num_cat=0
split_feature=115 156 81 123 49 88 134 49 131 128 22 44 73 145 6 8 122 104 160 138 90 23 93 81 29 67 3 17 50 142
split_gain=8.94165e-05 0.000116007 0.000109211 0.00027179 8.47566e-05 0.00031447 0.00136471 0.000263047 0.00154359 0.000463841 0.00019768 0.00203976 0.000143309 9.44845e-05 7.57626e-05 0.000113004 6.90511e-05 0.000110614 6.35512e-05 6.18647e-05 0.000106938 0.000193523 7.60798e-05 6.47981e-05 0.000240917 0.000211867 6.02973e-05 0.000190367 0.000171705 5.94143e-05
threshold=18.950000000000003 0.78000000000000014 49.750000000000007 -0.60355339059327362 977.45000000000016 42.587500000000013 7.8150000000000004 969.05000000000007 27.937552244576551 8.3844366951598737 1.0000000180025095e-35 1287.5000000000002 15.850000000000003 0.17500000000000004 0.0053625000000000001 0.011668712943750105 16.500000000000004 8.5500000000000025 0.0070598006644518293 4.3950000000000005 21.687755102040821 22.704166666666673 265.96721745000008 36.850000000000001 29.600000000000005 10.550000000000002 0.0310506545 0.03425000000000001 1007.6500000000002 515.86460434107755
decision_type=2 2 2 2 2 2 2 2 2 2 2 2 2 2 2 2 2 2 2 2 2 2 2 2 2 2 2 2 2 2
left_child=4 2 -2 -4 7 10 -7 9 -9 -1 11 12 -6 26 16 -16 17 -11 -14 20 -12 -22 -21 -24 25 -25 27 -10 -29 -15
right_child=1 -3 3 -5 5 6 -8 8 13 14 19 -13 18 29 15 -17 -18 -19 -20 22 21 -23 23 24 -26 -27 -28 28 -30 -31
leaf_value=0.00011270892296095319 -7.5871345599250467e-06 2.5287906201250171e-06 0 -0.00010443135150559942 1.5930261782350383e-05 0.00028242372723104417 0 -0.00029250844249033368 0 -2.2870828016767527e-05 0 0.00032843121200664012 0 0 7.3974092645437702e-05 5.182415964905824e-07 3.8471586026908712e-06 0 -7.6960488493222376e-05 -6.1965591272434252e-06 -0.00010356845107444202 0 2.6499993841752989e-06 0.0001181883713091408 0 0 -1.4159669433855776e-05 0 0.00013447920064423027 -7.2641974426116982e-05
leaf_weight=92 891 312 61 129 80 53 174 51 644 967 1398 51 50 117 73 902 645 806 83 1194 80 286 3206 103 319 51 668 64 50 97
leaf_count=92 891 312 61 129 80 53 174 51 644 967 1398 51 50 117 73 902 645 806 83 1194 80 286 3206 103 319 51 668 64 50 97
internal_value=-6.70096e-07 -1.28057e-05 -2.18509e-05 -6.21724e-05 2.98428e-07 4.1987e-06 6.26686e-05 -4.1067e-06 -2.06731e-05 2.50101e-06 1.54217e-06 4.38959e-05 -2.08421e-06 -8.99965e-06 0 1.12111e-05 -5.25237e-06 -1.13815e-05 -5.02714e-05 0 -8.16572e-06 -3.23903e-05 2.75424e-06 7.01876e-06 2.60137e-05 7.71699e-05 -6.07068e-07 4.75169e-06 6.54784e-05 -4.14053e-05
internal_weight=13697 1393 1081 190 12304 7128 227 5176 1691 3485 6901 264 213 1640 3393 975 2418 1773 133 6637 1764 366 4873 3679 473 154 1426 758 114 214
internal_count=13697 1393 1081 190 12304 7128 227 5176 1691 3485 6901 264 213 1640 3393 975 2418 1773 133 6637 1764 366 4873 3679 473 154 1426 758 114 214
is_linear=0
shrinkage=0.05


Tree=212
num_leaves=31
num_cat=0
split_feature=115 156 14 119 46 135 69 139 155 42 135 133 98 96 49 85 56 22 33 131 85 7 75 118 96 11 118 138 74 14
split_gain=8.00968e-05 0.000108312 9.41472e-05 8.37246e-05 0.000225205 0.00103832 0.000253205 8.98466e-05 0.000947931 0.000112943 0.000719873 0.000213077 8.22413e-05 0.000123396 8.05215e-05 0.000456021 0.00156127 0.000232407 0.00187584 8.59641e-05 9.14402e-05 0.000169588 7.63944e-05 9.83929e-05 8.79764e-05 0.000123376 0.000175806 7.20418e-05 7.51803e-05 9.13769e-05
threshold=18.950000000000003 0.78000000000000014 0.029926886000000003 2.4500000000000006 37.500000000000007 4.3900000000000015 287.04833890000003 93.65491565332664 0.35800000000000004 1.1050000000000002 6.2500000000000009 88.200000000000003 4.5000000000000018 48.937500000000007 981.6500000000002 280.31944675000005 -0.68321289999997237 1.0000000180025095e-35 -0.72187646399471694 64.936761357106477 276.23717085000004 0.055550000000000009 13.450000000000001 33.45000000000001 46.51250000000001 0.0025682991041666671 29.750000000000004 6.4250000000000007 24.478571428571435 0.034794985500000007
decision_type=2 2 2 8 2 2 2 2 2 2 2 2 2 2 2 2 2 2 2 2 2 2 2 8 2 2 8 2 2 2
left_child=3 2 12 4 5 -1 -6 9 -9 11 -11 14 13 -2 22 17 -17 18 -16 20 -19 -22 23 -5 25 -24 27 -27 -29 -30
right_child=1 -3 -4 7 6 -7 -8 8 -10 10 -12 -13 -14 -15 15 16 -18 19 -20 -21 21 -23 24 -25 -26 26 -28 28 29 -31
leaf_value=-0.00025056679589843562 -1.6392798300590212e-05 2.4027555698590525e-06 0 -2.1850720805897594e-05 -4.3181525939904821e-06 0 0.00010182531244625655 0 0.0002043624312615961 -0.00019432599519388061 0 8.9500678703598809e-05 0 -0.00010232718015935924 0.00027454678769783537 0.00025427444922934234 -1.591734150170659e-05 0 -2.8237006343075893e-05 3.8257627640356574e-06 0 -9.7736063358859298e-05 -7.1359693384622014e-07 0 -3.8791825365273504e-05 0 0.00011793416910222731 0 6.0280950136524843e-05 0
leaf_weight=52 575 312 161 998 584 330 59 271 62 53 372 70 244 101 68 79 75 954 117 3793 169 84 2400 727 123 483 52 79 175 75
leaf_count=52 575 312 161 998 584 330 59 271 62 53 372 70 244 101 68 79 75 954 117 3793 169 84 2400 727 123 483 52 79 175 75
internal_value=-6.11879e-07 -1.21083e-05 -2.0916e-05 2.84233e-07 -1.28241e-05 -4.371e-05 0 1.91977e-06 2.79705e-05 6.68024e-07 -2.37107e-05 2.13017e-06 -2.774e-05 -3.67498e-05 1.05808e-06 5.68978e-06 9.11757e-05 2.16953e-06 5.70525e-05 0 -1.14864e-05 -3.9083e-05 -2.80155e-06 -1.15686e-05 1.89802e-07 3.2016e-06 1.98458e-05 7.27684e-06 2.60044e-05 4.04706e-05
internal_weight=13697 1393 1081 12304 1025 382 643 11279 333 10946 425 10521 920 676 10451 5339 154 5185 185 5000 1207 253 5112 1725 3387 3264 864 812 329 250
internal_count=13697 1393 1081 12304 1025 382 643 11279 333 10946 425 10521 920 676 10451 5339 154 5185 185 5000 1207 253 5112 1725 3387 3264 864 812 329 250
is_linear=0
shrinkage=0.05


Tree=213
num_leaves=31
num_cat=0
split_feature=47 83 96 89 88 51 90 19 66 124 43 22 43 32 36 93 133 89 19 118 73 100 34 28 29 1 114 83 119 90
split_gain=7.40495e-05 0.000195906 0.000189912 0.000101318 0.000185828 0.000629423 0.000130473 0.000543761 0.000279518 0.000538613 0.000101119 0.00134432 7.80495e-05 7.77088e-05 9.99051e-05 8.74888e-05 6.45502e-05 0.00011547 6.2041e-05 8.64361e-05 0.000112727 8.61285e-05 5.23193e-05 0.000136645 0.000658065 4.48989e-05 9.59536e-05 0.000130194 5.3228e-05 4.53169e-05
threshold=64.500000000000014 33.550000000000004 50.937500000000007 47.800000000000004 42.662500000000009 368.50000000000006 25.286734693877555 -0.0063771428571428564 35.525000000000006 0.78656609248549303 0.32850000000000007 1.0000000180025095e-35 0.30950000000000005 7.5500000000000007 276.44280305000007 272.78168965000003 78.555000000000021 32.850000000000001 0.0039700000000000056 31.250000000000004 30.950000000000003 3.3500000000000232 0.23484953092921271 32.550000000000004 45.250000000000007 0.00035859950000000003 19.250000000000004 20.250000000000004 14.050000000000002 18.188775510204085
decision_type=2 2 2 2 2 2 2 2 2 2 2 2 2 2 2 2 2 2 2 8 2 2 2 2 2 2 2 2 10 2
left_child=1 3 18 4 6 -6 8 -8 10 -10 11 -1 -5 -14 15 -15 -12 -18 22 20 21 -20 25 -24 -25 26 -2 28 29 -28
right_child=2 -3 -4 12 5 -7 7 -9 9 -11 16 -13 13 14 -16 -17 17 -19 19 -21 -22 -23 23 24 -26 -27 27 -29 -30 -31
leaf_value=0.00023430138840040222 0 7.7852283074376872e-05 -0.00010408527673322309 0 0 0.00020258838864686582 -0.00014201375259733303 -1.9635438765040887e-07 0 0.00018461333377354816 3.4267927079052221e-08 0 0 -7.3600136628334826e-05 0 0 0 -5.633005553657701e-05 -0.00010113495610022546 0 0 0 0 0.00018653893556201169 0 0 0 0 0 -6.0900938315035781e-05
leaf_weight=65 792 85 51 127 183 50 77 1166 119 62 3849 1115 107 194 79 64 364 142 90 144 122 51 634 58 143 3142 50 254 51 267
leaf_count=65 792 85 51 127 183 50 77 1166 119 62 3849 1115 107 194 79 64 364 142 90 144 122 51 634 58 143 3142 50 254 51 267
internal_value=-6.4485e-07 2.09213e-06 -5.17167e-06 6.08681e-07 2.83325e-06 4.71218e-05 6.25438e-07 -1.31079e-05 4.48824e-06 6.63258e-05 1.5513e-06 1.49064e-05 -1.86254e-05 -2.97387e-05 -4.17029e-05 -5.68677e-05 -9.22048e-07 -1.80441e-05 -3.42159e-06 -2.3091e-05 -4.05284e-05 -7.09817e-05 -1.00532e-06 8.90103e-06 4.49338e-05 -3.91967e-06 -1.13493e-05 -2.60307e-05 -4.50122e-05 -5.2626e-05
internal_weight=13697 7848 5849 7763 7192 233 6959 1243 5716 181 5535 1180 571 444 337 258 4355 506 5798 407 263 141 5391 835 201 4556 1414 622 368 317
internal_count=13697 7848 5849 7763 7192 233 6959 1243 5716 181 5535 1180 571 444 337 258 4355 506 5798 407 263 141 5391 835 201 4556 1414 622 368 317
is_linear=0
shrinkage=0.05


Tree=214
num_leaves=31
num_cat=0
split_feature=115 135 88 31 138 108 133 69 21 34 136 50 15 120 94 88 36 104 49 25 24 6 15 53 2 2 49 118 22 92
split_gain=7.18753e-05 0.000104264 7.90103e-05 0.000723804 0.000907211 0.00012872 0.0013066 0.000143615 0.000356283 0.000118217 0.000205805 0.00050227 0.00011582 0.000155087 0.000210417 0.000126657 0.000126653 0.000342706 0.000113781 0.000257388 0.000112347 0.000137492 0.000105597 0.000180938 0.0017954 0.000167121 0.000138368 9.63231e-05 0.000118356 0.000102425
threshold=18.950000000000003 63.555000000000014 38.862500000000004 14.450000000000001 5.54 290.92483360000006 82.02000000000001 289.77750380000003 0.39583333333333343 -0.97017665149037258 0.65000000000000013 1002.4500000000002 0.0016114583333333334 270.06036215000006 4.5000000000000009 27.887500000000006 268.02195440000008 9.9500000000000028 985.05000000000007 16.500000000000004 46.650000000000013 0.0017118055555555558 0.00044062500000000004 222.50000000000003 0.00067201650000000017 0.0019842340000000005 965.25000000000011 8.9500000000000011 49.500000000000007 9.5500000000000025
decision_type=2 2 2 2 2 2 2 2 2 2 2 2 2 8 2 2 2 2 2 2 2 2 2 2 2 2 2 10 2 2
left_child=2 -2 5 4 -4 7 -7 12 -9 10 11 -5 22 14 -14 27 -17 -18 20 -20 21 -11 -1 25 -25 -24 -27 -15 29 -29
right_child=1 -3 3 9 -6 6 -8 8 -10 18 -12 -13 13 15 -16 16 17 -19 19 -21 -22 -23 23 24 -26 26 -28 28 -30 -31
leaf_value=-9.7779567015712117e-07 -3.0667357760643115e-05 0 0.00028380719865897438 0 0 0 -0.00026549950368640643 0.00015650237555782238 0 0 0 0.00019768091748404663 -0.00011187025336430847 0 0 0 0.00013169244040590138 0 0.00011083445740041499 0 0 -0.0001003955335326409 9.6140185245812167e-06 0 0.00031967265181122588 0 -8.3733543862768615e-05 -5.6717257003833897e-05 0 0
leaf_weight=5722 472 921 52 93 98 392 50 50 50 138 96 50 91 902 157 278 73 104 55 101 599 92 1953 273 50 118 85 316 213 53
leaf_count=5722 472 921 52 93 98 392 50 50 50 138 96 50 91 902 157 278 73 104 55 101 599 92 1953 273 50 118 85 316 213 53
internal_value=-6.09302e-07 -1.14948e-05 2.17602e-07 1.17991e-05 0.000115114 -7.81833e-07 -2.72303e-05 0 5.95723e-05 0 3.04669e-05 7.15546e-05 -2.40637e-07 -1.08575e-05 -5.01137e-05 -3.23599e-06 1.55298e-05 4.89559e-05 -8.59074e-06 1.68259e-05 -1.94122e-05 -5.06939e-05 1.98197e-06 1.08274e-05 4.72461e-05 3.034e-06 -3.54973e-05 -1.23632e-05 -2.83264e-05 -4.54312e-05
internal_weight=13697 1393 12304 1374 150 10930 442 10488 100 1224 239 143 10388 2187 248 1939 455 177 985 156 829 230 8201 2479 323 2156 203 1484 582 369
internal_count=13697 1393 12304 1374 150 10930 442 10488 100 1224 239 143 10388 2187 248 1939 455 177 985 156 829 230 8201 2479 323 2156 203 1484 582 369
is_linear=0
shrinkage=0.05


Tree=215
num_leaves=31
num_cat=0
split_feature=141 119 136 16 141 53 84 96 2 44 133 133 36 84 73 137 134 82 93 54 19 93 11 92 81 88 88 93 84 4
split_gain=8.27544e-05 0.000297763 0.00125928 0.00295627 0.000239519 0.000706178 0.00289168 0.000326802 0.000206266 9.62656e-05 0.00178144 0.000235754 0.000962676 9.41903e-05 0.000128142 0.000174471 8.57686e-05 9.57491e-05 9.22786e-05 8.1021e-05 0.000138773 5.70394e-05 5.56725e-05 5.0082e-05 4.86819e-05 0.000121908 0.000324447 0.000104916 7.34999e-05 7.11466e-05
threshold=33.785000000000004 13.65 0.95500000000000007 0.18500000000000003 37.080000000000005 198.50000000000003 1.0000000180025095e-35 45.01250000000001 0.0059917800000000012 1347.5000000000002 87.64500000000001 88.200000000000003 272.19559545000004 17.550000000000008 37.250000000000007 1.5500000000000003 15.485000000000001 19.554000000000006 264.1350978000001 0.055000000000000007 0.0039700000000000056 273.37312095000004 0.002339858020833334 1.5500000000000005 46.650000000000013 42.587500000000013 42.812500000000007 265.51010335000007 0.15000000000000005 0.0027866865000000002
decision_type=2 10 2 2 2 2 2 2 2 2 2 2 2 2 2 2 2 2 2 2 2 2 2 2 2 2 2 2 2 2
left_child=9 4 -3 -4 5 8 -7 19 16 11 22 13 23 24 15 -15 -2 -18 -19 -6 -21 -22 -11 -13 25 28 -27 -26 -1 -30
right_child=1 2 3 -5 7 6 -8 -9 -10 10 -12 12 -14 14 -16 -17 17 18 -20 20 21 -23 -24 -25 27 26 -28 -29 29 -31
leaf_value=-6.2710192699040401e-06 0 0 0.00047275760524344691 0 0 0.00036990613264546328 0 -0.00013926014866743607 -8.0205830250270086e-05 0 -0.00028912548558110489 0 0.00024179011614144068 -7.6275230113618709e-05 0 0 0 0 6.5752458107199232e-05 0 -5.9439871512090628e-05 0 -1.6653658626438823e-05 -4.8604117352779042e-05 0 0.00014602258555725095 0 -2.8079404137378605e-05 1.1588626261812928e-05 -3.7041089258038761e-06
leaf_weight=2390 1145 507 50 146 1103 67 194 52 74 1829 56 59 50 172 58 125 257 58 165 821 217 51 577 52 219 52 171 468 1929 611
leaf_count=2390 1145 507 50 146 1103 67 194 52 74 1829 56 59 50 172 58 125 257 58 165 821 217 51 577 52 219 52 171 468 1929 611
internal_value=0 4.84481e-06 3.49433e-05 0.000142633 0 1.25695e-05 8.89993e-05 -1.13454e-05 0 -3.22432e-06 -1.16162e-05 0 5.95713e-05 -1.52923e-06 -2.64981e-05 -4.37473e-05 4.51807e-06 2.26889e-05 4.66266e-05 -5.96887e-06 -1.6047e-05 -4.83027e-05 -2.96244e-06 0 0 1.66046e-06 3.77361e-05 -1.24997e-05 0 5.9422e-06
internal_weight=13725 4907 703 196 4204 1960 261 2244 1699 8818 2462 6356 161 6195 355 297 1625 480 223 2192 1089 268 2406 111 5840 5153 223 687 4930 2540
internal_count=13725 4907 703 196 4204 1960 261 2244 1699 8818 2462 6356 161 6195 355 297 1625 480 223 2192 1089 268 2406 111 5840 5153 223 687 4930 2540
is_linear=0
shrinkage=0.05


Tree=216
num_leaves=31
num_cat=0
split_feature=4 85 123 88 81 89 44 73 73 131 85 6 85 6 22 77 113 6 80 104 135 112 19 3 82 122 4 112 36 90
split_gain=6.93708e-05 0.00042171 0.00291875 0.000220253 0.000868202 0.000213778 0.000153393 0.000121419 0.00130051 0.000228231 0.0002043 0.000516919 0.000171097 0.000883668 0.00018513 0.000100521 9.52336e-05 0.000104858 9.61707e-05 0.00014638 0.000164862 0.000191324 9.36621e-05 0.000124547 0.000127207 0.000159467 8.94493e-05 8.73985e-05 0.000106489 0.000162903
threshold=8.5200000000000025e-05 280.31944675000005 -0.5 37.13750000000001 39.95000000000001 55.20000000000001 802.50000000000011 25.950000000000003 26.150000000000002 65.720713804132885 275.38298625000004 0.014181250000000001 271.80634165000009 0.021504166666666668 1.0000000180025095e-35 275.10959005000007 2.0500000000000003 0.0053625000000000001 30.187500000000004 24.550000000000008 17.275000000000002 279.20175950000004 1.0000000180025095e-35 0.029163571500000002 25.702000000000002 14.500000000000002 0.010713509000000001 288.84297655000006 284.41175290000007 24.124489795918372
decision_type=2 2 2 2 2 2 2 2 2 2 2 2 2 2 2 2 2 2 2 2 2 2 2 2 2 2 2 2 2 2
left_child=3 5 -3 16 -5 7 -6 9 -9 10 -2 -12 14 22 -10 -11 17 27 19 20 21 -19 23 24 -14 -26 -17 -1 29 -29
right_child=1 2 -4 4 6 -7 -8 8 12 15 11 -13 13 -15 -16 26 -18 18 -20 -21 -22 -23 -24 -25 25 -27 -28 28 -30 -31
leaf_value=0 -2.5375471456688575e-06 0.00036886209101272683 -3.0384196666561585e-05 -0.00022764548995254236 -2.9768904542697916e-05 -9.1032515169166392e-05 2.4671498921492343e-06 0.00024906960708846352 -6.7342376847255827e-05 -1.6609954961879088e-06 -6.4032761039692272e-06 -0.00020719020131699443 0 0.00018631113326768908 0 2.8362531444015809e-05 5.0239947454722443e-05 -0.00013464701950481671 0 0 -1.8675645507560788e-06 0 -1.4740234959568694e-05 0 8.2114568682502287e-05 0 0 0.00011823848570202244 0 0
leaf_weight=3854 719 60 115 52 532 61 485 55 102 2087 237 55 80 76 2709 595 92 96 74 72 279 50 254 365 179 64 156 63 56 51
leaf_count=3854 719 60 115 52 532 61 485 55 102 2087 237 55 80 76 2709 595 92 96 74 72 279 50 254 365 179 64 156 63 56 51
internal_value=0 2.65449e-06 7.94092e-05 -4.51327e-06 -2.49841e-05 2.797e-07 -9.49685e-06 1.65817e-06 8.33363e-06 -3.7797e-06 -2.46578e-05 -6.18656e-05 3.50607e-06 2.14888e-05 -1.2336e-06 1.90271e-06 0 -8.53395e-07 -2.14316e-05 -3.1786e-05 -4.5168e-05 -9.33242e-05 2.70537e-06 1.6415e-05 3.91664e-05 5.77955e-05 1.84441e-05 8.28983e-07 3.59713e-05 6.51075e-05
internal_weight=13725 7969 175 5756 1069 7794 1017 7733 3884 3849 1011 292 3829 1018 2811 2838 4687 4595 571 497 425 146 942 688 323 243 751 4024 170 114
internal_count=13725 7969 175 5756 1069 7794 1017 7733 3884 3849 1011 292 3829 1018 2811 2838 4687 4595 571 497 425 146 942 688 323 243 751 4024 170 114
is_linear=0
shrinkage=0.05


Tree=217
num_leaves=31
num_cat=0
split_feature=141 83 86 84 80 81 140 2 100 28 43 1 15 99 44 92 73 105 108 140 84 63 122 137 54 77 34 83 91 63
split_gain=7.07556e-05 0.000289992 0.00133511 0.000179074 0.000479477 0.00258737 0.00015589 0.00012255 0.000275528 0.000275799 0.000107648 0.000105353 8.75067e-05 9.20376e-05 8.68264e-05 0.000772542 0.00113365 8.69063e-05 0.000203203 0.000177652 0.00107079 8.29111e-05 0.000170479 8.16045e-05 7.94897e-05 0.000126341 6.01017e-05 5.21762e-05 6.09631e-05 0.000177391
threshold=33.785000000000004 25.050000000000004 9.5000000000000018 1.0000000180025095e-35 22.112500000000004 27.250000000000004 32.065000000000005 0.0004484060000000001 5.7500000000000009 34.350000000000009 0.43650000000000005 0.41087726350000003 0.00035104166666666666 0.099999999999965908 1347.5000000000002 22.450000000000006 38.250000000000007 6.5000000000000009 282.84978800000005 76.225000000000009 14.350000000000003 16.941000000000006 12.500000000000002 0.38500000000000006 0.065000000000000016 276.8541338500001 -0.9624009431220415 17.950000000000003 21.150000000000002 9.4163000000000014
decision_type=2 2 2 2 2 2 2 2 2 2 2 2 2 2 2 2 2 2 2 2 2 2 2 2 2 2 2 2 2 2
left_child=14 3 -3 4 7 -6 -4 8 -2 -10 12 27 -9 -14 17 26 -17 18 -1 -19 21 22 -21 -7 -25 -26 -16 -5 29 -29
right_child=1 2 6 11 5 23 -8 10 9 -11 -12 -13 13 -15 15 16 -18 19 -20 20 -22 -23 -24 24 25 -27 -28 28 -30 -31
leaf_value=0 0 0.00023377942383472387 0 -9.8921039802331621e-06 0.0003924349029807673 -7.943079616536481e-06 -8.1972371072283598e-05 0 0 0.00016491242350622208 0 -7.2807560568573083e-05 0 -9.8538728612913124e-05 8.8693931995458625e-06 -0.00031448181933656629 0 0 -6.1180026025795092e-05 0 0.00023051976727201385 -4.4057768106085858e-05 6.2864619021300405e-05 0 0.00010018006799202955 0 -8.4523401066810941e-06 5.7275531123573937e-05 -5.9318731162114866e-06 0
leaf_weight=213 1039 75 66 1489 51 141 57 104 58 52 86 65 54 98 449 50 51 5531 189 166 58 79 120 130 70 62 1912 177 472 561
leaf_count=213 1039 75 66 1489 51 141 57 104 58 52 86 65 54 98 449 50 51 5531 189 166 58 79 120 130 70 62 1912 177 472 561
internal_value=-4.5091e-08 4.3716e-06 6.40292e-05 7.88534e-07 1.32972e-05 5.82299e-05 -2.05044e-07 0 7.40609e-06 8.23034e-05 -2.66331e-05 -6.20703e-06 -4.46525e-05 -6.91302e-05 -3.07005e-06 -1.10399e-05 -0.000147187 0 -2.24526e-05 1.53902e-06 3.28747e-05 0 1.34593e-05 2.69304e-06 2.74369e-05 5.46146e-05 -3.03899e-06 -2.72487e-06 1.96704e-06 1.3786e-05
internal_weight=13725 4907 198 4709 1945 454 123 1491 1149 110 342 2764 256 152 8818 2462 101 6356 402 5954 423 365 286 403 262 132 2361 2699 1210 738
internal_count=13725 4907 198 4709 1945 454 123 1491 1149 110 342 2764 256 152 8818 2462 101 6356 402 5954 423 365 286 403 262 132 2361 2699 1210 738
is_linear=0
shrinkage=0.05


Tree=218
num_leaves=31
num_cat=0
split_feature=49 49 133 142 88 22 120 145 128 44 73 6 3 6 92 82 118 29 88 49 50 19 18 95 131 15 131 77 132 33
split_gain=6.5128e-05 0.00022631 0.00171807 0.000212051 0.00101877 0.000392961 0.00350493 0.000253675 0.000202171 0.000461356 0.000150899 9.61873e-05 9.58565e-05 0.000150077 0.000394736 9.14095e-05 0.000138687 0.000202366 7.68901e-05 9.94246e-05 0.000109054 8.66756e-05 0.000242042 0.000192903 6.90906e-05 8.21554e-05 9.36583e-05 7.48493e-05 6.50939e-05 6.26e-05
threshold=977.45000000000016 970.45000000000016 84.635000000000005 324.71721579655133 42.587500000000013 1.0000000180025095e-35 282.45981090000004 0.17500000000000004 8.3844366951598737 1257.5000000000002 15.850000000000003 0.0027090277777777785 0.029163571500000002 0.0027090277777777785 9.6500000000000039 24.270000000000003 8.3500000000000032 30.250000000000004 31.637500000000006 988.25000000000011 1021.85 -0.0015614285714285712 0.0044916666666666672 5.5000000000000009 142.6295946002578 0.00025104166666666672 252.82482637764227 267.29452755000005 4.5000000000000009 0.23350310320696074
decision_type=2 2 2 2 2 2 10 2 2 2 2 2 2 2 2 2 10 2 2 2 2 2 2 2 2 2 2 2 2 2
left_child=1 8 12 18 5 6 10 11 9 -1 -5 -7 13 -3 -15 16 -13 -18 -2 21 -21 -20 -23 -24 -10 -26 27 -27 -14 -29
right_child=3 2 -4 4 -6 7 -8 -9 24 -11 -12 15 28 14 -16 -17 17 -19 19 20 -22 22 23 -25 25 26 -28 29 -30 -31
leaf_value=0.00015191670840623476 0 -8.9645531400388919e-06 -0.00030887005636620472 0 0.00017295624023879974 5.596225721796789e-06 0.00043532975142275418 8.3288269999364601e-05 -5.4694582375609432e-06 0 -5.9805572210788911e-05 0 -3.3500577554292919e-05 0 0.00012967246581236115 4.7256789595211276e-06 -9.514434167672967e-05 -7.6396238816318529e-06 -2.4563110838660114e-05 -4.8581328703573849e-05 0 0 0 0.000141117796442343 0 0 0 6.6068881459584365e-05 0 0
leaf_weight=71 3186 627 50 75 97 1628 51 90 2769 63 108 681 452 166 77 230 136 482 246 332 209 271 58 57 466 53 406 199 339 50
leaf_count=71 3186 627 50 75 97 1628 51 90 2769 63 108 681 452 166 77 230 136 482 246 332 209 271 58 57 466 53 406 199 339 50
internal_value=-5.79507e-08 -4.42527e-06 -1.98754e-05 2.49716e-06 1.19035e-05 5.93134e-06 6.85691e-05 0 8.35889e-07 6.13597e-05 -8.27946e-06 -9.6265e-07 -7.98693e-06 0 3.64807e-05 -1.12133e-05 -1.7883e-05 -3.50965e-05 -4.07802e-06 -1.50165e-05 -3.0774e-05 0 1.32226e-05 7.61559e-05 0 8.74519e-06 2.04067e-05 4.17993e-05 -2.08912e-05 5.35358e-05
internal_weight=13725 5788 1711 7937 3578 3481 234 3247 4077 134 183 3157 1661 870 243 1529 1299 618 4359 1173 541 632 386 115 3943 1174 708 302 791 249
internal_count=13725 5788 1711 7937 3578 3481 234 3247 4077 134 183 3157 1661 870 243 1529 1299 618 4359 1173 541 632 386 115 3943 1174 708 302 791 249
is_linear=0
shrinkage=0.05


Tree=219
num_leaves=31
num_cat=0
split_feature=136 88 84 22 88 22 103 133 84 133 77 5 131 77 112 131 89 88 81 108 88 106 116 73 131 133 92 142 94 131
split_gain=6.75463e-05 0.000421622 0.000131096 0.00119016 0.00315425 0.000350342 0.000125816 0.000825461 0.000194767 0.000907915 0.000183771 0.000182057 0.000140775 0.000110572 0.000119166 0.000122914 5.67728e-05 0.000188809 4.84287e-05 6.9986e-05 6.06676e-05 0.000146863 0.000389875 5.98299e-05 4.57608e-05 4.11099e-05 0.000194424 0.000204315 4.09559e-05 7.7658e-05
threshold=0.6100000000000001 47.737500000000004 1.0000000180025095e-35 1.0000000180025095e-35 20.612500000000004 1.0000000180025095e-35 1599.2000000000005 88.200000000000003 14.950000000000005 84.075000000000017 290.06145445000004 1.1350000000000002 84.828124735511878 273.21059155000006 293.65994575000008 66.5324662844301 49.800000000000004 42.662500000000009 44.150000000000013 279.47403070000001 34.612500000000004 20.750000000000004 280.47828465000003 44.850000000000001 142.6295946002578 80.670000000000002 1.5500000000000005 760.84513834566485 32.500000000000007 75.867148221740592
decision_type=2 2 2 2 2 2 2 2 2 2 2 2 2 2 2 2 2 2 2 2 2 2 2 2 2 2 2 2 2 2
left_child=6 2 3 4 -2 -4 7 10 25 24 11 18 -12 -13 15 -15 17 -5 20 -20 -1 22 -22 -21 -10 -8 -27 -28 29 -17
right_child=1 -3 5 16 -6 -7 8 -9 9 -11 12 13 -14 14 -16 28 -18 -19 19 23 21 -23 -24 -25 -26 26 27 -29 -30 -31
leaf_value=0 -3.8775782952423192e-05 0.00014121385704535377 -6.3340898638715294e-05 0 0.00035232608889018192 0 0 -0.00017384417781325781 -1.5168529792061268e-05 0.00023002957177455896 7.7170725584619509e-05 0 0 -8.1200300266756007e-05 0 0 -4.1273014445610706e-05 8.3795082383153054e-05 0 -5.2906914570244317e-05 0.00015044492647467086 0 0 0 2.8156103723922192e-05 0 -0.00014051142756995561 0 0 -3.5985784937635033e-05
leaf_weight=843 77 55 226 1736 88 3710 4137 78 162 51 99 176 120 233 83 112 75 68 145 150 66 199 111 52 96 305 55 54 62 301
leaf_count=843 77 55 226 1736 88 3710 4137 78 162 51 99 176 120 233 83 112 75 68 145 150 66 199 111 52 96 305 55 54 62 301
internal_value=-6.53471e-08 3.50043e-06 1.37445e-06 1.21955e-05 0.000140557 -2.9767e-06 -3.51392e-06 -1.20151e-05 4.09229e-07 3.942e-05 -5.55071e-06 -1.08925e-05 3.32754e-05 -2.79425e-05 -3.61015e-05 -4.33137e-05 0 2.6283e-06 0 -1.67924e-05 4.33637e-06 2.15211e-05 5.51692e-05 -3.66783e-05 0 -1.14915e-06 -1.61906e-05 -7.35371e-05 -1.40936e-05 -2.18104e-05
internal_weight=13725 6035 5980 2044 165 3936 7690 2830 4860 309 2752 2533 219 967 791 708 1879 1804 1566 347 1219 376 177 202 258 4551 414 109 475 413
internal_count=13725 6035 5980 2044 165 3936 7690 2830 4860 309 2752 2533 219 967 791 708 1879 1804 1566 347 1219 376 177 202 258 4551 414 109 475 413
is_linear=0
shrinkage=0.05


Tree=220
num_leaves=31
num_cat=0
split_feature=81 122 46 137 124 2 111 40 44 63 117 133 142 156 19 85 76 114 103 83 85 122 129 11 4 83 96 90 14 104
split_gain=0.000127081 0.00152064 6.19873e-05 0.00041406 0.00119928 0.000124936 0.000240869 0.000122032 0.000140496 0.000110802 0.000102856 0.000252393 0.000105309 0.00049636 0.000810364 9.52621e-05 8.08771e-05 8.07687e-05 7.88445e-05 6.40815e-05 0.000128383 0.000208673 5.85178e-05 5.64998e-05 8.59065e-05 8.64206e-05 5.24054e-05 0.000111737 0.000139344 5.23912e-05
threshold=53.850000000000001 14.500000000000002 99.500000000000014 0.055000000000000007 -0.5 0.0040711290000000006 11.350000000000003 0.03500000000000001 222.50000000000003 17.715200000000006 1.0000000180025095e-35 86.120000000000019 733.73784477364404 0.18000000000000002 -0.0010742857142857145 276.47172085000005 5.7500000000000018 10.450000000000001 1252.6500000000003 20.150000000000002 269.62935425000006 11.500000000000002 7.5000000000000009 0.0017598879236111115 0.0091976300000000018 19.050000000000004 30.662500000000005 12.222335600907032 0.0039139045000000008 8.1500000000000039
decision_type=2 2 2 2 2 2 2 2 2 2 2 2 2 2 2 2 2 2 2 2 2 2 2 2 2 2 2 2 2 2
left_child=2 -2 5 4 -4 10 7 8 -7 15 12 23 16 26 -15 17 -1 -10 -8 29 -21 -22 -18 -12 25 -25 27 -14 -29 -5
right_child=1 -3 3 19 -6 6 18 -9 9 -11 11 -13 13 14 -16 -17 22 -19 -20 20 21 -23 -24 24 -26 -27 -28 28 -30 -31
leaf_value=2.4709048923908627e-07 -4.8601237799240542e-05 0.00027041863635801107 0.00020601105313177226 -1.9586599009428768e-05 0 0 4.7874730887489802e-05 0 0 0 0 -0.00010589902536739828 -2.3076770069103539e-06 0.00024934288342289321 1.5875153935317367e-06 0 -3.793865324158195e-05 -0.00011552786246553853 0 0 0.00013213142771140458 0 0 0 0 -4.1761001047490588e-05 -2.2969564141236885e-05 0 7.551935684200269e-05 0
leaf_weight=6710 69 53 96 497 154 68 85 118 50 50 915 74 333 56 194 78 241 176 305 682 53 60 72 204 176 347 223 137 111 1281
leaf_count=6710 69 53 96 497 154 68 85 118 50 50 915 74 333 56 194 78 241 176 305 682 53 60 72 204 176 347 223 137 111 1281
internal_value=0 5.04107e-05 -6.15305e-07 5.43404e-06 6.67558e-05 -2.67449e-06 -2.03827e-05 -4.27554e-05 -5.531e-05 -6.80779e-05 -4.80391e-07 -1.19441e-05 1.33735e-06 1.62176e-05 7.77773e-05 -7.93888e-05 -1.85999e-07 -9.7557e-05 0 0 1.12158e-05 6.07763e-05 -2.53652e-05 -4.60479e-06 -1.55525e-05 -2.66096e-05 0 4.69532e-06 3.41504e-05 -5.81098e-06
internal_weight=13668 122 13546 2823 250 10723 930 540 422 354 9793 1716 8077 1054 250 304 7023 226 390 2573 795 113 313 1642 727 551 804 581 248 1778
internal_count=13668 122 13546 2823 250 10723 930 540 422 354 9793 1716 8077 1054 250 304 7023 226 390 2573 795 113 313 1642 727 551 804 581 248 1778
is_linear=0
shrinkage=0.05


Tree=221
num_leaves=31
num_cat=0
split_feature=81 48 46 137 53 2 82 82 117 137 142 86 108 105 142 16 120 93 54 99 19 19 103 8 67 50 103 33 96 82
split_gain=0.000105632 0.00119115 5.56201e-05 0.000366411 0.00132886 0.000114783 0.000222523 9.2383e-05 9.22263e-05 0.000238836 9.5139e-05 0.000463381 0.000713289 8.96078e-05 0.000209977 7.74317e-05 9.96175e-05 7.72513e-05 8.34454e-05 7.79055e-05 0.000768377 7.99847e-05 6.74841e-05 6.1221e-05 5.55162e-05 5.14897e-05 6.78824e-05 0.000282434 4.64859e-05 0.000118638
threshold=53.850000000000001 98.500000000000014 99.500000000000014 0.055000000000000007 116.50000000000001 0.0040711290000000006 23.478000000000005 11.222000000000003 1.0000000180025095e-35 1.0000000180025095e-35 733.73784477364404 4.5000000000000009 284.54137395000004 32.500000000000007 763.27923836001742 1.405 269.05808075000004 265.05803120000007 0.075000000000000025 2.549999999999955 0.0029428571428571394 0.0039700000000000056 1133.8500000000001 0.0091509848706239263 14.250000000000002 1016.35 1468.6000000000004 0.16586817786461192 30.662500000000005 13.508000000000003
decision_type=2 2 2 2 2 2 2 2 2 2 2 2 2 2 2 2 8 2 2 2 2 2 2 2 2 2 2 2 2 2
left_child=2 -2 5 4 -4 8 7 -7 10 -10 17 28 -13 14 -9 -11 24 18 -1 21 -21 -19 -23 -20 -17 26 27 -5 29 -12
right_child=1 -3 3 25 -6 6 -8 13 9 15 11 12 -14 -15 -16 16 -18 19 23 20 -22 22 -24 -25 -26 -27 -28 -29 -30 -31
leaf_value=0 0.00024694193640243615 -3.0408282200369285e-05 0 0 0.00026373749876373984 0 0 -0.00010802878252928359 -0.00012341251869300179 0 -1.9589222815452515e-06 0 0.0002287755084866835 0 0 -7.5464866960928796e-05 0 7.2585629704406687e-07 0 0 0.0001990439851720617 -7.6264731377171025e-05 0 -4.2150553935894754e-05 0 -9.2384358976352616e-06 0 0.00013285958739148694 -2.1826212787934602e-05 3.7732746434931724e-05
leaf_weight=1146 51 71 189 84 61 103 366 161 50 1250 368 190 60 210 90 108 151 4259 286 818 53 62 101 298 157 1014 1424 51 223 213
leaf_count=1146 51 71 189 84 61 103 366 161 50 1250 368 190 60 210 90 108 151 4259 286 818 53 62 101 298 157 1014 1424 51 223 213
internal_value=0 4.59478e-05 -5.70026e-07 5.13224e-06 6.28161e-05 -2.53782e-06 -1.95093e-05 -4.0147e-05 -4.13771e-07 -1.1294e-05 1.27993e-06 1.54232e-05 7.49345e-05 -4.97094e-05 -7.36151e-05 -4.85763e-06 -2.36336e-05 -1.32716e-07 -9.89717e-06 2.11556e-06 1.5828e-05 0 -3.47216e-05 -2.54253e-05 -4.25661e-05 0 5.19463e-06 3.94634e-05 0 4.04118e-06
internal_weight=13668 122 13546 2823 250 10723 930 564 9793 1716 8077 1054 250 461 251 1666 416 7023 1730 5293 871 4422 163 584 265 2573 1559 135 804 581
internal_count=13668 122 13546 2823 250 10723 930 564 9793 1716 8077 1054 250 461 251 1666 416 7023 1730 5293 871 4422 163 584 265 2573 1559 135 804 581
is_linear=0
shrinkage=0.05


Tree=222
num_leaves=31
num_cat=0
split_feature=83 123 81 49 93 133 155 140 73 89 0 2 24 13 100 93 93 30 136 6 75 75 11 136 120 50 131 7 15 74
split_gain=9.20765e-05 0.00126456 5.88128e-05 4.07618e-05 0.00018153 0.00045903 0.000332215 0.0003566 0.000123871 0.00076778 0.000530651 0.000142496 7.93926e-05 7.2261e-05 8.55566e-05 7.16316e-05 0.00010954 0.000158679 0.000129659 6.23803e-05 5.91341e-05 5.64552e-05 8.15481e-05 5.71892e-05 9.21138e-05 5.99651e-05 7.67185e-05 5.48866e-05 8.32496e-05 5.00904e-05
threshold=35.050000000000004 -0.25881904510252113 54.850000000000009 977.45000000000016 265.96721745000008 87.64500000000001 0.53400000000000014 72.725000000000009 25.950000000000003 26.250000000000004 0.18590000000000004 0.0040711290000000006 52.95000000000001 0.0013612458402777778 -1.0499999999999543 268.22915375000008 266.15665860000007 -1.031428571428572 1.0950000000000004 0.023315277777777779 15.350000000000003 18.750000000000004 0.002374246819444445 0.16500000000000004 267.09232255000006 1026.0500000000002 257.48117000164876 0.0070500000000000007 0.00014062500000000004 28.478571428571431
decision_type=2 2 2 2 2 2 2 2 2 2 2 2 2 2 2 2 2 2 2 2 2 2 2 2 10 2 2 2 2 2
left_child=2 -2 3 4 5 19 21 -8 11 -10 12 -5 15 14 -13 16 -11 18 -18 20 -1 23 -23 -6 -25 26 27 -26 -29 -22
right_child=1 -3 -4 8 6 -7 7 -9 9 10 -12 13 -14 -15 -16 -17 17 -19 -20 -21 29 22 -24 24 25 -27 -28 28 -30 -31
leaf_value=-6.6781897075713067e-06 0.00025069283864188321 -4.1905164662774253e-05 -4.9782585071670093e-05 2.7022421600747977e-08 0 0.00014228646400257723 -3.7404715224624836e-06 -0.00019612059246834469 0.00019641187628542211 0 0.00014690062160724438 0 -1.225634115239446e-05 0 -7.5487703731521194e-05 0 7.9350224523500409e-05 0 0 -4.0495716535109463e-05 1.8128164606163613e-05 0 4.6061945946220102e-05 0 0 0 0 0 -6.518110524471107e-05 0
leaf_weight=1343 51 67 60 5243 309 56 159 56 56 486 63 61 751 167 132 393 199 153 70 94 648 229 98 285 90 58 105 71 291 1824
leaf_count=1343 51 67 60 5243 309 56 159 56 56 486 63 61 751 167 132 393 199 153 70 94 648 229 98 285 90 58 105 71 291 1824
internal_value=0 4.35838e-05 -5.53042e-07 0 -3.51211e-06 1.27193e-06 -1.71936e-05 -7.76729e-05 2.00916e-06 1.23998e-05 5.07412e-06 -1.12618e-06 0 -3.17252e-05 -5.29537e-05 8.10443e-06 1.70612e-05 3.56781e-05 5.88515e-05 0 2.04722e-07 -5.42997e-06 4.3401e-06 -1.22061e-05 -1.89412e-05 -2.99766e-05 -3.55058e-05 -4.44551e-05 -5.33314e-05 5.96713e-06
internal_weight=13668 118 13550 13490 5716 3965 1751 215 7774 2171 2115 5603 2052 360 193 1301 908 422 269 3909 3815 1536 327 1209 900 615 557 452 362 2472
internal_count=13668 118 13550 13490 5716 3965 1751 215 7774 2171 2115 5603 2052 360 193 1301 908 422 269 3909 3815 1536 327 1209 900 615 557 452 362 2472
is_linear=0
shrinkage=0.05


Tree=223
num_leaves=31
num_cat=0
split_feature=81 122 49 93 128 133 73 89 0 2 83 94 7 139 90 74 75 118 42 14 13 50 93 128 3 135 80 6 118 32
split_gain=8.59514e-05 0.00130782 3.55696e-05 0.000157709 0.000445545 0.000416933 0.00010881 0.000702882 0.000485956 0.000130993 9.30146e-05 0.000107588 7.93595e-05 7.36929e-05 0.000105171 0.000118424 6.78603e-05 7.08278e-05 7.8018e-05 6.70748e-05 6.70589e-05 6.6014e-05 8.81639e-05 0.000119018 6.69855e-05 6.1097e-05 7.39332e-05 5.62688e-05 5.12007e-05 5.45634e-05
threshold=53.850000000000001 14.500000000000002 977.45000000000016 265.96721745000008 8.6097723560898789 87.64500000000001 25.950000000000003 26.250000000000004 0.18590000000000004 0.0040711290000000006 32.150000000000013 18.500000000000004 0.013450000000000002 77.880030042593276 27.262244897959185 25.435714285714294 18.750000000000004 34.150000000000013 0.97500000000000009 0.0044937095000000008 0.0013612458402777778 1026.0500000000002 273.81599415000005 10.770903114643311 0.0027673570000000002 78.370000000000019 19.112500000000004 0.023315277777777779 32.650000000000013 14.15
decision_type=2 2 2 2 2 2 2 2 2 2 2 2 2 2 2 2 2 8 2 2 2 2 2 2 2 2 2 2 8 2
left_child=2 -2 3 5 -5 27 9 -8 13 10 11 -4 -13 19 15 -15 17 18 21 -9 -11 22 23 24 -6 26 -14 -1 29 -21
right_child=1 -3 6 4 16 -7 7 8 -10 20 -12 12 25 14 -16 -17 -18 -19 -20 28 -22 -23 -24 -25 -26 -27 -28 -29 -30 -31
leaf_value=0 -4.7257547584714692e-05 0.00024809636735022251 -2.8887278850121933e-07 -0.00014941608027694393 0 0.00013529695620124123 0.00018676357889234441 2.8123334054265998e-06 0.00013967036252211074 -5.1294090787182663e-05 -4.4640375675615649e-05 0 5.4435203276486142e-05 0 0 9.3337298180320283e-05 9.8382955125442705e-07 0 0 -3.4509209030333798e-05 0 0 0 0 -7.9270271751833376e-05 0 0 -3.8492243929029329e-05 0 0
leaf_weight=3803 69 53 4605 65 80 56 56 864 63 194 112 124 273 59 57 82 372 424 150 373 167 57 163 199 239 77 91 94 148 499
leaf_count=3803 69 53 4605 65 80 56 56 864 63 194 112 124 273 59 57 82 372 424 150 373 167 57 163 199 239 77 91 94 148 499
internal_value=0 4.13754e-05 -5.64169e-07 -3.80873e-06 -1.64898e-05 5.40195e-07 1.15722e-06 1.09619e-05 3.95742e-06 -1.78238e-06 0 1.19256e-06 2.208e-05 0 2.8716e-05 5.48381e-05 -8.30603e-06 -1.47469e-05 -2.28116e-05 -3.26831e-06 -3.08898e-05 -2.98316e-05 -3.47316e-05 -4.4831e-05 -6.47264e-05 3.27592e-05 4.14491e-05 -1.47767e-07 -1.33138e-05 -1.88131e-05
internal_weight=13668 122 13546 5702 1749 3953 7844 2201 2145 5643 5282 5170 565 2082 198 141 1684 1312 888 1884 361 738 681 518 319 441 364 3897 1020 872
internal_count=13668 122 13546 5702 1749 3953 7844 2201 2145 5643 5282 5170 565 2082 198 141 1684 1312 888 1884 361 738 681 518 319 441 364 3897 1020 872
is_linear=0
shrinkage=0.05


Tree=224
num_leaves=31
num_cat=0
split_feature=83 122 81 110 2 90 19 92 49 104 75 19 50 133 92 124 15 100 29 11 131 74 131 47 92 76 139 28 50 137
split_gain=7.3797e-05 0.00112181 6.14792e-05 3.62422e-05 9.36039e-05 0.000135661 0.000128297 0.000167328 0.000201204 0.000121088 8.91304e-05 0.000485057 0.000742497 0.00018583 0.000539707 0.000147267 0.000384019 8.5277e-05 0.0007818 0.00012476 7.33396e-05 6.95576e-05 6.76427e-05 6.1257e-05 0.00012545 5.92651e-05 0.00019919 0.000167232 6.44128e-05 5.27705e-05
threshold=35.050000000000004 13.500000000000002 54.850000000000009 16.950000000000003 0.00036114100000000004 12.969693877551022 -0.0026999999999999997 14.350000000000003 968.55000000000007 0.55000000000000016 12.950000000000001 -0.0064871428571428537 1021.0500000000001 84.635000000000005 21.850000000000005 -0.9159756150367534 0.00083750000000000003 5.7500000000000009 47.300000000000004 0.0043679039444444448 86.769874021242742 16.092857142857145 64.936761357106477 44.500000000000007 1.6500000000000006 2.9500000000000006 84.423525025859234 32.550000000000004 1015.5500000000001 0.62500000000000011
decision_type=2 2 2 2 2 2 2 2 2 2 2 2 2 2 2 2 2 2 2 2 2 2 2 2 2 2 2 2 2 2
left_child=2 -2 3 4 17 21 -7 8 -8 -10 11 12 -5 25 -15 16 -13 19 -19 -1 -21 -6 23 -17 -25 26 29 28 -28 -12
right_child=1 -3 -4 10 5 6 7 -9 9 -11 13 15 -14 14 -16 22 -18 18 -20 20 -22 -23 -24 24 -26 -27 27 -29 -30 -31
leaf_value=0 -3.8404959776498261e-05 0.00023553845947320114 -5.082036051746519e-05 0.00024541600245637797 -4.7598882518772159e-06 0 0 0 0 -0.00010500702643243489 -5.8654450592249456e-06 0 0 0 -0.00017829544621419477 0 0.00015856453308438263 0 0.00018148739438709948 -6.2413786127193033e-05 0 5.3693883133714652e-05 3.5222287330210059e-06 0 -7.1809670582958712e-05 -8.2709019764648994e-06 9.8446749789526608e-05 0 0 4.8170220581176783e-06
leaf_weight=3605 67 51 60 54 421 93 96 81 64 197 1640 94 54 129 56 206 52 365 64 133 94 56 960 101 120 1217 117 98 61 3262
leaf_count=3605 67 51 60 54 421 93 96 81 64 197 1640 94 54 129 56 206 52 365 64 133 94 56 960 101 120 1217 117 98 61 3262
internal_value=0 3.89619e-05 -5.32824e-07 0 -3.51968e-06 -1.72228e-05 -3.46423e-05 -4.67434e-05 -6.20306e-05 -8.47205e-05 1.75486e-06 1.22911e-05 0.00011559 -1.14505e-07 -4.98773e-05 1.68364e-06 5.034e-05 0 2.08231e-05 -2.64148e-06 -3.85394e-05 0 0 -1.91639e-05 -3.73881e-05 5.5091e-07 3.59096e-06 4.51438e-05 7.40902e-05 2.22873e-07
internal_weight=13668 118 13550 13490 5269 1008 531 438 357 261 8221 1641 108 6580 185 1533 146 4261 429 3832 227 477 1387 427 221 6395 5178 276 178 4902
internal_count=13668 118 13550 13490 5269 1008 531 438 357 261 8221 1641 108 6580 185 1533 146 4261 429 3832 227 477 1387 427 221 6395 5178 276 178 4902
is_linear=0
shrinkage=0.05


Tree=225
num_leaves=31
num_cat=0
split_feature=100 46 139 137 93 141 85 85 135 136 55 136 136 93 1 93 81 19 140 24 138 137 53 93 118 21 142 6 59 138
split_gain=9.65062e-05 0.000232697 0.00160291 0.000474484 0.000206572 0.000185598 0.000353799 0.000105662 0.000193398 0.000102424 8.8973e-05 0.000187345 0.000180624 0.000204734 8.41274e-05 7.25358e-05 8.67485e-05 0.00010263 7.54505e-05 0.000104862 0.000123592 7.21107e-05 0.000845555 9.24999e-05 0.000168431 0.000155432 0.000170828 8.29581e-05 6.62965e-05 6.27683e-05
threshold=-4.4500000000000446 16.500000000000004 88.861231950955485 0.025000000000000005 264.43850580000009 38.660000000000004 274.45876055000002 275.51014985000006 18.130000000000003 0.33500000000000008 15.11895500000003 0.87500000000000011 0.15500000000000003 266.13631040000007 0.41087726350000003 269.73706465000004 44.750000000000007 -0.0015614285714285712 35.035000000000004 45.550000000000004 4.6700000000000008 0.065000000000000016 222.50000000000003 264.72008965000003 10.450000000000001 0.54861111111111127 760.84513834566485 0.0052131944444444456 4.0185000000000004 7.9400000000000004
decision_type=2 2 2 2 2 2 2 2 2 2 2 2 2 2 2 2 2 2 2 2 2 2 2 2 10 2 2 2 2 2
left_child=1 2 4 -3 9 7 -7 -6 -9 -1 14 12 -12 -14 15 21 18 -18 -17 -20 -21 22 23 24 -2 26 -26 -25 -29 -10
right_child=10 3 -4 -5 5 6 -8 8 29 -11 11 -13 13 -15 -16 16 17 -19 19 20 -22 -23 -24 27 25 -27 -28 28 -30 -31
leaf_value=0 0 0.00013054972564878229 -0.00029678451475019589 0 0 0 0.00015773902225905034 0 -6.6881970154347738e-05 -0.00010267562765388635 0 0 0 0.00012861526800848105 5.0338427951708099e-05 3.0088337425332044e-06 0 -6.1241699819895019e-05 0 -6.6027706111632391e-05 -4.8321523302207365e-06 0 0.00015711376293888623 0 0.00013280125179022294 0 0 0 -6.8487790295408037e-05 0
leaf_weight=71 350 70 52 988 827 54 50 62 219 84 51 129 82 100 82 1857 88 154 1214 171 669 5561 94 307 76 91 57 51 102 51
leaf_count=71 350 70 52 988 827 54 50 62 219 84 51 129 82 100 82 1857 88 154 1214 171 669 5561 94 307 76 91 57 51 102 51
internal_value=-3.82406e-07 -9.46879e-06 -2.30954e-05 4.74668e-06 -9.33314e-06 0 6.05108e-05 -8.28025e-06 -3.21262e-05 -6.4053e-05 1.21056e-06 2.56579e-05 5.498e-05 7.95787e-05 0 0 -5.60396e-06 -3.65577e-05 -2.40167e-06 -9.72543e-06 -2.32988e-05 2.75794e-06 1.43091e-05 0 1.45218e-05 4.90956e-05 8.33495e-05 -1.54466e-05 -4.53978e-05 -5.52479e-05
internal_weight=13814 2528 1470 1058 1418 1263 104 1159 332 155 11286 362 233 182 10924 10842 4153 242 3911 2054 840 6689 1128 1034 574 224 133 460 153 270
internal_count=13814 2528 1470 1058 1418 1263 104 1159 332 155 11286 362 233 182 10924 10842 4153 242 3911 2054 840 6689 1128 1034 574 224 133 460 153 270
is_linear=0
shrinkage=0.05


Tree=226
num_leaves=31
num_cat=0
split_feature=100 75 133 19 108 136 15 122 134 46 30 30 21 1 105 105 51 2 44 43 91 86 76 104 85 103 15 138 114 73
split_gain=8.77836e-05 0.00022572 0.000892679 0.000879116 9.72166e-05 0.000189971 0.000228391 9.12935e-05 0.000218817 0.00025865 0.000125166 0.000115058 9.07978e-05 8.50883e-05 8.24199e-05 0.000657364 0.00214395 0.000105156 0.000122688 0.000106288 0.000101957 7.64851e-05 6.92304e-05 6.86228e-05 6.43801e-05 5.71101e-05 6.65886e-05 5.50992e-05 5.33037e-05 0.000102132
threshold=-4.4500000000000446 12.950000000000001 84.635000000000005 -0.0020557142857142861 289.44483940000003 0.87500000000000011 0.00036250000000000003 13.500000000000002 6.3400000000000007 32.500000000000007 -2.6028571428571423 -3.6171428571428557 0.49305555555555564 0.41087726350000003 30.500000000000004 31.500000000000004 267.50000000000006 0.0047217085000000004 742.50000000000011 0.40450000000000008 11.550000000000002 9.5000000000000018 0.15000000000000005 0.35000000000000009 267.57712495000004 1322.45 8.5416666666666678e-05 12.300000000000002 37.650000000000013 26.450000000000003
decision_type=2 2 2 2 2 2 2 2 2 2 2 2 2 2 2 2 2 2 2 2 2 2 2 2 2 2 2 2 2 2
left_child=1 3 7 -1 13 6 -6 8 9 -3 -9 12 -10 14 17 16 -16 28 -19 20 -20 22 -12 -13 -25 -26 -27 -28 -2 -30
right_child=4 2 -4 -5 5 -7 -8 10 11 -11 21 23 -14 -15 15 -17 -18 18 19 -21 -22 -23 -24 24 25 26 27 -29 29 -31
leaf_value=0.00021645855134884903 0 -0.00015570982127883327 -0.00020881374342308369 0 0 0 0.00010131225954184602 -1.8376506566826983e-05 0 0 7.8531336691177391e-05 0 5.5767198766916937e-05 5.0925684147109784e-05 0 0 0.0003696214319080145 0 0 0 -9.6850989206907951e-05 0 0 0 0 0 -5.5506040886622247e-05 0 -3.3654120647427168e-05 0
leaf_weight=50 5803 63 60 273 92 129 126 379 80 84 88 106 101 81 128 4035 51 186 63 50 125 398 85 139 172 77 323 50 354 63
leaf_count=50 5803 63 60 273 92 129 126 379 80 84 88 106 101 81 128 4035 51 186 63 50 125 398 85 139 172 77 323 50 354 63
internal_value=-3.63653e-07 -9.04018e-06 -1.62037e-05 2.43292e-05 1.13748e-06 2.72096e-05 5.78367e-05 -8.39125e-06 -1.78094e-05 -7.82015e-05 0 -4.50544e-06 2.22651e-05 0 -7.42325e-08 4.89397e-06 9.84424e-05 -3.97805e-06 -2.88837e-05 -5.26011e-05 -7.00341e-05 1.79641e-05 4.64735e-05 -1.58738e-05 -2.26312e-05 -2.97454e-05 -3.92275e-05 -4.79658e-05 -1.4722e-06 -1.87366e-05
internal_weight=13814 2528 2205 323 11286 347 218 2145 1195 147 950 1048 181 10939 10858 4214 179 6644 424 238 188 571 173 867 761 622 450 373 6220 417
internal_count=13814 2528 2205 323 11286 347 218 2145 1195 147 950 1048 181 10939 10858 4214 179 6644 424 238 188 571 173 867 761 622 450 373 6220 417
is_linear=0
shrinkage=0.05


Tree=227
num_leaves=31
num_cat=0
split_feature=100 46 139 140 69 103 81 108 136 15 14 1 105 105 85 2 31 115 8 103 114 73 50 141 40 21 76 136 19 81
split_gain=7.90237e-05 0.000207919 0.00140092 0.000450916 0.000825333 0.000171051 0.000212274 8.43125e-05 0.000174608 0.000206731 8.37295e-05 7.68802e-05 7.50916e-05 0.000588716 0.0020141 9.45708e-05 0.000110495 7.53952e-05 5.72201e-05 4.76459e-05 4.53933e-05 9.50835e-05 8.28266e-05 0.000124693 4.78761e-05 8.98026e-05 0.000151987 0.000120362 7.85877e-05 0.000144471
threshold=-4.4500000000000446 16.500000000000004 88.861231950955485 71.610000000000014 287.04833890000003 935.60000000000014 54.250000000000007 289.44483940000003 0.87500000000000011 0.00036250000000000003 0.010490868000000002 0.41087726350000003 30.500000000000004 31.500000000000004 264.86973195000007 0.0047217085000000004 14.65 14.65 0.0085327799632802081 1702.95 37.650000000000013 26.450000000000003 1023.6500000000002 22.715000000000003 1.0000000180025095e-35 0.38194444444444448 0.45000000000000007 0.34500000000000003 -6.5714285714285064e-05 30.950000000000003
decision_type=2 2 2 2 2 2 2 2 2 2 2 2 2 2 2 2 2 2 2 2 2 2 2 2 2 2 2 2 2 2
left_child=1 2 5 -3 -5 -1 18 11 9 -9 -11 12 15 14 -14 20 -17 -18 -7 -20 24 22 23 -22 28 26 -26 -28 29 -2
right_child=7 3 -4 4 -6 6 -8 8 -10 10 -12 -13 13 -15 -16 16 17 -19 19 -21 21 -23 -24 -25 25 -27 27 -29 -30 -31
leaf_value=5.0470945018131236e-05 -3.6336772085440567e-08 -1.3626006120945428e-06 -0.00027756935012425774 0 0.0002509775464440121 0 -0.00012416557310144507 0 0 0 0.00013597809129496454 4.8410452844819239e-05 0.0003344355851093774 0 0 0 -6.3455411683849101e-05 0 -2.5556719320818022e-05 0 0 0 0 -8.5015817364409647e-05 0 0 -0.00013696914368030672 0 -3.3278370499660963e-06 2.1095255196912292e-05
leaf_weight=78 1036 948 52 60 50 556 50 92 129 52 74 81 58 4035 121 173 194 57 510 224 61 63 172 121 433 1209 52 59 1736 1278
leaf_count=78 1036 948 52 60 50 556 50 92 129 52 74 81 58 4035 121 173 194 57 510 224 61 63 172 121 433 1209 52 59 1736 1278
internal_value=-3.19699e-07 -8.56834e-06 -2.15297e-05 4.7223e-06 0.000101748 -8.42782e-06 -1.56199e-05 1.08556e-06 2.53755e-05 5.49222e-05 9.62865e-05 0 -5.04309e-08 4.67035e-06 9.32061e-05 -3.79732e-06 -2.74594e-05 -4.86605e-05 -7.44681e-06 -1.70889e-05 -1.37645e-06 -1.73115e-05 -3.19762e-05 -5.58122e-05 0 -7.12052e-06 -2.39815e-05 -7.86836e-05 2.75554e-06 9.47868e-06
internal_weight=13814 2528 1470 1058 110 1418 1340 11286 347 218 126 10939 10858 4214 179 6644 424 251 1290 734 6220 417 354 182 5803 1753 544 111 4050 2314
internal_count=13814 2528 1470 1058 110 1418 1340 11286 347 218 126 10939 10858 4214 179 6644 424 251 1290 734 6220 417 354 182 5803 1753 544 111 4050 2314
is_linear=0
shrinkage=0.05


Tree=228
num_leaves=31
num_cat=0
split_feature=94 94 106 16 139 88 21 90 140 69 139 69 49 42 119 75 138 118 126 84 103 128 50 112 75 134 9 90 140 49
split_gain=7.39237e-05 0.000152868 0.000174162 0.000331204 0.000640468 0.000133966 0.000456046 0.00015508 0.00120823 0.00016669 0.000808264 0.000115927 0.000120807 0.000220506 0.00010617 8.73101e-05 7.80006e-05 7.4788e-05 0.000103224 0.000122999 0.00014265 0.000330229 0.00010994 6.77999e-05 5.48391e-05 0.000153833 0.00088798 0.000116536 0.000165912 0.000205963
threshold=22.500000000000004 17.500000000000004 18.750000000000004 0.20500000000000004 34.134068478036156 42.662500000000009 0.53472222222222232 24.620408163265314 76.225000000000009 289.77750380000003 86.716077848590643 282.79525415000006 963.1500000000002 0.81500000000000006 1.1500000000000001 16.950000000000003 3.6700000000000004 37.350000000000001 38.500000000000007 10.950000000000005 1069.3500000000001 9.2519140827358424 1022.7500000000001 293.65994575000008 9.6500000000000004 6.4400000000000004 0.81826388888888901 21.854081632653067 34.675000000000004 978.95000000000016
decision_type=2 2 2 2 2 2 2 2 2 2 2 2 2 2 10 2 2 10 2 2 2 2 2 2 2 2 2 2 2 2
left_child=1 5 3 4 -3 7 -7 9 -9 11 -11 24 -13 14 -14 -16 23 18 19 20 -18 -22 -23 -2 -1 26 -26 -27 -29 -30
right_child=16 2 -4 -5 -6 6 -8 8 -10 10 -12 12 13 -15 15 -17 17 -19 -20 -21 21 22 -24 -25 25 27 -28 28 29 -31
leaf_value=-4.1068534299916197e-06 0 0 0 0 0.00024749261377333178 0.00016860632801670399 0 -3.3585959755985514e-06 -0.00024511956077649384 0 0.00019502115023215083 0 0 0 -0.00010381698527679278 0 0 0 0 0 -0.00015710710658620685 -3.7387124062417701e-05 0 4.9926392805312334e-05 0 -2.7840944287067544e-06 0.00016924962304944939 0 0 0.00011899463555632142
leaf_weight=3055 318 86 595 312 52 50 57 1215 56 196 63 367 61 146 150 81 189 95 238 81 80 419 149 67 760 4077 93 486 137 83
leaf_count=3055 318 86 595 312 52 50 57 1215 56 196 63 367 61 146 150 81 189 95 238 81 80 419 149 67 760 4077 93 486 137 83
internal_value=-3.42588e-07 6.17288e-07 1.91053e-05 4.25675e-05 0.000108794 -6.70577e-07 5.35515e-05 -1.65501e-06 -1.81257e-05 0 3.98781e-05 -5.8568e-07 -1.89845e-05 -3.67379e-05 -6.24793e-05 -7.79367e-05 -1.05381e-05 -1.7348e-05 -2.2074e-05 -2.99041e-05 -3.67102e-05 -4.78497e-05 -2.34249e-05 0 5.45248e-07 3.9542e-06 2.35273e-05 0 1.91669e-05 5.52457e-05
internal_weight=13814 12178 1045 450 138 11133 107 11026 1271 9755 259 9496 805 438 292 231 1636 1251 1156 918 837 648 568 385 8691 5636 853 4783 706 220
internal_count=13814 12178 1045 450 138 11133 107 11026 1271 9755 259 9496 805 438 292 231 1636 1251 1156 918 837 648 568 385 8691 5636 853 4783 706 220
is_linear=0
shrinkage=0.05


Tree=229
num_leaves=31
num_cat=0
split_feature=100 46 131 140 101 93 138 133 49 44 14 108 136 30 29 131 112 1 110 91 133 93 137 131 44 8 92 29 105 105
split_gain=7.09295e-05 0.000186063 0.00140952 0.000397038 0.000700495 0.000162323 0.000178765 0.000507646 0.000112865 9.09481e-05 0.000145608 7.33034e-05 0.000162299 0.000149153 9.02716e-05 6.52335e-05 6.4727e-05 6.31016e-05 7.11173e-05 0.000126772 0.000236756 0.000229563 0.000190129 0.000111282 9.80112e-05 7.21116e-05 0.000205539 0.000585857 0.00018626 0.00065403
threshold=-4.4500000000000446 16.500000000000004 26.52198350846967 71.610000000000014 0.082432950000026053 264.43850580000009 3.6950000000000007 7.9350000000000005 973.95000000000016 1337.5000000000002 0.0043315890000000011 289.44483940000003 0.87500000000000011 -0.83571428571428708 36.600000000000009 341.30056546473668 279.83168715000005 0.41087726350000003 17.050000000000004 18.750000000000004 31.585000000000004 273.56368440000006 0.055000000000000007 276.19502328255265 362.50000000000006 0.005450561953116992 6.8500000000000023 29.600000000000005 30.500000000000004 31.500000000000004
decision_type=2 2 2 2 2 2 2 2 2 2 2 2 2 2 2 2 2 2 2 2 2 2 2 2 2 2 2 2 2 2
left_child=1 2 -1 -3 -5 8 7 -7 -4 10 -8 17 13 14 -13 16 -12 18 19 -2 -21 22 -22 24 -24 -20 28 -28 -27 -30
right_child=11 3 5 4 -6 6 9 -9 -10 -11 15 12 -14 -15 -16 -17 -18 -19 25 20 21 -23 23 -25 -26 26 27 -29 29 -31
leaf_value=-0.00027427576951797369 0 -1.1281081182001601e-06 0 0.00021636159305502188 0 0 0 0.00017697080886976507 -0.00011555345226824691 0 0 0.00011812914910214478 0 0 0 0 -5.5745688128068432e-05 4.3861470955628803e-05 -1.2852184119265608e-06 0 0 0 0 0 -0.0001323966666596617 -1.7526459339674307e-05 0.00019490487352283838 1.1409259918674242e-05 0.00018803609874230287 2.1898533628507565e-06
leaf_weight=53 3755 948 97 58 52 132 177 51 56 474 51 85 129 74 59 57 322 81 2554 794 64 276 78 54 147 829 55 706 51 1495
leaf_count=53 3755 948 97 58 52 132 177 51 56 474 51 85 129 74 59 57 322 81 2554 794 64 276 78 54 147 829 55 706 51 1495
internal_value=-2.5948e-07 -8.09524e-06 -2.03903e-05 4.26935e-06 9.54217e-05 -7.18138e-06 0 4.41991e-05 -5.57672e-05 -8.99048e-06 -2.27554e-05 1.05326e-06 2.37189e-05 5.24089e-05 8.19759e-05 -3.96869e-05 -4.74463e-05 0 0 -4.67535e-06 -1.74369e-05 -4.05966e-05 -6.81081e-05 -8.60033e-05 -0.000101955 3.37449e-06 8.7625e-06 3.14712e-05 0 1.16703e-05
internal_weight=13814 2528 1470 1058 110 1417 1264 183 153 1081 607 11286 347 218 144 430 373 10939 10858 5168 1413 619 343 279 225 5690 3136 761 2375 1546
internal_count=13814 2528 1470 1058 110 1417 1264 183 153 1081 607 11286 347 218 144 430 373 10939 10858 5168 1413 619 343 279 225 5690 3136 761 2375 1546
is_linear=0
shrinkage=0.05


Tree=230
num_leaves=31
num_cat=0
split_feature=50 88 49 134 81 19 33 84 93 128 43 136 122 136 92 104 118 138 88 1 0 4 4 161 91 101 4 51 77 77
split_gain=9.05602e-05 0.000209491 0.000186182 0.000497763 0.000146535 0.000118628 0.000307094 0.000116131 0.00026754 0.000430264 0.00039212 0.000178327 0.000134504 0.00011604 0.000162933 0.000148791 9.47437e-05 6.91879e-05 6.88373e-05 6.6674e-05 5.55346e-05 5.167e-05 0.000139524 0.000370996 0.000728259 0.00012203 7.41245e-05 0.000713229 7.29809e-05 6.97898e-05
threshold=1009.1500000000002 50.912500000000001 969.35000000000002 4.2600000000000007 52.45000000000001 -0.0064871428571428537 -0.2323020129036312 6.3500000000000014 267.42453710000007 10.770903114643311 0.34550000000000003 0.15500000000000003 14.500000000000002 0.37000000000000005 8.7500000000000018 0.55000000000000016 5.9500000000000011 6.7150000000000007 30.212500000000006 0.007183545500000001 0.0046500000000000005 7.2100000000000018e-05 0.0051473125000000008 0.27551020408163268 18.250000000000004 6.0928291499999725 0.0043647795000000007 309.50000000000006 276.8541338500001 280.10533865000008
decision_type=2 2 2 2 2 2 2 2 2 2 2 2 2 2 2 2 10 2 2 2 2 2 2 2 2 2 2 2 2 2
left_child=2 4 5 -4 7 6 -1 21 9 10 11 -9 20 -5 -15 -16 -7 -17 19 -18 -10 29 23 26 -25 -26 -23 -28 -24 -2
right_child=1 -3 3 13 -6 16 -8 8 12 -11 -12 -13 -14 14 15 17 18 -19 -20 -21 -22 22 28 24 25 -27 27 -29 -30 -31
leaf_value=0 -6.2336974249262194e-07 8.95418967195218e-05 -0.00017240498157199209 5.9912342152818492e-07 -7.1943842904836463e-05 -3.9321274776141888e-05 0.00013549944224811546 0 3.2596051443899573e-05 0 0 0.00014539972516473481 -4.9962076032965406e-05 0 0 -0.00010210210022012154 7.7131063286255919e-05 0 0 0 0 -2.0043333658856287e-06 0 0.00019946130582059303 4.2130366406930407e-06 9.2464481688605901e-05 0 0.00018533361209336905 -3.0937811132939026e-05 -2.6538805730896539e-05
leaf_weight=79 3229 68 56 494 65 152 57 56 132 166 129 164 134 653 201 138 56 123 1715 58 69 2617 1385 70 747 61 185 56 282 351
leaf_count=79 3229 68 56 494 65 152 57 56 132 166 129 164 134 653 201 138 56 123 1715 58 69 2617 1385 70 747 61 185 56 282 351
internal_value=-2.31436e-07 1.88193e-06 -7.12112e-06 -1.98536e-05 7.65612e-07 5.36808e-07 4.65723e-05 1.76196e-06 1.94174e-05 4.37244e-05 7.67587e-05 0.000117332 -3.08815e-06 -1.13348e-05 -2.10982e-05 -4.41895e-05 -1.22825e-07 -6.97893e-05 4.22249e-07 3.87208e-05 3.5013e-06 0 3.17506e-06 9.17913e-06 3.75949e-05 1.71621e-05 0 2.68754e-05 -7.28079e-06 -4.5672e-06
internal_weight=13748 9966 3782 1665 9898 2117 136 9833 850 515 349 220 335 1609 1115 462 1981 261 1829 114 201 8983 5403 3736 878 808 2858 241 1667 3580
internal_count=13748 9966 3782 1665 9898 2117 136 9833 850 515 349 220 335 1609 1115 462 1981 261 1829 114 201 8983 5403 3736 878 808 2858 241 1667 3580
is_linear=0
shrinkage=0.05


Tree=231
num_leaves=31
num_cat=0
split_feature=50 88 49 134 81 73 12 4 14 85 49 131 136 103 13 30 92 108 90 91 34 6 112 12 15 44 81 12 118 63
split_gain=8.33363e-05 0.000189744 0.000172649 0.000444973 0.000132125 0.000130394 0.000479472 0.000111757 9.65694e-05 0.000121667 6.88607e-05 0.000309096 4.95296e-05 4.42347e-05 6.33616e-05 4.34856e-05 3.99699e-05 0.000116947 9.26418e-05 0.000228336 0.000392054 0.000100007 0.000232612 8.08305e-05 8.05234e-05 0.000269439 0.000258536 7.66614e-05 7.57311e-05 8.19727e-05
threshold=1009.1500000000002 50.912500000000001 969.35000000000002 4.2600000000000007 52.45000000000001 38.850000000000001 0.053003582 0.00091263800000000001 0.015602906500000001 267.53708350000005 943.35000000000002 32.740037769087287 0.21000000000000005 1717.1500000000003 0.0013446454027777781 -2.5299999999999989 22.750000000000004 284.54137395000004 21.037755102040823 18.450000000000003 0.39102774743047031 0.022078472222222225 278.87430250000006 0.020877561000000003 0.00076041666666666673 592.50000000000011 43.650000000000013 0.020393872000000004 9.1500000000000004 20.462700000000005
decision_type=2 2 2 2 2 2 2 2 2 2 2 2 2 2 2 2 2 2 2 2 2 2 2 2 2 2 2 2 10 2
left_child=2 4 10 -4 5 16 -7 -5 9 -9 12 -12 -1 14 -13 -15 18 -18 23 20 -20 24 -23 27 -21 -26 -27 -2 -25 -30
right_child=1 -3 3 7 -6 6 -8 8 -10 -11 11 13 -14 15 -16 -17 17 -19 19 21 -22 22 -24 28 25 26 -28 -29 29 -31
leaf_value=-3.3662707575584452e-05 0 8.5129690091823737e-05 -0.0001639359711528717 0 -6.8401155504929962e-05 0 0.00015686669467420813 0 0 -7.8489328813854346e-05 9.8797854904566121e-05 0 0 0 -4.5290585572241035e-05 1.3766914961974726e-05 0 -7.1953297702835603e-05 5.7128572939533415e-06 0 0.00015466217899302138 -9.3371521394477571e-05 0 0 0 7.1152124518376568e-06 0.00013767573564241119 4.7456118828909326e-05 -2.9105894044777091e-05 0
leaf_weight=193 3562 68 56 1074 65 300 62 103 268 164 86 265 156 487 107 823 461 72 351 1469 73 87 53 1639 400 277 82 92 698 155
leaf_count=193 3562 68 56 1074 65 300 62 103 268 164 86 265 156 487 107 823 461 72 351 1469 73 87 53 1639 400 277 82 92 698 155
internal_value=-2.79853e-07 1.72794e-06 -6.89137e-06 -1.91499e-05 6.41318e-07 1.61307e-06 3.1121e-05 -1.09064e-05 -2.96404e-05 -5.15552e-05 3.93608e-07 6.57467e-06 -1.65627e-05 0 -1.30095e-05 6.01658e-06 0 -1.26591e-05 1.26702e-06 9.12067e-06 4.34257e-05 8.51876e-07 -3.62884e-05 -1.48823e-06 5.44404e-06 1.87564e-05 5.11253e-05 2.20621e-06 -8.90968e-06 -2.12939e-05
internal_weight=13748 9966 3782 1665 9898 9833 362 1609 535 267 2117 1768 349 1682 372 1310 9471 533 8938 2792 424 2368 140 6146 2228 759 359 3654 2492 853
internal_count=13748 9966 3782 1665 9898 9833 362 1609 535 267 2117 1768 349 1682 372 1310 9471 533 8938 2792 424 2368 140 6146 2228 759 359 3654 2492 853
is_linear=0
shrinkage=0.05


Tree=232
num_leaves=31
num_cat=0
split_feature=94 141 119 81 85 90 3 136 88 120 114 131 82 65 128 90 30 82 28 73 98 22 120 83 81 122 21 134 43 21
split_gain=6.24333e-05 0.000331008 0.00186931 0.000140965 0.000392551 0.000114595 0.000297239 0.00027957 0.000109591 0.000429496 0.000122801 0.000188568 0.0011885 0.000121193 0.00010951 0.000100431 7.37019e-05 7.88083e-05 0.000152617 0.000114815 0.000101716 7.35503e-05 9.29728e-05 6.20991e-05 8.54993e-05 5.2888e-05 5.21731e-05 7.40916e-05 5.46694e-05 4.39642e-05
threshold=17.500000000000004 38.640000000000008 12.65 53.750000000000007 275.88645125000011 27.262244897959185 0.0011256035000000001 0.51500000000000012 42.662500000000009 268.96515715000004 20.250000000000004 22.321942539713117 27.866000000000007 11.950000000000001 11.085115049664099 20.396938775510208 -2.3999999999999999 26.762000000000004 41.000000000000007 23.850000000000005 4.3000000000000034 55.500000000000007 272.84574075000006 18.150000000000002 26.050000000000004 12.500000000000002 0.46527777777777785 11.675000000000002 0.35450000000000004 0.57638888888888895
decision_type=2 2 10 2 2 2 2 2 2 10 2 2 2 2 2 2 2 2 2 2 2 2 10 2 2 2 2 2 2 2
left_child=8 3 -3 5 -5 6 7 -2 10 -10 -1 12 -12 14 21 23 25 18 19 -18 29 22 -13 24 -15 -17 27 28 -26 -21
right_child=1 2 -4 4 -6 -7 -8 -9 9 -11 11 13 -14 15 -16 16 17 -19 -20 20 -22 -23 -24 -25 26 -27 -28 -29 -30 -31
leaf_value=7.0487755823968187e-08 0.00015528841445327114 -1.4028822571210756e-05 0.00033095892074584303 0 -0.00013810941649815015 0 0 0 0 0.00015917192593923235 2.0275251443212922e-05 -7.5099186833363851e-05 -0.00023718510438350051 0 0 0 0 0 -6.7854365177201801e-06 9.1316698698911354e-05 0 0 0 0 -0.0001321560432528889 -2.1029987744467362e-05 0 0 0 0
leaf_weight=7032 73 75 50 57 66 1900 402 58 65 50 56 205 64 204 73 553 291 908 90 162 70 59 121 200 61 418 168 52 71 94
leaf_count=7032 73 75 50 57 66 1900 402 58 65 50 56 205 64 204 73 553 291 908 90 162 70 59 121 200 61 418 168 52 71 94
internal_value=-2.60948e-07 6.12201e-06 8.58152e-05 2.372e-07 -4.8907e-05 4.79498e-06 2.53237e-05 9.06854e-05 -2.2594e-06 4.33889e-05 -3.19913e-06 -1.03381e-05 -7.654e-05 -6.91253e-06 -3.20584e-05 -1.96222e-06 9.70351e-07 9.09261e-06 2.16098e-05 3.38466e-05 5.51621e-05 -4.39474e-05 -5.33119e-05 -1.85865e-05 -2.73537e-05 -7.39028e-06 -4.22628e-05 -6.41342e-05 -8.43449e-05 6.97216e-05
internal_weight=13748 2681 125 2556 123 2433 533 131 11067 115 10952 3920 120 3800 458 3342 2586 1615 707 617 326 385 326 756 556 971 352 184 132 256
internal_count=13748 2681 125 2556 123 2433 533 131 11067 115 10952 3920 120 3800 458 3342 2586 1615 707 617 326 385 326 756 556 971 352 184 132 256
is_linear=0
shrinkage=0.05


Tree=233
num_leaves=31
num_cat=0
split_feature=50 88 49 131 46 19 19 103 73 128 104 75 122 83 108 88 18 138 120 120 50 93 30 135 3 42 138 53 53 89
split_gain=7.81863e-05 0.000175204 0.000160764 0.000415519 0.000440234 0.00121067 9.69218e-05 0.000297697 9.2768e-05 0.000419969 8.19098e-05 0.000155008 8.14808e-05 5.58392e-05 0.000138379 5.61899e-05 0.00030278 7.29078e-05 0.000105816 0.000320672 8.08276e-05 0.0001297 0.000241999 0.000307589 6.81105e-05 7.48746e-05 5.86032e-05 0.0011718 0.000122725 8.47701e-05
threshold=1009.1500000000002 50.912500000000001 969.35000000000002 47.941443957701061 40.500000000000007 -0.001208571428571428 -0.0064871428571428537 2010.9500000000005 38.850000000000001 9.4017455261924869 6.6500000000000012 14.850000000000003 8.5000000000000018 28.550000000000004 279.02617705000006 42.587500000000013 0.0069375000000000001 4.3400000000000007 270.4904113500001 268.64483335000006 1015.2500000000001 266.45127980000007 -1.8842857142857132 25.400000000000002 0.057744021000000006 0.15500000000000003 4.4250000000000007 176.50000000000003 210.50000000000003 42.550000000000004
decision_type=2 2 2 2 2 2 2 2 2 2 2 2 2 2 2 2 2 2 8 8 2 2 2 2 2 2 2 2 2 2
left_child=2 8 6 4 5 -4 7 -1 13 -10 11 12 -8 15 -15 17 -17 18 19 -2 21 -19 23 -23 -20 -26 27 -22 29 -28
right_child=1 -3 3 -5 -6 -7 10 -9 9 -11 -12 -13 -14 14 -16 16 -18 20 24 -21 26 22 -24 -25 25 -27 28 -29 -30 -31
leaf_value=0.00013644504631678123 0 8.1889094839478259e-05 -0.00031664158270646836 -3.82078395941715e-06 0 0 -7.4507691685371194e-05 0 0.00011573033453428157 0 6.6565908012460943e-06 0 0 0 -6.5408558969755703e-05 0 9.6799070874643197e-05 0 0 -0.00011952827584277006 -8.7697707951083994e-06 0 0 0.00015672354165549742 0 -4.1436348288023707e-05 -2.6765166723348442e-07 0.00024246263785362147 -1.8239467682734685e-05 1.7323943340130271e-05
leaf_weight=52 97 68 56 1403 128 78 134 84 95 281 1050 725 72 303 112 114 95 556 1622 83 193 108 223 78 149 212 3885 51 904 737
leaf_count=52 97 68 56 1403 128 78 134 84 95 281 1050 725 72 303 112 114 95 556 1622 83 193 108 223 78 149 212 3885 51 904 737
internal_value=-2.39353e-07 1.69471e-06 -6.65663e-06 -1.84865e-05 -7.76963e-05 -0.000141113 2.91064e-07 4.20699e-05 6.30452e-07 2.50122e-05 -7.42186e-08 -1.30292e-05 -5.1346e-05 0 -1.81803e-05 4.80264e-07 2.60563e-05 0 -8.10461e-06 -4.69177e-05 2.44074e-06 1.58342e-05 3.71696e-05 7.91481e-05 -2.03945e-06 -2.22075e-05 0 2.41091e-05 -8.61542e-07 1.459e-06
internal_weight=13748 9966 3782 1665 262 134 2117 136 9898 376 1981 931 206 9522 415 9107 209 8898 2163 180 6735 965 409 186 1983 361 5770 244 5526 4622
internal_count=13748 9966 3782 1665 262 134 2117 136 9898 376 1981 931 206 9522 415 9107 209 8898 2163 180 6735 965 409 186 1983 361 5770 244 5526 4622
is_linear=0
shrinkage=0.05


Tree=234
num_leaves=31
num_cat=0
split_feature=50 133 81 50 36 140 49 141 138 49 85 91 75 19 89 18 1 112 41 1 61 28 120 133 62 28 75 25 114 91
split_gain=7.39429e-05 0.000288987 0.000208763 0.000148372 0.000107541 0.000162545 0.000200377 0.000104717 0.000166193 0.000126845 0.000171577 0.000100992 9.42273e-05 9.30779e-05 8.23201e-05 0.00024519 0.000125871 0.00010398 0.000183896 0.000306106 0.000441212 8.06749e-05 6.628e-05 6.5789e-05 9.99583e-05 0.00010815 0.000158548 5.76379e-05 5.12216e-05 5.09652e-05
threshold=1010.7500000000001 88.200000000000003 54.850000000000009 1013.9500000000002 267.17761860000007 34.545000000000009 963.55000000000007 36.860000000000007 6.7150000000000007 984.85000000000002 267.05723125000003 33.550000000000004 14.550000000000002 -0.0031385714285714285 41.45000000000001 0.063537500000000011 0.29207440000000007 283.24889155000005 46.500000000000007 0.00031129350000000004 196.10000000000005 34.95000000000001 269.05808075000004 26.395000000000007 54.95000000000001 25.150000000000002 17.250000000000004 20.500000000000004 26.950000000000003 27.050000000000004
decision_type=2 2 2 2 2 2 2 2 2 2 2 2 2 2 2 2 2 2 2 2 2 2 10 2 2 2 2 2 2 2
left_child=1 7 3 4 -2 -6 -7 12 9 10 -9 14 13 -1 16 17 -5 18 19 20 -16 -13 -18 -14 25 26 -25 29 -8 -20
right_child=2 -3 -4 11 5 6 28 8 -10 -11 -12 21 23 -15 15 -17 22 -19 27 -21 -22 -23 -24 24 -26 -27 -28 -29 -30 -31
leaf_value=0 0 -0.00012522704709312473 0.00010167628168655595 0 0 0 0.00012947827814896302 0 0 0 -6.7976422341411045e-05 -4.974021748458236e-05 0 -3.3384482958897e-05 0 0.00011596431806186988 0 -1.5955084938205722e-05 -2.323684622699967e-05 0 0.00017127030793850538 0 -6.1111141390394054e-05 8.8774504810908516e-05 0 0 0 1.6539374593516076e-05 0 0
leaf_weight=56 368 52 52 6370 175 90 99 206 258 63 317 184 1811 378 55 56 127 338 323 255 85 116 136 142 456 319 118 352 76 315
leaf_count=56 368 52 52 6370 175 90 99 206 258 63 317 184 1811 378 55 56 127 338 323 255 85 116 136 142 456 319 118 352 76 315
internal_value=-2.35253e-07 -6.08674e-06 1.79566e-06 7.14314e-07 2.14508e-05 3.8128e-05 6.27522e-05 -3.34237e-06 -1.90879e-05 -3.5104e-05 -4.45604e-05 -6.37289e-07 0 -2.08833e-05 0 9.90237e-06 -2.1707e-06 3.4897e-06 1.18507e-05 4.06509e-05 0.000100342 -2.91644e-05 -3.6199e-05 4.01344e-06 1.42486e-05 2.8169e-05 5.29078e-05 0 9.37965e-05 -8.6246e-06
internal_weight=13748 4176 9572 9520 808 440 265 4124 844 586 523 8712 3280 434 8412 1779 6633 1723 1385 395 140 300 263 2846 1035 579 260 990 175 638
internal_count=13748 4176 9572 9520 808 440 265 4124 844 586 523 8712 3280 434 8412 1779 6633 1723 1385 395 140 300 263 2846 1035 579 260 990 175 638
is_linear=0
shrinkage=0.05


Tree=235
num_leaves=31
num_cat=0
split_feature=112 133 88 136 93 35 142 105 138 49 90 133 123 93 19 110 22 22 61 138 136 92 136 92 73 50 140 99 14 35
split_gain=8.66037e-05 0.000976863 0.000648448 0.000147599 0.000125423 0.000160824 0.000143936 0.000126783 6.92658e-05 6.68042e-05 6.61098e-05 0.000270989 0.000288692 0.000187914 0.00070231 0.000114872 0.000115092 0.000107727 0.000184089 0.000346687 9.23718e-05 9.196e-05 0.000160562 0.000105064 6.38444e-05 0.000112726 5.8147e-05 5.36105e-05 9.37852e-05 5.01306e-05
threshold=287.60180650000007 87.64500000000001 50.912500000000001 0.8650000000000001 266.05376145000008 281.73078675000005 325.96598140156283 16.500000000000004 3.9100000000000006 967.6500000000002 21.780612244897963 84.075000000000017 0.25881904510252091 273.60347820000004 0.0045414285714285773 16.250000000000004 51.000000000000007 1.0000000180025095e-35 2003.9000000000003 6.4150000000000009 1.0950000000000004 7.1500000000000021 0.41500000000000004 14.150000000000004 20.150000000000002 1021.35 16.750000000000004 -3.5499999999999541 0.023360245500000005 280.51584670000005
decision_type=2 2 2 2 2 2 2 2 2 2 2 2 2 2 2 2 2 2 2 2 2 2 2 2 2 2 2 2 2 2
left_child=2 3 10 4 8 -6 -7 -8 27 -5 17 13 -13 15 -15 16 20 18 19 -1 21 -12 -23 -24 25 -17 -11 -2 -29 -19
right_child=1 -3 -4 9 5 6 7 -9 -10 26 11 12 -14 14 -16 24 -18 29 -20 -21 -22 22 23 -25 -26 -27 -28 28 -30 -31
leaf_value=-0.00011916594364599881 0 -0.00022194765206087915 0.0001717973463501866 0 0 0 9.284116434505696e-05 0 -2.059978686511436e-05 0 0 0.0001232073526336201 0 0 0.00020886560328701271 7.2114024041134434e-05 0 0 0 0 0 0 -0.000116195021775784 0 0 0 -4.3493888711108894e-05 7.1031819893535122e-05 0 -1.4458407181126569e-05
leaf_weight=116 57 53 54 108 108 89 166 55 361 113 160 97 57 285 50 87 135 6785 96 155 120 252 124 94 2546 167 335 76 56 638
leaf_count=116 57 53 54 108 108 89 166 55 361 113 160 97 57 285 50 87 135 6785 96 155 120 252 124 94 2546 167 335 76 56 638
internal_value=-6.26185e-07 -1.17987e-05 4.24722e-07 -1.07093e-06 7.00195e-06 2.93362e-05 4.95205e-05 7.11076e-05 -9.2013e-07 -2.40899e-05 0 4.68956e-06 7.0295e-05 9.15987e-07 3.73646e-05 -1.05027e-06 -1.76188e-05 -3.0706e-06 -3.01501e-05 -5.40542e-05 -2.73743e-05 -3.5466e-05 -4.6618e-05 -8.0665e-05 2.4059e-06 2.62585e-05 -3.30435e-05 1.02638e-05 3.40325e-05 -1.05439e-06
internal_weight=13595 1577 12018 1524 968 418 310 221 550 556 11964 4174 154 4020 335 3685 885 7790 367 271 750 630 470 218 2800 254 448 189 132 7423
internal_count=13595 1577 12018 1524 968 418 310 221 550 556 11964 4174 154 4020 335 3685 885 7790 367 271 750 630 470 218 2800 254 448 189 132 7423
is_linear=0
shrinkage=0.05


Tree=236
num_leaves=31
num_cat=0
split_feature=77 138 16 88 34 1 88 85 15 120 1 19 43 44 75 19 1 96 80 105 59 119 108 138 160 49 119 49 133 133
split_gain=9.00903e-05 0.000945662 9.68245e-05 0.00136473 0.000206145 0.000686992 0.000156287 0.000192134 0.000115616 0.000679421 9.1198e-05 8.39869e-05 7.01831e-05 8.81617e-05 0.00016422 0.00029101 0.000199913 7.28267e-05 8.38753e-05 0.000121211 0.000179261 0.000117267 0.000362713 7.15081e-05 0.000109724 0.000149476 6.57712e-05 8.10065e-05 5.64761e-05 5.41478e-05
threshold=289.11973385000005 2.8900000000000001 0.35500000000000004 48.487500000000004 0.36449995270208152 0.18311337450000004 45.050000000000004 275.12414065000002 0.00023854166666666669 270.84698435000007 0.36432711350000008 -0.00051714285714285697 0.37750000000000006 902.50000000000011 9.2500000000000018 -0.00052999999999999976 0.028878033000000001 43.487500000000011 31.812500000000007 30.500000000000004 5.2975500000000011 6.8500000000000005 268.75125170000007 5.54 0.034846938775510213 968.25000000000011 0.55000000000000016 958.95000000000016 67.820000000000007 7.2100000000000009
decision_type=2 2 2 2 2 2 2 2 2 8 2 2 2 2 2 2 2 2 2 2 2 10 2 2 2 2 10 2 2 2
left_child=2 -2 3 4 8 -6 12 -8 10 -10 -1 -9 17 14 -14 16 -16 18 19 20 -4 28 -23 24 -15 -26 -22 -28 -21 -29
right_child=1 -3 6 -5 5 -7 7 11 9 -11 -12 -13 13 23 15 -17 -18 -19 -20 21 26 22 -24 -25 25 -27 27 29 -30 -31
leaf_value=-1.0580527112339579e-06 -0.00019531118379959749 0 -9.9740470698706602e-07 0.00025681658718962422 2.9067640531455404e-06 0.00019187327652497383 0 -8.8331153358591172e-05 0.0001872246845318428 0 -4.269543340087462e-05 0 0 0 0.00010845168430804639 0 0 1.1093293159828897e-05 5.1256416064231836e-06 0 0 0 0.0001489067705119422 5.6942194167867934e-06 0 -0.00010695098834150777 0 0 -4.5833874166082518e-05 -4.5251983400035575e-05
leaf_weight=3804 67 636 1341 53 572 60 133 146 54 178 156 50 412 472 162 293 62 398 591 1205 108 117 52 1156 154 68 107 80 78 830
leaf_count=3804 67 636 1341 53 572 60 133 146 54 178 156 50 412 472 162 293 62 398 591 1205 108 117 52 1156 154 68 107 80 78 830
internal_value=-5.80324e-07 -1.80673e-05 0 5.90801e-06 2.06242e-06 2.90203e-05 -2.99276e-06 -3.71992e-05 -8.15322e-07 3.13752e-05 -3.97099e-06 -6.89657e-05 -8.73456e-07 4.60327e-06 1.73302e-05 3.64936e-05 7.93694e-05 -4.99416e-06 -7.52496e-06 -1.07099e-05 -1.74655e-05 0 3.97343e-05 0 -1.42564e-05 -4.31686e-05 -3.26367e-05 -3.66016e-05 -4.39206e-06 -4.14647e-05
internal_weight=13595 703 12892 4877 4824 632 8015 329 4192 232 3960 196 7686 2779 929 517 224 4907 4509 3918 2466 1452 169 1850 694 222 1125 1017 1283 910
internal_count=13595 703 12892 4877 4824 632 8015 329 4192 232 3960 196 7686 2779 929 517 224 4907 4509 3918 2466 1452 169 1850 694 222 1125 1017 1283 910
is_linear=0
shrinkage=0.05


Tree=237
num_leaves=31
num_cat=0
split_feature=77 138 16 88 15 43 88 85 120 41 40 19 43 133 96 105 47 119 133 21 119 119 126 136 81 49 133 31 11 142
split_gain=8.11051e-05 0.000855161 8.80494e-05 0.00123338 0.000162536 0.00144019 0.000139973 0.000176088 8.13181e-05 0.000200811 7.8686e-05 7.42843e-05 6.22283e-05 8.05496e-05 6.68965e-05 6.58283e-05 0.000107927 9.46928e-05 0.000276485 6.90955e-05 7.97506e-05 5.53619e-05 9.54225e-05 7.13027e-05 0.000265468 6.69851e-05 4.5879e-05 4.56393e-05 6.26878e-05 4.35021e-05
threshold=289.11973385000005 2.8900000000000001 0.35500000000000004 48.487500000000004 0.00021875000000000006 0.32050000000000006 45.050000000000004 275.12414065000002 275.09083335000008 62.500000000000007 0.03500000000000001 -0.00051714285714285697 0.37750000000000006 4.660000000000001 43.487500000000011 30.500000000000004 12.500000000000002 6.8500000000000005 26.395000000000007 0.56250000000000011 0.45000000000000007 10.750000000000002 51.500000000000007 0.41500000000000004 38.750000000000007 965.55000000000007 67.820000000000007 32.550000000000004 0.0012133985277777779 67.468436082346287
decision_type=2 2 2 2 2 2 2 2 8 2 2 2 2 2 2 2 2 10 2 2 10 8 2 2 2 2 2 2 2 2
left_child=2 -2 3 4 -1 -6 12 -8 -7 -10 -11 -9 14 -14 15 16 27 26 -19 20 -18 22 25 -23 -25 -15 -17 28 -4 -16
right_child=1 -3 6 -5 5 8 7 11 9 10 -12 -13 13 21 29 17 19 18 -20 -21 -22 23 -24 24 -26 -27 -28 -29 -30 -31
leaf_value=0 -0.00018568922933060524 0 2.6205103421860455e-06 0.00024421354519913791 0.00022291030557639323 1.6556846890916463e-05 0 -8.3944640212573434e-05 0 -0.00011442931858641026 0 0 4.9649465522723436e-05 0 0 0 0 0 0.00011678547464367567 0 -3.0209948738248389e-05 0 0 0 0.00010871969754678104 -5.3535495917832083e-05 -3.87267074553871e-05 3.3520162541549323e-05 -1.8076772630726414e-05 2.49455554931818e-05
leaf_weight=4364 67 636 507 53 80 137 133 146 126 65 52 50 101 139 153 1269 265 208 65 382 1137 394 1370 549 81 145 94 95 487 245
leaf_count=4364 67 636 507 53 80 137 133 146 126 65 52 50 101 139 153 1269 265 208 65 382 1137 394 1370 549 81 145 94 95 487 245
internal_value=-5.429e-07 -1.71379e-05 0 5.63935e-06 1.93186e-06 3.03396e-05 -2.84742e-06 -3.52452e-05 0 -2.60411e-05 -7.52112e-05 -6.56925e-05 -8.05775e-07 4.29969e-06 -4.71621e-06 -7.17353e-06 -1.17479e-05 0 2.76152e-05 -1.93229e-05 -2.44572e-05 7.05078e-07 -2.7399e-06 1.11448e-05 2.20059e-05 -2.96755e-05 -4.51289e-06 0 -2.50276e-06 1.054e-05
internal_weight=13595 703 12892 4877 4824 460 8015 329 380 243 117 196 7686 2779 4907 4509 2873 1636 273 1784 1402 2678 1654 1024 630 284 1363 1089 994 398
internal_count=13595 703 12892 4877 4824 460 8015 329 380 243 117 196 7686 2779 4907 4509 2873 1636 273 1784 1402 2678 1654 1024 630 284 1363 1089 994 398
is_linear=0
shrinkage=0.05


Tree=238
num_leaves=31
num_cat=0
split_feature=66 133 96 76 53 94 140 3 81 142 80 19 96 128 139 4 120 93 85 16 67 23 141 54 0 120 29 14 30 17
split_gain=7.80368e-05 0.000300178 0.000168518 7.78706e-05 5.50979e-05 5.42829e-05 5.48608e-05 5.19158e-05 0.000123801 0.000195072 0.00019928 5.13078e-05 0.000120224 5.29079e-05 4.68319e-05 0.000103608 7.79977e-05 4.46992e-05 8.26365e-05 8.18107e-05 8.64799e-05 6.68736e-05 5.54165e-05 0.00017329 0.000168306 4.64222e-05 6.60239e-05 5.35073e-05 4.30946e-05 4.15755e-05
threshold=20.375000000000004 88.200000000000003 50.937500000000007 2.6500000000000008 208.50000000000003 2.5000000000000004 13.450000000000001 0.098888170500000025 22.350000000000005 582.05391141393363 18.687500000000004 -0.0019928571428571525 34.962500000000013 10.697866186773167 84.423525025859234 7.2100000000000018e-05 276.24269640000006 264.72008965000003 264.82753525000004 0.25500000000000006 13.750000000000002 26.115972222222226 36.235000000000007 0.13500000000000004 0.0010500000000000004 266.11632170000007 43.250000000000007 0.0077868045000000002 -3.855714285714285 0.047400000000000005
decision_type=2 2 2 2 2 2 2 2 2 2 2 2 2 2 2 2 8 2 2 2 2 2 2 2 2 10 2 2 2 2
left_child=2 3 4 14 7 -5 -7 29 -9 -10 -11 -6 -13 -14 17 16 -16 21 -19 22 25 -2 -20 24 -24 -21 -27 -28 -8 -1
right_child=1 -3 -4 5 11 6 28 8 9 10 -12 12 13 -15 15 -17 -18 18 19 20 -22 -23 23 -25 -26 26 27 -29 -30 -31
leaf_value=3.8951839544066051e-06 -1.4693033806668648e-05 -9.2804342583599931e-05 8.3787597185578511e-05 0 0 0 0 0 0 0.00014674754814508821 0 0 -7.1776524881316306e-05 0 5.8928745288034814e-05 0 0 5.2745380671937403e-05 0 0 0 0 0 0 0.00011422700514664705 -1.722743536134253e-06 0 -7.2518291961577188e-05 -2.8224362230551943e-05 -7.420421601097098e-06
leaf_weight=3772 1321 97 66 158 206 223 132 372 357 69 52 380 121 55 161 225 68 74 875 167 1608 467 77 115 85 449 52 133 773 885
leaf_count=3772 1321 97 66 158 206 223 132 372 357 69 52 380 121 55 161 225 68 74 875 167 1608 467 77 115 85 449 52 133 773 885
internal_value=-4.63432e-07 -4.31034e-06 3.15602e-06 -2.40125e-06 1.49646e-06 -1.3541e-05 -1.81445e-05 3.91349e-06 1.57855e-05 3.29977e-05 9.0953e-05 -9.40068e-06 -1.87441e-05 -5.29502e-05 0 1.54456e-05 3.99764e-05 -1.25423e-06 7.53492e-07 0 -5.57653e-06 -8.12893e-06 1.06012e-05 3.10559e-05 6.55953e-05 -1.90532e-05 -2.53231e-05 -5.5403e-05 -2.36989e-05 6.70252e-07
internal_weight=13595 7260 6335 7163 6269 1286 1128 5507 850 478 121 762 556 176 5877 454 229 5423 3635 3561 2409 1788 1152 277 162 801 634 185 905 4657
internal_count=13595 7260 6335 7163 6269 1286 1128 5507 850 478 121 762 556 176 5877 454 229 5423 3635 3561 2409 1788 1152 277 162 801 634 185 905 4657
is_linear=0
shrinkage=0.05


Tree=239
num_leaves=31
num_cat=0
split_feature=112 133 88 136 137 28 13 53 2 90 67 13 28 77 133 133 14 99 137 7 61 30 7 83 19 3 115 82 21 134
split_gain=7.2915e-05 0.000847081 0.000560439 0.000131352 0.000112284 0.000127399 6.03591e-05 6.00678e-05 5.76802e-05 9.60766e-05 0.000103275 7.27912e-05 6.27304e-05 0.000142011 0.000401759 0.000204526 0.000158367 0.00124874 6.98445e-05 8.15498e-05 6.60342e-05 5.54831e-05 7.97032e-05 8.05934e-05 5.50169e-05 8.03527e-05 5.42708e-05 5.38319e-05 4.97554e-05 4.95359e-05
threshold=287.60180650000007 87.64500000000001 50.912500000000001 0.8650000000000001 0.33000000000000007 30.300000000000001 0.0004999472847222224 249.50000000000003 0.0049793635000000011 13.880868902439026 17.250000000000004 0.0016399645069444446 21.950000000000003 270.6253643500001 88.200000000000003 88.200000000000003 0.00065985750000000008 1.5999999999999661 0.38500000000000006 0.19335000000000005 232.65000000000001 -1.1114285714285719 0.032000000000000008 19.450000000000003 -0.0044599999999999996 0.0090628800000000023 14.350000000000003 13.274000000000003 0.67361111111111127 26.590000000000003
decision_type=2 2 2 2 2 2 2 2 2 2 2 2 2 2 2 2 2 2 2 2 2 2 2 2 2 2 2 2 2 2
left_child=2 3 7 4 5 6 -2 8 12 27 11 -11 26 15 16 -14 17 -15 -18 24 -21 22 -5 -24 -20 -26 -1 -10 -28 -27
right_child=1 -3 -4 21 -6 -7 -8 -9 9 10 -12 -13 13 14 -16 -17 18 -19 19 20 -22 -23 23 -25 25 29 28 -29 -30 -31
leaf_value=0 0 -0.00020628409225335217 0.00015981986934043976 0 0 0 7.4420418616827843e-05 -1.1110111729680528e-05 0 -6.3538552247223971e-05 0 0 0 0 0.0001228613664772701 -9.1369643843585609e-05 -3.0671029680012049e-06 0.00025938414401802719 0 -5.7682438811233234e-05 0 0 0 -8.5989902486412702e-05 0 2.831286381044663e-05 -2.5860072912997214e-05 4.8169923871635796e-05 0 0
leaf_weight=3052 56 53 54 223 691 78 143 1133 152 192 116 169 2726 139 86 61 1157 54 249 55 104 167 56 110 670 1077 409 57 179 127
leaf_count=3052 56 53 54 223 691 78 143 1133 152 192 116 169 2726 139 86 61 1157 54 249 55 104 167 56 110 670 1077 409 57 179 127
internal_value=-3.80866e-07 -1.06958e-05 5.57433e-07 -4.84398e-07 6.99583e-06 3.43561e-05 5.68609e-05 0 9.70141e-07 -1.19929e-05 -2.6631e-05 -4.06165e-05 2.3406e-06 5.5207e-06 1.21281e-05 -1.50169e-06 8.09674e-06 5.461e-05 4.01776e-06 9.79974e-06 -1.15221e-05 -2.24734e-05 -3.28174e-05 -6.08955e-05 1.37553e-05 1.69615e-05 -1.96923e-06 0 -1.59475e-05 2.47863e-05
internal_weight=13595 1577 12018 1524 968 277 199 11964 10831 686 477 361 10145 6505 3718 2787 3632 193 3439 2282 159 556 389 166 2123 1874 3640 209 588 1204
internal_count=13595 1577 12018 1524 968 277 199 11964 10831 686 477 361 10145 6505 3718 2787 3632 193 3439 2282 159 556 389 166 2123 1874 3640 209 588 1204
is_linear=0
shrinkage=0.05


Tree=240
num_leaves=31
num_cat=0
split_feature=50 96 46 140 128 112 14 14 137 84 140 85 56 116 93 112 18 90 96 1 105 11 73 75 118 29 96 84 1 50
split_gain=8.34847e-05 0.000285289 0.000117032 0.000703941 0.000233237 0.000719243 7.64932e-05 5.96759e-05 7.28795e-05 5.72924e-05 6.98594e-05 5.57939e-05 0.000122279 0.000122324 0.000362146 0.000111746 0.000109546 9.99853e-05 9.0227e-05 0.000599081 0.000595731 0.000158581 0.000117476 0.000131907 0.000317564 7.48059e-05 6.62782e-05 8.95697e-05 7.30112e-05 0.000144102
threshold=1009.1500000000002 51.087500000000006 38.500000000000007 76.225000000000009 8.3844366951598737 271.33272090000008 0.020547432000000001 0.033415992500000012 1.5050000000000001 8.3500000000000032 11.06 278.03824250000008 -1.8493548499999688 293.15190500000006 271.57195615000006 294.70141795000006 2.2916666666666667e-05 22.254081632653065 37.76250000000001 0.18311337450000004 16.500000000000004 0.0040165472500000013 16.050000000000004 13.850000000000003 8.5500000000000025 30.450000000000003 37.062500000000007 0.95000000000000029 0.0042704430000000014 1020.5500000000001
decision_type=2 2 2 2 2 2 2 2 2 2 2 2 2 2 2 2 2 2 2 2 2 2 2 2 10 2 2 2 2 2
left_child=2 11 3 9 5 -4 -6 8 -8 -1 -11 18 13 -13 -15 16 -14 -18 21 -20 -21 26 -23 24 -24 -19 27 -2 29 -29
right_child=1 -3 4 -5 6 -7 7 -9 -10 10 -12 12 15 14 -16 -17 17 25 19 20 -22 22 23 -25 -26 -27 -28 28 -30 -31
leaf_value=0 0 9.3972719868605319e-05 0 -0.000176441685023227 -1.126495720001552e-05 0.00020675333737215788 4.3086639033693549e-05 0 0 0 -2.3088440842099516e-05 -7.1250441640697566e-06 0 0.00014564659620516196 0 0 0 -8.4459997555580185e-05 1.2640945741371119e-06 0.00021797938955227009 0 0 0 0 -0.00012319517665895273 0 -3.6886806942722202e-05 5.4964736075481231e-05 0 0
leaf_weight=687 5242 81 71 69 1502 54 194 221 128 145 751 457 83 55 98 65 51 197 1901 67 61 187 175 154 118 122 96 267 336 195
leaf_count=687 5242 81 71 69 1502 54 194 221 128 145 751 457 83 55 98 65 51 197 1901 67 61 187 175 154 118 122 96 267 336 195
internal_value=-9.3052e-07 1.04399e-06 -7.40762e-06 -1.74329e-05 0 6.62472e-05 -3.83668e-06 7.50255e-06 2.35943e-05 -7.23845e-06 -1.58809e-05 0 -1.01594e-05 0 4.28345e-05 -2.85225e-05 -3.9311e-05 -5.12763e-05 1.61517e-06 1.10313e-05 0.000116196 -4.69667e-07 -2.47413e-05 -3.90282e-05 -5.86747e-05 -6.18824e-05 1.22709e-06 2.66655e-06 1.82761e-05 3.11551e-05
internal_weight=13830 10008 3822 1652 2170 125 2045 543 322 1583 896 9927 1128 610 153 518 453 370 8799 2029 128 6770 634 447 293 319 6136 6040 798 462
internal_count=13830 10008 3822 1652 2170 125 2045 543 322 1583 896 9927 1128 610 153 518 453 370 8799 2029 128 6770 634 447 293 319 6136 6040 798 462
is_linear=0
shrinkage=0.05


Tree=241
num_leaves=31
num_cat=0
split_feature=50 89 46 140 140 84 81 100 136 86 10 104 103 44 14 21 14 0 131 135 138 135 92 133 96 0 1 100 103 123
split_gain=7.59514e-05 0.00037683 0.000104893 0.000736468 0.000168153 0.000760208 0.000104497 6.10427e-05 8.97746e-05 4.66195e-05 6.05908e-05 5.18738e-05 7.103e-05 8.62404e-05 3.86221e-05 7.67617e-05 3.92973e-05 6.25366e-05 5.05583e-05 6.54183e-05 3.46295e-05 4.85953e-05 4.29295e-05 3.42299e-05 2.97208e-05 0.000440178 0.000137993 7.74119e-05 0.000100675 6.60119e-05
threshold=1009.1500000000002 55.20000000000001 29.500000000000004 76.225000000000009 76.225000000000009 13.650000000000004 52.150000000000013 -6.4500000000000446 0.65000000000000013 18.500000000000004 1.0550000000000004 0.35000000000000009 1844.6000000000001 2197.5000000000005 0.020547432000000001 0.53472222222222232 0.033415992500000012 0.0041500000000000009 252.82482637764227 78.220000000000013 12.590000000000002 56.370000000000012 0.95000000000000029 36.430000000000007 38.63750000000001 0.21365000000000003 0.29207440000000007 -4.3500000000000218 1385.45 -0.5
decision_type=2 2 2 2 2 2 2 2 2 2 2 2 2 2 2 2 2 2 2 2 2 2 2 2 2 2 2 2 2 2
left_child=2 6 3 9 14 -6 7 8 -2 10 -1 -12 13 23 15 20 17 -16 19 -19 21 22 -4 -13 26 29 27 28 -9 -26
right_child=1 -3 4 -5 5 -7 -8 24 -10 -11 11 12 -14 -15 16 -17 -18 18 -20 -21 -22 -23 -24 -25 25 -27 -28 -29 -30 -31
leaf_value=0 7.7887978565870854e-05 0.00011342530761524089 0 -0.00019275766825739993 0 0.00021019378476641858 -4.6390266235307117e-05 -5.2541560071404094e-05 0 0 0 0 0 0 0 0 0 7.1603704968638165e-05 0 0 0 0 -4.0445103234132258e-05 -6.9283857974299714e-05 1.5752482793193639e-05 0.0001454387120796706 -3.4874107438721966e-05 1.1451412481047301e-06 0 -3.3536887949181252e-06
leaf_weight=230 62 73 72 59 54 51 118 157 59 378 179 200 230 55 100 842 254 106 55 58 124 200 380 195 591 54 292 6893 98 1611
leaf_count=230 62 73 72 59 54 51 118 157 59 378 179 200 230 55 100 842 254 106 55 58 124 200 380 195 591 54 292 6893 98 1611
internal_value=-8.66975e-07 9.97369e-07 -7.05566e-06 -1.72153e-05 0 6.11921e-05 0 7.24143e-07 3.59594e-05 -6.62279e-06 -1.2884e-05 -1.96603e-05 -2.60492e-05 -3.76609e-05 -3.2721e-06 -8.46283e-06 2.66355e-06 1.78812e-05 3.42887e-05 4.83079e-05 -1.99051e-05 -2.4577e-05 -3.37475e-05 -4.64735e-05 0 5.28066e-06 -1.23584e-06 0 -2.68451e-05 0
internal_weight=13830 10008 3822 1526 2296 105 9935 9817 121 1467 1089 859 680 450 2191 1618 573 319 219 164 776 652 452 395 9696 2256 7440 7148 255 2202
internal_count=13830 10008 3822 1526 2296 105 9935 9817 121 1467 1089 859 680 450 2191 1618 573 319 219 164 776 652 452 395 9696 2256 7440 7148 255 2202
is_linear=0
shrinkage=0.05


Tree=242
num_leaves=31
num_cat=0
split_feature=136 96 61 24 0 88 85 83 3 136 7 103 43 61 82 13 104 74 136 108 103 73 115 128 80 136 83 96 49 103
split_gain=7.62053e-05 0.00124795 0.000144602 0.000434432 0.000274043 9.86466e-05 0.000196019 9.14306e-05 0.000198363 0.000116208 7.73539e-05 7.55516e-05 0.000127745 0.00103724 5.27563e-05 9.05506e-05 8.33141e-05 0.000122568 0.000141687 0.000297275 7.35165e-05 6.75788e-05 7.29225e-05 0.000100451 6.66912e-05 8.90984e-05 0.000137949 7.41948e-05 0.000108879 6.58741e-05
threshold=0.6100000000000001 49.600000000000016 215.70000000000005 61.750000000000007 0.18590000000000004 49.737500000000004 275.88645125000011 17.650000000000002 0.0012169865000000001 0.95500000000000007 0.12925000000000003 1717.1500000000003 0.32850000000000007 1997.5500000000002 30.562000000000001 0.0013319953263888891 5.3500000000000014 34.092857142857149 0.16500000000000004 290.41988155000007 850.1500000000002 47.050000000000004 14.950000000000001 11.16192013255079 32.162500000000016 0.29500000000000004 25.250000000000004 41.687500000000007 950.85000000000002 1554.8500000000004
decision_type=2 2 2 2 2 2 2 2 2 2 2 2 2 2 2 2 2 2 2 2 2 2 2 2 2 2 2 2 2 2
left_child=5 2 3 7 11 14 -7 10 -9 -10 -2 -4 13 -13 16 21 17 18 19 -1 -20 22 -16 -24 25 -22 27 28 -27 -18
right_child=1 -3 4 -5 -6 6 -8 8 9 -11 -12 12 -14 -15 15 -17 29 -19 20 -21 24 -23 23 -25 -26 26 -28 -29 -30 -31
leaf_value=0 0 0.00024459689245493382 -8.5917244718907134e-06 0.00015218032308394704 -5.5547224754941087e-05 0 -0.00010683033178944849 0 0.00012519192147016593 0 -5.503806938605312e-05 0 0 0.00023938342457383374 0 -5.0196231315850053e-06 3.4699665946706275e-05 -8.003178144107036e-05 0 0.00010149353852677843 0 0 5.5304151351900987e-05 0 0 0 0 0 -7.3348970571358868e-05 -1.7112154965019491e-06
leaf_weight=738 386 52 1645 60 230 73 71 103 64 152 64 321 2957 51 158 356 126 82 363 73 404 101 278 88 155 50 146 121 344 4018
leaf_count=738 386 52 1645 60 230 73 71 103 64 152 64 321 2957 51 158 356 126 82 363 73 404 101 278 88 155 50 146 121 344 4018
internal_value=-8.1967e-07 2.89441e-06 0 2.00561e-05 -2.30447e-06 -4.3832e-06 -4.78264e-05 3.06954e-06 2.69443e-05 5.793e-05 -2.79077e-06 0 4.49808e-06 3.21998e-05 -2.89627e-06 5.8471e-06 -4.94778e-06 -1.2228e-05 -7.78544e-06 4.84782e-06 -1.74132e-05 2.00221e-05 2.8281e-05 4.05079e-05 -2.33215e-05 -2.79174e-05 -3.98935e-05 -5.20591e-05 -6.33241e-05 0
internal_weight=13830 6085 6033 829 5204 7745 144 769 319 216 450 4974 3329 372 7601 981 6620 2476 2394 811 1583 625 524 366 1220 1065 661 515 394 4144
internal_count=13830 6085 6033 829 5204 7745 144 769 319 216 450 4974 3329 372 7601 981 6620 2476 2394 811 1583 625 524 366 1220 1065 661 515 394 4144
is_linear=0
shrinkage=0.05


Tree=243
num_leaves=31
num_cat=0
split_feature=50 89 46 131 128 112 83 100 16 14 21 16 93 27 104 103 134 0 137 36 128 34 6 19 88 61 19 103 18 2
split_gain=7.22028e-05 0.000322725 9.43048e-05 0.000636794 0.000192727 0.000641236 7.3229e-05 6.78094e-05 0.000256392 6.18641e-05 4.95451e-05 7.12212e-05 0.000123927 4.41502e-05 5.34818e-05 0.000108217 5.77507e-05 3.76139e-05 3.52589e-05 3.71406e-05 5.13345e-05 2.82636e-05 0.000235375 0.000151967 0.000127793 8.74474e-05 0.000351579 5.76726e-05 5.63688e-05 5.15569e-05
threshold=1009.1500000000002 55.20000000000001 38.500000000000007 24.861305425343829 8.3844366951598737 271.33272090000008 33.850000000000001 -6.4500000000000446 0.39500000000000007 0.020547432000000001 0.50694444444444453 7.5050000000000008 263.64252300000004 1880.3500000000001 0.55000000000000016 1844.6000000000001 19.555000000000003 0.00175 3.7250000000000001 269.18471610000006 10.770756089795052 0.20239469305923544 0.023315277777777779 0.00028000000000000068 33.312500000000007 2038.9000000000003 -2.2857142857142844e-05 1100.6500000000003 0.069356250000000022 0.0004484060000000001
decision_type=2 2 2 2 2 2 2 2 2 2 2 2 2 2 2 2 2 2 2 2 2 2 2 2 2 2 2 2 2 2
left_child=2 6 3 -1 5 -4 7 8 -2 18 11 12 -11 14 -5 16 17 -16 19 -6 -21 28 23 24 25 29 -27 -26 -9 -23
right_child=1 -3 4 13 9 -7 -8 21 -10 10 -12 -13 -14 -15 15 -17 -18 -19 -20 20 -22 22 -24 -25 27 26 -28 -29 -30 -31
leaf_value=-0.00016142204976034313 0.00012656727423389241 0.00010509414868539426 0 0 0 0.00019340286111764728 -3.2230241172168033e-05 0 0 0 0 0 7.3080579269440871e-05 0 0 0 0 -6.0492497406006482e-05 0 -2.990753455615599e-05 0 0 9.8250738262336128e-05 -2.9456856865145655e-05 5.6401261480925261e-05 0 0.00014514849369211684 0 -3.1502332417713579e-05 -2.6684737254270102e-05
leaf_weight=74 50 73 71 455 345 54 169 6784 59 136 189 101 117 392 167 265 80 219 264 528 365 1660 66 319 177 204 51 60 153 183
leaf_count=74 50 73 71 455 345 54 169 6784 59 136 189 101 117 392 167 265 80 219 264 528 365 1660 66 319 177 204 51 60 153 183
internal_value=-7.8624e-07 1.02432e-06 -6.83414e-06 -1.58318e-05 0 6.00375e-05 0 8.14437e-07 4.00002e-05 -3.67629e-06 5.82804e-06 2.0024e-05 3.55161e-05 -5.73989e-06 -1.16967e-05 -2.01125e-05 -3.48335e-05 -4.28633e-05 -1.04406e-05 -1.4261e-05 -1.96398e-05 0 4.64672e-06 3.99591e-07 6.62975e-06 2.21383e-07 2.90871e-05 4.2111e-05 -1.31005e-06 -1.07464e-06
internal_weight=13830 10008 3822 1652 2170 125 9935 9766 109 2045 543 354 253 1578 1186 731 466 386 1502 1238 893 9657 2720 2654 2335 2098 255 237 6937 1843
internal_count=13830 10008 3822 1652 2170 125 9935 9766 109 2045 543 354 253 1578 1186 731 466 386 1502 1238 893 9657 2720 2654 2335 2098 255 237 6937 1843
is_linear=0
shrinkage=0.05


Tree=244
num_leaves=31
num_cat=0
split_feature=16 85 81 85 85 49 93 133 92 111 59 133 61 135 138 50 11 84 30 88 93 94 4 96 92 43 7 19 59 85
split_gain=6.86975e-05 0.000936253 0.000156674 0.000222652 6.03773e-05 8.45359e-05 0.000100571 7.79154e-05 0.00011957 6.46737e-05 4.04757e-05 0.000266962 5.79829e-05 0.000771056 4.34801e-05 4.08517e-05 5.09602e-05 0.000105483 7.43653e-05 7.0993e-05 0.000133959 3.68781e-05 0.000115376 9.47835e-05 0.000150954 0.000156318 9.04291e-05 9.01237e-05 0.00011881 9.08852e-05
threshold=0.085000000000000006 279.85589890000006 53.750000000000007 275.88645125000011 272.44595125000006 988.05000000000007 272.91387890000004 29.985000000000003 7.450000000000002 14.850000000000003 8.0031500000000015 88.200000000000003 2038.9000000000003 21.670000000000005 5.4800000000000013 1016.2500000000001 0.0025682991041666671 12.350000000000003 -3.4471428571428571 28.087500000000006 264.02533290000002 18.500000000000004 0.0050513260000000009 34.737500000000004 16.450000000000006 0.33650000000000008 0.012650000000000002 -0.0023628571428571427 2.3051500000000003 278.38548725000004
decision_type=2 2 2 2 2 2 2 2 2 2 2 2 2 2 2 2 2 2 2 2 2 2 2 2 2 2 2 2 2 2
left_child=1 4 10 -4 7 6 9 -1 -9 -6 12 14 21 -14 -12 16 -16 18 -18 -20 -21 22 -2 -24 25 -25 -23 -28 -29 -30
right_child=2 -3 3 -5 5 -7 -8 8 -10 -11 11 -13 13 -15 15 -17 17 -19 19 20 -22 26 23 24 -26 -27 27 28 29 -31
leaf_value=0 1.8629722449020405e-07 0.00021515490345268089 0 -0.00012362342268271769 9.1355389527078014e-05 0 0 0 -5.8085367817546708e-05 0 -7.84308985840257e-06 -9.9216674783534693e-05 0.00019974618257282808 0 0 -7.7326439194904127e-06 0 0 0 0 8.1412599631505283e-05 -1.0526931374853124e-05 -1.4028594600986148e-06 -0.00011540469170311075 0 0 0 0 4.9616382109906529e-05 0
leaf_weight=527 4458 52 60 64 88 253 85 330 155 55 2257 76 51 322 1598 750 63 123 73 104 172 198 763 98 99 56 352 59 413 76
leaf_count=527 4458 52 60 64 88 253 85 330 155 55 2257 76 51 322 1598 750 63 123 73 104 172 198 763 98 99 56 352 59 413 76
internal_value=-7.5491e-07 8.54273e-06 -2.33178e-06 -5.91099e-05 0 1.56681e-05 3.79419e-05 -5.6744e-06 -2.16313e-05 6.35245e-05 -1.33691e-06 -4.81195e-06 5.53478e-07 1.98312e-05 -2.42448e-06 8.51017e-08 5.17931e-06 1.85604e-05 3.29484e-05 4.25698e-05 5.41341e-05 0 -2.20348e-06 -1.75956e-05 -4.65471e-05 -7.73642e-05 7.7267e-06 1.72991e-05 3.00256e-05 4.02027e-05
internal_weight=13830 1545 12285 124 1493 481 228 1012 485 143 12161 5216 6945 373 5140 2883 2133 535 412 349 276 6572 5474 1016 253 154 1098 900 548 489
internal_count=13830 1545 12285 124 1493 481 228 1012 485 143 12161 5216 6945 373 5140 2883 2133 535 412 349 276 6572 5474 1016 253 154 1098 900 548 489
is_linear=0
shrinkage=0.05


Tree=245
num_leaves=31
num_cat=0
split_feature=75 81 83 7 93 43 74 96 61 44 138 103 140 103 93 105 84 29 103 91 15 105 41 114 93 136 103 59 14 131
split_gain=9.11493e-05 0.000465429 6.8043e-05 4.33563e-05 0.000262248 0.000243885 0.000243656 0.000422427 0.000206703 8.7304e-05 7.33282e-05 5.01688e-05 7.59489e-05 0.000503074 0.000771827 0.000493958 0.000190919 6.67157e-05 0.000121621 0.00118922 5.4337e-05 6.23025e-05 5.1735e-05 0.000121214 0.000110566 0.000199818 0.000442954 0.000328409 9.06967e-05 9.39272e-05
threshold=33.550000000000004 55.20000000000001 34.600000000000001 0.18180000000000004 273.60347820000004 0.31250000000000006 21.914285714285718 34.862500000000004 1048.4000000000003 437.50000000000006 8.5650000000000013 989.45000000000016 76.225000000000009 2038.0000000000005 264.98145030000006 13.500000000000002 1.2500000000000004 43.250000000000007 2744.6500000000001 12.950000000000001 0.00093958333333333339 18.500000000000004 46.500000000000007 24.050000000000004 272.13078665000006 0.89500000000000013 871.1500000000002 4.1059500000000009 0.0023100800000000004 102.33732734383671
decision_type=2 2 2 2 2 2 2 2 2 2 2 2 2 2 2 2 2 2 2 2 2 2 2 2 2 2 2 2 2 2
left_child=1 2 3 11 6 -6 7 -5 -8 -9 -10 22 17 14 -14 -16 -15 -13 19 -19 -21 -22 24 -24 25 26 27 -1 -25 -30
right_child=-2 -3 -4 4 5 -7 8 9 10 -11 -12 12 13 16 15 -17 -18 18 -20 20 21 -23 23 28 -26 -27 -28 -29 29 -31
leaf_value=0 -4.947987205884591e-05 0.00015105296347196688 -4.3011357549017783e-05 0 0.00013116247725791325 0 7.0198234482383916e-05 0 -2.9316488671816667e-05 -0.00016159544958726558 0 -7.4270632712511881e-07 0.00024543271673457259 1.5291431799653342e-08 8.945953342290044e-05 -9.4630247600297531e-05 -7.7181035545593519e-05 0.00025075507052086461 -5.2657830744828652e-07 0 0 4.3652503793806397e-05 0 0 -8.7207076488473751e-06 0 0 0.0002264771664354507 -6.5746191534301227e-05 0
leaf_weight=57 92 50 91 231 51 53 87 75 309 89 76 7230 56 218 94 52 80 53 1223 1350 75 183 743 95 488 91 91 51 220 132
leaf_count=57 92 50 91 231 51 53 87 75 309 89 76 7230 56 218 94 52 80 53 1223 1350 75 183 743 95 488 91 91 51 220 132
internal_value=0 1.16302e-07 -8.14175e-08 0 -9.93626e-06 5.20872e-05 -2.3188e-05 -5.21229e-05 0 -0.000113669 -1.46736e-05 9.93733e-07 2.68444e-06 2.24044e-05 8.60735e-05 0 -4.17497e-06 1.21312e-06 7.84791e-06 1.70191e-05 6.05655e-06 2.74293e-05 -5.58211e-06 -1.26535e-05 0 2.86719e-05 6.07771e-05 0.000130143 -3.31974e-05 -4.51773e-05
internal_weight=13786 13694 13644 13553 971 104 867 395 472 164 385 12582 10614 500 202 146 298 10114 2884 1661 1608 258 1968 1190 778 290 199 108 447 352
internal_count=13786 13694 13644 13553 971 104 867 395 472 164 385 12582 10614 500 202 146 298 10114 2884 1661 1608 258 1968 1190 778 290 199 108 447 352
is_linear=0
shrinkage=0.05


Tree=246
num_leaves=31
num_cat=0
split_feature=75 81 83 7 93 74 96 138 61 77 30 103 140 103 82 116 84 29 103 91 120 11 111 42 138 116 81 138 75 121
split_gain=8.23168e-05 0.000420976 6.1459e-05 3.851e-05 0.00023712 0.000229924 0.000387752 0.000219052 0.000184873 7.26418e-05 6.80744e-05 4.65648e-05 6.8324e-05 0.000453972 0.00109628 0.000571306 0.000173231 6.09479e-05 0.000113724 0.0010715 8.77488e-05 4.95095e-05 4.94924e-05 7.95387e-05 0.000254064 0.000182478 0.000178658 7.61936e-05 7.76151e-05 4.89221e-05
threshold=33.550000000000004 55.20000000000001 34.600000000000001 0.18180000000000004 273.60347820000004 21.914285714285718 34.862500000000004 6.6400000000000015 1048.4000000000003 277.90684360000006 -1.3700000000000008 989.45000000000016 76.225000000000009 2038.0000000000005 28.042000000000005 268.50578820000004 1.2500000000000004 43.250000000000007 2744.6500000000001 12.950000000000001 282.27086065000009 0.0016975309236111115 4.5500000000000007 0.59500000000000008 4.4250000000000007 293.44388315000009 41.250000000000007 5.9750000000000005 5.7500000000000009 0.15000000000000005
decision_type=2 2 2 2 2 2 2 2 2 2 2 2 2 2 2 2 2 2 2 2 10 2 2 2 2 2 2 2 2 10
left_child=1 2 3 11 5 6 -5 -6 -7 -8 -10 22 17 14 15 -14 -15 -13 19 -19 -20 -22 27 26 25 -25 -24 28 -1 -30
right_child=-2 -3 -4 4 7 8 9 -9 10 -11 -12 12 13 16 -16 -17 -18 18 20 -21 21 -23 23 24 -26 -27 -28 -29 29 -31
leaf_value=0 -4.7032480945754975e-05 0.00014364840603187023 -4.0884163946706712e-05 0 0.0001216191049718839 6.6728208386683196e-05 -0.00013990832524640693 0 -2.7855392867510791e-05 0 0 -7.0557611616220124e-07 0 1.453065852027222e-08 -8.9731756962442511e-06 0.00027887204651845645 -7.3369626307671031e-05 0.00023844949675690347 4.3512542864463907e-07 5.8083046095297641e-06 0 -5.6376044910908119e-05 0 0 0 0.00015396531035566667 -5.7619151734998134e-05 0 -0.00010209731448591783 0
leaf_weight=79 92 50 91 231 53 87 109 51 309 55 76 7230 51 218 81 70 80 53 1056 1608 60 107 864 50 389 50 158 217 65 96
leaf_count=79 92 50 91 231 53 87 109 51 309 55 76 7230 51 218 81 70 80 53 1056 1608 60 107 864 50 389 50 158 217 65 96
internal_value=0 7.19394e-08 -9.82674e-08 0 -9.38872e-06 -2.21895e-05 -5.0307e-05 4.89019e-05 0 -0.000109311 -1.35001e-05 9.17612e-07 2.56043e-06 2.13005e-05 8.1829e-05 0.000183173 -3.143e-06 1.13767e-06 7.4903e-06 1.6379e-05 -5.00271e-07 -3.61444e-05 -5.40005e-06 0 1.54931e-05 8.63321e-05 -8.91081e-06 -1.98877e-05 -3.92688e-05 -5.90914e-05
internal_weight=13786 13694 13644 13553 971 867 395 104 472 164 385 12582 10614 500 202 121 298 10114 2884 1661 1223 167 1968 1511 489 100 1022 457 240 161
internal_count=13786 13694 13644 13553 971 867 395 104 472 164 385 12582 10614 500 202 121 298 10114 2884 1661 1223 167 1968 1511 489 100 1022 457 240 161
is_linear=0
shrinkage=0.05


Tree=247
num_leaves=31
num_cat=0
split_feature=161 83 88 140 50 50 82 120 100 49 138 67 59 81 74 93 92 84 85 85 120 138 116 131 22 77 92 114 53 11
split_gain=6.08336e-05 0.000924653 0.000311672 5.09596e-05 0.000273474 0.000238241 0.000116319 0.000257773 4.34425e-05 8.97765e-05 7.79646e-05 0.00012488 0.000182315 0.000105527 6.85789e-05 3.85087e-05 4.17772e-05 5.98499e-05 3.48262e-05 0.000428283 7.6561e-05 4.73236e-05 0.000105103 0.000109162 0.000168655 9.798e-05 8.78568e-05 0.000119546 8.16624e-05 0.000101242
threshold=0.47959183673469391 33.70000000000001 50.912500000000001 76.225000000000009 1004.4500000000002 1010.9500000000002 17.206000000000007 269.01009405000008 -4.3500000000000218 968.55000000000007 11.99 15.350000000000003 4.7264000000000008 34.650000000000013 28.700000000000006 266.26511550000004 9.6500000000000039 6.450000000000002 264.73373110000006 264.76881400000008 282.74240485000007 5.1850000000000014 294.82292400000006 49.756391747410937 8.5000000000000018 268.58750975000004 17.950000000000006 9.5500000000000025 187.50000000000003 0.002339858020833334
decision_type=2 2 2 2 2 2 2 10 2 2 2 2 2 2 2 2 2 2 2 2 10 2 2 2 2 2 2 2 2 2
left_child=1 3 15 8 -5 -6 -7 -8 9 -1 11 12 -11 -14 -15 -2 -17 -18 20 -20 -10 22 23 24 25 -21 27 -27 29 -23
right_child=2 -3 -4 4 5 6 7 -9 18 10 -12 -13 13 14 -16 16 17 -19 19 21 -22 28 -24 -25 -26 26 -28 -29 -30 -31
leaf_value=0 3.046367270664772e-06 0.00020731634785853978 -0.00011721020365053954 8.9657894771517024e-05 -8.1824296754206584e-05 0 0 0.00011195792900544791 0 0 0 0 0 -9.4178512537178475e-05 0 0 -3.7664662434836515e-05 0 0.00012914582648618583 0 -2.9592712556531497e-05 1.0139692765038373e-06 4.428682741306832e-05 0 0 0 0 -8.2691435886483413e-05 -7.7917331302024036e-06 2.2201149126690254e-05
leaf_weight=902 614 53 66 99 76 308 67 80 1657 165 113 286 56 195 58 419 243 87 65 77 282 2743 88 2424 466 70 50 231 759 987
leaf_count=902 614 53 66 99 76 308 67 80 1657 165 113 286 56 195 58 419 243 87 65 77 282 2743 88 2424 466 70 50 231 759 987
internal_value=0 8.67046e-07 -9.99278e-06 0 1.38e-05 0 1.32511e-05 5.00586e-05 -7.86976e-07 -8.07602e-06 -1.97315e-05 -2.65192e-05 -4.22371e-05 -6.48366e-05 -7.85447e-05 -1.05322e-06 -1.10801e-05 -2.43663e-05 1.56638e-08 1.96181e-06 -5.39323e-06 2.65237e-07 -3.43441e-06 -6.21951e-06 -2.11748e-05 -4.37978e-05 -5.50795e-05 -6.52941e-05 4.18605e-06 7.96491e-06
internal_weight=13786 12357 1429 12304 630 531 455 147 11674 1775 873 760 474 309 253 1363 749 330 9899 7960 1939 7895 3406 3318 894 428 351 301 4489 3730
internal_count=13786 12357 1429 12304 630 531 455 147 11674 1775 873 760 474 309 253 1363 749 330 9899 7960 1939 7895 3406 3318 894 428 351 301 4489 3730
is_linear=0
shrinkage=0.05


Tree=248
num_leaves=31
num_cat=0
split_feature=75 88 92 13 141 114 96 33 103 129 105 75 13 49 117 138 77 26 119 3 103 91 73 4 104 103 82 43 75 30
split_gain=8.00426e-05 0.00026889 0.000109716 0.00010949 6.77032e-05 0.000276185 0.000130159 0.00036306 4.89831e-05 6.16532e-05 0.00011816 0.000269872 0.000342196 0.000319461 0.000111625 0.000274294 0.000175351 0.000464218 6.81356e-05 7.39263e-05 0.000106706 0.000636654 0.00189353 7.1454e-05 6.71416e-05 0.000108786 8.4262e-05 6.0939e-05 0.000103364 5.48693e-05
threshold=31.000000000000004 50.912500000000001 11.250000000000002 0.0013490406736111113 37.910000000000004 34.550000000000004 38.63750000000001 0.17611893129211362 989.45000000000016 2.5000000000000004 12.500000000000002 14.550000000000002 0.000664283326388889 980.85000000000002 0.25000000000000006 2.9250000000000003 286.11886920000006 5.5000000000000009 2.4500000000000006 0.0060756575000000005 2744.6500000000001 12.850000000000003 24.950000000000003 0.0031315260000000004 0.8500000000000002 2430.3000000000006 33.662000000000006 0.39650000000000007 16.850000000000005 -1.548571428571426
decision_type=2 2 2 2 2 2 2 2 2 2 2 2 2 2 2 2 2 2 8 2 2 2 2 2 2 2 2 2 2 2
left_child=1 4 3 -2 8 6 -6 -8 -1 -10 11 -11 -13 -14 16 -16 18 -18 29 -20 21 22 -21 24 -23 26 27 28 -26 -12
right_child=2 -3 -4 -5 5 -7 7 -9 9 10 14 12 13 -15 15 -17 17 -19 19 20 -22 23 -24 -25 25 -27 -28 -29 -30 -31
leaf_value=-5.8750803307417691e-06 -0.00012106096568278617 9.9476691175368601e-05 0 0 -9.3917897883375064e-06 -0.00010574029148750318 0.00014455824550957844 0 -1.5538637996046144e-06 0 0 0 0.00017376112752288622 0 -0.00012671299329942382 0 0.00018197398856080747 0 -6.8561296234680881e-07 0 0 0 0.00036276394457882607 -1.7163422963207418e-06 7.9046572860507595e-05 0 0 0 0 -2.9636573631485532e-05
leaf_weight=1718 50 67 59 86 1506 74 52 106 3495 419 187 120 92 54 52 403 51 179 1816 76 1379 195 51 536 205 172 78 134 123 251
leaf_count=1718 50 67 59 86 1506 74 52 106 3495 419 187 120 92 54 52 403 51 179 1816 76 1379 195 51 536 205 172 78 134 123 251
internal_value=0 2.23302e-07 -3.18982e-05 -5.88031e-05 0 -9.45732e-06 -2.11156e-06 3.54571e-05 1.0789e-06 2.76256e-06 5.81816e-06 2.64278e-05 6.5737e-05 0.000116913 2.56735e-06 -1.90362e-05 5.29989e-06 4.92985e-05 2.38502e-06 4.9287e-06 1.008e-05 1.89895e-05 0.000128369 5.81804e-06 1.57742e-05 2.3501e-05 3.50798e-05 4.35073e-05 5.59188e-05 -1.38463e-05
internal_weight=13786 13591 195 136 13524 1738 1664 158 11786 10068 6573 685 266 146 5888 455 5433 230 5203 4765 2949 1570 127 1443 907 712 540 462 328 438
internal_count=13786 13591 195 136 13524 1738 1664 158 11786 10068 6573 685 266 146 5888 455 5433 230 5203 4765 2949 1570 127 1443 907 712 540 462 328 438
is_linear=0
shrinkage=0.05


Tree=249
num_leaves=31
num_cat=0
split_feature=75 81 83 85 21 82 13 69 82 128 11 33 89 131 96 75 107 131 21 131 123 22 90 115 103 83 155 22 117 155
split_gain=7.30946e-05 0.000364459 5.59693e-05 3.28454e-05 0.000178387 0.000118148 0.000205451 8.21992e-05 5.64037e-05 9.16223e-05 5.43795e-05 0.000154865 0.000204379 0.000187092 0.000100372 7.59499e-05 0.000191382 0.00138553 0.00267466 0.000102053 0.000435977 7.02259e-05 6.63636e-05 7.36463e-05 6.14024e-05 5.94393e-05 5.62717e-05 0.000149571 5.27092e-05 0.000103338
threshold=33.550000000000004 55.20000000000001 34.600000000000001 279.99360505000004 0.36805555555555564 17.714000000000002 0.00016224340972222225 282.11371545000003 30.008000000000003 8.3844366951598737 0.0043679039444444448 -0.61269599407553632 43.550000000000004 86.769874021242742 34.962500000000013 12.950000000000001 9.8500000000000032 33.15434016127945 0.60416666666666685 22.321942539713117 -0.5 1.0000000180025095e-35 23.168367346938783 16.550000000000004 3113.7000000000007 12.450000000000001 0.066000000000000017 40.500000000000007 1.0000000180025095e-35 0.006000000000000001
decision_type=2 2 2 2 2 2 2 2 2 2 2 2 2 2 2 2 2 2 2 2 2 2 2 2 2 2 2 2 2 2
left_child=1 2 3 8 7 -6 -7 -5 10 -10 15 12 25 14 -13 16 21 18 -18 20 -17 24 26 28 -1 -12 -23 -28 29 -24
right_child=-2 -3 -4 4 5 6 -8 -9 9 -11 11 13 -14 -15 -16 19 17 -19 -20 -21 -22 22 23 -25 -26 -27 27 -29 -30 -31
leaf_value=-6.799923176432084e-05 -4.4326993730826734e-05 0.00013364823441495936 -3.902596765951587e-05 0 0 0 -7.6009037821101337e-05 5.0533704872910303e-05 7.1294109245562655e-05 3.4801950095790429e-06 -3.4765405551659966e-05 0 8.8815221089362241e-05 0 -0.00013709250431433745 -0.00016258344356998041 0.00045486987947609893 0 0 -1.0790200461196358e-06 0 2.1171685435315444e-07 0 0 0 0 0 -8.6980163230370691e-05 0 7.6492345309844506e-05
leaf_weight=67 92 50 91 51 58 83 224 92 69 1568 127 97 63 300 65 52 51 748 74 4766 117 3355 289 370 55 337 147 67 133 128
leaf_count=67 92 50 91 51 58 83 224 92 69 1568 127 97 63 300 65 52 51 748 74 4766 117 3355 289 370 55 337 147 67 133 128
internal_value=0 1.34886e-08 -1.19555e-07 0 -1.22945e-05 -3.66237e-05 -5.05259e-05 1.49053e-05 6.29846e-07 9.43285e-06 -1.95815e-07 -1.16603e-05 0 -3.35697e-05 -7.79136e-05 4.13597e-07 4.87235e-06 2.63897e-05 0.000179781 -3.5282e-06 -4.27735e-05 0 1.80606e-06 1.40015e-05 -3.61702e-05 -3.62396e-06 0 -2.5566e-05 2.57261e-05 3.44625e-05
internal_weight=13786 13694 13644 13553 508 365 307 143 13045 1637 11408 989 527 462 162 10419 5484 873 125 4935 169 4611 4489 920 122 464 3569 214 550 417
internal_count=13786 13694 13644 13553 508 365 307 143 13045 1637 11408 989 527 462 162 10419 5484 873 125 4935 169 4611 4489 920 122 464 3569 214 550 417
is_linear=0
shrinkage=0.05


Tree=250
num_leaves=31
num_cat=0
split_feature=131 73 128 155 47 91 96 73 32 111 15 103 21 59 34 22 111 43 21 89 44 80 65 131 12 81 43 15 114 66
split_gain=9.11299e-05 0.000531984 0.000926291 0.000115982 7.38352e-05 0.000585322 0.000141482 6.53584e-05 0.000286053 0.000336781 6.88708e-05 0.000198127 5.83853e-05 5.74953e-05 3.83118e-05 0.000163868 0.000130617 9.93574e-05 3.70218e-05 0.000184428 0.000598767 0.000117304 0.000341392 0.000793564 6.17245e-05 5.54942e-05 5.54589e-05 4.59532e-05 5.98286e-05 3.73864e-05
threshold=22.321942539713117 31.950000000000003 8.6546513695753227 0.038000000000000013 59.500000000000007 34.600000000000001 50.912500000000001 39.850000000000001 14.950000000000001 16.550000000000004 0.0070322916666666685 2419.6000000000008 0.38194444444444448 7.0037000000000011 0.22907510984661886 1.0000000180025095e-35 3.9500000000000006 0.38250000000000006 0.40972222222222227 43.550000000000004 702.50000000000011 23.762500000000006 26.550000000000004 66.5324662844301 0.020595137500000003 41.750000000000007 0.37450000000000006 0.00021875000000000006 8.6500000000000004 27.025000000000002
decision_type=2 2 2 2 2 2 2 2 2 2 2 2 2 2 2 2 2 2 2 2 2 2 2 2 2 2 2 2 2 2
left_child=1 3 -3 -1 5 7 12 10 9 -9 18 13 -6 -12 15 17 -16 -14 19 21 -21 24 23 -23 -2 -20 27 -26 -29 -27
right_child=4 2 -4 -5 6 -7 -8 8 -10 -11 11 -13 14 -15 16 -17 -18 -19 25 20 -22 22 -24 -25 26 29 -28 28 -30 -31
leaf_value=0 0 -0.00023175160986435613 0 6.4847817102161849e-05 -1.0234040268641078e-05 0.00013277395763674867 -8.0122837384806193e-05 0.00016223241904547402 0 0 0 0 -8.4256365242312795e-05 -0.00010734838687598572 8.4388304207720326e-05 2.9222500447459216e-08 0 0 0 0 0.00016018229573569443 0.00024465719943192178 0 0 0 -3.0275563659172485e-05 0 0 -5.0924181135136284e-05 0
leaf_weight=290 541 71 143 70 1611 87 63 65 599 101 53 102 92 69 58 3379 584 57 3957 109 79 50 527 131 66 255 143 53 244 57
leaf_count=290 541 71 143 70 1611 87 63 65 599 101 53 102 92 69 58 3379 584 57 3957 109 79 50 527 131 66 255 143 53 244 57
internal_value=-4.01926e-07 -1.99985e-05 -8.49434e-05 4.88567e-06 7.53763e-08 3.78889e-06 -3.70014e-06 1.51807e-06 1.5329e-05 7.32123e-05 0 -2.72927e-05 -1.98884e-06 -7.34138e-05 0 -7.82337e-07 1.20664e-05 -5.23976e-05 8.58196e-07 6.97879e-06 5.42262e-05 0 1.7427e-05 7.66325e-05 -8.62374e-06 -7.57566e-07 -2.1403e-05 -3.1921e-05 -4.03749e-05 -2.12385e-05
internal_weight=13706 574 214 360 13132 7288 5844 7201 765 166 6436 224 5781 122 4170 3528 642 149 6212 1943 188 1755 708 181 1047 4269 506 363 297 312
internal_count=13706 574 214 360 13132 7288 5844 7201 765 166 6436 224 5781 122 4170 3528 642 149 6212 1943 188 1755 708 181 1047 4269 506 363 297 312
is_linear=0
shrinkage=0.05


Tree=251
num_leaves=31
num_cat=0
split_feature=133 75 83 47 83 96 17 89 90 12 87 46 131 75 54 103 139 77 118 34 111 133 43 73 83 114 23 4 4 133
split_gain=0.000164296 0.000982717 0.000106606 5.91431e-05 0.000559209 0.000180413 5.99359e-05 0.000200357 0.000207386 0.000894186 7.17296e-05 6.39972e-05 0.000166018 5.72289e-05 7.64944e-05 6.4897e-05 5.66452e-05 6.78134e-05 5.22902e-05 3.98769e-05 0.00015007 6.17256e-05 9.29137e-05 6.49974e-05 0.000109811 5.66986e-05 3.71242e-05 3.34327e-05 4.20543e-05 2.74017e-05
threshold=88.200000000000003 12.15 11.050000000000002 59.500000000000007 33.850000000000001 50.937500000000007 0.031150000000000001 41.850000000000001 26.827551020408166 0.076501914000000018 1.0000000180025095e-35 98.500000000000014 34.954889260841185 15.850000000000003 0.03500000000000001 2958.1500000000005 71.781848665160581 284.48955275000009 24.650000000000002 0.22907510984661886 3.1500000000000008 58.125000000000007 0.38250000000000006 15.850000000000003 18.150000000000002 11.15 26.115972222222226 0.0034806880000000004 8.5200000000000025e-05 46.665000000000013
decision_type=2 2 2 2 2 2 2 2 2 2 2 2 2 2 2 2 2 2 10 2 2 2 2 2 2 2 2 2 2 2
left_child=3 2 -2 4 6 19 10 11 9 27 -1 13 -13 14 -8 29 -15 -18 -12 21 -21 -5 23 -23 25 -25 -10 28 -9 -16
right_child=1 -3 -4 5 -6 -7 7 8 26 -11 18 12 -14 16 15 -17 17 -19 -20 20 -22 22 -24 24 -26 -27 -28 -29 -30 -31
leaf_value=0 0 -0.00020540795536282317 7.2295029176262573e-05 0 0.00013219648675506809 -9.5609487793725834e-05 0 0 -7.6639795808236877e-06 0.00025264910547878762 0 0.00010037075225313255 0 0 0 0 0 6.6230035245098406e-05 -3.7003293226406478e-05 7.985027270535739e-05 0 0 0 0 0 -5.8935790961561233e-05 1.9111017555520379e-05 0 4.0039581594584207e-05 -3.7487706439516723e-05
leaf_weight=3579 74 67 50 3608 83 54 667 83 236 52 519 52 371 437 77 154 53 71 236 63 850 250 633 67 146 301 215 104 127 427
leaf_count=3579 74 67 50 3608 83 54 667 83 236 52 519 52 371 437 77 154 53 71 236 63 850 250 633 67 146 301 215 104 127 427
internal_value=-3.40726e-07 -4.63418e-05 5.60983e-07 0 3.24246e-06 -3.38756e-06 1.12004e-06 6.80343e-06 2.80941e-05 5.63198e-05 -1.82645e-06 0 1.67453e-05 -4.66703e-06 -1.16348e-05 -2.37186e-05 2.88437e-06 3.42098e-05 -1.60103e-05 -1.68531e-06 5.99909e-06 -4.0868e-06 -1.30456e-05 -2.47922e-05 -3.50506e-05 -4.95844e-05 0 7.23484e-06 2.17776e-05 -3.24869e-05
internal_weight=13706 191 124 13515 7543 5972 7460 3126 817 366 4334 2309 423 1886 1325 658 561 124 755 5918 913 5005 1397 764 514 368 451 314 210 504
internal_count=13706 191 124 13515 7543 5972 7460 3126 817 366 4334 2309 423 1886 1325 658 561 124 755 5918 913 5005 1397 764 514 368 451 314 210 504
is_linear=0
shrinkage=0.05


Tree=252
num_leaves=31
num_cat=0
split_feature=136 61 88 12 6 73 92 139 84 50 33 81 91 136 53 119 137 105 14 52 90 123 90 134 22 8 104 104 41 135
split_gain=7.48196e-05 0.000278298 0.0017871 0.000431483 0.000189444 9.97773e-05 0.000402634 0.00111552 0.00026259 0.000484345 0.000311162 0.000211914 8.84549e-05 5.66139e-05 0.000271076 0.000911388 9.58208e-05 4.90245e-05 4.1515e-05 0.000162935 0.000277156 8.95722e-05 5.66254e-05 7.53327e-05 4.48896e-05 3.79156e-05 5.13874e-05 0.000214386 4.28083e-05 4.12074e-05
threshold=0.6100000000000001 551.50000000000011 44.362500000000004 0.09273153100000002 0.023315277777777779 39.850000000000001 22.450000000000006 84.612598517848554 8.7500000000000018 1000.5500000000001 0.24423192687423154 53.750000000000007 32.050000000000004 0.88500000000000012 220.50000000000003 7.1500000000000012 0.055000000000000007 45.500000000000007 0.016425889500000002 2.5000000000000004 25.192857142857147 -1.0000000180025095e-35 22.088775510204083 10.31 7.5000000000000009 0.0097951464311032844 21.950000000000006 23.650000000000006 64.500000000000014 14.975000000000003
decision_type=2 2 2 2 2 2 2 2 2 2 2 2 2 2 2 8 2 2 2 2 2 2 2 2 2 2 2 2 2 2
left_child=5 2 3 18 12 6 11 -8 -7 -10 -11 25 13 14 16 -16 -3 -6 21 -20 -21 22 -2 -24 -23 -1 28 -28 29 -27
right_child=1 4 -4 -5 17 8 7 -9 9 10 -12 -13 -14 -15 15 -17 -18 -19 19 20 -22 24 23 -25 -26 26 27 -29 -30 -31
leaf_value=5.3869685767992135e-07 0 -5.9380309250422386e-05 0.00024664051447966282 0.00013936844342267785 -7.7894806566804946e-05 -1.9702583433247645e-06 0 -0.00028036171320077396 0 0.00018142360255559797 0 -9.1743613643895672e-05 -5.2088455185185016e-05 -1.2240110428879511e-06 0.00022533046955577093 0 4.7246811034670603e-06 0 0 0 0.00014378500017125606 -7.4361477910730109e-06 -6.5757051201108512e-05 0 1.5332189036751762e-05 0 -0.00011999257747413379 0 3.1767868461189549e-06 -1.3376406235428992e-05
leaf_weight=4004 117 61 84 57 100 547 216 50 115 82 93 68 79 3051 60 119 937 50 255 81 56 260 133 119 415 213 52 168 898 1166
leaf_count=4004 117 61 84 57 100 547 216 50 115 82 93 68 79 3051 60 119 937 50 255 81 56 260 133 119 415 213 52 168 898 1166
internal_value=-2.9935e-07 3.44713e-06 2.18127e-05 5.65994e-06 -1.93292e-06 -3.89764e-06 -6.36812e-06 -6.75947e-05 1.02934e-05 5.05345e-05 0.000105367 -3.11791e-06 0 9.82308e-07 1.09422e-05 6.74427e-05 0 -5.69807e-05 0 1.4106e-05 5.93159e-05 -4.94841e-06 -2.59688e-05 -3.93164e-05 0 -1.40793e-06 -6.52995e-06 -3.20592e-05 -1.85547e-06 -8.75557e-06
internal_weight=13706 6034 1577 1493 4457 7672 6835 266 837 290 175 6569 4307 4228 1177 179 998 150 1436 392 137 1044 369 252 675 6501 2497 220 2277 1379
internal_count=13706 6034 1577 1493 4457 7672 6835 266 837 290 175 6569 4307 4228 1177 179 998 150 1436 392 137 1044 369 252 675 6501 2497 220 2277 1379
is_linear=0
shrinkage=0.05


Tree=253
num_leaves=31
num_cat=0
split_feature=136 118 141 43 114 138 69 44 120 19 73 92 139 155 50 19 33 81 136 53 106 83 28 43 142 8 104 104 91 15
split_gain=6.70364e-05 0.000326554 0.00131773 0.000176337 0.000401209 0.000103017 0.000258058 0.00018364 0.000156217 0.000103326 8.86376e-05 0.000371917 0.000999335 0.000238651 0.000452213 0.00028277 0.000281678 0.000191476 7.15948e-05 0.000287937 0.00116533 7.90565e-05 0.000119872 6.83882e-05 5.49565e-05 3.39601e-05 4.75018e-05 0.000192997 4.04363e-05 3.83591e-05
threshold=0.6100000000000001 26.150000000000002 38.640000000000008 0.38450000000000006 25.750000000000004 3.7650000000000001 280.49122030000007 1712.5000000000002 270.35554825000003 0.0096585714285714278 39.850000000000001 22.450000000000006 84.612598517848554 0.35000000000000009 1000.5500000000001 -1.5714285714285702e-05 0.24423192687423154 53.750000000000007 0.87500000000000011 220.50000000000003 23.450000000000003 15.250000000000002 36.050000000000004 0.43050000000000005 244.31395637647844 0.0097951464311032844 21.950000000000006 23.650000000000006 21.050000000000004 6.3541666666666675e-05
decision_type=2 10 2 2 2 2 2 2 8 2 2 2 2 2 2 2 2 2 2 2 2 2 2 2 2 2 2 2 2 2
left_child=10 5 3 -3 -5 6 -2 8 -8 18 11 17 -13 -12 -15 16 -16 25 19 21 -21 22 -7 -11 -23 -1 28 -28 -27 -30
right_child=1 2 -4 4 -6 9 7 -9 -10 23 13 12 -14 14 15 -17 -18 -19 -20 20 -22 24 -24 -25 -26 26 27 -29 29 -31
leaf_value=5.1176869719152036e-07 0 0 0.00022663626521898553 0 0.00016660776945105613 0 -0.00013462110822673044 0 0 -6.1676343152297224e-05 -1.871925125541595e-06 0 -0.00026661849166260916 0 0.00023135515297205227 0 0 -8.7222913386632577e-05 0 0 0.00026021492529707761 0 -7.9057504402028336e-05 0 2.9270962852325074e-05 3.3174582110490881e-07 -0.00011410615126051026 0 0 -1.8620178305278672e-05
leaf_weight=4004 577 855 79 83 53 313 96 61 53 100 547 216 50 115 59 54 62 68 3048 77 56 152 56 51 324 1503 52 168 191 583
leaf_count=4004 577 855 79 83 53 313 96 61 53 100 547 216 50 115 59 54 62 68 3048 77 56 152 56 51 324 1503 52 168 191 583
internal_value=-3.27799e-07 3.1896e-06 2.8499e-05 7.45112e-06 6.0165e-05 -1.26348e-06 -1.82734e-05 -6.56096e-05 -9.54768e-05 7.4828e-07 -3.74591e-06 -6.09688e-06 -6.49696e-05 9.47003e-06 4.79783e-05 0.000101141 0.000143359 -2.94237e-06 3.43168e-06 1.52075e-05 8.40333e-05 0 -1.23656e-05 -3.74544e-05 1.71969e-05 -1.27853e-06 -6.14998e-06 -3.06475e-05 -1.57575e-06 -1.17271e-05
internal_weight=13706 6034 1070 991 136 4964 787 210 149 4177 7672 6835 266 837 290 175 121 6569 4026 978 133 845 369 151 476 6501 2497 220 2277 774
internal_count=13706 6034 1070 991 136 4964 787 210 149 4177 7672 6835 266 837 290 175 121 6569 4026 978 133 845 369 151 476 6501 2497 220 2277 774
is_linear=0
shrinkage=0.05


Tree=254
num_leaves=31
num_cat=0
split_feature=133 75 36 47 91 96 17 96 6 61 87 119 43 21 12 74 67 21 92 112 59 84 7 2 43 119 133 116 34 111
split_gain=0.000121908 0.000825924 9.84804e-05 5.36166e-05 0.000488701 0.00015338 4.05263e-05 0.00011373 0.000170333 0.000788827 4.49842e-05 8.30447e-05 4.26725e-05 5.08958e-05 3.74736e-05 0.000174378 0.000380767 3.61112e-05 3.66825e-05 3.64558e-05 3.98365e-05 3.28135e-05 5.87616e-05 2.8125e-05 3.02257e-05 4.65494e-05 3.25945e-05 3.64319e-05 2.60657e-05 0.000201423
threshold=88.200000000000003 12.15 267.17761860000007 59.500000000000007 34.600000000000001 50.937500000000007 0.031150000000000001 37.787500000000016 0.014181250000000001 345.05000000000007 1.0000000180025095e-35 9.9500000000000011 0.31750000000000006 0.65972222222222232 0.021260391000000003 18.992857142857147 13.550000000000002 0.34027777777777785 2.1500000000000008 289.11973385000005 3.2450500000000004 1.2500000000000004 0.037550000000000007 3.7150000000000002e-05 0.43850000000000006 5.5500000000000007 80.670000000000002 273.56974420000006 0.22907510984661886 3.2500000000000004
decision_type=2 2 2 2 2 2 2 2 2 2 2 10 2 2 2 2 2 2 2 2 2 2 2 2 2 10 2 2 2 2
left_child=3 2 -2 4 6 17 10 14 21 -10 -1 -12 -13 -14 15 -8 -17 18 -5 20 -20 -9 -23 -16 25 -25 27 -27 -19 -30
right_child=1 -3 -4 5 -6 -7 7 8 9 -11 11 12 13 -15 23 16 -18 28 19 -21 -22 22 -24 24 -26 26 -28 -29 29 -31
leaf_value=0 0 -0.00018673924434765737 6.7523269533551318e-05 0 0.00012075938638784837 -8.868155221650588e-05 0 0 0.00020804260999895521 0 0 0 -4.333134969695503e-05 0 0 0.00015080584103543515 0 -1.3344935678184714e-06 0 0 -3.1359865885615178e-05 6.0981325371708056e-05 0 0 0 0 0 -5.1316963192324952e-05 0.0001029332680148932 0
leaf_weight=3568 71 67 53 577 87 54 193 405 63 93 298 98 298 71 711 63 122 4027 112 70 395 64 356 584 126 116 53 174 52 685
leaf_count=3568 71 67 53 577 87 54 193 405 63 93 298 98 298 71 711 63 122 4027 112 70 395 64 356 584 126 116 53 174 52 685
internal_value=-3.51124e-07 -3.99519e-05 2.20092e-07 0 3.00715e-06 -3.31961e-06 9.46645e-07 5.67434e-06 1.97981e-05 7.12922e-05 -1.30769e-06 -1.25096e-05 -2.64528e-05 -3.42552e-05 0 1.33602e-05 5.20337e-05 -1.68112e-06 -9.62527e-06 -1.85416e-05 -2.38867e-05 3.9333e-06 1.5007e-05 -3.8406e-06 -9.56088e-06 -1.36106e-05 -2.89489e-05 -3.56467e-05 0 8.86445e-06
internal_weight=13706 191 124 13515 7543 5972 7456 3123 981 156 4333 765 467 369 2142 378 185 5918 1154 577 507 825 420 1764 1053 927 343 290 4764 737
internal_count=13706 191 124 13515 7543 5972 7456 3123 981 156 4333 765 467 369 2142 378 185 5918 1154 577 507 825 420 1764 1053 927 343 290 4764 737
is_linear=0
shrinkage=0.05


Tree=255
num_leaves=31
num_cat=0
split_feature=84 129 123 84 117 139 15 42 110 136 112 134 9 41 104 104 47 43 43 139 103 14 36 24 112 88 103 1 73 81
split_gain=5.4609e-05 0.000132696 0.000112108 6.53843e-05 4.94525e-05 0.000803268 0.000199985 0.00011927 8.84668e-05 0.000246992 6.81073e-05 0.000283125 0.000129935 0.000236573 0.000101949 0.000527489 0.000816513 3.98961e-05 9.10958e-05 0.000161937 0.000254078 0.000156516 0.000101764 0.000121989 0.00012265 3.77693e-05 7.98247e-05 3.63658e-05 9.4943e-05 0.000126153
threshold=21.850000000000005 3.5000000000000004 0.12940952255126045 21.050000000000008 0.15000000000000005 93.65491565332664 4.0625000000000005e-05 0.47500000000000003 36.250000000000007 0.22500000000000003 282.78811720000004 6.3000000000000016 0.51361111111111135 47.500000000000007 0.65000000000000013 0.55000000000000016 58.500000000000007 0.37750000000000006 0.39150000000000007 88.861231950955485 2477.9500000000003 0.018659123000000003 263.41203920000004 50.500000000000007 273.35423205000006 40.437500000000007 1702.95 0.17527057350000003 28.250000000000004 20.050000000000004
decision_type=2 2 2 2 2 2 2 2 2 2 2 2 2 2 2 2 2 2 2 2 2 2 2 2 2 2 2 2 2 2
left_child=3 2 -2 4 10 6 7 -6 -8 -10 14 12 -12 -14 15 -1 -17 27 21 25 -21 -19 -23 24 -24 26 -20 -16 29 -29
right_child=1 -3 -4 -5 5 -7 8 -9 9 -11 11 -13 13 -15 17 16 -18 18 19 20 -22 22 23 -25 -26 -27 -28 28 -30 -31
leaf_value=0 0 0 -7.8027058583446461e-05 4.8672341415996024e-05 0 0.00018024816556303099 0 0.00012107425950349492 -0.00012968287645172985 0 -3.5702612975114779e-06 0 0 -0.00016822982739086003 -1.9923947076750041e-06 0.00024469685899506055 0 0 -2.5427615202240552e-05 -0.00014375754588114682 0 0 0.00012292945718734105 0 0 3.5312497293125485e-05 8.850061070435552e-07 0 0 -5.6578002382751873e-05
leaf_weight=1134 89 145 122 68 50 64 1051 51 51 117 239 1463 56 63 4933 59 79 836 307 50 60 94 97 101 53 74 1685 161 148 229
leaf_count=1134 89 145 122 68 50 64 1051 51 51 117 239 1463 56 63 4933 59 79 836 307 50 60 94 97 101 53 74 1685 161 148 229
internal_value=-1.52063e-07 -1.95782e-05 -4.70137e-05 0 0 8.65049e-06 0 6.74531e-05 -5.42247e-06 -3.89992e-05 -1.29489e-06 -1.02188e-05 -5.00159e-05 -0.000100824 0 1.3517e-05 0.000105643 -1.58866e-06 1.7122e-06 -2.53061e-06 -6.14233e-05 1.37552e-05 4.21576e-05 5.87348e-05 8.81869e-05 0 -6.72145e-07 -4.52775e-06 -1.84515e-05 -3.28082e-05
internal_weight=13729 356 211 13373 13305 1384 1320 101 1219 168 11921 1821 358 119 10100 1272 138 8828 3357 2176 110 1181 345 251 150 2066 1992 5471 538 390
internal_count=13729 356 211 13373 13305 1384 1320 101 1219 168 11921 1821 358 119 10100 1272 138 8828 3357 2176 110 1181 345 251 150 2066 1992 5471 538 390
is_linear=0
shrinkage=0.05


Tree=256
num_leaves=31
num_cat=0
split_feature=161 83 140 119 126 138 84 129 123 84 138 101 11 128 116 56 116 120 91 136 93 116 105 0 90 90 120 90 62 85
split_gain=4.93411e-05 0.000376291 0.000112761 0.00010981 0.000249931 0.000160025 4.72926e-05 0.000124268 0.000100608 6.19669e-05 7.23933e-05 0.000125483 0.000220878 0.000387664 0.00050844 0.000119851 0.000250925 0.000169045 0.000134203 0.000202482 6.07361e-05 7.2576e-05 8.42053e-05 0.000117671 0.000197565 0.00014405 7.59875e-05 7.29858e-05 7.40621e-05 6.7403e-05
threshold=0.45918367346938782 33.70000000000001 20.425000000000001 14.550000000000002 35.500000000000007 9.3850000000000016 21.850000000000005 3.5000000000000004 0.12940952255126045 21.050000000000008 5.0700000000000012 -4.9069307500000141 0.0029154279444444449 10.021315006960169 269.91787575000006 -0.89533969999999374 294.01547295000006 269.27295610000004 18.350000000000005 0.88500000000000012 265.09074330000004 288.45346595000007 16.500000000000004 0.039050000000000008 20.66836734693878 25.286734693877555 272.93127215000004 27.423469387755105 14.750000000000002 272.44595125000006
decision_type=2 2 2 10 2 2 2 2 2 2 2 2 2 2 2 2 2 10 2 2 2 2 2 2 2 2 10 2 2 2
left_child=1 6 -2 4 5 -4 9 8 -8 10 15 12 -12 14 -14 16 -1 -17 19 -19 -13 22 23 26 -25 -26 27 28 -22 -30
right_child=2 -3 3 -5 -6 -7 7 -9 -10 -11 11 20 13 -15 -16 17 -18 18 -20 -21 21 -23 -24 24 25 -27 -28 -29 29 -31
leaf_value=-2.3575213389510647e-06 0 0.00013614351038282335 -9.971458251868959e-05 0 0 0 0 0 -7.4157425535999424e-05 4.8343425660277717e-05 1.1787039291751443e-07 -6.592480418740726e-06 0 0 0.00021669390597507492 -1.1961176658379099e-06 8.0388732900643091e-05 -0.00013721830577403374 0 0 0 -6.084177475070711e-06 0 0 0.00015855269508482125 0 0 0 0 7.0071897836641934e-05
leaf_weight=3571 1060 50 170 205 122 50 89 142 122 67 839 1934 64 135 67 784 93 87 96 64 157 800 1778 55 60 92 562 97 161 156
leaf_count=3571 1060 50 170 205 122 50 89 142 122 67 839 1934 64 135 67 784 93 87 96 64 157 800 1778 55 60 92 562 97 161 156
internal_value=-1.01524e-07 6.13318e-07 -8.60024e-06 -2.70454e-05 -4.43732e-05 -7.67021e-05 0 -1.79632e-05 -4.47686e-05 5.84547e-07 0 3.53347e-06 1.90312e-05 5.97361e-05 0.000120665 -4.47665e-06 0 -1.95328e-05 -5.73342e-05 -8.70093e-05 0 4.15764e-06 8.38962e-06 1.79078e-05 5.71535e-05 8.75726e-05 6.28437e-06 2.02586e-05 2.9637e-05 4.35231e-05
internal_weight=13729 12122 1607 547 342 220 12072 353 211 11719 11652 6957 1105 266 131 4695 3664 1031 247 151 5852 3918 3118 1340 207 152 1133 571 474 317
internal_count=13729 12122 1607 547 342 220 12072 353 211 11719 11652 6957 1105 266 131 4695 3664 1031 247 151 5852 3918 3118 1340 207 152 1133 571 474 317
is_linear=0
shrinkage=0.05


Tree=257
num_leaves=31
num_cat=0
split_feature=161 83 141 155 128 9 85 103 81 155 129 123 155 138 101 131 12 36 108 24 81 122 15 110 22 63 25 75 104 81
split_gain=4.36157e-05 0.000340241 0.000208253 8.6936e-05 6.47646e-05 0.000144417 0.000176396 5.38317e-05 4.44787e-05 4.08667e-05 0.000114722 9.02523e-05 5.60143e-05 6.75377e-05 0.00011697 0.000191473 0.00052567 0.000112686 0.00019919 0.000130971 0.000284988 0.000329846 0.000343909 6.31086e-05 9.68771e-05 0.000111682 7.70542e-05 7.56438e-05 0.000124033 0.00050745
threshold=0.45918367346938782 33.70000000000001 36.410000000000004 0.042000000000000016 9.6939078444960973 0.81965277777777779 271.90189255000001 1177.0500000000002 39.45000000000001 0.87200000000000022 3.5000000000000004 0.12940952255126045 0.84000000000000019 5.0700000000000012 -4.9069307500000141 77.378366547231039 0.055928944500000001 272.41906945000005 284.28257030000003 46.45000000000001 37.95000000000001 10.500000000000002 0.00028333333333333341 14.050000000000002 8.5000000000000018 15.140100000000002 13.500000000000002 12.850000000000003 20.550000000000008 24.750000000000004
decision_type=2 2 2 2 2 2 2 2 2 2 2 2 2 2 2 2 2 2 2 2 2 2 2 2 2 2 2 2 2 2
left_child=1 9 3 7 5 6 -5 8 -2 12 11 -11 13 17 15 16 -15 18 23 20 -19 -22 -23 24 25 26 -1 28 -25 -30
right_child=2 -3 -4 4 -6 -7 -8 -9 -10 10 -12 -13 -14 14 -16 -17 -18 19 -20 -21 21 22 -24 27 -26 -27 -28 -29 29 -31
leaf_value=0 0 0.00012946980765192684 -8.429021775637838e-05 0 0 0 8.9308441572117568e-05 0 -3.9775700535381885e-05 0 0 -7.0479699685328218e-05 4.596179968489998e-05 5.7600516520786534e-07 0 0 0.00017344559363462195 0 8.3828044971102401e-05 0 0 0 -0.00023718138804013674 0 0 0 -4.4855368795333671e-05 -2.5877974877377902e-06 0 0.00018582757691150368
leaf_weight=162 70 50 87 76 644 110 123 221 276 89 142 122 67 294 5852 740 71 265 68 558 70 51 54 645 571 140 437 1543 81 50
leaf_count=162 70 50 87 76 644 110 123 221 276 89 142 122 67 294 5852 740 71 265 68 558 70 51 54 645 571 140 437 1543 81 50
internal_value=-5.66363e-08 5.94242e-07 -8.07314e-06 -3.70853e-07 5.12749e-06 2.45602e-05 5.23467e-05 -1.84079e-05 -3.07001e-05 0 -1.66853e-05 -4.26348e-05 5.55258e-07 0 3.40812e-06 1.83704e-05 4.82459e-05 -4.32952e-06 0 -1.92383e-05 -3.97603e-05 -8.94948e-05 -0.000145182 -1.89987e-06 -1.1294e-05 -2.35216e-05 -3.38778e-05 1.25427e-06 1.53224e-05 6.10826e-05
internal_weight=13729 12122 1607 1520 953 309 199 567 346 12072 353 211 11719 11652 6957 1105 365 4695 3697 998 440 175 105 3629 1310 739 599 2319 776 131
internal_count=13729 12122 1607 1520 953 309 199 567 346 12072 353 211 11719 11652 6957 1105 365 4695 3697 998 440 175 105 3629 1310 739 599 2319 776 131
is_linear=0
shrinkage=0.05


Tree=258
num_leaves=31
num_cat=0
split_feature=161 91 141 84 1 128 6 85 118 36 92 84 129 74 126 84 138 36 116 120 91 136 101 128 138 69 62 84 42 81
split_gain=4.14955e-05 0.00033062 0.000186472 7.69382e-05 6.71932e-05 5.64887e-05 0.000132421 0.000160524 5.06814e-05 3.8185e-05 4.18806e-05 3.48871e-05 0.000105937 0.000112718 0.000116659 5.0942e-05 6.34681e-05 0.000113313 0.000208156 0.000155828 0.000144148 0.000204432 9.86054e-05 0.00018299 0.000394265 5.30934e-05 4.97669e-05 8.94372e-05 0.000107363 0.000100443
threshold=0.45918367346938782 34.600000000000001 36.410000000000004 1.0500000000000005 0.031652563000000009 9.6939078444960973 0.0053986111111111118 271.90189255000001 37.550000000000004 271.23148520000001 6.450000000000002 21.850000000000005 3.5000000000000004 27.035714285714295 49.500000000000007 21.050000000000008 5.0700000000000012 272.41906945000005 294.01547295000006 269.27295610000004 18.350000000000005 0.88500000000000012 -4.9069307500000141 10.021315006960169 5.5750000000000002 274.60025925000008 40.250000000000007 6.5500000000000016 0.54500000000000015 41.95000000000001
decision_type=2 2 2 2 2 2 2 2 10 2 2 2 2 2 2 2 2 2 2 10 2 2 2 2 2 2 2 2 2 2
left_child=1 11 3 4 8 6 7 -5 9 10 -2 15 13 14 -13 16 17 18 -1 -19 21 -21 23 24 -18 -26 27 28 -24 -29
right_child=2 -3 -4 5 -6 -7 -8 -9 -10 -11 -12 12 -14 -15 -16 -17 22 19 -20 20 -22 -23 26 -25 25 -27 -28 29 -30 -31
leaf_value=-2.1845641905715411e-06 0 0.00010820672239326957 -8.0123599866717339e-05 0 0 0 0 8.4879030138190797e-05 0 0 -6.7623042287615968e-05 0 0 0 -0.00010241469783853641 4.369750609358187e-05 0.00017975236516894308 -1.0713756485847267e-06 7.2045064741744388e-05 -0.00014098431100578415 0 0 6.1432044459046234e-06 0 3.1897010249013243e-05 0 -4.7294403000559805e-06 3.6373226444759068e-05 -1.6951253879234751e-05 0
leaf_weight=3543 59 70 87 76 245 644 110 123 64 54 145 50 142 74 87 67 52 767 96 81 95 62 2223 646 178 237 2474 410 641 127
leaf_count=3543 59 70 87 76 245 644 110 123 64 54 145 50 142 74 87 67 52 767 96 81 95 62 2223 646 178 237 2474 410 641 127
internal_value=-9.22918e-10 6.27123e-07 -7.84533e-06 -3.71078e-07 -1.74415e-05 4.55176e-06 2.27884e-05 4.96004e-05 -3.24811e-05 -4.24844e-05 -5.24027e-05 0 -1.54708e-05 -4.06068e-05 -6.76395e-05 4.61248e-07 0 -4.31432e-06 0 -1.91713e-05 -5.63325e-05 -8.81444e-05 3.21436e-06 1.69147e-05 4.07253e-05 1.08955e-05 0 4.50545e-06 0 2.33229e-05
internal_weight=13729 12122 1607 1520 567 953 309 199 322 258 204 12052 353 211 137 11699 11632 4644 3639 1005 238 143 6988 1113 467 415 5875 3401 2864 537
internal_count=13729 12122 1607 1520 567 953 309 199 322 258 204 12052 353 211 137 11699 11632 4644 3639 1005 238 143 6988 1113 467 415 5875 3401 2864 537
is_linear=0
shrinkage=0.05


Tree=259
num_leaves=31
num_cat=0
split_feature=86 87 88 94 85 28 19 114 133 90 19 19 86 19 105 28 86 131 73 13 137 136 93 50 129 138 136 90 140 35
split_gain=3.93033e-05 0.000499627 0.00017286 9.09607e-05 0.000227665 0.000106882 0.000135825 6.79756e-05 0.000124155 5.89179e-05 0.000403484 0.000561281 0.000116927 0.000269999 5.79516e-05 0.000101869 9.86522e-05 8.156e-05 6.83413e-05 0.000103145 8.91769e-05 0.00010455 0.000164617 0.000322437 6.29041e-05 5.20244e-05 8.06243e-05 6.62158e-05 7.42878e-05 5.00015e-05
threshold=8.5000000000000018 4.5000000000000009 50.912500000000001 15.500000000000002 270.22072160000005 24.800000000000001 -0.0004528571428571426 36.050000000000004 31.295000000000005 21.445918367346945 0.008150000000000001 0.01041142857142857 3.5000000000000004 -0.0064871428571428537 13.500000000000002 21.950000000000003 15.500000000000002 102.33732734383671 27.650000000000002 0.0013319953263888891 0.62500000000000011 0.8650000000000001 264.89402860000007 999.85000000000002 5.5000000000000009 5.5750000000000002 0.28000000000000008 22.088775510204083 11.940000000000001 286.37105405000005
decision_type=2 2 2 2 2 2 2 2 2 2 2 2 2 2 2 2 2 2 2 2 2 2 2 2 2 2 2 2 2 2
left_child=1 7 3 4 -2 6 -6 9 -9 -1 12 -12 25 -14 15 -5 17 -17 24 20 -20 22 -22 -24 -16 26 -11 -28 -29 -15
right_child=2 -3 -4 14 5 -7 -8 8 -10 10 11 -13 13 29 18 16 -18 -19 19 -21 21 -23 23 -25 -26 -27 27 28 -30 -31
leaf_value=-5.3450840908452577e-07 0 0.00014501367162544435 -7.8795539464009359e-05 0 -0.00015416002819250226 0 0 0 -5.6710573236371488e-05 0 0.000219879253181373 0 0.00012320688072423315 1.3407178185070603e-05 0 6.873605767370945e-05 0 0 0 -1.1343777687189206e-05 0 0 0 0.00011563834064985023 -5.747266002688366e-05 0 0 0 -6.2646935907386254e-05 -2.8007914558500013e-06
leaf_weight=7620 714 59 81 152 58 111 94 216 145 209 52 50 58 781 182 181 104 84 290 507 169 202 88 141 97 597 50 108 188 341
leaf_count=7620 714 59 81 152 58 111 94 216 145 209 52 50 58 781 182 181 104 84 290 507 169 202 88 141 97 597 50 108 188 341
internal_value=-1.26449e-08 1.09978e-06 -5.12709e-06 -1.64806e-06 -1.52089e-05 -5.48892e-05 -8.33369e-05 0 -2.09684e-05 1.0353e-06 8.0014e-06 0.000106086 1.52446e-06 1.42216e-05 2.11181e-06 1.72141e-05 3.32621e-05 4.966e-05 0 1.77593e-06 1.48658e-05 2.64306e-05 4.13197e-05 6.89285e-05 -2.43812e-05 -7.14586e-06 -1.84341e-05 -3.35463e-05 -4.32687e-05 4.03076e-06
internal_weight=13729 10474 3255 3174 977 263 152 10415 361 10054 2434 102 2332 1180 2197 521 369 265 1676 1397 890 600 398 229 279 1152 555 346 296 1122
internal_count=13729 10474 3255 3174 977 263 152 10415 361 10054 2434 102 2332 1180 2197 521 369 265 1676 1397 890 600 398 229 279 1152 555 346 296 1122
is_linear=0
shrinkage=0.05


Tree=260
num_leaves=31
num_cat=0
split_feature=73 81 142 103 14 73 75 11 120 82 141 24 118 103 19 141 19 136 82 142 141 69 118 22 90 14 136 129 98 73
split_gain=6.19771e-05 0.000260631 0.00020901 0.000214226 0.000180019 0.000140641 0.000557903 6.22077e-05 0.000130399 0.000172348 0.000618096 0.000219735 0.000492739 0.000361134 0.00020194 0.000156891 7.74871e-05 4.94186e-05 0.000131027 0.000167498 0.000180886 7.8228e-05 5.39173e-05 0.000609487 9.61403e-05 8.90948e-05 0.000112435 8.15953e-05 7.6959e-05 5.20484e-05
threshold=43.150000000000013 54.850000000000009 336.71847334416515 1746.2500000000002 0.014519341000000002 40.95000000000001 18.650000000000002 0.0040165472500000013 269.11164560000003 21.940000000000008 35.775000000000013 61.650000000000013 20.050000000000004 2430.3000000000006 -3.5714285714284572e-05 39.190000000000005 -0.0042542857142857131 0.19000000000000003 26.854000000000003 75.429232224175792 25.085000000000004 286.00756280000002 14.850000000000003 1.0000000180025095e-35 22.437755102040821 0.0050540435000000009 1.0350000000000004 7.5000000000000009 -1.5999999999999959 12.250000000000002
decision_type=2 2 2 2 2 2 2 2 8 2 2 2 10 2 2 2 2 2 2 2 2 2 8 2 2 2 2 2 2 2
left_child=1 5 -2 4 -4 7 -7 17 15 11 -11 13 -13 14 16 -9 -10 18 21 -20 -21 -1 23 -19 -25 26 28 -24 -26 -29
right_child=2 -3 3 -5 -6 6 -8 8 9 10 -12 12 -14 -15 -16 -17 -18 22 19 20 -22 -23 27 24 25 -27 -28 29 -30 -31
leaf_value=-8.800143414260405e-07 0 0.00010691773962489919 -0.00014741456882371782 0 0 0.0001651173763167435 0 -6.9279540163264322e-05 0 0.00018627321082365013 0 0 0.00015562268361686877 0 0 0 -0.00019305173547642579 0.00017076618409818964 0 -0.00011751592020542982 -7.7742965689920768e-06 4.804448289892857e-05 2.4230997587132055e-06 0 0.00010359572805423847 0 0 0 0 -2.0174619029909781e-05
leaf_weight=2162 634 57 75 96 72 63 247 181 59 52 159 162 52 342 78 99 59 57 222 89 310 83 4635 2382 89 282 62 119 81 753
leaf_count=2162 634 57 75 96 72 63 247 181 59 52 159 162 52 342 78 99 59 57 222 89 310 83 4635 2382 89 282 62 119 81 753
internal_value=0 9.43763e-07 -1.27808e-05 -5.22426e-05 -9.01017e-05 7.82789e-08 3.35529e-05 -3.52164e-07 -1.11736e-05 0 3.72232e-05 -1.34948e-05 1.55114e-05 -3.43164e-05 -8.83455e-05 -4.13866e-05 -0.000131008 3.94916e-07 -4.6939e-06 -2.50638e-05 -4.49856e-05 0 2.71015e-06 8.16508e-06 3.18094e-06 2.28827e-05 4.59707e-05 0 6.72557e-05 -1.42297e-05
internal_weight=13813 12936 877 243 147 12879 310 12569 1243 963 211 752 214 538 196 280 118 11326 2866 621 399 2245 8460 2953 2896 514 232 5507 170 872
internal_count=13813 12936 877 243 147 12879 310 12569 1243 963 211 752 214 538 196 280 118 11326 2866 621 399 2245 8460 2953 2896 514 232 5507 170 872
is_linear=0
shrinkage=0.05


Tree=261
num_leaves=31
num_cat=0
split_feature=73 88 142 138 73 111 11 120 104 59 132 75 103 141 85 140 131 36 136 62 61 49 84 4 91 49 132 131 117 42
split_gain=5.59311e-05 0.000231351 0.00019192 0.000200894 0.00012982 0.000626001 5.93719e-05 0.000112919 0.000200933 0.000438691 0.000454172 0.000144878 0.000218557 0.000143205 7.41521e-05 0.000132341 5.9051e-05 5.19898e-05 4.64908e-05 4.68092e-05 0.00036104 0.000785971 6.10823e-05 7.88511e-05 9.07595e-05 0.000106599 6.88566e-05 7.3924e-05 8.52126e-05 0.000100477
threshold=43.150000000000013 50.912500000000001 336.71847334416515 5.9750000000000005 40.95000000000001 14.350000000000003 0.0040165472500000013 269.11164560000003 0.8500000000000002 3.9256000000000006 3.5000000000000004 13.050000000000002 2430.3000000000006 39.190000000000005 279.85589890000006 34.790000000000006 96.666400384507128 272.74530695000004 0.30500000000000005 50.45000000000001 2038.9000000000003 987.45000000000016 1.0500000000000005 0.0014061540000000002 16.450000000000003 1000.0500000000001 5.5000000000000009 1141.8464524176056 2.1500000000000008 0.70500000000000007
decision_type=2 2 2 2 2 2 2 8 2 2 2 2 2 2 2 2 2 2 2 2 2 2 2 2 2 2 2 2 2 2
left_child=1 4 -2 -4 6 -6 14 13 9 -9 -11 12 -10 16 18 17 -8 -16 -1 20 22 -22 -20 24 -24 26 27 28 29 -26
right_child=2 -3 3 -5 5 -7 7 8 11 10 -12 -13 -14 -15 15 -17 -18 -19 19 -21 21 -23 23 -25 25 -27 -28 -29 -30 -31
leaf_value=-1.9977019466249824e-06 0 9.9040804166482604e-05 -0.00010145576348333163 0 0.00017450334158638725 0 -0.00011822384224628809 0 -9.9057987269002442e-05 0 0.00022549035295549617 0 0 0 -9.9899422362326618e-05 0 0 0 0 -2.3579704355858668e-07 0 0.00024409203388100367 0 0 6.6291863773623543e-05 0 0 0 0 0
leaf_weight=3793 634 59 107 136 61 248 66 75 106 50 50 314 368 99 61 354 115 53 3548 1888 65 50 187 441 395 97 139 66 54 134
leaf_count=3793 634 59 107 136 61 248 66 75 106 50 50 314 368 99 61 354 115 53 3548 1888 65 50 187 441 395 97 139 66 54 134
internal_value=0 8.87509e-07 -1.21512e-05 -4.9977e-05 4.18744e-08 3.22783e-05 -3.55399e-07 -1.09263e-05 0 4.52885e-05 0.000120137 -1.33847e-05 -3.2559e-05 -3.91553e-05 3.64238e-07 -1.83502e-05 -6.58346e-05 -6.5194e-05 1.63304e-06 4.29029e-06 6.90676e-06 9.62082e-05 3.87123e-06 1.22869e-05 1.99182e-05 2.71397e-05 3.41303e-05 4.09734e-05 4.6744e-05 5.30054e-05
internal_weight=13813 12936 877 243 12877 309 12568 1243 963 175 100 788 474 280 11325 468 181 114 10857 7064 5176 115 5061 1513 1072 885 788 649 583 529
internal_count=13813 12936 877 243 12877 309 12568 1243 963 175 100 788 474 280 11325 468 181 114 10857 7064 5176 115 5061 1513 1072 885 788 649 583 529
is_linear=0
shrinkage=0.05


Tree=262
num_leaves=31
num_cat=0
split_feature=94 83 88 89 90 91 89 49 116 80 137 43 33 75 103 137 8 90 112 77 23 137 75 104 112 81 83 4 32 81
split_gain=5.35387e-05 0.000773777 0.000323667 4.20114e-05 3.23762e-05 0.000108575 0.000369699 0.000618359 0.00134177 8.12963e-05 0.000104204 7.78311e-05 8.3934e-05 0.000113499 7.6334e-05 9.66603e-05 0.000108795 0.000159554 4.96039e-05 9.44417e-05 5.94254e-05 4.09291e-05 5.16418e-05 3.95001e-05 9.52628e-05 0.000189401 0.000372969 6.91662e-05 8.20511e-05 6.74536e-05
threshold=23.500000000000004 33.70000000000001 50.912500000000001 54.850000000000009 21.445918367346945 19.450000000000003 41.45000000000001 963.1500000000002 280.47828465000003 35.087500000000013 0.51500000000000012 0.37750000000000006 -0.2197875529603556 17.550000000000004 1831.2500000000002 0.080000000000000016 0.0090637513184724586 20.396938775510208 282.5220844000001 281.37332475000005 23.270833333333336 1.4600000000000002 14.850000000000003 1.6500000000000006 283.24889155000005 43.650000000000013 22.350000000000005 0.011993662 18.250000000000004 34.45000000000001
decision_type=2 2 2 2 2 2 2 2 2 2 2 2 2 2 2 2 2 2 2 2 2 2 2 2 2 2 2 2 2 2
left_child=1 3 -2 4 14 6 9 -8 -9 10 11 12 -6 18 15 16 -1 -18 -14 -20 -21 22 -12 24 25 -7 -27 28 29 -26
right_child=2 -3 -4 -5 5 23 7 8 -10 -11 21 -13 13 -15 -16 -17 17 -19 19 20 -22 -23 -24 -25 27 26 -28 -29 -30 -31
leaf_value=0 -2.1907924671776931e-07 0.00018650062918563242 -0.00011778887041471725 -4.1101313112389489e-05 0 -4.4480753492021496e-06 0 0.00032067620656137786 0 -4.5618481371193268e-05 -3.8459465174740177e-05 0 0 0 3.7475606625642766e-07 0 -0.00012171980615336602 0 0 0.00011445830866642641 0 0 0 5.8819722110981676e-06 0 0.00014079077733991394 0 0 0 -4.1807769051092511e-05
leaf_weight=196 1378 55 66 60 115 928 81 59 66 65 158 124 135 82 6556 916 74 56 50 115 51 165 94 1187 102 69 110 65 154 481
leaf_count=196 1378 55 66 60 115 928 81 59 66 65 158 124 135 82 6556 916 74 56 50 115 51 165 94 1187 102 69 110 65 154 481
internal_value=0 1.03986e-06 -9.13077e-06 0 4.01976e-07 4.07963e-06 1.59356e-05 7.83177e-05 0.000149485 4.12648e-07 7.78663e-06 2.19022e-05 3.06998e-05 4.09354e-05 -1.05868e-06 -1.2642e-05 -3.66947e-05 -7.37384e-05 5.35926e-05 7.23221e-05 9.06106e-05 -2.99707e-06 -2.04763e-05 0 -5.49385e-06 0 5.02837e-05 -1.91931e-05 -2.52017e-05 -3.39684e-05
internal_weight=13813 12369 1444 12314 12254 4456 1360 206 125 1154 1089 672 548 433 7798 1242 326 130 351 216 166 417 252 3096 1909 1107 179 802 737 583
internal_count=13813 12369 1444 12314 12254 4456 1360 206 125 1154 1089 672 548 433 7798 1242 326 130 351 216 166 417 252 3096 1909 1107 179 802 737 583
is_linear=0
shrinkage=0.05


Tree=263
num_leaves=31
num_cat=0
split_feature=73 81 142 103 138 73 111 91 14 43 119 140 118 131 43 119 138 138 93 88 107 128 29 61 105 0 50 114 92 128
split_gain=5.15457e-05 0.000232796 0.000178781 0.00019325 0.000144258 0.000106459 0.000541535 7.42529e-05 6.2821e-05 5.97634e-05 3.49873e-05 0.000116544 3.79869e-05 0.000263639 0.00215379 6.36917e-05 7.73645e-05 5.2496e-05 8.67988e-05 4.99686e-05 0.000191757 5.67578e-05 7.05327e-05 0.0003104 5.36775e-05 6.67485e-05 4.9134e-05 5.11661e-05 7.8411e-05 4.32252e-05
threshold=43.150000000000013 54.850000000000009 336.71847334416515 1746.2500000000002 5.9750000000000005 40.95000000000001 14.350000000000003 33.550000000000004 0.024510083000000005 0.33750000000000008 2.4500000000000006 76.225000000000009 16.350000000000005 33.15434016127945 0.34150000000000008 9.6500000000000004 3.1050000000000004 12.750000000000002 267.18767130000009 42.587500000000013 8.5500000000000025 9.4788778498497113 51.100000000000009 185.95000000000002 31.500000000000004 0.0028000000000000004 1011.7500000000001 7.8500000000000005 13.950000000000005 8.3844366951598737
decision_type=2 2 2 2 2 2 2 2 2 2 8 2 8 2 2 8 2 2 2 2 2 2 2 2 2 2 2 2 2 2
left_child=1 5 -2 4 -4 7 -7 10 9 -9 11 -1 13 14 -12 16 -14 -15 -19 21 -21 24 -23 -24 25 -17 -27 -28 -29 -16
right_child=2 -3 3 -5 -6 6 -8 8 -10 -11 12 -13 15 17 29 19 -18 18 -20 20 -22 22 23 -25 -26 26 27 28 -30 -31
leaf_value=0 0 0.00010077960176016042 -0.0001320540555530493 0 0 0.00016153124089361237 0 -5.4571276704643739e-05 0 0 0.0003343446819941495 -6.6546782101407911e-05 -6.7653130028338639e-05 -1.2139850859485191e-06 2.754554084663402e-05 0 -2.852000797058387e-06 0 6.0474833945455488e-05 0.00010322291436303906 0 0 0.00011928218121613391 0 0 0 0 -5.4560845064188351e-05 0 -1.2717535154759108e-05
leaf_weight=949 634 57 80 96 67 61 249 165 81 69 54 82 74 3025 86 586 971 177 93 56 357 3993 68 242 589 71 58 288 176 259
leaf_count=949 634 57 80 96 67 61 249 165 81 69 54 82 74 3025 86 586 971 177 93 56 357 3993 68 242 589 71 58 288 176 259
internal_value=0 7.40205e-07 -1.1777e-05 -4.82789e-05 -8.43038e-05 0 2.91293e-05 -4.23897e-07 -2.43842e-05 -3.83125e-05 0 -8.59298e-06 1.00187e-06 5.32256e-06 4.36972e-05 -4.54433e-07 -1.22812e-05 0 2.16292e-05 6.82228e-07 1.75793e-05 0 2.61435e-06 2.5721e-05 -7.97386e-06 -1.44583e-05 -2.63856e-05 -3.20246e-05 -3.77966e-05 0
internal_weight=13813 12936 877 243 147 12879 310 12569 315 234 12254 1031 11223 3694 399 7529 1045 3295 270 6484 413 6071 4303 310 1768 1179 593 522 464 345
internal_count=13813 12936 877 243 147 12879 310 12569 315 234 12254 1031 11223 3694 399 7529 1045 3295 270 6484 413 6071 4303 310 1768 1179 593 522 464 345
is_linear=0
shrinkage=0.05


Tree=264
num_leaves=31
num_cat=0
split_feature=115 83 135 45 61 135 150 89 89 90 126 16 8 137 30 90 19 84 136 129 115 29 19 73 24 90 120 84 47 81
split_gain=5.16548e-05 0.000264575 8.32519e-05 5.90306e-05 5.29384e-05 6.60818e-05 6.49658e-05 5.85783e-05 2.99681e-05 3.67643e-05 7.84494e-05 0.000118198 0.000110303 0.000119541 7.09868e-05 0.000139355 0.000332475 0.000356862 0.000608735 8.40454e-05 0.000107307 0.000116202 9.08785e-05 8.54373e-05 7.28054e-05 4.02592e-05 3.84864e-05 3.32966e-05 7.70003e-05 4.86914e-05
threshold=18.950000000000003 33.70000000000001 61.465000000000011 98.500000000000014 1567.9000000000003 23.925000000000001 0.021428571428571432 42.550000000000004 54.850000000000009 21.037755102040823 56.500000000000007 0.41500000000000009 0.0090637513184724586 0.10000000000000002 -2.5299999999999989 24.620408163265314 0.008150000000000001 21.150000000000006 0.69000000000000006 3.5000000000000004 13.050000000000002 31.550000000000004 -0.0001871428571428571 32.250000000000007 50.850000000000009 27.911224489795924 267.56283205000005 0.15000000000000005 97.500000000000014 44.250000000000007
decision_type=2 2 2 2 2 2 2 2 2 2 2 2 2 2 2 2 2 2 2 2 2 2 2 2 2 2 10 2 2 2
left_child=1 8 3 -2 5 -5 7 -7 9 10 11 -1 -13 -14 -11 16 17 -16 -19 22 21 -21 25 -23 -25 26 -17 29 -29 -22
right_child=2 -3 -4 4 -6 6 -8 -9 -10 14 -12 12 13 -15 15 19 -18 18 -20 20 27 23 -24 24 -26 -27 -28 28 -30 -31
leaf_value=0 0 0.00011061002388975214 0 0 0 0 0 -9.9074175614243193e-05 -3.0876874788353308e-05 -1.834349961790649e-06 9.7460000166922004e-08 0 -0.00011046143549844022 0 0 0 0.00011891636013704399 0.00020632786973874318 0 0 -2.9039090934448347e-05 0 0 -0.00010539112364100182 0 0 5.0206431592551296e-05 0 7.0587863255972409e-05 0
leaf_weight=359 87 54 922 101 53 53 54 109 72 1631 6675 337 87 73 1248 99 91 59 52 140 169 127 165 93 82 152 215 354 50 50
leaf_count=359 87 54 922 101 53 53 54 109 72 1631 6675 337 87 73 1248 99 91 59 52 140 169 127 165 93 82 152 215 354 50 50
internal_value=0 9.62827e-07 -9.23169e-06 -2.66687e-05 -3.57181e-05 -4.36417e-05 -5.96018e-05 -7.5668e-05 7.18201e-08 6.61566e-07 -1.00375e-06 -1.54152e-05 -3.16591e-05 -6.93761e-05 4.33308e-06 9.11887e-06 2.05049e-05 1.01561e-05 9.60112e-05 0 -9.17341e-06 -2.84265e-05 1.38029e-05 -4.62622e-05 -6.99867e-05 2.72825e-05 3.7723e-05 0 1.23343e-05 -9.91492e-06
internal_weight=13813 12434 1379 457 370 317 216 162 12380 12308 7531 856 497 160 4777 3146 1450 1359 111 1696 1065 442 631 302 175 466 314 623 404 219
internal_count=13813 12434 1379 457 370 317 216 162 12380 12308 7531 856 497 160 4777 3146 1450 1359 111 1696 1065 442 631 302 175 466 314 623 404 219
is_linear=0
shrinkage=0.05


Tree=265
num_leaves=31
num_cat=0
split_feature=75 100 19 96 138 137 123 1 93 115 100 82 128 2 82 128 36 93 16 2 104 17 75 82 128 126 21 11 112 112
split_gain=8.46461e-05 0.000471704 0.0018863 0.000202786 6.0212e-05 0.00010809 0.000674345 5.96203e-05 0.000292617 0.000207279 0.000172911 0.000117126 0.000274731 0.000760483 0.000131277 0.000100923 7.91639e-05 6.19519e-05 0.00012556 0.000111817 0.000134557 5.99423e-05 5.9034e-05 5.42057e-05 5.01704e-05 6.94852e-05 6.72488e-05 4.02373e-05 0.000115081 0.000237945
threshold=12.950000000000001 -5.099999999999965 -0.0002757142857142856 51.087500000000006 5.4800000000000013 0.065000000000000016 -0.60355339059327362 0.17872189800000002 273.60347820000004 7.6500000000000012 3.5999999999999663 13.274000000000003 9.0640421076593753 0.0019842340000000005 21.562000000000001 8.7865330667025656 272.07844575000007 269.01564750000006 1.6850000000000003 0.0055886015000000009 0.45000000000000007 0.033650000000000006 10.15 18.478000000000005 9.3839429664814116 113.50000000000001 0.50694444444444453 0.0022772157361111113 275.42545370000005 270.79561010000003
decision_type=2 2 2 2 2 2 2 2 2 2 2 2 2 2 2 2 2 2 2 2 2 2 2 2 2 2 2 2 2 2
left_child=1 2 -1 4 5 6 -2 11 9 -9 -10 21 13 14 -13 -16 17 -14 -19 20 -20 -3 23 -22 25 26 -23 -6 29 -29
right_child=3 7 -4 -5 27 -7 -8 8 10 -11 -12 12 16 -15 15 -17 -18 18 19 -21 22 24 -24 -25 -26 -27 -28 28 -30 -31
leaf_value=0.0003440643686425414 -0.00017783463983160993 0 0 -9.6521104870450885e-05 0 -2.2570858323852105e-06 0 0 0 -8.5141938242679435e-05 0.00010549037909346653 0 -5.1225346300833016e-07 0.00021470983065269679 8.8505591969466305e-05 0 -2.7049242366849468e-05 0 0 0 0 -6.5446238595159712e-05 0 0.0001656401523583694 0 0 0 0 0 7.7800661645596866e-05
leaf_weight=50 65 1560 150 58 2732 3061 191 198 86 164 50 504 942 60 90 68 190 1060 88 64 70 148 53 51 510 80 84 452 573 164
leaf_count=50 65 1560 150 58 2732 3061 191 198 86 164 50 504 942 60 90 68 190 1060 88 64 70 148 53 51 510 80 84 452 573 164
internal_value=5.07917e-07 5.04069e-06 8.10883e-05 -2.73344e-06 -1.27796e-06 -6.65097e-06 -3.95204e-05 1.72577e-06 -1.27901e-05 -4.32149e-05 3.14214e-05 3.90285e-06 1.05009e-05 3.79859e-05 1.41274e-05 5.38176e-05 6.23184e-07 5.03916e-06 1.24148e-05 4.01706e-05 5.54009e-05 -2.97434e-06 8.08387e-05 0.000102876 -1.44118e-05 -3.07709e-05 -4.49165e-05 1.99306e-06 9.88048e-06 2.55847e-05
internal_weight=13616 6320 200 7296 7238 3317 256 6120 498 362 136 5622 3240 722 662 158 2518 2328 1386 326 262 2382 174 121 822 312 232 3921 1189 616
internal_count=13616 6320 200 7296 7238 3317 256 6120 498 362 136 5622 3240 722 662 158 2518 2328 1386 326 262 2382 174 121 822 312 232 3921 1189 616
is_linear=0
shrinkage=0.05


Tree=266
num_leaves=31
num_cat=0
split_feature=75 83 113 43 134 74 50 136 52 22 120 56 33 22 81 137 90 49 128 35 115 53 128 3 103 94 30 141 118 133
split_gain=7.91886e-05 0.000317861 0.00023053 8.20157e-05 0.000161246 0.000566362 8.6275e-05 5.77144e-05 5.7112e-05 0.000309201 0.000136125 0.000537414 6.02416e-05 5.97868e-05 7.44576e-05 6.61083e-05 4.7932e-05 4.63141e-05 5.14458e-05 5.10849e-05 4.87275e-05 3.50255e-05 3.01424e-05 5.68865e-05 0.000103802 4.2289e-05 0.000186454 0.00015618 3.00679e-05 5.05872e-05
threshold=12.950000000000001 30.650000000000002 1.2500000000000002 0.34250000000000008 6.4800000000000013 33.664285714285718 1015.5500000000001 0.16500000000000004 24.500000000000004 1.0000000180025095e-35 271.38745165000006 -1.5562447499999619 0.88592716626654056 9.5000000000000018 34.45000000000001 0.51500000000000012 24.045918367346946 995.1500000000002 10.920854457139438 268.39403140000007 8.2500000000000018 166.50000000000003 9.4838347729937542 0.037226010000000011 2877.2000000000003 7.5000000000000009 -1.8842857142857132 35.865000000000009 10.450000000000001 28.295000000000005
decision_type=2 2 2 2 2 2 2 2 2 2 8 2 2 2 2 2 2 2 2 2 2 2 2 2 2 2 2 2 10 2
left_child=1 2 8 4 5 7 -6 -2 12 -10 11 -11 22 14 -14 -16 -9 18 19 -8 -21 -12 23 -1 -25 -24 27 -27 -23 -30
right_child=3 -3 -4 -5 6 -7 17 16 9 10 21 -13 13 -15 15 -17 -18 -19 -20 20 -22 28 25 24 -26 26 -28 -29 29 -31
leaf_value=0 6.4211695929751359e-06 0.00010218832683930549 0.00010056534435907302 6.1368890405860211e-07 1.012403242071591e-06 -0.00019884135475946936 0 -4.9321492108128523e-05 9.6351299134024584e-05 0.00013689137731989832 2.9529202386806876e-06 0 0 0 0 -6.3441912045840494e-05 0 0 0 0 -5.4537365561626478e-05 0 0 -5.1033216847220807e-05 0 0 0 0.0001176051263256303 0 -3.2908816507048101e-05
leaf_weight=895 92 85 60 4417 1730 51 80 106 97 89 895 93 179 250 130 163 120 198 171 88 243 459 1787 164 86 146 285 72 126 259
leaf_count=895 92 85 60 4417 1730 51 80 106 97 89 895 93 179 250 130 163 120 198 171 88 243 459 1787 164 86 146 285 72 126 259
internal_value=4.6681e-07 4.86269e-06 2.71791e-06 -2.65596e-06 -9.40688e-06 -4.15924e-05 -2.6693e-06 -1.54998e-07 9.41451e-07 8.31703e-06 1.2225e-06 4.32932e-05 -1.43763e-06 -1.48388e-05 -2.55454e-05 -4.10247e-05 -2.48749e-05 -1.7228e-05 -2.44174e-05 -3.39976e-05 -4.265e-05 -3.29313e-07 0 -4.94319e-06 -2.60416e-05 4.54635e-06 1.74276e-05 5.31738e-05 -9.72642e-06 -2.00459e-05
internal_weight=13616 6320 6235 7296 2879 369 2510 318 6175 2018 1921 182 4157 722 472 293 226 780 582 411 331 1739 3435 1145 250 2290 503 218 844 385
internal_count=13616 6320 6235 7296 2879 369 2510 318 6175 2018 1921 182 4157 722 472 293 226 780 582 411 331 1739 3435 1145 250 2290 503 218 844 385
is_linear=0
shrinkage=0.05


Tree=267
num_leaves=31
num_cat=0
split_feature=13 51 36 46 72 82 2 90 19 24 43 128 22 93 49 85 36 34 69 128 104 32 4 105 104 28 80 2 42 21
split_gain=6.20283e-05 0.000357965 0.00066549 9.89097e-05 4.1223e-05 0.000131485 0.00102101 8.76645e-05 0.00023592 0.000444089 0.000185525 0.00167067 8.80311e-05 7.64087e-05 6.56068e-05 5.28972e-05 0.00014851 0.000151878 5.26351e-05 4.78682e-05 6.90591e-05 4.59098e-05 4.42366e-05 5.48062e-05 6.27856e-05 0.000110389 0.000210619 0.00011419 0.000106536 9.44202e-05
threshold=0.0039296913055555565 20.500000000000004 270.06592825000001 37.500000000000007 19.975000000000005 28.202000000000005 0.0012152840000000003 24.620408163265314 -0.0026385714285714268 46.45000000000001 0.32850000000000007 9.0640421076593753 1.0000000180025095e-35 267.21821860000006 968.75000000000011 279.85589890000006 271.53521665000005 -0.41372008917826603 291.94732065000011 11.212245957264988 0.45000000000000007 5.0500000000000007 0.0050513260000000009 19.500000000000004 0.25000000000000006 27.100000000000005 17.237500000000008 0.0027793680000000004 0.20500000000000004 0.39583333333333343
decision_type=2 2 2 2 2 2 2 2 2 2 2 2 2 2 2 2 2 2 2 2 2 2 2 2 2 2 2 2 2 2
left_child=4 3 -3 -2 5 15 -7 10 9 -9 11 -6 14 -10 -12 22 21 -18 -11 20 -15 -17 23 24 -1 -26 27 28 -27 -30
right_child=1 2 -4 -5 7 6 -8 8 13 18 12 -13 -14 19 -16 16 17 -19 -20 -21 -22 -23 -24 -25 25 26 -28 -29 29 -31
leaf_value=0 -5.103765952856664e-05 0 0.00022224693546534334 0 0.00021459300824369339 0 0.00023539449104749302 -0.00018214044163219762 5.1690620483270248e-06 -2.4652803386800604e-05 0 0 0 0 -6.7219228249184671e-05 0 0 -9.4497059675262561e-05 0 0 -3.9080958511377649e-05 4.4105901418380056e-05 -5.0182580547630805e-06 0 2.2796871154328922e-06 0 0 0 0 0.00012822964565663097
leaf_weight=572 94 78 54 54 99 315 52 55 1283 393 109 731 3843 118 92 59 65 95 169 100 293 58 1023 2187 1143 69 148 51 94 120
leaf_count=572 94 78 54 54 99 315 52 55 1283 393 109 731 3843 118 92 59 65 95 169 100 293 58 1023 2187 1143 69 148 51 94 120
internal_value=4.79452e-07 2.37275e-05 8.89762e-05 -1.11684e-06 0 3.03951e-06 3.23125e-05 -2.54376e-06 -1.04947e-05 -3.72053e-05 3.6503e-07 2.27036e-05 -2.98818e-06 0 -3.56132e-05 2.64574e-07 -1.95526e-05 -5.44627e-05 -1.38419e-05 -1.74952e-05 -2.59005e-05 0 2.20779e-06 5.03499e-06 1.0626e-05 1.5785e-05 3.73881e-05 5.98934e-05 7.23643e-05 9.03104e-05
internal_weight=13616 280 132 148 13336 6051 367 7285 2411 617 4874 830 4044 1794 201 5684 277 160 562 511 411 117 5407 4384 2197 1625 482 334 283 214
internal_count=13616 280 132 148 13336 6051 367 7285 2411 617 4874 830 4044 1794 201 5684 277 160 562 511 411 117 5407 4384 2197 1625 482 334 283 214
is_linear=0
shrinkage=0.05


Tree=268
num_leaves=31
num_cat=0
split_feature=75 96 113 96 138 114 137 123 8 49 25 103 110 51 138 91 89 88 36 139 44 11 54 43 43 75 29 33 51 81
split_gain=7.09714e-05 0.000355371 0.000199557 0.000174533 5.29709e-05 9.58995e-05 0.00015672 0.000498809 5.57687e-05 9.32893e-05 0.00011782 0.000110274 4.86566e-05 0.000274324 0.00106783 6.84515e-05 0.000145707 6.57063e-05 7.32674e-05 7.975e-05 5.42387e-05 3.72182e-05 0.00010028 0.000132777 9.70172e-05 3.83649e-05 5.0562e-05 3.18825e-05 3.02106e-05 0.000195025
threshold=12.950000000000001 50.937500000000007 1.2500000000000002 51.087500000000006 5.4800000000000013 29.250000000000004 0.065000000000000016 -0.60355339059327362 0.0082711227933754492 979.25000000000011 16.500000000000004 1702.95 17.050000000000004 292.50000000000006 4.4250000000000007 18.650000000000002 41.150000000000013 27.012500000000006 265.02046450000006 22.76078469041575 362.50000000000006 0.0022772157361111113 0.075000000000000025 0.37650000000000006 0.47250000000000003 14.750000000000002 40.900000000000006 0.17611893129211362 648.50000000000011 26.050000000000004
decision_type=2 2 2 2 2 2 2 2 2 2 2 2 2 2 2 2 2 2 2 2 2 2 2 2 2 2 2 2 2 2
left_child=1 2 12 4 5 6 7 -2 9 10 -7 -12 15 -14 -15 16 28 -17 -19 -20 -21 -6 23 -23 -25 -24 27 -27 -1 -30
right_child=3 -3 -4 -5 21 8 -8 -9 -10 -11 11 -13 13 14 -16 17 -18 18 19 20 -22 22 25 24 -26 26 -28 -29 29 -31
leaf_value=-1.0011406349463487e-06 -0.00018352730421962373 0.00013702223651307577 9.3952342282345409e-05 -8.9586076086931629e-05 0 0 -5.4533936286155138e-06 0 0 0 9.6601711584916864e-05 0 0 0.00021989664904342339 0 0 7.5102601416014605e-05 0 0 0 -5.7448858828138336e-05 0 -3.1608301421404878e-05 7.0614794727920203e-05 0 5.7657375825416937e-05 0 0 0 0.00010091609570831266
leaf_weight=2959 56 51 60 58 2732 64 2271 159 503 101 102 61 1320 71 166 687 66 83 174 130 254 378 95 186 51 61 367 51 245 54
leaf_count=2959 56 51 60 58 2732 64 2271 159 503 101 102 61 1320 71 166 687 66 83 174 130 254 378 95 186 51 61 367 51 245 54
internal_value=4.19159e-07 4.59809e-06 2.70165e-06 -2.51567e-06 -1.11497e-06 -6.19143e-06 -1.18399e-05 -5.58133e-05 4.69064e-06 2.18955e-05 4.14089e-05 6.4652e-05 9.99721e-07 8.99828e-06 5.84089e-05 -6.04137e-07 2.0253e-06 -1.09444e-05 -2.2446e-05 -3.01048e-05 -4.28224e-05 1.90513e-06 9.49482e-06 2.41068e-05 5.38408e-05 0 0 3.34459e-05 0 1.5552e-05
internal_weight=13616 6320 6269 7296 7238 3317 2486 215 831 328 227 163 6209 1557 237 4652 3324 1328 641 558 384 3921 1189 615 237 574 479 112 3258 299
internal_count=13616 6320 6269 7296 7238 3317 2486 215 831 328 227 163 6209 1557 237 4652 3324 1328 641 558 384 3921 1189 615 237 574 479 112 3258 299
is_linear=0
shrinkage=0.05


Tree=269
num_leaves=31
num_cat=0
split_feature=13 51 36 43 74 128 6 89 133 100 88 50 131 50 50 103 103 89 110 30 55 1 93 81 110 100 114 43 43 133
split_gain=5.43994e-05 0.000318836 0.000599067 4.24808e-05 4.21766e-05 0.000289438 0.000811652 0.000162267 9.99948e-05 0.000525294 7.7603e-05 2.71736e-05 8.7807e-05 5.35479e-05 5.08137e-05 9.02419e-05 0.000100386 0.000170304 0.00014787 0.000268353 0.000103544 6.44096e-05 0.000222992 0.000130731 0.000100623 9.26315e-05 4.68079e-05 3.23216e-05 4.86189e-05 0.000109457
threshold=0.0039296913055555565 20.500000000000004 270.06592825000001 0.33750000000000008 34.092857142857149 8.922324908399462 0.0018930555555555558 55.20000000000001 87.64500000000001 -0.900000000000034 49.737500000000004 1002.6500000000002 142.6295946002578 995.75000000000011 1015.2500000000001 1481.4000000000003 733.6500000000002 44.150000000000013 28.750000000000004 -1.8385714285714283 12.680463250000033 0.17872189800000002 273.60347820000004 20.050000000000004 22.950000000000003 3.4500000000000459 14.050000000000002 0.23750000000000002 0.37150000000000005 48.760000000000012
decision_type=2 2 2 2 2 2 2 2 2 2 2 2 2 2 2 2 2 2 2 2 2 2 2 2 2 2 2 2 2 2
left_child=4 3 -3 -2 7 6 -6 8 10 -10 11 12 13 -1 15 16 -13 18 19 20 -18 -16 23 -23 26 -24 -25 -15 29 -29
right_child=1 2 -4 -5 5 -7 -8 -9 9 -11 -12 14 -14 27 21 -17 17 -19 -20 -21 -22 22 25 24 -26 -27 -28 28 -30 -31
leaf_value=0 0 0 0.00021030275272377447 -3.5988120416732272e-05 0 0 -0.00023644416425133171 7.6234917071136372e-05 0.00014940386549200672 0 -5.6042063072034638e-05 0 2.3001820745554393e-06 0 2.5104818074133782e-07 0 0.0002080743129449224 0 0 0 0 0 0 0 0 7.449328585416165e-05 -8.0569785187478953e-05 0 0 -6.8731886720557037e-05
leaf_weight=280 67 78 54 81 73 1011 50 70 69 112 61 198 676 57 7180 1577 53 255 207 126 50 93 89 77 80 50 209 103 344 186
leaf_count=280 67 78 54 81 73 1011 50 70 69 112 61 198 676 57 7180 1577 53 255 207 126 50 93 89 77 80 50 209 103 344 186
internal_value=3.57715e-07 2.214e-05 8.3838e-05 0 0 -9.31451e-06 -8.14223e-05 7.55685e-07 0 3.70083e-05 -2.4486e-07 0 -5.9139e-06 -1.67841e-05 1.00422e-06 7.42964e-06 2.01618e-05 2.97569e-05 4.87488e-05 7.82466e-05 0.00014139 -3.90887e-07 -1.64332e-05 -3.81019e-05 -5.20594e-05 1.91671e-05 -6.58949e-05 -2.42815e-05 -2.77498e-05 -4.58543e-05
internal_weight=13616 280 132 148 13336 1134 123 12202 12132 181 11951 11890 1646 970 10244 2466 889 691 436 229 103 7778 598 459 366 139 286 690 633 289
internal_count=13616 280 132 148 13336 1134 123 12202 12132 181 11951 11890 1646 970 10244 2466 889 691 436 229 103 7778 598 459 366 139 286 690 633 289
is_linear=0
shrinkage=0.05


Tree=270
num_leaves=31
num_cat=0
split_feature=85 138 96 81 43 123 131 0 93 6 1 92 91 14 85 36 131 4 33 129 35 49 3 24 142 161 89 22 82 93
split_gain=7.80047e-05 0.00111867 9.23668e-05 5.35443e-05 7.15059e-05 4.65265e-05 0.000146853 0.000515867 0.000290025 0.000425172 5.7799e-05 5.02712e-05 0.000506101 0.00014054 0.000125386 0.000110539 9.06017e-05 8.42392e-05 7.07491e-05 0.000122948 9.3215e-05 9.50541e-05 0.000129386 5.59103e-05 5.7198e-05 4.92283e-05 3.48335e-05 4.58529e-05 7.41843e-05 6.74241e-05
threshold=279.10299155000007 3.9100000000000006 51.087500000000006 45.750000000000007 0.34450000000000003 -0.60355339059327362 34.954889260841185 0.0073000000000000009 270.03914805000005 0.010089583333333334 0.29207440000000007 11.250000000000002 14.450000000000001 0.061309237500000009 269.08825340000004 266.41005475000003 142.6295946002578 0.0050513260000000009 0.71454547759145937 1.5000000000000002 294.95086395000004 990.85000000000002 0.012452736000000001 47.550000000000004 770.81801048703539 0.27551020408163268 46.650000000000013 7.5000000000000009 37.272000000000013 273.01871655000008
decision_type=2 2 2 2 2 2 2 2 2 2 2 2 2 2 2 2 2 2 2 2 2 2 2 2 2 2 2 2 2 2
left_child=2 -2 5 -3 -5 6 7 -1 9 -9 -8 13 -13 26 16 -15 17 23 19 -16 21 22 -21 24 -14 -12 -7 28 29 -28
right_child=1 3 -4 4 -6 11 10 8 -10 -11 25 12 14 15 18 -17 -18 -19 -20 20 -22 -23 -24 -25 -26 -27 27 -29 -30 -31
leaf_value=0 0.000187671221830377 0 -5.5476783214456752e-05 0 -6.1745494752291801e-05 1.3412236181083506e-06 0 -0.00026199093749220575 0 0 0 0.00015193297902321018 -6.990564471676148e-05 0 0 -9.0727802507810883e-05 0 0 0 7.9127416168192653e-06 0 0 9.9042865943554077e-05 0 0 -7.2461646598051573e-05 -4.9097322374922263e-05 0 0 0
leaf_weight=337 83 520 82 57 81 6088 3085 51 55 59 91 59 174 65 189 76 176 83 730 267 64 94 146 104 90 50 225 399 61 70
leaf_count=337 83 520 82 57 81 6088 3085 51 55 59 91 59 174 65 189 76 176 83 730 267 64 94 146 104 90 50 225 399 61 70
internal_value=-3.97772e-07 1.47684e-05 -1.65079e-06 0 -3.10327e-05 -9.16115e-07 -5.78202e-06 -3.12618e-05 -0.000103588 -0.000150264 -2.59213e-07 5.18869e-07 7.4864e-06 -9.36941e-07 1.03017e-06 -5.01745e-05 -1.4679e-05 -2.82929e-05 1.09995e-05 2.16673e-05 3.40875e-05 4.20366e-05 5.23669e-05 -3.93862e-05 -5.18414e-05 -3.19236e-05 0 -1.0035e-05 -2.3116e-05 -3.56514e-05
internal_weight=13711 741 12970 658 138 12888 3728 502 165 110 3226 9160 2176 6984 2117 141 627 451 1490 760 571 507 413 368 264 141 6843 755 356 295
internal_count=13711 741 12970 658 138 12888 3728 502 165 110 3226 9160 2176 6984 2117 141 627 451 1490 760 571 507 413 368 264 141 6843 755 356 295
is_linear=0
shrinkage=0.05


Tree=271
num_leaves=31
num_cat=0
split_feature=114 83 32 120 2 74 0 99 103 31 41 120 137 69 131 67 134 113 2 49 131 92 135 47 14 29 104 93 2 104
split_gain=5.13876e-05 0.000149669 0.000642309 4.14733e-05 6.75425e-05 0.00010156 6.4374e-05 1.87082e-05 0.000107633 0.00021149 0.000312632 8.14332e-05 0.000270001 0.000134961 0.000637737 0.000122232 0.000103826 9.52379e-05 0.000127862 0.000153101 8.09133e-05 7.48899e-05 0.000141749 0.000184362 0.000100187 9.14915e-05 7.17855e-05 6.64865e-05 7.24333e-05 5.64888e-05
threshold=46.550000000000004 35.050000000000004 12.450000000000001 287.08699495000002 0.00015132950000000005 21.464285714285719 0.045450000000000011 0.64999999999997737 871.1500000000002 11.950000000000001 46.500000000000007 266.28082010000008 1.0000000180025095e-35 289.77750380000003 57.257815097269223 13.850000000000003 15.030000000000001 1.0000000180025095e-35 4.4800000000000005e-05 994.55000000000007 32.740037769087287 8.2500000000000018 4.9500000000000011 78.500000000000014 0.061309237500000009 47.300000000000004 7.3500000000000014 264.45166445000007 0.00015132950000000005 0.35000000000000009
decision_type=2 2 2 10 2 2 2 2 2 2 2 10 2 2 2 2 2 2 2 2 2 2 2 2 2 2 2 2 2 2
left_child=1 3 -3 7 -5 6 -6 8 9 -1 -11 13 -13 27 -15 16 17 18 19 26 -17 24 23 -23 -9 -24 29 28 -10 -14
right_child=-2 2 -4 4 5 -7 -8 21 11 10 -12 12 15 14 -16 20 -18 -19 -20 -21 -22 22 25 -25 -26 -27 -28 -29 -30 -31
leaf_value=0 -3.6658861275395553e-05 0.00019681566103969873 0 0 0 0 -9.6685957297095977e-05 9.8939338626220619e-07 -3.4500992488849485e-05 0.00014665124940386575 0 -0.00010118415935208116 0 0.00019282458404911896 0 4.8904060359508222e-05 0 0 0 0 0 0 0 0.00013828731521951137 -4.9834512092550572e-05 5.8944191015060902e-05 0 1.6479740793069652e-06 0 -8.2547541983258221e-05
leaf_weight=212 96 50 52 805 60 50 73 4701 285 69 105 84 156 51 79 87 431 302 414 120 1453 52 657 53 98 65 71 2528 172 280
leaf_count=212 96 50 52 805 60 50 73 4701 285 69 105 84 156 51 79 87 431 302 414 120 1453 52 657 53 98 65 71 2528 172 280
internal_value=-3.70927e-07 0 5.99177e-05 -5.6991e-07 -1.04534e-05 -3.87949e-05 -6.29398e-05 0 -1.52406e-06 2.24562e-05 6.43154e-05 -3.71608e-06 -9.26632e-06 7.3481e-07 5.08767e-05 -5.39836e-06 -1.48989e-05 -2.2052e-05 -2.92528e-05 -4.39188e-05 2.30369e-06 2.33743e-06 1.62249e-05 7.34435e-05 0 8.9791e-07 -5.60174e-05 0 -1.86526e-05 -6.37059e-05
internal_weight=13711 13615 102 13513 988 183 133 12525 6899 386 174 6513 3398 3115 130 3314 1774 1343 1041 627 1540 5626 827 105 4799 722 507 2985 457 436
internal_count=13711 13615 102 13513 988 183 133 12525 6899 386 174 6513 3398 3115 130 3314 1774 1343 1041 627 1540 5626 827 105 4799 722 507 2985 457 436
is_linear=0
shrinkage=0.05


Tree=272
num_leaves=31
num_cat=0
split_feature=44 42 94 25 87 33 77 137 93 134 43 111 93 133 93 15 84 29 128 9 135 115 83 23 96 61 14 11 131 4
split_gain=4.66324e-05 0.000119901 0.000338363 9.71407e-05 0.000300569 8.31492e-05 8.30943e-05 0.000112782 0.000119369 9.31858e-05 7.6028e-05 7.53906e-05 8.53735e-05 0.000349198 0.000344475 7.17146e-05 0.000125912 0.000115158 6.00468e-05 6.58204e-05 5.29681e-05 5.90544e-05 9.89804e-05 4.42993e-05 4.40399e-05 5.90735e-05 8.81305e-05 7.23058e-05 0.00010216 8.62816e-05
threshold=902.50000000000011 0.84500000000000008 15.500000000000002 15.500000000000002 4.5000000000000009 0.6983904015025062 275.56347975000006 0.55500000000000016 265.60351090000006 16.550000000000004 0.38150000000000006 7.2500000000000009 267.48674725000006 87.64500000000001 267.55186215000009 0.00021875000000000006 8.0500000000000025 28.450000000000003 9.8206221143368442 0.66729166666666673 72.52000000000001 9.4500000000000011 8.9500000000000011 24.525000000000002 25.612500000000004 100.15000000000002 0.023887960000000003 0.00042958266666666672 208.09695968711017 0.010293475500000001
decision_type=2 2 2 2 2 2 2 2 2 2 2 2 2 2 2 2 2 2 2 2 2 2 2 2 2 2 2 2 2 2
left_child=1 3 -3 4 10 23 -7 -8 -9 -10 -1 18 13 -13 -14 -12 -17 -18 19 -2 21 22 -21 -5 -25 -26 27 -27 29 -29
right_child=11 2 -4 5 -6 6 7 8 9 -11 15 12 14 -15 -16 16 17 -19 -20 20 -22 -23 -24 24 25 26 -28 28 -30 -31
leaf_value=0 0 0.00014511712907018851 0 -6.795203437013402e-06 0.00012991742577233472 0 0 0 -5.6856395054409161e-05 0 0 0 -0.00014326129030843161 0.00011771825815958437 -4.4205861470390214e-07 0 0.00011043198100580128 0 0 0 0 0 -8.4478769854810651e-05 0 0 0 0 7.8047231322140079e-05 0 0
leaf_weight=1585 513 55 66 881 53 321 391 91 393 58 171 4518 50 64 813 380 82 51 1149 68 73 73 155 926 145 85 156 196 92 57
leaf_count=1585 513 55 66 881 53 321 391 91 393 58 171 4518 50 64 813 380 82 51 1149 68 73 73 155 926 145 85 156 196 92 57
internal_value=-3.60424e-07 2.39249e-06 5.22757e-05 5.79219e-07 9.28319e-06 -3.43341e-06 -1.41867e-05 -2.22002e-05 -3.69728e-05 -4.79837e-05 4.20674e-06 -3.32509e-06 0 2.46064e-06 -1.46599e-05 1.83335e-05 2.82267e-05 7.35206e-05 -1.15515e-05 -2.18421e-05 -3.97904e-05 -4.91761e-05 -6.2173e-05 0 6.49868e-06 1.56866e-05 2.36314e-05 3.56619e-05 4.58981e-05 6.22509e-05
internal_weight=13711 6235 121 6114 2322 3792 1254 933 542 451 2269 7476 5445 4582 863 684 513 133 2031 882 369 296 223 2538 1657 731 586 430 345 253
internal_count=13711 6235 121 6114 2322 3792 1254 933 542 451 2269 7476 5445 4582 863 684 513 133 2031 882 369 296 223 2538 1657 731 586 430 345 253
is_linear=0
shrinkage=0.05


Tree=273
num_leaves=31
num_cat=0
split_feature=85 138 96 89 69 123 133 133 107 22 111 120 93 85 104 137 8 84 128 117 0 133 128 96 156 136 43 21 137 94
split_gain=6.159e-05 0.00100157 9.04227e-05 5.21279e-05 6.58994e-05 4.00939e-05 0.000486614 0.000225086 0.00159396 0.000149805 0.000167621 0.000129337 4.00569e-05 0.000160854 8.46211e-05 5.27343e-05 7.27234e-05 6.41766e-05 0.000114817 0.00014531 8.69619e-05 6.07144e-05 9.64043e-05 0.000123104 7.40593e-05 6.8974e-05 3.65287e-05 3.48591e-05 3.46321e-05 3.33175e-05
threshold=279.10299155000007 3.9100000000000006 51.087500000000006 45.750000000000007 280.77926265000002 -0.60355339059327362 88.200000000000003 88.200000000000003 6.9500000000000011 1.5000000000000002 11.15 269.59989795000007 264.72008965000003 264.82753525000004 8.2500000000000018 0.62500000000000011 0.0090637513184724586 7.450000000000002 9.3634905477890324 1.0000000180025095e-35 0.24405000000000002 55.255000000000003 8.948520956939932 26.687500000000004 0.38000000000000006 1.1900000000000002 0.34450000000000003 0.47916666666666669 4.660000000000001 26.500000000000004
decision_type=2 2 2 2 2 2 2 2 2 2 2 10 2 2 2 2 2 2 2 2 2 2 2 2 2 2 2 2 2 2
left_child=2 -2 5 -3 -5 6 9 12 -9 10 11 -1 14 -14 28 16 -15 20 19 -19 26 -18 -23 -24 25 -25 -17 -28 29 -7
right_child=1 3 -4 4 -6 7 -8 8 -10 -11 -12 -13 13 15 -16 17 21 18 -20 -21 -22 22 23 24 -26 -27 27 -29 -30 -31
leaf_value=0 0.00017695134059717281 0 -5.4627618929848119e-05 0 -4.8205494815736918e-05 -2.7308214590516953e-05 -0.00015579844204088053 -3.1083568945810515e-05 0.00029085098559318009 0 0 -8.8818609224958244e-05 6.6597536125061053e-05 0 0 -8.2688672803478676e-06 0 0.00010437543517852007 0 0 6.404727390272112e-05 0 0 -9.0999662508728068e-05 0 0 1.1275173040881343e-05 0 0 0
leaf_weight=68 83 481 82 51 126 619 53 68 52 3341 124 142 94 1459 1825 1105 415 80 457 50 52 105 143 156 70 50 808 1385 67 100
leaf_count=68 83 481 82 51 126 619 53 68 52 3341 124 142 94 1459 1825 1105 415 80 457 50 52 105 143 156 70 50 808 1385 67 100
internal_value=-3.52423e-07 1.30478e-05 -1.50442e-06 -2.76897e-07 -2.70632e-05 -7.74286e-07 -5.31646e-06 5.28906e-07 6.83499e-05 -1.74428e-06 -3.39313e-05 -6.17573e-05 0 1.72851e-06 -5.56636e-06 0 -5.00762e-06 4.26633e-06 1.98684e-05 6.29527e-05 3.527e-08 -1.6044e-05 -2.73862e-05 -3.8876e-05 -5.83319e-05 -7.38085e-05 0 2.67505e-06 -1.92781e-05 -2.29451e-05
internal_weight=13711 741 12970 658 177 12888 3728 9160 120 3675 334 210 9040 6429 2611 6335 2398 3937 587 130 3350 939 524 419 276 206 3298 2193 786 719
internal_count=13711 741 12970 658 177 12888 3728 9160 120 3675 334 210 9040 6429 2611 6335 2398 3937 587 130 3350 939 524 419 276 206 3298 2193 786 719
is_linear=0
shrinkage=0.05


end of trees

feature_importances:
pct_forest=286
cumul_gust_since_onset=205
gust_max_next_24h=187
soil_moist_t=184
gust_peak4h_mean_next_24h=184
total_tp_next_48h=165
total_tp_next_24h=161
osi_trend_last6h=155
min_t2m_next_24h=152
pop_density=152
pct_wetland=148
last_N_t=147
last_P_t=144
t2m_at_t48h=139
wind_speed_max_next_24h=137
min_t2m_next_48h=130
pct_unmapped=130
log_customers=129
last_osi=123
pct_water=118
sp_t=116
hours_since_peak=115
gust_last_obs=110
gust_peak4h_mean_next_48h=108
mslma_t=107
gust_max_next_48h=107
tree_canopy_std=105
cumul_tp_since_onset=103
gust_mean_next_48h=96
wind_speed_max_next_48h=92
t2m_at_t24h=91
pre_event_mean_osi=90
t2m_at_t6h=90
frac_zero_72h=89
wind_speed_max_next_6h=89
gust_mean_next_24h=88
gust_gt30_since_onset=85
R_t_max_72h=83
gust_at_t24h=82
last_R_t=78
min_t2m_next_6h=78
hours_since_obs=78
pct_developed=77
gust_max_next_6h=76
tree_canopy_pct=76
d2m_t=75
gust_at_t48h=75
pct_forest_classified=75
pressure_change_6h=74
gust_trend_last6h_obs=70
gust_x_hso=70
N_t_max_72h=67
N_t_mean_72h=66
gust_max_last6h_obs=65
osi_mean_72h=61
blh_t=59
R_t_mean_72h=54
last_D_t=52
pre_event_max_outage_pct=52
wind_sin_t=52
forest_x_customers=52
gust_gt30_next_48h=50
gust_mean_obs=49
r2_t=49
gust_mean_next_6h=48
gust_gt30_next_24h=48
rural_urban_code=48
t2m_at_t1h=47
wind_speed_at_t48h=47
pct_agriculture=45
wind_speed_at_t24h=41
vpd_t=40
hour_sin=39
tp_rate_next_24h=39
gust_peak4h_mean_next_6h=38
storm_onset_mean_osi=37
gust_max_obs=37
hour_of_day=37
min_t2m_next_1h=35
wind_cos_t=34
t2m_t=34
diffuse_rad_t=34
temp_change_6h=33
total_tp_next_6h=32
osi_max_72h=31
tp_rate_next_48h=31
osi_std_72h=30
tp_at_t24h=29
outage_pct_mean_72h=28
wind_speed_at_t6h=27
outage_pct_max_72h=25
gust_gt30_obs=25
lcc_t=25
mcc_t=25
pressure_change_3h=25
gust_at_t6h=23
tp_at_t6h=22
direct_rad_t=21
dewpoint_c_t=21
soil_moist_x_gust=20
soil_gust_x_phase=19
n_utilities=19
last_outage_pct=18
et0_t=18
wind_speed_max_next_1h=17
storm_onset_max_osi=16
wind_speed_t=16
gust_x_phase=16
wind_speed_at_t1h=15
gust_gt30_frac_next_48h=15
cumul_gust_obs=14
gust_t=14
sdswrf_t=14
gust_mean_next_1h=14
gust_gt40_next_24h=14
gust_max_next_1h=13
gust_gt40_obs=11
hour_cos=10
gust_gt30_frac_next_24h=9
gust_gt40_next_48h=8
gust_at_t1h=8
tp_at_t48h=8
hcc_t=7
temp_c_t=7
gust_change_3h=7
tp_rate_next_6h=6
rain_t=5
sdwe_t=4
days_since_onset=4
tcc_t=3
gust_gt30_next_6h=3
tp_at_t1h=3
csnow_t=2
total_tp_next_1h=2
gust_peak4h_mean_next_1h=2
is_metro=2
tp_rate_next_1h=2
gust_exceed30_x_hso=1
gust_change_1h=1

parameters:
[boosting: gbdt]
[objective: huber]
[metric: rmse]
[tree_learner: serial]
[device_type: cpu]
[data_sample_strategy: bagging]
[data: ]
[valid: ]
[num_iterations: 274]
[learning_rate: 0.05]
[num_leaves: 31]
[num_threads: 1]
[seed: 42]
[deterministic: 1]
[force_col_wise: 1]
[force_row_wise: 0]
[histogram_pool_size: -1]
[max_depth: -1]
[min_data_in_leaf: 50]
[min_sum_hessian_in_leaf: 0.001]
[bagging_fraction: 0.8]
[pos_bagging_fraction: 1]
[neg_bagging_fraction: 1]
[bagging_freq: 5]
[bagging_seed: 42]
[bagging_by_query: 0]
[feature_fraction: 0.8]
[feature_fraction_bynode: 1]
[feature_fraction_seed: 42]
[extra_trees: 0]
[extra_seed: 12879]
[early_stopping_round: 0]
[early_stopping_min_delta: 0]
[first_metric_only: 0]
[max_delta_step: 0]
[lambda_l1: 0.1]
[lambda_l2: 1]
[linear_lambda: 0]
[min_gain_to_split: 0]
[drop_rate: 0.1]
[max_drop: 50]
[skip_drop: 0.5]
[xgboost_dart_mode: 0]
[uniform_drop: 0]
[drop_seed: 42]
[top_rate: 0.2]
[other_rate: 0.1]
[min_data_per_group: 100]
[max_cat_threshold: 32]
[cat_l2: 10]
[cat_smooth: 10]
[max_cat_to_onehot: 4]
[top_k: 20]
[monotone_constraints: ]
[monotone_constraints_method: basic]
[monotone_penalty: 0]
[feature_contri: ]
[forcedsplits_filename: ]
[refit_decay_rate: 0.9]
[cegb_tradeoff: 1]
[cegb_penalty_split: 0]
[cegb_penalty_feature_lazy: ]
[cegb_penalty_feature_coupled: ]
[path_smooth: 0]
[interaction_constraints: ]
[verbosity: -1]
[saved_feature_importance_type: 0]
[use_quantized_grad: 0]
[num_grad_quant_bins: 4]
[quant_train_renew_leaf: 0]
[stochastic_rounding: 1]
[linear_tree: 0]
[max_bin: 255]
[max_bin_by_feature: ]
[min_data_in_bin: 3]
[bin_construct_sample_cnt: 200000]
[data_random_seed: 42]
[is_enable_sparse: 1]
[enable_bundle: 1]
[use_missing: 1]
[zero_as_missing: 0]
[feature_pre_filter: 1]
[pre_partition: 0]
[two_round: 0]
[header: 0]
[label_column: ]
[weight_column: ]
[group_column: ]
[ignore_column: ]
[categorical_feature: ]
[forcedbins_filename: ]
[precise_float_parser: 0]
[parser_config_file: ]
[objective_seed: 16083]
[num_class: 1]
[is_unbalance: 0]
[scale_pos_weight: 1]
[sigmoid: 1]
[boost_from_average: 1]
[reg_sqrt: 0]
[alpha: 0.9]
[fair_c: 1]
[poisson_max_delta_step: 0.7]
[tweedie_variance_power: 1.5]
[lambdarank_truncation_level: 30]
[lambdarank_norm: 1]
[label_gain: ]
[lambdarank_position_bias_regularization: 0]
[eval_at: ]
[multi_error_top_k: 1]
[auc_mu_weights: ]
[num_machines: 1]
[local_listen_port: 12400]
[time_out: 120]
[machine_list_filename: ]
[machines: ]
[gpu_platform_id: -1]
[gpu_device_id: -1]
[gpu_device_id_list: ]
[gpu_use_dp: 0]
[num_gpu: 1]

end of parameters

pandas_categorical:[]
